Date,Open,High,Low,Close,Adj Close,Volume
2009-09-09,1.350000023841858,1.4299999475479126,1.3200000524520874,1.3600000143051147,1.216864824295044,81318000
2009-09-10,1.3600000143051147,1.3600000143051147,1.2999999523162842,1.2999999523162842,1.1631795167922974,9520000
2009-09-11,1.2999999523162842,1.4500000476837158,1.2999999523162842,1.4199999570846558,1.270550012588501,31888000
2009-09-14,1.399999976158142,1.5499999523162842,1.3899999856948853,1.399999976158142,1.252654790878296,23704000
2009-09-15,1.4199999570846558,1.4299999475479126,1.350000023841858,1.3700000047683716,1.225812315940857,3730000
2009-09-16,1.3600000143051147,1.3600000143051147,1.309999942779541,1.3200000524520874,1.181074619293213,7192000
2009-09-17,1.3300000429153442,1.399999976158142,1.3200000524520874,1.3200000524520874,1.181074619293213,3924000
2009-09-18,1.3300000429153442,1.350000023841858,1.3200000524520874,1.3200000524520874,1.181074619293213,1102000
2009-09-21,1.309999942779541,1.3600000143051147,1.2899999618530273,1.309999942779541,1.1721271276474,2908000
2009-09-22,1.2999999523162842,1.309999942779541,1.2899999618530273,1.2899999618530273,1.1542320251464844,3212000
2009-09-23,1.2899999618530273,1.3300000429153442,1.2899999618530273,1.2899999618530273,1.1542320251464844,1882000
2009-09-24,1.2899999618530273,1.309999942779541,1.2899999618530273,1.2899999618530273,1.1542320251464844,3616000
2009-09-25,1.2899999618530273,1.309999942779541,1.2899999618530273,1.2999999523162842,1.1631795167922974,956000
2009-09-28,1.2899999618530273,1.309999942779541,1.2899999618530273,1.2899999618530273,1.1542320251464844,1678000
2009-09-29,1.2899999618530273,1.309999942779541,1.2899999618530273,1.2899999618530273,1.1542320251464844,1738000
2009-09-30,1.2899999618530273,1.2899999618530273,1.1299999952316284,1.1699999570846558,1.0468616485595703,17612000
2009-10-02,1.1299999952316284,1.1299999952316284,1.0399999618530273,1.0399999618530273,0.9305436015129089,950000
2009-10-05,1.0499999523162842,1.1799999475479126,1.0499999523162842,1.100000023841858,0.9842289090156555,1110000
2009-10-06,1.149999976158142,1.149999976158142,1.1200000047683716,1.1399999856948853,1.0200191736221313,264000
2009-10-07,1.1399999856948853,1.1399999856948853,1.100000023841858,1.1100000143051147,0.9931763410568237,386000
2009-10-08,1.100000023841858,1.1299999952316284,1.100000023841858,1.1200000047683716,1.0021239519119263,398000
2009-10-09,1.100000023841858,1.100000023841858,1.059999942779541,1.100000023841858,0.9842289090156555,1408000
2009-10-12,1.100000023841858,1.1200000047683716,1.059999942779541,1.100000023841858,0.9842289090156555,434000
2009-10-13,1.1399999856948853,1.1699999570846558,1.1200000047683716,1.159999966621399,1.0379140377044678,2134000
2009-10-14,1.1699999570846558,1.25,1.1699999570846558,1.2200000286102295,1.0915993452072144,2084000
2009-10-15,1.2200000286102295,1.3300000429153442,1.2200000286102295,1.2799999713897705,1.1452845335006714,3168000
2009-10-16,1.2799999713897705,1.2899999618530273,1.25,1.2699999809265137,1.1363369226455688,666000
2009-10-19,1.2999999523162842,1.2999999523162842,1.2699999809265137,1.2799999713897705,1.1452845335006714,1046000
2009-10-20,1.2599999904632568,1.2599999904632568,1.2200000286102295,1.25,1.1184420585632324,538000
2009-10-21,1.2699999809265137,1.2799999713897705,1.25,1.2599999904632568,1.1273894309997559,174000
2009-10-22,1.2599999904632568,1.2599999904632568,1.2300000190734863,1.2599999904632568,1.1273894309997559,578000
2009-10-23,1.2899999618530273,1.2899999618530273,1.2599999904632568,1.2699999809265137,1.1363369226455688,1164000
2009-10-27,1.2100000381469727,1.2200000286102295,1.2000000476837158,1.2200000286102295,1.0915993452072144,14000
2009-10-28,1.2200000286102295,1.2599999904632568,1.2200000286102295,1.25,1.1184420585632324,454000
2009-10-29,1.25,1.25,1.2000000476837158,1.25,1.1184420585632324,544000
2009-10-30,1.2599999904632568,1.2599999904632568,1.2400000095367432,1.25,1.1184420585632324,1044000
2009-11-02,1.25,1.2999999523162842,1.25,1.2899999618530273,1.1542320251464844,388000
2009-11-03,1.2899999618530273,1.3300000429153442,1.2899999618530273,1.309999942779541,1.1721271276474,1106000
2009-11-04,1.3300000429153442,1.350000023841858,1.2899999618530273,1.2899999618530273,1.1542320251464844,362000
2009-11-05,1.2899999618530273,1.309999942779541,1.2799999713897705,1.2799999713897705,1.1452845335006714,392000
2009-11-06,1.25,1.2899999618530273,1.25,1.2899999618530273,1.1542320251464844,46000
2009-11-09,1.2799999713897705,1.2899999618530273,1.2699999809265137,1.2799999713897705,1.1452845335006714,278000
2009-11-10,1.2799999713897705,1.3200000524520874,1.25,1.2699999809265137,1.1363369226455688,628000
2009-11-11,1.2699999809265137,1.2999999523162842,1.2699999809265137,1.2799999713897705,1.1452845335006714,170000
2009-11-12,1.2999999523162842,1.3200000524520874,1.2999999523162842,1.309999942779541,1.1721271276474,604000
2009-11-13,1.3300000429153442,1.399999976158142,1.2999999523162842,1.2999999523162842,1.1631795167922974,1220000
2009-11-16,1.3300000429153442,1.3300000429153442,1.2899999618530273,1.2999999523162842,1.1631795167922974,154000
2009-11-17,1.2999999523162842,1.3300000429153442,1.2999999523162842,1.3200000524520874,1.181074619293213,284000
2009-11-18,1.2899999618530273,1.3200000524520874,1.2899999618530273,1.2899999618530273,1.1542320251464844,474000
2009-11-19,1.2999999523162842,1.3300000429153442,1.2899999618530273,1.3300000429153442,1.1900222301483154,4166000
2009-11-20,1.340000033378601,1.3600000143051147,1.340000033378601,1.3600000143051147,1.216864824295044,1096000
2009-11-23,1.309999942779541,1.3600000143051147,1.309999942779541,1.340000033378601,1.1989697217941284,3188000
2009-11-24,1.340000033378601,1.340000033378601,1.309999942779541,1.309999942779541,1.1721271276474,610000
2009-11-25,1.2799999713897705,1.2999999523162842,1.2400000095367432,1.2999999523162842,1.1631795167922974,502000
2009-11-26,1.2999999523162842,1.2999999523162842,1.2000000476837158,1.2899999618530273,1.1542320251464844,242000
2009-11-27,1.2400000095367432,1.25,1.2000000476837158,1.25,1.1184420585632324,412000
2009-11-30,1.2000000476837158,1.2100000381469727,1.2000000476837158,1.2100000381469727,1.0826517343521118,34000
2009-12-01,1.2100000381469727,1.25,1.2100000381469727,1.25,1.1184420585632324,190000
2009-12-02,1.25,1.2799999713897705,1.25,1.2799999713897705,1.1452845335006714,22000
2009-12-03,1.2799999713897705,1.2899999618530273,1.2799999713897705,1.2899999618530273,1.1542320251464844,52000
2009-12-04,1.25,1.2599999904632568,1.25,1.2599999904632568,1.1273894309997559,100000
2009-12-07,1.2599999904632568,1.2799999713897705,1.2599999904632568,1.2799999713897705,1.1452845335006714,4000
2009-12-08,1.2899999618530273,1.2899999618530273,1.2100000381469727,1.2799999713897705,1.1452845335006714,42000
2009-12-09,1.2300000190734863,1.2599999904632568,1.2100000381469727,1.2599999904632568,1.1273894309997559,446000
2009-12-10,1.2300000190734863,1.2999999523162842,1.2300000190734863,1.25,1.1184420585632324,468000
2009-12-11,1.2200000286102295,1.25,1.2200000286102295,1.25,1.1184420585632324,60000
2009-12-14,1.2899999618530273,1.2899999618530273,1.25,1.25,1.1184420585632324,6000
2009-12-15,1.2899999618530273,1.2999999523162842,1.2799999713897705,1.2999999523162842,1.1631795167922974,574000
2009-12-16,1.2899999618530273,1.2899999618530273,1.25,1.2599999904632568,1.1273894309997559,102000
2009-12-17,1.2200000286102295,1.2300000190734863,1.2200000286102295,1.2300000190734863,1.100546956062317,22000
2009-12-18,1.25,1.2899999618530273,1.25,1.2899999618530273,1.1542320251464844,748000
2009-12-21,1.2999999523162842,1.2999999523162842,1.2899999618530273,1.2899999618530273,1.1542320251464844,358000
2009-12-22,1.2200000286102295,1.2699999809265137,1.2200000286102295,1.2699999809265137,1.1363369226455688,14000
2009-12-23,1.2899999618530273,1.2999999523162842,1.2899999618530273,1.2999999523162842,1.1631795167922974,502000
2009-12-24,1.2999999523162842,1.2999999523162842,1.2999999523162842,1.2999999523162842,1.1631795167922974,0
2009-12-28,1.2999999523162842,1.2999999523162842,1.2999999523162842,1.2999999523162842,1.1631795167922974,0
2009-12-29,1.2799999713897705,1.2899999618530273,1.2799999713897705,1.2899999618530273,1.1542320251464844,632000
2009-12-30,1.2899999618530273,1.3300000429153442,1.2899999618530273,1.3300000429153442,1.1900222301483154,194000
2009-12-31,1.2899999618530273,1.2799999713897705,1.2799999713897705,1.2899999618530273,1.1542320251464844,180000
2010-01-04,1.2899999618530273,1.2999999523162842,1.2899999618530273,1.2999999523162842,1.1631795167922974,124000
2010-01-05,1.309999942779541,1.309999942779541,1.2899999618530273,1.2899999618530273,1.1542320251464844,38000
2010-01-06,1.2899999618530273,1.309999942779541,1.2899999618530273,1.309999942779541,1.1721271276474,128000
2010-01-07,1.2999999523162842,1.2999999523162842,1.2999999523162842,1.2999999523162842,1.1631795167922974,40000
2010-01-08,1.2999999523162842,1.2999999523162842,1.2899999618530273,1.2899999618530273,1.1542320251464844,80000
2010-01-11,1.2899999618530273,1.2899999618530273,1.2899999618530273,1.2899999618530273,1.1542320251464844,68000
2010-01-12,1.2999999523162842,1.3200000524520874,1.2999999523162842,1.3200000524520874,1.181074619293213,164000
2010-01-13,1.2999999523162842,1.2999999523162842,1.2899999618530273,1.2999999523162842,1.1631795167922974,636000
2010-01-14,1.2999999523162842,1.2999999523162842,1.2999999523162842,1.2999999523162842,1.1631795167922974,202000
2010-01-15,1.2999999523162842,1.3600000143051147,1.2999999523162842,1.350000023841858,1.207917332649231,1576000
2010-01-18,1.2999999523162842,1.309999942779541,1.2899999618530273,1.2899999618530273,1.1542320251464844,28000
2010-01-19,1.2899999618530273,1.2899999618530273,1.2899999618530273,1.2899999618530273,1.1542320251464844,104000
2010-01-20,1.2899999618530273,1.2899999618530273,1.2799999713897705,1.2799999713897705,1.1452845335006714,354000
2010-01-21,1.2999999523162842,1.2999999523162842,1.2799999713897705,1.2799999713897705,1.1452845335006714,210000
2010-01-22,1.2699999809265137,1.2699999809265137,1.25,1.25,1.1184420585632324,146000
2010-01-25,1.2599999904632568,1.2899999618530273,1.2599999904632568,1.2599999904632568,1.1273894309997559,112000
2010-01-26,1.2599999904632568,1.2599999904632568,1.25,1.25,1.1184420585632324,32000
2010-01-27,1.25,1.25,1.25,1.25,1.1184420585632324,40000
2010-01-28,1.2799999713897705,1.2799999713897705,1.2799999713897705,1.2799999713897705,1.1452845335006714,16000
2010-01-29,1.2799999713897705,1.2799999713897705,1.2799999713897705,1.2799999713897705,1.1452845335006714,0
2010-02-01,1.2300000190734863,1.2300000190734863,1.2300000190734863,1.2300000190734863,1.100546956062317,8000
2010-02-02,1.2300000190734863,1.2300000190734863,1.2300000190734863,1.2300000190734863,1.100546956062317,0
2010-02-03,1.2300000190734863,1.2300000190734863,1.2300000190734863,1.2300000190734863,1.100546956062317,0
2010-02-04,1.2300000190734863,1.2300000190734863,1.2300000190734863,1.2300000190734863,1.100546956062317,20000
2010-02-05,1.2300000190734863,1.2300000190734863,1.2300000190734863,1.2300000190734863,1.100546956062317,30000
2010-02-08,1.190000057220459,1.190000057220459,1.149999976158142,1.149999976158142,1.0289665460586548,90000
2010-02-09,1.1299999952316284,1.1299999952316284,1.1299999952316284,1.1299999952316284,1.0110714435577393,94000
2010-02-10,1.3200000524520874,1.340000033378601,1.1699999570846558,1.2899999618530273,1.1542320251464844,244000
2010-02-11,1.2100000381469727,1.2200000286102295,1.2000000476837158,1.2200000286102295,1.0915993452072144,140000
2010-02-12,1.2000000476837158,1.2000000476837158,1.2000000476837158,1.2000000476837158,1.073704481124878,1002000
2010-02-17,1.2000000476837158,1.2000000476837158,1.2000000476837158,1.2000000476837158,1.073704481124878,1210000
2010-02-18,1.1699999570846558,1.1699999570846558,1.1699999570846558,1.1699999570846558,1.0468616485595703,88000
2010-02-19,1.149999976158142,1.2000000476837158,1.149999976158142,1.159999966621399,1.0379140377044678,222000
2010-02-22,1.2000000476837158,1.2000000476837158,1.159999966621399,1.159999966621399,1.0379140377044678,180000
2010-02-23,1.2000000476837158,1.2000000476837158,1.2000000476837158,1.2000000476837158,1.073704481124878,670000
2010-02-24,1.2000000476837158,1.2000000476837158,1.1799999475479126,1.1799999475479126,1.0558091402053833,240000
2010-02-25,1.1799999475479126,1.1799999475479126,1.1799999475479126,1.1799999475479126,1.0558091402053833,20000
2010-02-26,1.1799999475479126,1.2000000476837158,1.1799999475479126,1.1799999475479126,1.0558091402053833,150000
2010-03-01,1.1200000047683716,1.190000057220459,1.1100000143051147,1.1699999570846558,1.0468616485595703,812000
2010-03-02,1.1699999570846558,1.1699999570846558,1.1699999570846558,1.1699999570846558,1.0468616485595703,114000
2010-03-03,1.2000000476837158,1.2000000476837158,1.2000000476837158,1.2000000476837158,1.073704481124878,70000
2010-03-04,1.1699999570846558,1.1699999570846558,1.1699999570846558,1.1699999570846558,1.0468616485595703,0
2010-03-05,1.2000000476837158,1.2000000476837158,1.2000000476837158,1.2000000476837158,1.073704481124878,1214000
2010-03-08,1.2000000476837158,1.2000000476837158,1.2000000476837158,1.2000000476837158,1.073704481124878,496000
2010-03-09,1.2000000476837158,1.2000000476837158,1.2000000476837158,1.2000000476837158,1.073704481124878,0
2010-03-10,1.2300000190734863,1.2300000190734863,1.2300000190734863,1.2300000190734863,1.100546956062317,28000
2010-03-11,1.2100000381469727,1.25,1.2100000381469727,1.25,1.1184420585632324,234000
2010-03-12,1.25,1.25,1.25,1.25,1.1184420585632324,0
2010-03-15,1.2000000476837158,1.2000000476837158,1.2000000476837158,1.2000000476837158,1.073704481124878,72000
2010-03-16,1.2000000476837158,1.2000000476837158,1.2000000476837158,1.2000000476837158,1.073704481124878,2000
2010-03-17,1.2100000381469727,1.2100000381469727,1.2100000381469727,1.2100000381469727,1.0826517343521118,2000
2010-03-18,1.2100000381469727,1.2100000381469727,1.2000000476837158,1.2000000476837158,1.073704481124878,38000
2010-03-19,1.2000000476837158,1.2000000476837158,1.2000000476837158,1.2000000476837158,1.073704481124878,14000
2010-03-22,1.2000000476837158,1.25,1.2000000476837158,1.25,1.1184420585632324,176000
2010-03-23,1.25,1.25,1.2200000286102295,1.2200000286102295,1.0915993452072144,124000
2010-03-24,1.2799999713897705,1.2799999713897705,1.2599999904632568,1.2799999713897705,1.1452845335006714,90000
2010-03-25,1.2799999713897705,1.2799999713897705,1.2000000476837158,1.25,1.1184420585632324,36000
2010-03-26,1.25,1.2999999523162842,1.25,1.2999999523162842,1.1631795167922974,60000
2010-03-29,1.25,1.25,1.25,1.25,1.1184420585632324,16000
2010-03-30,1.2899999618530273,1.2999999523162842,1.2799999713897705,1.2799999713897705,1.1452845335006714,258000
2010-03-31,1.25,1.2599999904632568,1.2200000286102295,1.2599999904632568,1.1273894309997559,102000
2010-04-01,1.2599999904632568,1.2599999904632568,1.2599999904632568,1.2599999904632568,1.1273894309997559,24000
2010-04-07,1.2599999904632568,1.309999942779541,1.2400000095367432,1.2899999618530273,1.1542320251464844,266000
2010-04-08,1.2799999713897705,1.2899999618530273,1.2799999713897705,1.2799999713897705,1.1452845335006714,104000
2010-04-09,1.2899999618530273,1.2999999523162842,1.2599999904632568,1.2899999618530273,1.1542320251464844,1310000
2010-04-12,1.2999999523162842,1.2999999523162842,1.2899999618530273,1.2899999618530273,1.1542320251464844,96000
2010-04-13,1.2400000095367432,1.25,1.2400000095367432,1.25,1.1184420585632324,220000
2010-04-14,1.25,1.25,1.25,1.25,1.1184420585632324,302000
2010-04-15,1.25,1.25,1.25,1.25,1.1184420585632324,338000
2010-04-16,1.2400000095367432,1.2400000095367432,1.2300000190734863,1.2300000190734863,1.100546956062317,100000
2010-04-19,1.2200000286102295,1.2899999618530273,1.2200000286102295,1.2899999618530273,1.1542320251464844,100000
2010-04-20,1.25,1.2699999809265137,1.25,1.25,1.1184420585632324,4532000
2010-04-21,1.25,1.25,1.2300000190734863,1.25,1.1184420585632324,70000
2010-04-22,1.25,1.2899999618530273,1.25,1.2899999618530273,1.1542320251464844,1102000
2010-04-23,1.2899999618530273,1.2999999523162842,1.2899999618530273,1.2899999618530273,1.1542320251464844,746000
2010-04-26,1.25,1.2999999523162842,1.25,1.2899999618530273,1.1542320251464844,710000
2010-04-27,1.2899999618530273,1.2999999523162842,1.2899999618530273,1.2899999618530273,1.1542320251464844,386000
2010-04-28,1.2899999618530273,1.2899999618530273,1.2799999713897705,1.2799999713897705,1.1452845335006714,268000
2010-04-29,1.2799999713897705,1.2999999523162842,1.2799999713897705,1.2899999618530273,1.1542320251464844,1812000
2010-04-30,1.2999999523162842,1.2999999523162842,1.2899999618530273,1.2899999618530273,1.1542320251464844,280000
2010-05-03,1.2899999618530273,1.309999942779541,1.2799999713897705,1.2899999618530273,1.1542320251464844,138000
2010-05-04,1.2999999523162842,1.3200000524520874,1.2899999618530273,1.2899999618530273,1.1542320251464844,696000
2010-05-05,1.2999999523162842,1.3200000524520874,1.2899999618530273,1.2999999523162842,1.1631795167922974,390000
2010-05-06,1.2899999618530273,1.309999942779541,1.25,1.2599999904632568,1.1273894309997559,292000
2010-05-07,1.2100000381469727,1.2599999904632568,1.2000000476837158,1.2400000095367432,1.1094944477081299,124000
2010-05-10,1.2899999618530273,1.2899999618530273,1.25,1.25,1.1184420585632324,274000
2010-05-11,1.2400000095367432,1.25,1.2400000095367432,1.25,1.1184420585632324,290000
2010-05-12,1.25,1.25,1.25,1.25,1.1184420585632324,0
2010-05-13,1.25,1.25,1.25,1.25,1.1184420585632324,110000
2010-05-14,1.2599999904632568,1.2599999904632568,1.2599999904632568,1.2599999904632568,1.1273894309997559,210000
2010-05-17,1.2300000190734863,1.2400000095367432,1.2200000286102295,1.2300000190734863,1.100546956062317,628000
2010-05-18,1.2400000095367432,1.2400000095367432,1.2400000095367432,1.2400000095367432,1.1094944477081299,10000
2010-05-19,1.2400000095367432,1.2400000095367432,1.2400000095367432,1.2400000095367432,1.1094944477081299,0
2010-05-20,1.2400000095367432,1.25,1.2400000095367432,1.25,1.1184420585632324,578000
2010-05-24,1.2000000476837158,1.2000000476837158,1.2000000476837158,1.2000000476837158,1.073704481124878,2000
2010-05-25,1.25,1.25,1.2200000286102295,1.2200000286102295,1.0915993452072144,90000
2010-05-26,1.25,1.2799999713897705,1.2300000190734863,1.2300000190734863,1.100546956062317,1088000
2010-05-27,1.2400000095367432,1.2699999809265137,1.2400000095367432,1.2699999809265137,1.1363369226455688,742000
2010-05-28,1.2799999713897705,1.2899999618530273,1.25,1.2899999618530273,1.1542320251464844,234000
2010-05-31,1.25,1.25,1.25,1.25,1.1184420585632324,12000
2010-06-01,1.2599999904632568,1.2599999904632568,1.2599999904632568,1.2599999904632568,1.1273894309997559,10000
2010-06-02,1.2599999904632568,1.2599999904632568,1.2200000286102295,1.2400000095367432,1.1094944477081299,426000
2010-06-03,1.25,1.25,1.2200000286102295,1.2200000286102295,1.0915993452072144,600000
2010-06-04,1.2200000286102295,1.2200000286102295,1.2200000286102295,1.2200000286102295,1.0915993452072144,0
2010-06-07,1.2200000286102295,1.2200000286102295,1.190000057220459,1.190000057220459,1.0647567510604858,450000
2010-06-08,1.25,1.25,1.2100000381469727,1.2100000381469727,1.0826517343521118,1264000
2010-06-09,1.2100000381469727,1.2100000381469727,1.2000000476837158,1.2100000381469727,1.0826517343521118,432000
2010-06-10,1.2400000095367432,1.2400000095367432,1.2400000095367432,1.2400000095367432,1.1094944477081299,194000
2010-06-11,1.2400000095367432,1.2699999809265137,1.2400000095367432,1.25,1.1184420585632324,50000
2010-06-14,1.25,1.2899999618530273,1.25,1.2699999809265137,1.1363369226455688,50000
2010-06-15,1.2699999809265137,1.2699999809265137,1.2699999809265137,1.2699999809265137,1.1363369226455688,100000
2010-06-17,1.25,1.25,1.25,1.25,1.1184420585632324,0
2010-06-18,1.2699999809265137,1.2699999809265137,1.25,1.25,1.1184420585632324,40000
2010-06-21,1.25,1.25,1.25,1.25,1.1184420585632324,10000
2010-06-22,1.25,1.2799999713897705,1.25,1.2699999809265137,1.1363369226455688,1540000
2010-06-23,1.2699999809265137,1.2699999809265137,1.2699999809265137,1.2699999809265137,1.1363369226455688,0
2010-06-24,1.2000000476837158,1.2699999809265137,1.2000000476837158,1.2699999809265137,1.1363369226455688,136000
2010-06-25,1.2300000190734863,1.2300000190734863,1.2300000190734863,1.2300000190734863,1.100546956062317,30000
2010-06-28,1.25,1.25,1.25,1.25,1.1184420585632324,10000
2010-06-29,1.25,1.25,1.25,1.25,1.1184420585632324,50000
2010-06-30,1.25,1.25,1.25,1.25,1.1184420585632324,22000
2010-07-02,1.2200000286102295,1.2200000286102295,1.2200000286102295,1.2200000286102295,1.0915993452072144,2000
2010-07-05,1.2200000286102295,1.2200000286102295,1.2200000286102295,1.2200000286102295,1.0915993452072144,0
2010-07-06,1.25,1.25,1.25,1.25,1.1184420585632324,82000
2010-07-07,1.25,1.25,1.25,1.25,1.1184420585632324,0
2010-07-08,1.2200000286102295,1.2200000286102295,1.2200000286102295,1.2200000286102295,1.0915993452072144,52000
2010-07-09,1.2200000286102295,1.2200000286102295,1.2200000286102295,1.2200000286102295,1.0915993452072144,0
2010-07-12,1.2400000095367432,1.2400000095367432,1.2300000190734863,1.2300000190734863,1.100546956062317,362000
2010-07-13,1.2300000190734863,1.2300000190734863,1.2300000190734863,1.2300000190734863,1.100546956062317,0
2010-07-14,1.2300000190734863,1.2300000190734863,1.2300000190734863,1.2300000190734863,1.100546956062317,22000
2010-07-15,1.25,1.25,1.25,1.25,1.1184420585632324,70000
2010-07-16,1.25,1.25,1.25,1.25,1.1184420585632324,0
2010-07-19,1.25,1.25,1.25,1.25,1.1184420585632324,0
2010-07-20,1.2100000381469727,1.2300000190734863,1.2100000381469727,1.2200000286102295,1.0915993452072144,88000
2010-07-21,1.2200000286102295,1.2200000286102295,1.2000000476837158,1.2000000476837158,1.073704481124878,110000
2010-07-22,1.2000000476837158,1.2000000476837158,1.2000000476837158,1.2000000476837158,1.073704481124878,100000
2010-07-23,1.2000000476837158,1.2000000476837158,1.2000000476837158,1.2000000476837158,1.073704481124878,0
2010-07-26,1.2400000095367432,1.2400000095367432,1.2400000095367432,1.2400000095367432,1.1094944477081299,20000
2010-07-27,1.2300000190734863,1.2300000190734863,1.2300000190734863,1.2300000190734863,1.100546956062317,0
2010-07-28,1.2100000381469727,1.25,1.2100000381469727,1.25,1.1184420585632324,210000
2010-07-29,1.25,1.25,1.25,1.25,1.1184420585632324,230000
2010-07-30,1.2799999713897705,1.3200000524520874,1.2799999713897705,1.2999999523162842,1.1631795167922974,578000
2010-08-02,1.2799999713897705,1.2999999523162842,1.2799999713897705,1.2999999523162842,1.1631795167922974,138000
2010-08-03,1.2999999523162842,1.2999999523162842,1.2899999618530273,1.2899999618530273,1.1542320251464844,564000
2010-08-04,1.2899999618530273,1.2999999523162842,1.2899999618530273,1.2899999618530273,1.1542320251464844,200000
2010-08-05,1.2899999618530273,1.2899999618530273,1.2899999618530273,1.2899999618530273,1.1542320251464844,130000
2010-08-06,1.2999999523162842,1.2999999523162842,1.2799999713897705,1.2799999713897705,1.1452845335006714,62000
2010-08-09,1.2999999523162842,1.350000023841858,1.2999999523162842,1.3200000524520874,1.181074619293213,770000
2010-08-10,1.3300000429153442,1.3300000429153442,1.309999942779541,1.3200000524520874,1.181074619293213,194000
2010-08-11,1.3300000429153442,1.3300000429153442,1.3200000524520874,1.3200000524520874,1.181074619293213,88000
2010-08-12,1.3200000524520874,1.3200000524520874,1.3200000524520874,1.3200000524520874,1.181074619293213,30000
2010-08-13,1.3200000524520874,1.3200000524520874,1.3200000524520874,1.3200000524520874,1.181074619293213,100000
2010-08-16,1.350000023841858,1.350000023841858,1.3200000524520874,1.3200000524520874,1.181074619293213,370000
2010-08-17,1.3200000524520874,1.350000023841858,1.3200000524520874,1.350000023841858,1.207917332649231,214000
2010-08-18,1.2999999523162842,1.2999999523162842,1.25,1.2899999618530273,1.1542320251464844,696000
2010-08-19,1.2899999618530273,1.2999999523162842,1.25,1.2999999523162842,1.1631795167922974,226000
2010-08-20,1.2899999618530273,1.2899999618530273,1.2699999809265137,1.2799999713897705,1.1452845335006714,52000
2010-08-23,1.25,1.2899999618530273,1.25,1.2899999618530273,1.1542320251464844,178000
2010-08-24,1.2999999523162842,1.2999999523162842,1.2999999523162842,1.2999999523162842,1.1631795167922974,246000
2010-08-25,1.2899999618530273,1.2899999618530273,1.2899999618530273,1.2899999618530273,1.1542320251464844,76000
2010-08-26,1.2799999713897705,1.2799999713897705,1.2599999904632568,1.2599999904632568,1.1273894309997559,264000
2010-08-27,1.2799999713897705,1.2799999713897705,1.2799999713897705,1.2799999713897705,1.1452845335006714,110000
2010-08-30,1.2599999904632568,1.2599999904632568,1.2599999904632568,1.2599999904632568,1.1273894309997559,30000
2010-08-31,1.2400000095367432,1.2899999618530273,1.2400000095367432,1.2799999713897705,1.1452845335006714,18000
2010-09-01,1.2799999713897705,1.2799999713897705,1.2799999713897705,1.2799999713897705,1.1452845335006714,218000
2010-09-02,1.2799999713897705,1.2799999713897705,1.2799999713897705,1.2799999713897705,1.1452845335006714,2000
2010-09-03,1.2799999713897705,1.2799999713897705,1.2799999713897705,1.2799999713897705,1.1452845335006714,0
2010-09-06,1.2799999713897705,1.2799999713897705,1.2799999713897705,1.2799999713897705,1.1452845335006714,0
2010-09-07,1.2400000095367432,1.2400000095367432,1.2400000095367432,1.2400000095367432,1.1094944477081299,10000
2010-09-08,1.2699999809265137,1.3200000524520874,1.2699999809265137,1.309999942779541,1.1721271276474,450000
2010-09-09,1.309999942779541,1.309999942779541,1.309999942779541,1.309999942779541,1.1721271276474,0
2010-09-10,1.2899999618530273,1.2899999618530273,1.2599999904632568,1.2599999904632568,1.1273894309997559,352000
2010-09-13,1.2899999618530273,1.2899999618530273,1.2599999904632568,1.2799999713897705,1.1452845335006714,168000
2010-09-14,1.2799999713897705,1.2799999713897705,1.2799999713897705,1.2799999713897705,1.1452845335006714,0
2010-09-15,1.2699999809265137,1.2899999618530273,1.2000000476837158,1.2899999618530273,1.1542320251464844,784000
2010-09-16,1.2400000095367432,1.25,1.2400000095367432,1.25,1.1184420585632324,730000
2010-09-17,1.25,1.2699999809265137,1.2400000095367432,1.2400000095367432,1.1094944477081299,1046000
2010-09-20,1.6100000143051147,1.75,1.4500000476837158,1.4800000190734863,1.3242353200912476,12944000
2010-09-21,1.4900000095367432,1.5099999904632568,1.399999976158142,1.409999966621399,1.261602520942688,2474000
2010-09-22,1.440000057220459,1.6699999570846558,1.440000057220459,1.649999976158142,1.4763432741165161,7874000
2010-09-24,1.600000023841858,1.6299999952316284,1.5499999523162842,1.5800000429153442,1.413710594177246,2502000
2010-09-27,1.4900000095367432,1.5700000524520874,1.4900000095367432,1.5700000524520874,1.4047629833221436,972000
2010-09-28,1.5499999523162842,1.559999942779541,1.4500000476837158,1.4700000286102295,1.315287709236145,852000
2010-09-29,1.4700000286102295,1.5299999713897705,1.4299999475479126,1.4500000476837158,1.2973928451538086,898000
2010-09-30,1.4500000476837158,1.5,1.4199999570846558,1.4700000286102295,1.315287709236145,460000
2010-10-04,1.4700000286102295,1.4900000095367432,1.4299999475479126,1.4500000476837158,1.2973928451538086,342000
2010-10-05,1.4500000476837158,1.559999942779541,1.4299999475479126,1.559999942779541,1.3958156108856201,440000
2010-10-06,1.4700000286102295,1.5399999618530273,1.4299999475479126,1.5299999713897705,1.368972897529602,320000
2010-10-07,1.5299999713897705,1.5299999713897705,1.4500000476837158,1.5,1.342130422592163,474000
2010-10-08,1.4800000190734863,1.4800000190734863,1.4299999475479126,1.4500000476837158,1.2973928451538086,616000
2010-10-11,1.4199999570846558,1.4800000190734863,1.409999966621399,1.4500000476837158,1.2973928451538086,388000
2010-10-12,1.4500000476837158,1.4700000286102295,1.4199999570846558,1.4299999475479126,1.279497504234314,478000
2010-10-13,1.409999966621399,1.4900000095367432,1.409999966621399,1.4500000476837158,1.2973928451538086,418000
2010-10-14,1.4600000381469727,1.600000023841858,1.4600000381469727,1.590000033378601,1.422658085823059,3998000
2010-10-15,1.600000023841858,1.600000023841858,1.5,1.559999942779541,1.3958156108856201,446000
2010-10-18,1.559999942779541,1.6799999475479126,1.5199999809265137,1.590000033378601,1.422658085823059,1054000
2010-10-19,1.5700000524520874,1.5700000524520874,1.5,1.5199999809265137,1.3600252866744995,1278000
2010-10-20,1.4800000190734863,1.5399999618530273,1.4600000381469727,1.5099999904632568,1.3510777950286865,320000
2010-10-21,1.5,1.5299999713897705,1.4900000095367432,1.5099999904632568,1.3510777950286865,70000
2010-10-22,1.4800000190734863,1.5299999713897705,1.4700000286102295,1.4800000190734863,1.3242353200912476,182000
2010-10-25,1.4800000190734863,1.5399999618530273,1.4800000190734863,1.5,1.342130422592163,316000
2010-10-26,1.5,1.5,1.5,1.5,1.342130422592163,50000
2010-10-27,1.4900000095367432,1.5,1.4900000095367432,1.5,1.342130422592163,54000
2010-10-28,1.4800000190734863,1.4800000190734863,1.4199999570846558,1.4500000476837158,1.2973928451538086,330000
2010-10-29,1.4800000190734863,1.4800000190734863,1.4199999570846558,1.4500000476837158,1.2973928451538086,362000
2010-11-01,1.4500000476837158,1.4700000286102295,1.4500000476837158,1.4600000381469727,1.306340217590332,122000
2010-11-02,1.4600000381469727,1.4600000381469727,1.3799999952316284,1.440000057220459,1.2884451150894165,614000
2010-11-03,1.4500000476837158,1.4500000476837158,1.440000057220459,1.440000057220459,1.2884451150894165,62000
2010-11-04,1.4500000476837158,1.4800000190734863,1.440000057220459,1.440000057220459,1.2884451150894165,328000
2010-11-05,1.4800000190734863,1.5499999523162842,1.4500000476837158,1.4800000190734863,1.3242353200912476,322000
2010-11-08,1.5199999809265137,1.5499999523162842,1.5099999904632568,1.5199999809265137,1.3600252866744995,506000
2010-11-09,1.5499999523162842,1.5700000524520874,1.5299999713897705,1.5399999618530273,1.377920389175415,708000
2010-11-10,1.5299999713897705,1.600000023841858,1.5299999713897705,1.5299999713897705,1.368972897529602,520000
2010-11-11,1.5299999713897705,1.5299999713897705,1.5099999904632568,1.5299999713897705,1.368972897529602,32000
2010-11-12,1.5299999713897705,1.559999942779541,1.4500000476837158,1.5099999904632568,1.3510777950286865,764000
2010-11-15,1.4700000286102295,1.559999942779541,1.4700000286102295,1.5199999809265137,1.3600252866744995,132000
2010-11-16,1.5199999809265137,1.5199999809265137,1.4800000190734863,1.4900000095367432,1.3331828117370605,274000
2010-11-17,1.4900000095367432,1.559999942779541,1.4900000095367432,1.4900000095367432,1.3331828117370605,910000
2010-11-18,1.4900000095367432,1.559999942779541,1.4900000095367432,1.559999942779541,1.3958156108856201,214000
2010-11-19,1.600000023841858,1.600000023841858,1.4800000190734863,1.5399999618530273,1.377920389175415,238000
2010-11-22,1.5099999904632568,1.5800000429153442,1.5099999904632568,1.5299999713897705,1.368972897529602,54000
2010-11-23,1.5099999904632568,1.5499999523162842,1.5,1.5499999523162842,1.386867880821228,210000
2010-11-24,1.5499999523162842,1.5800000429153442,1.5499999523162842,1.5499999523162842,1.386867880821228,216000
2010-11-25,1.5700000524520874,1.5800000429153442,1.5499999523162842,1.559999942779541,1.3958156108856201,168000
2010-11-26,1.5800000429153442,1.5800000429153442,1.5299999713897705,1.5700000524520874,1.4047629833221436,166000
2010-11-29,1.5700000524520874,1.5700000524520874,1.5700000524520874,1.5700000524520874,1.4047629833221436,14000
2010-11-30,1.5499999523162842,1.5700000524520874,1.5499999523162842,1.5700000524520874,1.4047629833221436,750000
2010-12-01,1.6100000143051147,1.6100000143051147,1.5499999523162842,1.5800000429153442,1.413710594177246,184000
2010-12-02,1.5800000429153442,1.8700000047683716,1.5700000524520874,1.7999999523162842,1.6105562448501587,2394000
2010-12-03,1.7999999523162842,1.840000033378601,1.7400000095367432,1.7799999713897705,1.5926611423492432,656000
2010-12-06,1.75,1.7799999713897705,1.690000057220459,1.7699999809265137,1.5837137699127197,242000
2010-12-07,1.75,1.8700000047683716,1.7300000190734863,1.850000023841858,1.6552940607070923,474000
2010-12-08,1.840000033378601,1.840000033378601,1.7000000476837158,1.75,1.5658187866210938,836000
2010-12-09,1.7100000381469727,1.75,1.7100000381469727,1.75,1.5658187866210938,30000
2010-12-10,1.7100000381469727,1.7599999904632568,1.690000057220459,1.7400000095367432,1.5568711757659912,114000
2010-12-13,1.7999999523162842,1.7999999523162842,1.7999999523162842,1.7999999523162842,1.6105562448501587,2000
2010-12-14,1.7300000190734863,1.7799999713897705,1.7200000286102295,1.7799999713897705,1.5926611423492432,82000
2010-12-15,1.7300000190734863,1.75,1.649999976158142,1.7400000095367432,1.5568711757659912,120000
2010-12-16,1.7000000476837158,1.7400000095367432,1.559999942779541,1.6399999856948853,1.4673959016799927,256000
2010-12-17,1.649999976158142,1.75,1.6399999856948853,1.7000000476837158,1.5210810899734497,1578000
2010-12-20,1.7100000381469727,1.75,1.5700000524520874,1.6799999475479126,1.5031859874725342,42000
2010-12-21,1.649999976158142,1.7400000095367432,1.649999976158142,1.659999966621399,1.4852908849716187,136000
2010-12-22,1.6799999475479126,1.7200000286102295,1.659999966621399,1.7200000286102295,1.5389761924743652,124000
2010-12-23,1.7200000286102295,1.7200000286102295,1.6699999570846558,1.6699999570846558,1.4942383766174316,0
2010-12-24,1.7200000286102295,1.7200000286102295,1.6699999570846558,1.6699999570846558,1.4942383766174316,0
2010-12-28,1.7000000476837158,1.7000000476837158,1.659999966621399,1.659999966621399,1.4852908849716187,0
2010-12-29,1.7000000476837158,1.7000000476837158,1.6100000143051147,1.6100000143051147,1.4405533075332642,0
2010-12-30,1.7000000476837158,1.7000000476837158,1.7000000476837158,1.7000000476837158,1.5210810899734497,2000
2010-12-31,1.7000000476837158,1.7000000476837158,1.7000000476837158,1.7000000476837158,1.5210810899734497,0
2011-01-03,1.7000000476837158,1.7300000190734863,1.6799999475479126,1.7200000286102295,1.5389761924743652,104000
2011-01-04,1.7100000381469727,1.7100000381469727,1.6699999570846558,1.7000000476837158,1.5210810899734497,106000
2011-01-05,1.659999966621399,1.7400000095367432,1.659999966621399,1.7200000286102295,1.5389761924743652,192000
2011-01-06,1.7200000286102295,1.7200000286102295,1.7000000476837158,1.7200000286102295,1.5389761924743652,130000
2011-01-07,1.7000000476837158,1.7200000286102295,1.7000000476837158,1.7200000286102295,1.5389761924743652,142000
2011-01-10,1.7400000095367432,1.7400000095367432,1.6699999570846558,1.7000000476837158,1.5210810899734497,124000
2011-01-11,1.7400000095367432,1.7000000476837158,1.659999966621399,1.7000000476837158,1.5210810899734497,38000
2011-01-12,1.6699999570846558,1.690000057220459,1.6699999570846558,1.690000057220459,1.5121334791183472,78000
2011-01-13,1.659999966621399,1.7000000476837158,1.7000000476837158,1.7000000476837158,1.5210810899734497,50000
2011-01-14,1.7000000476837158,1.7200000286102295,1.6799999475479126,1.6799999475479126,1.5031859874725342,400000
2011-01-17,1.7799999713897705,1.7799999713897705,1.649999976158142,1.6699999570846558,1.4942383766174316,322000
2011-01-18,1.6799999475479126,1.7100000381469727,1.6799999475479126,1.7000000476837158,1.5210810899734497,962000
2011-01-19,1.7000000476837158,1.7200000286102295,1.6799999475479126,1.7000000476837158,1.5210810899734497,448000
2011-01-20,1.7000000476837158,1.7000000476837158,1.6399999856948853,1.6399999856948853,1.4673959016799927,256000
2011-01-21,1.7100000381469727,1.7100000381469727,1.6799999475479126,1.6799999475479126,1.5031859874725342,248000
2011-01-24,1.6799999475479126,1.7200000286102295,1.659999966621399,1.6799999475479126,1.5031859874725342,290000
2011-01-25,1.659999966621399,1.690000057220459,1.649999976158142,1.690000057220459,1.5121334791183472,108000
2011-01-26,1.659999966621399,1.690000057220459,1.6299999952316284,1.6699999570846558,1.4942383766174316,334000
2011-01-27,1.7000000476837158,1.75,1.690000057220459,1.7200000286102295,1.5389761924743652,340000
2011-01-28,1.7400000095367432,1.8799999952316284,1.7400000095367432,1.7799999713897705,1.5926611423492432,1010000
2011-01-31,1.8700000047683716,1.8700000047683716,1.7400000095367432,1.7999999523162842,1.6105562448501587,342000
2011-02-01,1.7100000381469727,1.7699999809265137,1.7100000381469727,1.7699999809265137,1.5837137699127197,54000
2011-02-02,1.7699999809265137,1.7999999523162842,1.7699999809265137,1.7999999523162842,1.6105562448501587,96000
2011-02-07,1.7999999523162842,1.7999999523162842,1.7999999523162842,1.7999999523162842,1.6105562448501587,56000
2011-02-08,1.7799999713897705,1.809999942779541,1.7799999713897705,1.7899999618530273,1.6016088724136353,336000
2011-02-09,1.7999999523162842,1.7999999523162842,1.7599999904632568,1.7599999904632568,1.5747661590576172,230000
2011-02-10,1.75,1.7599999904632568,1.7200000286102295,1.7200000286102295,1.5389761924743652,426000
2011-02-11,1.7200000286102295,1.7200000286102295,1.7200000286102295,1.7200000286102295,1.5389761924743652,10000
2011-02-14,1.7699999809265137,1.7799999713897705,1.7699999809265137,1.7799999713897705,1.5926611423492432,386000
2011-02-15,1.7799999713897705,1.809999942779541,1.7599999904632568,1.7999999523162842,1.6105562448501587,638000
2011-02-16,1.7999999523162842,1.7999999523162842,1.7699999809265137,1.7699999809265137,1.5837137699127197,98000
2011-02-17,1.7799999713897705,1.7799999713897705,1.7699999809265137,1.7699999809265137,1.5837137699127197,100000
2011-02-18,1.7999999523162842,1.840000033378601,1.7999999523162842,1.7999999523162842,1.6105562448501587,226000
2011-02-21,1.7999999523162842,2.009999990463257,1.7999999523162842,1.850000023841858,1.6552940607070923,1803000
2011-02-22,1.840000033378601,1.840000033378601,1.7799999713897705,1.7999999523162842,1.6105562448501587,408000
2011-02-23,1.9900000095367432,1.9900000095367432,1.7799999713897705,1.7799999713897705,1.5926611423492432,144000
2011-02-24,1.850000023841858,1.850000023841858,1.7400000095367432,1.75,1.5658187866210938,1062000
2011-02-25,1.850000023841858,1.850000023841858,1.7899999618530273,1.809999942779541,1.6195038557052612,274000
2011-02-28,1.850000023841858,1.8799999952316284,1.7999999523162842,1.840000033378601,1.6463464498519897,804000
2011-03-01,1.8200000524520874,1.8799999952316284,1.8200000524520874,1.8600000143051147,1.6642416715621948,550000
2011-03-02,1.840000033378601,1.840000033378601,1.8200000524520874,1.8300000429153442,1.6373990774154663,320000
2011-03-03,1.8700000047683716,1.8700000047683716,1.850000023841858,1.850000023841858,1.6552940607070923,72000
2011-03-04,1.850000023841858,1.850000023841858,1.850000023841858,1.850000023841858,1.6552940607070923,54000
2011-03-07,1.8700000047683716,1.8700000047683716,1.8300000429153442,1.850000023841858,1.6552940607070923,420000
2011-03-08,1.899999976158142,2.0,1.899999976158142,1.940000057220459,1.7358218431472778,1730000
2011-03-09,1.9600000381469727,2.0299999713897705,1.9500000476837158,2.0,1.7895070314407349,1660000
2011-03-10,2.049999952316284,2.049999952316284,1.9299999475479126,1.9800000190734863,1.7716119289398193,1280000
2011-03-11,1.9299999475479126,2.0,1.8700000047683716,2.0,1.7895070314407349,280000
2011-03-14,2.0,2.0,1.9800000190734863,2.009999990463257,1.7984546422958374,206000
2011-03-15,1.9700000286102295,1.9800000190734863,1.8899999856948853,1.9800000190734863,1.7716119289398193,1274000
2011-03-16,1.9800000190734863,2.0,1.9800000190734863,1.9900000095367432,1.7805596590042114,8000
2011-03-17,1.899999976158142,1.899999976158142,1.850000023841858,1.8600000143051147,1.6642416715621948,202000
2011-03-18,2.0,2.0,2.0,1.9800000190734863,1.7716119289398193,100000
2011-03-21,1.9900000095367432,2.0,1.899999976158142,1.9199999570846558,1.7179267406463623,422000
2011-03-22,1.9700000286102295,1.9900000095367432,1.840000033378601,1.850000023841858,1.6552940607070923,668000
2011-03-23,1.899999976158142,1.899999976158142,1.8300000429153442,1.850000023841858,1.6552940607070923,188000
2011-03-24,1.9500000476837158,1.9500000476837158,1.850000023841858,1.850000023841858,1.6552940607070923,390000
2011-03-25,1.899999976158142,1.9600000381469727,1.850000023841858,1.8600000143051147,1.6642416715621948,350000
2011-03-28,1.940000057220459,1.940000057220459,1.840000033378601,1.899999976158142,1.7000317573547363,1082000
2011-03-29,1.940000057220459,1.940000057220459,1.7999999523162842,1.8200000524520874,1.6284514665603638,1316000
2011-03-30,1.7999999523162842,1.7999999523162842,1.75,1.75,1.5658187866210938,1468000
2011-03-31,1.7799999713897705,1.7799999713897705,1.75,1.75,1.5658187866210938,940700
2011-04-01,1.7599999904632568,1.940000057220459,1.7599999904632568,1.8899999856948853,1.6910841464996338,1548000
2011-04-04,1.899999976158142,1.9299999475479126,1.8899999856948853,1.9299999475479126,1.7268743515014648,224000
2011-04-06,1.8600000143051147,1.8899999856948853,1.8600000143051147,1.8899999856948853,1.6910841464996338,240000
2011-04-07,1.9199999570846558,1.9600000381469727,1.9199999570846558,1.9600000381469727,1.753717064857483,466000
2011-04-08,1.9500000476837158,1.9500000476837158,1.9299999475479126,1.9500000476837158,1.7447694540023804,952000
2011-04-11,1.9800000190734863,2.0,1.9600000381469727,2.0,1.7895070314407349,676000
2011-04-12,2.0,2.0199999809265137,1.9600000381469727,1.9800000190734863,1.7716119289398193,158000
2011-04-13,1.9800000190734863,2.0999999046325684,1.9800000190734863,2.049999952316284,1.834244728088379,220000
2011-04-14,2.059999942779541,2.0899999141693115,2.049999952316284,2.049999952316284,1.834244728088379,316000
2011-04-15,2.049999952316284,2.059999942779541,2.049999952316284,2.049999952316284,1.834244728088379,34000
2011-04-18,2.059999942779541,2.200000047683716,2.049999952316284,2.140000104904175,1.914772391319275,1408000
2011-04-19,2.0999999046325684,2.140000104904175,2.0999999046325684,2.0999999046325684,1.8789823055267334,518000
2011-04-20,2.0999999046325684,2.0999999046325684,2.049999952316284,2.0899999141693115,1.8700348138809204,200000
2011-04-21,2.1600000858306885,2.4000000953674316,2.1500000953674316,2.390000104904175,2.138461112976074,2024000
2011-04-26,2.549999952316284,2.5999999046325684,2.4200000762939453,2.490000009536743,2.227936267852783,2192000
2011-04-27,2.5299999713897705,2.5299999713897705,2.450000047683716,2.4700000286102295,2.2100415229797363,580000
2011-04-28,2.4800000190734863,2.5199999809265137,2.4800000190734863,2.509999990463257,2.2458314895629883,1004000
2011-04-29,2.509999990463257,2.549999952316284,2.509999990463257,2.5199999809265137,2.2547788619995117,196000
2011-05-03,2.549999952316284,2.740000009536743,2.509999990463257,2.5799999237060547,2.3084640502929688,1606000
2011-05-04,2.6500000953674316,2.6700000762939453,2.5999999046325684,2.6500000953674316,2.3710968494415283,1316000
2011-05-05,2.630000114440918,2.690000057220459,2.5999999046325684,2.5999999046325684,2.3263590335845947,1384000
2011-05-06,2.5999999046325684,2.5999999046325684,2.4700000286102295,2.549999952316284,2.2816214561462402,854000
2011-05-09,2.640000104904175,2.880000114440918,2.640000104904175,2.700000047683716,2.415834665298462,45296000
2011-05-11,2.75,2.7899999618530273,2.700000047683716,2.7899999618530273,2.4963624477386475,948000
2011-05-12,2.75,2.759999990463257,2.700000047683716,2.7100000381469727,2.4247825145721436,820000
2011-05-13,2.680000066757202,2.75,2.6600000858306885,2.75,2.4605722427368164,294000
2011-05-16,2.75,2.75,2.7100000381469727,2.7200000286102295,2.433729648590088,262000
2011-05-17,2.7200000286102295,2.7200000286102295,2.6500000953674316,2.6600000858306885,2.380044460296631,768000
2011-05-18,2.6600000858306885,2.680000066757202,2.6600000858306885,2.6600000858306885,2.380044460296631,254000
2011-05-19,2.740000009536743,2.740000009536743,2.7100000381469727,2.7200000286102295,2.433729648590088,322000
2011-05-20,2.700000047683716,2.700000047683716,2.6500000953674316,2.6700000762939453,2.3889920711517334,140000
2011-05-23,2.609999895095825,2.609999895095825,2.5799999237060547,2.5899999141693115,2.3174116611480713,318000
2011-05-24,2.5999999046325684,2.5999999046325684,2.450000047683716,2.5999999046325684,2.3263590335845947,288000
2011-05-25,2.559999942779541,2.569999933242798,2.5,2.569999933242798,2.2995166778564453,182000
2011-05-26,2.549999952316284,2.549999952316284,2.299999952316284,2.4000000953674316,2.147408962249756,650000
2011-05-27,2.4000000953674316,2.619999885559082,2.3399999141693115,2.5999999046325684,2.3263590335845947,1126000
2011-05-30,2.619999885559082,2.700000047683716,2.619999885559082,2.700000047683716,2.415834665298462,272000
2011-05-31,2.680000066757202,2.700000047683716,2.6500000953674316,2.6500000953674316,2.3710968494415283,56000
2011-06-01,2.6500000953674316,2.6500000953674316,2.6500000953674316,2.6500000953674316,2.3710968494415283,8000
2011-06-02,2.559999942779541,2.680000066757202,2.559999942779541,2.6700000762939453,2.3889920711517334,52000
2011-06-03,2.700000047683716,2.700000047683716,2.6500000953674316,2.690000057220459,2.4068870544433594,24000
2011-06-07,2.690000057220459,2.690000057220459,2.690000057220459,2.690000057220459,2.4068870544433594,0
2011-06-08,2.5999999046325684,2.6700000762939453,2.5799999237060547,2.5799999237060547,2.3084640502929688,102000
2011-06-09,2.5999999046325684,2.5999999046325684,2.5,2.5,2.236884117126465,252000
2011-06-10,2.5,2.5999999046325684,2.450000047683716,2.5999999046325684,2.3263590335845947,268000
2011-06-13,2.5999999046325684,2.5999999046325684,2.5999999046325684,2.5999999046325684,2.3263590335845947,0
2011-06-14,2.5999999046325684,2.5999999046325684,2.5999999046325684,2.5999999046325684,2.3263590335845947,0
2011-06-15,2.5799999237060547,2.5999999046325684,2.5,2.5999999046325684,2.3263590335845947,42000
2011-06-16,2.5,2.5899999141693115,2.4000000953674316,2.5299999713897705,2.263726234436035,148000
2011-06-17,2.5,2.549999952316284,2.4700000286102295,2.549999952316284,2.2816214561462402,74000
2011-06-20,2.549999952316284,2.559999942779541,2.549999952316284,2.559999942779541,2.2905690670013428,26000
2011-06-21,2.559999942779541,2.569999933242798,2.5299999713897705,2.559999942779541,2.2905690670013428,64000
2011-06-22,2.549999952316284,2.549999952316284,2.549999952316284,2.549999952316284,2.2816214561462402,32000
2011-06-23,2.5,2.5,2.5,2.5,2.236884117126465,60000
2011-06-24,2.5899999141693115,2.5899999141693115,2.5899999141693115,2.5899999141693115,2.3174116611480713,42000
2011-06-27,2.5899999141693115,2.5899999141693115,2.4200000762939453,2.490000009536743,2.227936267852783,248000
2011-06-28,2.5,2.5,2.5,2.5,2.236884117126465,10000
2011-06-29,2.5199999809265137,2.549999952316284,2.5199999809265137,2.549999952316284,2.2816214561462402,40000
2011-06-30,2.5999999046325684,2.7899999618530273,2.5999999046325684,2.7200000286102295,2.433729648590088,1184000
2011-07-04,2.7200000286102295,2.7200000286102295,2.5999999046325684,2.5999999046325684,2.3263590335845947,46000
2011-07-05,2.609999895095825,2.609999895095825,2.549999952316284,2.5999999046325684,2.3263590335845947,42000
2011-07-06,2.5199999809265137,2.5899999141693115,2.5199999809265137,2.5899999141693115,2.3174116611480713,146000
2011-07-07,2.5799999237060547,2.5799999237060547,2.5799999237060547,2.5799999237060547,2.3084640502929688,2000
2011-07-08,2.5299999713897705,2.549999952316284,2.5299999713897705,2.5299999713897705,2.263726234436035,74000
2011-07-11,2.5299999713897705,2.5299999713897705,2.5299999713897705,2.5299999713897705,2.263726234436035,10000
2011-07-12,2.5199999809265137,2.5299999713897705,2.5199999809265137,2.5299999713897705,2.263726234436035,72000
2011-07-13,2.5199999809265137,2.5199999809265137,2.5199999809265137,2.5199999809265137,2.2547788619995117,122000
2011-07-14,2.5199999809265137,2.5199999809265137,2.5199999809265137,2.5199999809265137,2.2547788619995117,18000
2011-07-15,2.5199999809265137,2.5299999713897705,2.5199999809265137,2.5199999809265137,2.2547788619995117,112000
2011-07-18,2.5199999809265137,2.5199999809265137,2.5199999809265137,2.5199999809265137,2.2547788619995117,54000
2011-07-19,2.5199999809265137,2.5199999809265137,2.5,2.5299999713897705,2.263726234436035,304000
2011-07-20,2.5299999713897705,2.5299999713897705,2.5199999809265137,2.5199999809265137,2.2547788619995117,100000
2011-07-21,2.5199999809265137,2.5199999809265137,2.509999990463257,2.509999990463257,2.2458314895629883,94000
2011-07-22,2.509999990463257,2.509999990463257,2.5,2.5299999713897705,2.263726234436035,122000
2011-07-25,2.509999990463257,2.569999933242798,2.509999990463257,2.549999952316284,2.2816214561462402,184000
2011-07-26,2.5399999618530273,2.5999999046325684,2.5299999713897705,2.5999999046325684,2.3263590335845947,206000
2011-07-27,2.5999999046325684,2.680000066757202,2.5999999046325684,2.6700000762939453,2.3889920711517334,180000
2011-07-28,2.6500000953674316,2.680000066757202,2.5799999237060547,2.6700000762939453,2.3889920711517334,118000
2011-07-29,2.559999942779541,2.700000047683716,2.549999952316284,2.700000047683716,2.415834665298462,170000
2011-08-01,2.5999999046325684,2.5999999046325684,2.5999999046325684,2.5999999046325684,2.3263590335845947,72000
2011-08-02,2.559999942779541,2.5999999046325684,2.559999942779541,2.5999999046325684,2.3263590335845947,68000
2011-08-03,2.549999952316284,2.549999952316284,2.549999952316284,2.549999952316284,2.2816214561462402,90000
2011-08-04,2.549999952316284,2.549999952316284,2.549999952316284,2.549999952316284,2.2816214561462402,48300
2011-08-05,2.5,2.5,2.309999942779541,2.5,2.236884117126465,284000
2011-08-08,2.4000000953674316,2.5,2.369999885559082,2.5,2.236884117126465,144000
2011-08-09,2.390000104904175,2.440000057220459,2.390000104904175,2.430000066757202,2.174250841140747,166000
2011-08-10,2.430000066757202,2.430000066757202,2.4000000953674316,2.4000000953674316,2.147408962249756,76000
2011-08-11,2.3299999237060547,2.3499999046325684,2.299999952316284,2.3499999046325684,2.102670907974243,120000
2011-08-12,2.3299999237060547,2.450000047683716,2.3299999237060547,2.430000066757202,2.174250841140747,90000
2011-08-15,2.430000066757202,2.430000066757202,2.430000066757202,2.4600000381469727,2.201093912124634,36000
2011-08-16,2.4000000953674316,2.450000047683716,2.4000000953674316,2.440000057220459,2.1831986904144287,36000
2011-08-17,2.440000057220459,2.440000057220459,2.440000057220459,2.440000057220459,2.1831986904144287,0
2011-08-18,2.450000047683716,2.450000047683716,2.4000000953674316,2.4000000953674316,2.147408962249756,62000
2011-08-19,2.4200000762939453,2.440000057220459,2.309999942779541,2.4000000953674316,2.147408962249756,178000
2011-08-22,2.3299999237060547,2.4000000953674316,2.309999942779541,2.4000000953674316,2.147408962249756,256000
2011-08-23,2.4000000953674316,2.4000000953674316,2.369999885559082,2.4000000953674316,2.147408962249756,260000
2011-08-24,2.4000000953674316,2.4000000953674316,2.4000000953674316,2.4000000953674316,2.147408962249756,0
2011-08-25,2.309999942779541,2.309999942779541,2.309999942779541,2.309999942779541,2.066880464553833,10000
2011-08-26,2.200000047683716,2.3499999046325684,2.200000047683716,2.3499999046325684,2.102670907974243,46000
2011-08-29,2.3499999046325684,2.3499999046325684,2.3499999046325684,2.3499999046325684,2.102670907974243,0
2011-08-30,2.309999942779541,2.490000009536743,2.299999952316284,2.490000009536743,2.227936267852783,12000
2011-08-31,2.309999942779541,2.490000009536743,2.299999952316284,2.4600000381469727,2.201093912124634,1000000
2011-09-01,2.4000000953674316,2.4600000381469727,2.3499999046325684,2.390000104904175,2.138461112976074,130000
2011-09-02,2.3399999141693115,2.450000047683716,2.299999952316284,2.4000000953674316,2.147408962249756,90000
2011-09-05,2.450000047683716,2.450000047683716,2.4000000953674316,2.4000000953674316,2.147408962249756,312000
2011-09-06,2.4000000953674316,2.4000000953674316,2.3399999141693115,2.4000000953674316,2.147408962249756,362000
2011-09-07,2.4000000953674316,2.4000000953674316,2.4000000953674316,2.4000000953674316,2.147408962249756,0
2011-09-08,2.4000000953674316,2.4000000953674316,2.4000000953674316,2.4000000953674316,2.147408962249756,0
2011-09-09,2.4000000953674316,2.4000000953674316,2.3399999141693115,2.4000000953674316,2.147408962249756,20000
2011-09-12,2.4000000953674316,2.4000000953674316,2.4000000953674316,2.4000000953674316,2.147408962249756,0
2011-09-14,2.299999952316284,2.4000000953674316,2.1600000858306885,2.4000000953674316,2.147408962249756,448000
2011-09-15,2.25,2.4000000953674316,2.25,2.4000000953674316,2.147408962249756,6000
2011-09-16,2.4000000953674316,2.4000000953674316,2.4000000953674316,2.4000000953674316,2.147408962249756,0
2011-09-19,2.299999952316284,2.299999952316284,2.299999952316284,2.380000114440918,2.1295135021209717,10000
2011-09-20,2.380000114440918,2.380000114440918,2.380000114440918,2.380000114440918,2.1295135021209717,0
2011-09-21,2.4200000762939453,2.4200000762939453,2.4200000762939453,2.380000114440918,2.1295135021209717,2000
2011-09-22,2.4000000953674316,2.4000000953674316,2.3399999141693115,2.359999895095825,2.1116182804107666,554000
2011-09-23,2.200000047683716,2.299999952316284,2.200000047683716,2.369999885559082,2.120565414428711,190000
2011-09-26,2.299999952316284,2.5,2.299999952316284,2.490000009536743,2.227936267852783,116000
2011-09-27,2.4000000953674316,2.4000000953674316,2.4000000953674316,2.4000000953674316,2.147408962249756,4000000
2011-09-28,2.4000000953674316,2.4000000953674316,2.4000000953674316,2.4000000953674316,2.147408962249756,0
2011-09-30,2.3499999046325684,2.5,2.299999952316284,2.5,2.236884117126465,210000
2011-10-03,2.299999952316284,2.299999952316284,2.299999952316284,2.299999952316284,2.0579330921173096,50000
2011-10-04,2.299999952316284,2.380000114440918,2.299999952316284,2.380000114440918,2.1295135021209717,10000
2011-10-06,2.299999952316284,2.4000000953674316,2.25,2.4000000953674316,2.147408962249756,58000
2011-10-07,2.299999952316284,2.309999942779541,2.299999952316284,2.299999952316284,2.0579330921173096,158000
2011-10-10,2.25,2.299999952316284,2.1700000762939453,2.299999952316284,2.0579330921173096,246000
2011-10-11,2.2300000190734863,2.299999952316284,2.049999952316284,2.299999952316284,2.0579330921173096,546000
2011-10-12,2.299999952316284,2.299999952316284,2.200000047683716,2.299999952316284,2.0579330921173096,84000
2011-10-13,2.4000000953674316,2.4000000953674316,2.299999952316284,2.4000000953674316,2.147408962249756,34000
2011-10-14,2.299999952316284,2.4000000953674316,2.2699999809265137,2.4000000953674316,2.147408962249756,12000
2011-10-17,2.4000000953674316,2.4000000953674316,2.4000000953674316,2.4000000953674316,2.147408962249756,0
2011-10-18,2.299999952316284,2.299999952316284,2.2799999713897705,2.319999933242798,2.0758280754089355,20000
2011-10-19,2.319999933242798,2.319999933242798,2.319999933242798,2.319999933242798,2.0758280754089355,0
2011-10-20,2.319999933242798,2.319999933242798,2.319999933242798,2.319999933242798,2.0758280754089355,0
2011-10-21,2.319999933242798,2.319999933242798,2.319999933242798,2.319999933242798,2.0758280754089355,0
2011-10-24,2.299999952316284,2.299999952316284,2.299999952316284,2.299999952316284,2.0579330921173096,4000
2011-10-25,2.200000047683716,2.299999952316284,2.200000047683716,2.299999952316284,2.0579330921173096,10000
2011-10-26,2.299999952316284,2.299999952316284,2.299999952316284,2.299999952316284,2.0579330921173096,0
2011-10-27,2.2799999713897705,2.299999952316284,2.2799999713897705,2.299999952316284,2.0579330921173096,72000
2011-10-28,2.299999952316284,2.5,2.299999952316284,2.299999952316284,2.0579330921173096,456000
2011-10-31,2.509999990463257,2.509999990463257,2.299999952316284,2.5,2.236884117126465,796000
2011-11-01,2.4000000953674316,2.4600000381469727,2.4000000953674316,2.4600000381469727,2.201093912124634,1014000
2011-11-02,2.4000000953674316,2.4800000190734863,2.4000000953674316,2.4700000286102295,2.2100415229797363,38000
2011-11-03,2.4000000953674316,2.4000000953674316,2.4000000953674316,2.4700000286102295,2.2100415229797363,50000
2011-11-04,2.430000066757202,2.5,2.430000066757202,2.5,2.236884117126465,90000
2011-11-07,2.4000000953674316,2.4000000953674316,2.380000114440918,2.4100000858306885,2.1563563346862793,60000
2011-11-08,2.4200000762939453,2.4200000762939453,2.4200000762939453,2.4200000762939453,2.1653034687042236,14000
2011-11-09,2.4000000953674316,2.4700000286102295,2.4000000953674316,2.4700000286102295,2.2100415229797363,92000
2011-11-10,2.4800000190734863,2.4800000190734863,2.299999952316284,2.430000066757202,2.174250841140747,72000
2011-11-11,2.299999952316284,2.450000047683716,2.299999952316284,2.450000047683716,2.192146062850952,28000
2011-11-14,2.5,2.5999999046325684,2.4000000953674316,2.549999952316284,2.2816214561462402,168000
2011-11-15,2.4000000953674316,2.549999952316284,2.4000000953674316,2.549999952316284,2.2816214561462402,30000
2011-11-16,2.4000000953674316,2.5,2.4000000953674316,2.4000000953674316,2.147408962249756,1000000
2011-11-17,2.5399999618530273,2.5399999618530273,2.5399999618530273,2.5399999618530273,2.2726738452911377,14000
2011-11-18,2.5399999618530273,2.5399999618530273,2.5399999618530273,2.5399999618530273,2.2726738452911377,0
2011-11-21,2.5,2.5,2.5,2.5,2.236884117126465,2000
2011-11-22,2.5,2.5,2.5,2.5,2.236884117126465,0
2011-11-23,2.390000104904175,2.490000009536743,2.390000104904175,2.490000009536743,2.227936267852783,302000
2011-11-24,2.299999952316284,2.4800000190734863,2.299999952316284,2.4800000190734863,2.2189888954162598,4000
2011-11-25,2.390000104904175,2.7799999713897705,2.390000104904175,2.7699999809265137,2.4784674644470215,584000
2011-11-28,2.7699999809265137,2.7699999809265137,2.7699999809265137,2.7699999809265137,2.4784674644470215,0
2011-11-29,2.6700000762939453,2.6700000762939453,2.6700000762939453,2.6500000953674316,2.3710968494415283,2000
2011-11-30,2.5,2.5,2.4000000953674316,2.5,2.236884117126465,38000
2011-12-01,2.700000047683716,2.700000047683716,2.5,2.5,2.236884117126465,5024000
2011-12-02,2.5,2.5,2.5,2.5,2.236884117126465,0
2011-12-05,2.549999952316284,2.549999952316284,2.549999952316284,2.5799999237060547,2.3084640502929688,4000
2011-12-06,2.700000047683716,2.700000047683716,2.5,2.700000047683716,2.415834665298462,350000
2011-12-07,2.509999990463257,2.6500000953674316,2.509999990463257,2.6500000953674316,2.3710968494415283,16000
2011-12-08,2.509999990463257,2.5899999141693115,2.5,2.5899999141693115,2.3174116611480713,142000
2011-12-09,2.5899999141693115,2.5899999141693115,2.5899999141693115,2.5899999141693115,2.3174116611480713,0
2011-12-12,2.5799999237060547,2.5799999237060547,2.5799999237060547,2.619999885559082,2.3442542552948,98000
2011-12-13,2.549999952316284,2.5799999237060547,2.5399999618530273,2.5399999618530273,2.2726738452911377,440000
2011-12-14,2.559999942779541,2.559999942779541,2.559999942779541,2.559999942779541,2.2905690670013428,130000
2011-12-15,2.700000047683716,2.700000047683716,2.569999933242798,2.619999885559082,2.3442542552948,110000
2011-12-16,2.5899999141693115,2.700000047683716,2.549999952316284,2.700000047683716,2.415834665298462,434000
2011-12-19,2.700000047683716,2.700000047683716,2.700000047683716,2.700000047683716,2.415834665298462,0
2011-12-20,2.700000047683716,2.700000047683716,2.700000047683716,2.5999999046325684,2.3263590335845947,2000
2011-12-21,2.5999999046325684,2.6600000858306885,2.5999999046325684,2.6500000953674316,2.3710968494415283,96000
2011-12-22,2.6500000953674316,2.700000047683716,2.6500000953674316,2.700000047683716,2.415834665298462,74000
2011-12-23,2.6500000953674316,2.690000057220459,2.640000104904175,2.690000057220459,2.4068870544433594,306000
2011-12-28,2.6500000953674316,2.700000047683716,2.630000114440918,2.680000066757202,2.397939443588257,316000
2011-12-29,2.680000066757202,2.690000057220459,2.680000066757202,2.690000057220459,2.4068870544433594,36000
2011-12-30,2.700000047683716,2.7899999618530273,2.680000066757202,3.0999999046325684,2.773735761642456,232000
2012-01-03,2.700000047683716,2.799999952316284,2.700000047683716,2.799999952316284,2.505309581756592,306000
2012-01-04,2.700000047683716,2.75,2.700000047683716,2.75,2.4605722427368164,32000
2012-01-05,2.700000047683716,2.700000047683716,2.700000047683716,2.700000047683716,2.415834665298462,4000
2012-01-06,2.700000047683716,2.7200000286102295,2.700000047683716,2.700000047683716,2.415834665298462,20000
2012-01-09,2.6500000953674316,2.6500000953674316,2.6500000953674316,2.700000047683716,2.415834665298462,50000
2012-01-10,2.700000047683716,2.700000047683716,2.700000047683716,2.700000047683716,2.415834665298462,0
2012-01-11,2.700000047683716,2.700000047683716,2.700000047683716,2.700000047683716,2.415834665298462,0
2012-01-12,2.700000047683716,2.7200000286102295,2.700000047683716,2.7200000286102295,2.433729648590088,14000
2012-01-13,2.7200000286102295,2.7200000286102295,2.7200000286102295,2.7100000381469727,2.4247825145721436,2000
2012-01-16,2.7100000381469727,2.7100000381469727,2.7100000381469727,2.7100000381469727,2.4247825145721436,0
2012-01-17,2.6500000953674316,2.6500000953674316,2.6500000953674316,2.680000066757202,2.397939443588257,22000
2012-01-18,2.680000066757202,2.680000066757202,2.680000066757202,2.680000066757202,2.397939443588257,0
2012-01-19,2.6500000953674316,2.6500000953674316,2.6500000953674316,2.7200000286102295,2.433729648590088,8000
2012-01-20,2.7200000286102295,2.7200000286102295,2.7200000286102295,2.7200000286102295,2.433729648590088,0
2012-01-26,2.7200000286102295,2.7200000286102295,2.7200000286102295,2.7200000286102295,2.433729648590088,0
2012-01-27,2.7200000286102295,2.7200000286102295,2.7200000286102295,2.7200000286102295,2.433729648590088,32000
2012-01-30,2.680000066757202,2.700000047683716,2.680000066757202,2.700000047683716,2.415834665298462,24000
2012-01-31,2.700000047683716,2.740000009536743,2.700000047683716,2.740000009536743,2.451624631881714,148000
2012-02-01,2.740000009536743,2.740000009536743,2.740000009536743,2.740000009536743,2.451624631881714,0
2012-02-02,2.6500000953674316,2.680000066757202,2.5999999046325684,2.700000047683716,2.415834665298462,376000
2012-02-03,2.700000047683716,2.700000047683716,2.700000047683716,2.700000047683716,2.415834665298462,0
2012-02-06,2.700000047683716,2.700000047683716,2.549999952316284,2.700000047683716,2.415834665298462,78000
2012-02-07,2.700000047683716,2.700000047683716,2.700000047683716,2.700000047683716,2.415834665298462,0
2012-02-08,2.5999999046325684,2.690000057220459,2.5199999809265137,2.690000057220459,2.4068870544433594,52000
2012-02-09,2.690000057220459,2.690000057220459,2.690000057220459,2.690000057220459,2.4068870544433594,0
2012-02-10,2.559999942779541,2.6500000953674316,2.559999942779541,2.6500000953674316,2.3710968494415283,42000
2012-02-13,2.6500000953674316,2.6500000953674316,2.6500000953674316,2.6500000953674316,2.3710968494415283,0
2012-02-14,2.559999942779541,2.6500000953674316,2.5,2.6500000953674316,2.3710968494415283,50000
2012-02-15,2.6500000953674316,2.6500000953674316,2.6500000953674316,2.6500000953674316,2.3710968494415283,0
2012-02-16,2.6500000953674316,2.6500000953674316,2.6500000953674316,2.6500000953674316,2.3710968494415283,0
2012-02-17,2.6500000953674316,2.6500000953674316,2.6500000953674316,2.6500000953674316,2.3710968494415283,0
2012-02-20,2.549999952316284,2.700000047683716,2.549999952316284,2.700000047683716,2.415834665298462,26000
2012-02-21,2.700000047683716,2.700000047683716,2.700000047683716,2.700000047683716,2.415834665298462,0
2012-02-22,2.680000066757202,2.680000066757202,2.680000066757202,2.680000066757202,2.397939443588257,20000
2012-02-23,2.680000066757202,2.680000066757202,2.680000066757202,2.680000066757202,2.397939443588257,0
2012-02-24,2.680000066757202,2.680000066757202,2.680000066757202,2.680000066757202,2.397939443588257,0
2012-02-27,2.549999952316284,2.640000104904175,2.5,2.640000104904175,2.362149238586426,6000
2012-02-28,2.5,2.5,2.450000047683716,2.5,2.236884117126465,64000
2012-02-29,2.5,2.700000047683716,2.450000047683716,2.700000047683716,2.415834665298462,290000
2012-03-01,2.5,2.5,2.5,2.5,2.236884117126465,36000
2012-03-02,2.5199999809265137,2.5999999046325684,2.5199999809265137,2.5999999046325684,2.3263590335845947,50000
2012-03-05,2.5999999046325684,2.5999999046325684,2.549999952316284,2.549999952316284,2.2816214561462402,34000
2012-03-06,2.5999999046325684,2.5999999046325684,2.5999999046325684,2.5999999046325684,2.3263590335845947,0
2012-03-07,2.549999952316284,2.549999952316284,2.5,2.5399999618530273,2.2726738452911377,38000
2012-03-08,2.5,2.6500000953674316,2.5,2.640000104904175,2.362149238586426,1140000
2012-03-09,2.640000104904175,2.6500000953674316,2.5799999237060547,2.569999933242798,2.2995166778564453,306000
2012-03-12,2.5,2.5999999046325684,2.5,2.5999999046325684,2.3263590335845947,38000
2012-03-13,2.5999999046325684,2.5999999046325684,2.5399999618530273,2.5899999141693115,2.3174116611480713,8000
2012-03-14,2.5299999713897705,2.5299999713897705,2.5299999713897705,2.5299999713897705,2.263726234436035,5024000
2012-03-15,2.5999999046325684,2.619999885559082,2.5999999046325684,2.5999999046325684,2.3263590335845947,96000
2012-03-16,2.549999952316284,2.5999999046325684,2.5399999618530273,2.5999999046325684,2.3263590335845947,272000
2012-03-20,2.609999895095825,2.609999895095825,2.609999895095825,2.5999999046325684,2.3263590335845947,54000
2012-03-21,2.5999999046325684,2.5999999046325684,2.5999999046325684,2.5999999046325684,2.3263590335845947,0
2012-03-22,2.5299999713897705,2.559999942779541,2.5,2.559999942779541,2.2905690670013428,58000
2012-03-23,2.5399999618530273,2.549999952316284,2.5,2.5299999713897705,2.263726234436035,186000
2012-03-26,2.549999952316284,2.5799999237060547,2.549999952316284,2.559999942779541,2.2905690670013428,180000
2012-03-27,2.559999942779541,2.6500000953674316,2.559999942779541,2.5999999046325684,2.3263590335845947,396000
2012-03-28,2.5999999046325684,2.6500000953674316,2.559999942779541,2.6500000953674316,2.3710968494415283,148000
2012-03-29,2.5999999046325684,2.6500000953674316,2.5999999046325684,2.6500000953674316,2.3710968494415283,44000
2012-03-30,2.6500000953674316,2.75,2.6500000953674316,2.75,2.4605722427368164,120000
2012-04-02,2.75,2.75,2.75,2.740000009536743,2.451624631881714,6000
2012-04-03,2.5399999618530273,2.6500000953674316,2.5399999618530273,2.6500000953674316,2.3710968494415283,22000
2012-04-05,2.6500000953674316,2.6500000953674316,2.6500000953674316,2.6500000953674316,2.3710968494415283,0
2012-04-10,2.6500000953674316,2.6500000953674316,2.6500000953674316,2.6500000953674316,2.3710968494415283,0
2012-04-11,2.6500000953674316,2.6500000953674316,2.6500000953674316,2.6500000953674316,2.3710968494415283,0
2012-04-12,2.6500000953674316,2.6500000953674316,2.6500000953674316,2.6500000953674316,2.3710968494415283,0
2012-04-13,2.6500000953674316,2.6500000953674316,2.6500000953674316,2.6500000953674316,2.3710968494415283,0
2012-04-16,2.619999885559082,2.619999885559082,2.609999895095825,2.5899999141693115,2.3174116611480713,22000
2012-04-17,2.5,2.509999990463257,2.5,2.5,2.236884117126465,220000
2012-04-18,2.559999942779541,2.559999942779541,2.549999952316284,2.549999952316284,2.2816214561462402,94000
2012-04-19,2.5899999141693115,2.5899999141693115,2.5299999713897705,2.5899999141693115,2.3174116611480713,56000
2012-04-20,2.5899999141693115,2.5899999141693115,2.5899999141693115,2.5899999141693115,2.3174116611480713,0
2012-04-23,2.5799999237060547,2.5899999141693115,2.559999942779541,2.5899999141693115,2.3174116611480713,410000
2012-04-24,2.5799999237060547,2.5799999237060547,2.5799999237060547,2.5799999237060547,2.3084640502929688,20000
2012-04-25,2.619999885559082,2.619999885559082,2.609999895095825,2.609999895095825,2.3353066444396973,114000
2012-04-26,2.5799999237060547,2.619999885559082,2.5799999237060547,2.619999885559082,2.3442542552948,20000
2012-04-27,2.5999999046325684,2.75,2.5999999046325684,2.619999885559082,2.3442542552948,60000
2012-04-30,2.680000066757202,2.799999952316284,2.680000066757202,2.799999952316284,2.505309581756592,88000
2012-05-02,2.799999952316284,2.799999952316284,2.799999952316284,2.799999952316284,2.505309581756592,0
2012-05-03,2.799999952316284,2.799999952316284,2.799999952316284,2.799999952316284,2.505309581756592,0
2012-05-04,2.6500000953674316,2.6500000953674316,2.640000104904175,2.640000104904175,2.362149238586426,24000
2012-05-07,2.5999999046325684,2.5999999046325684,2.5999999046325684,2.640000104904175,2.362149238586426,6000
2012-05-08,2.640000104904175,2.640000104904175,2.640000104904175,2.640000104904175,2.362149238586426,0
2012-05-09,2.5999999046325684,2.6500000953674316,2.549999952316284,2.6500000953674316,2.3710968494415283,98000
2012-05-10,2.700000047683716,2.700000047683716,2.700000047683716,2.700000047683716,2.415834665298462,1002000
2012-05-11,2.5999999046325684,2.5999999046325684,2.5799999237060547,2.5799999237060547,2.3084640502929688,250000
2012-05-14,2.5799999237060547,2.5799999237060547,2.5799999237060547,2.5799999237060547,2.3084640502929688,44000
2012-05-15,2.5799999237060547,2.5799999237060547,2.549999952316284,2.549999952316284,2.2816214561462402,60000
2012-05-16,2.549999952316284,2.549999952316284,2.549999952316284,2.549999952316284,2.2816214561462402,96000
2012-05-17,2.5299999713897705,2.5299999713897705,2.5299999713897705,2.5299999713897705,2.263726234436035,20000
2012-05-18,2.549999952316284,2.549999952316284,2.4000000953674316,2.5,2.236884117126465,180000
2012-05-21,2.5,2.5,2.5,2.5,2.236884117126465,0
2012-05-22,2.5999999046325684,2.5999999046325684,2.549999952316284,2.5999999046325684,2.3263590335845947,114000
2012-05-23,2.5999999046325684,2.5999999046325684,2.5999999046325684,2.5999999046325684,2.3263590335845947,508000
2012-05-24,2.5999999046325684,2.5999999046325684,2.5999999046325684,2.5999999046325684,2.3263590335845947,0
2012-05-25,2.5999999046325684,2.5999999046325684,2.5999999046325684,2.5999999046325684,2.3263590335845947,0
2012-05-28,2.5999999046325684,2.5999999046325684,2.5999999046325684,2.5999999046325684,2.3263590335845947,0
2012-05-29,2.630000114440918,2.630000114440918,2.630000114440918,2.630000114440918,2.3532021045684814,16000
2012-05-30,2.630000114440918,2.630000114440918,2.630000114440918,2.630000114440918,2.3849406242370605,0
2012-05-31,2.630000114440918,2.630000114440918,2.630000114440918,2.630000114440918,2.3849406242370605,0
2012-06-01,2.630000114440918,2.630000114440918,2.630000114440918,2.630000114440918,2.3849406242370605,0
2012-06-04,2.559999942779541,2.5999999046325684,2.559999942779541,2.5999999046325684,2.3577358722686768,238000
2012-06-05,2.5999999046325684,2.5999999046325684,2.5999999046325684,2.5999999046325684,2.3577358722686768,38000
2012-06-06,2.5999999046325684,2.5999999046325684,2.5999999046325684,2.5999999046325684,2.3577358722686768,90000
2012-06-07,2.5999999046325684,2.5999999046325684,2.5999999046325684,2.5999999046325684,2.3577358722686768,42000
2012-06-08,2.5999999046325684,2.5999999046325684,2.5999999046325684,2.5999999046325684,2.3577358722686768,0
2012-06-11,2.5999999046325684,2.5999999046325684,2.5999999046325684,2.5999999046325684,2.3577358722686768,0
2012-06-12,2.5999999046325684,2.5999999046325684,2.5999999046325684,2.5999999046325684,2.3577358722686768,0
2012-06-13,2.5999999046325684,2.5999999046325684,2.5999999046325684,2.5999999046325684,2.3577358722686768,0
2012-06-14,2.5999999046325684,2.5999999046325684,2.5999999046325684,2.5999999046325684,2.3577358722686768,0
2012-06-15,2.5999999046325684,2.5999999046325684,2.5999999046325684,2.5999999046325684,2.3577358722686768,0
2012-06-18,2.5999999046325684,2.5999999046325684,2.5999999046325684,2.5999999046325684,2.3577358722686768,0
2012-06-19,2.5999999046325684,2.5999999046325684,2.5999999046325684,2.5999999046325684,2.3577358722686768,0
2012-06-20,2.5999999046325684,2.5999999046325684,2.5999999046325684,2.5999999046325684,2.3577358722686768,0
2012-06-21,2.5999999046325684,2.5999999046325684,2.5999999046325684,2.5999999046325684,2.3577358722686768,0
2012-06-22,2.5,2.549999952316284,2.5,2.549999952316284,2.312394857406616,70000
2012-06-25,2.549999952316284,2.549999952316284,2.549999952316284,2.549999952316284,2.312394857406616,190000
2012-06-26,2.559999942779541,2.559999942779541,2.559999942779541,2.559999942779541,2.321462869644165,824000
2012-06-27,2.559999942779541,2.559999942779541,2.559999942779541,2.559999942779541,2.321462869644165,0
2012-06-28,2.549999952316284,2.549999952316284,2.5,2.549999952316284,2.312394857406616,516000
2012-06-29,2.549999952316284,2.549999952316284,2.549999952316284,2.549999952316284,2.312394857406616,0
2012-07-03,2.549999952316284,2.549999952316284,2.549999952316284,2.549999952316284,2.312394857406616,66000
2012-07-04,2.549999952316284,2.549999952316284,2.549999952316284,2.549999952316284,2.312394857406616,0
2012-07-05,2.549999952316284,2.5799999237060547,2.549999952316284,2.5799999237060547,2.339599370956421,24000
2012-07-06,2.5799999237060547,2.5799999237060547,2.5799999237060547,2.5799999237060547,2.339599370956421,0
2012-07-09,2.5799999237060547,2.5799999237060547,2.549999952316284,2.549999952316284,2.312394857406616,20000
2012-07-10,2.549999952316284,2.549999952316284,2.549999952316284,2.549999952316284,2.312394857406616,0
2012-07-11,2.5299999713897705,2.5299999713897705,2.5299999713897705,2.5299999713897705,2.2942583560943604,22000
2012-07-12,2.5299999713897705,2.549999952316284,2.5299999713897705,2.549999952316284,2.312394857406616,98000
2012-07-13,2.549999952316284,2.5999999046325684,2.549999952316284,2.549999952316284,2.312394857406616,32000
2012-07-16,2.549999952316284,2.549999952316284,2.549999952316284,2.549999952316284,2.312394857406616,0
2012-07-17,2.549999952316284,2.549999952316284,2.549999952316284,2.549999952316284,2.312394857406616,0
2012-07-18,2.549999952316284,2.549999952316284,2.549999952316284,2.549999952316284,2.312394857406616,0
2012-07-19,2.6500000953674316,2.6500000953674316,2.6500000953674316,2.549999952316284,2.312394857406616,8000
2012-07-20,2.549999952316284,2.549999952316284,2.549999952316284,2.549999952316284,2.312394857406616,0
2012-07-23,2.549999952316284,2.549999952316284,2.549999952316284,2.549999952316284,2.312394857406616,36000
2012-07-24,2.5399999618530273,2.5399999618530273,2.5299999713897705,2.5299999713897705,2.2942583560943604,26000
2012-07-25,2.5,2.5,2.5,2.5,2.2670538425445557,50000
2012-07-26,2.5,2.5,2.5,2.5,2.2670538425445557,14000
2012-07-27,2.5,2.5,2.5,2.5,2.2670538425445557,30000
2012-07-30,2.4800000190734863,2.4800000190734863,2.4800000190734863,2.4800000190734863,2.248917579650879,6000
2012-07-31,2.4800000190734863,2.4800000190734863,2.4800000190734863,2.4800000190734863,2.248917579650879,0
2012-08-01,2.549999952316284,2.549999952316284,2.549999952316284,2.549999952316284,2.312394857406616,6000
2012-08-02,2.549999952316284,2.569999933242798,2.549999952316284,2.569999933242798,2.330531120300293,26000
2012-08-03,2.569999933242798,2.569999933242798,2.569999933242798,2.569999933242798,2.330531120300293,0
2012-08-06,2.569999933242798,2.569999933242798,2.569999933242798,2.569999933242798,2.330531120300293,0
2012-08-07,2.569999933242798,2.569999933242798,2.569999933242798,2.569999933242798,2.330531120300293,0
2012-08-08,2.549999952316284,2.549999952316284,2.549999952316284,2.549999952316284,2.312394857406616,2000
2012-08-09,2.549999952316284,2.549999952316284,2.549999952316284,2.549999952316284,2.312394857406616,6000
2012-08-10,2.549999952316284,2.549999952316284,2.549999952316284,2.549999952316284,2.312394857406616,0
2012-08-13,2.549999952316284,2.549999952316284,2.549999952316284,2.549999952316284,2.312394857406616,8000
2012-08-14,2.549999952316284,2.549999952316284,2.549999952316284,2.549999952316284,2.312394857406616,10000
2012-08-15,2.549999952316284,2.549999952316284,2.549999952316284,2.549999952316284,2.312394857406616,0
2012-08-16,2.549999952316284,2.549999952316284,2.549999952316284,2.549999952316284,2.312394857406616,0
2012-08-17,2.5399999618530273,2.5399999618530273,2.5299999713897705,2.5299999713897705,2.2942583560943604,186000
2012-08-20,2.5299999713897705,2.5299999713897705,2.5299999713897705,2.5299999713897705,2.2942583560943604,0
2012-08-21,2.5299999713897705,2.5299999713897705,2.5299999713897705,2.5299999713897705,2.2942583560943604,0
2012-08-22,2.450000047683716,2.450000047683716,2.450000047683716,2.450000047683716,2.221712827682495,34000
2012-08-23,2.450000047683716,2.450000047683716,2.380000114440918,2.4000000953674316,2.1763715744018555,208000
2012-08-24,2.4000000953674316,2.450000047683716,2.4000000953674316,2.4000000953674316,2.1763715744018555,8000
2012-08-27,2.380000114440918,2.5,2.380000114440918,2.5,2.2670538425445557,414000
2012-08-28,2.5,2.5,2.5,2.5,2.2670538425445557,0
2012-08-29,2.5,2.5,2.5,2.5,2.2670538425445557,0
2012-08-30,2.5,2.5,2.5,2.5,2.2670538425445557,0
2012-08-31,2.5,2.5,2.5,2.5,2.2670538425445557,0
2012-09-03,2.4000000953674316,2.4000000953674316,2.390000104904175,2.390000104904175,2.1673035621643066,130000
2012-09-04,2.390000104904175,2.390000104904175,2.390000104904175,2.390000104904175,2.1673035621643066,0
2012-09-05,2.4000000953674316,2.450000047683716,2.4000000953674316,2.450000047683716,2.221712827682495,206000
2012-09-06,2.450000047683716,2.450000047683716,2.450000047683716,2.450000047683716,2.221712827682495,0
2012-09-07,2.450000047683716,2.450000047683716,2.450000047683716,2.450000047683716,2.221712827682495,0
2012-09-10,2.450000047683716,2.450000047683716,2.450000047683716,2.450000047683716,2.221712827682495,0
2012-09-11,2.380000114440918,2.380000114440918,2.380000114440918,2.380000114440918,2.1582350730895996,20000
2012-09-12,2.380000114440918,2.380000114440918,2.380000114440918,2.380000114440918,2.1582350730895996,0
2012-09-13,2.380000114440918,2.380000114440918,2.380000114440918,2.380000114440918,2.1582350730895996,80000
2012-09-14,2.380000114440918,2.380000114440918,2.380000114440918,2.380000114440918,2.1582350730895996,0
2012-09-17,2.380000114440918,2.380000114440918,2.380000114440918,2.380000114440918,2.1582350730895996,0
2012-09-18,2.380000114440918,2.380000114440918,2.380000114440918,2.380000114440918,2.1582350730895996,0
2012-09-19,2.380000114440918,2.380000114440918,2.380000114440918,2.380000114440918,2.1582350730895996,0
2012-09-20,2.380000114440918,2.380000114440918,2.380000114440918,2.380000114440918,2.1582350730895996,0
2012-09-21,2.380000114440918,2.380000114440918,2.380000114440918,2.380000114440918,2.1582350730895996,0
2012-09-24,2.380000114440918,2.380000114440918,2.380000114440918,2.380000114440918,2.1582350730895996,0
2012-09-25,2.380000114440918,2.380000114440918,2.380000114440918,2.380000114440918,2.1582350730895996,20000
2012-09-26,2.380000114440918,2.380000114440918,2.380000114440918,2.380000114440918,2.1582350730895996,0
2012-09-27,2.380000114440918,2.4000000953674316,2.380000114440918,2.4000000953674316,2.1763715744018555,12000
2012-09-28,2.4200000762939453,2.4200000762939453,2.4200000762939453,2.4200000762939453,2.1945078372955322,4000
2012-10-03,2.4200000762939453,2.4200000762939453,2.4200000762939453,2.4200000762939453,2.1945078372955322,0
2012-10-04,2.4200000762939453,2.4200000762939453,2.4200000762939453,2.4200000762939453,2.1945078372955322,0
2012-10-05,2.380000114440918,2.380000114440918,2.380000114440918,2.380000114440918,2.1582350730895996,10000
2012-10-08,2.380000114440918,2.380000114440918,2.380000114440918,2.380000114440918,2.1582350730895996,0
2012-10-09,2.380000114440918,2.380000114440918,2.380000114440918,2.380000114440918,2.1582350730895996,20000
2012-10-10,2.380000114440918,2.380000114440918,2.380000114440918,2.380000114440918,2.1582350730895996,0
2012-10-11,2.380000114440918,2.380000114440918,2.380000114440918,2.380000114440918,2.1582350730895996,10000
2012-10-12,2.380000114440918,2.380000114440918,2.380000114440918,2.380000114440918,2.1582350730895996,0
2012-10-15,2.380000114440918,2.380000114440918,2.380000114440918,2.380000114440918,2.1582350730895996,0
2012-10-16,2.380000114440918,2.380000114440918,2.380000114440918,2.380000114440918,2.1582350730895996,20000
2012-10-17,2.4800000190734863,2.4800000190734863,2.4800000190734863,2.4000000953674316,2.1763715744018555,12000
2012-10-18,2.380000114440918,2.380000114440918,2.3499999046325684,2.380000114440918,2.1582350730895996,80000
2012-10-19,2.380000114440918,2.380000114440918,2.380000114440918,2.380000114440918,2.1582350730895996,10000
2012-10-22,2.380000114440918,2.380000114440918,2.380000114440918,2.380000114440918,2.1582350730895996,6000
2012-10-24,2.4000000953674316,2.4000000953674316,2.380000114440918,2.380000114440918,2.1582350730895996,1008000
2012-10-25,2.380000114440918,2.380000114440918,2.380000114440918,2.380000114440918,2.1582350730895996,10000
2012-10-26,2.380000114440918,2.380000114440918,2.380000114440918,2.380000114440918,2.1582350730895996,10000
2012-10-29,2.380000114440918,2.380000114440918,2.380000114440918,2.380000114440918,2.1582350730895996,10000
2012-10-30,2.380000114440918,2.380000114440918,2.380000114440918,2.380000114440918,2.1582350730895996,10000
2012-10-31,2.380000114440918,2.380000114440918,2.380000114440918,2.380000114440918,2.1582350730895996,4000
2012-11-01,2.380000114440918,2.380000114440918,2.380000114440918,2.380000114440918,2.1582350730895996,4000
2012-11-02,2.380000114440918,2.380000114440918,2.380000114440918,2.380000114440918,2.1582350730895996,4000
2012-11-05,2.380000114440918,2.380000114440918,2.380000114440918,2.380000114440918,2.1582350730895996,4000
2012-11-06,2.380000114440918,2.380000114440918,2.380000114440918,2.369999885559082,2.1491668224334717,4000
2012-11-07,2.369999885559082,2.369999885559082,2.369999885559082,2.369999885559082,2.1491668224334717,0
2012-11-08,2.369999885559082,2.369999885559082,2.369999885559082,2.369999885559082,2.1491668224334717,0
2012-11-09,2.369999885559082,2.369999885559082,2.369999885559082,2.369999885559082,2.1491668224334717,0
2012-11-12,2.369999885559082,2.369999885559082,2.369999885559082,2.369999885559082,2.1491668224334717,0
2012-11-13,2.380000114440918,2.380000114440918,2.369999885559082,2.369999885559082,2.1491668224334717,40000
2012-11-14,2.359999895095825,2.369999885559082,2.359999895095825,2.369999885559082,2.1491668224334717,56000
2012-11-15,2.369999885559082,2.369999885559082,2.369999885559082,2.369999885559082,2.1491668224334717,0
2012-11-16,2.369999885559082,2.369999885559082,2.369999885559082,2.369999885559082,2.1491668224334717,0
2012-11-19,2.380000114440918,2.380000114440918,2.380000114440918,2.380000114440918,2.1582350730895996,10000
2012-11-20,2.4000000953674316,2.4000000953674316,2.4000000953674316,2.4000000953674316,2.1763715744018555,4000
2012-11-21,2.4200000762939453,2.4200000762939453,2.4200000762939453,2.4200000762939453,2.1945078372955322,2000
2012-11-22,2.440000057220459,2.440000057220459,2.440000057220459,2.440000057220459,2.2126448154449463,2000
2012-11-23,2.4600000381469727,2.4600000381469727,2.4600000381469727,2.4600000381469727,2.230781316757202,2000
2012-11-26,2.450000047683716,2.450000047683716,2.4200000762939453,2.4200000762939453,2.1945078372955322,10000
2012-11-27,2.4200000762939453,2.4200000762939453,2.380000114440918,2.4000000953674316,2.1763715744018555,82000
2012-11-28,2.380000114440918,2.4200000762939453,2.380000114440918,2.4200000762939453,2.1945078372955322,78000
2012-11-29,2.450000047683716,2.450000047683716,2.450000047683716,2.450000047683716,2.221712827682495,10000
2012-11-30,2.4000000953674316,2.4800000190734863,2.4000000953674316,2.4600000381469727,2.230781316757202,70000
2012-12-03,2.4600000381469727,2.4600000381469727,2.4600000381469727,2.4600000381469727,2.230781316757202,0
2012-12-04,2.440000057220459,2.440000057220459,2.440000057220459,2.440000057220459,2.2126448154449463,0
2012-12-05,2.390000104904175,2.4800000190734863,2.390000104904175,2.4100000858306885,2.1854398250579834,128000
2012-12-06,2.4000000953674316,2.490000009536743,2.4000000953674316,2.4700000286102295,2.239849328994751,234000
2012-12-07,2.4800000190734863,2.5199999809265137,2.380000114440918,2.4000000953674316,2.1763715744018555,40000
2012-12-10,2.5799999237060547,2.5799999237060547,2.450000047683716,2.450000047683716,2.221712827682495,4000
2012-12-11,2.4800000190734863,2.5199999809265137,2.4800000190734863,2.5,2.2670538425445557,54000
2012-12-12,2.5399999618530273,2.5399999618530273,2.509999990463257,2.509999990463257,2.2761218547821045,20000
2012-12-13,2.5,2.5,2.450000047683716,2.490000009536743,2.2579855918884277,142000
2012-12-14,2.5199999809265137,2.5199999809265137,2.5,2.5199999809265137,2.2851903438568115,130000
2012-12-17,2.5,2.5,2.4800000190734863,2.4800000190734863,2.248917579650879,38000
2012-12-18,2.4700000286102295,2.4700000286102295,2.450000047683716,2.450000047683716,2.221712827682495,30000
2012-12-19,2.450000047683716,2.450000047683716,2.450000047683716,2.450000047683716,2.221712827682495,0
2012-12-20,2.450000047683716,2.450000047683716,2.450000047683716,2.450000047683716,2.221712827682495,0
2012-12-21,2.6500000953674316,2.6500000953674316,2.5,2.5,2.2670538425445557,84000
2012-12-24,2.4600000381469727,2.4600000381469727,2.4600000381469727,2.4800000190734863,2.248917579650879,20000
2012-12-27,2.559999942779541,2.559999942779541,2.5,2.5,2.2670538425445557,4000
2012-12-28,2.5,2.549999952316284,2.5,2.549999952316284,2.312394857406616,50000
2012-12-31,2.549999952316284,2.549999952316284,2.549999952316284,2.549999952316284,2.312394857406616,2000
2013-01-02,2.549999952316284,2.549999952316284,2.549999952316284,2.549999952316284,2.312394857406616,0
2013-01-03,2.5,2.5,2.450000047683716,2.450000047683716,2.221712827682495,16000
2013-01-04,2.4800000190734863,2.5,2.4600000381469727,2.4700000286102295,2.239849328994751,56000
2013-01-07,2.4800000190734863,2.4800000190734863,2.4800000190734863,2.4800000190734863,2.248917579650879,2000
2013-01-08,2.4800000190734863,2.4800000190734863,2.4600000381469727,2.4600000381469727,2.230781316757202,18000
2013-01-09,2.450000047683716,2.450000047683716,2.450000047683716,2.450000047683716,2.221712827682495,22000
2013-01-10,2.450000047683716,2.450000047683716,2.450000047683716,2.450000047683716,2.221712827682495,2000
2013-01-11,2.450000047683716,2.450000047683716,2.450000047683716,2.450000047683716,2.221712827682495,2000
2013-01-14,2.450000047683716,2.450000047683716,2.450000047683716,2.450000047683716,2.221712827682495,0
2013-01-15,2.4800000190734863,2.4800000190734863,2.4600000381469727,2.4600000381469727,2.230781316757202,16000
2013-01-16,2.450000047683716,2.450000047683716,2.450000047683716,2.450000047683716,2.221712827682495,2000
2013-01-17,2.450000047683716,2.450000047683716,2.450000047683716,2.450000047683716,2.221712827682495,24000
2013-01-18,2.450000047683716,2.680000066757202,2.450000047683716,2.4600000381469727,2.230781316757202,84000
2013-01-21,2.4800000190734863,2.4800000190734863,2.4200000762939453,2.4200000762939453,2.1945078372955322,64000
2013-01-22,2.450000047683716,2.450000047683716,2.4200000762939453,2.4200000762939453,2.1945078372955322,14000
2013-01-23,2.440000057220459,2.440000057220459,2.440000057220459,2.440000057220459,2.2126448154449463,0
2013-01-24,2.440000057220459,2.440000057220459,2.440000057220459,2.440000057220459,2.2126448154449463,0
2013-01-25,2.440000057220459,2.440000057220459,2.440000057220459,2.440000057220459,2.2126448154449463,2000
2013-01-28,2.440000057220459,2.440000057220459,2.440000057220459,2.4700000286102295,2.239849328994751,8000
2013-01-29,2.5999999046325684,2.5999999046325684,2.5,2.5,2.2670538425445557,8000
2013-01-30,2.5199999809265137,2.5199999809265137,2.5199999809265137,2.5199999809265137,2.2851903438568115,0
2013-01-31,2.5899999141693115,2.5899999141693115,2.5899999141693115,2.5899999141693115,2.348667860031128,2000
2013-02-01,2.5999999046325684,2.5999999046325684,2.5899999141693115,2.5999999046325684,2.3577358722686768,68000
2013-02-04,2.5,2.5,2.5,2.5,2.2670538425445557,40000
2013-02-05,2.450000047683716,2.450000047683716,2.4200000762939453,2.4200000762939453,2.1945078372955322,24000
2013-02-06,2.450000047683716,2.450000047683716,2.4000000953674316,2.430000066757202,2.2035763263702393,20000
2013-02-07,2.440000057220459,2.440000057220459,2.440000057220459,2.440000057220459,2.2126448154449463,0
2013-02-08,2.440000057220459,2.440000057220459,2.4000000953674316,2.440000057220459,2.2126448154449463,96000
2013-02-14,2.440000057220459,2.440000057220459,2.2799999713897705,2.4000000953674316,2.1763715744018555,130000
2013-02-15,2.4000000953674316,2.4000000953674316,2.4000000953674316,2.4000000953674316,2.1763715744018555,20000
2013-02-18,2.4000000953674316,2.4000000953674316,2.4000000953674316,2.4000000953674316,2.1763715744018555,0
2013-02-19,2.5899999141693115,2.5899999141693115,2.359999895095825,2.4000000953674316,2.1763715744018555,46000
2013-02-20,2.4200000762939453,2.4200000762939453,2.4200000762939453,2.4200000762939453,2.1945078372955322,14000
2013-02-21,2.380000114440918,2.380000114440918,2.3499999046325684,2.3499999046325684,2.131030321121216,38000
2013-02-22,2.380000114440918,2.380000114440918,2.380000114440918,2.380000114440918,2.1582350730895996,0
2013-02-25,2.380000114440918,2.380000114440918,2.380000114440918,2.380000114440918,2.1582350730895996,0
2013-02-26,2.380000114440918,2.380000114440918,2.380000114440918,2.380000114440918,2.1582350730895996,0
2013-02-27,2.4800000190734863,2.5,2.4800000190734863,2.5,2.2670538425445557,14000
2013-02-28,2.5,2.5,2.5,2.5,2.2670538425445557,0
2013-03-01,2.5,2.5,2.5,2.5,2.2670538425445557,0
2013-03-04,2.5,2.5,2.5,2.5,2.2670538425445557,0
2013-03-05,2.5,2.5,2.5,2.5,2.2670538425445557,0
2013-03-06,2.4600000381469727,2.4600000381469727,2.4600000381469727,2.4600000381469727,2.230781316757202,0
2013-03-07,2.4600000381469727,2.4600000381469727,2.380000114440918,2.380000114440918,2.1582350730895996,24000
2013-03-08,2.4200000762939453,2.4200000762939453,2.3399999141693115,2.3499999046325684,2.131030321121216,70000
2013-03-11,2.380000114440918,2.380000114440918,2.380000114440918,2.380000114440918,2.1582350730895996,0
2013-03-12,2.380000114440918,2.380000114440918,2.380000114440918,2.380000114440918,2.1582350730895996,0
2013-03-13,2.4000000953674316,2.4000000953674316,2.4000000953674316,2.4000000953674316,2.1763715744018555,0
2013-03-14,2.4000000953674316,2.4000000953674316,2.4000000953674316,2.4000000953674316,2.1763715744018555,0
2013-03-15,2.4000000953674316,2.4000000953674316,2.4000000953674316,2.4000000953674316,2.1763715744018555,0
2013-03-18,2.4000000953674316,2.4000000953674316,2.4000000953674316,2.4000000953674316,2.1763715744018555,0
2013-03-19,2.4000000953674316,2.4000000953674316,2.4000000953674316,2.4000000953674316,2.1763715744018555,0
2013-03-20,2.4000000953674316,2.4000000953674316,2.4000000953674316,2.4000000953674316,2.1763715744018555,0
2013-03-21,2.4000000953674316,2.4000000953674316,2.3499999046325684,2.3499999046325684,2.131030321121216,34000
2013-03-22,2.369999885559082,2.369999885559082,2.369999885559082,2.369999885559082,2.1491668224334717,2000
2013-03-25,2.4000000953674316,2.4000000953674316,2.25,2.3499999046325684,2.131030321121216,136000
2013-03-26,2.3499999046325684,2.3499999046325684,2.3499999046325684,2.3499999046325684,2.131030321121216,0
2013-03-27,2.390000104904175,2.450000047683716,2.3499999046325684,2.450000047683716,2.221712827682495,14000
2013-03-28,2.4000000953674316,2.4000000953674316,2.299999952316284,2.4000000953674316,2.1763715744018555,20000
2013-04-02,2.380000114440918,2.380000114440918,2.380000114440918,2.380000114440918,2.1582350730895996,4000
2013-04-03,2.4000000953674316,2.4000000953674316,2.380000114440918,2.380000114440918,2.1582350730895996,12000
2013-04-05,2.380000114440918,2.380000114440918,2.1600000858306885,2.3399999141693115,2.121962070465088,154000
2013-04-08,2.319999933242798,2.319999933242798,2.319999933242798,2.319999933242798,2.103825807571411,2000
2013-04-09,2.319999933242798,2.319999933242798,2.319999933242798,2.319999933242798,2.103825807571411,0
2013-04-10,2.319999933242798,2.319999933242798,2.319999933242798,2.319999933242798,2.103825807571411,4000
2013-04-11,2.319999933242798,2.319999933242798,2.319999933242798,2.319999933242798,2.103825807571411,0
2013-04-12,2.319999933242798,2.319999933242798,2.2799999713897705,2.2799999713897705,2.0675530433654785,42000
2013-04-15,2.319999933242798,2.319999933242798,2.319999933242798,2.319999933242798,2.103825807571411,0
2013-04-16,2.319999933242798,2.319999933242798,2.299999952316284,2.299999952316284,2.0856893062591553,4000
2013-04-17,2.299999952316284,2.299999952316284,2.2799999713897705,2.2799999713897705,2.0675530433654785,4000
2013-04-18,2.299999952316284,2.299999952316284,1.850000023841858,2.259999990463257,2.0494165420532227,18000
2013-04-19,2.259999990463257,2.259999990463257,2.259999990463257,2.259999990463257,2.0494165420532227,0
2013-04-22,2.299999952316284,2.299999952316284,2.259999990463257,2.259999990463257,2.0494165420532227,12000
2013-04-23,2.259999990463257,2.259999990463257,2.2300000190734863,2.259999990463257,2.0494165420532227,12000
2013-04-24,2.259999990463257,2.259999990463257,2.259999990463257,2.259999990463257,2.0494165420532227,0
2013-04-25,2.259999990463257,2.259999990463257,2.259999990463257,2.259999990463257,2.0494165420532227,0
2013-04-26,2.259999990463257,2.259999990463257,2.259999990463257,2.259999990463257,2.0494165420532227,0
2013-04-29,2.259999990463257,2.259999990463257,2.259999990463257,2.259999990463257,2.0494165420532227,0
2013-04-30,2.259999990463257,2.259999990463257,2.259999990463257,2.259999990463257,2.0494165420532227,0
2013-05-02,2.319999933242798,2.319999933242798,2.25,2.25,2.0403482913970947,20000
2013-05-03,2.25,2.25,2.25,2.25,2.0403482913970947,0
2013-05-06,2.2200000286102295,2.2200000286102295,2.1600000858306885,2.1600000858306885,1.9587346315383911,38000
2013-05-07,2.1600000858306885,2.1600000858306885,2.0,2.0999999046325684,1.904325008392334,144000
2013-05-08,2.0999999046325684,2.119999885559082,2.049999952316284,2.119999885559082,1.9224616289138794,62000
2013-05-09,2.1600000858306885,2.1600000858306885,2.1600000858306885,2.1700000762939453,1.9678027629852295,4000
2013-05-10,2.1700000762939453,2.1700000762939453,2.1700000762939453,2.1700000762939453,1.9678027629852295,84000
2013-05-13,2.1700000762939453,2.1700000762939453,2.1700000762939453,2.1700000762939453,1.9678027629852295,0
2013-05-14,2.1700000762939453,2.1700000762939453,2.1700000762939453,2.1700000762939453,1.9678027629852295,0
2013-05-15,2.1700000762939453,2.1700000762939453,2.1700000762939453,2.1700000762939453,1.9678027629852295,12000
2013-05-16,2.059999942779541,2.059999942779541,2.0,2.0399999618530273,1.8499157428741455,44000
2013-05-20,2.0,2.0,2.0,2.0,1.863895058631897,16000
2013-05-21,2.0199999809265137,2.0199999809265137,2.0199999809265137,2.0199999809265137,1.8825340270996094,0
2013-05-22,2.0199999809265137,2.0199999809265137,2.0199999809265137,2.0199999809265137,1.8825340270996094,0
2013-05-23,2.0299999713897705,2.1500000953674316,2.009999990463257,2.0199999809265137,1.8825340270996094,52000
2013-05-24,2.0399999618530273,2.0399999618530273,2.0299999713897705,2.0299999713897705,1.8918534517288208,114000
2013-05-27,2.0399999618530273,2.0399999618530273,2.0399999618530273,2.0399999618530273,1.9011728763580322,10000
2013-05-28,2.0399999618530273,2.0399999618530273,2.0399999618530273,2.0399999618530273,1.9011728763580322,0
2013-05-29,2.049999952316284,2.049999952316284,2.049999952316284,2.049999952316284,1.9104923009872437,0
2013-05-30,2.0999999046325684,2.130000114440918,2.0999999046325684,2.130000114440918,1.9850484132766724,180000
2013-05-31,1.9900000095367432,1.9900000095367432,1.9900000095367432,2.0299999713897705,1.8918534517288208,2000
2013-06-03,2.0299999713897705,2.0299999713897705,2.0299999713897705,2.0299999713897705,1.8918534517288208,0
2013-06-04,2.0999999046325684,2.119999885559082,2.0999999046325684,2.109999895095825,1.9664092063903809,54000
2013-06-05,2.109999895095825,2.109999895095825,2.109999895095825,2.109999895095825,1.9664092063903809,0
2013-06-06,2.109999895095825,2.109999895095825,2.109999895095825,2.109999895095825,1.9664092063903809,0
2013-06-07,2.109999895095825,2.109999895095825,2.109999895095825,2.109999895095825,1.9664092063903809,0
2013-06-10,2.109999895095825,2.109999895095825,2.109999895095825,2.109999895095825,1.9664092063903809,0
2013-06-11,2.109999895095825,2.109999895095825,2.109999895095825,2.109999895095825,1.9664092063903809,0
2013-06-13,2.049999952316284,2.049999952316284,2.049999952316284,2.049999952316284,1.9104923009872437,30000
2013-06-14,2.049999952316284,2.049999952316284,2.049999952316284,2.049999952316284,1.9104923009872437,20000
2013-06-17,2.049999952316284,2.049999952316284,2.049999952316284,2.049999952316284,1.9104923009872437,0
2013-06-18,2.049999952316284,2.049999952316284,2.049999952316284,2.049999952316284,1.9104923009872437,0
2013-06-19,2.049999952316284,2.049999952316284,2.009999990463257,2.009999990463257,1.8732144832611084,46000
2013-06-20,2.009999990463257,2.009999990463257,2.009999990463257,2.009999990463257,1.8732144832611084,0
2013-06-21,2.009999990463257,2.009999990463257,2.009999990463257,2.009999990463257,1.8732144832611084,0
2013-06-24,2.009999990463257,2.009999990463257,2.009999990463257,2.009999990463257,1.8732144832611084,0
2013-06-25,1.9600000381469727,1.9600000381469727,1.9600000381469727,1.9600000381469727,1.8266172409057617,0
2013-06-26,2.190000057220459,2.190000057220459,1.7200000286102295,2.0,1.863895058631897,40000
2013-06-27,2.0,2.0,2.0,2.0,1.863895058631897,0
2013-06-28,1.9800000190734863,1.9800000190734863,1.9800000190734863,1.9800000190734863,1.8452562093734741,0
2013-07-02,1.9800000190734863,1.9800000190734863,1.9800000190734863,1.9800000190734863,1.8452562093734741,0
2013-07-03,1.9800000190734863,1.9800000190734863,1.9800000190734863,1.9800000190734863,1.8452562093734741,0
2013-07-04,1.9800000190734863,1.9800000190734863,1.9800000190734863,1.9800000190734863,1.8452562093734741,0
2013-07-05,1.9800000190734863,1.9800000190734863,1.9800000190734863,1.9800000190734863,1.8452562093734741,0
2013-07-08,1.9800000190734863,1.9800000190734863,1.9800000190734863,1.9800000190734863,1.8452562093734741,0
2013-07-09,1.9800000190734863,1.9800000190734863,1.9800000190734863,1.9800000190734863,1.8452562093734741,0
2013-07-10,1.9800000190734863,1.9800000190734863,1.9800000190734863,1.9800000190734863,1.8452562093734741,0
2013-07-11,1.9800000190734863,1.9800000190734863,1.9800000190734863,1.9800000190734863,1.8452562093734741,0
2013-07-12,1.9800000190734863,1.9800000190734863,1.9800000190734863,1.9800000190734863,1.8452562093734741,0
2013-07-15,1.9800000190734863,1.9800000190734863,1.9800000190734863,1.9800000190734863,1.8452562093734741,0
2013-07-16,1.9800000190734863,1.9800000190734863,1.9800000190734863,1.9800000190734863,1.8452562093734741,0
2013-07-17,1.9800000190734863,1.9800000190734863,1.9800000190734863,1.9800000190734863,1.8452562093734741,0
2013-07-18,1.9800000190734863,1.9800000190734863,1.9800000190734863,1.9800000190734863,1.8452562093734741,0
2013-07-19,1.9800000190734863,1.9800000190734863,1.9800000190734863,1.9800000190734863,1.8452562093734741,0
2013-07-22,1.9800000190734863,1.9800000190734863,1.9800000190734863,1.9800000190734863,1.8452562093734741,0
2013-07-23,1.9800000190734863,1.9800000190734863,1.9800000190734863,1.9800000190734863,1.8452562093734741,0
2013-07-24,2.490000009536743,2.490000009536743,2.490000009536743,1.9900000095367432,1.854575753211975,30000
2013-07-25,1.909999966621399,1.909999966621399,1.909999966621399,1.909999966621399,1.7800198793411255,82000
2013-07-26,1.909999966621399,1.909999966621399,1.909999966621399,1.909999966621399,1.7800198793411255,0
2013-07-29,1.909999966621399,1.909999966621399,1.909999966621399,1.909999966621399,1.7800198793411255,30000
2013-07-30,1.909999966621399,1.909999966621399,1.909999966621399,1.909999966621399,1.7800198793411255,0
2013-07-31,1.909999966621399,1.909999966621399,1.909999966621399,1.909999966621399,1.7800198793411255,0
2013-08-01,1.909999966621399,1.909999966621399,1.909999966621399,1.909999966621399,1.7800198793411255,0
2013-08-02,1.909999966621399,1.909999966621399,1.909999966621399,1.909999966621399,1.7800198793411255,0
2013-08-05,1.909999966621399,1.909999966621399,1.909999966621399,1.909999966621399,1.7800198793411255,0
2013-08-06,1.909999966621399,1.909999966621399,1.909999966621399,1.909999966621399,1.7800198793411255,0
2013-08-07,1.909999966621399,1.909999966621399,1.909999966621399,1.909999966621399,1.7800198793411255,2000
2013-08-08,1.9299999475479126,1.9299999475479126,1.9299999475479126,1.9299999475479126,1.798658847808838,38000
2013-08-09,1.9299999475479126,1.9299999475479126,1.9299999475479126,1.9299999475479126,1.798658847808838,0
2013-08-12,1.9299999475479126,1.9299999475479126,1.9299999475479126,1.9299999475479126,1.798658847808838,30000
2013-08-13,1.9299999475479126,1.9299999475479126,1.9299999475479126,1.9299999475479126,1.798658847808838,0
2013-08-14,1.9299999475479126,1.9299999475479126,1.9299999475479126,1.9299999475479126,1.798658847808838,0
2013-08-15,1.9299999475479126,1.9299999475479126,1.9299999475479126,1.9299999475479126,1.798658847808838,0
2013-08-16,1.9299999475479126,1.9299999475479126,1.9299999475479126,1.9299999475479126,1.798658847808838,0
2013-08-19,1.9299999475479126,1.9299999475479126,1.9299999475479126,1.9299999475479126,1.798658847808838,0
2013-08-20,1.9299999475479126,1.9299999475479126,1.9299999475479126,1.9299999475479126,1.798658847808838,0
2013-08-21,1.7999999523162842,1.7999999523162842,1.7999999523162842,1.7999999523162842,1.6775054931640625,30000
2013-08-22,1.75,1.9299999475479126,1.75,1.899999976158142,1.770700454711914,8000
2013-08-23,1.899999976158142,1.899999976158142,1.899999976158142,1.899999976158142,1.770700454711914,0
2013-08-26,1.8899999856948853,1.8899999856948853,1.8899999856948853,1.8899999856948853,1.761380910873413,0
2013-08-27,1.7999999523162842,1.899999976158142,1.649999976158142,1.899999976158142,1.770700454711914,742000
2013-08-28,1.8899999856948853,1.8899999856948853,1.8899999856948853,1.8899999856948853,1.761380910873413,0
2013-08-29,1.8899999856948853,1.8899999856948853,1.8899999856948853,1.8899999856948853,1.761380910873413,0
2013-08-30,1.8899999856948853,1.8899999856948853,1.8899999856948853,1.8899999856948853,1.761380910873413,0
2013-09-02,1.8899999856948853,1.8899999856948853,1.8899999856948853,1.8899999856948853,1.761380910873413,0
2013-09-03,1.850000023841858,1.850000023841858,1.850000023841858,1.850000023841858,1.7241029739379883,0
2013-09-04,1.7999999523162842,1.7999999523162842,1.7999999523162842,1.7999999523162842,1.6775054931640625,0
2013-09-05,1.7999999523162842,1.7999999523162842,1.7999999523162842,1.7999999523162842,1.6775054931640625,0
2013-09-06,1.7999999523162842,1.7999999523162842,1.7999999523162842,1.7999999523162842,1.6775054931640625,0
2013-09-09,1.850000023841858,1.850000023841858,1.850000023841858,1.8200000524520874,1.696144461631775,2000
2013-09-10,1.8200000524520874,1.8200000524520874,1.8200000524520874,1.8200000524520874,1.696144461631775,0
2013-09-11,1.8200000524520874,1.8200000524520874,1.8200000524520874,1.8200000524520874,1.696144461631775,0
2013-09-12,1.8300000429153442,1.8300000429153442,1.8300000429153442,1.8300000429153442,1.7054640054702759,50000
2013-09-13,1.8300000429153442,1.8300000429153442,1.809999942779541,1.809999942779541,1.6868250370025635,6000
2013-09-16,1.809999942779541,1.809999942779541,1.809999942779541,1.809999942779541,1.6868250370025635,0
2013-09-17,1.809999942779541,1.809999942779541,1.809999942779541,1.809999942779541,1.6868250370025635,0
2013-09-18,1.7000000476837158,1.7999999523162842,1.7000000476837158,1.7999999523162842,1.6775054931640625,770000
2013-09-19,1.7999999523162842,1.7999999523162842,1.7999999523162842,1.7999999523162842,1.6775054931640625,0
2013-09-23,1.850000023841858,1.899999976158142,1.850000023841858,1.899999976158142,1.770700454711914,218000
2013-09-24,1.9500000476837158,1.9600000381469727,1.940000057220459,1.9500000476837158,1.8172978162765503,62000
2013-09-25,1.9500000476837158,1.9500000476837158,1.9500000476837158,1.9500000476837158,1.8172978162765503,46000
2013-09-26,1.9500000476837158,1.9500000476837158,1.9500000476837158,1.9500000476837158,1.8172978162765503,82000
2013-09-27,1.9500000476837158,1.9500000476837158,1.9500000476837158,1.9500000476837158,1.8172978162765503,40000
2013-09-30,2.0299999713897705,2.0299999713897705,2.0299999713897705,2.0199999809265137,1.8825340270996094,26000
2013-10-02,2.0,2.0,2.0,2.0,1.863895058631897,20000
2013-10-03,2.0,2.0,2.0,2.0,1.863895058631897,0
2013-10-04,2.0,2.0,2.0,2.0,1.863895058631897,0
2013-10-07,2.0,2.0,2.0,2.0,1.863895058631897,0
2013-10-08,2.0,2.0,2.0,2.0,1.863895058631897,0
2013-10-09,1.809999942779541,1.9500000476837158,1.809999942779541,1.840000033378601,1.7147834300994873,68000
2013-10-10,1.840000033378601,1.840000033378601,1.840000033378601,1.840000033378601,1.7147834300994873,0
2013-10-11,1.8200000524520874,1.8200000524520874,1.809999942779541,1.8200000524520874,1.696144461631775,30000
2013-10-15,1.7599999904632568,1.7599999904632568,1.7599999904632568,1.7599999904632568,1.6402276754379272,28000
2013-10-16,1.7599999904632568,1.7599999904632568,1.7599999904632568,1.7599999904632568,1.6402276754379272,0
2013-10-17,1.7599999904632568,1.7599999904632568,1.7599999904632568,1.7599999904632568,1.6402276754379272,0
2013-10-18,1.7799999713897705,1.7799999713897705,1.7799999713897705,1.7799999713897705,1.65886652469635,0
2013-10-21,1.7999999523162842,1.7999999523162842,1.7999999523162842,1.7999999523162842,1.6775054931640625,0
2013-10-22,1.899999976158142,1.899999976158142,1.899999976158142,1.850000023841858,1.7241029739379883,2000
2013-10-23,1.8600000143051147,1.8600000143051147,1.8600000143051147,1.8799999952316284,1.752061367034912,2000
2013-10-24,1.8799999952316284,1.8799999952316284,1.8799999952316284,1.8799999952316284,1.752061367034912,0
2013-10-25,1.8799999952316284,1.8799999952316284,1.8799999952316284,1.8799999952316284,1.752061367034912,0
2013-10-28,1.8799999952316284,1.8799999952316284,1.8799999952316284,1.8799999952316284,1.752061367034912,0
2013-10-29,1.8799999952316284,1.8799999952316284,1.8799999952316284,1.8799999952316284,1.752061367034912,0
2013-10-30,1.899999976158142,1.9299999475479126,1.899999976158142,1.9299999475479126,1.798658847808838,12000
2013-10-31,1.9299999475479126,1.9299999475479126,1.9299999475479126,1.9299999475479126,1.798658847808838,0
2013-11-01,1.9299999475479126,1.9299999475479126,1.9299999475479126,1.9299999475479126,1.798658847808838,0
2013-11-04,1.9299999475479126,1.9299999475479126,1.9299999475479126,1.9299999475479126,1.798658847808838,0
2013-11-05,1.9299999475479126,1.9299999475479126,1.9299999475479126,1.9299999475479126,1.798658847808838,0
2013-11-06,1.9299999475479126,1.9299999475479126,1.9299999475479126,1.9299999475479126,1.798658847808838,0
2013-11-07,1.9299999475479126,1.9299999475479126,1.9299999475479126,1.9299999475479126,1.798658847808838,0
2013-11-08,1.9199999570846558,1.9199999570846558,1.9199999570846558,1.9199999570846558,1.789339303970337,0
2013-11-11,1.9199999570846558,1.9199999570846558,1.9199999570846558,1.9199999570846558,1.789339303970337,0
2013-11-12,1.7999999523162842,1.7999999523162842,1.7999999523162842,1.7999999523162842,1.6775054931640625,34000
2013-11-13,1.7999999523162842,1.7999999523162842,1.7999999523162842,1.7999999523162842,1.6775054931640625,0
2013-11-14,1.75,1.75,1.75,1.75,1.6309082508087158,10000
2013-11-15,1.75,1.75,1.75,1.75,1.6309082508087158,18000
2013-11-18,1.75,1.75,1.75,1.75,1.6309082508087158,0
2013-11-19,1.75,1.75,1.75,1.75,1.6309082508087158,0
2013-11-20,1.75,1.75,1.75,1.75,1.6309082508087158,0
2013-11-21,1.75,1.75,1.75,1.75,1.6309082508087158,0
2013-11-22,1.75,1.75,1.75,1.75,1.6309082508087158,0
2013-11-25,1.75,1.75,1.75,1.75,1.6309082508087158,0
2013-11-26,1.75,1.75,1.75,1.75,1.6309082508087158,0
2013-11-27,1.75,1.75,1.75,1.75,1.6309082508087158,0
2013-11-28,1.75,1.75,1.75,1.75,1.6309082508087158,0
2013-11-29,1.75,1.75,1.75,1.75,1.6309082508087158,0
2013-12-02,1.75,1.75,1.75,1.75,1.6309082508087158,0
2013-12-03,1.6200000047683716,1.7899999618530273,1.6200000047683716,1.7899999618530273,1.668186068534851,4000
2013-12-04,1.7899999618530273,1.7899999618530273,1.7899999618530273,1.7899999618530273,1.668186068534851,0
2013-12-05,1.7899999618530273,1.7899999618530273,1.7899999618530273,1.7899999618530273,1.668186068534851,0
2013-12-06,1.7899999618530273,1.7899999618530273,1.7899999618530273,1.7899999618530273,1.668186068534851,0
2013-12-09,1.7899999618530273,1.7899999618530273,1.7899999618530273,1.7899999618530273,1.668186068534851,0
2013-12-10,1.7899999618530273,1.7899999618530273,1.7899999618530273,1.7899999618530273,1.668186068534851,0
2013-12-11,1.7899999618530273,1.7899999618530273,1.7899999618530273,1.7899999618530273,1.668186068534851,0
2013-12-12,1.7899999618530273,1.7899999618530273,1.7899999618530273,1.7899999618530273,1.668186068534851,0
2013-12-13,1.7899999618530273,1.7899999618530273,1.7899999618530273,1.7899999618530273,1.668186068534851,0
2013-12-16,1.7899999618530273,1.7899999618530273,1.7899999618530273,1.7899999618530273,1.668186068534851,0
2013-12-17,1.7899999618530273,1.7899999618530273,1.7899999618530273,1.7899999618530273,1.668186068534851,0
2013-12-18,1.7899999618530273,1.7899999618530273,1.7899999618530273,1.7899999618530273,1.668186068534851,0
2013-12-19,1.7899999618530273,1.7899999618530273,1.7899999618530273,1.7899999618530273,1.668186068534851,0
2013-12-20,1.7899999618530273,1.7899999618530273,1.7899999618530273,1.7899999618530273,1.668186068534851,0
2013-12-23,1.7899999618530273,1.7899999618530273,1.7899999618530273,1.7899999618530273,1.668186068534851,0
2013-12-24,1.7899999618530273,1.7899999618530273,1.7899999618530273,1.7899999618530273,1.668186068534851,0
2013-12-27,1.7799999713897705,1.7799999713897705,1.7799999713897705,1.7799999713897705,1.65886652469635,0
2013-12-30,1.7799999713897705,1.7799999713897705,1.7799999713897705,1.7799999713897705,1.65886652469635,0
2013-12-31,1.600000023841858,1.7899999618530273,1.600000023841858,1.7799999713897705,1.65886652469635,46000
2014-01-02,1.7799999713897705,1.7799999713897705,1.7799999713897705,1.7799999713897705,1.65886652469635,0
2014-01-03,1.7799999713897705,1.7799999713897705,1.7799999713897705,1.7799999713897705,1.65886652469635,0
2014-01-06,1.7599999904632568,1.7599999904632568,1.7599999904632568,1.7599999904632568,1.6402276754379272,0
2014-01-07,1.600000023841858,1.7000000476837158,1.600000023841858,1.7000000476837158,1.5843110084533691,78000
2014-01-08,1.6799999475479126,1.6799999475479126,1.5,1.5299999713897705,1.425879716873169,18000
2014-01-09,1.5700000524520874,1.5700000524520874,1.5700000524520874,1.5700000524520874,1.4631576538085938,14000
2014-01-10,1.7000000476837158,1.7000000476837158,1.7000000476837158,1.690000057220459,1.5749914646148682,2000
2014-01-13,1.690000057220459,1.690000057220459,1.690000057220459,1.690000057220459,1.5749914646148682,0
2014-01-14,1.649999976158142,1.649999976158142,1.649999976158142,1.649999976158142,1.5377132892608643,14000
2014-01-15,1.649999976158142,1.649999976158142,1.649999976158142,1.649999976158142,1.5377132892608643,0
2014-01-16,1.649999976158142,1.649999976158142,1.649999976158142,1.649999976158142,1.5377132892608643,0
2014-01-17,1.649999976158142,1.649999976158142,1.649999976158142,1.649999976158142,1.5377132892608643,0
2014-01-20,1.649999976158142,1.649999976158142,1.649999976158142,1.649999976158142,1.5377132892608643,0
2014-01-21,1.649999976158142,1.649999976158142,1.649999976158142,1.649999976158142,1.5377132892608643,0
2014-01-22,1.649999976158142,1.649999976158142,1.649999976158142,1.649999976158142,1.5377132892608643,0
2014-01-23,1.649999976158142,1.649999976158142,1.649999976158142,1.649999976158142,1.5377132892608643,0
2014-01-24,1.649999976158142,1.649999976158142,1.649999976158142,1.649999976158142,1.5377132892608643,0
2014-01-27,1.649999976158142,1.649999976158142,1.649999976158142,1.649999976158142,1.5377132892608643,0
2014-01-28,1.649999976158142,1.649999976158142,1.649999976158142,1.649999976158142,1.5377132892608643,0
2014-01-29,1.4500000476837158,1.649999976158142,1.4500000476837158,1.649999976158142,1.5377132892608643,16000
2014-01-30,1.649999976158142,1.649999976158142,1.649999976158142,1.649999976158142,1.5377132892608643,0
2014-02-04,1.649999976158142,1.649999976158142,1.649999976158142,1.649999976158142,1.5377132892608643,0
2014-02-05,1.600000023841858,1.600000023841858,1.5,1.5,1.3979213237762451,4000
2014-02-06,1.5099999904632568,1.5099999904632568,1.5,1.5,1.3979213237762451,8000
2014-02-07,1.4500000476837158,1.4500000476837158,1.4500000476837158,1.4500000476837158,1.3513240814208984,40000
2014-02-10,1.4500000476837158,1.4500000476837158,1.4500000476837158,1.4500000476837158,1.3513240814208984,0
2014-02-11,1.4500000476837158,1.4800000190734863,1.4500000476837158,1.4500000476837158,1.3513240814208984,18000
2014-02-12,1.3799999952316284,1.3799999952316284,1.3700000047683716,1.3700000047683716,1.2767680883407593,8000
2014-02-13,1.3899999856948853,1.399999976158142,1.3899999856948853,1.399999976158142,1.304726481437683,18000
2014-02-14,1.4600000381469727,1.5,1.4600000381469727,1.5,1.3979213237762451,210000
2014-02-17,1.5099999904632568,1.5099999904632568,1.5,1.4900000095367432,1.3886020183563232,44000
2014-02-18,1.4900000095367432,1.4900000095367432,1.4900000095367432,1.4900000095367432,1.3886020183563232,0
2014-02-19,1.4800000190734863,1.4800000190734863,1.4800000190734863,1.4800000190734863,1.3792824745178223,0
2014-02-20,1.4800000190734863,1.4800000190734863,1.4800000190734863,1.4800000190734863,1.3792824745178223,0
2014-02-21,1.440000057220459,1.4500000476837158,1.440000057220459,1.440000057220459,1.3420045375823975,366000
2014-02-24,1.440000057220459,1.440000057220459,1.440000057220459,1.440000057220459,1.3420045375823975,0
2014-02-25,1.440000057220459,1.440000057220459,1.440000057220459,1.440000057220459,1.3420045375823975,0
2014-02-26,1.440000057220459,1.440000057220459,1.440000057220459,1.440000057220459,1.3420045375823975,0
2014-02-27,1.3700000047683716,1.4199999570846558,1.350000023841858,1.3799999952316284,1.2860875129699707,48000
2014-02-28,1.3799999952316284,1.3799999952316284,1.3799999952316284,1.3799999952316284,1.2860875129699707,0
2014-03-03,1.3799999952316284,1.3799999952316284,1.3799999952316284,1.3799999952316284,1.2860875129699707,0
2014-03-04,1.3799999952316284,1.3799999952316284,1.3799999952316284,1.3799999952316284,1.2860875129699707,0
2014-03-05,1.399999976158142,1.399999976158142,1.399999976158142,1.399999976158142,1.304726481437683,30000
2014-03-06,1.5499999523162842,1.559999942779541,1.5499999523162842,1.559999942779541,1.4538381099700928,4000
2014-03-07,1.559999942779541,1.559999942779541,1.559999942779541,1.559999942779541,1.4538381099700928,0
2014-03-10,1.559999942779541,1.559999942779541,1.559999942779541,1.559999942779541,1.4538381099700928,0
2014-03-11,1.559999942779541,1.559999942779541,1.559999942779541,1.559999942779541,1.4538381099700928,0
2014-03-12,1.559999942779541,1.559999942779541,1.559999942779541,1.559999942779541,1.4538381099700928,0
2014-03-13,1.559999942779541,1.559999942779541,1.559999942779541,1.559999942779541,1.4538381099700928,0
2014-03-14,1.399999976158142,1.399999976158142,1.3899999856948853,1.4199999570846558,1.323365330696106,22000
2014-03-17,1.399999976158142,1.399999976158142,1.3899999856948853,1.409999966621399,1.314046025276184,18000
2014-03-18,1.3899999856948853,1.3899999856948853,1.3899999856948853,1.3899999856948853,1.2954070568084717,36000
2014-03-19,1.3899999856948853,1.3899999856948853,1.3899999856948853,1.3899999856948853,1.2954070568084717,140000
2014-03-20,1.3899999856948853,1.409999966621399,1.350000023841858,1.409999966621399,1.314046025276184,42700
2014-03-21,1.440000057220459,1.5099999904632568,1.440000057220459,1.5099999904632568,1.4072407484054565,20242000
2014-03-24,1.5,1.559999942779541,1.5,1.5499999523162842,1.4445185661315918,162000
2014-03-25,1.5499999523162842,1.590000033378601,1.5399999618530273,1.590000033378601,1.4817965030670166,3758000
2014-03-26,1.600000023841858,1.7899999618530273,1.600000023841858,1.6799999475479126,1.5656719207763672,724000
2014-03-27,1.75,1.7799999713897705,1.659999966621399,1.659999966621399,1.5470329523086548,286000
2014-03-28,1.659999966621399,1.659999966621399,1.659999966621399,1.659999966621399,1.5470329523086548,0
2014-03-31,1.659999966621399,1.659999966621399,1.659999966621399,1.659999966621399,1.5470329523086548,0
2014-04-01,1.659999966621399,1.659999966621399,1.659999966621399,1.659999966621399,1.5470329523086548,0
2014-04-02,1.75,1.7999999523162842,1.7400000095367432,1.7899999618530273,1.668186068534851,344000
2014-04-03,1.7999999523162842,1.7999999523162842,1.600000023841858,1.6200000047683716,1.50975501537323,726000
2014-04-04,1.5800000429153442,1.7000000476837158,1.5800000429153442,1.7000000476837158,1.5843110084533691,116000
2014-04-07,1.6699999570846558,1.6699999570846558,1.659999966621399,1.659999966621399,1.5470329523086548,22000
2014-04-08,1.6200000047683716,1.6200000047683716,1.6200000047683716,1.6200000047683716,1.50975501537323,24000
2014-04-09,1.6399999856948853,1.7999999523162842,1.6399999856948853,1.7400000095367432,1.6215888261795044,216000
2014-04-10,1.7000000476837158,1.7400000095367432,1.649999976158142,1.7000000476837158,1.5843110084533691,36000
2014-04-11,1.690000057220459,1.7000000476837158,1.690000057220459,1.7000000476837158,1.5843110084533691,18000
2014-04-14,1.7000000476837158,1.7000000476837158,1.7000000476837158,1.7000000476837158,1.5843110084533691,0
2014-04-15,1.590000033378601,1.6299999952316284,1.5800000429153442,1.6100000143051147,1.500435471534729,56000
2014-04-16,1.6100000143051147,1.6100000143051147,1.6100000143051147,1.6100000143051147,1.500435471534729,0
2014-04-17,1.7400000095367432,1.7400000095367432,1.649999976158142,1.649999976158142,1.5377132892608643,204000
2014-04-22,1.649999976158142,1.649999976158142,1.6299999952316284,1.649999976158142,1.5377132892608643,34000
2014-04-23,1.649999976158142,1.659999966621399,1.649999976158142,1.659999966621399,1.5470329523086548,54000
2014-04-24,1.7000000476837158,1.7000000476837158,1.7000000476837158,1.7000000476837158,1.5843110084533691,64000
2014-04-25,1.7200000286102295,1.7400000095367432,1.7200000286102295,1.7400000095367432,1.6215888261795044,40000
2014-04-28,1.7400000095367432,1.7400000095367432,1.7000000476837158,1.7000000476837158,1.5843110084533691,186000
2014-04-29,1.690000057220459,1.690000057220459,1.690000057220459,1.690000057220459,1.5749914646148682,0
2014-04-30,1.6299999952316284,1.659999966621399,1.559999942779541,1.6399999856948853,1.5283938646316528,304000
2014-05-02,1.649999976158142,1.6799999475479126,1.649999976158142,1.6799999475479126,1.5656719207763672,100000
2014-05-05,1.649999976158142,1.6799999475479126,1.6399999856948853,1.6699999570846558,1.5563524961471558,18000
2014-05-07,1.649999976158142,1.649999976158142,1.649999976158142,1.649999976158142,1.5377132892608643,8000
2014-05-08,1.649999976158142,1.649999976158142,1.649999976158142,1.649999976158142,1.5377132892608643,0
2014-05-09,1.6299999952316284,1.6399999856948853,1.6299999952316284,1.6399999856948853,1.5283938646316528,52000
2014-05-12,1.659999966621399,1.6799999475479126,1.659999966621399,1.6699999570846558,1.5563524961471558,40000
2014-05-13,1.659999966621399,1.659999966621399,1.659999966621399,1.659999966621399,1.5470329523086548,0
2014-05-14,1.649999976158142,1.7200000286102295,1.649999976158142,1.7300000190734863,1.6122692823410034,162000
2014-05-15,1.7300000190734863,1.75,1.7300000190734863,1.7400000095367432,1.6215888261795044,12000
2014-05-16,1.7300000190734863,1.7699999809265137,1.7300000190734863,1.7599999904632568,1.6402276754379272,46000
2014-05-19,1.7400000095367432,1.7699999809265137,1.7300000190734863,1.7599999904632568,1.6402276754379272,2000
2014-05-20,1.7300000190734863,1.75,1.7200000286102295,1.75,1.6309082508087158,34000
2014-05-21,1.75,1.75,1.75,1.7400000095367432,1.6215888261795044,20000
2014-05-22,1.7300000190734863,1.7400000095367432,1.6799999475479126,1.7300000190734863,1.6599695682525635,26000
2014-05-23,1.690000057220459,1.690000057220459,1.690000057220459,1.690000057220459,1.6215888261795044,6000
2014-05-26,1.690000057220459,1.690000057220459,1.690000057220459,1.690000057220459,1.6215888261795044,0
2014-05-27,1.7100000381469727,1.7100000381469727,1.7100000381469727,1.7100000381469727,1.6407791376113892,0
2014-05-28,1.75,1.75,1.690000057220459,1.75,1.6791598796844482,16000
2014-05-29,1.75,1.75,1.75,1.75,1.6791598796844482,6000
2014-05-30,1.7400000095367432,1.7400000095367432,1.7400000095367432,1.7400000095367432,1.6695647239685059,66000
2014-06-03,1.7400000095367432,1.7400000095367432,1.7400000095367432,1.7400000095367432,1.6695647239685059,0
2014-06-04,1.75,1.75,1.75,1.75,1.6791598796844482,28000
2014-06-05,1.7100000381469727,1.75,1.7100000381469727,1.75,1.6791598796844482,218000
2014-06-06,1.75,1.75,1.75,1.75,1.6791598796844482,0
2014-06-09,1.75,1.75,1.7100000381469727,1.75,1.6791598796844482,102000
2014-06-10,1.75,1.7599999904632568,1.75,1.7599999904632568,1.6887551546096802,80000
2014-06-11,1.7699999809265137,1.7999999523162842,1.7699999809265137,1.7799999713897705,1.707945466041565,122000
2014-06-12,1.7799999713897705,1.7799999713897705,1.7699999809265137,1.7699999809265137,1.698350429534912,58000
2014-06-13,1.7999999523162842,1.7999999523162842,1.7999999523162842,1.7999999523162842,1.7271358966827393,294000
2014-06-16,1.7999999523162842,1.7999999523162842,1.7999999523162842,1.7999999523162842,1.7271358966827393,32000
2014-06-17,1.7999999523162842,1.7999999523162842,1.7999999523162842,1.7999999523162842,1.7271358966827393,0
2014-06-18,1.7999999523162842,1.7999999523162842,1.7999999523162842,1.7999999523162842,1.7271358966827393,0
2014-06-19,1.7999999523162842,1.7999999523162842,1.7999999523162842,1.7999999523162842,1.7271358966827393,0
2014-06-20,1.7899999618530273,1.7899999618530273,1.7899999618530273,1.7899999618530273,1.7175407409667969,10000
2014-06-23,1.7799999713897705,1.7799999713897705,1.7799999713897705,1.7799999713897705,1.707945466041565,0
2014-06-24,1.7799999713897705,1.7799999713897705,1.7799999713897705,1.7799999713897705,1.707945466041565,0
2014-06-25,1.7200000286102295,1.7200000286102295,1.7200000286102295,1.7200000286102295,1.650374412536621,14000
2014-06-26,1.7300000190734863,1.7300000190734863,1.7300000190734863,1.7300000190734863,1.6599695682525635,0
2014-06-27,1.7200000286102295,1.7200000286102295,1.7200000286102295,1.7200000286102295,1.650374412536621,40000
2014-06-30,1.7200000286102295,1.7200000286102295,1.7200000286102295,1.7200000286102295,1.650374412536621,0
2014-07-02,1.7000000476837158,1.7000000476837158,1.6799999475479126,1.6799999475479126,1.6119935512542725,216000
2014-07-03,1.659999966621399,1.7000000476837158,1.5800000429153442,1.6200000047683716,1.554422378540039,122000
2014-07-04,1.6200000047683716,1.7000000476837158,1.5800000429153442,1.6799999475479126,1.6119935512542725,200000
2014-07-07,1.7000000476837158,1.7000000476837158,1.600000023841858,1.659999966621399,1.5928031206130981,152000
2014-07-08,1.6799999475479126,1.6799999475479126,1.6100000143051147,1.6799999475479126,1.6119935512542725,104000
2014-07-09,1.6200000047683716,1.6200000047683716,1.559999942779541,1.5700000524520874,1.5064462423324585,146000
2014-07-10,1.559999942779541,1.600000023841858,1.559999942779541,1.559999942779541,1.4968510866165161,152000
2014-07-11,1.559999942779541,1.600000023841858,1.5,1.600000023841858,1.5352319478988647,172000
2014-07-14,1.5800000429153442,1.600000023841858,1.5800000429153442,1.600000023841858,1.5352319478988647,70000
2014-07-15,1.600000023841858,1.600000023841858,1.600000023841858,1.600000023841858,1.5352319478988647,0
2014-07-16,1.5499999523162842,1.5499999523162842,1.5499999523162842,1.5499999523162842,1.4872559309005737,36000
2014-07-17,1.600000023841858,1.600000023841858,1.600000023841858,1.600000023841858,1.5352319478988647,30000
2014-07-18,1.600000023841858,1.600000023841858,1.600000023841858,1.600000023841858,1.5352319478988647,0
2014-07-21,1.600000023841858,1.600000023841858,1.600000023841858,1.600000023841858,1.5352319478988647,4000
2014-07-22,1.600000023841858,1.600000023841858,1.600000023841858,1.600000023841858,1.5352319478988647,0
2014-07-23,1.600000023841858,1.600000023841858,1.600000023841858,1.600000023841858,1.5352319478988647,0
2014-07-24,1.590000033378601,1.590000033378601,1.590000033378601,1.590000033378601,1.5256367921829224,0
2014-07-25,1.5800000429153442,1.5800000429153442,1.5800000429153442,1.5800000429153442,1.51604163646698,0
2014-07-28,1.5800000429153442,1.5800000429153442,1.5800000429153442,1.5800000429153442,1.51604163646698,0
2014-07-29,1.5399999618530273,1.5399999618530273,1.5,1.5,1.4392800331115723,130000
2014-07-30,1.5,1.5,1.5,1.5,1.4392800331115723,0
2014-07-31,1.340000033378601,1.5299999713897705,1.340000033378601,1.5299999713897705,1.4680655002593994,440000
2014-08-01,1.5299999713897705,1.5299999713897705,1.5299999713897705,1.5299999713897705,1.4680655002593994,0
2014-08-04,1.5,1.5,1.5,1.5,1.4392800331115723,2000
2014-08-05,1.5,1.5,1.5,1.5,1.4392800331115723,100000
2014-08-06,1.5199999809265137,1.5199999809265137,1.4500000476837158,1.5199999809265137,1.458470344543457,22000
2014-08-07,1.5,1.5,1.5,1.5,1.4392800331115723,4000
2014-08-08,1.5,1.5,1.5,1.5,1.4392800331115723,0
2014-08-11,1.5,1.5,1.5,1.5,1.4392800331115723,0
2014-08-12,1.5,1.5,1.5,1.5,1.4392800331115723,0
2014-08-13,1.5,1.5,1.5,1.5,1.4392800331115723,0
2014-08-14,1.4500000476837158,1.4500000476837158,1.4500000476837158,1.4500000476837158,1.3913040161132812,30000
2014-08-15,1.5499999523162842,1.5499999523162842,1.4500000476837158,1.4700000286102295,1.4104944467544556,60000
2014-08-18,1.4700000286102295,1.4700000286102295,1.4700000286102295,1.4700000286102295,1.4104944467544556,0
2014-08-19,1.4900000095367432,1.4900000095367432,1.4900000095367432,1.4900000095367432,1.4296847581863403,118000
2014-08-20,1.5,1.5,1.5,1.5,1.4392800331115723,0
2014-08-21,1.5,1.5,1.5,1.5,1.4392800331115723,0
2014-08-22,1.5499999523162842,1.5499999523162842,1.5499999523162842,1.5499999523162842,1.4872559309005737,30000
2014-08-25,1.5499999523162842,1.5499999523162842,1.5499999523162842,1.5499999523162842,1.4872559309005737,110000
2014-08-26,1.5199999809265137,1.5199999809265137,1.5199999809265137,1.5199999809265137,1.458470344543457,0
2014-08-27,1.5199999809265137,1.5199999809265137,1.5199999809265137,1.5199999809265137,1.458470344543457,0
2014-08-28,1.5299999713897705,1.5299999713897705,1.5299999713897705,1.5299999713897705,1.4680655002593994,0
2014-08-29,1.5700000524520874,1.5800000429153442,1.5700000524520874,1.5800000429153442,1.51604163646698,22000
2014-09-01,1.5800000429153442,1.5800000429153442,1.5800000429153442,1.5800000429153442,1.51604163646698,0
2014-09-02,1.5399999618530273,1.5399999618530273,1.5399999618530273,1.5399999618530273,1.4776607751846313,0
2014-09-03,1.4500000476837158,1.600000023841858,1.4500000476837158,1.600000023841858,1.5352319478988647,280000
2014-09-04,1.5,1.6299999952316284,1.5,1.600000023841858,1.5352319478988647,202000
2014-09-05,1.600000023841858,1.600000023841858,1.600000023841858,1.600000023841858,1.5352319478988647,0
2014-09-08,1.600000023841858,1.600000023841858,1.5399999618530273,1.5399999618530273,1.4776607751846313,76000
2014-09-10,1.5399999618530273,1.5399999618530273,1.5399999618530273,1.5399999618530273,1.4776607751846313,0
2014-09-11,1.5499999523162842,1.5499999523162842,1.5499999523162842,1.559999942779541,1.4968510866165161,14000
2014-09-12,1.559999942779541,1.559999942779541,1.559999942779541,1.559999942779541,1.4968510866165161,0
2014-09-15,1.559999942779541,1.559999942779541,1.559999942779541,1.559999942779541,1.4968510866165161,0
2014-09-16,1.559999942779541,1.559999942779541,1.559999942779541,1.559999942779541,1.4968510866165161,0
2014-09-17,1.5499999523162842,1.5499999523162842,1.5499999523162842,1.5499999523162842,1.4872559309005737,20000
2014-09-18,1.5499999523162842,1.5499999523162842,1.5499999523162842,1.5499999523162842,1.4872559309005737,0
2014-09-19,1.5499999523162842,1.5499999523162842,1.5499999523162842,1.5499999523162842,1.4872559309005737,0
2014-09-22,1.4800000190734863,1.4800000190734863,1.4800000190734863,1.5,1.4392800331115723,10000
2014-09-23,1.5,1.5,1.5,1.5,1.4392800331115723,0
2014-09-24,1.5199999809265137,1.5199999809265137,1.5199999809265137,1.5199999809265137,1.458470344543457,0
2014-09-25,1.5,1.5,1.5,1.5,1.4392800331115723,30000
2014-09-26,1.5499999523162842,1.5499999523162842,1.5499999523162842,1.5499999523162842,1.4872559309005737,60000
2014-09-29,1.5099999904632568,1.5099999904632568,1.5,1.5,1.4392800331115723,110000
2014-09-30,1.5,1.5,1.5,1.5,1.4392800331115723,50000
2014-10-03,1.5,1.5,1.5,1.5,1.4392800331115723,0
2014-10-06,1.5,1.5,1.5,1.5,1.4392800331115723,0
2014-10-07,1.5,1.5,1.5,1.5,1.4392800331115723,0
2014-10-08,1.5,1.559999942779541,1.5,1.5,1.4392800331115723,112000
2014-10-09,1.5,1.5,1.5,1.5,1.4392800331115723,0
2014-10-10,1.5,1.5,1.4800000190734863,1.4800000190734863,1.4200894832611084,110000
2014-10-13,1.4900000095367432,1.4900000095367432,1.4900000095367432,1.4900000095367432,1.4296847581863403,20000
2014-10-14,1.4900000095367432,1.4900000095367432,1.4900000095367432,1.4900000095367432,1.4296847581863403,0
2014-10-15,1.4800000190734863,1.559999942779541,1.4800000190734863,1.4800000190734863,1.4200894832611084,198000
2014-10-16,1.4500000476837158,1.4500000476837158,1.4500000476837158,1.4500000476837158,1.3913040161132812,60000
2014-10-17,1.5199999809265137,1.5299999713897705,1.5199999809265137,1.4900000095367432,1.4296847581863403,60000
2014-10-20,1.4900000095367432,1.4900000095367432,1.4900000095367432,1.4900000095367432,1.4296847581863403,0
2014-10-21,1.4600000381469727,1.5299999713897705,1.4600000381469727,1.5299999713897705,1.4680655002593994,70000
2014-10-22,1.5299999713897705,1.5299999713897705,1.5299999713897705,1.5299999713897705,1.4680655002593994,0
2014-10-23,1.5299999713897705,1.5299999713897705,1.5299999713897705,1.5299999713897705,1.4680655002593994,20000
2014-10-24,1.5299999713897705,1.5299999713897705,1.5299999713897705,1.5299999713897705,1.4680655002593994,0
2014-10-27,1.5299999713897705,1.5299999713897705,1.5299999713897705,1.5299999713897705,1.4680655002593994,0
2014-10-28,1.4800000190734863,1.4800000190734863,1.4800000190734863,1.4800000190734863,1.4200894832611084,10000
2014-10-29,1.4800000190734863,1.4800000190734863,1.4800000190734863,1.4800000190734863,1.4200894832611084,4000
2014-10-30,1.4800000190734863,1.4800000190734863,1.4800000190734863,1.4800000190734863,1.4200894832611084,2000
2014-10-31,1.4800000190734863,1.4800000190734863,1.4800000190734863,1.4800000190734863,1.4200894832611084,0
2014-11-03,1.4800000190734863,1.4800000190734863,1.4800000190734863,1.4800000190734863,1.4200894832611084,0
2014-11-04,1.4800000190734863,1.4800000190734863,1.4800000190734863,1.4800000190734863,1.4200894832611084,0
2014-11-05,1.4800000190734863,1.4800000190734863,1.440000057220459,1.440000057220459,1.3817088603973389,38000
2014-11-06,1.4500000476837158,1.5,1.3600000143051147,1.5,1.4392800331115723,220000
2014-11-07,1.4500000476837158,1.4500000476837158,1.4500000476837158,1.4500000476837158,1.3913040161132812,0
2014-11-10,1.4500000476837158,1.4500000476837158,1.399999976158142,1.399999976158142,1.3433279991149902,6000
2014-11-11,1.4500000476837158,1.4500000476837158,1.4500000476837158,1.4500000476837158,1.3913040161132812,300000
2014-11-12,1.4500000476837158,1.4500000476837158,1.4500000476837158,1.4500000476837158,1.3913040161132812,10000
2014-11-13,1.4199999570846558,1.4199999570846558,1.4199999570846558,1.4199999570846558,1.362518310546875,4000
2014-11-14,1.4199999570846558,1.4199999570846558,1.4199999570846558,1.4199999570846558,1.362518310546875,0
2014-11-17,1.4199999570846558,1.4199999570846558,1.4199999570846558,1.4199999570846558,1.362518310546875,0
2014-11-18,1.4199999570846558,1.4199999570846558,1.4199999570846558,1.4199999570846558,1.362518310546875,0
2014-11-19,1.5,1.5,1.5,1.5,1.4392800331115723,30000
2014-11-20,1.5,1.5499999523162842,1.5,1.5499999523162842,1.4872559309005737,70000
2014-11-21,1.5499999523162842,2.0999999046325684,1.5499999523162842,1.7599999904632568,1.6887551546096802,1114000
2014-11-24,1.7899999618530273,3.299999952316284,1.7899999618530273,2.299999952316284,2.2068958282470703,4774000
2014-11-25,2.200000047683716,2.25,1.9500000476837158,2.0399999618530273,1.9574207067489624,480000
2014-11-26,2.049999952316284,2.049999952316284,1.899999976158142,1.9500000476837158,1.8710640668869019,228000
2014-11-27,1.840000033378601,1.9299999475479126,1.7999999523162842,1.8700000047683716,1.7943023443222046,300000
2014-11-28,1.8600000143051147,1.8899999856948853,1.8600000143051147,1.8899999856948853,1.8134926557540894,142000
2014-12-01,1.850000023841858,1.850000023841858,1.7599999904632568,1.7599999904632568,1.6887551546096802,92000
2014-12-02,1.7599999904632568,1.8200000524520874,1.7100000381469727,1.8200000524520874,1.7463263273239136,250000
2014-12-03,1.840000033378601,1.840000033378601,1.75,1.7999999523162842,1.7271358966827393,128000
2014-12-04,1.7599999904632568,1.7999999523162842,1.75,1.7999999523162842,1.7271358966827393,16000
2014-12-05,1.7699999809265137,1.7699999809265137,1.649999976158142,1.649999976158142,1.5832079648971558,312000
2014-12-08,1.6399999856948853,1.6399999856948853,1.5499999523162842,1.5499999523162842,1.4872559309005737,398000
2014-12-09,1.5199999809265137,1.5199999809265137,1.5,1.5199999809265137,1.458470344543457,86000
2014-12-10,1.600000023841858,1.6399999856948853,1.600000023841858,1.6399999856948853,1.5736126899719238,110000
2014-12-11,1.6299999952316284,1.649999976158142,1.6299999952316284,1.649999976158142,1.5832079648971558,20000
2014-12-12,1.649999976158142,1.75,1.649999976158142,1.75,1.6791598796844482,144000
2014-12-15,1.75,1.7799999713897705,1.75,1.7799999713897705,1.707945466041565,52000
2014-12-16,1.7899999618530273,1.7999999523162842,1.7899999618530273,1.7999999523162842,1.7271358966827393,206000
2014-12-17,1.7999999523162842,1.7999999523162842,1.7999999523162842,1.7999999523162842,1.7271358966827393,0
2014-12-18,1.7899999618530273,1.7899999618530273,1.7899999618530273,1.7899999618530273,1.7175407409667969,0
2014-12-19,1.7000000476837158,1.7000000476837158,1.7000000476837158,1.7000000476837158,1.6311839818954468,50000
2014-12-22,1.7000000476837158,1.7000000476837158,1.649999976158142,1.6699999570846558,1.6023982763290405,34000
2014-12-23,1.659999966621399,1.659999966621399,1.600000023841858,1.649999976158142,1.5832079648971558,326000
2014-12-24,1.7000000476837158,1.7000000476837158,1.7000000476837158,1.7000000476837158,1.6311839818954468,2000
2014-12-29,1.690000057220459,1.690000057220459,1.690000057220459,1.690000057220459,1.6215888261795044,0
2014-12-30,1.6299999952316284,1.6799999475479126,1.6299999952316284,1.6799999475479126,1.6119935512542725,20000
2014-12-31,1.6699999570846558,1.75,1.649999976158142,1.7000000476837158,1.6311839818954468,96000
2015-01-02,1.7000000476837158,1.7000000476837158,1.7000000476837158,1.7000000476837158,1.6311839818954468,0
2015-01-05,1.7100000381469727,1.7100000381469727,1.7100000381469727,1.7100000381469727,1.6407791376113892,8000
2015-01-06,1.7000000476837158,1.7000000476837158,1.7000000476837158,1.7000000476837158,1.6311839818954468,4000
2015-01-07,1.7000000476837158,1.7000000476837158,1.7000000476837158,1.7000000476837158,1.6311839818954468,0
2015-01-08,1.7100000381469727,1.7100000381469727,1.7100000381469727,1.7100000381469727,1.6407791376113892,2000
2015-01-09,1.7100000381469727,1.7999999523162842,1.7100000381469727,1.7799999713897705,1.707945466041565,34000
2015-01-12,1.7799999713897705,1.7799999713897705,1.7799999713897705,1.7799999713897705,1.707945466041565,0
2015-01-13,1.7300000190734863,1.7300000190734863,1.7200000286102295,1.7300000190734863,1.6599695682525635,130000
2015-01-14,1.7699999809265137,1.7799999713897705,1.7100000381469727,1.75,1.6791598796844482,52000
2015-01-15,1.7300000190734863,1.7699999809265137,1.7200000286102295,1.75,1.6791598796844482,54000
2015-01-16,1.7300000190734863,1.75,1.7100000381469727,1.75,1.6791598796844482,66000
2015-01-19,1.7100000381469727,1.7100000381469727,1.7000000476837158,1.6799999475479126,1.6119935512542725,48000
2015-01-20,1.6799999475479126,1.6799999475479126,1.6799999475479126,1.6799999475479126,1.6119935512542725,0
2015-01-21,1.6799999475479126,1.6799999475479126,1.6799999475479126,1.6799999475479126,1.6119935512542725,0
2015-01-22,1.7000000476837158,1.7000000476837158,1.7000000476837158,1.7000000476837158,1.6311839818954468,4000
2015-01-23,1.659999966621399,1.6799999475479126,1.659999966621399,1.6799999475479126,1.6119935512542725,8000
2015-01-26,1.7200000286102295,1.7200000286102295,1.7200000286102295,1.7200000286102295,1.650374412536621,2000
2015-01-27,1.7200000286102295,1.7200000286102295,1.7200000286102295,1.7200000286102295,1.650374412536621,2000
2015-01-28,1.7200000286102295,1.7200000286102295,1.7200000286102295,1.7200000286102295,1.650374412536621,0
2015-01-29,1.6799999475479126,1.6799999475479126,1.6799999475479126,1.6799999475479126,1.6119935512542725,10000
2015-01-30,1.6799999475479126,1.6799999475479126,1.6699999570846558,1.7000000476837158,1.6311839818954468,282000
2015-02-02,1.6799999475479126,1.6799999475479126,1.6799999475479126,1.6799999475479126,1.6119935512542725,0
2015-02-03,1.649999976158142,1.649999976158142,1.600000023841858,1.6100000143051147,1.5448272228240967,24000
2015-02-04,1.6100000143051147,1.6100000143051147,1.6100000143051147,1.6100000143051147,1.5448272228240967,14000
2015-02-05,1.600000023841858,1.6200000047683716,1.600000023841858,1.6200000047683716,1.554422378540039,12000
2015-02-06,1.6200000047683716,1.6200000047683716,1.6200000047683716,1.6200000047683716,1.554422378540039,0
2015-02-09,1.6100000143051147,1.6200000047683716,1.6100000143051147,1.6200000047683716,1.554422378540039,10000
2015-02-10,1.5499999523162842,1.600000023841858,1.5499999523162842,1.600000023841858,1.5352319478988647,4000
2015-02-11,1.5499999523162842,1.5700000524520874,1.5499999523162842,1.5700000524520874,1.5064462423324585,14000
2015-02-12,1.5700000524520874,1.5700000524520874,1.5700000524520874,1.5700000524520874,1.5064462423324585,0
2015-02-13,1.5700000524520874,1.5700000524520874,1.5700000524520874,1.5700000524520874,1.5064462423324585,0
2015-02-16,1.5499999523162842,1.5499999523162842,1.5199999809265137,1.5199999809265137,1.458470344543457,28000
2015-02-17,1.5199999809265137,1.5199999809265137,1.5199999809265137,1.5199999809265137,1.458470344543457,0
2015-02-18,1.5199999809265137,1.5199999809265137,1.5199999809265137,1.5199999809265137,1.458470344543457,0
2015-02-23,1.5700000524520874,1.5800000429153442,1.559999942779541,1.559999942779541,1.4968510866165161,24000
2015-02-24,1.559999942779541,1.559999942779541,1.559999942779541,1.559999942779541,1.4968510866165161,0
2015-02-25,1.600000023841858,1.6100000143051147,1.600000023841858,1.6100000143051147,1.5448272228240967,34000
2015-02-26,1.600000023841858,1.6100000143051147,1.600000023841858,1.6100000143051147,1.5448272228240967,54000
2015-02-27,1.6100000143051147,1.6100000143051147,1.6100000143051147,1.6100000143051147,1.5448272228240967,0
2015-03-02,1.5499999523162842,1.5499999523162842,1.5499999523162842,1.5499999523162842,1.4872559309005737,10000
2015-03-03,1.600000023841858,1.600000023841858,1.5800000429153442,1.5800000429153442,1.51604163646698,38000
2015-03-04,1.5499999523162842,1.600000023841858,1.5499999523162842,1.600000023841858,1.5352319478988647,40000
2015-03-05,1.600000023841858,1.600000023841858,1.600000023841858,1.600000023841858,1.5352319478988647,0
2015-03-06,1.600000023841858,1.600000023841858,1.600000023841858,1.600000023841858,1.5352319478988647,0
2015-03-09,1.600000023841858,1.600000023841858,1.600000023841858,1.600000023841858,1.5352319478988647,30000
2015-03-10,1.600000023841858,1.600000023841858,1.600000023841858,1.600000023841858,1.5352319478988647,34000
2015-03-11,1.600000023841858,1.600000023841858,1.600000023841858,1.600000023841858,1.5352319478988647,0
2015-03-12,1.600000023841858,1.600000023841858,1.600000023841858,1.600000023841858,1.5352319478988647,0
2015-03-13,1.5199999809265137,1.5199999809265137,1.5199999809265137,1.5199999809265137,1.458470344543457,36000
2015-03-16,1.5099999904632568,1.5099999904632568,1.5099999904632568,1.5099999904632568,1.4488751888275146,66000
2015-03-17,1.5099999904632568,1.5099999904632568,1.5099999904632568,1.5099999904632568,1.4488751888275146,0
2015-03-18,1.5099999904632568,1.5099999904632568,1.5099999904632568,1.5099999904632568,1.4488751888275146,2000
2015-03-19,1.5099999904632568,1.5099999904632568,1.5099999904632568,1.5099999904632568,1.4488751888275146,0
2015-03-20,1.5199999809265137,1.5199999809265137,1.5199999809265137,1.5,1.4392800331115723,36000
2015-03-23,1.5099999904632568,1.5099999904632568,1.5099999904632568,1.5099999904632568,1.4488751888275146,0
2015-03-24,1.5399999618530273,1.5399999618530273,1.5399999618530273,1.5399999618530273,1.4776607751846313,0
2015-03-25,1.5399999618530273,1.5399999618530273,1.5399999618530273,1.5399999618530273,1.4776607751846313,0
2015-03-26,1.5099999904632568,1.6100000143051147,1.5099999904632568,1.5499999523162842,1.4872559309005737,116000
2015-03-27,1.5499999523162842,1.5499999523162842,1.5499999523162842,1.5499999523162842,1.4872559309005737,0
2015-03-30,1.5099999904632568,1.5099999904632568,1.5,1.5,1.4392800331115723,20000
2015-03-31,1.5,1.5,1.5,1.5,1.4392800331115723,6000
2015-04-01,1.5399999618530273,1.5800000429153442,1.5399999618530273,1.5800000429153442,1.51604163646698,58000
2015-04-02,1.600000023841858,1.690000057220459,1.590000033378601,1.649999976158142,1.5832079648971558,262000
2015-04-08,1.840000033378601,1.850000023841858,1.7000000476837158,1.7799999713897705,1.707945466041565,468000
2015-04-09,1.7999999523162842,2.0,1.7999999523162842,1.899999976158142,1.8230879306793213,800000
2015-04-10,1.899999976158142,1.899999976158142,1.7999999523162842,1.7999999523162842,1.7271358966827393,92000
2015-04-13,1.8899999856948853,2.0,1.8899999856948853,1.9900000095367432,1.909444808959961,744000
2015-04-14,1.9900000095367432,2.0799999237060547,1.9800000190734863,2.0799999237060547,1.9958014488220215,298000
2015-04-15,2.059999942779541,2.059999942779541,1.9500000476837158,2.049999952316284,1.9670158624649048,226000
2015-04-16,2.0199999809265137,2.0799999237060547,1.9800000190734863,2.0299999713897705,1.94782555103302,164000
2015-04-17,2.0999999046325684,2.0999999046325684,1.940000057220459,2.0799999237060547,1.9958014488220215,112000
2015-04-20,2.0999999046325684,2.0999999046325684,2.0299999713897705,2.0799999237060547,1.9958014488220215,538000
2015-04-21,1.9600000381469727,2.0,1.9500000476837158,1.9500000476837158,1.8710640668869019,268000
2015-04-22,1.9900000095367432,1.9900000095367432,1.9700000286102295,1.9700000286102295,1.8902544975280762,22000
2015-04-23,1.8899999856948853,1.8899999856948853,1.8799999952316284,1.8799999952316284,1.8270838260650635,26000
2015-04-24,1.8700000047683716,1.899999976158142,1.8700000047683716,1.909999966621399,1.8562394380569458,22000
2015-04-27,1.9700000286102295,2.069999933242798,1.9700000286102295,1.9900000095367432,1.9339877367019653,300000
2015-04-28,1.9900000095367432,1.9900000095367432,1.9900000095367432,1.9700000286102295,1.91455078125,10000
2015-04-29,1.9500000476837158,1.9500000476837158,1.9500000476837158,1.9500000476837158,1.8951137065887451,4000
2015-04-30,1.909999966621399,1.909999966621399,1.8300000429153442,1.840000033378601,1.7882097959518433,50000
2015-05-04,1.7599999904632568,1.9199999570846558,1.7599999904632568,1.8200000524520874,1.768772840499878,190000
2015-05-05,1.7999999523162842,1.7999999523162842,1.7200000286102295,1.7200000286102295,1.671587347984314,138000
2015-05-06,1.7200000286102295,1.7200000286102295,1.7000000476837158,1.7000000476837158,1.6521503925323486,34000
2015-05-07,1.690000057220459,1.7000000476837158,1.690000057220459,1.7300000190734863,1.6813058853149414,26000
2015-05-08,1.7599999904632568,2.990000009536743,1.75,2.2200000286102295,2.1575138568878174,2080000
2015-05-11,2.2200000286102295,2.75,1.9199999570846558,1.9800000190734863,1.924269199371338,2472000
2015-05-12,1.8600000143051147,1.9600000381469727,1.8600000143051147,1.9500000476837158,1.8951137065887451,218000
2015-05-13,1.850000023841858,2.0999999046325684,1.850000023841858,2.0399999618530273,1.982580304145813,240000
2015-05-14,1.9500000476837158,1.9900000095367432,1.940000057220459,1.9500000476837158,1.8951137065887451,160000
2015-05-15,2.0399999618530273,2.0399999618530273,1.9500000476837158,1.9600000381469727,1.9048322439193726,42000
2015-05-18,2.109999895095825,2.180000066757202,1.9900000095367432,2.0,1.9437062740325928,304000
2015-05-19,2.0199999809265137,2.0199999809265137,1.9299999475479126,1.9500000476837158,1.8951137065887451,64000
2015-05-20,1.9500000476837158,1.9900000095367432,1.909999966621399,1.9900000095367432,1.9339877367019653,124000
2015-05-21,1.899999976158142,2.0999999046325684,1.899999976158142,2.0,1.9437062740325928,6428000
2015-05-22,2.009999990463257,2.0899999141693115,2.0,2.049999952316284,1.99229896068573,806000
2015-05-26,2.049999952316284,2.440000057220459,2.049999952316284,2.2899999618530273,2.22554349899292,2099500
2015-05-27,2.299999952316284,2.4000000953674316,2.109999895095825,2.1600000858306885,2.099202871322632,844500
2015-05-28,2.180000066757202,2.299999952316284,2.180000066757202,2.259999990463257,2.196388006210327,460000
2015-05-29,2.299999952316284,2.569999933242798,2.25,2.2699999809265137,2.206106424331665,882000
2015-06-01,2.309999942779541,2.430000066757202,2.299999952316284,2.3499999046325684,2.2838549613952637,162000
2015-06-02,2.3499999046325684,2.359999895095825,2.2300000190734863,2.3399999141693115,2.2741363048553467,102000
2015-06-03,2.3299999237060547,2.3299999237060547,2.180000066757202,2.200000047683716,2.1380770206451416,296000
2015-06-04,2.2100000381469727,2.25,2.059999942779541,2.180000066757202,2.1186399459838867,168000
2015-06-05,2.1500000953674316,2.1500000953674316,2.0799999237060547,2.109999895095825,2.050610065460205,224000
2015-06-08,2.130000114440918,2.2200000286102295,1.9299999475479126,2.0899999141693115,2.03117299079895,352000
2015-06-09,2.119999885559082,2.119999885559082,1.9600000381469727,1.9900000095367432,1.9339877367019653,42000
2015-06-10,2.0999999046325684,2.0999999046325684,1.899999976158142,1.909999966621399,1.8562394380569458,44000
2015-06-11,1.899999976158142,2.009999990463257,1.899999976158142,2.0,1.9437062740325928,64000
2015-06-12,2.0,2.0,1.7999999523162842,1.899999976158142,1.8465209007263184,410000
2015-06-15,1.899999976158142,1.899999976158142,1.899999976158142,1.899999976158142,1.8465209007263184,0
2015-06-16,1.7400000095367432,2.190000057220459,1.7400000095367432,2.130000114440918,2.070047378540039,820000
2015-06-17,2.200000047683716,2.2100000381469727,2.009999990463257,2.0899999141693115,2.03117299079895,362000
2015-06-18,1.909999966621399,2.0,1.899999976158142,2.0,1.9437062740325928,108000
2015-06-19,1.9800000190734863,1.9800000190734863,1.9800000190734863,1.9800000190734863,1.924269199371338,0
2015-06-22,1.9800000190734863,1.9800000190734863,1.9800000190734863,1.9800000190734863,1.924269199371338,0
2015-06-23,2.0199999809265137,2.450000047683716,2.009999990463257,2.3299999237060547,2.264417886734009,952000
2015-06-24,2.259999990463257,2.2699999809265137,2.1500000953674316,2.240000009536743,2.1769509315490723,330000
2015-06-25,2.180000066757202,2.180000066757202,2.180000066757202,2.180000066757202,2.1186399459838867,48000
2015-06-26,2.1700000762939453,2.1700000762939453,2.0899999141693115,2.0999999046325684,2.040891647338867,84000
2015-06-29,2.009999990463257,2.009999990463257,1.8899999856948853,1.909999966621399,1.8562394380569458,258000
2015-06-30,1.899999976158142,1.9900000095367432,1.8899999856948853,1.9800000190734863,1.924269199371338,138000
2015-07-02,1.8300000429153442,2.0399999618530273,1.8300000429153442,2.0399999618530273,1.982580304145813,12000
2015-07-03,1.8200000524520874,1.899999976158142,1.7899999618530273,1.7899999618530273,1.739617109298706,122000
2015-07-06,1.7300000190734863,1.7899999618530273,1.440000057220459,1.7899999618530273,1.739617109298706,280000
2015-07-07,1.5299999713897705,1.7899999618530273,1.5099999904632568,1.7799999713897705,1.7298985719680786,1114000
2015-07-08,1.5099999904632568,1.7000000476837158,1.4299999475479126,1.7000000476837158,1.6521503925323486,324000
2015-07-09,1.7799999713897705,1.899999976158142,1.7799999713897705,1.8700000047683716,1.8173654079437256,206000
2015-07-10,1.8799999952316284,1.909999966621399,1.8799999952316284,1.9199999570846558,1.8659580945968628,10000
2015-07-13,1.7799999713897705,1.9500000476837158,1.7799999713897705,1.9500000476837158,1.8951137065887451,6000
2015-07-14,1.8300000429153442,1.909999966621399,1.8300000429153442,1.840000033378601,1.7882097959518433,24000
2015-07-15,1.840000033378601,1.840000033378601,1.840000033378601,1.840000033378601,1.7882097959518433,2000
2015-07-16,1.7799999713897705,1.7999999523162842,1.7000000476837158,1.7999999523162842,1.7493356466293335,32000
2015-07-17,1.899999976158142,1.940000057220459,1.899999976158142,1.940000057220459,1.8853951692581177,6000
2015-07-20,1.9299999475479126,1.9299999475479126,1.9299999475479126,1.9299999475479126,1.8756765127182007,0
2015-07-21,1.8700000047683716,1.8700000047683716,1.8700000047683716,1.8700000047683716,1.8173654079437256,0
2015-07-22,1.690000057220459,1.8899999856948853,1.6799999475479126,1.8899999856948853,1.836802363395691,26000
2015-07-23,1.690000057220459,1.909999966621399,1.690000057220459,1.909999966621399,1.8562394380569458,18000
2015-07-24,1.899999976158142,1.9500000476837158,1.8200000524520874,1.909999966621399,1.8562394380569458,48000
2015-07-27,1.7300000190734863,1.7400000095367432,1.6699999570846558,1.6699999570846558,1.6229946613311768,68000
2015-07-28,1.649999976158142,1.649999976158142,1.5,1.6100000143051147,1.5646836757659912,240000
2015-07-29,1.6200000047683716,1.7899999618530273,1.6200000047683716,1.7899999618530273,1.739617109298706,272000
2015-07-30,1.659999966621399,1.659999966621399,1.659999966621399,1.659999966621399,1.6132762432098389,12000
2015-07-31,1.6399999856948853,1.7699999809265137,1.600000023841858,1.7400000095367432,1.6910244226455688,80000
2015-08-03,1.600000023841858,1.7200000286102295,1.590000033378601,1.7200000286102295,1.671587347984314,10000
2015-08-04,1.75,1.75,1.600000023841858,1.600000023841858,1.5549650192260742,52000
2015-08-05,1.600000023841858,1.6200000047683716,1.600000023841858,1.6200000047683716,1.574402093887329,24000
2015-08-06,1.6200000047683716,1.649999976158142,1.6200000047683716,1.649999976158142,1.6035577058792114,58000
2015-08-07,1.690000057220459,1.7000000476837158,1.6699999570846558,1.690000057220459,1.6424318552017212,46000
2015-08-10,1.690000057220459,1.690000057220459,1.690000057220459,1.690000057220459,1.6424318552017212,10000
2015-08-11,1.5700000524520874,1.6799999475479126,1.5700000524520874,1.600000023841858,1.5549650192260742,98000
2015-08-12,1.600000023841858,1.600000023841858,1.600000023841858,1.600000023841858,1.5549650192260742,0
2015-08-13,1.600000023841858,1.600000023841858,1.590000033378601,1.590000033378601,1.5452464818954468,20000
2015-08-14,1.590000033378601,1.590000033378601,1.590000033378601,1.590000033378601,1.5452464818954468,0
2015-08-17,1.590000033378601,1.590000033378601,1.590000033378601,1.590000033378601,1.5452464818954468,0
2015-08-18,1.590000033378601,1.590000033378601,1.590000033378601,1.590000033378601,1.5452464818954468,0
2015-08-19,1.5800000429153442,1.5800000429153442,1.5800000429153442,1.5800000429153442,1.5355279445648193,0
2015-08-20,1.5800000429153442,1.5800000429153442,1.5800000429153442,1.5800000429153442,1.5355279445648193,0
2015-08-21,1.4900000095367432,1.4900000095367432,1.440000057220459,1.440000057220459,1.3994685411453247,185000
2015-08-24,1.440000057220459,1.5,1.4299999475479126,1.5,1.4577797651290894,152000
2015-08-25,1.5,1.5,1.5,1.5,1.4577797651290894,26000
2015-08-26,1.5,1.5,1.5,1.5,1.4577797651290894,0
2015-08-27,1.6399999856948853,1.6399999856948853,1.6399999856948853,1.6399999856948853,1.593839168548584,6000
2015-08-28,1.6399999856948853,1.75,1.6399999856948853,1.75,1.7007429599761963,10000
2015-08-31,1.7000000476837158,1.75,1.7000000476837158,1.75,1.7007429599761963,4000
2015-09-01,1.7000000476837158,1.7000000476837158,1.6699999570846558,1.7000000476837158,1.6521503925323486,8000
2015-09-02,1.659999966621399,1.7000000476837158,1.600000023841858,1.600000023841858,1.5549650192260742,10000
2015-09-04,1.6100000143051147,1.7699999809265137,1.600000023841858,1.75,1.7007429599761963,10000
2015-09-07,1.649999976158142,1.7699999809265137,1.600000023841858,1.690000057220459,1.6424318552017212,18000
2015-09-08,1.690000057220459,1.690000057220459,1.690000057220459,1.690000057220459,1.6424318552017212,0
2015-09-09,1.7100000381469727,1.8600000143051147,1.7000000476837158,1.7999999523162842,1.7493356466293335,112000
2015-09-10,1.7300000190734863,2.0899999141693115,1.7300000190734863,1.8799999952316284,1.8270838260650635,28000
2015-09-11,1.8700000047683716,1.8700000047683716,1.7100000381469727,1.7999999523162842,1.7493356466293335,66000
2015-09-14,1.7599999904632568,1.7599999904632568,1.7599999904632568,1.7599999904632568,1.7104616165161133,2000
2015-09-15,1.7599999904632568,1.7599999904632568,1.7599999904632568,1.7000000476837158,1.6521503925323486,2000
2015-09-16,1.7000000476837158,1.7000000476837158,1.7000000476837158,1.7000000476837158,1.6521503925323486,0
2015-09-17,1.649999976158142,1.690000057220459,1.649999976158142,1.690000057220459,1.6424318552017212,4000
2015-09-18,1.690000057220459,1.690000057220459,1.690000057220459,1.690000057220459,1.6424318552017212,0
2015-09-21,1.7400000095367432,1.7400000095367432,1.6799999475479126,1.7000000476837158,1.6521503925323486,40000
2015-09-22,1.7000000476837158,1.7400000095367432,1.7000000476837158,1.7400000095367432,1.6910244226455688,44000
2015-09-23,1.4800000190734863,1.7200000286102295,1.4800000190734863,1.5800000429153442,1.5355279445648193,30000
2015-09-24,1.5199999809265137,1.7100000381469727,1.5199999809265137,1.7000000476837158,1.6521503925323486,182000
2015-09-25,1.690000057220459,1.690000057220459,1.690000057220459,1.7100000381469727,1.661868929862976,10000
2015-09-29,1.690000057220459,1.690000057220459,1.690000057220459,1.690000057220459,1.6424318552017212,4000
2015-09-30,1.75,1.8600000143051147,1.75,1.850000023841858,1.7979283332824707,22000
2015-10-02,1.7599999904632568,1.7699999809265137,1.75,1.75,1.7007429599761963,36000
2015-10-05,1.75,1.75,1.75,1.75,1.7007429599761963,0
2015-10-06,1.7200000286102295,1.7200000286102295,1.7200000286102295,1.7200000286102295,1.671587347984314,50000
2015-10-07,1.7400000095367432,1.7400000095367432,1.7000000476837158,1.7000000476837158,1.6521503925323486,14000
2015-10-08,1.6799999475479126,1.690000057220459,1.6799999475479126,1.6799999475479126,1.6327131986618042,34000
2015-10-09,1.659999966621399,1.690000057220459,1.659999966621399,1.6699999570846558,1.6229946613311768,40000
2015-10-12,1.7400000095367432,1.75,1.7000000476837158,1.7000000476837158,1.6521503925323486,20000
2015-10-13,1.649999976158142,1.7000000476837158,1.649999976158142,1.7000000476837158,1.6521503925323486,1212000
2015-10-14,1.7000000476837158,1.7000000476837158,1.7000000476837158,1.7000000476837158,1.6521503925323486,50000
2015-10-15,1.7000000476837158,1.7000000476837158,1.7000000476837158,1.7000000476837158,1.6521503925323486,0
2015-10-16,1.7000000476837158,1.7000000476837158,1.7000000476837158,1.7000000476837158,1.6521503925323486,50000
2015-10-19,1.690000057220459,1.690000057220459,1.690000057220459,1.690000057220459,1.6424318552017212,50000
2015-10-20,1.659999966621399,1.6799999475479126,1.659999966621399,1.6799999475479126,1.6327131986618042,74000
2015-10-22,1.6699999570846558,1.6799999475479126,1.6699999570846558,1.6799999475479126,1.6327131986618042,60000
2015-10-23,1.659999966621399,1.659999966621399,1.659999966621399,1.659999966621399,1.6132762432098389,38000
2015-10-26,1.690000057220459,1.690000057220459,1.690000057220459,1.690000057220459,1.6424318552017212,50000
2015-10-27,1.690000057220459,1.690000057220459,1.690000057220459,1.690000057220459,1.6424318552017212,34000
2015-10-28,1.7000000476837158,1.7000000476837158,1.7000000476837158,1.7000000476837158,1.6521503925323486,50000
2015-10-29,1.659999966621399,1.690000057220459,1.5700000524520874,1.6699999570846558,1.6229946613311768,298000
2015-10-30,1.659999966621399,1.6699999570846558,1.600000023841858,1.6699999570846558,1.6229946613311768,80000
2015-11-02,1.649999976158142,1.659999966621399,1.649999976158142,1.659999966621399,1.6132762432098389,70000
2015-11-03,1.649999976158142,1.649999976158142,1.600000023841858,1.6399999856948853,1.593839168548584,80000
2015-11-04,1.659999966621399,1.659999966621399,1.649999976158142,1.659999966621399,1.6132762432098389,50000
2015-11-05,1.659999966621399,1.659999966621399,1.590000033378601,1.649999976158142,1.6035577058792114,280000
2015-11-06,1.600000023841858,1.6299999952316284,1.5499999523162842,1.6299999952316284,1.5841206312179565,144000
2015-11-09,1.6399999856948853,1.6699999570846558,1.600000023841858,1.659999966621399,1.6132762432098389,276000
2015-11-10,1.7000000476837158,1.7000000476837158,1.6200000047683716,1.6299999952316284,1.5841206312179565,80000
2015-11-11,1.649999976158142,1.649999976158142,1.600000023841858,1.6399999856948853,1.593839168548584,136000
2015-11-12,1.6399999856948853,1.6399999856948853,1.600000023841858,1.6200000047683716,1.574402093887329,70000
2015-11-13,1.6200000047683716,1.6399999856948853,1.600000023841858,1.6399999856948853,1.593839168548584,170000
2015-11-16,1.6200000047683716,1.649999976158142,1.5800000429153442,1.649999976158142,1.6035577058792114,488000
2015-11-17,1.600000023841858,1.6200000047683716,1.590000033378601,1.6100000143051147,1.5646836757659912,182000
2015-11-18,1.6200000047683716,1.6399999856948853,1.590000033378601,1.6299999952316284,1.5841206312179565,336000
2015-11-19,1.600000023841858,1.6299999952316284,1.600000023841858,1.6200000047683716,1.574402093887329,202000
2015-11-20,1.600000023841858,1.6299999952316284,1.600000023841858,1.6200000047683716,1.574402093887329,272000
2015-11-23,1.6200000047683716,1.6200000047683716,1.600000023841858,1.600000023841858,1.5549650192260742,126000
2015-11-24,1.600000023841858,1.6399999856948853,1.600000023841858,1.6299999952316284,1.5841206312179565,69000
2015-11-25,1.6299999952316284,1.6299999952316284,1.600000023841858,1.6200000047683716,1.574402093887329,74000
2015-11-26,1.6299999952316284,1.6299999952316284,1.6299999952316284,1.6299999952316284,1.5841206312179565,48000
2015-11-27,1.600000023841858,1.600000023841858,1.5800000429153442,1.5800000429153442,1.5355279445648193,2166000
2015-11-30,1.5800000429153442,1.6200000047683716,1.5800000429153442,1.600000023841858,1.5549650192260742,52000
2015-12-01,1.6100000143051147,1.6100000143051147,1.5800000429153442,1.600000023841858,1.5549650192260742,70000
2015-12-02,1.5499999523162842,1.600000023841858,1.5499999523162842,1.600000023841858,1.5549650192260742,158000
2015-12-03,1.559999942779541,1.600000023841858,1.5499999523162842,1.5800000429153442,1.5355279445648193,570000
2015-12-04,1.5700000524520874,1.5700000524520874,1.5499999523162842,1.559999942779541,1.5160908699035645,104000
2015-12-07,1.590000033378601,1.590000033378601,1.5499999523162842,1.5499999523162842,1.506372332572937,76000
2015-12-08,1.5499999523162842,1.5499999523162842,1.5499999523162842,1.5499999523162842,1.506372332572937,0
2015-12-09,1.5499999523162842,1.5499999523162842,1.5499999523162842,1.5499999523162842,1.506372332572937,0
2015-12-10,1.5800000429153442,1.5800000429153442,1.5399999618530273,1.5499999523162842,1.506372332572937,370000
2015-12-11,1.5499999523162842,1.5499999523162842,1.5499999523162842,1.5499999523162842,1.506372332572937,0
2015-12-14,1.5499999523162842,1.5499999523162842,1.5499999523162842,1.5499999523162842,1.506372332572937,0
2015-12-15,1.5299999713897705,1.5299999713897705,1.5299999713897705,1.5299999713897705,1.4869352579116821,0
2015-12-16,1.5299999713897705,1.5299999713897705,1.5299999713897705,1.5299999713897705,1.4869352579116821,0
2015-12-17,1.5299999713897705,1.5299999713897705,1.5299999713897705,1.5299999713897705,1.4869352579116821,0
2015-12-18,1.5299999713897705,1.5299999713897705,1.5299999713897705,1.5299999713897705,1.4869352579116821,0
2015-12-21,1.5299999713897705,1.5299999713897705,1.5299999713897705,1.5299999713897705,1.4869352579116821,0
2015-12-22,1.399999976158142,1.4500000476837158,1.3899999856948853,1.4500000476837158,1.4091870784759521,64000
2015-12-23,1.440000057220459,1.5499999523162842,1.440000057220459,1.5499999523162842,1.506372332572937,32000
2015-12-24,1.4800000190734863,1.5499999523162842,1.4800000190734863,1.5399999618530273,1.4966537952423096,164000
2015-12-28,1.5399999618530273,1.5399999618530273,1.5399999618530273,1.5399999618530273,1.4966537952423096,0
2015-12-29,1.5399999618530273,1.5399999618530273,1.5399999618530273,1.5399999618530273,1.4966537952423096,0
2015-12-30,1.4800000190734863,1.5199999809265137,1.4700000286102295,1.5199999809265137,1.4772167205810547,48000
2015-12-31,1.5099999904632568,1.5800000429153442,1.4700000286102295,1.5399999618530273,1.4966537952423096,158000
2016-01-04,1.5399999618530273,1.5399999618530273,1.5399999618530273,1.5399999618530273,1.4966537952423096,0
2016-01-05,1.5399999618530273,1.5399999618530273,1.5399999618530273,1.5399999618530273,1.4966537952423096,0
2016-01-06,1.5399999618530273,1.5399999618530273,1.5399999618530273,1.5399999618530273,1.4966537952423096,0
2016-01-07,1.5399999618530273,1.5399999618530273,1.5399999618530273,1.5399999618530273,1.4966537952423096,0
2016-01-08,1.4900000095367432,1.5199999809265137,1.4900000095367432,1.5199999809265137,1.4772167205810547,100000
2016-01-11,1.5199999809265137,1.5199999809265137,1.5199999809265137,1.5199999809265137,1.4772167205810547,0
2016-01-12,1.5199999809265137,1.5199999809265137,1.5199999809265137,1.5199999809265137,1.4772167205810547,0
2016-01-13,1.5199999809265137,1.5199999809265137,1.5199999809265137,1.5199999809265137,1.4772167205810547,0
2016-01-14,1.5199999809265137,1.5199999809265137,1.5199999809265137,1.5199999809265137,1.4772167205810547,0
2016-01-15,1.5199999809265137,1.5199999809265137,1.5199999809265137,1.5199999809265137,1.4772167205810547,0
2016-01-18,1.5199999809265137,1.5199999809265137,1.5199999809265137,1.5199999809265137,1.4772167205810547,0
2016-01-19,1.5,1.5,1.5,1.5,1.4577797651290894,0
2016-01-20,1.5499999523162842,1.5499999523162842,1.5099999904632568,1.5099999904632568,1.4674983024597168,46000
2016-01-21,1.5099999904632568,1.5099999904632568,1.5099999904632568,1.5099999904632568,1.4674983024597168,0
2016-01-22,1.5099999904632568,1.5099999904632568,1.5099999904632568,1.5099999904632568,1.4674983024597168,0
2016-01-25,1.5,1.5,1.5,1.5,1.4577797651290894,0
2016-01-26,1.4900000095367432,1.5,1.4900000095367432,1.5,1.4577797651290894,108000
2016-01-27,1.5,1.5,1.5,1.5,1.4577797651290894,30000
2016-01-28,1.4800000190734863,1.4800000190734863,1.4800000190734863,1.4800000190734863,1.4383426904678345,0
2016-01-29,1.4500000476837158,1.5,1.4500000476837158,1.5,1.4577797651290894,68000
2016-02-01,1.5,1.5,1.5,1.5,1.4577797651290894,0
2016-02-02,1.5,1.5,1.5,1.5,1.4577797651290894,0
2016-02-03,1.5,1.5,1.5,1.5,1.4577797651290894,0
2016-02-04,1.5,1.5,1.5,1.5,1.4577797651290894,0
2016-02-05,1.4900000095367432,1.4900000095367432,1.4900000095367432,1.4900000095367432,1.448061227798462,0
2016-02-11,1.4900000095367432,1.4900000095367432,1.4900000095367432,1.4900000095367432,1.448061227798462,0
2016-02-12,1.4900000095367432,1.4900000095367432,1.4900000095367432,1.4900000095367432,1.448061227798462,0
2016-02-15,1.4900000095367432,1.4900000095367432,1.4900000095367432,1.4900000095367432,1.448061227798462,0
2016-02-16,1.4900000095367432,1.4900000095367432,1.4900000095367432,1.4900000095367432,1.448061227798462,0
2016-02-17,1.4900000095367432,1.4900000095367432,1.4900000095367432,1.4900000095367432,1.448061227798462,0
2016-02-18,1.4900000095367432,1.4900000095367432,1.4900000095367432,1.4900000095367432,1.448061227798462,0
2016-02-19,1.4900000095367432,1.4900000095367432,1.4900000095367432,1.4900000095367432,1.448061227798462,0
2016-02-22,1.4900000095367432,1.5099999904632568,1.4800000190734863,1.5,1.4577797651290894,190000
2016-02-23,1.5,1.5199999809265137,1.4800000190734863,1.5,1.4577797651290894,410000
2016-02-24,1.4500000476837158,1.5,1.4500000476837158,1.5,1.4577797651290894,420000
2016-02-25,1.5,1.5,1.4700000286102295,1.5,1.4577797651290894,600000
2016-02-26,1.5,1.5,1.4500000476837158,1.4500000476837158,1.4091870784759521,544000
2016-02-29,1.4500000476837158,1.4500000476837158,1.4500000476837158,1.4500000476837158,1.4091870784759521,414000
2016-03-01,1.4500000476837158,1.4500000476837158,1.4500000476837158,1.4500000476837158,1.4091870784759521,0
2016-03-02,1.4500000476837158,1.4500000476837158,1.4500000476837158,1.4500000476837158,1.4091870784759521,0
2016-03-03,1.4500000476837158,1.4500000476837158,1.4500000476837158,1.4500000476837158,1.4091870784759521,0
2016-03-04,1.4500000476837158,1.4500000476837158,1.4500000476837158,1.4500000476837158,1.4091870784759521,490000
2016-03-07,1.4500000476837158,1.4600000381469727,1.440000057220459,1.4500000476837158,1.4091870784759521,1044000
2016-03-08,1.4500000476837158,1.4500000476837158,1.440000057220459,1.4500000476837158,1.4091870784759521,1306000
2016-03-09,1.4500000476837158,1.4500000476837158,1.4500000476837158,1.4500000476837158,1.4091870784759521,0
2016-03-10,1.4500000476837158,1.4500000476837158,1.4500000476837158,1.4500000476837158,1.4091870784759521,0
2016-03-11,1.4500000476837158,1.4500000476837158,1.4500000476837158,1.4500000476837158,1.4091870784759521,30000
2016-03-14,1.4500000476837158,1.4500000476837158,1.4500000476837158,1.4500000476837158,1.4091870784759521,4000
2016-03-15,1.4199999570846558,1.4199999570846558,1.309999942779541,1.3799999952316284,1.34115731716156,24000
2016-03-16,1.3799999952316284,1.3799999952316284,1.3799999952316284,1.3799999952316284,1.34115731716156,0
2016-03-17,1.440000057220459,1.440000057220459,1.440000057220459,1.440000057220459,1.3994685411453247,18000
2016-03-18,1.440000057220459,1.440000057220459,1.440000057220459,1.440000057220459,1.3994685411453247,0
2016-03-21,1.440000057220459,1.440000057220459,1.440000057220459,1.440000057220459,1.3994685411453247,0
2016-03-22,1.440000057220459,1.440000057220459,1.440000057220459,1.440000057220459,1.3994685411453247,0
2016-03-23,1.440000057220459,1.440000057220459,1.440000057220459,1.440000057220459,1.3994685411453247,0
2016-03-24,1.440000057220459,1.440000057220459,1.440000057220459,1.440000057220459,1.3994685411453247,0
2016-03-29,1.440000057220459,1.440000057220459,1.440000057220459,1.440000057220459,1.3994685411453247,0
2016-03-30,1.440000057220459,1.440000057220459,1.440000057220459,1.440000057220459,1.3994685411453247,8000
2016-03-31,1.440000057220459,1.440000057220459,1.440000057220459,1.440000057220459,1.3994685411453247,0
2016-04-01,1.4299999475479126,1.4299999475479126,1.4299999475479126,1.4299999475479126,1.3897498846054077,130000
2016-04-05,1.4299999475479126,1.4299999475479126,1.399999976158142,1.399999976158142,1.360594391822815,496000
2016-04-06,1.399999976158142,1.4299999475479126,1.399999976158142,1.399999976158142,1.360594391822815,20000
2016-04-07,1.350000023841858,1.350000023841858,1.350000023841858,1.3600000143051147,1.3217202425003052,2000
2016-04-08,1.3799999952316284,1.399999976158142,1.3799999952316284,1.399999976158142,1.360594391822815,110000
2016-04-11,1.399999976158142,1.399999976158142,1.399999976158142,1.399999976158142,1.360594391822815,0
2016-04-12,1.3899999856948853,1.3899999856948853,1.3899999856948853,1.3899999856948853,1.3508758544921875,0
2016-04-13,1.3799999952316284,1.399999976158142,1.399999976158142,1.399999976158142,1.360594391822815,230000
2016-04-14,1.399999976158142,1.399999976158142,1.399999976158142,1.399999976158142,1.360594391822815,0
2016-04-15,1.399999976158142,1.399999976158142,1.399999976158142,1.399999976158142,1.360594391822815,2000
2016-04-18,1.399999976158142,1.399999976158142,1.399999976158142,1.399999976158142,1.360594391822815,0
2016-04-19,1.399999976158142,1.399999976158142,1.399999976158142,1.399999976158142,1.360594391822815,0
2016-04-20,1.399999976158142,1.399999976158142,1.399999976158142,1.399999976158142,1.360594391822815,0
2016-04-21,1.399999976158142,1.399999976158142,1.399999976158142,1.399999976158142,1.360594391822815,10000
2016-04-22,1.399999976158142,1.399999976158142,1.3600000143051147,1.3600000143051147,1.3217202425003052,26000
2016-04-25,1.399999976158142,1.399999976158142,1.399999976158142,1.3600000143051147,1.3217202425003052,2000
2016-04-26,1.3600000143051147,1.3600000143051147,1.3600000143051147,1.3600000143051147,1.3217202425003052,0
2016-04-27,1.3600000143051147,1.3600000143051147,1.3600000143051147,1.3600000143051147,1.3217202425003052,4000
2016-04-28,1.3600000143051147,1.3600000143051147,1.3600000143051147,1.3600000143051147,1.3217202425003052,0
2016-04-29,1.399999976158142,1.399999976158142,1.399999976158142,1.399999976158142,1.360594391822815,10000
2016-05-03,1.399999976158142,1.399999976158142,1.399999976158142,1.399999976158142,1.360594391822815,0
2016-05-04,1.399999976158142,1.399999976158142,1.399999976158142,1.399999976158142,1.360594391822815,0
2016-05-05,1.399999976158142,1.399999976158142,1.399999976158142,1.399999976158142,1.360594391822815,0
2016-05-06,1.2999999523162842,1.2999999523162842,1.2999999523162842,1.2999999523162842,1.26340913772583,10000
2016-05-09,1.350000023841858,1.4199999570846558,1.350000023841858,1.350000023841858,1.3377273082733154,100000
2016-05-10,1.350000023841858,1.350000023841858,1.350000023841858,1.350000023841858,1.3377273082733154,0
2016-05-11,1.3200000524520874,1.350000023841858,1.3200000524520874,1.350000023841858,1.3377273082733154,52000
2016-05-12,1.350000023841858,1.350000023841858,1.350000023841858,1.350000023841858,1.3377273082733154,0
2016-05-13,1.350000023841858,1.350000023841858,1.350000023841858,1.350000023841858,1.3377273082733154,0
2016-05-16,1.309999942779541,1.309999942779541,1.2999999523162842,1.2999999523162842,1.2881817817687988,10000
2016-05-17,1.340000033378601,1.350000023841858,1.340000033378601,1.350000023841858,1.3377273082733154,24000
2016-05-18,1.350000023841858,1.350000023841858,1.350000023841858,1.350000023841858,1.3377273082733154,12000
2016-05-19,1.340000033378601,1.340000033378601,1.340000033378601,1.340000033378601,1.3278182744979858,0
2016-05-20,1.3300000429153442,1.350000023841858,1.3300000429153442,1.350000023841858,1.3377273082733154,22000
2016-05-23,1.350000023841858,1.350000023841858,1.350000023841858,1.350000023841858,1.3377273082733154,0
2016-05-24,1.340000033378601,1.350000023841858,1.350000023841858,1.350000023841858,1.3377273082733154,70000
2016-05-25,1.340000033378601,1.350000023841858,1.340000033378601,1.350000023841858,1.3377273082733154,90000
2016-05-26,1.350000023841858,1.350000023841858,1.350000023841858,1.350000023841858,1.3377273082733154,10000
2016-05-27,1.340000033378601,1.350000023841858,1.340000033378601,1.350000023841858,1.3377273082733154,14000
2016-05-30,1.350000023841858,1.350000023841858,1.350000023841858,1.350000023841858,1.3377273082733154,10000
2016-05-31,1.340000033378601,1.340000033378601,1.340000033378601,1.340000033378601,1.3278182744979858,10000
2016-06-01,1.340000033378601,1.340000033378601,1.340000033378601,1.340000033378601,1.3278182744979858,0
2016-06-02,1.340000033378601,1.350000023841858,1.340000033378601,1.350000023841858,1.3377273082733154,10000
2016-06-03,1.350000023841858,1.350000023841858,1.350000023841858,1.350000023841858,1.3377273082733154,34000
2016-06-06,1.340000033378601,1.340000033378601,1.2200000286102295,1.3300000429153442,1.3179091215133667,78000
2016-06-07,1.340000033378601,1.340000033378601,1.340000033378601,1.340000033378601,1.3278182744979858,4000
2016-06-08,1.3300000429153442,1.3300000429153442,1.3300000429153442,1.3300000429153442,1.3179091215133667,0
2016-06-10,1.3300000429153442,1.3300000429153442,1.3300000429153442,1.3300000429153442,1.3179091215133667,0
2016-06-13,1.2300000190734863,1.340000033378601,1.2300000190734863,1.340000033378601,1.3278182744979858,110000
2016-06-14,1.3300000429153442,1.3300000429153442,1.3300000429153442,1.3300000429153442,1.3179091215133667,6000
2016-06-15,1.3300000429153442,1.3300000429153442,1.3300000429153442,1.3300000429153442,1.3179091215133667,6000
2016-06-16,1.340000033378601,1.340000033378601,1.340000033378601,1.340000033378601,1.3278182744979858,6000
2016-06-17,1.309999942779541,1.309999942779541,1.309999942779541,1.309999942779541,1.2980908155441284,6000
2016-06-20,1.2999999523162842,1.340000033378601,1.2999999523162842,1.340000033378601,1.3278182744979858,30000
2016-06-21,1.350000023841858,1.350000023841858,1.350000023841858,1.350000023841858,1.3377273082733154,10000
2016-06-22,1.350000023841858,1.350000023841858,1.350000023841858,1.350000023841858,1.3377273082733154,10000
2016-06-23,1.350000023841858,1.350000023841858,1.350000023841858,1.350000023841858,1.3377273082733154,12000
2016-06-24,1.2999999523162842,1.2999999523162842,1.2999999523162842,1.2999999523162842,1.2881817817687988,10000
2016-06-27,1.3300000429153442,1.350000023841858,1.3300000429153442,1.350000023841858,1.3377273082733154,40000
2016-06-28,1.350000023841858,1.350000023841858,1.350000023841858,1.350000023841858,1.3377273082733154,40000
2016-06-29,1.350000023841858,1.350000023841858,1.350000023841858,1.350000023841858,1.3377273082733154,10000
2016-06-30,1.350000023841858,1.350000023841858,1.350000023841858,1.350000023841858,1.3377273082733154,10000
2016-07-04,1.350000023841858,1.350000023841858,1.2999999523162842,1.340000033378601,1.3278182744979858,110000
2016-07-05,1.340000033378601,1.340000033378601,1.340000033378601,1.340000033378601,1.3278182744979858,0
2016-07-06,1.340000033378601,1.340000033378601,1.340000033378601,1.340000033378601,1.3278182744979858,0
2016-07-07,1.2999999523162842,1.2999999523162842,1.2999999523162842,1.2999999523162842,1.2881817817687988,20000
2016-07-08,1.2999999523162842,1.340000033378601,1.2999999523162842,1.340000033378601,1.3278182744979858,76000
2016-07-11,1.2999999523162842,1.340000033378601,1.2999999523162842,1.340000033378601,1.3278182744979858,82000
2016-07-12,1.2999999523162842,1.2999999523162842,1.2999999523162842,1.2999999523162842,1.2881817817687988,124000
2016-07-13,1.2999999523162842,1.2999999523162842,1.2999999523162842,1.2999999523162842,1.2881817817687988,10000
2016-07-14,1.2799999713897705,1.2999999523162842,1.2799999713897705,1.2999999523162842,1.2881817817687988,22000
2016-07-15,1.2999999523162842,1.2999999523162842,1.2999999523162842,1.2999999523162842,1.2881817817687988,10000
2016-07-18,1.2999999523162842,1.2999999523162842,1.2999999523162842,1.2999999523162842,1.2881817817687988,10000
2016-07-19,1.2999999523162842,1.2999999523162842,1.2999999523162842,1.2999999523162842,1.2881817817687988,10000
2016-07-20,1.2999999523162842,1.2999999523162842,1.2999999523162842,1.2999999523162842,1.2881817817687988,0
2016-07-21,1.2999999523162842,1.2999999523162842,1.2999999523162842,1.2999999523162842,1.2881817817687988,10000
2016-07-22,1.2999999523162842,1.2999999523162842,1.2999999523162842,1.2999999523162842,1.2881817817687988,0
2016-07-25,1.2999999523162842,1.2999999523162842,1.25,1.2599999904632568,1.2485454082489014,20000
2016-07-26,1.350000023841858,1.350000023841858,1.350000023841858,1.2999999523162842,1.2881817817687988,6000
2016-07-27,1.2999999523162842,1.2999999523162842,1.2999999523162842,1.2999999523162842,1.2881817817687988,0
2016-07-28,1.25,1.3300000429153442,1.25,1.3300000429153442,1.3179091215133667,14000
2016-07-29,1.3200000524520874,1.3200000524520874,1.3200000524520874,1.3200000524520874,1.308000087738037,0
2016-08-01,1.2999999523162842,1.2999999523162842,1.2999999523162842,1.2999999523162842,1.2881817817687988,0
2016-08-02,1.2999999523162842,1.2999999523162842,1.2999999523162842,1.2999999523162842,1.2881817817687988,0
2016-08-03,1.2999999523162842,1.2999999523162842,1.2999999523162842,1.2999999523162842,1.2881817817687988,0
2016-08-04,1.2999999523162842,1.2999999523162842,1.2999999523162842,1.2999999523162842,1.2881817817687988,0
2016-08-05,1.2999999523162842,1.2999999523162842,1.2999999523162842,1.2999999523162842,1.2881817817687988,0
2016-08-08,1.2999999523162842,1.2999999523162842,1.2999999523162842,1.2999999523162842,1.2881817817687988,0
2016-08-09,1.2999999523162842,1.2999999523162842,1.2999999523162842,1.2999999523162842,1.2881817817687988,0
2016-08-10,1.2999999523162842,1.2999999523162842,1.2999999523162842,1.2999999523162842,1.2881817817687988,0
2016-08-11,1.2899999618530273,1.2899999618530273,1.2899999618530273,1.2899999618530273,1.2782727479934692,0
2016-08-12,1.25,1.2999999523162842,1.25,1.2999999523162842,1.2881817817687988,10000
2016-08-15,1.2999999523162842,1.2999999523162842,1.2999999523162842,1.2999999523162842,1.2881817817687988,0
2016-08-16,1.2999999523162842,1.2999999523162842,1.2999999523162842,1.2999999523162842,1.2881817817687988,0
2016-08-17,1.2999999523162842,1.2999999523162842,1.2999999523162842,1.2999999523162842,1.2881817817687988,0
2016-08-18,1.2999999523162842,1.2999999523162842,1.2999999523162842,1.2999999523162842,1.2881817817687988,0
2016-08-19,1.25,1.25,1.2000000476837158,1.25,1.2386363744735718,256000
2016-08-22,1.2000000476837158,1.25,1.2000000476837158,1.25,1.2386363744735718,16000
2016-08-23,1.2400000095367432,1.2400000095367432,1.2400000095367432,1.2400000095367432,1.2287273406982422,0
2016-08-24,1.2400000095367432,1.2400000095367432,1.2400000095367432,1.2400000095367432,1.2287273406982422,0
2016-08-25,1.2899999618530273,1.2899999618530273,1.2899999618530273,1.2899999618530273,1.2782727479934692,4000
2016-08-26,1.25,1.25,1.25,1.25,1.2386363744735718,0
2016-08-29,1.25,1.25,1.25,1.25,1.2386363744735718,0
2016-08-30,1.25,1.25,1.25,1.25,1.2386363744735718,0
2016-08-31,1.25,1.25,1.25,1.25,1.2386363744735718,0
2016-09-01,1.25,1.25,1.25,1.25,1.2386363744735718,0
2016-09-02,1.25,1.25,1.25,1.25,1.2386363744735718,0
2016-09-05,1.25,1.25,1.25,1.25,1.2386363744735718,0
2016-09-06,1.25,1.25,1.25,1.25,1.2386363744735718,0
2016-09-07,1.25,1.25,1.25,1.25,1.2386363744735718,0
2016-09-08,1.25,1.25,1.25,1.25,1.2386363744735718,0
2016-09-09,1.2300000190734863,1.2300000190734863,1.2300000190734863,1.2300000190734863,1.218818187713623,0
2016-09-12,1.2300000190734863,1.2300000190734863,1.2300000190734863,1.2300000190734863,1.218818187713623,4000
2016-09-13,1.1699999570846558,1.2799999713897705,1.1699999570846558,1.2799999713897705,1.26836359500885,32000
2016-09-14,1.2799999713897705,1.2799999713897705,1.2799999713897705,1.2799999713897705,1.26836359500885,0
2016-09-15,1.2799999713897705,1.2799999713897705,1.2799999713897705,1.2799999713897705,1.26836359500885,0
2016-09-19,1.2599999904632568,1.2599999904632568,1.2599999904632568,1.2599999904632568,1.2485454082489014,0
2016-09-20,1.2200000286102295,1.2200000286102295,1.2000000476837158,1.2000000476837158,1.1890909671783447,24000
2016-09-21,1.1799999475479126,1.2400000095367432,1.1699999570846558,1.2300000190734863,1.218818187713623,30000
2016-09-22,1.2300000190734863,1.2300000190734863,1.2300000190734863,1.2300000190734863,1.218818187713623,0
2016-09-23,1.2300000190734863,1.2300000190734863,1.2300000190734863,1.2300000190734863,1.218818187713623,0
2016-09-26,1.2200000286102295,1.2400000095367432,1.2200000286102295,1.2400000095367432,1.2287273406982422,12000
2016-09-27,1.2300000190734863,1.25,1.2300000190734863,1.25,1.2386363744735718,12000
2016-09-28,1.25,1.25,1.25,1.25,1.2386363744735718,0
2016-09-29,1.2300000190734863,1.2300000190734863,1.2300000190734863,1.2300000190734863,1.218818187713623,0
2016-09-30,1.2200000286102295,1.25,1.2200000286102295,1.25,1.2386363744735718,40000
2016-10-03,1.25,1.25,1.25,1.25,1.2386363744735718,0
2016-10-04,1.25,1.25,1.25,1.25,1.2386363744735718,0
2016-10-05,1.2300000190734863,1.25,1.2300000190734863,1.25,1.2386363744735718,22000
2016-10-06,1.25,1.25,1.25,1.25,1.2386363744735718,0
2016-10-07,1.2300000190734863,1.2300000190734863,1.2300000190734863,1.2300000190734863,1.218818187713623,0
2016-10-11,1.0299999713897705,1.0299999713897705,1.0299999713897705,1.100000023841858,1.090000033378601,6000
2016-10-12,1.2300000190734863,1.25,1.149999976158142,1.2400000095367432,1.2287273406982422,76000
2016-10-13,1.2300000190734863,1.2300000190734863,1.2300000190734863,1.2300000190734863,1.218818187713623,0
2016-10-14,1.2300000190734863,1.2300000190734863,1.2300000190734863,1.2300000190734863,1.218818187713623,0
2016-10-17,1.2300000190734863,1.2300000190734863,1.2300000190734863,1.2300000190734863,1.218818187713623,0
2016-10-18,1.2300000190734863,1.2300000190734863,1.2300000190734863,1.2300000190734863,1.218818187713623,0
2016-10-19,1.2300000190734863,1.2300000190734863,1.2300000190734863,1.2300000190734863,1.218818187713623,0
2016-10-20,1.2300000190734863,1.2300000190734863,1.2300000190734863,1.2300000190734863,1.218818187713623,0
2016-10-21,1.2300000190734863,1.2300000190734863,1.2300000190734863,1.2300000190734863,1.218818187713623,0
2016-10-24,1.2200000286102295,1.2200000286102295,1.2200000286102295,1.2200000286102295,1.2089091539382935,0
2016-10-25,1.2100000381469727,1.2100000381469727,1.2100000381469727,1.2100000381469727,1.1990000009536743,0
2016-10-26,1.2100000381469727,1.2100000381469727,1.2100000381469727,1.2100000381469727,1.1990000009536743,0
2016-10-27,1.2100000381469727,1.2100000381469727,1.2100000381469727,1.2100000381469727,1.1990000009536743,0
2016-10-28,1.2100000381469727,1.2100000381469727,1.2100000381469727,1.2100000381469727,1.1990000009536743,0
2016-10-31,1.25,1.25,1.25,1.25,1.2386363744735718,102000
2016-11-01,1.2300000190734863,1.2300000190734863,1.2300000190734863,1.2300000190734863,1.218818187713623,0
2016-11-02,1.2300000190734863,1.2300000190734863,1.2300000190734863,1.2300000190734863,1.218818187713623,0
2016-11-03,1.2200000286102295,1.2200000286102295,1.2200000286102295,1.2200000286102295,1.2089091539382935,0
2016-11-04,1.2200000286102295,1.2200000286102295,1.2200000286102295,1.2200000286102295,1.2089091539382935,0
2016-11-07,1.2200000286102295,1.2200000286102295,1.2200000286102295,1.2200000286102295,1.2089091539382935,0
2016-11-08,1.090000033378601,1.2200000286102295,1.090000033378601,1.2100000381469727,1.1990000009536743,56000
2016-11-09,1.100000023841858,1.2100000381469727,1.100000023841858,1.2100000381469727,1.1990000009536743,52000
2016-11-10,1.2000000476837158,1.2000000476837158,1.2000000476837158,1.2000000476837158,1.1890909671783447,0
2016-11-11,1.2000000476837158,1.2100000381469727,1.2000000476837158,1.2100000381469727,1.1990000009536743,12000
2016-11-14,1.2100000381469727,1.2100000381469727,1.2100000381469727,1.2100000381469727,1.1990000009536743,0
2016-11-15,1.190000057220459,1.190000057220459,1.190000057220459,1.190000057220459,1.1791819334030151,0
2016-11-16,1.1799999475479126,1.1799999475479126,1.1799999475479126,1.1799999475479126,1.1692726612091064,0
2016-11-17,1.1699999570846558,1.1699999570846558,1.1699999570846558,1.1699999570846558,1.1593636274337769,0
2016-11-18,1.1699999570846558,1.1699999570846558,1.1699999570846558,1.1699999570846558,1.1593636274337769,6000
2016-11-21,1.2100000381469727,1.2400000095367432,1.2100000381469727,1.2400000095367432,1.2287273406982422,10000
2016-11-22,1.2100000381469727,1.2100000381469727,1.2100000381469727,1.2100000381469727,1.1990000009536743,0
2016-11-23,1.100000023841858,1.100000023841858,1.100000023841858,1.1200000047683716,1.1098182201385498,4000
2016-11-24,1.2400000095367432,1.2400000095367432,1.2400000095367432,1.2400000095367432,1.2287273406982422,10000
2016-11-25,1.2400000095367432,1.2400000095367432,1.2400000095367432,1.2400000095367432,1.2287273406982422,0
2016-11-28,1.2300000190734863,1.2300000190734863,1.2300000190734863,1.2300000190734863,1.218818187713623,0
2016-11-29,1.2100000381469727,1.2100000381469727,1.2100000381469727,1.2100000381469727,1.1990000009536743,0
2016-11-30,1.190000057220459,1.190000057220459,1.190000057220459,1.190000057220459,1.1791819334030151,0
2016-12-01,1.1799999475479126,1.1799999475479126,1.1799999475479126,1.1799999475479126,1.1692726612091064,0
2016-12-02,1.1699999570846558,1.1699999570846558,1.1699999570846558,1.1699999570846558,1.1593636274337769,0
2016-12-05,1.0499999523162842,1.159999966621399,1.0499999523162842,1.159999966621399,1.1494544744491577,38000
2016-12-06,1.1299999952316284,1.1799999475479126,1.0800000429153442,1.1799999475479126,1.1692726612091064,38000
2016-12-07,1.1799999475479126,1.1799999475479126,1.1799999475479126,1.1799999475479126,1.1692726612091064,0
2016-12-08,1.1799999475479126,1.1799999475479126,1.1799999475479126,1.1799999475479126,1.1692726612091064,0
2016-12-09,1.100000023841858,1.100000023841858,1.100000023841858,1.100000023841858,1.090000033378601,14000
2016-12-12,1.1799999475479126,1.1799999475479126,1.1799999475479126,1.1799999475479126,1.1692726612091064,2000
2016-12-13,1.1699999570846558,1.1699999570846558,1.1699999570846558,1.1699999570846558,1.1593636274337769,0
2016-12-14,1.159999966621399,1.159999966621399,1.159999966621399,1.159999966621399,1.1494544744491577,0
2016-12-15,1.159999966621399,1.159999966621399,1.159999966621399,1.159999966621399,1.1494544744491577,0
2016-12-16,1.090000033378601,1.100000023841858,1.0,1.0,0.9909090995788574,190000
2016-12-19,1.0,1.0,1.0,1.0,0.9909090995788574,20000
2016-12-20,1.0,1.0,1.0,1.0,0.9909090995788574,16000
2016-12-21,1.0,1.0,1.0,1.0,0.9909090995788574,50000
2016-12-22,1.0,1.0,1.0,1.0,0.9909090995788574,0
2016-12-23,1.0,1.0,0.9399999976158142,1.0,0.9909090995788574,70000
2016-12-28,1.0,1.100000023841858,0.9900000095367432,1.090000033378601,1.0800909996032715,28000
2016-12-29,1.059999942779541,1.100000023841858,1.059999942779541,1.090000033378601,1.0800909996032715,24000
2016-12-30,1.100000023841858,1.100000023841858,0.9399999976158142,0.9800000190734863,0.9710909128189087,276000
2017-01-03,0.9700000286102295,1.0199999809265137,0.9700000286102295,1.0199999809265137,1.0107272863388062,40000
2017-01-04,1.0,1.0,1.0,1.0,0.9909090995788574,0
2017-01-05,1.0,1.0,1.0,1.0,0.9909090995788574,0
2017-01-06,1.0,1.0399999618530273,1.0,1.0399999618530273,1.0305454730987549,22000
2017-01-09,1.0199999809265137,1.059999942779541,1.0199999809265137,1.059999942779541,1.050363540649414,30000
2017-01-10,1.059999942779541,1.0700000524520874,1.059999942779541,1.0700000524520874,1.0602728128433228,12000
2017-01-11,1.0800000429153442,1.0800000429153442,1.059999942779541,1.0800000429153442,1.0701818466186523,24000
2017-01-12,1.0800000429153442,1.0800000429153442,1.0800000429153442,1.0800000429153442,1.0701818466186523,0
2017-01-13,1.059999942779541,1.059999942779541,1.059999942779541,1.059999942779541,1.050363540649414,0
2017-01-16,0.949999988079071,1.0399999618530273,0.9399999976158142,1.0399999618530273,1.0305454730987549,62000
2017-01-17,1.0099999904632568,1.0099999904632568,1.0099999904632568,1.0099999904632568,1.000818133354187,0
2017-01-18,1.0099999904632568,1.0099999904632568,1.0099999904632568,1.0099999904632568,1.000818133354187,40000
2017-01-19,1.0,1.149999976158142,1.0,1.149999976158142,1.1395454406738281,220000
2017-01-20,1.149999976158142,1.149999976158142,1.149999976158142,1.149999976158142,1.1395454406738281,0
2017-01-23,1.149999976158142,1.149999976158142,1.149999976158142,1.149999976158142,1.1395454406738281,0
2017-01-24,1.149999976158142,1.149999976158142,1.149999976158142,1.149999976158142,1.1395454406738281,0
2017-01-25,1.149999976158142,1.149999976158142,1.149999976158142,1.149999976158142,1.1395454406738281,0
2017-01-26,1.149999976158142,1.149999976158142,1.149999976158142,1.149999976158142,1.1395454406738281,0
2017-01-27,1.149999976158142,1.149999976158142,1.149999976158142,1.149999976158142,1.1395454406738281,0
2017-02-01,1.100000023841858,1.100000023841858,1.100000023841858,1.100000023841858,1.090000033378601,30300
2017-02-02,1.100000023841858,1.100000023841858,1.100000023841858,1.100000023841858,1.090000033378601,0
2017-02-03,1.100000023841858,1.100000023841858,1.100000023841858,1.100000023841858,1.090000033378601,0
2017-02-06,1.100000023841858,1.100000023841858,1.100000023841858,1.100000023841858,1.090000033378601,0
2017-02-07,1.100000023841858,1.100000023841858,1.100000023841858,1.100000023841858,1.090000033378601,16000
2017-02-08,1.100000023841858,1.100000023841858,1.100000023841858,1.100000023841858,1.090000033378601,6000
2017-02-09,1.100000023841858,1.100000023841858,1.100000023841858,1.100000023841858,1.090000033378601,18000
2017-02-10,1.100000023841858,1.100000023841858,1.100000023841858,1.100000023841858,1.090000033378601,0
2017-02-13,1.100000023841858,1.100000023841858,1.100000023841858,1.100000023841858,1.090000033378601,0
2017-02-14,1.0399999618530273,1.1200000047683716,1.0399999618530273,1.1100000143051147,1.0999090671539307,24000
2017-02-15,1.1100000143051147,1.1100000143051147,1.0099999904632568,1.100000023841858,1.090000033378601,38000
2017-02-16,1.100000023841858,1.100000023841858,1.100000023841858,1.100000023841858,1.090000033378601,0
2017-02-17,1.100000023841858,1.100000023841858,1.100000023841858,1.100000023841858,1.090000033378601,0
2017-02-20,1.0499999523162842,1.100000023841858,1.0499999523162842,1.090000033378601,1.0800909996032715,6000
2017-02-21,1.090000033378601,1.100000023841858,1.090000033378601,1.090000033378601,1.0800909996032715,30000
2017-02-22,1.0800000429153442,1.0800000429153442,1.0800000429153442,1.0800000429153442,1.0701818466186523,0
2017-02-23,1.0499999523162842,1.0800000429153442,1.0499999523162842,1.0800000429153442,1.0701818466186523,4000
2017-02-24,1.100000023841858,1.100000023841858,1.100000023841858,1.100000023841858,1.090000033378601,4000
2017-02-27,1.100000023841858,1.1100000143051147,1.100000023841858,1.1100000143051147,1.0999090671539307,6000
2017-02-28,1.1100000143051147,1.1100000143051147,1.1100000143051147,1.1100000143051147,1.0999090671539307,0
2017-03-01,1.1100000143051147,1.1100000143051147,1.1100000143051147,1.1100000143051147,1.0999090671539307,0
2017-03-02,1.100000023841858,1.100000023841858,1.100000023841858,1.100000023841858,1.090000033378601,10000
2017-03-03,1.100000023841858,1.100000023841858,1.100000023841858,1.100000023841858,1.090000033378601,0
2017-03-06,1.100000023841858,1.100000023841858,1.100000023841858,1.100000023841858,1.090000033378601,0
2017-03-07,1.100000023841858,1.100000023841858,1.100000023841858,1.100000023841858,1.090000033378601,0
2017-03-08,1.1100000143051147,1.1100000143051147,1.1100000143051147,1.1100000143051147,1.0999090671539307,12000
2017-03-09,1.100000023841858,1.100000023841858,1.100000023841858,1.100000023841858,1.090000033378601,30000
2017-03-10,1.100000023841858,1.100000023841858,1.100000023841858,1.100000023841858,1.090000033378601,0
2017-03-13,1.100000023841858,1.100000023841858,1.100000023841858,1.100000023841858,1.090000033378601,0
2017-03-14,1.100000023841858,1.100000023841858,1.100000023841858,1.100000023841858,1.090000033378601,0
2017-03-15,1.100000023841858,1.100000023841858,1.100000023841858,1.100000023841858,1.090000033378601,10000
2017-03-16,1.100000023841858,1.100000023841858,1.100000023841858,1.100000023841858,1.090000033378601,0
2017-03-17,1.100000023841858,1.100000023841858,1.100000023841858,1.100000023841858,1.090000033378601,8000
2017-03-20,1.100000023841858,1.100000023841858,1.100000023841858,1.100000023841858,1.090000033378601,0
2017-03-21,1.100000023841858,1.100000023841858,1.100000023841858,1.100000023841858,1.090000033378601,0
2017-03-22,1.1100000143051147,1.1100000143051147,1.100000023841858,1.100000023841858,1.090000033378601,56000
2017-03-23,1.0399999618530273,1.0399999618530273,1.0399999618530273,1.0499999523162842,1.0404545068740845,10000
2017-03-24,1.0099999904632568,1.0099999904632568,0.8899999856948853,0.9800000190734863,0.9710909128189087,614000
2017-03-27,0.9800000190734863,1.090000033378601,0.9800000190734863,1.090000033378601,1.0800909996032715,200000
2017-03-28,1.0,1.090000033378601,1.0,1.090000033378601,1.0800909996032715,14000
2017-03-29,1.0099999904632568,1.090000033378601,1.0,1.090000033378601,1.0800909996032715,62000
2017-03-30,1.090000033378601,1.090000033378601,1.090000033378601,1.090000033378601,1.0800909996032715,0
2017-03-31,1.1200000047683716,1.1200000047683716,1.1200000047683716,1.1200000047683716,1.1098182201385498,10000
2017-04-03,1.1200000047683716,1.1200000047683716,1.1200000047683716,1.1200000047683716,1.1098182201385498,0
2017-04-05,1.1200000047683716,1.1200000047683716,1.1200000047683716,1.1200000047683716,1.1098182201385498,168000
2017-04-06,1.1200000047683716,1.1200000047683716,1.1200000047683716,1.1200000047683716,1.1098182201385498,0
2017-04-07,1.1200000047683716,1.1200000047683716,1.1200000047683716,1.1200000047683716,1.1098182201385498,0
2017-04-10,1.1200000047683716,1.1200000047683716,1.1200000047683716,1.1200000047683716,1.1098182201385498,0
2017-04-11,1.1200000047683716,1.1200000047683716,1.1200000047683716,1.1200000047683716,1.1098182201385498,0
2017-04-12,1.1200000047683716,1.1200000047683716,1.1200000047683716,1.1200000047683716,1.1098182201385498,0
2017-04-13,1.1200000047683716,1.1200000047683716,1.1200000047683716,1.1200000047683716,1.1098182201385498,0
2017-04-18,1.1200000047683716,1.1200000047683716,1.1200000047683716,1.1200000047683716,1.1098182201385498,0
2017-04-19,1.1200000047683716,1.1200000047683716,1.1200000047683716,1.1200000047683716,1.1098182201385498,0
2017-04-20,1.1200000047683716,1.1200000047683716,1.1200000047683716,1.1200000047683716,1.1098182201385498,0
2017-04-21,1.1200000047683716,1.1200000047683716,1.1200000047683716,1.1200000047683716,1.1098182201385498,0
2017-04-24,1.1200000047683716,1.1200000047683716,1.1200000047683716,1.1200000047683716,1.1098182201385498,0
2017-04-25,1.1200000047683716,1.1200000047683716,1.1200000047683716,1.1200000047683716,1.1098182201385498,0
2017-04-26,1.1200000047683716,1.1200000047683716,1.1200000047683716,1.1200000047683716,1.1098182201385498,0
2017-04-27,1.1200000047683716,1.1200000047683716,1.1200000047683716,1.1200000047683716,1.1098182201385498,0
2017-04-28,1.1200000047683716,1.1200000047683716,1.1200000047683716,1.1200000047683716,1.1098182201385498,0
2017-05-02,1.1200000047683716,1.1200000047683716,1.1200000047683716,1.1200000047683716,1.1098182201385498,0
2017-05-04,1.1200000047683716,1.1200000047683716,1.1200000047683716,1.1200000047683716,1.1098182201385498,0
2017-05-05,1.100000023841858,1.100000023841858,1.100000023841858,1.100000023841858,1.090000033378601,0
2017-05-08,1.100000023841858,1.100000023841858,1.100000023841858,1.100000023841858,1.090000033378601,0
2017-05-09,1.100000023841858,1.100000023841858,1.100000023841858,1.100000023841858,1.090000033378601,0
2017-05-10,1.100000023841858,1.100000023841858,1.100000023841858,1.100000023841858,1.090000033378601,0
2017-05-11,1.100000023841858,1.100000023841858,1.100000023841858,1.100000023841858,1.090000033378601,0
2017-05-12,1.090000033378601,1.090000033378601,1.090000033378601,1.090000033378601,1.090000033378601,0
2017-05-15,1.090000033378601,1.090000033378601,1.090000033378601,1.090000033378601,1.090000033378601,0
2017-05-16,1.090000033378601,1.090000033378601,1.090000033378601,1.090000033378601,1.090000033378601,0
2017-05-17,1.0199999809265137,1.0199999809265137,0.9900000095367432,1.0099999904632568,1.0099999904632568,120000
2017-05-18,0.9599999785423279,0.9599999785423279,0.9599999785423279,0.9599999785423279,0.9599999785423279,20000
2017-05-19,1.0499999523162842,1.100000023841858,0.9599999785423279,1.100000023841858,1.100000023841858,78000
2017-05-22,1.100000023841858,1.100000023841858,1.100000023841858,1.100000023841858,1.100000023841858,0
2017-05-23,1.100000023841858,1.100000023841858,1.100000023841858,1.100000023841858,1.100000023841858,0
2017-05-24,1.100000023841858,1.100000023841858,1.100000023841858,1.100000023841858,1.100000023841858,0
2017-05-25,1.100000023841858,1.100000023841858,1.100000023841858,1.100000023841858,1.100000023841858,0
2017-05-26,1.100000023841858,1.100000023841858,1.100000023841858,1.100000023841858,1.100000023841858,0
2017-05-29,1.100000023841858,1.100000023841858,1.100000023841858,1.100000023841858,1.100000023841858,0
2017-05-31,1.100000023841858,1.100000023841858,1.100000023841858,1.100000023841858,1.100000023841858,0
2017-06-01,1.100000023841858,1.100000023841858,1.100000023841858,1.100000023841858,1.100000023841858,0
2017-06-02,1.100000023841858,1.100000023841858,1.100000023841858,1.100000023841858,1.100000023841858,0
2017-06-05,1.100000023841858,1.100000023841858,1.100000023841858,1.100000023841858,1.100000023841858,0
2017-06-06,1.100000023841858,1.100000023841858,1.100000023841858,1.100000023841858,1.100000023841858,0
2017-06-07,1.100000023841858,1.100000023841858,1.100000023841858,1.100000023841858,1.100000023841858,0
2017-06-08,1.100000023841858,1.100000023841858,1.100000023841858,1.100000023841858,1.100000023841858,10000
2017-06-09,1.100000023841858,1.100000023841858,1.100000023841858,1.090000033378601,1.090000033378601,10000
2017-06-12,1.090000033378601,1.090000033378601,1.090000033378601,1.090000033378601,1.090000033378601,0
2017-06-13,1.090000033378601,1.090000033378601,1.090000033378601,1.090000033378601,1.090000033378601,0
2017-06-14,1.090000033378601,1.090000033378601,1.090000033378601,1.090000033378601,1.090000033378601,0
2017-06-15,1.090000033378601,1.090000033378601,1.090000033378601,1.090000033378601,1.090000033378601,0
2017-06-16,0.9800000190734863,1.0800000429153442,0.9800000190734863,1.0700000524520874,1.0700000524520874,22000
2017-06-19,1.0700000524520874,1.0700000524520874,1.0700000524520874,1.0700000524520874,1.0700000524520874,0
2017-06-20,1.090000033378601,1.090000033378601,1.090000033378601,1.0800000429153442,1.0800000429153442,4000
2017-06-21,1.0800000429153442,1.0800000429153442,1.0800000429153442,1.0800000429153442,1.0800000429153442,0
2017-06-22,0.9700000286102295,1.0800000429153442,0.9700000286102295,1.0700000524520874,1.0700000524520874,216000
2017-06-23,0.9800000190734863,1.0700000524520874,0.9800000190734863,1.0700000524520874,1.0700000524520874,118000
2017-06-26,1.100000023841858,1.100000023841858,1.100000023841858,1.090000033378601,1.090000033378601,4000
2017-06-27,0.9900000095367432,1.100000023841858,1.100000023841858,1.090000033378601,1.090000033378601,54000
2017-06-28,1.090000033378601,1.090000033378601,1.090000033378601,1.090000033378601,1.090000033378601,0
2017-06-29,1.0399999618530273,1.0399999618530273,1.0399999618530273,1.0399999618530273,1.0399999618530273,0
2017-06-30,1.0399999618530273,1.0399999618530273,1.0399999618530273,1.0399999618530273,1.0399999618530273,300000
2017-07-03,1.0399999618530273,1.0399999618530273,1.0399999618530273,1.0399999618530273,1.0399999618530273,0
2017-07-04,1.0399999618530273,1.0399999618530273,1.0399999618530273,1.0399999618530273,1.0399999618530273,0
2017-07-05,1.0399999618530273,1.0399999618530273,1.0399999618530273,1.0399999618530273,1.0399999618530273,0
2017-07-06,1.0399999618530273,1.0399999618530273,1.0399999618530273,1.0399999618530273,1.0399999618530273,0
2017-07-07,1.0399999618530273,1.0399999618530273,1.0399999618530273,1.0399999618530273,1.0399999618530273,0
2017-07-10,1.0399999618530273,1.0399999618530273,1.0399999618530273,1.0399999618530273,1.0399999618530273,0
2017-07-11,0.9800000190734863,1.1200000047683716,0.9800000190734863,1.0499999523162842,1.0499999523162842,4000
2017-07-12,1.0399999618530273,1.100000023841858,1.0399999618530273,1.0399999618530273,1.0399999618530273,222000
2017-07-13,1.0399999618530273,1.0399999618530273,1.0399999618530273,1.0399999618530273,1.0399999618530273,0
2017-07-14,1.0399999618530273,1.0399999618530273,1.0399999618530273,1.0399999618530273,1.0399999618530273,0
2017-07-17,1.0399999618530273,1.0399999618530273,1.0399999618530273,1.0399999618530273,1.0399999618530273,0
2017-07-18,1.0299999713897705,1.0299999713897705,1.0299999713897705,1.0299999713897705,1.0299999713897705,0
2017-07-19,1.0299999713897705,1.0299999713897705,1.0299999713897705,1.0299999713897705,1.0299999713897705,0
2017-07-20,1.0299999713897705,1.0299999713897705,1.0299999713897705,1.0299999713897705,1.0299999713897705,0
2017-07-21,1.0299999713897705,1.0299999713897705,1.0299999713897705,1.0299999713897705,1.0299999713897705,0
2017-07-24,1.0299999713897705,1.0299999713897705,1.0099999904632568,1.0199999809265137,1.0199999809265137,1140000
2017-07-25,1.0,1.0,1.0,1.0,1.0,6000
2017-07-26,1.0,1.0,1.0,1.0,1.0,0
2017-07-27,1.0,1.0,1.0,1.0,1.0,0
2017-07-28,1.0,1.0,1.0,1.0,1.0,0
2017-07-31,1.0,1.0,1.0,1.0,1.0,0
2017-08-01,1.0,1.0,1.0,1.0,1.0,0
2017-08-02,1.0,1.0,1.0,1.0,1.0,0
2017-08-03,1.0,1.0,1.0,1.0,1.0,0
2017-08-04,1.0,1.0,1.0,1.0,1.0,0
2017-08-07,1.0,1.0,1.0,1.0,1.0,4000
2017-08-08,1.0,1.0,1.0,1.0,1.0,0
2017-08-09,0.9700000286102295,1.0,1.0,1.0,1.0,14000
2017-08-10,1.0,1.0,1.0,1.0,1.0,0
2017-08-11,1.0,1.0,1.0,1.0,1.0,0
2017-08-14,1.0,1.0,1.0,1.0,1.0,0
2017-08-15,1.0,1.0,1.0,1.0,1.0,0
2017-08-16,0.9300000071525574,0.9300000071525574,0.9300000071525574,0.9399999976158142,0.9399999976158142,10000
2017-08-17,1.0,1.0,0.9900000095367432,0.9900000095367432,0.9900000095367432,14000
2017-08-18,0.9900000095367432,0.9900000095367432,0.9900000095367432,0.9900000095367432,0.9900000095367432,0
2017-08-21,1.0399999618530273,1.0399999618530273,1.0399999618530273,1.0299999713897705,1.0299999713897705,2000
2017-08-22,1.0299999713897705,1.0299999713897705,1.0299999713897705,1.0299999713897705,1.0299999713897705,0
2017-08-23,1.0299999713897705,1.0299999713897705,1.0299999713897705,1.0299999713897705,1.0299999713897705,0
2017-08-24,1.0299999713897705,1.0299999713897705,1.0299999713897705,1.0299999713897705,1.0299999713897705,0
2017-08-25,1.0299999713897705,1.0299999713897705,1.0299999713897705,1.0299999713897705,1.0299999713897705,0
2017-08-28,1.0299999713897705,1.0299999713897705,1.0299999713897705,1.0299999713897705,1.0299999713897705,0
2017-08-29,1.0299999713897705,1.0299999713897705,1.0299999713897705,1.0299999713897705,1.0299999713897705,0
2017-08-30,1.0299999713897705,1.0299999713897705,1.0299999713897705,1.0299999713897705,1.0299999713897705,0
2017-08-31,1.0299999713897705,1.0299999713897705,1.0299999713897705,1.0299999713897705,1.0299999713897705,0
2017-09-01,1.0,1.0,1.0,1.0,1.0,0
2017-09-04,1.0,1.0,1.0,1.0,1.0,2000
2017-09-05,1.0,1.0,1.0,1.0,1.0,0
2017-09-06,1.0,1.0,1.0,1.0,1.0,0
2017-09-07,0.8999999761581421,0.9800000190734863,0.8999999761581421,0.9800000190734863,0.9800000190734863,92000
2017-09-08,0.8899999856948853,1.0399999618530273,0.8899999856948853,1.0199999809265137,1.0199999809265137,34000
2017-09-11,0.9100000262260437,1.0,0.9100000262260437,1.0,1.0,440000
2017-09-12,1.0099999904632568,1.0099999904632568,1.0099999904632568,1.0,1.0,20000
2017-09-13,1.0,1.0,1.0,1.0,1.0,0
2017-09-14,1.0,1.0,1.0,1.0,1.0,0
2017-09-15,1.0,1.0,1.0,1.0,1.0,0
2017-09-18,1.0,1.0,1.0,1.0,1.0,0
2017-09-19,0.9300000071525574,0.949999988079071,0.9300000071525574,0.9399999976158142,0.9399999976158142,42000
2017-09-20,0.8999999761581421,0.9599999785423279,0.8500000238418579,0.8899999856948853,0.8899999856948853,626000
2017-09-21,0.8899999856948853,0.9599999785423279,0.8600000143051147,0.949999988079071,0.949999988079071,216000
2017-09-22,0.949999988079071,0.949999988079071,0.949999988079071,0.949999988079071,0.949999988079071,0
2017-09-25,0.9399999976158142,0.949999988079071,0.8999999761581421,0.949999988079071,0.949999988079071,70000
2017-09-26,0.9399999976158142,0.9399999976158142,0.8700000047683716,0.9100000262260437,0.9100000262260437,374000
2017-09-27,0.9399999976158142,0.9399999976158142,0.8799999952316284,0.9100000262260437,0.9100000262260437,86000
2017-09-28,0.8700000047683716,0.8700000047683716,0.8700000047683716,0.8799999952316284,0.8799999952316284,24000
2017-09-29,0.8600000143051147,0.8600000143051147,0.8500000238418579,0.8500000238418579,0.8500000238418579,72000
2017-10-03,0.7799999713897705,0.8899999856948853,0.7799999713897705,0.8899999856948853,0.8899999856948853,70000
2017-10-04,0.8899999856948853,0.8899999856948853,0.8899999856948853,0.8899999856948853,0.8899999856948853,0
2017-10-06,0.8899999856948853,0.8899999856948853,0.8899999856948853,0.8899999856948853,0.8899999856948853,0
2017-10-09,0.8500000238418579,0.8500000238418579,0.8500000238418579,0.8500000238418579,0.8500000238418579,10000
2017-10-10,0.8500000238418579,0.8500000238418579,0.8500000238418579,0.8500000238418579,0.8500000238418579,0
2017-10-11,0.8500000238418579,0.8500000238418579,0.8500000238418579,0.8500000238418579,0.8500000238418579,0
2017-10-12,0.8799999952316284,0.8799999952316284,0.8199999928474426,0.8199999928474426,0.8199999928474426,12000
2017-10-13,0.8799999952316284,0.8799999952316284,0.8799999952316284,0.8700000047683716,0.8700000047683716,2000
2017-10-16,0.8700000047683716,0.8700000047683716,0.8700000047683716,0.8700000047683716,0.8700000047683716,24000
2017-10-17,0.8700000047683716,0.8700000047683716,0.8700000047683716,0.8700000047683716,0.8700000047683716,0
2017-10-18,0.8899999856948853,0.8899999856948853,0.8899999856948853,0.8799999952316284,0.8799999952316284,2000
2017-10-19,0.8199999928474426,0.8299999833106995,0.8100000023841858,0.8100000023841858,0.8100000023841858,280000
2017-10-20,0.8100000023841858,0.8100000023841858,0.8100000023841858,0.8100000023841858,0.8100000023841858,0
2017-10-23,0.8100000023841858,0.8100000023841858,0.8100000023841858,0.8100000023841858,0.8100000023841858,0
2017-10-24,0.8199999928474426,0.8199999928474426,0.7900000214576721,0.800000011920929,0.800000011920929,136000
2017-10-25,0.8100000023841858,0.9100000262260437,0.8100000023841858,0.8100000023841858,0.8100000023841858,132000
2017-10-26,0.8199999928474426,0.8199999928474426,0.8199999928474426,0.8199999928474426,0.8199999928474426,52000
2017-10-27,0.8500000238418579,0.8500000238418579,0.8500000238418579,0.8500000238418579,0.8500000238418579,2000
2017-10-30,0.8500000238418579,0.8500000238418579,0.8500000238418579,0.8500000238418579,0.8500000238418579,0
2017-10-31,0.8500000238418579,0.8500000238418579,0.8500000238418579,0.8500000238418579,0.8500000238418579,0
2017-11-01,0.8299999833106995,0.8299999833106995,0.8299999833106995,0.8299999833106995,0.8299999833106995,12000
2017-11-02,0.8600000143051147,0.8600000143051147,0.8600000143051147,0.8399999737739563,0.8399999737739563,4000
2017-11-03,0.8299999833106995,0.8299999833106995,0.8299999833106995,0.8299999833106995,0.8299999833106995,0
2017-11-06,0.8299999833106995,0.8299999833106995,0.8299999833106995,0.8299999833106995,0.8299999833106995,0
2017-11-07,0.800000011920929,0.800000011920929,0.75,0.7799999713897705,0.7799999713897705,64000
2017-11-08,0.7900000214576721,0.7900000214576721,0.7300000190734863,0.7400000095367432,0.7400000095367432,138000
2017-11-09,0.7200000286102295,0.7799999713897705,0.7799999713897705,0.7699999809265137,0.7699999809265137,12000
2017-11-10,0.75,0.75,0.75,0.75,0.75,100000
2017-11-13,0.7799999713897705,0.7799999713897705,0.7799999713897705,0.7799999713897705,0.7799999713897705,10000
2017-11-14,0.7799999713897705,0.7799999713897705,0.7799999713897705,0.7799999713897705,0.7799999713897705,0
2017-11-15,0.7599999904632568,0.7599999904632568,0.7599999904632568,0.7599999904632568,0.7599999904632568,0
2017-11-16,0.7599999904632568,0.7599999904632568,0.7599999904632568,0.7599999904632568,0.7599999904632568,0
2017-11-17,0.7599999904632568,0.7599999904632568,0.7599999904632568,0.7599999904632568,0.7599999904632568,150000
2017-11-20,0.7200000286102295,0.7200000286102295,0.7200000286102295,0.7200000286102295,0.7200000286102295,74000
2017-11-21,0.7200000286102295,0.7200000286102295,0.699999988079071,0.699999988079071,0.699999988079071,326000
2017-11-22,0.699999988079071,0.75,0.699999988079071,0.75,0.75,84000
2017-11-23,0.75,0.75,0.75,0.75,0.75,0
2017-11-24,0.75,0.75,0.699999988079071,0.699999988079071,0.699999988079071,270000
2017-11-27,0.7099999785423279,0.7799999713897705,0.699999988079071,0.75,0.75,90000
2017-11-28,0.6600000262260437,0.699999988079071,0.6600000262260437,0.699999988079071,0.699999988079071,314000
2017-11-29,0.7099999785423279,0.7099999785423279,0.6000000238418579,0.6000000238418579,0.6000000238418579,830000
2017-11-30,0.6200000047683716,0.6399999856948853,0.6100000143051147,0.6399999856948853,0.6399999856948853,186000
2017-12-01,0.6499999761581421,0.6700000166893005,0.6399999856948853,0.6499999761581421,0.6499999761581421,96000
2017-12-04,0.6600000262260437,0.6600000262260437,0.6600000262260437,0.6600000262260437,0.6600000262260437,0
2017-12-05,0.6499999761581421,0.6499999761581421,0.6499999761581421,0.6499999761581421,0.6499999761581421,100000
2017-12-06,0.6499999761581421,0.6499999761581421,0.6499999761581421,0.6499999761581421,0.6499999761581421,0
2017-12-07,0.6700000166893005,0.75,0.6700000166893005,0.699999988079071,0.699999988079071,152000
2017-12-08,0.699999988079071,0.699999988079071,0.6800000071525574,0.6800000071525574,0.6800000071525574,128000
2017-12-11,0.6700000166893005,0.6700000166893005,0.6700000166893005,0.6700000166893005,0.6700000166893005,0
2017-12-12,0.6700000166893005,0.6700000166893005,0.6700000166893005,0.6700000166893005,0.6700000166893005,0
2017-12-13,0.6700000166893005,0.6700000166893005,0.6700000166893005,0.6700000166893005,0.6700000166893005,0
2017-12-14,0.6700000166893005,0.6700000166893005,0.6700000166893005,0.6700000166893005,0.6700000166893005,0
2017-12-15,0.6700000166893005,0.6700000166893005,0.6700000166893005,0.6700000166893005,0.6700000166893005,0
2017-12-18,0.6899999976158142,0.6899999976158142,0.6899999976158142,0.6899999976158142,0.6899999976158142,4000
2017-12-19,0.699999988079071,0.699999988079071,0.699999988079071,0.699999988079071,0.699999988079071,50000
2017-12-20,0.699999988079071,0.699999988079071,0.699999988079071,0.699999988079071,0.699999988079071,0
2017-12-21,0.6700000166893005,0.6700000166893005,0.6000000238418579,0.6200000047683716,0.6200000047683716,1678000
2017-12-22,0.6499999761581421,0.6499999761581421,0.6499999761581421,0.6499999761581421,0.6499999761581421,0
2017-12-27,0.6499999761581421,0.6499999761581421,0.6499999761581421,0.6499999761581421,0.6499999761581421,0
2017-12-28,0.6499999761581421,0.6499999761581421,0.6499999761581421,0.6499999761581421,0.6499999761581421,2000
2017-12-29,0.6499999761581421,0.6499999761581421,0.6499999761581421,0.6499999761581421,0.6499999761581421,0
2018-01-02,0.6499999761581421,0.6499999761581421,0.6499999761581421,0.6499999761581421,0.6499999761581421,0
2018-01-03,0.6200000047683716,0.6499999761581421,0.6499999761581421,0.6499999761581421,0.6499999761581421,40000
2018-01-04,0.6600000262260437,0.6600000262260437,0.6600000262260437,0.6600000262260437,0.6600000262260437,0
2018-01-05,0.6899999976158142,0.699999988079071,0.6899999976158142,0.699999988079071,0.699999988079071,100000
2018-01-08,0.699999988079071,0.699999988079071,0.699999988079071,0.699999988079071,0.699999988079071,0
2018-01-09,0.6800000071525574,0.6800000071525574,0.6800000071525574,0.6800000071525574,0.6800000071525574,0
2018-01-10,0.6800000071525574,0.6800000071525574,0.6800000071525574,0.6800000071525574,0.6800000071525574,0
2018-01-11,0.6700000166893005,0.6700000166893005,0.6700000166893005,0.6700000166893005,0.6700000166893005,2000
2018-01-12,0.6499999761581421,0.6499999761581421,0.6499999761581421,0.6499999761581421,0.6499999761581421,0
2018-01-15,0.6499999761581421,0.6499999761581421,0.6499999761581421,0.6499999761581421,0.6499999761581421,0
2018-01-16,0.6499999761581421,0.6499999761581421,0.6499999761581421,0.6499999761581421,0.6499999761581421,2000
2018-01-17,0.6499999761581421,0.6499999761581421,0.6499999761581421,0.6499999761581421,0.6499999761581421,0
2018-01-18,0.6499999761581421,0.6499999761581421,0.6499999761581421,0.6499999761581421,0.6499999761581421,0
2018-01-19,0.6499999761581421,0.6499999761581421,0.6499999761581421,0.6499999761581421,0.6499999761581421,0
2018-01-22,0.6399999856948853,0.6399999856948853,0.6399999856948853,0.6399999856948853,0.6399999856948853,0
2018-01-23,0.6399999856948853,0.6399999856948853,0.6399999856948853,0.6399999856948853,0.6399999856948853,0
2018-01-24,0.6399999856948853,0.6399999856948853,0.6399999856948853,0.6399999856948853,0.6399999856948853,0
2018-01-25,0.6899999976158142,0.6899999976158142,0.6899999976158142,0.6899999976158142,0.6899999976158142,12000
2018-01-26,0.6899999976158142,0.6899999976158142,0.6899999976158142,0.6899999976158142,0.6899999976158142,0
2018-01-29,0.6899999976158142,0.6899999976158142,0.6899999976158142,0.6899999976158142,0.6899999976158142,0
2018-01-30,0.6899999976158142,0.6899999976158142,0.6899999976158142,0.6899999976158142,0.6899999976158142,0
2018-01-31,0.6899999976158142,0.6899999976158142,0.6899999976158142,0.6899999976158142,0.6899999976158142,0
2018-02-01,0.6899999976158142,0.6899999976158142,0.6499999761581421,0.6499999761581421,0.6499999761581421,8000
2018-02-02,0.6499999761581421,0.6499999761581421,0.6499999761581421,0.6499999761581421,0.6499999761581421,240000
2018-02-05,0.6499999761581421,0.6499999761581421,0.6100000143051147,0.6100000143051147,0.6100000143051147,126000
2018-02-06,0.6100000143051147,0.6100000143051147,0.6100000143051147,0.6100000143051147,0.6100000143051147,0
2018-02-07,0.5600000023841858,0.6399999856948853,0.6399999856948853,0.6399999856948853,0.6399999856948853,4000
2018-02-08,0.6399999856948853,0.6399999856948853,0.6399999856948853,0.6399999856948853,0.6399999856948853,0
2018-02-09,0.5299999713897705,0.6399999856948853,0.6399999856948853,0.6399999856948853,0.6399999856948853,20000
2018-02-12,0.6399999856948853,0.6499999761581421,0.6499999761581421,0.6499999761581421,0.6499999761581421,140000
2018-02-13,0.6200000047683716,0.6200000047683716,0.6200000047683716,0.6200000047683716,0.6200000047683716,0
2018-02-14,0.6200000047683716,0.6200000047683716,0.6200000047683716,0.6200000047683716,0.6200000047683716,0
2018-02-15,0.6499999761581421,0.6499999761581421,0.5899999737739563,0.6000000238418579,0.6000000238418579,174000
2018-02-20,0.6000000238418579,0.6000000238418579,0.6000000238418579,0.6000000238418579,0.6000000238418579,0
2018-02-21,0.6000000238418579,0.6000000238418579,0.6000000238418579,0.6000000238418579,0.6000000238418579,0
2018-02-22,0.6000000238418579,0.6000000238418579,0.6000000238418579,0.6000000238418579,0.6000000238418579,0
2018-02-23,0.6000000238418579,0.6000000238418579,0.6000000238418579,0.6000000238418579,0.6000000238418579,0
2018-02-26,0.6000000238418579,0.6000000238418579,0.6000000238418579,0.6000000238418579,0.6000000238418579,0
2018-02-27,0.6399999856948853,0.6499999761581421,0.6399999856948853,0.6499999761581421,0.6499999761581421,1072000
2018-02-28,0.699999988079071,0.699999988079071,0.699999988079071,0.699999988079071,0.699999988079071,2000
2018-03-01,0.699999988079071,0.699999988079071,0.699999988079071,0.699999988079071,0.699999988079071,0
2018-03-02,0.699999988079071,0.699999988079071,0.699999988079071,0.699999988079071,0.699999988079071,0
2018-03-05,0.699999988079071,0.699999988079071,0.699999988079071,0.699999988079071,0.699999988079071,0
2018-03-06,0.699999988079071,0.699999988079071,0.699999988079071,0.699999988079071,0.699999988079071,0
2018-03-07,0.699999988079071,0.699999988079071,0.699999988079071,0.699999988079071,0.699999988079071,0
2018-03-08,0.699999988079071,0.699999988079071,0.699999988079071,0.699999988079071,0.699999988079071,0
2018-03-09,0.6200000047683716,0.6499999761581421,0.6000000238418579,0.6399999856948853,0.6399999856948853,456000
2018-03-12,0.6399999856948853,0.6399999856948853,0.6399999856948853,0.6399999856948853,0.6399999856948853,0
2018-03-13,0.6100000143051147,0.6299999952316284,0.5899999737739563,0.6299999952316284,0.6299999952316284,58000
2018-03-14,0.6700000166893005,0.6700000166893005,0.6700000166893005,0.6700000166893005,0.6700000166893005,0
2018-03-15,0.6700000166893005,0.6700000166893005,0.6700000166893005,0.6700000166893005,0.6700000166893005,0
2018-03-16,0.6700000166893005,0.6700000166893005,0.6700000166893005,0.6700000166893005,0.6700000166893005,0
2018-03-19,0.6700000166893005,0.6700000166893005,0.6700000166893005,0.6700000166893005,0.6700000166893005,0
2018-03-20,0.6700000166893005,0.6700000166893005,0.6700000166893005,0.6700000166893005,0.6700000166893005,0
2018-03-21,0.6700000166893005,0.6700000166893005,0.6700000166893005,0.6700000166893005,0.6700000166893005,0
2018-03-22,0.6700000166893005,0.6700000166893005,0.6700000166893005,0.6700000166893005,0.6700000166893005,0
2018-03-23,0.6700000166893005,0.6700000166893005,0.6700000166893005,0.6700000166893005,0.6700000166893005,0
2018-03-26,0.6700000166893005,0.6700000166893005,0.6700000166893005,0.6700000166893005,0.6700000166893005,0
2018-03-27,0.6700000166893005,0.6700000166893005,0.6700000166893005,0.6700000166893005,0.6700000166893005,0
2018-03-28,0.6700000166893005,0.6700000166893005,0.6700000166893005,0.6700000166893005,0.6700000166893005,0
2018-03-29,0.6700000166893005,0.6700000166893005,0.6700000166893005,0.6700000166893005,0.6700000166893005,0
2018-04-03,0.6700000166893005,0.6700000166893005,0.6700000166893005,0.6700000166893005,0.6700000166893005,0
2018-04-04,0.6700000166893005,0.6700000166893005,0.6700000166893005,0.6700000166893005,0.6700000166893005,0
2018-04-06,0.6700000166893005,0.6700000166893005,0.6700000166893005,0.6700000166893005,0.6700000166893005,0
2018-04-09,0.6700000166893005,0.6700000166893005,0.6700000166893005,0.6700000166893005,0.6700000166893005,0
2018-04-10,0.6700000166893005,0.6700000166893005,0.6700000166893005,0.6700000166893005,0.6700000166893005,0
2018-04-11,0.6700000166893005,0.6700000166893005,0.6700000166893005,0.6700000166893005,0.6700000166893005,0
2018-04-12,0.6700000166893005,0.6700000166893005,0.6700000166893005,0.6700000166893005,0.6700000166893005,0
2018-04-13,0.6700000166893005,0.6700000166893005,0.6700000166893005,0.6700000166893005,0.6700000166893005,0
2018-04-16,0.6700000166893005,0.6700000166893005,0.6700000166893005,0.6700000166893005,0.6700000166893005,0
2018-04-17,0.6000000238418579,0.6100000143051147,0.5899999737739563,0.6200000047683716,0.6200000047683716,72000
2018-04-18,0.6200000047683716,0.6200000047683716,0.6200000047683716,0.6200000047683716,0.6200000047683716,0
2018-04-19,0.6200000047683716,0.6200000047683716,0.6200000047683716,0.6200000047683716,0.6200000047683716,0
2018-04-20,0.5799999833106995,0.5799999833106995,0.5799999833106995,0.5799999833106995,0.5799999833106995,14000
2018-04-23,0.5799999833106995,0.5799999833106995,0.5799999833106995,0.5799999833106995,0.5799999833106995,0
2018-04-24,0.5799999833106995,0.5799999833106995,0.5799999833106995,0.5799999833106995,0.5799999833106995,28000
2018-04-25,0.5799999833106995,0.5799999833106995,0.5799999833106995,0.5799999833106995,0.5799999833106995,0
2018-04-26,0.5799999833106995,0.5799999833106995,0.5799999833106995,0.5799999833106995,0.5799999833106995,0
2018-04-27,0.5799999833106995,0.5799999833106995,0.5799999833106995,0.5799999833106995,0.5799999833106995,0
2018-04-30,0.5799999833106995,0.5799999833106995,0.5799999833106995,0.5799999833106995,0.5799999833106995,0
2018-05-02,0.6200000047683716,0.6200000047683716,0.6200000047683716,0.6200000047683716,0.6200000047683716,2000
2018-05-03,0.6200000047683716,0.6200000047683716,0.6200000047683716,0.6200000047683716,0.6200000047683716,0
2018-05-04,0.6200000047683716,0.6200000047683716,0.6200000047683716,0.6200000047683716,0.6200000047683716,32000
2018-05-07,0.6200000047683716,0.6200000047683716,0.6200000047683716,0.6200000047683716,0.6200000047683716,0
2018-05-08,0.6200000047683716,0.6200000047683716,0.6200000047683716,0.6200000047683716,0.6200000047683716,0
2018-05-09,0.6200000047683716,0.6200000047683716,0.6200000047683716,0.6200000047683716,0.6200000047683716,0
2018-05-10,0.6200000047683716,0.6200000047683716,0.6200000047683716,0.6200000047683716,0.6200000047683716,0
2018-05-11,0.6200000047683716,0.6200000047683716,0.6200000047683716,0.6200000047683716,0.6200000047683716,0
2018-05-14,0.6100000143051147,0.6100000143051147,0.6100000143051147,0.6100000143051147,0.6100000143051147,8000
2018-05-15,0.6200000047683716,0.6200000047683716,0.6200000047683716,0.6200000047683716,0.6200000047683716,0
2018-05-16,0.6100000143051147,0.6200000047683716,0.6100000143051147,0.6100000143051147,0.6100000143051147,130000
2018-05-17,0.5799999833106995,0.5799999833106995,0.5799999833106995,0.5799999833106995,0.5799999833106995,2000
2018-05-18,0.6399999856948853,0.6399999856948853,0.5799999833106995,0.5899999737739563,0.5899999737739563,54000
2018-05-21,0.5799999833106995,0.5799999833106995,0.5799999833106995,0.5799999833106995,0.5799999833106995,0
2018-05-23,0.5799999833106995,0.5799999833106995,0.5799999833106995,0.5799999833106995,0.5799999833106995,0
2018-05-24,0.5799999833106995,0.5799999833106995,0.5799999833106995,0.5799999833106995,0.5799999833106995,2000
2018-05-25,0.5799999833106995,0.5799999833106995,0.5799999833106995,0.5799999833106995,0.5799999833106995,0
2018-05-28,0.5799999833106995,0.5799999833106995,0.5799999833106995,0.5799999833106995,0.5799999833106995,0
2018-05-29,0.5799999833106995,0.5799999833106995,0.5799999833106995,0.5799999833106995,0.5799999833106995,0
2018-05-30,0.5799999833106995,0.5799999833106995,0.5799999833106995,0.5799999833106995,0.5799999833106995,0
2018-05-31,0.5799999833106995,0.5799999833106995,0.5799999833106995,0.5799999833106995,0.5799999833106995,0
2018-06-01,0.6000000238418579,0.6000000238418579,0.6000000238418579,0.6000000238418579,0.6000000238418579,0
2018-06-04,0.6000000238418579,0.6000000238418579,0.6000000238418579,0.6000000238418579,0.6000000238418579,60000
2018-06-05,0.6000000238418579,0.6000000238418579,0.6000000238418579,0.6000000238418579,0.6000000238418579,0
2018-06-06,0.6000000238418579,0.6000000238418579,0.6000000238418579,0.6000000238418579,0.6000000238418579,138000
2018-06-07,0.6299999952316284,0.6299999952316284,0.6299999952316284,0.6299999952316284,0.6299999952316284,0
2018-06-08,0.6399999856948853,0.6499999761581421,0.6399999856948853,0.6499999761581421,0.6499999761581421,22000
2018-06-11,0.5600000023841858,0.5600000023841858,0.5600000023841858,0.5799999833106995,0.5799999833106995,2000
2018-06-12,0.5799999833106995,0.5799999833106995,0.5799999833106995,0.5799999833106995,0.5799999833106995,0
2018-06-13,0.5799999833106995,0.5799999833106995,0.5799999833106995,0.5799999833106995,0.5799999833106995,0
2018-06-14,0.5799999833106995,0.5799999833106995,0.5799999833106995,0.5799999833106995,0.5799999833106995,0
2018-06-15,0.5600000023841858,0.5600000023841858,0.5400000214576721,0.5600000023841858,0.5600000023841858,12000
2018-06-19,0.6000000238418579,0.6499999761581421,0.6000000238418579,0.6499999761581421,0.6499999761581421,154000
2018-06-20,0.6100000143051147,0.6100000143051147,0.6100000143051147,0.6100000143051147,0.6100000143051147,60000
2018-06-21,0.6100000143051147,0.6100000143051147,0.6100000143051147,0.6100000143051147,0.6100000143051147,0
2018-06-22,0.6100000143051147,0.6100000143051147,0.6100000143051147,0.6100000143051147,0.6100000143051147,0
2018-06-25,0.6100000143051147,0.6100000143051147,0.6100000143051147,0.6100000143051147,0.6100000143051147,0
2018-06-26,0.5699999928474426,0.6399999856948853,0.5699999928474426,0.6299999952316284,0.6299999952316284,38000
2018-06-27,0.6299999952316284,0.6299999952316284,0.6299999952316284,0.6299999952316284,0.6299999952316284,0
2018-06-28,0.6299999952316284,0.6299999952316284,0.6299999952316284,0.6299999952316284,0.6299999952316284,0
2018-06-29,0.6299999952316284,0.6299999952316284,0.6299999952316284,0.6299999952316284,0.6299999952316284,0
2018-07-03,0.6299999952316284,0.6299999952316284,0.6299999952316284,0.6299999952316284,0.6299999952316284,0
2018-07-04,0.5400000214576721,0.5400000214576721,0.5400000214576721,0.5400000214576721,0.5400000214576721,10000
2018-07-05,0.5400000214576721,0.5400000214576721,0.5099999904632568,0.5099999904632568,0.5099999904632568,158000
2018-07-06,0.550000011920929,0.5600000023841858,0.550000011920929,0.5600000023841858,0.5600000023841858,104000
2018-07-09,0.5299999713897705,0.5299999713897705,0.5299999713897705,0.5299999713897705,0.5299999713897705,280000
2018-07-10,0.5400000214576721,0.5400000214576721,0.5400000214576721,0.5400000214576721,0.5400000214576721,14000
2018-07-11,0.5400000214576721,0.5400000214576721,0.5400000214576721,0.5400000214576721,0.5400000214576721,0
2018-07-12,0.5400000214576721,0.5400000214576721,0.5400000214576721,0.5400000214576721,0.5400000214576721,30000
2018-07-13,0.5400000214576721,0.5400000214576721,0.5400000214576721,0.5400000214576721,0.5400000214576721,0
2018-07-16,0.5400000214576721,0.5400000214576721,0.5400000214576721,0.5400000214576721,0.5400000214576721,0
2018-07-17,0.6000000238418579,0.6000000238418579,0.5799999833106995,0.5799999833106995,0.5799999833106995,70000
2018-07-18,0.5799999833106995,0.6000000238418579,0.5799999833106995,0.5799999833106995,0.5799999833106995,200000
2018-07-19,0.5799999833106995,0.5799999833106995,0.5799999833106995,0.5799999833106995,0.5799999833106995,38000
2018-07-20,0.5799999833106995,0.5799999833106995,0.5799999833106995,0.5799999833106995,0.5799999833106995,0
2018-07-23,0.5799999833106995,0.5799999833106995,0.5799999833106995,0.5799999833106995,0.5799999833106995,0
2018-07-24,0.5299999713897705,0.5299999713897705,0.5299999713897705,0.5299999713897705,0.5299999713897705,0
2018-07-25,0.5799999833106995,0.5799999833106995,0.5799999833106995,0.5699999928474426,0.5699999928474426,20000
2018-07-26,0.5799999833106995,0.5799999833106995,0.5799999833106995,0.5799999833106995,0.5799999833106995,30000
2018-07-27,0.5099999904632568,0.5699999928474426,0.5099999904632568,0.5600000023841858,0.5600000023841858,752000
2018-07-30,0.5099999904632568,0.5299999713897705,0.5,0.5099999904632568,0.5099999904632568,1898000
2018-07-31,0.5,0.5099999904632568,0.5,0.5,0.5,414000
2018-08-01,0.5,0.5199999809265137,0.5,0.5,0.5,742000
2018-08-02,0.5,0.5,0.5,0.5,0.5,0
2018-08-03,0.5,0.5,0.5,0.5,0.5,20000
2018-08-06,0.5,0.5,0.5,0.5,0.5,0
2018-08-07,0.5,0.5,0.5,0.5,0.5,0
2018-08-08,0.5,0.5,0.5,0.5,0.5,0
2018-08-09,0.5,0.5,0.5,0.5,0.5,254000
2018-08-10,0.5,0.5,0.5,0.5,0.5,0
2018-08-13,0.5,0.5,0.5,0.5,0.5,0
2018-08-14,0.5,0.5,0.5,0.5,0.5,0
2018-08-15,0.5,0.5,0.5,0.5,0.5,0
2018-08-16,0.5,0.5,0.5,0.5,0.5,0
2018-08-17,0.5,0.5,0.5,0.5,0.5,0
2018-08-20,0.5,0.5,0.5,0.5,0.5,0
2018-08-21,0.5,0.5,0.5,0.5,0.5,420000
2018-08-22,0.5,0.5,0.5,0.5,0.5,1720000
2018-08-23,0.5,0.5,0.5,0.5,0.5,0
2018-08-24,0.5,0.5,0.5,0.5,0.5,0
2018-08-27,0.49000000953674316,0.49000000953674316,0.49000000953674316,0.49000000953674316,0.49000000953674316,10000
2018-08-28,0.49000000953674316,0.49000000953674316,0.49000000953674316,0.49000000953674316,0.49000000953674316,0
2018-08-29,0.49000000953674316,0.49000000953674316,0.49000000953674316,0.49000000953674316,0.49000000953674316,0
2018-08-30,0.4699999988079071,0.4699999988079071,0.4699999988079071,0.4699999988079071,0.4699999988079071,0
2018-08-31,0.4699999988079071,0.4699999988079071,0.4699999988079071,0.4699999988079071,0.4699999988079071,0
2018-09-03,0.4699999988079071,0.4699999988079071,0.4699999988079071,0.4699999988079071,0.4699999988079071,0
2018-09-04,0.4699999988079071,0.5,0.4699999988079071,0.48500001430511475,0.48500001430511475,200000
2018-09-05,0.4950000047683716,0.4950000047683716,0.4950000047683716,0.4950000047683716,0.4950000047683716,0
2018-09-06,0.4950000047683716,0.4950000047683716,0.4950000047683716,0.4950000047683716,0.4950000047683716,0
2018-09-07,0.4950000047683716,0.5,0.4950000047683716,0.5,0.5,240000
2018-09-10,0.5,0.5,0.5,0.5,0.5,0
2018-09-11,0.5,0.5,0.5,0.5,0.5,0
2018-09-12,0.5,0.5,0.5,0.5,0.5,0
2018-09-13,0.5,0.5,0.5,0.5,0.5,0
2018-09-14,0.5,0.5,0.5,0.5,0.5,0
2018-09-17,0.5,0.5,0.5,0.5,0.5,0
2018-09-18,0.5,0.5,0.5,0.5,0.5,0
2018-09-19,0.5,0.5,0.5,0.5,0.5,0
2018-09-20,0.5,0.5,0.5,0.5,0.5,0
2018-09-21,0.5,0.5,0.5,0.5,0.5,0
2018-09-24,0.5,0.5,0.5,0.5,0.5,0
2018-09-26,0.47999998927116394,0.47999998927116394,0.47999998927116394,0.47999998927116394,0.47999998927116394,88000
2018-09-27,0.47999998927116394,0.47999998927116394,0.47999998927116394,0.47999998927116394,0.47999998927116394,0
2018-09-28,0.47999998927116394,0.47999998927116394,0.47999998927116394,0.47999998927116394,0.47999998927116394,0
2018-10-02,0.47999998927116394,0.47999998927116394,0.47999998927116394,0.47999998927116394,0.47999998927116394,0
2018-10-03,0.47999998927116394,0.47999998927116394,0.47999998927116394,0.47999998927116394,0.47999998927116394,0
2018-10-04,0.47999998927116394,0.47999998927116394,0.47999998927116394,0.47999998927116394,0.47999998927116394,0
2018-10-05,0.4749999940395355,0.4749999940395355,0.4749999940395355,0.4749999940395355,0.4749999940395355,0
2018-10-08,0.4749999940395355,0.4749999940395355,0.4749999940395355,0.4749999940395355,0.4749999940395355,0
2018-10-09,0.4300000071525574,0.4300000071525574,0.4300000071525574,0.4300000071525574,0.4300000071525574,48000
2018-10-10,0.4650000035762787,0.4650000035762787,0.4650000035762787,0.4650000035762787,0.4650000035762787,0
2018-10-11,0.4300000071525574,0.4300000071525574,0.42500001192092896,0.42500001192092896,0.42500001192092896,20000
2018-10-12,0.42500001192092896,0.42500001192092896,0.42500001192092896,0.42500001192092896,0.42500001192092896,0
2018-10-15,0.4650000035762787,0.4699999988079071,0.4650000035762787,0.4699999988079071,0.4699999988079071,18000
2018-10-16,0.4699999988079071,0.4699999988079071,0.4699999988079071,0.4699999988079071,0.4699999988079071,0
2018-10-18,0.4699999988079071,0.4699999988079071,0.4699999988079071,0.4699999988079071,0.4699999988079071,0
2018-10-19,0.4699999988079071,0.4699999988079071,0.4699999988079071,0.4699999988079071,0.4699999988079071,0
2018-10-22,0.4699999988079071,0.4699999988079071,0.4699999988079071,0.4699999988079071,0.4699999988079071,0
2018-10-23,0.46000000834465027,0.46000000834465027,0.46000000834465027,0.46000000834465027,0.46000000834465027,0
2018-10-24,0.46000000834465027,0.46000000834465027,0.46000000834465027,0.46000000834465027,0.46000000834465027,0
2018-10-25,0.46000000834465027,0.46000000834465027,0.46000000834465027,0.46000000834465027,0.46000000834465027,0
2018-10-26,0.45500001311302185,0.45500001311302185,0.45500001311302185,0.45500001311302185,0.45500001311302185,0
2018-10-29,0.45500001311302185,0.4650000035762787,0.45500001311302185,0.45500001311302185,0.45500001311302185,226000
2018-10-30,0.46000000834465027,0.46000000834465027,0.4099999964237213,0.45500001311302185,0.45500001311302185,156000
2018-10-31,0.44999998807907104,0.46000000834465027,0.44999998807907104,0.45500001311302185,0.45500001311302185,70000
2018-11-01,0.45500001311302185,0.45500001311302185,0.45500001311302185,0.45500001311302185,0.45500001311302185,0
2018-11-02,0.44999998807907104,0.44999998807907104,0.4099999964237213,0.41999998688697815,0.41999998688697815,5422000
2018-11-05,0.41499999165534973,0.41999998688697815,0.41499999165534973,0.41999998688697815,0.41999998688697815,196000
2018-11-06,0.41999998688697815,0.41999998688697815,0.41999998688697815,0.41999998688697815,0.41999998688697815,1510000
2018-11-07,0.41999998688697815,0.41999998688697815,0.41999998688697815,0.41999998688697815,0.41999998688697815,0
2018-11-08,0.41999998688697815,0.41999998688697815,0.41999998688697815,0.41999998688697815,0.41999998688697815,0
2018-11-09,0.41999998688697815,0.41999998688697815,0.41999998688697815,0.41999998688697815,0.41999998688697815,920000
2018-11-12,0.41999998688697815,0.41999998688697815,0.4099999964237213,0.4099999964237213,0.4099999964237213,70000
2018-11-13,0.4099999964237213,0.4099999964237213,0.4099999964237213,0.4099999964237213,0.4099999964237213,0
2018-11-14,0.4099999964237213,0.4099999964237213,0.4099999964237213,0.4099999964237213,0.4099999964237213,0
2018-11-15,0.4099999964237213,0.4099999964237213,0.4099999964237213,0.4099999964237213,0.4099999964237213,0
2018-11-16,0.4099999964237213,0.4099999964237213,0.4099999964237213,0.4099999964237213,0.4099999964237213,0
2018-11-19,0.4000000059604645,0.41499999165534973,0.39500001072883606,0.41499999165534973,0.41499999165534973,48000
2018-11-20,0.41499999165534973,0.41499999165534973,0.41499999165534973,0.41499999165534973,0.41499999165534973,0
2018-11-21,0.39500001072883606,0.4099999964237213,0.38999998569488525,0.4099999964237213,0.4099999964237213,64000
2018-11-22,0.4099999964237213,0.4099999964237213,0.4099999964237213,0.4099999964237213,0.4099999964237213,0
2018-11-23,0.4099999964237213,0.4099999964237213,0.4099999964237213,0.4099999964237213,0.4099999964237213,0
2018-11-26,0.4099999964237213,0.4099999964237213,0.4099999964237213,0.4099999964237213,0.4099999964237213,0
2018-11-27,0.4000000059604645,0.4000000059604645,0.4000000059604645,0.4000000059604645,0.4000000059604645,0
2018-11-28,0.4000000059604645,0.4000000059604645,0.4000000059604645,0.4000000059604645,0.4000000059604645,0
2018-11-29,0.4050000011920929,0.4050000011920929,0.4050000011920929,0.4050000011920929,0.4050000011920929,14000
2018-11-30,0.4050000011920929,0.4050000011920929,0.4050000011920929,0.4050000011920929,0.4050000011920929,0
2018-12-03,0.4000000059604645,0.4000000059604645,0.4000000059604645,0.4000000059604645,0.4000000059604645,0
2018-12-04,0.4000000059604645,0.4000000059604645,0.4000000059604645,0.4000000059604645,0.4000000059604645,0
2018-12-05,0.4000000059604645,0.4000000059604645,0.4000000059604645,0.4000000059604645,0.4000000059604645,0
2018-12-06,0.4000000059604645,0.4000000059604645,0.4000000059604645,0.4000000059604645,0.4000000059604645,0
2018-12-07,0.36500000953674316,0.38999998569488525,0.3400000035762787,0.38999998569488525,0.38999998569488525,172000
2018-12-10,0.38999998569488525,0.38999998569488525,0.38999998569488525,0.38999998569488525,0.38999998569488525,0
2018-12-11,0.38999998569488525,0.38999998569488525,0.38999998569488525,0.38999998569488525,0.38999998569488525,0
2018-12-12,0.38999998569488525,0.38999998569488525,0.38999998569488525,0.38999998569488525,0.38999998569488525,0
2018-12-13,0.38999998569488525,0.38999998569488525,0.38999998569488525,0.38999998569488525,0.38999998569488525,0
2018-12-14,0.38999998569488525,0.38999998569488525,0.38999998569488525,0.38999998569488525,0.38999998569488525,0
2018-12-17,0.38999998569488525,0.38999998569488525,0.38999998569488525,0.38999998569488525,0.38999998569488525,0
2018-12-18,0.35499998927116394,0.4000000059604645,0.35499998927116394,0.38999998569488525,0.38999998569488525,188000
2018-12-19,0.38999998569488525,0.38999998569488525,0.38999998569488525,0.38999998569488525,0.38999998569488525,0
2018-12-20,0.38999998569488525,0.38999998569488525,0.38999998569488525,0.38999998569488525,0.38999998569488525,0
2018-12-21,0.38999998569488525,0.38999998569488525,0.38999998569488525,0.38999998569488525,0.38999998569488525,0
2018-12-24,0.38999998569488525,0.38999998569488525,0.38999998569488525,0.38999998569488525,0.38999998569488525,0
2018-12-27,0.38999998569488525,0.38999998569488525,0.38999998569488525,0.38999998569488525,0.38999998569488525,0
2018-12-28,0.38999998569488525,0.38999998569488525,0.3700000047683716,0.3700000047683716,0.3700000047683716,1100000
2018-12-31,0.3700000047683716,0.3700000047683716,0.3700000047683716,0.3700000047683716,0.3700000047683716,0
2019-01-02,0.3700000047683716,0.3700000047683716,0.3700000047683716,0.3700000047683716,0.3700000047683716,0
2019-01-03,0.3700000047683716,0.3700000047683716,0.3700000047683716,0.3700000047683716,0.3700000047683716,0
2019-01-04,0.3700000047683716,0.3700000047683716,0.3700000047683716,0.3700000047683716,0.3700000047683716,0
2019-01-07,0.3700000047683716,0.3700000047683716,0.3700000047683716,0.3700000047683716,0.3700000047683716,0
2019-01-08,0.3700000047683716,0.3700000047683716,0.3700000047683716,0.3700000047683716,0.3700000047683716,0
2019-01-09,0.3700000047683716,0.3700000047683716,0.3700000047683716,0.3700000047683716,0.3700000047683716,0
2019-01-10,0.3700000047683716,0.3700000047683716,0.3700000047683716,0.3700000047683716,0.3700000047683716,0
2019-01-11,0.3700000047683716,0.3700000047683716,0.3700000047683716,0.3700000047683716,0.3700000047683716,0
2019-01-14,0.36000001430511475,0.38999998569488525,0.36000001430511475,0.38999998569488525,0.38999998569488525,22000
2019-01-15,0.38999998569488525,0.38999998569488525,0.38999998569488525,0.38999998569488525,0.38999998569488525,0
2019-01-16,0.38999998569488525,0.38999998569488525,0.38999998569488525,0.38999998569488525,0.38999998569488525,0
2019-01-17,0.38999998569488525,0.38999998569488525,0.38999998569488525,0.38999998569488525,0.38999998569488525,0
2019-01-18,0.38999998569488525,0.38999998569488525,0.38999998569488525,0.38999998569488525,0.38999998569488525,0
2019-01-21,0.38999998569488525,0.38999998569488525,0.38999998569488525,0.38999998569488525,0.38999998569488525,0
2019-01-22,0.3799999952316284,0.3799999952316284,0.3799999952316284,0.3799999952316284,0.3799999952316284,0
2019-01-23,0.3700000047683716,0.3799999952316284,0.3700000047683716,0.3799999952316284,0.3799999952316284,38000
2019-01-24,0.3799999952316284,0.3799999952316284,0.3799999952316284,0.3799999952316284,0.3799999952316284,0
2019-01-25,0.375,0.375,0.375,0.375,0.375,0
2019-01-28,0.375,0.375,0.375,0.375,0.375,0
2019-01-29,0.375,0.375,0.375,0.375,0.375,0
2019-01-30,0.375,0.375,0.375,0.375,0.375,0
2019-01-31,0.375,0.375,0.375,0.375,0.375,0
2019-02-01,0.375,0.375,0.375,0.375,0.375,0
2019-02-04,0.375,0.375,0.375,0.375,0.375,0
2019-02-08,0.375,0.375,0.375,0.375,0.375,0
2019-02-11,0.375,0.375,0.375,0.375,0.375,0
2019-02-12,0.375,0.375,0.375,0.375,0.375,0
2019-02-13,0.375,0.375,0.375,0.375,0.375,0
2019-02-14,0.35499998927116394,0.35499998927116394,0.35499998927116394,0.35499998927116394,0.35499998927116394,0
2019-02-15,0.35499998927116394,0.35499998927116394,0.35499998927116394,0.35499998927116394,0.35499998927116394,0
2019-02-18,0.35499998927116394,0.35499998927116394,0.35499998927116394,0.35499998927116394,0.35499998927116394,0
2019-02-19,0.35499998927116394,0.35499998927116394,0.35499998927116394,0.35499998927116394,0.35499998927116394,0
2019-02-20,0.35499998927116394,0.35499998927116394,0.35499998927116394,0.35499998927116394,0.35499998927116394,0
2019-02-21,0.35499998927116394,0.35499998927116394,0.35499998927116394,0.35499998927116394,0.35499998927116394,0
2019-02-22,0.35499998927116394,0.35499998927116394,0.35499998927116394,0.35499998927116394,0.35499998927116394,0
2019-02-25,0.35499998927116394,0.35499998927116394,0.35499998927116394,0.35499998927116394,0.35499998927116394,0
2019-02-26,0.35499998927116394,0.35499998927116394,0.35499998927116394,0.35499998927116394,0.35499998927116394,0
2019-02-27,0.35499998927116394,0.35499998927116394,0.35499998927116394,0.35499998927116394,0.35499998927116394,0
2019-02-28,0.35499998927116394,0.35499998927116394,0.35499998927116394,0.35499998927116394,0.35499998927116394,0
2019-03-01,0.3100000023841858,0.3100000023841858,0.3100000023841858,0.3199999928474426,0.3199999928474426,2000
2019-03-04,0.3499999940395355,0.35499998927116394,0.3499999940395355,0.35499998927116394,0.35499998927116394,152000
2019-03-05,0.3400000035762787,0.3400000035762787,0.3400000035762787,0.3400000035762787,0.3400000035762787,146000
2019-03-06,0.33500000834465027,0.3449999988079071,0.33500000834465027,0.3449999988079071,0.3449999988079071,60000
2019-03-07,0.36000001430511475,0.36000001430511475,0.36000001430511475,0.36000001430511475,0.36000001430511475,0
2019-03-08,0.36000001430511475,0.36000001430511475,0.3400000035762787,0.3400000035762787,0.3400000035762787,2176000
2019-03-11,0.3400000035762787,0.36000001430511475,0.32499998807907104,0.32499998807907104,0.32499998807907104,74000
2019-03-12,0.32499998807907104,0.32499998807907104,0.32499998807907104,0.32499998807907104,0.32499998807907104,0
2019-03-13,0.3449999988079071,0.3449999988079071,0.3449999988079071,0.3449999988079071,0.3449999988079071,0
2019-03-14,0.3449999988079071,0.3449999988079071,0.3449999988079071,0.3449999988079071,0.3449999988079071,0
2019-03-15,0.3499999940395355,0.35499998927116394,0.3499999940395355,0.35499998927116394,0.35499998927116394,206000
2019-03-18,0.35499998927116394,0.35499998927116394,0.35499998927116394,0.35499998927116394,0.35499998927116394,0
2019-03-19,0.35499998927116394,0.35499998927116394,0.35499998927116394,0.35499998927116394,0.35499998927116394,0
2019-03-20,0.35499998927116394,0.35499998927116394,0.35499998927116394,0.35499998927116394,0.35499998927116394,0
2019-03-21,0.35499998927116394,0.35499998927116394,0.35499998927116394,0.35499998927116394,0.35499998927116394,302000
2019-03-22,0.35499998927116394,0.35499998927116394,0.35499998927116394,0.35499998927116394,0.35499998927116394,0
2019-03-25,0.35499998927116394,0.41999998688697815,0.35499998927116394,0.3799999952316284,0.3799999952316284,3622000
2019-03-26,0.3799999952316284,0.3799999952316284,0.3799999952316284,0.3799999952316284,0.3799999952316284,88000
2019-03-27,0.375,0.375,0.375,0.375,0.375,0
2019-03-28,0.33500000834465027,0.375,0.33500000834465027,0.375,0.375,292000
2019-03-29,0.375,0.375,0.375,0.375,0.375,0
2019-04-01,0.375,0.375,0.375,0.375,0.375,0
2019-04-02,0.375,0.375,0.375,0.375,0.375,0
2019-04-03,0.375,0.375,0.375,0.375,0.375,0
2019-04-04,0.3700000047683716,0.375,0.3700000047683716,0.375,0.375,10000
2019-04-08,0.3700000047683716,0.3700000047683716,0.3700000047683716,0.3700000047683716,0.3700000047683716,10000
2019-04-09,0.375,0.375,0.3499999940395355,0.3499999940395355,0.3499999940395355,50000
2019-04-10,0.3700000047683716,0.3700000047683716,0.3700000047683716,0.3700000047683716,0.3700000047683716,34000
2019-04-11,0.36500000953674316,0.36500000953674316,0.36500000953674316,0.36500000953674316,0.36500000953674316,62000
2019-04-12,0.36500000953674316,0.36500000953674316,0.36500000953674316,0.36500000953674316,0.36500000953674316,150000
2019-04-15,0.36500000953674316,0.36500000953674316,0.36500000953674316,0.36500000953674316,0.36500000953674316,0
2019-04-16,0.36500000953674316,0.36500000953674316,0.36500000953674316,0.36500000953674316,0.36500000953674316,0
2019-04-17,0.36500000953674316,0.36500000953674316,0.36500000953674316,0.36000001430511475,0.36000001430511475,238000
2019-04-18,0.36000001430511475,0.36000001430511475,0.36000001430511475,0.36000001430511475,0.36000001430511475,0
2019-04-23,0.3400000035762787,0.36000001430511475,0.3400000035762787,0.3499999940395355,0.3499999940395355,1514000
2019-04-24,0.3400000035762787,0.3449999988079071,0.3400000035762787,0.3449999988079071,0.3449999988079071,262000
2019-04-25,0.3449999988079071,0.3449999988079071,0.3449999988079071,0.3449999988079071,0.3449999988079071,0
2019-04-26,0.33500000834465027,0.33500000834465027,0.3149999976158142,0.3149999976158142,0.3149999976158142,26000
2019-04-29,0.3149999976158142,0.33500000834465027,0.3149999976158142,0.3199999928474426,0.3199999928474426,12000
2019-04-30,0.3400000035762787,0.36000001430511475,0.3400000035762787,0.36000001430511475,0.36000001430511475,492000
2019-05-02,0.36000001430511475,0.4000000059604645,0.36000001430511475,0.36500000953674316,0.36500000953674316,440000
2019-05-03,0.3700000047683716,0.4000000059604645,0.3700000047683716,0.4000000059604645,0.4000000059604645,628000
2019-05-06,0.3700000047683716,0.3700000047683716,0.3449999988079071,0.36500000953674316,0.36500000953674316,350000
2019-05-07,0.36000001430511475,0.3799999952316284,0.33500000834465027,0.3799999952316284,0.3799999952316284,654000
2019-05-08,0.3799999952316284,0.4050000011920929,0.3400000035762787,0.38999998569488525,0.38999998569488525,1798000
2019-05-09,0.38999998569488525,0.38999998569488525,0.36000001430511475,0.38999998569488525,0.38999998569488525,110000
2019-05-10,0.375,0.38499999046325684,0.3449999988079071,0.3700000047683716,0.3700000047683716,800000
2019-05-14,0.3700000047683716,0.3700000047683716,0.3700000047683716,0.3700000047683716,0.3700000047683716,0
2019-05-15,0.3700000047683716,0.3700000047683716,0.3700000047683716,0.3700000047683716,0.3700000047683716,0
2019-05-16,0.3449999988079071,0.3449999988079071,0.3449999988079071,0.36000001430511475,0.36000001430511475,20000
2019-05-17,0.36000001430511475,0.36000001430511475,0.36000001430511475,0.36000001430511475,0.36000001430511475,0
2019-05-20,0.3400000035762787,0.35499998927116394,0.3400000035762787,0.3499999940395355,0.3499999940395355,6000
2019-05-21,0.3449999988079071,0.3499999940395355,0.3449999988079071,0.3499999940395355,0.3499999940395355,202000
2019-05-22,0.36000001430511475,0.36000001430511475,0.36000001430511475,0.36000001430511475,0.36000001430511475,0
2019-05-23,0.36000001430511475,0.36000001430511475,0.36000001430511475,0.36000001430511475,0.36000001430511475,0
2019-05-24,0.36000001430511475,0.36000001430511475,0.36000001430511475,0.36000001430511475,0.36000001430511475,0
2019-05-27,0.36000001430511475,0.36000001430511475,0.36000001430511475,0.36000001430511475,0.36000001430511475,0
2019-05-28,0.36000001430511475,0.36000001430511475,0.36000001430511475,0.36000001430511475,0.36000001430511475,0
2019-05-29,0.36000001430511475,0.36000001430511475,0.36000001430511475,0.36000001430511475,0.36000001430511475,0
2019-05-30,0.35499998927116394,0.35499998927116394,0.35499998927116394,0.35499998927116394,0.35499998927116394,0
2019-05-31,0.35499998927116394,0.35499998927116394,0.35499998927116394,0.35499998927116394,0.35499998927116394,0
2019-06-03,0.35499998927116394,0.35499998927116394,0.35499998927116394,0.35499998927116394,0.35499998927116394,0
2019-06-04,0.35499998927116394,0.35499998927116394,0.35499998927116394,0.35499998927116394,0.35499998927116394,0
2019-06-05,0.35499998927116394,0.35499998927116394,0.35499998927116394,0.35499998927116394,0.35499998927116394,0
2019-06-06,0.35499998927116394,0.35499998927116394,0.35499998927116394,0.35499998927116394,0.35499998927116394,0
2019-06-10,0.35499998927116394,0.35499998927116394,0.35499998927116394,0.35499998927116394,0.35499998927116394,0
2019-06-11,0.3499999940395355,0.3499999940395355,0.3499999940395355,0.3499999940395355,0.3499999940395355,0
2019-06-12,0.3499999940395355,0.3499999940395355,0.3499999940395355,0.3499999940395355,0.3499999940395355,0
2019-06-13,0.3449999988079071,0.3449999988079071,0.3449999988079071,0.3449999988079071,0.3449999988079071,0
2019-06-14,0.3449999988079071,0.3449999988079071,0.3449999988079071,0.3449999988079071,0.3449999988079071,0
2019-06-17,0.3449999988079071,0.3449999988079071,0.3449999988079071,0.3449999988079071,0.3449999988079071,0
2019-06-18,0.3449999988079071,0.3449999988079071,0.3449999988079071,0.3449999988079071,0.3449999988079071,0
2019-06-19,0.32499998807907104,0.32499998807907104,0.32499998807907104,0.32499998807907104,0.32499998807907104,20000
2019-06-20,0.33000001311302185,0.33000001311302185,0.33000001311302185,0.33000001311302185,0.33000001311302185,122000
2019-06-21,0.33000001311302185,0.33000001311302185,0.33000001311302185,0.33000001311302185,0.33000001311302185,0
2019-06-24,0.33000001311302185,0.33000001311302185,0.33000001311302185,0.33000001311302185,0.33000001311302185,28000
2019-06-25,0.33000001311302185,0.33000001311302185,0.33000001311302185,0.33000001311302185,0.33000001311302185,0
2019-06-26,0.33000001311302185,0.33000001311302185,0.33000001311302185,0.33000001311302185,0.33000001311302185,0
2019-06-27,0.33000001311302185,0.33000001311302185,0.33000001311302185,0.33000001311302185,0.33000001311302185,0
2019-06-28,0.33000001311302185,0.33000001311302185,0.33000001311302185,0.33000001311302185,0.33000001311302185,0
2019-07-02,0.33000001311302185,0.33000001311302185,0.33000001311302185,0.33000001311302185,0.33000001311302185,0
2019-07-03,0.33000001311302185,0.33000001311302185,0.33000001311302185,0.33000001311302185,0.33000001311302185,0
2019-07-04,0.30000001192092896,0.3149999976158142,0.30000001192092896,0.3050000071525574,0.3050000071525574,122000
2019-07-05,0.3050000071525574,0.33000001311302185,0.3050000071525574,0.33000001311302185,0.33000001311302185,78000
2019-07-08,0.3199999928474426,0.3199999928474426,0.3199999928474426,0.3199999928474426,0.3199999928474426,200000
2019-07-09,0.3199999928474426,0.3199999928474426,0.3199999928474426,0.3199999928474426,0.3199999928474426,200000
2019-07-10,0.3199999928474426,0.3199999928474426,0.3199999928474426,0.3199999928474426,0.3199999928474426,2000
2019-07-11,0.3199999928474426,0.3199999928474426,0.3199999928474426,0.3149999976158142,0.3149999976158142,234000
2019-07-12,0.3149999976158142,0.3149999976158142,0.3149999976158142,0.3149999976158142,0.3149999976158142,0
2019-07-15,0.3149999976158142,0.3149999976158142,0.3149999976158142,0.3149999976158142,0.3149999976158142,0
2019-07-16,0.3149999976158142,0.3149999976158142,0.3149999976158142,0.3149999976158142,0.3149999976158142,0
2019-07-17,0.3199999928474426,0.3199999928474426,0.3199999928474426,0.3199999928474426,0.3199999928474426,200000
2019-07-18,0.3199999928474426,0.3199999928474426,0.3199999928474426,0.3199999928474426,0.3199999928474426,0
2019-07-19,0.3199999928474426,0.3199999928474426,0.3199999928474426,0.3199999928474426,0.3199999928474426,0
2019-07-22,0.3199999928474426,0.3199999928474426,0.3199999928474426,0.3199999928474426,0.3199999928474426,0
2019-07-23,0.3199999928474426,0.3199999928474426,0.3199999928474426,0.3199999928474426,0.3199999928474426,0
2019-07-24,0.3199999928474426,0.3199999928474426,0.3199999928474426,0.3199999928474426,0.3199999928474426,0
2019-07-25,0.3199999928474426,0.3199999928474426,0.3199999928474426,0.3199999928474426,0.3199999928474426,0
2019-07-26,0.3199999928474426,0.3199999928474426,0.3199999928474426,0.3199999928474426,0.3199999928474426,0
2019-07-29,0.3199999928474426,0.3199999928474426,0.3199999928474426,0.3199999928474426,0.3199999928474426,0
2019-07-30,0.3199999928474426,0.3199999928474426,0.3199999928474426,0.3199999928474426,0.3199999928474426,0
2019-07-31,0.3199999928474426,0.3199999928474426,0.3199999928474426,0.3199999928474426,0.3199999928474426,0
2019-08-01,0.3199999928474426,0.3199999928474426,0.3199999928474426,0.3199999928474426,0.3199999928474426,0
2019-08-02,0.3050000071525574,0.3050000071525574,0.3050000071525574,0.3199999928474426,0.3199999928474426,20000
2019-08-05,0.3199999928474426,0.3199999928474426,0.3199999928474426,0.3199999928474426,0.3199999928474426,0
2019-08-06,0.3199999928474426,0.3199999928474426,0.3199999928474426,0.3199999928474426,0.3199999928474426,0
2019-08-07,0.3149999976158142,0.3149999976158142,0.3149999976158142,0.3149999976158142,0.3149999976158142,0
2019-08-08,0.3149999976158142,0.3149999976158142,0.3149999976158142,0.3149999976158142,0.3149999976158142,0
2019-08-09,0.3149999976158142,0.3149999976158142,0.3149999976158142,0.3149999976158142,0.3149999976158142,0
2019-08-12,0.3149999976158142,0.3149999976158142,0.3149999976158142,0.3149999976158142,0.3149999976158142,0
2019-08-13,0.3149999976158142,0.3149999976158142,0.3149999976158142,0.3149999976158142,0.3149999976158142,0
2019-08-14,0.3149999976158142,0.3149999976158142,0.3149999976158142,0.3149999976158142,0.3149999976158142,0
2019-08-15,0.3149999976158142,0.3149999976158142,0.3149999976158142,0.3149999976158142,0.3149999976158142,0
2019-08-16,0.3149999976158142,0.3149999976158142,0.3149999976158142,0.3149999976158142,0.3149999976158142,0
2019-08-19,0.3149999976158142,0.3149999976158142,0.3149999976158142,0.3149999976158142,0.3149999976158142,0
2019-08-20,0.3149999976158142,0.3149999976158142,0.3149999976158142,0.3149999976158142,0.3149999976158142,0
2019-08-21,0.3149999976158142,0.3149999976158142,0.3149999976158142,0.3149999976158142,0.3149999976158142,0
2019-08-22,0.3149999976158142,0.3149999976158142,0.3149999976158142,0.3149999976158142,0.3149999976158142,0
2019-08-23,0.3149999976158142,0.3149999976158142,0.3149999976158142,0.3149999976158142,0.3149999976158142,0
2019-08-26,0.3149999976158142,0.3149999976158142,0.3149999976158142,0.3149999976158142,0.3149999976158142,0
2019-08-27,0.3149999976158142,0.3149999976158142,0.3149999976158142,0.3149999976158142,0.3149999976158142,300000
2019-08-28,0.3149999976158142,0.3149999976158142,0.3149999976158142,0.3149999976158142,0.3149999976158142,0
2019-08-29,0.3149999976158142,0.3149999976158142,0.3149999976158142,0.3149999976158142,0.3149999976158142,0
2019-08-30,0.3149999976158142,0.3149999976158142,0.3149999976158142,0.3149999976158142,0.3149999976158142,0
2019-09-02,0.3149999976158142,0.3149999976158142,0.3149999976158142,0.3149999976158142,0.3149999976158142,0
2019-09-03,0.3100000023841858,0.3100000023841858,0.3100000023841858,0.3100000023841858,0.3100000023841858,0
2019-09-04,0.3100000023841858,0.3149999976158142,0.3100000023841858,0.3149999976158142,0.3149999976158142,1044000
2019-09-05,0.3149999976158142,0.3149999976158142,0.3149999976158142,0.3149999976158142,0.3149999976158142,356000
2019-09-06,0.3149999976158142,0.3149999976158142,0.3149999976158142,0.3149999976158142,0.3149999976158142,0
2019-09-09,0.3149999976158142,0.3149999976158142,0.3149999976158142,0.3149999976158142,0.3149999976158142,538000
2019-09-10,0.3149999976158142,0.3149999976158142,0.3149999976158142,0.3149999976158142,0.3149999976158142,0
2019-09-11,0.3149999976158142,0.3149999976158142,0.3149999976158142,0.3149999976158142,0.3149999976158142,0
2019-09-12,0.3149999976158142,0.3149999976158142,0.3149999976158142,0.3149999976158142,0.3149999976158142,0
2019-09-13,0.3149999976158142,0.3149999976158142,0.3149999976158142,0.3149999976158142,0.3149999976158142,0
2019-09-16,0.3149999976158142,0.3149999976158142,0.3149999976158142,0.3149999976158142,0.3149999976158142,0
2019-09-17,0.3149999976158142,0.3149999976158142,0.3149999976158142,0.3149999976158142,0.3149999976158142,0
2019-09-18,0.3149999976158142,0.3149999976158142,0.3149999976158142,0.3149999976158142,0.3149999976158142,0
2019-09-19,0.3100000023841858,0.3100000023841858,0.3100000023841858,0.3100000023841858,0.3100000023841858,0
2019-09-20,0.3100000023841858,0.3100000023841858,0.3100000023841858,0.3100000023841858,0.3100000023841858,220000
2019-09-23,0.3100000023841858,0.3100000023841858,0.3100000023841858,0.3100000023841858,0.3100000023841858,0
2019-09-24,0.30000001192092896,0.30000001192092896,0.30000001192092896,0.30000001192092896,0.30000001192092896,0
2019-09-25,0.3100000023841858,0.3149999976158142,0.3050000071525574,0.3050000071525574,0.3050000071525574,574000
2019-09-26,0.3050000071525574,0.3050000071525574,0.3050000071525574,0.3050000071525574,0.3050000071525574,0
2019-09-27,0.3050000071525574,0.3050000071525574,0.3050000071525574,0.3050000071525574,0.3050000071525574,0
2019-09-30,0.3050000071525574,0.3050000071525574,0.3050000071525574,0.3050000071525574,0.3050000071525574,0
2019-10-02,0.3050000071525574,0.3050000071525574,0.3050000071525574,0.3050000071525574,0.3050000071525574,0
2019-10-03,0.3050000071525574,0.3050000071525574,0.3050000071525574,0.3050000071525574,0.3050000071525574,0
2019-10-04,0.3050000071525574,0.3050000071525574,0.3050000071525574,0.3050000071525574,0.3050000071525574,0
2019-10-08,0.3050000071525574,0.3050000071525574,0.3050000071525574,0.3050000071525574,0.3050000071525574,0
2019-10-09,0.3050000071525574,0.3050000071525574,0.3050000071525574,0.3050000071525574,0.3050000071525574,0
2019-10-10,0.3050000071525574,0.3050000071525574,0.3050000071525574,0.3050000071525574,0.3050000071525574,0
2019-10-11,0.3050000071525574,0.3050000071525574,0.3050000071525574,0.3050000071525574,0.3050000071525574,0
2019-10-14,0.3050000071525574,0.3050000071525574,0.3050000071525574,0.3050000071525574,0.3050000071525574,0
2019-10-15,0.3050000071525574,0.3050000071525574,0.3050000071525574,0.3050000071525574,0.3050000071525574,0
2019-10-16,0.3050000071525574,0.3050000071525574,0.3050000071525574,0.3050000071525574,0.3050000071525574,0
2019-10-17,0.3050000071525574,0.3050000071525574,0.3050000071525574,0.3050000071525574,0.3050000071525574,0
2019-10-18,0.3050000071525574,0.3050000071525574,0.3050000071525574,0.3050000071525574,0.3050000071525574,0
2019-10-21,0.3050000071525574,0.3050000071525574,0.3050000071525574,0.3050000071525574,0.3050000071525574,0
2019-10-22,0.3050000071525574,0.3050000071525574,0.3050000071525574,0.3050000071525574,0.3050000071525574,0
2019-10-23,0.3050000071525574,0.3050000071525574,0.3050000071525574,0.3050000071525574,0.3050000071525574,0
2019-10-24,0.3050000071525574,0.3100000023841858,0.3050000071525574,0.3050000071525574,0.3050000071525574,148000
2019-10-25,0.3050000071525574,0.3050000071525574,0.3050000071525574,0.3050000071525574,0.3050000071525574,0
2019-10-28,0.3050000071525574,0.3050000071525574,0.3050000071525574,0.3050000071525574,0.3050000071525574,0
2019-10-29,0.3050000071525574,0.3050000071525574,0.3050000071525574,0.3050000071525574,0.3050000071525574,0
2019-10-30,0.3050000071525574,0.3050000071525574,0.3050000071525574,0.3050000071525574,0.3050000071525574,0
2019-10-31,0.3050000071525574,0.3050000071525574,0.3050000071525574,0.3050000071525574,0.3050000071525574,0
2019-11-01,0.3050000071525574,0.3050000071525574,0.3050000071525574,0.3050000071525574,0.3050000071525574,0
2019-11-04,0.3050000071525574,0.3050000071525574,0.3050000071525574,0.3050000071525574,0.3050000071525574,0
2019-11-05,0.3050000071525574,0.3050000071525574,0.3050000071525574,0.3050000071525574,0.3050000071525574,0
2019-11-06,0.3050000071525574,0.3050000071525574,0.3050000071525574,0.3050000071525574,0.3050000071525574,0
2019-11-07,0.30000001192092896,0.30000001192092896,0.30000001192092896,0.30000001192092896,0.30000001192092896,0
2019-11-08,0.30000001192092896,0.30000001192092896,0.30000001192092896,0.30000001192092896,0.30000001192092896,0
2019-11-11,0.30000001192092896,0.30000001192092896,0.30000001192092896,0.30000001192092896,0.30000001192092896,0
2019-11-12,0.30000001192092896,0.30000001192092896,0.30000001192092896,0.30000001192092896,0.30000001192092896,0
2019-11-13,0.30000001192092896,0.30000001192092896,0.30000001192092896,0.30000001192092896,0.30000001192092896,0
2019-11-14,0.30000001192092896,0.30000001192092896,0.30000001192092896,0.30000001192092896,0.30000001192092896,0
2019-11-15,0.30000001192092896,0.30000001192092896,0.30000001192092896,0.30000001192092896,0.30000001192092896,0
2019-11-18,0.30000001192092896,0.30000001192092896,0.30000001192092896,0.30000001192092896,0.30000001192092896,0
2019-11-19,0.30000001192092896,0.30000001192092896,0.30000001192092896,0.30000001192092896,0.30000001192092896,0
2019-11-20,0.30000001192092896,0.30000001192092896,0.30000001192092896,0.30000001192092896,0.30000001192092896,0
2019-11-21,0.30000001192092896,0.30000001192092896,0.30000001192092896,0.30000001192092896,0.30000001192092896,0
2019-11-22,0.30000001192092896,0.30000001192092896,0.30000001192092896,0.30000001192092896,0.30000001192092896,0
2019-11-25,0.30000001192092896,0.30000001192092896,0.30000001192092896,0.30000001192092896,0.30000001192092896,0
2019-11-26,0.30000001192092896,0.30000001192092896,0.30000001192092896,0.30000001192092896,0.30000001192092896,0
2019-11-27,0.30000001192092896,0.30000001192092896,0.2800000011920929,0.2800000011920929,0.2800000011920929,4000
2019-11-28,0.2800000011920929,0.2800000011920929,0.2800000011920929,0.2800000011920929,0.2800000011920929,0
2019-11-29,0.2800000011920929,0.2800000011920929,0.2800000011920929,0.2800000011920929,0.2800000011920929,0
2019-12-02,0.2800000011920929,0.2800000011920929,0.2800000011920929,0.2800000011920929,0.2800000011920929,0
2019-12-03,0.2800000011920929,0.2800000011920929,0.2800000011920929,0.2800000011920929,0.2800000011920929,0
2019-12-04,0.2800000011920929,0.2800000011920929,0.2800000011920929,0.2800000011920929,0.2800000011920929,0
2019-12-05,0.2800000011920929,0.2800000011920929,0.2800000011920929,0.2800000011920929,0.2800000011920929,0
2019-12-06,0.2800000011920929,0.2800000011920929,0.2800000011920929,0.2800000011920929,0.2800000011920929,0
2019-12-09,0.3400000035762787,0.36000001430511475,0.30000001192092896,0.30000001192092896,0.30000001192092896,150000
2019-12-10,0.3100000023841858,0.3100000023841858,0.3100000023841858,0.3100000023841858,0.3100000023841858,0
2019-12-11,0.29499998688697815,0.29499998688697815,0.29499998688697815,0.29499998688697815,0.29499998688697815,0
2019-12-12,0.29499998688697815,0.36000001430511475,0.2800000011920929,0.30000001192092896,0.30000001192092896,1178000
2019-12-13,0.28999999165534973,0.28999999165534973,0.2800000011920929,0.28999999165534973,0.28999999165534973,346000
2019-12-16,0.28999999165534973,0.28999999165534973,0.28999999165534973,0.28999999165534973,0.28999999165534973,10000
2019-12-17,0.28999999165534973,0.28999999165534973,0.28999999165534973,0.28999999165534973,0.28999999165534973,0
2019-12-18,0.28999999165534973,0.28999999165534973,0.28999999165534973,0.28999999165534973,0.28999999165534973,0
2019-12-19,0.2800000011920929,0.2800000011920929,0.2800000011920929,0.2800000011920929,0.2800000011920929,352000
2019-12-20,0.2800000011920929,0.2800000011920929,0.2800000011920929,0.2800000011920929,0.2800000011920929,0
2019-12-23,0.21899999678134918,0.21899999678134918,0.21899999678134918,0.2280000001192093,0.2280000001192093,16000
2019-12-24,0.210999995470047,0.2750000059604645,0.210999995470047,0.2750000059604645,0.2750000059604645,124000
2019-12-27,0.2750000059604645,0.2750000059604645,0.2750000059604645,0.2750000059604645,0.2750000059604645,0
2019-12-30,0.2750000059604645,0.2750000059604645,0.2750000059604645,0.2750000059604645,0.2750000059604645,0
2019-12-31,0.2750000059604645,0.2750000059604645,0.2750000059604645,0.2750000059604645,0.2750000059604645,0
2020-01-02,0.2750000059604645,0.2750000059604645,0.2750000059604645,0.2750000059604645,0.2750000059604645,0
2020-01-03,0.2750000059604645,0.2750000059604645,0.2750000059604645,0.2750000059604645,0.2750000059604645,0
2020-01-06,0.2750000059604645,0.2750000059604645,0.2750000059604645,0.2750000059604645,0.2750000059604645,0
2020-01-07,0.2750000059604645,0.2750000059604645,0.2750000059604645,0.2750000059604645,0.2750000059604645,0
2020-01-08,0.2750000059604645,0.2750000059604645,0.2750000059604645,0.2750000059604645,0.2750000059604645,0
2020-01-09,0.2750000059604645,0.2750000059604645,0.23100000619888306,0.24500000476837158,0.24500000476837158,118000
2020-01-10,0.25,0.25,0.25,0.25,0.25,0
2020-01-13,0.25,0.25,0.25,0.25,0.25,0
2020-01-14,0.25999999046325684,0.25999999046325684,0.25999999046325684,0.25999999046325684,0.25999999046325684,0
2020-01-15,0.29499998688697815,0.33000001311302185,0.29499998688697815,0.29499998688697815,0.29499998688697815,606000
2020-01-16,0.29499998688697815,0.29499998688697815,0.29499998688697815,0.29499998688697815,0.29499998688697815,0
2020-01-17,0.29499998688697815,0.29499998688697815,0.29499998688697815,0.29499998688697815,0.29499998688697815,0
2020-01-20,0.29499998688697815,0.29499998688697815,0.29499998688697815,0.29499998688697815,0.29499998688697815,0
2020-01-21,0.29499998688697815,0.29499998688697815,0.29499998688697815,0.29499998688697815,0.29499998688697815,0
2020-01-22,0.29499998688697815,0.29499998688697815,0.29499998688697815,0.29499998688697815,0.29499998688697815,0
2020-01-23,0.29499998688697815,0.29499998688697815,0.29499998688697815,0.29499998688697815,0.29499998688697815,0
2020-01-24,0.29499998688697815,0.29499998688697815,0.29499998688697815,0.29499998688697815,0.29499998688697815,0
2020-01-29,0.29499998688697815,0.29499998688697815,0.29499998688697815,0.29499998688697815,0.29499998688697815,0
2020-01-30,0.29499998688697815,0.29499998688697815,0.29499998688697815,0.29499998688697815,0.29499998688697815,0
2020-01-31,0.29499998688697815,0.29499998688697815,0.29499998688697815,0.29499998688697815,0.29499998688697815,0
2020-02-03,0.28999999165534973,0.28999999165534973,0.28999999165534973,0.28999999165534973,0.28999999165534973,0
2020-02-04,0.30000001192092896,0.30000001192092896,0.30000001192092896,0.30000001192092896,0.30000001192092896,18000
2020-02-05,0.30000001192092896,0.30000001192092896,0.30000001192092896,0.30000001192092896,0.30000001192092896,0
2020-02-06,0.30000001192092896,0.30000001192092896,0.30000001192092896,0.30000001192092896,0.30000001192092896,0
2020-02-07,0.25,0.25999999046325684,0.25,0.25999999046325684,0.25999999046325684,16000
2020-02-10,0.25999999046325684,0.25999999046325684,0.25999999046325684,0.25999999046325684,0.25999999046325684,0
2020-02-11,0.23399999737739563,0.25,0.23399999737739563,0.25,0.25,130000
2020-02-12,0.24699999392032623,0.25,0.24699999392032623,0.25,0.25,402000
2020-02-13,0.25,0.25,0.25,0.25,0.25,0
2020-02-14,0.25,0.25,0.25,0.25,0.25,0
2020-02-17,0.25,0.25,0.25,0.25,0.25,0
2020-02-18,0.25,0.25,0.25,0.25,0.25,0
2020-02-19,0.23800000548362732,0.30000001192092896,0.23800000548362732,0.30000001192092896,0.30000001192092896,132000
2020-02-20,0.27000001072883606,0.27000001072883606,0.2370000034570694,0.23999999463558197,0.23999999463558197,330000
2020-02-21,0.24799999594688416,0.24799999594688416,0.24799999594688416,0.24799999594688416,0.24799999594688416,0
2020-02-24,0.24400000274181366,0.24400000274181366,0.24400000274181366,0.24400000274181366,0.24400000274181366,0
2020-02-25,0.25,0.25,0.25,0.25,0.25,28000
2020-02-26,0.25,0.25,0.25,0.25,0.25,12000
2020-02-27,0.25,0.25,0.25,0.25,0.25,0
2020-02-28,0.23999999463558197,0.23999999463558197,0.23999999463558197,0.23999999463558197,0.23999999463558197,2000
2020-03-02,0.23999999463558197,0.23999999463558197,0.23999999463558197,0.23999999463558197,0.23999999463558197,0
2020-03-03,0.23999999463558197,0.23999999463558197,0.23999999463558197,0.23999999463558197,0.23999999463558197,0
2020-03-04,0.23999999463558197,0.23999999463558197,0.23999999463558197,0.23999999463558197,0.23999999463558197,0
2020-03-05,0.23999999463558197,0.23999999463558197,0.23999999463558197,0.23999999463558197,0.23999999463558197,0
2020-03-06,0.23999999463558197,0.23999999463558197,0.23999999463558197,0.23999999463558197,0.23999999463558197,0
2020-03-09,0.22200000286102295,0.22200000286102295,0.22200000286102295,0.2280000001192093,0.2280000001192093,6000
2020-03-10,0.2280000001192093,0.2280000001192093,0.2280000001192093,0.2280000001192093,0.2280000001192093,0
2020-03-11,0.2280000001192093,0.2280000001192093,0.2280000001192093,0.2280000001192093,0.2280000001192093,0
2020-03-12,0.2280000001192093,0.2280000001192093,0.2280000001192093,0.2280000001192093,0.2280000001192093,0
2020-03-13,0.2199999988079071,0.2199999988079071,0.2199999988079071,0.2199999988079071,0.2199999988079071,10000
2020-03-16,0.2199999988079071,0.2199999988079071,0.2199999988079071,0.2199999988079071,0.2199999988079071,0
2020-03-17,0.2199999988079071,0.2199999988079071,0.2199999988079071,0.2199999988079071,0.2199999988079071,0
2020-03-18,0.2199999988079071,0.2199999988079071,0.2199999988079071,0.2199999988079071,0.2199999988079071,0
2020-03-19,0.2199999988079071,0.2199999988079071,0.2199999988079071,0.2199999988079071,0.2199999988079071,0
2020-03-20,0.2199999988079071,0.2199999988079071,0.2199999988079071,0.2199999988079071,0.2199999988079071,0
2020-03-23,0.2199999988079071,0.2199999988079071,0.2199999988079071,0.2199999988079071,0.2199999988079071,0
2020-03-24,0.24400000274181366,0.30000001192092896,0.23000000417232513,0.23000000417232513,0.23000000417232513,2956000
2020-03-25,0.23000000417232513,0.23000000417232513,0.23000000417232513,0.23000000417232513,0.23000000417232513,0
2020-03-26,0.23000000417232513,0.23000000417232513,0.23000000417232513,0.23000000417232513,0.23000000417232513,50000
2020-03-27,0.23000000417232513,0.23499999940395355,0.21799999475479126,0.23499999940395355,0.23499999940395355,104000
2020-03-30,0.23499999940395355,0.23499999940395355,0.23499999940395355,0.23499999940395355,0.23499999940395355,0
2020-03-31,0.23499999940395355,0.23499999940395355,0.23499999940395355,0.23499999940395355,0.23499999940395355,0
2020-04-01,0.23499999940395355,0.23499999940395355,0.23499999940395355,0.23499999940395355,0.23499999940395355,0
2020-04-02,0.23000000417232513,0.23000000417232513,0.23000000417232513,0.23000000417232513,0.23000000417232513,2000
2020-04-03,0.23000000417232513,0.23000000417232513,0.23000000417232513,0.23000000417232513,0.23000000417232513,0
2020-04-06,0.23000000417232513,0.23000000417232513,0.23000000417232513,0.23000000417232513,0.23000000417232513,0
2020-04-07,0.23000000417232513,0.23000000417232513,0.23000000417232513,0.23000000417232513,0.23000000417232513,0
2020-04-08,0.23000000417232513,0.23000000417232513,0.23000000417232513,0.23000000417232513,0.23000000417232513,0
2020-04-09,0.23000000417232513,0.23000000417232513,0.23000000417232513,0.23000000417232513,0.23000000417232513,0
2020-04-14,0.23000000417232513,0.23000000417232513,0.23000000417232513,0.23000000417232513,0.23000000417232513,0
2020-04-15,0.23000000417232513,0.23000000417232513,0.23000000417232513,0.23000000417232513,0.23000000417232513,0
2020-04-16,0.22100000083446503,0.2199999988079071,0.2199999988079071,0.2199999988079071,0.2199999988079071,66000
2020-04-17,0.2199999988079071,0.2199999988079071,0.2199999988079071,0.2199999988079071,0.2199999988079071,0
2020-04-20,0.21799999475479126,0.21799999475479126,0.21799999475479126,0.21799999475479126,0.21799999475479126,0
2020-04-21,0.21799999475479126,0.21799999475479126,0.21799999475479126,0.21799999475479126,0.21799999475479126,0
2020-04-22,0.21799999475479126,0.21799999475479126,0.21799999475479126,0.21799999475479126,0.21799999475479126,0
2020-04-23,0.22499999403953552,0.22499999403953552,0.22499999403953552,0.22499999403953552,0.22499999403953552,30000
2020-04-24,0.22499999403953552,0.22499999403953552,0.22499999403953552,0.22499999403953552,0.22499999403953552,0
2020-04-27,0.22200000286102295,0.22200000286102295,0.22200000286102295,0.22200000286102295,0.22200000286102295,24000
2020-04-28,0.22200000286102295,0.22200000286102295,0.22200000286102295,0.22200000286102295,0.22200000286102295,0
2020-04-29,0.22200000286102295,0.22200000286102295,0.22200000286102295,0.22200000286102295,0.22200000286102295,0
2020-05-04,0.22200000286102295,0.22200000286102295,0.22200000286102295,0.22200000286102295,0.22200000286102295,0
2020-05-05,0.20000000298023224,0.2199999988079071,0.20000000298023224,0.2199999988079071,0.2199999988079071,230000
2020-05-06,0.20100000500679016,0.2199999988079071,0.20000000298023224,0.2029999941587448,0.2029999941587448,1452000
2020-05-07,0.20100000500679016,0.2199999988079071,0.20100000500679016,0.2150000035762787,0.2150000035762787,106000
2020-05-08,0.2199999988079071,0.2199999988079071,0.20399999618530273,0.20800000429153442,0.20800000429153442,350000
2020-05-11,0.21299999952316284,0.2800000011920929,0.20200000703334808,0.21299999952316284,0.21299999952316284,1660000
2020-05-12,0.2029999941587448,0.21199999749660492,0.2029999941587448,0.20900000631809235,0.20900000631809235,270000
2020-05-13,0.20000000298023224,0.24799999594688416,0.20000000298023224,0.2280000001192093,0.2280000001192093,450000
2020-05-14,0.20499999821186066,0.20600000023841858,0.20499999821186066,0.20600000023841858,0.20600000023841858,124000
2020-05-15,0.20499999821186066,0.21699999272823334,0.20000000298023224,0.2150000035762787,0.2150000035762787,334000
2020-05-18,0.20100000500679016,0.20999999344348907,0.20000000298023224,0.20999999344348907,0.20999999344348907,222000
2020-05-19,0.20000000298023224,0.20000000298023224,0.19300000369548798,0.19300000369548798,0.19300000369548798,490000
2020-05-20,0.19300000369548798,0.19300000369548798,0.19300000369548798,0.19300000369548798,0.19300000369548798,0
2020-05-21,0.20000000298023224,0.21299999952316284,0.1899999976158142,0.20000000298023224,0.20000000298023224,246000
2020-05-22,0.20800000429153442,0.2199999988079071,0.1899999976158142,0.20999999344348907,0.20999999344348907,568000
2020-05-25,0.21400000154972076,0.21400000154972076,0.20100000500679016,0.20999999344348907,0.20999999344348907,138000
2020-05-26,0.20100000500679016,0.20900000631809235,0.20100000500679016,0.20900000631809235,0.20900000631809235,30000
2020-05-27,0.20000000298023224,0.20900000631809235,0.20000000298023224,0.20800000429153442,0.20800000429153442,34000
2020-05-28,0.20800000429153442,0.20800000429153442,0.2070000022649765,0.2070000022649765,0.2070000022649765,8000
2020-05-29,0.18799999356269836,0.18799999356269836,0.18799999356269836,0.18799999356269836,0.18799999356269836,6000
2020-06-01,0.18799999356269836,0.18799999356269836,0.18799999356269836,0.18799999356269836,0.18799999356269836,0
2020-06-02,0.19900000095367432,0.22100000083446503,0.1889999955892563,0.1899999976158142,0.1899999976158142,1648000
2020-06-03,0.1899999976158142,0.1899999976158142,0.1809999942779541,0.1809999942779541,0.1809999942779541,32000
2020-06-04,0.18299999833106995,0.18299999833106995,0.18299999833106995,0.18299999833106995,0.18299999833106995,0
2020-06-05,0.18000000715255737,0.18000000715255737,0.18000000715255737,0.18000000715255737,0.18000000715255737,0
2020-06-08,0.19900000095367432,0.20999999344348907,0.1899999976158142,0.1899999976158142,0.1899999976158142,1136000
2020-06-09,0.1899999976158142,0.1899999976158142,0.1850000023841858,0.1850000023841858,0.1850000023841858,140000
2020-06-10,0.1850000023841858,0.20000000298023224,0.1850000023841858,0.20000000298023224,0.20000000298023224,14000
2020-06-11,0.20000000298023224,0.210999995470047,0.1899999976158142,0.210999995470047,0.210999995470047,100000
2020-06-12,0.1940000057220459,0.1940000057220459,0.1940000057220459,0.1940000057220459,0.1940000057220459,0
2020-06-15,0.19099999964237213,0.20000000298023224,0.19099999964237213,0.20000000298023224,0.20000000298023224,18000
2020-06-16,0.20200000703334808,0.2029999941587448,0.20200000703334808,0.2029999941587448,0.2029999941587448,4000
2020-06-17,0.20499999821186066,0.20600000023841858,0.20499999821186066,0.20399999618530273,0.20399999618530273,6000
2020-06-18,0.20399999618530273,0.20399999618530273,0.20200000703334808,0.20200000703334808,0.20200000703334808,4000
2020-06-19,0.19200000166893005,0.21899999678134918,0.18299999833106995,0.21899999678134918,0.21899999678134918,102000
2020-06-22,0.19300000369548798,0.20499999821186066,0.18000000715255737,0.20499999821186066,0.20499999821186066,52000
2020-06-23,0.20000000298023224,0.20000000298023224,0.20000000298023224,0.20000000298023224,0.20000000298023224,0
2020-06-24,0.20000000298023224,0.20000000298023224,0.20000000298023224,0.20000000298023224,0.20000000298023224,0
2020-06-26,0.18799999356269836,0.20000000298023224,0.18799999356269836,0.20000000298023224,0.20000000298023224,4000
2020-06-29,0.20000000298023224,0.20000000298023224,0.1850000023841858,0.1899999976158142,0.1899999976158142,8000
2020-06-30,0.1899999976158142,0.20999999344348907,0.18299999833106995,0.20499999821186066,0.20499999821186066,120000
2020-07-02,0.20399999618530273,0.20399999618530273,0.20399999618530273,0.20399999618530273,0.20399999618530273,0
2020-07-03,0.2029999941587448,0.2199999988079071,0.19499999284744263,0.19499999284744263,0.19499999284744263,706000
2020-07-06,0.19499999284744263,0.20499999821186066,0.19099999964237213,0.19699999690055847,0.19699999690055847,1420000
2020-07-07,0.19200000166893005,0.20999999344348907,0.18400000035762787,0.1850000023841858,0.1850000023841858,2116000
2020-07-08,0.19200000166893005,0.20000000298023224,0.19200000166893005,0.20000000298023224,0.20000000298023224,6598000
2020-07-09,0.1940000057220459,0.1940000057220459,0.1940000057220459,0.1940000057220459,0.1940000057220459,0
2020-07-10,0.1940000057220459,0.1940000057220459,0.1940000057220459,0.1940000057220459,0.1940000057220459,0
2020-07-13,0.1899999976158142,0.1899999976158142,0.1899999976158142,0.1899999976158142,0.1899999976158142,20000
2020-07-14,0.18400000035762787,0.18400000035762787,0.18400000035762787,0.1860000044107437,0.1860000044107437,12000
2020-07-15,0.1899999976158142,0.1940000057220459,0.1850000023841858,0.1899999976158142,0.1899999976158142,1478000
2020-07-16,0.1860000044107437,0.1899999976158142,0.1860000044107437,0.1889999955892563,0.1889999955892563,158000
2020-07-17,0.1899999976158142,0.1899999976158142,0.17900000512599945,0.18000000715255737,0.18000000715255737,262000
2020-07-20,0.20600000023841858,0.20800000429153442,0.18799999356269836,0.18799999356269836,0.18799999356269836,808000
2020-07-21,0.1860000044107437,0.1860000044107437,0.1860000044107437,0.1860000044107437,0.1860000044107437,20000
2020-07-22,0.1770000010728836,0.18000000715255737,0.1770000010728836,0.18000000715255737,0.18000000715255737,5100000
2020-07-23,0.18000000715255737,0.18000000715255737,0.18000000715255737,0.18000000715255737,0.18000000715255737,54000
2020-07-24,0.20000000298023224,0.20000000298023224,0.18299999833106995,0.18299999833106995,0.18299999833106995,970000
2020-07-27,0.18400000035762787,0.1979999989271164,0.18299999833106995,0.18299999833106995,0.18299999833106995,36000
2020-07-28,0.18299999833106995,0.18299999833106995,0.18299999833106995,0.18299999833106995,0.18299999833106995,0
2020-07-29,0.18299999833106995,0.18299999833106995,0.18299999833106995,0.18299999833106995,0.18299999833106995,0
2020-07-30,0.18299999833106995,0.18299999833106995,0.18299999833106995,0.18299999833106995,0.18299999833106995,0
2020-07-31,0.19099999964237213,0.19200000166893005,0.1809999942779541,0.1809999942779541,0.1809999942779541,36000
2020-08-03,0.1809999942779541,0.1809999942779541,0.1809999942779541,0.1809999942779541,0.1809999942779541,14000
2020-08-04,0.17499999701976776,0.17499999701976776,0.17499999701976776,0.17599999904632568,0.17599999904632568,2000
2020-08-05,0.17599999904632568,0.17599999904632568,0.17599999904632568,0.17599999904632568,0.17599999904632568,0
2020-08-06,0.17100000381469727,0.17100000381469727,0.17100000381469727,0.17100000381469727,0.17100000381469727,0
2020-08-07,0.17100000381469727,0.17100000381469727,0.17100000381469727,0.17100000381469727,0.17100000381469727,0
2020-08-10,0.17100000381469727,0.17100000381469727,0.17100000381469727,0.17100000381469727,0.17100000381469727,0
2020-08-11,0.17100000381469727,0.1899999976158142,0.17100000381469727,0.1770000010728836,0.1770000010728836,12478000
2020-08-12,0.18199999630451202,0.18199999630451202,0.1550000011920929,0.164000004529953,0.164000004529953,3310000
2020-08-13,0.15199999511241913,0.1589999943971634,0.1469999998807907,0.14800000190734863,0.14800000190734863,410000
2020-08-14,0.14800000190734863,0.14900000393390656,0.12800000607967377,0.1459999978542328,0.1459999978542328,3598000
2020-08-17,0.14000000059604645,0.14800000190734863,0.14000000059604645,0.14800000190734863,0.14800000190734863,526000
2020-08-18,0.1459999978542328,0.1459999978542328,0.1459999978542328,0.1459999978542328,0.1459999978542328,0
2020-08-19,0.14100000262260437,0.1459999978542328,0.14000000059604645,0.1459999978542328,0.1459999978542328,70000
2020-08-20,0.14399999380111694,0.14399999380111694,0.14399999380111694,0.14399999380111694,0.14399999380111694,36000
2020-08-21,0.14399999380111694,0.1459999978542328,0.14100000262260437,0.1420000046491623,0.1420000046491623,772000
2020-08-24,0.1420000046491623,0.1420000046491623,0.1420000046491623,0.1420000046491623,0.1420000046491623,0
2020-08-25,0.1420000046491623,0.1420000046491623,0.1420000046491623,0.1420000046491623,0.1420000046491623,0
2020-08-26,0.1420000046491623,0.14800000190734863,0.1420000046491623,0.14800000190734863,0.14800000190734863,120000
2020-08-27,0.1469999998807907,0.1469999998807907,0.1469999998807907,0.1469999998807907,0.1469999998807907,0
2020-08-28,0.15000000596046448,0.15000000596046448,0.14900000393390656,0.14900000393390656,0.14900000393390656,50000
2020-08-31,0.14900000393390656,0.14900000393390656,0.14900000393390656,0.14900000393390656,0.14900000393390656,0
2020-09-01,0.14900000393390656,0.14900000393390656,0.12700000405311584,0.14900000393390656,0.14900000393390656,8000
2020-09-02,0.14900000393390656,0.14900000393390656,0.14900000393390656,0.14900000393390656,0.14900000393390656,0
2020-09-03,0.15000000596046448,0.17000000178813934,0.15000000596046448,0.16599999368190765,0.16599999368190765,600000
2020-09-04,0.16099999845027924,0.16099999845027924,0.16099999845027924,0.16099999845027924,0.16099999845027924,0
2020-09-07,0.16500000655651093,0.16500000655651093,0.16500000655651093,0.16500000655651093,0.16500000655651093,0
2020-09-08,0.1589999943971634,0.1589999943971634,0.1589999943971634,0.1589999943971634,0.1589999943971634,0
2020-09-09,0.1589999943971634,0.1589999943971634,0.1589999943971634,0.1589999943971634,0.1589999943971634,0
2020-09-10,0.1589999943971634,0.1589999943971634,0.1589999943971634,0.1589999943971634,0.1589999943971634,0
2020-09-11,0.15800000727176666,0.15800000727176666,0.15800000727176666,0.15800000727176666,0.15800000727176666,0
2020-09-14,0.15800000727176666,0.15800000727176666,0.15800000727176666,0.15800000727176666,0.15800000727176666,0
2020-09-15,0.1599999964237213,0.1599999964237213,0.14399999380111694,0.14499999582767487,0.14499999582767487,158000
2020-09-16,0.14300000667572021,0.15000000596046448,0.14300000667572021,0.15000000596046448,0.15000000596046448,1056000
2020-09-17,0.15000000596046448,0.15000000596046448,0.15000000596046448,0.15000000596046448,0.15000000596046448,0
2020-09-18,0.15000000596046448,0.15000000596046448,0.15000000596046448,0.15000000596046448,0.15000000596046448,0
2020-09-21,0.1420000046491623,0.15000000596046448,0.1420000046491623,0.15000000596046448,0.15000000596046448,38000
2020-09-22,0.15000000596046448,0.15000000596046448,0.15000000596046448,0.15000000596046448,0.15000000596046448,0
2020-09-23,0.15000000596046448,0.15000000596046448,0.15000000596046448,0.15000000596046448,0.15000000596046448,0
2020-09-24,0.15000000596046448,0.15000000596046448,0.15000000596046448,0.15000000596046448,0.15000000596046448,0
2020-09-25,0.15000000596046448,0.15000000596046448,0.15000000596046448,0.15000000596046448,0.15000000596046448,0
2020-09-28,0.15000000596046448,0.15000000596046448,0.15000000596046448,0.15000000596046448,0.15000000596046448,0
2020-09-29,0.15000000596046448,0.15000000596046448,0.15000000596046448,0.15000000596046448,0.15000000596046448,0
2020-09-30,0.15000000596046448,0.15000000596046448,0.15000000596046448,0.15000000596046448,0.15000000596046448,0
2020-10-05,0.15000000596046448,0.15000000596046448,0.15000000596046448,0.15000000596046448,0.15000000596046448,0
2020-10-06,0.15000000596046448,0.15000000596046448,0.15000000596046448,0.14800000190734863,0.14800000190734863,502000
2020-10-07,0.12999999523162842,0.12999999523162842,0.1289999932050705,0.12999999523162842,0.12999999523162842,60000
2020-10-08,0.14499999582767487,0.15000000596046448,0.14499999582767487,0.14800000190734863,0.14800000190734863,1402000
2020-10-09,0.14800000190734863,0.14800000190734863,0.14800000190734863,0.14800000190734863,0.14800000190734863,0
2020-10-12,0.13300000131130219,0.1379999965429306,0.12999999523162842,0.1379999965429306,0.1379999965429306,246000
2020-10-14,0.14399999380111694,0.15000000596046448,0.13300000131130219,0.14100000262260437,0.14100000262260437,1750000
2020-10-15,0.15000000596046448,0.15000000596046448,0.14800000190734863,0.1420000046491623,0.1420000046491623,24000
2020-10-16,0.15000000596046448,0.1599999964237213,0.15000000596046448,0.14000000059604645,0.14000000059604645,282000
2020-10-19,0.14000000059604645,0.14000000059604645,0.14000000059604645,0.14000000059604645,0.14000000059604645,0
2020-10-20,0.14000000059604645,0.14000000059604645,0.14000000059604645,0.14000000059604645,0.14000000059604645,0
2020-10-21,0.13600000739097595,0.15600000321865082,0.13500000536441803,0.14499999582767487,0.14499999582767487,892000
2020-10-22,0.14499999582767487,0.14499999582767487,0.14499999582767487,0.14499999582767487,0.14499999582767487,0
2020-10-23,0.1379999965429306,0.1379999965429306,0.1379999965429306,0.1379999965429306,0.1379999965429306,6000
2020-10-27,0.1379999965429306,0.1379999965429306,0.1379999965429306,0.1379999965429306,0.1379999965429306,0
2020-10-28,0.1469999998807907,0.1469999998807907,0.1469999998807907,0.1469999998807907,0.1469999998807907,0
2020-10-29,0.14000000059604645,0.14000000059604645,0.14000000059604645,0.14000000059604645,0.14000000059604645,0
2020-10-30,0.14499999582767487,0.14499999582767487,0.14499999582767487,0.14499999582767487,0.14499999582767487,0
2020-11-02,0.15000000596046448,0.15000000596046448,0.14800000190734863,0.14000000059604645,0.14000000059604645,1204000
2020-11-03,0.15000000596046448,0.15000000596046448,0.14000000059604645,0.14000000059604645,0.14000000059604645,678000
2020-11-04,0.14000000059604645,0.14000000059604645,0.14000000059604645,0.14000000059604645,0.14000000059604645,0
2020-11-05,0.14100000262260437,0.14100000262260437,0.14100000262260437,0.14100000262260437,0.14100000262260437,0
2020-11-06,0.14100000262260437,0.14100000262260437,0.14100000262260437,0.14100000262260437,0.14100000262260437,0
2020-11-09,0.14100000262260437,0.14100000262260437,0.14100000262260437,0.14100000262260437,0.14100000262260437,0
2020-11-10,0.14100000262260437,0.14100000262260437,0.14100000262260437,0.14100000262260437,0.14100000262260437,0
2020-11-11,0.14100000262260437,0.14100000262260437,0.14100000262260437,0.14100000262260437,0.14100000262260437,0
2020-11-12,0.14800000190734863,0.15000000596046448,0.14000000059604645,0.14100000262260437,0.14100000262260437,8000
2020-11-13,0.14900000393390656,0.15000000596046448,0.14900000393390656,0.15000000596046448,0.15000000596046448,566000
2020-11-16,0.1550000011920929,0.1550000011920929,0.15000000596046448,0.15000000596046448,0.15000000596046448,4000
2020-11-17,0.15000000596046448,0.15000000596046448,0.15000000596046448,0.15000000596046448,0.15000000596046448,0
2020-11-18,0.15000000596046448,0.15000000596046448,0.15000000596046448,0.15000000596046448,0.15000000596046448,0
2020-11-19,0.15000000596046448,0.15000000596046448,0.15000000596046448,0.15000000596046448,0.15000000596046448,0
2020-11-20,0.14900000393390656,0.14900000393390656,0.14900000393390656,0.14900000393390656,0.14900000393390656,0
2020-11-23,0.14900000393390656,0.14900000393390656,0.14900000393390656,0.14900000393390656,0.14900000393390656,0
2020-11-24,0.14900000393390656,0.14900000393390656,0.14900000393390656,0.14900000393390656,0.14900000393390656,0
2020-11-25,0.14900000393390656,0.14900000393390656,0.14900000393390656,0.14900000393390656,0.14900000393390656,0
2020-11-26,0.13699999451637268,0.13699999451637268,0.13699999451637268,0.13699999451637268,0.13699999451637268,0
2020-11-27,0.14499999582767487,0.15000000596046448,0.1340000033378601,0.13600000739097595,0.13600000739097595,402000
2020-11-30,0.13600000739097595,0.13600000739097595,0.13600000739097595,0.13600000739097595,0.13600000739097595,0
2020-12-01,0.15000000596046448,0.1509999930858612,0.15000000596046448,0.1509999930858612,0.1509999930858612,744000
2020-12-02,0.1509999930858612,0.1509999930858612,0.1509999930858612,0.1509999930858612,0.1509999930858612,0
2020-12-03,0.15399999916553497,0.15399999916553497,0.13600000739097595,0.13600000739097595,0.13600000739097595,834000
2020-12-04,0.14399999380111694,0.15299999713897705,0.14399999380111694,0.15199999511241913,0.15199999511241913,288000
2020-12-07,0.16699999570846558,0.1850000023841858,0.15000000596046448,0.15000000596046448,0.15000000596046448,792000
2020-12-08,0.15299999713897705,0.15299999713897705,0.15299999713897705,0.15299999713897705,0.15299999713897705,0
2020-12-09,0.15199999511241913,0.15199999511241913,0.15199999511241913,0.15199999511241913,0.15199999511241913,0
2020-12-10,0.15399999916553497,0.17900000512599945,0.15399999916553497,0.17800000309944153,0.17800000309944153,1098000
2020-12-11,0.1550000011920929,0.1599999964237213,0.1509999930858612,0.1550000011920929,0.1550000011920929,338000
2020-12-14,0.15199999511241913,0.15199999511241913,0.15199999511241913,0.15199999511241913,0.15199999511241913,0
2020-12-15,0.14800000190734863,0.15199999511241913,0.14800000190734863,0.14900000393390656,0.14900000393390656,54000
2020-12-16,0.14900000393390656,0.14900000393390656,0.14900000393390656,0.14900000393390656,0.14900000393390656,0
2020-12-17,0.15000000596046448,0.23999999463558197,0.14900000393390656,0.1979999989271164,0.1979999989271164,2310000
2020-12-18,0.22599999606609344,0.22599999606609344,0.19499999284744263,0.20900000631809235,0.20900000631809235,140000
2020-12-21,0.23999999463558197,0.2750000059604645,0.19599999487400055,0.2150000035762787,0.2150000035762787,316000
2020-12-22,0.24699999392032623,0.24699999392032623,0.17900000512599945,0.21799999475479126,0.21799999475479126,426000
2020-12-23,0.19499999284744263,0.21799999475479126,0.18000000715255737,0.20399999618530273,0.20399999618530273,526000
2020-12-24,0.2199999988079071,0.2199999988079071,0.2199999988079071,0.2199999988079071,0.2199999988079071,0
2020-12-28,0.25,0.25,0.18400000035762787,0.18799999356269836,0.18799999356269836,1362000
2020-12-29,0.1809999942779541,0.1809999942779541,0.1809999942779541,0.1809999942779541,0.1809999942779541,0
2020-12-30,0.18000000715255737,0.2290000021457672,0.17299999296665192,0.2290000021457672,0.2290000021457672,144000
2020-12-31,0.19200000166893005,0.19200000166893005,0.19200000166893005,0.19200000166893005,0.19200000166893005,0
2021-01-04,0.18799999356269836,0.18799999356269836,0.16500000655651093,0.17499999701976776,0.17499999701976776,596000
2021-01-05,0.17599999904632568,0.1940000057220459,0.1599999964237213,0.17399999499320984,0.17399999499320984,550000
2021-01-06,0.17900000512599945,0.23800000548362732,0.16899999976158142,0.23800000548362732,0.23800000548362732,330000
2021-01-07,0.23800000548362732,0.23800000548362732,0.18000000715255737,0.18000000715255737,0.18000000715255737,458000
2021-01-08,0.17000000178813934,0.17499999701976776,0.17000000178813934,0.17499999701976776,0.17499999701976776,782000
2021-01-11,0.1979999989271164,0.1979999989271164,0.1979999989271164,0.1979999989271164,0.1979999989271164,20000
2021-01-12,0.1979999989271164,0.1979999989271164,0.1979999989271164,0.1979999989271164,0.1979999989271164,0
2021-01-13,0.19599999487400055,0.19599999487400055,0.19599999487400055,0.19599999487400055,0.19599999487400055,0
2021-01-14,0.19200000166893005,0.19200000166893005,0.19200000166893005,0.19200000166893005,0.19200000166893005,0
2021-01-15,0.18700000643730164,0.18700000643730164,0.18700000643730164,0.18700000643730164,0.18700000643730164,0
2021-01-18,0.18799999356269836,0.18799999356269836,0.18799999356269836,0.18799999356269836,0.18799999356269836,0
2021-01-19,0.18799999356269836,0.18799999356269836,0.18799999356269836,0.18799999356269836,0.18799999356269836,0
2021-01-20,0.17499999701976776,0.17499999701976776,0.17000000178813934,0.17000000178813934,0.17000000178813934,200000
2021-01-21,0.17100000381469727,0.17100000381469727,0.17100000381469727,0.17100000381469727,0.17100000381469727,0
2021-01-22,0.17599999904632568,0.18000000715255737,0.17599999904632568,0.18000000715255737,0.18000000715255737,260000
2021-01-25,0.17900000512599945,0.17900000512599945,0.17900000512599945,0.17900000512599945,0.17900000512599945,0
2021-01-26,0.17900000512599945,0.17900000512599945,0.17900000512599945,0.17900000512599945,0.17900000512599945,0
2021-01-27,0.18000000715255737,0.18000000715255737,0.18000000715255737,0.18000000715255737,0.18000000715255737,200000
2021-01-28,0.17900000512599945,0.17900000512599945,0.17900000512599945,0.17900000512599945,0.17900000512599945,0
2021-01-29,0.17900000512599945,0.17900000512599945,0.17900000512599945,0.17900000512599945,0.17900000512599945,0
2021-02-01,0.16500000655651093,0.1770000010728836,0.16500000655651093,0.1770000010728836,0.1770000010728836,102000
2021-02-02,0.17599999904632568,0.17599999904632568,0.16699999570846558,0.17399999499320984,0.17399999499320984,180000
2021-02-03,0.17399999499320984,0.17399999499320984,0.17399999499320984,0.17399999499320984,0.17399999499320984,0
2021-02-04,0.17399999499320984,0.17399999499320984,0.17399999499320984,0.17399999499320984,0.17399999499320984,200000
2021-02-05,0.1770000010728836,0.1770000010728836,0.17000000178813934,0.17499999701976776,0.17499999701976776,80000
2021-02-08,0.18799999356269836,0.18799999356269836,0.18799999356269836,0.18799999356269836,0.18799999356269836,0
2021-02-09,0.17499999701976776,0.18799999356269836,0.16300000250339508,0.18799999356269836,0.18799999356269836,334000
2021-02-10,0.18799999356269836,0.18799999356269836,0.18799999356269836,0.18799999356269836,0.18799999356269836,10000
2021-02-11,0.1979999989271164,0.1979999989271164,0.1979999989271164,0.1979999989271164,0.1979999989271164,0
2021-02-16,0.19900000095367432,0.19900000095367432,0.19900000095367432,0.19900000095367432,0.19900000095367432,48000
2021-02-17,0.2150000035762787,0.2150000035762787,0.1720000058412552,0.1899999976158142,0.1899999976158142,86000
2021-02-18,0.17800000309944153,0.18000000715255737,0.17599999904632568,0.18000000715255737,0.18000000715255737,660000
2021-02-19,0.18000000715255737,0.18000000715255737,0.18000000715255737,0.18000000715255737,0.18000000715255737,80000
2021-02-22,0.18299999833106995,0.18299999833106995,0.18299999833106995,0.18299999833106995,0.18299999833106995,0
2021-02-23,0.18299999833106995,0.18299999833106995,0.18299999833106995,0.18299999833106995,0.18299999833106995,0
2021-02-24,0.18000000715255737,0.1860000044107437,0.1860000044107437,0.18199999630451202,0.18199999630451202,22000
2021-02-25,0.18199999630451202,0.18199999630451202,0.18199999630451202,0.18199999630451202,0.18199999630451202,0
2021-02-26,0.17000000178813934,0.17000000178813934,0.17000000178813934,0.17000000178813934,0.17000000178813934,4000
2021-03-01,0.1679999977350235,0.1679999977350235,0.1679999977350235,0.17000000178813934,0.17000000178813934,10000
2021-03-02,0.17000000178813934,0.17000000178813934,0.17000000178813934,0.17000000178813934,0.17000000178813934,20000
2021-03-03,0.17000000178813934,0.17000000178813934,0.17000000178813934,0.17000000178813934,0.17000000178813934,0
2021-03-04,0.17000000178813934,0.17000000178813934,0.17000000178813934,0.17000000178813934,0.17000000178813934,0
2021-03-05,0.1809999942779541,0.17000000178813934,0.17000000178813934,0.17000000178813934,0.17000000178813934,2000
2021-03-08,0.17000000178813934,0.17000000178813934,0.17000000178813934,0.17000000178813934,0.17000000178813934,0
2021-03-09,0.17000000178813934,0.17000000178813934,0.17000000178813934,0.17000000178813934,0.17000000178813934,0
2021-03-10,0.17000000178813934,0.17000000178813934,0.17000000178813934,0.17000000178813934,0.17000000178813934,0
2021-03-11,0.17000000178813934,0.17000000178813934,0.17000000178813934,0.17000000178813934,0.17000000178813934,0
2021-03-12,0.17900000512599945,0.19300000369548798,0.17900000512599945,0.17800000309944153,0.17800000309944153,38000
2021-03-15,0.17800000309944153,0.17800000309944153,0.17800000309944153,0.17800000309944153,0.17800000309944153,0
2021-03-16,0.17800000309944153,0.17800000309944153,0.17800000309944153,0.17800000309944153,0.17800000309944153,0
2021-03-17,0.1770000010728836,0.1770000010728836,0.1770000010728836,0.1770000010728836,0.1770000010728836,0
2021-03-18,0.16200000047683716,0.16200000047683716,0.16200000047683716,0.16200000047683716,0.16200000047683716,6000
2021-03-19,0.16200000047683716,0.16200000047683716,0.16200000047683716,0.16200000047683716,0.16200000047683716,0
2021-03-22,0.17599999904632568,0.18000000715255737,0.17599999904632568,0.18000000715255737,0.18000000715255737,444000
2021-03-23,0.18000000715255737,0.18000000715255737,0.18000000715255737,0.18000000715255737,0.18000000715255737,0
2021-03-24,0.18000000715255737,0.1850000023841858,0.18000000715255737,0.1809999942779541,0.1809999942779541,464000
2021-03-25,0.1809999942779541,0.1809999942779541,0.1809999942779541,0.1809999942779541,0.1809999942779541,0
2021-03-26,0.20000000298023224,0.20000000298023224,0.18000000715255737,0.18000000715255737,0.18000000715255737,686000
2021-03-29,0.18199999630451202,0.18199999630451202,0.18000000715255737,0.1809999942779541,0.1809999942779541,348000
2021-03-30,0.1809999942779541,0.1809999942779541,0.1809999942779541,0.1809999942779541,0.1809999942779541,200000
2021-03-31,0.1809999942779541,0.1809999942779541,0.1809999942779541,0.1809999942779541,0.1809999942779541,0
2021-04-01,0.17299999296665192,0.20000000298023224,0.16899999976158142,0.20000000298023224,0.20000000298023224,734000
2021-04-07,0.1850000023841858,0.1850000023841858,0.16500000655651093,0.16500000655651093,0.16500000655651093,302000
2021-04-08,0.17399999499320984,0.17499999701976776,0.1589999943971634,0.1599999964237213,0.1599999964237213,632000
2021-04-09,0.17399999499320984,0.17499999701976776,0.17399999499320984,0.17499999701976776,0.17499999701976776,30000
2021-04-12,0.1599999964237213,0.1599999964237213,0.15800000727176666,0.1599999964237213,0.1599999964237213,626000
2021-04-13,0.15000000596046448,0.17299999296665192,0.15000000596046448,0.17299999296665192,0.17299999296665192,20000
2021-04-14,0.1599999964237213,0.1599999964237213,0.1599999964237213,0.1599999964237213,0.1599999964237213,92000
2021-04-15,0.16200000047683716,0.16200000047683716,0.16200000047683716,0.16200000047683716,0.16200000047683716,0
2021-04-16,0.16200000047683716,0.16200000047683716,0.16200000047683716,0.16200000047683716,0.16200000047683716,0
2021-04-19,0.16200000047683716,0.16200000047683716,0.16200000047683716,0.16200000047683716,0.16200000047683716,0
2021-04-20,0.16200000047683716,0.16200000047683716,0.16200000047683716,0.16200000047683716,0.16200000047683716,0
2021-04-21,0.16200000047683716,0.16200000047683716,0.16200000047683716,0.16200000047683716,0.16200000047683716,0
2021-04-22,0.16500000655651093,0.17299999296665192,0.16300000250339508,0.17299999296665192,0.17299999296665192,436000
2021-04-23,0.17499999701976776,0.1770000010728836,0.17499999701976776,0.1770000010728836,0.1770000010728836,208000
2021-04-26,0.1770000010728836,0.1770000010728836,0.1770000010728836,0.1770000010728836,0.1770000010728836,0
2021-04-27,0.1770000010728836,0.1770000010728836,0.1770000010728836,0.1770000010728836,0.1770000010728836,0
2021-04-28,0.1770000010728836,0.1770000010728836,0.1770000010728836,0.1770000010728836,0.1770000010728836,0
2021-04-29,0.1770000010728836,0.1770000010728836,0.1770000010728836,0.1770000010728836,0.1770000010728836,6000
2021-04-30,0.1770000010728836,0.1770000010728836,0.1770000010728836,0.1770000010728836,0.1770000010728836,0
2021-05-03,0.1770000010728836,0.1770000010728836,0.1770000010728836,0.1770000010728836,0.1770000010728836,0
2021-05-04,0.1770000010728836,0.1770000010728836,0.1770000010728836,0.1770000010728836,0.1770000010728836,0
2021-05-05,0.18000000715255737,0.18000000715255737,0.18000000715255737,0.18000000715255737,0.18000000715255737,0
2021-05-06,0.18000000715255737,0.18000000715255737,0.18000000715255737,0.18000000715255737,0.18000000715255737,0
2021-05-07,0.18000000715255737,0.18000000715255737,0.18000000715255737,0.18000000715255737,0.18000000715255737,0
2021-05-10,0.18000000715255737,0.18000000715255737,0.18000000715255737,0.18000000715255737,0.18000000715255737,0
2021-05-11,0.18000000715255737,0.18000000715255737,0.18000000715255737,0.18000000715255737,0.18000000715255737,0
2021-05-12,0.18000000715255737,0.18000000715255737,0.18000000715255737,0.18000000715255737,0.18000000715255737,0
2021-05-13,0.18299999833106995,0.18299999833106995,0.18199999630451202,0.18299999833106995,0.18299999833106995,202000
2021-05-14,0.18299999833106995,0.18299999833106995,0.18299999833106995,0.18299999833106995,0.18299999833106995,0
2021-05-17,0.18299999833106995,0.18299999833106995,0.18299999833106995,0.18299999833106995,0.18299999833106995,0
2021-05-18,0.18299999833106995,0.18299999833106995,0.18299999833106995,0.18299999833106995,0.18299999833106995,0
2021-05-20,0.18299999833106995,0.18299999833106995,0.18299999833106995,0.18299999833106995,0.18299999833106995,0
2021-05-21,0.18299999833106995,0.18299999833106995,0.18299999833106995,0.18299999833106995,0.18299999833106995,0
2021-05-24,0.18299999833106995,0.18299999833106995,0.18299999833106995,0.18299999833106995,0.18299999833106995,0
2021-05-25,0.18799999356269836,0.18799999356269836,0.18799999356269836,0.18799999356269836,0.18799999356269836,0
2021-05-26,0.18700000643730164,0.18799999356269836,0.18700000643730164,0.18799999356269836,0.18799999356269836,138000
2021-05-27,0.19200000166893005,0.19200000166893005,0.19200000166893005,0.19200000166893005,0.19200000166893005,2000
2021-05-28,0.19200000166893005,0.19200000166893005,0.19200000166893005,0.19200000166893005,0.19200000166893005,0
2021-05-31,0.19200000166893005,0.19200000166893005,0.19200000166893005,0.19200000166893005,0.19200000166893005,0
2021-06-01,0.19300000369548798,0.19300000369548798,0.19300000369548798,0.19300000369548798,0.19300000369548798,18000
2021-06-02,0.19300000369548798,0.19300000369548798,0.19300000369548798,0.19300000369548798,0.19300000369548798,0
2021-06-03,0.19300000369548798,0.19300000369548798,0.19300000369548798,0.19300000369548798,0.19300000369548798,0
2021-06-04,0.19300000369548798,0.19300000369548798,0.19300000369548798,0.19300000369548798,0.19300000369548798,0
2021-06-07,0.19300000369548798,0.19300000369548798,0.19300000369548798,0.19300000369548798,0.19300000369548798,0
2021-06-08,0.1860000044107437,0.1860000044107437,0.1860000044107437,0.1860000044107437,0.1860000044107437,0
2021-06-09,0.1860000044107437,0.1860000044107437,0.1860000044107437,0.1860000044107437,0.1860000044107437,0
2021-06-10,0.17900000512599945,0.17900000512599945,0.17499999701976776,0.17499999701976776,0.17499999701976776,10000
2021-06-11,0.18299999833106995,0.18299999833106995,0.16899999976158142,0.17100000381469727,0.17100000381469727,42000
2021-06-15,0.16500000655651093,0.16500000655651093,0.16500000655651093,0.16500000655651093,0.16500000655651093,52000
2021-06-16,0.16300000250339508,0.16300000250339508,0.16300000250339508,0.16300000250339508,0.16300000250339508,0
2021-06-17,0.164000004529953,0.16699999570846558,0.164000004529953,0.164000004529953,0.164000004529953,36000
2021-06-18,0.16500000655651093,0.1679999977350235,0.16500000655651093,0.16599999368190765,0.16599999368190765,28000
2021-06-21,0.16599999368190765,0.16599999368190765,0.16599999368190765,0.16599999368190765,0.16599999368190765,8000
2021-06-22,0.16599999368190765,0.16599999368190765,0.16599999368190765,0.16599999368190765,0.16599999368190765,2000
2021-06-23,0.16699999570846558,0.16699999570846558,0.16699999570846558,0.16699999570846558,0.16699999570846558,0
2021-06-24,0.1899999976158142,0.21199999749660492,0.1899999976158142,0.20800000429153442,0.20800000429153442,26000
2021-06-25,0.19200000166893005,0.19200000166893005,0.19200000166893005,0.19200000166893005,0.19200000166893005,118000
2021-06-28,0.19200000166893005,0.19200000166893005,0.19200000166893005,0.19200000166893005,0.19200000166893005,0
2021-06-29,0.19200000166893005,0.19200000166893005,0.19200000166893005,0.19200000166893005,0.19200000166893005,0
2021-06-30,0.19200000166893005,0.19200000166893005,0.19200000166893005,0.19200000166893005,0.19200000166893005,0
2021-07-02,0.19200000166893005,0.19200000166893005,0.19200000166893005,0.19200000166893005,0.19200000166893005,0
2021-07-05,0.19200000166893005,0.19200000166893005,0.19200000166893005,0.19200000166893005,0.19200000166893005,0
2021-07-06,0.18799999356269836,0.18799999356269836,0.18799999356269836,0.18799999356269836,0.18799999356269836,0
2021-07-07,0.18799999356269836,0.18799999356269836,0.18799999356269836,0.18799999356269836,0.18799999356269836,0
2021-07-08,0.1889999955892563,0.1889999955892563,0.1889999955892563,0.1889999955892563,0.1889999955892563,2000
2021-07-09,0.1889999955892563,0.1889999955892563,0.1889999955892563,0.1889999955892563,0.1889999955892563,0
2021-07-12,0.1889999955892563,0.1889999955892563,0.1889999955892563,0.1889999955892563,0.1889999955892563,0
2021-07-13,0.19300000369548798,0.19300000369548798,0.19300000369548798,0.19300000369548798,0.19300000369548798,0
2021-07-14,0.19300000369548798,0.19300000369548798,0.19300000369548798,0.19300000369548798,0.19300000369548798,0
2021-07-15,0.19300000369548798,0.19300000369548798,0.19300000369548798,0.19300000369548798,0.19300000369548798,0
2021-07-16,0.19300000369548798,0.19300000369548798,0.19300000369548798,0.19300000369548798,0.19300000369548798,0
2021-07-19,0.19300000369548798,0.19300000369548798,0.19300000369548798,0.19300000369548798,0.19300000369548798,0
2021-07-20,0.19300000369548798,0.19300000369548798,0.19300000369548798,0.19300000369548798,0.19300000369548798,0
2021-07-21,0.19300000369548798,0.19300000369548798,0.19300000369548798,0.19300000369548798,0.19300000369548798,0
2021-07-22,0.19300000369548798,0.19300000369548798,0.19300000369548798,0.19300000369548798,0.19300000369548798,0
2021-07-23,0.19300000369548798,0.19300000369548798,0.19300000369548798,0.19300000369548798,0.19300000369548798,0
2021-07-26,0.19300000369548798,0.19300000369548798,0.19300000369548798,0.19300000369548798,0.19300000369548798,0
2021-07-27,0.19300000369548798,0.19300000369548798,0.19300000369548798,0.19300000369548798,0.19300000369548798,0
2021-07-28,0.18799999356269836,0.18799999356269836,0.18799999356269836,0.1850000023841858,0.1850000023841858,10000
2021-07-29,0.1850000023841858,0.1850000023841858,0.1850000023841858,0.1850000023841858,0.1850000023841858,0
2021-07-30,0.1850000023841858,0.1850000023841858,0.1850000023841858,0.1850000023841858,0.1850000023841858,0
2021-08-02,0.1850000023841858,0.1850000023841858,0.1850000023841858,0.1850000023841858,0.1850000023841858,0
2021-08-03,0.1850000023841858,0.1850000023841858,0.1850000023841858,0.1850000023841858,0.1850000023841858,0
2021-08-04,0.1850000023841858,0.1850000023841858,0.1850000023841858,0.1850000023841858,0.1850000023841858,0
2021-08-05,0.1850000023841858,0.1850000023841858,0.1850000023841858,0.1850000023841858,0.1850000023841858,0
2021-08-06,0.1850000023841858,0.1850000023841858,0.1850000023841858,0.1850000023841858,0.1850000023841858,0
2021-08-09,0.1850000023841858,0.1850000023841858,0.1850000023841858,0.1850000023841858,0.1850000023841858,0
2021-08-10,0.1850000023841858,0.1850000023841858,0.1850000023841858,0.1850000023841858,0.1850000023841858,0
2021-08-11,0.1850000023841858,0.1850000023841858,0.1850000023841858,0.1850000023841858,0.1850000023841858,0
2021-08-12,0.1850000023841858,0.1850000023841858,0.1850000023841858,0.1850000023841858,0.1850000023841858,0
2021-08-13,0.1850000023841858,0.1850000023841858,0.1850000023841858,0.1850000023841858,0.1850000023841858,0
2021-08-16,0.1850000023841858,0.1850000023841858,0.1850000023841858,0.1850000023841858,0.1850000023841858,0
2021-08-17,0.18299999833106995,0.18299999833106995,0.18299999833106995,0.18299999833106995,0.18299999833106995,0
2021-08-18,0.18299999833106995,0.18299999833106995,0.18299999833106995,0.18299999833106995,0.18299999833106995,0
2021-08-19,0.1770000010728836,0.1770000010728836,0.1770000010728836,0.1770000010728836,0.1770000010728836,0
2021-08-20,0.1770000010728836,0.1770000010728836,0.1770000010728836,0.1770000010728836,0.1770000010728836,0
2021-08-23,0.17399999499320984,0.17399999499320984,0.17399999499320984,0.17499999701976776,0.17499999701976776,40000
2021-08-24,0.17499999701976776,0.17499999701976776,0.17499999701976776,0.17499999701976776,0.17499999701976776,0
2021-08-25,0.17499999701976776,0.17499999701976776,0.17499999701976776,0.17499999701976776,0.17499999701976776,0
2021-08-26,0.17599999904632568,0.17599999904632568,0.17599999904632568,0.17599999904632568,0.17599999904632568,0
2021-08-27,0.17800000309944153,0.17399999499320984,0.17399999499320984,0.17800000309944153,0.17800000309944153,10000
2021-08-30,0.17800000309944153,0.17800000309944153,0.17800000309944153,0.17800000309944153,0.17800000309944153,0
2021-08-31,0.17000000178813934,0.17000000178813934,0.17000000178813934,0.17100000381469727,0.17100000381469727,12000
2021-09-01,0.1679999977350235,0.17299999296665192,0.1679999977350235,0.17299999296665192,0.17299999296665192,32000
2021-09-02,0.17100000381469727,0.17100000381469727,0.17100000381469727,0.17100000381469727,0.17100000381469727,0
2021-09-03,0.16300000250339508,0.16300000250339508,0.16300000250339508,0.17000000178813934,0.17000000178813934,20000
2021-09-06,0.17000000178813934,0.17000000178813934,0.17000000178813934,0.17000000178813934,0.17000000178813934,0
2021-09-07,0.17000000178813934,0.17000000178813934,0.17000000178813934,0.17000000178813934,0.17000000178813934,0
2021-09-08,0.17000000178813934,0.17000000178813934,0.17000000178813934,0.17000000178813934,0.17000000178813934,0
2021-09-09,0.17000000178813934,0.17000000178813934,0.17000000178813934,0.17000000178813934,0.17000000178813934,0
2021-09-10,0.17000000178813934,0.17000000178813934,0.17000000178813934,0.17000000178813934,0.17000000178813934,0
2021-09-13,0.17100000381469727,0.17100000381469727,0.17100000381469727,0.17100000381469727,0.17100000381469727,0
2021-09-14,0.17100000381469727,0.17100000381469727,0.17100000381469727,0.17100000381469727,0.17100000381469727,0
2021-09-15,0.17100000381469727,0.17100000381469727,0.17100000381469727,0.17100000381469727,0.17100000381469727,0
2021-09-16,0.17100000381469727,0.17100000381469727,0.17100000381469727,0.17100000381469727,0.17100000381469727,0
2021-09-17,0.17100000381469727,0.17100000381469727,0.17100000381469727,0.17100000381469727,0.17100000381469727,0
2021-09-20,0.17100000381469727,0.17100000381469727,0.17100000381469727,0.17100000381469727,0.17100000381469727,0
2021-09-21,0.17100000381469727,0.17100000381469727,0.17100000381469727,0.17100000381469727,0.17100000381469727,0
2021-09-23,0.17100000381469727,0.17100000381469727,0.17100000381469727,0.17100000381469727,0.17100000381469727,0
2021-09-24,0.1770000010728836,0.1770000010728836,0.1770000010728836,0.1770000010728836,0.1770000010728836,0
2021-09-27,0.1770000010728836,0.1770000010728836,0.1770000010728836,0.1770000010728836,0.1770000010728836,0
2021-09-28,0.1770000010728836,0.1770000010728836,0.1770000010728836,0.1770000010728836,0.1770000010728836,0
2021-09-29,0.1770000010728836,0.1770000010728836,0.1770000010728836,0.1770000010728836,0.1770000010728836,0
2021-09-30,0.1770000010728836,0.1770000010728836,0.1770000010728836,0.1770000010728836,0.1770000010728836,0
2021-10-04,0.1770000010728836,0.1770000010728836,0.1770000010728836,0.1770000010728836,0.1770000010728836,0
2021-10-05,0.1770000010728836,0.1770000010728836,0.1770000010728836,0.1770000010728836,0.1770000010728836,0
2021-10-06,0.1770000010728836,0.1770000010728836,0.1770000010728836,0.1770000010728836,0.1770000010728836,0
2021-10-07,0.1770000010728836,0.1770000010728836,0.1770000010728836,0.1770000010728836,0.1770000010728836,0
2021-10-08,0.1770000010728836,0.1770000010728836,0.1770000010728836,0.1770000010728836,0.1770000010728836,0
2021-10-11,0.1770000010728836,0.1770000010728836,0.1770000010728836,0.1770000010728836,0.1770000010728836,0
2021-10-12,0.1770000010728836,0.1770000010728836,0.1770000010728836,0.1770000010728836,0.1770000010728836,0
2021-10-15,0.1770000010728836,0.1770000010728836,0.1770000010728836,0.1770000010728836,0.1770000010728836,0
2021-10-18,0.1770000010728836,0.1770000010728836,0.1770000010728836,0.1770000010728836,0.1770000010728836,0
2021-10-19,0.1770000010728836,0.1770000010728836,0.1770000010728836,0.1770000010728836,0.1770000010728836,0
2021-10-20,0.1770000010728836,0.1770000010728836,0.1770000010728836,0.1770000010728836,0.1770000010728836,0
2021-10-21,0.1770000010728836,0.1770000010728836,0.1770000010728836,0.1770000010728836,0.1770000010728836,0
2021-10-22,0.1770000010728836,0.1770000010728836,0.1770000010728836,0.1770000010728836,0.1770000010728836,0
2021-10-25,0.1770000010728836,0.1770000010728836,0.1770000010728836,0.1770000010728836,0.1770000010728836,0
2021-10-26,0.19300000369548798,0.19300000369548798,0.19300000369548798,0.19300000369548798,0.19300000369548798,10000
2021-10-27,0.19300000369548798,0.19300000369548798,0.19300000369548798,0.19300000369548798,0.19300000369548798,0
2021-10-28,0.19300000369548798,0.19300000369548798,0.19300000369548798,0.19300000369548798,0.19300000369548798,0
2021-10-29,0.19300000369548798,0.19300000369548798,0.19300000369548798,0.19300000369548798,0.19300000369548798,0
2021-11-01,0.19300000369548798,0.19300000369548798,0.19300000369548798,0.19300000369548798,0.19300000369548798,0
2021-11-02,0.19300000369548798,0.19300000369548798,0.19300000369548798,0.19300000369548798,0.19300000369548798,0
2021-11-03,0.19300000369548798,0.19300000369548798,0.19300000369548798,0.19300000369548798,0.19300000369548798,0
2021-11-04,0.19300000369548798,0.19300000369548798,0.19300000369548798,0.19300000369548798,0.19300000369548798,0
2021-11-05,0.19300000369548798,0.19300000369548798,0.19300000369548798,0.19300000369548798,0.19300000369548798,0
2021-11-08,0.19300000369548798,0.19300000369548798,0.19300000369548798,0.19300000369548798,0.19300000369548798,0
2021-11-09,0.19300000369548798,0.19300000369548798,0.19300000369548798,0.19300000369548798,0.19300000369548798,0
2021-11-10,0.19300000369548798,0.19300000369548798,0.19300000369548798,0.19300000369548798,0.19300000369548798,0
2021-11-11,0.19900000095367432,0.19900000095367432,0.19900000095367432,0.19900000095367432,0.19900000095367432,46000
2021-11-12,0.19900000095367432,0.19900000095367432,0.19900000095367432,0.19900000095367432,0.19900000095367432,0
2021-11-15,0.19900000095367432,0.19900000095367432,0.19900000095367432,0.19900000095367432,0.19900000095367432,0
2021-11-16,0.19900000095367432,0.19900000095367432,0.19900000095367432,0.19900000095367432,0.19900000095367432,0
2021-11-17,0.19900000095367432,0.19900000095367432,0.19900000095367432,0.19900000095367432,0.19900000095367432,0
2021-11-18,0.19900000095367432,0.19900000095367432,0.19900000095367432,0.19900000095367432,0.19900000095367432,0
2021-11-19,0.19900000095367432,0.19900000095367432,0.19900000095367432,0.19900000095367432,0.19900000095367432,0
2021-11-22,0.19900000095367432,0.19900000095367432,0.19900000095367432,0.19900000095367432,0.19900000095367432,0
2021-11-23,0.19900000095367432,0.19900000095367432,0.19900000095367432,0.19900000095367432,0.19900000095367432,0
2021-11-24,0.18299999833106995,0.18299999833106995,0.18299999833106995,0.18299999833106995,0.18299999833106995,2000
2021-11-25,0.18299999833106995,0.18299999833106995,0.18299999833106995,0.18299999833106995,0.18299999833106995,0
2021-11-26,0.18299999833106995,0.18299999833106995,0.18299999833106995,0.18299999833106995,0.18299999833106995,0
2021-11-29,0.18299999833106995,0.18299999833106995,0.18299999833106995,0.18299999833106995,0.18299999833106995,0
2021-11-30,0.18299999833106995,0.18299999833106995,0.18299999833106995,0.18299999833106995,0.18299999833106995,0
2021-12-01,0.18299999833106995,0.18299999833106995,0.18299999833106995,0.18299999833106995,0.18299999833106995,0
2021-12-02,0.18299999833106995,0.18299999833106995,0.18299999833106995,0.18299999833106995,0.18299999833106995,0
2021-12-03,0.18299999833106995,0.18299999833106995,0.18299999833106995,0.18299999833106995,0.18299999833106995,0
2021-12-06,0.20000000298023224,0.18299999833106995,0.18299999833106995,0.18299999833106995,0.18299999833106995,18000
2021-12-07,0.18299999833106995,0.18299999833106995,0.18299999833106995,0.18299999833106995,0.18299999833106995,0
2021-12-08,0.18299999833106995,0.18299999833106995,0.18299999833106995,0.18299999833106995,0.18299999833106995,0
2021-12-09,0.18299999833106995,0.18299999833106995,0.18299999833106995,0.18299999833106995,0.18299999833106995,0
2021-12-10,0.18299999833106995,0.18299999833106995,0.18299999833106995,0.18299999833106995,0.18299999833106995,0
2021-12-13,0.18299999833106995,0.18299999833106995,0.18299999833106995,0.18299999833106995,0.18299999833106995,0
2021-12-14,0.18299999833106995,0.18299999833106995,0.18299999833106995,0.18299999833106995,0.18299999833106995,0
2021-12-15,0.18299999833106995,0.18299999833106995,0.18299999833106995,0.18299999833106995,0.18299999833106995,0
2021-12-16,0.18299999833106995,0.18299999833106995,0.18299999833106995,0.18299999833106995,0.18299999833106995,0
2021-12-17,0.18299999833106995,0.18299999833106995,0.18299999833106995,0.18299999833106995,0.18299999833106995,0
2021-12-20,0.18299999833106995,0.18299999833106995,0.18299999833106995,0.18299999833106995,0.18299999833106995,0
2021-12-21,0.18299999833106995,0.18299999833106995,0.18299999833106995,0.18299999833106995,0.18299999833106995,0
2021-12-22,0.18299999833106995,0.18299999833106995,0.18299999833106995,0.18299999833106995,0.18299999833106995,0
2021-12-23,0.18299999833106995,0.18299999833106995,0.18299999833106995,0.18299999833106995,0.18299999833106995,0
2021-12-24,0.18299999833106995,0.18299999833106995,0.18299999833106995,0.18299999833106995,0.18299999833106995,0
2021-12-28,0.18299999833106995,0.18299999833106995,0.18299999833106995,0.18299999833106995,0.18299999833106995,0
2021-12-29,0.18299999833106995,0.18299999833106995,0.18299999833106995,0.18299999833106995,0.18299999833106995,0
2021-12-30,0.18299999833106995,0.18299999833106995,0.18299999833106995,0.18299999833106995,0.18299999833106995,0
2021-12-31,0.18299999833106995,0.18299999833106995,0.18299999833106995,0.18299999833106995,0.18299999833106995,0
2022-01-03,0.18299999833106995,0.18299999833106995,0.18299999833106995,0.18299999833106995,0.18299999833106995,0
2022-01-04,0.18299999833106995,0.18299999833106995,0.18299999833106995,0.18299999833106995,0.18299999833106995,0
2022-01-05,0.18299999833106995,0.18299999833106995,0.18299999833106995,0.18299999833106995,0.18299999833106995,0
2022-01-06,0.18299999833106995,0.18299999833106995,0.18299999833106995,0.18299999833106995,0.18299999833106995,0
2022-01-07,0.18299999833106995,0.18299999833106995,0.18299999833106995,0.18299999833106995,0.18299999833106995,0
2022-01-10,0.18299999833106995,0.18299999833106995,0.18299999833106995,0.18299999833106995,0.18299999833106995,0
2022-01-11,0.18299999833106995,0.18299999833106995,0.18299999833106995,0.18299999833106995,0.18299999833106995,0
2022-01-12,0.18299999833106995,0.18299999833106995,0.18299999833106995,0.18299999833106995,0.18299999833106995,0
2022-01-13,0.18299999833106995,0.18299999833106995,0.18299999833106995,0.18299999833106995,0.18299999833106995,0
2022-01-14,0.18299999833106995,0.18299999833106995,0.18299999833106995,0.18299999833106995,0.18299999833106995,0
2022-01-17,0.18299999833106995,0.18299999833106995,0.18299999833106995,0.18299999833106995,0.18299999833106995,10000
2022-01-18,0.18299999833106995,0.18299999833106995,0.18299999833106995,0.18299999833106995,0.18299999833106995,0
2022-01-19,0.18299999833106995,0.18299999833106995,0.18299999833106995,0.18299999833106995,0.18299999833106995,0
2022-01-20,0.18299999833106995,0.18299999833106995,0.18299999833106995,0.18299999833106995,0.18299999833106995,0
2022-01-21,0.18299999833106995,0.18299999833106995,0.18299999833106995,0.18299999833106995,0.18299999833106995,0
2022-01-24,0.18299999833106995,0.18299999833106995,0.18299999833106995,0.18299999833106995,0.18299999833106995,0
2022-01-25,0.18299999833106995,0.18299999833106995,0.18299999833106995,0.18299999833106995,0.18299999833106995,0
2022-01-26,0.18299999833106995,0.18299999833106995,0.18299999833106995,0.18299999833106995,0.18299999833106995,0
2022-01-27,0.18299999833106995,0.18299999833106995,0.18299999833106995,0.18299999833106995,0.18299999833106995,0
2022-01-28,0.18299999833106995,0.18299999833106995,0.18299999833106995,0.18299999833106995,0.18299999833106995,0
2022-01-31,0.18299999833106995,0.18299999833106995,0.18299999833106995,0.18299999833106995,0.18299999833106995,0
2022-02-04,0.18299999833106995,0.18299999833106995,0.18299999833106995,0.18299999833106995,0.18299999833106995,0
2022-02-07,0.164000004529953,0.164000004529953,0.164000004529953,0.17100000381469727,0.17100000381469727,20000
2022-02-08,0.17100000381469727,0.17100000381469727,0.17100000381469727,0.17100000381469727,0.17100000381469727,0
2022-02-09,0.17299999296665192,0.17299999296665192,0.17299999296665192,0.17299999296665192,0.17299999296665192,0
2022-02-10,0.17900000512599945,0.17900000512599945,0.17399999499320984,0.17499999701976776,0.17499999701976776,40000
2022-02-11,0.20100000500679016,0.20999999344348907,0.1850000023841858,0.1899999976158142,0.1899999976158142,448000
2022-02-14,0.17599999904632568,0.17599999904632568,0.16699999570846558,0.17399999499320984,0.17399999499320984,106000
2022-02-15,0.17599999904632568,0.17599999904632568,0.17599999904632568,0.17599999904632568,0.17599999904632568,0
2022-02-16,0.17800000309944153,0.17800000309944153,0.1770000010728836,0.17800000309944153,0.17800000309944153,42000
2022-02-17,0.18199999630451202,0.18199999630451202,0.18199999630451202,0.1860000044107437,0.1860000044107437,50000
2022-02-18,0.1860000044107437,0.1860000044107437,0.1860000044107437,0.1889999955892563,0.1889999955892563,120000
2022-02-21,0.1770000010728836,0.20800000429153442,0.17499999701976776,0.20800000429153442,0.20800000429153442,262000
2022-02-22,0.2199999988079071,0.2199999988079071,0.2160000056028366,0.2160000056028366,0.2160000056028366,110000
2022-02-23,0.2160000056028366,0.2160000056028366,0.2160000056028366,0.2160000056028366,0.2160000056028366,0
2022-02-24,0.1850000023841858,0.1850000023841858,0.1850000023841858,0.1850000023841858,0.1850000023841858,28000
2022-02-25,0.1850000023841858,0.1850000023841858,0.1850000023841858,0.1850000023841858,0.1850000023841858,0
2022-02-28,0.18000000715255737,0.18000000715255737,0.18000000715255737,0.18000000715255737,0.18000000715255737,40000
2022-03-01,0.20000000298023224,0.20000000298023224,0.1899999976158142,0.1899999976158142,0.1899999976158142,120000
2022-03-02,0.1979999989271164,0.20999999344348907,0.1720000058412552,0.20499999821186066,0.20499999821186066,304000
2022-03-03,0.20499999821186066,0.20499999821186066,0.20499999821186066,0.20499999821186066,0.20499999821186066,0
2022-03-04,0.20499999821186066,0.20499999821186066,0.20499999821186066,0.20499999821186066,0.20499999821186066,0
2022-03-07,0.1850000023841858,0.1850000023841858,0.1850000023841858,0.1850000023841858,0.1850000023841858,84000
2022-03-08,0.1899999976158142,0.1899999976158142,0.1899999976158142,0.1899999976158142,0.1899999976158142,154000
2022-03-09,0.1899999976158142,0.1899999976158142,0.1899999976158142,0.1899999976158142,0.1899999976158142,0
2022-03-10,0.1899999976158142,0.1899999976158142,0.1899999976158142,0.1899999976158142,0.1899999976158142,0
2022-03-11,0.1899999976158142,0.1899999976158142,0.1899999976158142,0.1899999976158142,0.1899999976158142,0
2022-03-14,0.18000000715255737,0.18000000715255737,0.1720000058412552,0.1720000058412552,0.1720000058412552,474000
2022-03-15,0.1720000058412552,0.1720000058412552,0.1720000058412552,0.1720000058412552,0.1720000058412552,0
2022-03-16,0.1860000044107437,0.18000000715255737,0.1720000058412552,0.1860000044107437,0.1860000044107437,2000
2022-03-17,0.1899999976158142,0.1899999976158142,0.1850000023841858,0.1850000023841858,0.1850000023841858,44000
2022-03-18,0.1860000044107437,0.1860000044107437,0.1860000044107437,0.1860000044107437,0.1860000044107437,0
2022-03-21,0.1899999976158142,0.1899999976158142,0.1899999976158142,0.1899999976158142,0.1899999976158142,0
2022-03-22,0.1899999976158142,0.1899999976158142,0.1899999976158142,0.1899999976158142,0.1899999976158142,20000
2022-03-23,0.1899999976158142,0.1899999976158142,0.1899999976158142,0.1899999976158142,0.1899999976158142,0
2022-03-24,0.1899999976158142,0.1899999976158142,0.1899999976158142,0.1899999976158142,0.1899999976158142,0
2022-03-25,0.1899999976158142,0.1899999976158142,0.1899999976158142,0.1899999976158142,0.1899999976158142,0
2022-03-28,0.1899999976158142,0.1899999976158142,0.1899999976158142,0.1899999976158142,0.1899999976158142,0
2022-03-29,0.1899999976158142,0.1899999976158142,0.1899999976158142,0.1899999976158142,0.1899999976158142,0
2022-03-30,0.19300000369548798,0.19300000369548798,0.1860000044107437,0.1899999976158142,0.1899999976158142,34000
2022-03-31,0.1860000044107437,0.1860000044107437,0.1770000010728836,0.1770000010728836,0.1770000010728836,112000
2022-04-01,0.1770000010728836,0.1770000010728836,0.1770000010728836,0.1770000010728836,0.1770000010728836,0
2022-04-04,0.1770000010728836,0.1770000010728836,0.1770000010728836,0.1770000010728836,0.1770000010728836,0
2022-04-06,0.1770000010728836,0.1770000010728836,0.1770000010728836,0.1770000010728836,0.1770000010728836,0
2022-04-07,0.17800000309944153,0.17800000309944153,0.17800000309944153,0.17800000309944153,0.17800000309944153,60000
2022-04-08,0.17499999701976776,0.17499999701976776,0.17499999701976776,0.17499999701976776,0.17499999701976776,396000
2022-04-11,0.17499999701976776,0.17499999701976776,0.17499999701976776,0.17499999701976776,0.17499999701976776,0
2022-04-12,0.17499999701976776,0.17499999701976776,0.17499999701976776,0.17499999701976776,0.17499999701976776,0
2022-04-13,0.1809999942779541,0.1809999942779541,0.1809999942779541,0.1809999942779541,0.1809999942779541,0
2022-04-14,0.18000000715255737,0.18000000715255737,0.18000000715255737,0.18000000715255737,0.18000000715255737,0
2022-04-19,0.18000000715255737,0.18000000715255737,0.16300000250339508,0.18000000715255737,0.18000000715255737,672000
2022-04-20,0.20000000298023224,0.20000000298023224,0.20000000298023224,0.1979999989271164,0.1979999989271164,40000
2022-04-21,0.19099999964237213,0.19099999964237213,0.19099999964237213,0.19099999964237213,0.19099999964237213,0
2022-04-22,0.19099999964237213,0.19099999964237213,0.19099999964237213,0.19099999964237213,0.19099999964237213,0
2022-04-25,0.1850000023841858,0.1850000023841858,0.1850000023841858,0.1850000023841858,0.1850000023841858,0
2022-04-26,0.1850000023841858,0.1850000023841858,0.1850000023841858,0.1850000023841858,0.1850000023841858,0
2022-04-27,0.1850000023841858,0.1850000023841858,0.1850000023841858,0.1850000023841858,0.1850000023841858,0
2022-04-28,0.1850000023841858,0.1850000023841858,0.1850000023841858,0.1850000023841858,0.1850000023841858,0
2022-04-29,0.1850000023841858,0.1899999976158142,0.17299999296665192,0.17499999701976776,0.17499999701976776,84000
2022-05-03,0.1889999955892563,0.19099999964237213,0.1889999955892563,0.19099999964237213,0.19099999964237213,208000
2022-05-04,0.19099999964237213,0.23899999260902405,0.19099999964237213,0.23899999260902405,0.23899999260902405,430000
2022-05-05,0.23899999260902405,0.8799999952316284,0.23899999260902405,0.7400000095367432,0.7400000095367432,39222000
2022-05-06,0.800000011920929,0.8199999928474426,0.4650000035762787,0.49000000953674316,0.49000000953674316,13170000
2022-05-10,0.4300000071525574,0.6499999761581421,0.4000000059604645,0.45500001311302185,0.45500001311302185,9832000
2022-05-11,0.41999998688697815,0.5299999713897705,0.41999998688697815,0.4699999988079071,0.4699999988079071,6698000
2022-05-12,0.4699999988079071,0.48500001430511475,0.36500000953674316,0.39500001072883606,0.39500001072883606,2970000
2022-05-13,0.3700000047683716,0.4399999976158142,0.3499999940395355,0.4000000059604645,0.4000000059604645,2948000
2022-05-16,0.38499999046325684,0.41999998688697815,0.36000001430511475,0.36500000953674316,0.36500000953674316,676000
2022-05-17,0.3700000047683716,0.4699999988079071,0.3449999988079071,0.4300000071525574,0.4300000071525574,4708000
2022-05-18,0.4099999964237213,0.41999998688697815,0.38499999046325684,0.4050000011920929,0.4050000011920929,816000
2022-05-19,0.36000001430511475,0.4099999964237213,0.36000001430511475,0.4050000011920929,0.4050000011920929,262000
2022-05-20,0.38499999046325684,0.4050000011920929,0.3700000047683716,0.375,0.375,736000
2022-05-23,0.39500001072883606,0.42500001192092896,0.375,0.39500001072883606,0.39500001072883606,1342000
2022-05-24,0.41499999165534973,0.41499999165534973,0.38499999046325684,0.38499999046325684,0.38499999046325684,136000
2022-05-25,0.3799999952316284,0.42500001192092896,0.3799999952316284,0.42500001192092896,0.42500001192092896,242000
2022-05-26,0.41499999165534973,0.41499999165534973,0.3799999952316284,0.4000000059604645,0.4000000059604645,278000
2022-05-27,0.42500001192092896,0.42500001192092896,0.36500000953674316,0.3700000047683716,0.3700000047683716,338000
2022-05-30,0.38499999046325684,0.39500001072883606,0.30000001192092896,0.32499998807907104,0.32499998807907104,1878000
2022-05-31,0.3199999928474426,0.3400000035762787,0.30000001192092896,0.3149999976158142,0.3149999976158142,584000
2022-06-01,0.3149999976158142,0.33000001311302185,0.30000001192092896,0.30000001192092896,0.30000001192092896,38000
2022-06-02,0.28999999165534973,0.4099999964237213,0.28999999165534973,0.3799999952316284,0.3799999952316284,2626000
2022-06-06,0.38999998569488525,0.38999998569488525,0.3400000035762787,0.35499998927116394,0.35499998927116394,590000
2022-06-07,0.3400000035762787,0.38499999046325684,0.32499998807907104,0.3499999940395355,0.3499999940395355,954000
2022-06-08,0.375,0.375,0.3499999940395355,0.36500000953674316,0.36500000953674316,82000
2022-06-09,0.3799999952316284,0.3799999952316284,0.33500000834465027,0.33500000834465027,0.33500000834465027,446000
2022-06-10,0.33500000834465027,0.36000001430511475,0.33000001311302185,0.3499999940395355,0.3499999940395355,236000
2022-06-13,0.3499999940395355,0.3499999940395355,0.33000001311302185,0.3499999940395355,0.3499999940395355,140000
2022-06-14,0.33000001311302185,0.36000001430511475,0.33000001311302185,0.3400000035762787,0.3400000035762787,330000
2022-06-15,0.35499998927116394,0.35499998927116394,0.33000001311302185,0.33000001311302185,0.33000001311302185,74000
2022-06-16,0.33500000834465027,0.35499998927116394,0.3050000071525574,0.3149999976158142,0.3149999976158142,800000
2022-06-17,0.3050000071525574,0.3050000071525574,0.30000001192092896,0.3050000071525574,0.3050000071525574,258000
2022-06-20,0.30000001192092896,0.33000001311302185,0.30000001192092896,0.3199999928474426,0.3199999928474426,276000
2022-06-21,0.3050000071525574,0.3499999940395355,0.3050000071525574,0.3199999928474426,0.3199999928474426,430000
2022-06-22,0.32499998807907104,0.32499998807907104,0.32499998807907104,0.32499998807907104,0.32499998807907104,0
2022-06-23,0.3449999988079071,0.36000001430511475,0.33000001311302185,0.3400000035762787,0.3400000035762787,786000
2022-06-24,0.32499998807907104,0.3449999988079071,0.32499998807907104,0.3449999988079071,0.3449999988079071,228000
2022-06-27,0.3449999988079071,0.3799999952316284,0.3449999988079071,0.3700000047683716,0.3700000047683716,242000
2022-06-28,0.36000001430511475,0.36500000953674316,0.36000001430511475,0.36500000953674316,0.36500000953674316,96000
2022-06-29,0.3499999940395355,0.3499999940395355,0.3499999940395355,0.3499999940395355,0.3499999940395355,74000
2022-06-30,0.36000001430511475,0.36000001430511475,0.3499999940395355,0.3499999940395355,0.3499999940395355,284000
2022-07-04,0.33500000834465027,0.3400000035762787,0.33500000834465027,0.3400000035762787,0.3400000035762787,130000
2022-07-05,0.3100000023841858,0.33000001311302185,0.3050000071525574,0.33000001311302185,0.33000001311302185,164000
2022-07-06,0.33000001311302185,0.33000001311302185,0.3050000071525574,0.33000001311302185,0.33000001311302185,118000
2022-07-07,0.3400000035762787,0.3400000035762787,0.3400000035762787,0.3400000035762787,0.3400000035762787,0
2022-07-08,0.3400000035762787,0.3400000035762787,0.3400000035762787,0.3400000035762787,0.3400000035762787,0
2022-07-11,0.3100000023841858,0.3199999928474426,0.3100000023841858,0.3199999928474426,0.3199999928474426,88000
2022-07-12,0.3199999928474426,0.3199999928474426,0.3199999928474426,0.3199999928474426,0.3199999928474426,0
2022-07-13,0.3199999928474426,0.3199999928474426,0.3199999928474426,0.3199999928474426,0.3199999928474426,50000
2022-07-14,0.3199999928474426,0.3199999928474426,0.3199999928474426,0.3199999928474426,0.3199999928474426,10000
2022-07-15,0.3199999928474426,0.3199999928474426,0.3199999928474426,0.3199999928474426,0.3199999928474426,0
2022-07-18,0.3199999928474426,0.3199999928474426,0.3199999928474426,0.3199999928474426,0.3199999928474426,0
2022-07-19,0.3149999976158142,0.3149999976158142,0.3149999976158142,0.3149999976158142,0.3149999976158142,0
2022-07-20,0.3149999976158142,0.33000001311302185,0.3149999976158142,0.3199999928474426,0.3199999928474426,38000
2022-07-21,0.3100000023841858,0.3100000023841858,0.3100000023841858,0.3100000023841858,0.3100000023841858,0
2022-07-22,0.3100000023841858,0.3100000023841858,0.3100000023841858,0.3100000023841858,0.3100000023841858,0
2022-07-25,0.29499998688697815,0.29499998688697815,0.27000001072883606,0.29499998688697815,0.29499998688697815,60000
2022-07-26,0.29499998688697815,0.29499998688697815,0.29499998688697815,0.29499998688697815,0.29499998688697815,0
2022-07-27,0.29499998688697815,0.29499998688697815,0.29499998688697815,0.29499998688697815,0.29499998688697815,0
2022-07-28,0.29499998688697815,0.29499998688697815,0.29499998688697815,0.29499998688697815,0.29499998688697815,0
2022-07-29,0.29499998688697815,0.29499998688697815,0.29499998688697815,0.29499998688697815,0.29499998688697815,0
2022-08-01,0.29499998688697815,0.29499998688697815,0.29499998688697815,0.29499998688697815,0.29499998688697815,10000
2022-08-02,0.29499998688697815,0.29499998688697815,0.29499998688697815,0.29499998688697815,0.29499998688697815,0
2022-08-03,0.29499998688697815,0.29499998688697815,0.29499998688697815,0.29499998688697815,0.29499998688697815,0
2022-08-04,0.29499998688697815,0.29499998688697815,0.29499998688697815,0.29499998688697815,0.29499998688697815,0
2022-08-05,0.29499998688697815,0.29499998688697815,0.29499998688697815,0.29499998688697815,0.29499998688697815,0
2022-08-08,0.29499998688697815,0.29499998688697815,0.29499998688697815,0.29499998688697815,0.29499998688697815,0
2022-08-09,0.28999999165534973,0.3199999928474426,0.28999999165534973,0.30000001192092896,0.30000001192092896,100000
2022-08-10,0.30000001192092896,0.30000001192092896,0.30000001192092896,0.30000001192092896,0.30000001192092896,0
2022-08-11,0.30000001192092896,0.30000001192092896,0.30000001192092896,0.30000001192092896,0.30000001192092896,0
2022-08-12,0.30000001192092896,0.30000001192092896,0.30000001192092896,0.30000001192092896,0.30000001192092896,0
2022-08-15,0.30000001192092896,0.30000001192092896,0.30000001192092896,0.30000001192092896,0.30000001192092896,0
2022-08-16,0.28999999165534973,0.3499999940395355,0.28999999165534973,0.32499998807907104,0.32499998807907104,586000
2022-08-17,0.29499998688697815,0.36000001430511475,0.28999999165534973,0.3149999976158142,0.3149999976158142,64000
2022-08-18,0.3149999976158142,0.3149999976158142,0.3149999976158142,0.3149999976158142,0.3149999976158142,0
2022-08-19,0.3149999976158142,0.3149999976158142,0.3149999976158142,0.3149999976158142,0.3149999976158142,0
2022-08-22,0.3149999976158142,0.3199999928474426,0.3149999976158142,0.3149999976158142,0.3149999976158142,54000
2022-08-23,0.3149999976158142,0.3149999976158142,0.3149999976158142,0.3149999976158142,0.3149999976158142,0
2022-08-24,0.30000001192092896,0.3100000023841858,0.3100000023841858,0.3100000023841858,0.3100000023841858,62000
2022-08-25,0.3100000023841858,0.3100000023841858,0.3100000023841858,0.3100000023841858,0.3100000023841858,0
2022-08-26,0.3100000023841858,0.3100000023841858,0.3100000023841858,0.3100000023841858,0.3100000023841858,0
2022-08-29,0.3100000023841858,0.3100000023841858,0.3100000023841858,0.33000001311302185,0.33000001311302185,2000
2022-08-30,0.33000001311302185,0.33000001311302185,0.33000001311302185,0.33000001311302185,0.33000001311302185,0
2022-08-31,0.36000001430511475,0.36000001430511475,0.36000001430511475,0.36000001430511475,0.36000001430511475,0
2022-09-01,0.36000001430511475,0.36000001430511475,0.36000001430511475,0.36000001430511475,0.36000001430511475,0
2022-09-02,0.3499999940395355,0.36000001430511475,0.3499999940395355,0.36000001430511475,0.36000001430511475,140000
2022-09-05,0.36000001430511475,0.36000001430511475,0.36000001430511475,0.36000001430511475,0.36000001430511475,0
2022-09-06,0.33000001311302185,0.36500000953674316,0.33000001311302185,0.36000001430511475,0.36000001430511475,182000
2022-09-07,0.36000001430511475,0.36500000953674316,0.33000001311302185,0.36000001430511475,0.36000001430511475,16000
2022-09-08,0.36000001430511475,0.36000001430511475,0.36000001430511475,0.36000001430511475,0.36000001430511475,0
2022-09-09,0.36000001430511475,0.36000001430511475,0.36000001430511475,0.36000001430511475,0.36000001430511475,0
2022-09-13,0.36000001430511475,0.36000001430511475,0.36000001430511475,0.36000001430511475,0.36000001430511475,0
2022-09-14,0.33500000834465027,0.33500000834465027,0.33000001311302185,0.33000001311302185,0.33000001311302185,150000
2022-09-15,0.3100000023841858,0.3100000023841858,0.30000001192092896,0.3100000023841858,0.3100000023841858,304000
2022-09-16,0.3050000071525574,0.33000001311302185,0.3050000071525574,0.33000001311302185,0.33000001311302185,8000
2022-09-19,0.3199999928474426,0.3199999928474426,0.3199999928474426,0.3199999928474426,0.3199999928474426,0
2022-09-20,0.3199999928474426,0.3199999928474426,0.3199999928474426,0.3199999928474426,0.3199999928474426,0
2022-09-21,0.3199999928474426,0.3199999928474426,0.3199999928474426,0.3199999928474426,0.3199999928474426,0
2022-09-22,0.3199999928474426,0.3199999928474426,0.3199999928474426,0.3199999928474426,0.3199999928474426,0
2022-09-23,0.3199999928474426,0.3199999928474426,0.3199999928474426,0.3199999928474426,0.3199999928474426,40000
2022-09-26,0.3199999928474426,0.3199999928474426,0.3199999928474426,0.3199999928474426,0.3199999928474426,42000
2022-09-27,0.3199999928474426,0.3199999928474426,0.3199999928474426,0.3199999928474426,0.3199999928474426,0
2022-09-28,0.3199999928474426,0.36000001430511475,0.3199999928474426,0.3400000035762787,0.3400000035762787,34000
2022-09-29,0.3400000035762787,0.3400000035762787,0.3400000035762787,0.3400000035762787,0.3400000035762787,0
2022-09-30,0.33000001311302185,0.38999998569488525,0.33000001311302185,0.33500000834465027,0.33500000834465027,166000
2022-10-03,0.33500000834465027,0.33500000834465027,0.33500000834465027,0.33500000834465027,0.33500000834465027,0
2022-10-05,0.33500000834465027,0.33500000834465027,0.33500000834465027,0.33500000834465027,0.33500000834465027,0
2022-10-06,0.33500000834465027,0.33500000834465027,0.33500000834465027,0.33500000834465027,0.33500000834465027,0
2022-10-07,0.33500000834465027,0.33500000834465027,0.33500000834465027,0.33500000834465027,0.33500000834465027,0
2022-10-10,0.33500000834465027,0.33500000834465027,0.33500000834465027,0.33500000834465027,0.33500000834465027,0
2022-10-11,0.33500000834465027,0.33500000834465027,0.33500000834465027,0.33500000834465027,0.33500000834465027,0
2022-10-12,0.33500000834465027,0.33500000834465027,0.33500000834465027,0.33500000834465027,0.33500000834465027,0
2022-10-13,0.30000001192092896,0.3400000035762787,0.29499998688697815,0.3199999928474426,0.3199999928474426,276000
2022-10-14,0.33500000834465027,0.33500000834465027,0.33500000834465027,0.32499998807907104,0.32499998807907104,6000
2022-10-17,0.32499998807907104,0.32499998807907104,0.32499998807907104,0.32499998807907104,0.32499998807907104,0
2022-10-18,0.32499998807907104,0.32499998807907104,0.32499998807907104,0.32499998807907104,0.32499998807907104,0
2022-10-19,0.32499998807907104,0.32499998807907104,0.32499998807907104,0.32499998807907104,0.32499998807907104,0
2022-10-20,0.32499998807907104,0.32499998807907104,0.32499998807907104,0.32499998807907104,0.32499998807907104,0
2022-10-21,0.32499998807907104,0.32499998807907104,0.32499998807907104,0.32499998807907104,0.32499998807907104,0
2022-10-24,0.30000001192092896,0.3050000071525574,0.30000001192092896,0.30000001192092896,0.30000001192092896,534000
2022-10-25,0.30000001192092896,0.30000001192092896,0.30000001192092896,0.30000001192092896,0.30000001192092896,0
2022-10-26,0.33500000834465027,0.33500000834465027,0.33500000834465027,0.33500000834465027,0.33500000834465027,0
2022-10-27,0.33500000834465027,0.33500000834465027,0.33500000834465027,0.33500000834465027,0.33500000834465027,0
2022-10-28,0.30000001192092896,0.30000001192092896,0.30000001192092896,0.3199999928474426,0.3199999928474426,2000
2022-10-31,0.32499998807907104,0.32499998807907104,0.32499998807907104,0.32499998807907104,0.32499998807907104,16000
2022-11-01,0.32499998807907104,0.32499998807907104,0.32499998807907104,0.32499998807907104,0.32499998807907104,0
2022-11-02,0.32499998807907104,0.32499998807907104,0.32499998807907104,0.32499998807907104,0.32499998807907104,0
2022-11-03,0.2750000059604645,0.2750000059604645,0.2750000059604645,0.30000001192092896,0.30000001192092896,10000
2022-11-04,0.30000001192092896,0.30000001192092896,0.30000001192092896,0.30000001192092896,0.30000001192092896,16000
2022-11-07,0.30000001192092896,0.30000001192092896,0.30000001192092896,0.30000001192092896,0.30000001192092896,0
2022-11-08,0.30000001192092896,0.30000001192092896,0.30000001192092896,0.30000001192092896,0.30000001192092896,0
2022-11-09,0.30000001192092896,0.30000001192092896,0.30000001192092896,0.30000001192092896,0.30000001192092896,0
2022-11-10,0.30000001192092896,0.30000001192092896,0.30000001192092896,0.30000001192092896,0.30000001192092896,0
2022-11-11,0.28999999165534973,0.30000001192092896,0.28999999165534973,0.30000001192092896,0.30000001192092896,54000
2022-11-14,0.30000001192092896,0.30000001192092896,0.30000001192092896,0.30000001192092896,0.30000001192092896,30000
2022-11-15,0.30000001192092896,0.30000001192092896,0.30000001192092896,0.30000001192092896,0.30000001192092896,8000
2022-11-16,0.30000001192092896,0.30000001192092896,0.30000001192092896,0.30000001192092896,0.30000001192092896,0
2022-11-17,0.30000001192092896,0.30000001192092896,0.30000001192092896,0.30000001192092896,0.30000001192092896,0
2022-11-18,0.30000001192092896,0.30000001192092896,0.30000001192092896,0.30000001192092896,0.30000001192092896,0
2022-11-21,0.30000001192092896,0.30000001192092896,0.30000001192092896,0.30000001192092896,0.30000001192092896,0
2022-11-22,0.30000001192092896,0.30000001192092896,0.30000001192092896,0.30000001192092896,0.30000001192092896,0
2022-11-23,0.30000001192092896,0.30000001192092896,0.30000001192092896,0.30000001192092896,0.30000001192092896,0
2022-11-24,0.30000001192092896,0.30000001192092896,0.30000001192092896,0.30000001192092896,0.30000001192092896,0
2022-11-25,0.30000001192092896,0.30000001192092896,0.30000001192092896,0.30000001192092896,0.30000001192092896,0
2022-11-28,0.25999999046325684,0.25999999046325684,0.25999999046325684,0.26499998569488525,0.26499998569488525,2000
2022-11-29,0.27000001072883606,0.27000001072883606,0.27000001072883606,0.27000001072883606,0.27000001072883606,0
2022-11-30,0.28999999165534973,0.28999999165534973,0.28999999165534973,0.28999999165534973,0.28999999165534973,22000
2022-12-01,0.28999999165534973,0.28999999165534973,0.28999999165534973,0.28999999165534973,0.28999999165534973,0
2022-12-02,0.28999999165534973,0.28999999165534973,0.28999999165534973,0.28999999165534973,0.28999999165534973,0
2022-12-05,0.28999999165534973,0.28999999165534973,0.28999999165534973,0.28999999165534973,0.28999999165534973,0
2022-12-06,0.28999999165534973,0.28999999165534973,0.28999999165534973,0.28999999165534973,0.28999999165534973,0
2022-12-07,0.28999999165534973,0.28999999165534973,0.28999999165534973,0.28999999165534973,0.28999999165534973,0
2022-12-08,0.27000001072883606,0.28999999165534973,0.27000001072883606,0.28999999165534973,0.28999999165534973,102000
2022-12-09,0.25999999046325684,0.25999999046325684,0.25999999046325684,0.2849999964237213,0.2849999964237213,20000
2022-12-12,0.2800000011920929,0.4050000011920929,0.2800000011920929,0.375,0.375,820000
2022-12-13,0.3700000047683716,0.3700000047683716,0.3700000047683716,0.3700000047683716,0.3700000047683716,0
2022-12-14,0.3700000047683716,0.3799999952316284,0.3700000047683716,0.3799999952316284,0.3799999952316284,20000
2022-12-15,0.3499999940395355,0.3499999940395355,0.33000001311302185,0.3499999940395355,0.3499999940395355,14000
2022-12-16,0.3499999940395355,0.3499999940395355,0.3499999940395355,0.3499999940395355,0.3499999940395355,0
2022-12-19,0.3499999940395355,0.3499999940395355,0.3499999940395355,0.3499999940395355,0.3499999940395355,0
2022-12-20,0.3499999940395355,0.3499999940395355,0.3499999940395355,0.3499999940395355,0.3499999940395355,0
2022-12-21,0.35499998927116394,0.35499998927116394,0.35499998927116394,0.35499998927116394,0.35499998927116394,2000
2022-12-22,0.36500000953674316,0.36500000953674316,0.36500000953674316,0.36500000953674316,0.36500000953674316,0
2022-12-23,0.3499999940395355,0.3499999940395355,0.3499999940395355,0.3499999940395355,0.3499999940395355,0
2022-12-28,0.3499999940395355,0.3499999940395355,0.3499999940395355,0.3499999940395355,0.3499999940395355,0
2022-12-29,0.3499999940395355,0.3499999940395355,0.3499999940395355,0.3499999940395355,0.3499999940395355,0
2022-12-30,0.3499999940395355,0.3499999940395355,0.3499999940395355,0.3499999940395355,0.3499999940395355,0
2023-01-03,0.3499999940395355,0.3499999940395355,0.3499999940395355,0.3499999940395355,0.3499999940395355,0
2023-01-04,0.3499999940395355,0.375,0.3499999940395355,0.3700000047683716,0.3700000047683716,98000
2023-01-05,0.33000001311302185,0.3700000047683716,0.33000001311302185,0.36000001430511475,0.36000001430511475,402000
2023-01-06,0.36000001430511475,0.36000001430511475,0.36000001430511475,0.36000001430511475,0.36000001430511475,0
2023-01-09,0.3700000047683716,0.3700000047683716,0.3700000047683716,0.3700000047683716,0.3700000047683716,20000
2023-01-10,0.3700000047683716,0.3700000047683716,0.3700000047683716,0.3700000047683716,0.3700000047683716,0
2023-01-11,0.3700000047683716,0.3700000047683716,0.3700000047683716,0.3700000047683716,0.3700000047683716,0
2023-01-12,0.3700000047683716,0.3700000047683716,0.3700000047683716,0.3700000047683716,0.3700000047683716,0
2023-01-13,0.3700000047683716,0.3700000047683716,0.3700000047683716,0.3700000047683716,0.3700000047683716,2000
2023-01-16,0.3700000047683716,0.3700000047683716,0.3700000047683716,0.3700000047683716,0.3700000047683716,0
2023-01-17,0.3700000047683716,0.3700000047683716,0.3700000047683716,0.3700000047683716,0.3700000047683716,0
2023-01-18,0.3700000047683716,0.3700000047683716,0.3700000047683716,0.3700000047683716,0.3700000047683716,0
2023-01-19,0.3700000047683716,0.3700000047683716,0.3700000047683716,0.3700000047683716,0.3700000047683716,0
2023-01-20,0.3700000047683716,0.3700000047683716,0.3700000047683716,0.3700000047683716,0.3700000047683716,0
2023-01-26,0.3700000047683716,0.3700000047683716,0.3700000047683716,0.3700000047683716,0.3700000047683716,0
2023-01-27,0.3700000047683716,0.3700000047683716,0.3700000047683716,0.3700000047683716,0.3700000047683716,0
2023-01-30,0.3499999940395355,0.3499999940395355,0.3499999940395355,0.3499999940395355,0.3499999940395355,0
2023-01-31,0.36000001430511475,0.3799999952316284,0.36000001430511475,0.3799999952316284,0.3799999952316284,10000
2023-02-01,0.3799999952316284,0.3799999952316284,0.3799999952316284,0.3799999952316284,0.3799999952316284,0
2023-02-02,0.375,0.375,0.375,0.375,0.375,0
2023-02-03,0.375,0.375,0.375,0.375,0.375,0
2023-02-06,0.375,0.375,0.375,0.375,0.375,0
2023-02-07,0.375,0.375,0.375,0.375,0.375,0
2023-02-08,0.375,0.375,0.375,0.375,0.375,0
2023-02-09,0.375,0.375,0.375,0.375,0.375,0
2023-02-10,0.375,0.375,0.375,0.375,0.375,0
2023-02-13,0.375,0.375,0.375,0.375,0.375,0
2023-02-14,0.3700000047683716,0.3700000047683716,0.3700000047683716,0.3700000047683716,0.3700000047683716,0
2023-02-15,0.3700000047683716,1.2000000476837158,0.3700000047683716,1.0,1.0,53626000
2023-02-16,1.0,1.2999999523162842,0.5699999928474426,0.6299999952316284,0.6299999952316284,43672000
2023-02-17,0.699999988079071,1.1399999856948853,0.6600000262260437,1.1299999952316284,1.1299999952316284,85764000
2023-02-20,1.059999942779541,1.6399999856948853,1.059999942779541,1.4500000476837158,1.4500000476837158,84875800
2023-02-21,1.5199999809265137,1.7000000476837158,1.25,1.2699999809265137,1.2699999809265137,34469776
2023-02-22,1.2200000286102295,1.4700000286102295,1.2000000476837158,1.350000023841858,1.350000023841858,16204000
2023-02-23,1.350000023841858,1.409999966621399,1.2000000476837158,1.25,1.25,9202000
2023-02-24,1.2400000095367432,1.25,1.0199999809265137,1.0299999713897705,1.0299999713897705,7022000
2023-02-27,1.0299999713897705,1.4700000286102295,1.0099999904632568,1.4700000286102295,1.4700000286102295,22801122
2023-02-28,1.5399999618530273,1.6399999856948853,1.3700000047683716,1.4199999570846558,1.4199999570846558,22174000
2023-03-01,1.4199999570846558,1.7000000476837158,1.4199999570846558,1.5700000524520874,1.5700000524520874,22062000
2023-03-02,1.5700000524520874,1.649999976158142,1.5299999713897705,1.5700000524520874,1.5700000524520874,3872000
2023-03-03,1.590000033378601,1.8899999856948853,1.559999942779541,1.850000023841858,1.850000023841858,22870200
2023-03-06,1.8600000143051147,1.9700000286102295,1.7200000286102295,1.7799999713897705,1.7799999713897705,16018000
2023-03-07,1.850000023841858,1.850000023841858,1.440000057220459,1.5199999809265137,1.5199999809265137,15356000
2023-03-08,1.5,1.6699999570846558,1.2799999713897705,1.3200000524520874,1.3200000524520874,21126000
2023-03-09,1.3300000429153442,1.4199999570846558,1.2100000381469727,1.2799999713897705,1.2799999713897705,8118000
2023-03-10,1.2200000286102295,1.2899999618530273,1.1100000143051147,1.2000000476837158,1.2000000476837158,8622000
2023-03-13,1.25,1.399999976158142,1.2200000286102295,1.2599999904632568,1.2599999904632568,9454000
2023-03-14,1.2599999904632568,1.3300000429153442,1.159999966621399,1.190000057220459,1.190000057220459,3906000
2023-03-15,1.2200000286102295,1.4199999570846558,1.2000000476837158,1.350000023841858,1.350000023841858,10136000
2023-03-16,1.2899999618530273,1.3899999856948853,1.2200000286102295,1.25,1.25,5100000
2023-03-17,1.2899999618530273,1.340000033378601,1.2200000286102295,1.2400000095367432,1.2400000095367432,4224000
2023-03-20,1.2400000095367432,1.2400000095367432,1.1399999856948853,1.190000057220459,1.190000057220459,2510000
2023-03-21,1.2100000381469727,1.2200000286102295,1.1299999952316284,1.1399999856948853,1.1399999856948853,2310000
2023-03-22,1.1399999856948853,1.2000000476837158,1.1399999856948853,1.159999966621399,1.159999966621399,1452000
2023-03-23,1.1299999952316284,1.1799999475479126,1.0099999904632568,1.0800000429153442,1.0800000429153442,5438000
2023-03-24,1.0800000429153442,1.0800000429153442,0.8799999952316284,0.9200000166893005,0.9200000166893005,7686000
2023-03-27,0.9100000262260437,0.9399999976158142,0.8700000047683716,0.9100000262260437,0.9100000262260437,2054000
2023-03-28,0.9100000262260437,0.9100000262260437,0.7799999713897705,0.800000011920929,0.800000011920929,6336000
2023-03-29,0.800000011920929,1.059999942779541,0.7599999904632568,0.9900000095367432,0.9900000095367432,14388000
2023-03-30,0.9599999785423279,1.100000023841858,0.9399999976158142,0.9599999785423279,0.9599999785423279,5716000
2023-03-31,0.9599999785423279,0.9900000095367432,0.8899999856948853,0.8899999856948853,0.8899999856948853,1614000
2023-04-03,0.8999999761581421,0.9100000262260437,0.8399999737739563,0.9100000262260437,0.9100000262260437,1566000
2023-04-04,0.8799999952316284,0.8999999761581421,0.8600000143051147,0.8999999761581421,0.8999999761581421,1166000
2023-04-06,0.8799999952316284,0.9200000166893005,0.8600000143051147,0.9200000166893005,0.9200000166893005,248000
2023-04-11,0.9200000166893005,0.9800000190734863,0.800000011920929,0.8899999856948853,0.8899999856948853,2266000
2023-04-12,0.8600000143051147,0.9100000262260437,0.8500000238418579,0.8700000047683716,0.8700000047683716,464000
2023-04-13,0.8500000238418579,0.9300000071525574,0.8199999928474426,0.9100000262260437,0.9100000262260437,1250000
2023-04-14,0.8899999856948853,0.8999999761581421,0.8600000143051147,0.8700000047683716,0.8700000047683716,440000
2023-04-17,0.8500000238418579,0.8600000143051147,0.8500000238418579,0.8600000143051147,0.8600000143051147,876000
2023-04-18,0.8399999737739563,0.8399999737739563,0.8100000023841858,0.8299999833106995,0.8299999833106995,758000
2023-04-19,0.8299999833106995,0.8399999737739563,0.800000011920929,0.800000011920929,0.800000011920929,550000
2023-04-20,0.800000011920929,0.800000011920929,0.7699999809265137,0.7799999713897705,0.7799999713897705,344000
2023-04-21,0.7799999713897705,0.9100000262260437,0.7699999809265137,0.8500000238418579,0.8500000238418579,2658000
2023-04-24,0.8100000023841858,0.8199999928474426,0.7799999713897705,0.7799999713897705,0.7799999713897705,1292000
2023-04-25,0.7799999713897705,0.7799999713897705,0.7200000286102295,0.7200000286102295,0.7200000286102295,950000
2023-04-26,0.699999988079071,0.75,0.699999988079071,0.75,0.75,598000
2023-04-27,0.7300000190734863,0.75,0.7200000286102295,0.75,0.75,102000
2023-04-28,0.7200000286102295,0.7400000095367432,0.7200000286102295,0.7200000286102295,0.7200000286102295,84000
2023-05-02,0.7200000286102295,0.7300000190734863,0.699999988079071,0.7200000286102295,0.7200000286102295,202000
2023-05-03,0.699999988079071,0.7300000190734863,0.6800000071525574,0.7200000286102295,0.7200000286102295,358000
2023-05-04,0.699999988079071,0.7099999785423279,0.6800000071525574,0.6899999976158142,0.6899999976158142,746000
2023-05-05,0.6700000166893005,0.699999988079071,0.6600000262260437,0.6800000071525574,0.6800000071525574,152000
2023-05-08,0.6600000262260437,0.6600000262260437,0.6200000047683716,0.6399999856948853,0.6399999856948853,494000
2023-05-09,0.6899999976158142,0.6899999976158142,0.550000011920929,0.5699999928474426,0.5699999928474426,1464000
2023-05-10,0.550000011920929,0.5899999737739563,0.5199999809265137,0.5600000023841858,0.5600000023841858,1552000
2023-05-11,0.5299999713897705,0.550000011920929,0.4950000047683716,0.5299999713897705,0.5299999713897705,2776000
2023-05-12,0.5299999713897705,0.75,0.5099999904632568,0.7400000095367432,0.7400000095367432,6708000
2023-05-15,0.7400000095367432,0.8500000238418579,0.7099999785423279,0.8500000238418579,0.8500000238418579,12310000
2023-05-16,0.8500000238418579,0.8600000143051147,0.7400000095367432,0.75,0.75,4332000
2023-05-17,0.75,0.75,0.6700000166893005,0.699999988079071,0.699999988079071,1844000
2023-05-18,0.7200000286102295,0.7200000286102295,0.6600000262260437,0.6800000071525574,0.6800000071525574,720000
2023-05-19,0.6800000071525574,0.8100000023841858,0.6600000262260437,0.7900000214576721,0.7900000214576721,3836000
2023-05-22,0.8100000023841858,0.8100000023841858,0.699999988079071,0.7099999785423279,0.7099999785423279,3538000
2023-05-23,0.7400000095367432,0.7400000095367432,0.6800000071525574,0.699999988079071,0.699999988079071,640000
2023-05-24,0.6800000071525574,0.699999988079071,0.6499999761581421,0.6899999976158142,0.6899999976158142,978000
2023-05-25,0.6800000071525574,0.6800000071525574,0.6100000143051147,0.6499999761581421,0.6499999761581421,1532000
2023-05-29,0.6200000047683716,0.6399999856948853,0.5899999737739563,0.6000000238418579,0.6000000238418579,1006000
2023-05-30,0.5899999737739563,0.6299999952316284,0.5799999833106995,0.6200000047683716,0.6200000047683716,1458000
2023-05-31,0.5799999833106995,0.6200000047683716,0.5600000023841858,0.6000000238418579,0.6000000238418579,1012000
2023-06-01,0.5799999833106995,0.6399999856948853,0.5699999928474426,0.6000000238418579,0.6000000238418579,2330000
2023-06-02,0.6100000143051147,0.6299999952316284,0.5600000023841858,0.5699999928474426,0.5699999928474426,6066000
2023-06-05,0.5799999833106995,0.5799999833106995,0.5400000214576721,0.5600000023841858,0.5600000023841858,694000
2023-06-06,0.550000011920929,0.5799999833106995,0.550000011920929,0.5699999928474426,0.5699999928474426,958000
2023-06-07,0.6000000238418579,0.6000000238418579,0.550000011920929,0.5799999833106995,0.5799999833106995,768000
2023-06-08,0.5899999737739563,0.5899999737739563,0.5400000214576721,0.5600000023841858,0.5600000023841858,520000
2023-06-09,0.5600000023841858,0.5799999833106995,0.550000011920929,0.5699999928474426,0.5699999928474426,446000
2023-06-12,0.550000011920929,0.5600000023841858,0.5199999809265137,0.550000011920929,0.550000011920929,602000
2023-06-13,0.5299999713897705,0.5600000023841858,0.4950000047683716,0.4950000047683716,0.4950000047683716,4824000
2023-06-14,0.5,0.5199999809265137,0.4950000047683716,0.5,0.5,1202000
2023-06-15,0.5,0.550000011920929,0.4950000047683716,0.5299999713897705,0.5299999713897705,2898000
2023-06-16,0.5299999713897705,0.5299999713897705,0.5,0.5199999809265137,0.5199999809265137,1478000
2023-06-19,0.5099999904632568,0.5099999904632568,0.4749999940395355,0.4749999940395355,0.4749999940395355,1606000
2023-06-20,0.4699999988079071,0.49000000953674316,0.44999998807907104,0.48500001430511475,0.48500001430511475,1360000
2023-06-21,0.4699999988079071,0.4699999988079071,0.44999998807907104,0.46000000834465027,0.46000000834465027,474000
2023-06-23,0.4399999976158142,0.47999998927116394,0.42500001192092896,0.4699999988079071,0.4699999988079071,998000
2023-06-26,0.44999998807907104,0.45500001311302185,0.4399999976158142,0.45500001311302185,0.45500001311302185,282000
2023-06-27,0.44999998807907104,0.45500001311302185,0.44999998807907104,0.44999998807907104,0.44999998807907104,108000
2023-06-28,0.4399999976158142,0.44999998807907104,0.4399999976158142,0.44999998807907104,0.44999998807907104,150000
2023-06-29,0.4300000071525574,0.44999998807907104,0.41999998688697815,0.4350000023841858,0.4350000023841858,154000
2023-06-30,0.4350000023841858,0.4399999976158142,0.41999998688697815,0.4399999976158142,0.4399999976158142,242000
2023-07-03,0.4300000071525574,0.4449999928474426,0.41999998688697815,0.4399999976158142,0.4399999976158142,544000
2023-07-04,0.4399999976158142,0.4399999976158142,0.4050000011920929,0.41999998688697815,0.41999998688697815,422000
2023-07-05,0.4050000011920929,0.41499999165534973,0.39500001072883606,0.4099999964237213,0.4099999964237213,644000
2023-07-06,0.38999998569488525,0.4000000059604645,0.3700000047683716,0.38499999046325684,0.38499999046325684,1054000
2023-07-07,0.38499999046325684,0.38999998569488525,0.375,0.3799999952316284,0.3799999952316284,216000
2023-07-10,0.38499999046325684,0.38499999046325684,0.36500000953674316,0.3799999952316284,0.3799999952316284,274000
2023-07-11,0.36500000953674316,0.4000000059604645,0.36500000953674316,0.38999998569488525,0.38999998569488525,910000
2023-07-12,0.4000000059604645,0.4749999940395355,0.4000000059604645,0.41499999165534973,0.41499999165534973,5498000
2023-07-13,0.4000000059604645,0.41499999165534973,0.4000000059604645,0.4000000059604645,0.4000000059604645,1318000
2023-07-14,0.4000000059604645,0.4000000059604645,0.38499999046325684,0.38999998569488525,0.38999998569488525,542000
2023-07-18,0.3799999952316284,0.39500001072883606,0.375,0.38999998569488525,0.38999998569488525,534000
2023-07-19,0.3700000047683716,0.4300000071525574,0.3700000047683716,0.41499999165534973,0.41499999165534973,2508000
2023-07-20,0.41999998688697815,0.4350000023841858,0.4050000011920929,0.4099999964237213,0.4099999964237213,1406000
2023-07-21,0.4099999964237213,0.4099999964237213,0.38999998569488525,0.4099999964237213,0.4099999964237213,522000
2023-07-24,0.4050000011920929,0.4050000011920929,0.4050000011920929,0.4050000011920929,0.4050000011920929,0
2023-07-25,0.38999998569488525,0.4099999964237213,0.38999998569488525,0.4000000059604645,0.4000000059604645,206000
2023-07-26,0.38999998569488525,0.4000000059604645,0.38499999046325684,0.39500001072883606,0.39500001072883606,198000
2023-07-27,0.3799999952316284,0.4000000059604645,0.3799999952316284,0.38999998569488525,0.38999998569488525,170000
2023-07-28,0.3700000047683716,0.38999998569488525,0.3700000047683716,0.38499999046325684,0.38499999046325684,1140000
2023-07-31,0.375,0.4000000059604645,0.375,0.3799999952316284,0.3799999952316284,1030000
2023-08-01,0.4000000059604645,0.4000000059604645,0.38499999046325684,0.38499999046325684,0.38499999046325684,204000
2023-08-02,0.3799999952316284,0.3799999952316284,0.33500000834465027,0.3400000035762787,0.3400000035762787,2918000
2023-08-03,0.33000001311302185,0.3449999988079071,0.32499998807907104,0.33000001311302185,0.33000001311302185,750000
2023-08-04,0.32499998807907104,0.32499998807907104,0.3199999928474426,0.32499998807907104,0.32499998807907104,126000
2023-08-07,0.32499998807907104,0.3700000047683716,0.32499998807907104,0.3449999988079071,0.3449999988079071,2054000
2023-08-08,0.3400000035762787,0.3400000035762787,0.33000001311302185,0.3400000035762787,0.3400000035762787,262000
2023-08-09,0.3449999988079071,0.3449999988079071,0.3449999988079071,0.3449999988079071,0.3449999988079071,0
2023-08-10,0.3400000035762787,0.3400000035762787,0.3199999928474426,0.33000001311302185,0.33000001311302185,496000
2023-08-11,0.3199999928474426,0.33000001311302185,0.3149999976158142,0.3199999928474426,0.3199999928474426,228000
2023-08-14,0.30000001192092896,0.3199999928474426,0.30000001192092896,0.3199999928474426,0.3199999928474426,96000
2023-08-15,0.3149999976158142,0.3199999928474426,0.3100000023841858,0.3199999928474426,0.3199999928474426,272000
2023-08-16,0.30000001192092896,0.3100000023841858,0.29499998688697815,0.29499998688697815,0.29499998688697815,390000
2023-08-17,0.29499998688697815,0.3149999976158142,0.28999999165534973,0.29499998688697815,0.29499998688697815,696000
2023-08-18,0.2849999964237213,0.28999999165534973,0.2849999964237213,0.28999999165534973,0.28999999165534973,60000
2023-08-21,0.2750000059604645,0.2849999964237213,0.27000001072883606,0.2800000011920929,0.2800000011920929,522000
2023-08-22,0.2800000011920929,0.2800000011920929,0.25999999046325684,0.26499998569488525,0.26499998569488525,1428000
2023-08-23,0.26499998569488525,0.27000001072883606,0.2460000067949295,0.2549999952316284,0.2549999952316284,818000
2023-08-24,0.25,0.28999999165534973,0.24899999797344208,0.25999999046325684,0.25999999046325684,3568000
2023-08-25,0.26499998569488525,0.26499998569488525,0.2460000067949295,0.2549999952316284,0.2549999952316284,726000
2023-08-28,0.2549999952316284,0.3149999976158142,0.25,0.2750000059604645,0.2750000059604645,1790000
2023-08-29,0.25999999046325684,0.25999999046325684,0.23899999260902405,0.2409999966621399,0.2409999966621399,6152000
2023-08-30,0.24300000071525574,0.24699999392032623,0.23199999332427979,0.2329999953508377,0.2329999953508377,4064000
2023-08-31,0.2280000001192093,0.23399999737739563,0.2160000056028366,0.23100000619888306,0.23100000619888306,1456000
2023-09-04,0.23100000619888306,0.24300000071525574,0.22599999606609344,0.23199999332427979,0.23199999332427979,910000
2023-09-05,0.23000000417232513,0.28999999165534973,0.22699999809265137,0.2800000011920929,0.2800000011920929,12768000
2023-09-06,0.2800000011920929,0.41999998688697815,0.2800000011920929,0.33500000834465027,0.33500000834465027,43138000
2023-09-07,0.33500000834465027,0.35499998927116394,0.30000001192092896,0.3199999928474426,0.3199999928474426,6484000
2023-09-11,0.3400000035762787,0.3400000035762787,0.28999999165534973,0.30000001192092896,0.30000001192092896,3112000
2023-09-12,0.30000001192092896,0.36000001430511475,0.2849999964237213,0.3050000071525574,0.3050000071525574,7384000
2023-09-13,0.3100000023841858,0.33000001311302185,0.3050000071525574,0.3050000071525574,0.3050000071525574,3566000
2023-09-14,0.3050000071525574,0.3100000023841858,0.28999999165534973,0.28999999165534973,0.28999999165534973,1628000
2023-09-15,0.30000001192092896,0.36000001430511475,0.30000001192092896,0.3100000023841858,0.3100000023841858,11320000
2023-09-18,0.3050000071525574,0.3149999976158142,0.29499998688697815,0.3050000071525574,0.3050000071525574,620000
2023-09-19,0.29499998688697815,0.30000001192092896,0.27000001072883606,0.30000001192092896,0.30000001192092896,2190000
2023-09-20,0.2849999964237213,0.30000001192092896,0.2750000059604645,0.2800000011920929,0.2800000011920929,854000
2023-09-21,0.27000001072883606,0.2800000011920929,0.2549999952316284,0.2549999952316284,0.2549999952316284,1080000
2023-09-22,0.25,0.2549999952316284,0.24500000476837158,0.2460000067949295,0.2460000067949295,1562000
2023-09-25,0.23399999737739563,0.2549999952316284,0.22599999606609344,0.2549999952316284,0.2549999952316284,1108000
2023-09-26,0.24799999594688416,0.2849999964237213,0.24500000476837158,0.25999999046325684,0.25999999046325684,1826000
2023-09-27,0.25999999046325684,0.26499998569488525,0.2549999952316284,0.26499998569488525,0.26499998569488525,520000
2023-09-28,0.25,0.2549999952316284,0.25,0.24899999797344208,0.24899999797344208,210000
2023-09-29,0.23999999463558197,0.24300000071525574,0.2329999953508377,0.23999999463558197,0.23999999463558197,126000
2023-10-03,0.23100000619888306,0.23800000548362732,0.23100000619888306,0.23100000619888306,0.23100000619888306,172000
2023-10-04,0.2199999988079071,0.23000000417232513,0.2199999988079071,0.2290000021457672,0.2290000021457672,534000
2023-10-05,0.22200000286102295,0.2849999964237213,0.22200000286102295,0.27000001072883606,0.27000001072883606,1474000
2023-10-06,0.25,0.2849999964237213,0.25,0.2750000059604645,0.2750000059604645,946000
2023-10-09,0.25999999046325684,0.2750000059604645,0.25999999046325684,0.2750000059604645,0.2750000059604645,72000
2023-10-10,0.25,0.25999999046325684,0.25,0.2549999952316284,0.2549999952316284,598000
2023-10-11,0.2549999952316284,0.2549999952316284,0.24500000476837158,0.24899999797344208,0.24899999797344208,226000
2023-10-12,0.24899999797344208,0.25,0.2329999953508377,0.23800000548362732,0.23800000548362732,1196000
2023-10-13,0.23000000417232513,0.23000000417232513,0.23000000417232513,0.23000000417232513,0.23000000417232513,18000
2023-10-16,0.23499999940395355,0.24199999868869781,0.22499999403953552,0.22699999809265137,0.22699999809265137,332000
2023-10-17,0.23000000417232513,0.2329999953508377,0.2240000069141388,0.23000000417232513,0.23000000417232513,324000
2023-10-18,0.2199999988079071,0.2370000034570694,0.2199999988079071,0.23000000417232513,0.23000000417232513,444000
2023-10-19,0.2280000001192093,0.23100000619888306,0.22499999403953552,0.23999999463558197,0.23999999463558197,350000
2023-10-20,0.23000000417232513,0.23000000417232513,0.23000000417232513,0.23000000417232513,0.23000000417232513,0
2023-10-24,0.2409999966621399,0.2409999966621399,0.2409999966621399,0.2409999966621399,0.2409999966621399,0
2023-10-25,0.24799999594688416,0.24799999594688416,0.22100000083446503,0.24300000071525574,0.24300000071525574,610000
2023-10-26,0.22599999606609344,0.24799999594688416,0.22599999606609344,0.2409999966621399,0.2409999966621399,752000
2023-10-27,0.23800000548362732,0.23999999463558197,0.23800000548362732,0.23999999463558197,0.23999999463558197,102000
2023-10-30,0.23600000143051147,0.23600000143051147,0.23199999332427979,0.2329999953508377,0.2329999953508377,324000
2023-10-31,0.23000000417232513,0.23899999260902405,0.23000000417232513,0.23899999260902405,0.23899999260902405,32000
2023-11-01,0.23800000548362732,0.23800000548362732,0.23800000548362732,0.23800000548362732,0.23800000548362732,0
2023-11-02,0.22100000083446503,0.23600000143051147,0.2199999988079071,0.23499999940395355,0.23499999940395355,418000
2023-11-03,0.22599999606609344,0.22599999606609344,0.2199999988079071,0.2199999988079071,0.2199999988079071,1082000
2023-11-06,0.2199999988079071,0.22699999809265137,0.20499999821186066,0.22699999809265137,0.22699999809265137,350000
2023-11-07,0.2199999988079071,0.2199999988079071,0.2199999988079071,0.2199999988079071,0.2199999988079071,0
2023-11-08,0.2199999988079071,0.2199999988079071,0.2199999988079071,0.2199999988079071,0.2199999988079071,0
2023-11-09,0.2199999988079071,0.2199999988079071,0.2199999988079071,0.2199999988079071,0.2199999988079071,0
2023-11-10,0.20200000703334808,0.21400000154972076,0.20100000500679016,0.20999999344348907,0.20999999344348907,176000
2023-11-13,0.2329999953508377,0.2329999953508377,0.2029999941587448,0.21699999272823334,0.21699999272823334,108000
2023-11-14,0.20600000023841858,0.22499999403953552,0.20600000023841858,0.22499999403953552,0.22499999403953552,558000
2023-11-15,0.22499999403953552,0.22499999403953552,0.22499999403953552,0.22499999403953552,0.22499999403953552,2000
2023-11-16,0.22499999403953552,0.22499999403953552,0.20499999821186066,0.22499999403953552,0.22499999403953552,292000
2023-11-17,0.20999999344348907,0.20999999344348907,0.20999999344348907,0.20999999344348907,0.20999999344348907,0
2023-11-20,0.2199999988079071,0.22100000083446503,0.2199999988079071,0.2199999988079071,0.2199999988079071,36000
2023-11-21,0.20999999344348907,0.210999995470047,0.20600000023841858,0.210999995470047,0.210999995470047,116000
2023-11-22,0.20999999344348907,0.20999999344348907,0.20999999344348907,0.20999999344348907,0.20999999344348907,0
2023-11-23,0.20999999344348907,0.2199999988079071,0.20999999344348907,0.2199999988079071,0.2199999988079071,354000
2023-11-24,0.2199999988079071,0.2199999988079071,0.2199999988079071,0.2199999988079071,0.2199999988079071,0
2023-11-27,0.2199999988079071,0.2370000034570694,0.2199999988079071,0.2199999988079071,0.2199999988079071,90000
2023-11-28,0.2280000001192093,0.2280000001192093,0.2280000001192093,0.2280000001192093,0.2280000001192093,100000
2023-11-29,0.20200000703334808,0.22499999403953552,0.20200000703334808,0.2240000069141388,0.2240000069141388,32000
2023-11-30,0.2240000069141388,0.2240000069141388,0.20800000429153442,0.22100000083446503,0.22100000083446503,160000
2023-12-01,0.2029999941587448,0.2290000021457672,0.2029999941587448,0.21799999475479126,0.21799999475479126,100000
2023-12-04,0.20600000023841858,0.2199999988079071,0.20499999821186066,0.2199999988079071,0.2199999988079071,32000
2023-12-05,0.2029999941587448,0.20900000631809235,0.2029999941587448,0.21199999749660492,0.21199999749660492,340000
2023-12-06,0.20999999344348907,0.21299999952316284,0.20999999344348907,0.21199999749660492,0.21199999749660492,26000
2023-12-07,0.20499999821186066,0.21199999749660492,0.20499999821186066,0.20999999344348907,0.20999999344348907,54000
2023-12-08,0.2029999941587448,0.2199999988079071,0.20000000298023224,0.2160000056028366,0.2160000056028366,170000
2023-12-11,0.2160000056028366,0.2160000056028366,0.2160000056028366,0.2160000056028366,0.2160000056028366,0
2023-12-12,0.2160000056028366,0.2160000056028366,0.2160000056028366,0.2160000056028366,0.2160000056028366,0
2023-12-13,0.19099999964237213,0.20399999618530273,0.19099999964237213,0.19499999284744263,0.19499999284744263,442000
2023-12-14,0.19599999487400055,0.20000000298023224,0.1899999976158142,0.20000000298023224,0.20000000298023224,90000
2023-12-15,0.20000000298023224,0.20000000298023224,0.19900000095367432,0.20000000298023224,0.20000000298023224,84000
2023-12-18,0.20000000298023224,0.2070000022649765,0.20000000298023224,0.20499999821186066,0.20499999821186066,60000
2023-12-19,0.20999999344348907,0.20999999344348907,0.19900000095367432,0.19900000095367432,0.19900000095367432,142000
2023-12-20,0.19900000095367432,0.20900000631809235,0.19900000095367432,0.20900000631809235,0.20900000631809235,284000
2023-12-21,0.20999999344348907,0.20999999344348907,0.19900000095367432,0.20000000298023224,0.20000000298023224,28000
2023-12-22,0.2029999941587448,0.20999999344348907,0.2029999941587448,0.2029999941587448,0.2029999941587448,340000
2023-12-27,0.18199999630451202,0.20200000703334808,0.18199999630451202,0.1979999989271164,0.1979999989271164,136000
2023-12-28,0.19900000095367432,0.20600000023841858,0.19900000095367432,0.2029999941587448,0.2029999941587448,504000
2023-12-29,0.2029999941587448,0.2029999941587448,0.20000000298023224,0.2029999941587448,0.2029999941587448,60000
2024-01-02,0.20600000023841858,0.20600000023841858,0.19200000166893005,0.19200000166893005,0.19200000166893005,54000
2024-01-03,0.19200000166893005,0.19200000166893005,0.19200000166893005,0.19200000166893005,0.19200000166893005,0
2024-01-04,0.21199999749660492,0.24899999797344208,0.20999999344348907,0.23399999737739563,0.23399999737739563,2121000
2024-01-05,0.22200000286102295,0.23999999463558197,0.22200000286102295,0.2370000034570694,0.2370000034570694,186000
2024-01-08,0.22100000083446503,0.23600000143051147,0.22100000083446503,0.23000000417232513,0.23000000417232513,376000
2024-01-09,0.2280000001192093,0.2280000001192093,0.2280000001192093,0.2280000001192093,0.2280000001192093,0
2024-01-10,0.23899999260902405,0.23999999463558197,0.23800000548362732,0.23600000143051147,0.23600000143051147,200000
2024-01-11,0.23499999940395355,0.23499999940395355,0.23499999940395355,0.23499999940395355,0.23499999940395355,10000
2024-01-12,0.20499999821186066,0.2199999988079071,0.20499999821186066,0.20999999344348907,0.20999999344348907,476000
2024-01-15,0.20800000429153442,0.20800000429153442,0.20000000298023224,0.20499999821186066,0.20499999821186066,52000
2024-01-16,0.20499999821186066,0.20499999821186066,0.20000000298023224,0.20000000298023224,0.20000000298023224,38000
2024-01-17,0.19599999487400055,0.21899999678134918,0.1979999989271164,0.20000000298023224,0.20000000298023224,170000
2024-01-18,0.20000000298023224,0.20000000298023224,0.20000000298023224,0.20000000298023224,0.20000000298023224,20000
2024-01-19,0.20000000298023224,0.20000000298023224,0.20000000298023224,0.20000000298023224,0.20000000298023224,0
2024-01-22,0.20000000298023224,0.20000000298023224,0.20000000298023224,0.20000000298023224,0.20000000298023224,2000
2024-01-23,0.20499999821186066,0.20499999821186066,0.20499999821186066,0.20499999821186066,0.20499999821186066,12000
2024-01-24,0.1850000023841858,0.20000000298023224,0.1850000023841858,0.20000000298023224,0.20000000298023224,120000
2024-01-25,0.20000000298023224,0.20000000298023224,0.20000000298023224,0.20000000298023224,0.20000000298023224,0
2024-01-26,0.1850000023841858,0.19499999284744263,0.1850000023841858,0.1860000044107437,0.1860000044107437,458000
2024-01-29,0.17599999904632568,0.18400000035762787,0.17599999904632568,0.18400000035762787,0.18400000035762787,62000
2024-01-30,0.1889999955892563,0.20999999344348907,0.1889999955892563,0.20000000298023224,0.20000000298023224,308000
2024-01-31,0.1720000058412552,0.19699999690055847,0.1720000058412552,0.19699999690055847,0.19699999690055847,48000
2024-02-01,0.17900000512599945,0.19499999284744263,0.17499999701976776,0.19499999284744263,0.19499999284744263,624000
2024-02-02,0.19499999284744263,0.19499999284744263,0.19499999284744263,0.19499999284744263,0.19499999284744263,0
2024-02-05,0.19499999284744263,0.19499999284744263,0.19499999284744263,0.19499999284744263,0.19499999284744263,0
2024-02-06,0.20000000298023224,0.20499999821186066,0.19499999284744263,0.19499999284744263,0.19499999284744263,76000
2024-02-07,0.19599999487400055,0.19599999487400055,0.17599999904632568,0.18700000643730164,0.18700000643730164,188000
2024-02-08,0.19499999284744263,0.19499999284744263,0.19499999284744263,0.19499999284744263,0.19499999284744263,0
2024-02-09,0.19499999284744263,0.19499999284744263,0.19499999284744263,0.19499999284744263,0.19499999284744263,0
2024-02-14,0.2029999941587448,0.2029999941587448,0.2029999941587448,0.2029999941587448,0.2029999941587448,0
2024-02-15,0.20200000703334808,0.20200000703334808,0.20200000703334808,0.20200000703334808,0.20200000703334808,0
2024-02-16,0.18199999630451202,0.20499999821186066,0.18199999630451202,0.20499999821186066,0.20499999821186066,608000
2024-02-19,0.20000000298023224,0.20499999821186066,0.19499999284744263,0.20000000298023224,0.20000000298023224,1246000
2024-02-20,0.20000000298023224,0.20000000298023224,0.20000000298023224,0.20000000298023224,0.20000000298023224,4000
2024-02-21,0.20000000298023224,0.20200000703334808,0.20000000298023224,0.20000000298023224,0.20000000298023224,28000
2024-02-22,0.20000000298023224,0.20000000298023224,0.20000000298023224,0.20000000298023224,0.20000000298023224,0
2024-02-23,0.20499999821186066,0.20499999821186066,0.20499999821186066,0.20499999821186066,0.20499999821186066,0
2024-02-26,0.1889999955892563,0.1899999976158142,0.18700000643730164,0.1899999976158142,0.1899999976158142,266000
2024-02-27,0.19499999284744263,0.20100000500679016,0.19499999284744263,0.20100000500679016,0.20100000500679016,600000
2024-02-28,0.20100000500679016,0.20100000500679016,0.20100000500679016,0.20100000500679016,0.20100000500679016,0
2024-02-29,0.20399999618530273,0.21899999678134918,0.20000000298023224,0.21799999475479126,0.21799999475479126,304000
2024-03-01,0.23100000619888306,0.23100000619888306,0.22300000488758087,0.2329999953508377,0.2329999953508377,222000
2024-03-04,0.2370000034570694,0.2370000034570694,0.23600000143051147,0.23600000143051147,0.23600000143051147,300000
2024-03-05,0.23499999940395355,0.23499999940395355,0.2029999941587448,0.20900000631809235,0.20900000631809235,458000
2024-03-06,0.20800000429153442,0.21899999678134918,0.20800000429153442,0.20999999344348907,0.20999999344348907,82000
2024-03-07,0.2199999988079071,0.2329999953508377,0.2199999988079071,0.2199999988079071,0.2199999988079071,18000
2024-03-08,0.20800000429153442,0.20800000429153442,0.20800000429153442,0.20800000429153442,0.20800000429153442,2000
2024-03-11,0.21400000154972076,0.2150000035762787,0.20800000429153442,0.20800000429153442,0.20800000429153442,12000
2024-03-12,0.21899999678134918,0.21899999678134918,0.21899999678134918,0.21899999678134918,0.21899999678134918,0
2024-03-13,0.19300000369548798,0.2199999988079071,0.19300000369548798,0.21899999678134918,0.21899999678134918,62000
2024-03-14,0.21799999475479126,0.21799999475479126,0.21799999475479126,0.21799999475479126,0.21799999475479126,0
2024-03-15,0.21699999272823334,0.21699999272823334,0.21699999272823334,0.21699999272823334,0.21699999272823334,0
2024-03-18,0.21799999475479126,0.23800000548362732,0.21799999475479126,0.2370000034570694,0.2370000034570694,10000
2024-03-19,0.23600000143051147,0.23600000143051147,0.23600000143051147,0.23600000143051147,0.23600000143051147,0
2024-03-20,0.24799999594688416,0.2750000059604645,0.24799999594688416,0.25,0.25,1243000
2024-03-21,0.27000001072883606,0.27000001072883606,0.2370000034570694,0.23999999463558197,0.23999999463558197,290000
2024-03-22,0.22300000488758087,0.23399999737739563,0.2160000056028366,0.23000000417232513,0.23000000417232513,260000
2024-03-25,0.24400000274181366,0.24400000274181366,0.21400000154972076,0.23899999260902405,0.23899999260902405,264000
2024-03-26,0.23899999260902405,0.23899999260902405,0.23899999260902405,0.23899999260902405,0.23899999260902405,0
2024-03-27,0.23899999260902405,0.23899999260902405,0.23899999260902405,0.23899999260902405,0.23899999260902405,0
2024-03-28,0.20499999821186066,0.20600000023841858,0.20499999821186066,0.20600000023841858,0.20600000023841858,14000
2024-04-02,0.2070000022649765,0.2070000022649765,0.19900000095367432,0.19900000095367432,0.19900000095367432,288000
2024-04-03,0.19900000095367432,0.20999999344348907,0.18299999833106995,0.19599999487400055,0.19599999487400055,308000
2024-04-05,0.20100000500679016,0.20499999821186066,0.19599999487400055,0.20499999821186066,0.20499999821186066,120000
2024-04-08,0.1899999976158142,0.20000000298023224,0.1850000023841858,0.19200000166893005,0.19200000166893005,118000
2024-04-09,0.18299999833106995,0.20200000703334808,0.17900000512599945,0.20200000703334808,0.20200000703334808,218000
2024-04-10,0.20200000703334808,0.20200000703334808,0.20200000703334808,0.20999999344348907,0.20999999344348907,6000
2024-04-11,0.20999999344348907,0.20999999344348907,0.20999999344348907,0.20999999344348907,0.20999999344348907,0
2024-04-12,0.20999999344348907,0.20999999344348907,0.20999999344348907,0.20999999344348907,0.20999999344348907,0
2024-04-15,0.20999999344348907,0.20999999344348907,0.20999999344348907,0.20999999344348907,0.20999999344348907,0
2024-04-16,0.1850000023841858,0.1940000057220459,0.18000000715255737,0.18799999356269836,0.18799999356269836,326000
2024-04-17,0.18000000715255737,0.19499999284744263,0.18000000715255737,0.19499999284744263,0.19499999284744263,194000
2024-04-18,0.19499999284744263,0.19499999284744263,0.19499999284744263,0.19499999284744263,0.19499999284744263,0
2024-04-19,0.19499999284744263,0.20000000298023224,0.1940000057220459,0.20000000298023224,0.20000000298023224,126000
2024-04-22,0.19900000095367432,0.20000000298023224,0.19900000095367432,0.20000000298023224,0.20000000298023224,28000
2024-04-23,0.20100000500679016,0.20900000631809235,0.19200000166893005,0.20900000631809235,0.20900000631809235,130000
2024-04-24,0.20999999344348907,0.20999999344348907,0.20900000631809235,0.2150000035762787,0.2150000035762787,466000
2024-04-25,0.2199999988079071,0.2199999988079071,0.21799999475479126,0.21799999475479126,0.21799999475479126,122000
2024-04-26,0.1940000057220459,0.2199999988079071,0.1940000057220459,0.210999995470047,0.210999995470047,110000
2024-04-29,0.20600000023841858,0.20600000023841858,0.20600000023841858,0.20600000023841858,0.20600000023841858,0
2024-04-30,0.20600000023841858,0.2150000035762787,0.20600000023841858,0.21299999952316284,0.21299999952316284,32000
2024-05-02,0.21299999952316284,0.21299999952316284,0.21299999952316284,0.21299999952316284,0.21299999952316284,0
2024-05-03,0.210999995470047,0.2199999988079071,0.210999995470047,0.2199999988079071,0.2199999988079071,426000
2024-05-06,0.2199999988079071,0.2199999988079071,0.2199999988079071,0.2199999988079071,0.2199999988079071,8000
2024-05-07,0.23499999940395355,0.23999999463558197,0.21899999678134918,0.21899999678134918,0.21899999678134918,830000
2024-05-08,0.20000000298023224,0.2370000034570694,0.20000000298023224,0.22200000286102295,0.22200000286102295,202000
2024-05-09,0.22200000286102295,0.23899999260902405,0.22200000286102295,0.23800000548362732,0.23800000548362732,58000
2024-05-10,0.23899999260902405,0.23999999463558197,0.20600000023841858,0.2160000056028366,0.2160000056028366,160000
2024-05-13,0.2160000056028366,0.23999999463558197,0.2160000056028366,0.23999999463558197,0.23999999463558197,74000
2024-05-14,0.23999999463558197,0.24199999868869781,0.21299999952316284,0.2199999988079071,0.2199999988079071,116000
2024-05-16,0.2329999953508377,0.2329999953508377,0.2329999953508377,0.23199999332427979,0.23199999332427979,2000
2024-05-17,0.23199999332427979,0.23199999332427979,0.23199999332427979,0.23199999332427979,0.23199999332427979,0
2024-05-20,0.23100000619888306,0.23100000619888306,0.23100000619888306,0.23100000619888306,0.23100000619888306,0
2024-05-21,0.23100000619888306,0.26499998569488525,0.23100000619888306,0.25999999046325684,0.25999999046325684,138000
2024-05-22,0.24400000274181366,0.25,0.23800000548362732,0.25,0.25,438000
2024-05-23,0.24899999797344208,0.24899999797344208,0.24899999797344208,0.24899999797344208,0.24899999797344208,0
2024-05-24,0.25999999046325684,0.25999999046325684,0.2549999952316284,0.2549999952316284,0.2549999952316284,22000
2024-05-27,0.25,0.25,0.25,0.25,0.25,0
2024-05-28,0.25,0.25,0.25,0.25,0.25,0
2024-05-29,0.24500000476837158,0.24500000476837158,0.24500000476837158,0.24500000476837158,0.24500000476837158,0
2024-05-30,0.24500000476837158,0.24500000476837158,0.24500000476837158,0.24500000476837158,0.24500000476837158,0
2024-05-31,0.24500000476837158,0.24500000476837158,0.24500000476837158,0.24500000476837158,0.24500000476837158,0
2024-06-03,0.21400000154972076,0.24500000476837158,0.21400000154972076,0.24400000274181366,0.24400000274181366,42000
2024-06-04,0.24400000274181366,0.24400000274181366,0.24400000274181366,0.24400000274181366,0.24400000274181366,0
2024-06-05,0.21799999475479126,0.24199999868869781,0.21799999475479126,0.24199999868869781,0.24199999868869781,4000
2024-06-06,0.23999999463558197,0.23999999463558197,0.23999999463558197,0.23999999463558197,0.23999999463558197,0
2024-06-07,0.23999999463558197,0.23999999463558197,0.2150000035762787,0.2280000001192093,0.2280000001192093,60000
2024-06-11,0.25999999046325684,0.25999999046325684,0.25999999046325684,0.2549999952316284,0.2549999952316284,2000
2024-06-12,0.25,0.25999999046325684,0.24899999797344208,0.24899999797344208,0.24899999797344208,78000
2024-06-13,0.24899999797344208,0.24899999797344208,0.24899999797344208,0.24899999797344208,0.24899999797344208,0
2024-06-14,0.24899999797344208,0.23000000417232513,0.23000000417232513,0.23999999463558197,0.23999999463558197,170000
2024-06-17,0.24199999868869781,0.24199999868869781,0.24199999868869781,0.24199999868869781,0.24199999868869781,0
2024-06-18,0.23000000417232513,0.24500000476837158,0.23000000417232513,0.24400000274181366,0.24400000274181366,170000
2024-06-19,0.23000000417232513,0.23999999463558197,0.23000000417232513,0.23999999463558197,0.23999999463558197,42000
2024-06-20,0.23999999463558197,0.23999999463558197,0.23999999463558197,0.23999999463558197,0.23999999463558197,0
2024-06-21,0.23999999463558197,0.23999999463558197,0.23999999463558197,0.23999999463558197,0.23999999463558197,0
2024-06-24,0.26499998569488525,0.26499998569488525,0.23000000417232513,0.23999999463558197,0.23999999463558197,86000
2024-06-25,0.23499999940395355,0.23499999940395355,0.23499999940395355,0.23499999940395355,0.23499999940395355,0
2024-06-26,0.23499999940395355,0.23499999940395355,0.23499999940395355,0.23499999940395355,0.23499999940395355,0
2024-06-27,0.23499999940395355,0.23499999940395355,0.23499999940395355,0.23499999940395355,0.23499999940395355,0
2024-06-28,0.23199999332427979,0.23199999332427979,0.23199999332427979,0.23199999332427979,0.23199999332427979,0
2024-07-02,0.23399999737739563,0.24899999797344208,0.23399999737739563,0.24899999797344208,0.24899999797344208,276000
2024-07-03,0.23000000417232513,0.25,0.23000000417232513,0.25,0.25,252000
2024-07-04,0.24799999594688416,0.24799999594688416,0.24799999594688416,0.24799999594688416,0.24799999594688416,0
2024-07-08,0.24899999797344208,0.24899999797344208,0.24899999797344208,0.24899999797344208,0.24899999797344208,0
2024-07-09,0.24199999868869781,0.25999999046325684,0.24199999868869781,0.25999999046325684,0.25999999046325684,126000
2024-07-10,0.25999999046325684,0.25999999046325684,0.25999999046325684,0.25999999046325684,0.25999999046325684,0
2024-07-11,0.23999999463558197,0.23999999463558197,0.23999999463558197,0.23999999463558197,0.23999999463558197,0
2024-07-12,0.22100000083446503,0.25,0.22100000083446503,0.24500000476837158,0.24500000476837158,50000
2024-07-15,0.23600000143051147,0.24500000476837158,0.23499999940395355,0.24500000476837158,0.24500000476837158,228000
2024-07-16,0.24500000476837158,0.24500000476837158,0.24500000476837158,0.24500000476837158,0.24500000476837158,0
2024-07-17,0.23499999940395355,0.23499999940395355,0.23499999940395355,0.23499999940395355,0.23499999940395355,12000
2024-07-18,0.22300000488758087,0.23499999940395355,0.21899999678134918,0.23499999940395355,0.23499999940395355,146000
2024-07-19,0.23499999940395355,0.23499999940395355,0.23499999940395355,0.23499999940395355,0.23499999940395355,0
2024-07-22,0.23499999940395355,0.23499999940395355,0.23499999940395355,0.23499999940395355,0.23499999940395355,0
2024-07-23,0.23499999940395355,0.24400000274181366,0.23499999940395355,0.24500000476837158,0.24500000476837158,74000
2024-07-24,0.24500000476837158,0.24500000476837158,0.22300000488758087,0.24400000274181366,0.24400000274181366,14000
2024-07-25,0.22100000083446503,0.23499999940395355,0.22100000083446503,0.23499999940395355,0.23499999940395355,266000
2024-07-26,0.25,0.25,0.25,0.25,0.25,50000
2024-07-29,0.22300000488758087,0.22300000488758087,0.22100000083446503,0.22200000286102295,0.22200000286102295,132000
2024-07-30,0.23800000548362732,0.23800000548362732,0.21400000154972076,0.2280000001192093,0.2280000001192093,84000
2024-07-31,0.24899999797344208,0.24899999797344208,0.24799999594688416,0.24500000476837158,0.24500000476837158,16000
2024-08-01,0.25999999046325684,0.25999999046325684,0.21299999952316284,0.23499999940395355,0.23499999940395355,114000
2024-08-02,0.22100000083446503,0.2329999953508377,0.22100000083446503,0.2329999953508377,0.2329999953508377,64000
2024-08-05,0.23499999940395355,0.22699999809265137,0.2160000056028366,0.2160000056028366,0.2160000056028366,114000
2024-08-06,0.2280000001192093,0.23000000417232513,0.23000000417232513,0.23000000417232513,0.23000000417232513,12000
2024-08-07,0.23000000417232513,0.23000000417232513,0.23000000417232513,0.23000000417232513,0.23000000417232513,0
2024-08-08,0.23000000417232513,0.23000000417232513,0.23000000417232513,0.23000000417232513,0.23000000417232513,0
2024-08-09,0.20999999344348907,0.2199999988079071,0.20999999344348907,0.2199999988079071,0.2199999988079071,10000
2024-08-12,0.2290000021457672,0.2290000021457672,0.2290000021457672,0.2290000021457672,0.2290000021457672,0
2024-08-13,0.21400000154972076,0.23800000548362732,0.21400000154972076,0.23600000143051147,0.23600000143051147,22000
2024-08-14,0.23600000143051147,0.23600000143051147,0.23600000143051147,0.23600000143051147,0.23600000143051147,0
2024-08-15,0.21699999272823334,0.2199999988079071,0.21699999272823334,0.2199999988079071,0.2199999988079071,82000
2024-08-16,0.2280000001192093,0.2280000001192093,0.2280000001192093,0.2280000001192093,0.2280000001192093,0
2024-08-19,0.20999999344348907,0.20999999344348907,0.20900000631809235,0.20900000631809235,0.20900000631809235,78000
2024-08-20,0.20900000631809235,0.20900000631809235,0.20900000631809235,0.20900000631809235,0.20900000631809235,0
2024-08-21,0.20900000631809235,0.20900000631809235,0.20900000631809235,0.20900000631809235,0.20900000631809235,0
2024-08-22,0.20900000631809235,0.20900000631809235,0.20900000631809235,0.20900000631809235,0.20900000631809235,0
2024-08-23,0.20600000023841858,0.20999999344348907,0.20900000631809235,0.20999999344348907,0.20999999344348907,106000
2024-08-26,0.20000000298023224,0.20000000298023224,0.20000000298023224,0.20800000429153442,0.20800000429153442,10000
2024-08-27,0.20999999344348907,0.20999999344348907,0.20999999344348907,0.20999999344348907,0.20999999344348907,100000
2024-08-28,0.20900000631809235,0.20900000631809235,0.20900000631809235,0.20900000631809235,0.20900000631809235,0
2024-08-29,0.19099999964237213,0.20800000429153442,0.19099999964237213,0.20000000298023224,0.20000000298023224,30000
2024-08-30,0.20000000298023224,0.20000000298023224,0.20000000298023224,0.20000000298023224,0.20000000298023224,0
2024-09-02,0.1809999942779541,0.1979999989271164,0.1809999942779541,0.1979999989271164,0.1979999989271164,142000
2024-09-03,0.1979999989271164,0.1979999989271164,0.17299999296665192,0.19099999964237213,0.19099999964237213,82000
2024-09-04,0.19099999964237213,0.19099999964237213,0.19099999964237213,0.19099999964237213,0.19099999964237213,0
2024-09-05,0.19099999964237213,0.19099999964237213,0.19099999964237213,0.19099999964237213,0.19099999964237213,0
2024-09-09,0.18299999833106995,0.19099999964237213,0.18299999833106995,0.1899999976158142,0.1899999976158142,16000
2024-09-10,0.17800000309944153,0.19599999487400055,0.17800000309944153,0.19499999284744263,0.19499999284744263,20000
2024-09-11,0.19499999284744263,0.19499999284744263,0.19499999284744263,0.19499999284744263,0.19499999284744263,0
2024-09-12,0.19499999284744263,0.19499999284744263,0.19499999284744263,0.19499999284744263,0.19499999284744263,0
2024-09-13,0.19499999284744263,0.19499999284744263,0.19499999284744263,0.19499999284744263,0.19499999284744263,0
2024-09-16,0.1899999976158142,0.19499999284744263,0.1899999976158142,0.19499999284744263,0.19499999284744263,300000
2024-09-17,0.20000000298023224,0.20000000298023224,0.20000000298023224,0.19499999284744263,0.19499999284744263,6000
2024-09-19,0.19499999284744263,0.19499999284744263,0.19499999284744263,0.19499999284744263,0.19499999284744263,0
2024-09-20,0.20000000298023224,0.20200000703334808,0.1770000010728836,0.20000000298023224,0.20000000298023224,106000
2024-09-23,0.20000000298023224,0.20000000298023224,0.20000000298023224,0.20000000298023224,0.20000000298023224,12000
2024-09-24,0.20000000298023224,0.20000000298023224,0.20000000298023224,0.20000000298023224,0.20000000298023224,0
2024-09-25,0.20000000298023224,0.20000000298023224,0.20000000298023224,0.20000000298023224,0.20000000298023224,0
2024-09-26,0.20000000298023224,0.20000000298023224,0.20000000298023224,0.20000000298023224,0.20000000298023224,0
2024-09-27,0.20000000298023224,0.20000000298023224,0.20000000298023224,0.20000000298023224,0.20000000298023224,0
2024-09-30,0.20000000298023224,0.20800000429153442,0.20000000298023224,0.20800000429153442,0.20800000429153442,256000
2024-10-02,0.1809999942779541,0.20800000429153442,0.1809999942779541,0.20800000429153442,0.20800000429153442,1020000
2024-10-03,0.2280000001192093,0.2280000001192093,0.2280000001192093,0.2280000001192093,0.2280000001192093,0
2024-10-04,0.1860000044107437,0.3400000035762787,0.1860000044107437,0.3050000071525574,0.3050000071525574,5698000
2024-10-07,0.3050000071525574,0.3149999976158142,0.27000001072883606,0.30000001192092896,0.30000001192092896,912000
2024-10-08,0.2800000011920929,0.2800000011920929,0.25999999046325684,0.2800000011920929,0.2800000011920929,2056000
2024-10-09,0.2549999952316284,0.2549999952316284,0.23000000417232513,0.24500000476837158,0.24500000476837158,298000
2024-10-10,0.29499998688697815,0.30000001192092896,0.2800000011920929,0.2800000011920929,0.2800000011920929,696000
2024-10-14,0.25999999046325684,0.25999999046325684,0.23000000417232513,0.23899999260902405,0.23899999260902405,582000
2024-10-15,0.24500000476837158,0.24500000476837158,0.2199999988079071,0.23000000417232513,0.23000000417232513,36000
2024-10-16,0.23000000417232513,0.23000000417232513,0.23000000417232513,0.23000000417232513,0.23000000417232513,0
2024-10-17,0.24699999392032623,0.24699999392032623,0.24699999392032623,0.24699999392032623,0.24699999392032623,0
2024-10-18,0.23999999463558197,0.24899999797344208,0.23999999463558197,0.24199999868869781,0.24199999868869781,10000
2024-10-21,0.24199999868869781,0.23000000417232513,0.2160000056028366,0.23000000417232513,0.23000000417232513,10000
2024-10-22,0.21899999678134918,0.21899999678134918,0.21899999678134918,0.21899999678134918,0.21899999678134918,0
2024-10-23,0.24400000274181366,0.24400000274181366,0.24400000274181366,0.24400000274181366,0.24400000274181366,0
2024-10-24,0.24400000274181366,0.24400000274181366,0.24400000274181366,0.24400000274181366,0.24400000274181366,0
2024-10-25,0.2549999952316284,0.2549999952316284,0.2549999952316284,0.2549999952316284,0.2549999952316284,0
2024-10-28,0.24199999868869781,0.24199999868869781,0.24199999868869781,0.24199999868869781,0.24199999868869781,0
2024-10-29,0.23000000417232513,0.24400000274181366,0.23000000417232513,0.24300000071525574,0.24300000071525574,22000
2024-10-30,0.2800000011920929,0.2800000011920929,0.2199999988079071,0.24799999594688416,0.24799999594688416,50000
2024-10-31,0.23999999463558197,0.23999999463558197,0.23999999463558197,0.23999999463558197,0.23999999463558197,2000
2024-11-01,0.2549999952316284,0.2549999952316284,0.2549999952316284,0.2549999952316284,0.2549999952316284,2000
2024-11-04,0.2549999952316284,0.2549999952316284,0.2549999952316284,0.2549999952316284,0.2549999952316284,0
2024-11-05,0.2549999952316284,0.2549999952316284,0.2549999952316284,0.2549999952316284,0.2549999952316284,0
2024-11-06,0.24500000476837158,0.24500000476837158,0.24500000476837158,0.24500000476837158,0.24500000476837158,0
