Date,Open,High,Low,Close,Adj Close,Volume
2003-05-02,6.167116165161133,6.167116165161133,6.167116165161133,6.167116165161133,6.167116165161133,0
2003-05-05,6.167116165161133,6.167116165161133,6.167116165161133,6.167116165161133,6.167116165161133,0
2003-05-06,6.167116165161133,6.167116165161133,6.167116165161133,6.167116165161133,6.167116165161133,0
2003-05-07,6.167116165161133,6.167116165161133,6.167116165161133,6.167116165161133,6.167116165161133,0
2003-05-08,6.167116165161133,6.167116165161133,6.167116165161133,6.167116165161133,6.167116165161133,0
2003-05-09,6.167116165161133,6.167116165161133,6.167116165161133,6.167116165161133,6.167116165161133,0
2003-05-12,6.167116165161133,6.167116165161133,6.167116165161133,6.167116165161133,6.167116165161133,0
2003-05-13,6.167116165161133,6.167116165161133,6.167116165161133,6.167116165161133,6.167116165161133,0
2003-05-14,6.167116165161133,6.167116165161133,6.167116165161133,6.167116165161133,6.167116165161133,113
2003-05-15,6.167116165161133,6.167116165161133,6.167116165161133,6.167116165161133,6.167116165161133,0
2003-05-16,6.167116165161133,6.167116165161133,6.167116165161133,6.167116165161133,6.167116165161133,0
2003-05-19,6.167116165161133,6.167116165161133,6.167116165161133,6.167116165161133,6.167116165161133,0
2003-05-20,6.167116165161133,6.167116165161133,6.167116165161133,6.167116165161133,6.167116165161133,0
2003-05-21,6.167116165161133,6.167116165161133,6.167116165161133,6.167116165161133,6.167116165161133,0
2003-05-22,6.167116165161133,6.167116165161133,6.167116165161133,6.167116165161133,6.167116165161133,0
2003-05-23,6.167116165161133,6.167116165161133,6.167116165161133,6.167116165161133,6.167116165161133,0
2003-05-26,6.167116165161133,6.167116165161133,5.462303161621094,5.462303161621094,5.462303161621094,0
2003-05-27,6.167116165161133,6.167116165161133,6.167116165161133,6.167116165161133,6.167116165161133,0
2003-05-28,6.167116165161133,6.167116165161133,6.167116165161133,6.167116165161133,6.167116165161133,0
2003-05-29,6.167116165161133,6.871929168701172,6.167116165161133,6.871929168701172,6.871929168701172,681
2003-05-30,7.929149150848389,7.929149150848389,7.929149150848389,7.929149150848389,7.929149150848389,454
2003-06-02,8.457758903503418,8.457758903503418,8.457758903503418,8.457758903503418,8.457758903503418,0
2003-06-03,8.457758903503418,8.457758903503418,8.457758903503418,8.457758903503418,8.457758903503418,0
2003-06-04,7.929149150848389,7.929149150848389,7.929149150848389,7.929149150848389,7.929149150848389,0
2003-06-05,8.457758903503418,8.457758903503418,8.457758903503418,8.457758903503418,8.457758903503418,0
2003-06-06,8.722064018249512,8.722064018249512,8.457758903503418,8.457758903503418,8.457758903503418,0
2003-06-09,8.457758903503418,8.457758903503418,8.457758903503418,8.457758903503418,8.457758903503418,0
2003-06-10,8.457758903503418,8.457758903503418,8.457758903503418,8.457758903503418,8.457758903503418,0
2003-06-11,8.457758903503418,8.457758903503418,8.457758903503418,8.457758903503418,8.457758903503418,0
2003-06-12,8.457758903503418,8.457758903503418,8.457758903503418,8.457758903503418,8.457758903503418,0
2003-06-13,8.457758903503418,8.457758903503418,8.457758903503418,8.457758903503418,8.457758903503418,0
2003-06-16,8.457758903503418,8.722064018249512,8.457758903503418,8.457758903503418,8.457758903503418,0
2003-06-17,8.457758903503418,8.986369132995605,8.457758903503418,8.457758903503418,8.457758903503418,0
2003-06-18,8.457758903503418,8.457758903503418,8.457758903503418,8.457758903503418,8.457758903503418,0
2003-06-19,8.457758903503418,8.457758903503418,8.457758903503418,8.457758903503418,8.457758903503418,0
2003-06-20,8.457758903503418,8.457758903503418,8.457758903503418,8.457758903503418,8.457758903503418,0
2003-06-23,8.457758903503418,8.457758903503418,8.457758903503418,8.457758903503418,8.457758903503418,0
2003-06-24,8.457758903503418,8.457758903503418,8.457758903503418,8.457758903503418,8.457758903503418,0
2003-06-25,8.457758903503418,8.457758903503418,8.457758903503418,8.457758903503418,8.457758903503418,0
2003-06-26,8.457758903503418,8.457758903503418,8.457758903503418,8.457758903503418,8.457758903503418,0
2003-06-27,8.457758903503418,8.457758903503418,8.457758903503418,8.457758903503418,8.457758903503418,454
2003-06-30,8.457758903503418,8.457758903503418,8.457758903503418,8.457758903503418,8.457758903503418,0
2003-07-01,8.457758903503418,8.457758903503418,8.457758903503418,8.457758903503418,8.457758903503418,0
2003-07-02,8.457758903503418,8.457758903503418,8.457758903503418,8.457758903503418,8.457758903503418,0
2003-07-03,8.457758903503418,8.457758903503418,8.457758903503418,8.457758903503418,8.457758903503418,0
2003-07-04,8.457758903503418,8.457758903503418,8.457758903503418,8.457758903503418,8.457758903503418,0
2003-07-07,8.457758903503418,8.457758903503418,8.457758903503418,8.457758903503418,8.457758903503418,0
2003-07-08,8.457758903503418,8.457758903503418,8.457758903503418,8.457758903503418,8.457758903503418,0
2003-07-09,8.457758903503418,8.457758903503418,8.457758903503418,8.457758903503418,8.457758903503418,0
2003-07-10,8.457758903503418,8.457758903503418,8.457758903503418,8.457758903503418,8.457758903503418,0
2003-07-11,8.457758903503418,8.457758903503418,8.457758903503418,8.457758903503418,8.457758903503418,0
2003-07-14,8.457758903503418,8.457758903503418,8.457758903503418,8.457758903503418,8.457758903503418,0
2003-07-15,8.457758903503418,8.457758903503418,8.457758903503418,8.457758903503418,8.457758903503418,0
2003-07-16,8.457758903503418,8.457758903503418,8.457758903503418,8.457758903503418,8.457758903503418,0
2003-07-17,8.457758903503418,8.457758903503418,8.457758903503418,8.457758903503418,8.457758903503418,0
2003-07-18,8.457758903503418,8.457758903503418,8.457758903503418,8.457758903503418,8.457758903503418,0
2003-07-21,8.457758903503418,8.457758903503418,8.457758903503418,8.457758903503418,8.457758903503418,0
2003-07-22,8.457758903503418,8.457758903503418,8.457758903503418,8.457758903503418,8.457758903503418,0
2003-07-23,8.457758903503418,9.162572860717773,8.457758903503418,8.457758903503418,8.457758903503418,0
2003-07-24,8.457758903503418,8.457758903503418,8.457758903503418,8.457758903503418,8.457758903503418,0
2003-07-25,8.457758903503418,8.457758903503418,8.457758903503418,8.457758903503418,8.457758903503418,0
2003-07-28,8.457758903503418,8.457758903503418,8.457758903503418,8.457758903503418,8.457758903503418,0
2003-07-29,8.457758903503418,8.457758903503418,8.457758903503418,8.457758903503418,8.457758903503418,247554
2003-07-30,8.457758903503418,8.457758903503418,8.457758903503418,8.457758903503418,8.457758903503418,0
2003-07-31,8.457758903503418,8.457758903503418,8.457758903503418,8.457758903503418,8.457758903503418,0
2003-08-01,8.457758903503418,8.457758903503418,8.457758903503418,8.457758903503418,8.457758903503418,0
2003-08-04,8.457758903503418,8.457758903503418,8.457758903503418,8.457758903503418,8.457758903503418,242333
2003-08-05,8.457758903503418,8.457758903503418,8.457758903503418,8.457758903503418,8.457758903503418,45402
2003-08-06,8.457758903503418,8.457758903503418,8.457758903503418,8.457758903503418,8.457758903503418,0
2003-08-07,8.457758903503418,8.457758903503418,8.457758903503418,8.457758903503418,8.457758903503418,0
2003-08-08,8.457758903503418,8.457758903503418,8.457758903503418,8.457758903503418,8.457758903503418,0
2003-08-11,8.457758903503418,8.457758903503418,8.457758903503418,8.457758903503418,8.457758903503418,0
2003-08-12,8.457758903503418,8.457758903503418,8.457758903503418,8.457758903503418,8.457758903503418,0
2003-08-13,8.457758903503418,8.457758903503418,8.457758903503418,8.457758903503418,8.457758903503418,0
2003-08-14,8.457758903503418,8.457758903503418,8.457758903503418,8.457758903503418,8.457758903503418,0
2003-08-15,8.457758903503418,8.457758903503418,8.457758903503418,8.457758903503418,8.457758903503418,0
2003-08-18,7.929149150848389,7.929149150848389,7.929149150848389,7.929149150848389,7.929149150848389,0
2003-08-19,7.929149150848389,7.929149150848389,7.929149150848389,7.929149150848389,7.929149150848389,0
2003-08-20,7.929149150848389,7.929149150848389,7.929149150848389,7.929149150848389,7.929149150848389,0
2003-08-21,7.929149150848389,7.929149150848389,7.929149150848389,7.929149150848389,7.929149150848389,0
2003-08-22,7.929149150848389,7.929149150848389,7.929149150848389,7.929149150848389,7.929149150848389,0
2003-08-25,7.929149150848389,7.929149150848389,7.929149150848389,7.929149150848389,7.929149150848389,0
2003-08-26,7.929149150848389,7.929149150848389,7.929149150848389,7.929149150848389,7.929149150848389,0
2003-08-27,7.929149150848389,7.929149150848389,7.929149150848389,7.929149150848389,7.929149150848389,0
2003-08-28,7.929149150848389,7.929149150848389,7.929149150848389,7.929149150848389,7.929149150848389,0
2003-08-29,7.929149150848389,7.929149150848389,7.929149150848389,7.929149150848389,7.929149150848389,0
2003-09-01,7.929149150848389,7.929149150848389,7.929149150848389,7.929149150848389,7.929149150848389,0
2003-09-02,7.929149150848389,7.929149150848389,7.929149150848389,7.929149150848389,7.929149150848389,0
2003-09-03,7.929149150848389,7.929149150848389,7.929149150848389,7.929149150848389,7.929149150848389,0
2003-09-04,7.929149150848389,7.929149150848389,7.929149150848389,7.929149150848389,7.929149150848389,0
2003-09-05,7.929149150848389,7.929149150848389,7.929149150848389,7.929149150848389,7.929149150848389,0
2003-09-08,7.929149150848389,7.929149150848389,7.929149150848389,7.929149150848389,7.929149150848389,0
2003-09-09,7.929149150848389,7.929149150848389,7.929149150848389,7.929149150848389,7.929149150848389,0
2003-09-10,7.929149150848389,7.929149150848389,7.929149150848389,7.929149150848389,7.929149150848389,0
2003-09-11,7.929149150848389,7.929149150848389,7.929149150848389,7.929149150848389,7.929149150848389,0
2003-09-12,7.929149150848389,7.929149150848389,7.929149150848389,7.929149150848389,7.929149150848389,0
2003-09-15,7.929149150848389,7.929149150848389,7.929149150848389,7.929149150848389,7.929149150848389,0
2003-09-16,7.929149150848389,7.929149150848389,7.929149150848389,7.929149150848389,7.929149150848389,0
2003-09-17,7.929149150848389,7.929149150848389,7.929149150848389,7.929149150848389,7.929149150848389,0
2003-09-18,7.929149150848389,7.929149150848389,7.929149150848389,7.929149150848389,7.929149150848389,0
2003-09-19,7.929149150848389,7.929149150848389,7.929149150848389,7.929149150848389,7.929149150848389,0
2003-09-22,7.929149150848389,7.929149150848389,7.929149150848389,7.929149150848389,7.929149150848389,0
2003-09-23,7.929149150848389,7.929149150848389,7.929149150848389,7.929149150848389,7.929149150848389,0
2003-09-24,7.929149150848389,7.929149150848389,7.929149150848389,7.929149150848389,7.929149150848389,0
2003-09-25,7.929149150848389,7.929149150848389,7.929149150848389,7.929149150848389,7.929149150848389,0
2003-09-26,7.929149150848389,7.929149150848389,7.929149150848389,7.929149150848389,7.929149150848389,0
2003-09-29,7.929149150848389,7.929149150848389,7.929149150848389,7.929149150848389,7.929149150848389,0
2003-09-30,6.695725917816162,6.695725917816162,5.462303161621094,5.462303161621094,5.462303161621094,0
2003-10-01,5.462303161621094,5.462303161621094,5.462303161621094,5.462303161621094,5.462303161621094,0
2003-10-02,6.695725917816162,6.695725917816162,6.695725917816162,6.695725917816162,6.695725917816162,0
2003-10-03,6.695725917816162,6.695725917816162,6.695725917816162,6.695725917816162,6.695725917816162,0
2003-10-06,6.695725917816162,6.695725917816162,6.695725917816162,6.695725917816162,6.695725917816162,0
2003-10-07,6.695725917816162,6.695725917816162,6.695725917816162,6.695725917816162,6.695725917816162,0
2003-10-08,6.695725917816162,6.695725917816162,6.695725917816162,6.695725917816162,6.695725917816162,0
2003-10-09,6.695725917816162,6.695725917816162,6.695725917816162,6.695725917816162,6.695725917816162,0
2003-10-10,6.695725917816162,6.695725917816162,6.695725917816162,6.695725917816162,6.695725917816162,0
2003-10-13,6.695725917816162,6.695725917816162,6.695725917816162,6.695725917816162,6.695725917816162,0
2003-10-14,6.695725917816162,6.695725917816162,6.695725917816162,6.695725917816162,6.695725917816162,0
2003-10-15,6.695725917816162,6.695725917816162,6.695725917816162,6.695725917816162,6.695725917816162,95911
2003-10-16,6.695725917816162,6.695725917816162,6.607624053955078,6.695725917816162,6.695725917816162,74345
2003-10-17,6.695725917816162,6.695725917816162,6.695725917816162,6.695725917816162,6.695725917816162,124855
2003-10-20,6.695725917816162,6.695725917816162,6.695725917816162,6.695725917816162,6.695725917816162,0
2003-10-21,6.695725917816162,6.695725917816162,6.695725917816162,6.695725917816162,6.695725917816162,0
2003-10-22,6.5195231437683105,6.5195231437683105,4.405083179473877,4.405083179473877,4.405083179473877,0
2003-10-23,6.343318939208984,6.343318939208984,4.405083179473877,4.405083179473877,4.405083179473877,0
2003-10-24,6.343318939208984,6.343318939208984,6.343318939208984,6.343318939208984,6.343318939208984,0
2003-10-27,6.343318939208984,6.343318939208984,6.343318939208984,6.343318939208984,6.343318939208984,0
2003-10-28,6.343318939208984,6.343318939208984,6.343318939208984,6.343318939208984,6.343318939208984,0
2003-10-29,6.343318939208984,6.343318939208984,6.343318939208984,6.343318939208984,6.343318939208984,0
2003-10-30,6.343318939208984,6.343318939208984,6.343318939208984,6.343318939208984,6.343318939208984,22701
2003-10-31,6.695725917816162,6.695725917816162,3.5240659713745117,3.5240659713745117,3.5240659713745117,0
2003-11-03,6.343318939208984,6.343318939208984,6.343318939208984,6.343318939208984,6.343318939208984,0
2003-11-04,6.343318939208984,6.343318939208984,6.343318939208984,6.343318939208984,6.343318939208984,0
2003-11-05,6.343318939208984,6.343318939208984,6.343318939208984,6.343318939208984,6.343318939208984,0
2003-11-06,6.343318939208984,6.343318939208984,6.343318939208984,6.343318939208984,6.343318939208984,0
2003-11-07,6.343318939208984,6.343318939208984,6.343318939208984,6.343318939208984,6.343318939208984,0
2003-11-10,6.343318939208984,6.343318939208984,6.343318939208984,6.343318939208984,6.343318939208984,0
2003-11-11,6.343318939208984,6.343318939208984,6.343318939208984,6.343318939208984,6.343318939208984,0
2003-11-12,6.343318939208984,6.343318939208984,6.343318939208984,6.343318939208984,6.343318939208984,0
2003-11-13,6.343318939208984,6.343318939208984,6.343318939208984,6.343318939208984,6.343318939208984,0
2003-11-14,6.343318939208984,6.343318939208984,6.343318939208984,6.343318939208984,6.343318939208984,0
2003-11-17,6.343318939208984,6.343318939208984,6.343318939208984,6.343318939208984,6.343318939208984,0
2003-11-18,6.343318939208984,6.343318939208984,6.343318939208984,6.343318939208984,6.343318939208984,0
2003-11-19,6.343318939208984,6.343318939208984,6.343318939208984,6.343318939208984,6.343318939208984,0
2003-11-20,6.343318939208984,6.343318939208984,6.343318939208984,6.343318939208984,6.343318939208984,0
2003-11-21,6.343318939208984,6.343318939208984,6.343318939208984,6.343318939208984,6.343318939208984,0
2003-11-24,6.343318939208984,6.343318939208984,6.343318939208984,6.343318939208984,6.343318939208984,0
2003-11-25,6.343318939208984,6.343318939208984,5.197998046875,5.197998046875,5.197998046875,0
2003-11-26,5.197998046875,6.343318939208984,5.197998046875,6.343318939208984,6.343318939208984,1362
2003-11-27,6.343318939208984,6.343318939208984,6.343318939208984,6.343318939208984,6.343318939208984,0
2003-11-28,6.343318939208984,6.343318939208984,6.343318939208984,6.343318939208984,6.343318939208984,0
2003-12-01,6.343318939208984,6.343318939208984,6.343318939208984,6.343318939208984,6.343318939208984,43472
2003-12-02,6.343318939208984,6.343318939208984,6.343318939208984,6.343318939208984,6.343318939208984,0
2003-12-03,5.286098957061768,5.286098957061768,5.286098957061768,5.286098957061768,5.286098957061768,2837
2003-12-04,5.286098957061768,5.286098957061768,5.286098957061768,5.286098957061768,5.286098957061768,0
2003-12-05,5.197998046875,5.197998046875,5.197998046875,5.197998046875,5.197998046875,5675
2003-12-08,6.255218029022217,6.255218029022217,5.902811050415039,5.902811050415039,5.902811050415039,0
2003-12-09,6.079013824462891,6.079013824462891,6.079013824462891,6.079013824462891,6.079013824462891,113
2003-12-10,5.990912914276123,5.990912914276123,5.990912914276123,5.990912914276123,5.990912914276123,113
2003-12-11,5.990912914276123,5.990912914276123,5.990912914276123,5.990912914276123,5.990912914276123,28376
2003-12-12,6.079013824462891,6.079013824462891,5.990912914276123,5.990912914276123,5.990912914276123,39386
2003-12-15,5.990912914276123,5.990912914276123,5.021793842315674,5.021793842315674,5.021793842315674,39159
2003-12-16,4.757489204406738,5.550404071807861,4.757489204406738,4.757489204406738,4.757489204406738,454
2003-12-17,5.374200820922852,5.374200820922852,5.109896183013916,5.286098957061768,5.286098957061768,83085
2003-12-18,5.021793842315674,5.021793842315674,5.021793842315674,5.021793842315674,5.021793842315674,3405
2003-12-19,4.933692932128906,5.021793842315674,4.933692932128906,5.021793842315674,5.021793842315674,203174
2003-12-22,4.933692932128906,5.109896183013916,4.845591068267822,5.109896183013916,5.109896183013916,202039
2003-12-23,5.109896183013916,5.197998046875,5.109896183013916,5.197998046875,5.197998046875,62427
2003-12-24,5.197998046875,5.197998046875,5.197998046875,5.197998046875,5.197998046875,11350
2003-12-25,5.197998046875,5.197998046875,5.197998046875,5.197998046875,5.197998046875,0
2003-12-26,5.197998046875,5.197998046875,5.197998046875,5.197998046875,5.197998046875,0
2003-12-29,5.197998046875,5.197998046875,5.197998046875,5.197998046875,5.197998046875,31781
2003-12-30,5.197998046875,5.197998046875,5.197998046875,5.197998046875,5.197998046875,0
2003-12-31,5.197998046875,5.197998046875,5.197998046875,5.197998046875,5.197998046875,0
2004-01-01,5.197998046875,5.197998046875,5.197998046875,5.197998046875,5.197998046875,0
2004-01-02,5.197998046875,5.197998046875,5.197998046875,5.197998046875,5.197998046875,0
2004-01-05,5.197998046875,5.197998046875,5.197998046875,5.197998046875,5.197998046875,0
2004-01-06,5.197998046875,5.197998046875,5.197998046875,5.197998046875,5.197998046875,0
2004-01-07,5.197998046875,5.197998046875,5.197998046875,5.197998046875,5.197998046875,0
2004-01-08,5.197998046875,5.197998046875,4.5812859535217285,4.5812859535217285,4.5812859535217285,0
2004-01-09,5.197998046875,5.197998046875,5.197998046875,5.197998046875,5.197998046875,0
2004-01-12,5.197998046875,5.197998046875,5.197998046875,5.197998046875,5.197998046875,0
2004-01-13,5.197998046875,5.197998046875,5.197998046875,5.197998046875,5.197998046875,0
2004-01-14,5.197998046875,5.197998046875,5.197998046875,5.197998046875,5.197998046875,0
2004-01-15,5.286098957061768,5.286098957061768,5.286098957061768,5.286098957061768,5.286098957061768,454
2004-01-16,5.462303161621094,5.462303161621094,5.462303161621094,5.462303161621094,5.462303161621094,0
2004-01-19,5.286098957061768,5.286098957061768,5.286098957061768,5.286098957061768,5.286098957061768,28376
2004-01-20,5.462303161621094,5.462303161621094,5.462303161621094,5.462303161621094,5.462303161621094,28376
2004-01-21,5.462303161621094,5.462303161621094,5.462303161621094,5.462303161621094,5.462303161621094,34846
2004-01-22,5.462303161621094,5.462303161621094,5.462303161621094,5.462303161621094,5.462303161621094,0
2004-01-23,5.462303161621094,5.462303161621094,5.462303161621094,5.462303161621094,5.462303161621094,0
2004-01-26,5.462303161621094,5.462303161621094,5.462303161621094,5.462303161621094,5.462303161621094,0
2004-01-27,5.462303161621094,5.462303161621094,5.462303161621094,5.462303161621094,5.462303161621094,28376
2004-01-28,5.638505935668945,5.638505935668945,5.286098957061768,5.286098957061768,5.286098957061768,0
2004-01-29,5.462303161621094,5.462303161621094,5.462303161621094,5.462303161621094,5.462303161621094,1816
2004-01-30,5.638505935668945,5.638505935668945,5.462303161621094,5.462303161621094,5.462303161621094,0
2004-02-02,5.462303161621094,5.462303161621094,5.462303161621094,5.462303161621094,5.462303161621094,8512
2004-02-03,5.462303161621094,5.462303161621094,5.462303161621094,5.462303161621094,5.462303161621094,0
2004-02-04,5.814709186553955,5.814709186553955,5.462303161621094,5.462303161621094,5.462303161621094,0
2004-02-05,5.462303161621094,5.462303161621094,5.462303161621094,5.462303161621094,5.462303161621094,227
2004-02-06,5.550404071807861,5.550404071807861,5.550404071807861,5.550404071807861,5.550404071807861,11350
2004-02-09,5.814709186553955,5.814709186553955,5.550404071807861,5.550404071807861,5.550404071807861,0
2004-02-10,5.814709186553955,5.814709186553955,5.550404071807861,5.550404071807861,5.550404071807861,182175
2004-02-11,5.638505935668945,5.814709186553955,5.638505935668945,5.814709186553955,5.814709186553955,92620
2004-02-12,6.167116165161133,6.167116165161133,5.814709186553955,5.814709186553955,5.814709186553955,0
2004-02-13,6.343318939208984,6.343318939208984,5.550404071807861,5.550404071807861,5.550404071807861,0
2004-02-16,6.079013824462891,6.343318939208984,6.079013824462891,6.167116165161133,6.167116165161133,83539
2004-02-17,5.462303161621094,5.990912914276123,5.462303161621094,5.990912914276123,5.990912914276123,108397
2004-02-18,6.079013824462891,6.079013824462891,5.638505935668945,5.638505935668945,5.638505935668945,0
2004-02-19,6.079013824462891,6.079013824462891,5.990912914276123,5.990912914276123,5.990912914276123,0
2004-02-20,5.990912914276123,5.990912914276123,5.990912914276123,5.990912914276123,5.990912914276123,113505
2004-02-23,6.079013824462891,6.079013824462891,5.990912914276123,5.990912914276123,5.990912914276123,0
2004-02-24,6.079013824462891,6.079013824462891,5.990912914276123,5.990912914276123,5.990912914276123,0
2004-02-25,6.079013824462891,6.079013824462891,5.990912914276123,5.990912914276123,5.990912914276123,0
2004-02-26,5.990912914276123,5.990912914276123,5.990912914276123,5.990912914276123,5.990912914276123,11350
2004-02-27,6.079013824462891,6.167116165161133,5.902811050415039,6.167116165161133,6.167116165161133,6937099
2004-03-01,6.431420803070068,7.04813289642334,6.431420803070068,7.04813289642334,7.04813289642334,11350
2004-03-02,7.04813289642334,7.04813289642334,7.04813289642334,7.04813289642334,7.04813289642334,227
2004-03-03,6.783827781677246,6.783827781677246,6.695725917816162,6.695725917816162,6.695725917816162,7377
2004-03-04,6.695725917816162,6.695725917816162,6.695725917816162,6.695725917816162,6.695725917816162,0
2004-03-05,6.695725917816162,6.695725917816162,6.695725917816162,6.695725917816162,6.695725917816162,0
2004-03-08,6.695725917816162,6.695725917816162,6.695725917816162,6.695725917816162,6.695725917816162,0
2004-03-09,6.871929168701172,6.871929168701172,5.550404071807861,5.550404071807861,5.550404071807861,0
2004-03-10,5.726607799530029,5.726607799530029,5.726607799530029,5.726607799530029,5.726607799530029,1135
2004-03-11,6.167116165161133,6.167116165161133,5.462303161621094,5.462303161621094,5.462303161621094,0
2004-03-12,5.462303161621094,5.462303161621094,5.462303161621094,5.462303161621094,5.462303161621094,227
2004-03-15,5.462303161621094,5.462303161621094,5.462303161621094,5.462303161621094,5.462303161621094,0
2004-03-16,5.462303161621094,5.462303161621094,5.462303161621094,5.462303161621094,5.462303161621094,0
2004-03-17,5.462303161621094,5.462303161621094,5.462303161621094,5.462303161621094,5.462303161621094,0
2004-03-18,5.462303161621094,5.462303161621094,5.462303161621094,5.462303161621094,5.462303161621094,0
2004-03-19,5.462303161621094,5.462303161621094,5.462303161621094,5.462303161621094,5.462303161621094,0
2004-03-22,5.462303161621094,5.462303161621094,5.462303161621094,5.462303161621094,5.462303161621094,0
2004-03-23,5.462303161621094,5.462303161621094,5.462303161621094,5.462303161621094,5.462303161621094,2837
2004-03-24,5.462303161621094,5.462303161621094,5.462303161621094,5.462303161621094,5.462303161621094,0
2004-03-25,5.462303161621094,5.462303161621094,5.462303161621094,5.462303161621094,5.462303161621094,0
2004-03-26,5.462303161621094,5.462303161621094,5.462303161621094,5.462303161621094,5.462303161621094,0
2004-03-29,5.462303161621094,5.462303161621094,5.462303161621094,5.462303161621094,5.462303161621094,0
2004-03-30,5.462303161621094,5.462303161621094,5.462303161621094,5.462303161621094,5.462303161621094,575131
2004-03-31,5.462303161621094,5.462303161621094,5.462303161621094,5.462303161621094,5.462303161621094,0
2004-04-01,5.462303161621094,5.462303161621094,5.462303161621094,5.462303161621094,5.462303161621094,0
2004-04-02,5.462303161621094,5.462303161621094,5.462303161621094,5.462303161621094,5.462303161621094,0
2004-04-05,5.462303161621094,5.462303161621094,5.462303161621094,5.462303161621094,5.462303161621094,0
2004-04-06,5.462303161621094,5.462303161621094,5.462303161621094,5.462303161621094,5.462303161621094,0
2004-04-07,5.462303161621094,5.462303161621094,5.462303161621094,5.462303161621094,5.462303161621094,340
2004-04-08,5.462303161621094,5.462303161621094,5.462303161621094,5.462303161621094,5.462303161621094,0
2004-04-09,5.462303161621094,5.462303161621094,5.462303161621094,5.462303161621094,5.462303161621094,0
2004-04-12,5.462303161621094,5.462303161621094,5.462303161621094,5.462303161621094,5.462303161621094,0
2004-04-13,5.462303161621094,5.462303161621094,5.462303161621094,5.462303161621094,5.462303161621094,0
2004-04-14,5.462303161621094,5.462303161621094,5.462303161621094,5.462303161621094,5.462303161621094,0
2004-04-15,5.462303161621094,5.462303161621094,5.462303161621094,5.462303161621094,5.462303161621094,0
2004-04-16,5.462303161621094,5.462303161621094,5.462303161621094,5.462303161621094,5.462303161621094,0
2004-04-19,5.462303161621094,5.462303161621094,5.462303161621094,5.462303161621094,5.462303161621094,0
2004-04-20,5.462303161621094,5.462303161621094,5.462303161621094,5.462303161621094,5.462303161621094,227
2004-04-21,5.462303161621094,5.462303161621094,5.462303161621094,5.462303161621094,5.462303161621094,0
2004-04-22,5.462303161621094,5.462303161621094,5.462303161621094,5.462303161621094,5.462303161621094,0
2004-04-23,5.462303161621094,5.462303161621094,5.462303161621094,5.462303161621094,5.462303161621094,0
2004-04-26,5.462303161621094,5.462303161621094,5.462303161621094,5.462303161621094,5.462303161621094,0
2004-04-27,5.462303161621094,5.462303161621094,5.462303161621094,5.462303161621094,5.462303161621094,0
2004-04-28,5.462303161621094,5.462303161621094,5.462303161621094,5.462303161621094,5.462303161621094,0
2004-04-29,5.462303161621094,5.462303161621094,5.462303161621094,5.462303161621094,5.462303161621094,0
2004-04-30,5.462303161621094,5.462303161621094,5.462303161621094,5.462303161621094,5.462303161621094,0
2004-05-03,5.462303161621094,5.462303161621094,5.462303161621094,5.462303161621094,5.462303161621094,0
2004-05-04,5.462303161621094,5.462303161621094,5.462303161621094,5.462303161621094,5.462303161621094,0
2004-05-05,5.462303161621094,5.462303161621094,5.462303161621094,5.462303161621094,5.462303161621094,14755
2004-05-06,5.462303161621094,5.462303161621094,5.462303161621094,5.462303161621094,5.462303161621094,0
2004-05-07,5.462303161621094,5.462303161621094,5.462303161621094,5.462303161621094,5.462303161621094,0
2004-05-10,5.462303161621094,5.462303161621094,5.462303161621094,5.462303161621094,5.462303161621094,0
2004-05-11,5.462303161621094,5.462303161621094,5.462303161621094,5.462303161621094,5.462303161621094,0
2004-05-12,5.462303161621094,5.462303161621094,5.462303161621094,5.462303161621094,5.462303161621094,0
2004-05-13,5.814709186553955,5.814709186553955,5.814709186553955,5.814709186553955,5.814709186553955,0
2004-05-14,5.814709186553955,5.814709186553955,5.814709186553955,5.814709186553955,5.814709186553955,0
2004-05-17,5.814709186553955,5.814709186553955,5.814709186553955,5.814709186553955,5.814709186553955,0
2004-05-18,6.167116165161133,6.167116165161133,6.167116165161133,6.167116165161133,6.167116165161133,0
2004-05-19,6.167116165161133,6.167116165161133,6.167116165161133,6.167116165161133,6.167116165161133,0
2004-05-20,6.167116165161133,6.167116165161133,6.167116165161133,6.167116165161133,6.167116165161133,0
2004-05-21,6.5195231437683105,6.5195231437683105,6.5195231437683105,6.5195231437683105,6.5195231437683105,0
2004-05-24,6.5195231437683105,6.5195231437683105,6.5195231437683105,6.5195231437683105,6.5195231437683105,0
2004-05-25,6.5195231437683105,6.5195231437683105,6.5195231437683105,6.5195231437683105,6.5195231437683105,0
2004-05-26,6.5195231437683105,6.5195231437683105,6.5195231437683105,6.5195231437683105,6.5195231437683105,0
2004-05-27,6.5195231437683105,6.5195231437683105,6.5195231437683105,6.5195231437683105,6.5195231437683105,138476
2004-05-28,6.5195231437683105,6.5195231437683105,6.5195231437683105,6.5195231437683105,6.5195231437683105,0
2004-05-31,6.5195231437683105,6.5195231437683105,6.5195231437683105,6.5195231437683105,6.5195231437683105,0
2004-06-01,6.960031032562256,6.960031032562256,6.960031032562256,6.960031032562256,6.960031032562256,0
2004-06-02,6.960031032562256,6.960031032562256,6.960031032562256,6.960031032562256,6.960031032562256,0
2004-06-03,6.960031032562256,6.960031032562256,6.960031032562256,6.960031032562256,6.960031032562256,0
2004-06-04,6.960031032562256,6.960031032562256,6.960031032562256,6.960031032562256,6.960031032562256,0
2004-06-07,6.960031032562256,6.960031032562256,6.960031032562256,6.960031032562256,6.960031032562256,0
2004-06-08,6.960031032562256,6.960031032562256,6.960031032562256,6.960031032562256,6.960031032562256,0
2004-06-09,6.960031032562256,6.960031032562256,6.960031032562256,6.960031032562256,6.960031032562256,0
2004-06-10,6.960031032562256,6.960031032562256,6.960031032562256,6.960031032562256,6.960031032562256,0
2004-06-11,6.960031032562256,6.960031032562256,6.960031032562256,6.960031032562256,6.960031032562256,0
2004-06-14,6.960031032562256,6.960031032562256,6.960031032562256,6.960031032562256,6.960031032562256,0
2004-06-15,6.960031032562256,6.960031032562256,6.960031032562256,6.960031032562256,6.960031032562256,0
2004-06-16,6.960031032562256,6.960031032562256,6.960031032562256,6.960031032562256,6.960031032562256,0
2004-06-17,6.960031032562256,6.960031032562256,6.960031032562256,6.960031032562256,6.960031032562256,0
2004-06-18,6.695725917816162,6.695725917816162,6.607624053955078,6.695725917816162,6.695725917816162,315544
2004-06-21,6.5195231437683105,6.5195231437683105,6.5195231437683105,6.5195231437683105,6.5195231437683105,281719
2004-06-22,6.5195231437683105,6.5195231437683105,6.5195231437683105,6.5195231437683105,6.5195231437683105,0
2004-06-23,6.5195231437683105,6.5195231437683105,6.5195231437683105,6.5195231437683105,6.5195231437683105,0
2004-06-24,6.5195231437683105,6.5195231437683105,6.5195231437683105,6.5195231437683105,6.5195231437683105,363216
2004-06-25,6.5195231437683105,6.5195231437683105,6.5195231437683105,6.5195231437683105,6.5195231437683105,0
2004-06-28,6.5195231437683105,6.5195231437683105,6.5195231437683105,6.5195231437683105,6.5195231437683105,0
2004-06-29,6.5195231437683105,6.5195231437683105,6.5195231437683105,6.5195231437683105,6.5195231437683105,385917
2004-06-30,6.5195231437683105,6.5195231437683105,6.5195231437683105,6.5195231437683105,6.5195231437683105,0
2004-07-01,6.5195231437683105,6.5195231437683105,6.5195231437683105,6.5195231437683105,6.5195231437683105,0
2004-07-02,6.5195231437683105,6.5195231437683105,6.5195231437683105,6.5195231437683105,6.5195231437683105,0
2004-07-05,6.5195231437683105,6.5195231437683105,6.5195231437683105,6.5195231437683105,6.5195231437683105,0
2004-07-06,6.5195231437683105,6.5195231437683105,6.5195231437683105,6.5195231437683105,6.5195231437683105,0
2004-07-07,6.5195231437683105,6.5195231437683105,6.5195231437683105,6.5195231437683105,6.5195231437683105,0
2004-07-08,6.5195231437683105,6.5195231437683105,6.5195231437683105,6.5195231437683105,6.5195231437683105,0
2004-07-09,6.5195231437683105,6.5195231437683105,6.5195231437683105,6.5195231437683105,6.5195231437683105,0
2004-07-12,6.5195231437683105,6.5195231437683105,6.5195231437683105,6.5195231437683105,6.5195231437683105,0
2004-07-13,6.5195231437683105,6.5195231437683105,6.5195231437683105,6.5195231437683105,6.5195231437683105,0
2004-07-14,6.5195231437683105,6.5195231437683105,5.550404071807861,5.550404071807861,5.550404071807861,0
2004-07-15,6.5195231437683105,6.5195231437683105,6.5195231437683105,6.5195231437683105,6.5195231437683105,0
2004-07-16,6.5195231437683105,6.5195231437683105,6.5195231437683105,6.5195231437683105,6.5195231437683105,0
2004-07-19,6.5195231437683105,6.5195231437683105,6.5195231437683105,6.5195231437683105,6.5195231437683105,0
2004-07-20,6.5195231437683105,6.5195231437683105,6.5195231437683105,6.5195231437683105,6.5195231437683105,0
2004-07-21,5.550404071807861,5.550404071807861,5.550404071807861,5.550404071807861,5.550404071807861,567
2004-07-22,5.550404071807861,5.550404071807861,5.550404071807861,5.550404071807861,5.550404071807861,0
2004-07-23,5.550404071807861,5.550404071807861,5.550404071807861,5.550404071807861,5.550404071807861,0
2004-07-26,5.550404071807861,5.550404071807861,5.550404071807861,5.550404071807861,5.550404071807861,0
2004-07-27,5.550404071807861,5.550404071807861,5.550404071807861,5.550404071807861,5.550404071807861,0
2004-07-28,5.550404071807861,5.550404071807861,5.550404071807861,5.550404071807861,5.550404071807861,0
2004-07-29,5.550404071807861,5.550404071807861,5.550404071807861,5.550404071807861,5.550404071807861,0
2004-07-30,5.550404071807861,5.550404071807861,5.550404071807861,5.550404071807861,5.550404071807861,0
2004-08-02,5.550404071807861,5.550404071807861,5.550404071807861,5.550404071807861,5.550404071807861,0
2004-08-03,5.550404071807861,5.550404071807861,5.550404071807861,5.550404071807861,5.550404071807861,0
2004-08-04,5.550404071807861,5.550404071807861,5.550404071807861,5.550404071807861,5.550404071807861,0
2004-08-05,5.550404071807861,5.550404071807861,5.550404071807861,5.550404071807861,5.550404071807861,0
2004-08-06,5.550404071807861,5.550404071807861,5.550404071807861,5.550404071807861,5.550404071807861,0
2004-08-09,5.550404071807861,5.550404071807861,5.550404071807861,5.550404071807861,5.550404071807861,0
2004-08-10,5.550404071807861,5.550404071807861,5.550404071807861,5.550404071807861,5.550404071807861,0
2004-08-11,5.550404071807861,5.550404071807861,5.550404071807861,5.550404071807861,5.550404071807861,0
2004-08-12,5.550404071807861,5.550404071807861,5.550404071807861,5.550404071807861,5.550404071807861,0
2004-08-13,5.550404071807861,5.550404071807861,5.550404071807861,5.550404071807861,5.550404071807861,0
2004-08-16,5.550404071807861,5.550404071807861,5.550404071807861,5.550404071807861,5.550404071807861,0
2004-08-17,5.550404071807861,5.550404071807861,5.550404071807861,5.550404071807861,5.550404071807861,0
2004-08-18,5.550404071807861,5.550404071807861,5.550404071807861,5.550404071807861,5.550404071807861,0
2004-08-19,5.550404071807861,5.550404071807861,5.550404071807861,5.550404071807861,5.550404071807861,0
2004-08-20,5.550404071807861,5.550404071807861,5.550404071807861,5.550404071807861,5.550404071807861,0
2004-08-23,5.550404071807861,5.550404071807861,5.550404071807861,5.550404071807861,5.550404071807861,0
2004-08-24,5.550404071807861,5.550404071807861,5.550404071807861,5.550404071807861,5.550404071807861,0
2004-08-25,5.550404071807861,5.550404071807861,5.550404071807861,5.550404071807861,5.550404071807861,0
2004-08-26,5.550404071807861,5.550404071807861,5.550404071807861,5.550404071807861,5.550404071807861,822912
2004-08-27,5.550404071807861,5.550404071807861,5.550404071807861,5.550404071807861,5.550404071807861,567526
2004-08-30,5.638505935668945,5.638505935668945,5.550404071807861,5.550404071807861,5.550404071807861,141881
2004-08-31,5.638505935668945,5.638505935668945,5.550404071807861,5.550404071807861,5.550404071807861,198634
2004-09-01,5.550404071807861,5.550404071807861,5.550404071807861,5.550404071807861,5.550404071807861,17025
2004-09-02,5.550404071807861,5.550404071807861,5.550404071807861,5.550404071807861,5.550404071807861,150394
2004-09-03,5.550404071807861,5.550404071807861,5.550404071807861,5.550404071807861,5.550404071807861,0
2004-09-06,5.550404071807861,5.550404071807861,5.550404071807861,5.550404071807861,5.550404071807861,227010
2004-09-07,5.550404071807861,5.550404071807861,5.550404071807861,5.550404071807861,5.550404071807861,107829
2004-09-08,5.550404071807861,5.550404071807861,5.550404071807861,5.550404071807861,5.550404071807861,0
2004-09-09,5.550404071807861,5.550404071807861,5.550404071807861,5.550404071807861,5.550404071807861,17025
2004-09-10,5.550404071807861,5.550404071807861,5.550404071807861,5.550404071807861,5.550404071807861,85128
2004-09-13,5.550404071807861,5.550404071807861,5.550404071807861,5.550404071807861,5.550404071807861,0
2004-09-14,5.550404071807861,5.550404071807861,5.550404071807861,5.550404071807861,5.550404071807861,0
2004-09-15,5.550404071807861,5.550404071807861,5.550404071807861,5.550404071807861,5.550404071807861,56752
2004-09-16,5.550404071807861,5.550404071807861,5.550404071807861,5.550404071807861,5.550404071807861,0
2004-09-17,5.550404071807861,5.550404071807861,5.550404071807861,5.550404071807861,5.550404071807861,56752
2004-09-20,5.550404071807861,5.550404071807861,5.550404071807861,5.550404071807861,5.550404071807861,0
2004-09-21,5.550404071807861,5.550404071807861,5.550404071807861,5.550404071807861,5.550404071807861,28376
2004-09-22,5.550404071807861,5.550404071807861,5.550404071807861,5.550404071807861,5.550404071807861,0
2004-09-23,5.550404071807861,5.550404071807861,5.550404071807861,5.550404071807861,5.550404071807861,0
2004-09-24,5.550404071807861,5.550404071807861,5.550404071807861,5.550404071807861,5.550404071807861,0
2004-09-27,5.550404071807861,5.550404071807861,5.550404071807861,5.550404071807861,5.550404071807861,0
2004-09-28,5.550404071807861,5.550404071807861,5.550404071807861,5.550404071807861,5.550404071807861,0
2004-09-29,5.550404071807861,5.550404071807861,5.550404071807861,5.550404071807861,5.550404071807861,0
2004-09-30,5.550404071807861,5.550404071807861,5.550404071807861,5.550404071807861,5.550404071807861,0
2004-10-01,5.550404071807861,5.550404071807861,5.550404071807861,5.550404071807861,5.550404071807861,0
2004-10-04,5.550404071807861,5.550404071807861,5.550404071807861,5.550404071807861,5.550404071807861,0
2004-10-05,5.550404071807861,5.550404071807861,5.550404071807861,5.550404071807861,5.550404071807861,565483
2004-10-06,5.550404071807861,5.550404071807861,5.550404071807861,5.550404071807861,5.550404071807861,0
2004-10-07,5.550404071807861,5.550404071807861,5.550404071807861,5.550404071807861,5.550404071807861,0
2004-10-08,5.550404071807861,5.550404071807861,5.550404071807861,5.550404071807861,5.550404071807861,0
2004-10-11,5.550404071807861,5.550404071807861,5.550404071807861,5.550404071807861,5.550404071807861,0
2004-10-12,5.550404071807861,5.550404071807861,5.550404071807861,5.550404071807861,5.550404071807861,0
2004-10-13,5.550404071807861,5.550404071807861,5.550404071807861,5.550404071807861,5.550404071807861,0
2004-10-14,5.550404071807861,5.550404071807861,5.550404071807861,5.550404071807861,5.550404071807861,0
2004-10-15,5.550404071807861,5.550404071807861,5.550404071807861,5.550404071807861,5.550404071807861,0
2004-10-18,5.462303161621094,5.462303161621094,5.462303161621094,5.462303161621094,5.462303161621094,56866
2004-10-19,5.462303161621094,5.462303161621094,5.462303161621094,5.462303161621094,5.462303161621094,0
2004-10-20,5.462303161621094,5.462303161621094,5.462303161621094,5.462303161621094,5.462303161621094,0
2004-10-21,5.462303161621094,5.462303161621094,5.374200820922852,5.374200820922852,5.374200820922852,28376
2004-10-22,5.374200820922852,5.374200820922852,5.374200820922852,5.374200820922852,5.374200820922852,0
2004-10-25,5.374200820922852,5.374200820922852,5.374200820922852,5.374200820922852,5.374200820922852,0
2004-10-26,5.374200820922852,5.374200820922852,5.374200820922852,5.374200820922852,5.374200820922852,70827
2004-10-27,5.286098957061768,5.286098957061768,5.286098957061768,5.286098957061768,5.286098957061768,75707
2004-10-28,5.286098957061768,5.286098957061768,5.286098957061768,5.286098957061768,5.286098957061768,0
2004-10-29,5.286098957061768,5.286098957061768,5.286098957061768,5.286098957061768,5.286098957061768,0
2004-11-01,5.286098957061768,5.286098957061768,5.286098957061768,5.286098957061768,5.286098957061768,0
2004-11-02,5.286098957061768,5.286098957061768,5.286098957061768,5.286098957061768,5.286098957061768,0
2004-11-03,5.286098957061768,5.286098957061768,5.286098957061768,5.286098957061768,5.286098957061768,0
2004-11-04,5.286098957061768,5.286098957061768,5.286098957061768,5.286098957061768,5.286098957061768,0
2004-11-05,5.286098957061768,5.286098957061768,5.286098957061768,5.286098957061768,5.286098957061768,0
2004-11-08,5.286098957061768,5.286098957061768,5.286098957061768,5.286098957061768,5.286098957061768,0
2004-11-09,5.286098957061768,5.286098957061768,5.286098957061768,5.286098957061768,5.286098957061768,0
2004-11-10,5.286098957061768,5.286098957061768,5.286098957061768,5.286098957061768,5.286098957061768,0
2004-11-11,5.286098957061768,5.286098957061768,5.286098957061768,5.286098957061768,5.286098957061768,0
2004-11-12,5.286098957061768,5.286098957061768,5.286098957061768,5.286098957061768,5.286098957061768,0
2004-11-15,5.286098957061768,5.286098957061768,5.286098957061768,5.286098957061768,5.286098957061768,0
2004-11-16,5.286098957061768,5.286098957061768,5.286098957061768,5.286098957061768,5.286098957061768,0
2004-11-17,5.286098957061768,5.286098957061768,5.286098957061768,5.286098957061768,5.286098957061768,0
2004-11-18,5.286098957061768,5.286098957061768,5.286098957061768,5.286098957061768,5.286098957061768,0
2004-11-19,5.286098957061768,5.286098957061768,5.286098957061768,5.286098957061768,5.286098957061768,0
2004-11-22,5.286098957061768,5.286098957061768,5.286098957061768,5.286098957061768,5.286098957061768,0
2004-11-23,5.286098957061768,5.286098957061768,5.286098957061768,5.286098957061768,5.286098957061768,0
2004-11-24,5.286098957061768,5.286098957061768,5.286098957061768,5.286098957061768,5.286098957061768,362308
2004-11-25,5.286098957061768,5.286098957061768,5.286098957061768,5.286098957061768,5.286098957061768,589319
2004-11-26,5.286098957061768,5.286098957061768,5.286098957061768,5.286098957061768,5.286098957061768,0
2004-11-29,5.286098957061768,5.374200820922852,5.286098957061768,5.374200820922852,5.374200820922852,617695
2004-11-30,5.374200820922852,5.374200820922852,5.374200820922852,5.374200820922852,5.374200820922852,0
2004-12-01,5.374200820922852,5.374200820922852,5.374200820922852,5.374200820922852,5.374200820922852,0
2004-12-02,5.374200820922852,5.374200820922852,5.374200820922852,5.374200820922852,5.374200820922852,0
2004-12-03,5.374200820922852,5.374200820922852,5.374200820922852,5.374200820922852,5.374200820922852,0
2004-12-06,5.374200820922852,5.374200820922852,5.374200820922852,5.374200820922852,5.374200820922852,0
2004-12-07,6.167116165161133,6.167116165161133,5.638505935668945,6.167116165161133,6.167116165161133,9647
2004-12-08,6.079013824462891,6.079013824462891,6.079013824462891,6.079013824462891,6.079013824462891,0
2004-12-09,5.814709186553955,5.814709186553955,5.814709186553955,5.814709186553955,5.814709186553955,0
2004-12-10,5.814709186553955,5.814709186553955,5.814709186553955,5.814709186553955,5.814709186553955,0
2004-12-13,4.933692932128906,4.933692932128906,4.933692932128906,4.933692932128906,4.933692932128906,1702
2004-12-14,4.933692932128906,4.933692932128906,4.933692932128906,4.933692932128906,4.933692932128906,0
2004-12-15,5.726607799530029,5.726607799530029,5.726607799530029,5.726607799530029,5.726607799530029,28376
2004-12-16,5.638505935668945,5.638505935668945,5.638505935668945,5.638505935668945,5.638505935668945,0
2004-12-17,5.550404071807861,5.550404071807861,5.550404071807861,5.550404071807861,5.550404071807861,0
2004-12-20,5.638505935668945,5.638505935668945,5.638505935668945,5.638505935668945,5.638505935668945,28376
2004-12-21,5.638505935668945,5.638505935668945,5.638505935668945,5.638505935668945,5.638505935668945,0
2004-12-22,5.638505935668945,5.638505935668945,5.638505935668945,5.638505935668945,5.638505935668945,0
2004-12-23,5.638505935668945,5.638505935668945,5.638505935668945,5.638505935668945,5.638505935668945,12258
2004-12-24,5.638505935668945,5.638505935668945,5.638505935668945,5.638505935668945,5.638505935668945,0
2004-12-27,5.638505935668945,5.638505935668945,5.638505935668945,5.638505935668945,5.638505935668945,0
2004-12-28,5.638505935668945,5.638505935668945,5.638505935668945,5.638505935668945,5.638505935668945,5675
2004-12-29,5.638505935668945,5.638505935668945,5.638505935668945,5.638505935668945,5.638505935668945,0
2004-12-30,5.638505935668945,5.638505935668945,5.638505935668945,5.638505935668945,5.638505935668945,0
2004-12-31,5.638505935668945,5.638505935668945,5.638505935668945,5.638505935668945,5.638505935668945,0
2005-01-03,5.638505935668945,5.638505935668945,5.638505935668945,5.638505935668945,5.638505935668945,0
2005-01-04,5.638505935668945,5.638505935668945,5.638505935668945,5.638505935668945,5.638505935668945,0
2005-01-05,5.638505935668945,5.638505935668945,5.638505935668945,5.638505935668945,5.638505935668945,0
2005-01-06,5.638505935668945,5.638505935668945,5.638505935668945,5.638505935668945,5.638505935668945,0
2005-01-07,5.638505935668945,5.638505935668945,5.638505935668945,5.638505935668945,5.638505935668945,0
2005-01-10,5.638505935668945,5.638505935668945,5.638505935668945,5.638505935668945,5.638505935668945,0
2005-01-11,5.638505935668945,5.638505935668945,5.638505935668945,5.638505935668945,5.638505935668945,0
2005-01-12,5.638505935668945,5.638505935668945,5.638505935668945,5.638505935668945,5.638505935668945,0
2005-01-13,5.638505935668945,5.638505935668945,5.638505935668945,5.638505935668945,5.638505935668945,0
2005-01-14,5.638505935668945,5.638505935668945,5.638505935668945,5.638505935668945,5.638505935668945,0
2005-01-17,5.638505935668945,5.638505935668945,5.638505935668945,5.638505935668945,5.638505935668945,0
2005-01-18,5.638505935668945,5.638505935668945,5.550404071807861,5.550404071807861,5.550404071807861,92506
2005-01-19,5.550404071807861,5.550404071807861,5.550404071807861,5.550404071807861,5.550404071807861,0
2005-01-20,5.550404071807861,5.550404071807861,5.550404071807861,5.550404071807861,5.550404071807861,0
2005-01-21,5.550404071807861,5.550404071807861,5.550404071807861,5.550404071807861,5.550404071807861,0
2005-01-24,5.462303161621094,5.462303161621094,5.462303161621094,5.462303161621094,5.462303161621094,0
2005-01-25,5.374200820922852,5.374200820922852,5.374200820922852,5.374200820922852,5.374200820922852,0
2005-01-26,5.286098957061768,5.286098957061768,5.286098957061768,5.286098957061768,5.286098957061768,0
2005-01-27,5.197998046875,5.197998046875,5.197998046875,5.197998046875,5.197998046875,0
2005-01-28,5.197998046875,5.197998046875,5.197998046875,5.197998046875,5.197998046875,0
2005-01-31,5.197998046875,5.197998046875,5.197998046875,5.197998046875,5.197998046875,0
2005-02-01,5.197998046875,5.197998046875,5.197998046875,5.197998046875,5.197998046875,0
2005-02-02,5.109896183013916,5.550404071807861,5.109896183013916,5.550404071807861,5.550404071807861,1135
2005-02-03,5.550404071807861,5.550404071807861,5.550404071807861,5.550404071807861,5.550404071807861,0
2005-02-04,5.550404071807861,5.550404071807861,5.550404071807861,5.550404071807861,5.550404071807861,0
2005-02-07,5.286098957061768,5.286098957061768,5.286098957061768,5.286098957061768,5.286098957061768,0
2005-02-08,5.109896183013916,5.109896183013916,5.109896183013916,5.109896183013916,5.109896183013916,0
2005-02-14,5.021793842315674,5.021793842315674,5.021793842315674,5.021793842315674,5.021793842315674,0
2005-02-15,5.021793842315674,5.021793842315674,5.021793842315674,5.021793842315674,5.021793842315674,0
2005-02-16,4.933692932128906,4.933692932128906,4.933692932128906,4.933692932128906,4.933692932128906,0
2005-02-17,4.933692932128906,4.933692932128906,4.933692932128906,4.933692932128906,4.933692932128906,0
2005-02-18,4.933692932128906,4.933692932128906,4.933692932128906,4.933692932128906,4.933692932128906,0
2005-02-21,4.933692932128906,4.933692932128906,4.933692932128906,4.933692932128906,4.933692932128906,0
2005-02-22,4.933692932128906,4.933692932128906,4.933692932128906,4.933692932128906,4.933692932128906,0
2005-02-23,4.933692932128906,4.933692932128906,4.933692932128906,4.933692932128906,4.933692932128906,312139
2005-02-24,4.933692932128906,4.933692932128906,4.933692932128906,4.933692932128906,4.933692932128906,0
2005-02-25,4.933692932128906,4.933692932128906,4.933692932128906,4.933692932128906,4.933692932128906,0
2005-02-28,4.933692932128906,4.933692932128906,4.933692932128906,4.933692932128906,4.933692932128906,0
2005-03-01,4.933692932128906,4.933692932128906,4.933692932128906,4.933692932128906,4.933692932128906,0
2005-03-02,4.933692932128906,4.933692932128906,4.933692932128906,4.933692932128906,4.933692932128906,0
2005-03-03,4.933692932128906,4.933692932128906,4.933692932128906,4.933692932128906,4.933692932128906,0
2005-03-04,4.933692932128906,4.933692932128906,4.933692932128906,4.933692932128906,4.933692932128906,0
2005-03-07,4.933692932128906,4.933692932128906,4.933692932128906,4.933692932128906,4.933692932128906,0
2005-03-08,4.933692932128906,4.933692932128906,4.933692932128906,4.933692932128906,4.933692932128906,0
2005-03-09,4.933692932128906,4.933692932128906,4.933692932128906,4.933692932128906,4.933692932128906,0
2005-03-10,4.933692932128906,4.933692932128906,4.933692932128906,4.933692932128906,4.933692932128906,0
2005-03-11,4.933692932128906,4.933692932128906,4.933692932128906,4.933692932128906,4.933692932128906,0
2005-03-14,4.933692932128906,4.933692932128906,4.933692932128906,4.933692932128906,4.933692932128906,0
2005-03-15,5.286098957061768,5.638505935668945,5.286098957061768,5.638505935668945,5.638505935668945,1135
2005-03-16,5.638505935668945,5.638505935668945,5.638505935668945,5.638505935668945,5.638505935668945,0
2005-03-17,5.638505935668945,5.638505935668945,5.638505935668945,5.638505935668945,5.638505935668945,0
2005-03-18,5.638505935668945,5.638505935668945,5.638505935668945,5.638505935668945,5.638505935668945,0
2005-03-21,5.550404071807861,5.550404071807861,5.550404071807861,5.550404071807861,5.550404071807861,0
2005-03-22,5.550404071807861,5.550404071807861,5.550404071807861,5.550404071807861,5.550404071807861,0
2005-03-23,5.550404071807861,5.550404071807861,5.550404071807861,5.550404071807861,5.550404071807861,0
2005-03-24,5.550404071807861,5.550404071807861,5.550404071807861,5.550404071807861,5.550404071807861,0
2005-03-29,5.462303161621094,5.462303161621094,5.462303161621094,5.462303161621094,5.462303161621094,0
2005-03-30,5.462303161621094,5.462303161621094,5.462303161621094,5.462303161621094,5.462303161621094,0
2005-03-31,5.462303161621094,5.462303161621094,5.462303161621094,5.462303161621094,5.462303161621094,0
2005-04-01,5.286098957061768,5.286098957061768,5.286098957061768,5.286098957061768,5.286098957061768,0
2005-04-04,5.286098957061768,5.286098957061768,5.286098957061768,5.286098957061768,5.286098957061768,0
2005-04-06,5.286098957061768,5.286098957061768,5.286098957061768,5.286098957061768,5.286098957061768,0
2005-04-07,5.286098957061768,5.286098957061768,5.286098957061768,5.286098957061768,5.286098957061768,0
2005-04-08,4.5812859535217285,4.5812859535217285,4.5812859535217285,4.5812859535217285,4.5812859535217285,1135
2005-04-11,4.5812859535217285,4.5812859535217285,4.5812859535217285,4.5812859535217285,4.5812859535217285,0
2005-04-12,4.5812859535217285,4.5812859535217285,4.5812859535217285,4.5812859535217285,4.5812859535217285,0
2005-04-13,4.5812859535217285,4.5812859535217285,4.5812859535217285,4.5812859535217285,4.5812859535217285,0
2005-04-14,4.5812859535217285,4.5812859535217285,4.5812859535217285,4.5812859535217285,4.5812859535217285,0
2005-04-15,4.5812859535217285,4.5812859535217285,4.5812859535217285,4.5812859535217285,4.5812859535217285,0
2005-04-18,4.5812859535217285,4.5812859535217285,4.5812859535217285,4.5812859535217285,4.5812859535217285,0
2005-04-19,4.5812859535217285,4.5812859535217285,4.5812859535217285,4.5812859535217285,4.5812859535217285,0
2005-04-20,4.5812859535217285,4.5812859535217285,4.5812859535217285,4.5812859535217285,4.5812859535217285,0
2005-04-21,4.5812859535217285,4.5812859535217285,4.5812859535217285,4.5812859535217285,4.5812859535217285,0
2005-04-22,4.5812859535217285,4.5812859535217285,4.5812859535217285,4.5812859535217285,4.5812859535217285,56752
2005-04-25,4.5812859535217285,4.5812859535217285,4.5812859535217285,4.5812859535217285,4.5812859535217285,106694
2005-04-26,4.5812859535217285,4.5812859535217285,4.5812859535217285,4.5812859535217285,4.5812859535217285,326214
2005-04-27,4.5812859535217285,4.5812859535217285,4.5812859535217285,4.5812859535217285,4.5812859535217285,164582
2005-04-28,4.5812859535217285,4.5812859535217285,4.5812859535217285,4.5812859535217285,4.5812859535217285,505098
2005-04-29,4.5812859535217285,4.5812859535217285,4.5812859535217285,4.5812859535217285,4.5812859535217285,0
2005-05-03,4.5812859535217285,4.5812859535217285,4.5812859535217285,4.5812859535217285,4.5812859535217285,0
2005-05-04,4.5812859535217285,4.5812859535217285,4.5812859535217285,4.5812859535217285,4.5812859535217285,0
2005-05-05,4.5812859535217285,4.5812859535217285,4.5812859535217285,4.5812859535217285,4.5812859535217285,0
2005-05-06,4.5812859535217285,4.5812859535217285,4.5812859535217285,4.5812859535217285,4.5812859535217285,0
2005-05-09,4.405083179473877,4.405083179473877,4.405083179473877,4.405083179473877,4.405083179473877,0
2005-05-10,4.405083179473877,4.405083179473877,4.405083179473877,4.405083179473877,4.405083179473877,0
2005-05-11,4.405083179473877,4.405083179473877,4.405083179473877,4.405083179473877,4.405083179473877,0
2005-05-12,4.405083179473877,4.405083179473877,4.405083179473877,4.405083179473877,4.405083179473877,0
2005-05-13,4.405083179473877,4.405083179473877,4.405083179473877,4.405083179473877,4.405083179473877,283763
2005-05-17,4.405083179473877,4.405083179473877,4.405083179473877,4.405083179473877,4.405083179473877,0
2005-05-18,4.405083179473877,4.405083179473877,4.405083179473877,4.405083179473877,4.405083179473877,0
2005-05-19,4.405083179473877,4.405083179473877,4.387462139129639,4.405083179473877,4.405083179473877,148124
2005-05-20,4.405083179473877,4.405083179473877,4.387462139129639,4.387462139129639,4.387462139129639,114640
2005-05-23,4.369842052459717,4.369842052459717,4.369842052459717,4.369842052459717,4.369842052459717,73778
2005-05-24,4.334600925445557,4.352221965789795,4.334600925445557,4.352221965789795,4.352221965789795,43472
2005-05-25,4.316980838775635,4.316980838775635,4.316980838775635,4.316980838775635,4.316980838775635,188986
2005-05-26,4.316980838775635,4.316980838775635,4.316980838775635,4.316980838775635,4.316980838775635,0
2005-05-27,4.299361228942871,4.299361228942871,4.299361228942871,4.299361228942871,4.299361228942871,0
2005-05-30,4.299361228942871,4.299361228942871,4.299361228942871,4.299361228942871,4.299361228942871,0
2005-05-31,4.299361228942871,4.299361228942871,4.299361228942871,4.299361228942871,4.299361228942871,0
2005-06-01,4.299361228942871,4.299361228942871,4.299361228942871,4.299361228942871,4.299361228942871,0
2005-06-02,4.299361228942871,4.299361228942871,4.299361228942871,4.299361228942871,4.299361228942871,0
2005-06-03,4.299361228942871,4.299361228942871,4.299361228942871,4.299361228942871,4.299361228942871,17025
2005-06-06,4.299361228942871,4.299361228942871,4.299361228942871,4.299361228942871,4.299361228942871,85128
2005-06-07,4.299361228942871,4.299361228942871,4.299361228942871,4.299361228942871,4.299361228942871,0
2005-06-08,4.299361228942871,4.299361228942871,4.299361228942871,4.299361228942871,4.299361228942871,0
2005-06-09,4.299361228942871,4.299361228942871,4.299361228942871,4.299361228942871,4.299361228942871,0
2005-06-10,4.299361228942871,4.299361228942871,4.299361228942871,4.299361228942871,4.299361228942871,0
2005-06-13,4.299361228942871,4.299361228942871,4.299361228942871,4.299361228942871,4.299361228942871,0
2005-06-14,4.299361228942871,4.299361228942871,4.299361228942871,4.299361228942871,4.299361228942871,0
2005-06-15,4.299361228942871,4.299361228942871,4.299361228942871,4.299361228942871,4.299361228942871,0
2005-06-16,4.299361228942871,4.299361228942871,4.299361228942871,4.299361228942871,4.299361228942871,0
2005-06-17,4.299361228942871,4.299361228942871,4.299361228942871,4.299361228942871,4.299361228942871,0
2005-06-20,4.299361228942871,4.299361228942871,4.299361228942871,4.299361228942871,4.299361228942871,0
2005-06-21,4.299361228942871,4.299361228942871,4.299361228942871,4.299361228942871,4.299361228942871,0
2005-06-22,4.299361228942871,4.299361228942871,4.299361228942871,4.299361228942871,4.299361228942871,0
2005-06-23,4.299361228942871,4.299361228942871,4.299361228942871,4.299361228942871,4.299361228942871,0
2005-06-24,4.299361228942871,4.299361228942871,4.299361228942871,4.299361228942871,4.299361228942871,0
2005-06-27,4.299361228942871,4.299361228942871,4.299361228942871,4.299361228942871,4.299361228942871,0
2005-06-28,4.299361228942871,4.299361228942871,4.299361228942871,4.299361228942871,4.299361228942871,0
2005-06-29,4.299361228942871,4.299361228942871,4.299361228942871,4.299361228942871,4.299361228942871,0
2005-06-30,4.299361228942871,4.299361228942871,4.299361228942871,4.299361228942871,4.299361228942871,30646
2005-07-04,4.264120101928711,4.281740188598633,4.264120101928711,4.281740188598633,4.281740188598633,141881
2005-07-05,4.281740188598633,4.281740188598633,4.281740188598633,4.281740188598633,4.281740188598633,0
2005-07-06,4.281740188598633,4.281740188598633,4.281740188598633,4.281740188598633,4.281740188598633,0
2005-07-07,4.281740188598633,4.281740188598633,4.281740188598633,4.281740188598633,4.281740188598633,0
2005-07-08,4.281740188598633,4.281740188598633,4.281740188598633,4.281740188598633,4.281740188598633,0
2005-07-11,4.281740188598633,4.281740188598633,4.281740188598633,4.281740188598633,4.281740188598633,0
2005-07-12,4.281740188598633,4.281740188598633,4.281740188598633,4.281740188598633,4.281740188598633,0
2005-07-13,4.281740188598633,4.281740188598633,4.281740188598633,4.281740188598633,4.281740188598633,0
2005-07-14,4.281740188598633,4.281740188598633,4.281740188598633,4.281740188598633,4.281740188598633,0
2005-07-15,4.281740188598633,4.281740188598633,4.281740188598633,4.281740188598633,4.281740188598633,0
2005-07-18,4.281740188598633,4.281740188598633,4.281740188598633,4.281740188598633,4.281740188598633,0
2005-07-19,4.281740188598633,4.281740188598633,4.281740188598633,4.281740188598633,4.281740188598633,0
2005-07-20,4.264120101928711,4.264120101928711,4.264120101928711,4.264120101928711,4.264120101928711,0
2005-07-21,4.264120101928711,4.264120101928711,4.264120101928711,4.264120101928711,4.264120101928711,0
2005-07-22,4.264120101928711,4.264120101928711,4.264120101928711,4.264120101928711,4.264120101928711,0
2005-07-25,4.264120101928711,4.264120101928711,4.264120101928711,4.264120101928711,4.264120101928711,0
2005-07-26,4.264120101928711,4.264120101928711,4.264120101928711,4.264120101928711,4.264120101928711,0
2005-07-27,4.264120101928711,4.264120101928711,4.264120101928711,4.264120101928711,4.264120101928711,0
2005-07-28,4.264120101928711,4.264120101928711,4.264120101928711,4.264120101928711,4.264120101928711,0
2005-07-29,4.264120101928711,4.264120101928711,4.264120101928711,4.264120101928711,4.264120101928711,0
2005-08-01,4.264120101928711,4.264120101928711,4.264120101928711,4.264120101928711,4.264120101928711,0
2005-08-02,4.264120101928711,4.264120101928711,4.264120101928711,4.264120101928711,4.264120101928711,0
2005-08-03,4.264120101928711,4.264120101928711,4.264120101928711,4.264120101928711,4.264120101928711,0
2005-08-04,4.264120101928711,4.264120101928711,4.264120101928711,4.264120101928711,4.264120101928711,0
2005-08-05,4.264120101928711,4.264120101928711,4.264120101928711,4.264120101928711,4.264120101928711,0
2005-08-08,4.264120101928711,4.264120101928711,4.264120101928711,4.264120101928711,4.264120101928711,0
2005-08-09,4.264120101928711,4.264120101928711,4.264120101928711,4.264120101928711,4.264120101928711,0
2005-08-10,4.264120101928711,4.264120101928711,4.264120101928711,4.264120101928711,4.264120101928711,0
2005-08-11,4.264120101928711,4.264120101928711,4.264120101928711,4.264120101928711,4.264120101928711,0
2005-08-12,4.264120101928711,4.264120101928711,4.264120101928711,4.264120101928711,4.264120101928711,0
2005-08-15,4.264120101928711,4.264120101928711,4.264120101928711,4.264120101928711,4.264120101928711,0
2005-08-16,4.264120101928711,4.264120101928711,4.264120101928711,4.264120101928711,4.264120101928711,0
2005-08-17,4.264120101928711,4.264120101928711,4.264120101928711,4.264120101928711,4.264120101928711,0
2005-08-18,4.264120101928711,4.264120101928711,4.264120101928711,4.264120101928711,4.264120101928711,0
2005-08-19,4.264120101928711,4.264120101928711,4.264120101928711,4.264120101928711,4.264120101928711,0
2005-08-22,4.264120101928711,4.264120101928711,4.264120101928711,4.264120101928711,4.264120101928711,0
2005-08-23,4.264120101928711,4.264120101928711,4.264120101928711,4.264120101928711,4.264120101928711,0
2005-08-24,4.264120101928711,4.264120101928711,4.264120101928711,4.264120101928711,4.264120101928711,0
2005-08-25,4.264120101928711,4.264120101928711,4.264120101928711,4.264120101928711,4.264120101928711,0
2005-08-26,4.264120101928711,4.264120101928711,4.264120101928711,4.264120101928711,4.264120101928711,0
2005-08-29,4.264120101928711,4.264120101928711,4.264120101928711,4.264120101928711,4.264120101928711,0
2005-08-30,4.264120101928711,4.264120101928711,4.264120101928711,4.264120101928711,4.264120101928711,0
2005-08-31,4.264120101928711,4.264120101928711,4.264120101928711,4.264120101928711,4.264120101928711,0
2005-09-01,4.264120101928711,4.264120101928711,4.264120101928711,4.264120101928711,4.264120101928711,0
2005-09-02,4.264120101928711,4.264120101928711,4.264120101928711,4.264120101928711,4.264120101928711,0
2005-09-05,4.264120101928711,4.264120101928711,4.264120101928711,4.264120101928711,4.264120101928711,0
2005-09-06,4.264120101928711,4.264120101928711,4.264120101928711,4.264120101928711,4.264120101928711,0
2005-09-07,4.264120101928711,4.264120101928711,4.264120101928711,4.264120101928711,4.264120101928711,0
2005-09-08,4.264120101928711,4.264120101928711,4.264120101928711,4.264120101928711,4.264120101928711,0
2005-09-09,4.264120101928711,4.264120101928711,4.264120101928711,4.264120101928711,4.264120101928711,0
2005-09-12,4.264120101928711,4.264120101928711,4.264120101928711,4.264120101928711,4.264120101928711,0
2005-09-13,4.264120101928711,4.264120101928711,4.264120101928711,4.264120101928711,4.264120101928711,0
2005-09-14,4.264120101928711,4.264120101928711,4.264120101928711,4.264120101928711,4.264120101928711,0
2005-09-15,4.264120101928711,4.264120101928711,4.264120101928711,4.264120101928711,4.264120101928711,0
2005-09-16,4.264120101928711,4.264120101928711,4.264120101928711,4.264120101928711,4.264120101928711,0
2005-09-20,4.264120101928711,4.264120101928711,4.264120101928711,4.264120101928711,4.264120101928711,0
2005-09-21,4.264120101928711,4.264120101928711,4.264120101928711,4.264120101928711,4.264120101928711,0
2005-09-22,4.264120101928711,4.264120101928711,4.264120101928711,4.264120101928711,4.264120101928711,0
2005-09-23,4.264120101928711,4.264120101928711,4.264120101928711,4.264120101928711,4.264120101928711,0
2005-09-26,4.264120101928711,4.264120101928711,4.264120101928711,4.264120101928711,4.264120101928711,0
2005-09-27,4.264120101928711,4.264120101928711,4.264120101928711,4.264120101928711,4.264120101928711,0
2005-09-28,4.264120101928711,4.264120101928711,4.264120101928711,4.264120101928711,4.264120101928711,0
2005-09-29,4.264120101928711,4.264120101928711,4.264120101928711,4.264120101928711,4.264120101928711,0
2005-09-30,4.264120101928711,4.264120101928711,4.264120101928711,4.264120101928711,4.264120101928711,0
2005-10-03,4.264120101928711,4.264120101928711,4.264120101928711,4.264120101928711,4.264120101928711,0
2005-10-04,4.264120101928711,4.264120101928711,4.264120101928711,4.264120101928711,4.264120101928711,0
2005-10-05,4.264120101928711,4.264120101928711,4.264120101928711,4.264120101928711,4.264120101928711,0
2005-10-06,4.264120101928711,4.264120101928711,4.264120101928711,4.264120101928711,4.264120101928711,0
2005-10-07,4.264120101928711,4.264120101928711,4.264120101928711,4.264120101928711,4.264120101928711,0
2005-10-10,4.264120101928711,4.264120101928711,4.264120101928711,4.264120101928711,4.264120101928711,0
2005-10-12,4.264120101928711,4.264120101928711,4.264120101928711,4.264120101928711,4.264120101928711,0
2005-10-13,4.264120101928711,4.264120101928711,4.264120101928711,4.264120101928711,4.264120101928711,0
2005-10-14,4.264120101928711,4.264120101928711,4.264120101928711,4.264120101928711,4.264120101928711,0
2005-10-17,4.264120101928711,4.264120101928711,4.264120101928711,4.264120101928711,4.264120101928711,0
2005-10-18,4.264120101928711,4.264120101928711,4.264120101928711,4.264120101928711,4.264120101928711,0
2005-10-19,4.264120101928711,4.264120101928711,4.264120101928711,4.264120101928711,4.264120101928711,0
2005-10-20,4.264120101928711,4.264120101928711,4.264120101928711,4.264120101928711,4.264120101928711,0
2005-10-21,4.264120101928711,4.264120101928711,4.264120101928711,4.264120101928711,4.264120101928711,0
2005-10-24,4.264120101928711,4.264120101928711,4.264120101928711,4.264120101928711,4.264120101928711,0
2005-10-25,4.264120101928711,4.264120101928711,4.264120101928711,4.264120101928711,4.264120101928711,0
2005-10-26,4.264120101928711,4.264120101928711,4.264120101928711,4.264120101928711,4.264120101928711,0
2005-10-27,4.264120101928711,4.264120101928711,4.264120101928711,4.264120101928711,4.264120101928711,0
2005-10-28,4.264120101928711,4.264120101928711,4.264120101928711,4.264120101928711,4.264120101928711,0
2005-10-31,4.264120101928711,4.264120101928711,4.264120101928711,4.264120101928711,4.264120101928711,0
2005-11-01,4.264120101928711,4.264120101928711,4.264120101928711,4.264120101928711,4.264120101928711,0
2005-11-02,4.405083179473877,4.405083179473877,4.405083179473877,4.405083179473877,4.405083179473877,86831
2005-11-03,4.369842052459717,4.369842052459717,4.369842052459717,4.369842052459717,4.369842052459717,276952
2005-11-04,4.334600925445557,4.334600925445557,4.334600925445557,4.334600925445557,4.334600925445557,28376
2005-11-07,4.334600925445557,4.334600925445557,4.334600925445557,4.334600925445557,4.334600925445557,0
2005-11-08,4.387462139129639,4.387462139129639,4.387462139129639,4.387462139129639,4.387462139129639,56752
2005-11-09,4.228878974914551,4.228878974914551,4.228878974914551,4.228878974914551,4.228878974914551,0
2005-11-10,4.228878974914551,4.228878974914551,4.228878974914551,4.228878974914551,4.228878974914551,0
2005-11-11,4.228878974914551,4.228878974914551,4.228878974914551,4.228878974914551,4.228878974914551,0
2005-11-14,4.228878974914551,4.228878974914551,4.228878974914551,4.228878974914551,4.228878974914551,0
2005-11-15,4.228878974914551,4.228878974914551,4.228878974914551,4.228878974914551,4.228878974914551,0
2005-11-16,4.228878974914551,4.228878974914551,4.228878974914551,4.228878974914551,4.228878974914551,0
2005-11-17,4.228878974914551,4.228878974914551,4.228878974914551,4.228878974914551,4.228878974914551,0
2005-11-18,4.228878974914551,4.228878974914551,4.228878974914551,4.228878974914551,4.228878974914551,0
2005-11-21,4.228878974914551,4.228878974914551,4.228878974914551,4.228878974914551,4.228878974914551,0
2005-11-22,4.228878974914551,4.228878974914551,4.228878974914551,4.228878974914551,4.228878974914551,0
2005-11-23,4.228878974914551,4.228878974914551,4.228878974914551,4.228878974914551,4.228878974914551,0
2005-11-24,4.228878974914551,4.228878974914551,4.228878974914551,4.228878974914551,4.228878974914551,0
2005-11-25,4.228878974914551,4.228878974914551,4.228878974914551,4.228878974914551,4.228878974914551,0
2005-11-28,4.228878974914551,4.228878974914551,4.228878974914551,4.228878974914551,4.228878974914551,0
2005-11-29,4.228878974914551,4.228878974914551,4.228878974914551,4.228878974914551,4.228878974914551,0
2005-11-30,4.228878974914551,4.228878974914551,4.228878974914551,4.228878974914551,4.228878974914551,0
2005-12-01,4.228878974914551,4.228878974914551,4.228878974914551,4.228878974914551,4.228878974914551,0
2005-12-02,4.228878974914551,4.228878974914551,4.228878974914551,4.228878974914551,4.228878974914551,0
2005-12-05,4.228878974914551,4.228878974914551,4.228878974914551,4.228878974914551,4.228878974914551,0
2005-12-06,4.228878974914551,4.228878974914551,4.228878974914551,4.228878974914551,4.228878974914551,0
2005-12-07,4.228878974914551,4.228878974914551,4.228878974914551,4.228878974914551,4.228878974914551,0
2005-12-08,4.228878974914551,4.228878974914551,4.228878974914551,4.228878974914551,4.228878974914551,0
2005-12-09,4.228878974914551,4.228878974914551,4.228878974914551,4.228878974914551,4.228878974914551,0
2005-12-12,4.228878974914551,4.228878974914551,4.228878974914551,4.228878974914551,4.228878974914551,0
2005-12-13,4.228878974914551,4.228878974914551,4.228878974914551,4.228878974914551,4.228878974914551,0
2005-12-14,4.228878974914551,4.228878974914551,4.228878974914551,4.228878974914551,4.228878974914551,0
2005-12-15,3.7002689838409424,3.8764729499816895,3.7002689838409424,3.8764729499816895,3.8764729499816895,567
2005-12-16,3.8764729499816895,3.8764729499816895,3.8764729499816895,3.8764729499816895,3.8764729499816895,0
2005-12-19,3.7002689838409424,3.7002689838409424,3.7002689838409424,3.7002689838409424,3.7002689838409424,0
2005-12-20,3.7002689838409424,3.7002689838409424,3.7002689838409424,3.7002689838409424,3.7002689838409424,0
2005-12-21,3.7002689838409424,3.7002689838409424,3.7002689838409424,3.7002689838409424,3.7002689838409424,0
2005-12-22,3.7002689838409424,3.7002689838409424,3.7002689838409424,3.7002689838409424,3.7002689838409424,0
2005-12-23,3.7002689838409424,3.7002689838409424,3.7002689838409424,3.7002689838409424,3.7002689838409424,0
2005-12-28,3.7002689838409424,3.7002689838409424,3.7002689838409424,3.7002689838409424,3.7002689838409424,0
2005-12-29,3.7002689838409424,3.7002689838409424,3.7002689838409424,3.7002689838409424,3.7002689838409424,0
2005-12-30,3.7002689838409424,3.7002689838409424,3.7002689838409424,3.7002689838409424,3.7002689838409424,0
2006-01-03,3.7002689838409424,3.7002689838409424,3.7002689838409424,3.7002689838409424,3.7002689838409424,0
2006-01-04,3.7002689838409424,3.7002689838409424,3.7002689838409424,3.7002689838409424,3.7002689838409424,0
2006-01-05,3.7002689838409424,3.7002689838409424,3.7002689838409424,3.7002689838409424,3.7002689838409424,0
2006-01-06,3.7002689838409424,3.7002689838409424,3.7002689838409424,3.7002689838409424,3.7002689838409424,0
2006-01-09,3.8764729499816895,3.8764729499816895,3.8764729499816895,3.8764729499816895,3.8764729499816895,0
2006-01-10,3.8764729499816895,3.8764729499816895,3.8764729499816895,3.8764729499816895,3.8764729499816895,0
2006-01-11,3.7002689838409424,3.7002689838409424,3.7002689838409424,3.7002689838409424,3.7002689838409424,0
2006-01-12,3.7002689838409424,3.7002689838409424,3.7002689838409424,3.7002689838409424,3.7002689838409424,0
2006-01-13,3.7002689838409424,3.7002689838409424,3.7002689838409424,3.7002689838409424,3.7002689838409424,0
2006-01-16,3.7002689838409424,3.7002689838409424,3.7002689838409424,3.7002689838409424,3.7002689838409424,0
2006-01-17,3.7002689838409424,3.7002689838409424,3.7002689838409424,3.7002689838409424,3.7002689838409424,0
2006-01-18,3.5240659713745117,3.7002689838409424,3.5240659713745117,3.7002689838409424,3.7002689838409424,39726
2006-01-19,3.7002689838409424,3.7002689838409424,3.7002689838409424,3.7002689838409424,3.7002689838409424,0
2006-01-20,3.5240659713745117,3.5240659713745117,3.5240659713745117,3.5240659713745117,3.5240659713745117,0
2006-01-23,3.5240659713745117,3.5240659713745117,3.5240659713745117,3.5240659713745117,3.5240659713745117,0
2006-01-24,3.5240659713745117,3.5240659713745117,3.5240659713745117,3.5240659713745117,3.5240659713745117,0
2006-01-25,3.5240659713745117,3.5240659713745117,3.5240659713745117,3.5240659713745117,3.5240659713745117,0
2006-01-26,3.5240659713745117,3.5240659713745117,3.5240659713745117,3.5240659713745117,3.5240659713745117,0
2006-01-27,3.5240659713745117,3.5240659713745117,3.5240659713745117,3.5240659713745117,3.5240659713745117,0
2006-02-01,3.5240659713745117,3.5240659713745117,3.5240659713745117,3.5240659713745117,3.5240659713745117,0
2006-02-02,3.5240659713745117,3.5240659713745117,3.5240659713745117,3.5240659713745117,3.5240659713745117,0
2006-02-03,3.5240659713745117,3.5240659713745117,3.5240659713745117,3.5240659713745117,3.5240659713745117,0
2006-02-06,3.5240659713745117,3.5240659713745117,3.5240659713745117,3.5240659713745117,3.5240659713745117,0
2006-02-07,3.5240659713745117,3.5240659713745117,3.5240659713745117,3.5240659713745117,3.5240659713745117,0
2006-02-08,3.5240659713745117,3.5240659713745117,3.5240659713745117,3.5240659713745117,3.5240659713745117,0
2006-02-09,3.5240659713745117,3.5240659713745117,3.5240659713745117,3.5240659713745117,3.5240659713745117,0
2006-02-10,3.5240659713745117,3.5240659713745117,3.5240659713745117,3.5240659713745117,3.5240659713745117,0
2006-02-13,3.5240659713745117,3.5240659713745117,3.5240659713745117,3.5240659713745117,3.5240659713745117,0
2006-02-14,3.612168073654175,3.612168073654175,3.612168073654175,3.612168073654175,3.612168073654175,56752
2006-02-15,3.612168073654175,3.612168073654175,3.612168073654175,3.612168073654175,3.612168073654175,76616
2006-02-16,3.5240659713745117,3.5240659713745117,3.5240659713745117,3.5240659713745117,3.5240659713745117,0
2006-02-17,3.5240659713745117,3.5240659713745117,3.5240659713745117,3.5240659713745117,3.5240659713745117,93641
2006-02-20,3.5240659713745117,3.5240659713745117,3.5240659713745117,3.5240659713745117,3.5240659713745117,0
2006-02-21,3.5240659713745117,3.5240659713745117,3.5240659713745117,3.5240659713745117,3.5240659713745117,0
2006-02-22,3.5240659713745117,3.5240659713745117,3.5240659713745117,3.5240659713745117,3.5240659713745117,0
2006-02-23,3.5240659713745117,3.5240659713745117,3.5240659713745117,3.5240659713745117,3.5240659713745117,0
2006-02-24,3.5240659713745117,3.5240659713745117,3.5240659713745117,3.5240659713745117,3.5240659713745117,0
2006-02-27,3.5240659713745117,3.5240659713745117,3.5240659713745117,3.5240659713745117,3.5240659713745117,0
2006-02-28,3.5240659713745117,3.5240659713745117,3.5240659713745117,3.5240659713745117,3.5240659713745117,0
2006-03-01,3.5240659713745117,3.5240659713745117,3.5240659713745117,3.5240659713745117,3.5240659713745117,18387
2006-03-02,3.5240659713745117,3.5240659713745117,3.5240659713745117,3.5240659713745117,3.5240659713745117,0
2006-03-03,3.5240659713745117,3.5240659713745117,3.5240659713745117,3.5240659713745117,3.5240659713745117,0
2006-03-06,3.5240659713745117,3.5240659713745117,3.5240659713745117,3.5240659713745117,3.5240659713745117,22133
2006-03-07,3.5240659713745117,3.5240659713745117,3.5240659713745117,3.5240659713745117,3.5240659713745117,0
2006-03-08,3.5240659713745117,3.5240659713745117,3.5240659713745117,3.5240659713745117,3.5240659713745117,0
2006-03-09,3.5240659713745117,3.5240659713745117,3.5240659713745117,3.5240659713745117,3.5240659713745117,0
2006-03-10,3.5240659713745117,3.5240659713745117,3.5240659713745117,3.5240659713745117,3.5240659713745117,0
2006-03-13,3.5240659713745117,3.5240659713745117,3.5240659713745117,3.5240659713745117,3.5240659713745117,0
2006-03-14,3.5240659713745117,3.5240659713745117,3.5240659713745117,3.5240659713745117,3.5240659713745117,0
2006-03-15,3.5240659713745117,3.5240659713745117,3.5240659713745117,3.5240659713745117,3.5240659713745117,0
2006-03-16,3.5240659713745117,3.5240659713745117,3.5240659713745117,3.5240659713745117,3.5240659713745117,0
2006-03-17,3.5240659713745117,3.5240659713745117,3.5240659713745117,3.5240659713745117,3.5240659713745117,0
2006-03-20,3.5240659713745117,3.5240659713745117,3.5240659713745117,3.5240659713745117,3.5240659713745117,0
2006-03-21,3.5240659713745117,3.5240659713745117,3.5240659713745117,3.5240659713745117,3.5240659713745117,0
2006-03-22,3.5240659713745117,3.5240659713745117,3.5240659713745117,3.5240659713745117,3.5240659713745117,0
2006-03-23,3.5240659713745117,3.5240659713745117,3.5240659713745117,3.5240659713745117,3.5240659713745117,0
2006-03-24,3.5240659713745117,3.5240659713745117,3.5240659713745117,3.5240659713745117,3.5240659713745117,0
2006-03-27,3.5240659713745117,3.5240659713745117,3.5240659713745117,3.5240659713745117,3.5240659713745117,0
2006-03-28,3.5240659713745117,3.5240659713745117,3.5240659713745117,3.5240659713745117,3.5240659713745117,0
2006-03-29,3.5240659713745117,3.5240659713745117,3.5240659713745117,3.5240659713745117,3.5240659713745117,0
2006-03-30,3.5240659713745117,3.5240659713745117,3.5240659713745117,3.5240659713745117,3.5240659713745117,0
2006-03-31,3.5240659713745117,3.5240659713745117,3.5240659713745117,3.5240659713745117,3.5240659713745117,0
2006-04-03,3.5240659713745117,3.5240659713745117,3.5240659713745117,3.5240659713745117,3.5240659713745117,0
2006-04-04,3.5240659713745117,3.5240659713745117,3.5240659713745117,3.5240659713745117,3.5240659713745117,0
2006-04-06,3.5240659713745117,3.5240659713745117,3.5240659713745117,3.5240659713745117,3.5240659713745117,28376
2006-04-07,3.5240659713745117,3.5240659713745117,3.5240659713745117,3.5240659713745117,3.5240659713745117,0
2006-04-10,3.5240659713745117,3.5240659713745117,3.5240659713745117,3.5240659713745117,3.5240659713745117,0
2006-04-11,3.5240659713745117,3.5240659713745117,3.5240659713745117,3.5240659713745117,3.5240659713745117,0
2006-04-12,3.5240659713745117,3.5240659713745117,3.5240659713745117,3.5240659713745117,3.5240659713745117,0
2006-04-13,3.5240659713745117,3.5240659713745117,3.5240659713745117,3.5240659713745117,3.5240659713745117,0
2006-04-18,3.5240659713745117,3.5240659713745117,3.5240659713745117,3.5240659713745117,3.5240659713745117,0
2006-04-19,3.5240659713745117,3.5240659713745117,3.5240659713745117,3.5240659713745117,3.5240659713745117,0
2006-04-20,3.5240659713745117,3.5240659713745117,3.5240659713745117,3.5240659713745117,3.5240659713745117,0
2006-04-21,3.5240659713745117,3.5240659713745117,3.5240659713745117,3.5240659713745117,3.5240659713745117,0
2006-04-24,3.5240659713745117,3.5240659713745117,3.5240659713745117,3.5240659713745117,3.5240659713745117,0
2006-04-25,3.5240659713745117,3.5240659713745117,3.5240659713745117,3.5240659713745117,3.5240659713745117,0
2006-04-26,3.5240659713745117,3.5240659713745117,3.5240659713745117,3.5240659713745117,3.5240659713745117,0
2006-04-27,3.5240659713745117,3.5240659713745117,3.5240659713745117,3.5240659713745117,3.5240659713745117,0
2006-04-28,3.5240659713745117,3.5240659713745117,3.5240659713745117,3.5240659713745117,3.5240659713745117,0
2006-05-02,3.5240659713745117,3.5240659713745117,3.5240659713745117,3.5240659713745117,3.5240659713745117,0
2006-05-03,3.5240659713745117,3.5240659713745117,3.5240659713745117,3.5240659713745117,3.5240659713745117,0
2006-05-04,3.5240659713745117,3.5240659713745117,3.5240659713745117,3.5240659713745117,3.5240659713745117,0
2006-05-08,3.5240659713745117,3.5240659713745117,3.5240659713745117,3.5240659713745117,3.5240659713745117,0
2006-05-09,3.5240659713745117,3.5240659713745117,3.5240659713745117,3.5240659713745117,3.5240659713745117,0
2006-05-10,3.5240659713745117,3.5240659713745117,3.5240659713745117,3.5240659713745117,3.5240659713745117,0
2006-05-11,3.5240659713745117,3.5240659713745117,3.5240659713745117,3.5240659713745117,3.5240659713745117,0
2006-05-12,3.5240659713745117,3.5240659713745117,3.5240659713745117,3.5240659713745117,3.5240659713745117,0
2006-05-15,3.5240659713745117,3.5240659713745117,3.5240659713745117,3.5240659713745117,3.5240659713745117,0
2006-05-16,3.5240659713745117,3.5240659713745117,3.5240659713745117,3.5240659713745117,3.5240659713745117,0
2006-05-17,3.5240659713745117,3.5240659713745117,3.5240659713745117,3.5240659713745117,3.5240659713745117,113505
2006-05-18,3.5240659713745117,3.5240659713745117,3.5240659713745117,3.5240659713745117,3.5240659713745117,0
2006-05-19,3.5240659713745117,3.5240659713745117,3.5240659713745117,3.5240659713745117,3.5240659713745117,0
2006-05-22,3.5240659713745117,3.5240659713745117,3.5240659713745117,3.5240659713745117,3.5240659713745117,0
2006-05-23,3.5240659713745117,3.5240659713745117,3.5240659713745117,3.5240659713745117,3.5240659713745117,0
2006-05-24,3.5240659713745117,3.5240659713745117,3.5240659713745117,3.5240659713745117,3.5240659713745117,0
2006-05-25,3.5240659713745117,3.5240659713745117,3.5240659713745117,3.5240659713745117,3.5240659713745117,0
2006-05-26,3.5240659713745117,3.5240659713745117,3.5240659713745117,3.5240659713745117,3.5240659713745117,0
2006-05-29,3.5240659713745117,3.5240659713745117,3.5240659713745117,3.5240659713745117,3.5240659713745117,0
2006-05-30,3.5240659713745117,3.5240659713745117,3.5240659713745117,3.5240659713745117,3.5240659713745117,0
2006-06-01,3.5240659713745117,3.5240659713745117,3.5240659713745117,3.5240659713745117,3.5240659713745117,0
2006-06-02,3.5240659713745117,3.5240659713745117,3.5240659713745117,3.5240659713745117,3.5240659713745117,0
2006-06-05,3.5240659713745117,3.5240659713745117,3.5240659713745117,3.5240659713745117,3.5240659713745117,0
2006-06-06,3.5240659713745117,3.5240659713745117,3.5240659713745117,3.5240659713745117,3.5240659713745117,0
2006-06-07,3.5240659713745117,3.5240659713745117,3.5240659713745117,3.5240659713745117,3.5240659713745117,0
2006-06-08,3.5240659713745117,3.5240659713745117,3.5240659713745117,3.5240659713745117,3.5240659713745117,0
2006-06-09,3.5240659713745117,3.5240659713745117,3.5240659713745117,3.5240659713745117,3.5240659713745117,0
2006-06-12,3.5240659713745117,3.5240659713745117,3.5240659713745117,3.5240659713745117,3.5240659713745117,0
2006-06-13,3.5240659713745117,3.5240659713745117,3.5240659713745117,3.5240659713745117,3.5240659713745117,0
2006-06-14,3.5240659713745117,3.5240659713745117,3.5240659713745117,3.5240659713745117,3.5240659713745117,0
2006-06-15,3.5240659713745117,3.5240659713745117,3.5240659713745117,3.5240659713745117,3.5240659713745117,0
2006-06-16,3.5240659713745117,3.5240659713745117,3.5240659713745117,3.5240659713745117,3.5240659713745117,0
2006-06-19,3.5240659713745117,3.5240659713745117,3.5240659713745117,3.5240659713745117,3.5240659713745117,0
2006-06-20,3.5240659713745117,3.5240659713745117,3.5240659713745117,3.5240659713745117,3.5240659713745117,0
2006-06-21,3.5416860580444336,3.5416860580444336,3.5416860580444336,3.5416860580444336,3.5416860580444336,0
2006-06-22,3.5416860580444336,3.5416860580444336,3.5416860580444336,3.5416860580444336,3.5416860580444336,0
2006-06-23,3.5416860580444336,3.5416860580444336,3.5416860580444336,3.5416860580444336,3.5416860580444336,0
2006-06-26,3.5416860580444336,3.5416860580444336,3.5416860580444336,3.5416860580444336,3.5416860580444336,0
2006-06-27,3.5416860580444336,3.5416860580444336,3.5416860580444336,3.5416860580444336,3.5416860580444336,0
2006-06-28,3.5416860580444336,3.5416860580444336,3.5416860580444336,3.5416860580444336,3.5416860580444336,0
2006-06-29,3.5416860580444336,3.5416860580444336,3.5416860580444336,3.5416860580444336,3.5416860580444336,0
2006-06-30,3.5416860580444336,3.5416860580444336,3.5416860580444336,3.5416860580444336,3.5416860580444336,0
2006-07-03,3.5416860580444336,3.5416860580444336,3.5416860580444336,3.5416860580444336,3.5416860580444336,0
2006-07-04,3.5416860580444336,3.5416860580444336,3.5416860580444336,3.5416860580444336,3.5416860580444336,0
2006-07-05,3.5416860580444336,3.5416860580444336,3.5416860580444336,3.5416860580444336,3.5416860580444336,0
2006-07-06,3.5416860580444336,3.5416860580444336,3.5416860580444336,3.5416860580444336,3.5416860580444336,0
2006-07-07,3.5416860580444336,3.5416860580444336,3.5416860580444336,3.5416860580444336,3.5416860580444336,0
2006-07-10,3.5416860580444336,3.5416860580444336,3.5416860580444336,3.5416860580444336,3.5416860580444336,0
2006-07-11,3.5416860580444336,3.5416860580444336,3.5416860580444336,3.5416860580444336,3.5416860580444336,0
2006-07-12,3.5416860580444336,3.5416860580444336,3.5416860580444336,3.5416860580444336,3.5416860580444336,0
2006-07-13,3.5416860580444336,3.5416860580444336,3.5416860580444336,3.5416860580444336,3.5416860580444336,0
2006-07-14,3.5416860580444336,3.5416860580444336,3.5416860580444336,3.5416860580444336,3.5416860580444336,0
2006-07-17,3.5416860580444336,3.5416860580444336,3.5416860580444336,3.5416860580444336,3.5416860580444336,0
2006-07-18,3.5416860580444336,3.5416860580444336,3.5416860580444336,3.5416860580444336,3.5416860580444336,0
2006-07-19,3.5416860580444336,3.5416860580444336,3.5416860580444336,3.5416860580444336,3.5416860580444336,0
2006-07-20,3.5416860580444336,3.5416860580444336,3.5416860580444336,3.5416860580444336,3.5416860580444336,1144132
2006-07-21,3.5416860580444336,3.5416860580444336,3.5416860580444336,3.5416860580444336,3.5416860580444336,0
2006-07-24,3.5240659713745117,3.5240659713745117,3.5240659713745117,3.5240659713745117,3.5240659713745117,28376
2006-07-25,3.5240659713745117,3.5240659713745117,3.5240659713745117,3.5240659713745117,3.5240659713745117,0
2006-07-26,3.5240659713745117,3.5240659713745117,3.5240659713745117,3.5240659713745117,3.5240659713745117,0
2006-07-27,3.5240659713745117,3.5240659713745117,3.5240659713745117,3.5240659713745117,3.5240659713745117,0
2006-07-28,3.5240659713745117,3.5240659713745117,3.5240659713745117,3.5240659713745117,3.5240659713745117,0
2006-07-31,3.5240659713745117,3.5240659713745117,3.5240659713745117,3.5240659713745117,3.5240659713745117,0
2006-08-01,3.5240659713745117,3.5240659713745117,3.5240659713745117,3.5240659713745117,3.5240659713745117,0
2006-08-02,3.5240659713745117,3.5240659713745117,3.4359641075134277,3.4359641075134277,3.4359641075134277,1021
2006-08-03,3.4359641075134277,3.4359641075134277,3.4359641075134277,3.4359641075134277,3.4359641075134277,0
2006-08-04,3.4359641075134277,3.4359641075134277,3.4359641075134277,3.4359641075134277,3.4359641075134277,0
2006-08-07,3.4359641075134277,3.4359641075134277,3.4359641075134277,3.4359641075134277,3.4359641075134277,0
2006-08-08,3.4359641075134277,3.4359641075134277,3.4359641075134277,3.4359641075134277,3.4359641075134277,0
2006-08-09,3.4359641075134277,3.4359641075134277,3.4359641075134277,3.4359641075134277,3.4359641075134277,0
2006-08-10,3.4359641075134277,3.4359641075134277,3.4359641075134277,3.4359641075134277,3.4359641075134277,0
2006-08-11,3.4359641075134277,3.4359641075134277,3.4359641075134277,3.4359641075134277,3.4359641075134277,0
2006-08-14,3.4359641075134277,3.4359641075134277,3.4359641075134277,3.4359641075134277,3.4359641075134277,0
2006-08-15,3.4359641075134277,3.4359641075134277,3.4359641075134277,3.4359641075134277,3.4359641075134277,0
2006-08-16,3.4359641075134277,3.4359641075134277,3.4359641075134277,3.4359641075134277,3.4359641075134277,0
2006-08-17,3.4359641075134277,3.4359641075134277,3.4359641075134277,3.4359641075134277,3.4359641075134277,0
2006-08-18,3.4359641075134277,3.4359641075134277,3.4359641075134277,3.4359641075134277,3.4359641075134277,0
2006-08-21,3.4359641075134277,3.4359641075134277,3.4359641075134277,3.4359641075134277,3.4359641075134277,0
2006-08-22,3.4359641075134277,3.4359641075134277,3.4359641075134277,3.4359641075134277,3.4359641075134277,0
2006-08-23,3.4359641075134277,3.4359641075134277,3.4359641075134277,3.4359641075134277,3.4359641075134277,0
2006-08-24,3.4359641075134277,3.4359641075134277,3.4359641075134277,3.4359641075134277,3.4359641075134277,0
2006-08-25,3.4359641075134277,3.4359641075134277,3.4359641075134277,3.4359641075134277,3.4359641075134277,0
2006-08-28,3.4359641075134277,3.4359641075134277,3.4359641075134277,3.4359641075134277,3.4359641075134277,0
2006-08-29,3.4359641075134277,3.4359641075134277,3.4359641075134277,3.4359641075134277,3.4359641075134277,0
2006-08-30,3.4359641075134277,3.4359641075134277,3.4359641075134277,3.4359641075134277,3.4359641075134277,0
2006-08-31,3.4359641075134277,3.4359641075134277,3.4359641075134277,3.4359641075134277,3.4359641075134277,0
2006-09-01,3.4359641075134277,3.4359641075134277,3.4359641075134277,3.4359641075134277,3.4359641075134277,0
2006-09-04,3.347862958908081,3.347862958908081,3.347862958908081,3.347862958908081,3.347862958908081,0
2006-09-05,3.347862958908081,3.347862958908081,3.347862958908081,3.347862958908081,3.347862958908081,0
2006-09-06,3.347862958908081,3.347862958908081,3.347862958908081,3.347862958908081,3.347862958908081,0
2006-09-07,3.347862958908081,3.347862958908081,3.347862958908081,3.347862958908081,3.347862958908081,0
2006-09-08,3.347862958908081,3.347862958908081,3.347862958908081,3.347862958908081,3.347862958908081,0
2006-09-11,3.347862958908081,3.347862958908081,3.347862958908081,3.347862958908081,3.347862958908081,0
2006-09-12,3.347862958908081,3.347862958908081,3.347862958908081,3.347862958908081,3.347862958908081,0
2006-09-13,3.347862958908081,3.347862958908081,3.347862958908081,3.347862958908081,3.347862958908081,0
2006-09-14,3.347862958908081,3.347862958908081,3.347862958908081,3.347862958908081,3.347862958908081,0
2006-09-15,3.347862958908081,3.347862958908081,3.347862958908081,3.347862958908081,3.347862958908081,0
2006-09-18,3.347862958908081,3.347862958908081,3.347862958908081,3.347862958908081,3.347862958908081,0
2006-09-19,3.347862958908081,3.347862958908081,3.347862958908081,3.347862958908081,3.347862958908081,0
2006-09-20,3.347862958908081,3.347862958908081,3.347862958908081,3.347862958908081,3.347862958908081,0
2006-09-21,3.347862958908081,3.347862958908081,3.347862958908081,3.347862958908081,3.347862958908081,0
2006-09-22,3.347862958908081,3.347862958908081,3.347862958908081,3.347862958908081,3.347862958908081,0
2006-09-25,3.347862958908081,3.347862958908081,3.347862958908081,3.347862958908081,3.347862958908081,0
2006-09-26,3.347862958908081,3.347862958908081,3.347862958908081,3.347862958908081,3.347862958908081,0
2006-09-27,3.4359641075134277,3.5240659713745117,3.4359641075134277,3.4359641075134277,3.4359641075134277,42564
2006-09-28,3.4359641075134277,3.4359641075134277,3.4359641075134277,3.4359641075134277,3.4359641075134277,0
2006-09-29,3.4359641075134277,3.4359641075134277,3.4359641075134277,3.4359641075134277,3.4359641075134277,28376
2006-10-03,3.171658992767334,3.171658992767334,3.171658992767334,3.171658992767334,3.171658992767334,1248
2006-10-04,3.171658992767334,3.171658992767334,3.171658992767334,3.171658992767334,3.171658992767334,0
2006-10-05,3.171658992767334,3.171658992767334,3.171658992767334,3.171658992767334,3.171658992767334,0
2006-10-06,3.171658992767334,3.171658992767334,3.171658992767334,3.171658992767334,3.171658992767334,0
2006-10-09,3.171658992767334,3.171658992767334,3.171658992767334,3.171658992767334,3.171658992767334,0
2006-10-10,3.171658992767334,3.171658992767334,3.171658992767334,3.171658992767334,3.171658992767334,0
2006-10-11,3.4359641075134277,3.4359641075134277,3.347862958908081,3.4359641075134277,3.4359641075134277,110667
2006-10-12,3.347862958908081,3.347862958908081,3.347862958908081,3.347862958908081,3.347862958908081,2837
2006-10-13,3.347862958908081,3.347862958908081,3.259761095046997,3.259761095046997,3.259761095046997,19295
2006-10-16,3.259761095046997,3.347862958908081,3.259761095046997,3.347862958908081,3.347862958908081,37456
2006-10-17,3.347862958908081,3.8764729499816895,3.347862958908081,3.8764729499816895,3.8764729499816895,76843
2006-10-18,3.8764729499816895,4.5812859535217285,3.8764729499816895,4.5812859535217285,4.5812859535217285,106127
2006-10-19,5.462303161621094,5.990912914276123,4.933692932128906,5.286098957061768,5.286098957061768,129
2006-10-20,5.286098957061768,7.22433614730835,5.286098957061768,6.607624053955078,6.607624053955078,108738
2006-10-23,8.633962631225586,9.338775634765625,8.457758903503418,9.338775634765625,9.338775634765625,260948
2006-10-24,9.338775634765625,9.514979362487793,7.576743125915527,8.810166358947754,8.810166358947754,236431
2006-10-25,7.841047763824463,8.722064018249512,7.841047763824463,7.841047763824463,7.841047763824463,20544
2006-10-26,7.841047763824463,7.841047763824463,7.841047763824463,7.841047763824463,7.841047763824463,28376
2006-10-27,7.841047763824463,7.841047763824463,6.167116165161133,6.167116165161133,6.167116165161133,31327
2006-10-31,6.695725917816162,6.695725917816162,6.695725917816162,6.695725917816162,6.695725917816162,0
2006-11-01,5.374200820922852,6.695725917816162,5.374200820922852,6.695725917816162,6.695725917816162,5448
2006-11-02,5.814709186553955,6.343318939208984,5.814709186553955,6.255218029022217,6.255218029022217,72075
2006-11-03,7.04813289642334,7.04813289642334,7.04813289642334,7.04813289642334,7.04813289642334,1362
2006-11-06,7.400538921356201,7.400538921356201,7.22433614730835,7.22433614730835,7.22433614730835,7945
2006-11-07,7.22433614730835,7.752945899963379,7.22433614730835,7.752945899963379,7.752945899963379,4994
2006-11-08,7.752945899963379,7.752945899963379,7.752945899963379,7.752945899963379,7.752945899963379,0
2006-11-09,7.04813289642334,7.576743125915527,7.04813289642334,7.576743125915527,7.576743125915527,10215
2006-11-10,7.312438011169434,7.400538921356201,7.312438011169434,7.312438011169434,7.312438011169434,21565
2006-11-13,7.312438011169434,7.312438011169434,7.312438011169434,7.312438011169434,7.312438011169434,0
2006-11-14,7.576743125915527,7.576743125915527,7.400538921356201,7.400538921356201,7.400538921356201,1021
2006-11-15,7.04813289642334,7.136233806610107,7.04813289642334,7.04813289642334,7.04813289642334,8512
2006-11-16,6.960031032562256,6.960031032562256,4.933692932128906,6.871929168701172,6.871929168701172,3
2006-11-17,7.400538921356201,7.400538921356201,7.400538921356201,7.400538921356201,7.400538921356201,8739
2006-11-20,7.400538921356201,7.400538921356201,7.400538921356201,7.400538921356201,7.400538921356201,8739
2006-11-21,7.04813289642334,7.04813289642334,5.902811050415039,7.04813289642334,7.04813289642334,15
2006-11-22,7.04813289642334,7.04813289642334,7.04813289642334,7.04813289642334,7.04813289642334,567
2006-11-23,7.04813289642334,7.04813289642334,7.04813289642334,7.04813289642334,7.04813289642334,0
2006-11-24,6.695725917816162,6.695725917816162,6.695725917816162,6.695725917816162,6.695725917816162,567
2006-11-27,6.871929168701172,6.871929168701172,6.343318939208984,6.607624053955078,6.607624053955078,32
2006-11-28,6.343318939208984,6.5195231437683105,5.990912914276123,5.990912914276123,5.990912914276123,15890
2006-11-29,5.990912914276123,5.990912914276123,5.990912914276123,5.990912914276123,5.990912914276123,0
2006-11-30,6.695725917816162,6.695725917816162,6.695725917816162,6.695725917816162,6.695725917816162,0
2006-12-01,6.695725917816162,6.695725917816162,6.695725917816162,6.695725917816162,6.695725917816162,0
2006-12-04,5.990912914276123,5.990912914276123,5.286098957061768,5.286098957061768,5.286098957061768,17820
2006-12-05,6.695725917816162,6.695725917816162,5.990912914276123,5.990912914276123,5.990912914276123,39726
2006-12-06,5.286098957061768,6.167116165161133,5.286098957061768,6.167116165161133,6.167116165161133,74005
2006-12-07,6.167116165161133,6.167116165161133,6.167116165161133,6.167116165161133,6.167116165161133,1702
2006-12-08,5.726607799530029,5.726607799530029,5.638505935668945,5.638505935668945,5.638505935668945,37683
2006-12-11,6.343318939208984,6.343318939208984,6.343318939208984,6.343318939208984,6.343318939208984,5675
2006-12-12,6.167116165161133,6.695725917816162,5.286098957061768,5.286098957061768,5.286098957061768,118839
2006-12-13,5.814709186553955,7.04813289642334,5.286098957061768,6.695725917816162,6.695725917816162,147
2006-12-14,6.695725917816162,8.810166358947754,6.695725917816162,8.369658470153809,8.369658470153809,223718
2006-12-15,8.105353355407715,8.281556129455566,7.312438011169434,8.281556129455566,8.281556129455566,30646
2006-12-18,8.633962631225586,8.633962631225586,7.929149150848389,7.929149150848389,7.929149150848389,59
2006-12-19,7.22433614730835,7.22433614730835,6.431420803070068,6.5195231437683105,6.5195231437683105,58568
2006-12-20,6.607624053955078,7.488640785217285,6.607624053955078,6.607624053955078,6.607624053955078,138816
2006-12-21,6.607624053955078,6.607624053955078,6.607624053955078,6.607624053955078,6.607624053955078,0
2006-12-22,7.752945899963379,7.752945899963379,7.136233806610107,7.664844036102295,7.664844036102295,2936
2006-12-27,6.695725917816162,6.695725917816162,6.695725917816162,6.695725917816162,6.695725917816162,30078
2006-12-28,6.783827781677246,6.783827781677246,6.783827781677246,6.783827781677246,6.783827781677246,5334
2006-12-29,6.783827781677246,6.960031032562256,6.783827781677246,6.960031032562256,6.960031032562256,3405
2007-01-02,6.960031032562256,6.960031032562256,6.960031032562256,6.960031032562256,6.960031032562256,2270
2007-01-03,6.695725917816162,6.695725917816162,6.695725917816162,6.695725917816162,6.695725917816162,5107
2007-01-04,6.695725917816162,6.695725917816162,6.695725917816162,6.695725917816162,6.695725917816162,7264
2007-01-05,7.04813289642334,7.04813289642334,7.04813289642334,7.04813289642334,7.04813289642334,0
2007-01-08,7.04813289642334,7.929149150848389,7.04813289642334,7.752945899963379,7.752945899963379,19
2007-01-09,7.576743125915527,7.664844036102295,7.400538921356201,7.400538921356201,7.400538921356201,12031
2007-01-10,7.22433614730835,7.22433614730835,6.695725917816162,6.871929168701172,6.871929168701172,76
2007-01-11,7.22433614730835,7.22433614730835,7.22433614730835,7.22433614730835,7.22433614730835,5675
2007-01-12,7.400538921356201,7.400538921356201,6.871929168701172,6.871929168701172,6.871929168701172,33484
2007-01-15,7.22433614730835,7.22433614730835,7.22433614730835,7.22433614730835,7.22433614730835,1
2007-01-16,7.04813289642334,7.22433614730835,6.871929168701172,6.871929168701172,6.871929168701172,28943
2007-01-17,7.752945899963379,7.752945899963379,7.752945899963379,7.752945899963379,7.752945899963379,28376
2007-01-18,7.929149150848389,7.929149150848389,7.22433614730835,7.929149150848389,7.929149150848389,69011
2007-01-19,7.400538921356201,7.400538921356201,7.400538921356201,7.400538921356201,7.400538921356201,2610
2007-01-22,7.752945899963379,7.752945899963379,7.752945899963379,7.752945899963379,7.752945899963379,0
2007-01-23,7.576743125915527,7.929149150848389,7.576743125915527,7.576743125915527,7.576743125915527,42904
2007-01-24,7.576743125915527,7.576743125915527,7.576743125915527,7.576743125915527,7.576743125915527,0
2007-01-25,7.576743125915527,7.576743125915527,7.576743125915527,7.576743125915527,7.576743125915527,8512
2007-01-26,7.576743125915527,7.576743125915527,7.576743125915527,7.576743125915527,7.576743125915527,14188
2007-01-29,7.400538921356201,7.576743125915527,7.400538921356201,7.576743125915527,7.576743125915527,4540
2007-01-30,7.400538921356201,7.400538921356201,7.400538921356201,7.400538921356201,7.400538921356201,17025
2007-01-31,7.400538921356201,7.400538921356201,7.400538921356201,7.400538921356201,7.400538921356201,0
2007-02-01,7.400538921356201,7.400538921356201,7.400538921356201,7.400538921356201,7.400538921356201,0
2007-02-02,7.400538921356201,7.400538921356201,7.400538921356201,7.400538921356201,7.400538921356201,0
2007-02-05,8.810166358947754,8.810166358947754,8.457758903503418,8.457758903503418,8.457758903503418,9080
2007-02-06,8.281556129455566,8.281556129455566,8.281556129455566,8.281556129455566,8.281556129455566,0
2007-02-07,7.576743125915527,7.576743125915527,7.576743125915527,7.576743125915527,7.576743125915527,227
2007-02-08,7.929149150848389,7.929149150848389,7.929149150848389,7.929149150848389,7.929149150848389,454
2007-02-09,7.929149150848389,7.929149150848389,7.929149150848389,7.929149150848389,7.929149150848389,0
2007-02-12,7.929149150848389,7.929149150848389,7.929149150848389,7.929149150848389,7.929149150848389,0
2007-02-13,7.576743125915527,7.576743125915527,7.312438011169434,7.312438011169434,7.312438011169434,19068
2007-02-14,7.929149150848389,7.929149150848389,7.929149150848389,7.929149150848389,7.929149150848389,794
2007-02-15,7.929149150848389,7.929149150848389,7.929149150848389,7.929149150848389,7.929149150848389,0
2007-02-16,7.929149150848389,7.929149150848389,7.576743125915527,7.576743125915527,7.576743125915527,11350
2007-02-21,8.457758903503418,8.810166358947754,8.017251014709473,8.017251014709473,8.017251014709473,8626
2007-02-22,8.017251014709473,8.017251014709473,8.017251014709473,8.017251014709473,8.017251014709473,0
2007-02-23,8.017251014709473,8.017251014709473,8.017251014709473,8.017251014709473,8.017251014709473,0
2007-02-26,8.105353355407715,8.105353355407715,7.752945899963379,7.752945899963379,7.752945899963379,3
2007-02-27,7.929149150848389,7.929149150848389,7.929149150848389,7.929149150848389,7.929149150848389,0
2007-02-28,7.576743125915527,7.929149150848389,7.576743125915527,7.929149150848389,7.929149150848389,4994
2007-03-01,8.457758903503418,8.457758903503418,7.664844036102295,7.664844036102295,7.664844036102295,12145
2007-03-02,7.576743125915527,7.664844036102295,7.488640785217285,7.488640785217285,7.488640785217285,28376
2007-03-05,7.488640785217285,7.488640785217285,7.488640785217285,7.488640785217285,7.488640785217285,1135
2007-03-06,7.929149150848389,7.929149150848389,7.929149150848389,7.929149150848389,7.929149150848389,5675
2007-03-07,7.929149150848389,8.105353355407715,7.929149150848389,7.929149150848389,7.929149150848389,23268
2007-03-08,7.136233806610107,8.105353355407715,7.136233806610107,8.105353355407715,8.105353355407715,1929
2007-03-09,8.105353355407715,8.105353355407715,8.105353355407715,8.105353355407715,8.105353355407715,8512
2007-03-12,7.400538921356201,8.193453788757324,7.400538921356201,8.017251014709473,8.017251014709473,17025
2007-03-13,7.400538921356201,7.400538921356201,7.400538921356201,7.400538921356201,7.400538921356201,3405
2007-03-14,7.400538921356201,7.400538921356201,7.400538921356201,7.400538921356201,7.400538921356201,0
2007-03-15,8.54586124420166,8.54586124420166,8.54586124420166,8.54586124420166,8.54586124420166,4540
2007-03-16,7.929149150848389,8.193453788757324,7.929149150848389,7.929149150848389,7.929149150848389,5
2007-03-19,7.929149150848389,7.929149150848389,7.929149150848389,7.929149150848389,7.929149150848389,0
2007-03-20,7.664844036102295,7.664844036102295,7.576743125915527,7.664844036102295,7.664844036102295,7604
2007-03-21,7.664844036102295,7.664844036102295,7.576743125915527,7.576743125915527,7.576743125915527,27127
2007-03-22,7.488640785217285,7.488640785217285,7.400538921356201,7.400538921356201,7.400538921356201,1475
2007-03-23,6.695725917816162,6.695725917816162,6.695725917816162,6.695725917816162,6.695725917816162,1135
2007-03-26,7.488640785217285,7.576743125915527,7.04813289642334,7.576743125915527,7.576743125915527,45515
2007-03-27,7.576743125915527,7.576743125915527,7.576743125915527,7.576743125915527,7.576743125915527,0
2007-03-28,7.04813289642334,7.04813289642334,7.04813289642334,7.04813289642334,7.04813289642334,2043
2007-03-29,7.929149150848389,7.929149150848389,7.400538921356201,7.929149150848389,7.929149150848389,75480
2007-03-30,7.929149150848389,7.929149150848389,7.929149150848389,7.929149150848389,7.929149150848389,0
2007-04-02,8.810166358947754,11.100809097290039,8.810166358947754,11.100809097290039,11.100809097290039,194661
2007-04-03,11.100809097290039,11.981825828552246,10.219793319702148,11.100809097290039,11.100809097290039,353001
2007-04-04,10.572198867797852,10.74840259552002,9.691183090209961,10.219793319702148,10.219793319702148,23268
2007-04-10,9.691183090209961,9.691183090209961,8.810166358947754,8.810166358947754,8.810166358947754,38478
2007-04-11,10.043588638305664,10.572198867797852,8.810166358947754,9.338775634765625,9.338775634765625,153572
2007-04-12,8.986369132995605,9.691183090209961,8.986369132995605,8.986369132995605,8.986369132995605,63335
2007-04-13,9.162572860717773,10.572198867797852,9.162572860717773,10.043588638305664,10.043588638305664,112370
2007-04-16,10.572198867797852,12.334233283996582,10.572198867797852,11.981825828552246,11.981825828552246,676831
2007-04-17,11.981825828552246,11.981825828552246,10.572198867797852,11.453215599060059,11.453215599060059,121450
2007-04-18,10.924606323242188,11.805623054504395,10.924606323242188,11.629419326782227,11.629419326782227,90690
2007-04-19,11.805623054504395,11.805623054504395,10.74840259552002,11.629419326782227,11.629419326782227,63562
2007-04-20,11.981825828552246,12.686638832092285,11.277012825012207,11.805623054504395,11.805623054504395,259132
2007-04-23,11.805623054504395,11.805623054504395,10.924606323242188,11.453215599060059,11.453215599060059,109078
2007-04-24,11.100809097290039,11.100809097290039,10.219793319702148,10.924606323242188,10.924606323242188,165263
2007-04-25,10.572198867797852,10.74840259552002,9.867385864257812,10.74840259552002,10.74840259552002,19295
2007-04-26,10.39599609375,10.74840259552002,9.867385864257812,10.219793319702148,10.219793319702148,71
2007-04-27,10.043588638305664,10.043588638305664,8.810166358947754,10.043588638305664,10.043588638305664,75707
2007-04-30,9.338775634765625,10.572198867797852,8.986369132995605,10.572198867797852,10.572198867797852,60384
2007-05-02,10.572198867797852,10.572198867797852,10.572198867797852,10.572198867797852,10.572198867797852,99430
2007-05-03,10.39599609375,10.572198867797852,10.39599609375,10.572198867797852,10.572198867797852,55617
2007-05-04,10.043588638305664,10.39599609375,10.043588638305664,10.39599609375,10.39599609375,11691
2007-05-07,10.39599609375,10.39599609375,9.867385864257812,10.39599609375,10.39599609375,38932
2007-05-08,10.39599609375,10.39599609375,9.691183090209961,9.691183090209961,9.691183090209961,122699
2007-05-09,10.219793319702148,10.74840259552002,10.219793319702148,10.572198867797852,10.572198867797852,213389
2007-05-10,10.572198867797852,13.39145278930664,10.572198867797852,12.686638832092285,12.686638832092285,1637540
2007-05-11,12.334233283996582,16.38690948486328,12.334233283996582,15.329689025878906,15.329689025878906,2802444
2007-05-14,15.329689025878906,15.329689025878906,15.329689025878906,15.329689025878906,15.329689025878906,0
2007-05-15,15.153486251831055,18.67755126953125,14.801078796386719,16.91551971435547,16.91551971435547,6041429
2007-05-16,16.91551971435547,16.91551971435547,16.91551971435547,16.91551971435547,16.91551971435547,0
2007-05-17,17.97273826599121,19.558568954467773,16.034502029418945,16.739316940307617,16.739316940307617,3364408
2007-05-18,17.267925262451172,19.029958724975586,16.739316940307617,19.029958724975586,19.029958724975586,1310077
2007-05-21,19.029958724975586,19.734771728515625,18.148942947387695,19.206161499023438,19.206161499023438,603138
2007-05-22,19.382366180419922,22.554025650024414,19.382366180419922,22.201618194580078,22.201618194580078,1518473
2007-05-23,22.025415420532227,22.377822875976562,20.263381958007812,22.025415420532227,22.025415420532227,867634
2007-05-25,22.377822875976562,25.020872116088867,21.144399642944336,24.49226188659668,24.49226188659668,829496
2007-05-28,25.549482345581055,29.073549270629883,24.844669342041016,28.544939041137695,28.544939041137695,1236412
2007-05-29,29.073549270629883,35.240665435791016,29.073549270629883,31.716598510742188,31.716598510742188,1244925
2007-05-30,31.716598510742188,31.716598510742188,24.316059112548828,28.19253158569336,28.19253158569336,968540
2007-05-31,28.8973445892334,30.48317527770996,26.78290557861328,29.073549270629883,29.073549270629883,507822
2007-06-01,28.8973445892334,29.60215950012207,28.19253158569336,28.19253158569336,28.19253158569336,229167
2007-06-04,28.36873435974121,29.249752044677734,26.430498123168945,27.135311126708984,27.135311126708984,198407
2007-06-05,27.840126037597656,27.840126037597656,22.025415420532227,24.668466567993164,24.668466567993164,720758
2007-06-06,25.020872116088867,28.721141815185547,24.49226188659668,28.544939041137695,28.544939041137695,515313
2007-06-07,28.19253158569336,31.18798828125,27.663921356201172,29.778362274169922,29.778362274169922,664232
2007-06-08,28.8973445892334,30.659378051757812,28.19253158569336,29.954565048217773,29.954565048217773,354930
2007-06-11,30.835582733154297,32.95002365112305,29.60215950012207,31.89280128479004,31.89280128479004,492839
2007-06-12,32.06900405883789,33.478633880615234,29.954565048217773,33.30242919921875,33.30242919921875,650384
2007-06-13,33.126224517822266,37.531307220458984,33.126224517822266,34.88825988769531,34.88825988769531,1232893
2007-06-14,36.121681213378906,36.82649612426758,34.88825988769531,35.59307098388672,35.59307098388672,562077
2007-06-15,36.121681213378906,36.29788589477539,34.18344497680664,34.18344497680664,34.18344497680664,554700
2007-06-18,34.18344497680664,35.94548034667969,31.36419105529785,32.95002365112305,32.95002365112305,328597
2007-06-20,32.95002365112305,33.126224517822266,31.540395736694336,32.06900405883789,32.06900405883789,243355
2007-06-21,32.42141342163086,34.18344497680664,32.245208740234375,32.42141342163086,32.42141342163086,286941
2007-06-22,32.59761428833008,34.359649658203125,30.835582733154297,31.36419105529785,31.36419105529785,577741
2007-06-25,31.36419105529785,32.06900405883789,30.48317527770996,30.835582733154297,30.835582733154297,292616
2007-06-26,30.835582733154297,33.65483474731445,30.835582733154297,32.59761428833008,32.59761428833008,784094
2007-06-27,32.77381896972656,35.94548034667969,32.59761428833008,34.359649658203125,34.359649658203125,867066
2007-06-28,35.06446075439453,35.4168701171875,33.30242919921875,33.65483474731445,33.65483474731445,660146
2007-06-29,34.71205520629883,34.71205520629883,31.89280128479004,33.478633880615234,33.478633880615234,349482
2007-07-03,31.716598510742188,33.126224517822266,26.959108352661133,28.19253158569336,28.19253158569336,875352
2007-07-04,28.36873435974121,29.954565048217773,27.31151580810547,28.016328811645508,28.016328811645508,346985
2007-07-05,28.19253158569336,28.19253158569336,24.668466567993164,25.90188980102539,25.90188980102539,485461
2007-07-06,26.078092575073242,28.36873435974121,25.549482345581055,28.016328811645508,28.016328811645508,283990
2007-07-09,29.073549270629883,29.073549270629883,27.48771858215332,27.48771858215332,27.48771858215332,211573
2007-07-10,27.840126037597656,28.016328811645508,26.430498123168945,26.60670280456543,26.60670280456543,87853
2007-07-11,26.60670280456543,26.60670280456543,24.844669342041016,25.90188980102539,25.90188980102539,75480
2007-07-12,25.90188980102539,28.19253158569336,25.90188980102539,27.48771858215332,27.48771858215332,267418
2007-07-13,27.663921356201172,28.19253158569336,26.078092575073242,26.78290557861328,26.78290557861328,181154
2007-07-16,27.48771858215332,27.48771858215332,26.430498123168945,26.430498123168945,26.430498123168945,171733
2007-07-17,26.78290557861328,27.31151580810547,26.430498123168945,26.78290557861328,26.78290557861328,91485
2007-07-18,26.60670280456543,27.135311126708984,25.549482345581055,26.078092575073242,26.078092575073242,99544
2007-07-19,25.549482345581055,26.254295349121094,25.020872116088867,25.19707679748535,25.19707679748535,115775
2007-07-20,25.373279571533203,25.373279571533203,22.906431198120117,22.906431198120117,22.906431198120117,256975
2007-07-23,22.906431198120117,23.963651657104492,21.49680519104004,22.377822875976562,22.377822875976562,180813
2007-07-24,22.554025650024414,23.963651657104492,20.263381958007812,23.963651657104492,23.963651657104492,98976
2007-07-25,23.963651657104492,25.90188980102539,23.963651657104492,24.668466567993164,24.668466567993164,136773
2007-07-26,26.430498123168945,27.48771858215332,24.316059112548828,24.49226188659668,24.49226188659668,80588
2007-07-27,23.963651657104492,23.963651657104492,22.025415420532227,23.435041427612305,23.435041427612305,72
2007-07-30,22.906431198120117,24.316059112548828,22.906431198120117,23.963651657104492,23.963651657104492,31781
2007-07-31,24.139856338500977,25.19707679748535,22.906431198120117,22.906431198120117,22.906431198120117,65492
2007-08-01,22.906431198120117,23.258838653564453,20.968196868896484,21.49680519104004,21.49680519104004,150280
2007-08-02,22.906431198120117,22.906431198120117,19.382366180419922,20.7919921875,20.7919921875,107489
2007-08-03,20.7919921875,20.7919921875,17.444129943847656,20.08717918395996,20.08717918395996,118499
2007-08-06,19.382366180419922,19.382366180419922,16.563112258911133,17.267925262451172,17.267925262451172,137795
2007-08-07,17.620332717895508,18.325145721435547,13.215249061584473,13.215249061584473,13.215249061584473,141200
2007-08-08,14.09626579284668,14.09626579284668,11.805623054504395,13.215249061584473,13.215249061584473,138135
2007-08-09,13.215249061584473,16.739316940307617,13.215249061584473,15.682095527648926,15.682095527648926,254478
2007-08-10,15.682095527648926,15.682095527648926,13.74385929107666,14.624876022338867,14.624876022338867,61519
2007-08-13,15.329689025878906,16.739316940307617,14.624876022338867,16.21070671081543,16.21070671081543,150053
2007-08-14,17.444129943847656,17.620332717895508,15.153486251831055,16.034502029418945,16.034502029418945,52439
2007-08-15,15.858299255371094,15.858299255371094,14.624876022338867,15.682095527648926,15.682095527648926,41315
2007-08-16,13.567655563354492,14.09626579284668,13.567655563354492,14.09626579284668,14.09626579284668,45515
2007-08-17,15.153486251831055,15.329689025878906,9.338775634765625,13.567655563354492,13.567655563354492,212
2007-08-20,13.74385929107666,14.624876022338867,13.039046287536621,13.567655563354492,13.567655563354492,78432
2007-08-21,14.09626579284668,14.09626579284668,12.686638832092285,12.686638832092285,12.686638832092285,34165
2007-08-22,12.862842559814453,13.39145278930664,12.510436058044434,12.862842559814453,12.862842559814453,53347
2007-08-23,13.039046287536621,14.09626579284668,12.862842559814453,13.567655563354492,13.567655563354492,73324
2007-08-24,13.567655563354492,13.74385929107666,13.39145278930664,13.74385929107666,13.74385929107666,11918
2007-08-27,14.09626579284668,16.739316940307617,14.09626579284668,14.97728157043457,14.97728157043457,177068
2007-08-28,15.329689025878906,15.329689025878906,13.039046287536621,13.39145278930664,13.39145278930664,83312
2007-08-29,13.215249061584473,13.215249061584473,12.158028602600098,12.686638832092285,12.686638832092285,65379
2007-08-30,12.862842559814453,13.567655563354492,12.686638832092285,13.039046287536621,13.039046287536621,34278
2007-08-31,13.039046287536621,14.09626579284668,11.805623054504395,14.09626579284668,14.09626579284668,59022
2007-09-03,13.39145278930664,13.39145278930664,12.686638832092285,13.215249061584473,13.215249061584473,81950
2007-09-04,12.334233283996582,12.686638832092285,11.981825828552246,12.334233283996582,12.334233283996582,63676
2007-09-05,12.334233283996582,12.510436058044434,10.572198867797852,11.100809097290039,11.100809097290039,331548
2007-09-06,11.100809097290039,12.686638832092285,10.74840259552002,12.158028602600098,12.158028602600098,180586
2007-09-07,11.805623054504395,11.981825828552246,11.629419326782227,11.629419326782227,11.629419326782227,21906
2007-09-10,11.629419326782227,12.510436058044434,11.453215599060059,12.334233283996582,12.334233283996582,63222
2007-09-11,11.453215599060059,15.153486251831055,11.453215599060059,15.153486251831055,15.153486251831055,392
2007-09-12,16.034502029418945,20.61578941345215,16.034502029418945,16.91551971435547,16.91551971435547,1415750
2007-09-13,17.09172248840332,17.620332717895508,16.034502029418945,16.38690948486328,16.38690948486328,261289
2007-09-14,16.21070671081543,16.739316940307617,14.801078796386719,15.153486251831055,15.153486251831055,219292
2007-09-17,16.21070671081543,16.38690948486328,14.272468566894531,14.4486722946167,14.4486722946167,154934
2007-09-18,13.39145278930664,15.153486251831055,13.39145278930664,14.97728157043457,14.97728157043457,127806
2007-09-19,14.97728157043457,15.505891799926758,14.09626579284668,14.272468566894531,14.272468566894531,113391
2007-09-20,13.74385929107666,14.624876022338867,13.39145278930664,13.920063018798828,13.920063018798828,148237
2007-09-21,13.74385929107666,14.09626579284668,13.39145278930664,13.74385929107666,13.74385929107666,124401
2007-09-24,13.39145278930664,13.567655563354492,12.334233283996582,12.862842559814453,12.862842559814453,173776
2007-09-25,12.334233283996582,13.215249061584473,11.805623054504395,12.862842559814453,12.862842559814453,120656
2007-09-27,12.862842559814453,13.039046287536621,12.158028602600098,12.334233283996582,12.334233283996582,33938
2007-09-28,12.334233283996582,12.510436058044434,11.981825828552246,12.510436058044434,12.510436058044434,159247
2007-10-02,12.510436058044434,14.4486722946167,12.510436058044434,14.4486722946167,14.4486722946167,311117
2007-10-03,13.567655563354492,14.09626579284668,13.215249061584473,13.215249061584473,13.215249061584473,244603
2007-10-04,12.862842559814453,13.567655563354492,12.510436058044434,13.39145278930664,13.39145278930664,34051
2007-10-05,13.920063018798828,14.09626579284668,13.39145278930664,13.920063018798828,13.920063018798828,125763
2007-10-08,17.09172248840332,17.79653549194336,14.09626579284668,17.09172248840332,17.09172248840332,2446491
2007-10-09,17.09172248840332,17.09172248840332,17.09172248840332,17.09172248840332,17.09172248840332,0
2007-10-10,17.09172248840332,17.09172248840332,17.09172248840332,17.09172248840332,17.09172248840332,0
2007-10-11,17.09172248840332,17.09172248840332,17.09172248840332,17.09172248840332,17.09172248840332,0
2007-10-12,17.09172248840332,17.09172248840332,17.09172248840332,17.09172248840332,17.09172248840332,0
2007-10-15,17.09172248840332,17.09172248840332,17.09172248840332,17.09172248840332,17.09172248840332,0
2007-10-16,17.09172248840332,17.09172248840332,17.09172248840332,17.09172248840332,17.09172248840332,0
2007-10-17,17.09172248840332,17.09172248840332,17.09172248840332,17.09172248840332,17.09172248840332,0
2007-10-18,17.09172248840332,17.09172248840332,17.09172248840332,17.09172248840332,17.09172248840332,0
2007-10-22,17.09172248840332,17.09172248840332,17.09172248840332,17.09172248840332,17.09172248840332,0
2007-10-23,17.09172248840332,17.09172248840332,17.09172248840332,17.09172248840332,17.09172248840332,0
2007-10-24,17.09172248840332,17.09172248840332,17.09172248840332,17.09172248840332,17.09172248840332,0
2007-10-25,17.09172248840332,17.09172248840332,17.09172248840332,17.09172248840332,17.09172248840332,0
2007-10-26,33.478633880615234,34.88825988769531,28.36873435974121,33.30242919921875,33.30242919921875,7031535
2007-10-29,33.478633880615234,33.478633880615234,33.478633880615234,33.478633880615234,33.478633880615234,0
2007-10-30,33.478633880615234,33.478633880615234,33.478633880615234,33.478633880615234,33.478633880615234,0
2007-10-31,31.716598510742188,34.71205520629883,29.60215950012207,30.48317527770996,30.48317527770996,8333554
2007-11-01,30.659378051757812,31.01178550720215,27.135311126708984,27.31151580810547,27.31151580810547,1133576
2007-11-02,26.430498123168945,32.59761428833008,23.963651657104492,28.544939041137695,28.544939041137695,2470441
2007-11-05,28.544939041137695,28.721141815185547,24.49226188659668,24.668466567993164,24.668466567993164,830177
2007-11-06,24.844669342041016,27.48771858215332,24.316059112548828,25.725685119628906,25.725685119628906,457766
2007-11-07,26.78290557861328,26.959108352661133,24.844669342041016,24.844669342041016,24.844669342041016,279903
2007-11-08,24.316059112548828,25.725685119628906,22.377822875976562,23.258838653564453,23.258838653564453,796579
2007-11-09,23.78744888305664,23.963651657104492,22.201618194580078,23.61124610900879,23.61124610900879,278882
2007-11-12,23.61124610900879,23.61124610900879,23.61124610900879,23.61124610900879,23.61124610900879,0
2007-11-13,23.61124610900879,23.61124610900879,23.61124610900879,23.61124610900879,23.61124610900879,0
2007-11-14,23.61124610900879,23.61124610900879,23.61124610900879,23.61124610900879,23.61124610900879,0
2007-11-15,27.31151580810547,30.30697250366211,26.959108352661133,28.36873435974121,28.36873435974121,2180473
2007-11-16,28.19253158569336,28.8973445892334,27.663921356201172,28.544939041137695,28.544939041137695,824842
2007-11-19,28.544939041137695,28.8973445892334,25.90188980102539,26.254295349121094,26.254295349121094,608615
2007-11-20,26.254295349121094,26.254295349121094,24.316059112548828,24.668466567993164,24.668466567993164,243468
2007-11-21,24.668466567993164,24.668466567993164,20.7919921875,21.144399642944336,21.144399642944336,337905
2007-11-22,21.673009872436523,22.201618194580078,17.267925262451172,19.029958724975586,19.029958724975586,890221
2007-11-23,18.148942947387695,19.382366180419922,18.148942947387695,19.029958724975586,19.029958724975586,205330
2007-11-26,20.08717918395996,20.08717918395996,19.382366180419922,19.558568954467773,19.558568954467773,58909
2007-11-27,18.5013484954834,21.144399642944336,18.5013484954834,20.08717918395996,20.08717918395996,151529
2007-11-28,20.263381958007812,20.439586639404297,18.148942947387695,18.5013484954834,18.5013484954834,196591
2007-11-29,18.325145721435547,19.91097640991211,18.325145721435547,19.029958724975586,19.029958724975586,165831
2007-11-30,19.029958724975586,20.7919921875,19.029958724975586,20.7919921875,20.7919921875,311912
2007-12-03,19.734771728515625,19.91097640991211,19.558568954467773,19.734771728515625,19.734771728515625,240631
2007-12-04,19.558568954467773,19.734771728515625,18.5013484954834,18.5013484954834,18.5013484954834,398743
2007-12-05,18.5013484954834,19.029958724975586,18.5013484954834,18.853755950927734,18.853755950927734,218043
2007-12-06,19.029958724975586,19.558568954467773,18.67755126953125,18.853755950927734,18.853755950927734,256521
2007-12-07,19.029958724975586,19.029958724975586,18.5013484954834,18.853755950927734,18.853755950927734,248689
2007-12-10,18.853755950927734,19.382366180419922,18.5013484954834,18.67755126953125,18.67755126953125,376042
2007-12-11,18.5013484954834,18.5013484954834,17.620332717895508,18.325145721435547,18.325145721435547,209644
2007-12-12,18.325145721435547,20.263381958007812,18.325145721435547,19.734771728515625,19.734771728515625,311458
2007-12-13,18.325145721435547,20.7919921875,18.325145721435547,19.558568954467773,19.558568954467773,279676
2007-12-14,19.382366180419922,20.08717918395996,18.67755126953125,19.206161499023438,19.206161499023438,131212
2007-12-17,19.734771728515625,19.734771728515625,17.267925262451172,18.148942947387695,18.148942947387695,103970
2007-12-18,17.267925262451172,17.620332717895508,15.858299255371094,17.620332717895508,17.620332717895508,360265
2007-12-19,17.267925262451172,17.267925262451172,16.563112258911133,16.739316940307617,16.739316940307617,66400
2007-12-20,16.38690948486328,17.267925262451172,16.38690948486328,17.267925262451172,17.267925262451172,86604
2007-12-21,17.267925262451172,17.620332717895508,17.09172248840332,17.620332717895508,17.620332717895508,34846
2007-12-24,17.79653549194336,17.79653549194336,17.267925262451172,17.267925262451172,17.267925262451172,6923
2007-12-27,17.79653549194336,17.79653549194336,16.21070671081543,16.563112258911133,16.563112258911133,48126
2007-12-28,16.739316940307617,16.739316940307617,15.153486251831055,15.505891799926758,15.505891799926758,165831
2007-12-31,15.329689025878906,15.858299255371094,14.272468566894531,14.801078796386719,14.801078796386719,55390
2008-01-02,15.329689025878906,16.38690948486328,14.801078796386719,15.682095527648926,15.682095527648926,197555
2008-01-03,15.505891799926758,16.034502029418945,14.97728157043457,15.682095527648926,15.682095527648926,192618
2008-01-04,15.153486251831055,15.682095527648926,14.97728157043457,15.329689025878906,15.329689025878906,137681
2008-01-07,15.329689025878906,15.858299255371094,14.624876022338867,15.153486251831055,15.153486251831055,91144
2008-01-08,15.329689025878906,15.329689025878906,14.624876022338867,14.801078796386719,14.801078796386719,71394
2008-01-09,14.09626579284668,15.329689025878906,14.09626579284668,14.97728157043457,14.97728157043457,240290
2008-01-10,15.153486251831055,18.325145721435547,15.153486251831055,17.79653549194336,17.79653549194336,1033238
2008-01-11,17.620332717895508,20.61578941345215,17.09172248840332,20.61578941345215,20.61578941345215,1427328
2008-01-14,20.968196868896484,24.668466567993164,20.439586639404297,24.139856338500977,24.139856338500977,1646279
2008-01-15,24.844669342041016,26.60670280456543,21.673009872436523,22.906431198120117,22.906431198120117,1061273
2008-01-16,22.906431198120117,22.906431198120117,19.029958724975586,22.025415420532227,22.025415420532227,625867
2008-01-17,22.025415420532227,25.020872116088867,21.49680519104004,23.61124610900879,23.61124610900879,734946
2008-01-18,23.0826358795166,25.020872116088867,22.201618194580078,25.020872116088867,25.020872116088867,836987
2008-01-21,25.549482345581055,26.60670280456543,24.139856338500977,24.49226188659668,24.49226188659668,891470
2008-01-22,22.906431198120117,23.61124610900879,20.08717918395996,23.0826358795166,23.0826358795166,666048
2008-01-23,24.668466567993164,25.90188980102539,23.78744888305664,25.549482345581055,25.549482345581055,714515
2008-01-24,25.549482345581055,26.78290557861328,25.19707679748535,25.725685119628906,25.725685119628906,917916
2008-01-25,25.90188980102539,26.430498123168945,25.725685119628906,25.90188980102539,25.90188980102539,344261
2008-01-28,26.078092575073242,26.078092575073242,22.025415420532227,23.435041427612305,23.435041427612305,530126
2008-01-29,23.61124610900879,24.49226188659668,22.730228424072266,22.730228424072266,22.730228424072266,217816
2008-01-30,22.906431198120117,22.906431198120117,22.025415420532227,22.201618194580078,22.201618194580078,184105
2008-01-31,22.025415420532227,24.316059112548828,22.025415420532227,24.139856338500977,24.139856338500977,285352
2008-02-01,31.716598510742188,32.06900405883789,24.844669342041016,25.90188980102539,25.90188980102539,3024971
2008-02-04,27.135311126708984,27.663921356201172,25.373279571533203,26.254295349121094,26.254295349121094,519740
2008-02-05,25.549482345581055,27.135311126708984,25.549482345581055,26.254295349121094,26.254295349121094,600896
2008-02-06,25.19707679748535,26.959108352661133,25.020872116088867,26.60670280456543,26.60670280456543,249484
2008-02-11,27.48771858215332,27.48771858215332,26.078092575073242,26.078092575073242,26.078092575073242,198974
2008-02-12,25.90188980102539,26.78290557861328,25.725685119628906,26.78290557861328,26.78290557861328,246079
2008-02-13,26.959108352661133,27.135311126708984,25.90188980102539,26.078092575073242,26.078092575073242,288984
2008-02-14,26.078092575073242,26.430498123168945,25.725685119628906,26.254295349121094,26.254295349121094,183424
2008-02-15,26.254295349121094,26.254295349121094,25.549482345581055,25.725685119628906,25.725685119628906,116796
2008-02-18,25.725685119628906,25.725685119628906,23.78744888305664,23.963651657104492,23.963651657104492,290119
2008-02-19,22.906431198120117,25.19707679748535,22.906431198120117,24.844669342041016,24.844669342041016,172187
2008-02-20,24.316059112548828,25.020872116088867,23.963651657104492,24.668466567993164,24.668466567993164,125423
2008-02-21,24.668466567993164,25.020872116088867,23.963651657104492,24.49226188659668,24.49226188659668,85355
2008-02-22,24.139856338500977,24.139856338500977,23.78744888305664,24.139856338500977,24.139856338500977,68103
2008-02-25,23.963651657104492,24.139856338500977,23.258838653564453,23.435041427612305,23.435041427612305,83993
2008-02-26,23.435041427612305,25.020872116088867,23.435041427612305,23.78744888305664,23.78744888305664,413442
2008-02-27,23.963651657104492,24.316059112548828,23.258838653564453,23.963651657104492,23.963651657104492,132687
2008-02-28,23.435041427612305,24.139856338500977,23.435041427612305,23.963651657104492,23.963651657104492,167079
2008-02-29,24.139856338500977,24.139856338500977,22.906431198120117,23.258838653564453,23.258838653564453,251300
2008-03-03,23.258838653564453,23.258838653564453,22.377822875976562,22.377822875976562,22.377822875976562,183991
2008-03-04,22.554025650024414,22.554025650024414,21.49680519104004,21.49680519104004,21.49680519104004,135071
2008-03-05,21.49680519104004,21.49680519104004,19.91097640991211,21.144399642944336,21.144399642944336,168839
2008-03-06,21.144399642944336,23.963651657104492,21.144399642944336,22.730228424072266,22.730228424072266,382739
2008-03-07,21.673009872436523,22.377822875976562,21.320602416992188,21.673009872436523,21.673009872436523,394544
2008-03-10,21.144399642944336,21.849212646484375,20.7919921875,21.320602416992188,21.320602416992188,119975
2008-03-11,21.144399642944336,21.144399642944336,20.61578941345215,21.144399642944336,21.144399642944336,147897
2008-03-12,21.673009872436523,21.673009872436523,20.439586639404297,20.968196868896484,20.968196868896484,146762
2008-03-13,21.144399642944336,21.144399642944336,19.91097640991211,20.08717918395996,20.08717918395996,40861
2008-03-14,20.439586639404297,20.7919921875,20.08717918395996,20.263381958007812,20.263381958007812,59930
2008-03-17,20.08717918395996,20.08717918395996,18.148942947387695,18.5013484954834,18.5013484954834,114753
2008-03-18,18.5013484954834,18.5013484954834,16.739316940307617,17.79653549194336,17.79653549194336,112143
2008-03-19,18.5013484954834,18.67755126953125,17.79653549194336,17.97273826599121,17.97273826599121,50396
2008-03-20,17.620332717895508,18.67755126953125,17.444129943847656,18.148942947387695,18.148942947387695,724163
2008-03-25,18.148942947387695,19.558568954467773,18.148942947387695,19.029958724975586,19.029958724975586,82177
2008-03-26,18.67755126953125,22.377822875976562,18.325145721435547,21.320602416992188,21.320602416992188,749815
2008-03-27,21.320602416992188,22.906431198120117,19.91097640991211,20.61578941345215,20.61578941345215,396019
2008-03-28,20.61578941345215,20.7919921875,19.382366180419922,19.558568954467773,19.558568954467773,125082
2008-03-31,19.382366180419922,19.734771728515625,19.029958724975586,19.558568954467773,19.558568954467773,80758
2008-04-01,19.382366180419922,19.558568954467773,18.5013484954834,18.5013484954834,18.5013484954834,99884
2008-04-02,20.263381958007812,20.263381958007812,18.67755126953125,19.029958724975586,19.029958724975586,123493
2008-04-03,19.029958724975586,19.029958724975586,17.97273826599121,18.853755950927734,18.853755950927734,251073
2008-04-07,18.853755950927734,19.558568954467773,18.853755950927734,19.029958724975586,19.029958724975586,65265
2008-04-08,18.67755126953125,19.206161499023438,18.148942947387695,19.206161499023438,19.206161499023438,50055
2008-04-09,18.5013484954834,18.853755950927734,17.97273826599121,17.97273826599121,17.97273826599121,86150
2008-04-10,18.5013484954834,18.5013484954834,17.620332717895508,17.97273826599121,17.97273826599121,51417
2008-04-11,17.97273826599121,18.325145721435547,17.79653549194336,17.79653549194336,17.79653549194336,64924
2008-04-14,17.620332717895508,18.325145721435547,16.91551971435547,17.444129943847656,17.444129943847656,211006
2008-04-15,17.620332717895508,17.97273826599121,16.91551971435547,17.79653549194336,17.79653549194336,30078
2008-04-16,17.444129943847656,17.444129943847656,16.91551971435547,16.91551971435547,16.91551971435547,31327
2008-04-17,17.09172248840332,18.853755950927734,17.09172248840332,18.325145721435547,18.325145721435547,140405
2008-04-18,17.97273826599121,18.325145721435547,17.620332717895508,17.620332717895508,17.620332717895508,65038
2008-04-21,17.79653549194336,18.148942947387695,17.09172248840332,17.444129943847656,17.444129943847656,43358
2008-04-22,19.936172485351562,19.936172485351562,19.936172485351562,19.936172485351562,19.936172485351562,0
2008-04-23,19.936172485351562,19.936172485351562,19.936172485351562,19.936172485351562,19.936172485351562,0
2008-04-24,19.936172485351562,19.936172485351562,19.936172485351562,19.936172485351562,19.936172485351562,0
2008-04-25,19.936172485351562,19.936172485351562,19.936172485351562,19.936172485351562,19.936172485351562,0
2008-04-28,19.936172485351562,19.936172485351562,19.936172485351562,19.936172485351562,19.936172485351562,0
2008-04-29,19.936172485351562,19.936172485351562,19.936172485351562,19.936172485351562,19.936172485351562,0
2008-04-30,19.936172485351562,19.936172485351562,19.936172485351562,19.936172485351562,19.936172485351562,0
2008-05-02,19.936172485351562,19.936172485351562,19.936172485351562,19.936172485351562,19.936172485351562,0
2008-05-05,19.936172485351562,19.936172485351562,19.936172485351562,19.936172485351562,19.936172485351562,0
2008-05-06,19.936172485351562,19.936172485351562,19.936172485351562,19.936172485351562,19.936172485351562,0
2008-05-07,19.936172485351562,19.936172485351562,19.936172485351562,19.936172485351562,19.936172485351562,0
2008-05-08,19.936172485351562,19.936172485351562,19.936172485351562,19.936172485351562,19.936172485351562,0
2008-05-09,17.97273826599121,21.849212646484375,17.97273826599121,18.853755950927734,18.853755950927734,929040
2008-05-13,18.5013484954834,19.029958724975586,17.79653549194336,18.853755950927734,18.853755950927734,108397
2008-05-14,18.325145721435547,20.08717918395996,18.325145721435547,19.734771728515625,19.734771728515625,160609
2008-05-15,19.382366180419922,19.734771728515625,18.853755950927734,19.382366180419922,19.382366180419922,158112
2008-05-16,19.734771728515625,19.734771728515625,19.029958724975586,19.206161499023438,19.206161499023438,81156
2008-05-19,19.206161499023438,19.382366180419922,18.853755950927734,19.206161499023438,19.206161499023438,130190
2008-05-20,18.67755126953125,18.853755950927734,17.79653549194336,18.325145721435547,18.325145721435547,158339
2008-05-21,18.148942947387695,18.5013484954834,17.620332717895508,18.325145721435547,18.325145721435547,108511
2008-05-22,18.325145721435547,18.5013484954834,17.444129943847656,17.620332717895508,17.620332717895508,191710
2008-05-23,17.620332717895508,17.79653549194336,17.444129943847656,17.79653549194336,17.79653549194336,35073
2008-05-26,17.444129943847656,17.444129943847656,17.09172248840332,17.09172248840332,17.09172248840332,62881
2008-05-27,17.444129943847656,17.97273826599121,17.444129943847656,17.444129943847656,17.444129943847656,133255
2008-05-28,17.620332717895508,17.620332717895508,17.267925262451172,17.444129943847656,17.444129943847656,166285
2008-05-29,17.267925262451172,18.148942947387695,17.267925262451172,18.148942947387695,18.148942947387695,114186
2008-05-30,18.148942947387695,21.49680519104004,18.148942947387695,20.61578941345215,20.61578941345215,2152853
2008-06-02,20.7919921875,25.020872116088867,20.08717918395996,24.668466567993164,24.668466567993164,3468606
2008-06-03,24.844669342041016,26.60670280456543,24.139856338500977,25.19707679748535,25.19707679748535,3265999
2008-06-04,24.49226188659668,25.725685119628906,22.906431198120117,23.258838653564453,23.258838653564453,1192258
2008-06-05,23.258838653564453,24.139856338500977,22.906431198120117,23.0826358795166,23.0826358795166,276271
2008-06-06,23.61124610900879,25.549482345581055,23.61124610900879,24.49226188659668,24.49226188659668,1510981
2008-06-10,23.61124610900879,24.316059112548828,22.377822875976562,22.906431198120117,22.906431198120117,469684
2008-06-11,23.0826358795166,23.61124610900879,22.025415420532227,22.554025650024414,22.554025650024414,337564
2008-06-12,22.201618194580078,22.201618194580078,21.144399642944336,22.201618194580078,22.201618194580078,460944
2008-06-13,22.201618194580078,22.201618194580078,20.61578941345215,20.61578941345215,20.61578941345215,759690
2008-06-16,21.144399642944336,22.554025650024414,20.968196868896484,21.320602416992188,21.320602416992188,578536
2008-06-17,21.673009872436523,21.673009872436523,20.968196868896484,21.144399642944336,21.144399642944336,443918
2008-06-18,21.144399642944336,21.320602416992188,20.08717918395996,20.263381958007812,20.263381958007812,289324
2008-06-19,20.263381958007812,20.263381958007812,19.382366180419922,19.91097640991211,19.91097640991211,380923
2008-06-20,20.263381958007812,20.7919921875,19.91097640991211,19.91097640991211,19.91097640991211,227350
2008-06-23,20.263381958007812,20.263381958007812,19.734771728515625,19.91097640991211,19.91097640991211,129963
2008-06-24,19.734771728515625,19.734771728515625,18.67755126953125,18.67755126953125,18.67755126953125,174003
2008-06-25,18.67755126953125,19.206161499023438,17.97273826599121,17.97273826599121,17.97273826599121,81042
2008-06-26,17.97273826599121,20.263381958007812,17.97273826599121,19.206161499023438,19.206161499023438,691700
2008-06-27,17.97273826599121,19.206161499023438,17.97273826599121,18.853755950927734,18.853755950927734,243128
2008-06-30,19.029958724975586,19.558568954467773,18.853755950927734,19.206161499023438,19.206161499023438,336429
2008-07-02,19.206161499023438,19.382366180419922,18.5013484954834,18.5013484954834,18.5013484954834,200904
2008-07-03,18.148942947387695,18.67755126953125,17.620332717895508,17.79653549194336,17.79653549194336,212822
2008-07-04,18.148942947387695,18.5013484954834,17.97273826599121,17.97273826599121,17.97273826599121,120656
2008-07-07,18.5013484954834,18.5013484954834,17.97273826599121,18.325145721435547,18.325145721435547,135525
2008-07-08,18.325145721435547,18.67755126953125,17.97273826599121,17.97273826599121,17.97273826599121,103516
2008-07-09,18.325145721435547,18.5013484954834,17.97273826599121,18.148942947387695,18.148942947387695,111802
2008-07-10,17.97273826599121,18.148942947387695,17.620332717895508,17.79653549194336,17.79653549194336,94322
2008-07-11,18.325145721435547,18.67755126953125,17.79653549194336,18.67755126953125,18.67755126953125,90123
2008-07-14,18.148942947387695,18.5013484954834,17.79653549194336,17.97273826599121,17.97273826599121,89896
2008-07-15,17.620332717895508,17.97273826599121,16.91551971435547,17.09172248840332,17.09172248840332,200336
2008-07-16,17.620332717895508,17.620332717895508,17.09172248840332,17.444129943847656,17.444129943847656,62654
2008-07-17,17.97273826599121,17.97273826599121,17.267925262451172,17.267925262451172,17.267925262451172,56071
2008-07-18,20.338973999023438,20.338973999023438,19.734771728515625,19.734771728515625,19.734771728515625,0
2008-07-21,19.734771728515625,19.734771728515625,19.734771728515625,19.734771728515625,19.734771728515625,0
2008-07-22,19.734771728515625,19.734771728515625,19.734771728515625,19.734771728515625,19.734771728515625,0
2008-07-23,18.325145721435547,19.206161499023438,17.444129943847656,17.444129943847656,17.444129943847656,549478
2008-07-24,17.444129943847656,17.97273826599121,17.267925262451172,17.267925262451172,17.267925262451172,151529
2008-07-25,17.620332717895508,17.620332717895508,15.858299255371094,16.21070671081543,16.21070671081543,242106
2008-07-28,16.21070671081543,16.38690948486328,15.505891799926758,16.38690948486328,16.38690948486328,113051
2008-07-29,16.034502029418945,16.739316940307617,15.858299255371094,16.563112258911133,16.563112258911133,120883
2008-07-30,16.739316940307617,16.739316940307617,16.034502029418945,16.21070671081543,16.21070671081543,87058
2008-07-31,16.38690948486328,16.38690948486328,15.858299255371094,16.034502029418945,16.034502029418945,60384
2008-08-01,15.505891799926758,15.505891799926758,14.97728157043457,15.329689025878906,15.329689025878906,206693
2008-08-04,14.97728157043457,15.505891799926758,14.801078796386719,15.153486251831055,15.153486251831055,120202
2008-08-05,14.801078796386719,14.801078796386719,13.215249061584473,13.567655563354492,13.567655563354492,308166
2008-08-06,15.505891799926758,15.505891799926758,15.505891799926758,15.505891799926758,15.505891799926758,0
2008-08-07,13.920063018798828,13.920063018798828,11.981825828552246,12.334233283996582,12.334233283996582,209644
2008-08-08,12.334233283996582,12.510436058044434,11.100809097290039,11.981825828552246,11.981825828552246,261970
2008-08-11,11.981825828552246,12.510436058044434,11.629419326782227,11.805623054504395,11.805623054504395,137908
2008-08-12,11.981825828552246,12.510436058044434,11.453215599060059,12.334233283996582,12.334233283996582,216681
2008-08-13,11.805623054504395,12.862842559814453,11.805623054504395,12.862842559814453,12.862842559814453,49715
2008-08-14,12.862842559814453,12.862842559814453,12.158028602600098,12.510436058044434,12.510436058044434,96025
2008-08-15,12.510436058044434,14.624876022338867,12.158028602600098,14.09626579284668,14.09626579284668,677399
2008-08-18,14.09626579284668,14.272468566894531,13.039046287536621,14.09626579284668,14.09626579284668,344488
2008-08-19,13.74385929107666,13.74385929107666,12.686638832092285,13.039046287536621,13.039046287536621,122926
2008-08-20,13.039046287536621,13.567655563354492,12.862842559814453,13.39145278930664,13.39145278930664,74459
2008-08-21,12.686638832092285,13.567655563354492,12.686638832092285,13.39145278930664,13.39145278930664,99657
2008-08-22,15.304491996765137,15.304491996765137,15.304491996765137,15.304491996765137,15.304491996765137,0
2008-08-25,13.567655563354492,13.567655563354492,12.862842559814453,13.215249061584473,13.215249061584473,38591
2008-08-26,12.862842559814453,12.862842559814453,12.334233283996582,12.862842559814453,12.862842559814453,86604
2008-08-27,12.686638832092285,14.09626579284668,12.686638832092285,13.74385929107666,13.74385929107666,720077
2008-08-28,13.74385929107666,13.74385929107666,12.862842559814453,12.862842559814453,12.862842559814453,175479
2008-08-29,13.039046287536621,13.215249061584473,12.862842559814453,13.039046287536621,13.039046287536621,30078
2008-09-01,13.039046287536621,13.920063018798828,13.039046287536621,13.039046287536621,13.039046287536621,399878
2008-09-02,13.215249061584473,13.39145278930664,12.510436058044434,12.686638832092285,12.686638832092285,117023
2008-09-03,12.510436058044434,12.686638832092285,12.158028602600098,12.158028602600098,12.158028602600098,59590
2008-09-04,11.981825828552246,12.862842559814453,11.981825828552246,12.334233283996582,12.334233283996582,80134
2008-09-05,11.629419326782227,12.158028602600098,11.629419326782227,11.981825828552246,11.981825828552246,70713
2008-09-08,12.334233283996582,12.510436058044434,12.158028602600098,12.158028602600098,12.158028602600098,34959
2008-09-09,11.805623054504395,11.805623054504395,11.453215599060059,11.629419326782227,11.629419326782227,75026
2008-09-10,11.629419326782227,11.629419326782227,11.100809097290039,11.100809097290039,11.100809097290039,81212
2008-09-11,11.100809097290039,11.100809097290039,9.514979362487793,9.867385864257812,9.867385864257812,213616
2008-09-12,9.867385864257812,10.39599609375,9.867385864257812,10.043588638305664,10.043588638305664,217589
2008-09-16,9.691183090209961,9.691183090209961,8.281556129455566,8.281556129455566,8.281556129455566,243922
2008-09-17,8.369658470153809,8.633962631225586,6.871929168701172,6.871929168701172,6.871929168701172,263899
2008-09-18,7.04813289642334,7.04813289642334,5.374200820922852,6.343318939208984,6.343318939208984,502941
2008-09-19,6.871929168701172,7.929149150848389,6.607624053955078,7.576743125915527,7.576743125915527,555381
2008-09-22,8.105353355407715,8.457758903503418,7.04813289642334,8.457758903503418,8.457758903503418,405440
2008-09-23,7.664844036102295,8.986369132995605,7.664844036102295,8.810166358947754,8.810166358947754,249257
2008-09-24,8.281556129455566,9.691183090209961,8.281556129455566,8.722064018249512,8.722064018249512,454928
2008-09-25,8.810166358947754,8.810166358947754,8.54586124420166,8.810166358947754,8.810166358947754,88874
2008-09-26,8.633962631225586,10.043588638305664,8.54586124420166,8.810166358947754,8.810166358947754,221448
2008-09-29,8.633962631225586,8.633962631225586,7.929149150848389,8.281556129455566,8.281556129455566,49147
2008-09-30,6.167116165161133,7.752945899963379,6.167116165161133,7.312438011169434,7.312438011169434,83199
2008-10-02,8.017251014709473,8.017251014709473,7.488640785217285,7.929149150848389,7.929149150848389,55277
2008-10-03,7.664844036102295,7.929149150848389,7.04813289642334,7.929149150848389,7.929149150848389,62654
2008-10-06,7.752945899963379,7.752945899963379,7.312438011169434,7.576743125915527,7.576743125915527,62881
2008-10-08,6.960031032562256,6.960031032562256,5.990912914276123,6.431420803070068,6.431420803070068,47672
2008-10-09,6.871929168701172,7.04813289642334,6.343318939208984,6.343318939208984,6.343318939208984,147216
2008-10-10,6.255218029022217,6.431420803070068,5.902811050415039,6.167116165161133,6.167116165161133,148351
2008-10-13,6.167116165161133,6.255218029022217,5.814709186553955,6.255218029022217,6.255218029022217,30419
2008-10-14,6.431420803070068,7.400538921356201,6.431420803070068,7.136233806610107,7.136233806610107,53574
2008-10-15,6.960031032562256,6.960031032562256,6.5195231437683105,6.607624053955078,6.607624053955078,31667
2008-10-16,6.343318939208984,6.695725917816162,6.255218029022217,6.5195231437683105,6.5195231437683105,102268
2008-10-17,6.5195231437683105,7.929149150848389,6.255218029022217,7.576743125915527,7.576743125915527,148464
2008-10-20,6.695725917816162,6.783827781677246,5.990912914276123,6.431420803070068,6.431420803070068,143016
2008-10-21,5.814709186553955,6.695725917816162,5.814709186553955,6.343318939208984,6.343318939208984,269574
2008-10-22,5.814709186553955,6.167116165161133,5.638505935668945,5.726607799530029,5.726607799530029,143811
2008-10-23,5.462303161621094,5.638505935668945,5.109896183013916,5.462303161621094,5.462303161621094,141654
2008-10-24,4.757489204406738,5.286098957061768,4.757489204406738,5.286098957061768,5.286098957061768,64924
2008-10-27,3.5240659713745117,5.109896183013916,3.5240659713745117,4.4931840896606445,4.4931840896606445,53914
2008-10-28,4.757489204406738,4.845591068267822,4.228878974914551,4.757489204406738,4.757489204406738,90974
2008-10-29,5.197998046875,5.197998046875,4.405083179473877,4.757489204406738,4.757489204406738,125650
2008-10-30,4.845591068267822,5.902811050415039,4.845591068267822,5.814709186553955,5.814709186553955,142903
2008-10-31,5.109896183013916,6.079013824462891,5.109896183013916,6.079013824462891,6.079013824462891,44948
2008-11-03,6.167116165161133,6.5195231437683105,5.638505935668945,5.814709186553955,5.814709186553955,200223
2008-11-04,6.079013824462891,6.079013824462891,5.726607799530029,5.990912914276123,5.990912914276123,6583
2008-11-05,5.990912914276123,7.929149150848389,5.374200820922852,5.550404071807861,5.550404071807861,513951
2008-11-06,5.462303161621094,6.255218029022217,5.462303161621094,5.990912914276123,5.990912914276123,190802
2008-11-07,5.726607799530029,5.990912914276123,5.726607799530029,5.990912914276123,5.990912914276123,54936
2008-11-10,6.255218029022217,6.255218029022217,5.550404071807861,5.814709186553955,5.814709186553955,578876
2008-11-11,5.726607799530029,5.902811050415039,5.638505935668945,5.814709186553955,5.814709186553955,158793
2008-11-12,5.550404071807861,6.343318939208984,5.462303161621094,5.814709186553955,5.814709186553955,316452
2008-11-13,5.726607799530029,5.726607799530029,5.374200820922852,5.550404071807861,5.550404071807861,29738
2008-11-14,5.550404071807861,6.167116165161133,5.462303161621094,5.550404071807861,5.550404071807861,706570
2008-11-17,5.462303161621094,5.902811050415039,5.374200820922852,5.550404071807861,5.550404071807861,223378
2008-11-18,5.462303161621094,5.462303161621094,5.197998046875,5.286098957061768,5.286098957061768,88420
2008-11-19,5.286098957061768,5.374200820922852,5.197998046875,5.197998046875,5.197998046875,39272
2008-11-20,5.197998046875,5.374200820922852,4.4931840896606445,5.286098957061768,5.286098957061768,101870
2008-11-21,4.933692932128906,5.286098957061768,4.757489204406738,5.286098957061768,5.286098957061768,213276
2008-11-24,5.286098957061768,5.286098957061768,5.197998046875,5.197998046875,5.197998046875,39726
2008-11-25,5.021793842315674,5.021793842315674,4.405083179473877,4.405083179473877,4.405083179473877,688409
2008-11-26,4.405083179473877,4.405083179473877,3.7002689838409424,4.140778064727783,4.140778064727783,372070
2008-11-27,4.316980838775635,4.387462139129639,4.070295810699463,4.176018238067627,4.176018238067627,185354
2008-11-28,4.228878974914551,4.845591068267822,4.176018238067627,4.757489204406738,4.757489204406738,346190
2008-12-01,4.405083179473877,4.845591068267822,4.316980838775635,4.845591068267822,4.845591068267822,149486
2008-12-02,4.299361228942871,4.845591068267822,4.299361228942871,4.845591068267822,4.845591068267822,33824
2008-12-03,4.5812859535217285,5.109896183013916,4.5812859535217285,5.021793842315674,5.021793842315674,103062
2008-12-04,4.933692932128906,5.021793842315674,4.757489204406738,5.021793842315674,5.021793842315674,177976
2008-12-05,5.021793842315674,5.109896183013916,4.933692932128906,5.109896183013916,5.109896183013916,47218
2008-12-08,4.933692932128906,5.814709186553955,4.933692932128906,5.109896183013916,5.109896183013916,165717
2008-12-09,5.197998046875,5.374200820922852,5.109896183013916,5.286098957061768,5.286098957061768,101927
2008-12-10,5.462303161621094,6.079013824462891,5.286098957061768,5.374200820922852,5.374200820922852,298859
2008-12-11,5.902811050415039,5.902811050415039,5.197998046875,5.197998046875,5.197998046875,272639
2008-12-12,5.550404071807861,5.990912914276123,5.462303161621094,5.638505935668945,5.638505935668945,571498
2008-12-15,5.638505935668945,5.638505935668945,5.638505935668945,5.638505935668945,5.638505935668945,0
2008-12-16,5.638505935668945,5.638505935668945,5.638505935668945,5.638505935668945,5.638505935668945,0
2008-12-17,5.638505935668945,5.638505935668945,5.638505935668945,5.638505935668945,5.638505935668945,0
2008-12-18,5.638505935668945,5.638505935668945,5.638505935668945,5.638505935668945,5.638505935668945,0
2008-12-19,5.638505935668945,5.638505935668945,5.638505935668945,5.638505935668945,5.638505935668945,0
2008-12-22,5.638505935668945,5.638505935668945,5.638505935668945,5.638505935668945,5.638505935668945,0
2008-12-23,5.638505935668945,5.638505935668945,5.638505935668945,5.638505935668945,5.638505935668945,0
2008-12-24,5.638505935668945,5.638505935668945,5.638505935668945,5.638505935668945,5.638505935668945,0
2008-12-29,5.638505935668945,5.638505935668945,5.638505935668945,5.638505935668945,5.638505935668945,0
2008-12-30,5.638505935668945,5.638505935668945,5.638505935668945,5.638505935668945,5.638505935668945,0
2008-12-31,5.638505935668945,5.638505935668945,5.638505935668945,5.638505935668945,5.638505935668945,0
2009-01-02,5.638505935668945,5.638505935668945,5.638505935668945,5.638505935668945,5.638505935668945,0
2009-01-05,5.638505935668945,5.638505935668945,5.638505935668945,5.638505935668945,5.638505935668945,0
2009-01-06,5.638505935668945,5.638505935668945,5.638505935668945,5.638505935668945,5.638505935668945,0
2009-01-07,7.04813289642334,7.576743125915527,6.695725917816162,6.871929168701172,6.871929168701172,1328805
2009-01-08,6.607624053955078,6.695725917816162,5.814709186553955,6.079013824462891,6.079013824462891,269461
2009-01-09,6.079013824462891,6.343318939208984,6.079013824462891,6.343318939208984,6.343318939208984,84788
2009-01-12,6.343318939208984,6.960031032562256,6.343318939208984,6.607624053955078,6.607624053955078,111348
2009-01-13,6.607624053955078,6.695725917816162,6.167116165161133,6.431420803070068,6.431420803070068,174117
2009-01-14,6.5195231437683105,6.695725917816162,6.343318939208984,6.431420803070068,6.431420803070068,53347
2009-01-15,6.343318939208984,6.343318939208984,6.079013824462891,6.167116165161133,6.167116165161133,75935
2009-01-16,6.167116165161133,6.431420803070068,6.079013824462891,6.343318939208984,6.343318939208984,47558
2009-01-19,6.5195231437683105,6.5195231437683105,5.990912914276123,6.255218029022217,6.255218029022217,20884
2009-01-20,6.167116165161133,6.167116165161133,5.902811050415039,5.990912914276123,5.990912914276123,56639
2009-01-21,5.814709186553955,6.255218029022217,5.814709186553955,6.167116165161133,6.167116165161133,28489
2009-01-22,6.167116165161133,6.167116165161133,5.990912914276123,6.167116165161133,6.167116165161133,47445
2009-01-23,6.255218029022217,6.343318939208984,6.167116165161133,6.343318939208984,6.343318939208984,10442
2009-01-29,6.167116165161133,6.255218029022217,6.167116165161133,6.255218029022217,6.255218029022217,1929
2009-01-30,6.079013824462891,6.343318939208984,6.079013824462891,6.343318939208984,6.343318939208984,16798
2009-02-02,6.5195231437683105,6.5195231437683105,6.079013824462891,6.255218029022217,6.255218029022217,36094
2009-02-03,6.167116165161133,6.255218029022217,6.079013824462891,6.255218029022217,6.255218029022217,10101
2009-02-04,6.255218029022217,6.5195231437683105,6.079013824462891,6.079013824462891,6.079013824462891,78886
2009-02-05,5.990912914276123,6.343318939208984,5.990912914276123,6.343318939208984,6.343318939208984,9874
2009-02-06,6.343318939208984,6.343318939208984,6.079013824462891,6.167116165161133,6.167116165161133,44834
2009-02-09,6.255218029022217,6.343318939208984,6.167116165161133,6.343318939208984,6.343318939208984,34505
2009-02-10,6.431420803070068,6.431420803070068,6.255218029022217,6.255218029022217,6.255218029022217,33030
2009-02-11,6.167116165161133,6.783827781677246,6.167116165161133,6.783827781677246,6.783827781677246,112597
2009-02-12,6.783827781677246,7.664844036102295,6.783827781677246,7.136233806610107,7.136233806610107,1231872
2009-02-13,7.22433614730835,7.400538921356201,6.960031032562256,7.22433614730835,7.22433614730835,309415
2009-02-16,7.312438011169434,7.312438011169434,6.783827781677246,6.871929168701172,6.871929168701172,617127
2009-02-17,6.695725917816162,6.871929168701172,6.607624053955078,6.695725917816162,6.695725917816162,90236
2009-02-18,6.695725917816162,6.783827781677246,6.5195231437683105,6.783827781677246,6.783827781677246,30305
2009-02-19,6.695725917816162,6.871929168701172,6.695725917816162,6.783827781677246,6.783827781677246,45969
2009-02-20,6.783827781677246,7.752945899963379,6.783827781677246,7.22433614730835,7.22433614730835,696354
2009-02-23,7.488640785217285,8.017251014709473,7.400538921356201,7.576743125915527,7.576743125915527,441762
2009-02-24,7.400538921356201,7.400538921356201,7.22433614730835,7.22433614730835,7.22433614730835,142903
2009-02-25,7.22433614730835,7.22433614730835,7.04813289642334,7.04813289642334,7.04813289642334,100452
2009-02-26,7.04813289642334,7.04813289642334,6.607624053955078,6.783827781677246,6.783827781677246,76616
2009-02-27,6.871929168701172,6.871929168701172,6.5195231437683105,6.5195231437683105,6.5195231437683105,44834
2009-03-02,6.255218029022217,6.783827781677246,6.167116165161133,6.695725917816162,6.695725917816162,91939
2009-03-03,6.695725917816162,6.695725917816162,6.431420803070068,6.431420803070068,6.431420803070068,35867
2009-03-04,6.695725917816162,7.04813289642334,6.5195231437683105,6.960031032562256,6.960031032562256,98068
2009-03-05,7.400538921356201,7.400538921356201,6.871929168701172,7.136233806610107,7.136233806610107,256862
2009-03-06,6.871929168701172,7.312438011169434,6.871929168701172,7.136233806610107,7.136233806610107,193753
2009-03-09,7.04813289642334,7.22433614730835,6.871929168701172,7.04813289642334,7.04813289642334,115321
2009-03-10,7.04813289642334,7.22433614730835,6.871929168701172,6.960031032562256,6.960031032562256,21111
2009-03-11,7.136233806610107,7.136233806610107,6.960031032562256,6.960031032562256,6.960031032562256,11350
2009-03-12,7.04813289642334,7.04813289642334,6.783827781677246,6.783827781677246,6.783827781677246,58001
2009-03-13,7.04813289642334,7.04813289642334,6.871929168701172,6.871929168701172,6.871929168701172,34392
2009-03-16,7.136233806610107,7.136233806610107,6.960031032562256,6.960031032562256,6.960031032562256,71735
2009-03-17,7.136233806610107,7.312438011169434,7.136233806610107,7.22433614730835,7.22433614730835,264240
2009-03-18,7.312438011169434,8.105353355407715,7.312438011169434,8.105353355407715,8.105353355407715,558559
2009-03-19,8.105353355407715,10.043588638305664,7.841047763824463,9.691183090209961,9.691183090209961,1868636
2009-03-20,10.043588638305664,10.39599609375,8.986369132995605,8.986369132995605,8.986369132995605,841471
2009-03-23,9.162572860717773,9.514979362487793,8.986369132995605,9.162572860717773,9.162572860717773,415088
2009-03-24,9.338775634765625,9.514979362487793,8.457758903503418,8.633962631225586,8.633962631225586,534155
2009-03-25,8.54586124420166,9.162572860717773,8.54586124420166,8.810166358947754,8.810166358947754,296702
2009-03-26,9.162572860717773,9.514979362487793,8.810166358947754,9.338775634765625,9.338775634765625,481262
2009-03-27,9.514979362487793,9.867385864257812,9.162572860717773,9.338775634765625,9.338775634765625,754242
2009-03-30,9.338775634765625,9.691183090209961,8.986369132995605,8.986369132995605,8.986369132995605,368324
2009-03-31,9.162572860717773,9.162572860717773,8.810166358947754,8.986369132995605,8.986369132995605,90690
2009-04-01,8.986369132995605,9.162572860717773,8.810166358947754,8.986369132995605,8.986369132995605,271618
2009-04-02,8.810166358947754,9.514979362487793,8.810166358947754,9.162572860717773,9.162572860717773,787272
2009-04-03,9.162572860717773,9.162572860717773,8.810166358947754,8.986369132995605,8.986369132995605,174003
2009-04-06,8.986369132995605,8.986369132995605,8.105353355407715,8.193453788757324,8.193453788757324,864115
2009-04-07,8.193453788757324,8.193453788757324,7.664844036102295,7.929149150848389,7.929149150848389,585232
2009-04-08,7.929149150848389,7.929149150848389,7.576743125915527,7.841047763824463,7.841047763824463,96706
2009-04-09,7.752945899963379,8.017251014709473,7.752945899963379,8.017251014709473,8.017251014709473,75026
2009-04-14,7.929149150848389,8.369658470153809,7.929149150848389,8.281556129455566,8.281556129455566,186716
2009-04-15,8.281556129455566,8.281556129455566,8.017251014709473,8.281556129455566,8.281556129455566,128374
2009-04-16,8.105353355407715,8.105353355407715,7.929149150848389,7.929149150848389,7.929149150848389,111916
2009-04-17,7.929149150848389,7.929149150848389,7.752945899963379,7.841047763824463,7.841047763824463,115207
2009-04-20,8.017251014709473,8.281556129455566,7.841047763824463,8.281556129455566,8.281556129455566,156523
2009-04-21,8.105353355407715,9.867385864257812,8.105353355407715,9.338775634765625,9.338775634765625,1892018
2009-04-22,9.338775634765625,10.572198867797852,8.986369132995605,9.162572860717773,9.162572860717773,1644009
2009-04-23,8.986369132995605,8.986369132995605,8.722064018249512,8.810166358947754,8.810166358947754,189440
2009-04-24,8.810166358947754,9.514979362487793,8.633962631225586,8.986369132995605,8.986369132995605,431319
2009-04-27,8.722064018249512,8.810166358947754,7.929149150848389,8.369658470153809,8.369658470153809,508843
2009-04-28,8.281556129455566,8.369658470153809,8.017251014709473,8.017251014709473,8.017251014709473,227237
2009-04-29,7.929149150848389,8.722064018249512,7.929149150848389,8.633962631225586,8.633962631225586,182402
2009-04-30,8.810166358947754,9.338775634765625,8.369658470153809,9.338775634765625,9.338775634765625,613609
2009-05-04,9.514979362487793,9.867385864257812,8.810166358947754,8.986369132995605,8.986369132995605,842435
2009-05-05,9.162572860717773,9.514979362487793,8.633962631225586,8.986369132995605,8.986369132995605,622235
2009-05-06,8.986369132995605,9.691183090209961,8.810166358947754,9.514979362487793,9.514979362487793,4148502
2009-05-07,9.867385864257812,10.219793319702148,8.810166358947754,9.338775634765625,9.338775634765625,6386712
2009-05-08,8.986369132995605,9.514979362487793,8.810166358947754,9.162572860717773,9.162572860717773,1936058
2009-05-11,9.162572860717773,9.162572860717773,8.369658470153809,8.54586124420166,8.54586124420166,10771930
2009-05-12,8.457758903503418,8.633962631225586,8.193453788757324,8.633962631225586,8.633962631225586,1474887
2009-05-13,8.633962631225586,8.722064018249512,8.369658470153809,8.369658470153809,8.369658470153809,1065019
2009-05-14,8.281556129455566,8.281556129455566,7.312438011169434,7.400538921356201,7.400538921356201,6106808
2009-05-15,7.752945899963379,7.929149150848389,7.312438011169434,7.400538921356201,7.400538921356201,8040483
2009-05-18,7.400538921356201,7.576743125915527,7.04813289642334,7.04813289642334,7.04813289642334,5811411
2009-05-19,7.488640785217285,10.572198867797852,7.136233806610107,10.39599609375,10.39599609375,38942624
2009-05-20,10.572198867797852,11.629419326782227,10.043588638305664,10.39599609375,10.39599609375,22084486
2009-05-21,10.39599609375,11.100809097290039,8.810166358947754,9.338775634765625,9.338775634765625,17868901
2009-05-22,9.514979362487793,10.572198867797852,8.633962631225586,9.514979362487793,9.514979362487793,34513820
2009-05-25,9.514979362487793,9.514979362487793,8.986369132995605,9.162572860717773,9.162572860717773,10938896
2009-05-26,8.986369132995605,10.043588638305664,8.810166358947754,9.867385864257812,9.867385864257812,23480260
2009-05-27,10.219793319702148,10.39599609375,9.162572860717773,9.338775634765625,9.338775634765625,9300164
2009-05-29,9.514979362487793,9.691183090209961,8.986369132995605,9.162572860717773,9.162572860717773,15099700
2009-06-01,9.338775634765625,9.691183090209961,9.338775634765625,9.514979362487793,9.514979362487793,7746051
2009-06-02,9.691183090209961,10.39599609375,9.514979362487793,9.867385864257812,9.867385864257812,19808876
2009-06-03,10.219793319702148,11.100809097290039,10.043588638305664,10.572198867797852,10.572198867797852,29983145
2009-06-04,10.74840259552002,11.277012825012207,10.219793319702148,10.74840259552002,10.74840259552002,18961162
2009-06-05,10.74840259552002,10.924606323242188,9.867385864257812,10.219793319702148,10.219793319702148,19015645
2009-06-08,10.043588638305664,10.39599609375,9.691183090209961,10.043588638305664,10.043588638305664,9360322
2009-06-09,10.219793319702148,11.277012825012207,9.867385864257812,10.924606323242188,10.924606323242188,34909329
2009-06-10,11.277012825012207,12.158028602600098,11.100809097290039,11.453215599060059,11.453215599060059,25529370
2009-06-11,11.453215599060059,11.629419326782227,10.74840259552002,11.100809097290039,11.100809097290039,12704300
2009-06-12,11.277012825012207,11.277012825012207,10.572198867797852,10.924606323242188,10.924606323242188,10121261
2009-06-15,10.924606323242188,12.334233283996582,10.74840259552002,12.158028602600098,12.158028602600098,32599554
2009-06-16,11.805623054504395,12.158028602600098,11.100809097290039,11.453215599060059,11.453215599060059,15687331
2009-06-17,11.453215599060059,12.510436058044434,11.100809097290039,11.805623054504395,11.805623054504395,26981102
2009-06-18,11.981825828552246,12.158028602600098,11.100809097290039,11.277012825012207,11.277012825012207,13543330
2009-06-19,11.453215599060059,11.629419326782227,10.924606323242188,11.277012825012207,11.277012825012207,9703902
2009-06-22,11.277012825012207,11.453215599060059,10.219793319702148,10.39599609375,10.39599609375,17273879
2009-06-23,9.691183090209961,10.043588638305664,9.514979362487793,9.691183090209961,9.691183090209961,12333535
2009-06-24,9.691183090209961,10.043588638305664,9.338775634765625,9.691183090209961,9.691183090209961,10618357
2009-06-25,10.043588638305664,10.219793319702148,9.514979362487793,9.867385864257812,9.867385864257812,10715631
2009-06-26,9.867385864257812,10.219793319702148,9.514979362487793,10.043588638305664,10.043588638305664,13298727
2009-06-29,9.867385864257812,10.043588638305664,9.514979362487793,9.691183090209961,9.691183090209961,7391404
2009-06-30,9.691183090209961,10.043588638305664,9.338775634765625,9.514979362487793,9.514979362487793,8414256
2009-07-02,9.514979362487793,9.691183090209961,8.281556129455566,8.457758903503418,8.457758903503418,13874595
2009-07-03,8.193453788757324,8.722064018249512,7.841047763824463,8.633962631225586,8.633962631225586,7406840
2009-07-06,8.810166358947754,9.691183090209961,8.722064018249512,9.514979362487793,9.514979362487793,11624354
2009-07-07,9.691183090209961,9.867385864257812,9.162572860717773,9.338775634765625,9.338775634765625,5342483
2009-07-08,8.986369132995605,9.338775634765625,8.986369132995605,9.162572860717773,9.162572860717773,3048637
2009-07-09,9.162572860717773,9.338775634765625,8.722064018249512,8.986369132995605,8.986369132995605,8103933
2009-07-10,8.986369132995605,8.986369132995605,8.633962631225586,8.722064018249512,8.722064018249512,4464841
2009-07-13,8.810166358947754,8.810166358947754,8.369658470153809,8.54586124420166,8.54586124420166,3272355
2009-07-14,8.633962631225586,9.162572860717773,8.369658470153809,8.986369132995605,8.986369132995605,10506271
2009-07-15,8.810166358947754,8.986369132995605,8.633962631225586,8.810166358947754,8.810166358947754,5170049
2009-07-16,8.986369132995605,9.162572860717773,8.633962631225586,8.722064018249512,8.722064018249512,6091598
2009-07-17,8.810166358947754,8.810166358947754,8.54586124420166,8.633962631225586,8.633962631225586,5045307
2009-07-20,8.722064018249512,9.162572860717773,8.633962631225586,8.810166358947754,8.810166358947754,8635364
2009-07-21,8.986369132995605,9.162572860717773,8.810166358947754,8.986369132995605,8.986369132995605,5189005
2009-07-22,9.162572860717773,9.691183090209961,8.986369132995605,9.338775634765625,9.338775634765625,14923043
2009-07-23,9.514979362487793,9.691183090209961,9.338775634765625,9.691183090209961,9.691183090209961,9036038
2009-07-24,9.867385864257812,9.867385864257812,9.338775634765625,9.514979362487793,9.514979362487793,8039575
2009-07-27,9.338775634765625,9.338775634765625,8.986369132995605,9.162572860717773,9.162572860717773,11544276
2009-07-28,9.162572860717773,9.338775634765625,8.986369132995605,9.162572860717773,9.162572860717773,4719093
2009-07-29,9.162572860717773,9.338775634765625,8.722064018249512,8.810166358947754,8.810166358947754,14244566
2009-07-30,8.810166358947754,8.986369132995605,8.54586124420166,8.810166358947754,8.810166358947754,8374132
2009-07-31,8.810166358947754,9.338775634765625,8.722064018249512,8.986369132995605,8.986369132995605,13376478
2009-08-03,8.986369132995605,9.162572860717773,8.810166358947754,8.986369132995605,8.986369132995605,5389909
2009-08-04,9.162572860717773,9.162572860717773,8.722064018249512,8.986369132995605,8.986369132995605,6741643
2009-08-05,8.810166358947754,8.986369132995605,8.633962631225586,8.722064018249512,8.722064018249512,3657252
2009-08-06,8.722064018249512,8.810166358947754,8.633962631225586,8.722064018249512,8.722064018249512,2673048
2009-08-07,8.810166358947754,8.810166358947754,8.457758903503418,8.457758903503418,8.457758903503418,3524110
2009-08-10,8.633962631225586,8.810166358947754,8.54586124420166,8.54586124420166,8.54586124420166,2446945
2009-08-11,8.54586124420166,8.633962631225586,8.457758903503418,8.54586124420166,8.54586124420166,1955468
2009-08-12,8.54586124420166,8.54586124420166,8.281556129455566,8.369658470153809,8.369658470153809,2441497
2009-08-13,8.457758903503418,9.162572860717773,8.369658470153809,8.810166358947754,8.810166358947754,12201869
2009-08-14,8.810166358947754,8.986369132995605,8.54586124420166,8.633962631225586,8.633962631225586,3614460
2009-08-17,8.54586124420166,8.633962631225586,8.281556129455566,8.369658470153809,8.369658470153809,2863056
2009-08-18,8.281556129455566,8.369658470153809,7.752945899963379,8.105353355407715,8.105353355407715,4408089
2009-08-19,8.105353355407715,8.105353355407715,7.664844036102295,7.752945899963379,7.752945899963379,7185562
2009-08-20,7.841047763824463,8.017251014709473,7.576743125915527,7.841047763824463,7.841047763824463,6406348
2009-08-21,7.752945899963379,7.752945899963379,7.400538921356201,7.576743125915527,7.576743125915527,3065889
2009-08-24,7.752945899963379,7.752945899963379,7.488640785217285,7.664844036102295,7.664844036102295,2190310
2009-08-25,7.664844036102295,7.664844036102295,7.488640785217285,7.664844036102295,7.664844036102295,1456612
2009-08-26,7.664844036102295,8.105353355407715,7.664844036102295,7.752945899963379,7.752945899963379,5076124
2009-08-27,7.752945899963379,7.841047763824463,7.400538921356201,7.488640785217285,7.488640785217285,3679726
2009-08-28,7.400538921356201,7.488640785217285,6.783827781677246,6.960031032562256,6.960031032562256,6846976
2009-08-31,6.960031032562256,6.960031032562256,6.431420803070068,6.783827781677246,6.783827781677246,4485613
2009-09-01,6.871929168701172,6.871929168701172,6.607624053955078,6.695725917816162,6.695725917816162,5385028
2009-09-02,6.5195231437683105,6.695725917816162,6.431420803070068,6.607624053955078,6.607624053955078,2845462
2009-09-03,6.607624053955078,6.960031032562256,6.5195231437683105,6.960031032562256,6.960031032562256,3482170
2009-09-04,6.960031032562256,7.04813289642334,6.783827781677246,6.871929168701172,6.871929168701172,1608482
2009-09-07,6.960031032562256,7.04813289642334,6.695725917816162,6.783827781677246,6.783827781677246,2988933
2009-09-08,6.783827781677246,6.783827781677246,6.5195231437683105,6.695725917816162,6.695725917816162,6640169
2009-09-09,6.783827781677246,6.871929168701172,6.5195231437683105,6.607624053955078,6.607624053955078,4169047
2009-09-10,6.695725917816162,6.960031032562256,6.607624053955078,6.783827781677246,6.783827781677246,9075481
2009-09-11,6.783827781677246,6.871929168701172,6.431420803070068,6.5195231437683105,6.5195231437683105,5724068
2009-09-14,6.431420803070068,6.607624053955078,6.343318939208984,6.5195231437683105,6.5195231437683105,2149448
2009-09-15,6.431420803070068,6.5195231437683105,6.079013824462891,6.167116165161133,6.167116165161133,4328351
2009-09-16,6.167116165161133,6.255218029022217,5.902811050415039,5.990912914276123,5.990912914276123,5945858
2009-09-17,6.079013824462891,6.255218029022217,5.990912914276123,6.167116165161133,6.167116165161133,4113656
2009-09-18,6.607624053955078,7.312438011169434,6.607624053955078,7.04813289642334,7.04813289642334,28373924
2009-09-21,7.136233806610107,7.312438011169434,6.695725917816162,6.783827781677246,6.783827781677246,8532926
2009-09-22,6.783827781677246,6.871929168701172,6.607624053955078,6.695725917816162,6.695725917816162,2017782
2009-09-23,6.607624053955078,6.695725917816162,6.255218029022217,6.431420803070068,6.431420803070068,4263937
2009-09-24,6.343318939208984,6.343318939208984,5.990912914276123,6.167116165161133,6.167116165161133,3384499
2009-09-25,6.167116165161133,6.255218029022217,5.990912914276123,6.255218029022217,6.255218029022217,1882484
2009-09-28,6.167116165161133,6.255218029022217,5.990912914276123,5.990912914276123,5.990912914276123,1485669
2009-09-29,6.079013824462891,6.167116165161133,5.814709186553955,5.902811050415039,5.902811050415039,3461001
2009-09-30,5.902811050415039,5.902811050415039,5.638505935668945,5.814709186553955,5.814709186553955,2540247
2009-10-02,5.638505935668945,5.638505935668945,5.374200820922852,5.462303161621094,5.462303161621094,5384801
2009-10-05,5.462303161621094,5.550404071807861,5.286098957061768,5.374200820922852,5.374200820922852,4816821
2009-10-06,5.462303161621094,5.638505935668945,5.374200820922852,5.462303161621094,5.462303161621094,2368683
2009-10-07,5.550404071807861,5.814709186553955,5.462303161621094,5.726607799530029,5.726607799530029,4194131
2009-10-08,5.726607799530029,5.814709186553955,5.462303161621094,5.550404071807861,5.550404071807861,2569871
2009-10-09,5.550404071807861,6.167116165161133,5.462303161621094,5.990912914276123,5.990912914276123,12141541
2009-10-12,5.990912914276123,5.990912914276123,5.638505935668945,5.726607799530029,5.726607799530029,3411740
2009-10-13,5.726607799530029,6.079013824462891,5.638505935668945,5.814709186553955,5.814709186553955,9245795
2009-10-14,5.814709186553955,5.902811050415039,5.638505935668945,5.726607799530029,5.726607799530029,3301640
2009-10-15,5.726607799530029,5.814709186553955,5.550404071807861,5.638505935668945,5.638505935668945,2787802
2009-10-16,5.638505935668945,5.638505935668945,5.462303161621094,5.462303161621094,5.462303161621094,1443332
2009-10-19,5.462303161621094,5.726607799530029,5.462303161621094,5.726607799530029,5.726607799530029,2487580
2009-10-20,5.726607799530029,5.902811050415039,5.638505935668945,5.814709186553955,5.814709186553955,3905726
2009-10-21,5.814709186553955,5.814709186553955,5.550404071807861,5.638505935668945,5.638505935668945,1713929
2009-10-22,5.638505935668945,5.814709186553955,5.550404071807861,5.814709186553955,5.814709186553955,2192013
2009-10-23,5.814709186553955,6.079013824462891,5.726607799530029,5.902811050415039,5.902811050415039,5824963
2009-10-27,5.902811050415039,5.902811050415039,5.726607799530029,5.726607799530029,5.726607799530029,2344734
2009-10-28,5.726607799530029,5.814709186553955,5.550404071807861,5.550404071807861,5.550404071807861,4218762
2009-10-29,5.462303161621094,5.550404071807861,5.374200820922852,5.550404071807861,5.550404071807861,1690376
2009-10-30,5.550404071807861,5.726607799530029,5.462303161621094,5.550404071807861,5.550404071807861,1813132
2009-11-02,5.374200820922852,5.638505935668945,5.374200820922852,5.638505935668945,5.638505935668945,1479427
2009-11-03,5.638505935668945,5.638505935668945,5.638505935668945,5.638505935668945,5.638505935668945,0
2009-11-04,5.814709186553955,5.814709186553955,5.550404071807861,5.814709186553955,5.814709186553955,3375305
2009-11-05,5.814709186553955,5.902811050415039,5.638505935668945,5.814709186553955,5.814709186553955,3187567
2009-11-06,5.902811050415039,5.902811050415039,5.638505935668945,5.726607799530029,5.726607799530029,3721439
2009-11-09,5.726607799530029,5.990912914276123,5.550404071807861,5.902811050415039,5.902811050415039,7510698
2009-11-10,5.990912914276123,5.990912914276123,5.726607799530029,5.726607799530029,5.726607799530029,4035338
2009-11-11,5.814709186553955,6.783827781677246,5.638505935668945,6.5195231437683105,6.5195231437683105,37619380
2009-11-12,6.431420803070068,6.5195231437683105,6.167116165161133,6.255218029022217,6.255218029022217,8910841
2009-11-13,6.255218029022217,6.607624053955078,6.255218029022217,6.431420803070068,6.431420803070068,6911503
2009-11-16,6.5195231437683105,7.22433614730835,6.5195231437683105,6.607624053955078,6.607624053955078,18172755
2009-11-17,6.607624053955078,6.695725917816162,6.343318939208984,6.5195231437683105,6.5195231437683105,6856397
2009-11-18,6.695725917816162,6.960031032562256,6.5195231437683105,6.607624053955078,6.607624053955078,6577968
2009-11-19,6.695725917816162,6.783827781677246,6.431420803070068,6.431420803070068,6.431420803070068,3910709
2009-11-20,6.5195231437683105,6.607624053955078,6.255218029022217,6.431420803070068,6.431420803070068,4551559
2009-11-23,6.5195231437683105,6.5195231437683105,6.167116165161133,6.343318939208984,6.343318939208984,5055409
2009-11-24,6.343318939208984,6.431420803070068,6.079013824462891,6.167116165161133,6.167116165161133,5218743
2009-11-25,6.167116165161133,6.167116165161133,5.814709186553955,5.902811050415039,5.902811050415039,7033089
2009-11-26,5.990912914276123,5.990912914276123,5.638505935668945,5.814709186553955,5.814709186553955,7568096
2009-11-27,5.550404071807861,5.638505935668945,5.374200820922852,5.550404071807861,5.550404071807861,6932811
2009-11-30,5.638505935668945,5.726607799530029,5.550404071807861,5.638505935668945,5.638505935668945,3050976
2009-12-01,5.638505935668945,5.990912914276123,5.638505935668945,5.814709186553955,5.814709186553955,5620398
2009-12-02,5.990912914276123,6.079013824462891,5.726607799530029,5.902811050415039,5.902811050415039,3064073
2009-12-03,5.902811050415039,5.990912914276123,5.638505935668945,5.814709186553955,5.814709186553955,5248936
2009-12-04,5.814709186553955,5.902811050415039,5.638505935668945,5.726607799530029,5.726607799530029,3997994
2009-12-07,5.726607799530029,5.814709186553955,5.550404071807861,5.814709186553955,5.814709186553955,3659976
2009-12-08,5.814709186553955,5.902811050415039,5.638505935668945,5.814709186553955,5.814709186553955,4856207
2009-12-09,6.167116165161133,6.5195231437683105,6.079013824462891,6.167116165161133,6.167116165161133,18834355
2009-12-10,6.255218029022217,6.343318939208984,5.902811050415039,6.167116165161133,6.167116165161133,5222489
2009-12-11,6.167116165161133,6.255218029022217,5.990912914276123,6.079013824462891,6.079013824462891,2114716
2009-12-14,6.079013824462891,6.167116165161133,5.902811050415039,6.167116165161133,6.167116165161133,3087001
2009-12-15,6.079013824462891,6.167116165161133,5.990912914276123,6.079013824462891,6.079013824462891,1645371
2009-12-16,6.079013824462891,6.167116165161133,5.814709186553955,5.990912914276123,5.990912914276123,2357844
2009-12-17,5.990912914276123,5.990912914276123,5.726607799530029,5.814709186553955,5.814709186553955,2867596
2009-12-18,5.726607799530029,5.814709186553955,5.550404071807861,5.726607799530029,5.726607799530029,2819924
2009-12-21,5.814709186553955,5.814709186553955,5.550404071807861,5.638505935668945,5.638505935668945,2057736
2009-12-22,5.726607799530029,5.726607799530029,5.550404071807861,5.550404071807861,5.550404071807861,1337545
2009-12-23,5.550404071807861,5.726607799530029,5.550404071807861,5.726607799530029,5.726607799530029,932445
2009-12-24,5.726607799530029,5.902811050415039,5.638505935668945,5.814709186553955,5.814709186553955,1252757
2009-12-28,5.814709186553955,5.990912914276123,5.726607799530029,5.902811050415039,5.902811050415039,1356728
2009-12-29,5.902811050415039,5.902811050415039,5.726607799530029,5.814709186553955,5.814709186553955,680350
2009-12-30,5.814709186553955,5.902811050415039,5.726607799530029,5.902811050415039,5.902811050415039,1234596
2009-12-31,5.902811050415039,6.079013824462891,5.814709186553955,5.990912914276123,5.990912914276123,3876657
2010-01-04,5.990912914276123,6.167116165161133,5.902811050415039,6.079013824462891,6.079013824462891,5364370
2010-01-05,6.167116165161133,6.255218029022217,5.990912914276123,6.167116165161133,6.167116165161133,3695389
2010-01-06,6.167116165161133,6.167116165161133,5.902811050415039,5.902811050415039,5.902811050415039,2317776
2010-01-07,6.167116165161133,6.695725917816162,6.167116165161133,6.431420803070068,6.431420803070068,27884762
2010-01-08,6.5195231437683105,6.5195231437683105,6.255218029022217,6.431420803070068,6.431420803070068,5244168
2010-01-11,6.431420803070068,6.431420803070068,6.255218029022217,6.343318939208984,6.343318939208984,2360454
2010-01-12,6.343318939208984,6.5195231437683105,6.167116165161133,6.431420803070068,6.431420803070068,4287887
2010-01-13,6.431420803070068,6.431420803070068,6.079013824462891,6.167116165161133,6.167116165161133,6728476
2010-01-14,6.255218029022217,6.343318939208984,6.167116165161133,6.255218029022217,6.255218029022217,2643196
2010-01-15,6.255218029022217,6.343318939208984,5.814709186553955,6.079013824462891,6.079013824462891,9967745
2010-01-18,6.079013824462891,6.079013824462891,6.079013824462891,6.079013824462891,6.079013824462891,0
2010-01-19,6.079013824462891,6.079013824462891,6.079013824462891,6.079013824462891,6.079013824462891,0
2010-01-20,6.167116165161133,6.5195231437683105,5.990912914276123,6.167116165161133,6.167116165161133,11732127
2010-01-21,6.255218029022217,6.343318939208984,5.990912914276123,5.990912914276123,5.990912914276123,2599610
2010-01-22,5.902811050415039,5.990912914276123,5.726607799530029,5.902811050415039,5.902811050415039,4709105
2010-01-25,5.902811050415039,6.079013824462891,5.902811050415039,5.990912914276123,5.990912914276123,2201320
2010-01-26,6.079013824462891,6.079013824462891,5.726607799530029,5.814709186553955,5.814709186553955,2704148
2010-01-27,5.814709186553955,5.814709186553955,5.550404071807861,5.638505935668945,5.638505935668945,4313198
2010-01-28,5.638505935668945,5.726607799530029,5.550404071807861,5.638505935668945,5.638505935668945,3605607
2010-01-29,5.550404071807861,5.726607799530029,5.462303161621094,5.726607799530029,5.726607799530029,3187680
2010-02-01,5.638505935668945,5.726607799530029,5.550404071807861,5.638505935668945,5.638505935668945,2077372
2010-02-02,5.638505935668945,5.726607799530029,5.550404071807861,5.638505935668945,5.638505935668945,2583833
2010-02-03,5.638505935668945,5.814709186553955,5.550404071807861,5.814709186553955,5.814709186553955,2520383
2010-02-04,5.814709186553955,5.814709186553955,5.550404071807861,5.726607799530029,5.726607799530029,1796674
2010-02-05,5.550404071807861,5.638505935668945,5.462303161621094,5.638505935668945,5.638505935668945,2061028
2010-02-08,5.638505935668945,5.638505935668945,5.638505935668945,5.638505935668945,5.638505935668945,0
2010-02-09,5.638505935668945,5.638505935668945,5.638505935668945,5.638505935668945,5.638505935668945,0
2010-02-10,5.638505935668945,5.638505935668945,5.638505935668945,5.638505935668945,5.638505935668945,0
2010-02-11,5.638505935668945,5.638505935668945,5.638505935668945,5.638505935668945,5.638505935668945,0
2010-02-12,5.638505935668945,5.638505935668945,5.638505935668945,5.638505935668945,5.638505935668945,0
2010-02-17,6.4439311027526855,6.4439311027526855,6.4439311027526855,6.4439311027526855,6.4439311027526855,0
2010-02-18,6.4439311027526855,6.4439311027526855,6.4439311027526855,6.4439311027526855,6.4439311027526855,0
2010-02-19,6.167116165161133,6.167116165161133,5.726607799530029,5.814709186553955,5.814709186553955,12161291
2010-02-22,5.902811050415039,5.902811050415039,5.638505935668945,5.726607799530029,5.726607799530029,3980515
2010-02-23,5.814709186553955,5.814709186553955,5.638505935668945,5.726607799530029,5.726607799530029,2810843
2010-02-24,5.726607799530029,5.726607799530029,5.550404071807861,5.726607799530029,5.726607799530029,2399841
2010-02-25,5.638505935668945,5.726607799530029,5.550404071807861,5.726607799530029,5.726607799530029,2747394
2010-02-26,5.726607799530029,5.726607799530029,5.550404071807861,5.638505935668945,5.638505935668945,2074535
2010-03-01,5.638505935668945,5.638505935668945,5.462303161621094,5.638505935668945,5.638505935668945,3083029
2010-03-02,5.550404071807861,5.638505935668945,5.550404071807861,5.550404071807861,5.550404071807861,980798
2010-03-03,5.638505935668945,5.814709186553955,5.550404071807861,5.814709186553955,5.814709186553955,5319706
2010-03-04,5.814709186553955,5.814709186553955,5.550404071807861,5.638505935668945,5.638505935668945,4356217
2010-03-05,5.638505935668945,5.726607799530029,5.550404071807861,5.726607799530029,5.726607799530029,3391082
2010-03-08,5.726607799530029,5.726607799530029,5.550404071807861,5.726607799530029,5.726607799530029,4237036
2010-03-09,5.638505935668945,5.902811050415039,5.638505935668945,5.814709186553955,5.814709186553955,7420177
2010-03-10,5.814709186553955,5.902811050415039,5.726607799530029,5.726607799530029,5.726607799530029,2792455
2010-03-11,5.814709186553955,5.902811050415039,5.726607799530029,5.814709186553955,5.814709186553955,2579746
2010-03-12,5.814709186553955,5.814709186553955,5.638505935668945,5.638505935668945,5.638505935668945,2992338
2010-03-15,5.638505935668945,5.990912914276123,5.638505935668945,5.990912914276123,5.990912914276123,7773292
2010-03-16,5.990912914276123,6.255218029022217,5.990912914276123,6.079013824462891,6.079013824462891,12001021
2010-03-17,6.167116165161133,6.167116165161133,5.902811050415039,5.990912914276123,5.990912914276123,4071659
2010-03-18,5.990912914276123,6.079013824462891,5.902811050415039,5.902811050415039,5.902811050415039,3060555
2010-03-19,5.990912914276123,6.167116165161133,5.902811050415039,6.167116165161133,6.167116165161133,5811581
2010-03-22,6.079013824462891,6.167116165161133,5.902811050415039,5.990912914276123,5.990912914276123,7495545
2010-03-23,5.990912914276123,5.990912914276123,5.902811050415039,5.990912914276123,5.990912914276123,1994627
2010-03-24,5.990912914276123,5.990912914276123,5.814709186553955,5.814709186553955,5.814709186553955,2098257
2010-03-25,5.814709186553955,5.990912914276123,5.814709186553955,5.814709186553955,5.814709186553955,6229053
2010-03-26,5.814709186553955,5.902811050415039,5.726607799530029,5.814709186553955,5.814709186553955,2766349
2010-03-29,5.814709186553955,5.814709186553955,5.638505935668945,5.814709186553955,5.814709186553955,3074856
2010-03-30,5.726607799530029,5.814709186553955,5.638505935668945,5.814709186553955,5.814709186553955,2160572
2010-03-31,5.814709186553955,5.814709186553955,5.638505935668945,5.726607799530029,5.726607799530029,4533626
2010-04-01,5.638505935668945,5.726607799530029,5.550404071807861,5.726607799530029,5.726607799530029,3552827
2010-04-07,5.726607799530029,5.902811050415039,5.638505935668945,5.902811050415039,5.902811050415039,4374718
2010-04-08,5.814709186553955,5.902811050415039,5.726607799530029,5.726607799530029,5.726607799530029,2010745
2010-04-09,5.726607799530029,5.902811050415039,5.726607799530029,5.902811050415039,5.902811050415039,2709937
2010-04-12,5.902811050415039,6.255218029022217,5.902811050415039,6.079013824462891,6.079013824462891,15259530
2010-04-13,6.079013824462891,6.167116165161133,5.814709186553955,5.814709186553955,5.814709186553955,5514651
2010-04-14,5.902811050415039,6.079013824462891,5.814709186553955,5.902811050415039,5.902811050415039,5694217
2010-04-15,5.990912914276123,6.079013824462891,5.814709186553955,5.902811050415039,5.902811050415039,2851932
2010-04-16,5.902811050415039,5.902811050415039,5.726607799530029,5.902811050415039,5.902811050415039,3135468
2010-04-19,5.814709186553955,5.814709186553955,5.638505935668945,5.726607799530029,5.726607799530029,2687463
2010-04-20,5.814709186553955,5.814709186553955,5.638505935668945,5.726607799530029,5.726607799530029,3860312
2010-04-21,5.814709186553955,5.902811050415039,5.638505935668945,5.726607799530029,5.726607799530029,5715102
2010-04-22,5.726607799530029,5.814709186553955,5.638505935668945,5.726607799530029,5.726607799530029,6076985
2010-04-23,5.726607799530029,5.726607799530029,5.638505935668945,5.726607799530029,5.726607799530029,3481319
2010-04-26,5.726607799530029,5.726607799530029,5.638505935668945,5.726607799530029,5.726607799530029,2156599
2010-04-27,5.726607799530029,5.726607799530029,5.550404071807861,5.726607799530029,5.726607799530029,2376459
2010-04-28,5.550404071807861,5.638505935668945,5.462303161621094,5.550404071807861,5.550404071807861,2741264
2010-04-29,5.638505935668945,5.726607799530029,5.550404071807861,5.638505935668945,5.638505935668945,3275534
2010-04-30,5.638505935668945,5.726607799530029,5.550404071807861,5.550404071807861,5.550404071807861,1176935
2010-05-03,5.550404071807861,5.550404071807861,5.462303161621094,5.550404071807861,5.550404071807861,2170447
2010-05-04,5.550404071807861,5.550404071807861,4.933692932128906,5.109896183013916,5.109896183013916,11421804
2010-05-05,4.845591068267822,5.462303161621094,4.5812859535217285,5.462303161621094,5.462303161621094,8620154
2010-05-06,5.374200820922852,5.726607799530029,5.109896183013916,5.638505935668945,5.638505935668945,12613155
2010-05-07,5.374200820922852,5.462303161621094,5.197998046875,5.286098957061768,5.286098957061768,8917879
2010-05-10,5.286098957061768,5.374200820922852,5.109896183013916,5.286098957061768,5.286098957061768,3191313
2010-05-11,5.374200820922852,5.374200820922852,5.197998046875,5.374200820922852,5.374200820922852,2828550
2010-05-12,5.286098957061768,5.374200820922852,5.109896183013916,5.286098957061768,5.286098957061768,2825372
2010-05-13,5.286098957061768,5.286098957061768,5.109896183013916,5.197998046875,5.197998046875,2095647
2010-05-14,5.197998046875,5.374200820922852,5.197998046875,5.374200820922852,5.374200820922852,3889710
2010-05-17,5.286098957061768,5.462303161621094,5.021793842315674,5.109896183013916,5.109896183013916,3849984
2010-05-18,5.109896183013916,5.109896183013916,4.845591068267822,5.021793842315674,5.021793842315674,6409527
2010-05-19,5.021793842315674,5.021793842315674,4.845591068267822,4.933692932128906,4.933692932128906,3921605
2010-05-20,4.933692932128906,5.021793842315674,4.387462139129639,4.757489204406738,4.757489204406738,7140273
2010-05-24,4.757489204406738,5.197998046875,4.6693878173828125,5.109896183013916,5.109896183013916,5480940
2010-05-25,5.021793842315674,5.109896183013916,4.845591068267822,5.021793842315674,5.021793842315674,4286411
2010-05-26,5.109896183013916,5.197998046875,4.845591068267822,4.933692932128906,4.933692932128906,5066192
2010-05-27,4.933692932128906,5.021793842315674,4.845591068267822,5.021793842315674,5.021793842315674,5219765
2010-05-28,5.021793842315674,5.197998046875,4.845591068267822,5.021793842315674,5.021793842315674,6175337
2010-05-31,5.021793842315674,5.109896183013916,4.933692932128906,4.933692932128906,4.933692932128906,3088590
2010-06-01,4.933692932128906,5.197998046875,4.933692932128906,5.109896183013916,5.109896183013916,5583435
2010-06-02,5.109896183013916,5.109896183013916,4.933692932128906,5.021793842315674,5.021793842315674,3176784
2010-06-03,5.109896183013916,5.109896183013916,5.021793842315674,5.109896183013916,5.109896183013916,1940031
2010-06-04,5.109896183013916,5.462303161621094,5.109896183013916,5.374200820922852,5.374200820922852,5142014
2010-06-07,5.109896183013916,5.286098957061768,5.109896183013916,5.286098957061768,5.286098957061768,1783507
2010-06-08,5.286098957061768,5.374200820922852,5.197998046875,5.286098957061768,5.286098957061768,1992016
2010-06-09,5.286098957061768,5.374200820922852,5.197998046875,5.286098957061768,5.286098957061768,2615047
2010-06-10,5.197998046875,5.197998046875,5.109896183013916,5.109896183013916,5.109896183013916,916441
2010-06-11,5.197998046875,5.197998046875,5.109896183013916,5.197998046875,5.197998046875,1083520
2010-06-14,5.197998046875,5.197998046875,5.021793842315674,5.197998046875,5.197998046875,1272507
2010-06-15,5.109896183013916,5.197998046875,5.021793842315674,5.109896183013916,5.109896183013916,645390
2010-06-17,5.109896183013916,5.197998046875,5.021793842315674,5.197998046875,5.197998046875,820415
2010-06-18,5.197998046875,5.197998046875,5.021793842315674,5.021793842315674,5.021793842315674,1133463
2010-06-21,5.109896183013916,5.197998046875,5.021793842315674,5.197998046875,5.197998046875,1621876
2010-06-22,5.197998046875,5.197998046875,5.021793842315674,5.109896183013916,5.109896183013916,1253551
2010-06-23,5.021793842315674,4.933692932128906,5.021793842315674,5.109896183013916,5.109896183013916,2431395
2010-06-24,5.109896183013916,5.109896183013916,4.933692932128906,4.933692932128906,4.933692932128906,908722
2010-06-25,4.933692932128906,5.021793842315674,4.845591068267822,4.933692932128906,4.933692932128906,1874992
2010-06-28,4.933692932128906,4.845591068267822,4.933692932128906,4.933692932128906,4.933692932128906,687728
2010-06-29,4.845591068267822,4.933692932128906,4.6693878173828125,4.6693878173828125,4.6693878173828125,2778835
2010-06-30,4.6693878173828125,4.757489204406738,4.6693878173828125,4.6693878173828125,4.6693878173828125,1421426
2010-07-02,4.6693878173828125,4.6693878173828125,4.4931840896606445,4.6693878173828125,4.6693878173828125,2258186
2010-07-05,4.5812859535217285,4.6693878173828125,4.405083179473877,4.4931840896606445,4.4931840896606445,2010858
2010-07-06,4.4931840896606445,4.405083179473877,4.5812859535217285,4.5812859535217285,4.5812859535217285,669340
2010-07-07,4.5812859535217285,4.4931840896606445,4.6693878173828125,4.6693878173828125,4.6693878173828125,1132895
2010-07-08,4.6693878173828125,4.6693878173828125,4.4931840896606445,4.5812859535217285,4.5812859535217285,979096
2010-07-09,4.4931840896606445,4.6693878173828125,4.4931840896606445,4.6693878173828125,4.6693878173828125,441081
2010-07-12,4.6693878173828125,4.845591068267822,4.6693878173828125,4.757489204406738,4.757489204406738,1337659
2010-07-13,4.757489204406738,4.845591068267822,4.5812859535217285,4.6693878173828125,4.6693878173828125,553905
2010-07-14,4.757489204406738,4.757489204406738,4.5812859535217285,4.5812859535217285,4.5812859535217285,1580673
2010-07-15,4.5812859535217285,4.5812859535217285,4.405083179473877,4.5812859535217285,4.5812859535217285,2474754
2010-07-16,4.4931840896606445,4.5812859535217285,4.352221965789795,4.4931840896606445,4.4931840896606445,4927602
2010-07-19,4.369842052459717,4.387462139129639,4.299361228942871,4.316980838775635,4.316980838775635,1495998
2010-07-20,4.246500015258789,4.246500015258789,4.387462139129639,4.387462139129639,4.387462139129639,954692
2010-07-21,4.387462139129639,4.4931840896606445,4.316980838775635,4.334600925445557,4.334600925445557,2083842
2010-07-22,4.352221965789795,4.352221965789795,4.228878974914551,4.316980838775635,4.316980838775635,2046272
2010-07-23,4.316980838775635,4.405083179473877,4.264120101928711,4.299361228942871,4.299361228942871,2240025
2010-07-26,4.299361228942871,4.334600925445557,4.246500015258789,4.264120101928711,4.264120101928711,1849340
2010-07-27,4.299361228942871,4.387462139129639,4.281740188598633,4.387462139129639,4.387462139129639,1718355
2010-07-28,4.316980838775635,4.316980838775635,4.405083179473877,4.405083179473877,4.405083179473877,1202928
2010-07-29,4.405083179473877,4.6693878173828125,4.387462139129639,4.5812859535217285,4.5812859535217285,5803182
2010-07-30,4.5812859535217285,4.5812859535217285,4.405083179473877,4.4931840896606445,4.4931840896606445,2260683
2010-08-02,4.5812859535217285,4.5812859535217285,4.387462139129639,4.4931840896606445,4.4931840896606445,3105503
2010-08-03,4.405083179473877,4.4931840896606445,4.387462139129639,4.405083179473877,4.405083179473877,3026163
2010-08-04,4.405083179473877,4.4931840896606445,4.387462139129639,4.4931840896606445,4.4931840896606445,855375
2010-08-05,4.4931840896606445,4.4931840896606445,4.387462139129639,4.4931840896606445,4.4931840896606445,3878365
2010-08-06,4.4931840896606445,4.4931840896606445,4.387462139129639,4.4931840896606445,4.4931840896606445,2516411
2010-08-09,4.405083179473877,4.4931840896606445,4.387462139129639,4.405083179473877,4.405083179473877,1346512
2010-08-10,4.405083179473877,4.405083179473877,4.369842052459717,4.369842052459717,4.369842052459717,1735381
2010-08-11,4.369842052459717,4.369842052459717,4.334600925445557,4.334600925445557,4.334600925445557,1528623
2010-08-12,4.316980838775635,4.334600925445557,4.246500015258789,4.246500015258789,4.246500015258789,2151653
2010-08-13,4.281740188598633,4.334600925445557,4.228878974914551,4.334600925445557,4.334600925445557,1459336
2010-08-16,4.334600925445557,4.387462139129639,4.281740188598633,4.334600925445557,4.334600925445557,1864890
2010-08-17,4.299361228942871,4.387462139129639,4.264120101928711,4.281740188598633,4.281740188598633,1652636
2010-08-18,4.281740188598633,4.334600925445557,4.281740188598633,4.281740188598633,4.281740188598633,1522559
2010-08-19,4.281740188598633,4.316980838775635,4.281740188598633,4.299361228942871,4.299361228942871,1331756
2010-08-20,4.299361228942871,4.299361228942871,4.193638801574707,4.228878974914551,4.228878974914551,2364087
2010-08-23,4.246500015258789,4.264120101928711,4.158398151397705,4.211258888244629,4.211258888244629,1198955
2010-08-24,4.211258888244629,4.211258888244629,4.123157024383545,4.158398151397705,4.158398151397705,1285787
2010-08-25,4.140778064727783,4.193638801574707,4.070295810699463,4.087916851043701,4.087916851043701,1750250
2010-08-26,4.087916851043701,4.087916851043701,3.911712884902954,3.911712884902954,3.911712884902954,1688276
2010-08-27,3.8764729499816895,3.911712884902954,3.612168073654175,3.8412320613861084,3.8412320613861084,2705170
2010-08-30,3.858851909637451,3.964574098587036,3.7707509994506836,3.7883710861206055,3.7883710861206055,1629594
2010-08-31,3.7002689838409424,3.7531299591064453,3.612168073654175,3.6297879219055176,3.6297879219055176,1966705
2010-09-01,3.7002689838409424,3.7707509994506836,3.6474080085754395,3.6650290489196777,3.6650290489196777,1854562
2010-09-02,3.7002689838409424,3.7531299591064453,3.612168073654175,3.7002689838409424,3.7002689838409424,2382701
2010-09-03,3.7002689838409424,3.7355101108551025,3.6474080085754395,3.7002689838409424,3.7002689838409424,1892018
2010-09-06,3.7531299591064453,4.4931840896606445,3.7531299591064453,4.228878974914551,4.228878974914551,17701822
2010-09-07,4.246500015258789,4.387462139129639,4.158398151397705,4.158398151397705,4.158398151397705,4920678
2010-09-08,4.123157024383545,4.369842052459717,4.087916851043701,4.264120101928711,4.264120101928711,3583814
2010-09-09,4.264120101928711,4.369842052459717,4.193638801574707,4.211258888244629,4.211258888244629,1848092
2010-09-10,4.228878974914551,4.264120101928711,4.087916851043701,4.158398151397705,4.158398151397705,1813359
2010-09-13,4.158398151397705,4.334600925445557,4.140778064727783,4.228878974914551,4.228878974914551,3201301
2010-09-14,4.281740188598633,4.281740188598633,4.211258888244629,4.228878974914551,4.228878974914551,1266945
2010-09-15,4.281740188598633,4.4931840896606445,4.211258888244629,4.405083179473877,4.405083179473877,6494201
2010-09-16,4.405083179473877,4.5812859535217285,4.352221965789795,4.405083179473877,4.405083179473877,6867634
2010-09-17,4.387462139129639,4.5812859535217285,4.369842052459717,4.5812859535217285,4.5812859535217285,5487978
2010-09-20,4.5812859535217285,4.5812859535217285,4.405083179473877,4.4931840896606445,4.4931840896606445,2153648
2010-09-21,4.4931840896606445,4.4931840896606445,4.352221965789795,4.369842052459717,4.369842052459717,2746826
2010-09-22,4.369842052459717,4.405083179473877,4.352221965789795,4.369842052459717,4.369842052459717,792607
2010-09-24,4.405083179473877,4.4931840896606445,4.369842052459717,4.387462139129639,4.387462139129639,1174211
2010-09-27,4.405083179473877,4.5812859535217285,4.369842052459717,4.5812859535217285,4.5812859535217285,3306293
2010-09-28,4.4931840896606445,4.5812859535217285,4.387462139129639,4.4931840896606445,4.4931840896606445,1659105
2010-09-29,4.4931840896606445,4.4931840896606445,4.405083179473877,4.4931840896606445,4.4931840896606445,1070921
2010-09-30,4.4931840896606445,4.4931840896606445,4.387462139129639,4.405083179473877,4.405083179473877,1267739
2010-10-04,4.405083179473877,4.4931840896606445,4.387462139129639,4.405083179473877,4.405083179473877,5231115
2010-10-05,4.405083179473877,4.405083179473877,4.299361228942871,4.316980838775635,4.316980838775635,2678382
2010-10-06,4.352221965789795,4.387462139129639,4.334600925445557,4.369842052459717,4.369842052459717,1045383
2010-10-07,4.352221965789795,4.369842052459717,4.299361228942871,4.316980838775635,4.316980838775635,1237661
2010-10-08,4.316980838775635,4.369842052459717,4.316980838775635,4.334600925445557,4.334600925445557,790790
2010-10-11,4.334600925445557,4.405083179473877,4.334600925445557,4.352221965789795,4.352221965789795,1240612
2010-10-12,4.352221965789795,4.387462139129639,4.316980838775635,4.334600925445557,4.334600925445557,1005315
2010-10-13,4.334600925445557,4.334600925445557,4.246500015258789,4.281740188598633,4.281740188598633,1704281
2010-10-14,4.281740188598633,4.387462139129639,4.281740188598633,4.352221965789795,4.352221965789795,2062049
2010-10-15,4.352221965789795,4.387462139129639,4.352221965789795,4.387462139129639,4.387462139129639,1395660
2010-10-18,4.387462139129639,4.4931840896606445,4.387462139129639,4.4931840896606445,4.4931840896606445,1741283
2010-10-19,4.405083179473877,4.4931840896606445,4.387462139129639,4.405083179473877,4.405083179473877,2056828
2010-10-20,4.387462139129639,4.387462139129639,4.334600925445557,4.352221965789795,4.352221965789795,1050604
2010-10-21,4.369842052459717,4.387462139129639,4.316980838775635,4.334600925445557,4.334600925445557,1248898
2010-10-22,4.334600925445557,4.352221965789795,4.299361228942871,4.299361228942871,4.299361228942871,1657857
2010-10-25,4.316980838775635,4.352221965789795,4.264120101928711,4.316980838775635,4.316980838775635,887270
2010-10-26,4.316980838775635,4.352221965789795,4.246500015258789,4.281740188598633,4.281740188598633,839144
2010-10-27,4.281740188598633,4.299361228942871,4.123157024383545,4.140778064727783,4.140778064727783,2292011
2010-10-28,4.176018238067627,4.211258888244629,4.105536937713623,4.158398151397705,4.158398151397705,1406670
2010-10-29,4.176018238067627,4.299361228942871,4.105536937713623,4.246500015258789,4.246500015258789,2575206
2010-11-01,4.281740188598633,4.316980838775635,4.140778064727783,4.176018238067627,4.176018238067627,1595656
2010-11-02,4.140778064727783,4.387462139129639,4.105536937713623,4.369842052459717,4.369842052459717,1935945
2010-11-03,4.369842052459717,4.387462139129639,4.228878974914551,4.281740188598633,4.281740188598633,1068538
2010-11-04,4.281740188598633,4.281740188598633,4.193638801574707,4.228878974914551,4.228878974914551,1525056
2010-11-05,4.281740188598633,4.316980838775635,4.193638801574707,4.228878974914551,4.228878974914551,2656930
2010-11-08,4.228878974914551,4.264120101928711,4.176018238067627,4.228878974914551,4.228878974914551,838576
2010-11-09,4.228878974914551,4.246500015258789,4.176018238067627,4.211258888244629,4.211258888244629,1138911
2010-11-10,4.228878974914551,4.228878974914551,4.176018238067627,4.211258888244629,4.211258888244629,500671
2010-11-11,4.211258888244629,4.246500015258789,4.158398151397705,4.228878974914551,4.228878974914551,2999262
2010-11-12,4.193638801574707,4.246500015258789,4.123157024383545,4.140778064727783,4.140778064727783,2550462
2010-11-15,4.123157024383545,4.158398151397705,4.105536937713623,4.123157024383545,4.123157024383545,1161158
2010-11-16,4.123157024383545,4.123157024383545,4.017435073852539,4.035056114196777,4.035056114196777,1592024
2010-11-17,4.052676200866699,4.105536937713623,3.911712884902954,3.911712884902954,3.911712884902954,1063090
2010-11-18,3.9293339252471924,3.9469540119171143,3.8059909343719482,3.8236119747161865,3.8236119747161865,4000945
2010-11-19,3.8236119747161865,3.8940930366516113,3.7355101108551025,3.7883710861206055,3.7883710861206055,1994627
2010-11-22,3.7883710861206055,3.8412320613861084,3.7355101108551025,3.7531299591064453,3.7531299591064453,1078867
2010-11-23,3.7355101108551025,3.7707509994506836,3.6297879219055176,3.6826488971710205,3.6826488971710205,2521291
2010-11-24,3.6650290489196777,3.7002689838409424,3.5945470333099365,3.612168073654175,3.612168073654175,1663192
2010-11-25,3.6474080085754395,3.8412320613861084,3.6474080085754395,3.7883710861206055,3.7883710861206055,2127088
2010-11-26,3.7531299591064453,3.7707509994506836,3.6826488971710205,3.7002689838409424,3.7002689838409424,1956574
2010-11-29,3.7002689838409424,3.964574098587036,3.6474080085754395,3.8764729499816895,3.8764729499816895,3307542
2010-11-30,3.8940930366516113,3.8940930366516113,3.7355101108551025,3.7883710861206055,3.7883710861206055,1132328
2010-12-01,3.7883710861206055,3.911712884902954,3.7707509994506836,3.8412320613861084,3.8412320613861084,2100754
2010-12-02,3.8764729499816895,3.8940930366516113,3.8059909343719482,3.8059909343719482,3.8059909343719482,1083861
2010-12-03,3.8236119747161865,3.8764729499816895,3.7355101108551025,3.7355101108551025,3.7355101108551025,1143338
2010-12-06,3.7883710861206055,3.7883710861206055,3.6826488971710205,3.7531299591064453,3.7531299591064453,875238
2010-12-07,3.7883710861206055,3.7883710861206055,3.7178900241851807,3.7355101108551025,3.7355101108551025,631656
2010-12-08,3.7355101108551025,3.7355101108551025,3.6474080085754395,3.7002689838409424,3.7002689838409424,1035621
2010-12-09,3.7355101108551025,3.7355101108551025,3.6474080085754395,3.6650290489196777,3.6650290489196777,965362
2010-12-10,3.6650290489196777,3.7355101108551025,3.6474080085754395,3.6826488971710205,3.6826488971710205,1129944
2010-12-13,3.7178900241851807,3.7531299591064453,3.6650290489196777,3.7002689838409424,3.7002689838409424,954238
2010-12-14,3.6826488971710205,3.7178900241851807,3.6474080085754395,3.7002689838409424,3.7002689838409424,964907
2010-12-15,3.6826488971710205,3.7002689838409424,3.612168073654175,3.6297879219055176,3.6297879219055176,1852291
2010-12-16,3.612168073654175,3.6297879219055176,3.418344020843506,3.471204996109009,3.471204996109009,3180870
2010-12-17,3.3831028938293457,3.4359641075134277,3.1892800331115723,3.347862958908081,3.347862958908081,2848413
2010-12-20,3.3302419185638428,3.3302419185638428,3.171658992767334,3.206899881362915,3.206899881362915,1485783
2010-12-21,3.1892800331115723,3.3302419185638428,3.171658992767334,3.295001983642578,3.295001983642578,1236866
2010-12-22,3.347862958908081,3.4359641075134277,3.3126220703125,3.418344020843506,3.418344020843506,849927
2010-12-23,3.400723934173584,3.471204996109009,3.365483045578003,3.3831028938293457,3.3831028938293457,739713
2010-12-24,3.365483045578003,3.4359641075134277,3.365483045578003,3.4359641075134277,3.4359641075134277,416337
2010-12-28,3.365483045578003,3.4359641075134277,3.3126220703125,3.3126220703125,3.3126220703125,571385
2010-12-29,3.3302419185638428,3.365483045578003,3.3126220703125,3.3126220703125,3.3126220703125,626094
2010-12-30,3.3302419185638428,3.3831028938293457,3.295001983642578,3.3302419185638428,3.3302419185638428,418153
2010-12-31,3.347862958908081,3.347862958908081,3.27738094329834,3.3302419185638428,3.3302419185638428,98068
2011-01-03,3.3126220703125,3.347862958908081,3.27738094329834,3.3126220703125,3.3126220703125,428141
2011-01-04,3.3126220703125,3.3126220703125,3.171658992767334,3.259761095046997,3.259761095046997,1051625
2011-01-05,3.259761095046997,3.259761095046997,3.224519968032837,3.242141008377075,3.242141008377075,694425
2011-01-06,3.206899881362915,3.295001983642578,3.206899881362915,3.259761095046997,3.259761095046997,574336
2011-01-07,3.259761095046997,3.295001983642578,3.224519968032837,3.259761095046997,3.259761095046997,499196
2011-01-10,3.259761095046997,3.6650290489196777,3.224519968032837,3.5945470333099365,3.5945470333099365,6020658
2011-01-11,3.5769269466400146,3.7531299591064453,3.5769269466400146,3.6650290489196777,3.6650290489196777,4679820
2011-01-12,3.6297879219055176,3.6826488971710205,3.5240659713745117,3.5769269466400146,3.5769269466400146,1155823
2011-01-13,3.50644588470459,3.5769269466400146,3.400723934173584,3.4359641075134277,3.4359641075134277,728022
2011-01-14,3.4359641075134277,3.4359641075134277,3.365483045578003,3.400723934173584,3.400723934173584,381037
2011-01-17,3.400723934173584,3.418344020843506,3.295001983642578,3.3302419185638428,3.3302419185638428,1081591
2011-01-18,3.3126220703125,3.347862958908081,3.259761095046997,3.27738094329834,3.27738094329834,1039140
2011-01-19,3.347862958908081,3.453584909439087,3.295001983642578,3.4359641075134277,3.4359641075134277,1205425
2011-01-20,3.418344020843506,3.418344020843506,3.3302419185638428,3.3831028938293457,3.3831028938293457,1077689
2011-01-21,3.347862958908081,3.418344020843506,3.295001983642578,3.295001983642578,3.295001983642578,602258
2011-01-24,3.295001983642578,3.347862958908081,3.259761095046997,3.295001983642578,3.295001983642578,337678
2011-01-25,3.347862958908081,3.347862958908081,3.1364190578460693,3.171658992767334,3.171658992767334,1916422
2011-01-26,3.1892800331115723,3.242141008377075,3.154038906097412,3.206899881362915,3.206899881362915,1397135
2011-01-27,3.206899881362915,3.4888250827789307,3.206899881362915,3.453584909439087,3.453584909439087,5276744
2011-01-28,3.471204996109009,3.4888250827789307,3.3302419185638428,3.365483045578003,3.365483045578003,823366
2011-01-31,3.347862958908081,3.453584909439087,3.224519968032837,3.365483045578003,3.365483045578003,1235390
2011-02-01,3.347862958908081,3.4359641075134277,3.295001983642578,3.400723934173584,3.400723934173584,427574
2011-02-02,3.347862958908081,3.365483045578003,3.3302419185638428,3.365483045578003,3.365483045578003,337
2011-02-07,3.347862958908081,3.418344020843506,3.27738094329834,3.295001983642578,3.295001983642578,567980
2011-02-08,3.27738094329834,3.347862958908081,3.242141008377075,3.3302419185638428,3.3302419185638428,408732
2011-02-09,3.27738094329834,3.3126220703125,3.259761095046997,3.259761095046997,3.259761095046997,245284
2011-02-10,3.259761095046997,3.4359641075134277,3.1892800331115723,3.365483045578003,3.365483045578003,2079188
2011-02-11,3.3831028938293457,3.3831028938293457,3.259761095046997,3.27738094329834,3.27738094329834,965467
2011-02-14,3.295001983642578,3.3126220703125,3.224519968032837,3.242141008377075,3.242141008377075,1350371
2011-02-15,3.242141008377075,3.347862958908081,3.206899881362915,3.3126220703125,3.3126220703125,807135
2011-02-16,3.3126220703125,3.3126220703125,3.224519968032837,3.27738094329834,3.27738094329834,556175
2011-02-17,3.242141008377075,3.259761095046997,3.154038906097412,3.171658992767334,3.171658992767334,2055239
2011-02-18,3.171658992767334,3.1892800331115723,3.1364190578460693,3.154038906097412,3.154038906097412,1592705
2011-02-21,3.1364190578460693,3.1364190578460693,2.9778358936309814,3.0306971073150635,3.0306971073150635,2255462
2011-02-22,3.065937042236328,3.0835580825805664,2.9778358936309814,2.9954559803009033,2.9954559803009033,1569550
2011-02-23,3.013076066970825,3.013076066970825,2.9778358936309814,2.9954559803009033,2.9954559803009033,491477
2011-02-24,2.9602150917053223,2.9778358936309814,2.7840120792388916,2.8016319274902344,2.8016319274902344,1605872
2011-02-25,2.8192529678344727,2.9602150917053223,2.8016319274902344,2.9073541164398193,2.9073541164398193,773197
2011-02-28,2.9073541164398193,2.9954559803009033,2.8016319274902344,2.9954559803009033,2.9954559803009033,2147165
2011-03-01,2.9602150917053223,3.0483169555664062,2.9249749183654785,2.9425950050354004,2.9425950050354004,529728
2011-03-02,2.9073541164398193,2.9778358936309814,2.8544929027557373,2.9778358936309814,2.9778358936309814,563439
2011-03-03,2.9073541164398193,2.9778358936309814,2.8544929027557373,2.9249749183654785,2.9249749183654785,711740
2011-03-04,2.9954559803009033,3.0306971073150635,2.9249749183654785,2.9778358936309814,2.9778358936309814,2868844
2011-03-07,3.0483169555664062,3.0483169555664062,2.9425950050354004,3.013076066970825,3.013076066970825,1560356
2011-03-08,2.9954559803009033,3.0483169555664062,2.9602150917053223,3.013076066970825,3.013076066970825,792720
2011-03-09,3.013076066970825,3.0483169555664062,2.9778358936309814,2.9954559803009033,2.9954559803009033,755831
2011-03-10,2.9778358936309814,2.9954559803009033,2.9073541164398193,2.9249749183654785,2.9249749183654785,1235958
2011-03-11,2.8897340297698975,2.9602150917053223,2.8721139430999756,2.9073541164398193,2.9073541164398193,1570798
2011-03-14,2.8544929027557373,2.8721139430999756,2.6959099769592285,2.7487709522247314,2.7487709522247314,3945895
2011-03-15,2.7663919925689697,2.8192529678344727,2.6254289150238037,2.713531017303467,2.713531017303467,7792651
2011-03-16,2.7311511039733887,2.7663919925689697,2.660670042037964,2.7311511039733887,2.7311511039733887,701802
2011-03-17,2.6959099769592285,2.6959099769592285,2.5901880264282227,2.5901880264282227,2.5901880264282227,1321541
2011-03-18,2.6430490016937256,2.6430490016937256,2.554948091506958,2.6254289150238037,2.6254289150238037,2034127
2011-03-21,2.6254289150238037,2.6254289150238037,2.554948091506958,2.572567939758301,2.572567939758301,1362403
2011-03-22,2.572567939758301,2.7487709522247314,2.572567939758301,2.713531017303467,2.713531017303467,1530164
2011-03-23,2.6959099769592285,2.7311511039733887,2.6782898902893066,2.713531017303467,2.713531017303467,578649
2011-03-24,2.713531017303467,2.7311511039733887,2.6782898902893066,2.6959099769592285,2.6959099769592285,1251281
2011-03-25,2.6959099769592285,2.8192529678344727,2.6959099769592285,2.7311511039733887,2.7311511039733887,1479250
2011-03-28,2.7311511039733887,2.7487709522247314,2.6782898902893066,2.6959099769592285,2.6959099769592285,508843
2011-03-29,2.6782898902893066,2.6782898902893066,2.6430490016937256,2.660670042037964,2.660670042037964,546981
2011-03-30,2.660670042037964,2.6959099769592285,2.572567939758301,2.607809066772461,2.607809066772461,596356
2011-03-31,2.607809066772461,2.713531017303467,2.554948091506958,2.6254289150238037,2.6254289150238037,1555475
2011-04-01,2.660670042037964,2.6959099769592285,2.6254289150238037,2.6430490016937256,2.6430490016937256,1317001
2011-04-04,2.6254289150238037,2.8368730545043945,2.6430490016937256,2.7663919925689697,2.7663919925689697,1682147
2011-04-06,2.7663919925689697,2.7840120792388916,2.6959099769592285,2.713531017303467,2.713531017303467,1120750
2011-04-07,2.713531017303467,2.7840120792388916,2.6782898902893066,2.7840120792388916,2.7840120792388916,1333913
2011-04-08,2.7840120792388916,2.9954559803009033,2.7663919925689697,2.9425950050354004,2.9425950050354004,4588335
2011-04-11,2.9073541164398193,3.1364190578460693,2.9073541164398193,3.0835580825805664,3.0835580825805664,4418758
2011-04-12,3.0835580825805664,3.0835580825805664,2.9602150917053223,3.013076066970825,3.013076066970825,2020393
2011-04-13,2.9954559803009033,3.0835580825805664,2.9954559803009033,3.0483169555664062,3.0483169555664062,1936853
2011-04-14,3.0483169555664062,3.0835580825805664,2.9602150917053223,2.9954559803009033,2.9954559803009033,2958967
2011-04-15,2.9954559803009033,3.101177930831909,2.9778358936309814,3.0483169555664062,3.0483169555664062,2308355
2011-04-18,2.9954559803009033,3.065937042236328,2.9954559803009033,3.013076066970825,3.013076066970825,946066
2011-04-19,2.9954559803009033,3.013076066970825,2.9602150917053223,2.9778358936309814,2.9778358936309814,1030514
2011-04-20,2.9954559803009033,3.3126220703125,2.9778358936309814,3.295001983642578,3.295001983642578,5693876
2011-04-21,3.400723934173584,3.4359641075134277,3.1364190578460693,3.1892800331115723,3.1892800331115723,8443881
2011-04-26,3.206899881362915,3.206899881362915,3.0483169555664062,3.065937042236328,3.065937042236328,2811751
2011-04-27,3.065937042236328,3.118798017501831,2.9073541164398193,2.9425950050354004,2.9425950050354004,4920792
2011-04-28,2.9602150917053223,2.9954559803009033,2.8192529678344727,2.8368730545043945,2.8368730545043945,3462136
2011-04-29,2.9073541164398193,2.9073541164398193,2.7311511039733887,2.8016319274902344,2.8016319274902344,3342842
2011-05-03,2.7487709522247314,2.8192529678344727,2.713531017303467,2.7311511039733887,2.7311511039733887,2040483
2011-05-04,2.7311511039733887,2.7487709522247314,2.6254289150238037,2.6959099769592285,2.6959099769592285,1848886
2011-05-05,2.6430490016937256,2.6782898902893066,2.6430490016937256,2.6782898902893066,2.6782898902893066,1183973
2011-05-06,2.713531017303467,2.8721139430999756,2.660670042037964,2.8192529678344727,2.8192529678344727,2622992
2011-05-09,2.8368730545043945,2.8721139430999756,2.7487709522247314,2.7663919925689697,2.7663919925689697,968426
2011-05-11,2.7663919925689697,2.8192529678344727,2.7487709522247314,2.8016319274902344,2.8016319274902344,998051
2011-05-12,2.7840120792388916,2.8544929027557373,2.713531017303467,2.8368730545043945,2.8368730545043945,967518
2011-05-13,2.8544929027557373,2.8544929027557373,2.7663919925689697,2.7840120792388916,2.7840120792388916,622689
2011-05-16,2.7663919925689697,2.7663919925689697,2.6959099769592285,2.713531017303467,2.713531017303467,615198
2011-05-17,2.6959099769592285,2.713531017303467,2.6430490016937256,2.660670042037964,2.660670042037964,955260
2011-05-18,2.660670042037964,2.7311511039733887,2.6430490016937256,2.6959099769592285,2.6959099769592285,386258
2011-05-19,2.6959099769592285,2.6959099769592285,2.607809066772461,2.6430490016937256,2.6430490016937256,677399
2011-05-20,2.6430490016937256,2.660670042037964,2.554948091506958,2.607809066772461,2.607809066772461,1041978
2011-05-23,2.6959099769592285,2.6959099769592285,2.431605100631714,2.466845989227295,2.466845989227295,1457180
2011-05-24,2.466845989227295,2.5373270511627197,2.466845989227295,2.519706964492798,2.519706964492798,784661
2011-05-25,2.466845989227295,2.502087116241455,2.449225902557373,2.449225902557373,2.449225902557373,566277
2011-05-26,2.484466075897217,2.554948091506958,2.484466075897217,2.502087116241455,2.502087116241455,438357
2011-05-27,2.502087116241455,2.5373270511627197,2.431605100631714,2.449225902557373,2.449225902557373,998846
2011-05-30,2.466845989227295,2.466845989227295,2.413985013961792,2.449225902557373,2.449225902557373,362308
2011-05-31,2.484466075897217,2.519706964492798,2.449225902557373,2.502087116241455,2.502087116241455,4411834
2011-06-01,2.502087116241455,2.519706964492798,2.466845989227295,2.502087116241455,2.502087116241455,645504
2011-06-02,2.466845989227295,2.484466075897217,2.413985013961792,2.449225902557373,2.449225902557373,415769
2011-06-03,2.449225902557373,2.449225902557373,2.413985013961792,2.449225902557373,2.449225902557373,591702
2011-06-07,2.484466075897217,2.484466075897217,2.413985013961792,2.431605100631714,2.431605100631714,487731
2011-06-08,2.431605100631714,2.431605100631714,2.361124038696289,2.378743886947632,2.378743886947632,910198
2011-06-09,2.325882911682129,2.325882911682129,2.16729998588562,2.220160961151123,2.220160961151123,818826
2011-06-10,2.220160961151123,2.220160961151123,1.9382359981536865,2.0263381004333496,2.0263381004333496,2139649
2011-06-13,1.9382359981536865,1.9734770059585571,1.79727303981781,1.8677550554275513,1.8677550554275513,2630143
2011-06-14,1.8677550554275513,2.0087170600891113,1.8148939609527588,1.9558559656143188,1.9558559656143188,1179546
2011-06-15,2.0087170600891113,2.0087170600891113,1.8325140476226807,1.8677550554275513,1.8677550554275513,946066
2011-06-16,1.8325140476226807,1.850134015083313,1.79727303981781,1.850134015083313,1.850134015083313,1825618
2011-06-17,1.850134015083313,1.9558559656143188,1.79727303981781,1.902994990348816,1.902994990348816,1188853
2011-06-20,1.902994990348816,1.9734770059585571,1.7796529531478882,1.8677550554275513,1.8677550554275513,1810975
2011-06-21,1.8677550554275513,1.9558559656143188,1.8325140476226807,1.902994990348816,1.902994990348816,1192712
2011-06-22,1.902994990348816,2.0968189239501953,1.902994990348816,2.0791990756988525,2.0791990756988525,1789283
2011-06-23,1.9558559656143188,2.114439010620117,1.9382359981536865,2.0791990756988525,2.0791990756988525,1016098
2011-06-24,2.0439579486846924,2.2025411128997803,2.0087170600891113,2.1320600509643555,2.1320600509643555,1250600
2011-06-27,2.1849210262298584,2.1849210262298584,2.0087170600891113,2.0263381004333496,2.0263381004333496,733016
2011-06-28,1.9910969734191895,2.0263381004333496,1.9558559656143188,1.9558559656143188,1.9558559656143188,501012
2011-06-29,1.9382359981536865,2.0087170600891113,1.8853750228881836,1.9382359981536865,1.9382359981536865,1648663
2011-06-30,1.9206160306930542,1.9382359981536865,1.850134015083313,1.9206160306930542,1.9206160306930542,1501787
2011-07-04,1.9206160306930542,1.9206160306930542,1.8325140476226807,1.8677550554275513,1.8677550554275513,1090217
2011-07-05,1.8677550554275513,2.0968189239501953,1.8677550554275513,2.0968189239501953,2.0968189239501953,3064187
2011-07-06,2.0791990756988525,2.0791990756988525,1.9558559656143188,1.9734770059585571,1.9734770059585571,1237434
2011-07-07,1.9734770059585571,2.0439579486846924,1.9382359981536865,1.9558559656143188,1.9558559656143188,573314
2011-07-08,1.9734770059585571,1.9734770059585571,1.850134015083313,1.9382359981536865,1.9382359981536865,1415523
2011-07-11,1.9382359981536865,1.9558559656143188,1.8677550554275513,1.9382359981536865,1.9382359981536865,962410
2011-07-12,1.8853750228881836,1.8853750228881836,1.8148939609527588,1.8325140476226807,1.8325140476226807,1172282
2011-07-13,1.8677550554275513,1.8853750228881836,1.8325140476226807,1.8853750228881836,1.8853750228881836,655152
2011-07-14,1.850134015083313,1.8853750228881836,1.8325140476226807,1.8677550554275513,1.8677550554275513,888745
2011-07-15,1.8677550554275513,1.8853750228881836,1.850134015083313,1.8853750228881836,1.8853750228881836,245738
2011-07-18,1.850134015083313,1.8853750228881836,1.8325140476226807,1.850134015083313,1.850134015083313,445735
2011-07-19,1.8325140476226807,1.8677550554275513,1.79727303981781,1.8325140476226807,1.8325140476226807,639942
2011-07-20,1.8325140476226807,1.8677550554275513,1.8148939609527588,1.850134015083313,1.850134015083313,709294
2011-07-21,1.8853750228881836,1.9910969734191895,1.8148939609527588,1.8325140476226807,1.8325140476226807,2292351
2011-07-22,1.8325140476226807,1.8677550554275513,1.8148939609527588,1.850134015083313,1.850134015083313,2654433
2011-07-25,1.8148939609527588,1.850134015083313,1.8148939609527588,1.8148939609527588,1.8148939609527588,514405
2011-07-26,1.8325140476226807,1.9382359981536865,1.8148939609527588,1.9206160306930542,1.9206160306930542,1693384
2011-07-27,1.9206160306930542,1.9206160306930542,1.8853750228881836,1.9206160306930542,1.9206160306930542,907247
2011-07-28,1.902994990348816,1.902994990348816,1.8677550554275513,1.902994990348816,1.902994990348816,479786
2011-07-29,1.902994990348816,1.902994990348816,1.8677550554275513,1.8677550554275513,1.8677550554275513,471160
2011-08-01,1.8677550554275513,1.902994990348816,1.8325140476226807,1.850134015083313,1.850134015083313,951854
2011-08-02,1.850134015083313,1.8853750228881836,1.79727303981781,1.79727303981781,1.79727303981781,1414275
2011-08-03,1.79727303981781,1.79727303981781,1.7444119453430176,1.7620329856872559,1.7620329856872559,2304906
2011-08-04,1.7620329856872559,1.79727303981781,1.7444119453430176,1.7620329856872559,1.7620329856872559,732676
2011-08-05,1.7444119453430176,1.7620329856872559,1.5329680442810059,1.709172010421753,1.709172010421753,2316187
2011-08-08,1.6739310026168823,1.6739310026168823,1.5329680442810059,1.6034499406814575,1.6034499406814575,2321636
2011-08-09,1.4801069498062134,1.5505889654159546,1.4096260070800781,1.515347957611084,1.515347957611084,1821077
2011-08-10,1.5682090520858765,1.6210700273513794,1.5505889654159546,1.5682090520858765,1.5682090520858765,1009742
2011-08-11,1.5505889654159546,1.6386899948120117,1.4801069498062134,1.5682090520858765,1.5682090520858765,1209625
2011-08-12,1.5682090520858765,1.6034499406814575,1.515347957611084,1.5682090520858765,1.5682090520858765,622008
2011-08-15,1.5682090520858765,1.5682090520858765,1.4977279901504517,1.4977279901504517,1.4977279901504517,703505
2011-08-16,1.4801069498062134,1.515347957611084,1.4448670148849487,1.4801069498062134,1.4801069498062134,587957
2011-08-17,1.4801069498062134,1.515347957611084,1.4272459745407104,1.4801069498062134,1.4801069498062134,358790
2011-08-18,1.462486982345581,1.5329680442810059,1.462486982345581,1.5329680442810059,1.5329680442810059,627343
2011-08-19,1.4801069498062134,1.515347957611084,1.4096260070800781,1.462486982345581,1.462486982345581,1486010
2011-08-22,1.4448670148849487,1.4448670148849487,1.3391449451446533,1.3391449451446533,1.3391449451446533,2517773
2011-08-23,1.3391449451446533,1.4448670148849487,1.2862839698791504,1.4096260070800781,1.4096260070800781,1266491
2011-08-24,1.4096260070800781,1.4448670148849487,1.3743849992752075,1.4448670148849487,1.4448670148849487,717466
2011-08-25,1.4448670148849487,1.462486982345581,1.4096260070800781,1.4448670148849487,1.4448670148849487,799076
2011-08-26,1.462486982345581,1.462486982345581,1.3920060396194458,1.4448670148849487,1.4448670148849487,735627
2011-08-29,1.3391449451446533,1.462486982345581,1.3391449451446533,1.462486982345581,1.462486982345581,611339
2011-08-30,1.462486982345581,1.6210700273513794,1.462486982345581,1.5858290195465088,1.5858290195465088,2469987
2011-08-31,1.4977279901504517,1.5505889654159546,1.4096260070800781,1.4977279901504517,1.4977279901504517,1231531
2011-09-01,1.4977279901504517,1.6739310026168823,1.4801069498062134,1.6034499406814575,1.6034499406814575,1520049
2011-09-02,1.5858290195465088,1.6386899948120117,1.4977279901504517,1.6034499406814575,1.6034499406814575,2689947
2011-09-05,1.6034499406814575,1.6034499406814575,1.515347957611084,1.5505889654159546,1.5505889654159546,175365
2011-09-06,1.4801069498062134,1.5505889654159546,1.462486982345581,1.515347957611084,1.515347957611084,669340
2011-09-07,1.4801069498062134,1.5505889654159546,1.4801069498062134,1.515347957611084,1.515347957611084,79567
2011-09-08,1.5329680442810059,1.5858290195465088,1.4977279901504517,1.5329680442810059,1.5329680442810059,277179
2011-09-09,1.515347957611084,1.5505889654159546,1.515347957611084,1.515347957611084,1.515347957611084,225307
2011-09-12,1.4977279901504517,1.5329680442810059,1.4272459745407104,1.5329680442810059,1.5329680442810059,843
2011-09-14,1.4801069498062134,1.5682090520858765,1.4096260070800781,1.4801069498062134,1.4801069498062134,337791
2011-09-15,1.4272459745407104,1.515347957611084,1.4272459745407104,1.462486982345581,1.462486982345581,174798
2011-09-16,1.4448670148849487,1.515347957611084,1.4272459745407104,1.4448670148849487,1.4448670148849487,333251
2011-09-19,1.4272459745407104,1.4448670148849487,1.4096260070800781,1.4096260070800781,1.4096260070800781,297156
2011-09-20,1.4096260070800781,1.4272459745407104,1.3391449451446533,1.3743849992752075,1.3743849992752075,663892
2011-09-21,1.3743849992752075,1.3920060396194458,1.3215240240097046,1.3743849992752075,1.3743849992752075,445281
2011-09-22,1.3215240240097046,1.3743849992752075,1.2862839698791504,1.3215240240097046,1.3215240240097046,1000889
2011-09-23,1.2686630487442017,1.2686630487442017,1.1100800037384033,1.2334229946136475,1.2334229946136475,1035508
2011-09-26,1.2334229946136475,1.2334229946136475,1.092460036277771,1.1100800037384033,1.1100800037384033,949823
2011-09-27,1.1100800037384033,1.1981819868087769,1.1100800037384033,1.1629409790039062,1.1629409790039062,860369
2011-09-28,1.1981819868087769,1.2334229946136475,1.1277010440826416,1.2158019542694092,1.2158019542694092,988630
2011-09-30,1.145321011543274,1.1629409790039062,1.1100800037384033,1.145321011543274,1.145321011543274,521102
2011-10-03,1.0572190284729004,1.145321011543274,1.0572190284729004,1.0748399496078491,1.0748399496078491,488969
2011-10-04,1.0572190284729004,1.0748399496078491,1.0395989418029785,1.0395989418029785,1.0395989418029785,1111783
2011-10-06,1.0572190284729004,1.145321011543274,1.0395989418029785,1.092460036277771,1.092460036277771,459128
2011-10-07,1.092460036277771,1.1100800037384033,1.0572190284729004,1.092460036277771,1.092460036277771,562077
2011-10-10,1.1100800037384033,1.1100800037384033,1.0395989418029785,1.0572190284729004,1.0572190284729004,579557
2011-10-11,1.1100800037384033,1.145321011543274,1.0572190284729004,1.092460036277771,1.092460036277771,703505
2011-10-12,1.0748399496078491,1.145321011543274,1.0748399496078491,1.145321011543274,1.145321011543274,829155
2011-10-13,1.1629409790039062,1.2510429620742798,1.1629409790039062,1.2158019542694092,1.2158019542694092,2458863
2011-10-14,1.2158019542694092,1.2158019542694092,1.2158019542694092,1.2158019542694092,1.2158019542694092,0
2011-10-17,0.7752940058708191,0.8457750082015991,0.7400529980659485,0.7752940058708191,0.7752940058708191,8574071
2011-10-18,0.7400529980659485,0.7752940058708191,0.7048130035400391,0.7048130035400391,0.7048130035400391,3291878
2011-10-19,0.7048130035400391,0.8105350136756897,0.7048130035400391,0.7929139733314514,0.7929139733314514,3500501
2011-10-20,0.7752940058708191,0.7929139733314514,0.7400529980659485,0.757673978805542,0.757673978805542,1536293
2011-10-21,0.757673978805542,0.828154981136322,0.757673978805542,0.7752940058708191,0.7752940058708191,3899358
2011-10-24,0.7929139733314514,0.828154981136322,0.7752940058708191,0.7929139733314514,0.7929139733314514,1909498
2011-10-25,0.7929139733314514,0.7929139733314514,0.757673978805542,0.7752940058708191,0.7752940058708191,1424944
2011-10-26,0.7400529980659485,0.7752940058708191,0.7400529980659485,0.757673978805542,0.757673978805542,779894
2011-10-27,0.7752940058708191,0.7929139733314514,0.7400529980659485,0.7752940058708191,0.7752940058708191,2464255
2011-10-28,0.7929139733314514,0.9514970183372498,0.7752940058708191,0.8810160160064697,0.8810160160064697,12912440
2011-10-31,0.8810160160064697,0.9338769912719727,0.8633959889411926,0.8633959889411926,0.8633959889411926,3622633
2011-11-01,0.8457750082015991,0.8457750082015991,0.8105350136756897,0.828154981136322,0.828154981136322,1778286
2011-11-02,0.8105350136756897,0.828154981136322,0.7752940058708191,0.828154981136322,0.828154981136322,1042659
2011-11-03,0.8105350136756897,0.8457750082015991,0.7929139733314514,0.828154981136322,0.828154981136322,1775221
2011-11-04,0.828154981136322,0.8633959889411926,0.828154981136322,0.8457750082015991,0.8457750082015991,1326081
2011-11-07,0.8457750082015991,0.8457750082015991,0.828154981136322,0.828154981136322,0.828154981136322,531999
2011-11-08,0.828154981136322,0.828154981136322,0.8105350136756897,0.828154981136322,0.828154981136322,432227
2011-11-09,0.828154981136322,0.828154981136322,0.7929139733314514,0.828154981136322,0.828154981136322,531431
2011-11-10,0.7929139733314514,0.8105350136756897,0.7752940058708191,0.7929139733314514,0.7929139733314514,759236
2011-11-11,0.8105350136756897,0.8633959889411926,0.7929139733314514,0.828154981136322,0.828154981136322,1470233
2011-11-14,0.8105350136756897,0.828154981136322,0.7929139733314514,0.8105350136756897,0.8105350136756897,791699
2011-11-15,0.8105350136756897,0.8105350136756897,0.7752940058708191,0.7752940058708191,0.7752940058708191,1027903
2011-11-16,0.7752940058708191,0.7929139733314514,0.757673978805542,0.757673978805542,0.757673978805542,572974
2011-11-17,0.757673978805542,0.7929139733314514,0.7400529980659485,0.757673978805542,0.757673978805542,1598153
2011-11-18,0.7400529980659485,0.7752940058708191,0.6695719957351685,0.7224329710006714,0.7224329710006714,2339569
2011-11-21,0.7224329710006714,0.7224329710006714,0.7224329710006714,0.7224329710006714,0.7224329710006714,0
2011-11-22,0.7224329710006714,0.7224329710006714,0.7224329710006714,0.7224329710006714,0.7224329710006714,0
2011-11-23,0.7224329710006714,0.7224329710006714,0.7224329710006714,0.7224329710006714,0.7224329710006714,0
2011-11-24,0.7224329710006714,0.7224329710006714,0.7224329710006714,0.7224329710006714,0.7224329710006714,0
2011-11-25,0.7224329710006714,0.7224329710006714,0.7224329710006714,0.7224329710006714,0.7224329710006714,0
2011-11-28,0.7224329710006714,0.7224329710006714,0.7224329710006714,0.7224329710006714,0.7224329710006714,0
2011-11-29,0.7224329710006714,0.7224329710006714,0.7224329710006714,0.7224329710006714,0.7224329710006714,0
2011-11-30,0.7224329710006714,0.7224329710006714,0.7224329710006714,0.7224329710006714,0.7224329710006714,0
2011-12-01,0.7224329710006714,0.7224329710006714,0.7224329710006714,0.7224329710006714,0.7224329710006714,0
2011-12-02,0.7224329710006714,0.7224329710006714,0.7224329710006714,0.7224329710006714,0.7224329710006714,0
2011-12-05,0.4581280052661896,0.519798994064331,0.4581280052661896,0.5021790266036987,0.5021790266036987,313501
2011-12-06,0.48455899953842163,0.5021790266036987,0.48455899953842163,0.48455899953842163,0.48455899953842163,76389
2011-12-07,0.4757480025291443,0.5726600289344788,0.4757480025291443,0.5462300181388855,0.5462300181388855,1122339
2011-12-08,0.5638499855995178,0.5902810096740723,0.5286089777946472,0.5726600289344788,0.5726600289344788,271277
2011-12-09,0.5374199748039246,0.5550400018692017,0.5374199748039246,0.5374199748039246,0.5374199748039246,287054
2011-12-12,0.5550400018692017,0.5726600289344788,0.519798994064331,0.5462300181388855,0.5462300181388855,133141
2011-12-13,0.5109890103340149,0.5462300181388855,0.5109890103340149,0.5462300181388855,0.5462300181388855,289324
2011-12-14,0.4933690130710602,0.5286089777946472,0.4933690130710602,0.5286089777946472,0.5286089777946472,165944
2011-12-15,0.519798994064331,0.5286089777946472,0.519798994064331,0.5286089777946472,0.5286089777946472,194093
2011-12-16,0.5286089777946472,0.5550400018692017,0.519798994064331,0.5286089777946472,0.5286089777946472,469344
2011-12-19,0.5286089777946472,0.5286089777946472,0.5286089777946472,0.5286089777946472,0.5286089777946472,213389
2011-12-20,0.5286089777946472,0.5814700126647949,0.519798994064331,0.5286089777946472,0.5286089777946472,171392
2011-12-21,0.5286089777946472,0.5550400018692017,0.5286089777946472,0.5550400018692017,0.5550400018692017,332910
2011-12-22,0.5462300181388855,0.5550400018692017,0.5286089777946472,0.5286089777946472,0.5286089777946472,233139
2011-12-23,0.5374199748039246,0.5814700126647949,0.5286089777946472,0.5638499855995178,0.5638499855995178,1959781
2011-12-28,0.5374199748039246,0.5462300181388855,0.5374199748039246,0.5374199748039246,0.5374199748039246,366848
2011-12-29,0.5286089777946472,0.5374199748039246,0.5286089777946472,0.5286089777946472,0.5286089777946472,208282
2011-12-30,0.5374199748039246,0.5374199748039246,0.519798994064331,0.519798994064331,0.519798994064331,436995
2012-01-03,0.5286089777946472,0.5286089777946472,0.4933690130710602,0.5286089777946472,0.5286089777946472,549932
2012-01-04,0.5286089777946472,0.5286089777946472,0.5286089777946472,0.5286089777946472,0.5286089777946472,102268
2012-01-05,0.5109890103340149,0.5109890103340149,0.44050800800323486,0.4933690130710602,0.4933690130710602,457085
2012-01-06,0.4933690130710602,0.4933690130710602,0.449317991733551,0.46693798899650574,0.46693798899650574,177635
2012-01-09,0.449317991733551,0.46693798899650574,0.44050800800323486,0.46693798899650574,0.46693798899650574,130985
2012-01-10,0.46693798899650574,0.48455899953842163,0.4581280052661896,0.4581280052661896,0.4581280052661896,91712
2012-01-11,0.4581280052661896,0.5109890103340149,0.4581280052661896,0.4757480025291443,0.4757480025291443,449707
2012-01-12,0.4757480025291443,0.5109890103340149,0.4757480025291443,0.5109890103340149,0.5109890103340149,453015
2012-01-13,0.4933690130710602,0.5286089777946472,0.4933690130710602,0.5286089777946472,0.5286089777946472,198066
2012-01-16,0.5286089777946472,0.5286089777946472,0.4933690130710602,0.519798994064331,0.519798994064331,55617
2012-01-17,0.5021790266036987,0.5286089777946472,0.5021790266036987,0.5109890103340149,0.5109890103340149,365940
2012-01-18,0.5286089777946472,0.5374199748039246,0.519798994064331,0.519798994064331,0.519798994064331,427233
2012-01-19,0.5374199748039246,0.5638499855995178,0.5374199748039246,0.5550400018692017,0.5550400018692017,784434
2012-01-20,0.5462300181388855,0.5726600289344788,0.5374199748039246,0.5550400018692017,0.5550400018692017,1067630
2012-01-26,0.5550400018692017,0.5550400018692017,0.519798994064331,0.5462300181388855,0.5462300181388855,535744
2012-01-27,0.5550400018692017,0.5550400018692017,0.5374199748039246,0.5550400018692017,0.5550400018692017,328030
2012-01-30,0.5462300181388855,0.5638499855995178,0.5374199748039246,0.5550400018692017,0.5550400018692017,880800
2012-01-31,0.5462300181388855,0.5814700126647949,0.5462300181388855,0.5638499855995178,0.5638499855995178,547549
2012-02-01,0.5902810096740723,0.8633959889411926,0.5902810096740723,0.757673978805542,0.757673978805542,19051399
2012-02-02,0.7752940058708191,0.9426869750022888,0.7752940058708191,0.898635983467102,0.898635983467102,27420429
2012-02-03,0.9074469804763794,1.3039040565490723,0.9074469804763794,1.2862839698791504,1.2862839698791504,71953326
2012-02-06,1.3920060396194458,1.9558559656143188,1.3655749559402466,1.6034499406814575,1.6034499406814575,103666876
2012-02-07,1.5329680442810059,1.79727303981781,1.5329680442810059,1.5858290195465088,1.5858290195465088,38568851
2012-02-08,1.6122599840164185,1.709172010421753,1.5593990087509155,1.5858290195465088,1.5858290195465088,14954428
2012-02-09,1.5858290195465088,1.6034499406814575,1.4008159637451172,1.4096260070800781,1.4096260070800781,20692231
2012-02-10,1.4008159637451172,1.418436050415039,1.1981819868087769,1.2510429620742798,1.2510429620742798,29865269
2012-02-13,1.1981819868087769,1.5682090520858765,1.1717519760131836,1.5505889654159546,1.5505889654159546,57386770
2012-02-14,1.5858290195465088,1.6739310026168823,1.462486982345581,1.471297025680542,1.471297025680542,29912147
2012-02-15,1.4448670148849487,1.5417790412902832,1.4272459745407104,1.4889179468154907,1.4889179468154907,7823234
2012-02-16,1.4801069498062134,1.5329680442810059,1.4448670148849487,1.4889179468154907,1.4889179468154907,5685477
2012-02-17,1.5065380334854126,1.5417790412902832,1.4096260070800781,1.4272459745407104,1.4272459745407104,10060876
2012-02-20,1.4272459745407104,1.4801069498062134,1.1805620193481445,1.2422330379486084,1.2422330379486084,47877074
2012-02-21,1.2334229946136475,1.3215240240097046,1.1981819868087769,1.2422330379486084,1.2422330379486084,14858175
2012-02-22,1.2334229946136475,1.2686630487442017,1.2246129512786865,1.2422330379486084,1.2422330379486084,5903180
2012-02-23,1.2422330379486084,1.3215240240097046,1.2069920301437378,1.2334229946136475,1.2334229946136475,16057585
2012-02-24,1.2334229946136475,1.2598530054092407,1.1981819868087769,1.2069920301437378,1.2069920301437378,6087966
2012-02-27,1.2246129512786865,1.2598530054092407,1.1012699604034424,1.1100800037384033,1.1100800037384033,14404949
2012-02-28,1.1277010440826416,1.1629409790039062,0.9603080153465271,1.0043580532073975,1.0043580532073975,31224381
2012-02-29,1.0131690502166748,1.0307890176773071,0.9691179990768433,0.9955480098724365,0.9955480098724365,11084240
2012-03-01,0.9955480098724365,1.1981819868087769,0.9955480098724365,1.136510968208313,1.136510968208313,82239649
2012-03-02,1.1805620193481445,1.2069920301437378,1.0748399496078491,1.1100800037384033,1.1100800037384033,24653904
2012-03-05,1.1100800037384033,1.145321011543274,1.08364999294281,1.1012699604034424,1.1012699604034424,9980969
2012-03-06,1.0748399496078491,1.08364999294281,1.0043580532073975,1.0395989418029785,1.0395989418029785,9550330
2012-03-07,1.0395989418029785,1.1012699604034424,0.9955480098724365,1.0572190284729004,1.0572190284729004,10137184
2012-03-08,1.0748399496078491,1.08364999294281,1.0307890176773071,1.0395989418029785,1.0395989418029785,4646904
2012-03-09,1.0395989418029785,1.0660300254821777,1.0307890176773071,1.0395989418029785,1.0395989418029785,4166266
2012-03-12,1.0219789743423462,1.0395989418029785,0.9955480098724365,1.0043580532073975,1.0043580532073975,3939896
2012-03-13,1.0131690502166748,1.0307890176773071,1.0043580532073975,1.0131690502166748,1.0131690502166748,4213995
2012-03-14,1.0131690502166748,1.0572190284729004,0.9691179990768433,0.9955480098724365,0.9955480098724365,8383269
2012-03-15,1.0131690502166748,1.0131690502166748,0.9691179990768433,0.9691179990768433,0.9691179990768433,3574279
2012-03-16,0.9955480098724365,0.9955480098724365,0.8898259997367859,0.898635983467102,0.898635983467102,8873952
2012-03-20,0.8105350136756897,0.9426869750022888,0.8105350136756897,0.8810160160064697,0.8810160160064697,19207344
2012-03-21,0.898635983467102,0.9162570238113403,0.836965024471283,0.8633959889411926,0.8633959889411926,5319217
2012-03-22,0.8810160160064697,0.8810160160064697,0.836965024471283,0.8545860052108765,0.8545860052108765,1907795
2012-03-23,0.8457750082015991,0.8457750082015991,0.8105350136756897,0.828154981136322,0.828154981136322,2615728
2012-03-26,0.828154981136322,0.9074469804763794,0.828154981136322,0.8898259997367859,0.8898259997367859,7834471
2012-03-27,0.9162570238113403,0.9338769912719727,0.8722059726715088,0.8898259997367859,0.8898259997367859,7513478
2012-03-28,0.8810160160064697,0.8810160160064697,0.836965024471283,0.8722059726715088,0.8722059726715088,4689468
2012-03-29,0.8633959889411926,0.8633959889411926,0.836965024471283,0.8457750082015991,0.8457750082015991,1725279
2012-03-30,0.836965024471283,0.8810160160064697,0.8193449974060059,0.8545860052108765,0.8545860052108765,3179622
2012-04-02,0.828154981136322,0.828154981136322,0.6519520282745361,0.6960030198097229,0.6960030198097229,16000378
2012-04-03,0.6871920228004456,0.7224329710006714,0.6695719957351685,0.6960030198097229,0.6960030198097229,7826185
2012-04-05,0.6607620120048523,0.7400529980659485,0.6343309879302979,0.7224329710006714,0.7224329710006714,5588316
2012-04-10,0.7048130035400391,0.7136229872703552,0.6783819794654846,0.6871920228004456,0.6871920228004456,3275761
2012-04-11,0.6695719957351685,0.6871920228004456,0.6431419849395752,0.6695719957351685,0.6695719957351685,1995422
2012-04-12,0.6783819794654846,0.6960030198097229,0.6607620120048523,0.6607620120048523,0.6607620120048523,2531507
2012-04-13,0.6871920228004456,0.7048130035400391,0.6783819794654846,0.6960030198097229,0.6960030198097229,2184748
2012-04-16,0.6871920228004456,0.6960030198097229,0.6695719957351685,0.6695719957351685,0.6695719957351685,1640150
2012-04-17,0.6960030198097229,0.9250670075416565,0.6871920228004456,0.9162570238113403,0.9162570238113403,50269424
2012-04-18,0.9338769912719727,1.0748399496078491,0.898635983467102,0.898635983467102,0.898635983467102,65182650
2012-04-19,0.8898259997367859,0.9074469804763794,0.8193449974060059,0.828154981136322,0.828154981136322,20270899
2012-04-20,0.8193449974060059,0.9691179990768433,0.8193449974060059,0.898635983467102,0.898635983467102,46539075
2012-04-23,0.898635983467102,0.9779279828071594,0.8545860052108765,0.8722059726715088,0.8722059726715088,18597832
2012-04-24,0.898635983467102,0.9250670075416565,0.8633959889411926,0.898635983467102,0.898635983467102,9382910
2012-04-25,0.9074469804763794,0.9426869750022888,0.8810160160064697,0.9162570238113403,0.9162570238113403,14355460
2012-04-26,0.9338769912719727,0.9338769912719727,0.8810160160064697,0.8810160160064697,0.8810160160064697,7007245
2012-04-27,0.8898259997367859,0.898635983467102,0.8457750082015991,0.8545860052108765,0.8545860052108765,8662265
2012-04-30,0.8722059726715088,0.8898259997367859,0.8545860052108765,0.8545860052108765,0.8545860052108765,5566864
2012-05-02,0.8545860052108765,0.9074469804763794,0.8545860052108765,0.8810160160064697,0.8810160160064697,5498193
2012-05-03,0.8810160160064697,0.8810160160064697,0.828154981136322,0.8545860052108765,0.8545860052108765,7011331
2012-05-04,0.8457750082015991,0.8457750082015991,0.8193449974060059,0.828154981136322,0.828154981136322,4085053
2012-05-07,0.7929139733314514,0.8017249703407288,0.7752940058708191,0.8017249703407288,0.8017249703407288,5982860
2012-05-08,0.828154981136322,0.828154981136322,0.7752940058708191,0.7929139733314514,0.7929139733314514,2875087
2012-05-09,0.7752940058708191,0.7929139733314514,0.7488639950752258,0.7841039896011353,0.7841039896011353,4569607
2012-05-10,0.7841039896011353,0.8193449974060059,0.7752940058708191,0.8105350136756897,0.8105350136756897,3958495
2012-05-11,0.8105350136756897,0.8105350136756897,0.757673978805542,0.7752940058708191,0.7752940058708191,4281984
2012-05-14,0.7841039896011353,0.8545860052108765,0.7841039896011353,0.7929139733314514,0.7929139733314514,6088988
2012-05-15,0.7929139733314514,0.8105350136756897,0.7664840221405029,0.7841039896011353,0.7841039896011353,3951117
2012-05-16,0.7752940058708191,0.7752940058708191,0.757673978805542,0.7752940058708191,0.7752940058708191,3294375
2012-05-17,0.7752940058708191,0.828154981136322,0.7664840221405029,0.828154981136322,0.828154981136322,4315355
2012-05-18,0.7929139733314514,0.8457750082015991,0.7841039896011353,0.8105350136756897,0.8105350136756897,7656609
2012-05-21,0.8105350136756897,0.836965024471283,0.7929139733314514,0.828154981136322,0.828154981136322,4468701
2012-05-22,0.828154981136322,0.8810160160064697,0.828154981136322,0.8722059726715088,0.8722059726715088,6501239
2012-05-23,0.8633959889411926,0.8722059726715088,0.828154981136322,0.836965024471283,0.836965024471283,3928983
2012-05-24,0.836965024471283,0.8457750082015991,0.8105350136756897,0.828154981136322,0.828154981136322,2976220
2012-05-25,0.828154981136322,0.8457750082015991,0.8193449974060059,0.836965024471283,0.836965024471283,3154877
2012-05-28,0.8457750082015991,0.898635983467102,0.8457750082015991,0.8898259997367859,0.8898259997367859,8455912
2012-05-29,0.8898259997367859,0.9074469804763794,0.8722059726715088,0.8898259997367859,0.8898259997367859,4325570
2012-05-30,0.8898259997367859,0.9955480098724365,0.8898259997367859,0.9426869750022888,0.9426869750022888,30316226
2012-05-31,0.9338769912719727,0.9867380261421204,0.8810160160064697,0.898635983467102,0.898635983467102,14411191
2012-06-01,0.898635983467102,0.9338769912719727,0.8898259997367859,0.9074469804763794,0.9074469804763794,5840979
2012-06-04,0.8898259997367859,0.8898259997367859,0.836965024471283,0.8457750082015991,0.8457750082015991,7638334
2012-06-05,0.8633959889411926,0.8898259997367859,0.8545860052108765,0.8633959889411926,0.8633959889411926,8347742
2012-06-06,0.8722059726715088,0.898635983467102,0.828154981136322,0.828154981136322,0.828154981136322,9174968
2012-06-07,0.8545860052108765,0.8545860052108765,0.836965024471283,0.8457750082015991,0.8457750082015991,3958495
2012-06-08,0.8457750082015991,0.8722059726715088,0.8017249703407288,0.836965024471283,0.836965024471283,6074232
2012-06-11,0.836965024471283,0.8545860052108765,0.836965024471283,0.836965024471283,0.836965024471283,2043207
2012-06-12,0.8545860052108765,0.8633959889411926,0.836965024471283,0.8457750082015991,0.8457750082015991,5317152
2012-06-13,0.8545860052108765,0.8633959889411926,0.828154981136322,0.8633959889411926,0.8633959889411926,2992565
2012-06-14,0.8457750082015991,0.8545860052108765,0.828154981136322,0.836965024471283,0.836965024471283,3445791
2012-06-15,0.8457750082015991,0.9250670075416565,0.8457750082015991,0.9074469804763794,0.9074469804763794,25428804
2012-06-18,0.9162570238113403,0.9603080153465271,0.898635983467102,0.9074469804763794,0.9074469804763794,9075310
2012-06-19,0.9074469804763794,0.9162570238113403,0.8633959889411926,0.8722059726715088,0.8722059726715088,7523694
2012-06-20,0.8810160160064697,0.9250670075416565,0.8722059726715088,0.8810160160064697,0.8810160160064697,13430457
2012-06-21,0.8898259997367859,0.9074469804763794,0.8722059726715088,0.8810160160064697,0.8810160160064697,5427933
2012-06-22,0.8722059726715088,0.8722059726715088,0.8545860052108765,0.8633959889411926,0.8633959889411926,1180794
2012-06-25,0.8810160160064697,0.8810160160064697,0.836965024471283,0.8457750082015991,0.8457750082015991,3320595
2012-06-26,0.8545860052108765,0.8545860052108765,0.8193449974060059,0.836965024471283,0.836965024471283,4830215
2012-06-27,0.828154981136322,0.836965024471283,0.8105350136756897,0.828154981136322,0.828154981136322,3912241
2012-06-28,0.828154981136322,0.836965024471283,0.7752940058708191,0.7929139733314514,0.7929139733314514,5993076
2012-06-29,0.7752940058708191,0.7929139733314514,0.7224329710006714,0.7752940058708191,0.7752940058708191,5987741
2012-07-03,0.7841039896011353,0.8017249703407288,0.7752940058708191,0.7841039896011353,0.7841039896011353,2404608
2012-07-04,0.7929139733314514,0.8105350136756897,0.7929139733314514,0.8017249703407288,0.8017249703407288,1734927
2012-07-05,0.7752940058708191,0.7841039896011353,0.7752940058708191,0.7841039896011353,0.7841039896011353,1829704
2012-07-06,0.7841039896011353,0.8193449974060059,0.7841039896011353,0.8017249703407288,0.8017249703407288,4407975
2012-07-09,0.8017249703407288,0.8017249703407288,0.7664840221405029,0.7841039896011353,0.7841039896011353,2168290
2012-07-10,0.7841039896011353,0.7929139733314514,0.7664840221405029,0.7752940058708191,0.7752940058708191,1209398
2012-07-11,0.7841039896011353,0.828154981136322,0.7841039896011353,0.8017249703407288,0.8017249703407288,5854599
2012-07-12,0.8017249703407288,0.8017249703407288,0.7664840221405029,0.7841039896011353,0.7841039896011353,1868750
2012-07-13,0.7841039896011353,0.8017249703407288,0.7841039896011353,0.8017249703407288,0.8017249703407288,1588846
2012-07-16,0.7841039896011353,0.7929139733314514,0.7752940058708191,0.7929139733314514,0.7929139733314514,1305877
2012-07-17,0.7929139733314514,0.8105350136756897,0.7752940058708191,0.8105350136756897,0.8105350136756897,2489737
2012-07-18,0.7929139733314514,0.7929139733314514,0.7664840221405029,0.7752940058708191,0.7752940058708191,3473260
2012-07-19,0.7841039896011353,0.7841039896011353,0.7664840221405029,0.7841039896011353,0.7841039896011353,1787707
2012-07-20,0.7664840221405029,0.7752940058708191,0.757673978805542,0.757673978805542,0.757673978805542,1499971
2012-07-23,0.7488639950752258,0.7488639950752258,0.7136229872703552,0.7224329710006714,0.7224329710006714,4714666
2012-07-24,0.7224329710006714,0.7224329710006714,0.7048130035400391,0.7136229872703552,0.7136229872703552,977280
2012-07-25,0.7048130035400391,0.7136229872703552,0.6960030198097229,0.7136229872703552,0.7136229872703552,1705416
2012-07-26,0.7048130035400391,0.7048130035400391,0.6783819794654846,0.6783819794654846,0.6783819794654846,2290535
2012-07-27,0.6871920228004456,0.7136229872703552,0.6871920228004456,0.7048130035400391,0.7048130035400391,2114488
2012-07-30,0.7136229872703552,0.7224329710006714,0.6960030198097229,0.6960030198097229,0.6960030198097229,1170806
2012-07-31,0.7048130035400391,0.7136229872703552,0.6960030198097229,0.7048130035400391,0.7048130035400391,1542422
2012-08-01,0.7048130035400391,0.7752940058708191,0.6871920228004456,0.7488639950752258,0.7488639950752258,4635099
2012-08-02,0.7488639950752258,0.8105350136756897,0.7400529980659485,0.8017249703407288,0.8017249703407288,13096233
2012-08-03,0.7929139733314514,0.828154981136322,0.7752940058708191,0.7752940058708191,0.7752940058708191,8500406
2012-08-06,0.7841039896011353,0.8017249703407288,0.7752940058708191,0.7929139733314514,0.7929139733314514,2942963
2012-08-07,0.8017249703407288,0.828154981136322,0.7929139733314514,0.8105350136756897,0.8105350136756897,6906225
2012-08-08,0.8105350136756897,0.836965024471283,0.8017249703407288,0.828154981136322,0.828154981136322,5913055
2012-08-09,0.828154981136322,0.8545860052108765,0.8193449974060059,0.836965024471283,0.836965024471283,8702446
2012-08-10,0.836965024471283,0.836965024471283,0.8017249703407288,0.836965024471283,0.836965024471283,3896975
2012-08-13,0.8457750082015991,0.8810160160064697,0.828154981136322,0.836965024471283,0.836965024471283,17665954
2012-08-14,0.836965024471283,0.836965024471283,0.8017249703407288,0.8017249703407288,0.8017249703407288,3011861
2012-08-15,0.8017249703407288,0.8105350136756897,0.7929139733314514,0.8105350136756897,0.8105350136756897,2776338
2012-08-16,0.8017249703407288,0.828154981136322,0.7929139733314514,0.8017249703407288,0.8017249703407288,6880119
2012-08-17,0.8017249703407288,0.8017249703407288,0.7841039896011353,0.8017249703407288,0.8017249703407288,2802444
2012-08-20,0.8017249703407288,0.8105350136756897,0.7929139733314514,0.8017249703407288,0.8017249703407288,3940901
2012-08-21,0.8017249703407288,0.828154981136322,0.7929139733314514,0.828154981136322,0.828154981136322,7456272
2012-08-22,0.836965024471283,0.836965024471283,0.8017249703407288,0.8105350136756897,0.8105350136756897,4966875
2012-08-23,0.8017249703407288,0.828154981136322,0.8017249703407288,0.8105350136756897,0.8105350136756897,5691152
2012-08-24,0.8105350136756897,0.8105350136756897,0.7929139733314514,0.8017249703407288,0.8017249703407288,2864872
2012-08-27,0.8017249703407288,0.828154981136322,0.7929139733314514,0.828154981136322,0.828154981136322,6566845
2012-08-28,0.836965024471283,0.836965024471283,0.8105350136756897,0.828154981136322,0.828154981136322,9195285
2012-08-29,0.828154981136322,0.828154981136322,0.8105350136756897,0.828154981136322,0.828154981136322,3197442
2012-08-30,0.8193449974060059,0.8193449974060059,0.8017249703407288,0.8105350136756897,0.8105350136756897,2132990
2012-08-31,0.8017249703407288,0.8193449974060059,0.7752940058708191,0.7929139733314514,0.7929139733314514,5945858
2012-09-03,0.7929139733314514,0.7929139733314514,0.7752940058708191,0.7841039896011353,0.7841039896011353,1975218
2012-09-04,0.7841039896011353,0.7841039896011353,0.7400529980659485,0.7488639950752258,0.7488639950752258,5134409
2012-09-05,0.7312430143356323,0.7400529980659485,0.7224329710006714,0.7312430143356323,0.7312430143356323,2787121
2012-09-06,0.7136229872703552,0.7400529980659485,0.7136229872703552,0.7400529980659485,0.7400529980659485,3169633
2012-09-07,0.7488639950752258,0.7664840221405029,0.7488639950752258,0.757673978805542,0.757673978805542,3040805
2012-09-10,0.757673978805542,0.7664840221405029,0.7400529980659485,0.7664840221405029,0.7664840221405029,2182138
2012-09-11,0.7400529980659485,0.757673978805542,0.7400529980659485,0.7488639950752258,0.7488639950752258,2950341
2012-09-12,0.7400529980659485,0.7929139733314514,0.7312430143356323,0.7752940058708191,0.7752940058708191,7309737
2012-09-13,0.7664840221405029,0.8105350136756897,0.7664840221405029,0.7841039896011353,0.7841039896011353,6359130
2012-09-14,0.8017249703407288,0.8105350136756897,0.7664840221405029,0.7841039896011353,0.7841039896011353,6843798
2012-09-17,0.7929139733314514,0.8193449974060059,0.7664840221405029,0.7929139733314514,0.7929139733314514,6236431
2012-09-18,0.8105350136756897,0.9603080153465271,0.8105350136756897,0.9162570238113403,0.9162570238113403,73601106
2012-09-19,0.9955480098724365,1.0307890176773071,0.836965024471283,0.8633959889411926,0.8633959889411926,71854033
2012-09-20,0.8457750082015991,0.898635983467102,0.8105350136756897,0.828154981136322,0.828154981136322,21386315
2012-09-21,0.828154981136322,0.8545860052108765,0.8193449974060059,0.8457750082015991,0.8457750082015991,11748699
2012-09-24,0.836965024471283,0.8633959889411926,0.8193449974060059,0.8457750082015991,0.8457750082015991,9670645
2012-09-25,0.836965024471283,0.8457750082015991,0.8105350136756897,0.8193449974060059,0.8193449974060059,9542044
2012-09-26,0.8017249703407288,0.8193449974060059,0.7929139733314514,0.8193449974060059,0.8193449974060059,6608842
2012-09-27,0.8105350136756897,0.8457750082015991,0.8017249703407288,0.8457750082015991,0.8457750082015991,5593083
2012-09-28,0.836965024471283,0.8545860052108765,0.828154981136322,0.836965024471283,0.836965024471283,7856264
2012-10-03,0.828154981136322,0.8457750082015991,0.8193449974060059,0.828154981136322,0.828154981136322,3711848
2012-10-04,0.828154981136322,0.8633959889411926,0.828154981136322,0.836965024471283,0.836965024471283,10883676
2012-10-05,0.836965024471283,0.8545860052108765,0.836965024471283,0.8457750082015991,0.8457750082015991,5287073
2012-10-08,0.8457750082015991,0.8457750082015991,0.828154981136322,0.828154981136322,0.828154981136322,3620816
2012-10-09,0.8457750082015991,0.9426869750022888,0.8457750082015991,0.898635983467102,0.898635983467102,40118878
2012-10-10,0.8810160160064697,0.9162570238113403,0.836965024471283,0.8633959889411926,0.8633959889411926,16604113
2012-10-11,0.8633959889411926,0.8722059726715088,0.836965024471283,0.8633959889411926,0.8633959889411926,7904844
2012-10-12,0.8633959889411926,0.8722059726715088,0.8457750082015991,0.8633959889411926,0.8633959889411926,4985376
2012-10-15,0.8722059726715088,0.898635983467102,0.8722059726715088,0.8898259997367859,0.8898259997367859,11845179
2012-10-16,0.898635983467102,0.9074469804763794,0.8722059726715088,0.8810160160064697,0.8810160160064697,6721212
2012-10-17,0.8898259997367859,0.8898259997367859,0.8633959889411926,0.8722059726715088,0.8722059726715088,5667316
2012-10-18,0.8722059726715088,0.9074469804763794,0.8633959889411926,0.898635983467102,0.898635983467102,21766785
2012-10-19,0.8898259997367859,0.9162570238113403,0.8810160160064697,0.9074469804763794,0.9074469804763794,13216549
2012-10-22,0.9074469804763794,0.9338769912719727,0.898635983467102,0.9162570238113403,0.9162570238113403,12410889
2012-10-24,0.9074469804763794,0.9250670075416565,0.9074469804763794,0.9162570238113403,0.9162570238113403,6895442
2012-10-25,0.9162570238113403,0.9691179990768433,0.9074469804763794,0.9250670075416565,0.9250670075416565,22589130
2012-10-26,0.9338769912719727,0.9338769912719727,0.8810160160064697,0.898635983467102,0.898635983467102,9586084
2012-10-29,0.8810160160064697,0.898635983467102,0.8722059726715088,0.8722059726715088,0.8722059726715088,3331378
2012-10-30,0.8722059726715088,0.8810160160064697,0.8457750082015991,0.8722059726715088,0.8722059726715088,4300486
2012-10-31,0.8810160160064697,0.8810160160064697,0.8633959889411926,0.8810160160064697,0.8810160160064697,1669434
2012-11-01,0.8810160160064697,0.898635983467102,0.8810160160064697,0.8898259997367859,0.8898259997367859,2398040
2012-11-02,0.8898259997367859,0.898635983467102,0.8722059726715088,0.8810160160064697,0.8810160160064697,4075972
2012-11-05,0.8722059726715088,0.8898259997367859,0.8722059726715088,0.8898259997367859,0.8898259997367859,2894156
2012-11-06,0.8898259997367859,0.8898259997367859,0.8633959889411926,0.8633959889411926,0.8633959889411926,2684398
2012-11-07,0.8722059726715088,0.8898259997367859,0.8633959889411926,0.8898259997367859,0.8898259997367859,3597548
2012-11-08,0.8810160160064697,0.8810160160064697,0.8457750082015991,0.8633959889411926,0.8633959889411926,5221127
2012-11-09,0.8633959889411926,0.8633959889411926,0.8457750082015991,0.8457750082015991,0.8457750082015991,2857607
2012-11-12,0.8457750082015991,0.8545860052108765,0.8105350136756897,0.8193449974060059,0.8193449974060059,6879325
2012-11-13,0.8105350136756897,0.8633959889411926,0.8105350136756897,0.828154981136322,0.828154981136322,9205274
2012-11-14,0.8457750082015991,0.8545860052108765,0.7841039896011353,0.8017249703407288,0.8017249703407288,22472220
2012-11-15,0.7929139733314514,0.8017249703407288,0.7841039896011353,0.8017249703407288,0.8017249703407288,8893362
2012-11-16,0.8017249703407288,0.8017249703407288,0.757673978805542,0.7664840221405029,0.7664840221405029,10741908
2012-11-19,0.7664840221405029,0.8017249703407288,0.7664840221405029,0.7752940058708191,0.7752940058708191,7014055
2012-11-20,0.7841039896011353,0.8017249703407288,0.7752940058708191,0.7841039896011353,0.7841039896011353,6260948
2012-11-21,0.8017249703407288,0.8193449974060059,0.7929139733314514,0.8017249703407288,0.8017249703407288,9241596
2012-11-22,0.8105350136756897,0.8105350136756897,0.7929139733314514,0.7929139733314514,0.7929139733314514,5302964
2012-11-23,0.7929139733314514,0.8105350136756897,0.7929139733314514,0.8017249703407288,0.8017249703407288,7516316
2012-11-26,0.8017249703407288,0.836965024471283,0.7841039896011353,0.8193449974060059,0.8193449974060059,28130796
2012-11-27,0.828154981136322,0.828154981136322,0.8105350136756897,0.8105350136756897,0.8105350136756897,5697962
2012-11-28,0.8105350136756897,0.8105350136756897,0.7929139733314514,0.7929139733314514,0.7929139733314514,3476097
2012-11-29,0.7929139733314514,0.8105350136756897,0.7929139733314514,0.8017249703407288,0.8017249703407288,4305821
2012-11-30,0.8017249703407288,0.8105350136756897,0.7929139733314514,0.8017249703407288,0.8017249703407288,2511303
2012-12-03,0.8105350136756897,0.8193449974060059,0.8017249703407288,0.8105350136756897,0.8105350136756897,4676983
2012-12-04,0.8105350136756897,0.8105350136756897,0.7929139733314514,0.8017249703407288,0.8017249703407288,5455061
2012-12-05,0.8017249703407288,0.8105350136756897,0.7929139733314514,0.8017249703407288,0.8017249703407288,4204233
2012-12-06,0.8017249703407288,0.8105350136756897,0.7929139733314514,0.8017249703407288,0.8017249703407288,5177427
2012-12-07,0.7929139733314514,0.8105350136756897,0.7929139733314514,0.7929139733314514,0.7929139733314514,2245020
2012-12-10,0.8017249703407288,0.8017249703407288,0.7929139733314514,0.7929139733314514,0.7929139733314514,3978585
2012-12-11,0.7929139733314514,0.8105350136756897,0.7929139733314514,0.8017249703407288,0.8017249703407288,3442840
2012-12-12,0.8017249703407288,0.8105350136756897,0.7929139733314514,0.8017249703407288,0.8017249703407288,26362952
2012-12-13,0.8105350136756897,0.8193449974060059,0.7929139733314514,0.8017249703407288,0.8017249703407288,12843457
2012-12-14,0.8017249703407288,0.8105350136756897,0.8017249703407288,0.8017249703407288,0.8017249703407288,9167250
2012-12-17,0.8105350136756897,0.8105350136756897,0.7929139733314514,0.8017249703407288,0.8017249703407288,7595202
2012-12-18,0.8017249703407288,0.828154981136322,0.8017249703407288,0.8105350136756897,0.8105350136756897,13747640
2012-12-19,0.8193449974060059,0.8193449974060059,0.8017249703407288,0.8017249703407288,0.8017249703407288,8362498
2012-12-20,0.8105350136756897,0.8105350136756897,0.7929139733314514,0.8017249703407288,0.8017249703407288,6188305
2012-12-21,0.8105350136756897,0.828154981136322,0.7929139733314514,0.8017249703407288,0.8017249703407288,14636499
2012-12-24,0.8017249703407288,0.8017249703407288,0.7841039896011353,0.7929139733314514,0.7929139733314514,2036510
2012-12-27,0.7929139733314514,0.8017249703407288,0.7929139733314514,0.8017249703407288,0.8017249703407288,3348404
2012-12-28,0.8017249703407288,0.8017249703407288,0.7929139733314514,0.7929139733314514,0.7929139733314514,3912525
2012-12-31,0.7929139733314514,0.7929139733314514,0.7841039896011353,0.7929139733314514,0.7929139733314514,1547189
2013-01-02,0.7929139733314514,0.8105350136756897,0.7929139733314514,0.8017249703407288,0.8017249703407288,10295832
2013-01-03,0.8105350136756897,0.8457750082015991,0.8017249703407288,0.8457750082015991,0.8457750082015991,33180303
2013-01-04,0.8633959889411926,0.8633959889411926,0.8193449974060059,0.8457750082015991,0.8457750082015991,32462723
2013-01-07,0.8457750082015991,0.8633959889411926,0.828154981136322,0.8457750082015991,0.8457750082015991,14050812
2013-01-08,0.836965024471283,0.9162570238113403,0.836965024471283,0.8722059726715088,0.8722059726715088,48151530
2013-01-09,0.8810160160064697,0.8898259997367859,0.8545860052108765,0.8633959889411926,0.8633959889411926,16977999
2013-01-10,0.8722059726715088,0.8898259997367859,0.8633959889411926,0.8810160160064697,0.8810160160064697,15920584
2013-01-11,0.8810160160064697,0.8810160160064697,0.836965024471283,0.8545860052108765,0.8545860052108765,13254573
2013-01-14,0.8545860052108765,0.8545860052108765,0.8193449974060059,0.828154981136322,0.828154981136322,16941337
2013-01-15,0.828154981136322,0.828154981136322,0.8105350136756897,0.8193449974060059,0.8193449974060059,7023930
2013-01-16,0.8193449974060059,0.836965024471283,0.8105350136756897,0.828154981136322,0.828154981136322,6545619
2013-01-17,0.836965024471283,0.836965024471283,0.8105350136756897,0.8193449974060059,0.8193449974060059,9267588
2013-01-18,0.8193449974060059,0.8193449974060059,0.8105350136756897,0.8193449974060059,0.8193449974060059,6912922
2013-01-21,0.8193449974060059,0.8722059726715088,0.8193449974060059,0.8633959889411926,0.8633959889411926,23598873
2013-01-22,0.8810160160064697,0.898635983467102,0.8633959889411926,0.8722059726715088,0.8722059726715088,33984715
2013-01-23,0.8722059726715088,0.8722059726715088,0.8722059726715088,0.8722059726715088,0.8722059726715088,0
2013-01-24,0.8810160160064697,0.8898259997367859,0.8457750082015991,0.8545860052108765,0.8545860052108765,24068217
2013-01-25,0.8633959889411926,0.8722059726715088,0.828154981136322,0.8633959889411926,0.8633959889411926,13920281
2013-01-28,0.8722059726715088,0.898635983467102,0.8545860052108765,0.8545860052108765,0.8545860052108765,35104671
2013-01-29,0.8633959889411926,0.8633959889411926,0.8457750082015991,0.8633959889411926,0.8633959889411926,7435046
2013-01-30,0.8633959889411926,0.8722059726715088,0.8545860052108765,0.8545860052108765,0.8545860052108765,8363292
2013-01-31,0.8545860052108765,0.8633959889411926,0.8457750082015991,0.8457750082015991,0.8457750082015991,3868825
2013-02-01,0.8545860052108765,0.8633959889411926,0.8457750082015991,0.8633959889411926,0.8633959889411926,7314390
2013-02-04,0.8722059726715088,0.8898259997367859,0.8545860052108765,0.8722059726715088,0.8722059726715088,11365279
2013-02-05,0.8633959889411926,0.8633959889411926,0.828154981136322,0.8545860052108765,0.8545860052108765,11953576
2013-02-06,0.8545860052108765,0.8633959889411926,0.8457750082015991,0.8545860052108765,0.8545860052108765,8150810
2013-02-07,0.8545860052108765,0.8545860052108765,0.836965024471283,0.8545860052108765,0.8545860052108765,4852348
2013-02-08,0.8545860052108765,0.8545860052108765,0.836965024471283,0.836965024471283,0.836965024471283,4860067
2013-02-14,0.836965024471283,0.8457750082015991,0.828154981136322,0.8457750082015991,0.8457750082015991,4591400
2013-02-15,0.836965024471283,0.8722059726715088,0.836965024471283,0.8722059726715088,0.8722059726715088,4985149
2013-02-18,0.8810160160064697,0.8810160160064697,0.8457750082015991,0.8633959889411926,0.8633959889411926,10547927
2013-02-19,0.8633959889411926,0.8633959889411926,0.828154981136322,0.836965024471283,0.836965024471283,7549800
2013-02-20,0.8457750082015991,0.8545860052108765,0.828154981136322,0.8457750082015991,0.8457750082015991,6862526
2013-02-21,0.836965024471283,0.836965024471283,0.8105350136756897,0.8193449974060059,0.8193449974060059,6480240
2013-02-22,0.8105350136756897,0.8193449974060059,0.8017249703407288,0.8105350136756897,0.8105350136756897,4166323
2013-02-25,0.8105350136756897,0.8193449974060059,0.8017249703407288,0.8105350136756897,0.8105350136756897,5329184
2013-02-26,0.8017249703407288,0.8017249703407288,0.7664840221405029,0.7752940058708191,0.7752940058708191,8532755
2013-02-27,0.7841039896011353,0.7841039896011353,0.757673978805542,0.7752940058708191,0.7752940058708191,7521310
2013-02-28,0.7841039896011353,0.7929139733314514,0.7752940058708191,0.7841039896011353,0.7841039896011353,8519021
2013-03-01,0.7841039896011353,0.7841039896011353,0.7752940058708191,0.7752940058708191,0.7752940058708191,5352339
2013-03-04,0.7752940058708191,0.7752940058708191,0.7488639950752258,0.757673978805542,0.757673978805542,4621252
2013-03-05,0.757673978805542,0.7664840221405029,0.7400529980659485,0.757673978805542,0.757673978805542,3867123
2013-03-06,0.7752940058708191,0.7841039896011353,0.7664840221405029,0.7752940058708191,0.7752940058708191,3704810
2013-03-07,0.7841039896011353,0.7841039896011353,0.7664840221405029,0.7752940058708191,0.7752940058708191,1753655
2013-03-08,0.7664840221405029,0.7841039896011353,0.7664840221405029,0.7664840221405029,0.7664840221405029,2479521
2013-03-11,0.7664840221405029,0.7841039896011353,0.7664840221405029,0.7664840221405029,0.7664840221405029,2781039
2013-03-12,0.7752940058708191,0.7752940058708191,0.7224329710006714,0.7400529980659485,0.7400529980659485,9595845
2013-03-13,0.7400529980659485,0.7488639950752258,0.7312430143356323,0.7400529980659485,0.7400529980659485,6870471
2013-03-14,0.7400529980659485,0.7400529980659485,0.7136229872703552,0.7400529980659485,0.7400529980659485,4547587
2013-03-15,0.7400529980659485,0.7488639950752258,0.7312430143356323,0.7312430143356323,0.7312430143356323,3221846
2013-03-18,0.7224329710006714,0.7224329710006714,0.6783819794654846,0.6871920228004456,0.6871920228004456,6581600
2013-03-19,0.6960030198097229,0.7136229872703552,0.6960030198097229,0.6960030198097229,0.6960030198097229,2532301
2013-03-20,0.7136229872703552,0.7224329710006714,0.6960030198097229,0.7224329710006714,0.7224329710006714,4263143
2013-03-21,0.7224329710006714,0.7224329710006714,0.7048130035400391,0.7048130035400391,0.7048130035400391,1825618
2013-03-22,0.7048130035400391,0.7136229872703552,0.6871920228004456,0.7048130035400391,0.7048130035400391,1767844
2013-03-25,0.6960030198097229,0.7048130035400391,0.6871920228004456,0.7048130035400391,0.7048130035400391,1260362
2013-03-26,0.7048130035400391,0.7048130035400391,0.6783819794654846,0.6783819794654846,0.6783819794654846,3336486
2013-03-27,0.6871920228004456,0.7048130035400391,0.6871920228004456,0.6960030198097229,0.6960030198097229,1869544
2013-03-28,0.6871920228004456,0.6871920228004456,0.6695719957351685,0.6871920228004456,0.6871920228004456,1970450
2013-04-02,0.6607620120048523,0.6783819794654846,0.6079009771347046,0.6255210041999817,0.6255210041999817,7385218
2013-04-03,0.6343309879302979,0.6431419849395752,0.6167110204696655,0.6255210041999817,0.6255210041999817,2241955
2013-04-05,0.6167110204696655,0.6255210041999817,0.5638499855995178,0.5814700126647949,0.5814700126647949,5178676
2013-04-08,0.5726600289344788,0.5726600289344788,0.5286089777946472,0.5374199748039246,0.5374199748039246,3928756
2013-04-09,0.5374199748039246,0.5638499855995178,0.5374199748039246,0.5550400018692017,0.5550400018692017,2895518
2013-04-10,0.5550400018692017,0.5814700126647949,0.5550400018692017,0.5726600289344788,0.5726600289344788,3510716
2013-04-11,0.5814700126647949,0.5902810096740723,0.5726600289344788,0.5902810096740723,0.5902810096740723,3408221
2013-04-12,0.5902810096740723,0.5902810096740723,0.5726600289344788,0.5726600289344788,0.5726600289344788,1290781
2013-04-15,0.5638499855995178,0.5638499855995178,0.5462300181388855,0.5550400018692017,0.5550400018692017,1734132
2013-04-16,0.5462300181388855,0.5638499855995178,0.5374199748039246,0.5550400018692017,0.5550400018692017,2012447
2013-04-17,0.5550400018692017,0.5638499855995178,0.5462300181388855,0.5550400018692017,0.5550400018692017,1982936
2013-04-18,0.5638499855995178,0.5638499855995178,0.5374199748039246,0.5462300181388855,0.5462300181388855,3165723
2013-04-19,0.5462300181388855,0.5462300181388855,0.5286089777946472,0.5462300181388855,0.5462300181388855,6090690
2013-04-22,0.5550400018692017,0.5550400018692017,0.5374199748039246,0.5462300181388855,0.5462300181388855,777624
2013-04-23,0.5462300181388855,0.5550400018692017,0.5374199748039246,0.5374199748039246,0.5374199748039246,1947409
2013-04-24,0.5374199748039246,0.6343309879302979,0.5374199748039246,0.6343309879302979,0.6343309879302979,15898678
2013-04-25,0.6255210041999817,0.6695719957351685,0.6255210041999817,0.6519520282745361,0.6519520282745361,12668886
2013-04-26,0.6607620120048523,0.6695719957351685,0.6255210041999817,0.6343309879302979,0.6343309879302979,4989690
2013-04-29,0.6343309879302979,0.6519520282745361,0.6079009771347046,0.6167110204696655,0.6167110204696655,2450010
2013-04-30,0.6167110204696655,0.6343309879302979,0.6079009771347046,0.6255210041999817,0.6255210041999817,2513005
2013-05-02,0.6079009771347046,0.6343309879302979,0.6079009771347046,0.6343309879302979,0.6343309879302979,1918805
2013-05-03,0.6343309879302979,0.6519520282745361,0.6167110204696655,0.6343309879302979,0.6343309879302979,2931840
2013-05-06,0.6431419849395752,0.6607620120048523,0.6343309879302979,0.6607620120048523,0.6607620120048523,12629727
2013-05-07,0.6607620120048523,0.6607620120048523,0.6431419849395752,0.6519520282745361,0.6519520282745361,3044777
2013-05-08,0.6519520282745361,0.6695719957351685,0.6431419849395752,0.6519520282745361,0.6519520282745361,2940353
2013-05-09,0.6519520282745361,0.6519520282745361,0.6431419849395752,0.6431419849395752,0.6431419849395752,2296097
2013-05-10,0.6431419849395752,0.6519520282745361,0.6343309879302979,0.6431419849395752,0.6431419849395752,2454891
2013-05-13,0.6431419849395752,0.6783819794654846,0.6167110204696655,0.6783819794654846,0.6783819794654846,10320917
2013-05-14,0.6783819794654846,0.6783819794654846,0.6519520282745361,0.6607620120048523,0.6607620120048523,4302983
2013-05-15,0.6695719957351685,0.6871920228004456,0.6607620120048523,0.6695719957351685,0.6695719957351685,5845519
2013-05-16,0.6607620120048523,0.6695719957351685,0.6519520282745361,0.6607620120048523,0.6607620120048523,3622746
2013-05-20,0.6607620120048523,0.6607620120048523,0.6431419849395752,0.6519520282745361,0.6519520282745361,3825920
2013-05-21,0.6431419849395752,0.6607620120048523,0.6431419849395752,0.6607620120048523,0.6607620120048523,3517413
2013-05-22,0.6607620120048523,0.6695719957351685,0.6431419849395752,0.6519520282745361,0.6519520282745361,1127333
2013-05-23,0.6431419849395752,0.6431419849395752,0.6255210041999817,0.6255210041999817,0.6255210041999817,2957946
2013-05-24,0.6255210041999817,0.6431419849395752,0.6255210041999817,0.6431419849395752,0.6431419849395752,1176254
2013-05-27,0.6431419849395752,0.6519520282745361,0.6343309879302979,0.6431419849395752,0.6431419849395752,1834244
2013-05-28,0.6607620120048523,0.6607620120048523,0.6343309879302979,0.6431419849395752,0.6431419849395752,1841622
2013-05-29,0.6431419849395752,0.6431419849395752,0.6167110204696655,0.6167110204696655,0.6167110204696655,3383363
2013-05-30,0.6167110204696655,0.6255210041999817,0.6167110204696655,0.6167110204696655,0.6167110204696655,1071148
2013-05-31,0.6255210041999817,0.6431419849395752,0.6167110204696655,0.6167110204696655,0.6167110204696655,1358090
2013-06-03,0.6079009771347046,0.6167110204696655,0.5990909934043884,0.5990909934043884,0.5990909934043884,1341064
2013-06-04,0.5990909934043884,0.6167110204696655,0.5990909934043884,0.6167110204696655,0.6167110204696655,1035167
2013-06-05,0.6079009771347046,0.6079009771347046,0.5902810096740723,0.5902810096740723,0.5902810096740723,1422334
2013-06-06,0.5990909934043884,0.6079009771347046,0.5814700126647949,0.5902810096740723,0.5902810096740723,2347288
2013-06-07,0.5990909934043884,0.5990909934043884,0.5726600289344788,0.5726600289344788,0.5726600289344788,2445924
2013-06-10,0.5902810096740723,0.6079009771347046,0.5726600289344788,0.5902810096740723,0.5902810096740723,2552165
2013-06-11,0.5902810096740723,0.5902810096740723,0.5374199748039246,0.5462300181388855,0.5462300181388855,4522048
2013-06-13,0.5374199748039246,0.5638499855995178,0.5286089777946472,0.5550400018692017,0.5550400018692017,4024328
2013-06-14,0.5638499855995178,0.5726600289344788,0.5462300181388855,0.5638499855995178,0.5638499855995178,1646620
2013-06-17,0.5726600289344788,0.5726600289344788,0.5550400018692017,0.5550400018692017,0.5550400018692017,1307012
2013-06-18,0.5462300181388855,0.5550400018692017,0.5462300181388855,0.5550400018692017,0.5550400018692017,805887
2013-06-19,0.5462300181388855,0.5550400018692017,0.5462300181388855,0.5550400018692017,0.5550400018692017,752993
2013-06-20,0.5462300181388855,0.5638499855995178,0.5374199748039246,0.5462300181388855,0.5462300181388855,2142978
2013-06-21,0.5286089777946472,0.5550400018692017,0.5286089777946472,0.5550400018692017,0.5550400018692017,1261043
2013-06-24,0.5550400018692017,0.5814700126647949,0.5462300181388855,0.5638499855995178,0.5638499855995178,3659976
2013-06-25,0.5638499855995178,0.5726600289344788,0.5286089777946472,0.5462300181388855,0.5462300181388855,2738313
2013-06-26,0.5462300181388855,0.5638499855995178,0.5462300181388855,0.5638499855995178,0.5638499855995178,1778854
2013-06-27,0.5726600289344788,0.5726600289344788,0.5462300181388855,0.5550400018692017,0.5550400018692017,1351847
2013-06-28,0.5550400018692017,0.5638499855995178,0.5462300181388855,0.5550400018692017,0.5550400018692017,1299067
2013-07-02,0.5550400018692017,0.5550400018692017,0.5462300181388855,0.5462300181388855,0.5462300181388855,853559
2013-07-03,0.5638499855995178,0.6343309879302979,0.5638499855995178,0.5638499855995178,0.5638499855995178,13986568
2013-07-04,0.5814700126647949,0.5902810096740723,0.5462300181388855,0.5550400018692017,0.5550400018692017,2036283
2013-07-05,0.5638499855995178,0.5814700126647949,0.5638499855995178,0.5726600289344788,0.5726600289344788,3055560
2013-07-08,0.5638499855995178,0.5638499855995178,0.5462300181388855,0.5550400018692017,0.5550400018692017,1300202
2013-07-09,0.5550400018692017,0.5550400018692017,0.5462300181388855,0.5550400018692017,0.5550400018692017,2040937
2013-07-10,0.5462300181388855,0.5550400018692017,0.5286089777946472,0.5374199748039246,0.5374199748039246,1708594
2013-07-11,0.5462300181388855,0.5550400018692017,0.5462300181388855,0.5462300181388855,0.5462300181388855,2268402
2013-07-12,0.5462300181388855,0.5638499855995178,0.5462300181388855,0.5462300181388855,0.5462300181388855,2449329
2013-07-15,0.5462300181388855,0.5550400018692017,0.5462300181388855,0.5462300181388855,0.5462300181388855,4773235
2013-07-16,0.5550400018692017,0.5638499855995178,0.5462300181388855,0.5462300181388855,0.5462300181388855,1268988
2013-07-17,0.5550400018692017,0.5550400018692017,0.5462300181388855,0.5462300181388855,0.5462300181388855,1254232
2013-07-18,0.5550400018692017,0.5550400018692017,0.5374199748039246,0.5462300181388855,0.5462300181388855,1725960
2013-07-19,0.5462300181388855,0.5462300181388855,0.5286089777946472,0.5462300181388855,0.5462300181388855,2495185
2013-07-22,0.5374199748039246,0.5462300181388855,0.5286089777946472,0.5286089777946472,0.5286089777946472,4260986
2013-07-23,0.5374199748039246,0.5550400018692017,0.5286089777946472,0.5374199748039246,0.5374199748039246,7040729
2013-07-24,0.5374199748039246,0.5462300181388855,0.5286089777946472,0.5462300181388855,0.5462300181388855,5865950
2013-07-25,0.5462300181388855,0.5462300181388855,0.5286089777946472,0.5374199748039246,0.5374199748039246,2333569
2013-07-26,0.5374199748039246,0.5462300181388855,0.5286089777946472,0.5374199748039246,0.5374199748039246,4660978
2013-07-29,0.5286089777946472,0.5286089777946472,0.519798994064331,0.5286089777946472,0.5286089777946472,3430695
2013-07-30,0.5286089777946472,0.5374199748039246,0.519798994064331,0.5374199748039246,0.5374199748039246,5779686
2013-07-31,0.5550400018692017,0.5990909934043884,0.5550400018692017,0.5814700126647949,0.5814700126647949,36802347
2013-08-01,0.5726600289344788,0.5726600289344788,0.5462300181388855,0.5462300181388855,0.5462300181388855,7067403
2013-08-02,0.5550400018692017,0.5726600289344788,0.5462300181388855,0.5550400018692017,0.5550400018692017,5502733
2013-08-05,0.5550400018692017,0.5550400018692017,0.5374199748039246,0.5462300181388855,0.5462300181388855,3660089
2013-08-06,0.5462300181388855,0.5550400018692017,0.5374199748039246,0.5462300181388855,0.5462300181388855,2376799
2013-08-07,0.5462300181388855,0.5462300181388855,0.5374199748039246,0.5374199748039246,0.5374199748039246,2170787
2013-08-08,0.5374199748039246,0.5462300181388855,0.5374199748039246,0.5374199748039246,0.5374199748039246,2519816
2013-08-09,0.5374199748039246,0.5462300181388855,0.5286089777946472,0.5374199748039246,0.5374199748039246,1890429
2013-08-12,0.5286089777946472,0.5726600289344788,0.5286089777946472,0.5638499855995178,0.5638499855995178,9123550
2013-08-13,0.5726600289344788,0.5902810096740723,0.5638499855995178,0.5814700126647949,0.5814700126647949,22028528
2013-08-14,0.5814700126647949,0.5814700126647949,0.5814700126647949,0.5814700126647949,0.5814700126647949,0
2013-08-15,0.5814700126647949,0.5814700126647949,0.5550400018692017,0.5550400018692017,0.5550400018692017,3715026
2013-08-16,0.5550400018692017,0.5550400018692017,0.5462300181388855,0.5462300181388855,0.5462300181388855,2423336
2013-08-19,0.5462300181388855,0.5638499855995178,0.5462300181388855,0.5550400018692017,0.5550400018692017,4170295
2013-08-20,0.5462300181388855,0.5550400018692017,0.5374199748039246,0.5374199748039246,0.5374199748039246,5040880
2013-08-21,0.5374199748039246,0.5462300181388855,0.5374199748039246,0.5462300181388855,0.5462300181388855,1483740
2013-08-22,0.5374199748039246,0.5550400018692017,0.5374199748039246,0.5462300181388855,0.5462300181388855,2895518
2013-08-23,0.5550400018692017,0.5550400018692017,0.5374199748039246,0.5374199748039246,0.5374199748039246,1341631
2013-08-26,0.5462300181388855,0.5550400018692017,0.5374199748039246,0.5462300181388855,0.5462300181388855,1176368
2013-08-27,0.5462300181388855,0.5638499855995178,0.5374199748039246,0.5550400018692017,0.5550400018692017,6050509
2013-08-28,0.5726600289344788,0.5902810096740723,0.5550400018692017,0.5638499855995178,0.5638499855995178,16936002
2013-08-29,0.5638499855995178,0.5726600289344788,0.5462300181388855,0.5550400018692017,0.5550400018692017,3499025
2013-08-30,0.5638499855995178,0.5638499855995178,0.5462300181388855,0.5462300181388855,0.5462300181388855,3186205
2013-09-02,0.5550400018692017,0.5550400018692017,0.5462300181388855,0.5462300181388855,0.5462300181388855,1579311
2013-09-03,0.5462300181388855,0.5462300181388855,0.5374199748039246,0.5462300181388855,0.5462300181388855,6157885
2013-09-04,0.5462300181388855,0.5550400018692017,0.5462300181388855,0.5550400018692017,0.5550400018692017,2099279
2013-09-05,0.5550400018692017,0.5550400018692017,0.5374199748039246,0.5550400018692017,0.5550400018692017,3896634
2013-09-06,0.5462300181388855,0.5550400018692017,0.5374199748039246,0.5550400018692017,0.5550400018692017,878530
2013-09-09,0.5550400018692017,0.5550400018692017,0.5462300181388855,0.5462300181388855,0.5462300181388855,1371143
2013-09-10,0.5462300181388855,0.5550400018692017,0.5374199748039246,0.5462300181388855,0.5462300181388855,5447910
2013-09-11,0.5462300181388855,0.5462300181388855,0.5462300181388855,0.5462300181388855,0.5462300181388855,3277577
2013-09-12,0.5462300181388855,0.5638499855995178,0.5374199748039246,0.5550400018692017,0.5550400018692017,9300732
2013-09-13,0.5550400018692017,0.5550400018692017,0.5374199748039246,0.5462300181388855,0.5462300181388855,2594729
2013-09-16,0.5462300181388855,0.5550400018692017,0.5374199748039246,0.5374199748039246,0.5374199748039246,2708234
2013-09-17,0.5374199748039246,0.5462300181388855,0.5286089777946472,0.5374199748039246,0.5374199748039246,3649760
2013-09-18,0.5374199748039246,0.5462300181388855,0.5286089777946472,0.5374199748039246,0.5374199748039246,1852632
2013-09-19,0.5374199748039246,0.5462300181388855,0.5286089777946472,0.5374199748039246,0.5374199748039246,3611169
2013-09-23,0.5374199748039246,0.5462300181388855,0.5286089777946472,0.5462300181388855,0.5462300181388855,1344469
2013-09-24,0.5286089777946472,0.5462300181388855,0.5286089777946472,0.5374199748039246,0.5374199748039246,1159455
2013-09-25,0.5374199748039246,0.5462300181388855,0.5286089777946472,0.5286089777946472,0.5286089777946472,6440173
2013-09-26,0.5286089777946472,0.5374199748039246,0.5286089777946472,0.5374199748039246,0.5374199748039246,1399519
2013-09-27,0.5374199748039246,0.5462300181388855,0.5286089777946472,0.5374199748039246,0.5374199748039246,2303361
2013-09-30,0.5374199748039246,0.5374199748039246,0.519798994064331,0.5286089777946472,0.5286089777946472,4061557
2013-10-02,0.5286089777946472,0.5374199748039246,0.519798994064331,0.519798994064331,0.519798994064331,4614555
2013-10-03,0.5374199748039246,0.5726600289344788,0.5374199748039246,0.5462300181388855,0.5462300181388855,18274456
2013-10-04,0.5550400018692017,0.5638499855995178,0.5462300181388855,0.5550400018692017,0.5550400018692017,11908401
2013-10-07,0.5638499855995178,0.5638499855995178,0.5374199748039246,0.5550400018692017,0.5550400018692017,3569058
2013-10-08,0.5462300181388855,0.5550400018692017,0.5374199748039246,0.5462300181388855,0.5462300181388855,3814910
2013-10-09,0.5374199748039246,0.5462300181388855,0.5374199748039246,0.5462300181388855,0.5462300181388855,3136376
2013-10-10,0.5462300181388855,0.5462300181388855,0.5374199748039246,0.5374199748039246,0.5374199748039246,1225175
2013-10-11,0.5462300181388855,0.5550400018692017,0.5374199748039246,0.5550400018692017,0.5550400018692017,7956149
2013-10-15,0.5462300181388855,0.5550400018692017,0.5374199748039246,0.5462300181388855,0.5462300181388855,6626549
2013-10-16,0.5462300181388855,0.5462300181388855,0.5374199748039246,0.5462300181388855,0.5462300181388855,3488015
2013-10-17,0.5462300181388855,0.5462300181388855,0.5286089777946472,0.5374199748039246,0.5374199748039246,11221581
2013-10-18,0.5462300181388855,0.5462300181388855,0.5286089777946472,0.5374199748039246,0.5374199748039246,5326573
2013-10-21,0.5374199748039246,0.5462300181388855,0.5374199748039246,0.5462300181388855,0.5462300181388855,6981139
2013-10-22,0.5462300181388855,0.5550400018692017,0.5374199748039246,0.5462300181388855,0.5462300181388855,6388351
2013-10-23,0.5550400018692017,0.5638499855995178,0.5462300181388855,0.5462300181388855,0.5462300181388855,17832239
2013-10-24,0.5550400018692017,0.5638499855995178,0.5374199748039246,0.5550400018692017,0.5550400018692017,12831312
2013-10-25,0.5550400018692017,0.5638499855995178,0.5462300181388855,0.5638499855995178,0.5638499855995178,12237339
2013-10-28,0.5638499855995178,0.5990909934043884,0.5638499855995178,0.5902810096740723,0.5902810096740723,23629762
2013-10-29,0.5902810096740723,0.6255210041999817,0.5814700126647949,0.6255210041999817,0.6255210041999817,49399747
2013-10-30,0.6431419849395752,0.6431419849395752,0.5990909934043884,0.6079009771347046,0.6079009771347046,41712151
2013-10-31,0.6167110204696655,0.6167110204696655,0.5902810096740723,0.5990909934043884,0.5990909934043884,15507766
2013-11-01,0.5902810096740723,0.6255210041999817,0.5902810096740723,0.6079009771347046,0.6079009771347046,18791926
2013-11-04,0.6167110204696655,0.6167110204696655,0.5902810096740723,0.5902810096740723,0.5902810096740723,6637786
2013-11-05,0.5902810096740723,0.5990909934043884,0.5814700126647949,0.5902810096740723,0.5902810096740723,4401392
2013-11-06,0.5902810096740723,0.6079009771347046,0.5814700126647949,0.5902810096740723,0.5902810096740723,8680312
2013-11-07,0.5902810096740723,0.5990909934043884,0.5902810096740723,0.5990909934043884,0.5990909934043884,3011861
2013-11-08,0.5902810096740723,0.5990909934043884,0.5814700126647949,0.5902810096740723,0.5902810096740723,7745029
2013-11-11,0.5902810096740723,0.5902810096740723,0.5726600289344788,0.5814700126647949,0.5814700126647949,3342275
2013-11-12,0.5814700126647949,0.5902810096740723,0.5726600289344788,0.5814700126647949,0.5814700126647949,5536217
2013-11-13,0.5814700126647949,0.5814700126647949,0.5638499855995178,0.5638499855995178,0.5638499855995178,5170163
2013-11-14,0.5550400018692017,0.5726600289344788,0.5550400018692017,0.5638499855995178,0.5638499855995178,2625943
2013-11-15,0.5638499855995178,0.5726600289344788,0.5638499855995178,0.5726600289344788,0.5726600289344788,4569607
2013-11-18,0.5726600289344788,0.5814700126647949,0.5550400018692017,0.5726600289344788,0.5726600289344788,6122245
2013-11-19,0.5902810096740723,0.6343309879302979,0.5814700126647949,0.5902810096740723,0.5902810096740723,29430204
2013-11-20,0.5902810096740723,0.5990909934043884,0.5726600289344788,0.5726600289344788,0.5726600289344788,6600556
2013-11-21,0.5726600289344788,0.5902810096740723,0.5726600289344788,0.5814700126647949,0.5814700126647949,6341196
2013-11-22,0.5902810096740723,0.5902810096740723,0.5726600289344788,0.5814700126647949,0.5814700126647949,7362407
2013-11-25,0.5902810096740723,0.5990909934043884,0.5726600289344788,0.5814700126647949,0.5814700126647949,5493085
2013-11-26,0.5814700126647949,0.5902810096740723,0.5726600289344788,0.5726600289344788,0.5726600289344788,6135525
2013-11-27,0.5638499855995178,0.5726600289344788,0.5550400018692017,0.5638499855995178,0.5638499855995178,4306956
2013-11-28,0.5638499855995178,0.5638499855995178,0.5550400018692017,0.5550400018692017,0.5550400018692017,3156467
2013-11-29,0.5638499855995178,0.5726600289344788,0.5550400018692017,0.5638499855995178,0.5638499855995178,2666010
2013-12-02,0.5638499855995178,0.5726600289344788,0.5550400018692017,0.5726600289344788,0.5726600289344788,2247971
2013-12-03,0.5638499855995178,0.5638499855995178,0.5550400018692017,0.5638499855995178,0.5638499855995178,4741681
2013-12-04,0.5550400018692017,0.5638499855995178,0.5550400018692017,0.5638499855995178,0.5638499855995178,4452356
2013-12-05,0.6079009771347046,0.6255210041999817,0.5814700126647949,0.5902810096740723,0.5902810096740723,50740471
2013-12-06,0.5726600289344788,0.5902810096740723,0.5638499855995178,0.5638499855995178,0.5638499855995178,23014593
2013-12-09,0.5726600289344788,0.5814700126647949,0.5638499855995178,0.5638499855995178,0.5638499855995178,4339305
2013-12-10,0.5638499855995178,0.5638499855995178,0.5550400018692017,0.5638499855995178,0.5638499855995178,26943191
2013-12-11,0.5550400018692017,0.5638499855995178,0.5462300181388855,0.5550400018692017,0.5550400018692017,4308318
2013-12-12,0.5550400018692017,0.5638499855995178,0.5462300181388855,0.5550400018692017,0.5550400018692017,8812319
2013-12-13,0.5462300181388855,0.5550400018692017,0.5374199748039246,0.5462300181388855,0.5462300181388855,10604226
2013-12-16,0.5550400018692017,0.5638499855995178,0.5462300181388855,0.5550400018692017,0.5550400018692017,11060290
2013-12-17,0.5550400018692017,0.5638499855995178,0.5462300181388855,0.5462300181388855,0.5462300181388855,1482378
2013-12-18,0.5550400018692017,0.5550400018692017,0.5462300181388855,0.5462300181388855,0.5462300181388855,10878341
2013-12-19,0.5462300181388855,0.5550400018692017,0.5286089777946472,0.5374199748039246,0.5374199748039246,5388093
2013-12-20,0.5374199748039246,0.5374199748039246,0.519798994064331,0.5286089777946472,0.5286089777946472,36908496
2013-12-23,0.5286089777946472,0.5374199748039246,0.519798994064331,0.519798994064331,0.519798994064331,4781294
2013-12-24,0.519798994064331,0.5286089777946472,0.5109890103340149,0.5286089777946472,0.5286089777946472,3253400
2013-12-27,0.5286089777946472,0.5286089777946472,0.5109890103340149,0.5286089777946472,0.5286089777946472,2481791
2013-12-30,0.5286089777946472,0.5374199748039246,0.5286089777946472,0.5374199748039246,0.5374199748039246,3453964
2013-12-31,0.5374199748039246,0.5462300181388855,0.5286089777946472,0.5374199748039246,0.5374199748039246,3419912
2014-01-02,0.5462300181388855,0.5462300181388855,0.519798994064331,0.519798994064331,0.519798994064331,7674996
2014-01-03,0.519798994064331,0.5286089777946472,0.519798994064331,0.519798994064331,0.519798994064331,6224626
2014-01-06,0.519798994064331,0.519798994064331,0.5109890103340149,0.519798994064331,0.519798994064331,4825674
2014-01-07,0.519798994064331,0.519798994064331,0.5109890103340149,0.519798994064331,0.519798994064331,2733773
2014-01-08,0.5109890103340149,0.5286089777946472,0.5109890103340149,0.519798994064331,0.519798994064331,5944382
2014-01-09,0.5109890103340149,0.519798994064331,0.5021790266036987,0.5109890103340149,0.5109890103340149,6770473
2014-01-10,0.5109890103340149,0.519798994064331,0.5109890103340149,0.5109890103340149,0.5109890103340149,3246476
2014-01-13,0.5109890103340149,0.519798994064331,0.5021790266036987,0.5021790266036987,0.5021790266036987,3535006
2014-01-14,0.5021790266036987,0.5109890103340149,0.5021790266036987,0.5109890103340149,0.5109890103340149,2465333
2014-01-15,0.5109890103340149,0.519798994064331,0.5021790266036987,0.5109890103340149,0.5109890103340149,2438659
2014-01-16,0.5109890103340149,0.5462300181388855,0.5109890103340149,0.519798994064331,0.519798994064331,10251792
2014-01-17,0.5286089777946472,0.5286089777946472,0.519798994064331,0.5286089777946472,0.5286089777946472,4724428
2014-01-20,0.519798994064331,0.519798994064331,0.5021790266036987,0.5021790266036987,0.5021790266036987,2774067
2014-01-21,0.5021790266036987,0.519798994064331,0.5021790266036987,0.5109890103340149,0.5109890103340149,3330811
2014-01-22,0.5109890103340149,0.5109890103340149,0.5021790266036987,0.5021790266036987,0.5021790266036987,5788199
2014-01-23,0.5109890103340149,0.5109890103340149,0.5021790266036987,0.5021790266036987,0.5021790266036987,2910274
2014-01-24,0.5021790266036987,0.5021790266036987,0.4933690130710602,0.5021790266036987,0.5021790266036987,2748642
2014-01-27,0.4933690130710602,0.4933690130710602,0.46693798899650574,0.4757480025291443,0.4757480025291443,6008399
2014-01-28,0.46693798899650574,0.4757480025291443,0.4581280052661896,0.46693798899650574,0.46693798899650574,4612171
2014-01-29,0.4757480025291443,0.48455899953842163,0.46693798899650574,0.4757480025291443,0.4757480025291443,2790526
2014-01-30,0.46693798899650574,0.4757480025291443,0.4581280052661896,0.46693798899650574,0.46693798899650574,2914246
2014-02-04,0.4581280052661896,0.4581280052661896,0.449317991733551,0.4581280052661896,0.4581280052661896,3596413
2014-02-05,0.4581280052661896,0.46693798899650574,0.44050800800323486,0.4581280052661896,0.4581280052661896,3725241
2014-02-06,0.449317991733551,0.4581280052661896,0.44050800800323486,0.4581280052661896,0.4581280052661896,1313255
2014-02-07,0.449317991733551,0.46693798899650574,0.449317991733551,0.46693798899650574,0.46693798899650574,2459658
2014-02-10,0.4581280052661896,0.46693798899650574,0.449317991733551,0.46693798899650574,0.46693798899650574,1864323
2014-02-11,0.46693798899650574,0.4757480025291443,0.4581280052661896,0.46693798899650574,0.46693798899650574,2522313
2014-02-12,0.46693798899650574,0.4757480025291443,0.4581280052661896,0.46693798899650574,0.46693798899650574,2619700
2014-02-13,0.4581280052661896,0.46693798899650574,0.449317991733551,0.449317991733551,0.449317991733551,2781672
2014-02-14,0.4581280052661896,0.4757480025291443,0.449317991733551,0.46693798899650574,0.46693798899650574,3506176
2014-02-17,0.46693798899650574,0.46693798899650574,0.4581280052661896,0.4581280052661896,0.4581280052661896,3458504
2014-02-18,0.4581280052661896,0.5021790266036987,0.4581280052661896,0.4933690130710602,0.4933690130710602,12696127
2014-02-19,0.4933690130710602,0.5021790266036987,0.4757480025291443,0.48455899953842163,0.48455899953842163,6792720
2014-02-20,0.4757480025291443,0.4933690130710602,0.46693798899650574,0.4757480025291443,0.4757480025291443,3627513
2014-02-21,0.4757480025291443,0.48455899953842163,0.4757480025291443,0.48455899953842163,0.48455899953842163,3040464
2014-02-24,0.4757480025291443,0.4757480025291443,0.46693798899650574,0.46693798899650574,0.46693798899650574,1676472
2014-02-25,0.46693798899650574,0.4757480025291443,0.46693798899650574,0.46693798899650574,0.46693798899650574,1496566
2014-02-26,0.46693798899650574,0.46693798899650574,0.449317991733551,0.4581280052661896,0.4581280052661896,4057812
2014-02-27,0.46693798899650574,0.4757480025291443,0.4581280052661896,0.4757480025291443,0.4757480025291443,3347269
2014-02-28,0.46693798899650574,0.46693798899650574,0.4581280052661896,0.46693798899650574,0.46693798899650574,1697659
2014-03-03,0.4581280052661896,0.46693798899650574,0.4581280052661896,0.4581280052661896,0.4581280052661896,2383836
2014-03-04,0.4581280052661896,0.4757480025291443,0.4581280052661896,0.4581280052661896,0.4581280052661896,2551030
2014-03-05,0.46693798899650574,0.4757480025291443,0.4581280052661896,0.4581280052661896,0.4581280052661896,4535934
2014-03-06,0.4581280052661896,0.46693798899650574,0.4581280052661896,0.4581280052661896,0.4581280052661896,4895480
2014-03-07,0.4581280052661896,0.46693798899650574,0.449317991733551,0.4581280052661896,0.4581280052661896,2040597
2014-03-10,0.4581280052661896,0.4581280052661896,0.449317991733551,0.4581280052661896,0.4581280052661896,3853729
2014-03-11,0.4581280052661896,0.46693798899650574,0.449317991733551,0.46693798899650574,0.46693798899650574,1983844
2014-03-12,0.4581280052661896,0.4581280052661896,0.44050800800323486,0.44050800800323486,0.44050800800323486,6178316
2014-03-13,0.44050800800323486,0.449317991733551,0.4361029863357544,0.44050800800323486,0.44050800800323486,5886494
2014-03-14,0.4361029863357544,0.44050800800323486,0.40967199206352234,0.42288699746131897,0.42288699746131897,6691133
2014-03-17,0.4184820055961609,0.4184820055961609,0.40526700019836426,0.4184820055961609,0.4184820055961609,5114545
2014-03-18,0.42288699746131897,0.44050800800323486,0.40967199206352234,0.44050800800323486,0.44050800800323486,4167344
2014-03-19,0.42729300260543823,0.44050800800323486,0.42288699746131897,0.44050800800323486,0.44050800800323486,5021471
2014-03-20,0.42288699746131897,0.44050800800323486,0.4184820055961609,0.44050800800323486,0.44050800800323486,3408562
2014-03-21,0.4316979944705963,0.44050800800323486,0.42729300260543823,0.44050800800323486,0.44050800800323486,2204839
2014-03-24,0.4316979944705963,0.44050800800323486,0.42729300260543823,0.4316979944705963,0.4316979944705963,1810975
2014-03-25,0.4316979944705963,0.44050800800323486,0.4316979944705963,0.4316979944705963,0.4316979944705963,989992
2014-03-26,0.4316979944705963,0.4316979944705963,0.42288699746131897,0.42729300260543823,0.42729300260543823,1517564
2014-03-27,0.42288699746131897,0.42288699746131897,0.40967199206352234,0.42288699746131897,0.42288699746131897,3489718
2014-03-28,0.4140770137310028,0.42288699746131897,0.4140770137310028,0.4184820055961609,0.4184820055961609,2076010
2014-03-31,0.4184820055961609,0.4184820055961609,0.40967199206352234,0.4184820055961609,0.4184820055961609,2509600
2014-04-01,0.42288699746131897,0.42288699746131897,0.40526700019836426,0.4140770137310028,0.4140770137310028,6503849
2014-04-02,0.40526700019836426,0.4140770137310028,0.40526700019836426,0.40967199206352234,0.40967199206352234,4642931
2014-04-03,0.40967199206352234,0.42288699746131897,0.40526700019836426,0.4184820055961609,0.4184820055961609,5180038
2014-04-04,0.4140770137310028,0.4184820055961609,0.40967199206352234,0.40967199206352234,0.40967199206352234,3323433
2014-04-07,0.40526700019836426,0.40967199206352234,0.3964569866657257,0.4008620083332062,0.4008620083332062,4579936
2014-04-08,0.3964569866657257,0.4008620083332062,0.378836989402771,0.38764700293540955,0.38764700293540955,6386088
2014-04-09,0.38324201107025146,0.4008620083332062,0.378836989402771,0.3964569866657257,0.3964569866657257,4389814
2014-04-10,0.4008620083332062,0.4008620083332062,0.38764700293540955,0.3920519948005676,0.3920519948005676,1661716
2014-04-11,0.3964569866657257,0.3964569866657257,0.38324201107025146,0.38764700293540955,0.38764700293540955,1931461
2014-04-14,0.378836989402771,0.38324201107025146,0.3744319975376129,0.378836989402771,0.378836989402771,3274285
2014-04-15,0.378836989402771,0.38764700293540955,0.3744319975376129,0.378836989402771,0.378836989402771,4192883
2014-04-16,0.3744319975376129,0.378836989402771,0.3435960114002228,0.35240599513053894,0.35240599513053894,8077599
2014-04-17,0.356810986995697,0.356810986995697,0.34800100326538086,0.35240599513053894,0.35240599513053894,5552562
2014-04-22,0.35240599513053894,0.35240599513053894,0.3435960114002228,0.34800100326538086,0.34800100326538086,1337091
2014-04-23,0.3435960114002228,0.356810986995697,0.3435960114002228,0.356810986995697,0.356810986995697,5986606
2014-04-24,0.356810986995697,0.4140770137310028,0.34800100326538086,0.4008620083332062,0.4008620083332062,11678553
2014-04-25,0.3964569866657257,0.3964569866657257,0.36562100052833557,0.3744319975376129,0.3744319975376129,7607120
2014-04-28,0.356810986995697,0.36562100052833557,0.34800100326538086,0.356810986995697,0.356810986995697,5783902
2014-04-29,0.34800100326538086,0.3612160086631775,0.34800100326538086,0.35240599513053894,0.35240599513053894,1363197
2014-04-30,0.35240599513053894,0.35240599513053894,0.3435960114002228,0.34800100326538086,0.34800100326538086,2037418
2014-05-02,0.34800100326538086,0.356810986995697,0.33478599786758423,0.33478599786758423,0.33478599786758423,4770624
2014-05-05,0.3435960114002228,0.356810986995697,0.33478599786758423,0.3391909897327423,0.3391909897327423,2642401
2014-05-07,0.3391909897327423,0.3435960114002228,0.33478599786758423,0.3391909897327423,0.3391909897327423,2018123
2014-05-08,0.33478599786758423,0.33478599786758423,0.32597601413726807,0.32597601413726807,0.32597601413726807,2029473
2014-05-09,0.32597601413726807,0.33478599786758423,0.32597601413726807,0.33478599786758423,0.33478599786758423,1570344
2014-05-12,0.33478599786758423,0.3391909897327423,0.31716498732566833,0.33038100600242615,0.33038100600242615,2620949
2014-05-13,0.33038100600242615,0.33038100600242615,0.31716498732566833,0.32597601413726807,0.32597601413726807,1288965
2014-05-14,0.33038100600242615,0.33478599786758423,0.3215709924697876,0.33038100600242615,0.33038100600242615,1419950
2014-05-15,0.33478599786758423,0.34800100326538086,0.33038100600242615,0.3435960114002228,0.3435960114002228,8612550
2014-05-16,0.3391909897327423,0.3391909897327423,0.33038100600242615,0.33478599786758423,0.33478599786758423,1850021
2014-05-19,0.33038100600242615,0.33478599786758423,0.33038100600242615,0.33038100600242615,0.33038100600242615,876827
2014-05-20,0.33038100600242615,0.3391909897327423,0.32597601413726807,0.33038100600242615,0.33038100600242615,1849000
2014-05-21,0.33038100600242615,0.3391909897327423,0.33038100600242615,0.33038100600242615,0.33038100600242615,2382474
2014-05-22,0.33038100600242615,0.3744319975376129,0.33038100600242615,0.356810986995697,0.356810986995697,21595789
2014-05-23,0.34800100326538086,0.356810986995697,0.3435960114002228,0.35240599513053894,0.35240599513053894,3209928
2014-05-26,0.356810986995697,0.3612160086631775,0.35240599513053894,0.356810986995697,0.356810986995697,4203666
2014-05-27,0.3612160086631775,0.3612160086631775,0.3391909897327423,0.3435960114002228,0.3435960114002228,3435803
2014-05-28,0.3435960114002228,0.34800100326538086,0.3391909897327423,0.3435960114002228,0.3435960114002228,1137322
2014-05-29,0.3391909897327423,0.34800100326538086,0.33038100600242615,0.33478599786758423,0.33478599786758423,1850135
2014-05-30,0.33478599786758423,0.3391909897327423,0.33038100600242615,0.33478599786758423,0.33478599786758423,1786004
2014-06-03,0.33478599786758423,0.34800100326538086,0.33038100600242615,0.3435960114002228,0.3435960114002228,5264940
2014-06-04,0.3391909897327423,0.3435960114002228,0.33478599786758423,0.33478599786758423,0.33478599786758423,653790
2014-06-05,0.33478599786758423,0.36562100052833557,0.33478599786758423,0.36562100052833557,0.36562100052833557,13913471
2014-06-06,0.36562100052833557,0.36562100052833557,0.3435960114002228,0.34800100326538086,0.34800100326538086,9795047
2014-06-09,0.34800100326538086,0.356810986995697,0.3435960114002228,0.34800100326538086,0.34800100326538086,3220710
2014-06-10,0.34800100326538086,0.356810986995697,0.34800100326538086,0.356810986995697,0.356810986995697,1049355
2014-06-11,0.356810986995697,0.38324201107025146,0.35240599513053894,0.37002599239349365,0.37002599239349365,17745408
2014-06-12,0.36562100052833557,0.378836989402771,0.3612160086631775,0.37002599239349365,0.37002599239349365,4976069
2014-06-13,0.37002599239349365,0.37002599239349365,0.3612160086631775,0.36562100052833557,0.36562100052833557,2711072
2014-06-16,0.36562100052833557,0.36562100052833557,0.356810986995697,0.36562100052833557,0.36562100052833557,5765498
2014-06-17,0.36562100052833557,0.3964569866657257,0.3612160086631775,0.3964569866657257,0.3964569866657257,22214109
2014-06-18,0.3964569866657257,0.3964569866657257,0.38324201107025146,0.38324201107025146,0.38324201107025146,5794669
2014-06-19,0.38764700293540955,0.42288699746131897,0.38764700293540955,0.4184820055961609,0.4184820055961609,27126615
2014-06-20,0.42288699746131897,0.42729300260543823,0.40526700019836426,0.4184820055961609,0.4184820055961609,10366432
2014-06-23,0.4184820055961609,0.4184820055961609,0.378836989402771,0.38324201107025146,0.38324201107025146,9048069
2014-06-24,0.378836989402771,0.38764700293540955,0.3744319975376129,0.38324201107025146,0.38324201107025146,3749077
2014-06-25,0.378836989402771,0.38324201107025146,0.3744319975376129,0.38324201107025146,0.38324201107025146,1329146
2014-06-26,0.3744319975376129,0.378836989402771,0.3744319975376129,0.378836989402771,0.378836989402771,1792247
2014-06-27,0.37002599239349365,0.378836989402771,0.37002599239349365,0.378836989402771,0.378836989402771,1076045
2014-06-30,0.3744319975376129,0.378836989402771,0.36562100052833557,0.37002599239349365,0.37002599239349365,821777
2014-07-02,0.3744319975376129,0.378836989402771,0.37002599239349365,0.378836989402771,0.378836989402771,994305
2014-07-03,0.3744319975376129,0.3964569866657257,0.37002599239349365,0.38764700293540955,0.38764700293540955,4132725
2014-07-04,0.38764700293540955,0.3920519948005676,0.378836989402771,0.38764700293540955,0.38764700293540955,2069994
2014-07-07,0.38764700293540955,0.3964569866657257,0.38764700293540955,0.3920519948005676,0.3920519948005676,3050453
2014-07-08,0.38324201107025146,0.38764700293540955,0.38324201107025146,0.38764700293540955,0.38764700293540955,1161726
2014-07-09,0.378836989402771,0.38764700293540955,0.378836989402771,0.38324201107025146,0.38324201107025146,2041959
2014-07-10,0.38324201107025146,0.38324201107025146,0.378836989402771,0.38324201107025146,0.38324201107025146,352433
2014-07-11,0.378836989402771,0.378836989402771,0.37002599239349365,0.3744319975376129,0.3744319975376129,3448288
2014-07-14,0.3744319975376129,0.378836989402771,0.37002599239349365,0.378836989402771,0.378836989402771,1089877
2014-07-15,0.3744319975376129,0.378836989402771,0.36562100052833557,0.378836989402771,0.378836989402771,3201982
2014-07-16,0.37002599239349365,0.378836989402771,0.36562100052833557,0.378836989402771,0.378836989402771,2584514
2014-07-17,0.378836989402771,0.3920519948005676,0.3744319975376129,0.38324201107025146,0.38324201107025146,8657044
2014-07-18,0.378836989402771,0.378836989402771,0.37002599239349365,0.378836989402771,0.378836989402771,1267626
2014-07-21,0.3744319975376129,0.3744319975376129,0.37002599239349365,0.3744319975376129,0.3744319975376129,1258773
2014-07-22,0.37002599239349365,0.38324201107025146,0.37002599239349365,0.378836989402771,0.378836989402771,1320519
2014-07-23,0.37002599239349365,0.378836989402771,0.37002599239349365,0.378836989402771,0.378836989402771,3514689
2014-07-24,0.378836989402771,0.378836989402771,0.36562100052833557,0.3744319975376129,0.3744319975376129,1740148
2014-07-25,0.378836989402771,0.4008620083332062,0.3744319975376129,0.3920519948005676,0.3920519948005676,13249692
2014-07-28,0.38324201107025146,0.3920519948005676,0.378836989402771,0.38764700293540955,0.38764700293540955,3896067
2014-07-29,0.38324201107025146,0.3920519948005676,0.378836989402771,0.38764700293540955,0.38764700293540955,1134144
2014-07-30,0.378836989402771,0.378836989402771,0.31716498732566833,0.32597601413726807,0.32597601413726807,51539775
2014-07-31,0.3215709924697876,0.3435960114002228,0.31716498732566833,0.3391909897327423,0.3391909897327423,10831577
2014-08-01,0.33038100600242615,0.3435960114002228,0.32597601413726807,0.33038100600242615,0.33038100600242615,5020449
2014-08-04,0.32597601413726807,0.3391909897327423,0.3215709924697876,0.33038100600242615,0.33038100600242615,4446567
2014-08-05,0.32597601413726807,0.33038100600242615,0.31716498732566833,0.32597601413726807,0.32597601413726807,7593500
2014-08-06,0.32597601413726807,0.32597601413726807,0.3083550035953522,0.3215709924697876,0.3215709924697876,8225156
2014-08-07,0.31716498732566833,0.31716498732566833,0.31275999546051025,0.31275999546051025,0.31275999546051025,2748529
2014-08-08,0.3083550035953522,0.31275999546051025,0.2995449900627136,0.31275999546051025,0.31275999546051025,7241974
2014-08-11,0.31716498732566833,0.31716498732566833,0.2995449900627136,0.3083550035953522,0.3083550035953522,7031989
2014-08-12,0.3083550035953522,0.3083550035953522,0.29073500633239746,0.29513999819755554,0.29513999819755554,11095931
2014-08-13,0.29513999819755554,0.2995449900627136,0.2863300144672394,0.29513999819755554,0.29513999819755554,5547568
2014-08-14,0.29513999819755554,0.2995449900627136,0.2863300144672394,0.29513999819755554,0.29513999819755554,8015966
2014-08-15,0.29513999819755554,0.31275999546051025,0.29513999819755554,0.31275999546051025,0.31275999546051025,12099544
2014-08-18,0.31716498732566833,0.3215709924697876,0.3083550035953522,0.3215709924697876,0.3215709924697876,10654736
2014-08-19,0.32597601413726807,0.33038100600242615,0.3215709924697876,0.32597601413726807,0.32597601413726807,4054974
2014-08-20,0.32597601413726807,0.33038100600242615,0.3215709924697876,0.32597601413726807,0.32597601413726807,3445110
2014-08-21,0.33038100600242615,0.33038100600242615,0.3215709924697876,0.32597601413726807,0.32597601413726807,2055579
2014-08-22,0.32597601413726807,0.32597601413726807,0.31275999546051025,0.3215709924697876,0.3215709924697876,2751593
2014-08-25,0.3215709924697876,0.32597601413726807,0.3215709924697876,0.3215709924697876,0.3215709924697876,4009912
2014-08-26,0.32597601413726807,0.32597601413726807,0.31716498732566833,0.31716498732566833,0.31716498732566833,3769849
2014-08-27,0.31716498732566833,0.32597601413726807,0.3083550035953522,0.31275999546051025,0.31275999546051025,3389039
2014-08-28,0.31275999546051025,0.31716498732566833,0.3039500117301941,0.31275999546051025,0.31275999546051025,1579198
2014-08-29,0.3039500117301941,0.3083550035953522,0.2995449900627136,0.2995449900627136,0.2995449900627136,2529464
2014-09-01,0.2995449900627136,0.3083550035953522,0.2995449900627136,0.3039500117301941,0.3039500117301941,1725279
2014-09-02,0.3083550035953522,0.31716498732566833,0.3083550035953522,0.31716498732566833,0.31716498732566833,2197461
2014-09-03,0.31716498732566833,0.3215709924697876,0.31275999546051025,0.31716498732566833,0.31716498732566833,4648152
2014-09-04,0.31716498732566833,0.3215709924697876,0.31275999546051025,0.31716498732566833,0.31716498732566833,2400068
2014-09-05,0.3215709924697876,0.3215709924697876,0.31716498732566833,0.3215709924697876,0.3215709924697876,1734813
2014-09-08,0.3215709924697876,0.3215709924697876,0.3083550035953522,0.31716498732566833,0.31716498732566833,833695
2014-09-10,0.31716498732566833,0.37002599239349365,0.31716498732566833,0.3391909897327423,0.3391909897327423,42240291
2014-09-11,0.34800100326538086,0.34800100326538086,0.33038100600242615,0.3435960114002228,0.3435960114002228,11679120
2014-09-12,0.33478599786758423,0.3435960114002228,0.33038100600242615,0.33478599786758423,0.33478599786758423,4074056
2014-09-15,0.33038100600242615,0.33038100600242615,0.31716498732566833,0.32597601413726807,0.32597601413726807,12077524
2014-09-16,0.32597601413726807,0.33478599786758423,0.32597601413726807,0.32597601413726807,0.32597601413726807,3165093
2014-09-17,0.3215709924697876,0.33038100600242615,0.31275999546051025,0.31716498732566833,0.31716498732566833,2733207
2014-09-18,0.3083550035953522,0.31716498732566833,0.3083550035953522,0.31716498732566833,0.31716498732566833,7166152
2014-09-19,0.31716498732566833,0.31716498732566833,0.3039500117301941,0.31716498732566833,0.31716498732566833,4594010
2014-09-22,0.31716498732566833,0.31716498732566833,0.3083550035953522,0.31275999546051025,0.31275999546051025,1784642
2014-09-23,0.3215709924697876,0.3215709924697876,0.3083550035953522,0.31275999546051025,0.31275999546051025,3896748
2014-09-24,0.31275999546051025,0.3215709924697876,0.3083550035953522,0.3215709924697876,0.3215709924697876,11427139
2014-09-25,0.3215709924697876,0.32597601413726807,0.31275999546051025,0.31716498732566833,0.31716498732566833,5022039
2014-09-26,0.31716498732566833,0.31716498732566833,0.3039500117301941,0.3039500117301941,0.3039500117301941,2774067
2014-09-29,0.3039500117301941,0.33478599786758423,0.2863300144672394,0.3083550035953522,0.3083550035953522,7772838
2014-09-30,0.31275999546051025,0.31275999546051025,0.2863300144672394,0.29073500633239746,0.29073500633239746,11154159
2014-10-03,0.2819249927997589,0.29513999819755554,0.2819249927997589,0.29513999819755554,0.29513999819755554,2331397
2014-10-06,0.2995449900627136,0.2995449900627136,0.29073500633239746,0.2995449900627136,0.2995449900627136,871493
2014-10-07,0.29513999819755554,0.2995449900627136,0.2819249927997589,0.29513999819755554,0.29513999819755554,5883089
2014-10-08,0.29513999819755554,0.2995449900627136,0.2819249927997589,0.29073500633239746,0.29073500633239746,36812130
2014-10-09,0.29073500633239746,0.2995449900627136,0.2819249927997589,0.2863300144672394,0.2863300144672394,24456063
2014-10-10,0.2819249927997589,0.2819249927997589,0.27311500906944275,0.27752000093460083,0.27752000093460083,10106846
2014-10-13,0.27311500906944275,0.27752000093460083,0.27311500906944275,0.27311500906944275,0.27311500906944275,31489756
2014-10-14,0.27311500906944275,0.2819249927997589,0.2687099874019623,0.27311500906944275,0.27311500906944275,21959403
2014-10-15,0.2687099874019623,0.2819249927997589,0.2687099874019623,0.27311500906944275,0.27311500906944275,8105408
2014-10-16,0.27311500906944275,0.27752000093460083,0.2643040120601654,0.2687099874019623,0.2687099874019623,19980553
2014-10-17,0.27311500906944275,0.27311500906944275,0.2643040120601654,0.2643040120601654,0.2643040120601654,3393806
2014-10-20,0.2687099874019623,0.2687099874019623,0.25549399852752686,0.25989899039268494,0.25989899039268494,23492178
2014-10-21,0.25549399852752686,0.2643040120601654,0.2510890066623688,0.25549399852752686,0.25549399852752686,5748813
2014-10-22,0.2643040120601654,0.2643040120601654,0.2466839998960495,0.2466839998960495,0.2466839998960495,7966932
2014-10-23,0.2510890066623688,0.2510890066623688,0.24227899312973022,0.24227899312973022,0.24227899312973022,4671875
2014-10-24,0.24227899312973022,0.2466839998960495,0.23346899449825287,0.24227899312973022,0.24227899312973022,32203364
2014-10-27,0.2466839998960495,0.25549399852752686,0.23346899449825287,0.24227899312973022,0.24227899312973022,9519116
2014-10-28,0.23787400126457214,0.2510890066623688,0.23346899449825287,0.23787400126457214,0.23787400126457214,8294054
2014-10-29,0.2466839998960495,0.33038100600242615,0.2466839998960495,0.32597601413726807,0.32597601413726807,355131520
2014-10-30,0.31716498732566833,0.31716498732566833,0.27752000093460083,0.2819249927997589,0.2819249927997589,122520954
2014-10-31,0.2819249927997589,0.35240599513053894,0.2819249927997589,0.3215709924697876,0.3215709924697876,215421922
2014-11-03,0.32597601413726807,0.3435960114002228,0.31275999546051025,0.33038100600242615,0.33038100600242615,36321788
2014-11-04,0.33038100600242615,0.3964569866657257,0.33038100600242615,0.3920519948005676,0.3920519948005676,172209005
2014-11-05,0.40526700019836426,0.42729300260543823,0.38764700293540955,0.40967199206352234,0.40967199206352234,96630687
2014-11-06,0.4184820055961609,0.42729300260543823,0.38764700293540955,0.3920519948005676,0.3920519948005676,25830385
2014-11-07,0.38764700293540955,0.38764700293540955,0.33478599786758423,0.356810986995697,0.356810986995697,46722159
2014-11-10,0.3612160086631775,0.36562100052833557,0.3391909897327423,0.34800100326538086,0.34800100326538086,16163145
2014-11-11,0.3435960114002228,0.34800100326538086,0.33478599786758423,0.3391909897327423,0.3391909897327423,11452110
2014-11-12,0.3391909897327423,0.3744319975376129,0.33038100600242615,0.3612160086631775,0.3612160086631775,27500274
2014-11-13,0.3612160086631775,0.3744319975376129,0.34800100326538086,0.35240599513053894,0.35240599513053894,12792039
2014-11-14,0.34800100326538086,0.35240599513053894,0.33478599786758423,0.35240599513053894,0.35240599513053894,15029227
2014-11-17,0.35240599513053894,0.35240599513053894,0.33478599786758423,0.3391909897327423,0.3391909897327423,4624430
2014-11-18,0.3391909897327423,0.34800100326538086,0.33478599786758423,0.33478599786758423,0.33478599786758423,4393447
2014-11-19,0.33478599786758423,0.3391909897327423,0.3083550035953522,0.31716498732566833,0.31716498732566833,9973591
2014-11-20,0.31716498732566833,0.33038100600242615,0.31275999546051025,0.3215709924697876,0.3215709924697876,4735438
2014-11-21,0.31716498732566833,0.32597601413726807,0.31275999546051025,0.31716498732566833,0.31716498732566833,3582225
2014-11-24,0.2819249927997589,0.29513999819755554,0.25989899039268494,0.27311500906944275,0.27311500906944275,49793383
2014-11-25,0.2687099874019623,0.29513999819755554,0.2643040120601654,0.2819249927997589,0.2819249927997589,17114319
2014-11-26,0.27311500906944275,0.27752000093460083,0.2687099874019623,0.27311500906944275,0.27311500906944275,9404476
2014-11-27,0.27311500906944275,0.27752000093460083,0.2687099874019623,0.27311500906944275,0.27311500906944275,4389814
2014-11-28,0.27311500906944275,0.27311500906944275,0.25989899039268494,0.2687099874019623,0.2687099874019623,10095722
2014-12-01,0.2643040120601654,0.2643040120601654,0.25549399852752686,0.25989899039268494,0.25989899039268494,4986284
2014-12-02,0.25989899039268494,0.2687099874019623,0.25549399852752686,0.25549399852752686,0.25549399852752686,5352225
2014-12-03,0.2687099874019623,0.2687099874019623,0.25989899039268494,0.25989899039268494,0.25989899039268494,3711053
2014-12-04,0.2643040120601654,0.2687099874019623,0.25989899039268494,0.2643040120601654,0.2643040120601654,7420404
2014-12-05,0.25989899039268494,0.25989899039268494,0.25549399852752686,0.25989899039268494,0.25989899039268494,8070108
2014-12-08,0.25989899039268494,0.25989899039268494,0.23787400126457214,0.24227899312973022,0.24227899312973022,6100452
2014-12-09,0.23346899449825287,0.24227899312973022,0.22025400400161743,0.2290640026330948,0.2290640026330948,11817029
2014-12-10,0.2290640026330948,0.2466839998960495,0.22025400400161743,0.24227899312973022,0.24227899312973022,6829609
2014-12-11,0.23787400126457214,0.24227899312973022,0.2246589958667755,0.2290640026330948,0.2290640026330948,10356217
2014-12-12,0.23787400126457214,0.23787400126457214,0.21937300264835358,0.2246589958667755,0.2246589958667755,14422996
2014-12-15,0.2246589958667755,0.2246589958667755,0.21849200129508972,0.21937300264835358,0.21937300264835358,5463006
2014-12-16,0.21849200129508972,0.21849200129508972,0.20791900157928467,0.21056200563907623,0.21056200563907623,5926108
2014-12-17,0.20263299345970154,0.2149679958820343,0.20263299345970154,0.2070380002260208,0.2070380002260208,2594162
2014-12-18,0.21408699452877045,0.22025400400161743,0.2114430069923401,0.2114430069923401,0.2114430069923401,3774752
2014-12-19,0.2114430069923401,0.21584899723529816,0.2070380002260208,0.21584899723529816,0.21584899723529816,4755869
2014-12-22,0.21584899723529816,0.21937300264835358,0.20880000293254852,0.2132059931755066,0.2132059931755066,3124799
2014-12-23,0.2070380002260208,0.2114430069923401,0.2070380002260208,0.20880000293254852,0.20880000293254852,2945914
2014-12-24,0.20880000293254852,0.21584899723529816,0.2070380002260208,0.21584899723529816,0.21584899723529816,3711621
2014-12-29,0.2354709953069687,0.2354709953069687,0.21584899723529816,0.22565999627113342,0.22565999627113342,3716625
2014-12-30,0.2178110033273697,0.2266409993171692,0.2178110033273697,0.21977299451828003,0.21977299451828003,3255321
2014-12-31,0.2207539975643158,0.22173500061035156,0.2178110033273697,0.22173500061035156,0.22173500061035156,449480
2015-01-02,0.21977299451828003,0.22173500061035156,0.21683000028133392,0.2207539975643158,0.2207539975643158,1496231
2015-01-05,0.2207539975643158,0.22271600365638733,0.21388599276542664,0.22173500061035156,0.22173500061035156,1587859
2015-01-06,0.2207539975643158,0.22173500061035156,0.2148669958114624,0.2178110033273697,0.2178110033273697,4660657
2015-01-07,0.21683000028133392,0.22173500061035156,0.21388599276542664,0.2178110033273697,0.2178110033273697,3018758
2015-01-08,0.2178110033273697,0.2178110033273697,0.2060369998216629,0.2089810073375702,0.2089810073375702,9706136
2015-01-09,0.2060369998216629,0.2060369998216629,0.19622600078582764,0.2001499980688095,0.2001499980688095,11859568
2015-01-12,0.19524499773979187,0.19622600078582764,0.18739600479602814,0.19622600078582764,0.19622600078582764,10482281
2015-01-13,0.19033899903297424,0.21388599276542664,0.19033899903297424,0.20407499372959137,0.20407499372959137,16963163
2015-01-14,0.20211300253868103,0.20407499372959137,0.19622600078582764,0.2001499980688095,0.2001499980688095,3775843
2015-01-15,0.1972070038318634,0.2001499980688095,0.19328199326992035,0.2001499980688095,0.2001499980688095,19975398
2015-01-16,0.19622600078582764,0.2089810073375702,0.1942639946937561,0.2060369998216629,0.2060369998216629,10753957
2015-01-19,0.2060369998216629,0.2089810073375702,0.19132000207901,0.2060369998216629,0.2060369998216629,14658307
2015-01-20,0.20211300253868103,0.2060369998216629,0.19622600078582764,0.2060369998216629,0.2060369998216629,10929519
2015-01-21,0.20113199949264526,0.2060369998216629,0.19916899502277374,0.2060369998216629,0.2060369998216629,9713067
2015-01-22,0.20505599677562714,0.2060369998216629,0.20211300253868103,0.2060369998216629,0.2060369998216629,5812164
2015-01-23,0.2060369998216629,0.2060369998216629,0.2030940055847168,0.2060369998216629,0.2060369998216629,3554262
2015-01-26,0.20505599677562714,0.20701800286769867,0.20113199949264526,0.20211300253868103,0.20211300253868103,3295683
2015-01-27,0.20211300253868103,0.20211300253868103,0.1972070038318634,0.19916899502277374,0.19916899502277374,1686113
2015-01-28,0.19622600078582764,0.19916899502277374,0.19622600078582764,0.19818800687789917,0.19818800687789917,6652928
2015-01-29,0.19524499773979187,0.19916899502277374,0.1942639946937561,0.19916899502277374,0.19916899502277374,3843825
2015-01-30,0.1972070038318634,0.2030940055847168,0.19622600078582764,0.20211300253868103,0.20211300253868103,6116711
2015-02-02,0.2001499980688095,0.20211300253868103,0.1972070038318634,0.19916899502277374,0.19916899502277374,8708717
2015-02-03,0.19818800687789917,0.19916899502277374,0.1972070038318634,0.19818800687789917,0.19818800687789917,4879058
2015-02-04,0.19818800687789917,0.2001499980688095,0.19622600078582764,0.1972070038318634,0.1972070038318634,9308942
2015-02-05,0.1972070038318634,0.2001499980688095,0.18739600479602814,0.18935799598693848,0.18935799598693848,7264568
2015-02-06,0.19132000207901,0.20799900591373444,0.19132000207901,0.20505599677562714,0.20505599677562714,22519908
2015-02-09,0.20799900591373444,0.20799900591373444,0.19622600078582764,0.2030940055847168,0.2030940055847168,19823308
2015-02-10,0.20407499372959137,0.20505599677562714,0.20113199949264526,0.20407499372959137,0.20407499372959137,5898595
2015-02-11,0.20113199949264526,0.20407499372959137,0.19916899502277374,0.2001499980688095,0.2001499980688095,5663102
2015-02-12,0.19818800687789917,0.20211300253868103,0.19622600078582764,0.2001499980688095,0.2001499980688095,4219106
2015-02-13,0.19622600078582764,0.20113199949264526,0.19622600078582764,0.1972070038318634,0.1972070038318634,2436573
2015-02-16,0.19622600078582764,0.19916899502277374,0.1942639946937561,0.19916899502277374,0.19916899502277374,2659479
2015-02-17,0.19622600078582764,0.19916899502277374,0.19622600078582764,0.19916899502277374,0.19916899502277374,4156424
2015-02-18,0.1972070038318634,0.19818800687789917,0.1972070038318634,0.1972070038318634,0.1972070038318634,775634
2015-02-23,0.19818800687789917,0.2030940055847168,0.19818800687789917,0.20211300253868103,0.20211300253868103,3243702
2015-02-24,0.20211300253868103,0.20407499372959137,0.2001499980688095,0.20211300253868103,0.20211300253868103,2716250
2015-02-25,0.20407499372959137,0.20407499372959137,0.20113199949264526,0.20113199949264526,0.20113199949264526,2647962
2015-02-26,0.2030940055847168,0.2501879930496216,0.2030940055847168,0.24037699401378632,0.24037699401378632,84764804
2015-02-27,0.23154699802398682,0.24332000315189362,0.2178110033273697,0.21977299451828003,0.21977299451828003,32613353
2015-03-02,0.22271600365638733,0.22271600365638733,0.20996199548244476,0.2178110033273697,0.2178110033273697,15275724
2015-03-03,0.22565999627113342,0.23350900411605835,0.21584899723529816,0.22467899322509766,0.22467899322509766,10563819
2015-03-04,0.22762200236320496,0.23056499660015106,0.21290500462055206,0.2148669958114624,0.2148669958114624,12462647
2015-03-05,0.2148669958114624,0.21879200637340546,0.20996199548244476,0.2148669958114624,0.2148669958114624,9620011
2015-03-06,0.2148669958114624,0.22565999627113342,0.2089810073375702,0.2178110033273697,0.2178110033273697,4532112
2015-03-09,0.2178110033273697,0.2266409993171692,0.2119240015745163,0.21977299451828003,0.21977299451828003,9934750
2015-03-10,0.22467899322509766,0.22565999627113342,0.21879200637340546,0.21977299451828003,0.21977299451828003,5092587
2015-03-11,0.21977299451828003,0.2501879930496216,0.21977299451828003,0.23350900411605835,0.23350900411605835,46936402
2015-03-12,0.23350900411605835,0.24037699401378632,0.23056499660015106,0.23056499660015106,0.23056499660015106,11200125
2015-03-13,0.23056499660015106,0.23841500282287598,0.22369800508022308,0.2266409993171692,0.2266409993171692,8604042
2015-03-16,0.2266409993171692,0.23841500282287598,0.22173500061035156,0.2354709953069687,0.2354709953069687,6065188
2015-03-17,0.22565999627113342,0.24037699401378632,0.22565999627113342,0.23252800107002258,0.23252800107002258,4246116
2015-03-18,0.23154699802398682,0.24528199434280396,0.23154699802398682,0.23645199835300446,0.23645199835300446,10024544
2015-03-19,0.23939600586891174,0.24430100619792938,0.2354709953069687,0.23645199835300446,0.23645199835300446,7822903
2015-03-20,0.23645199835300446,0.23841500282287598,0.22565999627113342,0.23350900411605835,0.23350900411605835,9038744
2015-03-23,0.23056499660015106,0.23449000716209412,0.22173500061035156,0.22762200236320496,0.22762200236320496,7336934
2015-03-24,0.21879200637340546,0.22467899322509766,0.21879200637340546,0.2207539975643158,0.2207539975643158,5951187
2015-03-25,0.21584899723529816,0.22369800508022308,0.20996199548244476,0.21584899723529816,0.21584899723529816,5360645
2015-03-26,0.21584899723529816,0.21977299451828003,0.2119240015745163,0.2178110033273697,0.2178110033273697,5431583
2015-03-27,0.21584899723529816,0.22173500061035156,0.21290500462055206,0.21584899723529816,0.21584899723529816,2547160
2015-03-30,0.21584899723529816,0.22565999627113342,0.2148669958114624,0.21683000028133392,0.21683000028133392,5117558
2015-03-31,0.21683000028133392,0.21977299451828003,0.21290500462055206,0.21584899723529816,0.21584899723529816,6248905
2015-04-01,0.2148669958114624,0.21683000028133392,0.2089810073375702,0.20996199548244476,0.20996199548244476,12867791
2015-04-02,0.20996199548244476,0.2148669958114624,0.2089810073375702,0.20996199548244476,0.20996199548244476,5600674
2015-04-08,0.21388599276542664,0.21683000028133392,0.20113199949264526,0.21094299852848053,0.21094299852848053,13415271
2015-04-09,0.2060369998216629,0.21683000028133392,0.2060369998216629,0.21094299852848053,0.21094299852848053,11829093
2015-04-10,0.21094299852848053,0.23841500282287598,0.21094299852848053,0.2354709953069687,0.2354709953069687,52519699
2015-04-13,0.23645199835300446,0.26490500569343567,0.23056499660015106,0.2501879930496216,0.2501879930496216,48633218
2015-04-14,0.2501879930496216,0.2698110044002533,0.24528199434280396,0.24528199434280396,0.24528199434280396,28809430
2015-04-15,0.26490500569343567,0.37283000349998474,0.26490500569343567,0.30905601382255554,0.30905601382255554,119021005
2015-04-16,0.31396201252937317,0.3335840106010437,0.27471598982810974,0.284527987241745,0.284527987241745,82892069
2015-04-17,0.28943300247192383,0.29433900117874146,0.27962198853492737,0.27962198853492737,0.27962198853492737,28351337
2015-04-20,0.27471598982810974,0.27471598982810974,0.2550939917564392,0.2550939917564392,0.2550939917564392,26979961
2015-04-21,0.25999900698661804,0.28943300247192383,0.2550939917564392,0.284527987241745,0.284527987241745,20212981
2015-04-22,0.27962198853492737,0.28943300247192383,0.27471598982810974,0.284527987241745,0.284527987241745,19284767
2015-04-23,0.28943300247192383,0.3041499853134155,0.27962198853492737,0.284527987241745,0.284527987241745,32390671
2015-04-24,0.27962198853492737,0.28943300247192383,0.27471598982810974,0.284527987241745,0.284527987241745,15679034
2015-04-27,0.284527987241745,0.3041499853134155,0.27962198853492737,0.3041499853134155,0.3041499853134155,58137343
2015-04-28,0.31396201252937317,0.3630180060863495,0.3041499853134155,0.35811299085617065,0.35811299085617065,158318476
2015-04-29,0.3630180060863495,0.4022639989852905,0.3630180060863495,0.3777349889278412,0.3777349889278412,113218103
2015-04-30,0.3777349889278412,0.38754698634147644,0.3483009934425354,0.35811299085617065,0.35811299085617065,46217131
2015-05-04,0.35811299085617065,0.3630180060863495,0.33849000930786133,0.3483009934425354,0.3483009934425354,40676591
2015-05-05,0.3483009934425354,0.353206992149353,0.31396201252937317,0.32867899537086487,0.32867899537086487,36105646
2015-05-06,0.32377299666404724,0.33849000930786133,0.31396201252937317,0.32377299666404724,0.32377299666404724,32907248
2015-05-07,0.3188669979572296,0.32377299666404724,0.29433900117874146,0.29433900117874146,0.29433900117874146,24358092
2015-05-08,0.3041499853134155,0.3335840106010437,0.2992449998855591,0.32377299666404724,0.32377299666404724,26288515
2015-05-11,0.32867899537086487,0.3630180060863495,0.31396201252937317,0.34339600801467896,0.34339600801467896,49378174
2015-05-12,0.353206992149353,0.353206992149353,0.3335840106010437,0.34339600801467896,0.34339600801467896,16154301
2015-05-13,0.3335840106010437,0.34339600801467896,0.32377299666404724,0.32867899537086487,0.32867899537086487,15115501
2015-05-14,0.32867899537086487,0.3335840106010437,0.3188669979572296,0.3335840106010437,0.3335840106010437,8088107
2015-05-15,0.32867899537086487,0.32867899537086487,0.31396201252937317,0.3188669979572296,0.3188669979572296,16477397
2015-05-18,0.3188669979572296,0.32867899537086487,0.3188669979572296,0.3188669979572296,0.3188669979572296,11853656
2015-05-19,0.32377299666404724,0.34339600801467896,0.3188669979572296,0.34339600801467896,0.34339600801467896,33039035
2015-05-20,0.34339600801467896,0.3826409876346588,0.34339600801467896,0.3679240047931671,0.3679240047931671,106828913
2015-05-21,0.37283000349998474,0.3777349889278412,0.3483009934425354,0.353206992149353,0.353206992149353,33445351
2015-05-22,0.35811299085617065,0.3630180060863495,0.3483009934425354,0.3483009934425354,0.3483009934425354,14549930
2015-05-26,0.353206992149353,0.3630180060863495,0.353206992149353,0.35811299085617065,0.35811299085617065,22764371
2015-05-27,0.3630180060863495,0.3630180060863495,0.3483009934425354,0.353206992149353,0.353206992149353,18082177
2015-05-28,0.353206992149353,0.35811299085617065,0.3335840106010437,0.33849000930786133,0.33849000930786133,23976797
2015-05-29,0.3335840106010437,0.3483009934425354,0.32867899537086487,0.3335840106010437,0.3335840106010437,12750325
2015-06-01,0.32377299666404724,0.3483009934425354,0.32377299666404724,0.33849000930786133,0.33849000930786133,14709490
2015-06-02,0.34339600801467896,0.37283000349998474,0.33849000930786133,0.35811299085617065,0.35811299085617065,37694933
2015-06-03,0.35811299085617065,0.37283000349998474,0.35811299085617065,0.3630180060863495,0.3630180060863495,25284878
2015-06-04,0.3630180060863495,0.3630180060863495,0.33849000930786133,0.3483009934425354,0.3483009934425354,14881282
2015-06-05,0.3483009934425354,0.3483009934425354,0.33849000930786133,0.33849000930786133,0.33849000930786133,6670866
2015-06-08,0.33849000930786133,0.34339600801467896,0.3335840106010437,0.33849000930786133,0.33849000930786133,9241877
2015-06-09,0.3483009934425354,0.3483009934425354,0.31396201252937317,0.3188669979572296,0.3188669979572296,18965035
2015-06-10,0.3188669979572296,0.3335840106010437,0.31396201252937317,0.3188669979572296,0.3188669979572296,8838057
2015-06-11,0.32377299666404724,0.32377299666404724,0.3188669979572296,0.32377299666404724,0.32377299666404724,7088241
2015-06-12,0.3335840106010437,0.38754698634147644,0.3335840106010437,0.3679240047931671,0.3679240047931671,100365205
2015-06-15,0.3630180060863495,0.3630180060863495,0.33849000930786133,0.3483009934425354,0.3483009934425354,18042427
2015-06-16,0.353206992149353,0.353206992149353,0.3335840106010437,0.33849000930786133,0.33849000930786133,15150921
2015-06-17,0.33849000930786133,0.3483009934425354,0.32867899537086487,0.3335840106010437,0.3335840106010437,13896908
2015-06-18,0.32867899537086487,0.3335840106010437,0.32377299666404724,0.32867899537086487,0.32867899537086487,10861588
2015-06-19,0.32867899537086487,0.3483009934425354,0.32867899537086487,0.3335840106010437,0.3335840106010437,17992637
2015-06-22,0.32867899537086487,0.33849000930786133,0.2992449998855591,0.3041499853134155,0.3041499853134155,28173073
2015-06-23,0.3041499853134155,0.3483009934425354,0.28943300247192383,0.30905601382255554,0.30905601382255554,43605250
2015-06-24,0.32867899537086487,0.3483009934425354,0.31396201252937317,0.32867899537086487,0.32867899537086487,40843134
2015-06-25,0.32867899537086487,0.32867899537086487,0.31396201252937317,0.3188669979572296,0.3188669979572296,13778474
2015-06-26,0.31396201252937317,0.3188669979572296,0.2992449998855591,0.3188669979572296,0.3188669979572296,23114834
2015-06-29,0.3188669979572296,0.3188669979572296,0.29433900117874146,0.30905601382255554,0.30905601382255554,19913939
2015-06-30,0.3041499853134155,0.3041499853134155,0.27962198853492737,0.2992449998855591,0.2992449998855591,13526214
2015-07-02,0.2992449998855591,0.30905601382255554,0.28943300247192383,0.29433900117874146,0.29433900117874146,9507386
2015-07-03,0.29433900117874146,0.2992449998855591,0.25999900698661804,0.26490500569343567,0.26490500569343567,25736092
2015-07-06,0.26490500569343567,0.27471598982810974,0.2060369998216629,0.22565999627113342,0.22565999627113342,47917616
2015-07-07,0.23056499660015106,0.24233900010585785,0.20996199548244476,0.21094299852848053,0.21094299852848053,19727725
2015-07-08,0.2060369998216629,0.21584899723529816,0.1687539964914322,0.17365999519824982,0.17365999519824982,35937065
2015-07-09,0.18739600479602814,0.22565999627113342,0.18641500174999237,0.22565999627113342,0.22565999627113342,13652089
2015-07-10,0.22565999627113342,0.24528199434280396,0.22565999627113342,0.23154699802398682,0.23154699802398682,17101982
2015-07-13,0.23449000716209412,0.2501879930496216,0.22565999627113342,0.2501879930496216,0.2501879930496216,10218343
2015-07-14,0.2501879930496216,0.2501879930496216,0.23056499660015106,0.2354709953069687,0.2354709953069687,13415835
2015-07-15,0.2354709953069687,0.2354709953069687,0.22467899322509766,0.23056499660015106,0.23056499660015106,2119490
2015-07-16,0.2295839935541153,0.23449000716209412,0.22369800508022308,0.2295839935541153,0.2295839935541153,3187593
2015-07-17,0.2266409993171692,0.24233900010585785,0.2266409993171692,0.2354709953069687,0.2354709953069687,2696375
2015-07-20,0.2354709953069687,0.27471598982810974,0.22860300540924072,0.25999900698661804,0.25999900698661804,23396855
2015-07-21,0.25999900698661804,0.26490500569343567,0.24528199434280396,0.2550939917564392,0.2550939917564392,5802482
2015-07-22,0.2550939917564392,0.2550939917564392,0.24135799705982208,0.24332000315189362,0.24332000315189362,4627308
2015-07-23,0.24430100619792938,0.2501879930496216,0.24430100619792938,0.24528199434280396,0.24528199434280396,597778
2015-07-24,0.24528199434280396,0.2501879930496216,0.24528199434280396,0.24528199434280396,0.24528199434280396,2882792
2015-07-27,0.24528199434280396,0.24528199434280396,0.22565999627113342,0.2295839935541153,0.2295839935541153,5822866
2015-07-28,0.22565999627113342,0.24528199434280396,0.2207539975643158,0.23841500282287598,0.23841500282287598,2965962
2015-07-29,0.23449000716209412,0.2354709953069687,0.22565999627113342,0.23252800107002258,0.23252800107002258,933615
2015-07-30,0.23252800107002258,0.24037699401378632,0.2266409993171692,0.2266409993171692,0.2266409993171692,3941366
2015-07-31,0.22565999627113342,0.24528199434280396,0.22565999627113342,0.2354709953069687,0.2354709953069687,1630769
2015-08-03,0.23056499660015106,0.24037699401378632,0.22565999627113342,0.2266409993171692,0.2266409993171692,2107769
2015-08-04,0.2266409993171692,0.23252800107002258,0.22565999627113342,0.2295839935541153,0.2295839935541153,1644121
2015-08-05,0.22467899322509766,0.23056499660015106,0.2207539975643158,0.22565999627113342,0.22565999627113342,464769
2015-08-06,0.2295839935541153,0.23350900411605835,0.22369800508022308,0.2295839935541153,0.2295839935541153,619386
2015-08-07,0.22565999627113342,0.2295839935541153,0.21584899723529816,0.2207539975643158,0.2207539975643158,2225032
2015-08-10,0.21683000028133392,0.22565999627113342,0.21584899723529816,0.22565999627113342,0.22565999627113342,4797520
2015-08-11,0.22860300540924072,0.25999900698661804,0.22860300540924072,0.24332000315189362,0.24332000315189362,13050743
2015-08-12,0.23841500282287598,0.24233900010585785,0.23350900411605835,0.23449000716209412,0.23449000716209412,2778525
2015-08-13,0.23939600586891174,0.23939600586891174,0.23154699802398682,0.23645199835300446,0.23645199835300446,522865
2015-08-14,0.23743300139904022,0.23743300139904022,0.22860300540924072,0.23154699802398682,0.23154699802398682,2849260
2015-08-17,0.23939600586891174,0.24430100619792938,0.23056499660015106,0.23252800107002258,0.23252800107002258,1772952
2015-08-18,0.24233900010585785,0.24233900010585785,0.21683000028133392,0.22860300540924072,0.22860300540924072,2381942
2015-08-19,0.2295839935541153,0.2295839935541153,0.2207539975643158,0.22762200236320496,0.22762200236320496,2819702
2015-08-20,0.21584899723529816,0.2266409993171692,0.20799900591373444,0.2207539975643158,0.2207539975643158,2611779
2015-08-21,0.21584899723529816,0.21584899723529816,0.20113199949264526,0.21094299852848053,0.21094299852848053,5181770
2015-08-24,0.2060369998216629,0.21094299852848053,0.19230100512504578,0.19230100512504578,0.19230100512504578,5069654
2015-08-25,0.19622600078582764,0.2060369998216629,0.18641500174999237,0.18739600479602814,0.18739600479602814,7066328
2015-08-26,0.20407499372959137,0.20407499372959137,0.18641500174999237,0.18739600479602814,0.18739600479602814,910173
2015-08-27,0.20113199949264526,0.20113199949264526,0.18641500174999237,0.1972070038318634,0.1972070038318634,5328539
2015-08-28,0.1972070038318634,0.1972070038318634,0.18641500174999237,0.19524499773979187,0.19524499773979187,5817872
2015-08-31,0.20211300253868103,0.20211300253868103,0.1824900060892105,0.18935799598693848,0.18935799598693848,3564250
2015-09-01,0.19916899502277374,0.19916899502277374,0.18445199728012085,0.18935799598693848,0.18935799598693848,36692
2015-09-02,0.18935799598693848,0.18935799598693848,0.18445199728012085,0.18543300032615662,0.18543300032615662,1844808
2015-09-04,0.1883769929409027,0.19132000207901,0.18150900304317474,0.19033899903297424,0.19033899903297424,1295952
2015-09-07,0.1883769929409027,0.1883769929409027,0.18150900304317474,0.1824900060892105,0.1824900060892105,519807
2015-09-08,0.1824900060892105,0.19132000207901,0.18150900304317474,0.18641500174999237,0.18641500174999237,4227005
2015-09-09,0.19132000207901,0.19622600078582764,0.18543300032615662,0.1942639946937561,0.1942639946937561,2797687
2015-09-10,0.18739600479602814,0.1942639946937561,0.18150900304317474,0.18935799598693848,0.18935799598693848,1273529
2015-09-11,0.18935799598693848,0.19622600078582764,0.18641500174999237,0.1942639946937561,0.1942639946937561,2388211
2015-09-14,0.19230100512504578,0.19230100512504578,0.18739600479602814,0.18739600479602814,0.18739600479602814,523884
2015-09-15,0.19132000207901,0.19328199326992035,0.18739600479602814,0.1883769929409027,0.1883769929409027,841884
2015-09-16,0.18935799598693848,0.18935799598693848,0.1883769929409027,0.1883769929409027,0.1883769929409027,1447308
2015-09-17,0.19328199326992035,0.1942639946937561,0.1883769929409027,0.1942639946937561,0.1942639946937561,3515837
2015-09-18,0.1942639946937561,0.20113199949264526,0.1942639946937561,0.19916899502277374,0.19916899502277374,1371884
2015-09-21,0.19524499773979187,0.19524499773979187,0.19230100512504578,0.19230100512504578,0.19230100512504578,1445575
2015-09-22,0.1972070038318634,0.1972070038318634,0.18739600479602814,0.19033899903297424,0.19033899903297424,1445269
2015-09-23,0.19328199326992035,0.19328199326992035,0.18150900304317474,0.1883769929409027,0.1883769929409027,1686827
2015-09-24,0.19622600078582764,0.19818800687789917,0.18641500174999237,0.18641500174999237,0.18641500174999237,1304615
2015-09-25,0.18641500174999237,0.19132000207901,0.18543300032615662,0.19132000207901,0.19132000207901,1427942
2015-09-29,0.18641500174999237,0.19524499773979187,0.18445199728012085,0.19132000207901,0.19132000207901,1196526
2015-09-30,0.19033899903297424,0.19230100512504578,0.1883769929409027,0.19230100512504578,0.19230100512504578,1349461
2015-10-02,0.19328199326992035,0.19818800687789917,0.18641500174999237,0.19230100512504578,0.19230100512504578,746077
2015-10-05,0.1942639946937561,0.1942639946937561,0.18935799598693848,0.19132000207901,0.19132000207901,1641981
2015-10-06,0.1883769929409027,0.19230100512504578,0.1883769929409027,0.19132000207901,0.19132000207901,824048
2015-10-07,0.1942639946937561,0.19916899502277374,0.19328199326992035,0.1972070038318634,0.1972070038318634,2229058
2015-10-08,0.1942639946937561,0.20407499372959137,0.19328199326992035,0.2001499980688095,0.2001499980688095,3184077
2015-10-09,0.20407499372959137,0.21094299852848053,0.20113199949264526,0.21094299852848053,0.21094299852848053,4118712
2015-10-12,0.21290500462055206,0.21977299451828003,0.21094299852848053,0.21879200637340546,0.21879200637340546,6753424
2015-10-13,0.2119240015745163,0.22467899322509766,0.2119240015745163,0.21584899723529816,0.21584899723529816,1757867
2015-10-14,0.2060369998216629,0.21094299852848053,0.2060369998216629,0.20996199548244476,0.20996199548244476,240028
2015-10-15,0.19622600078582764,0.20407499372959137,0.19622600078582764,0.20211300253868103,0.20211300253868103,3000616
2015-10-16,0.20211300253868103,0.20799900591373444,0.19818800687789917,0.2060369998216629,0.2060369998216629,1358176
2015-10-19,0.20996199548244476,0.21094299852848053,0.19622600078582764,0.2060369998216629,0.2060369998216629,933105
2015-10-20,0.20211300253868103,0.20211300253868103,0.20211300253868103,0.20211300253868103,0.20211300253868103,312801
2015-10-22,0.20113199949264526,0.20113199949264526,0.19524499773979187,0.2001499980688095,0.2001499980688095,1443740
2015-10-23,0.2001499980688095,0.2001499980688095,0.1972070038318634,0.2001499980688095,0.2001499980688095,828634
2015-10-26,0.20701800286769867,0.20701800286769867,0.19230100512504578,0.19818800687789917,0.19818800687789917,2578144
2015-10-27,0.19328199326992035,0.1942639946937561,0.19230100512504578,0.19328199326992035,0.19328199326992035,466807
2015-10-28,0.2030940055847168,0.2030940055847168,0.1942639946937561,0.19524499773979187,0.19524499773979187,1163961
2015-10-29,0.1972070038318634,0.1972070038318634,0.19230100512504578,0.19524499773979187,0.19524499773979187,984577
2015-10-30,0.19230100512504578,0.19916899502277374,0.19132000207901,0.19622600078582764,0.19622600078582764,960319
2015-11-02,0.19230100512504578,0.1972070038318634,0.18739600479602814,0.18739600479602814,0.18739600479602814,3504116
2015-11-03,0.18935799598693848,0.18935799598693848,0.17758400738239288,0.18739600479602814,0.18739600479602814,3308627
2015-11-04,0.1942639946937561,0.19524499773979187,0.18445199728012085,0.1883769929409027,0.1883769929409027,719577
2015-11-05,0.18739600479602814,0.19230100512504578,0.1824900060892105,0.1883769929409027,0.1883769929409027,3473233
2015-11-06,0.19033899903297424,0.1942639946937561,0.18347099423408508,0.18739600479602814,0.18739600479602814,1078346
2015-11-09,0.1883769929409027,0.1883769929409027,0.18445199728012085,0.18445199728012085,0.18445199728012085,281052
2015-11-10,0.18445199728012085,0.1883769929409027,0.18445199728012085,0.18739600479602814,0.18739600479602814,463750
2015-11-11,0.18347099423408508,0.1883769929409027,0.1824900060892105,0.18347099423408508,0.18347099423408508,313413
2015-11-12,0.18641500174999237,0.18641500174999237,0.18150900304317474,0.1824900060892105,0.1824900060892105,1579808
2015-11-13,0.18150900304317474,0.18739600479602814,0.1795469969511032,0.18739600479602814,0.18739600479602814,1081913
2015-11-16,0.18739600479602814,0.18739600479602814,0.18150900304317474,0.1824900060892105,0.1824900060892105,2788616
2015-11-17,0.18641500174999237,0.18641500174999237,0.1824900060892105,0.18347099423408508,0.18347099423408508,260923
2015-11-18,0.18347099423408508,0.18445199728012085,0.18052799999713898,0.18150900304317474,0.18150900304317474,295016
2015-11-19,0.1824900060892105,0.18739600479602814,0.1824900060892105,0.18739600479602814,0.18739600479602814,1325000
2015-11-20,0.18739600479602814,0.18935799598693848,0.18347099423408508,0.18739600479602814,0.18739600479602814,922607
2015-11-23,0.18445199728012085,0.18445199728012085,0.18445199728012085,0.18445199728012085,0.18445199728012085,451009
2015-11-24,0.18543300032615662,0.18543300032615662,0.17856499552726746,0.18347099423408508,0.18347099423408508,1802611
2015-11-25,0.18641500174999237,0.18445199728012085,0.17267900705337524,0.18150900304317474,0.18150900304317474,4040537
2015-11-26,0.18150900304317474,0.18150900304317474,0.17464099824428558,0.17856499552726746,0.17856499552726746,1432529
2015-11-27,0.18641500174999237,0.18641500174999237,0.17856499552726746,0.18150900304317474,0.18150900304317474,1528846
2015-11-30,0.17856499552726746,0.18052799999713898,0.17660300433635712,0.18052799999713898,0.18052799999713898,514202
2015-12-01,0.17562200129032135,0.17856499552726746,0.16679200530052185,0.17660300433635712,0.17660300433635712,1476865
2015-12-02,0.17267900705337524,0.17660300433635712,0.16188600659370422,0.16679200530052185,0.16679200530052185,2771289
2015-12-03,0.16581100225448608,0.17464099824428558,0.16581100225448608,0.1687539964914322,0.1687539964914322,1533942
2015-12-04,0.16679200530052185,0.17169800400733948,0.16679200530052185,0.17169800400733948,0.17169800400733948,1686827
2015-12-07,0.17169800400733948,0.17169800400733948,0.16777299344539642,0.16777299344539642,0.16777299344539642,75423
2015-12-08,0.16581100225448608,0.16679200530052185,0.16384899616241455,0.16581100225448608,0.16581100225448608,1286269
2015-12-09,0.16581100225448608,0.16973499953746796,0.16482999920845032,0.1687539964914322,0.1687539964914322,134538
2015-12-10,0.16188600659370422,0.16679200530052185,0.16188600659370422,0.1628669947385788,0.1628669947385788,277230
2015-12-11,0.16188600659370422,0.16188600659370422,0.15698100626468658,0.16090500354766846,0.16090500354766846,2261928
2015-12-14,0.15305599570274353,0.1540369987487793,0.14716899394989014,0.1510940045118332,0.1510940045118332,1096692
2015-12-15,0.15698100626468658,0.16188600659370422,0.1481499969959259,0.16188600659370422,0.16188600659370422,3078077
2015-12-16,0.16679200530052185,0.16679200530052185,0.1628669947385788,0.1628669947385788,0.1628669947385788,1578788
2015-12-17,0.16482999920845032,0.1687539964914322,0.15894299745559692,0.1687539964914322,0.1687539964914322,1038086
2015-12-18,0.16581100225448608,0.16581100225448608,0.16384899616241455,0.16384899616241455,0.16384899616241455,792961
2015-12-21,0.16482999920845032,0.1687539964914322,0.16482999920845032,0.16679200530052185,0.16679200530052185,208942
2015-12-22,0.16384899616241455,0.16384899616241455,0.15698100626468658,0.16384899616241455,0.16384899616241455,1265375
2015-12-23,0.15599900484085083,0.16188600659370422,0.15599900484085083,0.15698100626468658,0.15698100626468658,362132
2015-12-24,0.1628669947385788,0.1628669947385788,0.1628669947385788,0.1628669947385788,0.1628669947385788,30576
2015-12-28,0.15894299745559692,0.16581100225448608,0.15501800179481506,0.15796199440956116,0.15796199440956116,1841240
2015-12-29,0.1540369987487793,0.15501800179481506,0.1540369987487793,0.1540369987487793,0.1540369987487793,762894
2015-12-30,0.1540369987487793,0.15501800179481506,0.14618800580501556,0.1481499969959259,0.1481499969959259,3683500
2015-12-31,0.14913199841976166,0.16973499953746796,0.14913199841976166,0.16090500354766846,0.16090500354766846,2594962
2016-01-04,0.16679200530052185,0.16679200530052185,0.15011300146579742,0.15501800179481506,0.15501800179481506,2834481
2016-01-05,0.15501800179481506,0.15698100626468658,0.15305599570274353,0.1540369987487793,0.1540369987487793,757288
2016-01-06,0.15599900484085083,0.16482999920845032,0.1540369987487793,0.15698100626468658,0.15698100626468658,1237346
2016-01-07,0.15305599570274353,0.1540369987487793,0.14716899394989014,0.1540369987487793,0.1540369987487793,3980097
2016-01-08,0.15698100626468658,0.15698100626468658,0.1481499969959259,0.1481499969959259,0.1481499969959259,1226236
2016-01-11,0.14618800580501556,0.14618800580501556,0.14618800580501556,0.14618800580501556,0.14618800580501556,73384
2016-01-12,0.14618800580501556,0.1510940045118332,0.14618800580501556,0.1510940045118332,0.1510940045118332,147788
2016-01-13,0.14716899394989014,0.1481499969959259,0.1363770067691803,0.13735799491405487,0.13735799491405487,3271731
2016-01-14,0.1363770067691803,0.1363770067691803,0.13147099316120148,0.13539600372314453,0.13539600372314453,970817
2016-01-15,0.13539600372314453,0.1363770067691803,0.1275469958782196,0.1363770067691803,0.1363770067691803,1449346
2016-01-18,0.12852799892425537,0.13245199620723724,0.12558400630950928,0.13245199620723724,0.13245199620723724,277230
2016-01-19,0.1275469958782196,0.13735799491405487,0.1275469958782196,0.13735799491405487,0.13735799491405487,1352519
2016-01-20,0.13539600372314453,0.13539600372314453,0.1304900050163269,0.13539600372314453,0.13539600372314453,3750770
2016-01-21,0.13147099316120148,0.13147099316120148,0.11773499846458435,0.12264099717140198,0.12264099717140198,1938577
2016-01-22,0.12264099717140198,0.12852799892425537,0.11969800293445587,0.1275469958782196,0.1275469958782196,846267
2016-01-25,0.1275469958782196,0.1363770067691803,0.12558400630950928,0.13245199620723724,0.13245199620723724,1475846
2016-01-26,0.1304900050163269,0.1304900050163269,0.11969800293445587,0.12852799892425537,0.12852799892425537,1155807
2016-01-27,0.1275469958782196,0.12852799892425537,0.11969800293445587,0.12264099717140198,0.12264099717140198,807230
2016-01-28,0.12264099717140198,0.12852799892425537,0.12166000157594681,0.1275469958782196,0.1275469958782196,442346
2016-01-29,0.1304900050163269,0.1304900050163269,0.12852799892425537,0.12852799892425537,0.12852799892425537,97438
2016-02-01,0.12460300326347351,0.1304900050163269,0.12264099717140198,0.1304900050163269,0.1304900050163269,3062789
2016-02-02,0.12950900197029114,0.1304900050163269,0.12067899852991104,0.12656599283218384,0.12656599283218384,1947448
2016-02-03,0.12166000157594681,0.12656599283218384,0.12067899852991104,0.12656599283218384,0.12656599283218384,202826
2016-02-04,0.13245199620723724,0.13245199620723724,0.12852799892425537,0.13245199620723724,0.13245199620723724,575152
2016-02-05,0.13147099316120148,0.13539600372314453,0.1275469958782196,0.13539600372314453,0.13539600372314453,1248152
2016-02-11,0.12362200021743774,0.1304900050163269,0.12362200021743774,0.12852799892425537,0.12852799892425537,576375
2016-02-12,0.1363770067691803,0.1363770067691803,0.12264099717140198,0.13539600372314453,0.13539600372314453,809269
2016-02-15,0.13441500067710876,0.13539600372314453,0.12656599283218384,0.13539600372314453,0.13539600372314453,2760077
2016-02-16,0.1363770067691803,0.1363770067691803,0.12950900197029114,0.133432999253273,0.133432999253273,159000
2016-02-17,0.1363770067691803,0.1363770067691803,0.12558400630950928,0.1275469958782196,0.1275469958782196,2639808
2016-02-18,0.13441500067710876,0.13441500067710876,0.11282999813556671,0.11675400286912918,0.11675400286912918,6592386
2016-02-19,0.12067899852991104,0.13147099316120148,0.11577299982309341,0.12852799892425537,0.12852799892425537,3501364
2016-02-22,0.13147099316120148,0.13147099316120148,0.12460300326347351,0.1304900050163269,0.1304900050163269,1304615
2016-02-23,0.1304900050163269,0.13245199620723724,0.11381100118160248,0.11969800293445587,0.11969800293445587,14905234
2016-02-24,0.11871600151062012,0.11969800293445587,0.11381100118160248,0.11871600151062012,0.11871600151062012,3140250
2016-02-25,0.12362200021743774,0.12362200021743774,0.11381100118160248,0.11381100118160248,0.11381100118160248,3340529
2016-02-26,0.11773499846458435,0.12166000157594681,0.11381100118160248,0.11969800293445587,0.11969800293445587,7895982
2016-02-29,0.11577299982309341,0.12264099717140198,0.11577299982309341,0.11773499846458435,0.11773499846458435,3094385
2016-03-01,0.11871600151062012,0.12166000157594681,0.11773499846458435,0.12067899852991104,0.12067899852991104,2471635
2016-03-02,0.11871600151062012,0.12067899852991104,0.11773499846458435,0.12067899852991104,0.12067899852991104,1827990
2016-03-03,0.12166000157594681,0.12460300326347351,0.12067899852991104,0.12067899852991104,0.12067899852991104,3580324
2016-03-04,0.12067899852991104,0.1304900050163269,0.11871600151062012,0.11969800293445587,0.11969800293445587,5662847
2016-03-07,0.12067899852991104,0.12656599283218384,0.11871600151062012,0.12362200021743774,0.12362200021743774,4527424
2016-03-08,0.12362200021743774,0.19524499773979187,0.12362200021743774,0.16777299344539642,0.16777299344539642,118349638
2016-03-09,0.17267900705337524,0.17660300433635712,0.15599900484085083,0.15894299745559692,0.15894299745559692,21232620
2016-03-10,0.15796199440956116,0.1628669947385788,0.15501800179481506,0.15501800179481506,0.15501800179481506,4353645
2016-03-11,0.15894299745559692,0.17365999519824982,0.1452070027589798,0.14618800580501556,0.14618800580501556,18547965
2016-03-14,0.1422639936208725,0.15207499265670776,0.1363770067691803,0.14128200709819794,0.14128200709819794,7334386
2016-03-15,0.1422639936208725,0.14324499666690826,0.13539600372314453,0.13735799491405487,0.13735799491405487,3103558
2016-03-16,0.1363770067691803,0.15894299745559692,0.1363770067691803,0.14422599971294403,0.14422599971294403,11972906
2016-03-17,0.14422599971294403,0.1481499969959259,0.14128200709819794,0.14324499666690826,0.14324499666690826,1182307
2016-03-18,0.14324499666690826,0.1510940045118332,0.14324499666690826,0.1452070027589798,0.1452070027589798,7052568
2016-03-21,0.14716899394989014,0.1481499969959259,0.1363770067691803,0.14030100405216217,0.14030100405216217,5241395
2016-03-22,0.1393200010061264,0.1452070027589798,0.1393200010061264,0.14128200709819794,0.14128200709819794,1840731
2016-03-23,0.14128200709819794,0.1422639936208725,0.13833899796009064,0.1393200010061264,0.1393200010061264,1545154
2016-03-24,0.13735799491405487,0.1422639936208725,0.13245199620723724,0.1363770067691803,0.1363770067691803,3619289
2016-03-29,0.1363770067691803,0.14716899394989014,0.1363770067691803,0.1452070027589798,0.1452070027589798,2236192
2016-03-30,0.14716899394989014,0.14716899394989014,0.14324499666690826,0.1452070027589798,0.1452070027589798,1555346
2016-03-31,0.1452070027589798,0.1452070027589798,0.14030100405216217,0.14128200709819794,0.14128200709819794,3619391
2016-04-01,0.13735799491405487,0.1422639936208725,0.13735799491405487,0.1422639936208725,0.1422639936208725,190596
2016-04-05,0.13833899796009064,0.1393200010061264,0.13735799491405487,0.13735799491405487,0.13735799491405487,245634
2016-04-06,0.13833899796009064,0.14716899394989014,0.13735799491405487,0.14128200709819794,0.14128200709819794,8659386
2016-04-07,0.1510940045118332,0.15207499265670776,0.1393200010061264,0.14128200709819794,0.14128200709819794,3562212
2016-04-08,0.13833899796009064,0.14618800580501556,0.13833899796009064,0.14030100405216217,0.14030100405216217,5190943
2016-04-11,0.13833899796009064,0.15011300146579742,0.13833899796009064,0.14422599971294403,0.14422599971294403,4433145
2016-04-12,0.1422639936208725,0.1422639936208725,0.1393200010061264,0.14030100405216217,0.14030100405216217,4838289
2016-04-13,0.14030100405216217,0.14913199841976166,0.14030100405216217,0.14618800580501556,0.14618800580501556,7191184
2016-04-14,0.14716899394989014,0.15894299745559692,0.14716899394989014,0.15011300146579742,0.15011300146579742,7794059
2016-04-15,0.15011300146579742,0.15207499265670776,0.14618800580501556,0.14716899394989014,0.14716899394989014,1695461
2016-04-18,0.14716899394989014,0.14913199841976166,0.14422599971294403,0.14618800580501556,0.14618800580501556,5532385
2016-04-19,0.14716899394989014,0.15207499265670776,0.14324499666690826,0.1510940045118332,0.1510940045118332,12512079
2016-04-20,0.14716899394989014,0.1510940045118332,0.14422599971294403,0.15011300146579742,0.15011300146579742,4262933
2016-04-21,0.1481499969959259,0.15207499265670776,0.1481499969959259,0.1510940045118332,0.1510940045118332,3473029
2016-04-22,0.1481499969959259,0.15207499265670776,0.1481499969959259,0.1510940045118332,0.1510940045118332,2150577
2016-04-25,0.15011300146579742,0.15011300146579742,0.14716899394989014,0.14913199841976166,0.14913199841976166,3398116
2016-04-26,0.14913199841976166,0.14913199841976166,0.14716899394989014,0.1481499969959259,0.1481499969959259,1993615
2016-04-27,0.15894299745559692,0.16188600659370422,0.15305599570274353,0.1540369987487793,0.1540369987487793,15176859
2016-04-28,0.15305599570274353,0.15698100626468658,0.1510940045118332,0.15501800179481506,0.15501800179481506,937692
2016-04-29,0.15011300146579742,0.15698100626468658,0.15011300146579742,0.15698100626468658,0.15698100626468658,145750
2016-05-03,0.15599900484085083,0.16090500354766846,0.15207499265670776,0.15698100626468658,0.15698100626468658,889279
2016-05-04,0.16090500354766846,0.16090500354766846,0.1540369987487793,0.15698100626468658,0.15698100626468658,453812
2016-05-05,0.15207499265670776,0.17660300433635712,0.15207499265670776,0.1628669947385788,0.1628669947385788,18851594
2016-05-06,0.15894299745559692,0.1628669947385788,0.15305599570274353,0.1628669947385788,0.1628669947385788,3652923
2016-05-09,0.15501800179481506,0.1599240005016327,0.1540369987487793,0.1599240005016327,0.1599240005016327,2636750
2016-05-10,0.15599900484085083,0.1628669947385788,0.15501800179481506,0.15894299745559692,0.15894299745559692,743019
2016-05-11,0.1599240005016327,0.16384899616241455,0.14324499666690826,0.1452070027589798,0.1452070027589798,10522540
2016-05-12,0.14716899394989014,0.15796199440956116,0.14618800580501556,0.15305599570274353,0.15305599570274353,7183540
2016-05-13,0.15305599570274353,0.15796199440956116,0.15305599570274353,0.15305599570274353,0.15305599570274353,2243837
2016-05-16,0.15305599570274353,0.15894299745559692,0.15011300146579742,0.15501800179481506,0.15501800179481506,2756000
2016-05-17,0.15698100626468658,0.15698100626468658,0.15599900484085083,0.15599900484085083,0.15599900484085083,1281682
2016-05-18,0.17660300433635712,0.18641500174999237,0.16384899616241455,0.1687539964914322,0.1687539964914322,30932641
2016-05-19,0.1628669947385788,0.16973499953746796,0.1628669947385788,0.16581100225448608,0.16581100225448608,6899939
2016-05-20,0.16581100225448608,0.16679200530052185,0.1628669947385788,0.16581100225448608,0.16581100225448608,1497759
2016-05-23,0.16679200530052185,0.16679200530052185,0.16188600659370422,0.16482999920845032,0.16482999920845032,3100500
2016-05-24,0.16482999920845032,0.16679200530052185,0.16384899616241455,0.16679200530052185,0.16679200530052185,1792317
2016-05-25,0.16581100225448608,0.17071600258350372,0.16482999920845032,0.16482999920845032,0.16482999920845032,3527354
2016-05-26,0.16482999920845032,0.16679200530052185,0.16482999920845032,0.16581100225448608,0.16581100225448608,2159240
2016-05-27,0.16581100225448608,0.1687539964914322,0.16482999920845032,0.1687539964914322,0.1687539964914322,2807981
2016-05-30,0.16777299344539642,0.16973499953746796,0.16679200530052185,0.16679200530052185,0.16679200530052185,389346
2016-05-31,0.16581100225448608,0.17071600258350372,0.16482999920845032,0.16777299344539642,0.16777299344539642,1508461
2016-06-01,0.1687539964914322,0.1687539964914322,0.16679200530052185,0.16679200530052185,0.16679200530052185,754230
2016-06-02,0.16581100225448608,0.1687539964914322,0.16482999920845032,0.1687539964914322,0.1687539964914322,2007885
2016-06-03,0.16482999920845032,0.17071600258350372,0.16482999920845032,0.1687539964914322,0.1687539964914322,2264527
2016-06-06,0.16777299344539642,0.16777299344539642,0.1599240005016327,0.16384899616241455,0.16384899616241455,1065300
2016-06-07,0.1687539964914322,0.18150900304317474,0.1687539964914322,0.17660300433635712,0.17660300433635712,8989617
2016-06-08,0.18445199728012085,0.18445199728012085,0.17071600258350372,0.17267900705337524,0.17267900705337524,4947347
2016-06-10,0.1687539964914322,0.17169800400733948,0.16482999920845032,0.16581100225448608,0.16581100225448608,955325
2016-06-13,0.16188600659370422,0.17071600258350372,0.16090500354766846,0.16581100225448608,0.16581100225448608,2906846
2016-06-14,0.16679200530052185,0.16679200530052185,0.16482999920845032,0.16581100225448608,0.16581100225448608,654346
2016-06-15,0.16581100225448608,0.16679200530052185,0.16090500354766846,0.16188600659370422,0.16188600659370422,1160904
2016-06-16,0.1599240005016327,0.1599240005016327,0.15698100626468658,0.1599240005016327,0.1599240005016327,4058577
2016-06-17,0.16482999920845032,0.16482999920845032,0.1599240005016327,0.16188600659370422,0.16188600659370422,668105
2016-06-20,0.16581100225448608,0.16679200530052185,0.16188600659370422,0.16188600659370422,0.16188600659370422,876538
2016-06-21,0.1628669947385788,0.16679200530052185,0.16188600659370422,0.16482999920845032,0.16482999920845032,6901213
2016-06-22,0.16090500354766846,0.16482999920845032,0.16090500354766846,0.16188600659370422,0.16188600659370422,1041654
2016-06-23,0.16188600659370422,0.16188600659370422,0.16188600659370422,0.16188600659370422,0.16188600659370422,41788
2016-06-24,0.1628669947385788,0.16581100225448608,0.15501800179481506,0.15698100626468658,0.15698100626468658,4549031
2016-06-27,0.15599900484085083,0.16679200530052185,0.1540369987487793,0.16384899616241455,0.16384899616241455,4296568
2016-06-28,0.16384899616241455,0.16777299344539642,0.15796199440956116,0.15796199440956116,0.15796199440956116,1643000
2016-06-29,0.1599240005016327,0.16384899616241455,0.1599240005016327,0.16384899616241455,0.16384899616241455,372528
2016-06-30,0.16090500354766846,0.16188600659370422,0.15894299745559692,0.15894299745559692,0.15894299745559692,2041519
2016-07-04,0.16384899616241455,0.16482999920845032,0.16090500354766846,0.16188600659370422,0.16188600659370422,815384
2016-07-05,0.16188600659370422,0.1628669947385788,0.1599240005016327,0.1599240005016327,0.1599240005016327,1034519
2016-07-06,0.16679200530052185,0.16679200530052185,0.1599240005016327,0.1599240005016327,0.1599240005016327,1086194
2016-07-07,0.1599240005016327,0.16482999920845032,0.15894299745559692,0.1599240005016327,0.1599240005016327,1258240
2016-07-08,0.16482999920845032,0.16384899616241455,0.16188600659370422,0.16188600659370422,0.16188600659370422,717029
2016-07-11,0.1628669947385788,0.16384899616241455,0.1599240005016327,0.1599240005016327,0.1599240005016327,614086
2016-07-12,0.15894299745559692,0.16679200530052185,0.15894299745559692,0.16090500354766846,0.16090500354766846,930048
2016-07-13,0.15894299745559692,0.16188600659370422,0.15796199440956116,0.16188600659370422,0.16188600659370422,1347932
2016-07-14,0.1628669947385788,0.16384899616241455,0.16090500354766846,0.16384899616241455,0.16384899616241455,81538
2016-07-15,0.16384899616241455,0.16679200530052185,0.16188600659370422,0.16679200530052185,0.16679200530052185,1872633
2016-07-18,0.1687539964914322,0.1687539964914322,0.16482999920845032,0.16581100225448608,0.16581100225448608,768500
2016-07-19,0.16581100225448608,0.17365999519824982,0.16581100225448608,0.16973499953746796,0.16973499953746796,3465895
2016-07-20,0.17169800400733948,0.17365999519824982,0.16973499953746796,0.17169800400733948,0.17169800400733948,1942960
2016-07-21,0.17169800400733948,0.18052799999713898,0.17071600258350372,0.17562200129032135,0.17562200129032135,4505918
2016-07-22,0.17267900705337524,0.17267900705337524,0.17169800400733948,0.17267900705337524,0.17267900705337524,374057
2016-07-25,0.17562200129032135,0.17660300433635712,0.16973499953746796,0.16973499953746796,0.16973499953746796,1648096
2016-07-26,0.17562200129032135,0.17660300433635712,0.16777299344539642,0.17071600258350372,0.17071600258350372,1543931
2016-07-27,0.1687539964914322,0.17365999519824982,0.16679200530052185,0.16679200530052185,0.16679200530052185,1452404
2016-07-28,0.16679200530052185,0.17169800400733948,0.16679200530052185,0.17071600258350372,0.17071600258350372,1247538
2016-07-29,0.17169800400733948,0.17365999519824982,0.16679200530052185,0.17071600258350372,0.17071600258350372,2979212
2016-08-01,0.1687539964914322,0.17267900705337524,0.16679200530052185,0.17169800400733948,0.17169800400733948,2374808
2016-08-02,0.17169800400733948,0.17169800400733948,0.17169800400733948,0.17169800400733948,0.17169800400733948,0
2016-08-03,0.16679200530052185,0.16973499953746796,0.16482999920845032,0.16973499953746796,0.16973499953746796,4525385
2016-08-04,0.17169800400733948,0.17267900705337524,0.1687539964914322,0.17267900705337524,0.17267900705337524,580757
2016-08-05,0.16973499953746796,0.17464099824428558,0.16973499953746796,0.17464099824428558,0.17464099824428558,1096182
2016-08-08,0.17562200129032135,0.17758400738239288,0.17169800400733948,0.17758400738239288,0.17758400738239288,2616365
2016-08-09,0.17464099824428558,0.17464099824428558,0.17464099824428558,0.17464099824428558,0.17464099824428558,478019
2016-08-10,0.17464099824428558,0.17464099824428558,0.17071600258350372,0.17169800400733948,0.17169800400733948,2018994
2016-08-11,0.1687539964914322,0.17169800400733948,0.16973499953746796,0.17071600258350372,0.17071600258350372,321567
2016-08-12,0.16777299344539642,0.16973499953746796,0.16777299344539642,0.16973499953746796,0.16973499953746796,354590
2016-08-15,0.16973499953746796,0.16973499953746796,0.16679200530052185,0.16777299344539642,0.16777299344539642,4026573
2016-08-16,0.1687539964914322,0.1687539964914322,0.16679200530052185,0.16679200530052185,0.16679200530052185,1060000
2016-08-17,0.16679200530052185,0.1687539964914322,0.16384899616241455,0.16777299344539642,0.16777299344539642,2021644
2016-08-18,0.16777299344539642,0.16777299344539642,0.16482999920845032,0.16581100225448608,0.16581100225448608,1328057
2016-08-19,0.16777299344539642,0.16777299344539642,0.16482999920845032,0.16581100225448608,0.16581100225448608,1885577
2016-08-22,0.16482999920845032,0.16482999920845032,0.16384899616241455,0.16384899616241455,0.16384899616241455,151865
2016-08-23,0.16384899616241455,0.16384899616241455,0.16090500354766846,0.16384899616241455,0.16384899616241455,614596
2016-08-24,0.15796199440956116,0.16090500354766846,0.15796199440956116,0.16090500354766846,0.16090500354766846,348577
2016-08-25,0.1628669947385788,0.1628669947385788,0.1628669947385788,0.1628669947385788,0.1628669947385788,0
2016-08-26,0.1628669947385788,0.16679200530052185,0.16188600659370422,0.1628669947385788,0.1628669947385788,2386019
2016-08-29,0.15894299745559692,0.16188600659370422,0.15796199440956116,0.16090500354766846,0.16090500354766846,73792
2016-08-30,0.15796199440956116,0.15894299745559692,0.15501800179481506,0.15796199440956116,0.15796199440956116,2203577
2016-08-31,0.15305599570274353,0.15796199440956116,0.15305599570274353,0.15796199440956116,0.15796199440956116,1120134
2016-09-01,0.15698100626468658,0.1599240005016327,0.1540369987487793,0.15894299745559692,0.15894299745559692,435721
2016-09-02,0.15894299745559692,0.16090500354766846,0.15698100626468658,0.16090500354766846,0.16090500354766846,580961
2016-09-05,0.15796199440956116,0.16581100225448608,0.15796199440956116,0.1599240005016327,0.1599240005016327,548346
2016-09-06,0.1599240005016327,0.1628669947385788,0.1599240005016327,0.1628669947385788,0.1628669947385788,417884
2016-09-07,0.16188600659370422,0.16581100225448608,0.16090500354766846,0.16482999920845032,0.16482999920845032,1694675
2016-09-08,0.1628669947385788,0.16973499953746796,0.1628669947385788,0.16777299344539642,0.16777299344539642,2155673
2016-09-09,0.17169800400733948,0.17267900705337524,0.16973499953746796,0.17071600258350372,0.17071600258350372,2194404
2016-09-12,0.16973499953746796,0.16973499953746796,0.16679200530052185,0.16679200530052185,0.16679200530052185,1856019
2016-09-13,0.16581100225448608,0.17071600258350372,0.16581100225448608,0.1687539964914322,0.1687539964914322,543046
2016-09-14,0.16581100225448608,0.17758400738239288,0.16581100225448608,0.17464099824428558,0.17464099824428558,6469059
2016-09-15,0.17464099824428558,0.17856499552726746,0.17464099824428558,0.17660300433635712,0.17660300433635712,1224096
2016-09-19,0.17562200129032135,0.1824900060892105,0.17169800400733948,0.1795469969511032,0.1795469969511032,1405519
2016-09-20,0.18347099423408508,0.18347099423408508,0.17267900705337524,0.18150900304317474,0.18150900304317474,494327
2016-09-21,0.17660300433635712,0.18347099423408508,0.17365999519824982,0.18150900304317474,0.18150900304317474,1846846
2016-09-22,0.18052799999713898,0.18150900304317474,0.16973499953746796,0.17660300433635712,0.17660300433635712,4811993
2016-09-23,0.17758400738239288,0.19328199326992035,0.17562200129032135,0.18739600479602814,0.18739600479602814,4858164
2016-09-26,0.19033899903297424,0.2030940055847168,0.18641500174999237,0.19622600078582764,0.19622600078582764,8227997
2016-09-27,0.2030940055847168,0.21094299852848053,0.19622600078582764,0.20211300253868103,0.20211300253868103,23777181
2016-09-28,0.2001499980688095,0.2001499980688095,0.19328199326992035,0.1942639946937561,0.1942639946937561,4499904
2016-09-29,0.19622600078582764,0.19916899502277374,0.18935799598693848,0.19328199326992035,0.19328199326992035,5822357
2016-09-30,0.19230100512504578,0.19622600078582764,0.18935799598693848,0.18935799598693848,0.18935799598693848,4251925
2016-10-03,0.19524499773979187,0.19524499773979187,0.18935799598693848,0.18935799598693848,0.18935799598693848,766971
2016-10-04,0.18641500174999237,0.19230100512504578,0.18935799598693848,0.19033899903297424,0.19033899903297424,356221
2016-10-05,0.18935799598693848,0.19622600078582764,0.18935799598693848,0.19328199326992035,0.19328199326992035,1152648
2016-10-06,0.19328199326992035,0.23449000716209412,0.19328199326992035,0.22860300540924072,0.22860300540924072,62910402
2016-10-07,0.23056499660015106,0.31396201252937317,0.23056499660015106,0.2698110044002533,0.2698110044002533,252399816
2016-10-11,0.27962198853492737,0.27962198853492737,0.24233900010585785,0.2698110044002533,0.2698110044002533,61929392
2016-10-12,0.26490500569343567,0.26490500569343567,0.2501879930496216,0.2550939917564392,0.2550939917564392,12106425
2016-10-13,0.25999900698661804,0.28943300247192383,0.2550939917564392,0.2698110044002533,0.2698110044002533,65749878
2016-10-14,0.27962198853492737,0.27962198853492737,0.26490500569343567,0.26490500569343567,0.26490500569343567,9957886
2016-10-17,0.26490500569343567,0.27471598982810974,0.2550939917564392,0.25999900698661804,0.25999900698661804,15096849
2016-10-18,0.2550939917564392,0.25999900698661804,0.2501879930496216,0.2550939917564392,0.2550939917564392,7316498
2016-10-19,0.2501879930496216,0.2698110044002533,0.2501879930496216,0.2501879930496216,0.2501879930496216,8229016
2016-10-20,0.2550939917564392,0.2698110044002533,0.2550939917564392,0.25999900698661804,0.25999900698661804,8750363
2016-10-21,0.25999900698661804,0.25999900698661804,0.25999900698661804,0.25999900698661804,0.25999900698661804,0
2016-10-24,0.25999900698661804,0.25999900698661804,0.2550939917564392,0.25999900698661804,0.25999900698661804,4662981
2016-10-25,0.25999900698661804,0.26490500569343567,0.2550939917564392,0.2550939917564392,0.2550939917564392,4291013
2016-10-26,0.2501879930496216,0.2501879930496216,0.2354709953069687,0.24037699401378632,0.24037699401378632,11717181
2016-10-27,0.2354709953069687,0.23841500282287598,0.22565999627113342,0.23056499660015106,0.23056499660015106,7035751
2016-10-28,0.2295839935541153,0.23743300139904022,0.2266409993171692,0.23350900411605835,0.23350900411605835,2608212
2016-10-31,0.23056499660015106,0.26490500569343567,0.23056499660015106,0.2501879930496216,0.2501879930496216,18779433
2016-11-01,0.2501879930496216,0.25999900698661804,0.24528199434280396,0.2501879930496216,0.2501879930496216,2965962
2016-11-02,0.2501879930496216,0.2501879930496216,0.24528199434280396,0.24528199434280396,0.24528199434280396,3225866
2016-11-03,0.24332000315189362,0.2501879930496216,0.24332000315189362,0.24528199434280396,0.24528199434280396,1840731
2016-11-04,0.24528199434280396,0.2550939917564392,0.24135799705982208,0.2550939917564392,0.2550939917564392,7811386
2016-11-07,0.2550939917564392,0.2550939917564392,0.2501879930496216,0.2501879930496216,0.2501879930496216,695115
2016-11-08,0.24528199434280396,0.2501879930496216,0.24037699401378632,0.24037699401378632,0.24037699401378632,1659919
2016-11-09,0.24037699401378632,0.24037699401378632,0.2295839935541153,0.2354709953069687,0.2354709953069687,2197462
2016-11-10,0.2501879930496216,0.25999900698661804,0.24528199434280396,0.2501879930496216,0.2501879930496216,3699808
2016-11-11,0.2550939917564392,0.2550939917564392,0.2501879930496216,0.2501879930496216,0.2501879930496216,2544000
2016-11-14,0.2501879930496216,0.2550939917564392,0.24528199434280396,0.24528199434280396,0.24528199434280396,1071211
2016-11-15,0.2550939917564392,0.25999900698661804,0.24528199434280396,0.2501879930496216,0.2501879930496216,512673
2016-11-16,0.2501879930496216,0.2501879930496216,0.24528199434280396,0.24528199434280396,0.24528199434280396,593192
2016-11-17,0.24528199434280396,0.24528199434280396,0.24332000315189362,0.24528199434280396,0.24528199434280396,731298
2016-11-18,0.24037699401378632,0.24037699401378632,0.24037699401378632,0.24037699401378632,0.24037699401378632,1322554
2016-11-21,0.23743300139904022,0.24037699401378632,0.2354709953069687,0.23939600586891174,0.23939600586891174,1050419
2016-11-22,0.2354709953069687,0.23939600586891174,0.23449000716209412,0.2354709953069687,0.2354709953069687,1632298
2016-11-23,0.2354709953069687,0.23841500282287598,0.2354709953069687,0.2354709953069687,0.2354709953069687,528471
2016-11-24,0.2354709953069687,0.2354709953069687,0.23350900411605835,0.23350900411605835,0.23350900411605835,1935010
2016-11-25,0.23350900411605835,0.24037699401378632,0.23350900411605835,0.2354709953069687,0.2354709953069687,1895260
2016-11-28,0.2354709953069687,0.2354709953069687,0.23252800107002258,0.23743300139904022,0.23743300139904022,1234288
2016-11-29,0.23252800107002258,0.23252800107002258,0.23056499660015106,0.23056499660015106,0.23056499660015106,1580827
2016-11-30,0.22565999627113342,0.23056499660015106,0.2207539975643158,0.2295839935541153,0.2295839935541153,2224471
2016-12-01,0.2295839935541153,0.24528199434280396,0.2295839935541153,0.23449000716209412,0.23449000716209412,1755115
2016-12-02,0.24037699401378632,0.24037699401378632,0.22271600365638733,0.2266409993171692,0.2266409993171692,591153
2016-12-05,0.22271600365638733,0.24037699401378632,0.22173500061035156,0.22762200236320496,0.22762200236320496,1369846
2016-12-06,0.2266409993171692,0.23939600586891174,0.2266409993171692,0.23154699802398682,0.23154699802398682,1683769
2016-12-07,0.22565999627113342,0.23939600586891174,0.22369800508022308,0.22369800508022308,0.22369800508022308,2262692
2016-12-08,0.22369800508022308,0.22369800508022308,0.22173500061035156,0.22271600365638733,0.22271600365638733,334307
2016-12-09,0.22271600365638733,0.22762200236320496,0.2207539975643158,0.22762200236320496,0.22762200236320496,552423
2016-12-12,0.23645199835300446,0.23645199835300446,0.22369800508022308,0.22467899322509766,0.22467899322509766,1182307
2016-12-13,0.22369800508022308,0.23252800107002258,0.22271600365638733,0.22860300540924072,0.22860300540924072,471700
2016-12-14,0.22271600365638733,0.2295839935541153,0.2207539975643158,0.22565999627113342,0.22565999627113342,210471
2016-12-15,0.23056499660015106,0.23154699802398682,0.21879200637340546,0.22860300540924072,0.22860300540924072,1298500
2016-12-16,0.2354709953069687,0.2354709953069687,0.21977299451828003,0.2207539975643158,0.2207539975643158,315961
2016-12-19,0.2178110033273697,0.22369800508022308,0.1972070038318634,0.22369800508022308,0.22369800508022308,2832442
2016-12-20,0.2207539975643158,0.2207539975643158,0.21388599276542664,0.21683000028133392,0.21683000028133392,982538
2016-12-21,0.2030940055847168,0.21388599276542664,0.20211300253868103,0.21388599276542664,0.21388599276542664,1032481
2016-12-22,0.21388599276542664,0.21388599276542664,0.21094299852848053,0.21094299852848053,0.21094299852848053,944827
2016-12-23,0.1972070038318634,0.21290500462055206,0.1972070038318634,0.2119240015745163,0.2119240015745163,831692
2016-12-28,0.21094299852848053,0.21584899723529816,0.21094299852848053,0.2119240015745163,0.2119240015745163,420330
2016-12-29,0.2119240015745163,0.22565999627113342,0.2119240015745163,0.21683000028133392,0.21683000028133392,240538
2016-12-30,0.2207539975643158,0.2207539975643158,0.21290500462055206,0.21879200637340546,0.21879200637340546,149317
2017-01-03,0.22565999627113342,0.23056499660015106,0.2207539975643158,0.23056499660015106,0.23056499660015106,266019
2017-01-04,0.23056499660015106,0.23056499660015106,0.20407499372959137,0.22467899322509766,0.22467899322509766,288340
2017-01-05,0.22565999627113342,0.23056499660015106,0.21584899723529816,0.22565999627113342,0.22565999627113342,291500
2017-01-06,0.21584899723529816,0.22762200236320496,0.21388599276542664,0.22762200236320496,0.22762200236320496,510634
2017-01-09,0.22565999627113342,0.22565999627113342,0.21094299852848053,0.21094299852848053,0.21094299852848053,205375
2017-01-10,0.22467899322509766,0.22565999627113342,0.2148669958114624,0.22565999627113342,0.22565999627113342,1395531
2017-01-11,0.22467899322509766,0.23350900411605835,0.22467899322509766,0.23056499660015106,0.23056499660015106,3321673
2017-01-12,0.23056499660015106,0.23841500282287598,0.23056499660015106,0.2354709953069687,0.2354709953069687,3156048
2017-01-13,0.2295839935541153,0.23350900411605835,0.2207539975643158,0.23252800107002258,0.23252800107002258,1222363
2017-01-16,0.23252800107002258,0.24037699401378632,0.23154699802398682,0.23449000716209412,0.23449000716209412,1784673
2017-01-17,0.2354709953069687,0.23743300139904022,0.2354709953069687,0.2354709953069687,0.2354709953069687,2323642
2017-01-18,0.23743300139904022,0.2501879930496216,0.2354709953069687,0.24528199434280396,0.24528199434280396,4662472
2017-01-19,0.24528199434280396,0.2550939917564392,0.24037699401378632,0.2550939917564392,0.2550939917564392,5980796
2017-01-20,0.2550939917564392,0.284527987241745,0.24528199434280396,0.27471598982810974,0.27471598982810974,19628350
2017-01-23,0.27962198853492737,0.284527987241745,0.2550939917564392,0.2698110044002533,0.2698110044002533,11101973
2017-01-24,0.27471598982810974,0.27471598982810974,0.2501879930496216,0.26490500569343567,0.26490500569343567,3959202
2017-01-25,0.25999900698661804,0.25999900698661804,0.2501879930496216,0.25999900698661804,0.25999900698661804,1395582
2017-01-26,0.26490500569343567,0.26490500569343567,0.2501879930496216,0.2550939917564392,0.2550939917564392,1287033
2017-01-27,0.2550939917564392,0.25999900698661804,0.2550939917564392,0.25999900698661804,0.25999900698661804,329211
2017-02-01,0.2698110044002533,0.2698110044002533,0.2501879930496216,0.2550939917564392,0.2550939917564392,2052221
2017-02-02,0.26490500569343567,0.26490500569343567,0.2501879930496216,0.25999900698661804,0.25999900698661804,2186250
2017-02-03,0.25999900698661804,0.27471598982810974,0.2501879930496216,0.2698110044002533,0.2698110044002533,6285597
2017-02-06,0.27471598982810974,0.27471598982810974,0.2550939917564392,0.26490500569343567,0.26490500569343567,3519404
2017-02-07,0.25999900698661804,0.25999900698661804,0.2501879930496216,0.2550939917564392,0.2550939917564392,4032077
2017-02-08,0.2501879930496216,0.2550939917564392,0.24528199434280396,0.2501879930496216,0.2501879930496216,2540840
2017-02-09,0.2550939917564392,0.2550939917564392,0.2501879930496216,0.2550939917564392,0.2550939917564392,2043558
2017-02-10,0.2550939917564392,0.2550939917564392,0.24528199434280396,0.24528199434280396,0.24528199434280396,1679081
2017-02-13,0.24528199434280396,0.2501879930496216,0.24528199434280396,0.24528199434280396,0.24528199434280396,2691687
2017-02-14,0.24332000315189362,0.26490500569343567,0.23743300139904022,0.2550939917564392,0.2550939917564392,22345926
2017-02-15,0.25999900698661804,0.26490500569343567,0.2501879930496216,0.2501879930496216,0.2501879930496216,9973481
2017-02-16,0.2550939917564392,0.26490500569343567,0.24528199434280396,0.2550939917564392,0.2550939917564392,11787151
2017-02-17,0.2550939917564392,0.26490500569343567,0.2501879930496216,0.25999900698661804,0.25999900698661804,11169242
2017-02-20,0.25999900698661804,0.26490500569343567,0.2550939917564392,0.2550939917564392,0.2550939917564392,7603259
2017-02-21,0.2550939917564392,0.2550939917564392,0.2501879930496216,0.2550939917564392,0.2550939917564392,4096289
2017-02-22,0.2550939917564392,0.2550939917564392,0.2501879930496216,0.2550939917564392,0.2550939917564392,2086365
2017-02-23,0.2501879930496216,0.26490500569343567,0.2501879930496216,0.25999900698661804,0.25999900698661804,5582837
2017-02-24,0.25999900698661804,0.26490500569343567,0.2550939917564392,0.25999900698661804,0.25999900698661804,3347664
2017-02-27,0.2550939917564392,0.2550939917564392,0.2501879930496216,0.2550939917564392,0.2550939917564392,2601077
2017-02-28,0.2550939917564392,0.2550939917564392,0.2501879930496216,0.2550939917564392,0.2550939917564392,1331115
2017-03-01,0.2550939917564392,0.25999900698661804,0.2501879930496216,0.2550939917564392,0.2550939917564392,2274719
2017-03-02,0.2550939917564392,0.25999900698661804,0.2550939917564392,0.2550939917564392,0.2550939917564392,3685539
2017-03-03,0.25999900698661804,0.25999900698661804,0.2501879930496216,0.2550939917564392,0.2550939917564392,1723010
2017-03-06,0.25999900698661804,0.25999900698661804,0.2501879930496216,0.2550939917564392,0.2550939917564392,624278
2017-03-07,0.2550939917564392,0.25999900698661804,0.2550939917564392,0.25999900698661804,0.25999900698661804,2489981
2017-03-08,0.25999900698661804,0.25999900698661804,0.2550939917564392,0.2550939917564392,0.2550939917564392,2200825
2017-03-09,0.2550939917564392,0.2550939917564392,0.2501879930496216,0.2501879930496216,0.2501879930496216,5132541
2017-03-10,0.2501879930496216,0.2550939917564392,0.2501879930496216,0.2501879930496216,0.2501879930496216,2189308
2017-03-13,0.2550939917564392,0.2550939917564392,0.2501879930496216,0.2501879930496216,0.2501879930496216,2851298
2017-03-14,0.2501879930496216,0.2550939917564392,0.2501879930496216,0.2501879930496216,0.2501879930496216,1140162
2017-03-15,0.2501879930496216,0.2550939917564392,0.2501879930496216,0.2501879930496216,0.2501879930496216,1762250
2017-03-16,0.2550939917564392,0.26490500569343567,0.2550939917564392,0.25999900698661804,0.25999900698661804,11014625
2017-03-17,0.25999999046325684,0.25999999046325684,0.2549999952316284,0.2549999952316284,0.2549999952316284,6279000
2017-03-20,0.2549999952316284,0.2549999952316284,0.25,0.2549999952316284,0.2549999952316284,2378700
2017-03-21,0.2549999952316284,0.2549999952316284,0.25,0.25,0.25,6557800
2017-03-22,0.2549999952316284,0.2549999952316284,0.25,0.2549999952316284,0.2549999952316284,746000
2017-03-23,0.2549999952316284,0.2549999952316284,0.25,0.25,0.25,1414500
2017-03-24,0.25,0.2549999952316284,0.25,0.25,0.25,8465500
2017-03-27,0.25,0.2549999952316284,0.24799999594688416,0.24799999594688416,0.24799999594688416,6802900
2017-03-28,0.24799999594688416,0.2549999952316284,0.24799999594688416,0.24799999594688416,0.24799999594688416,6291750
2017-03-29,0.24799999594688416,0.25,0.24799999594688416,0.25,0.25,3149250
2017-03-30,0.25,0.2750000059604645,0.24899999797344208,0.2549999952316284,0.2549999952316284,22464050
2017-03-31,0.25999999046325684,0.25999999046325684,0.25,0.25,0.25,3743350
2017-04-03,0.25,0.2549999952316284,0.25,0.25,0.25,3841000
2017-04-05,0.25,0.2549999952316284,0.25,0.25,0.25,16032400
2017-04-06,0.25,0.2549999952316284,0.24899999797344208,0.24899999797344208,0.24899999797344208,11772850
2017-04-07,0.24899999797344208,0.2549999952316284,0.24699999392032623,0.2549999952316284,0.2549999952316284,9990500
2017-04-10,0.2549999952316284,0.2750000059604645,0.25,0.27000001072883606,0.27000001072883606,33663197
2017-04-11,0.27000001072883606,0.2800000011920929,0.27000001072883606,0.2750000059604645,0.2750000059604645,18689150
2017-04-12,0.2750000059604645,0.2800000011920929,0.25999999046325684,0.2750000059604645,0.2750000059604645,11332500
2017-04-13,0.27000001072883606,0.2800000011920929,0.27000001072883606,0.2750000059604645,0.2750000059604645,7719950
2017-04-18,0.2750000059604645,0.2750000059604645,0.27000001072883606,0.27000001072883606,0.27000001072883606,3163300
2017-04-19,0.27000001072883606,0.27000001072883606,0.26499998569488525,0.26499998569488525,0.26499998569488525,6520500
2017-04-20,0.26499998569488525,0.30000001192092896,0.26499998569488525,0.30000001192092896,0.30000001192092896,26457400
2017-04-21,0.30000001192092896,0.3149999976158142,0.2800000011920929,0.28999999165534973,0.28999999165534973,35548750
2017-04-24,0.28999999165534973,0.3149999976158142,0.2750000059604645,0.3100000023841858,0.3100000023841858,28964250
2017-04-25,0.3100000023841858,0.33500000834465027,0.3050000071525574,0.3199999928474426,0.3199999928474426,46065750
2017-04-26,0.3199999928474426,0.33000001311302185,0.3100000023841858,0.3100000023841858,0.3100000023841858,12251500
2017-04-27,0.3100000023841858,0.3400000035762787,0.3100000023841858,0.3400000035762787,0.3400000035762787,26824425
2017-04-28,0.3400000035762787,0.3449999988079071,0.33000001311302185,0.33500000834465027,0.33500000834465027,17428600
2017-05-02,0.33500000834465027,0.33500000834465027,0.3149999976158142,0.3199999928474426,0.3199999928474426,12704400
2017-05-04,0.3199999928474426,0.32499998807907104,0.3100000023841858,0.3149999976158142,0.3149999976158142,9009000
2017-05-05,0.3199999928474426,0.3199999928474426,0.29499998688697815,0.30000001192092896,0.30000001192092896,16368100
2017-05-08,0.30000001192092896,0.3050000071525574,0.30000001192092896,0.3050000071525574,0.3050000071525574,3875700
2017-05-09,0.30000001192092896,0.30000001192092896,0.2849999964237213,0.30000001192092896,0.30000001192092896,13866900
2017-05-10,0.30000001192092896,0.30000001192092896,0.2849999964237213,0.29499998688697815,0.29499998688697815,5260600
2017-05-11,0.29499998688697815,0.3050000071525574,0.28999999165534973,0.30000001192092896,0.30000001192092896,4679000
2017-05-12,0.30000001192092896,0.3199999928474426,0.30000001192092896,0.3050000071525574,0.3050000071525574,3657250
2017-05-15,0.3100000023841858,0.32499998807907104,0.3100000023841858,0.3199999928474426,0.3199999928474426,6675900
2017-05-16,0.3199999928474426,0.32499998807907104,0.3050000071525574,0.3100000023841858,0.3100000023841858,5400500
2017-05-17,0.3100000023841858,0.3199999928474426,0.3100000023841858,0.3199999928474426,0.3199999928474426,5186800
2017-05-18,0.3149999976158142,0.3199999928474426,0.30000001192092896,0.30000001192092896,0.30000001192092896,3842000
2017-05-19,0.30000001192092896,0.3149999976158142,0.30000001192092896,0.3050000071525574,0.3050000071525574,6872400
2017-05-22,0.3050000071525574,0.3100000023841858,0.3050000071525574,0.3050000071525574,0.3050000071525574,2518300
2017-05-23,0.3100000023841858,0.3100000023841858,0.3050000071525574,0.3050000071525574,0.3050000071525574,2057975
2017-05-24,0.3050000071525574,0.3050000071525574,0.30000001192092896,0.30000001192092896,0.30000001192092896,1978000
2017-05-25,0.30000001192092896,0.3050000071525574,0.29499998688697815,0.30000001192092896,0.30000001192092896,2606000
2017-05-26,0.30000001192092896,0.3050000071525574,0.30000001192092896,0.30000001192092896,0.30000001192092896,1981700
2017-05-29,0.30000001192092896,0.3100000023841858,0.30000001192092896,0.3050000071525574,0.3050000071525574,652500
2017-05-31,0.3050000071525574,0.3050000071525574,0.29499998688697815,0.30000001192092896,0.30000001192092896,2422000
2017-06-01,0.29499998688697815,0.30000001192092896,0.29499998688697815,0.29499998688697815,0.29499998688697815,1223800
2017-06-02,0.29499998688697815,0.30000001192092896,0.28999999165534973,0.29499998688697815,0.29499998688697815,2484150
2017-06-05,0.28999999165534973,0.29499998688697815,0.2849999964237213,0.2849999964237213,0.2849999964237213,3651000
2017-06-06,0.28999999165534973,0.28999999165534973,0.25999999046325684,0.2750000059604645,0.2750000059604645,7710200
2017-06-07,0.2750000059604645,0.2750000059604645,0.26499998569488525,0.2750000059604645,0.2750000059604645,1588500
2017-06-08,0.2750000059604645,0.2800000011920929,0.27000001072883606,0.2800000011920929,0.2800000011920929,678000
2017-06-09,0.2800000011920929,0.2800000011920929,0.26499998569488525,0.27000001072883606,0.27000001072883606,3468750
2017-06-12,0.26499998569488525,0.26499998569488525,0.25999999046325684,0.26499998569488525,0.26499998569488525,764000
2017-06-13,0.26499998569488525,0.2750000059604645,0.25999999046325684,0.26499998569488525,0.26499998569488525,7730500
2017-06-14,0.26499998569488525,0.27000001072883606,0.25999999046325684,0.26499998569488525,0.26499998569488525,1704500
2017-06-15,0.26499998569488525,0.27000001072883606,0.25999999046325684,0.26499998569488525,0.26499998569488525,1045500
2017-06-16,0.26499998569488525,0.26499998569488525,0.25999999046325684,0.26499998569488525,0.26499998569488525,1901900
2017-06-19,0.26499998569488525,0.26499998569488525,0.2549999952316284,0.2549999952316284,0.2549999952316284,4612500
2017-06-20,0.26499998569488525,0.28999999165534973,0.25999999046325684,0.26499998569488525,0.26499998569488525,9762200
2017-06-21,0.26499998569488525,0.27000001072883606,0.25999999046325684,0.25999999046325684,0.25999999046325684,1726500
2017-06-22,0.25999999046325684,0.27000001072883606,0.25999999046325684,0.26499998569488525,0.26499998569488525,1971750
2017-06-23,0.26499998569488525,0.27000001072883606,0.25999999046325684,0.26499998569488525,0.26499998569488525,883250
2017-06-26,0.25999999046325684,0.26499998569488525,0.25999999046325684,0.25999999046325684,0.25999999046325684,2700000
2017-06-27,0.25999999046325684,0.26499998569488525,0.24199999868869781,0.2549999952316284,0.2549999952316284,17963000
2017-06-28,0.2549999952316284,0.25999999046325684,0.25,0.25,0.25,2552000
2017-06-29,0.2549999952316284,0.25999999046325684,0.25,0.2549999952316284,0.2549999952316284,1807550
2017-06-30,0.2549999952316284,0.25999999046325684,0.2549999952316284,0.25999999046325684,0.25999999046325684,608000
2017-07-03,0.2549999952316284,0.25999999046325684,0.2549999952316284,0.25999999046325684,0.25999999046325684,1504500
2017-07-04,0.2549999952316284,0.25999999046325684,0.2460000067949295,0.2460000067949295,0.2460000067949295,8378500
2017-07-05,0.24199999868869781,0.24199999868869781,0.23000000417232513,0.23600000143051147,0.23600000143051147,3303500
2017-07-06,0.23499999940395355,0.24300000071525574,0.23499999940395355,0.23600000143051147,0.23600000143051147,4965000
2017-07-07,0.23199999332427979,0.23399999737739563,0.20999999344348907,0.23000000417232513,0.23000000417232513,1622500
2017-07-10,0.22300000488758087,0.22300000488758087,0.20200000703334808,0.2160000056028366,0.2160000056028366,7189000
2017-07-11,0.21699999272823334,0.23000000417232513,0.21699999272823334,0.2199999988079071,0.2199999988079071,343300
2017-07-12,0.21400000154972076,0.23000000417232513,0.20600000023841858,0.22499999403953552,0.22499999403953552,3604300
2017-07-13,0.21400000154972076,0.23000000417232513,0.21400000154972076,0.2199999988079071,0.2199999988079071,746000
2017-07-14,0.2199999988079071,0.22599999606609344,0.2150000035762787,0.21699999272823334,0.21699999272823334,977000
2017-07-17,0.21699999272823334,0.2240000069141388,0.2160000056028366,0.2240000069141388,0.2240000069141388,1125000
2017-07-18,0.22200000286102295,0.23000000417232513,0.22200000286102295,0.22599999606609344,0.22599999606609344,838250
2017-07-19,0.24400000274181366,0.24400000274181366,0.2329999953508377,0.2370000034570694,0.2370000034570694,955300
2017-07-20,0.2370000034570694,0.2370000034570694,0.22699999809265137,0.23600000143051147,0.23600000143051147,1285500
2017-07-21,0.23199999332427979,0.23999999463558197,0.23199999332427979,0.23999999463558197,0.23999999463558197,1355750
2017-07-24,0.23899999260902405,0.26499998569488525,0.23899999260902405,0.26499998569488525,0.26499998569488525,8576200
2017-07-25,0.25999999046325684,0.25999999046325684,0.2549999952316284,0.2549999952316284,0.2549999952316284,1372000
2017-07-26,0.25,0.25,0.24500000476837158,0.24500000476837158,0.24500000476837158,2328366
2017-07-27,0.25,0.25999999046325684,0.25,0.25,0.25,533500
2017-07-28,0.24500000476837158,0.25,0.24500000476837158,0.25,0.25,595500
2017-07-31,0.24500000476837158,0.24899999797344208,0.24300000071525574,0.24699999392032623,0.24699999392032623,244000
2017-08-01,0.2460000067949295,0.24699999392032623,0.23999999463558197,0.2460000067949295,0.2460000067949295,177000
2017-08-02,0.23999999463558197,0.24500000476837158,0.23999999463558197,0.24500000476837158,0.24500000476837158,184000
2017-08-03,0.23999999463558197,0.24199999868869781,0.23800000548362732,0.23800000548362732,0.23800000548362732,144200
2017-08-04,0.23600000143051147,0.24899999797344208,0.23600000143051147,0.24899999797344208,0.24899999797344208,1462600
2017-08-07,0.24199999868869781,0.24500000476837158,0.23899999260902405,0.23899999260902405,0.23899999260902405,839000
2017-08-08,0.23899999260902405,0.2460000067949295,0.23800000548362732,0.23800000548362732,0.23800000548362732,671900
2017-08-09,0.23499999940395355,0.23999999463558197,0.23499999940395355,0.23999999463558197,0.23999999463558197,440834
2017-08-10,0.2370000034570694,0.2370000034570694,0.23000000417232513,0.23399999737739563,0.23399999737739563,3755000
2017-08-11,0.2329999953508377,0.2329999953508377,0.22200000286102295,0.2240000069141388,0.2240000069141388,3143000
2017-08-14,0.2240000069141388,0.23199999332427979,0.2240000069141388,0.2240000069141388,0.2240000069141388,375000
2017-08-15,0.22599999606609344,0.22699999809265137,0.2199999988079071,0.2199999988079071,0.2199999988079071,1396000
2017-08-16,0.22100000083446503,0.22100000083446503,0.21899999678134918,0.2199999988079071,0.2199999988079071,2019800
2017-08-17,0.22100000083446503,0.22100000083446503,0.2150000035762787,0.2160000056028366,0.2160000056028366,2681000
2017-08-18,0.20999999344348907,0.21400000154972076,0.20399999618530273,0.20900000631809235,0.20900000631809235,6899300
2017-08-21,0.20800000429153442,0.21400000154972076,0.19699999690055847,0.21400000154972076,0.21400000154972076,10650500
2017-08-22,0.21400000154972076,0.2199999988079071,0.2029999941587448,0.20499999821186066,0.20499999821186066,1007500
2017-08-23,0.20499999821186066,0.20499999821186066,0.20499999821186066,0.20499999821186066,0.20499999821186066,0
2017-08-24,0.21199999749660492,0.21400000154972076,0.210999995470047,0.21299999952316284,0.21299999952316284,2925000
2017-08-25,0.210999995470047,0.21199999749660492,0.210999995470047,0.210999995470047,0.210999995470047,751250
2017-08-28,0.210999995470047,0.210999995470047,0.210999995470047,0.210999995470047,0.210999995470047,237500
2017-08-29,0.21199999749660492,0.21799999475479126,0.2070000022649765,0.21799999475479126,0.21799999475479126,2426000
2017-08-30,0.2199999988079071,0.22499999403953552,0.21699999272823334,0.21799999475479126,0.21799999475479126,400000
2017-08-31,0.21899999678134918,0.22499999403953552,0.21899999678134918,0.2199999988079071,0.2199999988079071,724000
2017-09-01,0.2199999988079071,0.25999999046325684,0.2199999988079071,0.23399999737739563,0.23399999737739563,5350500
2017-09-04,0.24899999797344208,0.24899999797344208,0.23000000417232513,0.2329999953508377,0.2329999953508377,1334600
2017-09-05,0.2280000001192093,0.23399999737739563,0.22499999403953552,0.22599999606609344,0.22599999606609344,1113000
2017-09-06,0.23000000417232513,0.23399999737739563,0.22699999809265137,0.23399999737739563,0.23399999737739563,824500
2017-09-07,0.23499999940395355,0.23499999940395355,0.2290000021457672,0.2290000021457672,0.2290000021457672,14500
2017-09-08,0.22499999403953552,0.2280000001192093,0.22200000286102295,0.22599999606609344,0.22599999606609344,638000
2017-09-11,0.22599999606609344,0.2290000021457672,0.22599999606609344,0.22599999606609344,0.22599999606609344,1367625
2017-09-12,0.22599999606609344,0.22599999606609344,0.22599999606609344,0.22599999606609344,0.22599999606609344,102000
2017-09-13,0.2240000069141388,0.22599999606609344,0.2199999988079071,0.2199999988079071,0.2199999988079071,1479500
2017-09-14,0.2199999988079071,0.22599999606609344,0.2199999988079071,0.22200000286102295,0.22200000286102295,2239500
2017-09-15,0.2199999988079071,0.22200000286102295,0.2150000035762787,0.2199999988079071,0.2199999988079071,685500
2017-09-18,0.22100000083446503,0.23000000417232513,0.22100000083446503,0.23000000417232513,0.23000000417232513,1388500
2017-09-19,0.22100000083446503,0.22599999606609344,0.2199999988079071,0.22599999606609344,0.22599999606609344,280000
2017-09-20,0.22100000083446503,0.2280000001192093,0.22100000083446503,0.22499999403953552,0.22499999403953552,164900
2017-09-21,0.22499999403953552,0.23199999332427979,0.2240000069141388,0.22599999606609344,0.22599999606609344,1498500
2017-09-22,0.22300000488758087,0.23100000619888306,0.22200000286102295,0.23100000619888306,0.23100000619888306,133000
2017-09-25,0.22499999403953552,0.2329999953508377,0.22300000488758087,0.2329999953508377,0.2329999953508377,1272500
2017-09-26,0.23399999737739563,0.23399999737739563,0.22499999403953552,0.22699999809265137,0.22699999809265137,91000
2017-09-27,0.2240000069141388,0.23000000417232513,0.22300000488758087,0.2240000069141388,0.2240000069141388,233000
2017-09-28,0.22699999809265137,0.2329999953508377,0.22699999809265137,0.23199999332427979,0.23199999332427979,1943500
2017-09-29,0.23100000619888306,0.23600000143051147,0.22699999809265137,0.23100000619888306,0.23100000619888306,1523750
2017-10-03,0.23499999940395355,0.23600000143051147,0.23000000417232513,0.23600000143051147,0.23600000143051147,2854000
2017-10-04,0.2160000056028366,0.23600000143051147,0.2160000056028366,0.23199999332427979,0.23199999332427979,837500
2017-10-06,0.23199999332427979,0.25,0.23199999332427979,0.24199999868869781,0.24199999868869781,3543000
2017-10-09,0.23800000548362732,0.25999999046325684,0.23800000548362732,0.25,0.25,10077000
2017-10-10,0.25,0.25999999046325684,0.24699999392032623,0.25999999046325684,0.25999999046325684,4816250
2017-10-11,0.25999999046325684,0.2549999952316284,0.25,0.25,0.25,1661500
2017-10-12,0.25,0.25999999046325684,0.25,0.2549999952316284,0.2549999952316284,695000
2017-10-13,0.25,0.25999999046325684,0.25,0.25999999046325684,0.25999999046325684,3605900
2017-10-16,0.26499998569488525,0.2750000059604645,0.25999999046325684,0.2750000059604645,0.2750000059604645,6251500
2017-10-17,0.2750000059604645,0.2750000059604645,0.26499998569488525,0.27000001072883606,0.27000001072883606,2019300
2017-10-18,0.26499998569488525,0.27000001072883606,0.26499998569488525,0.26499998569488525,0.26499998569488525,1014000
2017-10-19,0.2750000059604645,0.30000001192092896,0.27000001072883606,0.2750000059604645,0.2750000059604645,13749100
2017-10-20,0.2750000059604645,0.2800000011920929,0.26499998569488525,0.2800000011920929,0.2800000011920929,2417500
2017-10-23,0.2750000059604645,0.29499998688697815,0.25999999046325684,0.2800000011920929,0.2800000011920929,16908727
2017-10-24,0.2849999964237213,0.28999999165534973,0.27000001072883606,0.27000001072883606,0.27000001072883606,2810000
2017-10-25,0.26499998569488525,0.2800000011920929,0.26499998569488525,0.2800000011920929,0.2800000011920929,157750
2017-10-26,0.26499998569488525,0.27000001072883606,0.26499998569488525,0.26499998569488525,0.26499998569488525,728500
2017-10-27,0.26499998569488525,0.27000001072883606,0.25999999046325684,0.25999999046325684,0.25999999046325684,2281200
2017-10-30,0.26499998569488525,0.2750000059604645,0.25,0.26499998569488525,0.26499998569488525,4660500
2017-10-31,0.25999999046325684,0.27000001072883606,0.2549999952316284,0.27000001072883606,0.27000001072883606,2133000
2017-11-01,0.25999999046325684,0.25999999046325684,0.2549999952316284,0.2549999952316284,0.2549999952316284,752000
2017-11-02,0.2549999952316284,0.25999999046325684,0.2549999952316284,0.25999999046325684,0.25999999046325684,607500
2017-11-03,0.2549999952316284,0.25999999046325684,0.2549999952316284,0.25999999046325684,0.25999999046325684,690000
2017-11-06,0.25999999046325684,0.26499998569488525,0.25,0.25,0.25,754000
2017-11-07,0.25,0.25,0.2460000067949295,0.2460000067949295,0.2460000067949295,2263500
2017-11-08,0.24500000476837158,0.24500000476837158,0.23999999463558197,0.23999999463558197,0.23999999463558197,968400
2017-11-09,0.24500000476837158,0.25,0.23999999463558197,0.24500000476837158,0.24500000476837158,415000
2017-11-10,0.24300000071525574,0.24500000476837158,0.24300000071525574,0.24500000476837158,0.24500000476837158,517000
2017-11-13,0.2409999966621399,0.2409999966621399,0.23199999332427979,0.23800000548362732,0.23800000548362732,1898000
2017-11-14,0.23800000548362732,0.24500000476837158,0.23600000143051147,0.23600000143051147,0.23600000143051147,1365000
2017-11-15,0.23600000143051147,0.23600000143051147,0.23399999737739563,0.23399999737739563,0.23399999737739563,524916
2017-11-16,0.23399999737739563,0.23399999737739563,0.23000000417232513,0.23000000417232513,0.23000000417232513,2189000
2017-11-17,0.2329999953508377,0.2329999953508377,0.20800000429153442,0.2199999988079071,0.2199999988079071,8202900
2017-11-20,0.22300000488758087,0.22300000488758087,0.2150000035762787,0.2150000035762787,0.2150000035762787,2937500
2017-11-21,0.2199999988079071,0.2199999988079071,0.21299999952316284,0.21799999475479126,0.21799999475479126,665500
2017-11-22,0.2160000056028366,0.21799999475479126,0.21400000154972076,0.2150000035762787,0.2150000035762787,4329500
2017-11-23,0.21400000154972076,0.21899999678134918,0.21400000154972076,0.21899999678134918,0.21899999678134918,957100
2017-11-24,0.21899999678134918,0.21899999678134918,0.20999999344348907,0.21400000154972076,0.21400000154972076,752300
2017-11-27,0.2150000035762787,0.2150000035762787,0.2150000035762787,0.2150000035762787,0.2150000035762787,433500
2017-11-28,0.21199999749660492,0.21199999749660492,0.20999999344348907,0.20999999344348907,0.20999999344348907,401200
2017-11-29,0.20999999344348907,0.21799999475479126,0.20999999344348907,0.21799999475479126,0.21799999475479126,168750
2017-11-30,0.21400000154972076,0.21400000154972076,0.21400000154972076,0.21400000154972076,0.21400000154972076,0
2017-12-01,0.2150000035762787,0.2150000035762787,0.2150000035762787,0.2150000035762787,0.2150000035762787,0
2017-12-04,0.21400000154972076,0.21400000154972076,0.20999999344348907,0.20999999344348907,0.20999999344348907,807000
2017-12-05,0.20999999344348907,0.21400000154972076,0.20900000631809235,0.210999995470047,0.210999995470047,315000
2017-12-06,0.20999999344348907,0.21400000154972076,0.2070000022649765,0.20800000429153442,0.20800000429153442,576000
2017-12-07,0.20000000298023224,0.2070000022649765,0.19900000095367432,0.20100000500679016,0.20100000500679016,1370000
2017-12-08,0.20499999821186066,0.20999999344348907,0.20399999618530273,0.20499999821186066,0.20499999821186066,1316000
2017-12-11,0.20999999344348907,0.20999999344348907,0.20999999344348907,0.20999999344348907,0.20999999344348907,0
2017-12-12,0.210999995470047,0.210999995470047,0.20999999344348907,0.20999999344348907,0.20999999344348907,761400
2017-12-13,0.20800000429153442,0.20999999344348907,0.20800000429153442,0.20999999344348907,0.20999999344348907,392500
2017-12-14,0.20999999344348907,0.21199999749660492,0.20999999344348907,0.20999999344348907,0.20999999344348907,1631500
2017-12-15,0.20900000631809235,0.20999999344348907,0.20900000631809235,0.20999999344348907,0.20999999344348907,909350
2017-12-18,0.20999999344348907,0.20999999344348907,0.20200000703334808,0.20200000703334808,0.20200000703334808,657400
2017-12-19,0.20000000298023224,0.20499999821186066,0.20000000298023224,0.20399999618530273,0.20399999618530273,1690250
2017-12-20,0.20499999821186066,0.20999999344348907,0.20200000703334808,0.20200000703334808,0.20200000703334808,398400
2017-12-21,0.21299999952316284,0.21299999952316284,0.20999999344348907,0.20999999344348907,0.20999999344348907,121000
2017-12-22,0.20900000631809235,0.2150000035762787,0.2070000022649765,0.20800000429153442,0.20800000429153442,411000
2017-12-27,0.20600000023841858,0.210999995470047,0.20499999821186066,0.2070000022649765,0.2070000022649765,308600
2017-12-28,0.20499999821186066,0.2070000022649765,0.20499999821186066,0.2070000022649765,0.2070000022649765,616000
2017-12-29,0.2150000035762787,0.2150000035762787,0.20399999618530273,0.20999999344348907,0.20999999344348907,439500
2018-01-02,0.20800000429153442,0.210999995470047,0.20800000429153442,0.20999999344348907,0.20999999344348907,752750
2018-01-03,0.20999999344348907,0.21199999749660492,0.20999999344348907,0.210999995470047,0.210999995470047,2369500
2018-01-04,0.21199999749660492,0.21799999475479126,0.20999999344348907,0.21699999272823334,0.21699999272823334,1894375
2018-01-05,0.21799999475479126,0.21799999475479126,0.20999999344348907,0.20999999344348907,0.20999999344348907,736000
2018-01-08,0.21299999952316284,0.21899999678134918,0.21299999952316284,0.2150000035762787,0.2150000035762787,816000
2018-01-09,0.21699999272823334,0.21799999475479126,0.21199999749660492,0.21199999749660492,0.21199999749660492,910100
2018-01-10,0.21199999749660492,0.21699999272823334,0.20999999344348907,0.21199999749660492,0.21199999749660492,375600
2018-01-11,0.210999995470047,0.21199999749660492,0.20200000703334808,0.21199999749660492,0.21199999749660492,188800
2018-01-12,0.210999995470047,0.2150000035762787,0.210999995470047,0.210999995470047,0.210999995470047,329000
2018-01-15,0.21199999749660492,0.2199999988079071,0.210999995470047,0.210999995470047,0.210999995470047,1031800
2018-01-16,0.210999995470047,0.21699999272823334,0.20999999344348907,0.20999999344348907,0.20999999344348907,449250
2018-01-17,0.20999999344348907,0.2150000035762787,0.20999999344348907,0.2150000035762787,0.2150000035762787,146600
2018-01-18,0.210999995470047,0.2150000035762787,0.210999995470047,0.21199999749660492,0.21199999749660492,402500
2018-01-19,0.2070000022649765,0.20999999344348907,0.20499999821186066,0.2070000022649765,0.2070000022649765,687000
2018-01-22,0.20800000429153442,0.2160000056028366,0.2070000022649765,0.21299999952316284,0.21299999952316284,726750
2018-01-23,0.21299999952316284,0.21299999952316284,0.2070000022649765,0.20800000429153442,0.20800000429153442,1089500
2018-01-24,0.20800000429153442,0.21199999749660492,0.20800000429153442,0.21199999749660492,0.21199999749660492,1060800
2018-01-25,0.21299999952316284,0.21299999952316284,0.20499999821186066,0.20999999344348907,0.20999999344348907,275650
2018-01-26,0.21299999952316284,0.21899999678134918,0.2070000022649765,0.20800000429153442,0.20800000429153442,2488000
2018-01-29,0.20800000429153442,0.20999999344348907,0.20800000429153442,0.20999999344348907,0.20999999344348907,901000
2018-01-30,0.20800000429153442,0.20999999344348907,0.20499999821186066,0.20499999821186066,0.20499999821186066,1219000
2018-01-31,0.20499999821186066,0.20600000023841858,0.20499999821186066,0.20499999821186066,0.20499999821186066,428200
2018-02-01,0.20499999821186066,0.20999999344348907,0.19900000095367432,0.20200000703334808,0.20200000703334808,4488300
2018-02-02,0.20399999618530273,0.20399999618530273,0.20000000298023224,0.20200000703334808,0.20200000703334808,2429000
2018-02-05,0.20000000298023224,0.20900000631809235,0.19499999284744263,0.20800000429153442,0.20800000429153442,898500
2018-02-06,0.20000000298023224,0.20399999618530273,0.19499999284744263,0.19499999284744263,0.19499999284744263,3060900
2018-02-07,0.19699999690055847,0.20499999821186066,0.19699999690055847,0.20100000500679016,0.20100000500679016,574400
2018-02-08,0.20100000500679016,0.20100000500679016,0.20100000500679016,0.20100000500679016,0.20100000500679016,0
2018-02-09,0.19900000095367432,0.20000000298023224,0.18799999356269836,0.19599999487400055,0.19599999487400055,804200
2018-02-12,0.19499999284744263,0.20000000298023224,0.19099999964237213,0.19900000095367432,0.19900000095367432,379000
2018-02-13,0.19200000166893005,0.20000000298023224,0.19200000166893005,0.1940000057220459,0.1940000057220459,11112000
2018-02-14,0.19699999690055847,0.20200000703334808,0.19300000369548798,0.20100000500679016,0.20100000500679016,13378000
2018-02-15,0.1979999989271164,0.20399999618530273,0.19699999690055847,0.20200000703334808,0.20200000703334808,4791500
2018-02-20,0.19900000095367432,0.2029999941587448,0.19699999690055847,0.20200000703334808,0.20200000703334808,145750
2018-02-21,0.20499999821186066,0.20499999821186066,0.20000000298023224,0.20399999618530273,0.20399999618530273,436500
2018-02-22,0.19900000095367432,0.19900000095367432,0.19900000095367432,0.19900000095367432,0.19900000095367432,34000
2018-02-23,0.20100000500679016,0.20200000703334808,0.20000000298023224,0.20000000298023224,0.20000000298023224,655500
2018-02-26,0.20000000298023224,0.20499999821186066,0.20000000298023224,0.20200000703334808,0.20200000703334808,241500
2018-02-27,0.19300000369548798,0.20000000298023224,0.19300000369548798,0.20000000298023224,0.20000000298023224,4882500
2018-02-28,0.20000000298023224,0.20000000298023224,0.1979999989271164,0.1979999989271164,0.1979999989271164,413000
2018-03-01,0.1979999989271164,0.2029999941587448,0.19699999690055847,0.20100000500679016,0.20100000500679016,517500
2018-03-02,0.20000000298023224,0.20000000298023224,0.19599999487400055,0.19599999487400055,0.19599999487400055,116600
2018-03-05,0.19599999487400055,0.20000000298023224,0.19499999284744263,0.19499999284744263,0.19499999284744263,648800
2018-03-06,0.19900000095367432,0.19900000095367432,0.19300000369548798,0.19699999690055847,0.19699999690055847,11918500
2018-03-07,0.20000000298023224,0.20000000298023224,0.19300000369548798,0.19300000369548798,0.19300000369548798,8663300
2018-03-08,0.19599999487400055,0.20000000298023224,0.18799999356269836,0.1940000057220459,0.1940000057220459,43120500
2018-03-09,0.19200000166893005,0.19300000369548798,0.1899999976158142,0.19300000369548798,0.19300000369548798,18278500
2018-03-12,0.19300000369548798,0.19499999284744263,0.18799999356269836,0.19099999964237213,0.19099999964237213,11094000
2018-03-13,0.19200000166893005,0.19300000369548798,0.18799999356269836,0.19300000369548798,0.19300000369548798,44111000
2018-03-14,0.20999999344348907,0.20999999344348907,0.19499999284744263,0.19599999487400055,0.19599999487400055,24746300
2018-03-15,0.19499999284744263,0.20100000500679016,0.19099999964237213,0.20100000500679016,0.20100000500679016,47324700
2018-03-16,0.1979999989271164,0.2029999941587448,0.1979999989271164,0.20100000500679016,0.20100000500679016,3034500
2018-03-19,0.19599999487400055,0.20000000298023224,0.19300000369548798,0.19499999284744263,0.19499999284744263,6895900
2018-03-20,0.19200000166893005,0.20999999344348907,0.19200000166893005,0.20100000500679016,0.20100000500679016,23600125
2018-03-21,0.20399999618530273,0.20499999821186066,0.1979999989271164,0.1979999989271164,0.1979999989271164,3365500
2018-03-22,0.20000000298023224,0.20000000298023224,0.19599999487400055,0.1979999989271164,0.1979999989271164,112000
2018-03-23,0.19499999284744263,0.19499999284744263,0.16699999570846558,0.1770000010728836,0.1770000010728836,17024500
2018-03-26,0.20000000298023224,0.20000000298023224,0.18400000035762787,0.1899999976158142,0.1899999976158142,4840000
2018-03-27,0.1850000023841858,0.20399999618530273,0.1809999942779541,0.18799999356269836,0.18799999356269836,5489000
2018-03-28,0.1899999976158142,0.1979999989271164,0.1860000044107437,0.18799999356269836,0.18799999356269836,558000
2018-03-29,0.19499999284744263,0.19499999284744263,0.1850000023841858,0.18700000643730164,0.18700000643730164,288500
2018-04-03,0.18700000643730164,0.1899999976158142,0.18700000643730164,0.1899999976158142,0.1899999976158142,231125
2018-04-04,0.1770000010728836,0.1889999955892563,0.17299999296665192,0.18199999630451202,0.18199999630451202,315500
2018-04-06,0.17299999296665192,0.18799999356269836,0.1720000058412552,0.18799999356269836,0.18799999356269836,208500
2018-04-09,0.18199999630451202,0.18400000035762787,0.18199999630451202,0.18400000035762787,0.18400000035762787,672500
2018-04-10,0.18199999630451202,0.18199999630451202,0.1720000058412552,0.17499999701976776,0.17499999701976776,8246000
2018-04-11,0.17499999701976776,0.19099999964237213,0.17100000381469727,0.17800000309944153,0.17800000309944153,10897000
2018-04-12,0.17599999904632568,0.1770000010728836,0.16899999976158142,0.1720000058412552,0.1720000058412552,8379090
2018-04-13,0.17599999904632568,0.17599999904632568,0.16899999976158142,0.1720000058412552,0.1720000058412552,10172990
2018-04-16,0.17100000381469727,0.1720000058412552,0.17000000178813934,0.1720000058412552,0.1720000058412552,832100
2018-04-17,0.1720000058412552,0.1720000058412552,0.16599999368190765,0.16699999570846558,0.16699999570846558,21135000
2018-04-18,0.16899999976158142,0.17000000178813934,0.16500000655651093,0.16899999976158142,0.16899999976158142,28003200
2018-04-19,0.16899999976158142,0.17499999701976776,0.1679999977350235,0.17499999701976776,0.17499999701976776,14587750
2018-04-20,0.17599999904632568,0.18199999630451202,0.17499999701976776,0.17800000309944153,0.17800000309944153,59727000
2018-04-23,0.17900000512599945,0.18299999833106995,0.16899999976158142,0.17499999701976776,0.17499999701976776,33739000
2018-04-24,0.17499999701976776,0.18299999833106995,0.1720000058412552,0.1720000058412552,0.1720000058412552,33116000
2018-04-25,0.17399999499320984,0.18700000643730164,0.17399999499320984,0.18199999630451202,0.18199999630451202,45312000
2018-04-26,0.1809999942779541,0.19599999487400055,0.1809999942779541,0.18700000643730164,0.18700000643730164,17337000
2018-04-27,0.18400000035762787,0.18799999356269836,0.17800000309944153,0.1860000044107437,0.1860000044107437,886000
2018-04-30,0.1860000044107437,0.1860000044107437,0.17399999499320984,0.18000000715255737,0.18000000715255737,292500
2018-05-02,0.18299999833106995,0.1899999976158142,0.17900000512599945,0.18400000035762787,0.18400000035762787,456000
2018-05-03,0.18000000715255737,0.1809999942779541,0.17599999904632568,0.18000000715255737,0.18000000715255737,504000
2018-05-04,0.18000000715255737,0.18000000715255737,0.17299999296665192,0.18000000715255737,0.18000000715255737,1976000
2018-05-07,0.17399999499320984,0.1809999942779541,0.17399999499320984,0.17599999904632568,0.17599999904632568,333250
2018-05-08,0.17599999904632568,0.18400000035762787,0.17499999701976776,0.18199999630451202,0.18199999630451202,869000
2018-05-09,0.18199999630451202,0.18199999630451202,0.17499999701976776,0.18000000715255737,0.18000000715255737,237750
2018-05-10,0.19200000166893005,0.19200000166893005,0.17499999701976776,0.17800000309944153,0.17800000309944153,486000
2018-05-11,0.18199999630451202,0.18400000035762787,0.17499999701976776,0.18000000715255737,0.18000000715255737,151500
2018-05-14,0.17299999296665192,0.18400000035762787,0.1720000058412552,0.1770000010728836,0.1770000010728836,1460000
2018-05-15,0.1770000010728836,0.1770000010728836,0.17299999296665192,0.1809999942779541,0.1809999942779541,232500
2018-05-16,0.17599999904632568,0.18000000715255737,0.17100000381469727,0.17800000309944153,0.17800000309944153,1528500
2018-05-17,0.17900000512599945,0.17900000512599945,0.17299999296665192,0.17399999499320984,0.17399999499320984,1156800
2018-05-18,0.17100000381469727,0.1770000010728836,0.17000000178813934,0.17599999904632568,0.17599999904632568,11400000
2018-05-21,0.17599999904632568,0.17599999904632568,0.17000000178813934,0.17399999499320984,0.17399999499320984,1519000
2018-05-23,0.1679999977350235,0.17399999499320984,0.1679999977350235,0.17399999499320984,0.17399999499320984,1224000
2018-05-24,0.17299999296665192,0.17499999701976776,0.17000000178813934,0.17299999296665192,0.17299999296665192,1410000
2018-05-25,0.16899999976158142,0.17399999499320984,0.16899999976158142,0.17399999499320984,0.17399999499320984,2135500
2018-05-28,0.17399999499320984,0.17399999499320984,0.1720000058412552,0.1720000058412552,0.1720000058412552,244700
2018-05-29,0.17000000178813934,0.17000000178813934,0.16599999368190765,0.1679999977350235,0.1679999977350235,1280000
2018-05-30,0.1679999977350235,0.1679999977350235,0.16500000655651093,0.1679999977350235,0.1679999977350235,2065500
2018-05-31,0.16099999845027924,0.17299999296665192,0.16099999845027924,0.17000000178813934,0.17000000178813934,816500
2018-06-01,0.17000000178813934,0.17000000178813934,0.1589999943971634,0.16200000047683716,0.16200000047683716,7702000
2018-06-04,0.16200000047683716,0.16899999976158142,0.16099999845027924,0.16200000047683716,0.16200000047683716,1442500
2018-06-05,0.1589999943971634,0.16500000655651093,0.1589999943971634,0.164000004529953,0.164000004529953,381000
2018-06-06,0.16099999845027924,0.16099999845027924,0.1589999943971634,0.16099999845027924,0.16099999845027924,2271500
2018-06-07,0.16099999845027924,0.16200000047683716,0.15800000727176666,0.16200000047683716,0.16200000047683716,2604800
2018-06-08,0.15700000524520874,0.1599999964237213,0.15700000524520874,0.1589999943971634,0.1589999943971634,1017500
2018-06-11,0.15800000727176666,0.15800000727176666,0.15000000596046448,0.15399999916553497,0.15399999916553497,4078000
2018-06-12,0.15000000596046448,0.15299999713897705,0.15000000596046448,0.1509999930858612,0.1509999930858612,8940000
2018-06-13,0.15299999713897705,0.15299999713897705,0.14900000393390656,0.15000000596046448,0.15000000596046448,5782500
2018-06-14,0.15000000596046448,0.15000000596046448,0.14000000059604645,0.14499999582767487,0.14499999582767487,2800500
2018-06-15,0.14499999582767487,0.1589999943971634,0.14499999582767487,0.1509999930858612,0.1509999930858612,827000
2018-06-19,0.1459999978542328,0.16500000655651093,0.14499999582767487,0.1550000011920929,0.1550000011920929,1904500
2018-06-20,0.15399999916553497,0.1599999964237213,0.15299999713897705,0.1589999943971634,0.1589999943971634,342000
2018-06-21,0.15199999511241913,0.15700000524520874,0.1509999930858612,0.15399999916553497,0.15399999916553497,273800
2018-06-22,0.1509999930858612,0.15800000727176666,0.1509999930858612,0.15800000727176666,0.15800000727176666,330200
2018-06-25,0.15800000727176666,0.15800000727176666,0.15000000596046448,0.15000000596046448,0.15000000596046448,462500
2018-06-26,0.1589999943971634,0.16200000047683716,0.14499999582767487,0.15299999713897705,0.15299999713897705,839000
2018-06-27,0.15299999713897705,0.1459999978542328,0.14499999582767487,0.14499999582767487,0.14499999582767487,1408000
2018-06-28,0.1420000046491623,0.15299999713897705,0.1420000046491623,0.15000000596046448,0.15000000596046448,83000
2018-06-29,0.15000000596046448,0.15000000596046448,0.14399999380111694,0.15000000596046448,0.15000000596046448,145000
2018-07-03,0.1459999978542328,0.1509999930858612,0.14300000667572021,0.14800000190734863,0.14800000190734863,761800
2018-07-04,0.14100000262260437,0.14800000190734863,0.14000000059604645,0.14499999582767487,0.14499999582767487,195500
2018-07-05,0.1599999964237213,0.1599999964237213,0.1599999964237213,0.15299999713897705,0.15299999713897705,6000
2018-07-06,0.15299999713897705,0.15299999713897705,0.15299999713897705,0.15299999713897705,0.15299999713897705,0
2018-07-09,0.1589999943971634,0.1589999943971634,0.1379999965429306,0.14399999380111694,0.14399999380111694,407000
2018-07-10,0.15700000524520874,0.15700000524520874,0.1379999965429306,0.1469999998807907,0.1469999998807907,1318150
2018-07-11,0.15600000321865082,0.15600000321865082,0.14000000059604645,0.14900000393390656,0.14900000393390656,357500
2018-07-12,0.14900000393390656,0.14900000393390656,0.14900000393390656,0.14900000393390656,0.14900000393390656,0
2018-07-13,0.14000000059604645,0.1420000046491623,0.13899999856948853,0.13899999856948853,0.13899999856948853,1036000
2018-07-16,0.1379999965429306,0.1379999965429306,0.13600000739097595,0.13600000739097595,0.13600000739097595,32000
2018-07-17,0.13600000739097595,0.13600000739097595,0.13300000131130219,0.13300000131130219,0.13300000131130219,217400
2018-07-18,0.13300000131130219,0.13300000131130219,0.13300000131130219,0.13300000131130219,0.13300000131130219,59700
2018-07-19,0.13600000739097595,0.13899999856948853,0.13099999725818634,0.1340000033378601,0.1340000033378601,249200
2018-07-20,0.1340000033378601,0.1340000033378601,0.1340000033378601,0.1340000033378601,0.1340000033378601,0
2018-07-23,0.14399999380111694,0.14399999380111694,0.14000000059604645,0.14000000059604645,0.14000000059604645,96000
2018-07-24,0.13899999856948853,0.13899999856948853,0.13899999856948853,0.13899999856948853,0.13899999856948853,0
2018-07-25,0.13199999928474426,0.14000000059604645,0.13199999928474426,0.14000000059604645,0.14000000059604645,771500
2018-07-26,0.13300000131130219,0.14000000059604645,0.13199999928474426,0.14000000059604645,0.14000000059604645,238000
2018-07-27,0.13899999856948853,0.14000000059604645,0.13500000536441803,0.13899999856948853,0.13899999856948853,442000
2018-07-30,0.1340000033378601,0.1340000033378601,0.1340000033378601,0.1340000033378601,0.1340000033378601,0
2018-07-31,0.13199999928474426,0.13600000739097595,0.13199999928474426,0.13600000739097595,0.13600000739097595,160500
2018-08-01,0.13600000739097595,0.13600000739097595,0.13099999725818634,0.13600000739097595,0.13600000739097595,190000
2018-08-02,0.12600000202655792,0.1340000033378601,0.12600000202655792,0.13300000131130219,0.13300000131130219,691000
2018-08-03,0.13300000131130219,0.1379999965429306,0.12999999523162842,0.12999999523162842,0.12999999523162842,1564750
2018-08-06,0.12800000607967377,0.13699999451637268,0.12700000405311584,0.13600000739097595,0.13600000739097595,72000
2018-08-07,0.13500000536441803,0.13500000536441803,0.12800000607967377,0.12999999523162842,0.12999999523162842,124000
2018-08-08,0.12999999523162842,0.13500000536441803,0.11999999731779099,0.12999999523162842,0.12999999523162842,1798000
2018-08-09,0.11999999731779099,0.1340000033378601,0.11999999731779099,0.12800000607967377,0.12800000607967377,964750
2018-08-10,0.125,0.12700000405311584,0.12099999934434891,0.12600000202655792,0.12600000202655792,2291800
2018-08-13,0.11699999868869781,0.12399999797344208,0.11699999868869781,0.11999999731779099,0.11999999731779099,413000
2018-08-14,0.11699999868869781,0.12399999797344208,0.11699999868869781,0.11999999731779099,0.11999999731779099,2030250
2018-08-15,0.11699999868869781,0.11800000071525574,0.11699999868869781,0.11800000071525574,0.11800000071525574,320500
2018-08-16,0.11299999803304672,0.11500000208616257,0.1080000028014183,0.11299999803304672,0.11299999803304672,1359500
2018-08-17,0.10999999940395355,0.11100000143051147,0.10499999672174454,0.10999999940395355,0.10999999940395355,4268000
2018-08-20,0.10599999874830246,0.10899999737739563,0.09600000083446503,0.10100000351667404,0.10100000351667404,5671000
2018-08-21,0.0949999988079071,0.10400000214576721,0.09399999678134918,0.10199999809265137,0.10199999809265137,5024750
2018-08-22,0.10899999737739563,0.10899999737739563,0.10000000149011612,0.10400000214576721,0.10400000214576721,3752514
2018-08-23,0.10400000214576721,0.10400000214576721,0.09700000286102295,0.09700000286102295,0.09700000286102295,3220000
2018-08-24,0.09600000083446503,0.10199999809265137,0.09600000083446503,0.09799999743700027,0.09799999743700027,1046000
2018-08-27,0.09799999743700027,0.10100000351667404,0.09799999743700027,0.0989999994635582,0.0989999994635582,66000
2018-08-28,0.10000000149011612,0.10000000149011612,0.09099999815225601,0.10000000149011612,0.10000000149011612,5630000
2018-08-29,0.09600000083446503,0.09799999743700027,0.09399999678134918,0.09700000286102295,0.09700000286102295,2206000
2018-08-30,0.09700000286102295,0.09700000286102295,0.09099999815225601,0.09600000083446503,0.09600000083446503,7300500
2018-08-31,0.09300000220537186,0.09600000083446503,0.09099999815225601,0.09200000017881393,0.09200000017881393,4524500
2018-09-03,0.09200000017881393,0.09799999743700027,0.09200000017881393,0.09799999743700027,0.09799999743700027,4666000
2018-09-04,0.09799999743700027,0.12200000137090683,0.09799999743700027,0.10599999874830246,0.10599999874830246,19156000
2018-09-05,0.10599999874830246,0.1080000028014183,0.10000000149011612,0.10000000149011612,0.10000000149011612,8834600
2018-09-06,0.10100000351667404,0.10499999672174454,0.10000000149011612,0.10400000214576721,0.10400000214576721,2362500
2018-09-07,0.10400000214576721,0.10499999672174454,0.10199999809265137,0.10499999672174454,0.10499999672174454,3014000
2018-09-10,0.10499999672174454,0.10999999940395355,0.10499999672174454,0.1080000028014183,0.1080000028014183,10583600
2018-09-11,0.10999999940395355,0.11500000208616257,0.10700000077486038,0.1080000028014183,0.1080000028014183,8224750
2018-09-12,0.10899999737739563,0.11100000143051147,0.10899999737739563,0.10899999737739563,0.10899999737739563,1656000
2018-09-13,0.10899999737739563,0.11400000005960464,0.10899999737739563,0.11299999803304672,0.11299999803304672,2720000
2018-09-14,0.11299999803304672,0.11500000208616257,0.10899999737739563,0.11299999803304672,0.11299999803304672,2954000
2018-09-17,0.11500000208616257,0.11599999666213989,0.11299999803304672,0.11599999666213989,0.11599999666213989,3586000
2018-09-18,0.11599999666213989,0.11900000274181366,0.11599999666213989,0.11699999868869781,0.11699999868869781,3722000
2018-09-19,0.11699999868869781,0.12099999934434891,0.11699999868869781,0.11999999731779099,0.11999999731779099,3872000
2018-09-20,0.12300000339746475,0.12800000607967377,0.11999999731779099,0.12700000405311584,0.12700000405311584,6453000
2018-09-21,0.12700000405311584,0.12700000405311584,0.12300000339746475,0.12600000202655792,0.12600000202655792,1597750
2018-09-24,0.10999999940395355,0.12600000202655792,0.10999999940395355,0.12600000202655792,0.12600000202655792,5806700
2018-09-26,0.12700000405311584,0.1289999932050705,0.12600000202655792,0.12600000202655792,0.12600000202655792,2534500
2018-09-27,0.12600000202655792,0.12999999523162842,0.12600000202655792,0.12999999523162842,0.12999999523162842,7547000
2018-09-28,0.12999999523162842,0.1340000033378601,0.12999999523162842,0.13199999928474426,0.13199999928474426,4934000
2018-10-02,0.13199999928474426,0.1340000033378601,0.13199999928474426,0.1340000033378601,0.1340000033378601,1025000
2018-10-03,0.13500000536441803,0.13699999451637268,0.1340000033378601,0.13699999451637268,0.13699999451637268,4410000
2018-10-04,0.13699999451637268,0.14000000059604645,0.1340000033378601,0.14000000059604645,0.14000000059604645,2912400
2018-10-05,0.14000000059604645,0.14000000059604645,0.1379999965429306,0.13899999856948853,0.13899999856948853,3145500
2018-10-08,0.13899999856948853,0.14300000667572021,0.13899999856948853,0.14300000667572021,0.14300000667572021,3448500
2018-10-09,0.14300000667572021,0.14300000667572021,0.13899999856948853,0.13899999856948853,0.13899999856948853,1125000
2018-10-10,0.13899999856948853,0.14300000667572021,0.13899999856948853,0.1420000046491623,0.1420000046491623,1002000
2018-10-11,0.1379999965429306,0.1379999965429306,0.125,0.13600000739097595,0.13600000739097595,668000
2018-10-12,0.13099999725818634,0.13199999928474426,0.125,0.125,0.125,96500
2018-10-15,0.125,0.1340000033378601,0.125,0.12700000405311584,0.12700000405311584,4783000
2018-10-16,0.1289999932050705,0.13500000536441803,0.1289999932050705,0.13500000536441803,0.13500000536441803,3311000
2018-10-18,0.13099999725818634,0.1379999965429306,0.13099999725818634,0.1379999965429306,0.1379999965429306,362100
2018-10-19,0.13500000536441803,0.1379999965429306,0.13500000536441803,0.1379999965429306,0.1379999965429306,422300
2018-10-22,0.11999999731779099,0.14399999380111694,0.11999999731779099,0.14100000262260437,0.14100000262260437,508000
2018-10-23,0.1289999932050705,0.13899999856948853,0.1289999932050705,0.13699999451637268,0.13699999451637268,5688800
2018-10-24,0.12600000202655792,0.1379999965429306,0.125,0.1379999965429306,0.1379999965429306,1581400
2018-10-25,0.13500000536441803,0.13500000536441803,0.13500000536441803,0.13500000536441803,0.13500000536441803,400000
2018-10-26,0.1340000033378601,0.1340000033378601,0.12999999523162842,0.1340000033378601,0.1340000033378601,6156500
2018-10-29,0.12999999523162842,0.13699999451637268,0.1289999932050705,0.13699999451637268,0.13699999451637268,1757000
2018-10-30,0.1340000033378601,0.13600000739097595,0.13099999725818634,0.13600000739097595,0.13600000739097595,2323250
2018-10-31,0.13600000739097595,0.13600000739097595,0.12999999523162842,0.1340000033378601,0.1340000033378601,5744500
2018-11-01,0.1340000033378601,0.13500000536441803,0.12999999523162842,0.13500000536441803,0.13500000536441803,1920000
2018-11-02,0.13500000536441803,0.13600000739097595,0.13300000131130219,0.1340000033378601,0.1340000033378601,1728700
2018-11-05,0.13500000536441803,0.13600000739097595,0.13099999725818634,0.13600000739097595,0.13600000739097595,4500500
2018-11-06,0.13500000536441803,0.13600000739097595,0.13199999928474426,0.13600000739097595,0.13600000739097595,4572100
2018-11-07,0.13600000739097595,0.13600000739097595,0.13099999725818634,0.13500000536441803,0.13500000536441803,1502500
2018-11-08,0.13199999928474426,0.13500000536441803,0.12999999523162842,0.1340000033378601,0.1340000033378601,449000
2018-11-09,0.12999999523162842,0.13300000131130219,0.12800000607967377,0.13300000131130219,0.13300000131130219,245500
2018-11-12,0.1340000033378601,0.13500000536441803,0.13199999928474426,0.1340000033378601,0.1340000033378601,6498000
2018-11-13,0.1340000033378601,0.13500000536441803,0.13199999928474426,0.13500000536441803,0.13500000536441803,3288000
2018-11-14,0.13500000536441803,0.13600000739097595,0.13199999928474426,0.1340000033378601,0.1340000033378601,11066500
2018-11-15,0.1340000033378601,0.13500000536441803,0.13199999928474426,0.1340000033378601,0.1340000033378601,6013700
2018-11-16,0.1340000033378601,0.1340000033378601,0.12999999523162842,0.1340000033378601,0.1340000033378601,15497000
2018-11-19,0.1340000033378601,0.13500000536441803,0.12999999523162842,0.1340000033378601,0.1340000033378601,14578400
2018-11-20,0.13099999725818634,0.13300000131130219,0.12700000405311584,0.12999999523162842,0.12999999523162842,3377150
2018-11-21,0.12800000607967377,0.12999999523162842,0.12700000405311584,0.12999999523162842,0.12999999523162842,88000
2018-11-22,0.12800000607967377,0.1289999932050705,0.12800000607967377,0.1289999932050705,0.1289999932050705,28500
2018-11-23,0.12700000405311584,0.12800000607967377,0.12700000405311584,0.12800000607967377,0.12800000607967377,106000
2018-11-26,0.12700000405311584,0.12700000405311584,0.11400000005960464,0.11699999868869781,0.11699999868869781,965000
2018-11-27,0.11699999868869781,0.12300000339746475,0.1080000028014183,0.11800000071525574,0.11800000071525574,1748000
2018-11-28,0.11800000071525574,0.11800000071525574,0.11800000071525574,0.11800000071525574,0.11800000071525574,0
2018-11-29,0.1120000034570694,0.11900000274181366,0.10899999737739563,0.11800000071525574,0.11800000071525574,540000
2018-11-30,0.11599999666213989,0.11599999666213989,0.10999999940395355,0.11599999666213989,0.11599999666213989,276000
2018-12-03,0.10400000214576721,0.11299999803304672,0.10400000214576721,0.11299999803304672,0.11299999803304672,576000
2018-12-04,0.10700000077486038,0.1120000034570694,0.10700000077486038,0.1120000034570694,0.1120000034570694,525000
2018-12-05,0.1080000028014183,0.1080000028014183,0.10400000214576721,0.10400000214576721,0.10400000214576721,410600
2018-12-06,0.10300000011920929,0.10700000077486038,0.10300000011920929,0.10700000077486038,0.10700000077486038,28000
2018-12-07,0.10700000077486038,0.10899999737739563,0.10599999874830246,0.10899999737739563,0.10899999737739563,1871000
2018-12-10,0.10499999672174454,0.1080000028014183,0.10300000011920929,0.10300000011920929,0.10300000011920929,254000
2018-12-11,0.10000000149011612,0.10499999672174454,0.10000000149011612,0.10499999672174454,0.10499999672174454,741000
2018-12-12,0.10000000149011612,0.10300000011920929,0.0949999988079071,0.10100000351667404,0.10100000351667404,1158500
2018-12-13,0.10300000011920929,0.1599999964237213,0.10300000011920929,0.13199999928474426,0.13199999928474426,52647250
2018-12-14,0.13500000536441803,0.13899999856948853,0.11999999731779099,0.12300000339746475,0.12300000339746475,14083000
2018-12-17,0.11999999731779099,0.1289999932050705,0.10300000011920929,0.10499999672174454,0.10499999672174454,4383000
2018-12-18,0.10499999672174454,0.12800000607967377,0.10499999672174454,0.11599999666213989,0.11599999666213989,8650000
2018-12-19,0.11500000208616257,0.11599999666213989,0.1080000028014183,0.11299999803304672,0.11299999803304672,3454500
2018-12-20,0.11299999803304672,0.11299999803304672,0.10400000214576721,0.10899999737739563,0.10899999737739563,3509500
2018-12-21,0.10499999672174454,0.125,0.09700000286102295,0.1080000028014183,0.1080000028014183,10845500
2018-12-24,0.1080000028014183,0.11400000005960464,0.1080000028014183,0.10899999737739563,0.10899999737739563,222000
2018-12-27,0.10999999940395355,0.11400000005960464,0.10700000077486038,0.10700000077486038,0.10700000077486038,3276000
2018-12-28,0.10700000077486038,0.1080000028014183,0.10199999809265137,0.10599999874830246,0.10599999874830246,1864000
2018-12-31,0.10599999874830246,0.1080000028014183,0.10400000214576721,0.10400000214576721,0.10400000214576721,1544000
2019-01-02,0.10599999874830246,0.10599999874830246,0.09799999743700027,0.09799999743700027,0.09799999743700027,2958500
2019-01-03,0.10000000149011612,0.10199999809265137,0.09700000286102295,0.09799999743700027,0.09799999743700027,1688000
2019-01-04,0.09799999743700027,0.10300000011920929,0.09600000083446503,0.10199999809265137,0.10199999809265137,4309600
2019-01-07,0.10199999809265137,0.10300000011920929,0.0989999994635582,0.10199999809265137,0.10199999809265137,455000
2019-01-08,0.10199999809265137,0.11100000143051147,0.10000000149011612,0.10499999672174454,0.10499999672174454,4410000
2019-01-09,0.10199999809265137,0.10599999874830246,0.10000000149011612,0.10499999672174454,0.10499999672174454,1496000
2019-01-10,0.10100000351667404,0.10700000077486038,0.10100000351667404,0.10599999874830246,0.10599999874830246,1056000
2019-01-11,0.10499999672174454,0.10599999874830246,0.10499999672174454,0.10499999672174454,0.10499999672174454,262000
2019-01-14,0.10300000011920929,0.10499999672174454,0.10100000351667404,0.10499999672174454,0.10499999672174454,1192000
2019-01-15,0.10499999672174454,0.1080000028014183,0.10300000011920929,0.10400000214576721,0.10400000214576721,1182100
2019-01-16,0.10300000011920929,0.10700000077486038,0.10199999809265137,0.10499999672174454,0.10499999672174454,1036600
2019-01-17,0.10300000011920929,0.10499999672174454,0.10199999809265137,0.10400000214576721,0.10400000214576721,357500
2019-01-18,0.10199999809265137,0.10400000214576721,0.10100000351667404,0.10300000011920929,0.10300000011920929,651000
2019-01-21,0.10400000214576721,0.10499999672174454,0.10100000351667404,0.10300000011920929,0.10300000011920929,134500
2019-01-22,0.10300000011920929,0.10400000214576721,0.10000000149011612,0.10000000149011612,0.10000000149011612,333200
2019-01-23,0.10000000149011612,0.10300000011920929,0.0989999994635582,0.10199999809265137,0.10199999809265137,448000
2019-01-24,0.0989999994635582,0.10199999809265137,0.09799999743700027,0.09799999743700027,0.09799999743700027,2446000
2019-01-25,0.09600000083446503,0.10300000011920929,0.09099999815225601,0.10300000011920929,0.10300000011920929,1812000
2019-01-28,0.09700000286102295,0.10300000011920929,0.09700000286102295,0.10300000011920929,0.10300000011920929,327000
2019-01-29,0.10300000011920929,0.10300000011920929,0.10300000011920929,0.10000000149011612,0.10000000149011612,71000
2019-01-30,0.09799999743700027,0.10000000149011612,0.09600000083446503,0.09600000083446503,0.09600000083446503,1122000
2019-01-31,0.09600000083446503,0.10100000351667404,0.09600000083446503,0.10000000149011612,0.10000000149011612,329850
2019-02-01,0.10100000351667404,0.10100000351667404,0.09799999743700027,0.09799999743700027,0.09799999743700027,574000
2019-02-04,0.09799999743700027,0.09799999743700027,0.09799999743700027,0.09799999743700027,0.09799999743700027,0
2019-02-08,0.09099999815225601,0.10199999809265137,0.08900000154972076,0.10100000351667404,0.10100000351667404,1533500
2019-02-11,0.10300000011920929,0.10499999672174454,0.10100000351667404,0.10100000351667404,0.10100000351667404,929000
2019-02-12,0.09799999743700027,0.10300000011920929,0.09799999743700027,0.10300000011920929,0.10300000011920929,786500
2019-02-13,0.10300000011920929,0.10999999940395355,0.10300000011920929,0.1080000028014183,0.1080000028014183,1163500
2019-02-14,0.10700000077486038,0.10999999940395355,0.10100000351667404,0.10400000214576721,0.10400000214576721,270750
2019-02-15,0.10499999672174454,0.10899999737739563,0.10499999672174454,0.10599999874830246,0.10599999874830246,506000
2019-02-18,0.10899999737739563,0.11400000005960464,0.10400000214576721,0.1120000034570694,0.1120000034570694,1666000
2019-02-19,0.1080000028014183,0.11299999803304672,0.10599999874830246,0.1080000028014183,0.1080000028014183,540000
2019-02-20,0.1080000028014183,0.10999999940395355,0.10599999874830246,0.10999999940395355,0.10999999940395355,1047000
2019-02-21,0.10899999737739563,0.10999999940395355,0.10899999737739563,0.10899999737739563,0.10899999737739563,525000
2019-02-22,0.10199999809265137,0.10899999737739563,0.10199999809265137,0.10700000077486038,0.10700000077486038,515500
2019-02-25,0.1080000028014183,0.10899999737739563,0.10400000214576721,0.10599999874830246,0.10599999874830246,1645000
2019-02-26,0.10400000214576721,0.10899999737739563,0.10400000214576721,0.10899999737739563,0.10899999737739563,126000
2019-02-27,0.10700000077486038,0.11100000143051147,0.10100000351667404,0.11100000143051147,0.11100000143051147,2065000
2019-02-28,0.1080000028014183,0.11500000208616257,0.1080000028014183,0.11500000208616257,0.11500000208616257,1460000
2019-03-01,0.10599999874830246,0.11400000005960464,0.10599999874830246,0.11400000005960464,0.11400000005960464,442500
2019-03-04,0.10599999874830246,0.13699999451637268,0.10499999672174454,0.12700000405311584,0.12700000405311584,18643500
2019-03-05,0.12800000607967377,0.12800000607967377,0.11800000071525574,0.12099999934434891,0.12099999934434891,3831700
2019-03-06,0.11599999666213989,0.12999999523162842,0.11100000143051147,0.12399999797344208,0.12399999797344208,1026250
2019-03-07,0.12600000202655792,0.12700000405311584,0.11500000208616257,0.11900000274181366,0.11900000274181366,998000
2019-03-08,0.10700000077486038,0.11900000274181366,0.10700000077486038,0.11100000143051147,0.11100000143051147,1566500
2019-03-11,0.11100000143051147,0.12399999797344208,0.1080000028014183,0.11400000005960464,0.11400000005960464,2323000
2019-03-12,0.11100000143051147,0.11900000274181366,0.11100000143051147,0.11400000005960464,0.11400000005960464,569000
2019-03-13,0.10999999940395355,0.11699999868869781,0.10499999672174454,0.10999999940395355,0.10999999940395355,2990000
2019-03-14,0.10999999940395355,0.1120000034570694,0.10599999874830246,0.10599999874830246,0.10599999874830246,1076750
2019-03-15,0.10400000214576721,0.1120000034570694,0.10400000214576721,0.10999999940395355,0.10999999940395355,532000
2019-03-18,0.10000000149011612,0.10899999737739563,0.10000000149011612,0.10700000077486038,0.10700000077486038,979000
2019-03-19,0.10400000214576721,0.1080000028014183,0.10400000214576721,0.10499999672174454,0.10499999672174454,1079500
2019-03-20,0.10300000011920929,0.10899999737739563,0.10300000011920929,0.10300000011920929,0.10300000011920929,769500
2019-03-21,0.10300000011920929,0.10599999874830246,0.10199999809265137,0.10199999809265137,0.10199999809265137,404500
2019-03-22,0.10300000011920929,0.10499999672174454,0.0989999994635582,0.10400000214576721,0.10400000214576721,720800
2019-03-25,0.10000000149011612,0.10300000011920929,0.10000000149011612,0.10300000011920929,0.10300000011920929,329500
2019-03-26,0.10100000351667404,0.10400000214576721,0.10000000149011612,0.10300000011920929,0.10300000011920929,1219500
2019-03-27,0.10300000011920929,0.10300000011920929,0.09700000286102295,0.10000000149011612,0.10000000149011612,1334000
2019-03-28,0.10000000149011612,0.10999999940395355,0.10000000149011612,0.10499999672174454,0.10499999672174454,1652000
2019-03-29,0.10199999809265137,0.10400000214576721,0.09799999743700027,0.10100000351667404,0.10100000351667404,2570000
2019-04-01,0.10199999809265137,0.1120000034570694,0.10100000351667404,0.10499999672174454,0.10499999672174454,2168500
2019-04-02,0.10499999672174454,0.10599999874830246,0.10499999672174454,0.10499999672174454,0.10499999672174454,166000
2019-04-03,0.10400000214576721,0.10599999874830246,0.10400000214576721,0.10499999672174454,0.10499999672174454,252000
2019-04-04,0.10499999672174454,0.11299999803304672,0.10300000011920929,0.10700000077486038,0.10700000077486038,3904000
2019-04-08,0.10300000011920929,0.1080000028014183,0.10300000011920929,0.10700000077486038,0.10700000077486038,81000
2019-04-09,0.10400000214576721,0.10499999672174454,0.0989999994635582,0.10300000011920929,0.10300000011920929,1237100
2019-04-10,0.10000000149011612,0.10999999940395355,0.10000000149011612,0.10700000077486038,0.10700000077486038,2042200
2019-04-11,0.10300000011920929,0.10700000077486038,0.10199999809265137,0.10499999672174454,0.10499999672174454,733900
2019-04-12,0.1080000028014183,0.11400000005960464,0.10300000011920929,0.1080000028014183,0.1080000028014183,3282700
2019-04-15,0.10400000214576721,0.10700000077486038,0.10300000011920929,0.10400000214576721,0.10400000214576721,1644500
2019-04-16,0.10499999672174454,0.10499999672174454,0.10100000351667404,0.10199999809265137,0.10199999809265137,516000
2019-04-17,0.10199999809265137,0.10300000011920929,0.0989999994635582,0.10100000351667404,0.10100000351667404,1477900
2019-04-18,0.10300000011920929,0.10300000011920929,0.0989999994635582,0.0989999994635582,0.0989999994635582,822000
2019-04-23,0.09799999743700027,0.10199999809265137,0.09799999743700027,0.10199999809265137,0.10199999809265137,680500
2019-04-24,0.10199999809265137,0.10199999809265137,0.10199999809265137,0.10199999809265137,0.10199999809265137,0
2019-04-25,0.10199999809265137,0.10199999809265137,0.0989999994635582,0.10100000351667404,0.10100000351667404,346000
2019-04-26,0.0989999994635582,0.10100000351667404,0.09799999743700027,0.10100000351667404,0.10100000351667404,924000
2019-04-29,0.10100000351667404,0.10300000011920929,0.10100000351667404,0.10300000011920929,0.10300000011920929,810000
2019-04-30,0.10100000351667404,0.10199999809265137,0.09799999743700027,0.10100000351667404,0.10100000351667404,1264000
2019-05-02,0.10199999809265137,0.10300000011920929,0.09799999743700027,0.09799999743700027,0.09799999743700027,608100
2019-05-03,0.10000000149011612,0.10000000149011612,0.09799999743700027,0.10000000149011612,0.10000000149011612,93000
2019-05-06,0.09799999743700027,0.09799999743700027,0.09099999815225601,0.09799999743700027,0.09799999743700027,279000
2019-05-07,0.09700000286102295,0.10000000149011612,0.09600000083446503,0.09600000083446503,0.09600000083446503,902100
2019-05-08,0.09399999678134918,0.09700000286102295,0.09399999678134918,0.0949999988079071,0.0949999988079071,261000
2019-05-09,0.09300000220537186,0.09300000220537186,0.09000000357627869,0.09200000017881393,0.09200000017881393,5205500
2019-05-10,0.09300000220537186,0.10000000149011612,0.09200000017881393,0.10000000149011612,0.10000000149011612,166000
2019-05-14,0.09000000357627869,0.09799999743700027,0.08100000023841858,0.08500000089406967,0.08500000089406967,4511000
2019-05-15,0.09000000357627869,0.09799999743700027,0.09000000357627869,0.09600000083446503,0.09600000083446503,884000
2019-05-16,0.09300000220537186,0.0949999988079071,0.09200000017881393,0.09200000017881393,0.09200000017881393,342500
2019-05-17,0.09399999678134918,0.09399999678134918,0.08900000154972076,0.08900000154972076,0.08900000154972076,1000000
2019-05-20,0.08900000154972076,0.09099999815225601,0.08399999886751175,0.09000000357627869,0.09000000357627869,317800
2019-05-21,0.10899999737739563,0.10899999737739563,0.08500000089406967,0.09300000220537186,0.09300000220537186,1707000
2019-05-22,0.09300000220537186,0.09600000083446503,0.07999999821186066,0.09000000357627869,0.09000000357627869,2836000
2019-05-23,0.09399999678134918,0.09399999678134918,0.08399999886751175,0.08799999952316284,0.08799999952316284,1684000
2019-05-24,0.08100000023841858,0.08799999952316284,0.08100000023841858,0.08699999749660492,0.08699999749660492,1717250
2019-05-27,0.09099999815225601,0.11699999868869781,0.09000000357627869,0.10000000149011612,0.10000000149011612,18439500
2019-05-28,0.10599999874830246,0.10599999874830246,0.09000000357627869,0.09300000220537186,0.09300000220537186,3638000
2019-05-29,0.09000000357627869,0.09300000220537186,0.08699999749660492,0.08900000154972076,0.08900000154972076,2278000
2019-05-30,0.08900000154972076,0.09300000220537186,0.08699999749660492,0.09200000017881393,0.09200000017881393,658000
2019-05-31,0.08699999749660492,0.09000000357627869,0.0860000029206276,0.08699999749660492,0.08699999749660492,2916000
2019-06-03,0.08799999952316284,0.09000000357627869,0.08100000023841858,0.0860000029206276,0.0860000029206276,4494500
2019-06-04,0.08699999749660492,0.08799999952316284,0.0820000022649765,0.0820000022649765,0.0820000022649765,1954000
2019-06-05,0.08299999684095383,0.08500000089406967,0.07999999821186066,0.08299999684095383,0.08299999684095383,3268000
2019-06-06,0.07999999821186066,0.08699999749660492,0.07999999821186066,0.0860000029206276,0.0860000029206276,1415000
2019-06-10,0.08100000023841858,0.08399999886751175,0.07999999821186066,0.08100000023841858,0.08100000023841858,4915500
2019-06-11,0.08100000023841858,0.08299999684095383,0.07999999821186066,0.08299999684095383,0.08299999684095383,1208200
2019-06-12,0.07999999821186066,0.08299999684095383,0.07999999821186066,0.0820000022649765,0.0820000022649765,1536000
2019-06-13,0.0820000022649765,0.08500000089406967,0.07999999821186066,0.0820000022649765,0.0820000022649765,678000
2019-06-14,0.08500000089406967,0.08500000089406967,0.07999999821186066,0.08399999886751175,0.08399999886751175,2097000
2019-06-17,0.08100000023841858,0.08399999886751175,0.08100000023841858,0.08399999886751175,0.08399999886751175,29000
2019-06-18,0.08100000023841858,0.08299999684095383,0.07999999821186066,0.08299999684095383,0.08299999684095383,1222000
2019-06-19,0.08399999886751175,0.08399999886751175,0.07999999821186066,0.07999999821186066,0.07999999821186066,2272000
2019-06-20,0.08299999684095383,0.08299999684095383,0.08100000023841858,0.08299999684095383,0.08299999684095383,120000
2019-06-21,0.08100000023841858,0.08299999684095383,0.08100000023841858,0.08299999684095383,0.08299999684095383,164500
2019-06-24,0.08100000023841858,0.08299999684095383,0.08100000023841858,0.08299999684095383,0.08299999684095383,1580000
2019-06-25,0.08299999684095383,0.08500000089406967,0.08299999684095383,0.08299999684095383,0.08299999684095383,672000
2019-06-26,0.08100000023841858,0.08299999684095383,0.07599999755620956,0.08100000023841858,0.08100000023841858,2695500
2019-06-27,0.07599999755620956,0.08100000023841858,0.07599999755620956,0.07999999821186066,0.07999999821186066,232800
2019-06-28,0.07599999755620956,0.08399999886751175,0.07599999755620956,0.07999999821186066,0.07999999821186066,321500
2019-07-02,0.07599999755620956,0.08399999886751175,0.07599999755620956,0.08299999684095383,0.08299999684095383,1398500
2019-07-03,0.07900000363588333,0.0820000022649765,0.07800000160932541,0.0820000022649765,0.0820000022649765,1100000
2019-07-04,0.0820000022649765,0.0820000022649765,0.0820000022649765,0.0820000022649765,0.0820000022649765,0
2019-07-05,0.0820000022649765,0.08399999886751175,0.07999999821186066,0.07999999821186066,0.07999999821186066,740000
2019-07-08,0.07999999821186066,0.08299999684095383,0.07900000363588333,0.08100000023841858,0.08100000023841858,277750
2019-07-09,0.08399999886751175,0.0860000029206276,0.08100000023841858,0.08299999684095383,0.08299999684095383,1295000
2019-07-10,0.08100000023841858,0.0820000022649765,0.07900000363588333,0.0820000022649765,0.0820000022649765,479500
2019-07-11,0.0820000022649765,0.08299999684095383,0.0820000022649765,0.0820000022649765,0.0820000022649765,343300
2019-07-12,0.07999999821186066,0.0820000022649765,0.07999999821186066,0.0820000022649765,0.0820000022649765,512500
2019-07-15,0.07900000363588333,0.08399999886751175,0.07900000363588333,0.08100000023841858,0.08100000023841858,3330000
2019-07-16,0.0820000022649765,0.08699999749660492,0.0820000022649765,0.08299999684095383,0.08299999684095383,592000
2019-07-17,0.08100000023841858,0.08399999886751175,0.08100000023841858,0.08299999684095383,0.08299999684095383,73000
2019-07-18,0.08299999684095383,0.08500000089406967,0.07900000363588333,0.08100000023841858,0.08100000023841858,2408000
2019-07-19,0.07800000160932541,0.08100000023841858,0.07500000298023224,0.07599999755620956,0.07599999755620956,3179500
2019-07-22,0.0729999989271164,0.07800000160932541,0.0729999989271164,0.07699999958276749,0.07699999958276749,326000
2019-07-23,0.07999999821186066,0.08100000023841858,0.07900000363588333,0.07900000363588333,0.07900000363588333,358000
2019-07-24,0.07900000363588333,0.07900000363588333,0.07599999755620956,0.07900000363588333,0.07900000363588333,605000
2019-07-25,0.07400000095367432,0.07800000160932541,0.07199999690055847,0.0729999989271164,0.0729999989271164,1262250
2019-07-26,0.07400000095367432,0.07900000363588333,0.07400000095367432,0.07699999958276749,0.07699999958276749,529250
2019-07-29,0.07999999821186066,0.07999999821186066,0.07500000298023224,0.07800000160932541,0.07800000160932541,1176750
2019-07-30,0.07400000095367432,0.07500000298023224,0.07100000232458115,0.07100000232458115,0.07100000232458115,1520500
2019-07-31,0.07100000232458115,0.07500000298023224,0.06700000166893005,0.0729999989271164,0.0729999989271164,1161500
2019-08-01,0.07000000029802322,0.07400000095367432,0.0689999982714653,0.06800000369548798,0.06800000369548798,872000
2019-08-02,0.0689999982714653,0.07100000232458115,0.06199999898672104,0.06199999898672104,0.06199999898672104,640200
2019-08-05,0.06199999898672104,0.06400000303983688,0.05999999865889549,0.05999999865889549,0.05999999865889549,2200500
2019-08-06,0.06199999898672104,0.06800000369548798,0.05900000035762787,0.06400000303983688,0.06400000303983688,810500
2019-08-07,0.06300000101327896,0.06300000101327896,0.05700000002980232,0.061000000685453415,0.061000000685453415,852000
2019-08-08,0.05999999865889549,0.061000000685453415,0.054999999701976776,0.05999999865889549,0.05999999865889549,216750
2019-08-09,0.05900000035762787,0.06700000166893005,0.0560000017285347,0.06499999761581421,0.06499999761581421,298000
2019-08-12,0.05999999865889549,0.05999999865889549,0.05700000002980232,0.05700000002980232,0.05700000002980232,844220
2019-08-13,0.05700000002980232,0.06400000303983688,0.05700000002980232,0.057999998331069946,0.057999998331069946,620500
2019-08-14,0.05900000035762787,0.0689999982714653,0.05900000035762787,0.05900000035762787,0.05900000035762787,1747375
2019-08-15,0.05900000035762787,0.06300000101327896,0.05900000035762787,0.05999999865889549,0.05999999865889549,80000
2019-08-16,0.061000000685453415,0.06199999898672104,0.05900000035762787,0.05999999865889549,0.05999999865889549,2550000
2019-08-19,0.06199999898672104,0.06199999898672104,0.057999998331069946,0.05999999865889549,0.05999999865889549,888500
2019-08-20,0.057999998331069946,0.061000000685453415,0.05700000002980232,0.061000000685453415,0.061000000685453415,668000
2019-08-21,0.057999998331069946,0.06300000101327896,0.057999998331069946,0.05999999865889549,0.05999999865889549,685750
2019-08-22,0.057999998331069946,0.05999999865889549,0.05700000002980232,0.057999998331069946,0.057999998331069946,2908000
2019-08-23,0.057999998331069946,0.05999999865889549,0.057999998331069946,0.05999999865889549,0.05999999865889549,104000
2019-08-26,0.05999999865889549,0.05999999865889549,0.05999999865889549,0.05999999865889549,0.05999999865889549,0
2019-08-27,0.05999999865889549,0.061000000685453415,0.05999999865889549,0.05999999865889549,0.05999999865889549,210000
2019-08-28,0.06300000101327896,0.06499999761581421,0.06300000101327896,0.06499999761581421,0.06499999761581421,2110000
2019-08-29,0.06199999898672104,0.06199999898672104,0.05700000002980232,0.05999999865889549,0.05999999865889549,2774000
2019-08-30,0.057999998331069946,0.061000000685453415,0.05299999937415123,0.05700000002980232,0.05700000002980232,2260000
2019-09-02,0.05900000035762787,0.06400000303983688,0.05700000002980232,0.05700000002980232,0.05700000002980232,1641000
2019-09-03,0.05900000035762787,0.061000000685453415,0.054999999701976776,0.05700000002980232,0.05700000002980232,779000
2019-09-04,0.05400000140070915,0.057999998331069946,0.05400000140070915,0.05400000140070915,0.05400000140070915,966000
2019-09-05,0.054999999701976776,0.057999998331069946,0.052000001072883606,0.05299999937415123,0.05299999937415123,4601000
2019-09-06,0.05400000140070915,0.057999998331069946,0.05299999937415123,0.0560000017285347,0.0560000017285347,1767000
2019-09-09,0.05299999937415123,0.057999998331069946,0.052000001072883606,0.054999999701976776,0.054999999701976776,2517000
2019-09-10,0.054999999701976776,0.057999998331069946,0.054999999701976776,0.054999999701976776,0.054999999701976776,1714000
2019-09-11,0.054999999701976776,0.0560000017285347,0.054999999701976776,0.0560000017285347,0.0560000017285347,132000
2019-09-12,0.052000001072883606,0.054999999701976776,0.052000001072883606,0.054999999701976776,0.054999999701976776,1854000
2019-09-13,0.054999999701976776,0.054999999701976776,0.05400000140070915,0.054999999701976776,0.054999999701976776,318000
2019-09-16,0.054999999701976776,0.054999999701976776,0.054999999701976776,0.054999999701976776,0.054999999701976776,982000
2019-09-17,0.05299999937415123,0.054999999701976776,0.05299999937415123,0.05400000140070915,0.05400000140070915,1993000
2019-09-18,0.05400000140070915,0.054999999701976776,0.05400000140070915,0.05400000140070915,0.05400000140070915,762000
2019-09-19,0.05299999937415123,0.054999999701976776,0.05299999937415123,0.05400000140070915,0.05400000140070915,372000
2019-09-20,0.05400000140070915,0.054999999701976776,0.05400000140070915,0.05400000140070915,0.05400000140070915,1562000
2019-09-23,0.052000001072883606,0.05400000140070915,0.05000000074505806,0.05299999937415123,0.05299999937415123,3687000
2019-09-24,0.052000001072883606,0.05400000140070915,0.052000001072883606,0.05400000140070915,0.05400000140070915,224000
2019-09-25,0.05000000074505806,0.05299999937415123,0.05000000074505806,0.05299999937415123,0.05299999937415123,381000
2019-09-26,0.052000001072883606,0.05299999937415123,0.052000001072883606,0.05299999937415123,0.05299999937415123,2330000
2019-09-27,0.04899999871850014,0.05299999937415123,0.04800000041723251,0.05000000074505806,0.05000000074505806,4711000
2019-09-30,0.05000000074505806,0.054999999701976776,0.04899999871850014,0.05000000074505806,0.05000000074505806,752000
2019-10-02,0.04899999871850014,0.050999999046325684,0.04899999871850014,0.04899999871850014,0.04899999871850014,324200
2019-10-03,0.050999999046325684,0.050999999046325684,0.04800000041723251,0.05000000074505806,0.05000000074505806,287250
2019-10-04,0.04800000041723251,0.05000000074505806,0.04800000041723251,0.04800000041723251,0.04800000041723251,2178000
2019-10-08,0.04600000008940697,0.04600000008940697,0.04500000178813934,0.04500000178813934,0.04500000178813934,1079900
2019-10-09,0.04500000178813934,0.04800000041723251,0.04500000178813934,0.04500000178813934,0.04500000178813934,374000
2019-10-10,0.0430000014603138,0.0430000014603138,0.0430000014603138,0.04500000178813934,0.04500000178813934,6000
2019-10-11,0.0430000014603138,0.04800000041723251,0.035999998450279236,0.04800000041723251,0.04800000041723251,5459500
2019-10-14,0.03999999910593033,0.041999999433755875,0.039000000804662704,0.03999999910593033,0.03999999910593033,10553400
2019-10-15,0.03999999910593033,0.04100000113248825,0.03999999910593033,0.04100000113248825,0.04100000113248825,1272100
2019-10-16,0.04500000178813934,0.04500000178813934,0.039000000804662704,0.04100000113248825,0.04100000113248825,1189000
2019-10-17,0.039000000804662704,0.04100000113248825,0.03799999877810478,0.039000000804662704,0.039000000804662704,5714000
2019-10-18,0.03999999910593033,0.04399999976158142,0.039000000804662704,0.04399999976158142,0.04399999976158142,1395000
2019-10-21,0.041999999433755875,0.05000000074505806,0.04100000113248825,0.04899999871850014,0.04899999871850014,8228000
2019-10-22,0.04699999839067459,0.07199999690055847,0.04699999839067459,0.06499999761581421,0.06499999761581421,87932550
2019-10-23,0.06300000101327896,0.07000000029802322,0.05999999865889549,0.06599999964237213,0.06599999964237213,33183000
2019-10-24,0.06499999761581421,0.06599999964237213,0.06300000101327896,0.06300000101327896,0.06300000101327896,6858000
2019-10-25,0.06499999761581421,0.12800000607967377,0.06499999761581421,0.0820000022649765,0.0820000022649765,281910000
2019-10-28,0.0860000029206276,0.10000000149011612,0.08399999886751175,0.09399999678134918,0.09399999678134918,71617000
2019-10-29,0.0989999994635582,0.12399999797344208,0.08500000089406967,0.10999999940395355,0.10999999940395355,194047875
2019-10-30,0.10999999940395355,0.11800000071525574,0.10300000011920929,0.10999999940395355,0.10999999940395355,59661500
2019-10-31,0.10999999940395355,0.11400000005960464,0.0989999994635582,0.10899999737739563,0.10899999737739563,42200500
2019-11-01,0.10599999874830246,0.11299999803304672,0.10199999809265137,0.1080000028014183,0.1080000028014183,35684500
2019-11-04,0.10700000077486038,0.11100000143051147,0.10199999809265137,0.10400000214576721,0.10400000214576721,19401500
2019-11-05,0.10199999809265137,0.10300000011920929,0.09600000083446503,0.09799999743700027,0.09799999743700027,19917500
2019-11-06,0.09700000286102295,0.11500000208616257,0.09600000083446503,0.10100000351667404,0.10100000351667404,25776500
2019-11-07,0.10000000149011612,0.10499999672174454,0.10000000149011612,0.10300000011920929,0.10300000011920929,6899000
2019-11-08,0.10400000214576721,0.10499999672174454,0.0989999994635582,0.10199999809265137,0.10199999809265137,7553000
2019-11-11,0.10000000149011612,0.10300000011920929,0.08500000089406967,0.09099999815225601,0.09099999815225601,16552000
2019-11-12,0.09099999815225601,0.10499999672174454,0.09099999815225601,0.09200000017881393,0.09200000017881393,9823000
2019-11-13,0.08900000154972076,0.09000000357627869,0.0860000029206276,0.08799999952316284,0.08799999952316284,7848250
2019-11-14,0.08799999952316284,0.09099999815225601,0.08500000089406967,0.0860000029206276,0.0860000029206276,5029000
2019-11-15,0.08699999749660492,0.09099999815225601,0.08699999749660492,0.08799999952316284,0.08799999952316284,6157600
2019-11-18,0.08799999952316284,0.09200000017881393,0.08799999952316284,0.09099999815225601,0.09099999815225601,6696500
2019-11-19,0.09200000017881393,0.10499999672174454,0.09200000017881393,0.10199999809265137,0.10199999809265137,18216500
2019-11-20,0.10000000149011612,0.10499999672174454,0.09700000286102295,0.10000000149011612,0.10000000149011612,2557625
2019-11-21,0.09600000083446503,0.09600000083446503,0.09000000357627869,0.0949999988079071,0.0949999988079071,6178300
2019-11-22,0.09200000017881393,0.0949999988079071,0.09000000357627869,0.0949999988079071,0.0949999988079071,1396000
2019-11-25,0.09200000017881393,0.0949999988079071,0.09000000357627869,0.09099999815225601,0.09099999815225601,3600000
2019-11-26,0.09099999815225601,0.09099999815225601,0.08699999749660492,0.08900000154972076,0.08900000154972076,6270375
2019-11-27,0.08799999952316284,0.09300000220537186,0.08500000089406967,0.0860000029206276,0.0860000029206276,5518050
2019-11-28,0.0820000022649765,0.08399999886751175,0.07199999690055847,0.07900000363588333,0.07900000363588333,8710500
2019-11-29,0.07699999958276749,0.08100000023841858,0.07400000095367432,0.07599999755620956,0.07599999755620956,2162000
2019-12-02,0.07599999755620956,0.08100000023841858,0.07599999755620956,0.07900000363588333,0.07900000363588333,1597500
2019-12-03,0.07900000363588333,0.08100000023841858,0.07800000160932541,0.07900000363588333,0.07900000363588333,852500
2019-12-04,0.07800000160932541,0.07900000363588333,0.0729999989271164,0.0729999989271164,0.0729999989271164,1192000
2019-12-05,0.07699999958276749,0.08100000023841858,0.07599999755620956,0.07699999958276749,0.07699999958276749,403500
2019-12-06,0.07699999958276749,0.08100000023841858,0.07599999755620956,0.07999999821186066,0.07999999821186066,796000
2019-12-09,0.07599999755620956,0.07699999958276749,0.0729999989271164,0.07599999755620956,0.07599999755620956,2130350
2019-12-10,0.07400000095367432,0.07699999958276749,0.0729999989271164,0.0729999989271164,0.0729999989271164,2944000
2019-12-11,0.07400000095367432,0.07900000363588333,0.07400000095367432,0.07800000160932541,0.07800000160932541,1613500
2019-12-12,0.07800000160932541,0.07800000160932541,0.07500000298023224,0.07599999755620956,0.07599999755620956,2074500
2019-12-13,0.07599999755620956,0.09099999815225601,0.0729999989271164,0.07800000160932541,0.07800000160932541,5333100
2019-12-16,0.07999999821186066,0.08399999886751175,0.07699999958276749,0.0820000022649765,0.0820000022649765,2830000
2019-12-17,0.07699999958276749,0.08100000023841858,0.07599999755620956,0.07900000363588333,0.07900000363588333,772500
2019-12-18,0.07900000363588333,0.08500000089406967,0.07900000363588333,0.07900000363588333,0.07900000363588333,1350500
2019-12-19,0.08299999684095383,0.08299999684095383,0.07800000160932541,0.07900000363588333,0.07900000363588333,887000
2019-12-20,0.08100000023841858,0.08299999684095383,0.07800000160932541,0.07999999821186066,0.07999999821186066,1151000
2019-12-23,0.07900000363588333,0.0820000022649765,0.07800000160932541,0.07999999821186066,0.07999999821186066,1180500
2019-12-24,0.07999999821186066,0.07999999821186066,0.07999999821186066,0.07999999821186066,0.07999999821186066,5648000
2019-12-27,0.07900000363588333,0.0820000022649765,0.07800000160932541,0.0820000022649765,0.0820000022649765,590250
2019-12-30,0.07999999821186066,0.08100000023841858,0.07800000160932541,0.08100000023841858,0.08100000023841858,2120000
2019-12-31,0.07800000160932541,0.08100000023841858,0.07800000160932541,0.08100000023841858,0.08100000023841858,200000
2020-01-02,0.07699999958276749,0.0820000022649765,0.07699999958276749,0.08100000023841858,0.08100000023841858,20000
2020-01-03,0.08100000023841858,0.0820000022649765,0.07599999755620956,0.07699999958276749,0.07699999958276749,404000
2020-01-06,0.07599999755620956,0.09000000357627869,0.0729999989271164,0.08299999684095383,0.08299999684095383,9248000
2020-01-07,0.08299999684095383,0.08299999684095383,0.07999999821186066,0.07999999821186066,0.07999999821186066,1192500
2020-01-08,0.07699999958276749,0.08100000023841858,0.07699999958276749,0.08100000023841858,0.08100000023841858,246000
2020-01-09,0.07999999821186066,0.08500000089406967,0.07599999755620956,0.07999999821186066,0.07999999821186066,920500
2020-01-10,0.07999999821186066,0.08100000023841858,0.07500000298023224,0.07900000363588333,0.07900000363588333,684500
2020-01-13,0.07400000095367432,0.07999999821186066,0.07400000095367432,0.07900000363588333,0.07900000363588333,1656000
2020-01-14,0.07900000363588333,0.07999999821186066,0.07800000160932541,0.07800000160932541,0.07800000160932541,279000
2020-01-15,0.07599999755620956,0.07900000363588333,0.07599999755620956,0.07900000363588333,0.07900000363588333,1226000
2020-01-16,0.07800000160932541,0.07800000160932541,0.07800000160932541,0.07800000160932541,0.07800000160932541,0
2020-01-17,0.07800000160932541,0.0949999988079071,0.07800000160932541,0.08399999886751175,0.08399999886751175,11392000
2020-01-20,0.08299999684095383,0.08799999952316284,0.08299999684095383,0.08299999684095383,0.08299999684095383,1140500
2020-01-21,0.08399999886751175,0.08500000089406967,0.07800000160932541,0.08399999886751175,0.08399999886751175,1285700
2020-01-22,0.08299999684095383,0.0860000029206276,0.0820000022649765,0.08500000089406967,0.08500000089406967,978000
2020-01-23,0.0820000022649765,0.0820000022649765,0.07199999690055847,0.07699999958276749,0.07699999958276749,3300000
2020-01-24,0.07500000298023224,0.07900000363588333,0.07500000298023224,0.07500000298023224,0.07500000298023224,242000
2020-01-29,0.0729999989271164,0.07800000160932541,0.0729999989271164,0.07400000095367432,0.07400000095367432,213400
2020-01-30,0.07199999690055847,0.07400000095367432,0.07000000029802322,0.07100000232458115,0.07100000232458115,2594000
2020-01-31,0.07100000232458115,0.0729999989271164,0.0689999982714653,0.07000000029802322,0.07000000029802322,1364000
2020-02-03,0.06800000369548798,0.0689999982714653,0.06499999761581421,0.06499999761581421,0.06499999761581421,621500
2020-02-04,0.06499999761581421,0.07400000095367432,0.06400000303983688,0.0729999989271164,0.0729999989271164,4508000
2020-02-05,0.07000000029802322,0.07199999690055847,0.07000000029802322,0.07199999690055847,0.07199999690055847,291000
2020-02-06,0.07199999690055847,0.07599999755620956,0.07199999690055847,0.07599999755620956,0.07599999755620956,480000
2020-02-07,0.07000000029802322,0.07599999755620956,0.061000000685453415,0.06599999964237213,0.06599999964237213,6792000
2020-02-10,0.06800000369548798,0.07000000029802322,0.06400000303983688,0.06599999964237213,0.06599999964237213,821000
2020-02-11,0.06700000166893005,0.07100000232458115,0.06400000303983688,0.0689999982714653,0.0689999982714653,2424000
2020-02-12,0.07000000029802322,0.07100000232458115,0.06800000369548798,0.06800000369548798,0.06800000369548798,323000
2020-02-13,0.06700000166893005,0.06800000369548798,0.06400000303983688,0.06400000303983688,0.06400000303983688,1523000
2020-02-14,0.06400000303983688,0.07900000363588333,0.06499999761581421,0.06800000369548798,0.06800000369548798,5001000
2020-02-17,0.06800000369548798,0.06800000369548798,0.06800000369548798,0.06800000369548798,0.06800000369548798,0
2020-02-18,0.06599999964237213,0.07199999690055847,0.06599999964237213,0.07199999690055847,0.07199999690055847,1420750
2020-02-19,0.0689999982714653,0.07199999690055847,0.06800000369548798,0.06800000369548798,0.06800000369548798,744200
2020-02-20,0.06800000369548798,0.07199999690055847,0.06800000369548798,0.07100000232458115,0.07100000232458115,328000
2020-02-21,0.0689999982714653,0.07400000095367432,0.06400000303983688,0.06800000369548798,0.06800000369548798,2859000
2020-02-24,0.06700000166893005,0.07000000029802322,0.06700000166893005,0.07000000029802322,0.07000000029802322,436500
2020-02-25,0.06400000303983688,0.07100000232458115,0.06300000101327896,0.0689999982714653,0.0689999982714653,291000
2020-02-26,0.06499999761581421,0.06700000166893005,0.06300000101327896,0.06300000101327896,0.06300000101327896,1132000
2020-02-27,0.06300000101327896,0.06800000369548798,0.06300000101327896,0.06700000166893005,0.06700000166893005,506500
2020-02-28,0.06199999898672104,0.07100000232458115,0.06199999898672104,0.07100000232458115,0.07100000232458115,29000
2020-03-02,0.07000000029802322,0.07000000029802322,0.06400000303983688,0.0689999982714653,0.0689999982714653,826400
2020-03-03,0.06400000303983688,0.06700000166893005,0.06300000101327896,0.06300000101327896,0.06300000101327896,2297000
2020-03-04,0.06499999761581421,0.06499999761581421,0.05999999865889549,0.06300000101327896,0.06300000101327896,1020000
2020-03-05,0.06199999898672104,0.06300000101327896,0.061000000685453415,0.06300000101327896,0.06300000101327896,1054000
2020-03-06,0.061000000685453415,0.06199999898672104,0.05000000074505806,0.0560000017285347,0.0560000017285347,5001700
2020-03-09,0.05299999937415123,0.05400000140070915,0.04500000178813934,0.050999999046325684,0.050999999046325684,3685000
2020-03-10,0.05000000074505806,0.05000000074505806,0.04800000041723251,0.05000000074505806,0.05000000074505806,908000
2020-03-11,0.05000000074505806,0.05400000140070915,0.05000000074505806,0.050999999046325684,0.050999999046325684,261200
2020-03-12,0.05000000074505806,0.052000001072883606,0.04899999871850014,0.04899999871850014,0.04899999871850014,2884000
2020-03-13,0.04699999839067459,0.04899999871850014,0.04399999976158142,0.04600000008940697,0.04600000008940697,3316500
2020-03-16,0.04399999976158142,0.04699999839067459,0.0430000014603138,0.04399999976158142,0.04399999976158142,678000
2020-03-17,0.04399999976158142,0.04500000178813934,0.03999999910593033,0.04100000113248825,0.04100000113248825,2772000
2020-03-18,0.041999999433755875,0.052000001072883606,0.03999999910593033,0.03999999910593033,0.03999999910593033,6061500
2020-03-19,0.03700000047683716,0.041999999433755875,0.03700000047683716,0.03999999910593033,0.03999999910593033,4064600
2020-03-20,0.0430000014603138,0.04800000041723251,0.03799999877810478,0.039000000804662704,0.039000000804662704,8699000
2020-03-23,0.04399999976158142,0.04500000178813934,0.039000000804662704,0.041999999433755875,0.041999999433755875,888000
2020-03-24,0.03999999910593033,0.04399999976158142,0.03999999910593033,0.03999999910593033,0.03999999910593033,49500
2020-03-25,0.03999999910593033,0.03999999910593033,0.03799999877810478,0.03799999877810478,0.03799999877810478,60000
2020-03-26,0.041999999433755875,0.041999999433755875,0.041999999433755875,0.041999999433755875,0.041999999433755875,659000
2020-03-27,0.041999999433755875,0.04399999976158142,0.03999999910593033,0.03999999910593033,0.03999999910593033,2802000
2020-03-30,0.03999999910593033,0.041999999433755875,0.03999999910593033,0.041999999433755875,0.041999999433755875,50000
2020-03-31,0.041999999433755875,0.04399999976158142,0.03799999877810478,0.04100000113248825,0.04100000113248825,2704000
2020-04-01,0.03999999910593033,0.041999999433755875,0.03999999910593033,0.03999999910593033,0.03999999910593033,214000
2020-04-02,0.03799999877810478,0.041999999433755875,0.03799999877810478,0.04100000113248825,0.04100000113248825,556500
2020-04-03,0.04100000113248825,0.04100000113248825,0.03999999910593033,0.04100000113248825,0.04100000113248825,1120000
2020-04-06,0.041999999433755875,0.041999999433755875,0.03700000047683716,0.03999999910593033,0.03999999910593033,120500
2020-04-07,0.03999999910593033,0.03999999910593033,0.03999999910593033,0.03999999910593033,0.03999999910593033,515000
2020-04-08,0.03999999910593033,0.03999999910593033,0.03999999910593033,0.03999999910593033,0.03999999910593033,0
2020-04-09,0.03999999910593033,0.041999999433755875,0.039000000804662704,0.041999999433755875,0.041999999433755875,1378500
2020-04-14,0.039000000804662704,0.04399999976158142,0.039000000804662704,0.0430000014603138,0.0430000014603138,415000
2020-04-15,0.039000000804662704,0.04500000178813934,0.03500000014901161,0.0430000014603138,0.0430000014603138,2293500
2020-04-16,0.04100000113248825,0.041999999433755875,0.04100000113248825,0.041999999433755875,0.041999999433755875,314000
2020-04-17,0.03999999910593033,0.0430000014603138,0.03999999910593033,0.0430000014603138,0.0430000014603138,332800
2020-04-20,0.0430000014603138,0.0430000014603138,0.0430000014603138,0.0430000014603138,0.0430000014603138,16000
2020-04-21,0.04500000178813934,0.04500000178813934,0.03799999877810478,0.03999999910593033,0.03999999910593033,548225
2020-04-22,0.035999998450279236,0.03999999910593033,0.035999998450279236,0.039000000804662704,0.039000000804662704,1204000
2020-04-23,0.039000000804662704,0.0430000014603138,0.03700000047683716,0.041999999433755875,0.041999999433755875,1533021
2020-04-24,0.041999999433755875,0.041999999433755875,0.041999999433755875,0.041999999433755875,0.041999999433755875,466000
2020-04-27,0.041999999433755875,0.041999999433755875,0.041999999433755875,0.041999999433755875,0.041999999433755875,0
2020-04-28,0.039000000804662704,0.04399999976158142,0.039000000804662704,0.04399999976158142,0.04399999976158142,79500
2020-04-29,0.04399999976158142,0.04399999976158142,0.04399999976158142,0.04399999976158142,0.04399999976158142,0
2020-05-04,0.03799999877810478,0.0430000014603138,0.03799999877810478,0.03999999910593033,0.03999999910593033,58500
2020-05-05,0.03999999910593033,0.03999999910593033,0.03999999910593033,0.03999999910593033,0.03999999910593033,0
2020-05-06,0.03999999910593033,0.03999999910593033,0.039000000804662704,0.03999999910593033,0.03999999910593033,582250
2020-05-07,0.039000000804662704,0.039000000804662704,0.03799999877810478,0.03799999877810478,0.03799999877810478,264000
2020-05-08,0.03799999877810478,0.041999999433755875,0.03799999877810478,0.041999999433755875,0.041999999433755875,417750
2020-05-11,0.0430000014603138,0.04399999976158142,0.041999999433755875,0.04399999976158142,0.04399999976158142,1107500
2020-05-12,0.04500000178813934,0.04600000008940697,0.03999999910593033,0.041999999433755875,0.041999999433755875,2452500
2020-05-13,0.04100000113248825,0.041999999433755875,0.03999999910593033,0.041999999433755875,0.041999999433755875,830000
2020-05-14,0.03999999910593033,0.03999999910593033,0.039000000804662704,0.039000000804662704,0.039000000804662704,60000
2020-05-15,0.03799999877810478,0.041999999433755875,0.03799999877810478,0.041999999433755875,0.041999999433755875,2369000
2020-05-18,0.0430000014603138,0.0430000014603138,0.039000000804662704,0.041999999433755875,0.041999999433755875,855750
2020-05-19,0.039000000804662704,0.03999999910593033,0.03400000184774399,0.03799999877810478,0.03799999877810478,12097650
2020-05-20,0.03799999877810478,0.039000000804662704,0.03799999877810478,0.03799999877810478,0.03799999877810478,1747000
2020-05-21,0.03700000047683716,0.03999999910593033,0.03700000047683716,0.039000000804662704,0.039000000804662704,1075500
2020-05-22,0.03700000047683716,0.03700000047683716,0.03400000184774399,0.03500000014901161,0.03500000014901161,3469500
2020-05-25,0.03500000014901161,0.03700000047683716,0.03500000014901161,0.03500000014901161,0.03500000014901161,450500
2020-05-26,0.03400000184774399,0.03500000014901161,0.032999999821186066,0.03500000014901161,0.03500000014901161,1544500
2020-05-27,0.03400000184774399,0.03500000014901161,0.032999999821186066,0.032999999821186066,0.032999999821186066,1425000
2020-05-28,0.032999999821186066,0.03400000184774399,0.032999999821186066,0.032999999821186066,0.032999999821186066,1593900
2020-05-29,0.03400000184774399,0.03500000014901161,0.03400000184774399,0.03500000014901161,0.03500000014901161,1322000
2020-06-01,0.03799999877810478,0.03999999910593033,0.03500000014901161,0.03500000014901161,0.03500000014901161,1212500
2020-06-02,0.03500000014901161,0.03799999877810478,0.03500000014901161,0.03500000014901161,0.03500000014901161,1000500
2020-06-03,0.03500000014901161,0.03500000014901161,0.032999999821186066,0.03400000184774399,0.03400000184774399,1681250
2020-06-04,0.03400000184774399,0.03400000184774399,0.032999999821186066,0.03400000184774399,0.03400000184774399,3297350
2020-06-05,0.03200000151991844,0.03400000184774399,0.03099999949336052,0.032999999821186066,0.032999999821186066,6124000
2020-06-08,0.03400000184774399,0.03400000184774399,0.03099999949336052,0.032999999821186066,0.032999999821186066,3865000
2020-06-09,0.032999999821186066,0.032999999821186066,0.03200000151991844,0.032999999821186066,0.032999999821186066,2062000
2020-06-10,0.03099999949336052,0.03200000151991844,0.03099999949336052,0.03200000151991844,0.03200000151991844,3780000
2020-06-11,0.03200000151991844,0.032999999821186066,0.03099999949336052,0.032999999821186066,0.032999999821186066,426000
2020-06-12,0.032999999821186066,0.032999999821186066,0.03099999949336052,0.03200000151991844,0.03200000151991844,1469100
2020-06-15,0.03099999949336052,0.03099999949336052,0.02800000086426735,0.028999999165534973,0.028999999165534973,3667000
2020-06-16,0.028999999165534973,0.029999999329447746,0.028999999165534973,0.029999999329447746,0.029999999329447746,1030500
2020-06-17,0.029999999329447746,0.029999999329447746,0.02800000086426735,0.029999999329447746,0.029999999329447746,1811500
2020-06-18,0.029999999329447746,0.032999999821186066,0.02800000086426735,0.028999999165534973,0.028999999165534973,5778500
2020-06-19,0.02800000086426735,0.028999999165534973,0.027000000700354576,0.02800000086426735,0.02800000086426735,4605000
2020-06-22,0.027000000700354576,0.028999999165534973,0.027000000700354576,0.02800000086426735,0.02800000086426735,913800
2020-06-23,0.02800000086426735,0.02800000086426735,0.027000000700354576,0.02800000086426735,0.02800000086426735,852000
2020-06-24,0.028999999165534973,0.028999999165534973,0.028999999165534973,0.028999999165534973,0.028999999165534973,0
2020-06-26,0.028999999165534973,0.07400000095367432,0.028999999165534973,0.04899999871850014,0.04899999871850014,228317500
2020-06-29,0.05000000074505806,0.054999999701976776,0.04100000113248825,0.0430000014603138,0.0430000014603138,24619000
2020-06-30,0.04500000178813934,0.04800000041723251,0.03799999877810478,0.04100000113248825,0.04100000113248825,20366015
2020-07-02,0.04100000113248825,0.041999999433755875,0.03799999877810478,0.04100000113248825,0.04100000113248825,6420500
2020-07-03,0.04100000113248825,0.05400000140070915,0.03799999877810478,0.04600000008940697,0.04600000008940697,21084750
2020-07-06,0.04600000008940697,0.04899999871850014,0.0430000014603138,0.04600000008940697,0.04600000008940697,3081000
2020-07-07,0.04600000008940697,0.04800000041723251,0.0430000014603138,0.04699999839067459,0.04699999839067459,3225000
2020-07-08,0.04500000178813934,0.04899999871850014,0.04500000178813934,0.04800000041723251,0.04800000041723251,5447500
2020-07-09,0.04800000041723251,0.04899999871850014,0.04399999976158142,0.04699999839067459,0.04699999839067459,2682000
2020-07-10,0.04500000178813934,0.04500000178813934,0.0430000014603138,0.04500000178813934,0.04500000178813934,3642400
2020-07-13,0.04399999976158142,0.04500000178813934,0.0430000014603138,0.04500000178813934,0.04500000178813934,1684900
2020-07-14,0.0430000014603138,0.04699999839067459,0.0430000014603138,0.04399999976158142,0.04399999976158142,1875100
2020-07-15,0.04399999976158142,0.05999999865889549,0.03200000151991844,0.03700000047683716,0.03700000047683716,44276000
2020-07-16,0.035999998450279236,0.0430000014603138,0.03500000014901161,0.03700000047683716,0.03700000047683716,10102400
2020-07-17,0.03999999910593033,0.0430000014603138,0.03799999877810478,0.03999999910593033,0.03999999910593033,3810100
2020-07-20,0.03799999877810478,0.03999999910593033,0.035999998450279236,0.03999999910593033,0.03999999910593033,2226000
2020-07-21,0.03999999910593033,0.052000001072883606,0.03999999910593033,0.04399999976158142,0.04399999976158142,17795400
2020-07-22,0.04399999976158142,0.04500000178813934,0.0430000014603138,0.0430000014603138,0.0430000014603138,3729500
2020-07-23,0.0430000014603138,0.04600000008940697,0.0430000014603138,0.04500000178813934,0.04500000178813934,1825000
2020-07-24,0.04399999976158142,0.04500000178813934,0.04100000113248825,0.0430000014603138,0.0430000014603138,1343450
2020-07-27,0.03999999910593033,0.0430000014603138,0.03999999910593033,0.0430000014603138,0.0430000014603138,47000
2020-07-28,0.03999999910593033,0.04600000008940697,0.03999999910593033,0.04100000113248825,0.04100000113248825,481500
2020-07-29,0.0430000014603138,0.04399999976158142,0.041999999433755875,0.04399999976158142,0.04399999976158142,667800
2020-07-30,0.04100000113248825,0.04800000041723251,0.04100000113248825,0.04399999976158142,0.04399999976158142,515500
2020-07-31,0.04399999976158142,0.04399999976158142,0.04399999976158142,0.04399999976158142,0.04399999976158142,0
2020-08-03,0.04500000178813934,0.04500000178813934,0.04500000178813934,0.04500000178813934,0.04500000178813934,884000
2020-08-04,0.0430000014603138,0.04699999839067459,0.041999999433755875,0.04500000178813934,0.04500000178813934,1698300
2020-08-05,0.04500000178813934,0.04600000008940697,0.04399999976158142,0.04399999976158142,0.04399999976158142,713000
2020-08-06,0.04500000178813934,0.04600000008940697,0.041999999433755875,0.04399999976158142,0.04399999976158142,2212900
2020-08-07,0.04100000113248825,0.07400000095367432,0.04100000113248825,0.050999999046325684,0.050999999046325684,132050875
2020-08-10,0.05400000140070915,0.05400000140070915,0.04399999976158142,0.04800000041723251,0.04800000041723251,12921000
2020-08-11,0.04600000008940697,0.05700000002980232,0.04100000113248825,0.05000000074505806,0.05000000074505806,28008000
2020-08-12,0.05299999937415123,0.05299999937415123,0.04699999839067459,0.050999999046325684,0.050999999046325684,804000
2020-08-13,0.052000001072883606,0.052000001072883606,0.04800000041723251,0.05000000074505806,0.05000000074505806,2490000
2020-08-14,0.052000001072883606,0.052000001072883606,0.04800000041723251,0.04899999871850014,0.04899999871850014,4455100
2020-08-17,0.04800000041723251,0.057999998331069946,0.04800000041723251,0.05000000074505806,0.05000000074505806,21074000
2020-08-18,0.061000000685453415,0.061000000685453415,0.04800000041723251,0.05299999937415123,0.05299999937415123,11357500
2020-08-19,0.05400000140070915,0.05400000140070915,0.05000000074505806,0.052000001072883606,0.052000001072883606,1560000
2020-08-20,0.04899999871850014,0.05000000074505806,0.04800000041723251,0.04899999871850014,0.04899999871850014,951000
2020-08-21,0.04899999871850014,0.050999999046325684,0.04899999871850014,0.04899999871850014,0.04899999871850014,2300000
2020-08-24,0.04800000041723251,0.054999999701976776,0.04600000008940697,0.05000000074505806,0.05000000074505806,19513000
2020-08-25,0.050999999046325684,0.050999999046325684,0.04899999871850014,0.04899999871850014,0.04899999871850014,718000
2020-08-26,0.04899999871850014,0.05000000074505806,0.04800000041723251,0.05000000074505806,0.05000000074505806,1015500
2020-08-27,0.04899999871850014,0.04899999871850014,0.04399999976158142,0.04500000178813934,0.04500000178813934,4947200
2020-08-28,0.04500000178813934,0.04800000041723251,0.041999999433755875,0.04500000178813934,0.04500000178813934,6208000
2020-08-31,0.04500000178813934,0.04699999839067459,0.04399999976158142,0.04600000008940697,0.04600000008940697,3223000
2020-09-01,0.0430000014603138,0.04600000008940697,0.0430000014603138,0.04399999976158142,0.04399999976158142,200400
2020-09-02,0.0430000014603138,0.04500000178813934,0.03999999910593033,0.0430000014603138,0.0430000014603138,6382000
2020-09-03,0.0430000014603138,0.04399999976158142,0.041999999433755875,0.0430000014603138,0.0430000014603138,2824250
2020-09-04,0.0430000014603138,0.04399999976158142,0.041999999433755875,0.04399999976158142,0.04399999976158142,489000
2020-09-07,0.041999999433755875,0.04399999976158142,0.04100000113248825,0.04100000113248825,0.04100000113248825,1414625
2020-09-08,0.04100000113248825,0.04100000113248825,0.03999999910593033,0.04100000113248825,0.04100000113248825,772000
2020-09-09,0.03999999910593033,0.0430000014603138,0.03999999910593033,0.0430000014603138,0.0430000014603138,963000
2020-09-10,0.04100000113248825,0.0430000014603138,0.04100000113248825,0.041999999433755875,0.041999999433755875,62000
2020-09-11,0.0430000014603138,0.04399999976158142,0.04100000113248825,0.0430000014603138,0.0430000014603138,1027500
2020-09-14,0.04100000113248825,0.04500000178813934,0.04100000113248825,0.04399999976158142,0.04399999976158142,236000
2020-09-15,0.041999999433755875,0.04399999976158142,0.041999999433755875,0.0430000014603138,0.0430000014603138,2524500
2020-09-16,0.0430000014603138,0.0430000014603138,0.0430000014603138,0.0430000014603138,0.0430000014603138,0
2020-09-17,0.04100000113248825,0.0430000014603138,0.04100000113248825,0.0430000014603138,0.0430000014603138,244500
2020-09-18,0.0430000014603138,0.0430000014603138,0.0430000014603138,0.0430000014603138,0.0430000014603138,0
2020-09-21,0.0430000014603138,0.0430000014603138,0.041999999433755875,0.041999999433755875,0.041999999433755875,1120000
2020-09-22,0.04100000113248825,0.04399999976158142,0.04100000113248825,0.04100000113248825,0.04100000113248825,55500
2020-09-23,0.03999999910593033,0.04100000113248825,0.03999999910593033,0.03999999910593033,0.03999999910593033,1038500
2020-09-24,0.03999999910593033,0.041999999433755875,0.039000000804662704,0.039000000804662704,0.039000000804662704,368000
2020-09-25,0.03799999877810478,0.03999999910593033,0.03799999877810478,0.03999999910593033,0.03999999910593033,640000
2020-09-28,0.03999999910593033,0.03999999910593033,0.03999999910593033,0.03999999910593033,0.03999999910593033,0
2020-09-29,0.039000000804662704,0.041999999433755875,0.039000000804662704,0.04100000113248825,0.04100000113248825,1212000
2020-09-30,0.04100000113248825,0.04100000113248825,0.039000000804662704,0.039000000804662704,0.039000000804662704,400000
2020-10-05,0.03799999877810478,0.041999999433755875,0.03799999877810478,0.03999999910593033,0.03999999910593033,1317000
2020-10-06,0.03999999910593033,0.04500000178813934,0.03999999910593033,0.04100000113248825,0.04100000113248825,673000
2020-10-07,0.04100000113248825,0.04100000113248825,0.04100000113248825,0.04100000113248825,0.04100000113248825,0
2020-10-08,0.04100000113248825,0.0430000014603138,0.04100000113248825,0.0430000014603138,0.0430000014603138,3186000
2020-10-09,0.04100000113248825,0.04399999976158142,0.04100000113248825,0.0430000014603138,0.0430000014603138,676500
2020-10-12,0.0430000014603138,0.0430000014603138,0.04100000113248825,0.0430000014603138,0.0430000014603138,52000
2020-10-14,0.04100000113248825,0.04100000113248825,0.03999999910593033,0.04100000113248825,0.04100000113248825,2232250
2020-10-15,0.04100000113248825,0.0430000014603138,0.04100000113248825,0.0430000014603138,0.0430000014603138,603700
2020-10-16,0.041999999433755875,0.04399999976158142,0.041999999433755875,0.04399999976158142,0.04399999976158142,963000
2020-10-19,0.0430000014603138,0.0430000014603138,0.04100000113248825,0.0430000014603138,0.0430000014603138,1090000
2020-10-20,0.0430000014603138,0.0430000014603138,0.0430000014603138,0.041999999433755875,0.041999999433755875,0
2020-10-21,0.06700000166893005,0.0689999982714653,0.057999998331069946,0.06599999964237213,0.06599999964237213,166996000
2020-10-22,0.06599999964237213,0.06599999964237213,0.054999999701976776,0.0560000017285347,0.0560000017285347,20507750
2020-10-23,0.0560000017285347,0.05700000002980232,0.050999999046325684,0.054999999701976776,0.054999999701976776,9270500
2020-10-27,0.05400000140070915,0.05999999865889549,0.05299999937415123,0.0560000017285347,0.0560000017285347,9960000
2020-10-28,0.05400000140070915,0.054999999701976776,0.04800000041723251,0.04899999871850014,0.04899999871850014,11184000
2020-10-29,0.04899999871850014,0.05000000074505806,0.04500000178813934,0.05000000074505806,0.05000000074505806,5861400
2020-10-30,0.04899999871850014,0.0560000017285347,0.04899999871850014,0.052000001072883606,0.052000001072883606,10320000
2020-11-02,0.05000000074505806,0.050999999046325684,0.04699999839067459,0.04699999839067459,0.04699999839067459,3555500
2020-11-03,0.04899999871850014,0.050999999046325684,0.04600000008940697,0.04699999839067459,0.04699999839067459,6384000
2020-11-04,0.04699999839067459,0.04699999839067459,0.04500000178813934,0.04699999839067459,0.04699999839067459,2049000
2020-11-05,0.05400000140070915,0.06300000101327896,0.050999999046325684,0.05400000140070915,0.05400000140070915,22170000
2020-11-06,0.05400000140070915,0.05900000035762787,0.05400000140070915,0.05700000002980232,0.05700000002980232,5952000
2020-11-09,0.05700000002980232,0.05700000002980232,0.052000001072883606,0.05400000140070915,0.05400000140070915,7585000
2020-11-10,0.05299999937415123,0.05299999937415123,0.05000000074505806,0.052000001072883606,0.052000001072883606,1903625
2020-11-11,0.05000000074505806,0.052000001072883606,0.04899999871850014,0.052000001072883606,0.052000001072883606,784000
2020-11-12,0.04899999871850014,0.052000001072883606,0.04899999871850014,0.052000001072883606,0.052000001072883606,307800
2020-11-13,0.052000001072883606,0.052000001072883606,0.04899999871850014,0.050999999046325684,0.050999999046325684,830000
2020-11-16,0.05000000074505806,0.05000000074505806,0.04800000041723251,0.05000000074505806,0.05000000074505806,963000
2020-11-17,0.05000000074505806,0.052000001072883606,0.04800000041723251,0.050999999046325684,0.050999999046325684,1038200
2020-11-18,0.050999999046325684,0.050999999046325684,0.05000000074505806,0.05000000074505806,0.05000000074505806,880250
2020-11-19,0.04800000041723251,0.04899999871850014,0.04800000041723251,0.04899999871850014,0.04899999871850014,2616000
2020-11-20,0.04899999871850014,0.05000000074505806,0.04899999871850014,0.04899999871850014,0.04899999871850014,552000
2020-11-23,0.04899999871850014,0.05299999937415123,0.04899999871850014,0.05000000074505806,0.05000000074505806,2016500
2020-11-24,0.05000000074505806,0.06599999964237213,0.05000000074505806,0.06499999761581421,0.06499999761581421,58425000
2020-11-25,0.06300000101327896,0.06599999964237213,0.054999999701976776,0.05900000035762787,0.05900000035762787,25609000
2020-11-26,0.054999999701976776,0.05900000035762787,0.054999999701976776,0.05700000002980232,0.05700000002980232,6908000
2020-11-27,0.054999999701976776,0.05700000002980232,0.05400000140070915,0.05700000002980232,0.05700000002980232,7451300
2020-11-30,0.05700000002980232,0.06300000101327896,0.05700000002980232,0.05999999865889549,0.05999999865889549,10707000
2020-12-01,0.05999999865889549,0.05999999865889549,0.057999998331069946,0.05999999865889549,0.05999999865889549,1365100
2020-12-02,0.057999998331069946,0.06199999898672104,0.057999998331069946,0.05900000035762787,0.05900000035762787,9004600
2020-12-03,0.05999999865889549,0.06300000101327896,0.057999998331069946,0.061000000685453415,0.061000000685453415,6991000
2020-12-04,0.061000000685453415,0.06800000369548798,0.05999999865889549,0.06700000166893005,0.06700000166893005,15477250
2020-12-07,0.06700000166893005,0.0729999989271164,0.06400000303983688,0.06800000369548798,0.06800000369548798,15260000
2020-12-08,0.07199999690055847,0.07199999690055847,0.06499999761581421,0.06800000369548798,0.06800000369548798,7189500
2020-12-09,0.06499999761581421,0.06700000166893005,0.05999999865889549,0.061000000685453415,0.061000000685453415,15754000
2020-12-10,0.05700000002980232,0.06800000369548798,0.05700000002980232,0.06499999761581421,0.06499999761581421,8745000
2020-12-11,0.06599999964237213,0.0689999982714653,0.06300000101327896,0.06499999761581421,0.06499999761581421,7132000
2020-12-14,0.06499999761581421,0.06700000166893005,0.06400000303983688,0.06599999964237213,0.06599999964237213,5464000
2020-12-15,0.06400000303983688,0.06700000166893005,0.06400000303983688,0.06499999761581421,0.06499999761581421,1309750
2020-12-16,0.06300000101327896,0.06499999761581421,0.06199999898672104,0.06400000303983688,0.06400000303983688,1260500
2020-12-17,0.06199999898672104,0.06400000303983688,0.061000000685453415,0.06400000303983688,0.06400000303983688,1442000
2020-12-18,0.06400000303983688,0.06400000303983688,0.05900000035762787,0.06400000303983688,0.06400000303983688,4619000
2020-12-21,0.06400000303983688,0.06400000303983688,0.05999999865889549,0.06400000303983688,0.06400000303983688,5563400
2020-12-22,0.06499999761581421,0.07400000095367432,0.06400000303983688,0.07100000232458115,0.07100000232458115,29867100
2020-12-23,0.07000000029802322,0.07000000029802322,0.06400000303983688,0.0689999982714653,0.0689999982714653,15390000
2020-12-24,0.06800000369548798,0.06800000369548798,0.06800000369548798,0.06800000369548798,0.06800000369548798,0
2020-12-28,0.06800000369548798,0.06800000369548798,0.06499999761581421,0.06800000369548798,0.06800000369548798,2135000
2020-12-29,0.06599999964237213,0.07000000029802322,0.06499999761581421,0.06700000166893005,0.06700000166893005,3190000
2020-12-30,0.06700000166893005,0.06700000166893005,0.06400000303983688,0.06599999964237213,0.06599999964237213,4446000
2020-12-31,0.06499999761581421,0.06499999761581421,0.06499999761581421,0.06499999761581421,0.06499999761581421,0
2021-01-04,0.06599999964237213,0.0729999989271164,0.06400000303983688,0.07100000232458115,0.07100000232458115,7953750
2021-01-05,0.07000000029802322,0.07199999690055847,0.06800000369548798,0.06800000369548798,0.06800000369548798,3470000
2021-01-06,0.06800000369548798,0.07000000029802322,0.06599999964237213,0.06800000369548798,0.06800000369548798,2821500
2021-01-07,0.06800000369548798,0.0729999989271164,0.06700000166893005,0.07000000029802322,0.07000000029802322,6478000
2021-01-08,0.07100000232458115,0.07100000232458115,0.06800000369548798,0.06800000369548798,0.06800000369548798,2523400
2021-01-11,0.06800000369548798,0.07000000029802322,0.06599999964237213,0.06700000166893005,0.06700000166893005,2696000
2021-01-12,0.06599999964237213,0.06700000166893005,0.06499999761581421,0.06700000166893005,0.06700000166893005,1084500
2021-01-13,0.06599999964237213,0.06700000166893005,0.06300000101327896,0.06700000166893005,0.06700000166893005,6626500
2021-01-14,0.06300000101327896,0.06700000166893005,0.06300000101327896,0.06599999964237213,0.06599999964237213,404000
2021-01-15,0.06300000101327896,0.06499999761581421,0.06300000101327896,0.06499999761581421,0.06499999761581421,227000
2021-01-18,0.06400000303983688,0.06599999964237213,0.06300000101327896,0.06499999761581421,0.06499999761581421,3833000
2021-01-19,0.06499999761581421,0.06800000369548798,0.06400000303983688,0.06400000303983688,0.06400000303983688,1681500
2021-01-20,0.06400000303983688,0.06599999964237213,0.06400000303983688,0.06499999761581421,0.06499999761581421,4085700
2021-01-21,0.06300000101327896,0.06499999761581421,0.06300000101327896,0.06499999761581421,0.06499999761581421,3248000
2021-01-22,0.06499999761581421,0.06499999761581421,0.06300000101327896,0.06400000303983688,0.06400000303983688,2973000
2021-01-25,0.061000000685453415,0.06300000101327896,0.061000000685453415,0.06199999898672104,0.06199999898672104,3113750
2021-01-26,0.05999999865889549,0.06300000101327896,0.05999999865889549,0.06300000101327896,0.06300000101327896,1186500
2021-01-27,0.06199999898672104,0.06300000101327896,0.061000000685453415,0.06300000101327896,0.06300000101327896,220000
2021-01-28,0.05999999865889549,0.061000000685453415,0.05900000035762787,0.061000000685453415,0.061000000685453415,769000
2021-01-29,0.05700000002980232,0.061000000685453415,0.05700000002980232,0.05999999865889549,0.05999999865889549,1722700
2021-02-01,0.057999998331069946,0.057999998331069946,0.05000000074505806,0.05700000002980232,0.05700000002980232,7110000
2021-02-02,0.054999999701976776,0.05700000002980232,0.054999999701976776,0.05700000002980232,0.05700000002980232,850000
2021-02-03,0.05700000002980232,0.05700000002980232,0.054999999701976776,0.054999999701976776,0.054999999701976776,1546000
2021-02-04,0.05700000002980232,0.05900000035762787,0.0560000017285347,0.05700000002980232,0.05700000002980232,1386000
2021-02-05,0.0560000017285347,0.05700000002980232,0.05299999937415123,0.05700000002980232,0.05700000002980232,3986400
2021-02-08,0.05299999937415123,0.0560000017285347,0.05299999937415123,0.05400000140070915,0.05400000140070915,3568900
2021-02-09,0.05400000140070915,0.06499999761581421,0.05299999937415123,0.05999999865889549,0.05999999865889549,31885000
2021-02-10,0.06300000101327896,0.06300000101327896,0.05900000035762787,0.05999999865889549,0.05999999865889549,3198000
2021-02-11,0.05999999865889549,0.05999999865889549,0.05999999865889549,0.05999999865889549,0.05999999865889549,0
2021-02-16,0.06199999898672104,0.06199999898672104,0.0560000017285347,0.061000000685453415,0.061000000685453415,10916000
2021-02-17,0.06199999898672104,0.10000000149011612,0.061000000685453415,0.0949999988079071,0.0949999988079071,180881450
2021-02-18,0.10100000351667404,0.10300000011920929,0.07800000160932541,0.0820000022649765,0.0820000022649765,80857250
2021-02-19,0.0820000022649765,0.0860000029206276,0.07699999958276749,0.07900000363588333,0.07900000363588333,17475500
2021-02-22,0.07900000363588333,0.08799999952316284,0.07599999755620956,0.08500000089406967,0.08500000089406967,32661200
2021-02-23,0.08500000089406967,0.08500000089406967,0.07699999958276749,0.07800000160932541,0.07800000160932541,13705000
2021-02-24,0.07900000363588333,0.07999999821186066,0.06599999964237213,0.07000000029802322,0.07000000029802322,14743600
2021-02-25,0.06800000369548798,0.07199999690055847,0.06800000369548798,0.07199999690055847,0.07199999690055847,3406500
2021-02-26,0.0689999982714653,0.07199999690055847,0.06400000303983688,0.06700000166893005,0.06700000166893005,6990500
2021-03-01,0.07100000232458115,0.07500000298023224,0.07000000029802322,0.07100000232458115,0.07100000232458115,1986000
2021-03-02,0.07100000232458115,0.07100000232458115,0.06499999761581421,0.06800000369548798,0.06800000369548798,4621000
2021-03-03,0.06800000369548798,0.07000000029802322,0.06700000166893005,0.07000000029802322,0.07000000029802322,2273250
2021-03-04,0.07100000232458115,0.07199999690055847,0.06800000369548798,0.0689999982714653,0.0689999982714653,754800
2021-03-05,0.06800000369548798,0.08399999886751175,0.06700000166893005,0.07599999755620956,0.07599999755620956,17677500
2021-03-08,0.07999999821186066,0.08299999684095383,0.07199999690055847,0.07199999690055847,0.07199999690055847,6937000
2021-03-09,0.07000000029802322,0.07599999755620956,0.06700000166893005,0.07000000029802322,0.07000000029802322,3991500
2021-03-10,0.06800000369548798,0.0729999989271164,0.06800000369548798,0.0689999982714653,0.0689999982714653,1212500
2021-03-11,0.0689999982714653,0.07000000029802322,0.06800000369548798,0.07000000029802322,0.07000000029802322,801750
2021-03-12,0.0689999982714653,0.0689999982714653,0.06800000369548798,0.06800000369548798,0.06800000369548798,980700
2021-03-15,0.07400000095367432,0.08299999684095383,0.07100000232458115,0.07599999755620956,0.07599999755620956,8705000
2021-03-16,0.07599999755620956,0.07599999755620956,0.07100000232458115,0.0729999989271164,0.0729999989271164,728000
2021-03-17,0.0729999989271164,0.07800000160932541,0.07199999690055847,0.07800000160932541,0.07800000160932541,2934600
2021-03-18,0.07800000160932541,0.07800000160932541,0.0729999989271164,0.07500000298023224,0.07500000298023224,644000
2021-03-19,0.07800000160932541,0.07800000160932541,0.07100000232458115,0.0729999989271164,0.0729999989271164,2324200
2021-03-22,0.07199999690055847,0.08100000023841858,0.07100000232458115,0.07699999958276749,0.07699999958276749,9017000
2021-03-23,0.0729999989271164,0.07699999958276749,0.0729999989271164,0.07400000095367432,0.07400000095367432,954750
2021-03-24,0.07400000095367432,0.0729999989271164,0.07000000029802322,0.07100000232458115,0.07100000232458115,2312000
2021-03-25,0.06800000369548798,0.07000000029802322,0.06800000369548798,0.0689999982714653,0.0689999982714653,2499750
2021-03-26,0.0689999982714653,0.07199999690055847,0.0689999982714653,0.07199999690055847,0.07199999690055847,984000
2021-03-29,0.07000000029802322,0.07000000029802322,0.06800000369548798,0.0689999982714653,0.0689999982714653,2391900
2021-03-30,0.0689999982714653,0.07100000232458115,0.06800000369548798,0.0689999982714653,0.0689999982714653,2315000
2021-03-31,0.06700000166893005,0.06800000369548798,0.06599999964237213,0.06800000369548798,0.06800000369548798,2078100
2021-04-01,0.06499999761581421,0.0689999982714653,0.06499999761581421,0.06700000166893005,0.06700000166893005,1133000
2021-04-07,0.06700000166893005,0.07000000029802322,0.06499999761581421,0.06800000369548798,0.06800000369548798,3817000
2021-04-08,0.06499999761581421,0.06800000369548798,0.06499999761581421,0.06800000369548798,0.06800000369548798,3252500
2021-04-09,0.06800000369548798,0.06800000369548798,0.06599999964237213,0.06700000166893005,0.06700000166893005,2310000
2021-04-12,0.06599999964237213,0.06800000369548798,0.06599999964237213,0.06599999964237213,0.06599999964237213,292000
2021-04-13,0.06599999964237213,0.06800000369548798,0.06599999964237213,0.06599999964237213,0.06599999964237213,439900
2021-04-14,0.06800000369548798,0.06800000369548798,0.06499999761581421,0.06800000369548798,0.06800000369548798,1136000
2021-04-15,0.06599999964237213,0.06599999964237213,0.06599999964237213,0.06599999964237213,0.06599999964237213,106000
2021-04-16,0.06499999761581421,0.06800000369548798,0.06499999761581421,0.06800000369548798,0.06800000369548798,1706000
2021-04-19,0.06599999964237213,0.06800000369548798,0.06499999761581421,0.06800000369548798,0.06800000369548798,9187700
2021-04-20,0.06800000369548798,0.06800000369548798,0.06599999964237213,0.06599999964237213,0.06599999964237213,1532250
2021-04-21,0.06599999964237213,0.06700000166893005,0.06400000303983688,0.06599999964237213,0.06599999964237213,3118425
2021-04-22,0.06199999898672104,0.06599999964237213,0.06199999898672104,0.06599999964237213,0.06599999964237213,928000
2021-04-23,0.06599999964237213,0.06700000166893005,0.06400000303983688,0.06599999964237213,0.06599999964237213,2458021
2021-04-26,0.06499999761581421,0.07199999690055847,0.06400000303983688,0.06700000166893005,0.06700000166893005,5034000
2021-04-27,0.06499999761581421,0.06499999761581421,0.06400000303983688,0.06499999761581421,0.06499999761581421,3204000
2021-04-28,0.06599999964237213,0.06700000166893005,0.06400000303983688,0.06499999761581421,0.06499999761581421,1939500
2021-04-29,0.06499999761581421,0.07900000363588333,0.06400000303983688,0.0729999989271164,0.0729999989271164,12719000
2021-04-30,0.07999999821186066,0.07999999821186066,0.0689999982714653,0.07199999690055847,0.07199999690055847,6032000
2021-05-03,0.06700000166893005,0.07199999690055847,0.06700000166893005,0.0689999982714653,0.0689999982714653,2007500
2021-05-04,0.06700000166893005,0.07599999755620956,0.06700000166893005,0.0729999989271164,0.0729999989271164,2902000
2021-05-05,0.0729999989271164,0.07800000160932541,0.07000000029802322,0.07500000298023224,0.07500000298023224,3164000
2021-05-06,0.07199999690055847,0.07699999958276749,0.07000000029802322,0.07400000095367432,0.07400000095367432,1197500
2021-05-07,0.07400000095367432,0.07699999958276749,0.07199999690055847,0.07199999690055847,0.07199999690055847,1511000
2021-05-10,0.07199999690055847,0.08399999886751175,0.07000000029802322,0.07999999821186066,0.07999999821186066,18068000
2021-05-11,0.07999999821186066,0.07999999821186066,0.07400000095367432,0.07800000160932541,0.07800000160932541,4216000
2021-05-12,0.07599999755620956,0.07699999958276749,0.0729999989271164,0.07599999755620956,0.07599999755620956,776000
2021-05-13,0.07599999755620956,0.07599999755620956,0.06800000369548798,0.07100000232458115,0.07100000232458115,6144000
2021-05-14,0.07100000232458115,0.07500000298023224,0.0689999982714653,0.0729999989271164,0.0729999989271164,1430000
2021-05-17,0.0729999989271164,0.07599999755620956,0.07199999690055847,0.07199999690055847,0.07199999690055847,1717000
2021-05-18,0.07199999690055847,0.07699999958276749,0.07199999690055847,0.07199999690055847,0.07199999690055847,1238000
2021-05-20,0.07199999690055847,0.07199999690055847,0.0689999982714653,0.07000000029802322,0.07000000029802322,2352000
2021-05-21,0.0689999982714653,0.07000000029802322,0.06499999761581421,0.0689999982714653,0.0689999982714653,5376000
2021-05-24,0.0689999982714653,0.07000000029802322,0.06700000166893005,0.06800000369548798,0.06800000369548798,768000
2021-05-25,0.06800000369548798,0.0729999989271164,0.06800000369548798,0.07199999690055847,0.07199999690055847,1308000
2021-05-26,0.07199999690055847,0.07199999690055847,0.07000000029802322,0.07000000029802322,0.07000000029802322,460000
2021-05-27,0.07000000029802322,0.07500000298023224,0.07000000029802322,0.07000000029802322,0.07000000029802322,1036500
2021-05-28,0.07400000095367432,0.07599999755620956,0.07199999690055847,0.07199999690055847,0.07199999690055847,3316500
2021-05-31,0.07199999690055847,0.07500000298023224,0.07199999690055847,0.07199999690055847,0.07199999690055847,388300
2021-06-01,0.07199999690055847,0.07500000298023224,0.07199999690055847,0.07500000298023224,0.07500000298023224,3810500
2021-06-02,0.07500000298023224,0.07500000298023224,0.07000000029802322,0.07199999690055847,0.07199999690055847,2819300
2021-06-03,0.07100000232458115,0.07500000298023224,0.07100000232458115,0.07400000095367432,0.07400000095367432,718000
2021-06-04,0.07400000095367432,0.07400000095367432,0.07100000232458115,0.07199999690055847,0.07199999690055847,1389500
2021-06-07,0.0689999982714653,0.07199999690055847,0.0689999982714653,0.07199999690055847,0.07199999690055847,1520000
2021-06-08,0.07199999690055847,0.07199999690055847,0.07199999690055847,0.07199999690055847,0.07199999690055847,0
2021-06-09,0.07199999690055847,0.07500000298023224,0.07100000232458115,0.07199999690055847,0.07199999690055847,724000
2021-06-10,0.07199999690055847,0.07199999690055847,0.0689999982714653,0.07000000029802322,0.07000000029802322,269250
2021-06-11,0.07000000029802322,0.07199999690055847,0.07000000029802322,0.07199999690055847,0.07199999690055847,562800
2021-06-15,0.07199999690055847,0.07500000298023224,0.07000000029802322,0.07199999690055847,0.07199999690055847,334500
2021-06-16,0.07199999690055847,0.07199999690055847,0.07100000232458115,0.07100000232458115,0.07100000232458115,1174000
2021-06-17,0.07100000232458115,0.07100000232458115,0.06800000369548798,0.0689999982714653,0.0689999982714653,204000
2021-06-18,0.0689999982714653,0.07199999690055847,0.0689999982714653,0.07199999690055847,0.07199999690055847,823000
2021-06-21,0.07199999690055847,0.07400000095367432,0.07000000029802322,0.0729999989271164,0.0729999989271164,2668000
2021-06-22,0.07000000029802322,0.07500000298023224,0.07000000029802322,0.07100000232458115,0.07100000232458115,1910000
2021-06-23,0.07100000232458115,0.07199999690055847,0.07000000029802322,0.07100000232458115,0.07100000232458115,866000
2021-06-24,0.0689999982714653,0.07199999690055847,0.0689999982714653,0.07000000029802322,0.07000000029802322,1586000
2021-06-25,0.07000000029802322,0.07199999690055847,0.06800000369548798,0.0689999982714653,0.0689999982714653,1196750
2021-06-28,0.06700000166893005,0.06700000166893005,0.06700000166893005,0.06700000166893005,0.06700000166893005,2000
2021-06-29,0.06800000369548798,0.07000000029802322,0.06800000369548798,0.0689999982714653,0.0689999982714653,11276000
2021-06-30,0.07000000029802322,0.07000000029802322,0.06800000369548798,0.0689999982714653,0.0689999982714653,118000
2021-07-02,0.0689999982714653,0.0729999989271164,0.06800000369548798,0.0729999989271164,0.0729999989271164,13774000
2021-07-05,0.0729999989271164,0.07699999958276749,0.07000000029802322,0.07199999690055847,0.07199999690055847,17702000
2021-07-06,0.07000000029802322,0.07500000298023224,0.07000000029802322,0.0729999989271164,0.0729999989271164,1494000
2021-07-07,0.07500000298023224,0.07500000298023224,0.07100000232458115,0.0729999989271164,0.0729999989271164,3698500
2021-07-08,0.07100000232458115,0.07199999690055847,0.0689999982714653,0.07000000029802322,0.07000000029802322,3476000
2021-07-09,0.07000000029802322,0.07000000029802322,0.06599999964237213,0.06800000369548798,0.06800000369548798,1770600
2021-07-12,0.06800000369548798,0.06800000369548798,0.06800000369548798,0.06800000369548798,0.06800000369548798,621500
2021-07-13,0.07000000029802322,0.07000000029802322,0.06800000369548798,0.07000000029802322,0.07000000029802322,1035000
2021-07-14,0.07000000029802322,0.07000000029802322,0.06800000369548798,0.06800000369548798,0.06800000369548798,864500
2021-07-15,0.06800000369548798,0.06800000369548798,0.06400000303983688,0.06800000369548798,0.06800000369548798,2080000
2021-07-16,0.06800000369548798,0.0689999982714653,0.06599999964237213,0.0689999982714653,0.0689999982714653,4706500
2021-07-19,0.0689999982714653,0.0689999982714653,0.06700000166893005,0.06800000369548798,0.06800000369548798,582000
2021-07-20,0.06800000369548798,0.0689999982714653,0.06499999761581421,0.06700000166893005,0.06700000166893005,809000
2021-07-21,0.06700000166893005,0.07000000029802322,0.06700000166893005,0.06700000166893005,0.06700000166893005,426000
2021-07-22,0.06700000166893005,0.0689999982714653,0.06599999964237213,0.0689999982714653,0.0689999982714653,596000
2021-07-23,0.06700000166893005,0.0689999982714653,0.06700000166893005,0.06800000369548798,0.06800000369548798,864000
2021-07-26,0.06800000369548798,0.06800000369548798,0.06499999761581421,0.06499999761581421,0.06499999761581421,227400
2021-07-27,0.06300000101327896,0.06499999761581421,0.05299999937415123,0.05400000140070915,0.05400000140070915,4278000
2021-07-28,0.054999999701976776,0.057999998331069946,0.054999999701976776,0.05700000002980232,0.05700000002980232,1254500
2021-07-29,0.05700000002980232,0.05900000035762787,0.05700000002980232,0.05900000035762787,0.05900000035762787,307500
2021-07-30,0.0560000017285347,0.057999998331069946,0.0560000017285347,0.05700000002980232,0.05700000002980232,748250
2021-08-02,0.054999999701976776,0.05999999865889549,0.054999999701976776,0.05900000035762787,0.05900000035762787,1661000
2021-08-03,0.05900000035762787,0.05999999865889549,0.05700000002980232,0.05700000002980232,0.05700000002980232,1114000
2021-08-04,0.05700000002980232,0.05999999865889549,0.05700000002980232,0.057999998331069946,0.057999998331069946,2894000
2021-08-05,0.06199999898672104,0.06199999898672104,0.05900000035762787,0.05999999865889549,0.05999999865889549,2234000
2021-08-06,0.06499999761581421,0.06499999761581421,0.057999998331069946,0.057999998331069946,0.057999998331069946,1699500
2021-08-09,0.057999998331069946,0.057999998331069946,0.057999998331069946,0.057999998331069946,0.057999998331069946,1170000
2021-08-10,0.061000000685453415,0.061000000685453415,0.057999998331069946,0.061000000685453415,0.061000000685453415,110000
2021-08-11,0.05900000035762787,0.05900000035762787,0.05700000002980232,0.05900000035762787,0.05900000035762787,1322000
2021-08-12,0.05900000035762787,0.05900000035762787,0.05700000002980232,0.05700000002980232,0.05700000002980232,141000
2021-08-13,0.05700000002980232,0.05900000035762787,0.05400000140070915,0.05700000002980232,0.05700000002980232,1194000
2021-08-16,0.05700000002980232,0.05700000002980232,0.05299999937415123,0.0560000017285347,0.0560000017285347,1971600
2021-08-17,0.0560000017285347,0.057999998331069946,0.05400000140070915,0.054999999701976776,0.054999999701976776,1780500
2021-08-18,0.05299999937415123,0.05299999937415123,0.05299999937415123,0.05299999937415123,0.05299999937415123,36000
2021-08-19,0.05299999937415123,0.05299999937415123,0.05000000074505806,0.050999999046325684,0.050999999046325684,1906000
2021-08-20,0.050999999046325684,0.050999999046325684,0.050999999046325684,0.050999999046325684,0.050999999046325684,0
2021-08-23,0.050999999046325684,0.050999999046325684,0.050999999046325684,0.050999999046325684,0.050999999046325684,211500
2021-08-24,0.050999999046325684,0.054999999701976776,0.050999999046325684,0.05400000140070915,0.05400000140070915,402045
2021-08-25,0.05400000140070915,0.05400000140070915,0.050999999046325684,0.052000001072883606,0.052000001072883606,94000
2021-08-26,0.050999999046325684,0.0560000017285347,0.050999999046325684,0.0560000017285347,0.0560000017285347,1788000
2021-08-27,0.0560000017285347,0.057999998331069946,0.052000001072883606,0.05400000140070915,0.05400000140070915,670000
2021-08-30,0.05400000140070915,0.05400000140070915,0.05400000140070915,0.05400000140070915,0.05400000140070915,158000
2021-08-31,0.054999999701976776,0.054999999701976776,0.05299999937415123,0.054999999701976776,0.054999999701976776,227000
2021-09-01,0.0560000017285347,0.0560000017285347,0.054999999701976776,0.054999999701976776,0.054999999701976776,160000
2021-09-02,0.054999999701976776,0.0560000017285347,0.05400000140070915,0.054999999701976776,0.054999999701976776,108000
2021-09-03,0.054999999701976776,0.0560000017285347,0.05299999937415123,0.05299999937415123,0.05299999937415123,644000
2021-09-06,0.05299999937415123,0.054999999701976776,0.050999999046325684,0.054999999701976776,0.054999999701976776,1188000
2021-09-07,0.054999999701976776,0.061000000685453415,0.052000001072883606,0.05999999865889549,0.05999999865889549,10965200
2021-09-08,0.05999999865889549,0.05999999865889549,0.05400000140070915,0.05700000002980232,0.05700000002980232,1577000
2021-09-09,0.0560000017285347,0.06300000101327896,0.0560000017285347,0.057999998331069946,0.057999998331069946,7996000
2021-09-10,0.057999998331069946,0.06199999898672104,0.057999998331069946,0.06199999898672104,0.06199999898672104,1639000
2021-09-13,0.06199999898672104,0.06199999898672104,0.057999998331069946,0.05900000035762787,0.05900000035762787,411500
2021-09-14,0.05900000035762787,0.05999999865889549,0.057999998331069946,0.057999998331069946,0.057999998331069946,929500
2021-09-15,0.057999998331069946,0.057999998331069946,0.05400000140070915,0.05700000002980232,0.05700000002980232,267500
2021-09-16,0.05700000002980232,0.07000000029802322,0.05700000002980232,0.06499999761581421,0.06499999761581421,10636000
2021-09-17,0.06800000369548798,0.07599999755620956,0.06499999761581421,0.06700000166893005,0.06700000166893005,14631300
2021-09-20,0.06300000101327896,0.07199999690055847,0.05700000002980232,0.06300000101327896,0.06300000101327896,24742000
2021-09-21,0.06300000101327896,0.0729999989271164,0.05999999865889549,0.06400000303983688,0.06400000303983688,22607000
2021-09-23,0.06499999761581421,0.10199999809265137,0.06499999761581421,0.09099999815225601,0.09099999815225601,135443800
2021-09-24,0.09099999815225601,0.0949999988079071,0.0729999989271164,0.07900000363588333,0.07900000363588333,66572000
2021-09-27,0.07999999821186066,0.0820000022649765,0.07100000232458115,0.07400000095367432,0.07400000095367432,16538000
2021-09-28,0.07400000095367432,0.08699999749660492,0.07100000232458115,0.07800000160932541,0.07800000160932541,79641500
2021-09-29,0.07599999755620956,0.07999999821186066,0.07599999755620956,0.07800000160932541,0.07800000160932541,7875650
2021-09-30,0.07900000363588333,0.08799999952316284,0.07699999958276749,0.07900000363588333,0.07900000363588333,51512000
2021-10-04,0.0820000022649765,0.0949999988079071,0.07900000363588333,0.0820000022649765,0.0820000022649765,69540000
2021-10-05,0.0820000022649765,0.09700000286102295,0.0820000022649765,0.0949999988079071,0.0949999988079071,84274000
2021-10-06,0.09600000083446503,0.10599999874830246,0.09200000017881393,0.09300000220537186,0.09300000220537186,113763500
2021-10-07,0.09300000220537186,0.0949999988079071,0.08399999886751175,0.08900000154972076,0.08900000154972076,22162000
2021-10-08,0.08799999952316284,0.09000000357627869,0.0820000022649765,0.08500000089406967,0.08500000089406967,24709000
2021-10-11,0.08500000089406967,0.09300000220537186,0.08100000023841858,0.08900000154972076,0.08900000154972076,30721500
2021-10-12,0.08900000154972076,0.08900000154972076,0.08399999886751175,0.08699999749660492,0.08699999749660492,4808000
2021-10-15,0.08500000089406967,0.08799999952316284,0.08399999886751175,0.08699999749660492,0.08699999749660492,3265000
2021-10-18,0.08500000089406967,0.0989999994635582,0.08399999886751175,0.09700000286102295,0.09700000286102295,110814500
2021-10-19,0.09799999743700027,0.10199999809265137,0.09399999678134918,0.10100000351667404,0.10100000351667404,48455000
2021-10-20,0.10100000351667404,0.10199999809265137,0.09700000286102295,0.0989999994635582,0.0989999994635582,15335500
2021-10-21,0.09700000286102295,0.09799999743700027,0.09399999678134918,0.09600000083446503,0.09600000083446503,8555750
2021-10-22,0.09600000083446503,0.09700000286102295,0.09000000357627869,0.09300000220537186,0.09300000220537186,7330000
2021-10-25,0.09099999815225601,0.09700000286102295,0.09000000357627869,0.0949999988079071,0.0949999988079071,10160000
2021-10-26,0.09099999815225601,0.0949999988079071,0.09000000357627869,0.09099999815225601,0.09099999815225601,9598000
2021-10-27,0.09099999815225601,0.09099999815225601,0.08699999749660492,0.08900000154972076,0.08900000154972076,7518000
2021-10-28,0.09099999815225601,0.09700000286102295,0.08799999952316284,0.09200000017881393,0.09200000017881393,13236000
2021-10-29,0.09200000017881393,0.09200000017881393,0.08699999749660492,0.09000000357627869,0.09000000357627869,4512000
2021-11-01,0.08900000154972076,0.08900000154972076,0.08500000089406967,0.08799999952316284,0.08799999952316284,7012500
2021-11-02,0.08799999952316284,0.09200000017881393,0.08299999684095383,0.08799999952316284,0.08799999952316284,5847700
2021-11-03,0.0860000029206276,0.08699999749660492,0.08299999684095383,0.08299999684095383,0.08299999684095383,2946000
2021-11-04,0.08500000089406967,0.08699999749660492,0.08100000023841858,0.0860000029206276,0.0860000029206276,9350500
2021-11-05,0.08299999684095383,0.08299999684095383,0.07999999821186066,0.08100000023841858,0.08100000023841858,2972000
2021-11-08,0.07999999821186066,0.08100000023841858,0.07699999958276749,0.07800000160932541,0.07800000160932541,1776500
2021-11-09,0.07500000298023224,0.0860000029206276,0.07500000298023224,0.08100000023841858,0.08100000023841858,27426700
2021-11-10,0.07699999958276749,0.07999999821186066,0.07699999958276749,0.07999999821186066,0.07999999821186066,1163000
2021-11-11,0.08399999886751175,0.08399999886751175,0.07699999958276749,0.07900000363588333,0.07900000363588333,2000000
2021-11-12,0.07900000363588333,0.08299999684095383,0.07699999958276749,0.07900000363588333,0.07900000363588333,2491000
2021-11-15,0.07900000363588333,0.07900000363588333,0.07500000298023224,0.07699999958276749,0.07699999958276749,2786000
2021-11-16,0.07500000298023224,0.07900000363588333,0.07500000298023224,0.07900000363588333,0.07900000363588333,2153036
2021-11-17,0.08100000023841858,0.08100000023841858,0.07500000298023224,0.07599999755620956,0.07599999755620956,681000
2021-11-18,0.07199999690055847,0.08299999684095383,0.07199999690055847,0.07999999821186066,0.07999999821186066,3876500
2021-11-19,0.07999999821186066,0.07999999821186066,0.07599999755620956,0.07900000363588333,0.07900000363588333,780000
2021-11-22,0.07599999755620956,0.07999999821186066,0.0729999989271164,0.07500000298023224,0.07500000298023224,6272000
2021-11-23,0.07599999755620956,0.07599999755620956,0.06700000166893005,0.07400000095367432,0.07400000095367432,5429500
2021-11-24,0.07500000298023224,0.07500000298023224,0.07199999690055847,0.07199999690055847,0.07199999690055847,1198000
2021-11-25,0.07100000232458115,0.07500000298023224,0.07000000029802322,0.0729999989271164,0.0729999989271164,3341500
2021-11-26,0.07100000232458115,0.07100000232458115,0.06700000166893005,0.0689999982714653,0.0689999982714653,5367150
2021-11-29,0.06400000303983688,0.07400000095367432,0.06400000303983688,0.06800000369548798,0.06800000369548798,9212000
2021-11-30,0.06800000369548798,0.07100000232458115,0.06599999964237213,0.06700000166893005,0.06700000166893005,2310000
2021-12-01,0.06800000369548798,0.06800000369548798,0.06599999964237213,0.06599999964237213,0.06599999964237213,842500
2021-12-02,0.07100000232458115,0.07100000232458115,0.06199999898672104,0.06499999761581421,0.06499999761581421,2550000
2021-12-03,0.06499999761581421,0.07699999958276749,0.06400000303983688,0.06700000166893005,0.06700000166893005,36373500
2021-12-06,0.06700000166893005,0.06800000369548798,0.06300000101327896,0.06499999761581421,0.06499999761581421,2299000
2021-12-07,0.06499999761581421,0.06700000166893005,0.06400000303983688,0.06599999964237213,0.06599999964237213,744700
2021-12-08,0.06599999964237213,0.0689999982714653,0.06400000303983688,0.06499999761581421,0.06499999761581421,384250
2021-12-09,0.06499999761581421,0.07000000029802322,0.06599999964237213,0.06599999964237213,0.06599999964237213,2350000
2021-12-10,0.06599999964237213,0.06700000166893005,0.06499999761581421,0.06599999964237213,0.06599999964237213,684500
2021-12-13,0.06599999964237213,0.06599999964237213,0.06300000101327896,0.06400000303983688,0.06400000303983688,3233500
2021-12-14,0.06400000303983688,0.06400000303983688,0.06300000101327896,0.06300000101327896,0.06300000101327896,613000
2021-12-15,0.06300000101327896,0.06499999761581421,0.06199999898672104,0.06400000303983688,0.06400000303983688,2774000
2021-12-16,0.06300000101327896,0.06599999964237213,0.06300000101327896,0.06300000101327896,0.06300000101327896,498000
2021-12-17,0.06300000101327896,0.07100000232458115,0.061000000685453415,0.06300000101327896,0.06300000101327896,12550000
2021-12-20,0.06199999898672104,0.06199999898672104,0.061000000685453415,0.061000000685453415,0.061000000685453415,852000
2021-12-21,0.061000000685453415,0.06199999898672104,0.05999999865889549,0.06199999898672104,0.06199999898672104,676000
2021-12-22,0.05999999865889549,0.061000000685453415,0.05999999865889549,0.061000000685453415,0.061000000685453415,2498000
2021-12-23,0.06199999898672104,0.06199999898672104,0.057999998331069946,0.06199999898672104,0.06199999898672104,3539000
2021-12-24,0.06300000101327896,0.06300000101327896,0.05999999865889549,0.06300000101327896,0.06300000101327896,264000
2021-12-28,0.06300000101327896,0.06300000101327896,0.05999999865889549,0.061000000685453415,0.061000000685453415,592000
2021-12-29,0.061000000685453415,0.061000000685453415,0.05999999865889549,0.05999999865889549,0.05999999865889549,254000
2021-12-30,0.05999999865889549,0.06199999898672104,0.057999998331069946,0.05900000035762787,0.05900000035762787,3707000
2021-12-31,0.06400000303983688,0.06400000303983688,0.05700000002980232,0.06199999898672104,0.06199999898672104,1746500
2022-01-03,0.061000000685453415,0.06199999898672104,0.05999999865889549,0.05999999865889549,0.05999999865889549,1666000
2022-01-04,0.05999999865889549,0.061000000685453415,0.057999998331069946,0.061000000685453415,0.061000000685453415,2708000
2022-01-05,0.061000000685453415,0.061000000685453415,0.05700000002980232,0.05700000002980232,0.05700000002980232,9611000
2022-01-06,0.05700000002980232,0.05999999865889549,0.0560000017285347,0.05700000002980232,0.05700000002980232,1736000
2022-01-07,0.05700000002980232,0.05900000035762787,0.05400000140070915,0.057999998331069946,0.057999998331069946,3518500
2022-01-10,0.057999998331069946,0.057999998331069946,0.05299999937415123,0.054999999701976776,0.054999999701976776,7851000
2022-01-11,0.054999999701976776,0.054999999701976776,0.05299999937415123,0.054999999701976776,0.054999999701976776,2594000
2022-01-12,0.054999999701976776,0.05700000002980232,0.05299999937415123,0.05700000002980232,0.05700000002980232,2020000
2022-01-13,0.05400000140070915,0.05700000002980232,0.05400000140070915,0.0560000017285347,0.0560000017285347,2123500
2022-01-14,0.054999999701976776,0.05700000002980232,0.05400000140070915,0.0560000017285347,0.0560000017285347,744300
2022-01-17,0.054999999701976776,0.054999999701976776,0.054999999701976776,0.054999999701976776,0.054999999701976776,183000
2022-01-18,0.054999999701976776,0.05700000002980232,0.054999999701976776,0.0560000017285347,0.0560000017285347,1410000
2022-01-19,0.0560000017285347,0.05700000002980232,0.054999999701976776,0.054999999701976776,0.054999999701976776,760000
2022-01-20,0.05400000140070915,0.0560000017285347,0.05400000140070915,0.0560000017285347,0.0560000017285347,1083500
2022-01-21,0.0560000017285347,0.0560000017285347,0.054999999701976776,0.0560000017285347,0.0560000017285347,603100
2022-01-24,0.0560000017285347,0.0560000017285347,0.05299999937415123,0.054999999701976776,0.054999999701976776,654500
2022-01-25,0.05299999937415123,0.0560000017285347,0.05299999937415123,0.05400000140070915,0.05400000140070915,2029000
2022-01-26,0.05400000140070915,0.057999998331069946,0.05400000140070915,0.057999998331069946,0.057999998331069946,2751750
2022-01-27,0.057999998331069946,0.057999998331069946,0.05400000140070915,0.0560000017285347,0.0560000017285347,1752000
2022-01-28,0.05400000140070915,0.0560000017285347,0.05299999937415123,0.0560000017285347,0.0560000017285347,868000
2022-01-31,0.05700000002980232,0.05700000002980232,0.05700000002980232,0.05700000002980232,0.05700000002980232,0
2022-02-04,0.05700000002980232,0.05700000002980232,0.054999999701976776,0.0560000017285347,0.0560000017285347,148000
2022-02-07,0.05700000002980232,0.05700000002980232,0.0560000017285347,0.05700000002980232,0.05700000002980232,447000
2022-02-08,0.057999998331069946,0.06499999761581421,0.05700000002980232,0.06199999898672104,0.06199999898672104,10433000
2022-02-09,0.06499999761581421,0.06599999964237213,0.061000000685453415,0.06300000101327896,0.06300000101327896,2960000
2022-02-10,0.06300000101327896,0.06400000303983688,0.05999999865889549,0.06300000101327896,0.06300000101327896,320000
2022-02-11,0.06300000101327896,0.06400000303983688,0.061000000685453415,0.06300000101327896,0.06300000101327896,738500
2022-02-14,0.061000000685453415,0.06300000101327896,0.061000000685453415,0.061000000685453415,0.061000000685453415,399000
2022-02-15,0.061000000685453415,0.061000000685453415,0.05999999865889549,0.05999999865889549,0.05999999865889549,490000
2022-02-16,0.0689999982714653,0.10000000149011612,0.0689999982714653,0.0860000029206276,0.0860000029206276,185241725
2022-02-17,0.08500000089406967,0.08500000089406967,0.07599999755620956,0.07900000363588333,0.07900000363588333,36605000
2022-02-18,0.07599999755620956,0.08399999886751175,0.07599999755620956,0.07900000363588333,0.07900000363588333,12788000
2022-02-21,0.07999999821186066,0.0820000022649765,0.07500000298023224,0.07500000298023224,0.07500000298023224,8284000
2022-02-22,0.07500000298023224,0.07900000363588333,0.0729999989271164,0.07699999958276749,0.07699999958276749,7231000
2022-02-23,0.07699999958276749,0.08100000023841858,0.07500000298023224,0.07900000363588333,0.07900000363588333,4405500
2022-02-24,0.07900000363588333,0.07999999821186066,0.07400000095367432,0.07699999958276749,0.07699999958276749,5978000
2022-02-25,0.07699999958276749,0.07699999958276749,0.07400000095367432,0.07599999755620956,0.07599999755620956,3506000
2022-02-28,0.07500000298023224,0.07500000298023224,0.07100000232458115,0.0729999989271164,0.0729999989271164,2828000
2022-03-01,0.07000000029802322,0.0729999989271164,0.07000000029802322,0.0729999989271164,0.0729999989271164,1034000
2022-03-02,0.07000000029802322,0.07800000160932541,0.0689999982714653,0.0729999989271164,0.0729999989271164,17522000
2022-03-03,0.07400000095367432,0.07599999755620956,0.07100000232458115,0.0729999989271164,0.0729999989271164,7536000
2022-03-04,0.07100000232458115,0.07100000232458115,0.06800000369548798,0.07100000232458115,0.07100000232458115,6434000
2022-03-07,0.07100000232458115,0.08299999684095383,0.06599999964237213,0.07999999821186066,0.07999999821186066,26260000
2022-03-08,0.07999999821186066,0.0820000022649765,0.07500000298023224,0.07599999755620956,0.07599999755620956,8970500
2022-03-09,0.07900000363588333,0.08699999749660492,0.07599999755620956,0.0820000022649765,0.0820000022649765,20300500
2022-03-10,0.08399999886751175,0.08399999886751175,0.07800000160932541,0.07999999821186066,0.07999999821186066,5078750
2022-03-11,0.07900000363588333,0.07900000363588333,0.07400000095367432,0.07500000298023224,0.07500000298023224,4321000
2022-03-14,0.07000000029802322,0.07500000298023224,0.06599999964237213,0.07199999690055847,0.07199999690055847,7026000
2022-03-15,0.0689999982714653,0.0689999982714653,0.06300000101327896,0.06499999761581421,0.06499999761581421,6958000
2022-03-16,0.06499999761581421,0.0689999982714653,0.06499999761581421,0.06499999761581421,0.06499999761581421,5065100
2022-03-17,0.06300000101327896,0.07100000232458115,0.06300000101327896,0.0689999982714653,0.0689999982714653,4330000
2022-03-18,0.0689999982714653,0.07699999958276749,0.0689999982714653,0.07699999958276749,0.07699999958276749,7870000
2022-03-21,0.08100000023841858,0.08100000023841858,0.07400000095367432,0.07699999958276749,0.07699999958276749,5455500
2022-03-22,0.07800000160932541,0.08100000023841858,0.07699999958276749,0.07999999821186066,0.07999999821186066,7366000
2022-03-23,0.07800000160932541,0.07999999821186066,0.07800000160932541,0.07999999821186066,0.07999999821186066,861500
2022-03-24,0.07599999755620956,0.09000000357627869,0.07599999755620956,0.08799999952316284,0.08799999952316284,27624500
2022-03-25,0.09099999815225601,0.09099999815225601,0.08100000023841858,0.08399999886751175,0.08399999886751175,11262500
2022-03-28,0.08100000023841858,0.08799999952316284,0.08100000023841858,0.08699999749660492,0.08699999749660492,2337000
2022-03-29,0.08699999749660492,0.09000000357627869,0.08299999684095383,0.0860000029206276,0.0860000029206276,4970000
2022-03-30,0.08900000154972076,0.09000000357627869,0.07999999821186066,0.08299999684095383,0.08299999684095383,26700900
2022-03-31,0.08299999684095383,0.08299999684095383,0.07800000160932541,0.07800000160932541,0.07800000160932541,3236000
2022-04-01,0.07800000160932541,0.07999999821186066,0.07500000298023224,0.07900000363588333,0.07900000363588333,8947500
2022-04-04,0.08100000023841858,0.08100000023841858,0.07699999958276749,0.07900000363588333,0.07900000363588333,3186000
2022-04-06,0.07599999755620956,0.07800000160932541,0.07599999755620956,0.07599999755620956,0.07599999755620956,4071000
2022-04-07,0.07500000298023224,0.07900000363588333,0.07500000298023224,0.07599999755620956,0.07599999755620956,1236500
2022-04-08,0.07599999755620956,0.07800000160932541,0.07500000298023224,0.07500000298023224,0.07500000298023224,1111000
2022-04-11,0.07500000298023224,0.07699999958276749,0.07400000095367432,0.07500000298023224,0.07500000298023224,4582250
2022-04-12,0.07500000298023224,0.07599999755620956,0.07400000095367432,0.07400000095367432,0.07400000095367432,979250
2022-04-13,0.0729999989271164,0.07599999755620956,0.0729999989271164,0.07500000298023224,0.07500000298023224,987000
2022-04-14,0.07500000298023224,0.08100000023841858,0.07400000095367432,0.07800000160932541,0.07800000160932541,5823500
2022-04-19,0.07999999821186066,0.07999999821186066,0.07599999755620956,0.07599999755620956,0.07599999755620956,1855500
2022-04-20,0.0729999989271164,0.07900000363588333,0.0729999989271164,0.07800000160932541,0.07800000160932541,1710000
2022-04-21,0.07800000160932541,0.08799999952316284,0.07500000298023224,0.0860000029206276,0.0860000029206276,10008500
2022-04-22,0.0860000029206276,0.09399999678134918,0.0860000029206276,0.08699999749660492,0.08699999749660492,27925000
2022-04-25,0.08399999886751175,0.08699999749660492,0.08299999684095383,0.08299999684095383,0.08299999684095383,2644000
2022-04-26,0.08299999684095383,0.08399999886751175,0.07699999958276749,0.0820000022649765,0.0820000022649765,1610000
2022-04-27,0.07900000363588333,0.08500000089406967,0.07699999958276749,0.0820000022649765,0.0820000022649765,4302000
2022-04-28,0.08100000023841858,0.08699999749660492,0.08100000023841858,0.08299999684095383,0.08299999684095383,3762500
2022-04-29,0.0820000022649765,0.08299999684095383,0.08100000023841858,0.08299999684095383,0.08299999684095383,1608000
2022-05-03,0.0820000022649765,0.0820000022649765,0.08100000023841858,0.0820000022649765,0.0820000022649765,2043000
2022-05-04,0.0820000022649765,0.0820000022649765,0.07900000363588333,0.08100000023841858,0.08100000023841858,1757500
2022-05-05,0.08100000023841858,0.09700000286102295,0.08100000023841858,0.09099999815225601,0.09099999815225601,42658000
2022-05-06,0.09000000357627869,0.09799999743700027,0.08799999952316284,0.09099999815225601,0.09099999815225601,28641000
2022-05-10,0.09000000357627869,0.09000000357627869,0.08399999886751175,0.08799999952316284,0.08799999952316284,5545000
2022-05-11,0.08500000089406967,0.08799999952316284,0.08399999886751175,0.08500000089406967,0.08500000089406967,4663285
2022-05-12,0.08500000089406967,0.08500000089406967,0.07900000363588333,0.07999999821186066,0.07999999821186066,6970500
2022-05-13,0.0820000022649765,0.08699999749660492,0.0820000022649765,0.08399999886751175,0.08399999886751175,2460000
2022-05-16,0.08399999886751175,0.08399999886751175,0.08299999684095383,0.08299999684095383,0.08299999684095383,1394000
2022-05-17,0.08299999684095383,0.09000000357627869,0.08299999684095383,0.0860000029206276,0.0860000029206276,8418000
2022-05-18,0.08500000089406967,0.0860000029206276,0.08500000089406967,0.0860000029206276,0.0860000029206276,265500
2022-05-19,0.08399999886751175,0.0860000029206276,0.08299999684095383,0.08399999886751175,0.08399999886751175,1034250
2022-05-20,0.08399999886751175,0.08500000089406967,0.08299999684095383,0.08399999886751175,0.08399999886751175,636000
2022-05-23,0.08500000089406967,0.08799999952316284,0.08500000089406967,0.08500000089406967,0.08500000089406967,1016000
2022-05-24,0.08500000089406967,0.08500000089406967,0.08299999684095383,0.08299999684095383,0.08299999684095383,280000
2022-05-25,0.0820000022649765,0.08699999749660492,0.08100000023841858,0.0860000029206276,0.0860000029206276,3466000
2022-05-26,0.08500000089406967,0.08500000089406967,0.08399999886751175,0.08399999886751175,0.08399999886751175,496000
2022-05-27,0.08399999886751175,0.08500000089406967,0.08100000023841858,0.08399999886751175,0.08399999886751175,5707000
2022-05-30,0.08299999684095383,0.08699999749660492,0.08299999684095383,0.08699999749660492,0.08699999749660492,1670700
2022-05-31,0.08699999749660492,0.09200000017881393,0.08399999886751175,0.08500000089406967,0.08500000089406967,4546000
2022-06-01,0.08399999886751175,0.0860000029206276,0.08299999684095383,0.08399999886751175,0.08399999886751175,1088000
2022-06-02,0.08699999749660492,0.08699999749660492,0.08399999886751175,0.08399999886751175,0.08399999886751175,516000
2022-06-06,0.08399999886751175,0.08500000089406967,0.08399999886751175,0.08500000089406967,0.08500000089406967,143600
2022-06-07,0.08500000089406967,0.08500000089406967,0.0820000022649765,0.08399999886751175,0.08399999886751175,1872000
2022-06-08,0.0820000022649765,0.08699999749660492,0.0820000022649765,0.08699999749660492,0.08699999749660492,1988000
2022-06-09,0.08500000089406967,0.09000000357627869,0.08399999886751175,0.0860000029206276,0.0860000029206276,3739500
2022-06-10,0.09200000017881393,0.09700000286102295,0.08699999749660492,0.0949999988079071,0.0949999988079071,19082000
2022-06-13,0.0949999988079071,0.1080000028014183,0.09399999678134918,0.09700000286102295,0.09700000286102295,58573000
2022-06-14,0.09600000083446503,0.09700000286102295,0.09200000017881393,0.09200000017881393,0.09200000017881393,5053500
2022-06-15,0.09300000220537186,0.09700000286102295,0.09099999815225601,0.09200000017881393,0.09200000017881393,8010000
2022-06-16,0.09399999678134918,0.0949999988079071,0.09000000357627869,0.09200000017881393,0.09200000017881393,5441250
2022-06-17,0.09000000357627869,0.09799999743700027,0.09000000357627869,0.0949999988079071,0.0949999988079071,5714750
2022-06-20,0.0949999988079071,0.10000000149011612,0.0949999988079071,0.09700000286102295,0.09700000286102295,7935000
2022-06-21,0.10000000149011612,0.12399999797344208,0.09399999678134918,0.10400000214576721,0.10400000214576721,198313000
2022-06-22,0.10400000214576721,0.11400000005960464,0.10000000149011612,0.10199999809265137,0.10199999809265137,35076000
2022-06-23,0.10300000011920929,0.10300000011920929,0.09799999743700027,0.10100000351667404,0.10100000351667404,8054000
2022-06-24,0.10199999809265137,0.10999999940395355,0.09799999743700027,0.10499999672174454,0.10499999672174454,17074000
2022-06-27,0.1080000028014183,0.10999999940395355,0.10400000214576721,0.10700000077486038,0.10700000077486038,10185750
2022-06-28,0.1080000028014183,0.10999999940395355,0.10400000214576721,0.10899999737739563,0.10899999737739563,9038500
2022-06-29,0.10899999737739563,0.1120000034570694,0.10499999672174454,0.1080000028014183,0.1080000028014183,8467000
2022-06-30,0.10700000077486038,0.10899999737739563,0.10000000149011612,0.10100000351667404,0.10100000351667404,6319500
2022-07-04,0.10199999809265137,0.10199999809265137,0.09099999815225601,0.09200000017881393,0.09200000017881393,15986431
2022-07-05,0.09300000220537186,0.09700000286102295,0.09200000017881393,0.09399999678134918,0.09399999678134918,4363000
2022-07-06,0.09200000017881393,0.09399999678134918,0.09200000017881393,0.09300000220537186,0.09300000220537186,2880000
2022-07-07,0.09300000220537186,0.09700000286102295,0.09099999815225601,0.09700000286102295,0.09700000286102295,1744000
2022-07-08,0.0949999988079071,0.10300000011920929,0.0949999988079071,0.10100000351667404,0.10100000351667404,9792000
2022-07-11,0.10100000351667404,0.10100000351667404,0.09700000286102295,0.09799999743700027,0.09799999743700027,2184100
2022-07-12,0.09700000286102295,0.10400000214576721,0.09700000286102295,0.0989999994635582,0.0989999994635582,1518457
2022-07-13,0.0989999994635582,0.11100000143051147,0.09799999743700027,0.10700000077486038,0.10700000077486038,22664000
2022-07-14,0.10999999940395355,0.10999999940395355,0.10599999874830246,0.10899999737739563,0.10899999737739563,6769800
2022-07-15,0.11299999803304672,0.11400000005960464,0.1080000028014183,0.11299999803304672,0.11299999803304672,14929000
2022-07-18,0.11800000071525574,0.14399999380111694,0.1120000034570694,0.13199999928474426,0.13199999928474426,107395896
2022-07-19,0.1340000033378601,0.15000000596046448,0.12399999797344208,0.1379999965429306,0.1379999965429306,68809000
2022-07-20,0.14100000262260437,0.14499999582767487,0.12999999523162842,0.13699999451637268,0.13699999451637268,16926000
2022-07-21,0.14000000059604645,0.14000000059604645,0.12999999523162842,0.13500000536441803,0.13500000536441803,11260000
2022-07-22,0.13500000536441803,0.1420000046491623,0.13300000131130219,0.1379999965429306,0.1379999965429306,7813000
2022-07-25,0.14000000059604645,0.18000000715255737,0.14000000059604645,0.16599999368190765,0.16599999368190765,115712750
2022-07-26,0.16699999570846558,0.17399999499320984,0.1509999930858612,0.15299999713897705,0.15299999713897705,38536625
2022-07-27,0.15600000321865082,0.16500000655651093,0.1420000046491623,0.1459999978542328,0.1459999978542328,34842000
2022-07-28,0.15000000596046448,0.15700000524520874,0.1420000046491623,0.15600000321865082,0.15600000321865082,14041210
2022-07-29,0.1589999943971634,0.1589999943971634,0.14499999582767487,0.15000000596046448,0.15000000596046448,9268000
2022-08-01,0.1550000011920929,0.15600000321865082,0.14499999582767487,0.1469999998807907,0.1469999998807907,7568600
2022-08-02,0.1469999998807907,0.1469999998807907,0.12999999523162842,0.13199999928474426,0.13199999928474426,17195000
2022-08-03,0.13600000739097595,0.13899999856948853,0.125,0.13199999928474426,0.13199999928474426,11225100
2022-08-04,0.13199999928474426,0.13699999451637268,0.12999999523162842,0.13300000131130219,0.13300000131130219,2368625
2022-08-05,0.13699999451637268,0.15399999916553497,0.13300000131130219,0.14900000393390656,0.14900000393390656,14800000
2022-08-08,0.15000000596046448,0.15199999511241913,0.1459999978542328,0.1509999930858612,0.1509999930858612,3299000
2022-08-09,0.15299999713897705,0.15800000727176666,0.1469999998807907,0.15199999511241913,0.15199999511241913,9800000
2022-08-10,0.15000000596046448,0.15600000321865082,0.14100000262260437,0.14499999582767487,0.14499999582767487,4456000
2022-08-11,0.14499999582767487,0.15000000596046448,0.14300000667572021,0.14499999582767487,0.14499999582767487,2570000
2022-08-12,0.1420000046491623,0.15399999916553497,0.1420000046491623,0.15000000596046448,0.15000000596046448,6410500
2022-08-15,0.1599999964237213,0.17100000381469727,0.15800000727176666,0.1599999964237213,0.1599999964237213,28921250
2022-08-16,0.1599999964237213,0.1599999964237213,0.14900000393390656,0.15199999511241913,0.15199999511241913,11434000
2022-08-17,0.15199999511241913,0.15199999511241913,0.14499999582767487,0.14900000393390656,0.14900000393390656,7279000
2022-08-18,0.1459999978542328,0.16599999368190765,0.14499999582767487,0.16500000655651093,0.16500000655651093,22432000
2022-08-19,0.16500000655651093,0.17499999701976776,0.1589999943971634,0.16699999570846558,0.16699999570846558,36331500
2022-08-22,0.16699999570846558,0.17299999296665192,0.1589999943971634,0.16300000250339508,0.16300000250339508,15788000
2022-08-23,0.16099999845027924,0.1679999977350235,0.15700000524520874,0.1599999964237213,0.1599999964237213,15567100
2022-08-24,0.1599999964237213,0.1599999964237213,0.15199999511241913,0.15800000727176666,0.15800000727176666,7169200
2022-08-25,0.15700000524520874,0.16300000250339508,0.1550000011920929,0.16200000047683716,0.16200000047683716,7641000
2022-08-26,0.16699999570846558,0.16699999570846558,0.1599999964237213,0.16099999845027924,0.16099999845027924,5855000
2022-08-29,0.16200000047683716,0.16200000047683716,0.15299999713897705,0.15700000524520874,0.15700000524520874,5749500
2022-08-30,0.15399999916553497,0.15800000727176666,0.14800000190734863,0.1509999930858612,0.1509999930858612,5676000
2022-08-31,0.15199999511241913,0.15399999916553497,0.1459999978542328,0.15199999511241913,0.15199999511241913,4506000
2022-09-01,0.1469999998807907,0.15000000596046448,0.1469999998807907,0.14900000393390656,0.14900000393390656,414000
2022-09-02,0.1469999998807907,0.15000000596046448,0.14300000667572021,0.15000000596046448,0.15000000596046448,6088500
2022-09-05,0.1509999930858612,0.1509999930858612,0.14399999380111694,0.15000000596046448,0.15000000596046448,2092250
2022-09-06,0.14900000393390656,0.1599999964237213,0.1469999998807907,0.14800000190734863,0.14800000190734863,1962750
2022-09-07,0.1459999978542328,0.14900000393390656,0.1379999965429306,0.14499999582767487,0.14499999582767487,3368000
2022-09-08,0.14000000059604645,0.14399999380111694,0.13600000739097595,0.14399999380111694,0.14399999380111694,3334000
2022-09-09,0.14300000667572021,0.14900000393390656,0.1420000046491623,0.14499999582767487,0.14499999582767487,1362092
2022-09-13,0.14499999582767487,0.15199999511241913,0.13899999856948853,0.14100000262260437,0.14100000262260437,2038000
2022-09-14,0.14800000190734863,0.14800000190734863,0.13699999451637268,0.14000000059604645,0.14000000059604645,5678000
2022-09-15,0.14800000190734863,0.14800000190734863,0.13699999451637268,0.14000000059604645,0.14000000059604645,2657000
2022-09-16,0.13899999856948853,0.13899999856948853,0.12999999523162842,0.13300000131130219,0.13300000131130219,3666400
2022-09-19,0.13300000131130219,0.13600000739097595,0.13099999725818634,0.13300000131130219,0.13300000131130219,1520000
2022-09-20,0.13699999451637268,0.1379999965429306,0.12399999797344208,0.13600000739097595,0.13600000739097595,1070200
2022-09-21,0.1340000033378601,0.13699999451637268,0.12999999523162842,0.1340000033378601,0.1340000033378601,4974000
2022-09-22,0.13099999725818634,0.13199999928474426,0.12399999797344208,0.12700000405311584,0.12700000405311584,3389500
2022-09-23,0.12600000202655792,0.12700000405311584,0.11800000071525574,0.12300000339746475,0.12300000339746475,3799750
2022-09-26,0.11900000274181366,0.12399999797344208,0.10100000351667404,0.10899999737739563,0.10899999737739563,5635000
2022-09-27,0.10899999737739563,0.1120000034570694,0.10199999809265137,0.1080000028014183,0.1080000028014183,2710950
2022-09-28,0.11100000143051147,0.11299999803304672,0.10000000149011612,0.10300000011920929,0.10300000011920929,3810000
2022-09-29,0.10599999874830246,0.10599999874830246,0.0949999988079071,0.0949999988079071,0.0949999988079071,1335000
2022-09-30,0.09000000357627869,0.0949999988079071,0.08699999749660492,0.09300000220537186,0.09300000220537186,1839200
2022-10-03,0.08799999952316284,0.10599999874830246,0.08799999952316284,0.0989999994635582,0.0989999994635582,904000
2022-10-05,0.10300000011920929,0.10899999737739563,0.10100000351667404,0.10700000077486038,0.10700000077486038,1825000
2022-10-06,0.10999999940395355,0.11299999803304672,0.10499999672174454,0.10999999940395355,0.10999999940395355,1393250
2022-10-07,0.10599999874830246,0.10700000077486038,0.10599999874830246,0.10599999874830246,0.10599999874830246,373150
2022-10-10,0.10499999672174454,0.10499999672174454,0.09799999743700027,0.09799999743700027,0.09799999743700027,1456000
2022-10-11,0.09799999743700027,0.09799999743700027,0.09799999743700027,0.09799999743700027,0.09799999743700027,138000
2022-10-12,0.09700000286102295,0.09700000286102295,0.09200000017881393,0.09600000083446503,0.09600000083446503,778000
2022-10-13,0.09600000083446503,0.09600000083446503,0.09200000017881393,0.09200000017881393,0.09200000017881393,246000
2022-10-14,0.09600000083446503,0.09600000083446503,0.09099999815225601,0.09200000017881393,0.09200000017881393,1366000
2022-10-17,0.09200000017881393,0.0949999988079071,0.09200000017881393,0.0949999988079071,0.0949999988079071,188000
2022-10-18,0.10499999672174454,0.10499999672174454,0.09600000083446503,0.09700000286102295,0.09700000286102295,956000
2022-10-19,0.10199999809265137,0.10199999809265137,0.09600000083446503,0.09799999743700027,0.09799999743700027,626000
2022-10-20,0.09600000083446503,0.10100000351667404,0.09200000017881393,0.10000000149011612,0.10000000149011612,388000
2022-10-21,0.10000000149011612,0.10000000149011612,0.09799999743700027,0.10000000149011612,0.10000000149011612,948000
2022-10-24,0.10000000149011612,0.10700000077486038,0.09200000017881393,0.09399999678134918,0.09399999678134918,1989500
2022-10-25,0.09399999678134918,0.09399999678134918,0.09200000017881393,0.09300000220537186,0.09300000220537186,543500
2022-10-26,0.09300000220537186,0.09799999743700027,0.09200000017881393,0.09600000083446503,0.09600000083446503,2130500
2022-10-27,0.09399999678134918,0.10100000351667404,0.09099999815225601,0.09300000220537186,0.09300000220537186,3148000
2022-10-28,0.09000000357627869,0.09200000017881393,0.08799999952316284,0.09000000357627869,0.09000000357627869,1458000
2022-10-31,0.08799999952316284,0.08799999952316284,0.0820000022649765,0.08399999886751175,0.08399999886751175,923000
2022-11-01,0.08299999684095383,0.0860000029206276,0.07999999821186066,0.08100000023841858,0.08100000023841858,1994000
2022-11-02,0.08100000023841858,0.08500000089406967,0.07999999821186066,0.08500000089406967,0.08500000089406967,868000
2022-11-03,0.09000000357627869,0.09000000357627869,0.08100000023841858,0.08299999684095383,0.08299999684095383,998000
2022-11-04,0.0820000022649765,0.09000000357627869,0.0820000022649765,0.08799999952316284,0.08799999952316284,4665000
2022-11-07,0.08799999952316284,0.09200000017881393,0.08799999952316284,0.09099999815225601,0.09099999815225601,1668000
2022-11-08,0.0860000029206276,0.09000000357627869,0.0860000029206276,0.09000000357627869,0.09000000357627869,404000
2022-11-09,0.09200000017881393,0.09399999678134918,0.09000000357627869,0.09000000357627869,0.09000000357627869,1836000
2022-11-10,0.09000000357627869,0.09200000017881393,0.08900000154972076,0.09000000357627869,0.09000000357627869,344000
2022-11-11,0.08799999952316284,0.09300000220537186,0.08699999749660492,0.09000000357627869,0.09000000357627869,3556750
2022-11-14,0.09200000017881393,0.09300000220537186,0.0860000029206276,0.09000000357627869,0.09000000357627869,6403500
2022-11-15,0.09099999815225601,0.09200000017881393,0.0820000022649765,0.09200000017881393,0.09200000017881393,4045000
2022-11-16,0.09099999815225601,0.09099999815225601,0.0860000029206276,0.08900000154972076,0.08900000154972076,1240000
2022-11-17,0.09200000017881393,0.09399999678134918,0.08500000089406967,0.09399999678134918,0.09399999678134918,3440000
2022-11-18,0.09399999678134918,0.09399999678134918,0.08799999952316284,0.08799999952316284,0.08799999952316284,726500
2022-11-21,0.08699999749660492,0.09300000220537186,0.08699999749660492,0.09200000017881393,0.09200000017881393,719500
2022-11-22,0.09200000017881393,0.09700000286102295,0.09000000357627869,0.09200000017881393,0.09200000017881393,2620500
2022-11-23,0.09600000083446503,0.09600000083446503,0.09000000357627869,0.09300000220537186,0.09300000220537186,682000
2022-11-24,0.09000000357627869,0.09300000220537186,0.09000000357627869,0.09300000220537186,0.09300000220537186,896000
2022-11-25,0.09300000220537186,0.09300000220537186,0.09099999815225601,0.09099999815225601,0.09099999815225601,158000
2022-11-28,0.08799999952316284,0.09099999815225601,0.08500000089406967,0.09000000357627869,0.09000000357627869,2088500
2022-11-29,0.08699999749660492,0.09000000357627869,0.0860000029206276,0.08900000154972076,0.08900000154972076,2986085
2022-11-30,0.08799999952316284,0.08900000154972076,0.0860000029206276,0.08900000154972076,0.08900000154972076,1684700
2022-12-01,0.08900000154972076,0.09000000357627869,0.08799999952316284,0.08799999952316284,0.08799999952316284,3212000
2022-12-02,0.09000000357627869,0.09200000017881393,0.08799999952316284,0.09000000357627869,0.09000000357627869,814500
2022-12-05,0.09300000220537186,0.09300000220537186,0.09000000357627869,0.09099999815225601,0.09099999815225601,2670500
2022-12-06,0.09099999815225601,0.10599999874830246,0.09099999815225601,0.10300000011920929,0.10300000011920929,8144500
2022-12-07,0.10300000011920929,0.11100000143051147,0.10300000011920929,0.10700000077486038,0.10700000077486038,6915000
2022-12-08,0.10899999737739563,0.11100000143051147,0.10700000077486038,0.10999999940395355,0.10999999940395355,2263400
2022-12-09,0.10999999940395355,0.11599999666213989,0.10400000214576721,0.1120000034570694,0.1120000034570694,2897000
2022-12-12,0.10499999672174454,0.1120000034570694,0.10400000214576721,0.10400000214576721,0.10400000214576721,2348000
2022-12-13,0.10499999672174454,0.1080000028014183,0.0989999994635582,0.10300000011920929,0.10300000011920929,3339500
2022-12-14,0.10400000214576721,0.10599999874830246,0.0989999994635582,0.10000000149011612,0.10000000149011612,2058500
2022-12-15,0.09700000286102295,0.10000000149011612,0.0949999988079071,0.10000000149011612,0.10000000149011612,1834000
2022-12-16,0.09799999743700027,0.0989999994635582,0.09700000286102295,0.0989999994635582,0.0989999994635582,205000
2022-12-19,0.10300000011920929,0.10300000011920929,0.09799999743700027,0.10000000149011612,0.10000000149011612,442000
2022-12-20,0.09300000220537186,0.0989999994635582,0.09300000220537186,0.09799999743700027,0.09799999743700027,576000
2022-12-21,0.09799999743700027,0.10000000149011612,0.0949999988079071,0.10000000149011612,0.10000000149011612,2808000
2022-12-22,0.10100000351667404,0.10400000214576721,0.09799999743700027,0.10199999809265137,0.10199999809265137,1203000
2022-12-23,0.0989999994635582,0.10100000351667404,0.09600000083446503,0.10000000149011612,0.10000000149011612,1246000
2022-12-28,0.10000000149011612,0.10199999809265137,0.09799999743700027,0.10000000149011612,0.10000000149011612,2174000
2022-12-29,0.10300000011920929,0.10300000011920929,0.09399999678134918,0.09600000083446503,0.09600000083446503,3878000
2022-12-30,0.10000000149011612,0.10000000149011612,0.09300000220537186,0.09700000286102295,0.09700000286102295,2054000
2023-01-03,0.09799999743700027,0.09799999743700027,0.0949999988079071,0.09700000286102295,0.09700000286102295,1749100
2023-01-04,0.09300000220537186,0.09700000286102295,0.09000000357627869,0.09700000286102295,0.09700000286102295,1922000
2023-01-05,0.09799999743700027,0.09799999743700027,0.09399999678134918,0.0949999988079071,0.0949999988079071,751200
2023-01-06,0.09700000286102295,0.09700000286102295,0.09200000017881393,0.09399999678134918,0.09399999678134918,984000
2023-01-09,0.09399999678134918,0.09600000083446503,0.09300000220537186,0.09600000083446503,0.09600000083446503,2304000
2023-01-10,0.09399999678134918,0.0949999988079071,0.09300000220537186,0.0949999988079071,0.0949999988079071,1223250
2023-01-11,0.09399999678134918,0.09600000083446503,0.09300000220537186,0.0949999988079071,0.0949999988079071,2286500
2023-01-12,0.0949999988079071,0.09600000083446503,0.09000000357627869,0.09300000220537186,0.09300000220537186,3387500
2023-01-13,0.09099999815225601,0.0949999988079071,0.08799999952316284,0.08900000154972076,0.08900000154972076,2794000
2023-01-16,0.09000000357627869,0.0949999988079071,0.09000000357627869,0.09300000220537186,0.09300000220537186,1930000
2023-01-17,0.09000000357627869,0.09600000083446503,0.08900000154972076,0.09099999815225601,0.09099999815225601,6442000
2023-01-18,0.09399999678134918,0.09399999678134918,0.09099999815225601,0.09399999678134918,0.09399999678134918,192000
2023-01-19,0.09099999815225601,0.0949999988079071,0.09000000357627869,0.09399999678134918,0.09399999678134918,1187500
2023-01-20,0.09300000220537186,0.10000000149011612,0.09300000220537186,0.10000000149011612,0.10000000149011612,3041500
2023-01-26,0.10000000149011612,0.10599999874830246,0.09600000083446503,0.10599999874830246,0.10599999874830246,3996000
2023-01-27,0.1080000028014183,0.11299999803304672,0.10400000214576721,0.10999999940395355,0.10999999940395355,3633500
2023-01-30,0.10999999940395355,0.10999999940395355,0.10499999672174454,0.10899999737739563,0.10899999737739563,2004000
2023-01-31,0.10100000351667404,0.11100000143051147,0.10100000351667404,0.10999999940395355,0.10999999940395355,2410000
2023-02-01,0.11599999666213989,0.11599999666213989,0.10499999672174454,0.10999999940395355,0.10999999940395355,2072250
2023-02-02,0.11299999803304672,0.11299999803304672,0.10700000077486038,0.11100000143051147,0.11100000143051147,513000
2023-02-03,0.10999999940395355,0.10999999940395355,0.10499999672174454,0.10899999737739563,0.10899999737739563,1824300
2023-02-06,0.1080000028014183,0.10899999737739563,0.10499999672174454,0.10700000077486038,0.10700000077486038,3014750
2023-02-07,0.10700000077486038,0.10999999940395355,0.10400000214576721,0.10999999940395355,0.10999999940395355,1700500
2023-02-08,0.10899999737739563,0.11100000143051147,0.10599999874830246,0.10999999940395355,0.10999999940395355,1384000
2023-02-09,0.10899999737739563,0.11100000143051147,0.10300000011920929,0.10400000214576721,0.10400000214576721,4409400
2023-02-10,0.10400000214576721,0.10400000214576721,0.10000000149011612,0.10300000011920929,0.10300000011920929,3504000
2023-02-13,0.0989999994635582,0.10199999809265137,0.09799999743700027,0.10199999809265137,0.10199999809265137,2600078
2023-02-14,0.10100000351667404,0.10100000351667404,0.0989999994635582,0.10000000149011612,0.10000000149011612,456000
2023-02-15,0.10400000214576721,0.10400000214576721,0.09799999743700027,0.10000000149011612,0.10000000149011612,1164000
2023-02-16,0.09700000286102295,0.10300000011920929,0.09700000286102295,0.10300000011920929,0.10300000011920929,1246000
2023-02-17,0.10300000011920929,0.10300000011920929,0.09799999743700027,0.10000000149011612,0.10000000149011612,828000
2023-02-20,0.10000000149011612,0.10300000011920929,0.10000000149011612,0.10199999809265137,0.10199999809265137,941000
2023-02-21,0.0989999994635582,0.10000000149011612,0.0989999994635582,0.10000000149011612,0.10000000149011612,206500
2023-02-22,0.10000000149011612,0.10300000011920929,0.09300000220537186,0.09399999678134918,0.09399999678134918,1916500
2023-02-23,0.09600000083446503,0.10000000149011612,0.0949999988079071,0.09700000286102295,0.09700000286102295,1612250
2023-02-24,0.09600000083446503,0.09700000286102295,0.09399999678134918,0.09399999678134918,0.09399999678134918,1667500
2023-02-27,0.09300000220537186,0.09399999678134918,0.09099999815225601,0.09399999678134918,0.09399999678134918,1008000
2023-02-28,0.09399999678134918,0.09399999678134918,0.09000000357627869,0.09600000083446503,0.09600000083446503,1461750
2023-03-01,0.09600000083446503,0.09600000083446503,0.0949999988079071,0.0949999988079071,0.0949999988079071,408000
2023-03-02,0.09300000220537186,0.0949999988079071,0.09300000220537186,0.0949999988079071,0.0949999988079071,404000
2023-03-03,0.09600000083446503,0.09600000083446503,0.09600000083446503,0.09700000286102295,0.09700000286102295,240000
2023-03-06,0.09700000286102295,0.10000000149011612,0.09300000220537186,0.09600000083446503,0.09600000083446503,904750
2023-03-07,0.09600000083446503,0.09600000083446503,0.08799999952316284,0.09000000357627869,0.09000000357627869,5261000
2023-03-08,0.09200000017881393,0.09200000017881393,0.0860000029206276,0.08900000154972076,0.08900000154972076,2256000
2023-03-09,0.0860000029206276,0.09200000017881393,0.08299999684095383,0.08900000154972076,0.08900000154972076,778000
2023-03-10,0.08900000154972076,0.09099999815225601,0.08100000023841858,0.0820000022649765,0.0820000022649765,3224000
2023-03-13,0.08699999749660492,0.08799999952316284,0.0820000022649765,0.08299999684095383,0.08299999684095383,1421500
2023-03-14,0.0820000022649765,0.0820000022649765,0.08100000023841858,0.08100000023841858,0.08100000023841858,3174000
2023-03-15,0.07900000363588333,0.08299999684095383,0.07900000363588333,0.08299999684095383,0.08299999684095383,1122000
2023-03-16,0.08900000154972076,0.08900000154972076,0.0820000022649765,0.0820000022649765,0.0820000022649765,296000
2023-03-17,0.08799999952316284,0.08799999952316284,0.08399999886751175,0.08699999749660492,0.08699999749660492,1017500
2023-03-20,0.09399999678134918,0.09099999815225601,0.08699999749660492,0.08699999749660492,0.08699999749660492,495500
2023-03-21,0.08900000154972076,0.09000000357627869,0.08900000154972076,0.09000000357627869,0.09000000357627869,390000
2023-03-22,0.09099999815225601,0.09099999815225601,0.07699999958276749,0.07800000160932541,0.07800000160932541,4216500
2023-03-23,0.07800000160932541,0.08299999684095383,0.07500000298023224,0.07800000160932541,0.07800000160932541,4525550
2023-03-24,0.07999999821186066,0.07999999821186066,0.07400000095367432,0.07999999821186066,0.07999999821186066,4067000
2023-03-27,0.08500000089406967,0.08500000089406967,0.07599999755620956,0.07800000160932541,0.07800000160932541,1716000
2023-03-28,0.07900000363588333,0.08299999684095383,0.07900000363588333,0.07999999821186066,0.07999999821186066,1539000
2023-03-29,0.08500000089406967,0.08500000089406967,0.07999999821186066,0.0820000022649765,0.0820000022649765,4022000
2023-03-30,0.0820000022649765,0.08699999749660492,0.0820000022649765,0.08699999749660492,0.08699999749660492,2554000
2023-03-31,0.08699999749660492,0.09300000220537186,0.08699999749660492,0.09300000220537186,0.09300000220537186,2990500
2023-04-03,0.09099999815225601,0.09200000017881393,0.09000000357627869,0.09200000017881393,0.09200000017881393,323500
2023-04-04,0.09099999815225601,0.09399999678134918,0.09099999815225601,0.09399999678134918,0.09399999678134918,1296000
2023-04-06,0.09399999678134918,0.09799999743700027,0.09200000017881393,0.09600000083446503,0.09600000083446503,3714500
2023-04-11,0.09300000220537186,0.09700000286102295,0.09300000220537186,0.09700000286102295,0.09700000286102295,1738000
2023-04-12,0.0989999994635582,0.10000000149011612,0.09799999743700027,0.0989999994635582,0.0989999994635582,5264000
2023-04-13,0.0989999994635582,0.10400000214576721,0.09700000286102295,0.10400000214576721,0.10400000214576721,6012100
2023-04-14,0.10400000214576721,0.10400000214576721,0.10000000149011612,0.10400000214576721,0.10400000214576721,1578500
2023-04-17,0.10400000214576721,0.10599999874830246,0.10199999809265137,0.10499999672174454,0.10499999672174454,1431000
2023-04-18,0.10599999874830246,0.10700000077486038,0.10000000149011612,0.10700000077486038,0.10700000077486038,6271000
2023-04-19,0.1120000034570694,0.1120000034570694,0.1080000028014183,0.10999999940395355,0.10999999940395355,4939000
2023-04-20,0.11100000143051147,0.11400000005960464,0.10899999737739563,0.11400000005960464,0.11400000005960464,2094500
2023-04-21,0.11800000071525574,0.11800000071525574,0.11100000143051147,0.11400000005960464,0.11400000005960464,1628250
2023-04-24,0.11400000005960464,0.11599999666213989,0.11400000005960464,0.11500000208616257,0.11500000208616257,3961000
2023-04-25,0.11699999868869781,0.11900000274181366,0.10999999940395355,0.11900000274181366,0.11900000274181366,4483000
2023-04-26,0.11500000208616257,0.125,0.11500000208616257,0.125,0.125,4973500
2023-04-27,0.125,0.13300000131130219,0.125,0.12999999523162842,0.12999999523162842,3304500
2023-04-28,0.12999999523162842,0.12999999523162842,0.11900000274181366,0.12800000607967377,0.12800000607967377,2986000
2023-05-02,0.12800000607967377,0.12999999523162842,0.12399999797344208,0.12999999523162842,0.12999999523162842,1866000
2023-05-03,0.1289999932050705,0.12999999523162842,0.11999999731779099,0.12999999523162842,0.12999999523162842,3078000
2023-05-04,0.12999999523162842,0.12999999523162842,0.11999999731779099,0.12800000607967377,0.12800000607967377,2315000
2023-05-05,0.1289999932050705,0.12999999523162842,0.12700000405311584,0.12999999523162842,0.12999999523162842,2242000
2023-05-08,0.13199999928474426,0.13199999928474426,0.11900000274181366,0.12999999523162842,0.12999999523162842,5709500
2023-05-09,0.12999999523162842,0.12999999523162842,0.11900000274181366,0.11900000274181366,0.11900000274181366,2010000
2023-05-10,0.12700000405311584,0.12700000405311584,0.11400000005960464,0.11900000274181366,0.11900000274181366,2262500
2023-05-11,0.11599999666213989,0.12099999934434891,0.11599999666213989,0.11900000274181366,0.11900000274181366,1306000
2023-05-12,0.11800000071525574,0.12200000137090683,0.11800000071525574,0.12200000137090683,0.12200000137090683,1000500
2023-05-15,0.11299999803304672,0.12600000202655792,0.11299999803304672,0.12600000202655792,0.12600000202655792,1612500
2023-05-16,0.12600000202655792,0.12700000405311584,0.12399999797344208,0.12700000405311584,0.12700000405311584,963500
2023-05-17,0.12700000405311584,0.12700000405311584,0.12300000339746475,0.125,0.125,1150000
2023-05-18,0.11999999731779099,0.125,0.11999999731779099,0.12399999797344208,0.12399999797344208,2563750
2023-05-19,0.11999999731779099,0.12200000137090683,0.11900000274181366,0.12200000137090683,0.12200000137090683,1385500
2023-05-22,0.11500000208616257,0.12399999797344208,0.11500000208616257,0.12300000339746475,0.12300000339746475,1251750
2023-05-23,0.11800000071525574,0.12399999797344208,0.11699999868869781,0.12399999797344208,0.12399999797344208,1649750
2023-05-24,0.12399999797344208,0.12399999797344208,0.11999999731779099,0.12399999797344208,0.12399999797344208,1292000
2023-05-25,0.12200000137090683,0.12200000137090683,0.11999999731779099,0.12200000137090683,0.12200000137090683,1006500
2023-05-29,0.11699999868869781,0.12099999934434891,0.11699999868869781,0.11800000071525574,0.11800000071525574,1858000
2023-05-30,0.11599999666213989,0.11900000274181366,0.11500000208616257,0.11699999868869781,0.11699999868869781,508000
2023-05-31,0.11699999868869781,0.11699999868869781,0.11299999803304672,0.11299999803304672,0.11299999803304672,1510000
2023-06-01,0.1120000034570694,0.11500000208616257,0.1080000028014183,0.11500000208616257,0.11500000208616257,2770000
2023-06-02,0.11500000208616257,0.125,0.11500000208616257,0.12300000339746475,0.12300000339746475,1536500
2023-06-05,0.12300000339746475,0.12399999797344208,0.11900000274181366,0.12300000339746475,0.12300000339746475,1558000
2023-06-06,0.11900000274181366,0.12399999797344208,0.11900000274181366,0.12300000339746475,0.12300000339746475,1327500
2023-06-07,0.12099999934434891,0.125,0.12099999934434891,0.12399999797344208,0.12399999797344208,1150000
2023-06-08,0.125,0.125,0.12300000339746475,0.125,0.125,1366000
2023-06-09,0.12300000339746475,0.125,0.12300000339746475,0.125,0.125,1030500
2023-06-12,0.11999999731779099,0.125,0.11999999731779099,0.125,0.125,1036000
2023-06-13,0.12300000339746475,0.125,0.11999999731779099,0.125,0.125,1119200
2023-06-14,0.125,0.125,0.12099999934434891,0.12399999797344208,0.12399999797344208,1127900
2023-06-15,0.12300000339746475,0.125,0.12300000339746475,0.12399999797344208,0.12399999797344208,1252700
2023-06-16,0.12399999797344208,0.125,0.12300000339746475,0.125,0.125,1006000
2023-06-19,0.125,0.125,0.12300000339746475,0.125,0.125,1442000
2023-06-20,0.125,0.125,0.12099999934434891,0.12399999797344208,0.12399999797344208,188000
2023-06-21,0.12099999934434891,0.125,0.11999999731779099,0.125,0.125,1377000
2023-06-23,0.11999999731779099,0.12300000339746475,0.11999999731779099,0.12300000339746475,0.12300000339746475,1188000
2023-06-26,0.11999999731779099,0.12300000339746475,0.11999999731779099,0.12300000339746475,0.12300000339746475,1004000
2023-06-27,0.12200000137090683,0.12399999797344208,0.11500000208616257,0.12399999797344208,0.12399999797344208,1681200
2023-06-28,0.12300000339746475,0.12300000339746475,0.11800000071525574,0.12300000339746475,0.12300000339746475,1270000
2023-06-29,0.12300000339746475,0.12399999797344208,0.12300000339746475,0.12399999797344208,0.12399999797344208,1044000
2023-06-30,0.12399999797344208,0.12399999797344208,0.12200000137090683,0.12399999797344208,0.12399999797344208,1052000
2023-07-03,0.12399999797344208,0.12399999797344208,0.11500000208616257,0.12399999797344208,0.12399999797344208,444000
2023-07-04,0.12399999797344208,0.12399999797344208,0.12399999797344208,0.12399999797344208,0.12399999797344208,0
2023-07-05,0.12399999797344208,0.14800000190734863,0.11800000071525574,0.1379999965429306,0.1379999965429306,4119200
2023-07-06,0.13500000536441803,0.13500000536441803,0.125,0.12800000607967377,0.12800000607967377,6590000
2023-07-07,0.1289999932050705,0.1289999932050705,0.12300000339746475,0.12800000607967377,0.12800000607967377,449750
2023-07-10,0.12300000339746475,0.12700000405311584,0.11900000274181366,0.12399999797344208,0.12399999797344208,709500
2023-07-11,0.12800000607967377,0.12800000607967377,0.11999999731779099,0.12700000405311584,0.12700000405311584,605000
2023-07-12,0.1289999932050705,0.1289999932050705,0.12300000339746475,0.12399999797344208,0.12399999797344208,278000
2023-07-13,0.12099999934434891,0.12800000607967377,0.12099999934434891,0.12200000137090683,0.12200000137090683,381000
2023-07-14,0.12200000137090683,0.12700000405311584,0.11900000274181366,0.11900000274181366,0.11900000274181366,1082400
2023-07-18,0.12700000405311584,0.11900000274181366,0.11599999666213989,0.11699999868869781,0.11699999868869781,747500
2023-07-19,0.11800000071525574,0.12099999934434891,0.11500000208616257,0.12099999934434891,0.12099999934434891,224600
2023-07-20,0.11999999731779099,0.11999999731779099,0.11699999868869781,0.11699999868869781,0.11699999868869781,402000
2023-07-21,0.11699999868869781,0.12300000339746475,0.11699999868869781,0.12300000339746475,0.12300000339746475,58750
2023-07-24,0.11599999666213989,0.12399999797344208,0.11599999666213989,0.12399999797344208,0.12399999797344208,202000
2023-07-25,0.11599999666213989,0.12300000339746475,0.10999999940395355,0.12300000339746475,0.12300000339746475,683500
2023-07-26,0.11299999803304672,0.12300000339746475,0.11299999803304672,0.12200000137090683,0.12200000137090683,309500
2023-07-27,0.11699999868869781,0.12200000137090683,0.11100000143051147,0.11999999731779099,0.11999999731779099,2288200
2023-07-28,0.11500000208616257,0.12300000339746475,0.11500000208616257,0.11500000208616257,0.11500000208616257,309500
2023-07-31,0.11599999666213989,0.12200000137090683,0.11599999666213989,0.11699999868869781,0.11699999868869781,542000
2023-08-01,0.11699999868869781,0.11900000274181366,0.11699999868869781,0.11900000274181366,0.11900000274181366,97500
2023-08-02,0.11699999868869781,0.11699999868869781,0.11699999868869781,0.11699999868869781,0.11699999868869781,696000
2023-08-03,0.11500000208616257,0.11999999731779099,0.11500000208616257,0.11999999731779099,0.11999999731779099,668000
2023-08-04,0.11999999731779099,0.11999999731779099,0.11999999731779099,0.11999999731779099,0.11999999731779099,0
2023-08-07,0.11299999803304672,0.11500000208616257,0.11299999803304672,0.11500000208616257,0.11500000208616257,288000
2023-08-08,0.11400000005960464,0.11599999666213989,0.1120000034570694,0.1120000034570694,0.1120000034570694,884500
2023-08-09,0.10899999737739563,0.11599999666213989,0.10899999737739563,0.11599999666213989,0.11599999666213989,251000
2023-08-10,0.11100000143051147,0.11800000071525574,0.11100000143051147,0.11599999666213989,0.11599999666213989,472000
2023-08-11,0.11100000143051147,0.11500000208616257,0.10899999737739563,0.11299999803304672,0.11299999803304672,430000
2023-08-14,0.1080000028014183,0.1080000028014183,0.1080000028014183,0.1080000028014183,0.1080000028014183,141750
2023-08-15,0.10999999940395355,0.10999999940395355,0.1080000028014183,0.1080000028014183,0.1080000028014183,152500
2023-08-16,0.10199999809265137,0.10899999737739563,0.10199999809265137,0.10899999737739563,0.10899999737739563,66500
2023-08-17,0.10400000214576721,0.11699999868869781,0.10000000149011612,0.1080000028014183,0.1080000028014183,195700
2023-08-18,0.10599999874830246,0.10599999874830246,0.10300000011920929,0.10300000011920929,0.10300000011920929,280000
2023-08-21,0.10199999809265137,0.10999999940395355,0.10199999809265137,0.10400000214576721,0.10400000214576721,410700
2023-08-22,0.10999999940395355,0.10999999940395355,0.10100000351667404,0.10499999672174454,0.10499999672174454,620000
2023-08-23,0.10899999737739563,0.10899999737739563,0.10100000351667404,0.10700000077486038,0.10700000077486038,74000
2023-08-24,0.10199999809265137,0.10599999874830246,0.0989999994635582,0.10499999672174454,0.10499999672174454,566000
2023-08-25,0.10400000214576721,0.10499999672174454,0.09799999743700027,0.09799999743700027,0.09799999743700027,376000
2023-08-28,0.09399999678134918,0.10300000011920929,0.09099999815225601,0.0949999988079071,0.0949999988079071,310000
2023-08-29,0.0949999988079071,0.10199999809265137,0.0949999988079071,0.10199999809265137,0.10199999809265137,364125
2023-08-30,0.10300000011920929,0.1080000028014183,0.0989999994635582,0.0989999994635582,0.0989999994635582,280000
2023-08-31,0.09600000083446503,0.10199999809265137,0.09399999678134918,0.10199999809265137,0.10199999809265137,1105000
2023-09-04,0.09200000017881393,0.10599999874830246,0.09200000017881393,0.09799999743700027,0.09799999743700027,1923000
2023-09-05,0.0949999988079071,0.10400000214576721,0.09000000357627869,0.0949999988079071,0.0949999988079071,2944500
2023-09-06,0.09099999815225601,0.09799999743700027,0.09099999815225601,0.09700000286102295,0.09700000286102295,156000
2023-09-07,0.09200000017881393,0.10499999672174454,0.09200000017881393,0.10300000011920929,0.10300000011920929,154900
2023-09-11,0.09399999678134918,0.0989999994635582,0.09200000017881393,0.09399999678134918,0.09399999678134918,1844000
2023-09-12,0.10700000077486038,0.10700000077486038,0.09200000017881393,0.09399999678134918,0.09399999678134918,1148000
2023-09-13,0.09399999678134918,0.0989999994635582,0.09099999815225601,0.0989999994635582,0.0989999994635582,187000
2023-09-14,0.09099999815225601,0.09300000220537186,0.09099999815225601,0.09300000220537186,0.09300000220537186,83000
2023-09-15,0.09300000220537186,0.09300000220537186,0.09200000017881393,0.09300000220537186,0.09300000220537186,166500
2023-09-18,0.09099999815225601,0.09600000083446503,0.09099999815225601,0.09600000083446503,0.09600000083446503,102500
2023-09-19,0.09399999678134918,0.09399999678134918,0.09399999678134918,0.09399999678134918,0.09399999678134918,0
2023-09-20,0.09399999678134918,0.09700000286102295,0.0860000029206276,0.09399999678134918,0.09399999678134918,1552400
2023-09-21,0.09000000357627869,0.09399999678134918,0.09000000357627869,0.09399999678134918,0.09399999678134918,601500
2023-09-22,0.09099999815225601,0.09700000286102295,0.09000000357627869,0.09700000286102295,0.09700000286102295,589000
2023-09-25,0.08900000154972076,0.09399999678134918,0.08699999749660492,0.09200000017881393,0.09200000017881393,1853000
2023-09-26,0.09200000017881393,0.09099999815225601,0.08900000154972076,0.09000000357627869,0.09000000357627869,539000
2023-09-27,0.08799999952316284,0.09700000286102295,0.0860000029206276,0.09300000220537186,0.09300000220537186,3334000
2023-09-28,0.08699999749660492,0.09200000017881393,0.08699999749660492,0.09099999815225601,0.09099999815225601,243000
2023-09-29,0.09099999815225601,0.09099999815225601,0.0860000029206276,0.09000000357627869,0.09000000357627869,510000
2023-10-03,0.08699999749660492,0.08699999749660492,0.08500000089406967,0.08699999749660492,0.08699999749660492,944000
2023-10-04,0.08699999749660492,0.08699999749660492,0.08699999749660492,0.08699999749660492,0.08699999749660492,0
2023-10-05,0.08299999684095383,0.08699999749660492,0.08299999684095383,0.08699999749660492,0.08699999749660492,97300
2023-10-06,0.08500000089406967,0.08799999952316284,0.08500000089406967,0.08799999952316284,0.08799999952316284,66000
2023-10-09,0.08799999952316284,0.09000000357627869,0.08799999952316284,0.08900000154972076,0.08900000154972076,84200
2023-10-10,0.08699999749660492,0.08900000154972076,0.08699999749660492,0.08900000154972076,0.08900000154972076,98000
2023-10-11,0.08699999749660492,0.08699999749660492,0.07900000363588333,0.08500000089406967,0.08500000089406967,1444000
2023-10-12,0.08399999886751175,0.08399999886751175,0.07900000363588333,0.08299999684095383,0.08299999684095383,3976000
2023-10-13,0.07999999821186066,0.07999999821186066,0.07800000160932541,0.07800000160932541,0.07800000160932541,1206000
2023-10-16,0.07800000160932541,0.0820000022649765,0.07599999755620956,0.07900000363588333,0.07900000363588333,2062050
2023-10-17,0.07900000363588333,0.07900000363588333,0.07699999958276749,0.07900000363588333,0.07900000363588333,434000
2023-10-18,0.07599999755620956,0.07599999755620956,0.07599999755620956,0.07599999755620956,0.07599999755620956,662000
2023-10-19,0.07599999755620956,0.07599999755620956,0.07599999755620956,0.07599999755620956,0.07599999755620956,0
2023-10-20,0.07800000160932541,0.08399999886751175,0.07800000160932541,0.07999999821186066,0.07999999821186066,296000
2023-10-24,0.07999999821186066,0.08299999684095383,0.07999999821186066,0.07999999821186066,0.07999999821186066,840000
2023-10-25,0.07999999821186066,0.07999999821186066,0.07999999821186066,0.07999999821186066,0.07999999821186066,0
2023-10-26,0.07500000298023224,0.08500000089406967,0.07100000232458115,0.07800000160932541,0.07800000160932541,144500
2023-10-27,0.07800000160932541,0.0820000022649765,0.07800000160932541,0.08100000023841858,0.08100000023841858,32000
2023-10-30,0.07999999821186066,0.07999999821186066,0.07400000095367432,0.07900000363588333,0.07900000363588333,829000
2023-10-31,0.07500000298023224,0.0820000022649765,0.07500000298023224,0.0820000022649765,0.0820000022649765,30000
2023-11-01,0.07599999755620956,0.0820000022649765,0.07599999755620956,0.07900000363588333,0.07900000363588333,8500
2023-11-02,0.07999999821186066,0.08100000023841858,0.07699999958276749,0.08100000023841858,0.08100000023841858,96500
2023-11-03,0.07999999821186066,0.08699999749660492,0.07999999821186066,0.08399999886751175,0.08399999886751175,396000
2023-11-06,0.08699999749660492,0.08699999749660492,0.07999999821186066,0.08299999684095383,0.08299999684095383,28500
2023-11-07,0.0820000022649765,0.0820000022649765,0.07999999821186066,0.0820000022649765,0.0820000022649765,16500
2023-11-08,0.0820000022649765,0.08399999886751175,0.0820000022649765,0.0820000022649765,0.0820000022649765,62000
2023-11-09,0.07900000363588333,0.08100000023841858,0.07900000363588333,0.08100000023841858,0.08100000023841858,427250
2023-11-10,0.07900000363588333,0.08299999684095383,0.07599999755620956,0.07599999755620956,0.07599999755620956,606500
2023-11-13,0.07699999958276749,0.07699999958276749,0.07500000298023224,0.07500000298023224,0.07500000298023224,94000
2023-11-14,0.07699999958276749,0.07900000363588333,0.07500000298023224,0.07900000363588333,0.07900000363588333,302000
2023-11-15,0.07400000095367432,0.08299999684095383,0.07400000095367432,0.08299999684095383,0.08299999684095383,181500
2023-11-16,0.07900000363588333,0.07900000363588333,0.07900000363588333,0.07900000363588333,0.07900000363588333,0
2023-11-17,0.07500000298023224,0.0820000022649765,0.07500000298023224,0.07500000298023224,0.07500000298023224,8000
2023-11-20,0.07699999958276749,0.07699999958276749,0.07500000298023224,0.07500000298023224,0.07500000298023224,601000
2023-11-21,0.07500000298023224,0.07500000298023224,0.07500000298023224,0.07500000298023224,0.07500000298023224,0
2023-11-22,0.07500000298023224,0.07500000298023224,0.07400000095367432,0.07500000298023224,0.07500000298023224,182750
2023-11-23,0.07500000298023224,0.07500000298023224,0.07400000095367432,0.07500000298023224,0.07500000298023224,144000
2023-11-24,0.07500000298023224,0.07500000298023224,0.07500000298023224,0.07500000298023224,0.07500000298023224,26000
2023-11-27,0.07400000095367432,0.07400000095367432,0.07400000095367432,0.07400000095367432,0.07400000095367432,2000
2023-11-28,0.0820000022649765,0.0820000022649765,0.0729999989271164,0.07400000095367432,0.07400000095367432,1018000
2023-11-29,0.07400000095367432,0.07999999821186066,0.06599999964237213,0.07500000298023224,0.07500000298023224,2042000
2023-11-30,0.0689999982714653,0.0729999989271164,0.06800000369548798,0.0729999989271164,0.0729999989271164,346000
2023-12-01,0.0729999989271164,0.0729999989271164,0.06700000166893005,0.0689999982714653,0.0689999982714653,752000
2023-12-04,0.0729999989271164,0.07699999958276749,0.0689999982714653,0.07699999958276749,0.07699999958276749,1830000
2023-12-05,0.07599999755620956,0.07599999755620956,0.07100000232458115,0.07599999755620956,0.07599999755620956,548400
2023-12-06,0.07800000160932541,0.07800000160932541,0.07199999690055847,0.07500000298023224,0.07500000298023224,100000
2023-12-07,0.07500000298023224,0.07500000298023224,0.07500000298023224,0.07500000298023224,0.07500000298023224,0
2023-12-08,0.07900000363588333,0.07699999958276749,0.0689999982714653,0.07500000298023224,0.07500000298023224,714000
2023-12-11,0.07500000298023224,0.07500000298023224,0.06499999761581421,0.07500000298023224,0.07500000298023224,66000
2023-12-12,0.07500000298023224,0.07500000298023224,0.07500000298023224,0.07500000298023224,0.07500000298023224,0
2023-12-13,0.07000000029802322,0.07599999755620956,0.07000000029802322,0.07599999755620956,0.07599999755620956,311000
2023-12-14,0.07599999755620956,0.07599999755620956,0.07599999755620956,0.07599999755620956,0.07599999755620956,8000
2023-12-15,0.07500000298023224,0.07599999755620956,0.07000000029802322,0.07599999755620956,0.07599999755620956,119000
2023-12-18,0.07500000298023224,0.07500000298023224,0.06700000166893005,0.07100000232458115,0.07100000232458115,616500
2023-12-19,0.07100000232458115,0.07100000232458115,0.06400000303983688,0.06700000166893005,0.06700000166893005,350000
2023-12-20,0.07500000298023224,0.07500000298023224,0.06700000166893005,0.06800000369548798,0.06800000369548798,335000
2023-12-21,0.07400000095367432,0.07400000095367432,0.06599999964237213,0.07199999690055847,0.07199999690055847,123000
2023-12-22,0.07500000298023224,0.07500000298023224,0.06700000166893005,0.07100000232458115,0.07100000232458115,20200
2023-12-27,0.06499999761581421,0.07500000298023224,0.06499999761581421,0.06700000166893005,0.06700000166893005,3135500
2023-12-28,0.0689999982714653,0.0689999982714653,0.0689999982714653,0.0689999982714653,0.0689999982714653,1296400
2023-12-29,0.06700000166893005,0.0689999982714653,0.06599999964237213,0.0689999982714653,0.0689999982714653,1414500
2024-01-02,0.06400000303983688,0.07100000232458115,0.06199999898672104,0.0689999982714653,0.0689999982714653,677800
2024-01-03,0.07000000029802322,0.07100000232458115,0.06400000303983688,0.06700000166893005,0.06700000166893005,1818500
2024-01-04,0.06700000166893005,0.07100000232458115,0.06599999964237213,0.06800000369548798,0.06800000369548798,1048000
2024-01-05,0.0689999982714653,0.07000000029802322,0.0689999982714653,0.07000000029802322,0.07000000029802322,1496000
2024-01-08,0.07100000232458115,0.07599999755620956,0.06700000166893005,0.07100000232458115,0.07100000232458115,3919000
2024-01-09,0.07000000029802322,0.07100000232458115,0.06800000369548798,0.07000000029802322,0.07000000029802322,1267500
2024-01-10,0.07000000029802322,0.07000000029802322,0.07000000029802322,0.07000000029802322,0.07000000029802322,0
2024-01-11,0.07000000029802322,0.07000000029802322,0.07000000029802322,0.07000000029802322,0.07000000029802322,0
2024-01-12,0.07000000029802322,0.07000000029802322,0.07000000029802322,0.07000000029802322,0.07000000029802322,0
2024-01-15,0.07000000029802322,0.07000000029802322,0.0689999982714653,0.06800000369548798,0.06800000369548798,484000
2024-01-16,0.06800000369548798,0.07000000029802322,0.06599999964237213,0.06599999964237213,0.06599999964237213,1597500
2024-01-17,0.06700000166893005,0.06700000166893005,0.06499999761581421,0.06599999964237213,0.06599999964237213,1636000
2024-01-18,0.07000000029802322,0.07000000029802322,0.06599999964237213,0.06599999964237213,0.06599999964237213,614000
2024-01-19,0.07500000298023224,0.07500000298023224,0.06400000303983688,0.07000000029802322,0.07000000029802322,3494000
2024-01-22,0.07400000095367432,0.07400000095367432,0.06400000303983688,0.06599999964237213,0.06599999964237213,812000
2024-01-23,0.07400000095367432,0.07400000095367432,0.06499999761581421,0.07199999690055847,0.07199999690055847,44250
2024-01-24,0.07800000160932541,0.07800000160932541,0.06599999964237213,0.0689999982714653,0.0689999982714653,82000
2024-01-25,0.07800000160932541,0.07800000160932541,0.06700000166893005,0.0729999989271164,0.0729999989271164,882000
2024-01-26,0.07800000160932541,0.07800000160932541,0.06800000369548798,0.0689999982714653,0.0689999982714653,415000
2024-01-29,0.06800000369548798,0.07199999690055847,0.06300000101327896,0.07100000232458115,0.07100000232458115,380000
2024-01-30,0.0729999989271164,0.07500000298023224,0.06400000303983688,0.07000000029802322,0.07000000029802322,620000
2024-01-31,0.07500000298023224,0.07500000298023224,0.06700000166893005,0.0689999982714653,0.0689999982714653,321000
2024-02-01,0.06800000369548798,0.07100000232458115,0.06800000369548798,0.06800000369548798,0.06800000369548798,527000
2024-02-02,0.06800000369548798,0.07000000029802322,0.06700000166893005,0.07000000029802322,0.07000000029802322,664000
2024-02-05,0.0689999982714653,0.0689999982714653,0.06800000369548798,0.06599999964237213,0.06599999964237213,48000
2024-02-06,0.07500000298023224,0.07500000298023224,0.06499999761581421,0.06599999964237213,0.06599999964237213,394000
2024-02-07,0.07400000095367432,0.07400000095367432,0.07000000029802322,0.07000000029802322,0.07000000029802322,490500
2024-02-08,0.07000000029802322,0.07000000029802322,0.06599999964237213,0.06599999964237213,0.06599999964237213,46000
2024-02-09,0.06599999964237213,0.06599999964237213,0.06499999761581421,0.06499999761581421,0.06499999761581421,142000
2024-02-14,0.06700000166893005,0.06700000166893005,0.06700000166893005,0.06700000166893005,0.06700000166893005,0
2024-02-15,0.06599999964237213,0.06599999964237213,0.06599999964237213,0.06700000166893005,0.06700000166893005,826000
2024-02-16,0.06599999964237213,0.0689999982714653,0.06599999964237213,0.0689999982714653,0.0689999982714653,196000
2024-02-19,0.06599999964237213,0.06700000166893005,0.06499999761581421,0.06499999761581421,0.06499999761581421,200750
2024-02-20,0.06499999761581421,0.0689999982714653,0.06499999761581421,0.0689999982714653,0.0689999982714653,211000
2024-02-21,0.06599999964237213,0.07000000029802322,0.06599999964237213,0.0689999982714653,0.0689999982714653,414500
2024-02-22,0.06599999964237213,0.0689999982714653,0.06599999964237213,0.0689999982714653,0.0689999982714653,464175
2024-02-23,0.06599999964237213,0.06599999964237213,0.06499999761581421,0.06499999761581421,0.06499999761581421,113200
2024-02-26,0.06499999761581421,0.06599999964237213,0.06499999761581421,0.06599999964237213,0.06599999964237213,47300
2024-02-27,0.06800000369548798,0.0689999982714653,0.06700000166893005,0.0689999982714653,0.0689999982714653,713300
2024-02-28,0.06700000166893005,0.06800000369548798,0.06700000166893005,0.06700000166893005,0.06700000166893005,471000
2024-02-29,0.06800000369548798,0.06800000369548798,0.06700000166893005,0.06700000166893005,0.06700000166893005,140000
2024-03-01,0.06499999761581421,0.06499999761581421,0.06499999761581421,0.06499999761581421,0.06499999761581421,50100
2024-03-04,0.06499999761581421,0.06800000369548798,0.06300000101327896,0.06800000369548798,0.06800000369548798,276000
2024-03-05,0.06400000303983688,0.06800000369548798,0.06400000303983688,0.06800000369548798,0.06800000369548798,5500
2024-03-06,0.06800000369548798,0.06800000369548798,0.06400000303983688,0.06700000166893005,0.06700000166893005,1258000
2024-03-07,0.06499999761581421,0.06499999761581421,0.06400000303983688,0.06400000303983688,0.06400000303983688,1073000
2024-03-08,0.06300000101327896,0.06700000166893005,0.06300000101327896,0.06700000166893005,0.06700000166893005,47250
2024-03-11,0.06700000166893005,0.06700000166893005,0.06400000303983688,0.06700000166893005,0.06700000166893005,6000
2024-03-12,0.06700000166893005,0.07100000232458115,0.0560000017285347,0.0689999982714653,0.0689999982714653,2205000
2024-03-13,0.0729999989271164,0.0729999989271164,0.0689999982714653,0.07199999690055847,0.07199999690055847,1286500
2024-03-14,0.07800000160932541,0.07800000160932541,0.06800000369548798,0.07000000029802322,0.07000000029802322,750000
2024-03-15,0.07800000160932541,0.07800000160932541,0.07000000029802322,0.07199999690055847,0.07199999690055847,1103000
2024-03-18,0.0729999989271164,0.0729999989271164,0.0729999989271164,0.0729999989271164,0.0729999989271164,0
2024-03-19,0.07900000363588333,0.07900000363588333,0.07100000232458115,0.07400000095367432,0.07400000095367432,2536000
2024-03-20,0.07699999958276749,0.07699999958276749,0.06499999761581421,0.07000000029802322,0.07000000029802322,2785500
2024-03-21,0.07500000298023224,0.07500000298023224,0.06400000303983688,0.0689999982714653,0.0689999982714653,1082000
2024-03-22,0.07100000232458115,0.07100000232458115,0.06499999761581421,0.0689999982714653,0.0689999982714653,1237000
2024-03-25,0.07699999958276749,0.07699999958276749,0.06599999964237213,0.06599999964237213,0.06599999964237213,424250
2024-03-26,0.07500000298023224,0.07500000298023224,0.05999999865889549,0.06599999964237213,0.06599999964237213,2120000
2024-03-27,0.0689999982714653,0.0689999982714653,0.061000000685453415,0.061000000685453415,0.061000000685453415,594000
2024-03-28,0.06599999964237213,0.06599999964237213,0.057999998331069946,0.06199999898672104,0.06199999898672104,1382000
2024-04-02,0.07100000232458115,0.07100000232458115,0.05999999865889549,0.06499999761581421,0.06499999761581421,658000
2024-04-03,0.06700000166893005,0.06700000166893005,0.061000000685453415,0.06499999761581421,0.06499999761581421,437000
2024-04-05,0.05999999865889549,0.06599999964237213,0.05999999865889549,0.06599999964237213,0.06599999964237213,605500
2024-04-08,0.06599999964237213,0.06599999964237213,0.061000000685453415,0.06300000101327896,0.06300000101327896,1330000
2024-04-09,0.05999999865889549,0.06599999964237213,0.05999999865889549,0.06300000101327896,0.06300000101327896,1637750
2024-04-10,0.06400000303983688,0.06400000303983688,0.05999999865889549,0.06300000101327896,0.06300000101327896,1627000
2024-04-11,0.05999999865889549,0.06199999898672104,0.05999999865889549,0.06199999898672104,0.06199999898672104,124500
2024-04-12,0.05999999865889549,0.05999999865889549,0.0560000017285347,0.05999999865889549,0.05999999865889549,2100428
2024-04-15,0.06300000101327896,0.06300000101327896,0.06300000101327896,0.06300000101327896,0.06300000101327896,0
2024-04-16,0.06199999898672104,0.06199999898672104,0.057999998331069946,0.06199999898672104,0.06199999898672104,524000
2024-04-17,0.0560000017285347,0.061000000685453415,0.0560000017285347,0.061000000685453415,0.061000000685453415,327000
2024-04-18,0.05999999865889549,0.06499999761581421,0.050999999046325684,0.057999998331069946,0.057999998331069946,13795000
2024-04-19,0.057999998331069946,0.057999998331069946,0.057999998331069946,0.057999998331069946,0.057999998331069946,0
2024-04-22,0.057999998331069946,0.06300000101327896,0.054999999701976776,0.06300000101327896,0.06300000101327896,892800
2024-04-23,0.0560000017285347,0.06700000166893005,0.05299999937415123,0.06599999964237213,0.06599999964237213,2086000
2024-04-24,0.07100000232458115,0.07100000232458115,0.061000000685453415,0.06700000166893005,0.06700000166893005,2541750
2024-04-25,0.07100000232458115,0.07100000232458115,0.061000000685453415,0.06700000166893005,0.06700000166893005,1701000
2024-04-26,0.06400000303983688,0.07000000029802322,0.06400000303983688,0.07000000029802322,0.07000000029802322,6024750
2024-04-29,0.06599999964237213,0.07199999690055847,0.06599999964237213,0.07199999690055847,0.07199999690055847,1120000
2024-04-30,0.07500000298023224,0.09000000357627869,0.07500000298023224,0.08500000089406967,0.08500000089406967,5646950
2024-05-02,0.09000000357627869,0.09000000357627869,0.07699999958276749,0.08299999684095383,0.08299999684095383,2064700
2024-05-03,0.08100000023841858,0.08500000089406967,0.08100000023841858,0.08399999886751175,0.08399999886751175,2433000
2024-05-06,0.07999999821186066,0.0860000029206276,0.07999999821186066,0.08399999886751175,0.08399999886751175,911250
2024-05-07,0.0820000022649765,0.08500000089406967,0.0820000022649765,0.08399999886751175,0.08399999886751175,757500
2024-05-08,0.08299999684095383,0.08399999886751175,0.07699999958276749,0.08100000023841858,0.08100000023841858,2246000
2024-05-09,0.08399999886751175,0.08900000154972076,0.07999999821186066,0.08399999886751175,0.08399999886751175,971000
2024-05-10,0.08699999749660492,0.08699999749660492,0.07800000160932541,0.08299999684095383,0.08299999684095383,1045750
2024-05-13,0.07599999755620956,0.08799999952316284,0.07599999755620956,0.08699999749660492,0.08699999749660492,48500
2024-05-14,0.08399999886751175,0.08399999886751175,0.08399999886751175,0.08399999886751175,0.08399999886751175,0
2024-05-16,0.07699999958276749,0.0860000029206276,0.07699999958276749,0.08399999886751175,0.08399999886751175,133500
2024-05-17,0.07800000160932541,0.08299999684095383,0.07800000160932541,0.0820000022649765,0.0820000022649765,81500
2024-05-20,0.0860000029206276,0.0860000029206276,0.08100000023841858,0.08500000089406967,0.08500000089406967,352000
2024-05-21,0.08299999684095383,0.08299999684095383,0.08299999684095383,0.08299999684095383,0.08299999684095383,0
2024-05-22,0.08299999684095383,0.08799999952316284,0.07999999821186066,0.0860000029206276,0.0860000029206276,1863000
2024-05-23,0.08699999749660492,0.08799999952316284,0.08100000023841858,0.08699999749660492,0.08699999749660492,1491000
2024-05-24,0.08699999749660492,0.08799999952316284,0.07999999821186066,0.08100000023841858,0.08100000023841858,968300
2024-05-27,0.07999999821186066,0.08500000089406967,0.07800000160932541,0.07999999821186066,0.07999999821186066,2228400
2024-05-28,0.08399999886751175,0.08399999886751175,0.07900000363588333,0.0820000022649765,0.0820000022649765,336000
2024-05-29,0.07900000363588333,0.0820000022649765,0.07900000363588333,0.0820000022649765,0.0820000022649765,614500
2024-05-30,0.07800000160932541,0.0820000022649765,0.07800000160932541,0.0820000022649765,0.0820000022649765,324000
2024-05-31,0.07800000160932541,0.08500000089406967,0.07800000160932541,0.0820000022649765,0.0820000022649765,742500
2024-06-03,0.08299999684095383,0.08299999684095383,0.08299999684095383,0.08299999684095383,0.08299999684095383,0
2024-06-04,0.08299999684095383,0.08299999684095383,0.08299999684095383,0.08299999684095383,0.08299999684095383,0
2024-06-05,0.07900000363588333,0.07999999821186066,0.07699999958276749,0.07999999821186066,0.07999999821186066,1177300
2024-06-06,0.0729999989271164,0.07999999821186066,0.0729999989271164,0.07999999821186066,0.07999999821186066,24800
2024-06-07,0.07999999821186066,0.07999999821186066,0.07599999755620956,0.07900000363588333,0.07900000363588333,63000
2024-06-11,0.0729999989271164,0.07800000160932541,0.07199999690055847,0.07500000298023224,0.07500000298023224,748000
2024-06-12,0.07500000298023224,0.14000000059604645,0.07500000298023224,0.09700000286102295,0.09700000286102295,47473000
2024-06-13,0.09700000286102295,0.09700000286102295,0.08299999684095383,0.08699999749660492,0.08699999749660492,8949300
2024-06-14,0.08299999684095383,0.0860000029206276,0.0820000022649765,0.08399999886751175,0.08399999886751175,5013000
2024-06-17,0.08100000023841858,0.08699999749660492,0.07800000160932541,0.07999999821186066,0.07999999821186066,2865600
2024-06-18,0.07800000160932541,0.0820000022649765,0.07699999958276749,0.07999999821186066,0.07999999821186066,1426500
2024-06-19,0.07999999821186066,0.0820000022649765,0.07599999755620956,0.08100000023841858,0.08100000023841858,2839600
2024-06-20,0.08100000023841858,0.08100000023841858,0.08100000023841858,0.08100000023841858,0.08100000023841858,0
2024-06-21,0.07699999958276749,0.08299999684095383,0.07500000298023224,0.07900000363588333,0.07900000363588333,1870000
2024-06-24,0.07699999958276749,0.07900000363588333,0.07500000298023224,0.07500000298023224,0.07500000298023224,1058000
2024-06-25,0.07800000160932541,0.07800000160932541,0.07800000160932541,0.07800000160932541,0.07800000160932541,0
2024-06-26,0.07400000095367432,0.07699999958276749,0.07100000232458115,0.07699999958276749,0.07699999958276749,895750
2024-06-27,0.07199999690055847,0.07599999755620956,0.07000000029802322,0.07500000298023224,0.07500000298023224,872000
2024-06-28,0.07199999690055847,0.0729999989271164,0.07000000029802322,0.07199999690055847,0.07199999690055847,1652000
2024-07-02,0.0689999982714653,0.07400000095367432,0.0689999982714653,0.07100000232458115,0.07100000232458115,1057500
2024-07-03,0.06499999761581421,0.07199999690055847,0.06300000101327896,0.07100000232458115,0.07100000232458115,1132000
2024-07-04,0.06700000166893005,0.07000000029802322,0.06499999761581421,0.07000000029802322,0.07000000029802322,2382000
2024-07-08,0.06400000303983688,0.0689999982714653,0.06400000303983688,0.06800000369548798,0.06800000369548798,1040000
2024-07-09,0.06599999964237213,0.06599999964237213,0.06599999964237213,0.06599999964237213,0.06599999964237213,0
2024-07-10,0.06400000303983688,0.06800000369548798,0.06400000303983688,0.06800000369548798,0.06800000369548798,544500
2024-07-11,0.06400000303983688,0.06800000369548798,0.06400000303983688,0.06800000369548798,0.06800000369548798,200375
2024-07-12,0.06300000101327896,0.06800000369548798,0.06300000101327896,0.06700000166893005,0.06700000166893005,52000
2024-07-15,0.06300000101327896,0.06700000166893005,0.05999999865889549,0.06700000166893005,0.06700000166893005,224000
2024-07-16,0.06599999964237213,0.06599999964237213,0.06599999964237213,0.06599999964237213,0.06599999964237213,0
2024-07-17,0.06199999898672104,0.06599999964237213,0.06199999898672104,0.06499999761581421,0.06499999761581421,948000
2024-07-18,0.06400000303983688,0.06400000303983688,0.06300000101327896,0.06300000101327896,0.06300000101327896,379500
2024-07-19,0.061000000685453415,0.06700000166893005,0.061000000685453415,0.06700000166893005,0.06700000166893005,1638000
2024-07-22,0.06700000166893005,0.06700000166893005,0.06700000166893005,0.06700000166893005,0.06700000166893005,0
2024-07-23,0.06400000303983688,0.06400000303983688,0.06400000303983688,0.06400000303983688,0.06400000303983688,4500
2024-07-24,0.06499999761581421,0.06499999761581421,0.06400000303983688,0.06400000303983688,0.06400000303983688,198000
2024-07-25,0.06700000166893005,0.06700000166893005,0.06700000166893005,0.06700000166893005,0.06700000166893005,0
2024-07-26,0.06700000166893005,0.06700000166893005,0.06700000166893005,0.06700000166893005,0.06700000166893005,0
2024-07-29,0.06199999898672104,0.06400000303983688,0.06199999898672104,0.06400000303983688,0.06400000303983688,885500
2024-07-30,0.06199999898672104,0.06199999898672104,0.061000000685453415,0.06199999898672104,0.06199999898672104,1504000
2024-07-31,0.061000000685453415,0.06199999898672104,0.05999999865889549,0.06199999898672104,0.06199999898672104,256000
2024-08-01,0.05999999865889549,0.06400000303983688,0.05900000035762787,0.06400000303983688,0.06400000303983688,938000
2024-08-02,0.05999999865889549,0.06300000101327896,0.05999999865889549,0.06300000101327896,0.06300000101327896,106000
2024-08-05,0.061000000685453415,0.06300000101327896,0.05999999865889549,0.06199999898672104,0.06199999898672104,110900
2024-08-06,0.06300000101327896,0.06499999761581421,0.05299999937415123,0.054999999701976776,0.054999999701976776,7380000
2024-08-07,0.05299999937415123,0.05900000035762787,0.05299999937415123,0.054999999701976776,0.054999999701976776,2428500
2024-08-08,0.054999999701976776,0.05900000035762787,0.05400000140070915,0.05700000002980232,0.05700000002980232,2287000
2024-08-09,0.054999999701976776,0.06499999761581421,0.054999999701976776,0.06199999898672104,0.06199999898672104,1920000
2024-08-12,0.06199999898672104,0.06400000303983688,0.05700000002980232,0.06400000303983688,0.06400000303983688,74000
2024-08-13,0.06199999898672104,0.06199999898672104,0.06199999898672104,0.06199999898672104,0.06199999898672104,0
2024-08-14,0.057999998331069946,0.06400000303983688,0.057999998331069946,0.06300000101327896,0.06300000101327896,246000
2024-08-15,0.0560000017285347,0.06300000101327896,0.0560000017285347,0.05700000002980232,0.05700000002980232,1223500
2024-08-16,0.05700000002980232,0.057999998331069946,0.05700000002980232,0.057999998331069946,0.057999998331069946,422000
2024-08-19,0.0560000017285347,0.0560000017285347,0.05400000140070915,0.054999999701976776,0.054999999701976776,823500
2024-08-20,0.05700000002980232,0.05700000002980232,0.05700000002980232,0.05700000002980232,0.05700000002980232,0
2024-08-21,0.054999999701976776,0.054999999701976776,0.054999999701976776,0.054999999701976776,0.054999999701976776,0
2024-08-22,0.05400000140070915,0.054999999701976776,0.05299999937415123,0.05299999937415123,0.05299999937415123,1374000
2024-08-23,0.052000001072883606,0.0560000017285347,0.050999999046325684,0.05400000140070915,0.05400000140070915,1585000
2024-08-26,0.052000001072883606,0.05999999865889549,0.052000001072883606,0.05700000002980232,0.05700000002980232,538000
2024-08-27,0.05400000140070915,0.05400000140070915,0.052000001072883606,0.05400000140070915,0.05400000140070915,1021500
2024-08-28,0.05400000140070915,0.05400000140070915,0.05400000140070915,0.05400000140070915,0.05400000140070915,0
2024-08-29,0.050999999046325684,0.05400000140070915,0.050999999046325684,0.05400000140070915,0.05400000140070915,40000
2024-08-30,0.05299999937415123,0.05299999937415123,0.05000000074505806,0.050999999046325684,0.050999999046325684,2418000
2024-09-02,0.050999999046325684,0.052000001072883606,0.050999999046325684,0.052000001072883606,0.052000001072883606,300000
2024-09-03,0.050999999046325684,0.050999999046325684,0.05000000074505806,0.050999999046325684,0.050999999046325684,584000
2024-09-04,0.050999999046325684,0.050999999046325684,0.050999999046325684,0.050999999046325684,0.050999999046325684,0
2024-09-05,0.052000001072883606,0.05400000140070915,0.05000000074505806,0.05400000140070915,0.05400000140070915,136500
2024-09-09,0.05299999937415123,0.05299999937415123,0.05299999937415123,0.05299999937415123,0.05299999937415123,0
2024-09-10,0.05000000074505806,0.052000001072883606,0.04500000178813934,0.04600000008940697,0.04600000008940697,2778000
2024-09-11,0.04500000178813934,0.04500000178813934,0.041999999433755875,0.04500000178813934,0.04500000178813934,1959000
2024-09-12,0.04399999976158142,0.04500000178813934,0.04399999976158142,0.04399999976158142,0.04399999976158142,136000
2024-09-13,0.041999999433755875,0.04399999976158142,0.03999999910593033,0.0430000014603138,0.0430000014603138,658000
2024-09-16,0.03799999877810478,0.04800000041723251,0.03799999877810478,0.04399999976158142,0.04399999976158142,588500
2024-09-17,0.04399999976158142,0.04399999976158142,0.04399999976158142,0.04399999976158142,0.04399999976158142,0
2024-09-19,0.03999999910593033,0.0430000014603138,0.03700000047683716,0.0430000014603138,0.0430000014603138,4816000
2024-09-20,0.041999999433755875,0.04800000041723251,0.04100000113248825,0.04500000178813934,0.04500000178813934,3388000
2024-09-23,0.039000000804662704,0.04100000113248825,0.039000000804662704,0.04100000113248825,0.04100000113248825,946500
2024-09-24,0.0430000014603138,0.04500000178813934,0.03999999910593033,0.041999999433755875,0.041999999433755875,741000
2024-09-25,0.04100000113248825,0.041999999433755875,0.03700000047683716,0.03999999910593033,0.03999999910593033,6606000
2024-09-26,0.03999999910593033,0.04899999871850014,0.039000000804662704,0.04800000041723251,0.04800000041723251,3329000
2024-09-27,0.04600000008940697,0.057999998331069946,0.04500000178813934,0.057999998331069946,0.057999998331069946,14183550
2024-09-30,0.057999998331069946,0.057999998331069946,0.04800000041723251,0.05400000140070915,0.05400000140070915,4730500
2024-10-02,0.05299999937415123,0.057999998331069946,0.052000001072883606,0.057999998331069946,0.057999998331069946,3370500
2024-10-03,0.05900000035762787,0.06700000166893005,0.050999999046325684,0.05700000002980232,0.05700000002980232,7646500
2024-10-04,0.05700000002980232,0.06800000369548798,0.05700000002980232,0.06800000369548798,0.06800000369548798,9307000
2024-10-07,0.06800000369548798,0.07699999958276749,0.06499999761581421,0.07000000029802322,0.07000000029802322,4150550
2024-10-08,0.07000000029802322,0.0820000022649765,0.05700000002980232,0.06300000101327896,0.06300000101327896,12089000
2024-10-09,0.06300000101327896,0.07000000029802322,0.05999999865889549,0.06700000166893005,0.06700000166893005,2902000
2024-10-10,0.05999999865889549,0.06499999761581421,0.05700000002980232,0.06199999898672104,0.06199999898672104,2263500
2024-10-14,0.06199999898672104,0.06199999898672104,0.05700000002980232,0.05999999865889549,0.05999999865889549,256400
2024-10-15,0.05999999865889549,0.06599999964237213,0.05700000002980232,0.06300000101327896,0.06300000101327896,799000
2024-10-16,0.06599999964237213,0.07000000029802322,0.06199999898672104,0.06199999898672104,0.06199999898672104,362000
2024-10-17,0.0689999982714653,0.0689999982714653,0.05999999865889549,0.06499999761581421,0.06499999761581421,597500
2024-10-18,0.06300000101327896,0.06499999761581421,0.06300000101327896,0.06499999761581421,0.06499999761581421,193592
2024-10-21,0.05999999865889549,0.06400000303983688,0.057999998331069946,0.06400000303983688,0.06400000303983688,1610000
2024-10-22,0.05900000035762787,0.05900000035762787,0.05900000035762787,0.05900000035762787,0.05900000035762787,153000
2024-10-23,0.06599999964237213,0.06599999964237213,0.05000000074505806,0.05700000002980232,0.05700000002980232,1205100
2024-10-24,0.05900000035762787,0.05900000035762787,0.052000001072883606,0.05900000035762787,0.05900000035762787,1721500
2024-10-25,0.057999998331069946,0.05999999865889549,0.05400000140070915,0.05900000035762787,0.05900000035762787,1500000
2024-10-28,0.054999999701976776,0.054999999701976776,0.054999999701976776,0.054999999701976776,0.054999999701976776,790000
2024-10-29,0.054999999701976776,0.0560000017285347,0.054999999701976776,0.0560000017285347,0.0560000017285347,635000
2024-10-30,0.054999999701976776,0.057999998331069946,0.054999999701976776,0.057999998331069946,0.057999998331069946,228000
2024-10-31,0.05700000002980232,0.05700000002980232,0.05700000002980232,0.05700000002980232,0.05700000002980232,0
2024-11-01,0.05400000140070915,0.0560000017285347,0.050999999046325684,0.05400000140070915,0.05400000140070915,2762000
2024-11-04,0.052000001072883606,0.05299999937415123,0.050999999046325684,0.05299999937415123,0.05299999937415123,916000
2024-11-05,0.052000001072883606,0.05400000140070915,0.050999999046325684,0.05299999937415123,0.05299999937415123,1884500
2024-11-06,0.05299999937415123,0.05299999937415123,0.052000001072883606,0.05299999937415123,0.05299999937415123,780500
2024-11-07,0.05299999937415123,0.05400000140070915,0.050999999046325684,0.05299999937415123,0.05299999937415123,1314625
2024-11-08,0.05400000140070915,0.05400000140070915,0.050999999046325684,0.052000001072883606,0.052000001072883606,1824000
