Date,Open,High,Low,Close,Adj Close,Volume
2000-01-04,2472.6083984375,2490.14453125,2332.318603515625,2367.39111328125,2367.39111328125,98558
2000-01-05,2314.7822265625,2314.7822265625,1823.7679443359375,2034.20263671875,2034.20263671875,151136
2000-01-06,2069.275146484375,2104.34765625,1613.3331298828125,1771.1591796875,1771.1591796875,103485
2000-01-07,1771.1591796875,1893.912841796875,1613.3331298828125,1841.3040771484375,1841.3040771484375,86998
2000-01-10,2069.275146484375,2086.811279296875,1911.4490966796875,1964.0577392578125,1964.0577392578125,82255
2000-01-11,2139.419921875,2174.492431640625,1858.84033203125,1964.0577392578125,1964.0577392578125,76860
2000-01-12,1823.7679443359375,1946.521484375,1806.231689453125,1893.912841796875,1893.912841796875,49989
2000-01-13,1893.912841796875,1999.1302490234375,1841.3040771484375,1964.0577392578125,1964.0577392578125,62715
2000-01-14,2051.739013671875,2104.34765625,1858.84033203125,1858.84033203125,1858.84033203125,75630
2000-01-17,1964.0577392578125,2279.7099609375,1858.84033203125,2262.173583984375,2262.173583984375,333692
2000-01-18,2297.24609375,2314.7822265625,1999.1302490234375,1999.1302490234375,1999.1302490234375,218228
2000-01-19,2016.6663818359375,2174.492431640625,1981.593994140625,2034.20263671875,2034.20263671875,142899
2000-01-20,2034.20263671875,2104.34765625,1876.3765869140625,1928.9852294921875,1928.9852294921875,74813
2000-01-21,1893.912841796875,1999.1302490234375,1858.84033203125,1964.0577392578125,1964.0577392578125,52029
2000-01-24,2034.20263671875,2034.20263671875,1893.912841796875,1911.4490966796875,1911.4490966796875,36324
2000-01-25,1911.4490966796875,1911.4490966796875,1736.0867919921875,1788.6954345703125,1788.6954345703125,58002
2000-01-26,1823.7679443359375,1876.3765869140625,1806.231689453125,1823.7679443359375,1823.7679443359375,28963
2000-01-27,1823.7679443359375,1964.0577392578125,1788.6954345703125,1858.84033203125,1858.84033203125,62197
2000-01-28,1893.912841796875,1946.521484375,1858.84033203125,1876.3765869140625,1876.3765869140625,42634
2000-01-31,1806.231689453125,1946.521484375,1753.6229248046875,1858.84033203125,1858.84033203125,29404
2000-02-01,1893.912841796875,1911.4490966796875,1823.7679443359375,1841.3040771484375,1841.3040771484375,15478
2000-02-02,1893.912841796875,1893.912841796875,1788.6954345703125,1806.231689453125,1806.231689453125,24754
2000-02-03,1823.7679443359375,1876.3765869140625,1806.231689453125,1876.3765869140625,1876.3765869140625,28039
2000-02-04,1876.3765869140625,1876.3765869140625,1876.3765869140625,1876.3765869140625,1876.3765869140625,0
2000-02-07,1876.3765869140625,1876.3765869140625,1876.3765869140625,1876.3765869140625,1876.3765869140625,0
2000-02-08,1911.4490966796875,1946.521484375,1823.7679443359375,1893.912841796875,1893.912841796875,29447
2000-02-09,1928.9852294921875,2051.739013671875,1893.912841796875,1964.0577392578125,1964.0577392578125,72995
2000-02-10,1788.6954345703125,1823.7679443359375,1753.6229248046875,1788.6954345703125,1788.6954345703125,394987
2000-02-11,1788.6954345703125,1858.84033203125,1665.94189453125,1736.0867919921875,1736.0867919921875,80805
2000-02-14,1753.6229248046875,1806.231689453125,1613.3331298828125,1630.869384765625,1630.869384765625,53391
2000-02-15,1613.3331298828125,1648.4056396484375,1543.188232421875,1613.3331298828125,1613.3331298828125,41194
2000-02-16,1613.3331298828125,1683.47802734375,1578.2607421875,1613.3331298828125,1613.3331298828125,43374
2000-02-17,1613.3331298828125,1648.4056396484375,1578.2607421875,1595.796875,1595.796875,37592
2000-02-18,1648.4056396484375,1736.0867919921875,1613.3331298828125,1648.4056396484375,1648.4056396484375,61765
2000-02-21,1613.3331298828125,1613.3331298828125,1437.9708251953125,1490.57958984375,1490.57958984375,49483
2000-02-22,1455.507080078125,1473.0433349609375,1269.623046875,1381.8548583984375,1381.8548583984375,42774
2000-02-23,1374.8404541015625,1402.8984375,1304.695556640625,1318.7244873046875,1318.7244873046875,25881
2000-02-24,1402.8984375,1402.8984375,1276.6375732421875,1276.6375732421875,1276.6375732421875,40107
2000-02-25,1283.6519775390625,1297.6810302734375,1171.420166015625,1206.4925537109375,1206.4925537109375,38580
2000-02-28,1192.463623046875,1192.463623046875,1010.0868530273438,1066.2027587890625,1066.2027587890625,33454
2000-02-29,1066.2027587890625,1234.550537109375,1045.1593017578125,1220.5216064453125,1220.5216064453125,43155
2000-03-01,1248.57958984375,1325.739013671875,1178.4346923828125,1213.507080078125,1213.507080078125,33610
2000-03-02,1213.507080078125,1262.6085205078125,1143.3621826171875,1178.4346923828125,1178.4346923828125,16130
2000-03-03,1185.4490966796875,1220.5216064453125,1150.376708984375,1164.4056396484375,1164.4056396484375,16488
2000-03-06,1227.5361328125,1311.7099609375,1178.4346923828125,1283.6519775390625,1283.6519775390625,52100
2000-03-07,1276.6375732421875,1276.6375732421875,1227.5361328125,1255.5941162109375,1255.5941162109375,28075
2000-03-08,1227.5361328125,1248.57958984375,1171.420166015625,1185.4490966796875,1185.4490966796875,17994
2000-03-09,1199.4781494140625,1213.507080078125,1101.2752685546875,1115.30419921875,1115.30419921875,25721
2000-03-10,1122.3187255859375,1178.4346923828125,1073.21728515625,1094.2607421875,1094.2607421875,24096
2000-03-13,1094.2607421875,1115.30419921875,1038.144775390625,1059.188232421875,1059.188232421875,15863
2000-03-14,1052.173828125,1066.2027587890625,1010.0868530273438,1024.1158447265625,1024.1158447265625,18298
2000-03-15,1003.0723266601562,1066.2027587890625,1003.0723266601562,1038.144775390625,1038.144775390625,13682
2000-03-16,1052.173828125,1066.2027587890625,911.8839721679688,932.9274291992188,932.9274291992188,16519
2000-03-17,982.0288696289062,1010.0868530273438,939.94189453125,982.0288696289062,982.0288696289062,18390
2000-03-20,939.94189453125,960.9854125976562,911.8839721679688,925.9129638671875,925.9129638671875,13495
2000-03-21,932.9274291992188,946.9564208984375,841.739013671875,855.7680053710938,855.7680053710938,14860
2000-03-22,855.7680053710938,897.85498046875,848.7535400390625,855.7680053710938,855.7680053710938,10971
2000-03-23,876.8114624023438,932.9274291992188,862.7825317382812,918.8984375,918.8984375,24589
2000-03-24,925.9129638671875,960.9854125976562,869.7969970703125,953.9708862304688,953.9708862304688,28766
2000-03-27,982.0288696289062,1038.144775390625,953.9708862304688,967.9998779296875,967.9998779296875,33815
2000-03-28,960.9854125976562,1003.0723266601562,911.8839721679688,932.9274291992188,932.9274291992188,31742
2000-03-29,911.8839721679688,925.9129638671875,876.8114624023438,883.8259887695312,883.8259887695312,11042
2000-03-30,890.8404541015625,890.8404541015625,841.739013671875,862.7825317382812,862.7825317382812,13770
2000-03-31,841.739013671875,841.739013671875,806.6665649414062,813.6810913085938,813.6810913085938,21324
2000-04-03,813.6810913085938,813.6810913085938,694.4346923828125,701.44921875,701.44921875,24614
2000-04-04,701.44921875,701.44921875,701.44921875,701.44921875,701.44921875,0
2000-04-05,680.4057006835938,680.4057006835938,582.2028198242188,610.2608032226562,610.2608032226562,27317
2000-04-06,610.2608032226562,645.333251953125,596.2318115234375,624.289794921875,624.289794921875,14492
2000-04-07,645.333251953125,680.4057006835938,631.3042602539062,645.333251953125,645.333251953125,19157
2000-04-10,652.3477783203125,659.3622436523438,603.2462768554688,610.2608032226562,610.2608032226562,8807
2000-04-11,568.173828125,610.2608032226562,561.1593627929688,610.2608032226562,610.2608032226562,10327
2000-04-12,603.2462768554688,666.376708984375,589.2173461914062,652.3477783203125,652.3477783203125,29103
2000-04-13,624.289794921875,624.289794921875,582.2028198242188,603.2462768554688,603.2462768554688,12089
2000-04-14,596.2318115234375,610.2608032226562,582.2028198242188,603.2462768554688,603.2462768554688,8083
2000-04-17,533.1013793945312,533.1013793945312,469.970947265625,476.9854431152344,476.9854431152344,16518
2000-04-18,519.0723876953125,519.0723876953125,448.927490234375,462.95648193359375,462.95648193359375,18438
2000-04-19,476.9854431152344,491.0144348144531,427.8840026855469,427.8840026855469,427.8840026855469,13740
2000-04-20,420.8695068359375,455.9419860839844,392.8115539550781,441.9129943847656,441.9129943847656,15813
2000-04-21,441.9129943847656,441.9129943847656,441.9129943847656,441.9129943847656,441.9129943847656,0
2000-04-24,441.9129943847656,441.9129943847656,441.9129943847656,441.9129943847656,441.9129943847656,0
2000-04-25,434.89849853515625,455.9419860839844,406.8405456542969,420.8695068359375,420.8695068359375,7641
2000-04-26,455.9419860839844,568.173828125,448.927490234375,462.95648193359375,462.95648193359375,112307
2000-04-27,455.9419860839844,512.0579223632812,455.9419860839844,491.0144348144531,491.0144348144531,47544
2000-04-28,526.0869140625,540.1159057617188,491.0144348144531,526.0869140625,526.0869140625,63799
2000-05-01,526.0869140625,526.0869140625,526.0869140625,526.0869140625,526.0869140625,0
2000-05-02,561.1593627929688,575.1883544921875,540.1159057617188,554.1448364257812,554.1448364257812,73869
2000-05-03,540.1159057617188,547.13037109375,498.0289306640625,519.0723876953125,519.0723876953125,35055
2000-05-04,540.1159057617188,540.1159057617188,505.0434265136719,519.0723876953125,519.0723876953125,18183
2000-05-05,519.0723876953125,561.1593627929688,519.0723876953125,533.1013793945312,533.1013793945312,28634
2000-05-08,547.13037109375,554.1448364257812,505.0434265136719,505.0434265136719,505.0434265136719,14427
2000-05-09,505.0434265136719,505.0434265136719,505.0434265136719,505.0434265136719,505.0434265136719,0
2000-05-10,491.0144348144531,526.0869140625,469.970947265625,483.99993896484375,483.99993896484375,11998
2000-05-11,483.99993896484375,483.99993896484375,483.99993896484375,483.99993896484375,483.99993896484375,0
2000-05-12,491.0144348144531,498.0289306640625,469.970947265625,483.99993896484375,483.99993896484375,9286
2000-05-15,483.99993896484375,519.0723876953125,483.99993896484375,483.99993896484375,483.99993896484375,15736
2000-05-16,498.0289306640625,512.0579223632812,491.0144348144531,512.0579223632812,512.0579223632812,12402
2000-05-17,533.1013793945312,547.13037109375,505.0434265136719,526.0869140625,526.0869140625,28248
2000-05-18,512.0579223632812,561.1593627929688,512.0579223632812,533.1013793945312,533.1013793945312,39007
2000-05-19,547.13037109375,561.1593627929688,526.0869140625,526.0869140625,526.0869140625,27708
2000-05-22,519.0723876953125,519.0723876953125,491.0144348144531,505.0434265136719,505.0434265136719,10686
2000-05-23,505.0434265136719,519.0723876953125,476.9854431152344,483.99993896484375,483.99993896484375,11218
2000-05-24,476.9854431152344,476.9854431152344,455.9419860839844,462.95648193359375,462.95648193359375,10880
2000-05-25,476.9854431152344,476.9854431152344,413.8550109863281,427.8840026855469,427.8840026855469,14447
2000-05-26,406.8405456542969,420.8695068359375,399.8260498046875,399.8260498046875,399.8260498046875,9500
2000-05-29,392.8115539550781,420.8695068359375,392.8115539550781,420.8695068359375,420.8695068359375,4547
2000-05-30,420.8695068359375,420.8695068359375,420.8695068359375,420.8695068359375,420.8695068359375,0
2000-05-31,420.8695068359375,434.89849853515625,406.8405456542969,413.8550109863281,413.8550109863281,16921
2000-06-01,406.8405456542969,427.8840026855469,399.8260498046875,399.8260498046875,399.8260498046875,10073
2000-06-02,420.8695068359375,441.9129943847656,406.8405456542969,427.8840026855469,427.8840026855469,30573
2000-06-05,455.9419860839844,469.970947265625,434.89849853515625,469.970947265625,469.970947265625,76724
2000-06-06,469.970947265625,469.970947265625,469.970947265625,469.970947265625,469.970947265625,0
2000-06-07,476.9854431152344,505.0434265136719,455.9419860839844,469.970947265625,469.970947265625,64158
2000-06-08,476.9854431152344,476.9854431152344,434.89849853515625,434.89849853515625,434.89849853515625,27789
2000-06-09,434.89849853515625,462.95648193359375,434.89849853515625,448.927490234375,448.927490234375,29008
2000-06-12,455.9419860839844,469.970947265625,434.89849853515625,462.95648193359375,462.95648193359375,36527
2000-06-13,448.927490234375,455.9419860839844,413.8550109863281,427.8840026855469,427.8840026855469,34696
2000-06-14,434.89849853515625,441.9129943847656,413.8550109863281,420.8695068359375,420.8695068359375,24669
2000-06-15,441.9129943847656,441.9129943847656,413.8550109863281,420.8695068359375,420.8695068359375,23337
2000-06-16,427.8840026855469,427.8840026855469,413.8550109863281,413.8550109863281,413.8550109863281,27063
2000-06-19,420.8695068359375,434.89849853515625,413.8550109863281,420.8695068359375,420.8695068359375,15861
2000-06-20,434.89849853515625,434.89849853515625,399.8260498046875,406.8405456542969,406.8405456542969,24745
2000-06-21,413.8550109863281,420.8695068359375,399.8260498046875,413.8550109863281,413.8550109863281,20323
2000-06-22,441.9129943847656,441.9129943847656,399.8260498046875,406.8405456542969,406.8405456542969,8334
2000-06-23,399.8260498046875,406.8405456542969,385.79705810546875,392.8115539550781,392.8115539550781,9634
2000-06-26,385.79705810546875,392.8115539550781,371.76806640625,371.76806640625,371.76806640625,10394
2000-06-27,392.8115539550781,392.8115539550781,357.73907470703125,364.7535705566406,364.7535705566406,13913
2000-06-28,357.73907470703125,364.7535705566406,347.21734619140625,350.724609375,350.724609375,18113
2000-06-29,357.73907470703125,371.76806640625,347.21734619140625,350.724609375,350.724609375,17194
2000-06-30,350.724609375,357.73907470703125,347.21734619140625,350.724609375,350.724609375,10774
2000-07-03,350.724609375,371.76806640625,350.724609375,350.724609375,350.724609375,15961
2000-07-04,350.724609375,357.73907470703125,343.7101135253906,343.7101135253906,343.7101135253906,9226
2000-07-05,343.7101135253906,343.7101135253906,329.6811218261719,333.1883544921875,333.1883544921875,23473
2000-07-06,329.6811218261719,329.6811218261719,298.11590576171875,301.6231384277344,301.6231384277344,29652
2000-07-07,312.1448974609375,315.6521301269531,298.11590576171875,308.63763427734375,308.63763427734375,18322
2000-07-10,315.6521301269531,326.17388916015625,305.1304016113281,322.6666259765625,322.6666259765625,26373
2000-07-11,322.6666259765625,322.6666259765625,305.1304016113281,308.63763427734375,308.63763427734375,21440
2000-07-12,308.63763427734375,364.7535705566406,308.63763427734375,364.7535705566406,364.7535705566406,89888
2000-07-13,406.8405456542969,406.8405456542969,357.73907470703125,364.7535705566406,364.7535705566406,108863
2000-07-14,378.7825622558594,378.7825622558594,350.724609375,357.73907470703125,357.73907470703125,25307
2000-07-17,371.76806640625,371.76806640625,343.7101135253906,357.73907470703125,357.73907470703125,29437
2000-07-18,357.73907470703125,357.73907470703125,340.2028503417969,340.2028503417969,340.2028503417969,11485
2000-07-19,357.73907470703125,357.73907470703125,340.2028503417969,340.2028503417969,340.2028503417969,11485
2000-07-20,326.17388916015625,329.6811218261719,319.1593933105469,326.17388916015625,326.17388916015625,18838
2000-07-21,336.69561767578125,343.7101135253906,329.6811218261719,333.1883544921875,333.1883544921875,22639
2000-07-24,336.69561767578125,364.7535705566406,329.6811218261719,357.73907470703125,357.73907470703125,45793
2000-07-25,350.724609375,350.724609375,333.1883544921875,336.69561767578125,336.69561767578125,17043
2000-07-26,347.21734619140625,347.21734619140625,336.69561767578125,340.2028503417969,340.2028503417969,18079
2000-07-27,329.6811218261719,340.2028503417969,326.17388916015625,329.6811218261719,329.6811218261719,12830
2000-07-28,319.1593933105469,326.17388916015625,312.1448974609375,315.6521301269531,315.6521301269531,12787
2000-07-31,301.6231384277344,308.63763427734375,294.6086730957031,301.6231384277344,301.6231384277344,20931
2000-08-01,308.63763427734375,315.6521301269531,298.11590576171875,298.11590576171875,298.11590576171875,11650
2000-08-02,294.6086730957031,294.6086730957031,277.0724182128906,284.0869140625,284.0869140625,21198
2000-08-03,284.0869140625,291.1014099121094,284.0869140625,284.0869140625,284.0869140625,9842
2000-08-04,287.59417724609375,294.6086730957031,287.59417724609375,291.1014099121094,291.1014099121094,10050
2000-08-07,287.59417724609375,294.6086730957031,284.0869140625,294.6086730957031,294.6086730957031,9652
2000-08-08,301.6231384277344,301.6231384277344,284.0869140625,291.1014099121094,291.1014099121094,5626
2000-08-09,287.59417724609375,312.1448974609375,280.5796813964844,312.1448974609375,312.1448974609375,29211
2000-08-10,308.63763427734375,315.6521301269531,298.11590576171875,298.11590576171875,298.11590576171875,26516
2000-08-11,301.6231384277344,312.1448974609375,294.6086730957031,312.1448974609375,312.1448974609375,22921
2000-08-14,298.11590576171875,308.63763427734375,287.59417724609375,287.59417724609375,287.59417724609375,21097
2000-08-15,294.6086730957031,301.6231384277344,294.6086730957031,294.6086730957031,294.6086730957031,19345
2000-08-16,298.11590576171875,312.1448974609375,294.6086730957031,301.6231384277344,301.6231384277344,31521
2000-08-17,305.1304016113281,340.2028503417969,305.1304016113281,340.2028503417969,340.2028503417969,113483
2000-08-18,340.2028503417969,343.7101135253906,315.6521301269531,319.1593933105469,319.1593933105469,45374
2000-08-21,315.6521301269531,319.1593933105469,308.63763427734375,312.1448974609375,312.1448974609375,20113
2000-08-22,315.6521301269531,326.17388916015625,312.1448974609375,312.1448974609375,312.1448974609375,23240
2000-08-23,312.1448974609375,319.1593933105469,301.6231384277344,301.6231384277344,301.6231384277344,14220
2000-08-24,301.6231384277344,305.1304016113281,294.6086730957031,294.6086730957031,294.6086730957031,12228
2000-08-25,301.6231384277344,301.6231384277344,291.1014099121094,298.11590576171875,298.11590576171875,7761
2000-08-28,291.1014099121094,301.6231384277344,291.1014099121094,294.6086730957031,294.6086730957031,7433
2000-08-29,301.6231384277344,301.6231384277344,291.1014099121094,291.1014099121094,291.1014099121094,5465
2000-08-30,291.1014099121094,298.11590576171875,291.1014099121094,291.1014099121094,291.1014099121094,5126
2000-08-31,291.1014099121094,298.11590576171875,287.59417724609375,287.59417724609375,287.59417724609375,9214
2000-09-01,298.11590576171875,298.11590576171875,291.1014099121094,294.6086730957031,294.6086730957031,8886
2000-09-04,294.6086730957031,308.63763427734375,294.6086730957031,308.63763427734375,308.63763427734375,12271
2000-09-05,308.63763427734375,319.1593933105469,301.6231384277344,308.63763427734375,308.63763427734375,24025
2000-09-06,305.1304016113281,308.63763427734375,301.6231384277344,301.6231384277344,301.6231384277344,6582
2000-09-07,294.6086730957031,301.6231384277344,291.1014099121094,294.6086730957031,294.6086730957031,7601
2000-09-08,287.59417724609375,298.11590576171875,287.59417724609375,291.1014099121094,291.1014099121094,5725
2000-09-11,287.59417724609375,287.59417724609375,280.5796813964844,284.0869140625,284.0869140625,7773
2000-09-12,280.5796813964844,280.5796813964844,263.04345703125,273.565185546875,273.565185546875,10139
2000-09-13,273.565185546875,273.565185546875,273.565185546875,273.565185546875,273.565185546875,0
2000-09-14,270.0579528808594,273.565185546875,259.53619384765625,259.53619384765625,259.53619384765625,6049
2000-09-15,266.5506896972656,273.565185546875,263.04345703125,270.0579528808594,270.0579528808594,15590
2000-09-18,252.52171325683594,263.04345703125,234.9854736328125,234.9854736328125,234.9854736328125,15707
2000-09-19,217.44924926757812,238.4927215576172,206.92750549316406,238.4927215576172,238.4927215576172,11288
2000-09-20,241.99996948242188,241.99996948242188,224.4637451171875,224.4637451171875,224.4637451171875,9223
2000-09-21,224.4637451171875,224.4637451171875,203.42027282714844,203.42027282714844,203.42027282714844,8912
2000-09-22,196.40577697753906,199.91302490234375,182.3767852783203,192.89852905273438,192.89852905273438,19434
2000-09-25,213.94200134277344,213.94200134277344,196.40577697753906,203.42027282714844,203.42027282714844,7980
2000-09-26,203.42027282714844,203.42027282714844,185.884033203125,189.3912811279297,189.3912811279297,9323
2000-09-27,189.3912811279297,192.89852905273438,178.86953735351562,192.89852905273438,192.89852905273438,13608
2000-09-28,192.89852905273438,206.92750549316406,189.3912811279297,206.92750549316406,206.92750549316406,22122
2000-09-29,210.43475341796875,213.94200134277344,196.40577697753906,203.42027282714844,203.42027282714844,12504
2000-10-02,203.42027282714844,203.42027282714844,203.42027282714844,203.42027282714844,203.42027282714844,0
2000-10-03,196.40577697753906,199.91302490234375,192.89852905273438,196.40577697753906,196.40577697753906,2878
2000-10-04,189.3912811279297,196.40577697753906,189.3912811279297,192.89852905273438,192.89852905273438,6127
2000-10-05,192.89852905273438,203.42027282714844,192.89852905273438,196.40577697753906,196.40577697753906,6180
2000-10-06,196.40577697753906,196.40577697753906,196.40577697753906,196.40577697753906,196.40577697753906,0
2000-10-09,196.40577697753906,196.40577697753906,182.3767852783203,182.3767852783203,182.3767852783203,5170
2000-10-10,189.3912811279297,192.89852905273438,185.884033203125,185.884033203125,185.884033203125,3643
2000-10-11,175.3623046875,182.3767852783203,175.3623046875,178.86953735351562,178.86953735351562,5802
2000-10-12,172.55650329589844,175.3623046875,163.4376678466797,171.1536102294922,171.1536102294922,9702
2000-10-13,164.84056091308594,165.54200744628906,159.930419921875,164.84056091308594,164.84056091308594,6697
2000-10-16,164.84056091308594,164.84056091308594,164.84056091308594,164.84056091308594,164.84056091308594,0
2000-10-17,154.31881713867188,161.33331298828125,145.90142822265625,145.90142822265625,145.90142822265625,9719
2000-10-18,142.39418029785156,142.39418029785156,131.87245178222656,133.2753448486328,133.2753448486328,8479
2000-10-19,126.26085662841797,133.2753448486328,119.2463607788086,127.66374969482422,127.66374969482422,10806
2000-10-20,136.7825927734375,139.58839416503906,135.37969970703125,135.37969970703125,135.37969970703125,10075
2000-10-23,134.67823791503906,147.30433654785156,130.46954345703125,138.88693237304688,138.88693237304688,12628
2000-10-24,133.2753448486328,136.08114624023438,130.46954345703125,130.46954345703125,130.46954345703125,4456
2000-10-25,129.76809692382812,133.2753448486328,126.26085662841797,133.2753448486328,133.2753448486328,2586
2000-10-26,126.9623031616211,136.08114624023438,126.9623031616211,133.2753448486328,133.2753448486328,1893
2000-10-27,133.2753448486328,133.2753448486328,133.2753448486328,133.2753448486328,133.2753448486328,0
2000-10-30,132.5738983154297,137.48403930664062,132.5738983154297,136.7825927734375,136.7825927734375,1072
2000-10-31,133.97679138183594,150.11012268066406,133.97679138183594,148.7072296142578,148.7072296142578,10911
2000-11-01,151.51303100585938,164.84056091308594,150.8115692138672,164.1391143798828,164.1391143798828,26142
2000-11-02,166.9449005126953,173.25794982910156,156.4231719970703,161.33331298828125,161.33331298828125,12995
2000-11-03,161.33331298828125,171.8550567626953,159.22897338867188,169.04925537109375,169.04925537109375,14008
2000-11-06,169.75070190429688,196.40577697753906,169.75070190429688,196.40577697753906,196.40577697753906,34994
2000-11-07,196.40577697753906,220.9564971923828,182.3767852783203,210.43475341796875,210.43475341796875,34704
2000-11-08,206.92750549316406,227.9709930419922,203.42027282714844,206.92750549316406,206.92750549316406,52955
2000-11-09,196.40577697753906,213.94200134277344,189.3912811279297,203.42027282714844,203.42027282714844,21869
2000-11-10,196.40577697753906,220.9564971923828,196.40577697753906,217.44924926757812,217.44924926757812,35124
2000-11-13,210.43475341796875,210.43475341796875,185.884033203125,199.91302490234375,199.91302490234375,31299
2000-11-14,203.42027282714844,210.43475341796875,196.40577697753906,210.43475341796875,210.43475341796875,37696
2000-11-15,217.44924926757812,217.44924926757812,189.3912811279297,189.3912811279297,189.3912811279297,23750
2000-11-16,189.3912811279297,192.89852905273438,178.86953735351562,185.884033203125,185.884033203125,10940
2000-11-17,175.3623046875,178.86953735351562,168.34780883789062,173.9593963623047,173.9593963623047,9503
2000-11-20,189.3912811279297,189.3912811279297,175.3623046875,175.3623046875,175.3623046875,5197
2000-11-21,172.55650329589844,178.86953735351562,168.34780883789062,178.86953735351562,178.86953735351562,4631
2000-11-22,178.86953735351562,178.86953735351562,170.4521484375,170.4521484375,170.4521484375,3116
2000-11-23,168.34780883789062,168.34780883789062,161.33331298828125,162.7362060546875,162.7362060546875,5180
2000-11-24,168.34780883789062,168.34780883789062,161.33331298828125,164.84056091308594,164.84056091308594,2345
2000-11-27,164.84056091308594,165.54200744628906,155.7217254638672,163.4376678466797,163.4376678466797,2842
2000-11-28,160.63186645507812,163.4376678466797,155.7217254638672,157.82606506347656,157.82606506347656,2951
2000-11-29,151.51303100585938,153.61737060546875,147.30433654785156,150.8115692138672,150.8115692138672,1933
2000-11-30,150.8115692138672,150.8115692138672,144.49853515625,145.90142822265625,145.90142822265625,258487
2000-12-01,144.49853515625,157.12461853027344,140.2898406982422,155.020263671875,155.020263671875,3940
2000-12-04,155.7217254638672,155.7217254638672,149.40867614746094,149.40867614746094,149.40867614746094,1556
2000-12-05,150.8115692138672,150.8115692138672,140.9912872314453,148.0057830810547,148.0057830810547,2290
2000-12-06,155.7217254638672,165.54200744628906,154.31881713867188,165.54200744628906,165.54200744628906,7812
2000-12-07,159.22897338867188,159.22897338867188,151.51303100585938,156.4231719970703,156.4231719970703,2188
2000-12-08,153.61737060546875,159.930419921875,153.61737060546875,155.7217254638672,155.7217254638672,3361
2000-12-11,155.7217254638672,155.7217254638672,150.8115692138672,152.91592407226562,152.91592407226562,1693
2000-12-12,154.31881713867188,157.82606506347656,150.11012268066406,155.7217254638672,155.7217254638672,4721
2000-12-13,154.31881713867188,155.7217254638672,147.30433654785156,149.40867614746094,149.40867614746094,949
2000-12-14,149.40867614746094,153.61737060546875,149.40867614746094,152.91592407226562,152.91592407226562,1790
2000-12-15,147.30433654785156,147.30433654785156,143.09564208984375,143.09564208984375,143.09564208984375,1827
2000-12-18,140.2898406982422,144.49853515625,140.2898406982422,143.79708862304688,143.79708862304688,1265
2000-12-19,143.09564208984375,143.09564208984375,130.46954345703125,133.2753448486328,133.2753448486328,6115
2000-12-20,130.46954345703125,131.87245178222656,122.75360870361328,127.66374969482422,127.66374969482422,2998
2000-12-21,125.55940246582031,125.55940246582031,116.44056701660156,119.94781494140625,119.94781494140625,5135
2000-12-22,119.2463607788086,119.2463607788086,113.634765625,116.44056701660156,116.44056701660156,6627
2000-12-25,116.44056701660156,116.44056701660156,116.44056701660156,116.44056701660156,116.44056701660156,0
2000-12-26,116.44056701660156,116.44056701660156,116.44056701660156,116.44056701660156,116.44056701660156,0
2000-12-27,117.84346771240234,122.05216217041016,117.84346771240234,120.64926147460938,120.64926147460938,1639
2000-12-28,119.94781494140625,119.94781494140625,112.93331909179688,117.14201354980469,117.14201354980469,2417
2000-12-29,115.73912048339844,122.05216217041016,115.73912048339844,122.05216217041016,122.05216217041016,1719
2001-01-01,122.05216217041016,122.05216217041016,122.05216217041016,122.05216217041016,122.05216217041016,0
2001-01-02,120.64926147460938,122.75360870361328,117.84346771240234,117.84346771240234,117.84346771240234,1879
2001-01-03,116.44056701660156,118.54491424560547,115.03766632080078,115.03766632080078,115.03766632080078,3090
2001-01-04,117.84346771240234,122.75360870361328,117.84346771240234,121.3507080078125,121.3507080078125,4755
2001-01-05,119.2463607788086,122.75360870361328,119.2463607788086,119.94781494140625,119.94781494140625,4827
2001-01-08,117.14201354980469,119.94781494140625,114.33621978759766,114.33621978759766,114.33621978759766,3138
2001-01-09,113.634765625,122.75360870361328,113.634765625,122.75360870361328,122.75360870361328,1901
2001-01-10,122.75360870361328,126.26085662841797,121.3507080078125,125.55940246582031,125.55940246582031,6466
2001-01-11,123.4550552368164,123.4550552368164,115.03766632080078,115.73912048339844,115.73912048339844,1360
2001-01-12,117.14201354980469,119.2463607788086,116.44056701660156,119.2463607788086,119.2463607788086,3157
2001-01-15,119.2463607788086,119.2463607788086,114.33621978759766,114.33621978759766,114.33621978759766,1568
2001-01-16,115.03766632080078,117.14201354980469,113.634765625,113.634765625,113.634765625,1839
2001-01-17,113.634765625,113.634765625,107.32172393798828,107.32172393798828,107.32172393798828,2674
2001-01-18,105.21737670898438,112.23187255859375,105.21737670898438,110.82897186279297,110.82897186279297,2363
2001-01-19,111.5304183959961,123.4550552368164,111.5304183959961,123.4550552368164,123.4550552368164,3868
2001-01-22,123.4550552368164,126.26085662841797,119.2463607788086,121.3507080078125,121.3507080078125,3378
2001-01-23,119.2463607788086,129.76809692382812,119.2463607788086,129.76809692382812,129.76809692382812,4091
2001-01-24,129.76809692382812,129.76809692382812,129.76809692382812,129.76809692382812,129.76809692382812,0
2001-01-25,129.76809692382812,129.76809692382812,129.76809692382812,129.76809692382812,129.76809692382812,0
2001-01-26,129.76809692382812,129.76809692382812,129.76809692382812,129.76809692382812,129.76809692382812,0
2001-01-29,129.76809692382812,132.5738983154297,117.14201354980469,121.3507080078125,121.3507080078125,2346
2001-01-30,118.54491424560547,122.75360870361328,116.44056701660156,119.2463607788086,119.2463607788086,2111
2001-01-31,117.84346771240234,119.94781494140625,117.84346771240234,119.2463607788086,119.2463607788086,939
2001-02-01,120.64926147460938,122.75360870361328,118.54491424560547,118.54491424560547,118.54491424560547,2067
2001-02-02,121.3507080078125,121.3507080078125,117.84346771240234,118.54491424560547,118.54491424560547,2874
2001-02-05,117.14201354980469,120.64926147460938,117.14201354980469,119.2463607788086,119.2463607788086,989
2001-02-06,117.14201354980469,120.64926147460938,115.73912048339844,120.64926147460938,120.64926147460938,1053
2001-02-07,120.64926147460938,122.75360870361328,117.84346771240234,118.54491424560547,118.54491424560547,995
2001-02-08,117.84346771240234,118.54491424560547,116.44056701660156,116.44056701660156,116.44056701660156,1297
2001-02-09,117.84346771240234,119.2463607788086,115.03766632080078,117.14201354980469,117.14201354980469,1069
2001-02-12,117.14201354980469,122.75360870361328,115.73912048339844,122.75360870361328,122.75360870361328,1676
2001-02-13,122.75360870361328,122.75360870361328,116.44056701660156,118.54491424560547,118.54491424560547,2318
2001-02-14,122.75360870361328,122.75360870361328,117.14201354980469,117.84346771240234,117.84346771240234,747
2001-02-15,117.84346771240234,118.54491424560547,115.03766632080078,117.84346771240234,117.84346771240234,667
2001-02-16,115.73912048339844,117.84346771240234,115.03766632080078,117.84346771240234,117.84346771240234,1226
2001-02-19,114.33621978759766,117.84346771240234,114.33621978759766,117.84346771240234,117.84346771240234,16902
2001-02-20,113.634765625,119.2463607788086,113.634765625,116.44056701660156,116.44056701660156,3743
2001-02-21,112.23187255859375,118.54491424560547,112.23187255859375,114.33621978759766,114.33621978759766,373
2001-02-22,112.23187255859375,115.73912048339844,112.23187255859375,113.634765625,113.634765625,2106
2001-02-23,114.33621978759766,114.33621978759766,112.93331909179688,114.33621978759766,114.33621978759766,3408
2001-02-26,115.03766632080078,115.03766632080078,112.23187255859375,112.23187255859375,112.23187255859375,3709
2001-02-27,112.23187255859375,114.33621978759766,112.23187255859375,112.23187255859375,112.23187255859375,1824
2001-02-28,110.82897186279297,112.23187255859375,109.42607116699219,110.82897186279297,110.82897186279297,2745
2001-03-01,112.23187255859375,112.23187255859375,105.21737670898438,105.21737670898438,105.21737670898438,3427
2001-03-02,103.81448364257812,106.62027740478516,103.81448364257812,105.91883087158203,105.91883087158203,2887
2001-03-05,101.71013641357422,104.51593017578125,101.00868225097656,103.11302947998047,103.11302947998047,1417
2001-03-06,101.71013641357422,108.02317810058594,98.20288848876953,108.02317810058594,108.02317810058594,6532
2001-03-07,108.72462463378906,108.72462463378906,103.11302947998047,103.11302947998047,103.11302947998047,1226
2001-03-08,100.30723571777344,104.51593017578125,100.30723571777344,103.11302947998047,103.11302947998047,1203
2001-03-09,103.11302947998047,104.51593017578125,100.30723571777344,100.30723571777344,100.30723571777344,1674
2001-03-12,98.20288848876953,98.90433502197266,92.59129333496094,97.50143432617188,97.50143432617188,4986
2001-03-13,92.59129333496094,92.59129333496094,87.68115234375,91.18839263916016,91.18839263916016,2018
2001-03-14,91.18839263916016,91.18839263916016,91.18839263916016,91.18839263916016,91.18839263916016,0
2001-03-15,80.66665649414062,84.17390441894531,79.9652099609375,83.47245025634766,83.47245025634766,1953
2001-03-16,78.56230926513672,83.47245025634766,73.65216827392578,78.56230926513672,78.56230926513672,2235
2001-03-19,75.05506134033203,78.56230926513672,70.84636688232422,71.54781341552734,71.54781341552734,3569
2001-03-20,73.65216827392578,73.65216827392578,68.04057312011719,68.74201965332031,68.74201965332031,4593
2001-03-21,64.5333251953125,69.44346618652344,63.83187484741211,63.83187484741211,63.83187484741211,7007
2001-03-22,61.7275276184082,61.7275276184082,56.115936279296875,57.51883316040039,57.51883316040039,8930
2001-03-23,57.51883316040039,62.428977966308594,57.51883316040039,62.428977966308594,62.428977966308594,3893
2001-03-26,63.130428314208984,64.5333251953125,58.92173385620117,61.7275276184082,61.7275276184082,3247
2001-03-27,61.7275276184082,63.130428314208984,59.6231803894043,61.7275276184082,61.7275276184082,3227
2001-03-28,64.5333251953125,67.33911895751953,59.6231803894043,61.02607727050781,61.02607727050781,2500
2001-03-29,59.6231803894043,61.02607727050781,57.51883316040039,61.02607727050781,61.02607727050781,4350
2001-03-30,58.92173385620117,58.92173385620117,56.115936279296875,57.51883316040039,57.51883316040039,2785
2001-04-02,56.8173828125,63.130428314208984,56.8173828125,63.130428314208984,63.130428314208984,2657
2001-04-03,63.130428314208984,63.130428314208984,57.51883316040039,57.51883316040039,57.51883316040039,975
2001-04-04,56.115936279296875,56.115936279296875,52.60868835449219,54.713035583496094,54.713035583496094,1539
2001-04-05,54.713035583496094,54.713035583496094,54.713035583496094,54.713035583496094,54.713035583496094,0
2001-04-06,56.115936279296875,57.51883316040039,54.0115852355957,54.0115852355957,54.0115852355957,5388
2001-04-09,52.60868835449219,56.115936279296875,52.60868835449219,55.414485931396484,55.414485931396484,3977
2001-04-10,54.713035583496094,56.115936279296875,52.60868835449219,54.713035583496094,54.713035583496094,1439
2001-04-11,54.0115852355957,60.32463073730469,54.0115852355957,57.51883316040039,57.51883316040039,6275
2001-04-12,56.115936279296875,60.32463073730469,56.115936279296875,59.6231803894043,59.6231803894043,5248
2001-04-13,59.6231803894043,59.6231803894043,59.6231803894043,59.6231803894043,59.6231803894043,0
2001-04-16,59.6231803894043,59.6231803894043,59.6231803894043,59.6231803894043,59.6231803894043,0
2001-04-17,55.414485931396484,57.51883316040039,55.414485931396484,56.115936279296875,56.115936279296875,1553
2001-04-18,58.92173385620117,63.130428314208984,56.115936279296875,62.428977966308594,62.428977966308594,4924
2001-04-19,68.04057312011719,68.04057312011719,61.02607727050781,63.83187484741211,63.83187484741211,21843
2001-04-20,63.83187484741211,79.26375579833984,63.130428314208984,65.93622589111328,65.93622589111328,85021
2001-04-23,67.33911895751953,73.65216827392578,67.33911895751953,68.74201965332031,68.74201965332031,20007
2001-04-24,68.04057312011719,73.65216827392578,65.23477172851562,71.54781341552734,71.54781341552734,20440
2001-04-25,72.95071411132812,75.05506134033203,70.1449203491211,72.249267578125,72.249267578125,43678
2001-04-26,72.95071411132812,75.05506134033203,70.1449203491211,72.249267578125,72.249267578125,43678
2001-04-27,75.05506134033203,77.8608627319336,73.65216827392578,75.05506134033203,75.05506134033203,18071
2001-04-30,75.05506134033203,75.05506134033203,75.05506134033203,75.05506134033203,75.05506134033203,0
2001-05-01,75.05506134033203,75.05506134033203,75.05506134033203,75.05506134033203,75.05506134033203,0
2001-05-02,75.75651550292969,79.26375579833984,75.75651550292969,77.15940856933594,77.15940856933594,11128
2001-05-03,77.15940856933594,85.57679748535156,77.15940856933594,82.77100372314453,82.77100372314453,29879
2001-05-04,79.26375579833984,82.77100372314453,78.56230926513672,82.0695571899414,82.0695571899414,14801
2001-05-07,82.77100372314453,85.57679748535156,82.77100372314453,82.77100372314453,82.77100372314453,14025
2001-05-08,82.0695571899414,82.77100372314453,76.45796203613281,77.15940856933594,77.15940856933594,10137
2001-05-09,75.05506134033203,81.36810302734375,75.05506134033203,77.15940856933594,77.15940856933594,8091
2001-05-10,77.15940856933594,79.26375579833984,74.3536148071289,75.75651550292969,75.75651550292969,4754
2001-05-11,76.45796203613281,76.45796203613281,72.95071411132812,74.3536148071289,74.3536148071289,2197
2001-05-14,70.1449203491211,73.65216827392578,70.1449203491211,71.54781341552734,71.54781341552734,1957
2001-05-15,70.1449203491211,73.65216827392578,70.1449203491211,72.95071411132812,72.95071411132812,2711
2001-05-16,72.95071411132812,74.3536148071289,71.54781341552734,74.3536148071289,74.3536148071289,3524
2001-05-17,77.15940856933594,84.87535095214844,73.65216827392578,79.26375579833984,79.26375579833984,11238
2001-05-18,79.26375579833984,79.9652099609375,77.8608627319336,77.8608627319336,77.8608627319336,3487
2001-05-21,77.8608627319336,80.66665649414062,77.8608627319336,78.56230926513672,78.56230926513672,4492
2001-05-22,80.66665649414062,84.17390441894531,80.66665649414062,82.0695571899414,82.0695571899414,18242
2001-05-23,83.47245025634766,89.7854995727539,82.77100372314453,85.57679748535156,85.57679748535156,26071
2001-05-24,82.77100372314453,85.57679748535156,81.36810302734375,84.87535095214844,84.87535095214844,14239
2001-05-25,84.17390441894531,89.7854995727539,84.17390441894531,86.97969818115234,86.97969818115234,53044
2001-05-28,86.97969818115234,96.79998779296875,86.97969818115234,93.99419403076172,93.99419403076172,57921
2001-05-29,95.39708709716797,96.79998779296875,86.27825164794922,86.97969818115234,86.97969818115234,35392
2001-05-30,84.17390441894531,86.97969818115234,80.66665649414062,82.77100372314453,82.77100372314453,17423
2001-05-31,82.77100372314453,84.17390441894531,79.26375579833984,82.77100372314453,82.77100372314453,16873
2001-06-01,84.17390441894531,85.57679748535156,82.77100372314453,83.47245025634766,83.47245025634766,10224
2001-06-04,82.77100372314453,85.57679748535156,82.0695571899414,83.47245025634766,83.47245025634766,12616
2001-06-05,83.47245025634766,88.38259887695312,78.56230926513672,84.17390441894531,84.17390441894531,20628
2001-06-06,83.47245025634766,85.57679748535156,82.77100372314453,84.17390441894531,84.17390441894531,15938
2001-06-07,79.26375579833984,82.77100372314453,79.26375579833984,82.77100372314453,82.77100372314453,7709
2001-06-08,83.47245025634766,86.97969818115234,82.77100372314453,84.17390441894531,84.17390441894531,22804
2001-06-11,84.17390441894531,94.69564056396484,84.17390441894531,94.69564056396484,94.69564056396484,71818
2001-06-12,95.39708709716797,103.81448364257812,91.18839263916016,99.60578155517578,99.60578155517578,73636
2001-06-13,100.30723571777344,101.00868225097656,88.38259887695312,95.39708709716797,95.39708709716797,37733
2001-06-14,90.48694610595703,94.69564056396484,86.27825164794922,86.27825164794922,86.27825164794922,16910
2001-06-15,83.47245025634766,85.57679748535156,77.8608627319336,85.57679748535156,85.57679748535156,9899
2001-06-18,85.57679748535156,85.57679748535156,82.0695571899414,84.17390441894531,84.17390441894531,3421
2001-06-19,82.77100372314453,82.77100372314453,79.9652099609375,81.36810302734375,81.36810302734375,4848
2001-06-20,85.57679748535156,85.57679748535156,81.36810302734375,83.47245025634766,83.47245025634766,4619
2001-06-21,84.17390441894531,86.27825164794922,83.47245025634766,84.17390441894531,84.17390441894531,9523
2001-06-22,85.57679748535156,85.57679748535156,81.36810302734375,82.77100372314453,82.77100372314453,6810
2001-06-25,82.77100372314453,82.77100372314453,82.77100372314453,82.77100372314453,82.77100372314453,0
2001-06-26,82.77100372314453,83.47245025634766,80.66665649414062,80.66665649414062,80.66665649414062,4087
2001-06-27,77.8608627319336,82.0695571899414,77.8608627319336,80.66665649414062,80.66665649414062,2677
2001-06-28,79.9652099609375,79.9652099609375,77.8608627319336,79.26375579833984,79.26375579833984,2976
2001-06-29,81.36810302734375,81.36810302734375,79.26375579833984,81.36810302734375,81.36810302734375,3315
2001-07-02,81.36810302734375,81.36810302734375,81.36810302734375,81.36810302734375,81.36810302734375,0
2001-07-03,81.36810302734375,83.47245025634766,77.15940856933594,81.36810302734375,81.36810302734375,2731
2001-07-04,77.15940856933594,80.66665649414062,77.15940856933594,79.26375579833984,79.26375579833984,955
2001-07-05,79.26375579833984,79.26375579833984,77.15940856933594,77.15940856933594,77.15940856933594,835
2001-07-06,77.15940856933594,77.15940856933594,77.15940856933594,77.15940856933594,77.15940856933594,0
2001-07-09,74.3536148071289,79.9652099609375,73.65216827392578,79.26375579833984,79.26375579833984,1111
2001-07-10,77.15940856933594,79.9652099609375,73.65216827392578,78.56230926513672,78.56230926513672,2112
2001-07-11,73.65216827392578,77.8608627319336,72.95071411132812,72.95071411132812,72.95071411132812,1539
2001-07-12,73.65216827392578,74.3536148071289,70.1449203491211,72.95071411132812,72.95071411132812,7686
2001-07-13,72.95071411132812,72.95071411132812,66.6376724243164,67.33911895751953,67.33911895751953,5209
2001-07-16,68.04057312011719,71.54781341552734,68.04057312011719,68.04057312011719,68.04057312011719,3008
2001-07-17,64.5333251953125,65.23477172851562,62.428977966308594,65.23477172851562,65.23477172851562,1685
2001-07-18,62.428977966308594,69.44346618652344,62.428977966308594,69.44346618652344,69.44346618652344,1371
2001-07-19,61.7275276184082,68.04057312011719,61.7275276184082,63.130428314208984,63.130428314208984,1462
2001-07-20,70.1449203491211,70.1449203491211,61.7275276184082,68.04057312011719,68.04057312011719,327
2001-07-23,66.6376724243164,66.6376724243164,63.130428314208984,63.130428314208984,63.130428314208984,940
2001-07-24,62.428977966308594,67.33911895751953,62.428977966308594,63.130428314208984,63.130428314208984,128
2001-07-25,63.130428314208984,63.130428314208984,63.130428314208984,63.130428314208984,63.130428314208984,0
2001-07-26,63.130428314208984,67.33911895751953,63.130428314208984,63.83187484741211,63.83187484741211,1511
2001-07-27,63.83187484741211,66.6376724243164,63.83187484741211,66.6376724243164,66.6376724243164,3874
2001-07-30,65.23477172851562,66.6376724243164,63.83187484741211,65.23477172851562,65.23477172851562,1360
2001-07-31,66.6376724243164,66.6376724243164,63.130428314208984,63.130428314208984,63.130428314208984,1254
2001-08-01,63.83187484741211,73.65216827392578,63.83187484741211,73.65216827392578,73.65216827392578,2018
2001-08-02,70.84636688232422,71.54781341552734,66.6376724243164,67.33911895751953,67.33911895751953,3156
2001-08-03,66.6376724243164,66.6376724243164,64.5333251953125,66.6376724243164,66.6376724243164,987
2001-08-06,63.130428314208984,63.83187484741211,61.7275276184082,63.130428314208984,63.130428314208984,3521
2001-08-07,61.7275276184082,63.130428314208984,59.6231803894043,63.130428314208984,63.130428314208984,3221
2001-08-08,63.130428314208984,63.130428314208984,60.32463073730469,61.7275276184082,61.7275276184082,2996
2001-08-09,59.6231803894043,66.6376724243164,58.92173385620117,66.6376724243164,66.6376724243164,2369
2001-08-10,66.6376724243164,66.6376724243164,61.02607727050781,61.02607727050781,61.02607727050781,2335
2001-08-13,56.8173828125,66.6376724243164,56.8173828125,66.6376724243164,66.6376724243164,4100
2001-08-14,60.32463073730469,63.130428314208984,60.32463073730469,63.130428314208984,63.130428314208984,2731
2001-08-15,60.32463073730469,65.93622589111328,60.32463073730469,65.93622589111328,65.93622589111328,2223
2001-08-16,63.130428314208984,63.130428314208984,61.02607727050781,61.02607727050781,61.02607727050781,912
2001-08-17,62.428977966308594,65.23477172851562,61.02607727050781,65.23477172851562,65.23477172851562,433
2001-08-20,60.32463073730469,65.93622589111328,60.32463073730469,65.93622589111328,65.93622589111328,672
2001-08-21,61.02607727050781,63.130428314208984,61.02607727050781,61.7275276184082,61.7275276184082,230
2001-08-22,63.130428314208984,63.130428314208984,60.32463073730469,60.32463073730469,60.32463073730469,1488
2001-08-23,61.02607727050781,63.83187484741211,60.32463073730469,61.02607727050781,61.02607727050781,3179
2001-08-24,59.6231803894043,61.02607727050781,57.51883316040039,57.51883316040039,57.51883316040039,2044
2001-08-27,56.115936279296875,56.115936279296875,56.115936279296875,56.115936279296875,56.115936279296875,898
2001-08-28,56.115936279296875,56.115936279296875,56.115936279296875,56.115936279296875,56.115936279296875,42
2001-08-29,56.115936279296875,56.115936279296875,53.31013870239258,53.31013870239258,53.31013870239258,1111
2001-08-30,56.115936279296875,59.6231803894043,53.31013870239258,54.713035583496094,54.713035583496094,1382
2001-08-31,52.60868835449219,53.31013870239258,52.60868835449219,53.31013870239258,53.31013870239258,2072
2001-09-03,51.20579147338867,51.20579147338867,50.50434112548828,50.50434112548828,50.50434112548828,2067
2001-09-04,49.101444244384766,50.50434112548828,49.101444244384766,50.50434112548828,50.50434112548828,213
2001-09-05,50.50434112548828,52.60868835449219,50.50434112548828,52.60868835449219,52.60868835449219,786
2001-09-06,54.713035583496094,61.7275276184082,52.60868835449219,54.0115852355957,54.0115852355957,2055
2001-09-07,51.20579147338867,51.20579147338867,49.101444244384766,49.101444244384766,49.101444244384766,3715
2001-09-10,46.29564666748047,46.99709701538086,46.29564666748047,46.29564666748047,46.29564666748047,1850
2001-09-11,49.80289077758789,49.80289077758789,49.80289077758789,49.80289077758789,49.80289077758789,57
2001-09-12,39.98260498046875,42.086952209472656,39.98260498046875,42.086952209472656,42.086952209472656,4261
2001-09-13,39.98260498046875,46.29564666748047,39.98260498046875,44.19129943847656,44.19129943847656,2109
2001-09-14,40.684051513671875,49.101444244384766,40.684051513671875,43.48984909057617,43.48984909057617,1294
2001-09-17,38.57970428466797,43.48984909057617,38.57970428466797,43.48984909057617,43.48984909057617,1288
2001-09-18,40.684051513671875,40.684051513671875,32.26666259765625,34.371009826660156,34.371009826660156,11131
2001-09-19,29.460866928100586,34.371009826660156,29.460866928100586,29.460866928100586,29.460866928100586,12149
2001-09-20,25.25217056274414,30.8637638092041,25.25217056274414,28.057966232299805,28.057966232299805,6275
2001-09-21,28.057966232299805,29.460866928100586,28.057966232299805,28.057966232299805,28.057966232299805,2452
2001-09-24,28.057966232299805,28.057966232299805,28.057966232299805,28.057966232299805,28.057966232299805,0
2001-09-25,31.56521224975586,33.669559478759766,28.759416580200195,28.759416580200195,28.759416580200195,3849
2001-09-26,29.460866928100586,29.460866928100586,28.057966232299805,28.759416580200195,28.759416580200195,5787
2001-09-27,26.65506935119629,29.460866928100586,26.65506935119629,28.759416580200195,28.759416580200195,2141
2001-09-28,28.759416580200195,28.759416580200195,28.759416580200195,28.759416580200195,28.759416580200195,0
2001-10-01,28.759416580200195,28.759416580200195,28.759416580200195,28.759416580200195,28.759416580200195,0
2001-10-02,28.759416580200195,28.759416580200195,28.759416580200195,28.759416580200195,28.759416580200195,0
2001-10-03,36.47535705566406,37.878257751464844,33.669559478759766,34.371009826660156,34.371009826660156,4105
2001-10-04,35.07246017456055,36.47535705566406,32.96811294555664,35.07246017456055,35.07246017456055,12171
2001-10-05,35.77390670776367,44.19129943847656,34.371009826660156,44.19129943847656,44.19129943847656,10361
2001-10-08,44.89274978637695,50.50434112548828,37.878257751464844,47.698543548583984,47.698543548583984,27286
2001-10-09,53.31013870239258,53.31013870239258,46.29564666748047,49.101444244384766,49.101444244384766,22354
2001-10-10,48.399993896484375,50.50434112548828,46.29564666748047,49.101444244384766,49.101444244384766,11339
2001-10-11,49.80289077758789,52.60868835449219,47.698543548583984,50.50434112548828,50.50434112548828,15198
2001-10-12,49.101444244384766,49.80289077758789,47.698543548583984,47.698543548583984,47.698543548583984,5086
2001-10-15,43.48984909057617,43.48984909057617,41.385501861572266,42.086952209472656,42.086952209472656,22972
2001-10-16,41.385501861572266,44.19129943847656,41.385501861572266,44.19129943847656,44.19129943847656,3350
2001-10-17,46.29564666748047,46.99709701538086,40.684051513671875,42.086952209472656,42.086952209472656,3308
2001-10-18,38.57970428466797,39.98260498046875,38.57970428466797,38.57970428466797,38.57970428466797,7470
2001-10-19,38.57970428466797,42.086952209472656,37.878257751464844,37.878257751464844,37.878257751464844,5348
2001-10-22,37.878257751464844,39.28115463256836,37.17680740356445,37.878257751464844,37.878257751464844,2617
2001-10-23,39.98260498046875,44.19129943847656,39.98260498046875,41.385501861572266,41.385501861572266,24235
2001-10-24,41.385501861572266,43.48984909057617,41.385501861572266,42.78839874267578,42.78839874267578,18156
2001-10-25,42.78839874267578,42.78839874267578,42.78839874267578,42.78839874267578,42.78839874267578,0
2001-10-26,43.48984909057617,46.29564666748047,42.78839874267578,42.78839874267578,42.78839874267578,9959
2001-10-29,42.78839874267578,44.89274978637695,42.086952209472656,42.086952209472656,42.086952209472656,12417
2001-10-30,42.086952209472656,44.19129943847656,41.385501861572266,44.19129943847656,44.19129943847656,7099
2001-10-31,42.78839874267578,42.78839874267578,42.086952209472656,42.78839874267578,42.78839874267578,5331
2001-11-01,42.78839874267578,56.115936279296875,42.78839874267578,47.698543548583984,47.698543548583984,45143
2001-11-02,52.60868835449219,52.60868835449219,48.399993896484375,49.101444244384766,49.101444244384766,19828
2001-11-05,49.80289077758789,49.80289077758789,46.29564666748047,46.29564666748047,46.29564666748047,7454
2001-11-06,46.29564666748047,47.698543548583984,44.89274978637695,45.59419631958008,45.59419631958008,9926
2001-11-07,46.99709701538086,46.99709701538086,44.89274978637695,44.89274978637695,44.89274978637695,4453
2001-11-08,49.101444244384766,49.80289077758789,45.59419631958008,48.399993896484375,48.399993896484375,7336
2001-11-09,48.399993896484375,48.399993896484375,48.399993896484375,48.399993896484375,48.399993896484375,0
2001-11-12,46.29564666748047,48.399993896484375,44.19129943847656,44.19129943847656,44.19129943847656,4638
2001-11-13,45.59419631958008,48.399993896484375,45.59419631958008,45.59419631958008,45.59419631958008,3079
2001-11-14,48.399993896484375,54.0115852355957,47.698543548583984,51.90724182128906,51.90724182128906,35567
2001-11-15,56.8173828125,58.22028350830078,49.80289077758789,51.90724182128906,51.90724182128906,36088
2001-11-16,50.50434112548828,54.713035583496094,50.50434112548828,52.60868835449219,52.60868835449219,20481
2001-11-19,51.90724182128906,57.51883316040039,51.90724182128906,56.8173828125,56.8173828125,49292
2001-11-20,57.51883316040039,61.7275276184082,56.115936279296875,58.22028350830078,58.22028350830078,61104
2001-11-21,57.51883316040039,58.22028350830078,54.713035583496094,54.713035583496094,54.713035583496094,11185
2001-11-22,54.713035583496094,58.22028350830078,54.713035583496094,58.22028350830078,58.22028350830078,15573
2001-11-23,57.51883316040039,59.6231803894043,57.51883316040039,58.22028350830078,58.22028350830078,11020
2001-11-26,58.22028350830078,59.6231803894043,57.51883316040039,58.22028350830078,58.22028350830078,16736
2001-11-27,55.414485931396484,57.51883316040039,55.414485931396484,56.8173828125,56.8173828125,7371
2001-11-28,55.414485931396484,55.414485931396484,54.0115852355957,54.713035583496094,54.713035583496094,6301
2001-11-29,52.60868835449219,54.0115852355957,52.60868835449219,54.0115852355957,54.0115852355957,3296
2001-11-30,54.0115852355957,56.115936279296875,54.0115852355957,55.414485931396484,55.414485931396484,4071
2001-12-03,54.713035583496094,54.713035583496094,52.60868835449219,54.0115852355957,54.0115852355957,2322
2001-12-04,53.31013870239258,56.115936279296875,53.31013870239258,56.115936279296875,56.115936279296875,6235
2001-12-05,56.115936279296875,58.22028350830078,56.115936279296875,57.51883316040039,57.51883316040039,11322
2001-12-06,58.92173385620117,59.6231803894043,56.115936279296875,57.51883316040039,57.51883316040039,17942
2001-12-07,58.22028350830078,58.22028350830078,54.713035583496094,54.713035583496094,54.713035583496094,5842
2001-12-10,53.31013870239258,56.115936279296875,53.31013870239258,56.115936279296875,56.115936279296875,2854
2001-12-11,56.115936279296875,57.51883316040039,55.414485931396484,57.51883316040039,57.51883316040039,3119
2001-12-12,56.115936279296875,69.44346618652344,56.115936279296875,65.93622589111328,65.93622589111328,73342
2001-12-13,66.6376724243164,67.33911895751953,56.115936279296875,59.6231803894043,59.6231803894043,31470
2001-12-14,60.32463073730469,65.93622589111328,58.22028350830078,63.83187484741211,63.83187484741211,31608
2001-12-17,63.130428314208984,63.130428314208984,58.22028350830078,58.92173385620117,58.92173385620117,12765
2001-12-18,60.32463073730469,60.32463073730469,56.8173828125,56.8173828125,56.8173828125,8103
2001-12-19,56.8173828125,59.6231803894043,56.115936279296875,56.115936279296875,56.115936279296875,9697
2001-12-20,54.713035583496094,56.8173828125,54.713035583496094,55.414485931396484,55.414485931396484,4761
2001-12-21,54.713035583496094,54.713035583496094,52.60868835449219,54.713035583496094,54.713035583496094,3344
2001-12-24,54.713035583496094,55.414485931396484,54.713035583496094,55.414485931396484,55.414485931396484,2306
2001-12-25,55.414485931396484,55.414485931396484,55.414485931396484,55.414485931396484,55.414485931396484,0
2001-12-26,55.414485931396484,55.414485931396484,55.414485931396484,55.414485931396484,55.414485931396484,0
2001-12-27,54.713035583496094,54.713035583496094,53.31013870239258,53.31013870239258,53.31013870239258,7923
2001-12-28,52.60868835449219,54.0115852355957,52.60868835449219,54.0115852355957,54.0115852355957,1859
2001-12-31,54.713035583496094,54.713035583496094,54.0115852355957,54.0115852355957,54.0115852355957,792
2002-01-01,54.0115852355957,54.0115852355957,54.0115852355957,54.0115852355957,54.0115852355957,0
2002-01-02,53.31013870239258,58.92173385620117,53.31013870239258,58.92173385620117,58.92173385620117,19673
2002-01-03,58.92173385620117,58.92173385620117,58.92173385620117,58.92173385620117,58.92173385620117,0
2002-01-04,59.6231803894043,61.02607727050781,58.22028350830078,59.6231803894043,59.6231803894043,25752
2002-01-07,58.92173385620117,60.32463073730469,58.22028350830078,59.6231803894043,59.6231803894043,13968
2002-01-08,58.92173385620117,59.6231803894043,56.8173828125,58.92173385620117,58.92173385620117,13264
2002-01-09,56.8173828125,58.92173385620117,56.115936279296875,57.51883316040039,57.51883316040039,5260
2002-01-10,54.713035583496094,60.32463073730469,54.713035583496094,60.32463073730469,60.32463073730469,20249
2002-01-11,60.32463073730469,63.130428314208984,58.92173385620117,60.32463073730469,60.32463073730469,47609
2002-01-14,58.92173385620117,58.92173385620117,57.51883316040039,57.51883316040039,57.51883316040039,9072
2002-01-15,56.8173828125,56.8173828125,55.414485931396484,56.115936279296875,56.115936279296875,12311
2002-01-16,56.115936279296875,56.8173828125,54.0115852355957,54.0115852355957,54.0115852355957,19656
2002-01-17,54.0115852355957,56.115936279296875,54.0115852355957,54.713035583496094,54.713035583496094,9725
2002-01-18,56.115936279296875,56.115936279296875,53.31013870239258,53.31013870239258,53.31013870239258,5762
2002-01-21,54.0115852355957,54.0115852355957,53.31013870239258,53.31013870239258,53.31013870239258,1120
2002-01-22,51.20579147338867,53.31013870239258,51.20579147338867,52.60868835449219,52.60868835449219,1083
2002-01-23,52.60868835449219,52.60868835449219,51.20579147338867,51.90724182128906,51.90724182128906,3464
2002-01-24,52.60868835449219,56.8173828125,50.50434112548828,51.20579147338867,51.20579147338867,13486
2002-01-25,54.0115852355957,54.713035583496094,51.20579147338867,54.0115852355957,54.0115852355957,4604
2002-01-28,54.0115852355957,54.0115852355957,51.90724182128906,52.60868835449219,52.60868835449219,2024
2002-01-29,59.6231803894043,59.6231803894043,51.90724182128906,52.60868835449219,52.60868835449219,4408
2002-01-30,51.20579147338867,52.60868835449219,51.20579147338867,52.60868835449219,52.60868835449219,1044
2002-01-31,52.60868835449219,52.60868835449219,52.60868835449219,52.60868835449219,52.60868835449219,0
2002-02-01,51.90724182128906,53.31013870239258,49.80289077758789,51.90724182128906,51.90724182128906,3720
2002-02-04,46.99709701538086,51.20579147338867,46.99709701538086,48.399993896484375,48.399993896484375,3216
2002-02-05,46.99709701538086,48.399993896484375,41.385501861572266,46.29564666748047,46.29564666748047,1106
2002-02-06,46.29564666748047,47.698543548583984,46.29564666748047,47.698543548583984,47.698543548583984,2095
2002-02-07,45.59419631958008,47.698543548583984,45.59419631958008,47.698543548583984,47.698543548583984,1442
2002-02-08,46.29564666748047,49.101444244384766,46.29564666748047,49.101444244384766,49.101444244384766,3891
2002-02-11,46.29564666748047,49.101444244384766,46.29564666748047,49.101444244384766,49.101444244384766,926
2002-02-12,49.101444244384766,49.101444244384766,49.101444244384766,49.101444244384766,49.101444244384766,0
2002-02-13,49.101444244384766,49.101444244384766,49.101444244384766,49.101444244384766,49.101444244384766,0
2002-02-14,49.101444244384766,49.101444244384766,49.101444244384766,49.101444244384766,49.101444244384766,0
2002-02-15,48.399993896484375,51.20579147338867,48.399993896484375,49.80289077758789,49.80289077758789,1690
2002-02-18,49.101444244384766,51.20579147338867,49.101444244384766,50.50434112548828,50.50434112548828,2823
2002-02-19,49.101444244384766,49.80289077758789,47.698543548583984,47.698543548583984,47.698543548583984,2009
2002-02-20,47.698543548583984,49.101444244384766,47.698543548583984,47.698543548583984,47.698543548583984,2095
2002-02-21,47.698543548583984,47.698543548583984,39.28115463256836,41.385501861572266,41.385501861572266,38620
2002-02-22,37.17680740356445,38.57970428466797,37.17680740356445,38.57970428466797,38.57970428466797,18158
2002-02-25,37.17680740356445,39.28115463256836,35.77390670776367,36.47535705566406,36.47535705566406,13295
2002-02-26,36.47535705566406,36.47535705566406,35.77390670776367,36.47535705566406,36.47535705566406,5780
2002-02-27,35.77390670776367,36.47535705566406,35.07246017456055,35.77390670776367,35.77390670776367,14755
2002-02-28,35.07246017456055,35.77390670776367,35.07246017456055,35.07246017456055,35.07246017456055,12982
2002-03-01,35.07246017456055,35.77390670776367,33.669559478759766,33.669559478759766,33.669559478759766,12184
2002-03-04,33.669559478759766,34.371009826660156,33.669559478759766,34.371009826660156,34.371009826660156,6018
2002-03-05,35.07246017456055,35.07246017456055,33.669559478759766,35.07246017456055,35.07246017456055,8613
2002-03-06,34.371009826660156,36.47535705566406,34.371009826660156,35.77390670776367,35.77390670776367,17731
2002-03-07,35.77390670776367,37.17680740356445,35.77390670776367,37.17680740356445,37.17680740356445,16966
2002-03-08,36.47535705566406,37.17680740356445,35.77390670776367,35.77390670776367,35.77390670776367,8422
2002-03-11,36.47535705566406,37.17680740356445,35.07246017456055,35.77390670776367,35.77390670776367,21524
2002-03-12,35.77390670776367,36.47535705566406,35.07246017456055,36.47535705566406,36.47535705566406,8739
2002-03-13,35.07246017456055,36.47535705566406,35.07246017456055,35.77390670776367,35.77390670776367,3150
2002-03-14,35.07246017456055,36.47535705566406,34.371009826660156,35.07246017456055,35.07246017456055,15045
2002-03-15,35.07246017456055,35.07246017456055,34.371009826660156,34.371009826660156,34.371009826660156,11447
2002-03-18,34.371009826660156,35.07246017456055,33.669559478759766,35.07246017456055,35.07246017456055,10529
2002-03-19,35.07246017456055,35.07246017456055,34.371009826660156,34.371009826660156,34.371009826660156,2637
2002-03-20,35.07246017456055,35.77390670776367,34.371009826660156,35.07246017456055,35.07246017456055,9161
2002-03-21,34.371009826660156,35.07246017456055,34.371009826660156,34.371009826660156,34.371009826660156,9853
2002-03-22,34.371009826660156,36.47535705566406,34.371009826660156,36.47535705566406,36.47535705566406,10023
2002-03-25,35.77390670776367,35.77390670776367,35.07246017456055,35.07246017456055,35.07246017456055,7949
2002-03-26,35.07246017456055,35.07246017456055,34.371009826660156,35.07246017456055,35.07246017456055,11460
2002-03-27,35.07246017456055,35.07246017456055,35.07246017456055,35.07246017456055,35.07246017456055,6979
2002-03-28,34.371009826660156,35.77390670776367,34.371009826660156,35.07246017456055,35.07246017456055,6187
2002-03-29,35.07246017456055,35.07246017456055,35.07246017456055,35.07246017456055,35.07246017456055,0
2002-04-01,35.07246017456055,35.07246017456055,35.07246017456055,35.07246017456055,35.07246017456055,0
2002-04-02,35.07246017456055,35.77390670776367,34.371009826660156,35.07246017456055,35.07246017456055,9201
2002-04-03,35.07246017456055,35.07246017456055,35.07246017456055,35.07246017456055,35.07246017456055,5331
2002-04-04,34.371009826660156,35.07246017456055,34.371009826660156,35.07246017456055,35.07246017456055,2407
2002-04-05,35.07246017456055,35.07246017456055,35.07246017456055,35.07246017456055,35.07246017456055,0
2002-04-08,35.07246017456055,35.77390670776367,34.371009826660156,35.77390670776367,35.77390670776367,3767
2002-04-09,34.371009826660156,35.77390670776367,34.371009826660156,35.77390670776367,35.77390670776367,3236
2002-04-10,35.77390670776367,35.77390670776367,34.371009826660156,35.07246017456055,35.07246017456055,1777
2002-04-11,35.77390670776367,35.77390670776367,35.07246017456055,35.07246017456055,35.07246017456055,3242
2002-04-12,33.669559478759766,35.77390670776367,33.669559478759766,35.77390670776367,35.77390670776367,9520
2002-04-15,37.17680740356445,37.17680740356445,35.77390670776367,37.17680740356445,37.17680740356445,6614
2002-04-16,36.47535705566406,36.47535705566406,35.77390670776367,36.47535705566406,36.47535705566406,5098
2002-04-17,36.47535705566406,37.17680740356445,35.77390670776367,36.47535705566406,36.47535705566406,3746
2002-04-18,36.47535705566406,36.47535705566406,35.07246017456055,35.07246017456055,35.07246017456055,7213
2002-04-19,35.07246017456055,35.77390670776367,35.07246017456055,35.07246017456055,35.07246017456055,1146
2002-04-22,34.371009826660156,36.47535705566406,34.371009826660156,36.47535705566406,36.47535705566406,2795
2002-04-23,35.07246017456055,41.385501861572266,35.07246017456055,40.684051513671875,40.684051513671875,67049
2002-04-24,40.684051513671875,40.684051513671875,37.878257751464844,37.878257751464844,37.878257751464844,37565
2002-04-25,37.17680740356445,38.57970428466797,36.47535705566406,37.17680740356445,37.17680740356445,11099
2002-04-26,36.47535705566406,37.17680740356445,36.47535705566406,36.47535705566406,36.47535705566406,11584
2002-04-29,35.77390670776367,37.17680740356445,35.77390670776367,37.17680740356445,37.17680740356445,4131
2002-04-30,36.47535705566406,39.28115463256836,36.47535705566406,37.878257751464844,37.878257751464844,20698
2002-05-01,37.878257751464844,37.878257751464844,37.878257751464844,37.878257751464844,37.878257751464844,0
2002-05-02,38.57970428466797,42.086952209472656,37.878257751464844,40.684051513671875,40.684051513671875,93282
2002-05-03,42.086952209472656,44.19129943847656,41.385501861572266,42.086952209472656,42.086952209472656,50100
2002-05-06,40.684051513671875,42.78839874267578,40.684051513671875,41.385501861572266,41.385501861572266,18463
2002-05-07,42.086952209472656,50.50434112548828,42.086952209472656,50.50434112548828,50.50434112548828,153900
2002-05-08,50.50434112548828,50.50434112548828,46.29564666748047,46.29564666748047,46.29564666748047,53614
2002-05-09,47.698543548583984,47.698543548583984,43.48984909057617,44.89274978637695,44.89274978637695,38782
2002-05-10,44.89274978637695,45.59419631958008,43.48984909057617,44.89274978637695,44.89274978637695,15026
2002-05-13,44.89274978637695,44.89274978637695,42.78839874267578,44.19129943847656,44.19129943847656,5377
2002-05-14,44.19129943847656,47.698543548583984,43.48984909057617,44.89274978637695,44.89274978637695,35295
2002-05-15,44.89274978637695,45.59419631958008,44.19129943847656,44.19129943847656,44.19129943847656,15678
2002-05-16,44.19129943847656,44.89274978637695,44.19129943847656,44.19129943847656,44.19129943847656,12981
2002-05-17,44.19129943847656,46.29564666748047,44.19129943847656,45.59419631958008,45.59419631958008,16012
2002-05-20,45.59419631958008,45.59419631958008,45.59419631958008,45.59419631958008,45.59419631958008,0
2002-05-21,44.89274978637695,44.89274978637695,42.086952209472656,42.78839874267578,42.78839874267578,10521
2002-05-22,42.086952209472656,42.78839874267578,39.98260498046875,42.086952209472656,42.086952209472656,31999
2002-05-23,42.086952209472656,42.086952209472656,40.684051513671875,41.385501861572266,41.385501861572266,9095
2002-05-24,41.385501861572266,42.086952209472656,39.98260498046875,39.98260498046875,39.98260498046875,6743
2002-05-27,39.98260498046875,40.684051513671875,39.28115463256836,39.28115463256836,39.28115463256836,13748
2002-05-28,40.684051513671875,44.19129943847656,39.98260498046875,41.385501861572266,41.385501861572266,29496
2002-05-29,40.684051513671875,41.385501861572266,39.98260498046875,40.684051513671875,40.684051513671875,6586
2002-05-30,39.98260498046875,41.385501861572266,39.98260498046875,39.98260498046875,39.98260498046875,18661
2002-05-31,39.98260498046875,40.684051513671875,39.28115463256836,39.28115463256836,39.28115463256836,6133
2002-06-03,39.28115463256836,40.684051513671875,39.28115463256836,39.28115463256836,39.28115463256836,10714
2002-06-04,39.98260498046875,39.98260498046875,39.98260498046875,39.98260498046875,39.98260498046875,8530
2002-06-05,39.28115463256836,41.385501861572266,38.57970428466797,40.684051513671875,40.684051513671875,27223
2002-06-06,40.684051513671875,40.684051513671875,39.98260498046875,40.684051513671875,40.684051513671875,2896
2002-06-07,39.28115463256836,40.684051513671875,39.28115463256836,39.28115463256836,39.28115463256836,16035
2002-06-10,39.28115463256836,39.28115463256836,39.28115463256836,39.28115463256836,39.28115463256836,932
2002-06-11,39.28115463256836,39.28115463256836,39.28115463256836,39.28115463256836,39.28115463256836,1565
2002-06-12,37.878257751464844,38.57970428466797,37.878257751464844,37.878257751464844,37.878257751464844,2676
2002-06-13,37.17680740356445,37.878257751464844,37.17680740356445,37.878257751464844,37.878257751464844,584
2002-06-14,37.878257751464844,39.28115463256836,37.878257751464844,39.28115463256836,39.28115463256836,1255
2002-06-17,37.17680740356445,38.57970428466797,36.47535705566406,36.47535705566406,36.47535705566406,1270
2002-06-18,35.77390670776367,37.878257751464844,35.77390670776367,37.878257751464844,37.878257751464844,4154
2002-06-19,35.77390670776367,35.77390670776367,33.669559478759766,35.07246017456055,35.07246017456055,5181
2002-06-20,35.07246017456055,35.77390670776367,33.669559478759766,35.77390670776367,35.77390670776367,17264
2002-06-21,33.669559478759766,35.07246017456055,33.669559478759766,35.07246017456055,35.07246017456055,704
2002-06-24,33.669559478759766,35.07246017456055,33.669559478759766,35.07246017456055,35.07246017456055,183
2002-06-25,33.669559478759766,35.07246017456055,33.669559478759766,35.07246017456055,35.07246017456055,1522
2002-06-26,33.669559478759766,33.669559478759766,32.26666259765625,32.26666259765625,32.26666259765625,1995
2002-06-27,32.96811294555664,33.669559478759766,32.96811294555664,32.96811294555664,32.96811294555664,2246
2002-06-28,33.669559478759766,35.07246017456055,32.96811294555664,32.96811294555664,32.96811294555664,3278
2002-07-01,32.96811294555664,32.96811294555664,32.96811294555664,32.96811294555664,32.96811294555664,0
2002-07-02,33.669559478759766,33.669559478759766,28.057966232299805,31.56521224975586,31.56521224975586,2061
2002-07-03,30.8637638092041,32.96811294555664,30.8637638092041,32.26666259765625,32.26666259765625,1348
2002-07-04,32.26666259765625,34.371009826660156,32.26666259765625,34.371009826660156,34.371009826660156,659
2002-07-05,35.07246017456055,37.17680740356445,35.07246017456055,35.77390670776367,35.77390670776367,4591
2002-07-08,38.57970428466797,38.57970428466797,33.669559478759766,33.669559478759766,33.669559478759766,188
2002-07-09,37.878257751464844,37.878257751464844,33.669559478759766,33.669559478759766,33.669559478759766,1015
2002-07-10,35.07246017456055,35.07246017456055,33.669559478759766,33.669559478759766,33.669559478759766,185
2002-07-11,30.8637638092041,34.371009826660156,30.8637638092041,31.56521224975586,31.56521224975586,2469
2002-07-12,32.96811294555664,37.17680740356445,31.56521224975586,37.17680740356445,37.17680740356445,2913
2002-07-15,33.669559478759766,37.17680740356445,33.669559478759766,33.669559478759766,33.669559478759766,530
2002-07-16,32.96811294555664,33.669559478759766,32.26666259765625,33.669559478759766,33.669559478759766,2338
2002-07-17,32.96811294555664,34.371009826660156,29.460866928100586,32.26666259765625,32.26666259765625,912
2002-07-18,31.56521224975586,32.26666259765625,31.56521224975586,31.56521224975586,31.56521224975586,3410
2002-07-19,31.56521224975586,32.96811294555664,30.8637638092041,32.96811294555664,32.96811294555664,2138
2002-07-22,28.057966232299805,31.56521224975586,28.057966232299805,30.162315368652344,30.162315368652344,4718
2002-07-23,29.460866928100586,31.56521224975586,28.759416580200195,31.56521224975586,31.56521224975586,2352
2002-07-24,29.460866928100586,29.460866928100586,28.759416580200195,28.759416580200195,28.759416580200195,1428
2002-07-25,30.162315368652344,30.162315368652344,25.95362091064453,27.356517791748047,27.356517791748047,12554
2002-07-26,23.849271774291992,25.25217056274414,12.62608528137207,18.23767852783203,18.23767852783203,37734
2002-07-29,19.64057731628418,21.043474197387695,18.939128875732422,19.64057731628418,19.64057731628418,22494
2002-07-30,18.939128875732422,19.64057731628418,16.834779739379883,17.53622817993164,17.53622817993164,12471
2002-07-31,16.133331298828125,17.53622817993164,16.133331298828125,16.834779739379883,16.834779739379883,3391
2002-08-01,17.53622817993164,21.043474197387695,16.133331298828125,18.939128875732422,18.939128875732422,19755
2002-08-02,16.133331298828125,19.64057731628418,16.133331298828125,16.834779739379883,16.834779739379883,4570
2002-08-05,16.133331298828125,16.834779739379883,16.133331298828125,16.133331298828125,16.133331298828125,5813
2002-08-06,14.730433464050293,14.730433464050293,14.028983116149902,14.730433464050293,14.730433464050293,4447
2002-08-07,14.730433464050293,16.133331298828125,14.730433464050293,16.133331298828125,16.133331298828125,3809
2002-08-08,14.028983116149902,17.53622817993164,14.028983116149902,15.43188190460205,15.43188190460205,17911
2002-08-09,19.64057731628418,19.64057731628418,14.028983116149902,14.730433464050293,14.730433464050293,1328
2002-08-12,14.730433464050293,14.730433464050293,12.62608528137207,13.327533721923828,13.327533721923828,6224
2002-08-13,7.715940952301025,14.028983116149902,7.715940952301025,14.028983116149902,14.028983116149902,14070
2002-08-14,9.118839263916016,13.327533721923828,9.118839263916016,11.924635887145996,11.924635887145996,3893
2002-08-15,11.924635887145996,14.028983116149902,11.924635887145996,12.62608528137207,12.62608528137207,2973
2002-08-16,12.62608528137207,14.028983116149902,12.62608528137207,12.62608528137207,12.62608528137207,2647
2002-08-19,12.62608528137207,16.133331298828125,11.924635887145996,14.730433464050293,14.730433464050293,6161
2002-08-20,14.730433464050293,16.834779739379883,14.730433464050293,15.43188190460205,15.43188190460205,8499
2002-08-21,14.028983116149902,16.834779739379883,14.028983116149902,16.834779739379883,16.834779739379883,8653
2002-08-22,15.43188190460205,16.834779739379883,15.43188190460205,16.834779739379883,16.834779739379883,8550
2002-08-23,16.834779739379883,16.834779739379883,16.834779739379883,16.834779739379883,16.834779739379883,0
2002-08-26,16.834779739379883,18.23767852783203,16.834779739379883,18.23767852783203,18.23767852783203,5247
2002-08-27,18.23767852783203,18.23767852783203,16.834779739379883,17.53622817993164,17.53622817993164,1568
2002-08-28,16.133331298828125,16.133331298828125,16.133331298828125,16.133331298828125,16.133331298828125,1425
2002-08-29,17.53622817993164,18.939128875732422,16.834779739379883,18.23767852783203,18.23767852783203,13440
2002-08-30,17.53622817993164,17.53622817993164,14.730433464050293,16.133331298828125,16.133331298828125,10013
2002-09-02,16.133331298828125,18.939128875732422,16.133331298828125,17.53622817993164,17.53622817993164,1913
2002-09-03,16.133331298828125,16.133331298828125,15.43188190460205,16.133331298828125,16.133331298828125,4074
2002-09-04,14.730433464050293,16.834779739379883,11.924635887145996,16.834779739379883,16.834779739379883,12110
2002-09-05,15.43188190460205,16.133331298828125,15.43188190460205,16.133331298828125,16.133331298828125,489
2002-09-06,14.028983116149902,18.939128875732422,14.028983116149902,16.133331298828125,16.133331298828125,10466
2002-09-09,18.23767852783203,18.23767852783203,14.730433464050293,16.133331298828125,16.133331298828125,2025
2002-09-10,14.730433464050293,16.133331298828125,14.730433464050293,16.133331298828125,16.133331298828125,1978
2002-09-11,15.43188190460205,15.43188190460205,15.43188190460205,15.43188190460205,15.43188190460205,99
2002-09-12,15.43188190460205,16.133331298828125,14.730433464050293,16.133331298828125,16.133331298828125,5559
2002-09-13,14.730433464050293,16.133331298828125,14.028983116149902,16.133331298828125,16.133331298828125,2878
2002-09-16,10.521737098693848,14.730433464050293,10.521737098693848,13.327533721923828,13.327533721923828,2722
2002-09-17,13.327533721923828,16.133331298828125,13.327533721923828,15.43188190460205,15.43188190460205,4721
2002-09-18,11.223187446594238,12.62608528137207,11.223187446594238,12.62608528137207,12.62608528137207,1522
2002-09-19,12.62608528137207,14.028983116149902,12.62608528137207,14.028983116149902,14.028983116149902,5263
2002-09-20,14.028983116149902,14.028983116149902,11.924635887145996,11.924635887145996,11.924635887145996,1049
2002-09-23,11.223187446594238,11.924635887145996,10.521737098693848,11.223187446594238,11.223187446594238,7014
2002-09-24,8.417389869689941,11.223187446594238,8.417389869689941,11.223187446594238,11.223187446594238,11738
2002-09-25,9.820287704467773,11.223187446594238,9.118839263916016,9.820287704467773,9.820287704467773,15778
2002-09-26,10.521737098693848,10.521737098693848,9.820287704467773,9.820287704467773,9.820287704467773,10005
2002-09-27,10.521737098693848,10.521737098693848,9.820287704467773,10.521737098693848,10.521737098693848,3013
2002-09-30,9.820287704467773,9.820287704467773,9.820287704467773,9.820287704467773,9.820287704467773,161
2002-10-01,9.820287704467773,9.820287704467773,9.820287704467773,9.820287704467773,9.820287704467773,0
2002-10-02,9.820287704467773,9.820287704467773,9.118839263916016,9.118839263916016,9.118839263916016,2474
2002-10-03,9.118839263916016,9.118839263916016,8.417389869689941,8.417389869689941,8.417389869689941,2497
2002-10-04,8.417389869689941,9.820287704467773,8.417389869689941,9.820287704467773,9.820287704467773,2016
2002-10-07,8.417389869689941,10.521737098693848,8.417389869689941,8.417389869689941,8.417389869689941,1539
2002-10-08,8.417389869689941,9.820287704467773,8.417389869689941,9.118839263916016,9.118839263916016,1045
2002-10-09,9.118839263916016,10.521737098693848,9.118839263916016,10.521737098693848,10.521737098693848,3070
2002-10-10,8.417389869689941,10.521737098693848,8.417389869689941,10.521737098693848,10.521737098693848,5902
2002-10-11,9.820287704467773,11.223187446594238,9.820287704467773,10.521737098693848,10.521737098693848,2347
2002-10-14,10.521737098693848,10.521737098693848,10.521737098693848,10.521737098693848,10.521737098693848,0
2002-10-15,12.62608528137207,12.62608528137207,10.521737098693848,12.62608528137207,12.62608528137207,2326
2002-10-16,14.028983116149902,14.028983116149902,10.521737098693848,11.924635887145996,11.924635887145996,6244
2002-10-17,11.223187446594238,14.028983116149902,11.223187446594238,13.327533721923828,13.327533721923828,1163
2002-10-18,13.327533721923828,14.730433464050293,12.62608528137207,14.028983116149902,14.028983116149902,30779
2002-10-21,13.327533721923828,14.730433464050293,13.327533721923828,14.028983116149902,14.028983116149902,10968
2002-10-22,13.327533721923828,14.028983116149902,12.62608528137207,12.62608528137207,12.62608528137207,6001
2002-10-23,12.62608528137207,14.028983116149902,12.62608528137207,14.028983116149902,14.028983116149902,5924
2002-10-24,12.62608528137207,16.133331298828125,12.62608528137207,15.43188190460205,15.43188190460205,47113
2002-10-25,14.028983116149902,15.43188190460205,14.028983116149902,14.730433464050293,14.730433464050293,28933
2002-10-28,14.730433464050293,15.43188190460205,14.028983116149902,15.43188190460205,15.43188190460205,12159
2002-10-29,13.327533721923828,14.730433464050293,13.327533721923828,13.327533721923828,13.327533721923828,5232
2002-10-30,11.924635887145996,12.62608528137207,11.924635887145996,12.62608528137207,12.62608528137207,475
2002-10-31,12.62608528137207,13.327533721923828,11.924635887145996,11.924635887145996,11.924635887145996,3635
2002-11-01,11.924635887145996,12.62608528137207,11.924635887145996,12.62608528137207,12.62608528137207,1710
2002-11-04,12.62608528137207,13.327533721923828,11.924635887145996,13.327533721923828,13.327533721923828,6435
2002-11-05,12.62608528137207,12.62608528137207,10.521737098693848,11.223187446594238,11.223187446594238,17580
2002-11-06,11.223187446594238,11.924635887145996,11.223187446594238,11.924635887145996,11.924635887145996,3760
2002-11-07,10.521737098693848,12.62608528137207,10.521737098693848,12.62608528137207,12.62608528137207,9431
2002-11-08,10.521737098693848,11.223187446594238,10.521737098693848,11.223187446594238,11.223187446594238,527
2002-11-11,10.521737098693848,11.924635887145996,10.521737098693848,10.521737098693848,10.521737098693848,1638
2002-11-12,10.521737098693848,11.924635887145996,10.521737098693848,11.924635887145996,11.924635887145996,593
2002-11-13,10.521737098693848,11.223187446594238,10.521737098693848,11.223187446594238,11.223187446594238,5298
2002-11-14,11.223187446594238,11.924635887145996,11.223187446594238,11.924635887145996,11.924635887145996,8083
2002-11-15,11.223187446594238,11.924635887145996,11.223187446594238,11.924635887145996,11.924635887145996,7016
2002-11-18,11.223187446594238,11.223187446594238,11.223187446594238,11.223187446594238,11.223187446594238,356
2002-11-19,10.521737098693848,11.223187446594238,10.521737098693848,10.521737098693848,10.521737098693848,1941
2002-11-20,10.521737098693848,11.924635887145996,10.521737098693848,11.924635887145996,11.924635887145996,1032
2002-11-21,11.223187446594238,11.924635887145996,11.223187446594238,11.223187446594238,11.223187446594238,4671
2002-11-22,12.62608528137207,13.327533721923828,11.924635887145996,12.62608528137207,12.62608528137207,10509
2002-11-25,11.924635887145996,13.327533721923828,11.924635887145996,13.327533721923828,13.327533721923828,10196
2002-11-26,14.028983116149902,14.730433464050293,13.327533721923828,13.327533721923828,13.327533721923828,33795
2002-11-27,11.924635887145996,14.028983116149902,11.924635887145996,14.028983116149902,14.028983116149902,4889
2002-11-28,14.028983116149902,14.028983116149902,13.327533721923828,14.028983116149902,14.028983116149902,20299
2002-11-29,13.327533721923828,14.028983116149902,13.327533721923828,13.327533721923828,13.327533721923828,11588
2002-12-02,13.327533721923828,13.327533721923828,13.327533721923828,13.327533721923828,13.327533721923828,0
2002-12-03,14.028983116149902,16.133331298828125,14.028983116149902,15.43188190460205,15.43188190460205,29421
2002-12-04,14.028983116149902,14.730433464050293,14.028983116149902,14.028983116149902,14.028983116149902,15961
2002-12-05,14.028983116149902,14.730433464050293,14.028983116149902,14.730433464050293,14.730433464050293,1792
2002-12-06,14.028983116149902,14.730433464050293,14.028983116149902,14.730433464050293,14.730433464050293,1864
2002-12-09,14.028983116149902,14.730433464050293,13.327533721923828,14.028983116149902,14.028983116149902,4091
2002-12-10,12.62608528137207,14.028983116149902,12.62608528137207,13.327533721923828,13.327533721923828,4199
2002-12-11,13.327533721923828,14.028983116149902,12.62608528137207,14.028983116149902,14.028983116149902,6922
2002-12-12,14.028983116149902,16.133331298828125,14.028983116149902,16.133331298828125,16.133331298828125,24494
2002-12-13,16.133331298828125,24.55072021484375,15.43188190460205,22.446374893188477,22.446374893188477,233838
2002-12-16,21.043474197387695,27.356517791748047,21.043474197387695,23.147823333740234,23.147823333740234,173295
2002-12-17,24.55072021484375,28.759416580200195,24.55072021484375,28.759416580200195,28.759416580200195,227514
2002-12-18,29.460866928100586,30.8637638092041,25.25217056274414,25.25217056274414,25.25217056274414,94500
2002-12-19,26.65506935119629,27.356517791748047,23.147823333740234,24.55072021484375,24.55072021484375,51142
2002-12-20,25.25217056274414,25.25217056274414,23.147823333740234,23.849271774291992,23.849271774291992,28632
2002-12-23,22.446374893188477,23.147823333740234,21.043474197387695,21.043474197387695,21.043474197387695,14737
2002-12-24,21.744924545288086,23.147823333740234,21.744924545288086,22.446374893188477,22.446374893188477,8063
2002-12-25,22.446374893188477,22.446374893188477,22.446374893188477,22.446374893188477,22.446374893188477,0
2002-12-26,22.446374893188477,22.446374893188477,22.446374893188477,22.446374893188477,22.446374893188477,0
2002-12-27,21.744924545288086,21.744924545288086,21.043474197387695,21.744924545288086,21.744924545288086,7864
2002-12-30,21.043474197387695,21.043474197387695,18.23767852783203,18.939128875732422,18.939128875732422,15251
2002-12-31,19.64057731628418,21.043474197387695,19.64057731628418,21.043474197387695,21.043474197387695,6152
2003-01-01,21.043474197387695,21.043474197387695,21.043474197387695,21.043474197387695,21.043474197387695,0
2003-01-02,18.939128875732422,24.55072021484375,18.939128875732422,23.849271774291992,23.849271774291992,50595
2003-01-03,24.55072021484375,25.25217056274414,23.147823333740234,23.849271774291992,23.849271774291992,32760
2003-01-06,22.446374893188477,25.25217056274414,22.446374893188477,23.849271774291992,23.849271774291992,23810
2003-01-07,23.849271774291992,24.55072021484375,22.446374893188477,23.849271774291992,23.849271774291992,26562
2003-01-08,22.446374893188477,23.849271774291992,22.446374893188477,23.147823333740234,23.147823333740234,6221
2003-01-09,21.744924545288086,23.849271774291992,21.744924545288086,23.849271774291992,23.849271774291992,9400
2003-01-10,24.55072021484375,25.25217056274414,21.744924545288086,23.147823333740234,23.147823333740234,41802
2003-01-13,22.446374893188477,25.95362091064453,22.446374893188477,25.95362091064453,25.95362091064453,96300
2003-01-14,25.95362091064453,25.95362091064453,23.849271774291992,23.849271774291992,23.849271774291992,75908
2003-01-15,24.55072021484375,24.55072021484375,23.147823333740234,23.849271774291992,23.849271774291992,12902
2003-01-16,23.849271774291992,23.849271774291992,21.744924545288086,22.446374893188477,22.446374893188477,18638
2003-01-17,21.744924545288086,22.446374893188477,21.043474197387695,21.043474197387695,21.043474197387695,21884
2003-01-20,21.043474197387695,21.043474197387695,20.342025756835938,20.342025756835938,20.342025756835938,5673
2003-01-21,20.342025756835938,21.744924545288086,20.342025756835938,21.744924545288086,21.744924545288086,12434
2003-01-22,21.744924545288086,23.147823333740234,21.744924545288086,22.446374893188477,22.446374893188477,16981
2003-01-23,21.043474197387695,22.446374893188477,21.043474197387695,21.043474197387695,21.043474197387695,15989
2003-01-24,21.043474197387695,21.043474197387695,20.342025756835938,21.043474197387695,21.043474197387695,13435
2003-01-27,19.64057731628418,20.342025756835938,18.939128875732422,20.342025756835938,20.342025756835938,6184
2003-01-28,19.64057731628418,20.342025756835938,19.64057731628418,20.342025756835938,20.342025756835938,7581
2003-01-29,20.342025756835938,21.043474197387695,19.64057731628418,20.342025756835938,20.342025756835938,3036
2003-01-30,18.939128875732422,21.043474197387695,18.939128875732422,21.043474197387695,21.043474197387695,1157
2003-01-31,21.043474197387695,21.043474197387695,21.043474197387695,21.043474197387695,21.043474197387695,0
2003-02-03,21.043474197387695,21.043474197387695,21.043474197387695,21.043474197387695,21.043474197387695,0
2003-02-04,21.043474197387695,21.043474197387695,20.342025756835938,20.342025756835938,20.342025756835938,1754
2003-02-05,19.64057731628418,20.342025756835938,19.64057731628418,19.64057731628418,19.64057731628418,2845
2003-02-06,19.64057731628418,19.64057731628418,19.64057731628418,19.64057731628418,19.64057731628418,3033
2003-02-07,18.939128875732422,20.342025756835938,18.939128875732422,19.64057731628418,19.64057731628418,764
2003-02-10,19.64057731628418,19.64057731628418,18.23767852783203,18.23767852783203,18.23767852783203,427
2003-02-11,19.64057731628418,19.64057731628418,19.64057731628418,19.64057731628418,19.64057731628418,1568
2003-02-12,18.23767852783203,19.64057731628418,18.23767852783203,19.64057731628418,19.64057731628418,1573
2003-02-13,18.939128875732422,18.939128875732422,18.23767852783203,18.23767852783203,18.23767852783203,4348
2003-02-14,18.23767852783203,19.64057731628418,18.23767852783203,18.23767852783203,18.23767852783203,655
2003-02-17,18.939128875732422,18.939128875732422,17.53622817993164,18.23767852783203,18.23767852783203,3364
2003-02-18,18.23767852783203,19.64057731628418,18.23767852783203,19.64057731628418,19.64057731628418,3707
2003-02-19,19.64057731628418,19.64057731628418,18.939128875732422,18.939128875732422,18.939128875732422,5246
2003-02-20,18.23767852783203,19.64057731628418,18.23767852783203,19.64057731628418,19.64057731628418,364
2003-02-21,18.23767852783203,18.23767852783203,18.23767852783203,18.23767852783203,18.23767852783203,3050
2003-02-24,18.23767852783203,18.939128875732422,18.23767852783203,18.23767852783203,18.23767852783203,4844
2003-02-25,16.834779739379883,18.23767852783203,16.834779739379883,18.23767852783203,18.23767852783203,1042
2003-02-26,17.53622817993164,18.23767852783203,17.53622817993164,17.53622817993164,17.53622817993164,2209
2003-02-27,16.834779739379883,16.834779739379883,16.133331298828125,16.133331298828125,16.133331298828125,1699
2003-02-28,16.133331298828125,18.23767852783203,16.133331298828125,18.23767852783203,18.23767852783203,9993
2003-03-03,18.23767852783203,20.342025756835938,18.23767852783203,19.64057731628418,19.64057731628418,22351
2003-03-04,19.64057731628418,19.64057731628418,17.53622817993164,18.939128875732422,18.939128875732422,5095
2003-03-05,18.23767852783203,18.23767852783203,16.834779739379883,17.53622817993164,17.53622817993164,29893
2003-03-06,16.834779739379883,16.834779739379883,15.43188190460205,15.43188190460205,15.43188190460205,9839
2003-03-07,15.43188190460205,16.133331298828125,14.730433464050293,16.133331298828125,16.133331298828125,7427
2003-03-10,15.43188190460205,15.43188190460205,14.028983116149902,14.730433464050293,14.730433464050293,7784
2003-03-11,14.028983116149902,14.730433464050293,14.028983116149902,14.730433464050293,14.730433464050293,4307
2003-03-12,14.730433464050293,14.730433464050293,14.028983116149902,14.730433464050293,14.730433464050293,1037
2003-03-13,14.730433464050293,15.43188190460205,12.62608528137207,15.43188190460205,15.43188190460205,1140
2003-03-14,14.028983116149902,14.730433464050293,14.028983116149902,14.028983116149902,14.028983116149902,1568
2003-03-17,14.028983116149902,16.133331298828125,14.028983116149902,14.028983116149902,14.028983116149902,2657
2003-03-18,14.028983116149902,14.028983116149902,13.327533721923828,13.327533721923828,13.327533721923828,7327
2003-03-19,13.327533721923828,15.43188190460205,13.327533721923828,14.730433464050293,14.730433464050293,4436
2003-03-20,14.730433464050293,15.43188190460205,14.730433464050293,14.730433464050293,14.730433464050293,3897
2003-03-21,14.028983116149902,14.730433464050293,14.028983116149902,14.028983116149902,14.028983116149902,647
2003-03-24,14.730433464050293,16.834779739379883,14.730433464050293,16.133331298828125,16.133331298828125,19881
2003-03-25,14.730433464050293,15.43188190460205,14.028983116149902,15.43188190460205,15.43188190460205,3849
2003-03-26,14.028983116149902,14.730433464050293,14.028983116149902,14.028983116149902,14.028983116149902,3492
2003-03-27,14.028983116149902,14.730433464050293,14.028983116149902,14.730433464050293,14.730433464050293,4040
2003-03-28,14.028983116149902,15.43188190460205,14.028983116149902,15.43188190460205,15.43188190460205,4704
2003-03-31,13.327533721923828,15.43188190460205,12.62608528137207,15.43188190460205,15.43188190460205,4733
2003-04-01,14.028983116149902,14.028983116149902,13.327533721923828,13.327533721923828,13.327533721923828,1710
2003-04-02,13.327533721923828,13.327533721923828,13.327533721923828,13.327533721923828,13.327533721923828,635
2003-04-03,13.327533721923828,14.730433464050293,13.327533721923828,14.730433464050293,14.730433464050293,2115
2003-04-04,14.730433464050293,14.730433464050293,13.327533721923828,14.028983116149902,14.028983116149902,119
2003-04-07,13.327533721923828,14.730433464050293,13.327533721923828,14.730433464050293,14.730433464050293,3321
2003-04-08,14.028983116149902,14.028983116149902,13.327533721923828,13.327533721923828,13.327533721923828,5531
2003-04-09,13.327533721923828,13.327533721923828,11.924635887145996,12.62608528137207,12.62608528137207,5574
2003-04-10,12.62608528137207,13.327533721923828,11.924635887145996,13.327533721923828,13.327533721923828,142
2003-04-11,11.924635887145996,15.43188190460205,11.924635887145996,13.327533721923828,13.327533721923828,5634
2003-04-14,12.62608528137207,12.62608528137207,12.62608528137207,12.62608528137207,12.62608528137207,977
2003-04-15,13.327533721923828,15.43188190460205,13.327533721923828,13.327533721923828,13.327533721923828,1017
2003-04-16,13.327533721923828,14.730433464050293,13.327533721923828,14.028983116149902,14.028983116149902,849
2003-04-17,14.730433464050293,14.730433464050293,12.62608528137207,14.028983116149902,14.028983116149902,1023
2003-04-18,14.028983116149902,14.028983116149902,14.028983116149902,14.028983116149902,14.028983116149902,0
2003-04-21,14.028983116149902,14.028983116149902,14.028983116149902,14.028983116149902,14.028983116149902,0
2003-04-22,12.62608528137207,13.327533721923828,12.62608528137207,13.327533721923828,13.327533721923828,1428
2003-04-23,13.327533721923828,13.327533721923828,11.924635887145996,12.62608528137207,12.62608528137207,9574
2003-04-24,11.924635887145996,12.62608528137207,11.924635887145996,12.62608528137207,12.62608528137207,1670
2003-04-25,11.924635887145996,13.327533721923828,10.521737098693848,11.924635887145996,11.924635887145996,2551
2003-04-28,11.223187446594238,13.327533721923828,11.223187446594238,13.327533721923828,13.327533721923828,228
2003-04-29,11.924635887145996,14.028983116149902,11.924635887145996,14.028983116149902,14.028983116149902,1476
2003-04-30,12.62608528137207,13.327533721923828,12.62608528137207,12.62608528137207,12.62608528137207,1468
2003-05-01,12.62608528137207,12.62608528137207,12.62608528137207,12.62608528137207,12.62608528137207,0
2003-05-02,13.327533721923828,14.730433464050293,12.62608528137207,12.62608528137207,12.62608528137207,4292
2003-05-05,14.028983116149902,16.834779739379883,13.327533721923828,16.133331298828125,16.133331298828125,38725
2003-05-06,15.43188190460205,18.939128875732422,15.43188190460205,16.834779739379883,16.834779739379883,45922
2003-05-07,15.43188190460205,17.53622817993164,15.43188190460205,16.834779739379883,16.834779739379883,6971
2003-05-08,16.834779739379883,16.834779739379883,16.834779739379883,16.834779739379883,16.834779739379883,0
2003-05-09,16.133331298828125,18.23767852783203,15.43188190460205,17.53622817993164,17.53622817993164,30801
2003-05-12,16.834779739379883,18.23767852783203,16.133331298828125,16.834779739379883,16.834779739379883,32062
2003-05-13,16.834779739379883,18.23767852783203,16.834779739379883,18.23767852783203,18.23767852783203,26488
2003-05-14,18.23767852783203,18.23767852783203,17.53622817993164,17.53622817993164,17.53622817993164,6728
2003-05-15,16.834779739379883,19.64057731628418,16.834779739379883,19.64057731628418,19.64057731628418,52113
2003-05-16,19.64057731628418,22.446374893188477,19.64057731628418,21.744924545288086,21.744924545288086,113417
2003-05-19,21.043474197387695,22.446374893188477,19.64057731628418,22.446374893188477,22.446374893188477,51228
2003-05-20,21.043474197387695,23.147823333740234,21.043474197387695,21.744924545288086,21.744924545288086,31107
2003-05-21,21.744924545288086,22.446374893188477,20.342025756835938,21.043474197387695,21.043474197387695,28555
2003-05-22,20.342025756835938,21.744924545288086,20.342025756835938,21.043474197387695,21.043474197387695,30429
2003-05-23,21.744924545288086,25.95362091064453,21.744924545288086,23.849271774291992,23.849271774291992,84186
2003-05-26,25.25217056274414,26.65506935119629,24.55072021484375,25.95362091064453,25.95362091064453,55171
2003-05-27,25.95362091064453,25.95362091064453,23.849271774291992,25.25217056274414,25.25217056274414,43546
2003-05-28,25.95362091064453,25.95362091064453,23.147823333740234,23.849271774291992,23.849271774291992,21255
2003-05-29,24.55072021484375,24.55072021484375,21.744924545288086,23.147823333740234,23.147823333740234,12844
2003-05-30,22.446374893188477,23.849271774291992,21.744924545288086,21.744924545288086,21.744924545288086,16202
2003-06-02,23.147823333740234,23.849271774291992,22.446374893188477,22.446374893188477,22.446374893188477,18461
2003-06-03,22.446374893188477,24.55072021484375,22.446374893188477,23.147823333740234,23.147823333740234,16162
2003-06-04,23.147823333740234,23.147823333740234,23.147823333740234,23.147823333740234,23.147823333740234,0
2003-06-05,23.147823333740234,24.55072021484375,23.147823333740234,23.147823333740234,23.147823333740234,22517
2003-06-06,23.849271774291992,23.849271774291992,22.446374893188477,23.849271774291992,23.849271774291992,11385
2003-06-09,23.147823333740234,23.147823333740234,22.446374893188477,22.446374893188477,22.446374893188477,4514
2003-06-10,21.744924545288086,23.849271774291992,21.744924545288086,23.849271774291992,23.849271774291992,13080
2003-06-11,23.849271774291992,25.95362091064453,23.849271774291992,24.55072021484375,24.55072021484375,56431
2003-06-12,25.25217056274414,25.25217056274414,23.147823333740234,23.147823333740234,23.147823333740234,14926
2003-06-13,24.55072021484375,24.55072021484375,23.147823333740234,23.849271774291992,23.849271774291992,31694
2003-06-16,22.446374893188477,24.55072021484375,22.446374893188477,22.446374893188477,22.446374893188477,16789
2003-06-17,23.849271774291992,24.55072021484375,23.147823333740234,23.147823333740234,23.147823333740234,24343
2003-06-18,23.147823333740234,25.25217056274414,23.147823333740234,23.147823333740234,23.147823333740234,29764
2003-06-19,23.147823333740234,24.55072021484375,23.147823333740234,23.849271774291992,23.849271774291992,31465
2003-06-20,23.147823333740234,23.849271774291992,23.147823333740234,23.147823333740234,23.147823333740234,7239
2003-06-23,23.147823333740234,23.849271774291992,22.446374893188477,22.446374893188477,22.446374893188477,16572
2003-06-24,22.446374893188477,22.446374893188477,21.744924545288086,22.446374893188477,22.446374893188477,11014
2003-06-25,22.446374893188477,22.446374893188477,21.043474197387695,21.744924545288086,21.744924545288086,3871
2003-06-26,23.849271774291992,23.849271774291992,21.744924545288086,23.147823333740234,23.147823333740234,3891
2003-06-27,23.147823333740234,23.849271774291992,23.147823333740234,23.849271774291992,23.849271774291992,11118
2003-06-30,22.446374893188477,23.147823333740234,22.446374893188477,22.446374893188477,22.446374893188477,2138
2003-07-01,22.446374893188477,22.446374893188477,22.446374893188477,22.446374893188477,22.446374893188477,0
2003-07-02,23.147823333740234,23.147823333740234,21.744924545288086,21.744924545288086,21.744924545288086,3991
2003-07-03,22.446374893188477,23.147823333740234,22.446374893188477,22.446374893188477,22.446374893188477,7988
2003-07-04,22.446374893188477,23.849271774291992,22.446374893188477,23.849271774291992,23.849271774291992,7960
2003-07-07,23.849271774291992,25.25217056274414,23.147823333740234,24.55072021484375,24.55072021484375,21167
2003-07-08,24.55072021484375,25.25217056274414,23.147823333740234,23.849271774291992,23.849271774291992,43351
2003-07-09,23.147823333740234,25.95362091064453,23.147823333740234,25.25217056274414,25.25217056274414,64287
2003-07-10,24.55072021484375,28.759416580200195,23.849271774291992,28.057966232299805,28.057966232299805,118261
2003-07-11,27.356517791748047,28.057966232299805,26.65506935119629,26.65506935119629,26.65506935119629,48525
2003-07-14,28.057966232299805,30.8637638092041,28.057966232299805,30.8637638092041,30.8637638092041,64217
2003-07-15,31.56521224975586,31.56521224975586,28.759416580200195,30.162315368652344,30.162315368652344,30516
2003-07-16,29.460866928100586,33.669559478759766,29.460866928100586,32.26666259765625,32.26666259765625,54358
2003-07-17,30.8637638092041,31.56521224975586,28.759416580200195,28.759416580200195,28.759416580200195,35335
2003-07-18,27.356517791748047,28.759416580200195,25.95362091064453,28.759416580200195,28.759416580200195,17254
2003-07-21,27.356517791748047,27.356517791748047,24.55072021484375,25.25217056274414,25.25217056274414,37502
2003-07-22,24.55072021484375,27.356517791748047,23.147823333740234,27.356517791748047,27.356517791748047,16768
2003-07-23,25.95362091064453,25.95362091064453,23.849271774291992,23.849271774291992,23.849271774291992,6175
2003-07-24,24.55072021484375,24.55072021484375,23.849271774291992,23.849271774291992,23.849271774291992,6503
2003-07-25,23.849271774291992,24.55072021484375,23.849271774291992,23.849271774291992,23.849271774291992,7792
2003-07-28,23.849271774291992,25.25217056274414,23.849271774291992,23.849271774291992,23.849271774291992,10854
2003-07-29,24.55072021484375,24.55072021484375,23.147823333740234,24.55072021484375,24.55072021484375,16970
2003-07-30,23.147823333740234,24.55072021484375,23.147823333740234,23.147823333740234,23.147823333740234,11022
2003-07-31,23.147823333740234,25.95362091064453,23.147823333740234,25.95362091064453,25.95362091064453,25860
2003-08-01,25.95362091064453,25.95362091064453,24.55072021484375,24.55072021484375,24.55072021484375,23023
2003-08-04,24.55072021484375,25.95362091064453,24.55072021484375,24.55072021484375,24.55072021484375,18247
2003-08-05,25.95362091064453,31.56521224975586,25.95362091064453,28.057966232299805,28.057966232299805,119968
2003-08-06,28.057966232299805,28.057966232299805,25.95362091064453,25.95362091064453,25.95362091064453,37853
2003-08-07,26.65506935119629,26.65506935119629,26.65506935119629,26.65506935119629,26.65506935119629,5306
2003-08-08,28.057966232299805,28.057966232299805,25.25217056274414,26.65506935119629,26.65506935119629,9936
2003-08-11,26.65506935119629,28.057966232299805,26.65506935119629,27.356517791748047,27.356517791748047,10384
2003-08-12,28.057966232299805,30.8637638092041,28.057966232299805,29.460866928100586,29.460866928100586,85484
2003-08-13,29.460866928100586,30.162315368652344,28.759416580200195,29.460866928100586,29.460866928100586,32155
2003-08-14,28.759416580200195,45.59419631958008,28.759416580200195,42.086952209472656,42.086952209472656,579497
2003-08-15,38.57970428466797,38.57970428466797,38.57970428466797,38.57970428466797,38.57970428466797,215607
2003-08-18,39.28115463256836,40.684051513671875,36.47535705566406,38.57970428466797,38.57970428466797,48396
2003-08-19,39.28115463256836,41.385501861572266,37.17680740356445,37.17680740356445,37.17680740356445,99015
2003-08-20,40.684051513671875,43.48984909057617,37.17680740356445,42.086952209472656,42.086952209472656,325205
2003-08-21,42.78839874267578,43.48984909057617,38.57970428466797,40.684051513671875,40.684051513671875,245665
2003-08-22,42.086952209472656,42.78839874267578,39.98260498046875,41.385501861572266,41.385501861572266,177536
2003-08-25,41.385501861572266,41.385501861572266,37.17680740356445,37.878257751464844,37.878257751464844,101885
2003-08-26,37.17680740356445,37.878257751464844,35.77390670776367,36.47535705566406,36.47535705566406,48782
2003-08-27,37.17680740356445,37.878257751464844,34.371009826660156,36.47535705566406,36.47535705566406,54190
2003-08-28,35.77390670776367,38.57970428466797,35.77390670776367,37.878257751464844,37.878257751464844,93600
2003-08-29,39.28115463256836,39.28115463256836,37.17680740356445,37.878257751464844,37.878257751464844,85083
2003-09-01,37.878257751464844,39.28115463256836,36.47535705566406,36.47535705566406,36.47535705566406,130297
2003-09-02,37.17680740356445,37.17680740356445,35.77390670776367,36.47535705566406,36.47535705566406,34400
2003-09-03,37.17680740356445,47.698543548583984,37.17680740356445,45.59419631958008,45.59419631958008,698486
2003-09-04,46.29564666748047,46.99709701538086,39.28115463256836,40.684051513671875,40.684051513671875,341564
2003-09-05,41.385501861572266,44.19129943847656,39.98260498046875,40.684051513671875,40.684051513671875,269784
2003-09-08,41.385501861572266,42.78839874267578,39.98260498046875,41.385501861572266,41.385501861572266,125442
2003-09-09,43.48984909057617,44.19129943847656,39.28115463256836,39.98260498046875,39.98260498046875,167989
2003-09-10,37.878257751464844,38.57970428466797,34.371009826660156,35.77390670776367,35.77390670776367,113382
2003-09-11,35.77390670776367,38.57970428466797,35.77390670776367,37.17680740356445,37.17680740356445,136916
2003-09-12,37.17680740356445,37.17680740356445,37.17680740356445,37.17680740356445,37.17680740356445,0
2003-09-15,37.878257751464844,39.28115463256836,37.17680740356445,37.878257751464844,37.878257751464844,126250
2003-09-16,37.878257751464844,38.57970428466797,36.47535705566406,38.57970428466797,38.57970428466797,72656
2003-09-17,39.28115463256836,39.98260498046875,37.17680740356445,37.17680740356445,37.17680740356445,54581
2003-09-18,37.17680740356445,37.878257751464844,35.77390670776367,37.17680740356445,37.17680740356445,20436
2003-09-19,37.17680740356445,37.878257751464844,35.07246017456055,36.47535705566406,36.47535705566406,33989
2003-09-22,36.47535705566406,36.47535705566406,33.669559478759766,34.371009826660156,34.371009826660156,27622
2003-09-23,36.47535705566406,36.47535705566406,34.371009826660156,35.77390670776367,35.77390670776367,41422
2003-09-24,35.77390670776367,37.878257751464844,35.77390670776367,37.17680740356445,37.17680740356445,55778
2003-09-25,36.47535705566406,38.57970428466797,35.77390670776367,37.17680740356445,37.17680740356445,59521
2003-09-26,36.47535705566406,37.17680740356445,35.07246017456055,35.77390670776367,35.77390670776367,30684
2003-09-29,36.47535705566406,36.47535705566406,35.77390670776367,36.47535705566406,36.47535705566406,13824
2003-09-30,37.17680740356445,37.17680740356445,35.77390670776367,35.77390670776367,35.77390670776367,20259
2003-10-01,35.77390670776367,35.77390670776367,35.77390670776367,35.77390670776367,35.77390670776367,0
2003-10-02,35.77390670776367,37.17680740356445,35.77390670776367,36.47535705566406,36.47535705566406,22004
2003-10-03,37.878257751464844,37.878257751464844,35.77390670776367,35.77390670776367,35.77390670776367,18019
2003-10-06,35.77390670776367,36.47535705566406,35.77390670776367,35.77390670776367,35.77390670776367,10535
2003-10-07,35.77390670776367,36.47535705566406,35.77390670776367,35.77390670776367,35.77390670776367,11889
2003-10-08,35.07246017456055,36.47535705566406,33.669559478759766,34.371009826660156,34.371009826660156,30164
2003-10-09,35.07246017456055,36.47535705566406,34.371009826660156,35.77390670776367,35.77390670776367,28364
2003-10-10,36.47535705566406,37.17680740356445,35.77390670776367,36.47535705566406,36.47535705566406,63425
2003-10-13,37.17680740356445,37.17680740356445,35.77390670776367,37.17680740356445,37.17680740356445,46300
2003-10-14,37.878257751464844,37.878257751464844,35.77390670776367,35.77390670776367,35.77390670776367,43331
2003-10-15,36.47535705566406,37.17680740356445,35.77390670776367,36.47535705566406,36.47535705566406,19559
2003-10-16,36.47535705566406,36.47535705566406,34.371009826660156,35.07246017456055,35.07246017456055,51260
2003-10-17,35.07246017456055,35.07246017456055,34.371009826660156,35.07246017456055,35.07246017456055,12389
2003-10-20,33.669559478759766,34.371009826660156,32.96811294555664,33.669559478759766,33.669559478759766,26006
2003-10-21,32.96811294555664,33.669559478759766,30.8637638092041,30.8637638092041,30.8637638092041,45524
2003-10-22,30.8637638092041,33.669559478759766,30.8637638092041,32.26666259765625,32.26666259765625,48117
2003-10-23,30.8637638092041,31.56521224975586,28.057966232299805,28.057966232299805,28.057966232299805,32002
2003-10-24,28.057966232299805,29.460866928100586,28.057966232299805,28.057966232299805,28.057966232299805,18012
2003-10-27,28.057966232299805,28.759416580200195,27.356517791748047,28.759416580200195,28.759416580200195,12548
2003-10-28,28.759416580200195,30.8637638092041,28.759416580200195,30.8637638092041,30.8637638092041,18233
2003-10-29,30.162315368652344,30.162315368652344,28.759416580200195,30.162315368652344,30.162315368652344,8340
2003-10-30,28.057966232299805,30.162315368652344,28.057966232299805,30.162315368652344,30.162315368652344,8781
2003-10-31,28.759416580200195,30.162315368652344,28.759416580200195,30.162315368652344,30.162315368652344,6449
2003-11-03,31.56521224975586,31.56521224975586,28.759416580200195,29.460866928100586,29.460866928100586,2998
2003-11-04,30.162315368652344,33.669559478759766,29.460866928100586,32.26666259765625,32.26666259765625,65487
2003-11-05,33.669559478759766,33.669559478759766,30.162315368652344,30.8637638092041,30.8637638092041,25785
2003-11-06,30.8637638092041,30.8637638092041,28.057966232299805,28.759416580200195,28.759416580200195,8533
2003-11-07,29.460866928100586,30.162315368652344,29.460866928100586,29.460866928100586,29.460866928100586,7614
2003-11-10,29.460866928100586,29.460866928100586,28.057966232299805,28.759416580200195,28.759416580200195,6934
2003-11-11,28.759416580200195,29.460866928100586,28.057966232299805,28.057966232299805,28.057966232299805,5243
2003-11-12,28.759416580200195,29.460866928100586,28.759416580200195,28.759416580200195,28.759416580200195,4759
2003-11-13,29.460866928100586,30.162315368652344,28.759416580200195,29.460866928100586,29.460866928100586,10957
2003-11-14,29.460866928100586,30.162315368652344,28.759416580200195,29.460866928100586,29.460866928100586,8319
2003-11-17,28.759416580200195,29.460866928100586,28.057966232299805,29.460866928100586,29.460866928100586,8864
2003-11-18,28.057966232299805,28.759416580200195,28.057966232299805,28.057966232299805,28.057966232299805,5156
2003-11-19,28.759416580200195,29.460866928100586,28.057966232299805,28.057966232299805,28.057966232299805,12699
2003-11-20,28.759416580200195,28.759416580200195,28.057966232299805,28.759416580200195,28.759416580200195,3846
2003-11-21,23.849271774291992,27.356517791748047,23.849271774291992,27.356517791748047,27.356517791748047,15748
2003-11-24,27.356517791748047,27.356517791748047,26.65506935119629,26.65506935119629,26.65506935119629,2494
2003-11-25,26.65506935119629,26.65506935119629,25.95362091064453,26.65506935119629,26.65506935119629,5514
2003-11-26,25.95362091064453,28.057966232299805,25.95362091064453,28.057966232299805,28.057966232299805,3221
2003-11-27,26.65506935119629,28.759416580200195,26.65506935119629,28.759416580200195,28.759416580200195,4881
2003-11-28,27.356517791748047,28.057966232299805,27.356517791748047,28.057966232299805,28.057966232299805,11637
2003-12-01,28.057966232299805,28.759416580200195,26.65506935119629,28.759416580200195,28.759416580200195,12800
2003-12-02,28.057966232299805,28.759416580200195,27.356517791748047,28.057966232299805,28.057966232299805,6376
2003-12-03,26.65506935119629,28.057966232299805,26.65506935119629,27.356517791748047,27.356517791748047,7703
2003-12-04,27.356517791748047,27.356517791748047,26.65506935119629,26.65506935119629,26.65506935119629,2786
2003-12-05,27.356517791748047,27.356517791748047,25.95362091064453,25.95362091064453,25.95362091064453,4865
2003-12-08,25.25217056274414,26.65506935119629,25.25217056274414,25.95362091064453,25.95362091064453,6486
2003-12-09,26.65506935119629,29.460866928100586,26.65506935119629,28.057966232299805,28.057966232299805,23450
2003-12-10,28.057966232299805,28.057966232299805,26.65506935119629,26.65506935119629,26.65506935119629,3518
2003-12-11,26.65506935119629,28.057966232299805,26.65506935119629,28.057966232299805,28.057966232299805,16540
2003-12-12,28.057966232299805,28.057966232299805,26.65506935119629,26.65506935119629,26.65506935119629,26850
2003-12-15,27.356517791748047,28.057966232299805,26.65506935119629,27.356517791748047,27.356517791748047,5627
2003-12-16,26.65506935119629,27.356517791748047,26.65506935119629,26.65506935119629,26.65506935119629,6275
2003-12-17,25.95362091064453,26.65506935119629,25.25217056274414,25.25217056274414,25.25217056274414,28084
2003-12-18,24.55072021484375,24.55072021484375,20.342025756835938,23.147823333740234,23.147823333740234,45923
2003-12-19,23.849271774291992,23.849271774291992,22.446374893188477,23.147823333740234,23.147823333740234,12117
2003-12-22,21.744924545288086,23.849271774291992,21.744924545288086,23.849271774291992,23.849271774291992,10292
2003-12-23,22.446374893188477,23.147823333740234,22.446374893188477,23.147823333740234,23.147823333740234,8442
2003-12-24,23.849271774291992,23.849271774291992,23.147823333740234,23.147823333740234,23.147823333740234,3008
2003-12-25,23.147823333740234,23.147823333740234,23.147823333740234,23.147823333740234,23.147823333740234,0
2003-12-26,23.147823333740234,23.147823333740234,23.147823333740234,23.147823333740234,23.147823333740234,0
2003-12-29,21.744924545288086,23.849271774291992,21.744924545288086,23.849271774291992,23.849271774291992,6066
2003-12-30,21.744924545288086,25.25217056274414,21.744924545288086,24.55072021484375,24.55072021484375,19274
2003-12-31,22.446374893188477,25.25217056274414,22.446374893188477,24.55072021484375,24.55072021484375,3727
2004-01-01,24.55072021484375,24.55072021484375,24.55072021484375,24.55072021484375,24.55072021484375,0
2004-01-02,24.55072021484375,28.057966232299805,24.55072021484375,28.057966232299805,28.057966232299805,50929
2004-01-05,28.057966232299805,28.057966232299805,26.65506935119629,26.65506935119629,26.65506935119629,20794
2004-01-06,26.65506935119629,30.162315368652344,25.95362091064453,27.356517791748047,27.356517791748047,43201
2004-01-07,26.65506935119629,28.057966232299805,26.65506935119629,27.356517791748047,27.356517791748047,15835
2004-01-08,28.057966232299805,28.759416580200195,27.356517791748047,27.356517791748047,27.356517791748047,13657
2004-01-09,26.65506935119629,30.162315368652344,26.65506935119629,30.162315368652344,30.162315368652344,54053
2004-01-12,29.460866928100586,30.8637638092041,28.057966232299805,30.162315368652344,30.162315368652344,46851
2004-01-13,29.460866928100586,30.8637638092041,26.65506935119629,28.759416580200195,28.759416580200195,20729
2004-01-14,27.356517791748047,29.460866928100586,27.356517791748047,28.057966232299805,28.057966232299805,13386
2004-01-15,28.759416580200195,29.460866928100586,28.057966232299805,29.460866928100586,29.460866928100586,26602
2004-01-16,29.460866928100586,29.460866928100586,28.057966232299805,28.057966232299805,28.057966232299805,14264
2004-01-19,28.759416580200195,28.759416580200195,27.356517791748047,28.759416580200195,28.759416580200195,11762
2004-01-20,28.759416580200195,30.162315368652344,28.759416580200195,30.162315368652344,30.162315368652344,24800
2004-01-21,30.162315368652344,33.669559478759766,29.460866928100586,32.96811294555664,32.96811294555664,61387
2004-01-22,32.96811294555664,32.96811294555664,32.96811294555664,32.96811294555664,32.96811294555664,0
2004-01-23,32.96811294555664,32.96811294555664,32.96811294555664,32.96811294555664,32.96811294555664,0
2004-01-26,33.669559478759766,34.371009826660156,31.56521224975586,32.26666259765625,32.26666259765625,79352
2004-01-27,32.26666259765625,36.47535705566406,30.8637638092041,36.47535705566406,36.47535705566406,104459
2004-01-28,35.07246017456055,37.878257751464844,33.669559478759766,35.77390670776367,35.77390670776367,126355
2004-01-29,33.669559478759766,35.77390670776367,33.669559478759766,35.07246017456055,35.07246017456055,50935
2004-01-30,34.371009826660156,34.371009826660156,32.96811294555664,33.669559478759766,33.669559478759766,38759
2004-02-02,33.669559478759766,33.669559478759766,31.56521224975586,31.56521224975586,31.56521224975586,16309
2004-02-03,29.460866928100586,32.96811294555664,29.460866928100586,32.26666259765625,32.26666259765625,23364
2004-02-04,31.56521224975586,32.26666259765625,31.56521224975586,31.56521224975586,31.56521224975586,9017
2004-02-05,30.8637638092041,31.56521224975586,30.8637638092041,31.56521224975586,31.56521224975586,5902
2004-02-06,32.26666259765625,33.669559478759766,31.56521224975586,32.26666259765625,32.26666259765625,19000
2004-02-09,33.669559478759766,34.371009826660156,32.96811294555664,34.371009826660156,34.371009826660156,20925
2004-02-10,35.07246017456055,35.07246017456055,32.96811294555664,32.96811294555664,32.96811294555664,45885
2004-02-11,33.669559478759766,34.371009826660156,32.96811294555664,32.96811294555664,32.96811294555664,11415
2004-02-12,33.669559478759766,34.371009826660156,32.26666259765625,32.96811294555664,32.96811294555664,9565
2004-02-13,32.96811294555664,32.96811294555664,31.56521224975586,32.96811294555664,32.96811294555664,13494
2004-02-16,32.26666259765625,35.77390670776367,32.26666259765625,35.07246017456055,35.07246017456055,79050
2004-02-17,35.77390670776367,37.17680740356445,33.669559478759766,35.07246017456055,35.07246017456055,79705
2004-02-18,35.77390670776367,36.47535705566406,34.371009826660156,35.07246017456055,35.07246017456055,39431
2004-02-19,35.07246017456055,36.47535705566406,33.669559478759766,35.77390670776367,35.77390670776367,33013
2004-02-20,34.371009826660156,35.77390670776367,33.669559478759766,34.371009826660156,34.371009826660156,23670
2004-02-23,33.669559478759766,35.07246017456055,33.669559478759766,35.07246017456055,35.07246017456055,9779
2004-02-24,34.371009826660156,35.07246017456055,32.26666259765625,33.669559478759766,33.669559478759766,60881
2004-02-25,33.669559478759766,33.669559478759766,32.26666259765625,33.669559478759766,33.669559478759766,20198
2004-02-26,33.669559478759766,42.086952209472656,32.96811294555664,38.57970428466797,38.57970428466797,506538
2004-02-27,39.98260498046875,39.98260498046875,35.07246017456055,36.47535705566406,36.47535705566406,90137
2004-03-01,35.77390670776367,35.77390670776367,34.371009826660156,34.371009826660156,34.371009826660156,35241
2004-03-02,35.07246017456055,35.07246017456055,33.669559478759766,33.669559478759766,33.669559478759766,23417
2004-03-03,33.669559478759766,33.669559478759766,32.26666259765625,32.96811294555664,32.96811294555664,26202
2004-03-04,32.96811294555664,33.669559478759766,32.96811294555664,33.669559478759766,33.669559478759766,10013
2004-03-05,32.96811294555664,33.669559478759766,32.96811294555664,33.669559478759766,33.669559478759766,23139
2004-03-08,33.669559478759766,34.371009826660156,32.96811294555664,32.96811294555664,32.96811294555664,18219
2004-03-09,32.96811294555664,34.371009826660156,32.96811294555664,32.96811294555664,32.96811294555664,25953
2004-03-10,32.96811294555664,32.96811294555664,31.56521224975586,31.56521224975586,31.56521224975586,15887
2004-03-11,31.56521224975586,31.56521224975586,29.460866928100586,30.162315368652344,30.162315368652344,27014
2004-03-12,28.759416580200195,29.460866928100586,27.356517791748047,29.460866928100586,29.460866928100586,37553
2004-03-15,29.460866928100586,30.162315368652344,28.759416580200195,28.759416580200195,28.759416580200195,24039
2004-03-16,27.356517791748047,28.759416580200195,27.356517791748047,28.057966232299805,28.057966232299805,1967
2004-03-17,29.460866928100586,32.26666259765625,28.759416580200195,32.26666259765625,32.26666259765625,61524
2004-03-18,32.26666259765625,32.26666259765625,30.162315368652344,30.8637638092041,30.8637638092041,16699
2004-03-19,29.460866928100586,30.8637638092041,29.460866928100586,29.460866928100586,29.460866928100586,16751
2004-03-22,28.057966232299805,29.460866928100586,28.057966232299805,28.759416580200195,28.759416580200195,11057
2004-03-23,28.057966232299805,28.759416580200195,28.057966232299805,28.759416580200195,28.759416580200195,11735
2004-03-24,28.057966232299805,30.8637638092041,28.057966232299805,30.8637638092041,30.8637638092041,7881
2004-03-25,28.759416580200195,29.460866928100586,28.759416580200195,28.759416580200195,28.759416580200195,755
2004-03-26,28.759416580200195,28.759416580200195,28.759416580200195,28.759416580200195,28.759416580200195,0
2004-03-29,28.759416580200195,28.759416580200195,28.759416580200195,28.759416580200195,28.759416580200195,0
2004-03-30,28.759416580200195,28.759416580200195,28.759416580200195,28.759416580200195,28.759416580200195,0
2004-03-31,28.759416580200195,28.759416580200195,28.759416580200195,28.759416580200195,28.759416580200195,0
2004-04-01,28.759416580200195,28.759416580200195,28.759416580200195,28.759416580200195,28.759416580200195,0
2004-04-02,30.8637638092041,30.8637638092041,23.849271774291992,25.25217056274414,25.25217056274414,56266
2004-04-05,25.25217056274414,25.25217056274414,25.25217056274414,25.25217056274414,25.25217056274414,0
2004-04-06,23.147823333740234,24.55072021484375,20.342025756835938,22.446374893188477,22.446374893188477,36373
2004-04-07,23.147823333740234,23.147823333740234,21.744924545288086,21.744924545288086,21.744924545288086,21432
2004-04-08,21.043474197387695,23.147823333740234,21.043474197387695,23.147823333740234,23.147823333740234,30091
2004-04-09,23.147823333740234,23.147823333740234,23.147823333740234,23.147823333740234,23.147823333740234,0
2004-04-12,23.147823333740234,23.147823333740234,23.147823333740234,23.147823333740234,23.147823333740234,0
2004-04-13,23.849271774291992,25.95362091064453,23.849271774291992,25.25217056274414,25.25217056274414,49595
2004-04-14,25.25217056274414,25.25217056274414,23.147823333740234,23.849271774291992,23.849271774291992,12316
2004-04-15,24.55072021484375,24.55072021484375,23.147823333740234,23.147823333740234,23.147823333740234,6144
2004-04-16,25.95362091064453,25.95362091064453,22.446374893188477,23.849271774291992,23.849271774291992,17019
2004-04-19,22.446374893188477,23.147823333740234,22.446374893188477,23.147823333740234,23.147823333740234,7960
2004-04-20,19.64057731628418,22.446374893188477,19.64057731628418,21.744924545288086,21.744924545288086,37739
2004-04-21,21.043474197387695,21.043474197387695,19.64057731628418,19.64057731628418,19.64057731628418,29992
2004-04-22,19.64057731628418,21.043474197387695,19.64057731628418,21.043474197387695,21.043474197387695,6286
2004-04-23,21.744924545288086,22.446374893188477,21.043474197387695,22.446374893188477,22.446374893188477,4815
2004-04-26,20.342025756835938,20.342025756835938,20.342025756835938,20.342025756835938,20.342025756835938,899
2004-04-27,20.342025756835938,21.043474197387695,20.342025756835938,20.342025756835938,20.342025756835938,3906
2004-04-28,19.64057731628418,22.446374893188477,19.64057731628418,20.342025756835938,20.342025756835938,2523
2004-04-29,19.64057731628418,20.342025756835938,18.939128875732422,20.342025756835938,20.342025756835938,9945
2004-04-30,18.939128875732422,19.64057731628418,17.53622817993164,18.939128875732422,18.939128875732422,15952
2004-05-03,18.939128875732422,21.043474197387695,18.939128875732422,18.939128875732422,18.939128875732422,2717
2004-05-04,18.939128875732422,21.043474197387695,18.939128875732422,19.64057731628418,19.64057731628418,1548
2004-05-05,18.23767852783203,20.342025756835938,18.23767852783203,20.342025756835938,20.342025756835938,4570
2004-05-06,18.939128875732422,20.342025756835938,18.939128875732422,19.64057731628418,19.64057731628418,590
2004-05-07,18.939128875732422,19.64057731628418,18.939128875732422,18.939128875732422,18.939128875732422,2172
2004-05-10,18.23767852783203,18.23767852783203,14.730433464050293,14.730433464050293,14.730433464050293,6523
2004-05-11,15.43188190460205,18.23767852783203,14.730433464050293,18.23767852783203,18.23767852783203,4767
2004-05-12,18.23767852783203,18.23767852783203,17.53622817993164,17.53622817993164,17.53622817993164,5537
2004-05-13,16.834779739379883,17.53622817993164,16.834779739379883,17.53622817993164,17.53622817993164,755
2004-05-14,15.43188190460205,16.834779739379883,15.43188190460205,16.834779739379883,16.834779739379883,10652
2004-05-17,15.43188190460205,15.43188190460205,14.028983116149902,14.730433464050293,14.730433464050293,17321
2004-05-18,17.53622817993164,17.53622817993164,14.730433464050293,16.133331298828125,16.133331298828125,1930
2004-05-19,16.133331298828125,16.834779739379883,15.43188190460205,16.133331298828125,16.133331298828125,9642
2004-05-20,14.730433464050293,17.53622817993164,14.730433464050293,16.133331298828125,16.133331298828125,14099
2004-05-21,16.834779739379883,17.53622817993164,16.834779739379883,17.53622817993164,17.53622817993164,7028
2004-05-24,17.53622817993164,17.53622817993164,17.53622817993164,17.53622817993164,17.53622817993164,42
2004-05-25,17.53622817993164,18.23767852783203,17.53622817993164,18.23767852783203,18.23767852783203,3164
2004-05-26,18.23767852783203,18.23767852783203,18.23767852783203,18.23767852783203,18.23767852783203,0
2004-05-27,18.939128875732422,19.64057731628418,18.23767852783203,19.64057731628418,19.64057731628418,8770
2004-05-28,19.64057731628418,21.043474197387695,18.939128875732422,20.342025756835938,20.342025756835938,36013
2004-05-31,18.939128875732422,19.64057731628418,18.23767852783203,18.939128875732422,18.939128875732422,14997
2004-06-01,18.939128875732422,19.64057731628418,17.53622817993164,17.53622817993164,17.53622817993164,7769
2004-06-02,19.64057731628418,19.64057731628418,18.23767852783203,18.939128875732422,18.939128875732422,7698
2004-06-03,18.939128875732422,18.939128875732422,17.53622817993164,18.23767852783203,18.23767852783203,12696
2004-06-04,18.23767852783203,19.64057731628418,18.23767852783203,18.23767852783203,18.23767852783203,3484
2004-06-07,18.23767852783203,18.939128875732422,18.23767852783203,18.939128875732422,18.939128875732422,3729
2004-06-08,18.939128875732422,20.342025756835938,18.939128875732422,18.939128875732422,18.939128875732422,10008
2004-06-09,18.939128875732422,20.342025756835938,18.939128875732422,18.939128875732422,18.939128875732422,7838
2004-06-10,18.939128875732422,18.939128875732422,18.23767852783203,18.939128875732422,18.939128875732422,13818
2004-06-11,18.939128875732422,18.939128875732422,18.23767852783203,18.23767852783203,18.23767852783203,7417
2004-06-14,18.23767852783203,18.939128875732422,17.53622817993164,17.53622817993164,17.53622817993164,16722
2004-06-15,18.23767852783203,18.23767852783203,17.53622817993164,18.23767852783203,18.23767852783203,12072
2004-06-16,18.939128875732422,18.939128875732422,18.23767852783203,18.23767852783203,18.23767852783203,4493
2004-06-17,17.53622817993164,17.53622817993164,16.834779739379883,16.834779739379883,16.834779739379883,5874
2004-06-18,16.133331298828125,16.133331298828125,15.43188190460205,16.133331298828125,16.133331298828125,10877
2004-06-21,14.730433464050293,16.834779739379883,14.730433464050293,16.834779739379883,16.834779739379883,6344
2004-06-22,16.834779739379883,16.834779739379883,16.834779739379883,16.834779739379883,16.834779739379883,0
2004-06-23,16.834779739379883,17.53622817993164,16.834779739379883,17.53622817993164,17.53622817993164,6700
2004-06-24,17.53622817993164,18.23767852783203,17.53622817993164,17.53622817993164,17.53622817993164,4273
2004-06-25,17.53622817993164,17.53622817993164,16.834779739379883,16.834779739379883,16.834779739379883,4462
2004-06-28,16.834779739379883,16.834779739379883,16.834779739379883,16.834779739379883,16.834779739379883,838
2004-06-29,16.834779739379883,16.834779739379883,16.834779739379883,16.834779739379883,16.834779739379883,6842
2004-06-30,16.834779739379883,17.53622817993164,16.133331298828125,17.53622817993164,17.53622817993164,8034
2004-07-01,17.53622817993164,17.53622817993164,17.53622817993164,17.53622817993164,17.53622817993164,0
2004-07-02,18.23767852783203,18.23767852783203,16.834779739379883,17.53622817993164,17.53622817993164,6857
2004-07-05,17.53622817993164,17.53622817993164,17.53622817993164,17.53622817993164,17.53622817993164,285
2004-07-06,18.23767852783203,18.23767852783203,16.834779739379883,16.834779739379883,16.834779739379883,4774
2004-07-07,16.133331298828125,16.133331298828125,15.43188190460205,15.43188190460205,15.43188190460205,74554
2004-07-08,15.43188190460205,15.43188190460205,13.327533721923828,14.028983116149902,14.028983116149902,99089
2004-07-09,13.327533721923828,13.327533721923828,11.223187446594238,11.924635887145996,11.924635887145996,99210
2004-07-12,11.924635887145996,12.62608528137207,11.223187446594238,11.924635887145996,11.924635887145996,32665
2004-07-13,11.223187446594238,12.62608528137207,11.223187446594238,11.223187446594238,11.223187446594238,19770
2004-07-14,11.924635887145996,11.924635887145996,11.223187446594238,11.223187446594238,11.223187446594238,12256
2004-07-15,11.223187446594238,11.924635887145996,10.521737098693848,10.521737098693848,10.521737098693848,23260
2004-07-16,10.521737098693848,11.223187446594238,8.417389869689941,9.820287704467773,9.820287704467773,54013
2004-07-19,10.521737098693848,11.223187446594238,9.820287704467773,11.223187446594238,11.223187446594238,48659
2004-07-20,10.521737098693848,11.223187446594238,9.820287704467773,10.521737098693848,10.521737098693848,10486
2004-07-21,10.521737098693848,11.223187446594238,10.521737098693848,10.521737098693848,10.521737098693848,9594
2004-07-22,10.521737098693848,11.223187446594238,10.521737098693848,11.223187446594238,11.223187446594238,18709
2004-07-23,10.521737098693848,11.223187446594238,10.521737098693848,11.223187446594238,11.223187446594238,7253
2004-07-26,11.223187446594238,11.223187446594238,10.521737098693848,10.521737098693848,10.521737098693848,9563
2004-07-27,10.521737098693848,11.223187446594238,10.521737098693848,10.521737098693848,10.521737098693848,4590
2004-07-28,11.223187446594238,11.223187446594238,10.521737098693848,10.521737098693848,10.521737098693848,5032
2004-07-29,11.223187446594238,11.223187446594238,10.521737098693848,10.521737098693848,10.521737098693848,10315
2004-07-30,10.521737098693848,11.223187446594238,9.820287704467773,11.223187446594238,11.223187446594238,20871
2004-08-02,10.521737098693848,10.521737098693848,9.820287704467773,9.820287704467773,9.820287704467773,26371
2004-08-03,9.820287704467773,10.521737098693848,9.820287704467773,10.521737098693848,10.521737098693848,1739
2004-08-04,9.820287704467773,10.521737098693848,9.820287704467773,10.521737098693848,10.521737098693848,12670
2004-08-05,9.820287704467773,11.223187446594238,9.820287704467773,11.223187446594238,11.223187446594238,2338
2004-08-06,9.820287704467773,10.521737098693848,9.820287704467773,9.820287704467773,9.820287704467773,15114
2004-08-09,9.820287704467773,10.521737098693848,9.820287704467773,9.820287704467773,9.820287704467773,2982
2004-08-10,9.820287704467773,10.521737098693848,9.820287704467773,9.820287704467773,9.820287704467773,4005
2004-08-11,10.521737098693848,10.521737098693848,9.118839263916016,9.820287704467773,9.820287704467773,14247
2004-08-12,9.118839263916016,10.521737098693848,9.118839263916016,9.820287704467773,9.820287704467773,6070
2004-08-13,9.820287704467773,10.521737098693848,9.820287704467773,9.820287704467773,9.820287704467773,5408
2004-08-16,9.820287704467773,9.820287704467773,9.118839263916016,9.118839263916016,9.118839263916016,4507
2004-08-17,9.820287704467773,9.820287704467773,9.118839263916016,9.820287704467773,9.820287704467773,4678
2004-08-18,9.820287704467773,9.820287704467773,9.118839263916016,9.118839263916016,9.118839263916016,8636
2004-08-19,9.118839263916016,9.820287704467773,9.118839263916016,9.118839263916016,9.118839263916016,9870
2004-08-20,9.118839263916016,9.820287704467773,9.118839263916016,9.118839263916016,9.118839263916016,4236
2004-08-23,9.118839263916016,9.820287704467773,9.118839263916016,9.118839263916016,9.118839263916016,264519
2004-08-24,9.118839263916016,9.118839263916016,9.118839263916016,9.118839263916016,9.118839263916016,0
2004-08-25,9.820287704467773,9.820287704467773,9.820287704467773,9.820287704467773,9.820287704467773,0
2004-08-26,9.820287704467773,9.820287704467773,9.820287704467773,9.820287704467773,9.820287704467773,0
2004-08-27,9.820287704467773,9.820287704467773,9.820287704467773,9.820287704467773,9.820287704467773,0
2004-08-30,9.820287704467773,9.820287704467773,9.820287704467773,9.820287704467773,9.820287704467773,0
2004-08-31,9.820287704467773,9.820287704467773,9.820287704467773,9.820287704467773,9.820287704467773,0
2004-09-01,9.820287704467773,9.820287704467773,9.820287704467773,9.820287704467773,9.820287704467773,0
2004-09-02,9.820287704467773,9.820287704467773,9.820287704467773,9.820287704467773,9.820287704467773,0
2004-09-03,9.820287704467773,9.820287704467773,9.820287704467773,9.820287704467773,9.820287704467773,0
2004-09-06,9.820287704467773,9.820287704467773,9.820287704467773,9.820287704467773,9.820287704467773,0
2004-09-07,10.171012878417969,10.171012878417969,9.820287704467773,9.995651245117188,9.995651245117188,2298
2004-09-08,9.995651245117188,10.872462272644043,9.820287704467773,10.872462272644043,10.872462272644043,6697
2004-09-09,9.820287704467773,11.047823905944824,9.820287704467773,9.820287704467773,9.820287704467773,1501
2004-09-10,9.820287704467773,9.820287704467773,9.820287704467773,9.820287704467773,9.820287704467773,1849
2004-09-13,9.820287704467773,10.521737098693848,9.820287704467773,9.995651245117188,9.995651245117188,17150
2004-09-14,10.521737098693848,10.521737098693848,9.118839263916016,9.118839263916016,9.118839263916016,4012
2004-09-15,9.469564437866211,10.872462272644043,9.469564437866211,10.521737098693848,10.521737098693848,31457
2004-09-16,10.521737098693848,10.872462272644043,10.346375465393066,10.521737098693848,10.521737098693848,10032
2004-09-17,10.521737098693848,10.521737098693848,10.171012878417969,10.171012878417969,10.171012878417969,16952
2004-09-20,10.346375465393066,10.521737098693848,10.346375465393066,10.521737098693848,10.521737098693848,4919
2004-09-21,10.521737098693848,10.872462272644043,10.521737098693848,10.872462272644043,10.872462272644043,8158
2004-09-22,11.223187446594238,11.924635887145996,11.047823905944824,11.39854907989502,11.39854907989502,14879
2004-09-23,11.5739107131958,13.327533721923828,11.39854907989502,13.327533721923828,13.327533721923828,70389
2004-09-24,14.028983116149902,14.028983116149902,12.801446914672852,12.976810455322266,12.976810455322266,37234
2004-09-27,12.275360107421875,12.450722694396973,10.872462272644043,10.872462272644043,10.872462272644043,60204
2004-09-28,11.047823905944824,11.39854907989502,10.521737098693848,10.697099685668945,10.697099685668945,49130
2004-09-29,10.697099685668945,10.697099685668945,10.697099685668945,10.697099685668945,10.697099685668945,0
2004-09-30,10.697099685668945,11.39854907989502,10.697099685668945,10.697099685668945,10.697099685668945,23720
2004-10-01,10.697099685668945,10.697099685668945,10.697099685668945,10.697099685668945,10.697099685668945,0
2004-10-04,10.872462272644043,10.872462272644043,10.697099685668945,10.872462272644043,10.872462272644043,27012
2004-10-05,10.521737098693848,10.872462272644043,10.521737098693848,10.521737098693848,10.521737098693848,19178
2004-10-06,10.521737098693848,10.872462272644043,10.521737098693848,10.521737098693848,10.521737098693848,26388
2004-10-07,10.521737098693848,10.872462272644043,10.346375465393066,10.872462272644043,10.872462272644043,30376
2004-10-08,10.872462272644043,11.5739107131958,10.697099685668945,10.697099685668945,10.697099685668945,39462
2004-10-11,10.346375465393066,10.521737098693848,10.171012878417969,10.521737098693848,10.521737098693848,38567
2004-10-12,9.820287704467773,10.346375465393066,9.820287704467773,10.346375465393066,10.346375465393066,21545
2004-10-13,10.521737098693848,10.521737098693848,10.171012878417969,10.171012878417969,10.171012878417969,24813
2004-10-14,9.995651245117188,10.521737098693848,9.995651245117188,10.171012878417969,10.171012878417969,15427
2004-10-15,10.171012878417969,10.521737098693848,9.995651245117188,10.521737098693848,10.521737098693848,16915
2004-10-18,10.872462272644043,12.62608528137207,10.872462272644043,11.5739107131958,11.5739107131958,119483
2004-10-19,11.924635887145996,12.099998474121094,11.39854907989502,11.39854907989502,11.39854907989502,43067
2004-10-20,11.047823905944824,11.223187446594238,10.872462272644043,11.223187446594238,11.223187446594238,30652
2004-10-21,10.872462272644043,11.047823905944824,10.697099685668945,11.047823905944824,11.047823905944824,17354
2004-10-22,11.047823905944824,11.047823905944824,11.047823905944824,11.047823905944824,11.047823905944824,0
2004-10-25,10.521737098693848,10.521737098693848,10.171012878417969,10.346375465393066,10.346375465393066,31389
2004-10-26,10.521737098693848,10.521737098693848,10.521737098693848,10.521737098693848,10.521737098693848,4313
2004-10-27,10.521737098693848,10.521737098693848,10.521737098693848,10.521737098693848,10.521737098693848,4432
2004-10-28,10.521737098693848,10.872462272644043,10.521737098693848,10.521737098693848,10.521737098693848,3232
2004-10-29,10.521737098693848,10.521737098693848,10.346375465393066,10.521737098693848,10.521737098693848,6986
2004-11-01,10.346375465393066,10.521737098693848,10.171012878417969,10.521737098693848,10.521737098693848,14346
2004-11-02,10.521737098693848,11.5739107131958,10.521737098693848,11.5739107131958,11.5739107131958,37634
2004-11-03,11.223187446594238,11.5739107131958,11.223187446594238,11.5739107131958,11.5739107131958,40955
2004-11-04,11.223187446594238,11.223187446594238,10.872462272644043,10.872462272644043,10.872462272644043,24612
2004-11-05,11.047823905944824,11.223187446594238,11.047823905944824,11.047823905944824,11.047823905944824,22890
2004-11-08,11.047823905944824,11.047823905944824,10.872462272644043,11.047823905944824,11.047823905944824,11840
2004-11-09,11.223187446594238,11.39854907989502,10.697099685668945,11.047823905944824,11.047823905944824,2876
2004-11-10,10.872462272644043,11.223187446594238,10.872462272644043,10.872462272644043,10.872462272644043,8679
2004-11-11,10.872462272644043,11.047823905944824,10.697099685668945,11.047823905944824,11.047823905944824,7751
2004-11-12,10.872462272644043,11.39854907989502,10.521737098693848,11.39854907989502,11.39854907989502,48373
2004-11-15,11.223187446594238,11.223187446594238,11.047823905944824,11.047823905944824,11.047823905944824,8976
2004-11-16,11.047823905944824,11.047823905944824,10.872462272644043,10.872462272644043,10.872462272644043,25161
2004-11-17,10.697099685668945,10.872462272644043,10.697099685668945,10.872462272644043,10.872462272644043,6549
2004-11-18,10.872462272644043,11.5739107131958,10.872462272644043,11.5739107131958,11.5739107131958,42976
2004-11-19,11.047823905944824,11.223187446594238,11.047823905944824,11.047823905944824,11.047823905944824,6337
2004-11-22,11.047823905944824,11.047823905944824,11.047823905944824,11.047823905944824,11.047823905944824,0
2004-11-23,11.5739107131958,18.939128875732422,10.521737098693848,13.853620529174805,13.853620529174805,352001
2004-11-24,13.327533721923828,14.905795097351074,12.275360107421875,14.379708290100098,14.379708290100098,191885
2004-11-25,14.379708290100098,14.555069923400879,12.801446914672852,13.152172088623047,13.152172088623047,86673
2004-11-26,12.801446914672852,13.502896308898926,12.801446914672852,13.502896308898926,13.502896308898926,39030
2004-11-29,13.327533721923828,13.502896308898926,12.976810455322266,13.152172088623047,13.152172088623047,34450
2004-11-30,12.976810455322266,13.502896308898926,12.976810455322266,12.976810455322266,12.976810455322266,14361
2004-12-01,12.450722694396973,13.327533721923828,12.450722694396973,12.801446914672852,12.801446914672852,36305
2004-12-02,12.976810455322266,13.152172088623047,12.275360107421875,12.62608528137207,12.62608528137207,14554
2004-12-03,12.801446914672852,12.976810455322266,11.749274253845215,11.924635887145996,11.924635887145996,45814
2004-12-06,11.5739107131958,12.099998474121094,11.5739107131958,11.924635887145996,11.924635887145996,21748
2004-12-07,11.924635887145996,11.924635887145996,11.749274253845215,11.749274253845215,11.749274253845215,13460
2004-12-08,11.924635887145996,12.099998474121094,11.39854907989502,11.39854907989502,11.39854907989502,49117
2004-12-09,11.39854907989502,11.5739107131958,11.223187446594238,11.5739107131958,11.5739107131958,19085
2004-12-10,11.5739107131958,11.5739107131958,11.047823905944824,11.047823905944824,11.047823905944824,21802
2004-12-13,10.697099685668945,11.749274253845215,10.697099685668945,11.223187446594238,11.223187446594238,12040
2004-12-14,11.047823905944824,11.39854907989502,11.047823905944824,11.39854907989502,11.39854907989502,8663
2004-12-15,11.047823905944824,11.223187446594238,10.872462272644043,11.223187446594238,11.223187446594238,11098
2004-12-16,11.223187446594238,11.223187446594238,11.047823905944824,11.223187446594238,11.223187446594238,8881
2004-12-17,10.872462272644043,11.223187446594238,10.872462272644043,11.223187446594238,11.223187446594238,8409
2004-12-20,11.39854907989502,11.5739107131958,11.223187446594238,11.5739107131958,11.5739107131958,15356
2004-12-21,11.223187446594238,11.5739107131958,10.697099685668945,11.223187446594238,11.223187446594238,12305
2004-12-22,11.223187446594238,11.749274253845215,11.223187446594238,11.5739107131958,11.5739107131958,14919
2004-12-23,11.749274253845215,11.749274253845215,11.223187446594238,11.5739107131958,11.5739107131958,37713
2004-12-24,11.5739107131958,11.924635887145996,11.39854907989502,11.924635887145996,11.924635887145996,10026
2004-12-27,11.924635887145996,11.924635887145996,11.924635887145996,11.924635887145996,11.924635887145996,0
2004-12-28,11.5739107131958,11.924635887145996,11.5739107131958,11.5739107131958,11.5739107131958,7798
2004-12-29,11.924635887145996,12.275360107421875,11.749274253845215,12.275360107421875,12.275360107421875,14536
2004-12-30,12.62608528137207,12.62608528137207,11.924635887145996,11.924635887145996,11.924635887145996,10722
2004-12-31,11.924635887145996,11.924635887145996,11.749274253845215,11.749274253845215,11.749274253845215,10826
2005-01-03,11.924635887145996,12.976810455322266,11.924635887145996,12.62608528137207,12.62608528137207,35199
2005-01-04,12.62608528137207,13.152172088623047,12.275360107421875,12.976810455322266,12.976810455322266,65003
2005-01-05,12.450722694396973,12.62608528137207,11.749274253845215,12.275360107421875,12.275360107421875,32204
2005-01-06,12.275360107421875,12.801446914672852,12.275360107421875,12.62608528137207,12.62608528137207,45277
2005-01-07,11.924635887145996,11.924635887145996,11.39854907989502,11.39854907989502,11.39854907989502,34860
2005-01-10,11.749274253845215,12.099998474121094,11.39854907989502,11.749274253845215,11.749274253845215,27643
2005-01-11,11.5739107131958,11.5739107131958,11.5739107131958,11.5739107131958,11.5739107131958,5989
2005-01-12,11.5739107131958,11.5739107131958,11.223187446594238,11.223187446594238,11.223187446594238,11366
2005-01-13,10.697099685668945,11.5739107131958,10.697099685668945,10.872462272644043,10.872462272644043,3792
2005-01-14,10.872462272644043,11.5739107131958,10.872462272644043,11.5739107131958,11.5739107131958,6581
2005-01-17,10.521737098693848,11.749274253845215,10.521737098693848,11.749274253845215,11.749274253845215,7819
2005-01-18,11.5739107131958,12.275360107421875,11.5739107131958,12.275360107421875,12.275360107421875,8171
2005-01-19,11.5739107131958,11.5739107131958,11.5739107131958,11.5739107131958,11.5739107131958,6617
2005-01-20,11.5739107131958,11.749274253845215,11.5739107131958,11.749274253845215,11.749274253845215,4794
2005-01-21,11.223187446594238,11.749274253845215,11.223187446594238,11.5739107131958,11.5739107131958,12458
2005-01-24,11.39854907989502,11.39854907989502,11.39854907989502,11.39854907989502,11.39854907989502,8898
2005-01-25,11.749274253845215,11.749274253845215,11.223187446594238,11.5739107131958,11.5739107131958,8847
2005-01-26,10.521737098693848,10.872462272644043,9.820287704467773,9.820287704467773,9.820287704467773,39094
2005-01-27,9.995651245117188,10.171012878417969,9.995651245117188,9.995651245117188,9.995651245117188,9635
2005-01-28,9.995651245117188,10.171012878417969,9.820287704467773,9.995651245117188,9.995651245117188,20096
2005-01-31,9.820287704467773,9.995651245117188,9.820287704467773,9.820287704467773,9.820287704467773,6913
2005-02-01,9.820287704467773,9.820287704467773,9.469564437866211,9.469564437866211,9.469564437866211,15259
2005-02-02,9.820287704467773,9.820287704467773,9.294200897216797,9.294200897216797,9.294200897216797,9262
2005-02-03,9.118839263916016,9.469564437866211,9.118839263916016,9.469564437866211,9.469564437866211,11954
2005-02-04,9.294200897216797,9.820287704467773,9.294200897216797,9.820287704467773,9.820287704467773,5253
2005-02-07,9.294200897216797,9.820287704467773,9.294200897216797,9.820287704467773,9.820287704467773,3818
2005-02-08,9.820287704467773,9.820287704467773,9.294200897216797,9.294200897216797,9.294200897216797,5156
2005-02-14,9.294200897216797,9.820287704467773,9.294200897216797,9.469564437866211,9.469564437866211,6009
2005-02-15,9.820287704467773,9.820287704467773,8.697970390319824,9.294200897216797,9.294200897216797,54663
2005-02-16,9.118839263916016,9.294200897216797,8.943476676940918,9.118839263916016,9.118839263916016,23951
2005-02-17,8.943476676940918,8.943476676940918,8.662897109985352,8.943476676940918,8.943476676940918,45178
2005-02-18,8.697970390319824,8.943476676940918,8.697970390319824,8.76811408996582,8.76811408996582,7812
2005-02-21,8.76811408996582,8.943476676940918,8.592752456665039,8.76811408996582,8.76811408996582,28907
2005-02-22,8.76811408996582,9.118839263916016,8.76811408996582,9.118839263916016,9.118839263916016,47090
2005-02-23,8.76811408996582,8.943476676940918,8.733041763305664,8.943476676940918,8.943476676940918,44290
2005-02-24,8.76811408996582,9.820287704467773,8.76811408996582,9.644926071166992,9.644926071166992,63131
2005-02-25,9.644926071166992,10.872462272644043,9.644926071166992,9.995651245117188,9.995651245117188,156287
2005-02-28,10.346375465393066,11.39854907989502,10.171012878417969,10.697099685668945,10.697099685668945,173683
2005-03-01,10.171012878417969,10.346375465393066,9.820287704467773,10.171012878417969,10.171012878417969,59428
2005-03-02,10.171012878417969,10.171012878417969,9.644926071166992,9.644926071166992,9.644926071166992,22602
2005-03-03,9.820287704467773,9.995651245117188,9.820287704467773,9.820287704467773,9.820287704467773,12531
2005-03-04,9.469564437866211,10.171012878417969,9.469564437866211,9.995651245117188,9.995651245117188,8638
2005-03-07,9.995651245117188,11.047823905944824,9.995651245117188,10.697099685668945,10.697099685668945,120197
2005-03-08,10.697099685668945,11.047823905944824,10.346375465393066,10.346375465393066,10.346375465393066,77129
2005-03-09,9.820287704467773,10.171012878417969,9.294200897216797,10.171012878417969,10.171012878417969,309308
2005-03-10,9.644926071166992,9.995651245117188,9.644926071166992,9.644926071166992,9.644926071166992,222639
2005-03-11,9.644926071166992,9.820287704467773,9.469564437866211,9.469564437866211,9.469564437866211,127844
2005-03-14,9.469564437866211,9.995651245117188,9.469564437866211,9.820287704467773,9.820287704467773,57091
2005-03-15,9.995651245117188,9.995651245117188,9.644926071166992,9.644926071166992,9.644926071166992,81914
2005-03-16,9.469564437866211,9.820287704467773,9.469564437866211,9.820287704467773,9.820287704467773,52215
2005-03-17,9.644926071166992,9.820287704467773,9.469564437866211,9.820287704467773,9.820287704467773,137297
2005-03-18,9.644926071166992,9.820287704467773,9.644926071166992,9.820287704467773,9.820287704467773,13103
2005-03-21,9.644926071166992,9.820287704467773,9.644926071166992,9.820287704467773,9.820287704467773,79506
2005-03-22,9.644926071166992,9.644926071166992,9.294200897216797,9.469564437866211,9.469564437866211,91345
2005-03-23,9.294200897216797,9.294200897216797,8.76811408996582,9.118839263916016,9.118839263916016,61842
2005-03-24,9.118839263916016,9.118839263916016,8.592752456665039,8.943476676940918,8.943476676940918,36577
2005-03-29,8.943476676940918,8.943476676940918,8.592752456665039,8.943476676940918,8.943476676940918,35218
2005-03-30,8.943476676940918,8.943476676940918,8.627824783325195,8.943476676940918,8.943476676940918,5037
2005-03-31,8.943476676940918,8.943476676940918,8.733041763305664,8.943476676940918,8.943476676940918,10867
2005-04-01,8.592752456665039,8.943476676940918,8.592752456665039,8.943476676940918,8.943476676940918,15655
2005-04-04,8.943476676940918,9.469564437866211,8.733041763305664,9.469564437866211,9.469564437866211,92831
2005-04-06,9.469564437866211,9.644926071166992,9.118839263916016,9.469564437866211,9.469564437866211,5024
2005-04-07,9.469564437866211,9.644926071166992,8.943476676940918,9.644926071166992,9.644926071166992,16646
2005-04-08,9.469564437866211,10.346375465393066,9.118839263916016,10.346375465393066,10.346375465393066,238733
2005-04-11,10.521737098693848,11.047823905944824,9.820287704467773,10.872462272644043,10.872462272644043,300018
2005-04-12,11.39854907989502,11.39854907989502,9.995651245117188,10.521737098693848,10.521737098693848,280032
2005-04-13,9.995651245117188,10.521737098693848,9.995651245117188,10.521737098693848,10.521737098693848,30609
2005-04-14,10.171012878417969,10.171012878417969,9.995651245117188,10.171012878417969,10.171012878417969,13826
2005-04-15,10.346375465393066,10.346375465393066,9.644926071166992,9.995651245117188,9.995651245117188,47587
2005-04-18,9.294200897216797,9.820287704467773,9.294200897216797,9.644926071166992,9.644926071166992,7550
2005-04-19,9.644926071166992,9.995651245117188,9.644926071166992,9.995651245117188,9.995651245117188,59505
2005-04-20,9.820287704467773,9.995651245117188,9.644926071166992,9.995651245117188,9.995651245117188,29187
2005-04-21,9.995651245117188,9.995651245117188,9.995651245117188,9.995651245117188,9.995651245117188,0
2005-04-22,10.171012878417969,10.521737098693848,9.644926071166992,9.995651245117188,9.995651245117188,84006
2005-04-25,9.995651245117188,9.995651245117188,9.820287704467773,9.820287704467773,9.820287704467773,18291
2005-04-26,9.820287704467773,9.995651245117188,9.469564437866211,9.995651245117188,9.995651245117188,102829
2005-04-27,9.820287704467773,9.995651245117188,9.644926071166992,9.644926071166992,9.644926071166992,8416
2005-04-28,9.644926071166992,9.995651245117188,9.469564437866211,9.995651245117188,9.995651245117188,39046
2005-04-29,9.995651245117188,9.995651245117188,9.469564437866211,9.820287704467773,9.820287704467773,33330
2005-05-03,9.995651245117188,9.995651245117188,9.294200897216797,9.644926071166992,9.644926071166992,50770
2005-05-04,9.294200897216797,9.995651245117188,9.294200897216797,9.820287704467773,9.820287704467773,40889
2005-05-05,9.995651245117188,10.521737098693848,9.995651245117188,10.346375465393066,10.346375465393066,105965
2005-05-06,10.346375465393066,12.62608528137207,10.346375465393066,12.450722694396973,12.450722694396973,1056106
2005-05-09,12.450722694396973,12.976810455322266,11.924635887145996,12.275360107421875,12.275360107421875,426165
2005-05-10,12.275360107421875,12.450722694396973,12.099998474121094,12.450722694396973,12.450722694396973,153787
2005-05-11,12.450722694396973,12.450722694396973,11.5739107131958,12.099998474121094,12.099998474121094,94083
2005-05-12,11.749274253845215,12.099998474121094,11.39854907989502,11.5739107131958,11.5739107131958,96497
2005-05-13,11.39854907989502,11.749274253845215,11.223187446594238,11.749274253845215,11.749274253845215,119921
2005-05-17,11.924635887145996,13.327533721923828,11.924635887145996,13.152172088623047,13.152172088623047,349578
2005-05-18,13.502896308898926,13.502896308898926,12.450722694396973,12.976810455322266,12.976810455322266,88274
2005-05-19,12.62608528137207,12.801446914672852,11.749274253845215,12.275360107421875,12.275360107421875,62285
2005-05-20,12.099998474121094,12.275360107421875,11.39854907989502,11.749274253845215,11.749274253845215,10570
2005-05-23,11.749274253845215,11.924635887145996,11.5739107131958,11.749274253845215,11.749274253845215,39858
2005-05-24,11.749274253845215,12.62608528137207,11.749274253845215,12.62608528137207,12.62608528137207,22674
2005-05-25,12.099998474121094,12.275360107421875,11.924635887145996,12.275360107421875,12.275360107421875,39900
2005-05-26,12.275360107421875,12.62608528137207,12.275360107421875,12.62608528137207,12.62608528137207,25171
2005-05-27,12.275360107421875,12.62608528137207,12.275360107421875,12.62608528137207,12.62608528137207,24098
2005-05-30,12.275360107421875,12.801446914672852,12.275360107421875,12.801446914672852,12.801446914672852,31711
2005-05-31,12.62608528137207,13.853620529174805,12.62608528137207,13.853620529174805,13.853620529174805,171014
2005-06-01,14.204345703125,14.730433464050293,14.028983116149902,14.730433464050293,14.730433464050293,142630
2005-06-02,14.905795097351074,15.081156730651855,14.204345703125,14.555069923400879,14.555069923400879,96938
2005-06-03,14.379708290100098,14.555069923400879,13.678258895874023,14.028983116149902,14.028983116149902,56192
2005-06-06,13.678258895874023,14.204345703125,13.327533721923828,14.028983116149902,14.028983116149902,72854
2005-06-07,13.853620529174805,14.379708290100098,13.853620529174805,14.028983116149902,14.028983116149902,33029
2005-06-08,13.678258895874023,14.028983116149902,13.327533721923828,13.678258895874023,13.678258895874023,71178
2005-06-09,13.152172088623047,13.678258895874023,12.976810455322266,13.502896308898926,13.502896308898926,16245
2005-06-10,13.502896308898926,13.502896308898926,12.976810455322266,13.152172088623047,13.152172088623047,24722
2005-06-13,12.450722694396973,12.62608528137207,11.223187446594238,12.275360107421875,12.275360107421875,99349
2005-06-14,12.801446914672852,12.801446914672852,11.5739107131958,11.749274253845215,11.749274253845215,51374
2005-06-15,11.924635887145996,12.275360107421875,11.924635887145996,12.099998474121094,12.099998474121094,19406
2005-06-16,11.749274253845215,12.275360107421875,11.749274253845215,12.275360107421875,12.275360107421875,477
2005-06-17,12.275360107421875,12.275360107421875,12.275360107421875,12.275360107421875,12.275360107421875,6022
2005-06-20,12.62608528137207,12.62608528137207,12.62608528137207,12.62608528137207,12.62608528137207,595
2005-06-21,11.924635887145996,12.62608528137207,11.749274253845215,12.62608528137207,12.62608528137207,3121
2005-06-22,12.62608528137207,13.853620529174805,12.62608528137207,13.327533721923828,13.327533721923828,97715
2005-06-23,12.976810455322266,13.327533721923828,12.801446914672852,13.327533721923828,13.327533721923828,7285
2005-06-24,13.327533721923828,13.502896308898926,12.62608528137207,13.152172088623047,13.152172088623047,32043
2005-06-27,12.801446914672852,13.152172088623047,12.450722694396973,13.152172088623047,13.152172088623047,6127
2005-06-28,13.327533721923828,13.327533721923828,12.62608528137207,13.152172088623047,13.152172088623047,21612
2005-06-29,12.976810455322266,12.976810455322266,12.62608528137207,12.976810455322266,12.976810455322266,22727
2005-06-30,12.976810455322266,12.976810455322266,12.450722694396973,12.450722694396973,12.450722694396973,2808
2005-07-04,11.749274253845215,11.749274253845215,10.171012878417969,10.346375465393066,10.346375465393066,145249
2005-07-05,10.521737098693848,10.521737098693848,9.644926071166992,9.644926071166992,9.644926071166992,126595
2005-07-06,9.820287704467773,10.171012878417969,9.820287704467773,10.171012878417969,10.171012878417969,26984
2005-07-07,9.820287704467773,9.820287704467773,9.469564437866211,9.820287704467773,9.820287704467773,58208
2005-07-08,9.644926071166992,10.171012878417969,9.469564437866211,10.171012878417969,10.171012878417969,19381
2005-07-11,10.171012878417969,11.223187446594238,10.171012878417969,10.521737098693848,10.521737098693848,7699
2005-07-12,9.820287704467773,10.171012878417969,9.469564437866211,10.171012878417969,10.171012878417969,41212
2005-07-13,9.644926071166992,10.171012878417969,9.644926071166992,10.171012878417969,10.171012878417969,6777
2005-07-14,10.346375465393066,10.346375465393066,9.820287704467773,10.346375465393066,10.346375465393066,4235
2005-07-15,10.346375465393066,10.346375465393066,9.820287704467773,10.171012878417969,10.171012878417969,31185
2005-07-18,10.171012878417969,11.047823905944824,10.171012878417969,10.521737098693848,10.521737098693848,91687
2005-07-19,10.872462272644043,11.223187446594238,9.995651245117188,10.697099685668945,10.697099685668945,117565
2005-07-20,10.171012878417969,10.521737098693848,9.995651245117188,10.171012878417969,10.171012878417969,11635
2005-07-21,10.697099685668945,10.872462272644043,10.346375465393066,10.346375465393066,10.346375465393066,14667
2005-07-22,10.346375465393066,10.346375465393066,9.995651245117188,10.346375465393066,10.346375465393066,13722
2005-07-25,10.346375465393066,10.346375465393066,10.171012878417969,10.346375465393066,10.346375465393066,9265
2005-07-26,10.521737098693848,10.521737098693848,9.995651245117188,10.346375465393066,10.346375465393066,15253
2005-07-27,9.118839263916016,10.521737098693848,9.118839263916016,9.995651245117188,9.995651245117188,6226
2005-07-28,9.644926071166992,9.820287704467773,9.644926071166992,9.820287704467773,9.820287704467773,7807
2005-07-29,10.171012878417969,10.346375465393066,9.995651245117188,10.346375465393066,10.346375465393066,4504
2005-08-01,9.644926071166992,9.995651245117188,9.294200897216797,9.995651245117188,9.995651245117188,54307
2005-08-02,9.644926071166992,9.995651245117188,9.644926071166992,9.644926071166992,9.644926071166992,25224
2005-08-03,9.644926071166992,9.820287704467773,9.644926071166992,9.820287704467773,9.820287704467773,36918
2005-08-04,9.644926071166992,9.995651245117188,9.469564437866211,9.820287704467773,9.820287704467773,48577
2005-08-05,9.820287704467773,9.995651245117188,9.644926071166992,9.995651245117188,9.995651245117188,29121
2005-08-08,10.171012878417969,10.872462272644043,9.820287704467773,10.872462272644043,10.872462272644043,43127
2005-08-09,10.872462272644043,10.872462272644043,9.995651245117188,9.995651245117188,9.995651245117188,42624
2005-08-10,10.171012878417969,10.346375465393066,9.995651245117188,10.346375465393066,10.346375465393066,22273
2005-08-11,10.521737098693848,10.697099685668945,9.820287704467773,9.995651245117188,9.995651245117188,60768
2005-08-12,9.995651245117188,10.346375465393066,9.820287704467773,10.171012878417969,10.171012878417969,58122
2005-08-15,10.697099685668945,11.39854907989502,10.521737098693848,10.697099685668945,10.697099685668945,189196
2005-08-16,10.697099685668945,10.872462272644043,10.171012878417969,10.171012878417969,10.171012878417969,74055
2005-08-17,10.697099685668945,10.872462272644043,10.171012878417969,10.697099685668945,10.697099685668945,56114
2005-08-18,10.171012878417969,10.521737098693848,9.995651245117188,9.995651245117188,9.995651245117188,35860
2005-08-19,10.346375465393066,10.346375465393066,9.820287704467773,10.171012878417969,10.171012878417969,22285
2005-08-22,9.820287704467773,10.346375465393066,9.820287704467773,10.171012878417969,10.171012878417969,15594
2005-08-23,9.820287704467773,10.171012878417969,9.820287704467773,10.171012878417969,10.171012878417969,28119
2005-08-24,9.995651245117188,9.995651245117188,9.820287704467773,9.995651245117188,9.995651245117188,17675
2005-08-25,10.171012878417969,10.171012878417969,9.820287704467773,9.820287704467773,9.820287704467773,10925
2005-08-26,9.820287704467773,9.995651245117188,9.644926071166992,9.995651245117188,9.995651245117188,13266
2005-08-29,9.644926071166992,10.521737098693848,9.469564437866211,10.521737098693848,10.521737098693848,21974
2005-08-30,10.346375465393066,10.346375465393066,9.644926071166992,10.171012878417969,10.171012878417969,26493
2005-08-31,10.171012878417969,10.171012878417969,10.171012878417969,10.171012878417969,10.171012878417969,125
2005-09-01,9.995651245117188,11.047823905944824,9.995651245117188,10.346375465393066,10.346375465393066,272210
2005-09-02,10.521737098693848,10.521737098693848,10.171012878417969,10.521737098693848,10.521737098693848,61017
2005-09-05,10.521737098693848,10.697099685668945,10.171012878417969,10.346375465393066,10.346375465393066,75890
2005-09-06,10.171012878417969,10.521737098693848,9.995651245117188,10.346375465393066,10.346375465393066,77542
2005-09-07,10.171012878417969,10.346375465393066,9.995651245117188,10.346375465393066,10.346375465393066,99749
2005-09-08,10.521737098693848,10.521737098693848,9.995651245117188,10.171012878417969,10.171012878417969,80226
2005-09-09,9.820287704467773,9.995651245117188,9.644926071166992,9.995651245117188,9.995651245117188,61629
2005-09-12,9.820287704467773,9.995651245117188,9.644926071166992,9.995651245117188,9.995651245117188,76990
2005-09-13,9.820287704467773,9.820287704467773,9.644926071166992,9.820287704467773,9.820287704467773,34610
2005-09-14,9.995651245117188,9.995651245117188,9.294200897216797,9.644926071166992,9.644926071166992,121223
2005-09-15,9.294200897216797,9.469564437866211,9.118839263916016,9.294200897216797,9.294200897216797,54184
2005-09-16,9.294200897216797,9.469564437866211,8.943476676940918,9.469564437866211,9.469564437866211,23246
2005-09-20,8.943476676940918,9.294200897216797,8.943476676940918,9.294200897216797,9.294200897216797,28802
2005-09-21,8.943476676940918,9.118839263916016,8.943476676940918,9.118839263916016,9.118839263916016,25202
2005-09-22,8.943476676940918,9.118839263916016,8.943476676940918,9.118839263916016,9.118839263916016,38066
2005-09-23,8.943476676940918,9.118839263916016,8.76811408996582,8.943476676940918,8.943476676940918,33443
2005-09-26,8.943476676940918,9.294200897216797,8.943476676940918,9.294200897216797,9.294200897216797,31854
2005-09-27,9.294200897216797,10.171012878417969,9.118839263916016,9.469564437866211,9.469564437866211,397485
2005-09-28,9.294200897216797,9.469564437866211,8.943476676940918,9.118839263916016,9.118839263916016,63258
2005-09-29,9.294200897216797,9.469564437866211,9.118839263916016,9.294200897216797,9.294200897216797,14009
2005-09-30,9.294200897216797,9.294200897216797,8.943476676940918,9.294200897216797,9.294200897216797,32
2005-10-03,8.943476676940918,9.294200897216797,8.943476676940918,9.294200897216797,9.294200897216797,38063
2005-10-04,9.294200897216797,9.469564437866211,8.943476676940918,9.294200897216797,9.294200897216797,45859
2005-10-05,9.118839263916016,9.294200897216797,8.943476676940918,9.294200897216797,9.294200897216797,35950
2005-10-06,8.943476676940918,10.521737098693848,8.76811408996582,9.118839263916016,9.118839263916016,283585
2005-10-07,9.118839263916016,9.995651245117188,9.118839263916016,9.644926071166992,9.644926071166992,509556
2005-10-10,9.644926071166992,10.872462272644043,9.644926071166992,9.995651245117188,9.995651245117188,922647
2005-10-12,9.995651245117188,9.995651245117188,8.943476676940918,9.118839263916016,9.118839263916016,415580
2005-10-13,9.118839263916016,9.644926071166992,9.118839263916016,9.469564437866211,9.469564437866211,263946
2005-10-14,9.644926071166992,9.995651245117188,9.469564437866211,9.644926071166992,9.644926071166992,552651
2005-10-17,9.644926071166992,9.644926071166992,9.118839263916016,9.118839263916016,9.118839263916016,121777
2005-10-18,9.294200897216797,9.294200897216797,8.417389869689941,8.48753547668457,8.48753547668457,160317
2005-10-19,8.417389869689941,8.52260684967041,8.347245216369629,8.452462196350098,8.452462196350098,123567
2005-10-20,8.347245216369629,8.52260684967041,7.891303062438965,8.066664695739746,8.066664695739746,88126
2005-10-21,8.066664695739746,8.277099609375,8.031593322753906,8.277099609375,8.277099609375,42369
2005-10-24,7.715940952301025,7.891303062438965,7.715940952301025,7.786086082458496,7.786086082458496,33844
2005-10-25,7.891303062438965,8.417389869689941,7.715940952301025,8.206954956054688,8.206954956054688,113752
2005-10-26,8.592752456665039,8.592752456665039,8.066664695739746,8.347245216369629,8.347245216369629,26514
2005-10-27,8.101737976074219,8.347245216369629,7.996520042419434,8.277099609375,8.277099609375,39023
2005-10-28,7.891303062438965,8.171882629394531,7.821157932281494,8.066664695739746,8.066664695739746,26418
2005-10-31,7.891303062438965,8.066664695739746,7.715940952301025,7.9614481925964355,7.9614481925964355,29650
2005-11-01,8.066664695739746,8.382316589355469,7.821157932281494,8.101737976074219,8.101737976074219,61802
2005-11-02,8.066664695739746,8.417389869689941,7.996520042419434,8.347245216369629,8.347245216369629,50446
2005-11-03,8.592752456665039,8.697970390319824,8.312171936035156,8.382316589355469,8.382316589355469,120212
2005-11-04,8.417389869689941,8.557680130004883,8.347245216369629,8.452462196350098,8.452462196350098,43786
2005-11-07,8.347245216369629,8.347245216369629,8.031593322753906,8.066664695739746,8.066664695739746,67064
2005-11-08,8.101737976074219,8.101737976074219,7.996520042419434,8.031593322753906,8.031593322753906,31018
2005-11-09,7.821157932281494,8.24202823638916,7.821157932281494,8.171882629394531,8.171882629394531,23952
2005-11-10,8.171882629394531,8.171882629394531,8.171882629394531,8.171882629394531,8.171882629394531,0
2005-11-11,8.171882629394531,8.171882629394531,8.171882629394531,8.171882629394531,8.171882629394531,0
2005-11-14,8.171882629394531,8.171882629394531,8.171882629394531,8.171882629394531,8.171882629394531,0
2005-11-15,7.330143928527832,7.330143928527832,5.927245140075684,5.997389793395996,5.997389793395996,559991
2005-11-16,6.032463073730469,6.102606773376465,5.892172813415527,5.892172813415527,5.892172813415527,127984
2005-11-17,5.962317943572998,5.962317943572998,5.4362311363220215,5.576520919799805,5.576520919799805,76973
2005-11-18,5.331013202667236,5.611592769622803,5.331013202667236,5.506375789642334,5.506375789642334,94083
2005-11-21,5.786954879760742,5.786954879760742,5.4362311363220215,5.576520919799805,5.576520919799805,12380
2005-11-22,5.962317943572998,5.962317943572998,5.4713029861450195,5.751883029937744,5.751883029937744,67518
2005-11-23,5.54144811630249,5.611592769622803,5.4713029861450195,5.506375789642334,5.506375789642334,25541
2005-11-24,5.611592769622803,5.611592769622803,5.4362311363220215,5.4362311363220215,5.4362311363220215,13586
2005-11-25,5.4713029861450195,5.611592769622803,5.401157855987549,5.611592769622803,5.611592769622803,32966
2005-11-28,5.611592769622803,5.71681022644043,5.576520919799805,5.681737899780273,5.681737899780273,43825
2005-11-29,5.506375789642334,5.611592769622803,5.506375789642334,5.611592769622803,5.611592769622803,6346
2005-11-30,5.4713029861450195,5.54144811630249,5.4713029861450195,5.4713029861450195,5.4713029861450195,4113
2005-12-01,5.4362311363220215,5.4713029861450195,5.4362311363220215,5.4713029861450195,5.4713029861450195,3843
2005-12-02,5.54144811630249,5.576520919799805,5.4713029861450195,5.54144811630249,5.54144811630249,27628
2005-12-05,5.4713029861450195,5.506375789642334,5.401157855987549,5.401157855987549,5.401157855987549,36832
2005-12-06,5.366086006164551,5.4362311363220215,5.366086006164551,5.401157855987549,5.401157855987549,29339
2005-12-07,5.366086006164551,5.506375789642334,5.366086006164551,5.366086006164551,5.366086006164551,8960
2005-12-08,5.366086006164551,5.506375789642334,5.331013202667236,5.331013202667236,5.331013202667236,25834
2005-12-09,5.331013202667236,5.54144811630249,5.331013202667236,5.54144811630249,5.54144811630249,47835
2005-12-12,5.506375789642334,5.681737899780273,5.4713029861450195,5.576520919799805,5.576520919799805,76414
2005-12-13,5.576520919799805,5.576520919799805,5.401157855987549,5.401157855987549,5.401157855987549,11924
2005-12-14,5.366086006164551,5.54144811630249,5.366086006164551,5.54144811630249,5.54144811630249,11675
2005-12-15,5.401157855987549,5.4713029861450195,5.366086006164551,5.4713029861450195,5.4713029861450195,8479
2005-12-16,5.331013202667236,5.4713029861450195,5.331013202667236,5.4362311363220215,5.4362311363220215,28783
2005-12-19,5.331013202667236,5.366086006164551,5.331013202667236,5.331013202667236,5.331013202667236,10399
2005-12-20,5.260868072509766,5.260868072509766,5.225796222686768,5.225796222686768,5.225796222686768,103170
2005-12-21,5.225796222686768,5.260868072509766,5.190723896026611,5.225796222686768,5.225796222686768,38303
2005-12-22,5.225796222686768,5.366086006164551,5.225796222686768,5.366086006164551,5.366086006164551,20460
2005-12-23,5.366086006164551,5.366086006164551,5.190723896026611,5.190723896026611,5.190723896026611,52407
2005-12-28,5.190723896026611,5.225796222686768,5.190723896026611,5.190723896026611,5.190723896026611,15182
2005-12-29,5.190723896026611,5.225796222686768,5.155651092529297,5.190723896026611,5.190723896026611,45038
2005-12-30,5.190723896026611,5.190723896026611,5.155651092529297,5.190723896026611,5.190723896026611,24363
2006-01-03,5.401157855987549,5.401157855987549,5.190723896026611,5.366086006164551,5.366086006164551,31386
2006-01-04,5.54144811630249,6.1376800537109375,5.401157855987549,5.892172813415527,5.892172813415527,176442
2006-01-05,6.277969837188721,6.3831868171691895,6.032463073730469,6.313042163848877,6.313042163848877,459248
2006-01-06,6.488405227661133,6.733911991119385,6.3831868171691895,6.45333194732666,6.45333194732666,425395
2006-01-09,6.800000190734863,7.0,6.400000095367432,6.71999979019165,6.71999979019165,68669
2006-01-10,6.800000190734863,6.800000190734863,6.400000095367432,6.480000019073486,6.480000019073486,29018
2006-01-11,6.480000019073486,6.480000019073486,6.28000020980835,6.400000095367432,6.400000095367432,23628
2006-01-12,6.400000095367432,6.519999980926514,6.0,6.400000095367432,6.400000095367432,21649
2006-01-13,6.400000095367432,6.519999980926514,6.239999771118164,6.440000057220459,6.440000057220459,29190
2006-01-16,6.239999771118164,6.519999980926514,6.239999771118164,6.519999980926514,6.519999980926514,38986
2006-01-17,6.400000095367432,6.800000190734863,6.400000095367432,6.71999979019165,6.71999979019165,76621
2006-01-18,6.599999904632568,7.039999961853027,6.599999904632568,6.800000190734863,6.800000190734863,89589
2006-01-19,7.0,7.079999923706055,6.800000190734863,7.079999923706055,7.079999923706055,242585
2006-01-20,6.800000190734863,7.0,6.599999904632568,6.760000228881836,6.760000228881836,200387
2006-01-23,6.119999885559082,6.559999942779541,6.119999885559082,6.519999980926514,6.519999980926514,64163
2006-01-24,6.559999942779541,6.880000114440918,6.440000057220459,6.760000228881836,6.760000228881836,84793
2006-01-25,6.480000019073486,6.599999904632568,6.28000020980835,6.440000057220459,6.440000057220459,48657
2006-01-26,6.480000019073486,6.480000019073486,6.199999809265137,6.320000171661377,6.320000171661377,94259
2006-01-27,6.320000171661377,6.440000057220459,6.199999809265137,6.320000171661377,6.320000171661377,176975
2006-02-01,6.320000171661377,6.360000133514404,6.239999771118164,6.320000171661377,6.320000171661377,74608
2006-02-02,6.320000171661377,6.440000057220459,6.239999771118164,6.320000171661377,6.320000171661377,30241
2006-02-03,6.239999771118164,6.320000171661377,6.199999809265137,6.320000171661377,6.320000171661377,38301
2006-02-06,6.320000171661377,6.400000095367432,6.28000020980835,6.400000095367432,6.400000095367432,31089
2006-02-07,6.440000057220459,6.440000057220459,6.320000171661377,6.400000095367432,6.400000095367432,54772
2006-02-08,6.400000095367432,6.400000095367432,6.28000020980835,6.400000095367432,6.400000095367432,33170
2006-02-09,6.400000095367432,6.400000095367432,6.079999923706055,6.079999923706055,6.079999923706055,44775
2006-02-10,6.360000133514404,6.480000019073486,6.239999771118164,6.480000019073486,6.480000019073486,68978
2006-02-13,6.480000019073486,7.079999923706055,6.320000171661377,7.039999961853027,7.039999961853027,172037
2006-02-14,7.079999923706055,7.440000057220459,6.71999979019165,6.71999979019165,6.71999979019165,651424
2006-02-15,6.480000019073486,6.639999866485596,6.320000171661377,6.480000019073486,6.480000019073486,211418
2006-02-16,6.599999904632568,7.039999961853027,6.599999904632568,6.760000228881836,6.760000228881836,537408
2006-02-17,6.920000076293945,6.920000076293945,6.559999942779541,6.760000228881836,6.760000228881836,201700
2006-02-20,6.880000114440918,7.0,6.760000228881836,6.840000152587891,6.840000152587891,103444
2006-02-21,6.880000114440918,7.0,6.760000228881836,6.880000114440918,6.880000114440918,91241
2006-02-22,6.760000228881836,6.840000152587891,6.639999866485596,6.679999828338623,6.679999828338623,76489
2006-02-23,6.71999979019165,6.920000076293945,6.679999828338623,6.760000228881836,6.760000228881836,109193
2006-02-24,6.760000228881836,6.760000228881836,6.639999866485596,6.760000228881836,6.760000228881836,27680
2006-02-27,6.679999828338623,6.71999979019165,6.599999904632568,6.679999828338623,6.679999828338623,45392
2006-02-28,6.679999828338623,6.880000114440918,6.679999828338623,6.880000114440918,6.880000114440918,199857
2006-03-01,6.880000114440918,7.71999979019165,6.880000114440918,7.679999828338623,7.679999828338623,954019
2006-03-02,7.920000076293945,8.600000381469727,7.71999979019165,8.15999984741211,8.15999984741211,2347024
2006-03-03,8.319999694824219,8.319999694824219,7.960000038146973,8.279999732971191,8.279999732971191,425670
2006-03-06,8.319999694824219,9.800000190734863,8.15999984741211,9.15999984741211,9.15999984741211,1803225
2006-03-07,9.319999694824219,9.520000457763672,8.800000190734863,9.119999885559082,9.119999885559082,1005163
2006-03-08,9.119999885559082,9.399999618530273,8.680000305175781,8.880000114440918,8.880000114440918,477582
2006-03-09,9.199999809265137,9.199999809265137,8.720000267028809,8.960000038146973,8.960000038146973,348726
2006-03-10,9.079999923706055,9.279999732971191,8.520000457763672,8.680000305175781,8.680000305175781,687890
2006-03-13,8.800000190734863,9.0,8.640000343322754,8.640000343322754,8.640000343322754,287201
2006-03-14,8.640000343322754,8.640000343322754,8.239999771118164,8.359999656677246,8.359999656677246,217442
2006-03-15,8.399999618530273,8.520000457763672,7.800000190734863,8.199999809265137,8.199999809265137,314857
2006-03-16,8.199999809265137,8.920000076293945,8.199999809265137,8.800000190734863,8.800000190734863,327335
2006-03-17,8.800000190734863,10.600000381469727,8.800000190734863,10.600000381469727,10.600000381469727,1300245
2006-03-20,10.800000190734863,11.800000190734863,10.600000381469727,11.0,11.0,1027077
2006-03-21,11.199999809265137,11.199999809265137,10.0,10.199999809265137,10.199999809265137,346375
2006-03-22,10.399999618530273,10.800000190734863,10.399999618530273,10.399999618530273,10.399999618530273,191836
2006-03-23,10.600000381469727,12.800000190734863,10.399999618530273,12.600000381469727,12.600000381469727,1550838
2006-03-24,12.600000381469727,12.800000190734863,11.800000190734863,12.399999618530273,12.399999618530273,589884
2006-03-27,12.800000190734863,12.800000190734863,12.0,12.199999809265137,12.199999809265137,226332
2006-03-28,12.399999618530273,13.800000190734863,12.199999809265137,13.199999809265137,13.199999809265137,940523
2006-03-29,13.199999809265137,15.399999618530273,13.199999809265137,15.0,15.0,1804566
2006-03-30,15.199999809265137,15.800000190734863,14.399999618530273,15.399999618530273,15.399999618530273,993860
2006-03-31,15.399999618530273,16.0,14.399999618530273,15.0,15.0,822848
2006-04-03,15.399999618530273,15.399999618530273,14.600000381469727,14.800000190734863,14.800000190734863,418195
2006-04-04,14.800000190734863,15.399999618530273,14.199999809265137,14.199999809265137,14.199999809265137,571222
2006-04-06,14.399999618530273,14.600000381469727,13.0,14.199999809265137,14.199999809265137,772416
2006-04-07,14.199999809265137,14.199999809265137,13.0,13.199999809265137,13.199999809265137,430847
2006-04-10,13.199999809265137,13.399999618530273,12.0,13.0,13.0,822521
2006-04-11,12.600000381469727,13.0,12.199999809265137,12.399999618530273,12.399999618530273,329687
2006-04-12,12.399999618530273,12.399999618530273,11.199999809265137,11.399999618530273,11.399999618530273,836047
2006-04-13,11.399999618530273,11.600000381469727,10.600000381469727,11.0,11.0,671266
2006-04-18,11.399999618530273,12.199999809265137,11.399999618530273,12.0,12.0,487426
2006-04-19,12.199999809265137,12.399999618530273,11.600000381469727,11.800000190734863,11.800000190734863,333717
2006-04-20,11.800000190734863,11.800000190734863,11.199999809265137,11.800000190734863,11.800000190734863,155008
2006-04-21,11.199999809265137,11.399999618530273,10.800000190734863,11.0,11.0,369758
2006-04-24,10.800000190734863,10.800000190734863,9.199999809265137,9.600000381469727,9.600000381469727,670928
2006-04-25,9.600000381469727,9.600000381469727,8.600000381469727,8.800000190734863,8.800000190734863,198373
2006-04-26,8.800000190734863,9.800000190734863,8.800000190734863,9.600000381469727,9.600000381469727,394987
2006-04-27,9.720000267028809,10.199999809265137,9.399999618530273,9.399999618530273,9.399999618530273,183
2006-04-28,8.800000190734863,9.920000076293945,8.800000190734863,9.680000305175781,9.680000305175781,77
2006-05-02,9.680000305175781,10.199999809265137,9.680000305175781,10.0,10.0,106642
2006-05-03,9.920000076293945,9.960000038146973,9.15999984741211,9.279999732971191,9.279999732971191,237177
2006-05-04,9.15999984741211,9.600000381469727,9.15999984741211,9.4399995803833,9.4399995803833,121565
2006-05-08,9.4399995803833,9.760000228881836,9.199999809265137,9.600000381469727,9.600000381469727,141654
2006-05-09,9.4399995803833,9.479999542236328,9.239999771118164,9.399999618530273,9.399999618530273,91920
2006-05-10,9.239999771118164,9.319999694824219,8.920000076293945,9.119999885559082,9.119999885559082,131351
2006-05-11,9.0,9.119999885559082,8.640000343322754,8.800000190734863,8.800000190734863,104507
2006-05-12,9.199999809265137,9.720000267028809,8.800000190734863,9.720000267028809,9.720000267028809,224605
2006-05-15,9.680000305175781,10.0,9.5600004196167,9.680000305175781,9.680000305175781,294156
2006-05-16,9.680000305175781,9.680000305175781,9.279999732971191,9.479999542236328,9.479999542236328,95025
2006-05-17,9.600000381469727,9.800000190734863,9.520000457763672,9.640000343322754,9.640000343322754,66081
2006-05-18,9.4399995803833,9.4399995803833,9.239999771118164,9.319999694824219,9.319999694824219,77943
2006-05-19,9.319999694824219,9.319999694824219,9.039999961853027,9.039999961853027,9.039999961853027,104862
2006-05-22,9.199999809265137,9.199999809265137,8.399999618530273,8.600000381469727,8.600000381469727,79
2006-05-23,8.399999618530273,8.4399995803833,8.15999984741211,8.239999771118164,8.239999771118164,127614
2006-05-24,8.479999542236328,8.5600004196167,8.239999771118164,8.5600004196167,8.5600004196167,53349
2006-05-25,8.5600004196167,8.84000015258789,8.399999618530273,8.84000015258789,8.84000015258789,67368
2006-05-26,8.84000015258789,8.920000076293945,8.800000190734863,8.800000190734863,8.800000190734863,57320
2006-05-29,8.800000190734863,9.800000190734863,8.800000190734863,9.5600004196167,9.5600004196167,173716
2006-05-30,9.520000457763672,9.520000457763672,9.199999809265137,9.279999732971191,9.279999732971191,58817
2006-06-01,9.239999771118164,9.239999771118164,8.800000190734863,9.079999923706055,9.079999923706055,80
2006-06-02,8.880000114440918,9.0,8.720000267028809,9.0,9.0,18800
2006-06-05,8.800000190734863,9.039999961853027,8.600000381469727,9.0,9.0,47147
2006-06-06,8.800000190734863,8.800000190734863,8.399999618530273,8.4399995803833,8.4399995803833,79445
2006-06-07,8.319999694824219,8.479999542236328,8.079999923706055,8.479999542236328,8.479999542236328,120112
2006-06-08,8.600000381469727,8.960000038146973,8.319999694824219,8.520000457763672,8.520000457763672,84717
2006-06-09,8.800000190734863,8.800000190734863,8.399999618530273,8.5600004196167,8.5600004196167,84052
2006-06-12,8.520000457763672,8.720000267028809,8.399999618530273,8.720000267028809,8.720000267028809,93981
2006-06-13,8.600000381469727,8.760000228881836,8.0,8.359999656677246,8.359999656677246,147500
2006-06-14,8.0,8.359999656677246,8.0,8.15999984741211,8.15999984741211,84775
2006-06-15,8.15999984741211,8.479999542236328,8.15999984741211,8.359999656677246,8.359999656677246,85954
2006-06-16,8.600000381469727,8.640000343322754,8.359999656677246,8.600000381469727,8.600000381469727,134664
2006-06-19,8.600000381469727,9.119999885559082,8.600000381469727,9.0,9.0,147967
2006-06-20,9.0,9.0,8.720000267028809,8.920000076293945,8.920000076293945,103711
2006-06-21,8.920000076293945,8.920000076293945,8.600000381469727,8.84000015258789,8.84000015258789,54167
2006-06-22,8.600000381469727,9.0,8.600000381469727,8.920000076293945,8.920000076293945,66847
2006-06-23,8.920000076293945,8.920000076293945,8.880000114440918,8.920000076293945,8.920000076293945,50033
2006-06-26,8.920000076293945,8.920000076293945,8.800000190734863,8.800000190734863,8.800000190734863,43762
2006-06-27,8.920000076293945,8.920000076293945,8.479999542236328,8.680000305175781,8.680000305175781,131935
2006-06-28,8.680000305175781,8.680000305175781,8.399999618530273,8.479999542236328,8.479999542236328,13811
2006-06-29,8.640000343322754,8.640000343322754,8.520000457763672,8.600000381469727,8.600000381469727,20954
2006-06-30,8.800000190734863,9.5600004196167,8.800000190734863,9.479999542236328,9.479999542236328,176065
2006-07-03,9.399999618530273,9.399999618530273,9.119999885559082,9.119999885559082,9.119999885559082,64285
2006-07-04,9.0,9.199999809265137,9.0,9.199999809265137,9.199999809265137,109425
2006-07-05,9.199999809265137,9.199999809265137,9.15999984741211,9.15999984741211,9.15999984741211,35133
2006-07-06,8.800000190734863,9.119999885559082,8.800000190734863,9.119999885559082,9.119999885559082,47314
2006-07-07,8.880000114440918,9.119999885559082,8.800000190734863,8.920000076293945,8.920000076293945,66500
2006-07-10,9.119999885559082,9.119999885559082,8.720000267028809,8.760000228881836,8.760000228881836,91841
2006-07-11,8.84000015258789,8.84000015258789,8.479999542236328,8.760000228881836,8.760000228881836,83155
2006-07-12,8.4399995803833,8.720000267028809,8.359999656677246,8.680000305175781,8.680000305175781,29250
2006-07-13,8.800000190734863,8.800000190734863,8.4399995803833,8.640000343322754,8.640000343322754,70050
2006-07-14,8.319999694824219,8.600000381469727,8.319999694824219,8.600000381469727,8.600000381469727,19815
2006-07-17,8.199999809265137,8.319999694824219,8.199999809265137,8.239999771118164,8.239999771118164,21552
2006-07-18,8.239999771118164,8.399999618530273,8.199999809265137,8.399999618530273,8.399999618530273,11457
2006-07-19,8.319999694824219,8.680000305175781,8.319999694824219,8.680000305175781,8.680000305175781,8503
2006-07-20,8.800000190734863,8.800000190734863,8.359999656677246,8.720000267028809,8.720000267028809,6
2006-07-21,8.720000267028809,8.720000267028809,8.4399995803833,8.680000305175781,8.680000305175781,5636
2006-07-24,8.279999732971191,8.600000381469727,8.279999732971191,8.279999732971191,8.279999732971191,21716
2006-07-25,8.399999618530273,8.399999618530273,8.079999923706055,8.279999732971191,8.279999732971191,21140
2006-07-26,8.199999809265137,8.239999771118164,8.15999984741211,8.239999771118164,8.239999771118164,160362
2006-07-27,8.359999656677246,8.359999656677246,8.239999771118164,8.239999771118164,8.239999771118164,2978
2006-07-28,9.0,9.0,8.0,8.319999694824219,8.319999694824219,10186
2006-07-31,8.399999618530273,8.680000305175781,8.319999694824219,8.359999656677246,8.359999656677246,26364
2006-08-01,8.199999809265137,8.319999694824219,8.119999885559082,8.199999809265137,8.199999809265137,69570
2006-08-02,8.119999885559082,8.399999618530273,8.119999885559082,8.399999618530273,8.399999618530273,0
2006-08-03,8.199999809265137,8.279999732971191,8.199999809265137,8.279999732971191,8.279999732971191,22612
2006-08-04,8.239999771118164,8.399999618530273,8.119999885559082,8.199999809265137,8.199999809265137,69818
2006-08-07,8.399999618530273,8.399999618530273,8.039999961853027,8.199999809265137,8.199999809265137,51662
2006-08-08,8.279999732971191,8.279999732971191,7.840000152587891,8.119999885559082,8.119999885559082,61388
2006-08-09,8.039999961853027,8.119999885559082,8.0,8.079999923706055,8.079999923706055,36857
2006-08-10,8.239999771118164,8.5600004196167,8.079999923706055,8.119999885559082,8.119999885559082,63475
2006-08-11,8.399999618530273,8.640000343322754,8.399999618530273,8.520000457763672,8.520000457763672,95432
2006-08-14,8.399999618530273,8.399999618530273,8.079999923706055,8.239999771118164,8.239999771118164,26644
2006-08-15,8.239999771118164,8.239999771118164,8.119999885559082,8.199999809265137,8.199999809265137,25655
2006-08-16,8.079999923706055,8.199999809265137,8.039999961853027,8.199999809265137,8.199999809265137,94280
2006-08-17,8.119999885559082,8.199999809265137,8.039999961853027,8.039999961853027,8.039999961853027,20350
2006-08-18,8.15999984741211,8.15999984741211,7.920000076293945,8.0,8.0,40125
2006-08-21,7.960000038146973,8.0,7.920000076293945,7.920000076293945,7.920000076293945,25400
2006-08-22,7.920000076293945,8.0,7.920000076293945,7.960000038146973,7.960000038146973,19975
2006-08-23,7.920000076293945,7.920000076293945,7.639999866485596,7.880000114440918,7.880000114440918,50
2006-08-24,7.679999828338623,7.920000076293945,7.679999828338623,7.880000114440918,7.880000114440918,16423
2006-08-25,7.760000228881836,7.840000152587891,7.519999980926514,7.599999904632568,7.599999904632568,103546
2006-08-28,7.599999904632568,7.599999904632568,6.800000190734863,7.039999961853027,7.039999961853027,127137
2006-08-29,7.119999885559082,7.119999885559082,6.840000152587891,7.0,7.0,17237
2006-08-30,6.880000114440918,6.960000038146973,6.800000190734863,6.960000038146973,6.960000038146973,32305
2006-08-31,6.800000190734863,6.840000152587891,6.400000095367432,6.71999979019165,6.71999979019165,145493
2006-09-01,6.440000057220459,6.71999979019165,6.440000057220459,6.71999979019165,6.71999979019165,32346
2006-09-04,6.679999828338623,6.880000114440918,6.679999828338623,6.880000114440918,6.880000114440918,19
2006-09-05,6.880000114440918,6.880000114440918,6.679999828338623,6.800000190734863,6.800000190734863,44540
2006-09-06,6.840000152587891,6.960000038146973,6.71999979019165,6.760000228881836,6.760000228881836,19875
2006-09-07,6.800000190734863,6.800000190734863,6.71999979019165,6.760000228881836,6.760000228881836,32302
2006-09-08,6.760000228881836,7.0,6.760000228881836,7.0,7.0,29694
2006-09-11,7.0,7.039999961853027,6.679999828338623,6.960000038146973,6.960000038146973,20325
2006-09-12,6.639999866485596,6.880000114440918,6.639999866485596,6.880000114440918,6.880000114440918,10138
2006-09-13,6.71999979019165,6.840000152587891,6.639999866485596,6.71999979019165,6.71999979019165,9031
2006-09-14,6.800000190734863,6.960000038146973,6.800000190734863,6.960000038146973,6.960000038146973,3
2006-09-15,7.0,7.0,6.71999979019165,6.840000152587891,6.840000152587891,24302
2006-09-18,6.800000190734863,6.800000190734863,6.800000190734863,6.800000190734863,6.800000190734863,2613
2006-09-19,7.0,7.0,6.800000190734863,6.800000190734863,6.800000190734863,6060
2006-09-20,6.679999828338623,6.71999979019165,6.639999866485596,6.71999979019165,6.71999979019165,33016
2006-09-21,6.840000152587891,7.0,6.71999979019165,6.880000114440918,6.880000114440918,1
2006-09-22,6.880000114440918,6.880000114440918,6.559999942779541,6.559999942779541,6.559999942779541,27170
2006-09-25,6.559999942779541,6.559999942779541,6.519999980926514,6.519999980926514,6.519999980926514,20300
2006-09-26,6.599999904632568,6.679999828338623,6.400000095367432,6.679999828338623,6.679999828338623,28152
2006-09-27,6.480000019073486,6.639999866485596,6.480000019073486,6.639999866485596,6.639999866485596,26243
2006-09-28,6.559999942779541,6.559999942779541,6.400000095367432,6.400000095367432,6.400000095367432,31375
2006-09-29,6.480000019073486,6.599999904632568,6.400000095367432,6.599999904632568,6.599999904632568,68203
2006-10-03,6.239999771118164,6.559999942779541,6.239999771118164,6.480000019073486,6.480000019073486,9137
2006-10-04,6.400000095367432,6.559999942779541,6.400000095367432,6.559999942779541,6.559999942779541,16912
2006-10-05,6.519999980926514,6.519999980926514,6.360000133514404,6.480000019073486,6.480000019073486,12387
2006-10-06,6.519999980926514,6.840000152587891,6.480000019073486,6.800000190734863,6.800000190734863,44867
2006-10-09,6.760000228881836,7.039999961853027,6.400000095367432,6.960000038146973,6.960000038146973,14690
2006-10-10,6.960000038146973,6.960000038146973,6.519999980926514,6.71999979019165,6.71999979019165,74967
2006-10-11,6.679999828338623,6.679999828338623,6.480000019073486,6.679999828338623,6.679999828338623,33000
2006-10-12,6.679999828338623,6.679999828338623,6.559999942779541,6.559999942779541,6.559999942779541,6358
2006-10-13,6.480000019073486,6.760000228881836,6.480000019073486,6.679999828338623,6.679999828338623,30407
2006-10-16,6.760000228881836,6.760000228881836,6.599999904632568,6.679999828338623,6.679999828338623,15234
2006-10-17,6.599999904632568,6.679999828338623,6.559999942779541,6.679999828338623,6.679999828338623,17297
2006-10-18,6.559999942779541,6.639999866485596,6.519999980926514,6.519999980926514,6.519999980926514,17523
2006-10-19,6.519999980926514,6.599999904632568,6.440000057220459,6.599999904632568,6.599999904632568,65591
2006-10-20,6.599999904632568,6.800000190734863,6.519999980926514,6.639999866485596,6.639999866485596,59
2006-10-23,6.480000019073486,6.71999979019165,6.480000019073486,6.71999979019165,6.71999979019165,3487
2006-10-24,6.840000152587891,7.920000076293945,6.800000190734863,7.559999942779541,7.559999942779541,495959
2006-10-25,7.559999942779541,7.559999942779541,7.199999809265137,7.440000057220459,7.440000057220459,101073
2006-10-26,7.199999809265137,7.28000020980835,7.0,7.199999809265137,7.199999809265137,45077
2006-10-27,7.28000020980835,7.519999980926514,7.079999923706055,7.28000020980835,7.28000020980835,49314
2006-10-31,7.0,7.199999809265137,7.0,7.199999809265137,7.199999809265137,34360
2006-11-01,7.199999809265137,7.480000019073486,7.199999809265137,7.400000095367432,7.400000095367432,19763
2006-11-02,7.239999771118164,7.360000133514404,7.119999885559082,7.360000133514404,7.360000133514404,18234
2006-11-03,7.400000095367432,7.400000095367432,7.159999847412109,7.360000133514404,7.360000133514404,5313
2006-11-06,7.400000095367432,7.519999980926514,7.360000133514404,7.480000019073486,7.480000019073486,54783
2006-11-07,7.400000095367432,7.480000019073486,7.199999809265137,7.480000019073486,7.480000019073486,53500
2006-11-08,7.400000095367432,7.480000019073486,7.239999771118164,7.400000095367432,7.400000095367432,18683
2006-11-09,7.199999809265137,7.199999809265137,7.079999923706055,7.159999847412109,7.159999847412109,41550
2006-11-10,7.159999847412109,7.320000171661377,7.039999961853027,7.239999771118164,7.239999771118164,15601
2006-11-13,6.840000152587891,7.400000095367432,6.840000152587891,7.400000095367432,7.400000095367432,20803
2006-11-14,7.079999923706055,7.360000133514404,6.920000076293945,7.239999771118164,7.239999771118164,45331
2006-11-15,7.28000020980835,7.320000171661377,7.119999885559082,7.159999847412109,7.159999847412109,45547
2006-11-16,7.039999961853027,7.28000020980835,7.039999961853027,7.199999809265137,7.199999809265137,30103
2006-11-17,7.199999809265137,7.360000133514404,7.159999847412109,7.159999847412109,7.159999847412109,51192
2006-11-20,7.039999961853027,7.199999809265137,7.039999961853027,7.199999809265137,7.199999809265137,8364
2006-11-21,7.0,7.119999885559082,6.960000038146973,7.0,7.0,38030
2006-11-22,7.039999961853027,7.320000171661377,7.039999961853027,7.199999809265137,7.199999809265137,67725
2006-11-23,7.199999809265137,7.400000095367432,7.159999847412109,7.28000020980835,7.28000020980835,161472
2006-11-24,7.28000020980835,7.400000095367432,7.119999885559082,7.199999809265137,7.199999809265137,74316
2006-11-27,7.199999809265137,7.199999809265137,7.039999961853027,7.199999809265137,7.199999809265137,59033
2006-11-28,7.159999847412109,7.199999809265137,6.960000038146973,7.0,7.0,129693
2006-11-29,6.920000076293945,7.239999771118164,6.920000076293945,7.239999771118164,7.239999771118164,35680
2006-11-30,7.239999771118164,7.960000038146973,7.239999771118164,7.800000190734863,7.800000190734863,323327
2006-12-01,7.599999904632568,7.679999828338623,7.480000019073486,7.679999828338623,7.679999828338623,47862
2006-12-04,7.28000020980835,7.760000228881836,7.28000020980835,7.599999904632568,7.599999904632568,38125
2006-12-05,7.599999904632568,7.760000228881836,7.559999942779541,7.760000228881836,7.760000228881836,80725
2006-12-06,7.599999904632568,7.599999904632568,7.400000095367432,7.559999942779541,7.559999942779541,59327
2006-12-07,7.400000095367432,7.480000019073486,7.28000020980835,7.360000133514404,7.360000133514404,83801
2006-12-08,7.28000020980835,7.519999980926514,7.28000020980835,7.519999980926514,7.519999980926514,14209
2006-12-11,7.519999980926514,7.760000228881836,7.519999980926514,7.559999942779541,7.559999942779541,90471
2006-12-12,7.400000095367432,7.599999904632568,7.28000020980835,7.400000095367432,7.400000095367432,24332
2006-12-13,7.400000095367432,7.519999980926514,7.320000171661377,7.519999980926514,7.519999980926514,15473
2006-12-14,7.360000133514404,7.559999942779541,7.360000133514404,7.519999980926514,7.519999980926514,35537
2006-12-15,7.320000171661377,7.440000057220459,7.28000020980835,7.440000057220459,7.440000057220459,16688
2006-12-18,7.440000057220459,7.519999980926514,7.28000020980835,7.28000020980835,7.28000020980835,43
2006-12-19,7.28000020980835,7.400000095367432,7.199999809265137,7.360000133514404,7.360000133514404,35265
2006-12-20,7.199999809265137,7.360000133514404,7.199999809265137,7.360000133514404,7.360000133514404,6888
2006-12-21,7.400000095367432,7.599999904632568,7.199999809265137,7.400000095367432,7.400000095367432,33148
2006-12-22,7.28000020980835,7.320000171661377,6.920000076293945,7.320000171661377,7.320000171661377,21774
2006-12-27,7.159999847412109,7.239999771118164,7.079999923706055,7.199999809265137,7.199999809265137,29661
2006-12-28,7.199999809265137,7.400000095367432,7.119999885559082,7.199999809265137,7.199999809265137,33779
2006-12-29,7.199999809265137,7.199999809265137,7.039999961853027,7.159999847412109,7.159999847412109,115553
2007-01-02,7.159999847412109,7.599999904632568,7.119999885559082,7.440000057220459,7.440000057220459,175971
2007-01-03,7.400000095367432,8.479999542236328,7.28000020980835,8.079999923706055,8.079999923706055,363357
2007-01-04,8.199999809265137,8.760000228881836,7.920000076293945,8.0,8.0,395064
2007-01-05,7.800000190734863,8.0,7.760000228881836,8.0,8.0,53943
2007-01-08,7.960000038146973,8.0,7.840000152587891,7.840000152587891,7.840000152587891,49
2007-01-09,8.0,8.199999809265137,7.71999979019165,7.960000038146973,7.960000038146973,69172
2007-01-10,7.920000076293945,7.920000076293945,7.71999979019165,7.920000076293945,7.920000076293945,34203
2007-01-11,7.920000076293945,8.5600004196167,7.920000076293945,8.5600004196167,8.5600004196167,107108
2007-01-12,8.5600004196167,8.600000381469727,8.199999809265137,8.600000381469727,8.600000381469727,101650
2007-01-15,8.720000267028809,9.720000267028809,8.680000305175781,9.239999771118164,9.239999771118164,599335
2007-01-16,9.279999732971191,9.399999618530273,8.600000381469727,8.920000076293945,8.920000076293945,215634
2007-01-17,9.199999809265137,9.359999656677246,8.5600004196167,8.5600004196167,8.5600004196167,222938
2007-01-18,8.359999656677246,8.520000457763672,8.199999809265137,8.399999618530273,8.399999618530273,181171
2007-01-19,8.279999732971191,8.279999732971191,8.079999923706055,8.239999771118164,8.239999771118164,254130
2007-01-22,8.239999771118164,8.800000190734863,8.119999885559082,8.359999656677246,8.359999656677246,699650
2007-01-23,8.5600004196167,8.960000038146973,8.399999618530273,8.960000038146973,8.960000038146973,530446
2007-01-24,8.800000190734863,9.520000457763672,8.800000190734863,9.319999694824219,9.319999694824219,329958
2007-01-25,9.520000457763672,11.199999809265137,9.319999694824219,10.800000190734863,10.800000190734863,1098630
2007-01-26,10.800000190734863,10.800000190734863,10.800000190734863,10.800000190734863,10.800000190734863,0
2007-01-29,10.800000190734863,10.800000190734863,10.800000190734863,10.800000190734863,10.800000190734863,0
2007-01-30,10.800000190734863,10.800000190734863,10.800000190734863,10.800000190734863,10.800000190734863,0
2007-01-31,10.800000190734863,10.800000190734863,10.800000190734863,10.800000190734863,10.800000190734863,0
2007-02-01,10.800000190734863,10.800000190734863,10.800000190734863,10.800000190734863,10.800000190734863,0
2007-02-02,10.800000190734863,10.800000190734863,10.800000190734863,10.800000190734863,10.800000190734863,0
2007-02-05,10.800000190734863,10.800000190734863,10.800000190734863,10.800000190734863,10.800000190734863,0
2007-02-06,10.800000190734863,10.800000190734863,10.800000190734863,10.800000190734863,10.800000190734863,0
2007-02-07,10.800000190734863,10.800000190734863,10.800000190734863,10.800000190734863,10.800000190734863,0
2007-02-08,20.0,28.0,18.0,27.600000381469727,27.600000381469727,10119225
2007-02-09,28.399999618530273,42.0,28.399999618530273,40.0,40.0,11736576
2007-02-12,41.20000076293945,62.0,41.20000076293945,57.20000076293945,57.20000076293945,7360850
2007-02-13,62.79999923706055,67.5999984741211,50.0,51.599998474121094,51.599998474121094,4061462
2007-02-14,55.599998474121094,57.599998474121094,52.0,55.20000076293945,55.20000076293945,1437222
2007-02-15,56.0,61.20000076293945,50.79999923706055,56.0,56.0,1803652
2007-02-16,56.0,58.79999923706055,54.79999923706055,56.0,56.0,576915
2007-02-21,57.20000076293945,59.20000076293945,56.400001525878906,57.20000076293945,57.20000076293945,411747
2007-02-22,58.0,58.400001525878906,52.79999923706055,55.20000076293945,55.20000076293945,527453
2007-02-23,55.20000076293945,58.0,53.20000076293945,55.599998474121094,55.599998474121094,452498
2007-02-26,56.0,56.79999923706055,54.79999923706055,55.599998474121094,55.599998474121094,277638
2007-02-27,56.0,56.400001525878906,52.79999923706055,53.20000076293945,53.20000076293945,540670
2007-02-28,44.0,50.0,40.400001525878906,48.79999923706055,48.79999923706055,969985
2007-03-01,50.0,54.79999923706055,49.599998474121094,54.400001525878906,54.400001525878906,694471
2007-03-02,55.599998474121094,56.400001525878906,47.599998474121094,51.599998474121094,51.599998474121094,826853
2007-03-05,49.599998474121094,51.599998474121094,44.79999923706055,46.0,46.0,505616
2007-03-06,51.599998474121094,51.599998474121094,48.79999923706055,49.599998474121094,49.599998474121094,230689
2007-03-07,50.79999923706055,51.20000076293945,47.599998474121094,48.0,48.0,285229
2007-03-08,47.599998474121094,54.0,47.599998474121094,52.0,52.0,498829
2007-03-09,53.20000076293945,54.0,51.20000076293945,52.79999923706055,52.79999923706055,402027
2007-03-12,55.20000076293945,80.80000305175781,55.20000076293945,80.0,80.0,5803873
2007-03-13,82.0,92.80000305175781,78.80000305175781,84.0,84.0,4081326
2007-03-14,77.19999694824219,95.5999984741211,72.4000015258789,89.19999694824219,89.19999694824219,2708032
2007-03-15,95.5999984741211,98.80000305175781,94.0,94.80000305175781,94.80000305175781,1841121
2007-03-16,96.4000015258789,108.4000015258789,90.0,106.4000015258789,106.4000015258789,2763527
2007-03-19,110.4000015258789,116.80000305175781,108.80000305175781,112.80000305175781,112.80000305175781,2420384
2007-03-20,114.0,118.0,102.4000015258789,108.4000015258789,108.4000015258789,1916320
2007-03-21,108.0,111.19999694824219,100.80000305175781,105.5999984741211,105.5999984741211,771107
2007-03-22,108.0,116.80000305175781,108.0,114.4000015258789,114.4000015258789,1016612
2007-03-23,114.0,130.0,114.0,128.8000030517578,128.8000030517578,1844121
2007-03-26,140.0,151.60000610351562,134.39999389648438,148.39999389648438,148.39999389648438,1761521
2007-03-27,150.0,170.39999389648438,150.0,165.60000610351562,165.60000610351562,1760174
2007-03-28,172.39999389648438,196.0,170.0,195.60000610351562,195.60000610351562,1938277
2007-03-29,200.0,220.0,164.0,194.0,194.0,2407628
2007-03-30,194.39999389648438,194.39999389648438,172.0,188.0,188.0,660462
2007-04-02,190.8000030517578,231.1999969482422,190.8000030517578,230.39999389648438,230.39999389648438,1632509
2007-04-03,228.0,243.1999969482422,214.0,215.1999969482422,215.1999969482422,1174951
2007-04-04,222.39999389648438,236.8000030517578,210.0,212.0,212.0,459455
2007-04-10,223.60000610351562,227.1999969482422,206.0,208.0,208.0,263080
2007-04-11,216.0,218.0,188.0,194.39999389648438,194.39999389648438,526370
2007-04-12,184.0,197.60000610351562,173.60000610351562,192.0,192.0,407655
2007-04-13,194.39999389648438,196.8000030517578,181.1999969482422,182.8000030517578,182.8000030517578,191269
2007-04-16,182.8000030517578,188.8000030517578,170.39999389648438,170.39999389648438,170.39999389648438,381084
2007-04-17,170.8000030517578,200.0,168.39999389648438,192.39999389648438,192.39999389648438,563206
2007-04-18,199.60000610351562,199.60000610351562,184.0,188.8000030517578,188.8000030517578,261470
2007-04-19,192.0,196.0,180.0,183.1999969482422,183.1999969482422,258771
2007-04-20,187.60000610351562,188.39999389648438,183.1999969482422,184.0,184.0,138793
2007-04-23,188.0,191.60000610351562,184.0,184.8000030517578,184.8000030517578,214661
2007-04-24,186.0,186.0,180.0,184.0,184.0,126749
2007-04-25,184.0,186.0,176.39999389648438,180.39999389648438,180.39999389648438,193215
2007-04-26,180.8000030517578,183.1999969482422,173.1999969482422,175.60000610351562,175.60000610351562,145937
2007-04-27,173.1999969482422,182.39999389648438,173.1999969482422,178.0,178.0,178818
2007-04-30,178.39999389648438,178.8000030517578,172.0,172.8000030517578,172.8000030517578,105103
2007-05-02,176.0,176.8000030517578,173.1999969482422,174.39999389648438,174.39999389648438,78977
2007-05-03,176.0,182.0,173.1999969482422,179.60000610351562,179.60000610351562,343282
2007-05-04,182.39999389648438,187.1999969482422,180.39999389648438,184.0,184.0,141117
2007-05-07,184.0,189.60000610351562,184.0,188.0,188.0,231012
2007-05-08,190.0,192.0,184.8000030517578,187.60000610351562,187.60000610351562,175972
2007-05-09,186.0,189.60000610351562,186.0,188.39999389648438,188.39999389648438,101173
2007-05-10,188.39999389648438,208.8000030517578,188.39999389648438,208.8000030517578,208.8000030517578,476853
2007-05-11,208.0,261.20001220703125,207.60000610351562,260.3999938964844,260.3999938964844,1391608
2007-05-14,300.3999938964844,304.3999938964844,272.0,291.6000061035156,291.6000061035156,1025674
2007-05-15,292.0,294.0,267.6000061035156,272.0,272.0,402015
2007-05-16,280.0,286.0,273.6000061035156,284.0,284.0,320814
2007-05-17,283.20001220703125,284.0,268.0,272.0,272.0,176935
2007-05-18,271.6000061035156,290.79998779296875,264.0,280.0,280.0,421066
2007-05-21,280.0,304.79998779296875,280.0,300.79998779296875,300.79998779296875,734155
2007-05-22,304.79998779296875,306.0,288.0,292.0,292.0,367474
2007-05-23,295.20001220703125,296.0,282.79998779296875,286.0,286.0,191700
2007-05-25,280.0,290.0,272.0,285.6000061035156,285.6000061035156,2770651
2007-05-28,302.0,314.0,298.3999938964844,311.20001220703125,311.20001220703125,646210
2007-05-29,312.0,312.0,312.0,312.0,312.0,0
2007-05-30,312.0,312.0,312.0,312.0,312.0,0
2007-05-31,356.0,358.0,334.0,350.79998779296875,350.79998779296875,975774
2007-06-01,356.0,364.0,350.3999938964844,356.0,356.0,435173
2007-06-04,355.6000061035156,357.20001220703125,344.0,352.3999938964844,352.3999938964844,320146
2007-06-05,348.0,352.79998779296875,338.0,346.79998779296875,346.79998779296875,214136
2007-06-06,344.3999938964844,348.3999938964844,338.0,339.6000061035156,339.6000061035156,99184
2007-06-07,336.0,342.3999938964844,334.0,340.0,340.0,126950
2007-06-08,336.0,337.20001220703125,332.0,334.3999938964844,334.3999938964844,90745
2007-06-11,337.6000061035156,359.6000061035156,337.6000061035156,350.79998779296875,350.79998779296875,250872
2007-06-12,356.0,356.0,344.3999938964844,347.20001220703125,347.20001220703125,105023
2007-06-13,341.20001220703125,344.79998779296875,340.0,342.0,342.0,92301
2007-06-14,342.0,350.0,337.6000061035156,338.0,338.0,84146
2007-06-15,342.0,346.0,301.20001220703125,302.0,302.0,197666
2007-06-18,312.0,320.0,260.0,304.3999938964844,304.3999938964844,293464
2007-06-20,305.6000061035156,306.0,289.20001220703125,294.0,294.0,79605
2007-06-21,296.0,319.20001220703125,290.79998779296875,306.79998779296875,306.79998779296875,97787
2007-06-22,306.79998779296875,311.20001220703125,298.79998779296875,300.79998779296875,300.79998779296875,68468
2007-06-25,298.0,298.3999938964844,290.79998779296875,291.20001220703125,291.20001220703125,56114
2007-06-26,292.0,300.0,278.79998779296875,280.0,280.0,251497
2007-06-27,286.0,292.0,273.6000061035156,280.0,280.0,124908
2007-06-28,281.20001220703125,290.0,278.3999938964844,280.0,280.0,95569
2007-06-29,284.0,299.20001220703125,279.20001220703125,296.3999938964844,296.3999938964844,210700
2007-07-03,300.0,317.20001220703125,300.0,316.3999938964844,316.3999938964844,206811
2007-07-04,328.79998779296875,340.0,324.0,333.6000061035156,333.6000061035156,289567
2007-07-05,337.6000061035156,340.0,317.6000061035156,323.20001220703125,323.20001220703125,167564
2007-07-06,320.0,322.3999938964844,311.20001220703125,314.79998779296875,314.79998779296875,72805
2007-07-09,314.0,330.0,311.6000061035156,316.3999938964844,316.3999938964844,210457
2007-07-10,320.0,326.3999938964844,295.20001220703125,300.0,300.0,2301835
2007-07-11,300.0,300.0,284.0,296.0,296.0,80084
2007-07-12,303.20001220703125,304.79998779296875,296.0,296.0,296.0,69526
2007-07-13,302.0,303.20001220703125,292.0,294.0,294.0,77763
2007-07-16,299.20001220703125,299.20001220703125,287.6000061035156,298.3999938964844,298.3999938964844,86209
2007-07-17,302.0,320.0,301.6000061035156,312.79998779296875,312.79998779296875,290336
2007-07-18,312.0,318.0,294.79998779296875,299.20001220703125,299.20001220703125,108588
2007-07-19,299.20001220703125,299.20001220703125,292.79998779296875,295.6000061035156,295.6000061035156,45223
2007-07-20,296.0,298.0,292.79998779296875,293.6000061035156,293.6000061035156,66475
2007-07-23,292.0,294.0,290.0,292.0,292.0,60406
2007-07-24,294.0,304.79998779296875,292.0,300.0,300.0,103542
2007-07-25,298.3999938964844,299.6000061035156,292.0,292.3999938964844,292.3999938964844,49140
2007-07-26,296.0,299.20001220703125,290.3999938964844,298.0,298.0,846165
2007-07-27,288.0,296.0,284.0,288.0,288.0,98410
2007-07-30,282.3999938964844,292.79998779296875,280.79998779296875,286.0,286.0,111193
2007-07-31,284.79998779296875,288.0,284.0,287.20001220703125,287.20001220703125,85282
2007-08-01,284.0,288.0,264.0,276.3999938964844,276.3999938964844,303687
2007-08-02,280.0,280.0,244.8000030517578,272.79998779296875,272.79998779296875,239016
2007-08-03,266.3999938964844,286.0,266.3999938964844,271.20001220703125,271.20001220703125,100904
2007-08-06,266.0,270.3999938964844,248.39999389648438,270.3999938964844,270.3999938964844,106786
2007-08-07,272.3999938964844,279.20001220703125,256.0,269.6000061035156,269.6000061035156,265437
2007-08-08,268.0,270.0,260.0,270.0,270.0,84652
2007-08-09,274.0,284.0,270.0,272.0,272.0,95574
2007-08-10,264.0,276.0,248.39999389648438,276.0,276.0,59430
2007-08-13,279.6000061035156,282.0,267.20001220703125,276.0,276.0,72772
2007-08-14,276.0,279.20001220703125,270.79998779296875,271.6000061035156,271.6000061035156,30453
2007-08-15,264.3999938964844,272.0,260.79998779296875,271.6000061035156,271.6000061035156,75287
2007-08-16,274.0,274.0,254.0,271.20001220703125,271.20001220703125,131726
2007-08-17,268.0,271.6000061035156,229.60000610351562,271.20001220703125,271.20001220703125,294314
2007-08-20,271.20001220703125,272.79998779296875,263.20001220703125,271.6000061035156,271.6000061035156,190107
2007-08-21,271.20001220703125,271.20001220703125,264.79998779296875,267.6000061035156,267.6000061035156,142001
2007-08-22,268.0,274.0,263.20001220703125,269.20001220703125,269.20001220703125,156361
2007-08-23,270.79998779296875,272.79998779296875,263.20001220703125,271.20001220703125,271.20001220703125,290915
2007-08-24,265.6000061035156,268.3999938964844,264.0,264.0,264.0,100688
2007-08-27,268.79998779296875,279.20001220703125,266.0,270.0,270.0,245223
2007-08-28,273.20001220703125,273.20001220703125,261.20001220703125,264.0,264.0,148352
2007-08-29,256.0,263.6000061035156,256.0,263.20001220703125,263.20001220703125,104400
2007-08-30,263.20001220703125,267.20001220703125,258.79998779296875,265.6000061035156,265.6000061035156,81537
2007-08-31,265.6000061035156,266.3999938964844,261.6000061035156,264.79998779296875,264.79998779296875,102521
2007-09-03,266.3999938964844,266.3999938964844,260.0,260.79998779296875,260.79998779296875,30370
2007-09-04,264.0,267.6000061035156,262.0,262.0,262.0,86325
2007-09-05,265.6000061035156,265.6000061035156,260.79998779296875,262.79998779296875,262.79998779296875,52197
2007-09-06,262.0,263.6000061035156,260.0,260.3999938964844,260.3999938964844,35731
2007-09-07,260.0,265.6000061035156,256.0,264.0,264.0,72407
2007-09-10,255.60000610351562,264.0,255.60000610351562,262.79998779296875,262.79998779296875,46927
2007-09-11,280.0,326.0,280.0,306.0,306.0,646953
2007-09-12,308.79998779296875,314.0,272.79998779296875,282.0,282.0,290333
2007-09-13,284.3999938964844,290.0,276.0,278.3999938964844,278.3999938964844,79920
2007-09-14,278.3999938964844,278.3999938964844,278.3999938964844,278.3999938964844,278.3999938964844,0
2007-09-17,278.3999938964844,278.3999938964844,278.3999938964844,278.3999938964844,278.3999938964844,0
2007-09-18,268.0,268.0,198.0,261.20001220703125,261.20001220703125,641988
2007-09-19,264.0,271.20001220703125,240.0,243.1999969482422,243.1999969482422,345859
2007-09-20,235.60000610351562,235.60000610351562,206.0,224.0,224.0,642113
2007-09-21,222.8000030517578,222.8000030517578,208.0,212.8000030517578,212.8000030517578,159615
2007-09-24,214.8000030517578,262.0,214.8000030517578,258.3999938964844,258.3999938964844,394703
2007-09-25,264.0,292.0,264.0,270.79998779296875,270.79998779296875,334236
2007-09-27,286.0,292.0,260.0,266.3999938964844,266.3999938964844,168291
2007-09-28,266.3999938964844,268.0,256.0,258.3999938964844,258.3999938964844,116336
2007-10-02,268.0,270.0,243.60000610351562,257.20001220703125,257.20001220703125,142220
2007-10-03,252.0,261.20001220703125,248.8000030517578,257.6000061035156,257.6000061035156,152295
2007-10-04,250.39999389648438,260.3999938964844,249.60000610351562,260.0,260.0,87315
2007-10-05,256.79998779296875,267.20001220703125,256.0,264.3999938964844,264.3999938964844,105512
2007-10-08,268.0,271.20001220703125,262.3999938964844,266.79998779296875,266.79998779296875,88977
2007-10-09,264.3999938964844,267.6000061035156,260.0,267.20001220703125,267.20001220703125,75441
2007-10-10,264.0,264.0,252.0,264.0,264.0,80716
2007-10-11,261.20001220703125,266.3999938964844,258.3999938964844,262.79998779296875,262.79998779296875,40713
2007-10-12,260.0,264.0,255.1999969482422,263.6000061035156,263.6000061035156,85048
2007-10-15,264.0,264.79998779296875,259.20001220703125,261.20001220703125,261.20001220703125,91491
2007-10-16,260.0,262.0,255.1999969482422,262.0,262.0,84429
2007-10-17,260.0,262.3999938964844,256.79998779296875,260.79998779296875,260.79998779296875,98063
2007-10-18,257.20001220703125,264.3999938964844,257.20001220703125,262.79998779296875,262.79998779296875,125182
2007-10-22,260.0,262.79998779296875,254.39999389648438,261.6000061035156,261.6000061035156,81875
2007-10-23,262.79998779296875,290.0,262.0,287.20001220703125,287.20001220703125,170106
2007-10-24,292.0,316.0,286.0,288.0,288.0,232722
2007-10-25,292.79998779296875,295.6000061035156,280.3999938964844,295.6000061035156,295.6000061035156,91540
2007-10-26,316.0,347.20001220703125,316.0,334.0,334.0,743081
2007-10-29,356.0,367.20001220703125,336.3999938964844,352.0,352.0,447777
2007-10-30,360.0,368.0,346.0,362.3999938964844,362.3999938964844,321023
2007-10-31,360.0,372.0,356.0,362.0,362.0,226826
2007-11-01,375.20001220703125,375.20001220703125,355.6000061035156,362.3999938964844,362.3999938964844,174531
2007-11-02,348.0,365.6000061035156,346.3999938964844,365.20001220703125,365.20001220703125,130320
2007-11-05,362.0,372.0,359.20001220703125,363.20001220703125,363.20001220703125,160711
2007-11-06,363.20001220703125,367.6000061035156,360.0,363.6000061035156,363.6000061035156,74580
2007-11-07,368.0,384.0,368.0,376.0,376.0,145297
2007-11-08,368.0,380.79998779296875,366.0,376.0,376.0,157844
2007-11-09,376.0,416.0,372.79998779296875,416.0,416.0,401639
2007-11-12,414.3999938964844,494.3999938964844,413.6000061035156,490.3999938964844,490.3999938964844,879829
2007-11-13,532.0,572.0,507.20001220703125,551.2000122070312,551.2000122070312,967003
2007-11-14,564.7999877929688,576.7999877929688,388.0,460.0,460.0,1049846
2007-11-15,460.0,489.6000061035156,419.20001220703125,483.20001220703125,483.20001220703125,501285
2007-11-16,492.79998779296875,540.0,490.3999938964844,492.0,492.0,311014
2007-11-19,504.79998779296875,532.0,504.79998779296875,520.0,520.0,219208
2007-11-20,515.2000122070312,521.5999755859375,495.20001220703125,506.3999938964844,506.3999938964844,144463
2007-11-21,508.0,512.0,440.0,476.0,476.0,598586
2007-11-22,460.0,468.0,442.3999938964844,448.0,448.0,92014
2007-11-23,444.0,456.79998779296875,400.79998779296875,408.0,408.0,169996
2007-11-26,416.0,425.6000061035156,416.0,424.0,424.0,127806
2007-11-27,411.20001220703125,417.6000061035156,405.6000061035156,412.0,412.0,52037
2007-11-28,412.0,499.20001220703125,412.0,488.79998779296875,488.79998779296875,189843
2007-11-29,508.0,540.0,500.0,501.6000061035156,501.6000061035156,210381
2007-11-30,512.0,527.2000122070312,500.79998779296875,512.7999877929688,512.7999877929688,118827
2007-12-03,482.3999938964844,484.79998779296875,478.3999938964844,480.0,480.0,133599
2007-12-04,480.79998779296875,504.0,475.20001220703125,476.0,476.0,76403
2007-12-05,468.0,490.3999938964844,455.20001220703125,488.0,488.0,318446
2007-12-06,471.1600036621094,505.6000061035156,471.1600036621094,479.20001220703125,479.20001220703125,647589
2007-12-07,476.0,502.3999938964844,476.0,500.0,500.0,142882
2007-12-10,489.6000061035156,508.0,488.0,500.0,500.0,54297
2007-12-11,508.0,508.0,478.3999938964844,484.0,484.0,59870
2007-12-12,472.0,480.0,467.20001220703125,476.0,476.0,48143
2007-12-13,478.3999938964844,500.0,468.0,480.0,480.0,97401
2007-12-14,488.0,488.0,465.6000061035156,480.0,480.0,84392
2007-12-17,484.0,502.3999938964844,476.0,480.0,480.0,117297
2007-12-18,496.0,499.20001220703125,467.20001220703125,469.6000061035156,469.6000061035156,99650
2007-12-19,472.0,477.6000061035156,439.20001220703125,453.6000061035156,453.6000061035156,84378
2007-12-20,449.6000061035156,449.6000061035156,433.6000061035156,439.20001220703125,439.20001220703125,83283
2007-12-21,436.79998779296875,448.0,432.0,437.6000061035156,437.6000061035156,35595
2007-12-24,440.0,441.6000061035156,424.0,431.20001220703125,431.20001220703125,21906
2007-12-27,430.3999938964844,432.0,412.0,416.0,416.0,59242
2007-12-28,416.0,429.6000061035156,392.0,408.0,408.0,59017
2007-12-31,404.0,408.0,399.20001220703125,408.0,408.0,42839
2008-01-02,412.0,414.3999938964844,403.20001220703125,409.6000061035156,409.6000061035156,38159
2008-01-03,408.0,408.0,400.0,400.79998779296875,400.79998779296875,61250
2008-01-04,400.0,400.0,394.3999938964844,395.6000061035156,395.6000061035156,75651
2008-01-07,372.0,372.0,316.0,316.0,316.0,329147
2008-01-08,320.0,330.0,252.0,271.20001220703125,271.20001220703125,491693
2008-01-09,272.0,272.0,272.0,272.0,272.0,132500
2008-01-10,352.0,378.79998779296875,348.0,361.6000061035156,361.6000061035156,675458
2008-01-11,364.0,370.79998779296875,326.3999938964844,351.6000061035156,351.6000061035156,136630
2008-01-14,353.20001220703125,353.20001220703125,330.3999938964844,336.0,336.0,53242
2008-01-15,336.0,340.79998779296875,304.0,320.0,320.0,96615
2008-01-16,311.20001220703125,311.20001220703125,288.0,300.79998779296875,300.79998779296875,91485
2008-01-17,300.0,300.0,280.0,296.0,296.0,39091
2008-01-18,284.0,296.79998779296875,279.6000061035156,294.3999938964844,294.3999938964844,52315
2008-01-21,290.3999938964844,292.3999938964844,268.0,272.0,272.0,94858
2008-01-22,252.0,252.0,220.39999389648438,244.0,244.0,236086
2008-01-23,236.0,274.0,236.0,256.0,256.0,38875
2008-01-24,280.0,300.0,252.0,278.3999938964844,278.3999938964844,161781
2008-01-25,292.0,296.0,282.0,286.0,286.0,93062
2008-01-28,283.6000061035156,300.0,280.3999938964844,288.0,288.0,82352
2008-01-29,292.0,300.0,290.0,293.6000061035156,293.6000061035156,59526
2008-01-30,298.0,298.0,272.79998779296875,284.0,284.0,39512
2008-01-31,292.0,292.0,270.0,280.79998779296875,280.79998779296875,91490
2008-02-01,284.0,284.0,284.0,284.0,284.0,0
2008-02-04,308.0,360.0,300.0,312.0,312.0,120684
2008-02-05,315.6000061035156,328.0,312.0,328.0,328.0,96157
2008-02-06,316.0,328.0,300.0,328.0,328.0,25012
2008-02-11,328.0,336.0,325.20001220703125,327.6000061035156,327.6000061035156,34625
2008-02-12,322.0,328.0,312.0,318.0,318.0,18810
2008-02-13,324.0,324.0,313.20001220703125,322.0,322.0,39650
2008-02-14,324.0,326.3999938964844,319.20001220703125,326.0,326.0,35071
2008-02-15,324.0,352.79998779296875,322.3999938964844,349.6000061035156,349.6000061035156,96937
2008-02-18,344.3999938964844,361.6000061035156,344.0,350.0,350.0,53175
2008-02-19,350.0,353.20001220703125,336.0,342.79998779296875,342.79998779296875,26300
2008-02-20,348.0,348.0,332.0,336.0,336.0,33683
2008-02-21,337.20001220703125,341.20001220703125,334.0,336.3999938964844,336.3999938964844,25634
2008-02-22,332.0,335.20001220703125,328.79998779296875,335.20001220703125,335.20001220703125,10031
2008-02-25,340.0,340.0,324.0,328.0,328.0,44440
2008-02-26,328.0,330.0,320.79998779296875,329.20001220703125,329.20001220703125,20512
2008-02-27,330.79998779296875,336.0,325.20001220703125,330.0,330.0,16514
2008-02-28,328.79998779296875,330.0,324.3999938964844,325.20001220703125,325.20001220703125,16769
2008-02-29,324.0,340.0,324.0,330.79998779296875,330.79998779296875,28966
2008-03-03,327.6000061035156,327.6000061035156,324.0,326.3999938964844,326.3999938964844,6250
2008-03-04,324.0,336.79998779296875,324.0,332.0,332.0,27818
2008-03-05,331.20001220703125,331.20001220703125,331.20001220703125,331.20001220703125,331.20001220703125,0
2008-03-06,331.20001220703125,331.20001220703125,331.20001220703125,331.20001220703125,331.20001220703125,0
2008-03-07,331.20001220703125,331.20001220703125,331.20001220703125,331.20001220703125,331.20001220703125,0
2008-03-10,331.20001220703125,331.20001220703125,331.20001220703125,331.20001220703125,331.20001220703125,0
2008-03-11,340.3999938964844,340.79998779296875,320.0,324.0,324.0,64927
2008-03-12,324.0,332.0,321.20001220703125,330.0,330.0,92460
2008-03-13,334.0,334.0,322.0,322.0,322.0,169123
2008-03-14,324.0,331.20001220703125,319.6000061035156,319.6000061035156,319.6000061035156,78560
2008-03-17,312.0,312.0,280.0,294.0,294.0,103278
2008-03-18,280.0,292.0,259.6000061035156,286.0,286.0,72162
2008-03-19,288.0,304.0,287.6000061035156,288.3999938964844,288.3999938964844,65896
2008-03-20,270.3999938964844,292.0,270.3999938964844,292.0,292.0,13142
2008-03-25,284.3999938964844,300.0,284.3999938964844,294.0,294.0,26060
2008-03-26,290.3999938964844,292.3999938964844,286.3999938964844,286.3999938964844,286.3999938964844,6326
2008-03-27,292.0,292.0,282.79998779296875,286.0,286.0,7761
2008-03-28,286.0,288.0,285.6000061035156,288.0,288.0,29768
2008-03-31,278.3999938964844,291.20001220703125,278.3999938964844,290.3999938964844,290.3999938964844,9237
2008-04-01,288.0,299.20001220703125,284.0,284.0,284.0,27125
2008-04-02,290.3999938964844,294.0,281.6000061035156,293.20001220703125,293.20001220703125,37747
2008-04-03,288.0,288.0,282.0,282.3999938964844,282.3999938964844,27305
2008-04-07,282.0,296.0,282.0,293.6000061035156,293.6000061035156,47392
2008-04-08,296.0,303.6000061035156,294.0,296.79998779296875,296.79998779296875,45814
2008-04-09,300.0,308.79998779296875,296.0,299.6000061035156,299.6000061035156,41464
2008-04-10,296.0,304.0,296.0,301.20001220703125,301.20001220703125,23428
2008-04-11,300.0,310.0,298.79998779296875,308.0,308.0,31171
2008-04-14,304.79998779296875,314.79998779296875,301.6000061035156,314.3999938964844,314.3999938964844,96997
2008-04-15,330.0,330.0,314.79998779296875,326.0,326.0,73545
2008-04-16,330.0,350.79998779296875,328.0,347.6000061035156,347.6000061035156,230469
2008-04-17,356.0,365.20001220703125,347.20001220703125,362.0,362.0,315870
2008-04-18,363.20001220703125,379.6000061035156,363.20001220703125,376.0,376.0,289765
2008-04-21,375.6000061035156,375.6000061035156,375.6000061035156,375.6000061035156,375.6000061035156,0
2008-04-22,375.6000061035156,386.0,368.79998779296875,376.0,376.0,264806
2008-04-23,374.3999938964844,387.6000061035156,373.6000061035156,387.6000061035156,387.6000061035156,254123
2008-04-24,384.0,394.0,383.20001220703125,390.3999938964844,390.3999938964844,258862
2008-04-25,392.0,394.0,386.0,392.3999938964844,392.3999938964844,476446
2008-04-28,393.6000061035156,400.0,392.3999938964844,400.0,400.0,363977
2008-04-29,400.79998779296875,415.20001220703125,396.79998779296875,404.79998779296875,404.79998779296875,593474
2008-04-30,410.3999938964844,410.3999938964844,396.0,400.0,400.0,238518
2008-05-02,399.6000061035156,409.6000061035156,399.6000061035156,406.3999938964844,406.3999938964844,207769
2008-05-05,409.6000061035156,413.6000061035156,407.20001220703125,413.6000061035156,413.6000061035156,215724
2008-05-06,416.0,448.0,416.0,446.3999938964844,446.3999938964844,308259
2008-05-07,459.20001220703125,491.20001220703125,455.20001220703125,476.79998779296875,476.79998779296875,736156
2008-05-08,480.0,484.79998779296875,454.3999938964844,482.3999938964844,482.3999938964844,441680
2008-05-09,492.0,500.0,484.79998779296875,487.20001220703125,487.20001220703125,173585
2008-05-13,492.0,511.20001220703125,487.20001220703125,506.3999938964844,506.3999938964844,390487
2008-05-14,508.0,546.4000244140625,508.0,546.4000244140625,546.4000244140625,567375
2008-05-15,552.0,573.5999755859375,520.0,561.5999755859375,561.5999755859375,721967
2008-05-16,575.2000122070312,575.2000122070312,562.4000244140625,562.4000244140625,562.4000244140625,326187
2008-05-19,572.0,572.0,550.4000244140625,563.2000122070312,563.2000122070312,317617
2008-05-20,552.0,558.4000244140625,496.79998779296875,512.0,512.0,805657
2008-05-21,492.79998779296875,512.0,489.6000061035156,507.20001220703125,507.20001220703125,333825
2008-05-22,500.79998779296875,514.4000244140625,495.20001220703125,512.0,512.0,243535
2008-05-23,512.0,529.5999755859375,512.0,526.4000244140625,526.4000244140625,383465
2008-05-26,523.2000122070312,528.0,500.0,524.0,524.0,520775
2008-05-27,528.0,540.0,523.2000122070312,540.0,540.0,549675
2008-05-28,544.0,580.0,544.0,580.0,580.0,847737
2008-05-29,592.0,626.4000244140625,582.4000244140625,620.0,620.0,1049902
2008-05-30,640.0,708.0,576.0,708.0,708.0,4058890
2008-06-02,708.0,722.4000244140625,644.0,707.2000122070312,707.2000122070312,2102126
2008-06-03,720.0,720.0,664.0,664.0,664.0,622517
2008-06-04,680.0,680.0,648.0,671.2000122070312,671.2000122070312,790465
2008-06-05,679.2000122070312,695.2000122070312,675.2000122070312,692.0,692.0,591355
2008-06-06,700.0,700.0,688.7999877929688,696.0,696.0,271967
2008-06-10,680.0,691.2000122070312,656.0,689.5999755859375,689.5999755859375,185327
2008-06-11,696.0,696.0,676.0,683.2000122070312,683.2000122070312,76357
2008-06-12,681.5999755859375,681.5999755859375,664.7999877929688,678.4000244140625,678.4000244140625,92897
2008-06-13,680.0,692.7999877929688,664.7999877929688,664.7999877929688,664.7999877929688,93417
2008-06-16,672.0,681.5999755859375,672.0,675.2000122070312,675.2000122070312,119985
2008-06-17,676.7999877929688,676.7999877929688,655.2000122070312,675.2000122070312,675.2000122070312,76440
2008-06-18,672.0,675.2000122070312,660.7999877929688,660.7999877929688,660.7999877929688,78837
2008-06-19,664.0,672.0,631.2000122070312,631.2000122070312,631.2000122070312,132392
2008-06-20,640.0,642.4000244140625,592.0,616.0,616.0,126552
2008-06-23,596.7999877929688,610.4000244140625,592.7999877929688,600.0,600.0,88470
2008-06-24,607.2000122070312,620.0,596.0,620.0,620.0,103657
2008-06-25,624.0,635.2000122070312,610.4000244140625,610.4000244140625,610.4000244140625,37145
2008-06-26,617.5999755859375,628.0,608.0,608.0,608.0,73237
2008-06-27,596.0,605.5999755859375,528.0,599.2000122070312,599.2000122070312,109280
2008-06-30,632.0,632.0,598.4000244140625,604.0,604.0,250397
2008-07-02,600.0,608.0,552.7999877929688,552.7999877929688,552.7999877929688,285622
2008-07-03,548.7999877929688,548.7999877929688,400.0,408.0,408.0,476532
2008-07-04,422.3999938964844,488.0,420.0,461.6000061035156,461.6000061035156,240252
2008-07-07,472.0,484.0,408.0,438.3999938964844,438.3999938964844,305942
2008-07-08,427.20001220703125,440.0,415.20001220703125,428.79998779296875,428.79998779296875,668072
2008-07-09,454.3999938964844,460.0,432.0,442.3999938964844,442.3999938964844,83475
2008-07-10,460.0,462.3999938964844,433.6000061035156,442.3999938964844,442.3999938964844,128450
2008-07-11,448.0,448.0,424.79998779296875,434.3999938964844,434.3999938964844,380912
2008-07-14,434.3999938964844,434.3999938964844,399.20001220703125,404.0,404.0,241325
2008-07-15,400.0,400.0,366.3999938964844,368.3999938964844,368.3999938964844,146197
2008-07-16,372.0,395.20001220703125,360.79998779296875,381.6000061035156,381.6000061035156,675112
2008-07-17,392.0,399.20001220703125,368.79998779296875,372.79998779296875,372.79998779296875,131600
2008-07-18,379.20001220703125,384.0,368.79998779296875,378.0,378.0,80115
2008-07-21,380.0,397.20001220703125,374.0,390.0,390.0,98162
2008-07-22,394.0,394.3999938964844,377.20001220703125,390.0,390.0,84262
2008-07-23,382.3999938964844,388.3999938964844,368.3999938964844,369.6000061035156,369.6000061035156,206735
2008-07-24,379.20001220703125,379.20001220703125,346.0,350.0,350.0,173392
2008-07-25,340.0,348.0,320.3999938964844,337.20001220703125,337.20001220703125,202250
2008-07-28,337.20001220703125,344.0,312.3999938964844,328.0,328.0,192125
2008-07-29,312.0,315.20001220703125,304.0,314.3999938964844,314.3999938964844,177075
2008-07-30,320.0,337.6000061035156,318.0,326.79998779296875,326.79998779296875,108920
2008-07-31,328.0,335.20001220703125,321.20001220703125,325.20001220703125,325.20001220703125,107925
2008-08-01,314.0,325.20001220703125,314.0,324.0,324.0,50825
2008-08-04,323.6000061035156,330.79998779296875,316.0,330.79998779296875,330.79998779296875,87850
2008-08-05,322.0,328.0,312.0,316.0,316.0,175387
2008-08-06,316.0,316.0,316.0,316.0,316.0,0
2008-08-07,322.0,322.79998779296875,290.3999938964844,290.3999938964844,290.3999938964844,109127
2008-08-08,324.79998779296875,324.79998779296875,269.6000061035156,275.20001220703125,275.20001220703125,125652
2008-08-11,275.20001220703125,282.79998779296875,270.0,274.0,274.0,60672
2008-08-12,280.3999938964844,285.20001220703125,272.3999938964844,274.3999938964844,274.3999938964844,57452
2008-08-13,272.0,274.79998779296875,258.0,258.0,258.0,48002
2008-08-14,253.60000610351562,253.60000610351562,216.0,227.60000610351562,227.60000610351562,156787
2008-08-15,230.39999389648438,236.0,194.39999389648438,194.39999389648438,194.39999389648438,373967
2008-08-18,192.8000030517578,192.8000030517578,140.0,140.0,140.0,877407
2008-08-19,144.39999389648438,144.39999389648438,106.4000015258789,124.0,124.0,1324620
2008-08-20,124.0,174.8000030517578,124.0,166.39999389648438,166.39999389648438,1351576
2008-08-21,156.8000030517578,234.39999389648438,156.8000030517578,220.0,220.0,1455604
2008-08-22,220.0,220.0,220.0,220.0,220.0,0
2008-08-25,234.0,256.0,234.0,249.1999969482422,249.1999969482422,811676
2008-08-26,250.8000030517578,288.0,240.39999389648438,288.0,288.0,684266
2008-08-27,304.0,358.0,304.0,358.0,358.0,976383
2008-08-28,358.0,379.6000061035156,251.1999969482422,300.0,300.0,1217260
2008-08-29,311.6000061035156,326.0,288.0,290.0,290.0,534185
2008-09-01,292.0,298.0,215.60000610351562,226.0,226.0,723528
2008-09-02,224.0,258.79998779296875,224.0,245.60000610351562,245.60000610351562,686605
2008-09-03,246.0,249.60000610351562,235.60000610351562,236.0,236.0,279600
2008-09-04,236.0,238.8000030517578,204.0,212.0,212.0,313599
2008-09-05,212.0,212.0,178.0,197.1999969482422,197.1999969482422,444323
2008-09-08,211.1999969482422,226.8000030517578,199.60000610351562,200.0,200.0,357720
2008-09-09,200.0,201.1999969482422,182.8000030517578,182.8000030517578,182.8000030517578,279367
2008-09-10,180.0,203.1999969482422,168.39999389648438,188.0,188.0,727450
2008-09-11,190.0,196.0,176.0,176.0,176.0,250075
2008-09-12,184.0,184.0,180.0,180.0,180.0,0
2008-09-16,163.60000610351562,192.8000030517578,160.39999389648438,176.0,176.0,341840
2008-09-17,181.60000610351562,189.1999969482422,163.1999969482422,164.39999389648438,164.39999389648438,254645
2008-09-18,152.0,165.1999969482422,115.5999984741211,165.1999969482422,165.1999969482422,609672
2008-09-19,165.1999969482422,185.1999969482422,165.1999969482422,168.0,168.0,475250
2008-09-22,176.0,178.0,152.39999389648438,164.39999389648438,164.39999389648438,203648
2008-09-23,158.0,161.1999969482422,152.0,156.8000030517578,156.8000030517578,157950
2008-09-24,156.39999389648438,172.0,152.39999389648438,159.1999969482422,159.1999969482422,172450
2008-09-25,158.8000030517578,159.1999969482422,152.8000030517578,156.0,156.0,94250
2008-09-26,164.0,175.60000610351562,155.1999969482422,158.0,158.0,259400
2008-09-29,165.60000610351562,165.60000610351562,154.39999389648438,154.8000030517578,154.8000030517578,95350
2008-09-30,139.1999969482422,166.39999389648438,139.1999969482422,163.60000610351562,163.60000610351562,328726
2008-10-02,170.0,170.0,160.8000030517578,164.8000030517578,164.8000030517578,181950
2008-10-03,159.60000610351562,165.1999969482422,158.8000030517578,160.0,160.0,121125
2008-10-06,159.60000610351562,159.60000610351562,139.1999969482422,140.0,140.0,138550
2008-10-08,127.19999694824219,144.0,125.19999694824219,126.0,126.0,205989
2008-10-09,128.0,136.0,116.0,119.5999984741211,119.5999984741211,217420
2008-10-10,119.5999984741211,119.5999984741211,96.0,100.0,100.0,436883
2008-10-13,100.0,112.0,80.0,105.5999984741211,105.5999984741211,429937
2008-10-14,129.1999969482422,129.1999969482422,112.80000305175781,119.19999694824219,119.19999694824219,318012
2008-10-15,115.19999694824219,115.19999694824219,106.0,108.0,108.0,221728
2008-10-16,108.0,108.0,92.4000015258789,104.4000015258789,104.4000015258789,198675
2008-10-17,112.0,114.0,96.80000305175781,100.0,100.0,148987
2008-10-20,100.0,106.4000015258789,97.5999984741211,100.0,100.0,126132
2008-10-21,104.0,104.0,95.19999694824219,95.5999984741211,95.5999984741211,140744
2008-10-22,95.5999984741211,96.0,83.19999694824219,84.0,84.0,228672
2008-10-23,72.0,79.5999984741211,66.80000305175781,72.0,72.0,458442
2008-10-24,72.0,74.4000015258789,56.0,56.0,56.0,607789
2008-10-27,56.0,56.400001525878906,43.20000076293945,44.0,44.0,403937
2008-10-28,43.599998474121094,51.599998474121094,40.0,44.79999923706055,44.79999923706055,995556
2008-10-29,50.0,91.5999984741211,46.79999923706055,88.0,88.0,1304678
2008-10-30,96.0,128.8000030517578,96.0,124.0,124.0,1432356
2008-10-31,116.0,154.0,112.0,128.0,128.0,1163574
2008-11-03,128.0,143.60000610351562,112.4000015258789,116.4000015258789,116.4000015258789,479912
2008-11-04,117.19999694824219,118.0,100.80000305175781,110.4000015258789,110.4000015258789,348582
2008-11-05,120.0,125.19999694824219,108.80000305175781,115.19999694824219,115.19999694824219,415112
2008-11-06,102.4000015258789,114.4000015258789,102.4000015258789,114.4000015258789,114.4000015258789,180600
2008-11-07,110.4000015258789,122.80000305175781,107.5999984741211,118.80000305175781,118.80000305175781,352402
2008-11-10,124.0,130.0,118.0,119.19999694824219,119.19999694824219,315150
2008-11-11,115.5999984741211,119.19999694824219,109.5999984741211,109.5999984741211,109.5999984741211,226100
2008-11-12,112.0,112.80000305175781,108.0,112.4000015258789,112.4000015258789,109300
2008-11-13,103.5999984741211,107.19999694824219,100.4000015258789,104.0,104.0,84525
2008-11-14,116.0,116.0,106.4000015258789,108.0,108.0,113636
2008-11-17,110.80000305175781,110.80000305175781,102.80000305175781,102.80000305175781,102.80000305175781,94050
2008-11-18,102.0,102.0,87.5999984741211,91.5999984741211,91.5999984741211,297000
2008-11-19,101.63999938964844,101.63999938964844,88.0,88.80000305175781,88.80000305175781,169675
2008-11-20,82.0,83.19999694824219,78.0,80.0,80.0,299000
2008-11-21,71.19999694824219,80.80000305175781,71.19999694824219,78.0,78.0,350811
2008-11-24,76.0,78.0,68.4000015258789,68.4000015258789,68.4000015258789,415655
2008-11-25,78.0,114.0,74.0,74.0,74.0,4501667
2008-11-26,74.0,98.80000305175781,74.0,85.19999694824219,85.19999694824219,3150778
2008-11-27,92.4000015258789,97.5999984741211,84.0,86.0,86.0,1109281
2008-11-28,84.0,89.19999694824219,84.0,86.0,86.0,445022
2008-12-01,86.0,94.0,80.4000015258789,86.80000305175781,86.80000305175781,969675
2008-12-02,82.0,89.19999694824219,80.80000305175781,84.80000305175781,84.80000305175781,430800
2008-12-03,88.0,91.5999984741211,86.4000015258789,88.0,88.0,494255
2008-12-04,90.4000015258789,103.5999984741211,89.19999694824219,91.19999694824219,91.19999694824219,2723763
2008-12-05,95.19999694824219,98.80000305175781,91.19999694824219,92.80000305175781,92.80000305175781,687032
2008-12-08,96.0,98.0,94.0,96.4000015258789,96.4000015258789,778564
2008-12-09,98.0,110.0,96.80000305175781,103.19999694824219,103.19999694824219,1849230
2008-12-10,106.0,111.19999694824219,104.4000015258789,108.80000305175781,108.80000305175781,1278978
2008-12-11,108.0,115.19999694824219,106.0,110.0,110.0,1307760
2008-12-12,110.0,112.0,96.80000305175781,98.0,98.0,750815
2008-12-15,104.4000015258789,105.5999984741211,99.5999984741211,100.0,100.0,367410
2008-12-16,100.0,102.0,96.80000305175781,99.5999984741211,99.5999984741211,291723
2008-12-17,102.0,104.0,98.80000305175781,100.80000305175781,100.80000305175781,378125
2008-12-18,102.0,108.80000305175781,99.19999694824219,108.80000305175781,108.80000305175781,932100
2008-12-19,108.0,114.80000305175781,103.5999984741211,104.0,104.0,1135188
2008-12-22,104.0,106.80000305175781,98.80000305175781,100.0,100.0,383240
2008-12-23,99.19999694824219,99.5999984741211,92.0,93.19999694824219,93.19999694824219,258212
2008-12-24,90.80000305175781,96.80000305175781,90.0,94.4000015258789,94.4000015258789,142319
2008-12-29,94.4000015258789,99.19999694824219,92.0,96.0,96.0,187350
2008-12-30,98.0,98.4000015258789,94.0,95.5999984741211,95.5999984741211,155986
2008-12-31,96.80000305175781,98.0,94.0,95.19999694824219,95.19999694824219,104850
2009-01-02,97.19999694824219,104.4000015258789,94.4000015258789,101.5999984741211,101.5999984741211,639276
2009-01-05,103.5999984741211,106.0,100.4000015258789,104.0,104.0,490037
2009-01-06,104.4000015258789,109.19999694824219,103.19999694824219,106.4000015258789,106.4000015258789,728081
2009-01-07,109.19999694824219,120.4000015258789,105.19999694824219,113.5999984741211,113.5999984741211,3093125
2009-01-08,111.5999984741211,116.4000015258789,102.0,102.4000015258789,102.4000015258789,1521915
2009-01-09,104.0,106.4000015258789,100.0,102.4000015258789,102.4000015258789,545200
2009-01-12,100.4000015258789,101.19999694824219,91.5999984741211,93.5999984741211,93.5999984741211,465787
2009-01-13,92.4000015258789,95.19999694824219,88.4000015258789,89.19999694824219,89.19999694824219,383771
2009-01-14,90.0,94.0,90.0,90.4000015258789,90.4000015258789,314497
2009-01-15,88.0,88.4000015258789,82.0,87.5999984741211,87.5999984741211,383286
2009-01-16,88.4000015258789,90.4000015258789,86.4000015258789,88.80000305175781,88.80000305175781,211225
2009-01-19,90.0,91.5999984741211,85.19999694824219,87.19999694824219,87.19999694824219,170675
2009-01-20,84.0,85.5999984741211,82.80000305175781,84.4000015258789,84.4000015258789,188835
2009-01-21,82.0,88.0,82.0,86.0,86.0,269203
2009-01-22,86.4000015258789,87.5999984741211,83.19999694824219,84.0,84.0,103800
2009-01-23,84.0,84.0,82.0,83.5999984741211,83.5999984741211,118300
2009-01-29,86.0,89.19999694824219,84.80000305175781,85.5999984741211,85.5999984741211,203912
2009-01-30,84.0,87.5999984741211,83.5999984741211,87.5999984741211,87.5999984741211,240225
2009-02-02,85.5999984741211,87.19999694824219,82.4000015258789,83.5999984741211,83.5999984741211,173275
2009-02-03,84.0,84.80000305175781,82.0,82.4000015258789,82.4000015258789,166775
2009-02-04,83.5999984741211,89.19999694824219,83.19999694824219,87.19999694824219,87.19999694824219,386975
2009-02-05,87.19999694824219,89.19999694824219,85.19999694824219,85.5999984741211,85.5999984741211,358855
2009-02-06,87.5999984741211,90.4000015258789,86.80000305175781,88.80000305175781,88.80000305175781,414615
2009-02-09,91.19999694824219,98.80000305175781,89.19999694824219,96.0,96.0,1225001
2009-02-10,96.80000305175781,99.5999984741211,92.0,93.19999694824219,93.19999694824219,638100
2009-02-11,89.19999694824219,90.80000305175781,86.0,88.4000015258789,88.4000015258789,406723
2009-02-12,88.0,92.4000015258789,88.0,88.0,88.0,352900
2009-02-13,90.0,91.5999984741211,89.19999694824219,89.5999984741211,89.5999984741211,225650
2009-02-16,90.80000305175781,90.80000305175781,88.0,89.5999984741211,89.5999984741211,133300
2009-02-17,88.0,88.4000015258789,86.0,86.0,86.0,153150
2009-02-18,84.0,86.4000015258789,83.5999984741211,86.4000015258789,86.4000015258789,178875
2009-02-19,83.5999984741211,86.4000015258789,83.5999984741211,85.5999984741211,85.5999984741211,110510
2009-02-20,84.80000305175781,84.80000305175781,83.5999984741211,84.0,84.0,145100
2009-02-23,84.0,85.5999984741211,83.19999694824219,85.5999984741211,85.5999984741211,170683
2009-02-24,83.19999694824219,84.0,81.5999984741211,82.0,82.0,169493
2009-02-25,83.19999694824219,84.0,81.5999984741211,82.0,82.0,114980
2009-02-26,82.4000015258789,82.80000305175781,76.4000015258789,78.80000305175781,78.80000305175781,181800
2009-02-27,79.19999694824219,84.4000015258789,77.5999984741211,84.4000015258789,84.4000015258789,271876
2009-03-02,82.4000015258789,84.0,79.19999694824219,79.5999984741211,79.5999984741211,148917
2009-03-03,76.80000305175781,80.80000305175781,76.80000305175781,78.80000305175781,78.80000305175781,108950
2009-03-04,80.4000015258789,81.5999984741211,78.80000305175781,79.5999984741211,79.5999984741211,219525
2009-03-05,82.0,82.0,78.80000305175781,79.19999694824219,79.19999694824219,243625
2009-03-06,78.80000305175781,79.5999984741211,77.5999984741211,78.0,78.0,97356
2009-03-09,79.19999694824219,79.5999984741211,76.4000015258789,76.4000015258789,76.4000015258789,110600
2009-03-10,76.4000015258789,80.4000015258789,76.4000015258789,78.80000305175781,78.80000305175781,136670
2009-03-11,81.5999984741211,81.5999984741211,79.19999694824219,79.5999984741211,79.5999984741211,163232
2009-03-12,79.19999694824219,80.4000015258789,78.80000305175781,79.5999984741211,79.5999984741211,70762
2009-03-13,81.19999694824219,84.0,80.4000015258789,81.19999694824219,81.19999694824219,431200
2009-03-16,82.4000015258789,84.80000305175781,81.19999694824219,83.19999694824219,83.19999694824219,350212
2009-03-17,82.4000015258789,84.4000015258789,81.19999694824219,81.19999694824219,81.19999694824219,421723
2009-03-18,82.4000015258789,84.4000015258789,82.0,82.4000015258789,82.4000015258789,408619
2009-03-19,83.19999694824219,99.5999984741211,82.80000305175781,99.5999984741211,99.5999984741211,2825453
2009-03-20,93.5199966430664,110.80000305175781,93.5199966430664,94.0,94.0,2778262
2009-03-23,96.0,98.4000015258789,93.19999694824219,97.5999984741211,97.5999984741211,647504
2009-03-24,93.5999984741211,101.19999694824219,93.5999984741211,94.80000305175781,94.80000305175781,515020
2009-03-25,93.5999984741211,104.4000015258789,93.5999984741211,98.4000015258789,98.4000015258789,1486735
2009-03-26,100.0,101.5999984741211,95.19999694824219,99.5999984741211,99.5999984741211,634388
2009-03-27,102.0,102.80000305175781,96.80000305175781,98.0,98.0,474630
2009-03-30,95.5999984741211,96.0,85.5999984741211,86.80000305175781,86.80000305175781,603714
2009-03-31,88.0,90.4000015258789,86.80000305175781,89.5999984741211,89.5999984741211,315102
2009-04-01,92.0,92.4000015258789,88.80000305175781,89.5999984741211,89.5999984741211,310787
2009-04-02,92.0,96.4000015258789,91.19999694824219,94.0,94.0,786862
2009-04-03,84.4000015258789,101.19999694824219,84.4000015258789,96.4000015258789,96.4000015258789,1005632
2009-04-06,98.4000015258789,101.19999694824219,93.5999984741211,95.19999694824219,95.19999694824219,690227
2009-04-07,94.0,95.19999694824219,92.4000015258789,93.5999984741211,93.5999984741211,304821
2009-04-08,91.5999984741211,92.80000305175781,88.0,90.0,90.0,467650
2009-04-09,91.19999694824219,95.5999984741211,90.80000305175781,91.5999984741211,91.5999984741211,642625
2009-04-14,94.4000015258789,97.19999694824219,92.80000305175781,95.5999984741211,95.5999984741211,1190325
2009-04-15,94.0,109.5999984741211,94.0,108.4000015258789,108.4000015258789,3557539
2009-04-16,103.23999786376953,112.4000015258789,100.4000015258789,101.19999694824219,101.19999694824219,1848950
2009-04-17,103.19999694824219,104.4000015258789,97.19999694824219,98.0,98.0,932092
2009-04-20,98.80000305175781,101.19999694824219,96.80000305175781,99.5999984741211,99.5999984741211,460438
2009-04-21,94.80000305175781,97.19999694824219,94.4000015258789,96.80000305175781,96.80000305175781,557300
2009-04-22,96.80000305175781,99.19999694824219,91.5999984741211,92.4000015258789,92.4000015258789,673129
2009-04-23,92.80000305175781,91.5999984741211,94.4000015258789,95.5999984741211,95.5999984741211,409750
2009-04-24,104.4000015258789,104.4000015258789,93.19999694824219,94.80000305175781,94.80000305175781,396404
2009-04-27,93.5999984741211,93.5999984741211,87.19999694824219,88.0,88.0,597112
2009-04-28,88.80000305175781,89.5999984741211,83.19999694824219,85.19999694824219,85.19999694824219,396140
2009-04-29,87.19999694824219,88.80000305175781,84.4000015258789,88.0,88.0,245580
2009-04-30,91.19999694824219,91.5999984741211,87.19999694824219,89.5999984741211,89.5999984741211,451650
2009-05-04,91.19999694824219,98.0,91.19999694824219,96.4000015258789,96.4000015258789,1071402
2009-05-05,97.5999984741211,100.80000305175781,94.4000015258789,96.4000015258789,96.4000015258789,971352
2009-05-06,96.80000305175781,104.80000305175781,96.4000015258789,103.19999694824219,103.19999694824219,1771340
2009-05-07,107.19999694824219,111.5999984741211,99.19999694824219,101.19999694824219,101.19999694824219,1729213
2009-05-08,99.5999984741211,106.0,97.5999984741211,103.19999694824219,103.19999694824219,906367
2009-05-11,104.0,109.19999694824219,99.19999694824219,99.5999984741211,99.5999984741211,1080037
2009-05-12,98.4000015258789,102.0,98.0,100.0,100.0,486486
2009-05-13,100.0,107.19999694824219,100.0,102.4000015258789,102.4000015258789,953590
2009-05-14,99.19999694824219,100.4000015258789,97.19999694824219,99.5999984741211,99.5999984741211,453500
2009-05-15,101.5999984741211,103.19999694824219,99.19999694824219,101.19999694824219,101.19999694824219,481491
2009-05-18,99.5999984741211,104.4000015258789,97.19999694824219,103.19999694824219,103.19999694824219,647425
2009-05-19,106.0,106.80000305175781,103.19999694824219,104.4000015258789,104.4000015258789,979268
2009-05-20,104.80000305175781,142.39999389648438,104.0,141.1999969482422,141.1999969482422,10548271
2009-05-21,142.39999389648438,146.0,124.0,126.80000305175781,126.80000305175781,5599375
2009-05-22,128.0,132.8000030517578,114.80000305175781,124.80000305175781,124.80000305175781,3714113
2009-05-25,126.0,131.1999969482422,120.0,124.80000305175781,124.80000305175781,1737112
2009-05-26,125.19999694824219,128.0,121.5999984741211,122.4000015258789,122.4000015258789,1158525
2009-05-27,127.5999984741211,129.1999969482422,122.4000015258789,122.80000305175781,122.80000305175781,1266024
2009-05-29,122.80000305175781,135.60000610351562,120.0,127.5999984741211,127.5999984741211,2589590
2009-06-01,129.60000610351562,135.1999969482422,128.0,131.60000610351562,131.60000610351562,2424037
2009-06-02,132.0,150.0,131.60000610351562,134.8000030517578,134.8000030517578,5363412
2009-06-03,138.0,142.8000030517578,134.0,134.8000030517578,134.8000030517578,2756269
2009-06-04,136.0,138.39999389648438,127.5999984741211,133.1999969482422,133.1999969482422,1694331
2009-06-05,135.60000610351562,141.60000610351562,134.0,136.0,136.0,2232275
2009-06-08,136.8000030517578,141.1999969482422,134.39999389648438,135.1999969482422,135.1999969482422,1630860
2009-06-09,138.39999389648438,142.39999389648438,130.39999389648438,133.1999969482422,133.1999969482422,2075800
2009-06-10,135.1999969482422,136.8000030517578,133.1999969482422,135.1999969482422,135.1999969482422,990150
2009-06-11,134.39999389648438,139.1999969482422,132.0,133.60000610351562,133.60000610351562,1138650
2009-06-12,135.60000610351562,136.8000030517578,130.39999389648438,131.1999969482422,131.1999969482422,1024937
2009-06-15,131.60000610351562,132.8000030517578,122.4000015258789,124.4000015258789,124.4000015258789,1025208
2009-06-16,121.19999694824219,123.5999984741211,115.19999694824219,119.19999694824219,119.19999694824219,1241675
2009-06-17,118.80000305175781,119.5999984741211,111.5999984741211,116.80000305175781,116.80000305175781,1084450
2009-06-18,116.0,119.19999694824219,113.5999984741211,114.80000305175781,114.80000305175781,431500
2009-06-19,117.19999694824219,125.5999984741211,115.19999694824219,122.4000015258789,122.4000015258789,1297363
2009-06-22,121.19999694824219,123.5999984741211,118.4000015258789,118.80000305175781,118.80000305175781,394729
2009-06-23,113.5999984741211,115.5999984741211,112.4000015258789,113.5999984741211,113.5999984741211,467730
2009-06-24,114.4000015258789,117.5999984741211,113.19999694824219,115.19999694824219,115.19999694824219,297160
2009-06-25,116.80000305175781,118.4000015258789,115.5999984741211,116.4000015258789,116.4000015258789,273015
2009-06-26,119.19999694824219,122.80000305175781,116.80000305175781,120.0,120.0,556956
2009-06-29,120.0,121.19999694824219,117.19999694824219,118.4000015258789,118.4000015258789,286013
2009-06-30,120.4000015258789,121.5999984741211,114.0,114.4000015258789,114.4000015258789,367932
2009-07-02,118.0,118.0,111.19999694824219,112.80000305175781,112.80000305175781,327530
2009-07-03,110.0,113.19999694824219,108.80000305175781,111.5999984741211,111.5999984741211,310412
2009-07-06,112.4000015258789,123.19999694824219,110.4000015258789,112.0,112.0,269450
2009-07-07,112.4000015258789,114.0,109.19999694824219,109.5999984741211,109.5999984741211,255250
2009-07-08,108.0,109.5999984741211,105.5999984741211,108.80000305175781,108.80000305175781,408962
2009-07-09,108.80000305175781,108.80000305175781,104.0,106.4000015258789,106.4000015258789,384675
2009-07-10,107.5999984741211,110.4000015258789,106.0,106.4000015258789,106.4000015258789,386147
2009-07-13,109.19999694824219,113.19999694824219,107.19999694824219,108.0,108.0,737610
2009-07-14,110.0,112.80000305175781,109.19999694824219,109.5999984741211,109.5999984741211,310667
2009-07-15,110.0,114.4000015258789,109.19999694824219,112.4000015258789,112.4000015258789,765212
2009-07-16,114.0,115.5999984741211,110.0,110.4000015258789,110.4000015258789,536883
2009-07-17,112.0,114.4000015258789,110.80000305175781,113.19999694824219,113.19999694824219,466785
2009-07-20,114.0,118.4000015258789,114.0,117.19999694824219,117.19999694824219,610445
2009-07-21,118.0,118.4000015258789,114.80000305175781,116.0,116.0,351712
2009-07-22,118.0,128.8000030517578,116.4000015258789,122.4000015258789,122.4000015258789,2170200
2009-07-23,125.5999984741211,126.0,119.19999694824219,120.80000305175781,120.80000305175781,826187
2009-07-24,122.80000305175781,128.0,118.0,119.5999984741211,119.5999984741211,888055
2009-07-27,122.0,125.5999984741211,120.4000015258789,124.0,124.0,761825
2009-07-28,125.19999694824219,127.19999694824219,122.0,125.19999694824219,125.19999694824219,912671
2009-07-29,124.0,125.19999694824219,114.80000305175781,118.4000015258789,118.4000015258789,752787
2009-07-30,119.19999694824219,120.0,114.80000305175781,117.19999694824219,117.19999694824219,436300
2009-07-31,119.19999694824219,121.5999984741211,118.0,119.19999694824219,119.19999694824219,405418
2009-08-03,120.4000015258789,122.4000015258789,119.19999694824219,120.80000305175781,120.80000305175781,389283
2009-08-04,122.80000305175781,123.19999694824219,117.5999984741211,118.4000015258789,118.4000015258789,467588
2009-08-05,119.5999984741211,122.0,116.4000015258789,117.5999984741211,117.5999984741211,484640
2009-08-06,117.19999694824219,118.4000015258789,114.4000015258789,115.5999984741211,115.5999984741211,392825
2009-08-07,114.80000305175781,116.80000305175781,112.0,112.80000305175781,112.80000305175781,369305
2009-08-10,115.19999694824219,115.5999984741211,112.80000305175781,113.19999694824219,113.19999694824219,200946
2009-08-11,114.0,120.80000305175781,112.80000305175781,118.4000015258789,118.4000015258789,474737
2009-08-12,116.0,118.0,112.80000305175781,113.5999984741211,113.5999984741211,492954
2009-08-13,114.80000305175781,118.4000015258789,114.4000015258789,115.5999984741211,115.5999984741211,474801
2009-08-14,118.0,118.4000015258789,114.0,116.0,116.0,478425
2009-08-17,114.0,115.5999984741211,109.19999694824219,110.4000015258789,110.4000015258789,425443
2009-08-18,109.19999694824219,110.4000015258789,106.0,109.19999694824219,109.19999694824219,398100
2009-08-19,110.80000305175781,113.19999694824219,107.19999694824219,110.4000015258789,110.4000015258789,372047
2009-08-20,113.19999694824219,113.19999694824219,109.19999694824219,110.4000015258789,110.4000015258789,173450
2009-08-21,112.0,113.19999694824219,110.0,110.4000015258789,110.4000015258789,162705
2009-08-24,113.19999694824219,116.80000305175781,111.5999984741211,116.4000015258789,116.4000015258789,694001
2009-08-25,115.5999984741211,120.4000015258789,114.4000015258789,117.19999694824219,117.19999694824219,806687
2009-08-26,118.4000015258789,120.0,115.5999984741211,117.5999984741211,117.5999984741211,534825
2009-08-27,116.0,118.4000015258789,114.80000305175781,115.5999984741211,115.5999984741211,331540
2009-08-28,116.80000305175781,116.80000305175781,112.0,112.80000305175781,112.80000305175781,285632
2009-08-31,113.19999694824219,113.5999984741211,104.4000015258789,110.0,110.0,1308593
2009-09-01,110.80000305175781,116.0,109.5999984741211,114.80000305175781,114.80000305175781,915894
2009-09-02,112.0,113.19999694824219,110.80000305175781,112.0,112.0,145430
2009-09-03,112.80000305175781,114.4000015258789,111.19999694824219,112.80000305175781,112.80000305175781,185927
2009-09-04,114.0,114.4000015258789,112.0,113.5999984741211,113.5999984741211,173571
2009-09-07,113.5999984741211,116.0,113.19999694824219,114.4000015258789,114.4000015258789,173175
2009-09-08,114.80000305175781,116.4000015258789,113.19999694824219,115.19999694824219,115.19999694824219,380500
2009-09-09,114.80000305175781,115.5999984741211,111.19999694824219,111.5999984741211,111.5999984741211,292900
2009-09-10,114.0,114.0,112.0,113.19999694824219,113.19999694824219,249967
2009-09-11,113.5999984741211,118.4000015258789,113.19999694824219,115.19999694824219,115.19999694824219,681568
2009-09-14,114.80000305175781,118.0,113.5999984741211,116.0,116.0,414537
2009-09-15,119.19999694824219,119.19999694824219,114.80000305175781,115.5999984741211,115.5999984741211,85791
2009-09-16,116.4000015258789,116.4000015258789,114.0,115.19999694824219,115.19999694824219,178800
2009-09-17,116.0,118.0,115.19999694824219,115.19999694824219,115.19999694824219,371512
2009-09-18,115.5999984741211,116.4000015258789,112.4000015258789,112.80000305175781,112.80000305175781,254011
2009-09-21,113.5999984741211,115.19999694824219,112.0,112.4000015258789,112.4000015258789,196450
2009-09-22,112.80000305175781,114.0,110.80000305175781,111.5999984741211,111.5999984741211,178575
2009-09-23,112.80000305175781,112.80000305175781,110.80000305175781,111.5999984741211,111.5999984741211,122482
2009-09-24,111.19999694824219,112.0,108.4000015258789,109.19999694824219,109.19999694824219,264775
2009-09-25,108.0,109.19999694824219,106.4000015258789,108.80000305175781,108.80000305175781,209075
2009-09-28,108.0,108.0,106.0,107.19999694824219,107.19999694824219,142755
2009-09-29,108.80000305175781,110.80000305175781,108.0,108.80000305175781,108.80000305175781,116000
2009-09-30,108.80000305175781,110.80000305175781,106.80000305175781,110.0,110.0,195810
2009-10-02,107.19999694824219,108.4000015258789,106.4000015258789,107.5999984741211,107.5999984741211,117505
2009-10-05,106.80000305175781,108.4000015258789,106.4000015258789,107.19999694824219,107.19999694824219,129021
2009-10-06,107.5999984741211,109.5999984741211,107.19999694824219,109.5999984741211,109.5999984741211,169362
2009-10-07,110.4000015258789,112.80000305175781,110.0,111.5999984741211,111.5999984741211,154433
2009-10-08,112.0,112.0,109.5999984741211,110.80000305175781,110.80000305175781,83125
2009-10-09,111.19999694824219,131.60000610351562,110.80000305175781,125.5999984741211,125.5999984741211,2620820
2009-10-12,127.5999984741211,133.60000610351562,122.4000015258789,123.5999984741211,123.5999984741211,1686714
2009-10-13,125.19999694824219,130.39999389648438,121.5999984741211,124.4000015258789,124.4000015258789,974250
2009-10-14,126.0,130.0,124.4000015258789,126.4000015258789,126.4000015258789,670702
2009-10-15,129.60000610351562,130.0,123.5999984741211,124.4000015258789,124.4000015258789,454472
2009-10-16,125.5999984741211,128.39999389648438,121.19999694824219,124.0,124.0,416684
2009-10-19,124.0,125.19999694824219,121.5999984741211,122.4000015258789,122.4000015258789,397567
2009-10-20,123.5999984741211,128.0,122.4000015258789,123.19999694824219,123.19999694824219,725328
2009-10-21,123.5999984741211,126.0,122.80000305175781,124.0,124.0,364900
2009-10-22,124.0,124.80000305175781,122.4000015258789,124.4000015258789,124.4000015258789,268914
2009-10-23,128.0,136.8000030517578,128.0,131.1999969482422,131.1999969482422,2766641
2009-10-27,129.60000610351562,144.0,128.0,140.39999389648438,140.39999389648438,2827963
2009-10-28,141.1999969482422,142.39999389648438,135.60000610351562,138.0,138.0,1018190
2009-10-29,134.0,138.0,130.8000030517578,131.1999969482422,131.1999969482422,522455
2009-10-30,134.39999389648438,137.1999969482422,132.39999389648438,133.60000610351562,133.60000610351562,630825
2009-11-02,129.60000610351562,134.39999389648438,129.1999969482422,132.8000030517578,132.8000030517578,347750
2009-11-03,134.0,140.39999389648438,132.39999389648438,137.60000610351562,137.60000610351562,892000
2009-11-04,140.0,142.0,136.39999389648438,136.8000030517578,136.8000030517578,682400
2009-11-05,134.8000030517578,138.0,134.0,134.8000030517578,134.8000030517578,200756
2009-11-06,137.1999969482422,138.0,135.1999969482422,137.1999969482422,137.1999969482422,349810
2009-11-09,140.0,154.8000030517578,138.39999389648438,151.60000610351562,151.60000610351562,3149281
2009-11-10,154.39999389648438,154.8000030517578,146.8000030517578,147.60000610351562,147.60000610351562,1106934
2009-11-11,150.0,150.39999389648438,146.0,147.60000610351562,147.60000610351562,518725
2009-11-12,147.60000610351562,171.1999969482422,147.60000610351562,167.1999969482422,167.1999969482422,3856909
2009-11-13,168.8000030517578,179.60000610351562,162.0,166.8000030517578,166.8000030517578,2228669
2009-11-16,170.0,176.0,165.60000610351562,172.0,172.0,1081412
2009-11-17,173.60000610351562,192.39999389648438,171.60000610351562,191.1999969482422,191.1999969482422,2981258
2009-11-18,192.0,198.8000030517578,188.0,191.1999969482422,191.1999969482422,2483186
2009-11-19,194.8000030517578,196.39999389648438,190.39999389648438,193.1999969482422,193.1999969482422,629916
2009-11-20,192.8000030517578,192.8000030517578,178.0,182.39999389648438,182.39999389648438,995540
2009-11-23,181.1999969482422,182.0,175.1999969482422,177.1999969482422,177.1999969482422,724140
2009-11-24,180.0,188.39999389648438,178.0,180.0,180.0,1060479
2009-11-25,183.1999969482422,194.8000030517578,182.0,190.8000030517578,190.8000030517578,1118547
2009-11-26,190.8000030517578,193.1999969482422,182.0,184.39999389648438,184.39999389648438,501909
2009-11-27,178.0,188.8000030517578,174.39999389648438,180.0,180.0,1171300
2009-11-30,185.60000610351562,189.1999969482422,184.39999389648438,188.0,188.0,822428
2009-12-01,188.0,210.0,187.60000610351562,207.60000610351562,207.60000610351562,3286108
2009-12-02,212.0,213.1999969482422,204.8000030517578,207.60000610351562,207.60000610351562,939908
2009-12-03,209.1999969482422,220.8000030517578,208.0,218.8000030517578,218.8000030517578,1203764
2009-12-04,218.0,221.1999969482422,214.39999389648438,219.60000610351562,219.60000610351562,491187
2009-12-07,222.0,231.60000610351562,213.60000610351562,216.39999389648438,216.39999389648438,1302981
2009-12-08,217.1999969482422,219.1999969482422,208.0,209.60000610351562,209.60000610351562,880023
2009-12-09,206.8000030517578,214.39999389648438,206.0,210.8000030517578,210.8000030517578,715442
2009-12-10,212.0,224.39999389648438,212.0,219.1999969482422,219.1999969482422,1144156
2009-12-11,222.39999389648438,226.8000030517578,208.39999389648438,212.0,212.0,940805
2009-12-14,213.60000610351562,217.1999969482422,209.1999969482422,216.39999389648438,216.39999389648438,471801
2009-12-15,218.0,218.0,209.1999969482422,210.0,210.0,317263
2009-12-16,214.0,215.1999969482422,184.39999389648438,189.1999969482422,189.1999969482422,2013898
2009-12-17,189.60000610351562,192.0,150.39999389648438,160.0,160.0,4219235
2009-12-18,163.60000610351562,168.39999389648438,153.1999969482422,165.60000610351562,165.60000610351562,1455866
2009-12-21,167.60000610351562,169.1999969482422,157.60000610351562,158.39999389648438,158.39999389648438,621360
2009-12-22,161.1999969482422,164.0,156.39999389648438,157.1999969482422,157.1999969482422,366575
2009-12-23,158.0,165.60000610351562,154.0,165.1999969482422,165.1999969482422,487369
2009-12-24,164.0,167.60000610351562,160.39999389648438,162.39999389648438,162.39999389648438,253149
2009-12-28,164.39999389648438,166.8000030517578,159.60000610351562,161.1999969482422,161.1999969482422,282037
2009-12-29,162.39999389648438,163.60000610351562,156.8000030517578,159.60000610351562,159.60000610351562,269925
2009-12-30,158.0,159.60000610351562,154.0,156.39999389648438,156.39999389648438,269180
2009-12-31,157.60000610351562,159.60000610351562,155.60000610351562,159.1999969482422,159.1999969482422,125675
2010-01-04,162.0,166.0,160.0,162.8000030517578,162.8000030517578,291262
2010-01-05,166.0,184.8000030517578,165.1999969482422,184.39999389648438,184.39999389648438,1381210
2010-01-06,188.0,197.1999969482422,176.8000030517578,180.0,180.0,1567567
2010-01-07,182.0,184.39999389648438,168.0,182.0,182.0,620812
2010-01-08,182.0,184.39999389648438,176.8000030517578,179.1999969482422,179.1999969482422,259412
2010-01-11,182.0,187.60000610351562,182.0,185.60000610351562,185.60000610351562,419977
2010-01-12,186.0,186.0,192.0,194.8000030517578,194.8000030517578,924711
2010-01-13,188.0,189.1999969482422,179.60000610351562,183.1999969482422,183.1999969482422,427107
2010-01-14,184.39999389648438,188.39999389648438,183.1999969482422,184.0,184.0,274904
2010-01-15,184.0,185.1999969482422,176.8000030517578,180.39999389648438,180.39999389648438,342446
2010-01-18,180.39999389648438,180.8000030517578,177.1999969482422,178.39999389648438,178.39999389648438,394684
2010-01-19,182.0,187.1999969482422,179.60000610351562,180.8000030517578,180.8000030517578,430143
2010-01-20,182.8000030517578,184.0,176.0,177.1999969482422,177.1999969482422,267505
2010-01-21,176.0,176.8000030517578,165.60000610351562,166.39999389648438,166.39999389648438,450850
2010-01-22,159.60000610351562,166.39999389648438,156.39999389648438,166.0,166.0,586250
2010-01-25,162.8000030517578,164.8000030517578,160.39999389648438,161.60000610351562,161.60000610351562,244291
2010-01-26,160.8000030517578,161.60000610351562,152.8000030517578,153.60000610351562,153.60000610351562,514525
2010-01-27,155.1999969482422,155.60000610351562,144.39999389648438,146.39999389648438,146.39999389648438,490318
2010-01-28,146.8000030517578,150.0,146.39999389648438,148.8000030517578,148.8000030517578,279156
2010-01-29,146.0,158.39999389648438,146.0,152.8000030517578,152.8000030517578,530331
2010-02-01,152.8000030517578,152.8000030517578,144.39999389648438,148.8000030517578,148.8000030517578,327586
2010-02-02,152.0,154.0,147.1999969482422,148.0,148.0,186226
2010-02-03,150.8000030517578,152.8000030517578,148.8000030517578,152.0,152.0,216767
2010-02-04,149.60000610351562,151.60000610351562,146.8000030517578,149.1999969482422,149.1999969482422,151407
2010-02-05,143.60000610351562,145.60000610351562,139.60000610351562,140.0,140.0,272700
2010-02-08,140.0,141.60000610351562,134.0,134.8000030517578,134.8000030517578,193990
2010-02-09,135.1999969482422,136.8000030517578,127.19999694824219,134.0,134.0,240425
2010-02-10,136.39999389648438,139.60000610351562,135.60000610351562,138.39999389648438,138.39999389648438,164638
2010-02-11,139.1999969482422,143.1999969482422,139.1999969482422,142.8000030517578,142.8000030517578,129137
2010-02-12,144.0,146.0,140.0,140.8000030517578,140.8000030517578,141850
2010-02-17,140.8000030517578,145.60000610351562,140.8000030517578,143.1999969482422,143.1999969482422,111378
2010-02-18,143.1999969482422,144.0,139.1999969482422,140.8000030517578,140.8000030517578,75900
2010-02-19,140.8000030517578,140.8000030517578,136.0,136.0,136.0,105950
2010-02-22,138.39999389648438,141.1999969482422,138.39999389648438,139.1999969482422,139.1999969482422,106043
2010-02-23,138.0,141.60000610351562,137.1999969482422,140.8000030517578,140.8000030517578,122875
2010-02-24,138.39999389648438,144.0,138.39999389648438,142.0,142.0,186325
2010-02-25,142.39999389648438,143.60000610351562,139.1999969482422,140.0,140.0,122695
2010-02-26,140.0,145.1999969482422,140.0,144.39999389648438,144.39999389648438,191712
2010-03-01,147.60000610351562,148.0,145.60000610351562,146.8000030517578,146.8000030517578,246187
2010-03-02,147.1999969482422,156.39999389648438,146.39999389648438,150.8000030517578,150.8000030517578,566207
2010-03-03,152.8000030517578,154.39999389648438,150.8000030517578,151.1999969482422,151.1999969482422,252575
2010-03-04,152.0,153.1999969482422,146.8000030517578,148.39999389648438,148.39999389648438,176617
2010-03-05,151.1999969482422,151.60000610351562,148.0,150.8000030517578,150.8000030517578,112100
2010-03-08,152.39999389648438,153.1999969482422,150.0,150.39999389648438,150.39999389648438,168725
2010-03-09,149.1999969482422,152.0,149.1999969482422,150.39999389648438,150.39999389648438,92863
2010-03-10,151.60000610351562,154.39999389648438,150.0,151.1999969482422,151.1999969482422,213573
2010-03-11,153.60000610351562,153.60000610351562,148.39999389648438,149.60000610351562,149.60000610351562,188205
2010-03-12,151.60000610351562,151.60000610351562,148.0,148.8000030517578,148.8000030517578,108350
2010-03-15,148.8000030517578,148.8000030517578,145.1999969482422,146.0,146.0,98487
2010-03-16,146.39999389648438,148.0,142.0,142.8000030517578,142.8000030517578,148325
2010-03-17,144.0,147.60000610351562,142.39999389648438,147.1999969482422,147.1999969482422,180209
2010-03-18,147.60000610351562,148.39999389648438,144.8000030517578,145.60000610351562,145.60000610351562,91362
2010-03-19,146.39999389648438,146.39999389648438,143.60000610351562,143.60000610351562,143.60000610351562,85025
2010-03-22,142.8000030517578,142.8000030517578,139.1999969482422,139.60000610351562,139.60000610351562,215657
2010-03-23,141.1999969482422,141.60000610351562,135.1999969482422,136.39999389648438,136.39999389648438,241237
2010-03-24,138.8000030517578,139.1999969482422,136.0,137.1999969482422,137.1999969482422,237088
2010-03-25,136.8000030517578,138.0,132.8000030517578,132.8000030517578,132.8000030517578,208275
2010-03-26,133.1999969482422,146.8000030517578,133.1999969482422,144.0,144.0,589290
2010-03-29,144.39999389648438,148.8000030517578,142.8000030517578,143.1999969482422,143.1999969482422,303125
2010-03-30,142.8000030517578,146.39999389648438,142.8000030517578,146.0,146.0,246562
2010-03-31,146.8000030517578,147.1999969482422,143.1999969482422,143.60000610351562,143.60000610351562,115781
2010-04-01,147.1999969482422,154.39999389648438,144.39999389648438,153.60000610351562,153.60000610351562,511821
2010-04-07,156.0,167.60000610351562,156.0,165.1999969482422,165.1999969482422,1360225
2010-04-08,162.8000030517578,165.1999969482422,158.39999389648438,160.8000030517578,160.8000030517578,494470
2010-04-09,162.39999389648438,165.1999969482422,159.60000610351562,164.39999389648438,164.39999389648438,340958
2010-04-12,166.39999389648438,168.0,160.39999389648438,160.8000030517578,160.8000030517578,261657
2010-04-13,160.8000030517578,162.8000030517578,156.0,156.39999389648438,156.39999389648438,230036
2010-04-14,156.39999389648438,158.39999389648438,155.1999969482422,155.60000610351562,155.60000610351562,136680
2010-04-15,156.8000030517578,158.39999389648438,155.60000610351562,156.39999389648438,156.39999389648438,217668
2010-04-16,156.8000030517578,156.8000030517578,150.0,152.39999389648438,152.39999389648438,213022
2010-04-19,148.8000030517578,152.0,146.39999389648438,148.39999389648438,148.39999389648438,223725
2010-04-20,150.0,150.0,146.39999389648438,146.8000030517578,146.8000030517578,226889
2010-04-21,148.0,148.8000030517578,145.60000610351562,146.39999389648438,146.39999389648438,189487
2010-04-22,146.39999389648438,147.1999969482422,144.39999389648438,146.0,146.0,115717
2010-04-23,144.0,153.60000610351562,143.60000610351562,145.60000610351562,145.60000610351562,281278
2010-04-26,148.0,150.0,147.1999969482422,149.1999969482422,149.1999969482422,178422
2010-04-27,148.39999389648438,148.39999389648438,146.0,146.8000030517578,146.8000030517578,112650
2010-04-28,146.8000030517578,146.8000030517578,146.8000030517578,146.8000030517578,146.8000030517578,0
2010-04-29,146.8000030517578,146.8000030517578,146.8000030517578,146.8000030517578,146.8000030517578,0
2010-04-30,151.60000610351562,151.60000610351562,144.8000030517578,145.60000610351562,145.60000610351562,229082
2010-05-03,147.1999969482422,147.1999969482422,139.60000610351562,140.8000030517578,140.8000030517578,157362
2010-05-04,142.8000030517578,142.8000030517578,137.60000610351562,137.60000610351562,137.60000610351562,123927
2010-05-05,135.60000610351562,135.60000610351562,130.0,132.8000030517578,132.8000030517578,216375
2010-05-06,132.8000030517578,132.8000030517578,126.0,130.0,130.0,164484
2010-05-07,122.4000015258789,127.19999694824219,120.80000305175781,124.4000015258789,124.4000015258789,260775
2010-05-10,125.19999694824219,130.0,125.19999694824219,128.8000030517578,128.8000030517578,176046
2010-05-11,130.0,133.60000610351562,125.5999984741211,126.0,126.0,160028
2010-05-12,128.39999389648438,130.0,126.0,127.19999694824219,127.19999694824219,108543
2010-05-13,128.0,130.0,127.19999694824219,128.0,128.0,105465
2010-05-14,127.19999694824219,128.39999389648438,125.5999984741211,126.0,126.0,102509
2010-05-17,124.0,125.5999984741211,120.0,121.19999694824219,121.19999694824219,147825
2010-05-18,121.19999694824219,122.0,116.0,120.4000015258789,120.4000015258789,130900
2010-05-19,119.19999694824219,119.5999984741211,114.80000305175781,115.5999984741211,115.5999984741211,171485
2010-05-20,114.4000015258789,116.80000305175781,101.5999984741211,107.19999694824219,107.19999694824219,500916
2010-05-24,104.0,111.19999694824219,104.0,109.19999694824219,109.19999694824219,231238
2010-05-25,105.5999984741211,108.0,102.4000015258789,105.5999984741211,105.5999984741211,176593
2010-05-26,104.80000305175781,106.0,102.80000305175781,104.0,104.0,210107
2010-05-27,101.5999984741211,109.5999984741211,101.5999984741211,108.80000305175781,108.80000305175781,163224
2010-05-28,112.0,116.80000305175781,112.0,114.4000015258789,114.4000015258789,315981
2010-05-31,114.80000305175781,118.4000015258789,112.4000015258789,114.4000015258789,114.4000015258789,175706
2010-06-01,113.19999694824219,114.4000015258789,109.5999984741211,110.80000305175781,110.80000305175781,128387
2010-06-02,110.80000305175781,113.19999694824219,107.19999694824219,109.19999694824219,109.19999694824219,84578
2010-06-03,112.0,113.19999694824219,110.0,110.4000015258789,110.4000015258789,99030
2010-06-04,110.80000305175781,113.5999984741211,110.4000015258789,112.4000015258789,112.4000015258789,101570
2010-06-07,107.5999984741211,108.80000305175781,105.5999984741211,107.19999694824219,107.19999694824219,186604
2010-06-08,108.0,109.19999694824219,104.4000015258789,105.5999984741211,105.5999984741211,186350
2010-06-09,106.0,107.5999984741211,104.0,105.19999694824219,105.19999694824219,112375
2010-06-10,105.19999694824219,106.80000305175781,104.4000015258789,106.80000305175781,106.80000305175781,115835
2010-06-11,109.19999694824219,113.5999984741211,107.5999984741211,112.0,112.0,266425
2010-06-14,113.5999984741211,118.0,112.0,117.19999694824219,117.19999694824219,321513
2010-06-15,120.4000015258789,124.0,117.5999984741211,118.4000015258789,118.4000015258789,455929
2010-06-17,121.19999694824219,123.19999694824219,120.0,122.0,122.0,377335
2010-06-18,122.0,128.8000030517578,122.0,126.80000305175781,126.80000305175781,1159522
2010-06-21,128.8000030517578,134.39999389648438,128.39999389648438,129.60000610351562,129.60000610351562,456562
2010-06-22,128.8000030517578,131.1999969482422,126.0,126.80000305175781,126.80000305175781,167500
2010-06-23,126.0,128.0,123.19999694824219,124.80000305175781,124.80000305175781,175910
2010-06-24,125.19999694824219,125.19999694824219,119.19999694824219,119.5999984741211,119.5999984741211,199400
2010-06-25,118.80000305175781,118.80000305175781,114.0,116.0,116.0,310282
2010-06-28,116.0,116.0,111.19999694824219,111.5999984741211,111.5999984741211,205947
2010-06-29,112.80000305175781,115.19999694824219,108.0,108.80000305175781,108.80000305175781,171280
2010-06-30,107.5999984741211,110.80000305175781,106.0,110.0,110.0,285887
2010-07-02,108.80000305175781,109.5999984741211,106.80000305175781,108.0,108.0,170812
2010-07-05,106.0,108.0,106.0,107.19999694824219,107.19999694824219,123250
2010-07-06,107.19999694824219,116.0,106.80000305175781,114.80000305175781,114.80000305175781,172004
2010-07-07,113.19999694824219,114.0,110.80000305175781,112.0,112.0,121575
2010-07-08,116.0,116.0,111.19999694824219,111.5999984741211,111.5999984741211,81814
2010-07-09,112.0,114.80000305175781,112.0,114.0,114.0,128137
2010-07-12,115.19999694824219,117.19999694824219,112.0,112.80000305175781,112.80000305175781,166977
2010-07-13,114.0,115.5999984741211,110.80000305175781,112.0,112.0,88970
2010-07-14,114.4000015258789,114.4000015258789,112.80000305175781,113.19999694824219,113.19999694824219,78150
2010-07-15,114.0,114.0,109.5999984741211,110.0,110.0,96456
2010-07-16,111.19999694824219,112.0,109.5999984741211,111.5999984741211,111.5999984741211,67525
2010-07-19,111.5999984741211,111.5999984741211,108.0,108.4000015258789,108.4000015258789,78060
2010-07-20,108.4000015258789,110.80000305175781,108.4000015258789,110.80000305175781,110.80000305175781,116914
2010-07-21,110.80000305175781,112.0,110.0,111.5999984741211,111.5999984741211,117820
2010-07-22,111.5999984741211,115.19999694824219,109.5999984741211,114.80000305175781,114.80000305175781,153903
2010-07-23,116.4000015258789,118.4000015258789,115.19999694824219,116.4000015258789,116.4000015258789,304525
2010-07-26,117.19999694824219,117.5999984741211,112.0,112.4000015258789,112.4000015258789,140799
2010-07-27,113.5999984741211,115.5999984741211,112.4000015258789,115.19999694824219,115.19999694824219,117673
2010-07-28,115.19999694824219,116.4000015258789,113.5999984741211,114.4000015258789,114.4000015258789,111013
2010-07-29,114.4000015258789,119.19999694824219,114.0,115.5999984741211,115.5999984741211,267105
2010-07-30,117.5999984741211,118.80000305175781,114.80000305175781,117.19999694824219,117.19999694824219,144975
2010-08-02,118.0,122.0,118.0,121.5999984741211,121.5999984741211,285554
2010-08-03,123.19999694824219,124.80000305175781,118.80000305175781,119.19999694824219,119.19999694824219,318708
2010-08-04,121.19999694824219,121.19999694824219,116.80000305175781,118.4000015258789,118.4000015258789,180700
2010-08-05,119.19999694824219,121.19999694824219,117.19999694824219,118.80000305175781,118.80000305175781,151702
2010-08-06,119.5999984741211,120.0,117.19999694824219,118.0,118.0,141927
2010-08-09,118.4000015258789,123.19999694824219,118.4000015258789,123.19999694824219,123.19999694824219,245125
2010-08-10,125.19999694824219,132.8000030517578,124.4000015258789,129.1999969482422,129.1999969482422,1293781
2010-08-11,130.39999389648438,130.39999389648438,123.5999984741211,128.8000030517578,128.8000030517578,404180
2010-08-12,124.80000305175781,134.0,124.80000305175781,133.1999969482422,133.1999969482422,492849
2010-08-13,133.1999969482422,143.1999969482422,133.1999969482422,141.1999969482422,141.1999969482422,1277140
2010-08-16,142.39999389648438,144.39999389648438,137.1999969482422,138.0,138.0,396450
2010-08-17,138.0,138.0,130.39999389648438,133.60000610351562,133.60000610351562,444224
2010-08-18,133.1999969482422,136.39999389648438,129.1999969482422,130.0,130.0,272075
2010-08-19,131.1999969482422,135.1999969482422,129.60000610351562,130.39999389648438,130.39999389648438,197300
2010-08-20,130.8000030517578,134.39999389648438,128.8000030517578,134.39999389648438,134.39999389648438,241842
2010-08-23,136.0,136.8000030517578,130.8000030517578,131.1999969482422,131.1999969482422,193733
2010-08-24,130.0,132.0,129.1999969482422,130.0,130.0,181894
2010-08-25,129.60000610351562,130.0,124.0,124.80000305175781,124.80000305175781,201847
2010-08-26,124.80000305175781,124.80000305175781,120.4000015258789,120.80000305175781,120.80000305175781,289655
2010-08-27,121.5999984741211,121.5999984741211,116.80000305175781,119.19999694824219,119.19999694824219,192275
2010-08-30,120.4000015258789,122.80000305175781,119.19999694824219,119.19999694824219,119.19999694824219,147509
2010-08-31,116.80000305175781,124.80000305175781,116.4000015258789,122.80000305175781,122.80000305175781,131998
2010-09-01,122.80000305175781,126.4000015258789,121.19999694824219,121.5999984741211,121.5999984741211,183993
2010-09-02,122.4000015258789,124.80000305175781,120.4000015258789,121.19999694824219,121.19999694824219,153342
2010-09-03,121.5999984741211,122.4000015258789,119.19999694824219,120.0,120.0,182675
2010-09-06,121.5999984741211,125.19999694824219,120.0,122.4000015258789,122.4000015258789,350404
2010-09-07,123.19999694824219,125.19999694824219,122.80000305175781,123.5999984741211,123.5999984741211,166187
2010-09-08,122.80000305175781,122.80000305175781,120.0,120.4000015258789,120.4000015258789,239175
2010-09-09,120.80000305175781,123.19999694824219,120.80000305175781,121.19999694824219,121.19999694824219,139610
2010-09-10,122.4000015258789,123.5999984741211,120.80000305175781,120.80000305175781,120.80000305175781,153980
2010-09-13,121.5999984741211,123.19999694824219,121.19999694824219,122.0,122.0,186612
2010-09-14,122.80000305175781,128.8000030517578,122.4000015258789,126.0,126.0,527668
2010-09-15,126.80000305175781,132.8000030517578,126.80000305175781,132.0,132.0,950329
2010-09-16,132.39999389648438,133.60000610351562,126.0,126.0,126.0,445012
2010-09-17,128.0,132.8000030517578,127.19999694824219,132.8000030517578,132.8000030517578,661857
2010-09-20,132.39999389648438,134.0,130.0,132.0,132.0,345662
2010-09-21,134.39999389648438,134.39999389648438,127.19999694824219,127.5999984741211,127.5999984741211,369075
2010-09-22,128.8000030517578,130.39999389648438,126.0,126.0,126.0,226831
2010-09-24,126.0,126.4000015258789,122.0,124.4000015258789,124.4000015258789,548097
2010-09-27,125.19999694824219,127.5999984741211,125.19999694824219,126.80000305175781,126.80000305175781,248607
2010-09-28,125.5999984741211,128.8000030517578,123.5999984741211,124.0,124.0,284616
2010-09-29,126.80000305175781,131.1999969482422,125.5999984741211,128.0,128.0,431150
2010-09-30,128.8000030517578,129.60000610351562,126.80000305175781,128.8000030517578,128.8000030517578,309355
2010-10-04,130.0,132.8000030517578,127.19999694824219,128.0,128.0,375646
2010-10-05,128.0,130.0,126.4000015258789,129.60000610351562,129.60000610351562,215974
2010-10-06,131.1999969482422,136.0,129.60000610351562,135.1999969482422,135.1999969482422,821352
2010-10-07,136.8000030517578,137.60000610351562,132.0,133.60000610351562,133.60000610351562,348750
2010-10-08,134.39999389648438,134.39999389648438,128.8000030517578,129.1999969482422,129.1999969482422,269832
2010-10-11,130.39999389648438,132.0,128.8000030517578,129.60000610351562,129.60000610351562,176005
2010-10-12,131.1999969482422,132.0,127.19999694824219,128.0,128.0,340201
2010-10-13,128.39999389648438,130.8000030517578,127.19999694824219,128.39999389648438,128.39999389648438,305775
2010-10-14,130.8000030517578,135.1999969482422,128.8000030517578,132.0,132.0,842601
2010-10-15,132.8000030517578,137.60000610351562,132.39999389648438,134.0,134.0,858186
2010-10-18,134.0,134.39999389648438,128.39999389648438,129.1999969482422,129.1999969482422,536050
2010-10-19,130.39999389648438,131.1999969482422,126.4000015258789,128.39999389648438,128.39999389648438,479100
2010-10-20,124.80000305175781,127.19999694824219,122.80000305175781,126.0,126.0,478160
2010-10-21,126.80000305175781,127.5999984741211,123.19999694824219,124.80000305175781,124.80000305175781,549086
2010-10-22,126.0,131.60000610351562,124.0,130.39999389648438,130.39999389648438,951134
2010-10-25,130.0,131.1999969482422,128.8000030517578,130.0,130.0,422028
2010-10-26,130.0,130.0,125.5999984741211,125.5999984741211,125.5999984741211,255900
2010-10-27,126.0,128.0,121.19999694824219,122.80000305175781,122.80000305175781,645958
2010-10-28,122.80000305175781,125.19999694824219,122.80000305175781,123.5999984741211,123.5999984741211,158700
2010-10-29,122.80000305175781,125.19999694824219,122.80000305175781,122.80000305175781,122.80000305175781,559612
2010-11-01,119.19999694824219,123.19999694824219,119.19999694824219,122.80000305175781,122.80000305175781,205765
2010-11-02,123.5999984741211,125.19999694824219,122.80000305175781,123.5999984741211,123.5999984741211,175804
2010-11-03,125.5999984741211,125.5999984741211,120.4000015258789,122.0,122.0,326307
2010-11-04,125.19999694824219,126.4000015258789,122.80000305175781,124.0,124.0,460692
2010-11-05,126.0,126.4000015258789,121.19999694824219,122.80000305175781,122.80000305175781,394583
2010-11-08,123.5999984741211,124.4000015258789,122.0,124.4000015258789,124.4000015258789,188768
2010-11-09,124.80000305175781,125.19999694824219,122.4000015258789,122.4000015258789,122.4000015258789,180347
2010-11-10,123.19999694824219,125.5999984741211,121.5999984741211,122.80000305175781,122.80000305175781,297680
2010-11-11,123.5999984741211,124.0,119.19999694824219,120.0,120.0,501437
2010-11-12,120.0,120.0,116.0,116.4000015258789,116.4000015258789,711700
2010-11-15,116.4000015258789,118.4000015258789,115.5999984741211,115.5999984741211,115.5999984741211,204504
2010-11-16,116.80000305175781,117.19999694824219,110.4000015258789,114.0,114.0,307238
2010-11-17,112.0,113.5999984741211,110.0,110.4000015258789,110.4000015258789,232857
2010-11-18,112.0,115.19999694824219,112.0,114.0,114.0,131700
2010-11-19,117.19999694824219,117.19999694824219,114.0,114.4000015258789,114.4000015258789,171564
2010-11-22,115.19999694824219,115.19999694824219,110.80000305175781,112.0,112.0,171825
2010-11-23,111.19999694824219,112.4000015258789,107.19999694824219,107.19999694824219,107.19999694824219,361895
2010-11-24,109.19999694824219,110.4000015258789,108.0,108.4000015258789,108.4000015258789,172700
2010-11-25,110.0,110.0,106.80000305175781,107.19999694824219,107.19999694824219,196002
2010-11-26,106.0,108.4000015258789,104.0,108.4000015258789,108.4000015258789,209854
2010-11-29,108.4000015258789,108.4000015258789,100.80000305175781,101.5999984741211,101.5999984741211,689416
2010-11-30,101.19999694824219,101.5999984741211,93.5999984741211,100.4000015258789,100.4000015258789,604887
2010-12-01,100.0,101.19999694824219,98.0,100.0,100.0,182887
2010-12-02,102.4000015258789,106.0,101.5999984741211,105.19999694824219,105.19999694824219,248850
2010-12-03,105.19999694824219,105.5999984741211,100.4000015258789,102.80000305175781,102.80000305175781,152000
2010-12-06,103.19999694824219,106.0,100.4000015258789,100.4000015258789,100.4000015258789,179825
2010-12-07,101.5999984741211,103.19999694824219,100.80000305175781,102.0,102.0,126367
2010-12-08,102.0,103.5999984741211,100.4000015258789,101.5999984741211,101.5999984741211,142850
2010-12-09,102.0,102.4000015258789,100.0,100.4000015258789,100.4000015258789,161750
2010-12-10,100.4000015258789,101.19999694824219,97.5999984741211,98.4000015258789,98.4000015258789,207810
2010-12-13,98.80000305175781,100.0,94.80000305175781,96.4000015258789,96.4000015258789,240850
2010-12-14,97.5999984741211,98.80000305175781,96.4000015258789,98.4000015258789,98.4000015258789,172675
2010-12-15,98.4000015258789,98.4000015258789,95.19999694824219,96.0,96.0,107009
2010-12-16,97.5999984741211,97.5999984741211,95.19999694824219,95.19999694824219,95.19999694824219,106225
2010-12-17,96.80000305175781,97.19999694824219,94.4000015258789,94.80000305175781,94.80000305175781,153768
2010-12-20,94.80000305175781,96.0,89.19999694824219,89.5999984741211,89.5999984741211,320322
2010-12-21,91.19999694824219,92.4000015258789,89.5999984741211,91.5999984741211,91.5999984741211,139184
2010-12-22,92.4000015258789,93.19999694824219,91.5999984741211,92.0,92.0,71092
2010-12-23,91.19999694824219,94.0,90.80000305175781,91.19999694824219,91.19999694824219,70250
2010-12-24,91.5999984741211,92.0,90.0,92.0,92.0,27537
2010-12-28,91.5999984741211,92.0,89.19999694824219,89.5999984741211,89.5999984741211,96280
2010-12-29,91.5999984741211,92.0,90.0,91.19999694824219,91.19999694824219,115075
2010-12-30,91.19999694824219,94.0,90.0,94.0,94.0,95100
2010-12-31,94.0,94.80000305175781,92.4000015258789,92.80000305175781,92.80000305175781,85875
2011-01-03,92.4000015258789,96.80000305175781,92.4000015258789,96.80000305175781,96.80000305175781,119250
2011-01-04,97.19999694824219,101.5999984741211,96.80000305175781,100.80000305175781,100.80000305175781,244900
2011-01-05,101.5999984741211,101.5999984741211,97.5999984741211,99.19999694824219,99.19999694824219,232525
2011-01-06,99.19999694824219,100.0,98.0,98.4000015258789,98.4000015258789,95975
2011-01-07,97.5999984741211,100.4000015258789,97.5999984741211,98.4000015258789,98.4000015258789,145775
2011-01-10,100.0,100.0,96.80000305175781,97.5999984741211,97.5999984741211,65118
2011-01-11,97.5999984741211,98.0,96.0,97.5999984741211,97.5999984741211,48775
2011-01-12,98.0,100.80000305175781,97.19999694824219,100.0,100.0,120331
2011-01-13,100.4000015258789,101.19999694824219,98.4000015258789,98.80000305175781,98.80000305175781,79036
2011-01-14,100.0,100.80000305175781,98.0,98.4000015258789,98.4000015258789,68265
2011-01-17,98.80000305175781,99.5999984741211,97.5999984741211,97.5999984741211,97.5999984741211,68507
2011-01-18,97.5999984741211,98.0,95.19999694824219,95.5999984741211,95.5999984741211,95053
2011-01-19,96.0,98.0,95.5999984741211,98.0,98.0,105157
2011-01-20,97.19999694824219,97.19999694824219,94.0,95.5999984741211,95.5999984741211,77904
2011-01-21,96.4000015258789,96.4000015258789,94.0,94.80000305175781,94.80000305175781,80112
2011-01-24,95.19999694824219,95.19999694824219,90.80000305175781,91.5999984741211,91.5999984741211,122625
2011-01-25,91.5999984741211,93.19999694824219,91.5999984741211,92.4000015258789,92.4000015258789,70000
2011-01-26,92.80000305175781,94.0,90.0,91.19999694824219,91.19999694824219,129341
2011-01-27,91.19999694824219,92.80000305175781,90.80000305175781,92.0,92.0,71000
2011-01-28,92.0,92.4000015258789,89.5999984741211,91.19999694824219,91.19999694824219,139206
2011-01-31,90.4000015258789,90.4000015258789,86.80000305175781,87.5999984741211,87.5999984741211,244550
2011-02-01,85.5999984741211,87.5999984741211,85.5999984741211,86.80000305175781,86.80000305175781,180462
2011-02-02,88.0,90.0,87.19999694824219,89.5999984741211,89.5999984741211,72525
2011-02-07,92.0,92.0,88.0,90.0,90.0,91628
2011-02-08,90.80000305175781,90.80000305175781,88.4000015258789,90.0,90.0,75700
2011-02-09,91.19999694824219,91.19999694824219,88.4000015258789,89.19999694824219,89.19999694824219,80279
2011-02-10,87.19999694824219,88.0,84.0,85.19999694824219,85.19999694824219,140050
2011-02-11,86.4000015258789,86.4000015258789,76.0,79.5999984741211,79.5999984741211,465087
2011-02-14,80.0,81.19999694824219,74.80000305175781,80.4000015258789,80.4000015258789,219492
2011-02-15,80.0,81.19999694824219,76.0,76.4000015258789,76.4000015258789,328739
2011-02-16,78.0,78.0,70.0,73.19999694824219,73.19999694824219,559350
2011-02-17,74.0,78.80000305175781,73.19999694824219,78.0,78.0,409043
2011-02-18,78.0,78.0,73.19999694824219,74.4000015258789,74.4000015258789,395350
2011-02-21,74.4000015258789,74.80000305175781,72.0,72.4000015258789,72.4000015258789,179975
2011-02-22,70.80000305175781,72.0,68.4000015258789,68.80000305175781,68.80000305175781,361712
2011-02-23,68.0,68.80000305175781,66.80000305175781,67.5999984741211,67.5999984741211,227475
2011-02-24,66.4000015258789,67.5999984741211,60.0,60.400001525878906,60.400001525878906,602203
2011-02-25,60.79999923706055,64.4000015258789,60.79999923706055,61.599998474121094,61.599998474121094,624522
2011-02-28,56.400001525878906,64.80000305175781,56.0,60.400001525878906,60.400001525878906,4539347
2011-03-01,60.400001525878906,66.80000305175781,60.400001525878906,65.19999694824219,65.19999694824219,3064090
2011-03-02,64.0,66.80000305175781,62.79999923706055,65.5999984741211,65.5999984741211,862178
2011-03-03,64.80000305175781,70.4000015258789,64.80000305175781,68.0,68.0,1349575
2011-03-04,69.5999984741211,71.19999694824219,68.80000305175781,69.19999694824219,69.19999694824219,903613
2011-03-07,68.80000305175781,70.0,65.19999694824219,66.0,66.0,741820
2011-03-08,66.0,67.19999694824219,63.599998474121094,66.80000305175781,66.80000305175781,520141
2011-03-09,66.0,68.0,65.19999694824219,66.80000305175781,66.80000305175781,396971
2011-03-10,67.5999984741211,67.5999984741211,66.0,67.19999694824219,67.19999694824219,258608
2011-03-11,65.5999984741211,66.4000015258789,64.0,64.80000305175781,64.80000305175781,328198
2011-03-14,63.599998474121094,65.19999694824219,62.79999923706055,64.0,64.0,140001
2011-03-15,63.599998474121094,64.0,60.400001525878906,61.20000076293945,61.20000076293945,439932
2011-03-16,61.599998474121094,65.19999694824219,60.79999923706055,64.80000305175781,64.80000305175781,270073
2011-03-17,63.599998474121094,64.0,62.0,63.20000076293945,63.20000076293945,253875
2011-03-18,64.0,66.80000305175781,64.0,65.19999694824219,65.19999694824219,290848
2011-03-21,66.4000015258789,67.5999984741211,65.5999984741211,67.19999694824219,67.19999694824219,270627
2011-03-22,68.0,68.0,66.0,66.80000305175781,66.80000305175781,205025
2011-03-23,67.19999694824219,67.19999694824219,64.4000015258789,65.5999984741211,65.5999984741211,229685
2011-03-24,65.5999984741211,66.4000015258789,64.80000305175781,65.19999694824219,65.19999694824219,140985
2011-03-25,66.4000015258789,66.80000305175781,64.80000305175781,65.19999694824219,65.19999694824219,173778
2011-03-28,66.0,66.0,64.0,64.0,64.0,126165
2011-03-29,64.0,64.4000015258789,62.79999923706055,63.599998474121094,63.599998474121094,159300
2011-03-30,63.599998474121094,64.4000015258789,62.79999923706055,63.20000076293945,63.20000076293945,118895
2011-03-31,63.599998474121094,64.4000015258789,62.0,62.79999923706055,62.79999923706055,302512
2011-04-01,62.400001525878906,63.20000076293945,61.20000076293945,62.0,62.0,246439
2011-04-04,62.400001525878906,75.19999694824219,62.400001525878906,75.19999694824219,75.19999694824219,2453780
2011-04-06,74.80000305175781,76.80000305175781,70.4000015258789,71.19999694824219,71.19999694824219,1277632
2011-04-07,71.5999984741211,74.4000015258789,71.19999694824219,73.5999984741211,73.5999984741211,651764
2011-04-08,74.0,75.5999984741211,72.80000305175781,72.80000305175781,72.80000305175781,407499
2011-04-11,73.19999694824219,88.4000015258789,72.80000305175781,88.0,88.0,3691552
2011-04-12,88.80000305175781,92.4000015258789,84.4000015258789,89.5999984741211,89.5999984741211,2714814
2011-04-13,90.0,93.19999694824219,85.19999694824219,87.5999984741211,87.5999984741211,1486425
2011-04-14,87.19999694824219,90.0,86.0,87.5999984741211,87.5999984741211,537659
2011-04-15,88.0,92.0,86.4000015258789,90.4000015258789,90.4000015258789,1865362
2011-04-18,91.19999694824219,94.4000015258789,88.0,88.80000305175781,88.80000305175781,1018484
2011-04-19,87.19999694824219,89.19999694824219,85.19999694824219,86.0,86.0,460865
2011-04-20,86.80000305175781,88.4000015258789,86.4000015258789,86.80000305175781,86.80000305175781,319191
2011-04-21,86.80000305175781,88.0,79.5999984741211,82.80000305175781,82.80000305175781,777624
2011-04-26,82.80000305175781,82.80000305175781,76.4000015258789,80.0,80.0,1147662
2011-04-27,80.4000015258789,82.0,76.0,76.4000015258789,76.4000015258789,503683
2011-04-28,78.0,78.80000305175781,76.80000305175781,77.19999694824219,77.19999694824219,281206
2011-04-29,78.4000015258789,78.4000015258789,72.4000015258789,73.19999694824219,73.19999694824219,516507
2011-05-03,73.5999984741211,76.0,73.19999694824219,74.0,74.0,296396
2011-05-04,74.0,74.0,68.4000015258789,69.19999694824219,69.19999694824219,566475
2011-05-05,70.4000015258789,70.4000015258789,66.80000305175781,68.0,68.0,592176
2011-05-06,67.19999694824219,67.5999984741211,66.0,66.80000305175781,66.80000305175781,459725
2011-05-09,67.5999984741211,72.4000015258789,66.4000015258789,72.0,72.0,1228922
2011-05-11,72.80000305175781,73.5999984741211,68.80000305175781,69.19999694824219,69.19999694824219,411346
2011-05-12,69.19999694824219,69.19999694824219,66.4000015258789,67.5999984741211,67.5999984741211,449325
2011-05-13,68.4000015258789,69.5999984741211,66.80000305175781,68.0,68.0,546712
2011-05-16,67.5999984741211,67.5999984741211,66.0,66.0,66.0,279923
2011-05-17,67.19999694824219,68.4000015258789,65.5999984741211,68.0,68.0,490910
2011-05-18,68.80000305175781,70.0,67.19999694824219,68.0,68.0,375100
2011-05-19,68.4000015258789,69.5999984741211,67.19999694824219,67.19999694824219,67.19999694824219,192721
2011-05-20,68.4000015258789,68.4000015258789,64.80000305175781,66.0,66.0,275242
2011-05-23,66.4000015258789,67.19999694824219,63.20000076293945,64.0,64.0,395192
2011-05-24,63.599998474121094,63.599998474121094,62.0,62.400001525878906,62.400001525878906,436250
2011-05-25,62.79999923706055,62.79999923706055,60.0,61.20000076293945,61.20000076293945,420262
2011-05-26,62.400001525878906,62.79999923706055,61.599998474121094,62.0,62.0,193300
2011-05-27,62.400001525878906,64.80000305175781,61.599998474121094,63.20000076293945,63.20000076293945,246325
2011-05-30,64.0,64.0,62.0,63.20000076293945,63.20000076293945,92726
2011-05-31,63.20000076293945,65.19999694824219,62.79999923706055,65.19999694824219,65.19999694824219,618989
2011-06-01,62.400001525878906,63.20000076293945,60.79999923706055,61.20000076293945,61.20000076293945,659625
2011-06-02,59.20000076293945,60.0,58.400001525878906,59.599998474121094,59.599998474121094,331285
2011-06-03,59.599998474121094,59.599998474121094,58.400001525878906,59.599998474121094,59.599998474121094,208366
2011-06-07,58.400001525878906,59.599998474121094,58.0,58.400001525878906,58.400001525878906,160746
2011-06-08,58.400001525878906,58.400001525878906,55.599998474121094,56.79999923706055,56.79999923706055,358050
2011-06-09,56.0,56.0,51.20000076293945,52.0,52.0,735575
2011-06-10,53.20000076293945,53.20000076293945,48.0,50.400001525878906,50.400001525878906,494775
2011-06-13,49.20000076293945,50.0,47.599998474121094,49.599998474121094,49.599998474121094,291375
2011-06-14,49.599998474121094,50.400001525878906,48.400001525878906,49.599998474121094,49.599998474121094,352100
2011-06-15,49.599998474121094,50.0,48.79999923706055,48.79999923706055,48.79999923706055,210224
2011-06-16,48.0,48.400001525878906,44.79999923706055,45.20000076293945,45.20000076293945,631404
2011-06-17,45.20000076293945,45.20000076293945,42.400001525878906,43.20000076293945,43.20000076293945,427225
2011-06-20,42.79999923706055,43.599998474121094,37.20000076293945,37.20000076293945,37.20000076293945,1052612
2011-06-21,39.20000076293945,48.0,38.79999923706055,47.20000076293945,47.20000076293945,2202897
2011-06-22,49.599998474121094,52.0,47.20000076293945,48.0,48.0,1732896
2011-06-23,48.400001525878906,48.400001525878906,44.79999923706055,45.20000076293945,45.20000076293945,678968
2011-06-24,45.20000076293945,46.0,43.20000076293945,44.400001525878906,44.400001525878906,737214
2011-06-27,44.0,48.0,43.599998474121094,46.0,46.0,1001875
2011-06-28,46.400001525878906,47.20000076293945,45.20000076293945,45.20000076293945,45.20000076293945,328221
2011-06-29,45.599998474121094,46.400001525878906,40.0,40.400001525878906,40.400001525878906,1457200
2011-06-30,36.79999923706055,38.0,31.200000762939453,36.400001525878906,36.400001525878906,4277123
2011-07-04,36.79999923706055,37.20000076293945,33.599998474121094,34.0,34.0,1729250
2011-07-05,36.0,44.79999923706055,35.599998474121094,44.400001525878906,44.400001525878906,9280737
2011-07-06,42.79999923706055,46.79999923706055,41.599998474121094,42.0,42.0,6891869
2011-07-07,43.20000076293945,45.20000076293945,42.400001525878906,42.79999923706055,42.79999923706055,2085850
2011-07-08,43.599998474121094,44.0,41.20000076293945,42.400001525878906,42.400001525878906,923137
2011-07-11,41.599998474121094,44.79999923706055,41.599998474121094,42.79999923706055,42.79999923706055,1655975
2011-07-12,41.599998474121094,42.0,39.599998474121094,40.400001525878906,40.400001525878906,1371666
2011-07-13,41.20000076293945,41.599998474121094,40.400001525878906,41.20000076293945,41.20000076293945,393787
2011-07-14,41.599998474121094,41.599998474121094,39.599998474121094,40.0,40.0,536627
2011-07-15,40.0,40.400001525878906,39.20000076293945,39.599998474121094,39.599998474121094,324862
2011-07-18,39.20000076293945,41.20000076293945,39.20000076293945,39.599998474121094,39.599998474121094,435175
2011-07-19,40.0,40.0,37.20000076293945,38.400001525878906,38.400001525878906,665075
2011-07-20,39.20000076293945,39.599998474121094,38.0,38.400001525878906,38.400001525878906,252088
2011-07-21,38.400001525878906,38.400001525878906,37.20000076293945,38.0,38.0,205425
2011-07-22,38.400001525878906,41.20000076293945,38.0,40.0,40.0,845550
2011-07-25,39.599998474121094,39.599998474121094,38.400001525878906,38.79999923706055,38.79999923706055,292385
2011-07-26,38.79999923706055,39.599998474121094,38.400001525878906,39.20000076293945,39.20000076293945,362707
2011-07-27,39.20000076293945,40.79999923706055,38.400001525878906,39.599998474121094,39.599998474121094,717250
2011-07-28,38.79999923706055,39.599998474121094,38.79999923706055,38.79999923706055,38.79999923706055,235375
2011-07-29,38.79999923706055,40.79999923706055,38.79999923706055,39.599998474121094,39.599998474121094,422975
2011-08-01,40.0,40.400001525878906,39.20000076293945,39.599998474121094,39.599998474121094,224112
2011-08-02,39.20000076293945,39.599998474121094,38.400001525878906,39.20000076293945,39.20000076293945,185650
2011-08-03,38.79999923706055,38.79999923706055,37.20000076293945,38.0,38.0,365400
2011-08-04,37.599998474121094,38.0,37.20000076293945,37.20000076293945,37.20000076293945,208561
2011-08-05,35.20000076293945,35.599998474121094,33.20000076293945,34.400001525878906,34.400001525878906,628583
2011-08-08,34.0,34.0,30.799999237060547,32.79999923706055,32.79999923706055,623750
2011-08-09,30.0,32.0,29.600000381469727,30.799999237060547,30.799999237060547,520400
2011-08-10,32.400001525878906,33.20000076293945,31.200000762939453,31.600000381469727,31.600000381469727,290137
2011-08-11,30.399999618530273,31.600000381469727,29.600000381469727,31.600000381469727,31.600000381469727,279376
2011-08-12,32.0,33.20000076293945,31.200000762939453,31.600000381469727,31.600000381469727,260525
2011-08-15,31.600000381469727,32.400001525878906,31.600000381469727,31.600000381469727,31.600000381469727,198827
2011-08-16,32.0,32.79999923706055,31.600000381469727,32.0,32.0,435450
2011-08-17,32.0,32.79999923706055,32.0,32.0,32.0,287175
2011-08-18,32.0,34.0,31.600000381469727,32.0,32.0,712375
2011-08-19,30.799999237060547,31.600000381469727,30.0,30.399999618530273,30.399999618530273,336957
2011-08-22,30.399999618530273,30.799999237060547,27.200000762939453,28.799999237060547,28.799999237060547,401982
2011-08-23,28.799999237060547,29.200000762939453,27.200000762939453,29.200000762939453,29.200000762939453,199225
2011-08-24,29.600000381469727,30.0,28.0,28.399999618530273,28.399999618530273,230878
2011-08-25,28.799999237060547,29.200000762939453,28.399999618530273,28.399999618530273,28.399999618530273,174125
2011-08-26,28.799999237060547,28.799999237060547,27.600000381469727,27.600000381469727,27.600000381469727,146587
2011-08-29,28.0,28.799999237060547,27.600000381469727,28.0,28.0,299675
2011-08-30,28.399999618530273,28.799999237060547,28.0,28.0,28.0,177332
2011-08-31,28.799999237060547,34.0,28.799999237060547,33.599998474121094,33.599998474121094,2629637
2011-09-01,33.20000076293945,33.599998474121094,31.600000381469727,32.400001525878906,32.400001525878906,817111
2011-09-02,32.400001525878906,34.0,32.0,32.79999923706055,32.79999923706055,1269925
2011-09-05,33.20000076293945,33.599998474121094,31.600000381469727,32.0,32.0,453025
2011-09-06,31.600000381469727,31.600000381469727,29.600000381469727,30.399999618530273,30.399999618530273,463450
2011-09-07,30.799999237060547,31.600000381469727,30.0,31.200000762939453,31.200000762939453,300250
2011-09-08,31.600000381469727,32.400001525878906,30.0,30.399999618530273,30.399999618530273,281005
2011-09-09,30.399999618530273,31.200000762939453,30.0,30.0,30.0,170725
2011-09-12,29.200000762939453,29.200000762939453,28.0,28.399999618530273,28.399999618530273,276750
2011-09-14,28.799999237060547,29.200000762939453,26.799999237060547,28.0,28.0,324475
2011-09-15,28.799999237060547,28.799999237060547,27.200000762939453,27.600000381469727,27.600000381469727,160625
2011-09-16,28.399999618530273,28.799999237060547,27.200000762939453,27.600000381469727,27.600000381469727,384763
2011-09-19,27.600000381469727,28.0,26.799999237060547,26.799999237060547,26.799999237060547,149393
2011-09-20,26.399999618530273,26.799999237060547,24.399999618530273,25.600000381469727,25.600000381469727,392725
2011-09-21,25.200000762939453,25.600000381469727,22.799999237060547,23.600000381469727,23.600000381469727,467775
2011-09-22,23.200000762939453,23.200000762939453,20.799999237060547,20.799999237060547,20.799999237060547,460262
2011-09-23,20.399999618530273,20.799999237060547,18.399999618530273,20.399999618530273,20.399999618530273,390019
2011-09-26,20.0,20.799999237060547,18.200000762939453,18.600000381469727,18.600000381469727,349181
2011-09-27,19.200000762939453,20.0,19.0,19.799999237060547,19.799999237060547,284147
2011-09-28,19.600000381469727,20.799999237060547,19.200000762939453,20.0,20.0,440000
2011-09-30,20.0,20.799999237060547,19.799999237060547,20.399999618530273,20.399999618530273,208559
2011-10-03,20.0,20.0,18.399999618530273,18.399999618530273,18.399999618530273,218125
2011-10-04,18.200000762939453,19.0,18.200000762939453,18.600000381469727,18.600000381469727,213975
2011-10-06,19.200000762939453,19.799999237060547,19.200000762939453,19.399999618530273,19.399999618530273,206841
2011-10-07,19.600000381469727,21.600000381469727,19.200000762939453,21.200000762939453,21.200000762939453,568708
2011-10-10,21.200000762939453,21.200000762939453,19.799999237060547,20.799999237060547,20.799999237060547,241609
2011-10-11,22.399999618530273,24.799999237060547,21.600000381469727,22.399999618530273,22.399999618530273,1937837
2011-10-12,22.0,26.799999237060547,21.600000381469727,26.0,26.0,1654451
2011-10-13,26.799999237060547,29.200000762939453,26.799999237060547,28.0,28.0,1239301
2011-10-14,28.399999618530273,28.399999618530273,25.200000762939453,26.0,26.0,714900
2011-10-17,26.799999237060547,28.0,26.0,26.799999237060547,26.799999237060547,646275
2011-10-18,25.200000762939453,25.600000381469727,23.200000762939453,23.600000381469727,23.600000381469727,487687
2011-10-19,24.799999237060547,25.200000762939453,24.399999618530273,24.399999618530273,24.399999618530273,154225
2011-10-20,24.0,24.0,22.799999237060547,23.200000762939453,23.200000762939453,192750
2011-10-21,23.600000381469727,24.799999237060547,23.200000762939453,24.399999618530273,24.399999618530273,429841
2011-10-24,25.200000762939453,26.799999237060547,25.200000762939453,26.399999618530273,26.399999618530273,676125
2011-10-25,26.399999618530273,27.600000381469727,25.600000381469727,26.399999618530273,26.399999618530273,468308
2011-10-26,25.600000381469727,28.399999618530273,24.799999237060547,28.0,28.0,864049
2011-10-27,28.399999618530273,33.20000076293945,28.0,31.200000762939453,31.200000762939453,2693550
2011-10-28,32.400001525878906,33.20000076293945,29.600000381469727,30.0,30.0,1102228
2011-10-31,30.399999618530273,32.0,29.600000381469727,30.399999618530273,30.399999618530273,1165578
2011-11-01,29.600000381469727,30.0,28.0,28.799999237060547,28.799999237060547,707350
2011-11-02,28.0,30.0,27.200000762939453,29.600000381469727,29.600000381469727,1053800
2011-11-03,29.200000762939453,30.399999618530273,28.399999618530273,29.600000381469727,29.600000381469727,629343
2011-11-04,30.799999237060547,31.600000381469727,29.600000381469727,30.0,30.0,603991
2011-11-07,30.399999618530273,30.799999237060547,29.200000762939453,30.0,30.0,313012
2011-11-08,30.399999618530273,31.200000762939453,29.600000381469727,30.0,30.0,412987
2011-11-09,30.399999618530273,30.799999237060547,29.600000381469727,30.0,30.0,407642
2011-11-10,28.399999618530273,29.600000381469727,27.600000381469727,29.200000762939453,29.200000762939453,670859
2011-11-11,29.200000762939453,34.79999923706055,29.200000762939453,34.0,34.0,4073950
2011-11-14,34.0,37.599998474121094,33.20000076293945,36.0,36.0,4551675
2011-11-15,35.599998474121094,36.79999923706055,34.0,34.79999923706055,34.79999923706055,1160523
2011-11-16,35.20000076293945,36.400001525878906,32.79999923706055,33.599998474121094,33.599998474121094,1296957
2011-11-17,32.400001525878906,33.599998474121094,32.400001525878906,33.20000076293945,33.20000076293945,431077
2011-11-18,32.400001525878906,34.400001525878906,32.0,32.400001525878906,32.400001525878906,900450
2011-11-21,33.599998474121094,35.599998474121094,33.599998474121094,34.79999923706055,34.79999923706055,1476062
2011-11-22,34.400001525878906,34.400001525878906,32.400001525878906,33.599998474121094,33.599998474121094,543475
2011-11-23,32.79999923706055,33.20000076293945,31.200000762939453,31.600000381469727,31.600000381469727,398125
2011-11-24,30.399999618530273,32.79999923706055,30.399999618530273,32.0,32.0,508830
2011-11-25,31.600000381469727,32.0,30.399999618530273,30.799999237060547,30.799999237060547,303200
2011-11-28,32.79999923706055,36.0,32.400001525878906,33.20000076293945,33.20000076293945,1376333
2011-11-29,34.400001525878906,35.20000076293945,33.20000076293945,34.0,34.0,554543
2011-11-30,34.0,34.0,31.200000762939453,32.0,32.0,1077637
2011-12-01,34.0,34.0,32.79999923706055,33.599998474121094,33.599998474121094,968950
2011-12-02,32.79999923706055,34.0,32.400001525878906,33.20000076293945,33.20000076293945,514710
2011-12-05,33.20000076293945,33.599998474121094,32.400001525878906,32.400001525878906,32.400001525878906,266500
2011-12-06,32.400001525878906,32.79999923706055,31.600000381469727,32.0,32.0,259610
2011-12-07,32.0,32.79999923706055,32.0,32.400001525878906,32.400001525878906,203850
2011-12-08,32.79999923706055,32.79999923706055,31.600000381469727,32.400001525878906,32.400001525878906,184965
2011-12-09,32.0,32.0,31.200000762939453,31.600000381469727,31.600000381469727,173937
2011-12-12,32.400001525878906,32.400001525878906,30.799999237060547,31.200000762939453,31.200000762939453,123936
2011-12-13,31.200000762939453,31.200000762939453,30.399999618530273,30.799999237060547,30.799999237060547,160001
2011-12-14,30.0,30.799999237060547,30.0,30.399999618530273,30.399999618530273,163375
2011-12-15,30.0,30.0,28.399999618530273,28.799999237060547,28.799999237060547,335491
2011-12-16,28.799999237060547,30.399999618530273,28.799999237060547,30.0,30.0,228062
2011-12-19,29.600000381469727,30.0,28.799999237060547,30.0,30.0,147950
2011-12-20,29.600000381469727,30.399999618530273,29.200000762939453,30.399999618530273,30.399999618530273,156500
2011-12-21,31.200000762939453,31.200000762939453,29.600000381469727,29.600000381469727,29.600000381469727,116076
2011-12-22,29.600000381469727,29.600000381469727,29.200000762939453,29.600000381469727,29.600000381469727,77493
2011-12-23,29.600000381469727,30.399999618530273,29.200000762939453,29.600000381469727,29.600000381469727,170587
2011-12-28,29.600000381469727,29.600000381469727,28.799999237060547,28.799999237060547,28.799999237060547,154525
2011-12-29,28.799999237060547,28.799999237060547,28.399999618530273,28.399999618530273,28.399999618530273,103085
2011-12-30,28.399999618530273,28.799999237060547,27.600000381469727,28.0,28.0,245360
2012-01-03,28.0,28.799999237060547,28.0,28.399999618530273,28.399999618530273,95525
2012-01-04,28.399999618530273,28.799999237060547,28.0,28.399999618530273,28.399999618530273,173425
2012-01-05,28.0,28.0,26.799999237060547,27.200000762939453,27.200000762939453,203025
2012-01-06,27.200000762939453,27.200000762939453,24.799999237060547,25.200000762939453,25.200000762939453,429325
2012-01-09,25.200000762939453,26.399999618530273,24.0,26.399999618530273,26.399999618530273,438987
2012-01-10,26.399999618530273,26.799999237060547,25.600000381469727,26.0,26.0,218850
2012-01-11,26.399999618530273,29.200000762939453,26.399999618530273,27.600000381469727,27.600000381469727,895600
2012-01-12,28.0,28.0,26.799999237060547,26.799999237060547,26.799999237060547,404450
2012-01-13,27.200000762939453,27.600000381469727,26.799999237060547,27.200000762939453,27.200000762939453,300481
2012-01-16,27.200000762939453,27.200000762939453,26.0,26.399999618530273,26.399999618530273,97150
2012-01-17,26.399999618530273,28.399999618530273,26.399999618530273,28.0,28.0,431803
2012-01-18,28.0,28.399999618530273,26.799999237060547,27.200000762939453,27.200000762939453,175675
2012-01-19,26.799999237060547,28.399999618530273,26.799999237060547,28.0,28.0,345605
2012-01-20,28.399999618530273,28.399999618530273,27.200000762939453,28.0,28.0,244870
2012-01-26,28.0,29.600000381469727,27.600000381469727,29.600000381469727,29.600000381469727,577800
2012-01-27,29.200000762939453,29.600000381469727,28.399999618530273,28.399999618530273,28.399999618530273,377503
2012-01-30,28.399999618530273,29.600000381469727,28.0,28.399999618530273,28.399999618530273,490595
2012-01-31,28.399999618530273,28.799999237060547,28.0,28.399999618530273,28.399999618530273,253775
2012-02-01,28.399999618530273,30.399999618530273,28.399999618530273,29.200000762939453,29.200000762939453,751723
2012-02-02,29.600000381469727,30.799999237060547,29.600000381469727,30.399999618530273,30.399999618530273,1054450
2012-02-03,30.399999618530273,34.0,30.0,32.79999923706055,32.79999923706055,2920925
2012-02-06,33.20000076293945,34.0,31.600000381469727,32.0,32.0,1246747
2012-02-07,32.400001525878906,32.79999923706055,31.200000762939453,31.200000762939453,31.200000762939453,615821
2012-02-08,31.600000381469727,33.20000076293945,31.600000381469727,33.20000076293945,33.20000076293945,1051950
2012-02-09,32.79999923706055,34.79999923706055,32.400001525878906,33.20000076293945,33.20000076293945,1762275
2012-02-10,33.599998474121094,33.599998474121094,31.600000381469727,32.0,32.0,843000
2012-02-13,31.600000381469727,32.400001525878906,31.200000762939453,31.600000381469727,31.600000381469727,460889
2012-02-14,31.600000381469727,32.0,30.799999237060547,31.200000762939453,31.200000762939453,438200
2012-02-15,31.200000762939453,32.79999923706055,30.799999237060547,32.400001525878906,32.400001525878906,820104
2012-02-16,32.0,32.0,30.799999237060547,31.600000381469727,31.600000381469727,531837
2012-02-17,31.600000381469727,32.0,30.799999237060547,31.600000381469727,31.600000381469727,473475
2012-02-20,31.600000381469727,32.0,30.799999237060547,30.799999237060547,30.799999237060547,337250
2012-02-21,30.799999237060547,32.400001525878906,30.799999237060547,32.400001525878906,32.400001525878906,826682
2012-02-22,32.400001525878906,32.79999923706055,31.600000381469727,32.0,32.0,648670
2012-02-23,31.600000381469727,32.79999923706055,31.200000762939453,31.600000381469727,31.600000381469727,447175
2012-02-24,32.0,34.0,32.0,33.599998474121094,33.599998474121094,2071337
2012-02-27,33.599998474121094,34.79999923706055,32.0,32.400001525878906,32.400001525878906,1299187
2012-02-28,32.79999923706055,33.599998474121094,32.400001525878906,32.400001525878906,32.400001525878906,409505
2012-02-29,32.79999923706055,33.599998474121094,32.400001525878906,32.400001525878906,32.400001525878906,957546
2012-03-01,32.79999923706055,33.599998474121094,32.400001525878906,32.79999923706055,32.79999923706055,623900
2012-03-02,33.20000076293945,33.20000076293945,32.0,33.20000076293945,33.20000076293945,733729
2012-03-05,33.20000076293945,36.400001525878906,33.20000076293945,36.0,36.0,3119466
2012-03-06,36.0,37.20000076293945,33.20000076293945,33.20000076293945,33.20000076293945,2612100
2012-03-07,32.400001525878906,34.0,32.400001525878906,33.20000076293945,33.20000076293945,625775
2012-03-08,33.599998474121094,34.0,32.79999923706055,33.20000076293945,33.20000076293945,554041
2012-03-09,33.599998474121094,34.0,32.79999923706055,33.20000076293945,33.20000076293945,702900
2012-03-12,32.79999923706055,33.20000076293945,32.0,32.400001525878906,32.400001525878906,581322
2012-03-13,32.400001525878906,33.20000076293945,32.400001525878906,32.79999923706055,32.79999923706055,368193
2012-03-14,32.79999923706055,33.599998474121094,32.0,32.400001525878906,32.400001525878906,719100
2012-03-15,32.0,32.400001525878906,31.200000762939453,31.600000381469727,31.600000381469727,477989
2012-03-16,31.600000381469727,32.0,30.799999237060547,31.200000762939453,31.200000762939453,451537
2012-03-20,30.799999237060547,30.799999237060547,30.0,30.0,30.0,319425
2012-03-21,30.399999618530273,30.799999237060547,28.399999618530273,29.200000762939453,29.200000762939453,536250
2012-03-22,29.200000762939453,29.200000762939453,28.399999618530273,28.399999618530273,28.399999618530273,258254
2012-03-23,28.399999618530273,29.200000762939453,28.0,28.399999618530273,28.399999618530273,530570
2012-03-26,28.399999618530273,28.799999237060547,28.0,28.399999618530273,28.399999618530273,165025
2012-03-27,28.799999237060547,29.600000381469727,28.399999618530273,29.200000762939453,29.200000762939453,306365
2012-03-28,29.200000762939453,29.200000762939453,28.0,28.399999618530273,28.399999618530273,270200
2012-03-29,28.0,28.399999618530273,27.200000762939453,27.600000381469727,27.600000381469727,286425
2012-03-30,27.200000762939453,27.600000381469727,26.0,26.0,26.0,552387
2012-04-02,26.399999618530273,26.399999618530273,25.200000762939453,26.0,26.0,323743
2012-04-03,26.399999618530273,27.600000381469727,26.399999618530273,27.600000381469727,27.600000381469727,206928
2012-04-05,26.799999237060547,27.600000381469727,26.399999618530273,27.600000381469727,27.600000381469727,149780
2012-04-10,27.200000762939453,27.200000762939453,26.0,26.0,26.0,261450
2012-04-11,26.0,26.799999237060547,25.600000381469727,26.799999237060547,26.799999237060547,138725
2012-04-12,26.799999237060547,27.200000762939453,26.399999618530273,26.799999237060547,26.799999237060547,128475
2012-04-13,27.200000762939453,27.600000381469727,26.799999237060547,26.799999237060547,26.799999237060547,120193
2012-04-16,26.799999237060547,28.0,26.399999618530273,27.600000381469727,27.600000381469727,267362
2012-04-17,27.600000381469727,28.0,26.799999237060547,27.600000381469727,27.600000381469727,182429
2012-04-18,28.0,28.399999618530273,27.600000381469727,28.0,28.0,224930
2012-04-19,27.600000381469727,28.0,27.200000762939453,27.600000381469727,27.600000381469727,84427
2012-04-20,27.200000762939453,27.600000381469727,26.399999618530273,26.799999237060547,26.799999237060547,148478
2012-04-23,26.799999237060547,26.799999237060547,26.0,26.399999618530273,26.399999618530273,96177
2012-04-24,26.0,26.799999237060547,26.0,26.399999618530273,26.399999618530273,116980
2012-04-25,26.0,26.399999618530273,25.200000762939453,25.200000762939453,25.200000762939453,249982
2012-04-26,25.600000381469727,26.0,25.200000762939453,25.200000762939453,25.200000762939453,135325
2012-04-27,25.600000381469727,26.0,25.200000762939453,25.600000381469727,25.600000381469727,174107
2012-04-30,26.0,26.0,25.200000762939453,26.0,26.0,133915
2012-05-02,26.0,26.799999237060547,26.0,26.799999237060547,26.799999237060547,169252
2012-05-03,26.399999618530273,26.799999237060547,26.0,26.399999618530273,26.399999618530273,231637
2012-05-04,26.399999618530273,26.399999618530273,25.600000381469727,25.600000381469727,25.600000381469727,68325
2012-05-07,25.200000762939453,25.600000381469727,24.0,24.799999237060547,24.799999237060547,314529
2012-05-08,24.799999237060547,25.200000762939453,24.0,24.399999618530273,24.399999618530273,158125
2012-05-09,24.0,24.399999618530273,22.799999237060547,23.600000381469727,23.600000381469727,247576
2012-05-10,23.600000381469727,23.600000381469727,21.600000381469727,22.0,22.0,430231
2012-05-11,22.0,23.200000762939453,22.0,22.799999237060547,22.799999237060547,217390
2012-05-14,22.799999237060547,23.600000381469727,22.799999237060547,22.799999237060547,22.799999237060547,154825
2012-05-15,22.799999237060547,23.200000762939453,22.399999618530273,22.799999237060547,22.799999237060547,123263
2012-05-16,22.799999237060547,22.799999237060547,20.799999237060547,21.200000762939453,21.200000762939453,395075
2012-05-17,21.200000762939453,22.0,20.799999237060547,21.200000762939453,21.200000762939453,85150
2012-05-18,20.399999618530273,20.799999237060547,19.600000381469727,20.799999237060547,20.799999237060547,333482
2012-05-21,20.399999618530273,21.600000381469727,20.0,21.200000762939453,21.200000762939453,275960
2012-05-22,21.600000381469727,21.600000381469727,21.200000762939453,21.200000762939453,21.200000762939453,129700
2012-05-23,21.200000762939453,21.200000762939453,20.399999618530273,20.399999618530273,20.399999618530273,132881
2012-05-24,20.399999618530273,20.399999618530273,20.0,20.399999618530273,20.399999618530273,83425
2012-05-25,20.399999618530273,20.399999618530273,19.600000381469727,20.399999618530273,20.399999618530273,175600
2012-05-28,20.399999618530273,20.399999618530273,19.799999237060547,20.399999618530273,20.399999618530273,91206
2012-05-29,20.399999618530273,21.600000381469727,20.399999618530273,21.200000762939453,21.200000762939453,274150
2012-05-30,21.200000762939453,21.200000762939453,20.399999618530273,20.799999237060547,20.799999237060547,182224
2012-05-31,20.399999618530273,21.600000381469727,20.399999618530273,20.799999237060547,20.799999237060547,202857
2012-06-01,20.399999618530273,21.200000762939453,20.399999618530273,20.799999237060547,20.799999237060547,104525
2012-06-04,20.399999618530273,20.399999618530273,19.600000381469727,20.0,20.0,127549
2012-06-05,20.399999618530273,20.399999618530273,19.799999237060547,20.0,20.0,102990
2012-06-06,20.0,20.399999618530273,20.0,20.399999618530273,20.399999618530273,59702
2012-06-07,20.399999618530273,20.799999237060547,20.0,20.399999618530273,20.399999618530273,144450
2012-06-08,20.0,20.399999618530273,20.0,20.399999618530273,20.399999618530273,105725
2012-06-11,20.399999618530273,20.399999618530273,16.799999237060547,17.600000381469727,17.600000381469727,1237821
2012-06-12,17.200000762939453,17.600000381469727,16.799999237060547,17.200000762939453,17.200000762939453,380000
2012-06-13,17.399999618530273,17.600000381469727,17.0,17.600000381469727,17.600000381469727,152727
2012-06-14,17.399999618530273,18.0,17.200000762939453,17.200000762939453,17.200000762939453,150756
2012-06-15,17.200000762939453,18.200000762939453,17.200000762939453,17.399999618530273,17.399999618530273,284300
2012-06-18,17.600000381469727,18.0,17.399999618530273,17.600000381469727,17.600000381469727,143582
2012-06-19,17.200000762939453,17.399999618530273,17.0,17.200000762939453,17.200000762939453,124900
2012-06-20,17.200000762939453,18.200000762939453,17.200000762939453,17.799999237060547,17.799999237060547,299837
2012-06-21,18.0,18.200000762939453,17.600000381469727,17.600000381469727,17.600000381469727,151575
2012-06-22,17.600000381469727,17.799999237060547,17.399999618530273,17.799999237060547,17.799999237060547,99876
2012-06-25,17.799999237060547,17.799999237060547,17.200000762939453,17.200000762939453,17.200000762939453,98775
2012-06-26,17.0,17.200000762939453,16.799999237060547,17.200000762939453,17.200000762939453,140625
2012-06-27,17.399999618530273,17.399999618530273,17.0,17.0,17.0,80070
2012-06-28,17.0,17.399999618530273,16.600000381469727,16.799999237060547,16.799999237060547,134593
2012-06-29,17.0,17.0,16.200000762939453,16.399999618530273,16.399999618530273,156577
2012-07-03,15.600000381469727,15.800000190734863,14.0,14.399999618530273,14.399999618530273,960785
2012-07-04,14.600000381469727,15.199999809265137,14.399999618530273,15.0,15.0,333930
2012-07-05,14.800000190734863,15.399999618530273,14.600000381469727,15.0,15.0,188437
2012-07-06,15.0,15.800000190734863,15.0,15.800000190734863,15.800000190734863,247990
2012-07-09,15.800000190734863,16.0,15.399999618530273,15.399999618530273,15.399999618530273,121284
2012-07-10,15.600000381469727,15.600000381469727,14.800000190734863,15.0,15.0,77111
2012-07-11,15.0,15.0,14.399999618530273,14.600000381469727,14.600000381469727,167125
2012-07-12,14.800000190734863,14.800000190734863,13.800000190734863,14.199999809265137,14.199999809265137,265075
2012-07-13,14.0,14.600000381469727,14.0,14.600000381469727,14.600000381469727,78716
2012-07-16,14.600000381469727,14.600000381469727,13.800000190734863,14.0,14.0,71400
2012-07-17,14.0,14.600000381469727,14.0,14.199999809265137,14.199999809265137,91287
2012-07-18,14.0,14.199999809265137,13.800000190734863,14.0,14.0,82425
2012-07-19,14.0,14.199999809265137,13.800000190734863,13.800000190734863,13.800000190734863,68835
2012-07-20,13.800000190734863,13.800000190734863,13.199999809265137,13.199999809265137,13.199999809265137,104450
2012-07-23,12.800000190734863,13.0,12.399999618530273,12.800000190734863,12.800000190734863,149000
2012-07-24,12.600000381469727,13.399999618530273,12.399999618530273,12.800000190734863,12.800000190734863,79050
2012-07-25,12.800000190734863,12.800000190734863,11.800000190734863,12.0,12.0,278775
2012-07-26,12.199999809265137,12.600000381469727,12.0,12.199999809265137,12.199999809265137,79800
2012-07-27,12.399999618530273,12.600000381469727,12.199999809265137,12.399999618530273,12.399999618530273,74250
2012-07-30,12.399999618530273,12.600000381469727,12.0,12.399999618530273,12.399999618530273,106177
2012-07-31,12.199999809265137,12.199999809265137,11.800000190734863,12.199999809265137,12.199999809265137,202675
2012-08-01,12.0,12.600000381469727,11.800000190734863,12.199999809265137,12.199999809265137,234875
2012-08-02,12.199999809265137,14.800000190734863,12.0,13.800000190734863,13.800000190734863,1244237
2012-08-03,13.600000381469727,14.399999618530273,13.199999809265137,13.800000190734863,13.800000190734863,399562
2012-08-06,14.0,14.399999618530273,13.399999618530273,13.600000381469727,13.600000381469727,323937
2012-08-07,13.600000381469727,14.0,13.399999618530273,13.600000381469727,13.600000381469727,475834
2012-08-08,13.600000381469727,15.199999809265137,13.600000381469727,14.600000381469727,14.600000381469727,1100625
2012-08-09,14.600000381469727,15.0,14.399999618530273,14.800000190734863,14.800000190734863,447100
2012-08-10,14.800000190734863,14.800000190734863,14.0,14.199999809265137,14.199999809265137,236140
2012-08-13,14.199999809265137,14.399999618530273,14.0,14.199999809265137,14.199999809265137,66188
2012-08-14,14.199999809265137,14.800000190734863,14.0,14.199999809265137,14.199999809265137,237287
2012-08-15,14.199999809265137,14.199999809265137,13.399999618530273,13.800000190734863,13.800000190734863,270823
2012-08-16,13.600000381469727,13.600000381469727,13.399999618530273,13.399999618530273,13.399999618530273,115430
2012-08-17,13.600000381469727,13.600000381469727,13.399999618530273,13.399999618530273,13.399999618530273,87100
2012-08-20,13.399999618530273,13.399999618530273,13.0,13.399999618530273,13.399999618530273,66725
2012-08-21,13.199999809265137,14.199999809265137,13.199999809265137,14.0,14.0,337093
2012-08-22,14.0,14.0,13.399999618530273,13.600000381469727,13.600000381469727,67875
2012-08-23,13.600000381469727,14.600000381469727,13.600000381469727,14.600000381469727,14.600000381469727,357650
2012-08-24,14.399999618530273,14.399999618530273,14.0,14.199999809265137,14.199999809265137,187400
2012-08-27,14.199999809265137,14.399999618530273,13.800000190734863,13.800000190734863,13.800000190734863,70321
2012-08-28,13.800000190734863,14.0,13.600000381469727,13.600000381469727,13.600000381469727,97125
2012-08-29,13.600000381469727,14.0,13.600000381469727,13.800000190734863,13.800000190734863,70800
2012-08-30,13.800000190734863,13.800000190734863,13.199999809265137,13.199999809265137,13.199999809265137,115150
2012-08-31,13.199999809265137,13.600000381469727,13.199999809265137,13.399999618530273,13.399999618530273,128660
2012-09-03,13.600000381469727,14.0,13.399999618530273,13.399999618530273,13.399999618530273,63726
2012-09-04,13.199999809265137,13.399999618530273,12.600000381469727,12.800000190734863,12.800000190734863,272925
2012-09-05,12.800000190734863,13.0,11.800000190734863,12.0,12.0,302250
2012-09-06,12.0,12.199999809265137,11.800000190734863,12.199999809265137,12.199999809265137,155057
2012-09-07,12.399999618530273,12.600000381469727,12.0,12.600000381469727,12.600000381469727,311750
2012-09-10,12.600000381469727,12.600000381469727,12.199999809265137,12.199999809265137,12.199999809265137,114798
2012-09-11,12.199999809265137,12.600000381469727,12.0,12.199999809265137,12.199999809265137,284500
2012-09-12,12.199999809265137,12.399999618530273,11.800000190734863,12.199999809265137,12.199999809265137,277637
2012-09-13,12.199999809265137,12.399999618530273,12.0,12.0,12.0,120978
2012-09-14,12.199999809265137,12.800000190734863,12.199999809265137,12.800000190734863,12.800000190734863,378850
2012-09-17,13.0,13.0,12.399999618530273,12.600000381469727,12.600000381469727,243535
2012-09-18,12.600000381469727,14.600000381469727,12.399999618530273,13.600000381469727,13.600000381469727,1574837
2012-09-19,14.199999809265137,14.199999809265137,13.399999618530273,13.600000381469727,13.600000381469727,344800
2012-09-20,13.600000381469727,13.600000381469727,13.199999809265137,13.199999809265137,13.199999809265137,118425
2012-09-21,13.199999809265137,13.600000381469727,13.199999809265137,13.199999809265137,13.199999809265137,191759
2012-09-24,13.199999809265137,13.399999618530273,12.800000190734863,12.800000190734863,12.800000190734863,121700
2012-09-25,13.0,13.0,12.600000381469727,12.800000190734863,12.800000190734863,101487
2012-09-26,12.600000381469727,12.600000381469727,12.199999809265137,12.399999618530273,12.399999618530273,145682
2012-09-27,12.199999809265137,12.800000190734863,12.199999809265137,12.600000381469727,12.600000381469727,55493
2012-09-28,12.399999618530273,13.199999809265137,12.399999618530273,13.0,13.0,235369
2012-10-03,13.0,14.199999809265137,13.0,13.600000381469727,13.600000381469727,380650
2012-10-04,13.600000381469727,13.600000381469727,12.800000190734863,13.199999809265137,13.199999809265137,225079
2012-10-05,13.199999809265137,13.399999618530273,13.0,13.399999618530273,13.399999618530273,144075
2012-10-08,13.399999618530273,13.399999618530273,13.0,13.199999809265137,13.199999809265137,57387
2012-10-09,13.199999809265137,13.600000381469727,13.199999809265137,13.600000381469727,13.600000381469727,238225
2012-10-10,13.600000381469727,13.600000381469727,13.199999809265137,13.199999809265137,13.199999809265137,75200
2012-10-11,13.199999809265137,13.399999618530273,13.0,13.0,13.0,117812
2012-10-12,13.199999809265137,13.199999809265137,13.0,13.199999809265137,13.199999809265137,153502
2012-10-15,13.199999809265137,13.199999809265137,12.800000190734863,12.800000190734863,12.800000190734863,128200
2012-10-16,13.199999809265137,13.199999809265137,12.800000190734863,13.0,13.0,109737
2012-10-17,13.0,13.399999618530273,13.0,13.0,13.0,123982
2012-10-18,13.199999809265137,14.0,13.0,13.600000381469727,13.600000381469727,723382
2012-10-19,13.600000381469727,14.0,13.600000381469727,13.600000381469727,13.600000381469727,358513
2012-10-22,13.600000381469727,14.399999618530273,13.399999618530273,14.199999809265137,14.199999809265137,650437
2012-10-24,14.0,15.199999809265137,14.0,15.199999809265137,15.199999809265137,1158594
2012-10-25,15.0,17.799999237060547,15.0,16.0,16.0,2738433
2012-10-26,15.800000190734863,16.200000762939453,14.399999618530273,14.800000190734863,14.800000190734863,910550
2012-10-29,14.600000381469727,14.800000190734863,14.199999809265137,14.800000190734863,14.800000190734863,309270
2012-10-30,14.800000190734863,14.800000190734863,14.199999809265137,14.399999618530273,14.399999618530273,367937
2012-10-31,14.600000381469727,14.800000190734863,14.399999618530273,14.800000190734863,14.800000190734863,245925
2012-11-01,14.600000381469727,15.600000381469727,14.399999618530273,15.199999809265137,15.199999809265137,1029607
2012-11-02,15.399999618530273,15.800000190734863,15.0,15.399999618530273,15.399999618530273,747750
2012-11-05,15.600000381469727,16.600000381469727,15.199999809265137,16.600000381469727,16.600000381469727,1231387
2012-11-06,16.399999618530273,16.799999237060547,15.600000381469727,16.399999618530273,16.399999618530273,801375
2012-11-07,16.399999618530273,16.399999618530273,15.800000190734863,16.0,16.0,515925
2012-11-08,15.600000381469727,15.800000190734863,15.0,15.199999809265137,15.199999809265137,658625
2012-11-09,15.199999809265137,15.600000381469727,15.0,15.600000381469727,15.600000381469727,317162
2012-11-12,15.600000381469727,15.800000190734863,15.199999809265137,15.399999618530273,15.399999618530273,189675
2012-11-13,15.199999809265137,15.199999809265137,14.199999809265137,14.600000381469727,14.600000381469727,383745
2012-11-14,14.399999618530273,15.0,14.399999618530273,14.800000190734863,14.800000190734863,274475
2012-11-15,14.600000381469727,14.600000381469727,14.199999809265137,14.399999618530273,14.399999618530273,164126
2012-11-16,14.600000381469727,14.600000381469727,14.0,14.0,14.0,180182
2012-11-19,14.199999809265137,14.399999618530273,14.0,14.0,14.0,145000
2012-11-20,14.399999618530273,14.399999618530273,14.0,14.199999809265137,14.199999809265137,189850
2012-11-21,14.199999809265137,14.199999809265137,13.600000381469727,14.0,14.0,196675
2012-11-22,13.800000190734863,14.399999618530273,13.800000190734863,14.0,14.0,183593
2012-11-23,14.0,14.800000190734863,13.800000190734863,14.600000381469727,14.600000381469727,614950
2012-11-26,14.800000190734863,14.800000190734863,14.0,14.199999809265137,14.199999809265137,259995
2012-11-27,13.800000190734863,14.199999809265137,13.600000381469727,13.600000381469727,13.600000381469727,363946
2012-11-28,13.800000190734863,13.800000190734863,12.600000381469727,12.600000381469727,12.600000381469727,642425
2012-11-29,12.800000190734863,13.399999618530273,12.800000190734863,13.199999809265137,13.199999809265137,375734
2012-11-30,13.199999809265137,13.399999618530273,12.800000190734863,12.800000190734863,12.800000190734863,245750
2012-12-03,12.800000190734863,13.199999809265137,12.800000190734863,13.0,13.0,149965
2012-12-04,12.800000190734863,13.199999809265137,12.600000381469727,13.199999809265137,13.199999809265137,234512
2012-12-05,13.600000381469727,14.0,13.399999618530273,13.600000381469727,13.600000381469727,1045667
2012-12-06,13.600000381469727,13.800000190734863,13.399999618530273,13.399999618530273,13.399999618530273,162196
2012-12-07,13.399999618530273,14.0,13.199999809265137,14.0,14.0,466033
2012-12-10,13.800000190734863,14.0,13.199999809265137,13.399999618530273,13.399999618530273,570384
2012-12-11,13.399999618530273,13.600000381469727,13.199999809265137,13.399999618530273,13.399999618530273,268279
2012-12-12,13.399999618530273,13.600000381469727,13.199999809265137,13.600000381469727,13.600000381469727,375205
2012-12-13,13.600000381469727,14.199999809265137,13.399999618530273,14.199999809265137,14.199999809265137,558706
2012-12-14,14.199999809265137,14.199999809265137,13.800000190734863,14.0,14.0,224091
2012-12-17,14.0,14.600000381469727,13.800000190734863,14.199999809265137,14.199999809265137,699390
2012-12-18,14.399999618530273,15.199999809265137,14.0,15.0,15.0,1108579
2012-12-19,15.399999618530273,15.800000190734863,15.0,15.399999618530273,15.399999618530273,690362
2012-12-20,15.399999618530273,15.399999618530273,14.399999618530273,14.600000381469727,14.600000381469727,330950
2012-12-21,14.600000381469727,15.0,14.399999618530273,14.600000381469727,14.600000381469727,138265
2012-12-24,14.600000381469727,14.600000381469727,14.399999618530273,14.600000381469727,14.600000381469727,69512
2012-12-27,14.800000190734863,15.0,14.600000381469727,14.800000190734863,14.800000190734863,146112
2012-12-28,14.800000190734863,15.199999809265137,14.600000381469727,15.199999809265137,15.199999809265137,204425
2012-12-31,15.0,15.199999809265137,15.0,15.0,15.0,65225
2013-01-02,15.0,15.800000190734863,15.0,15.800000190734863,15.800000190734863,545205
2013-01-03,15.800000190734863,17.0,15.600000381469727,17.0,17.0,2096821
2013-01-04,17.600000381469727,17.600000381469727,16.200000762939453,16.600000381469727,16.600000381469727,967035
2013-01-07,16.600000381469727,17.399999618530273,16.399999618530273,17.200000762939453,17.200000762939453,865523
2013-01-08,17.200000762939453,20.0,17.200000762939453,19.0,19.0,3977039
2013-01-09,19.200000762939453,20.399999618530273,19.0,19.799999237060547,19.799999237060547,1620452
2013-01-10,19.799999237060547,21.200000762939453,19.799999237060547,20.799999237060547,20.799999237060547,1952761
2013-01-11,20.799999237060547,21.200000762939453,19.0,19.399999618530273,19.399999618530273,1498612
2013-01-14,19.600000381469727,20.0,19.0,19.200000762939453,19.200000762939453,470512
2013-01-15,19.399999618530273,19.399999618530273,18.0,18.200000762939453,18.200000762939453,797075
2013-01-16,18.200000762939453,18.399999618530273,17.399999618530273,18.200000762939453,18.200000762939453,596247
2013-01-17,18.200000762939453,18.399999618530273,17.600000381469727,17.799999237060547,17.799999237060547,422925
2013-01-18,18.0,18.399999618530273,17.799999237060547,18.399999618530273,18.399999618530273,373754
2013-01-21,18.399999618530273,18.600000381469727,18.200000762939453,18.399999618530273,18.399999618530273,207787
2013-01-22,18.0,18.399999618530273,17.600000381469727,17.799999237060547,17.799999237060547,471795
2013-01-23,17.799999237060547,18.0,16.799999237060547,17.200000762939453,17.200000762939453,451100
2013-01-24,17.399999618530273,17.600000381469727,17.0,17.200000762939453,17.200000762939453,227751
2013-01-25,17.200000762939453,17.399999618530273,16.399999618530273,16.600000381469727,16.600000381469727,216312
2013-01-28,16.799999237060547,17.0,16.399999618530273,16.799999237060547,16.799999237060547,211350
2013-01-29,16.799999237060547,17.0,16.399999618530273,16.799999237060547,16.799999237060547,116925
2013-01-30,16.799999237060547,17.399999618530273,16.799999237060547,17.0,17.0,119625
2013-01-31,16.799999237060547,16.799999237060547,16.0,16.200000762939453,16.200000762939453,312075
2013-02-01,16.399999618530273,16.799999237060547,16.200000762939453,16.799999237060547,16.799999237060547,225700
2013-02-04,16.799999237060547,17.799999237060547,16.799999237060547,17.200000762939453,17.200000762939453,415241
2013-02-05,17.0,17.0,16.600000381469727,16.799999237060547,16.799999237060547,171575
2013-02-06,16.600000381469727,17.399999618530273,16.600000381469727,17.200000762939453,17.200000762939453,114712
2013-02-07,17.0,17.200000762939453,16.600000381469727,16.799999237060547,16.799999237060547,129785
2013-02-08,16.799999237060547,17.0,16.600000381469727,16.799999237060547,16.799999237060547,60950
2013-02-14,16.799999237060547,17.200000762939453,16.799999237060547,17.0,17.0,59984
2013-02-15,17.0,17.0,16.399999618530273,16.799999237060547,16.799999237060547,98345
2013-02-18,16.799999237060547,17.200000762939453,16.799999237060547,16.799999237060547,16.799999237060547,163150
2013-02-19,17.0,17.0,15.399999618530273,16.0,16.0,290275
2013-02-20,16.399999618530273,16.399999618530273,16.0,16.200000762939453,16.200000762939453,148450
2013-02-21,15.800000190734863,15.800000190734863,15.0,15.399999618530273,15.399999618530273,455425
2013-02-22,15.199999809265137,15.399999618530273,15.0,15.199999809265137,15.199999809265137,257198
2013-02-25,15.199999809265137,15.399999618530273,14.800000190734863,15.0,15.0,177162
2013-02-26,14.600000381469727,15.0,14.399999618530273,15.0,15.0,217600
2013-02-27,15.0,15.199999809265137,14.800000190734863,15.0,15.0,98775
2013-02-28,15.0,15.800000190734863,15.0,15.800000190734863,15.800000190734863,238325
2013-03-01,15.800000190734863,15.800000190734863,15.0,15.199999809265137,15.199999809265137,178200
2013-03-04,15.199999809265137,15.199999809265137,14.399999618530273,14.600000381469727,14.600000381469727,221025
2013-03-05,14.800000190734863,15.199999809265137,14.800000190734863,15.0,15.0,89655
2013-03-06,15.399999618530273,15.399999618530273,15.0,15.0,15.0,131185
2013-03-07,14.800000190734863,15.199999809265137,14.399999618530273,14.600000381469727,14.600000381469727,370200
2013-03-08,14.800000190734863,15.0,14.600000381469727,14.600000381469727,14.600000381469727,307125
2013-03-11,14.800000190734863,16.0,14.800000190734863,15.199999809265137,15.199999809265137,846925
2013-03-12,15.199999809265137,15.399999618530273,14.399999618530273,14.800000190734863,14.800000190734863,361551
2013-03-13,14.800000190734863,14.800000190734863,14.0,14.199999809265137,14.199999809265137,194475
2013-03-14,14.199999809265137,14.600000381469727,13.800000190734863,14.600000381469727,14.600000381469727,168637
2013-03-15,14.600000381469727,14.600000381469727,13.399999618530273,13.800000190734863,13.800000190734863,918363
2013-03-18,13.800000190734863,13.800000190734863,13.199999809265137,13.399999618530273,13.399999618530273,389543
2013-03-19,13.399999618530273,13.600000381469727,13.199999809265137,13.199999809265137,13.199999809265137,150580
2013-03-20,13.199999809265137,13.600000381469727,13.199999809265137,13.399999618530273,13.399999618530273,116738
2013-03-21,13.399999618530273,13.600000381469727,13.199999809265137,13.199999809265137,13.199999809265137,177325
2013-03-22,13.199999809265137,13.600000381469727,13.199999809265137,13.399999618530273,13.399999618530273,111637
2013-03-25,13.600000381469727,13.600000381469727,13.199999809265137,13.199999809265137,13.199999809265137,112025
2013-03-26,13.199999809265137,13.199999809265137,12.800000190734863,13.0,13.0,188334
2013-03-27,13.199999809265137,13.199999809265137,12.600000381469727,12.600000381469727,12.600000381469727,172875
2013-03-28,12.600000381469727,13.0,12.399999618530273,12.399999618530273,12.399999618530273,193243
2013-04-02,12.600000381469727,13.600000381469727,12.399999618530273,13.199999809265137,13.199999809265137,200220
2013-04-03,13.399999618530273,13.399999618530273,13.0,13.0,13.0,74031
2013-04-05,13.0,13.0,12.399999618530273,12.800000190734863,12.800000190734863,258859
2013-04-08,12.600000381469727,12.600000381469727,12.199999809265137,12.399999618530273,12.399999618530273,104962
2013-04-09,12.600000381469727,13.0,12.600000381469727,13.0,13.0,65912
2013-04-10,13.0,13.199999809265137,12.600000381469727,12.800000190734863,12.800000190734863,64975
2013-04-11,12.800000190734863,13.199999809265137,12.600000381469727,12.800000190734863,12.800000190734863,58525
2013-04-12,12.800000190734863,13.0,12.600000381469727,12.800000190734863,12.800000190734863,79010
2013-04-15,12.600000381469727,12.800000190734863,12.399999618530273,12.600000381469727,12.600000381469727,53250
2013-04-16,12.199999809265137,12.600000381469727,12.199999809265137,12.399999618530273,12.399999618530273,93689
2013-04-17,12.399999618530273,12.399999618530273,12.199999809265137,12.199999809265137,12.199999809265137,79652
2013-04-18,12.199999809265137,12.800000190734863,12.199999809265137,12.600000381469727,12.600000381469727,101707
2013-04-19,12.800000190734863,13.0,12.600000381469727,12.800000190734863,12.800000190734863,64425
2013-04-22,13.0,13.0,12.600000381469727,12.600000381469727,12.600000381469727,46615
2013-04-23,12.600000381469727,12.800000190734863,12.600000381469727,12.600000381469727,12.600000381469727,42850
2013-04-24,12.800000190734863,13.0,12.600000381469727,13.0,13.0,119825
2013-04-25,13.0,14.199999809265137,12.800000190734863,13.800000190734863,13.800000190734863,419195
2013-04-26,13.800000190734863,13.800000190734863,13.0,13.199999809265137,13.199999809265137,187516
2013-04-29,13.199999809265137,13.199999809265137,12.800000190734863,13.0,13.0,41112
2013-04-30,13.0,13.399999618530273,12.800000190734863,13.0,13.0,58159
2013-05-02,12.800000190734863,13.199999809265137,12.600000381469727,12.800000190734863,12.800000190734863,128218
2013-05-03,12.800000190734863,13.0,12.800000190734863,13.0,13.0,61912
2013-05-06,13.199999809265137,13.399999618530273,12.800000190734863,13.0,13.0,178588
2013-05-07,13.0,13.399999618530273,12.800000190734863,13.399999618530273,13.399999618530273,137135
2013-05-08,13.399999618530273,13.600000381469727,13.0,13.399999618530273,13.399999618530273,150350
2013-05-09,13.399999618530273,13.600000381469727,13.199999809265137,13.199999809265137,13.199999809265137,210500
2013-05-10,13.199999809265137,13.399999618530273,12.399999618530273,12.600000381469727,12.600000381469727,231656
2013-05-13,12.800000190734863,13.199999809265137,12.600000381469727,13.0,13.0,136071
2013-05-14,13.0,13.199999809265137,12.600000381469727,12.800000190734863,12.800000190734863,145125
2013-05-15,12.800000190734863,13.199999809265137,12.800000190734863,13.199999809265137,13.199999809265137,115037
2013-05-16,13.199999809265137,13.199999809265137,12.600000381469727,12.800000190734863,12.800000190734863,131381
2013-05-20,12.800000190734863,13.0,12.600000381469727,13.0,13.0,116662
2013-05-21,13.0,13.0,12.399999618530273,12.600000381469727,12.600000381469727,160670
2013-05-22,12.600000381469727,13.0,12.600000381469727,12.600000381469727,12.600000381469727,87775
2013-05-23,12.600000381469727,12.600000381469727,12.0,12.0,12.0,304350
2013-05-24,12.199999809265137,12.399999618530273,12.0,12.199999809265137,12.199999809265137,115340
2013-05-27,12.399999618530273,12.600000381469727,12.0,12.399999618530273,12.399999618530273,155950
2013-05-28,12.399999618530273,12.399999618530273,12.0,12.199999809265137,12.199999809265137,165867
2013-05-29,12.399999618530273,12.600000381469727,12.199999809265137,12.199999809265137,12.199999809265137,100537
2013-05-30,12.199999809265137,12.600000381469727,12.199999809265137,12.399999618530273,12.399999618530273,97287
2013-05-31,12.199999809265137,12.399999618530273,12.0,12.0,12.0,144087
2013-06-03,12.0,12.0,11.800000190734863,11.800000190734863,11.800000190734863,196283
2013-06-04,12.0,12.0,11.600000381469727,11.800000190734863,11.800000190734863,109108
2013-06-05,11.800000190734863,12.0,10.399999618530273,11.0,11.0,400175
2013-06-06,10.800000190734863,10.800000190734863,10.600000381469727,10.800000190734863,10.800000190734863,195321
2013-06-07,11.0,11.0,10.600000381469727,10.800000190734863,10.800000190734863,139162
2013-06-10,10.600000381469727,11.0,10.199999809265137,10.399999618530273,10.399999618530273,231683
2013-06-11,10.199999809265137,10.399999618530273,9.800000190734863,9.960000038146973,9.960000038146973,248462
2013-06-13,9.920000076293945,10.0,9.520000457763672,9.600000381469727,9.600000381469727,230241
2013-06-14,9.600000381469727,10.0,9.600000381469727,9.880000114440918,9.880000114440918,109850
2013-06-17,10.0,10.199999809265137,9.84000015258789,10.199999809265137,10.199999809265137,71600
2013-06-18,10.0,10.199999809265137,9.880000114440918,9.920000076293945,9.920000076293945,105725
2013-06-19,9.920000076293945,10.0,9.680000305175781,9.880000114440918,9.880000114440918,98418
2013-06-20,9.600000381469727,9.800000190734863,9.520000457763672,9.600000381469727,9.600000381469727,134365
2013-06-21,9.520000457763672,9.520000457763672,9.079999923706055,9.319999694824219,9.319999694824219,225250
2013-06-24,9.199999809265137,9.319999694824219,8.920000076293945,9.039999961853027,9.039999961853027,72512
2013-06-25,9.039999961853027,9.039999961853027,8.4399995803833,9.039999961853027,9.039999961853027,149560
2013-06-26,9.279999732971191,9.279999732971191,9.079999923706055,9.199999809265137,9.199999809265137,48075
2013-06-27,9.199999809265137,9.479999542236328,9.0,9.199999809265137,9.199999809265137,69532
2013-06-28,9.199999809265137,9.199999809265137,8.800000190734863,9.119999885559082,9.119999885559082,59175
2013-07-02,8.4399995803833,9.119999885559082,8.399999618530273,8.960000038146973,8.960000038146973,76275
2013-07-03,8.880000114440918,8.880000114440918,8.4399995803833,8.4399995803833,8.4399995803833,101012
2013-07-04,8.479999542236328,9.520000457763672,8.4399995803833,9.399999618530273,9.399999618530273,181575
2013-07-05,9.399999618530273,9.800000190734863,9.399999618530273,9.479999542236328,9.479999542236328,103950
2013-07-08,9.479999542236328,9.880000114440918,9.359999656677246,9.640000343322754,9.640000343322754,148300
2013-07-09,9.960000038146973,11.399999618530273,9.680000305175781,11.0,11.0,447397
2013-07-10,11.199999809265137,11.199999809265137,10.0,10.399999618530273,10.399999618530273,224662
2013-07-11,10.199999809265137,10.600000381469727,10.0,10.399999618530273,10.399999618530273,109776
2013-07-12,10.399999618530273,11.0,10.399999618530273,10.800000190734863,10.800000190734863,130434
2013-07-15,10.800000190734863,11.199999809265137,10.199999809265137,10.600000381469727,10.600000381469727,134390
2013-07-16,10.800000190734863,10.800000190734863,10.199999809265137,10.199999809265137,10.199999809265137,60812
2013-07-17,10.199999809265137,10.399999618530273,10.0,10.199999809265137,10.199999809265137,72122
2013-07-18,10.399999618530273,10.399999618530273,10.199999809265137,10.199999809265137,10.199999809265137,57590
2013-07-19,10.199999809265137,10.399999618530273,10.0,10.0,10.0,73750
2013-07-22,10.199999809265137,10.199999809265137,9.800000190734863,9.880000114440918,9.880000114440918,59551
2013-07-23,9.920000076293945,10.199999809265137,9.880000114440918,10.199999809265137,10.199999809265137,57925
2013-07-24,10.0,10.399999618530273,10.0,10.399999618530273,10.399999618530273,68412
2013-07-25,10.199999809265137,10.399999618530273,10.0,10.0,10.0,65061
2013-07-26,10.0,10.199999809265137,10.0,10.0,10.0,40775
2013-07-29,10.0,10.399999618530273,10.0,10.0,10.0,57125
2013-07-30,10.0,10.0,9.600000381469727,9.800000190734863,9.800000190734863,68037
2013-07-31,9.800000190734863,10.199999809265137,9.359999656677246,9.399999618530273,9.399999618530273,167250
2013-08-01,9.600000381469727,9.960000038146973,9.359999656677246,9.880000114440918,9.880000114440918,80795
2013-08-02,9.760000228881836,9.960000038146973,9.5600004196167,9.84000015258789,9.84000015258789,24260
2013-08-05,9.84000015258789,9.84000015258789,9.479999542236328,9.640000343322754,9.640000343322754,54510
2013-08-06,9.520000457763672,9.640000343322754,9.4399995803833,9.600000381469727,9.600000381469727,27150
2013-08-07,9.600000381469727,9.84000015258789,9.600000381469727,9.720000267028809,9.720000267028809,41010
2013-08-08,9.680000305175781,10.0,9.600000381469727,9.600000381469727,9.600000381469727,60215
2013-08-09,9.600000381469727,11.0,9.600000381469727,10.800000190734863,10.800000190734863,527175
2013-08-12,10.600000381469727,11.199999809265137,10.399999618530273,11.0,11.0,371750
2013-08-13,11.199999809265137,11.600000381469727,11.0,11.399999618530273,11.399999618530273,490560
2013-08-14,11.399999618530273,11.399999618530273,11.399999618530273,11.399999618530273,11.399999618530273,0
2013-08-15,11.199999809265137,11.199999809265137,10.600000381469727,10.800000190734863,10.800000190734863,189525
2013-08-16,10.800000190734863,10.800000190734863,10.600000381469727,10.600000381469727,10.600000381469727,141897
2013-08-19,10.600000381469727,10.600000381469727,10.399999618530273,10.600000381469727,10.600000381469727,59695
2013-08-20,10.399999618530273,10.600000381469727,10.199999809265137,10.399999618530273,10.399999618530273,90975
2013-08-21,10.199999809265137,10.399999618530273,10.199999809265137,10.399999618530273,10.399999618530273,33850
2013-08-22,10.199999809265137,10.399999618530273,10.199999809265137,10.399999618530273,10.399999618530273,22415
2013-08-23,10.399999618530273,11.199999809265137,10.399999618530273,10.800000190734863,10.800000190734863,118350
2013-08-26,10.800000190734863,11.0,10.399999618530273,10.399999618530273,10.399999618530273,48225
2013-08-27,10.399999618530273,10.600000381469727,10.199999809265137,10.399999618530273,10.399999618530273,97381
2013-08-28,10.199999809265137,10.399999618530273,10.199999809265137,10.399999618530273,10.399999618530273,49300
2013-08-29,10.399999618530273,10.800000190734863,10.399999618530273,10.399999618530273,10.399999618530273,69175
2013-08-30,10.399999618530273,10.600000381469727,10.0,10.199999809265137,10.199999809265137,92478
2013-09-02,10.600000381469727,10.800000190734863,10.199999809265137,10.600000381469727,10.600000381469727,129900
2013-09-03,10.399999618530273,10.600000381469727,10.199999809265137,10.399999618530273,10.399999618530273,154950
2013-09-04,10.399999618530273,10.399999618530273,10.199999809265137,10.399999618530273,10.399999618530273,111137
2013-09-05,10.399999618530273,10.600000381469727,10.199999809265137,10.399999618530273,10.399999618530273,112442
2013-09-06,10.600000381469727,10.800000190734863,10.199999809265137,10.199999809265137,10.199999809265137,152862
2013-09-09,10.399999618530273,10.600000381469727,10.199999809265137,10.199999809265137,10.199999809265137,83750
2013-09-10,10.199999809265137,10.600000381469727,10.199999809265137,10.600000381469727,10.600000381469727,458862
2013-09-11,10.600000381469727,11.0,10.399999618530273,10.399999618530273,10.399999618530273,336537
2013-09-12,10.399999618530273,10.600000381469727,10.199999809265137,10.199999809265137,10.199999809265137,179862
2013-09-13,10.199999809265137,10.399999618530273,9.800000190734863,10.0,10.0,163136
2013-09-16,10.0,10.199999809265137,10.0,10.0,10.0,71215
2013-09-17,10.0,10.199999809265137,9.920000076293945,10.0,10.0,76231
2013-09-18,10.0,10.199999809265137,9.880000114440918,10.199999809265137,10.199999809265137,124215
2013-09-19,10.399999618530273,10.399999618530273,9.960000038146973,9.960000038146973,9.960000038146973,142237
2013-09-23,9.960000038146973,10.0,9.800000190734863,10.0,10.0,36575
2013-09-24,9.800000190734863,9.960000038146973,9.600000381469727,9.920000076293945,9.920000076293945,117512
2013-09-25,9.920000076293945,9.920000076293945,9.640000343322754,9.640000343322754,9.640000343322754,84575
2013-09-26,9.640000343322754,9.800000190734863,9.640000343322754,9.800000190734863,9.800000190734863,90225
2013-09-27,9.680000305175781,9.760000228881836,9.640000343322754,9.720000267028809,9.720000267028809,48501
2013-09-30,9.720000267028809,9.720000267028809,9.520000457763672,9.520000457763672,9.520000457763672,52350
2013-10-02,9.479999542236328,9.720000267028809,9.319999694824219,9.479999542236328,9.479999542236328,50525
2013-10-03,9.4399995803833,9.880000114440918,9.399999618530273,9.800000190734863,9.800000190734863,61435
2013-10-04,9.720000267028809,9.800000190734863,9.520000457763672,9.680000305175781,9.680000305175781,27655
2013-10-07,9.680000305175781,9.800000190734863,9.479999542236328,9.720000267028809,9.720000267028809,35725
2013-10-08,9.720000267028809,9.800000190734863,9.5600004196167,9.760000228881836,9.760000228881836,44498
2013-10-09,9.5600004196167,9.760000228881836,9.5600004196167,9.680000305175781,9.680000305175781,48242
2013-10-10,9.520000457763672,9.720000267028809,9.4399995803833,9.600000381469727,9.600000381469727,136113
2013-10-11,9.800000190734863,9.800000190734863,9.520000457763672,9.680000305175781,9.680000305175781,58625
2013-10-15,9.760000228881836,9.760000228881836,9.520000457763672,9.720000267028809,9.720000267028809,87550
2013-10-16,9.640000343322754,9.800000190734863,9.4399995803833,9.520000457763672,9.520000457763672,42787
2013-10-17,9.600000381469727,11.399999618530273,9.600000381469727,11.199999809265137,11.199999809265137,2057087
2013-10-18,11.0,11.199999809265137,10.199999809265137,10.399999618530273,10.399999618530273,705612
2013-10-21,10.600000381469727,10.600000381469727,9.880000114440918,10.199999809265137,10.199999809265137,423000
2013-10-22,10.0,10.399999618530273,10.0,10.399999618530273,10.399999618530273,213102
2013-10-23,10.399999618530273,10.800000190734863,10.199999809265137,10.199999809265137,10.199999809265137,663025
2013-10-24,10.199999809265137,10.199999809265137,10.0,10.0,10.0,174254
2013-10-25,10.0,10.199999809265137,9.920000076293945,9.960000038146973,9.960000038146973,192550
2013-10-28,9.960000038146973,10.199999809265137,9.920000076293945,9.960000038146973,9.960000038146973,111962
2013-10-29,10.0,10.199999809265137,9.880000114440918,9.920000076293945,9.920000076293945,200625
2013-10-30,10.0,10.399999618530273,9.880000114440918,10.199999809265137,10.199999809265137,305242
2013-10-31,10.399999618530273,11.399999618530273,10.199999809265137,10.800000190734863,10.800000190734863,1145875
2013-11-01,11.0,11.0,10.199999809265137,10.399999618530273,10.399999618530273,344225
2013-11-04,10.199999809265137,10.600000381469727,10.199999809265137,10.199999809265137,10.199999809265137,108400
2013-11-05,10.199999809265137,10.399999618530273,10.0,10.199999809265137,10.199999809265137,118528
2013-11-06,10.199999809265137,10.399999618530273,10.0,10.0,10.0,329850
2013-11-07,10.0,10.199999809265137,10.0,10.0,10.0,41328
2013-11-08,9.920000076293945,10.199999809265137,9.680000305175781,9.800000190734863,9.800000190734863,195458
2013-11-11,9.800000190734863,10.399999618530273,9.800000190734863,10.0,10.0,229100
2013-11-12,10.0,10.199999809265137,9.520000457763672,9.680000305175781,9.680000305175781,166050
2013-11-13,9.600000381469727,9.600000381469727,9.239999771118164,9.600000381469727,9.600000381469727,219225
2013-11-14,9.520000457763672,9.920000076293945,9.479999542236328,9.84000015258789,9.84000015258789,131818
2013-11-15,9.800000190734863,9.84000015258789,9.600000381469727,9.84000015258789,9.84000015258789,118575
2013-11-18,9.84000015258789,10.0,9.600000381469727,10.0,10.0,102200
2013-11-19,10.0,10.199999809265137,9.760000228881836,9.960000038146973,9.960000038146973,66355
2013-11-20,9.920000076293945,10.600000381469727,9.680000305175781,10.600000381469727,10.600000381469727,905162
2013-11-21,10.600000381469727,11.600000381469727,10.199999809265137,11.199999809265137,11.199999809265137,2320415
2013-11-22,11.399999618530273,11.399999618530273,10.600000381469727,10.800000190734863,10.800000190734863,468275
2013-11-25,10.800000190734863,11.0,10.600000381469727,10.800000190734863,10.800000190734863,271607
2013-11-26,10.800000190734863,11.0,10.199999809265137,10.199999809265137,10.199999809265137,160565
2013-11-27,10.399999618530273,10.600000381469727,10.199999809265137,10.399999618530273,10.399999618530273,198100
2013-11-28,10.399999618530273,11.0,10.399999618530273,10.600000381469727,10.600000381469727,343686
2013-11-29,10.800000190734863,10.800000190734863,10.399999618530273,10.600000381469727,10.600000381469727,128742
2013-12-02,10.600000381469727,10.800000190734863,10.600000381469727,10.600000381469727,10.600000381469727,191475
2013-12-03,10.800000190734863,11.0,10.399999618530273,10.600000381469727,10.600000381469727,144872
2013-12-04,10.399999618530273,10.600000381469727,10.199999809265137,10.600000381469727,10.600000381469727,417850
2013-12-05,10.399999618530273,10.600000381469727,9.920000076293945,10.0,10.0,686338
2013-12-06,10.0,10.600000381469727,9.960000038146973,10.0,10.0,501150
2013-12-09,10.199999809265137,10.399999618530273,10.0,10.199999809265137,10.199999809265137,111956
2013-12-10,10.199999809265137,10.399999618530273,10.0,10.399999618530273,10.399999618530273,174017
2013-12-11,10.399999618530273,10.399999618530273,9.920000076293945,10.199999809265137,10.199999809265137,267647
2013-12-12,10.0,10.0,9.880000114440918,9.920000076293945,9.920000076293945,110202
2013-12-13,9.920000076293945,10.0,9.84000015258789,9.920000076293945,9.920000076293945,93875
2013-12-16,9.84000015258789,9.920000076293945,9.600000381469727,9.84000015258789,9.84000015258789,288242
2013-12-17,10.0,10.0,9.4399995803833,9.479999542236328,9.479999542236328,267104
2013-12-18,9.399999618530273,9.720000267028809,9.399999618530273,9.640000343322754,9.640000343322754,171125
2013-12-19,9.800000190734863,9.800000190734863,9.399999618530273,9.4399995803833,9.4399995803833,199250
2013-12-20,9.4399995803833,9.600000381469727,9.079999923706055,9.199999809265137,9.199999809265137,161562
2013-12-23,9.199999809265137,9.520000457763672,9.079999923706055,9.4399995803833,9.4399995803833,124425
2013-12-24,9.4399995803833,9.479999542236328,9.319999694824219,9.359999656677246,9.359999656677246,28319
2013-12-27,9.319999694824219,9.600000381469727,9.319999694824219,9.5600004196167,9.5600004196167,30050
2013-12-30,9.4399995803833,9.760000228881836,9.359999656677246,9.5600004196167,9.5600004196167,166500
2013-12-31,9.640000343322754,9.720000267028809,9.399999618530273,9.720000267028809,9.720000267028809,34600
2014-01-02,9.720000267028809,9.84000015258789,9.520000457763672,9.680000305175781,9.680000305175781,47225
2014-01-03,9.199999809265137,9.5600004196167,9.199999809265137,9.399999618530273,9.399999618530273,78551
2014-01-06,9.4399995803833,9.680000305175781,9.359999656677246,9.479999542236328,9.479999542236328,95971
2014-01-07,9.600000381469727,9.600000381469727,9.199999809265137,9.399999618530273,9.399999618530273,70593
2014-01-08,9.279999732971191,9.680000305175781,9.239999771118164,9.5600004196167,9.5600004196167,108522
2014-01-09,9.600000381469727,10.600000381469727,9.359999656677246,10.0,10.0,867168
2014-01-10,10.0,10.199999809265137,9.640000343322754,9.960000038146973,9.960000038146973,125300
2014-01-13,9.800000190734863,10.600000381469727,9.680000305175781,10.399999618530273,10.399999618530273,658910
2014-01-14,10.199999809265137,10.399999618530273,9.920000076293945,9.920000076293945,9.920000076293945,258401
2014-01-15,9.920000076293945,10.199999809265137,9.800000190734863,10.0,10.0,169925
2014-01-16,10.0,10.199999809265137,9.760000228881836,9.800000190734863,9.800000190734863,121312
2014-01-17,9.84000015258789,10.0,9.760000228881836,9.84000015258789,9.84000015258789,140050
2014-01-20,9.920000076293945,10.0,9.800000190734863,9.920000076293945,9.920000076293945,140110
2014-01-21,9.800000190734863,9.960000038146973,9.760000228881836,9.800000190734863,9.800000190734863,88725
2014-01-22,9.84000015258789,9.920000076293945,9.720000267028809,9.720000267028809,9.720000267028809,69225
2014-01-23,9.720000267028809,9.84000015258789,9.4399995803833,9.680000305175781,9.680000305175781,107650
2014-01-24,9.640000343322754,9.920000076293945,9.4399995803833,9.4399995803833,9.4399995803833,86250
2014-01-27,9.600000381469727,9.600000381469727,8.920000076293945,9.039999961853027,9.039999961853027,285375
2014-01-28,9.800000190734863,9.84000015258789,9.079999923706055,9.279999732971191,9.279999732971191,98750
2014-01-29,9.279999732971191,10.199999809265137,9.279999732971191,9.640000343322754,9.640000343322754,301950
2014-01-30,9.399999618530273,9.800000190734863,9.399999618530273,9.760000228881836,9.760000228881836,109870
2014-02-04,9.680000305175781,9.760000228881836,9.279999732971191,9.520000457763672,9.520000457763672,52370
2014-02-05,9.960000038146973,9.960000038146973,9.479999542236328,9.5600004196167,9.5600004196167,123025
2014-02-06,9.640000343322754,9.800000190734863,9.5600004196167,9.5600004196167,9.5600004196167,106150
2014-02-07,9.640000343322754,9.720000267028809,9.520000457763672,9.600000381469727,9.600000381469727,42603
2014-02-10,9.720000267028809,9.720000267028809,9.4399995803833,9.4399995803833,9.4399995803833,109869
2014-02-11,9.4399995803833,9.600000381469727,9.399999618530273,9.4399995803833,9.4399995803833,124550
2014-02-12,9.5600004196167,9.600000381469727,9.399999618530273,9.4399995803833,9.4399995803833,96637
2014-02-13,9.319999694824219,9.520000457763672,9.319999694824219,9.479999542236328,9.479999542236328,44425
2014-02-14,9.4399995803833,9.800000190734863,9.359999656677246,9.760000228881836,9.760000228881836,242975
2014-02-17,9.760000228881836,9.960000038146973,9.5600004196167,9.600000381469727,9.600000381469727,202275
2014-02-18,9.600000381469727,9.640000343322754,9.520000457763672,9.5600004196167,9.5600004196167,86988
2014-02-19,9.4399995803833,9.5600004196167,9.4399995803833,9.479999542236328,9.479999542236328,68275
2014-02-20,9.479999542236328,9.760000228881836,9.479999542236328,9.680000305175781,9.680000305175781,150226
2014-02-21,9.760000228881836,9.760000228881836,9.520000457763672,9.640000343322754,9.640000343322754,94100
2014-02-24,9.640000343322754,9.640000343322754,9.399999618530273,9.5600004196167,9.5600004196167,81375
2014-02-25,9.5600004196167,9.600000381469727,9.279999732971191,9.359999656677246,9.359999656677246,84095
2014-02-26,9.359999656677246,9.479999542236328,9.279999732971191,9.399999618530273,9.399999618530273,41187
2014-02-27,9.399999618530273,9.479999542236328,9.279999732971191,9.359999656677246,9.359999656677246,150582
2014-02-28,9.359999656677246,9.479999542236328,9.279999732971191,9.399999618530273,9.399999618530273,77825
2014-03-03,9.399999618530273,9.4399995803833,9.15999984741211,9.199999809265137,9.199999809265137,93325
2014-03-04,9.119999885559082,9.239999771118164,8.960000038146973,9.239999771118164,9.239999771118164,292217
2014-03-05,9.0,9.319999694824219,8.960000038146973,9.319999694824219,9.319999694824219,86318
2014-03-06,9.319999694824219,9.319999694824219,9.0,9.0,9.0,130450
2014-03-07,9.079999923706055,9.4399995803833,9.0,9.239999771118164,9.239999771118164,259260
2014-03-10,9.199999809265137,9.5600004196167,9.15999984741211,9.279999732971191,9.279999732971191,179150
2014-03-11,9.319999694824219,9.319999694824219,9.119999885559082,9.199999809265137,9.199999809265137,129825
2014-03-12,9.15999984741211,9.15999984741211,8.960000038146973,9.079999923706055,9.079999923706055,105625
2014-03-13,9.15999984741211,9.199999809265137,8.960000038146973,8.960000038146973,8.960000038146973,39670
2014-03-14,8.960000038146973,9.119999885559082,8.800000190734863,8.880000114440918,8.880000114440918,97575
2014-03-17,8.800000190734863,9.15999984741211,8.640000343322754,8.920000076293945,8.920000076293945,94950
2014-03-18,9.119999885559082,9.119999885559082,8.680000305175781,8.800000190734863,8.800000190734863,94609
2014-03-19,8.880000114440918,8.880000114440918,8.680000305175781,8.760000228881836,8.760000228881836,114683
2014-03-20,8.760000228881836,8.760000228881836,8.5600004196167,8.640000343322754,8.640000343322754,77587
2014-03-21,8.520000457763672,9.0,8.4399995803833,8.600000381469727,8.600000381469727,228332
2014-03-24,8.640000343322754,9.0,8.399999618530273,8.84000015258789,8.84000015258789,201544
2014-03-25,8.640000343322754,9.0,8.640000343322754,8.760000228881836,8.760000228881836,81412
2014-03-26,8.720000267028809,8.960000038146973,8.600000381469727,8.640000343322754,8.640000343322754,39763
2014-03-27,8.640000343322754,8.800000190734863,8.479999542236328,8.5600004196167,8.5600004196167,51012
2014-03-28,8.479999542236328,8.680000305175781,8.399999618530273,8.600000381469727,8.600000381469727,84550
2014-03-31,8.600000381469727,8.680000305175781,8.399999618530273,8.600000381469727,8.600000381469727,126885
2014-04-01,8.479999542236328,8.5600004196167,8.4399995803833,8.520000457763672,8.520000457763672,115000
2014-04-02,8.4399995803833,8.5600004196167,8.4399995803833,8.520000457763672,8.520000457763672,30810
2014-04-03,8.479999542236328,8.520000457763672,8.399999618530273,8.4399995803833,8.4399995803833,132662
2014-04-04,8.520000457763672,8.520000457763672,8.399999618530273,8.479999542236328,8.479999542236328,102190
2014-04-07,8.520000457763672,8.5600004196167,8.399999618530273,8.479999542236328,8.479999542236328,75075
2014-04-08,8.399999618530273,8.479999542236328,8.0,8.0,8.0,325171
2014-04-09,8.079999923706055,8.15999984741211,7.639999866485596,7.800000190734863,7.800000190734863,459397
2014-04-10,7.840000152587891,8.0,7.639999866485596,7.760000228881836,7.760000228881836,204790
2014-04-11,7.880000114440918,7.920000076293945,7.639999866485596,7.71999979019165,7.71999979019165,72750
2014-04-14,7.559999942779541,7.880000114440918,7.519999980926514,7.519999980926514,7.519999980926514,146475
2014-04-15,7.599999904632568,7.599999904632568,6.800000190734863,7.119999885559082,7.119999885559082,328876
2014-04-16,7.039999961853027,7.079999923706055,6.800000190734863,6.920000076293945,6.920000076293945,201940
2014-04-17,6.960000038146973,7.480000019073486,6.920000076293945,7.039999961853027,7.039999961853027,164201
2014-04-22,7.0,7.239999771118164,7.0,7.159999847412109,7.159999847412109,78475
2014-04-23,7.079999923706055,7.239999771118164,7.0,7.0,7.0,83884
2014-04-24,6.960000038146973,7.159999847412109,6.960000038146973,7.079999923706055,7.079999923706055,119625
2014-04-25,7.199999809265137,7.199999809265137,7.0,7.039999961853027,7.039999961853027,65200
2014-04-28,7.039999961853027,7.039999961853027,6.559999942779541,6.559999942779541,6.559999942779541,135550
2014-04-29,7.0,7.0,6.440000057220459,6.599999904632568,6.599999904632568,108675
2014-04-30,6.679999828338623,6.800000190734863,6.440000057220459,6.519999980926514,6.519999980926514,251515
2014-05-02,6.440000057220459,6.440000057220459,6.079999923706055,6.159999847412109,6.159999847412109,258025
2014-05-05,6.199999809265137,6.360000133514404,6.119999885559082,6.28000020980835,6.28000020980835,40117
2014-05-07,6.320000171661377,6.320000171661377,6.079999923706055,6.079999923706055,6.079999923706055,64312
2014-05-08,6.079999923706055,6.28000020980835,5.960000038146973,6.159999847412109,6.159999847412109,111025
2014-05-09,6.159999847412109,6.519999980926514,6.159999847412109,6.360000133514404,6.360000133514404,51100
2014-05-12,6.360000133514404,6.880000114440918,6.360000133514404,6.760000228881836,6.760000228881836,278535
2014-05-13,6.760000228881836,6.840000152587891,6.440000057220459,6.559999942779541,6.559999942779541,199492
2014-05-14,6.760000228881836,6.760000228881836,6.360000133514404,6.400000095367432,6.400000095367432,90975
2014-05-15,6.480000019073486,6.559999942779541,6.320000171661377,6.320000171661377,6.320000171661377,132673
2014-05-16,6.400000095367432,6.400000095367432,5.960000038146973,6.159999847412109,6.159999847412109,264575
2014-05-19,6.119999885559082,6.28000020980835,6.039999961853027,6.199999809265137,6.199999809265137,56587
2014-05-20,6.199999809265137,6.199999809265137,6.039999961853027,6.039999961853027,6.039999961853027,129625
2014-05-21,6.0,6.920000076293945,6.0,6.880000114440918,6.880000114440918,382000
2014-05-22,7.0,8.84000015258789,7.0,8.039999961853027,8.039999961853027,4218663
2014-05-23,8.039999961853027,8.039999961853027,7.28000020980835,7.360000133514404,7.360000133514404,735551
2014-05-26,7.239999771118164,7.599999904632568,7.159999847412109,7.400000095367432,7.400000095367432,366025
2014-05-27,7.28000020980835,7.360000133514404,7.199999809265137,7.239999771118164,7.239999771118164,144908
2014-05-28,7.159999847412109,7.480000019073486,7.119999885559082,7.239999771118164,7.239999771118164,298692
2014-05-29,7.119999885559082,7.199999809265137,6.880000114440918,6.880000114440918,6.880000114440918,347631
2014-05-30,6.880000114440918,7.320000171661377,6.400000095367432,6.440000057220459,6.440000057220459,1408847
2014-06-03,7.199999809265137,8.199999809265137,7.0,7.71999979019165,7.71999979019165,5276528
2014-06-04,7.800000190734863,7.800000190734863,7.360000133514404,7.400000095367432,7.400000095367432,732300
2014-06-05,7.559999942779541,9.199999809265137,7.440000057220459,9.0,9.0,6187600
2014-06-06,9.039999961853027,9.199999809265137,8.5600004196167,8.84000015258789,8.84000015258789,2080550
2014-06-09,9.15999984741211,10.0,9.15999984741211,9.680000305175781,9.680000305175781,3213225
2014-06-10,9.5600004196167,9.84000015258789,9.0,9.640000343322754,9.640000343322754,1941100
2014-06-11,9.800000190734863,10.600000381469727,9.479999542236328,10.199999809265137,10.199999809265137,3489600
2014-06-12,10.199999809265137,10.199999809265137,9.800000190734863,9.960000038146973,9.960000038146973,433185
2014-06-13,9.960000038146973,10.199999809265137,9.5600004196167,9.5600004196167,9.5600004196167,702250
2014-06-16,9.800000190734863,9.800000190734863,9.15999984741211,9.199999809265137,9.199999809265137,382925
2014-06-17,9.279999732971191,10.0,9.279999732971191,9.520000457763672,9.520000457763672,823325
2014-06-18,9.520000457763672,9.760000228881836,9.359999656677246,9.4399995803833,9.4399995803833,294165
2014-06-19,9.600000381469727,9.600000381469727,8.920000076293945,8.960000038146973,8.960000038146973,519631
2014-06-20,8.84000015258789,9.119999885559082,8.800000190734863,8.920000076293945,8.920000076293945,202632
2014-06-23,9.0,9.0,8.319999694824219,8.399999618530273,8.399999618530273,391262
2014-06-24,8.399999618530273,8.920000076293945,8.399999618530273,8.520000457763672,8.520000457763672,95087
2014-06-25,8.479999542236328,8.600000381469727,8.239999771118164,8.319999694824219,8.319999694824219,187705
2014-06-26,8.319999694824219,8.960000038146973,8.319999694824219,8.880000114440918,8.880000114440918,387650
2014-06-27,9.0,9.15999984741211,8.600000381469727,8.800000190734863,8.800000190734863,166862
2014-06-30,8.800000190734863,8.84000015258789,8.479999542236328,8.600000381469727,8.600000381469727,130305
2014-07-02,8.600000381469727,8.760000228881836,8.4399995803833,8.479999542236328,8.479999542236328,490925
2014-07-03,8.4399995803833,9.640000343322754,8.4399995803833,9.239999771118164,9.239999771118164,1533992
2014-07-04,9.119999885559082,9.479999542236328,8.760000228881836,8.920000076293945,8.920000076293945,695078
2014-07-07,8.84000015258789,9.119999885559082,8.760000228881836,8.84000015258789,8.84000015258789,198467
2014-07-08,9.0,9.0,8.800000190734863,8.880000114440918,8.880000114440918,65400
2014-07-09,8.880000114440918,9.199999809265137,8.600000381469727,8.760000228881836,8.760000228881836,156032
2014-07-10,8.800000190734863,9.279999732971191,8.5600004196167,9.0,9.0,520042
2014-07-11,8.720000267028809,8.880000114440918,8.479999542236328,8.640000343322754,8.640000343322754,208637
2014-07-14,8.600000381469727,8.760000228881836,8.4399995803833,8.520000457763672,8.520000457763672,293093
2014-07-15,8.4399995803833,8.880000114440918,8.279999732971191,8.800000190734863,8.800000190734863,411022
2014-07-16,9.0,9.119999885559082,8.680000305175781,8.720000267028809,8.720000267028809,354617
2014-07-17,8.720000267028809,8.720000267028809,8.399999618530273,8.5600004196167,8.5600004196167,206447
2014-07-18,8.399999618530273,8.640000343322754,8.279999732971191,8.359999656677246,8.359999656677246,290400
2014-07-21,8.319999694824219,8.5600004196167,8.319999694824219,8.359999656677246,8.359999656677246,135375
2014-07-22,8.239999771118164,8.520000457763672,8.239999771118164,8.479999542236328,8.479999542236328,96825
2014-07-23,8.479999542236328,8.800000190734863,8.4399995803833,8.520000457763672,8.520000457763672,285618
2014-07-24,8.520000457763672,9.399999618530273,8.520000457763672,8.800000190734863,8.800000190734863,1418392
2014-07-25,8.760000228881836,9.239999771118164,8.800000190734863,9.0,9.0,532725
2014-07-28,9.0,9.079999923706055,8.720000267028809,8.84000015258789,8.84000015258789,383532
2014-07-29,8.800000190734863,9.319999694824219,8.800000190734863,9.079999923706055,9.079999923706055,688375
2014-07-30,9.15999984741211,9.239999771118164,8.680000305175781,8.760000228881836,8.760000228881836,464096
2014-07-31,8.760000228881836,8.960000038146973,8.720000267028809,8.920000076293945,8.920000076293945,138762
2014-08-01,8.800000190734863,8.920000076293945,8.640000343322754,8.760000228881836,8.760000228881836,139317
2014-08-04,8.720000267028809,8.880000114440918,8.479999542236328,8.880000114440918,8.880000114440918,191200
2014-08-05,8.880000114440918,8.880000114440918,8.640000343322754,8.760000228881836,8.760000228881836,50050
2014-08-06,8.800000190734863,8.880000114440918,8.5600004196167,8.680000305175781,8.680000305175781,127950
2014-08-07,8.680000305175781,8.800000190734863,8.640000343322754,8.680000305175781,8.680000305175781,61612
2014-08-08,8.640000343322754,8.800000190734863,8.640000343322754,8.640000343322754,8.640000343322754,88900
2014-08-11,8.640000343322754,8.84000015258789,8.520000457763672,8.800000190734863,8.800000190734863,201325
2014-08-12,8.680000305175781,8.960000038146973,8.680000305175781,8.760000228881836,8.760000228881836,75312
2014-08-13,8.760000228881836,9.319999694824219,8.720000267028809,8.960000038146973,8.960000038146973,596612
2014-08-14,8.960000038146973,9.119999885559082,8.720000267028809,8.84000015258789,8.84000015258789,263594
2014-08-15,9.0,9.239999771118164,8.880000114440918,9.039999961853027,9.039999961853027,498164
2014-08-18,9.0,9.15999984741211,8.960000038146973,8.960000038146973,8.960000038146973,81888
2014-08-19,9.0,9.079999923706055,8.84000015258789,8.960000038146973,8.960000038146973,170125
2014-08-20,9.119999885559082,10.600000381469727,8.880000114440918,10.399999618530273,10.399999618530273,1939062
2014-08-21,10.600000381469727,10.600000381469727,9.760000228881836,10.0,10.0,1262490
2014-08-22,10.0,10.399999618530273,9.920000076293945,9.960000038146973,9.960000038146973,694905
2014-08-25,9.800000190734863,10.0,9.359999656677246,9.4399995803833,9.4399995803833,444350
2014-08-26,9.4399995803833,9.4399995803833,9.119999885559082,9.239999771118164,9.239999771118164,447900
2014-08-27,9.199999809265137,9.520000457763672,9.199999809265137,9.279999732971191,9.279999732971191,133012
2014-08-28,9.199999809265137,9.4399995803833,9.079999923706055,9.119999885559082,9.119999885559082,355764
2014-08-29,9.119999885559082,9.199999809265137,9.0,9.0,9.0,130600
2014-09-01,8.960000038146973,9.119999885559082,8.920000076293945,8.920000076293945,8.920000076293945,77285
2014-09-02,8.920000076293945,9.199999809265137,8.920000076293945,9.0,9.0,115600
2014-09-03,9.119999885559082,9.199999809265137,9.039999961853027,9.079999923706055,9.079999923706055,106887
2014-09-04,9.079999923706055,9.079999923706055,9.079999923706055,9.079999923706055,9.079999923706055,0
2014-09-05,9.079999923706055,9.079999923706055,9.079999923706055,9.079999923706055,9.079999923706055,0
2014-09-08,9.079999923706055,9.079999923706055,9.079999923706055,9.079999923706055,9.079999923706055,0
2014-09-10,9.079999923706055,9.079999923706055,9.079999923706055,9.079999923706055,9.079999923706055,0
2014-09-11,9.079999923706055,9.079999923706055,9.079999923706055,9.079999923706055,9.079999923706055,0
2014-09-12,9.079999923706055,9.079999923706055,9.079999923706055,9.079999923706055,9.079999923706055,0
2014-09-15,9.079999923706055,9.079999923706055,9.079999923706055,9.079999923706055,9.079999923706055,0
2014-09-16,9.079999923706055,9.079999923706055,9.079999923706055,9.079999923706055,9.079999923706055,0
2014-09-17,9.079999923706055,9.079999923706055,9.079999923706055,9.079999923706055,9.079999923706055,0
2014-09-18,9.079999923706055,9.079999923706055,9.079999923706055,9.079999923706055,9.079999923706055,0
2014-09-19,9.079999923706055,9.079999923706055,9.079999923706055,9.079999923706055,9.079999923706055,0
2014-09-22,8.960000038146973,9.039999961853027,7.400000095367432,7.440000057220459,7.440000057220459,2079517
2014-09-23,7.360000133514404,8.079999923706055,7.360000133514404,7.760000228881836,7.760000228881836,1267380
2014-09-24,7.679999828338623,7.800000190734863,7.480000019073486,7.599999904632568,7.599999904632568,276605
2014-09-25,7.599999904632568,7.760000228881836,7.400000095367432,7.480000019073486,7.480000019073486,467812
2014-09-26,7.480000019073486,7.519999980926514,7.079999923706055,7.119999885559082,7.119999885559082,495604
2014-09-29,7.079999923706055,7.199999809265137,6.800000190734863,6.880000114440918,6.880000114440918,376872
2014-09-30,6.559999942779541,7.0,6.519999980926514,6.760000228881836,6.760000228881836,202156
2014-10-03,6.559999942779541,7.119999885559082,6.559999942779541,6.880000114440918,6.880000114440918,179162
2014-10-06,6.880000114440918,7.239999771118164,6.760000228881836,7.119999885559082,7.119999885559082,165068
2014-10-07,7.119999885559082,7.159999847412109,6.920000076293945,7.0,7.0,172126
2014-10-08,7.0,7.039999961853027,6.880000114440918,7.0,7.0,78050
2014-10-09,7.0,7.0,6.800000190734863,6.920000076293945,6.920000076293945,144827
2014-10-10,6.800000190734863,7.0,6.800000190734863,6.880000114440918,6.880000114440918,117449
2014-10-13,6.559999942779541,7.199999809265137,6.559999942779541,6.960000038146973,6.960000038146973,88151
2014-10-14,7.039999961853027,7.119999885559082,6.639999866485596,6.800000190734863,6.800000190734863,87310
2014-10-15,6.800000190734863,7.0,6.599999904632568,6.880000114440918,6.880000114440918,98925
2014-10-16,6.800000190734863,6.880000114440918,6.599999904632568,6.71999979019165,6.71999979019165,67650
2014-10-17,6.71999979019165,6.880000114440918,6.599999904632568,6.679999828338623,6.679999828338623,116750
2014-10-20,6.679999828338623,6.800000190734863,6.639999866485596,6.71999979019165,6.71999979019165,97287
2014-10-21,6.679999828338623,6.800000190734863,6.599999904632568,6.71999979019165,6.71999979019165,83875
2014-10-22,6.760000228881836,6.800000190734863,6.599999904632568,6.639999866485596,6.639999866485596,77400
2014-10-23,6.599999904632568,6.679999828338623,6.320000171661377,6.480000019073486,6.480000019073486,280003
2014-10-24,6.400000095367432,6.599999904632568,6.400000095367432,6.440000057220459,6.440000057220459,103757
2014-10-27,6.360000133514404,6.400000095367432,6.28000020980835,6.320000171661377,6.320000171661377,97964
2014-10-28,6.199999809265137,6.519999980926514,6.199999809265137,6.360000133514404,6.360000133514404,141287
2014-10-29,6.360000133514404,6.559999942779541,6.320000171661377,6.519999980926514,6.519999980926514,153010
2014-10-30,6.559999942779541,6.760000228881836,6.320000171661377,6.71999979019165,6.71999979019165,191950
2014-10-31,6.71999979019165,6.880000114440918,6.559999942779541,6.840000152587891,6.840000152587891,220375
2014-11-03,6.840000152587891,6.840000152587891,6.679999828338623,6.840000152587891,6.840000152587891,196000
2014-11-04,6.639999866485596,7.199999809265137,6.639999866485596,7.079999923706055,7.079999923706055,201866
2014-11-05,7.0,7.0,6.800000190734863,6.800000190734863,6.800000190734863,128650
2014-11-06,6.800000190734863,6.920000076293945,6.760000228881836,6.760000228881836,6.760000228881836,63975
2014-11-07,6.679999828338623,6.880000114440918,6.440000057220459,6.519999980926514,6.519999980926514,195775
2014-11-10,6.599999904632568,6.800000190734863,6.599999904632568,6.679999828338623,6.679999828338623,207650
2014-11-11,6.639999866485596,6.800000190734863,6.639999866485596,6.639999866485596,6.639999866485596,222208
2014-11-12,6.599999904632568,6.960000038146973,6.599999904632568,6.920000076293945,6.920000076293945,338831
2014-11-13,6.0,7.599999904632568,6.0,6.599999904632568,6.599999904632568,235025
2014-11-14,6.599999904632568,6.599999904632568,6.0,6.400000095367432,6.400000095367432,469886
2014-11-17,6.099999904632568,6.599999904632568,6.099999904632568,6.400000095367432,6.400000095367432,303656
2014-11-18,6.400000095367432,6.300000190734863,6.099999904632568,6.199999809265137,6.199999809265137,72100
2014-11-19,5.800000190734863,6.5,5.800000190734863,6.199999809265137,6.199999809265137,217296
2014-11-20,6.099999904632568,6.900000095367432,6.099999904632568,6.599999904632568,6.599999904632568,635573
2014-11-21,6.199999809265137,6.599999904632568,6.199999809265137,6.300000190734863,6.300000190734863,100811
2014-11-24,6.199999809265137,6.599999904632568,6.199999809265137,6.300000190734863,6.300000190734863,190875
2014-11-25,6.300000190734863,6.5,6.300000190734863,6.5,6.5,79509
2014-11-26,6.300000190734863,6.5,6.300000190734863,6.400000095367432,6.400000095367432,88405
2014-11-27,6.300000190734863,6.5,5.900000095367432,6.0,6.0,148900
2014-11-28,5.900000095367432,6.099999904632568,5.900000095367432,5.900000095367432,5.900000095367432,137315
2014-12-01,6.099999904632568,6.099999904632568,5.800000190734863,5.900000095367432,5.900000095367432,68550
2014-12-02,5.800000190734863,5.900000095367432,5.699999809265137,5.699999809265137,5.699999809265137,110875
2014-12-03,5.699999809265137,5.699999809265137,5.599999904632568,5.699999809265137,5.699999809265137,81181
2014-12-04,5.599999904632568,6.0,5.599999904632568,5.800000190734863,5.800000190734863,61112
2014-12-05,5.699999809265137,5.900000095367432,5.599999904632568,5.599999904632568,5.599999904632568,199562
2014-12-08,5.599999904632568,5.599999904632568,5.099999904632568,5.300000190734863,5.300000190734863,200212
2014-12-09,5.099999904632568,5.099999904632568,4.75,4.800000190734863,4.800000190734863,180287
2014-12-10,5.0,5.099999904632568,4.550000190734863,4.599999904632568,4.599999904632568,204225
2014-12-11,4.800000190734863,4.800000190734863,4.400000095367432,4.5,4.5,273298
2014-12-12,4.400000095367432,4.699999809265137,4.099999904632568,4.300000190734863,4.300000190734863,336025
2014-12-15,4.099999904632568,4.550000190734863,3.9000000953674316,4.349999904632568,4.349999904632568,284606
2014-12-16,4.0,4.400000095367432,4.0,4.25,4.25,65666
2014-12-17,4.300000190734863,4.400000095367432,4.099999904632568,4.150000095367432,4.150000095367432,100075
2014-12-18,4.5,4.599999904632568,4.300000190734863,4.300000190734863,4.300000190734863,87333
2014-12-19,4.650000095367432,4.650000095367432,4.050000190734863,4.099999904632568,4.099999904632568,78877
2014-12-22,4.099999904632568,4.199999809265137,3.9000000953674316,4.0,4.0,97473
2014-12-23,4.0,4.150000095367432,3.950000047683716,4.099999904632568,4.099999904632568,96782
2014-12-24,3.950000047683716,4.099999904632568,3.9000000953674316,4.099999904632568,4.099999904632568,7687
2014-12-29,4.0,4.099999904632568,3.9000000953674316,4.099999904632568,4.099999904632568,27732
2014-12-30,4.199999809265137,4.199999809265137,3.799999952316284,3.9000000953674316,3.9000000953674316,58961
2014-12-31,3.9000000953674316,4.050000190734863,3.9000000953674316,4.0,4.0,8825
2015-01-02,3.9000000953674316,4.099999904632568,3.9000000953674316,3.950000047683716,3.950000047683716,54175
2015-01-05,3.9000000953674316,4.150000095367432,3.8499999046325684,4.150000095367432,4.150000095367432,195130
2015-01-06,4.199999809265137,4.699999809265137,4.0,4.599999904632568,4.599999904632568,213950
2015-01-07,4.650000095367432,4.849999904632568,4.550000190734863,4.75,4.75,262563
2015-01-08,4.75,4.75,4.449999809265137,4.699999809265137,4.699999809265137,122162
2015-01-09,4.599999904632568,4.599999904632568,4.400000095367432,4.599999904632568,4.599999904632568,72375
2015-01-12,4.400000095367432,4.400000095367432,4.25,4.25,4.25,66618
2015-01-13,4.25,4.449999809265137,4.25,4.349999904632568,4.349999904632568,68325
2015-01-14,4.5,4.5,4.099999904632568,4.300000190734863,4.300000190734863,137884
2015-01-15,4.150000095367432,4.300000190734863,4.099999904632568,4.300000190734863,4.300000190734863,53580
2015-01-16,4.099999904632568,4.199999809265137,4.050000190734863,4.199999809265137,4.199999809265137,40619
2015-01-19,4.0,4.199999809265137,4.0,4.099999904632568,4.099999904632568,13500
2015-01-20,4.0,4.199999809265137,4.0,4.199999809265137,4.199999809265137,24800
2015-01-21,4.150000095367432,4.150000095367432,3.950000047683716,4.099999904632568,4.099999904632568,105625
2015-01-22,4.0,4.199999809265137,3.950000047683716,4.099999904632568,4.099999904632568,55147
2015-01-23,4.0,4.050000190734863,4.0,4.0,4.0,36942
2015-01-26,3.9000000953674316,4.0,3.9000000953674316,4.0,4.0,36775
2015-01-27,3.950000047683716,4.150000095367432,3.950000047683716,4.050000190734863,4.050000190734863,49025
2015-01-28,4.0,4.050000190734863,3.9000000953674316,3.950000047683716,3.950000047683716,60409
2015-01-29,3.9000000953674316,4.0,3.8499999046325684,3.9000000953674316,3.9000000953674316,123375
2015-01-30,3.9000000953674316,4.050000190734863,3.8499999046325684,4.050000190734863,4.050000190734863,97917
2015-02-02,4.199999809265137,4.199999809265137,3.9000000953674316,4.0,4.0,36150
2015-02-03,3.950000047683716,3.950000047683716,3.700000047683716,3.9000000953674316,3.9000000953674316,133925
2015-02-04,4.0,4.199999809265137,3.799999952316284,3.9000000953674316,3.9000000953674316,241922
2015-02-05,3.799999952316284,3.9000000953674316,3.75,3.799999952316284,3.799999952316284,52185
2015-02-06,3.700000047683716,3.9000000953674316,3.700000047683716,3.799999952316284,3.799999952316284,77399
2015-02-09,3.75,3.75,3.5999999046325684,3.6500000953674316,3.6500000953674316,109650
2015-02-10,3.700000047683716,3.700000047683716,3.549999952316284,3.5999999046325684,3.5999999046325684,116434
2015-02-11,3.5,3.549999952316284,3.450000047683716,3.5,3.5,191945
2015-02-12,3.450000047683716,3.5999999046325684,3.4000000953674316,3.5,3.5,79555
2015-02-13,3.5,3.5999999046325684,3.4000000953674316,3.549999952316284,3.549999952316284,46975
2015-02-16,3.700000047683716,3.700000047683716,3.450000047683716,3.5999999046325684,3.5999999046325684,14150
2015-02-17,3.5,3.700000047683716,3.5,3.5,3.5,64600
2015-02-18,3.450000047683716,3.549999952316284,3.450000047683716,3.549999952316284,3.549999952316284,10425
2015-02-23,3.549999952316284,3.549999952316284,3.450000047683716,3.5,3.5,54000
2015-02-24,3.5,3.5,3.4000000953674316,3.5,3.5,25710
2015-02-25,3.450000047683716,3.5,3.4000000953674316,3.5,3.5,36150
2015-02-26,3.5999999046325684,4.0,3.549999952316284,3.700000047683716,3.700000047683716,322208
2015-02-27,3.8499999046325684,3.8499999046325684,3.5999999046325684,3.8499999046325684,3.8499999046325684,105729
2015-03-02,3.700000047683716,3.799999952316284,3.700000047683716,3.700000047683716,3.700000047683716,26212
2015-03-03,3.5999999046325684,3.700000047683716,3.5999999046325684,3.700000047683716,3.700000047683716,31125
2015-03-04,3.5999999046325684,3.9000000953674316,3.5999999046325684,3.799999952316284,3.799999952316284,222202
2015-03-05,3.799999952316284,4.5,3.700000047683716,4.400000095367432,4.400000095367432,1374605
2015-03-06,4.400000095367432,4.5,4.199999809265137,4.25,4.25,437250
2015-03-09,4.25,4.349999904632568,3.950000047683716,4.050000190734863,4.050000190734863,258375
2015-03-10,4.150000095367432,4.150000095367432,3.6500000953674316,3.8499999046325684,3.8499999046325684,413725
2015-03-11,3.799999952316284,4.0,3.6500000953674316,3.75,3.75,240405
2015-03-12,3.75,4.0,3.6500000953674316,3.799999952316284,3.799999952316284,230537
2015-03-13,3.700000047683716,3.75,3.549999952316284,3.700000047683716,3.700000047683716,350147
2015-03-16,3.700000047683716,3.75,3.3499999046325684,3.549999952316284,3.549999952316284,459993
2015-03-17,3.5999999046325684,3.5999999046325684,3.200000047683716,3.299999952316284,3.299999952316284,645275
2015-03-18,3.3499999046325684,3.3499999046325684,3.1500000953674316,3.200000047683716,3.200000047683716,534999
2015-03-19,3.200000047683716,3.299999952316284,3.049999952316284,3.299999952316284,3.299999952316284,679713
2015-03-20,3.299999952316284,3.6500000953674316,3.25,3.3499999046325684,3.3499999046325684,1269737
2015-03-23,3.5,3.5,3.25,3.3499999046325684,3.3499999046325684,235800
2015-03-24,3.299999952316284,3.450000047683716,3.299999952316284,3.299999952316284,3.299999952316284,175526
2015-03-25,3.299999952316284,3.5,3.299999952316284,3.450000047683716,3.450000047683716,406608
2015-03-26,3.450000047683716,3.450000047683716,3.3499999046325684,3.4000000953674316,3.4000000953674316,137687
2015-03-27,3.3499999046325684,3.4000000953674316,3.3499999046325684,3.4000000953674316,3.4000000953674316,74300
2015-03-30,3.4000000953674316,3.450000047683716,3.3499999046325684,3.4000000953674316,3.4000000953674316,258500
2015-03-31,3.4000000953674316,3.450000047683716,3.3499999046325684,3.4000000953674316,3.4000000953674316,170925
2015-04-01,3.4000000953674316,3.4000000953674316,3.3499999046325684,3.3499999046325684,3.3499999046325684,195436
2015-04-02,3.3499999046325684,3.4000000953674316,3.299999952316284,3.3499999046325684,3.3499999046325684,281177
2015-04-08,3.450000047683716,3.5999999046325684,3.3499999046325684,3.5999999046325684,3.5999999046325684,953210
2015-04-09,3.700000047683716,4.099999904632568,3.6500000953674316,3.9000000953674316,3.9000000953674316,1480216
2015-04-10,4.0,4.150000095367432,3.9000000953674316,4.0,4.0,916224
2015-04-13,4.050000190734863,4.5,4.0,4.400000095367432,4.400000095367432,1612153
2015-04-14,4.400000095367432,5.300000190734863,4.400000095367432,5.099999904632568,5.099999904632568,2245118
2015-04-15,5.199999809265137,5.699999809265137,5.199999809265137,5.400000095367432,5.400000095367432,1535975
2015-04-16,5.5,5.800000190734863,5.199999809265137,5.300000190734863,5.300000190734863,814174
2015-04-17,5.300000190734863,5.5,4.699999809265137,4.900000095367432,4.900000095367432,1036227
2015-04-20,4.599999904632568,4.800000190734863,4.550000190734863,4.599999904632568,4.599999904632568,698637
2015-04-21,4.599999904632568,5.099999904632568,4.599999904632568,4.800000190734863,4.800000190734863,808165
2015-04-22,4.800000190734863,5.0,4.800000190734863,4.900000095367432,4.900000095367432,446250
2015-04-23,5.0,5.0,4.599999904632568,4.849999904632568,4.849999904632568,562800
2015-04-24,4.800000190734863,5.300000190734863,4.650000095367432,4.800000190734863,4.800000190734863,2287629
2015-04-27,4.849999904632568,5.099999904632568,4.800000190734863,4.949999809265137,4.949999809265137,907824
2015-04-28,5.0,5.300000190734863,4.900000095367432,5.300000190734863,5.300000190734863,911392
2015-04-29,5.400000095367432,5.599999904632568,5.199999809265137,5.199999809265137,5.199999809265137,675016
2015-04-30,5.0,5.5,5.0,5.300000190734863,5.300000190734863,312422
2015-05-04,5.199999809265137,5.300000190734863,4.900000095367432,5.0,5.0,1372409
2015-05-05,5.0,5.099999904632568,4.800000190734863,4.900000095367432,4.900000095367432,395797
2015-05-06,4.800000190734863,5.199999809265137,4.800000190734863,5.0,5.0,347050
2015-05-07,5.0,5.099999904632568,4.800000190734863,4.849999904632568,4.849999904632568,205087
2015-05-08,4.800000190734863,4.949999809265137,4.800000190734863,4.900000095367432,4.900000095367432,224695
2015-05-11,5.099999904632568,5.300000190734863,4.949999809265137,5.0,5.0,475050
2015-05-12,4.900000095367432,4.900000095367432,4.800000190734863,4.800000190734863,4.800000190734863,596262
2015-05-13,4.75,4.800000190734863,4.650000095367432,4.699999809265137,4.699999809265137,292637
2015-05-14,4.599999904632568,4.699999809265137,4.550000190734863,4.650000095367432,4.650000095367432,158037
2015-05-15,4.599999904632568,4.849999904632568,4.599999904632568,4.849999904632568,4.849999904632568,150608
2015-05-18,5.0,5.5,4.849999904632568,5.400000095367432,5.400000095367432,1567618
2015-05-19,5.599999904632568,5.900000095367432,5.400000095367432,5.699999809265137,5.699999809265137,1974987
2015-05-20,5.699999809265137,5.800000190734863,5.300000190734863,5.5,5.5,419615
2015-05-21,5.400000095367432,5.5,5.300000190734863,5.400000095367432,5.400000095367432,314342
2015-05-22,5.5,6.099999904632568,5.5,6.0,6.0,2788896
2015-05-26,6.099999904632568,6.400000095367432,5.599999904632568,5.699999809265137,5.699999809265137,1237580
2015-05-27,5.699999809265137,6.400000095367432,5.599999904632568,5.900000095367432,5.900000095367432,1116725
2015-05-28,5.900000095367432,6.099999904632568,5.699999809265137,5.699999809265137,5.699999809265137,729600
2015-05-29,5.800000190734863,5.900000095367432,5.599999904632568,5.599999904632568,5.599999904632568,864175
2015-06-01,5.699999809265137,5.800000190734863,5.599999904632568,5.699999809265137,5.699999809265137,243600
2015-06-02,5.699999809265137,5.699999809265137,5.400000095367432,5.5,5.5,584925
2015-06-03,5.5,5.699999809265137,5.400000095367432,5.599999904632568,5.599999904632568,606312
2015-06-04,5.599999904632568,5.599999904632568,5.400000095367432,5.599999904632568,5.599999904632568,276960
2015-06-05,5.400000095367432,5.599999904632568,5.400000095367432,5.400000095367432,5.400000095367432,193525
2015-06-08,5.300000190734863,5.599999904632568,5.300000190734863,5.5,5.5,444900
2015-06-09,5.599999904632568,6.0,5.400000095367432,5.5,5.5,953643
2015-06-10,5.599999904632568,5.599999904632568,5.099999904632568,5.300000190734863,5.300000190734863,347555
2015-06-11,5.300000190734863,5.5,5.099999904632568,5.300000190734863,5.300000190734863,177100
2015-06-12,5.300000190734863,5.5,5.300000190734863,5.400000095367432,5.400000095367432,354000
2015-06-15,5.400000095367432,5.5,5.300000190734863,5.300000190734863,5.300000190734863,245375
2015-06-16,5.300000190734863,5.400000095367432,5.099999904632568,5.300000190734863,5.300000190734863,116875
2015-06-17,5.300000190734863,5.300000190734863,5.0,5.099999904632568,5.099999904632568,237150
2015-06-18,5.0,5.199999809265137,5.0,5.099999904632568,5.099999904632568,93800
2015-06-19,5.099999904632568,5.099999904632568,4.849999904632568,4.900000095367432,4.900000095367432,451605
2015-06-22,4.900000095367432,4.949999809265137,4.5,4.550000190734863,4.550000190734863,731513
2015-06-23,4.550000190734863,4.849999904632568,4.400000095367432,4.75,4.75,224775
2015-06-24,4.800000190734863,4.800000190734863,4.550000190734863,4.75,4.75,177490
2015-06-25,4.75,4.75,4.550000190734863,4.650000095367432,4.650000095367432,78225
2015-06-26,4.550000190734863,4.650000095367432,4.449999809265137,4.5,4.5,293917
2015-06-29,4.5,4.599999904632568,4.400000095367432,4.5,4.5,568725
2015-06-30,4.449999809265137,4.5,4.300000190734863,4.449999809265137,4.449999809265137,273400
2015-07-02,4.449999809265137,4.449999809265137,4.199999809265137,4.199999809265137,4.199999809265137,289800
2015-07-03,4.150000095367432,4.150000095367432,3.700000047683716,3.8499999046325684,3.8499999046325684,491975
2015-07-06,3.9000000953674316,4.199999809265137,3.0,3.200000047683716,3.200000047683716,618442
2015-07-07,3.200000047683716,3.5,3.0,3.0,3.0,314800
2015-07-08,3.0,3.0,2.4000000953674316,2.5,2.5,943775
2015-07-09,2.4000000953674316,3.3499999046325684,2.4000000953674316,3.049999952316284,3.049999952316284,426100
2015-07-10,3.3499999046325684,3.5,3.1500000953674316,3.25,3.25,480490
2015-07-13,3.299999952316284,3.6500000953674316,3.200000047683716,3.5,3.5,582825
2015-07-14,3.4000000953674316,3.700000047683716,3.3499999046325684,3.4000000953674316,3.4000000953674316,240450
2015-07-15,3.450000047683716,3.75,3.450000047683716,3.5999999046325684,3.5999999046325684,409200
2015-07-16,3.6500000953674316,3.6500000953674316,3.450000047683716,3.450000047683716,3.450000047683716,144175
2015-07-17,3.4000000953674316,3.549999952316284,3.4000000953674316,3.450000047683716,3.450000047683716,190787
2015-07-20,3.450000047683716,3.549999952316284,3.299999952316284,3.3499999046325684,3.3499999046325684,120212
2015-07-21,3.299999952316284,3.75,3.299999952316284,3.5,3.5,294600
2015-07-22,3.5,3.5,3.3499999046325684,3.450000047683716,3.450000047683716,110362
2015-07-23,3.4000000953674316,3.5,3.4000000953674316,3.4000000953674316,3.4000000953674316,43975
2015-07-24,3.4000000953674316,3.4000000953674316,3.299999952316284,3.299999952316284,3.299999952316284,156389
2015-07-27,3.25,3.25,3.049999952316284,3.0999999046325684,3.0999999046325684,138010
2015-07-28,3.0999999046325684,3.200000047683716,3.0,3.0999999046325684,3.0999999046325684,166260
2015-07-29,3.0999999046325684,3.200000047683716,3.0,3.0,3.0,252435
2015-07-30,3.049999952316284,3.1500000953674316,3.0,3.0,3.0,110600
2015-07-31,3.0,3.0999999046325684,3.0,3.0,3.0,127910
2015-08-03,2.9000000953674316,3.0,2.9000000953674316,2.950000047683716,2.950000047683716,41850
2015-08-04,2.9000000953674316,3.049999952316284,2.9000000953674316,3.0,3.0,96350
2015-08-05,3.1500000953674316,3.299999952316284,3.049999952316284,3.200000047683716,3.200000047683716,178550
2015-08-06,3.1500000953674316,3.0999999046325684,3.0,3.049999952316284,3.049999952316284,124200
2015-08-07,3.0,3.1500000953674316,3.0,3.0999999046325684,3.0999999046325684,129900
2015-08-10,3.299999952316284,3.299999952316284,3.049999952316284,3.1500000953674316,3.1500000953674316,132500
2015-08-11,3.0999999046325684,3.25,3.049999952316284,3.049999952316284,3.049999952316284,134050
2015-08-12,3.0,3.0999999046325684,2.950000047683716,3.0,3.0,137850
2015-08-13,2.950000047683716,3.049999952316284,2.950000047683716,3.0,3.0,35025
2015-08-14,3.0,3.0999999046325684,2.950000047683716,3.0,3.0,19402
2015-08-17,2.9000000953674316,3.0999999046325684,2.9000000953674316,2.950000047683716,2.950000047683716,111050
2015-08-18,3.0,3.0,2.9000000953674316,2.9000000953674316,2.9000000953674316,104975
2015-08-19,2.799999952316284,3.049999952316284,2.700000047683716,2.799999952316284,2.799999952316284,25812
2015-08-20,2.700000047683716,2.799999952316284,2.700000047683716,2.799999952316284,2.799999952316284,48300
2015-08-21,2.700000047683716,2.75,2.5999999046325684,2.700000047683716,2.700000047683716,123027
2015-08-24,2.5,2.6500000953674316,2.4000000953674316,2.5,2.5,137150
2015-08-25,2.5,2.5,2.299999952316284,2.430000066757202,2.430000066757202,166712
2015-08-26,2.4000000953674316,2.5,2.390000104904175,2.430000066757202,2.430000066757202,92800
2015-08-27,2.5999999046325684,2.5999999046325684,2.4000000953674316,2.5,2.5,220575
2015-08-28,2.5999999046325684,2.75,2.549999952316284,2.549999952316284,2.549999952316284,73050
2015-08-31,2.5999999046325684,2.5999999046325684,2.5,2.5,2.5,74875
2015-09-01,2.5,2.5999999046325684,2.450000047683716,2.5999999046325684,2.5999999046325684,32350
2015-09-02,2.4600000381469727,2.549999952316284,2.4000000953674316,2.490000009536743,2.490000009536743,50750
2015-09-04,2.799999952316284,2.799999952316284,2.299999952316284,2.4700000286102295,2.4700000286102295,4350
2015-09-07,2.5999999046325684,2.5999999046325684,2.4000000953674316,2.490000009536743,2.490000009536743,44700
2015-09-08,2.5999999046325684,2.5999999046325684,2.380000114440918,2.490000009536743,2.490000009536743,175425
2015-09-09,2.5999999046325684,2.700000047683716,2.4800000190734863,2.5,2.5,217150
2015-09-10,2.5999999046325684,2.5999999046325684,2.490000009536743,2.5,2.5,142200
2015-09-11,2.6500000953674316,2.6500000953674316,2.5,2.5,2.5,54900
2015-09-14,2.5,2.549999952316284,2.440000057220459,2.5,2.5,44940
2015-09-15,2.5,2.6500000953674316,2.4800000190734863,2.549999952316284,2.549999952316284,49507
2015-09-16,2.549999952316284,2.549999952316284,2.4800000190734863,2.5,2.5,180200
2015-09-17,2.3499999046325684,2.4800000190734863,2.3499999046325684,2.4700000286102295,2.4700000286102295,24512
2015-09-18,2.5,2.5,2.440000057220459,2.4600000381469727,2.4600000381469727,32313
2015-09-21,2.309999942779541,2.490000009536743,2.309999942779541,2.4700000286102295,2.4700000286102295,63708
2015-09-22,2.4700000286102295,2.4700000286102295,2.4700000286102295,2.4700000286102295,2.4700000286102295,3250
2015-09-23,2.450000047683716,2.4700000286102295,2.3299999237060547,2.4700000286102295,2.4700000286102295,92750
2015-09-24,2.4700000286102295,2.4700000286102295,2.3499999046325684,2.4600000381469727,2.4600000381469727,14705
2015-09-25,2.359999895095825,2.4000000953674316,2.3499999046325684,2.390000104904175,2.390000104904175,41400
2015-09-29,2.309999942779541,2.440000057220459,2.299999952316284,2.3399999141693115,2.3399999141693115,27975
2015-09-30,2.4000000953674316,2.4000000953674316,2.2100000381469727,2.380000114440918,2.380000114440918,75350
2015-10-02,2.4800000190734863,2.4800000190734863,2.299999952316284,2.309999942779541,2.309999942779541,73900
2015-10-05,2.309999942779541,2.3499999046325684,2.259999990463257,2.2699999809265137,2.2699999809265137,40425
2015-10-06,2.2799999713897705,2.299999952316284,2.259999990463257,2.2699999809265137,2.2699999809265137,23775
2015-10-07,2.2200000286102295,2.369999885559082,2.2200000286102295,2.359999895095825,2.359999895095825,89627
2015-10-08,2.2799999713897705,2.4200000762939453,2.2799999713897705,2.380000114440918,2.380000114440918,105087
2015-10-09,2.240000009536743,2.440000057220459,2.240000009536743,2.4000000953674316,2.4000000953674316,290800
2015-10-12,2.380000114440918,2.380000114440918,2.2899999618530273,2.309999942779541,2.309999942779541,38912
2015-10-13,2.2300000190734863,2.3499999046325684,2.2300000190734863,2.3499999046325684,2.3499999046325684,22900
2015-10-14,2.3499999046325684,2.3499999046325684,2.240000009536743,2.299999952316284,2.299999952316284,44975
2015-10-15,2.3399999141693115,2.3399999141693115,2.259999990463257,2.3399999141693115,2.3399999141693115,74425
2015-10-16,2.2699999809265137,2.3399999141693115,2.2699999809265137,2.309999942779541,2.309999942779541,35050
2015-10-19,2.259999990463257,2.299999952316284,2.259999990463257,2.2799999713897705,2.2799999713897705,45025
2015-10-20,2.2300000190734863,2.319999933242798,2.2300000190734863,2.299999952316284,2.299999952316284,14450
2015-10-22,2.2799999713897705,2.299999952316284,2.25,2.259999990463257,2.259999990463257,46525
2015-10-23,2.359999895095825,2.369999885559082,2.2899999618530273,2.299999952316284,2.299999952316284,250225
2015-10-26,2.3399999141693115,2.3499999046325684,2.259999990463257,2.259999990463257,2.259999990463257,73650
2015-10-27,2.3299999237060547,2.3299999237060547,2.25,2.259999990463257,2.259999990463257,18500
2015-10-28,2.25,2.259999990463257,2.2200000286102295,2.2300000190734863,2.2300000190734863,44400
2015-10-29,2.369999885559082,2.369999885559082,2.2699999809265137,2.2899999618530273,2.2899999618530273,192750
2015-10-30,2.2200000286102295,2.299999952316284,2.2200000286102295,2.2899999618530273,2.2899999618530273,96129
2015-11-02,2.2799999713897705,2.299999952316284,2.240000009536743,2.25,2.25,222050
2015-11-03,2.200000047683716,2.299999952316284,2.200000047683716,2.299999952316284,2.299999952316284,32205
2015-11-04,2.2200000286102295,2.299999952316284,2.2200000286102295,2.240000009536743,2.240000009536743,43235
2015-11-05,2.240000009536743,2.2899999618530273,2.2300000190734863,2.25,2.25,87525
2015-11-06,2.0999999046325684,2.3399999141693115,2.0999999046325684,2.25,2.25,36287
2015-11-09,2.2799999713897705,2.2799999713897705,2.2100000381469727,2.240000009536743,2.240000009536743,143237
2015-11-10,2.240000009536743,2.2899999618530273,2.200000047683716,2.2200000286102295,2.2200000286102295,176918
2015-11-11,2.2200000286102295,2.259999990463257,2.1600000858306885,2.180000066757202,2.180000066757202,72337
2015-11-12,2.180000066757202,2.2100000381469727,2.1600000858306885,2.1600000858306885,2.1600000858306885,107850
2015-11-13,2.109999895095825,2.190000057220459,2.109999895095825,2.180000066757202,2.180000066757202,55200
2015-11-16,2.119999885559082,2.119999885559082,2.109999895095825,2.119999885559082,2.119999885559082,14568
2015-11-17,2.180000066757202,2.180000066757202,2.0999999046325684,2.0999999046325684,2.0999999046325684,72035
2015-11-18,2.1700000762939453,2.1700000762939453,2.069999933242798,2.0799999237060547,2.0799999237060547,44850
2015-11-19,2.0799999237060547,2.109999895095825,2.069999933242798,2.0899999141693115,2.0899999141693115,319225
2015-11-20,2.1500000953674316,2.1500000953674316,2.059999942779541,2.0899999141693115,2.0899999141693115,57502
2015-11-23,2.0299999713897705,2.0999999046325684,2.0199999809265137,2.0799999237060547,2.0799999237060547,238387
2015-11-24,2.0199999809265137,2.0899999141693115,2.0199999809265137,2.0199999809265137,2.0199999809265137,122012
2015-11-25,2.009999990463257,2.0299999713897705,1.9500000476837158,2.0299999713897705,2.0299999713897705,45628
2015-11-26,2.0299999713897705,2.0399999618530273,1.9800000190734863,2.0399999618530273,2.0399999618530273,167000
2015-11-27,2.0,2.059999942779541,1.9800000190734863,1.9900000095367432,1.9900000095367432,18803
2015-11-30,2.1600000858306885,2.1600000858306885,2.0,2.059999942779541,2.059999942779541,63487
2015-12-01,2.059999942779541,2.200000047683716,2.0,2.0299999713897705,2.0299999713897705,120943
2015-12-02,2.0399999618530273,2.109999895095825,1.9800000190734863,2.0,2.0,197050
2015-12-03,2.0,2.0,1.9800000190734863,1.9800000190734863,1.9800000190734863,22512
2015-12-04,1.9800000190734863,1.9900000095367432,1.9700000286102295,1.9700000286102295,1.9700000286102295,12353
2015-12-07,2.009999990463257,2.0199999809265137,2.0,2.0,2.0,5450
2015-12-08,2.0,2.0,1.9500000476837158,1.9500000476837158,1.9500000476837158,26105
2015-12-09,1.899999976158142,1.9500000476837158,1.8600000143051147,1.8700000047683716,1.8700000047683716,55100
2015-12-10,1.9299999475479126,1.9600000381469727,1.899999976158142,1.940000057220459,1.940000057220459,25125
2015-12-11,1.8700000047683716,1.940000057220459,1.8600000143051147,1.940000057220459,1.940000057220459,56467
2015-12-14,1.8600000143051147,1.8799999952316284,1.850000023841858,1.8700000047683716,1.8700000047683716,17675
2015-12-15,1.8700000047683716,1.8799999952316284,1.809999942779541,1.850000023841858,1.850000023841858,34967
2015-12-16,1.809999942779541,1.8700000047683716,1.7000000476837158,1.7699999809265137,1.7699999809265137,154484
2015-12-17,1.75,1.75,1.6399999856948853,1.659999966621399,1.659999966621399,193757
2015-12-18,1.6200000047683716,1.6799999475479126,1.6200000047683716,1.659999966621399,1.659999966621399,116900
2015-12-21,1.5700000524520874,1.7100000381469727,1.5700000524520874,1.649999976158142,1.649999976158142,16825
2015-12-22,1.649999976158142,1.6699999570846558,1.6299999952316284,1.6699999570846558,1.6699999570846558,15570
2015-12-23,1.649999976158142,1.7000000476837158,1.6100000143051147,1.7000000476837158,1.7000000476837158,5550
2015-12-24,1.7699999809265137,1.7699999809265137,1.7000000476837158,1.7000000476837158,1.7000000476837158,18850
2015-12-28,1.7000000476837158,1.7200000286102295,1.590000033378601,1.7200000286102295,1.7200000286102295,57650
2015-12-29,1.6299999952316284,1.659999966621399,1.6100000143051147,1.6399999856948853,1.6399999856948853,37640
2015-12-30,1.7000000476837158,1.7400000095367432,1.6799999475479126,1.690000057220459,1.690000057220459,155150
2015-12-31,1.7100000381469727,1.7599999904632568,1.7000000476837158,1.7699999809265137,1.7699999809265137,86000
2016-01-04,1.7999999523162842,1.7999999523162842,1.7100000381469727,1.7100000381469727,1.7100000381469727,339875
2016-01-05,1.649999976158142,1.7100000381469727,1.600000023841858,1.7100000381469727,1.7100000381469727,36625
2016-01-06,1.7200000286102295,1.7599999904632568,1.659999966621399,1.7599999904632568,1.7599999904632568,20275
2016-01-07,1.7000000476837158,1.7599999904632568,1.6200000047683716,1.7599999904632568,1.7599999904632568,71000
2016-01-08,1.7599999904632568,1.7599999904632568,1.6399999856948853,1.7400000095367432,1.7400000095367432,59825
2016-01-11,1.7000000476837158,1.7699999809265137,1.6799999475479126,1.7699999809265137,1.7699999809265137,37576
2016-01-12,1.7000000476837158,1.7200000286102295,1.6200000047683716,1.7200000286102295,1.7200000286102295,36250
2016-01-13,1.6299999952316284,1.75,1.6299999952316284,1.6799999475479126,1.6799999475479126,102025
2016-01-14,1.7100000381469727,1.7200000286102295,1.5800000429153442,1.659999966621399,1.659999966621399,42975
2016-01-15,1.6299999952316284,1.6299999952316284,1.5800000429153442,1.600000023841858,1.600000023841858,46850
2016-01-18,1.600000023841858,1.600000023841858,1.5199999809265137,1.5199999809265137,1.5199999809265137,34725
2016-01-19,1.600000023841858,1.7999999523162842,1.5499999523162842,1.600000023841858,1.600000023841858,1046900
2016-01-20,1.5,1.5299999713897705,1.4800000190734863,1.4800000190734863,1.4800000190734863,310025
2016-01-21,1.5399999618530273,1.559999942779541,1.2999999523162842,1.399999976158142,1.399999976158142,106725
2016-01-22,1.399999976158142,1.4500000476837158,1.340000033378601,1.399999976158142,1.399999976158142,326075
2016-01-25,1.3600000143051147,1.4299999475479126,1.350000023841858,1.4299999475479126,1.4299999475479126,21735
2016-01-26,1.3600000143051147,1.3700000047683716,1.2000000476837158,1.2599999904632568,1.2599999904632568,461825
2016-01-27,1.309999942779541,1.309999942779541,1.1200000047683716,1.159999966621399,1.159999966621399,344600
2016-01-28,1.2000000476837158,1.2000000476837158,1.149999976158142,1.159999966621399,1.159999966621399,159800
2016-01-29,1.2699999809265137,1.2699999809265137,1.2000000476837158,1.2599999904632568,1.2599999904632568,34375
2016-02-01,1.2999999523162842,1.3600000143051147,1.2000000476837158,1.2400000095367432,1.2400000095367432,135117
2016-02-02,1.2000000476837158,1.2300000190734863,1.1799999475479126,1.2300000190734863,1.2300000190734863,38844
2016-02-03,1.0700000524520874,1.2599999904632568,1.0700000524520874,1.2400000095367432,1.2400000095367432,125312
2016-02-04,1.2599999904632568,1.2599999904632568,1.1799999475479126,1.2400000095367432,1.2400000095367432,45050
2016-02-05,1.2000000476837158,1.2999999523162842,1.100000023841858,1.2400000095367432,1.2400000095367432,23987
2016-02-11,1.2000000476837158,1.2400000095367432,1.1799999475479126,1.2100000381469727,1.2100000381469727,19050
2016-02-12,1.2100000381469727,1.2400000095367432,1.190000057220459,1.2400000095367432,1.2400000095367432,27170
2016-02-15,1.2999999523162842,1.2999999523162842,1.2000000476837158,1.25,1.25,62400
2016-02-16,1.25,1.3200000524520874,1.2300000190734863,1.2999999523162842,1.2999999523162842,122856
2016-02-17,1.2999999523162842,1.350000023841858,1.2300000190734863,1.2300000190734863,1.2300000190734863,93900
2016-02-18,1.340000033378601,1.350000023841858,1.2599999904632568,1.2999999523162842,1.2999999523162842,71327
2016-02-19,1.3300000429153442,1.3300000429153442,1.2599999904632568,1.2899999618530273,1.2899999618530273,58810
2016-02-22,1.2999999523162842,1.2999999523162842,1.2799999713897705,1.2799999713897705,1.2799999713897705,88300
2016-02-23,1.399999976158142,1.399999976158142,1.2799999713897705,1.350000023841858,1.350000023841858,85800
2016-02-24,1.3600000143051147,1.4199999570846558,1.2699999809265137,1.3799999952316284,1.3799999952316284,49840
2016-02-25,1.399999976158142,1.4700000286102295,1.3799999952316284,1.4600000381469727,1.4600000381469727,168800
2016-02-26,1.5,1.5,1.350000023841858,1.4500000476837158,1.4500000476837158,50575
2016-02-29,1.4500000476837158,1.5,1.4500000476837158,1.5,1.5,30850
2016-03-01,1.409999966621399,1.409999966621399,1.2899999618530273,1.309999942779541,1.309999942779541,127400
2016-03-02,1.350000023841858,1.5199999809265137,1.350000023841858,1.4800000190734863,1.4800000190734863,215940
2016-03-03,1.4199999570846558,1.5,1.3700000047683716,1.4900000095367432,1.4900000095367432,179567
2016-03-04,1.5499999523162842,1.590000033378601,1.4800000190734863,1.5399999618530273,1.5399999618530273,114702
2016-03-07,1.649999976158142,1.9800000190734863,1.600000023841858,1.9800000190734863,1.9800000190734863,698312
2016-03-08,2.0,2.5,2.0,2.309999942779541,2.309999942779541,2957450
2016-03-09,2.299999952316284,2.3499999046325684,2.069999933242798,2.140000104904175,2.140000104904175,388475
2016-03-10,2.200000047683716,2.200000047683716,2.0,2.069999933242798,2.069999933242798,230750
2016-03-11,2.1500000953674316,2.1500000953674316,1.8799999952316284,2.0399999618530273,2.0399999618530273,312582
2016-03-14,2.0,2.190000057220459,1.9800000190734863,2.130000114440918,2.130000114440918,122485
2016-03-15,2.190000057220459,2.190000057220459,2.069999933242798,2.0999999046325684,2.0999999046325684,50112
2016-03-16,2.200000047683716,2.200000047683716,2.0,2.0,2.0,216800
2016-03-17,2.0999999046325684,2.190000057220459,1.9900000095367432,2.0299999713897705,2.0299999713897705,212064
2016-03-18,2.0299999713897705,2.1500000953674316,1.9700000286102295,2.0299999713897705,2.0299999713897705,94418
2016-03-21,2.0799999237060547,2.0799999237060547,1.8799999952316284,1.9500000476837158,1.9500000476837158,262407
2016-03-22,1.899999976158142,1.9500000476837158,1.8799999952316284,1.899999976158142,1.899999976158142,85600
2016-03-23,1.7999999523162842,1.9199999570846558,1.7999999523162842,1.8200000524520874,1.8200000524520874,71975
2016-03-24,1.7699999809265137,1.8200000524520874,1.7699999809265137,1.7799999713897705,1.7799999713897705,75525
2016-03-29,1.7799999713897705,1.9600000381469727,1.7000000476837158,1.9299999475479126,1.9299999475479126,60100
2016-03-30,1.850000023841858,1.8700000047683716,1.7799999713897705,1.8700000047683716,1.8700000047683716,44200
2016-03-31,1.9900000095367432,1.9900000095367432,1.7999999523162842,1.8600000143051147,1.8600000143051147,99850
2016-04-01,1.9500000476837158,1.9500000476837158,1.7699999809265137,1.7699999809265137,1.7699999809265137,51012
2016-04-05,1.7000000476837158,1.7000000476837158,1.7000000476837158,1.7200000286102295,1.7200000286102295,375
2016-04-06,1.7999999523162842,1.899999976158142,1.7200000286102295,1.7899999618530273,1.7899999618530273,109100
2016-04-07,1.8300000429153442,1.8300000429153442,1.6799999475479126,1.7799999713897705,1.7799999713897705,45000
2016-04-08,1.7300000190734863,1.75,1.7100000381469727,1.7300000190734863,1.7300000190734863,19700
2016-04-11,1.7400000095367432,1.8200000524520874,1.600000023841858,1.809999942779541,1.809999942779541,188664
2016-04-12,1.8200000524520874,1.8200000524520874,1.7100000381469727,1.7699999809265137,1.7699999809265137,26111
2016-04-13,1.7200000286102295,1.809999942779541,1.7000000476837158,1.7799999713897705,1.7799999713897705,260400
2016-04-14,1.7799999713897705,1.7799999713897705,1.7000000476837158,1.7799999713897705,1.7799999713897705,134025
2016-04-15,1.7200000286102295,1.7799999713897705,1.5800000429153442,1.75,1.75,311250
2016-04-18,1.7300000190734863,1.850000023841858,1.7300000190734863,1.7999999523162842,1.7999999523162842,286800
2016-04-19,1.850000023841858,1.8600000143051147,1.7200000286102295,1.7899999618530273,1.7899999618530273,89425
2016-04-20,1.7699999809265137,1.8200000524520874,1.75,1.8200000524520874,1.8200000524520874,54206
2016-04-21,1.8200000524520874,1.8300000429153442,1.7400000095367432,1.7899999618530273,1.7899999618530273,128300
2016-04-22,1.7200000286102295,1.7999999523162842,1.7200000286102295,1.7999999523162842,1.7999999523162842,22265
2016-04-25,1.840000033378601,1.850000023841858,1.7400000095367432,1.7999999523162842,1.7999999523162842,71525
2016-04-26,1.7000000476837158,1.7999999523162842,1.7000000476837158,1.7999999523162842,1.7999999523162842,23350
2016-04-27,1.840000033378601,1.840000033378601,1.7799999713897705,1.7999999523162842,1.7999999523162842,87842
2016-04-28,1.7999999523162842,1.8300000429153442,1.7999999523162842,1.8300000429153442,1.8300000429153442,109200
2016-04-29,1.8300000429153442,1.9299999475479126,1.8200000524520874,1.899999976158142,1.899999976158142,231025
2016-05-03,1.7599999904632568,1.899999976158142,1.75,1.8799999952316284,1.8799999952316284,131725
2016-05-04,1.7999999523162842,1.8799999952316284,1.7999999523162842,1.8799999952316284,1.8799999952316284,28450
2016-05-05,1.899999976158142,2.25,1.8899999856948853,2.0799999237060547,2.0799999237060547,1769350
2016-05-06,2.0999999046325684,2.0999999046325684,1.9199999570846558,1.9800000190734863,1.9800000190734863,736650
2016-05-09,1.9800000190734863,1.9800000190734863,1.899999976158142,1.899999976158142,1.899999976158142,19427
2016-05-10,1.899999976158142,1.899999976158142,1.7799999713897705,1.8700000047683716,1.8700000047683716,172231
2016-05-11,1.899999976158142,1.899999976158142,1.7999999523162842,1.809999942779541,1.809999942779541,11700
2016-05-12,1.7400000095367432,1.840000033378601,1.7100000381469727,1.8200000524520874,1.8200000524520874,80537
2016-05-13,1.7899999618530273,1.7899999618530273,1.75,1.7899999618530273,1.7899999618530273,15600
2016-05-16,1.75,1.7799999713897705,1.75,1.75,1.75,40210
2016-05-17,1.7999999523162842,1.840000033378601,1.7400000095367432,1.7899999618530273,1.7899999618530273,84700
2016-05-18,1.850000023841858,1.850000023841858,1.7100000381469727,1.8300000429153442,1.8300000429153442,165900
2016-05-19,1.9199999570846558,1.9199999570846558,1.7200000286102295,1.7799999713897705,1.7799999713897705,64150
2016-05-20,1.7799999713897705,1.7999999523162842,1.7400000095367432,1.75,1.75,13200
2016-05-23,1.7400000095367432,1.7799999713897705,1.7300000190734863,1.840000033378601,1.840000033378601,30675
2016-05-24,1.7599999904632568,1.7999999523162842,1.7599999904632568,1.7599999904632568,1.7599999904632568,144300
2016-05-25,1.7599999904632568,1.7699999809265137,1.7300000190734863,1.7300000190734863,1.7300000190734863,2580
2016-05-26,1.75,1.7999999523162842,1.7000000476837158,1.75,1.75,227725
2016-05-27,1.7100000381469727,1.7799999713897705,1.7100000381469727,1.75,1.75,231650
2016-05-30,1.7799999713897705,1.7899999618530273,1.7200000286102295,1.7300000190734863,1.7300000190734863,8076
2016-05-31,1.7300000190734863,1.7799999713897705,1.7200000286102295,1.7799999713897705,1.7799999713897705,121650
2016-06-01,1.850000023841858,1.850000023841858,1.7400000095367432,1.7599999904632568,1.7599999904632568,142625
2016-06-02,1.7699999809265137,1.7999999523162842,1.7000000476837158,1.7400000095367432,1.7400000095367432,106403
2016-06-03,1.7599999904632568,1.7599999904632568,1.7100000381469727,1.7300000190734863,1.7300000190734863,34450
2016-06-06,1.7599999904632568,1.7999999523162842,1.7000000476837158,1.7599999904632568,1.7599999904632568,107825
2016-06-07,1.7999999523162842,1.8300000429153442,1.7400000095367432,1.7699999809265137,1.7699999809265137,84830
2016-06-08,1.850000023841858,1.850000023841858,1.75,1.75,1.75,78150
2016-06-10,1.75,1.7599999904632568,1.7100000381469727,1.75,1.75,71225
2016-06-13,1.7100000381469727,1.7100000381469727,1.6799999475479126,1.7000000476837158,1.7000000476837158,148262
2016-06-14,1.6799999475479126,1.7400000095367432,1.649999976158142,1.7400000095367432,1.7400000095367432,645038
2016-06-15,1.7000000476837158,1.7400000095367432,1.7000000476837158,1.7400000095367432,1.7400000095367432,138475
2016-06-16,1.690000057220459,1.7000000476837158,1.659999966621399,1.690000057220459,1.690000057220459,127757
2016-06-17,1.75,1.7799999713897705,1.6799999475479126,1.7200000286102295,1.7200000286102295,10360
2016-06-20,1.7000000476837158,1.690000057220459,1.659999966621399,1.659999966621399,1.659999966621399,206600
2016-06-21,1.6699999570846558,1.7100000381469727,1.659999966621399,1.7100000381469727,1.7100000381469727,159700
2016-06-22,1.7300000190734863,1.7300000190734863,1.6699999570846558,1.690000057220459,1.690000057220459,74625
2016-06-23,1.649999976158142,1.6699999570846558,1.649999976158142,1.659999966621399,1.659999966621399,68451
2016-06-24,1.6699999570846558,1.7100000381469727,1.6100000143051147,1.6299999952316284,1.6299999952316284,126025
2016-06-27,1.6399999856948853,1.6399999856948853,1.590000033378601,1.6299999952316284,1.6299999952316284,29550
2016-06-28,1.559999942779541,1.6100000143051147,1.559999942779541,1.590000033378601,1.590000033378601,38600
2016-06-29,1.6200000047683716,1.6200000047683716,1.600000023841858,1.649999976158142,1.649999976158142,25225
2016-06-30,1.5399999618530273,1.6799999475479126,1.5399999618530273,1.649999976158142,1.649999976158142,41155
2016-07-04,1.649999976158142,1.7000000476837158,1.649999976158142,1.6699999570846558,1.6699999570846558,19100
2016-07-05,1.6299999952316284,1.6299999952316284,1.6100000143051147,1.6100000143051147,1.6100000143051147,28587
2016-07-06,1.600000023841858,1.6799999475479126,1.5800000429153442,1.6799999475479126,1.6799999475479126,26550
2016-07-07,1.5800000429153442,1.6699999570846558,1.5800000429153442,1.6699999570846558,1.6699999570846558,1950
2016-07-08,1.600000023841858,1.6799999475479126,1.590000033378601,1.659999966621399,1.659999966621399,174417
2016-07-11,1.6799999475479126,1.6799999475479126,1.600000023841858,1.6100000143051147,1.6100000143051147,13525
2016-07-12,1.6200000047683716,1.6799999475479126,1.6200000047683716,1.6399999856948853,1.6399999856948853,34675
2016-07-13,1.649999976158142,1.6799999475479126,1.6100000143051147,1.6200000047683716,1.6200000047683716,84692
2016-07-14,1.6100000143051147,1.7000000476837158,1.6100000143051147,1.6200000047683716,1.6200000047683716,45750
2016-07-15,1.6200000047683716,1.659999966621399,1.6200000047683716,1.6399999856948853,1.6399999856948853,7025
2016-07-18,1.649999976158142,1.7100000381469727,1.590000033378601,1.6299999952316284,1.6299999952316284,85350
2016-07-19,1.600000023841858,1.649999976158142,1.600000023841858,1.600000023841858,1.600000023841858,42326
2016-07-20,1.600000023841858,1.600000023841858,1.600000023841858,1.600000023841858,1.600000023841858,12950
2016-07-21,1.600000023841858,1.6799999475479126,1.5800000429153442,1.6100000143051147,1.6100000143051147,38400
2016-07-22,1.600000023841858,1.7100000381469727,1.5700000524520874,1.600000023841858,1.600000023841858,156750
2016-07-25,1.6100000143051147,1.6299999952316284,1.590000033378601,1.6299999952316284,1.6299999952316284,42675
2016-07-26,1.559999942779541,1.649999976158142,1.559999942779541,1.6399999856948853,1.6399999856948853,82860
2016-07-27,1.6100000143051147,1.6200000047683716,1.600000023841858,1.6100000143051147,1.6100000143051147,26325
2016-07-28,1.5499999523162842,1.649999976158142,1.5499999523162842,1.590000033378601,1.590000033378601,4826
2016-07-29,1.590000033378601,1.6200000047683716,1.5499999523162842,1.6200000047683716,1.6200000047683716,145734
2016-08-01,1.6200000047683716,1.6200000047683716,1.5800000429153442,1.6200000047683716,1.6200000047683716,3237
2016-08-02,1.6200000047683716,1.6200000047683716,1.6200000047683716,1.6200000047683716,1.6200000047683716,0
2016-08-03,1.6200000047683716,1.6299999952316284,1.600000023841858,1.6200000047683716,1.6200000047683716,18515
2016-08-04,1.559999942779541,1.600000023841858,1.559999942779541,1.5700000524520874,1.5700000524520874,29554
2016-08-05,1.559999942779541,1.6299999952316284,1.5499999523162842,1.559999942779541,1.559999942779541,143100
2016-08-08,1.5499999523162842,1.6200000047683716,1.5,1.559999942779541,1.559999942779541,143872
2016-08-09,1.5800000429153442,1.6799999475479126,1.5499999523162842,1.600000023841858,1.600000023841858,122803
2016-08-10,1.600000023841858,1.6399999856948853,1.5499999523162842,1.559999942779541,1.559999942779541,78218
2016-08-11,1.5099999904632568,1.6399999856948853,1.559999942779541,1.6299999952316284,1.6299999952316284,133900
2016-08-12,1.5800000429153442,1.6299999952316284,1.5800000429153442,1.6299999952316284,1.6299999952316284,7725
2016-08-15,1.5800000429153442,1.6200000047683716,1.5399999618530273,1.6100000143051147,1.6100000143051147,66700
2016-08-16,1.5700000524520874,1.5800000429153442,1.5,1.5800000429153442,1.5800000429153442,150600
2016-08-17,1.5099999904632568,1.6200000047683716,1.5099999904632568,1.5700000524520874,1.5700000524520874,43550
2016-08-18,1.5099999904632568,1.5800000429153442,1.5099999904632568,1.5399999618530273,1.5399999618530273,30775
2016-08-19,1.5099999904632568,1.559999942779541,1.399999976158142,1.5399999618530273,1.5399999618530273,33350
2016-08-22,1.4700000286102295,1.590000033378601,1.4700000286102295,1.5299999713897705,1.5299999713897705,17400
2016-08-23,1.5299999713897705,1.5800000429153442,1.4600000381469727,1.5499999523162842,1.5499999523162842,12150
2016-08-24,1.5199999809265137,1.5700000524520874,1.5199999809265137,1.5700000524520874,1.5700000524520874,5733
2016-08-25,1.4800000190734863,1.5800000429153442,1.4800000190734863,1.5800000429153442,1.5800000429153442,34576
2016-08-26,1.5299999713897705,1.5800000429153442,1.4700000286102295,1.5800000429153442,1.5800000429153442,7725
2016-08-29,1.5099999904632568,1.5499999523162842,1.5099999904632568,1.600000023841858,1.600000023841858,13625
2016-08-30,1.5700000524520874,1.5800000429153442,1.5,1.559999942779541,1.559999942779541,149325
2016-08-31,1.5,1.559999942779541,1.4500000476837158,1.5499999523162842,1.5499999523162842,7400
2016-09-01,1.4299999475479126,1.6299999952316284,1.4299999475479126,1.6100000143051147,1.6100000143051147,194964
2016-09-02,1.5499999523162842,1.649999976158142,1.5499999523162842,1.6200000047683716,1.6200000047683716,26825
2016-09-05,1.6200000047683716,1.7200000286102295,1.559999942779541,1.659999966621399,1.659999966621399,168022
2016-09-06,1.5800000429153442,1.7200000286102295,1.5800000429153442,1.7100000381469727,1.7100000381469727,335292
2016-09-07,1.5700000524520874,1.7200000286102295,1.5700000524520874,1.6699999570846558,1.6699999570846558,75562
2016-09-08,1.649999976158142,1.7000000476837158,1.6200000047683716,1.6799999475479126,1.6799999475479126,90987
2016-09-09,1.6799999475479126,1.7200000286102295,1.649999976158142,1.7000000476837158,1.7000000476837158,44700
2016-09-12,1.6200000047683716,1.6799999475479126,1.6100000143051147,1.6799999475479126,1.6799999475479126,11275
2016-09-13,1.659999966621399,1.7100000381469727,1.6299999952316284,1.659999966621399,1.659999966621399,68264
2016-09-14,1.6200000047683716,1.6200000047683716,1.6200000047683716,1.659999966621399,1.659999966621399,2305
2016-09-15,1.659999966621399,1.7000000476837158,1.6299999952316284,1.690000057220459,1.690000057220459,63250
2016-09-19,1.690000057220459,1.690000057220459,1.659999966621399,1.659999966621399,1.659999966621399,9825
2016-09-20,1.600000023841858,1.649999976158142,1.559999942779541,1.6299999952316284,1.6299999952316284,257600
2016-09-21,1.6299999952316284,1.6699999570846558,1.600000023841858,1.600000023841858,1.600000023841858,6650
2016-09-22,1.6200000047683716,1.649999976158142,1.6200000047683716,1.649999976158142,1.649999976158142,49200
2016-09-23,1.5700000524520874,1.75,1.5,1.649999976158142,1.649999976158142,78816
2016-09-26,1.6200000047683716,1.7200000286102295,1.6200000047683716,1.6799999475479126,1.6799999475479126,182762
2016-09-27,1.7000000476837158,3.200000047683716,1.690000057220459,3.1500000953674316,3.1500000953674316,12601637
2016-09-28,3.200000047683716,3.5,2.799999952316284,3.299999952316284,3.299999952316284,14412200
2016-09-29,3.4000000953674316,3.549999952316284,2.9000000953674316,2.950000047683716,2.950000047683716,5565625
2016-09-30,2.950000047683716,3.0999999046325684,2.799999952316284,2.9000000953674316,2.9000000953674316,1334350
2016-10-03,3.0,3.25,2.9000000953674316,3.0999999046325684,3.0999999046325684,2413400
2016-10-04,3.049999952316284,3.3499999046325684,2.950000047683716,3.0,3.0,1899187
2016-10-05,2.950000047683716,3.049999952316284,2.8499999046325684,2.9000000953674316,2.9000000953674316,651025
2016-10-06,2.950000047683716,5.099999904632568,2.950000047683716,5.0,5.0,35910858
2016-10-07,5.0,6.5,4.900000095367432,4.949999809265137,4.949999809265137,32129292
2016-10-11,5.199999809265137,5.300000190734863,4.5,4.75,4.75,11236258
2016-10-12,4.699999809265137,4.849999904632568,4.5,4.599999904632568,4.599999904632568,3530882
2016-10-13,4.75,5.900000095367432,4.650000095367432,4.949999809265137,4.949999809265137,23752887
2016-10-14,5.099999904632568,5.099999904632568,4.75,4.849999904632568,4.849999904632568,2573212
2016-10-17,4.75,5.400000095367432,4.699999809265137,5.099999904632568,5.099999904632568,5469950
2016-10-18,5.099999904632568,5.400000095367432,4.849999904632568,4.900000095367432,4.900000095367432,2999750
2016-10-19,4.900000095367432,5.0,4.849999904632568,4.849999904632568,4.849999904632568,1101750
2016-10-20,4.949999809265137,5.599999904632568,4.849999904632568,5.0,5.0,10885325
2016-10-21,5.0,5.0,5.0,5.0,5.0,0
2016-10-24,5.0,5.199999809265137,4.900000095367432,5.0,5.0,2461139
2016-10-25,5.0,5.099999904632568,4.75,4.75,4.75,1667450
2016-10-26,4.800000190734863,4.949999809265137,4.349999904632568,4.400000095367432,4.400000095367432,2672075
2016-10-27,4.400000095367432,4.800000190734863,4.400000095367432,4.550000190734863,4.550000190734863,1951500
2016-10-28,4.550000190734863,4.550000190734863,4.25,4.300000190734863,4.300000190734863,835700
2016-10-31,4.199999809265137,4.300000190734863,3.6500000953674316,3.700000047683716,3.700000047683716,2438937
2016-11-01,3.700000047683716,4.5,3.700000047683716,4.349999904632568,4.349999904632568,6849175
2016-11-02,4.300000190734863,4.650000095367432,4.150000095367432,4.25,4.25,3381325
2016-11-03,4.25,4.449999809265137,4.150000095367432,4.150000095367432,4.150000095367432,1033500
2016-11-04,4.150000095367432,4.25,4.099999904632568,4.150000095367432,4.150000095367432,430931
2016-11-07,4.150000095367432,4.349999904632568,3.950000047683716,4.199999809265137,4.199999809265137,779500
2016-11-08,4.25,4.300000190734863,4.0,4.050000190734863,4.050000190734863,618975
2016-11-09,4.099999904632568,4.099999904632568,3.799999952316284,3.9000000953674316,3.9000000953674316,1276750
2016-11-10,4.099999904632568,4.199999809265137,3.9000000953674316,4.050000190734863,4.050000190734863,1854150
2016-11-11,4.050000190734863,4.550000190734863,4.0,4.199999809265137,4.199999809265137,5623637
2016-11-14,4.199999809265137,4.400000095367432,4.099999904632568,4.150000095367432,4.150000095367432,745750
2016-11-15,4.099999904632568,4.400000095367432,4.099999904632568,4.150000095367432,4.150000095367432,1471800
2016-11-16,4.199999809265137,4.5,4.150000095367432,4.25,4.25,2677475
2016-11-17,4.25,4.349999904632568,4.050000190734863,4.099999904632568,4.099999904632568,1376475
2016-11-18,4.099999904632568,4.099999904632568,3.8499999046325684,3.9000000953674316,3.9000000953674316,1830925
2016-11-21,3.9000000953674316,4.050000190734863,3.799999952316284,3.9000000953674316,3.9000000953674316,654200
2016-11-22,4.0,4.050000190734863,3.9000000953674316,3.950000047683716,3.950000047683716,401050
2016-11-23,3.950000047683716,3.950000047683716,3.8499999046325684,3.950000047683716,3.950000047683716,305015
2016-11-24,3.8499999046325684,4.0,3.75,3.8499999046325684,3.8499999046325684,887642
2016-11-25,3.8499999046325684,4.25,3.799999952316284,4.0,4.0,1546425
2016-11-28,4.0,4.0,3.8499999046325684,3.9000000953674316,3.9000000953674316,464790
2016-11-29,3.9000000953674316,4.099999904632568,3.9000000953674316,3.9000000953674316,3.9000000953674316,482112
2016-11-30,3.9000000953674316,3.9000000953674316,3.75,3.8499999046325684,3.8499999046325684,757323
2016-12-01,3.799999952316284,3.9000000953674316,3.75,3.8499999046325684,3.8499999046325684,384280
2016-12-02,3.75,3.8499999046325684,3.700000047683716,3.799999952316284,3.799999952316284,300500
2016-12-05,3.8499999046325684,3.8499999046325684,3.5,3.5999999046325684,3.5999999046325684,545150
2016-12-06,3.4000000953674316,3.549999952316284,3.049999952316284,3.1500000953674316,3.1500000953674316,2038400
2016-12-07,3.1500000953674316,3.5,3.1500000953674316,3.1500000953674316,3.1500000953674316,1387975
2016-12-08,3.299999952316284,3.299999952316284,2.8499999046325684,2.950000047683716,2.950000047683716,1150762
2016-12-09,2.950000047683716,3.1500000953674316,2.799999952316284,3.0,3.0,1389500
2016-12-12,3.0,3.0,2.799999952316284,2.9000000953674316,2.9000000953674316,268893
2016-12-13,2.9000000953674316,2.9000000953674316,2.799999952316284,2.8499999046325684,2.8499999046325684,193080
2016-12-14,2.9000000953674316,3.549999952316284,2.9000000953674316,3.3499999046325684,3.3499999046325684,6386557
2016-12-15,3.3499999046325684,3.3499999046325684,3.049999952316284,3.1500000953674316,3.1500000953674316,1215912
2016-12-16,3.0999999046325684,3.25,2.950000047683716,3.049999952316284,3.049999952316284,2059100
2016-12-19,3.0,3.049999952316284,2.8499999046325684,2.950000047683716,2.950000047683716,593757
2016-12-20,2.8499999046325684,2.950000047683716,2.799999952316284,2.9000000953674316,2.9000000953674316,353800
2016-12-21,2.9000000953674316,2.950000047683716,2.700000047683716,2.799999952316284,2.799999952316284,883875
2016-12-22,2.799999952316284,2.8499999046325684,2.75,2.799999952316284,2.799999952316284,367667
2016-12-23,2.75,2.75,2.5999999046325684,2.700000047683716,2.700000047683716,431250
2016-12-28,2.6500000953674316,2.8499999046325684,2.6500000953674316,2.700000047683716,2.700000047683716,222800
2016-12-29,2.6500000953674316,2.75,2.6500000953674316,2.6500000953674316,2.6500000953674316,125012
2016-12-30,2.6500000953674316,2.75,2.5999999046325684,2.75,2.75,297659
2017-01-03,2.700000047683716,2.799999952316284,2.700000047683716,2.799999952316284,2.799999952316284,272250
2017-01-04,2.75,2.799999952316284,2.6500000953674316,2.700000047683716,2.700000047683716,154725
2017-01-05,2.700000047683716,3.299999952316284,2.700000047683716,3.1500000953674316,3.1500000953674316,4429675
2017-01-06,3.1500000953674316,3.200000047683716,2.950000047683716,3.0,3.0,1215209
2017-01-09,3.0,3.0999999046325684,2.950000047683716,3.049999952316284,3.049999952316284,489410
2017-01-10,3.0999999046325684,3.1500000953674316,2.9000000953674316,3.0,3.0,1152893
2017-01-11,3.0,3.049999952316284,2.799999952316284,2.9000000953674316,2.9000000953674316,776650
2017-01-12,2.950000047683716,2.950000047683716,2.799999952316284,2.9000000953674316,2.9000000953674316,325850
2017-01-13,2.799999952316284,3.049999952316284,2.799999952316284,2.9000000953674316,2.9000000953674316,577100
2017-01-16,2.950000047683716,2.950000047683716,2.8499999046325684,2.9000000953674316,2.9000000953674316,307450
2017-01-17,2.799999952316284,2.9000000953674316,2.799999952316284,2.9000000953674316,2.9000000953674316,162850
2017-01-18,2.8499999046325684,2.9000000953674316,2.75,2.9000000953674316,2.9000000953674316,224100
2017-01-19,2.799999952316284,2.9000000953674316,2.799999952316284,2.9000000953674316,2.9000000953674316,131104
2017-01-20,2.799999952316284,2.9000000953674316,2.799999952316284,2.9000000953674316,2.9000000953674316,244225
2017-01-23,2.9000000953674316,2.9000000953674316,2.8499999046325684,2.9000000953674316,2.9000000953674316,55250
2017-01-24,2.9000000953674316,3.049999952316284,2.8499999046325684,2.950000047683716,2.950000047683716,614900
2017-01-25,3.0,3.200000047683716,2.950000047683716,3.049999952316284,3.049999952316284,1750176
2017-01-26,3.0999999046325684,3.1500000953674316,3.0,3.0999999046325684,3.0999999046325684,864456
2017-01-27,3.049999952316284,3.0999999046325684,3.0,3.049999952316284,3.049999952316284,55825
2017-02-01,3.0,3.049999952316284,2.9000000953674316,2.9000000953674316,2.9000000953674316,436400
2017-02-02,2.8499999046325684,2.950000047683716,2.8499999046325684,2.950000047683716,2.950000047683716,127005
2017-02-03,2.950000047683716,2.950000047683716,2.8499999046325684,2.9000000953674316,2.9000000953674316,167587
2017-02-06,2.950000047683716,2.950000047683716,2.8499999046325684,2.8499999046325684,2.8499999046325684,156750
2017-02-07,2.8499999046325684,2.9000000953674316,2.799999952316284,2.9000000953674316,2.9000000953674316,194126
2017-02-08,2.8499999046325684,2.9000000953674316,2.799999952316284,2.9000000953674316,2.9000000953674316,412525
2017-02-09,2.9000000953674316,2.9000000953674316,2.8499999046325684,2.9000000953674316,2.9000000953674316,219825
2017-02-10,2.9000000953674316,3.1500000953674316,2.9000000953674316,2.950000047683716,2.950000047683716,1419727
2017-02-13,2.950000047683716,3.049999952316284,2.950000047683716,3.049999952316284,3.049999952316284,409875
2017-02-14,3.0,3.0,2.9000000953674316,2.950000047683716,2.950000047683716,205950
2017-02-15,2.9000000953674316,3.0999999046325684,2.9000000953674316,3.0999999046325684,3.0999999046325684,742250
2017-02-16,3.0999999046325684,3.0999999046325684,3.0,3.0999999046325684,3.0999999046325684,470951
2017-02-17,3.049999952316284,3.049999952316284,3.0,3.0,3.0,429662
2017-02-20,3.0,3.0,2.9000000953674316,2.950000047683716,2.950000047683716,256475
2017-02-21,2.950000047683716,3.450000047683716,2.950000047683716,3.1500000953674316,3.1500000953674316,4473612
2017-02-22,3.0999999046325684,3.1500000953674316,3.0,3.049999952316284,3.049999952316284,796937
2017-02-23,3.0,3.0,2.950000047683716,3.0,3.0,321705
2017-02-24,3.0,3.0,2.9000000953674316,2.950000047683716,2.950000047683716,410100
2017-02-27,2.9000000953674316,3.0,2.9000000953674316,2.9000000953674316,2.9000000953674316,445562
2017-02-28,2.9000000953674316,2.950000047683716,2.8499999046325684,2.950000047683716,2.950000047683716,369825
2017-03-01,2.950000047683716,3.0,2.8499999046325684,2.950000047683716,2.950000047683716,208650
2017-03-02,2.950000047683716,2.950000047683716,2.8499999046325684,2.8499999046325684,2.8499999046325684,445800
2017-03-03,2.8499999046325684,2.9000000953674316,2.8499999046325684,2.8499999046325684,2.8499999046325684,265475
2017-03-06,2.799999952316284,2.9000000953674316,2.799999952316284,2.799999952316284,2.799999952316284,190018
2017-03-07,2.8499999046325684,2.950000047683716,2.8499999046325684,2.9000000953674316,2.9000000953674316,222375
2017-03-08,2.8499999046325684,2.9000000953674316,2.8499999046325684,2.8499999046325684,2.8499999046325684,74738
2017-03-09,2.8499999046325684,2.8499999046325684,2.799999952316284,2.799999952316284,2.799999952316284,246908
2017-03-10,2.799999952316284,2.8499999046325684,2.799999952316284,2.799999952316284,2.799999952316284,241972
2017-03-13,2.799999952316284,2.8499999046325684,2.799999952316284,2.8499999046325684,2.8499999046325684,149100
2017-03-14,2.799999952316284,2.8499999046325684,2.75,2.799999952316284,2.799999952316284,152303
2017-03-15,2.799999952316284,2.799999952316284,2.75,2.75,2.75,218300
2017-03-16,2.75,2.8499999046325684,2.75,2.8499999046325684,2.8499999046325684,182761
2017-03-17,2.8499999046325684,2.9000000953674316,2.799999952316284,2.799999952316284,2.799999952316284,222892
2017-03-20,2.9000000953674316,3.0999999046325684,2.9000000953674316,2.9000000953674316,2.9000000953674316,1350625
2017-03-21,2.9000000953674316,2.950000047683716,2.799999952316284,2.8499999046325684,2.8499999046325684,487137
2017-03-22,2.799999952316284,2.8499999046325684,2.799999952316284,2.799999952316284,2.799999952316284,159625
2017-03-23,2.799999952316284,2.8499999046325684,2.799999952316284,2.799999952316284,2.799999952316284,285500
2017-03-24,2.799999952316284,2.8499999046325684,2.799999952316284,2.799999952316284,2.799999952316284,309217
2017-03-27,2.8499999046325684,2.8499999046325684,2.6500000953674316,2.799999952316284,2.799999952316284,347787
2017-03-28,2.75,2.75,2.700000047683716,2.75,2.75,142764
2017-03-29,2.700000047683716,2.75,2.6500000953674316,2.6500000953674316,2.6500000953674316,248625
2017-03-30,2.6500000953674316,2.700000047683716,2.5999999046325684,2.700000047683716,2.700000047683716,265275
2017-03-31,2.6500000953674316,2.700000047683716,2.5999999046325684,2.5999999046325684,2.5999999046325684,331700
2017-04-03,2.5,2.700000047683716,2.5,2.5999999046325684,2.5999999046325684,134625
2017-04-05,2.5999999046325684,2.5999999046325684,2.5,2.5999999046325684,2.5999999046325684,178700
2017-04-06,2.6500000953674316,2.700000047683716,2.549999952316284,2.5999999046325684,2.5999999046325684,133029
2017-04-07,2.549999952316284,2.5999999046325684,2.549999952316284,2.549999952316284,2.549999952316284,164575
2017-04-10,2.5999999046325684,2.5999999046325684,2.549999952316284,2.549999952316284,2.549999952316284,98225
2017-04-11,2.5999999046325684,2.6500000953674316,2.440000057220459,2.4800000190734863,2.4800000190734863,307085
2017-04-12,2.4800000190734863,2.5,2.450000047683716,2.4700000286102295,2.4700000286102295,226875
2017-04-13,2.4100000858306885,2.430000066757202,2.3499999046325684,2.369999885559082,2.369999885559082,409825
2017-04-18,2.309999942779541,2.3299999237060547,2.240000009536743,2.25,2.25,233575
2017-04-19,2.2100000381469727,2.5,2.2100000381469727,2.309999942779541,2.309999942779541,173529
2017-04-20,2.299999952316284,2.380000114440918,2.140000104904175,2.3399999141693115,2.3399999141693115,335300
2017-04-21,2.3399999141693115,2.5,2.319999933242798,2.5,2.5,294225
2017-04-24,2.4700000286102295,2.549999952316284,2.369999885559082,2.450000047683716,2.450000047683716,295210
2017-04-25,2.4000000953674316,2.4700000286102295,2.390000104904175,2.450000047683716,2.450000047683716,90362
2017-04-26,2.4000000953674316,2.4600000381469727,2.309999942779541,2.380000114440918,2.380000114440918,38477
2017-04-27,2.309999942779541,2.4000000953674316,2.299999952316284,2.390000104904175,2.390000104904175,113650
2017-04-28,2.3499999046325684,2.380000114440918,2.3499999046325684,2.3499999046325684,2.3499999046325684,142150
2017-05-02,2.319999933242798,2.3499999046325684,2.319999933242798,2.319999933242798,2.319999933242798,122685
2017-05-04,2.299999952316284,2.319999933242798,2.2100000381469727,2.2899999618530273,2.2899999618530273,103250
2017-05-05,2.2799999713897705,2.2799999713897705,2.190000057220459,2.2200000286102295,2.2200000286102295,77152
2017-05-08,2.2200000286102295,2.2200000286102295,2.140000104904175,2.200000047683716,2.200000047683716,56525
2017-05-09,2.140000104904175,2.2799999713897705,2.140000104904175,2.2699999809265137,2.2699999809265137,322775
2017-05-10,2.299999952316284,2.3499999046325684,2.259999990463257,2.3299999237060547,2.3299999237060547,87691
2017-05-11,2.3499999046325684,2.390000104904175,2.2100000381469727,2.380000114440918,2.380000114440918,119225
2017-05-12,2.440000057220459,2.440000057220459,2.25,2.380000114440918,2.380000114440918,84955
2017-05-15,2.259999990463257,2.299999952316284,2.200000047683716,2.259999990463257,2.259999990463257,227350
2017-05-16,2.2200000286102295,2.430000066757202,2.2200000286102295,2.2799999713897705,2.2799999713897705,162300
2017-05-17,2.2799999713897705,2.2799999713897705,2.2300000190734863,2.2799999713897705,2.2799999713897705,77625
2017-05-18,2.2200000286102295,2.2799999713897705,2.2200000286102295,2.2300000190734863,2.2300000190734863,62912
2017-05-19,2.240000009536743,2.9000000953674316,2.240000009536743,2.75,2.75,1475525
2017-05-22,2.8499999046325684,2.8499999046325684,2.5,2.5999999046325684,2.5999999046325684,953987
2017-05-23,2.5999999046325684,2.6500000953674316,2.4800000190734863,2.490000009536743,2.490000009536743,269775
2017-05-24,2.5,2.75,2.4800000190734863,2.5999999046325684,2.5999999046325684,773725
2017-05-25,2.549999952316284,2.799999952316284,2.549999952316284,2.75,2.75,1083800
2017-05-26,2.75,2.75,2.6500000953674316,2.700000047683716,2.700000047683716,342050
2017-05-29,2.6500000953674316,2.700000047683716,2.5999999046325684,2.700000047683716,2.700000047683716,121850
2017-05-31,2.5999999046325684,2.6500000953674316,2.5,2.549999952316284,2.549999952316284,217175
2017-06-01,2.549999952316284,2.549999952316284,2.4800000190734863,2.549999952316284,2.549999952316284,140142
2017-06-02,2.5,2.549999952316284,2.490000009536743,2.549999952316284,2.549999952316284,152575
2017-06-05,2.5,2.5,2.430000066757202,2.490000009536743,2.490000009536743,156125
2017-06-06,2.4000000953674316,2.4800000190734863,2.4000000953674316,2.440000057220459,2.440000057220459,162384
2017-06-07,2.4100000858306885,2.5,2.4100000858306885,2.4800000190734863,2.4800000190734863,117837
2017-06-08,2.5,2.5,2.380000114440918,2.430000066757202,2.430000066757202,232100
2017-06-09,2.390000104904175,2.4200000762939453,2.3399999141693115,2.380000114440918,2.380000114440918,232550
2017-06-12,2.369999885559082,2.369999885559082,2.3499999046325684,2.3499999046325684,2.3499999046325684,25825
2017-06-13,2.3499999046325684,2.549999952316284,2.430000066757202,2.5,2.5,191525
2017-06-14,2.490000009536743,2.490000009536743,2.390000104904175,2.490000009536743,2.490000009536743,236150
2017-06-15,2.4200000762939453,2.4700000286102295,2.4200000762939453,2.4700000286102295,2.4700000286102295,68312
2017-06-16,2.4000000953674316,2.4700000286102295,2.4000000953674316,2.4700000286102295,2.4700000286102295,66225
2017-06-19,2.450000047683716,2.450000047683716,2.380000114440918,2.440000057220459,2.440000057220459,155125
2017-06-20,2.450000047683716,2.450000047683716,2.369999885559082,2.4000000953674316,2.4000000953674316,135900
2017-06-21,2.369999885559082,2.4700000286102295,2.3499999046325684,2.359999895095825,2.359999895095825,208012
2017-06-22,2.390000104904175,2.549999952316284,2.390000104904175,2.4700000286102295,2.4700000286102295,243050
2017-06-23,2.4700000286102295,2.4700000286102295,2.4000000953674316,2.440000057220459,2.440000057220459,158400
2017-06-26,2.4800000190734863,2.4800000190734863,2.4000000953674316,2.4200000762939453,2.4200000762939453,310036
2017-06-27,2.4000000953674316,2.430000066757202,2.259999990463257,2.2799999713897705,2.2799999713897705,484825
2017-06-28,2.2300000190734863,2.2899999618530273,2.180000066757202,2.200000047683716,2.200000047683716,617200
2017-06-29,2.200000047683716,2.2699999809265137,2.190000057220459,2.240000009536743,2.240000009536743,171633
2017-06-30,2.3499999046325684,2.4100000858306885,2.25,2.2799999713897705,2.2799999713897705,249200
2017-07-03,2.3499999046325684,2.369999885559082,2.25,2.299999952316284,2.299999952316284,115555
2017-07-04,2.2899999618530273,2.3499999046325684,2.190000057220459,2.299999952316284,2.299999952316284,202950
2017-07-05,2.180000066757202,2.2200000286102295,2.180000066757202,2.25,2.25,165016
2017-07-06,2.1500000953674316,2.200000047683716,2.1500000953674316,2.2300000190734863,2.2300000190734863,98300
2017-07-07,2.2300000190734863,2.2300000190734863,2.1700000762939453,2.2200000286102295,2.2200000286102295,135400
2017-07-10,2.2200000286102295,2.2300000190734863,2.180000066757202,2.2200000286102295,2.2200000286102295,169250
2017-07-11,2.1600000858306885,2.200000047683716,2.1600000858306885,2.190000057220459,2.190000057220459,164200
2017-07-12,2.240000009536743,2.4100000858306885,2.2200000286102295,2.2899999618530273,2.2899999618530273,465802
2017-07-13,2.2899999618530273,2.3499999046325684,2.1700000762939453,2.240000009536743,2.240000009536743,171227
2017-07-14,2.190000057220459,2.2899999618530273,2.190000057220459,2.2899999618530273,2.2899999618530273,157250
2017-07-17,2.25,2.2899999618530273,2.200000047683716,2.2300000190734863,2.2300000190734863,245500
2017-07-18,2.2699999809265137,2.309999942779541,2.200000047683716,2.2899999618530273,2.2899999618530273,264682
2017-07-19,2.2200000286102295,2.4100000858306885,2.2200000286102295,2.3499999046325684,2.3499999046325684,564887
2017-07-20,2.4000000953674316,2.4000000953674316,2.2699999809265137,2.4000000953674316,2.4000000953674316,348727
2017-07-21,2.3299999237060547,2.4200000762939453,2.3299999237060547,2.380000114440918,2.380000114440918,120975
2017-07-24,2.240000009536743,2.3499999046325684,2.2200000286102295,2.299999952316284,2.299999952316284,259900
2017-07-25,2.299999952316284,2.369999885559082,2.259999990463257,2.3299999237060547,2.3299999237060547,139387
2017-07-26,2.259999990463257,2.380000114440918,2.2200000286102295,2.2799999713897705,2.2799999713897705,237700
2017-07-27,2.299999952316284,2.299999952316284,2.25,2.299999952316284,2.299999952316284,153350
2017-07-28,2.299999952316284,2.3499999046325684,2.2300000190734863,2.3499999046325684,2.3499999046325684,142400
2017-07-31,2.4000000953674316,2.490000009536743,2.369999885559082,2.450000047683716,2.450000047683716,591946
2017-08-01,2.450000047683716,2.4600000381469727,2.380000114440918,2.380000114440918,2.380000114440918,258825
2017-08-02,2.3399999141693115,2.430000066757202,2.3399999141693115,2.359999895095825,2.359999895095825,205719
2017-08-03,2.3399999141693115,2.359999895095825,2.2899999618530273,2.2899999618530273,2.2899999618530273,125975
2017-08-04,2.299999952316284,2.450000047683716,2.299999952316284,2.4000000953674316,2.4000000953674316,302336
2017-08-07,2.4800000190734863,2.490000009536743,2.359999895095825,2.4000000953674316,2.4000000953674316,255997
2017-08-08,2.4000000953674316,2.4200000762939453,2.369999885559082,2.4000000953674316,2.4000000953674316,184012
2017-08-09,2.4000000953674316,2.450000047683716,2.369999885559082,2.4100000858306885,2.4100000858306885,149537
2017-08-10,2.390000104904175,2.4000000953674316,2.309999942779541,2.3299999237060547,2.3299999237060547,145525
2017-08-11,2.299999952316284,2.3299999237060547,2.200000047683716,2.240000009536743,2.240000009536743,309335
2017-08-14,2.3499999046325684,2.3499999046325684,2.259999990463257,2.3299999237060547,2.3299999237060547,191831
2017-08-15,2.319999933242798,2.3399999141693115,2.240000009536743,2.309999942779541,2.309999942779541,135805
2017-08-16,2.2300000190734863,2.3399999141693115,2.2300000190734863,2.319999933242798,2.319999933242798,99977
2017-08-17,2.319999933242798,2.319999933242798,2.25,2.299999952316284,2.299999952316284,157900
2017-08-18,2.299999952316284,2.299999952316284,2.299999952316284,2.299999952316284,2.299999952316284,99960
2017-08-21,2.2300000190734863,2.25,2.2300000190734863,2.2300000190734863,2.2300000190734863,197150
2017-08-22,2.25,2.2799999713897705,2.2200000286102295,2.2699999809265137,2.2699999809265137,235150
2017-08-23,2.2699999809265137,2.2699999809265137,2.2699999809265137,2.2699999809265137,2.2699999809265137,0
2017-08-24,2.2899999618530273,2.390000104904175,2.240000009536743,2.25,2.25,305100
2017-08-25,2.25,2.299999952316284,2.2300000190734863,2.2899999618530273,2.2899999618530273,206570
2017-08-28,2.2899999618530273,2.299999952316284,2.25,2.25,2.25,146173
2017-08-29,2.200000047683716,2.2799999713897705,2.200000047683716,2.259999990463257,2.259999990463257,128925
2017-08-30,2.2200000286102295,2.2899999618530273,2.2200000286102295,2.2799999713897705,2.2799999713897705,163750
2017-08-31,2.2200000286102295,2.2699999809265137,2.2200000286102295,2.2200000286102295,2.2200000286102295,122937
2017-09-01,2.2200000286102295,2.2899999618530273,2.2200000286102295,2.25,2.25,193775
2017-09-04,2.2300000190734863,2.299999952316284,2.190000057220459,2.259999990463257,2.259999990463257,363700
2017-09-05,2.2699999809265137,2.380000114440918,2.25,2.3299999237060547,2.3299999237060547,314030
2017-09-06,2.359999895095825,2.5999999046325684,2.2899999618530273,2.3299999237060547,2.3299999237060547,634775
2017-09-07,2.3299999237060547,2.4700000286102295,2.3299999237060547,2.3499999046325684,2.3499999046325684,261775
2017-09-08,2.3499999046325684,2.440000057220459,2.3499999046325684,2.369999885559082,2.369999885559082,258475
2017-09-11,2.369999885559082,2.440000057220459,2.3299999237060547,2.3299999237060547,2.3299999237060547,167075
2017-09-12,2.3499999046325684,2.4200000762939453,2.299999952316284,2.319999933242798,2.319999933242798,133950
2017-09-13,2.25,2.390000104904175,2.25,2.319999933242798,2.319999933242798,119520
2017-09-14,2.2699999809265137,2.359999895095825,2.2699999809265137,2.359999895095825,2.359999895095825,98937
2017-09-15,2.3499999046325684,2.440000057220459,2.299999952316284,2.299999952316284,2.299999952316284,125826
2017-09-18,2.299999952316284,2.4200000762939453,2.2899999618530273,2.3299999237060547,2.3299999237060547,119425
2017-09-19,2.3399999141693115,2.4000000953674316,2.299999952316284,2.299999952316284,2.299999952316284,73229
2017-09-20,2.2799999713897705,2.369999885559082,2.2799999713897705,2.2899999618530273,2.2899999618530273,140137
2017-09-21,2.2899999618530273,2.299999952316284,2.259999990463257,2.259999990463257,2.259999990463257,163225
2017-09-22,2.259999990463257,2.4000000953674316,2.240000009536743,2.319999933242798,2.319999933242798,77550
2017-09-25,2.2799999713897705,2.319999933242798,2.240000009536743,2.25,2.25,217605
2017-09-26,2.25,2.3299999237060547,2.240000009536743,2.299999952316284,2.299999952316284,63975
2017-09-27,2.2799999713897705,2.2899999618530273,2.240000009536743,2.25,2.25,83500
2017-09-28,2.240000009536743,2.259999990463257,2.240000009536743,2.259999990463257,2.259999990463257,89867
2017-09-29,2.2100000381469727,2.259999990463257,2.2100000381469727,2.259999990463257,2.259999990463257,175487
2017-10-03,2.2799999713897705,2.2799999713897705,2.25,2.25,2.25,50187
2017-10-04,2.2300000190734863,2.25,2.2300000190734863,2.2300000190734863,2.2300000190734863,121475
2017-10-06,2.2300000190734863,2.25,2.2200000286102295,2.2200000286102295,2.2200000286102295,91914
2017-10-09,2.2200000286102295,2.450000047683716,2.2100000381469727,2.450000047683716,2.450000047683716,452603
2017-10-10,2.430000066757202,2.9000000953674316,2.430000066757202,2.5999999046325684,2.5999999046325684,1571213
2017-10-11,2.6500000953674316,2.6500000953674316,2.450000047683716,2.4700000286102295,2.4700000286102295,372896
2017-10-12,2.5,2.5,2.4000000953674316,2.440000057220459,2.440000057220459,70025
2017-10-13,2.390000104904175,2.5,2.380000114440918,2.490000009536743,2.490000009536743,165800
2017-10-16,2.490000009536743,2.549999952316284,2.450000047683716,2.5,2.5,373075
2017-10-17,2.5,2.5,2.430000066757202,2.5,2.5,134650
2017-10-18,2.490000009536743,2.5,2.450000047683716,2.450000047683716,2.450000047683716,130125
2017-10-19,2.490000009536743,2.5,2.4000000953674316,2.4000000953674316,2.4000000953674316,182807
2017-10-20,2.309999942779541,2.4600000381469727,2.309999942779541,2.4600000381469727,2.4600000381469727,192700
2017-10-23,2.380000114440918,2.5,2.380000114440918,2.5,2.5,69800
2017-10-24,2.4000000953674316,2.440000057220459,2.380000114440918,2.440000057220459,2.440000057220459,99236
2017-10-25,2.430000066757202,2.490000009536743,2.380000114440918,2.4700000286102295,2.4700000286102295,156493
2017-10-26,2.4000000953674316,2.549999952316284,2.4000000953674316,2.5,2.5,291400
2017-10-27,2.4800000190734863,2.5,2.440000057220459,2.4600000381469727,2.4600000381469727,129825
2017-10-30,2.4600000381469727,2.549999952316284,2.390000104904175,2.4000000953674316,2.4000000953674316,205850
2017-10-31,2.319999933242798,2.4000000953674316,2.319999933242798,2.3499999046325684,2.3499999046325684,345027
2017-11-01,2.299999952316284,2.390000104904175,2.299999952316284,2.3499999046325684,2.3499999046325684,527900
2017-11-02,2.359999895095825,2.390000104904175,2.3299999237060547,2.3499999046325684,2.3499999046325684,220750
2017-11-03,2.309999942779541,2.4000000953674316,2.309999942779541,2.359999895095825,2.359999895095825,153765
2017-11-06,2.299999952316284,2.309999942779541,2.25,2.299999952316284,2.299999952316284,100087
2017-11-07,2.259999990463257,2.299999952316284,2.259999990463257,2.299999952316284,2.299999952316284,40682
2017-11-08,2.25,2.299999952316284,2.25,2.2899999618530273,2.2899999618530273,59036
2017-11-09,2.369999885559082,2.369999885559082,2.259999990463257,2.2799999713897705,2.2799999713897705,39580
2017-11-10,2.259999990463257,2.3499999046325684,2.259999990463257,2.2899999618530273,2.2899999618530273,56360
2017-11-13,2.2899999618530273,2.299999952316284,2.25,2.299999952316284,2.299999952316284,55575
2017-11-14,2.299999952316284,2.3499999046325684,2.25,2.259999990463257,2.259999990463257,112532
2017-11-15,2.259999990463257,2.259999990463257,2.200000047683716,2.2300000190734863,2.2300000190734863,314389
2017-11-16,2.2300000190734863,2.2899999618530273,2.200000047683716,2.2200000286102295,2.2200000286102295,174588
2017-11-17,2.2200000286102295,2.240000009536743,2.1600000858306885,2.1700000762939453,2.1700000762939453,426147
2017-11-20,2.119999885559082,2.2799999713897705,2.109999895095825,2.190000057220459,2.190000057220459,113625
2017-11-21,2.1600000858306885,2.2300000190734863,2.130000114440918,2.200000047683716,2.200000047683716,61075
2017-11-22,2.130000114440918,2.200000047683716,2.130000114440918,2.200000047683716,2.200000047683716,182787
2017-11-23,2.1500000953674316,2.25,2.140000104904175,2.1500000953674316,2.1500000953674316,155380
2017-11-24,2.1500000953674316,2.200000047683716,2.1500000953674316,2.1600000858306885,2.1600000858306885,12825
2017-11-27,2.140000104904175,2.1600000858306885,2.140000104904175,2.1600000858306885,2.1600000858306885,33897
2017-11-28,2.1700000762939453,2.200000047683716,2.130000114440918,2.190000057220459,2.190000057220459,84725
2017-11-29,2.190000057220459,2.190000057220459,2.0,2.049999952316284,2.049999952316284,447732
2017-11-30,2.0,2.049999952316284,1.909999966621399,1.9800000190734863,1.9800000190734863,217775
2017-12-01,2.0899999141693115,2.0899999141693115,1.9800000190734863,2.009999990463257,2.009999990463257,138725
2017-12-04,1.9500000476837158,2.0,1.9500000476837158,1.9500000476837158,1.9500000476837158,141706
2017-12-05,2.069999933242798,2.069999933242798,1.909999966621399,1.940000057220459,1.940000057220459,215850
2017-12-06,1.9600000381469727,1.9900000095367432,1.7999999523162842,1.840000033378601,1.840000033378601,485175
2017-12-07,1.899999976158142,1.899999976158142,1.809999942779541,1.8600000143051147,1.8600000143051147,165075
2017-12-08,1.8200000524520874,1.840000033378601,1.8200000524520874,1.840000033378601,1.840000033378601,88251
2017-12-11,1.809999942779541,1.8700000047683716,1.7999999523162842,1.8700000047683716,1.8700000047683716,91575
2017-12-12,1.840000033378601,1.8600000143051147,1.8300000429153442,1.8600000143051147,1.8600000143051147,108725
2017-12-13,1.850000023841858,2.0,1.8200000524520874,2.0,2.0,79605
2017-12-14,2.0,2.0,1.8600000143051147,1.899999976158142,1.899999976158142,128919
2017-12-15,1.840000033378601,1.899999976158142,1.8200000524520874,1.899999976158142,1.899999976158142,124400
2017-12-18,1.809999942779541,1.8600000143051147,1.7999999523162842,1.8600000143051147,1.8600000143051147,106609
2017-12-19,1.8300000429153442,1.899999976158142,1.8200000524520874,1.8799999952316284,1.8799999952316284,56208
2017-12-20,1.840000033378601,1.850000023841858,1.840000033378601,1.850000023841858,1.850000023841858,48904
2017-12-21,1.7999999523162842,1.899999976158142,1.7999999523162842,1.850000023841858,1.850000023841858,88087
2017-12-22,1.850000023841858,1.8600000143051147,1.850000023841858,1.850000023841858,1.850000023841858,115905
2017-12-27,1.850000023841858,1.940000057220459,1.850000023841858,1.9199999570846558,1.9199999570846558,106275
2017-12-28,1.9500000476837158,1.9500000476837158,1.899999976158142,1.9500000476837158,1.9500000476837158,67475
2017-12-29,1.940000057220459,1.9700000286102295,1.850000023841858,1.899999976158142,1.899999976158142,91125
2018-01-02,1.9600000381469727,1.9600000381469727,1.8600000143051147,1.899999976158142,1.899999976158142,74826
2018-01-03,1.8700000047683716,1.9500000476837158,1.8600000143051147,1.8700000047683716,1.8700000047683716,293500
2018-01-04,1.9500000476837158,1.9900000095367432,1.899999976158142,1.9700000286102295,1.9700000286102295,241400
2018-01-05,2.0,2.180000066757202,2.0,2.059999942779541,2.059999942779541,656682
2018-01-08,2.059999942779541,2.1700000762939453,2.0399999618530273,2.1500000953674316,2.1500000953674316,396975
2018-01-09,2.0799999237060547,2.1700000762939453,2.0799999237060547,2.1500000953674316,2.1500000953674316,221475
2018-01-10,2.1500000953674316,2.5,2.1500000953674316,2.25,2.25,1567131
2018-01-11,2.190000057220459,2.3499999046325684,2.190000057220459,2.25,2.25,316725
2018-01-12,2.2200000286102295,2.299999952316284,2.200000047683716,2.2300000190734863,2.2300000190734863,121965
2018-01-15,2.2300000190734863,2.3299999237060547,2.1500000953674316,2.200000047683716,2.200000047683716,256281
2018-01-16,2.25,2.25,2.119999885559082,2.1700000762939453,2.1700000762939453,151832
2018-01-17,2.140000104904175,2.1600000858306885,2.109999895095825,2.1600000858306885,2.1600000858306885,157500
2018-01-18,2.049999952316284,2.3499999046325684,2.049999952316284,2.069999933242798,2.069999933242798,835576
2018-01-19,2.0999999046325684,2.1500000953674316,2.0799999237060547,2.0799999237060547,2.0799999237060547,94834
2018-01-22,2.0799999237060547,2.0799999237060547,2.0,2.0,2.0,368442
2018-01-23,2.0299999713897705,2.0899999141693115,1.9600000381469727,2.0,2.0,259963
2018-01-24,1.9700000286102295,2.0899999141693115,1.9700000286102295,1.9900000095367432,1.9900000095367432,79000
2018-01-25,2.0,2.0399999618530273,1.9600000381469727,1.9900000095367432,1.9900000095367432,129587
2018-01-26,1.9900000095367432,2.0299999713897705,1.9500000476837158,2.0299999713897705,2.0299999713897705,198607
2018-01-29,2.0299999713897705,2.0299999713897705,1.9600000381469727,2.0299999713897705,2.0299999713897705,147404
2018-01-30,2.0,2.0,1.9600000381469727,1.9700000286102295,1.9700000286102295,178825
2018-01-31,1.940000057220459,2.009999990463257,1.940000057220459,1.9800000190734863,1.9800000190734863,106475
2018-02-01,1.9800000190734863,1.9800000190734863,1.9299999475479126,1.9299999475479126,1.9299999475479126,110000
2018-02-02,1.909999966621399,2.0,1.909999966621399,2.0,2.0,106330
2018-02-05,1.9500000476837158,1.9500000476837158,1.8899999856948853,1.9500000476837158,1.9500000476837158,201238
2018-02-06,1.899999976158142,1.899999976158142,1.840000033378601,1.8700000047683716,1.8700000047683716,302685
2018-02-07,1.840000033378601,1.9500000476837158,1.8799999952316284,1.8799999952316284,1.8799999952316284,123625
2018-02-08,1.8799999952316284,1.899999976158142,1.8600000143051147,1.8600000143051147,1.8600000143051147,94512
2018-02-09,1.809999942779541,1.8200000524520874,1.809999942779541,1.8200000524520874,1.8200000524520874,112125
2018-02-12,1.8200000524520874,1.899999976158142,1.8200000524520874,1.8600000143051147,1.8600000143051147,141100
2018-02-13,1.8300000429153442,1.9299999475479126,1.809999942779541,1.8799999952316284,1.8799999952316284,101950
2018-02-14,1.8799999952316284,1.909999966621399,1.8300000429153442,1.8799999952316284,1.8799999952316284,95204
2018-02-15,1.9199999570846558,2.0299999713897705,1.9199999570846558,1.9900000095367432,1.9900000095367432,3800
2018-02-20,1.909999966621399,1.940000057220459,1.840000033378601,1.9199999570846558,1.9199999570846558,78225
2018-02-21,1.8300000429153442,1.9199999570846558,1.8300000429153442,1.8700000047683716,1.8700000047683716,87887
2018-02-22,1.940000057220459,1.940000057220459,1.840000033378601,1.8799999952316284,1.8799999952316284,69000
2018-02-23,1.9800000190734863,1.9800000190734863,1.8799999952316284,1.9199999570846558,1.9199999570846558,67700
2018-02-26,1.9199999570846558,1.9700000286102295,1.8799999952316284,1.909999966621399,1.909999966621399,140215
2018-02-27,1.909999966621399,1.9700000286102295,1.899999976158142,1.940000057220459,1.940000057220459,145028
2018-02-28,1.8799999952316284,1.9299999475479126,1.8300000429153442,1.8700000047683716,1.8700000047683716,300294
2018-03-01,1.850000023841858,1.850000023841858,1.8200000524520874,1.850000023841858,1.850000023841858,253375
2018-03-02,1.8200000524520874,1.850000023841858,1.809999942779541,1.850000023841858,1.850000023841858,83325
2018-03-05,1.809999942779541,1.8799999952316284,1.809999942779541,1.8799999952316284,1.8799999952316284,73500
2018-03-06,1.8799999952316284,2.009999990463257,1.8700000047683716,1.8799999952316284,1.8799999952316284,1612690
2018-03-07,1.850000023841858,1.8799999952316284,1.850000023841858,1.8600000143051147,1.8600000143051147,56162
2018-03-08,1.8600000143051147,1.899999976158142,1.850000023841858,1.8700000047683716,1.8700000047683716,117282
2018-03-09,1.850000023841858,1.8799999952316284,1.850000023841858,1.8600000143051147,1.8600000143051147,58132
2018-03-12,1.850000023841858,1.8799999952316284,1.850000023841858,1.8799999952316284,1.8799999952316284,83630
2018-03-13,1.8600000143051147,1.899999976158142,1.8600000143051147,1.8899999856948853,1.8899999856948853,90925
2018-03-14,1.8300000429153442,1.9500000476837158,1.8300000429153442,1.909999966621399,1.909999966621399,79700
2018-03-15,1.8600000143051147,1.9199999570846558,1.850000023841858,1.8600000143051147,1.8600000143051147,160695
2018-03-16,1.8700000047683716,1.899999976158142,1.8600000143051147,1.8600000143051147,1.8600000143051147,173950
2018-03-19,1.8600000143051147,1.899999976158142,1.8600000143051147,1.8600000143051147,1.8600000143051147,71850
2018-03-20,1.8300000429153442,1.840000033378601,1.809999942779541,1.8300000429153442,1.8300000429153442,192260
2018-03-21,1.8200000524520874,1.8300000429153442,1.8200000524520874,1.8200000524520874,1.8200000524520874,123175
2018-03-22,1.8300000429153442,1.8300000429153442,1.809999942779541,1.8300000429153442,1.8300000429153442,158155
2018-03-23,1.809999942779541,1.809999942779541,1.75,1.7899999618530273,1.7899999618530273,176725
2018-03-26,1.7599999904632568,1.7699999809265137,1.7599999904632568,1.7899999618530273,1.7899999618530273,4900
2018-03-27,1.7599999904632568,1.850000023841858,1.7599999904632568,1.7899999618530273,1.7899999618530273,62389
2018-03-28,1.7899999618530273,1.8200000524520874,1.7699999809265137,1.7699999809265137,1.7699999809265137,29475
2018-03-29,1.75,1.7599999904632568,1.75,1.7599999904632568,1.7599999904632568,49235
2018-04-03,1.7599999904632568,1.7599999904632568,1.7400000095367432,1.7400000095367432,1.7400000095367432,72400
2018-04-04,1.7599999904632568,1.7599999904632568,1.7300000190734863,1.7300000190734863,1.7300000190734863,28175
2018-04-06,1.6299999952316284,1.7400000095367432,1.6299999952316284,1.659999966621399,1.659999966621399,177906
2018-04-09,1.649999976158142,1.7599999904632568,1.649999976158142,1.7300000190734863,1.7300000190734863,259925
2018-04-10,1.7200000286102295,1.7899999618530273,1.7200000286102295,1.7400000095367432,1.7400000095367432,8381
2018-04-11,1.7100000381469727,1.7200000286102295,1.7100000381469727,1.7200000286102295,1.7200000286102295,29500
2018-04-12,1.7200000286102295,1.7200000286102295,1.6399999856948853,1.690000057220459,1.690000057220459,7862
2018-04-13,1.649999976158142,1.7899999618530273,1.649999976158142,1.7799999713897705,1.7799999713897705,79700
2018-04-16,1.850000023841858,1.850000023841858,1.6699999570846558,1.7000000476837158,1.7000000476837158,205350
2018-04-17,1.6100000143051147,1.7999999523162842,1.6100000143051147,1.7799999713897705,1.7799999713897705,25225
2018-04-18,1.7699999809265137,1.7699999809265137,1.75,1.7599999904632568,1.7599999904632568,42806
2018-04-19,1.6799999475479126,1.7899999618530273,1.6799999475479126,1.7799999713897705,1.7799999713897705,82400
2018-04-20,1.7999999523162842,1.850000023841858,1.7300000190734863,1.7999999523162842,1.7999999523162842,111700
2018-04-23,1.6799999475479126,1.7599999904632568,1.6799999475479126,1.7599999904632568,1.7599999904632568,88850
2018-04-24,1.7699999809265137,1.8600000143051147,1.7599999904632568,1.7599999904632568,1.7599999904632568,37860
2018-04-25,1.690000057220459,1.7000000476837158,1.6799999475479126,1.6799999475479126,1.6799999475479126,52812
2018-04-26,1.690000057220459,1.690000057220459,1.690000057220459,1.690000057220459,1.690000057220459,0
2018-04-27,1.690000057220459,1.690000057220459,1.6699999570846558,1.690000057220459,1.690000057220459,62680
2018-04-30,1.6799999475479126,1.8200000524520874,1.6799999475479126,1.809999942779541,1.809999942779541,16137
2018-05-02,1.75,1.75,1.75,1.75,1.75,21262
2018-05-03,1.7400000095367432,1.7400000095367432,1.6699999570846558,1.7000000476837158,1.7000000476837158,14152
2018-05-04,1.6399999856948853,1.7699999809265137,1.6399999856948853,1.7699999809265137,1.7699999809265137,46200
2018-05-07,1.649999976158142,1.75,1.649999976158142,1.659999966621399,1.659999966621399,24575
2018-05-08,1.659999966621399,1.7699999809265137,1.659999966621399,1.7699999809265137,1.7699999809265137,121705
2018-05-09,1.7000000476837158,1.7000000476837158,1.6699999570846558,1.7000000476837158,1.7000000476837158,69275
2018-05-10,1.75,1.840000033378601,1.7200000286102295,1.7300000190734863,1.7300000190734863,135600
2018-05-11,1.7300000190734863,1.7300000190734863,1.7300000190734863,1.7300000190734863,1.7300000190734863,71655
2018-05-14,1.7300000190734863,1.7899999618530273,1.7300000190734863,1.7799999713897705,1.7799999713897705,9702
2018-05-15,1.7000000476837158,1.7000000476837158,1.6699999570846558,1.7000000476837158,1.7000000476837158,34067
2018-05-16,1.690000057220459,1.7200000286102295,1.690000057220459,1.7200000286102295,1.7200000286102295,40407
2018-05-17,1.6699999570846558,1.6799999475479126,1.6699999570846558,1.6799999475479126,1.6799999475479126,82875
2018-05-18,1.7000000476837158,1.75,1.690000057220459,1.7000000476837158,1.7000000476837158,39975
2018-05-21,1.6799999475479126,1.6799999475479126,1.6799999475479126,1.690000057220459,1.690000057220459,43031
2018-05-23,1.6699999570846558,1.6799999475479126,1.6699999570846558,1.6799999475479126,1.6799999475479126,23025
2018-05-24,1.7100000381469727,1.7100000381469727,1.6699999570846558,1.6799999475479126,1.6799999475479126,21707
2018-05-25,1.6799999475479126,1.6799999475479126,1.600000023841858,1.6200000047683716,1.6200000047683716,72950
2018-05-28,1.6299999952316284,1.6399999856948853,1.6200000047683716,1.6399999856948853,1.6399999856948853,23875
2018-05-29,1.6399999856948853,1.6399999856948853,1.600000023841858,1.6200000047683716,1.6200000047683716,20100
2018-05-30,1.6100000143051147,1.6200000047683716,1.600000023841858,1.600000023841858,1.600000023841858,13387
2018-05-31,1.659999966621399,1.659999966621399,1.559999942779541,1.6100000143051147,1.6100000143051147,82293
2018-06-01,1.6100000143051147,1.6799999475479126,1.600000023841858,1.649999976158142,1.649999976158142,17950
2018-06-04,1.649999976158142,1.649999976158142,1.600000023841858,1.649999976158142,1.649999976158142,47175
2018-06-05,1.5800000429153442,1.6200000047683716,1.5800000429153442,1.600000023841858,1.600000023841858,129750
2018-06-06,1.5199999809265137,1.600000023841858,1.5199999809265137,1.600000023841858,1.600000023841858,199375
2018-06-07,1.5499999523162842,1.6399999856948853,1.5499999523162842,1.6399999856948853,1.6399999856948853,112900
2018-06-08,1.5499999523162842,1.559999942779541,1.5499999523162842,1.559999942779541,1.559999942779541,110750
2018-06-11,1.5199999809265137,1.6299999952316284,1.5199999809265137,1.6299999952316284,1.6299999952316284,143135
2018-06-12,1.5399999618530273,1.5700000524520874,1.5399999618530273,1.5700000524520874,1.5700000524520874,100975
2018-06-13,1.5700000524520874,1.5700000524520874,1.5700000524520874,1.5700000524520874,1.5700000524520874,123700
2018-06-14,1.5700000524520874,1.5700000524520874,1.5499999523162842,1.5700000524520874,1.5700000524520874,106425
2018-06-15,1.5199999809265137,1.5800000429153442,1.5199999809265137,1.559999942779541,1.559999942779541,134805
2018-06-19,1.5499999523162842,1.5499999523162842,1.5,1.5399999618530273,1.5399999618530273,150150
2018-06-20,1.5099999904632568,1.6200000047683716,1.5099999904632568,1.5399999618530273,1.5399999618530273,92850
2018-06-21,1.4199999570846558,1.590000033378601,1.409999966621399,1.590000033378601,1.590000033378601,106375
2018-06-22,1.4800000190734863,1.4800000190734863,1.4800000190734863,1.4800000190734863,1.4800000190734863,0
2018-06-25,1.4900000095367432,1.5,1.4500000476837158,1.4900000095367432,1.4900000095367432,98500
2018-06-26,1.3700000047683716,1.4900000095367432,1.4199999570846558,1.4700000286102295,1.4700000286102295,164150
2018-06-27,1.4500000476837158,1.5,1.399999976158142,1.399999976158142,1.399999976158142,149605
2018-06-28,1.399999976158142,1.4199999570846558,1.399999976158142,1.4199999570846558,1.4199999570846558,35350
2018-06-29,1.3799999952316284,1.4500000476837158,1.3799999952316284,1.409999966621399,1.409999966621399,11712
2018-07-03,1.2599999904632568,1.409999966621399,1.2599999904632568,1.409999966621399,1.409999966621399,56131
2018-07-04,1.409999966621399,1.409999966621399,1.309999942779541,1.399999976158142,1.399999976158142,58200
2018-07-05,1.350000023841858,1.350000023841858,1.2999999523162842,1.350000023841858,1.350000023841858,39500
2018-07-06,1.2899999618530273,1.350000023841858,1.25,1.2799999713897705,1.2799999713897705,92225
2018-07-09,1.2899999618530273,1.350000023841858,1.2899999618530273,1.3300000429153442,1.3300000429153442,66725
2018-07-10,1.2799999713897705,1.340000033378601,1.2599999904632568,1.3300000429153442,1.3300000429153442,41950
2018-07-11,1.2699999809265137,1.3200000524520874,1.2100000381469727,1.309999942779541,1.309999942779541,30205
2018-07-12,1.2300000190734863,1.3799999952316284,1.2300000190734863,1.3600000143051147,1.3600000143051147,42150
2018-07-13,1.309999942779541,1.309999942779541,1.2999999523162842,1.309999942779541,1.309999942779541,7450
2018-07-16,1.2999999523162842,1.350000023841858,1.2599999904632568,1.2599999904632568,1.2599999904632568,23382
2018-07-17,1.2599999904632568,1.2699999809265137,1.2599999904632568,1.2699999809265137,1.2699999809265137,4630
2018-07-18,1.1299999952316284,1.340000033378601,1.1299999952316284,1.2400000095367432,1.2400000095367432,52160
2018-07-19,1.2200000286102295,1.2300000190734863,1.2200000286102295,1.2300000190734863,1.2300000190734863,16238
2018-07-20,1.2400000095367432,1.2400000095367432,1.2000000476837158,1.2100000381469727,1.2100000381469727,67700
2018-07-23,1.2100000381469727,1.2100000381469727,1.2000000476837158,1.2000000476837158,1.2000000476837158,10262
2018-07-24,1.2000000476837158,1.2100000381469727,1.2000000476837158,1.2000000476837158,1.2000000476837158,14975
2018-07-25,1.2000000476837158,1.2100000381469727,1.2000000476837158,1.2100000381469727,1.2100000381469727,24900
2018-07-26,1.2000000476837158,1.2799999713897705,1.2000000476837158,1.2699999809265137,1.2699999809265137,32200
2018-07-27,1.350000023841858,1.3600000143051147,1.2699999809265137,1.2699999809265137,1.2699999809265137,46900
2018-07-30,1.2699999809265137,1.2799999713897705,1.2599999904632568,1.2799999713897705,1.2799999713897705,68530
2018-07-31,1.2599999904632568,1.2899999618530273,1.2599999904632568,1.2899999618530273,1.2899999618530273,20250
2018-08-01,1.2999999523162842,1.3200000524520874,1.2799999713897705,1.2799999713897705,1.2799999713897705,48850
2018-08-02,1.4500000476837158,1.4500000476837158,1.2899999618530273,1.399999976158142,1.399999976158142,215182
2018-08-03,1.2899999618530273,1.3799999952316284,1.2899999618530273,1.3799999952316284,1.3799999952316284,16050
2018-08-06,1.309999942779541,1.3200000524520874,1.2999999523162842,1.3200000524520874,1.3200000524520874,16220
2018-08-07,1.3200000524520874,1.3600000143051147,1.2999999523162842,1.2999999523162842,1.2999999523162842,98850
2018-08-08,1.350000023841858,1.350000023841858,1.3200000524520874,1.350000023841858,1.350000023841858,8712
2018-08-09,1.2999999523162842,1.3600000143051147,1.2999999523162842,1.3799999952316284,1.3799999952316284,10178
2018-08-10,1.3799999952316284,1.3799999952316284,1.3200000524520874,1.3700000047683716,1.3700000047683716,21000
2018-08-13,1.350000023841858,1.3700000047683716,1.350000023841858,1.350000023841858,1.350000023841858,56201
2018-08-14,1.350000023841858,1.399999976158142,1.340000033378601,1.3799999952316284,1.3799999952316284,509551
2018-08-15,1.350000023841858,1.350000023841858,1.2899999618530273,1.2899999618530273,1.2899999618530273,126100
2018-08-16,1.2899999618530273,1.2899999618530273,1.2200000286102295,1.2799999713897705,1.2799999713897705,55500
2018-08-17,1.149999976158142,1.350000023841858,1.1200000047683716,1.2799999713897705,1.2799999713897705,121400
2018-08-20,1.1399999856948853,1.25,1.1399999856948853,1.350000023841858,1.350000023841858,2600
2018-08-21,1.3200000524520874,1.3200000524520874,1.3200000524520874,1.3200000524520874,1.3200000524520874,1500
2018-08-22,1.2100000381469727,1.3300000429153442,1.2100000381469727,1.3200000524520874,1.3200000524520874,27925
2018-08-23,1.2899999618530273,1.3700000047683716,1.2699999809265137,1.2699999809265137,1.2699999809265137,7219
2018-08-24,1.2599999904632568,1.3600000143051147,1.25,1.2599999904632568,1.2599999904632568,8800
2018-08-27,1.2599999904632568,1.2599999904632568,1.2100000381469727,1.2999999523162842,1.2999999523162842,43762
2018-08-28,1.25,1.25,1.2000000476837158,1.2100000381469727,1.2100000381469727,8980
2018-08-29,1.2000000476837158,1.350000023841858,1.1299999952316284,1.350000023841858,1.350000023841858,116600
2018-08-30,1.25,1.3600000143051147,1.2200000286102295,1.2999999523162842,1.2999999523162842,68450
2018-08-31,1.2200000286102295,1.2200000286102295,1.1799999475479126,1.3300000429153442,1.3300000429153442,7250
2018-09-03,1.340000033378601,1.399999976158142,1.309999942779541,1.3799999952316284,1.3799999952316284,256050
2018-09-04,1.3300000429153442,1.409999966621399,1.3300000429153442,1.399999976158142,1.399999976158142,15600
2018-09-05,1.3899999856948853,1.399999976158142,1.3600000143051147,1.3600000143051147,1.3600000143051147,19300
2018-09-06,1.399999976158142,1.399999976158142,1.3200000524520874,1.3300000429153442,1.3300000429153442,47355
2018-09-07,1.3200000524520874,1.3799999952316284,1.3200000524520874,1.3799999952316284,1.3799999952316284,1475
2018-09-10,1.3799999952316284,1.3799999952316284,1.2799999713897705,1.309999942779541,1.309999942779541,97937
2018-09-11,1.309999942779541,1.3700000047683716,1.309999942779541,1.3600000143051147,1.3600000143051147,37425
2018-09-12,1.3200000524520874,1.3799999952316284,1.2400000095367432,1.3600000143051147,1.3600000143051147,223825
2018-09-13,1.3799999952316284,1.4199999570846558,1.3200000524520874,1.3799999952316284,1.3799999952316284,56401
2018-09-14,1.3799999952316284,1.399999976158142,1.3799999952316284,1.3899999856948853,1.3899999856948853,33675
2018-09-17,1.3899999856948853,1.4800000190734863,1.3700000047683716,1.3899999856948853,1.3899999856948853,22892
2018-09-18,1.340000033378601,1.3600000143051147,1.340000033378601,1.3600000143051147,1.3600000143051147,4750
2018-09-19,1.3200000524520874,1.350000023841858,1.3200000524520874,1.3600000143051147,1.3600000143051147,88200
2018-09-20,1.350000023841858,1.399999976158142,1.350000023841858,1.3799999952316284,1.3799999952316284,33200
2018-09-21,1.350000023841858,1.350000023841858,1.350000023841858,1.350000023841858,1.350000023841858,28401
2018-09-24,1.350000023841858,1.409999966621399,1.350000023841858,1.409999966621399,1.409999966621399,105212
2018-09-26,1.3700000047683716,1.3700000047683716,1.3700000047683716,1.3700000047683716,1.3700000047683716,21800
2018-09-27,1.340000033378601,1.3700000047683716,1.340000033378601,1.3600000143051147,1.3600000143051147,25650
2018-09-28,1.3799999952316284,1.399999976158142,1.3600000143051147,1.3700000047683716,1.3700000047683716,63068
2018-10-02,1.3700000047683716,1.409999966621399,1.3600000143051147,1.3899999856948853,1.3899999856948853,104600
2018-10-03,1.3899999856948853,1.3899999856948853,1.3899999856948853,1.3899999856948853,1.3899999856948853,4650
2018-10-04,1.3700000047683716,1.3700000047683716,1.3600000143051147,1.3700000047683716,1.3700000047683716,77690
2018-10-05,1.3700000047683716,1.4199999570846558,1.3700000047683716,1.399999976158142,1.399999976158142,35755
2018-10-08,1.3899999856948853,1.3899999856948853,1.3799999952316284,1.3799999952316284,1.3799999952316284,54512
2018-10-09,1.3700000047683716,1.3700000047683716,1.3700000047683716,1.3700000047683716,1.3700000047683716,6964
2018-10-10,1.3600000143051147,1.3799999952316284,1.3600000143051147,1.3799999952316284,1.3799999952316284,19061
2018-10-11,1.350000023841858,1.350000023841858,1.25,1.340000033378601,1.340000033378601,101650
2018-10-12,1.2599999904632568,1.340000033378601,1.2300000190734863,1.3200000524520874,1.3200000524520874,15450
2018-10-15,1.350000023841858,1.350000023841858,1.25,1.2999999523162842,1.2999999523162842,2861
2018-10-16,1.2999999523162842,1.2999999523162842,1.2999999523162842,1.2999999523162842,1.2999999523162842,0
2018-10-18,1.309999942779541,1.309999942779541,1.1799999475479126,1.1799999475479126,1.1799999475479126,30225
2018-10-19,1.2799999713897705,1.2799999713897705,1.2799999713897705,1.2799999713897705,1.2799999713897705,0
2018-10-22,1.2100000381469727,1.2400000095367432,1.2100000381469727,1.2999999523162842,1.2999999523162842,3200
2018-10-23,1.309999942779541,1.309999942779541,1.2300000190734863,1.2300000190734863,1.2300000190734863,53700
2018-10-24,1.2100000381469727,1.2999999523162842,1.2100000381469727,1.2999999523162842,1.2999999523162842,19275
2018-10-25,1.2599999904632568,1.2999999523162842,1.25,1.2999999523162842,1.2999999523162842,18603
2018-10-26,1.350000023841858,1.350000023841858,1.350000023841858,1.350000023841858,1.350000023841858,600
2018-10-29,1.2599999904632568,1.2799999713897705,1.2599999904632568,1.350000023841858,1.350000023841858,6300
2018-10-30,1.3200000524520874,1.3300000429153442,1.25,1.2799999713897705,1.2799999713897705,24875
2018-10-31,1.2699999809265137,1.399999976158142,1.2699999809265137,1.399999976158142,1.399999976158142,5400
2018-11-01,1.350000023841858,1.350000023841858,1.2799999713897705,1.3200000524520874,1.3200000524520874,66800
2018-11-02,1.3200000524520874,1.3799999952316284,1.3200000524520874,1.3200000524520874,1.3200000524520874,28934
2018-11-05,1.309999942779541,1.350000023841858,1.309999942779541,1.309999942779541,1.309999942779541,19750
2018-11-06,1.2999999523162842,1.2999999523162842,1.2300000190734863,1.2999999523162842,1.2999999523162842,52200
2018-11-07,1.2999999523162842,1.2999999523162842,1.2300000190734863,1.2699999809265137,1.2699999809265137,10935
2018-11-08,1.2899999618530273,1.2899999618530273,1.2899999618530273,1.2899999618530273,1.2899999618530273,0
2018-11-09,1.2799999713897705,1.2799999713897705,1.2699999809265137,1.2799999713897705,1.2799999713897705,46455
2018-11-12,1.1799999475479126,1.2999999523162842,1.1799999475479126,1.2799999713897705,1.2799999713897705,8475
2018-11-13,1.2000000476837158,1.399999976158142,1.2000000476837158,1.2999999523162842,1.2999999523162842,7750
2018-11-14,1.2999999523162842,1.2999999523162842,1.25,1.2999999523162842,1.2999999523162842,16675
2018-11-15,1.2400000095367432,1.3799999952316284,1.2400000095367432,1.2999999523162842,1.2999999523162842,41955
2018-11-16,1.309999942779541,1.309999942779541,1.25,1.2899999618530273,1.2899999618530273,2700
2018-11-19,1.2599999904632568,1.2999999523162842,1.2599999904632568,1.2899999618530273,1.2899999618530273,4362
2018-11-20,1.2899999618530273,1.2899999618530273,1.2300000190734863,1.2899999618530273,1.2899999618530273,40187
2018-11-21,1.25,1.2999999523162842,1.25,1.2999999523162842,1.2999999523162842,8360
2018-11-22,1.2799999713897705,1.2999999523162842,1.25,1.25,1.25,14400
2018-11-23,1.2899999618530273,1.340000033378601,1.25,1.2599999904632568,1.2599999904632568,34850
2018-11-26,1.2599999904632568,1.2999999523162842,1.25,1.2899999618530273,1.2899999618530273,36000
2018-11-27,1.2999999523162842,1.3200000524520874,1.2999999523162842,1.3200000524520874,1.3200000524520874,7200
2018-11-28,1.2599999904632568,1.3300000429153442,1.2599999904632568,1.3300000429153442,1.3300000429153442,23650
2018-11-29,1.2799999713897705,1.2799999713897705,1.25,1.2699999809265137,1.2699999809265137,145900
2018-11-30,1.2000000476837158,1.2899999618530273,1.2000000476837158,1.2699999809265137,1.2699999809265137,33756
2018-12-03,1.2000000476837158,1.3300000429153442,1.2000000476837158,1.2999999523162842,1.2999999523162842,2025
2018-12-04,1.2200000286102295,1.309999942779541,1.2200000286102295,1.2799999713897705,1.2799999713897705,21200
2018-12-05,1.25,1.350000023841858,1.25,1.3200000524520874,1.3200000524520874,59775
2018-12-06,1.2599999904632568,1.3200000524520874,1.2599999904632568,1.2599999904632568,1.2599999904632568,37200
2018-12-07,1.2999999523162842,1.2999999523162842,1.2599999904632568,1.2599999904632568,1.2599999904632568,23825
2018-12-10,1.25,1.25,1.2300000190734863,1.2400000095367432,1.2400000095367432,18494
2018-12-11,1.2200000286102295,1.2899999618530273,1.2200000286102295,1.2699999809265137,1.2699999809265137,6550
2018-12-12,1.2300000190734863,1.2899999618530273,1.2200000286102295,1.2799999713897705,1.2799999713897705,20125
2018-12-13,1.2799999713897705,1.340000033378601,1.2599999904632568,1.2999999523162842,1.2999999523162842,32950
2018-12-14,1.2699999809265137,1.2999999523162842,1.2400000095367432,1.25,1.25,94450
2018-12-17,1.2699999809265137,1.3200000524520874,1.2599999904632568,1.3200000524520874,1.3200000524520874,8517
2018-12-18,1.2100000381469727,1.309999942779541,1.2100000381469727,1.309999942779541,1.309999942779541,18119
2018-12-19,1.2400000095367432,1.309999942779541,1.2400000095367432,1.2899999618530273,1.2899999618530273,39800
2018-12-20,1.2599999904632568,1.2899999618530273,1.25,1.2599999904632568,1.2599999904632568,11625
2018-12-21,1.2400000095367432,1.25,1.1299999952316284,1.2400000095367432,1.2400000095367432,48312
2018-12-24,1.2400000095367432,1.2899999618530273,1.2000000476837158,1.2899999618530273,1.2899999618530273,18850
2018-12-27,1.159999966621399,1.25,1.159999966621399,1.25,1.25,7817
2018-12-28,1.2100000381469727,1.2200000286102295,1.1699999570846558,1.2200000286102295,1.2200000286102295,31597
2018-12-31,1.2000000476837158,1.2000000476837158,1.2000000476837158,1.2000000476837158,1.2000000476837158,10500
2019-01-02,1.2000000476837158,1.2699999809265137,1.2000000476837158,1.2699999809265137,1.2699999809265137,28300
2019-01-03,1.1799999475479126,1.2999999523162842,1.1799999475479126,1.2999999523162842,1.2999999523162842,37000
2019-01-04,1.2799999713897705,1.2899999618530273,1.2100000381469727,1.2699999809265137,1.2699999809265137,32200
2019-01-07,1.149999976158142,1.2599999904632568,1.149999976158142,1.2599999904632568,1.2599999904632568,8025
2019-01-08,1.2000000476837158,1.25,1.2000000476837158,1.25,1.25,11575
2019-01-09,1.25,1.2699999809265137,1.2000000476837158,1.2400000095367432,1.2400000095367432,30375
2019-01-10,1.2400000095367432,1.2799999713897705,1.2400000095367432,1.25,1.25,84430
2019-01-11,1.2100000381469727,1.2799999713897705,1.2100000381469727,1.2699999809265137,1.2699999809265137,41625
2019-01-14,1.2200000286102295,1.2699999809265137,1.2200000286102295,1.2300000190734863,1.2300000190734863,8325
2019-01-15,1.2100000381469727,1.2300000190734863,1.1799999475479126,1.2000000476837158,1.2000000476837158,96500
2019-01-16,1.2000000476837158,1.2300000190734863,1.2000000476837158,1.2000000476837158,1.2000000476837158,2250
2019-01-17,1.2300000190734863,1.25,1.190000057220459,1.2300000190734863,1.2300000190734863,106225
2019-01-18,1.2300000190734863,1.2300000190734863,1.190000057220459,1.2300000190734863,1.2300000190734863,3807
2019-01-21,1.1799999475479126,1.2200000286102295,1.1799999475479126,1.2200000286102295,1.2200000286102295,10450
2019-01-22,1.190000057220459,1.2699999809265137,1.190000057220459,1.2699999809265137,1.2699999809265137,27162
2019-01-23,1.2000000476837158,1.2599999904632568,1.2000000476837158,1.2599999904632568,1.2599999904632568,27050
2019-01-24,1.25,1.2799999713897705,1.25,1.2599999904632568,1.2599999904632568,33075
2019-01-25,1.190000057220459,1.2599999904632568,1.190000057220459,1.2100000381469727,1.2100000381469727,34026
2019-01-28,1.2000000476837158,1.3300000429153442,1.2000000476837158,1.2000000476837158,1.2000000476837158,8527
2019-01-29,1.2100000381469727,1.2799999713897705,1.2000000476837158,1.2200000286102295,1.2200000286102295,57125
2019-01-30,1.2200000286102295,1.2599999904632568,1.2200000286102295,1.25,1.25,33925
2019-01-31,1.2799999713897705,1.2799999713897705,1.2200000286102295,1.2200000286102295,1.2200000286102295,57812
2019-02-01,1.25,1.3700000047683716,1.2300000190734863,1.2300000190734863,1.2300000190734863,135400
2019-02-04,1.3799999952316284,1.3799999952316284,1.3799999952316284,1.3799999952316284,1.3799999952316284,450
2019-02-08,1.2699999809265137,1.3200000524520874,1.2599999904632568,1.2899999618530273,1.2899999618530273,58450
2019-02-11,1.2400000095367432,1.3799999952316284,1.2400000095367432,1.3600000143051147,1.3600000143051147,79050
2019-02-12,1.2699999809265137,1.3600000143051147,1.2699999809265137,1.2999999523162842,1.2999999523162842,8850
2019-02-13,1.2300000190734863,1.350000023841858,1.2300000190734863,1.2899999618530273,1.2899999618530273,137083
2019-02-14,1.2899999618530273,1.309999942779541,1.2799999713897705,1.2999999523162842,1.2999999523162842,34073
2019-02-15,1.2799999713897705,1.2999999523162842,1.2799999713897705,1.2799999713897705,1.2799999713897705,27678
2019-02-18,1.2899999618530273,1.4700000286102295,1.2899999618530273,1.4700000286102295,1.4700000286102295,294550
2019-02-19,1.4700000286102295,1.7000000476837158,1.399999976158142,1.600000023841858,1.600000023841858,892500
2019-02-20,1.600000023841858,1.600000023841858,1.4700000286102295,1.4700000286102295,1.4700000286102295,180950
2019-02-21,1.4199999570846558,1.4900000095367432,1.350000023841858,1.4800000190734863,1.4800000190734863,187925
2019-02-22,1.4600000381469727,1.5,1.3200000524520874,1.4800000190734863,1.4800000190734863,89900
2019-02-25,1.5399999618530273,1.600000023841858,1.5,1.600000023841858,1.600000023841858,115800
2019-02-26,1.5,1.590000033378601,1.4600000381469727,1.4700000286102295,1.4700000286102295,16962
2019-02-27,1.4500000476837158,1.590000033378601,1.4199999570846558,1.4500000476837158,1.4500000476837158,83300
2019-02-28,1.5399999618530273,1.5499999523162842,1.4500000476837158,1.5499999523162842,1.5499999523162842,51325
2019-03-01,1.5199999809265137,1.559999942779541,1.4600000381469727,1.4800000190734863,1.4800000190734863,19900
2019-03-04,1.4800000190734863,1.5700000524520874,1.4800000190734863,1.5499999523162842,1.5499999523162842,75000
2019-03-05,1.5299999713897705,1.5499999523162842,1.4800000190734863,1.4800000190734863,1.4800000190734863,73325
2019-03-06,1.4700000286102295,1.7999999523162842,1.4700000286102295,1.6699999570846558,1.6699999570846558,708725
2019-03-07,1.6100000143051147,1.6699999570846558,1.590000033378601,1.6299999952316284,1.6299999952316284,165450
2019-03-08,1.5199999809265137,1.649999976158142,1.5,1.5199999809265137,1.5199999809265137,180550
2019-03-11,1.5,1.590000033378601,1.5,1.5499999523162842,1.5499999523162842,42125
2019-03-12,1.5499999523162842,1.649999976158142,1.5099999904632568,1.6200000047683716,1.6200000047683716,282725
2019-03-13,1.5499999523162842,1.6200000047683716,1.5299999713897705,1.600000023841858,1.600000023841858,53100
2019-03-14,1.5299999713897705,1.6799999475479126,1.5,1.5800000429153442,1.5800000429153442,324300
2019-03-15,1.5800000429153442,1.6100000143051147,1.5299999713897705,1.590000033378601,1.590000033378601,70662
2019-03-18,1.559999942779541,1.559999942779541,1.5099999904632568,1.5299999713897705,1.5299999713897705,62150
2019-03-19,1.5299999713897705,1.559999942779541,1.4800000190734863,1.5399999618530273,1.5399999618530273,34663
2019-03-20,1.5399999618530273,1.559999942779541,1.5,1.5,1.5,112475
2019-03-21,1.4800000190734863,1.5299999713897705,1.4199999570846558,1.5,1.5,24312
2019-03-22,1.4500000476837158,1.5,1.4299999475479126,1.5,1.5,3123
2019-03-25,1.409999966621399,1.5,1.409999966621399,1.440000057220459,1.440000057220459,31810
2019-03-26,1.440000057220459,1.4800000190734863,1.4199999570846558,1.4199999570846558,1.4199999570846558,45025
2019-03-27,1.399999976158142,1.5099999904632568,1.399999976158142,1.5,1.5,24484
2019-03-28,1.409999966621399,1.4900000095367432,1.409999966621399,1.4900000095367432,1.4900000095367432,50875
2019-03-29,1.409999966621399,1.4900000095367432,1.409999966621399,1.4299999475479126,1.4299999475479126,17159
2019-04-01,1.4299999475479126,1.6100000143051147,1.4299999475479126,1.5299999713897705,1.5299999713897705,114525
2019-04-02,1.5299999713897705,1.590000033378601,1.4299999475479126,1.5199999809265137,1.5199999809265137,34422
2019-04-03,1.5499999523162842,1.590000033378601,1.5099999904632568,1.5499999523162842,1.5499999523162842,58012
2019-04-04,1.5,1.590000033378601,1.5,1.5499999523162842,1.5499999523162842,22225
2019-04-08,1.4700000286102295,1.559999942779541,1.4700000286102295,1.559999942779541,1.559999942779541,87725
2019-04-09,1.5099999904632568,1.5800000429153442,1.5099999904632568,1.5399999618530273,1.5399999618530273,78611
2019-04-10,1.5099999904632568,1.5700000524520874,1.5,1.5399999618530273,1.5399999618530273,103650
2019-04-11,1.5399999618530273,1.5499999523162842,1.4500000476837158,1.5099999904632568,1.5099999904632568,235925
2019-04-12,1.4600000381469727,1.5800000429153442,1.4600000381469727,1.559999942779541,1.559999942779541,75875
2019-04-15,1.559999942779541,1.5700000524520874,1.5399999618530273,1.5399999618530273,1.5399999618530273,39973
2019-04-16,1.5,1.5499999523162842,1.4800000190734863,1.5099999904632568,1.5099999904632568,24500
2019-04-17,1.5299999713897705,1.600000023841858,1.5199999809265137,1.5299999713897705,1.5299999713897705,58775
2019-04-18,1.5199999809265137,1.5399999618530273,1.5199999809265137,1.5299999713897705,1.5299999713897705,144300
2019-04-23,1.5099999904632568,1.5399999618530273,1.5099999904632568,1.5199999809265137,1.5199999809265137,140900
2019-04-24,1.5099999904632568,1.5199999809265137,1.4800000190734863,1.4900000095367432,1.4900000095367432,60651
2019-04-25,1.4700000286102295,1.4700000286102295,1.4199999570846558,1.4199999570846558,1.4199999570846558,54949
2019-04-26,1.340000033378601,1.4800000190734863,1.340000033378601,1.4800000190734863,1.4800000190734863,56700
2019-04-29,1.3799999952316284,1.440000057220459,1.3799999952316284,1.409999966621399,1.409999966621399,3350
2019-04-30,1.4299999475479126,1.4299999475479126,1.4299999475479126,1.4299999475479126,1.4299999475479126,0
2019-05-02,1.409999966621399,1.4199999570846558,1.3600000143051147,1.3600000143051147,1.3600000143051147,45275
2019-05-03,1.3899999856948853,1.4600000381469727,1.3600000143051147,1.409999966621399,1.409999966621399,21675
2019-05-06,1.409999966621399,1.409999966621399,1.2200000286102295,1.350000023841858,1.350000023841858,115025
2019-05-07,1.2200000286102295,1.350000023841858,1.2200000286102295,1.340000033378601,1.340000033378601,1500
2019-05-08,1.340000033378601,1.340000033378601,1.340000033378601,1.340000033378601,1.340000033378601,0
2019-05-09,1.2100000381469727,1.25,1.2000000476837158,1.2400000095367432,1.2400000095367432,159425
2019-05-10,1.2100000381469727,1.2999999523162842,1.2000000476837158,1.2999999523162842,1.2999999523162842,72450
2019-05-14,1.2899999618530273,1.2999999523162842,1.2899999618530273,1.2999999523162842,1.2999999523162842,60254
2019-05-15,1.2599999904632568,1.2999999523162842,1.2599999904632568,1.2999999523162842,1.2999999523162842,1400
2019-05-16,1.2999999523162842,1.399999976158142,1.2200000286102295,1.2300000190734863,1.2300000190734863,26375
2019-05-17,1.2200000286102295,1.2599999904632568,1.2200000286102295,1.2599999904632568,1.2599999904632568,56225
2019-05-20,1.2400000095367432,1.25,1.2400000095367432,1.25,1.25,37550
2019-05-21,1.25,1.2999999523162842,1.2200000286102295,1.2200000286102295,1.2200000286102295,161201
2019-05-22,1.2200000286102295,1.2999999523162842,1.2200000286102295,1.2999999523162842,1.2999999523162842,1300
2019-05-23,1.2100000381469727,1.350000023841858,1.2000000476837158,1.2999999523162842,1.2999999523162842,23250
2019-05-24,1.25,1.2999999523162842,1.2200000286102295,1.2999999523162842,1.2999999523162842,5875
2019-05-27,1.2300000190734863,1.2599999904632568,1.2000000476837158,1.2100000381469727,1.2100000381469727,123975
2019-05-28,1.1399999856948853,1.2000000476837158,1.1299999952316284,1.2000000476837158,1.2000000476837158,37800
2019-05-29,1.1399999856948853,1.2300000190734863,1.1399999856948853,1.1799999475479126,1.1799999475479126,31975
2019-05-30,1.1799999475479126,1.2200000286102295,1.159999966621399,1.159999966621399,1.159999966621399,66650
2019-05-31,1.149999976158142,1.2000000476837158,1.149999976158142,1.1799999475479126,1.1799999475479126,26287
2019-06-03,1.1799999475479126,1.2100000381469727,1.1200000047683716,1.1799999475479126,1.1799999475479126,56800
2019-06-04,1.1399999856948853,1.2000000476837158,1.1399999856948853,1.190000057220459,1.190000057220459,45675
2019-06-05,1.190000057220459,1.190000057220459,1.149999976158142,1.1799999475479126,1.1799999475479126,8875
2019-06-06,1.149999976158142,1.1799999475479126,1.149999976158142,1.1799999475479126,1.1799999475479126,10150
2019-06-10,1.149999976158142,1.3600000143051147,1.149999976158142,1.3600000143051147,1.3600000143051147,24912
2019-06-11,1.190000057220459,1.25,1.190000057220459,1.190000057220459,1.190000057220459,61050
2019-06-12,1.2200000286102295,1.2999999523162842,1.1799999475479126,1.2300000190734863,1.2300000190734863,26878
2019-06-13,1.190000057220459,1.3300000429153442,1.190000057220459,1.3300000429153442,1.3300000429153442,43600
2019-06-14,1.25,1.3300000429153442,1.25,1.25,1.25,6900
2019-06-17,1.2100000381469727,1.3799999952316284,1.2100000381469727,1.25,1.25,59700
2019-06-18,1.2000000476837158,1.3799999952316284,1.2000000476837158,1.3799999952316284,1.3799999952316284,39700
2019-06-19,1.25,1.399999976158142,1.25,1.309999942779541,1.309999942779541,85650
2019-06-20,1.2599999904632568,1.3300000429153442,1.25,1.2999999523162842,1.2999999523162842,112970
2019-06-21,1.2599999904632568,1.2999999523162842,1.25,1.25,1.25,49768
2019-06-24,1.25,1.2999999523162842,1.25,1.2799999713897705,1.2799999713897705,17250
2019-06-25,1.25,1.2999999523162842,1.25,1.2999999523162842,1.2999999523162842,17075
2019-06-26,1.2599999904632568,1.2999999523162842,1.2200000286102295,1.2999999523162842,1.2999999523162842,66425
2019-06-27,1.2599999904632568,1.3600000143051147,1.2599999904632568,1.2799999713897705,1.2799999713897705,13625
2019-06-28,1.2599999904632568,1.2699999809265137,1.2100000381469727,1.2599999904632568,1.2599999904632568,86780
2019-07-02,1.2400000095367432,1.3200000524520874,1.2300000190734863,1.2999999523162842,1.2999999523162842,253567
2019-07-03,1.409999966621399,1.4199999570846558,1.2899999618530273,1.3700000047683716,1.3700000047683716,160300
2019-07-04,1.2799999713897705,1.3700000047683716,1.2799999713897705,1.2799999713897705,1.2799999713897705,75200
2019-07-05,1.3600000143051147,1.3700000047683716,1.309999942779541,1.309999942779541,1.309999942779541,72800
2019-07-08,1.25,1.2899999618530273,1.25,1.2899999618530273,1.2899999618530273,7750
2019-07-09,1.2400000095367432,1.2599999904632568,1.2400000095367432,1.2599999904632568,1.2599999904632568,4342
2019-07-10,1.2899999618530273,1.2899999618530273,1.2599999904632568,1.2899999618530273,1.2899999618530273,39900
2019-07-11,1.3700000047683716,1.3799999952316284,1.3600000143051147,1.3600000143051147,1.3600000143051147,22200
2019-07-12,1.2999999523162842,1.3200000524520874,1.2400000095367432,1.2400000095367432,1.2400000095367432,119500
2019-07-15,1.25,1.350000023841858,1.2400000095367432,1.25,1.25,46125
2019-07-16,1.25,1.2999999523162842,1.25,1.2999999523162842,1.2999999523162842,3300
2019-07-17,1.2400000095367432,1.2599999904632568,1.2400000095367432,1.2599999904632568,1.2599999904632568,16875
2019-07-18,1.2899999618530273,1.350000023841858,1.2799999713897705,1.3200000524520874,1.3200000524520874,16675
2019-07-19,1.2999999523162842,1.340000033378601,1.2699999809265137,1.2899999618530273,1.2899999618530273,56275
2019-07-22,1.2599999904632568,1.2899999618530273,1.25,1.2799999713897705,1.2799999713897705,11150
2019-07-23,1.2799999713897705,1.3300000429153442,1.2799999713897705,1.3200000524520874,1.3200000524520874,27287
2019-07-24,1.2799999713897705,1.2999999523162842,1.25,1.25,1.25,23800
2019-07-25,1.2599999904632568,1.3300000429153442,1.2599999904632568,1.2699999809265137,1.2699999809265137,24412
2019-07-26,1.2699999809265137,1.340000033378601,1.2599999904632568,1.309999942779541,1.309999942779541,20087
2019-07-29,1.2699999809265137,1.2699999809265137,1.2599999904632568,1.2599999904632568,1.2599999904632568,10650
2019-07-30,1.2599999904632568,1.2599999904632568,1.2599999904632568,1.2599999904632568,1.2599999904632568,12300
2019-07-31,1.2300000190734863,1.2599999904632568,1.2300000190734863,1.2599999904632568,1.2599999904632568,9850
2019-08-01,1.2300000190734863,1.2300000190734863,1.2300000190734863,1.2300000190734863,1.2300000190734863,33099
2019-08-02,1.2100000381469727,1.2100000381469727,1.1799999475479126,1.2000000476837158,1.2000000476837158,40875
2019-08-05,1.1799999475479126,1.2000000476837158,1.1799999475479126,1.2000000476837158,1.2000000476837158,14900
2019-08-06,1.1299999952316284,1.2200000286102295,1.1299999952316284,1.2200000286102295,1.2200000286102295,40810
2019-08-07,1.1699999570846558,1.1699999570846558,1.1699999570846558,1.1699999570846558,1.1699999570846558,0
2019-08-08,1.1799999475479126,1.2899999618530273,1.1799999475479126,1.2699999809265137,1.2699999809265137,6600
2019-08-09,1.2699999809265137,1.2999999523162842,1.159999966621399,1.1699999570846558,1.1699999570846558,20570
2019-08-12,1.1699999570846558,1.190000057220459,1.1699999570846558,1.2000000476837158,1.2000000476837158,3865
2019-08-13,1.1399999856948853,1.2699999809265137,1.1399999856948853,1.2699999809265137,1.2699999809265137,6461
2019-08-14,1.1699999570846558,1.1699999570846558,1.159999966621399,1.1799999475479126,1.1799999475479126,24950
2019-08-15,1.309999942779541,1.309999942779541,1.190000057220459,1.190000057220459,1.190000057220459,41000
2019-08-16,1.1799999475479126,1.1799999475479126,1.1799999475479126,1.1799999475479126,1.1799999475479126,21350
2019-08-19,1.1299999952316284,1.2200000286102295,1.1299999952316284,1.149999976158142,1.149999976158142,14200
2019-08-20,1.159999966621399,1.2699999809265137,1.159999966621399,1.25,1.25,27519
2019-08-21,1.190000057220459,1.190000057220459,1.1699999570846558,1.1699999570846558,1.1699999570846558,47125
2019-08-22,1.1699999570846558,1.2100000381469727,1.159999966621399,1.159999966621399,1.159999966621399,7650
2019-08-23,1.159999966621399,1.2300000190734863,1.159999966621399,1.2000000476837158,1.2000000476837158,1601
2019-08-26,1.149999976158142,1.2000000476837158,1.0800000429153442,1.2000000476837158,1.2000000476837158,187262
2019-08-27,1.090000033378601,1.1299999952316284,1.090000033378601,1.1299999952316284,1.1299999952316284,19900
2019-08-28,1.0199999809265137,1.0199999809265137,0.9200000166893005,0.949999988079071,0.949999988079071,99325
2019-08-29,1.0299999713897705,1.0499999523162842,0.949999988079071,0.9700000286102295,0.9700000286102295,219600
2019-08-30,0.9100000262260437,1.100000023841858,0.9100000262260437,1.100000023841858,1.100000023841858,128775
2019-09-02,0.949999988079071,1.100000023841858,0.949999988079071,1.0299999713897705,1.0299999713897705,24650
2019-09-03,0.949999988079071,1.0,0.949999988079071,0.9599999785423279,0.9599999785423279,186959
2019-09-04,0.9300000071525574,1.149999976158142,0.9300000071525574,1.0299999713897705,1.0299999713897705,111050
2019-09-05,1.0199999809265137,1.1200000047683716,1.0199999809265137,1.0199999809265137,1.0199999809265137,19752
2019-09-06,1.0199999809265137,1.0800000429153442,1.0,1.059999942779541,1.059999942779541,23087
2019-09-09,0.9700000286102295,1.100000023841858,0.9700000286102295,1.0700000524520874,1.0700000524520874,3081
2019-09-10,0.9700000286102295,1.059999942779541,0.9700000286102295,1.059999942779541,1.059999942779541,1480
2019-09-11,1.0,1.0499999523162842,0.9700000286102295,1.0,1.0,41646
2019-09-12,0.9800000190734863,1.0,0.949999988079071,1.0,1.0,36975
2019-09-13,1.0,1.0,0.9900000095367432,0.9900000095367432,0.9900000095367432,32700
2019-09-16,1.0,1.1299999952316284,0.9900000095367432,1.0,1.0,49825
2019-09-17,1.0099999904632568,1.0299999713897705,1.0099999904632568,1.0299999713897705,1.0299999713897705,17750
2019-09-18,1.0099999904632568,1.0099999904632568,1.0,1.0099999904632568,1.0099999904632568,48052
2019-09-19,0.9900000095367432,1.0399999618530273,0.9900000095367432,1.0399999618530273,1.0399999618530273,4300
2019-09-20,1.1299999952316284,1.1299999952316284,1.090000033378601,1.059999942779541,1.059999942779541,1535
2019-09-23,0.9900000095367432,1.0499999523162842,0.9800000190734863,1.0399999618530273,1.0399999618530273,41875
2019-09-24,0.9800000190734863,1.0399999618530273,1.0,1.0399999618530273,1.0399999618530273,4607
2019-09-25,0.9700000286102295,1.0,0.9700000286102295,0.9700000286102295,0.9700000286102295,52400
2019-09-26,0.9800000190734863,1.0399999618530273,0.9700000286102295,1.0199999809265137,1.0199999809265137,63300
2019-09-27,0.9800000190734863,1.0299999713897705,0.9800000190734863,1.0199999809265137,1.0199999809265137,8527
2019-09-30,0.9700000286102295,1.0199999809265137,0.9700000286102295,1.0099999904632568,1.0099999904632568,16617
2019-10-02,0.9800000190734863,1.0,0.9800000190734863,1.0,1.0,29700
2019-10-03,0.9700000286102295,1.0299999713897705,0.9700000286102295,1.0299999713897705,1.0299999713897705,62225
2019-10-04,0.9800000190734863,1.0,0.949999988079071,1.0,1.0,31162
2019-10-08,0.949999988079071,0.9700000286102295,0.949999988079071,0.9700000286102295,0.9700000286102295,93093
2019-10-09,0.9700000286102295,0.9800000190734863,0.9700000286102295,0.9700000286102295,0.9700000286102295,7565
2019-10-10,0.9300000071525574,0.9700000286102295,0.8299999833106995,0.949999988079071,0.949999988079071,297410
2019-10-11,0.949999988079071,0.949999988079071,0.8500000238418579,0.9300000071525574,0.9300000071525574,108200
2019-10-14,0.9300000071525574,0.9800000190734863,0.9100000262260437,0.9800000190734863,0.9800000190734863,12257
2019-10-15,0.8600000143051147,0.9800000190734863,0.8500000238418579,0.9300000071525574,0.9300000071525574,84025
2019-10-16,0.8799999952316284,0.9399999976158142,0.8799999952316284,0.9399999976158142,0.9399999976158142,49112
2019-10-17,0.8700000047683716,0.949999988079071,0.8700000047683716,0.9399999976158142,0.9399999976158142,5517
2019-10-18,0.949999988079071,1.0199999809265137,0.9200000166893005,0.9900000095367432,0.9900000095367432,115605
2019-10-21,0.949999988079071,1.0399999618530273,0.9300000071525574,1.0,1.0,32155
2019-10-22,1.0,1.0399999618530273,0.9300000071525574,1.0199999809265137,1.0199999809265137,78001
2019-10-23,1.0,1.0199999809265137,0.949999988079071,0.9900000095367432,0.9900000095367432,59450
2019-10-24,0.9300000071525574,0.9700000286102295,0.9300000071525574,0.949999988079071,0.949999988079071,15325
2019-10-25,0.9300000071525574,1.2899999618530273,0.9300000071525574,1.1200000047683716,1.1200000047683716,858250
2019-10-28,1.090000033378601,1.2000000476837158,1.090000033378601,1.159999966621399,1.159999966621399,136601
2019-10-29,1.159999966621399,1.159999966621399,1.1299999952316284,1.1299999952316284,1.1299999952316284,45150
2019-10-30,1.1399999856948853,1.1699999570846558,1.100000023841858,1.1299999952316284,1.1299999952316284,39350
2019-10-31,1.100000023841858,1.1699999570846558,1.100000023841858,1.149999976158142,1.149999976158142,72100
2019-11-01,1.149999976158142,1.159999966621399,1.100000023841858,1.100000023841858,1.100000023841858,23405
2019-11-04,1.2000000476837158,1.2000000476837158,1.090000033378601,1.149999976158142,1.149999976158142,22325
2019-11-05,1.0099999904632568,1.149999976158142,1.0099999904632568,1.090000033378601,1.090000033378601,259425
2019-11-06,1.090000033378601,1.100000023841858,1.0499999523162842,1.100000023841858,1.100000023841858,62629
2019-11-07,1.059999942779541,1.159999966621399,1.059999942779541,1.0700000524520874,1.0700000524520874,59905
2019-11-08,1.0299999713897705,1.0700000524520874,1.0099999904632568,1.0199999809265137,1.0199999809265137,126062
2019-11-11,1.0299999713897705,1.0700000524520874,1.0299999713897705,1.0499999523162842,1.0499999523162842,39185
2019-11-12,1.0499999523162842,1.0499999523162842,1.0499999523162842,1.0499999523162842,1.0499999523162842,3255
2019-11-13,1.0,1.0299999713897705,1.0,1.0,1.0,94553
2019-11-14,0.9800000190734863,0.9800000190734863,0.9800000190734863,0.9800000190734863,0.9800000190734863,0
2019-11-15,0.9800000190734863,1.0199999809265137,0.9599999785423279,1.0199999809265137,1.0199999809265137,37562
2019-11-18,1.0199999809265137,1.1100000143051147,1.0099999904632568,1.0099999904632568,1.0099999904632568,71683
2019-11-19,1.0,1.0399999618530273,1.0,1.0199999809265137,1.0199999809265137,15075
2019-11-20,0.9700000286102295,1.0299999713897705,0.9700000286102295,1.0299999713897705,1.0299999713897705,98890
2019-11-21,0.9599999785423279,1.059999942779541,0.9599999785423279,1.0499999523162842,1.0499999523162842,15562
2019-11-22,0.9599999785423279,1.0199999809265137,0.9599999785423279,1.0199999809265137,1.0199999809265137,23025
2019-11-25,0.9700000286102295,1.0299999713897705,0.9700000286102295,1.0199999809265137,1.0199999809265137,18187
2019-11-26,0.9800000190734863,1.0199999809265137,0.9800000190734863,1.0099999904632568,1.0099999904632568,51525
2019-11-27,0.9900000095367432,1.100000023841858,0.9900000095367432,1.0800000429153442,1.0800000429153442,13562
2019-11-28,1.0,1.0499999523162842,1.0,1.0299999713897705,1.0299999713897705,17902
2019-11-29,1.0,1.0,0.8600000143051147,0.9300000071525574,0.9300000071525574,623403
2019-12-02,0.8999999761581421,1.0,0.8700000047683716,0.9300000071525574,0.9300000071525574,92150
2019-12-03,0.9300000071525574,0.9599999785423279,0.8700000047683716,0.8700000047683716,0.8700000047683716,288475
2019-12-04,0.8199999928474426,0.8500000238418579,0.7799999713897705,0.8100000023841858,0.8100000023841858,436503
2019-12-05,0.8100000023841858,0.8700000047683716,0.7900000214576721,0.8100000023841858,0.8100000023841858,137375
2019-12-06,0.7300000190734863,0.8600000143051147,0.7300000190734863,0.75,0.75,117200
2019-12-09,0.7599999904632568,0.7900000214576721,0.75,0.75,0.75,207433
2019-12-10,0.75,0.800000011920929,0.7400000095367432,0.7400000095367432,0.7400000095367432,81125
2019-12-11,0.7400000095367432,0.7799999713897705,0.7400000095367432,0.7599999904632568,0.7599999904632568,152652
2019-12-12,0.7300000190734863,0.7799999713897705,0.7300000190734863,0.75,0.75,120975
2019-12-13,0.75,0.7799999713897705,0.75,0.7799999713897705,0.7799999713897705,46606
2019-12-16,0.7799999713897705,0.8100000023841858,0.7799999713897705,0.7900000214576721,0.7900000214576721,44925
2019-12-17,0.7799999713897705,0.8299999833106995,0.7799999713897705,0.7900000214576721,0.7900000214576721,46455
2019-12-18,0.7599999904632568,0.7900000214576721,0.75,0.75,0.75,51508
2019-12-19,0.75,0.800000011920929,0.7400000095367432,0.7699999809265137,0.7699999809265137,14375
2019-12-20,0.75,0.7900000214576721,0.75,0.7699999809265137,0.7699999809265137,19325
2019-12-23,0.8199999928474426,0.8299999833106995,0.75,0.7599999904632568,0.7599999904632568,139550
2019-12-24,0.7599999904632568,0.800000011920929,0.7599999904632568,0.7599999904632568,0.7599999904632568,11025
2019-12-27,0.75,0.7799999713897705,0.75,0.75,0.75,26775
2019-12-30,0.7599999904632568,0.800000011920929,0.75,0.7599999904632568,0.7599999904632568,54772
2019-12-31,0.7599999904632568,0.7799999713897705,0.75,0.7699999809265137,0.7699999809265137,64876
2020-01-02,0.7799999713897705,0.8899999856948853,0.7799999713897705,0.8299999833106995,0.8299999833106995,98950
2020-01-03,0.8500000238418579,1.0199999809265137,0.8500000238418579,0.9100000262260437,0.9100000262260437,618409
2020-01-06,0.8700000047683716,0.9200000166893005,0.8299999833106995,0.8899999856948853,0.8899999856948853,238800
2020-01-07,0.8500000238418579,0.9100000262260437,0.8299999833106995,0.8600000143051147,0.8600000143051147,7777
2020-01-08,0.8600000143051147,0.8899999856948853,0.8600000143051147,0.8799999952316284,0.8799999952316284,69675
2020-01-09,0.800000011920929,0.8500000238418579,0.800000011920929,0.8399999737739563,0.8399999737739563,49550
2020-01-10,0.8199999928474426,0.8700000047683716,0.8199999928474426,0.8700000047683716,0.8700000047683716,61193
2020-01-13,0.8500000238418579,0.8700000047683716,0.8500000238418579,0.8700000047683716,0.8700000047683716,3150
2020-01-14,0.8100000023841858,0.8700000047683716,0.8100000023841858,0.8399999737739563,0.8399999737739563,24193
2020-01-15,0.8100000023841858,0.8700000047683716,0.8100000023841858,0.8199999928474426,0.8199999928474426,54650
2020-01-16,0.8199999928474426,0.8600000143051147,0.8199999928474426,0.8299999833106995,0.8299999833106995,14241
2020-01-17,0.8100000023841858,0.8700000047683716,0.8100000023841858,0.8299999833106995,0.8299999833106995,28725
2020-01-20,0.8199999928474426,0.8500000238418579,0.8100000023841858,0.8500000238418579,0.8500000238418579,31848
2020-01-21,0.8100000023841858,0.8500000238418579,0.8100000023841858,0.8299999833106995,0.8299999833106995,33625
2020-01-22,0.8299999833106995,0.8500000238418579,0.8100000023841858,0.8500000238418579,0.8500000238418579,58588
2020-01-23,0.8199999928474426,0.8399999737739563,0.8199999928474426,0.8199999928474426,0.8199999928474426,14050
2020-01-24,0.8100000023841858,0.8199999928474426,0.8100000023841858,0.8100000023841858,0.8100000023841858,5025
2020-01-29,0.800000011920929,0.8100000023841858,0.7599999904632568,0.800000011920929,0.800000011920929,66225
2020-01-30,0.800000011920929,0.8100000023841858,0.7799999713897705,0.7799999713897705,0.7799999713897705,61375
2020-01-31,0.7900000214576721,0.8100000023841858,0.7900000214576721,0.800000011920929,0.800000011920929,120650
2020-02-03,0.7599999904632568,0.8299999833106995,0.7599999904632568,0.800000011920929,0.800000011920929,13575
2020-02-04,0.7699999809265137,0.8399999737739563,0.7699999809265137,0.8299999833106995,0.8299999833106995,100012
2020-02-05,0.7799999713897705,0.8199999928474426,0.7799999713897705,0.800000011920929,0.800000011920929,25520
2020-02-06,0.7300000190734863,0.800000011920929,0.7200000286102295,0.75,0.75,46133
2020-02-07,0.75,0.7900000214576721,0.75,0.7900000214576721,0.7900000214576721,23377
2020-02-10,0.7400000095367432,0.7599999904632568,0.7400000095367432,0.75,0.75,76912
2020-02-11,0.75,0.75,0.75,0.75,0.75,0
2020-02-12,0.75,0.75,0.75,0.75,0.75,0
2020-02-13,0.75,0.75,0.75,0.75,0.75,0
2020-02-14,0.75,0.75,0.75,0.75,0.75,0
2020-02-17,0.75,0.75,0.75,0.75,0.75,0
2020-02-18,0.75,0.75,0.75,0.75,0.75,0
2020-02-19,0.75,0.75,0.75,0.75,0.75,0
2020-02-20,0.7400000095367432,0.7599999904632568,0.7400000095367432,0.7400000095367432,0.7400000095367432,39228
2020-02-21,0.7400000095367432,0.75,0.7200000286102295,0.75,0.75,33162
2020-02-24,0.75,0.7699999809265137,0.7200000286102295,0.7599999904632568,0.7599999904632568,31625
2020-02-25,0.7200000286102295,0.75,0.7099999785423279,0.7300000190734863,0.7300000190734863,42280
2020-02-26,0.7200000286102295,0.75,0.7200000286102295,0.7300000190734863,0.7300000190734863,117975
2020-02-27,0.7200000286102295,0.75,0.7099999785423279,0.7200000286102295,0.7200000286102295,64434
2020-02-28,0.7200000286102295,0.7300000190734863,0.699999988079071,0.699999988079071,0.699999988079071,137700
2020-03-02,0.699999988079071,0.7099999785423279,0.6800000071525574,0.6800000071525574,0.6800000071525574,231852
2020-03-03,0.6800000071525574,0.699999988079071,0.6399999856948853,0.6399999856948853,0.6399999856948853,10885
2020-03-04,0.6399999856948853,0.7200000286102295,0.6399999856948853,0.699999988079071,0.699999988079071,16155
2020-03-05,0.6499999761581421,0.699999988079071,0.6499999761581421,0.6499999761581421,0.6499999761581421,61825
2020-03-06,0.5799999833106995,0.6499999761581421,0.5799999833106995,0.6299999952316284,0.6299999952316284,13168
2020-03-09,0.5799999833106995,0.6299999952316284,0.5799999833106995,0.6299999952316284,0.6299999952316284,20475
2020-03-10,0.6000000238418579,0.6000000238418579,0.5699999928474426,0.5799999833106995,0.5799999833106995,111305
2020-03-11,0.5799999833106995,0.6000000238418579,0.5699999928474426,0.6000000238418579,0.6000000238418579,30414
2020-03-12,0.5600000023841858,0.5699999928474426,0.5,0.5199999809265137,0.5199999809265137,49712
2020-03-13,0.27000001072883606,0.7300000190734863,0.27000001072883606,0.5,0.5,54075
2020-03-16,0.4099999964237213,0.41999998688697815,0.4099999964237213,0.41999998688697815,0.41999998688697815,5012
2020-03-17,0.41999998688697815,0.41999998688697815,0.41999998688697815,0.41999998688697815,0.41999998688697815,0
2020-03-18,0.5,0.5,0.49000000953674316,0.49000000953674316,0.49000000953674316,110400
2020-03-19,0.33500000834465027,0.45500001311302185,0.33500000834465027,0.45500001311302185,0.45500001311302185,467575
2020-03-20,0.46000000834465027,0.46000000834465027,0.46000000834465027,0.46000000834465027,0.46000000834465027,17552
2020-03-23,0.3799999952316284,0.38999998569488525,0.3799999952316284,0.38999998569488525,0.38999998569488525,56750
2020-03-24,0.4300000071525574,0.49000000953674316,0.4300000071525574,0.47999998927116394,0.47999998927116394,364123
2020-03-25,0.48500001430511475,0.48500001430511475,0.41999998688697815,0.4699999988079071,0.4699999988079071,58905
2020-03-26,0.44999998807907104,0.5099999904632568,0.44999998807907104,0.49000000953674316,0.49000000953674316,94050
2020-03-27,0.5,0.5,0.4399999976158142,0.4749999940395355,0.4749999940395355,40282
2020-03-30,0.41999998688697815,0.4300000071525574,0.41999998688697815,0.4300000071525574,0.4300000071525574,20430
2020-03-31,0.4300000071525574,0.44999998807907104,0.4300000071525574,0.4399999976158142,0.4399999976158142,148025
2020-04-01,0.4350000023841858,0.4350000023841858,0.4350000023841858,0.4350000023841858,0.4350000023841858,4850
2020-04-02,0.4300000071525574,0.4350000023841858,0.4300000071525574,0.4350000023841858,0.4350000023841858,110200
2020-04-03,0.41999998688697815,0.4399999976158142,0.41999998688697815,0.4350000023841858,0.4350000023841858,21675
2020-04-06,0.4399999976158142,0.47999998927116394,0.4350000023841858,0.4399999976158142,0.4399999976158142,72912
2020-04-07,0.4650000035762787,0.4650000035762787,0.4300000071525574,0.44999998807907104,0.44999998807907104,29000
2020-04-08,0.44999998807907104,0.44999998807907104,0.44999998807907104,0.44999998807907104,0.44999998807907104,0
2020-04-09,0.44999998807907104,0.44999998807907104,0.4300000071525574,0.4300000071525574,0.4300000071525574,17625
2020-04-14,0.41999998688697815,0.41999998688697815,0.41999998688697815,0.41999998688697815,0.41999998688697815,50525
2020-04-15,0.41999998688697815,0.41999998688697815,0.41999998688697815,0.4300000071525574,0.4300000071525574,11762
2020-04-16,0.41999998688697815,0.41999998688697815,0.41999998688697815,0.41999998688697815,0.41999998688697815,4837
2020-04-17,0.41999998688697815,0.4650000035762787,0.41999998688697815,0.42500001192092896,0.42500001192092896,24400
2020-04-20,0.4350000023841858,0.4350000023841858,0.4350000023841858,0.4350000023841858,0.4350000023841858,0
2020-04-21,0.4350000023841858,0.4399999976158142,0.4350000023841858,0.4399999976158142,0.4399999976158142,99656
2020-04-22,0.41999998688697815,0.41999998688697815,0.41999998688697815,0.41999998688697815,0.41999998688697815,0
2020-04-23,0.41999998688697815,0.5099999904632568,0.41999998688697815,0.47999998927116394,0.47999998927116394,121728
2020-04-24,0.44999998807907104,0.4749999940395355,0.4300000071525574,0.4449999928474426,0.4449999928474426,83250
2020-04-27,0.4650000035762787,0.4650000035762787,0.4650000035762787,0.4650000035762787,0.4650000035762787,0
2020-04-28,0.4449999928474426,0.44999998807907104,0.4449999928474426,0.44999998807907104,0.44999998807907104,13163
2020-04-29,0.4399999976158142,0.4749999940395355,0.4399999976158142,0.46000000834465027,0.46000000834465027,68760
2020-05-04,0.42500001192092896,0.42500001192092896,0.42500001192092896,0.42500001192092896,0.42500001192092896,0
2020-05-05,0.4300000071525574,0.4300000071525574,0.4300000071525574,0.4300000071525574,0.4300000071525574,0
2020-05-06,0.42500001192092896,0.4300000071525574,0.42500001192092896,0.42500001192092896,0.42500001192092896,11925
2020-05-07,0.41999998688697815,0.41999998688697815,0.41999998688697815,0.41999998688697815,0.41999998688697815,13250
2020-05-08,0.41999998688697815,0.6499999761581421,0.41999998688697815,0.5099999904632568,0.5099999904632568,456600
2020-05-11,0.5099999904632568,0.5099999904632568,0.44999998807907104,0.44999998807907104,0.44999998807907104,397175
2020-05-12,0.44999998807907104,0.4699999988079071,0.4399999976158142,0.4399999976158142,0.4399999976158142,758825
2020-05-13,0.4399999976158142,0.44999998807907104,0.4350000023841858,0.4350000023841858,0.4350000023841858,36442
2020-05-14,0.4300000071525574,0.44999998807907104,0.4300000071525574,0.4449999928474426,0.4449999928474426,73230
2020-05-15,0.5600000023841858,0.5600000023841858,0.4300000071525574,0.44999998807907104,0.44999998807907104,170125
2020-05-18,0.44999998807907104,0.44999998807907104,0.4300000071525574,0.44999998807907104,0.44999998807907104,230075
2020-05-19,0.35499998927116394,0.4449999928474426,0.3499999940395355,0.4449999928474426,0.4449999928474426,79187
2020-05-20,0.4399999976158142,0.4449999928474426,0.4399999976158142,0.4449999928474426,0.4449999928474426,41250
2020-05-21,0.4350000023841858,0.4350000023841858,0.4350000023841858,0.4350000023841858,0.4350000023841858,0
2020-05-22,0.38499999046325684,0.4300000071525574,0.3499999940395355,0.41499999165534973,0.41499999165534973,967227
2020-05-25,0.41499999165534973,0.41499999165534973,0.41499999165534973,0.41999998688697815,0.41999998688697815,9005
2020-05-26,0.41999998688697815,0.41999998688697815,0.41999998688697815,0.41999998688697815,0.41999998688697815,0
2020-05-27,0.4000000059604645,0.4000000059604645,0.3799999952316284,0.38999998569488525,0.38999998569488525,14487
2020-05-28,0.4099999964237213,0.4300000071525574,0.39500001072883606,0.4300000071525574,0.4300000071525574,138807
2020-05-29,0.36500000953674316,0.4300000071525574,0.36500000953674316,0.42500001192092896,0.42500001192092896,18254
2020-06-01,0.38999998569488525,0.42500001192092896,0.38999998569488525,0.41999998688697815,0.41999998688697815,146500
2020-06-02,0.3799999952316284,0.38999998569488525,0.3499999940395355,0.3799999952316284,0.3799999952316284,146265
2020-06-03,0.4399999976158142,0.4399999976158142,0.36000001430511475,0.3700000047683716,0.3700000047683716,63908
2020-06-04,0.4000000059604645,0.44999998807907104,0.36000001430511475,0.4099999964237213,0.4099999964237213,30550
2020-06-05,0.4399999976158142,0.4399999976158142,0.3799999952316284,0.4099999964237213,0.4099999964237213,129350
2020-06-08,0.38999998569488525,0.4099999964237213,0.3799999952316284,0.4099999964237213,0.4099999964237213,57525
2020-06-09,0.3799999952316284,0.41999998688697815,0.3799999952316284,0.41999998688697815,0.41999998688697815,42100
2020-06-10,0.41999998688697815,0.4399999976158142,0.41999998688697815,0.41999998688697815,0.41999998688697815,128700
2020-06-11,0.4000000059604645,0.41999998688697815,0.38999998569488525,0.41999998688697815,0.41999998688697815,11982
2020-06-12,0.4300000071525574,0.4300000071525574,0.4300000071525574,0.4300000071525574,0.4300000071525574,0
2020-06-15,0.3799999952316284,0.3799999952316284,0.3799999952316284,0.38999998569488525,0.38999998569488525,6971
2020-06-16,0.4050000011920929,0.4399999976158142,0.4050000011920929,0.4050000011920929,0.4050000011920929,43351
2020-06-17,0.41999998688697815,0.41999998688697815,0.39500001072883606,0.39500001072883606,0.39500001072883606,50453
2020-06-18,0.39500001072883606,0.39500001072883606,0.38999998569488525,0.38999998569488525,0.38999998569488525,7600
2020-06-19,0.38999998569488525,0.42500001192092896,0.38999998569488525,0.4050000011920929,0.4050000011920929,87730
2020-06-22,0.3799999952316284,0.3799999952316284,0.3799999952316284,0.3799999952316284,0.3799999952316284,0
2020-06-23,0.36000001430511475,0.38499999046325684,0.36000001430511475,0.38499999046325684,0.38499999046325684,20632
2020-06-24,0.38499999046325684,0.44999998807907104,0.38499999046325684,0.4300000071525574,0.4300000071525574,61693
2020-06-26,0.47999998927116394,3.4800000190734863,0.46000000834465027,1.600000023841858,1.600000023841858,105603934
2020-06-29,1.600000023841858,2.3499999046325684,1.350000023841858,1.8300000429153442,1.8300000429153442,38353950
2020-06-30,1.9199999570846558,2.0399999618530273,1.6299999952316284,1.659999966621399,1.659999966621399,8948675
2020-07-02,1.690000057220459,1.7699999809265137,1.4199999570846558,1.5099999904632568,1.5099999904632568,7210050
2020-07-03,1.590000033378601,1.7000000476837158,1.4900000095367432,1.5399999618530273,1.5399999618530273,4370198
2020-07-06,1.5399999618530273,1.559999942779541,1.309999942779541,1.3700000047683716,1.3700000047683716,4570506
2020-07-07,1.3700000047683716,1.6100000143051147,1.2200000286102295,1.399999976158142,1.399999976158142,8513650
2020-07-08,1.399999976158142,1.440000057220459,1.350000023841858,1.3600000143051147,1.3600000143051147,1551275
2020-07-09,1.3600000143051147,1.3700000047683716,1.2999999523162842,1.350000023841858,1.350000023841858,2162625
2020-07-10,1.340000033378601,1.340000033378601,1.2599999904632568,1.2699999809265137,1.2699999809265137,1244162
2020-07-13,1.2699999809265137,1.2799999713897705,1.2000000476837158,1.2200000286102295,1.2200000286102295,1136700
2020-07-14,1.2000000476837158,1.2000000476837158,0.9900000095367432,1.0800000429153442,1.0800000429153442,2530336
2020-07-15,1.0800000429153442,1.9700000286102295,1.0800000429153442,1.600000023841858,1.600000023841858,39492671
2020-07-16,1.6100000143051147,1.659999966621399,1.3700000047683716,1.3799999952316284,1.3799999952316284,5432625
2020-07-17,1.4800000190734863,1.649999976158142,1.3799999952316284,1.5,1.5,5299405
2020-07-20,1.5099999904632568,1.5099999904632568,1.3899999856948853,1.4199999570846558,1.4199999570846558,1957079
2020-07-21,1.440000057220459,1.600000023841858,1.4299999475479126,1.5099999904632568,1.5099999904632568,1619550
2020-07-22,1.5499999523162842,1.5499999523162842,1.399999976158142,1.440000057220459,1.440000057220459,1455605
2020-07-23,1.5499999523162842,1.75,1.4700000286102295,1.5099999904632568,1.5099999904632568,6160955
2020-07-24,1.5,1.5099999904632568,1.409999966621399,1.4600000381469727,1.4600000381469727,1087825
2020-07-27,1.4500000476837158,1.4800000190734863,1.3799999952316284,1.399999976158142,1.399999976158142,1345800
2020-07-28,1.3700000047683716,1.4199999570846558,1.3700000047683716,1.3899999856948853,1.3899999856948853,521263
2020-07-29,1.3899999856948853,1.4199999570846558,1.3700000047683716,1.3899999856948853,1.3899999856948853,313575
2020-07-30,1.3899999856948853,1.399999976158142,1.3700000047683716,1.3700000047683716,1.3700000047683716,425979
2020-07-31,1.3700000047683716,1.4900000095367432,1.3700000047683716,1.4199999570846558,1.4199999570846558,843325
2020-08-03,1.4199999570846558,1.440000057220459,1.3799999952316284,1.4199999570846558,1.4199999570846558,356900
2020-08-04,1.399999976158142,1.4199999570846558,1.3300000429153442,1.3799999952316284,1.3799999952316284,548600
2020-08-05,1.3799999952316284,1.3899999856948853,1.350000023841858,1.3700000047683716,1.3700000047683716,385475
2020-08-06,1.3700000047683716,1.4600000381469727,1.3700000047683716,1.409999966621399,1.409999966621399,890800
2020-08-07,1.3700000047683716,1.7000000476837158,1.3700000047683716,1.5,1.5,5930100
2020-08-10,1.4500000476837158,1.559999942779541,1.4500000476837158,1.4700000286102295,1.4700000286102295,796800
2020-08-11,1.4700000286102295,1.5199999809265137,1.4199999570846558,1.4299999475479126,1.4299999475479126,622225
2020-08-12,1.5,1.5,1.399999976158142,1.4199999570846558,1.4199999570846558,639602
2020-08-13,1.399999976158142,1.4299999475479126,1.3899999856948853,1.399999976158142,1.399999976158142,393700
2020-08-14,1.4299999475479126,1.4700000286102295,1.399999976158142,1.409999966621399,1.409999966621399,476312
2020-08-17,1.409999966621399,1.4600000381469727,1.399999976158142,1.4199999570846558,1.4199999570846558,230875
2020-08-18,1.409999966621399,1.4500000476837158,1.399999976158142,1.409999966621399,1.409999966621399,98425
2020-08-19,1.409999966621399,1.4199999570846558,1.3899999856948853,1.399999976158142,1.399999976158142,99500
2020-08-20,1.3899999856948853,1.4500000476837158,1.3600000143051147,1.399999976158142,1.399999976158142,507000
2020-08-21,1.3899999856948853,1.409999966621399,1.3899999856948853,1.399999976158142,1.399999976158142,39473
2020-08-24,1.3799999952316284,1.409999966621399,1.3799999952316284,1.399999976158142,1.399999976158142,122630
2020-08-25,1.3700000047683716,1.3899999856948853,1.3700000047683716,1.3700000047683716,1.3700000047683716,322350
2020-08-26,1.3700000047683716,1.409999966621399,1.3700000047683716,1.3700000047683716,1.3700000047683716,156491
2020-08-27,1.3600000143051147,1.3700000047683716,1.2599999904632568,1.2999999523162842,1.2999999523162842,780787
2020-08-28,1.2899999618530273,1.309999942779541,1.2599999904632568,1.2799999713897705,1.2799999713897705,351950
2020-08-31,1.25,1.25,1.1200000047683716,1.2100000381469727,1.2100000381469727,659225
2020-09-01,1.2000000476837158,1.2000000476837158,1.1299999952316284,1.1699999570846558,1.1699999570846558,303735
2020-09-02,1.1799999475479126,1.4199999570846558,1.1799999475479126,1.25,1.25,1327250
2020-09-03,1.25,1.25,1.1799999475479126,1.2000000476837158,1.2000000476837158,348000
2020-09-04,1.1699999570846558,1.2200000286102295,1.149999976158142,1.190000057220459,1.190000057220459,179512
2020-09-07,1.1799999475479126,1.1799999475479126,1.1299999952316284,1.149999976158142,1.149999976158142,93000
2020-09-08,1.1399999856948853,1.149999976158142,1.100000023841858,1.1299999952316284,1.1299999952316284,321000
2020-09-09,1.1100000143051147,1.149999976158142,1.0800000429153442,1.1299999952316284,1.1299999952316284,490500
2020-09-10,1.1299999952316284,1.190000057220459,1.1200000047683716,1.1299999952316284,1.1299999952316284,511225
2020-09-11,1.100000023841858,1.1399999856948853,1.100000023841858,1.1200000047683716,1.1200000047683716,87912
2020-09-14,1.090000033378601,1.1299999952316284,1.0800000429153442,1.1299999952316284,1.1299999952316284,342575
2020-09-15,1.1299999952316284,1.1100000143051147,1.090000033378601,1.1100000143051147,1.1100000143051147,73250
2020-09-16,1.100000023841858,1.1100000143051147,1.100000023841858,1.100000023841858,1.100000023841858,109671
2020-09-17,1.0800000429153442,1.1299999952316284,1.059999942779541,1.090000033378601,1.090000033378601,129533
2020-09-18,1.0800000429153442,1.100000023841858,1.0399999618530273,1.100000023841858,1.100000023841858,76000
2020-09-21,1.100000023841858,1.100000023841858,1.090000033378601,1.090000033378601,1.090000033378601,29225
2020-09-22,1.0099999904632568,1.0399999618530273,1.0099999904632568,1.0299999713897705,1.0299999713897705,105875
2020-09-23,1.0099999904632568,1.0099999904632568,0.9900000095367432,1.0,1.0,185775
2020-09-24,0.9800000190734863,1.0,0.8999999761581421,0.949999988079071,0.949999988079071,469710
2020-09-25,0.949999988079071,0.9800000190734863,0.8999999761581421,0.9100000262260437,0.9100000262260437,108012
2020-09-28,0.8500000238418579,0.8700000047683716,0.8299999833106995,0.8700000047683716,0.8700000047683716,270675
2020-09-29,0.9100000262260437,0.9100000262260437,0.8799999952316284,0.8799999952316284,0.8799999952316284,12500
2020-09-30,0.8999999761581421,0.8999999761581421,0.8899999856948853,0.8899999856948853,0.8899999856948853,33010
2020-10-05,0.8600000143051147,0.9900000095367432,0.8600000143051147,0.8799999952316284,0.8799999952316284,67250
2020-10-06,0.9100000262260437,1.0,0.9100000262260437,0.9399999976158142,0.9399999976158142,579000
2020-10-07,0.9300000071525574,0.9300000071525574,0.8999999761581421,0.8999999761581421,0.8999999761581421,119375
2020-10-08,0.8999999761581421,0.9599999785423279,0.8999999761581421,0.9599999785423279,0.9599999785423279,471600
2020-10-09,0.949999988079071,0.9700000286102295,0.949999988079071,0.9700000286102295,0.9700000286102295,245250
2020-10-12,1.0,1.0299999713897705,0.9700000286102295,0.9700000286102295,0.9700000286102295,307125
2020-10-14,0.9700000286102295,0.9700000286102295,0.9599999785423279,0.9700000286102295,0.9700000286102295,146325
2020-10-15,0.8600000143051147,0.949999988079071,0.8600000143051147,0.949999988079071,0.949999988079071,35200
2020-10-16,0.9800000190734863,0.9800000190734863,0.9599999785423279,0.9599999785423279,0.9599999785423279,59125
2020-10-19,0.949999988079071,0.949999988079071,0.9200000166893005,0.9300000071525574,0.9300000071525574,138500
2020-10-20,0.8700000047683716,0.9399999976158142,0.8700000047683716,0.9399999976158142,0.9399999976158142,165875
2020-10-21,0.949999988079071,0.949999988079071,0.949999988079071,0.949999988079071,0.949999988079071,204500
2020-10-22,0.949999988079071,1.3300000429153442,0.949999988079071,1.100000023841858,1.100000023841858,5108800
2020-10-23,1.100000023841858,1.1299999952316284,1.0199999809265137,1.059999942779541,1.059999942779541,479195
2020-10-27,1.0299999713897705,1.0299999713897705,0.949999988079071,0.9800000190734863,0.9800000190734863,286200
2020-10-28,0.949999988079071,0.9900000095367432,0.8899999856948853,0.949999988079071,0.949999988079071,216650
2020-10-29,0.9200000166893005,0.949999988079071,0.9200000166893005,0.9300000071525574,0.9300000071525574,69000
2020-10-30,0.8899999856948853,0.8999999761581421,0.8500000238418579,0.8899999856948853,0.8899999856948853,437776
2020-11-02,0.949999988079071,0.949999988079071,0.8899999856948853,0.8899999856948853,0.8899999856948853,72850
2020-11-03,0.8899999856948853,0.9100000262260437,0.8899999856948853,0.8899999856948853,0.8899999856948853,219400
2020-11-04,0.8999999761581421,0.9399999976158142,0.8999999761581421,0.9200000166893005,0.9200000166893005,65027
2020-11-05,0.9200000166893005,0.9200000166893005,0.9200000166893005,0.9200000166893005,0.9200000166893005,77762
2020-11-06,0.9399999976158142,0.949999988079071,0.8500000238418579,0.8899999856948853,0.8899999856948853,1441000
2020-11-09,0.8899999856948853,1.2000000476837158,0.8199999928474426,0.8500000238418579,0.8500000238418579,8699500
2020-11-10,0.8500000238418579,0.8999999761581421,0.8500000238418579,0.8500000238418579,0.8500000238418579,696919
2020-11-11,0.8500000238418579,0.8600000143051147,0.8299999833106995,0.8399999737739563,0.8399999737739563,511329
2020-11-12,0.8500000238418579,0.8500000238418579,0.8299999833106995,0.8399999737739563,0.8399999737739563,236750
2020-11-13,0.8399999737739563,0.8399999737739563,0.8399999737739563,0.8399999737739563,0.8399999737739563,0
2020-11-16,0.8799999952316284,0.8799999952316284,0.8500000238418579,0.8600000143051147,0.8600000143051147,246587
2020-11-17,0.8299999833106995,0.8500000238418579,0.8299999833106995,0.8500000238418579,0.8500000238418579,156000
2020-11-18,0.8399999737739563,0.8399999737739563,0.800000011920929,0.8299999833106995,0.8299999833106995,411750
2020-11-19,0.8199999928474426,0.8500000238418579,0.8199999928474426,0.8500000238418579,0.8500000238418579,147853
2020-11-20,0.8500000238418579,0.8799999952316284,0.8199999928474426,0.8700000047683716,0.8700000047683716,298525
2020-11-23,0.8299999833106995,0.8700000047683716,0.8299999833106995,0.8399999737739563,0.8399999737739563,123509
2020-11-24,0.8299999833106995,0.9700000286102295,0.8299999833106995,0.9200000166893005,0.9200000166893005,1433675
2020-11-25,0.9399999976158142,0.9800000190734863,0.8999999761581421,0.9100000262260437,0.9100000262260437,1061225
2020-11-26,0.8500000238418579,0.8600000143051147,0.8100000023841858,0.8399999737739563,0.8399999737739563,1523550
2020-11-27,0.8199999928474426,0.8299999833106995,0.8199999928474426,0.8299999833106995,0.8299999833106995,375550
2020-11-30,0.8500000238418579,0.8500000238418579,0.8100000023841858,0.8299999833106995,0.8299999833106995,258625
2020-12-01,0.8100000023841858,0.8299999833106995,0.8100000023841858,0.8299999833106995,0.8299999833106995,73100
2020-12-02,0.8199999928474426,0.8700000047683716,0.800000011920929,0.8500000238418579,0.8500000238418579,271602
2020-12-03,0.8100000023841858,0.8600000143051147,0.8100000023841858,0.8500000238418579,0.8500000238418579,76250
2020-12-04,0.8500000238418579,0.9200000166893005,0.8500000238418579,0.8799999952316284,0.8799999952316284,426225
2020-12-07,0.8799999952316284,1.0199999809265137,0.8399999737739563,1.0099999904632568,1.0099999904632568,5235825
2020-12-08,1.0299999713897705,1.0299999713897705,0.9100000262260437,0.9599999785423279,0.9599999785423279,2826750
2020-12-09,0.9399999976158142,0.9599999785423279,0.8999999761581421,0.9100000262260437,0.9100000262260437,832481
2020-12-10,0.9100000262260437,1.0,0.9100000262260437,0.9399999976158142,0.9399999976158142,666950
2020-12-11,0.9399999976158142,0.9599999785423279,0.9100000262260437,0.9399999976158142,0.9399999976158142,496033
2020-12-14,0.9399999976158142,0.9399999976158142,0.8999999761581421,0.9399999976158142,0.9399999976158142,221887
2020-12-15,0.9300000071525574,0.9300000071525574,0.8999999761581421,0.8999999761581421,0.8999999761581421,197000
2020-12-16,0.9399999976158142,0.9399999976158142,0.8899999856948853,0.8999999761581421,0.8999999761581421,277250
2020-12-17,0.8999999761581421,0.9100000262260437,0.8700000047683716,0.8700000047683716,0.8700000047683716,527773
2020-12-18,0.8799999952316284,0.9900000095367432,0.8700000047683716,0.8999999761581421,0.8999999761581421,1660800
2020-12-21,0.9399999976158142,1.4299999475479126,0.9300000071525574,1.399999976158142,1.399999976158142,18401162
2020-12-22,1.4199999570846558,1.5499999523162842,1.159999966621399,1.190000057220459,1.190000057220459,12650293
2020-12-23,1.190000057220459,1.2799999713897705,1.0299999713897705,1.1799999475479126,1.1799999475479126,5744637
2020-12-24,1.159999966621399,1.159999966621399,1.159999966621399,1.159999966621399,1.159999966621399,0
2020-12-28,1.159999966621399,1.25,1.149999976158142,1.1799999475479126,1.1799999475479126,1234413
2020-12-29,1.190000057220459,1.190000057220459,1.0700000524520874,1.1399999856948853,1.1399999856948853,1157532
2020-12-30,1.1399999856948853,1.1399999856948853,1.100000023841858,1.1200000047683716,1.1200000047683716,644168
2020-12-31,1.1100000143051147,1.1100000143051147,1.1100000143051147,1.1100000143051147,1.1100000143051147,0
2021-01-04,1.1200000047683716,1.1200000047683716,1.0800000429153442,1.1200000047683716,1.1200000047683716,792850
2021-01-05,1.1200000047683716,1.149999976158142,1.0800000429153442,1.1399999856948853,1.1399999856948853,390669
2021-01-06,1.1200000047683716,1.1200000047683716,1.059999942779541,1.1100000143051147,1.1100000143051147,666650
2021-01-07,1.090000033378601,1.2400000095367432,1.059999942779541,1.1299999952316284,1.1299999952316284,2543925
2021-01-08,1.1399999856948853,1.1399999856948853,1.090000033378601,1.1200000047683716,1.1200000047683716,437900
2021-01-11,1.100000023841858,1.1100000143051147,1.0399999618530273,1.0700000524520874,1.0700000524520874,675550
2021-01-12,1.0800000429153442,1.090000033378601,1.0800000429153442,1.090000033378601,1.090000033378601,158154
2021-01-13,1.090000033378601,1.090000033378601,1.059999942779541,1.090000033378601,1.090000033378601,361662
2021-01-14,1.090000033378601,1.1200000047683716,1.090000033378601,1.100000023841858,1.100000023841858,189174
2021-01-15,1.100000023841858,1.1799999475479126,1.090000033378601,1.149999976158142,1.149999976158142,767053
2021-01-18,1.149999976158142,1.3799999952316284,1.149999976158142,1.309999942779541,1.309999942779541,7773350
2021-01-19,1.309999942779541,1.3700000047683716,1.1699999570846558,1.1699999570846558,1.1699999570846558,2533500
2021-01-20,1.1299999952316284,1.1699999570846558,1.1100000143051147,1.1299999952316284,1.1299999952316284,1562861
2021-01-21,1.1299999952316284,1.2799999713897705,1.1299999952316284,1.2100000381469727,1.2100000381469727,2700256
2021-01-22,1.2400000095367432,1.25,1.1399999856948853,1.159999966621399,1.159999966621399,848895
2021-01-25,1.159999966621399,1.159999966621399,1.1100000143051147,1.1399999856948853,1.1399999856948853,1205625
2021-01-26,1.1799999475479126,1.1799999475479126,1.1200000047683716,1.1299999952316284,1.1299999952316284,478000
2021-01-27,1.1299999952316284,1.1399999856948853,1.0800000429153442,1.1200000047683716,1.1200000047683716,636200
2021-01-28,1.100000023841858,1.1399999856948853,1.0700000524520874,1.0700000524520874,1.0700000524520874,475700
2021-01-29,1.100000023841858,1.1299999952316284,1.090000033378601,1.1100000143051147,1.1100000143051147,620100
2021-02-01,1.0800000429153442,1.159999966621399,1.0800000429153442,1.159999966621399,1.159999966621399,344113
2021-02-02,1.1799999475479126,1.2100000381469727,1.1299999952316284,1.1399999856948853,1.1399999856948853,664850
2021-02-03,1.1200000047683716,1.1699999570846558,1.1200000047683716,1.1399999856948853,1.1399999856948853,334025
2021-02-04,1.1200000047683716,1.1200000047683716,1.1100000143051147,1.1200000047683716,1.1200000047683716,431075
2021-02-05,1.1200000047683716,1.1399999856948853,1.100000023841858,1.1100000143051147,1.1100000143051147,435250
2021-02-08,1.090000033378601,1.1799999475479126,1.090000033378601,1.100000023841858,1.100000023841858,419250
2021-02-09,1.0800000429153442,1.2400000095367432,1.0800000429153442,1.2000000476837158,1.2000000476837158,2219330
2021-02-10,1.2200000286102295,1.2699999809265137,1.1699999570846558,1.1799999475479126,1.1799999475479126,1744700
2021-02-11,1.1699999570846558,1.1699999570846558,1.1699999570846558,1.1699999570846558,1.1699999570846558,0
2021-02-16,1.1799999475479126,1.2400000095367432,1.149999976158142,1.2300000190734863,1.2300000190734863,1425737
2021-02-17,1.25,1.340000033378601,1.2300000190734863,1.3300000429153442,1.3300000429153442,3383858
2021-02-18,1.3799999952316284,1.5,1.3300000429153442,1.3600000143051147,1.3600000143051147,4198400
2021-02-19,1.3300000429153442,1.3600000143051147,1.2999999523162842,1.340000033378601,1.340000033378601,948885
2021-02-22,1.3700000047683716,1.4800000190734863,1.2999999523162842,1.3300000429153442,1.3300000429153442,3884712
2021-02-23,1.3200000524520874,1.3600000143051147,1.2799999713897705,1.2899999618530273,1.2899999618530273,1087525
2021-02-24,1.2999999523162842,1.2999999523162842,1.149999976158142,1.159999966621399,1.159999966621399,2018149
2021-02-25,1.2000000476837158,1.2400000095367432,1.190000057220459,1.2300000190734863,1.2300000190734863,711625
2021-02-26,1.1699999570846558,1.2300000190734863,1.149999976158142,1.2000000476837158,1.2000000476837158,793000
2021-03-01,1.2000000476837158,1.2000000476837158,1.149999976158142,1.1699999570846558,1.1699999570846558,364620
2021-03-02,1.190000057220459,1.2300000190734863,1.1699999570846558,1.1799999475479126,1.1799999475479126,325200
2021-03-03,1.2000000476837158,1.2000000476837158,1.1799999475479126,1.1799999475479126,1.1799999475479126,248700
2021-03-04,1.190000057220459,1.2000000476837158,1.159999966621399,1.190000057220459,1.190000057220459,249012
2021-03-05,1.2200000286102295,1.2200000286102295,1.1799999475479126,1.1799999475479126,1.1799999475479126,200307
2021-03-08,1.159999966621399,1.1799999475479126,1.149999976158142,1.1399999856948853,1.1399999856948853,516010
2021-03-09,1.1399999856948853,1.1799999475479126,1.100000023841858,1.1399999856948853,1.1399999856948853,574363
2021-03-10,1.100000023841858,1.159999966621399,1.100000023841858,1.1200000047683716,1.1200000047683716,204625
2021-03-11,1.1200000047683716,1.1399999856948853,1.1200000047683716,1.1399999856948853,1.1399999856948853,405800
2021-03-12,1.1399999856948853,1.149999976158142,1.1299999952316284,1.1299999952316284,1.1299999952316284,87451
2021-03-15,1.149999976158142,1.190000057220459,1.1299999952316284,1.159999966621399,1.159999966621399,91162
2021-03-16,1.159999966621399,1.159999966621399,1.1100000143051147,1.1299999952316284,1.1299999952316284,323500
2021-03-17,1.1100000143051147,1.1399999856948853,1.100000023841858,1.1399999856948853,1.1399999856948853,304555
2021-03-18,1.1200000047683716,1.149999976158142,1.1200000047683716,1.1299999952316284,1.1299999952316284,30709
2021-03-19,1.1100000143051147,1.159999966621399,1.1100000143051147,1.159999966621399,1.159999966621399,59375
2021-03-22,1.1299999952316284,1.1299999952316284,1.1200000047683716,1.1200000047683716,1.1200000047683716,21737
2021-03-23,1.1200000047683716,1.1399999856948853,1.1100000143051147,1.1399999856948853,1.1399999856948853,144300
2021-03-24,1.100000023841858,1.1399999856948853,1.100000023841858,1.100000023841858,1.100000023841858,153550
2021-03-25,1.100000023841858,1.100000023841858,1.0299999713897705,1.0700000524520874,1.0700000524520874,113450
2021-03-26,1.0399999618530273,1.059999942779541,1.0399999618530273,1.059999942779541,1.059999942779541,116625
2021-03-29,1.1200000047683716,1.1699999570846558,1.0700000524520874,1.0800000429153442,1.0800000429153442,115912
2021-03-30,1.0700000524520874,1.090000033378601,1.0700000524520874,1.0700000524520874,1.0700000524520874,123500
2021-03-31,1.100000023841858,1.1399999856948853,1.090000033378601,1.1200000047683716,1.1200000047683716,37762
2021-04-01,1.090000033378601,1.149999976158142,1.0800000429153442,1.090000033378601,1.090000033378601,171275
2021-04-07,1.159999966621399,1.159999966621399,1.090000033378601,1.090000033378601,1.090000033378601,70658
2021-04-08,1.1399999856948853,1.1399999856948853,1.1299999952316284,1.1100000143051147,1.1100000143051147,38000
2021-04-09,1.090000033378601,1.1299999952316284,1.090000033378601,1.100000023841858,1.100000023841858,196325
2021-04-12,1.100000023841858,1.100000023841858,1.0399999618530273,1.0399999618530273,1.0399999618530273,226250
2021-04-13,1.0399999618530273,1.059999942779541,1.0399999618530273,1.0399999618530273,1.0399999618530273,232400
2021-04-14,1.0399999618530273,1.059999942779541,1.0399999618530273,1.059999942779541,1.059999942779541,183500
2021-04-15,1.059999942779541,1.059999942779541,1.0199999809265137,1.0399999618530273,1.0399999618530273,290800
2021-04-16,1.0499999523162842,1.059999942779541,1.0399999618530273,1.059999942779541,1.059999942779541,118857
2021-04-19,1.0499999523162842,1.0499999523162842,1.0399999618530273,1.0499999523162842,1.0499999523162842,250101
2021-04-20,1.0199999809265137,1.059999942779541,1.0199999809265137,1.0399999618530273,1.0399999618530273,125755
2021-04-21,1.0499999523162842,1.0499999523162842,0.9599999785423279,1.0199999809265137,1.0199999809265137,176029
2021-04-22,1.0,1.059999942779541,0.9900000095367432,1.059999942779541,1.059999942779541,159400
2021-04-23,1.0099999904632568,1.0199999809265137,1.0099999904632568,1.0199999809265137,1.0199999809265137,213800
2021-04-26,1.0499999523162842,1.0800000429153442,1.0499999523162842,1.0499999523162842,1.0499999523162842,349500
2021-04-27,1.0199999809265137,1.059999942779541,1.0199999809265137,1.0399999618530273,1.0399999618530273,109001
2021-04-28,1.0199999809265137,1.0299999713897705,1.0199999809265137,1.0299999713897705,1.0299999713897705,60001
2021-04-29,1.0299999713897705,1.0299999713897705,1.0299999713897705,1.0299999713897705,1.0299999713897705,8700
2021-04-30,1.0199999809265137,1.0199999809265137,1.0099999904632568,1.0099999904632568,1.0099999904632568,50775
2021-05-03,1.0099999904632568,1.0700000524520874,1.0099999904632568,1.059999942779541,1.059999942779541,282000
2021-05-04,1.0399999618530273,1.059999942779541,1.0399999618530273,1.059999942779541,1.059999942779541,42000
2021-05-05,1.0800000429153442,1.0800000429153442,1.0399999618530273,1.0399999618530273,1.0399999618530273,11750
2021-05-06,1.0099999904632568,1.090000033378601,1.0099999904632568,1.0800000429153442,1.0800000429153442,33463
2021-05-07,1.0399999618530273,1.25,1.0399999618530273,1.1799999475479126,1.1799999475479126,1749762
2021-05-10,1.2000000476837158,1.3200000524520874,1.1699999570846558,1.2899999618530273,1.2899999618530273,3038625
2021-05-11,1.2799999713897705,1.3600000143051147,1.2000000476837158,1.2200000286102295,1.2200000286102295,2402375
2021-05-12,1.25,1.25,1.149999976158142,1.1799999475479126,1.1799999475479126,624250
2021-05-13,1.1699999570846558,1.1699999570846558,1.059999942779541,1.0800000429153442,1.0800000429153442,632505
2021-05-14,1.0800000429153442,1.090000033378601,1.0800000429153442,1.0800000429153442,1.0800000429153442,397500
2021-05-17,1.1399999856948853,1.1799999475479126,1.090000033378601,1.1100000143051147,1.1100000143051147,140882
2021-05-18,1.100000023841858,1.190000057220459,1.100000023841858,1.1100000143051147,1.1100000143051147,183262
2021-05-20,1.100000023841858,1.1200000047683716,1.0800000429153442,1.1100000143051147,1.1100000143051147,248986
2021-05-21,1.1100000143051147,1.1100000143051147,1.1100000143051147,1.1100000143051147,1.1100000143051147,0
2021-05-24,1.0700000524520874,1.100000023841858,1.0700000524520874,1.0700000524520874,1.0700000524520874,117000
2021-05-25,1.0800000429153442,1.149999976158142,1.0800000429153442,1.1100000143051147,1.1100000143051147,91787
2021-05-26,1.090000033378601,1.090000033378601,1.090000033378601,1.090000033378601,1.090000033378601,58497
2021-05-27,1.090000033378601,1.090000033378601,1.090000033378601,1.090000033378601,1.090000033378601,10625
2021-05-28,1.090000033378601,1.1299999952316284,1.090000033378601,1.1200000047683716,1.1200000047683716,282725
2021-05-31,1.1200000047683716,1.1699999570846558,1.100000023841858,1.1399999856948853,1.1399999856948853,83475
2021-06-01,1.1399999856948853,1.159999966621399,1.100000023841858,1.100000023841858,1.100000023841858,83050
2021-06-02,1.1299999952316284,1.1299999952316284,1.100000023841858,1.100000023841858,1.100000023841858,28750
2021-06-03,1.1100000143051147,1.1100000143051147,1.100000023841858,1.100000023841858,1.100000023841858,88123
2021-06-04,1.1100000143051147,1.1100000143051147,1.0700000524520874,1.100000023841858,1.100000023841858,161825
2021-06-07,1.100000023841858,1.100000023841858,1.100000023841858,1.100000023841858,1.100000023841858,249382
2021-06-08,1.090000033378601,1.090000033378601,1.0700000524520874,1.0800000429153442,1.0800000429153442,122000
2021-06-09,1.0800000429153442,1.090000033378601,1.0800000429153442,1.090000033378601,1.090000033378601,238175
2021-06-10,1.090000033378601,1.090000033378601,1.059999942779541,1.0700000524520874,1.0700000524520874,268000
2021-06-11,1.0800000429153442,1.149999976158142,1.0700000524520874,1.1200000047683716,1.1200000047683716,616000
2021-06-15,1.190000057220459,1.190000057220459,1.0700000524520874,1.090000033378601,1.090000033378601,159023
2021-06-16,1.090000033378601,1.090000033378601,1.059999942779541,1.0700000524520874,1.0700000524520874,129735
2021-06-17,1.0700000524520874,1.0800000429153442,1.0700000524520874,1.0700000524520874,1.0700000524520874,142075
2021-06-18,1.0700000524520874,1.0700000524520874,1.0700000524520874,1.0700000524520874,1.0700000524520874,68152
2021-06-21,1.0700000524520874,1.0700000524520874,1.0499999523162842,1.0499999523162842,1.0499999523162842,36050
2021-06-22,1.0499999523162842,1.059999942779541,1.0299999713897705,1.0299999713897705,1.0299999713897705,264400
2021-06-23,1.0299999713897705,1.0499999523162842,1.0299999713897705,1.0299999713897705,1.0299999713897705,287652
2021-06-24,1.0299999713897705,1.0299999713897705,1.0299999713897705,1.0299999713897705,1.0299999713897705,62325
2021-06-25,1.0299999713897705,1.0499999523162842,1.0,1.0499999523162842,1.0499999523162842,290400
2021-06-28,1.0199999809265137,1.0299999713897705,1.0,1.0,1.0,580207
2021-06-29,1.0,1.0,0.9800000190734863,0.9900000095367432,0.9900000095367432,279900
2021-06-30,0.9900000095367432,1.0499999523162842,0.9900000095367432,1.0,1.0,117250
2021-07-02,1.0099999904632568,1.0,0.9900000095367432,0.9900000095367432,0.9900000095367432,151000
2021-07-05,0.9900000095367432,1.059999942779541,0.9900000095367432,1.0,1.0,70500
2021-07-06,0.9700000286102295,0.9800000190734863,0.9599999785423279,0.9700000286102295,0.9700000286102295,185300
2021-07-07,0.949999988079071,0.949999988079071,0.8999999761581421,0.9100000262260437,0.9100000262260437,319425
2021-07-08,0.9100000262260437,0.9100000262260437,0.8700000047683716,0.8999999761581421,0.8999999761581421,192500
2021-07-09,0.8999999761581421,0.8999999761581421,0.8999999761581421,0.8999999761581421,0.8999999761581421,0
2021-07-12,0.8799999952316284,0.8799999952316284,0.8600000143051147,0.8700000047683716,0.8700000047683716,330060
2021-07-13,0.8600000143051147,0.9800000190734863,0.8500000238418579,0.9599999785423279,0.9599999785423279,264750
2021-07-14,0.8999999761581421,0.8999999761581421,0.8999999761581421,0.8999999761581421,0.8999999761581421,60009
2021-07-15,0.9100000262260437,0.949999988079071,0.9100000262260437,0.9300000071525574,0.9300000071525574,81675
2021-07-16,0.9300000071525574,0.9300000071525574,0.8799999952316284,0.8799999952316284,0.8799999952316284,69761
2021-07-19,0.9100000262260437,0.9100000262260437,0.9100000262260437,0.9100000262260437,0.9100000262260437,0
2021-07-20,0.8799999952316284,0.8799999952316284,0.8799999952316284,0.8799999952316284,0.8799999952316284,157000
2021-07-21,0.8600000143051147,0.9300000071525574,0.8500000238418579,0.9200000166893005,0.9200000166893005,162003
2021-07-22,0.8700000047683716,0.8899999856948853,0.8700000047683716,0.8700000047683716,0.8700000047683716,125500
2021-07-23,0.8700000047683716,0.8700000047683716,0.8700000047683716,0.8700000047683716,0.8700000047683716,17652
2021-07-26,0.8399999737739563,0.8399999737739563,0.800000011920929,0.800000011920929,0.800000011920929,466200
2021-07-27,0.8799999952316284,0.8799999952316284,0.75,0.7599999904632568,0.7599999904632568,358700
2021-07-28,0.6600000262260437,0.9399999976158142,0.6499999761581421,0.7699999809265137,0.7699999809265137,1067500
2021-07-29,0.7699999809265137,0.7699999809265137,0.7699999809265137,0.7699999809265137,0.7699999809265137,12022
2021-07-30,0.7699999809265137,0.9900000095367432,0.7699999809265137,0.8299999833106995,0.8299999833106995,624120
2021-08-02,0.8299999833106995,0.8299999833106995,0.8299999833106995,0.8299999833106995,0.8299999833106995,0
2021-08-03,0.800000011920929,0.8399999737739563,0.800000011920929,0.8199999928474426,0.8199999928474426,35762
2021-08-04,0.8199999928474426,0.8600000143051147,0.8199999928474426,0.8299999833106995,0.8299999833106995,56975
2021-08-05,0.8399999737739563,0.8399999737739563,0.800000011920929,0.800000011920929,0.800000011920929,135495
2021-08-06,0.7900000214576721,0.800000011920929,0.7599999904632568,0.800000011920929,0.800000011920929,25471
2021-08-09,0.800000011920929,0.800000011920929,0.800000011920929,0.8100000023841858,0.8100000023841858,3550
2021-08-10,0.8100000023841858,0.8100000023841858,0.8100000023841858,0.8100000023841858,0.8100000023841858,0
2021-08-11,0.7799999713897705,0.7799999713897705,0.7799999713897705,0.7799999713897705,0.7799999713897705,3500
2021-08-12,0.7799999713897705,0.7900000214576721,0.7799999713897705,0.7900000214576721,0.7900000214576721,8512
2021-08-13,0.7699999809265137,0.7799999713897705,0.7699999809265137,0.7799999713897705,0.7799999713897705,44950
2021-08-16,0.699999988079071,0.75,0.699999988079071,0.7300000190734863,0.7300000190734863,123106
2021-08-17,0.7300000190734863,0.7300000190734863,0.7300000190734863,0.7300000190734863,0.7300000190734863,5500
2021-08-18,0.7599999904632568,0.7599999904632568,0.7599999904632568,0.7599999904632568,0.7599999904632568,0
2021-08-19,0.75,0.75,0.75,0.75,0.75,12002
2021-08-20,0.7300000190734863,0.7799999713897705,0.7300000190734863,0.7300000190734863,0.7300000190734863,50750
2021-08-23,0.75,0.7599999904632568,0.75,0.7599999904632568,0.7599999904632568,57250
2021-08-24,0.7599999904632568,0.7799999713897705,0.7599999904632568,0.7799999713897705,0.7799999713897705,26581
2021-08-25,0.7900000214576721,0.7900000214576721,0.7900000214576721,0.7900000214576721,0.7900000214576721,31150
2021-08-26,0.7400000095367432,0.7599999904632568,0.7300000190734863,0.75,0.75,206800
2021-08-27,0.7599999904632568,0.7699999809265137,0.7599999904632568,0.7699999809265137,0.7699999809265137,13037
2021-08-30,0.7599999904632568,0.7900000214576721,0.7300000190734863,0.7799999713897705,0.7799999713897705,75800
2021-08-31,0.7799999713897705,0.7799999713897705,0.7799999713897705,0.7799999713897705,0.7799999713897705,20925
2021-09-01,0.7799999713897705,0.8999999761581421,0.7799999713897705,0.8600000143051147,0.8600000143051147,169250
2021-09-02,0.8299999833106995,0.8299999833106995,0.8299999833106995,0.8299999833106995,0.8299999833106995,0
2021-09-03,0.8299999833106995,0.8899999856948853,0.8299999833106995,0.8799999952316284,0.8799999952316284,42013
2021-09-06,0.8199999928474426,0.8399999737739563,0.8199999928474426,0.8299999833106995,0.8299999833106995,141800
2021-09-07,0.8399999737739563,1.2899999618530273,0.8199999928474426,1.0299999713897705,1.0299999713897705,4807100
2021-09-08,1.0299999713897705,1.0299999713897705,0.9300000071525574,0.9700000286102295,0.9700000286102295,894513
2021-09-09,0.9700000286102295,1.1399999856948853,0.9599999785423279,1.0099999904632568,1.0099999904632568,1261534
2021-09-10,1.100000023841858,1.0299999713897705,0.9800000190734863,1.0099999904632568,1.0099999904632568,497825
2021-09-13,1.0199999809265137,1.1299999952316284,0.9800000190734863,1.059999942779541,1.059999942779541,889000
2021-09-14,1.0800000429153442,1.0800000429153442,0.9599999785423279,0.9599999785423279,0.9599999785423279,456025
2021-09-15,0.9399999976158142,1.0099999904632568,0.9399999976158142,1.0,1.0,282000
2021-09-16,1.0,1.0800000429153442,0.949999988079071,0.9900000095367432,0.9900000095367432,532150
2021-09-17,1.0099999904632568,1.0399999618530273,0.9599999785423279,0.9599999785423279,0.9599999785423279,408025
2021-09-20,0.9900000095367432,0.9900000095367432,0.8299999833106995,0.8399999737739563,0.8399999737739563,960925
2021-09-21,0.8199999928474426,0.8600000143051147,0.8199999928474426,0.8600000143051147,0.8600000143051147,150000
2021-09-23,0.9300000071525574,1.0399999618530273,0.9100000262260437,0.9800000190734863,0.9800000190734863,1401250
2021-09-24,0.9800000190734863,0.9800000190734863,0.8500000238418579,0.8799999952316284,0.8799999952316284,1556050
2021-09-27,0.8500000238418579,0.8799999952316284,0.8199999928474426,0.8700000047683716,0.8700000047683716,276200
2021-09-28,0.8999999761581421,0.8999999761581421,0.8799999952316284,0.8999999761581421,0.8999999761581421,151500
2021-09-29,0.8999999761581421,0.8999999761581421,0.8600000143051147,0.8600000143051147,0.8600000143051147,45875
2021-09-30,0.8700000047683716,0.9100000262260437,0.8700000047683716,0.8899999856948853,0.8899999856948853,144112
2021-10-04,0.8799999952316284,0.8999999761581421,0.8700000047683716,0.8999999761581421,0.8999999761581421,251540
2021-10-05,0.9200000166893005,1.0299999713897705,0.9100000262260437,1.0299999713897705,1.0299999713897705,1325300
2021-10-06,1.0299999713897705,1.0299999713897705,0.9800000190734863,0.9800000190734863,0.9800000190734863,174750
2021-10-07,1.0,1.0,0.9300000071525574,0.9800000190734863,0.9800000190734863,192000
2021-10-08,0.9800000190734863,1.0,0.949999988079071,0.949999988079071,0.949999988079071,378250
2021-10-11,0.9599999785423279,0.9599999785423279,0.9599999785423279,0.9599999785423279,0.9599999785423279,36637
2021-10-12,1.0,1.0,0.9300000071525574,0.9599999785423279,0.9599999785423279,115037
2021-10-15,0.949999988079071,0.949999988079071,0.9399999976158142,0.9399999976158142,0.9399999976158142,76500
2021-10-18,0.9399999976158142,0.9900000095367432,0.9300000071525574,0.9399999976158142,0.9399999976158142,72875
2021-10-19,1.0,1.0399999618530273,0.9700000286102295,0.9800000190734863,0.9800000190734863,503262
2021-10-20,0.9700000286102295,1.149999976158142,0.9599999785423279,1.090000033378601,1.090000033378601,2321200
2021-10-21,1.0800000429153442,1.0800000429153442,1.0199999809265137,1.0299999713897705,1.0299999713897705,335400
2021-10-22,0.9599999785423279,0.9800000190734863,0.9599999785423279,0.9800000190734863,0.9800000190734863,208030
2021-10-25,0.9800000190734863,0.9800000190734863,0.9800000190734863,0.9800000190734863,0.9800000190734863,0
2021-10-26,1.0,1.0,0.9599999785423279,0.9900000095367432,0.9900000095367432,66275
2021-10-27,0.9300000071525574,0.9399999976158142,0.8999999761581421,0.9399999976158142,0.9399999976158142,137250
2021-10-28,0.9100000262260437,0.9100000262260437,0.9100000262260437,0.9100000262260437,0.9100000262260437,61050
2021-10-29,0.9100000262260437,0.9100000262260437,0.9100000262260437,0.9100000262260437,0.9100000262260437,6500
2021-11-01,0.9300000071525574,0.9300000071525574,0.9300000071525574,0.9300000071525574,0.9300000071525574,150350
2021-11-02,0.949999988079071,0.949999988079071,0.9300000071525574,0.9300000071525574,0.9300000071525574,47675
2021-11-03,0.9700000286102295,0.9700000286102295,0.9700000286102295,0.9599999785423279,0.9599999785423279,45000
2021-11-04,0.9399999976158142,0.9399999976158142,0.9399999976158142,0.9399999976158142,0.9399999976158142,0
2021-11-05,0.8999999761581421,0.8999999761581421,0.8999999761581421,0.8999999761581421,0.8999999761581421,71000
2021-11-08,0.9200000166893005,0.9300000071525574,0.8799999952316284,0.8799999952316284,0.8799999952316284,201850
2021-11-09,0.9200000166893005,0.9300000071525574,0.9200000166893005,0.9300000071525574,0.9300000071525574,113050
2021-11-10,0.8899999856948853,0.8899999856948853,0.8899999856948853,0.8899999856948853,0.8899999856948853,0
2021-11-11,0.9200000166893005,0.9200000166893005,0.9200000166893005,0.9200000166893005,0.9200000166893005,25017
2021-11-12,0.8999999761581421,0.949999988079071,0.8999999761581421,0.949999988079071,0.949999988079071,12000
2021-11-15,0.9200000166893005,0.9200000166893005,0.9200000166893005,0.9200000166893005,0.9200000166893005,0
2021-11-16,0.8999999761581421,0.949999988079071,0.8899999856948853,0.949999988079071,0.949999988079071,199925
2021-11-17,0.949999988079071,0.949999988079071,0.8999999761581421,0.8999999761581421,0.8999999761581421,124750
2021-11-18,0.9200000166893005,0.949999988079071,0.9200000166893005,0.949999988079071,0.949999988079071,7377
2021-11-19,0.9200000166893005,0.9200000166893005,0.8999999761581421,0.9200000166893005,0.9200000166893005,59150
2021-11-22,0.8999999761581421,0.8999999761581421,0.8999999761581421,0.8999999761581421,0.8999999761581421,5375
2021-11-23,0.8799999952316284,0.9300000071525574,0.8799999952316284,0.9300000071525574,0.9300000071525574,55750
2021-11-24,0.9200000166893005,0.9300000071525574,0.9200000166893005,0.9300000071525574,0.9300000071525574,193250
2021-11-25,0.949999988079071,0.9900000095367432,0.9399999976158142,0.9399999976158142,0.9399999976158142,151025
2021-11-26,0.9399999976158142,0.9700000286102295,0.8999999761581421,0.9700000286102295,0.9700000286102295,308375
2021-11-29,1.1100000143051147,1.5299999713897705,1.1100000143051147,1.2400000095367432,1.2400000095367432,11758125
2021-11-30,1.2400000095367432,1.350000023841858,1.0800000429153442,1.1299999952316284,1.1299999952316284,2375625
2021-12-01,1.1299999952316284,1.2400000095367432,1.0,1.0499999523162842,1.0499999523162842,1014900
2021-12-02,1.059999942779541,1.0800000429153442,1.0099999904632568,1.0299999713897705,1.0299999713897705,388505
2021-12-03,1.090000033378601,1.1399999856948853,1.0700000524520874,1.100000023841858,1.100000023841858,432150
2021-12-06,1.1200000047683716,1.1200000047683716,1.0800000429153442,1.0800000429153442,1.0800000429153442,306000
2021-12-07,1.100000023841858,1.100000023841858,1.059999942779541,1.0800000429153442,1.0800000429153442,124250
2021-12-08,1.059999942779541,1.0800000429153442,1.059999942779541,1.059999942779541,1.059999942779541,123250
2021-12-09,1.059999942779541,1.4500000476837158,1.059999942779541,1.2699999809265137,1.2699999809265137,7454450
2021-12-10,1.2799999713897705,1.2799999713897705,1.159999966621399,1.190000057220459,1.190000057220459,1022800
2021-12-13,1.190000057220459,1.2400000095367432,1.149999976158142,1.1699999570846558,1.1699999570846558,245750
2021-12-14,1.1399999856948853,1.1799999475479126,1.1100000143051147,1.1200000047683716,1.1200000047683716,311250
2021-12-15,1.1200000047683716,1.1799999475479126,1.1200000047683716,1.1799999475479126,1.1799999475479126,226450
2021-12-16,1.1799999475479126,1.2699999809265137,1.1399999856948853,1.25,1.25,761300
2021-12-17,1.25,1.25,1.190000057220459,1.190000057220459,1.190000057220459,243500
2021-12-20,1.190000057220459,1.190000057220459,1.100000023841858,1.1100000143051147,1.1100000143051147,389500
2021-12-21,1.1100000143051147,1.1299999952316284,1.1100000143051147,1.1299999952316284,1.1299999952316284,18515
2021-12-22,1.1399999856948853,1.149999976158142,1.1399999856948853,1.149999976158142,1.149999976158142,34825
2021-12-23,1.1299999952316284,1.1299999952316284,1.100000023841858,1.1299999952316284,1.1299999952316284,131025
2021-12-24,1.1299999952316284,1.1299999952316284,1.1200000047683716,1.1200000047683716,1.1200000047683716,75775
2021-12-28,1.1200000047683716,1.190000057220459,1.059999942779541,1.0800000429153442,1.0800000429153442,551100
2021-12-29,1.190000057220459,1.190000057220459,1.090000033378601,1.100000023841858,1.100000023841858,159050
2021-12-30,1.090000033378601,1.100000023841858,1.090000033378601,1.100000023841858,1.100000023841858,317750
2021-12-31,1.100000023841858,1.159999966621399,1.100000023841858,1.1200000047683716,1.1200000047683716,351268
2022-01-03,1.100000023841858,1.159999966621399,1.0800000429153442,1.149999976158142,1.149999976158142,793137
2022-01-04,1.159999966621399,1.2999999523162842,1.159999966621399,1.2300000190734863,1.2300000190734863,1703425
2022-01-05,1.2000000476837158,1.2300000190734863,1.1799999475479126,1.2100000381469727,1.2100000381469727,280550
2022-01-06,1.1299999952316284,1.190000057220459,1.1200000047683716,1.1399999856948853,1.1399999856948853,271512
2022-01-07,1.159999966621399,1.2000000476837158,1.159999966621399,1.1699999570846558,1.1699999570846558,218525
2022-01-10,1.1799999475479126,1.1799999475479126,1.149999976158142,1.149999976158142,1.149999976158142,288800
2022-01-11,1.149999976158142,1.149999976158142,1.1299999952316284,1.1299999952316284,1.1299999952316284,228750
2022-01-12,1.1100000143051147,1.149999976158142,1.100000023841858,1.1299999952316284,1.1299999952316284,326500
2022-01-13,1.1200000047683716,1.1200000047683716,1.100000023841858,1.100000023841858,1.100000023841858,253425
2022-01-14,1.1399999856948853,1.149999976158142,1.090000033378601,1.100000023841858,1.100000023841858,405000
2022-01-17,1.0800000429153442,1.1200000047683716,1.0800000429153442,1.1100000143051147,1.1100000143051147,54250
2022-01-18,1.0800000429153442,1.100000023841858,1.0499999523162842,1.100000023841858,1.100000023841858,396787
2022-01-19,1.100000023841858,1.1100000143051147,1.0700000524520874,1.100000023841858,1.100000023841858,211750
2022-01-20,1.1100000143051147,1.1100000143051147,1.0800000429153442,1.0800000429153442,1.0800000429153442,63550
2022-01-21,1.059999942779541,1.100000023841858,1.059999942779541,1.100000023841858,1.100000023841858,130125
2022-01-24,1.100000023841858,1.100000023841858,1.059999942779541,1.059999942779541,1.059999942779541,169752
2022-01-25,1.059999942779541,1.059999942779541,1.0,1.0199999809265137,1.0199999809265137,459127
2022-01-26,1.0299999713897705,1.0499999523162842,1.0099999904632568,1.0499999523162842,1.0499999523162842,78625
2022-01-27,1.0499999523162842,1.0499999523162842,0.9900000095367432,1.0199999809265137,1.0199999809265137,61650
2022-01-28,0.9900000095367432,1.0299999713897705,0.9900000095367432,1.0299999713897705,1.0299999713897705,99775
2022-01-31,1.0299999713897705,1.0299999713897705,1.0299999713897705,1.0299999713897705,1.0299999713897705,0
2022-02-04,1.090000033378601,1.090000033378601,1.090000033378601,1.090000033378601,1.090000033378601,75003
2022-02-07,1.090000033378601,1.090000033378601,1.090000033378601,1.090000033378601,1.090000033378601,0
2022-02-08,1.0299999713897705,1.090000033378601,1.0199999809265137,1.090000033378601,1.090000033378601,73013
2022-02-09,1.090000033378601,1.090000033378601,1.0299999713897705,1.059999942779541,1.059999942779541,75925
2022-02-10,1.0499999523162842,1.1399999856948853,1.0299999713897705,1.100000023841858,1.100000023841858,339475
2022-02-11,1.1299999952316284,1.2300000190734863,1.0800000429153442,1.100000023841858,1.100000023841858,867068
2022-02-14,1.090000033378601,1.090000033378601,1.0800000429153442,1.0800000429153442,1.0800000429153442,84765
2022-02-15,1.0800000429153442,1.0800000429153442,1.0800000429153442,1.0800000429153442,1.0800000429153442,0
2022-02-16,1.1699999570846558,1.1699999570846558,1.0700000524520874,1.100000023841858,1.100000023841858,252000
2022-02-17,1.100000023841858,1.1100000143051147,1.0700000524520874,1.1100000143051147,1.1100000143051147,133850
2022-02-18,1.090000033378601,1.090000033378601,1.090000033378601,1.090000033378601,1.090000033378601,3000
2022-02-21,1.1100000143051147,1.1100000143051147,1.059999942779541,1.0800000429153442,1.0800000429153442,111500
2022-02-22,1.0399999618530273,1.0700000524520874,1.0399999618530273,1.0700000524520874,1.0700000524520874,74200
2022-02-23,1.0299999713897705,1.059999942779541,1.0199999809265137,1.0499999523162842,1.0499999523162842,122075
2022-02-24,1.0299999713897705,1.059999942779541,1.0099999904632568,1.0099999904632568,1.0099999904632568,210050
2022-02-25,1.0399999618530273,1.059999942779541,1.0199999809265137,1.0499999523162842,1.0499999523162842,99275
2022-02-28,1.0399999618530273,1.0399999618530273,1.0,1.0199999809265137,1.0199999809265137,94750
2022-03-01,1.0099999904632568,1.0199999809265137,1.0,1.0199999809265137,1.0199999809265137,215425
2022-03-02,1.0299999713897705,1.059999942779541,1.0299999713897705,1.059999942779541,1.059999942779541,173196
2022-03-03,1.0800000429153442,1.100000023841858,1.0299999713897705,1.0299999713897705,1.0299999713897705,93600
2022-03-04,1.0299999713897705,1.0299999713897705,0.9900000095367432,1.0,1.0,342600
2022-03-07,1.0,1.0,0.9399999976158142,0.9700000286102295,0.9700000286102295,77675
2022-03-08,0.9700000286102295,0.9700000286102295,0.9700000286102295,0.949999988079071,0.949999988079071,178700
2022-03-09,0.9900000095367432,1.0,0.9300000071525574,0.9599999785423279,0.9599999785423279,78750
2022-03-10,0.9599999785423279,1.0499999523162842,0.9599999785423279,1.0099999904632568,1.0099999904632568,9750
2022-03-11,0.9399999976158142,0.949999988079071,0.9100000262260437,0.9300000071525574,0.9300000071525574,541612
2022-03-14,0.8799999952316284,0.9100000262260437,0.8799999952316284,0.8799999952316284,0.8799999952316284,153004
2022-03-15,0.800000011920929,0.8700000047683716,0.7799999713897705,0.8199999928474426,0.8199999928474426,405750
2022-03-16,0.7400000095367432,0.8999999761581421,0.7400000095367432,0.8999999761581421,0.8999999761581421,182850
2022-03-17,0.8500000238418579,0.9100000262260437,0.8500000238418579,0.8999999761581421,0.8999999761581421,252000
2022-03-18,0.8899999856948853,0.9800000190734863,0.8899999856948853,0.949999988079071,0.949999988079071,74605
2022-03-21,0.949999988079071,0.9599999785423279,0.8999999761581421,0.9599999785423279,0.9599999785423279,52400
2022-03-22,0.9399999976158142,0.9399999976158142,0.9399999976158142,0.9399999976158142,0.9399999976158142,16000
2022-03-23,0.9399999976158142,0.9399999976158142,0.9100000262260437,0.9399999976158142,0.9399999976158142,61261
2022-03-24,0.9100000262260437,0.9800000190734863,0.9100000262260437,0.9300000071525574,0.9300000071525574,201532
2022-03-25,0.8999999761581421,0.9100000262260437,0.8999999761581421,0.9100000262260437,0.9100000262260437,40030
2022-03-28,0.8999999761581421,0.8999999761581421,0.8999999761581421,0.8999999761581421,0.8999999761581421,5950
2022-03-29,0.8399999737739563,0.8799999952316284,0.8399999737739563,0.8799999952316284,0.8799999952316284,41912
2022-03-30,0.9100000262260437,0.9700000286102295,0.9100000262260437,0.949999988079071,0.949999988079071,67850
2022-03-31,0.9200000166893005,0.9200000166893005,0.9100000262260437,0.9100000262260437,0.9100000262260437,105662
2022-04-01,0.9800000190734863,1.059999942779541,0.9300000071525574,0.949999988079071,0.949999988079071,702400
2022-04-04,0.9599999785423279,1.0099999904632568,0.9599999785423279,0.9900000095367432,0.9900000095367432,66519
2022-04-06,0.9900000095367432,0.9900000095367432,0.9599999785423279,0.9700000286102295,0.9700000286102295,75250
2022-04-07,0.9700000286102295,0.9700000286102295,0.9599999785423279,0.9599999785423279,0.9599999785423279,61500
2022-04-08,0.9599999785423279,1.059999942779541,0.9300000071525574,1.0399999618530273,1.0399999618530273,555550
2022-04-11,1.0,1.0,0.9399999976158142,0.949999988079071,0.949999988079071,103500
2022-04-12,0.949999988079071,1.0,0.9300000071525574,0.9800000190734863,0.9800000190734863,245650
2022-04-13,1.0,1.159999966621399,1.0,1.159999966621399,1.159999966621399,725474
2022-04-14,1.1100000143051147,1.2100000381469727,1.1100000143051147,1.1799999475479126,1.1799999475479126,1401000
2022-04-19,1.1299999952316284,1.2599999904632568,1.100000023841858,1.2400000095367432,1.2400000095367432,1136800
2022-04-20,1.2799999713897705,1.2999999523162842,1.1200000047683716,1.1399999856948853,1.1399999856948853,1050450
2022-04-21,1.1399999856948853,1.25,1.100000023841858,1.159999966621399,1.159999966621399,755050
2022-04-22,1.1299999952316284,1.25,1.090000033378601,1.2000000476837158,1.2000000476837158,918076
2022-04-25,1.1399999856948853,1.1699999570846558,1.0399999618530273,1.090000033378601,1.090000033378601,776225
2022-04-26,1.0499999523162842,1.100000023841858,1.0,1.090000033378601,1.090000033378601,356250
2022-04-27,1.090000033378601,1.090000033378601,1.090000033378601,1.090000033378601,1.090000033378601,0
2022-04-28,1.090000033378601,1.1299999952316284,1.0800000429153442,1.1200000047683716,1.1200000047683716,180000
2022-04-29,1.1299999952316284,1.1299999952316284,1.0499999523162842,1.1200000047683716,1.1200000047683716,220312
2022-05-03,1.100000023841858,1.1299999952316284,1.059999942779541,1.1200000047683716,1.1200000047683716,180750
2022-05-04,1.0700000524520874,1.100000023841858,1.059999942779541,1.100000023841858,1.100000023841858,96500
2022-05-05,1.0700000524520874,1.100000023841858,1.059999942779541,1.090000033378601,1.090000033378601,201375
2022-05-06,1.0700000524520874,1.0700000524520874,1.0299999713897705,1.0499999523162842,1.0499999523162842,241800
2022-05-10,0.9900000095367432,1.0499999523162842,0.9900000095367432,1.0399999618530273,1.0399999618530273,140012
2022-05-11,1.0299999713897705,1.0299999713897705,1.0299999713897705,1.0299999713897705,1.0299999713897705,0
2022-05-12,1.0399999618530273,1.0700000524520874,1.0,1.0099999904632568,1.0099999904632568,195000
2022-05-13,1.0,1.0399999618530273,1.0,1.0399999618530273,1.0399999618530273,35075
2022-05-16,1.0399999618530273,1.0399999618530273,0.9800000190734863,0.9800000190734863,0.9800000190734863,116500
2022-05-17,1.0199999809265137,1.0199999809265137,1.0,1.0,1.0,30008
2022-05-18,1.0199999809265137,1.100000023841858,1.0199999809265137,1.0499999523162842,1.0499999523162842,54250
2022-05-19,1.0299999713897705,1.0299999713897705,1.0,1.0199999809265137,1.0199999809265137,187080
2022-05-20,1.0199999809265137,1.0199999809265137,1.0099999904632568,1.0299999713897705,1.0299999713897705,63050
2022-05-23,1.0199999809265137,1.0700000524520874,1.0099999904632568,1.0499999523162842,1.0499999523162842,127001
2022-05-24,1.0499999523162842,1.100000023841858,1.0499999523162842,1.0499999523162842,1.0499999523162842,221604
2022-05-25,1.0700000524520874,1.100000023841858,1.0700000524520874,1.100000023841858,1.100000023841858,19250
2022-05-26,1.100000023841858,1.1200000047683716,1.0800000429153442,1.1200000047683716,1.1200000047683716,154500
2022-05-27,1.090000033378601,1.090000033378601,1.0800000429153442,1.0800000429153442,1.0800000429153442,141561
2022-05-30,1.0800000429153442,1.1399999856948853,1.059999942779541,1.1100000143051147,1.1100000143051147,273152
2022-05-31,1.1100000143051147,1.1100000143051147,1.0800000429153442,1.1100000143051147,1.1100000143051147,95280
2022-06-01,1.1100000143051147,1.1100000143051147,1.0800000429153442,1.100000023841858,1.100000023841858,345000
2022-06-02,1.100000023841858,1.1100000143051147,1.100000023841858,1.100000023841858,1.100000023841858,382537
2022-06-06,1.1200000047683716,1.1200000047683716,1.0800000429153442,1.090000033378601,1.090000033378601,63987
2022-06-07,1.090000033378601,1.1399999856948853,1.090000033378601,1.1299999952316284,1.1299999952316284,170950
2022-06-08,1.2000000476837158,1.2000000476837158,1.1200000047683716,1.1799999475479126,1.1799999475479126,441601
2022-06-09,1.190000057220459,1.190000057220459,1.1200000047683716,1.149999976158142,1.149999976158142,232850
2022-06-10,1.2699999809265137,1.4500000476837158,1.2000000476837158,1.2400000095367432,1.2400000095367432,6186575
2022-06-13,1.2100000381469727,1.399999976158142,1.2100000381469727,1.3700000047683716,1.3700000047683716,3398313
2022-06-14,1.3300000429153442,1.3899999856948853,1.2400000095367432,1.2999999523162842,1.2999999523162842,1838350
2022-06-15,1.2999999523162842,1.3600000143051147,1.2999999523162842,1.3200000524520874,1.3200000524520874,596125
2022-06-16,1.2999999523162842,1.340000033378601,1.2599999904632568,1.2899999618530273,1.2899999618530273,835375
2022-06-17,1.2899999618530273,1.2899999618530273,1.2400000095367432,1.2699999809265137,1.2699999809265137,559925
2022-06-20,1.2699999809265137,1.2699999809265137,1.1699999570846558,1.2200000286102295,1.2200000286102295,1200126
2022-06-21,1.1699999570846558,1.7899999618530273,1.149999976158142,1.4900000095367432,1.4900000095367432,11890537
2022-06-22,1.590000033378601,1.899999976158142,1.5099999904632568,1.75,1.75,12138350
2022-06-23,1.7999999523162842,1.850000023841858,1.409999966621399,1.6200000047683716,1.6200000047683716,4955725
2022-06-24,1.6200000047683716,1.6799999475479126,1.4299999475479126,1.6399999856948853,1.6399999856948853,1356125
2022-06-27,1.7000000476837158,1.7999999523162842,1.6100000143051147,1.7899999618530273,1.7899999618530273,3094518
2022-06-28,1.7899999618530273,1.8300000429153442,1.3700000047683716,1.4700000286102295,1.4700000286102295,7418125
2022-06-29,1.4199999570846558,1.4700000286102295,1.3899999856948853,1.440000057220459,1.440000057220459,1420383
2022-06-30,1.399999976158142,1.409999966621399,1.340000033378601,1.3700000047683716,1.3700000047683716,1258450
2022-07-04,1.3700000047683716,1.3700000047683716,1.3700000047683716,1.3700000047683716,1.3700000047683716,0
2022-07-05,1.3700000047683716,1.3700000047683716,1.3700000047683716,1.3700000047683716,1.3700000047683716,0
2022-07-06,1.3700000047683716,1.3700000047683716,1.3700000047683716,1.3700000047683716,1.3700000047683716,0
2022-07-07,1.3700000047683716,1.3700000047683716,1.3700000047683716,1.3700000047683716,1.3700000047683716,0
2022-07-08,1.3700000047683716,1.3700000047683716,1.3700000047683716,1.3700000047683716,1.3700000047683716,0
2022-07-11,1.3700000047683716,1.3700000047683716,1.3700000047683716,1.3700000047683716,1.3700000047683716,0
2022-07-12,1.3700000047683716,1.3700000047683716,1.3700000047683716,1.3700000047683716,1.3700000047683716,0
2022-07-13,1.3700000047683716,1.3700000047683716,1.3700000047683716,1.3700000047683716,1.3700000047683716,0
2022-07-14,1.3700000047683716,1.3700000047683716,1.3700000047683716,1.3700000047683716,1.3700000047683716,0
2022-07-15,1.3700000047683716,1.3700000047683716,1.3700000047683716,1.3700000047683716,1.3700000047683716,0
2022-07-18,1.3700000047683716,1.3700000047683716,1.3700000047683716,1.3700000047683716,1.3700000047683716,0
2022-07-19,1.3700000047683716,1.3700000047683716,1.3700000047683716,1.3700000047683716,1.3700000047683716,0
2022-07-20,1.3700000047683716,1.3700000047683716,1.3700000047683716,1.3700000047683716,1.3700000047683716,0
2022-07-21,1.3700000047683716,1.3700000047683716,1.3700000047683716,1.3700000047683716,1.3700000047683716,0
2022-07-22,1.3700000047683716,1.3700000047683716,1.3700000047683716,1.3700000047683716,1.3700000047683716,0
2022-07-25,1.3700000047683716,1.3700000047683716,1.3700000047683716,1.3700000047683716,1.3700000047683716,0
2022-07-26,1.3700000047683716,1.3700000047683716,1.3700000047683716,1.3700000047683716,1.3700000047683716,0
2022-07-27,1.3700000047683716,1.3700000047683716,1.3700000047683716,1.3700000047683716,1.3700000047683716,0
2022-07-28,1.3700000047683716,1.3700000047683716,1.3700000047683716,1.3700000047683716,1.3700000047683716,0
2022-07-29,1.3700000047683716,1.3700000047683716,1.3700000047683716,1.3700000047683716,1.3700000047683716,0
2022-08-01,1.3700000047683716,1.3700000047683716,1.3700000047683716,1.3700000047683716,1.3700000047683716,0
2022-08-02,1.3700000047683716,1.3700000047683716,1.3700000047683716,1.3700000047683716,1.3700000047683716,0
2022-08-03,1.3700000047683716,1.3700000047683716,1.3700000047683716,1.3700000047683716,1.3700000047683716,0
2022-08-04,1.3700000047683716,1.3700000047683716,1.3700000047683716,1.3700000047683716,1.3700000047683716,0
2022-08-05,1.3700000047683716,1.3700000047683716,1.3700000047683716,1.3700000047683716,1.3700000047683716,0
2022-08-08,1.3700000047683716,1.3700000047683716,1.3700000047683716,1.3700000047683716,1.3700000047683716,0
2022-08-09,1.3700000047683716,1.3700000047683716,1.3700000047683716,1.3700000047683716,1.3700000047683716,0
2022-08-10,1.3700000047683716,1.3700000047683716,1.3700000047683716,1.3700000047683716,1.3700000047683716,0
2022-08-11,1.3700000047683716,1.3700000047683716,1.3700000047683716,1.3700000047683716,1.3700000047683716,0
2022-08-12,1.3700000047683716,1.3700000047683716,1.3700000047683716,1.3700000047683716,1.3700000047683716,0
2022-08-15,1.3700000047683716,1.3700000047683716,1.3700000047683716,1.3700000047683716,1.3700000047683716,0
2022-08-16,1.3700000047683716,1.3700000047683716,1.3700000047683716,1.3700000047683716,1.3700000047683716,0
2022-08-17,1.3700000047683716,1.3700000047683716,1.3700000047683716,1.3700000047683716,1.3700000047683716,0
2022-08-18,1.3700000047683716,1.3700000047683716,1.3700000047683716,1.3700000047683716,1.3700000047683716,0
2022-08-19,1.3700000047683716,1.3700000047683716,1.3700000047683716,1.3700000047683716,1.3700000047683716,0
2022-08-22,1.3700000047683716,1.3700000047683716,1.3700000047683716,1.3700000047683716,1.3700000047683716,0
2022-08-23,1.3700000047683716,1.3700000047683716,1.3700000047683716,1.3700000047683716,1.3700000047683716,0
2022-08-24,1.3700000047683716,1.3700000047683716,1.3700000047683716,1.3700000047683716,1.3700000047683716,0
2022-08-25,1.3700000047683716,1.3700000047683716,1.3700000047683716,1.3700000047683716,1.3700000047683716,0
2022-08-26,1.3700000047683716,1.3700000047683716,1.3700000047683716,1.3700000047683716,1.3700000047683716,0
2022-08-29,1.3700000047683716,1.3700000047683716,1.3700000047683716,1.3700000047683716,1.3700000047683716,0
2022-08-30,1.3700000047683716,1.3700000047683716,1.3700000047683716,1.3700000047683716,1.3700000047683716,0
2022-08-31,1.3700000047683716,1.3700000047683716,1.3700000047683716,1.3700000047683716,1.3700000047683716,0
2022-09-01,1.3700000047683716,1.3700000047683716,1.3700000047683716,1.3700000047683716,1.3700000047683716,0
2022-09-02,1.3700000047683716,1.3700000047683716,1.3700000047683716,1.3700000047683716,1.3700000047683716,0
2022-09-05,1.3700000047683716,1.3700000047683716,1.3700000047683716,1.3700000047683716,1.3700000047683716,0
2022-09-06,1.3700000047683716,1.3700000047683716,1.3700000047683716,1.3700000047683716,1.3700000047683716,0
2022-09-07,1.3700000047683716,1.3700000047683716,1.3700000047683716,1.3700000047683716,1.3700000047683716,0
2022-09-08,1.3700000047683716,1.3700000047683716,1.3700000047683716,1.3700000047683716,1.3700000047683716,0
2022-09-09,1.3700000047683716,1.3700000047683716,1.3700000047683716,1.3700000047683716,1.3700000047683716,0
2022-09-13,1.3700000047683716,1.3700000047683716,1.3700000047683716,1.3700000047683716,1.3700000047683716,0
2022-09-14,1.3700000047683716,1.3700000047683716,1.3700000047683716,1.3700000047683716,1.3700000047683716,0
2022-09-15,1.3700000047683716,1.3700000047683716,1.3700000047683716,1.3700000047683716,1.3700000047683716,0
2022-09-16,1.3700000047683716,1.3700000047683716,1.3700000047683716,1.3700000047683716,1.3700000047683716,0
2022-09-19,1.3700000047683716,1.3700000047683716,1.3700000047683716,1.3700000047683716,1.3700000047683716,0
2022-09-20,1.3700000047683716,1.3700000047683716,1.3700000047683716,1.3700000047683716,1.3700000047683716,0
2022-09-21,1.3700000047683716,1.3700000047683716,1.3700000047683716,1.3700000047683716,1.3700000047683716,0
2022-09-22,1.3700000047683716,1.3700000047683716,1.3700000047683716,1.3700000047683716,1.3700000047683716,0
2022-09-23,1.3700000047683716,1.3700000047683716,1.3700000047683716,1.3700000047683716,1.3700000047683716,0
2022-09-26,1.3700000047683716,1.3700000047683716,1.3700000047683716,1.3700000047683716,1.3700000047683716,0
2022-09-27,1.3700000047683716,1.3700000047683716,1.3700000047683716,1.3700000047683716,1.3700000047683716,0
2022-09-28,1.3700000047683716,1.3700000047683716,1.3700000047683716,1.3700000047683716,1.3700000047683716,0
2022-09-29,1.3700000047683716,1.3700000047683716,1.3700000047683716,1.3700000047683716,1.3700000047683716,0
2022-09-30,1.3700000047683716,1.3700000047683716,1.3700000047683716,1.3700000047683716,1.3700000047683716,0
2022-10-03,1.3700000047683716,1.3700000047683716,1.3700000047683716,1.3700000047683716,1.3700000047683716,0
2022-10-05,1.3700000047683716,1.3700000047683716,1.3700000047683716,1.3700000047683716,1.3700000047683716,0
2022-10-06,1.3700000047683716,1.3700000047683716,1.3700000047683716,1.3700000047683716,1.3700000047683716,0
2022-10-07,1.3700000047683716,1.3700000047683716,1.3700000047683716,1.3700000047683716,1.3700000047683716,0
2022-10-10,1.3700000047683716,1.3700000047683716,1.3700000047683716,1.3700000047683716,1.3700000047683716,0
2022-10-11,1.3700000047683716,1.3700000047683716,1.3700000047683716,1.3700000047683716,1.3700000047683716,0
2022-10-12,1.3700000047683716,1.3700000047683716,1.3700000047683716,1.3700000047683716,1.3700000047683716,0
2022-10-13,1.3700000047683716,1.3700000047683716,1.3700000047683716,1.3700000047683716,1.3700000047683716,0
2022-10-14,1.3700000047683716,1.3700000047683716,1.3700000047683716,1.3700000047683716,1.3700000047683716,0
2022-10-17,1.3700000047683716,1.3700000047683716,1.3700000047683716,1.3700000047683716,1.3700000047683716,0
2022-10-18,1.3700000047683716,1.3700000047683716,1.3700000047683716,1.3700000047683716,1.3700000047683716,0
2022-10-19,1.3700000047683716,1.3700000047683716,1.3700000047683716,1.3700000047683716,1.3700000047683716,0
2022-10-20,1.3700000047683716,1.3700000047683716,1.3700000047683716,1.3700000047683716,1.3700000047683716,0
2022-10-21,1.3700000047683716,1.3700000047683716,1.3700000047683716,1.3700000047683716,1.3700000047683716,0
2022-10-24,1.3700000047683716,1.3700000047683716,1.3700000047683716,1.3700000047683716,1.3700000047683716,0
2022-10-25,1.3700000047683716,1.3700000047683716,1.3700000047683716,1.3700000047683716,1.3700000047683716,0
2022-10-26,1.3700000047683716,1.3700000047683716,1.3700000047683716,1.3700000047683716,1.3700000047683716,0
2022-10-27,1.3700000047683716,1.3700000047683716,1.3700000047683716,1.3700000047683716,1.3700000047683716,0
2022-10-28,1.3700000047683716,1.3700000047683716,1.3700000047683716,1.3700000047683716,1.3700000047683716,0
2022-10-31,1.3700000047683716,1.3700000047683716,1.3700000047683716,1.3700000047683716,1.3700000047683716,0
2022-11-01,0.9900000095367432,1.0700000524520874,0.8399999737739563,0.949999988079071,0.949999988079071,2490615
2022-11-02,0.8600000143051147,0.9300000071525574,0.8600000143051147,0.9300000071525574,0.9300000071525574,196500
2022-11-03,0.9300000071525574,0.9300000071525574,0.8600000143051147,0.8600000143051147,0.8600000143051147,203060
2022-11-04,0.8600000143051147,0.9100000262260437,0.8600000143051147,0.8899999856948853,0.8899999856948853,114000
2022-11-07,0.8899999856948853,0.9100000262260437,0.8700000047683716,0.8700000047683716,0.8700000047683716,264156
2022-11-08,0.8999999761581421,0.8999999761581421,0.8399999737739563,0.8600000143051147,0.8600000143051147,82025
2022-11-09,0.9800000190734863,1.5,0.9300000071525574,1.2400000095367432,1.2400000095367432,5273276
2022-11-10,1.2400000095367432,1.2400000095367432,1.1200000047683716,1.190000057220459,1.190000057220459,538726
2022-11-11,1.25,1.25,1.1200000047683716,1.2200000286102295,1.2200000286102295,758250
2022-11-14,1.149999976158142,1.2200000286102295,1.1299999952316284,1.2000000476837158,1.2000000476837158,641919
2022-11-15,1.1699999570846558,1.2200000286102295,1.159999966621399,1.1799999475479126,1.1799999475479126,286251
2022-11-16,1.1799999475479126,1.2300000190734863,1.159999966621399,1.2100000381469727,1.2100000381469727,409500
2022-11-17,1.1799999475479126,1.2000000476837158,1.1799999475479126,1.2000000476837158,1.2000000476837158,197000
2022-11-18,1.190000057220459,1.2100000381469727,1.159999966621399,1.2100000381469727,1.2100000381469727,104447
2022-11-21,1.1799999475479126,1.2000000476837158,1.149999976158142,1.2000000476837158,1.2000000476837158,267000
2022-11-22,1.149999976158142,1.2000000476837158,1.1100000143051147,1.159999966621399,1.159999966621399,436055
2022-11-23,1.1299999952316284,1.159999966621399,1.1299999952316284,1.159999966621399,1.159999966621399,105450
2022-11-24,1.1299999952316284,1.2000000476837158,1.1200000047683716,1.1799999475479126,1.1799999475479126,180612
2022-11-25,1.190000057220459,1.190000057220459,1.149999976158142,1.190000057220459,1.190000057220459,94359
2022-11-28,1.0199999809265137,1.0199999809265137,0.9399999976158142,0.9800000190734863,0.9800000190734863,530601
2022-11-29,0.9300000071525574,1.0099999904632568,0.9300000071525574,0.9700000286102295,0.9700000286102295,263500
2022-11-30,0.9700000286102295,1.0099999904632568,0.949999988079071,1.0,1.0,138250
2022-12-01,1.0,1.0,0.9300000071525574,1.0,1.0,159320
2022-12-02,0.9599999785423279,0.9700000286102295,0.949999988079071,0.9599999785423279,0.9599999785423279,90050
2022-12-05,0.9599999785423279,1.0,0.9599999785423279,1.0,1.0,231500
2022-12-06,0.9599999785423279,0.9900000095367432,0.9599999785423279,0.9700000286102295,0.9700000286102295,157651
2022-12-07,1.0700000524520874,1.2799999713897705,1.0499999523162842,1.059999942779541,1.059999942779541,1383875
2022-12-08,1.059999942779541,1.1699999570846558,1.059999942779541,1.0800000429153442,1.0800000429153442,189750
2022-12-09,1.100000023841858,1.159999966621399,1.0199999809265137,1.0399999618530273,1.0399999618530273,259057
2022-12-12,1.0399999618530273,1.0499999523162842,1.0399999618530273,1.0499999523162842,1.0499999523162842,98050
2022-12-13,1.0499999523162842,1.0499999523162842,1.0499999523162842,1.0499999523162842,1.0499999523162842,0
2022-12-14,1.0299999713897705,1.0800000429153442,1.0099999904632568,1.0099999904632568,1.0099999904632568,169250
2022-12-15,1.0,1.0,1.0,1.0,1.0,158075
2022-12-16,0.9599999785423279,1.0,0.949999988079071,1.0,1.0,471267
2022-12-19,1.0,1.0299999713897705,1.0,1.0,1.0,87500
2022-12-20,0.9599999785423279,1.0,0.9599999785423279,0.9700000286102295,0.9700000286102295,57200
2022-12-21,0.9700000286102295,0.9700000286102295,0.9700000286102295,0.9700000286102295,0.9700000286102295,0
2022-12-22,0.9599999785423279,0.9599999785423279,0.9200000166893005,0.9599999785423279,0.9599999785423279,276775
2022-12-23,0.9599999785423279,0.9599999785423279,0.9599999785423279,0.9599999785423279,0.9599999785423279,10450
2022-12-28,0.9800000190734863,1.0,0.9800000190734863,0.9800000190734863,0.9800000190734863,332642
2022-12-29,0.9700000286102295,1.0,0.949999988079071,0.9599999785423279,0.9599999785423279,103750
2022-12-30,1.0,1.0,0.9599999785423279,0.9599999785423279,0.9599999785423279,100255
2023-01-03,1.0,1.0,0.949999988079071,1.0,1.0,352550
2023-01-04,1.0,1.0,1.0,1.0,1.0,24000
2023-01-05,0.9399999976158142,1.0,0.9399999976158142,1.0,1.0,54255
2023-01-06,1.0,1.0,1.0,1.0,1.0,0
2023-01-09,1.0,1.0,0.9700000286102295,0.9700000286102295,0.9700000286102295,16350
2023-01-10,0.9700000286102295,1.0,0.9599999785423279,0.9800000190734863,0.9800000190734863,207250
2023-01-11,0.9599999785423279,1.0099999904632568,0.9599999785423279,0.9900000095367432,0.9900000095367432,83300
2023-01-12,0.9700000286102295,0.9900000095367432,0.9700000286102295,0.9900000095367432,0.9900000095367432,35275
2023-01-13,0.9599999785423279,0.9599999785423279,0.9599999785423279,0.9599999785423279,0.9599999785423279,4360
2023-01-16,0.9700000286102295,1.0,0.9399999976158142,0.9599999785423279,0.9599999785423279,105700
2023-01-17,0.949999988079071,0.9599999785423279,0.949999988079071,0.9599999785423279,0.9599999785423279,19374
2023-01-18,0.9599999785423279,1.0,0.9599999785423279,1.0,1.0,212875
2023-01-19,0.9900000095367432,0.9900000095367432,0.9599999785423279,0.9800000190734863,0.9800000190734863,368100
2023-01-20,0.9900000095367432,0.9900000095367432,0.9800000190734863,0.9800000190734863,0.9800000190734863,33489
2023-01-26,1.0,1.0700000524520874,1.0,1.0499999523162842,1.0499999523162842,541634
2023-01-27,1.0299999713897705,1.0800000429153442,1.0199999809265137,1.0299999713897705,1.0299999713897705,178257
2023-01-30,1.0299999713897705,1.0299999713897705,0.9900000095367432,0.9900000095367432,0.9900000095367432,32072
2023-01-31,1.0,1.0,0.9900000095367432,0.9900000095367432,0.9900000095367432,42025
2023-02-01,1.0099999904632568,1.059999942779541,1.0099999904632568,1.0299999713897705,1.0299999713897705,123175
2023-02-02,0.9900000095367432,1.0399999618530273,0.9900000095367432,1.0,1.0,52413
2023-02-03,1.0,1.0299999713897705,1.0,1.0,1.0,163187
2023-02-06,0.9700000286102295,0.9800000190734863,0.9399999976158142,0.9700000286102295,0.9700000286102295,309900
2023-02-07,0.9399999976158142,1.0,0.9399999976158142,0.9599999785423279,0.9599999785423279,45000
2023-02-08,0.9599999785423279,0.9599999785423279,0.9599999785423279,0.9599999785423279,0.9599999785423279,0
2023-02-09,0.949999988079071,0.9800000190734863,0.949999988079071,0.9800000190734863,0.9800000190734863,33000
2023-02-10,0.9900000095367432,0.9900000095367432,0.9700000286102295,0.9700000286102295,0.9700000286102295,68750
2023-02-13,0.949999988079071,0.9599999785423279,0.949999988079071,0.9599999785423279,0.9599999785423279,133850
2023-02-14,0.949999988079071,0.949999988079071,0.9100000262260437,0.949999988079071,0.949999988079071,73650
2023-02-15,0.9399999976158142,0.9599999785423279,0.9399999976158142,0.9599999785423279,0.9599999785423279,80013
2023-02-16,0.9399999976158142,0.9399999976158142,0.9399999976158142,0.9399999976158142,0.9399999976158142,9645
2023-02-17,0.9300000071525574,0.9300000071525574,0.9200000166893005,0.9300000071525574,0.9300000071525574,122000
2023-02-20,0.9300000071525574,0.9599999785423279,0.9300000071525574,0.9599999785423279,0.9599999785423279,53755
2023-02-21,0.949999988079071,0.949999988079071,0.949999988079071,0.949999988079071,0.949999988079071,0
2023-02-22,0.9599999785423279,1.090000033378601,0.9599999785423279,1.0499999523162842,1.0499999523162842,595912
2023-02-23,1.0499999523162842,1.100000023841858,1.0199999809265137,1.0700000524520874,1.0700000524520874,341850
2023-02-24,1.0,1.0800000429153442,1.0,1.0700000524520874,1.0700000524520874,54727
2023-02-27,1.0700000524520874,1.0700000524520874,1.0700000524520874,1.0700000524520874,1.0700000524520874,0
2023-02-28,1.0800000429153442,1.0299999713897705,1.0,1.0299999713897705,1.0299999713897705,55325
2023-03-01,1.0299999713897705,1.0299999713897705,1.0299999713897705,1.0299999713897705,1.0299999713897705,0
2023-03-02,1.0199999809265137,1.0199999809265137,1.0199999809265137,1.0199999809265137,1.0199999809265137,0
2023-03-03,1.0199999809265137,1.0199999809265137,1.0199999809265137,1.0199999809265137,1.0199999809265137,0
2023-03-06,1.0,1.0,1.0,1.0,1.0,0
2023-03-07,1.0,1.0,0.9900000095367432,0.9900000095367432,0.9900000095367432,9413
2023-03-08,0.9700000286102295,1.0099999904632568,0.949999988079071,1.0,1.0,183625
2023-03-09,0.9900000095367432,0.9900000095367432,0.9900000095367432,0.9900000095367432,0.9900000095367432,0
2023-03-10,0.9700000286102295,1.0800000429153442,0.949999988079071,1.0,1.0,239455
2023-03-13,0.9599999785423279,1.0800000429153442,0.9599999785423279,1.0800000429153442,1.0800000429153442,216125
2023-03-14,1.0099999904632568,1.0099999904632568,1.0,1.0099999904632568,1.0099999904632568,94535
2023-03-15,1.0199999809265137,1.0199999809265137,1.0199999809265137,1.0199999809265137,1.0199999809265137,0
2023-03-16,0.9800000190734863,1.0199999809265137,0.9800000190734863,1.0199999809265137,1.0199999809265137,22262
2023-03-17,0.9800000190734863,1.0099999904632568,0.9800000190734863,1.0099999904632568,1.0099999904632568,41975
2023-03-20,0.9599999785423279,1.0099999904632568,0.9599999785423279,0.9700000286102295,0.9700000286102295,110000
2023-03-21,0.9700000286102295,0.9700000286102295,0.9700000286102295,0.9700000286102295,0.9700000286102295,3010
2023-03-22,0.9800000190734863,0.9800000190734863,0.9599999785423279,0.9599999785423279,0.9599999785423279,36266
2023-03-23,0.9900000095367432,1.1100000143051147,0.9900000095367432,1.0800000429153442,1.0800000429153442,535875
2023-03-24,1.0099999904632568,1.0499999523162842,1.0,1.0499999523162842,1.0499999523162842,234207
2023-03-27,1.0499999523162842,1.0499999523162842,1.0499999523162842,1.0499999523162842,1.0499999523162842,0
2023-03-28,1.0,1.0,1.0,1.0,1.0,0
2023-03-29,1.0,1.0499999523162842,1.0,1.0499999523162842,1.0499999523162842,21500
2023-03-30,1.0499999523162842,1.0499999523162842,1.0099999904632568,1.0199999809265137,1.0199999809265137,63000
2023-03-31,0.9599999785423279,1.0499999523162842,0.9599999785423279,1.0499999523162842,1.0499999523162842,81000
2023-04-03,1.0099999904632568,1.0099999904632568,1.0099999904632568,1.0099999904632568,1.0099999904632568,8515
2023-04-04,1.0299999713897705,1.0299999713897705,1.0299999713897705,1.0299999713897705,1.0299999713897705,74200
2023-04-06,1.0099999904632568,1.0099999904632568,1.0099999904632568,1.0099999904632568,1.0099999904632568,3001
2023-04-11,1.0,1.0,1.0,1.0,1.0,30390
2023-04-12,1.0,1.0,1.0,1.0,1.0,12002
2023-04-13,1.0,1.0,0.9800000190734863,1.0099999904632568,1.0099999904632568,38919
2023-04-14,1.0099999904632568,1.0499999523162842,1.0099999904632568,1.0499999523162842,1.0499999523162842,46500
2023-04-17,1.0499999523162842,1.0499999523162842,1.0,1.0299999713897705,1.0299999713897705,69250
2023-04-18,1.0399999618530273,1.0399999618530273,1.0399999618530273,1.0399999618530273,1.0399999618530273,0
2023-04-19,1.0399999618530273,1.0399999618530273,1.0399999618530273,1.0399999618530273,1.0399999618530273,0
2023-04-20,0.9599999785423279,1.0099999904632568,0.9100000262260437,1.0,1.0,417600
2023-04-21,0.949999988079071,1.0,0.9300000071525574,0.9700000286102295,0.9700000286102295,159175
2023-04-24,0.9700000286102295,0.9700000286102295,0.9700000286102295,0.9700000286102295,0.9700000286102295,0
2023-04-25,0.949999988079071,0.9700000286102295,0.949999988079071,0.9700000286102295,0.9700000286102295,17800
2023-04-26,0.9599999785423279,0.9800000190734863,0.9599999785423279,0.9800000190734863,0.9800000190734863,17500
2023-04-27,0.949999988079071,0.9599999785423279,0.949999988079071,0.9599999785423279,0.9599999785423279,7175
2023-04-28,0.949999988079071,1.0,0.949999988079071,0.9800000190734863,0.9800000190734863,54052
2023-05-02,0.949999988079071,0.9599999785423279,0.949999988079071,0.9599999785423279,0.9599999785423279,9000
2023-05-03,0.9700000286102295,0.9700000286102295,0.9700000286102295,0.9700000286102295,0.9700000286102295,0
2023-05-04,0.949999988079071,0.949999988079071,0.9399999976158142,0.9399999976158142,0.9399999976158142,19155
2023-05-05,0.9300000071525574,0.9800000190734863,0.9300000071525574,0.9800000190734863,0.9800000190734863,54250
2023-05-08,0.949999988079071,0.949999988079071,0.949999988079071,0.949999988079071,0.949999988079071,5425
2023-05-09,0.9300000071525574,0.9300000071525574,0.9300000071525574,0.9300000071525574,0.9300000071525574,12000
2023-05-10,0.9300000071525574,0.9700000286102295,0.9300000071525574,0.9700000286102295,0.9700000286102295,17270
2023-05-11,0.9399999976158142,0.9599999785423279,0.9200000166893005,0.9599999785423279,0.9599999785423279,42400
2023-05-12,0.949999988079071,0.949999988079071,0.949999988079071,0.949999988079071,0.949999988079071,0
2023-05-15,0.9300000071525574,0.9300000071525574,0.8899999856948853,0.9100000262260437,0.9100000262260437,246000
2023-05-16,0.9399999976158142,0.9399999976158142,0.8899999856948853,0.9100000262260437,0.9100000262260437,549500
2023-05-17,0.8700000047683716,0.9300000071525574,0.8700000047683716,0.9300000071525574,0.9300000071525574,29225
2023-05-18,0.949999988079071,0.949999988079071,0.8999999761581421,0.949999988079071,0.949999988079071,49755
2023-05-19,0.8999999761581421,0.8999999761581421,0.8100000023841858,0.8500000238418579,0.8500000238418579,1278250
2023-05-22,0.8399999737739563,0.8700000047683716,0.8399999737739563,0.8700000047683716,0.8700000047683716,687911
2023-05-23,0.8600000143051147,0.8799999952316284,0.8399999737739563,0.8799999952316284,0.8799999952316284,70250
2023-05-24,0.8700000047683716,0.8700000047683716,0.8700000047683716,0.8700000047683716,0.8700000047683716,0
2023-05-25,0.8700000047683716,0.8700000047683716,0.8700000047683716,0.8700000047683716,0.8700000047683716,0
2023-05-29,0.8100000023841858,0.8700000047683716,0.8100000023841858,0.8700000047683716,0.8700000047683716,15100
2023-05-30,0.8500000238418579,0.8500000238418579,0.8500000238418579,0.8500000238418579,0.8500000238418579,0
2023-05-31,0.8100000023841858,0.8299999833106995,0.800000011920929,0.8299999833106995,0.8299999833106995,35575
2023-06-01,0.75,0.7799999713897705,0.7400000095367432,0.7799999713897705,0.7799999713897705,387432
2023-06-02,0.8100000023841858,0.8399999737739563,0.7799999713897705,0.7900000214576721,0.7900000214576721,93750
2023-06-05,0.7599999904632568,0.8399999737739563,0.7599999904632568,0.8399999737739563,0.8399999737739563,42000
2023-06-06,0.800000011920929,0.8999999761581421,0.800000011920929,0.8899999856948853,0.8899999856948853,52400
2023-06-07,0.8399999737739563,0.8899999856948853,0.8299999833106995,0.8899999856948853,0.8899999856948853,105000
2023-06-08,0.8799999952316284,0.8799999952316284,0.8799999952316284,0.8799999952316284,0.8799999952316284,0
2023-06-09,0.8799999952316284,0.8799999952316284,0.8799999952316284,0.8799999952316284,0.8799999952316284,0
2023-06-12,0.800000011920929,0.8600000143051147,0.800000011920929,0.8600000143051147,0.8600000143051147,12487
2023-06-13,0.8600000143051147,0.9200000166893005,0.8600000143051147,0.8799999952316284,0.8799999952316284,216300
2023-06-14,0.8899999856948853,0.8999999761581421,0.8899999856948853,0.8999999761581421,0.8999999761581421,146275
2023-06-15,0.9300000071525574,0.9300000071525574,0.8899999856948853,0.9300000071525574,0.9300000071525574,166775
2023-06-16,0.9300000071525574,1.0399999618530273,0.9300000071525574,0.9300000071525574,0.9300000071525574,228000
2023-06-19,1.0,1.100000023841858,0.9399999976158142,1.0099999904632568,1.0099999904632568,578950
2023-06-20,0.9700000286102295,0.9700000286102295,0.7900000214576721,0.800000011920929,0.800000011920929,2697075
2023-06-21,0.7599999904632568,0.7599999904632568,0.7599999904632568,0.7599999904632568,0.7599999904632568,6002
2023-06-23,0.8199999928474426,0.8399999737739563,0.8199999928474426,0.8199999928474426,0.8199999928474426,126815
2023-06-26,0.800000011920929,0.800000011920929,0.7699999809265137,0.7699999809265137,0.7699999809265137,18136
2023-06-27,0.7699999809265137,0.7900000214576721,0.7699999809265137,0.7900000214576721,0.7900000214576721,36000
2023-06-28,0.7900000214576721,0.7900000214576721,0.7900000214576721,0.7900000214576721,0.7900000214576721,21687
2023-06-29,0.7599999904632568,0.8399999737739563,0.7599999904632568,0.7799999713897705,0.7799999713897705,444912
2023-06-30,0.75,0.7699999809265137,0.75,0.7799999713897705,0.7799999713897705,61325
2023-07-03,0.7799999713897705,0.7799999713897705,0.7599999904632568,0.7699999809265137,0.7699999809265137,108459
2023-07-04,0.7699999809265137,0.7699999809265137,0.7699999809265137,0.7699999809265137,0.7699999809265137,0
2023-07-05,0.7799999713897705,0.7799999713897705,0.7799999713897705,0.7699999809265137,0.7699999809265137,27250
2023-07-06,0.75,0.75,0.75,0.75,0.75,45613
2023-07-07,0.75,0.7900000214576721,0.75,0.7699999809265137,0.7699999809265137,45287
2023-07-10,0.75,0.75,0.7200000286102295,0.7200000286102295,0.7200000286102295,269928
2023-07-11,0.75,0.75,0.75,0.75,0.75,46326
2023-07-12,0.7599999904632568,0.7599999904632568,0.75,0.75,0.75,71425
2023-07-13,0.7900000214576721,0.7900000214576721,0.7599999904632568,0.7599999904632568,0.7599999904632568,48600
2023-07-14,0.7599999904632568,0.7599999904632568,0.7599999904632568,0.7599999904632568,0.7599999904632568,29200
2023-07-18,0.75,0.75,0.75,0.75,0.75,0
2023-07-19,0.75,0.75,0.7200000286102295,0.7200000286102295,0.7200000286102295,33000
2023-07-20,0.7400000095367432,0.7400000095367432,0.7400000095367432,0.7400000095367432,0.7400000095367432,0
2023-07-21,0.699999988079071,0.75,0.699999988079071,0.75,0.75,12000
2023-07-24,0.75,0.75,0.75,0.75,0.75,0
2023-07-25,0.7300000190734863,0.7300000190734863,0.7300000190734863,0.7300000190734863,0.7300000190734863,51250
2023-07-26,0.7300000190734863,0.7300000190734863,0.7300000190734863,0.7300000190734863,0.7300000190734863,21000
2023-07-27,0.7200000286102295,0.7200000286102295,0.7200000286102295,0.7200000286102295,0.7200000286102295,0
2023-07-28,0.7200000286102295,0.7200000286102295,0.7200000286102295,0.7200000286102295,0.7200000286102295,0
2023-07-31,0.7200000286102295,0.7300000190734863,0.7200000286102295,0.7200000286102295,0.7200000286102295,153012
2023-08-01,0.7200000286102295,0.7200000286102295,0.7200000286102295,0.7200000286102295,0.7200000286102295,0
2023-08-02,0.7200000286102295,0.7200000286102295,0.7099999785423279,0.7099999785423279,0.7099999785423279,24000
2023-08-03,0.699999988079071,0.7099999785423279,0.6600000262260437,0.6800000071525574,0.6800000071525574,48250
2023-08-04,0.6600000262260437,0.6700000166893005,0.6600000262260437,0.6899999976158142,0.6899999976158142,36925
2023-08-07,0.699999988079071,0.699999988079071,0.699999988079071,0.699999988079071,0.699999988079071,33000
2023-08-08,0.6200000047683716,0.6700000166893005,0.6200000047683716,0.6700000166893005,0.6700000166893005,129450
2023-08-09,0.6499999761581421,0.6499999761581421,0.6499999761581421,0.6499999761581421,0.6499999761581421,6406
2023-08-10,0.6299999952316284,0.6700000166893005,0.6299999952316284,0.6600000262260437,0.6600000262260437,34772
2023-08-11,0.6600000262260437,0.6600000262260437,0.6600000262260437,0.6600000262260437,0.6600000262260437,0
2023-08-14,0.6200000047683716,0.6200000047683716,0.6200000047683716,0.6200000047683716,0.6200000047683716,0
2023-08-15,0.6299999952316284,0.6299999952316284,0.6299999952316284,0.6299999952316284,0.6299999952316284,3584
2023-08-16,0.6200000047683716,0.7400000095367432,0.6100000143051147,0.6100000143051147,0.6100000143051147,153012
2023-08-17,0.6100000143051147,0.6100000143051147,0.6000000238418579,0.6000000238418579,0.6000000238418579,27750
2023-08-18,0.5799999833106995,0.6000000238418579,0.5199999809265137,0.6000000238418579,0.6000000238418579,64125
2023-08-21,0.6000000238418579,0.6000000238418579,0.49000000953674316,0.49000000953674316,0.49000000953674316,518287
2023-08-22,0.5,0.5,0.5,0.5,0.5,0
2023-08-23,0.550000011920929,0.5699999928474426,0.5199999809265137,0.550000011920929,0.550000011920929,167500
2023-08-24,0.5799999833106995,0.5799999833106995,0.5799999833106995,0.5799999833106995,0.5799999833106995,11002
2023-08-25,0.5,0.5199999809265137,0.5,0.5099999904632568,0.5099999904632568,39000
2023-08-28,0.5799999833106995,0.5799999833106995,0.5799999833106995,0.5799999833106995,0.5799999833106995,0
2023-08-29,0.5699999928474426,0.5699999928474426,0.5699999928474426,0.5699999928474426,0.5699999928474426,0
2023-08-30,0.5099999904632568,0.5299999713897705,0.5,0.5099999904632568,0.5099999904632568,117000
2023-08-31,0.5099999904632568,0.5099999904632568,0.5099999904632568,0.5099999904632568,0.5099999904632568,0
2023-09-04,0.5199999809265137,0.5600000023841858,0.5199999809265137,0.550000011920929,0.550000011920929,129012
2023-09-05,0.5099999904632568,0.5299999713897705,0.5099999904632568,0.5299999713897705,0.5299999713897705,25855
2023-09-06,0.5,0.5299999713897705,0.47999998927116394,0.49000000953674316,0.49000000953674316,346250
2023-09-07,0.4699999988079071,0.5099999904632568,0.4699999988079071,0.5,0.5,83184
2023-09-11,0.49000000953674316,0.5,0.49000000953674316,0.4950000047683716,0.4950000047683716,12825
2023-09-12,0.5299999713897705,0.5299999713897705,0.5299999713897705,0.5299999713897705,0.5299999713897705,0
2023-09-13,0.5,0.5199999809265137,0.5,0.5199999809265137,0.5199999809265137,32700
2023-09-14,0.5,0.5,0.5,0.5,0.5,0
2023-09-15,0.5,0.5,0.4950000047683716,0.4950000047683716,0.4950000047683716,24000
2023-09-18,0.5,0.5,0.5,0.5,0.5,0
2023-09-19,0.5,0.5,0.5,0.5,0.5,0
2023-09-20,0.5,0.5,0.5,0.5,0.5,0
2023-09-21,0.4699999988079071,0.4699999988079071,0.4699999988079071,0.4699999988079071,0.4699999988079071,0
2023-09-22,0.4699999988079071,0.4699999988079071,0.4699999988079071,0.4699999988079071,0.4699999988079071,0
2023-09-25,0.46000000834465027,0.46000000834465027,0.46000000834465027,0.46000000834465027,0.46000000834465027,5511
2023-09-26,0.4749999940395355,0.4749999940395355,0.4749999940395355,0.4749999940395355,0.4749999940395355,4500
2023-09-27,0.4749999940395355,0.4749999940395355,0.4449999928474426,0.4699999988079071,0.4699999988079071,225030
2023-09-28,0.4699999988079071,0.4699999988079071,0.4699999988079071,0.4699999988079071,0.4699999988079071,4500
2023-09-29,0.4699999988079071,0.4699999988079071,0.4699999988079071,0.4699999988079071,0.4699999988079071,52525
2023-10-03,0.41999998688697815,0.41999998688697815,0.41999998688697815,0.41999998688697815,0.41999998688697815,0
2023-10-04,0.41999998688697815,0.41999998688697815,0.41999998688697815,0.41999998688697815,0.41999998688697815,0
2023-10-05,0.42500001192092896,0.42500001192092896,0.42500001192092896,0.42500001192092896,0.42500001192092896,0
2023-10-06,0.42500001192092896,0.42500001192092896,0.42500001192092896,0.42500001192092896,0.42500001192092896,0
2023-10-09,0.42500001192092896,0.42500001192092896,0.42500001192092896,0.42500001192092896,0.42500001192092896,0
2023-10-10,0.4350000023841858,0.4350000023841858,0.4350000023841858,0.4350000023841858,0.4350000023841858,0
2023-10-11,0.4399999976158142,0.44999998807907104,0.4399999976158142,0.44999998807907104,0.44999998807907104,16000
2023-10-12,0.45500001311302185,0.45500001311302185,0.4399999976158142,0.4399999976158142,0.4399999976158142,75075
2023-10-13,0.4399999976158142,0.4399999976158142,0.4399999976158142,0.4399999976158142,0.4399999976158142,0
2023-10-16,0.4399999976158142,0.4399999976158142,0.4399999976158142,0.4399999976158142,0.4399999976158142,0
2023-10-17,0.4399999976158142,0.4399999976158142,0.4399999976158142,0.4399999976158142,0.4399999976158142,0
2023-10-18,0.41999998688697815,0.41999998688697815,0.41999998688697815,0.4300000071525574,0.4300000071525574,7775
2023-10-19,0.4000000059604645,0.4000000059604645,0.38999998569488525,0.38999998569488525,0.38999998569488525,74675
2023-10-20,0.39500001072883606,0.39500001072883606,0.39500001072883606,0.39500001072883606,0.39500001072883606,0
2023-10-24,0.4000000059604645,0.4000000059604645,0.4000000059604645,0.4000000059604645,0.4000000059604645,45009
2023-10-25,0.4000000059604645,0.4000000059604645,0.4000000059604645,0.4000000059604645,0.4000000059604645,6000
2023-10-26,0.4000000059604645,0.4000000059604645,0.4000000059604645,0.4000000059604645,0.4000000059604645,0
2023-10-27,0.4000000059604645,0.4000000059604645,0.4000000059604645,0.4000000059604645,0.4000000059604645,0
2023-10-30,0.4000000059604645,0.4000000059604645,0.4000000059604645,0.4000000059604645,0.4000000059604645,0
2023-10-31,0.4000000059604645,0.4000000059604645,0.4000000059604645,0.4000000059604645,0.4000000059604645,0
2023-11-01,0.4000000059604645,0.4000000059604645,0.4000000059604645,0.4000000059604645,0.4000000059604645,0
2023-11-02,0.4000000059604645,0.4000000059604645,0.4000000059604645,0.4000000059604645,0.4000000059604645,0
2023-11-03,0.4000000059604645,0.4000000059604645,0.4000000059604645,0.4000000059604645,0.4000000059604645,8000
2023-11-06,0.4000000059604645,0.4950000047683716,0.4000000059604645,0.4950000047683716,0.4950000047683716,135350
2023-11-07,0.4950000047683716,0.4950000047683716,0.4950000047683716,0.4950000047683716,0.4950000047683716,0
2023-11-08,0.5,0.5,0.4749999940395355,0.49000000953674316,0.49000000953674316,313216
2023-11-09,0.49000000953674316,0.49000000953674316,0.49000000953674316,0.49000000953674316,0.49000000953674316,0
2023-11-10,0.49000000953674316,0.49000000953674316,0.49000000953674316,0.49000000953674316,0.49000000953674316,0
2023-11-13,0.49000000953674316,0.49000000953674316,0.49000000953674316,0.49000000953674316,0.49000000953674316,0
2023-11-14,0.3799999952316284,0.44999998807907104,0.3799999952316284,0.4399999976158142,0.4399999976158142,40500
2023-11-15,0.41999998688697815,0.46000000834465027,0.41999998688697815,0.46000000834465027,0.46000000834465027,6276
2023-11-16,0.46000000834465027,0.46000000834465027,0.46000000834465027,0.46000000834465027,0.46000000834465027,0
2023-11-17,0.46000000834465027,0.46000000834465027,0.46000000834465027,0.46000000834465027,0.46000000834465027,0
2023-11-20,0.44999998807907104,0.44999998807907104,0.44999998807907104,0.44999998807907104,0.44999998807907104,0
2023-11-21,0.42500001192092896,0.42500001192092896,0.42500001192092896,0.42500001192092896,0.42500001192092896,10000
2023-11-22,0.4300000071525574,0.4300000071525574,0.4300000071525574,0.4300000071525574,0.4300000071525574,74450
2023-11-23,0.41999998688697815,0.4950000047683716,0.41999998688697815,0.4950000047683716,0.4950000047683716,304028
2023-11-24,0.5099999904632568,0.5099999904632568,0.4950000047683716,0.4950000047683716,0.4950000047683716,20375
2023-11-27,0.49000000953674316,0.49000000953674316,0.49000000953674316,0.49000000953674316,0.49000000953674316,0
2023-11-28,0.49000000953674316,0.49000000953674316,0.49000000953674316,0.49000000953674316,0.49000000953674316,0
2023-11-29,0.49000000953674316,0.4950000047683716,0.49000000953674316,0.49000000953674316,0.49000000953674316,117000
2023-11-30,0.49000000953674316,0.49000000953674316,0.49000000953674316,0.49000000953674316,0.49000000953674316,0
2023-12-01,0.49000000953674316,0.49000000953674316,0.49000000953674316,0.49000000953674316,0.49000000953674316,0
2023-12-04,0.4000000059604645,0.4000000059604645,0.4000000059604645,0.41999998688697815,0.41999998688697815,6001
2023-12-05,0.44999998807907104,0.44999998807907104,0.44999998807907104,0.44999998807907104,0.44999998807907104,9077
2023-12-06,0.4749999940395355,0.4749999940395355,0.4749999940395355,0.4749999940395355,0.4749999940395355,0
2023-12-07,0.4699999988079071,0.4699999988079071,0.4699999988079071,0.4699999988079071,0.4699999988079071,3533
2023-12-08,0.4699999988079071,0.4699999988079071,0.45500001311302185,0.47999998927116394,0.47999998927116394,15975
2023-12-11,0.49000000953674316,0.49000000953674316,0.49000000953674316,0.49000000953674316,0.49000000953674316,0
2023-12-12,0.46000000834465027,0.49000000953674316,0.46000000834465027,0.49000000953674316,0.49000000953674316,51580
2023-12-13,0.49000000953674316,0.49000000953674316,0.49000000953674316,0.49000000953674316,0.49000000953674316,0
2023-12-14,0.46000000834465027,0.46000000834465027,0.46000000834465027,0.46000000834465027,0.46000000834465027,3000
2023-12-15,0.375,0.49000000953674316,0.375,0.4399999976158142,0.4399999976158142,32164
2023-12-18,0.44999998807907104,0.44999998807907104,0.4300000071525574,0.4350000023841858,0.4350000023841858,7925
2023-12-19,0.4350000023841858,0.4350000023841858,0.4350000023841858,0.4350000023841858,0.4350000023841858,0
2023-12-20,0.41999998688697815,0.4449999928474426,0.41999998688697815,0.4449999928474426,0.4449999928474426,16500
2023-12-21,0.4449999928474426,0.4449999928474426,0.4449999928474426,0.4449999928474426,0.4449999928474426,0
2023-12-22,0.46000000834465027,0.46000000834465027,0.46000000834465027,0.46000000834465027,0.46000000834465027,27225
2023-12-27,0.4650000035762787,0.4650000035762787,0.4650000035762787,0.4650000035762787,0.4650000035762787,0
2023-12-28,0.5,0.5199999809265137,0.5,0.5199999809265137,0.5199999809265137,61000
2023-12-29,0.49000000953674316,0.49000000953674316,0.41999998688697815,0.4300000071525574,0.4300000071525574,252000
2024-01-02,0.42500001192092896,0.44999998807907104,0.4050000011920929,0.44999998807907104,0.44999998807907104,334000
2024-01-03,0.45500001311302185,0.45500001311302185,0.45500001311302185,0.45500001311302185,0.45500001311302185,0
2024-01-04,0.47999998927116394,0.5099999904632568,0.46000000834465027,0.46000000834465027,0.46000000834465027,174062
2024-01-05,0.4749999940395355,0.550000011920929,0.4699999988079071,0.5,0.5,366735
2024-01-08,0.5199999809265137,1.0199999809265137,0.5199999809265137,0.8999999761581421,0.8999999761581421,7411689
2024-01-09,0.8799999952316284,0.9800000190734863,0.7799999713897705,0.8600000143051147,0.8600000143051147,2842500
2024-01-10,0.8299999833106995,0.8500000238418579,0.6899999976158142,0.699999988079071,0.699999988079071,1116475
2024-01-11,0.6800000071525574,0.7099999785423279,0.6200000047683716,0.6800000071525574,0.6800000071525574,1083800
2024-01-12,0.6899999976158142,0.8999999761581421,0.6899999976158142,0.8299999833106995,0.8299999833106995,3927250
2024-01-15,0.8500000238418579,0.9100000262260437,0.7699999809265137,0.7699999809265137,0.7699999809265137,1965760
2024-01-16,0.7699999809265137,0.7799999713897705,0.6800000071525574,0.7400000095367432,0.7400000095367432,1251000
2024-01-17,0.699999988079071,0.7200000286102295,0.6299999952316284,0.6899999976158142,0.6899999976158142,576050
2024-01-18,0.7200000286102295,0.7400000095367432,0.699999988079071,0.7400000095367432,0.7400000095367432,352075
2024-01-19,0.7400000095367432,0.7699999809265137,0.7400000095367432,0.75,0.75,156303
2024-01-22,0.75,0.75,0.699999988079071,0.699999988079071,0.699999988079071,429250
2024-01-23,0.699999988079071,0.699999988079071,0.5799999833106995,0.6299999952316284,0.6299999952316284,144005
2024-01-24,0.6800000071525574,0.75,0.6800000071525574,0.699999988079071,0.699999988079071,524700
2024-01-25,0.699999988079071,0.7300000190734863,0.699999988079071,0.7099999785423279,0.7099999785423279,111225
2024-01-26,0.7099999785423279,0.7300000190734863,0.6499999761581421,0.6800000071525574,0.6800000071525574,258463
2024-01-29,0.6499999761581421,0.6499999761581421,0.5799999833106995,0.6299999952316284,0.6299999952316284,120000
2024-01-30,0.6299999952316284,0.6399999856948853,0.6299999952316284,0.6399999856948853,0.6399999856948853,26550
2024-01-31,0.6000000238418579,0.6000000238418579,0.6000000238418579,0.6100000143051147,0.6100000143051147,45750
2024-02-01,0.6100000143051147,0.699999988079071,0.6100000143051147,0.699999988079071,0.699999988079071,42000
2024-02-02,0.699999988079071,0.699999988079071,0.6399999856948853,0.6399999856948853,0.6399999856948853,9250
2024-02-05,0.6299999952316284,0.6399999856948853,0.6000000238418579,0.6399999856948853,0.6399999856948853,162312
2024-02-06,0.6200000047683716,0.6200000047683716,0.6200000047683716,0.6200000047683716,0.6200000047683716,26250
2024-02-07,0.6200000047683716,0.6200000047683716,0.6200000047683716,0.6200000047683716,0.6200000047683716,12010
2024-02-08,0.6200000047683716,0.6200000047683716,0.6200000047683716,0.6200000047683716,0.6200000047683716,0
2024-02-09,0.6200000047683716,0.6200000047683716,0.6200000047683716,0.6200000047683716,0.6200000047683716,0
2024-02-14,0.6399999856948853,0.6399999856948853,0.6399999856948853,0.6399999856948853,0.6399999856948853,10515
2024-02-15,0.5799999833106995,0.6100000143051147,0.5799999833106995,0.6100000143051147,0.6100000143051147,66012
2024-02-16,0.6100000143051147,0.6200000047683716,0.6100000143051147,0.6200000047683716,0.6200000047683716,83375
2024-02-19,0.6700000166893005,0.7099999785423279,0.6700000166893005,0.6899999976158142,0.6899999976158142,195000
2024-02-20,0.7099999785423279,0.7599999904632568,0.6100000143051147,0.6499999761581421,0.6499999761581421,303025
2024-02-21,0.6299999952316284,0.6600000262260437,0.6299999952316284,0.6600000262260437,0.6600000262260437,43950
2024-02-22,0.6899999976158142,0.7300000190734863,0.6700000166893005,0.7099999785423279,0.7099999785423279,285000
2024-02-23,0.7200000286102295,0.800000011920929,0.7200000286102295,0.7799999713897705,0.7799999713897705,792380
2024-02-26,0.7900000214576721,0.7900000214576721,0.7300000190734863,0.7300000190734863,0.7300000190734863,140002
2024-02-27,0.7200000286102295,0.7599999904632568,0.699999988079071,0.699999988079071,0.699999988079071,192650
2024-02-28,0.7099999785423279,0.7799999713897705,0.7099999785423279,0.7300000190734863,0.7300000190734863,228650
2024-02-29,0.7200000286102295,0.7200000286102295,0.7200000286102295,0.7200000286102295,0.7200000286102295,37962
2024-03-01,0.7300000190734863,0.7400000095367432,0.7300000190734863,0.7300000190734863,0.7300000190734863,43750
2024-03-04,0.7099999785423279,0.7200000286102295,0.7099999785423279,0.7200000286102295,0.7200000286102295,39215
2024-03-05,0.7200000286102295,0.7599999904632568,0.7200000286102295,0.7400000095367432,0.7400000095367432,296172
2024-03-06,0.7599999904632568,0.7799999713897705,0.7400000095367432,0.7699999809265137,0.7699999809265137,335525
2024-03-07,0.7599999904632568,0.7599999904632568,0.7599999904632568,0.7599999904632568,0.7599999904632568,0
2024-03-08,0.7200000286102295,0.7300000190734863,0.7200000286102295,0.7300000190734863,0.7300000190734863,130000
2024-03-11,0.7300000190734863,0.75,0.7300000190734863,0.75,0.75,60400
2024-03-12,0.699999988079071,0.7699999809265137,0.699999988079071,0.7400000095367432,0.7400000095367432,130325
2024-03-13,0.7099999785423279,0.7200000286102295,0.699999988079071,0.7099999785423279,0.7099999785423279,162979
2024-03-14,0.7099999785423279,0.7099999785423279,0.7099999785423279,0.7099999785423279,0.7099999785423279,0
2024-03-15,0.6600000262260437,0.6800000071525574,0.6600000262260437,0.6800000071525574,0.6800000071525574,54250
2024-03-18,0.6800000071525574,0.6899999976158142,0.6499999761581421,0.6899999976158142,0.6899999976158142,255250
2024-03-19,0.6899999976158142,0.6899999976158142,0.6899999976158142,0.6899999976158142,0.6899999976158142,0
2024-03-20,0.699999988079071,0.699999988079071,0.699999988079071,0.699999988079071,0.699999988079071,0
2024-03-21,0.6700000166893005,0.6700000166893005,0.6700000166893005,0.6700000166893005,0.6700000166893005,3750
2024-03-22,0.6700000166893005,0.6700000166893005,0.5899999737739563,0.6600000262260437,0.6600000262260437,113300
2024-03-25,0.6600000262260437,0.6600000262260437,0.6600000262260437,0.6600000262260437,0.6600000262260437,0
2024-03-26,0.6600000262260437,0.6600000262260437,0.6600000262260437,0.6600000262260437,0.6600000262260437,0
2024-03-27,0.6499999761581421,0.6499999761581421,0.6499999761581421,0.6499999761581421,0.6499999761581421,117650
2024-03-28,0.6499999761581421,0.6499999761581421,0.6499999761581421,0.6499999761581421,0.6499999761581421,0
2024-04-02,0.6499999761581421,0.6499999761581421,0.6100000143051147,0.6200000047683716,0.6200000047683716,17825
2024-04-03,0.6200000047683716,0.6200000047683716,0.6200000047683716,0.6200000047683716,0.6200000047683716,0
2024-04-05,0.6299999952316284,0.6299999952316284,0.6299999952316284,0.6299999952316284,0.6299999952316284,0
2024-04-08,0.6299999952316284,0.6399999856948853,0.6299999952316284,0.6399999856948853,0.6399999856948853,64630
2024-04-09,0.6200000047683716,0.6299999952316284,0.6200000047683716,0.6399999856948853,0.6399999856948853,9125
2024-04-10,0.6200000047683716,0.6200000047683716,0.6200000047683716,0.6200000047683716,0.6200000047683716,127509
2024-04-11,0.6200000047683716,0.7300000190734863,0.6200000047683716,0.6399999856948853,0.6399999856948853,137700
2024-04-12,0.6800000071525574,0.6800000071525574,0.6800000071525574,0.6800000071525574,0.6800000071525574,60000
2024-04-15,0.6499999761581421,0.6499999761581421,0.6499999761581421,0.6499999761581421,0.6499999761581421,0
2024-04-16,0.6200000047683716,0.6299999952316284,0.6000000238418579,0.6200000047683716,0.6200000047683716,60400
2024-04-17,0.6000000238418579,0.6100000143051147,0.5799999833106995,0.6100000143051147,0.6100000143051147,39525
2024-04-18,0.6100000143051147,0.6100000143051147,0.6100000143051147,0.6100000143051147,0.6100000143051147,0
2024-04-19,0.6100000143051147,0.6100000143051147,0.6100000143051147,0.6100000143051147,0.6100000143051147,0
2024-04-22,0.6200000047683716,0.6200000047683716,0.6200000047683716,0.6200000047683716,0.6200000047683716,0
2024-04-23,0.6100000143051147,0.6100000143051147,0.6100000143051147,0.6100000143051147,0.6100000143051147,0
2024-04-24,0.6200000047683716,0.6200000047683716,0.6200000047683716,0.6200000047683716,0.6200000047683716,3250
2024-04-25,0.5699999928474426,0.6200000047683716,0.5699999928474426,0.6200000047683716,0.6200000047683716,50900
2024-04-26,0.5799999833106995,0.6200000047683716,0.5799999833106995,0.5799999833106995,0.5799999833106995,247462
2024-04-29,0.5600000023841858,0.6100000143051147,0.550000011920929,0.5799999833106995,0.5799999833106995,213325
2024-04-30,0.5699999928474426,0.6200000047683716,0.5699999928474426,0.6200000047683716,0.6200000047683716,52758
2024-05-02,0.5899999737739563,0.6700000166893005,0.5899999737739563,0.6700000166893005,0.6700000166893005,33375
2024-05-03,0.6499999761581421,0.6499999761581421,0.6499999761581421,0.6499999761581421,0.6499999761581421,12000
2024-05-06,0.5899999737739563,0.5899999737739563,0.5899999737739563,0.5899999737739563,0.5899999737739563,21452
2024-05-07,0.5899999737739563,0.5899999737739563,0.5799999833106995,0.5899999737739563,0.5899999737739563,111975
2024-05-08,0.5799999833106995,0.5799999833106995,0.5600000023841858,0.5600000023841858,0.5600000023841858,270187
2024-05-09,0.5699999928474426,0.5699999928474426,0.5699999928474426,0.5699999928474426,0.5699999928474426,138750
2024-05-10,0.5699999928474426,0.5699999928474426,0.5699999928474426,0.5699999928474426,0.5699999928474426,9630
2024-05-13,0.5699999928474426,0.5699999928474426,0.5699999928474426,0.5699999928474426,0.5699999928474426,0
2024-05-14,0.5899999737739563,0.6700000166893005,0.5799999833106995,0.5899999737739563,0.5899999737739563,285375
2024-05-16,0.6000000238418579,0.6000000238418579,0.5699999928474426,0.5899999737739563,0.5899999737739563,278550
2024-05-17,0.5699999928474426,0.6299999952316284,0.5699999928474426,0.5699999928474426,0.5699999928474426,34601
2024-05-20,0.6499999761581421,0.6499999761581421,0.5899999737739563,0.6000000238418579,0.6000000238418579,189250
2024-05-21,0.6000000238418579,0.6000000238418579,0.6000000238418579,0.6000000238418579,0.6000000238418579,0
2024-05-22,0.6000000238418579,0.6499999761581421,0.6000000238418579,0.6000000238418579,0.6000000238418579,192780
2024-05-23,0.6000000238418579,0.6000000238418579,0.6000000238418579,0.6000000238418579,0.6000000238418579,66625
2024-05-24,0.6000000238418579,0.8199999928474426,0.6000000238418579,0.6299999952316284,0.6299999952316284,1890250
2024-05-27,0.6200000047683716,0.75,0.6100000143051147,0.6399999856948853,0.6399999856948853,330976
2024-05-28,0.6700000166893005,0.6800000071525574,0.6700000166893005,0.6800000071525574,0.6800000071525574,51000
2024-05-29,0.6700000166893005,0.6700000166893005,0.6700000166893005,0.6700000166893005,0.6700000166893005,0
2024-05-30,0.6499999761581421,0.6499999761581421,0.6200000047683716,0.6299999952316284,0.6299999952316284,59386
2024-05-31,0.6000000238418579,0.6499999761581421,0.5899999737739563,0.6200000047683716,0.6200000047683716,32925
2024-06-03,0.6800000071525574,0.7200000286102295,0.6499999761581421,0.6499999761581421,0.6499999761581421,118175
2024-06-04,0.6499999761581421,0.6499999761581421,0.6499999761581421,0.6499999761581421,0.6499999761581421,0
2024-06-05,0.6299999952316284,0.6399999856948853,0.6299999952316284,0.6399999856948853,0.6399999856948853,61325
2024-06-06,0.699999988079071,0.8600000143051147,0.6899999976158142,0.7200000286102295,0.7200000286102295,1866903
2024-06-07,0.800000011920929,0.800000011920929,0.699999988079071,0.7599999904632568,0.7599999904632568,160025
2024-06-11,0.7300000190734863,0.7300000190734863,0.7300000190734863,0.7300000190734863,0.7300000190734863,0
2024-06-12,0.6399999856948853,0.6899999976158142,0.6399999856948853,0.6899999976158142,0.6899999976158142,82250
2024-06-13,0.6600000262260437,0.6600000262260437,0.6600000262260437,0.6600000262260437,0.6600000262260437,0
2024-06-14,0.7099999785423279,0.7699999809265137,0.6700000166893005,0.7099999785423279,0.7099999785423279,162500
2024-06-17,0.7099999785423279,0.7099999785423279,0.7099999785423279,0.7099999785423279,0.7099999785423279,0
2024-06-18,0.75,0.7599999904632568,0.7400000095367432,0.75,0.75,129920
2024-06-19,0.7300000190734863,0.75,0.7300000190734863,0.7300000190734863,0.7300000190734863,52900
2024-06-20,0.8799999952316284,1.100000023841858,0.8299999833106995,0.8799999952316284,0.8799999952316284,4327555
2024-06-21,0.9100000262260437,0.949999988079071,0.8299999833106995,0.9200000166893005,0.9200000166893005,883325
2024-06-24,0.9200000166893005,0.9200000166893005,0.8399999737739563,0.8899999856948853,0.8899999856948853,266766
2024-06-25,0.8600000143051147,0.8600000143051147,0.8299999833106995,0.8299999833106995,0.8299999833106995,249500
2024-06-26,0.8399999737739563,0.8700000047683716,0.8399999737739563,0.8399999737739563,0.8399999737739563,99100
2024-06-27,0.8399999737739563,0.8399999737739563,0.8399999737739563,0.8399999737739563,0.8399999737739563,51025
2024-06-28,0.8399999737739563,0.8399999737739563,0.8299999833106995,0.8299999833106995,0.8299999833106995,151750
2024-07-02,0.8399999737739563,0.8399999737739563,0.8100000023841858,0.8100000023841858,0.8100000023841858,158113
2024-07-03,0.800000011920929,0.8299999833106995,0.7599999904632568,0.8100000023841858,0.8100000023841858,118905
2024-07-04,0.7599999904632568,0.8199999928474426,0.7599999904632568,0.8199999928474426,0.8199999928474426,43628
2024-07-08,0.7699999809265137,0.7699999809265137,0.7699999809265137,0.7699999809265137,0.7699999809265137,0
2024-07-09,0.7099999785423279,0.7599999904632568,0.7099999785423279,0.7599999904632568,0.7599999904632568,140752
2024-07-10,0.7599999904632568,0.7799999713897705,0.7099999785423279,0.7300000190734863,0.7300000190734863,73637
2024-07-11,0.7300000190734863,0.7300000190734863,0.7300000190734863,0.7300000190734863,0.7300000190734863,0
2024-07-12,0.699999988079071,0.7300000190734863,0.699999988079071,0.7099999785423279,0.7099999785423279,76313
2024-07-15,0.7099999785423279,0.7099999785423279,0.699999988079071,0.699999988079071,0.699999988079071,49500
2024-07-16,0.7099999785423279,0.7099999785423279,0.7099999785423279,0.7099999785423279,0.7099999785423279,0
2024-07-17,0.6700000166893005,0.7099999785423279,0.6499999761581421,0.7099999785423279,0.7099999785423279,63525
2024-07-18,0.6899999976158142,0.6899999976158142,0.6899999976158142,0.699999988079071,0.699999988079071,4075
2024-07-19,0.6899999976158142,0.6899999976158142,0.5899999737739563,0.6299999952316284,0.6299999952316284,1820252
2024-07-22,0.6299999952316284,0.6299999952316284,0.6100000143051147,0.6100000143051147,0.6100000143051147,210000
2024-07-23,0.6100000143051147,0.6499999761581421,0.6100000143051147,0.6499999761581421,0.6499999761581421,12250
2024-07-24,0.6499999761581421,0.6499999761581421,0.6499999761581421,0.6499999761581421,0.6499999761581421,0
2024-07-25,0.6499999761581421,0.6499999761581421,0.6499999761581421,0.6499999761581421,0.6499999761581421,0
2024-07-26,0.6100000143051147,0.6100000143051147,0.6100000143051147,0.6100000143051147,0.6100000143051147,45017
2024-07-29,0.6299999952316284,0.6399999856948853,0.6299999952316284,0.6399999856948853,0.6399999856948853,14352
2024-07-30,0.6000000238418579,0.6000000238418579,0.6000000238418579,0.6000000238418579,0.6000000238418579,6517
2024-07-31,0.6700000166893005,0.6700000166893005,0.6200000047683716,0.6399999856948853,0.6399999856948853,46432
2024-08-01,0.6399999856948853,0.6499999761581421,0.6200000047683716,0.6399999856948853,0.6399999856948853,45500
2024-08-02,0.6299999952316284,0.6299999952316284,0.6299999952316284,0.6299999952316284,0.6299999952316284,0
2024-08-05,0.6299999952316284,0.6100000143051147,0.5799999833106995,0.6000000238418579,0.6000000238418579,91375
2024-08-06,0.550000011920929,0.5699999928474426,0.550000011920929,0.5699999928474426,0.5699999928474426,30725
2024-08-07,0.5899999737739563,0.5899999737739563,0.5899999737739563,0.5899999737739563,0.5899999737739563,49500
2024-08-08,0.5799999833106995,0.5799999833106995,0.5699999928474426,0.5799999833106995,0.5799999833106995,61975
2024-08-09,0.5799999833106995,0.5799999833106995,0.5799999833106995,0.5799999833106995,0.5799999833106995,0
2024-08-12,0.550000011920929,0.5699999928474426,0.550000011920929,0.5699999928474426,0.5699999928474426,14875
2024-08-13,0.5799999833106995,0.5799999833106995,0.5699999928474426,0.5699999928474426,0.5699999928474426,10300
2024-08-14,0.5699999928474426,0.5699999928474426,0.5699999928474426,0.5699999928474426,0.5699999928474426,0
2024-08-15,0.5699999928474426,0.5699999928474426,0.5699999928474426,0.5699999928474426,0.5699999928474426,0
2024-08-16,0.5699999928474426,0.5699999928474426,0.5699999928474426,0.5699999928474426,0.5699999928474426,0
2024-08-19,0.5899999737739563,0.5899999737739563,0.5899999737739563,0.5899999737739563,0.5899999737739563,6763
2024-08-20,0.5799999833106995,0.5799999833106995,0.5799999833106995,0.5799999833106995,0.5799999833106995,0
2024-08-21,0.5,0.5600000023841858,0.5,0.5600000023841858,0.5600000023841858,16600
2024-08-22,0.5099999904632568,0.5799999833106995,0.5,0.5699999928474426,0.5699999928474426,71012
2024-08-23,0.5199999809265137,0.5299999713897705,0.5199999809265137,0.5299999713897705,0.5299999713897705,14004
2024-08-26,0.5099999904632568,0.5699999928474426,0.5099999904632568,0.5699999928474426,0.5699999928474426,121000
2024-08-27,0.5699999928474426,0.5699999928474426,0.5699999928474426,0.5699999928474426,0.5699999928474426,0
2024-08-28,0.5799999833106995,0.5899999737739563,0.5799999833106995,0.5799999833106995,0.5799999833106995,13350
2024-08-29,0.5699999928474426,0.5699999928474426,0.5699999928474426,0.5699999928474426,0.5699999928474426,21510
2024-08-30,0.550000011920929,0.550000011920929,0.550000011920929,0.550000011920929,0.550000011920929,0
2024-09-02,0.5199999809265137,0.550000011920929,0.5199999809265137,0.550000011920929,0.550000011920929,7825
2024-09-03,0.550000011920929,0.6000000238418579,0.550000011920929,0.6000000238418579,0.6000000238418579,24930
2024-09-04,0.6100000143051147,0.6299999952316284,0.6000000238418579,0.6200000047683716,0.6200000047683716,123500
2024-09-05,0.6000000238418579,0.6000000238418579,0.5799999833106995,0.6000000238418579,0.6000000238418579,54200
2024-09-09,0.6000000238418579,0.6000000238418579,0.6000000238418579,0.6000000238418579,0.6000000238418579,12450
2024-09-10,0.6000000238418579,0.6000000238418579,0.6000000238418579,0.6000000238418579,0.6000000238418579,0
2024-09-11,0.6200000047683716,0.6200000047683716,0.6000000238418579,0.6000000238418579,0.6000000238418579,25575
2024-09-12,0.6000000238418579,0.6000000238418579,0.6000000238418579,0.6000000238418579,0.6000000238418579,0
2024-09-13,0.6200000047683716,0.6200000047683716,0.6200000047683716,0.6200000047683716,0.6200000047683716,0
2024-09-16,0.6200000047683716,0.6200000047683716,0.6200000047683716,0.6200000047683716,0.6200000047683716,0
2024-09-17,0.5199999809265137,0.550000011920929,0.5199999809265137,0.550000011920929,0.550000011920929,15150
2024-09-19,0.5899999737739563,0.6700000166893005,0.5899999737739563,0.6000000238418579,0.6000000238418579,28925
2024-09-20,0.6000000238418579,0.6000000238418579,0.6000000238418579,0.6000000238418579,0.6000000238418579,0
2024-09-23,0.6399999856948853,0.699999988079071,0.6299999952316284,0.6499999761581421,0.6499999761581421,645125
2024-09-24,0.6700000166893005,0.7799999713897705,0.6700000166893005,0.699999988079071,0.699999988079071,947550
2024-09-25,0.7200000286102295,0.7900000214576721,0.699999988079071,0.7200000286102295,0.7200000286102295,719597
2024-09-26,0.7099999785423279,0.7099999785423279,0.6600000262260437,0.6700000166893005,0.6700000166893005,429750
2024-09-27,0.6700000166893005,0.699999988079071,0.6700000166893005,0.6800000071525574,0.6800000071525574,191500
2024-09-30,0.6899999976158142,0.9900000095367432,0.6899999976158142,0.7900000214576721,0.7900000214576721,956375
2024-10-02,0.8899999856948853,0.8899999856948853,0.8100000023841858,0.8600000143051147,0.8600000143051147,722725
2024-10-03,0.8600000143051147,0.8600000143051147,0.800000011920929,0.800000011920929,0.800000011920929,272101
2024-10-04,0.7900000214576721,0.8399999737739563,0.7900000214576721,0.8399999737739563,0.8399999737739563,377064
2024-10-07,0.8399999737739563,0.8799999952316284,0.800000011920929,0.8500000238418579,0.8500000238418579,485580
2024-10-08,0.8500000238418579,0.8500000238418579,0.7599999904632568,0.7699999809265137,0.7699999809265137,187775
2024-10-09,0.7699999809265137,0.800000011920929,0.7099999785423279,0.7200000286102295,0.7200000286102295,69825
2024-10-10,0.800000011920929,0.8100000023841858,0.7799999713897705,0.7799999713897705,0.7799999713897705,235650
2024-10-14,0.7799999713897705,0.7799999713897705,0.6600000262260437,0.7799999713897705,0.7799999713897705,35104
2024-10-15,0.7799999713897705,0.7799999713897705,0.7300000190734863,0.7599999904632568,0.7599999904632568,324500
2024-10-16,0.699999988079071,0.7200000286102295,0.699999988079071,0.7300000190734863,0.7300000190734863,93015
2024-10-17,0.7300000190734863,0.7300000190734863,0.7300000190734863,0.7300000190734863,0.7300000190734863,0
2024-10-18,0.6899999976158142,0.7099999785423279,0.6899999976158142,0.7099999785423279,0.7099999785423279,9175
2024-10-21,0.75,0.800000011920929,0.75,0.7599999904632568,0.7599999904632568,81825
2024-10-22,0.7200000286102295,0.7200000286102295,0.7200000286102295,0.7200000286102295,0.7200000286102295,0
2024-10-23,0.7200000286102295,0.7200000286102295,0.7200000286102295,0.7200000286102295,0.7200000286102295,0
2024-10-24,0.7200000286102295,0.800000011920929,0.6899999976158142,0.7799999713897705,0.7799999713897705,597750
2024-10-25,0.7799999713897705,0.7799999713897705,0.7200000286102295,0.7200000286102295,0.7200000286102295,81638
2024-10-28,0.7300000190734863,0.7300000190734863,0.7300000190734863,0.7300000190734863,0.7300000190734863,0
2024-10-29,0.7099999785423279,0.7300000190734863,0.7099999785423279,0.7300000190734863,0.7300000190734863,16250
2024-10-30,0.7400000095367432,0.7400000095367432,0.7300000190734863,0.7300000190734863,0.7300000190734863,55000
2024-10-31,0.7400000095367432,0.7400000095367432,0.7400000095367432,0.7400000095367432,0.7400000095367432,30200
2024-11-01,0.7200000286102295,0.7400000095367432,0.6499999761581421,0.7200000286102295,0.7200000286102295,206376
2024-11-04,0.7200000286102295,0.7200000286102295,0.7099999785423279,0.7099999785423279,0.7099999785423279,63250
2024-11-05,0.6800000071525574,0.7099999785423279,0.6800000071525574,0.7099999785423279,0.7099999785423279,13001
2024-11-06,0.7099999785423279,0.7200000286102295,0.6899999976158142,0.6899999976158142,0.6899999976158142,192800
2024-11-07,0.7200000286102295,0.7400000095367432,0.6700000166893005,0.7300000190734863,0.7300000190734863,226327
