Date,Open,High,Low,Close,Adj Close,Volume
2005-09-29,0.06285099685192108,0.06285099685192108,0.06285099685192108,0.06285099685192108,0.05419863015413284,0
2005-09-30,0.06285099685192108,0.06285099685192108,0.06285099685192108,0.06285099685192108,0.05419863015413284,0
2005-10-03,0.06285099685192108,0.06285099685192108,0.06285099685192108,0.06285099685192108,0.05419863015413284,0
2005-10-04,0.06285099685192108,0.06285099685192108,0.06285099685192108,0.06285099685192108,0.05419863015413284,0
2005-10-05,0.06285099685192108,0.06285099685192108,0.06285099685192108,0.06285099685192108,0.05419863015413284,0
2005-10-06,0.06285099685192108,0.06285099685192108,0.06285099685192108,0.06285099685192108,0.05419863015413284,0
2005-10-07,0.06285099685192108,0.06285099685192108,0.06285099685192108,0.06285099685192108,0.05419863015413284,0
2005-10-10,0.06285099685192108,0.06285099685192108,0.06285099685192108,0.06285099685192108,0.05419863015413284,0
2005-10-12,0.05265900120139122,0.0577550008893013,0.04671400040388107,0.0577550008893013,0.049804169684648514,122
2005-10-13,0.0577550008893013,0.0577550008893013,0.0577550008893013,0.0577550008893013,0.049804169684648514,0
2005-10-14,0.0577550008893013,0.0577550008893013,0.0577550008893013,0.0577550008893013,0.049804169684648514,0
2005-10-17,0.061152998358011246,0.06285099685192108,0.0577550008893013,0.058605000376701355,0.05053715780377388,94
2005-10-18,0.058605000376701355,0.058605000376701355,0.058605000376701355,0.058605000376701355,0.05053715780377388,0
2005-10-19,0.058605000376701355,0.058605000376701355,0.058605000376701355,0.058605000376701355,0.05053715780377388,0
2005-10-20,0.058605000376701355,0.058605000376701355,0.058605000376701355,0.058605000376701355,0.05053715780377388,0
2005-10-21,0.058605000376701355,0.058605000376701355,0.058605000376701355,0.058605000376701355,0.05053715780377388,0
2005-10-24,0.058605000376701355,0.058605000376701355,0.058605000376701355,0.058605000376701355,0.05053715780377388,0
2005-10-25,0.058605000376701355,0.058605000376701355,0.058605000376701355,0.058605000376701355,0.05053715780377388,0
2005-10-26,0.05690599977970123,0.06794700026512146,0.05690599977970123,0.06794700026512146,0.05859309434890747,47
2005-10-27,0.06794700026512146,0.06794700026512146,0.06794700026512146,0.06794700026512146,0.05859309434890747,0
2005-10-28,0.06794700026512146,0.06794700026512146,0.06794700026512146,0.06794700026512146,0.05859309434890747,0
2005-10-31,0.06794700026512146,0.06794700026512146,0.06794700026512146,0.06794700026512146,0.05859309434890747,0
2005-11-01,0.05435800179839134,0.0577550008893013,0.04586400091648102,0.05265900120139122,0.04540972039103508,91
2005-11-02,0.05265900120139122,0.05265900120139122,0.05265900120139122,0.05265900120139122,0.04540972039103508,0
2005-11-03,0.05265900120139122,0.05265900120139122,0.05265900120139122,0.05265900120139122,0.04540972039103508,0
2005-11-04,0.05265900120139122,0.05265900120139122,0.05265900120139122,0.05265900120139122,0.04540972039103508,0
2005-11-07,0.05265900120139122,0.05265900120139122,0.05265900120139122,0.05265900120139122,0.04540972039103508,0
2005-11-08,0.05265900120139122,0.05265900120139122,0.05265900120139122,0.05265900120139122,0.04540972039103508,0
2005-11-09,0.05265900120139122,0.05265900120139122,0.05265900120139122,0.05265900120139122,0.04540972039103508,0
2005-11-10,0.05265900120139122,0.05265900120139122,0.05265900120139122,0.05265900120139122,0.04540972039103508,0
2005-11-11,0.05265900120139122,0.05265900120139122,0.05265900120139122,0.05265900120139122,0.04540972039103508,0
2005-11-14,0.05265900120139122,0.05265900120139122,0.05265900120139122,0.05265900120139122,0.04540972039103508,0
2005-11-15,0.05265900120139122,0.05265900120139122,0.05265900120139122,0.05265900120139122,0.04540972039103508,0
2005-11-16,0.0322749987244606,0.0509600006043911,0.0322749987244606,0.0509600006043911,0.04394460469484329,35
2005-11-17,0.0509600006043911,0.0509600006043911,0.0509600006043911,0.0509600006043911,0.04394460469484329,0
2005-11-18,0.0509600006043911,0.0509600006043911,0.0509600006043911,0.0509600006043911,0.04394460469484329,61
2005-11-21,0.0509600006043911,0.0509600006043911,0.0509600006043911,0.0509600006043911,0.04394460469484329,0
2005-11-22,0.0509600006043911,0.0509600006043911,0.0509600006043911,0.0509600006043911,0.04394460469484329,0
2005-11-23,0.0509600006043911,0.0509600006043911,0.0509600006043911,0.0509600006043911,0.04394460469484329,35
2005-11-24,0.0509600006043911,0.0509600006043911,0.0509600006043911,0.0509600006043911,0.04394460469484329,0
2005-11-25,0.0577550008893013,0.0577550008893013,0.0577550008893013,0.0577550008893013,0.049804169684648514,70
2005-11-28,0.0577550008893013,0.0577550008893013,0.0577550008893013,0.0577550008893013,0.049804169684648514,0
2005-11-29,0.0577550008893013,0.0577550008893013,0.0577550008893013,0.0577550008893013,0.049804169684648514,0
2005-11-30,0.0577550008893013,0.0577550008893013,0.0577550008893013,0.0577550008893013,0.049804169684648514,0
2005-12-01,0.0577550008893013,0.0577550008893013,0.0577550008893013,0.0577550008893013,0.049804169684648514,0
2005-12-02,0.0577550008893013,0.0577550008893013,0.0577550008893013,0.0577550008893013,0.049804169684648514,0
2005-12-05,0.0577550008893013,0.0577550008893013,0.0577550008893013,0.0577550008893013,0.049804169684648514,0
2005-12-06,0.0577550008893013,0.0577550008893013,0.0577550008893013,0.0577550008893013,0.049804169684648514,0
2005-12-07,0.0577550008893013,0.0577550008893013,0.0577550008893013,0.0577550008893013,0.049804169684648514,0
2005-12-08,0.049261998385190964,0.0577550008893013,0.049261998385190964,0.0577550008893013,0.049804169684648514,101
2005-12-09,0.0577550008893013,0.0577550008893013,0.0577550008893013,0.0577550008893013,0.049804169684648514,0
2005-12-12,0.0577550008893013,0.0577550008893013,0.0577550008893013,0.0577550008893013,0.049804169684648514,0
2005-12-13,0.0577550008893013,0.0577550008893013,0.0577550008893013,0.0577550008893013,0.049804169684648514,0
2005-12-14,0.0577550008893013,0.0577550008893013,0.0577550008893013,0.0577550008893013,0.049804169684648514,0
2005-12-15,0.0577550008893013,0.0577550008893013,0.0577550008893013,0.0577550008893013,0.049804169684648514,0
2005-12-16,0.0577550008893013,0.0577550008893013,0.0577550008893013,0.0577550008893013,0.049804169684648514,0
2005-12-19,0.0577550008893013,0.0577550008893013,0.0577550008893013,0.0577550008893013,0.049804169684648514,0
2005-12-20,0.0577550008893013,0.0577550008893013,0.0577550008893013,0.0577550008893013,0.049804169684648514,0
2005-12-21,0.0577550008893013,0.0577550008893013,0.0577550008893013,0.0577550008893013,0.049804169684648514,0
2005-12-22,0.0577550008893013,0.0577550008893013,0.0577550008893013,0.0577550008893013,0.049804169684648514,0
2005-12-23,0.0577550008893013,0.0577550008893013,0.0577550008893013,0.0577550008893013,0.049804169684648514,0
2005-12-28,0.0577550008893013,0.0577550008893013,0.0577550008893013,0.0577550008893013,0.049804169684648514,0
2005-12-29,0.0577550008893013,0.0577550008893013,0.0577550008893013,0.0577550008893013,0.049804169684648514,0
2005-12-30,0.0577550008893013,0.0577550008893013,0.0577550008893013,0.0577550008893013,0.049804169684648514,0
2006-01-03,0.0577550008893013,0.0577550008893013,0.0577550008893013,0.0577550008893013,0.049804169684648514,0
2006-01-04,0.0577550008893013,0.0577550008893013,0.0577550008893013,0.0577550008893013,0.049804169684648514,0
2006-01-05,0.0577550008893013,0.0577550008893013,0.0577550008893013,0.0577550008893013,0.049804169684648514,0
2006-01-06,0.0577550008893013,0.0577550008893013,0.0577550008893013,0.0577550008893013,0.049804169684648514,0
2006-01-09,0.0577550008893013,0.0577550008893013,0.0577550008893013,0.0577550008893013,0.049804169684648514,0
2006-01-10,0.0577550008893013,0.0577550008893013,0.0577550008893013,0.0577550008893013,0.049804169684648514,0
2006-01-11,0.0577550008893013,0.0577550008893013,0.0577550008893013,0.0577550008893013,0.049804169684648514,0
2006-01-12,0.0577550008893013,0.0577550008893013,0.0577550008893013,0.0577550008893013,0.049804169684648514,0
2006-01-13,0.0577550008893013,0.0577550008893013,0.0577550008893013,0.0577550008893013,0.049804169684648514,0
2006-01-16,0.0577550008893013,0.0577550008893013,0.0577550008893013,0.0577550008893013,0.049804169684648514,0
2006-01-17,0.0577550008893013,0.0577550008893013,0.0577550008893013,0.0577550008893013,0.049804169684648514,0
2006-01-18,0.0577550008893013,0.0577550008893013,0.0577550008893013,0.0577550008893013,0.049804169684648514,0
2006-01-19,0.0577550008893013,0.0577550008893013,0.0577550008893013,0.0577550008893013,0.049804169684648514,0
2006-01-20,0.0577550008893013,0.0577550008893013,0.0577550008893013,0.0577550008893013,0.049804169684648514,0
2006-01-23,0.0577550008893013,0.0577550008893013,0.0577550008893013,0.0577550008893013,0.049804169684648514,0
2006-01-24,0.05945400148630142,0.05945400148630142,0.05945400148630142,0.05945400148630142,0.05126928165555,117
2006-01-25,0.05945400148630142,0.05945400148630142,0.05945400148630142,0.05945400148630142,0.05126928165555,0
2006-01-26,0.05945400148630142,0.05945400148630142,0.05945400148630142,0.05945400148630142,0.05126928165555,0
2006-01-27,0.05945400148630142,0.05945400148630142,0.05945400148630142,0.05945400148630142,0.05126928165555,0
2006-02-01,0.05945400148630142,0.05945400148630142,0.05945400148630142,0.05945400148630142,0.05126928165555,0
2006-02-02,0.05945400148630142,0.05945400148630142,0.05945400148630142,0.05945400148630142,0.05126928165555,0
2006-02-03,0.05945400148630142,0.05945400148630142,0.05945400148630142,0.05945400148630142,0.05126928165555,0
2006-02-06,0.05945400148630142,0.05945400148630142,0.05945400148630142,0.05945400148630142,0.05126928165555,0
2006-02-07,0.05945400148630142,0.05945400148630142,0.05945400148630142,0.05945400148630142,0.05126928165555,0
2006-02-08,0.05945400148630142,0.05945400148630142,0.05945400148630142,0.05945400148630142,0.05126928165555,0
2006-02-09,0.05945400148630142,0.05945400148630142,0.05945400148630142,0.05945400148630142,0.05126928165555,0
2006-02-10,0.05945400148630142,0.05945400148630142,0.05945400148630142,0.05945400148630142,0.05126928165555,0
2006-02-13,0.05945400148630142,0.05945400148630142,0.05945400148630142,0.05945400148630142,0.05126928165555,0
2006-02-14,0.05945400148630142,0.05945400148630142,0.05945400148630142,0.05945400148630142,0.05126928165555,0
2006-02-15,0.05945400148630142,0.05945400148630142,0.05945400148630142,0.05945400148630142,0.05126928165555,0
2006-02-16,0.05945400148630142,0.05945400148630142,0.05945400148630142,0.05945400148630142,0.05126928165555,0
2006-02-17,0.05945400148630142,0.05945400148630142,0.05945400148630142,0.05945400148630142,0.05126928165555,0
2006-02-20,0.05945400148630142,0.05945400148630142,0.05945400148630142,0.05945400148630142,0.05126928165555,0
2006-02-21,0.05945400148630142,0.05945400148630142,0.05945400148630142,0.05945400148630142,0.05126928165555,0
2006-02-22,0.06285099685192108,0.06370099633932114,0.06200199946761131,0.06200199946761131,0.05346650630235672,259
2006-02-23,0.06200199946761131,0.06200199946761131,0.06200199946761131,0.06200199946761131,0.05346650630235672,0
2006-02-24,0.06200199946761131,0.06200199946761131,0.06200199946761131,0.06200199946761131,0.05346650630235672,0
2006-02-27,0.06200199946761131,0.06200199946761131,0.06200199946761131,0.06200199946761131,0.05346650630235672,0
2006-02-28,0.06200199946761131,0.06200199946761131,0.06200199946761131,0.06200199946761131,0.05346650630235672,0
2006-03-01,0.06200199946761131,0.06200199946761131,0.06200199946761131,0.06200199946761131,0.05346650630235672,0
2006-03-02,0.06200199946761131,0.06200199946761131,0.06200199946761131,0.06200199946761131,0.05346650630235672,0
2006-03-03,0.06200199946761131,0.06200199946761131,0.06200199946761131,0.06200199946761131,0.05346650630235672,0
2006-03-06,0.06200199946761131,0.06200199946761131,0.06200199946761131,0.06200199946761131,0.05346650630235672,4714
2006-03-07,0.06200199946761131,0.06200199946761131,0.06200199946761131,0.06200199946761131,0.05346650630235672,0
2006-03-08,0.06200199946761131,0.06200199946761131,0.06200199946761131,0.06200199946761131,0.05346650630235672,0
2006-03-09,0.06200199946761131,0.06200199946761131,0.06200199946761131,0.06200199946761131,0.05346650630235672,0
2006-03-10,0.06200199946761131,0.06200199946761131,0.06200199946761131,0.06200199946761131,0.05346650630235672,0
2006-03-13,0.06200199946761131,0.06200199946761131,0.06200199946761131,0.06200199946761131,0.05346650630235672,0
2006-03-14,0.05945400148630142,0.05945400148630142,0.05945400148630142,0.05945400148630142,0.05126928165555,188
2006-03-15,0.05945400148630142,0.05945400148630142,0.05945400148630142,0.05945400148630142,0.05126928165555,506
2006-03-16,0.05945400148630142,0.05945400148630142,0.05945400148630142,0.05945400148630142,0.05126928165555,0
2006-03-17,0.05945400148630142,0.05945400148630142,0.05945400148630142,0.07219400256872177,0.06225544586777687,428
2006-03-20,0.06370099633932114,0.06370099633932114,0.06370099633932114,0.06370099633932114,0.05493161454796791,353
2006-03-21,0.06794700026512146,0.06794700026512146,0.06794700026512146,0.06794700026512146,0.05859309434890747,588
2006-03-22,0.06794700026512146,0.06794700026512146,0.06794700026512146,0.06794700026512146,0.05859309434890747,0
2006-03-23,0.06794700026512146,0.06794700026512146,0.06794700026512146,0.06794700026512146,0.05859309434890747,0
2006-03-24,0.06794700026512146,0.06794700026512146,0.06794700026512146,0.06794700026512146,0.05859309434890747,0
2006-03-27,0.06794700026512146,0.06794700026512146,0.06794700026512146,0.06794700026512146,0.05859309434890747,0
2006-03-28,0.06794700026512146,0.06794700026512146,0.06794700026512146,0.06794700026512146,0.05859309434890747,0
2006-03-29,0.06794700026512146,0.06794700026512146,0.06794700026512146,0.06794700026512146,0.05859309434890747,0
2006-03-30,0.06794700026512146,0.06794700026512146,0.06794700026512146,0.06794700026512146,0.05859309434890747,0
2006-03-31,0.06964600086212158,0.12570300698280334,0.06964600086212158,0.1061680018901825,0.09155241400003433,3244
2006-04-03,0.1061680018901825,0.1061680018901825,0.0874829962849617,0.09597600251436234,0.08276347815990448,3645
2006-04-04,0.09342800080776215,0.09342800080776215,0.08663299679756165,0.08663299679756165,0.07470668107271194,1078
2006-04-06,0.09003099799156189,0.09003099799156189,0.08663299679756165,0.08663299679756165,0.07470668107271194,1916
2006-04-07,0.07813999801874161,0.08153700083494186,0.07813999801874161,0.08153700083494186,0.07031223922967911,223
2006-04-10,0.07898899912834167,0.09767500311136246,0.07898899912834167,0.08493400365114212,0.07324159145355225,1003
2006-04-11,0.0806879997253418,0.0806879997253418,0.07644099742174149,0.07644099742174149,0.06591776758432388,353
2006-04-12,0.07644099742174149,0.07644099742174149,0.07644099742174149,0.07728999853134155,0.0666498914361,355
2006-04-13,0.07728999853134155,0.07728999853134155,0.07728999853134155,0.07728999853134155,0.0666498914361,0
2006-04-18,0.07728999853134155,0.07728999853134155,0.07728999853134155,0.07728999853134155,0.0666498914361,0
2006-04-19,0.07728999853134155,0.07728999853134155,0.07644099742174149,0.07644099742174149,0.06591776758432388,247
2006-04-20,0.07644099742174149,0.07644099742174149,0.07644099742174149,0.07644099742174149,0.06591776758432388,58
2006-04-21,0.07644099742174149,0.07644099742174149,0.07644099742174149,0.07983800023794174,0.06884711235761642,82
2006-04-24,0.0806879997253418,0.08238600194454193,0.0806879997253418,0.08238600194454193,0.07104434818029404,647
2006-04-25,0.09257899969816208,0.09257899969816208,0.09087999910116196,0.09172900021076202,0.07910114526748657,400
2006-04-26,0.08323600143194199,0.08323600143194199,0.08323600143194199,0.08323600143194199,0.0717773362994194,176
2006-04-27,0.10022299736738205,0.10022299736738205,0.09342800080776215,0.09342800080776215,0.08056626468896866,287
2006-04-28,0.09342800080776215,0.09767500311136246,0.09342800080776215,0.09767500311136246,0.08422861248254776,355
2006-05-02,0.09767500311136246,0.10192099958658218,0.08918099850416183,0.09512700140476227,0.08203136175870895,1014
2006-05-03,0.08833199739456177,0.09172900021076202,0.08833199739456177,0.09172900021076202,0.07910114526748657,124
2006-05-04,0.08663299679756165,0.09257899969816208,0.08663299679756165,0.09172900021076202,0.07910114526748657,572
2006-05-08,0.08918099850416183,0.08918099850416183,0.08918099850416183,0.09003099799156189,0.07763691246509552,299
2006-05-09,0.09003099799156189,0.09003099799156189,0.09003099799156189,0.09003099799156189,0.07763691246509552,0
2006-05-10,0.0874829962849617,0.09342800080776215,0.0874829962849617,0.09342800080776215,0.08056626468896866,1297
2006-05-11,0.09172900021076202,0.09172900021076202,0.09172900021076202,0.09172900021076202,0.07910114526748657,235
2006-05-12,0.08493400365114212,0.08493400365114212,0.08493400365114212,0.08493400365114212,0.07324159145355225,1525
2006-05-15,0.08408500254154205,0.08578400313854218,0.08408500254154205,0.08493400365114212,0.07324159145355225,1212
2006-05-16,0.08493400365114212,0.08493400365114212,0.08493400365114212,0.08493400365114212,0.07324159145355225,0
2006-05-17,0.08493400365114212,0.08493400365114212,0.08493400365114212,0.08493400365114212,0.07324159145355225,0
2006-05-18,0.08493400365114212,0.08493400365114212,0.08493400365114212,0.08493400365114212,0.07324159145355225,0
2006-05-19,0.08493400365114212,0.08493400365114212,0.08493400365114212,0.08493400365114212,0.07324159145355225,0
2006-05-22,0.0806879997253418,0.0806879997253418,0.0806879997253418,0.0806879997253418,0.06958010792732239,353
2006-05-23,0.0806879997253418,0.0806879997253418,0.0806879997253418,0.0806879997253418,0.06958010792732239,0
2006-05-24,0.0806879997253418,0.0806879997253418,0.0806879997253418,0.0806879997253418,0.06958010792732239,0
2006-05-25,0.04161800071597099,0.04161800071597099,0.04161800071597099,0.04161800071597099,0.0358886681497097,11
2006-05-26,0.04161800071597099,0.04161800071597099,0.04161800071597099,0.04161800071597099,0.0358886681497097,0
2006-05-29,0.04161800071597099,0.04161800071597099,0.04161800071597099,0.04161800071597099,0.0358886681497097,0
2006-05-30,0.08323600143194199,0.08323600143194199,0.07644099742174149,0.07644099742174149,0.06591776758432388,4
2006-06-01,0.07644099742174149,0.07644099742174149,0.07644099742174149,0.07644099742174149,0.06591776758432388,0
2006-06-02,0.07559199631214142,0.07644099742174149,0.07559199631214142,0.07644099742174149,0.06591776758432388,261
2006-06-05,0.07644099742174149,0.07644099742174149,0.07644099742174149,0.07644099742174149,0.06591776758432388,0
2006-06-06,0.07644099742174149,0.07644099742174149,0.07644099742174149,0.07644099742174149,0.06591776758432388,0
2006-06-07,0.07644099742174149,0.07644099742174149,0.07644099742174149,0.07644099742174149,0.06591776758432388,0
2006-06-08,0.07644099742174149,0.07644099742174149,0.07644099742174149,0.07644099742174149,0.06591776758432388,0
2006-06-09,0.08918099850416183,0.08918099850416183,0.08918099850416183,0.08918099850416183,0.07690390944480896,2
2006-06-12,0.08918099850416183,0.08918099850416183,0.08918099850416183,0.08918099850416183,0.07690390944480896,0
2006-06-13,0.08918099850416183,0.08918099850416183,0.08918099850416183,0.08918099850416183,0.07690390944480896,0
2006-06-14,0.08918099850416183,0.08918099850416183,0.08918099850416183,0.08918099850416183,0.07690390944480896,0
2006-06-15,0.08918099850416183,0.08918099850416183,0.08918099850416183,0.08918099850416183,0.07690390944480896,0
2006-06-16,0.06794700026512146,0.08493400365114212,0.06794700026512146,0.08493400365114212,0.07324159145355225,291
2006-06-19,0.08493400365114212,0.08493400365114212,0.08493400365114212,0.08493400365114212,0.07324159145355225,259
2006-06-20,0.08493400365114212,0.08493400365114212,0.08493400365114212,0.08493400365114212,0.07324159145355225,0
2006-06-21,0.08493400365114212,0.08493400365114212,0.08493400365114212,0.08493400365114212,0.07324159145355225,0
2006-06-22,0.08493400365114212,0.08493400365114212,0.08493400365114212,0.08493400365114212,0.07324159145355225,0
2006-06-23,0.08493400365114212,0.08493400365114212,0.08493400365114212,0.08493400365114212,0.07324159145355225,0
2006-06-26,0.08493400365114212,0.08493400365114212,0.08493400365114212,0.08493400365114212,0.07324159145355225,0
2006-06-27,0.08493400365114212,0.08493400365114212,0.08493400365114212,0.08493400365114212,0.07324159145355225,0
2006-06-28,0.05945400148630142,0.06370099633932114,0.05945400148630142,0.07219400256872177,0.06225544586777687,386
2006-06-29,0.06794700026512146,0.07049600034952164,0.061152998358011246,0.06200199946761131,0.05346650630235672,593
2006-06-30,0.05945400148630142,0.05945400148630142,0.05945400148630142,0.05945400148630142,0.05126928165555,294
2006-07-03,0.05945400148630142,0.05945400148630142,0.05945400148630142,0.05945400148630142,0.05126928165555,0
2006-07-04,0.04246700182557106,0.04246700182557106,0.04246700182557106,0.05265900120139122,0.04540972039103508,223
2006-07-05,0.05265900120139122,0.05265900120139122,0.05265900120139122,0.05265900120139122,0.04540972039103508,0
2006-07-06,0.06794700026512146,0.06794700026512146,0.0645499974489212,0.0645499974489212,0.055663738399744034,207
2006-07-07,0.0645499974489212,0.0645499974489212,0.05945400148630142,0.05945400148630142,0.05126928165555,473
2006-07-10,0.05945400148630142,0.05945400148630142,0.0577550008893013,0.05945400148630142,0.05126928165555,197
2006-07-11,0.05945400148630142,0.05945400148630142,0.05945400148630142,0.05945400148630142,0.05126928165555,0
2006-07-12,0.05945400148630142,0.05945400148630142,0.05945400148630142,0.05945400148630142,0.05126928165555,0
2006-07-13,0.058605000376701355,0.058605000376701355,0.058605000376701355,0.061152998358011246,0.0527343824505806,58
2006-07-14,0.061152998358011246,0.061152998358011246,0.061152998358011246,0.061152998358011246,0.0527343824505806,117
2006-07-17,0.061152998358011246,0.061152998358011246,0.061152998358011246,0.061152998358011246,0.0527343824505806,0
2006-07-18,0.061152998358011246,0.061152998358011246,0.061152998358011246,0.061152998358011246,0.0527343824505806,0
2006-07-19,0.06709799915552139,0.06709799915552139,0.06709799915552139,0.07049600034952164,0.060791198164224625,82
2006-07-20,0.08918099850416183,0.10192099958658218,0.08833199739456177,0.10107199847698212,0.0871579498052597,1264
2006-07-21,0.09767500311136246,0.12230599671602249,0.09767500311136246,0.10277099907398224,0.0886230543255806,1959
2006-07-24,0.1036200001835823,0.1036200001835823,0.09342800080776215,0.10107199847698212,0.0871579498052597,1160
2006-07-25,0.10107199847698212,0.10107199847698212,0.09597600251436234,0.10022299736738205,0.08642583340406418,1130
2006-07-26,0.10022299736738205,0.10022299736738205,0.10022299736738205,0.10022299736738205,0.08642583340406418,0
2006-07-27,0.10022299736738205,0.10022299736738205,0.10022299736738205,0.10022299736738205,0.08642583340406418,0
2006-07-28,0.10022299736738205,0.10022299736738205,0.10022299736738205,0.10022299736738205,0.08642583340406418,0
2006-07-31,0.10871600359678268,0.10956600308418274,0.10192099958658218,0.10192099958658218,0.08789006620645523,58
2006-08-01,0.1061680018901825,0.1061680018901825,0.09767500311136246,0.1061680018901825,0.09155241400003433,510
2006-08-02,0.1061680018901825,0.1061680018901825,0.1061680018901825,0.1061680018901825,0.09155241400003433,291
2006-08-03,0.1061680018901825,0.10786700248718262,0.10192099958658218,0.10192099958658218,0.08789006620645523,197
2006-08-04,0.10446999967098236,0.10446999967098236,0.10446999967098236,0.10446999967098236,0.09008816629648209,237
2006-08-07,0.1061680018901825,0.1061680018901825,0.09767500311136246,0.1036200001835823,0.08935517817735672,216
2006-08-08,0.10192099958658218,0.10446999967098236,0.08493400365114212,0.10192099958658218,0.08789006620645523,1061
2006-08-09,0.09172900021076202,0.09342800080776215,0.08833199739456177,0.09342800080776215,0.08056626468896866,1902
2006-08-10,0.09342800080776215,0.09342800080776215,0.09342800080776215,0.09342800080776215,0.08056626468896866,0
2006-08-11,0.09342800080776215,0.09342800080776215,0.09342800080776215,0.09342800080776215,0.08056626468896866,0
2006-08-14,0.09342800080776215,0.09342800080776215,0.09342800080776215,0.09342800080776215,0.08056626468896866,0
2006-08-15,0.09342800080776215,0.09342800080776215,0.09342800080776215,0.09342800080776215,0.08056626468896866,0
2006-08-16,0.09342800080776215,0.09342800080776215,0.09342800080776215,0.09342800080776215,0.08056626468896866,0
2006-08-17,0.07983800023794174,0.07983800023794174,0.07983800023794174,0.07983800023794174,0.06884711235761642,23
2006-08-18,0.07304400205612183,0.07644099742174149,0.07219400256872177,0.07219400256872177,0.06225544586777687,1883
2006-08-21,0.06964600086212158,0.06964600086212158,0.05520699918270111,0.056056998670101166,0.048339925706386566,1
2006-08-22,0.056056998670101166,0.056056998670101166,0.056056998670101166,0.056056998670101166,0.048339925706386566,0
2006-08-23,0.0509600006043911,0.0509600006043911,0.04331599920988083,0.0509600006043911,0.04394460469484329,762
2006-08-24,0.04501499980688095,0.04671400040388107,0.044165998697280884,0.04501499980688095,0.03881802782416344,1142
2006-08-25,0.04756300151348114,0.04756300151348114,0.039069999009370804,0.03991900011897087,0.03442355617880821,706
2006-08-28,0.04671400040388107,0.05011099949479103,0.03821999952197075,0.04076800122857094,0.035155680030584335,2618
2006-08-29,0.03567200154066086,0.03821999952197075,0.03567200154066086,0.03821999952197075,0.03295844793319702,426
2006-08-30,0.04501499980688095,0.04671400040388107,0.04501499980688095,0.04586400091648102,0.03955014422535896,153
2006-08-31,0.04076800122857094,0.04246700182557106,0.04076800122857094,0.04246700182557106,0.03662079572677612,583
2006-09-01,0.04671400040388107,0.04671400040388107,0.04671400040388107,0.04671400040388107,0.04028313234448433,1815
2006-09-04,0.049261998385190964,0.05011099949479103,0.049261998385190964,0.049261998385190964,0.042480356991291046,1236
2006-09-05,0.049261998385190964,0.049261998385190964,0.049261998385190964,0.049261998385190964,0.042480356991291046,282
2006-09-06,0.049261998385190964,0.049261998385190964,0.044165998697280884,0.044165998697280884,0.03808589279651642,1353
2006-09-07,0.0509600006043911,0.0509600006043911,0.0509600006043911,0.0509600006043911,0.04394460469484329,2
2006-09-08,0.03652200102806091,0.05011099949479103,0.0322749987244606,0.03991900011897087,0.03442355617880821,44330
2006-09-11,0.04246700182557106,0.049261998385190964,0.03991900011897087,0.044165998697280884,0.03808589279651642,11952
2006-09-12,0.044165998697280884,0.04586400091648102,0.044165998697280884,0.044165998697280884,0.03808589279651642,3819
2006-09-13,0.04246700182557106,0.044165998697280884,0.04246700182557106,0.04331599920988083,0.037352919578552246,2439
2006-09-14,0.04076800122857094,0.04331599920988083,0.03991900011897087,0.04331599920988083,0.037352919578552246,793
2006-09-15,0.04246700182557106,0.04246700182557106,0.04161800071597099,0.04161800071597099,0.0358886681497097,1620
2006-09-18,0.04246700182557106,0.04501499980688095,0.04246700182557106,0.04501499980688095,0.03881802782416344,6904
2006-09-19,0.04586400091648102,0.04756300151348114,0.04586400091648102,0.04586400091648102,0.03955014422535896,4485
2006-09-20,0.04671400040388107,0.04671400040388107,0.044165998697280884,0.04586400091648102,0.03955014422535896,1831
2006-09-21,0.04586400091648102,0.04586400091648102,0.04246700182557106,0.04501499980688095,0.03881802782416344,5533
2006-09-22,0.04841199889779091,0.05435800179839134,0.04841199889779091,0.05011099949479103,0.04321248456835747,9268
2006-09-25,0.04841199889779091,0.05520699918270111,0.04756300151348114,0.05181000009179115,0.04467758908867836,8851
2006-09-26,0.05520699918270111,0.05520699918270111,0.049261998385190964,0.05181000009179115,0.04467758908867836,6880
2006-09-27,0.05181000009179115,0.05181000009179115,0.04671400040388107,0.049261998385190964,0.042480356991291046,12463
2006-09-28,0.05011099949479103,0.05520699918270111,0.05011099949479103,0.05520699918270111,0.0476069413125515,3855
2006-09-29,0.05520699918270111,0.06879699975252151,0.05435800179839134,0.06539899855852127,0.05639585852622986,28295
2006-10-03,0.06794700026512146,0.06794700026512146,0.06200199946761131,0.06539899855852127,0.05639585852622986,9437
2006-10-04,0.06624899804592133,0.06624899804592133,0.05945400148630142,0.05945400148630142,0.05126928165555,3310
2006-10-05,0.04331599920988083,0.058605000376701355,0.04331599920988083,0.058605000376701355,0.05053715780377388,2769
2006-10-06,0.05011099949479103,0.0577550008893013,0.05011099949479103,0.05690599977970123,0.04907204955816269,1749
2006-10-09,0.0577550008893013,0.0577550008893013,0.053509000688791275,0.05435800179839134,0.04687482491135597,3555
2006-10-10,0.05520699918270111,0.05520699918270111,0.05435800179839134,0.05435800179839134,0.04687482491135597,3871
2006-10-11,0.04756300151348114,0.053509000688791275,0.04756300151348114,0.053509000688791275,0.04614270105957985,2964
2006-10-12,0.05181000009179115,0.053509000688791275,0.05011099949479103,0.05011099949479103,0.04321248456835747,360
2006-10-13,0.049261998385190964,0.053509000688791275,0.049261998385190964,0.05011099949479103,0.04321248456835747,1540
2006-10-16,0.04671400040388107,0.04671400040388107,0.04671400040388107,0.04756300151348114,0.041015252470970154,117
2006-10-17,0.049261998385190964,0.06794700026512146,0.04586400091648102,0.06624899804592133,0.05712883919477463,12088
2006-10-18,0.0645499974489212,0.07219400256872177,0.05945400148630142,0.06370099633932114,0.05493161454796791,8955
2006-10-19,0.0577550008893013,0.06200199946761131,0.05435800179839134,0.06200199946761131,0.05346650630235672,136
2006-10-20,0.06200199946761131,0.06370099633932114,0.053509000688791275,0.0577550008893013,0.049804169684648514,3049
2006-10-23,0.058605000376701355,0.06200199946761131,0.05520699918270111,0.05690599977970123,0.04907204955816269,1803
2006-10-24,0.053509000688791275,0.058605000376701355,0.05181000009179115,0.05265900120139122,0.04540972039103508,1820
2006-10-25,0.053509000688791275,0.058605000376701355,0.05265900120139122,0.053509000688791275,0.04614270105957985,598
2006-10-26,0.05265900120139122,0.05690599977970123,0.05265900120139122,0.05435800179839134,0.04687482491135597,2816
2006-10-27,0.05265900120139122,0.05520699918270111,0.0509600006043911,0.05181000009179115,0.04467758908867836,6122
2006-10-31,0.05181000009179115,0.05181000009179115,0.05181000009179115,0.05181000009179115,0.04467758908867836,0
2006-11-01,0.056056998670101166,0.061152998358011246,0.05265900120139122,0.058605000376701355,0.05053715780377388,153566
2006-11-02,0.05945400148630142,0.06370099633932114,0.058605000376701355,0.05945400148630142,0.05126928165555,7565
2006-11-03,0.05945400148630142,0.061152998358011246,0.058605000376701355,0.06030299887061119,0.05200139805674553,2660
2006-11-06,0.05945400148630142,0.0645499974489212,0.05945400148630142,0.0645499974489212,0.055663738399744034,4418
2006-11-07,0.0645499974489212,0.0645499974489212,0.0645499974489212,0.0645499974489212,0.055663738399744034,0
2006-11-08,0.06030299887061119,0.06285099685192108,0.06030299887061119,0.061152998358011246,0.0527343824505806,3120
2006-11-09,0.06539899855852127,0.06539899855852127,0.061152998358011246,0.061152998358011246,0.0527343824505806,1177
2006-11-10,0.061152998358011246,0.06794700026512146,0.061152998358011246,0.06709799915552139,0.057860977947711945,10578
2006-11-13,0.0645499974489212,0.0713450014591217,0.0645499974489212,0.06624899804592133,0.05712883919477463,1822
2006-11-14,0.06624899804592133,0.06624899804592133,0.06624899804592133,0.06624899804592133,0.05712883919477463,0
2006-11-15,0.06709799915552139,0.07644099742174149,0.06539899855852127,0.06709799915552139,0.057860977947711945,3291
2006-11-16,0.0738930031657219,0.10446999967098236,0.06879699975252151,0.1036200001835823,0.08935517817735672,35314
2006-11-17,0.1036200001835823,0.1358949989080429,0.10022299736738205,0.11805900186300278,0.10180644690990448,26303
2006-11-20,0.11805900186300278,0.13504600524902344,0.1129629984498024,0.11890800297260284,0.1025385633111,3689
2006-11-21,0.12400499731302261,0.1358949989080429,0.12400499731302261,0.13504600524902344,0.11645491421222687,12984
2006-11-22,0.15288199484348297,0.15288199484348297,0.12825100123882294,0.1291009932756424,0.11132833361625671,10400
2006-11-23,0.14438900351524353,0.14438900351524353,0.13079899549484253,0.14014199376106262,0.1208493709564209,6487
2006-11-24,0.15288199484348297,0.15288199484348297,0.1358949989080429,0.15118399262428284,0.13037128746509552,7850
2006-11-27,0.15118399262428284,0.15118399262428284,0.15118399262428284,0.15118399262428284,0.13037128746509552,0
2006-11-28,0.15118399262428284,0.15118399262428284,0.15118399262428284,0.15118399262428284,0.13037128746509552,0
2006-11-29,0.15118399262428284,0.15118399262428284,0.15118399262428284,0.15118399262428284,0.13037128746509552,0
2006-11-30,0.15118399262428284,0.15118399262428284,0.15118399262428284,0.15118399262428284,0.13037128746509552,0
2006-12-01,0.15118399262428284,0.15118399262428284,0.15118399262428284,0.15118399262428284,0.13037128746509552,0
2006-12-04,0.15118399262428284,0.15118399262428284,0.15118399262428284,0.15118399262428284,0.13037128746509552,0
2006-12-05,0.15118399262428284,0.15118399262428284,0.15118399262428284,0.15118399262428284,0.13037128746509552,0
2006-12-06,0.15118399262428284,0.15118399262428284,0.15118399262428284,0.15118399262428284,0.13037128746509552,0
2006-12-07,0.15118399262428284,0.15118399262428284,0.15118399262428284,0.15118399262428284,0.13037128746509552,0
2006-12-08,0.15118399262428284,0.15118399262428284,0.15118399262428284,0.15118399262428284,0.13037128746509552,0
2006-12-11,0.15118399262428284,0.15118399262428284,0.15118399262428284,0.15118399262428284,0.13037128746509552,0
2006-12-12,0.8493490219116211,0.8493490219116211,0.7049599885940552,0.7219470143318176,0.6225603222846985,1003709
2006-12-13,0.6200249791145325,0.8833230137825012,0.6200249791145325,0.8833230137825012,0.7617205381393433,1057279
2006-12-14,0.8833230137825012,0.934283971786499,0.8493490219116211,0.8493490219116211,0.7324235439300537,880085
2006-12-15,0.8493490219116211,0.8578429818153381,0.8408560156822205,0.8408560156822205,0.7250998020172119,180726
2006-12-18,0.8493490219116211,0.8833230137825012,0.8493490219116211,0.8578429818153381,0.7397481203079224,436
2006-12-19,0.8493490219116211,0.8493490219116211,0.7983880043029785,0.7983880043029785,0.6884781122207642,524518
2006-12-20,0.8068820238113403,0.8323619961738586,0.6964660286903381,0.7474269866943359,0.6445326805114746,1213869
2006-12-21,0.6879730224609375,0.7219470143318176,0.6794790029525757,0.7134529948234558,0.6152356863021851,1197975
2006-12-22,0.7644140124320984,0.7898949980735779,0.670985996723175,0.7219470143318176,0.6225603222846985,1819
2006-12-27,0.7219470143318176,0.7304400205612183,0.6794790029525757,0.6879730224609375,0.5932633876800537,755519
2006-12-28,0.7219470143318176,0.7219470143318176,0.6794790029525757,0.6794790029525757,0.5859386324882507,541590
2006-12-29,0.6794790029525757,0.7729079723358154,0.6794790029525757,0.7389339804649353,0.6372088193893433,759110
2007-01-02,0.7134529948234558,0.7134529948234558,0.6879730224609375,0.7049599885940552,0.6079118251800537,885383
2007-01-03,0.6964660286903381,0.6964660286903381,0.6370120048522949,0.6794790029525757,0.5859386324882507,1215635
2007-01-04,0.670985996723175,0.7049599885940552,0.670985996723175,0.670985996723175,0.5786148309707642,834756
2007-01-05,0.7134529948234558,0.7644140124320984,0.7134529948234558,0.7644140124320984,0.6591811776161194,936598
2007-01-08,0.7729079723358154,0.7729079723358154,0.7219470143318176,0.7219470143318176,0.6225603222846985,523930
2007-01-09,0.6794790029525757,0.7474269866943359,0.6794790029525757,0.7474269866943359,0.6445326805114746,353211
2007-01-10,0.7898949980735779,0.8663359880447388,0.7474269866943359,0.8663359880447388,0.7470720410346985,1165597
2007-01-11,0.8663359880447388,0.9003099799156189,0.8323619961738586,0.8663359880447388,0.7470720410346985,1301584
2007-01-12,0.8663359880447388,0.8663359880447388,0.8068820238113403,0.8493490219116211,0.7324235439300537,968387
2007-01-15,0.8493490219116211,0.9257910251617432,0.8493490219116211,0.9088039994239807,0.7836937308311462,604874
2007-01-16,0.9088039994239807,0.9257910251617432,0.8663359880447388,0.8918169736862183,0.7690452337265015,864190
2007-01-17,0.9003099799156189,1.0362060070037842,0.9003099799156189,1.0192190408706665,0.8789085149765015,4628541
2007-01-18,1.1041539907455444,1.1041539907455444,0.9852449893951416,1.044700026512146,0.9008815884590149,813563
2007-01-19,1.0362060070037842,1.0362060070037842,0.9852449893951416,1.0192190408706665,0.8789085149765015,1651263
2007-01-22,1.0871670246124268,1.0871670246124268,0.9852449893951416,0.9852449893951416,0.8496115207672119,1486431
2007-01-23,1.0022319555282593,1.0022319555282593,0.8323619961738586,0.8663359880447388,0.7470720410346985,2066581
2007-01-24,0.8748300075531006,0.9172970056533813,0.8748300075531006,0.8748300075531006,0.754396915435791,304644
2007-01-25,0.8663359880447388,0.8833230137825012,0.8408560156822205,0.8408560156822205,0.7250998020172119,1648319
2007-01-26,0.8663359880447388,0.8663359880447388,0.8153749704360962,0.8153749704360962,0.7031265497207642,1548243
2007-01-29,0.8153749704360962,0.823868989944458,0.7983880043029785,0.823868989944458,0.7104514241218567,751751
2007-01-30,0.8493490219116211,0.8493490219116211,0.8068820238113403,0.8493490219116211,0.7324235439300537,1193265
2007-01-31,0.8493490219116211,0.8578429818153381,0.8408560156822205,0.8578429818153381,0.7397481203079224,211926
2007-02-01,0.9003099799156189,1.010725975036621,0.8493490219116211,0.9512709975242615,0.8203144669532776,4145216
2007-02-02,0.976751983165741,1.0616869926452637,0.934283971786499,1.0531929731369019,0.9082053899765015,4976
2007-02-05,1.0531929731369019,1.0531929731369019,1.0531929731369019,1.0531929731369019,0.9082053899765015,0
2007-02-06,1.0531929731369019,1.0531929731369019,1.0531929731369019,1.0531929731369019,0.9082053899765015,0
2007-02-07,1.0531929731369019,1.0531929731369019,1.0531929731369019,1.0531929731369019,0.9082053899765015,0
2007-02-08,1.0531929731369019,1.0531929731369019,1.0531929731369019,1.0531929731369019,0.9082053899765015,0
2007-02-09,1.0531929731369019,1.0531929731369019,1.0531929731369019,1.0531929731369019,0.9082053899765015,0
2007-02-12,1.0531929731369019,1.0531929731369019,1.0531929731369019,1.0531929731369019,0.9082053899765015,0
2007-02-13,1.0531929731369019,1.0531929731369019,1.0531929731369019,1.0531929731369019,0.9082053899765015,0
2007-02-14,1.0531929731369019,1.0531929731369019,1.0531929731369019,1.0531929731369019,0.9082053899765015,0
2007-02-15,1.0531929731369019,1.0531929731369019,1.0531929731369019,1.0531929731369019,0.9082053899765015,0
2007-02-16,1.0531929731369019,1.0531929731369019,1.0531929731369019,1.0531929731369019,0.9082053899765015,0
2007-02-21,1.0531929731369019,1.0531929731369019,1.0531929731369019,1.0531929731369019,0.9082053899765015,0
2007-02-22,1.0531929731369019,1.0531929731369019,1.0531929731369019,1.0531929731369019,0.9082053899765015,0
2007-02-23,1.0531929731369019,1.0531929731369019,1.0531929731369019,1.0531929731369019,0.9082053899765015,0
2007-02-26,1.0531929731369019,1.0531929731369019,1.0531929731369019,1.0531929731369019,0.9082053899765015,0
2007-02-27,1.0531929731369019,1.0531929731369019,1.0531929731369019,1.0531929731369019,0.9082053899765015,0
2007-02-28,1.0531929731369019,1.0531929731369019,1.0531929731369019,1.0531929731369019,0.9082053899765015,0
2007-03-01,1.0531929731369019,1.0531929731369019,1.0531929731369019,1.0531929731369019,0.9082053899765015,0
2007-03-02,1.0531929731369019,1.0531929731369019,1.0531929731369019,1.0531929731369019,0.9082053899765015,0
2007-03-05,1.0531929731369019,1.0531929731369019,1.0531929731369019,1.0531929731369019,0.9082053899765015,0
2007-03-06,1.0531929731369019,1.0531929731369019,1.0531929731369019,1.0531929731369019,0.9082053899765015,0
2007-03-07,1.2060760259628296,1.2740240097045898,0.8918169736862183,1.010725975036621,0.8715846538543701,3794537
2007-03-08,1.010725975036621,1.010725975036621,0.8493490219116211,0.9852449893951416,0.8496115207672119,3342262
2007-03-09,1.0022319555282593,1.0022319555282593,0.9427779912948608,0.9937390089035034,0.8569362163543701,1024313
2007-03-12,0.9852449893951416,1.0022319555282593,0.9597650170326233,0.9852449893951416,0.8496115207672119,600459
2007-03-13,0.9597650170326233,0.9937390089035034,0.9427779912948608,0.9852449893951416,0.8496115207672119,1024313
2007-03-14,0.9257910251617432,0.976751983165741,0.9257910251617432,0.934283971786499,0.8056660294532776,884
2007-03-15,0.934283971786499,0.9597650170326233,0.9257910251617432,0.9597650170326233,0.8276392221450806,359
2007-03-16,0.9257910251617432,0.934283971786499,0.9257910251617432,0.9257910251617432,0.7983421683311462,223700
2007-03-19,0.9512709975242615,0.9512709975242615,0.8918169736862183,0.9257910251617432,0.7983421683311462,1002237
2007-03-20,0.934283971786499,0.9512709975242615,0.8918169736862183,0.934283971786499,0.8056660294532776,284923
2007-03-21,0.9172970056533813,0.934283971786499,0.8918169736862183,0.934283971786499,0.8056660294532776,419732
2007-03-22,0.9088039994239807,0.9172970056533813,0.9003099799156189,0.9172970056533813,0.7910175323486328,274781
2007-03-23,0.9512709975242615,1.044700026512146,0.9512709975242615,1.0192190408706665,0.8789085149765015,1077294
2007-03-26,1.0022319555282593,1.0277129411697388,0.9852449893951416,0.9937390089035034,0.8569362163543701,709366
2007-03-27,1.0192190408706665,1.121140956878662,1.010725975036621,1.1126480102539062,0.9594755172729492,2626138
2007-03-28,1.1466219425201416,1.240049958229065,1.121140956878662,1.1890889406204224,1.0253936052322388,4049568
2007-03-29,1.1890889406204224,1.5288289785385132,1.1890889406204224,1.4099199771881104,1.2158236503601074,8506508
2007-03-30,1.5203349590301514,1.5373220443725586,1.4184130430221558,1.460880994796753,1.2597692012786865,5202804
2007-04-02,1.4693739414215088,1.4693739414215088,1.2570370435714722,1.3334790468215942,1.1499059200286865,5011186
2007-04-03,1.3589589595794678,1.3844389915466309,1.350466012954712,1.3844389915466309,1.1938503980636597,1548243
2007-04-04,1.3844389915466309,1.426906943321228,1.3334790468215942,1.375946044921875,1.1865267753601074,2906635
2007-04-10,1.3589589595794678,1.3929330110549927,1.2910109758377075,1.3929330110549927,1.201175332069397,2342969
2007-04-11,1.4014259576797485,1.4778679609298706,1.4014259576797485,1.426906943321228,1.2304720878601074,2816860
2007-04-12,1.426906943321228,1.426906943321228,1.3589589595794678,1.3844389915466309,1.1938503980636597,553364
2007-04-13,1.3249850273132324,1.375946044921875,1.3249850273132324,1.3674520254135132,1.1792018413543701,1130276
2007-04-16,1.3674520254135132,1.3674520254135132,1.350466012954712,1.3674520254135132,1.1792018413543701,1324542
2007-04-17,1.3589589595794678,1.3929330110549927,1.34197199344635,1.3589589595794678,1.1718780994415283,1168541
2007-04-18,1.3844389915466309,1.3844389915466309,1.316491961479187,1.34197199344635,1.1572296619415283,1283334
2007-04-19,1.34197199344635,1.375946044921875,1.34197199344635,1.3589589595794678,1.1718780994415283,1071407
2007-04-20,1.3674520254135132,1.5033479928970337,1.3589589595794678,1.5033479928970337,1.296390175819397,3279567
2007-04-23,1.5288289785385132,1.5458159446716309,1.4693739414215088,1.4948550462722778,1.2890660762786865,2500739
2007-04-24,1.5118420124053955,1.5118420124053955,1.4523869752883911,1.486361026763916,1.2817414999008179,8106201
2007-04-25,1.5288289785385132,1.5882829427719116,1.4948550462722778,1.571295976638794,1.354983925819397,6516230
2007-04-26,1.5882829427719116,1.673218011856079,1.5458159446716309,1.5458159446716309,1.3330116271972656,3955967
2007-04-27,1.5118420124053955,1.5288289785385132,1.4354000091552734,1.4693739414215088,1.2670928239822388,3097664
2007-04-30,1.3674520254135132,1.4354000091552734,1.3589589595794678,1.3844389915466309,1.1938503980636597,2342969
2007-05-02,1.375946044921875,1.4014259576797485,1.316491961479187,1.375946044921875,1.1865267753601074,1083181
2007-05-03,1.375946044921875,1.3929330110549927,1.3249850273132324,1.3334790468215942,1.1499059200286865,1277447
2007-05-04,1.34197199344635,1.3589589595794678,1.3334790468215942,1.3589589595794678,1.1718780994415283,612233
2007-05-07,1.4184130430221558,1.4184130430221558,1.350466012954712,1.3674520254135132,1.1792018413543701,1426091
2007-05-08,1.375946044921875,1.3844389915466309,1.350466012954712,1.3589589595794678,1.1718780994415283,4756580
2007-05-09,1.3674520254135132,1.3674520254135132,1.350466012954712,1.3589589595794678,1.1718780994415283,884205
2007-05-10,1.375946044921875,1.375946044921875,1.350466012954712,1.3589589595794678,1.1718780994415283,2343852
2007-05-11,1.3589589595794678,1.5118420124053955,1.350466012954712,1.460880994796753,1.2597692012786865,6083
2007-05-14,1.460880994796753,1.460880994796753,1.460880994796753,1.460880994796753,1.2597692012786865,0
2007-05-15,1.460880994796753,1.460880994796753,1.460880994796753,1.460880994796753,1.2597692012786865,0
2007-05-16,1.460880994796753,1.460880994796753,1.460880994796753,1.460880994796753,1.2597692012786865,0
2007-05-17,1.460880994796753,1.460880994796753,1.460880994796753,1.460880994796753,1.2597692012786865,0
2007-05-18,1.460880994796753,1.460880994796753,1.460880994796753,1.460880994796753,1.2597692012786865,0
2007-05-21,1.460880994796753,1.460880994796753,1.460880994796753,1.460880994796753,1.2597692012786865,0
2007-05-22,1.460880994796753,1.460880994796753,1.460880994796753,1.460880994796753,1.2597692012786865,0
2007-05-23,1.460880994796753,1.460880994796753,1.460880994796753,1.460880994796753,1.2597692012786865,0
2007-05-25,1.5288289785385132,1.571295976638794,1.4014259576797485,1.4099199771881104,1.2158236503601074,5136686
2007-05-28,1.4099199771881104,1.4099199771881104,1.1890889406204224,1.316491961479187,1.1352574825286865,6864704
2007-05-29,1.316491961479187,1.3334790468215942,1.2570370435714722,1.3079979419708252,1.1279330253601074,2538412
2007-05-30,1.2995049953460693,1.2995049953460693,1.1975829601287842,1.2995049953460693,1.120609164237976,2085424
2007-05-31,1.2995049953460693,1.316491961479187,1.2655309438705444,1.2910109758377075,1.1132845878601074,1925002
2007-06-01,1.2910109758377075,1.316491961479187,1.2740240097045898,1.2825180292129517,1.1059603691101074,959557
2007-06-04,1.2910109758377075,1.316491961479187,1.2655309438705444,1.2910109758377075,1.1132845878601074,774121
2007-06-05,1.2570370435714722,1.2570370435714722,1.1890889406204224,1.240049958229065,1.0693386793136597,1212692
2007-06-06,1.1975829601287842,1.240049958229065,1.1890889406204224,1.2060760259628296,1.0400419235229492,388532
2007-06-07,1.155115008354187,1.3674520254135132,1.155115008354187,1.3674520254135132,1.1792018413543701,2672632
2007-06-08,1.34197199344635,1.4184130430221558,1.34197199344635,1.3844389915466309,1.1938503980636597,1908813
2007-06-11,1.4099199771881104,1.460880994796753,1.3929330110549927,1.460880994796753,1.2597692012786865,4200272
2007-06-12,1.460880994796753,1.5288289785385132,1.460880994796753,1.5288289785385132,1.3183631896972656,6669220
2007-06-13,1.5288289785385132,1.562803030014038,1.5203349590301514,1.5543090105056763,1.3403353691101074,7063639
2007-06-14,1.562803030014038,1.6307510137557983,1.562803030014038,1.5797899961471558,1.3623086214065552,6010480
2007-06-15,1.5797899961471558,1.6137640476226807,1.5288289785385132,1.5543090105056763,1.3403353691101074,5096546
2007-06-18,1.5543090105056763,1.5882829427719116,1.5033479928970337,1.5203349590301514,1.3110383749008179,1854359
2007-06-20,1.5543090105056763,1.5882829427719116,1.4948550462722778,1.5882829427719116,1.3696321249008179,4917291
2007-06-21,1.6137640476226807,1.647737979888916,1.5288289785385132,1.5797899961471558,1.3623086214065552,1477601
2007-06-22,1.6052700281143188,1.6392439603805542,1.571295976638794,1.6052700281143188,1.3842811584472656,12038622
2007-06-25,1.6222569942474365,1.953503966331482,1.6222569942474365,1.8855559825897217,1.6259815692901611,19783371
2007-06-26,1.9110360145568848,1.9450099468231201,1.6986989974975586,1.8770619630813599,1.6186566352844238,11204190
2007-06-27,1.8770619630813599,1.8770619630813599,1.7241790294647217,1.792127013206482,1.5454143285751343,5836818
2007-06-28,1.8261009454727173,1.9959709644317627,1.8261009454727173,1.9195300340652466,1.6552784442901611,20662867
2007-06-29,1.894049048423767,1.894049048423767,1.758152961730957,1.8600749969482422,1.6040080785751343,3714606
2007-07-03,1.9110360145568848,2.021451950073242,1.8430880308151245,2.01295804977417,1.735844612121582,7258494
2007-07-04,2.114880084991455,2.131866931915283,2.0384390354156494,2.0554258823394775,1.7724663019180298,8003566
2007-07-05,2.0639190673828125,2.1573479175567627,2.004465103149414,2.089400053024292,1.8017631769180298,6834640
2007-07-06,2.114880084991455,2.1233739852905273,2.0639190673828125,2.089400053024292,1.8017631769180298,1770177
2007-07-09,2.114880084991455,2.114880084991455,1.9280229806900024,2.0384390354156494,1.7578177452087402,8889153
2007-07-10,2.0384390354156494,2.089400053024292,2.029944896697998,2.0554258823394775,1.7724663019180298,2128098
2007-07-11,2.021451950073242,2.2083089351654053,2.021451950073242,2.2083089351654053,1.9043028354644775,3837053
2007-07-12,2.2337889671325684,2.3781790733337402,2.199815034866333,2.369684934616089,2.0434629917144775,8924474
2007-07-13,2.4206459522247314,2.463114023208618,2.2507760524749756,2.284749984741211,1.9702204465866089,12402135
2007-07-16,2.369684934616089,2.3951659202575684,2.301737070083618,2.3357110023498535,2.0141658782958984,8296994
2007-07-17,2.3781790733337402,2.3781790733337402,2.301737070083618,2.344204902648926,2.0214905738830566,2166363
2007-07-18,2.3781790733337402,2.463114023208618,2.293243885040283,2.463114023208618,2.124030113220215,3785248
2007-07-19,2.463114023208618,2.556541919708252,2.446126937866211,2.556541919708252,2.2045962810516357,8834146
2007-07-20,2.615997076034546,2.658463954925537,2.548048973083496,2.573529005050659,2.219244956970215,9336554
2007-07-23,2.5905160903930664,2.5905160903930664,2.5055809020996094,2.5055809020996094,2.1606509685516357,1065521
2007-07-24,2.556541919708252,2.5990099906921387,2.4801011085510254,2.5055809020996094,2.1606509685516357,3437041
2007-07-25,2.463114023208618,2.463114023208618,2.369684934616089,2.463114023208618,2.124030113220215,1589451
2007-07-26,2.3951659202575684,2.446126937866211,2.361191987991333,2.386672019958496,2.0581109523773193,1824925
2007-07-27,2.3526980876922607,2.3526980876922607,2.2677628993988037,2.3187239170074463,1.9995172023773193,1824925
2007-07-30,2.276257038116455,2.361191987991333,2.276257038116455,2.276257038116455,1.962896466255188,859481
2007-07-31,2.3526980876922607,2.4206459522247314,2.3187239170074463,2.3781790733337402,2.050788164138794,2087479
2007-08-01,2.369684934616089,2.700932025909424,2.369684934616089,2.632983922958374,2.270514965057373,15636378
2007-08-02,2.717919111251831,2.717919111251831,2.454619884490967,2.5225679874420166,2.1752994060516357,3732267
2007-08-03,2.548048973083496,2.5820229053497314,2.4970879554748535,2.5140750408172607,2.167975425720215,803555
2007-08-06,2.4206459522247314,2.463114023208618,2.369684934616089,2.3781790733337402,2.050788164138794,1359863
2007-08-07,2.4206459522247314,2.463114023208618,2.2083089351654053,2.2677628993988037,1.9555718898773193,1489374
2007-08-08,2.4206459522247314,2.463114023208618,2.2083089351654053,2.2677628993988037,1.9555718898773193,1489
2007-08-09,2.3781790733337402,2.3781790733337402,2.3272180557250977,2.361191987991333,2.0361387729644775,1094955
2007-08-10,2.2083089351654053,2.2083089351654053,2.1233739852905273,2.182827949523926,1.8823295831680298,996350
2007-08-13,2.3102309703826904,2.3102309703826904,2.2507760524749756,2.3102309703826904,1.9921938180923462,901866
2007-08-14,2.344204902648926,2.361191987991333,2.301737070083618,2.3272180557250977,2.0068421363830566,1142050
2007-08-15,2.3272180557250977,2.3272180557250977,2.1488540172576904,2.284749984741211,1.9702204465866089,810914
2007-08-16,2.2083089351654053,2.2252960205078125,2.0384390354156494,2.0469319820404053,1.7651416063308716,1271561
2007-08-17,2.0384390354156494,2.0554258823394775,1.5967769622802734,1.8600749969482422,1.6040080785751343,1665980
2007-08-20,2.004465103149414,2.1233739852905273,2.004465103149414,2.0554258823394775,1.7724663019180298,1265674
2007-08-21,2.1233739852905273,2.1658411026000977,2.0809059143066406,2.0809059143066406,1.7944386005401611,729970
2007-08-22,2.089400053024292,2.1403610706329346,2.0384390354156494,2.0384390354156494,1.7578177452087402,470948
2007-08-23,2.0809059143066406,2.114880084991455,2.0469319820404053,2.114880084991455,1.8237354755401611,559251
2007-08-24,2.114880084991455,2.114880084991455,2.0639190673828125,2.10638689994812,1.8164117336273193,300229
2007-08-27,2.1233739852905273,2.4036591053009033,2.1233739852905273,2.3781790733337402,2.050788164138794,1777830
2007-08-28,2.386672019958496,2.4036591053009033,2.3187239170074463,2.3187239170074463,1.9995172023773193,468005
2007-08-29,2.284749984741211,2.284749984741211,2.2083089351654053,2.2337889671325684,1.9262754917144775,279625
2007-08-30,2.284749984741211,2.361191987991333,2.259269952774048,2.2677628993988037,1.9555718898773193,491552
2007-08-31,2.284749984741211,2.361191987991333,2.284749984741211,2.293243885040283,1.9775453805923462,553364
2007-09-03,2.301737070083618,2.3272180557250977,2.293243885040283,2.293243885040283,1.9775453805923462,317890
2007-09-04,2.3357110023498535,2.3357110023498535,2.259269952774048,2.259269952774048,1.948248028755188,374256
2007-09-05,2.284749984741211,2.293243885040283,2.2507760524749756,2.2507760524749756,1.940923810005188,397657
2007-09-06,2.2507760524749756,2.284749984741211,2.2507760524749756,2.284749984741211,1.9702204465866089,235474
2007-09-07,2.259269952774048,2.259269952774048,2.2083089351654053,2.2252960205078125,1.9189510345458984,203096
2007-09-10,2.191322088241577,2.259269952774048,2.191322088241577,2.216801881790161,1.9116266965866089,423853
2007-09-11,2.2507760524749756,2.2507760524749756,2.199815034866333,2.199815034866333,1.8969777822494507,329663
2007-09-12,2.2677628993988037,2.2677628993988037,2.199815034866333,2.2252960205078125,1.9189510345458984,541590
2007-09-13,2.2252960205078125,2.2252960205078125,2.191322088241577,2.199815034866333,1.8969777822494507,153058
2007-09-14,2.2083089351654053,2.2422831058502197,2.1488540172576904,2.1658411026000977,1.8676810264587402,412079
2007-09-17,2.191322088241577,2.3187239170074463,2.182827949523926,2.2337889671325684,1.9262754917144775,482722
2007-09-18,2.2337889671325684,2.2337889671325684,2.1573479175567627,2.2083089351654053,1.9043028354644775,456231
2007-09-19,2.182827949523926,2.182827949523926,2.17433500289917,2.182827949523926,1.8823295831680298,200153
2007-09-20,2.216801881790161,2.2507760524749756,2.2083089351654053,2.2252960205078125,1.9189510345458984,223700
2007-09-21,2.2337889671325684,2.2337889671325684,2.1658411026000977,2.1658411026000977,1.8676810264587402,200153
2007-09-24,2.1658411026000977,2.1658411026000977,2.0809059143066406,2.089400053024292,1.8017631769180298,329663
2007-09-25,2.0384390354156494,2.1233739852905273,1.978983998298645,1.9874780178070068,1.7138724327087402,532171
2007-09-27,1.953503966331482,2.131866931915283,1.9280229806900024,2.0639190673828125,1.7797904014587402,518043
2007-09-28,2.097892999649048,2.097892999649048,2.004465103149414,2.004465103149414,1.7285208702087402,1259787
2007-10-02,2.0554258823394775,2.0554258823394775,1.9195300340652466,1.978983998298645,1.7065478563308716,1879673
2007-10-03,1.8515820503234863,1.9874780178070068,1.8515820503234863,1.953503966331482,1.6845754384994507,2086890
2007-10-04,2.10638689994812,2.1658411026000977,1.9874780178070068,2.029944896697998,1.750493049621582,2260553
2007-10-05,2.0384390354156494,2.0639190673828125,1.978983998298645,2.004465103149414,1.7285208702087402,988991
2007-10-08,1.9619970321655273,1.9619970321655273,1.9110360145568848,1.9365170001983643,1.6699267625808716,1754283
2007-10-09,2.021451950073242,2.021451950073242,1.8770619630813599,1.9365170001983643,1.6699267625808716,635780
2007-10-10,1.894049048423767,1.9450099468231201,1.894049048423767,1.9280229806900024,1.662602186203003,1071407
2007-10-11,1.9280229806900024,2.0724129676818848,1.9110360145568848,2.0384390354156494,1.7578177452087402,1492406
2007-10-12,2.029944896697998,2.029944896697998,1.6986989974975586,1.9450099468231201,1.677250862121582,2095721
2007-10-15,2.021451950073242,2.021451950073242,1.868569016456604,1.894049048423767,1.6333054304122925,647554
2007-10-16,1.9110360145568848,1.9110360145568848,1.834594964981079,1.8515820503234863,1.5966843366622925,1895567
2007-10-17,1.834594964981079,1.9195300340652466,1.834594964981079,1.894049048423767,1.6333054304122925,1945606
2007-10-18,1.7666469812393188,2.0384390354156494,1.7666469812393188,1.9450099468231201,1.677250862121582,2166363
2007-10-22,1.953503966331482,1.9874780178070068,1.953503966331482,1.9619970321655273,1.6918991804122925,247247
2007-10-23,1.894049048423767,2.029944896697998,1.894049048423767,1.9365170001983643,1.6699267625808716,1047860
2007-10-24,1.8091139793395996,1.978983998298645,1.8091139793395996,1.978983998298645,1.7065478563308716,3137694
2007-10-25,2.0469319820404053,2.0554258823394775,1.953503966331482,2.021451950073242,1.7431693077087402,3897099
2007-10-26,2.01295804977417,2.0469319820404053,1.9704910516738892,1.9874780178070068,1.7138724327087402,3173015
2007-10-29,2.004465103149414,2.029944896697998,1.953503966331482,1.953503966331482,1.6845754384994507,3131807
2007-10-30,1.978983998298645,2.0469319820404053,1.8855559825897217,2.004465103149414,1.7285208702087402,3131807
2007-10-31,2.004465103149414,2.0469319820404053,1.978983998298645,2.021451950073242,1.7431693077087402,3532114
2007-11-01,2.0384390354156494,2.0469319820404053,2.004465103149414,2.021451950073242,1.7431693077087402,3049391
2007-11-02,1.9959709644317627,2.021451950073242,1.9959709644317627,2.01295804977417,1.735844612121582,3014070
2007-11-05,2.004465103149414,2.0639190673828125,1.9959709644317627,2.021451950073242,1.7431693077087402,3802909
2007-11-06,2.01295804977417,2.131866931915283,1.9874780178070068,2.0469319820404053,1.7651416063308716,3195385
2007-11-07,2.0809059143066406,2.0809059143066406,2.004465103149414,2.021451950073242,1.7431693077087402,2978749
2007-11-08,1.9959709644317627,2.029944896697998,1.9704910516738892,2.01295804977417,1.735844612121582,3090599
2007-11-09,2.004465103149414,2.2252960205078125,1.9959709644317627,2.0724129676818848,1.7871148586273193,25631374
2007-11-12,2.0724129676818848,2.0724129676818848,2.004465103149414,2.004465103149414,1.7285208702087402,2778596
2007-11-13,2.004465103149414,2.029944896697998,2.004465103149414,2.004465103149414,1.7285208702087402,2128098
2007-11-14,2.0384390354156494,2.089400053024292,2.01295804977417,2.01295804977417,1.735844612121582,3649851
2007-11-15,2.0384390354156494,2.0724129676818848,2.0384390354156494,2.0554258823394775,1.7724663019180298,3049391
2007-11-16,2.0554258823394775,2.1658411026000977,2.029944896697998,2.0384390354156494,1.7578177452087402,27526942
2007-11-19,2.0469319820404053,2.0554258823394775,2.029944896697998,2.029944896697998,1.750493049621582,2042739
2007-11-20,2.004465103149414,2.0469319820404053,1.953503966331482,2.029944896697998,1.750493049621582,2354742
2007-11-21,2.021451950073242,2.029944896697998,1.953503966331482,1.9619970321655273,1.6918991804122925,1473480
2007-11-22,1.868569016456604,2.021451950073242,1.868569016456604,1.9365170001983643,1.6699267625808716,1041973
2007-11-23,1.8515820503234863,1.9874780178070068,1.8515820503234863,1.9195300340652466,1.6552784442901611,800612
2007-11-26,1.953503966331482,2.004465103149414,1.953503966331482,1.953503966331482,1.6845754384994507,1560017
2007-11-27,1.953503966331482,1.9704910516738892,1.9365170001983643,1.9619970321655273,1.6918991804122925,966621
2007-11-28,1.953503966331482,1.9704910516738892,1.9280229806900024,1.953503966331482,1.6845754384994507,871254
2007-11-29,1.9619970321655273,1.9619970321655273,1.9365170001983643,1.9450099468231201,1.677250862121582,647554
2007-11-30,1.9959709644317627,2.0639190673828125,1.9450099468231201,2.0384390354156494,1.7578177452087402,3932420
2007-12-03,2.0384390354156494,2.114880084991455,2.01295804977417,2.10638689994812,1.8164117336273193,2884559
2007-12-04,2.10638689994812,2.10638689994812,2.021451950073242,2.021451950073242,1.7431693077087402,18900342
2007-12-05,2.0384390354156494,2.0469319820404053,1.978983998298645,1.9959709644317627,1.7211960554122925,4556427
2007-12-06,2.029944896697998,2.029944896697998,1.953503966331482,1.953503966331482,1.6845754384994507,1353977
2007-12-07,1.9874780178070068,1.9874780178070068,1.9450099468231201,1.9704910516738892,1.6992241144180298,788838
2007-12-10,1.9110360145568848,1.9619970321655273,1.9110360145568848,1.9619970321655273,1.6918991804122925,129510
2007-12-11,1.978983998298645,1.978983998298645,1.9450099468231201,1.9450099468231201,1.677250862121582,247247
2007-12-12,1.953503966331482,1.9704910516738892,1.894049048423767,1.9704910516738892,1.6992241144180298,200153
2007-12-13,1.953503966331482,1.9704910516738892,1.868569016456604,1.9365170001983643,1.6699267625808716,988991
2007-12-14,1.8855559825897217,1.9365170001983643,1.7241790294647217,1.9280229806900024,1.662602186203003,470948
2007-12-17,1.953503966331482,1.953503966331482,1.8176079988479614,1.9110360145568848,1.647953748703003,82415
2007-12-18,1.9110360145568848,1.9195300340652466,1.9110360145568848,1.9195300340652466,1.6552784442901611,23547
2007-12-19,1.9280229806900024,1.9365170001983643,1.8855559825897217,1.894049048423767,1.6333054304122925,270795
2007-12-20,1.7836339473724365,1.894049048423767,1.7836339473724365,1.894049048423767,1.6333054304122925,17660
2007-12-21,1.9195300340652466,2.0384390354156494,1.8515820503234863,2.0384390354156494,1.7578177452087402,706422
2007-12-24,1.978983998298645,1.9874780178070068,1.978983998298645,1.9874780178070068,1.7138724327087402,23547
2007-12-27,1.9874780178070068,1.9874780178070068,1.9450099468231201,1.978983998298645,1.7065478563308716,388532
2007-12-28,1.953503966331482,1.953503966331482,1.953503966331482,1.953503966331482,1.6845754384994507,23547
2007-12-31,1.9704910516738892,1.978983998298645,1.9110360145568848,1.9110360145568848,1.647953748703003,229587
2008-01-02,1.9110360145568848,1.9110360145568848,1.9110360145568848,1.9110360145568848,1.647953748703003,94189
2008-01-03,1.9280229806900024,1.9280229806900024,1.868569016456604,1.868569016456604,1.611332893371582,47094
2008-01-04,1.9110360145568848,1.9195300340652466,1.8600749969482422,1.9110360145568848,1.647953748703003,329663
2008-01-07,1.9025429487228394,1.9025429487228394,1.8855559825897217,1.8855559825897217,1.6259815692901611,153058
2008-01-08,1.868569016456604,1.8855559825897217,1.8600749969482422,1.8770619630813599,1.6186566352844238,94189
2008-01-09,1.868569016456604,1.868569016456604,1.868569016456604,1.868569016456604,1.611332893371582,11773
2008-01-10,1.8515820503234863,1.9280229806900024,1.7156859636306763,1.9280229806900024,1.662602186203003,353211
2008-01-11,1.834594964981079,1.9110360145568848,1.834594964981079,1.9110360145568848,1.647953748703003,164831
2008-01-14,1.8430880308151245,1.8770619630813599,1.834594964981079,1.8770619630813599,1.6186566352844238,402661
2008-01-15,1.8430880308151245,1.868569016456604,1.792127013206482,1.868569016456604,1.611332893371582,317890
2008-01-16,1.7411659955978394,1.8091139793395996,1.681712031364441,1.8006210327148438,1.552738904953003,165420
2008-01-17,1.7411659955978394,1.792127013206482,1.7326730489730835,1.792127013206482,1.5454143285751343,335550
2008-01-18,1.7411659955978394,1.7751400470733643,1.6986989974975586,1.7751400470733643,1.5307656526565552,70642
2008-01-21,1.7326730489730835,1.7666469812393188,1.7071919441223145,1.758152961730957,1.5161172151565552,211926
2008-01-22,1.6307510137557983,1.7326730489730835,1.5033479928970337,1.7326730489730835,1.4941450357437134,429740
2008-01-23,1.5288289785385132,1.7836339473724365,1.5288289785385132,1.7751400470733643,1.5307656526565552,1153823
2008-01-24,1.7411659955978394,1.7411659955978394,1.6307510137557983,1.7326730489730835,1.4941450357437134,679105
2008-01-25,1.6902049779891968,1.7411659955978394,1.681712031364441,1.6986989974975586,1.4648480415344238,588685
2008-01-28,1.681712031364441,1.681712031364441,1.681712031364441,1.681712031364441,1.4501996040344238,70642
2008-01-29,1.6307510137557983,1.673218011856079,1.6052700281143188,1.673218011856079,1.4428749084472656,82415
2008-01-30,1.6902049779891968,1.6902049779891968,1.571295976638794,1.6647249460220337,1.4355511665344238,559840
2008-01-31,1.6137640476226807,1.681712031364441,1.6137640476226807,1.681712031364441,1.4501996040344238,470948
2008-02-01,1.6986989974975586,1.6986989974975586,1.6222569942474365,1.673218011856079,1.4428749084472656,117737
2008-02-04,1.6562310457229614,1.6562310457229614,1.6137640476226807,1.6137640476226807,1.3916056156158447,0
2008-02-05,1.6562310457229614,1.6647249460220337,1.6562310457229614,1.6647249460220337,1.4355511665344238,117737
2008-02-06,1.647737979888916,1.647737979888916,1.647737979888916,1.647737979888916,1.4209028482437134,23547
2008-02-11,1.6137640476226807,1.6137640476226807,1.6137640476226807,1.6137640476226807,1.3916056156158447,47094
2008-02-12,1.647737979888916,1.6562310457229614,1.5882829427719116,1.6392439603805542,1.4135777950286865,70642
2008-02-13,1.6137640476226807,1.6222569942474365,1.5967769622802734,1.6222569942474365,1.3989297151565552,47094
2008-02-14,1.6986989974975586,1.6986989974975586,1.673218011856079,1.673218011856079,1.4428749084472656,105963
2008-02-15,1.6647249460220337,1.681712031364441,1.6307510137557983,1.647737979888916,1.4209028482437134,635780
2008-02-18,1.6307510137557983,1.6647249460220337,1.5967769622802734,1.6562310457229614,1.428226351737976,412079
2008-02-19,1.6307510137557983,1.6647249460220337,1.6137640476226807,1.6562310457229614,1.428226351737976,235474
2008-02-20,1.673218011856079,1.673218011856079,1.6307510137557983,1.6307510137557983,1.4062540531158447,129510
2008-02-21,1.6647249460220337,1.673218011856079,1.6137640476226807,1.6307510137557983,1.4062540531158447,129510
2008-02-22,1.5967769622802734,1.6222569942474365,1.5797899961471558,1.6222569942474365,1.3989297151565552,129510
2008-02-25,1.6562310457229614,1.6562310457229614,1.5967769622802734,1.5967769622802734,1.3769571781158447,117737
2008-02-26,1.6222569942474365,1.6222569942474365,1.562803030014038,1.5967769622802734,1.3769571781158447,694649
2008-02-27,1.6137640476226807,1.6137640476226807,1.562803030014038,1.5797899961471558,1.3623086214065552,70642
2008-02-28,1.5967769622802734,1.6307510137557983,1.571295976638794,1.571295976638794,1.354983925819397,58868
2008-02-29,1.571295976638794,1.5882829427719116,1.5373220443725586,1.571295976638794,1.354983925819397,317890
2008-03-03,1.5458159446716309,1.5458159446716309,1.5033479928970337,1.5033479928970337,1.296390175819397,0
2008-03-04,1.5373220443725586,1.6052700281143188,1.5288289785385132,1.5458159446716309,1.3330116271972656,129510
2008-03-05,1.5288289785385132,1.5797899961471558,1.5118420124053955,1.5797899961471558,1.3623086214065552,412079
2008-03-06,1.5288289785385132,1.5543090105056763,1.5118420124053955,1.5543090105056763,1.3403353691101074,200153
2008-03-07,1.5033479928970337,1.5203349590301514,1.5033479928970337,1.5203349590301514,1.3110383749008179,23547
2008-03-10,1.486361026763916,1.5288289785385132,1.4778679609298706,1.5203349590301514,1.3110383749008179,612233
2008-03-11,1.486361026763916,1.5033479928970337,1.4523869752883911,1.5033479928970337,1.296390175819397,270795
2008-03-12,1.5033479928970337,1.5033479928970337,1.460880994796753,1.5033479928970337,1.296390175819397,247247
2008-03-13,1.5118420124053955,1.5118420124053955,1.3589589595794678,1.4099199771881104,1.2158236503601074,259021
2008-03-14,1.3589589595794678,1.5288289785385132,1.3589589595794678,1.4948550462722778,1.2890660762786865,1507035
2008-03-17,1.460880994796753,1.4778679609298706,1.375946044921875,1.4778679609298706,1.2744176387786865,1365750
2008-03-18,1.4438940286636353,1.5288289785385132,1.4099199771881104,1.4778679609298706,1.2744176387786865,3096486
2008-03-19,1.5203349590301514,1.5543090105056763,1.4693739414215088,1.5288289785385132,1.3183631896972656,2225231
2008-03-20,1.4778679609298706,1.5203349590301514,1.460880994796753,1.486361026763916,1.2817414999008179,1459940
2008-03-25,1.486361026763916,1.486361026763916,1.4438940286636353,1.460880994796753,1.2597692012786865,223700
2008-03-26,1.4693739414215088,1.5967769622802734,1.4693739414215088,1.5967769622802734,1.3769571781158447,3156826
2008-03-27,1.5967769622802734,1.6052700281143188,1.562803030014038,1.5967769622802734,1.3769571781158447,294342
2008-03-28,1.5882829427719116,1.6222569942474365,1.5882829427719116,1.6222569942474365,1.3989297151565552,376758
2008-03-31,1.6307510137557983,1.673218011856079,1.5797899961471558,1.6137640476226807,1.3916056156158447,3985402
2008-04-01,1.6222569942474365,1.6647249460220337,1.6222569942474365,1.6647249460220337,1.4355511665344238,153058
2008-04-02,1.6562310457229614,1.6986989974975586,1.6052700281143188,1.6307510137557983,1.4062540531158447,653441
2008-04-03,1.5967769622802734,1.6137640476226807,1.571295976638794,1.5882829427719116,1.3696321249008179,1083181
2008-04-07,1.5882829427719116,1.5882829427719116,1.5458159446716309,1.562803030014038,1.3476603031158447,105963
2008-04-08,1.5288289785385132,1.5797899961471558,1.5288289785385132,1.5797899961471558,1.3623086214065552,47094
2008-04-09,1.5458159446716309,1.6052700281143188,1.5373220443725586,1.571295976638794,1.354983925819397,153058
2008-04-10,1.5967769622802734,1.5967769622802734,1.5543090105056763,1.562803030014038,1.3476603031158447,47094
2008-04-11,1.5458159446716309,1.5797899961471558,1.5458159446716309,1.5797899961471558,1.3623086214065552,58868
2008-04-14,1.5373220443725586,1.5882829427719116,1.5373220443725586,1.5882829427719116,1.3696321249008179,129510
2008-04-15,1.5373220443725586,1.6052700281143188,1.5373220443725586,1.6052700281143188,1.3842811584472656,388532
2008-04-16,1.5797899961471558,1.6052700281143188,1.5288289785385132,1.5373220443725586,1.325687050819397,412079
2008-04-17,1.5797899961471558,1.5797899961471558,1.5797899961471558,1.5797899961471558,1.3623086214065552,11773
2008-04-18,1.5118420124053955,1.5288289785385132,1.350466012954712,1.460880994796753,1.2597692012786865,953670
2008-04-21,1.4438940286636353,1.4438940286636353,1.4438940286636353,1.4438940286636353,1.245120644569397,11773
2008-04-22,1.426906943321228,1.4438940286636353,1.426906943321228,1.4438940286636353,1.245120644569397,105963
2008-04-23,1.4438940286636353,1.4438940286636353,1.3929330110549927,1.3929330110549927,1.201175332069397,0
2008-04-24,1.3674520254135132,1.5118420124053955,1.3674520254135132,1.4523869752883911,1.2524443864822388,565138
2008-04-25,1.3674520254135132,1.4948550462722778,1.3674520254135132,1.4523869752883911,1.2524443864822388,1149997
2008-04-28,1.426906943321228,1.4438940286636353,1.426906943321228,1.4438940286636353,1.245120644569397,58868
2008-04-29,1.426906943321228,1.4438940286636353,1.4184130430221558,1.4438940286636353,1.245120644569397,94189
2008-04-30,1.4523869752883911,1.4523869752883911,1.4354000091552734,1.4438940286636353,1.245120644569397,35321
2008-05-02,1.426906943321228,1.426906943321228,1.375946044921875,1.375946044921875,1.1865267753601074,0
2008-05-05,1.4014259576797485,1.4354000091552734,1.34197199344635,1.426906943321228,1.2304720878601074,1636546
2008-05-06,1.4693739414215088,1.4693739414215088,1.3674520254135132,1.4014259576797485,1.2084989547729492,671101
2008-05-07,1.426906943321228,1.426906943321228,1.3589589595794678,1.4014259576797485,1.2084989547729492,353211
2008-05-08,1.426906943321228,1.426906943321228,1.3589589595794678,1.3589589595794678,1.1718780994415283,423853
2008-05-09,1.426906943321228,1.426906943321228,1.350466012954712,1.3589589595794678,1.1718780994415283,512499
2008-05-13,1.3589589595794678,1.3929330110549927,1.34197199344635,1.34197199344635,1.1572296619415283,211926
2008-05-14,1.375946044921875,1.4014259576797485,1.3589589595794678,1.3844389915466309,1.1938503980636597,211926
2008-05-15,1.3589589595794678,1.3589589595794678,1.34197199344635,1.3589589595794678,1.1718780994415283,141284
2008-05-16,1.34197199344635,1.375946044921875,1.316491961479187,1.316491961479187,1.1352574825286865,1071407
2008-05-19,1.316491961479187,1.350466012954712,1.2655309438705444,1.2655309438705444,1.0913118124008179,753517
2008-05-20,1.2740240097045898,1.2825180292129517,1.2570370435714722,1.2570370435714722,1.0839874744415283,47094
2008-05-21,1.2145700454711914,1.231557011604309,1.2145700454711914,1.231557011604309,1.0620150566101074,235474
2008-05-22,1.2740240097045898,1.2740240097045898,1.231557011604309,1.2740240097045898,1.0986356735229492,117737
2008-05-23,1.2910109758377075,1.2910109758377075,1.2910109758377075,1.2910109758377075,1.1132845878601074,58868
2008-05-26,1.240049958229065,1.2740240097045898,1.2145700454711914,1.2145700454711914,1.0473666191101074,1189145
2008-05-27,1.2230629920959473,1.2230629920959473,1.2145700454711914,1.2145700454711914,1.0473666191101074,70642
2008-05-28,1.2485439777374268,1.2485439777374268,1.2060760259628296,1.231557011604309,1.0620150566101074,400306
2008-05-29,1.2655309438705444,1.2655309438705444,1.1890889406204224,1.231557011604309,1.0620150566101074,918349
2008-05-30,1.1975829601287842,1.2485439777374268,1.1721019744873047,1.240049958229065,1.0693386793136597,2908107
2008-06-02,1.240049958229065,1.3249850273132324,1.1636090278625488,1.231557011604309,1.0620150566101074,7499855
2008-06-03,1.2060760259628296,1.2570370435714722,1.1636090278625488,1.240049958229065,1.0693386793136597,470948
2008-06-04,1.2655309438705444,1.2740240097045898,1.1890889406204224,1.2655309438705444,1.0913118124008179,835933
2008-06-05,1.3079979419708252,1.34197199344635,1.2485439777374268,1.2740240097045898,1.0986356735229492,2425385
2008-06-06,1.2995049953460693,1.3079979419708252,1.2570370435714722,1.2740240097045898,1.0986356735229492,1471714
2008-06-10,1.2485439777374268,1.2655309438705444,1.1975829601287842,1.2230629920959473,1.0546901226043701,883028
2008-06-11,1.231557011604309,1.240049958229065,1.1975829601287842,1.2230629920959473,1.0546901226043701,1448166
2008-06-12,1.2230629920959473,1.2230629920959473,1.070180058479309,1.070180058479309,0.9228538870811462,1683641
2008-06-13,1.070180058479309,1.070180058479309,0.976751983165741,1.0616869926452637,0.9155300855636597,494495
2008-06-16,1.0616869926452637,1.0616869926452637,0.9937390089035034,1.0192190408706665,0.8789085149765015,223700
2008-06-17,1.0022319555282593,1.044700026512146,0.976751983165741,1.0192190408706665,0.8789085149765015,1330429
2008-06-18,0.976751983165741,1.0616869926452637,0.976751983165741,1.0616869926452637,0.9155300855636597,965444
2008-06-19,1.0531929731369019,1.0531929731369019,1.0531929731369019,1.0531929731369019,0.9082053899765015,11773
2008-06-20,1.0616869926452637,1.0871670246124268,1.0616869926452637,1.0871670246124268,0.9375024437904358,153058
2008-06-23,1.1041539907455444,1.129634976387024,1.1041539907455444,1.129634976387024,0.974124014377594,153058
2008-06-24,1.070180058479309,1.1041539907455444,1.0531929731369019,1.1041539907455444,0.9521510601043701,412079
2008-06-25,1.1381280422210693,1.1381280422210693,1.1041539907455444,1.1041539907455444,0.9521510601043701,541590
2008-06-26,1.070180058479309,1.1041539907455444,1.070180058479309,1.1041539907455444,0.9521510601043701,1648319
2008-06-27,1.1041539907455444,1.1041539907455444,0.9937390089035034,0.9937390089035034,0.8569362163543701,0
2008-06-30,0.9427779912948608,1.155115008354187,0.9427779912948608,1.155115008354187,0.9960964322090149,567492
2008-07-02,1.1466219425201416,1.1466219425201416,1.070180058479309,1.070180058479309,0.9228538870811462,0
2008-07-03,1.0362060070037842,1.1466219425201416,1.0362060070037842,1.1466219425201416,0.9887726902961731,234885
2008-07-04,1.121140956878662,1.1381280422210693,1.121140956878662,1.1381280422210693,0.9814477562904358,58868
2008-07-07,1.1381280422210693,1.1381280422210693,1.1381280422210693,1.1381280422210693,0.9814477562904358,117737
2008-07-08,1.0616869926452637,1.0616869926452637,0.9852449893951416,1.0616869926452637,0.9155300855636597,105963
2008-07-09,1.0192190408706665,1.070180058479309,1.0192190408706665,1.070180058479309,0.9228538870811462,47094
2008-07-10,1.0531929731369019,1.0531929731369019,1.0531929731369019,1.0531929731369019,0.9082053899765015,153058
2008-07-11,1.0616869926452637,1.121140956878662,1.0616869926452637,1.1041539907455444,0.9521510601043701,341437
2008-07-14,1.0956610441207886,1.1126480102539062,1.0956610441207886,1.1126480102539062,0.9594755172729492,5969272
2008-07-15,1.0362060070037842,1.0956610441207886,1.0362060070037842,1.0956610441207886,0.9448271989822388,23547
2008-07-16,1.0362060070037842,1.0871670246124268,1.0362060070037842,1.0786739587783813,0.9301785230636597,259021
2008-07-17,1.0786739587783813,1.0956610441207886,1.0786739587783813,1.0956610441207886,0.9448271989822388,824159
2008-07-18,1.0956610441207886,1.0956610441207886,1.0277129411697388,1.0277129411697388,0.8862331509590149,0
2008-07-21,1.0956610441207886,1.1466219425201416,1.0956610441207886,1.1466219425201416,0.9887726902961731,2448932
2008-07-22,1.1041539907455444,1.1381280422210693,1.1041539907455444,1.1381280422210693,0.9814477562904358,494495
2008-07-23,1.1381280422210693,1.1381280422210693,1.0192190408706665,1.0192190408706665,0.8789085149765015,0
2008-07-24,1.121140956878662,1.121140956878662,1.0871670246124268,1.0956610441207886,0.9448271989822388,541590
2008-07-25,1.1466219425201416,1.155115008354187,1.0786739587783813,1.0956610441207886,0.9448271989822388,753517
2008-07-28,1.129634976387024,1.1381280422210693,1.121140956878662,1.121140956878662,0.9667993783950806,247247
2008-07-29,1.1041539907455444,1.121140956878662,1.1041539907455444,1.121140956878662,0.9667993783950806,235474
2008-07-30,1.1041539907455444,1.1381280422210693,1.1041539907455444,1.1381280422210693,0.9814477562904358,423853
2008-07-31,1.129634976387024,1.129634976387024,1.044700026512146,1.044700026512146,0.9008815884590149,0
2008-08-01,1.0531929731369019,1.129634976387024,1.0531929731369019,1.129634976387024,0.974124014377594,49449597
2008-08-04,1.0616869926452637,1.129634976387024,1.0616869926452637,1.129634976387024,0.974124014377594,2943
2008-08-05,1.121140956878662,1.121140956878662,0.9852449893951416,0.9852449893951416,0.8496115207672119,0
2008-08-06,1.121140956878662,1.121140956878662,1.121140956878662,1.121140956878662,0.9667993783950806,0
2008-08-07,1.070180058479309,1.070180058479309,1.070180058479309,1.070180058479309,0.9228538870811462,11773
2008-08-08,1.129634976387024,1.129634976387024,1.0192190408706665,1.0192190408706665,0.8789085149765015,0
2008-08-11,1.044700026512146,1.0531929731369019,0.9937390089035034,1.0192190408706665,0.8789085149765015,2660859
2008-08-12,1.0192190408706665,1.0362060070037842,1.0022319555282593,1.010725975036621,0.8715846538543701,400306
2008-08-13,0.9512709975242615,0.9682580232620239,0.9427779912948608,0.9512709975242615,0.8203144669532776,671101
2008-08-14,0.9427779912948608,0.9427779912948608,0.9088039994239807,0.934283971786499,0.8056660294532776,576911
2008-08-15,0.934283971786499,0.9427779912948608,0.9088039994239807,0.9427779912948608,0.8129907846450806,812386
2008-08-18,0.9512709975242615,0.9682580232620239,0.9003099799156189,0.9427779912948608,0.8129907846450806,1024313
2008-08-19,0.9427779912948608,0.9512709975242615,0.9427779912948608,0.9427779912948608,0.8129907846450806,141284
2008-08-20,0.9257910251617432,0.9427779912948608,0.9003099799156189,0.934283971786499,0.8056660294532776,412079
2008-08-21,0.9172970056533813,0.934283971786499,0.8748300075531006,0.8748300075531006,0.754396915435791,718196
2008-08-22,0.934283971786499,0.934283971786499,0.934283971786499,0.934283971786499,0.8056660294532776,0
2008-08-25,0.8323619961738586,0.9003099799156189,0.8153749704360962,0.9003099799156189,0.776369035243988,1330429
2008-08-26,0.9088039994239807,0.9088039994239807,0.8748300075531006,0.8748300075531006,0.754396915435791,164831
2008-08-27,0.8833230137825012,0.934283971786499,0.8663359880447388,0.9003099799156189,0.776369035243988,1271561
2008-08-28,0.8918169736862183,0.9172970056533813,0.8918169736862183,0.9088039994239807,0.7836937308311462,1142050
2008-08-29,0.9088039994239807,0.9257910251617432,0.9088039994239807,0.9088039994239807,0.7836937308311462,259021
2008-09-01,0.9257910251617432,0.976751983165741,0.9172970056533813,0.9512709975242615,0.8203144669532776,1094955
2008-09-02,0.9597650170326233,0.9682580232620239,0.9597650170326233,0.9597650170326233,0.8276392221450806,459174
2008-09-03,0.9427779912948608,0.9512709975242615,0.9427779912948608,0.9512709975242615,0.8203144669532776,153058
2008-09-04,0.9512709975242615,0.9597650170326233,0.9512709975242615,0.9597650170326233,0.8276392221450806,459174
2008-09-05,0.9427779912948608,0.9512709975242615,0.9427779912948608,0.9512709975242615,0.8203144669532776,341437
2008-09-08,0.976751983165741,0.9937390089035034,0.9427779912948608,0.9852449893951416,0.8496115207672119,750574
2008-09-09,0.9257910251617432,1.0022319555282593,0.8918169736862183,0.934283971786499,0.8056660294532776,1518809
2008-09-10,0.934283971786499,0.9597650170326233,0.934283971786499,0.9597650170326233,0.8276392221450806,14305062
2008-09-11,0.9257910251617432,0.9257910251617432,0.9172970056533813,0.9257910251617432,0.7983421683311462,282569
2008-09-12,0.8493490219116211,0.9003099799156189,0.8493490219116211,0.9003099799156189,0.776369035243988,270795
2008-09-16,0.8918169736862183,0.8918169736862183,0.8578429818153381,0.8748300075531006,0.754396915435791,470948
2008-09-17,0.8833230137825012,0.8833230137825012,0.823868989944458,0.8493490219116211,0.7324235439300537,445340
2008-09-18,0.7644140124320984,0.8493490219116211,0.7219470143318176,0.8068820238113403,0.6958028078079224,541590
2008-09-19,0.8068820238113403,0.8748300075531006,0.8068820238113403,0.8748300075531006,0.754396915435791,462118
2008-09-22,0.8833230137825012,0.8918169736862183,0.8408560156822205,0.8918169736862183,0.7690452337265015,1424619
2008-09-23,0.8833230137825012,0.8833230137825012,0.8408560156822205,0.8748300075531006,0.754396915435791,388532
2008-09-24,0.8663359880447388,0.8663359880447388,0.8663359880447388,0.8663359880447388,0.7470720410346985,259021
2008-09-25,0.8663359880447388,0.8833230137825012,0.8578429818153381,0.8578429818153381,0.7397481203079224,682875
2008-09-26,0.8493490219116211,0.8578429818153381,0.8493490219116211,0.8578429818153381,0.7397481203079224,341437
2008-09-29,0.8493490219116211,0.8578429818153381,0.8153749704360962,0.8578429818153381,0.7397481203079224,482722
2008-09-30,0.8323619961738586,0.8493490219116211,0.8323619961738586,0.8493490219116211,0.7324235439300537,294342
2008-10-02,0.8153749704360962,0.8748300075531006,0.8068820238113403,0.8493490219116211,0.7324235439300537,553364
2008-10-03,0.823868989944458,0.8408560156822205,0.7983880043029785,0.8408560156822205,0.7250998020172119,859481
2008-10-06,0.8408560156822205,0.8408560156822205,0.8408560156822205,0.8408560156822205,0.7250998020172119,211926
2008-10-08,0.8408560156822205,0.8408560156822205,0.8408560156822205,0.8408560156822205,0.7250998020172119,58868
2008-10-09,0.8153749704360962,0.8408560156822205,0.8153749704360962,0.8408560156822205,0.7250998020172119,706422
2008-10-10,0.823868989944458,0.823868989944458,0.594543993473053,0.594543993473053,0.5126963257789612,0
2008-10-13,0.8408560156822205,0.8408560156822205,0.8153749704360962,0.8153749704360962,0.7031265497207642,259021
2008-10-14,0.823868989944458,0.8323619961738586,0.7389339804649353,0.8323619961738586,0.7177751660346985,918349
2008-10-15,0.8153749704360962,0.8153749704360962,0.8153749704360962,0.8153749704360962,0.7031265497207642,188379
2008-10-16,0.7983880043029785,0.7983880043029785,0.5096089839935303,0.5096089839935303,0.4394538402557373,0
2008-10-17,0.7983880043029785,0.7983880043029785,0.7898949980735779,0.7983880043029785,0.6884781122207642,470948
2008-10-20,0.7898949980735779,0.7983880043029785,0.7559210062026978,0.7729079723358154,0.6665058135986328,541590
2008-10-21,0.7559210062026978,0.7898949980735779,0.7219470143318176,0.7644140124320984,0.6591811776161194,7038326
2008-10-22,0.7389339804649353,0.7729079723358154,0.7389339804649353,0.7729079723358154,0.6665058135986328,635780
2008-10-23,0.7474269866943359,0.7559210062026978,0.6964660286903381,0.7389339804649353,0.6372088193893433,694649
2008-10-24,0.7389339804649353,0.7389339804649353,0.7389339804649353,0.7389339804649353,0.6372088193893433,117737
2008-10-27,0.7219470143318176,0.7559210062026978,0.5096089839935303,0.670985996723175,0.5786148309707642,753517
2008-10-28,0.6624919772148132,0.6624919772148132,0.6115310192108154,0.6115310192108154,0.5273447036743164,459174
2008-10-29,0.5520769953727722,0.6200249791145325,0.5520769953727722,0.6030380129814148,0.5200209617614746,412079
2008-10-30,0.6115310192108154,0.6200249791145325,0.5775570273399353,0.6115310192108154,0.5273447036743164,247247
2008-10-31,0.6200249791145325,0.6455050110816956,0.4331679940223694,0.6030380129814148,0.5200209617614746,2649085
2008-11-03,0.6285179853439331,0.6285179853439331,0.594543993473053,0.6200249791145325,0.5346693396568298,506269
2008-11-04,0.6030380129814148,0.6030380129814148,0.6030380129814148,0.6030380129814148,0.5200209617614746,235474
2008-11-05,0.6115310192108154,0.6285179853439331,0.5860509872436523,0.6285179853439331,0.541993260383606,470948
2008-11-06,0.6030380129814148,0.6115310192108154,0.6030380129814148,0.6115310192108154,0.5273447036743164,164831
2008-11-07,0.6115310192108154,0.6115310192108154,0.6115310192108154,0.6115310192108154,0.5273447036743164,306116
2008-11-10,0.6370120048522949,0.6794790029525757,0.6115310192108154,0.6370120048522949,0.5493178367614746,941897
2008-11-11,0.6370120048522949,0.6370120048522949,0.5690640211105347,0.5690640211105347,0.4907238781452179,765291
2008-11-12,0.5775570273399353,0.5775570273399353,0.4331679940223694,0.5265960097312927,0.4541022777557373,287867
2008-11-13,0.5011159777641296,0.5265960097312927,0.48412901163101196,0.5181030035018921,0.44677847623825073,247247
2008-11-14,0.5265960097312927,0.5520769953727722,0.5096089839935303,0.5435829758644104,0.46875083446502686,835933
2008-11-17,0.5435829758644104,0.5520769953727722,0.5435829758644104,0.5435829758644104,0.46875083446502686,270795
2008-11-18,0.5350900292396545,0.5350900292396545,0.5265960097312927,0.5265960097312927,0.4541022777557373,412079
2008-11-19,0.5265960097312927,0.5265960097312927,0.5181030035018921,0.5181030035018921,0.44677847623825073,388532
2008-11-20,0.4926219880580902,0.5181030035018921,0.4926219880580902,0.5181030035018921,0.44677847623825073,518043
2008-11-21,0.5265960097312927,0.5350900292396545,0.5265960097312927,0.5350900292396545,0.4614269435405731,447401
2008-11-24,0.5265960097312927,0.5265960097312927,0.5265960097312927,0.5265960097312927,0.4541022777557373,270795
2008-11-25,0.5350900292396545,0.5605700016021729,0.5350900292396545,0.5520769953727722,0.47607553005218506,341437
2008-11-26,0.5520769953727722,0.5605700016021729,0.5520769953727722,0.5605700016021729,0.48339927196502686,329663
2008-11-27,0.5605700016021729,0.5605700016021729,0.5605700016021729,0.5605700016021729,0.48339927196502686,164831
2008-11-28,0.48412901163101196,0.5350900292396545,0.4586479961872101,0.4586479961872101,0.395508348941803,235474
2008-12-01,0.4926219880580902,0.5350900292396545,0.4926219880580902,0.5011159777641296,0.43212994933128357,553364
2008-12-02,0.5011159777641296,0.5011159777641296,0.5011159777641296,0.5011159777641296,0.43212994933128357,176605
2008-12-03,0.5011159777641296,0.5011159777641296,0.5011159777641296,0.5011159777641296,0.43212994933128357,0
2008-12-04,0.4586479961872101,0.47563499212265015,0.4586479961872101,0.47563499212265015,0.410156786441803,47094
2008-12-05,0.47563499212265015,0.47563499212265015,0.47563499212265015,0.47563499212265015,0.410156786441803,0
2008-12-08,0.48412901163101196,0.48412901163101196,0.4331679940223694,0.4331679940223694,0.37353602051734924,353211
2008-12-09,0.4331679940223694,0.4331679940223694,0.4331679940223694,0.4331679940223694,0.37353602051734924,0
2008-12-10,0.4331679940223694,0.4331679940223694,0.3524799942970276,0.3609730005264282,0.3112797737121582,641667
2008-12-11,0.3609730005264282,0.4331679940223694,0.3609730005264282,0.3864539861679077,0.3332529067993164,1636546
2008-12-12,0.39070001244544983,0.39494699239730835,0.36522001028060913,0.39070001244544983,0.33691444993019104,1177371
2008-12-15,0.39494699239730835,0.39494699239730835,0.39070001244544983,0.39494699239730835,0.340576708316803,294342
2008-12-16,0.3822070062160492,0.39919400215148926,0.3822070062160492,0.39919400215148926,0.3442390561103821,200153
2008-12-17,0.39919400215148926,0.39919400215148926,0.39919400215148926,0.39919400215148926,0.3442390561103821,0
2008-12-18,0.3567259907722473,0.3737129867076874,0.3567259907722473,0.3737129867076874,0.3222659230232239,1071407
2008-12-19,0.3567259907722473,0.3567259907722473,0.34823301434516907,0.34823301434516907,0.30029359459877014,153058
2008-12-22,0.34823301434516907,0.34823301434516907,0.34823301434516907,0.34823301434516907,0.30029359459877014,141284
2008-12-23,0.2972719967365265,0.34823301434516907,0.2972719967365265,0.3227519989013672,0.27832043170928955,129510
2008-12-24,0.3354929983615875,0.33973899483680725,0.3354929983615875,0.33973899483680725,0.29296889901161194,141284
2008-12-29,0.3354929983615875,0.3567259907722473,0.3354929983615875,0.3567259907722473,0.3076173961162567,47094
2008-12-30,0.36522001028060913,0.40344101190567017,0.34823301434516907,0.40344101190567017,0.3479014039039612,2342969
2008-12-31,0.4119339883327484,0.4586479961872101,0.40344101190567017,0.44166100025177,0.3808598220348358,2060399
2009-01-02,0.4119339883327484,0.4671419858932495,0.4119339883327484,0.4331679940223694,0.37353602051734924,34932608
2009-01-05,0.4331679940223694,0.44166100025177,0.42467400431632996,0.44166100025177,0.3808598220348358,376758
2009-01-06,0.4671419858932495,0.47563499212265015,0.44166100025177,0.4586479961872101,0.395508348941803,576911
2009-01-07,0.4671419858932495,0.48412901163101196,0.42467400431632996,0.44166100025177,0.3808598220348358,1024313
2009-01-08,0.44166100025177,0.44166100025177,0.42467400431632996,0.44166100025177,0.3808598220348358,129510
2009-01-09,0.4586479961872101,0.48412901163101196,0.4331679940223694,0.44166100025177,0.3808598220348358,3025844
2009-01-12,0.44166100025177,0.44166100025177,0.4161809980869293,0.4161809980869293,0.35888758301734924,741743
2009-01-13,0.4161809980869293,0.4331679940223694,0.4161809980869293,0.4331679940223694,0.37353602051734924,119503
2009-01-14,0.42467400431632996,0.4331679940223694,0.42467400431632996,0.4331679940223694,0.37353602051734924,58868
2009-01-15,0.42467400431632996,0.45015498995780945,0.42467400431632996,0.44166100025177,0.3808598220348358,190145
2009-01-16,0.42467400431632996,0.42467400431632996,0.4076870083808899,0.42467400431632996,0.36621132493019104,482722
2009-01-19,0.4331679940223694,0.44166100025177,0.4331679940223694,0.44166100025177,0.3808598220348358,47094
2009-01-20,0.42467400431632996,0.45015498995780945,0.42467400431632996,0.42467400431632996,0.36621132493019104,435627
2009-01-21,0.4119339883327484,0.42467400431632996,0.4119339883327484,0.42467400431632996,0.36621132493019104,153058
2009-01-22,0.4331679940223694,0.4331679940223694,0.4076870083808899,0.4119339883327484,0.35522523522377014,671101
2009-01-23,0.4076870083808899,0.42467400431632996,0.4076870083808899,0.42467400431632996,0.36621132493019104,812386
2009-01-29,0.44166100025177,0.4586479961872101,0.44166100025177,0.4586479961872101,0.395508348941803,141284
2009-01-30,0.4671419858932495,0.47563499212265015,0.45015498995780945,0.45015498995780945,0.388184517621994,117737
2009-02-02,0.4586479961872101,0.4671419858932495,0.4586479961872101,0.4671419858932495,0.4028330147266388,35321
2009-02-03,0.45015498995780945,0.4586479961872101,0.45015498995780945,0.4586479961872101,0.395508348941803,70642
2009-02-04,0.4586479961872101,0.4586479961872101,0.42467400431632996,0.45015498995780945,0.388184517621994,200153
2009-02-05,0.45015498995780945,0.45015498995780945,0.45015498995780945,0.45015498995780945,0.388184517621994,58868
2009-02-06,0.45015498995780945,0.45015498995780945,0.45015498995780945,0.45015498995780945,0.388184517621994,82415
2009-02-09,0.44166100025177,0.44166100025177,0.4331679940223694,0.4331679940223694,0.37353602051734924,129510
2009-02-10,0.4331679940223694,0.4671419858932495,0.42467400431632996,0.42467400431632996,0.36621132493019104,859481
2009-02-11,0.45015498995780945,0.45015498995780945,0.45015498995780945,0.45015498995780945,0.388184517621994,58868
2009-02-12,0.42467400431632996,0.42467400431632996,0.42467400431632996,0.42467400431632996,0.36621132493019104,200153
2009-02-13,0.42467400431632996,0.44166100025177,0.42467400431632996,0.44166100025177,0.3808598220348358,58868
2009-02-16,0.4331679940223694,0.4331679940223694,0.4331679940223694,0.4331679940223694,0.37353602051734924,35321
2009-02-17,0.42467400431632996,0.45015498995780945,0.42467400431632996,0.42467400431632996,0.36621132493019104,200153
2009-02-18,0.42467400431632996,0.44166100025177,0.42467400431632996,0.42467400431632996,0.36621132493019104,259021
2009-02-19,0.42042800784111023,0.44166100025177,0.4161809980869293,0.42042800784111023,0.36254990100860596,541590
2009-02-20,0.4119339883327484,0.42467400431632996,0.4076870083808899,0.42467400431632996,0.36621132493019104,706422
2009-02-23,0.4119339883327484,0.4119339883327484,0.4076870083808899,0.4076870083808899,0.3515629172325134,447401
2009-02-24,0.4076870083808899,0.4161809980869293,0.4076870083808899,0.4161809980869293,0.35888758301734924,153058
2009-02-25,0.4076870083808899,0.42042800784111023,0.4076870083808899,0.42042800784111023,0.36254990100860596,70642
2009-02-26,0.42042800784111023,0.42042800784111023,0.4076870083808899,0.4119339883327484,0.35522523522377014,105963
2009-02-27,0.4161809980869293,0.4161809980869293,0.4161809980869293,0.4161809980869293,0.35888758301734924,82415
2009-03-02,0.4076870083808899,0.4076870083808899,0.4076870083808899,0.4076870083808899,0.3515629172325134,0
2009-03-03,0.4076870083808899,0.4076870083808899,0.39494699239730835,0.39494699239730835,0.340576708316803,70642
2009-03-04,0.39919400215148926,0.39919400215148926,0.3822070062160492,0.3822070062160492,0.3295905888080597,341437
2009-03-05,0.39070001244544983,0.39070001244544983,0.3737129867076874,0.3822070062160492,0.3295905888080597,153058
2009-03-06,0.3737129867076874,0.3737129867076874,0.3737129867076874,0.3737129867076874,0.3222659230232239,47094
2009-03-09,0.36522001028060913,0.36522001028060913,0.36522001028060913,0.36522001028060913,0.31494206190109253,23547
2009-03-10,0.36522001028060913,0.36522001028060913,0.33973899483680725,0.36522001028060913,0.31494206190109253,1259787
2009-03-11,0.3737129867076874,0.3737129867076874,0.3567259907722473,0.3567259907722473,0.3076173961162567,47094
2009-03-12,0.3567259907722473,0.3567259907722473,0.34823301434516907,0.34823301434516907,0.30029359459877014,211926
2009-03-13,0.34823301434516907,0.34823301434516907,0.34823301434516907,0.34823301434516907,0.30029359459877014,0
2009-03-16,0.3524799942970276,0.3524799942970276,0.33973899483680725,0.3524799942970276,0.30395591259002686,1883794
2009-03-17,0.3567259907722473,0.36522001028060913,0.33973899483680725,0.34823301434516907,0.30029359459877014,4544653
2009-03-18,0.3524799942970276,0.3524799942970276,0.33973899483680725,0.33973899483680725,0.29296889901161194,4791901
2009-03-19,0.33973899483680725,0.33973899483680725,0.3312459886074066,0.3312459886074066,0.28564509749412537,529817
2009-03-20,0.3354929983615875,0.3354929983615875,0.31425899267196655,0.3227519989013672,0.27832043170928955,1449344
2009-03-23,0.3269990086555481,0.34398600459098816,0.3227519989013672,0.3227519989013672,0.27832043170928955,1565903
2009-03-24,0.3354929983615875,0.34398600459098816,0.3312459886074066,0.33973899483680725,0.29296889901161194,3167128
2009-03-25,0.33973899483680725,0.33973899483680725,0.33973899483680725,0.33973899483680725,0.29296889901161194,412079
2009-03-26,0.33973899483680725,0.33973899483680725,0.33973899483680725,0.33973899483680725,0.29296889901161194,94189
2009-03-27,0.34823301434516907,0.3609730005264282,0.34823301434516907,0.3609730005264282,0.3112797737121582,624006
2009-03-30,0.3524799942970276,0.3609730005264282,0.34823301434516907,0.3609730005264282,0.3112797737121582,647554
2009-03-31,0.3737129867076874,0.3822070062160492,0.3737129867076874,0.3822070062160492,0.3295905888080597,117737
2009-04-01,0.3822070062160492,0.3822070062160492,0.3822070062160492,0.3822070062160492,0.3295905888080597,0
2009-04-02,0.39070001244544983,0.39919400215148926,0.3822070062160492,0.3822070062160492,0.3295905888080597,812386
2009-04-03,0.39494699239730835,0.39919400215148926,0.39494699239730835,0.39919400215148926,0.3442390561103821,470948
2009-04-06,0.4119339883327484,0.4331679940223694,0.4119339883327484,0.42042800784111023,0.36254990100860596,141284
2009-04-07,0.4119339883327484,0.4331679940223694,0.4119339883327484,0.4161809980869293,0.35888758301734924,447401
2009-04-08,0.42467400431632996,0.4331679940223694,0.42467400431632996,0.4331679940223694,0.37353602051734924,353211
2009-04-09,0.42042800784111023,0.42042800784111023,0.42042800784111023,0.42042800784111023,0.36254990100860596,235474
2009-04-14,0.45015498995780945,0.4671419858932495,0.45015498995780945,0.4671419858932495,0.4028330147266388,1047860
2009-04-15,0.4586479961872101,0.4671419858932495,0.45015498995780945,0.45015498995780945,0.388184517621994,953670
2009-04-16,0.45015498995780945,0.45015498995780945,0.45015498995780945,0.45015498995780945,0.388184517621994,706422
2009-04-17,0.4586479961872101,0.4586479961872101,0.45015498995780945,0.45015498995780945,0.388184517621994,1000765
2009-04-20,0.4586479961872101,0.4926219880580902,0.4586479961872101,0.4926219880580902,0.42480528354644775,777065
2009-04-21,0.5096089839935303,0.5181030035018921,0.5096089839935303,0.5096089839935303,0.4394538402557373,141284
2009-04-22,0.5520769953727722,0.5775570273399353,0.5011159777641296,0.5011159777641296,0.43212994933128357,800612
2009-04-23,0.5265960097312927,0.6370120048522949,0.5181030035018921,0.5520769953727722,0.47607553005218506,1816095
2009-04-24,0.5435829758644104,0.5860509872436523,0.5435829758644104,0.5860509872436523,0.5053724050521851,953670
2009-04-27,0.6370120048522949,0.6370120048522949,0.5605700016021729,0.6115310192108154,0.5273447036743164,588685
2009-04-28,0.5860509872436523,0.5860509872436523,0.5265960097312927,0.5350900292396545,0.4614269435405731,906575
2009-04-29,0.5350900292396545,0.5520769953727722,0.5181030035018921,0.5520769953727722,0.47607553005218506,188379
2009-04-30,0.5860509872436523,0.5860509872436523,0.5350900292396545,0.5775570273399353,0.498047798871994,1377524
2009-05-04,0.5860509872436523,0.594543993473053,0.5775570273399353,0.5775570273399353,0.498047798871994,58868
2009-05-05,0.6115310192108154,0.6200249791145325,0.5520769953727722,0.6030380129814148,0.5200209617614746,701713
2009-05-06,0.6370120048522949,0.6370120048522949,0.5775570273399353,0.594543993473053,0.5126963257789612,70642
2009-05-07,0.5690640211105347,0.5690640211105347,0.5520769953727722,0.5520769953727722,0.47607553005218506,129510
2009-05-08,0.5265960097312927,0.5775570273399353,0.5265960097312927,0.5775570273399353,0.498047798871994,235474
2009-05-11,0.5520769953727722,0.5860509872436523,0.5520769953727722,0.5605700016021729,0.48339927196502686,270795
2009-05-12,0.5520769953727722,0.5520769953727722,0.5520769953727722,0.5520769953727722,0.47607553005218506,35321
2009-05-13,0.5860509872436523,0.5860509872436523,0.5775570273399353,0.5775570273399353,0.498047798871994,1824925
2009-05-14,0.5520769953727722,0.5520769953727722,0.5520769953727722,0.5520769953727722,0.47607553005218506,247247
2009-05-15,0.5605700016021729,0.594543993473053,0.5605700016021729,0.594543993473053,0.5126963257789612,84770
2009-05-18,0.594543993473053,0.594543993473053,0.5860509872436523,0.5860509872436523,0.5053724050521851,51804
2009-05-19,0.594543993473053,0.6030380129814148,0.5860509872436523,0.5860509872436523,0.5053724050521851,447401
2009-05-20,0.6370120048522949,0.670985996723175,0.6030380129814148,0.6200249791145325,0.5346693396568298,977218
2009-05-21,0.6200249791145325,0.6455050110816956,0.6200249791145325,0.6370120048522949,0.5493178367614746,1530582
2009-05-22,0.6200249791145325,0.6370120048522949,0.6115310192108154,0.6115310192108154,0.5273447036743164,447401
2009-05-25,0.6200249791145325,0.6200249791145325,0.6115310192108154,0.6115310192108154,0.5273447036743164,117737
2009-05-26,0.594543993473053,0.594543993473053,0.5775570273399353,0.5775570273399353,0.498047798871994,82415
2009-05-27,0.6370120048522949,0.6370120048522949,0.6115310192108154,0.6115310192108154,0.5273447036743164,2036852
2009-05-29,0.6200249791145325,0.6200249791145325,0.6200249791145325,0.6200249791145325,0.5346693396568298,0
2009-06-01,0.6624919772148132,0.6794790029525757,0.6624919772148132,0.670985996723175,0.5786148309707642,270795
2009-06-02,0.7134529948234558,0.7134529948234558,0.6879730224609375,0.6964660286903381,0.6005871891975403,188379
2009-06-03,0.7134529948234558,0.7219470143318176,0.7049599885940552,0.7049599885940552,0.6079118251800537,164831
2009-06-04,0.6794790029525757,0.6964660286903381,0.670985996723175,0.6964660286903381,0.6005871891975403,571025
2009-06-05,0.6794790029525757,0.7049599885940552,0.6794790029525757,0.7049599885940552,0.6079118251800537,117737
2009-06-08,0.6794790029525757,0.6964660286903381,0.6794790029525757,0.6964660286903381,0.6005871891975403,129510
2009-06-09,0.6624919772148132,0.6624919772148132,0.6624919772148132,0.6624919772148132,0.5712901949882507,153058
2009-06-10,0.6794790029525757,0.6794790029525757,0.6539989709854126,0.6794790029525757,0.5859386324882507,82415
2009-06-11,0.6794790029525757,0.6794790029525757,0.6794790029525757,0.6794790029525757,0.5859386324882507,23547
2009-06-12,0.6879730224609375,0.7304400205612183,0.6624919772148132,0.7304400205612183,0.6298841238021851,671101
2009-06-15,0.7474269866943359,0.7474269866943359,0.7304400205612183,0.7304400205612183,0.6298841238021851,188379
2009-06-16,0.6794790029525757,0.7219470143318176,0.6794790029525757,0.7219470143318176,0.6225603222846985,58868
2009-06-17,0.6964660286903381,0.6964660286903381,0.6794790029525757,0.6794790029525757,0.5859386324882507,211926
2009-06-18,0.7134529948234558,0.7644140124320984,0.7134529948234558,0.7644140124320984,0.6591811776161194,988991
2009-06-19,0.7559210062026978,0.7559210062026978,0.7304400205612183,0.7304400205612183,0.6298841238021851,117737
2009-06-22,0.7304400205612183,0.7304400205612183,0.7304400205612183,0.7304400205612183,0.6298841238021851,11773
2009-06-23,0.7304400205612183,0.7304400205612183,0.7304400205612183,0.7304400205612183,0.6298841238021851,58868
2009-06-24,0.7304400205612183,0.7304400205612183,0.7304400205612183,0.7304400205612183,0.6298841238021851,0
2009-06-25,0.7389339804649353,0.7389339804649353,0.7389339804649353,0.7389339804649353,0.6372088193893433,70642
2009-06-26,0.7389339804649353,0.7389339804649353,0.7389339804649353,0.7389339804649353,0.6372088193893433,0
2009-06-29,0.7474269866943359,0.7644140124320984,0.7389339804649353,0.7644140124320984,0.6591811776161194,412079
2009-06-30,0.7644140124320984,0.934283971786499,0.7644140124320984,0.9257910251617432,0.7983421683311462,1424619
2009-07-02,0.9852449893951416,1.0531929731369019,0.9852449893951416,1.0022319555282593,0.8642598986625671,1878201
2009-07-03,1.0022319555282593,1.0871670246124268,1.0022319555282593,1.0192190408706665,0.8789085149765015,1026667
2009-07-06,1.0192190408706665,1.0192190408706665,0.9852449893951416,1.010725975036621,0.8715846538543701,824159
2009-07-07,1.0192190408706665,1.0192190408706665,0.9852449893951416,1.0192190408706665,0.8789085149765015,202507
2009-07-08,1.0022319555282593,1.1636090278625488,0.9937390089035034,1.1636090278625488,1.0034210681915283,506269
2009-07-09,1.121140956878662,1.121140956878662,1.044700026512146,1.1041539907455444,0.9521510601043701,388532
2009-07-10,1.044700026512146,1.1041539907455444,1.0022319555282593,1.0192190408706665,0.8789085149765015,1036086
2009-07-13,0.9852449893951416,1.0022319555282593,0.8918169736862183,0.8918169736862183,0.7690452337265015,1189145
2009-07-14,0.8493490219116211,0.9088039994239807,0.823868989944458,0.8493490219116211,0.7324235439300537,906575
2009-07-15,0.9003099799156189,1.1466219425201416,0.9003099799156189,0.9597650170326233,0.8276392221450806,14081361
2009-07-16,1.010725975036621,1.010725975036621,0.934283971786499,0.9427779912948608,0.8129907846450806,2390063
2009-07-17,0.9257910251617432,0.9257910251617432,0.8663359880447388,0.8918169736862183,0.7690452337265015,1942662
2009-07-20,0.8918169736862183,0.9003099799156189,0.8663359880447388,0.8748300075531006,0.754396915435791,1342203
2009-07-21,0.8748300075531006,0.9003099799156189,0.8663359880447388,0.8748300075531006,0.754396915435791,788838
2009-07-22,0.9003099799156189,0.9003099799156189,0.8833230137825012,0.8918169736862183,0.7690452337265015,317890
2009-07-23,0.8663359880447388,0.8918169736862183,0.8493490219116211,0.8578429818153381,0.7397481203079224,1083181
2009-07-24,0.8493490219116211,0.8833230137825012,0.8408560156822205,0.8663359880447388,0.7470720410346985,659327
2009-07-27,0.8663359880447388,0.8663359880447388,0.8408560156822205,0.8663359880447388,0.7470720410346985,341437
2009-07-28,0.8663359880447388,0.8833230137825012,0.8663359880447388,0.8748300075531006,0.754396915435791,376758
2009-07-29,0.8918169736862183,0.9003099799156189,0.8493490219116211,0.8493490219116211,0.7324235439300537,423853
2009-07-30,0.8493490219116211,0.8663359880447388,0.7983880043029785,0.8068820238113403,0.6958028078079224,1236239
2009-07-31,0.823868989944458,0.8408560156822205,0.8068820238113403,0.8153749704360962,0.7031265497207642,1165597
2009-08-03,0.8153749704360962,0.823868989944458,0.8068820238113403,0.8068820238113403,0.6958028078079224,635780
2009-08-04,0.8068820238113403,0.8153749704360962,0.7219470143318176,0.7644140124320984,0.6591811776161194,2166363
2009-08-05,0.7729079723358154,0.7898949980735779,0.7729079723358154,0.7814009785652161,0.6738296747207642,518043
2009-08-06,0.7729079723358154,0.7729079723358154,0.7644140124320984,0.7644140124320984,0.6591811776161194,200153
2009-08-07,0.7814009785652161,0.7814009785652161,0.7389339804649353,0.7814009785652161,0.6738296747207642,1274504
2009-08-10,0.7983880043029785,0.8068820238113403,0.7983880043029785,0.7983880043029785,0.6884781122207642,496850
2009-08-11,0.7983880043029785,0.7983880043029785,0.7983880043029785,0.7983880043029785,0.6884781122207642,0
2009-08-12,0.7389339804649353,0.7814009785652161,0.7304400205612183,0.7814009785652161,0.6738296747207642,117737
2009-08-13,0.7474269866943359,0.7559210062026978,0.7389339804649353,0.7559210062026978,0.651857316493988,164831
2009-08-14,0.7474269866943359,0.7474269866943359,0.7474269866943359,0.7474269866943359,0.6445326805114746,117737
2009-08-17,0.6794790029525757,0.7134529948234558,0.6794790029525757,0.7049599885940552,0.6079118251800537,58868
2009-08-18,0.6794790029525757,0.6794790029525757,0.670985996723175,0.6794790029525757,0.5859386324882507,105963
2009-08-19,0.6794790029525757,0.6794790029525757,0.6115310192108154,0.6539989709854126,0.5639665126800537,282569
2009-08-20,0.6539989709854126,0.7049599885940552,0.6539989709854126,0.7049599885940552,0.6079118251800537,470948
2009-08-21,0.6794790029525757,0.6794790029525757,0.6794790029525757,0.6794790029525757,0.5859386324882507,70642
2009-08-24,0.6794790029525757,0.6794790029525757,0.6794790029525757,0.6794790029525757,0.5859386324882507,0
2009-08-25,0.6964660286903381,0.7134529948234558,0.6964660286903381,0.7134529948234558,0.6152356863021851,23547
2009-08-26,0.7474269866943359,0.8068820238113403,0.7474269866943359,0.7983880043029785,0.6884781122207642,494495
2009-08-27,0.7814009785652161,0.7983880043029785,0.7559210062026978,0.7729079723358154,0.6665058135986328,364985
2009-08-28,0.7644140124320984,0.7814009785652161,0.7644140124320984,0.7814009785652161,0.6738296747207642,58868
2009-08-31,0.7898949980735779,0.7898949980735779,0.7219470143318176,0.7219470143318176,0.6225603222846985,82415
2009-09-01,0.7219470143318176,0.7304400205612183,0.7219470143318176,0.7304400205612183,0.6298841238021851,35321
2009-09-02,0.7304400205612183,0.7304400205612183,0.7304400205612183,0.7304400205612183,0.6298841238021851,0
2009-09-03,0.8068820238113403,0.8068820238113403,0.7644140124320984,0.7898949980735779,0.6811543107032776,282569
2009-09-04,0.7983880043029785,0.8323619961738586,0.7898949980735779,0.823868989944458,0.7104514241218567,1130276
2009-09-07,0.823868989944458,0.823868989944458,0.7729079723358154,0.7814009785652161,0.6738296747207642,117737
2009-09-08,0.823868989944458,0.823868989944458,0.7983880043029785,0.7983880043029785,0.6884781122207642,23547
2009-09-09,0.8153749704360962,0.8153749704360962,0.7644140124320984,0.8068820238113403,0.6958028078079224,741743
2009-09-10,0.7814009785652161,0.7814009785652161,0.7814009785652161,0.7814009785652161,0.6738296747207642,58868
2009-09-11,0.7644140124320984,0.7644140124320984,0.7644140124320984,0.7644140124320984,0.6591811776161194,58868
2009-09-14,0.7304400205612183,0.7304400205612183,0.7304400205612183,0.7304400205612183,0.6298841238021851,70642
2009-09-15,0.7304400205612183,0.7304400205612183,0.7304400205612183,0.7304400205612183,0.6298841238021851,0
2009-09-16,0.8153749704360962,0.823868989944458,0.7814009785652161,0.7814009785652161,0.6738296747207642,82415
2009-09-17,0.7474269866943359,0.7644140124320984,0.7474269866943359,0.7644140124320984,0.6591811776161194,105963
2009-09-18,0.7474269866943359,0.7644140124320984,0.7474269866943359,0.7559210062026978,0.651857316493988,117737
2009-09-21,0.7219470143318176,0.7474269866943359,0.7219470143318176,0.7389339804649353,0.6372088193893433,229587
2009-09-22,0.7304400205612183,0.7389339804649353,0.6794790029525757,0.7304400205612183,0.6298841238021851,47094
2009-09-23,0.7304400205612183,0.7304400205612183,0.7304400205612183,0.7304400205612183,0.6298841238021851,0
2009-09-24,0.7049599885940552,0.7049599885940552,0.7049599885940552,0.7049599885940552,0.6079118251800537,11773
2009-09-25,0.6624919772148132,0.8068820238113403,0.6624919772148132,0.8068820238113403,0.6958028078079224,129510
2009-09-28,0.7729079723358154,0.8068820238113403,0.7644140124320984,0.8068820238113403,0.6958028078079224,176605
2009-09-29,0.7049599885940552,0.7219470143318176,0.6964660286903381,0.6964660286903381,0.6005871891975403,200153
2009-09-30,0.6964660286903381,0.6964660286903381,0.6964660286903381,0.6964660286903381,0.6005871891975403,94189
2009-10-02,0.6624919772148132,0.6964660286903381,0.6624919772148132,0.6964660286903381,0.6005871891975403,105963
2009-10-05,0.6964660286903381,0.6964660286903381,0.6964660286903381,0.6964660286903381,0.6005871891975403,0
2009-10-06,0.7219470143318176,0.7644140124320984,0.7219470143318176,0.7474269866943359,0.6445326805114746,235474
2009-10-07,0.6964660286903381,0.7389339804649353,0.6964660286903381,0.7219470143318176,0.6225603222846985,179549
2009-10-08,0.6964660286903381,0.7219470143318176,0.6964660286903381,0.7219470143318176,0.6225603222846985,329663
2009-10-09,0.6964660286903381,0.6964660286903381,0.6964660286903381,0.6964660286903381,0.6005871891975403,47094
2009-10-12,0.6964660286903381,0.6964660286903381,0.6964660286903381,0.6964660286903381,0.6005871891975403,23547
2009-10-13,0.6879730224609375,0.6964660286903381,0.6879730224609375,0.6964660286903381,0.6005871891975403,306116
2009-10-14,0.7219470143318176,0.7219470143318176,0.7219470143318176,0.7219470143318176,0.6225603222846985,23547
2009-10-15,0.6879730224609375,0.7219470143318176,0.6879730224609375,0.7049599885940552,0.6079118251800537,35321
2009-10-16,0.6624919772148132,0.7219470143318176,0.6624919772148132,0.6879730224609375,0.5932633876800537,164831
2009-10-19,0.6964660286903381,0.6964660286903381,0.6964660286903381,0.6964660286903381,0.6005871891975403,70642
2009-10-20,0.7049599885940552,0.7219470143318176,0.7049599885940552,0.7219470143318176,0.6225603222846985,576911
2009-10-21,0.7049599885940552,0.7049599885940552,0.7049599885940552,0.7049599885940552,0.6079118251800537,11773
2009-10-22,0.7559210062026978,0.7644140124320984,0.7474269866943359,0.7474269866943359,0.6445326805114746,259021
2009-10-23,0.7474269866943359,0.7474269866943359,0.7474269866943359,0.7474269866943359,0.6445326805114746,0
2009-10-27,0.7304400205612183,0.7389339804649353,0.7049599885940552,0.7389339804649353,0.6372088193893433,153058
2009-10-28,0.7898949980735779,0.8408560156822205,0.7304400205612183,0.8408560156822205,0.7250998020172119,1542356
2009-10-29,0.8323619961738586,0.8408560156822205,0.7474269866943359,0.8408560156822205,0.7250998020172119,341437
2009-10-30,0.8408560156822205,0.8918169736862183,0.8408560156822205,0.8493490219116211,0.7324235439300537,1589451
2009-11-02,0.823868989944458,0.823868989944458,0.823868989944458,0.823868989944458,0.7104514241218567,153058
2009-11-03,0.8408560156822205,0.8833230137825012,0.7983880043029785,0.7983880043029785,0.6884781122207642,600459
2009-11-04,0.8323619961738586,0.8323619961738586,0.8323619961738586,0.8323619961738586,0.7177751660346985,58868
2009-11-05,0.7898949980735779,0.8323619961738586,0.7898949980735779,0.823868989944458,0.7104514241218567,259021
2009-11-06,0.823868989944458,0.8493490219116211,0.823868989944458,0.8493490219116211,0.7324235439300537,229587
2009-11-09,0.9088039994239807,0.9088039994239807,0.8153749704360962,0.8153749704360962,0.7031265497207642,412079
2009-11-10,0.8153749704360962,0.8578429818153381,0.7983880043029785,0.8408560156822205,0.7250998020172119,541590
2009-11-11,0.8748300075531006,1.2485439777374268,0.8748300075531006,1.1890889406204224,1.0253936052322388,26181795
2009-11-12,1.1890889406204224,1.231557011604309,1.1041539907455444,1.155115008354187,0.9960964322090149,6231237
2009-11-13,1.0871670246124268,1.1466219425201416,1.044700026512146,1.044700026512146,0.9008815884590149,1927945
2009-11-16,1.070180058479309,1.1041539907455444,0.9597650170326233,0.9937390089035034,0.8569362163543701,1389298
2009-11-17,0.9512709975242615,1.0616869926452637,0.9512709975242615,1.0362060070037842,0.8935569524765015,1377524
2009-11-18,1.0362060070037842,1.0362060070037842,0.976751983165741,1.010725975036621,0.8715846538543701,941897
2009-11-19,0.9937390089035034,1.121140956878662,0.9937390089035034,1.0956610441207886,0.9448271989822388,1353977
2009-11-20,1.044700026512146,1.0531929731369019,1.010725975036621,1.0277129411697388,0.8862331509590149,1385177
2009-11-23,1.0616869926452637,1.0616869926452637,1.0022319555282593,1.010725975036621,0.8715846538543701,506269
2009-11-24,1.0362060070037842,1.0362060070037842,0.9682580232620239,0.976751983165741,0.8422877192497253,235474
2009-11-25,0.976751983165741,0.976751983165741,0.8918169736862183,0.9512709975242615,0.8203144669532776,835933
2009-11-26,0.8918169736862183,0.976751983165741,0.8493490219116211,0.8748300075531006,0.754396915435791,1475546
2009-11-27,0.8408560156822205,0.8408560156822205,0.7814009785652161,0.7983880043029785,0.6884781122207642,812386
2009-11-30,0.8748300075531006,0.976751983165741,0.8493490219116211,0.9682580232620239,0.8349630236625671,1966210
2009-12-01,0.9682580232620239,1.010725975036621,0.9172970056533813,0.9682580232620239,0.8349630236625671,1942662
2009-12-02,0.934283971786499,1.1805959939956665,0.934283971786499,1.0616869926452637,0.9155300855636597,9042212
2009-12-03,1.0786739587783813,1.129634976387024,1.0786739587783813,1.1041539907455444,0.9521510601043701,2331195
2009-12-04,1.0786739587783813,1.121140956878662,1.070180058479309,1.1041539907455444,0.9521510601043701,1342203
2009-12-07,1.1041539907455444,1.121140956878662,1.0616869926452637,1.070180058479309,0.9228538870811462,1436393
2009-12-08,1.0616869926452637,1.129634976387024,1.0616869926452637,1.0871670246124268,0.9375024437904358,1954436
2009-12-09,1.070180058479309,1.155115008354187,1.070180058479309,1.1041539907455444,0.9521510601043701,2437158
2009-12-10,1.121140956878662,1.121140956878662,1.010725975036621,1.0192190408706665,0.8789085149765015,2025078
2009-12-11,1.0192190408706665,1.0956610441207886,0.9937390089035034,1.0192190408706665,0.8789085149765015,612233
2009-12-14,1.0192190408706665,1.0531929731369019,1.0022319555282593,1.0192190408706665,0.8789085149765015,364985
2009-12-15,0.9682580232620239,0.9852449893951416,0.9682580232620239,0.976751983165741,0.8422877192497253,270795
2009-12-16,0.976751983165741,0.976751983165741,0.934283971786499,0.9512709975242615,0.8203144669532776,372049
2009-12-17,0.9512709975242615,0.9512709975242615,0.8748300075531006,0.8918169736862183,0.7690452337265015,400306
2009-12-18,0.8493490219116211,0.8918169736862183,0.8153749704360962,0.8918169736862183,0.7690452337265015,1047860
2009-12-21,0.9172970056533813,0.9172970056533813,0.8578429818153381,0.8578429818153381,0.7397481203079224,117737
2009-12-22,0.9172970056533813,0.9172970056533813,0.8663359880447388,0.8663359880447388,0.7470720410346985,329663
2009-12-23,0.8323619961738586,0.976751983165741,0.8323619961738586,0.9427779912948608,0.8129907846450806,612233
2009-12-24,0.9682580232620239,0.9682580232620239,0.934283971786499,0.934283971786499,0.8056660294532776,323777
2009-12-28,0.9682580232620239,0.9682580232620239,0.8918169736862183,0.9003099799156189,0.776369035243988,141284
2009-12-29,0.8918169736862183,0.8918169736862183,0.8663359880447388,0.8748300075531006,0.754396915435791,223700
2009-12-30,0.9003099799156189,1.070180058479309,0.9003099799156189,1.0362060070037842,0.8935569524765015,6828753
2009-12-31,1.0616869926452637,1.0871670246124268,0.9427779912948608,0.9937390089035034,0.8569362163543701,2849238
2010-01-04,1.0192190408706665,1.0192190408706665,0.934283971786499,0.9937390089035034,0.8569362163543701,4509332
2010-01-05,1.0192190408706665,1.0192190408706665,0.9682580232620239,1.0022319555282593,0.8642598986625671,2413611
2010-01-06,1.0022319555282593,1.0192190408706665,0.9597650170326233,0.9597650170326233,0.8276392221450806,2213458
2010-01-07,0.9597650170326233,0.9682580232620239,0.934283971786499,0.9597650170326233,0.8276392221450806,2543122
2010-01-08,0.9682580232620239,0.9682580232620239,0.9172970056533813,0.9512709975242615,0.8203144669532776,1954436
2010-01-11,0.9597650170326233,0.9597650170326233,0.9088039994239807,0.9088039994239807,0.7836937308311462,2766822
2010-01-12,0.9088039994239807,0.9597650170326233,0.9088039994239807,0.9597650170326233,0.8276392221450806,2083947
2010-01-13,0.9597650170326233,0.9597650170326233,0.934283971786499,0.9427779912948608,0.8129907846450806,1283334
2010-01-14,0.9597650170326233,0.9597650170326233,0.9257910251617432,0.9257910251617432,0.7983421683311462,1542356
2010-01-15,0.934283971786499,0.9597650170326233,0.9172970056533813,0.9257910251617432,0.7983421683311462,1612998
2010-01-18,0.9682580232620239,1.010725975036621,0.9512709975242615,0.976751983165741,0.8422877192497253,8265146
2010-01-19,1.0022319555282593,1.0022319555282593,0.9257910251617432,0.934283971786499,0.8056660294532776,5698477
2010-01-20,0.9427779912948608,0.9682580232620239,0.9257910251617432,0.9427779912948608,0.8129907846450806,4579974
2010-01-21,0.9512709975242615,0.9512709975242615,0.8918169736862183,0.9003099799156189,0.776369035243988,2119268
2010-01-22,0.9088039994239807,0.9088039994239807,0.7983880043029785,0.8493490219116211,0.7324235439300537,3461471
2010-01-25,0.8578429818153381,0.8833230137825012,0.8493490219116211,0.8663359880447388,0.7470720410346985,659327
2010-01-26,0.9088039994239807,0.9088039994239807,0.8153749704360962,0.8323619961738586,0.7177751660346985,1730735
2010-01-27,0.8578429818153381,0.8578429818153381,0.8153749704360962,0.8408560156822205,0.7250998020172119,588685
2010-01-28,0.8578429818153381,0.8578429818153381,0.8153749704360962,0.8408560156822205,0.7250998020172119,317890
2010-01-29,0.8323619961738586,0.8578429818153381,0.8068820238113403,0.8578429818153381,0.7397481203079224,718196
2010-02-01,0.8578429818153381,0.8833230137825012,0.823868989944458,0.8323619961738586,0.7177751660346985,211926
2010-02-02,0.8578429818153381,0.8663359880447388,0.8408560156822205,0.8578429818153381,0.7397481203079224,482722
2010-02-03,0.8833230137825012,0.8833230137825012,0.8323619961738586,0.8493490219116211,0.7324235439300537,706422
2010-02-04,0.8408560156822205,0.8408560156822205,0.8323619961738586,0.8408560156822205,0.7250998020172119,200153
2010-02-05,0.8153749704360962,0.8153749704360962,0.7729079723358154,0.7983880043029785,0.6884781122207642,694649
2010-02-08,0.7729079723358154,0.7983880043029785,0.7729079723358154,0.7983880043029785,0.6884781122207642,117737
2010-02-09,0.8323619961738586,0.8323619961738586,0.7644140124320984,0.7898949980735779,0.6811543107032776,223700
2010-02-10,0.7898949980735779,0.8068820238113403,0.7898949980735779,0.8068820238113403,0.6958028078079224,141284
2010-02-11,0.8153749704360962,0.8153749704360962,0.7983880043029785,0.7983880043029785,0.6884781122207642,235474
2010-02-12,0.8068820238113403,0.8068820238113403,0.7983880043029785,0.7983880043029785,0.6884781122207642,94189
2010-02-17,0.8068820238113403,0.8153749704360962,0.8068820238113403,0.8153749704360962,0.7031265497207642,223700
2010-02-18,0.7898949980735779,0.7898949980735779,0.7898949980735779,0.7898949980735779,0.6811543107032776,164831
2010-02-19,0.7729079723358154,0.7729079723358154,0.7644140124320984,0.7729079723358154,0.6665058135986328,317890
2010-02-22,0.7729079723358154,0.7814009785652161,0.7729079723358154,0.7814009785652161,0.6738296747207642,82415
2010-02-23,0.7644140124320984,0.7814009785652161,0.7644140124320984,0.7644140124320984,0.6591811776161194,226055
2010-02-24,0.7474269866943359,0.7644140124320984,0.7474269866943359,0.7644140124320984,0.6591811776161194,247247
2010-02-25,0.7644140124320984,0.7644140124320984,0.7559210062026978,0.7559210062026978,0.651857316493988,211926
2010-02-26,0.7729079723358154,0.823868989944458,0.7729079723358154,0.8068820238113403,0.6958028078079224,835933
2010-03-01,0.8153749704360962,0.8323619961738586,0.8068820238113403,0.8323619961738586,0.7177751660346985,364985
2010-03-02,0.8153749704360962,0.8153749704360962,0.8153749704360962,0.8153749704360962,0.7031265497207642,35321
2010-03-03,0.8068820238113403,0.8918169736862183,0.8068820238113403,0.8408560156822205,0.7250998020172119,788838
2010-03-04,0.8408560156822205,0.8493490219116211,0.823868989944458,0.823868989944458,0.7104514241218567,388532
2010-03-05,0.823868989944458,0.8493490219116211,0.8068820238113403,0.823868989944458,0.7104514241218567,2319421
2010-03-08,0.823868989944458,0.8663359880447388,0.8153749704360962,0.8663359880447388,0.7470720410346985,1306882
2010-03-09,0.8408560156822205,0.8408560156822205,0.8408560156822205,0.8408560156822205,0.7250998020172119,694649
2010-03-10,0.823868989944458,0.823868989944458,0.7814009785652161,0.7898949980735779,0.6811543107032776,2554895
2010-03-11,0.7898949980735779,0.7983880043029785,0.7644140124320984,0.7898949980735779,0.6811543107032776,2507801
2010-03-12,0.7814009785652161,0.7898949980735779,0.7559210062026978,0.7559210062026978,0.651857316493988,10831816
2010-03-15,0.7559210062026978,0.7644140124320984,0.7474269866943359,0.7559210062026978,0.651857316493988,2036852
2010-03-16,0.7644140124320984,0.7814009785652161,0.7644140124320984,0.7644140124320984,0.6591811776161194,9572029
2010-03-17,0.7814009785652161,0.8323619961738586,0.7729079723358154,0.823868989944458,0.7104514241218567,14222646
2010-03-18,0.8153749704360962,0.8323619961738586,0.7983880043029785,0.8068820238113403,0.6958028078079224,10196036
2010-03-19,0.8068820238113403,0.8153749704360962,0.7898949980735779,0.8068820238113403,0.6958028078079224,4109026
2010-03-22,0.8068820238113403,0.8748300075531006,0.8068820238113403,0.8578429818153381,0.7397481203079224,14587631
2010-03-23,0.8663359880447388,0.8663359880447388,0.823868989944458,0.8323619961738586,0.7177751660346985,2707954
2010-03-24,0.8323619961738586,0.8578429818153381,0.8068820238113403,0.8153749704360962,0.7031265497207642,2189910
2010-03-25,0.8068820238113403,0.823868989944458,0.7983880043029785,0.8153749704360962,0.7031265497207642,1942662
2010-03-26,0.8323619961738586,0.8323619961738586,0.8068820238113403,0.823868989944458,0.7104514241218567,1227409
2010-03-29,0.823868989944458,0.8323619961738586,0.8153749704360962,0.8153749704360962,0.7031265497207642,1777830
2010-03-30,0.8408560156822205,0.8408560156822205,0.8153749704360962,0.8153749704360962,0.7031265497207642,894802
2010-03-31,0.823868989944458,0.823868989944458,0.7898949980735779,0.7898949980735779,0.6811543107032776,1189145
2010-04-01,0.7983880043029785,0.8068820238113403,0.7729079723358154,0.7898949980735779,0.6811543107032776,1612998
2010-04-07,0.7729079723358154,0.823868989944458,0.7729079723358154,0.8153749704360962,0.7031265497207642,2531348
2010-04-08,0.823868989944458,0.823868989944458,0.8068820238113403,0.8068820238113403,0.6958028078079224,588685
2010-04-09,0.8408560156822205,0.8408560156822205,0.8068820238113403,0.8153749704360962,0.7031265497207642,1047860
2010-04-12,0.8408560156822205,0.8578429818153381,0.8153749704360962,0.8153749704360962,0.7031265497207642,5886856
2010-04-13,0.8323619961738586,0.934283971786499,0.8323619961738586,0.9257910251617432,0.7983421683311462,16718673
2010-04-14,0.934283971786499,0.934283971786499,0.8918169736862183,0.8918169736862183,0.7690452337265015,3873551
2010-04-15,0.8918169736862183,0.9257910251617432,0.8833230137825012,0.9172970056533813,0.7910175323486328,3944194
2010-04-16,0.934283971786499,0.9512709975242615,0.9088039994239807,0.9172970056533813,0.7910175323486328,4285631
2010-04-19,0.934283971786499,0.934283971786499,0.8833230137825012,0.9172970056533813,0.7910175323486328,3461471
2010-04-20,0.9003099799156189,0.9003099799156189,0.8153749704360962,0.823868989944458,0.7104514241218567,8206278
2010-04-21,0.8493490219116211,0.8493490219116211,0.8153749704360962,0.8408560156822205,0.7250998020172119,3084712
2010-04-22,0.8493490219116211,0.8748300075531006,0.8493490219116211,0.8493490219116211,0.7324235439300537,1624772
2010-04-23,0.8748300075531006,0.9088039994239807,0.8578429818153381,0.8918169736862183,0.7690452337265015,3944194
2010-04-26,0.9003099799156189,0.9172970056533813,0.8663359880447388,0.8663359880447388,0.7470720410346985,2896333
2010-04-27,0.8493490219116211,0.9003099799156189,0.8493490219116211,0.8663359880447388,0.7470720410346985,1424619
2010-04-28,0.8493490219116211,0.8578429818153381,0.8408560156822205,0.8408560156822205,0.7250998020172119,1224466
2010-04-29,0.8493490219116211,0.8493490219116211,0.823868989944458,0.823868989944458,0.7104514241218567,1401071
2010-04-30,0.8068820238113403,0.8408560156822205,0.8068820238113403,0.8153749704360962,0.7031265497207642,800612
2010-05-03,0.8068820238113403,0.8323619961738586,0.8068820238113403,0.823868989944458,0.7104514241218567,1073762
2010-05-04,0.8153749704360962,0.823868989944458,0.8068820238113403,0.8153749704360962,0.7031265497207642,687290
2010-05-05,0.8068820238113403,0.8068820238113403,0.7644140124320984,0.7814009785652161,0.6738296747207642,2319421
2010-05-06,0.7814009785652161,0.7814009785652161,0.6794790029525757,0.7389339804649353,0.6372088193893433,2755048
2010-05-07,0.7134529948234558,0.7644140124320984,0.7134529948234558,0.7389339804649353,0.6372088193893433,1165597
2010-05-10,0.7559210062026978,0.7559210062026978,0.7219470143318176,0.7304400205612183,0.6298841238021851,576911
2010-05-11,0.7474269866943359,0.7474269866943359,0.7219470143318176,0.7389339804649353,0.6372088193893433,459174
2010-05-12,0.7219470143318176,0.7219470143318176,0.7134529948234558,0.7134529948234558,0.6152356863021851,317890
2010-05-13,0.7219470143318176,0.7474269866943359,0.6964660286903381,0.7304400205612183,0.6298841238021851,1660682
2010-05-14,0.7134529948234558,0.7304400205612183,0.7134529948234558,0.7134529948234558,0.6152356863021851,129510
2010-05-17,0.6964660286903381,0.6964660286903381,0.6879730224609375,0.6964660286903381,0.6005871891975403,94189
2010-05-18,0.6879730224609375,0.7134529948234558,0.6879730224609375,0.7134529948234558,0.6152356863021851,529817
2010-05-19,0.7134529948234558,0.7134529948234558,0.6115310192108154,0.6285179853439331,0.541993260383606,545122
2010-05-20,0.6370120048522949,0.6539989709854126,0.5775570273399353,0.6539989709854126,0.5639665126800537,635780
2010-05-24,0.6539989709854126,0.6539989709854126,0.6030380129814148,0.6539989709854126,0.5639665126800537,835933
2010-05-25,0.6539989709854126,0.6539989709854126,0.594543993473053,0.594543993473053,0.5126963257789612,1989757
2010-05-26,0.594543993473053,0.594543993473053,0.5520769953727722,0.5605700016021729,0.48339927196502686,1036086
2010-05-27,0.5775570273399353,0.6030380129814148,0.5690640211105347,0.5860509872436523,0.5053724050521851,1589451
2010-05-28,0.6200249791145325,0.7049599885940552,0.6200249791145325,0.6539989709854126,0.5639665126800537,1718962
2010-05-31,0.6539989709854126,0.6624919772148132,0.6285179853439331,0.6370120048522949,0.5493178367614746,741743
2010-06-01,0.6200249791145325,0.6539989709854126,0.6200249791145325,0.6200249791145325,0.5346693396568298,871254
2010-06-02,0.6115310192108154,0.6370120048522949,0.6115310192108154,0.6285179853439331,0.541993260383606,447401
2010-06-03,0.6370120048522949,0.6455050110816956,0.6370120048522949,0.6455050110816956,0.5566418170928955,388532
2010-06-04,0.6455050110816956,0.6539989709854126,0.6455050110816956,0.6455050110816956,0.5566418170928955,388532
2010-06-07,0.5775570273399353,0.594543993473053,0.5775570273399353,0.594543993473053,0.5126963257789612,117737
2010-06-08,0.594543993473053,0.594543993473053,0.594543993473053,0.594543993473053,0.5126963257789612,23547
2010-06-09,0.594543993473053,0.6115310192108154,0.594543993473053,0.594543993473053,0.5126963257789612,47094
2010-06-10,0.6285179853439331,0.6285179853439331,0.6030380129814148,0.6030380129814148,0.5200209617614746,0
2010-06-11,0.6285179853439331,0.6285179853439331,0.6030380129814148,0.6030380129814148,0.5200209617614746,105963
2010-06-14,0.6200249791145325,0.6285179853439331,0.6200249791145325,0.6285179853439331,0.541993260383606,176605
2010-06-15,0.6370120048522949,0.6370120048522949,0.6370120048522949,0.6370120048522949,0.5493178367614746,58868
2010-06-17,0.6115310192108154,0.6285179853439331,0.6115310192108154,0.6285179853439331,0.541993260383606,353211
2010-06-18,0.6030380129814148,0.6115310192108154,0.594543993473053,0.594543993473053,0.5126963257789612,247247
2010-06-21,0.594543993473053,0.6200249791145325,0.594543993473053,0.6200249791145325,0.5346693396568298,871254
2010-06-22,0.6115310192108154,0.6200249791145325,0.6115310192108154,0.6200249791145325,0.5346693396568298,729970
2010-06-23,0.6200249791145325,0.6200249791145325,0.594543993473053,0.6115310192108154,0.5273447036743164,753517
2010-06-24,0.6200249791145325,0.6200249791145325,0.6115310192108154,0.6200249791145325,0.5346693396568298,588685
2010-06-25,0.6200249791145325,0.6200249791145325,0.6200249791145325,0.6200249791145325,0.5346693396568298,82415
2010-06-28,0.594543993473053,0.594543993473053,0.5775570273399353,0.5860509872436523,0.5053724050521851,941897
2010-06-29,0.594543993473053,0.594543993473053,0.5775570273399353,0.5775570273399353,0.498047798871994,341437
2010-06-30,0.5690640211105347,0.5860509872436523,0.5690640211105347,0.5860509872436523,0.5053724050521851,176605
2010-07-02,0.594543993473053,0.594543993473053,0.5775570273399353,0.5775570273399353,0.498047798871994,270795
2010-07-05,0.5775570273399353,0.5775570273399353,0.5775570273399353,0.5775570273399353,0.498047798871994,223700
2010-07-06,0.5775570273399353,0.5775570273399353,0.5775570273399353,0.5775570273399353,0.498047798871994,223700
2010-07-07,0.5775570273399353,0.5775570273399353,0.5775570273399353,0.5775570273399353,0.498047798871994,11773
2010-07-08,0.5605700016021729,0.5775570273399353,0.5605700016021729,0.5690640211105347,0.4907238781452179,682875
2010-07-09,0.5775570273399353,0.5775570273399353,0.5775570273399353,0.5775570273399353,0.498047798871994,141284
2010-07-12,0.5775570273399353,0.5860509872436523,0.5775570273399353,0.5860509872436523,0.5053724050521851,58868
2010-07-13,0.5860509872436523,0.6030380129814148,0.5860509872436523,0.5860509872436523,0.5053724050521851,47094
2010-07-14,0.5860509872436523,0.5860509872436523,0.5775570273399353,0.5775570273399353,0.498047798871994,223700
2010-07-15,0.5775570273399353,0.5775570273399353,0.5605700016021729,0.5690640211105347,0.4907238781452179,565138
2010-07-16,0.5605700016021729,0.5690640211105347,0.5520769953727722,0.5690640211105347,0.4907238781452179,423853
2010-07-19,0.5605700016021729,0.5605700016021729,0.5350900292396545,0.5350900292396545,0.4614269435405731,47094
2010-07-20,0.5775570273399353,0.5775570273399353,0.5520769953727722,0.5520769953727722,0.47607553005218506,0
2010-07-21,0.5775570273399353,0.5775570273399353,0.5605700016021729,0.5605700016021729,0.48339927196502686,23547
2010-07-22,0.6200249791145325,0.6285179853439331,0.594543993473053,0.594543993473053,0.5126963257789612,482722
2010-07-23,0.594543993473053,0.594543993473053,0.5775570273399353,0.5860509872436523,0.5053724050521851,341437
2010-07-26,0.5605700016021729,0.5605700016021729,0.5605700016021729,0.5605700016021729,0.48339927196502686,23547
2010-07-27,0.5690640211105347,0.5690640211105347,0.5690640211105347,0.5690640211105347,0.4907238781452179,23547
2010-07-28,0.594543993473053,0.594543993473053,0.5775570273399353,0.5775570273399353,0.498047798871994,200153
2010-07-29,0.5860509872436523,0.6455050110816956,0.5860509872436523,0.6115310192108154,0.5273447036743164,800612
2010-07-30,0.6115310192108154,0.6115310192108154,0.6030380129814148,0.6030380129814148,0.5200209617614746,235474
2010-08-02,0.6200249791145325,0.6285179853439331,0.6115310192108154,0.6200249791145325,0.5346693396568298,317890
2010-08-03,0.6200249791145325,0.6200249791145325,0.6115310192108154,0.6200249791145325,0.5346693396568298,317890
2010-08-04,0.6030380129814148,0.6030380129814148,0.6030380129814148,0.6030380129814148,0.5200209617614746,11773
2010-08-05,0.6285179853439331,0.6285179853439331,0.6200249791145325,0.6200249791145325,0.5346693396568298,47118
2010-08-06,0.6030380129814148,0.6030380129814148,0.6030380129814148,0.6030380129814148,0.5200209617614746,211926
2010-08-09,0.6030380129814148,0.6030380129814148,0.6030380129814148,0.6030380129814148,0.5200209617614746,23547
2010-08-10,0.6030380129814148,0.6115310192108154,0.6030380129814148,0.6030380129814148,0.5200209617614746,376758
2010-08-11,0.594543993473053,0.6030380129814148,0.594543993473053,0.594543993473053,0.5126963257789612,82415
2010-08-12,0.594543993473053,0.594543993473053,0.5775570273399353,0.5775570273399353,0.498047798871994,0
2010-08-13,0.5860509872436523,0.594543993473053,0.5860509872436523,0.594543993473053,0.5126963257789612,117737
2010-08-16,0.5605700016021729,0.5860509872436523,0.5605700016021729,0.5775570273399353,0.498047798871994,282569
2010-08-17,0.5860509872436523,0.5860509872436523,0.5860509872436523,0.5860509872436523,0.5053724050521851,82415
2010-08-18,0.5690640211105347,0.5860509872436523,0.5690640211105347,0.5860509872436523,0.5053724050521851,482722
2010-08-19,0.6285179853439331,0.6285179853439331,0.594543993473053,0.594543993473053,0.5126963257789612,294342
2010-08-20,0.594543993473053,0.594543993473053,0.5775570273399353,0.5775570273399353,0.498047798871994,376758
2010-08-23,0.5690640211105347,0.594543993473053,0.5690640211105347,0.594543993473053,0.5126963257789612,35321
2010-08-24,0.594543993473053,0.594543993473053,0.5775570273399353,0.594543993473053,0.5126963257789612,164831
2010-08-25,0.5860509872436523,0.5860509872436523,0.5775570273399353,0.5775570273399353,0.498047798871994,141284
2010-08-26,0.5690640211105347,0.5690640211105347,0.5690640211105347,0.5690640211105347,0.4907238781452179,153058
2010-08-27,0.5860509872436523,0.5860509872436523,0.5860509872436523,0.5860509872436523,0.5053724050521851,35321
2010-08-30,0.5860509872436523,0.6030380129814148,0.5775570273399353,0.594543993473053,0.5126963257789612,353211
2010-08-31,0.5690640211105347,0.594543993473053,0.5690640211105347,0.594543993473053,0.5126963257789612,47094
2010-09-01,0.594543993473053,0.594543993473053,0.594543993473053,0.594543993473053,0.5126963257789612,35321
2010-09-02,0.594543993473053,0.6370120048522949,0.594543993473053,0.6285179853439331,0.541993260383606,824159
2010-09-03,0.6200249791145325,0.6370120048522949,0.6200249791145325,0.6370120048522949,0.5493178367614746,459174
2010-09-06,0.6539989709854126,0.6964660286903381,0.6539989709854126,0.6624919772148132,0.5712901949882507,800612
2010-09-07,0.6879730224609375,0.6879730224609375,0.6285179853439331,0.6370120048522949,0.5493178367614746,447401
2010-09-08,0.6285179853439331,0.6285179853439331,0.6200249791145325,0.6200249791145325,0.5346693396568298,306116
2010-09-09,0.6370120048522949,0.6539989709854126,0.6285179853439331,0.6285179853439331,0.541993260383606,259021
2010-09-10,0.6370120048522949,0.670985996723175,0.5860509872436523,0.6030380129814148,0.5200209617614746,5156886
2010-09-13,0.6115310192108154,0.6455050110816956,0.6115310192108154,0.6285179853439331,0.541993260383606,2000353
2010-09-14,0.6285179853439331,0.6370120048522949,0.6200249791145325,0.6285179853439331,0.541993260383606,412079
2010-09-15,0.6115310192108154,0.6115310192108154,0.6115310192108154,0.6115310192108154,0.5273447036743164,188379
2010-09-16,0.6030380129814148,0.6200249791145325,0.6030380129814148,0.6115310192108154,0.5273447036743164,105963
2010-09-17,0.6370120048522949,0.6455050110816956,0.6200249791145325,0.6370120048522949,0.5493178367614746,1342203
2010-09-20,0.6455050110816956,0.6539989709854126,0.6285179853439331,0.6285179853439331,0.541993260383606,847707
2010-09-21,0.6285179853439331,0.6285179853439331,0.6200249791145325,0.6285179853439331,0.541993260383606,459174
2010-09-22,0.6200249791145325,0.6455050110816956,0.6200249791145325,0.6285179853439331,0.541993260383606,541590
2010-09-24,0.6285179853439331,0.6370120048522949,0.6285179853439331,0.6285179853439331,0.541993260383606,353211
2010-09-27,0.6370120048522949,0.6624919772148132,0.6370120048522949,0.6455050110816956,0.5566418170928955,1318655
2010-09-28,0.6539989709854126,0.6539989709854126,0.6285179853439331,0.6370120048522949,0.5493178367614746,506269
2010-09-29,0.6370120048522949,0.7304400205612183,0.6370120048522949,0.7049599885940552,0.6079118251800537,7853066
2010-09-30,0.7134529948234558,0.7474269866943359,0.6964660286903381,0.7219470143318176,0.6225603222846985,9242365
2010-10-04,0.7389339804649353,0.7389339804649353,0.6879730224609375,0.6879730224609375,0.5932633876800537,2460706
2010-10-05,0.6794790029525757,0.6794790029525757,0.6539989709854126,0.6539989709854126,0.5639665126800537,1695414
2010-10-06,0.670985996723175,0.670985996723175,0.6370120048522949,0.6624919772148132,0.5712901949882507,2295874
2010-10-07,0.6455050110816956,0.6624919772148132,0.6370120048522949,0.6455050110816956,0.5566418170928955,930123
2010-10-08,0.6455050110816956,0.6624919772148132,0.6370120048522949,0.6539989709854126,0.5639665126800537,1200918
2010-10-11,0.6624919772148132,0.6624919772148132,0.6285179853439331,0.6285179853439331,0.541993260383606,1165597
2010-10-12,0.6285179853439331,0.6455050110816956,0.6285179853439331,0.6370120048522949,0.5493178367614746,1883794
2010-10-13,0.6539989709854126,0.6539989709854126,0.6370120048522949,0.6370120048522949,0.5493178367614746,470948
2010-10-14,0.6539989709854126,0.6624919772148132,0.6455050110816956,0.6539989709854126,0.5639665126800537,682875
2010-10-15,0.6624919772148132,0.6879730224609375,0.6539989709854126,0.6794790029525757,0.5859386324882507,2131042
2010-10-18,0.6964660286903381,0.7049599885940552,0.6794790029525757,0.6964660286903381,0.6005871891975403,3720493
2010-10-19,0.6964660286903381,0.7049599885940552,0.6879730224609375,0.6964660286903381,0.6005871891975403,1059634
2010-10-20,0.6794790029525757,0.6964660286903381,0.6624919772148132,0.6879730224609375,0.5932633876800537,1295108
2010-10-21,0.6879730224609375,0.7134529948234558,0.6794790029525757,0.7049599885940552,0.6079118251800537,1761963
2010-10-22,0.7134529948234558,1.3589589595794678,0.7134529948234558,1.2910109758377075,1.1132845878601074,124356318
2010-10-25,1.2995049953460693,1.34197199344635,1.0362060070037842,1.0956610441207886,0.9448271989822388,57015385
2010-10-26,1.0956610441207886,1.375946044921875,1.0956610441207886,1.2145700454711914,1.0473666191101074,95892776
2010-10-27,1.1975829601287842,1.3249850273132324,1.1721019744873047,1.2740240097045898,1.0986356735229492,21487027
2010-10-28,1.2570370435714722,1.2740240097045898,1.1805959939956665,1.1975829601287842,1.0327179431915283,7136636
2010-10-29,1.2570370435714722,1.2740240097045898,1.1805959939956665,1.1975829601287842,1.0327179431915283,8218052
2010-11-01,1.1975829601287842,1.2485439777374268,1.1381280422210693,1.155115008354187,0.9960964322090149,5992820
2010-11-02,1.1381280422210693,1.1975829601287842,1.121140956878662,1.129634976387024,0.974124014377594,5286397
2010-11-03,1.1466219425201416,1.2740240097045898,1.129634976387024,1.1975829601287842,1.0327179431915283,15482433
2010-11-04,1.2230629920959473,1.231557011604309,1.1636090278625488,1.1805959939956665,1.0180693864822388,4061931
2010-11-05,1.2145700454711914,1.2145700454711914,1.1636090278625488,1.1636090278625488,1.0034210681915283,3393772
2010-11-08,1.1890889406204224,1.231557011604309,1.1466219425201416,1.1805959939956665,1.0180693864822388,8809681
2010-11-09,1.1805959939956665,1.231557011604309,1.1721019744873047,1.1805959939956665,1.0180693864822388,6640374
2010-11-10,1.1890889406204224,1.2485439777374268,1.155115008354187,1.1636090278625488,1.0034210681915283,15235185
2010-11-11,1.1805959939956665,1.1890889406204224,1.129634976387024,1.1381280422210693,0.9814477562904358,5298171
2010-11-12,1.1381280422210693,1.1381280422210693,1.070180058479309,1.0956610441207886,0.9448271989822388,4709485
2010-11-15,1.1041539907455444,1.129634976387024,0.9937390089035034,1.0362060070037842,0.8935569524765015,3744040
2010-11-16,1.0192190408706665,1.0956610441207886,1.0192190408706665,1.0362060070037842,0.8935569524765015,4144347
2010-11-17,1.010725975036621,1.0362060070037842,0.934283971786499,0.9597650170326233,0.8276392221450806,2707954
2010-11-18,0.9597650170326233,1.010725975036621,0.9597650170326233,0.9937390089035034,0.8569362163543701,2201684
2010-11-19,1.044700026512146,1.2060760259628296,1.044700026512146,1.121140956878662,0.9667993783950806,23865317
2010-11-22,1.0277129411697388,1.044700026512146,0.9682580232620239,1.010725975036621,0.8715846538543701,5757345
2010-11-23,1.0022319555282593,1.0022319555282593,0.9597650170326233,0.9597650170326233,0.8276392221450806,5486550
2010-11-24,0.9852449893951416,1.0277129411697388,0.976751983165741,0.9937390089035034,0.8569362163543701,3485019
2010-11-25,1.0022319555282593,1.0192190408706665,0.9852449893951416,0.9937390089035034,0.8569362163543701,3084712
2010-11-26,0.9852449893951416,0.9937390089035034,0.9597650170326233,0.9682580232620239,0.8349630236625671,1801378
2010-11-29,0.9427779912948608,0.9512709975242615,0.9003099799156189,0.934283971786499,0.8056660294532776,3355508
2010-11-30,0.9257910251617432,0.9597650170326233,0.8663359880447388,0.9003099799156189,0.776369035243988,19732744
2010-12-01,0.8663359880447388,0.9003099799156189,0.8578429818153381,0.8918169736862183,0.7690452337265015,2719727
2010-12-02,0.9003099799156189,0.9852449893951416,0.9003099799156189,0.9427779912948608,0.8129907846450806,14528762
2010-12-03,0.9682580232620239,0.9682580232620239,0.9257910251617432,0.934283971786499,0.8056660294532776,3225997
2010-12-06,0.9427779912948608,0.9427779912948608,0.8833230137825012,0.9003099799156189,0.776369035243988,3308413
2010-12-07,0.9088039994239807,0.9088039994239807,0.8748300075531006,0.8918169736862183,0.7690452337265015,2342969
2010-12-08,0.8748300075531006,0.8833230137825012,0.8578429818153381,0.8663359880447388,0.7470720410346985,3520340
2010-12-09,0.8918169736862183,0.8918169736862183,0.8068820238113403,0.8408560156822205,0.7250998020172119,7217286
2010-12-10,0.8663359880447388,0.8663359880447388,0.8153749704360962,0.8323619961738586,0.7177751660346985,1742509
2010-12-13,0.823868989944458,0.823868989944458,0.7898949980735779,0.8068820238113403,0.6958028078079224,2142815
2010-12-14,0.8323619961738586,0.8578429818153381,0.823868989944458,0.8323619961738586,0.7177751660346985,6993585
2010-12-15,0.8493490219116211,0.8748300075531006,0.823868989944458,0.8408560156822205,0.7250998020172119,3331960
2010-12-16,0.8323619961738586,0.8408560156822205,0.8153749704360962,0.823868989944458,0.7104514241218567,600459
2010-12-17,0.8493490219116211,0.8663359880447388,0.8323619961738586,0.8493490219116211,0.7324235439300537,2048626
2010-12-20,0.823868989944458,0.823868989944458,0.7983880043029785,0.8153749704360962,0.7031265497207642,777065
2010-12-21,0.8323619961738586,0.8323619961738586,0.7983880043029785,0.8323619961738586,0.7177751660346985,1248013
2010-12-22,0.8153749704360962,0.8153749704360962,0.8068820238113403,0.8153749704360962,0.7031265497207642,624006
2010-12-23,0.8068820238113403,0.8153749704360962,0.8068820238113403,0.8068820238113403,0.6958028078079224,494495
2010-12-24,0.8068820238113403,0.8068820238113403,0.7644140124320984,0.7814009785652161,0.6738296747207642,1436393
2010-12-28,0.8068820238113403,0.8068820238113403,0.7304400205612183,0.7729079723358154,0.6665058135986328,2131042
2010-12-29,0.7559210062026978,0.7814009785652161,0.7474269866943359,0.7814009785652161,0.6738296747207642,671101
2010-12-30,0.7814009785652161,0.7814009785652161,0.7814009785652161,0.7814009785652161,0.6738296747207642,0
2010-12-31,0.7814009785652161,0.7814009785652161,0.7814009785652161,0.7814009785652161,0.6738296747207642,0
2011-01-03,0.7814009785652161,0.7814009785652161,0.7814009785652161,0.7814009785652161,0.6738296747207642,0
2011-01-04,0.7814009785652161,0.7814009785652161,0.7814009785652161,0.7814009785652161,0.6738296747207642,0
2011-01-05,0.8153749704360962,1.0277129411697388,0.7898949980735779,0.9512709975242615,0.8203144669532776,39118163
2011-01-06,0.9682580232620239,0.9852449893951416,0.8408560156822205,0.8578429818153381,0.7397481203079224,13739923
2011-01-07,0.8663359880447388,0.9003099799156189,0.8068820238113403,0.8578429818153381,0.7397481203079224,11773713
2011-01-10,0.8493490219116211,0.8493490219116211,0.8153749704360962,0.8153749704360962,0.7031265497207642,1977983
2011-01-11,0.8153749704360962,0.8493490219116211,0.8153749704360962,0.8323619961738586,0.7177751660346985,1412845
2011-01-12,0.8493490219116211,0.9003099799156189,0.8493490219116211,0.8833230137825012,0.7617205381393433,6815214
2011-01-13,0.8833230137825012,0.8833230137825012,0.8493490219116211,0.8578429818153381,0.7397481203079224,2142815
2011-01-14,0.8578429818153381,0.8578429818153381,0.8408560156822205,0.8578429818153381,0.7397481203079224,1637134
2011-01-17,0.8493490219116211,0.8493490219116211,0.8323619961738586,0.8408560156822205,0.7250998020172119,541590
2011-01-18,0.8323619961738586,0.8493490219116211,0.8323619961738586,0.8408560156822205,0.7250998020172119,379113
2011-01-19,0.8323619961738586,0.8493490219116211,0.8323619961738586,0.8493490219116211,0.7324235439300537,859481
2011-01-20,0.8323619961738586,0.8323619961738586,0.823868989944458,0.823868989944458,0.7104514241218567,824159
2011-01-21,0.823868989944458,0.8493490219116211,0.823868989944458,0.8323619961738586,0.7177751660346985,494495
2011-01-24,0.8323619961738586,0.8323619961738586,0.823868989944458,0.823868989944458,0.7104514241218567,906575
2011-01-25,0.823868989944458,0.8408560156822205,0.8153749704360962,0.823868989944458,0.7104514241218567,353211
2011-01-26,0.8153749704360962,0.8323619961738586,0.8153749704360962,0.823868989944458,0.7104514241218567,950138
2011-01-27,0.8153749704360962,0.8408560156822205,0.8068820238113403,0.823868989944458,0.7104514241218567,1047860
2011-01-28,0.8153749704360962,0.8578429818153381,0.8153749704360962,0.8323619961738586,0.7177751660346985,541590
2011-01-31,0.8153749704360962,0.823868989944458,0.8153749704360962,0.823868989944458,0.7104514241218567,341437
2011-02-01,0.8153749704360962,0.8323619961738586,0.8153749704360962,0.8323619961738586,0.7177751660346985,624006
2011-02-02,0.8408560156822205,0.8408560156822205,0.8323619961738586,0.8408560156822205,0.7250998020172119,129510
2011-02-07,0.8493490219116211,0.8493490219116211,0.8323619961738586,0.8408560156822205,0.7250998020172119,847707
2011-02-08,0.8408560156822205,0.8493490219116211,0.8408560156822205,0.8408560156822205,0.7250998020172119,741743
2011-02-09,0.8408560156822205,0.8493490219116211,0.8408560156822205,0.8408560156822205,0.7250998020172119,718196
2011-02-10,0.8408560156822205,0.8833230137825012,0.8408560156822205,0.8408560156822205,0.7250998020172119,2460706
2011-02-11,0.8408560156822205,0.8493490219116211,0.823868989944458,0.8323619961738586,0.7177751660346985,2025078
2011-02-14,0.8408560156822205,0.8493490219116211,0.8323619961738586,0.8408560156822205,0.7250998020172119,1495261
2011-02-15,0.8408560156822205,0.8408560156822205,0.8323619961738586,0.8323619961738586,0.7177751660346985,729970
2011-02-16,0.823868989944458,0.8323619961738586,0.823868989944458,0.823868989944458,0.7104514241218567,1283334
2011-02-17,0.8323619961738586,0.8323619961738586,0.8153749704360962,0.823868989944458,0.7104514241218567,494495
2011-02-18,0.8068820238113403,0.823868989944458,0.8068820238113403,0.8153749704360962,0.7031265497207642,388532
2011-02-21,0.8153749704360962,0.8153749704360962,0.7898949980735779,0.7983880043029785,0.6884781122207642,200153
2011-02-22,0.7983880043029785,0.8153749704360962,0.7559210062026978,0.7983880043029785,0.6884781122207642,1919115
2011-02-23,0.7814009785652161,0.7983880043029785,0.7814009785652161,0.7814009785652161,0.6738296747207642,624006
2011-02-24,0.7814009785652161,0.7983880043029785,0.7814009785652161,0.7814009785652161,0.6738296747207642,1130276
2011-02-25,0.7814009785652161,0.7983880043029785,0.7729079723358154,0.7898949980735779,0.6811543107032776,871254
2011-02-28,0.7898949980735779,0.8408560156822205,0.7898949980735779,0.8068820238113403,0.6958028078079224,1071407
2011-03-01,0.8408560156822205,0.8578429818153381,0.8153749704360962,0.823868989944458,0.7104514241218567,1471714
2011-03-02,0.823868989944458,0.823868989944458,0.8068820238113403,0.8068820238113403,0.6958028078079224,883028
2011-03-03,0.8044400215148926,0.8129979968070984,0.795881986618042,0.8044400215148926,0.693696916103363,537516
2011-03-04,0.8215559720993042,0.8215559720993042,0.8129979968070984,0.8215559720993042,0.7084567546844482,619312
2011-03-07,0.8044400215148926,0.8044400215148926,0.795881986618042,0.795881986618042,0.6863171458244324,525831
2011-03-08,0.795881986618042,0.8044400215148926,0.7873240113258362,0.7873240113258362,0.6789372563362122,327183
2011-03-09,0.795881986618042,0.8129979968070984,0.795881986618042,0.8044400215148926,0.693696916103363,528752
2011-03-10,0.795881986618042,0.795881986618042,0.7873240113258362,0.7873240113258362,0.6789372563362122,736163
2011-03-11,0.7873240113258362,0.8044400215148926,0.7873240113258362,0.7873240113258362,0.6789372563362122,923126
2011-03-14,0.7873240113258362,0.795881986618042,0.7702080011367798,0.7787659764289856,0.6715574264526367,749017
2011-03-15,0.7702080011367798,0.7702080011367798,0.7445350289344788,0.7616509795188904,0.6567985415458679,2150065
2011-03-16,0.7616509795188904,0.7702080011367798,0.7616509795188904,0.7702080011367798,0.6641774773597717,654367
2011-03-17,0.7530930042266846,0.7616509795188904,0.7445350289344788,0.7445350289344788,0.6420387625694275,1320420
2011-03-18,0.7530930042266846,0.7702080011367798,0.7530930042266846,0.7530930042266846,0.6494185924530029,1128200
2011-03-21,0.7702080011367798,0.7787659764289856,0.7616509795188904,0.7787659764289856,0.6715574264526367,502461
2011-03-22,0.7702080011367798,0.795881986618042,0.7702080011367798,0.795881986618042,0.6863171458244324,1627155
2011-03-23,0.795881986618042,0.8129979968070984,0.7873240113258362,0.8044400215148926,0.693696916103363,1145143
2011-03-24,0.795881986618042,0.8301140069961548,0.7873240113258362,0.8301140069961548,0.7158365845680237,1682660
2011-03-25,0.8129979968070984,0.84722900390625,0.8129979968070984,0.8386719822883606,0.7232164144515991,2255232
2011-03-28,0.8386719822883606,0.84722900390625,0.8215559720993042,0.8215559720993042,0.7084567546844482,979799
2011-03-29,0.84722900390625,0.9242500066757202,0.8386719822883606,0.907135009765625,0.7822545170783997,7758933
2011-03-30,0.907135009765625,0.9927129745483398,0.8900189995765686,0.9242500066757202,0.7970134615898132,20796238
2011-03-31,0.8900189995765686,0.9156919717788696,0.8557869791984558,0.8900189995765686,0.767494797706604,11003896
2011-04-01,0.8643450140953064,0.9156919717788696,0.8643450140953064,0.9156919717788696,0.789633572101593,7887469
2011-04-04,0.907135009765625,0.9755979776382446,0.9156919717788696,0.9670400023460388,0.8339124917984009,12079742
2011-04-06,0.958482027053833,0.9755979776382446,0.9499239921569824,0.9670400023460388,0.8339124917984009,6765696
2011-04-07,0.9499239921569824,1.0012710094451904,0.9499239921569824,0.984154999256134,0.848671555519104,14185760
2011-04-08,0.9670400023460388,0.9927129745483398,0.9670400023460388,0.984154999256134,0.848671555519104,3156934
2011-04-11,0.984154999256134,0.984154999256134,0.9499239921569824,0.958482027053833,0.826532781124115,8208809
2011-04-12,0.932807981967926,0.958482027053833,0.907135009765625,0.9499239921569824,0.81915283203125,9776566
2011-04-13,0.9242500066757202,0.958482027053833,0.9242500066757202,0.9499239921569824,0.81915283203125,9875891
2011-04-14,0.932807981967926,0.958482027053833,0.932807981967926,0.958482027053833,0.826532781124115,5567969
2011-04-15,0.932807981967926,0.9499239921569824,0.907135009765625,0.9156919717788696,0.789633572101593,4744166
2011-04-18,0.9156919717788696,0.9499239921569824,0.9156919717788696,0.932807981967926,0.8043933510780334,2687582
2011-04-19,0.932807981967926,0.9413660168647766,0.9156919717788696,0.9242500066757202,0.7970134615898132,2395453
2011-04-20,0.9413660168647766,0.9670400023460388,0.9242500066757202,0.9670400023460388,0.8339124917984009,2383768
2011-04-21,0.9927129745483398,0.9927129745483398,0.9413660168647766,0.9499239921569824,0.81915283203125,3797669
2011-04-26,0.9670400023460388,0.9670400023460388,0.932807981967926,0.9413660168647766,0.8117731213569641,1561912
2011-04-27,0.9413660168647766,0.9413660168647766,0.8985769748687744,0.9242500066757202,0.7970134615898132,3001133
2011-04-28,0.907135009765625,0.907135009765625,0.8900189995765686,0.8900189995765686,0.767494797706604,1402216
2011-04-29,0.8557869791984558,0.8900189995765686,0.8557869791984558,0.8814610242843628,0.7601149678230286,1694345
2011-05-03,0.8814610242843628,0.9413660168647766,0.8814610242843628,0.932807981967926,0.8043933510780334,3388690
2011-05-04,0.907135009765625,0.9242500066757202,0.8985769748687744,0.9156919717788696,0.789633572101593,981551
2011-05-05,0.8985769748687744,0.9156919717788696,0.8985769748687744,0.907135009765625,0.7822545170783997,2502566
2011-05-06,0.8814610242843628,0.9413660168647766,0.8814610242843628,0.9242500066757202,0.7970134615898132,9991379
2011-05-09,0.9156919717788696,1.0012710094451904,0.9156919717788696,1.0012710094451904,0.8634312748908997,15728197
2011-05-11,1.0012710094451904,1.0012710094451904,0.9755979776382446,0.984154999256134,0.848671555519104,4284550
2011-05-12,0.9670400023460388,0.9927129745483398,0.9499239921569824,0.9499239921569824,0.81915283203125,2054636
2011-05-13,0.9413660168647766,0.9755979776382446,0.9413660168647766,0.9670400023460388,0.8339124917984009,1565808
2011-05-16,0.9499239921569824,0.9927129745483398,0.9413660168647766,0.984154999256134,0.848671555519104,3236783
2011-05-17,0.9670400023460388,1.0012710094451904,0.958482027053833,0.9755979776382446,0.8412924408912659,2742112
2011-05-18,0.958482027053833,0.9927129745483398,0.958482027053833,0.9755979776382446,0.8412924408912659,2687582
2011-05-19,0.9670400023460388,0.9927129745483398,0.9670400023460388,0.9755979776382446,0.8412924408912659,3228604
2011-05-20,0.9755979776382446,0.9755979776382446,0.958482027053833,0.9670400023460388,0.8339124917984009,2882724
2011-05-23,0.9413660168647766,0.958482027053833,0.932807981967926,0.9499239921569824,0.81915283203125,2874544
2011-05-24,0.932807981967926,0.9499239921569824,0.932807981967926,0.9413660168647766,0.8117731213569641,3038136
2011-05-25,0.9156919717788696,0.932807981967926,0.8985769748687744,0.9242500066757202,0.7970134615898132,4744166
2011-05-26,0.907135009765625,0.9413660168647766,0.907135009765625,0.932807981967926,0.8043933510780334,3201728
2011-05-27,0.9156919717788696,0.9413660168647766,0.9156919717788696,0.932807981967926,0.8043933510780334,4185228
2011-05-30,0.9156919717788696,0.9755979776382446,0.9156919717788696,0.958482027053833,0.826532781124115,6321660
2011-05-31,0.9499239921569824,0.9755979776382446,0.9413660168647766,0.9755979776382446,0.8412924408912659,7022769
2011-06-01,0.958482027053833,0.9755979776382446,0.958482027053833,0.9755979776382446,0.8412924408912659,4008003
2011-06-02,0.958482027053833,0.9755979776382446,0.958482027053833,0.9670400023460388,0.8339124917984009,5640026
2011-06-03,0.958482027053833,0.9755979776382446,0.9413660168647766,0.958482027053833,0.826532781124115,6403456
2011-06-07,0.932807981967926,0.9499239921569824,0.9242500066757202,0.9413660168647766,0.8117731213569641,4173541
2011-06-08,0.932807981967926,0.958482027053833,0.907135009765625,0.958482027053833,0.826532781124115,7309055
2011-06-09,0.932807981967926,0.932807981967926,0.8985769748687744,0.907135009765625,0.7822545170783997,3400375
2011-06-10,0.907135009765625,0.9242500066757202,0.907135009765625,0.9242500066757202,0.7970134615898132,3341950
2011-06-13,0.8900189995765686,0.9242500066757202,0.8900189995765686,0.907135009765625,0.7822545170783997,4335187
2011-06-14,0.8900189995765686,0.9156919717788696,0.8900189995765686,0.9156919717788696,0.789633572101593,2851174
2011-06-15,0.8985769748687744,0.9156919717788696,0.8900189995765686,0.9156919717788696,0.789633572101593,1425587
2011-06-16,0.8985769748687744,0.907135009765625,0.8900189995765686,0.8900189995765686,0.767494797706604,405084
2011-06-17,0.8814610242843628,0.8985769748687744,0.8386719822883606,0.8557869791984558,0.7379753589630127,4031373
2011-06-20,0.8386719822883606,0.8729029893875122,0.8386719822883606,0.8557869791984558,0.7379753589630127,432350
2011-06-21,0.8386719822883606,0.8643450140953064,0.8386719822883606,0.8557869791984558,0.7379753589630127,525831
2011-06-22,0.84722900390625,0.8985769748687744,0.84722900390625,0.8814610242843628,0.7601149678230286,1390531
2011-06-23,0.8643450140953064,0.8900189995765686,0.8643450140953064,0.8729029893875122,0.7527351379394531,327183
2011-06-24,0.8643450140953064,0.9156919717788696,0.8643450140953064,0.9156919717788696,0.789633572101593,1133458
2011-06-27,0.8985769748687744,0.907135009765625,0.8985769748687744,0.907135009765625,0.7822545170783997,292128
2011-06-28,0.8985769748687744,0.907135009765625,0.8900189995765686,0.8985769748687744,0.774874746799469,373924
2011-06-29,0.8900189995765686,0.8900189995765686,0.8814610242843628,0.8814610242843628,0.7601149678230286,163591
2011-06-30,0.8729029893875122,0.8985769748687744,0.8643450140953064,0.8814610242843628,0.7601149678230286,537516
2011-07-04,0.8900189995765686,0.9156919717788696,0.8814610242843628,0.8985769748687744,0.774874746799469,514146
2011-07-05,0.8900189995765686,0.9242500066757202,0.8900189995765686,0.907135009765625,0.7822545170783997,689423
2011-07-06,0.8985769748687744,0.8985769748687744,0.8814610242843628,0.8814610242843628,0.7601149678230286,1297050
2011-07-07,0.8814610242843628,0.8985769748687744,0.8643450140953064,0.8985769748687744,0.774874746799469,900729
2011-07-08,0.8814610242843628,0.8900189995765686,0.8814610242843628,0.8900189995765686,0.767494797706604,644629
2011-07-11,0.8814610242843628,0.8814610242843628,0.8643450140953064,0.8643450140953064,0.7453552484512329,128536
2011-07-12,0.8557869791984558,0.8643450140953064,0.8301140069961548,0.8643450140953064,0.7453552484512329,1612549
2011-07-13,0.8643450140953064,0.8729029893875122,0.8557869791984558,0.8557869791984558,0.7379753589630127,385609
2011-07-14,0.8643450140953064,0.8643450140953064,0.8557869791984558,0.8557869791984558,0.7379753589630127,116851
2011-07-15,0.8557869791984558,0.8557869791984558,0.8129979968070984,0.8557869791984558,0.7379753589630127,257073
2011-07-18,0.8215559720993042,0.84722900390625,0.8215559720993042,0.8386719822883606,0.7232164144515991,385609
2011-07-19,0.84722900390625,0.84722900390625,0.8215559720993042,0.8386719822883606,0.7232164144515991,946496
2011-07-20,0.8301140069961548,0.8301140069961548,0.8301140069961548,0.8301140069961548,0.7158365845680237,11685
2011-07-21,0.84722900390625,0.84722900390625,0.8386719822883606,0.84722900390625,0.7305954098701477,373924
2011-07-22,0.8386719822883606,0.8386719822883606,0.8215559720993042,0.8301140069961548,0.7158365845680237,58425
2011-07-25,0.84722900390625,0.84722900390625,0.8044400215148926,0.8044400215148926,0.693696916103363,247140
2011-07-26,0.795881986618042,0.8301140069961548,0.795881986618042,0.8301140069961548,0.7158365845680237,257073
2011-07-27,0.8215559720993042,0.8301140069961548,0.8044400215148926,0.8129979968070984,0.7010768055915833,747848
2011-07-28,0.8215559720993042,0.8643450140953064,0.8129979968070984,0.8301140069961548,0.7158365845680237,1799511
2011-07-29,0.795881986618042,0.8215559720993042,0.795881986618042,0.8215559720993042,0.7084567546844482,186962
2011-08-01,0.8215559720993042,0.8215559720993042,0.795881986618042,0.8129979968070984,0.7010768055915833,492722
2011-08-02,0.795881986618042,0.795881986618042,0.7702080011367798,0.7787659764289856,0.6715574264526367,771219
2011-08-03,0.7787659764289856,0.795881986618042,0.7530930042266846,0.7873240113258362,0.6789372563362122,192804
2011-08-04,0.7530930042266846,0.7616509795188904,0.7530930042266846,0.7616509795188904,0.6567985415458679,93481
2011-08-05,0.7530930042266846,0.7530930042266846,0.6846299767494202,0.7188609838485718,0.6198992729187012,1075032
2011-08-08,0.6760720014572144,0.7274190187454224,0.6503980159759521,0.7188609838485718,0.6198992729187012,1145143
2011-08-09,0.60760897397995,0.6846299767494202,0.5990509986877441,0.6846299767494202,0.5903804898262024,759534
2011-08-10,0.7017449736595154,0.7274190187454224,0.6846299767494202,0.6931880116462708,0.5977604389190674,467405
2011-08-11,0.6418399810791016,0.7017449736595154,0.6418399810791016,0.6931880116462708,0.5977604389190674,181119
2011-08-12,0.7017449736595154,0.710303008556366,0.7017449736595154,0.710303008556366,0.6125193238258362,93481
2011-08-15,0.710303008556366,0.7274190187454224,0.7017449736595154,0.710303008556366,0.6125193238258362,163591
2011-08-16,0.710303008556366,0.7530930042266846,0.710303008556366,0.7445350289344788,0.6420387625694275,502461
2011-08-17,0.7530930042266846,0.8129979968070984,0.7530930042266846,0.8129979968070984,0.7010768055915833,1273680
2011-08-18,0.8129979968070984,0.8129979968070984,0.7873240113258362,0.7873240113258362,0.6789372563362122,315498
2011-08-19,0.7530930042266846,0.7702080011367798,0.7359769940376282,0.7616509795188904,0.6567985415458679,280443
2011-08-22,0.7616509795188904,0.7616509795188904,0.7188609838485718,0.7274190187454224,0.6272791028022766,350554
2011-08-23,0.795881986618042,0.795881986618042,0.7530930042266846,0.7616509795188904,0.6567985415458679,373924
2011-08-24,0.7445350289344788,0.7530930042266846,0.7445350289344788,0.7530930042266846,0.6494185924530029,175861
2011-08-25,0.7274190187454224,0.7359769940376282,0.7274190187454224,0.7359769940376282,0.6346588134765625,128536
2011-08-26,0.7530930042266846,0.7530930042266846,0.7530930042266846,0.7530930042266846,0.6494185924530029,119188
2011-08-29,0.7530930042266846,0.7530930042266846,0.7530930042266846,0.7530930042266846,0.6494185924530029,175277
2011-08-30,0.7702080011367798,0.7702080011367798,0.7702080011367798,0.7702080011367798,0.6641774773597717,46740
2011-08-31,0.7702080011367798,0.7873240113258362,0.7445350289344788,0.7616509795188904,0.6567985415458679,186962
2011-09-01,0.7616509795188904,0.7616509795188904,0.7274190187454224,0.7530930042266846,0.6494185924530029,1050433
2011-09-02,0.7445350289344788,0.7445350289344788,0.7188609838485718,0.7274190187454224,0.6272791028022766,128536
2011-09-05,0.7274190187454224,0.7274190187454224,0.7188609838485718,0.7188609838485718,0.6198992729187012,1297050
2011-09-06,0.6931880116462708,0.710303008556366,0.6931880116462708,0.710303008556366,0.6125193238258362,153853
2011-09-07,0.7274190187454224,0.7274190187454224,0.7274190187454224,0.7274190187454224,0.6272791028022766,93481
2011-09-08,0.710303008556366,0.710303008556366,0.7017449736595154,0.7017449736595154,0.6051394939422607,140221
2011-09-09,0.710303008556366,0.710303008556366,0.710303008556366,0.710303008556366,0.6125193238258362,11685
2011-09-12,0.6931880116462708,0.6931880116462708,0.6846299767494202,0.6846299767494202,0.5903804898262024,210332
2011-09-14,0.6418399810791016,0.6418399810791016,0.60760897397995,0.6332820057868958,0.546101450920105,601784
2011-09-15,0.6418399810791016,0.6760720014572144,0.6418399810791016,0.6675140261650085,0.5756209492683411,315498
2011-09-16,0.6675140261650085,0.6675140261650085,0.6675140261650085,0.6675140261650085,0.5756209492683411,58425
2011-09-19,0.6675140261650085,0.6675140261650085,0.658955991268158,0.658955991268158,0.5682410001754761,81795
2011-09-20,0.658955991268158,0.658955991268158,0.658955991268158,0.658955991268158,0.5682410001754761,0
2011-09-21,0.6418399810791016,0.6418399810791016,0.6247249841690063,0.6332820057868958,0.546101450920105,93481
2011-09-22,0.5990509986877441,0.60760897397995,0.5648189783096313,0.5733770132064819,0.4944431781768799,373924
2011-09-23,0.5562620162963867,0.5562620162963867,0.4963560104370117,0.5220299959182739,0.4501647651195526,432350
2011-09-26,0.5049139857292175,0.5049139857292175,0.5049139857292175,0.5049139857292175,0.4354051649570465,70110
2011-09-27,0.5134720206260681,0.5305879712104797,0.5134720206260681,0.5305879712104797,0.45754474401474,245387
2011-09-28,0.5305879712104797,0.5305879712104797,0.4706830084323883,0.4877989888191223,0.42064622044563293,514146
2011-09-30,0.4877989888191223,0.4877989888191223,0.4706830084323883,0.4877989888191223,0.42064622044563293,327183
2011-10-03,0.4706830084323883,0.5134720206260681,0.4450089931488037,0.5134720206260681,0.44278499484062195,373924
2011-10-04,0.5134720206260681,0.5134720206260681,0.5134720206260681,0.5134720206260681,0.44278499484062195,23370
2011-10-06,0.5220299959182739,0.5220299959182739,0.4792410135269165,0.5134720206260681,0.44278499484062195,315498
2011-10-07,0.5134720206260681,0.5305879712104797,0.5134720206260681,0.5134720206260681,0.44278499484062195,163591
2011-10-10,0.5134720206260681,0.5305879712104797,0.4792410135269165,0.5305879712104797,0.4652998745441437,140221
2011-10-11,0.5477039813995361,0.5477039813995361,0.5220299959182739,0.5391460061073303,0.4728049039840698,175277
2011-10-12,0.5391460061073303,0.5733770132064819,0.5391460061073303,0.5733770132064819,0.5028237104415894,140221
2011-10-13,0.5904930233955383,0.6161670088768005,0.5904930233955383,0.5990509986877441,0.5253385901451111,315498
2011-10-14,0.5990509986877441,0.6161670088768005,0.5990509986877441,0.60760897397995,0.5328435897827148,116851
2011-10-17,0.60760897397995,0.6161670088768005,0.5904930233955383,0.6161670088768005,0.5403485894203186,233702
2011-10-18,0.5733770132064819,0.5733770132064819,0.5648189783096313,0.5648189783096313,0.49531880021095276,175277
2011-10-19,0.5990509986877441,0.5990509986877441,0.5562620162963867,0.5562620162963867,0.4878148138523102,81795
2011-10-20,0.5904930233955383,0.5990509986877441,0.5904930233955383,0.5904930233955383,0.5178337097167969,23370
2011-10-21,0.5904930233955383,0.5904930233955383,0.5904930233955383,0.5904930233955383,0.5178337097167969,0
2011-10-24,0.5562620162963867,0.5648189783096313,0.5391460061073303,0.5391460061073303,0.4728049039840698,1402216
2011-10-25,0.5391460061073303,0.5562620162963867,0.5049139857292175,0.5134720206260681,0.4502899646759033,1378846
2011-10-26,0.5305879712104797,0.5305879712104797,0.5134720206260681,0.5305879712104797,0.4652998745441437,327183
2011-10-27,0.5220299959182739,0.5648189783096313,0.5220299959182739,0.5562620162963867,0.4878148138523102,712793
2011-10-28,0.5562620162963867,0.5904930233955383,0.5562620162963867,0.5733770132064819,0.5028237104415894,397294
2011-10-31,0.5733770132064819,0.5733770132064819,0.5562620162963867,0.5733770132064819,0.5028237104415894,257073
2011-11-01,0.5562620162963867,0.5648189783096313,0.5220299959182739,0.5477039813995361,0.4803098142147064,151906
2011-11-02,0.5220299959182739,0.5391460061073303,0.5220299959182739,0.5391460061073303,0.4728049039840698,280443
2011-11-03,0.5305879712104797,0.5648189783096313,0.5305879712104797,0.5648189783096313,0.49531880021095276,116851
2011-11-04,0.5733770132064819,0.5819349884986877,0.5477039813995361,0.5733770132064819,0.5028237104415894,391452
2011-11-07,0.5562620162963867,0.5562620162963867,0.5562620162963867,0.5562620162963867,0.4878148138523102,11685
2011-11-08,0.5477039813995361,0.5733770132064819,0.5477039813995361,0.5733770132064819,0.5028237104415894,35055
2011-11-09,0.5733770132064819,0.5733770132064819,0.5733770132064819,0.5733770132064819,0.5028237104415894,140221
2011-11-10,0.5477039813995361,0.5562620162963867,0.5477039813995361,0.5477039813995361,0.4803098142147064,642682
2011-11-11,0.5477039813995361,0.5990509986877441,0.5477039813995361,0.5733770132064819,0.5028237104415894,666052
2011-11-14,0.5648189783096313,0.5733770132064819,0.5648189783096313,0.5733770132064819,0.5028237104415894,151906
2011-11-15,0.5648189783096313,0.5648189783096313,0.5648189783096313,0.5648189783096313,0.49531880021095276,198647
2011-11-16,0.5648189783096313,0.5648189783096313,0.5562620162963867,0.5648189783096313,0.49531880021095276,315498
2011-11-17,0.5733770132064819,0.5733770132064819,0.5733770132064819,0.5733770132064819,0.5028237104415894,23370
2011-11-18,0.5733770132064819,0.5733770132064819,0.5648189783096313,0.5648189783096313,0.49531880021095276,105166
2011-11-21,0.5648189783096313,0.5733770132064819,0.5648189783096313,0.5648189783096313,0.49531880021095276,210332
2011-11-22,0.5477039813995361,0.5477039813995361,0.5477039813995361,0.5477039813995361,0.4803098142147064,72739
2011-11-23,0.5648189783096313,0.5990509986877441,0.5648189783096313,0.5648189783096313,0.49531880021095276,303813
2011-11-24,0.5391460061073303,0.5391460061073303,0.5391460061073303,0.5477039813995361,0.4803098142147064,163591
2011-11-25,0.5648189783096313,0.5648189783096313,0.5648189783096313,0.5648189783096313,0.49531880021095276,35055
2011-11-28,0.5819349884986877,0.5904930233955383,0.5819349884986877,0.5904930233955383,0.5178337097167969,198647
2011-11-29,0.5733770132064819,0.5904930233955383,0.5733770132064819,0.5733770132064819,0.5028237104415894,338869
2011-11-30,0.5733770132064819,0.5733770132064819,0.5562620162963867,0.5562620162963867,0.4878148138523102,154243
2011-12-01,0.5904930233955383,0.5990509986877441,0.5733770132064819,0.5904930233955383,0.5178337097167969,210332
2011-12-02,0.5904930233955383,0.5904930233955383,0.5904930233955383,0.5904930233955383,0.5178337097167969,0
2011-12-05,0.5904930233955383,0.5904930233955383,0.5904930233955383,0.5904930233955383,0.5178337097167969,0
2011-12-06,0.5733770132064819,0.5733770132064819,0.5733770132064819,0.5733770132064819,0.5028237104415894,151906
2011-12-07,0.5733770132064819,0.5733770132064819,0.5733770132064819,0.5733770132064819,0.5028237104415894,105166
2011-12-08,0.5733770132064819,0.5733770132064819,0.5733770132064819,0.5733770132064819,0.5028237104415894,58425
2011-12-09,0.5648189783096313,0.5648189783096313,0.5648189783096313,0.5648189783096313,0.49531880021095276,46740
2011-12-12,0.5648189783096313,0.5648189783096313,0.5648189783096313,0.5648189783096313,0.49531880021095276,0
2011-12-13,0.5648189783096313,0.5648189783096313,0.5305879712104797,0.5477039813995361,0.4803098142147064,140221
2011-12-14,0.5648189783096313,0.60760897397995,0.5562620162963867,0.5904930233955383,0.5178337097167969,373924
2011-12-15,0.5904930233955383,0.5904930233955383,0.5904930233955383,0.5904930233955383,0.5178337097167969,0
2011-12-16,0.5562620162963867,0.5562620162963867,0.5562620162963867,0.5562620162963867,0.4878148138523102,11685
2011-12-19,0.5562620162963867,0.5562620162963867,0.5562620162963867,0.5562620162963867,0.4878148138523102,0
2011-12-20,0.5477039813995361,0.5562620162963867,0.5477039813995361,0.5562620162963867,0.4878148138523102,23370
2011-12-21,0.5477039813995361,0.5904930233955383,0.5477039813995361,0.5733770132064819,0.5028237104415894,280443
2011-12-22,0.5477039813995361,0.5562620162963867,0.5477039813995361,0.5648189783096313,0.49531880021095276,60372
2011-12-23,0.5562620162963867,0.5562620162963867,0.5562620162963867,0.5562620162963867,0.4878148138523102,23370
2011-12-28,0.5648189783096313,0.5648189783096313,0.5648189783096313,0.5648189783096313,0.49531880021095276,23370
2011-12-29,0.5819349884986877,0.5819349884986877,0.5562620162963867,0.5562620162963867,0.4878148138523102,58425
2011-12-30,0.5562620162963867,0.5648189783096313,0.5562620162963867,0.5648189783096313,0.49531880021095276,140221
2012-01-03,0.5477039813995361,0.5562620162963867,0.5477039813995361,0.5562620162963867,0.4878148138523102,514146
2012-01-04,0.5477039813995361,0.5477039813995361,0.5305879712104797,0.5477039813995361,0.4803098142147064,70110
2012-01-05,0.5391460061073303,0.5562620162963867,0.5391460061073303,0.5391460061073303,0.4728049039840698,911440
2012-01-06,0.5391460061073303,0.5391460061073303,0.5305879712104797,0.5391460061073303,0.4728049039840698,630997
2012-01-09,0.5391460061073303,0.5391460061073303,0.5391460061073303,0.5391460061073303,0.4728049039840698,0
2012-01-10,0.5391460061073303,0.5391460061073303,0.5391460061073303,0.5391460061073303,0.4728049039840698,58425
2012-01-11,0.5305879712104797,0.5305879712104797,0.5134720206260681,0.5134720206260681,0.4502899646759033,292128
2012-01-12,0.5134720206260681,0.5305879712104797,0.4963560104370117,0.4963560104370117,0.4352800250053406,738111
2012-01-13,0.5134720206260681,0.5134720206260681,0.4792410135269165,0.4792410135269165,0.42027103900909424,794589
2012-01-16,0.4706830084323883,0.4706830084323883,0.4535669982433319,0.4621250033378601,0.40526121854782104,923126
2012-01-17,0.4621250033378601,0.4706830084323883,0.4621250033378601,0.4706830084323883,0.41276612877845764,93481
2012-01-18,0.4706830084323883,0.4706830084323883,0.4621250033378601,0.4621250033378601,0.40526121854782104,397294
2012-01-19,0.4621250033378601,0.4621250033378601,0.4621250033378601,0.4621250033378601,0.40526121854782104,175277
2012-01-20,0.4535669982433319,0.4877989888191223,0.4364509880542755,0.4877989888191223,0.42777591943740845,7151305
2012-01-26,0.5220299959182739,0.5220299959182739,0.4706830084323883,0.4877989888191223,0.42777591943740845,1507383
2012-01-27,0.4877989888191223,0.5134720206260681,0.4792410135269165,0.5049139857292175,0.44278502464294434,1098403
2012-01-30,0.4877989888191223,0.4877989888191223,0.4877989888191223,0.4877989888191223,0.42777591943740845,151906
2012-01-31,0.5049139857292175,0.5134720206260681,0.4963560104370117,0.4963560104370117,0.4352800250053406,292128
2012-02-01,0.4792410135269165,0.4792410135269165,0.4792410135269165,0.4792410135269165,0.42027103900909424,116851
2012-02-02,0.5049139857292175,0.5134720206260681,0.5049139857292175,0.5049139857292175,0.44278502464294434,210332
2012-02-03,0.4877989888191223,0.5134720206260681,0.4877989888191223,0.5049139857292175,0.44278502464294434,70110
2012-02-06,0.5134720206260681,0.5220299959182739,0.5049139857292175,0.5134720206260681,0.4502899646759033,841330
2012-02-07,0.5220299959182739,0.5220299959182739,0.4963560104370117,0.5049139857292175,0.44278502464294434,46740
2012-02-08,0.5220299959182739,0.5733770132064819,0.5220299959182739,0.5391460061073303,0.4728049039840698,1717715
2012-02-09,0.5562620162963867,0.5648189783096313,0.5477039813995361,0.5648189783096313,0.49531880021095276,771219
2012-02-10,0.5477039813995361,0.5562620162963867,0.5220299959182739,0.5391460061073303,0.4728049039840698,420665
2012-02-13,0.5391460061073303,0.5391460061073303,0.5391460061073303,0.5391460061073303,0.4728049039840698,186962
2012-02-14,0.5477039813995361,0.5477039813995361,0.5391460061073303,0.5391460061073303,0.4728049039840698,175277
2012-02-15,0.5220299959182739,0.5562620162963867,0.5220299959182739,0.5391460061073303,0.4728049039840698,140221
2012-02-16,0.5562620162963867,0.5562620162963867,0.5477039813995361,0.5562620162963867,0.4878148138523102,595942
2012-02-17,0.5562620162963867,0.5562620162963867,0.5477039813995361,0.5562620162963867,0.4878148138523102,140221
2012-02-20,0.5477039813995361,0.5477039813995361,0.5391460061073303,0.5391460061073303,0.4728049039840698,186962
2012-02-21,0.5477039813995361,0.5733770132064819,0.5391460061073303,0.5477039813995361,0.4803098142147064,747848
2012-02-22,0.5562620162963867,0.5819349884986877,0.5562620162963867,0.5819349884986877,0.5103287696838379,1051662
2012-02-23,0.5819349884986877,0.5904930233955383,0.5562620162963867,0.5648189783096313,0.49531880021095276,595942
2012-02-24,0.5819349884986877,0.5819349884986877,0.5562620162963867,0.5562620162963867,0.4878148138523102,444035
2012-02-27,0.5733770132064819,0.5819349884986877,0.5648189783096313,0.5733770132064819,0.5028237104415894,432350
2012-02-28,0.5648189783096313,0.5648189783096313,0.5648189783096313,0.5648189783096313,0.49531880021095276,23370
2012-02-29,0.5562620162963867,0.5648189783096313,0.5477039813995361,0.5648189783096313,0.49531880021095276,257073
2012-03-01,0.5904930233955383,0.6931880116462708,0.5904930233955383,0.6675140261650085,0.5853774547576904,2827803
2012-03-02,0.6846299767494202,0.6846299767494202,0.6332820057868958,0.658955991268158,0.5778724551200867,724478
2012-03-05,0.6418399810791016,0.6418399810791016,0.60760897397995,0.60760897397995,0.5328435897827148,292128
2012-03-06,0.5904930233955383,0.5904930233955383,0.5733770132064819,0.5819349884986877,0.5103287696838379,210332
2012-03-07,0.5819349884986877,0.6332820057868958,0.5648189783096313,0.6332820057868958,0.5553575754165649,1254204
2012-03-08,0.60760897397995,0.6332820057868958,0.60760897397995,0.6247249841690063,0.5478534698486328,98155
2012-03-09,0.60760897397995,0.6161670088768005,0.60760897397995,0.60760897397995,0.5328435897827148,315498
2012-03-12,0.5990509986877441,0.6332820057868958,0.5904930233955383,0.5904930233955383,0.5178337097167969,175277
2012-03-13,0.5733770132064819,0.60760897397995,0.5733770132064819,0.5990509986877441,0.5253385901451111,292128
2012-03-14,0.6332820057868958,0.6332820057868958,0.6161670088768005,0.6161670088768005,0.5403485894203186,128536
2012-03-15,0.6161670088768005,0.6161670088768005,0.6161670088768005,0.6161670088768005,0.5403485894203186,0
2012-03-16,0.5990509986877441,0.6161670088768005,0.5904930233955383,0.5990509986877441,0.5253385901451111,222017
2012-03-20,0.5904930233955383,0.5904930233955383,0.5819349884986877,0.5819349884986877,0.5103287696838379,222017
2012-03-21,0.5819349884986877,0.5819349884986877,0.5391460061073303,0.5562620162963867,0.4878148138523102,151906
2012-03-22,0.5819349884986877,0.5819349884986877,0.5562620162963867,0.5562620162963867,0.4878148138523102,280443
2012-03-23,0.5562620162963867,0.5562620162963867,0.5562620162963867,0.5562620162963867,0.4878148138523102,58425
2012-03-26,0.5562620162963867,0.5562620162963867,0.5562620162963867,0.5562620162963867,0.4878148138523102,0
2012-03-27,0.5562620162963867,0.5562620162963867,0.5562620162963867,0.5562620162963867,0.4878148138523102,23370
2012-03-28,0.5562620162963867,0.5562620162963867,0.5305879712104797,0.5305879712104797,0.4652998745441437,116851
2012-03-29,0.5049139857292175,0.5220299959182739,0.5049139857292175,0.5220299959182739,0.45779481530189514,46740
2012-03-30,0.5049139857292175,0.5049139857292175,0.5049139857292175,0.5134720206260681,0.4502899646759033,24538
2012-04-02,0.5134720206260681,0.5134720206260681,0.5134720206260681,0.5134720206260681,0.4502899646759033,35055
2012-04-03,0.5134720206260681,0.5134720206260681,0.5134720206260681,0.5134720206260681,0.4502899646759033,0
2012-04-05,0.5220299959182739,0.5220299959182739,0.5220299959182739,0.5220299959182739,0.45779481530189514,11685
2012-04-10,0.5134720206260681,0.5220299959182739,0.5134720206260681,0.5220299959182739,0.45779481530189514,58425
2012-04-11,0.5220299959182739,0.5220299959182739,0.5220299959182739,0.5220299959182739,0.45779481530189514,23370
2012-04-12,0.5220299959182739,0.5220299959182739,0.5220299959182739,0.5220299959182739,0.45779481530189514,0
2012-04-13,0.5220299959182739,0.5220299959182739,0.5134720206260681,0.5134720206260681,0.4502899646759033,70110
2012-04-16,0.5134720206260681,0.5134720206260681,0.5134720206260681,0.5134720206260681,0.4502899646759033,0
2012-04-17,0.4963560104370117,0.5134720206260681,0.4963560104370117,0.5134720206260681,0.4502899646759033,93481
2012-04-18,0.4963560104370117,0.5134720206260681,0.4963560104370117,0.4963560104370117,0.4352800250053406,432350
2012-04-19,0.4963560104370117,0.4963560104370117,0.4963560104370117,0.4963560104370117,0.4352800250053406,35055
2012-04-20,0.4963560104370117,0.4963560104370117,0.4877989888191223,0.4877989888191223,0.42777591943740845,292128
2012-04-23,0.4877989888191223,0.4877989888191223,0.4877989888191223,0.4877989888191223,0.42777591943740845,0
2012-04-24,0.4877989888191223,0.4877989888191223,0.4877989888191223,0.4877989888191223,0.42777591943740845,0
2012-04-25,0.4706830084323883,0.4706830084323883,0.4278930127620697,0.4535669982433319,0.3977561593055725,876385
2012-04-26,0.4535669982433319,0.4706830084323883,0.4535669982433319,0.4706830084323883,0.41276612877845764,455720
2012-04-27,0.4792410135269165,0.4792410135269165,0.4706830084323883,0.4706830084323883,0.41276612877845764,58425
2012-04-30,0.4706830084323883,0.4706830084323883,0.4706830084323883,0.4706830084323883,0.41276612877845764,35055
2012-05-02,0.4792410135269165,0.4792410135269165,0.4792410135269165,0.4792410135269165,0.42027103900909424,444035
2012-05-03,0.4621250033378601,0.4621250033378601,0.4621250033378601,0.4621250033378601,0.40526121854782104,58425
2012-05-04,0.4792410135269165,0.4792410135269165,0.4706830084323883,0.4706830084323883,0.41276612877845764,23370
2012-05-07,0.4450089931488037,0.4450089931488037,0.4450089931488037,0.4450089931488037,0.3902512192726135,128536
2012-05-08,0.4535669982433319,0.4535669982433319,0.4535669982433319,0.4535669982433319,0.3977561593055725,23370
2012-05-09,0.4364509880542755,0.4450089931488037,0.4364509880542755,0.4450089931488037,0.3902512192726135,35055
2012-05-10,0.4450089931488037,0.4450089931488037,0.4450089931488037,0.4450089931488037,0.3902512192726135,0
2012-05-11,0.4450089931488037,0.4450089931488037,0.4450089931488037,0.4450089931488037,0.3902512192726135,70110
2012-05-14,0.4450089931488037,0.4450089931488037,0.4450089931488037,0.4450089931488037,0.3902512192726135,0
2012-05-15,0.4450089931488037,0.4450089931488037,0.4450089931488037,0.4450089931488037,0.3902512192726135,0
2012-05-16,0.4278930127620697,0.4364509880542755,0.4278930127620697,0.4278930127620697,0.37524136900901794,222017
2012-05-17,0.4107779860496521,0.4107779860496521,0.4107779860496521,0.4107779860496521,0.3602323532104492,11685
2012-05-18,0.4278930127620697,0.4278930127620697,0.4278930127620697,0.4278930127620697,0.37524136900901794,23370
2012-05-21,0.4278930127620697,0.4278930127620697,0.4278930127620697,0.4278930127620697,0.37524136900901794,0
2012-05-22,0.4278930127620697,0.4450089931488037,0.4278930127620697,0.4278930127620697,0.37524136900901794,58425
2012-05-23,0.4107779860496521,0.4150570034980774,0.4107779860496521,0.4150570034980774,0.3639848232269287,128536
2012-05-24,0.4107779860496521,0.4107779860496521,0.4107779860496521,0.4107779860496521,0.3602323532104492,303813
2012-05-25,0.3936620056629181,0.4107779860496521,0.3936620056629181,0.397940993309021,0.34897494316101074,163591
2012-05-28,0.3893829882144928,0.3893829882144928,0.3893829882144928,0.3893829882144928,0.341469943523407,70110
2012-05-29,0.3893829882144928,0.5391460061073303,0.3893829882144928,0.4963560104370117,0.4352800250053406,1661236
2012-05-30,0.5648189783096313,0.5648189783096313,0.4621250033378601,0.4877989888191223,0.43149587512016296,911440
2012-05-31,0.4621250033378601,0.4621250033378601,0.4621250033378601,0.4621250033378601,0.40878525376319885,151906
2012-06-01,0.4621250033378601,0.4621250033378601,0.4535669982433319,0.4535669982433319,0.4012150466442108,81795
2012-06-04,0.4450089931488037,0.4450089931488037,0.4450089931488037,0.4364509880542755,0.38607457280158997,46740
2012-06-05,0.4193359911441803,0.4193359911441803,0.4193359911441803,0.4193359911441803,0.3709350526332855,186962
2012-06-06,0.4107779860496521,0.4364509880542755,0.4107779860496521,0.4364509880542755,0.38607457280158997,607627
2012-06-07,0.4535669982433319,0.4535669982433319,0.4278930127620697,0.4278930127620697,0.3785044252872467,128536
2012-06-08,0.4278930127620697,0.4278930127620697,0.4278930127620697,0.4278930127620697,0.3785044252872467,0
2012-06-11,0.4193359911441803,0.4193359911441803,0.4193359911441803,0.4193359911441803,0.3709350526332855,11685
2012-06-12,0.4193359911441803,0.4193359911441803,0.4193359911441803,0.4193359911441803,0.3709350526332855,46740
2012-06-13,0.4107779860496521,0.4107779860496521,0.4107779860496521,0.4107779860496521,0.3633648157119751,163591
2012-06-14,0.4107779860496521,0.4107779860496521,0.4022200107574463,0.4064989984035492,0.3595797121524811,140221
2012-06-15,0.4064989984035492,0.4064989984035492,0.4064989984035492,0.4064989984035492,0.3595797121524811,23370
2012-06-18,0.397940993309021,0.4107779860496521,0.397940993309021,0.4064989984035492,0.3595797121524811,607627
2012-06-19,0.4064989984035492,0.4064989984035492,0.4064989984035492,0.4064989984035492,0.3595797121524811,0
2012-06-20,0.4107779860496521,0.4236139953136444,0.4107779860496521,0.4193359911441803,0.3709350526332855,163591
2012-06-21,0.4022200107574463,0.4107779860496521,0.4022200107574463,0.4107779860496521,0.3633648157119751,81795
2012-06-22,0.4107779860496521,0.4107779860496521,0.4107779860496521,0.4107779860496521,0.3633648157119751,0
2012-06-25,0.4193359911441803,0.4193359911441803,0.4107779860496521,0.4107779860496521,0.3633648157119751,257073
2012-06-26,0.4022200107574463,0.4022200107574463,0.4022200107574463,0.4022200107574463,0.35579463839530945,35055
2012-06-27,0.4022200107574463,0.4022200107574463,0.4022200107574463,0.4022200107574463,0.35579463839530945,0
2012-06-28,0.4150570034980774,0.4150570034980774,0.4150570034980774,0.4150570034980774,0.3671499192714691,23370
2012-06-29,0.4150570034980774,0.4150570034980774,0.4150570034980774,0.4150570034980774,0.3671499192714691,11685
2012-07-03,0.397940993309021,0.397940993309021,0.3936620056629181,0.3936620056629181,0.3482244610786438,151906
2012-07-04,0.3893829882144928,0.3893829882144928,0.3765459954738617,0.3851040005683899,0.3406541347503662,140221
2012-07-05,0.3851040005683899,0.3851040005683899,0.3851040005683899,0.3851040005683899,0.3406541347503662,0
2012-07-06,0.3851040005683899,0.3851040005683899,0.3851040005683899,0.3851040005683899,0.3406541347503662,0
2012-07-09,0.3851040005683899,0.3851040005683899,0.3851040005683899,0.3851040005683899,0.3406541347503662,140221
2012-07-10,0.3851040005683899,0.3851040005683899,0.3765459954738617,0.3851040005683899,0.3406541347503662,58425
2012-07-11,0.3851040005683899,0.3851040005683899,0.3851040005683899,0.3851040005683899,0.3406541347503662,23370
2012-07-12,0.3722670078277588,0.3722670078277588,0.3722670078277588,0.3765459954738617,0.33308398723602295,23370
2012-07-13,0.3765459954738617,0.3765459954738617,0.3765459954738617,0.3765459954738617,0.33308398723602295,0
2012-07-16,0.3765459954738617,0.3765459954738617,0.3765459954738617,0.3765459954738617,0.33308398723602295,0
2012-07-17,0.3637090027332306,0.380825012922287,0.3637090027332306,0.380825012922287,0.33686909079551697,23370
2012-07-18,0.380825012922287,0.380825012922287,0.380825012922287,0.380825012922287,0.33686909079551697,0
2012-07-19,0.380825012922287,0.380825012922287,0.380825012922287,0.380825012922287,0.33686909079551697,0
2012-07-20,0.380825012922287,0.380825012922287,0.380825012922287,0.380825012922287,0.33686909079551697,0
2012-07-23,0.3851040005683899,0.3893829882144928,0.3851040005683899,0.3851040005683899,0.3406541347503662,140221
2012-07-24,0.3851040005683899,0.3851040005683899,0.3851040005683899,0.3851040005683899,0.3406541347503662,0
2012-07-25,0.3594299852848053,0.3594299852848053,0.3594299852848053,0.3679879903793335,0.3255137801170349,23370
2012-07-26,0.3679879903793335,0.3679879903793335,0.3679879903793335,0.3679879903793335,0.3255137801170349,0
2012-07-27,0.3679879903793335,0.3679879903793335,0.3679879903793335,0.3679879903793335,0.3255137801170349,0
2012-07-30,0.3679879903793335,0.3679879903793335,0.3679879903793335,0.3679879903793335,0.3255137801170349,0
2012-07-31,0.3679879903793335,0.3679879903793335,0.3423149883747101,0.3637090027332306,0.3217287063598633,46740
2012-08-01,0.3722670078277588,0.3722670078277588,0.3722670078277588,0.3722670078277588,0.32929888367652893,23370
2012-08-02,0.3722670078277588,0.3722670078277588,0.3722670078277588,0.3722670078277588,0.32929888367652893,0
2012-08-03,0.3722670078277588,0.3722670078277588,0.3722670078277588,0.3722670078277588,0.32929888367652893,0
2012-08-06,0.3722670078277588,0.3722670078277588,0.3722670078277588,0.3722670078277588,0.32929888367652893,0
2012-08-07,0.3722670078277588,0.3722670078277588,0.3722670078277588,0.3722670078277588,0.32929888367652893,0
2012-08-08,0.3722670078277588,0.3722670078277588,0.3722670078277588,0.3722670078277588,0.32929888367652893,0
2012-08-09,0.3722670078277588,0.3722670078277588,0.3722670078277588,0.3722670078277588,0.32929888367652893,11685
2012-08-10,0.3722670078277588,0.3722670078277588,0.3722670078277588,0.3722670078277588,0.32929888367652893,0
2012-08-13,0.3722670078277588,0.3722670078277588,0.3722670078277588,0.3722670078277588,0.32929888367652893,0
2012-08-14,0.3722670078277588,0.3722670078277588,0.3722670078277588,0.3722670078277588,0.32929888367652893,0
2012-08-15,0.3722670078277588,0.3722670078277588,0.3722670078277588,0.3722670078277588,0.32929888367652893,0
2012-08-16,0.3722670078277588,0.3722670078277588,0.3722670078277588,0.3722670078277588,0.32929888367652893,0
2012-08-17,0.3722670078277588,0.3722670078277588,0.3722670078277588,0.3722670078277588,0.32929888367652893,0
2012-08-20,0.3465940058231354,0.3851040005683899,0.3465940058231354,0.3851040005683899,0.3406541347503662,46740
2012-08-21,0.3851040005683899,0.3851040005683899,0.3851040005683899,0.3851040005683899,0.3406541347503662,0
2012-08-22,0.3851040005683899,0.3851040005683899,0.3851040005683899,0.3851040005683899,0.3406541347503662,0
2012-08-23,0.3679879903793335,0.3936620056629181,0.3679879903793335,0.3679879903793335,0.3255137801170349,46740
2012-08-24,0.3679879903793335,0.3679879903793335,0.3679879903793335,0.3679879903793335,0.3255137801170349,23370
2012-08-27,0.3594299852848053,0.3594299852848053,0.3594299852848053,0.3594299852848053,0.3179435431957245,35055
2012-08-28,0.3594299852848053,0.3594299852848053,0.3594299852848053,0.3594299852848053,0.3179435431957245,257073
2012-08-29,0.3594299852848053,0.3594299852848053,0.3594299852848053,0.3594299852848053,0.3179435431957245,0
2012-08-30,0.3594299852848053,0.3594299852848053,0.3594299852848053,0.3594299852848053,0.3179435431957245,0
2012-08-31,0.2995249927043915,0.3423149883747101,0.2995249927043915,0.3423149883747101,0.30280402302742004,46740
2012-09-03,0.3423149883747101,0.3423149883747101,0.3423149883747101,0.3423149883747101,0.30280402302742004,35055
2012-09-04,0.3209199905395508,0.329477995634079,0.3209199905395508,0.329477995634079,0.2914487421512604,58425
2012-09-05,0.2995249927043915,0.329477995634079,0.2995249927043915,0.329477995634079,0.2914487421512604,317446
2012-09-06,0.3209199905395508,0.3251990079879761,0.3209199905395508,0.3251990079879761,0.28766360878944397,350554
2012-09-07,0.329477995634079,0.3508720099925995,0.329477995634079,0.3423149883747101,0.30280402302742004,151906
2012-09-10,0.3337570130825043,0.3337570130825043,0.3337570130825043,0.3337570130825043,0.2952338755130768,93481
2012-09-11,0.3508720099925995,0.3508720099925995,0.3251990079879761,0.3337570130825043,0.2952338755130768,233702
2012-09-12,0.3423149883747101,0.3423149883747101,0.3337570130825043,0.3337570130825043,0.2952338755130768,132918
2012-09-13,0.3337570130825043,0.3337570130825043,0.3337570130825043,0.3337570130825043,0.2952338755130768,198647
2012-09-14,0.3337570130825043,0.3423149883747101,0.3337570130825043,0.3423149883747101,0.30280402302742004,116851
2012-09-17,0.3594299852848053,0.3594299852848053,0.3423149883747101,0.3423149883747101,0.30280402302742004,35055
2012-09-18,0.3423149883747101,0.3423149883747101,0.3423149883747101,0.3465940058231354,0.30658915638923645,11685
2012-09-19,0.380825012922287,0.380825012922287,0.380825012922287,0.380825012922287,0.33686909079551697,23370
2012-09-20,0.380825012922287,0.3851040005683899,0.3765459954738617,0.3765459954738617,0.33308398723602295,163591
2012-09-21,0.380825012922287,0.3851040005683899,0.380825012922287,0.3851040005683899,0.3406541347503662,639426
2012-09-24,0.3851040005683899,0.3851040005683899,0.3722670078277588,0.3851040005683899,0.3406541347503662,372447
2012-09-25,0.3765459954738617,0.3851040005683899,0.3765459954738617,0.3851040005683899,0.3406541347503662,23370
2012-09-26,0.3851040005683899,0.3851040005683899,0.3851040005683899,0.3851040005683899,0.3406541347503662,167344
2012-09-27,0.3851040005683899,0.3851040005683899,0.3851040005683899,0.3851040005683899,0.3406541347503662,377106
2012-09-28,0.3851040005683899,0.3851040005683899,0.3851040005683899,0.3851040005683899,0.3406541347503662,0
2012-10-03,0.3851040005683899,0.3851040005683899,0.3851040005683899,0.3851040005683899,0.3406541347503662,46740
2012-10-04,0.3765459954738617,0.3851040005683899,0.3851040005683899,0.3851040005683899,0.3406541347503662,151906
2012-10-05,0.3851040005683899,0.3851040005683899,0.3851040005683899,0.3851040005683899,0.3406541347503662,58425
2012-10-08,0.3551509976387024,0.3637090027332306,0.3508720099925995,0.3637090027332306,0.3217287063598633,46740
2012-10-09,0.3637090027332306,0.3637090027332306,0.3637090027332306,0.3637090027332306,0.3217287063598633,0
2012-10-10,0.3637090027332306,0.3637090027332306,0.3637090027332306,0.3637090027332306,0.3217287063598633,58425
2012-10-11,0.3851040005683899,0.4278930127620697,0.3851040005683899,0.4107779860496521,0.3633648157119751,420665
2012-10-12,0.4450089931488037,0.4535669982433319,0.4193359911441803,0.4364509880542755,0.38607457280158997,338869
2012-10-15,0.4450089931488037,0.4535669982433319,0.4278930127620697,0.4535669982433319,0.4012150466442108,116851
2012-10-16,0.4364509880542755,0.4364509880542755,0.4193359911441803,0.4364509880542755,0.38607457280158997,268758
2012-10-17,0.4278930127620697,0.4535669982433319,0.4064989984035492,0.4535669982433319,0.4012150466442108,327183
2012-10-18,0.4278930127620697,0.4535669982433319,0.4278930127620697,0.4364509880542755,0.38607457280158997,58425
2012-10-19,0.4193359911441803,0.4278930127620697,0.4193359911441803,0.4278930127620697,0.3785044252872467,128536
2012-10-22,0.4364509880542755,0.4450089931488037,0.4364509880542755,0.4364509880542755,0.38607457280158997,163591
2012-10-24,0.4364509880542755,0.4450089931488037,0.4364509880542755,0.4450089931488037,0.393644779920578,46740
2012-10-25,0.4278930127620697,0.4364509880542755,0.4278930127620697,0.4364509880542755,0.38607457280158997,81795
2012-10-26,0.4236139953136444,0.4278930127620697,0.4236139953136444,0.4236139953136444,0.3747192919254303,163591
2012-10-29,0.4236139953136444,0.4706830084323883,0.4236139953136444,0.4706830084323883,0.4163554608821869,712793
2012-10-30,0.4706830084323883,0.4706830084323883,0.4706830084323883,0.4621250033378601,0.40878525376319885,23370
2012-10-31,0.4621250033378601,0.4621250033378601,0.4278930127620697,0.4278930127620697,0.3785044252872467,93481
2012-11-01,0.4621250033378601,0.4706830084323883,0.4364509880542755,0.4706830084323883,0.4163554608821869,257073
2012-11-02,0.4792410135269165,0.4792410135269165,0.4621250033378601,0.4706830084323883,0.4163554608821869,397294
2012-11-05,0.4450089931488037,0.4621250033378601,0.4450089931488037,0.4621250033378601,0.40878525376319885,93481
2012-11-06,0.4706830084323883,0.4706830084323883,0.4450089931488037,0.4706830084323883,0.4163554608821869,46740
2012-11-07,0.4792410135269165,0.4792410135269165,0.4792410135269165,0.4621250033378601,0.40878525376319885,11685
2012-11-08,0.4621250033378601,0.4621250033378601,0.4621250033378601,0.4621250033378601,0.40878525376319885,0
2012-11-09,0.4278930127620697,0.4450089931488037,0.4150570034980774,0.4278930127620697,0.3785044252872467,292128
2012-11-12,0.4535669982433319,0.4621250033378601,0.4535669982433319,0.4621250033378601,0.40878525376319885,23370
2012-11-13,0.4364509880542755,0.4535669982433319,0.4364509880542755,0.4535669982433319,0.4012150466442108,175277
2012-11-14,0.4706830084323883,0.4706830084323883,0.4450089931488037,0.4621250033378601,0.40878525376319885,116851
2012-11-15,0.4535669982433319,0.4535669982433319,0.4535669982433319,0.4535669982433319,0.4012150466442108,0
2012-11-16,0.4535669982433319,0.4535669982433319,0.4535669982433319,0.4535669982433319,0.4012150466442108,0
2012-11-19,0.4706830084323883,0.4706830084323883,0.4535669982433319,0.4621250033378601,0.40878525376319885,175277
2012-11-20,0.4621250033378601,0.4621250033378601,0.4450089931488037,0.4621250033378601,0.40878525376319885,81795
2012-11-21,0.4621250033378601,0.4621250033378601,0.4621250033378601,0.4621250033378601,0.40878525376319885,0
2012-11-22,0.4621250033378601,0.4621250033378601,0.4621250033378601,0.4621250033378601,0.40878525376319885,0
2012-11-23,0.4535669982433319,0.4621250033378601,0.4535669982433319,0.4621250033378601,0.40878525376319885,70110
2012-11-26,0.4621250033378601,0.5220299959182739,0.4621250033378601,0.4963560104370117,0.43906518816947937,701108
2012-11-27,0.5134720206260681,0.5134720206260681,0.4963560104370117,0.5049139857292175,0.446635365486145,151906
2012-11-28,0.4963560104370117,0.4963560104370117,0.4877989888191223,0.4877989888191223,0.43149587512016296,128536
2012-11-29,0.4877989888191223,0.4877989888191223,0.4877989888191223,0.4877989888191223,0.43149587512016296,0
2012-11-30,0.5134720206260681,0.5134720206260681,0.4963560104370117,0.4963560104370117,0.43906518816947937,572571
2012-12-03,0.4877989888191223,0.4877989888191223,0.4877989888191223,0.4877989888191223,0.43149587512016296,0
2012-12-04,0.4963560104370117,0.4963560104370117,0.4963560104370117,0.4963560104370117,0.43906518816947937,11685
2012-12-05,0.4792410135269165,0.4706830084323883,0.4278930127620697,0.4450089931488037,0.393644779920578,1226939
2012-12-06,0.4621250033378601,0.4621250033378601,0.4535669982433319,0.4535669982433319,0.4012150466442108,212279
2012-12-07,0.4706830084323883,0.4877989888191223,0.4535669982433319,0.4706830084323883,0.4163554608821869,362239
2012-12-10,0.4792410135269165,0.5134720206260681,0.4792410135269165,0.4963560104370117,0.43906518816947937,467405
2012-12-11,0.4535669982433319,0.4877989888191223,0.4535669982433319,0.4621250033378601,0.40878525376319885,677738
2012-12-12,0.4877989888191223,0.4877989888191223,0.4706830084323883,0.4792410135269165,0.42392563819885254,198647
2012-12-13,0.4706830084323883,0.4877989888191223,0.4706830084323883,0.4792410135269165,0.42392563819885254,327183
2012-12-14,0.4792410135269165,0.4877989888191223,0.4792410135269165,0.4877989888191223,0.43149587512016296,385609
2012-12-17,0.4706830084323883,0.4963560104370117,0.4706830084323883,0.4706830084323883,0.4163554608821869,81795
2012-12-18,0.4877989888191223,0.4877989888191223,0.4877989888191223,0.4877989888191223,0.43149587512016296,233702
2012-12-19,0.4877989888191223,0.4877989888191223,0.4621250033378601,0.4877989888191223,0.43149587512016296,163591
2012-12-20,0.4706830084323883,0.4792410135269165,0.4706830084323883,0.4792410135269165,0.42392563819885254,186962
2012-12-21,0.4706830084323883,0.4877989888191223,0.4706830084323883,0.4792410135269165,0.42392563819885254,151906
2012-12-24,0.4792410135269165,0.4792410135269165,0.4792410135269165,0.4792410135269165,0.42392563819885254,0
2012-12-27,0.4792410135269165,0.4792410135269165,0.4706830084323883,0.4706830084323883,0.4163554608821869,116851
2012-12-28,0.4706830084323883,0.4706830084323883,0.4450089931488037,0.4535669982433319,0.4012150466442108,1063347
2012-12-31,0.4535669982433319,0.4535669982433319,0.4535669982433319,0.4535669982433319,0.4012150466442108,0
2013-01-02,0.4535669982433319,0.4621250033378601,0.4450089931488037,0.4621250033378601,0.40878525376319885,295049
2013-01-03,0.4706830084323883,0.4792410135269165,0.4450089931488037,0.4792410135269165,0.42392563819885254,408979
2013-01-04,0.4450089931488037,0.4963560104370117,0.4450089931488037,0.4963560104370117,0.43906518816947937,1112035
2013-01-07,0.4963560104370117,0.4963560104370117,0.4706830084323883,0.4963560104370117,0.43906518816947937,151906
2013-01-08,0.4963560104370117,0.4963560104370117,0.4621250033378601,0.4706830084323883,0.4163554608821869,1573392
2013-01-09,0.4621250033378601,0.5305879712104797,0.4621250033378601,0.5305879712104797,0.4693460166454315,2605786
2013-01-10,0.5305879712104797,0.5305879712104797,0.5049139857292175,0.5134720206260681,0.45420563220977783,1121773
2013-01-11,0.5134720206260681,0.5134720206260681,0.5134720206260681,0.5049139857292175,0.446635365486145,46740
2013-01-14,0.4963560104370117,0.5134720206260681,0.4963560104370117,0.5134720206260681,0.45420563220977783,70110
2013-01-15,0.5134720206260681,0.5134720206260681,0.4877989888191223,0.4877989888191223,0.43149587512016296,502461
2013-01-16,0.4877989888191223,0.4877989888191223,0.4792410135269165,0.4792410135269165,0.42392563819885254,222017
2013-01-17,0.4706830084323883,0.4877989888191223,0.4621250033378601,0.4706830084323883,0.4163554608821869,385609
2013-01-18,0.4706830084323883,0.4963560104370117,0.4706830084323883,0.4792410135269165,0.42392563819885254,420665
2013-01-21,0.4963560104370117,0.5049139857292175,0.4621250033378601,0.5049139857292175,0.446635365486145,946496
2013-01-22,0.4963560104370117,0.5391460061073303,0.4963560104370117,0.5134720206260681,0.45420563220977783,3400375
2013-01-23,0.5049139857292175,0.5049139857292175,0.4963560104370117,0.4963560104370117,0.43906518816947937,338869
2013-01-24,0.5134720206260681,0.5134720206260681,0.5049139857292175,0.5049139857292175,0.446635365486145,292128
2013-01-25,0.4877989888191223,0.4963560104370117,0.4877989888191223,0.4963560104370117,0.43906518816947937,338869
2013-01-28,0.4963560104370117,0.4963560104370117,0.4963560104370117,0.4963560104370117,0.43906518816947937,140221
2013-01-29,0.4792410135269165,0.5049139857292175,0.4792410135269165,0.4877989888191223,0.43149587512016296,394373
2013-01-30,0.4963560104370117,0.5049139857292175,0.4877989888191223,0.5049139857292175,0.446635365486145,572571
2013-01-31,0.5049139857292175,0.5049139857292175,0.5049139857292175,0.5049139857292175,0.446635365486145,128536
2013-02-01,0.5049139857292175,0.5049139857292175,0.5049139857292175,0.5049139857292175,0.446635365486145,169434
2013-02-04,0.5134720206260681,0.5134720206260681,0.5134720206260681,0.5134720206260681,0.45420563220977783,128536
2013-02-05,0.4963560104370117,0.5134720206260681,0.4963560104370117,0.4963560104370117,0.43906518816947937,876385
2013-02-06,0.4877989888191223,0.5134720206260681,0.4877989888191223,0.5134720206260681,0.45420563220977783,338869
2013-02-07,0.5049139857292175,0.5049139857292175,0.5049139857292175,0.5049139857292175,0.446635365486145,128536
2013-02-08,0.4963560104370117,0.4963560104370117,0.4963560104370117,0.4963560104370117,0.43906518816947937,455720
2013-02-14,0.4963560104370117,0.4963560104370117,0.4963560104370117,0.4963560104370117,0.43906518816947937,0
2013-02-15,0.5134720206260681,0.5134720206260681,0.5134720206260681,0.5134720206260681,0.45420563220977783,140221
2013-02-18,0.5134720206260681,0.5305879712104797,0.5134720206260681,0.5134720206260681,0.45420563220977783,175277
2013-02-19,0.5134720206260681,0.5220299959182739,0.4877989888191223,0.5049139857292175,0.446635365486145,467405
2013-02-20,0.5049139857292175,0.5049139857292175,0.5049139857292175,0.5049139857292175,0.446635365486145,0
2013-02-21,0.4963560104370117,0.4963560104370117,0.4963560104370117,0.4963560104370117,0.43906518816947937,35055
2013-02-22,0.4963560104370117,0.5134720206260681,0.4792410135269165,0.4963560104370117,0.43906518816947937,151906
2013-02-25,0.4792410135269165,0.4792410135269165,0.4535669982433319,0.4706830084323883,0.4163554608821869,479090
2013-02-26,0.4364509880542755,0.4706830084323883,0.4364509880542755,0.4706830084323883,0.4163554608821869,116851
2013-02-27,0.4535669982433319,0.4621250033378601,0.4535669982433319,0.4621250033378601,0.40878525376319885,5889310
2013-02-28,0.4792410135269165,0.4792410135269165,0.4792410135269165,0.4792410135269165,0.42392563819885254,116851
2013-03-01,0.4706830084323883,0.4706830084323883,0.4706830084323883,0.4706830084323883,0.4163554608821869,46740
2013-03-04,0.4621250033378601,0.4621250033378601,0.4621250033378601,0.4621250033378601,0.40878525376319885,35055
2013-03-05,0.4621250033378601,0.4621250033378601,0.4621250033378601,0.4621250033378601,0.40878525376319885,771219
2013-03-06,0.4535669982433319,0.4621250033378601,0.4535669982433319,0.4621250033378601,0.40878525376319885,257073
2013-03-07,0.4621250033378601,0.4621250033378601,0.4621250033378601,0.4621250033378601,0.40878525376319885,0
2013-03-08,0.4621250033378601,0.4621250033378601,0.4450089931488037,0.4621250033378601,0.40878525376319885,338869
2013-03-11,0.4621250033378601,0.4792410135269165,0.4621250033378601,0.4792410135269165,0.42392563819885254,93481
2013-03-12,0.4621250033378601,0.4621250033378601,0.4535669982433319,0.4535669982433319,0.4012150466442108,105166
2013-03-13,0.4450089931488037,0.4535669982433319,0.4278930127620697,0.4278930127620697,0.3785044252872467,169434
2013-03-14,0.4364509880542755,0.4364509880542755,0.4364509880542755,0.4364509880542755,0.38607457280158997,140221
2013-03-15,0.4364509880542755,0.4364509880542755,0.4278930127620697,0.4278930127620697,0.3785044252872467,210332
2013-03-18,0.4278930127620697,0.4278930127620697,0.4107779860496521,0.4107779860496521,0.3633648157119751,268758
2013-03-19,0.4193359911441803,0.4364509880542755,0.4107779860496521,0.4193359911441803,0.3709350526332855,397294
2013-03-20,0.4278930127620697,0.4278930127620697,0.4278930127620697,0.4278930127620697,0.3785044252872467,116851
2013-03-21,0.4278930127620697,0.4278930127620697,0.4193359911441803,0.4278930127620697,0.3785044252872467,233702
2013-03-22,0.4278930127620697,0.4278930127620697,0.4193359911441803,0.4193359911441803,0.3709350526332855,70110
2013-03-25,0.4150570034980774,0.4364509880542755,0.4150570034980774,0.4364509880542755,0.38607457280158997,93481
2013-03-26,0.4278930127620697,0.4278930127620697,0.4278930127620697,0.4278930127620697,0.3785044252872467,2839489
2013-03-27,0.4278930127620697,0.4278930127620697,0.4193359911441803,0.4193359911441803,0.3709350526332855,23370
2013-03-28,0.4193359911441803,0.4193359911441803,0.4193359911441803,0.4193359911441803,0.3709350526332855,0
2013-04-02,0.4193359911441803,0.4193359911441803,0.4193359911441803,0.4193359911441803,0.3709350526332855,210332
2013-04-03,0.4193359911441803,0.4193359911441803,0.4193359911441803,0.4193359911441803,0.3709350526332855,23370
2013-04-05,0.4193359911441803,0.4193359911441803,0.4107779860496521,0.4193359911441803,0.3709350526332855,233702
2013-04-08,0.4107779860496521,0.4107779860496521,0.4064989984035492,0.4064989984035492,0.3595797121524811,303813
2013-04-09,0.4193359911441803,0.4193359911441803,0.4193359911441803,0.4193359911441803,0.3709350526332855,11685
2013-04-10,0.4193359911441803,0.4193359911441803,0.4193359911441803,0.4193359911441803,0.3709350526332855,0
2013-04-11,0.4193359911441803,0.4193359911441803,0.4064989984035492,0.4064989984035492,0.3595797121524811,245387
2013-04-12,0.4450089931488037,0.4450089931488037,0.4450089931488037,0.4278930127620697,0.3785044252872467,11685
2013-04-15,0.4064989984035492,0.4064989984035492,0.4064989984035492,0.4064989984035492,0.3595797121524811,198647
2013-04-16,0.3936620056629181,0.397940993309021,0.3936620056629181,0.4064989984035492,0.3595797121524811,1226939
2013-04-17,0.4022200107574463,0.4022200107574463,0.4022200107574463,0.4022200107574463,0.35579463839530945,11685
2013-04-18,0.4022200107574463,0.4022200107574463,0.4022200107574463,0.4022200107574463,0.35579463839530945,0
2013-04-19,0.4193359911441803,0.4193359911441803,0.4193359911441803,0.4107779860496521,0.3633648157119751,11685
2013-04-22,0.4193359911441803,0.4193359911441803,0.4193359911441803,0.4193359911441803,0.3709350526332855,163591
2013-04-23,0.4107779860496521,0.4107779860496521,0.4107779860496521,0.4107779860496521,0.3633648157119751,116851
2013-04-24,0.4364509880542755,0.4364509880542755,0.4278930127620697,0.4278930127620697,0.3785044252872467,140221
2013-04-25,0.4278930127620697,0.4364509880542755,0.4278930127620697,0.4364509880542755,0.38607457280158997,338869
2013-04-26,0.4107779860496521,0.4193359911441803,0.4107779860496521,0.4193359911441803,0.3709350526332855,23370
2013-04-29,0.4107779860496521,0.4107779860496521,0.4107779860496521,0.4193359911441803,0.3709350526332855,11685
2013-04-30,0.4193359911441803,0.4193359911441803,0.4193359911441803,0.4193359911441803,0.3709350526332855,0
2013-05-02,0.4193359911441803,0.4193359911441803,0.4193359911441803,0.4193359911441803,0.3709350526332855,11685
2013-05-03,0.4150570034980774,0.4278930127620697,0.4107779860496521,0.4193359911441803,0.3709350526332855,151906
2013-05-06,0.4193359911441803,0.4193359911441803,0.4107779860496521,0.4107779860496521,0.3633648157119751,128536
2013-05-07,0.4107779860496521,0.4107779860496521,0.4107779860496521,0.4107779860496521,0.3633648157119751,0
2013-05-08,0.4064989984035492,0.4150570034980774,0.4064989984035492,0.4150570034980774,0.3671499192714691,303813
2013-05-09,0.4107779860496521,0.4278930127620697,0.4107779860496521,0.4278930127620697,0.3785044252872467,105166
2013-05-10,0.4278930127620697,0.4278930127620697,0.4193359911441803,0.4193359911441803,0.3709350526332855,81795
2013-05-13,0.4193359911441803,0.4193359911441803,0.4193359911441803,0.4193359911441803,0.3709350526332855,0
2013-05-14,0.4278930127620697,0.4278930127620697,0.4278930127620697,0.4278930127620697,0.3785044252872467,35055
2013-05-15,0.4278930127620697,0.4278930127620697,0.4193359911441803,0.4278930127620697,0.3785044252872467,186962
2013-05-16,0.4364509880542755,0.4364509880542755,0.4193359911441803,0.4236139953136444,0.3747192919254303,771219
2013-05-20,0.4364509880542755,0.4535669982433319,0.4364509880542755,0.4364509880542755,0.38607457280158997,1776141
2013-05-21,0.4236139953136444,0.4236139953136444,0.4236139953136444,0.4236139953136444,0.3747192919254303,58425
2013-05-22,0.4236139953136444,0.4236139953136444,0.4236139953136444,0.4236139953136444,0.3747192919254303,0
2013-05-23,0.4193359911441803,0.4193359911441803,0.4193359911441803,0.4193359911441803,0.3709350526332855,105166
2013-05-24,0.4193359911441803,0.4193359911441803,0.4193359911441803,0.4193359911441803,0.3709350526332855,11685
2013-05-27,0.4278930127620697,0.4193359911441803,0.4193359911441803,0.4193359911441803,0.3709350526332855,385609
2013-05-28,0.4193359911441803,0.4193359911441803,0.4193359911441803,0.4193359911441803,0.3709350526332855,0
2013-05-29,0.4193359911441803,0.4278930127620697,0.4064989984035492,0.4193359911441803,0.3709350526332855,595942
2013-05-30,0.4107779860496521,0.4107779860496521,0.4064989984035492,0.4064989984035492,0.3632867932319641,186962
2013-05-31,0.4064989984035492,0.4064989984035492,0.4064989984035492,0.4064989984035492,0.3632867932319641,362239
2013-06-03,0.4064989984035492,0.4064989984035492,0.4064989984035492,0.4064989984035492,0.3632867932319641,0
2013-06-04,0.4064989984035492,0.4064989984035492,0.4064989984035492,0.4064989984035492,0.3632867932319641,0
2013-06-05,0.4064989984035492,0.4064989984035492,0.4064989984035492,0.4064989984035492,0.3632867932319641,0
2013-06-06,0.4064989984035492,0.4064989984035492,0.4064989984035492,0.4064989984035492,0.3632867932319641,0
2013-06-07,0.4107779860496521,0.4236139953136444,0.4107779860496521,0.4150570034980774,0.37093502283096313,175277
2013-06-10,0.4150570034980774,0.4150570034980774,0.4150570034980774,0.4150570034980774,0.37093502283096313,0
2013-06-11,0.4150570034980774,0.4193359911441803,0.4150570034980774,0.4193359911441803,0.3747591972351074,93481
2013-06-13,0.4150570034980774,0.4150570034980774,0.4150570034980774,0.4150570034980774,0.37093502283096313,140221
2013-06-14,0.4150570034980774,0.4150570034980774,0.4150570034980774,0.4150570034980774,0.37093502283096313,0
2013-06-17,0.4278930127620697,0.4278930127620697,0.4193359911441803,0.4193359911441803,0.3747591972351074,479090
2013-06-18,0.4193359911441803,0.4193359911441803,0.4150570034980774,0.4193359911441803,0.3747591972351074,385609
2013-06-19,0.4193359911441803,0.4193359911441803,0.4193359911441803,0.4193359911441803,0.3747591972351074,0
2013-06-20,0.4150570034980774,0.4150570034980774,0.4150570034980774,0.4150570034980774,0.37093502283096313,46740
2013-06-21,0.4150570034980774,0.4150570034980774,0.4150570034980774,0.4150570034980774,0.37093502283096313,0
2013-06-24,0.4107779860496521,0.4107779860496521,0.397940993309021,0.397940993309021,0.3556385636329651,362239
2013-06-25,0.3936620056629181,0.3936620056629181,0.3851040005683899,0.3893829882144928,0.3479903042316437,303813
2013-06-26,0.397940993309021,0.397940993309021,0.3851040005683899,0.4064989984035492,0.3632867932319641,58425
2013-06-27,0.4064989984035492,0.4150570034980774,0.4022200107574463,0.4150570034980774,0.37093502283096313,479090
2013-06-28,0.4236139953136444,0.4450089931488037,0.4236139953136444,0.4278930127620697,0.3824065923690796,1308735
2013-07-02,0.4450089931488037,0.4450089931488037,0.4150570034980774,0.4150570034980774,0.37093502283096313,81795
2013-07-03,0.4236139953136444,0.4450089931488037,0.4236139953136444,0.4364509880542755,0.3900547921657562,128536
2013-07-04,0.4535669982433319,0.4535669982433319,0.4364509880542755,0.4450089931488037,0.39770305156707764,740058
2013-07-05,0.4450089931488037,0.4450089931488037,0.4450089931488037,0.4450089931488037,0.39770305156707764,81795
2013-07-08,0.4450089931488037,0.4450089931488037,0.4450089931488037,0.4450089931488037,0.39770305156707764,0
2013-07-09,0.4278930127620697,0.4278930127620697,0.4278930127620697,0.4278930127620697,0.3824065923690796,23370
2013-07-10,0.4450089931488037,0.4450089931488037,0.4278930127620697,0.4450089931488037,0.39770305156707764,70110
2013-07-11,0.4450089931488037,0.4450089931488037,0.4364509880542755,0.4450089931488037,0.39770305156707764,268758
2013-07-12,0.4278930127620697,0.4364509880542755,0.4236139953136444,0.4364509880542755,0.3900547921657562,70110
2013-07-15,0.4278930127620697,0.4364509880542755,0.4278930127620697,0.4364509880542755,0.3900547921657562,81795
2013-07-16,0.4278930127620697,0.4278930127620697,0.4278930127620697,0.4278930127620697,0.3824065923690796,35055
2013-07-17,0.4364509880542755,0.4364509880542755,0.4364509880542755,0.4364509880542755,0.3900547921657562,1028292
2013-07-18,0.4278930127620697,0.4278930127620697,0.4278930127620697,0.4278930127620697,0.3824065923690796,11685
2013-07-19,0.4278930127620697,0.4278930127620697,0.4278930127620697,0.4278930127620697,0.3824065923690796,105166
2013-07-22,0.4278930127620697,0.4278930127620697,0.4278930127620697,0.4278930127620697,0.3824065923690796,105166
2013-07-23,0.4278930127620697,0.4278930127620697,0.4278930127620697,0.4278930127620697,0.3824065923690796,0
2013-07-24,0.4278930127620697,0.4278930127620697,0.4278930127620697,0.4278930127620697,0.3824065923690796,0
2013-07-25,0.4278930127620697,0.4278930127620697,0.4278930127620697,0.4278930127620697,0.3824065923690796,93481
2013-07-26,0.4278930127620697,0.4278930127620697,0.4278930127620697,0.4278930127620697,0.3824065923690796,0
2013-07-29,0.4278930127620697,0.4278930127620697,0.4278930127620697,0.4278930127620697,0.3824065923690796,0
2013-07-30,0.4364509880542755,0.4535669982433319,0.4364509880542755,0.4450089931488037,0.39770305156707764,1390531
2013-07-31,0.4364509880542755,0.4364509880542755,0.4364509880542755,0.4364509880542755,0.3900547921657562,35055
2013-08-01,0.4450089931488037,0.4450089931488037,0.4450089931488037,0.4364509880542755,0.3900547921657562,11685
2013-08-02,0.4364509880542755,0.4364509880542755,0.4364509880542755,0.4364509880542755,0.3900547921657562,0
2013-08-05,0.4193359911441803,0.4193359911441803,0.4107779860496521,0.4193359911441803,0.3747591972351074,128536
2013-08-06,0.4193359911441803,0.4278930127620697,0.4193359911441803,0.4278930127620697,0.3824065923690796,58425
2013-08-07,0.4278930127620697,0.4278930127620697,0.4278930127620697,0.4278930127620697,0.3824065923690796,0
2013-08-08,0.4278930127620697,0.4278930127620697,0.4278930127620697,0.4278930127620697,0.3824065923690796,0
2013-08-09,0.4193359911441803,0.4193359911441803,0.4193359911441803,0.4193359911441803,0.3747591972351074,93481
2013-08-12,0.4450089931488037,0.4450089931488037,0.4450089931488037,0.4364509880542755,0.3900547921657562,23370
2013-08-13,0.4193359911441803,0.4193359911441803,0.4193359911441803,0.4193359911441803,0.3747591972351074,35055
2013-08-14,0.4193359911441803,0.4193359911441803,0.4193359911441803,0.4193359911441803,0.3747591972351074,0
2013-08-15,0.4278930127620697,0.4450089931488037,0.4278930127620697,0.4278930127620697,0.3824065923690796,58425
2013-08-16,0.4278930127620697,0.4278930127620697,0.4278930127620697,0.4278930127620697,0.3824065923690796,23370
2013-08-19,0.4278930127620697,0.4278930127620697,0.4278930127620697,0.4278930127620697,0.3824065923690796,0
2013-08-20,0.4193359911441803,0.4193359911441803,0.4107779860496521,0.4107779860496521,0.3671109080314636,70110
2013-08-21,0.4107779860496521,0.4107779860496521,0.4107779860496521,0.4064989984035492,0.3632867932319641,70110
2013-08-22,0.4107779860496521,0.4107779860496521,0.4107779860496521,0.4107779860496521,0.3671109080314636,210332
2013-08-23,0.4022200107574463,0.4022200107574463,0.397940993309021,0.397940993309021,0.3556385636329651,46740
2013-08-26,0.397940993309021,0.397940993309021,0.397940993309021,0.397940993309021,0.3556385636329651,0
2013-08-27,0.3936620056629181,0.4064989984035492,0.3936620056629181,0.4064989984035492,0.3632867932319641,257073
2013-08-28,0.4064989984035492,0.4064989984035492,0.4064989984035492,0.4064989984035492,0.3632867932319641,0
2013-08-29,0.4064989984035492,0.4064989984035492,0.4064989984035492,0.4064989984035492,0.3632867932319641,0
2013-08-30,0.3936620056629181,0.4107779860496521,0.3936620056629181,0.4107779860496521,0.3671109080314636,191344
2013-09-02,0.4193359911441803,0.4193359911441803,0.4193359911441803,0.4193359911441803,0.3747591972351074,58425
2013-09-03,0.4193359911441803,0.4193359911441803,0.4193359911441803,0.4193359911441803,0.3747591972351074,0
2013-09-04,0.4022200107574463,0.4022200107574463,0.4022200107574463,0.4022200107574463,0.3594626784324646,11685
2013-09-05,0.4022200107574463,0.4022200107574463,0.4022200107574463,0.4022200107574463,0.3594626784324646,23370
2013-09-06,0.4022200107574463,0.4193359911441803,0.3936620056629181,0.4193359911441803,0.3747591972351074,257073
2013-09-09,0.4193359911441803,0.4193359911441803,0.4193359911441803,0.4193359911441803,0.3747591972351074,0
2013-09-10,0.4064989984035492,0.4193359911441803,0.4064989984035492,0.4193359911441803,0.3747591972351074,186962
2013-09-11,0.4193359911441803,0.4193359911441803,0.4193359911441803,0.4193359911441803,0.3747591972351074,0
2013-09-12,0.4193359911441803,0.4193359911441803,0.4193359911441803,0.4193359911441803,0.3747591972351074,46740
2013-09-13,0.4022200107574463,0.4022200107574463,0.4022200107574463,0.4022200107574463,0.3594626784324646,46740
2013-09-16,0.4064989984035492,0.4193359911441803,0.4064989984035492,0.4193359911441803,0.3747591972351074,292128
2013-09-17,0.4236139953136444,0.4278930127620697,0.4236139953136444,0.4278930127620697,0.3824065923690796,175277
2013-09-18,0.4278930127620697,0.4278930127620697,0.4236139953136444,0.4236139953136444,0.3785824477672577,151906
2013-09-19,0.4278930127620697,0.4278930127620697,0.4278930127620697,0.4278930127620697,0.3824065923690796,175277
2013-09-23,0.4364509880542755,0.4364509880542755,0.4364509880542755,0.4278930127620697,0.3824065923690796,23370
2013-09-24,0.4278930127620697,0.4278930127620697,0.4278930127620697,0.4278930127620697,0.3824065923690796,0
2013-09-25,0.4236139953136444,0.4236139953136444,0.4236139953136444,0.4236139953136444,0.3785824477672577,81795
2013-09-26,0.4150570034980774,0.4150570034980774,0.4150570034980774,0.4150570034980774,0.37093502283096313,1180199
2013-09-27,0.4022200107574463,0.4193359911441803,0.4022200107574463,0.4193359911441803,0.3747591972351074,58425
2013-09-30,0.4193359911441803,0.4193359911441803,0.4193359911441803,0.4193359911441803,0.3747591972351074,0
2013-10-02,0.4193359911441803,0.4193359911441803,0.4193359911441803,0.4193359911441803,0.3747591972351074,186962
2013-10-03,0.4193359911441803,0.4193359911441803,0.4193359911441803,0.4193359911441803,0.3747591972351074,23370
2013-10-04,0.4193359911441803,0.4193359911441803,0.4193359911441803,0.4193359911441803,0.3747591972351074,0
2013-10-07,0.4193359911441803,0.4193359911441803,0.4193359911441803,0.4193359911441803,0.3747591972351074,0
2013-10-08,0.4150570034980774,0.4621250033378601,0.4150570034980774,0.4535669982433319,0.40535134077072144,3119932
2013-10-09,0.4364509880542755,0.4535669982433319,0.4364509880542755,0.4535669982433319,0.40535134077072144,128536
2013-10-10,0.4364509880542755,0.4364509880542755,0.4278930127620697,0.4278930127620697,0.3824065923690796,397294
2013-10-11,0.4278930127620697,0.4278930127620697,0.4236139953136444,0.4278930127620697,0.3824065923690796,619312
2013-10-15,0.4278930127620697,0.4364509880542755,0.4278930127620697,0.4278930127620697,0.3824065923690796,58425
2013-10-16,0.4193359911441803,0.4278930127620697,0.4193359911441803,0.4278930127620697,0.3824065923690796,479090
2013-10-17,0.4278930127620697,0.5049139857292175,0.4236139953136444,0.4450089931488037,0.39770305156707764,2337028
2013-10-18,0.4535669982433319,0.4535669982433319,0.4278930127620697,0.4364509880542755,0.3900547921657562,208384
2013-10-21,0.4535669982433319,0.4706830084323883,0.4364509880542755,0.4364509880542755,0.3900547921657562,595942
2013-10-22,0.4364509880542755,0.4706830084323883,0.4364509880542755,0.4535669982433319,0.40535134077072144,81795
2013-10-23,0.4364509880542755,0.4450089931488037,0.4278930127620697,0.4450089931488037,0.39770305156707764,350554
2013-10-24,0.4278930127620697,0.4364509880542755,0.4278930127620697,0.4364509880542755,0.3900547921657562,128536
2013-10-25,0.4364509880542755,0.4364509880542755,0.4278930127620697,0.4278930127620697,0.3824065923690796,140221
2013-10-28,0.4278930127620697,0.4278930127620697,0.4278930127620697,0.4278930127620697,0.3824065923690796,233702
2013-10-29,0.4278930127620697,0.4706830084323883,0.4278930127620697,0.4535669982433319,0.40535134077072144,701108
2013-10-30,0.4535669982433319,0.4535669982433319,0.4535669982433319,0.4535669982433319,0.40535134077072144,0
2013-10-31,0.4706830084323883,0.4792410135269165,0.4535669982433319,0.4535669982433319,0.40535134077072144,689423
2013-11-01,0.4450089931488037,0.4621250033378601,0.4450089931488037,0.4535669982433319,0.40535134077072144,257073
2013-11-04,0.4706830084323883,0.4706830084323883,0.4706830084323883,0.4621250033378601,0.41299960017204285,315498
2013-11-05,0.4450089931488037,0.4535669982433319,0.4450089931488037,0.4535669982433319,0.40535134077072144,268758
2013-11-06,0.4364509880542755,0.4535669982433319,0.4364509880542755,0.4535669982433319,0.40535134077072144,233702
2013-11-07,0.4621250033378601,0.5220299959182739,0.4621250033378601,0.4963560104370117,0.4435917139053345,5281683
2013-11-08,0.4963560104370117,0.5391460061073303,0.4963560104370117,0.5305879712104797,0.47418472170829773,8448356
2013-11-11,0.5391460061073303,0.5819349884986877,0.4792410135269165,0.4877989888191223,0.4359443485736847,5421905
2013-11-12,0.4963560104370117,0.4963560104370117,0.4706830084323883,0.4963560104370117,0.4435917139053345,1075032
2013-11-13,0.4963560104370117,0.5134720206260681,0.4792410135269165,0.5049139857292175,0.4512399435043335,1869622
2013-11-14,0.5049139857292175,0.5049139857292175,0.4877989888191223,0.5049139857292175,0.4512399435043335,712793
2013-11-15,0.5049139857292175,0.5049139857292175,0.4877989888191223,0.4963560104370117,0.4435917139053345,701108
2013-11-18,0.4963560104370117,0.5134720206260681,0.4877989888191223,0.4963560104370117,0.4435917139053345,1168514
2013-11-19,0.4877989888191223,0.4877989888191223,0.4706830084323883,0.4706830084323883,0.42064785957336426,525831
2013-11-20,0.4706830084323883,0.4706830084323883,0.4706830084323883,0.4706830084323883,0.42064785957336426,186962
2013-11-21,0.4877989888191223,0.4877989888191223,0.4706830084323883,0.4706830084323883,0.42064785957336426,233702
2013-11-22,0.4792410135269165,0.5134720206260681,0.4792410135269165,0.5049139857292175,0.4512399435043335,2115010
2013-11-25,0.5220299959182739,0.5220299959182739,0.4792410135269165,0.4877989888191223,0.4359443485736847,1694345
2013-11-26,0.4877989888191223,0.4877989888191223,0.4706830084323883,0.4877989888191223,0.4359443485736847,1254691
2013-11-27,0.4792410135269165,0.4877989888191223,0.4792410135269165,0.4877989888191223,0.4359443485736847,514146
2013-11-28,0.4877989888191223,0.5220299959182739,0.4877989888191223,0.5134720206260681,0.4588882327079773,3650437
2013-11-29,0.5220299959182739,0.5220299959182739,0.5134720206260681,0.5134720206260681,0.4588882327079773,666052
2013-12-02,0.5049139857292175,0.5049139857292175,0.4963560104370117,0.5049139857292175,0.4512399435043335,708897
2013-12-03,0.5134720206260681,0.5220299959182739,0.5049139857292175,0.5220299959182739,0.46653640270233154,1460642
2013-12-04,0.5220299959182739,0.5220299959182739,0.4963560104370117,0.5049139857292175,0.4512399435043335,2418824
2013-12-05,0.4963560104370117,0.5134720206260681,0.4963560104370117,0.4963560104370117,0.4435917139053345,467405
2013-12-06,0.4963560104370117,0.4963560104370117,0.4963560104370117,0.4963560104370117,0.4435917139053345,981551
2013-12-09,0.4963560104370117,0.4963560104370117,0.4877989888191223,0.4877989888191223,0.4359443485736847,595942
2013-12-10,0.4963560104370117,0.4963560104370117,0.4963560104370117,0.4963560104370117,0.4435917139053345,58425
2013-12-11,0.4963560104370117,0.4963560104370117,0.4706830084323883,0.4706830084323883,0.42064785957336426,1203569
2013-12-12,0.4621250033378601,0.4621250033378601,0.4621250033378601,0.4621250033378601,0.41299960017204285,654367
2013-12-13,0.4706830084323883,0.4792410135269165,0.4706830084323883,0.4792410135269165,0.4282960891723633,490775
2013-12-16,0.4706830084323883,0.4706830084323883,0.4621250033378601,0.4706830084323883,0.42064785957336426,525831
2013-12-17,0.4621250033378601,0.4706830084323883,0.4621250033378601,0.4706830084323883,0.42064785957336426,210332
2013-12-18,0.4621250033378601,0.4621250033378601,0.4535669982433319,0.4621250033378601,0.41299960017204285,899755
2013-12-19,0.4621250033378601,0.4792410135269165,0.4535669982433319,0.4706830084323883,0.42064785957336426,537516
2013-12-20,0.4535669982433319,0.4621250033378601,0.4450089931488037,0.4621250033378601,0.41299960017204285,455720
2013-12-23,0.4621250033378601,0.4621250033378601,0.4621250033378601,0.4621250033378601,0.41299960017204285,0
2013-12-24,0.4621250033378601,0.4621250033378601,0.4621250033378601,0.4621250033378601,0.41299960017204285,0
2013-12-27,0.4792410135269165,0.4792410135269165,0.4792410135269165,0.4792410135269165,0.4282960891723633,70110
2013-12-30,0.4792410135269165,0.4792410135269165,0.4792410135269165,0.4792410135269165,0.4282960891723633,0
2013-12-31,0.4792410135269165,0.4792410135269165,0.4792410135269165,0.4792410135269165,0.4282960891723633,0
2014-01-02,0.4792410135269165,0.4792410135269165,0.4535669982433319,0.4792410135269165,0.4282960891723633,1285365
2014-01-03,0.4706830084323883,0.4706830084323883,0.4706830084323883,0.4706830084323883,0.42064785957336426,116851
2014-01-06,0.4621250033378601,0.4621250033378601,0.4535669982433319,0.4621250033378601,0.41299960017204285,140221
2014-01-07,0.4621250033378601,0.4621250033378601,0.4621250033378601,0.4621250033378601,0.41299960017204285,11685
2014-01-08,0.4535669982433319,0.4621250033378601,0.4535669982433319,0.4621250033378601,0.41299960017204285,46740
2014-01-09,0.4621250033378601,0.4621250033378601,0.4107779860496521,0.4364509880542755,0.3900547921657562,6123013
2014-01-10,0.4278930127620697,0.4364509880542755,0.4278930127620697,0.4364509880542755,0.3900547921657562,198647
2014-01-13,0.4364509880542755,0.4450089931488037,0.4364509880542755,0.4364509880542755,0.3900547921657562,128536
2014-01-14,0.4278930127620697,0.4364509880542755,0.4278930127620697,0.4364509880542755,0.3900547921657562,140221
2014-01-15,0.4364509880542755,0.4364509880542755,0.4150570034980774,0.4278930127620697,0.3824065923690796,1168514
2014-01-16,0.4236139953136444,0.4278930127620697,0.4022200107574463,0.4193359911441803,0.3747591972351074,1291207
2014-01-17,0.4193359911441803,0.4278930127620697,0.4064989984035492,0.4193359911441803,0.3747591972351074,1191884
2014-01-20,0.4364509880542755,0.4450089931488037,0.4278930127620697,0.4278930127620697,0.3824065923690796,1156828
2014-01-21,0.4450089931488037,0.4450089931488037,0.4278930127620697,0.4278930127620697,0.3824065923690796,619312
2014-01-22,0.4236139953136444,0.4364509880542755,0.4236139953136444,0.4364509880542755,0.3900547921657562,151906
2014-01-23,0.4278930127620697,0.4278930127620697,0.4278930127620697,0.4278930127620697,0.3824065923690796,268758
2014-01-24,0.4278930127620697,0.4278930127620697,0.4193359911441803,0.4193359911441803,0.3747591972351074,362239
2014-01-27,0.4107779860496521,0.4450089931488037,0.4107779860496521,0.4278930127620697,0.3824065923690796,233702
2014-01-28,0.4193359911441803,0.4193359911441803,0.4193359911441803,0.4193359911441803,0.3747591972351074,35055
2014-01-29,0.4278930127620697,0.4278930127620697,0.4278930127620697,0.4278930127620697,0.3824065923690796,105166
2014-01-30,0.4278930127620697,0.4278930127620697,0.4193359911441803,0.4193359911441803,0.3747591972351074,175277
2014-02-04,0.4193359911441803,0.4193359911441803,0.4193359911441803,0.4193359911441803,0.3747591972351074,186962
2014-02-05,0.4193359911441803,0.4193359911441803,0.4193359911441803,0.4193359911441803,0.3747591972351074,0
2014-02-06,0.4278930127620697,0.4364509880542755,0.4236139953136444,0.4236139953136444,0.3785824477672577,630997
2014-02-07,0.4193359911441803,0.4193359911441803,0.4193359911441803,0.4236139953136444,0.3785824477672577,70110
2014-02-10,0.4278930127620697,0.4278930127620697,0.4278930127620697,0.4278930127620697,0.3824065923690796,116851
2014-02-11,0.4236139953136444,0.4236139953136444,0.4236139953136444,0.4236139953136444,0.3785824477672577,105166
2014-02-12,0.4236139953136444,0.4236139953136444,0.4236139953136444,0.4236139953136444,0.3785824477672577,198647
2014-02-13,0.4364509880542755,0.4364509880542755,0.4364509880542755,0.4364509880542755,0.3900547921657562,23370
2014-02-14,0.4278930127620697,0.4364509880542755,0.4278930127620697,0.4364509880542755,0.3900547921657562,93481
2014-02-17,0.4364509880542755,0.4364509880542755,0.4364509880542755,0.4364509880542755,0.3900547921657562,0
2014-02-18,0.4364509880542755,0.4364509880542755,0.4364509880542755,0.4364509880542755,0.3900547921657562,58425
2014-02-19,0.4364509880542755,0.4364509880542755,0.4364509880542755,0.4364509880542755,0.3900547921657562,0
2014-02-20,0.4193359911441803,0.4236139953136444,0.4193359911441803,0.4236139953136444,0.3785824477672577,70110
2014-02-21,0.4236139953136444,0.4236139953136444,0.4193359911441803,0.4193359911441803,0.3747591972351074,280443
2014-02-24,0.4535669982433319,0.4621250033378601,0.4236139953136444,0.4278930127620697,0.3824065923690796,327183
2014-02-25,0.4278930127620697,0.4278930127620697,0.4278930127620697,0.4278930127620697,0.3824065923690796,70110
2014-02-26,0.4278930127620697,0.4278930127620697,0.4278930127620697,0.4278930127620697,0.3824065923690796,0
2014-02-27,0.4193359911441803,0.4278930127620697,0.4193359911441803,0.4278930127620697,0.3824065923690796,116851
2014-02-28,0.4193359911441803,0.4364509880542755,0.4107779860496521,0.4364509880542755,0.3900547921657562,549201
2014-03-03,0.4278930127620697,0.4278930127620697,0.4278930127620697,0.4278930127620697,0.3824065923690796,11685
2014-03-04,0.4236139953136444,0.4236139953136444,0.4236139953136444,0.4236139953136444,0.3785824477672577,93481
2014-03-05,0.4236139953136444,0.4236139953136444,0.4236139953136444,0.4236139953136444,0.3785824477672577,11685
2014-03-06,0.4236139953136444,0.4236139953136444,0.4236139953136444,0.4236139953136444,0.3785824477672577,93481
2014-03-07,0.4450089931488037,0.4535669982433319,0.4364509880542755,0.4364509880542755,0.3900547921657562,736163
2014-03-10,0.4278930127620697,0.4278930127620697,0.4278930127620697,0.4278930127620697,0.3824065923690796,186962
2014-03-11,0.4364509880542755,0.4364509880542755,0.4364509880542755,0.4364509880542755,0.3900547921657562,210332
2014-03-12,0.4364509880542755,0.4364509880542755,0.4236139953136444,0.4236139953136444,0.3785824477672577,268758
2014-03-13,0.4278930127620697,0.4278930127620697,0.4278930127620697,0.4278930127620697,0.3824065923690796,595942
2014-03-14,0.4278930127620697,0.4278930127620697,0.4236139953136444,0.4278930127620697,0.3824065923690796,257073
2014-03-17,0.4236139953136444,0.4236139953136444,0.4236139953136444,0.4236139953136444,0.3785824477672577,11685
2014-03-18,0.4236139953136444,0.4236139953136444,0.4150570034980774,0.4150570034980774,0.37093502283096313,116851
2014-03-19,0.4236139953136444,0.4236139953136444,0.4236139953136444,0.4236139953136444,0.3785824477672577,0
2014-03-20,0.4236139953136444,0.4236139953136444,0.4193359911441803,0.4236139953136444,0.3785824477672577,560886
2014-03-21,0.4278930127620697,0.4278930127620697,0.4236139953136444,0.4236139953136444,0.3785824477672577,210332
2014-03-24,0.4278930127620697,0.4278930127620697,0.4193359911441803,0.4278930127620697,0.3824065923690796,444035
2014-03-25,0.4278930127620697,0.4278930127620697,0.4278930127620697,0.4278930127620697,0.3824065923690796,23370
2014-03-26,0.4193359911441803,0.4278930127620697,0.4107779860496521,0.4150570034980774,0.37093502283096313,2126695
2014-03-27,0.4107779860496521,0.4107779860496521,0.397940993309021,0.4022200107574463,0.3594626784324646,1404163
2014-03-28,0.3936620056629181,0.4064989984035492,0.3893829882144928,0.397940993309021,0.3556385636329651,1659289
2014-03-31,0.3893829882144928,0.3936620056629181,0.3893829882144928,0.3936620056629181,0.35181447863578796,1203569
2014-04-01,0.3936620056629181,0.397940993309021,0.3936620056629181,0.397940993309021,0.3556385636329651,315498
2014-04-02,0.3893829882144928,0.3936620056629181,0.3851040005683899,0.3893829882144928,0.3479903042316437,280443
2014-04-03,0.3851040005683899,0.397940993309021,0.3851040005683899,0.397940993309021,0.3556385636329651,140221
2014-04-04,0.4022200107574463,0.4022200107574463,0.3893829882144928,0.3893829882144928,0.3479903042316437,246464
2014-04-07,0.3936620056629181,0.3936620056629181,0.3936620056629181,0.3936620056629181,0.35181447863578796,11685
2014-04-08,0.3851040005683899,0.3893829882144928,0.3851040005683899,0.3893829882144928,0.3479903042316437,93481
2014-04-09,0.3893829882144928,0.3893829882144928,0.3765459954738617,0.3893829882144928,0.3479903042316437,1146555
2014-04-10,0.3851040005683899,0.3936620056629181,0.3851040005683899,0.3851040005683899,0.344166100025177,584257
2014-04-11,0.3851040005683899,0.3851040005683899,0.380825012922287,0.380825012922287,0.3403420150279999,408979
2014-04-14,0.3851040005683899,0.3851040005683899,0.3851040005683899,0.3851040005683899,0.344166100025177,338869
2014-04-15,0.397940993309021,0.397940993309021,0.3851040005683899,0.3851040005683899,0.344166100025177,549201
2014-04-16,0.3851040005683899,0.3851040005683899,0.3851040005683899,0.3851040005683899,0.344166100025177,35055
2014-04-17,0.3851040005683899,0.3851040005683899,0.3851040005683899,0.3851040005683899,0.344166100025177,35055
2014-04-22,0.3851040005683899,0.3851040005683899,0.3851040005683899,0.3851040005683899,0.344166100025177,11685
2014-04-23,0.3851040005683899,0.3851040005683899,0.3851040005683899,0.3851040005683899,0.344166100025177,0
2014-04-24,0.380825012922287,0.380825012922287,0.380825012922287,0.380825012922287,0.3403420150279999,105166
2014-04-25,0.3851040005683899,0.3851040005683899,0.380825012922287,0.380825012922287,0.3403420150279999,116851
2014-04-28,0.380825012922287,0.380825012922287,0.380825012922287,0.380825012922287,0.3403420150279999,0
2014-04-29,0.380825012922287,0.380825012922287,0.380825012922287,0.380825012922287,0.3403420150279999,0
2014-04-30,0.3851040005683899,0.3851040005683899,0.380825012922287,0.3851040005683899,0.344166100025177,198647
2014-05-02,0.3765459954738617,0.3765459954738617,0.3765459954738617,0.380825012922287,0.3403420150279999,23370
2014-05-05,0.380825012922287,0.380825012922287,0.380825012922287,0.380825012922287,0.3403420150279999,35055
2014-05-07,0.380825012922287,0.380825012922287,0.380825012922287,0.380825012922287,0.3403420150279999,0
2014-05-08,0.3893829882144928,0.3893829882144928,0.3893829882144928,0.3893829882144928,0.3479903042316437,23370
2014-05-09,0.3851040005683899,0.3893829882144928,0.3765459954738617,0.3765459954738617,0.33651790022850037,549201
2014-05-12,0.397940993309021,0.397940993309021,0.397940993309021,0.3936620056629181,0.35181447863578796,11685
2014-05-13,0.3936620056629181,0.3936620056629181,0.3936620056629181,0.3936620056629181,0.35181447863578796,0
2014-05-14,0.3679879903793335,0.3722670078277588,0.3679879903793335,0.3722670078277588,0.33269378542900085,210332
2014-05-15,0.3765459954738617,0.3765459954738617,0.3765459954738617,0.3765459954738617,0.33651790022850037,0
2014-05-16,0.3765459954738617,0.3765459954738617,0.3722670078277588,0.3765459954738617,0.33651790022850037,140221
2014-05-19,0.3765459954738617,0.3765459954738617,0.3765459954738617,0.3765459954738617,0.33651790022850037,0
2014-05-20,0.380825012922287,0.380825012922287,0.3765459954738617,0.3765459954738617,0.33651790022850037,163591
2014-05-21,0.3765459954738617,0.3765459954738617,0.3765459954738617,0.3765459954738617,0.33651790022850037,93481
2014-05-22,0.4022200107574463,0.4022200107574463,0.3765459954738617,0.4022200107574463,0.3594626784324646,490775
2014-05-23,0.380825012922287,0.3851040005683899,0.380825012922287,0.3893829882144928,0.3479903042316437,116851
2014-05-26,0.3679879903793335,0.3851040005683899,0.3679879903793335,0.3851040005683899,0.344166100025177,186962
2014-05-27,0.3851040005683899,0.3851040005683899,0.3851040005683899,0.3851040005683899,0.344166100025177,116851
2014-05-28,0.3936620056629181,0.4364509880542755,0.3936620056629181,0.4107779860496521,0.3671109080314636,1448957
2014-05-29,0.4107779860496521,0.4107779860496521,0.4064989984035492,0.4107779860496521,0.3671109080314636,163591
2014-05-30,0.4107779860496521,0.4107779860496521,0.4064989984035492,0.4107779860496521,0.3671109080314636,514146
2014-06-03,0.4107779860496521,0.4107779860496521,0.4107779860496521,0.4107779860496521,0.3671109080314636,151906
2014-06-04,0.3936620056629181,0.4064989984035492,0.3936620056629181,0.4064989984035492,0.367110937833786,140221
2014-06-05,0.4022200107574463,0.4064989984035492,0.397940993309021,0.4064989984035492,0.367110937833786,93481
2014-06-06,0.397940993309021,0.4064989984035492,0.397940993309021,0.4064989984035492,0.367110937833786,58425
2014-06-09,0.397940993309021,0.4064989984035492,0.397940993309021,0.4064989984035492,0.367110937833786,303813
2014-06-10,0.3936620056629181,0.397940993309021,0.3936620056629181,0.397940993309021,0.35938215255737305,245387
2014-06-11,0.3936620056629181,0.3936620056629181,0.3936620056629181,0.3936620056629181,0.35551780462265015,327183
2014-06-12,0.3936620056629181,0.3936620056629181,0.3936620056629181,0.3936620056629181,0.35551780462265015,11685
2014-06-13,0.4150570034980774,0.4621250033378601,0.4064989984035492,0.4450089931488037,0.401889443397522,10095961
2014-06-16,0.4450089931488037,0.4621250033378601,0.4278930127620697,0.4535669982433319,0.4096182584762573,1848198
2014-06-17,0.4450089931488037,0.4535669982433319,0.4364509880542755,0.4450089931488037,0.401889443397522,595942
2014-06-18,0.4450089931488037,0.4450089931488037,0.4278930127620697,0.4364509880542755,0.3941606879234314,373924
2014-06-19,0.4364509880542755,0.4364509880542755,0.4278930127620697,0.4278930127620697,0.3864319920539856,502461
2014-06-20,0.4193359911441803,0.4278930127620697,0.4193359911441803,0.4278930127620697,0.3864319920539856,268758
2014-06-23,0.4278930127620697,0.4278930127620697,0.4193359911441803,0.4193359911441803,0.37870410084724426,701108
2014-06-24,0.4193359911441803,0.4193359911441803,0.4193359911441803,0.4193359911441803,0.37870410084724426,0
2014-06-25,0.4150570034980774,0.4150570034980774,0.4150570034980774,0.4150570034980774,0.3748396933078766,93481
2014-06-26,0.4150570034980774,0.4150570034980774,0.4150570034980774,0.4150570034980774,0.3748396933078766,46740
2014-06-27,0.4022200107574463,0.4064989984035492,0.3851040005683899,0.4064989984035492,0.367110937833786,444035
2014-06-30,0.4150570034980774,0.4150570034980774,0.4150570034980774,0.4150570034980774,0.3748396933078766,151906
2014-07-02,0.4107779860496521,0.4107779860496521,0.4064989984035492,0.4107779860496521,0.3709752857685089,46740
2014-07-03,0.4107779860496521,0.4150570034980774,0.3893829882144928,0.4150570034980774,0.3748396933078766,315498
2014-07-04,0.4107779860496521,0.4236139953136444,0.4107779860496521,0.4150570034980774,0.3748396933078766,385609
2014-07-07,0.4107779860496521,0.4107779860496521,0.4107779860496521,0.4107779860496521,0.3709752857685089,268758
2014-07-08,0.4107779860496521,0.4107779860496521,0.4107779860496521,0.4107779860496521,0.3709752857685089,64268
2014-07-09,0.4064989984035492,0.4064989984035492,0.4064989984035492,0.4064989984035492,0.367110937833786,151906
2014-07-10,0.4150570034980774,0.4278930127620697,0.4150570034980774,0.4193359911441803,0.37870410084724426,899755
2014-07-11,0.4107779860496521,0.4107779860496521,0.4107779860496521,0.4150570034980774,0.3748396933078766,163591
2014-07-14,0.4150570034980774,0.4278930127620697,0.4150570034980774,0.4236139953136444,0.38256755471229553,549201
2014-07-15,0.4236139953136444,0.4278930127620697,0.4236139953136444,0.4278930127620697,0.3864319920539856,280443
2014-07-16,0.4278930127620697,0.4278930127620697,0.4236139953136444,0.4236139953136444,0.38256755471229553,375677
2014-07-17,0.4193359911441803,0.4193359911441803,0.4193359911441803,0.4193359911441803,0.37870410084724426,175277
2014-07-18,0.4150570034980774,0.4150570034980774,0.4150570034980774,0.4150570034980774,0.3748396933078766,23370
2014-07-21,0.4150570034980774,0.4150570034980774,0.4150570034980774,0.4150570034980774,0.3748396933078766,0
2014-07-22,0.4278930127620697,0.4278930127620697,0.4193359911441803,0.4193359911441803,0.37870410084724426,179171
2014-07-23,0.4193359911441803,0.4236139953136444,0.4150570034980774,0.4193359911441803,0.37870410084724426,654367
2014-07-24,0.4193359911441803,0.4193359911441803,0.4107779860496521,0.4107779860496521,0.3709752857685089,340329
2014-07-25,0.4107779860496521,0.4150570034980774,0.4022200107574463,0.4107779860496521,0.3709752857685089,432350
2014-07-28,0.4022200107574463,0.4364509880542755,0.4022200107574463,0.4278930127620697,0.3864319920539856,934811
2014-07-29,0.4278930127620697,0.4364509880542755,0.4193359911441803,0.4278930127620697,0.3864319920539856,771219
2014-07-30,0.4278930127620697,0.4278930127620697,0.4236139953136444,0.4236139953136444,0.38256755471229553,420665
2014-07-31,0.4193359911441803,0.4236139953136444,0.4107779860496521,0.4193359911441803,0.37870410084724426,622233
2014-08-01,0.4193359911441803,0.4193359911441803,0.4193359911441803,0.4193359911441803,0.37870410084724426,105166
2014-08-04,0.4193359911441803,0.4236139953136444,0.4193359911441803,0.4236139953136444,0.38256755471229553,140221
2014-08-05,0.4278930127620697,0.4535669982433319,0.4193359911441803,0.4535669982433319,0.4096182584762573,2290287
2014-08-06,0.4535669982433319,0.4963560104370117,0.4450089931488037,0.4877989888191223,0.44053328037261963,4568889
2014-08-07,0.4877989888191223,0.5049139857292175,0.4621250033378601,0.4706830084323883,0.4250757694244385,4621472
2014-08-08,0.4706830084323883,0.4706830084323883,0.4621250033378601,0.4706830084323883,0.4250757694244385,817959
2014-08-11,0.4706830084323883,0.4706830084323883,0.4621250033378601,0.4706830084323883,0.4250757694244385,701108
2014-08-12,0.4706830084323883,0.4706830084323883,0.4621250033378601,0.4621250033378601,0.4173470437526703,385609
2014-08-13,0.4621250033378601,0.4963560104370117,0.4621250033378601,0.4877989888191223,0.44053328037261963,1659289
2014-08-14,0.4792410135269165,0.4963560104370117,0.4621250033378601,0.4792410135269165,0.43280452489852905,1624234
2014-08-15,0.4792410135269165,0.4792410135269165,0.4706830084323883,0.4706830084323883,0.4250757694244385,175277
2014-08-18,0.4877989888191223,0.5134720206260681,0.4877989888191223,0.4877989888191223,0.44053328037261963,1460642
2014-08-19,0.4963560104370117,0.5134720206260681,0.4706830084323883,0.4877989888191223,0.44053328037261963,1145143
2014-08-20,0.4877989888191223,0.5220299959182739,0.4877989888191223,0.4963560104370117,0.44826117157936096,2021529
2014-08-21,0.4877989888191223,0.4963560104370117,0.4877989888191223,0.4963560104370117,0.44826117157936096,210332
2014-08-22,0.4877989888191223,0.4963560104370117,0.4877989888191223,0.4877989888191223,0.44053328037261963,280443
2014-08-25,0.4877989888191223,0.4877989888191223,0.4877989888191223,0.4877989888191223,0.44053328037261963,560886
2014-08-26,0.4963560104370117,0.4963560104370117,0.4877989888191223,0.4877989888191223,0.44053328037261963,607627
2014-08-27,0.4792410135269165,0.4792410135269165,0.4107779860496521,0.4450089931488037,0.401889443397522,2944655
2014-08-28,0.4621250033378601,0.4621250033378601,0.4450089931488037,0.4450089931488037,0.401889443397522,280443
2014-08-29,0.4450089931488037,0.4450089931488037,0.4450089931488037,0.4450089931488037,0.401889443397522,257073
2014-09-01,0.4450089931488037,0.4450089931488037,0.4107779860496521,0.4364509880542755,0.3941606879234314,1612549
2014-09-02,0.4364509880542755,0.4364509880542755,0.4364509880542755,0.4364509880542755,0.3941606879234314,58425
2014-09-03,0.4364509880542755,0.4364509880542755,0.4364509880542755,0.4364509880542755,0.3941606879234314,0
2014-09-04,0.4364509880542755,0.4535669982433319,0.4364509880542755,0.4364509880542755,0.3941606879234314,105166
2014-09-05,0.4364509880542755,0.4364509880542755,0.4364509880542755,0.4364509880542755,0.3941606879234314,0
2014-09-08,0.4450089931488037,0.4450089931488037,0.4450089931488037,0.4450089931488037,0.401889443397522,70110
2014-09-10,0.4364509880542755,0.4621250033378601,0.4364509880542755,0.4535669982433319,0.4096182584762573,175277
2014-09-11,0.4450089931488037,0.4621250033378601,0.4450089931488037,0.4621250033378601,0.4173470437526703,268758
2014-09-12,0.4621250033378601,0.4621250033378601,0.4450089931488037,0.4450089931488037,0.401889443397522,105166
2014-09-15,0.4450089931488037,0.4450089931488037,0.4450089931488037,0.4450089931488037,0.401889443397522,11685
2014-09-16,0.4450089931488037,0.4450089931488037,0.4450089931488037,0.4450089931488037,0.401889443397522,0
2014-09-17,0.4450089931488037,0.4450089931488037,0.4450089931488037,0.4450089931488037,0.401889443397522,280443
2014-09-18,0.4364509880542755,0.4535669982433319,0.4364509880542755,0.4535669982433319,0.4096182584762573,185014
2014-09-19,0.4535669982433319,0.4621250033378601,0.4535669982433319,0.4621250033378601,0.4173470437526703,295049
2014-09-22,0.4621250033378601,0.4621250033378601,0.4278930127620697,0.4364509880542755,0.3941606879234314,303813
2014-09-23,0.4450089931488037,0.4877989888191223,0.4278930127620697,0.4450089931488037,0.401889443397522,969866
2014-09-24,0.4364509880542755,0.4621250033378601,0.4278930127620697,0.4535669982433319,0.4096182584762573,1390531
2014-09-25,0.4364509880542755,0.4535669982433319,0.4364509880542755,0.4450089931488037,0.401889443397522,701108
2014-09-26,0.4450089931488037,0.4450089931488037,0.4450089931488037,0.4450089931488037,0.401889443397522,595942
2014-09-29,0.4278930127620697,0.4450089931488037,0.4150570034980774,0.4450089931488037,0.401889443397522,3061506
2014-09-30,0.4535669982433319,0.4535669982433319,0.4278930127620697,0.4278930127620697,0.3864319920539856,582309
2014-10-03,0.4278930127620697,0.4278930127620697,0.4278930127620697,0.4278930127620697,0.3864319920539856,116851
2014-10-06,0.4278930127620697,0.4364509880542755,0.4278930127620697,0.4364509880542755,0.3941606879234314,198647
2014-10-07,0.4278930127620697,0.4278930127620697,0.4278930127620697,0.4278930127620697,0.3864319920539856,222017
2014-10-08,0.4278930127620697,0.4535669982433319,0.4278930127620697,0.4450089931488037,0.401889443397522,747848
2014-10-09,0.4450089931488037,0.4706830084323883,0.4450089931488037,0.4621250033378601,0.4173470437526703,1460642
2014-10-10,0.4450089931488037,0.4535669982433319,0.4364509880542755,0.4535669982433319,0.4096182584762573,210332
2014-10-13,0.4792410135269165,0.4792410135269165,0.4364509880542755,0.4535669982433319,0.4096182584762573,362239
2014-10-14,0.4535669982433319,0.4535669982433319,0.4535669982433319,0.4535669982433319,0.4096182584762573,0
2014-10-15,0.4535669982433319,0.4621250033378601,0.4450089931488037,0.4450089931488037,0.401889443397522,81795
2014-10-16,0.4450089931488037,0.4450089931488037,0.4450089931488037,0.4450089931488037,0.401889443397522,257073
2014-10-17,0.4450089931488037,0.4450089931488037,0.4450089931488037,0.4450089931488037,0.401889443397522,233702
2014-10-20,0.4450089931488037,0.4450089931488037,0.4450089931488037,0.4450089931488037,0.401889443397522,151906
2014-10-21,0.4364509880542755,0.4364509880542755,0.4364509880542755,0.4364509880542755,0.3941606879234314,116851
2014-10-22,0.4364509880542755,0.4364509880542755,0.4364509880542755,0.4364509880542755,0.3941606879234314,11685
2014-10-23,0.4364509880542755,0.4450089931488037,0.4364509880542755,0.4364509880542755,0.3941606879234314,467405
2014-10-24,0.4364509880542755,0.4450089931488037,0.4364509880542755,0.4450089931488037,0.401889443397522,455720
2014-10-27,0.4450089931488037,0.4450089931488037,0.4450089931488037,0.4450089931488037,0.401889443397522,81795
2014-10-28,0.4450089931488037,0.4535669982433319,0.4450089931488037,0.4535669982433319,0.4096182584762573,81795
2014-10-29,0.4450089931488037,0.4450089931488037,0.4450089931488037,0.4450089931488037,0.401889443397522,93481
2014-10-30,0.4450089931488037,0.4535669982433319,0.4450089931488037,0.4535669982433319,0.4096182584762573,444035
2014-10-31,0.4535669982433319,0.4535669982433319,0.4535669982433319,0.4535669982433319,0.4096182584762573,1168514
2014-11-03,0.4621250033378601,0.4706830084323883,0.4621250033378601,0.4621250033378601,0.4173470437526703,1110088
2014-11-04,0.4706830084323883,0.5819349884986877,0.4621250033378601,0.5648189783096313,0.5100902915000916,18051593
2014-11-05,0.5819349884986877,0.6675140261650085,0.5819349884986877,0.6675140261650085,0.6028347611427307,31212991
2014-11-06,0.6675140261650085,0.6675140261650085,0.5990509986877441,0.60760897397995,0.5487342476844788,10311356
2014-11-07,0.60760897397995,0.60760897397995,0.5648189783096313,0.5648189783096313,0.5100902915000916,4335187
2014-11-10,0.5733770132064819,0.5904930233955383,0.5648189783096313,0.5819349884986877,0.5255479216575623,2597853
2014-11-11,0.5990509986877441,0.6247249841690063,0.5819349884986877,0.6247249841690063,0.5641916394233704,2804433
2014-11-12,0.6161670088768005,0.710303008556366,0.5904930233955383,0.6846299767494202,0.6182920932769775,11790306
2014-11-13,0.7017449736595154,0.7017449736595154,0.6503980159759521,0.658955991268158,0.5951058864593506,6092924
2014-11-14,0.6675140261650085,0.7359769940376282,0.6503980159759521,0.710303008556366,0.641477644443512,11294856
2014-11-17,0.7188609838485718,0.7274190187454224,0.6846299767494202,0.6931880116462708,0.6260209679603577,3552282
2014-11-18,0.7017449736595154,0.7017449736595154,0.6503980159759521,0.658955991268158,0.5951058864593506,2722637
2014-11-19,0.6503980159759521,0.6503980159759521,0.5990509986877441,0.6161670088768005,0.5564630031585693,2629156
2014-11-20,0.6161670088768005,0.6161670088768005,0.5819349884986877,0.60760897397995,0.5487342476844788,1682660
2014-11-21,0.60760897397995,0.6418399810791016,0.60760897397995,0.6247249841690063,0.5641916394233704,1250310
2014-11-24,0.6247249841690063,0.6332820057868958,0.5904930233955383,0.5904930233955383,0.5332766771316528,1776141
2014-11-25,0.5904930233955383,0.5990509986877441,0.5819349884986877,0.5904930233955383,0.5332766771316528,549201
2014-11-26,0.5990509986877441,0.5990509986877441,0.5477039813995361,0.5819349884986877,0.5255479216575623,2488934
2014-11-27,0.5819349884986877,0.5990509986877441,0.5648189783096313,0.5648189783096313,0.5100902915000916,1297050
2014-11-28,0.5648189783096313,0.5819349884986877,0.5648189783096313,0.5819349884986877,0.5255479216575623,1028292
2014-12-01,0.5648189783096313,0.5648189783096313,0.5305879712104797,0.5391460061073303,0.486905038356781,1589179
2014-12-02,0.5305879712104797,0.5305879712104797,0.5134720206260681,0.5305879712104797,0.47917622327804565,2442194
2014-12-03,0.5134720206260681,0.5134720206260681,0.4877989888191223,0.5134720206260681,0.4637187421321869,2079954
2014-12-04,0.5049139857292175,0.5305879712104797,0.4877989888191223,0.5305879712104797,0.47917622327804565,2734322
2014-12-05,0.5305879712104797,0.5733770132064819,0.5305879712104797,0.5477039813995361,0.4946337938308716,1602812
2014-12-08,0.5562620162963867,0.5562620162963867,0.5134720206260681,0.5134720206260681,0.4637187421321869,1016607
2014-12-09,0.5305879712104797,0.5391460061073303,0.5220299959182739,0.5305879712104797,0.47917622327804565,1075032
2014-12-10,0.5391460061073303,0.5391460061073303,0.5305879712104797,0.5391460061073303,0.486905038356781,198647
2014-12-11,0.5134720206260681,0.5134720206260681,0.5049139857292175,0.5049139857292175,0.45598989725112915,163591
2014-12-12,0.4963560104370117,0.5648189783096313,0.4963560104370117,0.5305879712104797,0.47917622327804565,759534
2014-12-15,0.5305879712104797,0.5391460061073303,0.5220299959182739,0.5391460061073303,0.486905038356781,292128
2014-12-16,0.5391460061073303,0.5391460061073303,0.5305879712104797,0.5305879712104797,0.47917622327804565,128536
2014-12-17,0.5220299959182739,0.5220299959182739,0.5049139857292175,0.5049139857292175,0.45598989725112915,806274
2014-12-18,0.5134720206260681,0.5134720206260681,0.5134720206260681,0.5134720206260681,0.4637187421321869,467405
2014-12-19,0.4963560104370117,0.4963560104370117,0.4877989888191223,0.4963560104370117,0.44826117157936096,479090
2014-12-22,0.5049139857292175,0.5049139857292175,0.4877989888191223,0.4877989888191223,0.44053328037261963,467405
2014-12-23,0.4792410135269165,0.4963560104370117,0.4706830084323883,0.4877989888191223,0.44053328037261963,198647
2014-12-24,0.4706830084323883,0.4792410135269165,0.4706830084323883,0.4792410135269165,0.43280452489852905,93481
2014-12-29,0.4877989888191223,0.4877989888191223,0.4706830084323883,0.4706830084323883,0.4250757694244385,747848
2014-12-30,0.4706830084323883,0.4706830084323883,0.4706830084323883,0.4706830084323883,0.4250757694244385,432350
2014-12-31,0.4706830084323883,0.4706830084323883,0.4706830084323883,0.4706830084323883,0.4250757694244385,46740
2015-01-02,0.4706830084323883,0.5819349884986877,0.4706830084323883,0.5134720206260681,0.4637187421321869,689423
2015-01-05,0.4792410135269165,0.5134720206260681,0.4792410135269165,0.5134720206260681,0.4637187421321869,186962
2015-01-06,0.4963560104370117,0.5305879712104797,0.4963560104370117,0.5134720206260681,0.4637187421321869,239545
2015-01-07,0.5134720206260681,0.5134720206260681,0.5134720206260681,0.5134720206260681,0.4637187421321869,0
2015-01-08,0.5049139857292175,0.5049139857292175,0.5049139857292175,0.5049139857292175,0.45598989725112915,151906
2015-01-09,0.5049139857292175,0.5049139857292175,0.5049139857292175,0.5049139857292175,0.45598989725112915,85301
2015-01-12,0.4706830084323883,0.5134720206260681,0.4706830084323883,0.4963560104370117,0.44826117157936096,455720
2015-01-13,0.4963560104370117,0.5049139857292175,0.4963560104370117,0.4963560104370117,0.44826117157936096,385609
2015-01-14,0.4792410135269165,0.4792410135269165,0.4706830084323883,0.4792410135269165,0.43280452489852905,93481
2015-01-15,0.4792410135269165,0.4963560104370117,0.4792410135269165,0.4877989888191223,0.44053328037261963,444035
2015-01-16,0.4963560104370117,0.5134720206260681,0.4877989888191223,0.4877989888191223,0.44053328037261963,303813
2015-01-19,0.4706830084323883,0.4706830084323883,0.4706830084323883,0.4706830084323883,0.4250757694244385,268758
2015-01-20,0.4535669982433319,0.4706830084323883,0.4535669982433319,0.4706830084323883,0.4250757694244385,93481
2015-01-21,0.4706830084323883,0.4792410135269165,0.4706830084323883,0.4706830084323883,0.4250757694244385,467405
2015-01-22,0.4535669982433319,0.4792410135269165,0.4535669982433319,0.4792410135269165,0.43280452489852905,128536
2015-01-23,0.4535669982433319,0.4706830084323883,0.4535669982433319,0.4706830084323883,0.4250757694244385,175277
2015-01-26,0.4621250033378601,0.4621250033378601,0.4535669982433319,0.4535669982433319,0.4096182584762573,154828
2015-01-27,0.4535669982433319,0.4792410135269165,0.4535669982433319,0.4792410135269165,0.43280452489852905,93481
2015-01-28,0.4706830084323883,0.4792410135269165,0.4706830084323883,0.4792410135269165,0.43280452489852905,70110
2015-01-29,0.4706830084323883,0.4706830084323883,0.4706830084323883,0.4706830084323883,0.4250757694244385,46740
2015-01-30,0.4706830084323883,0.4706830084323883,0.4621250033378601,0.4621250033378601,0.4173470437526703,81795
2015-02-02,0.4621250033378601,0.4621250033378601,0.4535669982433319,0.4535669982433319,0.4096182584762573,1191884
2015-02-03,0.4621250033378601,0.4706830084323883,0.4621250033378601,0.4706830084323883,0.4250757694244385,420665
2015-02-04,0.4706830084323883,0.4706830084323883,0.4706830084323883,0.4706830084323883,0.4250757694244385,0
2015-02-05,0.4706830084323883,0.4706830084323883,0.4535669982433319,0.4535669982433319,0.4096182584762573,140221
2015-02-06,0.4621250033378601,0.4621250033378601,0.4450089931488037,0.4450089931488037,0.401889443397522,560886
2015-02-09,0.4450089931488037,0.4450089931488037,0.4364509880542755,0.4450089931488037,0.401889443397522,151906
2015-02-10,0.4535669982433319,0.4535669982433319,0.4535669982433319,0.4535669982433319,0.4096182584762573,70110
2015-02-11,0.4621250033378601,0.4621250033378601,0.4621250033378601,0.4621250033378601,0.4173470437526703,175277
2015-02-12,0.4621250033378601,0.4621250033378601,0.4621250033378601,0.4621250033378601,0.4173470437526703,0
2015-02-13,0.4621250033378601,0.4621250033378601,0.4621250033378601,0.4621250033378601,0.4173470437526703,0
2015-02-16,0.4621250033378601,0.4621250033378601,0.4621250033378601,0.4621250033378601,0.4173470437526703,0
2015-02-17,0.4706830084323883,0.5134720206260681,0.4706830084323883,0.5134720206260681,0.4637187421321869,2956340
2015-02-18,0.5134720206260681,0.5305879712104797,0.5134720206260681,0.5305879712104797,0.47917622327804565,70110
2015-02-23,0.5305879712104797,0.5305879712104797,0.5305879712104797,0.5305879712104797,0.47917622327804565,23370
2015-02-24,0.5049139857292175,0.5134720206260681,0.5049139857292175,0.5134720206260681,0.4637187421321869,385609
2015-02-25,0.5134720206260681,0.5134720206260681,0.4963560104370117,0.4963560104370117,0.44826117157936096,373924
2015-02-26,0.5134720206260681,0.5134720206260681,0.5134720206260681,0.5134720206260681,0.4637187421321869,315498
2015-02-27,0.5134720206260681,0.5220299959182739,0.5134720206260681,0.5134720206260681,0.4637187421321869,233702
2015-03-02,0.5134720206260681,0.5220299959182739,0.4963560104370117,0.4963560104370117,0.44826117157936096,128536
2015-03-03,0.5049139857292175,0.5134720206260681,0.5049139857292175,0.5134720206260681,0.4637187421321869,81795
2015-03-04,0.5134720206260681,0.5134720206260681,0.5134720206260681,0.5134720206260681,0.4637187421321869,0
2015-03-05,0.4877989888191223,0.5134720206260681,0.4792410135269165,0.5134720206260681,0.4637187421321869,222017
2015-03-06,0.5305879712104797,0.5305879712104797,0.5134720206260681,0.5134720206260681,0.4637187421321869,584257
2015-03-09,0.4963560104370117,0.4963560104370117,0.4877989888191223,0.4877989888191223,0.44053328037261963,186962
2015-03-10,0.4877989888191223,0.5134720206260681,0.4792410135269165,0.5134720206260681,0.4637187421321869,210332
2015-03-11,0.5049139857292175,0.5134720206260681,0.5049139857292175,0.5134720206260681,0.4637187421321869,432350
2015-03-12,0.5049139857292175,0.5220299959182739,0.5049139857292175,0.5049139857292175,0.45598989725112915,584257
2015-03-13,0.5049139857292175,0.5220299959182739,0.5049139857292175,0.5049139857292175,0.45598989725112915,81795
2015-03-16,0.4877989888191223,0.5049139857292175,0.4877989888191223,0.5049139857292175,0.45598989725112915,151906
2015-03-17,0.4963560104370117,0.4963560104370117,0.4706830084323883,0.4792410135269165,0.43280452489852905,1320420
2015-03-18,0.5134720206260681,0.5134720206260681,0.4877989888191223,0.4877989888191223,0.44053328037261963,654367
2015-03-19,0.4877989888191223,0.4963560104370117,0.4877989888191223,0.4963560104370117,0.44826117157936096,315498
2015-03-20,0.4963560104370117,0.4963560104370117,0.4963560104370117,0.4963560104370117,0.44826117157936096,11685
2015-03-23,0.4963560104370117,0.4963560104370117,0.4792410135269165,0.4792410135269165,0.43280452489852905,502461
2015-03-24,0.4877989888191223,0.4963560104370117,0.4877989888191223,0.4963560104370117,0.44826117157936096,292128
2015-03-25,0.4963560104370117,0.6161670088768005,0.4963560104370117,0.5990509986877441,0.5410054326057434,6099643
2015-03-26,0.5990509986877441,0.60760897397995,0.5562620162963867,0.5648189783096313,0.5100902915000916,1226939
2015-03-27,0.5648189783096313,0.5819349884986877,0.5648189783096313,0.5648189783096313,0.5100902915000916,595942
2015-03-30,0.5562620162963867,0.5562620162963867,0.5391460061073303,0.5391460061073303,0.486905038356781,1051662
2015-03-31,0.5305879712104797,0.5819349884986877,0.5305879712104797,0.5819349884986877,0.5255479216575623,759534
2015-04-01,0.5904930233955383,0.5819349884986877,0.5648189783096313,0.5733770132064819,0.5178190469741821,595942
2015-04-02,0.5562620162963867,0.5819349884986877,0.5305879712104797,0.5819349884986877,0.5255479216575623,1039977
2015-04-08,0.5648189783096313,0.6161670088768005,0.5562620162963867,0.6161670088768005,0.5564630031585693,6125934
2015-04-09,0.6418399810791016,0.6503980159759521,0.5990509986877441,0.6161670088768005,0.5564630031585693,4206650
2015-04-10,0.6247249841690063,0.6418399810791016,0.5990509986877441,0.5990509986877441,0.5410054326057434,2196806
2015-04-13,0.6161670088768005,0.7017449736595154,0.5990509986877441,0.7017449736595154,0.6337487697601318,4463723
2015-04-14,0.7359769940376282,0.7359769940376282,0.658955991268158,0.6760720014572144,0.6105634570121765,2235951
2015-04-15,0.7017449736595154,0.7017449736595154,0.6418399810791016,0.6418399810791016,0.5796483755111694,876385
2015-04-16,0.6418399810791016,0.658955991268158,0.6247249841690063,0.658955991268158,0.5951058864593506,1869622
2015-04-17,0.658955991268158,0.6760720014572144,0.6332820057868958,0.6332820057868958,0.5719196200370789,1425587
2015-04-20,0.6161670088768005,0.6332820057868958,0.5990509986877441,0.6161670088768005,0.5564630031585693,257073
2015-04-21,0.6161670088768005,0.6675140261650085,0.6161670088768005,0.6418399810791016,0.5796483755111694,759534
2015-04-22,0.6418399810791016,0.658955991268158,0.6418399810791016,0.658955991268158,0.5951058864593506,684749
2015-04-23,0.6418399810791016,0.6418399810791016,0.6161670088768005,0.6247249841690063,0.5641916394233704,934811
2015-04-24,0.5990509986877441,0.6418399810791016,0.5904930233955383,0.6161670088768005,0.5564630031585693,560886
2015-04-27,0.6247249841690063,0.6418399810791016,0.60760897397995,0.6247249841690063,0.5641916394233704,4767537
2015-04-28,0.6418399810791016,0.6418399810791016,0.6161670088768005,0.6247249841690063,0.5641916394233704,1659289
2015-04-29,0.6161670088768005,0.6332820057868958,0.6161670088768005,0.6247249841690063,0.5641916394233704,4194965
2015-04-30,0.60760897397995,0.60760897397995,0.5990509986877441,0.60760897397995,0.5487342476844788,5842570
2015-05-04,0.60760897397995,0.658955991268158,0.60760897397995,0.6332820057868958,0.5719196200370789,2089303
2015-05-05,0.658955991268158,0.6760720014572144,0.6418399810791016,0.6503980159759521,0.58737713098526,2547360
2015-05-06,0.6760720014572144,0.6846299767494202,0.658955991268158,0.6675140261650085,0.6028347611427307,4744166
2015-05-07,0.6675140261650085,0.6675140261650085,0.6332820057868958,0.6418399810791016,0.5796483755111694,7279842
2015-05-08,0.6675140261650085,0.6846299767494202,0.658955991268158,0.6675140261650085,0.6028347611427307,6228179
2015-05-11,0.7359769940376282,0.9156919717788696,0.7359769940376282,0.8215559720993042,0.7419505715370178,27827905
2015-05-12,0.84722900390625,0.8557869791984558,0.7274190187454224,0.7702080011367798,0.6955779790878296,6136645
2015-05-13,0.7787659764289856,0.795881986618042,0.7274190187454224,0.7445350289344788,0.6723926067352295,3680819
2015-05-14,0.7445350289344788,0.8044400215148926,0.7445350289344788,0.7616509795188904,0.6878501772880554,3298715
2015-05-15,0.7702080011367798,0.7873240113258362,0.7616509795188904,0.7702080011367798,0.6955779790878296,2623313
2015-05-18,0.7530930042266846,0.7530930042266846,0.7359769940376282,0.7445350289344788,0.6723926067352295,958181
2015-05-19,0.7445350289344788,0.7702080011367798,0.7359769940376282,0.7702080011367798,0.6955779790878296,1869622
2015-05-20,0.7702080011367798,0.7702080011367798,0.7274190187454224,0.7359769940376282,0.6646638512611389,1332105
2015-05-21,0.7359769940376282,0.7445350289344788,0.7274190187454224,0.7274190187454224,0.6569350957870483,1203569
2015-05-22,0.7274190187454224,0.7616509795188904,0.7017449736595154,0.710303008556366,0.641477644443512,6158068
2015-05-26,0.7188609838485718,0.8044400215148926,0.7188609838485718,0.7530930042266846,0.6801213622093201,4954499
2015-05-27,0.7787659764289856,0.7873240113258362,0.7530930042266846,0.7873240113258362,0.7110356092453003,3248468
2015-05-28,0.8215559720993042,0.8386719822883606,0.7702080011367798,0.7702080011367798,0.6955779790878296,3225098
2015-05-29,0.795881986618042,0.795881986618042,0.7616509795188904,0.7702080011367798,0.6955779790878296,3108247
2015-06-01,0.7702080011367798,0.7787659764289856,0.7530930042266846,0.7702080011367798,0.6955779790878296,1998158
2015-06-02,0.795881986618042,0.795881986618042,0.7530930042266846,0.7616509795188904,0.6878501772880554,923126
2015-06-03,0.7873240113258362,0.7873240113258362,0.7359769940376282,0.7702080011367798,0.6955779790878296,4381927
2015-06-04,0.7702080011367798,0.7873240113258362,0.7188609838485718,0.7616509795188904,0.6878501772880554,4568889
2015-06-05,0.7873240113258362,0.8729029893875122,0.7873240113258362,0.795881986618042,0.7187643051147461,6052902
2015-06-08,0.8044400215148926,0.8129979968070984,0.7616509795188904,0.7616509795188904,0.6878501772880554,2477249
2015-06-09,0.7530930042266846,0.7530930042266846,0.7188609838485718,0.7530930042266846,0.6801213622093201,2997238
2015-06-10,0.7702080011367798,0.7873240113258362,0.7359769940376282,0.7530930042266846,0.6840078234672546,1589179
2015-06-11,0.7445350289344788,0.7530930042266846,0.7188609838485718,0.7359769940376282,0.6684618592262268,1051662
2015-06-12,0.7359769940376282,0.7445350289344788,0.7188609838485718,0.7359769940376282,0.6684618592262268,712793
2015-06-15,0.7188609838485718,0.7445350289344788,0.6931880116462708,0.7188609838485718,0.6529161334037781,2652526
2015-06-16,0.7188609838485718,0.7188609838485718,0.7017449736595154,0.7188609838485718,0.6529161334037781,268758
2015-06-17,0.7188609838485718,0.7359769940376282,0.7188609838485718,0.7359769940376282,0.6684618592262268,1063347
2015-06-18,0.7188609838485718,0.7188609838485718,0.710303008556366,0.710303008556366,0.6451431512832642,654367
2015-06-19,0.7274190187454224,0.7359769940376282,0.6675140261650085,0.6846299767494202,0.6218252778053284,2664813
2015-06-22,0.6846299767494202,0.6846299767494202,0.6418399810791016,0.6675140261650085,0.6062794923782349,2056643
2015-06-23,0.6760720014572144,0.6931880116462708,0.6675140261650085,0.6846299767494202,0.6218252778053284,1612724
2015-06-24,0.6931880116462708,0.7530930042266846,0.6931880116462708,0.7359769940376282,0.6684618592262268,4645690
2015-06-25,0.7530930042266846,0.7616509795188904,0.7274190187454224,0.7445350289344788,0.6762349009513855,1577493
2015-06-26,0.7359769940376282,0.7445350289344788,0.7017449736595154,0.710303008556366,0.6451431512832642,1857948
2015-06-29,0.710303008556366,0.710303008556366,0.6675140261650085,0.6846299767494202,0.6218252778053284,1215412
2015-06-30,0.6503980159759521,0.7530930042266846,0.6503980159759521,0.7274190187454224,0.6606890559196472,4825962
2015-07-02,0.7053760290145874,0.7230100035667419,0.6701070070266724,0.6877419948577881,0.6246518492698669,782560
2015-07-03,0.6877419948577881,0.6877419948577881,0.5995699763298035,0.652472972869873,0.5926182270050049,1950731
2015-07-06,0.6260210275650024,0.6260210275650024,0.5202149748802185,0.5466660261154175,0.49651747941970825,4491218
2015-07-07,0.5113980174064636,0.5643010139465332,0.5113980174064636,0.5466660261154175,0.49651747941970825,748536
2015-07-08,0.4937629997730255,0.5290319919586182,0.37032198905944824,0.44086000323295593,0.40041765570640564,2767316
2015-07-09,0.4496769905090332,0.6083869934082031,0.4496769905090332,0.5995699763298035,0.5445683002471924,816585
2015-07-10,0.6083869934082031,0.6083869934082031,0.5819349884986877,0.5907520055770874,0.5365592241287231,2018779
2015-07-13,0.6083869934082031,0.6348379850387573,0.5643010139465332,0.6348379850387573,0.5766010284423828,1531097
2015-07-14,0.6348379850387573,0.6348379850387573,0.6083869934082031,0.6083869934082031,0.55257648229599,136097
2015-07-15,0.6083869934082031,0.6172040104866028,0.5907520055770874,0.5995699763298035,0.5445683002471924,625669
2015-07-16,0.5995699763298035,0.6172040104866028,0.6083869934082031,0.6083869934082031,0.55257648229599,457438
2015-07-17,0.6260210275650024,0.6260210275650024,0.6083869934082031,0.6172040104866028,0.5605846643447876,952682
2015-07-20,0.6260210275650024,0.6260210275650024,0.6083869934082031,0.6083869934082031,0.55257648229599,1612755
2015-07-21,0.6260210275650024,0.652472972869873,0.6172040104866028,0.6260210275650024,0.56859290599823,1239999
2015-07-22,0.6348379850387573,0.6348379850387573,0.6172040104866028,0.6260210275650024,0.56859290599823,782560
2015-07-23,0.6348379850387573,0.7230100035667419,0.6348379850387573,0.7053760290145874,0.6406681537628174,9901094
2015-07-24,0.7053760290145874,0.7406449913978577,0.6701070070266724,0.7230100035667419,0.6566845178604126,5920242
2015-07-27,0.7053760290145874,0.7141929864883423,0.6172040104866028,0.6260210275650024,0.56859290599823,5693979
2015-07-28,0.6348379850387573,0.6877419948577881,0.6260210275650024,0.652472972869873,0.5926182270050049,3220974
2015-07-29,0.6348379850387573,0.7141929864883423,0.6348379850387573,0.678924024105072,0.6166427731513977,2018779
2015-07-30,0.6612899899482727,0.6612899899482727,0.6172040104866028,0.6260210275650024,0.56859290599823,10391170
2015-07-31,0.6260210275650024,0.6348379850387573,0.6172040104866028,0.6172040104866028,0.5605846643447876,4137364
2015-08-03,0.6172040104866028,0.6260210275650024,0.5554839968681335,0.5731179714202881,0.5205429196357727,3606584
2015-08-04,0.5731179714202881,0.5731179714202881,0.5554839968681335,0.5643010139465332,0.5125347375869751,1558316
2015-08-05,0.5466660261154175,0.5554839968681335,0.5466660261154175,0.5466660261154175,0.49651747941970825,771219
2015-08-06,0.5378490090370178,0.5731179714202881,0.5378490090370178,0.5643010139465332,0.5125347375869751,1678536
2015-08-07,0.5643010139465332,0.5819349884986877,0.5554839968681335,0.5643010139465332,0.5125347375869751,2631218
2015-08-10,0.5731179714202881,0.5907520055770874,0.5466660261154175,0.5907520055770874,0.5365592241287231,3561218
2015-08-11,0.5819349884986877,0.5995699763298035,0.5643010139465332,0.5819349884986877,0.5285510420799255,2838200
2015-08-12,0.5731179714202881,0.5731179714202881,0.5202149748802185,0.5378490090370178,0.4885093867778778,2234267
2015-08-13,0.5466660261154175,0.5554839968681335,0.5290319919586182,0.5554839968681335,0.5045264959335327,1009389
2015-08-14,0.5378490090370178,0.5466660261154175,0.5378490090370178,0.5378490090370178,0.4885093867778778,881231
2015-08-17,0.5290319919586182,0.5290319919586182,0.5113980174064636,0.5113980174064636,0.4644848704338074,691829
2015-08-18,0.5113980174064636,0.5290319919586182,0.4761289954185486,0.4937629997730255,0.44846755266189575,1134146
2015-08-19,0.4937629997730255,0.4937629997730255,0.48494601249694824,0.48494601249694824,0.44045940041542053,816585
2015-08-20,0.46731099486351013,0.48494601249694824,0.45849400758743286,0.4761289954185486,0.4324512183666229,2336340
2015-08-21,0.45849400758743286,0.45849400758743286,0.4320429861545563,0.4496769905090332,0.40842580795288086,4045774
2015-08-24,0.41440799832344055,0.41881701350212097,0.3967739939689636,0.41440799832344055,0.3763921558856964,3289023
2015-08-25,0.3967739939689636,0.41881701350212097,0.3967739939689636,0.4099999964237213,0.372388631105423,2052804
2015-08-26,0.4055910110473633,0.41881701350212097,0.4055910110473633,0.4055910110473633,0.3683840334415436,2483779
2015-08-27,0.41440799832344055,0.4232249855995178,0.4055910110473633,0.4232249855995178,0.3844003677368164,3334389
2015-08-28,0.42763400077819824,0.4761289954185486,0.4232249855995178,0.44086000323295593,0.40041765570640564,3357072
2015-08-31,0.44086000323295593,0.44086000323295593,0.41440799832344055,0.4232249855995178,0.3844003677368164,1168170
2015-09-01,0.4099999964237213,0.4232249855995178,0.4099999964237213,0.41440799832344055,0.3763921558856964,1350767
2015-09-02,0.4099999964237213,0.4099999964237213,0.3923650085926056,0.40118199586868286,0.3643794655799866,1394999
2015-09-04,0.3923650085926056,0.3967739939689636,0.38795700669288635,0.3923650085926056,0.35637131333351135,453681
2015-09-07,0.38795700669288635,0.40118199586868286,0.38795700669288635,0.3967739939689636,0.36037585139274597,714625
2015-09-08,0.40118199586868286,0.42763400077819824,0.3967739939689636,0.42763400077819824,0.388404905796051,521707
2015-09-09,0.44086000323295593,0.44086000323295593,0.41440799832344055,0.44086000323295593,0.40041765570640564,1224877
2015-09-10,0.44086000323295593,0.44086000323295593,0.42763400077819824,0.4320429861545563,0.39240938425064087,170121
2015-09-11,0.4364509880542755,0.4496769905090332,0.42763400077819824,0.42763400077819824,0.388404905796051,1111463
2015-09-14,0.44086000323295593,0.44086000323295593,0.4232249855995178,0.4320429861545563,0.39240938425064087,171256
2015-09-15,0.4320429861545563,0.4320429861545563,0.41440799832344055,0.4232249855995178,0.3844003677368164,1054755
2015-09-16,0.42763400077819824,0.4320429861545563,0.4232249855995178,0.42763400077819824,0.388404905796051,1066097
2015-09-17,0.44086000323295593,0.44086000323295593,0.4232249855995178,0.42763400077819824,0.388404905796051,725853
2015-09-18,0.4320429861545563,0.4496769905090332,0.4232249855995178,0.4320429861545563,0.39240938425064087,1394999
2015-09-21,0.42763400077819824,0.4320429861545563,0.41881701350212097,0.42763400077819824,0.388404905796051,1326950
2015-09-22,0.44086000323295593,0.44086000323295593,0.4232249855995178,0.4232249855995178,0.3844003677368164,827926
2015-09-23,0.42763400077819824,0.42763400077819824,0.4055910110473633,0.41440799832344055,0.3763921558856964,1701219
2015-09-24,0.4232249855995178,0.4232249855995178,0.40118199586868286,0.4099999964237213,0.372388631105423,396951
2015-09-25,0.41440799832344055,0.41440799832344055,0.40118199586868286,0.4055910110473633,0.3683840334415436,442316
2015-09-29,0.4232249855995178,0.4232249855995178,0.3967739939689636,0.40118199586868286,0.3643794655799866,215487
2015-09-30,0.41440799832344055,0.4496769905090332,0.4055910110473633,0.4099999964237213,0.372388631105423,7065729
2015-10-02,0.41881701350212097,0.4320429861545563,0.41881701350212097,0.4320429861545563,0.39240938425064087,816585
2015-10-05,0.4496769905090332,0.4496769905090332,0.4320429861545563,0.4320429861545563,0.39240938425064087,1417682
2015-10-06,0.4496769905090332,0.4496769905090332,0.4320429861545563,0.4364509880542755,0.39641308784484863,567073
2015-10-07,0.4496769905090332,0.4496769905090332,0.44086000323295593,0.4496769905090332,0.40842580795288086,2404389
2015-10-08,0.4496769905090332,0.46731099486351013,0.44086000323295593,0.45849400758743286,0.4164339601993561,4457193
2015-10-09,0.45849400758743286,0.45849400758743286,0.4496769905090332,0.4496769905090332,0.40842580795288086,1190853
2015-10-12,0.4496769905090332,0.4937629997730255,0.4496769905090332,0.46731099486351013,0.4244421124458313,2120853
2015-10-13,0.45849400758743286,0.45849400758743286,0.4496769905090332,0.4496769905090332,0.40842580795288086,510365
2015-10-14,0.4496769905090332,0.45849400758743286,0.4496769905090332,0.4496769905090332,0.40842580795288086,680487
2015-10-15,0.4496769905090332,0.45849400758743286,0.4496769905090332,0.45849400758743286,0.4164339601993561,1156828
2015-10-16,0.46731099486351013,0.5113980174064636,0.46731099486351013,0.5025799870491028,0.4564756453037262,6509998
2015-10-19,0.5554839968681335,0.5731179714202881,0.5378490090370178,0.5466660261154175,0.49651747941970825,12509630
2015-10-20,0.5554839968681335,0.6436560153961182,0.5554839968681335,0.5731179714202881,0.5205429196357727,9413434
2015-10-22,0.5554839968681335,0.6260210275650024,0.5554839968681335,0.5819349884986877,0.5285510420799255,8120485
2015-10-23,0.6083869934082031,0.6083869934082031,0.5819349884986877,0.5819349884986877,0.5285510420799255,2002901
2015-10-26,0.5907520055770874,0.5907520055770874,0.5554839968681335,0.5554839968681335,0.5045264959335327,2279633
2015-10-27,0.5554839968681335,0.5554839968681335,0.5290319919586182,0.5554839968681335,0.5045264959335327,1360975
2015-10-28,0.5643010139465332,0.5731179714202881,0.5466660261154175,0.5466660261154175,0.49651747941970825,825091
2015-10-29,0.5466660261154175,0.5466660261154175,0.5290319919586182,0.5290319919586182,0.48050108551979065,408292
2015-10-30,0.5378490090370178,0.5466660261154175,0.5378490090370178,0.5378490090370178,0.4885093867778778,442328
2015-11-02,0.5290319919586182,0.5290319919586182,0.5113980174064636,0.5113980174064636,0.4644848704338074,1723901
2015-11-03,0.5113980174064636,0.5113980174064636,0.4937629997730255,0.4937629997730255,0.44846755266189575,2245609
2015-11-04,0.5290319919586182,0.5290319919586182,0.5025799870491028,0.5202149748802185,0.47249290347099304,1088780
2015-11-05,0.5290319919586182,0.5290319919586182,0.5113980174064636,0.5202149748802185,0.47249290347099304,816585
2015-11-06,0.5202149748802185,0.5202149748802185,0.46731099486351013,0.5113980174064636,0.4644848704338074,2052804
2015-11-09,0.5202149748802185,0.5378490090370178,0.5202149748802185,0.5290319919586182,0.48050108551979065,1088780
2015-11-10,0.5290319919586182,0.5466660261154175,0.5290319919586182,0.5466660261154175,0.49651747941970825,1270243
2015-11-11,0.5554839968681335,0.5995699763298035,0.5554839968681335,0.5907520055770874,0.5365592241287231,4366462
2015-11-12,0.5907520055770874,0.5907520055770874,0.5554839968681335,0.5819349884986877,0.5285510420799255,2200243
2015-11-13,0.5731179714202881,0.5907520055770874,0.5643010139465332,0.5819349884986877,0.5285510420799255,3220974
2015-11-16,0.5643010139465332,0.6260210275650024,0.5643010139465332,0.6260210275650024,0.56859290599823,6496389
2015-11-17,0.6348379850387573,0.6436560153961182,0.6083869934082031,0.6083869934082031,0.55257648229599,3606584
2015-11-18,0.6083869934082031,0.6083869934082031,0.6083869934082031,0.6083869934082031,0.55257648229599,716780
2015-11-19,0.6083869934082031,0.6172040104866028,0.5819349884986877,0.6083869934082031,0.55257648229599,873292
2015-11-20,0.5995699763298035,0.6260210275650024,0.5995699763298035,0.6172040104866028,0.5605846643447876,1973414
2015-11-23,0.6083869934082031,0.6436560153961182,0.5907520055770874,0.6260210275650024,0.56859290599823,3885867
2015-11-24,0.6260210275650024,0.6348379850387573,0.6172040104866028,0.6172040104866028,0.5605846643447876,1848657
2015-11-25,0.6172040104866028,0.6260210275650024,0.6083869934082031,0.6172040104866028,0.5605846643447876,981886
2015-11-26,0.6172040104866028,0.6701070070266724,0.6172040104866028,0.6612899899482727,0.6006264090538025,3391096
2015-11-27,0.652472972869873,0.6612899899482727,0.6172040104866028,0.6260210275650024,0.56859290599823,5511949
2015-11-30,0.6260210275650024,0.6260210275650024,0.6083869934082031,0.6260210275650024,0.56859290599823,1962072
2015-12-01,0.6260210275650024,0.652472972869873,0.6260210275650024,0.6348379850387573,0.5766010284423828,909206
2015-12-02,0.6348379850387573,0.6436560153961182,0.6348379850387573,0.6348379850387573,0.5766010284423828,703170
2015-12-03,0.6260210275650024,0.6260210275650024,0.5995699763298035,0.6172040104866028,0.5605846643447876,442316
2015-12-04,0.6172040104866028,0.6877419948577881,0.6083869934082031,0.678924024105072,0.6166427731513977,6158419
2015-12-07,0.6701070070266724,0.6701070070266724,0.6348379850387573,0.6436560153961182,0.584610104560852,839268
2015-12-08,0.6348379850387573,0.6436560153961182,0.6172040104866028,0.6348379850387573,0.5766010284423828,499024
2015-12-09,0.6260210275650024,0.6436560153961182,0.6083869934082031,0.6083869934082031,0.55257648229599,1088780
2015-12-10,0.6260210275650024,0.6348379850387573,0.6083869934082031,0.6083869934082031,0.55257648229599,827926
2015-12-11,0.6083869934082031,0.6083869934082031,0.5995699763298035,0.5995699763298035,0.5445683002471924,1089347
2015-12-14,0.5995699763298035,0.6172040104866028,0.5907520055770874,0.6083869934082031,0.55257648229599,952682
2015-12-15,0.6172040104866028,0.6172040104866028,0.5731179714202881,0.5907520055770874,0.5365592241287231,1054755
2015-12-16,0.6083869934082031,0.6348379850387573,0.6083869934082031,0.6083869934082031,0.55257648229599,2574511
2015-12-17,0.6260210275650024,0.6260210275650024,0.5819349884986877,0.5995699763298035,0.5445683002471924,1678536
2015-12-18,0.5819349884986877,0.5995699763298035,0.5731179714202881,0.5907520055770874,0.5365592241287231,759877
2015-12-21,0.5995699763298035,0.6172040104866028,0.5995699763298035,0.6083869934082031,0.55257648229599,1769267
2015-12-22,0.6260210275650024,0.6260210275650024,0.6260210275650024,0.6172040104866028,0.5605846643447876,22682
2015-12-23,0.6172040104866028,0.6172040104866028,0.5995699763298035,0.5995699763298035,0.5445683002471924,385609
2015-12-24,0.5995699763298035,0.5995699763298035,0.5995699763298035,0.5995699763298035,0.5445683002471924,11341
2015-12-28,0.5995699763298035,0.6083869934082031,0.5819349884986877,0.6083869934082031,0.55257648229599,612438
2015-12-29,0.6083869934082031,0.6083869934082031,0.6083869934082031,0.6083869934082031,0.55257648229599,0
2015-12-30,0.6260210275650024,0.6260210275650024,0.5907520055770874,0.6172040104866028,0.5605846643447876,113414
2015-12-31,0.6083869934082031,0.6083869934082031,0.6083869934082031,0.6083869934082031,0.55257648229599,0
2016-01-04,0.5907520055770874,0.5907520055770874,0.5731179714202881,0.5907520055770874,0.5365592241287231,3028169
2016-01-05,0.5731179714202881,0.5907520055770874,0.5731179714202881,0.5907520055770874,0.5365592241287231,884633
2016-01-06,0.5907520055770874,0.5907520055770874,0.5907520055770874,0.5907520055770874,0.5365592241287231,0
2016-01-07,0.5907520055770874,0.5907520055770874,0.5378490090370178,0.5378490090370178,0.4885093867778778,2619877
2016-01-08,0.5731179714202881,0.5731179714202881,0.5466660261154175,0.5466660261154175,0.49651747941970825,793902
2016-01-11,0.5378490090370178,0.5378490090370178,0.5202149748802185,0.5202149748802185,0.47249290347099304,1134146
2016-01-12,0.5202149748802185,0.5290319919586182,0.5113980174064636,0.5113980174064636,0.4644848704338074,1372316
2016-01-13,0.5378490090370178,0.5378490090370178,0.5290319919586182,0.5290319919586182,0.48050108551979065,476341
2016-01-14,0.5202149748802185,0.5290319919586182,0.5202149748802185,0.5290319919586182,0.48050108551979065,170235
2016-01-15,0.5025799870491028,0.5113980174064636,0.5025799870491028,0.5025799870491028,0.4564756453037262,272195
2016-01-18,0.5025799870491028,0.5025799870491028,0.46731099486351013,0.5025799870491028,0.4564756453037262,2880730
2016-01-19,0.48494601249694824,0.4937629997730255,0.4761289954185486,0.5025799870491028,0.4564756453037262,283536
2016-01-20,0.48494601249694824,0.4937629997730255,0.48494601249694824,0.48494601249694824,0.44045940041542053,249512
2016-01-21,0.4937629997730255,0.4937629997730255,0.44086000323295593,0.4496769905090332,0.40842580795288086,5137681
2016-01-22,0.45849400758743286,0.4761289954185486,0.45849400758743286,0.4761289954185486,0.4324512183666229,1576462
2016-01-25,0.48494601249694824,0.48494601249694824,0.46731099486351013,0.46731099486351013,0.4244421124458313,340243
2016-01-26,0.46731099486351013,0.4761289954185486,0.44086000323295593,0.4761289954185486,0.4324512183666229,1032072
2016-01-27,0.45849400758743286,0.4761289954185486,0.45849400758743286,0.4761289954185486,0.4324512183666229,340243
2016-01-28,0.48494601249694824,0.48494601249694824,0.4761289954185486,0.48494601249694824,0.44045940041542053,2064145
2016-01-29,0.48494601249694824,0.5025799870491028,0.48494601249694824,0.5025799870491028,0.4564756453037262,861950
2016-02-01,0.5025799870491028,0.5025799870491028,0.4937629997730255,0.5025799870491028,0.4564756453037262,1009389
2016-02-02,0.5025799870491028,0.5025799870491028,0.5025799870491028,0.5025799870491028,0.4564756453037262,0
2016-02-03,0.5025799870491028,0.5025799870491028,0.5025799870491028,0.5025799870491028,0.4564756453037262,0
2016-02-04,0.5113980174064636,0.5113980174064636,0.5025799870491028,0.5025799870491028,0.4564756453037262,328902
2016-02-05,0.5025799870491028,0.5025799870491028,0.5025799870491028,0.5025799870491028,0.4564756453037262,68048
2016-02-11,0.5025799870491028,0.5025799870491028,0.5025799870491028,0.5025799870491028,0.4564756453037262,0
2016-02-12,0.48494601249694824,0.48494601249694824,0.48494601249694824,0.48494601249694824,0.44045940041542053,22682
2016-02-15,0.4496769905090332,0.48494601249694824,0.4496769905090332,0.48494601249694824,0.44045940041542053,1497072
2016-02-16,0.48494601249694824,0.5025799870491028,0.48494601249694824,0.5025799870491028,0.4564756453037262,238170
2016-02-17,0.46731099486351013,0.48494601249694824,0.46731099486351013,0.48494601249694824,0.44045940041542053,68048
2016-02-18,0.4937629997730255,0.5113980174064636,0.4937629997730255,0.5113980174064636,0.4644848704338074,170121
2016-02-19,0.5113980174064636,0.5113980174064636,0.5113980174064636,0.5113980174064636,0.4644848704338074,0
2016-02-22,0.5113980174064636,0.5113980174064636,0.5113980174064636,0.5113980174064636,0.4644848704338074,0
2016-02-23,0.4937629997730255,0.4937629997730255,0.4937629997730255,0.4937629997730255,0.44846755266189575,90731
2016-02-24,0.46731099486351013,0.4937629997730255,0.46731099486351013,0.4937629997730255,0.44846755266189575,56707
2016-02-25,0.4937629997730255,0.4937629997730255,0.4761289954185486,0.48494601249694824,0.44045940041542053,464999
2016-02-26,0.48494601249694824,0.5202149748802185,0.48494601249694824,0.5202149748802185,0.47249290347099304,1236219
2016-02-29,0.48494601249694824,0.5025799870491028,0.48494601249694824,0.4937629997730255,0.44846755266189575,306219
2016-03-01,0.48494601249694824,0.4937629997730255,0.48494601249694824,0.4937629997730255,0.44846755266189575,317560
2016-03-02,0.4761289954185486,0.5113980174064636,0.4761289954185486,0.4937629997730255,0.44846755266189575,1270243
2016-03-03,0.4937629997730255,0.4937629997730255,0.4937629997730255,0.4937629997730255,0.44846755266189575,102073
2016-03-04,0.5025799870491028,0.5290319919586182,0.5025799870491028,0.5290319919586182,0.48050108551979065,215487
2016-03-07,0.5290319919586182,0.5290319919586182,0.5025799870491028,0.5025799870491028,0.4564756453037262,328902
2016-03-08,0.5113980174064636,0.5113980174064636,0.4937629997730255,0.5025799870491028,0.4564756453037262,612620
2016-03-09,0.5025799870491028,0.5025799870491028,0.5025799870491028,0.5025799870491028,0.4564756453037262,0
2016-03-10,0.4937629997730255,0.5113980174064636,0.4937629997730255,0.5025799870491028,0.4564756453037262,56707
2016-03-11,0.48494601249694824,0.48494601249694824,0.48494601249694824,0.48494601249694824,0.44045940041542053,328902
2016-03-14,0.48494601249694824,0.48494601249694824,0.46731099486351013,0.48494601249694824,0.44045940041542053,555731
2016-03-15,0.48494601249694824,0.4937629997730255,0.48494601249694824,0.48494601249694824,0.44045940041542053,635121
2016-03-16,0.4937629997730255,0.5025799870491028,0.4937629997730255,0.5025799870491028,0.4564756453037262,430975
2016-03-17,0.5113980174064636,0.5113980174064636,0.4937629997730255,0.5025799870491028,0.4564756453037262,816585
2016-03-18,0.5113980174064636,0.5113980174064636,0.5025799870491028,0.5025799870491028,0.4564756453037262,453658
2016-03-21,0.5202149748802185,0.5290319919586182,0.5202149748802185,0.5202149748802185,0.47249290347099304,737194
2016-03-22,0.5202149748802185,0.5202149748802185,0.5202149748802185,0.5202149748802185,0.47249290347099304,102073
2016-03-23,0.5202149748802185,0.5290319919586182,0.5202149748802185,0.5290319919586182,0.48050108551979065,79390
2016-03-24,0.5290319919586182,0.6172040104866028,0.5290319919586182,0.5907520055770874,0.5365592241287231,3477291
2016-03-29,0.5731179714202881,0.5731179714202881,0.5202149748802185,0.5466660261154175,0.49651747941970825,2767316
2016-03-30,0.5466660261154175,0.5466660261154175,0.5290319919586182,0.5466660261154175,0.49651747941970825,396951
2016-03-31,0.5466660261154175,0.5466660261154175,0.5466660261154175,0.5466660261154175,0.49651747941970825,408292
2016-04-01,0.5290319919586182,0.5643010139465332,0.5202149748802185,0.5202149748802185,0.47249290347099304,328902
2016-04-05,0.5290319919586182,0.5378490090370178,0.5202149748802185,0.5202149748802185,0.47249290347099304,317560
2016-04-06,0.5290319919586182,0.5290319919586182,0.5202149748802185,0.5202149748802185,0.47249290347099304,306106
2016-04-07,0.5290319919586182,0.5466660261154175,0.5202149748802185,0.5202149748802185,0.47249290347099304,487682
2016-04-08,0.5113980174064636,0.6172040104866028,0.5113980174064636,0.6172040104866028,0.5605846643447876,3152925
2016-04-11,0.6083869934082031,0.6172040104866028,0.5731179714202881,0.5819349884986877,0.5285510420799255,1236219
2016-04-12,0.5819349884986877,0.5819349884986877,0.5819349884986877,0.5819349884986877,0.5285510420799255,0
2016-04-13,0.5554839968681335,0.5731179714202881,0.5466660261154175,0.5643010139465332,0.5125347375869751,793902
2016-04-14,0.5643010139465332,0.5643010139465332,0.5466660261154175,0.5554839968681335,0.5045264959335327,1145487
2016-04-15,0.5554839968681335,0.5554839968681335,0.5378490090370178,0.5554839968681335,0.5045264959335327,646463
2016-04-18,0.5643010139465332,0.5819349884986877,0.5643010139465332,0.5731179714202881,0.5205429196357727,544390
2016-04-19,0.5995699763298035,0.6436560153961182,0.5907520055770874,0.5995699763298035,0.5445683002471924,2478109
2016-04-20,0.5995699763298035,0.5995699763298035,0.5731179714202881,0.5819349884986877,0.5285510420799255,499024
2016-04-21,0.6083869934082031,0.6348379850387573,0.5907520055770874,0.6260210275650024,0.56859290599823,2098170
2016-04-22,0.6260210275650024,0.6260210275650024,0.5995699763298035,0.6083869934082031,0.55257648229599,1281584
2016-04-25,0.6172040104866028,0.652472972869873,0.6172040104866028,0.6348379850387573,0.5766010284423828,3107571
2016-04-26,0.6260210275650024,0.6260210275650024,0.6260210275650024,0.6260210275650024,0.56859290599823,601097
2016-04-27,0.6172040104866028,0.6172040104866028,0.5995699763298035,0.6083869934082031,0.55257648229599,1429023
2016-04-28,0.6083869934082031,0.6083869934082031,0.5995699763298035,0.5995699763298035,0.5445683002471924,669146
2016-04-29,0.5995699763298035,0.5995699763298035,0.5995699763298035,0.5995699763298035,0.5445683002471924,22682
2016-05-03,0.5995699763298035,0.6172040104866028,0.5995699763298035,0.5995699763298035,0.5445683002471924,1531097
2016-05-04,0.5995699763298035,0.6083869934082031,0.5907520055770874,0.5995699763298035,0.5445683002471924,964024
2016-05-05,0.5995699763298035,0.5995699763298035,0.5995699763298035,0.5995699763298035,0.5445683002471924,0
2016-05-06,0.5819349884986877,0.5907520055770874,0.5643010139465332,0.5907520055770874,0.5365592241287231,873292
2016-05-09,0.5907520055770874,0.5907520055770874,0.5731179714202881,0.5731179714202881,0.5205429196357727,158780
2016-05-10,0.5643010139465332,0.5643010139465332,0.5643010139465332,0.5643010139465332,0.5125347375869751,964024
2016-05-11,0.5907520055770874,0.5907520055770874,0.5731179714202881,0.5907520055770874,0.5365592241287231,385609
2016-05-12,0.5731179714202881,0.5731179714202881,0.5643010139465332,0.5731179714202881,0.5205429196357727,555731
2016-05-13,0.5731179714202881,0.5731179714202881,0.5378490090370178,0.5378490090370178,0.4885093867778778,1485731
2016-05-16,0.5466660261154175,0.5466660261154175,0.5466660261154175,0.5466660261154175,0.49651747941970825,918658
2016-05-17,0.5466660261154175,0.5466660261154175,0.5466660261154175,0.5466660261154175,0.49651747941970825,0
2016-05-18,0.5554839968681335,0.5554839968681335,0.5290319919586182,0.5466660261154175,0.49651747941970825,691829
2016-05-19,0.5290319919586182,0.5290319919586182,0.5290319919586182,0.5290319919586182,0.48050108551979065,45365
2016-05-20,0.5378490090370178,0.5378490090370178,0.5378490090370178,0.5378490090370178,0.4885093867778778,170121
2016-05-23,0.5290319919586182,0.5466660261154175,0.5113980174064636,0.5290319919586182,0.48050108551979065,442316
2016-05-24,0.5290319919586182,0.5466660261154175,0.5290319919586182,0.5466660261154175,0.49651747941970825,124756
2016-05-25,0.5466660261154175,0.5466660261154175,0.5466660261154175,0.5466660261154175,0.49651747941970825,249512
2016-05-26,0.5554839968681335,0.5554839968681335,0.5466660261154175,0.5554839968681335,0.5045264959335327,520675
2016-05-27,0.5466660261154175,0.5466660261154175,0.5466660261154175,0.5466660261154175,0.49651747941970825,90731
2016-05-30,0.5643010139465332,0.5643010139465332,0.5554839968681335,0.5643010139465332,0.5125347375869751,1984755
2016-05-31,0.5731179714202881,0.5731179714202881,0.5643010139465332,0.5731179714202881,0.5205429196357727,998048
2016-06-01,0.5731179714202881,0.5907520055770874,0.5554839968681335,0.5554839968681335,0.5045264959335327,680827
2016-06-02,0.5643010139465332,0.5643010139465332,0.5466660261154175,0.5554839968681335,0.5045264959335327,385609
2016-06-03,0.5731179714202881,0.5731179714202881,0.5466660261154175,0.5643010139465332,0.5125347375869751,408292
2016-06-06,0.5643010139465332,0.5731179714202881,0.5643010139465332,0.5643010139465332,0.5125347375869751,1894023
2016-06-07,0.5643010139465332,0.5907520055770874,0.5643010139465332,0.5731179714202881,0.5205429196357727,1190853
2016-06-08,0.5643010139465332,0.5731179714202881,0.5554839968681335,0.5643010139465332,0.5185177326202393,215487
2016-06-10,0.5554839968681335,0.5731179714202881,0.5466660261154175,0.5643010139465332,0.5185177326202393,113414
2016-06-13,0.5466660261154175,0.5466660261154175,0.5466660261154175,0.5466660261154175,0.502313494682312,238170
2016-06-14,0.5466660261154175,0.5466660261154175,0.5466660261154175,0.5466660261154175,0.502313494682312,22682
2016-06-15,0.5378490090370178,0.5643010139465332,0.5378490090370178,0.5643010139465332,0.5185177326202393,294877
2016-06-16,0.5554839968681335,0.5554839968681335,0.5554839968681335,0.5554839968681335,0.5104159712791443,22682
2016-06-17,0.5378490090370178,0.5378490090370178,0.5378490090370178,0.5378490090370178,0.49421191215515137,238170
2016-06-20,0.5378490090370178,0.5466660261154175,0.5378490090370178,0.5466660261154175,0.502313494682312,140634
2016-06-21,0.5466660261154175,0.5466660261154175,0.5466660261154175,0.5466660261154175,0.502313494682312,56707
2016-06-22,0.5466660261154175,0.5466660261154175,0.4761289954185486,0.5378490090370178,0.49421191215515137,578414
2016-06-23,0.5378490090370178,0.5378490090370178,0.5290319919586182,0.5378490090370178,0.49421191215515137,113414
2016-06-24,0.5290319919586182,0.5290319919586182,0.5113980174064636,0.5113980174064636,0.4699069559574127,328902
2016-06-27,0.5202149748802185,0.5202149748802185,0.5202149748802185,0.5202149748802185,0.4780084490776062,204146
2016-06-28,0.5202149748802185,0.5202149748802185,0.5202149748802185,0.5202149748802185,0.4780084490776062,124756
2016-06-29,0.5202149748802185,0.5202149748802185,0.5202149748802185,0.5202149748802185,0.4780084490776062,181463
2016-06-30,0.5378490090370178,0.5378490090370178,0.5378490090370178,0.5378490090370178,0.49421191215515137,56707
2016-07-04,0.5378490090370178,0.5378490090370178,0.5202149748802185,0.5202149748802185,0.4780084490776062,102073
2016-07-05,0.5466660261154175,0.5466660261154175,0.5202149748802185,0.5202149748802185,0.4780084490776062,1519755
2016-07-06,0.5202149748802185,0.5202149748802185,0.5202149748802185,0.5202149748802185,0.4780084490776062,0
2016-07-07,0.5113980174064636,0.5378490090370178,0.5113980174064636,0.5378490090370178,0.49421191215515137,283536
2016-07-08,0.5378490090370178,0.5378490090370178,0.5378490090370178,0.5378490090370178,0.49421191215515137,0
2016-07-11,0.5202149748802185,0.5202149748802185,0.4937629997730255,0.5113980174064636,0.4699069559574127,952682
2016-07-12,0.5113980174064636,0.5378490090370178,0.5113980174064636,0.5290319919586182,0.486110121011734,158780
2016-07-13,0.5113980174064636,0.5202149748802185,0.5113980174064636,0.5202149748802185,0.4780084490776062,45365
2016-07-14,0.5113980174064636,0.5113980174064636,0.5113980174064636,0.5113980174064636,0.4699069559574127,68048
2016-07-15,0.5113980174064636,0.5202149748802185,0.5113980174064636,0.5202149748802185,0.4780084490776062,192804
2016-07-18,0.5202149748802185,0.5290319919586182,0.5202149748802185,0.5290319919586182,0.486110121011734,340243
2016-07-19,0.5113980174064636,0.5113980174064636,0.5025799870491028,0.5025799870491028,0.46180424094200134,816585
2016-07-20,0.5113980174064636,0.5113980174064636,0.4937629997730255,0.5113980174064636,0.4699069559574127,317560
2016-07-21,0.5113980174064636,0.5290319919586182,0.5113980174064636,0.5202149748802185,0.4780084490776062,317560
2016-07-22,0.5202149748802185,0.5202149748802185,0.5202149748802185,0.5202149748802185,0.4780084490776062,56707
2016-07-25,0.5378490090370178,0.5378490090370178,0.5202149748802185,0.5202149748802185,0.4780084490776062,147438
2016-07-26,0.5378490090370178,0.5643010139465332,0.5290319919586182,0.5378490090370178,0.49421191215515137,2007438
2016-07-27,0.5202149748802185,0.5290319919586182,0.5202149748802185,0.5290319919586182,0.486110121011734,68048
2016-07-28,0.5290319919586182,0.5554839968681335,0.5290319919586182,0.5554839968681335,0.5104159712791443,567073
2016-07-29,0.5554839968681335,0.5643010139465332,0.5202149748802185,0.5290319919586182,0.486110121011734,964024
2016-08-01,0.5202149748802185,0.5202149748802185,0.5202149748802185,0.5202149748802185,0.4780084490776062,158780
2016-08-02,0.5202149748802185,0.5202149748802185,0.5202149748802185,0.5202149748802185,0.4780084490776062,0
2016-08-03,0.5202149748802185,0.5290319919586182,0.5202149748802185,0.5290319919586182,0.486110121011734,136097
2016-08-04,0.5290319919586182,0.5290319919586182,0.5290319919586182,0.5290319919586182,0.486110121011734,226829
2016-08-05,0.5290319919586182,0.5290319919586182,0.5202149748802185,0.5202149748802185,0.4780084490776062,124756
2016-08-08,0.5202149748802185,0.5290319919586182,0.5202149748802185,0.5290319919586182,0.486110121011734,260853
2016-08-09,0.5290319919586182,0.5290319919586182,0.5202149748802185,0.5290319919586182,0.486110121011734,45365
2016-08-10,0.5290319919586182,0.5466660261154175,0.5202149748802185,0.5202149748802185,0.4780084490776062,442316
2016-08-11,0.5202149748802185,0.5202149748802185,0.5202149748802185,0.5202149748802185,0.4780084490776062,11341
2016-08-12,0.5290319919586182,0.5290319919586182,0.5202149748802185,0.5290319919586182,0.486110121011734,45365
2016-08-15,0.5290319919586182,0.5290319919586182,0.5202149748802185,0.5202149748802185,0.4780084490776062,660072
2016-08-16,0.5202149748802185,0.5290319919586182,0.5113980174064636,0.5290319919586182,0.486110121011734,204146
2016-08-17,0.5378490090370178,0.5378490090370178,0.5202149748802185,0.5202149748802185,0.4780084490776062,442316
2016-08-18,0.5995699763298035,0.652472972869873,0.5643010139465332,0.5907520055770874,0.5428226590156555,46216449
2016-08-19,0.5907520055770874,0.5995699763298035,0.5643010139465332,0.5643010139465332,0.5185177326202393,5954266
2016-08-22,0.5643010139465332,0.5819349884986877,0.5554839968681335,0.5643010139465332,0.5185177326202393,2585852
2016-08-23,0.5554839968681335,0.5643010139465332,0.5466660261154175,0.5554839968681335,0.5104159712791443,3765364
2016-08-24,0.5643010139465332,0.5819349884986877,0.5554839968681335,0.5643010139465332,0.5185177326202393,5568656
2016-08-25,0.5643010139465332,0.5643010139465332,0.5554839968681335,0.5554839968681335,0.5104159712791443,1315609
2016-08-26,0.5643010139465332,0.5643010139465332,0.5466660261154175,0.5466660261154175,0.502313494682312,2098170
2016-08-29,0.5554839968681335,0.5554839968681335,0.5378490090370178,0.5554839968681335,0.5104159712791443,1803292
2016-08-30,0.5466660261154175,0.5554839968681335,0.5378490090370178,0.5466660261154175,0.502313494682312,5273778
2016-08-31,0.5466660261154175,0.5466660261154175,0.5025799870491028,0.5290319919586182,0.486110121011734,10434143
2016-09-01,0.5202149748802185,0.5378490090370178,0.5202149748802185,0.5290319919586182,0.486110121011734,1735243
2016-09-02,0.5290319919586182,0.5290319919586182,0.5113980174064636,0.5202149748802185,0.4780084490776062,1122804
2016-09-05,0.5113980174064636,0.5290319919586182,0.5025799870491028,0.5290319919586182,0.486110121011734,9311338
2016-09-06,0.5202149748802185,0.5290319919586182,0.5113980174064636,0.5202149748802185,0.4780084490776062,5012925
2016-09-07,0.5290319919586182,0.5378490090370178,0.5202149748802185,0.5290319919586182,0.486110121011734,5568656
2016-09-08,0.5290319919586182,0.5290319919586182,0.5202149748802185,0.5202149748802185,0.4780084490776062,2982803
2016-09-09,0.5202149748802185,0.5290319919586182,0.5202149748802185,0.5202149748802185,0.4780084490776062,5716095
2016-09-12,0.5113980174064636,0.5113980174064636,0.4937629997730255,0.5025799870491028,0.46180424094200134,2846706
2016-09-13,0.5113980174064636,0.5113980174064636,0.5025799870491028,0.5025799870491028,0.46180424094200134,2245609
2016-09-14,0.5025799870491028,0.5113980174064636,0.5025799870491028,0.5113980174064636,0.4699069559574127,714511
2016-09-15,0.5025799870491028,0.5113980174064636,0.5025799870491028,0.5113980174064636,0.4699069559574127,124756
2016-09-19,0.5113980174064636,0.5113980174064636,0.4937629997730255,0.5113980174064636,0.4699069559574127,691829
2016-09-20,0.5025799870491028,0.5202149748802185,0.5025799870491028,0.5202149748802185,0.4780084490776062,408292
2016-09-21,0.5025799870491028,0.5202149748802185,0.5025799870491028,0.5202149748802185,0.4780084490776062,442316
2016-09-22,0.5113980174064636,0.5113980174064636,0.4937629997730255,0.5113980174064636,0.4699069559574127,6317193
2016-09-23,0.5025799870491028,0.5113980174064636,0.5025799870491028,0.5113980174064636,0.4699069559574127,1168170
2016-09-26,0.5025799870491028,0.5025799870491028,0.48494601249694824,0.5025799870491028,0.46180424094200134,4348882
2016-09-27,0.5025799870491028,0.5025799870491028,0.48494601249694824,0.4937629997730255,0.4537026584148407,2948779
2016-09-28,0.48494601249694824,0.4937629997730255,0.48494601249694824,0.4937629997730255,0.4537026584148407,1349633
2016-09-29,0.48494601249694824,0.4937629997730255,0.4761289954185486,0.4937629997730255,0.4537026584148407,1315609
2016-09-30,0.4761289954185486,0.4937629997730255,0.4761289954185486,0.48494601249694824,0.4456010162830353,986707
2016-10-03,0.4937629997730255,0.4937629997730255,0.48494601249694824,0.4937629997730255,0.4537026584148407,1440365
2016-10-04,0.4937629997730255,0.5025799870491028,0.4937629997730255,0.5025799870491028,0.46180424094200134,1553780
2016-10-05,0.5025799870491028,0.5113980174064636,0.4937629997730255,0.5025799870491028,0.46180424094200134,669146
2016-10-06,0.5025799870491028,0.5025799870491028,0.4937629997730255,0.4937629997730255,0.4537026584148407,3311706
2016-10-07,0.48494601249694824,0.4937629997730255,0.4761289954185486,0.4937629997730255,0.4537026584148407,4275730
2016-10-11,0.4937629997730255,0.4937629997730255,0.48494601249694824,0.4937629997730255,0.4537026584148407,1644511
2016-10-12,0.48494601249694824,0.5025799870491028,0.48494601249694824,0.5025799870491028,0.46180424094200134,2188901
2016-10-13,0.5025799870491028,0.5113980174064636,0.48494601249694824,0.4937629997730255,0.4537026584148407,2937438
2016-10-14,0.5025799870491028,0.5113980174064636,0.4937629997730255,0.4937629997730255,0.4537026584148407,1894023
2016-10-17,0.4937629997730255,0.5290319919586182,0.48494601249694824,0.5202149748802185,0.4780084490776062,5024266
2016-10-18,0.5113980174064636,0.5202149748802185,0.5113980174064636,0.5113980174064636,0.4699069559574127,929999
2016-10-19,0.5113980174064636,0.5113980174064636,0.5025799870491028,0.5025799870491028,0.46180424094200134,510365
2016-10-20,0.5113980174064636,0.5202149748802185,0.5025799870491028,0.5025799870491028,0.46180424094200134,2324999
2016-10-21,0.5025799870491028,0.5025799870491028,0.5025799870491028,0.5025799870491028,0.46180424094200134,0
2016-10-24,0.5025799870491028,0.5554839968681335,0.5025799870491028,0.5466660261154175,0.502313494682312,9572192
2016-10-25,0.5378490090370178,0.5554839968681335,0.5290319919586182,0.5466660261154175,0.502313494682312,7632802
2016-10-26,0.5378490090370178,0.5378490090370178,0.5290319919586182,0.5378490090370178,0.49421191215515137,3629267
2016-10-27,0.5290319919586182,0.5290319919586182,0.5113980174064636,0.5290319919586182,0.486110121011734,1179511
2016-10-28,0.5202149748802185,0.5202149748802185,0.5025799870491028,0.5113980174064636,0.4699069559574127,2653901
2016-10-31,0.5025799870491028,0.5025799870491028,0.4937629997730255,0.5025799870491028,0.46180424094200134,1497072
2016-11-01,0.5113980174064636,0.5466660261154175,0.5113980174064636,0.5290319919586182,0.486110121011734,11273411
2016-11-02,0.5290319919586182,0.5290319919586182,0.5113980174064636,0.5113980174064636,0.4699069559574127,1372316
2016-11-03,0.5202149748802185,0.5290319919586182,0.5113980174064636,0.5290319919586182,0.486110121011734,1655853
2016-11-04,0.5290319919586182,0.5378490090370178,0.5202149748802185,0.5290319919586182,0.486110121011734,1304267
2016-11-07,0.5290319919586182,0.5378490090370178,0.5202149748802185,0.5290319919586182,0.486110121011734,1689877
2016-11-08,0.5290319919586182,0.5378490090370178,0.5202149748802185,0.5202149748802185,0.4780084490776062,2200243
2016-11-09,0.5202149748802185,0.5202149748802185,0.5025799870491028,0.5113980174064636,0.4699069559574127,1633170
2016-11-10,0.5202149748802185,0.5290319919586182,0.5202149748802185,0.5290319919586182,0.486110121011734,1984755
2016-11-11,0.5202149748802185,0.5378490090370178,0.5113980174064636,0.5378490090370178,0.49421191215515137,2143535
2016-11-14,0.5290319919586182,0.5290319919586182,0.5202149748802185,0.5202149748802185,0.4780084490776062,1315609
2016-11-15,0.5202149748802185,0.5290319919586182,0.5113980174064636,0.5202149748802185,0.4780084490776062,1497072
2016-11-16,0.5113980174064636,0.5290319919586182,0.5113980174064636,0.5202149748802185,0.4780084490776062,2495121
2016-11-17,0.5113980174064636,0.5378490090370178,0.5113980174064636,0.5290319919586182,0.486110121011734,2755974
2016-11-18,0.5290319919586182,0.5731179714202881,0.5290319919586182,0.5554839968681335,0.5104159712791443,11284752
2016-11-21,0.5643010139465332,0.5731179714202881,0.5554839968681335,0.5643010139465332,0.5185177326202393,4298413
2016-11-22,0.5643010139465332,0.5731179714202881,0.5378490090370178,0.5554839968681335,0.5104159712791443,4264388
2016-11-23,0.5554839968681335,0.5554839968681335,0.5290319919586182,0.5290319919586182,0.486110121011734,2631218
2016-11-24,0.5290319919586182,0.5378490090370178,0.5202149748802185,0.5290319919586182,0.486110121011734,1270243
2016-11-25,0.5290319919586182,0.5378490090370178,0.5202149748802185,0.5202149748802185,0.4780084490776062,2279633
2016-11-28,0.5290319919586182,0.5378490090370178,0.5202149748802185,0.5290319919586182,0.486110121011734,1247560
2016-11-29,0.5290319919586182,0.5378490090370178,0.5202149748802185,0.5290319919586182,0.486110121011734,1519755
2016-11-30,0.5378490090370178,0.5466660261154175,0.5378490090370178,0.5466660261154175,0.502313494682312,1508414
2016-12-01,0.5378490090370178,0.5466660261154175,0.5290319919586182,0.5378490090370178,0.49421191215515137,1451706
2016-12-02,0.5378490090370178,0.5378490090370178,0.5290319919586182,0.5378490090370178,0.49421191215515137,1417682
2016-12-05,0.5378490090370178,0.5378490090370178,0.5290319919586182,0.5290319919586182,0.486110121011734,703170
2016-12-06,0.5290319919586182,0.5378490090370178,0.5290319919586182,0.5378490090370178,0.49421191215515137,1179511
2016-12-07,0.5378490090370178,0.5378490090370178,0.5290319919586182,0.5290319919586182,0.486110121011734,657804
2016-12-08,0.5290319919586182,0.5290319919586182,0.5113980174064636,0.5113980174064636,0.4699069559574127,1780609
2016-12-09,0.5113980174064636,0.5113980174064636,0.5113980174064636,0.5113980174064636,0.4699069559574127,793902
2016-12-12,0.5025799870491028,0.5025799870491028,0.4937629997730255,0.4937629997730255,0.4537026584148407,1508414
2016-12-13,0.5025799870491028,0.5025799870491028,0.5025799870491028,0.5025799870491028,0.46180424094200134,533048
2016-12-14,0.5025799870491028,0.5113980174064636,0.5025799870491028,0.5025799870491028,0.46180424094200134,578414
2016-12-15,0.5025799870491028,0.5025799870491028,0.4937629997730255,0.4937629997730255,0.4537026584148407,567073
2016-12-16,0.4937629997730255,0.5025799870491028,0.4937629997730255,0.4937629997730255,0.4537026584148407,408292
2016-12-19,0.4937629997730255,0.4937629997730255,0.4761289954185486,0.4937629997730255,0.4537026584148407,1383658
2016-12-20,0.48494601249694824,0.48494601249694824,0.48494601249694824,0.48494601249694824,0.4456010162830353,68048
2016-12-21,0.4761289954185486,0.4937629997730255,0.4761289954185486,0.4937629997730255,0.4537026584148407,283536
2016-12-22,0.48494601249694824,0.4937629997730255,0.48494601249694824,0.4937629997730255,0.4537026584148407,283536
2016-12-23,0.48494601249694824,0.48494601249694824,0.46731099486351013,0.4761289954185486,0.43749937415122986,1326950
2016-12-28,0.46731099486351013,0.4937629997730255,0.46731099486351013,0.48494601249694824,0.4456010162830353,102073
2016-12-29,0.48494601249694824,0.48494601249694824,0.4761289954185486,0.4761289954185486,0.43749937415122986,340243
2016-12-30,0.48494601249694824,0.4937629997730255,0.48494601249694824,0.4937629997730255,0.4537026584148407,623780
2017-01-03,0.5025799870491028,0.5025799870491028,0.5025799870491028,0.5025799870491028,0.46180424094200134,11341
2017-01-04,0.4937629997730255,0.5113980174064636,0.48494601249694824,0.5025799870491028,0.46180424094200134,487682
2017-01-05,0.5113980174064636,0.5113980174064636,0.5025799870491028,0.5113980174064636,0.4699069559574127,612438
2017-01-06,0.5113980174064636,0.5113980174064636,0.5025799870491028,0.5025799870491028,0.46180424094200134,204146
2017-01-09,0.4937629997730255,0.4937629997730255,0.4937629997730255,0.4937629997730255,0.4537026584148407,34024
2017-01-10,0.5025799870491028,0.5025799870491028,0.4937629997730255,0.4937629997730255,0.4537026584148407,272195
2017-01-11,0.5025799870491028,0.5113980174064636,0.5025799870491028,0.5025799870491028,0.46180424094200134,1145487
2017-01-12,0.5202149748802185,0.5290319919586182,0.5113980174064636,0.5113980174064636,0.4699069559574127,1077438
2017-01-13,0.5025799870491028,0.5113980174064636,0.5025799870491028,0.5025799870491028,0.46180424094200134,430975
2017-01-16,0.5202149748802185,0.5290319919586182,0.48494601249694824,0.4937629997730255,0.4537026584148407,1633170
2017-01-17,0.4937629997730255,0.5025799870491028,0.48494601249694824,0.48494601249694824,0.4456010162830353,1020731
2017-01-18,0.4937629997730255,0.5025799870491028,0.48494601249694824,0.4937629997730255,0.4537026584148407,1646779
2017-01-19,0.4937629997730255,0.5025799870491028,0.4761289954185486,0.48494601249694824,0.4456010162830353,3107560
2017-01-20,0.48494601249694824,0.5025799870491028,0.48494601249694824,0.4937629997730255,0.4537026584148407,1565121
2017-01-23,0.4937629997730255,0.4937629997730255,0.4937629997730255,0.4937629997730255,0.4537026584148407,351585
2017-01-24,0.5025799870491028,0.5113980174064636,0.4937629997730255,0.5025799870491028,0.46180424094200134,998048
2017-01-25,0.5025799870491028,0.5202149748802185,0.5025799870491028,0.5113980174064636,0.4699069559574127,646463
2017-01-26,0.5025799870491028,0.5025799870491028,0.4937629997730255,0.5025799870491028,0.46180424094200134,124756
2017-01-27,0.4937629997730255,0.4937629997730255,0.4937629997730255,0.4937629997730255,0.4537026584148407,238170
2017-02-01,0.5025799870491028,0.5025799870491028,0.4937629997730255,0.4937629997730255,0.4537026584148407,249512
2017-02-02,0.4937629997730255,0.5025799870491028,0.4937629997730255,0.5025799870491028,0.46180424094200134,555731
2017-02-03,0.4937629997730255,0.5113980174064636,0.4937629997730255,0.5113980174064636,0.4699069559574127,578414
2017-02-06,0.5113980174064636,0.5378490090370178,0.5113980174064636,0.5290319919586182,0.486110121011734,2824023
2017-02-07,0.5290319919586182,0.5378490090370178,0.5202149748802185,0.5290319919586182,0.486110121011734,1814633
2017-02-08,0.5202149748802185,0.5202149748802185,0.5113980174064636,0.5113980174064636,0.4699069559574127,782560
2017-02-09,0.5202149748802185,0.5378490090370178,0.5202149748802185,0.5290319919586182,0.486110121011734,2665243
2017-02-10,0.5378490090370178,0.5378490090370178,0.5290319919586182,0.5378490090370178,0.49421191215515137,1633170
2017-02-13,0.5290319919586182,0.5466660261154175,0.5202149748802185,0.5378490090370178,0.49421191215515137,1984755
2017-02-14,0.5378490090370178,0.5466660261154175,0.5290319919586182,0.5466660261154175,0.502313494682312,2347682
2017-02-15,0.5554839968681335,0.5819349884986877,0.5466660261154175,0.5643010139465332,0.5185177326202393,5886217
2017-02-16,0.5554839968681335,0.5731179714202881,0.5554839968681335,0.5643010139465332,0.5185177326202393,3549876
2017-02-17,0.5643010139465332,0.5819349884986877,0.5643010139465332,0.5731179714202881,0.5266193747520447,2234267
2017-02-20,0.5731179714202881,0.5731179714202881,0.5554839968681335,0.5643010139465332,0.5185177326202393,998048
2017-02-21,0.5643010139465332,0.5907520055770874,0.5643010139465332,0.5731179714202881,0.5266193747520447,2721950
2017-02-22,0.5731179714202881,0.5907520055770874,0.5643010139465332,0.5731179714202881,0.5266193747520447,884633
2017-02-23,0.5731179714202881,0.5907520055770874,0.5643010139465332,0.5731179714202881,0.5266193747520447,918658
2017-02-24,0.5731179714202881,0.5731179714202881,0.5731179714202881,0.5731179714202881,0.5266193747520447,102073
2017-02-27,0.5731179714202881,0.5731179714202881,0.5554839968681335,0.5554839968681335,0.5104159712791443,652133
2017-02-28,0.5554839968681335,0.5554839968681335,0.5378490090370178,0.5554839968681335,0.5104159712791443,714511
2017-03-01,0.5466660261154175,0.5466660261154175,0.5466660261154175,0.5466660261154175,0.502313494682312,192804
2017-03-02,0.5466660261154175,0.5554839968681335,0.5290319919586182,0.5554839968681335,0.5104159712791443,1281584
2017-03-03,0.5466660261154175,0.5466660261154175,0.5290319919586182,0.5290319919586182,0.486110121011734,1372316
2017-03-06,0.5378490090370178,0.5466660261154175,0.5290319919586182,0.5466660261154175,0.502313494682312,601097
2017-03-07,0.5378490090370178,0.5466660261154175,0.5290319919586182,0.5378490090370178,0.49421191215515137,521707
2017-03-08,0.5466660261154175,0.5554839968681335,0.5378490090370178,0.5466660261154175,0.502313494682312,1036609
2017-03-09,0.5378490090370178,0.5378490090370178,0.5202149748802185,0.5290319919586182,0.486110121011734,2461096
2017-03-10,0.5290319919586182,0.5466660261154175,0.5202149748802185,0.5466660261154175,0.502313494682312,1037743
2017-03-13,0.5554839968681335,0.6083869934082031,0.5378490090370178,0.5819349884986877,0.5347210168838501,9481460
2017-03-14,0.5819349884986877,0.6436560153961182,0.5819349884986877,0.6348379850387573,0.5833318829536438,14035056
2017-03-15,0.6436560153961182,0.7406449913978577,0.6436560153961182,0.7141929864883423,0.6562485694885254,24508705
2017-03-16,0.7230100035667419,0.7406449913978577,0.678924024105072,0.6877419948577881,0.6319436430931091,14483044
2017-03-17,0.678924024105072,0.678924024105072,0.6436560153961182,0.6612899899482727,0.6076377034187317,8143168
2017-03-20,0.6612899899482727,0.6612899899482727,0.6348379850387573,0.652472972869873,0.5995360016822815,7303900
2017-03-21,0.652472972869873,0.6612899899482727,0.6260210275650024,0.6612899899482727,0.6076377034187317,6273245
2017-03-22,0.6436560153961182,0.6612899899482727,0.6348379850387573,0.652472972869873,0.5995360016822815,2324999
2017-03-23,0.6612899899482727,0.6877419948577881,0.652472972869873,0.6612899899482727,0.6076377034187317,13099386
2017-03-24,0.6612899899482727,0.6701070070266724,0.6348379850387573,0.652472972869873,0.5995360016822815,3107560
2017-03-27,0.652472972869873,0.652472972869873,0.6172040104866028,0.6260210275650024,0.5752302408218384,3307926
2017-03-28,0.6260210275650024,0.6348379850387573,0.6172040104866028,0.6348379850387573,0.5833318829536438,1565121
2017-03-29,0.6436560153961182,0.6701070070266724,0.6348379850387573,0.652472972869873,0.5995360016822815,5591339
2017-03-30,0.652472972869873,0.652472972869873,0.6172040104866028,0.6172040104866028,0.5671285390853882,2948779
2017-03-31,0.6083869934082031,0.6260210275650024,0.5907520055770874,0.6172040104866028,0.5671285390853882,3425120
2017-04-03,0.5995699763298035,0.6260210275650024,0.5995699763298035,0.5995699763298035,0.5509251952171326,1565121
2017-04-05,0.6083869934082031,0.6172040104866028,0.5907520055770874,0.6172040104866028,0.5671285390853882,3039511
2017-04-06,0.6260210275650024,0.6348379850387573,0.6172040104866028,0.6260210275650024,0.5752302408218384,1746584
2017-04-07,0.6348379850387573,0.6348379850387573,0.5995699763298035,0.6172040104866028,0.5671285390853882,1750690
2017-04-10,0.6172040104866028,0.6172040104866028,0.5995699763298035,0.6172040104866028,0.5671285390853882,1122804
2017-04-11,0.6083869934082031,0.6172040104866028,0.5819349884986877,0.5995699763298035,0.5509251952171326,3788047
2017-04-12,0.5907520055770874,0.5995699763298035,0.5819349884986877,0.5995699763298035,0.5509251952171326,748536
2017-04-13,0.5995699763298035,0.6083869934082031,0.5819349884986877,0.6083869934082031,0.559026837348938,1723901
2017-04-18,0.5907520055770874,0.5995699763298035,0.5731179714202881,0.5819349884986877,0.5347210168838501,2710608
2017-04-19,0.5819349884986877,0.5907520055770874,0.5819349884986877,0.5819349884986877,0.5347210168838501,1610487
2017-04-20,0.5819349884986877,0.5907520055770874,0.5819349884986877,0.5907520055770874,0.5428226590156555,1134146
2017-04-21,0.5819349884986877,0.5995699763298035,0.5819349884986877,0.5995699763298035,0.5509251952171326,362926
2017-04-24,0.5995699763298035,0.5995699763298035,0.5819349884986877,0.5907520055770874,0.5428226590156555,1054755
2017-04-25,0.5907520055770874,0.5995699763298035,0.5819349884986877,0.5995699763298035,0.5509251952171326,916531
2017-04-26,0.5995699763298035,0.5995699763298035,0.5819349884986877,0.5995699763298035,0.5509251952171326,1190853
2017-04-27,0.5907520055770874,0.5907520055770874,0.5819349884986877,0.5907520055770874,0.5428226590156555,1372316
2017-04-28,0.5819349884986877,0.5907520055770874,0.5819349884986877,0.5907520055770874,0.5428226590156555,2370365
2017-05-02,0.5819349884986877,0.5907520055770874,0.5819349884986877,0.5907520055770874,0.5428226590156555,669146
2017-05-04,0.5819349884986877,0.5819349884986877,0.5731179714202881,0.5819349884986877,0.5347210168838501,1066097
2017-05-05,0.5731179714202881,0.5819349884986877,0.5643010139465332,0.5731179714202881,0.5266193747520447,895975
2017-05-08,0.5731179714202881,0.5731179714202881,0.5554839968681335,0.5643010139465332,0.5185177326202393,1054755
2017-05-09,0.5643010139465332,0.5819349884986877,0.5643010139465332,0.5819349884986877,0.5347210168838501,635121
2017-05-10,0.5819349884986877,0.5995699763298035,0.5819349884986877,0.5907520055770874,0.5428226590156555,2222926
2017-05-11,0.5907520055770874,0.5995699763298035,0.5643010139465332,0.5819349884986877,0.5347210168838501,1372316
2017-05-12,0.5819349884986877,0.5819349884986877,0.5731179714202881,0.5731179714202881,0.5266193747520447,442316
2017-05-15,0.5731179714202881,0.5907520055770874,0.5731179714202881,0.5819349884986877,0.5347210168838501,1258902
2017-05-16,0.5731179714202881,0.5819349884986877,0.5731179714202881,0.5731179714202881,0.5266193747520447,362926
2017-05-17,0.5731179714202881,0.5819349884986877,0.5643010139465332,0.5643010139465332,0.5185177326202393,1746584
2017-05-18,0.5554839968681335,0.5731179714202881,0.5554839968681335,0.5643010139465332,0.5185177326202393,476341
2017-05-19,0.5643010139465332,0.5731179714202881,0.5554839968681335,0.5643010139465332,0.5185177326202393,1678536
2017-05-22,0.5643010139465332,0.5731179714202881,0.5643010139465332,0.5731179714202881,0.5266193747520447,714797
2017-05-23,0.5731179714202881,0.5731179714202881,0.5643010139465332,0.5731179714202881,0.5266193747520447,430975
2017-05-24,0.5731179714202881,0.5731179714202881,0.5554839968681335,0.5643010139465332,0.5185177326202393,1111463
2017-05-25,0.5643010139465332,0.5819349884986877,0.5643010139465332,0.5731179714202881,0.5266193747520447,986707
2017-05-26,0.5643010139465332,0.5643010139465332,0.5643010139465332,0.5643010139465332,0.5185177326202393,252347
2017-05-29,0.5554839968681335,0.5643010139465332,0.5378490090370178,0.5643010139465332,0.5185177326202393,2427072
2017-05-31,0.5643010139465332,0.5643010139465332,0.5643010139465332,0.5643010139465332,0.5185177326202393,623780
2017-06-01,0.5643010139465332,0.5643010139465332,0.5554839968681335,0.5554839968681335,0.5104159712791443,759877
2017-06-02,0.5554839968681335,0.5643010139465332,0.5466660261154175,0.5643010139465332,0.5185177326202393,827926
2017-06-05,0.5643010139465332,0.5907520055770874,0.5643010139465332,0.5819349884986877,0.5347210168838501,2846706
2017-06-06,0.5731179714202881,0.5731179714202881,0.5554839968681335,0.5554839968681335,0.520270049571991,1077438
2017-06-07,0.5554839968681335,0.5643010139465332,0.5554839968681335,0.5643010139465332,0.5285282135009766,1077438
2017-06-08,0.5643010139465332,0.6260210275650024,0.5643010139465332,0.6260210275650024,0.5863355994224548,11500240
2017-06-09,0.6172040104866028,0.6260210275650024,0.5907520055770874,0.5995699763298035,0.5615613460540771,5038443
2017-06-12,0.5995699763298035,0.6083869934082031,0.5907520055770874,0.5995699763298035,0.5615613460540771,1996096
2017-06-13,0.6083869934082031,0.6877419948577881,0.6083869934082031,0.6701070070266724,0.6276267766952515,21639505
2017-06-14,0.678924024105072,0.678924024105072,0.6348379850387573,0.6436560153961182,0.6028526425361633,5579998
2017-06-15,0.6348379850387573,0.6612899899482727,0.6172040104866028,0.6436560153961182,0.6028526425361633,6714144
2017-06-16,0.6436560153961182,0.6436560153961182,0.6260210275650024,0.6348379850387573,0.5945936441421509,1859999
2017-06-19,0.6348379850387573,0.652472972869873,0.6172040104866028,0.6260210275650024,0.5863355994224548,2279633
2017-06-20,0.6260210275650024,0.6260210275650024,0.5907520055770874,0.5995699763298035,0.5615613460540771,4162315
2017-06-21,0.5995699763298035,0.5995699763298035,0.5819349884986877,0.5995699763298035,0.5615613460540771,2801340
2017-06-22,0.5995699763298035,0.5995699763298035,0.5819349884986877,0.5819349884986877,0.5450443029403687,2336340
2017-06-23,0.5907520055770874,0.5907520055770874,0.5731179714202881,0.5819349884986877,0.5450443029403687,1258902
2017-06-26,0.5819349884986877,0.5907520055770874,0.5643010139465332,0.5731179714202881,0.5367862582206726,2597194
2017-06-27,0.5731179714202881,0.5819349884986877,0.5554839968681335,0.5643010139465332,0.5285282135009766,1803292
2017-06-28,0.5643010139465332,0.5819349884986877,0.5290319919586182,0.5554839968681335,0.520270049571991,4162315
2017-06-29,0.5643010139465332,0.5819349884986877,0.5554839968681335,0.5731179714202881,0.5367862582206726,1032072
2017-06-30,0.5643010139465332,0.5731179714202881,0.5643010139465332,0.5731179714202881,0.5367862582206726,1009389
2017-07-03,0.5731179714202881,0.5731179714202881,0.5554839968681335,0.5643010139465332,0.5285282135009766,2324999
2017-07-04,0.5731179714202881,0.5907520055770874,0.5643010139465332,0.5643010139465332,0.5285282135009766,1202194
2017-07-05,0.5731179714202881,0.5819349884986877,0.5643010139465332,0.5731179714202881,0.5367862582206726,1644511
2017-07-06,0.5731179714202881,0.5995699763298035,0.5731179714202881,0.5731179714202881,0.5367862582206726,4124321
2017-07-07,0.5643010139465332,0.5819349884986877,0.5643010139465332,0.5731179714202881,0.5367862582206726,1224877
2017-07-10,0.5731179714202881,0.5819349884986877,0.5731179714202881,0.5819349884986877,0.5450443029403687,1621828
2017-07-11,0.5819349884986877,0.5819349884986877,0.5731179714202881,0.5819349884986877,0.5450443029403687,1258902
2017-07-12,0.5819349884986877,0.6083869934082031,0.5731179714202881,0.6083869934082031,0.5698193907737732,4593291
2017-07-13,0.5995699763298035,0.6083869934082031,0.5907520055770874,0.5907520055770874,0.5533023476600647,2415730
2017-07-14,0.5907520055770874,0.5907520055770874,0.5731179714202881,0.5907520055770874,0.5533023476600647,3425120
2017-07-17,0.5907520055770874,0.5907520055770874,0.5819349884986877,0.5907520055770874,0.5533023476600647,1030867
2017-07-18,0.5819349884986877,0.5907520055770874,0.5731179714202881,0.5819349884986877,0.5450443029403687,1009389
2017-07-19,0.5819349884986877,0.5907520055770874,0.5731179714202881,0.5819349884986877,0.5450443029403687,1020731
2017-07-20,0.5819349884986877,0.5907520055770874,0.5731179714202881,0.5819349884986877,0.5450443029403687,2608535
2017-07-21,0.5731179714202881,0.5907520055770874,0.5731179714202881,0.5907520055770874,0.5533023476600647,1017896
2017-07-24,0.5907520055770874,0.5907520055770874,0.5819349884986877,0.5819349884986877,0.5450443029403687,646463
2017-07-25,0.5819349884986877,0.5819349884986877,0.5819349884986877,0.5819349884986877,0.5450443029403687,487682
2017-07-26,0.5819349884986877,0.5995699763298035,0.5819349884986877,0.5995699763298035,0.5615613460540771,635121
2017-07-27,0.5819349884986877,0.5907520055770874,0.5819349884986877,0.5819349884986877,0.5450443029403687,351585
2017-07-28,0.5819349884986877,0.5907520055770874,0.5819349884986877,0.5907520055770874,0.5533023476600647,793902
2017-07-31,0.5995699763298035,0.652472972869873,0.5907520055770874,0.6348379850387573,0.5945936441421509,8549759
2017-08-01,0.6348379850387573,0.6436560153961182,0.6172040104866028,0.6348379850387573,0.5945936441421509,2359023
2017-08-02,0.6348379850387573,0.6348379850387573,0.6172040104866028,0.6172040104866028,0.578077495098114,2608535
2017-08-03,0.6083869934082031,0.6172040104866028,0.5731179714202881,0.5995699763298035,0.5615613460540771,3232316
2017-08-04,0.5995699763298035,0.6083869934082031,0.5907520055770874,0.5995699763298035,0.5615613460540771,669146
2017-08-07,0.5995699763298035,0.6172040104866028,0.5907520055770874,0.6172040104866028,0.578077495098114,2728565
2017-08-08,0.6172040104866028,0.6172040104866028,0.5995699763298035,0.5995699763298035,0.5615613460540771,771219
2017-08-09,0.5995699763298035,0.5995699763298035,0.5907520055770874,0.5907520055770874,0.5533023476600647,1429023
2017-08-10,0.5907520055770874,0.5907520055770874,0.5643010139465332,0.5731179714202881,0.5367862582206726,3776706
2017-08-11,0.5643010139465332,0.5643010139465332,0.5466660261154175,0.5643010139465332,0.5285282135009766,1746584
2017-08-14,0.5731179714202881,0.5995699763298035,0.5731179714202881,0.5907520055770874,0.5533023476600647,1633170
2017-08-15,0.5995699763298035,0.6612899899482727,0.5995699763298035,0.652472972869873,0.6111106276512146,15472741
2017-08-16,0.652472972869873,0.652472972869873,0.6260210275650024,0.6436560153961182,0.6028526425361633,4343779
2017-08-17,0.6260210275650024,0.6348379850387573,0.6260210275650024,0.6260210275650024,0.5863355994224548,1508414
2017-08-18,0.6172040104866028,0.6260210275650024,0.6172040104866028,0.6260210275650024,0.5863355994224548,725853
2017-08-21,0.6172040104866028,0.6260210275650024,0.6083869934082031,0.6083869934082031,0.5698193907737732,1100121
2017-08-22,0.6172040104866028,0.6260210275650024,0.5995699763298035,0.5995699763298035,0.5615613460540771,1757926
2017-08-23,0.5995699763298035,0.5995699763298035,0.5995699763298035,0.5995699763298035,0.5615613460540771,0
2017-08-24,0.6172040104866028,0.6260210275650024,0.6172040104866028,0.6172040104866028,0.578077495098114,1848657
2017-08-25,0.6172040104866028,0.6260210275650024,0.6083869934082031,0.6083869934082031,0.5698193907737732,1678536
2017-08-28,0.6260210275650024,0.6260210275650024,0.6083869934082031,0.6172040104866028,0.578077495098114,476341
2017-08-29,0.6172040104866028,0.6172040104866028,0.6083869934082031,0.6172040104866028,0.578077495098114,1213536
2017-08-30,0.5995699763298035,0.6172040104866028,0.5995699763298035,0.6083869934082031,0.5698193907737732,2653901
2017-08-31,0.5995699763298035,0.6348379850387573,0.5995699763298035,0.6260210275650024,0.5863355994224548,5409876
2017-09-01,0.6172040104866028,0.6172040104866028,0.5907520055770874,0.5907520055770874,0.5533023476600647,6532680
2017-09-04,0.5731179714202881,0.5819349884986877,0.5643010139465332,0.5731179714202881,0.5367862582206726,4306352
2017-09-05,0.5819349884986877,0.5819349884986877,0.5819349884986877,0.5819349884986877,0.5450443029403687,510365
2017-09-06,0.5819349884986877,0.5907520055770874,0.5731179714202881,0.5731179714202881,0.5367862582206726,964024
2017-09-07,0.5731179714202881,0.5907520055770874,0.5643010139465332,0.5731179714202881,0.5367862582206726,5024266
2017-09-08,0.5731179714202881,0.5731179714202881,0.5643010139465332,0.5731179714202881,0.5367862582206726,419634
2017-09-11,0.5731179714202881,0.5731179714202881,0.5554839968681335,0.5643010139465332,0.5285282135009766,2858047
2017-09-12,0.5643010139465332,0.5819349884986877,0.5554839968681335,0.5819349884986877,0.5450443029403687,3833413
2017-09-13,0.5819349884986877,0.5819349884986877,0.5643010139465332,0.5731179714202881,0.5367862582206726,4615974
2017-09-14,0.5731179714202881,0.5907520055770874,0.5731179714202881,0.5731179714202881,0.5367862582206726,3470486
2017-09-15,0.5731179714202881,0.5731179714202881,0.5643010139465332,0.5731179714202881,0.5367862582206726,1270243
2017-09-18,0.5643010139465332,0.5731179714202881,0.5554839968681335,0.5554839968681335,0.520270049571991,7961704
2017-09-19,0.5554839968681335,0.5731179714202881,0.5554839968681335,0.5554839968681335,0.520270049571991,5523291
2017-09-20,0.5643010139465332,0.5907520055770874,0.5554839968681335,0.5819349884986877,0.5450443029403687,5273778
2017-09-21,0.5907520055770874,0.5907520055770874,0.5731179714202881,0.5731179714202881,0.5367862582206726,1508414
2017-09-22,0.5731179714202881,0.5731179714202881,0.5554839968681335,0.5643010139465332,0.5285282135009766,5568656
2017-09-25,0.5643010139465332,0.5731179714202881,0.5554839968681335,0.5554839968681335,0.520270049571991,3243657
2017-09-26,0.5554839968681335,0.5643010139465332,0.5554839968681335,0.5554839968681335,0.520270049571991,1190853
2017-09-27,0.5554839968681335,0.5643010139465332,0.5466660261154175,0.5554839968681335,0.520270049571991,2994145
2017-09-28,0.5554839968681335,0.5643010139465332,0.5554839968681335,0.5554839968681335,0.520270049571991,499024
2017-09-29,0.5554839968681335,0.5643010139465332,0.5554839968681335,0.5554839968681335,0.520270049571991,1100121
2017-10-03,0.5643010139465332,0.5731179714202881,0.5643010139465332,0.5731179714202881,0.5367862582206726,1644511
2017-10-04,0.5731179714202881,0.5731179714202881,0.5643010139465332,0.5643010139465332,0.5285282135009766,464999
2017-10-06,0.5643010139465332,0.5731179714202881,0.5643010139465332,0.5731179714202881,0.5367862582206726,1111463
2017-10-09,0.5731179714202881,0.5907520055770874,0.5731179714202881,0.5731179714202881,0.5367862582206726,5364510
2017-10-10,0.5819349884986877,0.5907520055770874,0.5731179714202881,0.5819349884986877,0.5450443029403687,929999
2017-10-11,0.5907520055770874,0.6172040104866028,0.5907520055770874,0.5995699763298035,0.5615613460540771,5976949
2017-10-12,0.5995699763298035,0.6083869934082031,0.5907520055770874,0.5995699763298035,0.5615613460540771,1306299
2017-10-13,0.5995699763298035,0.5995699763298035,0.5819349884986877,0.5819349884986877,0.5450443029403687,567073
2017-10-16,0.5819349884986877,0.5907520055770874,0.5819349884986877,0.5907520055770874,0.5533023476600647,1349633
2017-10-17,0.5819349884986877,0.5907520055770874,0.5731179714202881,0.5819349884986877,0.5450443029403687,1020731
2017-10-18,0.5731179714202881,0.5819349884986877,0.5731179714202881,0.5819349884986877,0.5450443029403687,521707
2017-10-19,0.5731179714202881,0.5907520055770874,0.5554839968681335,0.5643010139465332,0.5285282135009766,3334389
2017-10-20,0.5643010139465332,0.5643010139465332,0.5554839968681335,0.5643010139465332,0.5285282135009766,589755
2017-10-23,0.5643010139465332,0.5731179714202881,0.5643010139465332,0.5643010139465332,0.5285282135009766,986707
2017-10-24,0.5643010139465332,0.5643010139465332,0.5554839968681335,0.5554839968681335,0.520270049571991,2778657
2017-10-25,0.5643010139465332,0.5731179714202881,0.5554839968681335,0.5554839968681335,0.520270049571991,1247560
2017-10-26,0.5643010139465332,0.5643010139465332,0.5466660261154175,0.5554839968681335,0.520270049571991,2438413
2017-10-27,0.5554839968681335,0.5643010139465332,0.5554839968681335,0.5554839968681335,0.520270049571991,1542438
2017-10-30,0.5643010139465332,0.5643010139465332,0.5554839968681335,0.5643010139465332,0.5285282135009766,1542438
2017-10-31,0.5554839968681335,0.5643010139465332,0.5466660261154175,0.5554839968681335,0.520270049571991,3198291
2017-11-01,0.5643010139465332,0.5907520055770874,0.5643010139465332,0.5731179714202881,0.5367862582206726,4899510
2017-11-02,0.5731179714202881,0.5731179714202881,0.5643010139465332,0.5643010139465332,0.5285282135009766,476341
2017-11-03,0.5643010139465332,0.5643010139465332,0.5554839968681335,0.5554839968681335,0.520270049571991,1712560
2017-11-06,0.5554839968681335,0.5554839968681335,0.5202149748802185,0.5466660261154175,0.5120111107826233,6317193
2017-11-07,0.5466660261154175,0.5466660261154175,0.5290319919586182,0.5466660261154175,0.5120111107826233,2483779
2017-11-08,0.5466660261154175,0.5466660261154175,0.5290319919586182,0.5466660261154175,0.5120111107826233,1621828
2017-11-09,0.5466660261154175,0.5554839968681335,0.5378490090370178,0.5466660261154175,0.5120111107826233,1236219
2017-11-10,0.5466660261154175,0.5466660261154175,0.5466660261154175,0.5466660261154175,0.5120111107826233,158780
2017-11-13,0.5466660261154175,0.5466660261154175,0.5378490090370178,0.5466660261154175,0.5120111107826233,2438413
2017-11-14,0.5378490090370178,0.5466660261154175,0.5378490090370178,0.5466660261154175,0.5120111107826233,975365
2017-11-15,0.5466660261154175,0.5819349884986877,0.5466660261154175,0.5731179714202881,0.5367862582206726,6895607
2017-11-16,0.5731179714202881,0.5731179714202881,0.5554839968681335,0.5554839968681335,0.520270049571991,1440365
2017-11-17,0.5554839968681335,0.5554839968681335,0.5378490090370178,0.5466660261154175,0.5120111107826233,1292926
2017-11-20,0.5466660261154175,0.5466660261154175,0.5290319919586182,0.5290319919586182,0.49549493193626404,3890120
2017-11-21,0.5290319919586182,0.5466660261154175,0.5290319919586182,0.5378490090370178,0.503753125667572,1224877
2017-11-22,0.5378490090370178,0.5378490090370178,0.5290319919586182,0.5378490090370178,0.503753125667572,1281584
2017-11-23,0.5290319919586182,0.5378490090370178,0.5290319919586182,0.5290319919586182,0.49549493193626404,1315609
2017-11-24,0.5290319919586182,0.5290319919586182,0.5202149748802185,0.5202149748802185,0.4872368574142456,2347682
2017-11-27,0.5290319919586182,0.5290319919586182,0.5113980174064636,0.5113980174064636,0.4789789319038391,1973414
2017-11-28,0.5113980174064636,0.5202149748802185,0.5113980174064636,0.5202149748802185,0.4872368574142456,1531097
2017-11-29,0.5202149748802185,0.5290319919586182,0.5113980174064636,0.5202149748802185,0.4872368574142456,1723901
2017-11-30,0.5202149748802185,0.5202149748802185,0.5113980174064636,0.5202149748802185,0.4872368574142456,737194
2017-12-01,0.5202149748802185,0.5202149748802185,0.5025799870491028,0.5113980174064636,0.4789789319038391,1394999
2017-12-04,0.5025799870491028,0.5113980174064636,0.5025799870491028,0.5025799870491028,0.4707198143005371,2234267
2017-12-05,0.5025799870491028,0.5202149748802185,0.5025799870491028,0.5113980174064636,0.4789789319038391,1156828
2017-12-06,0.5025799870491028,0.5113980174064636,0.5025799870491028,0.5025799870491028,0.4707198143005371,975365
2017-12-07,0.4937629997730255,0.5025799870491028,0.48494601249694824,0.48494601249694824,0.4542037546634674,1633170
2017-12-08,0.48494601249694824,0.4937629997730255,0.48494601249694824,0.4937629997730255,0.46246179938316345,238170
2017-12-11,0.5025799870491028,0.5025799870491028,0.5025799870491028,0.5025799870491028,0.4707198143005371,56707
2017-12-12,0.4937629997730255,0.4937629997730255,0.4937629997730255,0.4937629997730255,0.46246179938316345,0
2017-12-13,0.4937629997730255,0.5025799870491028,0.4937629997730255,0.5025799870491028,0.4707198143005371,283536
2017-12-14,0.5025799870491028,0.5025799870491028,0.4937629997730255,0.5025799870491028,0.4707198143005371,827926
2017-12-15,0.5025799870491028,0.5025799870491028,0.4937629997730255,0.5025799870491028,0.4707198143005371,317560
2017-12-18,0.4937629997730255,0.5025799870491028,0.4937629997730255,0.5025799870491028,0.4707198143005371,192804
2017-12-19,0.5025799870491028,0.5202149748802185,0.4937629997730255,0.5202149748802185,0.4872368574142456,1003719
2017-12-20,0.5202149748802185,0.5202149748802185,0.5113980174064636,0.5113980174064636,0.4789789319038391,396951
2017-12-21,0.5113980174064636,0.5113980174064636,0.5025799870491028,0.5113980174064636,0.4789789319038391,283536
2017-12-22,0.5113980174064636,0.5113980174064636,0.5113980174064636,0.5113980174064636,0.4789789319038391,533048
2017-12-27,0.5113980174064636,0.5202149748802185,0.5113980174064636,0.5113980174064636,0.4789789319038391,510365
2017-12-28,0.5113980174064636,0.5202149748802185,0.5113980174064636,0.5202149748802185,0.4872368574142456,548926
2017-12-29,0.5113980174064636,0.5202149748802185,0.5025799870491028,0.5025799870491028,0.4707198143005371,374268
2018-01-02,0.5202149748802185,0.5290319919586182,0.5113980174064636,0.5202149748802185,0.4872368574142456,1803292
2018-01-03,0.5290319919586182,0.5378490090370178,0.5202149748802185,0.5202149748802185,0.4872368574142456,2290974
2018-01-04,0.5290319919586182,0.5378490090370178,0.5290319919586182,0.5378490090370178,0.503753125667572,861950
2018-01-05,0.5378490090370178,0.5378490090370178,0.5202149748802185,0.5202149748802185,0.4872368574142456,1190853
2018-01-08,0.5202149748802185,0.5290319919586182,0.5113980174064636,0.5290319919586182,0.49549493193626404,1831645
2018-01-09,0.5290319919586182,0.5290319919586182,0.5202149748802185,0.5290319919586182,0.49549493193626404,1871340
2018-01-10,0.5290319919586182,0.5290319919586182,0.5202149748802185,0.5202149748802185,0.4872368574142456,759877
2018-01-11,0.5290319919586182,0.5290319919586182,0.5202149748802185,0.5290319919586182,0.49549493193626404,929999
2018-01-12,0.5202149748802185,0.5290319919586182,0.5202149748802185,0.5290319919586182,0.49549493193626404,1009389
2018-01-15,0.5290319919586182,0.5290319919586182,0.5202149748802185,0.5202149748802185,0.4872368574142456,453658
2018-01-16,0.5290319919586182,0.5290319919586182,0.5290319919586182,0.5290319919586182,0.49549493193626404,873292
2018-01-17,0.5202149748802185,0.5202149748802185,0.5113980174064636,0.5202149748802185,0.4872368574142456,1882682
2018-01-18,0.5202149748802185,0.5290319919586182,0.5202149748802185,0.5202149748802185,0.4872368574142456,839268
2018-01-19,0.5290319919586182,0.5290319919586182,0.5202149748802185,0.5202149748802185,0.4872368574142456,793618
2018-01-22,0.5202149748802185,0.5290319919586182,0.5202149748802185,0.5202149748802185,0.4872368574142456,2483779
2018-01-23,0.5202149748802185,0.5378490090370178,0.5202149748802185,0.5378490090370178,0.503753125667572,1996096
2018-01-24,0.5290319919586182,0.5554839968681335,0.5290319919586182,0.5466660261154175,0.5120111107826233,2483779
2018-01-25,0.5378490090370178,0.5466660261154175,0.5290319919586182,0.5466660261154175,0.5120111107826233,2359023
2018-01-26,0.5378490090370178,0.5643010139465332,0.5378490090370178,0.5466660261154175,0.5120111107826233,2188901
2018-01-29,0.5466660261154175,0.5466660261154175,0.5378490090370178,0.5378490090370178,0.503753125667572,453658
2018-01-30,0.5378490090370178,0.5378490090370178,0.5202149748802185,0.5202149748802185,0.4872368574142456,1417682
2018-01-31,0.5202149748802185,0.5202149748802185,0.5202149748802185,0.5202149748802185,0.4872368574142456,45365
2018-02-01,0.5202149748802185,0.5290319919586182,0.5202149748802185,0.5290319919586182,0.49549493193626404,79390
2018-02-02,0.5202149748802185,0.5290319919586182,0.5202149748802185,0.5202149748802185,0.4872368574142456,1247560
2018-02-05,0.5202149748802185,0.5202149748802185,0.5025799870491028,0.5113980174064636,0.4789789319038391,1360975
2018-02-06,0.5113980174064636,0.5113980174064636,0.48494601249694824,0.4937629997730255,0.46246179938316345,2846706
2018-02-07,0.48494601249694824,0.5113980174064636,0.48494601249694824,0.4937629997730255,0.46246179938316345,1051920
2018-02-08,0.4937629997730255,0.5025799870491028,0.48494601249694824,0.5025799870491028,0.4707198143005371,918658
2018-02-09,0.4937629997730255,0.4937629997730255,0.4761289954185486,0.4761289954185486,0.44594570994377136,1837316
2018-02-12,0.4761289954185486,0.48494601249694824,0.4761289954185486,0.48494601249694824,0.4542037546634674,476341
2018-02-13,0.4761289954185486,0.4937629997730255,0.4761289954185486,0.4937629997730255,0.46246179938316345,192804
2018-02-14,0.48494601249694824,0.5025799870491028,0.48494601249694824,0.5025799870491028,0.4707198143005371,136097
2018-02-15,0.4937629997730255,0.5025799870491028,0.4937629997730255,0.5025799870491028,0.4707198143005371,34024
2018-02-20,0.4937629997730255,0.4937629997730255,0.4937629997730255,0.4937629997730255,0.46246179938316345,0
2018-02-21,0.48494601249694824,0.5025799870491028,0.48494601249694824,0.5025799870491028,0.4707198143005371,204146
2018-02-22,0.4937629997730255,0.5025799870491028,0.4937629997730255,0.5025799870491028,0.4707198143005371,136097
2018-02-23,0.4937629997730255,0.5025799870491028,0.4937629997730255,0.4937629997730255,0.46246179938316345,226829
2018-02-26,0.4937629997730255,0.5113980174064636,0.4937629997730255,0.4937629997730255,0.46246179938316345,2177560
2018-02-27,0.4937629997730255,0.5025799870491028,0.4937629997730255,0.4937629997730255,0.46246179938316345,136097
2018-02-28,0.4937629997730255,0.4937629997730255,0.4761289954185486,0.4937629997730255,0.46246179938316345,1973414
2018-03-01,0.48494601249694824,0.4937629997730255,0.48494601249694824,0.48494601249694824,0.4542037546634674,261035
2018-03-02,0.4937629997730255,0.4937629997730255,0.48494601249694824,0.4937629997730255,0.46246179938316345,612438
2018-03-05,0.48494601249694824,0.4937629997730255,0.48494601249694824,0.48494601249694824,0.4542037546634674,283536
2018-03-06,0.48494601249694824,0.4937629997730255,0.48494601249694824,0.4937629997730255,0.46246179938316345,45365
2018-03-07,0.48494601249694824,0.4937629997730255,0.48494601249694824,0.48494601249694824,0.4542037546634674,249512
2018-03-08,0.48494601249694824,0.4937629997730255,0.48494601249694824,0.48494601249694824,0.4542037546634674,317560
2018-03-09,0.48494601249694824,0.5025799870491028,0.48494601249694824,0.4937629997730255,0.46246179938316345,476341
2018-03-12,0.48494601249694824,0.4937629997730255,0.48494601249694824,0.48494601249694824,0.4542037546634674,827926
2018-03-13,0.48494601249694824,0.4937629997730255,0.48494601249694824,0.48494601249694824,0.4542037546634674,366669
2018-03-14,0.48494601249694824,0.4937629997730255,0.48494601249694824,0.4937629997730255,0.46246179938316345,215487
2018-03-15,0.48494601249694824,0.4937629997730255,0.48494601249694824,0.48494601249694824,0.4542037546634674,895975
2018-03-16,0.48494601249694824,0.4937629997730255,0.48494601249694824,0.48494601249694824,0.4542037546634674,640792
2018-03-19,0.48494601249694824,0.4937629997730255,0.48494601249694824,0.48494601249694824,0.4542037546634674,1338292
2018-03-20,0.48494601249694824,0.48494601249694824,0.4761289954185486,0.48494601249694824,0.4542037546634674,861950
2018-03-21,0.48494601249694824,0.48494601249694824,0.4761289954185486,0.48494601249694824,0.4542037546634674,765548
2018-03-22,0.4761289954185486,0.4937629997730255,0.4761289954185486,0.4937629997730255,0.46246179938316345,1769267
2018-03-23,0.4761289954185486,0.4761289954185486,0.46731099486351013,0.4761289954185486,0.44594570994377136,986707
2018-03-26,0.46731099486351013,0.4761289954185486,0.45849400758743286,0.46731099486351013,0.43768665194511414,748536
2018-03-27,0.4761289954185486,0.4761289954185486,0.46731099486351013,0.4761289954185486,0.44594570994377136,1043414
2018-03-28,0.46731099486351013,0.4761289954185486,0.45849400758743286,0.4761289954185486,0.44594570994377136,964024
2018-03-29,0.46731099486351013,0.46731099486351013,0.45849400758743286,0.45849400758743286,0.4294286370277405,861194
2018-04-03,0.4496769905090332,0.45849400758743286,0.4496769905090332,0.4496769905090332,0.42117056250572205,2880730
2018-04-04,0.45849400758743286,0.45849400758743286,0.45849400758743286,0.45849400758743286,0.4294286370277405,476341
2018-04-06,0.45849400758743286,0.45849400758743286,0.45849400758743286,0.45849400758743286,0.4294286370277405,521707
2018-04-09,0.45849400758743286,0.4761289954185486,0.45849400758743286,0.45849400758743286,0.4294286370277405,283536
2018-04-10,0.45849400758743286,0.46731099486351013,0.45849400758743286,0.46731099486351013,0.43768665194511414,385609
2018-04-11,0.46731099486351013,0.46731099486351013,0.45849400758743286,0.45849400758743286,0.4294286370277405,657804
2018-04-12,0.45849400758743286,0.45849400758743286,0.45849400758743286,0.45849400758743286,0.4294286370277405,181463
2018-04-13,0.45849400758743286,0.46731099486351013,0.45849400758743286,0.46731099486351013,0.43768665194511414,691829
2018-04-16,0.45849400758743286,0.45849400758743286,0.45849400758743286,0.45849400758743286,0.4294286370277405,385609
2018-04-17,0.45849400758743286,0.45849400758743286,0.45849400758743286,0.45849400758743286,0.4294286370277405,124756
2018-04-18,0.4496769905090332,0.45849400758743286,0.4496769905090332,0.4496769905090332,0.42117056250572205,406403
2018-04-19,0.45849400758743286,0.45849400758743286,0.44086000323295593,0.44086000323295593,0.412912517786026,1814633
2018-04-20,0.44086000323295593,0.44086000323295593,0.4320429861545563,0.44086000323295593,0.412912517786026,2540487
2018-04-23,0.44086000323295593,0.4364509880542755,0.41881701350212097,0.42763400077819824,0.40052494406700134,3561218
2018-04-24,0.42763400077819824,0.42763400077819824,0.42763400077819824,0.42763400077819824,0.40052494406700134,0
2018-04-25,0.41881701350212097,0.42763400077819824,0.41440799832344055,0.4232249855995178,0.39639541506767273,476341
2018-04-26,0.4232249855995178,0.4320429861545563,0.4232249855995178,0.42763400077819824,0.40052494406700134,340243
2018-04-27,0.4232249855995178,0.4232249855995178,0.4099999964237213,0.4232249855995178,0.39639541506767273,986707
2018-04-30,0.41440799832344055,0.4232249855995178,0.41440799832344055,0.4232249855995178,0.39639541506767273,1122804
2018-05-02,0.4232249855995178,0.4232249855995178,0.4232249855995178,0.4232249855995178,0.39639541506767273,34024
2018-05-03,0.41881701350212097,0.4232249855995178,0.41440799832344055,0.41440799832344055,0.3881373405456543,510365
2018-05-04,0.4099999964237213,0.41440799832344055,0.4099999964237213,0.41440799832344055,0.3881373405456543,34024
2018-05-07,0.4232249855995178,0.4232249855995178,0.41440799832344055,0.4232249855995178,0.39639541506767273,204146
2018-05-08,0.4232249855995178,0.42763400077819824,0.4232249855995178,0.42763400077819824,0.40052494406700134,238170
2018-05-09,0.4232249855995178,0.4320429861545563,0.4232249855995178,0.4232249855995178,0.39639541506767273,147438
2018-05-10,0.42763400077819824,0.4320429861545563,0.42763400077819824,0.4320429861545563,0.4046543836593628,204146
2018-05-11,0.4320429861545563,0.4364509880542755,0.42763400077819824,0.42763400077819824,0.40052494406700134,703170
2018-05-14,0.4232249855995178,0.44086000323295593,0.4232249855995178,0.44086000323295593,0.412912517786026,533048
2018-05-15,0.42763400077819824,0.42763400077819824,0.4232249855995178,0.42763400077819824,0.40052494406700134,646463
2018-05-16,0.42763400077819824,0.42763400077819824,0.4232249855995178,0.42763400077819824,0.40052494406700134,204146
2018-05-17,0.4232249855995178,0.4232249855995178,0.4232249855995178,0.4232249855995178,0.39639541506767273,22684
2018-05-18,0.4320429861545563,0.4320429861545563,0.4320429861545563,0.4320429861545563,0.4046543836593628,170121
2018-05-21,0.4320429861545563,0.44086000323295593,0.42763400077819824,0.42763400077819824,0.40052494406700134,487682
2018-05-23,0.4232249855995178,0.4232249855995178,0.4099999964237213,0.41440799832344055,0.3881373405456543,3033840
2018-05-24,0.41440799832344055,0.41440799832344055,0.4099999964237213,0.41440799832344055,0.3881373405456543,2222926
2018-05-25,0.41440799832344055,0.41440799832344055,0.41440799832344055,0.41440799832344055,0.3881373405456543,0
2018-05-28,0.41881701350212097,0.41881701350212097,0.41440799832344055,0.41881701350212097,0.3922668695449829,782560
2018-05-29,0.41440799832344055,0.41440799832344055,0.4099999964237213,0.41440799832344055,0.3881373405456543,680487
2018-05-30,0.41440799832344055,0.41440799832344055,0.41440799832344055,0.41440799832344055,0.3881373405456543,0
2018-05-31,0.41881701350212097,0.41881701350212097,0.4099999964237213,0.41881701350212097,0.3922668695449829,45365
2018-06-01,0.41881701350212097,0.41881701350212097,0.41881701350212097,0.41881701350212097,0.3922668695449829,0
2018-06-04,0.41440799832344055,0.41881701350212097,0.4099999964237213,0.41881701350212097,0.3922668695449829,453658
2018-06-05,0.4099999964237213,0.4099999964237213,0.4099999964237213,0.4099999964237213,0.38400885462760925,170121
2018-06-06,0.41440799832344055,0.41440799832344055,0.41440799832344055,0.41440799832344055,0.3881373405456543,0
2018-06-07,0.4099999964237213,0.4232249855995178,0.4099999964237213,0.41881701350212097,0.3922668695449829,759877
2018-06-08,0.41440799832344055,0.4320429861545563,0.41440799832344055,0.42763400077819824,0.40052494406700134,249512
2018-06-11,0.42763400077819824,0.4320429861545563,0.41881701350212097,0.4320429861545563,0.4046543836593628,1406341
2018-06-12,0.4320429861545563,0.4320429861545563,0.4232249855995178,0.4320429861545563,0.4046543836593628,805243
2018-06-13,0.41881701350212097,0.41881701350212097,0.41881701350212097,0.41881701350212097,0.40253615379333496,0
2018-06-14,0.41440799832344055,0.41440799832344055,0.41440799832344055,0.41440799832344055,0.398298442363739,22682
2018-06-15,0.4055910110473633,0.41440799832344055,0.4055910110473633,0.41440799832344055,0.398298442363739,68048
2018-06-19,0.4055910110473633,0.41440799832344055,0.3967739939689636,0.4099999964237213,0.3940618634223938,691829
2018-06-20,0.4099999964237213,0.4099999964237213,0.4099999964237213,0.4099999964237213,0.3940618634223938,56707
2018-06-21,0.4055910110473633,0.4055910110473633,0.4055910110473633,0.4055910110473633,0.3898242712020874,147438
2018-06-22,0.4055910110473633,0.41440799832344055,0.4055910110473633,0.41440799832344055,0.398298442363739,136097
2018-06-25,0.41440799832344055,0.4099999964237213,0.4099999964237213,0.4099999964237213,0.3940618634223938,68048
2018-06-26,0.3923650085926056,0.4099999964237213,0.3923650085926056,0.4099999964237213,0.3940618634223938,113414
2018-06-27,0.3967739939689636,0.4055910110473633,0.4055910110473633,0.4055910110473633,0.3898242712020874,102073
2018-06-28,0.4055910110473633,0.4055910110473633,0.38795700669288635,0.3967739939689636,0.38135001063346863,136097
2018-06-29,0.3967739939689636,0.3967739939689636,0.3967739939689636,0.3967739939689636,0.38135001063346863,136097
2018-07-03,0.38795700669288635,0.38795700669288635,0.37473100423812866,0.38795700669288635,0.37287577986717224,895975
2018-07-04,0.3791390061378479,0.38354799151420593,0.35709598660469055,0.38354799151420593,0.36863812804222107,2302316
2018-07-05,0.3791390061378479,0.3791390061378479,0.3791390061378479,0.3791390061378479,0.3644005358219147,0
2018-07-06,0.3791390061378479,0.3791390061378479,0.3791390061378479,0.3791390061378479,0.3644005358219147,0
2018-07-09,0.37473100423812866,0.3791390061378479,0.37473100423812866,0.3791390061378479,0.3644005358219147,45365
2018-07-10,0.3967739939689636,0.3967739939689636,0.38354799151420593,0.3967739939689636,0.38135001063346863,827926
2018-07-11,0.38354799151420593,0.3923650085926056,0.38354799151420593,0.3923650085926056,0.37711241841316223,136097
2018-07-12,0.38354799151420593,0.4055910110473633,0.38354799151420593,0.40118199586868286,0.38558661937713623,204146
2018-07-13,0.38795700669288635,0.38795700669288635,0.37473100423812866,0.38354799151420593,0.36863812804222107,260853
2018-07-16,0.40118199586868286,0.40118199586868286,0.40118199586868286,0.40118199586868286,0.38558661937713623,0
2018-07-17,0.38354799151420593,0.38354799151420593,0.3526880145072937,0.36150500178337097,0.3474520146846771,2631218
2018-07-18,0.36150500178337097,0.36150500178337097,0.3526880145072937,0.3526880145072937,0.33897778391838074,238170
2018-07-19,0.3526880145072937,0.365913987159729,0.3526880145072937,0.365913987159729,0.35168957710266113,317560
2018-07-20,0.36150500178337097,0.36150500178337097,0.3526880145072937,0.36150500178337097,0.3474520146846771,510365
2018-07-23,0.36150500178337097,0.37473100423812866,0.36150500178337097,0.365913987159729,0.35168957710266113,306219
2018-07-24,0.37032198905944824,0.37032198905944824,0.365913987159729,0.365913987159729,0.35168957710266113,158780
2018-07-25,0.37032198905944824,0.37032198905944824,0.37032198905944824,0.365913987159729,0.35168957710266113,34024
2018-07-26,0.36150500178337097,0.37032198905944824,0.35709598660469055,0.37032198905944824,0.3559262454509735,283536
2018-07-27,0.36150500178337097,0.365913987159729,0.35709598660469055,0.36150500178337097,0.3474520146846771,113414
2018-07-30,0.36150500178337097,0.36150500178337097,0.3526880145072937,0.36150500178337097,0.3474520146846771,464999
2018-07-31,0.3526880145072937,0.35709598660469055,0.3526880145072937,0.35709598660469055,0.34321439266204834,283536
2018-08-01,0.36150500178337097,0.36150500178337097,0.36150500178337097,0.36150500178337097,0.3474520146846771,136097
2018-08-02,0.3526880145072937,0.36150500178337097,0.3526880145072937,0.35709598660469055,0.34321439266204834,260853
2018-08-03,0.3526880145072937,0.3526880145072937,0.3526880145072937,0.3526880145072937,0.33897778391838074,22682
2018-08-06,0.3526880145072937,0.3526880145072937,0.3482789993286133,0.3526880145072937,0.33897778391838074,79390
2018-08-07,0.3526880145072937,0.3526880145072937,0.3526880145072937,0.3526880145072937,0.33897778391838074,45365
2018-08-08,0.3526880145072937,0.3526880145072937,0.3526880145072937,0.3526880145072937,0.33897778391838074,22682
2018-08-09,0.3350529968738556,0.35709598660469055,0.3350529968738556,0.35709598660469055,0.34321439266204834,396951
2018-08-10,0.35709598660469055,0.35709598660469055,0.35709598660469055,0.35709598660469055,0.34321439266204834,0
2018-08-13,0.3526880145072937,0.35709598660469055,0.3526880145072937,0.35709598660469055,0.34321439266204834,102073
2018-08-14,0.35709598660469055,0.35709598660469055,0.35709598660469055,0.35709598660469055,0.34321439266204834,0
2018-08-15,0.339462012052536,0.34387099742889404,0.3218280076980591,0.34387099742889404,0.33050352334976196,453658
2018-08-16,0.30419299006462097,0.3350529968738556,0.28655898571014404,0.3350529968738556,0.3220283091068268,578414
2018-08-17,0.31741899251937866,0.3482789993286133,0.31741899251937866,0.34387099742889404,0.33050352334976196,419634
2018-08-20,0.339462012052536,0.339462012052536,0.339462012052536,0.339462012052536,0.3262658715248108,0
2018-08-21,0.339462012052536,0.339462012052536,0.339462012052536,0.339462012052536,0.3262658715248108,22682
2018-08-22,0.31301000714302063,0.339462012052536,0.29978498816490173,0.33064499497413635,0.3177916407585144,1088780
2018-08-23,0.339462012052536,0.339462012052536,0.3350529968738556,0.339462012052536,0.3262658715248108,79390
2018-08-24,0.339462012052536,0.339462012052536,0.339462012052536,0.339462012052536,0.3262658715248108,0
2018-08-27,0.34387099742889404,0.34387099742889404,0.33064499497413635,0.339462012052536,0.3262658715248108,464999
2018-08-28,0.3262360095977783,0.3262360095977783,0.31741899251937866,0.31741899251937866,0.3050798177719116,907316
2018-08-29,0.3262360095977783,0.3262360095977783,0.3262360095977783,0.3262360095977783,0.313554048538208,0
2018-08-30,0.31741899251937866,0.33064499497413635,0.31741899251937866,0.3262360095977783,0.313554048538208,102073
2018-08-31,0.31741899251937866,0.31741899251937866,0.31741899251937866,0.31741899251937866,0.3050798177719116,272195
2018-09-03,0.3262360095977783,0.3262360095977783,0.31301000714302063,0.31301000714302063,0.30084219574928284,374268
2018-09-04,0.31301000714302063,0.31741899251937866,0.31301000714302063,0.31301000714302063,0.30084219574928284,578414
2018-09-05,0.31301000714302063,0.31301000714302063,0.31301000714302063,0.31301000714302063,0.30084219574928284,1009389
2018-09-06,0.3086020052433014,0.3086020052433014,0.3086020052433014,0.3086020052433014,0.29660558700561523,0
2018-09-07,0.29978498816490173,0.3086020052433014,0.29978498816490173,0.3086020052433014,0.29660558700561523,124756
2018-09-10,0.31301000714302063,0.31301000714302063,0.30419299006462097,0.30419299006462097,0.29236793518066406,884633
2018-09-11,0.31301000714302063,0.31301000714302063,0.3086020052433014,0.3086020052433014,0.29660558700561523,385609
2018-09-12,0.3086020052433014,0.3086020052433014,0.29978498816490173,0.30419299006462097,0.29236793518066406,907316
2018-09-13,0.30419299006462097,0.30419299006462097,0.30419299006462097,0.30419299006462097,0.29236793518066406,22682
2018-09-14,0.29978498816490173,0.29978498816490173,0.29978498816490173,0.29978498816490173,0.2881312966346741,0
2018-09-17,0.29978498816490173,0.29978498816490173,0.29978498816490173,0.29978498816490173,0.2881312966346741,0
2018-09-18,0.29978498816490173,0.29978498816490173,0.29978498816490173,0.29978498816490173,0.2881312966346741,0
2018-09-19,0.29978498816490173,0.29978498816490173,0.29978498816490173,0.29978498816490173,0.2881312966346741,0
2018-09-20,0.31301000714302063,0.31301000714302063,0.3086020052433014,0.31301000714302063,0.30084219574928284,567073
2018-09-21,0.3086020052433014,0.31301000714302063,0.29978498816490173,0.31301000714302063,0.30084219574928284,102073
2018-09-24,0.31301000714302063,0.3218280076980591,0.29978498816490173,0.31741899251937866,0.3050798177719116,102073
2018-09-26,0.3086020052433014,0.31741899251937866,0.30419299006462097,0.31301000714302063,0.30084219574928284,918658
2018-09-27,0.3086020052433014,0.3086020052433014,0.3086020052433014,0.3086020052433014,0.29660558700561523,0
2018-09-28,0.3086020052433014,0.3086020052433014,0.30419299006462097,0.3086020052433014,0.29660558700561523,158893
2018-10-02,0.29978498816490173,0.29978498816490173,0.29978498816490173,0.29978498816490173,0.2881312966346741,0
2018-10-03,0.29978498816490173,0.29978498816490173,0.29978498816490173,0.29978498816490173,0.2881312966346741,0
2018-10-04,0.29978498816490173,0.29978498816490173,0.29978498816490173,0.29978498816490173,0.2881312966346741,0
2018-10-05,0.29978498816490173,0.30419299006462097,0.29978498816490173,0.30419299006462097,0.29236793518066406,34024
2018-10-08,0.2953760027885437,0.2953760027885437,0.282150000333786,0.28655898571014404,0.2754194140434265,136097
2018-10-09,0.2909669876098633,0.2909669876098633,0.2909669876098633,0.2909669876098633,0.2796560823917389,0
2018-10-10,0.2909669876098633,0.2909669876098633,0.2909669876098633,0.2909669876098633,0.2796560823917389,11341
2018-10-11,0.28655898571014404,0.28655898571014404,0.28655898571014404,0.28655898571014404,0.2754194140434265,0
2018-10-12,0.28655898571014404,0.28655898571014404,0.28655898571014404,0.28655898571014404,0.2754194140434265,0
2018-10-15,0.282150000333786,0.282150000333786,0.282150000333786,0.282150000333786,0.2711818516254425,0
2018-10-16,0.282150000333786,0.282150000333786,0.282150000333786,0.282150000333786,0.2711818516254425,0
2018-10-18,0.27333301305770874,0.282150000333786,0.27333301305770874,0.282150000333786,0.2711818516254425,283536
2018-10-19,0.28655898571014404,0.28655898571014404,0.27333301305770874,0.282150000333786,0.2711818516254425,68048
2018-10-22,0.2777419984340668,0.30419299006462097,0.27333301305770874,0.2909669876098633,0.2796560823917389,238170
2018-10-23,0.282150000333786,0.282150000333786,0.2777419984340668,0.2777419984340668,0.2669451832771301,147438
2018-10-24,0.2689239978790283,0.282150000333786,0.2689239978790283,0.27333301305770874,0.26270756125450134,90731
2018-10-25,0.2645159959793091,0.2645159959793091,0.2645159959793091,0.2645159959793091,0.2542332708835602,0
2018-10-26,0.2645159959793091,0.2645159959793091,0.2645159959793091,0.2645159959793091,0.2542332708835602,0
2018-10-29,0.26010701060295105,0.2645159959793091,0.26010701060295105,0.2645159959793091,0.2542332708835602,136097
2018-10-30,0.2645159959793091,0.2689239978790283,0.2645159959793091,0.2689239978790283,0.25846996903419495,260853
2018-10-31,0.2645159959793091,0.2645159959793091,0.2645159959793091,0.2645159959793091,0.2542332708835602,79390
2018-11-01,0.2512899935245514,0.2645159959793091,0.2512899935245514,0.2645159959793091,0.2542332708835602,34024
2018-11-02,0.2689239978790283,0.2689239978790283,0.2689239978790283,0.2689239978790283,0.25846996903419495,56707
2018-11-05,0.2689239978790283,0.2689239978790283,0.2689239978790283,0.2689239978790283,0.25846996903419495,0
2018-11-06,0.2645159959793091,0.2645159959793091,0.2645159959793091,0.2645159959793091,0.2542332708835602,68048
2018-11-07,0.2689239978790283,0.27333301305770874,0.2689239978790283,0.27333301305770874,0.26270756125450134,204146
2018-11-08,0.2777419984340668,0.28655898571014404,0.2777419984340668,0.28655898571014404,0.2754194140434265,204146
2018-11-09,0.28655898571014404,0.28655898571014404,0.28655898571014404,0.28655898571014404,0.2754194140434265,0
2018-11-12,0.27333301305770874,0.27333301305770874,0.27333301305770874,0.27333301305770874,0.26270756125450134,340243
2018-11-13,0.27333301305770874,0.27333301305770874,0.27333301305770874,0.27333301305770874,0.26270756125450134,0
2018-11-14,0.2777419984340668,0.2777419984340668,0.2777419984340668,0.2777419984340668,0.2669451832771301,0
2018-11-15,0.2777419984340668,0.282150000333786,0.27333301305770874,0.282150000333786,0.2711818516254425,79390
2018-11-16,0.2645159959793091,0.2645159959793091,0.2645159959793091,0.27333301305770874,0.26270756125450134,11341
2018-11-19,0.27333301305770874,0.282150000333786,0.26010701060295105,0.282150000333786,0.2711818516254425,226829
2018-11-20,0.282150000333786,0.282150000333786,0.282150000333786,0.282150000333786,0.2711818516254425,0
2018-11-21,0.282150000333786,0.282150000333786,0.282150000333786,0.282150000333786,0.2711818516254425,0
2018-11-22,0.282150000333786,0.282150000333786,0.282150000333786,0.282150000333786,0.2711818516254425,0
2018-11-23,0.282150000333786,0.282150000333786,0.282150000333786,0.282150000333786,0.2711818516254425,0
2018-11-26,0.282150000333786,0.282150000333786,0.282150000333786,0.282150000333786,0.2711818516254425,34024
2018-11-27,0.2777419984340668,0.29978498816490173,0.2689239978790283,0.2909669876098633,0.2796560823917389,113414
2018-11-28,0.2909669876098633,0.2909669876098633,0.2909669876098633,0.2909669876098633,0.2796560823917389,0
2018-11-29,0.2909669876098633,0.3262360095977783,0.2777419984340668,0.30419299006462097,0.29236793518066406,215487
2018-11-30,0.28655898571014404,0.2909669876098633,0.28655898571014404,0.2909669876098633,0.2796560823917389,297713
2018-12-03,0.2909669876098633,0.2909669876098633,0.2909669876098633,0.2909669876098633,0.2796560823917389,0
2018-12-04,0.2909669876098633,0.2909669876098633,0.28655898571014404,0.2909669876098633,0.2796560823917389,90731
2018-12-05,0.2909669876098633,0.2909669876098633,0.28655898571014404,0.28655898571014404,0.2754194140434265,124756
2018-12-06,0.2777419984340668,0.2777419984340668,0.27333301305770874,0.27333301305770874,0.26270756125450134,56707
2018-12-07,0.27333301305770874,0.27333301305770874,0.2645159959793091,0.2645159959793091,0.2542332708835602,226829
2018-12-10,0.2689239978790283,0.2689239978790283,0.24688099324703217,0.2689239978790283,0.25846996903419495,396951
2018-12-11,0.2645159959793091,0.2645159959793091,0.2556990087032318,0.2645159959793091,0.2542332708835602,555731
2018-12-12,0.2645159959793091,0.2645159959793091,0.2645159959793091,0.2645159959793091,0.2542332708835602,0
2018-12-13,0.2777419984340668,0.2777419984340668,0.2777419984340668,0.282150000333786,0.2711818516254425,68048
2018-12-14,0.282150000333786,0.282150000333786,0.282150000333786,0.282150000333786,0.2711818516254425,0
2018-12-17,0.282150000333786,0.282150000333786,0.282150000333786,0.282150000333786,0.2711818516254425,0
2018-12-18,0.282150000333786,0.282150000333786,0.282150000333786,0.282150000333786,0.2711818516254425,0
2018-12-19,0.2777419984340668,0.2777419984340668,0.27333301305770874,0.27333301305770874,0.26270756125450134,102073
2018-12-20,0.2689239978790283,0.27333301305770874,0.2645159959793091,0.2645159959793091,0.2542332708835602,351585
2018-12-21,0.2645159959793091,0.2645159959793091,0.2645159959793091,0.2645159959793091,0.2542332708835602,0
2018-12-24,0.24247300624847412,0.2777419984340668,0.24247300624847412,0.2777419984340668,0.2669451832771301,181463
2018-12-27,0.2556990087032318,0.282150000333786,0.2556990087032318,0.2777419984340668,0.2669451832771301,374268
2018-12-28,0.2556990087032318,0.2777419984340668,0.2556990087032318,0.2777419984340668,0.2669451832771301,226829
2018-12-31,0.2777419984340668,0.2777419984340668,0.2777419984340668,0.2777419984340668,0.2669451832771301,0
2019-01-02,0.2777419984340668,0.2777419984340668,0.2777419984340668,0.2777419984340668,0.2669451832771301,0
2019-01-03,0.2777419984340668,0.2777419984340668,0.2777419984340668,0.2777419984340668,0.2669451832771301,0
2019-01-04,0.2556990087032318,0.2556990087032318,0.22043000161647797,0.2380640059709549,0.22880961000919342,8982436
2019-01-07,0.2380640059709549,0.24247300624847412,0.22924700379371643,0.2380640059709549,0.22880961000919342,4128291
2019-01-08,0.24247300624847412,0.24688099324703217,0.24247300624847412,0.24688099324703217,0.237283855676651,2007438
2019-01-09,0.24688099324703217,0.2512899935245514,0.24247300624847412,0.2512899935245514,0.2415214627981186,3039511
2019-01-10,0.2556990087032318,0.2689239978790283,0.2556990087032318,0.2645159959793091,0.2542332708835602,2767316
2019-01-11,0.2645159959793091,0.2777419984340668,0.2556990087032318,0.2645159959793091,0.2542332708835602,2086828
2019-01-14,0.2689239978790283,0.27333301305770874,0.2556990087032318,0.26010701060295105,0.24999573826789856,3243657
2019-01-15,0.26010701060295105,0.2689239978790283,0.2556990087032318,0.2645159959793091,0.2542332708835602,1338292
2019-01-16,0.2645159959793091,0.2777419984340668,0.26010701060295105,0.26010701060295105,0.24999573826789856,1928048
2019-01-17,0.2556990087032318,0.2645159959793091,0.2512899935245514,0.2556990087032318,0.24575908482074738,1258902
2019-01-18,0.2512899935245514,0.282150000333786,0.2512899935245514,0.27333301305770874,0.26270756125450134,2132194
2019-01-21,0.27333301305770874,0.2909669876098633,0.27333301305770874,0.2909669876098633,0.2796560823917389,3016828
2019-01-22,0.2909669876098633,0.3262360095977783,0.2909669876098633,0.3086020052433014,0.29660558700561523,4355120
2019-01-23,0.30419299006462097,0.31741899251937866,0.29978498816490173,0.31301000714302063,0.30084219574928284,2611738
2019-01-24,0.3218280076980591,0.3218280076980591,0.29978498816490173,0.29978498816490173,0.2881312966346741,2290974
2019-01-25,0.3086020052433014,0.31741899251937866,0.30419299006462097,0.31741899251937866,0.3050798177719116,2835365
2019-01-28,0.3086020052433014,0.3218280076980591,0.29978498816490173,0.31741899251937866,0.3050798177719116,3164267
2019-01-29,0.3086020052433014,0.3218280076980591,0.30419299006462097,0.3086020052433014,0.29660558700561523,2245609
2019-01-30,0.3086020052433014,0.3218280076980591,0.30419299006462097,0.3218280076980591,0.3093174397945404,2620104
2019-01-31,0.3218280076980591,0.3218280076980591,0.31301000714302063,0.31301000714302063,0.30084219574928284,1939389
2019-02-01,0.3218280076980591,0.3218280076980591,0.30419299006462097,0.31741899251937866,0.3050798177719116,2245609
2019-02-04,0.3218280076980591,0.3218280076980591,0.31741899251937866,0.3218280076980591,0.3093174397945404,998048
2019-02-08,0.3262360095977783,0.3262360095977783,0.31301000714302063,0.31741899251937866,0.3050798177719116,1950731
2019-02-11,0.31741899251937866,0.3262360095977783,0.31301000714302063,0.31301000714302063,0.30084219574928284,2789999
2019-02-12,0.31301000714302063,0.31301000714302063,0.29978498816490173,0.3086020052433014,0.29660558700561523,1519755
2019-02-13,0.3086020052433014,0.31301000714302063,0.29978498816490173,0.30419299006462097,0.29236793518066406,1633170
2019-02-14,0.3086020052433014,0.31741899251937866,0.2645159959793091,0.2689239978790283,0.25846996903419495,8574143
2019-02-15,0.28655898571014404,0.28655898571014404,0.2777419984340668,0.28655898571014404,0.2754194140434265,1859999
2019-02-18,0.2909669876098633,0.30419299006462097,0.2909669876098633,0.30419299006462097,0.29236793518066406,2018779
2019-02-19,0.2953760027885437,0.31301000714302063,0.2953760027885437,0.31301000714302063,0.30084219574928284,1565121
2019-02-20,0.31301000714302063,0.31741899251937866,0.3086020052433014,0.31301000714302063,0.30084219574928284,1360975
2019-02-21,0.31301000714302063,0.31741899251937866,0.2953760027885437,0.30419299006462097,0.29236793518066406,2313657
2019-02-22,0.3086020052433014,0.3086020052433014,0.2909669876098633,0.2953760027885437,0.2838936746120453,2381706
2019-02-25,0.3086020052433014,0.3086020052433014,0.282150000333786,0.29978498816490173,0.2881312966346741,4411827
2019-02-26,0.2953760027885437,0.29978498816490173,0.2953760027885437,0.2953760027885437,0.2838936746120453,952682
2019-02-27,0.2953760027885437,0.29978498816490173,0.2909669876098633,0.2909669876098633,0.2796560823917389,1222042
2019-02-28,0.2909669876098633,0.29978498816490173,0.2909669876098633,0.2953760027885437,0.2838936746120453,1145487
2019-03-01,0.2953760027885437,0.2953760027885437,0.2909669876098633,0.2909669876098633,0.2796560823917389,918658
2019-03-04,0.28655898571014404,0.2909669876098633,0.28655898571014404,0.28655898571014404,0.2754194140434265,1576462
2019-03-05,0.28655898571014404,0.29978498816490173,0.28655898571014404,0.2953760027885437,0.2838936746120453,1667194
2019-03-06,0.2953760027885437,0.29978498816490173,0.2953760027885437,0.29978498816490173,0.2881312966346741,1037743
2019-03-07,0.29978498816490173,0.29978498816490173,0.2909669876098633,0.2953760027885437,0.2838936746120453,1213536
2019-03-08,0.29978498816490173,0.29978498816490173,0.2909669876098633,0.2909669876098633,0.2796560823917389,1746584
2019-03-11,0.2953760027885437,0.29978498816490173,0.2909669876098633,0.2953760027885437,0.2838936746120453,1270243
2019-03-12,0.29978498816490173,0.34387099742889404,0.29978498816490173,0.34387099742889404,0.33050352334976196,15050117
2019-03-13,0.34387099742889404,0.3482789993286133,0.3262360095977783,0.3350529968738556,0.3220283091068268,3493169
2019-03-14,0.339462012052536,0.36150500178337097,0.3350529968738556,0.34387099742889404,0.33050352334976196,9322680
2019-03-15,0.35709598660469055,0.37032198905944824,0.34387099742889404,0.3526880145072937,0.33897778391838074,4797437
2019-03-18,0.36150500178337097,0.37032198905944824,0.3482789993286133,0.3526880145072937,0.33897778391838074,3631535
2019-03-19,0.3526880145072937,0.3526880145072937,0.3350529968738556,0.339462012052536,0.3262658715248108,2324999
2019-03-20,0.339462012052536,0.34387099742889404,0.3262360095977783,0.3350529968738556,0.3220283091068268,1791950
2019-03-21,0.3350529968738556,0.34387099742889404,0.3350529968738556,0.3350529968738556,0.3220283091068268,782560
2019-03-22,0.339462012052536,0.339462012052536,0.3262360095977783,0.3350529968738556,0.3220283091068268,1281584
2019-03-25,0.3262360095977783,0.33064499497413635,0.3218280076980591,0.3218280076980591,0.3093174397945404,1191064
2019-03-26,0.3262360095977783,0.3262360095977783,0.31741899251937866,0.31741899251937866,0.3050798177719116,1134146
2019-03-27,0.3218280076980591,0.33064499497413635,0.3218280076980591,0.3262360095977783,0.313554048538208,1284080
2019-03-28,0.3218280076980591,0.3262360095977783,0.31741899251937866,0.31741899251937866,0.3050798177719116,1213536
2019-03-29,0.31301000714302063,0.3218280076980591,0.31301000714302063,0.31741899251937866,0.3050798177719116,1471894
2019-04-01,0.33064499497413635,0.3350529968738556,0.31741899251937866,0.33064499497413635,0.3177916407585144,1803292
2019-04-02,0.3350529968738556,0.339462012052536,0.33064499497413635,0.33064499497413635,0.3177916407585144,2234267
2019-04-03,0.3350529968738556,0.34387099742889404,0.3350529968738556,0.34387099742889404,0.33050352334976196,2283413
2019-04-04,0.3482789993286133,0.37032198905944824,0.3482789993286133,0.36150500178337097,0.3474520146846771,4797437
2019-04-08,0.365913987159729,0.365913987159729,0.3526880145072937,0.3526880145072937,0.33897778391838074,1088780
2019-04-09,0.3482789993286133,0.36150500178337097,0.34387099742889404,0.36150500178337097,0.3474520146846771,2789999
2019-04-10,0.36150500178337097,0.36150500178337097,0.3482789993286133,0.3482789993286133,0.33474013209342957,2211584
2019-04-11,0.34387099742889404,0.3526880145072937,0.3350529968738556,0.34387099742889404,0.33050352334976196,2926096
2019-04-12,0.34387099742889404,0.3482789993286133,0.339462012052536,0.3482789993286133,0.33474013209342957,1474389
2019-04-15,0.3482789993286133,0.35709598660469055,0.339462012052536,0.339462012052536,0.3262658715248108,2835365
2019-04-16,0.34387099742889404,0.34387099742889404,0.339462012052536,0.339462012052536,0.3262658715248108,1576462
2019-04-17,0.3482789993286133,0.36150500178337097,0.3482789993286133,0.3526880145072937,0.33897778391838074,2313657
2019-04-18,0.3526880145072937,0.35709598660469055,0.3526880145072937,0.35709598660469055,0.34321439266204834,1678536
2019-04-23,0.36150500178337097,0.365913987159729,0.35709598660469055,0.36150500178337097,0.3474520146846771,1939389
2019-04-24,0.36150500178337097,0.3791390061378479,0.35709598660469055,0.37473100423812866,0.3601638674736023,2574511
2019-04-25,0.37473100423812866,0.38354799151420593,0.37473100423812866,0.3791390061378479,0.3644005358219147,3731340
2019-04-26,0.3791390061378479,0.3791390061378479,0.37032198905944824,0.3791390061378479,0.3644005358219147,1519755
2019-04-29,0.38795700669288635,0.38795700669288635,0.3791390061378479,0.38354799151420593,0.36863812804222107,2438413
2019-04-30,0.38354799151420593,0.38354799151420593,0.37473100423812866,0.37473100423812866,0.3601638674736023,1701219
2019-05-02,0.37473100423812866,0.37473100423812866,0.37032198905944824,0.37032198905944824,0.3559262454509735,1077461
2019-05-03,0.37032198905944824,0.37032198905944824,0.365913987159729,0.365913987159729,0.35168957710266113,1100121
2019-05-06,0.36150500178337097,0.36150500178337097,0.339462012052536,0.3526880145072937,0.33897778391838074,1667194
2019-05-07,0.365913987159729,0.365913987159729,0.35709598660469055,0.35709598660469055,0.34321439266204834,1417682
2019-05-08,0.3526880145072937,0.365913987159729,0.3482789993286133,0.3526880145072937,0.33897778391838074,2278199
2019-05-09,0.3482789993286133,0.35709598660469055,0.3482789993286133,0.3482789993286133,0.33474013209342957,1088780
2019-05-10,0.35709598660469055,0.35709598660469055,0.34387099742889404,0.3482789993286133,0.33474013209342957,2041462
2019-05-14,0.3482789993286133,0.3482789993286133,0.339462012052536,0.34387099742889404,0.33050352334976196,1610487
2019-05-15,0.339462012052536,0.3482789993286133,0.3262360095977783,0.3482789993286133,0.33474013209342957,1213536
2019-05-16,0.3482789993286133,0.3526880145072937,0.3482789993286133,0.3526880145072937,0.33897778391838074,1451706
2019-05-17,0.35709598660469055,0.36150500178337097,0.3526880145072937,0.3526880145072937,0.33897778391838074,1349633
2019-05-20,0.3526880145072937,0.3526880145072937,0.3482789993286133,0.3482789993286133,0.33474013209342957,1440365
2019-05-21,0.3482789993286133,0.35709598660469055,0.3482789993286133,0.35709598660469055,0.34321439266204834,1292926
2019-05-22,0.35709598660469055,0.36150500178337097,0.35709598660469055,0.36150500178337097,0.3474520146846771,782560
2019-05-23,0.35709598660469055,0.35709598660469055,0.34387099742889404,0.3526880145072937,0.33897778391838074,1054755
2019-05-24,0.3526880145072937,0.35709598660469055,0.34387099742889404,0.3526880145072937,0.33897778391838074,1156828
2019-05-27,0.34387099742889404,0.3526880145072937,0.34387099742889404,0.34387099742889404,0.33050352334976196,567073
2019-05-28,0.35709598660469055,0.35709598660469055,0.3526880145072937,0.3526880145072937,0.33897778391838074,1168170
2019-05-29,0.3526880145072937,0.36150500178337097,0.3526880145072937,0.35709598660469055,0.34321439266204834,1258902
2019-05-30,0.35709598660469055,0.35709598660469055,0.3526880145072937,0.3526880145072937,0.33897778391838074,827926
2019-05-31,0.3482789993286133,0.3526880145072937,0.34387099742889404,0.34387099742889404,0.33050352334976196,907316
2019-06-03,0.34387099742889404,0.3526880145072937,0.339462012052536,0.339462012052536,0.3262658715248108,1247560
2019-06-04,0.34387099742889404,0.34387099742889404,0.3350529968738556,0.339462012052536,0.3262658715248108,635121
2019-06-05,0.3526880145072937,0.3526880145072937,0.339462012052536,0.34387099742889404,0.33050352334976196,827926
2019-06-06,0.34387099742889404,0.3482789993286133,0.34387099742889404,0.3482789993286133,0.33474013209342957,1043414
2019-06-10,0.3526880145072937,0.36150500178337097,0.3526880145072937,0.35709598660469055,0.34321439266204834,952682
2019-06-11,0.35709598660469055,0.36150500178337097,0.3482789993286133,0.35709598660469055,0.34321439266204834,986707
2019-06-12,0.3482789993286133,0.3526880145072937,0.34387099742889404,0.34387099742889404,0.33050352334976196,884633
2019-06-13,0.34387099742889404,0.3526880145072937,0.34387099742889404,0.3482789993286133,0.33474013209342957,1236219
2019-06-14,0.3482789993286133,0.3482789993286133,0.34387099742889404,0.34387099742889404,0.33050352334976196,1088780
2019-06-17,0.3482789993286133,0.3526880145072937,0.3482789993286133,0.3526880145072937,0.33897778391838074,861950
2019-06-18,0.34387099742889404,0.3482789993286133,0.34387099742889404,0.34387099742889404,0.33050352334976196,846828
2019-06-19,0.3526880145072937,0.3526880145072937,0.3482789993286133,0.3526880145072937,0.33897778391838074,816585
2019-06-20,0.35709598660469055,0.365913987159729,0.35709598660469055,0.36150500178337097,0.3518505394458771,2427072
2019-06-21,0.36150500178337097,0.36150500178337097,0.3526880145072937,0.35709598660469055,0.34755927324295044,975365
2019-06-24,0.35709598660469055,0.35709598660469055,0.3526880145072937,0.35709598660469055,0.34755927324295044,918658
2019-06-25,0.35709598660469055,0.35709598660469055,0.34387099742889404,0.3526880145072937,0.343269020318985,925463
2019-06-26,0.3482789993286133,0.3482789993286133,0.3350529968738556,0.339462012052536,0.33039620518684387,895975
2019-06-27,0.34387099742889404,0.34387099742889404,0.3262360095977783,0.3350529968738556,0.3261049687862396,1224877
2019-06-28,0.3350529968738556,0.3350529968738556,0.31301000714302063,0.31741899251937866,0.30894190073013306,2506462
2019-07-02,0.31741899251937866,0.31741899251937866,0.2909669876098633,0.31741899251937866,0.30894190073013306,2495121
2019-07-03,0.3086020052433014,0.33064499497413635,0.3086020052433014,0.3218280076980591,0.3132331669330597,998048
2019-07-04,0.31741899251937866,0.3218280076980591,0.31741899251937866,0.31741899251937866,0.30894190073013306,544390
2019-07-05,0.31301000714302063,0.3262360095977783,0.31301000714302063,0.3262360095977783,0.31752344965934753,998048
2019-07-08,0.31741899251937866,0.3262360095977783,0.31741899251937866,0.3262360095977783,0.31752344965934753,1043414
2019-07-09,0.3218280076980591,0.3262360095977783,0.3218280076980591,0.3218280076980591,0.3132331669330597,680487
2019-07-10,0.3262360095977783,0.33064499497413635,0.31741899251937866,0.31741899251937866,0.30894190073013306,782560
2019-07-11,0.31741899251937866,0.3218280076980591,0.31301000714302063,0.31741899251937866,0.30894190073013306,725853
2019-07-12,0.31741899251937866,0.3262360095977783,0.31741899251937866,0.31741899251937866,0.30894190073013306,839268
2019-07-15,0.3218280076980591,0.3218280076980591,0.30419299006462097,0.3086020052433014,0.30036041140556335,1066097
2019-07-16,0.31741899251937866,0.31741899251937866,0.30419299006462097,0.31301000714302063,0.3046506643295288,601097
2019-07-17,0.31741899251937866,0.3218280076980591,0.3086020052433014,0.3086020052433014,0.30036041140556335,351585
2019-07-18,0.29978498816490173,0.29978498816490173,0.29978498816490173,0.29978498816490173,0.2917788624763489,533048
2019-07-19,0.29978498816490173,0.30419299006462097,0.29978498816490173,0.30419299006462097,0.29606911540031433,759877
2019-07-22,0.30419299006462097,0.3086020052433014,0.30419299006462097,0.3086020052433014,0.30036041140556335,589755
2019-07-23,0.29978498816490173,0.3086020052433014,0.2909669876098633,0.29978498816490173,0.2917788624763489,691829
2019-07-24,0.29978498816490173,0.30419299006462097,0.2953760027885437,0.29978498816490173,0.2917788624763489,1088780
2019-07-25,0.2953760027885437,0.2953760027885437,0.28655898571014404,0.2953760027885437,0.28748759627342224,1100121
2019-07-26,0.2909669876098633,0.2953760027885437,0.2909669876098633,0.2909669876098633,0.283196359872818,929999
2019-07-29,0.2909669876098633,0.2909669876098633,0.282150000333786,0.282150000333786,0.2746148407459259,635121
2019-07-30,0.2777419984340668,0.282150000333786,0.2777419984340668,0.282150000333786,0.2746148407459259,805243
2019-07-31,0.282150000333786,0.282150000333786,0.282150000333786,0.282150000333786,0.2746148407459259,0
2019-08-01,0.282150000333786,0.28655898571014404,0.282150000333786,0.282150000333786,0.2746148407459259,601097
2019-08-02,0.27333301305770874,0.2777419984340668,0.27333301305770874,0.2777419984340668,0.27032455801963806,567073
2019-08-05,0.2777419984340668,0.2777419984340668,0.27333301305770874,0.2777419984340668,0.27032455801963806,1179511
2019-08-06,0.26010701060295105,0.27333301305770874,0.26010701060295105,0.27333301305770874,0.2660333216190338,669146
2019-08-07,0.2689239978790283,0.2689239978790283,0.2556990087032318,0.2645159959793091,0.25745171308517456,1145487
2019-08-08,0.2689239978790283,0.2689239978790283,0.2645159959793091,0.2689239978790283,0.2617420554161072,850609
2019-08-09,0.2689239978790283,0.2689239978790283,0.2645159959793091,0.2689239978790283,0.2617420554161072,669146
2019-08-12,0.2689239978790283,0.2689239978790283,0.2689239978790283,0.2689239978790283,0.2617420554161072,0
2019-08-13,0.2645159959793091,0.2645159959793091,0.2645159959793091,0.2645159959793091,0.25745171308517456,170121
2019-08-14,0.2645159959793091,0.2645159959793091,0.2645159959793091,0.2645159959793091,0.25745171308517456,0
2019-08-15,0.2645159959793091,0.2645159959793091,0.2645159959793091,0.2645159959793091,0.25745171308517456,0
2019-08-16,0.2512899935245514,0.2556990087032318,0.2512899935245514,0.2556990087032318,0.24887022376060486,1928048
2019-08-19,0.26010701060295105,0.2777419984340668,0.26010701060295105,0.27333301305770874,0.2660333216190338,1383658
2019-08-20,0.27333301305770874,0.27333301305770874,0.26010701060295105,0.2645159959793091,0.25745171308517456,2370365
2019-08-21,0.2645159959793091,0.2777419984340668,0.2645159959793091,0.2645159959793091,0.25745171308517456,430975
2019-08-22,0.2645159959793091,0.27333301305770874,0.2645159959793091,0.27333301305770874,0.2660333216190338,34024
2019-08-23,0.2689239978790283,0.2777419984340668,0.2645159959793091,0.27333301305770874,0.2660333216190338,272195
2019-08-26,0.2556990087032318,0.2556990087032318,0.2556990087032318,0.2556990087032318,0.24887022376060486,147438
2019-08-27,0.2645159959793091,0.2645159959793091,0.2645159959793091,0.2645159959793091,0.25745171308517456,56707
2019-08-28,0.2556990087032318,0.2645159959793091,0.2556990087032318,0.2645159959793091,0.25745171308517456,110640
2019-08-29,0.26010701060295105,0.26010701060295105,0.26010701060295105,0.26010701060295105,0.2531605064868927,0
2019-08-30,0.26010701060295105,0.2777419984340668,0.2556990087032318,0.2556990087032318,0.24887022376060486,215487
2019-09-02,0.26010701060295105,0.26010701060295105,0.2556990087032318,0.26010701060295105,0.2531605064868927,260853
2019-09-03,0.2556990087032318,0.2556990087032318,0.2556990087032318,0.2556990087032318,0.24887022376060486,45365
2019-09-04,0.2556990087032318,0.2556990087032318,0.2556990087032318,0.2556990087032318,0.24887022376060486,294877
2019-09-05,0.2556990087032318,0.2556990087032318,0.2556990087032318,0.2556990087032318,0.24887022376060486,0
2019-09-06,0.26010701060295105,0.26010701060295105,0.26010701060295105,0.26010701060295105,0.2531605064868927,79390
2019-09-09,0.26010701060295105,0.26010701060295105,0.26010701060295105,0.26010701060295105,0.2531605064868927,0
2019-09-10,0.2645159959793091,0.2645159959793091,0.2645159959793091,0.2645159959793091,0.25745171308517456,90731
2019-09-11,0.26010701060295105,0.26010701060295105,0.26010701060295105,0.26010701060295105,0.2531605064868927,56707
2019-09-12,0.2556990087032318,0.2556990087032318,0.2512899935245514,0.2512899935245514,0.24457897245883942,408292
2019-09-13,0.2512899935245514,0.2512899935245514,0.2512899935245514,0.2512899935245514,0.24457897245883942,0
2019-09-16,0.26010701060295105,0.2689239978790283,0.2512899935245514,0.2512899935245514,0.24457897245883942,294877
2019-09-17,0.2512899935245514,0.2512899935245514,0.2512899935245514,0.2512899935245514,0.24457897245883942,0
2019-09-18,0.24688099324703217,0.26010701060295105,0.24688099324703217,0.24688099324703217,0.24028772115707397,884633
2019-09-19,0.24688099324703217,0.24688099324703217,0.24688099324703217,0.24688099324703217,0.24028772115707397,226829
2019-09-20,0.24688099324703217,0.24688099324703217,0.24688099324703217,0.24688099324703217,0.24028772115707397,34024
2019-09-23,0.2512899935245514,0.2512899935245514,0.24247300624847412,0.24688099324703217,0.24028772115707397,226829
2019-09-24,0.24688099324703217,0.24688099324703217,0.24247300624847412,0.24688099324703217,0.24028772115707397,147438
2019-09-25,0.2512899935245514,0.2556990087032318,0.24688099324703217,0.24688099324703217,0.24028772115707397,294877
2019-09-26,0.24688099324703217,0.24688099324703217,0.22924700379371643,0.22924700379371643,0.2231246531009674,850609
2019-09-27,0.23365500569343567,0.23365500569343567,0.22043000161647797,0.22043000161647797,0.21454313397407532,929999
2019-09-30,0.2248380035161972,0.2248380035161972,0.2248380035161972,0.2248380035161972,0.21883343160152435,79390
2019-10-02,0.23365500569343567,0.23365500569343567,0.23365500569343567,0.23365500569343567,0.22741495072841644,0
2019-10-03,0.22924700379371643,0.22924700379371643,0.22924700379371643,0.22924700379371643,0.2231246531009674,0
2019-10-04,0.22924700379371643,0.22924700379371643,0.22924700379371643,0.22924700379371643,0.2231246531009674,0
2019-10-08,0.2380640059709549,0.2380640059709549,0.22924700379371643,0.23365500569343567,0.22741495072841644,56707
2019-10-09,0.23365500569343567,0.23365500569343567,0.23365500569343567,0.23365500569343567,0.22741495072841644,0
2019-10-10,0.2248380035161972,0.23365500569343567,0.2248380035161972,0.22924700379371643,0.2231246531009674,385609
2019-10-11,0.23365500569343567,0.2380640059709549,0.23365500569343567,0.2380640059709549,0.2317061871290207,170121
2019-10-14,0.2380640059709549,0.2380640059709549,0.23365500569343567,0.2380640059709549,0.2317061871290207,136097
2019-10-15,0.2380640059709549,0.2380640059709549,0.2380640059709549,0.2380640059709549,0.2317061871290207,0
2019-10-16,0.23365500569343567,0.23365500569343567,0.23365500569343567,0.23365500569343567,0.22741495072841644,0
2019-10-17,0.23365500569343567,0.23365500569343567,0.22924700379371643,0.22924700379371643,0.2231246531009674,238170
2019-10-18,0.22924700379371643,0.22924700379371643,0.22924700379371643,0.22924700379371643,0.2231246531009674,0
2019-10-21,0.2248380035161972,0.23365500569343567,0.22043000161647797,0.2248380035161972,0.21883343160152435,1652071
2019-10-22,0.2248380035161972,0.22924700379371643,0.22043000161647797,0.2248380035161972,0.21883343160152435,759877
2019-10-23,0.2248380035161972,0.2248380035161972,0.22043000161647797,0.22043000161647797,0.21454313397407532,215487
2019-10-24,0.2248380035161972,0.22924700379371643,0.22043000161647797,0.22043000161647797,0.21454313397407532,601097
2019-10-25,0.2248380035161972,0.2248380035161972,0.22043000161647797,0.2248380035161972,0.21883343160152435,680487
2019-10-28,0.2248380035161972,0.2248380035161972,0.2248380035161972,0.2248380035161972,0.21883343160152435,0
2019-10-29,0.22924700379371643,0.22924700379371643,0.22924700379371643,0.22924700379371643,0.2231246531009674,68048
2019-10-30,0.22924700379371643,0.22924700379371643,0.22924700379371643,0.22924700379371643,0.2231246531009674,0
2019-10-31,0.22924700379371643,0.22924700379371643,0.22924700379371643,0.22924700379371643,0.2231246531009674,0
2019-11-01,0.2248380035161972,0.22924700379371643,0.2248380035161972,0.22924700379371643,0.2231246531009674,79390
2019-11-04,0.2248380035161972,0.2248380035161972,0.22043000161647797,0.22043000161647797,0.21454313397407532,328902
2019-11-05,0.22043000161647797,0.22043000161647797,0.21602100133895874,0.21602100133895874,0.21025188267230988,1156828
2019-11-06,0.22043000161647797,0.22043000161647797,0.21602100133895874,0.21954800188541412,0.21368469297885895,1009389
2019-11-07,0.21690300107002258,0.21690300107002258,0.21602100133895874,0.21602100133895874,0.21025188267230988,45365
2019-11-08,0.21602100133895874,0.21602100133895874,0.21602100133895874,0.21602100133895874,0.21025188267230988,0
2019-11-11,0.21690300107002258,0.21690300107002258,0.21690300107002258,0.21690300107002258,0.21111033856868744,56707
2019-11-12,0.21690300107002258,0.21690300107002258,0.21690300107002258,0.21690300107002258,0.21111033856868744,0
2019-11-13,0.21602100133895874,0.21602100133895874,0.21602100133895874,0.21602100133895874,0.21025188267230988,0
2019-11-14,0.21602100133895874,0.21602100133895874,0.21602100133895874,0.21602100133895874,0.21025188267230988,0
2019-11-15,0.21602100133895874,0.21602100133895874,0.21602100133895874,0.21602100133895874,0.21025188267230988,0
2019-11-18,0.20984899997711182,0.20984899997711182,0.20984899997711182,0.20984899997711182,0.2042447179555893,0
2019-11-19,0.22043000161647797,0.22043000161647797,0.20720399916172028,0.20720399916172028,0.2016703337430954,147438
2019-11-20,0.20720399916172028,0.20896700024604797,0.2054399996995926,0.20896700024604797,0.20338626205921173,181463
2019-11-21,0.21161200106143951,0.21161200106143951,0.20279499888420105,0.21073099970817566,0.20510315895080566,442316
2019-11-22,0.2019139975309372,0.20984899997711182,0.2019139975309372,0.20984899997711182,0.2042447179555893,56707
2019-11-25,0.20455899834632874,0.20455899834632874,0.20279499888420105,0.20279499888420105,0.19737909734249115,90731
2019-11-26,0.20279499888420105,0.20279499888420105,0.20279499888420105,0.20279499888420105,0.19737909734249115,0
2019-11-27,0.21778500080108643,0.22043000161647797,0.21778500080108643,0.21954800188541412,0.21368469297885895,226829
2019-11-28,0.21866600215435028,0.21866600215435028,0.21866600215435028,0.21866600215435028,0.21282625198364258,0
2019-11-29,0.21954800188541412,0.22043000161647797,0.21954800188541412,0.22043000161647797,0.21454313397407532,499024
2019-12-02,0.2248380035161972,0.2248380035161972,0.21249400079250336,0.21249400079250336,0.2068190723657608,283536
2019-12-03,0.21249400079250336,0.21249400079250336,0.21249400079250336,0.21249400079250336,0.2068190723657608,0
2019-12-04,0.21602100133895874,0.21602100133895874,0.21602100133895874,0.21602100133895874,0.21025188267230988,124756
2019-12-05,0.21602100133895874,0.21602100133895874,0.21602100133895874,0.21602100133895874,0.21025188267230988,759877
2019-12-06,0.2248380035161972,0.2248380035161972,0.21778500080108643,0.2248380035161972,0.21883343160152435,680487
2019-12-09,0.22043000161647797,0.22043000161647797,0.21866600215435028,0.22043000161647797,0.21454313397407532,714511
2019-12-10,0.22043000161647797,0.22043000161647797,0.22043000161647797,0.22043000161647797,0.21454313397407532,589755
2019-12-11,0.22043000161647797,0.22043000161647797,0.22043000161647797,0.22043000161647797,0.21454313397407532,1351334
2019-12-12,0.2248380035161972,0.2380640059709549,0.2248380035161972,0.23365500569343567,0.22741495072841644,1179511
2019-12-13,0.22924700379371643,0.23365500569343567,0.22924700379371643,0.23365500569343567,0.22741495072841644,340243
2019-12-16,0.2380640059709549,0.3791390061378479,0.2380640059709549,0.30419299006462097,0.29606911540031433,28580479
2019-12-17,0.30419299006462097,0.30419299006462097,0.26010701060295105,0.2645159959793091,0.25745171308517456,4482712
2019-12-18,0.2512899935245514,0.282150000333786,0.2512899935245514,0.2556990087032318,0.24887022376060486,1735243
2019-12-19,0.2556990087032318,0.2556990087032318,0.2512899935245514,0.2556990087032318,0.24887022376060486,328902
2019-12-20,0.2645159959793091,0.282150000333786,0.2556990087032318,0.2556990087032318,0.24887022376060486,1576462
2019-12-23,0.2556990087032318,0.2556990087032318,0.24688099324703217,0.24688099324703217,0.24028772115707397,635121
2019-12-24,0.24688099324703217,0.2512899935245514,0.24688099324703217,0.24688099324703217,0.24028772115707397,238170
2019-12-27,0.2512899935245514,0.2512899935245514,0.24688099324703217,0.24688099324703217,0.24028772115707397,601097
2019-12-30,0.27333301305770874,0.2777419984340668,0.26010701060295105,0.26010701060295105,0.2531605064868927,1485731
2019-12-31,0.2556990087032318,0.2556990087032318,0.2556990087032318,0.26010701060295105,0.2531605064868927,11341
2020-01-02,0.2645159959793091,0.2645159959793091,0.26010701060295105,0.26010701060295105,0.2531605064868927,136097
2020-01-03,0.2512899935245514,0.2512899935245514,0.23365500569343567,0.23365500569343567,0.22741495072841644,4525276
2020-01-06,0.23365500569343567,0.24247300624847412,0.22924700379371643,0.24247300624847412,0.23599746823310852,408292
2020-01-07,0.24247300624847412,0.24247300624847412,0.2380640059709549,0.24247300624847412,0.23599746823310852,1032095
2020-01-08,0.22924700379371643,0.23365500569343567,0.22924700379371643,0.23365500569343567,0.22741495072841644,90731
2020-01-09,0.22924700379371643,0.22924700379371643,0.22043000161647797,0.22043000161647797,0.21454313397407532,2279633
2020-01-10,0.2248380035161972,0.2380640059709549,0.2248380035161972,0.2380640059709549,0.2317061871290207,759877
2020-01-13,0.22924700379371643,0.2380640059709549,0.2248380035161972,0.23365500569343567,0.22741495072841644,1519755
2020-01-14,0.22924700379371643,0.22924700379371643,0.2248380035161972,0.2248380035161972,0.21883343160152435,340243
2020-01-15,0.2248380035161972,0.22924700379371643,0.2248380035161972,0.22924700379371643,0.2231246531009674,306219
2020-01-16,0.22924700379371643,0.22924700379371643,0.22924700379371643,0.22924700379371643,0.2231246531009674,0
2020-01-17,0.22924700379371643,0.22924700379371643,0.2248380035161972,0.2248380035161972,0.21883343160152435,453658
2020-01-20,0.2248380035161972,0.23365500569343567,0.2248380035161972,0.23365500569343567,0.22741495072841644,181463
2020-01-21,0.23365500569343567,0.23365500569343567,0.23365500569343567,0.23365500569343567,0.22741495072841644,0
2020-01-22,0.23365500569343567,0.23365500569343567,0.22924700379371643,0.22924700379371643,0.2231246531009674,1576462
2020-01-23,0.2248380035161972,0.2380640059709549,0.2248380035161972,0.2380640059709549,0.2317061871290207,317560
2020-01-24,0.23365500569343567,0.2380640059709549,0.23365500569343567,0.2380640059709549,0.2317061871290207,1338292
2020-01-29,0.2248380035161972,0.22924700379371643,0.22043000161647797,0.22924700379371643,0.2231246531009674,408292
2020-01-30,0.2248380035161972,0.23365500569343567,0.2248380035161972,0.23365500569343567,0.22741495072841644,3175608
2020-01-31,0.2248380035161972,0.22924700379371643,0.22043000161647797,0.22924700379371643,0.2231246531009674,1591584
2020-02-03,0.22924700379371643,0.2380640059709549,0.2248380035161972,0.22924700379371643,0.2231246531009674,578425
2020-02-04,0.22924700379371643,0.22924700379371643,0.2248380035161972,0.22924700379371643,0.2231246531009674,192804
2020-02-05,0.22924700379371643,0.2380640059709549,0.22924700379371643,0.23365500569343567,0.22741495072841644,521707
2020-02-06,0.24688099324703217,0.24688099324703217,0.24247300624847412,0.24247300624847412,0.23599746823310852,907316
2020-02-07,0.2512899935245514,0.36150500178337097,0.2512899935245514,0.282150000333786,0.2746148407459259,53679164
2020-02-10,0.2909669876098633,0.2909669876098633,0.24688099324703217,0.2556990087032318,0.24887022376060486,8541253
2020-02-11,0.2556990087032318,0.2645159959793091,0.2512899935245514,0.2645159959793091,0.25745171308517456,4549059
2020-02-12,0.2645159959793091,0.27333301305770874,0.2556990087032318,0.27333301305770874,0.2660333216190338,5387420
2020-02-13,0.2849999964237213,0.3149999976158142,0.26499998569488525,0.26499998569488525,0.25792279839515686,9960000
2020-02-14,0.26499998569488525,0.2849999964237213,0.26499998569488525,0.26499998569488525,0.25792279839515686,2540000
2020-02-17,0.26499998569488525,0.26499998569488525,0.24500000476837158,0.24799999594688416,0.2413768619298935,5680000
2020-02-18,0.24500000476837158,0.25,0.24500000476837158,0.24899999797344208,0.24235011637210846,390000
2020-02-19,0.24899999797344208,0.24899999797344208,0.24500000476837158,0.24899999797344208,0.24235011637210846,170000
2020-02-20,0.24500000476837158,0.25,0.24500000476837158,0.25,0.243323415517807,540000
2020-02-21,0.25,0.25,0.24500000476837158,0.25,0.243323415517807,620000
2020-02-24,0.24899999797344208,0.29499998688697815,0.2460000067949295,0.25999999046325684,0.2530563771724701,5810000
2020-02-25,0.25999999046325684,0.26499998569488525,0.25999999046325684,0.25999999046325684,0.2530563771724701,1200000
2020-02-26,0.25999999046325684,0.2750000059604645,0.25,0.2549999952316284,0.24818989634513855,4010000
2020-02-27,0.25999999046325684,0.26499998569488525,0.25,0.25,0.243323415517807,1270000
2020-02-28,0.25,0.28999999165534973,0.24699999392032623,0.26499998569488525,0.25792279839515686,4550000
2020-03-02,0.25999999046325684,0.27000001072883606,0.2549999952316284,0.26499998569488525,0.25792279839515686,4417500
2020-03-03,0.25999999046325684,0.26499998569488525,0.2549999952316284,0.25999999046325684,0.2530563771724701,460000
2020-03-04,0.25999999046325684,0.25999999046325684,0.25,0.25,0.243323415517807,6916000
2020-03-05,0.2549999952316284,0.26499998569488525,0.24899999797344208,0.25,0.243323415517807,4250000
2020-03-06,0.25,0.2549999952316284,0.24400000274181366,0.2460000067949295,0.2394302636384964,2130000
2020-03-09,0.24699999392032623,0.24699999392032623,0.23499999940395355,0.23999999463558197,0.2335904985666275,2070000
2020-03-10,0.23899999260902405,0.24899999797344208,0.23899999260902405,0.23999999463558197,0.2335904985666275,580000
2020-03-11,0.23999999463558197,0.23999999463558197,0.23999999463558197,0.23999999463558197,0.2335904985666275,0
2020-03-12,0.23899999260902405,0.24799999594688416,0.23100000619888306,0.2329999953508377,0.22677744925022125,930000
2020-03-13,0.22599999606609344,0.23800000548362732,0.2199999988079071,0.23399999737739563,0.2277507334947586,1430000
2020-03-16,0.2290000021457672,0.23800000548362732,0.22300000488758087,0.23000000417232513,0.2238575518131256,2640000
2020-03-17,0.2199999988079071,0.2199999988079071,0.1899999976158142,0.19300000369548798,0.18784567713737488,14509990
2020-03-18,0.18799999356269836,0.1940000057220459,0.1850000023841858,0.1850000023841858,0.18005935847759247,18091500
2020-03-19,0.18400000035762787,0.18400000035762787,0.17000000178813934,0.18000000715255737,0.17519286274909973,21235000
2020-03-20,0.18400000035762787,0.1889999955892563,0.1720000058412552,0.18700000643730164,0.18200592696666718,5160000
2020-03-23,0.18700000643730164,0.2029999941587448,0.18700000643730164,0.1979999989271164,0.19271215796470642,6140000
2020-03-24,0.2029999941587448,0.20800000429153442,0.2029999941587448,0.2070000022649765,0.20147179067134857,5430000
2020-03-25,0.20800000429153442,0.20800000429153442,0.20200000703334808,0.20499999821186066,0.19952520728111267,2220000
2020-03-26,0.20499999821186066,0.20499999821186066,0.19699999690055847,0.2029999941587448,0.19757862389087677,1720000
2020-03-27,0.2029999941587448,0.2029999941587448,0.19699999690055847,0.20200000703334808,0.19660533964633942,1960000
2020-03-30,0.20200000703334808,0.20200000703334808,0.1860000044107437,0.20000000298023224,0.19465874135494232,6820000
2020-03-31,0.20000000298023224,0.20399999618530273,0.19599999487400055,0.20100000500679016,0.19563202559947968,12670000
2020-04-01,0.2029999941587448,0.20499999821186066,0.1979999989271164,0.2029999941587448,0.19757862389087677,8430000
2020-04-02,0.19900000095367432,0.2029999941587448,0.19699999690055847,0.2029999941587448,0.19757862389087677,1910000
2020-04-03,0.2029999941587448,0.2029999941587448,0.19699999690055847,0.20200000703334808,0.19660533964633942,1690000
2020-04-06,0.20200000703334808,0.20399999618530273,0.19900000095367432,0.20200000703334808,0.19660533964633942,1093998
2020-04-07,0.2029999941587448,0.20399999618530273,0.20000000298023224,0.20200000703334808,0.19660533964633942,1110000
2020-04-08,0.19900000095367432,0.20399999618530273,0.19900000095367432,0.20399999618530273,0.19855192303657532,1680000
2020-04-09,0.20399999618530273,0.2150000035762787,0.20399999618530273,0.21299999952316284,0.20731157064437866,10995000
2020-04-14,0.2160000056028366,0.2199999988079071,0.20600000023841858,0.21199999749660492,0.20633827149868011,2530000
2020-04-15,0.20999999344348907,0.2150000035762787,0.20800000429153442,0.21400000154972076,0.20828483998775482,1420000
2020-04-16,0.210999995470047,0.21400000154972076,0.20499999821186066,0.21199999749660492,0.20633827149868011,2400000
2020-04-17,0.21299999952316284,0.21400000154972076,0.2070000022649765,0.210999995470047,0.20536497235298157,3000000
2020-04-20,0.21299999952316284,0.21299999952316284,0.20900000631809235,0.210999995470047,0.20536497235298157,610000
2020-04-21,0.20999999344348907,0.21199999749660492,0.2070000022649765,0.21199999749660492,0.20633827149868011,1680000
2020-04-22,0.210999995470047,0.210999995470047,0.20800000429153442,0.20999999344348907,0.2043916881084442,3180000
2020-04-23,0.20999999344348907,0.20999999344348907,0.20999999344348907,0.20999999344348907,0.2043916881084442,100000
2020-04-24,0.20999999344348907,0.20999999344348907,0.20999999344348907,0.20999999344348907,0.2043916881084442,50000
2020-04-27,0.20999999344348907,0.21400000154972076,0.20999999344348907,0.21400000154972076,0.20828483998775482,135000
2020-04-28,0.20900000631809235,0.210999995470047,0.20800000429153442,0.210999995470047,0.20536497235298157,840000
2020-04-29,0.20999999344348907,0.21199999749660492,0.20499999821186066,0.21199999749660492,0.20633827149868011,2510000
2020-05-04,0.20999999344348907,0.20999999344348907,0.20999999344348907,0.20999999344348907,0.2043916881084442,650000
2020-05-05,0.20000000298023224,0.20999999344348907,0.19200000166893005,0.20800000429153442,0.20244508981704712,370000
2020-05-06,0.20800000429153442,0.20900000631809235,0.20800000429153442,0.20800000429153442,0.20244508981704712,50000
2020-05-07,0.19599999487400055,0.20800000429153442,0.19599999487400055,0.20600000023841858,0.20049850642681122,40000
2020-05-08,0.20800000429153442,0.20900000631809235,0.20000000298023224,0.2070000022649765,0.20147179067134857,930000
2020-05-11,0.19699999690055847,0.2070000022649765,0.19300000369548798,0.2070000022649765,0.20147179067134857,205000
2020-05-12,0.2029999941587448,0.20999999344348907,0.2029999941587448,0.2070000022649765,0.20147179067134857,1480000
2020-05-13,0.20499999821186066,0.20499999821186066,0.20399999618530273,0.20499999821186066,0.19952520728111267,300000
2020-05-14,0.20000000298023224,0.20600000023841858,0.20000000298023224,0.20499999821186066,0.19952520728111267,170000
2020-05-15,0.20499999821186066,0.20499999821186066,0.19499999284744263,0.20200000703334808,0.19660533964633942,1280000
2020-05-18,0.20399999618530273,0.20399999618530273,0.20000000298023224,0.20399999618530273,0.19855192303657532,470000
2020-05-19,0.20399999618530273,0.20399999618530273,0.19599999487400055,0.19900000095367432,0.19368547201156616,500000
2020-05-20,0.20000000298023224,0.20499999821186066,0.20000000298023224,0.2029999941587448,0.19757862389087677,4570000
2020-05-21,0.20399999618530273,0.20399999618530273,0.19900000095367432,0.20100000500679016,0.19563202559947968,1480000
2020-05-22,0.20000000298023224,0.20100000500679016,0.1979999989271164,0.20000000298023224,0.19465874135494232,1170000
2020-05-25,0.2029999941587448,0.2029999941587448,0.1979999989271164,0.19900000095367432,0.19368547201156616,1590000
2020-05-26,0.20000000298023224,0.2029999941587448,0.19499999284744263,0.19900000095367432,0.19368547201156616,2115000
2020-05-27,0.19599999487400055,0.20000000298023224,0.19200000166893005,0.19900000095367432,0.19368547201156616,1650000
2020-05-28,0.20499999821186066,0.20499999821186066,0.19300000369548798,0.20000000298023224,0.19465874135494232,2460000
2020-05-29,0.19499999284744263,0.19900000095367432,0.1940000057220459,0.19900000095367432,0.19368547201156616,2600000
2020-06-01,0.19900000095367432,0.20000000298023224,0.19499999284744263,0.1979999989271164,0.19271215796470642,2340000
2020-06-02,0.19499999284744263,0.19900000095367432,0.19099999964237213,0.19900000095367432,0.19368547201156616,700000
2020-06-03,0.19900000095367432,0.44999998807907104,0.19599999487400055,0.3050000071525574,0.2968546152114868,159111678
2020-06-04,0.39500001072883606,0.5400000214576721,0.375,0.5,0.486646831035614,574069842
2020-06-05,0.5299999713897705,0.7400000095367432,0.5299999713897705,0.6299999952316284,0.6131750345230103,532935052
2020-06-08,0.6299999952316284,0.6299999952316284,0.4050000011920929,0.5,0.486646831035614,219581764
2020-06-09,0.4699999988079071,0.5099999904632568,0.41999998688697815,0.42500001192092896,0.4136498272418976,86087000
2020-06-10,0.42500001192092896,0.4699999988079071,0.41499999165534973,0.45500001311302185,0.44284865260124207,57803000
2020-06-11,0.45500001311302185,0.5,0.4350000023841858,0.4650000035762787,0.45258161425590515,40800000
2020-06-12,0.45500001311302185,0.46000000834465027,0.42500001192092896,0.4350000023841858,0.4233827590942383,34751000
2020-06-15,0.4350000023841858,0.4399999976158142,0.41499999165534973,0.4399999976158142,0.4282492697238922,19535000
2020-06-16,0.4399999976158142,0.44999998807907104,0.4300000071525574,0.4399999976158142,0.4282492697238922,12790000
2020-06-17,0.4300000071525574,0.45500001311302185,0.42500001192092896,0.4399999976158142,0.4282492697238922,18770000
2020-06-18,0.4300000071525574,0.46000000834465027,0.41999998688697815,0.4350000023841858,0.4233827590942383,41182000
2020-06-19,0.4399999976158142,0.5400000214576721,0.4399999976158142,0.5099999904632568,0.4963797926902771,128535000
2020-06-22,0.5099999904632568,0.5799999833106995,0.5099999904632568,0.5299999713897705,0.5158455967903137,62955000
2020-06-23,0.5400000214576721,0.5600000023841858,0.47999998927116394,0.5099999904632568,0.4963797926902771,35735000
2020-06-24,0.5199999809265137,0.5199999809265137,0.49000000953674316,0.5,0.486646831035614,15165000
2020-06-26,0.5,0.5,0.47999998927116394,0.49000000953674316,0.4769138991832733,11760000
2020-06-29,0.4950000047683716,0.5,0.4749999940395355,0.47999998927116394,0.467180997133255,9480000
2020-06-30,0.47999998927116394,0.5199999809265137,0.47999998927116394,0.49000000953674316,0.4769138991832733,14835000
2020-07-02,0.48500001430511475,0.5099999904632568,0.47999998927116394,0.4950000047683716,0.48178040981292725,13986000
2020-07-03,0.4950000047683716,0.5099999904632568,0.48500001430511475,0.4950000047683716,0.48178040981292725,10611000
2020-07-06,0.49000000953674316,0.5,0.4749999940395355,0.48500001430511475,0.47492578625679016,17370000
2020-07-07,0.48500001430511475,0.48500001430511475,0.4699999988079071,0.47999998927116394,0.47002965211868286,9500000
2020-07-08,0.48500001430511475,0.49000000953674316,0.4699999988079071,0.48500001430511475,0.47492578625679016,7970000
2020-07-09,0.48500001430511475,0.5299999713897705,0.47999998927116394,0.5299999713897705,0.5189909934997559,27875020
2020-07-10,0.5199999809265137,0.5199999809265137,0.45500001311302185,0.4749999940395355,0.4651334881782532,39250000
2020-07-13,0.47999998927116394,0.48500001430511475,0.46000000834465027,0.4699999988079071,0.4602373540401459,9561000
2020-07-14,0.4699999988079071,0.4749999940395355,0.4399999976158142,0.44999998807907104,0.4406527876853943,9680000
2020-07-15,0.46000000834465027,0.46000000834465027,0.375,0.39500001072883606,0.3867952525615692,30521000
2020-07-16,0.4000000059604645,0.4099999964237213,0.38499999046325684,0.39500001072883606,0.3867952525615692,5680407
2020-07-17,0.38499999046325684,0.41499999165534973,0.38499999046325684,0.4000000059604645,0.3916913568973541,4410000
2020-07-20,0.4000000059604645,0.4050000011920929,0.38999998569488525,0.4000000059604645,0.3916913568973541,1410000
2020-07-21,0.39500001072883606,0.39500001072883606,0.375,0.38499999046325684,0.3770029544830322,5680000
2020-07-22,0.3799999952316284,0.44999998807907104,0.375,0.38999998569488525,0.38189905881881714,19750000
2020-07-23,0.4000000059604645,0.4099999964237213,0.38999998569488525,0.4000000059604645,0.3916913568973541,1440000
2020-07-24,0.38999998569488525,0.41499999165534973,0.38499999046325684,0.38999998569488525,0.38189905881881714,3700000
2020-07-27,0.38499999046325684,0.38499999046325684,0.3199999928474426,0.33500000834465027,0.32804152369499207,18649985
2020-07-28,0.3449999988079071,0.3499999940395355,0.3149999976158142,0.3149999976158142,0.3084569573402405,6690000
2020-07-29,0.3149999976158142,0.3199999928474426,0.28999999165534973,0.30000001192092896,0.2937685549259186,15068000
2020-07-30,0.30000001192092896,0.4399999976158142,0.30000001192092896,0.3499999940395355,0.34272995591163635,24180000
2020-07-31,0.3499999940395355,0.36500000953674316,0.3400000035762787,0.3499999940395355,0.34272995591163635,2337500
2020-08-03,0.35499998927116394,0.36500000953674316,0.3449999988079071,0.3449999988079071,0.33783382177352905,1380000
2020-08-04,0.3499999940395355,0.39500001072883606,0.3449999988079071,0.3700000047683716,0.3623145520687103,15655000
2020-08-05,0.36500000953674316,0.375,0.36000001430511475,0.3700000047683716,0.3623145520687103,1435000
2020-08-06,0.375,0.375,0.3499999940395355,0.36000001430511475,0.35252222418785095,4600000
2020-08-07,0.36500000953674316,0.3700000047683716,0.3499999940395355,0.35499998927116394,0.34762609004974365,1700000
2020-08-10,0.35499998927116394,0.36000001430511475,0.3499999940395355,0.3499999940395355,0.34272995591163635,480000
2020-08-11,0.3499999940395355,0.38999998569488525,0.3400000035762787,0.3400000035762787,0.33293765783309937,7230000
2020-08-12,0.3400000035762787,0.3499999940395355,0.33000001311302185,0.3499999940395355,0.34272995591163635,2082000
2020-08-13,0.3499999940395355,0.3700000047683716,0.3449999988079071,0.36500000953674316,0.35741838812828064,7560000
2020-08-14,0.375,0.375,0.3499999940395355,0.36000001430511475,0.35252222418785095,1670000
2020-08-17,0.35499998927116394,0.36000001430511475,0.3449999988079071,0.35499998927116394,0.34762609004974365,1490100
2020-08-18,0.3499999940395355,0.35499998927116394,0.3449999988079071,0.3499999940395355,0.34272995591163635,687400
2020-08-19,0.3499999940395355,0.36000001430511475,0.3499999940395355,0.36000001430511475,0.35252222418785095,410000
2020-08-20,0.36000001430511475,0.36000001430511475,0.3449999988079071,0.3449999988079071,0.33783382177352905,980000
2020-08-21,0.3499999940395355,0.3499999940395355,0.3449999988079071,0.3449999988079071,0.33783382177352905,1330000
2020-08-24,0.3449999988079071,0.3449999988079071,0.33000001311302185,0.3400000035762787,0.33293765783309937,2290000
2020-08-25,0.33000001311302185,0.3499999940395355,0.33000001311302185,0.3400000035762787,0.33293765783309937,2180000
2020-08-26,0.3400000035762787,0.3400000035762787,0.33000001311302185,0.33500000834465027,0.32804152369499207,1520000
2020-08-27,0.33500000834465027,0.3400000035762787,0.33000001311302185,0.33000001311302185,0.3231453597545624,1610000
2020-08-28,0.33000001311302185,0.33000001311302185,0.3199999928474426,0.32499998807907104,0.31824925541877747,2490000
2020-08-31,0.33000001311302185,0.3499999940395355,0.3100000023841858,0.3199999928474426,0.3133530616760254,2090000
2020-09-01,0.32499998807907104,0.33000001311302185,0.3050000071525574,0.3100000023841858,0.3035607933998108,3520000
2020-09-02,0.3100000023841858,0.3149999976158142,0.3050000071525574,0.3100000023841858,0.3035607933998108,1990000
2020-09-03,0.3100000023841858,0.3400000035762787,0.3050000071525574,0.33000001311302185,0.3231453597545624,4738888
2020-09-04,0.32499998807907104,0.32499998807907104,0.3149999976158142,0.32499998807907104,0.31824925541877747,1450000
2020-09-07,0.3149999976158142,0.3400000035762787,0.3100000023841858,0.3149999976158142,0.3084569573402405,3750000
2020-09-08,0.3199999928474426,0.32499998807907104,0.3149999976158142,0.32499998807907104,0.31824925541877747,3940000
2020-09-09,0.33000001311302185,0.38999998569488525,0.3199999928474426,0.36500000953674316,0.35741838812828064,25670000
2020-09-10,0.36500000953674316,0.3700000047683716,0.3400000035762787,0.3499999940395355,0.34272995591163635,3300000
2020-09-11,0.35499998927116394,0.35499998927116394,0.3400000035762787,0.3449999988079071,0.33783382177352905,1810000
2020-09-14,0.3449999988079071,0.36500000953674316,0.3400000035762787,0.35499998927116394,0.34762609004974365,2720000
2020-09-15,0.35499998927116394,0.36500000953674316,0.3449999988079071,0.35499998927116394,0.34762609004974365,3980000
2020-09-16,0.35499998927116394,0.35499998927116394,0.33000001311302185,0.33500000834465027,0.32804152369499207,1970000
2020-09-17,0.3400000035762787,0.3499999940395355,0.33500000834465027,0.3400000035762787,0.33293765783309937,2100000
2020-09-18,0.3449999988079071,0.36000001430511475,0.33500000834465027,0.33500000834465027,0.32804152369499207,2030000
2020-09-21,0.33500000834465027,0.3400000035762787,0.33000001311302185,0.3400000035762787,0.33293765783309937,1330000
2020-09-22,0.3400000035762787,0.3499999940395355,0.3400000035762787,0.3499999940395355,0.34272995591163635,640000
2020-09-23,0.3400000035762787,0.3499999940395355,0.33500000834465027,0.3400000035762787,0.33293765783309937,740000
2020-09-24,0.3400000035762787,0.3400000035762787,0.32499998807907104,0.32499998807907104,0.31824925541877747,2250000
2020-09-25,0.32499998807907104,0.3499999940395355,0.3199999928474426,0.33500000834465027,0.32804152369499207,3490000
2020-09-28,0.33000001311302185,0.33000001311302185,0.3199999928474426,0.32499998807907104,0.31824925541877747,1140000
2020-09-29,0.32499998807907104,0.33000001311302185,0.3199999928474426,0.32499998807907104,0.31824925541877747,620000
2020-09-30,0.33000001311302185,0.3400000035762787,0.33000001311302185,0.33000001311302185,0.3231453597545624,1060000
2020-10-05,0.33500000834465027,0.3499999940395355,0.33500000834465027,0.3449999988079071,0.33783382177352905,670000
2020-10-06,0.3449999988079071,0.3499999940395355,0.33000001311302185,0.3400000035762787,0.33293765783309937,1770000
2020-10-07,0.3400000035762787,0.3400000035762787,0.3199999928474426,0.33000001311302185,0.3231453597545624,1850000
2020-10-08,0.33500000834465027,0.33500000834465027,0.3199999928474426,0.33000001311302185,0.3231453597545624,1480000
2020-10-09,0.33000001311302185,0.33000001311302185,0.3199999928474426,0.33000001311302185,0.3231453597545624,1380000
2020-10-12,0.33500000834465027,0.33500000834465027,0.3050000071525574,0.3199999928474426,0.3133530616760254,7080000
2020-10-14,0.3199999928474426,0.33000001311302185,0.3199999928474426,0.33000001311302185,0.3231453597545624,3220000
2020-10-15,0.33500000834465027,0.5400000214576721,0.33000001311302185,0.4699999988079071,0.4602373540401459,232882000
2020-10-16,0.5099999904632568,0.5400000214576721,0.4050000011920929,0.4050000011920929,0.3965874910354614,115080000
2020-10-19,0.4350000023841858,0.44999998807907104,0.3799999952316284,0.42500001192092896,0.4161720871925354,42660000
2020-10-20,0.42500001192092896,0.5099999904632568,0.4050000011920929,0.5,0.48961418867111206,82860000
2020-10-21,0.4749999940395355,0.5199999809265137,0.4650000035762787,0.4749999940395355,0.4651334881782532,40985000
2020-10-22,0.47999998927116394,0.5199999809265137,0.44999998807907104,0.49000000953674316,0.47982192039489746,35491000
2020-10-23,0.49000000953674316,0.5600000023841858,0.4749999940395355,0.48500001430511475,0.47492578625679016,72830000
2020-10-27,0.48500001430511475,0.49000000953674316,0.4650000035762787,0.4749999940395355,0.4651334881782532,17030000
2020-10-28,0.4749999940395355,0.4950000047683716,0.46000000834465027,0.4650000035762787,0.45534124970436096,13730000
2020-10-29,0.44999998807907104,0.4650000035762787,0.4350000023841858,0.45500001311302185,0.445548951625824,15360000
2020-10-30,0.4650000035762787,0.5099999904632568,0.45500001311302185,0.4650000035762787,0.45534124970436096,55840000
2020-11-02,0.4699999988079071,0.49000000953674316,0.4699999988079071,0.4749999940395355,0.4651334881782532,21730000
2020-11-03,0.47999998927116394,0.5299999713897705,0.47999998927116394,0.47999998927116394,0.47002965211868286,41390000
2020-11-04,0.48500001430511475,0.4950000047683716,0.4749999940395355,0.4749999940395355,0.4651334881782532,7270000
2020-11-05,0.49000000953674316,0.550000011920929,0.47999998927116394,0.4950000047683716,0.48471808433532715,84602000
2020-11-06,0.550000011920929,0.5799999833106995,0.5,0.5299999713897705,0.5189909934997559,82587000
2020-11-09,0.5400000214576721,0.5600000023841858,0.5099999904632568,0.5199999809265137,0.509198784828186,23900000
2020-11-10,0.5400000214576721,0.5400000214576721,0.48500001430511475,0.4950000047683716,0.48471808433532715,26080000
2020-11-11,0.49000000953674316,0.49000000953674316,0.4699999988079071,0.4749999940395355,0.4651334881782532,16880000
2020-11-12,0.47999998927116394,0.5,0.4749999940395355,0.49000000953674316,0.47982192039489746,8660000
2020-11-13,0.5,0.5299999713897705,0.5,0.5,0.48961418867111206,25340000
2020-11-16,0.5099999904632568,0.5199999809265137,0.4950000047683716,0.5,0.48961418867111206,15420000
2020-11-17,0.5099999904632568,0.5799999833106995,0.5,0.5799999833106995,0.5679524540901184,76426500
2020-11-18,0.5799999833106995,0.6499999761581421,0.5799999833106995,0.6000000238418579,0.5875371098518372,100065390
2020-11-19,0.6399999856948853,0.6700000166893005,0.5699999928474426,0.6000000238418579,0.5875371098518372,80541000
2020-11-20,0.6299999952316284,0.7099999785423279,0.6100000143051147,0.7099999785423279,0.6952521800994873,158035000
2020-11-23,0.7300000190734863,0.9100000262260437,0.6700000166893005,0.8799999952316284,0.8617210984230042,247317690
2020-11-24,0.949999988079071,0.9800000190734863,0.8600000143051147,0.8999999761581421,0.8813055753707886,150076750
2020-11-25,0.8899999856948853,1.2599999904632568,0.8500000238418579,1.0800000429153442,1.05756676197052,359662750
2020-11-26,1.1399999856948853,1.1699999570846558,1.0499999523162842,1.0800000429153442,1.05756676197052,68021500
2020-11-27,1.0800000429153442,1.2300000190734863,1.0700000524520874,1.1100000143051147,1.086943507194519,100096562
2020-11-30,1.1299999952316284,1.1399999856948853,0.9900000095367432,1.0700000524520874,1.0477744340896606,85004000
2020-12-01,1.0700000524520874,1.0700000524520874,0.9800000190734863,1.0199999809265137,0.9988129734992981,56300000
2020-12-02,1.0199999809265137,1.0499999523162842,0.8700000047683716,0.8799999952316284,0.8617210984230042,98557000
2020-12-03,0.9399999976158142,0.9700000286102295,0.8999999761581421,0.9100000262260437,0.891097903251648,46750000
2020-12-04,0.9200000166893005,1.0399999618530273,0.9200000166893005,1.0399999618530273,1.018397569656372,81862266
2020-12-07,1.0399999618530273,1.1100000143051147,0.9900000095367432,1.090000033378601,1.0673590898513794,80955291
2020-12-08,1.1200000047683716,1.1200000047683716,1.0399999618530273,1.059999942779541,1.0379819869995117,51370000
2020-12-09,1.0700000524520874,1.3200000524520874,1.0700000524520874,1.2899999618530273,1.2632046937942505,297901500
2020-12-10,1.2699999809265137,1.3899999856948853,1.2100000381469727,1.350000023841858,1.3219584226608276,142510657
2020-12-11,1.399999976158142,1.5299999713897705,1.2799999713897705,1.3200000524520874,1.2925814390182495,213744600
2020-12-14,1.350000023841858,1.4199999570846558,1.2300000190734863,1.2699999809265137,1.2436200380325317,90475000
2020-12-15,1.2899999618530273,1.3600000143051147,1.2100000381469727,1.3200000524520874,1.2925814390182495,68550090
2020-12-16,1.340000033378601,1.3600000143051147,1.2899999618530273,1.309999942779541,1.2827892303466797,35820000
2020-12-17,1.3300000429153442,1.3300000429153442,1.25,1.2899999618530273,1.2632046937942505,28950000
2020-12-18,1.2999999523162842,1.4700000286102295,1.2799999713897705,1.409999966621399,1.3807120323181152,131667000
2020-12-21,1.440000057220459,1.6699999570846558,1.4199999570846558,1.6699999570846558,1.635311484336853,162981500
2020-12-22,1.7000000476837158,1.840000033378601,1.5700000524520874,1.7200000286102295,1.6842728853225708,200825000
2020-12-23,1.7400000095367432,2.049999952316284,1.7000000476837158,2.049999952316284,2.007418155670166,172011213
2020-12-24,2.2699999809265137,2.2699999809265137,2.2699999809265137,2.2699999809265137,2.222848415374756,0
2020-12-28,2.319999933242798,3.0999999046325684,2.319999933242798,3.0999999046325684,3.0356078147888184,298693950
2020-12-29,3.25,4.429999828338623,2.200000047683716,2.5399999618530273,2.4872400760650635,770971662
2020-12-30,2.3299999237060547,2.7699999809265137,2.069999933242798,2.380000114440918,2.33056378364563,252843684
2020-12-31,2.25,2.25,2.25,2.25,2.203263759613037,0
2021-01-04,2.200000047683716,3.0999999046325684,2.200000047683716,3.0999999046325684,3.0356078147888184,283749413
2021-01-05,3.0999999046325684,3.140000104904175,2.799999952316284,2.9000000953674316,2.8397624492645264,153844160
2021-01-06,2.9600000381469727,3.2100000381469727,2.890000104904175,3.0199999809265137,2.9572699069976807,109249800
2021-01-07,3.059999942779541,3.240000009536743,2.940000057220459,3.0199999809265137,2.9572699069976807,103085900
2021-01-08,3.0999999046325684,3.130000114440918,2.619999885559082,2.75,2.692878007888794,109259142
2021-01-11,2.8499999046325684,2.940000057220459,2.6700000762939453,2.8499999046325684,2.7908008098602295,55398400
2021-01-12,2.8499999046325684,2.8499999046325684,2.680000066757202,2.75,2.692878007888794,28871260
2021-01-13,2.7799999713897705,2.809999942779541,2.490000009536743,2.5999999046325684,2.5459940433502197,51208030
2021-01-14,2.6500000953674316,2.6700000762939453,2.390000104904175,2.490000009536743,2.4382786750793457,55280800
2021-01-15,2.5,2.640000104904175,2.309999942779541,2.630000114440918,2.575371026992798,89209316
2021-01-18,2.640000104904175,2.6700000762939453,2.4700000286102295,2.5999999046325684,2.5459940433502197,33562300
2021-01-19,2.5999999046325684,2.630000114440918,2.5,2.549999952316284,2.497032403945923,31362000
2021-01-20,2.5999999046325684,2.950000047683716,2.5899999141693115,2.819999933242798,2.7614240646362305,121344722
2021-01-21,2.890000104904175,2.9100000858306885,2.7100000381469727,2.740000009536743,2.6830856800079346,35714000
2021-01-22,2.559999942779541,2.630000114440918,2.4000000953674316,2.509999990463257,2.4578630924224854,402150500
2021-01-25,2.559999942779541,2.630000114440918,2.5,2.509999990463257,2.4578630924224854,69030000
2021-01-26,2.5,2.5,2.319999933242798,2.359999895095825,2.310978889465332,88194803
2021-01-27,2.359999895095825,2.390000104904175,2.0399999618530273,2.190000057220459,2.144510269165039,66776258
2021-01-28,2.109999895095825,2.2300000190734863,2.059999942779541,2.0799999237060547,2.036795139312744,46169500
2021-01-29,2.1500000953674316,2.2200000286102295,2.049999952316284,2.2200000286102295,2.173887014389038,36385764
2021-02-01,2.25,2.390000104904175,2.1500000953674316,2.190000057220459,2.144510269165039,35210635
2021-02-02,2.240000009536743,2.2799999713897705,2.109999895095825,2.200000047683716,2.1543025970458984,39835500
2021-02-03,2.2200000286102295,2.2200000286102295,2.109999895095825,2.140000104904175,2.0955488681793213,20715500
2021-02-04,2.140000104904175,2.140000104904175,2.0399999618530273,2.0799999237060547,2.036795139312744,27137100
2021-02-05,2.0799999237060547,2.0799999237060547,1.7300000190734863,1.8700000047683716,1.8311572074890137,104661520
2021-02-08,1.8300000429153442,1.9299999475479126,1.75,1.8899999856948853,1.8507417440414429,50376900
2021-02-09,1.899999976158142,2.440000057220459,1.8799999952316284,2.319999933242798,2.2718098163604736,196693514
2021-02-10,2.4000000953674316,2.5,2.2300000190734863,2.259999990463257,2.2130563259124756,83652200
2021-02-11,2.180000066757202,2.180000066757202,2.180000066757202,2.180000066757202,2.134718179702759,0
2021-02-16,2.25,2.2799999713897705,2.130000114440918,2.2200000286102295,2.173887014389038,39687080
2021-02-17,2.240000009536743,2.25,2.1700000762939453,2.2100000381469727,2.164095163345337,28249331
2021-02-18,2.25,2.25,2.119999885559082,2.130000114440918,2.085756540298462,23584000
2021-02-19,2.0999999046325684,2.130000114440918,2.009999990463257,2.0799999237060547,2.036795139312744,24515206
2021-02-22,2.0999999046325684,2.2300000190734863,2.069999933242798,2.0999999046325684,2.056379556655884,23855800
2021-02-23,2.0999999046325684,2.0999999046325684,2.009999990463257,2.059999942779541,2.0172104835510254,14039400
2021-02-24,2.049999952316284,2.059999942779541,1.8899999856948853,1.9600000381469727,1.9192876815795898,27710000
2021-02-25,1.9700000286102295,2.140000104904175,1.9500000476837158,2.0799999237060547,2.036795139312744,29046000
2021-02-26,1.9600000381469727,2.0,1.909999966621399,1.9500000476837158,1.90949547290802,24011000
2021-03-01,1.940000057220459,2.0799999237060547,1.9299999475479126,2.0,1.9584567546844482,18380000
2021-03-02,2.0199999809265137,2.0899999141693115,1.9199999570846558,1.940000057220459,1.8997031450271606,17193000
2021-03-03,1.9500000476837158,1.9600000381469727,1.8799999952316284,1.9199999570846558,1.8801186084747314,15670000
2021-03-04,1.9199999570846558,1.9199999570846558,1.7999999523162842,1.8200000524520874,1.782195806503296,23581000
2021-03-05,1.7699999809265137,1.8799999952316284,1.7000000476837158,1.840000033378601,1.801780343055725,18740100
2021-03-08,1.9500000476837158,1.9600000381469727,1.7100000381469727,1.7200000286102295,1.6842728853225708,21580000
2021-03-09,1.7100000381469727,1.7699999809265137,1.5800000429153442,1.690000057220459,1.6548961400985718,31965733
2021-03-10,1.7999999523162842,1.8600000143051147,1.7300000190734863,1.75,1.7136497497558594,15404238
2021-03-11,1.75,1.840000033378601,1.7300000190734863,1.8200000524520874,1.782195806503296,15670000
2021-03-12,1.8700000047683716,1.899999976158142,1.7799999713897705,1.7999999523162842,1.7626111507415771,16680000
2021-03-15,1.8300000429153442,1.850000023841858,1.7599999904632568,1.7999999523162842,1.7626111507415771,9010000
2021-03-16,1.8300000429153442,1.8300000429153442,1.7799999713897705,1.7999999523162842,1.7626111507415771,6651304
2021-03-17,1.809999942779541,1.8799999952316284,1.7699999809265137,1.850000023841858,1.811572551727295,10956000
2021-03-18,1.8700000047683716,1.8700000047683716,1.8300000429153442,1.8300000429153442,1.7919878959655762,5977500
2021-03-19,1.809999942779541,1.809999942779541,1.7799999713897705,1.7899999618530273,1.7528188228607178,7180000
2021-03-22,1.7999999523162842,1.850000023841858,1.7999999523162842,1.8200000524520874,1.782195806503296,4690000
2021-03-23,1.840000033378601,1.850000023841858,1.75,1.7799999713897705,1.7430264949798584,6110000
2021-03-24,1.7799999713897705,1.7899999618530273,1.659999966621399,1.690000057220459,1.6548961400985718,16163000
2021-03-25,1.690000057220459,1.690000057220459,1.600000023841858,1.6699999570846558,1.635311484336853,12309000
2021-03-26,1.6799999475479126,1.7300000190734863,1.649999976158142,1.690000057220459,1.6548961400985718,9180000
2021-03-29,1.7200000286102295,1.7200000286102295,1.649999976158142,1.659999966621399,1.625519037246704,5960000
2021-03-30,1.6799999475479126,1.7400000095367432,1.649999976158142,1.7300000190734863,1.6940650939941406,9922000
2021-03-31,1.7799999713897705,1.8200000524520874,1.6799999475479126,1.7999999523162842,1.7626111507415771,15820000
2021-04-01,1.899999976158142,1.9700000286102295,1.8300000429153442,1.8799999952316284,1.8409494161605835,44188000
2021-04-07,1.8799999952316284,1.899999976158142,1.7899999618530273,1.8200000524520874,1.782195806503296,15470000
2021-04-08,1.7999999523162842,1.8200000524520874,1.7599999904632568,1.7799999713897705,1.7430264949798584,13900000
2021-04-09,1.7999999523162842,1.8200000524520874,1.7000000476837158,1.7400000095367432,1.703857421875,13665900
2021-04-12,1.7599999904632568,1.7599999904632568,1.690000057220459,1.7300000190734863,1.6940650939941406,5110000
2021-04-13,1.75,1.75,1.6799999475479126,1.7000000476837158,1.6646883487701416,5287000
2021-04-14,1.7200000286102295,1.8200000524520874,1.7000000476837158,1.8200000524520874,1.782195806503296,11932500
2021-04-15,1.8200000524520874,1.840000033378601,1.7599999904632568,1.7899999618530273,1.7528188228607178,10435274
2021-04-16,1.7999999523162842,1.8200000524520874,1.7599999904632568,1.7799999713897705,1.7430264949798584,10480000
2021-04-19,1.850000023841858,2.369999885559082,1.840000033378601,2.2699999809265137,2.222848415374756,212696001
2021-04-20,2.200000047683716,2.259999990463257,2.049999952316284,2.0899999141693115,2.0465872287750244,95457792
2021-04-21,2.0199999809265137,2.0799999237060547,1.9700000286102295,2.0,1.9584567546844482,42503000
2021-04-22,2.0299999713897705,2.200000047683716,2.0199999809265137,2.0899999141693115,2.0465872287750244,57365000
2021-04-23,2.109999895095825,2.1600000858306885,2.0299999713897705,2.049999952316284,2.007418155670166,24582617
2021-04-26,2.049999952316284,2.0999999046325684,1.899999976158142,1.899999976158142,1.8605339527130127,38763700
2021-04-27,1.940000057220459,2.049999952316284,1.899999976158142,2.009999990463257,1.9682490825653076,26075500
2021-04-28,2.0299999713897705,2.0399999618530273,1.9500000476837158,1.9700000286102295,1.9290801286697388,11971000
2021-04-29,1.9700000286102295,2.069999933242798,1.940000057220459,1.9800000190734863,1.9388723373413086,21960000
2021-04-30,1.9800000190734863,1.9900000095367432,1.899999976158142,1.9199999570846558,1.8801186084747314,11743246
2021-05-03,1.9299999475479126,1.9800000190734863,1.909999966621399,1.9199999570846558,1.8801186084747314,12770000
2021-05-04,1.9600000381469727,1.9600000381469727,1.809999942779541,1.8700000047683716,1.8311572074890137,15030000
2021-05-05,1.850000023841858,1.9199999570846558,1.809999942779541,1.8700000047683716,1.8311572074890137,11530000
2021-05-06,1.8700000047683716,1.899999976158142,1.809999942779541,1.850000023841858,1.811572551727295,14270000
2021-05-07,1.8799999952316284,1.8799999952316284,1.7799999713897705,1.7899999618530273,1.7528188228607178,10488100
2021-05-10,1.7699999809265137,1.8300000429153442,1.7200000286102295,1.7699999809265137,1.7332342863082886,13500000
2021-05-11,1.7300000190734863,1.75,1.659999966621399,1.7000000476837158,1.6646883487701416,18024250
2021-05-12,1.7300000190734863,1.840000033378601,1.7000000476837158,1.809999942779541,1.7724034786224365,17953292
2021-05-13,1.7899999618530273,1.7999999523162842,1.75,1.7599999904632568,1.7234421968460083,5830000
2021-05-14,1.7599999904632568,1.809999942779541,1.6699999570846558,1.7100000381469727,1.674480676651001,13333041
2021-05-17,1.7300000190734863,1.7799999713897705,1.7200000286102295,1.7400000095367432,1.703857421875,4933000
2021-05-18,1.7300000190734863,1.809999942779541,1.7400000095367432,1.7699999809265137,1.7332342863082886,9505000
2021-05-20,1.7899999618530273,1.850000023841858,1.7699999809265137,1.7899999618530273,1.7528188228607178,15600000
2021-05-21,1.7899999618530273,1.8200000524520874,1.75,1.7599999904632568,1.7234421968460083,13479000
2021-05-24,1.7599999904632568,1.7899999618530273,1.75,1.75,1.7136497497558594,3220000
2021-05-25,1.7599999904632568,1.850000023841858,1.7599999904632568,1.809999942779541,1.7724034786224365,17540000
2021-05-26,1.8300000429153442,1.899999976158142,1.8300000429153442,1.850000023841858,1.811572551727295,17260000
2021-05-27,1.8700000047683716,1.9500000476837158,1.850000023841858,1.940000057220459,1.8997031450271606,28014038
2021-05-28,1.940000057220459,1.9600000381469727,1.840000033378601,1.850000023841858,1.811572551727295,12010000
2021-05-31,1.8799999952316284,1.9299999475479126,1.8600000143051147,1.8600000143051147,1.8213649988174438,5813000
2021-06-01,1.8600000143051147,2.0399999618530273,1.8600000143051147,1.9700000286102295,1.9290801286697388,37265000
2021-06-02,1.9900000095367432,2.0299999713897705,1.9500000476837158,1.9700000286102295,1.9290801286697388,14563000
2021-06-03,2.0,2.0199999809265137,1.899999976158142,1.940000057220459,1.8997031450271606,17970000
2021-06-04,1.940000057220459,2.009999990463257,1.9199999570846558,1.9600000381469727,1.9192876815795898,12020000
2021-06-07,1.9900000095367432,2.0,1.9299999475479126,1.9800000190734863,1.9388723373413086,8215000
2021-06-08,2.0,2.1500000953674316,1.9900000095367432,2.069999933242798,2.0270028114318848,53660504
2021-06-09,2.0999999046325684,2.109999895095825,1.9600000381469727,1.9900000095367432,1.9486645460128784,17610000
2021-06-10,2.0,2.059999942779541,1.9700000286102295,2.009999990463257,1.9682490825653076,16000000
2021-06-11,2.049999952316284,2.049999952316284,1.9700000286102295,1.9800000190734863,1.9388723373413086,8515000
2021-06-15,2.0299999713897705,2.0399999618530273,1.940000057220459,1.9500000476837158,1.90949547290802,11520000
2021-06-16,1.9500000476837158,2.0199999809265137,1.8600000143051147,1.899999976158142,1.8605339527130127,19345000
2021-06-17,1.8799999952316284,1.899999976158142,1.8600000143051147,1.8799999952316284,1.8409494161605835,7335572
2021-06-18,1.8899999856948853,1.9800000190734863,1.8799999952316284,1.9199999570846558,1.8801186084747314,12205000
2021-06-21,1.899999976158142,1.9600000381469727,1.850000023841858,1.899999976158142,1.863445520401001,7472100
2021-06-22,1.899999976158142,1.9600000381469727,1.8799999952316284,1.899999976158142,1.863445520401001,10910000
2021-06-23,1.899999976158142,1.9700000286102295,1.899999976158142,1.9199999570846558,1.8830608129501343,8910000
2021-06-24,1.9299999475479126,1.9600000381469727,1.8899999856948853,1.899999976158142,1.863445520401001,5925266
2021-06-25,1.9199999570846558,1.9199999570846558,1.899999976158142,1.909999966621399,1.8732531070709229,4838500
2021-06-28,1.9800000190734863,2.0,1.8899999856948853,1.899999976158142,1.863445520401001,3604925
2021-06-29,1.899999976158142,1.909999966621399,1.8700000047683716,1.8799999952316284,1.8438303470611572,5460000
2021-06-30,1.8799999952316284,1.899999976158142,1.8300000429153442,1.840000033378601,1.8046000003814697,6880000
2021-07-02,1.8700000047683716,1.8700000047683716,1.7999999523162842,1.809999942779541,1.7751771211624146,6080000
2021-07-05,1.809999942779541,1.8300000429153442,1.7999999523162842,1.7999999523162842,1.7653694152832031,3870000
2021-07-06,1.8300000429153442,1.8899999856948853,1.7999999523162842,1.8600000143051147,1.824215292930603,9500000
2021-07-07,1.8600000143051147,1.8600000143051147,1.7999999523162842,1.840000033378601,1.8046000003814697,3780000
2021-07-08,1.840000033378601,1.840000033378601,1.7699999809265137,1.7799999713897705,1.7457542419433594,8270200
2021-07-09,1.7799999713897705,1.809999942779541,1.75,1.7999999523162842,1.7653694152832031,5460000
2021-07-12,1.809999942779541,1.8300000429153442,1.7799999713897705,1.7799999713897705,1.7457542419433594,3943000
2021-07-13,1.7899999618530273,1.840000033378601,1.7899999618530273,1.8300000429153442,1.7947924137115479,6690000
2021-07-14,1.8300000429153442,1.840000033378601,1.7899999618530273,1.7999999523162842,1.7653694152832031,2871000
2021-07-15,1.8200000524520874,1.8200000524520874,1.7899999618530273,1.7999999523162842,1.7653694152832031,3270000
2021-07-16,1.7999999523162842,1.7999999523162842,1.7599999904632568,1.7799999713897705,1.7457542419433594,4410000
2021-07-19,1.7799999713897705,1.7799999713897705,1.6799999475479126,1.7000000476837158,1.6672934293746948,10927000
2021-07-20,1.6799999475479126,1.6799999475479126,1.6299999952316284,1.6699999570846558,1.6378705501556396,8350000
2021-07-21,1.6699999570846558,1.75,1.6699999570846558,1.7300000190734863,1.6967161893844604,4970000
2021-07-22,1.7400000095367432,1.7699999809265137,1.7000000476837158,1.7300000190734863,1.6967161893844604,4622000
2021-07-23,1.7300000190734863,1.75,1.6799999475479126,1.7000000476837158,1.6672934293746948,3810000
2021-07-26,1.7000000476837158,1.7000000476837158,1.6200000047683716,1.649999976158142,1.6182552576065063,5940000
2021-07-27,1.6299999952316284,1.649999976158142,1.5,1.5199999809265137,1.4907565116882324,12637000
2021-07-28,1.5099999904632568,1.5800000429153442,1.4900000095367432,1.5700000524520874,1.5397944450378418,10270000
2021-07-29,1.600000023841858,1.649999976158142,1.5800000429153442,1.6399999856948853,1.608447790145874,6420000
2021-07-30,1.6399999856948853,1.6399999856948853,1.590000033378601,1.6200000047683716,1.5888324975967407,3880000
2021-08-02,1.649999976158142,1.7599999904632568,1.600000023841858,1.75,1.7163314819335938,16083630
2021-08-03,1.7799999713897705,1.7999999523162842,1.7000000476837158,1.7300000190734863,1.6967161893844604,5770000
2021-08-04,1.7200000286102295,1.7699999809265137,1.7000000476837158,1.75,1.7163314819335938,5500000
2021-08-05,1.7599999904632568,1.7599999904632568,1.6399999856948853,1.649999976158142,1.6182552576065063,9340000
2021-08-06,1.649999976158142,1.6799999475479126,1.649999976158142,1.6699999570846558,1.6378705501556396,2202000
2021-08-09,1.690000057220459,1.7100000381469727,1.649999976158142,1.6699999570846558,1.6378705501556396,3230000
2021-08-10,1.690000057220459,1.690000057220459,1.600000023841858,1.6200000047683716,1.5888324975967407,7055100
2021-08-11,1.600000023841858,1.6399999856948853,1.600000023841858,1.6200000047683716,1.5888324975967407,3490000
2021-08-12,1.6299999952316284,1.6799999475479126,1.590000033378601,1.659999966621399,1.6280629634857178,7379713
2021-08-13,1.659999966621399,1.659999966621399,1.600000023841858,1.6200000047683716,1.5888324975967407,2390000
2021-08-16,1.6200000047683716,1.6399999856948853,1.5,1.5399999618530273,1.5103716850280762,9290278
2021-08-17,1.559999942779541,1.559999942779541,1.4600000381469727,1.5099999904632568,1.4809489250183105,14340000
2021-08-18,1.5299999713897705,1.5299999713897705,1.4600000381469727,1.4800000190734863,1.4515260457992554,3940000
2021-08-19,1.5,1.5,1.3700000047683716,1.409999966621399,1.3828727006912231,10315000
2021-08-20,1.409999966621399,1.409999966621399,1.2999999523162842,1.3300000429153442,1.3044118881225586,12070000
2021-08-23,1.3300000429153442,1.5199999809265137,1.3300000429153442,1.440000057220459,1.4122956991195679,11301533
2021-08-24,1.4800000190734863,1.4900000095367432,1.4500000476837158,1.4500000476837158,1.4221032857894897,3050000
2021-08-25,1.4500000476837158,1.4600000381469727,1.4199999570846558,1.4500000476837158,1.4221032857894897,2550000
2021-08-26,1.4500000476837158,1.4500000476837158,1.3899999856948853,1.4199999570846558,1.3926804065704346,2420000
2021-08-27,1.4199999570846558,1.5099999904632568,1.4199999570846558,1.440000057220459,1.4122956991195679,5304740
2021-08-30,1.440000057220459,1.5199999809265137,1.440000057220459,1.4600000381469727,1.4319108724594116,9120000
2021-08-31,1.4700000286102295,1.5099999904632568,1.4600000381469727,1.5099999904632568,1.4809489250183105,2410000
2021-09-01,1.4700000286102295,1.5,1.4199999570846558,1.4700000286102295,1.4417184591293335,5870000
2021-09-02,1.4700000286102295,1.4800000190734863,1.440000057220459,1.440000057220459,1.4122956991195679,2339300
2021-09-03,1.440000057220459,1.4800000190734863,1.399999976158142,1.4199999570846558,1.3926804065704346,3810000
2021-09-06,1.4299999475479126,1.4600000381469727,1.3799999952316284,1.4600000381469727,1.4319108724594116,7770000
2021-09-07,1.4600000381469727,1.4700000286102295,1.4299999475479126,1.4500000476837158,1.4221032857894897,2900000
2021-09-08,1.4500000476837158,1.4800000190734863,1.4500000476837158,1.4500000476837158,1.4221032857894897,3460000
2021-09-09,1.440000057220459,1.440000057220459,1.399999976158142,1.409999966621399,1.3828727006912231,3320000
2021-09-10,1.399999976158142,1.4500000476837158,1.399999976158142,1.4199999570846558,1.3926804065704346,3085000
2021-09-13,1.409999966621399,1.4199999570846558,1.3899999856948853,1.399999976158142,1.3730651140213013,1500000
2021-09-14,1.399999976158142,1.4299999475479126,1.3700000047683716,1.399999976158142,1.3730651140213013,3680000
2021-09-15,1.399999976158142,1.399999976158142,1.3600000143051147,1.3700000047683716,1.3436423540115356,3140000
2021-09-16,1.3700000047683716,1.3700000047683716,1.2599999904632568,1.2999999523162842,1.274989128112793,5660000
2021-09-17,1.340000033378601,1.3600000143051147,1.309999942779541,1.350000023841858,1.3240272998809814,3000000
2021-09-20,1.350000023841858,1.350000023841858,1.2699999809265137,1.2999999523162842,1.274989128112793,3200000
2021-09-21,1.2999999523162842,1.2999999523162842,1.25,1.25,1.225951075553894,3300000
2021-09-23,1.25,1.309999942779541,1.25,1.2799999713897705,1.2553738355636597,3190000
2021-09-24,1.2599999904632568,1.2999999523162842,1.2000000476837158,1.2200000286102295,1.1965283155441284,6660000
2021-09-27,1.2200000286102295,1.2699999809265137,1.2200000286102295,1.2300000190734863,1.2063357830047607,2975000
2021-09-28,1.2599999904632568,1.2599999904632568,1.2200000286102295,1.25,1.225951075553894,1650000
2021-09-29,1.25,1.25,1.149999976158142,1.1699999570846558,1.14749014377594,9715000
2021-09-30,1.1699999570846558,1.190000057220459,1.149999976158142,1.1799999475479126,1.1572977304458618,4170000
2021-10-04,1.1799999475479126,1.1799999475479126,1.100000023841858,1.1299999952316284,1.1082597970962524,3068000
2021-10-05,1.1299999952316284,1.1799999475479126,1.090000033378601,1.159999966621399,1.1376824378967285,3960000
2021-10-06,1.159999966621399,1.1799999475479126,1.1100000143051147,1.1200000047683716,1.0984522104263306,1990000
2021-10-07,1.1299999952316284,1.2000000476837158,1.1200000047683716,1.2000000476837158,1.1769131422042847,6350000
2021-10-08,1.2100000381469727,1.2200000286102295,1.1299999952316284,1.1699999570846558,1.14749014377594,3607505
2021-10-11,1.159999966621399,1.3300000429153442,1.149999976158142,1.2599999904632568,1.235758662223816,12080000
2021-10-12,1.25,1.2899999618530273,1.2300000190734863,1.2400000095367432,1.2161433696746826,3310000
2021-10-15,1.2699999809265137,1.4500000476837158,1.2699999809265137,1.440000057220459,1.4122956991195679,26161000
2021-10-18,1.4500000476837158,1.4800000190734863,1.3700000047683716,1.4500000476837158,1.4221032857894897,13010000
2021-10-19,1.4700000286102295,1.4700000286102295,1.399999976158142,1.4199999570846558,1.3926804065704346,3760000
2021-10-20,1.4199999570846558,1.5199999809265137,1.4199999570846558,1.4600000381469727,1.4319108724594116,13630710
2021-10-21,1.4600000381469727,1.4700000286102295,1.3300000429153442,1.3700000047683716,1.3436423540115356,9380000
2021-10-22,1.3799999952316284,1.409999966621399,1.350000023841858,1.3700000047683716,1.3436423540115356,4090000
2021-10-25,1.350000023841858,1.440000057220459,1.340000033378601,1.3700000047683716,1.3436423540115356,5400000
2021-10-26,1.399999976158142,1.5800000429153442,1.399999976158142,1.5700000524520874,1.5397944450378418,43267000
2021-10-27,1.5299999713897705,1.7200000286102295,1.5,1.7100000381469727,1.6771011352539062,36505500
2021-10-28,1.75,1.7799999713897705,1.6399999856948853,1.6699999570846558,1.6378705501556396,26640000
2021-10-29,1.6799999475479126,1.7100000381469727,1.559999942779541,1.6299999952316284,1.5986402034759521,14860000
2021-11-01,1.6299999952316284,1.6299999952316284,1.3799999952316284,1.440000057220459,1.4122956991195679,28710000
2021-11-02,1.4500000476837158,1.5099999904632568,1.4199999570846558,1.4199999570846558,1.3926804065704346,10147360
2021-11-03,1.4299999475479126,1.4500000476837158,1.340000033378601,1.399999976158142,1.3730651140213013,8730000
2021-11-04,1.409999966621399,1.4800000190734863,1.399999976158142,1.4600000381469727,1.4319108724594116,8605000
2021-11-05,1.4500000476837158,1.4600000381469727,1.399999976158142,1.399999976158142,1.3730651140213013,4383104
2021-11-08,1.409999966621399,1.409999966621399,1.340000033378601,1.3600000143051147,1.3338347673416138,6618000
2021-11-09,1.399999976158142,1.440000057220459,1.3799999952316284,1.440000057220459,1.4122956991195679,5620000
2021-11-10,1.4299999475479126,1.4299999475479126,1.3700000047683716,1.3799999952316284,1.3534499406814575,3840000
2021-11-11,1.4299999475479126,1.559999942779541,1.3899999856948853,1.5299999713897705,1.5005640983581543,26335000
2021-11-12,1.5299999713897705,1.559999942779541,1.4700000286102295,1.5499999523162842,1.5201791524887085,11900000
2021-11-15,1.5499999523162842,1.690000057220459,1.5199999809265137,1.6200000047683716,1.5888324975967407,28690000
2021-11-16,1.6200000047683716,1.7100000381469727,1.5700000524520874,1.6299999952316284,1.5986402034759521,16930000
2021-11-17,1.6399999856948853,1.7699999809265137,1.6399999856948853,1.7100000381469727,1.6771011352539062,32069000
2021-11-18,1.7100000381469727,1.7100000381469727,1.600000023841858,1.6200000047683716,1.5888324975967407,14550000
2021-11-19,1.6100000143051147,1.690000057220459,1.5700000524520874,1.6799999475479126,1.647678256034851,12360000
2021-11-22,1.6799999475479126,1.850000023841858,1.6699999570846558,1.8200000524520874,1.7849847078323364,46010000
2021-11-23,1.809999942779541,1.8700000047683716,1.7699999809265137,1.7899999618530273,1.7555618286132812,24340270
2021-11-24,1.7899999618530273,2.0,1.7699999809265137,1.940000057220459,1.9026761054992676,54837589
2021-11-25,1.940000057220459,2.0299999713897705,1.8899999856948853,1.9199999570846558,1.8830608129501343,33142050
2021-11-26,1.909999966621399,1.9299999475479126,1.7699999809265137,1.7999999523162842,1.7653694152832031,34668000
2021-11-29,1.75,1.8200000524520874,1.690000057220459,1.7400000095367432,1.7065237760543823,12364000
2021-11-30,1.7599999904632568,1.8200000524520874,1.7000000476837158,1.8200000524520874,1.7849847078323364,18520000
2021-12-01,1.7799999713897705,1.850000023841858,1.7599999904632568,1.7699999809265137,1.7359466552734375,8190000
2021-12-02,1.8300000429153442,1.9700000286102295,1.809999942779541,1.8799999952316284,1.8438303470611572,46820000
2021-12-03,1.899999976158142,1.9700000286102295,1.850000023841858,1.899999976158142,1.863445520401001,17000000
2021-12-06,1.8600000143051147,1.8700000047683716,1.6699999570846558,1.690000057220459,1.6574859619140625,25622400
2021-12-07,1.75,1.7599999904632568,1.6799999475479126,1.7200000286102295,1.6869086027145386,10790000
2021-12-08,1.7200000286102295,1.840000033378601,1.6799999475479126,1.8300000429153442,1.7947924137115479,18140000
2021-12-09,1.850000023841858,1.9800000190734863,1.8300000429153442,1.9299999475479126,1.8928683996200562,39820000
2021-12-10,1.909999966621399,2.0199999809265137,1.8899999856948853,1.9299999475479126,1.8928683996200562,24577500
2021-12-13,1.9800000190734863,2.0,1.8799999952316284,1.8899999856948853,1.853637933731079,19524000
2021-12-14,1.8600000143051147,1.8799999952316284,1.7899999618530273,1.809999942779541,1.7751771211624146,13140000
2021-12-15,1.809999942779541,1.850000023841858,1.7400000095367432,1.809999942779541,1.7751771211624146,15670000
2021-12-16,1.7999999523162842,1.8799999952316284,1.7799999713897705,1.8700000047683716,1.8340227603912354,6960000
2021-12-17,1.8700000047683716,1.8700000047683716,1.7699999809265137,1.7899999618530273,1.7555618286132812,7060000
2021-12-20,1.7799999713897705,1.809999942779541,1.5299999713897705,1.590000033378601,1.5594098567962646,32610000
2021-12-21,1.600000023841858,1.690000057220459,1.590000033378601,1.6799999475479126,1.647678256034851,9920000
2021-12-22,1.7100000381469727,1.7300000190734863,1.6699999570846558,1.7000000476837158,1.6672934293746948,5030000
2021-12-23,1.7200000286102295,1.75,1.6799999475479126,1.7100000381469727,1.6771011352539062,5162500
2021-12-24,1.7300000190734863,1.7599999904632568,1.659999966621399,1.7200000286102295,1.6869086027145386,7610000
2021-12-28,1.7400000095367432,1.7400000095367432,1.6799999475479126,1.7100000381469727,1.6771011352539062,4570000
2021-12-29,1.7100000381469727,1.7100000381469727,1.6399999856948853,1.659999966621399,1.6280629634857178,4160000
2021-12-30,1.659999966621399,1.690000057220459,1.649999976158142,1.6699999570846558,1.6378705501556396,2920000
2021-12-31,1.690000057220459,1.7100000381469727,1.6699999570846558,1.6799999475479126,1.647678256034851,3740000
2022-01-03,1.6699999570846558,1.7200000286102295,1.649999976158142,1.690000057220459,1.6574859619140625,6370000
2022-01-04,1.7100000381469727,1.7400000095367432,1.6799999475479126,1.690000057220459,1.6574859619140625,6040000
2022-01-05,1.7000000476837158,1.7000000476837158,1.5700000524520874,1.590000033378601,1.5594098567962646,9480000
2022-01-06,1.590000033378601,1.6200000047683716,1.5299999713897705,1.6100000143051147,1.5790250301361084,7987000
2022-01-07,1.600000023841858,1.6200000047683716,1.5399999618530273,1.5499999523162842,1.5201791524887085,7150000
2022-01-10,1.5499999523162842,1.5800000429153442,1.5199999809265137,1.5700000524520874,1.5397944450378418,3650000
2022-01-11,1.5800000429153442,1.5800000429153442,1.5,1.5099999904632568,1.4809489250183105,9080000
2022-01-12,1.5399999618530273,1.590000033378601,1.5299999713897705,1.5800000429153442,1.5496021509170532,8110000
2022-01-13,1.590000033378601,1.590000033378601,1.5399999618530273,1.5499999523162842,1.5201791524887085,4220000
2022-01-14,1.559999942779541,1.559999942779541,1.5299999713897705,1.559999942779541,1.52998685836792,3910000
2022-01-17,1.5399999618530273,1.559999942779541,1.5199999809265137,1.5299999713897705,1.5005640983581543,6090000
2022-01-18,1.5499999523162842,1.6100000143051147,1.5399999618530273,1.5399999618530273,1.5103716850280762,7890000
2022-01-19,1.5399999618530273,1.5499999523162842,1.5199999809265137,1.5199999809265137,1.4907565116882324,2530000
2022-01-20,1.5099999904632568,1.5399999618530273,1.5,1.5299999713897705,1.5005640983581543,3583000
2022-01-21,1.5299999713897705,1.5399999618530273,1.5099999904632568,1.5299999713897705,1.5005640983581543,5600000
2022-01-24,1.5199999809265137,1.5299999713897705,1.4600000381469727,1.4700000286102295,1.4417184591293335,6540000
2022-01-25,1.4500000476837158,1.4500000476837158,1.350000023841858,1.409999966621399,1.3828727006912231,12970000
2022-01-26,1.409999966621399,1.409999966621399,1.3700000047683716,1.3799999952316284,1.3534499406814575,6350000
2022-01-27,1.3600000143051147,1.399999976158142,1.3200000524520874,1.3899999856948853,1.3632575273513794,7620000
2022-01-28,1.3799999952316284,1.3799999952316284,1.3200000524520874,1.3200000524520874,1.2946043014526367,6270000
2022-01-31,1.350000023841858,1.350000023841858,1.350000023841858,1.350000023841858,1.3240272998809814,0
2022-02-04,1.3700000047683716,1.4199999570846558,1.340000033378601,1.409999966621399,1.3828727006912231,5260000
2022-02-07,1.409999966621399,1.4299999475479126,1.3600000143051147,1.3899999856948853,1.3632575273513794,1720000
2022-02-08,1.3899999856948853,1.3899999856948853,1.340000033378601,1.340000033378601,1.31421959400177,4410000
2022-02-09,1.340000033378601,1.399999976158142,1.340000033378601,1.3700000047683716,1.3436423540115356,3520000
2022-02-10,1.3799999952316284,1.399999976158142,1.3300000429153442,1.3799999952316284,1.3534499406814575,4160000
2022-02-11,1.3799999952316284,1.3799999952316284,1.3300000429153442,1.350000023841858,1.3240272998809814,5660000
2022-02-14,1.350000023841858,1.350000023841858,1.3200000524520874,1.340000033378601,1.31421959400177,1440000
2022-02-15,1.3300000429153442,1.340000033378601,1.3200000524520874,1.3300000429153442,1.3044118881225586,3010000
2022-02-16,1.340000033378601,1.3899999856948853,1.340000033378601,1.3600000143051147,1.3338347673416138,4000000
2022-02-17,1.340000033378601,1.350000023841858,1.2999999523162842,1.3200000524520874,1.2946043014526367,7280000
2022-02-18,1.3200000524520874,1.3200000524520874,1.2799999713897705,1.309999942779541,1.2847965955734253,6426657
2022-02-21,1.309999942779541,1.309999942779541,1.2300000190734863,1.2599999904632568,1.235758662223816,9810000
2022-02-22,1.2599999904632568,1.2599999904632568,1.190000057220459,1.2200000286102295,1.1965283155441284,4852000
2022-02-23,1.2300000190734863,1.2599999904632568,1.2200000286102295,1.25,1.225951075553894,2870000
2022-02-24,1.2200000286102295,1.2300000190734863,1.159999966621399,1.1799999475479126,1.1572977304458618,6384500
2022-02-25,1.1799999475479126,1.2200000286102295,1.159999966621399,1.1799999475479126,1.1572977304458618,3810350
2022-02-28,1.1799999475479126,1.190000057220459,1.1299999952316284,1.1699999570846558,1.14749014377594,3395000
2022-03-01,1.1699999570846558,1.2200000286102295,1.1699999570846558,1.2100000381469727,1.186720609664917,2810000
2022-03-02,1.2000000476837158,1.2000000476837158,1.1299999952316284,1.1299999952316284,1.1082597970962524,5121000
2022-03-03,1.149999976158142,1.1799999475479126,1.1399999856948853,1.149999976158142,1.1278749704360962,2911000
2022-03-04,1.1299999952316284,1.149999976158142,1.100000023841858,1.1100000143051147,1.0886445045471191,4460000
2022-03-07,1.100000023841858,1.1100000143051147,1.0299999713897705,1.0499999523162842,1.0297988653182983,7580000
2022-03-08,1.0499999523162842,1.100000023841858,1.0199999809265137,1.0299999713897705,1.0101836919784546,5360000
2022-03-09,1.0399999618530273,1.059999942779541,1.0,1.0499999523162842,1.0297988653182983,4450000
2022-03-10,1.0800000429153442,1.1100000143051147,1.0700000524520874,1.0800000429153442,1.0592217445373535,4860000
2022-03-11,1.0800000429153442,1.0800000429153442,1.0199999809265137,1.059999942779541,1.0396063327789307,3250000
2022-03-14,1.059999942779541,1.059999942779541,0.9300000071525574,0.9300000071525574,0.9121076464653015,10580000
2022-03-15,0.9300000071525574,0.9399999976158142,0.8399999737739563,0.8500000238418579,0.8336467146873474,11364000
2022-03-16,0.8999999761581421,0.9800000190734863,0.8700000047683716,0.9700000286102295,0.9513380527496338,9380000
2022-03-17,1.0299999713897705,1.0700000524520874,0.9900000095367432,1.0399999618530273,1.0199912786483765,10860000
2022-03-18,1.0499999523162842,1.059999942779541,1.0,1.0499999523162842,1.0297988653182983,3340000
2022-03-21,1.100000023841858,1.100000023841858,1.0199999809265137,1.0499999523162842,1.0297988653182983,2080000
2022-03-22,1.0499999523162842,1.059999942779541,1.0299999713897705,1.0499999523162842,1.0297988653182983,2760000
2022-03-23,1.0700000524520874,1.149999976158142,1.0499999523162842,1.1299999952316284,1.1082597970962524,7590000
2022-03-24,1.090000033378601,1.159999966621399,1.090000033378601,1.090000033378601,1.0690293312072754,5220000
2022-03-25,1.1200000047683716,1.1200000047683716,1.0499999523162842,1.0700000524520874,1.0494141578674316,2460000
2022-03-28,1.0800000429153442,1.0800000429153442,1.0499999523162842,1.0700000524520874,1.0494141578674316,1270000
2022-03-29,1.0700000524520874,1.0800000429153442,1.0399999618530273,1.0499999523162842,1.0297988653182983,1650000
2022-03-30,1.0800000429153442,1.1200000047683716,1.059999942779541,1.100000023841858,1.0788370370864868,4990000
2022-03-31,1.059999942779541,1.0800000429153442,1.0399999618530273,1.0499999523162842,1.0297988653182983,2510070
2022-04-01,1.0499999523162842,1.0499999523162842,1.0199999809265137,1.0299999713897705,1.0101836919784546,2240000
2022-04-04,1.0499999523162842,1.1100000143051147,1.0399999618530273,1.090000033378601,1.0690293312072754,3630000
2022-04-06,1.0800000429153442,1.090000033378601,1.059999942779541,1.0700000524520874,1.0494141578674316,1464054
2022-04-07,1.0499999523162842,1.0700000524520874,1.0399999618530273,1.0399999618530273,1.0199912786483765,1602000
2022-04-08,1.0399999618530273,1.059999942779541,1.0299999713897705,1.0399999618530273,1.0199912786483765,1220000
2022-04-11,1.0399999618530273,1.0700000524520874,1.0099999904632568,1.0299999713897705,1.0101836919784546,4610000
2022-04-12,1.0299999713897705,1.0499999523162842,1.0,1.0499999523162842,1.0297988653182983,2473000
2022-04-13,1.0299999713897705,1.0499999523162842,1.0199999809265137,1.0199999809265137,1.0003761053085327,890000
2022-04-14,1.0399999618530273,1.090000033378601,1.0199999809265137,1.059999942779541,1.0396063327789307,3300000
2022-04-19,1.059999942779541,1.0700000524520874,1.0299999713897705,1.0299999713897705,1.0101836919784546,1420000
2022-04-20,1.0299999713897705,1.059999942779541,1.0299999713897705,1.0299999713897705,1.0101836919784546,1470000
2022-04-21,1.0299999713897705,1.0299999713897705,1.0099999904632568,1.0199999809265137,1.0003761053085327,1100000
2022-04-22,1.0099999904632568,1.0399999618530273,1.0,1.0199999809265137,1.0003761053085327,1670000
2022-04-25,1.0199999809265137,1.0199999809265137,0.949999988079071,0.9800000190734863,0.9611455798149109,4850000
2022-04-26,0.9900000095367432,1.0299999713897705,0.9900000095367432,1.0,0.9807608723640442,2560000
2022-04-27,1.0,1.0199999809265137,0.9700000286102295,1.0099999904632568,0.9905683994293213,980000
2022-04-28,1.0099999904632568,1.0299999713897705,1.0099999904632568,1.0299999713897705,1.0101836919784546,1250000
2022-04-29,1.0299999713897705,1.0800000429153442,1.0099999904632568,1.0499999523162842,1.0297988653182983,2996225
2022-05-03,1.0199999809265137,1.0399999618530273,1.0099999904632568,1.0199999809265137,1.0003761053085327,1420000
2022-05-04,1.0199999809265137,1.0199999809265137,1.0,1.0099999904632568,0.9905683994293213,1000000
2022-05-05,1.0299999713897705,1.0299999713897705,1.0,1.0,0.9807608723640442,750000
2022-05-06,1.0,1.0,0.949999988079071,0.949999988079071,0.9317227602005005,2940000
2022-05-10,0.9300000071525574,0.949999988079071,0.8799999952316284,0.9200000166893005,0.9023000001907349,2210000
2022-05-11,0.9200000166893005,1.0,0.9100000262260437,0.949999988079071,0.9317227602005005,3220000
2022-05-12,0.949999988079071,0.949999988079071,0.8999999761581421,0.9200000166893005,0.9023000001907349,1940000
2022-05-13,0.9200000166893005,0.9700000286102295,0.9100000262260437,0.9700000286102295,0.9513380527496338,2030000
2022-05-16,0.949999988079071,0.9900000095367432,0.949999988079071,0.9599999785423279,0.9415304064750671,1430000
2022-05-17,0.9800000190734863,1.2400000095367432,0.9800000190734863,1.149999976158142,1.1278749704360962,39432000
2022-05-18,1.190000057220459,1.2699999809265137,1.1699999570846558,1.2200000286102295,1.1965283155441284,27235000
2022-05-19,1.1799999475479126,1.2599999904632568,1.149999976158142,1.2200000286102295,1.1965283155441284,11176800
2022-05-20,1.2300000190734863,1.2699999809265137,1.2100000381469727,1.2200000286102295,1.1965283155441284,10638300
2022-05-23,1.2100000381469727,1.2300000190734863,1.149999976158142,1.159999966621399,1.1376824378967285,5710000
2022-05-24,1.2000000476837158,1.2999999523162842,1.1699999570846558,1.190000057220459,1.1671054363250732,14960000
2022-05-25,1.190000057220459,1.2699999809265137,1.159999966621399,1.2300000190734863,1.2063357830047607,12470000
2022-05-26,1.2400000095367432,1.2699999809265137,1.2200000286102295,1.2599999904632568,1.235758662223816,9330000
2022-05-27,1.2799999713897705,1.2999999523162842,1.2000000476837158,1.2200000286102295,1.1965283155441284,7600000
2022-05-30,1.2300000190734863,1.2400000095367432,1.1699999570846558,1.2100000381469727,1.186720609664917,6488000
2022-05-31,1.2000000476837158,1.2699999809265137,1.1799999475479126,1.2599999904632568,1.235758662223816,9118000
2022-06-01,1.25,1.3799999952316284,1.25,1.3600000143051147,1.3338347673416138,33596000
2022-06-02,1.350000023841858,1.409999966621399,1.309999942779541,1.3799999952316284,1.3534499406814575,23680000
2022-06-06,1.3899999856948853,1.399999976158142,1.3300000429153442,1.340000033378601,1.31421959400177,12130000
2022-06-07,1.350000023841858,1.350000023841858,1.2599999904632568,1.2699999809265137,1.2455663681030273,12105000
2022-06-08,1.2699999809265137,1.3200000524520874,1.25,1.2599999904632568,1.235758662223816,10246000
2022-06-09,1.2699999809265137,1.2699999809265137,1.2200000286102295,1.2200000286102295,1.1965283155441284,7210000
2022-06-10,1.2200000286102295,1.3799999952316284,1.2000000476837158,1.3799999952316284,1.3534499406814575,26843000
2022-06-13,1.340000033378601,1.4800000190734863,1.3300000429153442,1.399999976158142,1.3730651140213013,27851000
2022-06-14,1.350000023841858,1.409999966621399,1.309999942779541,1.3799999952316284,1.3534499406814575,15045000
2022-06-15,1.399999976158142,1.440000057220459,1.340000033378601,1.340000033378601,1.31421959400177,23224000
2022-06-16,1.3700000047683716,1.3799999952316284,1.2699999809265137,1.2799999713897705,1.2553738355636597,9710000
2022-06-17,1.2799999713897705,1.3300000429153442,1.2699999809265137,1.309999942779541,1.2847965955734253,6640000
2022-06-20,1.2899999618530273,1.309999942779541,1.25,1.2599999904632568,1.235758662223816,8315000
2022-06-21,1.2599999904632568,1.2899999618530273,1.2599999904632568,1.2799999713897705,1.2553738355636597,4610000
2022-06-22,1.2799999713897705,1.340000033378601,1.2599999904632568,1.2599999904632568,1.238661766052246,7665141
2022-06-23,1.2799999713897705,1.3899999856948853,1.2799999713897705,1.3600000143051147,1.3369684219360352,19765251
2022-06-24,1.3799999952316284,1.399999976158142,1.3200000524520874,1.3300000429153442,1.3074764013290405,12379800
2022-06-27,1.340000033378601,1.3899999856948853,1.3300000429153442,1.3300000429153442,1.3074764013290405,8580400
2022-06-28,1.3300000429153442,1.3899999856948853,1.309999942779541,1.3700000047683716,1.3467988967895508,10520000
2022-06-29,1.350000023841858,1.3799999952316284,1.2999999523162842,1.3200000524520874,1.2976456880569458,9712500
2022-06-30,1.3200000524520874,1.3300000429153442,1.2699999809265137,1.2899999618530273,1.2681537866592407,7560000
2022-07-04,1.2799999713897705,1.2799999713897705,1.25,1.2599999904632568,1.238661766052246,2930000
2022-07-05,1.2699999809265137,1.2699999809265137,1.2200000286102295,1.2400000095367432,1.2190005779266357,4872427
2022-07-06,1.25,1.2599999904632568,1.2100000381469727,1.2200000286102295,1.1993392705917358,3770000
2022-07-07,1.2400000095367432,1.2899999618530273,1.2000000476837158,1.2699999809265137,1.2484923601150513,6430000
2022-07-08,1.2799999713897705,1.2999999523162842,1.2400000095367432,1.25,1.228831171989441,3550000
2022-07-11,1.2200000286102295,1.2799999713897705,1.2100000381469727,1.2200000286102295,1.1993392705917358,4960000
2022-07-12,1.2100000381469727,1.2200000286102295,1.159999966621399,1.1799999475479126,1.1600165367126465,5420000
2022-07-13,1.190000057220459,1.190000057220459,1.1399999856948853,1.1399999856948853,1.1206940412521362,5390000
2022-07-14,1.1399999856948853,1.1799999475479126,1.1299999952316284,1.1699999570846558,1.1501859426498413,3860000
2022-07-15,1.159999966621399,1.2000000476837158,1.149999976158142,1.1699999570846558,1.1501859426498413,4730000
2022-07-18,1.1699999570846558,1.2200000286102295,1.149999976158142,1.2000000476837158,1.179677963256836,2370000
2022-07-19,1.1799999475479126,1.190000057220459,1.149999976158142,1.149999976158142,1.1305246353149414,2210000
2022-07-20,1.159999966621399,1.190000057220459,1.159999966621399,1.1699999570846558,1.1501859426498413,2320000
2022-07-21,1.149999976158142,1.159999966621399,1.1299999952316284,1.1399999856948853,1.1206940412521362,1510000
2022-07-22,1.1299999952316284,1.1699999570846558,1.1299999952316284,1.1399999856948853,1.1206940412521362,1330000
2022-07-25,1.1299999952316284,1.1299999952316284,1.100000023841858,1.1299999952316284,1.1108633279800415,3000000
2022-07-26,1.1200000047683716,1.149999976158142,1.1100000143051147,1.1200000047683716,1.1010327339172363,970000
2022-07-27,1.1200000047683716,1.1299999952316284,1.100000023841858,1.100000023841858,1.0813714265823364,1250000
2022-07-28,1.1200000047683716,1.1299999952316284,1.100000023841858,1.100000023841858,1.0813714265823364,1590000
2022-07-29,1.1100000143051147,1.1100000143051147,1.0499999523162842,1.0700000524520874,1.0518795251846313,2700000
2022-08-01,1.0499999523162842,1.090000033378601,1.0,1.0800000429153442,1.061710238456726,7320000
2022-08-02,1.0800000429153442,1.0800000429153442,1.0,1.0299999713897705,1.0125569105148315,5610000
2022-08-03,1.0299999713897705,1.0700000524520874,1.0099999904632568,1.0299999713897705,1.0125569105148315,2540000
2022-08-04,1.0399999618530273,1.059999942779541,1.0399999618530273,1.0499999523162842,1.032218098640442,1820000
2022-08-05,1.0499999523162842,1.059999942779541,1.0399999618530273,1.059999942779541,1.042048692703247,730000
2022-08-08,1.0800000429153442,1.0800000429153442,1.0399999618530273,1.0399999618530273,1.0223875045776367,920888
2022-08-09,1.0499999523162842,1.0700000524520874,1.0299999713897705,1.0399999618530273,1.0223875045776367,1150000
2022-08-10,1.0299999713897705,1.0399999618530273,1.0099999904632568,1.0199999809265137,1.0027261972427368,1560000
2022-08-11,1.0299999713897705,1.0499999523162842,1.0299999713897705,1.0399999618530273,1.0223875045776367,870000
2022-08-12,1.0399999618530273,1.0800000429153442,1.0299999713897705,1.0700000524520874,1.0518795251846313,2500000
2022-08-15,1.0499999523162842,1.0700000524520874,1.0399999618530273,1.0399999618530273,1.0223875045776367,1090000
2022-08-16,1.0399999618530273,1.059999942779541,1.0299999713897705,1.0399999618530273,1.0223875045776367,1370815
2022-08-17,1.0399999618530273,1.0399999618530273,1.0199999809265137,1.0299999713897705,1.0125569105148315,630000
2022-08-18,1.0299999713897705,1.0499999523162842,1.0199999809265137,1.0399999618530273,1.0223875045776367,910000
2022-08-19,1.0399999618530273,1.100000023841858,1.0399999618530273,1.059999942779541,1.042048692703247,2038978
2022-08-22,1.0499999523162842,1.090000033378601,1.0499999523162842,1.0700000524520874,1.0518795251846313,2080000
2022-08-23,1.0700000524520874,1.0700000524520874,1.0499999523162842,1.0700000524520874,1.0518795251846313,1250000
2022-08-24,1.0499999523162842,1.0499999523162842,1.0199999809265137,1.0199999809265137,1.0027261972427368,1770000
2022-08-25,1.0199999809265137,1.0299999713897705,0.9900000095367432,1.0299999713897705,1.0125569105148315,1840000
2022-08-26,1.0299999713897705,1.0399999618530273,1.0199999809265137,1.0299999713897705,1.0125569105148315,520000
2022-08-29,1.0099999904632568,1.0499999523162842,1.0099999904632568,1.0399999618530273,1.0223875045776367,1030000
2022-08-30,1.0099999904632568,1.0399999618530273,1.0099999904632568,1.0199999809265137,1.0027261972427368,750000
2022-08-31,1.0199999809265137,1.059999942779541,1.0099999904632568,1.0399999618530273,1.0223875045776367,2710507
2022-09-01,1.0299999713897705,1.059999942779541,1.0299999713897705,1.0299999713897705,1.0125569105148315,1560000
2022-09-02,1.0399999618530273,1.0499999523162842,1.0,1.0,0.9830649495124817,4060000
2022-09-05,1.0,1.0099999904632568,0.9800000190734863,0.9900000095367432,0.9732342958450317,2630000
2022-09-06,1.0099999904632568,1.0099999904632568,0.9900000095367432,1.0,0.9830649495124817,300000
2022-09-07,1.0,1.0199999809265137,0.9800000190734863,1.0199999809265137,1.0027261972427368,1050000
2022-09-08,1.0199999809265137,1.0399999618530273,1.0,1.0,0.9830649495124817,2196808
2022-09-09,1.0,1.0399999618530273,1.0,1.0099999904632568,0.9928955435752869,2510000
2022-09-13,1.0099999904632568,1.0499999523162842,1.0099999904632568,1.0399999618530273,1.0223875045776367,1470000
2022-09-14,1.0399999618530273,1.0399999618530273,1.0,1.0199999809265137,1.0027261972427368,1120000
2022-09-15,1.0199999809265137,1.0199999809265137,0.9800000190734863,0.9900000095367432,0.9732342958450317,1420000
2022-09-16,0.9900000095367432,0.9900000095367432,0.9700000286102295,0.9800000190734863,0.9634036421775818,1450000
2022-09-19,0.9700000286102295,0.9800000190734863,0.8999999761581421,0.9200000166893005,0.9044197797775269,2030000
2022-09-20,0.9300000071525574,0.9800000190734863,0.9300000071525574,0.9599999785423279,0.9437422752380371,1372000
2022-09-21,0.949999988079071,0.949999988079071,0.8999999761581421,0.9100000262260437,0.8945891261100769,2200000
2022-09-22,0.9100000262260437,0.9100000262260437,0.8700000047683716,0.8799999952316284,0.8650971055030823,2375000
2022-09-23,0.8799999952316284,0.8799999952316284,0.8399999737739563,0.8799999952316284,0.8650971055030823,1660000
2022-09-26,0.8799999952316284,0.8999999761581421,0.8700000047683716,0.8899999856948853,0.8749277591705322,1520000
2022-09-27,0.8899999856948853,0.9599999785423279,0.8899999856948853,0.9200000166893005,0.9044197797775269,1200000
2022-09-28,0.9200000166893005,0.9200000166893005,0.8600000143051147,0.8700000047683716,0.8552664518356323,2538750
2022-09-29,0.8999999761581421,0.9100000262260437,0.800000011920929,0.8199999928474426,0.8061131834983826,3020000
2022-09-30,0.8199999928474426,0.8199999928474426,0.7799999713897705,0.7799999713897705,0.7667906284332275,1450000
2022-10-03,0.7799999713897705,0.800000011920929,0.7400000095367432,0.7699999809265137,0.7569599747657776,1100000
2022-10-05,0.8299999833106995,0.8500000238418579,0.8100000023841858,0.8199999928474426,0.8061131834983826,2040000
2022-10-06,0.8399999737739563,0.8399999737739563,0.7900000214576721,0.8100000023841858,0.7962825894355774,420000
2022-10-07,0.7900000214576721,0.7900000214576721,0.7699999809265137,0.7799999713897705,0.7667906284332275,1310000
2022-10-10,0.800000011920929,0.800000011920929,0.75,0.75,0.7372987270355225,1600000
2022-10-11,0.75,0.7699999809265137,0.7400000095367432,0.7400000095367432,0.7274680137634277,1340000
2022-10-12,0.7400000095367432,0.7599999904632568,0.7099999785423279,0.7300000190734863,0.7176374197006226,1710000
2022-10-13,0.7099999785423279,0.75,0.6899999976158142,0.6899999976158142,0.6783148050308228,2410000
2022-10-14,0.699999988079071,0.7300000190734863,0.699999988079071,0.699999988079071,0.6881454586982727,1600000
2022-10-17,0.699999988079071,0.7099999785423279,0.6899999976158142,0.7099999785423279,0.6979760527610779,1440000
2022-10-18,0.7300000190734863,0.75,0.7099999785423279,0.7400000095367432,0.7274680137634277,1624595
2022-10-19,0.7400000095367432,0.7599999904632568,0.7099999785423279,0.7200000286102295,0.7078067660331726,1572500
2022-10-20,0.7099999785423279,0.7200000286102295,0.6899999976158142,0.699999988079071,0.6881454586982727,1470000
2022-10-21,0.699999988079071,0.699999988079071,0.6800000071525574,0.6800000071525574,0.6684842109680176,1430000
2022-10-24,0.6800000071525574,0.699999988079071,0.6100000143051147,0.6200000047683716,0.6095002889633179,3480000
2022-10-25,0.6200000047683716,0.6499999761581421,0.6100000143051147,0.6399999856948853,0.629161536693573,2250000
2022-10-26,0.6399999856948853,0.6800000071525574,0.6299999952316284,0.6800000071525574,0.6684842109680176,1520000
2022-10-27,0.6700000166893005,0.7099999785423279,0.6700000166893005,0.6800000071525574,0.6684842109680176,1550000
2022-10-28,0.6800000071525574,0.6800000071525574,0.6299999952316284,0.6399999856948853,0.629161536693573,800000
2022-10-31,0.6399999856948853,0.6600000262260437,0.6299999952316284,0.6399999856948853,0.629161536693573,600000
2022-11-01,0.6399999856948853,0.6700000166893005,0.6299999952316284,0.6600000262260437,0.6488228440284729,1326000
2022-11-02,0.6600000262260437,0.6800000071525574,0.6399999856948853,0.6800000071525574,0.6684842109680176,690001
2022-11-03,0.6700000166893005,0.6899999976158142,0.6499999761581421,0.6800000071525574,0.6684842109680176,1022500
2022-11-04,0.6800000071525574,0.7400000095367432,0.6800000071525574,0.7099999785423279,0.6979760527610779,5406407
2022-11-07,0.7200000286102295,0.75,0.7099999785423279,0.75,0.7372987270355225,3120000
2022-11-08,0.7599999904632568,0.7599999904632568,0.7200000286102295,0.7300000190734863,0.7176374197006226,2000000
2022-11-09,0.7300000190734863,0.7300000190734863,0.7099999785423279,0.7200000286102295,0.7078067660331726,650000
2022-11-10,0.7099999785423279,0.7099999785423279,0.6800000071525574,0.6899999976158142,0.6783148050308228,881000
2022-11-11,0.7099999785423279,0.7300000190734863,0.6899999976158142,0.7200000286102295,0.7078067660331726,2960000
2022-11-14,0.7200000286102295,0.7599999904632568,0.7200000286102295,0.75,0.7372987270355225,4180000
2022-11-15,0.7699999809265137,0.8299999833106995,0.7599999904632568,0.8299999833106995,0.8159438967704773,8210000
2022-11-16,0.8500000238418579,0.8899999856948853,0.800000011920929,0.8299999833106995,0.8159438967704773,4420000
2022-11-17,0.8100000023841858,0.8199999928474426,0.7799999713897705,0.8100000023841858,0.7962825894355774,3610000
2022-11-18,0.8100000023841858,0.8199999928474426,0.75,0.7900000214576721,0.7766212821006775,1997000
2022-11-21,0.7599999904632568,0.800000011920929,0.75,0.7900000214576721,0.7766212821006775,1030000
2022-11-22,0.7699999809265137,0.7900000214576721,0.75,0.7699999809265137,0.7569599747657776,1040000
2022-11-23,0.7699999809265137,0.7799999713897705,0.75,0.7699999809265137,0.7569599747657776,860000
2022-11-24,0.7900000214576721,0.800000011920929,0.7699999809265137,0.7799999713897705,0.7667906284332275,790000
2022-11-25,0.7699999809265137,0.7900000214576721,0.7599999904632568,0.7699999809265137,0.7569599747657776,710000
2022-11-28,0.7599999904632568,0.7699999809265137,0.7200000286102295,0.7699999809265137,0.7569599747657776,1750000
2022-11-29,0.7599999904632568,0.800000011920929,0.7599999904632568,0.800000011920929,0.7864519357681274,2720000
2022-11-30,0.800000011920929,0.8600000143051147,0.7799999713897705,0.8500000238418579,0.8356052041053772,6790000
2022-12-01,0.9200000166893005,0.9200000166893005,0.8299999833106995,0.8399999737739563,0.8257745504379272,6490000
2022-12-02,0.8299999833106995,0.8500000238418579,0.8199999928474426,0.8399999737739563,0.8257745504379272,1060002
2022-12-05,0.8600000143051147,0.8799999952316284,0.8399999737739563,0.8600000143051147,0.8454358577728271,5220002
2022-12-06,0.8600000143051147,0.8999999761581421,0.8399999737739563,0.8600000143051147,0.8454358577728271,2760101
2022-12-07,0.8600000143051147,0.9599999785423279,0.8500000238418579,0.9100000262260437,0.8945891261100769,11833200
2022-12-08,0.9100000262260437,0.9399999976158142,0.9100000262260437,0.9200000166893005,0.9044197797775269,3780000
2022-12-09,0.9300000071525574,0.949999988079071,0.9100000262260437,0.9200000166893005,0.9044197797775269,3464000
2022-12-12,0.9300000071525574,1.0099999904632568,0.9300000071525574,0.949999988079071,0.9339116215705872,5520000
2022-12-13,0.949999988079071,0.9700000286102295,0.9300000071525574,0.949999988079071,0.9339116215705872,2020000
2022-12-14,0.9599999785423279,0.9800000190734863,0.9300000071525574,0.949999988079071,0.9339116215705872,1530000
2022-12-15,0.9300000071525574,0.9399999976158142,0.9100000262260437,0.9200000166893005,0.9044197797775269,850000
2022-12-16,0.9300000071525574,0.9399999976158142,0.9100000262260437,0.9200000166893005,0.9044197797775269,1530000
2022-12-19,0.8999999761581421,0.9300000071525574,0.8799999952316284,0.8799999952316284,0.8650971055030823,1425000
2022-12-20,0.8899999856948853,0.9100000262260437,0.8600000143051147,0.8600000143051147,0.8454358577728271,1190000
2022-12-21,0.8799999952316284,0.8899999856948853,0.8600000143051147,0.8799999952316284,0.8650971055030823,960000
2022-12-22,0.8799999952316284,0.9200000166893005,0.8799999952316284,0.8999999761581421,0.8847584128379822,1190000
2022-12-23,0.8899999856948853,0.8899999856948853,0.8399999737739563,0.8799999952316284,0.8650971055030823,1253000
2022-12-28,0.8799999952316284,0.8799999952316284,0.8399999737739563,0.8600000143051147,0.8454358577728271,1860000
2022-12-29,0.8600000143051147,0.8600000143051147,0.8299999833106995,0.8399999737739563,0.8257745504379272,1460000
2022-12-30,0.8600000143051147,0.8600000143051147,0.8199999928474426,0.8500000238418579,0.8356052041053772,850000
2023-01-03,0.8299999833106995,0.8700000047683716,0.8299999833106995,0.8600000143051147,0.8454358577728271,2060000
2023-01-04,0.8600000143051147,0.8700000047683716,0.8299999833106995,0.8700000047683716,0.8552664518356323,1360000
2023-01-05,0.8700000047683716,0.9100000262260437,0.8700000047683716,0.8799999952316284,0.8650971055030823,1635000
2023-01-06,0.8799999952316284,0.8899999856948853,0.8600000143051147,0.8600000143051147,0.8454358577728271,930000
2023-01-09,0.8700000047683716,0.9100000262260437,0.8700000047683716,0.8999999761581421,0.8847584128379822,2410000
2023-01-10,0.9300000071525574,0.9599999785423279,0.8999999761581421,0.9399999976158142,0.924081027507782,4180000
2023-01-11,0.9399999976158142,0.9399999976158142,0.8899999856948853,0.8999999761581421,0.8847584128379822,2100000
2023-01-12,0.9100000262260437,0.949999988079071,0.8999999761581421,0.8999999761581421,0.8847584128379822,3320000
2023-01-13,0.8999999761581421,0.9100000262260437,0.8799999952316284,0.8899999856948853,0.8749277591705322,1089000
2023-01-16,0.8899999856948853,0.8999999761581421,0.8799999952316284,0.8899999856948853,0.8749277591705322,1140000
2023-01-17,0.8899999856948853,0.8899999856948853,0.8600000143051147,0.8799999952316284,0.8650971055030823,660000
2023-01-18,0.8799999952316284,0.8999999761581421,0.8700000047683716,0.8999999761581421,0.8847584128379822,1070000
2023-01-19,0.8999999761581421,0.8999999761581421,0.8700000047683716,0.8899999856948853,0.8749277591705322,580000
2023-01-20,0.8899999856948853,0.8999999761581421,0.8799999952316284,0.8999999761581421,0.8847584128379822,815000
2023-01-26,0.8999999761581421,0.9399999976158142,0.8999999761581421,0.9200000166893005,0.9044197797775269,4188119
2023-01-27,0.9300000071525574,0.9399999976158142,0.9100000262260437,0.9399999976158142,0.924081027507782,1940000
2023-01-30,0.9399999976158142,1.0,0.9200000166893005,0.9300000071525574,0.914250373840332,5339730
2023-01-31,0.9200000166893005,0.9399999976158142,0.9100000262260437,0.9100000262260437,0.8945891261100769,1965000
2023-02-01,0.9100000262260437,1.0499999523162842,0.9100000262260437,1.0099999904632568,0.9928955435752869,15960000
2023-02-02,1.0099999904632568,1.0199999809265137,0.9700000286102295,0.9800000190734863,0.9634036421775818,3480000
2023-02-03,0.9800000190734863,0.9900000095367432,0.9599999785423279,0.9800000190734863,0.9634036421775818,1582000
2023-02-06,0.9599999785423279,0.9599999785423279,0.9200000166893005,0.9300000071525574,0.914250373840332,2901800
2023-02-07,0.9399999976158142,0.9599999785423279,0.9200000166893005,0.9399999976158142,0.924081027507782,1190000
2023-02-08,0.9300000071525574,0.9399999976158142,0.9200000166893005,0.9300000071525574,0.914250373840332,900000
2023-02-09,0.9300000071525574,0.949999988079071,0.9300000071525574,0.949999988079071,0.9339116215705872,900000
2023-02-10,0.949999988079071,0.949999988079071,0.9100000262260437,0.9200000166893005,0.9044197797775269,2380000
2023-02-13,0.9200000166893005,0.9200000166893005,0.9100000262260437,0.9200000166893005,0.9044197797775269,840000
2023-02-14,0.9200000166893005,0.949999988079071,0.8999999761581421,0.9300000071525574,0.914250373840332,2040000
2023-02-15,0.9300000071525574,0.9300000071525574,0.9100000262260437,0.9100000262260437,0.8945891261100769,590000
2023-02-16,0.9100000262260437,0.9399999976158142,0.9100000262260437,0.9200000166893005,0.9044197797775269,1100000
2023-02-17,0.9200000166893005,0.9300000071525574,0.9100000262260437,0.9300000071525574,0.914250373840332,700000
2023-02-20,0.9200000166893005,0.9300000071525574,0.8999999761581421,0.9200000166893005,0.9044197797775269,1860000
2023-02-21,0.9200000166893005,0.9300000071525574,0.8999999761581421,0.9100000262260437,0.8945891261100769,1050000
2023-02-22,0.9800000190734863,1.0800000429153442,0.949999988079071,0.9599999785423279,0.9437422752380371,15130000
2023-02-23,0.9800000190734863,0.9800000190734863,0.949999988079071,0.9700000286102295,0.9535730481147766,1210000
2023-02-24,0.9399999976158142,0.949999988079071,0.9300000071525574,0.9399999976158142,0.924081027507782,2540000
2023-02-27,0.9200000166893005,0.949999988079071,0.9100000262260437,0.9100000262260437,0.8945891261100769,880000
2023-02-28,0.9200000166893005,0.9300000071525574,0.9100000262260437,0.9300000071525574,0.914250373840332,850000
2023-03-01,0.9300000071525574,0.9900000095367432,0.9300000071525574,0.9800000190734863,0.9634036421775818,3520000
2023-03-02,0.9800000190734863,0.9800000190734863,0.9300000071525574,0.9399999976158142,0.924081027507782,1575000
2023-03-03,0.9399999976158142,0.9399999976158142,0.9200000166893005,0.9300000071525574,0.914250373840332,1410000
2023-03-06,0.9300000071525574,0.9399999976158142,0.9100000262260437,0.9300000071525574,0.914250373840332,1000000
2023-03-07,0.9300000071525574,0.9300000071525574,0.8999999761581421,0.9200000166893005,0.9044197797775269,1630000
2023-03-08,0.8999999761581421,0.9100000262260437,0.8899999856948853,0.8999999761581421,0.8847584128379822,1410000
2023-03-09,0.8899999856948853,0.9100000262260437,0.8799999952316284,0.8899999856948853,0.8749277591705322,1060000
2023-03-10,0.8799999952316284,0.8899999856948853,0.8500000238418579,0.8500000238418579,0.8356052041053772,2230000
2023-03-13,0.8500000238418579,0.8500000238418579,0.8199999928474426,0.8500000238418579,0.8356052041053772,1820000
2023-03-14,0.8399999737739563,0.8399999737739563,0.800000011920929,0.800000011920929,0.7864519357681274,990000
2023-03-15,0.800000011920929,0.8399999737739563,0.800000011920929,0.8399999737739563,0.8257745504379272,1440000
2023-03-16,0.800000011920929,0.8399999737739563,0.800000011920929,0.8199999928474426,0.8061131834983826,940000
2023-03-17,0.8399999737739563,0.8500000238418579,0.8299999833106995,0.8299999833106995,0.8159438967704773,720000
2023-03-20,0.8299999833106995,0.8399999737739563,0.8199999928474426,0.8199999928474426,0.8061131834983826,960000
2023-03-21,0.8199999928474426,0.8399999737739563,0.8199999928474426,0.8299999833106995,0.8159438967704773,210000
2023-03-22,0.8399999737739563,0.8700000047683716,0.8399999737739563,0.8399999737739563,0.8257745504379272,1376820
2023-03-23,0.8399999737739563,0.8700000047683716,0.8299999833106995,0.8700000047683716,0.8552664518356323,950000
2023-03-24,0.8700000047683716,0.8700000047683716,0.8500000238418579,0.8600000143051147,0.8454358577728271,450000
2023-03-27,0.8500000238418579,0.8799999952316284,0.8399999737739563,0.8500000238418579,0.8356052041053772,1116000
2023-03-28,0.8600000143051147,0.8899999856948853,0.8500000238418579,0.8799999952316284,0.8650971055030823,1550360
2023-03-29,0.8899999856948853,0.9100000262260437,0.8700000047683716,0.8700000047683716,0.8552664518356323,780000
2023-03-30,0.8700000047683716,0.8700000047683716,0.8600000143051147,0.8700000047683716,0.8552664518356323,690000
2023-03-31,0.8799999952316284,0.8899999856948853,0.8600000143051147,0.8600000143051147,0.8454358577728271,992000
2023-04-03,0.8700000047683716,0.8799999952316284,0.800000011920929,0.8399999737739563,0.8257745504379272,2120000
2023-04-04,0.8399999737739563,0.8600000143051147,0.8100000023841858,0.8299999833106995,0.8159438967704773,1920000
2023-04-06,0.8299999833106995,0.8299999833106995,0.7900000214576721,0.8199999928474426,0.8061131834983826,2210000
2023-04-11,0.8199999928474426,0.8199999928474426,0.8100000023841858,0.8100000023841858,0.7962825894355774,1900000
2023-04-12,0.8100000023841858,0.8100000023841858,0.800000011920929,0.8100000023841858,0.7962825894355774,980000
2023-04-13,0.800000011920929,0.8100000023841858,0.7799999713897705,0.800000011920929,0.7864519357681274,1240000
2023-04-14,0.8100000023841858,0.8199999928474426,0.8100000023841858,0.8199999928474426,0.8061131834983826,1182500
2023-04-17,0.8199999928474426,0.8500000238418579,0.8100000023841858,0.8399999737739563,0.8257745504379272,960000
2023-04-18,0.8399999737739563,0.8600000143051147,0.8199999928474426,0.8199999928474426,0.8061131834983826,580000
2023-04-19,0.800000011920929,0.8299999833106995,0.800000011920929,0.8100000023841858,0.7962825894355774,695000
2023-04-20,0.8100000023841858,0.8199999928474426,0.800000011920929,0.8100000023841858,0.7962825894355774,540061
2023-04-21,0.8100000023841858,0.8100000023841858,0.7799999713897705,0.7799999713897705,0.7667906284332275,1670000
2023-04-24,0.7799999713897705,0.800000011920929,0.7699999809265137,0.7799999713897705,0.7667906284332275,910000
2023-04-25,0.7699999809265137,0.7799999713897705,0.7599999904632568,0.7799999713897705,0.7667906284332275,740000
2023-04-26,0.7799999713897705,0.8100000023841858,0.7799999713897705,0.800000011920929,0.7864519357681274,700000
2023-04-27,0.7900000214576721,0.7900000214576721,0.7799999713897705,0.7799999713897705,0.7667906284332275,600000
2023-04-28,0.7900000214576721,0.800000011920929,0.7799999713897705,0.7900000214576721,0.7766212821006775,870000
2023-05-02,0.7900000214576721,0.8199999928474426,0.7599999904632568,0.7599999904632568,0.7471293807029724,3180000
2023-05-03,0.75,0.7599999904632568,0.7300000190734863,0.7400000095367432,0.7274680137634277,970000
2023-05-04,0.75,0.7599999904632568,0.7400000095367432,0.75,0.7372987270355225,1017518
2023-05-05,0.75,0.7799999713897705,0.75,0.7699999809265137,0.7569599747657776,1660000
2023-05-08,0.7799999713897705,0.7900000214576721,0.7699999809265137,0.7699999809265137,0.7569599747657776,950000
2023-05-09,0.7599999904632568,0.7799999713897705,0.7599999904632568,0.7599999904632568,0.7471293807029724,791000
2023-05-10,0.7400000095367432,0.7599999904632568,0.7300000190734863,0.75,0.7372987270355225,680000
2023-05-11,0.7400000095367432,0.75,0.7300000190734863,0.75,0.7372987270355225,1070000
2023-05-12,0.75,0.7699999809265137,0.75,0.7599999904632568,0.7471293807029724,850000
2023-05-15,0.7799999713897705,0.7799999713897705,0.75,0.7699999809265137,0.7569599747657776,840000
2023-05-16,0.7599999904632568,0.800000011920929,0.75,0.7799999713897705,0.7667906284332275,690000
2023-05-17,0.7599999904632568,0.7599999904632568,0.75,0.7599999904632568,0.7471293807029724,1080000
2023-05-18,0.7599999904632568,0.7699999809265137,0.75,0.7599999904632568,0.7471293807029724,480000
2023-05-19,0.75,0.75,0.7200000286102295,0.7400000095367432,0.7274680137634277,770000
2023-05-22,0.7400000095367432,0.7900000214576721,0.7300000190734863,0.7799999713897705,0.7667906284332275,1260000
2023-05-23,0.7699999809265137,0.7699999809265137,0.7200000286102295,0.7300000190734863,0.7176374197006226,1050000
2023-05-24,0.7400000095367432,0.7400000095367432,0.7200000286102295,0.7300000190734863,0.7176374197006226,560000
2023-05-25,0.7300000190734863,0.7300000190734863,0.6899999976158142,0.6899999976158142,0.6783148050308228,980000
2023-05-29,0.7200000286102295,0.7200000286102295,0.6800000071525574,0.6800000071525574,0.6684842109680176,844500
2023-05-30,0.6600000262260437,0.7200000286102295,0.6600000262260437,0.6899999976158142,0.6783148050308228,580000
2023-05-31,0.6899999976158142,0.7099999785423279,0.6700000166893005,0.6700000166893005,0.6586534976959229,1500000
2023-06-01,0.6800000071525574,0.699999988079071,0.6800000071525574,0.699999988079071,0.6881454586982727,520000
2023-06-02,0.699999988079071,0.7200000286102295,0.699999988079071,0.699999988079071,0.6881454586982727,760000
2023-06-05,0.7200000286102295,0.7900000214576721,0.699999988079071,0.75,0.7372987270355225,3000000
2023-06-06,0.7799999713897705,0.7799999713897705,0.7400000095367432,0.7400000095367432,0.7274680137634277,1200000
2023-06-07,0.7400000095367432,0.75,0.7400000095367432,0.75,0.7372987270355225,164000
2023-06-08,0.7599999904632568,0.7599999904632568,0.7300000190734863,0.7300000190734863,0.7176374197006226,490000
2023-06-09,0.7400000095367432,0.7699999809265137,0.7400000095367432,0.75,0.7372987270355225,1240000
2023-06-12,0.75,0.7699999809265137,0.7300000190734863,0.7400000095367432,0.7274680137634277,1090000
2023-06-13,0.75,0.75,0.7300000190734863,0.7400000095367432,0.7274680137634277,870000
2023-06-14,0.7400000095367432,0.7599999904632568,0.7400000095367432,0.75,0.7372987270355225,820000
2023-06-15,0.75,0.7599999904632568,0.7300000190734863,0.7599999904632568,0.7501298785209656,1064338
2023-06-16,0.7599999904632568,0.7799999713897705,0.7599999904632568,0.7699999809265137,0.7599999904632568,1710000
2023-06-19,0.7599999904632568,0.7699999809265137,0.75,0.75,0.7402597665786743,850000
2023-06-20,0.75,0.75,0.7400000095367432,0.7400000095367432,0.7303895950317383,750000
2023-06-21,0.7400000095367432,0.7400000095367432,0.7200000286102295,0.7200000286102295,0.7106493711471558,480000
2023-06-23,0.7200000286102295,0.7200000286102295,0.699999988079071,0.699999988079071,0.6909090876579285,400000
2023-06-26,0.7099999785423279,0.7400000095367432,0.7099999785423279,0.7099999785423279,0.7007791996002197,660000
2023-06-27,0.7099999785423279,0.7200000286102295,0.699999988079071,0.7099999785423279,0.7007791996002197,610000
2023-06-28,0.699999988079071,0.7099999785423279,0.699999988079071,0.699999988079071,0.6909090876579285,900000
2023-06-29,0.699999988079071,0.699999988079071,0.6899999976158142,0.699999988079071,0.6909090876579285,570000
2023-06-30,0.7099999785423279,0.7200000286102295,0.7099999785423279,0.7200000286102295,0.7106493711471558,1400000
2023-07-03,0.7300000190734863,0.7599999904632568,0.7200000286102295,0.75,0.7402597665786743,2530000
2023-07-04,0.75,0.7599999904632568,0.7400000095367432,0.75,0.7402597665786743,330000
2023-07-05,0.75,0.75,0.7300000190734863,0.7400000095367432,0.7303895950317383,240000
2023-07-06,0.7200000286102295,0.7300000190734863,0.7099999785423279,0.7200000286102295,0.7106493711471558,540000
2023-07-07,0.7200000286102295,0.7200000286102295,0.699999988079071,0.699999988079071,0.6909090876579285,775000
2023-07-10,0.7099999785423279,0.7300000190734863,0.699999988079071,0.7099999785423279,0.7007791996002197,310000
2023-07-11,0.7200000286102295,0.7300000190734863,0.7200000286102295,0.7200000286102295,0.7106493711471558,620000
2023-07-12,0.7200000286102295,0.7400000095367432,0.7099999785423279,0.7099999785423279,0.7007791996002197,920000
2023-07-13,0.7099999785423279,0.7300000190734863,0.7099999785423279,0.7200000286102295,0.7106493711471558,811000
2023-07-14,0.7200000286102295,0.7200000286102295,0.7099999785423279,0.7099999785423279,0.7007791996002197,800000
2023-07-18,0.7099999785423279,0.7200000286102295,0.7099999785423279,0.7099999785423279,0.7007791996002197,555000
2023-07-19,0.7099999785423279,0.7400000095367432,0.699999988079071,0.7400000095367432,0.7303895950317383,2410000
2023-07-20,0.7200000286102295,0.7400000095367432,0.6899999976158142,0.6899999976158142,0.6810389757156372,2840000
2023-07-21,0.6899999976158142,0.7099999785423279,0.6700000166893005,0.6899999976158142,0.6810389757156372,1354000
2023-07-24,0.699999988079071,0.7099999785423279,0.6700000166893005,0.6700000166893005,0.6612986922264099,1330000
2023-07-25,0.6800000071525574,0.7099999785423279,0.6800000071525574,0.7099999785423279,0.7007791996002197,2099600
2023-07-26,0.699999988079071,0.7099999785423279,0.699999988079071,0.7099999785423279,0.7007791996002197,1040000
2023-07-27,0.7300000190734863,0.7400000095367432,0.7200000286102295,0.7300000190734863,0.720519483089447,3762822
2023-07-28,0.7200000286102295,0.75,0.7200000286102295,0.7200000286102295,0.7106493711471558,2260000
2023-07-31,0.7300000190734863,0.7799999713897705,0.7300000190734863,0.75,0.7402597665786743,8060000
2023-08-01,0.7599999904632568,0.7799999713897705,0.7599999904632568,0.7699999809265137,0.7599999904632568,2915000
2023-08-02,0.75,0.7799999713897705,0.75,0.7799999713897705,0.7698701024055481,1600000
2023-08-03,0.7799999713897705,0.7900000214576721,0.7300000190734863,0.7400000095367432,0.7303895950317383,1350000
2023-08-04,0.75,0.7599999904632568,0.7300000190734863,0.75,0.7402597665786743,980000
2023-08-07,0.75,0.7599999904632568,0.7300000190734863,0.7300000190734863,0.720519483089447,1123700
2023-08-08,0.7300000190734863,0.7400000095367432,0.7200000286102295,0.7200000286102295,0.7106493711471558,1060000
2023-08-09,0.7200000286102295,0.7300000190734863,0.7099999785423279,0.7200000286102295,0.7106493711471558,1300000
2023-08-10,0.7200000286102295,0.7200000286102295,0.7099999785423279,0.7099999785423279,0.7007791996002197,370000
2023-08-11,0.7099999785423279,0.7200000286102295,0.699999988079071,0.7200000286102295,0.7106493711471558,1670000
2023-08-14,0.7099999785423279,0.7200000286102295,0.699999988079071,0.699999988079071,0.6909090876579285,820000
2023-08-15,0.699999988079071,0.7099999785423279,0.699999988079071,0.7099999785423279,0.7007791996002197,270000
2023-08-16,0.7300000190734863,0.7300000190734863,0.6899999976158142,0.699999988079071,0.6909090876579285,990000
2023-08-17,0.6899999976158142,0.699999988079071,0.6800000071525574,0.6899999976158142,0.6810389757156372,1180000
2023-08-18,0.6899999976158142,0.6899999976158142,0.6800000071525574,0.6800000071525574,0.671168863773346,270000
2023-08-21,0.6800000071525574,0.6800000071525574,0.6399999856948853,0.6600000262260437,0.6514285802841187,2110000
2023-08-22,0.6600000262260437,0.6700000166893005,0.6499999761581421,0.6700000166893005,0.6612986922264099,1050000
2023-08-23,0.6499999761581421,0.6700000166893005,0.6499999761581421,0.6600000262260437,0.6514285802841187,860000
2023-08-24,0.6499999761581421,0.6800000071525574,0.6499999761581421,0.6800000071525574,0.671168863773346,808000
2023-08-25,0.6800000071525574,0.6899999976158142,0.6600000262260437,0.6700000166893005,0.6612986922264099,380000
2023-08-28,0.6700000166893005,0.699999988079071,0.6700000166893005,0.6700000166893005,0.6612986922264099,1220000
2023-08-29,0.6700000166893005,0.6700000166893005,0.6499999761581421,0.6700000166893005,0.6612986922264099,2930000
2023-08-30,0.6600000262260437,0.6700000166893005,0.6499999761581421,0.6499999761581421,0.6415584087371826,2077500
2023-08-31,0.6499999761581421,0.6600000262260437,0.6399999856948853,0.6499999761581421,0.6415584087371826,833100
2023-09-04,0.6499999761581421,0.6700000166893005,0.6499999761581421,0.6700000166893005,0.6612986922264099,1200000
2023-09-05,0.6600000262260437,0.6700000166893005,0.6499999761581421,0.6499999761581421,0.6415584087371826,1090000
2023-09-06,0.6499999761581421,0.6600000262260437,0.6399999856948853,0.6499999761581421,0.6415584087371826,1350000
2023-09-07,0.6499999761581421,0.6600000262260437,0.6200000047683716,0.6299999952316284,0.6218181848526001,2430000
2023-09-11,0.6299999952316284,0.6399999856948853,0.6200000047683716,0.6299999952316284,0.6218181848526001,1990080
2023-09-12,0.6299999952316284,0.6299999952316284,0.6100000143051147,0.6200000047683716,0.6119480729103088,2220000
2023-09-13,0.6100000143051147,0.6200000047683716,0.6000000238418579,0.6100000143051147,0.6020779609680176,2000000
2023-09-14,0.6100000143051147,0.6100000143051147,0.6000000238418579,0.6100000143051147,0.6020779609680176,520000
2023-09-15,0.6100000143051147,0.6100000143051147,0.6000000238418579,0.6000000238418579,0.5922077894210815,2354050
2023-09-18,0.6000000238418579,0.6000000238418579,0.5899999737739563,0.5899999737739563,0.5823376178741455,1030000
2023-09-19,0.5899999737739563,0.6000000238418579,0.5899999737739563,0.5899999737739563,0.5823376178741455,783000
2023-09-20,0.5899999737739563,0.5899999737739563,0.5699999928474426,0.5799999833106995,0.5724675059318542,1805000
2023-09-21,0.5699999928474426,0.5699999928474426,0.5600000023841858,0.5699999928474426,0.562597393989563,880000
2023-09-22,0.550000011920929,0.5799999833106995,0.550000011920929,0.5699999928474426,0.562597393989563,1510000
2023-09-25,0.5699999928474426,0.5699999928474426,0.550000011920929,0.550000011920929,0.5428571701049805,410000
2023-09-26,0.5600000023841858,0.5699999928474426,0.550000011920929,0.550000011920929,0.5428571701049805,410000
2023-09-27,0.550000011920929,0.550000011920929,0.5400000214576721,0.550000011920929,0.5428571701049805,950000
2023-09-28,0.5400000214576721,0.550000011920929,0.5299999713897705,0.5400000214576721,0.5329870581626892,970000
2023-09-29,0.5699999928474426,0.5699999928474426,0.5400000214576721,0.550000011920929,0.5428571701049805,580000
2023-10-03,0.5299999713897705,0.5400000214576721,0.5299999713897705,0.5400000214576721,0.5329870581626892,390000
2023-10-04,0.5400000214576721,0.5400000214576721,0.5099999904632568,0.5299999713897705,0.5231168270111084,650000
2023-10-05,0.5299999713897705,0.5699999928474426,0.5299999713897705,0.5400000214576721,0.5329870581626892,990000
2023-10-06,0.5400000214576721,0.5400000214576721,0.5299999713897705,0.5400000214576721,0.5329870581626892,120000
2023-10-09,0.5400000214576721,0.5400000214576721,0.5299999713897705,0.5299999713897705,0.5231168270111084,150000
2023-10-10,0.5299999713897705,0.550000011920929,0.5299999713897705,0.550000011920929,0.5428571701049805,1100000
2023-10-11,0.5400000214576721,0.5699999928474426,0.5400000214576721,0.5699999928474426,0.562597393989563,770000
2023-10-12,0.5899999737739563,0.6100000143051147,0.5799999833106995,0.5899999737739563,0.5823376178741455,1317000
2023-10-13,0.5799999833106995,0.5899999737739563,0.550000011920929,0.5600000023841858,0.5527272820472717,680000
2023-10-16,0.550000011920929,0.5600000023841858,0.550000011920929,0.5600000023841858,0.5527272820472717,610000
2023-10-17,0.5600000023841858,0.5799999833106995,0.5600000023841858,0.5799999833106995,0.5724675059318542,260000
2023-10-18,0.5799999833106995,0.5799999833106995,0.5400000214576721,0.5600000023841858,0.5527272820472717,1520000
2023-10-19,0.5600000023841858,0.5600000023841858,0.5299999713897705,0.5400000214576721,0.5329870581626892,940000
2023-10-20,0.5199999809265137,0.5299999713897705,0.5199999809265137,0.5199999809265137,0.5132467150688171,640000
2023-10-24,0.5199999809265137,0.5199999809265137,0.5099999904632568,0.5199999809265137,0.5132467150688171,1020000
2023-10-25,0.5299999713897705,0.550000011920929,0.5199999809265137,0.5199999809265137,0.5132467150688171,455000
2023-10-26,0.5199999809265137,0.5299999713897705,0.5199999809265137,0.5199999809265137,0.5132467150688171,350000
2023-10-27,0.5199999809265137,0.5400000214576721,0.5199999809265137,0.5400000214576721,0.5329870581626892,630000
2023-10-30,0.5400000214576721,0.550000011920929,0.5400000214576721,0.5400000214576721,0.5329870581626892,280000
2023-10-31,0.5299999713897705,0.5400000214576721,0.5199999809265137,0.5299999713897705,0.5231168270111084,160000
2023-11-01,0.5299999713897705,0.5299999713897705,0.5199999809265137,0.5299999713897705,0.5231168270111084,380000
2023-11-02,0.5299999713897705,0.5299999713897705,0.5099999904632568,0.5099999904632568,0.5033766031265259,930000
2023-11-03,0.5099999904632568,0.550000011920929,0.5099999904632568,0.5299999713897705,0.5231168270111084,1440000
2023-11-06,0.5400000214576721,0.6299999952316284,0.5400000214576721,0.5799999833106995,0.5724675059318542,5244000
2023-11-07,0.5799999833106995,0.5799999833106995,0.5600000023841858,0.5600000023841858,0.5527272820472717,500000
2023-11-08,0.5699999928474426,0.5699999928474426,0.550000011920929,0.5600000023841858,0.5527272820472717,710000
2023-11-09,0.550000011920929,0.550000011920929,0.49000000953674316,0.5199999809265137,0.5132467150688171,13330000
2023-11-10,0.5099999904632568,0.5299999713897705,0.5,0.5299999713897705,0.5231168270111084,1340000
2023-11-13,0.5299999713897705,0.5299999713897705,0.5099999904632568,0.5199999809265137,0.5132467150688171,1150000
2023-11-14,0.5199999809265137,0.5199999809265137,0.5099999904632568,0.5099999904632568,0.5033766031265259,790000
2023-11-15,0.5199999809265137,0.5299999713897705,0.5099999904632568,0.5199999809265137,0.5132467150688171,702819
2023-11-16,0.5299999713897705,0.5299999713897705,0.5099999904632568,0.5099999904632568,0.5033766031265259,550000
2023-11-17,0.5099999904632568,0.5299999713897705,0.5099999904632568,0.5299999713897705,0.5231168270111084,1030000
2023-11-20,0.550000011920929,0.6000000238418579,0.550000011920929,0.5799999833106995,0.5724675059318542,7860000
2023-11-21,0.5799999833106995,0.5799999833106995,0.550000011920929,0.550000011920929,0.5428571701049805,1670000
2023-11-22,0.550000011920929,0.5600000023841858,0.5400000214576721,0.550000011920929,0.5428571701049805,1420000
2023-11-23,0.5600000023841858,0.5799999833106995,0.550000011920929,0.5699999928474426,0.562597393989563,1870000
2023-11-24,0.5699999928474426,0.5699999928474426,0.5400000214576721,0.5400000214576721,0.5329870581626892,2400000
2023-11-27,0.5400000214576721,0.550000011920929,0.5199999809265137,0.5299999713897705,0.5231168270111084,1750000
2023-11-28,0.5299999713897705,0.5299999713897705,0.5099999904632568,0.5199999809265137,0.5132467150688171,3300000
2023-11-29,0.5199999809265137,0.5199999809265137,0.5099999904632568,0.5099999904632568,0.5033766031265259,1760000
2023-11-30,0.5099999904632568,0.5299999713897705,0.5,0.5099999904632568,0.5033766031265259,9459750
2023-12-01,0.5099999904632568,0.5099999904632568,0.5,0.5,0.4935064911842346,1310000
2023-12-04,0.5,0.5099999904632568,0.49000000953674316,0.49000000953674316,0.48363637924194336,4950000
2023-12-05,0.49000000953674316,0.4950000047683716,0.4749999940395355,0.4749999940395355,0.4688311517238617,2550000
2023-12-06,0.4749999940395355,0.47999998927116394,0.4699999988079071,0.4749999940395355,0.4688311517238617,960000
2023-12-07,0.4749999940395355,0.4749999940395355,0.4300000071525574,0.4449999928474426,0.43922075629234314,5180000
2023-12-08,0.4449999928474426,0.4449999928474426,0.41999998688697815,0.41999998688697815,0.4145454466342926,2860000
2023-12-11,0.41999998688697815,0.41999998688697815,0.39500001072883606,0.4050000011920929,0.3997402489185333,3310000
2023-12-12,0.4050000011920929,0.41499999165534973,0.4050000011920929,0.4050000011920929,0.3997402489185333,1120000
2023-12-13,0.4050000011920929,0.41999998688697815,0.4050000011920929,0.41499999165534973,0.409610390663147,1580000
2023-12-14,0.41499999165534973,0.4449999928474426,0.4099999964237213,0.41499999165534973,0.409610390663147,1900000
2023-12-15,0.42500001192092896,0.4300000071525574,0.41499999165534973,0.41999998688697815,0.4145454466342926,2122000
2023-12-18,0.41999998688697815,0.41999998688697815,0.4000000059604645,0.4050000011920929,0.3997402489185333,1453118
2023-12-19,0.39500001072883606,0.4000000059604645,0.38499999046325684,0.38999998569488525,0.38493505120277405,1790000
2023-12-20,0.38999998569488525,0.4300000071525574,0.38499999046325684,0.38999998569488525,0.38493505120277405,4970000
2023-12-21,0.4000000059604645,0.4000000059604645,0.375,0.38499999046325684,0.3799999952316284,4070000
2023-12-22,0.38499999046325684,0.39500001072883606,0.3700000047683716,0.3700000047683716,0.36519479751586914,5190000
2023-12-27,0.3799999952316284,0.3799999952316284,0.36500000953674316,0.36500000953674316,0.3602597415447235,2650000
2023-12-28,0.36500000953674316,0.4099999964237213,0.36000001430511475,0.4099999964237213,0.40467530488967896,5680000
2023-12-29,0.4099999964237213,0.41999998688697815,0.4000000059604645,0.41499999165534973,0.409610390663147,1920000
2024-01-02,0.41999998688697815,0.41999998688697815,0.4050000011920929,0.4099999964237213,0.40467530488967896,940000
2024-01-03,0.4000000059604645,0.4000000059604645,0.38999998569488525,0.39500001072883606,0.38987013697624207,490000
2024-01-04,0.39500001072883606,0.4099999964237213,0.39500001072883606,0.4099999964237213,0.40467530488967896,900000
2024-01-05,0.4099999964237213,0.4099999964237213,0.4000000059604645,0.4000000059604645,0.3948051929473877,230000
2024-01-08,0.4399999976158142,0.4399999976158142,0.39500001072883606,0.39500001072883606,0.38987013697624207,970000
2024-01-09,0.4000000059604645,0.4000000059604645,0.3499999940395355,0.36000001430511475,0.3553246855735779,3660000
2024-01-10,0.36000001430511475,0.375,0.36000001430511475,0.375,0.37012988328933716,950000
2024-01-11,0.38499999046325684,0.38999998569488525,0.375,0.38499999046325684,0.3799999952316284,780000
2024-01-12,0.38499999046325684,0.39500001072883606,0.3799999952316284,0.38499999046325684,0.3799999952316284,570000
2024-01-15,0.38499999046325684,0.38499999046325684,0.38499999046325684,0.38499999046325684,0.3799999952316284,0
2024-01-16,0.3799999952316284,0.38999998569488525,0.3700000047683716,0.38999998569488525,0.38493505120277405,517229
2024-01-17,0.375,0.375,0.35499998927116394,0.35499998927116394,0.35038959980010986,1940000
2024-01-18,0.35499998927116394,0.3700000047683716,0.35499998927116394,0.3700000047683716,0.36519479751586914,630000
2024-01-19,0.3700000047683716,0.3700000047683716,0.35499998927116394,0.36000001430511475,0.3553246855735779,500000
2024-01-22,0.36500000953674316,0.36500000953674316,0.33500000834465027,0.3400000035762787,0.335584431886673,1760000
2024-01-23,0.3499999940395355,0.3499999940395355,0.33500000834465027,0.3449999988079071,0.3405194878578186,713000
2024-01-24,0.35499998927116394,0.35499998927116394,0.32499998807907104,0.32499998807907104,0.3207792043685913,6320106
2024-01-25,0.32499998807907104,0.3400000035762787,0.32499998807907104,0.33500000834465027,0.33064934611320496,1130000
2024-01-26,0.3499999940395355,0.3499999940395355,0.33500000834465027,0.3400000035762787,0.335584431886673,940000
2024-01-29,0.33500000834465027,0.3499999940395355,0.33500000834465027,0.3499999940395355,0.34545454382896423,930000
2024-01-30,0.3499999940395355,0.35499998927116394,0.33500000834465027,0.33500000834465027,0.33064934611320496,660000
2024-01-31,0.33500000834465027,0.3449999988079071,0.3050000071525574,0.3100000023841858,0.3059740364551544,2890000
2024-02-01,0.3149999976158142,0.33000001311302185,0.3149999976158142,0.3199999928474426,0.3158441483974457,1130000
2024-02-02,0.3199999928474426,0.32499998807907104,0.28999999165534973,0.28999999165534973,0.2862337529659271,6590000
2024-02-05,0.28999999165534973,0.30000001192092896,0.28999999165534973,0.30000001192092896,0.29610389471054077,1500000
2024-02-06,0.30000001192092896,0.3199999928474426,0.30000001192092896,0.3149999976158142,0.31090909242630005,2400000
2024-02-07,0.3149999976158142,0.3199999928474426,0.3050000071525574,0.3050000071525574,0.3010389804840088,570000
2024-02-08,0.3050000071525574,0.3149999976158142,0.30000001192092896,0.3100000023841858,0.3059740364551544,880000
2024-02-09,0.3100000023841858,0.3100000023841858,0.3100000023841858,0.3100000023841858,0.3059740364551544,0
2024-02-14,0.30000001192092896,0.3199999928474426,0.30000001192092896,0.3149999976158142,0.31090909242630005,590000
2024-02-15,0.33500000834465027,0.33500000834465027,0.3100000023841858,0.3100000023841858,0.3059740364551544,670000
2024-02-16,0.3199999928474426,0.38499999046325684,0.3199999928474426,0.375,0.37012988328933716,9149000
2024-02-19,0.3799999952316284,0.5,0.3799999952316284,0.47999998927116394,0.4737662076950073,33785000
2024-02-20,0.47999998927116394,0.5400000214576721,0.46000000834465027,0.49000000953674316,0.48363637924194336,17280000
2024-02-21,0.5099999904632568,0.5099999904632568,0.4650000035762787,0.47999998927116394,0.4737662076950073,5790000
2024-02-22,0.47999998927116394,0.49000000953674316,0.45500001311302185,0.4749999940395355,0.4688311517238617,5400000
2024-02-23,0.45500001311302185,0.47999998927116394,0.4350000023841858,0.4350000023841858,0.4293506443500519,4590000
2024-02-26,0.4449999928474426,0.47999998927116394,0.4399999976158142,0.4399999976158142,0.4342857003211975,3420000
2024-02-27,0.44999998807907104,0.4699999988079071,0.4399999976158142,0.45500001311302185,0.4490909278392792,3010000
2024-02-28,0.45500001311302185,0.45500001311302185,0.4350000023841858,0.4350000023841858,0.4293506443500519,2390000
2024-02-29,0.4300000071525574,0.4399999976158142,0.4300000071525574,0.4399999976158142,0.4342857003211975,799000
2024-03-01,0.4300000071525574,0.45500001311302185,0.4300000071525574,0.4350000023841858,0.4293506443500519,2190000
2024-03-04,0.4350000023841858,0.4350000023841858,0.4000000059604645,0.4050000011920929,0.3997402489185333,2930000
2024-03-05,0.4000000059604645,0.4000000059604645,0.38499999046325684,0.39500001072883606,0.38987013697624207,2130000
2024-03-06,0.39500001072883606,0.41999998688697815,0.39500001072883606,0.4099999964237213,0.40467530488967896,1160000
2024-03-07,0.4099999964237213,0.41499999165534973,0.39500001072883606,0.4000000059604645,0.3948051929473877,1170000
2024-03-08,0.4050000011920929,0.41499999165534973,0.4050000011920929,0.4050000011920929,0.3997402489185333,1520000
2024-03-11,0.4000000059604645,0.4050000011920929,0.4000000059604645,0.4000000059604645,0.3948051929473877,800000
2024-03-12,0.4000000059604645,0.4350000023841858,0.39500001072883606,0.4300000071525574,0.42441558837890625,2820000
2024-03-13,0.41999998688697815,0.41999998688697815,0.4050000011920929,0.4050000011920929,0.3997402489185333,2690000
2024-03-14,0.4000000059604645,0.41999998688697815,0.4000000059604645,0.41499999165534973,0.409610390663147,1570000
2024-03-15,0.42500001192092896,0.4300000071525574,0.4099999964237213,0.41999998688697815,0.4145454466342926,570000
2024-03-18,0.41999998688697815,0.42500001192092896,0.4000000059604645,0.4050000011920929,0.3997402489185333,3345487
2024-03-19,0.4000000059604645,0.41499999165534973,0.38999998569488525,0.39500001072883606,0.38987013697624207,1880000
2024-03-20,0.4000000059604645,0.41999998688697815,0.38999998569488525,0.39500001072883606,0.38987013697624207,1700000
2024-03-21,0.4000000059604645,0.4099999964237213,0.38499999046325684,0.4050000011920929,0.3997402489185333,1080000
2024-03-22,0.39500001072883606,0.41999998688697815,0.38999998569488525,0.41499999165534973,0.409610390663147,5060000
2024-03-25,0.4050000011920929,0.4050000011920929,0.4050000011920929,0.4050000011920929,0.3997402489185333,530000
2024-03-26,0.4050000011920929,0.41999998688697815,0.39500001072883606,0.4050000011920929,0.3997402489185333,2380000
2024-03-27,0.4050000011920929,0.47999998927116394,0.4050000011920929,0.4749999940395355,0.4688311517238617,12950000
2024-03-28,0.4749999940395355,0.4749999940395355,0.41999998688697815,0.41999998688697815,0.4145454466342926,5770000
2024-04-02,0.41999998688697815,0.41999998688697815,0.4050000011920929,0.4099999964237213,0.40467530488967896,2580000
2024-04-03,0.4099999964237213,0.4099999964237213,0.38499999046325684,0.39500001072883606,0.38987013697624207,3010000
2024-04-05,0.39500001072883606,0.39500001072883606,0.38499999046325684,0.38499999046325684,0.3799999952316284,960000
2024-04-08,0.38499999046325684,0.4399999976158142,0.38499999046325684,0.4099999964237213,0.40467530488967896,3190000
2024-04-09,0.41499999165534973,0.44999998807907104,0.4099999964237213,0.4399999976158142,0.4342857003211975,5510000
2024-04-10,0.4399999976158142,0.4449999928474426,0.42500001192092896,0.42500001192092896,0.4194805324077606,2248000
2024-04-11,0.42500001192092896,0.4399999976158142,0.4099999964237213,0.4350000023841858,0.4293506443500519,2510000
2024-04-12,0.4399999976158142,0.4399999976158142,0.42500001192092896,0.4350000023841858,0.4293506443500519,1190000
2024-04-15,0.4300000071525574,0.4300000071525574,0.41999998688697815,0.41999998688697815,0.4145454466342926,1340000
2024-04-16,0.41499999165534973,0.4300000071525574,0.4050000011920929,0.4050000011920929,0.3997402489185333,1160000
2024-04-17,0.4050000011920929,0.42500001192092896,0.4050000011920929,0.4099999964237213,0.40467530488967896,890000
2024-04-18,0.41499999165534973,0.42500001192092896,0.41499999165534973,0.41999998688697815,0.4145454466342926,1000000
2024-04-19,0.4099999964237213,0.41999998688697815,0.4099999964237213,0.4099999964237213,0.40467530488967896,510000
2024-04-22,0.41499999165534973,0.42500001192092896,0.41499999165534973,0.41999998688697815,0.4145454466342926,460000
2024-04-23,0.42500001192092896,0.42500001192092896,0.4099999964237213,0.41999998688697815,0.4145454466342926,820000
2024-04-24,0.4099999964237213,0.41499999165534973,0.4050000011920929,0.4099999964237213,0.40467530488967896,1290000
2024-04-25,0.4099999964237213,0.41999998688697815,0.4099999964237213,0.4099999964237213,0.40467530488967896,1140000
2024-04-26,0.4099999964237213,0.42500001192092896,0.4099999964237213,0.41499999165534973,0.409610390663147,2470000
2024-04-29,0.41999998688697815,0.4449999928474426,0.41999998688697815,0.4300000071525574,0.42441558837890625,4480000
2024-04-30,0.4300000071525574,0.4699999988079071,0.4300000071525574,0.4300000071525574,0.42441558837890625,6120000
2024-05-02,0.4300000071525574,0.4449999928474426,0.42500001192092896,0.4350000023841858,0.4293506443500519,2800000
2024-05-03,0.44999998807907104,0.45500001311302185,0.42500001192092896,0.42500001192092896,0.4194805324077606,2620000
2024-05-06,0.42500001192092896,0.4350000023841858,0.41999998688697815,0.4300000071525574,0.42441558837890625,1190000
2024-05-07,0.4350000023841858,0.4449999928474426,0.4350000023841858,0.4350000023841858,0.4293506443500519,1190000
2024-05-08,0.4350000023841858,0.4399999976158142,0.41499999165534973,0.41499999165534973,0.409610390663147,2020000
2024-05-09,0.41499999165534973,0.4399999976158142,0.41499999165534973,0.4300000071525574,0.42441558837890625,1230000
2024-05-10,0.42500001192092896,0.4449999928474426,0.42500001192092896,0.4350000023841858,0.4293506443500519,1480000
2024-05-13,0.4350000023841858,0.4399999976158142,0.4300000071525574,0.4399999976158142,0.4342857003211975,1720000
2024-05-14,0.44999998807907104,0.44999998807907104,0.4350000023841858,0.4399999976158142,0.4342857003211975,1340000
2024-05-16,0.4399999976158142,0.45500001311302185,0.4399999976158142,0.4399999976158142,0.4342857003211975,1710000
2024-05-17,0.4399999976158142,0.4749999940395355,0.4399999976158142,0.46000000834465027,0.4540259838104248,4995446
2024-05-20,0.46000000834465027,0.4699999988079071,0.44999998807907104,0.45500001311302185,0.4490909278392792,1880000
2024-05-21,0.46000000834465027,0.46000000834465027,0.4300000071525574,0.4449999928474426,0.43922075629234314,1670000
2024-05-22,0.44999998807907104,0.46000000834465027,0.4399999976158142,0.4399999976158142,0.4342857003211975,950000
2024-05-23,0.4350000023841858,0.4449999928474426,0.4350000023841858,0.4350000023841858,0.4293506443500519,270000
2024-05-24,0.4300000071525574,0.4300000071525574,0.41999998688697815,0.42500001192092896,0.4194805324077606,1510000
2024-05-27,0.42500001192092896,0.42500001192092896,0.41999998688697815,0.41999998688697815,0.4145454466342926,1770000
2024-05-28,0.4300000071525574,0.4350000023841858,0.41999998688697815,0.41999998688697815,0.4145454466342926,320000
2024-05-29,0.41999998688697815,0.41999998688697815,0.4050000011920929,0.41499999165534973,0.409610390663147,1480000
2024-05-30,0.4099999964237213,0.41499999165534973,0.4099999964237213,0.4099999964237213,0.40467530488967896,280000
2024-05-31,0.4050000011920929,0.41999998688697815,0.4050000011920929,0.4050000011920929,0.3997402489185333,2555238
2024-06-03,0.4099999964237213,0.4099999964237213,0.4050000011920929,0.4099999964237213,0.40467530488967896,910000
2024-06-04,0.41999998688697815,0.41999998688697815,0.4050000011920929,0.4050000011920929,0.3997402489185333,1160000
2024-06-05,0.41499999165534973,0.41499999165534973,0.4099999964237213,0.4099999964237213,0.40467530488967896,530000
2024-06-06,0.4050000011920929,0.41499999165534973,0.38999998569488525,0.39500001072883606,0.38987013697624207,4140000
2024-06-07,0.39500001072883606,0.39500001072883606,0.38999998569488525,0.38999998569488525,0.38493505120277405,980000
2024-06-11,0.39500001072883606,0.39500001072883606,0.375,0.375,0.37012988328933716,1790000
2024-06-12,0.375,0.375,0.3700000047683716,0.375,0.37012988328933716,540000
2024-06-13,0.375,0.3799999952316284,0.35499998927116394,0.3700000047683716,0.36519479751586914,3980000
2024-06-14,0.3700000047683716,0.38499999046325684,0.36500000953674316,0.38499999046325684,0.3799999952316284,760000
2024-06-17,0.38499999046325684,0.39500001072883606,0.375,0.38999998569488525,0.38493505120277405,1400000
2024-06-18,0.38999998569488525,0.4000000059604645,0.38499999046325684,0.38999998569488525,0.38493505120277405,720000
2024-06-19,0.38999998569488525,0.4000000059604645,0.38999998569488525,0.39500001072883606,0.38987013697624207,340000
2024-06-20,0.39500001072883606,0.39500001072883606,0.38499999046325684,0.38499999046325684,0.3799999952316284,980000
2024-06-21,0.38499999046325684,0.38999998569488525,0.3799999952316284,0.3799999952316284,0.3799999952316284,1410000
2024-06-24,0.3700000047683716,0.38999998569488525,0.36000001430511475,0.3700000047683716,0.3700000047683716,1000000
2024-06-25,0.3700000047683716,0.3799999952316284,0.3700000047683716,0.3700000047683716,0.3700000047683716,650000
2024-06-26,0.4000000059604645,0.4000000059604645,0.3700000047683716,0.3700000047683716,0.3700000047683716,620000
2024-06-27,0.36000001430511475,0.375,0.36000001430511475,0.3700000047683716,0.3700000047683716,1109000
2024-06-28,0.3700000047683716,0.3799999952316284,0.3700000047683716,0.375,0.375,800000
2024-07-02,0.3799999952316284,0.38499999046325684,0.3799999952316284,0.3799999952316284,0.3799999952316284,590000
2024-07-03,0.3799999952316284,0.38999998569488525,0.375,0.375,0.375,1240000
2024-07-04,0.375,0.38499999046325684,0.375,0.375,0.375,570000
2024-07-08,0.36000001430511475,0.36500000953674316,0.35499998927116394,0.36500000953674316,0.36500000953674316,1341408
2024-07-09,0.36000001430511475,0.375,0.35499998927116394,0.3700000047683716,0.3700000047683716,600000
2024-07-10,0.3700000047683716,0.3700000047683716,0.36500000953674316,0.3700000047683716,0.3700000047683716,550000
2024-07-11,0.3799999952316284,0.3799999952316284,0.3700000047683716,0.3700000047683716,0.3700000047683716,250000
2024-07-12,0.3700000047683716,0.3799999952316284,0.3700000047683716,0.3799999952316284,0.3799999952316284,740000
2024-07-15,0.3700000047683716,0.375,0.36500000953674316,0.3700000047683716,0.3700000047683716,510000
2024-07-16,0.3799999952316284,0.3799999952316284,0.3700000047683716,0.3700000047683716,0.3700000047683716,270000
2024-07-17,0.36000001430511475,0.375,0.36000001430511475,0.3700000047683716,0.3700000047683716,630000
2024-07-18,0.3700000047683716,0.375,0.36500000953674316,0.3700000047683716,0.3700000047683716,250000
2024-07-19,0.3700000047683716,0.3700000047683716,0.3700000047683716,0.3700000047683716,0.3700000047683716,0
2024-07-22,0.36000001430511475,0.36500000953674316,0.35499998927116394,0.36500000953674316,0.36500000953674316,720000
2024-07-23,0.36500000953674316,0.3700000047683716,0.36000001430511475,0.36000001430511475,0.36000001430511475,120000
2024-07-24,0.36000001430511475,0.36000001430511475,0.35499998927116394,0.35499998927116394,0.35499998927116394,650000
2024-07-25,0.35499998927116394,0.35499998927116394,0.3449999988079071,0.3449999988079071,0.3449999988079071,520000
2024-07-26,0.3449999988079071,0.3499999940395355,0.3400000035762787,0.3499999940395355,0.3499999940395355,790000
2024-07-29,0.3449999988079071,0.3499999940395355,0.3400000035762787,0.3499999940395355,0.3499999940395355,1600000
2024-07-30,0.3449999988079071,0.3499999940395355,0.3449999988079071,0.3499999940395355,0.3499999940395355,830000
2024-07-31,0.35499998927116394,0.36000001430511475,0.3449999988079071,0.3449999988079071,0.3449999988079071,980000
2024-08-01,0.3449999988079071,0.3499999940395355,0.3400000035762787,0.3449999988079071,0.3449999988079071,442500
2024-08-02,0.3400000035762787,0.3499999940395355,0.3400000035762787,0.3400000035762787,0.3400000035762787,290000
2024-08-05,0.3400000035762787,0.3400000035762787,0.3199999928474426,0.3199999928474426,0.3199999928474426,920000
2024-08-06,0.3199999928474426,0.33000001311302185,0.3199999928474426,0.33000001311302185,0.33000001311302185,240000
2024-08-07,0.33000001311302185,0.3400000035762787,0.3100000023841858,0.32499998807907104,0.32499998807907104,1060000
2024-08-08,0.3149999976158142,0.3400000035762787,0.3149999976158142,0.32499998807907104,0.32499998807907104,610000
2024-08-09,0.32499998807907104,0.33500000834465027,0.3199999928474426,0.33000001311302185,0.33000001311302185,560000
2024-08-12,0.32499998807907104,0.3400000035762787,0.32499998807907104,0.33000001311302185,0.33000001311302185,310000
2024-08-13,0.3199999928474426,0.32499998807907104,0.3199999928474426,0.32499998807907104,0.32499998807907104,278655
2024-08-14,0.33000001311302185,0.33500000834465027,0.32499998807907104,0.33500000834465027,0.33500000834465027,420000
2024-08-15,0.33500000834465027,0.33500000834465027,0.3199999928474426,0.32499998807907104,0.32499998807907104,410000
2024-08-16,0.32499998807907104,0.33500000834465027,0.3199999928474426,0.3199999928474426,0.3199999928474426,680000
2024-08-19,0.33500000834465027,0.3449999988079071,0.33000001311302185,0.33000001311302185,0.33000001311302185,300000
2024-08-20,0.3400000035762787,0.3400000035762787,0.3199999928474426,0.33000001311302185,0.33000001311302185,460000
2024-08-21,0.33000001311302185,0.33500000834465027,0.32499998807907104,0.33000001311302185,0.33000001311302185,200000
2024-08-22,0.33500000834465027,0.3400000035762787,0.33500000834465027,0.33500000834465027,0.33500000834465027,250000
2024-08-23,0.33500000834465027,0.33500000834465027,0.32499998807907104,0.32499998807907104,0.32499998807907104,680000
2024-08-26,0.32499998807907104,0.33000001311302185,0.32499998807907104,0.32499998807907104,0.32499998807907104,440000
2024-08-27,0.32499998807907104,0.33000001311302185,0.32499998807907104,0.33000001311302185,0.33000001311302185,430000
2024-08-28,0.32499998807907104,0.33000001311302185,0.32499998807907104,0.33000001311302185,0.33000001311302185,660000
2024-08-29,0.33000001311302185,0.33000001311302185,0.32499998807907104,0.32499998807907104,0.32499998807907104,440000
2024-08-30,0.33000001311302185,0.3400000035762787,0.33000001311302185,0.3400000035762787,0.3400000035762787,1050000
2024-09-02,0.33500000834465027,0.3400000035762787,0.33000001311302185,0.33000001311302185,0.33000001311302185,620000
2024-09-03,0.33000001311302185,0.375,0.33000001311302185,0.3400000035762787,0.3400000035762787,1500000
2024-09-04,0.3400000035762787,0.35499998927116394,0.33500000834465027,0.3400000035762787,0.3400000035762787,610000
2024-09-05,0.3449999988079071,0.36500000953674316,0.3400000035762787,0.3499999940395355,0.3499999940395355,2000000
2024-09-09,0.3449999988079071,0.36000001430511475,0.3449999988079071,0.3499999940395355,0.3499999940395355,530000
2024-09-10,0.3499999940395355,0.3499999940395355,0.3400000035762787,0.3499999940395355,0.3499999940395355,250300
2024-09-11,0.3499999940395355,0.35499998927116394,0.3499999940395355,0.3499999940395355,0.3499999940395355,1560000
2024-09-12,0.3499999940395355,0.3499999940395355,0.33500000834465027,0.3400000035762787,0.3400000035762787,740000
2024-09-13,0.3449999988079071,0.3499999940395355,0.3400000035762787,0.3400000035762787,0.3400000035762787,410000
2024-09-16,0.33500000834465027,0.3449999988079071,0.33500000834465027,0.3400000035762787,0.3400000035762787,250000
2024-09-17,0.33500000834465027,0.3400000035762787,0.33500000834465027,0.33500000834465027,0.33500000834465027,360000
2024-09-19,0.33500000834465027,0.36000001430511475,0.33500000834465027,0.35499998927116394,0.35499998927116394,1620000
2024-09-20,0.35499998927116394,0.3700000047683716,0.35499998927116394,0.3700000047683716,0.3700000047683716,1430000
2024-09-23,0.35499998927116394,0.3700000047683716,0.35499998927116394,0.36000001430511475,0.36000001430511475,640000
2024-09-24,0.36000001430511475,0.375,0.36000001430511475,0.36500000953674316,0.36500000953674316,1390000
2024-09-25,0.36500000953674316,0.3700000047683716,0.36500000953674316,0.36500000953674316,0.36500000953674316,2390000
2024-09-26,0.36500000953674316,0.3799999952316284,0.36000001430511475,0.3799999952316284,0.3799999952316284,3825000
2024-09-27,0.3799999952316284,0.4300000071525574,0.3700000047683716,0.4050000011920929,0.4050000011920929,9500000
2024-09-30,0.4050000011920929,0.45500001311302185,0.4000000059604645,0.44999998807907104,0.44999998807907104,10104064
2024-10-02,0.44999998807907104,0.800000011920929,0.4449999928474426,0.7400000095367432,0.7400000095367432,55427500
2024-10-03,0.8100000023841858,0.8600000143051147,0.6000000238418579,0.6600000262260437,0.6600000262260437,34622400
2024-10-04,0.6600000262260437,0.7200000286102295,0.6200000047683716,0.6899999976158142,0.6899999976158142,17900000
2024-10-07,0.6899999976158142,0.75,0.6800000071525574,0.7300000190734863,0.7300000190734863,17943700
2024-10-08,0.7400000095367432,0.7400000095367432,0.550000011920929,0.5699999928474426,0.5699999928474426,16532038
2024-10-09,0.5600000023841858,0.6200000047683716,0.5,0.5299999713897705,0.5299999713897705,8948000
2024-10-10,0.5699999928474426,0.6200000047683716,0.5400000214576721,0.5600000023841858,0.5600000023841858,5230000
