Date,Open,High,Low,Close,Adj Close,Volume
2000-01-04,0.5118079781532288,0.5511770248413086,0.5019649863243103,0.5314919948577881,0.2648000121116638,5334641
2000-01-05,0.5314919948577881,0.5314919948577881,0.4872010052204132,0.492123007774353,0.24518556892871857,3690458
2000-01-06,0.5314919948577881,0.5314919948577881,0.47735899686813354,0.4872010052204132,0.24273335933685303,3007865
2000-01-07,0.5216500163078308,0.5216500163078308,0.4872010052204132,0.5019649863243103,0.25008895993232727,2537373
2000-01-10,0.5216500163078308,0.5216500163078308,0.492123007774353,0.5019649863243103,0.25008895993232727,2727671
2000-01-11,0.5413349866867065,0.5413349866867065,0.492123007774353,0.5118079781532288,0.2549930214881897,4703355
2000-01-12,0.5118079781532288,0.5413349866867065,0.5118079781532288,0.5216500163078308,0.25989651679992676,5761912
2000-01-13,0.5118079781532288,0.5216500163078308,0.5019649863243103,0.5019649863243103,0.25008895993232727,2978055
2000-01-14,0.5511770248413086,0.5511770248413086,0.5019649863243103,0.5118079781532288,0.2549930214881897,2641615
2000-01-17,0.5019649863243103,0.5216500163078308,0.5019649863243103,0.5118079781532288,0.2549930214881897,3166077
2000-01-18,0.5118079781532288,0.5216500163078308,0.5019649863243103,0.5019649863243103,0.25008895993232727,1025449
2000-01-19,0.5019649863243103,0.5019649863243103,0.4822799861431122,0.492123007774353,0.24518556892871857,5275667
2000-01-20,0.4822799861431122,0.5019649863243103,0.4822799861431122,0.492123007774353,0.24518556892871857,4273483
2000-01-21,0.47735899686813354,0.4822799861431122,0.4724380075931549,0.4822799861431122,0.24644257128238678,3458022
2000-01-24,0.5216500163078308,0.5216500163078308,0.47735899686813354,0.4822799861431122,0.24644257128238678,2409320
2000-01-25,0.5216500163078308,0.5216500163078308,0.47735899686813354,0.4822799861431122,0.24644257128238678,3088530
2000-01-26,0.4872010052204132,0.492123007774353,0.4822799861431122,0.492123007774353,0.2514722943305969,3989033
2000-01-27,0.4872010052204132,0.5314919948577881,0.4822799861431122,0.5216500163078308,0.26656049489974976,18464473
2000-01-28,0.561020016670227,0.561020016670227,0.5216500163078308,0.5314919948577881,0.27158963680267334,17149270
2000-01-31,0.5314919948577881,0.5905470252037048,0.5216500163078308,0.561020016670227,0.2866782546043396,20010432
2000-02-01,0.5807049870491028,0.6003900170326233,0.561020016670227,0.5708619952201843,0.2917075455188751,10775566
2000-02-02,0.5905470252037048,0.6299170255661011,0.5807049870491028,0.6299170255661011,0.32188430428504944,15392038
2000-02-03,0.6397600173950195,0.6692870259284973,0.6299170255661011,0.6594439744949341,0.3369723856449127,16444948
2000-02-04,0.6594439744949341,0.6594439744949341,0.6594439744949341,0.6594439744949341,0.3369723856449127,0
2000-02-07,0.6594439744949341,0.6594439744949341,0.6594439744949341,0.6594439744949341,0.3369723856449127,0
2000-02-08,0.6791290044784546,0.688971996307373,0.6299170255661011,0.6496019959449768,0.3319433033466339,9143583
2000-02-09,0.688971996307373,0.688971996307373,0.5413349866867065,0.5905470252037048,0.3017664849758148,8581738
2000-02-10,0.5905470252037048,0.620074987411499,0.5807049870491028,0.5905470252037048,0.3017664849758148,6653112
2000-02-11,0.6102319955825806,0.6102319955825806,0.5708619952201843,0.5807049870491028,0.2967371940612793,7014746
2000-02-14,0.5905470252037048,0.5905470252037048,0.5413349866867065,0.5413349866867065,0.27661943435668945,5978925
2000-02-15,0.5708619952201843,0.6003900170326233,0.5413349866867065,0.5807049870491028,0.2967371940612793,8189648
2000-02-16,0.5905470252037048,0.6003900170326233,0.5905470252037048,0.6003900170326233,0.30679619312286377,6765152
2000-02-17,0.6003900170326233,0.6102319955825806,0.5708619952201843,0.5905470252037048,0.3017664849758148,5487895
2000-02-18,0.6003900170326233,0.6003900170326233,0.5807049870491028,0.6003900170326233,0.30679619312286377,5742612
2000-02-21,0.6003900170326233,0.6496019959449768,0.5807049870491028,0.6299170255661011,0.32188430428504944,14451504
2000-02-22,0.6299170255661011,0.6397600173950195,0.561020016670227,0.5905470252037048,0.3017664849758148,9200727
2000-02-23,0.6102319955825806,0.6102319955825806,0.5807049870491028,0.5905470252037048,0.3017664849758148,5970572
2000-02-24,0.6003900170326233,0.620074987411499,0.5708619952201843,0.5807049870491028,0.2967371940612793,3860646
2000-02-25,0.5807049870491028,0.5807049870491028,0.5216500163078308,0.5314919948577881,0.27158963680267334,6189432
2000-02-28,0.492123007774353,0.5216500163078308,0.4872010052204132,0.5019649863243103,0.2565014958381653,4093488
2000-02-29,0.5413349866867065,0.5413349866867065,0.492123007774353,0.5216500163078308,0.26656049489974976,2952615
2000-03-01,0.5413349866867065,0.5511770248413086,0.5216500163078308,0.5413349866867065,0.27661943435668945,2822409
2000-03-02,0.561020016670227,0.561020016670227,0.5216500163078308,0.5314919948577881,0.27158963680267334,1896375
2000-03-03,0.5413349866867065,0.5413349866867065,0.5216500163078308,0.5216500163078308,0.26656049489974976,2871232
2000-03-06,0.5413349866867065,0.5511770248413086,0.5118079781532288,0.5216500163078308,0.26656049489974976,4059719
2000-03-07,0.5216500163078308,0.5314919948577881,0.5019649863243103,0.5118079781532288,0.261531263589859,2442834
2000-03-08,0.5019649863243103,0.5708619952201843,0.492123007774353,0.5413349866867065,0.27661943435668945,14176636
2000-03-09,0.5807049870491028,0.5807049870491028,0.5118079781532288,0.5118079781532288,0.261531263589859,14864228
2000-03-10,0.5413349866867065,0.5413349866867065,0.492123007774353,0.5118079781532288,0.261531263589859,7633715
2000-03-13,0.5118079781532288,0.5118079781532288,0.492123007774353,0.5019649863243103,0.2565014958381653,7938816
2000-03-14,0.492123007774353,0.5019649863243103,0.4872010052204132,0.5019649863243103,0.2565014958381653,3290345
2000-03-15,0.492123007774353,0.492123007774353,0.4822799861431122,0.492123007774353,0.2514722943305969,2078016
2000-03-16,0.492123007774353,0.492123007774353,0.47735899686813354,0.4872010052204132,0.24895717203617096,4572027
2000-03-17,0.4872010052204132,0.4872010052204132,0.47735899686813354,0.4872010052204132,0.24895717203617096,3020839
2000-03-20,0.4724380075931549,0.4822799861431122,0.46259498596191406,0.4675160050392151,0.23889829218387604,3411849
2000-03-21,0.47735899686813354,0.4872010052204132,0.4675160050392151,0.47735899686813354,0.2439279854297638,2607477
2000-03-22,0.4724380075931549,0.47735899686813354,0.4675160050392151,0.47735899686813354,0.2439279854297638,1262895
2000-03-23,0.5019649863243103,0.5019649863243103,0.4675160050392151,0.4724380075931549,0.2414134442806244,1548393
2000-03-24,0.492123007774353,0.492123007774353,0.4675160050392151,0.4822799861431122,0.24644257128238678,2504962
2000-03-27,0.5118079781532288,0.5118079781532288,0.4872010052204132,0.492123007774353,0.2514722943305969,4057343
2000-03-28,0.492123007774353,0.492123007774353,0.47735899686813354,0.4822799861431122,0.24644257128238678,1694698
2000-03-29,0.5019649863243103,0.5019649863243103,0.4675160050392151,0.47735899686813354,0.2439279854297638,836680
2000-03-30,0.5019649863243103,0.5216500163078308,0.4675160050392151,0.47735899686813354,0.2439279854297638,1138698
2000-03-31,0.4675160050392151,0.4822799861431122,0.4675160050392151,0.4822799861431122,0.24644257128238678,1481666
2000-04-03,0.5019649863243103,0.5019649863243103,0.4576739966869354,0.4724380075931549,0.2414134442806244,2475549
2000-04-04,0.4724380075931549,0.4724380075931549,0.4724380075931549,0.4724380075931549,0.2414134442806244,0
2000-04-05,0.4527530074119568,0.46259498596191406,0.42814698815345764,0.44290998578071594,0.22632473707199097,3647664
2000-04-06,0.4379889965057373,0.4379889965057373,0.4232249855995178,0.4379889965057373,0.2238101065158844,1811132
2000-04-07,0.44783198833465576,0.44783198833465576,0.42814698815345764,0.44290998578071594,0.22632473707199097,1796298
2000-04-10,0.4379889965057373,0.44290998578071594,0.4183039963245392,0.4379889965057373,0.2238101065158844,1511593
2000-04-11,0.42814698815345764,0.42814698815345764,0.4183039963245392,0.4232249855995178,0.21626579761505127,706733
2000-04-12,0.4232249855995178,0.43306800723075867,0.41338300704956055,0.42814698815345764,0.21878094971179962,822964
2000-04-13,0.4232249855995178,0.492123007774353,0.4084619879722595,0.4675160050392151,0.23889829218387604,14780448
2000-04-14,0.4822799861431122,0.492123007774353,0.42814698815345764,0.43306800723075867,0.22129547595977783,27937546
2000-04-17,0.3740130066871643,0.4035399854183197,0.3740130066871643,0.3936980068683624,0.2011776715517044,4232680
2000-04-18,0.4035399854183197,0.43306800723075867,0.3936980068683624,0.39861899614334106,0.203692227602005,3403823
2000-04-19,0.4035399854183197,0.4035399854183197,0.38385599851608276,0.3936980068683624,0.2011776715517044,2932193
2000-04-20,0.41338300704956055,0.4183039963245392,0.38385599851608276,0.4035399854183197,0.20620684325695038,1800781
2000-04-21,0.4035399854183197,0.4035399854183197,0.4035399854183197,0.4035399854183197,0.20620684325695038,0
2000-04-24,0.4035399854183197,0.4035399854183197,0.4035399854183197,0.4035399854183197,0.20620684325695038,0
2000-04-25,0.4084619879722595,0.4084619879722595,0.3936980068683624,0.39861899614334106,0.203692227602005,940312
2000-04-26,0.39861899614334106,0.4035399854183197,0.3887769877910614,0.4035399854183197,0.20620684325695038,1052988
2000-04-27,0.3936980068683624,0.39861899614334106,0.3887769877910614,0.39861899614334106,0.203692227602005,845316
2000-04-28,0.3936980068683624,0.4035399854183197,0.3936980068683624,0.4035399854183197,0.20620684325695038,812804
2000-05-01,0.4035399854183197,0.4035399854183197,0.4035399854183197,0.4035399854183197,0.20620684325695038,0
2000-05-02,0.4035399854183197,0.4084619879722595,0.3936980068683624,0.4084619879722595,0.20872198045253754,1625304
2000-05-03,0.4035399854183197,0.4035399854183197,0.3887769877910614,0.3936980068683624,0.2011776715517044,794618
2000-05-04,0.3936980068683624,0.3936980068683624,0.3887769877910614,0.3936980068683624,0.2011776715517044,418594
2000-05-05,0.3887769877910614,0.4084619879722595,0.3887769877910614,0.4035399854183197,0.20620684325695038,717570
2000-05-08,0.3936980068683624,0.39861899614334106,0.3887769877910614,0.39861899614334106,0.203692227602005,1064774
2000-05-09,0.39861899614334106,0.39861899614334106,0.39861899614334106,0.39861899614334106,0.203692227602005,0
2000-05-10,0.39861899614334106,0.39861899614334106,0.38385599851608276,0.3936980068683624,0.2011776715517044,559006
2000-05-11,0.3936980068683624,0.3936980068683624,0.3936980068683624,0.3936980068683624,0.2011776715517044,0
2000-05-12,0.3887769877910614,0.3936980068683624,0.38385599851608276,0.3936980068683624,0.2011776715517044,684788
2000-05-15,0.3887769877910614,0.3887769877910614,0.38385599851608276,0.3887769877910614,0.19866304099559784,142240
2000-05-16,0.3936980068683624,0.3936980068683624,0.3887769877910614,0.3936980068683624,0.2011776715517044,843284
2000-05-17,0.3936980068683624,0.3936980068683624,0.38385599851608276,0.3936980068683624,0.2011776715517044,585201
2000-05-18,0.38385599851608276,0.39861899614334106,0.37893399596214294,0.38385599851608276,0.19614842534065247,1491496
2000-05-19,0.38385599851608276,0.4035399854183197,0.38385599851608276,0.3936980068683624,0.2011776715517044,2211692
2000-05-22,0.3887769877910614,0.3936980068683624,0.38385599851608276,0.3936980068683624,0.2011776715517044,1016006
2000-05-23,0.3887769877910614,0.3887769877910614,0.3887769877910614,0.3887769877910614,0.19866304099559784,50800
2000-05-24,0.38385599851608276,0.3887769877910614,0.3690919876098633,0.38385599851608276,0.19614842534065247,1935390
2000-05-25,0.3887769877910614,0.3887769877910614,0.3690919876098633,0.38385599851608276,0.19614842534065247,1538537
2000-05-26,0.3740130066871643,0.37893399596214294,0.36417099833488464,0.37893399596214294,0.1936333179473877,883925
2000-05-29,0.36417099833488464,0.3690919876098633,0.3543280065059662,0.3690919876098633,0.18860411643981934,1031510
2000-05-30,0.3690919876098633,0.3690919876098633,0.3690919876098633,0.3690919876098633,0.18860411643981934,0
2000-05-31,0.36417099833488464,0.3690919876098633,0.36417099833488464,0.3690919876098633,0.18860411643981934,528323
2000-06-01,0.3592489957809448,0.3690919876098633,0.3592489957809448,0.36417099833488464,0.18608951568603516,762004
2000-06-02,0.36417099833488464,0.36417099833488464,0.3543280065059662,0.36417099833488464,0.18608951568603516,908512
2000-06-05,0.38385599851608276,0.4035399854183197,0.3690919876098633,0.3740130066871643,0.1911187469959259,563720
2000-06-06,0.3740130066871643,0.3740130066871643,0.3740130066871643,0.3740130066871643,0.1911187469959259,0
2000-06-07,0.3740130066871643,0.37893399596214294,0.3740130066871643,0.37893399596214294,0.1936333179473877,692712
2000-06-08,0.37893399596214294,0.37893399596214294,0.3690919876098633,0.3740130066871643,0.1911187469959259,664467
2000-06-09,0.3690919876098633,0.38385599851608276,0.3690919876098633,0.37893399596214294,0.1936333179473877,282449
2000-06-12,0.3936980068683624,0.3936980068683624,0.37893399596214294,0.3887769877910614,0.19866304099559784,300737
2000-06-13,0.3936980068683624,0.4084619879722595,0.37893399596214294,0.38385599851608276,0.19614842534065247,136144
2000-06-14,0.38385599851608276,0.3887769877910614,0.37893399596214294,0.38385599851608276,0.19614842534065247,1241660
2000-06-15,0.38385599851608276,0.3887769877910614,0.38385599851608276,0.38385599851608276,0.19614842534065247,825118
2000-06-16,0.3887769877910614,0.4035399854183197,0.38385599851608276,0.4035399854183197,0.20620684325695038,1412349
2000-06-19,0.3936980068683624,0.39861899614334106,0.3936980068683624,0.3936980068683624,0.2011776715517044,344857
2000-06-20,0.3887769877910614,0.39861899614334106,0.38385599851608276,0.3936980068683624,0.2011776715517044,1159567
2000-06-21,0.3936980068683624,0.3936980068683624,0.3936980068683624,0.3936980068683624,0.2011776715517044,457202
2000-06-22,0.38385599851608276,0.3936980068683624,0.37893399596214294,0.3887769877910614,0.19866304099559784,508206
2000-06-23,0.3740130066871643,0.38385599851608276,0.3740130066871643,0.38385599851608276,0.19614842534065247,216409
2000-06-26,0.37893399596214294,0.38385599851608276,0.37893399596214294,0.38385599851608276,0.19614842534065247,373890
2000-06-27,0.3887769877910614,0.3936980068683624,0.36417099833488464,0.3936980068683624,0.2011776715517044,1107852
2000-06-28,0.3936980068683624,0.3936980068683624,0.37893399596214294,0.3936980068683624,0.2011776715517044,1040898
2000-06-29,0.3887769877910614,0.3936980068683624,0.37893399596214294,0.3936980068683624,0.2011776715517044,274321
2000-06-30,0.37893399596214294,0.3887769877910614,0.3740130066871643,0.3887769877910614,0.19866304099559784,649608
2000-07-03,0.37893399596214294,0.38385599851608276,0.3740130066871643,0.38385599851608276,0.19614842534065247,264161
2000-07-04,0.38385599851608276,0.3887769877910614,0.3740130066871643,0.3887769877910614,0.19866304099559784,1717050
2000-07-05,0.38385599851608276,0.38385599851608276,0.3740130066871643,0.38385599851608276,0.19614842534065247,1160278
2000-07-06,0.37893399596214294,0.38385599851608276,0.3740130066871643,0.38385599851608276,0.19614842534065247,662435
2000-07-07,0.37893399596214294,0.38385599851608276,0.3740130066871643,0.38385599851608276,0.19614842534065247,1323627
2000-07-10,0.38385599851608276,0.38385599851608276,0.3740130066871643,0.38385599851608276,0.19614842534065247,1864513
2000-07-11,0.38385599851608276,0.38385599851608276,0.3740130066871643,0.38385599851608276,0.19614842534065247,794618
2000-07-12,0.38385599851608276,0.39861899614334106,0.3740130066871643,0.3936980068683624,0.2011776715517044,3767710
2000-07-13,0.39861899614334106,0.39861899614334106,0.38385599851608276,0.3887769877910614,0.19866304099559784,2238667
2000-07-14,0.38385599851608276,0.3936980068683624,0.37893399596214294,0.38385599851608276,0.19614842534065247,1422134
2000-07-17,0.3887769877910614,0.3887769877910614,0.3740130066871643,0.38385599851608276,0.19614842534065247,1503790
2000-07-18,0.37893399596214294,0.38385599851608276,0.3690919876098633,0.37893399596214294,0.1936333179473877,2359470
2000-07-19,0.37893399596214294,0.38385599851608276,0.3690919876098633,0.37893399596214294,0.1936333179473877,2359470
2000-07-20,0.3887769877910614,0.3936980068683624,0.3740130066871643,0.37893399596214294,0.1936333179473877,3406668
2000-07-21,0.38385599851608276,0.39861899614334106,0.38385599851608276,0.3887769877910614,0.19866304099559784,4287646
2000-07-24,0.38385599851608276,0.3936980068683624,0.38385599851608276,0.3887769877910614,0.19866304099559784,4991551
2000-07-25,0.38385599851608276,0.3887769877910614,0.38385599851608276,0.3887769877910614,0.19866304099559784,975467
2000-07-26,0.38385599851608276,0.3887769877910614,0.37893399596214294,0.3887769877910614,0.19866304099559784,1903995
2000-07-27,0.37893399596214294,0.38385599851608276,0.37893399596214294,0.37893399596214294,0.1936333179473877,390654
2000-07-28,0.37893399596214294,0.38385599851608276,0.37893399596214294,0.37893399596214294,0.1936333179473877,1162310
2000-07-31,0.38385599851608276,0.3887769877910614,0.37893399596214294,0.38385599851608276,0.19614842534065247,1485400
2000-08-01,0.38385599851608276,0.38385599851608276,0.37893399596214294,0.38385599851608276,0.19614842534065247,1183392
2000-08-02,0.37893399596214294,0.38385599851608276,0.3740130066871643,0.38385599851608276,0.19614842534065247,1239527
2000-08-03,0.37893399596214294,0.37893399596214294,0.3740130066871643,0.37893399596214294,0.1936333179473877,1042113
2000-08-04,0.37893399596214294,0.37893399596214294,0.3740130066871643,0.3740130066871643,0.1911187469959259,855477
2000-08-07,0.3740130066871643,0.3740130066871643,0.36417099833488464,0.3690919876098633,0.18860411643981934,2753173
2000-08-08,0.3592489957809448,0.3740130066871643,0.3592489957809448,0.3690919876098633,0.18860411643981934,1617379
2000-08-09,0.3740130066871643,0.3740130066871643,0.3690919876098633,0.3740130066871643,0.1911187469959259,735588
2000-08-10,0.3740130066871643,0.3887769877910614,0.3690919876098633,0.38385599851608276,0.19614842534065247,3453302
2000-08-11,0.38385599851608276,0.38385599851608276,0.3740130066871643,0.37893399596214294,0.1936333179473877,1410419
2000-08-14,0.3740130066871643,0.38385599851608276,0.3690919876098633,0.3740130066871643,0.1911187469959259,1053903
2000-08-15,0.3740130066871643,0.38385599851608276,0.3690919876098633,0.38385599851608276,0.19614842534065247,1497592
2000-08-16,0.37893399596214294,0.37893399596214294,0.3740130066871643,0.37893399596214294,0.1936333179473877,1451364
2000-08-17,0.3740130066871643,0.37893399596214294,0.36417099833488464,0.37893399596214294,0.1936333179473877,2145804
2000-08-18,0.37893399596214294,0.37893399596214294,0.3740130066871643,0.3740130066871643,0.1911187469959259,431294
2000-08-21,0.3740130066871643,0.3740130066871643,0.3690919876098633,0.3740130066871643,0.1911187469959259,580139
2000-08-22,0.3690919876098633,0.37893399596214294,0.3690919876098633,0.3740130066871643,0.1911187469959259,2336813
2000-08-23,0.37893399596214294,0.37893399596214294,0.3690919876098633,0.3740130066871643,0.1911187469959259,569776
2000-08-24,0.3690919876098633,0.3740130066871643,0.3690919876098633,0.3740130066871643,0.1911187469959259,774196
2000-08-25,0.3690919876098633,0.3740130066871643,0.36417099833488464,0.3740130066871643,0.1911187469959259,1294391
2000-08-28,0.3740130066871643,0.37893399596214294,0.3740130066871643,0.3740130066871643,0.1911187469959259,866653
2000-08-29,0.3690919876098633,0.3740130066871643,0.3690919876098633,0.3740130066871643,0.1911187469959259,229922
2000-08-30,0.3740130066871643,0.3740130066871643,0.3690919876098633,0.3740130066871643,0.1911187469959259,981461
2000-08-31,0.3740130066871643,0.37893399596214294,0.3690919876098633,0.3740130066871643,0.1911187469959259,1094238
2000-09-01,0.38385599851608276,0.3887769877910614,0.3740130066871643,0.38385599851608276,0.19614842534065247,1456952
2000-09-04,0.3740130066871643,0.37893399596214294,0.3740130066871643,0.3740130066871643,0.1911187469959259,1019368
2000-09-05,0.3740130066871643,0.37893399596214294,0.3740130066871643,0.37893399596214294,0.1936333179473877,1016006
2000-09-06,0.38385599851608276,0.38385599851608276,0.37893399596214294,0.37893399596214294,0.1936333179473877,152400
2000-09-07,0.37893399596214294,0.38385599851608276,0.3740130066871643,0.3740130066871643,0.1911187469959259,111760
2000-09-08,0.3690919876098633,0.3740130066871643,0.3543280065059662,0.3690919876098633,0.18860411643981934,2854976
2000-09-11,0.36417099833488464,0.3690919876098633,0.36417099833488464,0.36417099833488464,0.18608951568603516,1067822
2000-09-12,0.3592489957809448,0.3592489957809448,0.3444859981536865,0.34940698742866516,0.18478800356388092,1888918
2000-09-13,0.34940698742866516,0.34940698742866516,0.34940698742866516,0.34940698742866516,0.18478800356388092,0
2000-09-14,0.34940698742866516,0.34940698742866516,0.3444859981536865,0.34940698742866516,0.18478800356388092,406402
2000-09-15,0.3444859981536865,0.34940698742866516,0.3444859981536865,0.34940698742866516,0.18478800356388092,171968
2000-09-18,0.3444859981536865,0.3444859981536865,0.31495800614356995,0.33464300632476807,0.17697986960411072,3228342
2000-09-19,0.31988000869750977,0.33464300632476807,0.31988000869750977,0.33464300632476807,0.17697986960411072,582171
2000-09-20,0.33464300632476807,0.3395639955997467,0.3248009979724884,0.3395639955997467,0.1795823872089386,764036
2000-09-21,0.32972198724746704,0.33464300632476807,0.3100369870662689,0.3248009979724884,0.17177480459213257,1897899
2000-09-22,0.3248009979724884,0.3248009979724884,0.30019500851631165,0.3100369870662689,0.16396668553352356,1901719
2000-09-25,0.31495800614356995,0.31495800614356995,0.3051159977912903,0.31495800614356995,0.16656926274299622,1146887
2000-09-26,0.3100369870662689,0.3100369870662689,0.30019500851631165,0.3100369870662689,0.16396668553352356,681740
2000-09-27,0.3051159977912903,0.3100369870662689,0.30019500851631165,0.3100369870662689,0.16396668553352356,508856
2000-09-28,0.31495800614356995,0.31988000869750977,0.3100369870662689,0.31988000869750977,0.16917231678962708,457202
2000-09-29,0.31988000869750977,0.31988000869750977,0.3100369870662689,0.31988000869750977,0.16917231678962708,619763
2000-10-02,0.31988000869750977,0.31988000869750977,0.31988000869750977,0.31988000869750977,0.16917231678962708,0
2000-10-03,0.31495800614356995,0.31495800614356995,0.31495800614356995,0.31495800614356995,0.16656926274299622,424893
2000-10-04,0.31495800614356995,0.3248009979724884,0.3051159977912903,0.31988000869750977,0.16917231678962708,916437
2000-10-05,0.3248009979724884,0.3248009979724884,0.3051159977912903,0.31495800614356995,0.16656926274299622,1550425
2000-10-06,0.31495800614356995,0.31495800614356995,0.31495800614356995,0.31495800614356995,0.16656926274299622,0
2000-10-09,0.3100369870662689,0.3100369870662689,0.3051159977912903,0.3100369870662689,0.16396668553352356,401322
2000-10-10,0.30019500851631165,0.3051159977912903,0.2952730059623718,0.3051159977912903,0.16136416792869568,491746
2000-10-11,0.2952730059623718,0.30019500851631165,0.2952730059623718,0.30019500851631165,0.1587616354227066,516537
2000-10-12,0.2952730059623718,0.2952730059623718,0.2805100083351135,0.2903519868850708,0.15355601906776428,1356368
2000-10-13,0.28543099761009216,0.2903519868850708,0.2755880057811737,0.2805100083351135,0.14835098385810852,1992794
2000-10-16,0.2805100083351135,0.2805100083351135,0.2805100083351135,0.2805100083351135,0.14835098385810852,0
2000-10-17,0.28543099761009216,0.2903519868850708,0.28543099761009216,0.2903519868850708,0.15355601906776428,487886
2000-10-18,0.2805100083351135,0.28543099761009216,0.26574599742889404,0.2805100083351135,0.14835098385810852,1643897
2000-10-19,0.28543099761009216,0.28543099761009216,0.2755880057811737,0.28543099761009216,0.1509535163640976,1199395
2000-10-20,0.28543099761009216,0.2952730059623718,0.28543099761009216,0.2903519868850708,0.15355601906776428,1369251
2000-10-23,0.28543099761009216,0.2952730059623718,0.28543099761009216,0.2952730059623718,0.15615861117839813,605539
2000-10-24,0.2952730059623718,0.2952730059623718,0.28543099761009216,0.28543099761009216,0.1509535163640976,1116200
2000-10-25,0.2952730059623718,0.2952730059623718,0.2903519868850708,0.2903519868850708,0.15355601906776428,152400
2000-10-26,0.2903519868850708,0.2903519868850708,0.2903519868850708,0.2903519868850708,0.15355601906776428,83312
2000-10-27,0.2903519868850708,0.2903519868850708,0.2903519868850708,0.2903519868850708,0.15355601906776428,0
2000-10-30,0.2903519868850708,0.2952730059623718,0.2903519868850708,0.2952730059623718,0.15615861117839813,153620
2000-10-31,0.2952730059623718,0.30019500851631165,0.2952730059623718,0.30019500851631165,0.1587616354227066,551265
2000-11-01,0.3051159977912903,0.3051159977912903,0.30019500851631165,0.3051159977912903,0.16136416792869568,244146
2000-11-02,0.3051159977912903,0.3051159977912903,0.2952730059623718,0.2952730059623718,0.15615861117839813,121920
2000-11-03,0.30019500851631165,0.3100369870662689,0.2952730059623718,0.3100369870662689,0.16396668553352356,566931
2000-11-06,0.31988000869750977,0.31988000869750977,0.31495800614356995,0.31495800614356995,0.16656926274299622,646179
2000-11-07,0.31495800614356995,0.31495800614356995,0.3051159977912903,0.3051159977912903,0.16136416792869568,0
2000-11-08,0.3248009979724884,0.3248009979724884,0.30019500851631165,0.30019500851631165,0.1587616354227066,908309
2000-11-09,0.3100369870662689,0.31495800614356995,0.3051159977912903,0.31495800614356995,0.16656926274299622,627993
2000-11-10,0.3051159977912903,0.31495800614356995,0.30019500851631165,0.30019500851631165,0.1587616354227066,371858
2000-11-13,0.2952730059623718,0.3051159977912903,0.28543099761009216,0.2903519868850708,0.15355601906776428,1137926
2000-11-14,0.2903519868850708,0.3051159977912903,0.28543099761009216,0.3051159977912903,0.16136416792869568,3527572
2000-11-15,0.3100369870662689,0.3100369870662689,0.30019500851631165,0.3100369870662689,0.16396668553352356,346407
2000-11-16,0.2903519868850708,0.3100369870662689,0.2903519868850708,0.3051159977912903,0.16136416792869568,654307
2000-11-17,0.2903519868850708,0.2903519868850708,0.2903519868850708,0.2903519868850708,0.15355601906776428,223521
2000-11-20,0.30019500851631165,0.30019500851631165,0.2952730059623718,0.30019500851631165,0.1587616354227066,203201
2000-11-21,0.2903519868850708,0.2903519868850708,0.2805100083351135,0.2903519868850708,0.15355601906776428,1149102
2000-11-22,0.2903519868850708,0.2903519868850708,0.2706669867038727,0.2706669867038727,0.14314541220664978,1235463
2000-11-23,0.28543099761009216,0.28543099761009216,0.2755880057811737,0.2755880057811737,0.14574797451496124,178817
2000-11-24,0.2903519868850708,0.2903519868850708,0.2805100083351135,0.2805100083351135,0.14835098385810852,0
2000-11-27,0.2805100083351135,0.2903519868850708,0.2805100083351135,0.2903519868850708,0.15355601906776428,62992
2000-11-28,0.28543099761009216,0.2903519868850708,0.2805100083351135,0.2903519868850708,0.15355601906776428,213361
2000-11-29,0.2755880057811737,0.2755880057811737,0.2755880057811737,0.2755880057811737,0.14574797451496124,233681
2000-11-30,0.2755880057811737,0.2755880057811737,0.2706669867038727,0.2706669867038727,0.14314541220664978,514099
2000-12-01,0.2706669867038727,0.28543099761009216,0.2706669867038727,0.28543099761009216,0.1509535163640976,375922
2000-12-04,0.2805100083351135,0.28543099761009216,0.2805100083351135,0.2805100083351135,0.14835098385810852,184913
2000-12-05,0.28543099761009216,0.2903519868850708,0.2805100083351135,0.28543099761009216,0.1509535163640976,749812
2000-12-06,0.2903519868850708,0.2903519868850708,0.2805100083351135,0.28543099761009216,0.1509535163640976,883925
2000-12-07,0.2755880057811737,0.28543099761009216,0.2706669867038727,0.28543099761009216,0.1509535163640976,550675
2000-12-08,0.2805100083351135,0.2903519868850708,0.2805100083351135,0.2903519868850708,0.15355601906776428,421744
2000-12-11,0.2805100083351135,0.2903519868850708,0.2805100083351135,0.2903519868850708,0.15355601906776428,290831
2000-12-12,0.2805100083351135,0.28543099761009216,0.2805100083351135,0.28543099761009216,0.1509535163640976,280036
2000-12-13,0.28543099761009216,0.2903519868850708,0.28543099761009216,0.2903519868850708,0.15355601906776428,124155
2000-12-14,0.2805100083351135,0.2805100083351135,0.2805100083351135,0.2805100083351135,0.14835098385810852,433692
2000-12-15,0.2755880057811737,0.2805100083351135,0.2755880057811737,0.2805100083351135,0.14835098385810852,356455
2000-12-18,0.2706669867038727,0.2805100083351135,0.2706669867038727,0.2805100083351135,0.14835098385810852,314961
2000-12-19,0.2755880057811737,0.28543099761009216,0.2706669867038727,0.28543099761009216,0.1509535163640976,495810
2000-12-20,0.2706669867038727,0.28543099761009216,0.2706669867038727,0.28543099761009216,0.1509535163640976,232665
2000-12-21,0.2706669867038727,0.2805100083351135,0.2608250081539154,0.2706669867038727,0.14314541220664978,783092
2000-12-22,0.2755880057811737,0.2755880057811737,0.2755880057811737,0.2755880057811737,0.14574797451496124,121920
2000-12-25,0.2755880057811737,0.2755880057811737,0.2755880057811737,0.2755880057811737,0.14574797451496124,0
2000-12-26,0.2755880057811737,0.2755880057811737,0.2755880057811737,0.2755880057811737,0.14574797451496124,0
2000-12-27,0.2805100083351135,0.2805100083351135,0.2706669867038727,0.2706669867038727,0.14314541220664978,216307
2000-12-28,0.28543099761009216,0.28543099761009216,0.2706669867038727,0.2706669867038727,0.14314541220664978,0
2000-12-29,0.2755880057811737,0.2805100083351135,0.2706669867038727,0.2805100083351135,0.14835098385810852,146508
2001-01-01,0.2805100083351135,0.2805100083351135,0.2805100083351135,0.2805100083351135,0.14835098385810852,0
2001-01-02,0.28543099761009216,0.28543099761009216,0.2706669867038727,0.2706669867038727,0.14314541220664978,0
2001-01-03,0.28543099761009216,0.28543099761009216,0.2706669867038727,0.2706669867038727,0.14314541220664978,0
2001-01-04,0.2805100083351135,0.28543099761009216,0.2805100083351135,0.28543099761009216,0.1509535163640976,436882
2001-01-05,0.2805100083351135,0.2903519868850708,0.2755880057811737,0.2805100083351135,0.14835098385810852,802644
2001-01-08,0.2805100083351135,0.2903519868850708,0.2805100083351135,0.2903519868850708,0.15355601906776428,669039
2001-01-09,0.2805100083351135,0.2903519868850708,0.2805100083351135,0.2903519868850708,0.15355601906776428,1186898
2001-01-10,0.2805100083351135,0.28543099761009216,0.2755880057811737,0.28543099761009216,0.1509535163640976,422658
2001-01-11,0.2805100083351135,0.28543099761009216,0.26574599742889404,0.2706669867038727,0.14314541220664978,1169930
2001-01-12,0.2755880057811737,0.2805100083351135,0.2706669867038727,0.2755880057811737,0.14574797451496124,1420376
2001-01-15,0.2755880057811737,0.28543099761009216,0.2755880057811737,0.28543099761009216,0.1509535163640976,164592
2001-01-16,0.2805100083351135,0.28543099761009216,0.2805100083351135,0.28543099761009216,0.1509535163640976,91440
2001-01-17,0.2755880057811737,0.2755880057811737,0.2706669867038727,0.2706669867038727,0.14314541220664978,216862
2001-01-18,0.2755880057811737,0.28543099761009216,0.2755880057811737,0.28543099761009216,0.1509535163640976,235713
2001-01-19,0.28543099761009216,0.2903519868850708,0.2805100083351135,0.2903519868850708,0.15355601906776428,418594
2001-01-22,0.2805100083351135,0.28543099761009216,0.2805100083351135,0.28543099761009216,0.15624991059303284,398274
2001-01-23,0.2805100083351135,0.2805100083351135,0.2755880057811737,0.2805100083351135,0.15355604887008667,904245
2001-01-24,0.2805100083351135,0.2805100083351135,0.2805100083351135,0.2805100083351135,0.15355604887008667,0
2001-01-25,0.2805100083351135,0.2805100083351135,0.2805100083351135,0.2805100083351135,0.15355604887008667,0
2001-01-26,0.2805100083351135,0.2805100083351135,0.2805100083351135,0.2805100083351135,0.15355604887008667,0
2001-01-29,0.2805100083351135,0.28543099761009216,0.2805100083351135,0.28543099761009216,0.15624991059303284,587663
2001-01-30,0.2805100083351135,0.2805100083351135,0.2755880057811737,0.2805100083351135,0.15355604887008667,794516
2001-01-31,0.2805100083351135,0.28543099761009216,0.2805100083351135,0.28543099761009216,0.15624991059303284,121514
2001-02-01,0.2755880057811737,0.2805100083351135,0.2755880057811737,0.2755880057811737,0.1508617103099823,304801
2001-02-02,0.2706669867038727,0.2755880057811737,0.2706669867038727,0.2755880057811737,0.1508617103099823,268225
2001-02-05,0.2755880057811737,0.2755880057811737,0.2706669867038727,0.2755880057811737,0.1508617103099823,670563
2001-02-06,0.2755880057811737,0.2805100083351135,0.2706669867038727,0.2805100083351135,0.15355604887008667,110744
2001-02-07,0.2706669867038727,0.2755880057811737,0.2706669867038727,0.2755880057811737,0.1508617103099823,123952
2001-02-08,0.2755880057811737,0.2805100083351135,0.2706669867038727,0.2805100083351135,0.15355604887008667,729492
2001-02-09,0.2805100083351135,0.2805100083351135,0.2706669867038727,0.2706669867038727,0.14816783368587494,0
2001-02-12,0.2755880057811737,0.28543099761009216,0.2755880057811737,0.28543099761009216,0.15624991059303284,524259
2001-02-13,0.2805100083351135,0.2903519868850708,0.2805100083351135,0.2903519868850708,0.15894369781017303,437492
2001-02-14,0.28543099761009216,0.2903519868850708,0.28543099761009216,0.28543099761009216,0.15624991059303284,361393
2001-02-15,0.2755880057811737,0.28543099761009216,0.2706669867038727,0.28543099761009216,0.15624991059303284,498147
2001-02-16,0.28543099761009216,0.28543099761009216,0.2755880057811737,0.2755880057811737,0.1508617103099823,0
2001-02-19,0.2805100083351135,0.28543099761009216,0.2805100083351135,0.28543099761009216,0.15624991059303284,219457
2001-02-20,0.28543099761009216,0.28543099761009216,0.2805100083351135,0.2805100083351135,0.15355604887008667,520195
2001-02-21,0.2755880057811737,0.2755880057811737,0.2755880057811737,0.2755880057811737,0.1508617103099823,121920
2001-02-22,0.2755880057811737,0.2805100083351135,0.2755880057811737,0.2805100083351135,0.15355604887008667,263938
2001-02-23,0.2755880057811737,0.3248009979724884,0.2755880057811737,0.31495800614356995,0.17241354286670685,3084594
2001-02-26,0.31988000869750977,0.31988000869750977,0.3100369870662689,0.31495800614356995,0.17241354286670685,1065790
2001-02-27,0.3051159977912903,0.31495800614356995,0.30019500851631165,0.30019500851631165,0.16433194279670715,536532
2001-02-28,0.2952730059623718,0.3100369870662689,0.2952730059623718,0.3100369870662689,0.1697196513414383,802644
2001-03-01,0.3051159977912903,0.3100369870662689,0.28543099761009216,0.28543099761009216,0.15624991059303284,770132
2001-03-02,0.28543099761009216,0.2952730059623718,0.2805100083351135,0.28543099761009216,0.15624991059303284,420931
2001-03-05,0.2903519868850708,0.2952730059623718,0.28543099761009216,0.28543099761009216,0.15624991059303284,469394
2001-03-06,0.2952730059623718,0.2952730059623718,0.2903519868850708,0.2952730059623718,0.16163760423660278,182718
2001-03-07,0.2952730059623718,0.30019500851631165,0.2903519868850708,0.2903519868850708,0.15894369781017303,95667
2001-03-08,0.28543099761009216,0.30019500851631165,0.2805100083351135,0.30019500851631165,0.16433194279670715,252731
2001-03-09,0.2952730059623718,0.30019500851631165,0.2903519868850708,0.2952730059623718,0.16163760423660278,365127
2001-03-12,0.2952730059623718,0.2952730059623718,0.2706669867038727,0.2706669867038727,0.14816783368587494,0
2001-03-13,0.2755880057811737,0.2755880057811737,0.2755880057811737,0.2755880057811737,0.1508617103099823,254001
2001-03-14,0.2755880057811737,0.2755880057811737,0.2755880057811737,0.2755880057811737,0.1508617103099823,0
2001-03-15,0.2755880057811737,0.2805100083351135,0.2706669867038727,0.2805100083351135,0.15355604887008667,256541
2001-03-16,0.2706669867038727,0.28543099761009216,0.2706669867038727,0.2805100083351135,0.15355604887008667,244857
2001-03-19,0.2706669867038727,0.2755880057811737,0.26574599742889404,0.26574599742889404,0.14547395706176758,497842
2001-03-20,0.2755880057811737,0.2755880057811737,0.2608250081539154,0.2706669867038727,0.14816783368587494,662435
2001-03-21,0.2755880057811737,0.2755880057811737,0.2608250081539154,0.2608250081539154,0.14278016984462738,0
2001-03-22,0.26574599742889404,0.2706669867038727,0.26574599742889404,0.2706669867038727,0.14816783368587494,207265
2001-03-23,0.2608250081539154,0.2706669867038727,0.2608250081539154,0.2706669867038727,0.14816783368587494,169286
2001-03-26,0.2706669867038727,0.28543099761009216,0.26574599742889404,0.28543099761009216,0.15624991059303284,1203897
2001-03-27,0.2706669867038727,0.2706669867038727,0.26574599742889404,0.26574599742889404,0.14547395706176758,82702
2001-03-28,0.2755880057811737,0.2755880057811737,0.26574599742889404,0.2706669867038727,0.14816783368587494,122428
2001-03-29,0.26574599742889404,0.2706669867038727,0.26574599742889404,0.2706669867038727,0.14816783368587494,434342
2001-03-30,0.2706669867038727,0.2706669867038727,0.26574599742889404,0.2706669867038727,0.14816783368587494,337313
2001-04-02,0.2706669867038727,0.2706669867038727,0.26574599742889404,0.26574599742889404,0.14547395706176758,168656
2001-04-03,0.2706669867038727,0.2706669867038727,0.2608250081539154,0.2706669867038727,0.14816783368587494,146304
2001-04-04,0.2608250081539154,0.2608250081539154,0.2559039890766144,0.2559039890766144,0.1400863081216812,111760
2001-04-05,0.2559039890766144,0.2559039890766144,0.2559039890766144,0.2559039890766144,0.1400863081216812,0
2001-04-06,0.26574599742889404,0.26574599742889404,0.2559039890766144,0.2559039890766144,0.1400863081216812,147320
2001-04-09,0.2608250081539154,0.2706669867038727,0.25098198652267456,0.25098198652267456,0.13739188015460968,1414044
2001-04-10,0.2559039890766144,0.26574599742889404,0.25098198652267456,0.2559039890766144,0.1400863081216812,565460
2001-04-11,0.2608250081539154,0.2608250081539154,0.2559039890766144,0.2608250081539154,0.14278016984462738,73152
2001-04-12,0.26574599742889404,0.26574599742889404,0.2608250081539154,0.2608250081539154,0.14278016984462738,285497
2001-04-13,0.2608250081539154,0.2608250081539154,0.2608250081539154,0.2608250081539154,0.14278016984462738,0
2001-04-16,0.2608250081539154,0.2608250081539154,0.2608250081539154,0.2608250081539154,0.14278016984462738,0
2001-04-17,0.2608250081539154,0.2608250081539154,0.2559039890766144,0.2608250081539154,0.14278016984462738,345442
2001-04-18,0.2559039890766144,0.2706669867038727,0.2559039890766144,0.2706669867038727,0.14816783368587494,1314711
2001-04-19,0.2706669867038727,0.2706669867038727,0.2608250081539154,0.2608250081539154,0.14278016984462738,427992
2001-04-20,0.2608250081539154,0.2706669867038727,0.2608250081539154,0.2608250081539154,0.14278016984462738,804879
2001-04-23,0.2706669867038727,0.2706669867038727,0.2559039890766144,0.2608250081539154,0.14278016984462738,1159262
2001-04-24,0.2608250081539154,0.2608250081539154,0.2608250081539154,0.2608250081539154,0.14278016984462738,101600
2001-04-25,0.2559039890766144,0.2608250081539154,0.2559039890766144,0.2608250081539154,0.14278016984462738,266193
2001-04-26,0.2559039890766144,0.2608250081539154,0.2559039890766144,0.2608250081539154,0.14278016984462738,266193
2001-04-27,0.2608250081539154,0.2755880057811737,0.2608250081539154,0.2755880057811737,0.1508617103099823,1786138
2001-04-30,0.2755880057811737,0.2755880057811737,0.2755880057811737,0.2755880057811737,0.1508617103099823,0
2001-05-01,0.2755880057811737,0.2755880057811737,0.2755880057811737,0.2755880057811737,0.1508617103099823,0
2001-05-02,0.2755880057811737,0.2755880057811737,0.2706669867038727,0.2755880057811737,0.1508617103099823,146711
2001-05-03,0.2706669867038727,0.2706669867038727,0.2706669867038727,0.2706669867038727,0.14816783368587494,304801
2001-05-04,0.2608250081539154,0.2805100083351135,0.2559039890766144,0.2805100083351135,0.15355604887008667,4720363
2001-05-07,0.2805100083351135,0.30019500851631165,0.2805100083351135,0.30019500851631165,0.16433194279670715,4273180
2001-05-08,0.30019500851631165,0.30019500851631165,0.2952730059623718,0.2952730059623718,0.16163760423660278,1867520
2001-05-09,0.2952730059623718,0.30019500851631165,0.2952730059623718,0.2952730059623718,0.16163760423660278,511254
2001-05-10,0.2952730059623718,0.30019500851631165,0.28543099761009216,0.2952730059623718,0.16163760423660278,663807
2001-05-11,0.2903519868850708,0.2903519868850708,0.28543099761009216,0.28543099761009216,0.15624991059303284,375922
2001-05-14,0.2755880057811737,0.28543099761009216,0.2755880057811737,0.28543099761009216,0.15624991059303284,103632
2001-05-15,0.28543099761009216,0.2903519868850708,0.28543099761009216,0.2903519868850708,0.15894369781017303,133425
2001-05-16,0.28543099761009216,0.30019500851631165,0.28543099761009216,0.2903519868850708,0.15894369781017303,1155503
2001-05-17,0.28543099761009216,0.2952730059623718,0.28543099761009216,0.2952730059623718,0.16163760423660278,1599193
2001-05-18,0.28543099761009216,0.2952730059623718,0.28543099761009216,0.2952730059623718,0.16163760423660278,191009
2001-05-21,0.28543099761009216,0.30019500851631165,0.28543099761009216,0.30019500851631165,0.16433194279670715,501906
2001-05-22,0.2952730059623718,0.3051159977912903,0.2903519868850708,0.2952730059623718,0.16163760423660278,944885
2001-05-23,0.28543099761009216,0.30019500851631165,0.28543099761009216,0.2952730059623718,0.16163760423660278,1110799
2001-05-24,0.2903519868850708,0.3100369870662689,0.2903519868850708,0.2952730059623718,0.16163760423660278,6533443
2001-05-25,0.3051159977912903,0.31495800614356995,0.30019500851631165,0.3051159977912903,0.16702580451965332,3626633
2001-05-28,0.3100369870662689,0.31495800614356995,0.3100369870662689,0.31495800614356995,0.17241354286670685,2260105
2001-05-29,0.3444859981536865,0.3592489957809448,0.31495800614356995,0.3248009979724884,0.177801713347435,12057220
2001-05-30,0.31988000869750977,0.3248009979724884,0.3100369870662689,0.31495800614356995,0.17241354286670685,2310397
2001-05-31,0.31495800614356995,0.31495800614356995,0.3051159977912903,0.3051159977912903,0.16702580451965332,4220907
2001-06-01,0.3051159977912903,0.32972198724746704,0.3051159977912903,0.31495800614356995,0.17241354286670685,6929160
2001-06-04,0.34940698742866516,0.3936980068683624,0.34940698742866516,0.3740130066871643,0.2047412395477295,69889284
2001-06-05,0.36417099833488464,0.3740130066871643,0.33464300632476807,0.3444859981536865,0.18857762217521667,14525570
2001-06-06,0.3395639955997467,0.3395639955997467,0.3248009979724884,0.32972198724746704,0.18049553036689758,5547595
2001-06-07,0.32972198724746704,0.33464300632476807,0.3248009979724884,0.33464300632476807,0.18318940699100494,2474990
2001-06-08,0.33464300632476807,0.33464300632476807,0.3248009979724884,0.32972198724746704,0.18049553036689758,3409716
2001-06-11,0.33464300632476807,0.33464300632476807,0.31495800614356995,0.31495800614356995,0.17241354286670685,3487135
2001-06-12,0.31988000869750977,0.31988000869750977,0.31495800614356995,0.31988000869750977,0.1751079112291336,1581006
2001-06-13,0.31495800614356995,0.31495800614356995,0.30019500851631165,0.3051159977912903,0.16702580451965332,4735603
2001-06-14,0.2952730059623718,0.3051159977912903,0.2805100083351135,0.28543099761009216,0.15624991059303284,4354804
2001-06-15,0.2805100083351135,0.28543099761009216,0.2805100083351135,0.28543099761009216,0.15624991059303284,3395492
2001-06-18,0.2952730059623718,0.2952730059623718,0.28543099761009216,0.2903519868850708,0.15894369781017303,995685
2001-06-19,0.2903519868850708,0.2903519868850708,0.2805100083351135,0.28543099761009216,0.15624991059303284,734572
2001-06-20,0.28543099761009216,0.28543099761009216,0.2805100083351135,0.2805100083351135,0.15355604887008667,1037443
2001-06-21,0.2805100083351135,0.2903519868850708,0.2805100083351135,0.28543099761009216,0.15624991059303284,526494
2001-06-22,0.28543099761009216,0.28543099761009216,0.28543099761009216,0.28543099761009216,0.15624991059303284,1256088
2001-06-25,0.28543099761009216,0.28543099761009216,0.28543099761009216,0.28543099761009216,0.15624991059303284,0
2001-06-26,0.2903519868850708,0.2952730059623718,0.28543099761009216,0.28543099761009216,0.15624991059303284,633987
2001-06-27,0.28543099761009216,0.2903519868850708,0.28543099761009216,0.2903519868850708,0.15894369781017303,250567
2001-06-28,0.28543099761009216,0.2903519868850708,0.28543099761009216,0.28543099761009216,0.15624991059303284,495810
2001-06-29,0.2903519868850708,0.2903519868850708,0.2805100083351135,0.28543099761009216,0.15624991059303284,641099
2001-07-02,0.28543099761009216,0.28543099761009216,0.28543099761009216,0.28543099761009216,0.15624991059303284,0
2001-07-03,0.2903519868850708,0.2903519868850708,0.2805100083351135,0.28543099761009216,0.15624991059303284,321911
2001-07-04,0.2805100083351135,0.28543099761009216,0.2805100083351135,0.28543099761009216,0.15624991059303284,337313
2001-07-05,0.2903519868850708,0.2903519868850708,0.2805100083351135,0.2805100083351135,0.15355604887008667,1117606
2001-07-06,0.2805100083351135,0.2805100083351135,0.2805100083351135,0.2805100083351135,0.15355604887008667,0
2001-07-09,0.2805100083351135,0.28543099761009216,0.2755880057811737,0.2805100083351135,0.15355604887008667,408688
2001-07-10,0.2805100083351135,0.28543099761009216,0.2805100083351135,0.28543099761009216,0.15624991059303284,406402
2001-07-11,0.28543099761009216,0.28543099761009216,0.2755880057811737,0.28543099761009216,0.15624991059303284,873765
2001-07-12,0.28543099761009216,0.28543099761009216,0.2805100083351135,0.2805100083351135,0.15355604887008667,457202
2001-07-13,0.2805100083351135,0.28543099761009216,0.2805100083351135,0.28543099761009216,0.15624991059303284,656339
2001-07-16,0.2952730059623718,0.30019500851631165,0.28543099761009216,0.28543099761009216,0.15624991059303284,1196855
2001-07-17,0.28543099761009216,0.2903519868850708,0.2805100083351135,0.28543099761009216,0.15624991059303284,1133862
2001-07-18,0.28543099761009216,0.28543099761009216,0.2805100083351135,0.28543099761009216,0.15624991059303284,390146
2001-07-19,0.28543099761009216,0.28543099761009216,0.2805100083351135,0.2805100083351135,0.15355604887008667,1035965
2001-07-20,0.2805100083351135,0.28543099761009216,0.2805100083351135,0.2805100083351135,0.15355604887008667,734572
2001-07-23,0.2805100083351135,0.2805100083351135,0.2805100083351135,0.2805100083351135,0.15355604887008667,93574
2001-07-24,0.2755880057811737,0.28543099761009216,0.2755880057811737,0.2805100083351135,0.15355604887008667,436882
2001-07-25,0.2805100083351135,0.2805100083351135,0.2805100083351135,0.2805100083351135,0.15355604887008667,0
2001-07-26,0.2903519868850708,0.3100369870662689,0.2903519868850708,0.30019500851631165,0.16433194279670715,4163694
2001-07-27,0.2952730059623718,0.3100369870662689,0.2952730059623718,0.3100369870662689,0.1697196513414383,1922242
2001-07-30,0.3051159977912903,0.3051159977912903,0.2903519868850708,0.3051159977912903,0.16702580451965332,807724
2001-07-31,0.30019500851631165,0.3100369870662689,0.30019500851631165,0.3051159977912903,0.16702580451965332,1433584
2001-08-01,0.30019500851631165,0.3051159977912903,0.30019500851631165,0.3051159977912903,0.16702580451965332,1072902
2001-08-02,0.30019500851631165,0.3051159977912903,0.30019500851631165,0.3051159977912903,0.16702580451965332,1159791
2001-08-03,0.30019500851631165,0.3051159977912903,0.30019500851631165,0.30019500851631165,0.16433194279670715,568963
2001-08-06,0.3100369870662689,0.3100369870662689,0.2952730059623718,0.2952730059623718,0.16163760423660278,662435
2001-08-07,0.30019500851631165,0.30019500851631165,0.2952730059623718,0.2952730059623718,0.16163760423660278,1942603
2001-08-08,0.2952730059623718,0.30019500851631165,0.2952730059623718,0.30019500851631165,0.16433194279670715,3312179
2001-08-09,0.2952730059623718,0.2952730059623718,0.2952730059623718,0.2952730059623718,0.16163760423660278,1341127
2001-08-10,0.30019500851631165,0.30019500851631165,0.2952730059623718,0.30019500851631165,0.16433194279670715,1625609
2001-08-13,0.30019500851631165,0.3051159977912903,0.30019500851631165,0.3051159977912903,0.16702580451965332,1505720
2001-08-14,0.3051159977912903,0.31988000869750977,0.3051159977912903,0.3100369870662689,0.1697196513414383,3441131
2001-08-15,0.3100369870662689,0.31988000869750977,0.3100369870662689,0.31495800614356995,0.17241354286670685,1428504
2001-08-16,0.31495800614356995,0.31495800614356995,0.3100369870662689,0.31495800614356995,0.17241354286670685,2904761
2001-08-17,0.31495800614356995,0.3248009979724884,0.31495800614356995,0.3248009979724884,0.177801713347435,939297
2001-08-20,0.32972198724746704,0.32972198724746704,0.31495800614356995,0.31495800614356995,0.17241354286670685,680724
2001-08-21,0.3051159977912903,0.3100369870662689,0.3051159977912903,0.3100369870662689,0.1766187995672226,1641865
2001-08-22,0.3100369870662689,0.3100369870662689,0.3051159977912903,0.3100369870662689,0.1766187995672226,1764091
2001-08-23,0.3051159977912903,0.3051159977912903,0.3051159977912903,0.3051159977912903,0.17381545901298523,203201
2001-08-24,0.2952730059623718,0.3051159977912903,0.2903519868850708,0.2903519868850708,0.16540484130382538,1038358
2001-08-27,0.30019500851631165,0.30019500851631165,0.2952730059623718,0.30019500851631165,0.17101208865642548,971301
2001-08-28,0.2952730059623718,0.3100369870662689,0.2903519868850708,0.3100369870662689,0.1766187995672226,469394
2001-08-29,0.30019500851631165,0.3051159977912903,0.30019500851631165,0.30019500851631165,0.17101208865642548,218441
2001-08-30,0.30019500851631165,0.30019500851631165,0.30019500851631165,0.30019500851631165,0.17101208865642548,284481
2001-08-31,0.2952730059623718,0.30019500851631165,0.2952730059623718,0.2952730059623718,0.16820816695690155,261723
2001-09-03,0.2903519868850708,0.3051159977912903,0.2903519868850708,0.2952730059623718,0.16820816695690155,426722
2001-09-04,0.2952730059623718,0.30019500851631165,0.2952730059623718,0.30019500851631165,0.17101208865642548,1788963
2001-09-05,0.2952730059623718,0.30019500851631165,0.2952730059623718,0.30019500851631165,0.17101208865642548,754892
2001-09-06,0.30019500851631165,0.30019500851631165,0.2952730059623718,0.2952730059623718,0.16820816695690155,240387
2001-09-07,0.2952730059623718,0.2952730059623718,0.28543099761009216,0.2952730059623718,0.16820816695690155,1489464
2001-09-10,0.28543099761009216,0.2903519868850708,0.28543099761009216,0.2903519868850708,0.16540484130382538,338034
2001-09-11,0.2903519868850708,0.2952730059623718,0.28543099761009216,0.2952730059623718,0.16820816695690155,839525
2001-09-12,0.2706669867038727,0.2706669867038727,0.2559039890766144,0.2608250081539154,0.14858420193195343,1293416
2001-09-13,0.26574599742889404,0.2706669867038727,0.26574599742889404,0.2706669867038727,0.15419088304042816,672595
2001-09-14,0.2706669867038727,0.2706669867038727,0.2559039890766144,0.26574599742889404,0.1513875275850296,985729
2001-09-17,0.2559039890766144,0.2608250081539154,0.24606099724769592,0.2608250081539154,0.14858420193195343,1092206
2001-09-18,0.2559039890766144,0.2608250081539154,0.2559039890766144,0.2608250081539154,0.14858420193195343,213615
2001-09-19,0.2608250081539154,0.2608250081539154,0.25098198652267456,0.25098198652267456,0.14297690987586975,0
2001-09-20,0.24606099724769592,0.2559039890766144,0.24606099724769592,0.25098198652267456,0.14297690987586975,308865
2001-09-21,0.2559039890766144,0.2559039890766144,0.24310800433158875,0.24606099724769592,0.14017358422279358,731524
2001-09-24,0.24606099724769592,0.24606099724769592,0.24606099724769592,0.24606099724769592,0.14017358422279358,0
2001-09-25,0.2559039890766144,0.2706669867038727,0.25098198652267456,0.25098198652267456,0.14297690987586975,472849
2001-09-26,0.24606099724769592,0.2559039890766144,0.24606099724769592,0.2559039890766144,0.14578084647655487,153670
2001-09-27,0.2559039890766144,0.2559039890766144,0.2559039890766144,0.2559039890766144,0.14578084647655487,132080
2001-09-28,0.2559039890766144,0.2559039890766144,0.2559039890766144,0.2559039890766144,0.14578084647655487,0
2001-10-01,0.2559039890766144,0.2559039890766144,0.2559039890766144,0.2559039890766144,0.14578084647655487,0
2001-10-02,0.2559039890766144,0.2559039890766144,0.2559039890766144,0.2559039890766144,0.14578084647655487,0
2001-10-03,0.2559039890766144,0.2608250081539154,0.2559039890766144,0.2608250081539154,0.14858420193195343,717300
2001-10-04,0.2559039890766144,0.2903519868850708,0.2559039890766144,0.2706669867038727,0.15419088304042816,721364
2001-10-05,0.2608250081539154,0.26574599742889404,0.2608250081539154,0.26574599742889404,0.1513875275850296,130048
2001-10-08,0.2559039890766144,0.26574599742889404,0.2559039890766144,0.26574599742889404,0.1513875275850296,532387
2001-10-09,0.26574599742889404,0.2706669867038727,0.2608250081539154,0.2608250081539154,0.14858420193195343,607571
2001-10-10,0.2608250081539154,0.26574599742889404,0.2559039890766144,0.2559039890766144,0.14578084647655487,162560
2001-10-11,0.2706669867038727,0.2805100083351135,0.26574599742889404,0.2706669867038727,0.15419088304042816,3316243
2001-10-12,0.2608250081539154,0.26574599742889404,0.2559039890766144,0.2559039890766144,0.14578084647655487,213361
2001-10-15,0.2608250081539154,0.2608250081539154,0.2608250081539154,0.2608250081539154,0.14858420193195343,116251
2001-10-16,0.2706669867038727,0.2706669867038727,0.26574599742889404,0.26574599742889404,0.1513875275850296,203201
2001-10-17,0.2608250081539154,0.26574599742889404,0.2608250081539154,0.26574599742889404,0.1513875275850296,237364
2001-10-18,0.2755880057811737,0.2755880057811737,0.2559039890766144,0.2559039890766144,0.14578084647655487,0
2001-10-19,0.26574599742889404,0.26574599742889404,0.2608250081539154,0.26574599742889404,0.1513875275850296,386082
2001-10-22,0.2559039890766144,0.2608250081539154,0.2559039890766144,0.2608250081539154,0.14858420193195343,254001
2001-10-23,0.26574599742889404,0.26574599742889404,0.26574599742889404,0.26574599742889404,0.1513875275850296,138430
2001-10-24,0.2805100083351135,0.2805100083351135,0.2608250081539154,0.2608250081539154,0.14858420193195343,0
2001-10-25,0.2608250081539154,0.2608250081539154,0.2608250081539154,0.2608250081539154,0.14858420193195343,0
2001-10-26,0.2706669867038727,0.2706669867038727,0.26574599742889404,0.26574599742889404,0.1513875275850296,203455
2001-10-29,0.2706669867038727,0.2706669867038727,0.2608250081539154,0.2608250081539154,0.14858420193195343,0
2001-10-30,0.2559039890766144,0.2608250081539154,0.2559039890766144,0.2559039890766144,0.14578084647655487,338431
2001-10-31,0.2608250081539154,0.26574599742889404,0.2559039890766144,0.26574599742889404,0.1513875275850296,1940571
2001-11-01,0.26574599742889404,0.2706669867038727,0.2608250081539154,0.2706669867038727,0.15419088304042816,874120
2001-11-02,0.26574599742889404,0.2706669867038727,0.26574599742889404,0.2706669867038727,0.15419088304042816,441149
2001-11-05,0.2706669867038727,0.2805100083351135,0.2706669867038727,0.2755880057811737,0.1569942831993103,1333203
2001-11-06,0.2755880057811737,0.2805100083351135,0.2755880057811737,0.2755880057811737,0.1569942831993103,274321
2001-11-07,0.2706669867038727,0.2755880057811737,0.2706669867038727,0.2755880057811737,0.1569942831993103,201169
2001-11-08,0.2755880057811737,0.2805100083351135,0.2755880057811737,0.2805100083351135,0.15979816019535065,737620
2001-11-09,0.2805100083351135,0.2805100083351135,0.2805100083351135,0.2805100083351135,0.15979816019535065,0
2001-11-12,0.2755880057811737,0.2805100083351135,0.2755880057811737,0.2805100083351135,0.15979816019535065,40640
2001-11-13,0.2805100083351135,0.2805100083351135,0.2755880057811737,0.2805100083351135,0.15979816019535065,121920
2001-11-14,0.2805100083351135,0.28543099761009216,0.2805100083351135,0.28543099761009216,0.16260148584842682,172721
2001-11-15,0.2805100083351135,0.2805100083351135,0.2755880057811737,0.2805100083351135,0.15979816019535065,804676
2001-11-16,0.2805100083351135,0.2805100083351135,0.2755880057811737,0.2755880057811737,0.1569942831993103,497842
2001-11-19,0.2805100083351135,0.2805100083351135,0.2755880057811737,0.2755880057811737,0.1569942831993103,737823
2001-11-20,0.2805100083351135,0.2952730059623718,0.2755880057811737,0.2755880057811737,0.1569942831993103,1678548
2001-11-21,0.2805100083351135,0.2805100083351135,0.2755880057811737,0.2755880057811737,0.1569942831993103,721364
2001-11-22,0.2755880057811737,0.2755880057811737,0.2755880057811737,0.2755880057811737,0.1569942831993103,235713
2001-11-23,0.2805100083351135,0.2805100083351135,0.2755880057811737,0.2805100083351135,0.15979816019535065,172721
2001-11-26,0.2805100083351135,0.2805100083351135,0.2755880057811737,0.2755880057811737,0.1569942831993103,774196
2001-11-27,0.2805100083351135,0.2805100083351135,0.26574599742889404,0.2755880057811737,0.1569942831993103,617731
2001-11-28,0.2706669867038727,0.2706669867038727,0.2706669867038727,0.2706669867038727,0.15419088304042816,223521
2001-11-29,0.2706669867038727,0.2706669867038727,0.2706669867038727,0.2706669867038727,0.15419088304042816,203201
2001-11-30,0.2755880057811737,0.2805100083351135,0.2755880057811737,0.2805100083351135,0.15979816019535065,306452
2001-12-03,0.2706669867038727,0.2706669867038727,0.2706669867038727,0.2706669867038727,0.15419088304042816,355602
2001-12-04,0.2755880057811737,0.2805100083351135,0.2706669867038727,0.2805100083351135,0.15979816019535065,2224890
2001-12-05,0.2805100083351135,0.2903519868850708,0.2805100083351135,0.28543099761009216,0.16260148584842682,2243341
2001-12-06,0.2903519868850708,0.2952730059623718,0.2805100083351135,0.2805100083351135,0.15979816019535065,1435646
2001-12-07,0.2755880057811737,0.28543099761009216,0.2755880057811737,0.2755880057811737,0.1569942831993103,213361
2001-12-10,0.2755880057811737,0.2805100083351135,0.2755880057811737,0.2755880057811737,0.1569942831993103,1132684
2001-12-11,0.2755880057811737,0.2805100083351135,0.2755880057811737,0.2755880057811737,0.1569942831993103,821136
2001-12-12,0.2755880057811737,0.2805100083351135,0.2706669867038727,0.2805100083351135,0.15979816019535065,733048
2001-12-13,0.2805100083351135,0.2805100083351135,0.2755880057811737,0.2755880057811737,0.1569942831993103,631955
2001-12-14,0.2755880057811737,0.2755880057811737,0.2706669867038727,0.2706669867038727,0.15419088304042816,634241
2001-12-17,0.2706669867038727,0.2805100083351135,0.2706669867038727,0.2706669867038727,0.15419088304042816,558803
2001-12-18,0.2755880057811737,0.2755880057811737,0.2755880057811737,0.2755880057811737,0.1569942831993103,245873
2001-12-19,0.2805100083351135,0.2805100083351135,0.26574599742889404,0.26574599742889404,0.1513875275850296,477522
2001-12-20,0.26574599742889404,0.2755880057811737,0.26574599742889404,0.2755880057811737,0.1569942831993103,335281
2001-12-21,0.26574599742889404,0.2706669867038727,0.26574599742889404,0.2706669867038727,0.15419088304042816,91440
2001-12-24,0.26574599742889404,0.26574599742889404,0.26574599742889404,0.26574599742889404,0.1513875275850296,22352
2001-12-25,0.26574599742889404,0.26574599742889404,0.26574599742889404,0.26574599742889404,0.1513875275850296,0
2001-12-26,0.26574599742889404,0.26574599742889404,0.26574599742889404,0.26574599742889404,0.1513875275850296,0
2001-12-27,0.2755880057811737,0.2755880057811737,0.26574599742889404,0.2706669867038727,0.15419088304042816,345442
2001-12-28,0.2706669867038727,0.2706669867038727,0.2706669867038727,0.2706669867038727,0.15419088304042816,13716
2001-12-31,0.2755880057811737,0.2805100083351135,0.2755880057811737,0.2805100083351135,0.15979816019535065,203201
2002-01-01,0.2805100083351135,0.2805100083351135,0.2805100083351135,0.2805100083351135,0.15979816019535065,0
2002-01-02,0.2755880057811737,0.2755880057811737,0.2755880057811737,0.2755880057811737,0.1569942831993103,34544
2002-01-03,0.2755880057811737,0.2755880057811737,0.2755880057811737,0.2755880057811737,0.1569942831993103,0
2002-01-04,0.2805100083351135,0.2805100083351135,0.2755880057811737,0.2805100083351135,0.15979816019535065,985017
2002-01-07,0.2805100083351135,0.2805100083351135,0.2706669867038727,0.2755880057811737,0.1569942831993103,472036
2002-01-08,0.2755880057811737,0.2755880057811737,0.2755880057811737,0.2755880057811737,0.1569942831993103,680724
2002-01-09,0.2755880057811737,0.2755880057811737,0.2706669867038727,0.2706669867038727,0.15419088304042816,300940
2002-01-10,0.2706669867038727,0.2755880057811737,0.2706669867038727,0.2755880057811737,0.1569942831993103,219457
2002-01-11,0.2755880057811737,0.2755880057811737,0.2706669867038727,0.2706669867038727,0.15419088304042816,849685
2002-01-14,0.2706669867038727,0.2755880057811737,0.26574599742889404,0.26574599742889404,0.1513875275850296,857763
2002-01-15,0.26574599742889404,0.2706669867038727,0.26574599742889404,0.26574599742889404,0.1513875275850296,612931
2002-01-16,0.2706669867038727,0.2706669867038727,0.26574599742889404,0.26574599742889404,0.1513875275850296,437390
2002-01-17,0.26574599742889404,0.2706669867038727,0.26574599742889404,0.2706669867038727,0.15419088304042816,264161
2002-01-18,0.26574599742889404,0.2755880057811737,0.26574599742889404,0.2755880057811737,0.1569942831993103,805311
2002-01-21,0.26574599742889404,0.2706669867038727,0.26574599742889404,0.26574599742889404,0.1513875275850296,152400
2002-01-22,0.26574599742889404,0.26574599742889404,0.26574599742889404,0.26574599742889404,0.1513875275850296,274321
2002-01-23,0.26574599742889404,0.26574599742889404,0.2608250081539154,0.26574599742889404,0.1513875275850296,467362
2002-01-24,0.26574599742889404,0.26574599742889404,0.2608250081539154,0.2608250081539154,0.14858420193195343,60960
2002-01-25,0.26574599742889404,0.2706669867038727,0.2608250081539154,0.26574599742889404,0.1513875275850296,111760
2002-01-28,0.26574599742889404,0.26574599742889404,0.2608250081539154,0.2608250081539154,0.1513875275850296,375922
2002-01-29,0.2608250081539154,0.26574599742889404,0.2608250081539154,0.26574599742889404,0.15424376726150513,536552
2002-01-30,0.2608250081539154,0.2608250081539154,0.2608250081539154,0.2608250081539154,0.1513875275850296,203201
2002-01-31,0.2608250081539154,0.2608250081539154,0.2608250081539154,0.2608250081539154,0.1513875275850296,0
2002-02-01,0.2706669867038727,0.2706669867038727,0.2608250081539154,0.26574599742889404,0.15424376726150513,182881
2002-02-04,0.26574599742889404,0.26574599742889404,0.26574599742889404,0.26574599742889404,0.15424376726150513,40640
2002-02-05,0.2608250081539154,0.26574599742889404,0.2559039890766144,0.26574599742889404,0.15424376726150513,885957
2002-02-06,0.26574599742889404,0.26574599742889404,0.26574599742889404,0.26574599742889404,0.15424376726150513,576964
2002-02-07,0.2608250081539154,0.2608250081539154,0.2608250081539154,0.2608250081539154,0.1513875275850296,640083
2002-02-08,0.26574599742889404,0.26574599742889404,0.26574599742889404,0.26574599742889404,0.15424376726150513,609603
2002-02-11,0.26574599742889404,0.2755880057811737,0.26574599742889404,0.2755880057811737,0.15995624661445618,219457
2002-02-12,0.2755880057811737,0.2755880057811737,0.2755880057811737,0.2755880057811737,0.15995624661445618,0
2002-02-13,0.2755880057811737,0.2755880057811737,0.2755880057811737,0.2755880057811737,0.15995624661445618,0
2002-02-14,0.2755880057811737,0.2755880057811737,0.2755880057811737,0.2755880057811737,0.15995624661445618,0
2002-02-15,0.2755880057811737,0.2755880057811737,0.2706669867038727,0.2706669867038727,0.15710000693798065,508003
2002-02-18,0.2755880057811737,0.2755880057811737,0.26574599742889404,0.2755880057811737,0.15995624661445618,874781
2002-02-19,0.2755880057811737,0.2755880057811737,0.2755880057811737,0.2755880057811737,0.15995624661445618,913970
2002-02-20,0.2755880057811737,0.2755880057811737,0.2755880057811737,0.2755880057811737,0.15995624661445618,887989
2002-02-21,0.2755880057811737,0.2805100083351135,0.2755880057811737,0.2805100083351135,0.16281306743621826,1558692
2002-02-22,0.2805100083351135,0.2805100083351135,0.2755880057811737,0.2805100083351135,0.16281306743621826,1322839
2002-02-25,0.28543099761009216,0.28543099761009216,0.2805100083351135,0.2805100083351135,0.16281306743621826,1066806
2002-02-26,0.2805100083351135,0.28543099761009216,0.2805100083351135,0.28543099761009216,0.1656692922115326,951845
2002-02-27,0.28543099761009216,0.2903519868850708,0.28543099761009216,0.28543099761009216,0.1656692922115326,1288592
2002-02-28,0.2903519868850708,0.2903519868850708,0.28543099761009216,0.28543099761009216,0.1656692922115326,410669
2002-03-01,0.28543099761009216,0.2952730059623718,0.28543099761009216,0.2952730059623718,0.17138180136680603,733556
2002-03-04,0.2952730059623718,0.3051159977912903,0.2952730059623718,0.3051159977912903,0.17709480226039886,1989339
2002-03-05,0.3100369870662689,0.3100369870662689,0.30019500851631165,0.30019500851631165,0.17423859238624573,1696425
2002-03-06,0.30019500851631165,0.3100369870662689,0.30019500851631165,0.3100369870662689,0.17995107173919678,3350914
2002-03-07,0.31495800614356995,0.32972198724746704,0.31495800614356995,0.31495800614356995,0.1828073114156723,4505478
2002-03-08,0.31988000869750977,0.31988000869750977,0.31495800614356995,0.31495800614356995,0.1828073114156723,2195690
2002-03-11,0.31988000869750977,0.31988000869750977,0.3051159977912903,0.31495800614356995,0.1828073114156723,2123554
2002-03-12,0.31495800614356995,0.31988000869750977,0.3100369870662689,0.3100369870662689,0.17995107173919678,2211540
2002-03-13,0.31495800614356995,0.31495800614356995,0.31495800614356995,0.31495800614356995,0.1828073114156723,944885
2002-03-14,0.31495800614356995,0.31988000869750977,0.31495800614356995,0.31988000869750977,0.1856641173362732,1306888
2002-03-15,0.31988000869750977,0.31988000869750977,0.3100369870662689,0.31495800614356995,0.1828073114156723,1910091
2002-03-18,0.31988000869750977,0.31988000869750977,0.31495800614356995,0.31495800614356995,0.1828073114156723,1300487
2002-03-19,0.31495800614356995,0.31495800614356995,0.31495800614356995,0.31495800614356995,0.1828073114156723,631955
2002-03-20,0.31495800614356995,0.31988000869750977,0.31495800614356995,0.31495800614356995,0.1828073114156723,2862952
2002-03-21,0.31495800614356995,0.31495800614356995,0.3100369870662689,0.31495800614356995,0.1828073114156723,725743
2002-03-22,0.31495800614356995,0.31988000869750977,0.3100369870662689,0.31988000869750977,0.1856641173362732,2217687
2002-03-25,0.31988000869750977,0.3248009979724884,0.31988000869750977,0.3248009979724884,0.18852034211158752,609603
2002-03-26,0.31988000869750977,0.31988000869750977,0.31495800614356995,0.31495800614356995,0.1828073114156723,511660
2002-03-27,0.3248009979724884,0.3248009979724884,0.31988000869750977,0.31988000869750977,0.1856641173362732,223521
2002-03-28,0.3248009979724884,0.3248009979724884,0.31988000869750977,0.31988000869750977,0.1856641173362732,252172
2002-03-29,0.31988000869750977,0.31988000869750977,0.31988000869750977,0.31988000869750977,0.1856641173362732,0
2002-04-01,0.31988000869750977,0.31988000869750977,0.31988000869750977,0.31988000869750977,0.1856641173362732,0
2002-04-02,0.31988000869750977,0.3248009979724884,0.31495800614356995,0.31495800614356995,0.1828073114156723,589791
2002-04-03,0.31988000869750977,0.31988000869750977,0.31495800614356995,0.31495800614356995,0.1828073114156723,365762
2002-04-04,0.31495800614356995,0.31988000869750977,0.31495800614356995,0.31495800614356995,0.1828073114156723,146304
2002-04-05,0.31495800614356995,0.31495800614356995,0.31495800614356995,0.31495800614356995,0.1828073114156723,0
2002-04-08,0.31988000869750977,0.31988000869750977,0.31988000869750977,0.31988000869750977,0.1856641173362732,508003
2002-04-09,0.31988000869750977,0.31988000869750977,0.31495800614356995,0.31988000869750977,0.1856641173362732,359666
2002-04-10,0.31495800614356995,0.31988000869750977,0.31495800614356995,0.31988000869750977,0.1856641173362732,395480
2002-04-11,0.31988000869750977,0.3248009979724884,0.31988000869750977,0.3248009979724884,0.18852034211158752,162560
2002-04-12,0.31988000869750977,0.31988000869750977,0.31988000869750977,0.31988000869750977,0.1856641173362732,203201
2002-04-15,0.31495800614356995,0.31988000869750977,0.3100369870662689,0.31495800614356995,0.1828073114156723,359869
2002-04-16,0.31988000869750977,0.31988000869750977,0.31495800614356995,0.31988000869750977,0.1856641173362732,756924
2002-04-17,0.31988000869750977,0.31988000869750977,0.31495800614356995,0.31495800614356995,0.1828073114156723,483237
2002-04-18,0.31495800614356995,0.31495800614356995,0.31495800614356995,0.31495800614356995,0.1828073114156723,396851
2002-04-19,0.31495800614356995,0.31988000869750977,0.31495800614356995,0.31988000869750977,0.1856641173362732,964555
2002-04-22,0.31988000869750977,0.3248009979724884,0.31988000869750977,0.3248009979724884,0.18852034211158752,827536
2002-04-23,0.3248009979724884,0.32972198724746704,0.31495800614356995,0.32972198724746704,0.19137656688690186,1066806
2002-04-24,0.33464300632476807,0.33464300632476807,0.3248009979724884,0.3248009979724884,0.18852034211158752,928934
2002-04-25,0.31495800614356995,0.31988000869750977,0.31495800614356995,0.31988000869750977,0.1856641173362732,182881
2002-04-26,0.31988000869750977,0.31988000869750977,0.31495800614356995,0.31495800614356995,0.1828073114156723,335281
2002-04-29,0.31495800614356995,0.31495800614356995,0.3100369870662689,0.3100369870662689,0.17995107173919678,323089
2002-04-30,0.3100369870662689,0.31495800614356995,0.3100369870662689,0.3100369870662689,0.17995107173919678,215393
2002-05-01,0.3100369870662689,0.3100369870662689,0.3100369870662689,0.3100369870662689,0.17995107173919678,0
2002-05-02,0.31495800614356995,0.33464300632476807,0.31495800614356995,0.31988000869750977,0.1856641173362732,489430
2002-05-03,0.31495800614356995,0.3248009979724884,0.31495800614356995,0.3248009979724884,0.18852034211158752,333757
2002-05-06,0.31988000869750977,0.31988000869750977,0.31988000869750977,0.31988000869750977,0.1856641173362732,304801
2002-05-07,0.31988000869750977,0.31988000869750977,0.31495800614356995,0.31988000869750977,0.1856641173362732,940059
2002-05-08,0.31988000869750977,0.31988000869750977,0.31988000869750977,0.31988000869750977,0.1856641173362732,712092
2002-05-09,0.31988000869750977,0.3248009979724884,0.31988000869750977,0.31988000869750977,0.1856641173362732,995685
2002-05-10,0.3248009979724884,0.3248009979724884,0.31495800614356995,0.31495800614356995,0.1828073114156723,0
2002-05-13,0.31988000869750977,0.31988000869750977,0.31495800614356995,0.31495800614356995,0.1828073114156723,1001324
2002-05-14,0.31988000869750977,0.31988000869750977,0.31988000869750977,0.31988000869750977,0.1856641173362732,172721
2002-05-15,0.3248009979724884,0.33464300632476807,0.31988000869750977,0.32972198724746704,0.19137656688690186,1406660
2002-05-16,0.3248009979724884,0.33464300632476807,0.3248009979724884,0.3248009979724884,0.18852034211158752,1650095
2002-05-17,0.3248009979724884,0.32972198724746704,0.3248009979724884,0.3248009979724884,0.18852034211158752,1244912
2002-05-20,0.3248009979724884,0.3248009979724884,0.3248009979724884,0.3248009979724884,0.18852034211158752,0
2002-05-21,0.3248009979724884,0.32972198724746704,0.31988000869750977,0.32972198724746704,0.19137656688690186,538757
2002-05-22,0.3248009979724884,0.33464300632476807,0.3248009979724884,0.32972198724746704,0.19137656688690186,627189
2002-05-23,0.33464300632476807,0.33464300632476807,0.3248009979724884,0.3248009979724884,0.18852034211158752,386082
2002-05-24,0.32972198724746704,0.32972198724746704,0.3248009979724884,0.3248009979724884,0.18852034211158752,363269
2002-05-27,0.3248009979724884,0.3248009979724884,0.31988000869750977,0.3248009979724884,0.18852034211158752,1069955
2002-05-28,0.3248009979724884,0.3248009979724884,0.3248009979724884,0.3248009979724884,0.18852034211158752,277877
2002-05-29,0.31988000869750977,0.3248009979724884,0.31988000869750977,0.3248009979724884,0.18852034211158752,604523
2002-05-30,0.3248009979724884,0.32972198724746704,0.31988000869750977,0.31988000869750977,0.1856641173362732,91440
2002-05-31,0.31495800614356995,0.31495800614356995,0.31495800614356995,0.31495800614356995,0.1828073114156723,335281
2002-06-03,0.31495800614356995,0.31988000869750977,0.2903519868850708,0.31495800614356995,0.1828073114156723,1009909
2002-06-04,0.3100369870662689,0.3100369870662689,0.3051159977912903,0.3100369870662689,0.17995107173919678,418045
2002-06-05,0.3100369870662689,0.31495800614356995,0.3051159977912903,0.3051159977912903,0.17709480226039886,314961
2002-06-06,0.3051159977912903,0.3051159977912903,0.30019500851631165,0.30019500851631165,0.17423859238624573,65227
2002-06-07,0.30019500851631165,0.30019500851631165,0.30019500851631165,0.30019500851631165,0.17423859238624573,101600
2002-06-10,0.30019500851631165,0.30019500851631165,0.30019500851631165,0.30019500851631165,0.17423859238624573,81280
2002-06-11,0.2952730059623718,0.3100369870662689,0.2952730059623718,0.3051159977912903,0.17709480226039886,209297
2002-06-12,0.3051159977912903,0.3051159977912903,0.3051159977912903,0.3051159977912903,0.17709480226039886,30480
2002-06-13,0.3051159977912903,0.3051159977912903,0.2952730059623718,0.2952730059623718,0.17138180136680603,325121
2002-06-14,0.3051159977912903,0.3100369870662689,0.3051159977912903,0.3100369870662689,0.17995107173919678,91440
2002-06-17,0.3100369870662689,0.3100369870662689,0.3051159977912903,0.3051159977912903,0.17709480226039886,201169
2002-06-18,0.3051159977912903,0.3051159977912903,0.2952730059623718,0.2952730059623718,0.17138180136680603,304801
2002-06-19,0.30019500851631165,0.30019500851631165,0.2903519868850708,0.2903519868850708,0.16852550208568573,568963
2002-06-20,0.2952730059623718,0.3051159977912903,0.2952730059623718,0.2952730059623718,0.17138180136680603,254001
2002-06-21,0.2952730059623718,0.2952730059623718,0.28543099761009216,0.28543099761009216,0.1656692922115326,209297
2002-06-24,0.2952730059623718,0.30019500851631165,0.2952730059623718,0.30019500851631165,0.17423859238624573,209297
2002-06-25,0.2952730059623718,0.2952730059623718,0.2903519868850708,0.2903519868850708,0.16852550208568573,346422
2002-06-26,0.2903519868850708,0.30019500851631165,0.2903519868850708,0.2952730059623718,0.17138180136680603,256033
2002-06-27,0.2952730059623718,0.2952730059623718,0.28543099761009216,0.28543099761009216,0.1656692922115326,272391
2002-06-28,0.3051159977912903,0.3051159977912903,0.30019500851631165,0.30019500851631165,0.17423859238624573,84836
2002-07-01,0.30019500851631165,0.30019500851631165,0.30019500851631165,0.30019500851631165,0.17423859238624573,0
2002-07-02,0.28543099761009216,0.28543099761009216,0.28543099761009216,0.28543099761009216,0.1656692922115326,81280
2002-07-03,0.28543099761009216,0.2903519868850708,0.2805100083351135,0.2805100083351135,0.16281306743621826,526291
2002-07-04,0.2952730059623718,0.2952730059623718,0.2952730059623718,0.2952730059623718,0.17138180136680603,213361
2002-07-05,0.2952730059623718,0.30019500851631165,0.2952730059623718,0.30019500851631165,0.17423859238624573,154432
2002-07-08,0.2952730059623718,0.3051159977912903,0.2952730059623718,0.3051159977912903,0.17709480226039886,300737
2002-07-09,0.30019500851631165,0.30019500851631165,0.30019500851631165,0.30019500851631165,0.17423859238624573,91440
2002-07-10,0.3051159977912903,0.3051159977912903,0.30019500851631165,0.3051159977912903,0.17709480226039886,304801
2002-07-11,0.2952730059623718,0.2952730059623718,0.2952730059623718,0.2952730059623718,0.17138180136680603,81280
2002-07-12,0.30019500851631165,0.30019500851631165,0.2903519868850708,0.2952730059623718,0.17138180136680603,345442
2002-07-15,0.2903519868850708,0.2952730059623718,0.2903519868850708,0.2903519868850708,0.16852550208568573,160630
2002-07-16,0.2952730059623718,0.2952730059623718,0.2755880057811737,0.28543099761009216,0.1656692922115326,755908
2002-07-17,0.2903519868850708,0.2903519868850708,0.2755880057811737,0.2805100083351135,0.16281306743621826,1345191
2002-07-18,0.28543099761009216,0.2903519868850708,0.2755880057811737,0.2755880057811737,0.15995624661445618,905388
2002-07-19,0.2805100083351135,0.2805100083351135,0.2755880057811737,0.2755880057811737,0.15995624661445618,268428
2002-07-22,0.26574599742889404,0.2706669867038727,0.26574599742889404,0.2706669867038727,0.15710000693798065,352554
2002-07-23,0.2755880057811737,0.2755880057811737,0.2755880057811737,0.2755880057811737,0.15995624661445618,390146
2002-07-24,0.2903519868850708,0.2903519868850708,0.2755880057811737,0.2755880057811737,0.15995624661445618,0
2002-07-25,0.2755880057811737,0.2805100083351135,0.2706669867038727,0.2706669867038727,0.15710000693798065,440933
2002-07-26,0.2706669867038727,0.2706669867038727,0.2559039890766144,0.2608250081539154,0.1513875275850296,1428027
2002-07-29,0.2706669867038727,0.2755880057811737,0.2608250081539154,0.2608250081539154,0.1513875275850296,306478
2002-07-30,0.26574599742889404,0.2706669867038727,0.2608250081539154,0.2706669867038727,0.15710000693798065,329566
2002-07-31,0.2608250081539154,0.26574599742889404,0.2559039890766144,0.2608250081539154,0.1513875275850296,587454
2002-08-01,0.2608250081539154,0.26574599742889404,0.2559039890766144,0.2559039890766144,0.14853130280971527,626266
2002-08-02,0.2559039890766144,0.2608250081539154,0.2559039890766144,0.2559039890766144,0.14853130280971527,995817
2002-08-05,0.2559039890766144,0.2608250081539154,0.2559039890766144,0.2608250081539154,0.1513875275850296,62992
2002-08-06,0.25098198652267456,0.2608250081539154,0.25098198652267456,0.25098198652267456,0.1456744521856308,276861
2002-08-07,0.25098198652267456,0.2559039890766144,0.25098198652267456,0.2559039890766144,0.14853130280971527,165710
2002-08-08,0.2559039890766144,0.2559039890766144,0.25098198652267456,0.2559039890766144,0.14853130280971527,123932
2002-08-09,0.2559039890766144,0.2559039890766144,0.25098198652267456,0.25098198652267456,0.1456744521856308,208128
2002-08-12,0.24606099724769592,0.25098198652267456,0.24606099724769592,0.24606099724769592,0.14281825721263885,355906
2002-08-13,0.2450769990682602,0.25098198652267456,0.24409300088882446,0.25098198652267456,0.1456744521856308,557279
2002-08-14,0.25098198652267456,0.25098198652267456,0.24212400615215302,0.24212400615215302,0.14053310453891754,401119
2002-08-15,0.24606099724769592,0.24606099724769592,0.24212400615215302,0.24212400615215302,0.14053310453891754,247905
2002-08-16,0.2450769990682602,0.2450769990682602,0.24409300088882446,0.2450769990682602,0.1422470659017563,195276
2002-08-19,0.24606099724769592,0.2559039890766144,0.24606099724769592,0.2559039890766144,0.14853130280971527,272035
2002-08-20,0.24606099724769592,0.25098198652267456,0.24606099724769592,0.25098198652267456,0.1515011340379715,335383
2002-08-21,0.24606099724769592,0.24606099724769592,0.24606099724769592,0.24606099724769592,0.14853070676326752,50800
2002-08-22,0.25098198652267456,0.2608250081539154,0.25098198652267456,0.2608250081539154,0.15744273364543915,103632
2002-08-23,0.2608250081539154,0.2608250081539154,0.2608250081539154,0.2608250081539154,0.15744273364543915,0
2002-08-26,0.2608250081539154,0.2608250081539154,0.25098198652267456,0.25098198652267456,0.1515011340379715,54864
2002-08-27,0.25098198652267456,0.25098198652267456,0.24606099724769592,0.24606099724769592,0.14853070676326752,99974
2002-08-28,0.25098198652267456,0.25098198652267456,0.2450769990682602,0.2450769990682602,0.14793667197227478,172924
2002-08-29,0.25098198652267456,0.25098198652267456,0.24606099724769592,0.24606099724769592,0.14853070676326752,199238
2002-08-30,0.24606099724769592,0.25098198652267456,0.24606099724769592,0.25098198652267456,0.1515011340379715,184689
2002-09-02,0.2559039890766144,0.26574599742889404,0.25098198652267456,0.25098198652267456,0.1515011340379715,2483118
2002-09-03,0.2608250081539154,0.2608250081539154,0.24606099724769592,0.24606099724769592,0.14853070676326752,124155
2002-09-04,0.24606099724769592,0.2559039890766144,0.24606099724769592,0.2559039890766144,0.1544722467660904,506682
2002-09-05,0.25098198652267456,0.25098198652267456,0.24310800433158875,0.24310800433158875,0.1467481404542923,306935
2002-09-06,0.25098198652267456,0.25098198652267456,0.24606099724769592,0.25098198652267456,0.1515011340379715,266193
2002-09-09,0.24606099724769592,0.25098198652267456,0.24606099724769592,0.25098198652267456,0.1515011340379715,34747
2002-09-10,0.2450769990682602,0.24606099724769592,0.2450769990682602,0.24606099724769592,0.14853070676326752,121920
2002-09-11,0.24606099724769592,0.24606099724769592,0.24606099724769592,0.24606099724769592,0.14853070676326752,38709
2002-09-12,0.2559039890766144,0.2559039890766144,0.25098198652267456,0.25098198652267456,0.1515011340379715,162560
2002-09-13,0.2559039890766144,0.2559039890766144,0.24606099724769592,0.24606099724769592,0.14853070676326752,0
2002-09-16,0.25098198652267456,0.25098198652267456,0.2450769990682602,0.2450769990682602,0.14793667197227478,150470
2002-09-17,0.24606099724769592,0.24606099724769592,0.2450769990682602,0.2450769990682602,0.14793667197227478,95250
2002-09-18,0.24606099724769592,0.25098198652267456,0.24409300088882446,0.24409300088882446,0.1473427563905716,589029
2002-09-19,0.24409300088882446,0.24409300088882446,0.24409300088882446,0.24409300088882446,0.1473427563905716,71120
2002-09-20,0.24606099724769592,0.24606099724769592,0.24409300088882446,0.24409300088882446,0.1473427563905716,785118
2002-09-23,0.24409300088882446,0.24409300088882446,0.24310800433158875,0.24310800433158875,0.1467481404542923,121920
2002-09-24,0.24310800433158875,0.24310800433158875,0.24015599489212036,0.24310800433158875,0.1467481404542923,685804
2002-09-25,0.2411399930715561,0.24310800433158875,0.23917099833488464,0.24310800433158875,0.1467481404542923,341378
2002-09-26,0.24212400615215302,0.24409300088882446,0.2411399930715561,0.24212400615215302,0.14615416526794434,589283
2002-09-27,0.2411399930715561,0.24606099724769592,0.23720300197601318,0.24310800433158875,0.1467481404542923,786388
2002-09-30,0.24015599489212036,0.2450769990682602,0.23917099833488464,0.2450769990682602,0.14793667197227478,467362
2002-10-01,0.2450769990682602,0.2450769990682602,0.2450769990682602,0.2450769990682602,0.14793667197227478,0
2002-10-02,0.24409300088882446,0.2450769990682602,0.24015599489212036,0.2411399930715561,0.14556021988391876,477522
2002-10-03,0.24212400615215302,0.24409300088882446,0.2381870001554489,0.23917099833488464,0.1443716585636139,1306202
2002-10-04,0.24015599489212036,0.2411399930715561,0.23621900379657745,0.2411399930715561,0.14556021988391876,1148086
2002-10-07,0.23621900379657745,0.2381870001554489,0.23228199779987335,0.2381870001554489,0.14377769827842712,755908
2002-10-08,0.23228199779987335,0.24015599489212036,0.23228199779987335,0.23917099833488464,0.1443716585636139,572011
2002-10-09,0.2342499941587448,0.2381870001554489,0.2342499941587448,0.2381870001554489,0.14377769827842712,802644
2002-10-10,0.23621900379657745,0.2381870001554489,0.23326599597930908,0.2381870001554489,0.14377769827842712,1228351
2002-10-11,0.23621900379657745,0.23917099833488464,0.2342499941587448,0.23523400723934174,0.1419951617717743,802898
2002-10-14,0.23523400723934174,0.23523400723934174,0.23523400723934174,0.23523400723934174,0.1419951617717743,0
2002-10-15,0.23917099833488464,0.24212400615215302,0.23917099833488464,0.24212400615215302,0.14615416526794434,539373
2002-10-16,0.24212400615215302,0.24409300088882446,0.2411399930715561,0.24409300088882446,0.1473427563905716,927867
2002-10-17,0.24015599489212036,0.24409300088882446,0.2381870001554489,0.24409300088882446,0.1473427563905716,570995
2002-10-18,0.24409300088882446,0.24409300088882446,0.24015599489212036,0.24015599489212036,0.1449662446975708,0
2002-10-21,0.24409300088882446,0.24409300088882446,0.2411399930715561,0.2411399930715561,0.14556021988391876,0
2002-10-22,0.24409300088882446,0.2450769990682602,0.24310800433158875,0.2450769990682602,0.14793667197227478,304801
2002-10-23,0.2411399930715561,0.2411399930715561,0.2411399930715561,0.2411399930715561,0.14556021988391876,61468
2002-10-24,0.2411399930715561,0.2411399930715561,0.2411399930715561,0.2411399930715561,0.14556021988391876,101600
2002-10-25,0.24310800433158875,0.24310800433158875,0.2411399930715561,0.24310800433158875,0.1467481404542923,523446
2002-10-28,0.24606099724769592,0.25098198652267456,0.24606099724769592,0.25098198652267456,0.1515011340379715,554739
2002-10-29,0.24606099724769592,0.25098198652267456,0.24606099724769592,0.25098198652267456,0.1515011340379715,956188
2002-10-30,0.24606099724769592,0.25098198652267456,0.24606099724769592,0.25098198652267456,0.1515011340379715,205233
2002-10-31,0.25098198652267456,0.25098198652267456,0.24606099724769592,0.25098198652267456,0.1515011340379715,362002
2002-11-01,0.25098198652267456,0.2559039890766144,0.25098198652267456,0.2559039890766144,0.1544722467660904,415038
2002-11-04,0.2559039890766144,0.2559039890766144,0.25098198652267456,0.2559039890766144,0.1544722467660904,538483
2002-11-05,0.25098198652267456,0.2608250081539154,0.25098198652267456,0.2608250081539154,0.15744273364543915,782324
2002-11-06,0.2608250081539154,0.2608250081539154,0.24606099724769592,0.2559039890766144,0.1544722467660904,1094177
2002-11-07,0.2559039890766144,0.2559039890766144,0.25098198652267456,0.2559039890766144,0.1544722467660904,731524
2002-11-08,0.2559039890766144,0.2559039890766144,0.25098198652267456,0.2559039890766144,0.1544722467660904,1524009
2002-11-11,0.25098198652267456,0.2559039890766144,0.24606099724769592,0.25098198652267456,0.1515011340379715,1582734
2002-11-12,0.25098198652267456,0.2559039890766144,0.25098198652267456,0.2559039890766144,0.1544722467660904,1949441
2002-11-13,0.2559039890766144,0.2559039890766144,0.25098198652267456,0.25098198652267456,0.1515011340379715,2073668
2002-11-14,0.24606099724769592,0.2559039890766144,0.24606099724769592,0.2559039890766144,0.1544722467660904,883518
2002-11-15,0.2559039890766144,0.2608250081539154,0.2559039890766144,0.2559039890766144,0.1544722467660904,2383753
2002-11-18,0.2559039890766144,0.2559039890766144,0.2559039890766144,0.2559039890766144,0.1544722467660904,101600
2002-11-19,0.2608250081539154,0.2608250081539154,0.25098198652267456,0.25098198652267456,0.1515011340379715,328271
2002-11-20,0.25098198652267456,0.2559039890766144,0.25098198652267456,0.2559039890766144,0.1544722467660904,103632
2002-11-21,0.2559039890766144,0.2559039890766144,0.25098198652267456,0.25098198652267456,0.1515011340379715,0
2002-11-22,0.25098198652267456,0.2559039890766144,0.25098198652267456,0.2559039890766144,0.1544722467660904,188977
2002-11-25,0.2608250081539154,0.2608250081539154,0.24606099724769592,0.24606099724769592,0.14853070676326752,0
2002-11-26,0.25098198652267456,0.25098198652267456,0.25098198652267456,0.25098198652267456,0.1515011340379715,162560
2002-11-27,0.25098198652267456,0.25098198652267456,0.23917099833488464,0.23917099833488464,0.1443716585636139,0
2002-11-28,0.25098198652267456,0.25098198652267456,0.23917099833488464,0.23917099833488464,0.1443716585636139,301245
2002-11-29,0.24606099724769592,0.24606099724769592,0.24606099724769592,0.24606099724769592,0.14853070676326752,365762
2002-12-02,0.24606099724769592,0.24606099724769592,0.24606099724769592,0.24606099724769592,0.14853070676326752,0
2002-12-03,0.2411399930715561,0.24606099724769592,0.2381870001554489,0.24606099724769592,0.14853070676326752,609603
2002-12-04,0.2381870001554489,0.2381870001554489,0.2381870001554489,0.2381870001554489,0.14377769827842712,7376
2002-12-05,0.2411399930715561,0.2450769990682602,0.2411399930715561,0.2450769990682602,0.14793667197227478,128016
2002-12-06,0.2450769990682602,0.2450769990682602,0.2450769990682602,0.2450769990682602,0.14793667197227478,204207
2002-12-09,0.24606099724769592,0.24606099724769592,0.24409300088882446,0.24606099724769592,0.14853070676326752,719129
2002-12-10,0.2450769990682602,0.24606099724769592,0.2411399930715561,0.24606099724769592,0.14853070676326752,294159
2002-12-11,0.24606099724769592,0.24606099724769592,0.24606099724769592,0.24606099724769592,0.14853070676326752,305081
2002-12-12,0.24606099724769592,0.24606099724769592,0.2381870001554489,0.24606099724769592,0.14853070676326752,481322
2002-12-13,0.24606099724769592,0.24606099724769592,0.24606099724769592,0.24606099724769592,0.14853070676326752,215393
2002-12-16,0.24606099724769592,0.2559039890766144,0.24606099724769592,0.2559039890766144,0.1544722467660904,233681
2002-12-17,0.2559039890766144,0.2559039890766144,0.2559039890766144,0.2559039890766144,0.1544722467660904,0
2002-12-18,0.2559039890766144,0.2559039890766144,0.2559039890766144,0.2559039890766144,0.1544722467660904,327661
2002-12-19,0.2559039890766144,0.2559039890766144,0.23621900379657745,0.23621900379657745,0.1425897479057312,0
2002-12-20,0.2559039890766144,0.2559039890766144,0.24015599489212036,0.24015599489212036,0.1449662446975708,0
2002-12-23,0.24015599489212036,0.24409300088882446,0.24015599489212036,0.24015599489212036,0.1449662446975708,72746
2002-12-24,0.24212400615215302,0.24212400615215302,0.24212400615215302,0.24212400615215302,0.14615416526794434,51206
2002-12-25,0.24212400615215302,0.24212400615215302,0.24212400615215302,0.24212400615215302,0.14615416526794434,0
2002-12-26,0.24212400615215302,0.24212400615215302,0.24212400615215302,0.24212400615215302,0.14615416526794434,0
2002-12-27,0.24606099724769592,0.24606099724769592,0.24606099724769592,0.24606099724769592,0.14853070676326752,30480
2002-12-30,0.24606099724769592,0.24606099724769592,0.24212400615215302,0.24212400615215302,0.14615416526794434,477522
2002-12-31,0.24606099724769592,0.24606099724769592,0.24212400615215302,0.24212400615215302,0.14615416526794434,0
2003-01-01,0.24212400615215302,0.24212400615215302,0.24212400615215302,0.24212400615215302,0.14615416526794434,0
2003-01-02,0.24212400615215302,0.24212400615215302,0.24212400615215302,0.24212400615215302,0.14615416526794434,50800
2003-01-03,0.24409300088882446,0.24409300088882446,0.24409300088882446,0.24409300088882446,0.1473427563905716,10160
2003-01-06,0.24409300088882446,0.24409300088882446,0.24409300088882446,0.24409300088882446,0.1473427563905716,57240
2003-01-07,0.24409300088882446,0.24409300088882446,0.24409300088882446,0.24409300088882446,0.1473427563905716,264505
2003-01-08,0.24606099724769592,0.24606099724769592,0.24409300088882446,0.24409300088882446,0.1473427563905716,0
2003-01-09,0.24409300088882446,0.24606099724769592,0.24409300088882446,0.24606099724769592,0.14853070676326752,148336
2003-01-10,0.24606099724769592,0.24606099724769592,0.24409300088882446,0.24409300088882446,0.1473427563905716,348667
2003-01-13,0.24606099724769592,0.24606099724769592,0.24409300088882446,0.24409300088882446,0.1473427563905716,132080
2003-01-14,0.25098198652267456,0.2559039890766144,0.24606099724769592,0.2559039890766144,0.1544722467660904,420829
2003-01-15,0.2559039890766144,0.2559039890766144,0.2559039890766144,0.2559039890766144,0.1544722467660904,40640
2003-01-16,0.24606099724769592,0.2559039890766144,0.24606099724769592,0.2559039890766144,0.1544722467660904,83312
2003-01-17,0.2559039890766144,0.2559039890766144,0.24409300088882446,0.24409300088882446,0.1473427563905716,0
2003-01-20,0.2608250081539154,0.2608250081539154,0.24409300088882446,0.24409300088882446,0.1473427563905716,0
2003-01-21,0.24606099724769592,0.24606099724769592,0.24606099724769592,0.24606099724769592,0.14853070676326752,12293
2003-01-22,0.24606099724769592,0.2608250081539154,0.24606099724769592,0.2608250081539154,0.15744273364543915,703584
2003-01-23,0.2608250081539154,0.2608250081539154,0.24606099724769592,0.24606099724769592,0.14853070676326752,0
2003-01-24,0.2559039890766144,0.2559039890766144,0.2559039890766144,0.2559039890766144,0.1544722467660904,512270
2003-01-27,0.2559039890766144,0.2559039890766144,0.25098198652267456,0.25098198652267456,0.1515011340379715,487682
2003-01-28,0.2608250081539154,0.2608250081539154,0.24606099724769592,0.24606099724769592,0.14853070676326752,0
2003-01-29,0.2559039890766144,0.2559039890766144,0.25098198652267456,0.2559039890766144,0.1544722467660904,1028198
2003-01-30,0.25098198652267456,0.25098198652267456,0.24606099724769592,0.24606099724769592,0.15294261276721954,1422408
2003-01-31,0.24606099724769592,0.24606099724769592,0.24606099724769592,0.24606099724769592,0.15294261276721954,0
2003-02-03,0.24606099724769592,0.24606099724769592,0.24606099724769592,0.24606099724769592,0.15294261276721954,0
2003-02-04,0.24606099724769592,0.24606099724769592,0.24606099724769592,0.24606099724769592,0.15294261276721954,609603
2003-02-05,0.2381870001554489,0.2381870001554489,0.2381870001554489,0.2381870001554489,0.14804838597774506,17211
2003-02-06,0.24606099724769592,0.24606099724769592,0.24606099724769592,0.24606099724769592,0.15294261276721954,22352
2003-02-07,0.2608250081539154,0.2608250081539154,0.24606099724769592,0.24606099724769592,0.15294261276721954,0
2003-02-10,0.24606099724769592,0.24606099724769592,0.24606099724769592,0.24606099724769592,0.15294261276721954,96520
2003-02-11,0.24606099724769592,0.24606099724769592,0.24606099724769592,0.24606099724769592,0.15294261276721954,105867
2003-02-12,0.24606099724769592,0.24606099724769592,0.24606099724769592,0.24606099724769592,0.15294261276721954,44805
2003-02-13,0.24606099724769592,0.24606099724769592,0.24606099724769592,0.24606099724769592,0.15294261276721954,254001
2003-02-14,0.25098198652267456,0.25098198652267456,0.24015599489212036,0.24015599489212036,0.14927226305007935,0
2003-02-17,0.24409300088882446,0.26574599742889404,0.24409300088882446,0.26574599742889404,0.1651780754327774,786591
2003-02-18,0.26574599742889404,0.26574599742889404,0.24606099724769592,0.24606099724769592,0.15294261276721954,0
2003-02-19,0.2559039890766144,0.2608250081539154,0.2559039890766144,0.2608250081539154,0.16211938858032227,651016
2003-02-20,0.24606099724769592,0.24606099724769592,0.24606099724769592,0.24606099724769592,0.15294261276721954,148336
2003-02-21,0.26574599742889404,0.26574599742889404,0.24606099724769592,0.24606099724769592,0.15294261276721954,0
2003-02-24,0.24606099724769592,0.24606099724769592,0.24606099724769592,0.24606099724769592,0.15294261276721954,16903
2003-02-25,0.2608250081539154,0.2608250081539154,0.24606099724769592,0.24606099724769592,0.15294261276721954,0
2003-02-26,0.26574599742889404,0.26574599742889404,0.24606099724769592,0.24606099724769592,0.15294261276721954,0
2003-02-27,0.24606099724769592,0.24606099724769592,0.24606099724769592,0.24606099724769592,0.15294261276721954,122936
2003-02-28,0.24606099724769592,0.2559039890766144,0.24606099724769592,0.2559039890766144,0.15906062722206116,393956
2003-03-03,0.25098198652267456,0.25098198652267456,0.24606099724769592,0.24606099724769592,0.15294261276721954,0
2003-03-04,0.24606099724769592,0.24606099724769592,0.24606099724769592,0.24606099724769592,0.15294261276721954,172721
2003-03-05,0.24606099724769592,0.24606099724769592,0.2411399930715561,0.2411399930715561,0.14988385140895844,284481
2003-03-06,0.24409300088882446,0.2559039890766144,0.24409300088882446,0.2559039890766144,0.15906062722206116,119888
2003-03-07,0.24606099724769592,0.24606099724769592,0.24606099724769592,0.24606099724769592,0.15294261276721954,286513
2003-03-10,0.2411399930715561,0.2559039890766144,0.23621900379657745,0.24606099724769592,0.15294261276721954,884026
2003-03-11,0.24606099724769592,0.25098198652267456,0.2411399930715561,0.24606099724769592,0.15294261276721954,368098
2003-03-12,0.2411399930715561,0.2411399930715561,0.2411399930715561,0.2411399930715561,0.14988385140895844,2032
2003-03-13,0.25098198652267456,0.25098198652267456,0.25098198652267456,0.25098198652267456,0.1560012847185135,179782
2003-03-14,0.2411399930715561,0.24606099724769592,0.2411399930715561,0.24606099724769592,0.15294261276721954,344438
2003-03-17,0.2411399930715561,0.25098198652267456,0.2411399930715561,0.25098198652267456,0.1560012847185135,103632
2003-03-18,0.25098198652267456,0.25098198652267456,0.2381870001554489,0.2381870001554489,0.14804838597774506,1032566
2003-03-19,0.2706669867038727,0.2706669867038727,0.2411399930715561,0.2411399930715561,0.14988385140895844,0
2003-03-20,0.2559039890766144,0.2559039890766144,0.24212400615215302,0.24212400615215302,0.1504955142736435,0
2003-03-21,0.24606099724769592,0.24606099724769592,0.24606099724769592,0.24606099724769592,0.15294261276721954,304801
2003-03-24,0.24409300088882446,0.24409300088882446,0.24409300088882446,0.24409300088882446,0.1517193466424942,50800
2003-03-25,0.24212400615215302,0.24212400615215302,0.24212400615215302,0.24212400615215302,0.1504955142736435,169037
2003-03-26,0.23621900379657745,0.24606099724769592,0.23621900379657745,0.24606099724769592,0.15294261276721954,202185
2003-03-27,0.24606099724769592,0.24606099724769592,0.24606099724769592,0.24606099724769592,0.15294261276721954,0
2003-03-28,0.2450769990682602,0.2450769990682602,0.2450769990682602,0.2450769990682602,0.15233096480369568,10464
2003-03-31,0.2411399930715561,0.2411399930715561,0.23129700124263763,0.23129700124263763,0.14376580715179443,29464
2003-04-01,0.2411399930715561,0.2411399930715561,0.2411399930715561,0.2411399930715561,0.14988385140895844,0
2003-04-02,0.24212400615215302,0.24212400615215302,0.24212400615215302,0.24212400615215302,0.1504955142736435,61468
2003-04-03,0.25098198652267456,0.25098198652267456,0.2411399930715561,0.2411399930715561,0.14988385140895844,0
2003-04-04,0.23621900379657745,0.23621900379657745,0.23621900379657745,0.23621900379657745,0.1468251496553421,7376
2003-04-07,0.2411399930715561,0.2411399930715561,0.23621900379657745,0.23621900379657745,0.1468251496553421,256033
2003-04-08,0.24606099724769592,0.25098198652267456,0.2450769990682602,0.2450769990682602,0.15233096480369568,381205
2003-04-09,0.25098198652267456,0.25098198652267456,0.23720300197601318,0.23720300197601318,0.14743679761886597,0
2003-04-10,0.2450769990682602,0.2450769990682602,0.2450769990682602,0.2450769990682602,0.15233096480369568,0
2003-04-11,0.24212400615215302,0.24212400615215302,0.2381870001554489,0.2381870001554489,0.14804838597774506,167640
2003-04-14,0.24606099724769592,0.24606099724769592,0.23621900379657745,0.23621900379657745,0.1468251496553421,0
2003-04-15,0.2381870001554489,0.2381870001554489,0.23720300197601318,0.23720300197601318,0.14743679761886597,531371
2003-04-16,0.24606099724769592,0.24606099724769592,0.2381870001554489,0.2381870001554489,0.14804838597774506,0
2003-04-17,0.2381870001554489,0.23917099833488464,0.2381870001554489,0.23917099833488464,0.14866001904010773,136144
2003-04-18,0.23917099833488464,0.23917099833488464,0.23917099833488464,0.23917099833488464,0.14866001904010773,0
2003-04-21,0.23917099833488464,0.23917099833488464,0.23917099833488464,0.23917099833488464,0.14866001904010773,0
2003-04-22,0.24606099724769592,0.24606099724769592,0.23917099833488464,0.23917099833488464,0.14866001904010773,0
2003-04-23,0.24015599489212036,0.24015599489212036,0.23917099833488464,0.23917099833488464,0.14866001904010773,223521
2003-04-24,0.23917099833488464,0.23917099833488464,0.23720300197601318,0.23720300197601318,0.14743679761886597,284481
2003-04-25,0.23621900379657745,0.23720300197601318,0.23621900379657745,0.23720300197601318,0.14743679761886597,166726
2003-04-28,0.23621900379657745,0.23621900379657745,0.23621900379657745,0.23621900379657745,0.1468251496553421,152400
2003-04-29,0.2411399930715561,0.2411399930715561,0.23917099833488464,0.23917099833488464,0.14866001904010773,369826
2003-04-30,0.24015599489212036,0.24015599489212036,0.24015599489212036,0.24015599489212036,0.14927226305007935,66040
2003-05-01,0.24015599489212036,0.24015599489212036,0.24015599489212036,0.24015599489212036,0.14927226305007935,0
2003-05-02,0.24015599489212036,0.24015599489212036,0.24015599489212036,0.24015599489212036,0.14927226305007935,308865
2003-05-05,0.2411399930715561,0.2411399930715561,0.2381870001554489,0.2381870001554489,0.14804838597774506,101600
2003-05-06,0.2411399930715561,0.2411399930715561,0.24015599489212036,0.24015599489212036,0.14927226305007935,193041
2003-05-07,0.2411399930715561,0.2450769990682602,0.24015599489212036,0.2411399930715561,0.14988385140895844,783848
2003-05-08,0.2411399930715561,0.2411399930715561,0.2411399930715561,0.2411399930715561,0.14988385140895844,0
2003-05-09,0.2411399930715561,0.2411399930715561,0.2411399930715561,0.2411399930715561,0.14988385140895844,12293
2003-05-12,0.2411399930715561,0.2411399930715561,0.24015599489212036,0.2411399930715561,0.14988385140895844,215494
2003-05-13,0.23917099833488464,0.24015599489212036,0.23917099833488464,0.24015599489212036,0.14927226305007935,233163
2003-05-14,0.2411399930715561,0.2450769990682602,0.23621900379657745,0.24409300088882446,0.1517193466424942,2393710
2003-05-15,0.24409300088882446,0.24409300088882446,0.2411399930715561,0.2411399930715561,0.14988385140895844,0
2003-05-16,0.2411399930715561,0.2411399930715561,0.2411399930715561,0.2411399930715561,0.14988385140895844,20320
2003-05-19,0.24212400615215302,0.24212400615215302,0.23621900379657745,0.23621900379657745,0.1468251496553421,973333
2003-05-20,0.2342499941587448,0.23621900379657745,0.23228199779987335,0.23228199779987335,0.14437806606292725,1574047
2003-05-21,0.23621900379657745,0.23621900379657745,0.23621900379657745,0.23621900379657745,0.1468251496553421,203201
2003-05-22,0.23621900379657745,0.23621900379657745,0.23326599597930908,0.2342499941587448,0.1456013172864914,3395746
2003-05-23,0.23129700124263763,0.23129700124263763,0.2263759970664978,0.2263759970664978,0.1407071202993393,49174
2003-05-26,0.23228199779987335,0.23621900379657745,0.23228199779987335,0.23621900379657745,0.1468251496553421,1481336
2003-05-27,0.24409300088882446,0.24606099724769592,0.23720300197601318,0.23720300197601318,0.14743679761886597,1742196
2003-05-28,0.2381870001554489,0.2411399930715561,0.2381870001554489,0.2381870001554489,0.14804838597774506,587454
2003-05-29,0.2411399930715561,0.2411399930715561,0.24015599489212036,0.2411399930715561,0.14988385140895844,895609
2003-05-30,0.2411399930715561,0.2411399930715561,0.2381870001554489,0.2381870001554489,0.14804838597774506,0
2003-06-02,0.24212400615215302,0.2450769990682602,0.24212400615215302,0.2450769990682602,0.15233096480369568,1052526
2003-06-03,0.24409300088882446,0.2450769990682602,0.24310800433158875,0.24409300088882446,0.1517193466424942,922635
2003-06-04,0.24409300088882446,0.24409300088882446,0.24409300088882446,0.24409300088882446,0.1517193466424942,0
2003-06-05,0.24409300088882446,0.24409300088882446,0.24212400615215302,0.24409300088882446,0.1517193466424942,1624207
2003-06-06,0.24409300088882446,0.24409300088882446,0.24310800433158875,0.24310800433158875,0.15110713243484497,116332
2003-06-09,0.23720300197601318,0.2381870001554489,0.23621900379657745,0.23720300197601318,0.14743679761886597,942853
2003-06-10,0.23621900379657745,0.2411399930715561,0.23621900379657745,0.2411399930715561,0.14988385140895844,110643
2003-06-11,0.24310800433158875,0.24310800433158875,0.24310800433158875,0.24310800433158875,0.15110713243484497,2032
2003-06-12,0.2411399930715561,0.2411399930715561,0.23621900379657745,0.23621900379657745,0.1468251496553421,274321
2003-06-13,0.23621900379657745,0.2381870001554489,0.23621900379657745,0.23621900379657745,0.1468251496553421,1651314
2003-06-16,0.24409300088882446,0.24409300088882446,0.2381870001554489,0.24310800433158875,0.15110713243484497,524259
2003-06-17,0.2411399930715561,0.24606099724769592,0.2411399930715561,0.24606099724769592,0.15294261276721954,1563760
2003-06-18,0.25098198652267456,0.25098198652267456,0.24409300088882446,0.24606099724769592,0.15294261276721954,951184
2003-06-19,0.24212400615215302,0.24212400615215302,0.24212400615215302,0.24212400615215302,0.1504955142736435,36576
2003-06-20,0.24015599489212036,0.24015599489212036,0.24015599489212036,0.24015599489212036,0.14927226305007935,213361
2003-06-23,0.2559039890766144,0.2805100083351135,0.2559039890766144,0.2706669867038727,0.16823677718639374,4218268
2003-06-24,0.26574599742889404,0.26574599742889404,0.2608250081539154,0.2608250081539154,0.16211938858032227,1274071
2003-06-25,0.2608250081539154,0.26574599742889404,0.2608250081539154,0.2608250081539154,0.16211938858032227,197105
2003-06-26,0.2608250081539154,0.2608250081539154,0.2559039890766144,0.2608250081539154,0.16211938858032227,544579
2003-06-27,0.2608250081539154,0.2608250081539154,0.2608250081539154,0.2608250081539154,0.16211938858032227,182881
2003-06-30,0.2608250081539154,0.26574599742889404,0.2608250081539154,0.26574599742889404,0.1651780754327774,203405
2003-07-01,0.26574599742889404,0.26574599742889404,0.26574599742889404,0.26574599742889404,0.1651780754327774,0
2003-07-02,0.25098198652267456,0.2559039890766144,0.25098198652267456,0.25098198652267456,0.1560012847185135,152400
2003-07-03,0.25098198652267456,0.26574599742889404,0.25098198652267456,0.26574599742889404,0.1651780754327774,75184
2003-07-04,0.2608250081539154,0.2608250081539154,0.2559039890766144,0.2559039890766144,0.15906062722206116,195926
2003-07-07,0.2559039890766144,0.2706669867038727,0.25098198652267456,0.2706669867038727,0.16823677718639374,642115
2003-07-08,0.2706669867038727,0.2706669867038727,0.25098198652267456,0.25098198652267456,0.1560012847185135,293625
2003-07-09,0.25098198652267456,0.2608250081539154,0.25098198652267456,0.2608250081539154,0.16211938858032227,197105
2003-07-10,0.2608250081539154,0.26574599742889404,0.2608250081539154,0.2608250081539154,0.16211938858032227,302017
2003-07-11,0.2559039890766144,0.2559039890766144,0.2559039890766144,0.2559039890766144,0.15906062722206116,2032
2003-07-14,0.26574599742889404,0.2755880057811737,0.26574599742889404,0.26574599742889404,0.1651780754327774,896117
2003-07-15,0.26574599742889404,0.2755880057811737,0.2559039890766144,0.2559039890766144,0.15906062722206116,277268
2003-07-16,0.2559039890766144,0.2608250081539154,0.2559039890766144,0.2559039890766144,0.15906062722206116,441149
2003-07-17,0.2608250081539154,0.2706669867038727,0.24606099724769592,0.24606099724769592,0.15294261276721954,1273604
2003-07-18,0.2381870001554489,0.2411399930715561,0.21751800179481506,0.2263759970664978,0.1407071202993393,2486393
2003-07-21,0.22440800070762634,0.2263759970664978,0.2224390059709549,0.2224390059709549,0.13826002180576324,688852
2003-07-22,0.2224390059709549,0.2224390059709549,0.2185019999742508,0.2185019999742508,0.1358129233121872,406402
2003-07-23,0.2185019999742508,0.2185019999742508,0.21161200106143951,0.21161200106143951,0.13153037428855896,436882
2003-07-24,0.20669099688529968,0.21161200106143951,0.20669099688529968,0.20669099688529968,0.12847159802913666,1010417
2003-07-25,0.20669099688529968,0.2076749950647354,0.20472300052642822,0.20669099688529968,0.12847159802913666,730223
2003-07-28,0.2145649939775467,0.22145499289035797,0.21161200106143951,0.22145499289035797,0.13764841854572296,314961
2003-07-29,0.22145499289035797,0.22145499289035797,0.22145499289035797,0.22145499289035797,0.13764841854572296,101600
2003-07-30,0.22145499289035797,0.22145499289035797,0.22145499289035797,0.22145499289035797,0.13764841854572296,101600
2003-07-31,0.21653400361537933,0.2263759970664978,0.21653400361537933,0.2263759970664978,0.1407071202993393,692001
2003-08-01,0.2263759970664978,0.23621900379657745,0.2263759970664978,0.23523400723934174,0.14621296525001526,703279
2003-08-04,0.2303130030632019,0.23129700124263763,0.2303130030632019,0.23129700124263763,0.14376580715179443,282449
2003-08-05,0.23129700124263763,0.23129700124263763,0.2303130030632019,0.2303130030632019,0.14315418899059296,152400
2003-08-06,0.2263759970664978,0.2263759970664978,0.22440800070762634,0.22440800070762634,0.13948388397693634,386082
2003-08-07,0.22440800070762634,0.22440800070762634,0.22440800070762634,0.22440800070762634,0.13948388397693634,28448
2003-08-08,0.2224390059709549,0.2224390059709549,0.2224390059709549,0.2224390059709549,0.13826002180576324,101600
2003-08-11,0.2303130030632019,0.23129700124263763,0.2303130030632019,0.2303130030632019,0.14315418899059296,89408
2003-08-12,0.23917099833488464,0.23917099833488464,0.22440800070762634,0.22440800070762634,0.13948388397693634,172721
2003-08-13,0.22440800070762634,0.2263759970664978,0.22440800070762634,0.2263759970664978,0.1407071202993393,70231
2003-08-14,0.22145499289035797,0.2342499941587448,0.22047099471092224,0.2342499941587448,0.1456013172864914,215393
2003-08-15,0.2342499941587448,0.2342499941587448,0.22440800070762634,0.22440800070762634,0.13948388397693634,0
2003-08-18,0.23621900379657745,0.23621900379657745,0.23523400723934174,0.23523400723934174,0.14621296525001526,316993
2003-08-19,0.23326599597930908,0.23720300197601318,0.23326599597930908,0.23621900379657745,0.1468251496553421,1702826
2003-08-20,0.23621900379657745,0.23621900379657745,0.23228199779987335,0.23523400723934174,0.14621296525001526,467489
2003-08-21,0.2303130030632019,0.2411399930715561,0.2303130030632019,0.2411399930715561,0.14988385140895844,231913
2003-08-22,0.23621900379657745,0.25098198652267456,0.23621900379657745,0.25098198652267456,0.1560012847185135,735080
2003-08-25,0.24606099724769592,0.24606099724769592,0.2411399930715561,0.24606099724769592,0.15294261276721954,1077474
2003-08-26,0.2411399930715561,0.2411399930715561,0.2411399930715561,0.2411399930715561,0.14988385140895844,286513
2003-08-27,0.24606099724769592,0.24606099724769592,0.2381870001554489,0.24015599489212036,0.14927226305007935,873765
2003-08-28,0.24606099724769592,0.25098198652267456,0.24409300088882446,0.24409300088882446,0.1517193466424942,752250
2003-08-29,0.23720300197601318,0.25098198652267456,0.23720300197601318,0.25098198652267456,0.1560012847185135,411407
2003-09-01,0.24606099724769592,0.2559039890766144,0.24606099724769592,0.25098198652267456,0.1560012847185135,875797
2003-09-02,0.25098198652267456,0.2608250081539154,0.25098198652267456,0.2559039890766144,0.15906062722206116,723396
2003-09-03,0.26574599742889404,0.30019500851631165,0.26574599742889404,0.30019500851631165,0.1865902841091156,4479672
2003-09-04,0.30019500851631165,0.3051159977912903,0.28543099761009216,0.28543099761009216,0.17741355299949646,3129273
2003-09-05,0.2805100083351135,0.2805100083351135,0.2706669867038727,0.2805100083351135,0.17435482144355774,805997
2003-09-08,0.2755880057811737,0.2903519868850708,0.2755880057811737,0.2903519868850708,0.1804722100496292,499976
2003-09-09,0.28543099761009216,0.2903519868850708,0.2755880057811737,0.2755880057811737,0.17129549384117126,1908770
2003-09-10,0.2706669867038727,0.2706669867038727,0.2608250081539154,0.2706669867038727,0.16823677718639374,1003813
2003-09-11,0.2755880057811737,0.2805100083351135,0.2706669867038727,0.2755880057811737,0.17129549384117126,487682
2003-09-12,0.2755880057811737,0.2755880057811737,0.2755880057811737,0.2755880057811737,0.17129549384117126,0
2003-09-15,0.26574599742889404,0.28543099761009216,0.26574599742889404,0.2805100083351135,0.17435482144355774,248108
2003-09-16,0.2706669867038727,0.2755880057811737,0.2706669867038727,0.2706669867038727,0.16823677718639374,817072
2003-09-17,0.26574599742889404,0.26574599742889404,0.25098198652267456,0.25098198652267456,0.1560012847185135,914405
2003-09-18,0.25098198652267456,0.25098198652267456,0.25098198652267456,0.25098198652267456,0.1560012847185135,50800
2003-09-19,0.2559039890766144,0.2608250081539154,0.2559039890766144,0.2559039890766144,0.15906062722206116,412701
2003-09-22,0.2559039890766144,0.2559039890766144,0.2559039890766144,0.2559039890766144,0.15906062722206116,182881
2003-09-23,0.2608250081539154,0.2608250081539154,0.2608250081539154,0.2608250081539154,0.16211938858032227,132080
2003-09-24,0.26574599742889404,0.2706669867038727,0.26574599742889404,0.2706669867038727,0.16823677718639374,142240
2003-09-25,0.2608250081539154,0.2608250081539154,0.2608250081539154,0.2608250081539154,0.16211938858032227,230125
2003-09-26,0.26574599742889404,0.26574599742889404,0.2559039890766144,0.2608250081539154,0.16211938858032227,375668
2003-09-29,0.2608250081539154,0.2608250081539154,0.2559039890766144,0.2559039890766144,0.15906062722206116,249023
2003-09-30,0.26574599742889404,0.26574599742889404,0.2559039890766144,0.26574599742889404,0.1651780754327774,402541
2003-10-01,0.26574599742889404,0.26574599742889404,0.26574599742889404,0.26574599742889404,0.1651780754327774,0
2003-10-02,0.26574599742889404,0.26574599742889404,0.26574599742889404,0.26574599742889404,0.1651780754327774,568963
2003-10-03,0.2608250081539154,0.2706669867038727,0.2608250081539154,0.2706669867038727,0.16823677718639374,184709
2003-10-06,0.26574599742889404,0.26574599742889404,0.26574599742889404,0.26574599742889404,0.1651780754327774,284989
2003-10-07,0.26574599742889404,0.2706669867038727,0.26574599742889404,0.2706669867038727,0.16823677718639374,784458
2003-10-08,0.2706669867038727,0.2952730059623718,0.2706669867038727,0.28543099761009216,0.17741355299949646,7272570
2003-10-09,0.2755880057811737,0.2805100083351135,0.2755880057811737,0.2805100083351135,0.17435482144355774,1251719
2003-10-10,0.2755880057811737,0.2952730059623718,0.2706669867038727,0.2706669867038727,0.16823677718639374,1963736
2003-10-13,0.2755880057811737,0.2805100083351135,0.2755880057811737,0.2755880057811737,0.17129549384117126,2122639
2003-10-14,0.2755880057811737,0.2755880057811737,0.2706669867038727,0.2755880057811737,0.17129549384117126,1169788
2003-10-15,0.2755880057811737,0.2805100083351135,0.2755880057811737,0.2805100083351135,0.17435482144355774,2171662
2003-10-16,0.2805100083351135,0.2805100083351135,0.2755880057811737,0.2805100083351135,0.17435482144355774,2628102
2003-10-17,0.2805100083351135,0.28543099761009216,0.2805100083351135,0.2805100083351135,0.17435482144355774,1347223
2003-10-20,0.2805100083351135,0.2952730059623718,0.2805100083351135,0.2903519868850708,0.1804722100496292,6554965
2003-10-21,0.2903519868850708,0.2952730059623718,0.28543099761009216,0.28543099761009216,0.17741355299949646,2357641
2003-10-22,0.28543099761009216,0.2903519868850708,0.28543099761009216,0.28543099761009216,0.17741355299949646,1169359
2003-10-23,0.28543099761009216,0.28543099761009216,0.2755880057811737,0.2755880057811737,0.17129549384117126,3572618
2003-10-24,0.2755880057811737,0.28543099761009216,0.2755880057811737,0.2805100083351135,0.17435482144355774,1607321
2003-10-27,0.28543099761009216,0.2903519868850708,0.28543099761009216,0.2903519868850708,0.1804722100496292,1738691
2003-10-28,0.30019500851631165,0.3051159977912903,0.2903519868850708,0.3051159977912903,0.18964900076389313,5048305
2003-10-29,0.2952730059623718,0.30019500851631165,0.28543099761009216,0.28543099761009216,0.17741355299949646,2231961
2003-10-30,0.2903519868850708,0.30019500851631165,0.2903519868850708,0.2903519868850708,0.1804722100496292,239481
2003-10-31,0.2952730059623718,0.3051159977912903,0.2952730059623718,0.2952730059623718,0.18353097140789032,691900
2003-11-03,0.3051159977912903,0.3051159977912903,0.2952730059623718,0.3051159977912903,0.18964900076389313,178817
2003-11-04,0.2952730059623718,0.31495800614356995,0.2952730059623718,0.3100369870662689,0.19270777702331543,1575063
2003-11-05,0.3100369870662689,0.3248009979724884,0.3100369870662689,0.3248009979724884,0.20188452303409576,1104662
2003-11-06,0.3248009979724884,0.32972198724746704,0.3100369870662689,0.31495800614356995,0.19576647877693176,2563042
2003-11-07,0.31495800614356995,0.31988000869750977,0.3051159977912903,0.3051159977912903,0.18964900076389313,1399751
2003-11-10,0.3051159977912903,0.3051159977912903,0.2903519868850708,0.2952730059623718,0.18353097140789032,1845066
2003-11-11,0.2952730059623718,0.31495800614356995,0.2952730059623718,0.31495800614356995,0.19576647877693176,1117606
2003-11-12,0.31495800614356995,0.32972198724746704,0.31495800614356995,0.32972198724746704,0.2049432396888733,3791734
2003-11-13,0.3248009979724884,0.32972198724746704,0.31495800614356995,0.32972198724746704,0.2049432396888733,2865381
2003-11-14,0.31988000869750977,0.3444859981536865,0.31988000869750977,0.3444859981536865,0.21411994099617004,5237053
2003-11-17,0.3444859981536865,0.3740130066871643,0.3395639955997467,0.3740130066871643,0.23247291147708893,13412523
2003-11-18,0.3740130066871643,0.4084619879722595,0.3690919876098633,0.4035399854183197,0.25082582235336304,17121639
2003-11-19,0.4035399854183197,0.4576739966869354,0.3936980068683624,0.44290998578071594,0.2752968370914459,16867396
2003-11-20,0.44783198833465576,0.4872010052204132,0.3936980068683624,0.4035399854183197,0.25082582235336304,19938330
2003-11-21,0.3936980068683624,0.4232249855995178,0.3740130066871643,0.4084619879722595,0.2538851797580719,7734040
2003-11-24,0.4084619879722595,0.42814698815345764,0.4035399854183197,0.4035399854183197,0.25082582235336304,1688601
2003-11-25,0.4035399854183197,0.4084619879722595,0.39861899614334106,0.4035399854183197,0.25082582235336304,2594599
2003-11-26,0.4035399854183197,0.4084619879722595,0.4035399854183197,0.4084619879722595,0.2538851797580719,1838149
2003-11-27,0.4084619879722595,0.43306800723075867,0.4084619879722595,0.4232249855995178,0.2630612552165985,4639103
2003-11-28,0.4232249855995178,0.4379889965057373,0.4183039963245392,0.4232249855995178,0.2630612552165985,3255283
2003-12-01,0.4232249855995178,0.42814698815345764,0.41338300704956055,0.42814698815345764,0.26612064242362976,2323082
2003-12-02,0.4379889965057373,0.4379889965057373,0.4232249855995178,0.42814698815345764,0.26612064242362976,3978984
2003-12-03,0.4379889965057373,0.4724380075931549,0.4379889965057373,0.44783198833465576,0.27835604548454285,10509769
2003-12-04,0.4675160050392151,0.5019649863243103,0.46259498596191406,0.4822799861431122,0.29976770281791687,17648786
2003-12-05,0.492123007774353,0.492123007774353,0.4576739966869354,0.46259498596191406,0.2875322103500366,8185553
2003-12-08,0.44783198833465576,0.46259498596191406,0.44783198833465576,0.46259498596191406,0.2875322103500366,2441600
2003-12-09,0.4675160050392151,0.5118079781532288,0.4675160050392151,0.5118079781532288,0.3181212544441223,14967495
2003-12-10,0.5216500163078308,0.5314919948577881,0.492123007774353,0.5216500163078308,0.32423877716064453,8394597
2003-12-11,0.5216500163078308,0.5314919948577881,0.5118079781532288,0.5216500163078308,0.32423877716064453,6125754
2003-12-12,0.5314919948577881,0.5314919948577881,0.492123007774353,0.5019649863243103,0.3120031952857971,8999527
2003-12-15,0.5019649863243103,0.5413349866867065,0.492123007774353,0.5118079781532288,0.3181212544441223,11830881
2003-12-16,0.5118079781532288,0.5216500163078308,0.492123007774353,0.5019649863243103,0.3120031952857971,7566552
2003-12-17,0.5019649863243103,0.5118079781532288,0.4872010052204132,0.492123007774353,0.30588582158088684,6680442
2003-12-18,0.492123007774353,0.492123007774353,0.47735899686813354,0.492123007774353,0.30588582158088684,5089047
2003-12-19,0.492123007774353,0.5019649863243103,0.4872010052204132,0.492123007774353,0.30588582158088684,2556271
2003-12-22,0.492123007774353,0.492123007774353,0.47735899686813354,0.47735899686813354,0.2967090308666229,2999859
2003-12-23,0.47735899686813354,0.4822799861431122,0.4576739966869354,0.4675160050392151,0.29059097170829773,6082868
2003-12-24,0.4675160050392151,0.4724380075931549,0.4576739966869354,0.4675160050392151,0.29059097170829773,1801744
2003-12-25,0.4675160050392151,0.4675160050392151,0.4675160050392151,0.4675160050392151,0.29059097170829773,0
2003-12-26,0.4675160050392151,0.4675160050392151,0.4675160050392151,0.4675160050392151,0.29059097170829773,0
2003-12-29,0.4576739966869354,0.4724380075931549,0.4576739966869354,0.46259498596191406,0.2875322103500366,3515785
2003-12-30,0.46259498596191406,0.4724380075931549,0.4576739966869354,0.4724380075931549,0.2936502993106842,2136609
2003-12-31,0.4675160050392151,0.492123007774353,0.4675160050392151,0.4822799861431122,0.29976770281791687,1572878
2004-01-01,0.4822799861431122,0.4822799861431122,0.4822799861431122,0.4822799861431122,0.29976770281791687,0
2004-01-02,0.4872010052204132,0.5118079781532288,0.4822799861431122,0.5019649863243103,0.3120031952857971,6724557
2004-01-05,0.5118079781532288,0.561020016670227,0.5019649863243103,0.5511770248413086,0.34259164333343506,18880668
2004-01-06,0.5511770248413086,0.6496019959449768,0.5511770248413086,0.6397600173950195,0.39765164256095886,32611599
2004-01-07,0.6594439744949341,0.6988139748573303,0.6397600173950195,0.6397600173950195,0.39765164256095886,29246991
2004-01-08,0.6496019959449768,0.6791290044784546,0.6397600173950195,0.6496019959449768,0.40376904606819153,6263473
2004-01-09,0.6692870259284973,0.688971996307373,0.6397600173950195,0.6496019959449768,0.40376904606819153,8175622
2004-01-12,0.6594439744949341,0.8070809841156006,0.6496019959449768,0.7873960137367249,0.48941680788993835,42141232
2004-01-13,0.8070809841156006,0.8464509844779968,0.7381839752197266,0.7873960137367249,0.48941680788993835,25915569
2004-01-14,0.7873960137367249,0.8267660140991211,0.7775539755821228,0.8267660140991211,0.513887882232666,12272920
2004-01-15,0.8464509844779968,0.9251909852027893,0.8464509844779968,0.9153479933738708,0.5689471364021301,16595436
2004-01-16,0.9547179937362671,0.9645609855651855,0.8858209848403931,0.9350330233573914,0.5811826586723328,20521648
2004-01-19,0.9547179937362671,1.0629849433898926,0.9547179937362671,1.013772964477539,0.630124568939209,95018260
2004-01-20,1.0334579944610596,1.0433000326156616,0.9448760151863098,1.0039310455322266,0.6240071654319763,19471043
2004-01-21,1.0236159563064575,1.2598350048065186,1.0039310455322266,1.2204649448394775,0.7585965991020203,49493092
2004-01-22,1.2204649448394775,1.2204649448394775,1.2204649448394775,1.2204649448394775,0.7585965991020203,0
2004-01-23,1.2204649448394775,1.2204649448394775,1.2204649448394775,1.2204649448394775,0.7585965991020203,0
2004-01-26,1.240149974822998,1.2893619537353516,1.2204649448394775,1.2499920129776,0.7769497632980347,28717905
2004-01-27,1.2598350048065186,1.2598350048065186,1.1614099740982056,1.2204649448394775,0.7585965991020203,18519367
2004-01-28,1.2204649448394775,1.240149974822998,1.141724944114685,1.1614099740982056,0.721890389919281,19920042
2004-01-29,1.112197995185852,1.2007800340652466,1.1023550033569336,1.2007800340652466,0.7463611364364624,17024994
2004-01-30,1.2007800340652466,1.2303069829940796,1.1712520122528076,1.1712520122528076,0.7280078530311584,11484155
2004-02-02,1.151568055152893,1.151568055152893,1.013772964477539,1.0433000326156616,0.6484775543212891,28365018
2004-02-03,1.0433000326156616,1.1909370422363281,1.0236159563064575,1.1909370422363281,0.7490766048431396,22827724
2004-02-04,1.1909370422363281,1.309046983718872,1.1909370422363281,1.2303069829940796,0.77383953332901,29252190
2004-02-05,1.2303069829940796,1.2499920129776,1.2007800340652466,1.210621953010559,0.7614580988883972,5964828
2004-02-06,1.240149974822998,1.309046983718872,1.2303069829940796,1.279520034790039,0.8047937154769897,24667678
2004-02-09,1.3287320137023926,1.377943992614746,1.3287320137023926,1.3582589626312256,0.8543189167976379,14909568
2004-02-10,1.348417043685913,1.3582589626312256,1.309046983718872,1.3385740518569946,0.8419374823570251,6915546
2004-02-11,1.3582589626312256,1.368101954460144,1.2893619537353516,1.2992039918899536,0.8171745538711548,5637614
2004-02-12,1.3287320137023926,1.3385740518569946,1.2499920129776,1.2696770429611206,0.7986024022102356,10553772
2004-02-13,1.2499920129776,1.279520034790039,1.2204649448394775,1.2598350048065186,0.7924121618270874,10248191
2004-02-16,1.2499920129776,1.2893619537353516,1.2499920129776,1.2598350048065186,0.7924121618270874,8890154
2004-02-17,1.279520034790039,1.279520034790039,1.210621953010559,1.2598350048065186,0.7924121618270874,4558788
2004-02-18,1.2696770429611206,1.2992039918899536,1.2598350048065186,1.279520034790039,0.8047937154769897,7089940
2004-02-19,1.279520034790039,1.3188890218734741,1.2696770429611206,1.2696770429611206,0.7986024022102356,5879931
2004-02-20,1.2696770429611206,1.279520034790039,1.2303069829940796,1.2499920129776,0.7862212061882019,3600826
2004-02-23,1.210621953010559,1.2204649448394775,1.181095004081726,1.1909370422363281,0.7490766048431396,6534315
2004-02-24,1.181095004081726,1.2204649448394775,1.151568055152893,1.181095004081726,0.7428860068321228,5663820
2004-02-25,1.1909370422363281,1.210621953010559,1.141724944114685,1.151568055152893,0.7243142127990723,5861602
2004-02-26,1.1614099740982056,1.1712520122528076,1.0728280544281006,1.112197995185852,0.6995513439178467,8666124
2004-02-27,1.1023550033569336,1.1712520122528076,1.082669973373413,1.1712520122528076,0.7366951107978821,7701806
2004-03-01,1.2007800340652466,1.2007800340652466,1.112197995185852,1.1318830251693726,0.7119328379631042,5020085
2004-03-02,1.112197995185852,1.151568055152893,1.112197995185852,1.122040033340454,0.705741822719574,2408594
2004-03-03,1.122040033340454,1.1318830251693726,1.0925129652023315,1.122040033340454,0.705741822719574,1792742
2004-03-04,1.112197995185852,1.1318830251693726,1.1023550033569336,1.112197995185852,0.6995513439178467,1246232
2004-03-05,1.112197995185852,1.1318830251693726,1.1023550033569336,1.112197995185852,0.6995513439178467,914608
2004-03-08,1.1318830251693726,1.141724944114685,1.1023550033569336,1.112197995185852,0.6995513439178467,1704858
2004-03-09,1.1023550033569336,1.112197995185852,1.082669973373413,1.1023550033569336,0.6933600902557373,1920251
2004-03-10,1.082669973373413,1.082669973373413,1.05314302444458,1.0629849433898926,0.6685972213745117,1425558
2004-03-11,1.0236159563064575,1.082669973373413,0.9547179937362671,1.0039310455322266,0.6314534544944763,5898219
2004-03-12,0.9448760151863098,0.9547179937362671,0.8661360144615173,0.9547179937362671,0.6004992723464966,11485236
2004-03-15,0.9744030237197876,0.984246015548706,0.9350330233573914,0.9350330233573914,0.5881178379058838,4229759
2004-03-16,0.9350330233573914,0.9350330233573914,0.8858209848403931,0.9153479933738708,0.5757365226745605,2619263
2004-03-17,0.9251909852027893,0.9645609855651855,0.9251909852027893,0.9448760151863098,0.5943089723587036,1841206
2004-03-18,0.9448760151863098,0.9645609855651855,0.8956639766693115,0.9055060148239136,0.5695459842681885,3423940
2004-03-19,0.9153479933738708,0.9350330233573914,0.9153479933738708,0.9251909852027893,0.5819273591041565,1359416
2004-03-22,0.9153479933738708,0.9153479933738708,0.8956639766693115,0.8956639766693115,0.5633554458618164,467362
2004-03-23,0.8858209848403931,0.9251909852027893,0.8858209848403931,0.9153479933738708,0.5757365226745605,962360
2004-03-24,0.9153479933738708,0.9350330233573914,0.9153479933738708,0.9350330233573914,0.5881178379058838,1146054
2004-03-25,0.9251909852027893,0.9251909852027893,0.8956639766693115,0.9153479933738708,0.5757365226745605,367794
2004-03-26,0.9251909852027893,0.9251909852027893,0.8956639766693115,0.8956639766693115,0.5633554458618164,312929
2004-03-29,0.8858209848403931,0.8956639766693115,0.8759790062904358,0.8858209848403931,0.5571643710136414,1003402
2004-03-30,0.8956639766693115,0.9153479933738708,0.8956639766693115,0.9055060148239136,0.5695459842681885,1105414
2004-03-31,0.9055060148239136,0.9055060148239136,0.8858209848403931,0.9055060148239136,0.5695459842681885,534419
2004-04-01,0.8661360144615173,0.8956639766693115,0.8661360144615173,0.8858209848403931,0.5571643710136414,469394
2004-04-02,0.8956639766693115,0.9940879940986633,0.8956639766693115,0.9940879940986633,0.625262439250946,4294149
2004-04-05,0.9940879940986633,0.9940879940986633,0.9940879940986633,0.9940879940986633,0.625262439250946,0
2004-04-06,1.013772964477539,1.0433000326156616,1.0039310455322266,1.0039310455322266,0.6314534544944763,4608603
2004-04-07,1.013772964477539,1.013772964477539,0.984246015548706,0.984246015548706,0.6190718412399292,1042066
2004-04-08,0.984246015548706,1.0236159563064575,0.9744030237197876,1.013772964477539,0.6376438140869141,2156066
2004-04-09,1.013772964477539,1.013772964477539,1.013772964477539,1.013772964477539,0.6376438140869141,0
2004-04-12,1.013772964477539,1.013772964477539,1.013772964477539,1.013772964477539,0.6376438140869141,0
2004-04-13,1.0334579944610596,1.05314302444458,1.0039310455322266,1.0039310455322266,0.6314534544944763,1243083
2004-04-14,0.984246015548706,0.9940879940986633,0.9645609855651855,0.984246015548706,0.6190718412399292,834166
2004-04-15,0.9645609855651855,0.9645609855651855,0.9350330233573914,0.9645609855651855,0.6066902279853821,745748
2004-04-16,0.9645609855651855,0.984246015548706,0.9645609855651855,0.9645609855651855,0.6066902279853821,133035
2004-04-19,0.9448760151863098,0.9744030237197876,0.9448760151863098,0.9744030237197876,0.6128809452056885,438914
2004-04-20,1.0039310455322266,1.0039310455322266,0.9251909852027893,0.9251909852027893,0.5819273591041565,741765
2004-04-21,0.8858209848403931,0.8956639766693115,0.8858209848403931,0.8956639766693115,0.5633554458618164,479554
2004-04-22,0.9055060148239136,0.9055060148239136,0.8858209848403931,0.9055060148239136,0.5695459842681885,920501
2004-04-23,0.8956639766693115,0.9448760151863098,0.8956639766693115,0.9448760151863098,0.5943089723587036,578371
2004-04-26,0.9153479933738708,0.9153479933738708,0.8759790062904358,0.9055060148239136,0.5695459842681885,631955
2004-04-27,0.9055060148239136,0.9153479933738708,0.9055060148239136,0.9153479933738708,0.5757365226745605,506275
2004-04-28,0.9251909852027893,0.9251909852027893,0.9153479933738708,0.9153479933738708,0.5757365226745605,231750
2004-04-29,0.8858209848403931,0.8956639766693115,0.8464509844779968,0.8858209848403931,0.5571643710136414,957077
2004-04-30,0.8464509844779968,0.8858209848403931,0.8464509844779968,0.8858209848403931,0.5571643710136414,831092
2004-05-03,0.8759790062904358,0.8956639766693115,0.8759790062904358,0.8956639766693115,0.5633554458618164,420626
2004-05-04,0.8956639766693115,0.9153479933738708,0.8858209848403931,0.9055060148239136,0.5695459842681885,473865
2004-05-05,0.8956639766693115,0.8956639766693115,0.8759790062904358,0.8858209848403931,0.5571643710136414,518163
2004-05-06,0.8858209848403931,0.8858209848403931,0.8759790062904358,0.8858209848403931,0.5571643710136414,152400
2004-05-07,0.8661360144615173,0.8759790062904358,0.8661360144615173,0.8661360144615173,0.5447830557823181,646179
2004-05-10,0.8464509844779968,0.8464509844779968,0.7381839752197266,0.7381839752197266,0.46430352330207825,1944635
2004-05-11,0.7381839752197266,0.7578690052032471,0.7184990048408508,0.7480270266532898,0.4704946279525757,1365512
2004-05-12,0.7578690052032471,0.7578690052032471,0.6988139748573303,0.6988139748573303,0.43954065442085266,2493278
2004-05-13,0.688971996307373,0.688971996307373,0.620074987411499,0.6397600173950195,0.4023968577384949,3684444
2004-05-14,0.620074987411499,0.620074987411499,0.5413349866867065,0.5511770248413086,0.34667980670928955,3220739
2004-05-17,0.5314919948577881,0.5314919948577881,0.4576739966869354,0.4724380075931549,0.2971544861793518,4132350
2004-05-18,0.5019649863243103,0.5511770248413086,0.47735899686813354,0.5511770248413086,0.34667980670928955,2202701
2004-05-19,0.5807049870491028,0.620074987411499,0.5708619952201843,0.6003900170326233,0.37763383984565735,8465361
2004-05-20,0.5905470252037048,0.6299170255661011,0.5708619952201843,0.5905470252037048,0.37144267559051514,5854226
2004-05-21,0.6102319955825806,0.6791290044784546,0.6003900170326233,0.6791290044784546,0.42715907096862793,8851545
2004-05-24,0.6988139748573303,0.7677119970321655,0.6692870259284973,0.7086570262908936,0.44573190808296204,9761785
2004-05-25,0.7086570262908936,0.7480270266532898,0.6692870259284973,0.7381839752197266,0.46430352330207825,8542578
2004-05-26,0.7381839752197266,0.7381839752197266,0.7381839752197266,0.7381839752197266,0.46430352330207825,0
2004-05-27,0.7775539755821228,0.816923975944519,0.7578690052032471,0.8070809841156006,0.5076385736465454,11554020
2004-05-28,0.8070809841156006,0.816923975944519,0.7578690052032471,0.7972390055656433,0.5014480352401733,6033043
2004-05-31,0.7972390055656433,0.8366090059280396,0.7873960137367249,0.8366090059280396,0.526211142539978,7201450
2004-06-01,0.8562939763069153,0.9251909852027893,0.8464509844779968,0.8759790062904358,0.5509740710258484,9301047
2004-06-02,0.8562939763069153,0.9153479933738708,0.8562939763069153,0.8858209848403931,0.5571643710136414,3303289
2004-06-03,0.8858209848403931,0.8956639766693115,0.7775539755821228,0.7873960137367249,0.49525707960128784,8658403
2004-06-04,0.8070809841156006,0.8366090059280396,0.7972390055656433,0.8366090059280396,0.526211142539978,8457233
2004-06-07,0.8661360144615173,0.9055060148239136,0.8661360144615173,0.8759790062904358,0.5509740710258484,9387895
2004-06-08,0.8956639766693115,0.8956639766693115,0.8661360144615173,0.8661360144615173,0.5447830557823181,4690767
2004-06-09,0.8661360144615173,0.8956639766693115,0.8562939763069153,0.8661360144615173,0.5447830557823181,4315993
2004-06-10,0.8464509844779968,0.8661360144615173,0.8464509844779968,0.8562939763069153,0.5385925769805908,5301519
2004-06-11,0.8661360144615173,0.8956639766693115,0.8464509844779968,0.8956639766693115,0.5633554458618164,7800894
2004-06-14,0.9055060148239136,0.9350330233573914,0.8661360144615173,0.8759790062904358,0.5509740710258484,10489875
2004-06-15,0.8661360144615173,0.8956639766693115,0.8267660140991211,0.8366090059280396,0.526211142539978,6396773
2004-06-16,0.8562939763069153,0.8661360144615173,0.8267660140991211,0.8366090059280396,0.526211142539978,5116606
2004-06-17,0.8267660140991211,0.8267660140991211,0.7873960137367249,0.7972390055656433,0.5014480352401733,2588783
2004-06-18,0.7775539755821228,0.7775539755821228,0.7086570262908936,0.7283419966697693,0.45811328291893005,7093753
2004-06-21,0.7381839752197266,0.7480270266532898,0.7184990048408508,0.7184990048408508,0.4519221782684326,1865387
2004-06-22,0.7184990048408508,0.7184990048408508,0.7184990048408508,0.7184990048408508,0.4519221782684326,0
2004-06-23,0.7381839752197266,0.7480270266532898,0.7184990048408508,0.7381839752197266,0.46430352330207825,1292359
2004-06-24,0.7381839752197266,0.7775539755821228,0.7381839752197266,0.7677119970321655,0.4828762412071228,2881393
2004-06-25,0.7480270266532898,0.7775539755821228,0.7480270266532898,0.7775539755821228,0.48906657099723816,1341127
2004-06-28,0.7677119970321655,0.7972390055656433,0.7578690052032471,0.7972390055656433,0.5014480352401733,1857258
2004-06-29,0.7972390055656433,0.7972390055656433,0.7677119970321655,0.7677119970321655,0.4828762412071228,2200668
2004-06-30,0.7775539755821228,0.7972390055656433,0.7775539755821228,0.7873960137367249,0.49525707960128784,2432318
2004-07-01,0.7873960137367249,0.7873960137367249,0.7873960137367249,0.7873960137367249,0.49525707960128784,0
2004-07-02,0.7775539755821228,0.7873960137367249,0.7578690052032471,0.7775539755821228,0.48906657099723816,1034294
2004-07-05,0.7775539755821228,0.7775539755821228,0.7578690052032471,0.7775539755821228,0.48906657099723816,1328935
2004-07-06,0.7775539755821228,0.8464509844779968,0.7677119970321655,0.8267660140991211,0.5200201272964478,6951513
2004-07-07,0.8070809841156006,0.8464509844779968,0.8070809841156006,0.8464509844779968,0.532401442527771,5632737
2004-07-08,0.8366090059280396,0.8464509844779968,0.8070809841156006,0.8070809841156006,0.5076385736465454,4246905
2004-07-09,0.8070809841156006,0.8661360144615173,0.8070809841156006,0.8562939763069153,0.5385925769805908,7224860
2004-07-12,0.8562939763069153,0.8661360144615173,0.8267660140991211,0.8267660140991211,0.5200201272964478,3972583
2004-07-13,0.8267660140991211,0.8267660140991211,0.7972390055656433,0.816923975944519,0.5138295888900757,1887739
2004-07-14,0.816923975944519,0.8267660140991211,0.7775539755821228,0.7972390055656433,0.5014480352401733,2223021
2004-07-15,0.7873960137367249,0.7972390055656433,0.7873960137367249,0.7972390055656433,0.5014480352401733,477522
2004-07-16,0.7873960137367249,0.816923975944519,0.7873960137367249,0.8070809841156006,0.5076385736465454,975365
2004-07-19,0.8070809841156006,0.8562939763069153,0.7873960137367249,0.8366090059280396,0.526211142539978,6252500
2004-07-20,0.8366090059280396,0.8464509844779968,0.816923975944519,0.8366090059280396,0.526211142539978,2027947
2004-07-21,0.8464509844779968,0.8464509844779968,0.8267660140991211,0.8267660140991211,0.5200201272964478,3208546
2004-07-22,0.816923975944519,0.8562939763069153,0.816923975944519,0.8464509844779968,0.532401442527771,2883425
2004-07-23,0.8562939763069153,0.9055060148239136,0.8562939763069153,0.9055060148239136,0.5695459842681885,12616762
2004-07-26,0.8956639766693115,0.9055060148239136,0.8759790062904358,0.8956639766693115,0.5633554458618164,5327935
2004-07-27,0.8956639766693115,0.9251909852027893,0.8858209848403931,0.9055060148239136,0.5695459842681885,7276939
2004-07-28,0.9153479933738708,0.9153479933738708,0.8858209848403931,0.8858209848403931,0.5571643710136414,3205625
2004-07-29,0.8956639766693115,0.8956639766693115,0.8562939763069153,0.8858209848403931,0.5571643710136414,4756940
2004-07-30,0.9055060148239136,0.9153479933738708,0.8858209848403931,0.9055060148239136,0.5695459842681885,7171478
2004-08-02,0.8956639766693115,0.9055060148239136,0.8858209848403931,0.8956639766693115,0.5633554458618164,2438414
2004-08-03,0.9055060148239136,0.9055060148239136,0.8661360144615173,0.8759790062904358,0.5509740710258484,1932443
2004-08-04,0.8759790062904358,0.8858209848403931,0.8661360144615173,0.8858209848403931,0.5571643710136414,1780042
2004-08-05,0.8858209848403931,0.9055060148239136,0.8858209848403931,0.8956639766693115,0.5633554458618164,3018594
2004-08-06,0.8858209848403931,0.9153479933738708,0.8858209848403931,0.9055060148239136,0.5695459842681885,4931693
2004-08-09,0.8956639766693115,0.9055060148239136,0.8858209848403931,0.8956639766693115,0.5633554458618164,3113042
2004-08-10,0.8956639766693115,0.8956639766693115,0.8858209848403931,0.8956639766693115,0.5633554458618164,2027947
2004-08-11,0.8956639766693115,0.9055060148239136,0.8759790062904358,0.8759790062904358,0.5509740710258484,3056146
2004-08-12,0.8759790062904358,0.8858209848403931,0.8759790062904358,0.8858209848403931,0.5571643710136414,1253751
2004-08-13,0.8759790062904358,0.8759790062904358,0.8661360144615173,0.8759790062904358,0.5509740710258484,2263661
2004-08-16,0.8759790062904358,0.8759790062904358,0.8562939763069153,0.8562939763069153,0.5385925769805908,921456
2004-08-17,0.8562939763069153,0.8661360144615173,0.8562939763069153,0.8562939763069153,0.5385925769805908,1526041
2004-08-18,0.8562939763069153,0.8661360144615173,0.8562939763069153,0.8562939763069153,0.5385925769805908,491746
2004-08-19,0.8661360144615173,0.8759790062904358,0.8661360144615173,0.8759790062904358,0.5509740710258484,728222
2004-08-20,0.8759790062904358,0.8759790062904358,0.8661360144615173,0.8759790062904358,0.5509740710258484,1906027
2004-08-23,0.8858209848403931,0.9055060148239136,0.8858209848403931,0.9055060148239136,0.5695459842681885,2818400
2004-08-24,0.8858209848403931,0.8956639766693115,0.8562939763069153,0.8956639766693115,0.5800641775131226,5837970
2004-08-25,0.8956639766693115,0.9350330233573914,0.8956639766693115,0.9251909852027893,0.599186897277832,11031793
2004-08-26,0.9350330233573914,0.9645609855651855,0.9251909852027893,0.9251909852027893,0.599186897277832,7505236
2004-08-27,0.9350330233573914,0.9350330233573914,0.8956639766693115,0.8956639766693115,0.5800641775131226,3105544
2004-08-30,0.9251909852027893,0.9251909852027893,0.9055060148239136,0.9153479933738708,0.5928124189376831,2263661
2004-08-31,0.9153479933738708,0.9350330233573914,0.9153479933738708,0.9153479933738708,0.5928124189376831,4620998
2004-09-01,0.9153479933738708,0.9448760151863098,0.9153479933738708,0.9350330233573914,0.6055610179901123,6335813
2004-09-02,0.9350330233573914,0.9744030237197876,0.9251909852027893,0.9448760151863098,0.6119356155395508,9676592
2004-09-03,0.9547179937362671,0.9547179937362671,0.9251909852027893,0.9350330233573914,0.6055610179901123,3355359
2004-09-06,0.9448760151863098,0.9744030237197876,0.9350330233573914,0.9645609855651855,0.6246842741966248,5777010
2004-09-07,1.0039310455322266,1.141724944114685,1.0039310455322266,1.141724944114685,0.739422082901001,45955119
2004-09-08,1.141724944114685,1.151568055152893,1.0728280544281006,1.1023550033569336,0.7139247059822083,24493771
2004-09-09,1.082669973373413,1.1023550033569336,1.0433000326156616,1.0433000326156616,0.6756787300109863,13080995
2004-09-10,1.0433000326156616,1.112197995185852,1.0433000326156616,1.1023550033569336,0.7139247059822083,13460860
2004-09-13,1.1318830251693726,1.141724944114685,1.0925129652023315,1.1023550033569336,0.7139247059822083,13125222
2004-09-14,1.112197995185852,1.1318830251693726,1.1023550033569336,1.1318830251693726,0.7330482602119446,6339090
2004-09-15,1.141724944114685,1.181095004081726,1.141724944114685,1.1614099740982056,0.7521709203720093,23131672
2004-09-16,1.1614099740982056,1.210621953010559,1.1614099740982056,1.181095004081726,0.7649195194244385,16943652
2004-09-17,1.181095004081726,1.181095004081726,1.151568055152893,1.1614099740982056,0.7521709203720093,6576708
2004-09-20,1.1712520122528076,1.1712520122528076,1.112197995185852,1.122040033340454,0.7266735434532166,4954045
2004-09-21,1.122040033340454,1.1712520122528076,1.112197995185852,1.151568055152893,0.7457968592643738,5657121
2004-09-22,1.151568055152893,1.181095004081726,1.1318830251693726,1.141724944114685,0.739422082901001,11579623
2004-09-23,1.112197995185852,1.141724944114685,1.112197995185852,1.1318830251693726,0.7330482602119446,5492528
2004-09-24,1.122040033340454,1.1318830251693726,1.0925129652023315,1.112197995185852,0.7202994227409363,8974380
2004-09-27,1.112197995185852,1.112197995185852,1.0629849433898926,1.0925129652023315,0.7075507640838623,5560804
2004-09-28,1.0925129652023315,1.122040033340454,1.0728280544281006,1.112197995185852,0.7202994227409363,4064024
2004-09-29,1.112197995185852,1.112197995185852,1.112197995185852,1.112197995185852,0.7202994227409363,0
2004-09-30,1.141724944114685,1.1712520122528076,1.141724944114685,1.1614099740982056,0.7521709203720093,10322620
2004-10-01,1.1614099740982056,1.1614099740982056,1.1614099740982056,1.1614099740982056,0.7521709203720093,0
2004-10-04,1.2007800340652466,1.2499920129776,1.181095004081726,1.2303069829940796,0.7967909574508667,26234372
2004-10-05,1.2303069829940796,1.2696770429611206,1.2204649448394775,1.2499920129776,0.8095399141311646,22876350
2004-10-06,1.2598350048065186,1.2696770429611206,1.210621953010559,1.2204649448394775,0.790416955947876,20327226
2004-10-07,1.240149974822998,1.2598350048065186,1.2204649448394775,1.240149974822998,0.8031657338142395,15686644
2004-10-08,1.240149974822998,1.2893619537353516,1.210621953010559,1.279520034790039,0.828663170337677,40081904
2004-10-11,1.309046983718872,1.3287320137023926,1.279520034790039,1.309046983718872,0.8477859497070312,34618220
2004-10-12,1.3287320137023926,1.3287320137023926,1.2499920129776,1.2598350048065186,0.8159144520759583,42536767
2004-10-13,1.279520034790039,1.2992039918899536,1.181095004081726,1.1909370422363281,0.7712936401367188,48282814
2004-10-14,1.181095004081726,1.1909370422363281,1.141724944114685,1.1712520122528076,0.7585449814796448,18903868
2004-10-15,1.1614099740982056,1.181095004081726,1.151568055152893,1.181095004081726,0.7649195194244385,9040421
2004-10-18,1.1614099740982056,1.1614099740982056,1.082669973373413,1.112197995185852,0.7202994227409363,22092034
2004-10-19,1.1023550033569336,1.122040033340454,1.082669973373413,1.112197995185852,0.7202994227409363,17687648
2004-10-20,1.0925129652023315,1.1023550033569336,1.0728280544281006,1.082669973373413,0.7011759281158447,11090213
2004-10-21,1.082669973373413,1.082669973373413,1.013772964477539,1.0433000326156616,0.6756787300109863,10078779
2004-10-22,1.0433000326156616,1.0433000326156616,1.0433000326156616,1.0433000326156616,0.6756787300109863,0
2004-10-25,1.0039310455322266,1.0236159563064575,0.984246015548706,1.013772964477539,0.6565558910369873,10101131
2004-10-26,1.0236159563064575,1.0629849433898926,1.013772964477539,1.05314302444458,0.6820533275604248,7640365
2004-10-27,1.0728280544281006,1.112197995185852,1.0728280544281006,1.082669973373413,0.7011759281158447,12633018
2004-10-28,1.112197995185852,1.1318830251693726,1.1023550033569336,1.1023550033569336,0.7139247059822083,7211610
2004-10-29,1.0925129652023315,1.112197995185852,1.0925129652023315,1.0925129652023315,0.7075507640838623,3718327
2004-11-01,1.0728280544281006,1.1023550033569336,1.0728280544281006,1.082669973373413,0.7011759281158447,3094754
2004-11-02,1.082669973373413,1.1318830251693726,1.082669973373413,1.122040033340454,0.7266735434532166,9874562
2004-11-03,1.122040033340454,1.1318830251693726,1.1023550033569336,1.112197995185852,0.7202994227409363,5705889
2004-11-04,1.141724944114685,1.1712520122528076,1.1318830251693726,1.141724944114685,0.739422082901001,15270570
2004-11-05,1.1614099740982056,1.1712520122528076,1.151568055152893,1.151568055152893,0.7457968592643738,8649259
2004-11-08,1.151568055152893,1.1614099740982056,1.1318830251693726,1.1614099740982056,0.7521709203720093,6232119
2004-11-09,1.151568055152893,1.151568055152893,1.1318830251693726,1.141724944114685,0.739422082901001,3950231
2004-11-10,1.141724944114685,1.1712520122528076,1.1318830251693726,1.151568055152893,0.7457968592643738,8351569
2004-11-11,1.141724944114685,1.151568055152893,1.1318830251693726,1.1318830251693726,0.7330482602119446,3842941
2004-11-12,1.151568055152893,1.1614099740982056,1.1318830251693726,1.1318830251693726,0.7330482602119446,4681068
2004-11-15,1.151568055152893,1.1614099740982056,1.1318830251693726,1.1318830251693726,0.7330482602119446,9680505
2004-11-16,1.141724944114685,1.141724944114685,1.1023550033569336,1.1023550033569336,0.7139247059822083,4430903
2004-11-17,1.0925129652023315,1.122040033340454,1.0925129652023315,1.112197995185852,0.7202994227409363,3643397
2004-11-18,1.112197995185852,1.122040033340454,1.0728280544281006,1.1023550033569336,0.7139247059822083,7643651
2004-11-19,1.112197995185852,1.112197995185852,1.1023550033569336,1.112197995185852,0.7202994227409363,4370095
2004-11-22,1.1023550033569336,1.112197995185852,1.082669973373413,1.112197995185852,0.7202994227409363,2759472
2004-11-23,1.112197995185852,1.141724944114685,1.112197995185852,1.1318830251693726,0.7330482602119446,7933503
2004-11-24,1.141724944114685,1.141724944114685,1.112197995185852,1.112197995185852,0.7202994227409363,4106696
2004-11-25,1.112197995185852,1.112197995185852,1.0925129652023315,1.1023550033569336,0.7139247059822083,3958359
2004-11-26,1.1023550033569336,1.1023550033569336,1.082669973373413,1.082669973373413,0.7011759281158447,5957859
2004-11-29,1.0925129652023315,1.1023550033569336,1.0629849433898926,1.0728280544281006,0.6948022246360779,5636801
2004-11-30,1.0728280544281006,1.0728280544281006,1.0433000326156616,1.0728280544281006,0.6948022246360779,8272320
2004-12-01,1.0629849433898926,1.082669973373413,1.05314302444458,1.0728280544281006,0.6948022246360779,2966737
2004-12-02,1.1023550033569336,1.1023550033569336,1.0629849433898926,1.082669973373413,0.7011759281158447,3994923
2004-12-03,1.0925129652023315,1.0925129652023315,1.05314302444458,1.0629849433898926,0.6884272694587708,2964705
2004-12-06,1.0433000326156616,1.0629849433898926,1.0433000326156616,1.0629849433898926,0.6884272694587708,1420376
2004-12-07,1.05314302444458,1.0728280544281006,1.05314302444458,1.0629849433898926,0.6884272694587708,1196339
2004-12-08,1.0629849433898926,1.082669973373413,1.05314302444458,1.05314302444458,0.6820533275604248,3043953
2004-12-09,1.0728280544281006,1.0728280544281006,1.05314302444458,1.0629849433898926,0.6884272694587708,1614646
2004-12-10,1.0728280544281006,1.0728280544281006,1.05314302444458,1.0629849433898926,0.6884272694587708,2413217
2004-12-13,1.0629849433898926,1.0629849433898926,1.0334579944610596,1.05314302444458,0.6820533275604248,2525790
2004-12-14,1.0433000326156616,1.0629849433898926,1.0433000326156616,1.0629849433898926,0.6884272694587708,1530105
2004-12-15,1.05314302444458,1.0728280544281006,1.013772964477539,1.0236159563064575,0.662930428981781,4758972
2004-12-16,1.0236159563064575,1.0236159563064575,0.984246015548706,0.9940879940986633,0.6438072323799133,7492016
2004-12-17,0.9940879940986633,1.0236159563064575,0.9940879940986633,1.0039310455322266,0.6501818299293518,2745248
2004-12-20,1.0236159563064575,1.0236159563064575,0.9940879940986633,1.0039310455322266,0.6501818299293518,2710704
2004-12-21,1.0334579944610596,1.0629849433898926,1.0334579944610596,1.0433000326156616,0.6756787300109863,5045485
2004-12-22,1.0433000326156616,1.0629849433898926,1.0236159563064575,1.0236159563064575,0.662930428981781,3245123
2004-12-23,1.0433000326156616,1.0433000326156616,1.013772964477539,1.0334579944610596,0.669304370880127,2479054
2004-12-24,1.0334579944610596,1.0334579944610596,1.013772964477539,1.013772964477539,0.6565558910369873,1503688
2004-12-27,1.013772964477539,1.013772964477539,1.013772964477539,1.013772964477539,0.6565558910369873,0
2004-12-28,1.013772964477539,1.0236159563064575,0.9940879940986633,1.013772964477539,0.6565558910369873,1251719
2004-12-29,1.0334579944610596,1.0334579944610596,1.013772964477539,1.013772964477539,0.6565558910369873,1261879
2004-12-30,1.0236159563064575,1.122040033340454,1.0039310455322266,1.05314302444458,0.6820533275604248,16073316
2004-12-31,1.0728280544281006,1.1023550033569336,1.0728280544281006,1.082669973373413,0.7011759281158447,9113573
2005-01-03,1.0925129652023315,1.0925129652023315,1.0629849433898926,1.0629849433898926,0.6884272694587708,4135144
2005-01-04,1.0728280544281006,1.0728280544281006,1.0433000326156616,1.05314302444458,0.6820533275604248,2691095
2005-01-05,1.0433000326156616,1.0433000326156616,1.0039310455322266,1.013772964477539,0.6565558910369873,4524112
2005-01-06,1.013772964477539,1.0433000326156616,1.013772964477539,1.0334579944610596,0.669304370880127,3298971
2005-01-07,1.0236159563064575,1.0433000326156616,0.984246015548706,1.0039310455322266,0.6501818299293518,4285513
2005-01-10,1.0039310455322266,1.0334579944610596,1.0039310455322266,1.0236159563064575,0.662930428981781,4081804
2005-01-11,1.0334579944610596,1.0334579944610596,1.0039310455322266,1.0334579944610596,0.669304370880127,3929911
2005-01-12,1.0334579944610596,1.0334579944610596,1.0039310455322266,1.0039310455322266,0.6501818299293518,1867419
2005-01-13,1.0236159563064575,1.0334579944610596,1.013772964477539,1.0236159563064575,0.662930428981781,1576841
2005-01-14,1.0039310455322266,1.0236159563064575,1.0039310455322266,1.0039310455322266,0.6501818299293518,1393960
2005-01-17,1.013772964477539,1.0334579944610596,1.013772964477539,1.0236159563064575,0.662930428981781,3734838
2005-01-18,1.0236159563064575,1.0334579944610596,1.013772964477539,1.013772964477539,0.6565558910369873,1873718
2005-01-19,1.0236159563064575,1.0433000326156616,1.0236159563064575,1.0236159563064575,0.662930428981781,3840502
2005-01-20,1.0236159563064575,1.0236159563064575,1.013772964477539,1.013772964477539,0.6565558910369873,1016006
2005-01-21,1.0039310455322266,1.0334579944610596,1.0039310455322266,1.013772964477539,0.6565558910369873,2077672
2005-01-24,1.0039310455322266,1.013772964477539,0.9940879940986633,1.013772964477539,0.6565558910369873,3113042
2005-01-25,1.013772964477539,1.0236159563064575,1.0039310455322266,1.0236159563064575,0.662930428981781,2059444
2005-01-26,1.0236159563064575,1.0334579944610596,1.013772964477539,1.0236159563064575,0.662930428981781,1800362
2005-01-27,1.0236159563064575,1.0334579944610596,1.013772964477539,1.0236159563064575,0.662930428981781,1290327
2005-01-28,1.0236159563064575,1.0236159563064575,1.013772964477539,1.0236159563064575,0.662930428981781,1894851
2005-01-31,1.013772964477539,1.0236159563064575,1.013772964477539,1.013772964477539,0.6645431518554688,719332
2005-02-01,1.0039310455322266,1.013772964477539,0.9940879940986633,1.0039310455322266,0.6580915451049805,1249687
2005-02-02,0.9940879940986633,1.0039310455322266,0.984246015548706,0.9940879940986633,0.6516393423080444,1789135
2005-02-03,0.9940879940986633,0.9940879940986633,0.984246015548706,0.9940879940986633,0.6516393423080444,1160278
2005-02-04,0.9940879940986633,1.0039310455322266,0.984246015548706,0.9940879940986633,0.6516393423080444,1444760
2005-02-07,1.0039310455322266,1.0039310455322266,0.9940879940986633,1.0039310455322266,0.6580915451049805,1428504
2005-02-08,1.0039310455322266,1.013772964477539,0.9940879940986633,1.0039310455322266,0.6580915451049805,711204
2005-02-14,1.013772964477539,1.013772964477539,1.0039310455322266,1.013772964477539,0.6645431518554688,1001781
2005-02-15,1.0236159563064575,1.0236159563064575,1.0039310455322266,1.013772964477539,0.6645431518554688,804676
2005-02-16,1.013772964477539,1.05314302444458,1.013772964477539,1.05314302444458,0.6903507709503174,10179491
2005-02-17,1.05314302444458,1.0629849433898926,1.0334579944610596,1.0433000326156616,0.6838986277580261,2993153
2005-02-18,1.0334579944610596,1.0629849433898926,1.0334579944610596,1.0629849433898926,0.6968021988868713,3781574
2005-02-21,1.0629849433898926,1.0728280544281006,1.05314302444458,1.05314302444458,0.6903507709503174,2446542
2005-02-22,1.05314302444458,1.05314302444458,1.0334579944610596,1.0334579944610596,0.6774469017982483,2097036
2005-02-23,1.0334579944610596,1.0334579944610596,1.013772964477539,1.013772964477539,0.6645431518554688,2160028
2005-02-24,1.013772964477539,1.0236159563064575,1.013772964477539,1.0236159563064575,0.6709951758384705,2452638
2005-02-25,1.0236159563064575,1.0334579944610596,1.0236159563064575,1.0236159563064575,0.6709951758384705,2561758
2005-02-28,1.0334579944610596,1.05314302444458,1.013772964477539,1.0236159563064575,0.6709951758384705,4271492
2005-03-01,1.013772964477539,1.0334579944610596,1.013772964477539,1.0334579944610596,0.6774469017982483,1344785
2005-03-02,1.0236159563064575,1.0236159563064575,1.013772964477539,1.013772964477539,0.6645431518554688,1558553
2005-03-03,1.0039310455322266,1.013772964477539,1.0039310455322266,1.0039310455322266,0.6580915451049805,1777821
2005-03-04,1.013772964477539,1.0236159563064575,1.0039310455322266,1.0039310455322266,0.6580915451049805,1733306
2005-03-07,1.013772964477539,1.013772964477539,0.9940879940986633,1.0039310455322266,0.6580915451049805,1224033
2005-03-08,0.984246015548706,1.013772964477539,0.984246015548706,1.013772964477539,0.6645431518554688,900181
2005-03-09,1.0039310455322266,1.0236159563064575,1.0039310455322266,1.0236159563064575,0.6709951758384705,1485400
2005-03-10,0.9940879940986633,1.0039310455322266,0.9940879940986633,1.0039310455322266,0.6580915451049805,2342909
2005-03-11,1.0039310455322266,1.013772964477539,1.0039310455322266,1.0039310455322266,0.6580915451049805,1109478
2005-03-14,1.0039310455322266,1.0039310455322266,0.9940879940986633,1.0039310455322266,0.6580915451049805,577091
2005-03-15,0.9940879940986633,0.9940879940986633,0.984246015548706,0.9940879940986633,0.6516393423080444,2245373
2005-03-16,0.984246015548706,0.9940879940986633,0.984246015548706,0.9940879940986633,0.6516393423080444,1895867
2005-03-17,0.984246015548706,0.9940879940986633,0.984246015548706,0.984246015548706,0.6451876759529114,518163
2005-03-18,0.9940879940986633,0.9940879940986633,0.984246015548706,0.984246015548706,0.6451876759529114,894288
2005-03-21,0.9940879940986633,0.9940879940986633,0.9645609855651855,0.9645609855651855,0.6322838068008423,1975115
2005-03-22,0.9547179937362671,0.9645609855651855,0.9153479933738708,0.9153479933738708,0.6000241637229919,4231766
2005-03-23,0.8858209848403931,0.8956639766693115,0.8759790062904358,0.8858209848403931,0.580668568611145,4315079
2005-03-24,0.8956639766693115,0.9055060148239136,0.8858209848403931,0.9055060148239136,0.5935724377632141,1725279
2005-03-29,0.8858209848403931,0.9055060148239136,0.8858209848403931,0.8956639766693115,0.5871208906173706,950981
2005-03-30,0.8956639766693115,0.8956639766693115,0.8858209848403931,0.8858209848403931,0.580668568611145,1062742
2005-03-31,0.8956639766693115,0.8956639766693115,0.8858209848403931,0.8858209848403931,0.580668568611145,1389896
2005-04-01,0.8858209848403931,0.8858209848403931,0.8759790062904358,0.8858209848403931,0.580668568611145,934827
2005-04-04,0.8858209848403931,0.9055060148239136,0.8759790062904358,0.9055060148239136,0.5935724377632141,1320807
2005-04-06,0.9055060148239136,0.9055060148239136,0.8858209848403931,0.9055060148239136,0.5935724377632141,514099
2005-04-07,0.8956639766693115,0.9055060148239136,0.8956639766693115,0.8956639766693115,0.5871208906173706,442978
2005-04-08,0.8956639766693115,0.8956639766693115,0.8956639766693115,0.8956639766693115,0.5871208906173706,497385
2005-04-11,0.8956639766693115,0.8956639766693115,0.8858209848403931,0.8858209848403931,0.580668568611145,717808
2005-04-12,0.8858209848403931,0.8956639766693115,0.8858209848403931,0.8858209848403931,0.580668568611145,562867
2005-04-13,0.8858209848403931,0.9055060148239136,0.8858209848403931,0.9055060148239136,0.5935724377632141,979429
2005-04-14,0.9055060148239136,0.9055060148239136,0.8956639766693115,0.8956639766693115,0.5871208906173706,631955
2005-04-15,0.8858209848403931,0.8956639766693115,0.8858209848403931,0.8858209848403931,0.580668568611145,455170
2005-04-18,0.8759790062904358,0.8858209848403931,0.8562939763069153,0.8562939763069153,0.5613133311271667,2062492
2005-04-19,0.8562939763069153,0.8759790062904358,0.8562939763069153,0.8759790062904358,0.5742171406745911,434850
2005-04-20,0.8858209848403931,0.8858209848403931,0.8759790062904358,0.8759790062904358,0.5742171406745911,1026166
2005-04-21,0.8661360144615173,0.8759790062904358,0.8661360144615173,0.8759790062904358,0.5742171406745911,477522
2005-04-22,0.8858209848403931,0.8858209848403931,0.8661360144615173,0.8661360144615173,0.5677648782730103,607571
2005-04-25,0.8759790062904358,0.8759790062904358,0.8661360144615173,0.8661360144615173,0.5677648782730103,294641
2005-04-26,0.8759790062904358,0.8858209848403931,0.8661360144615173,0.8661360144615173,0.5677648782730103,928629
2005-04-27,0.8661360144615173,0.8858209848403931,0.8661360144615173,0.8661360144615173,0.5677648782730103,625859
2005-04-28,0.8858209848403931,0.9055060148239136,0.8858209848403931,0.8858209848403931,0.580668568611145,1217175
2005-04-29,0.8858209848403931,0.8956639766693115,0.8759790062904358,0.8858209848403931,0.580668568611145,591315
2005-05-03,0.8956639766693115,0.8956639766693115,0.8858209848403931,0.8956639766693115,0.5871208906173706,813312
2005-05-04,0.8858209848403931,0.8956639766693115,0.8759790062904358,0.8759790062904358,0.5742171406745911,532387
2005-05-05,0.8956639766693115,0.9940879940986633,0.8956639766693115,0.9744030237197876,0.6387354731559753,15263230
2005-05-06,0.9744030237197876,0.9744030237197876,0.9448760151863098,0.9448760151863098,0.619379997253418,4011191
2005-05-09,0.9448760151863098,0.9547179937362671,0.9350330233573914,0.9448760151863098,0.619379997253418,1389896
2005-05-10,0.9350330233573914,0.9448760151863098,0.9251909852027893,0.9251909852027893,0.6064761877059937,1282199
2005-05-11,0.9251909852027893,0.9251909852027893,0.9055060148239136,0.9153479933738708,0.6000241637229919,1487432
2005-05-12,0.9153479933738708,0.9153479933738708,0.8956639766693115,0.8956639766693115,0.5871208906173706,883925
2005-05-13,0.8956639766693115,0.9055060148239136,0.8858209848403931,0.8956639766693115,0.5871208906173706,678041
2005-05-17,0.9153479933738708,0.9251909852027893,0.8858209848403931,0.8956639766693115,0.5871208906173706,777244
2005-05-18,0.9055060148239136,0.9055060148239136,0.8858209848403931,0.8858209848403931,0.580668568611145,436882
2005-05-19,0.8956639766693115,0.8956639766693115,0.8956639766693115,0.8956639766693115,0.5871208906173706,831600
2005-05-20,0.8956639766693115,0.9055060148239136,0.8956639766693115,0.9055060148239136,0.5935724377632141,382018
2005-05-23,0.9153479933738708,0.9350330233573914,0.9153479933738708,0.9350330233573914,0.6129278540611267,1922283
2005-05-24,0.9350330233573914,0.9350330233573914,0.9055060148239136,0.9055060148239136,0.5935724377632141,1132592
2005-05-25,0.9055060148239136,0.9251909852027893,0.9055060148239136,0.9055060148239136,0.5935724377632141,471426
2005-05-26,0.9153479933738708,0.9448760151863098,0.9153479933738708,0.9153479933738708,0.6000241637229919,2311413
2005-05-27,0.9350330233573914,0.9448760151863098,0.9251909852027893,0.9350330233573914,0.6129278540611267,934725
2005-05-30,0.9448760151863098,0.9448760151863098,0.9350330233573914,0.9350330233573914,0.6129278540611267,802644
2005-05-31,0.9251909852027893,0.9251909852027893,0.9153479933738708,0.9153479933738708,0.6000241637229919,409450
2005-06-01,0.9251909852027893,0.9251909852027893,0.9055060148239136,0.9153479933738708,0.6000241637229919,782324
2005-06-02,0.9153479933738708,0.9153479933738708,0.9055060148239136,0.9153479933738708,0.6000241637229919,217425
2005-06-03,0.9153479933738708,0.9153479933738708,0.9055060148239136,0.9055060148239136,0.5935724377632141,375922
2005-06-06,0.8956639766693115,0.9055060148239136,0.8956639766693115,0.9055060148239136,0.5935724377632141,325121
2005-06-07,0.9055060148239136,0.9055060148239136,0.8858209848403931,0.9055060148239136,0.5935724377632141,829060
2005-06-08,0.9055060148239136,0.9055060148239136,0.8858209848403931,0.9055060148239136,0.5935724377632141,406402
2005-06-09,0.9055060148239136,0.9153479933738708,0.9055060148239136,0.9153479933738708,0.6000241637229919,528323
2005-06-10,0.9153479933738708,0.9153479933738708,0.9055060148239136,0.9055060148239136,0.5935724377632141,280417
2005-06-13,0.9055060148239136,0.9055060148239136,0.8956639766693115,0.8956639766693115,0.5871208906173706,347474
2005-06-14,0.8956639766693115,0.9055060148239136,0.8956639766693115,0.9055060148239136,0.5935724377632141,275591
2005-06-15,0.8858209848403931,0.8956639766693115,0.8858209848403931,0.8956639766693115,0.5871208906173706,317847
2005-06-16,0.8858209848403931,0.8956639766693115,0.8858209848403931,0.8858209848403931,0.580668568611145,1251719
2005-06-17,0.8858209848403931,0.8956639766693115,0.8858209848403931,0.8858209848403931,0.580668568611145,816868
2005-06-20,0.8858209848403931,0.8858209848403931,0.8759790062904358,0.8858209848403931,0.580668568611145,784356
2005-06-21,0.8858209848403931,0.8858209848403931,0.8759790062904358,0.8858209848403931,0.580668568611145,911723
2005-06-22,0.8858209848403931,0.9153479933738708,0.8858209848403931,0.9055060148239136,0.5935724377632141,2373390
2005-06-23,0.9055060148239136,0.9055060148239136,0.8956639766693115,0.9055060148239136,0.5935724377632141,1072902
2005-06-24,0.8956639766693115,0.9055060148239136,0.8956639766693115,0.9055060148239136,0.5935724377632141,692916
2005-06-27,0.9055060148239136,0.9153479933738708,0.9055060148239136,0.9055060148239136,0.5935724377632141,560835
2005-06-28,0.9055060148239136,0.9055060148239136,0.8858209848403931,0.8858209848403931,0.580668568611145,381408
2005-06-29,0.8956639766693115,0.9055060148239136,0.8956639766693115,0.8956639766693115,0.5871208906173706,361698
2005-06-30,0.8956639766693115,0.8956639766693115,0.8858209848403931,0.8858209848403931,0.580668568611145,386082
2005-07-04,0.8858209848403931,0.8956639766693115,0.8858209848403931,0.8956639766693115,0.5871208906173706,333249
2005-07-05,0.8956639766693115,0.9055060148239136,0.8956639766693115,0.8956639766693115,0.5871208906173706,737620
2005-07-06,0.8956639766693115,0.8956639766693115,0.8759790062904358,0.8858209848403931,0.580668568611145,1487628
2005-07-07,0.8759790062904358,0.8759790062904358,0.8562939763069153,0.8661360144615173,0.5677648782730103,1485603
2005-07-08,0.8562939763069153,0.8759790062904358,0.8562939763069153,0.8661360144615173,0.5677648782730103,867669
2005-07-11,0.8562939763069153,0.8858209848403931,0.8562939763069153,0.8858209848403931,0.580668568611145,229617
2005-07-12,0.8858209848403931,0.8858209848403931,0.8661360144615173,0.8661360144615173,0.5677648782730103,199137
2005-07-13,0.8661360144615173,0.8858209848403931,0.8661360144615173,0.8858209848403931,0.580668568611145,546103
2005-07-14,0.8759790062904358,0.8858209848403931,0.8661360144615173,0.8759790062904358,0.5742171406745911,526291
2005-07-15,0.8759790062904358,0.9055060148239136,0.8759790062904358,0.9055060148239136,0.5935724377632141,2515630
2005-07-18,0.9251909852027893,0.9547179937362671,0.9153479933738708,0.9350330233573914,0.6129278540611267,5236986
2005-07-19,0.9448760151863098,0.9547179937362671,0.9350330233573914,0.9547179937362671,0.6258315443992615,3857215
2005-07-20,0.9547179937362671,0.9547179937362671,0.9251909852027893,0.9350330233573914,0.6129278540611267,3232931
2005-07-21,0.9547179937362671,0.9547179937362671,0.9251909852027893,0.9350330233573914,0.6129278540611267,1463048
2005-07-22,0.9350330233573914,0.9448760151863098,0.9350330233573914,0.9448760151863098,0.619379997253418,1314914
2005-07-25,0.9547179937362671,0.9547179937362671,0.9448760151863098,0.9448760151863098,0.619379997253418,2038412
2005-07-26,0.9547179937362671,0.9547179937362671,0.8267660140991211,0.8562939763069153,0.5613133311271667,9763899
2005-07-27,0.8464509844779968,0.8661360144615173,0.8366090059280396,0.8562939763069153,0.5613133311271667,3899431
2005-07-28,0.8562939763069153,0.8956639766693115,0.8562939763069153,0.8858209848403931,0.580668568611145,3214642
2005-07-29,0.8956639766693115,0.9055060148239136,0.8858209848403931,0.8858209848403931,0.580668568611145,2225053
2005-08-01,0.8759790062904358,0.8858209848403931,0.8661360144615173,0.8858209848403931,0.580668568611145,1418344
2005-08-02,0.8759790062904358,0.8858209848403931,0.8759790062904358,0.8759790062904358,0.5742171406745911,1180598
2005-08-03,0.8759790062904358,0.8759790062904358,0.8661360144615173,0.8759790062904358,0.5742171406745911,2064625
2005-08-04,0.8858209848403931,0.8858209848403931,0.8759790062904358,0.8759790062904358,0.5742171406745911,989793
2005-08-05,0.8661360144615173,0.8759790062904358,0.8661360144615173,0.8661360144615173,0.5677648782730103,898149
2005-08-08,0.8759790062904358,0.8858209848403931,0.8661360144615173,0.8858209848403931,0.580668568611145,1096473
2005-08-09,0.8759790062904358,0.8858209848403931,0.8661360144615173,0.8661360144615173,0.5677648782730103,920501
2005-08-10,0.8759790062904358,0.8858209848403931,0.8661360144615173,0.8759790062904358,0.5742171406745911,650243
2005-08-11,0.8759790062904358,0.8759790062904358,0.8661360144615173,0.8759790062904358,0.5742171406745911,867415
2005-08-12,0.8661360144615173,0.8759790062904358,0.8661360144615173,0.8759790062904358,0.5742171406745911,812804
2005-08-15,0.8661360144615173,0.8759790062904358,0.8562939763069153,0.8661360144615173,0.5677648782730103,1043438
2005-08-16,0.8562939763069153,0.8759790062904358,0.8562939763069153,0.8759790062904358,0.5742171406745911,1139958
2005-08-17,0.8366090059280396,0.8562939763069153,0.8366090059280396,0.8464509844779968,0.5627650618553162,979429
2005-08-18,0.8464509844779968,0.8562939763069153,0.8267660140991211,0.8464509844779968,0.5627650618553162,2101202
2005-08-19,0.8464509844779968,0.8464509844779968,0.8267660140991211,0.8267660140991211,0.5496774315834045,1257815
2005-08-22,0.8366090059280396,0.8464509844779968,0.8267660140991211,0.8267660140991211,0.5496774315834045,1150321
2005-08-23,0.8366090059280396,0.8366090059280396,0.8267660140991211,0.8366090059280396,0.5562215447425842,887989
2005-08-24,0.8267660140991211,0.8366090059280396,0.8267660140991211,0.8366090059280396,0.5562215447425842,1515880
2005-08-25,0.8366090059280396,0.8661360144615173,0.8267660140991211,0.8562939763069153,0.5693092346191406,1016006
2005-08-26,0.8661360144615173,0.8661360144615173,0.8366090059280396,0.8464509844779968,0.5627650618553162,377954
2005-08-29,0.8267660140991211,0.8366090059280396,0.8267660140991211,0.8366090059280396,0.5562215447425842,412498
2005-08-30,0.8267660140991211,0.8366090059280396,0.8267660140991211,0.8366090059280396,0.5562215447425842,631955
2005-08-31,0.8267660140991211,0.8267660140991211,0.816923975944519,0.816923975944519,0.5431339740753174,1076966
2005-09-01,0.8267660140991211,0.8267660140991211,0.816923975944519,0.816923975944519,0.5431339740753174,363730
2005-09-02,0.816923975944519,0.8267660140991211,0.816923975944519,0.8267660140991211,0.5496774315834045,753876
2005-09-05,0.8267660140991211,0.8366090059280396,0.8267660140991211,0.8366090059280396,0.5562215447425842,547627
2005-09-06,0.8366090059280396,0.8366090059280396,0.8267660140991211,0.8366090059280396,0.5562215447425842,118059
2005-09-07,0.8267660140991211,0.8366090059280396,0.8267660140991211,0.8366090059280396,0.5562215447425842,512067
2005-09-08,0.8267660140991211,0.8366090059280396,0.8267660140991211,0.8267660140991211,0.5496774315834045,558803
2005-09-09,0.8267660140991211,0.8366090059280396,0.8267660140991211,0.8366090059280396,0.5562215447425842,346945
2005-09-12,0.8366090059280396,0.8366090059280396,0.8366090059280396,0.8366090059280396,0.5562215447425842,264161
2005-09-13,0.8366090059280396,0.8366090059280396,0.8267660140991211,0.8267660140991211,0.5496774315834045,540515
2005-09-14,0.8267660140991211,0.8267660140991211,0.816923975944519,0.8267660140991211,0.5496774315834045,368810
2005-09-15,0.8267660140991211,0.8267660140991211,0.816923975944519,0.8267660140991211,0.5496774315834045,188977
2005-09-16,0.8267660140991211,0.8267660140991211,0.816923975944519,0.816923975944519,0.5431339740753174,132080
2005-09-20,0.816923975944519,0.816923975944519,0.8070809841156006,0.816923975944519,0.5431339740753174,702060
2005-09-21,0.816923975944519,0.8366090059280396,0.816923975944519,0.8267660140991211,0.5496774315834045,587251
2005-09-22,0.8267660140991211,0.8267660140991211,0.8070809841156006,0.8070809841156006,0.5365898609161377,162560
2005-09-23,0.8267660140991211,0.8267660140991211,0.8070809841156006,0.816923975944519,0.5431339740753174,676659
2005-09-26,0.816923975944519,0.816923975944519,0.816923975944519,0.816923975944519,0.5431339740753174,424690
2005-09-27,0.816923975944519,0.8267660140991211,0.8070809841156006,0.8267660140991211,0.5496774315834045,961141
2005-09-28,0.8267660140991211,0.8366090059280396,0.8267660140991211,0.8366090059280396,0.5562215447425842,1867419
2005-09-29,0.8366090059280396,0.8464509844779968,0.8267660140991211,0.8366090059280396,0.5562215447425842,1591065
2005-09-30,0.816923975944519,0.8267660140991211,0.816923975944519,0.816923975944519,0.5431339740753174,316993
2005-10-03,0.816923975944519,0.816923975944519,0.7972390055656433,0.7972390055656433,0.5300463438034058,1465080
2005-10-04,0.8070809841156006,0.8267660140991211,0.7972390055656433,0.8267660140991211,0.5496774315834045,857509
2005-10-05,0.8070809841156006,0.816923975944519,0.8070809841156006,0.8070809841156006,0.5365898609161377,166624
2005-10-06,0.7972390055656433,0.8070809841156006,0.7972390055656433,0.7972390055656433,0.5300463438034058,1391928
2005-10-07,0.7972390055656433,0.7972390055656433,0.7873960137367249,0.7873960137367249,0.5235021114349365,759972
2005-10-10,0.7873960137367249,0.7972390055656433,0.7873960137367249,0.7873960137367249,0.5235021114349365,862954
2005-10-12,0.7775539755821228,0.7972390055656433,0.7677119970321655,0.7677119970321655,0.5104153752326965,731524
2005-10-13,0.7677119970321655,0.7677119970321655,0.7578690052032471,0.7578690052032471,0.5038710832595825,475490
2005-10-14,0.7578690052032471,0.7578690052032471,0.7381839752197266,0.7381839752197266,0.4907833933830261,971301
2005-10-17,0.7677119970321655,0.7677119970321655,0.7480270266532898,0.7480270266532898,0.4973275661468506,587556
2005-10-18,0.7677119970321655,0.7677119970321655,0.7480270266532898,0.7578690052032471,0.5038710832595825,282449
2005-10-19,0.7480270266532898,0.7480270266532898,0.7381839752197266,0.7381839752197266,0.4907833933830261,408434
2005-10-20,0.7381839752197266,0.7480270266532898,0.7381839752197266,0.7480270266532898,0.4973275661468506,290577
2005-10-21,0.7184990048408508,0.7381839752197266,0.7086570262908936,0.7184990048408508,0.4776958227157593,650548
2005-10-24,0.7086570262908936,0.7086570262908936,0.688971996307373,0.688971996307373,0.45806464552879333,2267826
2005-10-25,0.6988139748573303,0.6988139748573303,0.6692870259284973,0.688971996307373,0.45806464552879333,585219
2005-10-26,0.6594439744949341,0.6791290044784546,0.6496019959449768,0.6692870259284973,0.4449772536754608,1040390
2005-10-27,0.6692870259284973,0.6692870259284973,0.6496019959449768,0.6594439744949341,0.4384330213069916,321057
2005-10-28,0.6496019959449768,0.6496019959449768,0.6299170255661011,0.6496019959449768,0.43188953399658203,1016006
2005-10-31,0.6496019959449768,0.6692870259284973,0.6496019959449768,0.6692870259284973,0.4449772536754608,483618
2005-11-01,0.6594439744949341,0.6988139748573303,0.6594439744949341,0.688971996307373,0.45806464552879333,417720
2005-11-02,0.6692870259284973,0.688971996307373,0.6692870259284973,0.6791290044784546,0.4515205919742584,418594
2005-11-03,0.6692870259284973,0.6692870259284973,0.6496019959449768,0.6692870259284973,0.4449772536754608,233681
2005-11-04,0.6692870259284973,0.688971996307373,0.6594439744949341,0.688971996307373,0.45806464552879333,581155
2005-11-07,0.6594439744949341,0.6594439744949341,0.6496019959449768,0.6496019959449768,0.43188953399658203,808740
2005-11-08,0.6594439744949341,0.6692870259284973,0.6397600173950195,0.6692870259284973,0.4449772536754608,568963
2005-11-09,0.6692870259284973,0.6692870259284973,0.6496019959449768,0.6692870259284973,0.4449772536754608,195174
2005-11-10,0.6692870259284973,0.6692870259284973,0.6692870259284973,0.6692870259284973,0.4449772536754608,233681
2005-11-11,0.6496019959449768,0.6594439744949341,0.6496019959449768,0.6496019959449768,0.43188953399658203,794516
2005-11-14,0.6496019959449768,0.6692870259284973,0.6397600173950195,0.6692870259284973,0.4449772536754608,327153
2005-11-15,0.6496019959449768,0.6594439744949341,0.6496019959449768,0.6594439744949341,0.4384330213069916,298705
2005-11-16,0.6594439744949341,0.6791290044784546,0.6594439744949341,0.6692870259284973,0.4449772536754608,465330
2005-11-17,0.6594439744949341,0.6594439744949341,0.6594439744949341,0.6594439744949341,0.4384330213069916,111760
2005-11-18,0.6692870259284973,0.6692870259284973,0.6692870259284973,0.6692870259284973,0.4449772536754608,40640
2005-11-21,0.6692870259284973,0.6692870259284973,0.6594439744949341,0.6594439744949341,0.4384330213069916,219457
2005-11-22,0.6692870259284973,0.6692870259284973,0.6692870259284973,0.6692870259284973,0.4449772536754608,10160
2005-11-23,0.6692870259284973,0.6692870259284973,0.6692870259284973,0.6692870259284973,0.4449772536754608,363730
2005-11-24,0.6791290044784546,0.7578690052032471,0.6791290044784546,0.7381839752197266,0.4907833933830261,3897399
2005-11-25,0.7283419966697693,0.7283419966697693,0.7086570262908936,0.7086570262908936,0.4711524546146393,1055597
2005-11-28,0.7184990048408508,0.7480270266532898,0.7086570262908936,0.7086570262908936,0.4711524546146393,1461016
2005-11-29,0.7086570262908936,0.7086570262908936,0.6988139748573303,0.7086570262908936,0.4711524546146393,314961
2005-11-30,0.7184990048408508,0.7184990048408508,0.7086570262908936,0.7086570262908936,0.4711524546146393,304801
2005-12-01,0.7086570262908936,0.7086570262908936,0.7086570262908936,0.7086570262908936,0.4711524546146393,81280
2005-12-02,0.7184990048408508,0.7184990048408508,0.6988139748573303,0.7086570262908936,0.4711524546146393,457202
2005-12-05,0.6988139748573303,0.7086570262908936,0.688971996307373,0.6988139748573303,0.46460819244384766,259122
2005-12-06,0.6988139748573303,0.6988139748573303,0.688971996307373,0.688971996307373,0.45806464552879333,258065
2005-12-07,0.6988139748573303,0.7086570262908936,0.6988139748573303,0.6988139748573303,0.46460819244384766,686820
2005-12-08,0.6988139748573303,0.6988139748573303,0.6988139748573303,0.6988139748573303,0.46460819244384766,347474
2005-12-09,0.6988139748573303,0.7578690052032471,0.6988139748573303,0.7283419966697693,0.48424020409584045,1030230
2005-12-12,0.7381839752197266,0.7381839752197266,0.7283419966697693,0.7283419966697693,0.48424020409584045,562867
2005-12-13,0.7283419966697693,0.7381839752197266,0.7184990048408508,0.7283419966697693,0.48424020409584045,759972
2005-12-14,0.7184990048408508,0.7381839752197266,0.7086570262908936,0.7381839752197266,0.4907833933830261,396242
2005-12-15,0.7480270266532898,0.7677119970321655,0.7381839752197266,0.7480270266532898,0.4973275661468506,1085094
2005-12-16,0.7873960137367249,0.7873960137367249,0.6496019959449768,0.6496019959449768,0.43188953399658203,4211344
2005-12-19,0.6496019959449768,0.6692870259284973,0.6496019959449768,0.6594439744949341,0.4384330213069916,1058678
2005-12-20,0.6594439744949341,0.6692870259284973,0.6594439744949341,0.6594439744949341,0.4384330213069916,333249
2005-12-21,0.6594439744949341,0.6692870259284973,0.6594439744949341,0.6692870259284973,0.4449772536754608,645915
2005-12-22,0.6594439744949341,0.6594439744949341,0.6397600173950195,0.6594439744949341,0.4384330213069916,347474
2005-12-23,0.6594439744949341,0.6594439744949341,0.6397600173950195,0.6496019959449768,0.43188953399658203,615699
2005-12-28,0.6496019959449768,0.6496019959449768,0.6299170255661011,0.6397600173950195,0.4253460466861725,473458
2005-12-29,0.6594439744949341,0.6594439744949341,0.6299170255661011,0.6496019959449768,0.43188953399658203,323191
2005-12-30,0.6496019959449768,0.6496019959449768,0.6397600173950195,0.6397600173950195,0.4253460466861725,231649
2006-01-03,0.6397600173950195,0.6496019959449768,0.6299170255661011,0.6299170255661011,0.41880184412002563,599443
2006-01-04,0.6299170255661011,0.6594439744949341,0.6299170255661011,0.6594439744949341,0.4384330213069916,1385832
2006-01-05,0.6594439744949341,0.6594439744949341,0.6496019959449768,0.6594439744949341,0.4384330213069916,690985
2006-01-06,0.6496019959449768,0.6594439744949341,0.6496019959449768,0.6594439744949341,0.4384330213069916,790452
2006-01-09,0.6692870259284973,0.6692870259284973,0.6594439744949341,0.6594439744949341,0.4384330213069916,1404120
2006-01-10,0.6692870259284973,0.6692870259284973,0.6397600173950195,0.6594439744949341,0.4384330213069916,2223021
2006-01-11,0.6496019959449768,0.6594439744949341,0.6496019959449768,0.6496019959449768,0.43188953399658203,833551
2006-01-12,0.6496019959449768,0.6594439744949341,0.6496019959449768,0.6496019959449768,0.43188953399658203,2135644
2006-01-13,0.6496019959449768,0.6692870259284973,0.6496019959449768,0.6692870259284973,0.4449772536754608,1076966
2006-01-16,0.6692870259284973,0.7283419966697693,0.6692870259284973,0.7283419966697693,0.48424020409584045,4868700
2006-01-17,0.7283419966697693,0.7283419966697693,0.6791290044784546,0.688971996307373,0.45806464552879333,3281699
2006-01-18,0.6692870259284973,0.688971996307373,0.6692870259284973,0.6692870259284973,0.4449772536754608,1717050
2006-01-19,0.6791290044784546,0.7086570262908936,0.6692870259284973,0.6692870259284973,0.4449772536754608,3760238
2006-01-20,0.6791290044784546,0.688971996307373,0.6692870259284973,0.6791290044784546,0.4515205919742584,1924315
2006-01-23,0.6594439744949341,0.6692870259284973,0.6594439744949341,0.6692870259284973,0.4449772536754608,1568713
2006-01-24,0.6692870259284973,0.6692870259284973,0.6594439744949341,0.6692870259284973,0.4449772536754608,438914
2006-01-25,0.6692870259284973,0.688971996307373,0.6692870259284973,0.688971996307373,0.45806464552879333,1438664
2006-01-26,0.688971996307373,0.688971996307373,0.6791290044784546,0.6791290044784546,0.4515205919742584,751844
2006-01-27,0.6692870259284973,0.688971996307373,0.6692870259284973,0.6692870259284973,0.4515205919742584,788623
2006-02-01,0.6692870259284973,0.6692870259284973,0.6594439744949341,0.6692870259284973,0.4515205919742584,869701
2006-02-02,0.6791290044784546,0.6791290044784546,0.6594439744949341,0.6791290044784546,0.45816031098365784,1485400
2006-02-03,0.6692870259284973,0.6692870259284973,0.6594439744949341,0.6692870259284973,0.4515205919742584,865941
2006-02-06,0.6692870259284973,0.6791290044784546,0.6594439744949341,0.6791290044784546,0.45816031098365784,607571
2006-02-07,0.6692870259284973,0.6791290044784546,0.6692870259284973,0.6791290044784546,0.45816031098365784,1079252
2006-02-08,0.6692870259284973,0.6692870259284973,0.6594439744949341,0.6692870259284973,0.4515205919742584,590614
2006-02-09,0.6594439744949341,0.6692870259284973,0.6594439744949341,0.6692870259284973,0.4515205919742584,1164342
2006-02-10,0.6692870259284973,0.6692870259284973,0.6594439744949341,0.6692870259284973,0.4515205919742584,934725
2006-02-13,0.6692870259284973,0.6692870259284973,0.6594439744949341,0.6594439744949341,0.44488027691841125,429282
2006-02-14,0.6594439744949341,0.6594439744949341,0.6496019959449768,0.6594439744949341,0.44488027691841125,1473208
2006-02-15,0.6594439744949341,0.6988139748573303,0.6594439744949341,0.6791290044784546,0.45816031098365784,2869200
2006-02-16,0.6791290044784546,0.6791290044784546,0.6692870259284973,0.6692870259284973,0.4515205919742584,2062695
2006-02-17,0.6692870259284973,0.6791290044784546,0.6692870259284973,0.6791290044784546,0.45816031098365784,2103234
2006-02-20,0.6791290044784546,0.6988139748573303,0.6791290044784546,0.6791290044784546,0.45816031098365784,4074692
2006-02-21,0.6791290044784546,0.6988139748573303,0.6791290044784546,0.6988139748573303,0.4714404344558716,2231453
2006-02-22,0.6988139748573303,0.6988139748573303,0.6988139748573303,0.6988139748573303,0.4714404344558716,0
2006-02-23,0.7184990048408508,0.7578690052032471,0.7184990048408508,0.7381839752197266,0.49800050258636475,18581320
2006-02-24,0.7480270266532898,0.7775539755821228,0.7283419966697693,0.7775539755821228,0.5245606303215027,10928160
2006-02-27,0.7873960137367249,0.7972390055656433,0.7480270266532898,0.7578690052032471,0.5112806558609009,5354351
2006-02-28,0.7578690052032471,0.7578690052032471,0.7480270266532898,0.7480270266532898,0.5046408772468567,2017104
2006-03-01,0.7480270266532898,0.7578690052032471,0.7381839752197266,0.7381839752197266,0.49800050258636475,1660153
2006-03-02,0.7381839752197266,0.7480270266532898,0.7381839752197266,0.7480270266532898,0.5046408772468567,644147
2006-03-03,0.7381839752197266,0.7480270266532898,0.7381839752197266,0.7480270266532898,0.5046408772468567,965205
2006-03-06,0.7381839752197266,0.7381839752197266,0.7184990048408508,0.7283419966697693,0.4913608133792877,4810915
2006-03-07,0.7283419966697693,0.7381839752197266,0.7184990048408508,0.7283419966697693,0.4913608133792877,1458984
2006-03-08,0.7184990048408508,0.7283419966697693,0.7184990048408508,0.7184990048408508,0.4847203493118286,1324871
2006-03-09,0.7184990048408508,0.7283419966697693,0.7184990048408508,0.7283419966697693,0.4913608133792877,465330
2006-03-10,0.7184990048408508,0.7283419966697693,0.7184990048408508,0.7283419966697693,0.4913608133792877,201423
2006-03-13,0.7283419966697693,0.7283419966697693,0.7184990048408508,0.7184990048408508,0.4847203493118286,1448824
2006-03-14,0.7184990048408508,0.7184990048408508,0.7184990048408508,0.7184990048408508,0.4847203493118286,310897
2006-03-15,0.7184990048408508,0.7184990048408508,0.7184990048408508,0.7184990048408508,0.4847203493118286,402338
2006-03-16,0.7184990048408508,0.7283419966697693,0.7184990048408508,0.7184990048408508,0.4847203493118286,1289921
2006-03-17,0.7283419966697693,0.7283419966697693,0.7184990048408508,0.7283419966697693,0.4913608133792877,599443
2006-03-20,0.7184990048408508,0.7381839752197266,0.7184990048408508,0.7381839752197266,0.49800050258636475,475490
2006-03-21,0.7283419966697693,0.7283419966697693,0.7184990048408508,0.7283419966697693,0.4913608133792877,1638257
2006-03-22,0.7283419966697693,0.7283419966697693,0.7283419966697693,0.7283419966697693,0.4913608133792877,680022
2006-03-23,0.7283419966697693,0.7578690052032471,0.7283419966697693,0.7381839752197266,0.49800050258636475,2060460
2006-03-24,0.7381839752197266,0.7381839752197266,0.7381839752197266,0.7381839752197266,0.49800050258636475,981461
2006-03-27,0.7381839752197266,0.7381839752197266,0.7283419966697693,0.7381839752197266,0.49800050258636475,883925
2006-03-28,0.7381839752197266,0.7480270266532898,0.7283419966697693,0.7381839752197266,0.49800050258636475,1198887
2006-03-29,0.7381839752197266,0.7578690052032471,0.7381839752197266,0.7578690052032471,0.5112806558609009,1036427
2006-03-30,0.7480270266532898,0.7873960137367249,0.7480270266532898,0.7775539755821228,0.5245606303215027,3247155
2006-03-31,0.7775539755821228,0.7775539755821228,0.7578690052032471,0.7677119970321655,0.5179209113121033,2075740
2006-04-03,0.7480270266532898,0.7677119970321655,0.7480270266532898,0.7480270266532898,0.5046408772468567,1805219
2006-04-04,0.7578690052032471,0.7578690052032471,0.7480270266532898,0.7578690052032471,0.5112806558609009,2229218
2006-04-06,0.7480270266532898,0.7480270266532898,0.7381839752197266,0.7381839752197266,0.49800050258636475,2096995
2006-04-07,0.7480270266532898,0.7480270266532898,0.7381839752197266,0.7381839752197266,0.49800050258636475,966348
2006-04-10,0.7381839752197266,0.7381839752197266,0.7283419966697693,0.7381839752197266,0.49800050258636475,1284434
2006-04-11,0.7283419966697693,0.7480270266532898,0.7283419966697693,0.7381839752197266,0.49800050258636475,1852231
2006-04-12,0.7381839752197266,0.7480270266532898,0.7381839752197266,0.7381839752197266,0.49800050258636475,2855180
2006-04-13,0.7381839752197266,0.7480270266532898,0.7381839752197266,0.7381839752197266,0.49800050258636475,5792930
2006-04-18,0.7381839752197266,0.7972390055656433,0.7381839752197266,0.7873960137367249,0.5312004685401917,7409325
2006-04-19,0.7972390055656433,0.8562939763069153,0.7972390055656433,0.8464509844779968,0.5710406303405762,8016287
2006-04-20,0.8366090059280396,0.8661360144615173,0.816923975944519,0.8366090059280396,0.5644009113311768,3852
2006-04-21,0.816923975944519,0.816923975944519,0.7775539755821228,0.7972390055656433,0.5378407835960388,1769984
2006-04-24,0.7972390055656433,0.7972390055656433,0.7775539755821228,0.7972390055656433,0.5378407835960388,2143986
2006-04-25,0.7873960137367249,0.7972390055656433,0.7677119970321655,0.7873960137367249,0.5312004685401917,2920001
2006-04-26,0.7972390055656433,0.7972390055656433,0.7775539755821228,0.7972390055656433,0.5378407835960388,1599396
2006-04-27,0.7972390055656433,0.816923975944519,0.7972390055656433,0.816923975944519,0.5511206984519958,1329321
2006-04-28,0.816923975944519,0.816923975944519,0.7873960137367249,0.8070809841156006,0.544480562210083,929645
2006-05-02,0.816923975944519,0.8366090059280396,0.816923975944519,0.816923975944519,0.5511206984519958,1973337
2006-05-03,0.8267660140991211,0.8464509844779968,0.8267660140991211,0.8366090059280396,0.5644009113311768,3617296
2006-05-04,0.8366090059280396,0.8562939763069153,0.8366090059280396,0.8562939763069153,0.5776809453964233,3825770
2006-05-08,0.8366090059280396,0.8562939763069153,0.8366090059280396,0.8464509844779968,0.5710406303405762,1808897
2006-05-09,0.8464509844779968,0.8562939763069153,0.8366090059280396,0.8562939763069153,0.5776809453964233,2966483
2006-05-10,0.8661360144615173,0.8661360144615173,0.8464509844779968,0.8464509844779968,0.5710406303405762,1556521
2006-05-11,0.8464509844779968,0.8661360144615173,0.8464509844779968,0.8562939763069153,0.5776809453964233,1271150
2006-05-12,0.8366090059280396,0.8562939763069153,0.8366090059280396,0.8464509844779968,0.5710406303405762,1489972
2006-05-15,0.8366090059280396,0.8464509844779968,0.8267660140991211,0.8366090059280396,0.5644009113311768,1800362
2006-05-16,0.8464509844779968,0.8464509844779968,0.8267660140991211,0.8366090059280396,0.5644009113311768,1800565
2006-05-17,0.8464509844779968,0.8661360144615173,0.8464509844779968,0.8464509844779968,0.5710406303405762,3206572
2006-05-18,0.8267660140991211,0.8464509844779968,0.8267660140991211,0.8464509844779968,0.5710406303405762,1552660
2006-05-19,0.8464509844779968,0.8464509844779968,0.8267660140991211,0.8366090059280396,0.5644009113311768,595379
2006-05-22,0.8267660140991211,0.8267660140991211,0.816923975944519,0.8267660140991211,0.5577606558799744,1412177
2006-05-23,0.816923975944519,0.816923975944519,0.7677119970321655,0.7873960137367249,0.5312004685401917,1633737
2006-05-24,0.7873960137367249,0.8070809841156006,0.7873960137367249,0.8070809841156006,0.544480562210083,408434
2006-05-25,0.7873960137367249,0.8070809841156006,0.7873960137367249,0.8070809841156006,0.544480562210083,528323
2006-05-26,0.816923975944519,0.8267660140991211,0.816923975944519,0.8267660140991211,0.5577606558799744,152400
2006-05-29,0.8267660140991211,0.8267660140991211,0.8070809841156006,0.8070809841156006,0.544480562210083,71120
2006-05-30,0.8070809841156006,0.8267660140991211,0.8070809841156006,0.8267660140991211,0.5577606558799744,382018
2006-06-01,0.8267660140991211,0.8267660140991211,0.816923975944519,0.816923975944519,0.5511206984519958,1702826
2006-06-02,0.8267660140991211,0.8267660140991211,0.8267660140991211,0.8267660140991211,0.5577606558799744,713236
2006-06-05,0.8267660140991211,0.8267660140991211,0.8267660140991211,0.8267660140991211,0.5577606558799744,1474732
2006-06-06,0.8267660140991211,0.8267660140991211,0.816923975944519,0.816923975944519,0.5511206984519958,950981
2006-06-07,0.816923975944519,0.816923975944519,0.816923975944519,0.816923975944519,0.5511206984519958,2369427
2006-06-08,0.816923975944519,0.816923975944519,0.8070809841156006,0.816923975944519,0.5511206984519958,2853452
2006-06-09,0.816923975944519,0.8267660140991211,0.816923975944519,0.8267660140991211,0.5577606558799744,794821
2006-06-12,0.8070809841156006,0.8070809841156006,0.8070809841156006,0.8070809841156006,0.544480562210083,172721
2006-06-13,0.8070809841156006,0.8070809841156006,0.7972390055656433,0.7972390055656433,0.5378407835960388,396242
2006-06-14,0.8070809841156006,0.8070809841156006,0.7873960137367249,0.7972390055656433,0.5378407835960388,711661
2006-06-15,0.7873960137367249,0.7873960137367249,0.7873960137367249,0.7873960137367249,0.5312004685401917,81280
2006-06-16,0.8070809841156006,0.816923975944519,0.7972390055656433,0.8070809841156006,0.544480562210083,386082
2006-06-19,0.7972390055656433,0.7972390055656433,0.7873960137367249,0.7972390055656433,0.5378407835960388,235713
2006-06-20,0.8070809841156006,0.8070809841156006,0.8070809841156006,0.8070809841156006,0.544480562210083,140208
2006-06-21,0.7972390055656433,0.816923975944519,0.7972390055656433,0.816923975944519,0.5511206984519958,221794
2006-06-22,0.816923975944519,0.816923975944519,0.816923975944519,0.816923975944519,0.5511206984519958,40640
2006-06-23,0.816923975944519,0.816923975944519,0.8070809841156006,0.816923975944519,0.5511206984519958,494286
2006-06-26,0.816923975944519,0.816923975944519,0.816923975944519,0.816923975944519,0.5511206984519958,213361
2006-06-27,0.816923975944519,0.816923975944519,0.816923975944519,0.816923975944519,0.5511206984519958,199137
2006-06-28,0.816923975944519,0.816923975944519,0.816923975944519,0.816923975944519,0.5511206984519958,99568
2006-06-29,0.8070809841156006,0.8366090059280396,0.8070809841156006,0.8366090059280396,0.5644009113311768,443588
2006-06-30,0.8366090059280396,0.8366090059280396,0.816923975944519,0.8366090059280396,0.5644009113311768,1209656
2006-07-03,0.816923975944519,0.816923975944519,0.816923975944519,0.816923975944519,0.5511206984519958,101600
2006-07-04,0.7972390055656433,0.8366090059280396,0.7972390055656433,0.8267660140991211,0.5577606558799744,530355
2006-07-05,0.8070809841156006,0.8267660140991211,0.8070809841156006,0.8267660140991211,0.5577606558799744,528627
2006-07-06,0.816923975944519,0.8366090059280396,0.816923975944519,0.8267660140991211,0.5577606558799744,437837
2006-07-07,0.8267660140991211,0.8267660140991211,0.816923975944519,0.8267660140991211,0.5577606558799744,313376
2006-07-10,0.8267660140991211,0.8267660140991211,0.816923975944519,0.816923975944519,0.5511206984519958,386082
2006-07-11,0.816923975944519,0.8267660140991211,0.8070809841156006,0.8267660140991211,0.5577606558799744,609857
2006-07-12,0.8070809841156006,0.816923975944519,0.8070809841156006,0.8070809841156006,0.544480562210083,197409
2006-07-13,0.8070809841156006,0.8267660140991211,0.8070809841156006,0.8267660140991211,0.5577606558799744,503938
2006-07-14,0.8070809841156006,0.8267660140991211,0.8070809841156006,0.8267660140991211,0.5577606558799744,684889
2006-07-17,0.816923975944519,0.8267660140991211,0.816923975944519,0.816923975944519,0.5511206984519958,434850
2006-07-18,0.8267660140991211,0.8267660140991211,0.816923975944519,0.8267660140991211,0.5577606558799744,233681
2006-07-19,0.8267660140991211,0.8267660140991211,0.8267660140991211,0.8267660140991211,0.5577606558799744,400306
2006-07-20,0.8267660140991211,0.8366090059280396,0.8267660140991211,0.8366090059280396,0.5644009113311768,420626
2006-07-21,0.8366090059280396,0.8464509844779968,0.8366090059280396,0.8464509844779968,0.5710406303405762,721364
2006-07-24,0.8366090059280396,0.8366090059280396,0.7972390055656433,0.8070809841156006,0.544480562210083,2227085
2006-07-25,0.8070809841156006,0.816923975944519,0.8070809841156006,0.816923975944519,0.5511206984519958,814938
2006-07-26,0.816923975944519,0.816923975944519,0.816923975944519,0.816923975944519,0.5511206984519958,236343
2006-07-27,0.8267660140991211,0.8267660140991211,0.816923975944519,0.816923975944519,0.5511206984519958,1225303
2006-07-28,0.816923975944519,0.816923975944519,0.816923975944519,0.816923975944519,0.5511206984519958,197105
2006-07-31,0.816923975944519,0.816923975944519,0.8070809841156006,0.816923975944519,0.5511206984519958,371858
2006-08-01,0.816923975944519,0.816923975944519,0.816923975944519,0.816923975944519,0.5511206984519958,111760
2006-08-02,0.816923975944519,0.816923975944519,0.816923975944519,0.816923975944519,0.5511206984519958,359666
2006-08-03,0.816923975944519,0.816923975944519,0.816923975944519,0.816923975944519,0.5511206984519958,191009
2006-08-04,0.816923975944519,0.816923975944519,0.816923975944519,0.816923975944519,0.5511206984519958,197105
2006-08-07,0.816923975944519,0.816923975944519,0.816923975944519,0.816923975944519,0.5511206984519958,40640
2006-08-08,0.8070809841156006,0.816923975944519,0.8070809841156006,0.816923975944519,0.5511206984519958,123952
2006-08-09,0.816923975944519,0.816923975944519,0.816923975944519,0.816923975944519,0.5511206984519958,10160
2006-08-10,0.8070809841156006,0.8070809841156006,0.8070809841156006,0.8070809841156006,0.544480562210083,168656
2006-08-11,0.8070809841156006,0.816923975944519,0.8070809841156006,0.816923975944519,0.5511206984519958,438914
2006-08-14,0.816923975944519,0.816923975944519,0.816923975944519,0.816923975944519,0.5511206984519958,0
2006-08-15,0.8070809841156006,0.8070809841156006,0.8070809841156006,0.8070809841156006,0.544480562210083,243841
2006-08-16,0.8070809841156006,0.816923975944519,0.7873960137367249,0.7972390055656433,0.5378407835960388,307037
2006-08-17,0.7972390055656433,0.8070809841156006,0.7873960137367249,0.7873960137367249,0.5312004685401917,345442
2006-08-18,0.7972390055656433,0.7972390055656433,0.7972390055656433,0.7972390055656433,0.5378407835960388,75184
2006-08-21,0.7972390055656433,0.7972390055656433,0.7972390055656433,0.7972390055656433,0.5378407835960388,282652
2006-08-22,0.7972390055656433,0.7972390055656433,0.7972390055656433,0.7972390055656433,0.5378407835960388,30480
2006-08-23,0.7873960137367249,0.816923975944519,0.7873960137367249,0.8070809841156006,0.544480562210083,318477
2006-08-24,0.7972390055656433,0.8070809841156006,0.7972390055656433,0.7972390055656433,0.5378407835960388,227585
2006-08-25,0.7972390055656433,0.7972390055656433,0.7972390055656433,0.7972390055656433,0.5378407835960388,10160
2006-08-28,0.8070809841156006,0.8070809841156006,0.7972390055656433,0.7972390055656433,0.5378407835960388,50800
2006-08-29,0.7873960137367249,0.8070809841156006,0.7873960137367249,0.8070809841156006,0.544480562210083,636019
2006-08-30,0.7972390055656433,0.816923975944519,0.7972390055656433,0.8070809841156006,0.544480562210083,308865
2006-08-31,0.8070809841156006,0.8070809841156006,0.8070809841156006,0.8070809841156006,0.544480562210083,50800
2006-09-01,0.8070809841156006,0.8070809841156006,0.7972390055656433,0.8070809841156006,0.544480562210083,288545
2006-09-04,0.8070809841156006,0.8070809841156006,0.7873960137367249,0.7873960137367249,0.5312004685401917,396242
2006-09-05,0.7873960137367249,0.7972390055656433,0.7873960137367249,0.7972390055656433,0.5378407835960388,296673
2006-09-06,0.7873960137367249,0.7873960137367249,0.7873960137367249,0.7873960137367249,0.5312004685401917,597614
2006-09-07,0.7873960137367249,0.7972390055656433,0.7873960137367249,0.7873960137367249,0.5312004685401917,573027
2006-09-08,0.7873960137367249,0.7972390055656433,0.7873960137367249,0.7972390055656433,0.5378407835960388,193041
2006-09-11,0.7972390055656433,0.7972390055656433,0.7873960137367249,0.7972390055656433,0.5378407835960388,436882
2006-09-12,0.8070809841156006,0.8070809841156006,0.8070809841156006,0.8070809841156006,0.544480562210083,132080
2006-09-13,0.7873960137367249,0.7873960137367249,0.7873960137367249,0.7873960137367249,0.5427840352058411,569064
2006-09-14,0.7873960137367249,0.7873960137367249,0.7775539755821228,0.7775539755821228,0.5359994769096375,294641
2006-09-15,0.7677119970321655,0.7873960137367249,0.7677119970321655,0.7873960137367249,0.5427840352058411,360910
2006-09-18,0.7775539755821228,0.7775539755821228,0.7775539755821228,0.7775539755821228,0.5359994769096375,101600
2006-09-19,0.7775539755821228,0.7775539755821228,0.7775539755821228,0.7775539755821228,0.5359994769096375,91440
2006-09-20,0.7677119970321655,0.7775539755821228,0.7677119970321655,0.7677119970321655,0.5292150378227234,65024
2006-09-21,0.7677119970321655,0.7775539755821228,0.7677119970321655,0.7775539755821228,0.5359994769096375,666499
2006-09-22,0.7677119970321655,0.7775539755821228,0.7677119970321655,0.7677119970321655,0.5292150378227234,121920
2006-09-25,0.7677119970321655,0.7775539755821228,0.7677119970321655,0.7677119970321655,0.5292150378227234,455170
2006-09-26,0.7677119970321655,0.7677119970321655,0.7677119970321655,0.7677119970321655,0.5292150378227234,67259
2006-09-27,0.7775539755821228,0.7775539755821228,0.7775539755821228,0.7775539755821228,0.5359994769096375,231649
2006-09-28,0.7775539755821228,0.7775539755821228,0.7775539755821228,0.7775539755821228,0.5359994769096375,48768
2006-09-29,0.7775539755821228,0.7775539755821228,0.7677119970321655,0.7677119970321655,0.5292150378227234,119888
2006-10-03,0.7677119970321655,0.7775539755821228,0.7677119970321655,0.7677119970321655,0.5292150378227234,329185
2006-10-04,0.7677119970321655,0.7677119970321655,0.7677119970321655,0.7677119970321655,0.5292150378227234,188977
2006-10-05,0.7677119970321655,0.7677119970321655,0.7677119970321655,0.7677119970321655,0.5292150378227234,156668
2006-10-06,0.7677119970321655,0.7677119970321655,0.7578690052032471,0.7578690052032471,0.5224297642707825,268606
2006-10-09,0.7578690052032471,0.7578690052032471,0.7578690052032471,0.7578690052032471,0.5224297642707825,89408
2006-10-10,0.7578690052032471,0.7578690052032471,0.7578690052032471,0.7578690052032471,0.5224297642707825,294641
2006-10-11,0.7578690052032471,0.7677119970321655,0.7578690052032471,0.7677119970321655,0.5292150378227234,132080
2006-10-12,0.7578690052032471,0.7677119970321655,0.7578690052032471,0.7677119970321655,0.5292150378227234,215352
2006-10-13,0.7480270266532898,0.7578690052032471,0.7480270266532898,0.7480270266532898,0.5156453847885132,566931
2006-10-16,0.7480270266532898,0.7480270266532898,0.7381839752197266,0.7480270266532898,0.5156453847885132,181941
2006-10-17,0.7381839752197266,0.7480270266532898,0.7381839752197266,0.7381839752197266,0.5088602304458618,504142
2006-10-18,0.7283419966697693,0.7480270266532898,0.7283419966697693,0.7480270266532898,0.5156453847885132,331217
2006-10-19,0.7480270266532898,0.7578690052032471,0.7381839752197266,0.7480270266532898,0.5156453847885132,461266
2006-10-20,0.7381839752197266,0.7677119970321655,0.7381839752197266,0.7677119970321655,0.5292150378227234,358142
2006-10-23,0.7480270266532898,0.7677119970321655,0.7480270266532898,0.7677119970321655,0.5292150378227234,81280
2006-10-24,0.7578690052032471,0.8070809841156006,0.7578690052032471,0.7873960137367249,0.5427840352058411,1538233
2006-10-25,0.7775539755821228,0.7775539755821228,0.7775539755821228,0.7775539755821228,0.5359994769096375,119888
2006-10-26,0.7677119970321655,0.7873960137367249,0.7677119970321655,0.7677119970321655,0.5292150378227234,294692
2006-10-27,0.7677119970321655,0.7775539755821228,0.7578690052032471,0.7677119970321655,0.5292150378227234,683213
2006-10-31,0.7677119970321655,0.7775539755821228,0.7578690052032471,0.7578690052032471,0.5224297642707825,319025
2006-11-01,0.7578690052032471,0.7775539755821228,0.7480270266532898,0.7677119970321655,0.5292150378227234,725428
2006-11-02,0.7677119970321655,0.7972390055656433,0.7677119970321655,0.7972390055656433,0.5495691895484924,1017174
2006-11-03,0.7972390055656433,0.8070809841156006,0.7775539755821228,0.7775539755821228,0.5359994769096375,591315
2006-11-06,0.7775539755821228,0.7873960137367249,0.7677119970321655,0.7677119970321655,0.5292150378227234,583187
2006-11-07,0.7873960137367249,0.7972390055656433,0.7873960137367249,0.7972390055656433,0.5495691895484924,785833
2006-11-08,0.7972390055656433,0.7972390055656433,0.7873960137367249,0.7873960137367249,0.5427840352058411,844840
2006-11-09,0.7972390055656433,0.8070809841156006,0.7972390055656433,0.7972390055656433,0.5495691895484924,694948
2006-11-10,0.8070809841156006,0.8267660140991211,0.8070809841156006,0.8267660140991211,0.569923460483551,1324871
2006-11-13,0.8464509844779968,0.9251909852027893,0.8464509844779968,0.9055060148239136,0.6242019534111023,6965940
2006-11-14,0.9251909852027893,0.9547179937362671,0.9055060148239136,0.9251909852027893,0.6377716660499573,4927730
2006-11-15,0.9350330233573914,0.9350330233573914,0.9055060148239136,0.9153479933738708,0.6309865117073059,2369833
2006-11-16,0.9153479933738708,0.9153479933738708,0.8759790062904358,0.9055060148239136,0.6242019534111023,1716661
2006-11-17,0.8956639766693115,0.9055060148239136,0.8858209848403931,0.8858209848403931,0.6106324195861816,1202930
2006-11-20,0.8858209848403931,0.9251909852027893,0.8858209848403931,0.9153479933738708,0.6309865117073059,1504196
2006-11-21,0.9055060148239136,0.9153479933738708,0.9055060148239136,0.9153479933738708,0.6309865117073059,1364699
2006-11-22,0.9055060148239136,0.9350330233573914,0.9055060148239136,0.9350330233573914,0.6445562243461609,1676166
2006-11-23,0.9251909852027893,0.9251909852027893,0.8956639766693115,0.8956639766693115,0.6174173951148987,611635
2006-11-24,0.8956639766693115,0.8956639766693115,0.8956639766693115,0.8956639766693115,0.6174173951148987,268428
2006-11-27,0.9153479933738708,0.9153479933738708,0.9055060148239136,0.9153479933738708,0.6309865117073059,476100
2006-11-28,0.9153479933738708,0.9153479933738708,0.8858209848403931,0.9055060148239136,0.6242019534111023,1109783
2006-11-29,0.9055060148239136,0.9153479933738708,0.9055060148239136,0.9153479933738708,0.6309865117073059,377954
2006-11-30,0.9153479933738708,0.9251909852027893,0.9055060148239136,0.9153479933738708,0.6309865117073059,2111483
2006-12-01,0.9251909852027893,0.9251909852027893,0.9055060148239136,0.9055060148239136,0.6242019534111023,788852
2006-12-04,0.9153479933738708,0.9251909852027893,0.9055060148239136,0.9251909852027893,0.6377716660499573,668531
2006-12-05,0.9251909852027893,0.9448760151863098,0.9153479933738708,0.9251909852027893,0.6377716660499573,2828560
2006-12-06,0.9448760151863098,0.9448760151863098,0.9251909852027893,0.9251909852027893,0.6377716660499573,327153
2006-12-07,0.9448760151863098,1.0334579944610596,0.9350330233573914,1.0236159563064575,0.7056199312210083,11967331
2006-12-08,1.0236159563064575,1.0334579944610596,0.9645609855651855,1.0039310455322266,0.6920502781867981,4582024
2006-12-11,1.0039310455322266,1.0334579944610596,1.0039310455322266,1.0039310455322266,0.6920502781867981,2709179
2006-12-12,1.0039310455322266,1.013772964477539,0.9940879940986633,1.0039310455322266,0.6920502781867981,2003990
2006-12-13,0.9940879940986633,1.0039310455322266,0.984246015548706,0.9940879940986633,0.6852651834487915,1346537
2006-12-14,1.0236159563064575,1.0629849433898926,1.013772964477539,1.0629849433898926,0.7327585816383362,7789819
2006-12-15,1.082669973373413,1.0925129652023315,1.0236159563064575,1.0236159563064575,0.7056199312210083,4044211
2006-12-18,1.082669973373413,1.151568055152893,1.0236159563064575,1.0629849433898926,0.7327585816383362,11834183
2006-12-19,1.0629849433898926,1.0629849433898926,0.984246015548706,1.0334579944610596,0.7124045491218567,3966690
2006-12-20,1.0334579944610596,1.0334579944610596,0.984246015548706,0.9940879940986633,0.6852651834487915,3879517
2006-12-21,0.9940879940986633,1.0039310455322266,0.984246015548706,0.984246015548706,0.6784806847572327,2082812
2006-12-22,0.984246015548706,0.9940879940986633,0.9350330233573914,0.9547179937362671,0.6581257581710815,2960743
2006-12-27,0.9744030237197876,0.9744030237197876,0.9448760151863098,0.9448760151863098,0.6513412594795227,1912326
2006-12-28,0.9448760151863098,0.9448760151863098,0.9153479933738708,0.9153479933738708,0.6309865117073059,1784106
2006-12-29,0.9153479933738708,0.9350330233573914,0.9153479933738708,0.9251909852027893,0.6377716660499573,826480
2007-01-02,0.9350330233573914,0.9448760151863098,0.9350330233573914,0.9350330233573914,0.6445562243461609,1394163
2007-01-03,0.9645609855651855,0.9645609855651855,0.9350330233573914,0.9448760151863098,0.6513412594795227,1026166
2007-01-04,0.9448760151863098,0.9448760151863098,0.9251909852027893,0.9350330233573914,0.6445562243461609,3619439
2007-01-05,0.9350330233573914,0.9744030237197876,0.9251909852027893,0.9645609855651855,0.6649110317230225,1463251
2007-01-08,0.9448760151863098,1.013772964477539,0.9448760151863098,1.0039310455322266,0.6920502781867981,2273821
2007-01-09,1.013772964477539,1.0236159563064575,0.984246015548706,0.9940879940986633,0.6852651834487915,1881643
2007-01-10,0.9940879940986633,0.9940879940986633,0.984246015548706,0.984246015548706,0.6784806847572327,1956929
2007-01-11,1.0236159563064575,1.0236159563064575,0.984246015548706,0.984246015548706,0.6784806847572327,1674682
2007-01-12,1.013772964477539,1.0236159563064575,1.0039310455322266,1.0039310455322266,0.6920502781867981,2229218
2007-01-15,1.013772964477539,1.0433000326156616,1.013772964477539,1.0236159563064575,0.7056199312210083,2877328
2007-01-16,1.0433000326156616,1.0433000326156616,1.0039310455322266,1.0236159563064575,0.7056199312210083,1357384
2007-01-17,1.0236159563064575,1.0236159563064575,1.0039310455322266,1.013772964477539,0.6988348364830017,1633737
2007-01-18,1.013772964477539,1.013772964477539,1.0039310455322266,1.013772964477539,0.6988348364830017,1389896
2007-01-19,1.013772964477539,1.0334579944610596,1.013772964477539,1.0236159563064575,0.7056199312210083,2855180
2007-01-22,0.984246015548706,0.984246015548706,0.9251909852027893,0.9350330233573914,0.6523974537849426,4334281
2007-01-23,0.9251909852027893,0.9251909852027893,0.9153479933738708,0.9251909852027893,0.6455304026603699,1798330
2007-01-24,0.9350330233573914,0.9448760151863098,0.8956639766693115,0.9055060148239136,0.6317955851554871,2625359
2007-01-25,0.9251909852027893,0.9251909852027893,0.8661360144615173,0.8858209848403931,0.6180609464645386,1058678
2007-01-26,0.8858209848403931,0.8858209848403931,0.8661360144615173,0.8661360144615173,0.6043261885643005,914405
2007-01-29,0.8759790062904358,0.9251909852027893,0.8759790062904358,0.9251909852027893,0.6455304026603699,965205
2007-01-30,0.9251909852027893,0.9350330233573914,0.9055060148239136,0.9251909852027893,0.6455304026603699,497842
2007-01-31,0.8956639766693115,0.8956639766693115,0.8858209848403931,0.8858209848403931,0.6180609464645386,50800
2007-02-01,0.8956639766693115,0.8956639766693115,0.8759790062904358,0.8858209848403931,0.6180609464645386,682756
2007-02-02,0.8858209848403931,0.8956639766693115,0.8858209848403931,0.8858209848403931,0.6180609464645386,442978
2007-02-05,0.8956639766693115,0.9251909852027893,0.8956639766693115,0.9251909852027893,0.6455304026603699,747780
2007-02-06,0.9350330233573914,0.9350330233573914,0.9153479933738708,0.9251909852027893,0.6455304026603699,1211079
2007-02-07,0.9251909852027893,0.9251909852027893,0.9055060148239136,0.9055060148239136,0.6317955851554871,457101
2007-02-08,0.9055060148239136,0.9153479933738708,0.9055060148239136,0.9055060148239136,0.6317955851554871,156769
2007-02-09,0.9055060148239136,0.9153479933738708,0.9055060148239136,0.9153479933738708,0.6386626362800598,743167
2007-02-12,0.9055060148239136,0.9055060148239136,0.8858209848403931,0.9055060148239136,0.6317955851554871,853445
2007-02-13,0.9055060148239136,0.9055060148239136,0.8858209848403931,0.9055060148239136,0.6317955851554871,804676
2007-02-14,0.9055060148239136,0.9153479933738708,0.8858209848403931,0.8956639766693115,0.6249285340309143,1363480
2007-02-15,0.9251909852027893,0.984246015548706,0.9251909852027893,0.9448760151863098,0.6592651605606079,4964205
2007-02-16,0.9448760151863098,0.9645609855651855,0.9448760151863098,0.9448760151863098,0.6592651605606079,1377043
2007-02-21,0.9547179937362671,0.9744030237197876,0.9448760151863098,0.9645609855651855,0.6729998588562012,1867419
2007-02-22,0.9744030237197876,0.9744030237197876,0.9350330233573914,0.9350330233573914,0.6523974537849426,2078748
2007-02-23,0.9645609855651855,1.05314302444458,0.9448760151863098,1.0334579944610596,0.7210711240768433,8987792
2007-02-26,1.05314302444458,1.0629849433898926,1.013772964477539,1.05314302444458,0.7348060011863708,4985338
2007-02-27,1.0629849433898926,1.0629849433898926,1.013772964477539,1.0236159563064575,0.7142041325569153,2695728
2007-02-28,0.9744030237197876,1.0433000326156616,0.9645609855651855,1.0433000326156616,0.7279382348060608,4891256
2007-03-01,1.082669973373413,1.082669973373413,1.0039310455322266,1.0334579944610596,0.7210711240768433,2724928
2007-03-02,1.0433000326156616,1.0433000326156616,0.9940879940986633,1.0039310455322266,0.700469434261322,2680427
2007-03-05,0.9940879940986633,0.9940879940986633,0.9153479933738708,0.9153479933738708,0.6386626362800598,2025001
2007-03-06,0.9153479933738708,0.9547179937362671,0.9153479933738708,0.9448760151863098,0.6592651605606079,1170438
2007-03-07,0.984246015548706,1.0039310455322266,0.9744030237197876,0.9744030237197876,0.6798670291900635,2576591
2007-03-08,0.9645609855651855,0.9744030237197876,0.9547179937362671,0.9645609855651855,0.6729998588562012,239816
2007-03-09,0.9645609855651855,0.9744030237197876,0.9448760151863098,0.9744030237197876,0.6798670291900635,207265
2007-03-12,0.984246015548706,0.9940879940986633,0.9645609855651855,0.9744030237197876,0.6798670291900635,1769882
2007-03-13,0.9940879940986633,1.0039310455322266,0.984246015548706,0.984246015548706,0.6867347359657288,2240699
2007-03-14,0.984246015548706,0.984246015548706,0.9547179937362671,0.9645609855651855,0.6729998588562012,1308920
2007-03-15,0.9744030237197876,0.9744030237197876,0.9645609855651855,0.9645609855651855,0.6729998588562012,182881
2007-03-16,0.9645609855651855,0.9744030237197876,0.9547179937362671,0.9645609855651855,0.6729998588562012,260097
2007-03-19,0.9645609855651855,0.9645609855651855,0.9448760151863098,0.9645609855651855,0.6729998588562012,1450856
2007-03-20,0.9940879940986633,1.013772964477539,0.9744030237197876,0.9744030237197876,0.6798670291900635,1747530
2007-03-21,0.984246015548706,0.9940879940986633,0.9744030237197876,0.9940879940986633,0.693601667881012,1779704
2007-03-22,1.013772964477539,1.013772964477539,0.984246015548706,0.9940879940986633,0.693601667881012,1204574
2007-03-23,0.9940879940986633,1.0039310455322266,0.9744030237197876,0.9744030237197876,0.6798670291900635,1237938
2007-03-26,0.9940879940986633,1.0039310455322266,0.984246015548706,0.9940879940986633,0.693601667881012,938443
2007-03-27,0.9940879940986633,1.0039310455322266,0.9940879940986633,0.9940879940986633,0.693601667881012,928629
2007-03-28,0.9940879940986633,1.0039310455322266,0.984246015548706,0.984246015548706,0.6867347359657288,727561
2007-03-29,0.984246015548706,0.9940879940986633,0.9744030237197876,0.984246015548706,0.6867347359657288,980953
2007-03-30,0.9940879940986633,1.013772964477539,0.9645609855651855,0.984246015548706,0.6867347359657288,1897899
2007-04-02,0.984246015548706,0.9940879940986633,0.984246015548706,0.9940879940986633,0.693601667881012,1183278
2007-04-03,0.984246015548706,1.0039310455322266,0.984246015548706,0.9940879940986633,0.693601667881012,1542297
2007-04-04,1.0334579944610596,1.0334579944610596,1.0039310455322266,1.013772964477539,0.7073364853858948,2633432
2007-04-10,1.0334579944610596,1.0728280544281006,1.013772964477539,1.013772964477539,0.7073364853858948,13234038
2007-04-11,1.0433000326156616,1.0433000326156616,1.0039310455322266,1.0039310455322266,0.700469434261322,8487714
2007-04-12,1.013772964477539,1.013772964477539,0.9744030237197876,0.9744030237197876,0.6798670291900635,6874296
2007-04-13,0.984246015548706,1.0039310455322266,0.984246015548706,0.9940879940986633,0.693601667881012,688953
2007-04-16,0.9940879940986633,0.9940879940986633,0.984246015548706,0.9940879940986633,0.693601667881012,1119476
2007-04-17,0.9940879940986633,1.0039310455322266,0.984246015548706,0.9940879940986633,0.693601667881012,774196
2007-04-18,1.013772964477539,1.013772964477539,0.984246015548706,0.9940879940986633,0.693601667881012,1633737
2007-04-19,0.984246015548706,0.9940879940986633,0.9744030237197876,0.9940879940986633,0.693601667881012,1649993
2007-04-20,0.984246015548706,1.0039310455322266,0.984246015548706,0.9940879940986633,0.693601667881012,2112857
2007-04-23,0.9940879940986633,1.0236159563064575,0.9940879940986633,1.013772964477539,0.7073364853858948,3068338
2007-04-24,1.013772964477539,1.013772964477539,0.984246015548706,0.984246015548706,0.6867347359657288,2327515
2007-04-25,0.984246015548706,1.0039310455322266,0.9744030237197876,0.9940879940986633,0.693601667881012,1962665
2007-04-26,1.013772964477539,1.0236159563064575,0.984246015548706,0.9940879940986633,0.693601667881012,5525616
2007-04-27,0.9940879940986633,1.0039310455322266,0.984246015548706,0.984246015548706,0.6867347359657288,2423932
2007-04-30,0.984246015548706,1.013772964477539,0.984246015548706,0.9940879940986633,0.693601667881012,2462925
2007-05-02,1.0039310455322266,1.0039310455322266,0.984246015548706,0.9940879940986633,0.693601667881012,2286013
2007-05-03,0.9940879940986633,0.9940879940986633,0.984246015548706,0.984246015548706,0.6867347359657288,2388528
2007-05-04,0.9940879940986633,0.9940879940986633,0.9744030237197876,0.984246015548706,0.6867347359657288,1954440
2007-05-07,0.9940879940986633,1.013772964477539,0.984246015548706,1.0039310455322266,0.700469434261322,10974896
2007-05-08,1.0039310455322266,1.013772964477539,0.9940879940986633,1.0039310455322266,0.700469434261322,3542812
2007-05-09,1.0039310455322266,1.141724944114685,1.0039310455322266,1.122040033340454,0.7828771471977234,13971448
2007-05-10,1.1318830251693726,1.2007800340652466,1.112197995185852,1.141724944114685,0.7966118454933167,23544375
2007-05-11,1.112197995185852,1.141724944114685,1.0925129652023315,1.112197995185852,0.7760100960731506,4726866
2007-05-14,1.1614099740982056,1.181095004081726,1.0925129652023315,1.141724944114685,0.7966118454933167,8940659
2007-05-15,1.1712520122528076,1.3582589626312256,1.151568055152893,1.2992039918899536,0.9064892530441284,32885898
2007-05-16,1.3385740518569946,1.3877869844436646,1.210621953010559,1.2303069829940796,0.8584179282188416,27484560
2007-05-17,1.279520034790039,1.2893619537353516,1.210621953010559,1.279520034790039,0.8927551507949829,8329774
2007-05-18,1.2696770429611206,1.2696770429611206,1.2303069829940796,1.2499920129776,0.8721528649330139,6639378
2007-05-21,1.2696770429611206,1.377943992614746,1.2598350048065186,1.3188890218734741,0.9202240109443665,20524140
2007-05-22,1.3287320137023926,1.3976290225982666,1.2893619537353516,1.3877869844436646,0.9682958722114563,26123276
2007-05-23,1.4271559715270996,1.4960540533065796,1.3976290225982666,1.417314052581787,0.9888976812362671,23895907
2007-05-25,1.3976290225982666,1.417314052581787,1.2992039918899536,1.3976290225982666,0.9751631617546082,11425455
2007-05-28,1.407472014427185,1.5157389640808105,1.407472014427185,1.476369023323059,1.030102014541626,15970997
2007-05-29,1.476369023323059,1.505895972251892,1.407472014427185,1.436998963356018,1.0026322603225708,7031015
2007-05-30,1.4566839933395386,1.4566839933395386,1.3877869844436646,1.4271559715270996,0.9957647919654846,9459401
2007-05-31,1.436998963356018,1.4862109422683716,1.417314052581787,1.4468410015106201,1.0094995498657227,8485349
2007-06-01,1.4665260314941406,1.6240060329437256,1.436998963356018,1.5944780111312866,1.1125096082687378,29390483
2007-06-04,1.5944780111312866,1.8110120296478271,1.5944780111312866,1.7814849615097046,1.2429896593093872,26965962
2007-06-05,1.8405400514602661,1.8405400514602661,1.7125879526138306,1.771643042564392,1.236122727394104,17189008
2007-06-06,1.8110120296478271,1.9192800521850586,1.791327953338623,1.8700670003890991,1.3047956228256226,17937006
2007-06-07,1.8405400514602661,1.9980189800262451,1.801169991493225,1.9094369411468506,1.3322652578353882,14640329
2007-06-08,1.8897520303726196,1.9192800521850586,1.8405400514602661,1.8700670003890991,1.3047956228256226,11097370
2007-06-11,1.9389640092849731,1.9980189800262451,1.8799099922180176,1.8897520303726196,1.3185303211212158,10579192
2007-06-12,1.9094369411468506,1.9094369411468506,1.7224299907684326,1.7814849615097046,1.2429896593093872,11909622
2007-06-13,1.771643042564392,1.830696940422058,1.6929030418395996,1.7224299907684326,1.2017854452133179,15512288
2007-06-14,1.7618000507354736,1.801169991493225,1.702744960784912,1.771643042564392,1.236122727394104,9579581
2007-06-15,1.801169991493225,1.801169991493225,1.732272982597351,1.7618000507354736,1.2292547225952148,7965487
2007-06-18,1.830696940422058,1.9389640092849731,1.7224299907684326,1.7618000507354736,1.2292547225952148,16243903
2007-06-20,1.7814849615097046,1.830696940422058,1.7519580125808716,1.7519580125808716,1.222387671470642,14522700
2007-06-21,1.791327953338623,1.791327953338623,1.7519580125808716,1.771643042564392,1.236122727394104,4118888
2007-06-22,1.771643042564392,1.791327953338623,1.7224299907684326,1.7421150207519531,1.2155197858810425,6453441
2007-06-25,1.7421150207519531,1.7618000507354736,1.6436909437179565,1.6535329818725586,1.1537138223648071,3998999
2007-06-26,1.7125879526138306,1.7125879526138306,1.6436909437179565,1.6929030418395996,1.1811834573745728,3995951
2007-06-27,1.6929030418395996,1.791327953338623,1.673218011856079,1.791327953338623,1.2498570680618286,7594644
2007-06-28,1.791327953338623,1.9488070011138916,1.791327953338623,1.8700670003890991,1.3047956228256226,20820543
2007-06-29,1.899595022201538,1.9094369411468506,1.801169991493225,1.830696940422058,1.2773261070251465,7268879
2007-07-03,1.8799099922180176,1.899595022201538,1.830696940422058,1.8405400514602661,1.284193754196167,5296566
2007-07-04,1.8799099922180176,1.9389640092849731,1.8405400514602661,1.8897520303726196,1.3185303211212158,13198579
2007-07-05,1.9192800521850586,1.9389640092849731,1.801169991493225,1.8700670003890991,1.3047956228256226,8607602
2007-07-06,1.8700670003890991,1.8700670003890991,1.8208550214767456,1.8503819704055786,1.2910608053207397,3306083
2007-07-09,1.860224962234497,1.9094369411468506,1.860224962234497,1.8799099922180176,1.311663269996643,6207255
2007-07-10,1.899595022201538,1.899595022201538,1.8405400514602661,1.899595022201538,1.3253980875015259,7429415
2007-07-11,1.9094369411468506,2.2342379093170166,1.8503819704055786,2.1751840114593506,1.5176836252212524,51170031
2007-07-12,2.2342379093170166,2.303136110305786,2.0275468826293945,2.047231912612915,1.4284082651138306,38157752
2007-07-13,2.116128921508789,2.1948680877685547,2.066915988922119,2.145656108856201,1.4970818758010864,14423652
2007-07-16,2.1751840114593506,2.214553117752075,2.0964438915252686,2.1259710788726807,1.483346700668335,9441682
2007-07-17,2.145656108856201,2.1653409004211426,2.0866010189056396,2.1358139514923096,1.4902141094207764,7648891
2007-07-18,2.1358139514923096,2.145656108856201,2.0177040100097656,2.0570740699768066,1.4352755546569824,9406112
2007-07-19,2.066915988922119,2.214553117752075,2.066915988922119,2.1653409004211426,1.5108158588409424,10721098
2007-07-20,2.1653409004211426,2.2047109603881836,2.10628604888916,2.10628604888916,1.4696120023727417,5499985
2007-07-23,2.2047109603881836,2.2834510803222656,2.1358139514923096,2.185025930404663,1.5245506763458252,41594188
2007-07-24,2.253922939300537,2.3523480892181396,2.145656108856201,2.322819948196411,1.620693325996399,39896533
2007-07-25,2.3425049781799316,2.509826898574829,2.263766050338745,2.480299949645996,1.7305711507797241,43318279
2007-07-26,2.509826898574829,2.5295119285583496,2.293292999267578,2.401560068130493,1.6756322383880615,24641762
2007-07-27,2.263766050338745,2.3425049781799316,2.2440810203552246,2.2736079692840576,1.5863571166992188,14703638
2007-07-30,2.253922939300537,2.3917179107666016,2.2440810203552246,2.322819948196411,1.620693325996399,13094285
2007-07-31,2.3425049781799316,2.3523480892181396,2.1653409004211426,2.185025930404663,1.5245506763458252,75720895
2007-08-01,2.1653409004211426,2.2342379093170166,1.9389640092849731,2.047231912612915,1.4284082651138306,30440682
2007-08-02,2.116128921508789,2.116128921508789,1.8208550214767456,1.9094369411468506,1.3322652578353882,20036044
2007-08-03,1.9192800521850586,2.007862091064453,1.8799099922180176,1.988176941871643,1.3872040510177612,14919641
2007-08-06,1.9192800521850586,1.9192800521850586,1.8208550214767456,1.8208550214767456,1.2704590559005737,13033934
2007-08-07,1.8700670003890991,1.9094369411468506,1.732272982597351,1.7814849615097046,1.2429896593093872,16192087
2007-08-08,1.791327953338623,1.8700670003890991,1.791327953338623,1.8700670003890991,1.3047956228256226,8890052
2007-08-09,1.899595022201538,1.9586490392684937,1.860224962234497,1.9094369411468506,1.3322652578353882,9904433
2007-08-10,1.8208550214767456,1.8700670003890991,1.7618000507354736,1.8503819704055786,1.2910608053207397,7498124
2007-08-13,1.8700670003890991,1.9094369411468506,1.860224962234497,1.899595022201538,1.3253980875015259,7179288
2007-08-14,1.8208550214767456,1.8503819704055786,1.801169991493225,1.8208550214767456,1.2888232469558716,5163342
2007-08-15,1.801169991493225,1.8110120296478271,1.7224299907684326,1.732272982597351,1.2261236906051636,7309147
2007-08-16,1.6830600500106812,1.6830600500106812,1.4862109422683716,1.505895972251892,1.0658912658691406,9506823
2007-08-17,1.505895972251892,1.5255810022354126,1.2007800340652466,1.4271559715270996,1.0101583003997803,13177089
2007-08-20,1.535423994064331,1.633847951889038,1.4862109422683716,1.505895972251892,1.0658912658691406,7191290
2007-08-21,1.5846359729766846,1.604321002960205,1.436998963356018,1.476369023323059,1.0449919700622559,4535450
2007-08-22,1.505895972251892,1.564950942993164,1.4566839933395386,1.564950942993164,1.1076912879943848,3832374
2007-08-23,1.6436909437179565,1.6929030418395996,1.6141630411148071,1.6436909437179565,1.1634246110916138,10717847
2007-08-24,1.673218011856079,1.673218011856079,1.5846359729766846,1.6141630411148071,1.1425241231918335,6057427
2007-08-27,1.6830600500106812,1.7519580125808716,1.6240060329437256,1.7519580125808716,1.240057110786438,9756705
2007-08-28,1.732272982597351,1.7421150207519531,1.6141630411148071,1.673218011856079,1.1843239068984985,6333781
2007-08-29,1.5747929811477661,1.5944780111312866,1.5255810022354126,1.5846359729766846,1.1216245889663696,5624351
2007-08-30,1.6535329818725586,1.6535329818725586,1.564950942993164,1.604321002960205,1.1355582475662231,4596411
2007-08-31,1.5846359729766846,1.5944780111312866,1.5255810022354126,1.564950942993164,1.1076912879943848,3207124
2007-09-03,1.564950942993164,1.604321002960205,1.5255810022354126,1.604321002960205,1.1355582475662231,3448324
2007-09-04,1.604321002960205,1.604321002960205,1.5551079511642456,1.5846359729766846,1.1216245889663696,2277885
2007-09-05,1.604321002960205,1.6240060329437256,1.564950942993164,1.5846359729766846,1.1216245889663696,4237049
2007-09-06,1.5747929811477661,1.6141630411148071,1.5747929811477661,1.6141630411148071,1.1425241231918335,4945917
2007-09-07,1.5944780111312866,1.702744960784912,1.5944780111312866,1.673218011856079,1.1843239068984985,7443259
2007-09-10,1.6240060329437256,1.8208550214767456,1.6141630411148071,1.791327953338623,1.2679235935211182,13072949
2007-09-11,1.8799099922180176,1.9192800521850586,1.801169991493225,1.830696940422058,1.2957895994186401,12080311
2007-09-12,1.8700670003890991,1.8700670003890991,1.7814849615097046,1.801169991493225,1.2748899459838867,3334531
2007-09-13,1.8110120296478271,1.8503819704055786,1.7814849615097046,1.8405400514602661,1.302756428718567,5869466
2007-09-14,1.8503819704055786,1.8700670003890991,1.801169991493225,1.8110120296478271,1.2818562984466553,5478507
2007-09-17,1.8208550214767456,1.860224962234497,1.791327953338623,1.8110120296478271,1.2818562984466553,3572277
2007-09-18,1.8110120296478271,1.8405400514602661,1.791327953338623,1.8208550214767456,1.2888232469558716,4049799
2007-09-19,1.860224962234497,1.8897520303726196,1.8110120296478271,1.8405400514602661,1.302756428718567,5276545
2007-09-20,1.8405400514602661,1.8405400514602661,1.791327953338623,1.8110120296478271,1.2818562984466553,3302019
2007-09-21,1.8110120296478271,1.8110120296478271,1.7125879526138306,1.7421150207519531,1.2330900430679321,4322089
2007-09-24,1.7519580125808716,1.7519580125808716,1.6141630411148071,1.6436909437179565,1.1634246110916138,4579774
2007-09-25,1.6240060329437256,1.663375973701477,1.604321002960205,1.6535329818725586,1.1703906059265137,2783856
2007-09-27,1.6535329818725586,1.673218011856079,1.6240060329437256,1.6535329818725586,1.1703906059265137,2781824
2007-09-28,1.663375973701477,1.702744960784912,1.6535329818725586,1.6830600500106812,1.1912901401519775,3312179
2007-10-02,1.6929030418395996,1.7618000507354736,1.6929030418395996,1.732272982597351,1.2261236906051636,4559509
2007-10-03,1.702744960784912,1.8208550214767456,1.663375973701477,1.6929030418395996,1.1982574462890625,10389677
2007-10-04,1.6436909437179565,1.702744960784912,1.6436909437179565,1.663375973701477,1.1773576736450195,2034044
2007-10-05,1.673218011856079,1.7421150207519531,1.673218011856079,1.7125879526138306,1.2121905088424683,2261629
2007-10-08,1.7224299907684326,1.7421150207519531,1.7125879526138306,1.7125879526138306,1.2121905088424683,2832624
2007-10-09,1.7224299907684326,1.732272982597351,1.663375973701477,1.7224299907684326,1.2191569805145264,3299987
2007-10-10,1.7224299907684326,2.0177040100097656,1.7125879526138306,1.968492031097412,1.3933227062225342,33786263
2007-10-11,2.145656108856201,2.2342379093170166,2.0275468826293945,2.10628604888916,1.4908548593521118,57186592
2007-10-12,2.10628604888916,2.116128921508789,1.899595022201538,2.0275468826293945,1.4351222515106201,22779870
2007-10-15,2.066915988922119,2.066915988922119,1.929121971130371,1.9389640092849731,1.372422218322754,8954975
2007-10-16,1.9192800521850586,1.9192800521850586,1.8208550214767456,1.8405400514602661,1.302756428718567,8852460
2007-10-17,1.7814849615097046,1.8208550214767456,1.7224299907684326,1.791327953338623,1.2679235935211182,8792719
2007-10-18,1.791327953338623,1.8208550214767456,1.7421150207519531,1.791327953338623,1.2679235935211182,5913542
2007-10-22,1.7125879526138306,1.8700670003890991,1.702744960784912,1.8110120296478271,1.2818562984466553,7709453
2007-10-23,1.830696940422058,1.8897520303726196,1.830696940422058,1.860224962234497,1.3166897296905518,4695979
2007-10-24,1.8799099922180176,1.9192800521850586,1.830696940422058,1.860224962234497,1.3166897296905518,4226584
2007-10-25,1.8208550214767456,1.8700670003890991,1.8208550214767456,1.8503819704055786,1.309722661972046,2407934
2007-10-26,1.8700670003890991,1.9488070011138916,1.8700670003890991,1.899595022201538,1.3445565700531006,7269624
2007-10-29,2.007862091064453,2.0570740699768066,1.9488070011138916,1.988176941871643,1.4072556495666504,13945698
2007-10-30,2.007862091064453,2.007862091064453,1.899595022201538,1.9389640092849731,1.372422218322754,6059018
2007-10-31,1.899595022201538,1.9586490392684937,1.899595022201538,1.9389640092849731,1.372422218322754,3460516
2007-11-01,1.9980189800262451,1.9980189800262451,1.9094369411468506,1.929121971130371,1.3654557466506958,5495823
2007-11-02,1.8700670003890991,1.899595022201538,1.8503819704055786,1.8700670003890991,1.3236562013626099,4238777
2007-11-05,1.8799099922180176,1.8799099922180176,1.791327953338623,1.791327953338623,1.2679235935211182,4907308
2007-11-06,1.771643042564392,1.8700670003890991,1.771643042564392,1.8700670003890991,1.3236562013626099,3815366
2007-11-07,1.9094369411468506,1.968492031097412,1.9094369411468506,1.9192800521850586,1.358489751815796,5187828
2007-11-08,1.8503819704055786,1.9192800521850586,1.8208550214767456,1.8897520303726196,1.3375895023345947,3852694
2007-11-09,1.8799099922180176,1.9783339500427246,1.8700670003890991,1.929121971130371,1.3654557466506958,5504415
2007-11-12,1.899595022201538,1.9192800521850586,1.8110120296478271,1.8110120296478271,1.2818562984466553,5955827
2007-11-13,1.8208550214767456,1.860224962234497,1.7814849615097046,1.801169991493225,1.2748899459838867,4169688
2007-11-14,1.8405400514602661,1.899595022201538,1.8405400514602661,1.899595022201538,1.3445565700531006,3166790
2007-11-15,1.8897520303726196,1.8897520303726196,1.830696940422058,1.8700670003890991,1.3236562013626099,1347223
2007-11-16,1.8503819704055786,1.8503819704055786,1.801169991493225,1.8208550214767456,1.2888232469558716,1961750
2007-11-19,1.830696940422058,1.830696940422058,1.801169991493225,1.8110120296478271,1.2818562984466553,1022102
2007-11-20,1.791327953338623,1.801169991493225,1.7421150207519531,1.801169991493225,1.2748899459838867,2779792
2007-11-21,1.7814849615097046,1.801169991493225,1.732272982597351,1.7421150207519531,1.2330900430679321,2369325
2007-11-22,1.6535329818725586,1.732272982597351,1.6535329818725586,1.673218011856079,1.1843239068984985,2747280
2007-11-23,1.702744960784912,1.7125879526138306,1.6535329818725586,1.6535329818725586,1.1703906059265137,2077833
2007-11-26,1.7224299907684326,1.7224299907684326,1.6535329818725586,1.6535329818725586,1.1703906059265137,0
2007-11-27,1.6929030418395996,1.801169991493225,1.673218011856079,1.702744960784912,1.205223798751831,3611850
2007-11-28,1.7618000507354736,1.771643042564392,1.702744960784912,1.7125879526138306,1.2121905088424683,1128782
2007-11-29,1.7618000507354736,1.7814849615097046,1.732272982597351,1.7618000507354736,1.2470232248306274,2846848
2007-11-30,1.7618000507354736,1.801169991493225,1.732272982597351,1.791327953338623,1.2679235935211182,2093825
2007-12-03,1.771643042564392,1.8110120296478271,1.771643042564392,1.801169991493225,1.2748899459838867,1681997
2007-12-04,1.7814849615097046,1.801169991493225,1.771643042564392,1.771643042564392,1.2539905309677124,885957
2007-12-05,1.771643042564392,1.771643042564392,1.6929030418395996,1.7618000507354736,1.2470232248306274,1818650
2007-12-06,1.771643042564392,1.8897520303726196,1.771643042564392,1.830696940422058,1.2957895994186401,6200684
2007-12-07,1.8405400514602661,1.860224962234497,1.791327953338623,1.791327953338623,1.2679235935211182,2391678
2007-12-10,1.8110120296478271,1.8110120296478271,1.7519580125808716,1.7519580125808716,1.240057110786438,1591065
2007-12-11,1.771643042564392,1.7814849615097046,1.7421150207519531,1.7519580125808716,1.240057110786438,1479528
2007-12-12,1.771643042564392,1.791327953338623,1.7421150207519531,1.7421150207519531,1.2330900430679321,2357133
2007-12-13,1.7421150207519531,1.771643042564392,1.6830600500106812,1.6830600500106812,1.1912901401519775,2580655
2007-12-14,1.673218011856079,1.7125879526138306,1.673218011856079,1.6929030418395996,1.1982574462890625,2115324
2007-12-17,1.6830600500106812,1.6830600500106812,1.604321002960205,1.604321002960205,1.1355582475662231,2816368
2007-12-18,1.5747929811477661,1.5747929811477661,1.4960540533065796,1.564950942993164,1.1076912879943848,3996967
2007-12-19,1.564950942993164,1.604321002960205,1.545266032218933,1.545266032218933,1.093758225440979,2004579
2007-12-20,1.535423994064331,1.5747929811477661,1.535423994064331,1.564950942993164,1.1076912879943848,2283981
2007-12-21,1.5747929811477661,1.673218011856079,1.5747929811477661,1.6535329818725586,1.1703906059265137,2004282
2007-12-24,1.6830600500106812,1.732272982597351,1.6830600500106812,1.7224299907684326,1.2191569805145264,1424440
2007-12-27,1.7224299907684326,1.732272982597351,1.6535329818725586,1.673218011856079,1.1843239068984985,1910091
2007-12-28,1.663375973701477,1.7125879526138306,1.6240060329437256,1.6929030418395996,1.1982574462890625,1759722
2007-12-31,1.4665260314941406,1.4665260314941406,1.3385740518569946,1.3877869844436646,0.9822922945022583,11515412
2008-01-02,1.4665260314941406,1.4665260314941406,1.3582589626312256,1.3582589626312256,0.9613922834396362,6730023
2008-01-03,1.3582589626312256,1.407472014427185,1.3582589626312256,1.377943992614746,0.9753254652023315,4972333
2008-01-04,1.3877869844436646,1.4468410015106201,1.3877869844436646,1.407472014427185,0.9962257146835327,2775728
2008-01-07,1.407472014427185,1.407472014427185,1.3582589626312256,1.377943992614746,0.9753254652023315,2446542
2008-01-08,1.3582589626312256,1.3877869844436646,1.3385740518569946,1.348417043685913,0.9544259905815125,2403870
2008-01-09,1.3385740518569946,1.3385740518569946,1.2893619537353516,1.309046983718872,0.9265593886375427,3237763
2008-01-10,1.2992039918899536,1.3287320137023926,1.2499920129776,1.2598350048065186,0.8917264342308044,3669813
2008-01-11,1.2598350048065186,1.279520034790039,1.181095004081726,1.181095004081726,0.835993230342865,5222270
2008-01-14,1.181095004081726,1.2303069829940796,1.181095004081726,1.2204649448394775,0.8638598918914795,4624859
2008-01-15,1.2204649448394775,1.2204649448394775,1.141724944114685,1.151568055152893,0.8150938153266907,2897649
2008-01-16,1.1318830251693726,1.141724944114685,1.0629849433898926,1.0728280544281006,0.7593609094619751,6583793
2008-01-17,1.0728280544281006,1.141724944114685,1.013772964477539,1.0728280544281006,0.7593609094619751,4146117
2008-01-18,1.0629849433898926,1.122040033340454,1.0236159563064575,1.112197995185852,0.7872271537780762,1786138
2008-01-21,1.1023550033569336,1.1023550033569336,1.0334579944610596,1.0334579944610596,0.731494128704071,2409966
2008-01-22,0.984246015548706,0.984246015548706,0.9055060148239136,0.9350330233573914,0.6618276834487915,5711985
2008-01-23,0.9448760151863098,1.0236159563064575,0.9350330233573914,0.9744030237197876,0.6970310807228088,3605805
2008-01-24,0.9940879940986633,0.9940879940986633,0.9547179937362671,0.9645609855651855,0.689990758895874,2363229
2008-01-25,0.9645609855651855,0.9940879940986633,0.9547179937362671,0.9744030237197876,0.6970310807228088,3234963
2008-01-28,0.9547179937362671,0.9645609855651855,0.9350330233573914,0.9547179937362671,0.6829495429992676,1418344
2008-01-29,0.9547179937362671,0.9645609855651855,0.9350330233573914,0.9448760151863098,0.6759092211723328,906277
2008-01-30,0.9547179937362671,0.9645609855651855,0.9251909852027893,0.9350330233573914,0.6688680052757263,1497592
2008-01-31,0.9251909852027893,0.9350330233573914,0.9153479933738708,0.9153479933738708,0.6547865867614746,1263911
2008-02-01,0.9251909852027893,0.9448760151863098,0.9251909852027893,0.9448760151863098,0.6759092211723328,812804
2008-02-04,0.9645609855651855,0.9744030237197876,0.9350330233573914,0.9645609855651855,0.689990758895874,640083
2008-02-05,0.9645609855651855,1.013772964477539,0.9645609855651855,1.013772964477539,0.7251940965652466,1830842
2008-02-06,0.984246015548706,1.0039310455322266,0.9645609855651855,1.0039310455322266,0.718153715133667,908309
2008-02-11,0.984246015548706,0.984246015548706,0.9547179937362671,0.9744030237197876,0.6970310807228088,536451
2008-02-12,0.9645609855651855,0.9744030237197876,0.9547179937362671,0.9744030237197876,0.6970310807228088,347474
2008-02-13,0.9645609855651855,0.9940879940986633,0.9547179937362671,0.9645609855651855,0.689990758895874,1009909
2008-02-14,0.9744030237197876,0.984246015548706,0.9645609855651855,0.984246015548706,0.7040722966194153,1172470
2008-02-15,0.984246015548706,0.984246015548706,0.9645609855651855,0.9744030237197876,0.6970310807228088,577091
2008-02-18,0.9940879940986633,1.0236159563064575,0.9940879940986633,0.9940879940986633,0.7111125588417053,1446792
2008-02-19,1.0433000326156616,1.1023550033569336,1.0433000326156616,1.0629849433898926,0.7603974342346191,3312179
2008-02-20,1.082669973373413,1.0925129652023315,1.0236159563064575,1.0433000326156616,0.7463160157203674,2174252
2008-02-21,1.0433000326156616,1.0728280544281006,1.0433000326156616,1.0629849433898926,0.7603974342346191,1176534
2008-02-22,1.0728280544281006,1.0728280544281006,1.0433000326156616,1.05314302444458,0.7533572316169739,866180
2008-02-25,1.082669973373413,1.112197995185852,1.0629849433898926,1.0728280544281006,0.7674388289451599,3149618
2008-02-26,1.082669973373413,1.0925129652023315,1.05314302444458,1.0629849433898926,0.7603974342346191,1436632
2008-02-27,1.151568055152893,1.309046983718872,1.151568055152893,1.2499920129776,0.8941714763641357,38636676
2008-02-28,1.2499920129776,1.2499920129776,1.1909370422363281,1.210621953010559,0.8660084009170532,8345473
2008-02-29,1.2204649448394775,1.2598350048065186,1.1909370422363281,1.2204649448394775,0.8730494976043701,5985291
2008-03-03,1.2007800340652466,1.3287320137023926,1.2007800340652466,1.2992039918899536,0.9293748736381531,10759503
2008-03-04,1.2992039918899536,1.3287320137023926,1.2303069829940796,1.2598350048065186,0.9012125134468079,5291359
2008-03-05,1.2204649448394775,1.2499920129776,1.1614099740982056,1.2007800340652466,0.8589679002761841,3635269
2008-03-06,1.2007800340652466,1.210621953010559,1.1318830251693726,1.1614099740982056,0.8308050632476807,3606821
2008-03-07,1.1318830251693726,1.141724944114685,1.1023550033569336,1.122040033340454,0.8026420474052429,1696730
2008-03-10,1.0629849433898926,1.112197995185852,1.0629849433898926,1.1023550033569336,0.7885604500770569,2139797
2008-03-11,1.05314302444458,1.112197995185852,1.0433000326156616,1.0925129652023315,0.7815201282501221,1257815
2008-03-12,1.1318830251693726,1.141724944114685,1.1023550033569336,1.112197995185852,0.795601487159729,1122483
2008-03-13,1.0629849433898926,1.0925129652023315,1.0433000326156616,1.05314302444458,0.7533572316169739,550675
2008-03-14,1.05314302444458,1.0629849433898926,0.9940879940986633,1.0039310455322266,0.718153715133667,2800112
2008-03-17,0.9350330233573914,0.984246015548706,0.9055060148239136,0.9547179937362671,0.6829495429992676,2349005
2008-03-18,0.9645609855651855,1.0039310455322266,0.8956639766693115,0.9448760151863098,0.6759092211723328,2139708
2008-03-19,0.9448760151863098,0.9645609855651855,0.8858209848403931,0.9448760151863098,0.6759092211723328,1761754
2008-03-20,0.9251909852027893,0.9547179937362671,0.9153479933738708,0.9350330233573914,0.6688680052757263,831092
2008-03-25,0.9350330233573914,0.9940879940986633,0.9350330233573914,0.984246015548706,0.7040722966194153,861573
2008-03-26,0.984246015548706,1.0039310455322266,0.984246015548706,0.9940879940986633,0.7111125588417053,753876
2008-03-27,1.0039310455322266,1.0039310455322266,0.9645609855651855,0.984246015548706,0.7040722966194153,394210
2008-03-28,0.9645609855651855,1.013772964477539,0.9645609855651855,1.013772964477539,0.7251940965652466,983493
2008-03-31,1.1318830251693726,1.141724944114685,1.082669973373413,1.082669973373413,0.7744789123535156,4364761
2008-04-01,1.141724944114685,1.151568055152893,1.0629849433898926,1.0925129652023315,0.7815201282501221,2840752
2008-04-02,1.112197995185852,1.122040033340454,1.0629849433898926,1.082669973373413,0.7744789123535156,1737370
2008-04-03,1.1023550033569336,1.112197995185852,1.0629849433898926,1.082669973373413,0.7744789123535156,1375672
2008-04-07,1.122040033340454,1.122040033340454,1.0334579944610596,1.0728280544281006,0.7674388289451599,3460516
2008-04-08,1.082669973373413,1.082669973373413,1.05314302444458,1.05314302444458,0.7533572316169739,1072902
2008-04-09,1.0629849433898926,1.0728280544281006,1.0236159563064575,1.0236159563064575,0.7322352528572083,1125734
2008-04-10,1.013772964477539,1.0236159563064575,0.984246015548706,1.0236159563064575,0.7322352528572083,1207015
2008-04-11,1.0236159563064575,1.0433000326156616,1.0236159563064575,1.0334579944610596,0.7392756938934326,401322
2008-04-14,0.9940879940986633,1.0039310455322266,0.9744030237197876,0.984246015548706,0.7040722966194153,1052582
2008-04-15,0.984246015548706,0.9940879940986633,0.9744030237197876,0.9744030237197876,0.6970310807228088,682756
2008-04-16,1.013772964477539,1.0334579944610596,0.984246015548706,0.9940879940986633,0.7111125588417053,983493
2008-04-17,1.0039310455322266,1.0334579944610596,0.984246015548706,0.984246015548706,0.7040722966194153,1046486
2008-04-18,0.984246015548706,0.9940879940986633,0.984246015548706,0.984246015548706,0.7040722966194153,319025
2008-04-21,1.0039310455322266,1.0039310455322266,0.984246015548706,1.0039310455322266,0.718153715133667,934725
2008-04-22,0.984246015548706,1.0039310455322266,0.984246015548706,0.984246015548706,0.7040722966194153,1016006
2008-04-23,0.984246015548706,1.05314302444458,0.984246015548706,1.0433000326156616,0.7463160157203674,2178316
2008-04-24,1.0334579944610596,1.0629849433898926,1.0236159563064575,1.0334579944610596,0.7392756938934326,1855226
2008-04-25,1.0334579944610596,1.0334579944610596,1.013772964477539,1.013772964477539,0.7251940965652466,729492
2008-04-28,1.013772964477539,1.0236159563064575,1.0039310455322266,1.0236159563064575,0.7322352528572083,965205
2008-04-29,1.0334579944610596,1.0334579944610596,0.9940879940986633,1.013772964477539,0.7251940965652466,3320307
2008-04-30,1.013772964477539,1.0334579944610596,1.0039310455322266,1.0236159563064575,0.7322352528572083,1182630
2008-05-02,1.0334579944610596,1.05314302444458,1.0236159563064575,1.0433000326156616,0.7463160157203674,1345191
2008-05-05,1.0236159563064575,1.0433000326156616,1.0236159563064575,1.0334579944610596,0.7392756938934326,1393960
2008-05-06,1.0236159563064575,1.1023550033569336,1.0236159563064575,1.0925129652023315,0.7815201282501221,3901463
2008-05-07,1.1023550033569336,1.122040033340454,1.0433000326156616,1.05314302444458,0.7533572316169739,3891302
2008-05-08,1.0334579944610596,1.0629849433898926,1.0236159563064575,1.05314302444458,0.7533572316169739,1666249
2008-05-09,1.0629849433898926,1.0728280544281006,1.0236159563064575,1.05314302444458,0.7533572316169739,1093222
2008-05-13,1.0334579944610596,1.05314302444458,1.0236159563064575,1.05314302444458,0.7533572316169739,1491496
2008-05-14,1.0334579944610596,1.05314302444458,1.0334579944610596,1.05314302444458,0.7533572316169739,983493
2008-05-15,1.05314302444458,1.0728280544281006,1.0334579944610596,1.0728280544281006,0.7674388289451599,1030230
2008-05-16,1.0629849433898926,1.0728280544281006,1.05314302444458,1.0629849433898926,0.7603974342346191,893272
2008-05-19,1.0629849433898926,1.0728280544281006,1.05314302444458,1.0629849433898926,0.7603974342346191,595751
2008-05-20,1.05314302444458,1.05314302444458,1.0334579944610596,1.0433000326156616,0.7463160157203674,924565
2008-05-21,1.0334579944610596,1.05314302444458,1.0236159563064575,1.0433000326156616,0.7463160157203674,607571
2008-05-22,1.0236159563064575,1.0334579944610596,1.013772964477539,1.0334579944610596,0.7392756938934326,461266
2008-05-23,1.013772964477539,1.0236159563064575,0.9940879940986633,1.013772964477539,0.7251940965652466,865637
2008-05-26,1.0039310455322266,1.013772964477539,0.9744030237197876,0.984246015548706,0.7040722966194153,2684287
2008-05-27,0.984246015548706,1.013772964477539,0.984246015548706,1.0039310455322266,0.718153715133667,591315
2008-05-28,1.0039310455322266,1.0039310455322266,0.984246015548706,1.0039310455322266,0.718153715133667,343410
2008-05-29,0.9940879940986633,1.0039310455322266,0.9940879940986633,1.0039310455322266,0.718153715133667,357634
2008-05-30,1.0039310455322266,1.0039310455322266,0.984246015548706,1.0039310455322266,0.718153715133667,1193863
2008-06-02,0.9940879940986633,1.0039310455322266,0.9940879940986633,1.0039310455322266,0.718153715133667,800612
2008-06-03,0.9940879940986633,0.9940879940986633,0.984246015548706,0.9940879940986633,0.7111125588417053,1146054
2008-06-04,0.984246015548706,1.0039310455322266,0.984246015548706,0.984246015548706,0.7040722966194153,774196
2008-06-05,1.0039310455322266,1.0039310455322266,0.9940879940986633,0.9940879940986633,0.7111125588417053,873765
2008-06-06,1.0039310455322266,1.0039310455322266,0.984246015548706,0.984246015548706,0.7040722966194153,699012
2008-06-10,0.9645609855651855,0.9744030237197876,0.9448760151863098,0.9448760151863098,0.6759092211723328,1999499
2008-06-11,0.9448760151863098,0.9547179937362671,0.9350330233573914,0.9350330233573914,0.6688680052757263,538483
2008-06-12,0.9350330233573914,0.9350330233573914,0.8956639766693115,0.9350330233573914,0.6688680052757263,1471176
2008-06-13,0.9350330233573914,0.9350330233573914,0.8956639766693115,0.9055060148239136,0.6477460861206055,727460
2008-06-16,0.9055060148239136,0.9153479933738708,0.8956639766693115,0.9055060148239136,0.6477460861206055,483618
2008-06-17,0.8956639766693115,0.9251909852027893,0.8956639766693115,0.8956639766693115,0.6407057046890259,79248
2008-06-18,0.8858209848403931,0.9055060148239136,0.8759790062904358,0.8956639766693115,0.6407057046890259,363730
2008-06-19,0.8956639766693115,0.8956639766693115,0.8858209848403931,0.8858209848403931,0.6336646676063538,701044
2008-06-20,0.8858209848403931,0.9055060148239136,0.8661360144615173,0.8759790062904358,0.626624345779419,1369576
2008-06-23,0.8661360144615173,0.8661360144615173,0.8366090059280396,0.8661360144615173,0.6195831298828125,382018
2008-06-24,0.8464509844779968,0.8661360144615173,0.8464509844779968,0.8464509844779968,0.6055017709732056,229617
2008-06-25,0.8464509844779968,0.8661360144615173,0.8366090059280396,0.8464509844779968,0.6055017709732056,312929
2008-06-26,0.8464509844779968,0.8464509844779968,0.8070809841156006,0.8366090059280396,0.5984612107276917,1369576
2008-06-27,0.7972390055656433,0.8070809841156006,0.7873960137367249,0.8070809841156006,0.5773388147354126,560835
2008-06-30,0.7972390055656433,0.7972390055656433,0.7578690052032471,0.7775539755821228,0.556216835975647,901197
2008-07-02,0.7578690052032471,0.7775539755821228,0.7381839752197266,0.7381839752197266,0.5280537605285645,1320807
2008-07-03,0.7381839752197266,0.7677119970321655,0.7381839752197266,0.7578690052032471,0.5421352982521057,914405
2008-07-04,0.7578690052032471,0.7578690052032471,0.7480270266532898,0.7480270266532898,0.5350949168205261,349506
2008-07-07,0.7578690052032471,0.7775539755821228,0.7578690052032471,0.7677119970321655,0.5491764545440674,418594
2008-07-08,0.7677119970321655,0.7677119970321655,0.7480270266532898,0.7677119970321655,0.5491764545440674,294641
2008-07-09,0.7480270266532898,0.7873960137367249,0.7480270266532898,0.7677119970321655,0.5491764545440674,298705
2008-07-10,0.7283419966697693,0.7677119970321655,0.7283419966697693,0.7578690052032471,0.5421352982521057,382018
2008-07-11,0.7283419966697693,0.7677119970321655,0.7283419966697693,0.7480270266532898,0.5350949168205261,729492
2008-07-14,0.7480270266532898,0.7578690052032471,0.7381839752197266,0.7381839752197266,0.5280537605285645,981461
2008-07-15,0.7480270266532898,0.7480270266532898,0.7283419966697693,0.7381839752197266,0.5280537605285645,995685
2008-07-16,0.7283419966697693,0.7381839752197266,0.7086570262908936,0.7283419966697693,0.5210133790969849,1058678
2008-07-17,0.7381839752197266,0.7480270266532898,0.7283419966697693,0.7283419966697693,0.5210133790969849,239777
2008-07-18,0.7283419966697693,0.7381839752197266,0.7283419966697693,0.7381839752197266,0.5280537605285645,341378
2008-07-21,0.7578690052032471,0.7775539755821228,0.7578690052032471,0.7775539755821228,0.556216835975647,1068838
2008-07-22,0.7775539755821228,0.7775539755821228,0.7578690052032471,0.7775539755821228,0.556216835975647,488698
2008-07-23,0.7775539755821228,0.816923975944519,0.7775539755821228,0.7873960137367249,0.5632572770118713,1597161
2008-07-24,0.7677119970321655,0.7775539755821228,0.7184990048408508,0.7283419966697693,0.5210133790969849,3383299
2008-07-25,0.7184990048408508,0.7184990048408508,0.6397600173950195,0.6692870259284973,0.478768914937973,5331999
2008-07-28,0.6594439744949341,0.6791290044784546,0.6594439744949341,0.6692870259284973,0.478768914937973,1182630
2008-07-29,0.6397600173950195,0.6594439744949341,0.6397600173950195,0.6496019959449768,0.46468743681907654,1763786
2008-07-30,0.6496019959449768,0.6692870259284973,0.6397600173950195,0.6496019959449768,0.46468743681907654,1676409
2008-07-31,0.6496019959449768,0.6594439744949341,0.6397600173950195,0.6397600173950195,0.4576469659805298,1422408
2008-08-01,0.6397600173950195,0.6594439744949341,0.6397600173950195,0.6496019959449768,0.46468743681907654,213361
2008-08-04,0.6496019959449768,0.6594439744949341,0.6496019959449768,0.6594439744949341,0.47172775864601135,132080
2008-08-05,0.6496019959449768,0.6594439744949341,0.6496019959449768,0.6496019959449768,0.46468743681907654,459234
2008-08-06,0.6496019959449768,0.6496019959449768,0.6496019959449768,0.6496019959449768,0.46468743681907654,0
2008-08-07,0.6692870259284973,0.6791290044784546,0.6496019959449768,0.6791290044784546,0.4858092665672302,831092
2008-08-08,0.6594439744949341,0.6791290044784546,0.6496019959449768,0.6692870259284973,0.478768914937973,2060663
2008-08-11,0.6692870259284973,0.6791290044784546,0.6594439744949341,0.6692870259284973,0.478768914937973,1515880
2008-08-12,0.6692870259284973,0.6692870259284973,0.6594439744949341,0.6692870259284973,0.478768914937973,885957
2008-08-13,0.6594439744949341,0.6692870259284973,0.6594439744949341,0.6692870259284973,0.478768914937973,670563
2008-08-14,0.6594439744949341,0.6594439744949341,0.6299170255661011,0.6299170255661011,0.45060592889785767,116967
2008-08-15,0.6299170255661011,0.6594439744949341,0.6299170255661011,0.6594439744949341,0.47172775864601135,755908
2008-08-18,0.6594439744949341,0.6594439744949341,0.6299170255661011,0.6397600173950195,0.4576469659805298,1137926
2008-08-19,0.6397600173950195,0.6496019959449768,0.6397600173950195,0.6496019959449768,0.46468743681907654,979429
2008-08-20,0.6397600173950195,0.6594439744949341,0.6397600173950195,0.6397600173950195,0.4701118767261505,666499
2008-08-21,0.620074987411499,0.620074987411499,0.5905470252037048,0.6102319955825806,0.4484138488769531,581155
2008-08-22,0.6102319955825806,0.6102319955825806,0.6102319955825806,0.6102319955825806,0.4484138488769531,0
2008-08-25,0.6102319955825806,0.6397600173950195,0.6102319955825806,0.6397600173950195,0.4701118767261505,1164342
2008-08-26,0.6397600173950195,0.6397600173950195,0.6299170255661011,0.6397600173950195,0.4701118767261505,487682
2008-08-27,0.6299170255661011,0.6594439744949341,0.6299170255661011,0.6496019959449768,0.4773440659046173,329185
2008-08-28,0.6496019959449768,0.6692870259284973,0.6397600173950195,0.6594439744949341,0.48457616567611694,818900
2008-08-29,0.6594439744949341,0.6791290044784546,0.6594439744949341,0.6791290044784546,0.49904125928878784,483618
2008-09-01,0.6594439744949341,0.6692870259284973,0.6496019959449768,0.6692870259284973,0.49180904030799866,408434
2008-09-02,0.6692870259284973,0.6791290044784546,0.6594439744949341,0.6791290044784546,0.49904125928878784,550675
2008-09-03,0.6692870259284973,0.6791290044784546,0.6594439744949341,0.6594439744949341,0.48457616567611694,647995
2008-09-04,0.6692870259284973,0.6791290044784546,0.6594439744949341,0.6791290044784546,0.49904125928878784,688852
2008-09-05,0.6594439744949341,0.6692870259284973,0.6397600173950195,0.6496019959449768,0.4773440659046173,1060710
2008-09-08,0.6496019959449768,0.6692870259284973,0.6496019959449768,0.6692870259284973,0.49180904030799866,879229
2008-09-09,0.6496019959449768,0.6594439744949341,0.6496019959449768,0.6594439744949341,0.48457616567611694,357634
2008-09-10,0.6594439744949341,0.6692870259284973,0.6496019959449768,0.6496019959449768,0.4773440659046173,331217
2008-09-11,0.6496019959449768,0.6692870259284973,0.620074987411499,0.6299170255661011,0.4628790616989136,1306583
2008-09-12,0.6594439744949341,0.6594439744949341,0.620074987411499,0.6397600173950195,0.4701118767261505,128016
2008-09-16,0.5905470252037048,0.6003900170326233,0.5807049870491028,0.5807049870491028,0.42671680450439453,998787
2008-09-17,0.5905470252037048,0.5905470252037048,0.5216500163078308,0.5413349866867065,0.3977867066860199,2125484
2008-09-18,0.5118079781532288,0.5118079781532288,0.4527530074119568,0.5118079781532288,0.37608951330184937,1137926
2008-09-19,0.5413349866867065,0.5708619952201843,0.5019649863243103,0.5708619952201843,0.41948390007019043,1985275
2008-09-22,0.5905470252037048,0.6102319955825806,0.5413349866867065,0.5708619952201843,0.41948390007019043,599443
2008-09-23,0.561020016670227,0.5708619952201843,0.5413349866867065,0.5413349866867065,0.3977867066860199,1113542
2008-09-24,0.5413349866867065,0.5511770248413086,0.5413349866867065,0.5511770248413086,0.4050188362598419,300737
2008-09-25,0.5413349866867065,0.561020016670227,0.5413349866867065,0.5511770248413086,0.4050188362598419,319025
2008-09-26,0.5413349866867065,0.5905470252037048,0.5314919948577881,0.5511770248413086,0.4050188362598419,1834906
2008-09-29,0.5807049870491028,0.6003900170326233,0.561020016670227,0.6003900170326233,0.4411817789077759,1499624
2008-09-30,0.5019649863243103,0.5708619952201843,0.5019649863243103,0.5511770248413086,0.4050188362598419,867669
2008-10-02,0.5511770248413086,0.5511770248413086,0.5118079781532288,0.5314919948577881,0.3905538022518158,1572777
2008-10-03,0.5216500163078308,0.5511770248413086,0.5118079781532288,0.5118079781532288,0.37608951330184937,637519
2008-10-06,0.5118079781532288,0.5314919948577881,0.492123007774353,0.5019649863243103,0.36885660886764526,319025
2008-10-08,0.4822799861431122,0.4822799861431122,0.39861899614334106,0.39861899614334106,0.29291537404060364,2993153
2008-10-09,0.39861899614334106,0.44290998578071594,0.37893399596214294,0.3936980068683624,0.28929927945137024,2980247
2008-10-10,0.37893399596214294,0.3887769877910614,0.3248009979724884,0.3248009979724884,0.23867203295230865,2241309
2008-10-13,0.32972198724746704,0.3444859981536865,0.3051159977912903,0.32972198724746704,0.24228808283805847,1056646
2008-10-14,0.3690919876098633,0.38385599851608276,0.3543280065059662,0.36417099833488464,0.2676021456718445,3486932
2008-10-15,0.3740130066871643,0.4035399854183197,0.3543280065059662,0.3543280065059662,0.260369211435318,3220739
2008-10-16,0.34940698742866516,0.34940698742866516,0.3248009979724884,0.3444859981536865,0.2531370222568512,2414030
2008-10-17,0.32972198724746704,0.3395639955997467,0.31988000869750977,0.33464300632476807,0.24590416252613068,1241559
2008-10-20,0.32972198724746704,0.3444859981536865,0.3248009979724884,0.32972198724746704,0.24228808283805847,369826
2008-10-21,0.3248009979724884,0.33464300632476807,0.31988000869750977,0.31988000869750977,0.23505593836307526,530355
2008-10-22,0.3051159977912903,0.31495800614356995,0.2952730059623718,0.31495800614356995,0.23143914341926575,906277
2008-10-23,0.31495800614356995,0.31495800614356995,0.2755880057811737,0.2952730059623718,0.21697409451007843,290577
2008-10-24,0.2952730059623718,0.2952730059623718,0.2706669867038727,0.2706669867038727,0.1988929957151413,727460
2008-10-27,0.2706669867038727,0.2706669867038727,0.22834500670433044,0.2342499941587448,0.17213284969329834,607571
2008-10-28,0.2342499941587448,0.26574599742889404,0.22932900488376617,0.2411399930715561,0.17719577252864838,1345191
2008-10-29,0.24212400615215302,0.2559039890766144,0.24212400615215302,0.24409300088882446,0.17936572432518005,459606
2008-10-30,0.2263759970664978,0.26574599742889404,0.2263759970664978,0.24606099724769592,0.18081186711788177,611635
2008-10-31,0.24606099724769592,0.2559039890766144,0.22834500670433044,0.24409300088882446,0.17936572432518005,2790662
2008-11-03,0.2559039890766144,0.2706669867038727,0.2559039890766144,0.2706669867038727,0.1988929957151413,1637801
2008-11-04,0.2559039890766144,0.26574599742889404,0.2411399930715561,0.26574599742889404,0.1952769011259079,1242575
2008-11-05,0.2706669867038727,0.2755880057811737,0.26574599742889404,0.2755880057811737,0.2025091052055359,2395742
2008-11-06,0.2559039890766144,0.2559039890766144,0.2559039890766144,0.2559039890766144,0.18804475665092468,243841
2008-11-07,0.24606099724769592,0.26574599742889404,0.2411399930715561,0.26574599742889404,0.1952769011259079,1134217
2008-11-10,0.2755880057811737,0.28543099761009216,0.2608250081539154,0.2755880057811737,0.2025091052055359,1416312
2008-11-11,0.2755880057811737,0.31988000869750977,0.26574599742889404,0.30019500851631165,0.22059088945388794,1292359
2008-11-12,0.28543099761009216,0.2952730059623718,0.28543099761009216,0.2952730059623718,0.21697409451007843,442761
2008-11-13,0.28543099761009216,0.32972198724746704,0.28543099761009216,0.3051159977912903,0.22420692443847656,1028198
2008-11-14,0.3248009979724884,0.3248009979724884,0.30019500851631165,0.3051159977912903,0.22420692443847656,357634
2008-11-17,0.2952730059623718,0.31495800614356995,0.2755880057811737,0.3100369870662689,0.22782304883003235,607571
2008-11-18,0.2903519868850708,0.2903519868850708,0.2755880057811737,0.2805100083351135,0.206125870347023,505970
2008-11-19,0.28543099761009216,0.28543099761009216,0.26574599742889404,0.2755880057811737,0.2025091052055359,422658
2008-11-20,0.26574599742889404,0.2903519868850708,0.26574599742889404,0.28543099761009216,0.20974195003509521,463298
2008-11-21,0.2755880057811737,0.2755880057811737,0.26574599742889404,0.2755880057811737,0.2025091052055359,319025
2008-11-24,0.2805100083351135,0.28543099761009216,0.26574599742889404,0.26574599742889404,0.1952769011259079,193650
2008-11-25,0.2903519868850708,0.2903519868850708,0.2755880057811737,0.2755880057811737,0.2025091052055359,203201
2008-11-26,0.2755880057811737,0.2755880057811737,0.26574599742889404,0.26574599742889404,0.1952769011259079,60960
2008-11-27,0.26574599742889404,0.2903519868850708,0.26574599742889404,0.2805100083351135,0.206125870347023,428754
2008-11-28,0.28543099761009216,0.2952730059623718,0.28543099761009216,0.2952730059623718,0.21697409451007843,445010
2008-12-01,0.3051159977912903,0.3248009979724884,0.3051159977912903,0.3051159977912903,0.22420692443847656,453138
2008-12-02,0.2903519868850708,0.2952730059623718,0.28543099761009216,0.2952730059623718,0.21697409451007843,254001
2008-12-03,0.3051159977912903,0.3051159977912903,0.3051159977912903,0.3051159977912903,0.22420692443847656,50800
2008-12-04,0.3051159977912903,0.3051159977912903,0.2903519868850708,0.2952730059623718,0.21697409451007843,254001
2008-12-05,0.2952730059623718,0.30019500851631165,0.2903519868850708,0.2952730059623718,0.21697409451007843,440946
2008-12-08,0.3051159977912903,0.3248009979724884,0.3051159977912903,0.31495800614356995,0.23143914341926575,1235463
2008-12-09,0.3248009979724884,0.3543280065059662,0.3248009979724884,0.34940698742866516,0.256753146648407,3143522
2008-12-10,0.3740130066871643,0.3740130066871643,0.34940698742866516,0.3690919876098633,0.27121812105178833,1774149
2008-12-11,0.3444859981536865,0.38385599851608276,0.3444859981536865,0.3740130066871643,0.2748342454433441,2133612
2008-12-12,0.37893399596214294,0.37893399596214294,0.036416999995708466,0.3690919876098633,0.27121812105178833,926597
2008-12-15,0.36417099833488464,0.36417099833488464,0.3444859981536865,0.3444859981536865,0.2531370222568512,588521
2008-12-16,0.3395639955997467,0.3690919876098633,0.33464300632476807,0.3543280065059662,0.260369211435318,1564649
2008-12-17,0.3543280065059662,0.3740130066871643,0.34940698742866516,0.36417099833488464,0.2676021456718445,1164342
2008-12-18,0.36417099833488464,0.3740130066871643,0.3543280065059662,0.3592489957809448,0.263985276222229,829060
2008-12-19,0.3444859981536865,0.3444859981536865,0.31495800614356995,0.33464300632476807,0.24590416252613068,3556021
2008-12-22,0.32972198724746704,0.33464300632476807,0.31988000869750977,0.32972198724746704,0.24228808283805847,1552457
2008-12-23,0.3100369870662689,0.31495800614356995,0.3100369870662689,0.31495800614356995,0.23143914341926575,162560
2008-12-24,0.2952730059623718,0.33464300632476807,0.2952730059623718,0.33464300632476807,0.24590416252613068,272289
2008-12-29,0.2952730059623718,0.32972198724746704,0.2952730059623718,0.32972198724746704,0.24228808283805847,552707
2008-12-30,0.31988000869750977,0.3248009979724884,0.31495800614356995,0.3248009979724884,0.23867203295230865,325121
2008-12-31,0.32972198724746704,0.3444859981536865,0.32972198724746704,0.3444859981536865,0.2531370222568512,564899
2009-01-02,0.3444859981536865,0.3444859981536865,0.32972198724746704,0.32972198724746704,0.24228808283805847,442978
2009-01-05,0.3444859981536865,0.36417099833488464,0.3444859981536865,0.3543280065059662,0.260369211435318,1901963
2009-01-06,0.3690919876098633,0.3690919876098633,0.3444859981536865,0.3592489957809448,0.263985276222229,1074934
2009-01-07,0.3690919876098633,0.37893399596214294,0.3543280065059662,0.36417099833488464,0.2676021456718445,2434350
2009-01-08,0.3543280065059662,0.3543280065059662,0.3395639955997467,0.34940698742866516,0.256753146648407,890021
2009-01-09,0.3395639955997467,0.3444859981536865,0.3395639955997467,0.3444859981536865,0.2531370222568512,422658
2009-01-12,0.3444859981536865,0.3543280065059662,0.33464300632476807,0.33464300632476807,0.24590416252613068,481586
2009-01-13,0.33464300632476807,0.34940698742866516,0.32972198724746704,0.34940698742866516,0.256753146648407,597411
2009-01-14,0.3051159977912903,0.3444859981536865,0.3051159977912903,0.3444859981536865,0.2531370222568512,359666
2009-01-15,0.31988000869750977,0.32972198724746704,0.31495800614356995,0.3248009979724884,0.23867203295230865,512067
2009-01-16,0.31988000869750977,0.3248009979724884,0.31495800614356995,0.31988000869750977,0.23505593836307526,662435
2009-01-19,0.31988000869750977,0.3248009979724884,0.31495800614356995,0.3248009979724884,0.23867203295230865,1245623
2009-01-20,0.31988000869750977,0.3248009979724884,0.31495800614356995,0.31495800614356995,0.23143914341926575,524259
2009-01-21,0.31495800614356995,0.31495800614356995,0.2952730059623718,0.3100369870662689,0.22782304883003235,898149
2009-01-22,0.3051159977912903,0.31495800614356995,0.30019500851631165,0.31495800614356995,0.23143914341926575,91440
2009-01-23,0.31495800614356995,0.31495800614356995,0.30019500851631165,0.3100369870662689,0.22782304883003235,107696
2009-01-29,0.3051159977912903,0.32972198724746704,0.30019500851631165,0.3100369870662689,0.22782304883003235,269403
2009-01-30,0.30019500851631165,0.3248009979724884,0.30019500851631165,0.31988000869750977,0.23505593836307526,31760
2009-02-02,0.3100369870662689,0.3100369870662689,0.3051159977912903,0.3100369870662689,0.22782304883003235,215393
2009-02-03,0.31495800614356995,0.31495800614356995,0.3100369870662689,0.3100369870662689,0.22782304883003235,384050
2009-02-04,0.3100369870662689,0.31495800614356995,0.3100369870662689,0.31495800614356995,0.23143914341926575,278385
2009-02-05,0.3100369870662689,0.31988000869750977,0.3100369870662689,0.31495800614356995,0.23143914341926575,109728
2009-02-06,0.31495800614356995,0.31988000869750977,0.31495800614356995,0.31988000869750977,0.23505593836307526,73152
2009-02-09,0.32972198724746704,0.32972198724746704,0.31495800614356995,0.31988000869750977,0.23505593836307526,304801
2009-02-10,0.3248009979724884,0.32972198724746704,0.3248009979724884,0.32972198724746704,0.24228808283805847,215393
2009-02-11,0.3248009979724884,0.3248009979724884,0.3248009979724884,0.3248009979724884,0.23867203295230865,36576
2009-02-12,0.31988000869750977,0.31988000869750977,0.31495800614356995,0.31495800614356995,0.23143914341926575,85344
2009-02-13,0.31988000869750977,0.32972198724746704,0.31495800614356995,0.32972198724746704,0.24228808283805847,424690
2009-02-16,0.32972198724746704,0.37893399596214294,0.32972198724746704,0.3690919876098633,0.27121812105178833,5468144
2009-02-17,0.36417099833488464,0.3690919876098633,0.3444859981536865,0.36417099833488464,0.2676021456718445,2196604
2009-02-18,0.3592489957809448,0.3740130066871643,0.3543280065059662,0.3740130066871643,0.2748342454433441,833124
2009-02-19,0.3740130066871643,0.3740130066871643,0.3592489957809448,0.3690919876098633,0.27121812105178833,402338
2009-02-20,0.36417099833488464,0.3936980068683624,0.36417099833488464,0.3690919876098633,0.27121812105178833,3582437
2009-02-23,0.38385599851608276,0.3887769877910614,0.36417099833488464,0.37893399596214294,0.27845028042793274,1558553
2009-02-24,0.3740130066871643,0.3740130066871643,0.3592489957809448,0.3740130066871643,0.2748342454433441,306833
2009-02-25,0.36417099833488464,0.3740130066871643,0.3395639955997467,0.3543280065059662,0.260369211435318,2149868
2009-02-26,0.3444859981536865,0.3444859981536865,0.32972198724746704,0.33464300632476807,0.24590416252613068,711204
2009-02-27,0.33464300632476807,0.33464300632476807,0.33464300632476807,0.33464300632476807,0.24590416252613068,152400
2009-03-02,0.31988000869750977,0.32972198724746704,0.31495800614356995,0.32972198724746704,0.24228808283805847,636019
2009-03-03,0.31988000869750977,0.3395639955997467,0.31495800614356995,0.33464300632476807,0.24590416252613068,115689
2009-03-04,0.32972198724746704,0.3395639955997467,0.32972198724746704,0.3395639955997467,0.2495202273130417,644147
2009-03-05,0.3444859981536865,0.3444859981536865,0.3248009979724884,0.33464300632476807,0.24590416252613068,319025
2009-03-06,0.31988000869750977,0.32972198724746704,0.31495800614356995,0.32972198724746704,0.24228808283805847,166624
2009-03-09,0.31988000869750977,0.31988000869750977,0.31495800614356995,0.31988000869750977,0.23505593836307526,948949
2009-03-10,0.31495800614356995,0.31988000869750977,0.31495800614356995,0.31495800614356995,0.23143914341926575,404370
2009-03-11,0.3248009979724884,0.3248009979724884,0.3248009979724884,0.3248009979724884,0.23867203295230865,379986
2009-03-12,0.3248009979724884,0.3248009979724884,0.30019500851631165,0.31495800614356995,0.23143914341926575,379986
2009-03-13,0.31495800614356995,0.32972198724746704,0.31495800614356995,0.31988000869750977,0.23505593836307526,463298
2009-03-16,0.3248009979724884,0.32972198724746704,0.31988000869750977,0.3248009979724884,0.23867203295230865,351538
2009-03-17,0.3248009979724884,0.32972198724746704,0.31495800614356995,0.31988000869750977,0.23505593836307526,339346
2009-03-18,0.32972198724746704,0.32972198724746704,0.31988000869750977,0.31988000869750977,0.23505593836307526,221489
2009-03-19,0.31495800614356995,0.33464300632476807,0.31495800614356995,0.31495800614356995,0.23143914341926575,812056
2009-03-20,0.31495800614356995,0.31495800614356995,0.3051159977912903,0.3100369870662689,0.22782304883003235,1692665
2009-03-23,0.31495800614356995,0.31988000869750977,0.3100369870662689,0.31988000869750977,0.23505593836307526,674627
2009-03-24,0.3248009979724884,0.3248009979724884,0.31495800614356995,0.31988000869750977,0.23505593836307526,595379
2009-03-25,0.31988000869750977,0.32972198724746704,0.31988000869750977,0.31988000869750977,0.23505593836307526,859541
2009-03-26,0.31495800614356995,0.33464300632476807,0.31495800614356995,0.32972198724746704,0.24228808283805847,690884
2009-03-27,0.3248009979724884,0.3444859981536865,0.31988000869750977,0.3444859981536865,0.2531370222568512,1901963
2009-03-30,0.32972198724746704,0.32972198724746704,0.31988000869750977,0.31988000869750977,0.23505593836307526,1005845
2009-03-31,0.3248009979724884,0.33464300632476807,0.31495800614356995,0.33464300632476807,0.24590416252613068,471426
2009-04-01,0.3248009979724884,0.3395639955997467,0.3248009979724884,0.3248009979724884,0.23867203295230865,1387864
2009-04-02,0.33464300632476807,0.3543280065059662,0.33464300632476807,0.3543280065059662,0.260369211435318,4663653
2009-04-03,0.3444859981536865,0.3543280065059662,0.3395639955997467,0.3444859981536865,0.2531370222568512,1607321
2009-04-06,0.33464300632476807,0.3543280065059662,0.33464300632476807,0.3444859981536865,0.2531370222568512,2659903
2009-04-07,0.3395639955997467,0.3444859981536865,0.33464300632476807,0.3444859981536865,0.2531370222568512,934725
2009-04-08,0.3444859981536865,0.34940698742866516,0.33464300632476807,0.3395639955997467,0.2495202273130417,940821
2009-04-09,0.32972198724746704,0.3444859981536865,0.3248009979724884,0.3444859981536865,0.2531370222568512,1881643
2009-04-14,0.3395639955997467,0.3592489957809448,0.33464300632476807,0.3592489957809448,0.263985276222229,3690133
2009-04-15,0.3444859981536865,0.3592489957809448,0.3444859981536865,0.3592489957809448,0.263985276222229,674627
2009-04-16,0.3592489957809448,0.3887769877910614,0.3444859981536865,0.3740130066871643,0.2748342454433441,7479836
2009-04-17,0.3740130066871643,0.4084619879722595,0.3740130066871643,0.3887769877910614,0.28568318486213684,6795048
2009-04-20,0.38385599851608276,0.4084619879722595,0.38385599851608276,0.3936980068683624,0.28929927945137024,1891803
2009-04-21,0.3936980068683624,0.3936980068683624,0.3740130066871643,0.3740130066871643,0.2748342454433441,1729242
2009-04-22,0.3740130066871643,0.3740130066871643,0.3740130066871643,0.3740130066871643,0.2748342454433441,0
2009-04-23,0.3740130066871643,0.3740130066871643,0.3740130066871643,0.3740130066871643,0.2748342454433441,0
2009-04-24,0.4232249855995178,0.44290998578071594,0.3936980068683624,0.39861899614334106,0.29291537404060364,10655870
2009-04-27,0.3936980068683624,0.3936980068683624,0.34940698742866516,0.3592489957809448,0.263985276222229,2885457
2009-04-28,0.3444859981536865,0.37893399596214294,0.3444859981536865,0.34940698742866516,0.256753146648407,1471176
2009-04-29,0.3444859981536865,0.3592489957809448,0.3444859981536865,0.3543280065059662,0.260369211435318,1066806
2009-04-30,0.3543280065059662,0.36417099833488464,0.3543280065059662,0.3592489957809448,0.263985276222229,1903995
2009-05-04,0.3444859981536865,0.37893399596214294,0.3444859981536865,0.37893399596214294,0.27845028042793274,1182630
2009-05-05,0.38385599851608276,0.38385599851608276,0.3543280065059662,0.37893399596214294,0.27845028042793274,875797
2009-05-06,0.3740130066871643,0.4232249855995178,0.3740130066871643,0.4183039963245392,0.3073804974555969,6238276
2009-05-07,0.4379889965057373,0.4379889965057373,0.39861899614334106,0.4183039963245392,0.3073804974555969,3326403
2009-05-08,0.41338300704956055,0.42814698815345764,0.41338300704956055,0.4183039963245392,0.3073804974555969,2357133
2009-05-11,0.4183039963245392,0.5019649863243103,0.4183039963245392,0.4576739966869354,0.3363104462623596,13225350
2009-05-12,0.4822799861431122,0.4822799861431122,0.44783198833465576,0.4724380075931549,0.3471594750881195,2267725
2009-05-13,0.4724380075931549,0.5019649863243103,0.4724380075931549,0.47735899686813354,0.35077551007270813,3814086
2009-05-14,0.44783198833465576,0.4724380075931549,0.44783198833465576,0.4724380075931549,0.3471594750881195,1845066
2009-05-15,0.46259498596191406,0.47735899686813354,0.4576739966869354,0.4724380075931549,0.3471594750881195,1698762
2009-05-18,0.4724380075931549,0.492123007774353,0.4527530074119568,0.492123007774353,0.36162447929382324,2678191
2009-05-19,0.492123007774353,0.5118079781532288,0.4724380075931549,0.4724380075931549,0.3471594750881195,5468144
2009-05-20,0.492123007774353,0.5413349866867065,0.492123007774353,0.5413349866867065,0.3977867066860199,15390458
2009-05-21,0.5314919948577881,0.5807049870491028,0.5216500163078308,0.5807049870491028,0.42671680450439453,8111791
2009-05-22,0.5807049870491028,0.6102319955825806,0.5413349866867065,0.5708619952201843,0.41948390007019043,6957609
2009-05-25,0.561020016670227,0.6003900170326233,0.561020016670227,0.5807049870491028,0.42671680450439453,2784872
2009-05-26,0.561020016670227,0.5905470252037048,0.561020016670227,0.5807049870491028,0.42671680450439453,2160028
2009-05-27,0.5807049870491028,0.620074987411499,0.5807049870491028,0.6102319955825806,0.4484138488769531,4793516
2009-05-29,0.6102319955825806,0.6594439744949341,0.6003900170326233,0.6496019959449768,0.4773440659046173,5151150
2009-06-01,0.6791290044784546,0.6988139748573303,0.6692870259284973,0.6988139748573303,0.513506293296814,6309397
2009-06-02,0.7283419966697693,0.7283419966697693,0.6397600173950195,0.6594439744949341,0.48457616567611694,6390677
2009-06-03,0.688971996307373,0.688971996307373,0.6102319955825806,0.6102319955825806,0.4484138488769531,6408965
2009-06-04,0.6102319955825806,0.620074987411499,0.561020016670227,0.5905470252037048,0.433948814868927,8548674
2009-06-05,0.5905470252037048,0.6003900170326233,0.5807049870491028,0.5807049870491028,0.42671680450439453,3495467
2009-06-08,0.5905470252037048,0.620074987411499,0.5708619952201843,0.6003900170326233,0.4411817789077759,2982993
2009-06-09,0.6003900170326233,0.6102319955825806,0.5905470252037048,0.6003900170326233,0.4411817789077759,1719082
2009-06-10,0.6003900170326233,0.6397600173950195,0.5905470252037048,0.6397600173950195,0.4701118767261505,2724928
2009-06-11,0.6397600173950195,0.6397600173950195,0.6102319955825806,0.620074987411499,0.4556468725204468,1489464
2009-06-12,0.6299170255661011,0.6299170255661011,0.5905470252037048,0.6003900170326233,0.4411817789077759,2220989
2009-06-15,0.5905470252037048,0.5905470252037048,0.5708619952201843,0.5807049870491028,0.42671680450439453,2501406
2009-06-16,0.561020016670227,0.561020016670227,0.5413349866867065,0.5511770248413086,0.4050188362598419,2208797
2009-06-17,0.5413349866867065,0.5511770248413086,0.5314919948577881,0.5511770248413086,0.4050188362598419,1076966
2009-06-18,0.5413349866867065,0.5511770248413086,0.5314919948577881,0.5413349866867065,0.3977867066860199,1741434
2009-06-19,0.5511770248413086,0.561020016670227,0.5413349866867065,0.5511770248413086,0.4050188362598419,999749
2009-06-22,0.5413349866867065,0.5807049870491028,0.5413349866867065,0.561020016670227,0.412251740694046,820932
2009-06-23,0.5314919948577881,0.5413349866867065,0.5314919948577881,0.5413349866867065,0.3977867066860199,796548
2009-06-24,0.5413349866867065,0.5511770248413086,0.5216500163078308,0.5413349866867065,0.3977867066860199,662435
2009-06-25,0.5511770248413086,0.5708619952201843,0.5511770248413086,0.5708619952201843,0.41948390007019043,953013
2009-06-26,0.5708619952201843,0.5708619952201843,0.5511770248413086,0.561020016670227,0.412251740694046,684788
2009-06-29,0.5511770248413086,0.561020016670227,0.5511770248413086,0.5511770248413086,0.4050188362598419,353570
2009-06-30,0.561020016670227,0.561020016670227,0.5413349866867065,0.5413349866867065,0.3977867066860199,1373640
2009-07-02,0.5413349866867065,0.5511770248413086,0.5314919948577881,0.5314919948577881,0.3905538022518158,1432568
2009-07-03,0.5216500163078308,0.561020016670227,0.5216500163078308,0.561020016670227,0.412251740694046,776228
2009-07-06,0.561020016670227,0.5807049870491028,0.561020016670227,0.561020016670227,0.412251740694046,916437
2009-07-07,0.5708619952201843,0.5807049870491028,0.5511770248413086,0.5511770248413086,0.4050188362598419,337313
2009-07-08,0.5511770248413086,0.5511770248413086,0.5413349866867065,0.5511770248413086,0.4050188362598419,363730
2009-07-09,0.5413349866867065,0.5511770248413086,0.5314919948577881,0.5511770248413086,0.4050188362598419,371858
2009-07-10,0.5118079781532288,0.5314919948577881,0.492123007774353,0.5216500163078308,0.38332170248031616,3286779
2009-07-13,0.5118079781532288,0.5118079781532288,0.4872010052204132,0.492123007774353,0.36162447929382324,2172220
2009-07-14,0.4872010052204132,0.5019649863243103,0.4872010052204132,0.492123007774353,0.36162447929382324,1024134
2009-07-15,0.492123007774353,0.5118079781532288,0.492123007774353,0.5019649863243103,0.36885660886764526,1278135
2009-07-16,0.5118079781532288,0.5314919948577881,0.5118079781532288,0.5216500163078308,0.38332170248031616,1320807
2009-07-17,0.5314919948577881,0.5314919948577881,0.5118079781532288,0.5216500163078308,0.38332170248031616,753876
2009-07-20,0.5413349866867065,0.5413349866867065,0.5216500163078308,0.5314919948577881,0.3905538022518158,1267975
2009-07-21,0.5314919948577881,0.5314919948577881,0.5019649863243103,0.5118079781532288,0.37608951330184937,3297955
2009-07-22,0.5118079781532288,0.5118079781532288,0.492123007774353,0.5019649863243103,0.36885660886764526,2521726
2009-07-23,0.5118079781532288,0.5118079781532288,0.492123007774353,0.5019649863243103,0.36885660886764526,2080983
2009-07-24,0.5118079781532288,0.5118079781532288,0.492123007774353,0.5019649863243103,0.36885660886764526,1587610
2009-07-27,0.5118079781532288,0.5216500163078308,0.492123007774353,0.5216500163078308,0.38332170248031616,3068439
2009-07-28,0.5216500163078308,0.5807049870491028,0.5216500163078308,0.5708619952201843,0.41948390007019043,10692055
2009-07-29,0.5807049870491028,0.5807049870491028,0.5413349866867065,0.5511770248413086,0.4050188362598419,3086626
2009-07-30,0.5511770248413086,0.5511770248413086,0.5314919948577881,0.5413349866867065,0.3977867066860199,1042422
2009-07-31,0.5413349866867065,0.5511770248413086,0.5314919948577881,0.5413349866867065,0.3977867066860199,1771914
2009-08-03,0.5413349866867065,0.5807049870491028,0.5413349866867065,0.5807049870491028,0.42671680450439453,6388645
2009-08-04,0.5708619952201843,0.5807049870491028,0.561020016670227,0.5708619952201843,0.41948390007019043,5185694
2009-08-05,0.561020016670227,0.561020016670227,0.5511770248413086,0.5511770248413086,0.4050188362598419,1584969
2009-08-06,0.5511770248413086,0.561020016670227,0.5314919948577881,0.561020016670227,0.412251740694046,1572777
2009-08-07,0.561020016670227,0.5708619952201843,0.5314919948577881,0.5314919948577881,0.3905538022518158,2580020
2009-08-10,0.5413349866867065,0.5511770248413086,0.5314919948577881,0.5413349866867065,0.3977867066860199,839322
2009-08-11,0.5314919948577881,0.5413349866867065,0.5118079781532288,0.5413349866867065,0.3977867066860199,1188727
2009-08-12,0.5118079781532288,0.5216500163078308,0.5118079781532288,0.5216500163078308,0.38332170248031616,499874
2009-08-13,0.5216500163078308,0.5314919948577881,0.5118079781532288,0.5118079781532288,0.37608951330184937,1780042
2009-08-14,0.5216500163078308,0.5314919948577881,0.5216500163078308,0.5314919948577881,0.3905538022518158,1105414
2009-08-17,0.5118079781532288,0.5118079781532288,0.5019649863243103,0.5118079781532288,0.37608951330184937,1044454
2009-08-18,0.5019649863243103,0.5118079781532288,0.492123007774353,0.5019649863243103,0.36885660886764526,2139708
2009-08-19,0.5118079781532288,0.5118079781532288,0.492123007774353,0.492123007774353,0.36162447929382324,995304
2009-08-20,0.492123007774353,0.5118079781532288,0.492123007774353,0.5118079781532288,0.37608951330184937,699012
2009-08-21,0.5019649863243103,0.5118079781532288,0.5019649863243103,0.5118079781532288,0.37608951330184937,753876
2009-08-24,0.5216500163078308,0.5216500163078308,0.5019649863243103,0.5019649863243103,0.36885660886764526,621795
2009-08-25,0.5019649863243103,0.5019649863243103,0.492123007774353,0.5019649863243103,0.36885660886764526,432818
2009-08-26,0.5118079781532288,0.5216500163078308,0.5118079781532288,0.5118079781532288,0.37608951330184937,711204
2009-08-27,0.5118079781532288,0.5118079781532288,0.5019649863243103,0.5118079781532288,0.37608951330184937,83312
2009-08-28,0.5019649863243103,0.5019649863243103,0.492123007774353,0.492123007774353,0.36162447929382324,1438664
2009-08-31,0.4872010052204132,0.492123007774353,0.4822799861431122,0.492123007774353,0.36162447929382324,386082
2009-09-01,0.4822799861431122,0.4872010052204132,0.4822799861431122,0.4822799861431122,0.35439154505729675,762410
2009-09-02,0.4724380075931549,0.4822799861431122,0.4724380075931549,0.4724380075931549,0.3471594750881195,390146
2009-09-03,0.4724380075931549,0.492123007774353,0.4724380075931549,0.4872010052204132,0.35800763964653015,373890
2009-09-04,0.4822799861431122,0.5019649863243103,0.47735899686813354,0.492123007774353,0.36162447929382324,609603
2009-09-07,0.492123007774353,0.5019649863243103,0.4822799861431122,0.5019649863243103,0.36885660886764526,447347
2009-09-08,0.492123007774353,0.5019649863243103,0.4872010052204132,0.5019649863243103,0.36885660886764526,1274071
2009-09-09,0.492123007774353,0.492123007774353,0.4872010052204132,0.492123007774353,0.36162447929382324,744571
2009-09-10,0.492123007774353,0.5019649863243103,0.492123007774353,0.5019649863243103,0.36885660886764526,1444760
2009-09-11,0.5019649863243103,0.5019649863243103,0.492123007774353,0.5019649863243103,0.36885660886764526,713236
2009-09-14,0.5019649863243103,0.5019649863243103,0.492123007774353,0.492123007774353,0.36162447929382324,953013
2009-09-15,0.492123007774353,0.492123007774353,0.4822799861431122,0.4872010052204132,0.35800763964653015,568963
2009-09-16,0.4872010052204132,0.5019649863243103,0.4872010052204132,0.492123007774353,0.36162447929382324,1095254
2009-09-17,0.492123007774353,0.5019649863243103,0.492123007774353,0.5019649863243103,0.36885660886764526,1081030
2009-09-18,0.5019649863243103,0.5019649863243103,0.492123007774353,0.5019649863243103,0.36885660886764526,894085
2009-09-21,0.492123007774353,0.5019649863243103,0.492123007774353,0.492123007774353,0.36162447929382324,510035
2009-09-22,0.4872010052204132,0.492123007774353,0.4872010052204132,0.4872010052204132,0.35800763964653015,343410
2009-09-23,0.4872010052204132,0.492123007774353,0.4872010052204132,0.4872010052204132,0.35800763964653015,117856
2009-09-24,0.4822799861431122,0.4872010052204132,0.47735899686813354,0.4822799861431122,0.35439154505729675,353570
2009-09-25,0.47735899686813354,0.4822799861431122,0.4724380075931549,0.4724380075931549,0.3471594750881195,475490
2009-09-28,0.4724380075931549,0.4724380075931549,0.4675160050392151,0.4675160050392151,0.3435426354408264,717300
2009-09-29,0.4675160050392151,0.4724380075931549,0.4675160050392151,0.4724380075931549,0.3471594750881195,707140
2009-09-30,0.4675160050392151,0.4724380075931549,0.4675160050392151,0.4675160050392151,0.3435426354408264,199137
2009-10-02,0.46259498596191406,0.46259498596191406,0.4576739966869354,0.4576739966869354,0.3363104462623596,99568
2009-10-05,0.4527530074119568,0.46259498596191406,0.4527530074119568,0.4576739966869354,0.3363104462623596,302769
2009-10-06,0.4527530074119568,0.4675160050392151,0.4527530074119568,0.4576739966869354,0.3363104462623596,1146054
2009-10-07,0.4527530074119568,0.4675160050392151,0.4527530074119568,0.46259498596191406,0.33992648124694824,406402
2009-10-08,0.4576739966869354,0.4675160050392151,0.4576739966869354,0.46259498596191406,0.33992648124694824,203201
2009-10-09,0.4576739966869354,0.4675160050392151,0.4576739966869354,0.46259498596191406,0.33992648124694824,217425
2009-10-12,0.4576739966869354,0.46259498596191406,0.4576739966869354,0.4576739966869354,0.3363104462623596,434850
2009-10-13,0.4527530074119568,0.5314919948577881,0.4527530074119568,0.492123007774353,0.36162447929382324,4244873
2009-10-14,0.5019649863243103,0.5019649863243103,0.4872010052204132,0.492123007774353,0.36162447929382324,2117356
2009-10-15,0.492123007774353,0.5216500163078308,0.4822799861431122,0.4822799861431122,0.35439154505729675,1481336
2009-10-16,0.4822799861431122,0.4872010052204132,0.4822799861431122,0.4872010052204132,0.35800763964653015,401322
2009-10-19,0.4872010052204132,0.5216500163078308,0.4872010052204132,0.5019649863243103,0.36885660886764526,6977929
2009-10-20,0.5118079781532288,0.5216500163078308,0.5019649863243103,0.5019649863243103,0.36885660886764526,1761754
2009-10-21,0.5118079781532288,0.5314919948577881,0.5019649863243103,0.5216500163078308,0.38332170248031616,3509284
2009-10-22,0.5118079781532288,0.5118079781532288,0.5019649863243103,0.5118079781532288,0.37608951330184937,2281949
2009-10-23,0.5118079781532288,0.5216500163078308,0.5118079781532288,0.5216500163078308,0.38332170248031616,1956827
2009-10-27,0.5019649863243103,0.5118079781532288,0.492123007774353,0.5019649863243103,0.36885660886764526,1777400
2009-10-28,0.5019649863243103,0.5019649863243103,0.492123007774353,0.5019649863243103,0.36885660886764526,794516
2009-10-29,0.492123007774353,0.492123007774353,0.4822799861431122,0.4872010052204132,0.35800763964653015,804676
2009-10-30,0.5019649863243103,0.5019649863243103,0.492123007774353,0.492123007774353,0.36162447929382324,319025
2009-11-02,0.492123007774353,0.5118079781532288,0.4822799861431122,0.5019649863243103,0.36885660886764526,2980961
2009-11-03,0.492123007774353,0.492123007774353,0.4872010052204132,0.492123007774353,0.36162447929382324,788420
2009-11-04,0.4872010052204132,0.492123007774353,0.4872010052204132,0.492123007774353,0.36162447929382324,249937
2009-11-05,0.492123007774353,0.5019649863243103,0.492123007774353,0.492123007774353,0.36162447929382324,831092
2009-11-06,0.492123007774353,0.5118079781532288,0.492123007774353,0.5019649863243103,0.36885660886764526,564899
2009-11-09,0.5118079781532288,0.5511770248413086,0.5118079781532288,0.5413349866867065,0.3977867066860199,7219738
2009-11-10,0.561020016670227,0.561020016670227,0.5118079781532288,0.5118079781532288,0.37608951330184937,1599193
2009-11-11,0.5216500163078308,0.5314919948577881,0.5118079781532288,0.5314919948577881,0.3905538022518158,924565
2009-11-12,0.5314919948577881,0.5314919948577881,0.5118079781532288,0.5216500163078308,0.38332170248031616,1083062
2009-11-13,0.5216500163078308,0.5216500163078308,0.5118079781532288,0.5216500163078308,0.38332170248031616,514099
2009-11-16,0.5216500163078308,0.5314919948577881,0.5216500163078308,0.5314919948577881,0.3905538022518158,1303799
2009-11-17,0.5216500163078308,0.5314919948577881,0.5118079781532288,0.5216500163078308,0.38332170248031616,1001781
2009-11-18,0.5216500163078308,0.5314919948577881,0.5216500163078308,0.5314919948577881,0.3905538022518158,1093630
2009-11-19,0.5216500163078308,0.5314919948577881,0.5118079781532288,0.5118079781532288,0.37608951330184937,1298455
2009-11-20,0.5118079781532288,0.5118079781532288,0.5019649863243103,0.5118079781532288,0.37608951330184937,808740
2009-11-23,0.5118079781532288,0.5216500163078308,0.5118079781532288,0.5216500163078308,0.38332170248031616,1257815
2009-11-24,0.5216500163078308,0.5314919948577881,0.5118079781532288,0.5118079781532288,0.37608951330184937,611635
2009-11-25,0.5118079781532288,0.5216500163078308,0.5019649863243103,0.5118079781532288,0.37608951330184937,591315
2009-11-26,0.5118079781532288,0.5118079781532288,0.5019649863243103,0.5019649863243103,0.36885660886764526,497842
2009-11-27,0.492123007774353,0.5019649863243103,0.46259498596191406,0.4675160050392151,0.3435426354408264,4525285
2009-11-30,0.47735899686813354,0.5019649863243103,0.47735899686813354,0.492123007774353,0.36162447929382324,1489464
2009-12-01,0.492123007774353,0.5019649863243103,0.4822799861431122,0.4822799861431122,0.35439154505729675,652275
2009-12-02,0.492123007774353,0.5118079781532288,0.492123007774353,0.5118079781532288,0.37608951330184937,770132
2009-12-03,0.5019649863243103,0.5118079781532288,0.5019649863243103,0.5019649863243103,0.36885660886764526,906277
2009-12-04,0.492123007774353,0.5118079781532288,0.492123007774353,0.5118079781532288,0.37608951330184937,772164
2009-12-07,0.5118079781532288,0.5118079781532288,0.5019649863243103,0.5118079781532288,0.37608951330184937,593347
2009-12-08,0.5019649863243103,0.5118079781532288,0.492123007774353,0.492123007774353,0.36162447929382324,1005845
2009-12-09,0.492123007774353,0.5019649863243103,0.492123007774353,0.5019649863243103,0.36885660886764526,844615
2009-12-10,0.5118079781532288,0.5118079781532288,0.5019649863243103,0.5118079781532288,0.37608951330184937,1089158
2009-12-11,0.5118079781532288,0.5118079781532288,0.5019649863243103,0.5019649863243103,0.36885660886764526,670563
2009-12-14,0.5118079781532288,0.5314919948577881,0.5019649863243103,0.5314919948577881,0.3905538022518158,2466862
2009-12-15,0.5118079781532288,0.5216500163078308,0.5019649863243103,0.5118079781532288,0.37608951330184937,1566681
2009-12-16,0.5118079781532288,0.5216500163078308,0.5019649863243103,0.5216500163078308,0.38332170248031616,1538233
2009-12-17,0.5216500163078308,0.5216500163078308,0.5019649863243103,0.5019649863243103,0.36885660886764526,658371
2009-12-18,0.5118079781532288,0.5314919948577881,0.4872010052204132,0.5118079781532288,0.37608951330184937,3854726
2009-12-21,0.5118079781532288,0.5118079781532288,0.492123007774353,0.492123007774353,0.36162447929382324,1064774
2009-12-22,0.5019649863243103,0.5019649863243103,0.492123007774353,0.492123007774353,0.36162447929382324,932693
2009-12-23,0.492123007774353,0.5118079781532288,0.492123007774353,0.5019649863243103,0.36885660886764526,367794
2009-12-24,0.5019649863243103,0.5019649863243103,0.492123007774353,0.5019649863243103,0.36885660886764526,991621
2009-12-28,0.5118079781532288,0.5216500163078308,0.5118079781532288,0.5216500163078308,0.38332170248031616,1483368
2009-12-29,0.5118079781532288,0.5216500163078308,0.5019649863243103,0.5216500163078308,0.38332170248031616,831092
2009-12-30,0.5019649863243103,0.5118079781532288,0.5019649863243103,0.5118079781532288,0.37608951330184937,688852
2009-12-31,0.5118079781532288,0.5216500163078308,0.5118079781532288,0.5118079781532288,0.37608951330184937,585219
2010-01-04,0.5118079781532288,0.5216500163078308,0.5019649863243103,0.5118079781532288,0.37608951330184937,898335
2010-01-05,0.5118079781532288,0.5413349866867065,0.5118079781532288,0.5314919948577881,0.3905538022518158,4479346
2010-01-06,0.5413349866867065,0.561020016670227,0.5314919948577881,0.5511770248413086,0.4050188362598419,3956327
2010-01-07,0.5413349866867065,0.6102319955825806,0.5413349866867065,0.5905470252037048,0.433948814868927,10808271
2010-01-08,0.6102319955825806,0.6692870259284973,0.5905470252037048,0.6496019959449768,0.4773440659046173,19432130
2010-01-11,0.6496019959449768,0.6594439744949341,0.6102319955825806,0.620074987411499,0.4556468725204468,8901482
2010-01-12,0.6299170255661011,0.6397600173950195,0.620074987411499,0.6299170255661011,0.4628790616989136,2503438
2010-01-13,0.620074987411499,0.6397600173950195,0.6003900170326233,0.6003900170326233,0.4411817789077759,4322089
2010-01-14,0.6102319955825806,0.6299170255661011,0.6102319955825806,0.620074987411499,0.4556468725204468,2353069
2010-01-15,0.6299170255661011,0.6397600173950195,0.6299170255661011,0.6397600173950195,0.4701118767261505,1477272
2010-01-18,0.6692870259284973,0.688971996307373,0.6496019959449768,0.6791290044784546,0.49904125928878784,7771866
2010-01-19,0.6988139748573303,0.7086570262908936,0.6692870259284973,0.6791290044784546,0.49904125928878784,4464330
2010-01-20,0.688971996307373,0.688971996307373,0.6397600173950195,0.6496019959449768,0.4773440659046173,3299987
2010-01-21,0.6594439744949341,0.6594439744949341,0.6003900170326233,0.6299170255661011,0.4628790616989136,3336563
2010-01-22,0.620074987411499,0.6299170255661011,0.5905470252037048,0.6299170255661011,0.4628790616989136,4260114
2010-01-25,0.620074987411499,0.6496019959449768,0.620074987411499,0.6496019959449768,0.4773440659046173,2670063
2010-01-26,0.6594439744949341,0.6594439744949341,0.620074987411499,0.620074987411499,0.4556468725204468,3045985
2010-01-27,0.620074987411499,0.6299170255661011,0.6003900170326233,0.6003900170326233,0.4411817789077759,1656089
2010-01-28,0.6102319955825806,0.620074987411499,0.6003900170326233,0.620074987411499,0.4556468725204468,1739402
2010-01-29,0.620074987411499,0.6299170255661011,0.620074987411499,0.620074987411499,0.4556468725204468,1174502
2010-02-01,0.620074987411499,0.6397600173950195,0.620074987411499,0.6299170255661011,0.4628790616989136,670563
2010-02-02,0.6299170255661011,0.6594439744949341,0.620074987411499,0.620074987411499,0.4556468725204468,1400056
2010-02-03,0.620074987411499,0.6594439744949341,0.620074987411499,0.6496019959449768,0.4773440659046173,1664421
2010-02-04,0.6397600173950195,0.6397600173950195,0.620074987411499,0.620074987411499,0.4556468725204468,829060
2010-02-05,0.6003900170326233,0.6102319955825806,0.6003900170326233,0.6003900170326233,0.4411817789077759,1070870
2010-02-08,0.6003900170326233,0.6003900170326233,0.6003900170326233,0.6003900170326233,0.4411817789077759,863605
2010-02-09,0.5905470252037048,0.6496019959449768,0.5905470252037048,0.620074987411499,0.4556468725204468,2868762
2010-02-10,0.620074987411499,0.6397600173950195,0.6102319955825806,0.620074987411499,0.4556468725204468,1593097
2010-02-11,0.620074987411499,0.6299170255661011,0.620074987411499,0.6299170255661011,0.4628790616989136,1559135
2010-02-12,0.6299170255661011,0.6397600173950195,0.6299170255661011,0.6299170255661011,0.4628790616989136,885957
2010-02-17,0.6397600173950195,0.6397600173950195,0.6299170255661011,0.6397600173950195,0.4701118767261505,1706890
2010-02-18,0.6299170255661011,0.6299170255661011,0.620074987411499,0.6299170255661011,0.4628790616989136,609603
2010-02-19,0.620074987411499,0.620074987411499,0.6102319955825806,0.6102319955825806,0.4484138488769531,1131830
2010-02-22,0.6299170255661011,0.6299170255661011,0.6102319955825806,0.620074987411499,0.4556468725204468,688852
2010-02-23,0.6102319955825806,0.6397600173950195,0.6102319955825806,0.6299170255661011,0.4628790616989136,1255783
2010-02-24,0.620074987411499,0.6299170255661011,0.620074987411499,0.6299170255661011,0.4628790616989136,829060
2010-02-25,0.6299170255661011,0.6299170255661011,0.620074987411499,0.620074987411499,0.4556468725204468,111760
2010-02-26,0.620074987411499,0.6299170255661011,0.620074987411499,0.6299170255661011,0.4628790616989136,294641
2010-03-01,0.6299170255661011,0.6299170255661011,0.6102319955825806,0.6102319955825806,0.4484138488769531,2025915
2010-03-02,0.6102319955825806,0.6299170255661011,0.6102319955825806,0.620074987411499,0.4556468725204468,599443
2010-03-03,0.620074987411499,0.6299170255661011,0.620074987411499,0.6299170255661011,0.4628790616989136,566931
2010-03-04,0.620074987411499,0.6299170255661011,0.620074987411499,0.6299170255661011,0.4628790616989136,65024
2010-03-05,0.6397600173950195,0.6496019959449768,0.6299170255661011,0.6496019959449768,0.4773440659046173,2745248
2010-03-08,0.6496019959449768,0.6496019959449768,0.6397600173950195,0.6397600173950195,0.4701118767261505,1341127
2010-03-09,0.6397600173950195,0.6397600173950195,0.6299170255661011,0.6299170255661011,0.4628790616989136,1867419
2010-03-10,0.6299170255661011,0.6299170255661011,0.620074987411499,0.6299170255661011,0.4628790616989136,926597
2010-03-11,0.6299170255661011,0.6299170255661011,0.620074987411499,0.620074987411499,0.4556468725204468,341378
2010-03-12,0.620074987411499,0.6299170255661011,0.620074987411499,0.6299170255661011,0.4628790616989136,445010
2010-03-15,0.620074987411499,0.6299170255661011,0.620074987411499,0.620074987411499,0.4556468725204468,1168406
2010-03-16,0.620074987411499,0.6299170255661011,0.620074987411499,0.620074987411499,0.4556468725204468,550675
2010-03-17,0.6299170255661011,0.6299170255661011,0.620074987411499,0.6299170255661011,0.4628790616989136,1089361
2010-03-18,0.6397600173950195,0.688971996307373,0.6299170255661011,0.6594439744949341,0.48457616567611694,11109009
2010-03-19,0.6594439744949341,0.6594439744949341,0.6397600173950195,0.6397600173950195,0.4701118767261505,1869451
2010-03-22,0.6496019959449768,0.6496019959449768,0.6299170255661011,0.6496019959449768,0.4773440659046173,2830592
2010-03-23,0.6594439744949341,0.7086570262908936,0.6594439744949341,0.6988139748573303,0.513506293296814,13132893
2010-03-24,0.7086570262908936,0.7381839752197266,0.6692870259284973,0.6791290044784546,0.49904125928878784,8676691
2010-03-25,0.6791290044784546,0.6791290044784546,0.6594439744949341,0.6692870259284973,0.49180904030799866,3214642
2010-03-26,0.6692870259284973,0.688971996307373,0.6692870259284973,0.688971996307373,0.5062740445137024,2365261
2010-03-29,0.688971996307373,0.7381839752197266,0.688971996307373,0.7283419966697693,0.535204291343689,7101069
2010-03-30,0.7381839752197266,0.7578690052032471,0.7381839752197266,0.7480270266532898,0.5496692657470703,3962423
2010-03-31,0.7480270266532898,0.7480270266532898,0.7184990048408508,0.7184990048408508,0.5279713273048401,3021601
2010-04-01,0.7283419966697693,0.7381839752197266,0.688971996307373,0.6988139748573303,0.513506293296814,5151150
2010-04-07,0.688971996307373,0.7086570262908936,0.6692870259284973,0.6988139748573303,0.513506293296814,9157083
2010-04-08,0.6988139748573303,0.7184990048408508,0.6988139748573303,0.7184990048408508,0.5279713273048401,3078498
2010-04-09,0.7184990048408508,0.7283419966697693,0.6988139748573303,0.7283419966697693,0.535204291343689,2379486
2010-04-12,0.7381839752197266,0.7381839752197266,0.7086570262908936,0.7184990048408508,0.5279713273048401,1784106
2010-04-13,0.6988139748573303,0.6988139748573303,0.688971996307373,0.6988139748573303,0.513506293296814,725428
2010-04-14,0.688971996307373,0.7578690052032471,0.688971996307373,0.7578690052032471,0.5569013357162476,3360947
2010-04-15,0.7578690052032471,0.7578690052032471,0.7283419966697693,0.7480270266532898,0.5496692657470703,4198136
2010-04-16,0.7480270266532898,0.7480270266532898,0.7184990048408508,0.7381839752197266,0.5424362421035767,1416312
2010-04-19,0.7086570262908936,0.7283419966697693,0.6988139748573303,0.7086570262908936,0.5207391381263733,2771664
2010-04-20,0.7184990048408508,0.7184990048408508,0.6988139748573303,0.7086570262908936,0.5207391381263733,810554
2010-04-21,0.7086570262908936,0.7184990048408508,0.6988139748573303,0.7184990048408508,0.5279713273048401,1111510
2010-04-22,0.7086570262908936,0.7086570262908936,0.6988139748573303,0.6988139748573303,0.513506293296814,390146
2010-04-23,0.7086570262908936,0.7086570262908936,0.688971996307373,0.7086570262908936,0.5207391381263733,943056
2010-04-26,0.6988139748573303,0.7086570262908936,0.688971996307373,0.6988139748573303,0.513506293296814,2066556
2010-04-27,0.688971996307373,0.6988139748573303,0.688971996307373,0.688971996307373,0.5062740445137024,694948
2010-04-28,0.6791290044784546,0.688971996307373,0.6594439744949341,0.688971996307373,0.5062740445137024,1544329
2010-04-29,0.6692870259284973,0.6692870259284973,0.6496019959449768,0.6594439744949341,0.48457616567611694,2227085
2010-04-30,0.6496019959449768,0.6791290044784546,0.6397600173950195,0.6594439744949341,0.48457616567611694,2381518
2010-05-03,0.6496019959449768,0.6496019959449768,0.6299170255661011,0.6496019959449768,0.4773440659046173,538483
2010-05-04,0.6397600173950195,0.6397600173950195,0.6102319955825806,0.6102319955825806,0.4484138488769531,1735338
2010-05-05,0.6102319955825806,0.620074987411499,0.5807049870491028,0.5905470252037048,0.433948814868927,1822714
2010-05-06,0.5807049870491028,0.6003900170326233,0.5413349866867065,0.5708619952201843,0.41948390007019043,2560335
2010-05-07,0.5511770248413086,0.561020016670227,0.5314919948577881,0.5314919948577881,0.3905538022518158,5569744
2010-05-10,0.5413349866867065,0.561020016670227,0.5413349866867065,0.5511770248413086,0.4050188362598419,1385832
2010-05-11,0.5511770248413086,0.5708619952201843,0.5511770248413086,0.561020016670227,0.412251740694046,2999249
2010-05-12,0.5708619952201843,0.5708619952201843,0.5511770248413086,0.5511770248413086,0.4050188362598419,302769
2010-05-13,0.561020016670227,0.5807049870491028,0.5511770248413086,0.5708619952201843,0.41948390007019043,959109
2010-05-14,0.561020016670227,0.5905470252037048,0.561020016670227,0.5708619952201843,0.41948390007019043,985525
2010-05-17,0.5511770248413086,0.5511770248413086,0.5118079781532288,0.5314919948577881,0.3905538022518158,2513598
2010-05-18,0.5314919948577881,0.5314919948577881,0.5216500163078308,0.5314919948577881,0.3905538022518158,455170
2010-05-19,0.5216500163078308,0.5314919948577881,0.5118079781532288,0.5118079781532288,0.37608951330184937,1020070
2010-05-20,0.5118079781532288,0.5118079781532288,0.4724380075931549,0.4822799861431122,0.35439154505729675,3712485
2010-05-24,0.4822799861431122,0.5019649863243103,0.47735899686813354,0.492123007774353,0.36162447929382324,953013
2010-05-25,0.492123007774353,0.492123007774353,0.4675160050392151,0.4675160050392151,0.3435426354408264,1505720
2010-05-26,0.4724380075931549,0.47735899686813354,0.46259498596191406,0.4724380075931549,0.3471594750881195,2756221
2010-05-27,0.4724380075931549,0.492123007774353,0.4724380075931549,0.4872010052204132,0.35800763964653015,1221239
2010-05-28,0.5019649863243103,0.5216500163078308,0.5019649863243103,0.5216500163078308,0.38332170248031616,2600975
2010-05-31,0.5216500163078308,0.5314919948577881,0.5118079781532288,0.5118079781532288,0.37608951330184937,264161
2010-06-01,0.5314919948577881,0.5314919948577881,0.5019649863243103,0.5118079781532288,0.37608951330184937,658371
2010-06-02,0.5019649863243103,0.5019649863243103,0.492123007774353,0.5019649863243103,0.36885660886764526,969269
2010-06-03,0.5019649863243103,0.5118079781532288,0.5019649863243103,0.5019649863243103,0.36885660886764526,1343972
2010-06-04,0.5019649863243103,0.5216500163078308,0.5019649863243103,0.5216500163078308,0.38332170248031616,339346
2010-06-07,0.492123007774353,0.5216500163078308,0.492123007774353,0.5019649863243103,0.36885660886764526,987557
2010-06-08,0.5118079781532288,0.5118079781532288,0.5019649863243103,0.5118079781532288,0.37608951330184937,247905
2010-06-09,0.5118079781532288,0.5118079781532288,0.492123007774353,0.492123007774353,0.36162447929382324,672595
2010-06-10,0.5019649863243103,0.5118079781532288,0.5019649863243103,0.5118079781532288,0.37608951330184937,546611
2010-06-11,0.5118079781532288,0.5216500163078308,0.5118079781532288,0.5118079781532288,0.37608951330184937,866653
2010-06-14,0.5118079781532288,0.5314919948577881,0.5118079781532288,0.5314919948577881,0.3905538022518158,481586
2010-06-15,0.5314919948577881,0.5314919948577881,0.5118079781532288,0.5216500163078308,0.38332170248031616,394210
2010-06-17,0.5314919948577881,0.5413349866867065,0.5216500163078308,0.5314919948577881,0.3905538022518158,296673
2010-06-18,0.5314919948577881,0.5413349866867065,0.5314919948577881,0.5314919948577881,0.3905538022518158,209297
2010-06-21,0.5413349866867065,0.5511770248413086,0.5413349866867065,0.5511770248413086,0.4050188362598419,357634
2010-06-22,0.5511770248413086,0.5511770248413086,0.5413349866867065,0.5413349866867065,0.3977867066860199,763061
2010-06-23,0.5314919948577881,0.5511770248413086,0.5314919948577881,0.5413349866867065,0.3977867066860199,577091
2010-06-24,0.5511770248413086,0.561020016670227,0.5511770248413086,0.561020016670227,0.412251740694046,922635
2010-06-25,0.561020016670227,0.561020016670227,0.5511770248413086,0.5511770248413086,0.4050188362598419,495810
2010-06-28,0.561020016670227,0.5708619952201843,0.561020016670227,0.561020016670227,0.412251740694046,808740
2010-06-29,0.561020016670227,0.5905470252037048,0.5511770248413086,0.5708619952201843,0.41948390007019043,2072652
2010-06-30,0.561020016670227,0.5708619952201843,0.561020016670227,0.5708619952201843,0.41948390007019043,991621
2010-07-02,0.561020016670227,0.5708619952201843,0.561020016670227,0.561020016670227,0.412251740694046,251969
2010-07-05,0.561020016670227,0.5708619952201843,0.5511770248413086,0.5511770248413086,0.4050188362598419,451106
2010-07-06,0.561020016670227,0.561020016670227,0.5413349866867065,0.5511770248413086,0.4050188362598419,274321
2010-07-07,0.5413349866867065,0.561020016670227,0.5413349866867065,0.561020016670227,0.412251740694046,278385
2010-07-08,0.561020016670227,0.561020016670227,0.5511770248413086,0.5511770248413086,0.4050188362598419,652275
2010-07-09,0.5511770248413086,0.561020016670227,0.5511770248413086,0.5511770248413086,0.4050188362598419,459234
2010-07-12,0.5511770248413086,0.5708619952201843,0.5511770248413086,0.561020016670227,0.412251740694046,733556
2010-07-13,0.561020016670227,0.561020016670227,0.5511770248413086,0.561020016670227,0.412251740694046,304801
2010-07-14,0.561020016670227,0.5905470252037048,0.561020016670227,0.5708619952201843,0.41948390007019043,1229367
2010-07-15,0.5708619952201843,0.5708619952201843,0.561020016670227,0.5708619952201843,0.41948390007019043,300737
2010-07-16,0.561020016670227,0.5807049870491028,0.5511770248413086,0.5708619952201843,0.41948390007019043,2013723
2010-07-19,0.5413349866867065,0.5807049870491028,0.5118079781532288,0.5413349866867065,0.3977867066860199,4866668
2010-07-20,0.5413349866867065,0.5511770248413086,0.5413349866867065,0.5413349866867065,0.3977867066860199,1020070
2010-07-21,0.5511770248413086,0.5511770248413086,0.5314919948577881,0.5413349866867065,0.3977867066860199,1528073
2010-07-22,0.5314919948577881,0.5314919948577881,0.5216500163078308,0.5314919948577881,0.3905538022518158,1099318
2010-07-23,0.5413349866867065,0.5511770248413086,0.5314919948577881,0.5511770248413086,0.4050188362598419,1564649
2010-07-26,0.5511770248413086,0.561020016670227,0.5413349866867065,0.5413349866867065,0.3977867066860199,1566681
2010-07-27,0.5413349866867065,0.5413349866867065,0.5413349866867065,0.5413349866867065,0.3977867066860199,510035
2010-07-28,0.5413349866867065,0.561020016670227,0.5413349866867065,0.5511770248413086,0.4050188362598419,1018038
2010-07-29,0.561020016670227,0.561020016670227,0.5413349866867065,0.5511770248413086,0.4050188362598419,508003
2010-07-30,0.5511770248413086,0.5511770248413086,0.5413349866867065,0.5511770248413086,0.4050188362598419,556771
2010-08-02,0.5708619952201843,0.620074987411499,0.5708619952201843,0.6003900170326233,0.4411817789077759,9357415
2010-08-03,0.5905470252037048,0.5905470252037048,0.5708619952201843,0.5708619952201843,0.41948390007019043,2511566
2010-08-04,0.5708619952201843,0.5905470252037048,0.5708619952201843,0.5905470252037048,0.433948814868927,1548393
2010-08-05,0.5807049870491028,0.5905470252037048,0.5708619952201843,0.5905470252037048,0.433948814868927,2565702
2010-08-06,0.5807049870491028,0.6003900170326233,0.5807049870491028,0.5905470252037048,0.433948814868927,1406152
2010-08-09,0.5807049870491028,0.5905470252037048,0.5708619952201843,0.5905470252037048,0.4370163381099701,1497592
2010-08-10,0.5807049870491028,0.5905470252037048,0.5708619952201843,0.5708619952201843,0.4224490225315094,950981
2010-08-11,0.5708619952201843,0.5807049870491028,0.561020016670227,0.561020016670227,0.4151657819747925,459234
2010-08-12,0.5511770248413086,0.561020016670227,0.5511770248413086,0.561020016670227,0.4151657819747925,73152
2010-08-13,0.561020016670227,0.5807049870491028,0.561020016670227,0.5708619952201843,0.4224490225315094,723396
2010-08-16,0.5708619952201843,0.5807049870491028,0.561020016670227,0.561020016670227,0.4151657819747925,733556
2010-08-17,0.5708619952201843,0.620074987411499,0.5708619952201843,0.5905470252037048,0.4370163381099701,4358665
2010-08-18,0.5905470252037048,0.5905470252037048,0.5905470252037048,0.5905470252037048,0.4370163381099701,1123194
2010-08-19,0.5905470252037048,0.6003900170326233,0.5905470252037048,0.5905470252037048,0.4370163381099701,1320807
2010-08-20,0.5905470252037048,0.6003900170326233,0.5807049870491028,0.6003900170326233,0.4443003237247467,1102306
2010-08-23,0.6003900170326233,0.6003900170326233,0.5807049870491028,0.5905470252037048,0.4370163381099701,692916
2010-08-24,0.5807049870491028,0.6003900170326233,0.5807049870491028,0.5807049870491028,0.4297329783439636,1162310
2010-08-25,0.5807049870491028,0.5905470252037048,0.5807049870491028,0.5807049870491028,0.4297329783439636,890021
2010-08-26,0.5807049870491028,0.6003900170326233,0.5807049870491028,0.5905470252037048,0.4370163381099701,2373390
2010-08-27,0.5905470252037048,0.5905470252037048,0.5807049870491028,0.5807049870491028,0.4297329783439636,839220
2010-08-30,0.5807049870491028,0.5807049870491028,0.5511770248413086,0.5511770248413086,0.4078817367553711,747780
2010-08-31,0.5413349866867065,0.5413349866867065,0.5413349866867065,0.5413349866867065,0.4005984961986542,955045
2010-09-01,0.5413349866867065,0.5413349866867065,0.5314919948577881,0.5413349866867065,0.4005984961986542,229617
2010-09-02,0.5413349866867065,0.561020016670227,0.5413349866867065,0.561020016670227,0.4151657819747925,359666
2010-09-03,0.561020016670227,0.561020016670227,0.5413349866867065,0.5413349866867065,0.4005984961986542,684788
2010-09-06,0.5511770248413086,0.561020016670227,0.5511770248413086,0.561020016670227,0.4151657819747925,1074934
2010-09-07,0.561020016670227,0.561020016670227,0.5511770248413086,0.561020016670227,0.4151657819747925,852266
2010-09-08,0.5413349866867065,0.5511770248413086,0.5413349866867065,0.5511770248413086,0.4078817367553711,233681
2010-09-09,0.5511770248413086,0.5807049870491028,0.5511770248413086,0.5807049870491028,0.4297329783439636,1047502
2010-09-10,0.5807049870491028,0.5807049870491028,0.5708619952201843,0.5708619952201843,0.4224490225315094,489714
2010-09-13,0.5905470252037048,0.5905470252037048,0.5708619952201843,0.5807049870491028,0.4297329783439636,1042422
2010-09-14,0.5708619952201843,0.5708619952201843,0.561020016670227,0.5708619952201843,0.4224490225315094,1096000
2010-09-15,0.561020016670227,0.561020016670227,0.5511770248413086,0.561020016670227,0.4151657819747925,373890
2010-09-16,0.5511770248413086,0.5708619952201843,0.5511770248413086,0.5708619952201843,0.4224490225315094,753876
2010-09-17,0.5708619952201843,0.5708619952201843,0.5511770248413086,0.5708619952201843,0.4224490225315094,477522
2010-09-20,0.5708619952201843,0.6003900170326233,0.5708619952201843,0.5905470252037048,0.4370163381099701,2663967
2010-09-21,0.6003900170326233,0.6003900170326233,0.6003900170326233,0.6003900170326233,0.4443003237247467,912373
2010-09-22,0.6003900170326233,0.6102319955825806,0.6003900170326233,0.6102319955825806,0.4515836536884308,1022102
2010-09-24,0.6003900170326233,0.620074987411499,0.6003900170326233,0.6102319955825806,0.4515836536884308,932693
2010-09-27,0.6102319955825806,0.6102319955825806,0.6003900170326233,0.6102319955825806,0.4515836536884308,1213111
2010-09-28,0.6003900170326233,0.6003900170326233,0.5905470252037048,0.6003900170326233,0.4443003237247467,339346
2010-09-29,0.6003900170326233,0.6003900170326233,0.5905470252037048,0.5905470252037048,0.4370163381099701,520195
2010-09-30,0.5905470252037048,0.5905470252037048,0.5807049870491028,0.5807049870491028,0.4297329783439636,711204
2010-10-04,0.5807049870491028,0.5905470252037048,0.5807049870491028,0.5807049870491028,0.4297329783439636,719332
2010-10-05,0.5807049870491028,0.5905470252037048,0.5708619952201843,0.5905470252037048,0.4370163381099701,623827
2010-10-06,0.5807049870491028,0.6003900170326233,0.5708619952201843,0.5807049870491028,0.4297329783439636,1691378
2010-10-07,0.5905470252037048,0.6003900170326233,0.5807049870491028,0.6003900170326233,0.4443003237247467,266498
2010-10-08,0.620074987411499,0.6692870259284973,0.620074987411499,0.6496019959449768,0.4807182252407074,7766349
2010-10-11,0.6496019959449768,0.6692870259284973,0.6397600173950195,0.6594439744949341,0.48800134658813477,4533418
2010-10-12,0.6692870259284973,0.6692870259284973,0.6397600173950195,0.6397600173950195,0.4734348952770233,1389896
2010-10-13,0.6397600173950195,0.6397600173950195,0.620074987411499,0.6299170255661011,0.4661509096622467,2186444
2010-10-14,0.6496019959449768,0.6496019959449768,0.6299170255661011,0.6299170255661011,0.4661509096622467,1251719
2010-10-15,0.620074987411499,0.6299170255661011,0.620074987411499,0.6299170255661011,0.4661509096622467,517147
2010-10-18,0.620074987411499,0.6299170255661011,0.6102319955825806,0.620074987411499,0.4588676691055298,615699
2010-10-19,0.620074987411499,0.620074987411499,0.6102319955825806,0.6102319955825806,0.4515836536884308,732540
2010-10-20,0.6102319955825806,0.620074987411499,0.6003900170326233,0.620074987411499,0.4588676691055298,770132
2010-10-21,0.620074987411499,0.620074987411499,0.6102319955825806,0.6102319955825806,0.4515836536884308,205233
2010-10-22,0.620074987411499,0.620074987411499,0.6003900170326233,0.6003900170326233,0.4443003237247467,1868536
2010-10-25,0.6102319955825806,0.620074987411499,0.6102319955825806,0.620074987411499,0.4588676691055298,692916
2010-10-26,0.620074987411499,0.620074987411499,0.6102319955825806,0.620074987411499,0.4588676691055298,864214
2010-10-27,0.6102319955825806,0.6102319955825806,0.5905470252037048,0.6003900170326233,0.4443003237247467,670563
2010-10-28,0.6003900170326233,0.6003900170326233,0.5905470252037048,0.6003900170326233,0.4443003237247467,174066
2010-10-29,0.6003900170326233,0.6003900170326233,0.5905470252037048,0.5905470252037048,0.4370163381099701,353570
2010-11-01,0.5905470252037048,0.6102319955825806,0.5905470252037048,0.6003900170326233,0.4443003237247467,735588
2010-11-02,0.6102319955825806,0.6102319955825806,0.5905470252037048,0.5905470252037048,0.4370163381099701,461266
2010-11-03,0.6003900170326233,0.6102319955825806,0.5905470252037048,0.6102319955825806,0.4515836536884308,922533
2010-11-04,0.6102319955825806,0.6102319955825806,0.6003900170326233,0.6102319955825806,0.4515836536884308,570995
2010-11-05,0.6102319955825806,0.620074987411499,0.6003900170326233,0.6003900170326233,0.4443003237247467,981461
2010-11-08,0.6102319955825806,0.6299170255661011,0.6102319955825806,0.6299170255661011,0.4661509096622467,1239527
2010-11-09,0.620074987411499,0.620074987411499,0.6102319955825806,0.620074987411499,0.4588676691055298,1046486
2010-11-10,0.6003900170326233,0.620074987411499,0.6003900170326233,0.620074987411499,0.4588676691055298,233782
2010-11-11,0.620074987411499,0.6397600173950195,0.6003900170326233,0.6299170255661011,0.4661509096622467,1223271
2010-11-12,0.620074987411499,0.6299170255661011,0.6102319955825806,0.6102319955825806,0.4515836536884308,1272039
2010-11-15,0.6102319955825806,0.6102319955825806,0.6003900170326233,0.6003900170326233,0.4443003237247467,369826
2010-11-16,0.6003900170326233,0.6102319955825806,0.5905470252037048,0.6003900170326233,0.4443003237247467,613667
2010-11-17,0.5905470252037048,0.5905470252037048,0.5807049870491028,0.5905470252037048,0.4370163381099701,1068838
2010-11-18,0.5905470252037048,0.5905470252037048,0.5807049870491028,0.5905470252037048,0.4370163381099701,546611
2010-11-19,0.5905470252037048,0.6003900170326233,0.5905470252037048,0.5905470252037048,0.4370163381099701,258065
2010-11-22,0.5905470252037048,0.5905470252037048,0.5807049870491028,0.5807049870491028,0.4297329783439636,355906
2010-11-23,0.5708619952201843,0.5807049870491028,0.5708619952201843,0.5807049870491028,0.4297329783439636,534419
2010-11-24,0.5807049870491028,0.5905470252037048,0.5807049870491028,0.5807049870491028,0.4297329783439636,32512
2010-11-25,0.5807049870491028,0.620074987411499,0.5807049870491028,0.6003900170326233,0.4443003237247467,1422281
2010-11-26,0.5708619952201843,0.5807049870491028,0.5708619952201843,0.5708619952201843,0.4224490225315094,1192791
2010-11-29,0.5708619952201843,0.5708619952201843,0.5413349866867065,0.561020016670227,0.4151657819747925,1253751
2010-11-30,0.5511770248413086,0.5511770248413086,0.5413349866867065,0.5413349866867065,0.4005984961986542,1132237
2010-12-01,0.5413349866867065,0.5511770248413086,0.5413349866867065,0.5511770248413086,0.4078817367553711,306833
2010-12-02,0.5511770248413086,0.561020016670227,0.5511770248413086,0.561020016670227,0.4151657819747925,737620
2010-12-03,0.561020016670227,0.561020016670227,0.5511770248413086,0.5511770248413086,0.4078817367553711,721364
2010-12-06,0.5511770248413086,0.561020016670227,0.5511770248413086,0.5511770248413086,0.4078817367553711,554739
2010-12-07,0.561020016670227,0.561020016670227,0.5511770248413086,0.5511770248413086,0.4078817367553711,386082
2010-12-08,0.5511770248413086,0.5511770248413086,0.5413349866867065,0.5413349866867065,0.4005984961986542,699012
2010-12-09,0.5511770248413086,0.5511770248413086,0.5413349866867065,0.5511770248413086,0.4078817367553711,333249
2010-12-10,0.5511770248413086,0.561020016670227,0.5413349866867065,0.5511770248413086,0.4078817367553711,776228
2010-12-13,0.5511770248413086,0.561020016670227,0.5511770248413086,0.5511770248413086,0.4078817367553711,290577
2010-12-14,0.5511770248413086,0.5511770248413086,0.5511770248413086,0.5511770248413086,0.4078817367553711,229617
2010-12-15,0.5413349866867065,0.5413349866867065,0.5413349866867065,0.5413349866867065,0.4005984961986542,2032
2010-12-16,0.5511770248413086,0.5511770248413086,0.5413349866867065,0.5413349866867065,0.4005984961986542,174753
2010-12-17,0.5413349866867065,0.5511770248413086,0.5413349866867065,0.5413349866867065,0.4005984961986542,377954
2010-12-20,0.5314919948577881,0.5413349866867065,0.5314919948577881,0.5413349866867065,0.4005984961986542,97536
2010-12-21,0.5413349866867065,0.5413349866867065,0.5413349866867065,0.5413349866867065,0.4005984961986542,330201
2010-12-22,0.5314919948577881,0.5511770248413086,0.5314919948577881,0.5413349866867065,0.4005984961986542,818900
2010-12-23,0.5511770248413086,0.5511770248413086,0.5413349866867065,0.5511770248413086,0.4078817367553711,989589
2010-12-24,0.561020016670227,0.561020016670227,0.561020016670227,0.561020016670227,0.4151657819747925,209297
2010-12-28,0.561020016670227,0.561020016670227,0.5511770248413086,0.561020016670227,0.4151657819747925,371858
2010-12-29,0.5511770248413086,0.561020016670227,0.5511770248413086,0.561020016670227,0.4151657819747925,121920
2010-12-30,0.561020016670227,0.561020016670227,0.5511770248413086,0.5511770248413086,0.4078817367553711,152400
2010-12-31,0.5511770248413086,0.5511770248413086,0.5511770248413086,0.5511770248413086,0.4078817367553711,0
2011-01-03,0.561020016670227,0.561020016670227,0.5511770248413086,0.561020016670227,0.4151657819747925,152400
2011-01-04,0.561020016670227,0.5905470252037048,0.561020016670227,0.5905470252037048,0.4370163381099701,904245
2011-01-05,0.5905470252037048,0.5905470252037048,0.5708619952201843,0.5708619952201843,0.4224490225315094,229617
2011-01-06,0.5708619952201843,0.6594439744949341,0.5708619952201843,0.6397600173950195,0.4734348952770233,10741215
2011-01-07,0.6397600173950195,0.6791290044784546,0.6397600173950195,0.6397600173950195,0.4734348952770233,9814617
2011-01-10,0.688971996307373,0.7283419966697693,0.6594439744949341,0.6692870259284973,0.4952855110168457,13382881
2011-01-11,0.6692870259284973,0.6692870259284973,0.6397600173950195,0.6692870259284973,0.4952855110168457,3572277
2011-01-12,0.6692870259284973,0.6692870259284973,0.6397600173950195,0.6496019959449768,0.4807182252407074,2399806
2011-01-13,0.6594439744949341,0.6594439744949341,0.6496019959449768,0.6496019959449768,0.4807182252407074,2775728
2011-01-14,0.6496019959449768,0.6496019959449768,0.620074987411499,0.6397600173950195,0.4734348952770233,2322589
2011-01-17,0.6397600173950195,0.6496019959449768,0.6102319955825806,0.620074987411499,0.4588676691055298,1603257
2011-01-18,0.620074987411499,0.620074987411499,0.6003900170326233,0.6102319955825806,0.4515836536884308,814836
2011-01-19,0.620074987411499,0.6299170255661011,0.6102319955825806,0.6299170255661011,0.4661509096622467,875797
2011-01-20,0.620074987411499,0.620074987411499,0.6003900170326233,0.620074987411499,0.4588676691055298,1044454
2011-01-21,0.6102319955825806,0.6102319955825806,0.6003900170326233,0.6102319955825806,0.4515836536884308,672595
2011-01-24,0.6102319955825806,0.620074987411499,0.6003900170326233,0.6003900170326233,0.4443003237247467,172721
2011-01-25,0.6003900170326233,0.6102319955825806,0.6003900170326233,0.6102319955825806,0.4515836536884308,400306
2011-01-26,0.6102319955825806,0.620074987411499,0.6003900170326233,0.620074987411499,0.4588676691055298,1300487
2011-01-27,0.620074987411499,0.620074987411499,0.6003900170326233,0.6003900170326233,0.4443003237247467,469394
2011-01-28,0.6003900170326233,0.620074987411499,0.6003900170326233,0.6102319955825806,0.4515836536884308,152400
2011-01-31,0.6003900170326233,0.6102319955825806,0.6003900170326233,0.6102319955825806,0.4515836536884308,457202
2011-02-01,0.6003900170326233,0.6102319955825806,0.6003900170326233,0.6102319955825806,0.4515836536884308,948949
2011-02-02,0.6003900170326233,0.6102319955825806,0.6003900170326233,0.6003900170326233,0.4443003237247467,207265
2011-02-07,0.6003900170326233,0.6003900170326233,0.6003900170326233,0.6003900170326233,0.4443003237247467,89408
2011-02-08,0.6102319955825806,0.6102319955825806,0.6003900170326233,0.6003900170326233,0.4443003237247467,286513
2011-02-09,0.6102319955825806,0.6102319955825806,0.6003900170326233,0.6003900170326233,0.4443003237247467,428754
2011-02-10,0.5905470252037048,0.6003900170326233,0.5905470252037048,0.5905470252037048,0.4370163381099701,650243
2011-02-11,0.5905470252037048,0.6003900170326233,0.5905470252037048,0.6003900170326233,0.4443003237247467,1412248
2011-02-14,0.6003900170326233,0.620074987411499,0.6003900170326233,0.6102319955825806,0.4515836536884308,841252
2011-02-15,0.6102319955825806,0.6102319955825806,0.5905470252037048,0.5905470252037048,0.4370163381099701,692916
2011-02-16,0.5905470252037048,0.5905470252037048,0.5905470252037048,0.5905470252037048,0.4370163381099701,158496
2011-02-17,0.6003900170326233,0.6003900170326233,0.5905470252037048,0.6003900170326233,0.4443003237247467,251969
2011-02-18,0.6003900170326233,0.6003900170326233,0.5905470252037048,0.6003900170326233,0.4443003237247467,485650
2011-02-21,0.6003900170326233,0.6003900170326233,0.5807049870491028,0.5807049870491028,0.4297329783439636,593347
2011-02-22,0.5807049870491028,0.5807049870491028,0.5708619952201843,0.5807049870491028,0.4297329783439636,1635769
2011-02-23,0.5708619952201843,0.5807049870491028,0.5708619952201843,0.5708619952201843,0.4224490225315094,615699
2011-02-24,0.5708619952201843,0.5708619952201843,0.5511770248413086,0.5511770248413086,0.4078817367553711,800612
2011-02-25,0.561020016670227,0.5708619952201843,0.5511770248413086,0.5708619952201843,0.4224490225315094,445010
2011-02-28,0.5708619952201843,0.5708619952201843,0.561020016670227,0.5708619952201843,0.4224490225315094,396242
2011-03-01,0.561020016670227,0.5708619952201843,0.561020016670227,0.5708619952201843,0.4224490225315094,290577
2011-03-02,0.561020016670227,0.5708619952201843,0.561020016670227,0.561020016670227,0.4151657819747925,314961
2011-03-03,0.5708619952201843,0.5708619952201843,0.561020016670227,0.561020016670227,0.4151657819747925,629923
2011-03-04,0.5708619952201843,0.5807049870491028,0.5708619952201843,0.5708619952201843,0.4224490225315094,733556
2011-03-07,0.5708619952201843,0.5708619952201843,0.5708619952201843,0.5708619952201843,0.4224490225315094,44704
2011-03-08,0.5708619952201843,0.5807049870491028,0.5708619952201843,0.5807049870491028,0.4297329783439636,463298
2011-03-09,0.5708619952201843,0.6397600173950195,0.5708619952201843,0.6003900170326233,0.4443003237247467,4769132
2011-03-10,0.6102319955825806,0.6102319955825806,0.5905470252037048,0.6003900170326233,0.4443003237247467,1857258
2011-03-11,0.5905470252037048,0.6003900170326233,0.5807049870491028,0.5905470252037048,0.4370163381099701,1453650
2011-03-14,0.5807049870491028,0.5905470252037048,0.5807049870491028,0.5905470252037048,0.4370163381099701,505970
2011-03-15,0.5807049870491028,0.5807049870491028,0.5511770248413086,0.561020016670227,0.4151657819747925,1676409
2011-03-16,0.561020016670227,0.5708619952201843,0.5511770248413086,0.5708619952201843,0.4224490225315094,563248
2011-03-17,0.5511770248413086,0.5511770248413086,0.5413349866867065,0.5413349866867065,0.4005984961986542,1820682
2011-03-18,0.5413349866867065,0.5511770248413086,0.5413349866867065,0.5511770248413086,0.4078817367553711,564899
2011-03-21,0.561020016670227,0.5807049870491028,0.561020016670227,0.5807049870491028,0.4297329783439636,794516
2011-03-22,0.5807049870491028,0.5807049870491028,0.5708619952201843,0.5708619952201843,0.4224490225315094,319787
2011-03-23,0.5708619952201843,0.5807049870491028,0.561020016670227,0.5807049870491028,0.4297329783439636,329185
2011-03-24,0.5708619952201843,0.5708619952201843,0.561020016670227,0.5708619952201843,0.4224490225315094,340870
2011-03-25,0.561020016670227,0.5708619952201843,0.561020016670227,0.5708619952201843,0.4224490225315094,408434
2011-03-28,0.5708619952201843,0.5708619952201843,0.5708619952201843,0.5708619952201843,0.4224490225315094,211329
2011-03-29,0.5708619952201843,0.5807049870491028,0.561020016670227,0.5708619952201843,0.4224490225315094,723396
2011-03-30,0.5708619952201843,0.5708619952201843,0.561020016670227,0.561020016670227,0.4151657819747925,501906
2011-03-31,0.5708619952201843,0.5708619952201843,0.561020016670227,0.561020016670227,0.4151657819747925,107696
2011-04-01,0.561020016670227,0.5708619952201843,0.561020016670227,0.5708619952201843,0.4224490225315094,871733
2011-04-04,0.5807049870491028,0.5807049870491028,0.561020016670227,0.5708619952201843,0.4224490225315094,532387
2011-04-06,0.5708619952201843,0.5708619952201843,0.561020016670227,0.561020016670227,0.4151657819747925,1300487
2011-04-07,0.561020016670227,0.5708619952201843,0.5511770248413086,0.561020016670227,0.4151657819747925,1022102
2011-04-08,0.561020016670227,0.561020016670227,0.561020016670227,0.561020016670227,0.4151657819747925,142240
2011-04-11,0.561020016670227,0.5708619952201843,0.5511770248413086,0.5708619952201843,0.4224490225315094,974451
2011-04-12,0.561020016670227,0.561020016670227,0.5511770248413086,0.5511770248413086,0.4078817367553711,30480
2011-04-13,0.561020016670227,0.5708619952201843,0.561020016670227,0.561020016670227,0.4151657819747925,729492
2011-04-14,0.561020016670227,0.5708619952201843,0.561020016670227,0.5708619952201843,0.4224490225315094,109830
2011-04-15,0.561020016670227,0.561020016670227,0.561020016670227,0.561020016670227,0.4151657819747925,75184
2011-04-18,0.561020016670227,0.561020016670227,0.5511770248413086,0.561020016670227,0.4151657819747925,398274
2011-04-19,0.5511770248413086,0.561020016670227,0.5511770248413086,0.561020016670227,0.4151657819747925,455170
2011-04-20,0.561020016670227,0.561020016670227,0.5511770248413086,0.561020016670227,0.4151657819747925,384050
2011-04-21,0.561020016670227,0.561020016670227,0.5511770248413086,0.5511770248413086,0.4078817367553711,350522
2011-04-26,0.5511770248413086,0.5708619952201843,0.5511770248413086,0.561020016670227,0.4151657819747925,1083062
2011-04-27,0.561020016670227,0.5708619952201843,0.5511770248413086,0.5511770248413086,0.4078817367553711,185116
2011-04-28,0.561020016670227,0.561020016670227,0.5511770248413086,0.561020016670227,0.4151657819747925,461266
2011-04-29,0.5511770248413086,0.561020016670227,0.5413349866867065,0.5511770248413086,0.4078817367553711,1804426
2011-05-03,0.5511770248413086,0.5511770248413086,0.5413349866867065,0.5511770248413086,0.4078817367553711,414530
2011-05-04,0.5413349866867065,0.5413349866867065,0.5314919948577881,0.5413349866867065,0.4005984961986542,564899
2011-05-05,0.5413349866867065,0.5413349866867065,0.5413349866867065,0.5413349866867065,0.4005984961986542,239777
2011-05-06,0.5314919948577881,0.5413349866867065,0.5314919948577881,0.5413349866867065,0.4005984961986542,416562
2011-05-09,0.5413349866867065,0.5413349866867065,0.5314919948577881,0.5413349866867065,0.4005984961986542,264161
2011-05-11,0.5413349866867065,0.5807049870491028,0.5314919948577881,0.5708619952201843,0.4224490225315094,3090690
2011-05-12,0.5708619952201843,0.5708619952201843,0.561020016670227,0.561020016670227,0.4151657819747925,666499
2011-05-13,0.561020016670227,0.561020016670227,0.5511770248413086,0.5511770248413086,0.4078817367553711,264161
2011-05-16,0.5511770248413086,0.5511770248413086,0.5413349866867065,0.5413349866867065,0.4005984961986542,400306
2011-05-17,0.5413349866867065,0.5413349866867065,0.5413349866867065,0.5413349866867065,0.4005984961986542,264161
2011-05-18,0.5511770248413086,0.5511770248413086,0.5413349866867065,0.5413349866867065,0.4005984961986542,749812
2011-05-19,0.5511770248413086,0.5511770248413086,0.5413349866867065,0.5413349866867065,0.4005984961986542,154432
2011-05-20,0.5413349866867065,0.5511770248413086,0.4822799861431122,0.5314919948577881,0.39331451058387756,3220739
2011-05-23,0.5216500163078308,0.5216500163078308,0.5118079781532288,0.5118079781532288,0.37874794006347656,156464
2011-05-24,0.5019649863243103,0.5216500163078308,0.5019649863243103,0.5118079781532288,0.37874794006347656,213361
2011-05-25,0.5019649863243103,0.5118079781532288,0.5019649863243103,0.5118079781532288,0.37874794006347656,593347
2011-05-26,0.5118079781532288,0.5413349866867065,0.5118079781532288,0.5314919948577881,0.39331451058387756,1962923
2011-05-27,0.5216500163078308,0.5314919948577881,0.5216500163078308,0.5216500163078308,0.3860311210155487,304801
2011-05-30,0.5118079781532288,0.5216500163078308,0.5118079781532288,0.5216500163078308,0.3860311210155487,296673
2011-05-31,0.5216500163078308,0.5216500163078308,0.5216500163078308,0.5216500163078308,0.3860311210155487,211329
2011-06-01,0.5216500163078308,0.5216500163078308,0.5216500163078308,0.5216500163078308,0.3860311210155487,361698
2011-06-02,0.5216500163078308,0.5216500163078308,0.5118079781532288,0.5216500163078308,0.3860311210155487,396242
2011-06-03,0.5314919948577881,0.5314919948577881,0.5216500163078308,0.5216500163078308,0.3860311210155487,56896
2011-06-07,0.5118079781532288,0.5118079781532288,0.5019649863243103,0.5118079781532288,0.37874794006347656,623827
2011-06-08,0.5118079781532288,0.5118079781532288,0.5118079781532288,0.5118079781532288,0.37874794006347656,83312
2011-06-09,0.5118079781532288,0.5118079781532288,0.492123007774353,0.5019649863243103,0.3714638948440552,1289311
2011-06-10,0.5118079781532288,0.5118079781532288,0.5019649863243103,0.5019649863243103,0.3714638948440552,808740
2011-06-13,0.492123007774353,0.492123007774353,0.4822799861431122,0.492123007774353,0.3641805946826935,690884
2011-06-14,0.492123007774353,0.5019649863243103,0.492123007774353,0.5019649863243103,0.3714638948440552,892053
2011-06-15,0.4675160050392151,0.4724380075931549,0.4084619879722595,0.4084619879722595,0.3022698760032654,12570026
2011-06-16,0.4084619879722595,0.4084619879722595,0.3936980068683624,0.4035399854183197,0.29862743616104126,3503188
2011-06-17,0.39861899614334106,0.4035399854183197,0.3936980068683624,0.39861899614334106,0.2949858605861664,493778
2011-06-20,0.4035399854183197,0.41338300704956055,0.39861899614334106,0.4035399854183197,0.29862743616104126,1692665
2011-06-21,0.4035399854183197,0.4035399854183197,0.3936980068683624,0.4035399854183197,0.29862743616104126,865637
2011-06-22,0.4035399854183197,0.4035399854183197,0.3936980068683624,0.39861899614334106,0.2949858605861664,209297
2011-06-23,0.3887769877910614,0.4084619879722595,0.3887769877910614,0.3936980068683624,0.29134416580200195,288545
2011-06-24,0.3936980068683624,0.4084619879722595,0.3936980068683624,0.4084619879722595,0.3022698760032654,325121
2011-06-27,0.39861899614334106,0.4084619879722595,0.39861899614334106,0.4084619879722595,0.3022698760032654,132080
2011-06-28,0.39861899614334106,0.4035399854183197,0.3936980068683624,0.39861899614334106,0.2949858605861664,390146
2011-06-29,0.4084619879722595,0.4527530074119568,0.4084619879722595,0.43306800723075867,0.32047876715660095,4005095
2011-06-30,0.4379889965057373,0.44290998578071594,0.43306800723075867,0.43306800723075867,0.32047876715660095,1282199
2011-07-04,0.4232249855995178,0.44290998578071594,0.4232249855995178,0.44290998578071594,0.32776206731796265,922533
2011-07-05,0.44783198833465576,0.4527530074119568,0.44290998578071594,0.44290998578071594,0.32776206731796265,646179
2011-07-06,0.4379889965057373,0.4724380075931549,0.4379889965057373,0.4675160050392151,0.34597092866897583,3066306
2011-07-07,0.46259498596191406,0.4724380075931549,0.46259498596191406,0.4675160050392151,0.34597092866897583,961141
2011-07-08,0.4675160050392151,0.4675160050392151,0.46259498596191406,0.46259498596191406,0.3423292934894562,436882
2011-07-11,0.4576739966869354,0.4675160050392151,0.4527530074119568,0.4675160050392151,0.34597092866897583,304801
2011-07-12,0.4527530074119568,0.4527530074119568,0.44290998578071594,0.44290998578071594,0.32776206731796265,518163
2011-07-13,0.44290998578071594,0.44290998578071594,0.44290998578071594,0.44290998578071594,0.32776206731796265,10160
2011-07-14,0.44783198833465576,0.44783198833465576,0.44290998578071594,0.44783198833465576,0.3314043879508972,235713
2011-07-15,0.4675160050392151,0.4675160050392151,0.44290998578071594,0.44783198833465576,0.3314043879508972,300737
2011-07-18,0.4527530074119568,0.4527530074119568,0.44290998578071594,0.44290998578071594,0.32776206731796265,195073
2011-07-19,0.4379889965057373,0.4379889965057373,0.4379889965057373,0.4379889965057373,0.324120432138443,337313
2011-07-20,0.4379889965057373,0.4379889965057373,0.43306800723075867,0.43306800723075867,0.32047876715660095,599443
2011-07-21,0.43306800723075867,0.43306800723075867,0.4232249855995178,0.43306800723075867,0.32047876715660095,640083
2011-07-22,0.42814698815345764,0.43306800723075867,0.4232249855995178,0.43306800723075867,0.32047876715660095,508003
2011-07-25,0.4232249855995178,0.4232249855995178,0.41338300704956055,0.4183039963245392,0.3095531463623047,1688601
2011-07-26,0.4232249855995178,0.4232249855995178,0.4183039963245392,0.4232249855995178,0.31319472193717957,241809
2011-07-27,0.41338300704956055,0.4232249855995178,0.41338300704956055,0.4183039963245392,0.3095531463623047,457202
2011-07-28,0.41338300704956055,0.4183039963245392,0.41338300704956055,0.4183039963245392,0.3095531463623047,479554
2011-07-29,0.4183039963245392,0.42814698815345764,0.4183039963245392,0.42814698815345764,0.3168371319770813,347474
2011-08-01,0.42814698815345764,0.46259498596191406,0.42814698815345764,0.44290998578071594,0.32776206731796265,2901713
2011-08-02,0.4527530074119568,0.4527530074119568,0.44290998578071594,0.4527530074119568,0.33504611253738403,2127516
2011-08-03,0.4379889965057373,0.44783198833465576,0.4379889965057373,0.44783198833465576,0.3314043879508972,656339
2011-08-04,0.4527530074119568,0.4527530074119568,0.44783198833465576,0.44783198833465576,0.3314043879508972,814836
2011-08-05,0.43306800723075867,0.44290998578071594,0.41338300704956055,0.4232249855995178,0.31319472193717957,867669
2011-08-08,0.39861899614334106,0.4379889965057373,0.39861899614334106,0.41338300704956055,0.30591148138046265,558803
2011-08-09,0.38385599851608276,0.4183039963245392,0.38385599851608276,0.41338300704956055,0.30591148138046265,1757690
2011-08-10,0.41338300704956055,0.41338300704956055,0.3936980068683624,0.3936980068683624,0.29134416580200195,1241559
2011-08-11,0.3936980068683624,0.3936980068683624,0.3936980068683624,0.3936980068683624,0.29134416580200195,505970
2011-08-12,0.4035399854183197,0.4084619879722595,0.39861899614334106,0.39861899614334106,0.2949858605861664,371858
2011-08-15,0.3740130066871643,0.4035399854183197,0.3740130066871643,0.4035399854183197,0.29862743616104126,501906
2011-08-16,0.41338300704956055,0.41338300704956055,0.4035399854183197,0.4035399854183197,0.29862743616104126,321057
2011-08-17,0.3936980068683624,0.4035399854183197,0.3887769877910614,0.39861899614334106,0.2949858605861664,703076
2011-08-18,0.39861899614334106,0.4035399854183197,0.39861899614334106,0.4035399854183197,0.29862743616104126,690884
2011-08-19,0.39861899614334106,0.4035399854183197,0.3887769877910614,0.3887769877910614,0.2877025902271271,325121
2011-08-22,0.3887769877910614,0.3936980068683624,0.38385599851608276,0.3936980068683624,0.29134416580200195,824996
2011-08-23,0.38385599851608276,0.3887769877910614,0.37893399596214294,0.3887769877910614,0.2877025902271271,99568
2011-08-24,0.38385599851608276,0.3936980068683624,0.38385599851608276,0.3887769877910614,0.2877025902271271,357634
2011-08-25,0.3936980068683624,0.3936980068683624,0.3887769877910614,0.3887769877910614,0.2877025902271271,109728
2011-08-26,0.3936980068683624,0.3936980068683624,0.3936980068683624,0.3936980068683624,0.29134416580200195,40640
2011-08-29,0.39861899614334106,0.39861899614334106,0.3936980068683624,0.39861899614334106,0.2949858605861664,119888
2011-08-30,0.39861899614334106,0.4035399854183197,0.3936980068683624,0.4035399854183197,0.29862743616104126,337313
2011-08-31,0.39861899614334106,0.4035399854183197,0.39861899614334106,0.4035399854183197,0.29862743616104126,278385
2011-09-01,0.39861899614334106,0.4035399854183197,0.39861899614334106,0.4035399854183197,0.29862743616104126,335281
2011-09-02,0.39861899614334106,0.39861899614334106,0.3936980068683624,0.3936980068683624,0.29134416580200195,384050
2011-09-05,0.3887769877910614,0.3936980068683624,0.3887769877910614,0.3887769877910614,0.2877025902271271,152400
2011-09-06,0.3887769877910614,0.39861899614334106,0.38385599851608276,0.39861899614334106,0.2949858605861664,260097
2011-09-07,0.3887769877910614,0.3936980068683624,0.3887769877910614,0.3936980068683624,0.29134416580200195,144780
2011-09-08,0.3936980068683624,0.4035399854183197,0.3936980068683624,0.4035399854183197,0.29862743616104126,132080
2011-09-09,0.3936980068683624,0.3936980068683624,0.3936980068683624,0.3936980068683624,0.29134416580200195,20320
2011-09-12,0.38385599851608276,0.3887769877910614,0.37893399596214294,0.3887769877910614,0.2877025902271271,284481
2011-09-14,0.37893399596214294,0.37893399596214294,0.3740130066871643,0.3740130066871643,0.27677688002586365,245873
2011-09-15,0.3740130066871643,0.3740130066871643,0.3740130066871643,0.3740130066871643,0.27677688002586365,0
2011-09-16,0.36417099833488464,0.4035399854183197,0.36417099833488464,0.38385599851608276,0.28406086564064026,256744
2011-09-19,0.3740130066871643,0.3740130066871643,0.3740130066871643,0.3740130066871643,0.27677688002586365,60960
2011-09-20,0.3690919876098633,0.3690919876098633,0.36417099833488464,0.3690919876098633,0.27313530445098877,508003
2011-09-21,0.3690919876098633,0.3690919876098633,0.36417099833488464,0.3690919876098633,0.27313530445098877,71120
2011-09-22,0.3543280065059662,0.3543280065059662,0.3444859981536865,0.3444859981536865,0.2549263834953308,1473208
2011-09-23,0.3248009979724884,0.3444859981536865,0.31988000869750977,0.3444859981536865,0.2549263834953308,694948
2011-09-26,0.32972198724746704,0.32972198724746704,0.3051159977912903,0.3248009979724884,0.2403591126203537,461266
2011-09-27,0.33464300632476807,0.33464300632476807,0.32972198724746704,0.33464300632476807,0.2476423680782318,231649
2011-09-28,0.31988000869750977,0.32972198724746704,0.31988000869750977,0.32972198724746704,0.24400067329406738,142240
2011-09-30,0.31988000869750977,0.3248009979724884,0.3100369870662689,0.31495800614356995,0.2330750972032547,577091
2011-10-03,0.2952730059623718,0.30019500851631165,0.2952730059623718,0.2952730059623718,0.2185077965259552,327153
2011-10-04,0.28543099761009216,0.3100369870662689,0.28543099761009216,0.28543099761009216,0.2112245112657547,329185
2011-10-06,0.2952730059623718,0.2952730059623718,0.2903519868850708,0.2952730059623718,0.2185077965259552,802644
2011-10-07,0.2903519868850708,0.3051159977912903,0.2903519868850708,0.30019500851631165,0.22215016186237335,3553988
2011-10-10,0.30019500851631165,0.30019500851631165,0.2952730059623718,0.30019500851631165,0.22215016186237335,959109
2011-10-11,0.3051159977912903,0.3100369870662689,0.30019500851631165,0.3100369870662689,0.22943344712257385,725428
2011-10-12,0.31495800614356995,0.3248009979724884,0.31495800614356995,0.31988000869750977,0.23671744763851166,469394
2011-10-13,0.31988000869750977,0.3395639955997467,0.31988000869750977,0.32972198724746704,0.24400067329406738,493778
2011-10-14,0.3248009979724884,0.3248009979724884,0.31495800614356995,0.31495800614356995,0.2330750972032547,418594
2011-10-17,0.3248009979724884,0.3444859981536865,0.3248009979724884,0.3395639955997467,0.2512839734554291,1717050
2011-10-18,0.3248009979724884,0.32972198724746704,0.3248009979724884,0.3248009979724884,0.2403591126203537,475492
2011-10-19,0.33464300632476807,0.33464300632476807,0.33464300632476807,0.33464300632476807,0.2476423680782318,121920
2011-10-20,0.3248009979724884,0.3248009979724884,0.3248009979724884,0.3248009979724884,0.2403591126203537,213361
2011-10-21,0.3248009979724884,0.33464300632476807,0.3248009979724884,0.33464300632476807,0.2476423680782318,213361
2011-10-24,0.33464300632476807,0.3395639955997467,0.32972198724746704,0.3395639955997467,0.2512839734554291,377914
2011-10-25,0.32972198724746704,0.32972198724746704,0.3248009979724884,0.32972198724746704,0.24400067329406738,479554
2011-10-26,0.3248009979724884,0.3248009979724884,0.31988000869750977,0.3248009979724884,0.2403591126203537,321057
2011-10-27,0.33464300632476807,0.3395639955997467,0.33464300632476807,0.3395639955997467,0.2512839734554291,932693
2011-10-28,0.3444859981536865,0.3543280065059662,0.33464300632476807,0.34940698742866516,0.2585679590702057,1871483
2011-10-31,0.34940698742866516,0.34940698742866516,0.3395639955997467,0.3444859981536865,0.2549263834953308,294641
2011-11-01,0.33464300632476807,0.33464300632476807,0.33464300632476807,0.33464300632476807,0.2476423680782318,270257
2011-11-02,0.32972198724746704,0.33464300632476807,0.32972198724746704,0.33464300632476807,0.2476423680782318,276353
2011-11-03,0.32972198724746704,0.32972198724746704,0.3248009979724884,0.3248009979724884,0.2403591126203537,30683
2011-11-04,0.33464300632476807,0.3444859981536865,0.33464300632476807,0.3444859981536865,0.2549263834953308,603507
2011-11-07,0.3444859981536865,0.3543280065059662,0.33464300632476807,0.33464300632476807,0.2476423680782318,274321
2011-11-08,0.33464300632476807,0.33464300632476807,0.33464300632476807,0.33464300632476807,0.2476423680782318,0
2011-11-09,0.3395639955997467,0.36417099833488464,0.3395639955997467,0.3543280065059662,0.2622096538543701,920501
2011-11-10,0.3395639955997467,0.3395639955997467,0.33464300632476807,0.3395639955997467,0.2512839734554291,302769
2011-11-11,0.3395639955997467,0.34940698742866516,0.3395639955997467,0.34940698742866516,0.2585679590702057,223521
2011-11-14,0.34940698742866516,0.3543280065059662,0.3444859981536865,0.3543280065059662,0.2622096538543701,227585
2011-11-15,0.34940698742866516,0.3543280065059662,0.3444859981536865,0.34940698742866516,0.2585679590702057,607571
2011-11-16,0.34940698742866516,0.34940698742866516,0.34940698742866516,0.34940698742866516,0.2585679590702057,20320
2011-11-17,0.3444859981536865,0.34940698742866516,0.3444859981536865,0.34940698742866516,0.2585679590702057,412498
2011-11-18,0.3444859981536865,0.34940698742866516,0.3444859981536865,0.3444859981536865,0.2549263834953308,162560
2011-11-21,0.3444859981536865,0.34940698742866516,0.3395639955997467,0.34940698742866516,0.2585679590702057,294641
2011-11-22,0.3543280065059662,0.3543280065059662,0.3444859981536865,0.3543280065059662,0.2622096538543701,128016
2011-11-23,0.34940698742866516,0.34940698742866516,0.3395639955997467,0.3395639955997467,0.2512839734554291,300737
2011-11-24,0.33464300632476807,0.3444859981536865,0.33464300632476807,0.3395639955997467,0.2512839734554291,406402
2011-11-25,0.3543280065059662,0.3543280065059662,0.3444859981536865,0.3543280065059662,0.2622096538543701,508003
2011-11-28,0.3444859981536865,0.3444859981536865,0.3395639955997467,0.3444859981536865,0.2549263834953308,274321
2011-11-29,0.34940698742866516,0.34940698742866516,0.34940698742866516,0.34940698742866516,0.2585679590702057,142240
2011-11-30,0.34940698742866516,0.34940698742866516,0.34940698742866516,0.34940698742866516,0.2585679590702057,0
2011-12-01,0.3543280065059662,0.36417099833488464,0.3543280065059662,0.3592489957809448,0.2658512592315674,1599193
2011-12-02,0.3543280065059662,0.3592489957809448,0.3543280065059662,0.3592489957809448,0.2658512592315674,71120
2011-12-05,0.3543280065059662,0.36417099833488464,0.3543280065059662,0.3592489957809448,0.2658512592315674,193041
2011-12-06,0.3592489957809448,0.3592489957809448,0.3592489957809448,0.3592489957809448,0.2658512592315674,101600
2011-12-07,0.3543280065059662,0.3690919876098633,0.3543280065059662,0.3690919876098633,0.27313530445098877,483618
2011-12-08,0.36417099833488464,0.3690919876098633,0.36417099833488464,0.3690919876098633,0.27313530445098877,335281
2011-12-09,0.3592489957809448,0.3592489957809448,0.3592489957809448,0.3690919876098633,0.27313530445098877,203201
2011-12-12,0.36417099833488464,0.36417099833488464,0.36417099833488464,0.36417099833488464,0.26949363946914673,321057
2011-12-13,0.3592489957809448,0.3592489957809448,0.3592489957809448,0.3592489957809448,0.2658512592315674,132080
2011-12-14,0.3592489957809448,0.3690919876098633,0.3592489957809448,0.3690919876098633,0.27313530445098877,438914
2011-12-15,0.3592489957809448,0.3592489957809448,0.3543280065059662,0.3592489957809448,0.2658512592315674,83312
2011-12-16,0.36417099833488464,0.36417099833488464,0.36417099833488464,0.36417099833488464,0.26949363946914673,54864
2011-12-19,0.3543280065059662,0.3592489957809448,0.34940698742866516,0.3592489957809448,0.2658512592315674,182881
2011-12-20,0.3592489957809448,0.3592489957809448,0.3592489957809448,0.3592489957809448,0.2658512592315674,0
2011-12-21,0.3592489957809448,0.3592489957809448,0.3592489957809448,0.3592489957809448,0.2658512592315674,50800
2011-12-22,0.3543280065059662,0.36417099833488464,0.3543280065059662,0.36417099833488464,0.26949363946914673,406402
2011-12-23,0.36417099833488464,0.36417099833488464,0.3592489957809448,0.3592489957809448,0.2658512592315674,103632
2011-12-28,0.36417099833488464,0.36417099833488464,0.33464300632476807,0.3592489957809448,0.2658512592315674,501906
2011-12-29,0.3592489957809448,0.3592489957809448,0.3592489957809448,0.3592489957809448,0.2658512592315674,119888
2011-12-30,0.3543280065059662,0.3543280065059662,0.3543280065059662,0.3543280065059662,0.2622096538543701,79248
2012-01-03,0.36417099833488464,0.36417099833488464,0.36417099833488464,0.36417099833488464,0.26949363946914673,101600
2012-01-04,0.3592489957809448,0.3592489957809448,0.3543280065059662,0.3592489957809448,0.2658512592315674,107696
2012-01-05,0.3592489957809448,0.3592489957809448,0.3592489957809448,0.3592489957809448,0.2658512592315674,20320
2012-01-06,0.3592489957809448,0.3592489957809448,0.3592489957809448,0.3592489957809448,0.2658512592315674,0
2012-01-09,0.34940698742866516,0.34940698742866516,0.34940698742866516,0.3543280065059662,0.2622096538543701,20320
2012-01-10,0.3543280065059662,0.3543280065059662,0.3543280065059662,0.3592489957809448,0.2658512592315674,4064
2012-01-11,0.3592489957809448,0.36417099833488464,0.3592489957809448,0.3592489957809448,0.2658512592315674,121920
2012-01-12,0.36417099833488464,0.36417099833488464,0.3592489957809448,0.3592489957809448,0.2658512592315674,85344
2012-01-13,0.3740130066871643,0.3887769877910614,0.3690919876098633,0.37893399596214294,0.2804185450077057,705108
2012-01-16,0.37893399596214294,0.37893399596214294,0.3690919876098633,0.37893399596214294,0.2804185450077057,215393
2012-01-17,0.3690919876098633,0.4035399854183197,0.3690919876098633,0.4035399854183197,0.29862743616104126,1194823
2012-01-18,0.3936980068683624,0.39861899614334106,0.3887769877910614,0.3936980068683624,0.29134416580200195,172721
2012-01-19,0.3887769877910614,0.4035399854183197,0.3887769877910614,0.3936980068683624,0.29134416580200195,173025
2012-01-20,0.3936980068683624,0.4183039963245392,0.3936980068683624,0.4035399854183197,0.29862743616104126,1541281
2012-01-26,0.4084619879722595,0.4084619879722595,0.4084619879722595,0.4084619879722595,0.3022698760032654,101600
2012-01-27,0.4084619879722595,0.4084619879722595,0.38385599851608276,0.3936980068683624,0.29134416580200195,601475
2012-01-30,0.3936980068683624,0.39861899614334106,0.3936980068683624,0.3936980068683624,0.29134416580200195,359412
2012-01-31,0.3936980068683624,0.4084619879722595,0.3936980068683624,0.4084619879722595,0.3022698760032654,501906
2012-02-01,0.41338300704956055,0.41338300704956055,0.39861899614334106,0.4084619879722595,0.3022698760032654,426722
2012-02-02,0.39861899614334106,0.4035399854183197,0.39861899614334106,0.4035399854183197,0.29862743616104126,48768
2012-02-03,0.3936980068683624,0.41338300704956055,0.3936980068683624,0.41338300704956055,0.30591148138046265,154432
2012-02-06,0.41338300704956055,0.4183039963245392,0.41338300704956055,0.4183039963245392,0.3095531463623047,392178
2012-02-07,0.41338300704956055,0.41338300704956055,0.4084619879722595,0.4084619879722595,0.3022698760032654,650243
2012-02-08,0.41338300704956055,0.4232249855995178,0.41338300704956055,0.4183039963245392,0.3095531463623047,650243
2012-02-09,0.4183039963245392,0.44290998578071594,0.41338300704956055,0.4379889965057373,0.324120432138443,688852
2012-02-10,0.44783198833465576,0.46259498596191406,0.4379889965057373,0.44783198833465576,0.3314043879508972,1735338
2012-02-13,0.44290998578071594,0.44290998578071594,0.43306800723075867,0.4379889965057373,0.324120432138443,729492
2012-02-14,0.4379889965057373,0.4379889965057373,0.42814698815345764,0.43306800723075867,0.32047876715660095,851413
2012-02-15,0.43306800723075867,0.46259498596191406,0.43306800723075867,0.44290998578071594,0.32776206731796265,829060
2012-02-16,0.44290998578071594,0.44783198833465576,0.4379889965057373,0.44783198833465576,0.3314043879508972,449074
2012-02-17,0.44290998578071594,0.4576739966869354,0.44290998578071594,0.4527530074119568,0.33504611253738403,1231094
2012-02-20,0.4527530074119568,0.4576739966869354,0.44783198833465576,0.44783198833465576,0.3314043879508972,843284
2012-02-21,0.44290998578071594,0.44290998578071594,0.44290998578071594,0.44290998578071594,0.32776206731796265,182881
2012-02-22,0.44290998578071594,0.4576739966869354,0.4379889965057373,0.44783198833465576,0.3314043879508972,481586
2012-02-23,0.44783198833465576,0.4527530074119568,0.4379889965057373,0.44783198833465576,0.3314043879508972,1227335
2012-02-24,0.4527530074119568,0.4527530074119568,0.44783198833465576,0.44783198833465576,0.3314043879508972,822964
2012-02-27,0.44783198833465576,0.4527530074119568,0.44783198833465576,0.44783198833465576,0.3314043879508972,284481
2012-02-28,0.4527530074119568,0.47735899686813354,0.44783198833465576,0.4724380075931549,0.34961333870887756,2369325
2012-02-29,0.4675160050392151,0.4724380075931549,0.4576739966869354,0.46259498596191406,0.3423292934894562,894085
2012-03-01,0.46259498596191406,0.46259498596191406,0.44290998578071594,0.44783198833465576,0.3314043879508972,1194823
2012-03-02,0.4576739966869354,0.4576739966869354,0.44783198833465576,0.44783198833465576,0.3314043879508972,369826
2012-03-05,0.44783198833465576,0.4527530074119568,0.44783198833465576,0.44783198833465576,0.3314043879508972,325121
2012-03-06,0.44290998578071594,0.44290998578071594,0.3936980068683624,0.4232249855995178,0.31319472193717957,524259
2012-03-07,0.43306800723075867,0.44290998578071594,0.4232249855995178,0.43306800723075867,0.32047876715660095,302769
2012-03-08,0.43306800723075867,0.4379889965057373,0.42814698815345764,0.4379889965057373,0.324120432138443,245873
2012-03-09,0.44290998578071594,0.44783198833465576,0.44290998578071594,0.44783198833465576,0.3314043879508972,101600
2012-03-12,0.44290998578071594,0.44783198833465576,0.4379889965057373,0.4379889965057373,0.324120432138443,273305
2012-03-13,0.4379889965057373,0.4675160050392151,0.4379889965057373,0.4527530074119568,0.33504611253738403,800612
2012-03-14,0.4576739966869354,0.4576739966869354,0.44290998578071594,0.44290998578071594,0.32776206731796265,516131
2012-03-15,0.44290998578071594,0.44290998578071594,0.44290998578071594,0.44290998578071594,0.32776206731796265,123952
2012-03-16,0.44783198833465576,0.44783198833465576,0.4379889965057373,0.44290998578071594,0.32776206731796265,227065
2012-03-20,0.42814698815345764,0.43306800723075867,0.42814698815345764,0.43306800723075867,0.32047876715660095,725428
2012-03-21,0.42814698815345764,0.42814698815345764,0.4183039963245392,0.4183039963245392,0.3095531463623047,414530
2012-03-22,0.4232249855995178,0.43306800723075867,0.4084619879722595,0.4232249855995178,0.31319472193717957,276353
2012-03-23,0.4232249855995178,0.4232249855995178,0.4183039963245392,0.4183039963245392,0.3095531463623047,60960
2012-03-26,0.4183039963245392,0.4183039963245392,0.41338300704956055,0.41338300704956055,0.30591148138046265,146304
2012-03-27,0.42814698815345764,0.43306800723075867,0.42814698815345764,0.43306800723075867,0.32047876715660095,601475
2012-03-28,0.42814698815345764,0.42814698815345764,0.4232249855995178,0.4232249855995178,0.31319472193717957,256033
2012-03-29,0.41338300704956055,0.4232249855995178,0.41338300704956055,0.4183039963245392,0.3095531463623047,247905
2012-03-30,0.41338300704956055,0.4183039963245392,0.4084619879722595,0.4183039963245392,0.3095531463623047,532387
2012-04-02,0.4232249855995178,0.4232249855995178,0.41338300704956055,0.41338300704956055,0.30591148138046265,237745
2012-04-03,0.41338300704956055,0.42814698815345764,0.41338300704956055,0.42814698815345764,0.3168371319770813,264161
2012-04-05,0.41338300704956055,0.41338300704956055,0.41338300704956055,0.41338300704956055,0.30591148138046265,172721
2012-04-10,0.41338300704956055,0.41338300704956055,0.41338300704956055,0.41338300704956055,0.30591148138046265,50800
2012-04-11,0.4084619879722595,0.4183039963245392,0.4084619879722595,0.41338300704956055,0.30591148138046265,719332
2012-04-12,0.4084619879722595,0.4084619879722595,0.4084619879722595,0.4084619879722595,0.3022698760032654,20320
2012-04-13,0.4183039963245392,0.4183039963245392,0.41338300704956055,0.41338300704956055,0.30591148138046265,277684
2012-04-16,0.41338300704956055,0.41338300704956055,0.41338300704956055,0.41338300704956055,0.30591148138046265,32512
2012-04-17,0.4183039963245392,0.4183039963245392,0.41338300704956055,0.41338300704956055,0.30591148138046265,56896
2012-04-18,0.4183039963245392,0.4183039963245392,0.41338300704956055,0.4183039963245392,0.3095531463623047,62992
2012-04-19,0.4183039963245392,0.4232249855995178,0.4183039963245392,0.4183039963245392,0.3095531463623047,353570
2012-04-20,0.4183039963245392,0.4183039963245392,0.4183039963245392,0.4183039963245392,0.3095531463623047,97536
2012-04-23,0.4183039963245392,0.4183039963245392,0.4183039963245392,0.4183039963245392,0.3095531463623047,0
2012-04-24,0.4183039963245392,0.4183039963245392,0.41338300704956055,0.4183039963245392,0.3095531463623047,52832
2012-04-25,0.4232249855995178,0.4232249855995178,0.4183039963245392,0.4183039963245392,0.3095531463623047,65024
2012-04-26,0.4183039963245392,0.4183039963245392,0.4183039963245392,0.4183039963245392,0.3095531463623047,152400
2012-04-27,0.41338300704956055,0.4232249855995178,0.41338300704956055,0.4183039963245392,0.3095531463623047,764036
2012-04-30,0.4232249855995178,0.42814698815345764,0.4232249855995178,0.4232249855995178,0.31319472193717957,225553
2012-05-02,0.42814698815345764,0.42814698815345764,0.4232249855995178,0.4232249855995178,0.31319472193717957,690884
2012-05-03,0.4232249855995178,0.4232249855995178,0.4183039963245392,0.4183039963245392,0.3095531463623047,268225
2012-05-04,0.4183039963245392,0.4232249855995178,0.4183039963245392,0.4232249855995178,0.31319472193717957,384050
2012-05-07,0.4232249855995178,0.4232249855995178,0.4232249855995178,0.4232249855995178,0.31319472193717957,0
2012-05-08,0.4232249855995178,0.4232249855995178,0.4183039963245392,0.4232249855995178,0.31319472193717957,353570
2012-05-09,0.4232249855995178,0.4232249855995178,0.4232249855995178,0.4232249855995178,0.31319472193717957,144272
2012-05-10,0.41338300704956055,0.4183039963245392,0.41338300704956055,0.4183039963245392,0.3095531463623047,235713
2012-05-11,0.4183039963245392,0.4183039963245392,0.4183039963245392,0.4183039963245392,0.3095531463623047,187148
2012-05-14,0.4183039963245392,0.4183039963245392,0.41338300704956055,0.41338300704956055,0.30591148138046265,384050
2012-05-15,0.41338300704956055,0.41338300704956055,0.41338300704956055,0.41338300704956055,0.30591148138046265,146304
2012-05-16,0.4084619879722595,0.4084619879722595,0.3936980068683624,0.3936980068683624,0.29134416580200195,1365512
2012-05-17,0.3936980068683624,0.3936980068683624,0.3936980068683624,0.3936980068683624,0.29134416580200195,254001
2012-05-18,0.3887769877910614,0.3936980068683624,0.38385599851608276,0.3936980068683624,0.29134416580200195,536451
2012-05-21,0.38385599851608276,0.3936980068683624,0.38385599851608276,0.3936980068683624,0.29134416580200195,101600
2012-05-22,0.3936980068683624,0.3936980068683624,0.38385599851608276,0.3887769877910614,0.2877025902271271,111760
2012-05-23,0.3936980068683624,0.39861899614334106,0.3936980068683624,0.39861899614334106,0.2949858605861664,121920
2012-05-24,0.38385599851608276,0.38385599851608276,0.38385599851608276,0.3936980068683624,0.29134416580200195,60960
2012-05-25,0.3936980068683624,0.3936980068683624,0.3936980068683624,0.3936980068683624,0.29134416580200195,10160
2012-05-28,0.3936980068683624,0.3936980068683624,0.3887769877910614,0.3936980068683624,0.29134416580200195,178817
2012-05-29,0.3936980068683624,0.39861899614334106,0.3936980068683624,0.3936980068683624,0.29134416580200195,251842
2012-05-30,0.39861899614334106,0.39861899614334106,0.3936980068683624,0.39861899614334106,0.2949858605861664,148336
2012-05-31,0.3936980068683624,0.39861899614334106,0.3936980068683624,0.4035399854183197,0.29862743616104126,152400
2012-06-01,0.4035399854183197,0.4035399854183197,0.4035399854183197,0.4035399854183197,0.29862743616104126,254001
2012-06-04,0.3936980068683624,0.4035399854183197,0.3936980068683624,0.4035399854183197,0.29862743616104126,406402
2012-06-05,0.4035399854183197,0.4035399854183197,0.4035399854183197,0.4035399854183197,0.29862743616104126,1018038
2012-06-06,0.4035399854183197,0.41338300704956055,0.4035399854183197,0.4035399854183197,0.29862743616104126,599443
2012-06-07,0.4084619879722595,0.4084619879722595,0.4035399854183197,0.4035399854183197,0.29862743616104126,491746
2012-06-08,0.4035399854183197,0.4035399854183197,0.4035399854183197,0.4035399854183197,0.29862743616104126,182881
2012-06-11,0.4035399854183197,0.4084619879722595,0.4035399854183197,0.4084619879722595,0.3022698760032654,158496
2012-06-12,0.4084619879722595,0.41338300704956055,0.4084619879722595,0.4084619879722595,0.3022698760032654,243841
2012-06-13,0.4035399854183197,0.4035399854183197,0.4035399854183197,0.4084619879722595,0.3022698760032654,10160
2012-06-14,0.4084619879722595,0.4084619879722595,0.4035399854183197,0.4084619879722595,0.3022698760032654,241809
2012-06-15,0.4084619879722595,0.41338300704956055,0.4084619879722595,0.41338300704956055,0.30591148138046265,703076
2012-06-18,0.4183039963245392,0.4183039963245392,0.4183039963245392,0.4183039963245392,0.3095531463623047,182881
2012-06-19,0.41338300704956055,0.41338300704956055,0.41338300704956055,0.41338300704956055,0.30591148138046265,60960
2012-06-20,0.4183039963245392,0.42814698815345764,0.4183039963245392,0.42814698815345764,0.3168371319770813,369826
2012-06-21,0.4232249855995178,0.43306800723075867,0.4183039963245392,0.42814698815345764,0.3168371319770813,179121
2012-06-22,0.42814698815345764,0.42814698815345764,0.4232249855995178,0.4232249855995178,0.31319472193717957,121920
2012-06-25,0.42814698815345764,0.42814698815345764,0.42814698815345764,0.42814698815345764,0.3168371319770813,211329
2012-06-26,0.42814698815345764,0.42814698815345764,0.4232249855995178,0.42814698815345764,0.3168371319770813,197105
2012-06-27,0.42814698815345764,0.43306800723075867,0.42814698815345764,0.42814698815345764,0.3168371319770813,239777
2012-06-28,0.43306800723075867,0.43306800723075867,0.4035399854183197,0.4084619879722595,0.3022698760032654,1152150
2012-06-29,0.41338300704956055,0.4232249855995178,0.41338300704956055,0.4183039963245392,0.3095531463623047,660403
2012-07-03,0.4183039963245392,0.4232249855995178,0.41338300704956055,0.41338300704956055,0.30591148138046265,467362
2012-07-04,0.4183039963245392,0.4183039963245392,0.4183039963245392,0.4183039963245392,0.3095531463623047,142240
2012-07-05,0.4183039963245392,0.4232249855995178,0.41338300704956055,0.4232249855995178,0.31319472193717957,345442
2012-07-06,0.4232249855995178,0.4232249855995178,0.4232249855995178,0.4232249855995178,0.31319472193717957,0
2012-07-09,0.4183039963245392,0.4183039963245392,0.41338300704956055,0.41338300704956055,0.30591148138046265,203201
2012-07-10,0.41338300704956055,0.41338300704956055,0.41338300704956055,0.41338300704956055,0.30591148138046265,30480
2012-07-11,0.41338300704956055,0.41338300704956055,0.4035399854183197,0.41338300704956055,0.30591148138046265,1095254
2012-07-12,0.41338300704956055,0.41338300704956055,0.41338300704956055,0.41338300704956055,0.30591148138046265,0
2012-07-13,0.41338300704956055,0.41338300704956055,0.4084619879722595,0.4084619879722595,0.3022698760032654,111760
2012-07-16,0.4035399854183197,0.4035399854183197,0.3936980068683624,0.3936980068683624,0.29134416580200195,611635
2012-07-17,0.39861899614334106,0.4035399854183197,0.3936980068683624,0.3936980068683624,0.29134416580200195,505970
2012-07-18,0.3936980068683624,0.3936980068683624,0.3936980068683624,0.3936980068683624,0.29134416580200195,67056
2012-07-19,0.39861899614334106,0.39861899614334106,0.3936980068683624,0.3936980068683624,0.29134416580200195,254001
2012-07-20,0.39861899614334106,0.4035399854183197,0.3936980068683624,0.3936980068683624,0.29134416580200195,583187
2012-07-23,0.38385599851608276,0.3887769877910614,0.38385599851608276,0.3936980068683624,0.29134416580200195,254001
2012-07-24,0.3936980068683624,0.3936980068683624,0.3936980068683624,0.3936980068683624,0.29134416580200195,0
2012-07-25,0.3887769877910614,0.39861899614334106,0.38385599851608276,0.3887769877910614,0.2877025902271271,262129
2012-07-26,0.39861899614334106,0.39861899614334106,0.3936980068683624,0.3936980068683624,0.29134416580200195,217425
2012-07-27,0.3936980068683624,0.3936980068683624,0.3936980068683624,0.3936980068683624,0.29134416580200195,0
2012-07-30,0.4035399854183197,0.4035399854183197,0.4035399854183197,0.4035399854183197,0.29862743616104126,10160
2012-07-31,0.3936980068683624,0.4035399854183197,0.3887769877910614,0.4035399854183197,0.29862743616104126,339346
2012-08-01,0.4035399854183197,0.4035399854183197,0.4035399854183197,0.4035399854183197,0.29862743616104126,2032
2012-08-02,0.4035399854183197,0.4035399854183197,0.39861899614334106,0.39861899614334106,0.2949858605861664,89408
2012-08-03,0.39861899614334106,0.4035399854183197,0.3887769877910614,0.3936980068683624,0.29134416580200195,349506
2012-08-06,0.39861899614334106,0.4035399854183197,0.39861899614334106,0.39861899614334106,0.2949858605861664,202500
2012-08-07,0.39861899614334106,0.4035399854183197,0.3936980068683624,0.39861899614334106,0.2949858605861664,144272
2012-08-08,0.39861899614334106,0.4035399854183197,0.39861899614334106,0.4035399854183197,0.29862743616104126,40640
2012-08-09,0.3936980068683624,0.39861899614334106,0.3936980068683624,0.3936980068683624,0.29134416580200195,440946
2012-08-10,0.3936980068683624,0.3936980068683624,0.3936980068683624,0.3936980068683624,0.29134416580200195,10160
2012-08-13,0.3936980068683624,0.39861899614334106,0.3936980068683624,0.39861899614334106,0.2949858605861664,222536
2012-08-14,0.3936980068683624,0.3936980068683624,0.3936980068683624,0.3936980068683624,0.29134416580200195,225780
2012-08-15,0.3936980068683624,0.39861899614334106,0.3936980068683624,0.3936980068683624,0.29134416580200195,369826
2012-08-16,0.3936980068683624,0.3936980068683624,0.3936980068683624,0.3936980068683624,0.29134416580200195,121920
2012-08-17,0.3936980068683624,0.4035399854183197,0.3936980068683624,0.3936980068683624,0.29134416580200195,164592
2012-08-20,0.4035399854183197,0.4035399854183197,0.38385599851608276,0.39861899614334106,0.2949858605861664,1184662
2012-08-21,0.3936980068683624,0.3936980068683624,0.3936980068683624,0.3936980068683624,0.29134416580200195,593347
2012-08-22,0.38385599851608276,0.3887769877910614,0.38385599851608276,0.38385599851608276,0.28406086564064026,812804
2012-08-23,0.3887769877910614,0.3936980068683624,0.3887769877910614,0.3936980068683624,0.29134416580200195,40640
2012-08-24,0.3936980068683624,0.3936980068683624,0.3936980068683624,0.3936980068683624,0.29134416580200195,0
2012-08-27,0.3936980068683624,0.3936980068683624,0.3936980068683624,0.3936980068683624,0.29134416580200195,50800
2012-08-28,0.3936980068683624,0.3936980068683624,0.3936980068683624,0.3936980068683624,0.29134416580200195,237745
2012-08-29,0.3936980068683624,0.39861899614334106,0.3936980068683624,0.39861899614334106,0.2949858605861664,87376
2012-08-30,0.3936980068683624,0.39861899614334106,0.3936980068683624,0.39861899614334106,0.2949858605861664,79248
2012-08-31,0.3936980068683624,0.3936980068683624,0.3936980068683624,0.3936980068683624,0.29134416580200195,40640
2012-09-03,0.3936980068683624,0.3936980068683624,0.3936980068683624,0.3936980068683624,0.29134416580200195,154534
2012-09-04,0.39861899614334106,0.39861899614334106,0.39861899614334106,0.39861899614334106,0.2949858605861664,60960
2012-09-05,0.37893399596214294,0.38385599851608276,0.37893399596214294,0.38385599851608276,0.2897851765155792,298705
2012-09-06,0.3936980068683624,0.39861899614334106,0.3887769877910614,0.3887769877910614,0.2935001254081726,103632
2012-09-07,0.3936980068683624,0.3936980068683624,0.3936980068683624,0.3936980068683624,0.29721513390541077,12192
2012-09-10,0.3887769877910614,0.3887769877910614,0.38385599851608276,0.38385599851608276,0.2897851765155792,113792
2012-09-11,0.38385599851608276,0.38385599851608276,0.38385599851608276,0.38385599851608276,0.2897851765155792,121920
2012-09-12,0.38385599851608276,0.39861899614334106,0.38385599851608276,0.39861899614334106,0.3009301424026489,636019
2012-09-13,0.3936980068683624,0.3936980068683624,0.3936980068683624,0.3936980068683624,0.29721513390541077,50800
2012-09-14,0.3936980068683624,0.39861899614334106,0.3936980068683624,0.39861899614334106,0.3009301424026489,583364
2012-09-17,0.3936980068683624,0.3936980068683624,0.3887769877910614,0.3887769877910614,0.2935001254081726,274321
2012-09-18,0.39861899614334106,0.39861899614334106,0.3936980068683624,0.3936980068683624,0.29721513390541077,56896
2012-09-19,0.3887769877910614,0.4084619879722595,0.3887769877910614,0.4035399854183197,0.30464521050453186,672595
2012-09-20,0.39861899614334106,0.39861899614334106,0.39861899614334106,0.39861899614334106,0.3009301424026489,16256
2012-09-21,0.4084619879722595,0.4232249855995178,0.4084619879722595,0.41338300704956055,0.31207597255706787,2373390
2012-09-24,0.41338300704956055,0.44783198833465576,0.41338300704956055,0.43306800723075867,0.32693684101104736,2995185
2012-09-25,0.42814698815345764,0.42814698815345764,0.4183039963245392,0.4232249855995178,0.3195059895515442,953115
2012-09-26,0.4183039963245392,0.42814698815345764,0.41338300704956055,0.42814698815345764,0.3232218027114868,1977147
2012-09-27,0.42814698815345764,0.4527530074119568,0.42814698815345764,0.4379889965057373,0.3306519091129303,4828060
2012-09-28,0.44290998578071594,0.4576739966869354,0.44290998578071594,0.4576739966869354,0.3455126881599426,3740934
2012-10-03,0.44290998578071594,0.4675160050392151,0.44290998578071594,0.46259498596191406,0.3492276668548584,2881393
2012-10-04,0.46259498596191406,0.4724380075931549,0.4527530074119568,0.4724380075931549,0.3566584885120392,2684287
2012-10-05,0.4822799861431122,0.5314919948577881,0.4822799861431122,0.5314919948577881,0.4012403190135956,17150181
2012-10-08,0.5314919948577881,0.5708619952201843,0.5216500163078308,0.5511770248413086,0.4161010682582855,11864918
2012-10-09,0.5511770248413086,0.5807049870491028,0.5413349866867065,0.5511770248413086,0.4161010682582855,5801394
2012-10-10,0.5511770248413086,0.561020016670227,0.5413349866867065,0.561020016670227,0.4235319197177887,3015505
2012-10-11,0.5413349866867065,0.5511770248413086,0.5413349866867065,0.5511770248413086,0.4161010682582855,1542297
2012-10-12,0.5413349866867065,0.5413349866867065,0.5118079781532288,0.5314919948577881,0.4012403190135956,2721372
2012-10-15,0.5314919948577881,0.5511770248413086,0.5216500163078308,0.5511770248413086,0.4161010682582855,2678191
2012-10-16,0.5413349866867065,0.561020016670227,0.5413349866867065,0.5413349866867065,0.4086710810661316,892053
2012-10-17,0.5413349866867065,0.5413349866867065,0.5118079781532288,0.5314919948577881,0.4012403190135956,2357133
2012-10-18,0.5314919948577881,0.5413349866867065,0.5216500163078308,0.5413349866867065,0.4086710810661316,2920001
2012-10-19,0.5413349866867065,0.6299170255661011,0.5314919948577881,0.620074987411499,0.46811434626579285,10367325
2012-10-22,0.6397600173950195,0.6397600173950195,0.5807049870491028,0.6299170255661011,0.47554439306259155,11527461
2012-10-24,0.6102319955825806,0.620074987411499,0.6003900170326233,0.6003900170326233,0.45325350761413574,6132612
2012-10-25,0.6102319955825806,0.6102319955825806,0.5807049870491028,0.5807049870491028,0.43839266896247864,2767600
2012-10-26,0.5807049870491028,0.5905470252037048,0.561020016670227,0.561020016670227,0.4235319197177887,2391678
2012-10-29,0.5511770248413086,0.561020016670227,0.5314919948577881,0.5511770248413086,0.4161010682582855,1400056
2012-10-30,0.561020016670227,0.5708619952201843,0.5413349866867065,0.561020016670227,0.4235319197177887,1436734
2012-10-31,0.5511770248413086,0.5807049870491028,0.5511770248413086,0.5807049870491028,0.43839266896247864,646179
2012-11-01,0.5807049870491028,0.5905470252037048,0.561020016670227,0.5708619952201843,0.43096187710762024,912373
2012-11-02,0.5807049870491028,0.5807049870491028,0.5708619952201843,0.5807049870491028,0.43839266896247864,1093222
2012-11-05,0.5807049870491028,0.5807049870491028,0.5708619952201843,0.5708619952201843,0.43096187710762024,213361
2012-11-06,0.5708619952201843,0.5807049870491028,0.5708619952201843,0.5807049870491028,0.43839266896247864,404370
2012-11-07,0.5807049870491028,0.5807049870491028,0.561020016670227,0.5708619952201843,0.43096187710762024,536451
2012-11-08,0.561020016670227,0.561020016670227,0.5314919948577881,0.5413349866867065,0.4086710810661316,2342909
2012-11-09,0.5314919948577881,0.5413349866867065,0.5216500163078308,0.5413349866867065,0.4086710810661316,1105414
2012-11-12,0.5413349866867065,0.561020016670227,0.5314919948577881,0.561020016670227,0.4235319197177887,1353319
2012-11-13,0.561020016670227,0.561020016670227,0.5413349866867065,0.5511770248413086,0.4161010682582855,2034044
2012-11-14,0.5511770248413086,0.5511770248413086,0.5413349866867065,0.5511770248413086,0.4161010682582855,217425
2012-11-15,0.5413349866867065,0.5413349866867065,0.5413349866867065,0.5413349866867065,0.4086710810661316,172721
2012-11-16,0.5511770248413086,0.5511770248413086,0.5413349866867065,0.5413349866867065,0.4086710810661316,311877
2012-11-19,0.5413349866867065,0.6102319955825806,0.5413349866867065,0.5708619952201843,0.43096187710762024,3391428
2012-11-20,0.5708619952201843,0.5708619952201843,0.561020016670227,0.561020016670227,0.4235319197177887,587251
2012-11-21,0.561020016670227,0.5807049870491028,0.561020016670227,0.561020016670227,0.4235319197177887,520195
2012-11-22,0.5708619952201843,0.5807049870491028,0.561020016670227,0.5708619952201843,0.43096187710762024,835156
2012-11-23,0.5807049870491028,0.5905470252037048,0.5708619952201843,0.5708619952201843,0.43096187710762024,1085094
2012-11-26,0.5708619952201843,0.6003900170326233,0.5708619952201843,0.5807049870491028,0.43839266896247864,2997217
2012-11-27,0.5807049870491028,0.5905470252037048,0.5511770248413086,0.5511770248413086,0.4161010682582855,2527822
2012-11-28,0.5511770248413086,0.5511770248413086,0.5314919948577881,0.5413349866867065,0.4086710810661316,2743216
2012-11-29,0.5413349866867065,0.5511770248413086,0.5413349866867065,0.5511770248413086,0.4161010682582855,243841
2012-11-30,0.5511770248413086,0.5511770248413086,0.5413349866867065,0.5511770248413086,0.4161010682582855,170689
2012-12-03,0.5511770248413086,0.561020016670227,0.5413349866867065,0.5413349866867065,0.4086710810661316,1322839
2012-12-04,0.5413349866867065,0.5413349866867065,0.5314919948577881,0.5314919948577881,0.4012403190135956,384050
2012-12-05,0.5413349866867065,0.561020016670227,0.5413349866867065,0.5511770248413086,0.4161010682582855,715268
2012-12-06,0.5511770248413086,0.5511770248413086,0.5511770248413086,0.5511770248413086,0.4161010682582855,310897
2012-12-07,0.561020016670227,0.561020016670227,0.5413349866867065,0.5413349866867065,0.4086710810661316,319025
2012-12-10,0.5511770248413086,0.5511770248413086,0.5413349866867065,0.5413349866867065,0.4086710810661316,1652025
2012-12-11,0.5413349866867065,0.5511770248413086,0.5413349866867065,0.5413349866867065,0.4086710810661316,1725178
2012-12-12,0.5413349866867065,0.5905470252037048,0.5413349866867065,0.5708619952201843,0.43096187710762024,5842034
2012-12-13,0.5708619952201843,0.5708619952201843,0.5511770248413086,0.5511770248413086,0.4161010682582855,977600
2012-12-14,0.5511770248413086,0.5708619952201843,0.5511770248413086,0.5708619952201843,0.43096187710762024,617731
2012-12-17,0.561020016670227,0.561020016670227,0.5511770248413086,0.5511770248413086,0.4161010682582855,408434
2012-12-18,0.5511770248413086,0.561020016670227,0.5413349866867065,0.5511770248413086,0.4161010682582855,692916
2012-12-19,0.5511770248413086,0.5511770248413086,0.5511770248413086,0.5511770248413086,0.4161010682582855,829060
2012-12-20,0.5511770248413086,0.5511770248413086,0.5413349866867065,0.5511770248413086,0.4161010682582855,782324
2012-12-21,0.5413349866867065,0.561020016670227,0.5413349866867065,0.5511770248413086,0.4161010682582855,1026166
2012-12-24,0.5413349866867065,0.561020016670227,0.5413349866867065,0.561020016670227,0.4235319197177887,205233
2012-12-27,0.5511770248413086,0.5708619952201843,0.5511770248413086,0.561020016670227,0.4235319197177887,785687
2012-12-28,0.561020016670227,0.561020016670227,0.561020016670227,0.561020016670227,0.4235319197177887,843386
2012-12-31,0.561020016670227,0.561020016670227,0.561020016670227,0.561020016670227,0.4235319197177887,406402
2013-01-02,0.561020016670227,0.5905470252037048,0.5708619952201843,0.5807049870491028,0.43839266896247864,1526041
2013-01-03,0.5807049870491028,0.5905470252037048,0.5708619952201843,0.5807049870491028,0.43839266896247864,2138287
2013-01-04,0.5905470252037048,0.5905470252037048,0.5708619952201843,0.5708619952201843,0.43096187710762024,375922
2013-01-07,0.5807049870491028,0.620074987411499,0.5807049870491028,0.620074987411499,0.46811434626579285,5640865
2013-01-08,0.6397600173950195,0.6594439744949341,0.620074987411499,0.6299170255661011,0.47554439306259155,18015818
2013-01-09,0.6397600173950195,0.6594439744949341,0.6299170255661011,0.6496019959449768,0.49040529131889343,5976147
2013-01-10,0.6496019959449768,0.6692870259284973,0.6397600173950195,0.6397600173950195,0.48297518491744995,4954045
2013-01-11,0.6496019959449768,0.6496019959449768,0.6102319955825806,0.6299170255661011,0.47554439306259155,3190258
2013-01-14,0.6397600173950195,0.688971996307373,0.6397600173950195,0.6791290044784546,0.5126960873603821,13934014
2013-01-15,0.688971996307373,0.7184990048408508,0.688971996307373,0.6988139748573303,0.5275569558143616,9021752
2013-01-16,0.6988139748573303,0.7086570262908936,0.6791290044784546,0.688971996307373,0.5201269388198853,6226084
2013-01-17,0.688971996307373,0.6988139748573303,0.6496019959449768,0.6594439744949341,0.49783527851104736,4873580
2013-01-18,0.6692870259284973,0.6692870259284973,0.6496019959449768,0.6692870259284973,0.5052660703659058,2481594
2013-01-21,0.6791290044784546,0.688971996307373,0.6594439744949341,0.6692870259284973,0.5052660703659058,1942603
2013-01-22,0.6692870259284973,0.6791290044784546,0.6594439744949341,0.6594439744949341,0.49783527851104736,1202951
2013-01-23,0.6692870259284973,0.6791290044784546,0.6496019959449768,0.6692870259284973,0.5052660703659058,3889270
2013-01-24,0.6692870259284973,0.6988139748573303,0.6692870259284973,0.6791290044784546,0.5126960873603821,4605047
2013-01-25,0.6692870259284973,0.6692870259284973,0.6397600173950195,0.6496019959449768,0.49040529131889343,1526041
2013-01-28,0.6496019959449768,0.6594439744949341,0.6496019959449768,0.6496019959449768,0.49040529131889343,467362
2013-01-29,0.6397600173950195,0.6397600173950195,0.6299170255661011,0.6397600173950195,0.48297518491744995,1259847
2013-01-30,0.6397600173950195,0.6594439744949341,0.6397600173950195,0.6496019959449768,0.49040529131889343,1263911
2013-01-31,0.6496019959449768,0.6594439744949341,0.6397600173950195,0.6496019959449768,0.49040529131889343,741684
2013-02-01,0.6397600173950195,0.6496019959449768,0.6397600173950195,0.6496019959449768,0.49040529131889343,497842
2013-02-04,0.6496019959449768,0.6496019959449768,0.6397600173950195,0.6496019959449768,0.49040529131889343,731524
2013-02-05,0.6299170255661011,0.6397600173950195,0.6102319955825806,0.620074987411499,0.46811434626579285,1276103
2013-02-06,0.6299170255661011,0.6397600173950195,0.620074987411499,0.6299170255661011,0.47554439306259155,1095254
2013-02-07,0.6397600173950195,0.6397600173950195,0.620074987411499,0.6299170255661011,0.47554439306259155,851413
2013-02-08,0.6102319955825806,0.6397600173950195,0.6102319955825806,0.6397600173950195,0.48297518491744995,453138
2013-02-14,0.6397600173950195,0.6397600173950195,0.6299170255661011,0.6397600173950195,0.48297518491744995,485650
2013-02-15,0.620074987411499,0.6397600173950195,0.620074987411499,0.6397600173950195,0.48297518491744995,770132
2013-02-18,0.6397600173950195,0.6791290044784546,0.6299170255661011,0.6692870259284973,0.5052660703659058,6888520
2013-02-19,0.6692870259284973,0.6692870259284973,0.6397600173950195,0.6496019959449768,0.49040529131889343,2609103
2013-02-20,0.6496019959449768,0.6496019959449768,0.6397600173950195,0.6496019959449768,0.49040529131889343,851413
2013-02-21,0.6397600173950195,0.6397600173950195,0.6299170255661011,0.6397600173950195,0.48297518491744995,1164342
2013-02-22,0.6299170255661011,0.6397600173950195,0.6299170255661011,0.6397600173950195,0.48297518491744995,323089
2013-02-25,0.6397600173950195,0.6397600173950195,0.620074987411499,0.6299170255661011,0.47554439306259155,1393960
2013-02-26,0.620074987411499,0.620074987411499,0.6003900170326233,0.6102319955825806,0.46068355441093445,936757
2013-02-27,0.6102319955825806,0.620074987411499,0.6102319955825806,0.620074987411499,0.46811434626579285,1552660
2013-02-28,0.620074987411499,0.6299170255661011,0.620074987411499,0.6299170255661011,0.47554439306259155,633987
2013-03-01,0.6299170255661011,0.6299170255661011,0.6102319955825806,0.620074987411499,0.46811434626579285,560835
2013-03-04,0.6299170255661011,0.6299170255661011,0.6102319955825806,0.620074987411499,0.46811434626579285,764036
2013-03-05,0.6102319955825806,0.620074987411499,0.6102319955825806,0.620074987411499,0.46811434626579285,428754
2013-03-06,0.620074987411499,0.6299170255661011,0.6102319955825806,0.6299170255661011,0.47554439306259155,723396
2013-03-07,0.6102319955825806,0.6299170255661011,0.6102319955825806,0.6299170255661011,0.47554439306259155,225553
2013-03-08,0.620074987411499,0.6397600173950195,0.620074987411499,0.6299170255661011,0.47554439306259155,922533
2013-03-11,0.6299170255661011,0.6299170255661011,0.620074987411499,0.6299170255661011,0.47554439306259155,1062742
2013-03-12,0.6299170255661011,0.6299170255661011,0.6003900170326233,0.6003900170326233,0.45325350761413574,631955
2013-03-13,0.6003900170326233,0.6003900170326233,0.5807049870491028,0.5807049870491028,0.43839266896247864,1322839
2013-03-14,0.5807049870491028,0.5905470252037048,0.561020016670227,0.5807049870491028,0.43839266896247864,741684
2013-03-15,0.5807049870491028,0.5905470252037048,0.5807049870491028,0.5807049870491028,0.43839266896247864,71120
2013-03-18,0.561020016670227,0.561020016670227,0.5511770248413086,0.5511770248413086,0.4161010682582855,1952763
2013-03-19,0.561020016670227,0.5708619952201843,0.561020016670227,0.5708619952201843,0.43096187710762024,497842
2013-03-20,0.561020016670227,0.5807049870491028,0.561020016670227,0.5708619952201843,0.43096187710762024,573027
2013-03-21,0.5708619952201843,0.5905470252037048,0.561020016670227,0.5905470252037048,0.4458227753639221,627891
2013-03-22,0.5708619952201843,0.5708619952201843,0.561020016670227,0.5708619952201843,0.43096187710762024,550675
2013-03-25,0.5708619952201843,0.5708619952201843,0.561020016670227,0.5708619952201843,0.43096187710762024,556771
2013-03-26,0.5807049870491028,0.5807049870491028,0.561020016670227,0.561020016670227,0.4235319197177887,489714
2013-03-27,0.561020016670227,0.561020016670227,0.561020016670227,0.561020016670227,0.4235319197177887,447042
2013-03-28,0.5511770248413086,0.5708619952201843,0.5511770248413086,0.5708619952201843,0.43096187710762024,239777
2013-04-02,0.5708619952201843,0.5708619952201843,0.561020016670227,0.561020016670227,0.4235319197177887,520195
2013-04-03,0.561020016670227,0.5708619952201843,0.5511770248413086,0.5511770248413086,0.4161010682582855,611635
2013-04-05,0.5511770248413086,0.5511770248413086,0.5216500163078308,0.5216500163078308,0.3938102126121521,1885707
2013-04-08,0.5118079781532288,0.5216500163078308,0.5118079781532288,0.5216500163078308,0.3938102126121521,274321
2013-04-09,0.5314919948577881,0.5314919948577881,0.5216500163078308,0.5216500163078308,0.3938102126121521,284481
2013-04-10,0.5314919948577881,0.5413349866867065,0.5216500163078308,0.5413349866867065,0.4086710810661316,471426
2013-04-11,0.5413349866867065,0.561020016670227,0.5413349866867065,0.5413349866867065,0.4086710810661316,495810
2013-04-12,0.5413349866867065,0.5413349866867065,0.5413349866867065,0.5413349866867065,0.4086710810661316,136144
2013-04-15,0.5413349866867065,0.5413349866867065,0.5118079781532288,0.5314919948577881,0.4012403190135956,871733
2013-04-16,0.5118079781532288,0.5314919948577881,0.5118079781532288,0.5314919948577881,0.4012403190135956,331217
2013-04-17,0.5216500163078308,0.5216500163078308,0.5216500163078308,0.5216500163078308,0.3938102126121521,203201
2013-04-18,0.5216500163078308,0.5413349866867065,0.5216500163078308,0.5216500163078308,0.3938102126121521,424690
2013-04-19,0.5413349866867065,0.5413349866867065,0.5314919948577881,0.5413349866867065,0.4086710810661316,97536
2013-04-22,0.5413349866867065,0.5413349866867065,0.5314919948577881,0.5314919948577881,0.4012403190135956,434850
2013-04-23,0.5413349866867065,0.5413349866867065,0.5314919948577881,0.5413349866867065,0.4086710810661316,298705
2013-04-24,0.5413349866867065,0.561020016670227,0.5314919948577881,0.5413349866867065,0.4086710810661316,605539
2013-04-25,0.561020016670227,0.561020016670227,0.5413349866867065,0.5511770248413086,0.4161010682582855,258065
2013-04-26,0.5511770248413086,0.5511770248413086,0.5511770248413086,0.5511770248413086,0.4161010682582855,60960
2013-04-29,0.5511770248413086,0.5511770248413086,0.5511770248413086,0.5511770248413086,0.4161010682582855,162560
2013-04-30,0.561020016670227,0.561020016670227,0.5511770248413086,0.5511770248413086,0.4161010682582855,650751
2013-05-02,0.5511770248413086,0.5708619952201843,0.5511770248413086,0.5511770248413086,0.4161010682582855,341378
2013-05-03,0.561020016670227,0.561020016670227,0.5511770248413086,0.5511770248413086,0.4161010682582855,379986
2013-05-06,0.5708619952201843,0.5708619952201843,0.561020016670227,0.561020016670227,0.4235319197177887,162560
2013-05-07,0.561020016670227,0.561020016670227,0.5511770248413086,0.561020016670227,0.4235319197177887,528323
2013-05-08,0.561020016670227,0.561020016670227,0.5413349866867065,0.5511770248413086,0.4161010682582855,583187
2013-05-09,0.5413349866867065,0.5708619952201843,0.5413349866867065,0.561020016670227,0.4235319197177887,1330967
2013-05-10,0.561020016670227,0.561020016670227,0.5511770248413086,0.561020016670227,0.4235319197177887,384050
2013-05-13,0.561020016670227,0.561020016670227,0.5511770248413086,0.5511770248413086,0.4161010682582855,247905
2013-05-14,0.5511770248413086,0.5511770248413086,0.5413349866867065,0.5511770248413086,0.4161010682582855,552707
2013-05-15,0.5511770248413086,0.5511770248413086,0.5413349866867065,0.5511770248413086,0.4161010682582855,885957
2013-05-16,0.5511770248413086,0.5511770248413086,0.5511770248413086,0.5511770248413086,0.4161010682582855,172721
2013-05-20,0.5511770248413086,0.5511770248413086,0.5511770248413086,0.5511770248413086,0.4161010682582855,575059
2013-05-21,0.5511770248413086,0.5511770248413086,0.5511770248413086,0.5511770248413086,0.4161010682582855,215393
2013-05-22,0.5511770248413086,0.5511770248413086,0.5413349866867065,0.5511770248413086,0.4161010682582855,573027
2013-05-23,0.5511770248413086,0.5511770248413086,0.5511770248413086,0.5511770248413086,0.4161010682582855,276353
2013-05-24,0.5511770248413086,0.5511770248413086,0.5511770248413086,0.5511770248413086,0.4161010682582855,50800
2013-05-27,0.5511770248413086,0.5511770248413086,0.5413349866867065,0.5511770248413086,0.4161010682582855,900181
2013-05-28,0.5413349866867065,0.5511770248413086,0.5413349866867065,0.5511770248413086,0.4161010682582855,554739
2013-05-29,0.5511770248413086,0.5511770248413086,0.5413349866867065,0.5413349866867065,0.4086710810661316,566023
2013-05-30,0.5511770248413086,0.561020016670227,0.5413349866867065,0.561020016670227,0.4235319197177887,426722
2013-05-31,0.5511770248413086,0.6003900170326233,0.5511770248413086,0.5708619952201843,0.43096187710762024,1347096
2013-06-03,0.5708619952201843,0.5708619952201843,0.5511770248413086,0.5511770248413086,0.4161010682582855,505970
2013-06-04,0.561020016670227,0.561020016670227,0.5511770248413086,0.5511770248413086,0.4161010682582855,552707
2013-06-05,0.5511770248413086,0.561020016670227,0.5511770248413086,0.5511770248413086,0.4161010682582855,420626
2013-06-06,0.5511770248413086,0.5511770248413086,0.5413349866867065,0.5511770248413086,0.4161010682582855,270257
2013-06-07,0.5413349866867065,0.5511770248413086,0.5118079781532288,0.5413349866867065,0.4086710810661316,1654057
2013-06-10,0.5314919948577881,0.5413349866867065,0.5314919948577881,0.5314919948577881,0.4012403190135956,225553
2013-06-11,0.5314919948577881,0.5413349866867065,0.5314919948577881,0.5314919948577881,0.4012403190135956,402338
2013-06-13,0.5118079781532288,0.5216500163078308,0.5118079781532288,0.5216500163078308,0.3938102126121521,195073
2013-06-14,0.5314919948577881,0.5413349866867065,0.5314919948577881,0.5413349866867065,0.4086710810661316,455170
2013-06-17,0.5314919948577881,0.5314919948577881,0.5314919948577881,0.5314919948577881,0.4012403190135956,10160
2013-06-18,0.5413349866867065,0.5511770248413086,0.5413349866867065,0.5413349866867065,0.4086710810661316,292609
2013-06-19,0.5413349866867065,0.5413349866867065,0.5314919948577881,0.5314919948577881,0.4012403190135956,91440
2013-06-20,0.5216500163078308,0.5314919948577881,0.5019649863243103,0.5216500163078308,0.3938102126121521,908309
2013-06-21,0.5118079781532288,0.5216500163078308,0.5019649863243103,0.5216500163078308,0.3938102126121521,347474
2013-06-24,0.5118079781532288,0.5118079781532288,0.5019649863243103,0.5118079781532288,0.386380136013031,1034294
2013-06-25,0.5118079781532288,0.5118079781532288,0.5019649863243103,0.5019649863243103,0.378949373960495,345442
2013-06-26,0.5216500163078308,0.5314919948577881,0.5019649863243103,0.5216500163078308,0.3938102126121521,948949
2013-06-27,0.5216500163078308,0.5216500163078308,0.5118079781532288,0.5216500163078308,0.3938102126121521,298705
2013-06-28,0.5216500163078308,0.5216500163078308,0.5216500163078308,0.5216500163078308,0.3938102126121521,30480
2013-07-02,0.5118079781532288,0.5216500163078308,0.5118079781532288,0.5216500163078308,0.3938102126121521,386082
2013-07-03,0.5019649863243103,0.5118079781532288,0.5019649863243103,0.5118079781532288,0.386380136013031,154432
2013-07-04,0.5118079781532288,0.5118079781532288,0.5019649863243103,0.5118079781532288,0.386380136013031,197105
2013-07-05,0.5216500163078308,0.5216500163078308,0.5019649863243103,0.5118079781532288,0.386380136013031,410466
2013-07-08,0.5019649863243103,0.5019649863243103,0.492123007774353,0.5019649863243103,0.378949373960495,682756
2013-07-09,0.5019649863243103,0.5019649863243103,0.5019649863243103,0.5019649863243103,0.378949373960495,203201
2013-07-10,0.5019649863243103,0.5019649863243103,0.492123007774353,0.5019649863243103,0.378949373960495,314961
2013-07-11,0.5118079781532288,0.5118079781532288,0.5118079781532288,0.5118079781532288,0.386380136013031,152400
2013-07-12,0.5019649863243103,0.5019649863243103,0.5019649863243103,0.5019649863243103,0.378949373960495,146304
2013-07-15,0.5118079781532288,0.5118079781532288,0.492123007774353,0.5019649863243103,0.378949373960495,60960
2013-07-16,0.5019649863243103,0.5019649863243103,0.5019649863243103,0.5019649863243103,0.378949373960495,219457
2013-07-17,0.5019649863243103,0.5216500163078308,0.5019649863243103,0.5118079781532288,0.386380136013031,226874
2013-07-18,0.5118079781532288,0.5118079781532288,0.5118079781532288,0.5118079781532288,0.386380136013031,31496
2013-07-19,0.5019649863243103,0.5019649863243103,0.5019649863243103,0.5019649863243103,0.378949373960495,40640
2013-07-22,0.5118079781532288,0.5118079781532288,0.5019649863243103,0.5019649863243103,0.378949373960495,152400
2013-07-23,0.5118079781532288,0.5118079781532288,0.5118079781532288,0.5118079781532288,0.386380136013031,40640
2013-07-24,0.5118079781532288,0.5118079781532288,0.5118079781532288,0.5118079781532288,0.386380136013031,40640
2013-07-25,0.5118079781532288,0.5118079781532288,0.5019649863243103,0.5019649863243103,0.378949373960495,223521
2013-07-26,0.5019649863243103,0.5511770248413086,0.5019649863243103,0.5216500163078308,0.3938102126121521,2338845
2013-07-29,0.5118079781532288,0.5216500163078308,0.5118079781532288,0.5118079781532288,0.386380136013031,367895
2013-07-30,0.5118079781532288,0.5118079781532288,0.5019649863243103,0.5019649863243103,0.378949373960495,337313
2013-07-31,0.5118079781532288,0.5216500163078308,0.5118079781532288,0.5216500163078308,0.3938102126121521,497842
2013-08-01,0.5118079781532288,0.5118079781532288,0.5118079781532288,0.5118079781532288,0.386380136013031,152400
2013-08-02,0.5118079781532288,0.5216500163078308,0.5118079781532288,0.5118079781532288,0.386380136013031,162764
2013-08-05,0.5118079781532288,0.5216500163078308,0.5118079781532288,0.5216500163078308,0.3938102126121521,229617
2013-08-06,0.5118079781532288,0.5216500163078308,0.5118079781532288,0.5216500163078308,0.3938102126121521,132080
2013-08-07,0.5216500163078308,0.5216500163078308,0.5019649863243103,0.5019649863243103,0.378949373960495,89408
2013-08-08,0.5019649863243103,0.5118079781532288,0.5019649863243103,0.5118079781532288,0.386380136013031,347474
2013-08-09,0.5019649863243103,0.5019649863243103,0.5019649863243103,0.5019649863243103,0.378949373960495,203201
2013-08-12,0.5019649863243103,0.5019649863243103,0.4872010052204132,0.4872010052204132,0.36780357360839844,3064274
2013-08-13,0.492123007774353,0.492123007774353,0.4872010052204132,0.4872010052204132,0.36780357360839844,668531
2013-08-14,0.4872010052204132,0.4872010052204132,0.4872010052204132,0.4872010052204132,0.36780357360839844,0
2013-08-15,0.492123007774353,0.5019649863243103,0.4872010052204132,0.492123007774353,0.3715192675590515,1326903
2013-08-16,0.492123007774353,0.492123007774353,0.47735899686813354,0.4822799861431122,0.3640884757041931,3113042
2013-08-19,0.4822799861431122,0.4872010052204132,0.47735899686813354,0.47735899686813354,0.3603735566139221,1131830
2013-08-20,0.47735899686813354,0.4822799861431122,0.4724380075931549,0.47735899686813354,0.3603735566139221,757940
2013-08-21,0.47735899686813354,0.47735899686813354,0.47735899686813354,0.47735899686813354,0.3603735566139221,379986
2013-08-22,0.4822799861431122,0.4822799861431122,0.4724380075931549,0.4822799861431122,0.3640884757041931,266193
2013-08-23,0.4872010052204132,0.4872010052204132,0.4822799861431122,0.4822799861431122,0.3640884757041931,113792
2013-08-26,0.4822799861431122,0.4822799861431122,0.47735899686813354,0.4822799861431122,0.3640884757041931,347474
2013-08-27,0.4872010052204132,0.4872010052204132,0.4872010052204132,0.4872010052204132,0.36780357360839844,50800
2013-08-28,0.4822799861431122,0.4872010052204132,0.47735899686813354,0.47735899686813354,0.3603735566139221,751844
2013-08-29,0.47735899686813354,0.492123007774353,0.4724380075931549,0.492123007774353,0.3715192675590515,1109884
2013-08-30,0.4822799861431122,0.5019649863243103,0.4822799861431122,0.492123007774353,0.3715192675590515,786388
2013-09-02,0.4822799861431122,0.4822799861431122,0.4822799861431122,0.4822799861431122,0.37457630038261414,251969
2013-09-03,0.47735899686813354,0.4872010052204132,0.47735899686813354,0.4822799861431122,0.37457630038261414,170689
2013-09-04,0.4822799861431122,0.4872010052204132,0.4724380075931549,0.4872010052204132,0.3783983886241913,211329
2013-09-05,0.5019649863243103,0.5413349866867065,0.5019649863243103,0.5216500163078308,0.40515413880348206,17178629
2013-09-06,0.5118079781532288,0.5216500163078308,0.5019649863243103,0.5019649863243103,0.3898652195930481,3009409
2013-09-09,0.5019649863243103,0.5118079781532288,0.492123007774353,0.5019649863243103,0.3898652195930481,3009409
2013-09-10,0.5019649863243103,0.5118079781532288,0.492123007774353,0.5019649863243103,0.3898652195930481,1641865
2013-09-11,0.5019649863243103,0.5019649863243103,0.492123007774353,0.5019649863243103,0.3898652195930481,794516
2013-09-12,0.5019649863243103,0.5019649863243103,0.5019649863243103,0.5019649863243103,0.3898652195930481,339346
2013-09-13,0.5019649863243103,0.5019649863243103,0.492123007774353,0.5019649863243103,0.3898652195930481,646179
2013-09-16,0.5019649863243103,0.5019649863243103,0.492123007774353,0.5019649863243103,0.3898652195930481,1337063
2013-09-17,0.5019649863243103,0.5019649863243103,0.492123007774353,0.492123007774353,0.38222119212150574,428754
2013-09-18,0.492123007774353,0.492123007774353,0.4822799861431122,0.4872010052204132,0.3783983886241913,967237
2013-09-19,0.4872010052204132,0.4872010052204132,0.4724380075931549,0.47735899686813354,0.37075433135032654,1139958
2013-09-23,0.47735899686813354,0.4872010052204132,0.4724380075931549,0.4872010052204132,0.3783983886241913,690884
2013-09-24,0.492123007774353,0.492123007774353,0.492123007774353,0.492123007774353,0.38222119212150574,406402
2013-09-25,0.492123007774353,0.492123007774353,0.4872010052204132,0.492123007774353,0.38222119212150574,215393
2013-09-26,0.4872010052204132,0.4872010052204132,0.4822799861431122,0.4822799861431122,0.37457630038261414,459234
2013-09-27,0.4822799861431122,0.4872010052204132,0.47735899686813354,0.4872010052204132,0.3783983886241913,660403
2013-09-30,0.4822799861431122,0.4822799861431122,0.4724380075931549,0.47735899686813354,0.37075433135032654,304801
2013-10-02,0.4822799861431122,0.5019649863243103,0.47735899686813354,0.47735899686813354,0.37075433135032654,1745498
2013-10-03,0.47735899686813354,0.4872010052204132,0.47735899686813354,0.4872010052204132,0.3783983886241913,30480
2013-10-04,0.4822799861431122,0.4872010052204132,0.47735899686813354,0.4822799861431122,0.37457630038261414,286513
2013-10-07,0.47735899686813354,0.4872010052204132,0.47735899686813354,0.4872010052204132,0.3783983886241913,434850
2013-10-08,0.47735899686813354,0.4872010052204132,0.47735899686813354,0.47735899686813354,0.37075433135032654,766068
2013-10-09,0.4822799861431122,0.4822799861431122,0.47735899686813354,0.47735899686813354,0.37075433135032654,355602
2013-10-10,0.47735899686813354,0.4822799861431122,0.4724380075931549,0.4822799861431122,0.37457630038261414,524259
2013-10-11,0.47735899686813354,0.4872010052204132,0.47735899686813354,0.4872010052204132,0.3783983886241913,865637
2013-10-15,0.4872010052204132,0.4872010052204132,0.4822799861431122,0.4872010052204132,0.3783983886241913,103632
2013-10-16,0.4822799861431122,0.4822799861431122,0.4822799861431122,0.4822799861431122,0.37457630038261414,798580
2013-10-17,0.47735899686813354,0.4872010052204132,0.47735899686813354,0.47735899686813354,0.37075433135032654,579123
2013-10-18,0.47735899686813354,0.4872010052204132,0.47735899686813354,0.4822799861431122,0.37457630038261414,382018
2013-10-21,0.47735899686813354,0.4822799861431122,0.47735899686813354,0.4822799861431122,0.37457630038261414,254814
2013-10-22,0.4872010052204132,0.4872010052204132,0.47735899686813354,0.4822799861431122,0.37457630038261414,493778
2013-10-23,0.4822799861431122,0.4822799861431122,0.47735899686813354,0.47735899686813354,0.37075433135032654,852429
2013-10-24,0.4822799861431122,0.4872010052204132,0.47735899686813354,0.4822799861431122,0.37457630038261414,573128
2013-10-25,0.4872010052204132,0.492123007774353,0.4872010052204132,0.4872010052204132,0.3783983886241913,1341127
2013-10-28,0.4872010052204132,0.4872010052204132,0.4872010052204132,0.4872010052204132,0.3783983886241913,577091
2013-10-29,0.4872010052204132,0.4872010052204132,0.4822799861431122,0.4822799861431122,0.37457630038261414,1362464
2013-10-30,0.4822799861431122,0.492123007774353,0.4822799861431122,0.4872010052204132,0.3783983886241913,369826
2013-10-31,0.4872010052204132,0.4872010052204132,0.4872010052204132,0.4872010052204132,0.3783983886241913,193041
2013-11-01,0.4822799861431122,0.4872010052204132,0.4822799861431122,0.4872010052204132,0.3783983886241913,442978
2013-11-04,0.4872010052204132,0.5019649863243103,0.4872010052204132,0.5019649863243103,0.3898652195930481,615699
2013-11-05,0.492123007774353,0.5216500163078308,0.4872010052204132,0.5118079781532288,0.3975100517272949,1772930
2013-11-06,0.5216500163078308,0.5216500163078308,0.5019649863243103,0.5118079781532288,0.3975100517272949,934725
2013-11-07,0.5019649863243103,0.5118079781532288,0.5019649863243103,0.5118079781532288,0.3975100517272949,156464
2013-11-08,0.5118079781532288,0.5118079781532288,0.492123007774353,0.5019649863243103,0.3898652195930481,130048
2013-11-11,0.5118079781532288,0.5118079781532288,0.492123007774353,0.5019649863243103,0.3898652195930481,692916
2013-11-12,0.5019649863243103,0.5019649863243103,0.5019649863243103,0.5019649863243103,0.3898652195930481,50800
2013-11-13,0.5019649863243103,0.5019649863243103,0.492123007774353,0.492123007774353,0.38222119212150574,573027
2013-11-14,0.492123007774353,0.5118079781532288,0.492123007774353,0.5118079781532288,0.3975100517272949,642115
2013-11-15,0.5118079781532288,0.5118079781532288,0.5019649863243103,0.5019649863243103,0.3898652195930481,548643
2013-11-18,0.5019649863243103,0.5118079781532288,0.5019649863243103,0.5118079781532288,0.3975100517272949,692916
2013-11-19,0.5118079781532288,0.5118079781532288,0.5019649863243103,0.5019649863243103,0.3898652195930481,276353
2013-11-20,0.5019649863243103,0.5118079781532288,0.5019649863243103,0.5019649863243103,0.3898652195930481,762004
2013-11-21,0.5118079781532288,0.5118079781532288,0.5019649863243103,0.5118079781532288,0.3975100517272949,1851162
2013-11-22,0.5118079781532288,0.5118079781532288,0.5118079781532288,0.5118079781532288,0.3975100517272949,918469
2013-11-25,0.5216500163078308,0.5216500163078308,0.5019649863243103,0.5118079781532288,0.3975100517272949,564899
2013-11-26,0.5118079781532288,0.5118079781532288,0.5019649863243103,0.5118079781532288,0.3975100517272949,1166374
2013-11-27,0.5118079781532288,0.5118079781532288,0.5019649863243103,0.5118079781532288,0.3975100517272949,241911
2013-11-28,0.5216500163078308,0.5314919948577881,0.5019649863243103,0.5118079781532288,0.3975100517272949,1119638
2013-11-29,0.5019649863243103,0.5019649863243103,0.492123007774353,0.5019649863243103,0.3898652195930481,1555886
2013-12-02,0.5019649863243103,0.5019649863243103,0.492123007774353,0.5019649863243103,0.3898652195930481,809167
2013-12-03,0.492123007774353,0.5019649863243103,0.492123007774353,0.5019649863243103,0.3898652195930481,573027
2013-12-04,0.492123007774353,0.5019649863243103,0.492123007774353,0.5019649863243103,0.3898652195930481,487682
2013-12-05,0.492123007774353,0.5019649863243103,0.492123007774353,0.492123007774353,0.38222119212150574,325121
2013-12-06,0.492123007774353,0.5019649863243103,0.492123007774353,0.492123007774353,0.38222119212150574,406402
2013-12-09,0.5019649863243103,0.5019649863243103,0.492123007774353,0.492123007774353,0.38222119212150574,680724
2013-12-10,0.5019649863243103,0.5019649863243103,0.492123007774353,0.492123007774353,0.38222119212150574,676659
2013-12-11,0.492123007774353,0.492123007774353,0.492123007774353,0.492123007774353,0.38222119212150574,1901963
2013-12-12,0.4872010052204132,0.492123007774353,0.4872010052204132,0.492123007774353,0.38222119212150574,459234
2013-12-13,0.492123007774353,0.5019649863243103,0.4872010052204132,0.492123007774353,0.38222119212150574,386082
2013-12-16,0.5216500163078308,0.5314919948577881,0.5118079781532288,0.5216500163078308,0.40515413880348206,3796306
2013-12-17,0.5118079781532288,0.5118079781532288,0.5019649863243103,0.5118079781532288,0.3975100517272949,554739
2013-12-18,0.5019649863243103,0.5019649863243103,0.5019649863243103,0.5019649863243103,0.3898652195930481,1042422
2013-12-19,0.5019649863243103,0.5019649863243103,0.492123007774353,0.492123007774353,0.38222119212150574,814836
2013-12-20,0.492123007774353,0.492123007774353,0.4872010052204132,0.4872010052204132,0.3783983886241913,1643897
2013-12-23,0.4872010052204132,0.492123007774353,0.4872010052204132,0.492123007774353,0.38222119212150574,235713
2013-12-24,0.492123007774353,0.492123007774353,0.492123007774353,0.492123007774353,0.38222119212150574,58928
2013-12-27,0.492123007774353,0.492123007774353,0.4872010052204132,0.492123007774353,0.38222119212150574,453138
2013-12-30,0.492123007774353,0.5019649863243103,0.492123007774353,0.5019649863243103,0.3898652195930481,219457
2013-12-31,0.5019649863243103,0.5019649863243103,0.5019649863243103,0.5019649863243103,0.3898652195930481,142240
2014-01-02,0.492123007774353,0.492123007774353,0.4872010052204132,0.492123007774353,0.38222119212150574,707140
2014-01-03,0.492123007774353,0.492123007774353,0.492123007774353,0.492123007774353,0.38222119212150574,394210
2014-01-06,0.492123007774353,0.492123007774353,0.4872010052204132,0.492123007774353,0.38222119212150574,1156214
2014-01-07,0.492123007774353,0.492123007774353,0.4872010052204132,0.492123007774353,0.38222119212150574,892053
2014-01-08,0.492123007774353,0.5019649863243103,0.492123007774353,0.5019649863243103,0.3898652195930481,519814
2014-01-09,0.492123007774353,0.492123007774353,0.492123007774353,0.492123007774353,0.38222119212150574,406402
2014-01-10,0.492123007774353,0.492123007774353,0.4872010052204132,0.492123007774353,0.38222119212150574,707140
2014-01-13,0.5118079781532288,0.5216500163078308,0.5019649863243103,0.5118079781532288,0.3975100517272949,3172413
2014-01-14,0.5019649863243103,0.5118079781532288,0.5019649863243103,0.5019649863243103,0.3898652195930481,1093349
2014-01-15,0.5118079781532288,0.5118079781532288,0.5019649863243103,0.5019649863243103,0.3898652195930481,898149
2014-01-16,0.5118079781532288,0.5118079781532288,0.5019649863243103,0.5118079781532288,0.3975100517272949,916437
2014-01-17,0.5019649863243103,0.5118079781532288,0.5019649863243103,0.5019649863243103,0.3898652195930481,445010
2014-01-20,0.5019649863243103,0.5019649863243103,0.492123007774353,0.5019649863243103,0.3898652195930481,375922
2014-01-21,0.5019649863243103,0.5019649863243103,0.492123007774353,0.5019649863243103,0.3898652195930481,1058678
2014-01-22,0.5019649863243103,0.5118079781532288,0.492123007774353,0.5118079781532288,0.3975100517272949,906277
2014-01-23,0.5019649863243103,0.5019649863243103,0.5019649863243103,0.5019649863243103,0.3898652195930481,589283
2014-01-24,0.492123007774353,0.5019649863243103,0.492123007774353,0.492123007774353,0.38222119212150574,373890
2014-01-27,0.492123007774353,0.492123007774353,0.492123007774353,0.492123007774353,0.38222119212150574,694948
2014-01-28,0.492123007774353,0.492123007774353,0.492123007774353,0.492123007774353,0.38222119212150574,30480
2014-01-29,0.5019649863243103,0.5019649863243103,0.4872010052204132,0.5019649863243103,0.3898652195930481,1221239
2014-01-30,0.5019649863243103,0.5019649863243103,0.5019649863243103,0.5019649863243103,0.3898652195930481,0
2014-02-04,0.492123007774353,0.492123007774353,0.4872010052204132,0.492123007774353,0.38222119212150574,957077
2014-02-05,0.4872010052204132,0.492123007774353,0.4872010052204132,0.492123007774353,0.38222119212150574,193041
2014-02-06,0.4872010052204132,0.492123007774353,0.4872010052204132,0.492123007774353,0.38222119212150574,731524
2014-02-07,0.492123007774353,0.492123007774353,0.492123007774353,0.492123007774353,0.38222119212150574,6096
2014-02-10,0.492123007774353,0.492123007774353,0.4872010052204132,0.492123007774353,0.38222119212150574,223521
2014-02-11,0.492123007774353,0.492123007774353,0.492123007774353,0.492123007774353,0.38222119212150574,0
2014-02-12,0.492123007774353,0.492123007774353,0.4872010052204132,0.492123007774353,0.38222119212150574,646179
2014-02-13,0.492123007774353,0.492123007774353,0.492123007774353,0.492123007774353,0.38222119212150574,640083
2014-02-14,0.492123007774353,0.5019649863243103,0.492123007774353,0.492123007774353,0.38222119212150574,174753
2014-02-17,0.492123007774353,0.5019649863243103,0.492123007774353,0.5019649863243103,0.3898652195930481,217425
2014-02-18,0.4872010052204132,0.5019649863243103,0.4822799861431122,0.492123007774353,0.38222119212150574,885957
2014-02-19,0.492123007774353,0.492123007774353,0.492123007774353,0.492123007774353,0.38222119212150574,0
2014-02-20,0.4872010052204132,0.492123007774353,0.4872010052204132,0.492123007774353,0.38222119212150574,325121
2014-02-21,0.4872010052204132,0.492123007774353,0.4872010052204132,0.492123007774353,0.38222119212150574,222765
2014-02-24,0.4872010052204132,0.4872010052204132,0.4872010052204132,0.4872010052204132,0.3783983886241913,153416
2014-02-25,0.4822799861431122,0.4872010052204132,0.4822799861431122,0.4822799861431122,0.37457630038261414,843284
2014-02-26,0.47735899686813354,0.4872010052204132,0.47735899686813354,0.4872010052204132,0.3783983886241913,132080
2014-02-27,0.4872010052204132,0.4872010052204132,0.4822799861431122,0.4822799861431122,0.37457630038261414,227585
2014-02-28,0.4822799861431122,0.4872010052204132,0.4822799861431122,0.4872010052204132,0.3783983886241913,276988
2014-03-03,0.4872010052204132,0.4872010052204132,0.4822799861431122,0.4872010052204132,0.3783983886241913,562867
2014-03-04,0.4872010052204132,0.4872010052204132,0.4872010052204132,0.4872010052204132,0.3783983886241913,71120
2014-03-05,0.4872010052204132,0.4872010052204132,0.4822799861431122,0.4822799861431122,0.37457630038261414,193041
2014-03-06,0.4822799861431122,0.4822799861431122,0.47735899686813354,0.4822799861431122,0.37457630038261414,516131
2014-03-07,0.47735899686813354,0.4822799861431122,0.47735899686813354,0.47735899686813354,0.37075433135032654,424690
2014-03-10,0.47735899686813354,0.47735899686813354,0.47735899686813354,0.47735899686813354,0.37075433135032654,65024
2014-03-11,0.4724380075931549,0.47735899686813354,0.4724380075931549,0.47735899686813354,0.37075433135032654,371858
2014-03-12,0.47735899686813354,0.47735899686813354,0.46259498596191406,0.4724380075931549,0.3669322729110718,957077
2014-03-13,0.4675160050392151,0.4675160050392151,0.46259498596191406,0.46259498596191406,0.3592873811721802,58928
2014-03-14,0.46259498596191406,0.4724380075931549,0.46259498596191406,0.4675160050392151,0.3631094992160797,150368
2014-03-17,0.4675160050392151,0.47735899686813354,0.4675160050392151,0.47735899686813354,0.37075433135032654,30480
2014-03-18,0.4724380075931549,0.47735899686813354,0.4675160050392151,0.4724380075931549,0.3669322729110718,467362
2014-03-19,0.47735899686813354,0.47735899686813354,0.4724380075931549,0.47735899686813354,0.37075433135032654,713236
2014-03-20,0.4724380075931549,0.47735899686813354,0.4724380075931549,0.47735899686813354,0.37075433135032654,323089
2014-03-21,0.4724380075931549,0.4724380075931549,0.4724380075931549,0.4724380075931549,0.3669322729110718,69088
2014-03-24,0.4724380075931549,0.47735899686813354,0.4724380075931549,0.47735899686813354,0.37075433135032654,231649
2014-03-25,0.4675160050392151,0.4724380075931549,0.4675160050392151,0.4724380075931549,0.3669322729110718,274321
2014-03-26,0.4675160050392151,0.47735899686813354,0.4675160050392151,0.4724380075931549,0.3669322729110718,727460
2014-03-27,0.4675160050392151,0.4724380075931549,0.4675160050392151,0.4724380075931549,0.3669322729110718,607571
2014-03-28,0.47735899686813354,0.47735899686813354,0.4724380075931549,0.4724380075931549,0.3669322729110718,827028
2014-03-31,0.4675160050392151,0.47735899686813354,0.4675160050392151,0.4724380075931549,0.3669322729110718,298705
2014-04-01,0.4675160050392151,0.4724380075931549,0.4675160050392151,0.4724380075931549,0.3669322729110718,345442
2014-04-02,0.4724380075931549,0.4724380075931549,0.4675160050392151,0.4724380075931549,0.3669322729110718,247905
2014-04-03,0.4724380075931549,0.4724380075931549,0.46259498596191406,0.4675160050392151,0.3631094992160797,796548
2014-04-04,0.4724380075931549,0.4724380075931549,0.4724380075931549,0.4724380075931549,0.3669322729110718,353570
2014-04-07,0.46259498596191406,0.4724380075931549,0.46259498596191406,0.46259498596191406,0.3592873811721802,865637
2014-04-08,0.46259498596191406,0.46259498596191406,0.46259498596191406,0.4675160050392151,0.3631094992160797,40640
2014-04-09,0.4724380075931549,0.4724380075931549,0.46259498596191406,0.4675160050392151,0.3631094992160797,168656
2014-04-10,0.4675160050392151,0.4675160050392151,0.46259498596191406,0.4675160050392151,0.3631094992160797,239777
2014-04-11,0.46259498596191406,0.4675160050392151,0.46259498596191406,0.4675160050392151,0.3631094992160797,706759
2014-04-14,0.46259498596191406,0.4675160050392151,0.46259498596191406,0.4675160050392151,0.3631094992160797,588270
2014-04-15,0.4675160050392151,0.4675160050392151,0.4675160050392151,0.4675160050392151,0.3631094992160797,312929
2014-04-16,0.46259498596191406,0.47735899686813354,0.46259498596191406,0.47735899686813354,0.37075433135032654,402465
2014-04-17,0.47735899686813354,0.47735899686813354,0.4724380075931549,0.4724380075931549,0.3669322729110718,203201
2014-04-22,0.4675160050392151,0.4724380075931549,0.4675160050392151,0.4675160050392151,0.3631094992160797,152400
2014-04-23,0.4675160050392151,0.4675160050392151,0.4675160050392151,0.4675160050392151,0.3631094992160797,54864
2014-04-24,0.4675160050392151,0.4675160050392151,0.4675160050392151,0.4675160050392151,0.3631094992160797,0
2014-04-25,0.46259498596191406,0.46259498596191406,0.4576739966869354,0.46259498596191406,0.3592873811721802,1070870
2014-04-28,0.4527530074119568,0.4527530074119568,0.44783198833465576,0.4527530074119568,0.3516434133052826,167254
2014-04-29,0.44783198833465576,0.4527530074119568,0.44783198833465576,0.4527530074119568,0.3516434133052826,117856
2014-04-30,0.44783198833465576,0.4527530074119568,0.44290998578071594,0.44783198833465576,0.34782129526138306,481586
2014-05-02,0.44783198833465576,0.44783198833465576,0.44783198833465576,0.44783198833465576,0.34782129526138306,347474
2014-05-05,0.44783198833465576,0.4527530074119568,0.44783198833465576,0.44783198833465576,0.34782129526138306,288545
2014-05-07,0.44783198833465576,0.44783198833465576,0.44783198833465576,0.44783198833465576,0.34782129526138306,0
2014-05-08,0.44783198833465576,0.44783198833465576,0.4379889965057373,0.44290998578071594,0.3439984917640686,161544
2014-05-09,0.4379889965057373,0.44290998578071594,0.4379889965057373,0.44290998578071594,0.3439984917640686,121920
2014-05-12,0.4379889965057373,0.44290998578071594,0.4379889965057373,0.44290998578071594,0.3439984917640686,223521
2014-05-13,0.44290998578071594,0.44783198833465576,0.44290998578071594,0.44783198833465576,0.34782129526138306,28448
2014-05-14,0.4379889965057373,0.44783198833465576,0.4379889965057373,0.44783198833465576,0.34782129526138306,284481
2014-05-15,0.4527530074119568,0.4527530074119568,0.4527530074119568,0.4527530074119568,0.3516434133052826,69088
2014-05-16,0.4527530074119568,0.4527530074119568,0.4527530074119568,0.4527530074119568,0.3516434133052826,0
2014-05-19,0.4527530074119568,0.4724380075931549,0.4527530074119568,0.46259498596191406,0.3592873811721802,172721
2014-05-20,0.4527530074119568,0.4527530074119568,0.4527530074119568,0.4527530074119568,0.3516434133052826,81280
2014-05-21,0.44783198833465576,0.4527530074119568,0.44783198833465576,0.4527530074119568,0.3516434133052826,50800
2014-05-22,0.4527530074119568,0.4527530074119568,0.4527530074119568,0.4527530074119568,0.3516434133052826,50800
2014-05-23,0.4527530074119568,0.4527530074119568,0.44783198833465576,0.44783198833465576,0.34782129526138306,109728
2014-05-26,0.4527530074119568,0.4527530074119568,0.4527530074119568,0.4527530074119568,0.3516434133052826,296673
2014-05-27,0.4379889965057373,0.4527530074119568,0.4379889965057373,0.44783198833465576,0.34782129526138306,54864
2014-05-28,0.4527530074119568,0.4527530074119568,0.44290998578071594,0.44290998578071594,0.3439984917640686,225250
2014-05-29,0.44290998578071594,0.4527530074119568,0.4379889965057373,0.4527530074119568,0.3516434133052826,1337063
2014-05-30,0.4527530074119568,0.4527530074119568,0.44783198833465576,0.44783198833465576,0.34782129526138306,186945
2014-06-03,0.4527530074119568,0.4527530074119568,0.44290998578071594,0.44783198833465576,0.34782129526138306,140208
2014-06-04,0.4527530074119568,0.4527530074119568,0.44783198833465576,0.44783198833465576,0.34782129526138306,274321
2014-06-05,0.44783198833465576,0.5118079781532288,0.44783198833465576,0.46259498596191406,0.3592873811721802,1950731
2014-06-06,0.46259498596191406,0.4724380075931549,0.46259498596191406,0.46259498596191406,0.3592873811721802,688852
2014-06-09,0.4675160050392151,0.4675160050392151,0.4576739966869354,0.46259498596191406,0.3592873811721802,371858
2014-06-10,0.46259498596191406,0.4675160050392151,0.46259498596191406,0.4675160050392151,0.3631094992160797,162560
2014-06-11,0.4576739966869354,0.4675160050392151,0.4576739966869354,0.4576739966869354,0.35546544194221497,694948
2014-06-12,0.46259498596191406,0.46259498596191406,0.4576739966869354,0.46259498596191406,0.3592873811721802,1278135
2014-06-13,0.46259498596191406,0.4675160050392151,0.4576739966869354,0.46259498596191406,0.3592873811721802,1359416
2014-06-16,0.4675160050392151,0.47735899686813354,0.46259498596191406,0.4675160050392151,0.3631094992160797,329744
2014-06-17,0.4675160050392151,0.4675160050392151,0.4675160050392151,0.4675160050392151,0.3631094992160797,5842
2014-06-18,0.4675160050392151,0.4675160050392151,0.46259498596191406,0.4675160050392151,0.3631094992160797,264161
2014-06-19,0.4724380075931549,0.4724380075931549,0.4675160050392151,0.4675160050392151,0.3631094992160797,223521
2014-06-20,0.46259498596191406,0.4724380075931549,0.46259498596191406,0.4675160050392151,0.3631094992160797,477522
2014-06-23,0.4675160050392151,0.4675160050392151,0.46259498596191406,0.46259498596191406,0.3592873811721802,26416
2014-06-24,0.4675160050392151,0.4675160050392151,0.4576739966869354,0.4675160050392151,0.3631094992160797,451106
2014-06-25,0.4675160050392151,0.4675160050392151,0.4527530074119568,0.4675160050392151,0.3631094992160797,749812
2014-06-26,0.4675160050392151,0.4675160050392151,0.4576739966869354,0.46259498596191406,0.3592873811721802,292609
2014-06-27,0.46259498596191406,0.46259498596191406,0.46259498596191406,0.46259498596191406,0.3592873811721802,257811
2014-06-30,0.4576739966869354,0.46259498596191406,0.4576739966869354,0.46259498596191406,0.3592873811721802,225553
2014-07-02,0.4675160050392151,0.5118079781532288,0.4675160050392151,0.492123007774353,0.38222119212150574,3803926
2014-07-03,0.5019649863243103,0.5118079781532288,0.5019649863243103,0.5118079781532288,0.3975100517272949,3824246
2014-07-04,0.5118079781532288,0.5216500163078308,0.492123007774353,0.5118079781532288,0.3975100517272949,1960891
2014-07-07,0.5118079781532288,0.5118079781532288,0.5118079781532288,0.5118079781532288,0.3975100517272949,0
2014-07-08,0.7381839752197266,0.8858209848403931,0.6692870259284973,0.8759790062904358,0.6803537607192993,141900819
2014-07-09,0.8956639766693115,0.9448760151863098,0.8464509844779968,0.9153479933738708,0.7109308838844299,76237671
2014-07-10,0.9055060148239136,0.9153479933738708,0.8267660140991211,0.8562939763069153,0.665064811706543,27439020
2014-07-11,0.8464509844779968,0.8956639766693115,0.8366090059280396,0.8661360144615173,0.6727088689804077,20360760
2014-07-14,0.8464509844779968,0.8956639766693115,0.8366090059280396,0.8464509844779968,0.6574199795722961,28726553
2014-07-15,0.8464509844779968,0.9055060148239136,0.816923975944519,0.8858209848403931,0.6879976987838745,28411210
2014-07-16,0.8759790062904358,1.1023550033569336,0.8661360144615173,1.0334579944610596,0.8026642203330994,117408703
2014-07-17,1.0629849433898926,1.181095004081726,1.013772964477539,1.05314302444458,0.8179531693458557,91078959
2014-07-18,1.0334579944610596,1.0925129652023315,0.9940879940986633,1.0039310455322266,0.7797313332557678,31129611
2014-07-21,1.0334579944610596,1.1023550033569336,1.0039310455322266,1.05314302444458,0.8179531693458557,25705445
2014-07-22,1.05314302444458,1.1712520122528076,1.0334579944610596,1.141724944114685,0.8867527842521667,48972200
2014-07-23,1.1614099740982056,1.210621953010559,1.0925129652023315,1.0925129652023315,0.8485310077667236,47819846
2014-07-24,1.112197995185852,1.122040033340454,1.013772964477539,1.0629849433898926,0.82559734582901,27315702
2014-07-25,1.05314302444458,1.1023550033569336,1.0334579944610596,1.0925129652023315,0.8485310077667236,14101528
2014-07-28,1.1023550033569336,1.1023550033569336,1.05314302444458,1.0629849433898926,0.82559734582901,9666662
2014-07-29,1.0629849433898926,1.082669973373413,0.7873960137367249,0.8070809841156006,0.626842200756073,35645554
2014-07-30,0.8267660140991211,0.8956639766693115,0.7381839752197266,0.7480270266532898,0.5809763073921204,71377582
2014-07-31,0.7677119970321655,0.7972390055656433,0.7480270266532898,0.7775539755821228,0.6039091944694519,19409778
2014-08-01,0.7677119970321655,0.8267660140991211,0.7480270266532898,0.8267660140991211,0.6421310305595398,24749906
2014-08-04,0.8366090059280396,0.8562939763069153,0.8070809841156006,0.816923975944519,0.6344870328903198,13254814
2014-08-05,0.8070809841156006,0.8267660140991211,0.8070809841156006,0.8070809841156006,0.626842200756073,7288827
2014-08-06,0.8070809841156006,0.8464509844779968,0.8070809841156006,0.8366090059280396,0.6497759222984314,8221266
2014-08-07,0.8464509844779968,0.9350330233573914,0.8366090059280396,0.9350330233573914,0.7262197732925415,30073980
2014-08-08,0.9251909852027893,0.9448760151863098,0.8858209848403931,0.8956639766693115,0.6956425905227661,17353382
2014-08-11,0.9055060148239136,0.9251909852027893,0.8956639766693115,0.9251909852027893,0.7185755372047424,8076028
2014-08-12,0.9251909852027893,0.9350330233573914,0.8858209848403931,0.8956639766693115,0.6956425905227661,5868450
2014-08-13,0.8956639766693115,0.9055060148239136,0.8464509844779968,0.8562939763069153,0.665064811706543,10231180
2014-08-14,0.8759790062904358,0.9153479933738708,0.8562939763069153,0.8858209848403931,0.6879976987838745,5976147
2014-08-15,0.8956639766693115,0.9055060148239136,0.8562939763069153,0.8759790062904358,0.6803537607192993,5256815
2014-08-18,0.8858209848403931,1.013772964477539,0.8759790062904358,0.9744030237197876,0.7567974925041199,34700120
2014-08-19,0.984246015548706,1.0039310455322266,0.9645609855651855,0.9744030237197876,0.7567974925041199,4949981
2014-08-20,0.984246015548706,1.0334579944610596,0.9744030237197876,0.9940879940986633,0.7720863819122314,8678192
2014-08-21,1.0039310455322266,1.0039310455322266,0.9645609855651855,0.984246015548706,0.7644423842430115,4050003
2014-08-22,0.984246015548706,0.984246015548706,0.9350330233573914,0.9547179937362671,0.7415086627006531,5002813
2014-08-25,0.9645609855651855,1.0629849433898926,0.9645609855651855,1.013772964477539,0.7873753309249878,13257807
2014-08-26,1.0039310455322266,1.0039310455322266,0.984246015548706,0.9940879940986633,0.7850432991981506,3862854
2014-08-27,0.9940879940986633,0.9940879940986633,0.9645609855651855,0.9645609855651855,0.7617254853248596,2412049
2014-08-28,0.9645609855651855,0.984246015548706,0.9645609855651855,0.9645609855651855,0.7617254853248596,2184158
2014-08-29,0.9744030237197876,1.0236159563064575,0.9744030237197876,0.9940879940986633,0.7850432991981506,5498367
2014-09-01,1.0039310455322266,1.0039310455322266,0.9744030237197876,0.9744030237197876,0.769497811794281,1694698
2014-09-02,0.9744030237197876,0.9940879940986633,0.9645609855651855,0.984246015548706,0.7772709727287292,3781574
2014-09-03,0.984246015548706,1.0039310455322266,0.9744030237197876,1.0039310455322266,0.7928165197372437,4131080
2014-09-04,1.0039310455322266,1.0433000326156616,0.9940879940986633,1.013772964477539,0.8005887866020203,11261512
2014-09-05,1.0236159563064575,1.05314302444458,1.0236159563064575,1.0433000326156616,0.823906660079956,5453920
2014-09-08,1.0433000326156616,1.0629849433898926,0.9350330233573914,0.984246015548706,0.7772709727287292,10555591
2014-09-10,0.984246015548706,1.013772964477539,0.9547179937362671,0.9940879940986633,0.7850432991981506,5972337
2014-09-11,0.9940879940986633,0.9940879940986633,0.9940879940986633,0.9940879940986633,0.7850432991981506,0
2014-09-12,0.9940879940986633,0.9940879940986633,0.9940879940986633,0.9940879940986633,0.7850432991981506,0
2014-09-15,0.9940879940986633,0.9940879940986633,0.9940879940986633,0.9940879940986633,0.7850432991981506,0
2014-09-16,0.9940879940986633,0.9940879940986633,0.9940879940986633,0.9940879940986633,0.7850432991981506,0
2014-09-17,0.9940879940986633,0.9940879940986633,0.9940879940986633,0.9940879940986633,0.7850432991981506,0
2014-09-18,0.9940879940986633,0.9940879940986633,0.9940879940986633,0.9940879940986633,0.7850432991981506,0
2014-09-19,0.9940879940986633,0.9940879940986633,0.9940879940986633,0.9940879940986633,0.7850432991981506,0
2014-09-22,0.9940879940986633,0.9940879940986633,0.9940879940986633,0.9940879940986633,0.7850432991981506,0
2014-09-23,0.9940879940986633,0.9940879940986633,0.9940879940986633,0.9940879940986633,0.7850432991981506,0
2014-09-24,0.9940879940986633,0.9940879940986633,0.9940879940986633,0.9940879940986633,0.7850432991981506,0
2014-09-25,0.9940879940986633,0.9940879940986633,0.9940879940986633,0.9940879940986633,0.7850432991981506,0
2014-09-26,0.9940879940986633,0.9940879940986633,0.9940879940986633,0.9940879940986633,0.7850432991981506,0
2014-09-29,0.9940879940986633,0.9940879940986633,0.9940879940986633,0.9940879940986633,0.7850432991981506,0
2014-09-30,0.9940879940986633,0.9940879940986633,0.9940879940986633,0.9940879940986633,0.7850432991981506,0
2014-10-03,0.9940879940986633,0.9940879940986633,0.9940879940986633,0.9940879940986633,0.7850432991981506,0
2014-10-06,0.9940879940986633,0.9940879940986633,0.9940879940986633,0.9940879940986633,0.7850432991981506,0
2014-10-07,0.9940879940986633,0.9940879940986633,0.9940879940986633,0.9940879940986633,0.7850432991981506,0
2014-10-08,0.9940879940986633,0.9940879940986633,0.9940879940986633,0.9940879940986633,0.7850432991981506,0
2014-10-09,0.9940879940986633,0.9940879940986633,0.9940879940986633,0.9940879940986633,0.7850432991981506,0
2014-10-10,0.9940879940986633,0.9940879940986633,0.9940879940986633,0.9940879940986633,0.7850432991981506,0
2014-10-13,0.9940879940986633,0.9940879940986633,0.9940879940986633,0.9940879940986633,0.7850432991981506,0
2014-10-14,0.9940879940986633,0.9940879940986633,0.9940879940986633,0.9940879940986633,0.7850432991981506,0
2014-10-15,0.9940879940986633,0.9940879940986633,0.9940879940986633,0.9940879940986633,0.7850432991981506,0
2014-10-16,0.9940879940986633,0.9940879940986633,0.9940879940986633,0.9940879940986633,0.7850432991981506,0
2014-10-17,0.9940879940986633,0.9940879940986633,0.9940879940986633,0.9940879940986633,0.7850432991981506,0
2014-10-20,0.9940879940986633,0.9940879940986633,0.9940879940986633,0.9940879940986633,0.7850432991981506,0
2014-10-21,1.2303069829940796,1.2499920129776,1.122040033340454,1.151568055152893,0.909407377243042,96265427
2014-10-22,1.1614099740982056,1.1712520122528076,1.141724944114685,1.141724944114685,0.9016340374946594,19154220
2014-10-23,1.151568055152893,1.210621953010559,1.151568055152893,1.2007800340652466,0.9482704401016235,27083925
2014-10-24,1.2007800340652466,1.2204649448394775,1.181095004081726,1.2007800340652466,0.9482704401016235,15256854
2014-10-27,1.1909370422363281,1.2007800340652466,1.1614099740982056,1.181095004081726,0.9327250123023987,8668309
2014-10-28,1.181095004081726,1.181095004081726,1.1614099740982056,1.1712520122528076,0.9249519109725952,8751141
2014-10-29,1.1712520122528076,1.1909370422363281,1.1712520122528076,1.181095004081726,0.9327250123023987,7284895
2014-10-30,1.1909370422363281,1.1909370422363281,1.1712520122528076,1.181095004081726,0.9327250123023987,5094132
2014-10-31,1.181095004081726,1.1909370422363281,1.1712520122528076,1.181095004081726,0.9327250123023987,7514380
2014-11-03,1.181095004081726,1.181095004081726,1.1614099740982056,1.1712520122528076,0.9249519109725952,7363630
2014-11-04,1.1712520122528076,1.181095004081726,1.1614099740982056,1.1712520122528076,0.9249519109725952,5888770
2014-11-05,1.181095004081726,1.181095004081726,1.1712520122528076,1.181095004081726,0.9327250123023987,4777260
2014-11-06,1.1712520122528076,1.181095004081726,1.1712520122528076,1.1712520122528076,0.9249519109725952,2189619
2014-11-07,1.1712520122528076,1.181095004081726,1.1712520122528076,1.1712520122528076,0.9249519109725952,10595418
2014-11-10,1.181095004081726,1.240149974822998,1.1712520122528076,1.1909370422363281,0.9404973983764648,13486387
2014-11-11,1.2007800340652466,1.2007800340652466,1.181095004081726,1.1909370422363281,0.9404973983764648,4759276
2014-11-12,1.181095004081726,1.2007800340652466,1.181095004081726,1.1909370422363281,0.9404973983764648,3080631
2014-11-13,1.1909370422363281,1.1909370422363281,1.181095004081726,1.181095004081726,0.9327250123023987,2596911
2014-11-14,1.181095004081726,1.1909370422363281,1.181095004081726,1.1909370422363281,0.9404973983764648,2118880
2014-11-17,1.1909370422363281,1.1909370422363281,1.1712520122528076,1.1712520122528076,0.9249519109725952,2552613
2014-11-18,1.1712520122528076,1.181095004081726,1.1712520122528076,1.1712520122528076,0.9249519109725952,1160278
2014-11-19,1.1712520122528076,1.1909370422363281,1.1712520122528076,1.181095004081726,0.9327250123023987,1225303
2014-11-20,1.181095004081726,1.181095004081726,1.1712520122528076,1.181095004081726,0.9327250123023987,914405
2014-11-21,1.181095004081726,1.2007800340652466,1.1712520122528076,1.181095004081726,0.9327250123023987,4112792
2014-11-24,1.181095004081726,1.1909370422363281,1.1712520122528076,1.181095004081726,0.9327250123023987,3056069
2014-11-25,1.1712520122528076,1.181095004081726,1.1712520122528076,1.181095004081726,0.9327250123023987,2224982
2014-11-26,1.1909370422363281,1.2303069829940796,1.1909370422363281,1.210621953010559,0.9560429453849792,10238038
2014-11-27,1.210621953010559,1.2204649448394775,1.2007800340652466,1.2007800340652466,0.9482704401016235,1570826
2014-11-28,1.210621953010559,1.210621953010559,1.2007800340652466,1.2007800340652466,0.9482704401016235,3307607
2014-12-01,1.2007800340652466,1.210621953010559,1.1909370422363281,1.1909370422363281,0.9404973983764648,4797342
2014-12-02,1.1909370422363281,1.210621953010559,1.1909370422363281,1.210621953010559,0.9560429453849792,3009511
2014-12-03,1.210621953010559,1.210621953010559,1.1909370422363281,1.2007800340652466,0.9482704401016235,1875547
2014-12-04,1.1909370422363281,1.2007800340652466,1.1909370422363281,1.1909370422363281,0.9404973983764648,3450356
2014-12-05,1.1909370422363281,1.2007800340652466,1.1909370422363281,1.1909370422363281,0.9404973983764648,1868816
2014-12-08,1.1909370422363281,1.2204649448394775,1.1909370422363281,1.2007800340652466,0.9482704401016235,4326661
2014-12-09,1.2007800340652466,1.210621953010559,1.1909370422363281,1.1909370422363281,0.9404973983764648,1654057
2014-12-10,1.2007800340652466,1.2598350048065186,1.2007800340652466,1.2499920129776,0.9871338605880737,14600006
2014-12-11,1.2499920129776,1.2499920129776,1.210621953010559,1.2204649448394775,0.9638159871101379,6082954
2014-12-12,1.2303069829940796,1.2303069829940796,1.2007800340652466,1.210621953010559,0.9560429453849792,5474240
2014-12-15,1.210621953010559,1.2204649448394775,1.2007800340652466,1.2007800340652466,0.9482704401016235,4832124
2014-12-16,1.210621953010559,1.2303069829940796,1.210621953010559,1.2303069829940796,0.9715884327888489,5235682
2014-12-17,1.2303069829940796,1.240149974822998,1.210621953010559,1.240149974822998,0.9793614149093628,5968019
2014-12-18,1.240149974822998,1.2499920129776,1.2204649448394775,1.2303069829940796,0.9715884327888489,5165628
2014-12-19,1.2303069829940796,1.2499920129776,1.2303069829940796,1.240149974822998,0.9793614149093628,5770787
2014-12-22,1.2499920129776,1.2499920129776,1.240149974822998,1.240149974822998,0.9793614149093628,7514583
2014-12-23,1.0728280544281006,1.0728280544281006,1.0629849433898926,1.0728280544281006,0.8472253680229187,4460266
2014-12-24,1.0629849433898926,1.0728280544281006,1.0629849433898926,1.0629849433898926,0.83945232629776,1607321
2014-12-29,1.0629849433898926,1.0728280544281006,1.0629849433898926,1.0629849433898926,0.83945232629776,1746026
2014-12-30,1.0629849433898926,1.0728280544281006,1.0629849433898926,1.0629849433898926,0.83945232629776,2492008
2014-12-31,1.0629849433898926,1.082669973373413,1.0629849433898926,1.082669973373413,0.8549976348876953,1515880
2015-01-02,1.082669973373413,1.1023550033569336,1.0728280544281006,1.0925129652023315,0.8627707362174988,7577372
2015-01-05,1.082669973373413,1.0925129652023315,1.0728280544281006,1.082669973373413,0.8549976348876953,5234056
2015-01-06,1.082669973373413,1.082669973373413,1.0728280544281006,1.082669973373413,0.8549976348876953,8430877
2015-01-07,1.0728280544281006,1.082669973373413,1.0728280544281006,1.082669973373413,0.8549976348876953,1552457
2015-01-08,1.0728280544281006,1.082669973373413,1.0728280544281006,1.082669973373413,0.8549976348876953,2749515
2015-01-09,1.0728280544281006,1.082669973373413,1.0728280544281006,1.0728280544281006,0.8472253680229187,3596925
2015-01-12,1.0728280544281006,1.082669973373413,1.0728280544281006,1.082669973373413,0.8549976348876953,5849532
2015-01-13,1.0728280544281006,1.082669973373413,1.0728280544281006,1.082669973373413,0.8549976348876953,4022697
2015-01-14,1.082669973373413,1.082669973373413,1.082669973373413,1.082669973373413,0.8549976348876953,0
2015-01-15,1.082669973373413,1.082669973373413,1.082669973373413,1.082669973373413,0.8549976348876953,0
2015-01-16,1.082669973373413,1.0925129652023315,1.0728280544281006,1.0925129652023315,0.8627707362174988,16447206
2015-01-19,1.082669973373413,1.0925129652023315,1.0728280544281006,1.0728280544281006,0.8472253680229187,7356086
2015-01-20,1.0728280544281006,1.082669973373413,1.0728280544281006,1.0728280544281006,0.8472253680229187,3929911
2015-01-21,1.0728280544281006,1.082669973373413,1.0728280544281006,1.082669973373413,0.8549976348876953,4603015
2015-01-22,1.082669973373413,1.3385740518569946,1.082669973373413,1.1909370422363281,0.9404973983764648,66614673
2015-01-23,1.2303069829940796,1.4271559715270996,1.181095004081726,1.417314052581787,1.1192702054977417,30790468
2015-01-26,1.4468410015106201,1.4566839933395386,1.2992039918899536,1.377943992614746,1.0881789922714233,15101913
2015-01-27,1.377943992614746,1.407472014427185,1.3385740518569946,1.3877869844436646,1.0959522724151611,4543578
2015-01-28,1.3582589626312256,1.368101954460144,1.3287320137023926,1.3582589626312256,1.0726336240768433,3029729
2015-01-29,1.348417043685913,1.368101954460144,1.3287320137023926,1.348417043685913,1.0648612976074219,2564399
2015-01-30,1.3385740518569946,1.3385740518569946,1.279520034790039,1.279520034790039,1.0104525089263916,3853439
2015-02-02,1.2696770429611206,1.2696770429611206,1.2303069829940796,1.2499920129776,0.9871338605880737,3263411
2015-02-03,1.240149974822998,1.279520034790039,1.2303069829940796,1.2499920129776,0.9871338605880737,1698762
2015-02-04,1.2499920129776,1.309046983718872,1.2303069829940796,1.2992039918899536,1.0259971618652344,2537982
2015-02-05,1.309046983718872,1.309046983718872,1.240149974822998,1.2499920129776,0.9871338605880737,1824746
2015-02-06,1.2598350048065186,1.2696770429611206,1.210621953010559,1.2303069829940796,0.9715884327888489,1199141
2015-02-09,1.2303069829940796,1.2303069829940796,1.181095004081726,1.2204649448394775,0.9638159871101379,575059
2015-02-10,1.2303069829940796,1.2303069829940796,1.2007800340652466,1.210621953010559,0.9560429453849792,298705
2015-02-11,1.2007800340652466,1.2007800340652466,1.141724944114685,1.151568055152893,0.909407377243042,1688373
2015-02-12,1.1614099740982056,1.1614099740982056,1.0925129652023315,1.1318830251693726,0.8938617706298828,2346973
2015-02-13,1.1614099740982056,1.181095004081726,1.141724944114685,1.1614099740982056,0.9171794056892395,1292359
2015-02-16,1.181095004081726,1.3385740518569946,1.181095004081726,1.3385740518569946,1.0570878982543945,5222270
2015-02-17,1.3287320137023926,1.3582589626312256,1.2992039918899536,1.3188890218734741,1.041542649269104,1477272
2015-02-18,1.3188890218734741,1.3385740518569946,1.279520034790039,1.3287320137023926,1.0493156909942627,692916
2015-02-23,1.3287320137023926,1.3287320137023926,1.279520034790039,1.279520034790039,1.0104525089263916,849381
2015-02-24,1.279520034790039,1.4665260314941406,1.279520034790039,1.4271559715270996,1.1270424127578735,10539868
2015-02-25,1.4468410015106201,1.6535329818725586,1.3976290225982666,1.5255810022354126,1.2047697305679321,24106469
2015-02-26,1.564950942993164,1.6141630411148071,1.5157389640808105,1.535423994064331,1.21254301071167,3016735
2015-02-27,1.5747929811477661,1.6240060329437256,1.5157389640808105,1.535423994064331,1.21254301071167,5092222
2015-03-02,1.535423994064331,1.5747929811477661,1.5157389640808105,1.5157389640808105,1.1969974040985107,2056396
2015-03-03,1.5255810022354126,1.5255810022354126,1.436998963356018,1.476369023323059,1.165906548500061,3533668
2015-03-04,1.436998963356018,1.4665260314941406,1.368101954460144,1.368101954460144,1.0804067850112915,4612667
2015-03-05,1.368101954460144,1.4566839933395386,1.368101954460144,1.377943992614746,1.0881789922714233,6057427
2015-03-06,1.3877869844436646,1.407472014427185,1.3582589626312256,1.368101954460144,1.0804067850112915,1204983
2015-03-09,1.3385740518569946,1.368101954460144,1.3287320137023926,1.3385740518569946,1.0570878982543945,922533
2015-03-10,1.3385740518569946,1.3385740518569946,1.279520034790039,1.2893619537353516,1.018224835395813,3757190
2015-03-11,1.2893619537353516,1.417314052581787,1.2893619537353516,1.368101954460144,1.0804067850112915,2334781
2015-03-12,1.3976290225982666,1.407472014427185,1.309046983718872,1.3287320137023926,1.0493156909942627,1371608
2015-03-13,1.348417043685913,1.377943992614746,1.3385740518569946,1.368101954460144,1.0804067850112915,2731024
2015-03-16,1.4271559715270996,1.5157389640808105,1.348417043685913,1.368101954460144,1.0804067850112915,12145843
2015-03-17,1.3877869844436646,1.436998963356018,1.377943992614746,1.3976290225982666,1.103724479675293,1667519
2015-03-18,1.417314052581787,1.4271559715270996,1.368101954460144,1.377943992614746,1.0881789922714233,1471176
2015-03-19,1.377943992614746,1.417314052581787,1.3582589626312256,1.407472014427185,1.1114978790283203,2469690
2015-03-20,1.407472014427185,1.476369023323059,1.407472014427185,1.4566839933395386,1.1503610610961914,3913655
2015-03-23,1.4566839933395386,1.4566839933395386,1.3877869844436646,1.3976290225982666,1.103724479675293,1635769
2015-03-24,1.3877869844436646,1.407472014427185,1.377943992614746,1.3976290225982666,1.103724479675293,2078748
2015-03-25,1.377943992614746,1.5551079511642456,1.377943992614746,1.4665260314941406,1.1581332683563232,4311929
2015-03-26,1.4960540533065796,1.6240060329437256,1.476369023323059,1.5551079511642456,1.2280875444412231,10515408
2015-03-27,1.5747929811477661,1.5846359729766846,1.505895972251892,1.545266032218933,1.2203153371810913,2203717
2015-03-30,1.5747929811477661,1.5944780111312866,1.5157389640808105,1.545266032218933,1.2203153371810913,3731945
2015-03-31,1.5747929811477661,1.5747929811477661,1.505895972251892,1.545266032218933,1.2203153371810913,1563836
2015-04-01,1.545266032218933,1.6141630411148071,1.545266032218933,1.5747929811477661,1.2436332702636719,3860822
2015-04-02,1.604321002960205,1.7814849615097046,1.564950942993164,1.771643042564392,1.399087905883789,14372420
2015-04-08,1.7814849615097046,1.8503819704055786,1.7224299907684326,1.771643042564392,1.399087905883789,6033246
2015-04-09,1.791327953338623,1.8110120296478271,1.7224299907684326,1.771643042564392,1.399087905883789,7524540
2015-04-10,1.8208550214767456,1.8208550214767456,1.7421150207519531,1.7519580125808716,1.3835424184799194,2674127
2015-04-13,1.7814849615097046,1.8110120296478271,1.7125879526138306,1.7421150207519531,1.3757693767547607,6710719
2015-04-14,1.771643042564392,1.771643042564392,1.673218011856079,1.673218011856079,1.3213605880737305,2867168
2015-04-15,1.6535329818725586,1.673218011856079,1.564950942993164,1.5846359729766846,1.2514063119888306,6242340
2015-04-16,1.5846359729766846,1.732272982597351,1.564950942993164,1.6830600500106812,1.329133152961731,3652160
2015-04-17,1.6830600500106812,1.7125879526138306,1.6240060329437256,1.6535329818725586,1.3058151006698608,1745498
2015-04-20,1.5747929811477661,1.6535329818725586,1.535423994064331,1.5846359729766846,1.2514063119888306,3283604
2015-04-21,1.5747929811477661,1.6535329818725586,1.5747929811477661,1.6141630411148071,1.274724006652832,1333101
2015-04-22,1.6436909437179565,1.6436909437179565,1.604321002960205,1.633847951889038,1.2902696132659912,995685
2015-04-23,1.6535329818725586,1.6535329818725586,1.5846359729766846,1.6240060329437256,1.2824974060058594,2086876
2015-04-24,1.5846359729766846,1.6240060329437256,1.5846359729766846,1.5944780111312866,1.259178638458252,2322589
2015-04-27,1.6240060329437256,1.633847951889038,1.5747929811477661,1.5944780111312866,1.259178638458252,3752999
2015-04-28,1.5846359729766846,1.604321002960205,1.564950942993164,1.5846359729766846,1.2514063119888306,2319541
2015-04-29,1.564950942993164,1.5944780111312866,1.535423994064331,1.5944780111312866,1.259178638458252,2751202
2015-04-30,1.5944780111312866,1.5944780111312866,1.535423994064331,1.545266032218933,1.2203153371810913,2974865
2015-05-04,1.5551079511642456,1.604321002960205,1.545266032218933,1.5747929811477661,1.2436332702636719,1660153
2015-05-05,1.5747929811477661,1.5846359729766846,1.5255810022354126,1.535423994064331,1.21254301071167,2121420
2015-05-06,1.5157389640808105,1.673218011856079,1.5157389640808105,1.633847951889038,1.2902696132659912,7107977
2015-05-07,1.6141630411148071,1.6535329818725586,1.564950942993164,1.5846359729766846,1.2514063119888306,2146691
2015-05-08,1.5846359729766846,1.604321002960205,1.564950942993164,1.564950942993164,1.235860824584961,1127766
2015-05-11,1.5944780111312866,1.604321002960205,1.545266032218933,1.5551079511642456,1.2280875444412231,1820682
2015-05-12,1.5747929811477661,1.5846359729766846,1.535423994064331,1.545266032218933,1.2203153371810913,1013973
2015-05-13,1.545266032218933,1.633847951889038,1.535423994064331,1.604321002960205,1.2669516801834106,1857462
2015-05-14,1.604321002960205,1.7519580125808716,1.604321002960205,1.7224299907684326,1.3602240085601807,8107981
2015-05-15,1.7421150207519531,1.771643042564392,1.6929030418395996,1.7224299907684326,1.3602240085601807,5043453
2015-05-18,1.7224299907684326,1.771643042564392,1.702744960784912,1.7618000507354736,1.3913147449493408,1499624
2015-05-19,1.7618000507354736,1.771643042564392,1.732272982597351,1.771643042564392,1.399087905883789,3456452
2015-05-20,1.771643042564392,1.9980189800262451,1.771643042564392,1.929121971130371,1.5234509706497192,14429142
2015-05-21,1.968492031097412,1.968492031097412,1.8700670003890991,1.899595022201538,1.5001332759857178,5915083
2015-05-22,1.968492031097412,1.968492031097412,1.9094369411468506,1.9192800521850586,1.5156786441802979,3552566
2015-05-26,1.9192800521850586,1.9783339500427246,1.9192800521850586,1.9783339500427246,1.5623142719268799,5968613
2015-05-27,1.9783339500427246,2.224395990371704,1.9488070011138916,2.224395990371704,1.7566324472427368,18426578
2015-05-28,2.2342379093170166,2.3129780292510986,2.1259710788726807,2.293292999267578,1.811041235923767,8916976
2015-05-29,2.293292999267578,2.303136110305786,2.1948680877685547,2.2342379093170166,1.764404535293579,5181503
2015-06-01,2.2342379093170166,2.5295119285583496,2.2342379093170166,2.440929889678955,1.9276319742202759,11413079
2015-06-02,2.480299949645996,2.8936829566955566,2.480299949645996,2.805100917816162,2.215222120285034,18435296
2015-06-03,2.923211097717285,2.923211097717285,2.4999849796295166,2.7165191173553467,2.145268440246582,7971887
2015-06-04,2.7558889389038086,2.844470977783203,2.559040069580078,2.6082520484924316,2.059767961502075,8481618
2015-06-05,2.6476221084594727,2.657464027404785,2.362190008163452,2.6082520484924316,2.059767961502075,9588893
2015-06-08,2.6377789974212646,2.6377789974212646,2.411402940750122,2.4507720470428467,1.9354044198989868,6951513
2015-06-09,2.4507720470428467,2.4507720470428467,2.253922939300537,2.293292999267578,1.811041235923767,6813336
2015-06-10,2.263766050338745,2.4310879707336426,2.253922939300537,2.322819948196411,1.834358811378479,5011246
2015-06-11,2.322819948196411,2.4212450981140137,2.322819948196411,2.332663059234619,1.8421322107315063,1739402
2015-06-12,2.362190008163452,2.411402940750122,2.322819948196411,2.322819948196411,1.834358811378479,2186537
2015-06-15,2.362190008163452,2.4999849796295166,2.3425049781799316,2.4507720470428467,1.9354044198989868,3308115
2015-06-16,2.440929889678955,2.4606149196624756,2.332663059234619,2.362190008163452,1.8654500246047974,1755658
2015-06-17,2.401560068130493,2.401560068130493,2.3425049781799316,2.3523480892181396,1.8576775789260864,1983446
2015-06-18,2.3523480892181396,2.411402940750122,2.3129780292510986,2.3425049781799316,1.8499045372009277,1782074
2015-06-19,2.362190008163452,2.362190008163452,2.2047109603881836,2.2342379093170166,1.764404535293579,2386394
2015-06-22,2.2440810203552246,2.4507720470428467,2.2047109603881836,2.3425049781799316,1.8499045372009277,6502438
2015-06-23,2.362190008163452,2.411402940750122,2.3425049781799316,2.362190008163452,1.8654500246047974,1292359
2015-06-24,2.362190008163452,2.401560068130493,2.362190008163452,2.37203311920166,1.8732229471206665,1058678
2015-06-25,2.4212450981140137,2.4212450981140137,2.303136110305786,2.3425049781799316,1.8499045372009277,1603257
2015-06-26,2.3523480892181396,2.3523480892181396,2.2440810203552246,2.3129780292510986,1.8265868425369263,2680225
2015-06-29,2.332663059234619,2.3425049781799316,2.1751840114593506,2.2440810203552246,1.7721781730651855,2164092
2015-06-30,2.263766050338745,2.2834510803222656,2.145656108856201,2.253922939300537,1.779950499534607,1995435
2015-07-02,2.263766050338745,2.263766050338745,2.214553117752075,2.2440810203552246,1.7721781730651855,1678441
2015-07-03,2.2440810203552246,2.2440810203552246,1.791327953338623,1.8799099922180176,1.4845876693725586,6872264
2015-07-06,1.9192800521850586,1.9783339500427246,1.368101954460144,1.4566839933395386,1.1503610610961914,13602491
2015-07-07,1.4665260314941406,1.5157389640808105,1.1614099740982056,1.240149974822998,0.9793614149093628,11761285
2015-07-08,1.181095004081726,1.181095004081726,0.9448760151863098,0.984246015548706,0.7772709727287292,14061523
2015-07-09,0.9448760151863098,1.476369023323059,0.9350330233573914,1.3385740518569946,1.0570878982543945,11974646
2015-07-10,1.4566839933395386,1.6535329818725586,1.4960540533065796,1.6240060329437256,1.2824974060058594,8566835
2015-07-13,1.6240060329437256,1.8799099922180176,1.6240060329437256,1.860224962234497,1.4690420627593994,6217143
2015-07-14,1.8897520303726196,1.968492031097412,1.7519580125808716,1.791327953338623,1.4146333932876587,5738401
2015-07-15,1.8897520303726196,1.8897520303726196,1.5747929811477661,1.6830600500106812,1.329133152961731,5248686
2015-07-16,1.6436909437179565,1.7421150207519531,1.5944780111312866,1.6929030418395996,1.3369060754776,1198074
2015-07-17,1.732272982597351,1.791327953338623,1.673218011856079,1.7125879526138306,1.3524516820907593,1678441
2015-07-20,1.732272982597351,1.8700670003890991,1.732272982597351,1.8405400514602661,1.4534968137741089,3840502
2015-07-21,1.8700670003890991,1.8700670003890991,1.771643042564392,1.8110120296478271,1.4301782846450806,1796298
2015-07-22,1.7618000507354736,1.801169991493225,1.702744960784912,1.7519580125808716,1.3835424184799194,1442931
2015-07-23,1.7519580125808716,1.8208550214767456,1.7519580125808716,1.771643042564392,1.399087905883789,2275853
2015-07-24,1.771643042564392,1.8503819704055786,1.7618000507354736,1.7814849615097046,1.4068602323532104,2586751
2015-07-27,1.771643042564392,1.771643042564392,1.6240060329437256,1.673218011856079,1.3213605880737305,4486682
2015-07-28,1.673218011856079,1.7519580125808716,1.6240060329437256,1.6240060329437256,1.2824974060058594,729492
2015-07-29,1.673218011856079,1.6830600500106812,1.633847951889038,1.663375973701477,1.313588261604309,940821
2015-07-30,1.702744960784912,1.7125879526138306,1.6436909437179565,1.6535329818725586,1.3058151006698608,1005845
2015-07-31,1.673218011856079,1.673218011856079,1.6240060329437256,1.6436909437179565,1.2980425357818604,396242
2015-08-03,1.6240060329437256,1.663375973701477,1.545266032218933,1.5747929811477661,1.2436332702636719,1698762
2015-08-04,1.5551079511642456,1.5551079511642456,1.4566839933395386,1.4566839933395386,1.1503610610961914,2430286
2015-08-05,1.4862109422683716,1.505895972251892,1.4566839933395386,1.4566839933395386,1.1503610610961914,1188727
2015-08-06,1.476369023323059,1.5551079511642456,1.476369023323059,1.5157389640808105,1.1969974040985107,631955
2015-08-07,1.4862109422683716,1.5551079511642456,1.4862109422683716,1.545266032218933,1.2203153371810913,804676
2015-08-10,1.5157389640808105,1.5846359729766846,1.505895972251892,1.5551079511642456,1.2280875444412231,812804
2015-08-11,1.564950942993164,1.5846359729766846,1.5157389640808105,1.5157389640808105,1.1969974040985107,987557
2015-08-12,1.505895972251892,1.5551079511642456,1.476369023323059,1.4960540533065796,1.1814521551132202,662435
2015-08-13,1.476369023323059,1.545266032218933,1.4665260314941406,1.4960540533065796,1.1814521551132202,690884
2015-08-14,1.4960540533065796,1.505895972251892,1.4468410015106201,1.4566839933395386,1.1503610610961914,918469
2015-08-17,1.4960540533065796,1.4960540533065796,1.436998963356018,1.4665260314941406,1.1581332683563232,1089158
2015-08-18,1.4665260314941406,1.5255810022354126,1.3877869844436646,1.417314052581787,1.1192702054977417,2145804
2015-08-19,1.417314052581787,1.417314052581787,1.279520034790039,1.3385740518569946,1.0570878982543945,2097341
2015-08-20,1.2992039918899536,1.3188890218734741,1.2303069829940796,1.2499920129776,0.9871338605880737,1686569
2015-08-21,1.2303069829940796,1.279520034790039,1.181095004081726,1.210621953010559,0.9560429453849792,2980961
2015-08-24,1.082669973373413,1.181095004081726,1.0728280544281006,1.082669973373413,0.8549976348876953,3452436
2015-08-25,1.0629849433898926,1.210621953010559,1.0334579944610596,1.082669973373413,0.8549976348876953,7683037
2015-08-26,1.082669973373413,1.141724944114685,1.0728280544281006,1.112197995185852,0.8783162236213684,3677941
2015-08-27,1.1909370422363281,1.2598350048065186,1.141724944114685,1.2303069829940796,0.9715884327888489,3460516
2015-08-28,1.2992039918899536,1.2992039918899536,1.2303069829940796,1.2303069829940796,0.9715884327888489,2231149
2015-08-31,1.240149974822998,1.2499920129776,1.181095004081726,1.210621953010559,0.9560429453849792,808740
2015-09-01,1.1712520122528076,1.181095004081726,1.112197995185852,1.141724944114685,0.9016340374946594,593347
2015-09-02,1.112197995185852,1.2598350048065186,1.05314302444458,1.1614099740982056,0.9171794056892395,2084844
2015-09-04,1.181095004081726,1.3287320137023926,1.181095004081726,1.279520034790039,1.0104525089263916,3283731
2015-09-07,1.2598350048065186,1.3287320137023926,1.2499920129776,1.2992039918899536,1.0259971618652344,1511816
2015-09-08,1.2893619537353516,1.476369023323059,1.279520034790039,1.476369023323059,1.165906548500061,4671595
2015-09-09,1.476369023323059,1.5747929811477661,1.4468410015106201,1.535423994064331,1.21254301071167,2970801
2015-09-10,1.5157389640808105,1.5255810022354126,1.4271559715270996,1.505895972251892,1.189224362373352,3198386
2015-09-11,1.5255810022354126,1.604321002960205,1.4665260314941406,1.505895972251892,1.189224362373352,2233181
2015-09-14,1.5551079511642456,1.5846359729766846,1.4665260314941406,1.476369023323059,1.165906548500061,1869451
2015-09-15,1.4862109422683716,1.505895972251892,1.4665260314941406,1.4665260314941406,1.1581332683563232,617731
2015-09-16,1.476369023323059,1.5551079511642456,1.476369023323059,1.505895972251892,1.189224362373352,1278135
2015-09-17,1.5157389640808105,1.535423994064331,1.4862109422683716,1.4960540533065796,1.1814521551132202,1467112
2015-09-18,1.505895972251892,1.505895972251892,1.417314052581787,1.436998963356018,1.1348155736923218,948949
2015-09-21,1.4271559715270996,1.4271559715270996,1.348417043685913,1.4271559715270996,1.1270424127578735,615699
2015-09-22,1.3976290225982666,1.4960540533065796,1.3976290225982666,1.4566839933395386,1.1503610610961914,404370
2015-09-23,1.3976290225982666,1.476369023323059,1.3976290225982666,1.407472014427185,1.1114978790283203,422658
2015-09-24,1.3976290225982666,1.417314052581787,1.348417043685913,1.3582589626312256,1.0726336240768433,475490
2015-09-25,1.377943992614746,1.3877869844436646,1.368101954460144,1.3877869844436646,1.0959522724151611,69088
2015-09-29,1.2992039918899536,1.3188890218734741,1.2499920129776,1.279520034790039,1.0104525089263916,1146054
2015-09-30,1.2893619537353516,1.2893619537353516,1.2499920129776,1.2696770429611206,1.002679467201233,392178
2015-10-02,1.2992039918899536,1.3287320137023926,1.2893619537353516,1.3188890218734741,1.041542649269104,810772
2015-10-05,1.3385740518569946,1.377943992614746,1.2893619537353516,1.2893619537353516,1.018224835395813,556771
2015-10-06,1.2992039918899536,1.309046983718872,1.279520034790039,1.309046983718872,1.033770203590393,418594
2015-10-07,1.2893619537353516,1.3385740518569946,1.2893619537353516,1.3287320137023926,1.0493156909942627,528323
2015-10-08,1.3188890218734741,1.3188890218734741,1.2893619537353516,1.2893619537353516,1.018224835395813,489714
2015-10-09,1.3188890218734741,1.3188890218734741,1.2598350048065186,1.2598350048065186,0.9949069619178772,1131830
2015-10-12,1.2696770429611206,1.279520034790039,1.240149974822998,1.2696770429611206,1.002679467201233,674627
2015-10-13,1.2696770429611206,1.2696770429611206,1.2598350048065186,1.2598350048065186,0.9949069619178772,180849
2015-10-14,1.2499920129776,1.2598350048065186,1.2499920129776,1.2598350048065186,0.9949069619178772,113792
2015-10-15,1.279520034790039,1.2992039918899536,1.2598350048065186,1.279520034790039,1.0104525089263916,321057
2015-10-16,1.279520034790039,1.2893619537353516,1.279520034790039,1.279520034790039,1.0104525089263916,429770
2015-10-19,1.2696770429611206,1.2992039918899536,1.2598350048065186,1.279520034790039,1.0104525089263916,150368
2015-10-20,1.2598350048065186,1.2696770429611206,1.2598350048065186,1.2598350048065186,0.9949069619178772,428754
2015-10-22,1.240149974822998,1.279520034790039,1.240149974822998,1.2696770429611206,1.002679467201233,453138
2015-10-23,1.2992039918899536,1.3976290225982666,1.2893619537353516,1.3582589626312256,1.0726336240768433,1721114
2015-10-26,1.377943992614746,1.377943992614746,1.2893619537353516,1.2893619537353516,1.018224835395813,896117
2015-10-27,1.279520034790039,1.2992039918899536,1.2696770429611206,1.2992039918899536,1.0259971618652344,449074
2015-10-28,1.279520034790039,1.2992039918899536,1.2696770429611206,1.279520034790039,1.0104525089263916,174753
2015-10-29,1.279520034790039,1.279520034790039,1.279520034790039,1.279520034790039,1.0104525089263916,40640
2015-10-30,1.279520034790039,1.3385740518569946,1.2696770429611206,1.2992039918899536,1.0259971618652344,792484
2015-11-02,1.2992039918899536,1.6929030418395996,1.2992039918899536,1.505895972251892,1.189224362373352,8534354
2015-11-03,1.505895972251892,1.6240060329437256,1.4960540533065796,1.6141630411148071,1.274724006652832,5836811
2015-11-04,1.6240060329437256,1.6535329818725586,1.545266032218933,1.5551079511642456,1.2280875444412231,2497342
2015-11-05,1.604321002960205,1.6830600500106812,1.5747929811477661,1.604321002960205,1.2669516801834106,4297705
2015-11-06,1.604321002960205,1.6436909437179565,1.5747929811477661,1.6240060329437256,1.2824974060058594,1932443
2015-11-09,1.6240060329437256,1.7125879526138306,1.6240060329437256,1.6535329818725586,1.3058151006698608,2395742
2015-11-10,1.6240060329437256,1.633847951889038,1.5944780111312866,1.604321002960205,1.2669516801834106,1424440
2015-11-11,1.6141630411148071,1.6535329818725586,1.5747929811477661,1.6535329818725586,1.3058151006698608,1495560
2015-11-12,1.6535329818725586,1.673218011856079,1.6141630411148071,1.633847951889038,1.2902696132659912,1519944
2015-11-13,1.6240060329437256,1.633847951889038,1.5944780111312866,1.604321002960205,1.2669516801834106,1162310
2015-11-16,1.604321002960205,1.6240060329437256,1.5551079511642456,1.604321002960205,1.2669516801834106,1887739
2015-11-17,1.6240060329437256,1.6240060329437256,1.5944780111312866,1.6141630411148071,1.274724006652832,961141
2015-11-18,1.6141630411148071,1.6141630411148071,1.5551079511642456,1.564950942993164,1.235860824584961,792484
2015-11-19,1.5846359729766846,1.5944780111312866,1.5551079511642456,1.564950942993164,1.235860824584961,1162310
2015-11-20,1.5747929811477661,1.5846359729766846,1.564950942993164,1.5747929811477661,1.2436332702636719,438914
2015-11-23,1.5747929811477661,1.5747929811477661,1.535423994064331,1.564950942993164,1.235860824584961,615699
2015-11-24,1.6535329818725586,1.6929030418395996,1.5944780111312866,1.6141630411148071,1.274724006652832,1698762
2015-11-25,1.6141630411148071,1.6141630411148071,1.564950942993164,1.6141630411148071,1.274724006652832,595379
2015-11-26,1.6141630411148071,1.6141630411148071,1.5157389640808105,1.5255810022354126,1.2047697305679321,2296173
2015-11-27,1.5255810022354126,1.545266032218933,1.4665260314941406,1.4665260314941406,1.1581332683563232,1083062
2015-11-30,1.4665260314941406,1.4665260314941406,1.407472014427185,1.4566839933395386,1.1503610610961914,524259
2015-12-01,1.476369023323059,1.5846359729766846,1.4566839933395386,1.5255810022354126,1.2047697305679321,1154182
2015-12-02,1.535423994064331,1.5944780111312866,1.505895972251892,1.535423994064331,1.21254301071167,851667
2015-12-03,1.535423994064331,1.564950942993164,1.5157389640808105,1.545266032218933,1.2203153371810913,262129
2015-12-04,1.535423994064331,1.545266032218933,1.4960540533065796,1.5157389640808105,1.1969974040985107,621795
2015-12-07,1.5157389640808105,1.5551079511642456,1.5157389640808105,1.545266032218933,1.2203153371810913,357634
2015-12-08,1.5747929811477661,1.5944780111312866,1.535423994064331,1.564950942993164,1.235860824584961,1316743
2015-12-09,1.564950942993164,1.5944780111312866,1.5255810022354126,1.535423994064331,1.21254301071167,666499
2015-12-10,1.535423994064331,1.5551079511642456,1.4960540533065796,1.505895972251892,1.189224362373352,729492
2015-12-11,1.505895972251892,1.505895972251892,1.4665260314941406,1.4665260314941406,1.1581332683563232,824996
2015-12-14,1.407472014427185,1.4566839933395386,1.368101954460144,1.417314052581787,1.1192702054977417,840133
2015-12-15,1.407472014427185,1.476369023323059,1.3976290225982666,1.4566839933395386,1.1503610610961914,1013973
2015-12-16,1.4862109422683716,1.4862109422683716,1.4468410015106201,1.4468410015106201,1.1425880193710327,186030
2015-12-17,1.4665260314941406,1.4960540533065796,1.4271559715270996,1.4665260314941406,1.1581332683563232,343410
2015-12-18,1.4566839933395386,1.476369023323059,1.417314052581787,1.4271559715270996,1.1270424127578735,757940
2015-12-21,1.4271559715270996,1.436998963356018,1.3976290225982666,1.407472014427185,1.1114978790283203,1676409
2015-12-22,1.3976290225982666,1.3976290225982666,1.3582589626312256,1.368101954460144,1.0804067850112915,946917
2015-12-23,1.3877869844436646,1.417314052581787,1.377943992614746,1.407472014427185,1.1114978790283203,341378
2015-12-24,1.417314052581787,1.4271559715270996,1.407472014427185,1.4271559715270996,1.1270424127578735,134112
2015-12-28,1.4271559715270996,1.5157389640808105,1.4271559715270996,1.4960540533065796,1.1814521551132202,918469
2015-12-29,1.505895972251892,1.5255810022354126,1.4960540533065796,1.505895972251892,1.189224362373352,266193
2015-12-30,1.5551079511642456,1.5747929811477661,1.4960540533065796,1.5157389640808105,1.1969974040985107,268225
2015-12-31,1.505895972251892,1.505895972251892,1.4960540533065796,1.4960540533065796,1.1814521551132202,99568
2016-01-04,1.4960540533065796,1.4960540533065796,1.436998963356018,1.4468410015106201,1.1425880193710327,1038358
2016-01-05,1.4271559715270996,1.476369023323059,1.4271559715270996,1.4665260314941406,1.1581332683563232,473458
2016-01-06,1.4665260314941406,1.476369023323059,1.4566839933395386,1.4665260314941406,1.1581332683563232,573027
2016-01-07,1.4665260314941406,1.4665260314941406,1.4665260314941406,1.4665260314941406,1.1581332683563232,0
2016-01-08,1.377943992614746,1.3976290225982666,1.368101954460144,1.3976290225982666,1.103724479675293,885957
2016-01-11,1.3976290225982666,1.3976290225982666,1.3385740518569946,1.3385740518569946,1.0570878982543945,1217175
2016-01-12,1.348417043685913,1.4271559715270996,1.348417043685913,1.4271559715270996,1.1270424127578735,1154182
2016-01-13,1.4468410015106201,1.4468410015106201,1.3976290225982666,1.3976290225982666,1.103724479675293,785029
2016-01-14,1.377943992614746,1.4271559715270996,1.377943992614746,1.4271559715270996,1.1270424127578735,1207015
2016-01-15,1.436998963356018,1.436998963356018,1.377943992614746,1.407472014427185,1.1114978790283203,780292
2016-01-18,1.3877869844436646,1.3976290225982666,1.368101954460144,1.3976290225982666,1.103724479675293,1020070
2016-01-19,1.377943992614746,1.407472014427185,1.377943992614746,1.3877869844436646,1.0959522724151611,556771
2016-01-20,1.377943992614746,1.377943992614746,1.3582589626312256,1.368101954460144,1.0804067850112915,646179
2016-01-21,1.368101954460144,1.417314052581787,1.3385740518569946,1.348417043685913,1.0648612976074219,987557
2016-01-22,1.377943992614746,1.377943992614746,1.3385740518569946,1.348417043685913,1.0648612976074219,471426
2016-01-25,1.377943992614746,1.3976290225982666,1.3582589626312256,1.3582589626312256,1.0726336240768433,573027
2016-01-26,1.3385740518569946,1.368101954460144,1.3385740518569946,1.348417043685913,1.0648612976074219,601475
2016-01-27,1.377943992614746,1.377943992614746,1.3287320137023926,1.348417043685913,1.0648612976074219,428754
2016-01-28,1.3582589626312256,1.3582589626312256,1.3385740518569946,1.3385740518569946,1.0570878982543945,469394
2016-01-29,1.3582589626312256,1.4468410015106201,1.348417043685913,1.368101954460144,1.0804067850112915,481586
2016-02-01,1.377943992614746,1.407472014427185,1.3582589626312256,1.368101954460144,1.0804067850112915,398274
2016-02-02,1.368101954460144,1.3877869844436646,1.368101954460144,1.3877869844436646,1.0959522724151611,371858
2016-02-03,1.3582589626312256,1.377943992614746,1.3287320137023926,1.3582589626312256,1.0726336240768433,475490
2016-02-04,1.368101954460144,1.377943992614746,1.3582589626312256,1.3582589626312256,1.0726336240768433,377954
2016-02-05,1.368101954460144,1.368101954460144,1.3287320137023926,1.3385740518569946,1.0570878982543945,365863
2016-02-11,1.2992039918899536,1.3582589626312256,1.2893619537353516,1.3188890218734741,1.041542649269104,583187
2016-02-12,1.309046983718872,1.3385740518569946,1.2992039918899536,1.3287320137023926,1.0493156909942627,341378
2016-02-15,1.348417043685913,1.348417043685913,1.2992039918899536,1.3287320137023926,1.0493156909942627,548643
2016-02-16,1.3188890218734741,1.3188890218734741,1.279520034790039,1.2992039918899536,1.0259971618652344,554739
2016-02-17,1.2992039918899536,1.2992039918899536,1.2696770429611206,1.2696770429611206,1.002679467201233,546611
2016-02-18,1.2992039918899536,1.3188890218734741,1.2696770429611206,1.2893619537353516,1.018224835395813,528323
2016-02-19,1.2893619537353516,1.2893619537353516,1.2696770429611206,1.279520034790039,1.0104525089263916,442978
2016-02-22,1.2893619537353516,1.2893619537353516,1.2696770429611206,1.279520034790039,1.0104525089263916,485650
2016-02-23,1.279520034790039,1.279520034790039,1.2598350048065186,1.2598350048065186,0.9949069619178772,715268
2016-02-24,1.2598350048065186,1.279520034790039,1.2598350048065186,1.279520034790039,1.0104525089263916,483618
2016-02-25,1.279520034790039,1.279520034790039,1.2598350048065186,1.279520034790039,1.0104525089263916,430786
2016-02-26,1.279520034790039,1.279520034790039,1.2696770429611206,1.2696770429611206,1.002679467201233,412498
2016-02-29,1.2893619537353516,1.2893619537353516,1.2696770429611206,1.279520034790039,1.0104525089263916,390146
2016-03-01,1.279520034790039,1.2893619537353516,1.2598350048065186,1.2598350048065186,0.9949069619178772,438914
2016-03-02,1.279520034790039,1.309046983718872,1.2696770429611206,1.2992039918899536,1.0259971618652344,591315
2016-03-03,1.2992039918899536,1.309046983718872,1.279520034790039,1.2893619537353516,1.018224835395813,422658
2016-03-04,1.2893619537353516,1.3188890218734741,1.279520034790039,1.2992039918899536,1.0259971618652344,536451
2016-03-07,1.309046983718872,1.3582589626312256,1.309046983718872,1.3582589626312256,1.0726336240768433,751844
2016-03-08,1.3582589626312256,1.4468410015106201,1.3287320137023926,1.4468410015106201,1.1425880193710327,1895867
2016-03-09,1.4566839933395386,1.4862109422683716,1.3877869844436646,1.407472014427185,1.1114978790283203,906277
2016-03-10,1.4271559715270996,1.4566839933395386,1.368101954460144,1.3877869844436646,1.0959522724151611,357634
2016-03-11,1.3877869844436646,1.4271559715270996,1.368101954460144,1.4271559715270996,1.1270424127578735,579123
2016-03-14,1.4566839933395386,1.4862109422683716,1.4468410015106201,1.476369023323059,1.165906548500061,694948
2016-03-15,1.4566839933395386,1.4566839933395386,1.436998963356018,1.4468410015106201,1.1425880193710327,353570
2016-03-16,1.4468410015106201,1.4468410015106201,1.417314052581787,1.417314052581787,1.1192702054977417,377954
2016-03-17,1.4468410015106201,1.4468410015106201,1.3976290225982666,1.4271559715270996,1.1270424127578735,477522
2016-03-18,1.417314052581787,1.4271559715270996,1.407472014427185,1.417314052581787,1.1192702054977417,438914
2016-03-21,1.417314052581787,1.4468410015106201,1.3976290225982666,1.3976290225982666,1.103724479675293,414530
2016-03-22,1.3976290225982666,1.407472014427185,1.377943992614746,1.407472014427185,1.1114978790283203,369826
2016-03-23,1.3976290225982666,1.3976290225982666,1.377943992614746,1.3976290225982666,1.103724479675293,528323
2016-03-24,1.377943992614746,1.3976290225982666,1.377943992614746,1.377943992614746,1.0881789922714233,442978
2016-03-29,1.3877869844436646,1.3976290225982666,1.377943992614746,1.377943992614746,1.0881789922714233,363476
2016-03-30,1.377943992614746,1.436998963356018,1.377943992614746,1.407472014427185,1.1114978790283203,373890
2016-03-31,1.3877869844436646,1.417314052581787,1.377943992614746,1.407472014427185,1.1114978790283203,379986
2016-04-01,1.417314052581787,1.417314052581787,1.377943992614746,1.3976290225982666,1.103724479675293,497842
2016-04-05,1.3877869844436646,1.3877869844436646,1.3287320137023926,1.3385740518569946,1.0570878982543945,534419
2016-04-06,1.3385740518569946,1.3877869844436646,1.3385740518569946,1.368101954460144,1.0804067850112915,400306
2016-04-07,1.368101954460144,1.368101954460144,1.3385740518569946,1.3385740518569946,1.0570878982543945,406402
2016-04-08,1.3287320137023926,1.4271559715270996,1.3287320137023926,1.377943992614746,1.0881789922714233,644147
2016-04-11,1.377943992614746,1.3976290225982666,1.348417043685913,1.348417043685913,1.0648612976074219,837188
2016-04-12,1.348417043685913,1.3976290225982666,1.3385740518569946,1.3582589626312256,1.0726336240768433,788420
2016-04-13,1.3877869844436646,1.436998963356018,1.377943992614746,1.407472014427185,1.1114978790283203,1566681
2016-04-14,1.436998963356018,1.4862109422683716,1.368101954460144,1.476369023323059,1.165906548500061,1761754
2016-04-15,1.476369023323059,1.5747929811477661,1.476369023323059,1.5255810022354126,1.2047697305679321,1511816
2016-04-18,1.4960540533065796,1.5255810022354126,1.417314052581787,1.436998963356018,1.1348155736923218,1115574
2016-04-19,1.4566839933395386,1.5157389640808105,1.4468410015106201,1.476369023323059,1.165906548500061,583187
2016-04-20,1.4665260314941406,1.5157389640808105,1.417314052581787,1.4566839933395386,1.1503610610961914,711204
2016-04-21,1.4862109422683716,1.5157389640808105,1.407472014427185,1.476369023323059,1.165906548500061,2794016
2016-04-22,1.4566839933395386,1.4960540533065796,1.4566839933395386,1.4960540533065796,1.1814521551132202,461266
2016-04-25,1.476369023323059,1.4862109422683716,1.436998963356018,1.4566839933395386,1.1503610610961914,636019
2016-04-26,1.4468410015106201,1.4468410015106201,1.348417043685913,1.407472014427185,1.1114978790283203,2692415
2016-04-27,1.407472014427185,1.476369023323059,1.377943992614746,1.4468410015106201,1.1425880193710327,1538233
2016-04-28,1.436998963356018,1.436998963356018,1.3976290225982666,1.417314052581787,1.1192702054977417,436882
2016-04-29,1.3877869844436646,1.4271559715270996,1.3188890218734741,1.4271559715270996,1.1270424127578735,3564149
2016-05-03,1.417314052581787,1.4468410015106201,1.377943992614746,1.4271559715270996,1.1270424127578735,2625359
2016-05-04,1.4271559715270996,1.407472014427185,1.3188890218734741,1.348417043685913,1.0648612976074219,75672126
2016-05-05,1.348417043685913,1.368101954460144,1.3385740518569946,1.3582589626312256,1.0726336240768433,1235463
2016-05-06,1.3582589626312256,1.368101954460144,1.3287320137023926,1.3385740518569946,1.0570878982543945,1095254
2016-05-09,1.348417043685913,1.348417043685913,1.2696770429611206,1.2696770429611206,1.002679467201233,11432099
2016-05-10,1.279520034790039,1.279520034790039,1.181095004081726,1.2204649448394775,0.9638159871101379,2718832
2016-05-11,1.2303069829940796,1.3287320137023926,1.2204649448394775,1.2598350048065186,0.9949069619178772,857509
2016-05-12,1.279520034790039,1.279520034790039,1.240149974822998,1.240149974822998,0.9793614149093628,953013
2016-05-13,1.2696770429611206,1.2696770429611206,1.2303069829940796,1.2303069829940796,0.9715884327888489,469394
2016-05-16,1.279520034790039,1.279520034790039,1.2007800340652466,1.2204649448394775,0.9638159871101379,528323
2016-05-17,1.210621953010559,1.2893619537353516,1.210621953010559,1.2303069829940796,0.9715884327888489,2444510
2016-05-18,1.2598350048065186,1.2598350048065186,1.2007800340652466,1.2204649448394775,0.9638159871101379,2537982
2016-05-19,1.2499920129776,1.2499920129776,1.210621953010559,1.240149974822998,0.9793614149093628,2521726
2016-05-20,1.240149974822998,1.2499920129776,1.210621953010559,1.240149974822998,0.9793614149093628,2578623
2016-05-23,1.240149974822998,1.2696770429611206,1.210621953010559,1.240149974822998,0.9793614149093628,2432318
2016-05-24,1.2499920129776,1.2499920129776,1.2204649448394775,1.240149974822998,0.9793614149093628,2590815
2016-05-25,1.2499920129776,1.2499920129776,1.2303069829940796,1.240149974822998,0.9793614149093628,2574559
2016-05-26,1.2303069829940796,1.2499920129776,1.2007800340652466,1.240149974822998,0.9793614149093628,2560335
2016-05-27,1.240149974822998,1.2499920129776,1.240149974822998,1.2499920129776,0.9871338605880737,2639583
2016-05-30,1.279520034790039,1.279520034790039,1.2303069829940796,1.2499920129776,0.9871338605880737,2598943
2016-05-31,1.2598350048065186,1.2598350048065186,1.2007800340652466,1.2303069829940796,0.9715884327888489,2426222
2016-06-01,1.2303069829940796,1.2303069829940796,1.2007800340652466,1.2007800340652466,0.9482704401016235,2349005
2016-06-02,1.2303069829940796,1.2303069829940796,1.181095004081726,1.2204649448394775,0.9638159871101379,654307
2016-06-03,1.2303069829940796,1.240149974822998,1.2204649448394775,1.2303069829940796,0.9715884327888489,471426
2016-06-06,1.2303069829940796,1.240149974822998,1.2204649448394775,1.240149974822998,0.9793614149093628,459234
2016-06-07,1.240149974822998,1.240149974822998,1.2204649448394775,1.2204649448394775,0.9638159871101379,477522
2016-06-08,1.2204649448394775,1.2204649448394775,1.1318830251693726,1.1318830251693726,0.8938617706298828,3297955
2016-06-10,1.122040033340454,1.151568055152893,1.0334579944610596,1.0629849433898926,0.83945232629776,1690633
2016-06-13,1.1023550033569336,1.1023550033569336,1.05314302444458,1.0925129652023315,0.8627707362174988,2068588
2016-06-14,1.082669973373413,1.1318830251693726,1.0728280544281006,1.082669973373413,0.8549976348876953,723396
2016-06-15,1.082669973373413,1.112197995185852,1.0728280544281006,1.0728280544281006,0.8472253680229187,501906
2016-06-16,1.1318830251693726,1.141724944114685,1.0925129652023315,1.122040033340454,0.8860886096954346,1217175
2016-06-17,1.122040033340454,1.151568055152893,1.112197995185852,1.1318830251693726,0.8938617706298828,670563
2016-06-20,1.122040033340454,1.122040033340454,1.0925129652023315,1.1023550033569336,0.8705431222915649,538483
2016-06-21,1.122040033340454,1.1318830251693726,1.112197995185852,1.122040033340454,0.8860886096954346,457202
2016-06-22,1.112197995185852,1.1318830251693726,1.082669973373413,1.1023550033569336,0.8705431222915649,556771
2016-06-23,1.112197995185852,1.112197995185852,1.0925129652023315,1.0925129652023315,0.8627707362174988,483618
2016-06-24,1.0925129652023315,1.0925129652023315,0.9940879940986633,1.0629849433898926,0.83945232629776,940821
2016-06-27,1.05314302444458,1.0629849433898926,1.0433000326156616,1.0629849433898926,0.83945232629776,995685
2016-06-28,1.05314302444458,1.05314302444458,1.05314302444458,1.0433000326156616,0.823906660079956,479554
2016-06-29,1.0433000326156616,1.05314302444458,1.0433000326156616,1.05314302444458,0.8316797614097595,530355
2016-06-30,1.0629849433898926,1.082669973373413,1.0433000326156616,1.082669973373413,0.8549976348876953,477522
2016-07-04,1.082669973373413,1.1023550033569336,1.013772964477539,1.0433000326156616,0.823906660079956,1168711
2016-07-05,1.0629849433898926,1.0629849433898926,1.013772964477539,1.013772964477539,0.8005887866020203,829507
2016-07-06,1.0629849433898926,1.0629849433898926,0.9940879940986633,1.0039310455322266,0.7928165197372437,534419
2016-07-07,1.0039310455322266,1.0236159563064575,0.9744030237197876,0.984246015548706,0.7772709727287292,713236
2016-07-08,0.984246015548706,0.9940879940986633,0.984246015548706,0.9940879940986633,0.7850432991981506,503938
2016-07-11,0.9940879940986633,1.013772964477539,0.9940879940986633,0.9940879940986633,0.7850432991981506,585219
2016-07-12,0.9940879940986633,1.013772964477539,0.984246015548706,0.9940879940986633,0.7850432991981506,711204
2016-07-13,1.0039310455322266,1.0236159563064575,0.9940879940986633,0.9940879940986633,0.7850432991981506,605539
2016-07-14,0.9940879940986633,0.9940879940986633,0.9744030237197876,0.984246015548706,0.7772709727287292,518163
2016-07-15,0.984246015548706,1.0039310455322266,0.984246015548706,0.984246015548706,0.7772709727287292,762004
2016-07-18,0.984246015548706,0.9940879940986633,0.984246015548706,0.984246015548706,0.7772709727287292,566931
2016-07-19,0.984246015548706,0.984246015548706,0.9744030237197876,0.984246015548706,0.7772709727287292,762004
2016-07-20,0.9744030237197876,0.9744030237197876,0.9645609855651855,0.9744030237197876,0.769497811794281,808740
2016-07-21,0.984246015548706,0.984246015548706,0.9547179937362671,0.9645609855651855,0.7617254853248596,662435
2016-07-22,0.9645609855651855,0.984246015548706,0.9645609855651855,0.9744030237197876,0.769497811794281,516131
2016-07-25,0.9645609855651855,0.9645609855651855,0.8661360144615173,0.8956639766693115,0.7073166966438293,1546361
2016-07-26,0.9251909852027893,0.9940879940986633,0.9251909852027893,0.9251909852027893,0.7306345105171204,2726960
2016-07-27,0.9350330233573914,0.9350330233573914,0.9055060148239136,0.9055060148239136,0.7150891423225403,627891
2016-07-28,0.9153479933738708,0.9448760151863098,0.9153479933738708,0.9251909852027893,0.7306345105171204,581155
2016-07-29,0.9448760151863098,0.9448760151863098,0.9055060148239136,0.9153479933738708,0.7228614687919617,1081030
2016-08-01,0.9251909852027893,0.9251909852027893,0.8858209848403931,0.8956639766693115,0.7073166966438293,607571
2016-08-02,0.8956639766693115,0.8956639766693115,0.8956639766693115,0.8956639766693115,0.7073166966438293,0
2016-08-03,0.9448760151863098,0.9448760151863098,0.9055060148239136,0.9153479933738708,0.7228614687919617,434850
2016-08-04,0.8956639766693115,0.8956639766693115,0.8562939763069153,0.8956639766693115,0.7073166966438293,1016006
2016-08-05,0.9055060148239136,0.9055060148239136,0.8858209848403931,0.8956639766693115,0.7073166966438293,481586
2016-08-08,0.8956639766693115,0.8956639766693115,0.8759790062904358,0.8858209848403931,0.6995435953140259,353570
2016-08-09,0.8858209848403931,0.9153479933738708,0.8858209848403931,0.9055060148239136,0.7150891423225403,566931
2016-08-10,0.9055060148239136,0.9055060148239136,0.9055060148239136,0.9055060148239136,0.7150891423225403,558803
2016-08-11,0.9055060148239136,0.9055060148239136,0.8956639766693115,0.8956639766693115,0.7073166966438293,568963
2016-08-12,0.9055060148239136,0.9448760151863098,0.8956639766693115,0.9448760151863098,0.7461799383163452,1224287
2016-08-15,0.9547179937362671,1.0334579944610596,0.9547179937362671,0.984246015548706,0.7772709727287292,2164092
2016-08-16,0.9744030237197876,0.9744030237197876,0.9448760151863098,0.9645609855651855,0.7617254853248596,725428
2016-08-17,0.9547179937362671,0.9547179937362671,0.9251909852027893,0.9448760151863098,0.7461799383163452,908309
2016-08-18,0.9547179937362671,0.9744030237197876,0.9547179937362671,0.9645609855651855,0.7617254853248596,631955
2016-08-19,0.9547179937362671,0.9645609855651855,0.9350330233573914,0.9547179937362671,0.7539525032043457,542547
2016-08-22,0.9547179937362671,0.9645609855651855,0.8858209848403931,0.9251909852027893,0.7306345105171204,867669
2016-08-23,0.9251909852027893,0.9251909852027893,0.9153479933738708,0.9251909852027893,0.7306345105171204,558803
2016-08-24,0.9448760151863098,0.9448760151863098,0.9055060148239136,0.9251909852027893,0.7306345105171204,538483
2016-08-25,0.9251909852027893,0.9350330233573914,0.9153479933738708,0.9153479933738708,0.7228614687919617,920501
2016-08-26,0.9153479933738708,0.9350330233573914,0.9055060148239136,0.9251909852027893,0.7306345105171204,593347
2016-08-29,0.9153479933738708,0.9153479933738708,0.8956639766693115,0.9153479933738708,0.7228614687919617,1028198
2016-08-30,0.9153479933738708,0.9153479933738708,0.9153479933738708,0.9153479933738708,0.7228614687919617,558803
2016-08-31,0.9055060148239136,0.9251909852027893,0.9055060148239136,0.9251909852027893,0.7306345105171204,568963
2016-09-01,0.9153479933738708,0.9547179937362671,0.9153479933738708,0.9547179937362671,0.7539525032043457,713236
2016-09-02,0.9645609855651855,0.9645609855651855,0.9251909852027893,0.9350330233573914,0.7384070158004761,554742
2016-09-05,0.8956639766693115,0.9448760151863098,0.8956639766693115,0.9350330233573914,0.7384070158004761,556771
2016-09-06,0.9350330233573914,0.9448760151863098,0.9251909852027893,0.9350330233573914,0.7384070158004761,650243
2016-09-07,0.9251909852027893,0.9547179937362671,0.9251909852027893,0.9547179937362671,0.7539525032043457,1343159
2016-09-08,0.9448760151863098,0.9448760151863098,0.9153479933738708,0.9350330233573914,0.7384070158004761,1946667
2016-09-09,0.9251909852027893,0.9744030237197876,0.9251909852027893,0.9547179937362671,0.7539525032043457,1030230
2016-09-12,0.9350330233573914,0.9350330233573914,0.9153479933738708,0.9153479933738708,0.7228614687919617,617731
2016-09-13,0.9350330233573914,0.9350330233573914,0.9153479933738708,0.9251909852027893,0.7306345105171204,743716
2016-09-14,0.9251909852027893,0.9251909852027893,0.8956639766693115,0.9251909852027893,0.7306345105171204,892053
2016-09-15,0.9251909852027893,0.9448760151863098,0.9251909852027893,0.9350330233573914,0.7384070158004761,577091
2016-09-19,0.9448760151863098,0.9448760151863098,0.9251909852027893,0.9350330233573914,0.7384070158004761,536451
2016-09-20,0.9350330233573914,0.9350330233573914,0.9153479933738708,0.9251909852027893,0.7306345105171204,587251
2016-09-21,0.9251909852027893,0.9448760151863098,0.9251909852027893,0.9350330233573914,0.7384070158004761,540515
2016-09-22,0.9350330233573914,0.9350330233573914,0.9153479933738708,0.9251909852027893,0.7306345105171204,587251
2016-09-23,0.9251909852027893,0.9350330233573914,0.9153479933738708,0.9153479933738708,0.7228614687919617,646179
2016-09-26,0.9055060148239136,0.9448760151863098,0.9055060148239136,0.9251909852027893,0.7306345105171204,3771414
2016-09-27,0.9251909852027893,0.9350330233573914,0.9153479933738708,0.9251909852027893,0.7306345105171204,593347
2016-09-28,0.9153479933738708,0.9350330233573914,0.9055060148239136,0.9153479933738708,0.7228614687919617,993653
2016-09-29,0.9153479933738708,0.9251909852027893,0.9153479933738708,0.9153479933738708,0.7228614687919617,686820
2016-09-30,0.9153479933738708,1.0236159563064575,0.9153479933738708,0.9744030237197876,0.769497811794281,5740433
2016-10-03,0.9744030237197876,1.0039310455322266,0.9645609855651855,0.984246015548706,0.7772709727287292,1879611
2016-10-04,0.9940879940986633,1.0236159563064575,0.9744030237197876,1.0039310455322266,0.7928165197372437,1064774
2016-10-05,1.0039310455322266,1.013772964477539,0.984246015548706,0.9940879940986633,0.7850432991981506,721364
2016-10-06,0.984246015548706,1.0236159563064575,0.984246015548706,0.9940879940986633,0.7850432991981506,938789
2016-10-07,0.984246015548706,1.0039310455322266,0.984246015548706,0.984246015548706,0.7772709727287292,272289
2016-10-11,0.984246015548706,1.0039310455322266,0.9744030237197876,0.9744030237197876,0.769497811794281,845316
2016-10-12,0.9645609855651855,1.013772964477539,0.9547179937362671,0.9940879940986633,0.7850432991981506,323089
2016-10-13,0.984246015548706,0.984246015548706,0.9350330233573914,0.9448760151863098,0.7461799383163452,656339
2016-10-14,0.9350330233573914,0.9547179937362671,0.9251909852027893,0.9251909852027893,0.7306345105171204,772164
2016-10-17,0.9251909852027893,0.9744030237197876,0.9153479933738708,0.9153479933738708,0.7228614687919617,690884
2016-10-18,0.9153479933738708,0.9645609855651855,0.9153479933738708,0.9251909852027893,0.7306345105171204,215393
2016-10-19,0.9251909852027893,0.9547179937362671,0.9153479933738708,0.9251909852027893,0.7306345105171204,176785
2016-10-20,0.9251909852027893,0.9547179937362671,0.9251909852027893,0.9251909852027893,0.7306345105171204,205233
2016-10-21,0.9251909852027893,0.9251909852027893,0.9251909852027893,0.9251909852027893,0.7306345105171204,0
2016-10-24,0.9251909852027893,0.9547179937362671,0.9251909852027893,0.9350330233573914,0.7384070158004761,284481
2016-10-25,0.9350330233573914,0.9547179937362671,0.9251909852027893,0.9350330233573914,0.7384070158004761,254001
2016-10-26,0.9251909852027893,0.9251909852027893,0.9055060148239136,0.9055060148239136,0.7150891423225403,753876
2016-10-27,0.8956639766693115,0.9251909852027893,0.8956639766693115,0.9251909852027893,0.7306345105171204,329185
2016-10-28,0.9251909852027893,0.9448760151863098,0.9055060148239136,0.9350330233573914,0.7384070158004761,867669
2016-10-31,0.9251909852027893,0.9350330233573914,0.9055060148239136,0.9153479933738708,0.7228614687919617,310897
2016-11-01,0.9448760151863098,0.9645609855651855,0.9350330233573914,0.9547179937362671,0.7539525032043457,1771914
2016-11-02,0.9055060148239136,0.9448760151863098,0.9055060148239136,0.9153479933738708,0.7228614687919617,508003
2016-11-03,0.8956639766693115,0.8956639766693115,0.7677119970321655,0.7972390055656433,0.629589319229126,7184940
2016-11-04,0.7480270266532898,0.7775539755821228,0.7480270266532898,0.7578690052032471,0.5984983444213867,1710954
2016-11-07,0.7578690052032471,0.7578690052032471,0.7283419966697693,0.7283419966697693,0.5751805305480957,1099318
2016-11-08,0.7283419966697693,0.7283419966697693,0.688971996307373,0.6988139748573303,0.5518618226051331,2381518
2016-11-09,0.7086570262908936,0.7677119970321655,0.6692870259284973,0.7184990048408508,0.5674073100090027,1105414
2016-11-10,0.7184990048408508,0.7381839752197266,0.7184990048408508,0.7283419966697693,0.5751805305480957,400306
2016-11-11,0.7283419966697693,0.7283419966697693,0.7086570262908936,0.7086570262908936,0.5596351027488708,162560
2016-11-14,0.7283419966697693,0.7381839752197266,0.7184990048408508,0.7283419966697693,0.5751805305480957,757940
2016-11-15,0.7184990048408508,0.7381839752197266,0.7184990048408508,0.7283419966697693,0.5751805305480957,1448824
2016-11-16,0.7184990048408508,0.7184990048408508,0.6988139748573303,0.6988139748573303,0.5518618226051331,125984
2016-11-17,0.688971996307373,0.7184990048408508,0.688971996307373,0.688971996307373,0.5440894961357117,373890
2016-11-18,0.688971996307373,0.7184990048408508,0.6791290044784546,0.6988139748573303,0.5518618226051331,629923
2016-11-21,0.688971996307373,0.7578690052032471,0.688971996307373,0.7480270266532898,0.5907260775566101,3476935
2016-11-22,0.7480270266532898,0.7480270266532898,0.688971996307373,0.688971996307373,0.5440894961357117,1873074
2016-11-23,0.688971996307373,0.7184990048408508,0.688971996307373,0.688971996307373,0.5440894961357117,1020070
2016-11-24,0.688971996307373,0.6988139748573303,0.6496019959449768,0.6791290044784546,0.5363163948059082,2005595
2016-11-25,0.6692870259284973,0.7086570262908936,0.6692870259284973,0.7086570262908936,0.5596351027488708,3243091
2016-11-28,0.7086570262908936,0.7381839752197266,0.6988139748573303,0.7086570262908936,0.5596351027488708,7231930
2016-11-29,0.7086570262908936,0.7381839752197266,0.7086570262908936,0.7184990048408508,0.5674073100090027,3357391
2016-11-30,0.7200000286102295,0.7300000190734863,0.6899999976158142,0.699999988079071,0.5527984499931335,1430000
2016-12-01,0.699999988079071,0.7200000286102295,0.699999988079071,0.7200000286102295,0.5685927867889404,1026000
2016-12-02,0.699999988079071,0.7200000286102295,0.699999988079071,0.7099999785423279,0.560695469379425,1046000
2016-12-05,0.7099999785423279,0.7099999785423279,0.7099999785423279,0.7099999785423279,0.560695469379425,0
2016-12-06,0.7099999785423279,0.7099999785423279,0.7099999785423279,0.7099999785423279,0.560695469379425,0
2016-12-07,0.7099999785423279,0.7099999785423279,0.7099999785423279,0.7099999785423279,0.560695469379425,0
2016-12-08,0.7099999785423279,0.7099999785423279,0.7099999785423279,0.7099999785423279,0.560695469379425,0
2016-12-09,1.1100000143051147,1.1200000047683716,1.0700000524520874,1.0700000524520874,0.84499192237854,79260494
2016-12-12,1.0800000429153442,1.0800000429153442,1.0700000524520874,1.0700000524520874,0.84499192237854,10406000
2016-12-13,1.0800000429153442,1.0800000429153442,1.0700000524520874,1.0700000524520874,0.84499192237854,1948000
2016-12-14,1.0700000524520874,1.0800000429153442,1.0700000524520874,1.0700000524520874,0.84499192237854,4208250
2016-12-15,1.0700000524520874,1.0800000429153442,1.0700000524520874,1.0700000524520874,0.84499192237854,1528000
2016-12-16,1.0800000429153442,1.0800000429153442,1.0700000524520874,1.0700000524520874,0.84499192237854,2324000
2016-12-19,1.0800000429153442,1.0800000429153442,1.0700000524520874,1.0700000524520874,0.84499192237854,800000
2016-12-20,1.0700000524520874,1.0800000429153442,1.0700000524520874,1.0700000524520874,0.84499192237854,1198000
2016-12-21,1.0700000524520874,1.0800000429153442,1.0700000524520874,1.0700000524520874,0.84499192237854,732000
2016-12-22,1.0800000429153442,1.0800000429153442,1.0700000524520874,1.0800000429153442,0.8528891205787659,2452000
2016-12-23,1.0800000429153442,1.0800000429153442,1.0700000524520874,1.0700000524520874,0.84499192237854,340000
2016-12-28,1.0700000524520874,1.0800000429153442,1.0700000524520874,1.0700000524520874,0.84499192237854,1764000
2016-12-29,1.0700000524520874,1.0800000429153442,1.0700000524520874,1.0800000429153442,0.8528891205787659,920000
2016-12-30,1.0800000429153442,1.0800000429153442,1.0700000524520874,1.0800000429153442,0.8528891205787659,1424000
2017-01-03,1.0800000429153442,1.0800000429153442,1.0700000524520874,1.0700000524520874,0.84499192237854,583432
2017-01-04,1.0700000524520874,1.0800000429153442,1.0700000524520874,1.0800000429153442,0.8528891205787659,786100
2017-01-05,1.0700000524520874,1.0800000429153442,1.0700000524520874,1.0700000524520874,0.84499192237854,516000
2017-01-06,1.0800000429153442,1.0800000429153442,1.0700000524520874,1.0700000524520874,0.84499192237854,128000
2017-01-09,1.0700000524520874,1.0800000429153442,1.0700000524520874,1.0800000429153442,0.8528891205787659,762000
2017-01-10,1.0700000524520874,1.0800000429153442,1.0700000524520874,1.0700000524520874,0.84499192237854,358000
2017-01-11,1.0700000524520874,1.0800000429153442,1.0700000524520874,1.0700000524520874,0.84499192237854,3246000
2017-01-12,1.0700000524520874,1.0800000429153442,1.0700000524520874,1.0700000524520874,0.84499192237854,524000
2017-01-13,1.0700000524520874,1.0800000429153442,1.0700000524520874,1.0800000429153442,0.8528891205787659,302000
2017-01-16,1.0700000524520874,1.0800000429153442,1.0700000524520874,1.0700000524520874,0.84499192237854,802000
2017-01-17,1.0700000524520874,1.0800000429153442,1.0700000524520874,1.0700000524520874,0.84499192237854,410000
2017-01-18,1.0700000524520874,1.0800000429153442,1.0700000524520874,1.0700000524520874,0.84499192237854,656000
2017-01-19,1.0700000524520874,1.0800000429153442,1.0700000524520874,1.0800000429153442,0.8528891205787659,1750000
2017-01-20,1.0800000429153442,1.0800000429153442,1.0700000524520874,1.0800000429153442,0.8528891205787659,1122000
2017-01-23,1.0700000524520874,1.0800000429153442,1.0700000524520874,1.0800000429153442,0.8528891205787659,1646000
2017-01-24,1.0700000524520874,1.0800000429153442,1.0700000524520874,1.0800000429153442,0.8528891205787659,300000
2017-01-25,1.0700000524520874,1.0800000429153442,1.0700000524520874,1.0800000429153442,0.8528891205787659,484000
2017-01-26,1.0700000524520874,1.0700000524520874,1.059999942779541,1.0700000524520874,0.84499192237854,1190000
2017-01-27,1.059999942779541,1.0700000524520874,1.059999942779541,1.0700000524520874,0.84499192237854,168000
2017-02-01,1.0700000524520874,1.0800000429153442,1.059999942779541,1.0800000429153442,0.8528891205787659,124000
2017-02-02,1.0700000524520874,1.0800000429153442,1.059999942779541,1.059999942779541,0.8370949029922485,312000
2017-02-03,1.090000033378601,1.2999999523162842,1.090000033378601,1.2000000476837158,0.9476547241210938,4703000
2017-02-06,1.2100000381469727,1.2100000381469727,1.0800000429153442,1.1299999952316284,0.8923746943473816,1056000
2017-02-07,1.1299999952316284,1.1299999952316284,1.0800000429153442,1.090000033378601,0.8607861995697021,666000
2017-02-08,1.090000033378601,1.090000033378601,1.0399999618530273,1.059999942779541,0.8370949029922485,888000
2017-02-09,1.059999942779541,1.059999942779541,1.0399999618530273,1.0399999618530273,0.8213005661964417,278000
2017-02-10,1.0700000524520874,1.0700000524520874,1.0399999618530273,1.0499999523162842,0.8291977643966675,144000
2017-02-13,1.0499999523162842,1.0800000429153442,1.0499999523162842,1.0700000524520874,0.84499192237854,112000
2017-02-14,1.090000033378601,1.100000023841858,1.0700000524520874,1.0700000524520874,0.84499192237854,134000
2017-02-15,1.0700000524520874,1.100000023841858,1.0700000524520874,1.0800000429153442,0.8528891205787659,164000
2017-02-16,1.100000023841858,1.100000023841858,1.100000023841858,1.100000023841858,0.8686834573745728,408000
2017-02-17,1.1200000047683716,1.149999976158142,1.100000023841858,1.1100000143051147,0.8765804767608643,337125
2017-02-20,1.100000023841858,1.100000023841858,1.0800000429153442,1.0800000429153442,0.8528891205787659,170000
2017-02-21,1.0800000429153442,1.0800000429153442,1.0800000429153442,1.0800000429153442,0.8528891205787659,0
2017-02-22,1.0700000524520874,1.0800000429153442,1.0700000524520874,1.0700000524520874,0.84499192237854,166000
2017-02-23,1.0700000524520874,1.0700000524520874,1.0499999523162842,1.0700000524520874,0.84499192237854,150000
2017-02-24,1.0700000524520874,1.1399999856948853,1.0700000524520874,1.100000023841858,0.8686834573745728,154000
2017-02-27,1.0800000429153442,1.0800000429153442,1.0800000429153442,1.0800000429153442,0.8528891205787659,24000
2017-02-28,1.0800000429153442,1.0800000429153442,1.0800000429153442,1.0800000429153442,0.8528891205787659,0
2017-03-01,1.0099999904632568,1.090000033378601,1.0099999904632568,1.059999942779541,0.8370949029922485,152000
2017-03-02,1.090000033378601,1.090000033378601,1.0399999618530273,1.0800000429153442,0.8528891205787659,146000
2017-03-03,1.0700000524520874,1.0800000429153442,1.0499999523162842,1.0499999523162842,0.8291977643966675,44000
2017-03-06,1.059999942779541,1.059999942779541,1.0199999809265137,1.059999942779541,0.8370949029922485,118000
2017-03-07,1.0499999523162842,1.059999942779541,1.0299999713897705,1.0499999523162842,0.8291977643966675,156000
2017-03-08,1.0499999523162842,1.0800000429153442,1.0499999523162842,1.059999942779541,0.8370949029922485,306000
2017-03-09,1.0199999809265137,1.0199999809265137,0.9800000190734863,1.0199999809265137,0.8055063486099243,328000
2017-03-10,1.0199999809265137,1.0499999523162842,1.0199999809265137,1.0399999618530273,0.8213005661964417,164000
2017-03-13,1.0399999618530273,1.0399999618530273,1.0,1.0199999809265137,0.8055063486099243,474000
2017-03-14,1.0199999809265137,1.0499999523162842,0.9300000071525574,1.0,0.789712131023407,2554000
2017-03-15,1.0,1.100000023841858,0.9900000095367432,1.0299999713897705,0.8134034872055054,322000
2017-03-16,1.0,1.0099999904632568,0.949999988079071,1.0,0.789712131023407,1358000
2017-03-17,0.9900000095367432,1.0199999809265137,0.9900000095367432,1.0,0.789712131023407,422000
2017-03-20,1.0399999618530273,1.100000023841858,1.0,1.0,0.789712131023407,434000
2017-03-21,1.0,1.0,1.0,1.0,0.789712131023407,10000
2017-03-22,1.0,1.0,1.0,1.0,0.789712131023407,0
2017-03-23,1.0,1.0,1.0,1.0,0.789712131023407,80000
2017-03-24,1.0,1.0,1.0,1.0,0.789712131023407,20000
2017-03-27,1.0,1.0,0.9800000190734863,0.9800000190734863,0.7739179134368896,134000
2017-03-28,0.9900000095367432,0.9900000095367432,0.9300000071525574,0.9399999976158142,0.7423294186592102,2214000
2017-03-29,0.949999988079071,0.9800000190734863,0.8999999761581421,0.9100000262260437,0.718638002872467,1212000
2017-03-30,0.9200000166893005,0.949999988079071,0.8899999856948853,0.9200000166893005,0.7265351414680481,818000
2017-03-31,0.8999999761581421,0.9399999976158142,0.8899999856948853,0.8899999856948853,0.7028437256813049,944000
2017-04-03,0.8999999761581421,0.9399999976158142,0.8799999952316284,0.9200000166893005,0.7265351414680481,928000
2017-04-05,0.9200000166893005,1.0,0.9200000166893005,0.9599999785423279,0.7581236362457275,40428000
2017-04-06,0.9599999785423279,0.9599999785423279,0.9200000166893005,0.949999988079071,0.7502264976501465,280000
2017-04-07,0.9200000166893005,0.949999988079071,0.9100000262260437,0.949999988079071,0.7502264976501465,276000
2017-04-10,0.9700000286102295,1.0,0.9200000166893005,0.9399999976158142,0.7423294186592102,538000
2017-04-11,0.9100000262260437,0.9300000071525574,0.8999999761581421,0.9100000262260437,0.718638002872467,352000
2017-04-12,0.9300000071525574,0.9300000071525574,0.8799999952316284,0.9200000166893005,0.7265351414680481,940000
2017-04-13,0.8899999856948853,0.9100000262260437,0.8799999952316284,0.9100000262260437,0.718638002872467,594000
2017-04-18,0.8999999761581421,0.8999999761581421,0.8700000047683716,0.8700000047683716,0.6870496273040771,360000
2017-04-19,0.8500000238418579,0.8700000047683716,0.7900000214576721,0.8700000047683716,0.6870496273040771,854000
2017-04-20,0.8700000047683716,0.8999999761581421,0.8299999833106995,0.8299999833106995,0.6554610729217529,1266000
2017-04-21,0.8500000238418579,0.8600000143051147,0.8299999833106995,0.8299999833106995,0.6554610729217529,2102000
2017-04-24,0.8299999833106995,0.8500000238418579,0.8299999833106995,0.8500000238418579,0.6712552905082703,320000
2017-04-25,0.8399999737739563,0.8399999737739563,0.8100000023841858,0.8199999928474426,0.6475639939308167,836000
2017-04-26,0.8299999833106995,0.8299999833106995,0.8100000023841858,0.8100000023841858,0.6396667957305908,1306000
2017-04-27,0.800000011920929,0.800000011920929,0.800000011920929,0.800000011920929,0.6317697763442993,16000
2017-04-28,0.8100000023841858,0.8299999833106995,0.800000011920929,0.800000011920929,0.6317697763442993,822000
2017-05-02,0.800000011920929,0.8799999952316284,0.800000011920929,0.8700000047683716,0.6870496273040771,620000
2017-05-04,0.8399999737739563,0.8799999952316284,0.8399999737739563,0.8600000143051147,0.6791524291038513,252000
2017-05-05,0.8799999952316284,0.8999999761581421,0.8500000238418579,0.8799999952316284,0.6949465870857239,1002000
2017-05-08,0.8500000238418579,0.8500000238418579,0.8500000238418579,0.8700000047683716,0.6870496273040771,85375
2017-05-09,0.8700000047683716,0.8700000047683716,0.8500000238418579,0.8600000143051147,0.6791524291038513,446000
2017-05-10,0.8799999952316284,0.9100000262260437,0.8500000238418579,0.8799999952316284,0.6949465870857239,1057000
2017-05-11,0.8999999761581421,0.8999999761581421,0.8500000238418579,0.8500000238418579,0.6712552905082703,2966000
2017-05-12,0.8500000238418579,0.8500000238418579,0.8500000238418579,0.8500000238418579,0.6712552905082703,150000
2017-05-15,0.8399999737739563,0.8399999737739563,0.8399999737739563,0.8500000238418579,0.6712552905082703,40000
2017-05-16,0.8799999952316284,0.8899999856948853,0.8500000238418579,0.8500000238418579,0.6712552905082703,212000
2017-05-17,0.8500000238418579,0.8899999856948853,0.8500000238418579,0.8899999856948853,0.7028437256813049,34000
2017-05-18,0.8500000238418579,0.8799999952316284,0.8399999737739563,0.8399999737739563,0.6633581519126892,914000
2017-05-19,0.8600000143051147,0.8600000143051147,0.8500000238418579,0.8500000238418579,0.6712552905082703,62000
2017-05-22,0.8299999833106995,0.8700000047683716,0.8199999928474426,0.8299999833106995,0.6554610729217529,1030000
2017-05-23,0.8500000238418579,0.8500000238418579,0.8299999833106995,0.8399999737739563,0.6633581519126892,2166000
2017-05-24,0.8299999833106995,0.8299999833106995,0.800000011920929,0.8299999833106995,0.6554610729217529,2524000
2017-05-25,0.8299999833106995,0.8399999737739563,0.800000011920929,0.8100000023841858,0.6396667957305908,2512000
2017-05-26,0.8199999928474426,0.8199999928474426,0.800000011920929,0.8100000023841858,0.6396667957305908,1438000
2017-05-29,0.8100000023841858,0.8100000023841858,0.7799999713897705,0.800000011920929,0.6317697763442993,944000
2017-05-31,0.7900000214576721,0.8100000023841858,0.7799999713897705,0.800000011920929,0.6317697763442993,2366000
2017-06-01,0.7900000214576721,0.8199999928474426,0.7799999713897705,0.8100000023841858,0.6396667957305908,1367597
2017-06-02,0.8100000023841858,0.8299999833106995,0.800000011920929,0.8299999833106995,0.6554610729217529,304000
2017-06-05,0.8100000023841858,0.8299999833106995,0.800000011920929,0.8299999833106995,0.6554610729217529,3108000
2017-06-06,0.8299999833106995,0.8399999737739563,0.8100000023841858,0.8199999928474426,0.6475639939308167,470000
2017-06-07,0.8199999928474426,0.8199999928474426,0.8199999928474426,0.8199999928474426,0.6475639939308167,76000
2017-06-08,0.8199999928474426,0.8399999737739563,0.8199999928474426,0.8399999737739563,0.6633581519126892,596000
2017-06-09,0.8799999952316284,0.8799999952316284,0.8399999737739563,0.8399999737739563,0.6633581519126892,58000
2017-06-12,0.8299999833106995,0.8299999833106995,0.8199999928474426,0.8299999833106995,0.6554610729217529,70000
2017-06-13,0.8399999737739563,0.8399999737739563,0.8299999833106995,0.8299999833106995,0.6554610729217529,192000
2017-06-14,0.8299999833106995,0.8999999761581421,0.8299999833106995,0.8700000047683716,0.6870496273040771,502000
2017-06-15,0.8700000047683716,0.8700000047683716,0.8700000047683716,0.8700000047683716,0.6870496273040771,0
2017-06-16,0.8399999737739563,0.8399999737739563,0.8399999737739563,0.8399999737739563,0.6633581519126892,132000
2017-06-19,0.8799999952316284,0.8799999952316284,0.8500000238418579,0.8500000238418579,0.6712552905082703,252000
2017-06-20,0.8700000047683716,0.8700000047683716,0.8500000238418579,0.8700000047683716,0.6870496273040771,344000
2017-06-21,0.8700000047683716,0.8899999856948853,0.8700000047683716,0.8799999952316284,0.6949465870857239,264000
2017-06-22,0.8500000238418579,0.8700000047683716,0.8500000238418579,0.8700000047683716,0.6870496273040771,212000
2017-06-23,0.8700000047683716,0.9399999976158142,0.8700000047683716,0.9100000262260437,0.718638002872467,1390000
2017-06-26,0.9100000262260437,0.9300000071525574,0.8899999856948853,0.8899999856948853,0.7028437256813049,344000
2017-06-27,0.9200000166893005,0.9200000166893005,0.8500000238418579,0.8700000047683716,0.6870496273040771,382000
2017-06-28,0.8700000047683716,0.8799999952316284,0.8500000238418579,0.8799999952316284,0.6949465870857239,1204000
2017-06-29,0.8700000047683716,0.8799999952316284,0.8500000238418579,0.8700000047683716,0.6870496273040771,700000
2017-06-30,0.8700000047683716,0.8899999856948853,0.8600000143051147,0.8799999952316284,0.6949465870857239,284000
2017-07-03,0.8799999952316284,0.9100000262260437,0.8799999952316284,0.8999999761581421,0.7107409238815308,62000
2017-07-04,0.8999999761581421,0.8999999761581421,0.8700000047683716,0.8899999856948853,0.7028437256813049,280000
2017-07-05,0.949999988079071,0.949999988079071,0.8999999761581421,0.8999999761581421,0.7107409238815308,964000
2017-07-06,0.8999999761581421,0.9300000071525574,0.8899999856948853,0.9200000166893005,0.7265351414680481,560000
2017-07-07,0.9200000166893005,0.949999988079071,0.8999999761581421,0.9399999976158142,0.7423294186592102,668000
2017-07-10,0.949999988079071,0.9800000190734863,0.9399999976158142,0.9599999785423279,0.7581236362457275,1612000
2017-07-11,0.9599999785423279,1.0,0.9599999785423279,0.9599999785423279,0.7581236362457275,996000
2017-07-12,0.9800000190734863,0.9800000190734863,0.9700000286102295,0.9800000190734863,0.7739179134368896,130000
2017-07-13,1.0,1.0499999523162842,0.9700000286102295,0.9900000095367432,0.7818149924278259,3088000
2017-07-14,0.9900000095367432,0.9900000095367432,0.8700000047683716,0.949999988079071,0.7502264976501465,4710000
2017-07-17,0.9399999976158142,0.9399999976158142,0.8600000143051147,0.8799999952316284,0.6949465870857239,7088000
2017-07-18,0.8799999952316284,0.8799999952316284,0.8399999737739563,0.8500000238418579,0.6712552905082703,2628000
2017-07-19,0.8600000143051147,0.8700000047683716,0.8500000238418579,0.8600000143051147,0.6791524291038513,1228000
2017-07-20,0.8700000047683716,0.8999999761581421,0.8700000047683716,0.8899999856948853,0.7028437256813049,1994000
2017-07-21,0.8799999952316284,0.8999999761581421,0.8600000143051147,0.8700000047683716,0.6870496273040771,716000
2017-07-24,0.8700000047683716,0.8700000047683716,0.8299999833106995,0.8600000143051147,0.6791524291038513,3656000
2017-07-25,0.8399999737739563,0.8500000238418579,0.8199999928474426,0.8199999928474426,0.6475639939308167,2880239
2017-07-26,0.8299999833106995,0.8600000143051147,0.800000011920929,0.8100000023841858,0.6396667957305908,3188000
2017-07-27,0.8100000023841858,0.8100000023841858,0.7900000214576721,0.800000011920929,0.6317697763442993,4350000
2017-07-28,0.800000011920929,0.8299999833106995,0.7799999713897705,0.8199999928474426,0.6475639939308167,1352000
2017-07-31,0.8199999928474426,0.8299999833106995,0.7900000214576721,0.8199999928474426,0.6475639939308167,3532000
2017-08-01,0.800000011920929,0.8199999928474426,0.7799999713897705,0.8100000023841858,0.6396667957305908,3448000
2017-08-02,0.8100000023841858,0.8100000023841858,0.7799999713897705,0.7900000214576721,0.6238725781440735,4890100
2017-08-03,0.7900000214576721,0.8100000023841858,0.7799999713897705,0.7799999713897705,0.6159754395484924,3768000
2017-08-04,0.7900000214576721,0.800000011920929,0.7900000214576721,0.800000011920929,0.6317697763442993,2528000
2017-08-07,0.800000011920929,0.8199999928474426,0.800000011920929,0.800000011920929,0.6317697763442993,1578000
2017-08-08,0.8100000023841858,0.8100000023841858,0.7900000214576721,0.8100000023841858,0.6396667957305908,1428000
2017-08-09,0.8100000023841858,0.8100000023841858,0.7900000214576721,0.7900000214576721,0.6238725781440735,1746000
2017-08-10,0.800000011920929,0.8399999737739563,0.7900000214576721,0.8100000023841858,0.6396667957305908,2200000
2017-08-11,0.800000011920929,0.8100000023841858,0.7799999713897705,0.7900000214576721,0.6238725781440735,3148000
2017-08-14,0.7900000214576721,0.800000011920929,0.7900000214576721,0.800000011920929,0.6317697763442993,2672000
2017-08-15,0.800000011920929,0.800000011920929,0.7799999713897705,0.800000011920929,0.6317697763442993,2390000
2017-08-16,0.7900000214576721,0.800000011920929,0.7900000214576721,0.800000011920929,0.6317697763442993,2150000
2017-08-17,0.800000011920929,0.800000011920929,0.7900000214576721,0.7900000214576721,0.6238725781440735,2746000
2017-08-18,0.7900000214576721,0.8100000023841858,0.7799999713897705,0.7900000214576721,0.6238725781440735,4654000
2017-08-21,0.800000011920929,0.8199999928474426,0.7900000214576721,0.7900000214576721,0.6238725781440735,2942000
2017-08-22,0.7900000214576721,0.7900000214576721,0.7900000214576721,0.7900000214576721,0.6238725781440735,3367450
2017-08-23,0.7900000214576721,0.7900000214576721,0.7900000214576721,0.7900000214576721,0.6553979516029358,0
2017-08-24,0.7599999904632568,0.7900000214576721,0.75,0.7599999904632568,0.630509614944458,3398000
2017-08-25,0.7599999904632568,0.7599999904632568,0.7400000095367432,0.75,0.6222133040428162,1106000
2017-08-28,0.75,0.75,0.7400000095367432,0.75,0.6222133040428162,1460000
2017-08-29,0.75,0.75,0.75,0.75,0.6222133040428162,2926000
2017-08-30,0.75,0.7799999713897705,0.75,0.7799999713897705,0.6471018195152283,2890000
2017-08-31,0.7599999904632568,0.8600000143051147,0.7599999904632568,0.8299999833106995,0.688582718372345,5828000
2017-09-01,0.8299999833106995,0.8399999737739563,0.8100000023841858,0.8199999928474426,0.6802864670753479,348000
2017-09-04,0.800000011920929,0.8199999928474426,0.800000011920929,0.8199999928474426,0.6802864670753479,404000
2017-09-05,0.800000011920929,0.8199999928474426,0.800000011920929,0.8199999928474426,0.6802864670753479,413460
2017-09-06,0.800000011920929,0.8500000238418579,0.800000011920929,0.8299999833106995,0.688582718372345,1720000
2017-09-07,0.8399999737739563,0.8500000238418579,0.8299999833106995,0.8399999737739563,0.6968787908554077,1212000
2017-09-08,0.8399999737739563,0.8399999737739563,0.8299999833106995,0.8299999833106995,0.688582718372345,292000
2017-09-11,0.8299999833106995,0.8299999833106995,0.8199999928474426,0.8299999833106995,0.688582718372345,46000
2017-09-12,0.8199999928474426,0.8199999928474426,0.8100000023841858,0.8100000023841858,0.6719903945922852,400000
2017-09-13,0.8100000023841858,0.8399999737739563,0.800000011920929,0.8399999737739563,0.6968787908554077,728000
2017-09-14,0.8199999928474426,0.8199999928474426,0.8100000023841858,0.8100000023841858,0.6719903945922852,90000
2017-09-15,0.8100000023841858,0.8299999833106995,0.8100000023841858,0.8299999833106995,0.688582718372345,616000
2017-09-18,0.8299999833106995,0.8500000238418579,0.8299999833106995,0.8500000238418579,0.7051751017570496,1138000
2017-09-19,0.8299999833106995,0.8500000238418579,0.8299999833106995,0.8399999737739563,0.6968787908554077,848500
2017-09-20,0.8299999833106995,0.8399999737739563,0.8199999928474426,0.8199999928474426,0.6802864670753479,306000
2017-09-21,0.8199999928474426,0.8299999833106995,0.8199999928474426,0.8199999928474426,0.6802864670753479,252000
2017-09-22,0.8299999833106995,0.8399999737739563,0.8299999833106995,0.8299999833106995,0.688582718372345,245195
2017-09-25,0.8199999928474426,0.8399999737739563,0.8199999928474426,0.8299999833106995,0.688582718372345,676000
2017-09-26,0.8199999928474426,0.8299999833106995,0.8199999928474426,0.8199999928474426,0.6802864670753479,8000
2017-09-27,0.8199999928474426,0.8600000143051147,0.8199999928474426,0.8500000238418579,0.7051751017570496,455500
2017-09-28,0.8500000238418579,0.8500000238418579,0.8399999737739563,0.8500000238418579,0.7051751017570496,312000
2017-09-29,0.8500000238418579,0.8600000143051147,0.8500000238418579,0.8500000238418579,0.7051751017570496,254000
2017-10-03,0.8399999737739563,0.8500000238418579,0.8100000023841858,0.8500000238418579,0.7051751017570496,208000
2017-10-04,0.8500000238418579,0.949999988079071,0.8399999737739563,0.8999999761581421,0.746656060218811,5040000
2017-10-06,0.9100000262260437,1.0499999523162842,0.9100000262260437,1.0299999713897705,0.8545063734054565,12126000
2017-10-09,1.0299999713897705,1.1399999856948853,1.0199999809265137,1.100000023841858,0.9125796556472778,11792000
2017-10-10,1.1299999952316284,1.1399999856948853,1.0700000524520874,1.1100000143051147,0.9208756685256958,4680000
2017-10-11,1.1100000143051147,1.1100000143051147,1.0399999618530273,1.0499999523162842,0.8710987567901611,3300000
2017-10-12,1.0499999523162842,1.059999942779541,0.9700000286102295,1.0199999809265137,0.8462101817131042,6570000
2017-10-13,1.0199999809265137,1.2200000286102295,1.0099999904632568,1.2100000381469727,1.0038375854492188,26548000
2017-10-16,1.25,1.3799999952316284,1.2300000190734863,1.2899999618530273,1.070206880569458,19940021
2017-10-17,1.3300000429153442,1.3300000429153442,1.25,1.2599999904632568,1.045318365097046,4978000
2017-10-18,1.2599999904632568,1.2699999809265137,1.2200000286102295,1.25,1.037022352218628,2002500
2017-10-19,1.2999999523162842,1.309999942779541,1.159999966621399,1.2200000286102295,1.0121338367462158,6558000
2017-10-20,1.2300000190734863,1.2300000190734863,1.100000023841858,1.149999976158142,0.9540603160858154,7480000
2017-10-23,1.149999976158142,1.149999976158142,1.1100000143051147,1.1200000047683716,0.9291718602180481,3392000
2017-10-24,1.1100000143051147,1.1100000143051147,1.0499999523162842,1.0800000429153442,0.8959872126579285,2076000
2017-10-25,1.0700000524520874,1.159999966621399,1.0700000524520874,1.1200000047683716,0.9291718602180481,2874000
2017-10-26,1.1299999952316284,1.1399999856948853,1.1100000143051147,1.1200000047683716,0.9291718602180481,614000
2017-10-27,1.1200000047683716,1.1299999952316284,1.100000023841858,1.100000023841858,0.9125796556472778,536000
2017-10-30,1.100000023841858,1.1100000143051147,1.0700000524520874,1.100000023841858,0.9125796556472778,580000
2017-10-31,1.0800000429153442,1.1200000047683716,1.0700000524520874,1.0800000429153442,0.8959872126579285,1190000
2017-11-01,1.0800000429153442,1.100000023841858,1.0800000429153442,1.100000023841858,0.9125796556472778,518000
2017-11-02,1.0700000524520874,1.0800000429153442,1.0700000524520874,1.0800000429153442,0.8959872126579285,502000
2017-11-03,1.0800000429153442,1.1200000047683716,1.0700000524520874,1.1100000143051147,0.9208756685256958,604737
2017-11-06,1.090000033378601,1.090000033378601,1.059999942779541,1.059999942779541,0.8793948888778687,1076000
2017-11-07,1.100000023841858,1.1799999475479126,1.100000023841858,1.1200000047683716,0.9291718602180481,24031950
2017-11-08,1.1299999952316284,1.149999976158142,1.0800000429153442,1.100000023841858,0.9125796556472778,1778000
2017-11-09,1.100000023841858,1.100000023841858,1.0700000524520874,1.090000033378601,0.904283344745636,972250
2017-11-10,1.090000033378601,1.090000033378601,1.0700000524520874,1.090000033378601,0.904283344745636,594000
2017-11-13,1.0800000429153442,1.090000033378601,1.059999942779541,1.0700000524520874,0.8876910209655762,1268000
2017-11-14,1.0800000429153442,1.0800000429153442,1.0700000524520874,1.0800000429153442,0.8959872126579285,648000
2017-11-15,1.0700000524520874,1.090000033378601,1.0700000524520874,1.0800000429153442,0.8959872126579285,1086000
2017-11-16,1.090000033378601,1.090000033378601,1.059999942779541,1.059999942779541,0.8793948888778687,364000
2017-11-17,1.0499999523162842,1.0700000524520874,1.0499999523162842,1.0499999523162842,0.8710987567901611,1256000
2017-11-20,1.0499999523162842,1.0499999523162842,0.9800000190734863,0.9900000095367432,0.8213215470314026,1812000
2017-11-21,0.9900000095367432,1.0399999618530273,0.9900000095367432,1.0,0.8296177387237549,2044000
2017-11-22,1.0,1.0,0.9200000166893005,0.9399999976158142,0.7798407077789307,4412000
2017-11-23,0.9399999976158142,0.9700000286102295,0.9399999976158142,0.9599999785423279,0.7964330911636353,668000
2017-11-24,1.0,1.059999942779541,0.9900000095367432,1.0299999713897705,0.8545063734054565,2560000
2017-11-27,1.0499999523162842,1.0499999523162842,1.0,1.0099999904632568,0.837913990020752,998000
2017-11-28,1.0,1.0299999713897705,0.9800000190734863,1.0199999809265137,0.8462101817131042,948000
2017-11-29,1.059999942779541,1.059999942779541,1.0099999904632568,1.0299999713897705,0.8545063734054565,1118000
2017-11-30,1.0,1.0099999904632568,1.0,1.0099999904632568,0.837913990020752,2590000
2017-12-01,1.0,1.0099999904632568,0.9900000095367432,0.9900000095367432,0.8213215470314026,3594000
2017-12-04,1.0099999904632568,1.0199999809265137,0.9900000095367432,1.0199999809265137,0.8462101817131042,460000
2017-12-05,1.0099999904632568,1.0099999904632568,0.9900000095367432,1.0099999904632568,0.837913990020752,1084000
2017-12-06,1.0099999904632568,1.0099999904632568,0.9700000286102295,1.0099999904632568,0.837913990020752,1132000
2017-12-07,1.0,1.0,0.9800000190734863,1.0,0.8296177387237549,396000
2017-12-08,0.9800000190734863,1.0,0.9800000190734863,1.0,0.8296177387237549,286000
2017-12-11,0.9900000095367432,1.0,0.9599999785423279,0.9800000190734863,0.8130254149436951,1168000
2017-12-12,0.9700000286102295,0.9800000190734863,0.9599999785423279,0.9599999785423279,0.8065561056137085,856100
2017-12-13,0.9599999785423279,0.9599999785423279,0.9399999976158142,0.9599999785423279,0.8065561056137085,466000
2017-12-14,0.9599999785423279,0.9700000286102295,0.9399999976158142,0.949999988079071,0.7981544733047485,556000
2017-12-15,0.949999988079071,0.949999988079071,0.9399999976158142,0.949999988079071,0.7981544733047485,620000
2017-12-18,0.9399999976158142,0.949999988079071,0.9300000071525574,0.949999988079071,0.7981544733047485,286000
2017-12-19,0.949999988079071,0.949999988079071,0.9300000071525574,0.949999988079071,0.7981544733047485,100000
2017-12-20,0.949999988079071,0.949999988079071,0.9300000071525574,0.949999988079071,0.7981544733047485,273460
2017-12-21,0.949999988079071,0.949999988079071,0.9399999976158142,0.949999988079071,0.7981544733047485,252000
2017-12-22,0.9300000071525574,0.949999988079071,0.9300000071525574,0.9399999976158142,0.7897528409957886,818000
2017-12-27,0.9399999976158142,0.9399999976158142,0.9200000166893005,0.9399999976158142,0.7897528409957886,1176000
2017-12-28,0.9300000071525574,0.9399999976158142,0.9200000166893005,0.9300000071525574,0.7813512086868286,1324000
2017-12-29,0.9200000166893005,0.9200000166893005,0.8899999856948853,0.8999999761581421,0.7561464309692383,2140000
2018-01-02,0.8999999761581421,0.9300000071525574,0.8999999761581421,0.9200000166893005,0.772949755191803,868000
2018-01-03,0.9300000071525574,0.9300000071525574,0.9100000262260437,0.9300000071525574,0.7813512086868286,304000
2018-01-04,0.9399999976158142,1.0099999904632568,0.9300000071525574,0.9900000095367432,0.8317610621452332,1918000
2018-01-05,1.0,1.0199999809265137,0.9800000190734863,0.9900000095367432,0.8317610621452332,814000
2018-01-08,1.0,1.0199999809265137,0.9599999785423279,0.9700000286102295,0.814957857131958,524000
2018-01-09,0.9700000286102295,0.9700000286102295,0.949999988079071,0.9700000286102295,0.814957857131958,466000
2018-01-10,0.949999988079071,0.9900000095367432,0.949999988079071,0.9599999785423279,0.8065561056137085,114000
2018-01-11,0.9599999785423279,0.9800000190734863,0.949999988079071,0.9599999785423279,0.8065561056137085,184000
2018-01-12,0.9399999976158142,0.9900000095367432,0.9399999976158142,0.9599999785423279,0.8065561056137085,670000
2018-01-15,0.9599999785423279,0.9599999785423279,0.9200000166893005,0.9300000071525574,0.7813512086868286,428000
2018-01-16,0.9399999976158142,0.9599999785423279,0.9399999976158142,0.949999988079071,0.7981544733047485,1202000
2018-01-17,0.949999988079071,0.9700000286102295,0.9399999976158142,0.9599999785423279,0.8065561056137085,814000
2018-01-18,0.9599999785423279,0.9700000286102295,0.9399999976158142,0.9700000286102295,0.814957857131958,1446000
2018-01-19,0.9599999785423279,0.9599999785423279,0.949999988079071,0.9599999785423279,0.8065561056137085,412375
2018-01-22,0.9599999785423279,0.9800000190734863,0.9599999785423279,0.9700000286102295,0.814957857131958,885875
2018-01-23,0.9800000190734863,0.9800000190734863,0.9700000286102295,0.9700000286102295,0.814957857131958,652000
2018-01-24,0.9700000286102295,0.9700000286102295,0.9700000286102295,0.9700000286102295,0.814957857131958,764000
2018-01-25,0.9800000190734863,1.0700000524520874,0.9800000190734863,1.0199999809265137,0.8569658994674683,65878000
2018-01-26,1.0199999809265137,1.0299999713897705,1.0,1.0099999904632568,0.8485642075538635,2170000
2018-01-29,1.0299999713897705,1.0299999713897705,1.0099999904632568,1.0099999904632568,0.8485642075538635,794000
2018-01-30,1.0,1.0,0.9700000286102295,0.9800000190734863,0.8233594298362732,1116000
2018-01-31,0.9700000286102295,1.0,0.9700000286102295,0.9800000190734863,0.8233594298362732,730000
2018-02-01,0.9800000190734863,1.0,0.9800000190734863,1.0,0.8401626348495483,448000
2018-02-02,0.9900000095367432,0.9900000095367432,0.9800000190734863,0.9900000095367432,0.8317610621452332,910000
2018-02-05,0.9900000095367432,0.9900000095367432,0.9599999785423279,0.9800000190734863,0.8233594298362732,770000
2018-02-06,0.949999988079071,0.9700000286102295,0.9200000166893005,0.9300000071525574,0.7813512086868286,1946000
2018-02-07,0.949999988079071,0.9700000286102295,0.9399999976158142,0.949999988079071,0.7981544733047485,1606000
2018-02-08,0.9599999785423279,0.9599999785423279,0.949999988079071,0.9599999785423279,0.8065561056137085,638000
2018-02-09,0.949999988079071,0.949999988079071,0.9100000262260437,0.9100000262260437,0.7645479440689087,1128000
2018-02-12,0.9100000262260437,0.9399999976158142,0.9100000262260437,0.9300000071525574,0.7813512086868286,700000
2018-02-13,0.9300000071525574,0.949999988079071,0.9300000071525574,0.9300000071525574,0.7813512086868286,246000
2018-02-14,0.9399999976158142,0.9800000190734863,0.9300000071525574,0.9700000286102295,0.814957857131958,226000
2018-02-15,0.9700000286102295,0.9800000190734863,0.949999988079071,0.949999988079071,0.7981544733047485,120000
2018-02-20,0.9399999976158142,0.9399999976158142,0.9300000071525574,0.9399999976158142,0.7897528409957886,174000
2018-02-21,0.9399999976158142,0.9399999976158142,0.9399999976158142,0.9399999976158142,0.7897528409957886,48000
2018-02-22,0.9399999976158142,0.9399999976158142,0.9300000071525574,0.9300000071525574,0.7813512086868286,122000
2018-02-23,0.9300000071525574,0.9800000190734863,0.9300000071525574,0.9700000286102295,0.814957857131958,1298000
2018-02-26,0.9700000286102295,0.9700000286102295,0.9599999785423279,0.9599999785423279,0.8065561056137085,1050000
2018-02-27,0.9599999785423279,0.949999988079071,0.949999988079071,0.949999988079071,0.7981544733047485,322000
2018-02-28,0.9300000071525574,0.9399999976158142,0.9300000071525574,0.9399999976158142,0.7897528409957886,140000
2018-03-01,0.9399999976158142,0.9399999976158142,0.9300000071525574,0.9399999976158142,0.7897528409957886,90000
2018-03-02,0.9200000166893005,0.9700000286102295,0.9200000166893005,0.9700000286102295,0.814957857131958,914000
2018-03-05,0.9700000286102295,0.9700000286102295,0.949999988079071,0.9599999785423279,0.8065561056137085,334000
2018-03-06,0.9700000286102295,0.9700000286102295,0.9599999785423279,0.9599999785423279,0.8065561056137085,296000
2018-03-07,0.9599999785423279,1.0199999809265137,0.9599999785423279,0.9900000095367432,0.8317610621452332,3254000
2018-03-08,0.9700000286102295,0.9700000286102295,0.949999988079071,0.9700000286102295,0.814957857131958,878000
2018-03-09,0.949999988079071,0.9599999785423279,0.9300000071525574,0.9300000071525574,0.7813512086868286,1490000
2018-03-12,0.949999988079071,0.949999988079071,0.9399999976158142,0.9399999976158142,0.7897528409957886,500000
2018-03-13,0.9399999976158142,0.9399999976158142,0.9200000166893005,0.9200000166893005,0.772949755191803,1430000
2018-03-14,0.9200000166893005,0.9300000071525574,0.9100000262260437,0.9200000166893005,0.772949755191803,1864000
2018-03-15,0.9200000166893005,0.9599999785423279,0.9200000166893005,0.949999988079071,0.7981544733047485,1704000
2018-03-16,0.949999988079071,0.949999988079071,0.949999988079071,0.949999988079071,0.7981544733047485,202000
2018-03-19,0.949999988079071,0.949999988079071,0.9300000071525574,0.949999988079071,0.7981544733047485,164000
2018-03-20,0.9300000071525574,0.949999988079071,0.9300000071525574,0.949999988079071,0.7981544733047485,146000
2018-03-21,0.949999988079071,0.9800000190734863,0.949999988079071,0.9599999785423279,0.8065561056137085,604000
2018-03-22,0.9399999976158142,0.949999988079071,0.9399999976158142,0.949999988079071,0.7981544733047485,162000
2018-03-23,0.9300000071525574,0.949999988079071,0.9100000262260437,0.949999988079071,0.7981544733047485,984000
2018-03-26,0.9200000166893005,0.949999988079071,0.9100000262260437,0.949999988079071,0.7981544733047485,354000
2018-03-27,0.9399999976158142,0.949999988079071,0.9200000166893005,0.949999988079071,0.7981544733047485,611000
2018-03-28,0.949999988079071,0.949999988079071,0.9300000071525574,0.949999988079071,0.7981544733047485,282000
2018-03-29,0.949999988079071,0.949999988079071,0.9200000166893005,0.949999988079071,0.7981544733047485,808000
2018-04-03,0.9200000166893005,0.949999988079071,0.9200000166893005,0.949999988079071,0.7981544733047485,114000
2018-04-04,0.9399999976158142,0.9399999976158142,0.9200000166893005,0.9300000071525574,0.7813512086868286,414000
2018-04-06,0.9300000071525574,0.9300000071525574,0.9100000262260437,0.9300000071525574,0.7813512086868286,350000
2018-04-09,0.9300000071525574,0.9300000071525574,0.9300000071525574,0.9300000071525574,0.7813512086868286,224000
2018-04-10,0.9100000262260437,0.9300000071525574,0.9100000262260437,0.9200000166893005,0.772949755191803,298000
2018-04-11,0.9200000166893005,0.9300000071525574,0.9100000262260437,0.9200000166893005,0.772949755191803,734000
2018-04-12,0.9200000166893005,0.9200000166893005,0.9200000166893005,0.9200000166893005,0.772949755191803,110200
2018-04-13,0.9200000166893005,0.9200000166893005,0.9200000166893005,0.9200000166893005,0.772949755191803,0
2018-04-16,0.9200000166893005,0.9200000166893005,0.9100000262260437,0.9200000166893005,0.772949755191803,202000
2018-04-17,0.9200000166893005,0.9200000166893005,0.9100000262260437,0.9200000166893005,0.772949755191803,172000
2018-04-18,0.9100000262260437,0.9300000071525574,0.9200000166893005,0.9200000166893005,0.772949755191803,196000
2018-04-19,0.9100000262260437,0.9200000166893005,0.9100000262260437,0.9200000166893005,0.772949755191803,150000
2018-04-20,0.9200000166893005,0.9300000071525574,0.9100000262260437,0.9100000262260437,0.7645479440689087,254100
2018-04-23,0.9200000166893005,0.9200000166893005,0.8999999761581421,0.9100000262260437,0.7645479440689087,190000
2018-04-24,0.9300000071525574,0.949999988079071,0.9300000071525574,0.9300000071525574,0.7813512086868286,344000
2018-04-25,0.9200000166893005,0.9200000166893005,0.8999999761581421,0.8999999761581421,0.7561464309692383,506000
2018-04-26,0.8999999761581421,0.9200000166893005,0.8999999761581421,0.9200000166893005,0.772949755191803,666000
2018-04-27,0.9100000262260437,0.9399999976158142,0.9100000262260437,0.9200000166893005,0.772949755191803,528000
2018-04-30,0.9399999976158142,1.0399999618530273,0.9399999976158142,0.9700000286102295,0.814957857131958,4842000
2018-05-02,0.9700000286102295,1.0499999523162842,0.9599999785423279,1.0,0.8401626348495483,6634000
2018-05-03,1.0,1.0,0.9700000286102295,0.9700000286102295,0.814957857131958,2756000
2018-05-04,0.9900000095367432,0.9900000095367432,0.9599999785423279,0.9700000286102295,0.814957857131958,1610000
2018-05-07,0.9700000286102295,0.9800000190734863,0.9399999976158142,0.9700000286102295,0.814957857131958,1016000
2018-05-08,0.9700000286102295,0.9700000286102295,0.9200000166893005,0.949999988079071,0.7981544733047485,2244000
2018-05-09,0.949999988079071,0.949999988079071,0.9300000071525574,0.9399999976158142,0.7897528409957886,684000
2018-05-10,0.9300000071525574,0.949999988079071,0.9300000071525574,0.949999988079071,0.7981544733047485,174000
2018-05-11,0.949999988079071,0.949999988079071,0.9300000071525574,0.9399999976158142,0.7897528409957886,614000
2018-05-14,0.9399999976158142,0.949999988079071,0.9300000071525574,0.9399999976158142,0.7897528409957886,382000
2018-05-15,0.9399999976158142,0.9399999976158142,0.9399999976158142,0.9399999976158142,0.7897528409957886,86000
2018-05-16,0.9300000071525574,0.949999988079071,0.9300000071525574,0.949999988079071,0.7981544733047485,450000
2018-05-17,0.9399999976158142,0.9399999976158142,0.9300000071525574,0.9399999976158142,0.7897528409957886,94000
2018-05-18,0.9200000166893005,0.9399999976158142,0.9200000166893005,0.9399999976158142,0.7897528409957886,54000
2018-05-21,0.9399999976158142,0.9399999976158142,0.9300000071525574,0.9300000071525574,0.7813512086868286,116000
2018-05-23,0.9200000166893005,0.9300000071525574,0.9200000166893005,0.9300000071525574,0.7813512086868286,326250
2018-05-24,0.9200000166893005,0.9200000166893005,0.8999999761581421,0.9200000166893005,0.772949755191803,1594000
2018-05-25,0.9200000166893005,0.9200000166893005,0.9100000262260437,0.9100000262260437,0.7645479440689087,162000
2018-05-28,0.9300000071525574,0.9300000071525574,0.9200000166893005,0.9200000166893005,0.772949755191803,196000
2018-05-29,0.9200000166893005,0.9300000071525574,0.9200000166893005,0.9200000166893005,0.772949755191803,238000
2018-05-30,0.9200000166893005,0.9200000166893005,0.9100000262260437,0.9100000262260437,0.7645479440689087,280000
2018-05-31,0.9100000262260437,0.9200000166893005,0.9100000262260437,0.9200000166893005,0.772949755191803,334000
2018-06-01,0.9200000166893005,0.9300000071525574,0.9100000262260437,0.9300000071525574,0.7813512086868286,346000
2018-06-04,0.9100000262260437,0.9100000262260437,0.9100000262260437,0.9100000262260437,0.7645479440689087,370000
2018-06-05,0.8999999761581421,0.9200000166893005,0.8999999761581421,0.9100000262260437,0.7645479440689087,1066000
2018-06-06,0.9100000262260437,0.9300000071525574,0.9100000262260437,0.9200000166893005,0.772949755191803,884000
2018-06-07,0.9200000166893005,0.9300000071525574,0.9100000262260437,0.9100000262260437,0.7645479440689087,424000
2018-06-08,0.9100000262260437,0.9100000262260437,0.8999999761581421,0.8999999761581421,0.7561464309692383,104000
2018-06-11,0.8999999761581421,0.9100000262260437,0.8999999761581421,0.9100000262260437,0.7645479440689087,188000
2018-06-12,0.8999999761581421,0.8999999761581421,0.8999999761581421,0.8999999761581421,0.7561464309692383,0
2018-06-13,0.8999999761581421,0.8999999761581421,0.8899999856948853,0.8999999761581421,0.7561464309692383,336000
2018-06-14,0.8999999761581421,0.8999999761581421,0.8899999856948853,0.8899999856948853,0.7477446794509888,134000
2018-06-15,0.8899999856948853,0.8999999761581421,0.8899999856948853,0.8999999761581421,0.7561464309692383,38000
2018-06-19,0.8999999761581421,0.8999999761581421,0.8700000047683716,0.8799999952316284,0.7393432259559631,156000
2018-06-20,0.8799999952316284,0.8899999856948853,0.8799999952316284,0.8899999856948853,0.7477446794509888,54000
2018-06-21,0.8999999761581421,0.8999999761581421,0.8899999856948853,0.8899999856948853,0.7477446794509888,64000
2018-06-22,0.8899999856948853,0.8899999856948853,0.8799999952316284,0.8899999856948853,0.7477446794509888,112000
2018-06-25,0.8899999856948853,0.8899999856948853,0.8799999952316284,0.8799999952316284,0.7393432259559631,174000
2018-06-26,0.8600000143051147,0.8600000143051147,0.8399999737739563,0.8500000238418579,0.7141382694244385,798000
2018-06-27,0.8500000238418579,0.8500000238418579,0.8199999928474426,0.8299999833106995,0.6973350048065186,302000
2018-06-28,0.8199999928474426,0.8500000238418579,0.7799999713897705,0.8100000023841858,0.6805317997932434,622000
2018-06-29,0.800000011920929,0.8299999833106995,0.7799999713897705,0.8199999928474426,0.6889333724975586,506000
2018-07-03,0.8199999928474426,0.8199999928474426,0.699999988079071,0.7900000214576721,0.6637284755706787,1204000
2018-07-04,0.800000011920929,0.800000011920929,0.7799999713897705,0.7900000214576721,0.6637284755706787,40000
2018-07-05,0.7900000214576721,0.7900000214576721,0.7400000095367432,0.7599999904632568,0.6385236382484436,594000
2018-07-06,0.7400000095367432,0.7799999713897705,0.7400000095367432,0.75,0.6301219463348389,188000
2018-07-09,0.75,0.75,0.7200000286102295,0.7300000190734863,0.613318681716919,372000
2018-07-10,0.7300000190734863,0.7400000095367432,0.7300000190734863,0.7300000190734863,0.613318681716919,300400
2018-07-11,0.7200000286102295,0.7799999713897705,0.7200000286102295,0.7699999809265137,0.6469252705574036,950000
2018-07-12,0.7400000095367432,0.7699999809265137,0.7300000190734863,0.7699999809265137,0.6469252705574036,1268000
2018-07-13,0.7400000095367432,0.7699999809265137,0.7300000190734863,0.7699999809265137,0.6469252705574036,897000
2018-07-16,0.7699999809265137,0.7699999809265137,0.7200000286102295,0.7200000286102295,0.6049171686172485,1280000
2018-07-17,0.7200000286102295,0.7400000095367432,0.6899999976158142,0.7200000286102295,0.6049171686172485,2912000
2018-07-18,0.7200000286102295,0.7200000286102295,0.6700000166893005,0.699999988079071,0.5881137251853943,2248000
2018-07-19,0.6800000071525574,0.7699999809265137,0.6800000071525574,0.7200000286102295,0.6049171686172485,1460000
2018-07-20,0.7200000286102295,0.7300000190734863,0.699999988079071,0.7300000190734863,0.613318681716919,576000
2018-07-23,0.7200000286102295,0.8100000023841858,0.7200000286102295,0.7599999904632568,0.6385236382484436,2166000
2018-07-24,0.7699999809265137,0.800000011920929,0.7699999809265137,0.7799999713897705,0.6553269028663635,242000
2018-07-25,0.800000011920929,0.8100000023841858,0.7900000214576721,0.800000011920929,0.6721301674842834,166000
2018-07-26,0.7799999713897705,0.8299999833106995,0.7799999713897705,0.8299999833106995,0.6973350048065186,614000
2018-07-27,0.8299999833106995,0.8299999833106995,0.800000011920929,0.8199999928474426,0.6889333724975586,506000
2018-07-30,0.800000011920929,0.8100000023841858,0.800000011920929,0.8100000023841858,0.6805317997932434,120000
2018-07-31,0.800000011920929,0.8899999856948853,0.7900000214576721,0.8299999833106995,0.6973350048065186,1034000
2018-08-01,0.8399999737739563,0.8500000238418579,0.8299999833106995,0.8500000238418579,0.7141382694244385,558000
2018-08-02,0.8299999833106995,0.8500000238418579,0.800000011920929,0.8199999928474426,0.6889333724975586,930000
2018-08-03,0.8199999928474426,0.8399999737739563,0.8199999928474426,0.8399999737739563,0.705736517906189,422940
2018-08-06,0.8399999737739563,0.8399999737739563,0.8399999737739563,0.8399999737739563,0.705736517906189,0
2018-08-07,0.8100000023841858,0.8399999737739563,0.8100000023841858,0.8399999737739563,0.705736517906189,488000
2018-08-08,0.8199999928474426,0.8399999737739563,0.8199999928474426,0.8399999737739563,0.705736517906189,282000
2018-08-09,0.8399999737739563,0.8399999737739563,0.8399999737739563,0.8399999737739563,0.705736517906189,0
2018-08-10,0.8399999737739563,0.8500000238418579,0.8399999737739563,0.8500000238418579,0.7141382694244385,100000
2018-08-13,0.8100000023841858,0.8399999737739563,0.8100000023841858,0.8199999928474426,0.6889333724975586,272000
2018-08-14,0.8399999737739563,0.8399999737739563,0.800000011920929,0.800000011920929,0.6721301674842834,302000
2018-08-15,0.800000011920929,0.8199999928474426,0.7799999713897705,0.800000011920929,0.6721301674842834,682000
2018-08-16,0.7799999713897705,0.7900000214576721,0.7799999713897705,0.7900000214576721,0.6637284755706787,156200
2018-08-17,0.7900000214576721,0.800000011920929,0.7799999713897705,0.800000011920929,0.6721301674842834,470000
2018-08-20,0.8100000023841858,0.8100000023841858,0.8100000023841858,0.8100000023841858,0.6805317997932434,0
2018-08-21,0.8199999928474426,0.8199999928474426,0.7900000214576721,0.800000011920929,0.6721301674842834,324000
2018-08-22,0.800000011920929,0.800000011920929,0.7900000214576721,0.800000011920929,0.6721301674842834,804000
2018-08-23,0.7900000214576721,0.800000011920929,0.7900000214576721,0.800000011920929,0.6721301674842834,978000
2018-08-24,0.800000011920929,0.8100000023841858,0.7900000214576721,0.800000011920929,0.6721301674842834,1346000
2018-08-27,0.800000011920929,0.800000011920929,0.7900000214576721,0.800000011920929,0.6721301674842834,1140000
2018-08-28,0.7900000214576721,0.800000011920929,0.7799999713897705,0.800000011920929,0.6814144253730774,1660000
2018-08-29,0.7900000214576721,0.7900000214576721,0.7699999809265137,0.7900000214576721,0.6728966236114502,1832000
2018-08-30,0.7799999713897705,0.8100000023841858,0.7799999713897705,0.800000011920929,0.6814144253730774,2080000
2018-08-31,0.7900000214576721,0.800000011920929,0.7900000214576721,0.800000011920929,0.6814144253730774,1314000
2018-09-03,0.8100000023841858,0.8199999928474426,0.800000011920929,0.8100000023841858,0.689932107925415,2030000
2018-09-04,0.8100000023841858,0.8199999928474426,0.800000011920929,0.800000011920929,0.6814144253730774,1878000
2018-09-05,0.7900000214576721,0.800000011920929,0.7799999713897705,0.7799999713897705,0.6643790006637573,1910000
2018-09-06,0.7799999713897705,0.7900000214576721,0.7699999809265137,0.7900000214576721,0.6728966236114502,1700000
2018-09-07,0.7900000214576721,0.800000011920929,0.7699999809265137,0.7799999713897705,0.6643790006637573,1508000
2018-09-10,0.7799999713897705,0.7799999713897705,0.75,0.7599999904632568,0.6473436951637268,1190000
2018-09-11,0.7599999904632568,0.800000011920929,0.75,0.7699999809265137,0.6558614373207092,1926000
2018-09-12,0.7799999713897705,0.8100000023841858,0.7699999809265137,0.7799999713897705,0.6643790006637573,1654000
2018-09-13,0.7799999713897705,0.800000011920929,0.7699999809265137,0.7900000214576721,0.6728966236114502,1894000
2018-09-14,0.8100000023841858,0.8100000023841858,0.7699999809265137,0.7799999713897705,0.6643790006637573,1386000
2018-09-17,0.7799999713897705,0.7799999713897705,0.7599999904632568,0.7699999809265137,0.6558614373207092,1758000
2018-09-18,0.7599999904632568,0.7900000214576721,0.75,0.7599999904632568,0.6473436951637268,2406000
2018-09-19,0.7599999904632568,0.7599999904632568,0.75,0.75,0.6388260722160339,2836000
2018-09-20,0.75,0.75,0.7400000095367432,0.75,0.6388260722160339,1300300
2018-09-21,0.75,0.75,0.7400000095367432,0.75,0.6388260722160339,1262000
2018-09-24,0.75,0.75,0.75,0.75,0.6388260722160339,962000
2018-09-26,0.75,0.75,0.7300000190734863,0.7400000095367432,0.6303083300590515,1116000
2018-09-27,0.75,0.75,0.7300000190734863,0.7300000190734863,0.6217907071113586,488000
2018-09-28,0.7400000095367432,0.7400000095367432,0.7200000286102295,0.7300000190734863,0.6217907071113586,858000
2018-10-02,0.7300000190734863,0.7300000190734863,0.699999988079071,0.7300000190734863,0.6217907071113586,972000
2018-10-03,0.7200000286102295,0.7300000190734863,0.7200000286102295,0.7300000190734863,0.6217907071113586,206000
2018-10-04,0.7300000190734863,0.7300000190734863,0.7200000286102295,0.7300000190734863,0.6217907071113586,1228000
2018-10-05,0.7300000190734863,0.7400000095367432,0.7300000190734863,0.7400000095367432,0.6303083300590515,894000
2018-10-08,0.7400000095367432,0.7400000095367432,0.7200000286102295,0.7300000190734863,0.6217907071113586,1116000
2018-10-09,0.7300000190734863,0.7300000190734863,0.7200000286102295,0.7300000190734863,0.6217907071113586,1488000
2018-10-10,0.7300000190734863,0.7400000095367432,0.7200000286102295,0.7300000190734863,0.6217907071113586,1298000
2018-10-11,0.7200000286102295,0.7200000286102295,0.6899999976158142,0.7099999785423279,0.6047552824020386,3310000
2018-10-12,0.7099999785423279,0.7200000286102295,0.6800000071525574,0.699999988079071,0.5962375998497009,1658000
2018-10-15,0.6800000071525574,0.699999988079071,0.6600000262260437,0.699999988079071,0.5962375998497009,1236000
2018-10-16,0.6899999976158142,0.699999988079071,0.6899999976158142,0.699999988079071,0.5962375998497009,702000
2018-10-18,0.699999988079071,0.699999988079071,0.6800000071525574,0.699999988079071,0.5962375998497009,724000
2018-10-19,0.699999988079071,0.7200000286102295,0.6899999976158142,0.699999988079071,0.5962375998497009,1224000
2018-10-22,0.699999988079071,0.699999988079071,0.699999988079071,0.699999988079071,0.5962375998497009,640000
2018-10-23,0.699999988079071,0.699999988079071,0.6800000071525574,0.699999988079071,0.5962375998497009,1172000
2018-10-24,0.699999988079071,0.699999988079071,0.6800000071525574,0.6899999976158142,0.5877199172973633,570000
2018-10-25,0.6899999976158142,0.6899999976158142,0.6399999856948853,0.6899999976158142,0.5877199172973633,2566000
2018-10-26,0.6899999976158142,0.699999988079071,0.6600000262260437,0.699999988079071,0.5962375998497009,2056000
2018-10-29,0.7200000286102295,0.7200000286102295,0.6899999976158142,0.699999988079071,0.5962375998497009,480000
2018-10-30,0.7099999785423279,0.7099999785423279,0.6700000166893005,0.6899999976158142,0.5877199172973633,1498000
2018-10-31,0.6899999976158142,0.6899999976158142,0.6899999976158142,0.6899999976158142,0.5877199172973633,42000
2018-11-01,0.6899999976158142,0.6899999976158142,0.6800000071525574,0.6899999976158142,0.5877199172973633,1082000
2018-11-02,0.6899999976158142,0.699999988079071,0.6800000071525574,0.699999988079071,0.5962375998497009,1262000
2018-11-05,0.699999988079071,0.699999988079071,0.6899999976158142,0.699999988079071,0.5962375998497009,984000
2018-11-06,0.6899999976158142,0.699999988079071,0.6899999976158142,0.699999988079071,0.5962375998497009,732000
2018-11-07,0.699999988079071,0.699999988079071,0.6899999976158142,0.699999988079071,0.5962375998497009,432000
2018-11-08,0.6899999976158142,0.7099999785423279,0.6899999976158142,0.699999988079071,0.5962375998497009,1640000
2018-11-09,0.699999988079071,0.699999988079071,0.6899999976158142,0.699999988079071,0.5962375998497009,480000
2018-11-12,0.699999988079071,0.7099999785423279,0.699999988079071,0.699999988079071,0.5962375998497009,796000
2018-11-13,0.699999988079071,0.699999988079071,0.6800000071525574,0.6899999976158142,0.5877199172973633,1296000
2018-11-14,0.6899999976158142,0.699999988079071,0.6899999976158142,0.699999988079071,0.5962375998497009,846000
2018-11-15,0.699999988079071,0.699999988079071,0.699999988079071,0.699999988079071,0.5962375998497009,976000
2018-11-16,0.699999988079071,0.7099999785423279,0.6899999976158142,0.699999988079071,0.5962375998497009,1234000
2018-11-19,0.699999988079071,0.7099999785423279,0.6899999976158142,0.699999988079071,0.5962375998497009,1146000
2018-11-20,0.699999988079071,0.699999988079071,0.6800000071525574,0.6899999976158142,0.5877199172973633,1848000
2018-11-21,0.6800000071525574,0.699999988079071,0.6800000071525574,0.699999988079071,0.5962375998497009,1458000
2018-11-22,0.6899999976158142,0.699999988079071,0.6800000071525574,0.6899999976158142,0.5877199172973633,1442000
2018-11-23,0.6899999976158142,0.6899999976158142,0.6800000071525574,0.6899999976158142,0.5877199172973633,128000
2018-11-26,0.6800000071525574,0.6899999976158142,0.6700000166893005,0.6899999976158142,0.5877199172973633,1324000
2018-11-27,0.6899999976158142,0.6899999976158142,0.6800000071525574,0.6899999976158142,0.5877199172973633,460000
2018-11-28,0.6899999976158142,0.699999988079071,0.6899999976158142,0.699999988079071,0.5962375998497009,714000
2018-11-29,0.6899999976158142,0.699999988079071,0.6899999976158142,0.699999988079071,0.5962375998497009,1210000
2018-11-30,0.699999988079071,0.699999988079071,0.6899999976158142,0.699999988079071,0.5962375998497009,440000
2018-12-03,0.699999988079071,0.7200000286102295,0.699999988079071,0.7099999785423279,0.6047552824020386,1272000
2018-12-04,0.7099999785423279,0.7099999785423279,0.699999988079071,0.7099999785423279,0.6047552824020386,1568000
2018-12-05,0.699999988079071,0.7099999785423279,0.699999988079071,0.699999988079071,0.5962375998497009,448000
2018-12-06,0.699999988079071,0.699999988079071,0.6800000071525574,0.6899999976158142,0.5877199172973633,1396000
2018-12-07,0.6899999976158142,0.699999988079071,0.6800000071525574,0.699999988079071,0.5962375998497009,1144000
2018-12-10,0.699999988079071,0.699999988079071,0.6700000166893005,0.6899999976158142,0.5877199172973633,1334000
2018-12-11,0.6800000071525574,0.699999988079071,0.6800000071525574,0.699999988079071,0.5962375998497009,1018000
2018-12-12,0.6899999976158142,0.6899999976158142,0.6800000071525574,0.6899999976158142,0.5984928011894226,1316000
2018-12-13,0.6800000071525574,0.6899999976158142,0.6800000071525574,0.6899999976158142,0.5984928011894226,1148000
2018-12-14,0.6800000071525574,0.6899999976158142,0.6700000166893005,0.6800000071525574,0.5898189544677734,976000
2018-12-17,0.6800000071525574,0.6800000071525574,0.6700000166893005,0.6800000071525574,0.5898189544677734,1234000
2018-12-18,0.6800000071525574,0.6800000071525574,0.6700000166893005,0.6700000166893005,0.5811451077461243,26000
2018-12-19,0.6700000166893005,0.6700000166893005,0.6600000262260437,0.6700000166893005,0.5811451077461243,572000
2018-12-20,0.6700000166893005,0.6700000166893005,0.6600000262260437,0.6700000166893005,0.5811451077461243,598000
2018-12-21,0.6700000166893005,0.6700000166893005,0.6600000262260437,0.6700000166893005,0.5811451077461243,572000
2018-12-24,0.6600000262260437,0.6800000071525574,0.6600000262260437,0.6800000071525574,0.5898189544677734,908000
2018-12-27,0.6700000166893005,0.6899999976158142,0.6600000262260437,0.6899999976158142,0.5984928011894226,1624000
2018-12-28,0.6899999976158142,0.699999988079071,0.6600000262260437,0.6700000166893005,0.5811451077461243,1344000
2018-12-31,0.6700000166893005,0.6700000166893005,0.6700000166893005,0.6700000166893005,0.5811451077461243,494000
2019-01-02,0.6700000166893005,0.6700000166893005,0.6600000262260437,0.6700000166893005,0.5811451077461243,614000
2019-01-03,0.6600000262260437,0.6800000071525574,0.6600000262260437,0.6700000166893005,0.5811451077461243,792000
2019-01-04,0.6700000166893005,0.6700000166893005,0.6600000262260437,0.6700000166893005,0.5811451077461243,820000
2019-01-07,0.6700000166893005,0.6800000071525574,0.6700000166893005,0.6700000166893005,0.5811451077461243,174000
2019-01-08,0.6700000166893005,0.6800000071525574,0.6700000166893005,0.6700000166893005,0.5811451077461243,858000
2019-01-09,0.6700000166893005,0.6700000166893005,0.6700000166893005,0.6700000166893005,0.5811451077461243,766000
2019-01-10,0.6700000166893005,0.6800000071525574,0.6600000262260437,0.6700000166893005,0.5811451077461243,436000
2019-01-11,0.6800000071525574,0.6800000071525574,0.6700000166893005,0.6800000071525574,0.5898189544677734,118000
2019-01-14,0.6700000166893005,0.6700000166893005,0.6700000166893005,0.6700000166893005,0.5811451077461243,516000
2019-01-15,0.6700000166893005,0.6700000166893005,0.6600000262260437,0.6600000262260437,0.5724713802337646,700000
2019-01-16,0.6600000262260437,0.6700000166893005,0.6600000262260437,0.6700000166893005,0.5811451077461243,656000
2019-01-17,0.6700000166893005,0.6700000166893005,0.6600000262260437,0.6600000262260437,0.5724713802337646,680000
2019-01-18,0.6600000262260437,0.6700000166893005,0.6499999761581421,0.6499999761581421,0.5637975931167603,626000
2019-01-21,0.6499999761581421,0.6700000166893005,0.6499999761581421,0.6700000166893005,0.5811451077461243,782000
2019-01-22,0.6600000262260437,0.6700000166893005,0.6600000262260437,0.6700000166893005,0.5811451077461243,258000
2019-01-23,0.6600000262260437,0.6700000166893005,0.6600000262260437,0.6700000166893005,0.5811451077461243,804000
2019-01-24,0.6600000262260437,0.6700000166893005,0.6600000262260437,0.6700000166893005,0.5811451077461243,456000
2019-01-25,0.6600000262260437,0.6700000166893005,0.6600000262260437,0.6700000166893005,0.5811451077461243,206750
2019-01-28,0.6600000262260437,0.6700000166893005,0.6600000262260437,0.6700000166893005,0.5811451077461243,852000
2019-01-29,0.6600000262260437,0.6700000166893005,0.6600000262260437,0.6700000166893005,0.5811451077461243,822000
2019-01-30,0.6600000262260437,0.6700000166893005,0.6499999761581421,0.6700000166893005,0.5811451077461243,788000
2019-01-31,0.6600000262260437,0.6800000071525574,0.6600000262260437,0.6800000071525574,0.5898189544677734,888000
2019-02-01,0.6700000166893005,0.6800000071525574,0.6700000166893005,0.6800000071525574,0.5898189544677734,632000
2019-02-04,0.6800000071525574,0.6800000071525574,0.6800000071525574,0.6800000071525574,0.5898189544677734,36000
2019-02-08,0.6800000071525574,0.6800000071525574,0.6800000071525574,0.6800000071525574,0.5898189544677734,416000
2019-02-11,0.6800000071525574,0.6800000071525574,0.6800000071525574,0.6800000071525574,0.5898189544677734,20000
2019-02-12,0.6800000071525574,0.6800000071525574,0.6700000166893005,0.6800000071525574,0.5898189544677734,786000
2019-02-13,0.6700000166893005,0.6800000071525574,0.6700000166893005,0.6800000071525574,0.5898189544677734,172000
2019-02-14,0.6700000166893005,0.6800000071525574,0.6700000166893005,0.6800000071525574,0.5898189544677734,848000
2019-02-15,0.6800000071525574,0.6800000071525574,0.6700000166893005,0.6800000071525574,0.5898189544677734,122000
2019-02-18,0.6700000166893005,0.6800000071525574,0.6700000166893005,0.6800000071525574,0.5898189544677734,372000
2019-02-19,0.6800000071525574,0.6899999976158142,0.6800000071525574,0.6800000071525574,0.5898189544677734,638000
2019-02-20,0.6800000071525574,0.6899999976158142,0.6800000071525574,0.6800000071525574,0.5898189544677734,954000
2019-02-21,0.6899999976158142,0.6899999976158142,0.6800000071525574,0.6800000071525574,0.5898189544677734,358000
2019-02-22,0.6800000071525574,0.6899999976158142,0.6800000071525574,0.6899999976158142,0.5984928011894226,468000
2019-02-25,0.6800000071525574,0.7099999785423279,0.6800000071525574,0.699999988079071,0.607166588306427,908150
2019-02-26,0.7200000286102295,0.7200000286102295,0.6899999976158142,0.7099999785423279,0.6158403754234314,750000
2019-02-27,0.699999988079071,0.7099999785423279,0.6899999976158142,0.6899999976158142,0.5984928011894226,440000
2019-02-28,0.6899999976158142,0.699999988079071,0.6899999976158142,0.699999988079071,0.607166588306427,526000
2019-03-01,0.699999988079071,0.699999988079071,0.6899999976158142,0.699999988079071,0.607166588306427,402000
2019-03-04,0.699999988079071,0.7099999785423279,0.699999988079071,0.699999988079071,0.607166588306427,1022000
2019-03-05,0.699999988079071,0.699999988079071,0.6899999976158142,0.6899999976158142,0.5984928011894226,602000
2019-03-06,0.699999988079071,0.699999988079071,0.6899999976158142,0.6899999976158142,0.5984928011894226,712000
2019-03-07,0.699999988079071,0.699999988079071,0.6899999976158142,0.699999988079071,0.607166588306427,974000
2019-03-08,0.6899999976158142,0.6899999976158142,0.6800000071525574,0.6899999976158142,0.5984928011894226,178000
2019-03-11,0.6899999976158142,0.6899999976158142,0.6800000071525574,0.6899999976158142,0.5984928011894226,652000
2019-03-12,0.6899999976158142,0.699999988079071,0.6899999976158142,0.6899999976158142,0.5984928011894226,720000
2019-03-13,0.6899999976158142,0.7799999713897705,0.6899999976158142,0.7599999904632568,0.6592094302177429,5804000
2019-03-14,0.7599999904632568,0.7900000214576721,0.75,0.7599999904632568,0.6592094302177429,1920000
2019-03-15,0.7599999904632568,0.7799999713897705,0.7300000190734863,0.75,0.6505356431007385,1670000
2019-03-18,0.75,0.75,0.7200000286102295,0.7300000190734863,0.6331881284713745,1088000
2019-03-19,0.7300000190734863,0.7400000095367432,0.7200000286102295,0.7400000095367432,0.6418618559837341,984000
2019-03-20,0.7200000286102295,0.7400000095367432,0.7200000286102295,0.7400000095367432,0.6418618559837341,420000
2019-03-21,0.7300000190734863,0.7400000095367432,0.7300000190734863,0.7300000190734863,0.6331881284713745,982000
2019-03-22,0.7300000190734863,0.7400000095367432,0.7200000286102295,0.7300000190734863,0.6331881284713745,654000
2019-03-25,0.7200000286102295,0.7300000190734863,0.7200000286102295,0.7300000190734863,0.6331881284713745,626000
2019-03-26,0.7400000095367432,0.75,0.7200000286102295,0.7300000190734863,0.6331881284713745,842000
2019-03-27,0.7300000190734863,0.7300000190734863,0.7200000286102295,0.7300000190734863,0.6331881284713745,726000
2019-03-28,0.7200000286102295,0.7300000190734863,0.7200000286102295,0.7300000190734863,0.6331881284713745,286000
2019-03-29,0.7200000286102295,0.7300000190734863,0.7200000286102295,0.7300000190734863,0.6331881284713745,1196000
2019-04-01,0.7200000286102295,0.7300000190734863,0.7200000286102295,0.7300000190734863,0.6331881284713745,426000
2019-04-02,0.7200000286102295,0.7300000190734863,0.7200000286102295,0.7300000190734863,0.6331881284713745,840000
2019-04-03,0.7300000190734863,0.7300000190734863,0.7099999785423279,0.7200000286102295,0.6245143413543701,430000
2019-04-04,0.7099999785423279,0.7200000286102295,0.7099999785423279,0.7099999785423279,0.6158403754234314,46000
2019-04-08,0.7099999785423279,0.7099999785423279,0.699999988079071,0.699999988079071,0.607166588306427,1128000
2019-04-09,0.7099999785423279,0.7099999785423279,0.699999988079071,0.7099999785423279,0.6158403754234314,758000
2019-04-10,0.699999988079071,0.7099999785423279,0.699999988079071,0.7099999785423279,0.6158403754234314,302000
2019-04-11,0.699999988079071,0.699999988079071,0.6899999976158142,0.699999988079071,0.607166588306427,704000
2019-04-12,0.699999988079071,0.699999988079071,0.6899999976158142,0.699999988079071,0.607166588306427,506000
2019-04-15,0.699999988079071,0.7099999785423279,0.699999988079071,0.7099999785423279,0.6158403754234314,744000
2019-04-16,0.7099999785423279,0.7099999785423279,0.699999988079071,0.7099999785423279,0.6158403754234314,91125
2019-04-17,0.7099999785423279,0.7099999785423279,0.699999988079071,0.7099999785423279,0.6158403754234314,652000
2019-04-18,0.699999988079071,0.7099999785423279,0.699999988079071,0.699999988079071,0.607166588306427,94000
2019-04-23,0.699999988079071,0.7099999785423279,0.699999988079071,0.7099999785423279,0.6158403754234314,602000
2019-04-24,0.699999988079071,0.7099999785423279,0.699999988079071,0.7099999785423279,0.6158403754234314,130000
2019-04-25,0.699999988079071,0.699999988079071,0.6899999976158142,0.699999988079071,0.607166588306427,592000
2019-04-26,0.699999988079071,0.699999988079071,0.699999988079071,0.699999988079071,0.607166588306427,0
2019-04-29,0.6899999976158142,0.699999988079071,0.6899999976158142,0.6899999976158142,0.5984928011894226,586000
2019-04-30,0.6899999976158142,0.699999988079071,0.6899999976158142,0.699999988079071,0.607166588306427,776000
2019-05-02,0.6899999976158142,0.699999988079071,0.6899999976158142,0.699999988079071,0.607166588306427,174000
2019-05-03,0.6899999976158142,0.699999988079071,0.6800000071525574,0.699999988079071,0.607166588306427,679746
2019-05-06,0.6899999976158142,0.6899999976158142,0.6700000166893005,0.6800000071525574,0.5898189544677734,330000
2019-05-07,0.6700000166893005,0.6800000071525574,0.6700000166893005,0.6800000071525574,0.5898189544677734,676000
2019-05-08,0.6700000166893005,0.6800000071525574,0.6600000262260437,0.6700000166893005,0.5811451077461243,816000
2019-05-09,0.6700000166893005,0.6700000166893005,0.6600000262260437,0.6700000166893005,0.5811451077461243,268000
2019-05-10,0.6700000166893005,0.6700000166893005,0.6600000262260437,0.6700000166893005,0.5811451077461243,814000
2019-05-14,0.6600000262260437,0.699999988079071,0.6600000262260437,0.6899999976158142,0.5984928011894226,1232000
2019-05-15,0.6899999976158142,0.6899999976158142,0.6800000071525574,0.6899999976158142,0.5984928011894226,764000
2019-05-16,0.6899999976158142,0.699999988079071,0.6899999976158142,0.699999988079071,0.607166588306427,768000
2019-05-17,0.6899999976158142,0.6899999976158142,0.6700000166893005,0.6700000166893005,0.5811451077461243,970000
2019-05-20,0.6700000166893005,0.6700000166893005,0.6600000262260437,0.6600000262260437,0.5724713802337646,248200
2019-05-21,0.6600000262260437,0.6700000166893005,0.6600000262260437,0.6600000262260437,0.5724713802337646,678000
2019-05-22,0.6600000262260437,0.6700000166893005,0.6499999761581421,0.6499999761581421,0.5637975931167603,1182000
2019-05-23,0.6399999856948853,0.6399999856948853,0.6200000047683716,0.6200000047683716,0.5377761125564575,1106000
2019-05-24,0.6100000143051147,0.6399999856948853,0.6000000238418579,0.6200000047683716,0.5377761125564575,728000
2019-05-27,0.6200000047683716,0.6200000047683716,0.6000000238418579,0.6100000143051147,0.5291023850440979,434000
2019-05-28,0.6299999952316284,0.6600000262260437,0.6200000047683716,0.6299999952316284,0.5464500188827515,1036000
2019-05-29,0.6299999952316284,0.6299999952316284,0.6200000047683716,0.6299999952316284,0.5464500188827515,526000
2019-05-30,0.6200000047683716,0.6299999952316284,0.6100000143051147,0.6200000047683716,0.5377761125564575,688000
2019-05-31,0.6200000047683716,0.6299999952316284,0.6200000047683716,0.6299999952316284,0.5464500188827515,652000
2019-06-03,0.6200000047683716,0.6200000047683716,0.6100000143051147,0.6100000143051147,0.5291023850440979,514100
2019-06-04,0.6100000143051147,0.6100000143051147,0.6000000238418579,0.6000000238418579,0.5204285979270935,636000
2019-06-05,0.6000000238418579,0.6100000143051147,0.5899999737739563,0.6000000238418579,0.5204285979270935,946000
2019-06-06,0.6000000238418579,0.6000000238418579,0.6000000238418579,0.6000000238418579,0.5204285979270935,0
2019-06-10,0.6000000238418579,0.6100000143051147,0.5899999737739563,0.6000000238418579,0.5204285979270935,686000
2019-06-11,0.5899999737739563,0.6100000143051147,0.5899999737739563,0.6000000238418579,0.5204285979270935,134000
2019-06-12,0.6100000143051147,0.6100000143051147,0.5899999737739563,0.6000000238418579,0.5204285979270935,736000
2019-06-13,0.5899999737739563,0.6000000238418579,0.5799999833106995,0.6000000238418579,0.5204285979270935,672000
2019-06-14,0.6000000238418579,0.6000000238418579,0.5799999833106995,0.5899999737739563,0.5117546916007996,936000
2019-06-17,0.5899999737739563,0.5899999737739563,0.5899999737739563,0.5899999737739563,0.5117546916007996,0
2019-06-18,0.5799999833106995,0.5899999737739563,0.5600000023841858,0.5899999737739563,0.5117546916007996,622000
2019-06-19,0.5899999737739563,0.6000000238418579,0.5799999833106995,0.6000000238418579,0.5204285979270935,448000
2019-06-20,0.5899999737739563,0.6000000238418579,0.5799999833106995,0.6000000238418579,0.5204285979270935,356000
2019-06-21,0.5899999737739563,0.6100000143051147,0.5799999833106995,0.6000000238418579,0.5204285979270935,478000
2019-06-24,0.6000000238418579,0.6000000238418579,0.5799999833106995,0.6000000238418579,0.5204285979270935,424000
2019-06-25,0.5899999737739563,0.6000000238418579,0.5899999737739563,0.6000000238418579,0.5204285979270935,1168000
2019-06-26,0.5899999737739563,0.6000000238418579,0.5899999737739563,0.5899999737739563,0.5117546916007996,520000
2019-06-27,0.5899999737739563,0.5899999737739563,0.5899999737739563,0.5899999737739563,0.5117546916007996,632000
2019-06-28,0.5899999737739563,0.5899999737739563,0.5799999833106995,0.5799999833106995,0.5030809044837952,648000
2019-07-02,0.5899999737739563,0.6000000238418579,0.5799999833106995,0.6000000238418579,0.5204285979270935,1982000
2019-07-03,0.5899999737739563,0.6000000238418579,0.5899999737739563,0.6000000238418579,0.5204285979270935,430000
2019-07-04,0.5899999737739563,0.5899999737739563,0.5799999833106995,0.5899999737739563,0.5117546916007996,138000
2019-07-05,0.5899999737739563,0.6000000238418579,0.5899999737739563,0.6000000238418579,0.5204285979270935,650000
2019-07-08,0.6000000238418579,0.6000000238418579,0.6000000238418579,0.6000000238418579,0.5204285979270935,52000
2019-07-09,0.5899999737739563,0.5899999737739563,0.5799999833106995,0.5899999737739563,0.5117546916007996,622000
2019-07-10,0.5899999737739563,0.5899999737739563,0.5799999833106995,0.5899999737739563,0.5117546916007996,264000
2019-07-11,0.5799999833106995,0.5899999737739563,0.5799999833106995,0.5899999737739563,0.5117546916007996,274000
2019-07-12,0.5799999833106995,0.5899999737739563,0.5799999833106995,0.5899999737739563,0.5117546916007996,720000
2019-07-15,0.5799999833106995,0.5899999737739563,0.5799999833106995,0.5899999737739563,0.5117546916007996,290000
2019-07-16,0.5799999833106995,0.5899999737739563,0.5799999833106995,0.5899999737739563,0.5117546916007996,298000
2019-07-17,0.5799999833106995,0.5899999737739563,0.5799999833106995,0.5899999737739563,0.5117546916007996,416000
2019-07-18,0.5899999737739563,0.5899999737739563,0.5899999737739563,0.5899999737739563,0.5117546916007996,0
2019-07-19,0.5799999833106995,0.5899999737739563,0.5699999928474426,0.5899999737739563,0.5117546916007996,554000
2019-07-22,0.5799999833106995,0.5899999737739563,0.5799999833106995,0.5899999737739563,0.5117546916007996,332000
2019-07-23,0.5799999833106995,0.5899999737739563,0.5699999928474426,0.5899999737739563,0.5117546916007996,318000
2019-07-24,0.5799999833106995,0.5899999737739563,0.5699999928474426,0.5899999737739563,0.5117546916007996,300000
2019-07-25,0.5799999833106995,0.5899999737739563,0.5699999928474426,0.5899999737739563,0.5117546916007996,402000
2019-07-26,0.5799999833106995,0.5899999737739563,0.5799999833106995,0.5899999737739563,0.5117546916007996,292000
2019-07-29,0.5799999833106995,0.5899999737739563,0.5699999928474426,0.5899999737739563,0.5117546916007996,1066000
2019-07-30,0.5799999833106995,0.5899999737739563,0.5799999833106995,0.5899999737739563,0.5117546916007996,296000
2019-07-31,0.5899999737739563,0.5899999737739563,0.5899999737739563,0.5899999737739563,0.5117546916007996,0
2019-08-01,0.5799999833106995,0.5899999737739563,0.5799999833106995,0.5899999737739563,0.5117546916007996,684000
2019-08-02,0.5699999928474426,0.5899999737739563,0.5699999928474426,0.5899999737739563,0.5117546916007996,156000
2019-08-05,0.5699999928474426,0.5899999737739563,0.550000011920929,0.5899999737739563,0.5117546916007996,1482000
2019-08-06,0.5699999928474426,0.5899999737739563,0.5400000214576721,0.5899999737739563,0.5117546916007996,2840000
2019-08-07,0.5799999833106995,0.6100000143051147,0.5699999928474426,0.6000000238418579,0.5204285979270935,1620000
2019-08-08,0.6000000238418579,0.6200000047683716,0.6000000238418579,0.6100000143051147,0.5291023850440979,1932000
2019-08-09,0.6100000143051147,0.6100000143051147,0.5899999737739563,0.6100000143051147,0.5291023850440979,988000
2019-08-12,0.5899999737739563,0.6000000238418579,0.5899999737739563,0.6000000238418579,0.5204285979270935,832000
2019-08-13,0.5799999833106995,0.5899999737739563,0.5699999928474426,0.5899999737739563,0.5117546916007996,1196000
2019-08-14,0.5899999737739563,0.6000000238418579,0.5699999928474426,0.5699999928474426,0.4944070279598236,968000
2019-08-15,0.5899999737739563,0.6000000238418579,0.5699999928474426,0.5699999928474426,0.4944070279598236,884000
2019-08-16,0.5899999737739563,0.5899999737739563,0.5699999928474426,0.5899999737739563,0.5117546916007996,823175
2019-08-19,0.5799999833106995,0.6000000238418579,0.5799999833106995,0.5899999737739563,0.5117546916007996,970000
2019-08-20,0.5899999737739563,0.6000000238418579,0.5799999833106995,0.5899999737739563,0.5117546916007996,1426000
2019-08-21,0.5799999833106995,0.6000000238418579,0.5799999833106995,0.6000000238418579,0.5204285979270935,702000
2019-08-22,0.5899999737739563,0.6000000238418579,0.5899999737739563,0.5899999737739563,0.5117546916007996,1160000
2019-08-23,0.5899999737739563,0.6000000238418579,0.5799999833106995,0.6000000238418579,0.5204285979270935,534000
2019-08-26,0.5699999928474426,0.6000000238418579,0.5699999928474426,0.6000000238418579,0.5278180837631226,1744000
2019-08-27,0.6000000238418579,0.6000000238418579,0.5799999833106995,0.6000000238418579,0.5278180837631226,976000
2019-08-28,0.6000000238418579,0.6000000238418579,0.5899999737739563,0.6000000238418579,0.5278180837631226,496000
2019-08-29,0.5899999737739563,0.6000000238418579,0.5899999737739563,0.6000000238418579,0.5278180837631226,384750
2019-08-30,0.5899999737739563,0.6000000238418579,0.5899999737739563,0.6000000238418579,0.5278180837631226,456000
2019-09-02,0.5799999833106995,0.6000000238418579,0.5799999833106995,0.5899999737739563,0.5190209150314331,92000
2019-09-03,0.5899999737739563,0.6000000238418579,0.5799999833106995,0.6000000238418579,0.5278180837631226,986000
2019-09-04,0.6000000238418579,0.6100000143051147,0.5899999737739563,0.6000000238418579,0.5278180837631226,780000
2019-09-05,0.5899999737739563,0.6000000238418579,0.5899999737739563,0.6000000238418579,0.5278180837631226,434000
2019-09-06,0.5899999737739563,0.6000000238418579,0.5799999833106995,0.6000000238418579,0.5278180837631226,122000
2019-09-09,0.5899999737739563,0.6000000238418579,0.5899999737739563,0.6000000238418579,0.5278180837631226,412000
2019-09-10,0.5799999833106995,0.6499999761581421,0.5799999833106995,0.6299999952316284,0.5542088747024536,2402000
2019-09-11,0.6200000047683716,0.6299999952316284,0.6100000143051147,0.6200000047683716,0.5454118847846985,134000
2019-09-12,0.6200000047683716,0.6299999952316284,0.6100000143051147,0.6299999952316284,0.5542088747024536,436000
2019-09-13,0.6299999952316284,0.6499999761581421,0.6299999952316284,0.6499999761581421,0.5718027949333191,632000
2019-09-16,0.6299999952316284,0.6299999952316284,0.6200000047683716,0.6299999952316284,0.5542088747024536,946000
2019-09-17,0.6299999952316284,0.6299999952316284,0.6100000143051147,0.6299999952316284,0.5542088747024536,923500
2019-09-18,0.6299999952316284,0.6399999856948853,0.6299999952316284,0.6399999856948853,0.5630057454109192,204000
2019-09-19,0.6200000047683716,0.6299999952316284,0.6200000047683716,0.6299999952316284,0.5542088747024536,540000
2019-09-20,0.6299999952316284,0.6399999856948853,0.6299999952316284,0.6399999856948853,0.5630057454109192,400000
2019-09-23,0.6299999952316284,0.6399999856948853,0.6299999952316284,0.6299999952316284,0.5542088747024536,340000
2019-09-24,0.6299999952316284,0.6399999856948853,0.6299999952316284,0.6399999856948853,0.5630057454109192,378000
2019-09-25,0.6499999761581421,0.6600000262260437,0.6299999952316284,0.6499999761581421,0.5718027949333191,646000
2019-09-26,0.6399999856948853,0.6600000262260437,0.6399999856948853,0.6600000262260437,0.580599844455719,580000
2019-09-27,0.6700000166893005,0.6800000071525574,0.6600000262260437,0.6800000071525574,0.5981937050819397,960000
2019-09-30,0.6800000071525574,0.699999988079071,0.6499999761581421,0.699999988079071,0.6157876253128052,1362000
2019-10-02,0.6899999976158142,0.7900000214576721,0.6899999976158142,0.7799999713897705,0.6861633062362671,6580000
2019-10-03,0.7799999713897705,0.8700000047683716,0.7599999904632568,0.8100000023841858,0.7125543355941772,9478000
2019-10-04,0.8100000023841858,0.8100000023841858,0.7699999809265137,0.7900000214576721,0.6949602961540222,2350000
2019-10-08,0.7900000214576721,0.8100000023841858,0.7900000214576721,0.800000011920929,0.7037573456764221,1250000
2019-10-09,0.7900000214576721,0.7900000214576721,0.7799999713897705,0.7799999713897705,0.6861633062362671,694000
2019-10-10,0.7799999713897705,0.8199999928474426,0.7799999713897705,0.8199999928474426,0.7213512659072876,1936000
2019-10-11,0.8199999928474426,0.8299999833106995,0.8199999928474426,0.8299999833106995,0.7301481366157532,2866200
2019-10-14,0.8399999737739563,0.8399999737739563,0.8199999928474426,0.8399999737739563,0.7389451265335083,2666000
2019-10-15,0.8399999737739563,0.8399999737739563,0.8299999833106995,0.8399999737739563,0.7389451265335083,696000
2019-10-16,0.8399999737739563,0.8500000238418579,0.8299999833106995,0.8399999737739563,0.7389451265335083,1328000
2019-10-17,0.8299999833106995,0.8399999737739563,0.8299999833106995,0.8399999737739563,0.7389451265335083,696000
2019-10-18,0.8399999737739563,0.8500000238418579,0.8299999833106995,0.8399999737739563,0.7389451265335083,490000
2019-10-21,0.8299999833106995,0.8399999737739563,0.8299999833106995,0.8399999737739563,0.7389451265335083,562000
2019-10-22,0.8399999737739563,0.8399999737739563,0.8100000023841858,0.8299999833106995,0.7301481366157532,618000
2019-10-23,0.8299999833106995,0.8299999833106995,0.8100000023841858,0.8100000023841858,0.7125543355941772,742000
2019-10-24,0.8100000023841858,0.8100000023841858,0.7900000214576721,0.800000011920929,0.7037573456764221,810000
2019-10-25,0.7900000214576721,0.800000011920929,0.7599999904632568,0.800000011920929,0.7037573456764221,2012000
2019-10-28,0.7799999713897705,0.7900000214576721,0.7699999809265137,0.7900000214576721,0.6949602961540222,762000
2019-10-29,0.7699999809265137,0.7799999713897705,0.7599999904632568,0.7799999713897705,0.6861633062362671,116000
2019-10-30,0.7799999713897705,0.7799999713897705,0.75,0.7699999809265137,0.6773664355278015,808000
2019-10-31,0.7699999809265137,0.7699999809265137,0.7599999904632568,0.7699999809265137,0.6773664355278015,572000
2019-11-01,0.7599999904632568,0.7699999809265137,0.7400000095367432,0.75,0.6597724556922913,758000
2019-11-04,0.75,0.75,0.7300000190734863,0.7400000095367432,0.6509754657745361,280000
2019-11-05,0.7400000095367432,0.75,0.7400000095367432,0.75,0.6597724556922913,512000
2019-11-06,0.75,0.7599999904632568,0.75,0.75,0.6597724556922913,648000
2019-11-07,0.75,0.75,0.75,0.75,0.6597724556922913,606000
2019-11-08,0.75,0.75,0.7300000190734863,0.75,0.6597724556922913,718000
2019-11-11,0.7200000286102295,0.7200000286102295,0.7099999785423279,0.7200000286102295,0.6333816647529602,560000
2019-11-12,0.7200000286102295,0.7200000286102295,0.699999988079071,0.7200000286102295,0.6333816647529602,764000
2019-11-13,0.699999988079071,0.7099999785423279,0.6899999976158142,0.7099999785423279,0.6245845556259155,248350
2019-11-14,0.7099999785423279,0.7099999785423279,0.699999988079071,0.7099999785423279,0.6245845556259155,706000
2019-11-15,0.699999988079071,0.699999988079071,0.6899999976158142,0.699999988079071,0.6157876253128052,726000
2019-11-18,0.6899999976158142,0.699999988079071,0.6899999976158142,0.699999988079071,0.6157876253128052,326000
2019-11-19,0.6899999976158142,0.699999988079071,0.6800000071525574,0.699999988079071,0.6157876253128052,1426000
2019-11-20,0.699999988079071,0.7099999785423279,0.699999988079071,0.7099999785423279,0.6245845556259155,754000
2019-11-21,0.699999988079071,0.7099999785423279,0.699999988079071,0.7099999785423279,0.6245845556259155,772000
2019-11-22,0.6899999976158142,0.699999988079071,0.6800000071525574,0.699999988079071,0.6157876253128052,1002000
2019-11-25,0.699999988079071,0.7099999785423279,0.699999988079071,0.7099999785423279,0.6245845556259155,324000
2019-11-26,0.699999988079071,0.7099999785423279,0.6899999976158142,0.699999988079071,0.6157876253128052,370000
2019-11-27,0.699999988079071,0.7099999785423279,0.6899999976158142,0.7099999785423279,0.6245845556259155,364000
2019-11-28,0.699999988079071,0.699999988079071,0.699999988079071,0.699999988079071,0.6157876253128052,462000
2019-11-29,0.6899999976158142,0.699999988079071,0.6899999976158142,0.699999988079071,0.6157876253128052,568000
2019-12-02,0.699999988079071,0.699999988079071,0.699999988079071,0.699999988079071,0.6157876253128052,0
2019-12-03,0.6899999976158142,0.699999988079071,0.6899999976158142,0.699999988079071,0.6157876253128052,402000
2019-12-04,0.699999988079071,0.7099999785423279,0.6800000071525574,0.7099999785423279,0.6245845556259155,764000
2019-12-05,0.699999988079071,0.7099999785423279,0.699999988079071,0.7099999785423279,0.6245845556259155,538000
2019-12-06,0.699999988079071,0.7099999785423279,0.699999988079071,0.7099999785423279,0.6245845556259155,548000
2019-12-09,0.6899999976158142,0.699999988079071,0.6899999976158142,0.699999988079071,0.6157876253128052,18000
2019-12-10,0.699999988079071,0.7099999785423279,0.699999988079071,0.7099999785423279,0.6245845556259155,490000
2019-12-11,0.699999988079071,0.7099999785423279,0.6899999976158142,0.7099999785423279,0.6245845556259155,520000
2019-12-12,0.699999988079071,0.699999988079071,0.699999988079071,0.699999988079071,0.6263741850852966,14000
2019-12-13,0.699999988079071,0.7099999785423279,0.699999988079071,0.7099999785423279,0.6353224515914917,538000
2019-12-16,0.7099999785423279,0.7099999785423279,0.7099999785423279,0.7099999785423279,0.6353224515914917,0
2019-12-17,0.7099999785423279,0.7099999785423279,0.7099999785423279,0.7099999785423279,0.6353224515914917,0
2019-12-18,0.699999988079071,0.7099999785423279,0.699999988079071,0.7099999785423279,0.6353224515914917,602000
2019-12-19,0.7099999785423279,0.7099999785423279,0.6700000166893005,0.699999988079071,0.6263741850852966,1374000
2019-12-20,0.6899999976158142,0.699999988079071,0.6899999976158142,0.699999988079071,0.6263741850852966,194000
2019-12-23,0.6899999976158142,0.699999988079071,0.6800000071525574,0.699999988079071,0.6263741850852966,600000
2019-12-24,0.6899999976158142,0.699999988079071,0.6899999976158142,0.699999988079071,0.6263741850852966,582000
2019-12-27,0.6899999976158142,0.699999988079071,0.6899999976158142,0.699999988079071,0.6263741850852966,592000
2019-12-30,0.6899999976158142,0.699999988079071,0.6800000071525574,0.699999988079071,0.6263741850852966,668000
2019-12-31,0.6899999976158142,0.699999988079071,0.6899999976158142,0.699999988079071,0.6263741850852966,560000
2020-01-02,0.7099999785423279,0.7099999785423279,0.6899999976158142,0.699999988079071,0.6263741850852966,586000
2020-01-03,0.6899999976158142,0.7099999785423279,0.6800000071525574,0.7099999785423279,0.6353224515914917,866000
2020-01-06,0.699999988079071,0.7099999785423279,0.6899999976158142,0.7099999785423279,0.6353224515914917,492000
2020-01-07,0.699999988079071,0.7099999785423279,0.6899999976158142,0.699999988079071,0.6263741850852966,334000
2020-01-08,0.699999988079071,0.699999988079071,0.699999988079071,0.699999988079071,0.6263741850852966,0
2020-01-09,0.6899999976158142,0.699999988079071,0.6899999976158142,0.699999988079071,0.6263741850852966,958000
2020-01-10,0.6899999976158142,0.699999988079071,0.6899999976158142,0.699999988079071,0.6263741850852966,324000
2020-01-13,0.6800000071525574,0.699999988079071,0.6800000071525574,0.699999988079071,0.6263741850852966,572812
2020-01-14,0.6899999976158142,0.699999988079071,0.6899999976158142,0.699999988079071,0.6263741850852966,580000
2020-01-15,0.6899999976158142,0.6899999976158142,0.6700000166893005,0.6800000071525574,0.6084779500961304,866000
2020-01-16,0.6800000071525574,0.6800000071525574,0.6700000166893005,0.6800000071525574,0.6084779500961304,512003
2020-01-17,0.6800000071525574,0.6899999976158142,0.6800000071525574,0.6899999976158142,0.6174260973930359,1186000
2020-01-20,0.6800000071525574,0.6800000071525574,0.6700000166893005,0.6800000071525574,0.6084779500961304,286000
2020-01-21,0.6700000166893005,0.6800000071525574,0.6700000166893005,0.6800000071525574,0.6084779500961304,382000
2020-01-22,0.6800000071525574,0.6800000071525574,0.6700000166893005,0.6800000071525574,0.6084779500961304,288000
2020-01-23,0.6800000071525574,0.6800000071525574,0.6499999761581421,0.6700000166893005,0.5995295643806458,28000
2020-01-24,0.6600000262260437,0.6700000166893005,0.6600000262260437,0.6700000166893005,0.5995295643806458,404000
2020-01-29,0.6399999856948853,0.6600000262260437,0.6299999952316284,0.6499999761581421,0.5816332697868347,596000
2020-01-30,0.6399999856948853,0.6399999856948853,0.6299999952316284,0.6399999856948853,0.5726850628852844,448000
2020-01-31,0.6399999856948853,0.6499999761581421,0.6299999952316284,0.6499999761581421,0.5816332697868347,612000
2020-02-03,0.6399999856948853,0.6399999856948853,0.6299999952316284,0.6399999856948853,0.5726850628852844,624000
2020-02-04,0.6399999856948853,0.6399999856948853,0.6399999856948853,0.6399999856948853,0.5726850628852844,0
2020-02-05,0.6399999856948853,0.6399999856948853,0.6200000047683716,0.6399999856948853,0.5726850628852844,686000
2020-02-06,0.6399999856948853,0.6399999856948853,0.6299999952316284,0.6399999856948853,0.5726850628852844,36000
2020-02-07,0.6299999952316284,0.6399999856948853,0.6200000047683716,0.6399999856948853,0.5726850628852844,464000
2020-02-10,0.6299999952316284,0.6399999856948853,0.6200000047683716,0.6399999856948853,0.5726850628852844,376000
2020-02-11,0.6299999952316284,0.6399999856948853,0.6299999952316284,0.6299999952316284,0.5637368559837341,462000
2020-02-12,0.6200000047683716,0.6299999952316284,0.6200000047683716,0.6299999952316284,0.5637368559837341,166000
2020-02-13,0.6100000143051147,0.6499999761581421,0.6100000143051147,0.6499999761581421,0.5816332697868347,1852000
2020-02-14,0.6499999761581421,0.6499999761581421,0.6299999952316284,0.6399999856948853,0.5726850628852844,1016200
2020-02-17,0.6399999856948853,0.6499999761581421,0.6399999856948853,0.6499999761581421,0.5816332697868347,1134000
2020-02-18,0.6499999761581421,0.6499999761581421,0.6499999761581421,0.6499999761581421,0.5816332697868347,318000
2020-02-19,0.6399999856948853,0.6499999761581421,0.6399999856948853,0.6499999761581421,0.5816332697868347,646000
2020-02-20,0.6499999761581421,0.6499999761581421,0.6499999761581421,0.6499999761581421,0.5816332697868347,344000
2020-02-21,0.6399999856948853,0.6600000262260437,0.6399999856948853,0.6499999761581421,0.5816332697868347,524000
2020-02-24,0.6499999761581421,0.6499999761581421,0.6299999952316284,0.6399999856948853,0.5726850628852844,592000
2020-02-25,0.6299999952316284,0.6399999856948853,0.6200000047683716,0.6399999856948853,0.5726850628852844,320000
2020-02-26,0.6299999952316284,0.6399999856948853,0.6299999952316284,0.6399999856948853,0.5726850628852844,146000
2020-02-27,0.6399999856948853,0.6499999761581421,0.6399999856948853,0.6499999761581421,0.5816332697868347,416000
2020-02-28,0.6399999856948853,0.6399999856948853,0.6299999952316284,0.6399999856948853,0.5726850628852844,702000
2020-03-02,0.6299999952316284,0.6399999856948853,0.6299999952316284,0.6399999856948853,0.5726850628852844,902000
2020-03-03,0.6399999856948853,0.6399999856948853,0.6399999856948853,0.6399999856948853,0.5726850628852844,0
2020-03-04,0.6299999952316284,0.6399999856948853,0.6200000047683716,0.6399999856948853,0.5726850628852844,842000
2020-03-05,0.6399999856948853,0.6399999856948853,0.6399999856948853,0.6399999856948853,0.5726850628852844,38000
2020-03-06,0.6399999856948853,0.6399999856948853,0.6200000047683716,0.6399999856948853,0.5726850628852844,726000
2020-03-09,0.6200000047683716,0.6700000166893005,0.6100000143051147,0.6700000166893005,0.5995295643806458,1004000
2020-03-10,0.6700000166893005,0.6700000166893005,0.6399999856948853,0.6700000166893005,0.5995295643806458,1530000
2020-03-11,0.6600000262260437,0.6800000071525574,0.6600000262260437,0.6800000071525574,0.6084779500961304,612000
2020-03-12,0.6700000166893005,0.6800000071525574,0.6399999856948853,0.6600000262260437,0.5905814170837402,1242000
2020-03-13,0.6200000047683716,0.6499999761581421,0.6100000143051147,0.6499999761581421,0.5816332697868347,2334000
2020-03-16,0.6299999952316284,0.6600000262260437,0.6100000143051147,0.6600000262260437,0.5905814170837402,3476000
2020-03-17,0.6499999761581421,0.6700000166893005,0.6399999856948853,0.6600000262260437,0.5905814170837402,2464000
2020-03-18,0.6399999856948853,0.6600000262260437,0.6399999856948853,0.6600000262260437,0.5905814170837402,1342000
2020-03-19,0.6600000262260437,0.6600000262260437,0.6200000047683716,0.6200000047683716,0.5547885894775391,3030000
2020-03-20,0.6399999856948853,0.6499999761581421,0.6200000047683716,0.6499999761581421,0.5816332697868347,3112000
2020-03-23,0.6299999952316284,0.6499999761581421,0.6000000238418579,0.6499999761581421,0.5816332697868347,4792000
2020-03-24,0.6399999856948853,0.6499999761581421,0.6200000047683716,0.6499999761581421,0.5816332697868347,4578000
2020-03-25,0.6499999761581421,0.6499999761581421,0.6399999856948853,0.6499999761581421,0.5816332697868347,1496000
2020-03-26,0.6399999856948853,0.6499999761581421,0.6399999856948853,0.6499999761581421,0.5816332697868347,1140000
2020-03-27,0.6399999856948853,0.6499999761581421,0.6399999856948853,0.6499999761581421,0.5816332697868347,1254000
2020-03-30,0.6399999856948853,0.6499999761581421,0.6299999952316284,0.6499999761581421,0.5816332697868347,1246000
2020-03-31,0.6399999856948853,0.6499999761581421,0.6299999952316284,0.6499999761581421,0.5816332697868347,3096000
2020-04-01,0.6399999856948853,0.6499999761581421,0.6399999856948853,0.6499999761581421,0.5816332697868347,2110000
2020-04-02,0.6399999856948853,0.6499999761581421,0.6399999856948853,0.6499999761581421,0.5816332697868347,1138000
2020-04-03,0.6399999856948853,0.6499999761581421,0.6399999856948853,0.6499999761581421,0.5816332697868347,816000
2020-04-06,0.6399999856948853,0.6499999761581421,0.6299999952316284,0.6499999761581421,0.5816332697868347,1154000
2020-04-07,0.6499999761581421,0.6800000071525574,0.6499999761581421,0.6800000071525574,0.6084779500961304,926000
2020-04-08,0.6700000166893005,0.6800000071525574,0.6700000166893005,0.6800000071525574,0.6084779500961304,126000
2020-04-09,0.6800000071525574,0.6899999976158142,0.6800000071525574,0.6800000071525574,0.6084779500961304,384000
2020-04-14,0.6899999976158142,0.6899999976158142,0.6700000166893005,0.6899999976158142,0.6174260973930359,742000
2020-04-15,0.6899999976158142,0.699999988079071,0.6899999976158142,0.6899999976158142,0.6174260973930359,54000
2020-04-16,0.699999988079071,0.7099999785423279,0.6700000166893005,0.6899999976158142,0.6174260973930359,786000
2020-04-17,0.6800000071525574,0.6899999976158142,0.6700000166893005,0.6899999976158142,0.6174260973930359,536000
2020-04-20,0.6800000071525574,0.6800000071525574,0.6700000166893005,0.6800000071525574,0.6084779500961304,472000
2020-04-21,0.6700000166893005,0.6700000166893005,0.6700000166893005,0.6700000166893005,0.5995295643806458,800000
2020-04-22,0.6600000262260437,0.6600000262260437,0.6399999856948853,0.6499999761581421,0.5816332697868347,1276000
2020-04-23,0.6299999952316284,0.6499999761581421,0.6299999952316284,0.6499999761581421,0.5816332697868347,950000
2020-04-24,0.6399999856948853,0.6499999761581421,0.6399999856948853,0.6499999761581421,0.5816332697868347,534000
2020-04-27,0.6499999761581421,0.6499999761581421,0.6499999761581421,0.6499999761581421,0.5816332697868347,0
2020-04-28,0.6499999761581421,0.6499999761581421,0.6299999952316284,0.6499999761581421,0.5816332697868347,968000
2020-04-29,0.6399999856948853,0.6499999761581421,0.6399999856948853,0.6499999761581421,0.5816332697868347,198000
2020-05-04,0.6299999952316284,0.6399999856948853,0.6299999952316284,0.6399999856948853,0.5726850628852844,1006000
2020-05-05,0.6399999856948853,0.6499999761581421,0.6399999856948853,0.6499999761581421,0.5816332697868347,684000
2020-05-06,0.6299999952316284,0.6499999761581421,0.6299999952316284,0.6499999761581421,0.5816332697868347,558000
2020-05-07,0.6499999761581421,0.6499999761581421,0.6499999761581421,0.6499999761581421,0.5816332697868347,0
2020-05-08,0.6399999856948853,0.6499999761581421,0.6399999856948853,0.6499999761581421,0.5816332697868347,540000
2020-05-11,0.6499999761581421,0.6600000262260437,0.6499999761581421,0.6600000262260437,0.5905814170837402,244000
2020-05-12,0.6499999761581421,0.6499999761581421,0.6399999856948853,0.6499999761581421,0.5816332697868347,498300
2020-05-13,0.6399999856948853,0.6499999761581421,0.6399999856948853,0.6499999761581421,0.5816332697868347,550000
2020-05-14,0.6499999761581421,0.6499999761581421,0.6499999761581421,0.6499999761581421,0.5816332697868347,0
2020-05-15,0.6399999856948853,0.6499999761581421,0.6399999856948853,0.6499999761581421,0.5816332697868347,534000
2020-05-18,0.6399999856948853,0.6499999761581421,0.6399999856948853,0.6499999761581421,0.5816332697868347,630000
2020-05-19,0.6499999761581421,0.6499999761581421,0.6499999761581421,0.6499999761581421,0.5816332697868347,0
2020-05-20,0.6299999952316284,0.6499999761581421,0.6299999952316284,0.6499999761581421,0.5816332697868347,620000
2020-05-21,0.6499999761581421,0.6499999761581421,0.6499999761581421,0.6499999761581421,0.5816332697868347,0
2020-05-22,0.6399999856948853,0.6399999856948853,0.6399999856948853,0.6399999856948853,0.5726850628852844,560000
2020-05-25,0.6299999952316284,0.6399999856948853,0.6200000047683716,0.6399999856948853,0.5726850628852844,154000
2020-05-26,0.6299999952316284,0.6399999856948853,0.6299999952316284,0.6399999856948853,0.5726850628852844,690000
2020-05-27,0.6299999952316284,0.6399999856948853,0.6200000047683716,0.6399999856948853,0.5726850628852844,854000
2020-05-28,0.6299999952316284,0.6399999856948853,0.6200000047683716,0.6399999856948853,0.5726850628852844,432000
2020-05-29,0.6299999952316284,0.6399999856948853,0.6200000047683716,0.6299999952316284,0.5637368559837341,1208000
2020-06-01,0.6299999952316284,0.6299999952316284,0.6200000047683716,0.6299999952316284,0.5637368559837341,206000
2020-06-02,0.6200000047683716,0.6200000047683716,0.6100000143051147,0.6100000143051147,0.5458404421806335,2352000
2020-06-03,0.6100000143051147,0.6100000143051147,0.5899999737739563,0.6000000238418579,0.536892294883728,954000
2020-06-04,0.6000000238418579,0.6100000143051147,0.6000000238418579,0.6000000238418579,0.536892294883728,1472000
2020-06-05,0.6000000238418579,0.6100000143051147,0.6000000238418579,0.6100000143051147,0.5458404421806335,346000
2020-06-08,0.6100000143051147,0.6200000047683716,0.6000000238418579,0.6100000143051147,0.5458404421806335,134000
2020-06-09,0.6100000143051147,0.6200000047683716,0.6000000238418579,0.6200000047683716,0.5547885894775391,1732000
2020-06-10,0.6200000047683716,0.6200000047683716,0.6200000047683716,0.6200000047683716,0.5547885894775391,0
2020-06-11,0.6100000143051147,0.6200000047683716,0.6100000143051147,0.6200000047683716,0.5547885894775391,1250000
2020-06-12,0.6100000143051147,0.6200000047683716,0.6000000238418579,0.6200000047683716,0.5547885894775391,1266000
2020-06-15,0.6200000047683716,0.6200000047683716,0.6200000047683716,0.6200000047683716,0.5547885894775391,0
2020-06-16,0.6100000143051147,0.6299999952316284,0.6000000238418579,0.6299999952316284,0.5637368559837341,1240000
2020-06-17,0.6200000047683716,0.6200000047683716,0.6200000047683716,0.6200000047683716,0.5547885894775391,588000
2020-06-18,0.6100000143051147,0.6200000047683716,0.6000000238418579,0.6100000143051147,0.5458404421806335,1546000
2020-06-19,0.6000000238418579,0.6100000143051147,0.6000000238418579,0.6100000143051147,0.5458404421806335,20000
2020-06-22,0.6100000143051147,0.6100000143051147,0.6100000143051147,0.6100000143051147,0.5458404421806335,776000
2020-06-23,0.6100000143051147,0.6100000143051147,0.6000000238418579,0.6100000143051147,0.5458404421806335,1718000
2020-06-24,0.6100000143051147,0.6100000143051147,0.6000000238418579,0.6100000143051147,0.5458404421806335,60000
2020-06-26,0.6000000238418579,0.6100000143051147,0.6000000238418579,0.6100000143051147,0.5458404421806335,26000
2020-06-29,0.6100000143051147,0.6499999761581421,0.6100000143051147,0.6299999952316284,0.5637368559837341,3236000
2020-06-30,0.6200000047683716,0.6299999952316284,0.6100000143051147,0.6299999952316284,0.5637368559837341,1618000
2020-07-02,0.6100000143051147,0.6299999952316284,0.6100000143051147,0.6299999952316284,0.5637368559837341,1902000
2020-07-03,0.6200000047683716,0.6299999952316284,0.6200000047683716,0.6299999952316284,0.5637368559837341,910000
2020-07-06,0.6299999952316284,0.6299999952316284,0.6200000047683716,0.6200000047683716,0.5547885894775391,130000
2020-07-07,0.6200000047683716,0.6299999952316284,0.6100000143051147,0.6299999952316284,0.5637368559837341,1410000
2020-07-08,0.6200000047683716,0.6200000047683716,0.6100000143051147,0.6100000143051147,0.5458404421806335,992000
2020-07-09,0.6100000143051147,0.6299999952316284,0.6100000143051147,0.6100000143051147,0.5458404421806335,955790
2020-07-10,0.6200000047683716,0.6200000047683716,0.6100000143051147,0.6200000047683716,0.5547885894775391,772000
2020-07-13,0.6200000047683716,0.6200000047683716,0.6100000143051147,0.6200000047683716,0.5547885894775391,566000
2020-07-14,0.6200000047683716,0.6200000047683716,0.6100000143051147,0.6100000143051147,0.5458404421806335,574000
2020-07-15,0.6100000143051147,0.6200000047683716,0.6100000143051147,0.6100000143051147,0.5458404421806335,642087
2020-07-16,0.6100000143051147,0.6200000047683716,0.6100000143051147,0.6200000047683716,0.5547885894775391,420000
2020-07-17,0.6200000047683716,0.6299999952316284,0.6100000143051147,0.6299999952316284,0.5637368559837341,958000
2020-07-20,0.6200000047683716,0.6200000047683716,0.6100000143051147,0.6100000143051147,0.5458404421806335,1204000
2020-07-21,0.6100000143051147,0.6100000143051147,0.6000000238418579,0.6100000143051147,0.5458404421806335,916000
2020-07-22,0.6000000238418579,0.6000000238418579,0.6000000238418579,0.6000000238418579,0.536892294883728,402000
2020-07-23,0.6000000238418579,0.6200000047683716,0.6000000238418579,0.6200000047683716,0.5547885894775391,1570000
2020-07-24,0.6000000238418579,0.6200000047683716,0.6000000238418579,0.6200000047683716,0.5547885894775391,762000
2020-07-27,0.6200000047683716,0.6200000047683716,0.6100000143051147,0.6200000047683716,0.5547885894775391,816000
2020-07-28,0.6100000143051147,0.6200000047683716,0.6100000143051147,0.6200000047683716,0.5547885894775391,54000
2020-07-29,0.6100000143051147,0.6200000047683716,0.6100000143051147,0.6200000047683716,0.5547885894775391,1152000
2020-07-30,0.6100000143051147,0.6200000047683716,0.6000000238418579,0.6200000047683716,0.5547885894775391,1170000
2020-07-31,0.6100000143051147,0.6100000143051147,0.6000000238418579,0.6000000238418579,0.536892294883728,1860000
2020-08-03,0.6100000143051147,0.6100000143051147,0.6000000238418579,0.6000000238418579,0.536892294883728,508000
2020-08-04,0.6100000143051147,0.6100000143051147,0.6000000238418579,0.6100000143051147,0.5458404421806335,1172200
2020-08-05,0.6000000238418579,0.6100000143051147,0.6000000238418579,0.6100000143051147,0.5458404421806335,468000
2020-08-06,0.6000000238418579,0.6000000238418579,0.6000000238418579,0.6000000238418579,0.536892294883728,78000
2020-08-07,0.6100000143051147,0.6100000143051147,0.6000000238418579,0.6100000143051147,0.5458404421806335,756000
2020-08-10,0.6000000238418579,0.6000000238418579,0.6000000238418579,0.6000000238418579,0.536892294883728,64000
2020-08-11,0.6100000143051147,0.6200000047683716,0.6000000238418579,0.6200000047683716,0.5547885894775391,1288000
2020-08-12,0.6100000143051147,0.6100000143051147,0.6100000143051147,0.6100000143051147,0.5458404421806335,432000
2020-08-13,0.6100000143051147,0.6100000143051147,0.6000000238418579,0.6100000143051147,0.5458404421806335,566000
2020-08-14,0.6100000143051147,0.6200000047683716,0.6000000238418579,0.6200000047683716,0.5547885894775391,292000
2020-08-17,0.6100000143051147,0.6200000047683716,0.6000000238418579,0.6200000047683716,0.5547885894775391,541000
2020-08-18,0.6100000143051147,0.6100000143051147,0.6000000238418579,0.6100000143051147,0.5458404421806335,106000
2020-08-19,0.6100000143051147,0.6100000143051147,0.6000000238418579,0.6000000238418579,0.536892294883728,540000
2020-08-20,0.6000000238418579,0.6000000238418579,0.6000000238418579,0.6000000238418579,0.536892294883728,0
2020-08-21,0.6100000143051147,0.6100000143051147,0.6000000238418579,0.6100000143051147,0.5458404421806335,630000
2020-08-24,0.6100000143051147,0.6100000143051147,0.6100000143051147,0.6100000143051147,0.5458404421806335,0
2020-08-25,0.6100000143051147,0.6100000143051147,0.6000000238418579,0.6100000143051147,0.5494433641433716,730000
2020-08-26,0.6000000238418579,0.6100000143051147,0.6000000238418579,0.6100000143051147,0.5494433641433716,267000
2020-08-27,0.6000000238418579,0.6100000143051147,0.6000000238418579,0.6100000143051147,0.5494433641433716,118000
2020-08-28,0.6000000238418579,0.6100000143051147,0.6000000238418579,0.6100000143051147,0.5494433641433716,1296000
2020-08-31,0.6000000238418579,0.6100000143051147,0.6000000238418579,0.6100000143051147,0.5494433641433716,142000
2020-09-01,0.6000000238418579,0.6100000143051147,0.5799999833106995,0.6000000238418579,0.5404361486434937,1660000
2020-09-02,0.5799999833106995,0.6000000238418579,0.5799999833106995,0.6000000238418579,0.5404361486434937,158000
2020-09-03,0.6000000238418579,0.6000000238418579,0.6000000238418579,0.6000000238418579,0.5404361486434937,750000
2020-09-04,0.5899999737739563,0.6000000238418579,0.5899999737739563,0.6000000238418579,0.5404361486434937,2710000
2020-09-07,0.6000000238418579,0.6000000238418579,0.6000000238418579,0.6000000238418579,0.5404361486434937,0
2020-09-08,0.6000000238418579,0.6000000238418579,0.5899999737739563,0.6000000238418579,0.5404361486434937,1608000
2020-09-09,0.6000000238418579,0.6000000238418579,0.5899999737739563,0.6000000238418579,0.5404361486434937,1168940
2020-09-10,0.6000000238418579,0.6100000143051147,0.5899999737739563,0.6000000238418579,0.5404361486434937,1762000
2020-09-11,0.6000000238418579,0.6000000238418579,0.5899999737739563,0.6000000238418579,0.5404361486434937,1262000
2020-09-14,0.6000000238418579,0.6000000238418579,0.5899999737739563,0.6000000238418579,0.5404361486434937,1844000
2020-09-15,0.6000000238418579,0.6000000238418579,0.5899999737739563,0.6000000238418579,0.5404361486434937,1442000
2020-09-16,0.6000000238418579,0.6000000238418579,0.5899999737739563,0.6000000238418579,0.5404361486434937,1854000
2020-09-17,0.5899999737739563,0.6000000238418579,0.5799999833106995,0.6000000238418579,0.5404361486434937,2219875
2020-09-18,0.5899999737739563,0.6000000238418579,0.5899999737739563,0.6000000238418579,0.5404361486434937,1892000
2020-09-21,0.6000000238418579,0.6000000238418579,0.5799999833106995,0.6000000238418579,0.5404361486434937,2650000
2020-09-22,0.5899999737739563,0.6000000238418579,0.5899999737739563,0.6000000238418579,0.5404361486434937,3072000
2020-09-23,0.6000000238418579,0.6000000238418579,0.5899999737739563,0.6000000238418579,0.5404361486434937,3984000
2020-09-24,0.5899999737739563,0.6000000238418579,0.5799999833106995,0.5799999833106995,0.5224214792251587,3488000
2020-09-25,0.5799999833106995,0.6000000238418579,0.5600000023841858,0.6000000238418579,0.5404361486434937,4338000
2020-09-28,0.6000000238418579,0.6200000047683716,0.6000000238418579,0.6000000238418579,0.5404361486434937,3300450
2020-09-29,0.6000000238418579,0.6000000238418579,0.5899999737739563,0.6000000238418579,0.5404361486434937,838000
2020-09-30,0.6000000238418579,0.6000000238418579,0.5899999737739563,0.6000000238418579,0.5404361486434937,1168000
2020-10-05,0.6000000238418579,0.6000000238418579,0.5899999737739563,0.6000000238418579,0.5404361486434937,902000
2020-10-06,0.6000000238418579,0.6000000238418579,0.5899999737739563,0.6000000238418579,0.5404361486434937,630000
2020-10-07,0.5899999737739563,0.6000000238418579,0.5899999737739563,0.6000000238418579,0.5404361486434937,84000
2020-10-08,0.6000000238418579,0.6000000238418579,0.6000000238418579,0.6000000238418579,0.5404361486434937,0
2020-10-09,0.6100000143051147,0.6100000143051147,0.6000000238418579,0.6000000238418579,0.5404361486434937,438000
2020-10-12,0.6000000238418579,0.6000000238418579,0.5899999737739563,0.6000000238418579,0.5404361486434937,498000
2020-10-14,0.6000000238418579,0.6000000238418579,0.5899999737739563,0.6000000238418579,0.5404361486434937,136000
2020-10-15,0.6000000238418579,0.6000000238418579,0.6000000238418579,0.6000000238418579,0.5404361486434937,0
2020-10-16,0.6000000238418579,0.6000000238418579,0.5899999737739563,0.6000000238418579,0.5404361486434937,628000
2020-10-19,0.6000000238418579,0.6000000238418579,0.6000000238418579,0.6000000238418579,0.5404361486434937,0
2020-10-20,0.5899999737739563,0.6000000238418579,0.5899999737739563,0.6000000238418579,0.5404361486434937,1058500
2020-10-21,0.6000000238418579,0.6000000238418579,0.6000000238418579,0.6000000238418579,0.5404361486434937,0
2020-10-22,0.6000000238418579,0.6000000238418579,0.5899999737739563,0.6000000238418579,0.5404361486434937,1022000
2020-10-23,0.6000000238418579,0.6000000238418579,0.5899999737739563,0.6000000238418579,0.5404361486434937,272000
2020-10-27,0.5899999737739563,0.6000000238418579,0.5899999737739563,0.6000000238418579,0.5404361486434937,72000
2020-10-28,0.5899999737739563,0.6000000238418579,0.5899999737739563,0.6000000238418579,0.5404361486434937,176000
2020-10-29,0.5899999737739563,0.6000000238418579,0.5899999737739563,0.6000000238418579,0.5404361486434937,1486000
2020-10-30,0.5899999737739563,0.6000000238418579,0.5899999737739563,0.5899999737739563,0.5314288139343262,794000
2020-11-02,0.6000000238418579,0.6000000238418579,0.5899999737739563,0.5899999737739563,0.5314288139343262,76000
2020-11-03,0.5899999737739563,0.6000000238418579,0.5899999737739563,0.6000000238418579,0.5404361486434937,370000
2020-11-04,0.5899999737739563,0.6000000238418579,0.5899999737739563,0.6000000238418579,0.5404361486434937,388000
2020-11-05,0.6000000238418579,0.6000000238418579,0.6000000238418579,0.6000000238418579,0.5404361486434937,0
2020-11-06,0.5899999737739563,0.6000000238418579,0.5899999737739563,0.6000000238418579,0.5404361486434937,422000
2020-11-09,0.5799999833106995,0.6000000238418579,0.5799999833106995,0.5899999737739563,0.5314288139343262,106000
2020-11-10,0.5899999737739563,0.5899999737739563,0.5899999737739563,0.5899999737739563,0.5314288139343262,0
2020-11-11,0.5899999737739563,0.6000000238418579,0.5899999737739563,0.6000000238418579,0.5404361486434937,532000
2020-11-12,0.6000000238418579,0.6000000238418579,0.6000000238418579,0.6000000238418579,0.5404361486434937,0
2020-11-13,0.5899999737739563,0.6000000238418579,0.5899999737739563,0.6000000238418579,0.5404361486434937,322000
2020-11-16,0.6000000238418579,0.6000000238418579,0.5899999737739563,0.6000000238418579,0.5404361486434937,696000
2020-11-17,0.5899999737739563,0.6000000238418579,0.5799999833106995,0.6000000238418579,0.5404361486434937,762000
2020-11-18,0.5899999737739563,0.5899999737739563,0.5799999833106995,0.5899999737739563,0.5314288139343262,568000
2020-11-19,0.5899999737739563,0.6000000238418579,0.5799999833106995,0.5899999737739563,0.5314288139343262,502000
2020-11-20,0.5899999737739563,0.5899999737739563,0.5899999737739563,0.5899999737739563,0.5314288139343262,0
2020-11-23,0.5799999833106995,0.5899999737739563,0.5799999833106995,0.5899999737739563,0.5314288139343262,130000
2020-11-24,0.5899999737739563,0.5899999737739563,0.5799999833106995,0.5899999737739563,0.5314288139343262,456000
2020-11-25,0.5899999737739563,0.6100000143051147,0.5899999737739563,0.6100000143051147,0.5494433641433716,1008000
2020-11-26,0.6000000238418579,0.6000000238418579,0.5899999737739563,0.6000000238418579,0.5404361486434937,492250
2020-11-27,0.5899999737739563,0.6000000238418579,0.5899999737739563,0.6000000238418579,0.5404361486434937,534000
2020-11-30,0.5899999737739563,0.6000000238418579,0.5899999737739563,0.6000000238418579,0.5404361486434937,124000
2020-12-01,0.5899999737739563,0.6000000238418579,0.5799999833106995,0.5899999737739563,0.5314288139343262,636000
2020-12-02,0.5899999737739563,0.5899999737739563,0.5799999833106995,0.5799999833106995,0.5224214792251587,612000
2020-12-03,0.5899999737739563,0.5899999737739563,0.5899999737739563,0.5899999737739563,0.5314288139343262,0
2020-12-04,0.5899999737739563,0.5899999737739563,0.5899999737739563,0.5899999737739563,0.5314288139343262,0
2020-12-07,0.5899999737739563,0.6000000238418579,0.5899999737739563,0.6000000238418579,0.5404361486434937,122000
2020-12-08,0.6000000238418579,0.6000000238418579,0.6000000238418579,0.6000000238418579,0.5404361486434937,0
2020-12-09,0.5899999737739563,0.6000000238418579,0.5899999737739563,0.6000000238418579,0.5404361486434937,140200
2020-12-10,0.5799999833106995,0.6000000238418579,0.5799999833106995,0.6000000238418579,0.5404361486434937,194000
2020-12-11,0.5899999737739563,0.6000000238418579,0.5899999737739563,0.6000000238418579,0.5404361486434937,150000
2020-12-14,0.5899999737739563,0.6000000238418579,0.5899999737739563,0.6000000238418579,0.5404361486434937,148300
2020-12-15,0.5899999737739563,0.6000000238418579,0.5799999833106995,0.6000000238418579,0.5404361486434937,442000
2020-12-16,0.5899999737739563,0.6000000238418579,0.5899999737739563,0.6000000238418579,0.5404361486434937,321169
2020-12-17,0.5899999737739563,0.6000000238418579,0.5799999833106995,0.6000000238418579,0.5404361486434937,406000
2020-12-18,0.6000000238418579,0.6000000238418579,0.5899999737739563,0.6000000238418579,0.5483877658843994,464000
2020-12-21,0.5899999737739563,0.6000000238418579,0.5899999737739563,0.6000000238418579,0.5483877658843994,62000
2020-12-22,0.5899999737739563,0.6000000238418579,0.5899999737739563,0.6000000238418579,0.5483877658843994,488000
2020-12-23,0.5899999737739563,0.6000000238418579,0.5899999737739563,0.6000000238418579,0.5483877658843994,470000
2020-12-24,0.6000000238418579,0.6000000238418579,0.6000000238418579,0.6000000238418579,0.5483877658843994,0
2020-12-28,0.5899999737739563,0.5899999737739563,0.5799999833106995,0.5899999737739563,0.5392478704452515,534000
2020-12-29,0.5799999833106995,0.5899999737739563,0.5799999833106995,0.5899999737739563,0.5392478704452515,82000
2020-12-30,0.5899999737739563,0.6000000238418579,0.5799999833106995,0.6000000238418579,0.5483877658843994,790000
2020-12-31,0.5899999737739563,0.5899999737739563,0.5899999737739563,0.5899999737739563,0.5392478704452515,0
2021-01-04,0.5799999833106995,0.5899999737739563,0.5699999928474426,0.5899999737739563,0.5392478704452515,606000
2021-01-05,0.5799999833106995,0.5899999737739563,0.5799999833106995,0.5899999737739563,0.5392478704452515,1082000
2021-01-06,0.5899999737739563,0.5899999737739563,0.5799999833106995,0.5899999737739563,0.5392478704452515,74000
2021-01-07,0.5899999737739563,0.6000000238418579,0.5899999737739563,0.6000000238418579,0.5483877658843994,1216000
2021-01-08,0.6000000238418579,0.6000000238418579,0.5799999833106995,0.5899999737739563,0.5392478704452515,1028000
2021-01-11,0.5899999737739563,0.6000000238418579,0.5899999737739563,0.5899999737739563,0.5392478704452515,128000
2021-01-12,0.5899999737739563,0.6000000238418579,0.5799999833106995,0.6000000238418579,0.5483877658843994,518000
2021-01-13,0.5899999737739563,0.7200000286102295,0.5899999737739563,0.6299999952316284,0.5758070349693298,2622000
2021-01-14,0.6100000143051147,0.6100000143051147,0.5899999737739563,0.6000000238418579,0.5483877658843994,1316000
2021-01-15,0.6000000238418579,0.6000000238418579,0.6000000238418579,0.6000000238418579,0.5483877658843994,0
2021-01-18,0.5899999737739563,0.5899999737739563,0.5899999737739563,0.5899999737739563,0.5392478704452515,646000
2021-01-19,0.5899999737739563,0.6000000238418579,0.5899999737739563,0.6000000238418579,0.5483877658843994,590000
2021-01-20,0.5799999833106995,0.6000000238418579,0.5799999833106995,0.6000000238418579,0.5483877658843994,170000
2021-01-21,0.5899999737739563,0.6000000238418579,0.5799999833106995,0.6000000238418579,0.5483877658843994,844000
2021-01-22,0.5799999833106995,0.5899999737739563,0.5799999833106995,0.5899999737739563,0.5392478704452515,432000
2021-01-25,0.5899999737739563,0.5899999737739563,0.5799999833106995,0.5899999737739563,0.5392478704452515,796500
2021-01-26,0.5799999833106995,0.5899999737739563,0.5799999833106995,0.5899999737739563,0.5392478704452515,60000
2021-01-27,0.5799999833106995,0.5899999737739563,0.5799999833106995,0.5899999737739563,0.5392478704452515,426000
2021-01-28,0.5799999833106995,0.5899999737739563,0.5799999833106995,0.5899999737739563,0.5392478704452515,237500
2021-01-29,0.5899999737739563,0.6000000238418579,0.5899999737739563,0.6000000238418579,0.5483877658843994,1646000
2021-02-01,0.5899999737739563,0.6000000238418579,0.5799999833106995,0.6000000238418579,0.5483877658843994,328002
2021-02-02,0.5899999737739563,0.6000000238418579,0.5899999737739563,0.6000000238418579,0.5483877658843994,148000
2021-02-03,0.5799999833106995,0.5899999737739563,0.5799999833106995,0.5899999737739563,0.5392478704452515,296000
2021-02-04,0.5899999737739563,0.5899999737739563,0.5799999833106995,0.5899999737739563,0.5392478704452515,74000
2021-02-05,0.5899999737739563,0.5899999737739563,0.5899999737739563,0.5899999737739563,0.5392478704452515,0
2021-02-08,0.5899999737739563,0.5899999737739563,0.5899999737739563,0.5899999737739563,0.5392478704452515,0
2021-02-09,0.5899999737739563,0.5899999737739563,0.5899999737739563,0.5899999737739563,0.5392478704452515,0
2021-02-10,0.5799999833106995,0.5899999737739563,0.5799999833106995,0.5799999833106995,0.5301080942153931,290000
2021-02-11,0.5899999737739563,0.5899999737739563,0.5899999737739563,0.5899999737739563,0.5392478704452515,0
2021-02-16,0.5899999737739563,0.5899999737739563,0.5799999833106995,0.5799999833106995,0.5301080942153931,282000
2021-02-17,0.5799999833106995,0.6000000238418579,0.5799999833106995,0.6000000238418579,0.5483877658843994,1540000
2021-02-18,0.5899999737739563,0.6600000262260437,0.5899999737739563,0.6200000047683716,0.5666673183441162,3104000
2021-02-19,0.6200000047683716,0.6200000047683716,0.5899999737739563,0.6000000238418579,0.5483877658843994,2684000
2021-02-22,0.5899999737739563,0.6000000238418579,0.5899999737739563,0.6000000238418579,0.5483877658843994,182000
2021-02-23,0.5899999737739563,0.6000000238418579,0.5799999833106995,0.6000000238418579,0.5483877658843994,994000
2021-02-24,0.5899999737739563,0.6600000262260437,0.5899999737739563,0.5899999737739563,0.5392478704452515,7774000
2021-02-25,0.5899999737739563,0.6100000143051147,0.5899999737739563,0.6000000238418579,0.5483877658843994,3076000
2021-02-26,0.6000000238418579,0.6100000143051147,0.5899999737739563,0.6000000238418579,0.5483877658843994,1508000
2021-03-01,0.6000000238418579,0.6000000238418579,0.5899999737739563,0.6000000238418579,0.5483877658843994,276000
2021-03-02,0.6000000238418579,0.6000000238418579,0.5899999737739563,0.6000000238418579,0.5483877658843994,514000
2021-03-03,0.6000000238418579,0.6000000238418579,0.6000000238418579,0.6000000238418579,0.5483877658843994,0
2021-03-04,0.6000000238418579,0.6000000238418579,0.5899999737739563,0.6000000238418579,0.5483877658843994,114000
2021-03-05,0.5899999737739563,0.6000000238418579,0.5899999737739563,0.5899999737739563,0.5392478704452515,78000
2021-03-08,0.5899999737739563,0.6000000238418579,0.5899999737739563,0.6000000238418579,0.5483877658843994,132000
2021-03-09,0.5899999737739563,0.6000000238418579,0.5899999737739563,0.6000000238418579,0.5483877658843994,663500
2021-03-10,0.6000000238418579,0.6000000238418579,0.5899999737739563,0.5899999737739563,0.5392478704452515,76000
2021-03-11,0.5899999737739563,0.6000000238418579,0.5899999737739563,0.5899999737739563,0.5392478704452515,32000
2021-03-12,0.5899999737739563,0.5899999737739563,0.5899999737739563,0.5899999737739563,0.5392478704452515,0
2021-03-15,0.6000000238418579,0.6000000238418579,0.5799999833106995,0.5899999737739563,0.5392478704452515,1182000
2021-03-16,0.5799999833106995,0.5899999737739563,0.5799999833106995,0.5899999737739563,0.5392478704452515,114000
2021-03-17,0.5799999833106995,0.5899999737739563,0.5799999833106995,0.5899999737739563,0.5392478704452515,356000
2021-03-18,0.5899999737739563,0.6200000047683716,0.5899999737739563,0.6000000238418579,0.5483877658843994,3784000
2021-03-19,0.6100000143051147,0.6100000143051147,0.5899999737739563,0.6000000238418579,0.5483877658843994,930000
2021-03-22,0.6000000238418579,0.6000000238418579,0.5899999737739563,0.6000000238418579,0.5483877658843994,642000
2021-03-23,0.6000000238418579,0.6000000238418579,0.5899999737739563,0.6000000238418579,0.5483877658843994,230000
2021-03-24,0.5899999737739563,0.6000000238418579,0.5899999737739563,0.5899999737739563,0.5392478704452515,432000
2021-03-25,0.6000000238418579,0.6000000238418579,0.6000000238418579,0.6000000238418579,0.5483877658843994,0
2021-03-26,0.6000000238418579,0.6000000238418579,0.6000000238418579,0.6000000238418579,0.5483877658843994,0
2021-03-29,0.5899999737739563,0.6000000238418579,0.5899999737739563,0.5899999737739563,0.5392478704452515,26000
2021-03-30,0.5899999737739563,0.6000000238418579,0.5899999737739563,0.6000000238418579,0.5483877658843994,66000
2021-03-31,0.5899999737739563,0.6000000238418579,0.5899999737739563,0.6000000238418579,0.5483877658843994,66000
2021-04-01,0.5899999737739563,0.6000000238418579,0.5899999737739563,0.6000000238418579,0.5483877658843994,304000
2021-04-07,0.6000000238418579,0.6000000238418579,0.6000000238418579,0.6000000238418579,0.5483877658843994,0
2021-04-08,0.6000000238418579,0.6000000238418579,0.6000000238418579,0.6000000238418579,0.5483877658843994,0
2021-04-09,0.5899999737739563,0.6000000238418579,0.5899999737739563,0.6000000238418579,0.5483877658843994,602000
2021-04-12,0.6000000238418579,0.6000000238418579,0.5899999737739563,0.6000000238418579,0.5483877658843994,96000
2021-04-13,0.6000000238418579,0.6000000238418579,0.6000000238418579,0.6000000238418579,0.5483877658843994,0
2021-04-14,0.5899999737739563,0.6000000238418579,0.5899999737739563,0.6000000238418579,0.5483877658843994,260000
2021-04-15,0.6000000238418579,0.6000000238418579,0.6000000238418579,0.6000000238418579,0.5483877658843994,0
2021-04-16,0.5899999737739563,0.6000000238418579,0.5899999737739563,0.6000000238418579,0.5483877658843994,648000
2021-04-19,0.6000000238418579,0.6000000238418579,0.5899999737739563,0.6000000238418579,0.5483877658843994,290000
2021-04-20,0.5899999737739563,0.6000000238418579,0.5899999737739563,0.5899999737739563,0.5392478704452515,1548000
2021-04-21,0.5899999737739563,0.6000000238418579,0.5899999737739563,0.6000000238418579,0.5483877658843994,152000
2021-04-22,0.5899999737739563,0.6000000238418579,0.5899999737739563,0.6000000238418579,0.5483877658843994,134000
2021-04-23,0.5899999737739563,0.6000000238418579,0.5899999737739563,0.5899999737739563,0.5392478704452515,132000
2021-04-26,0.5899999737739563,0.6000000238418579,0.5899999737739563,0.6000000238418579,0.5483877658843994,106000
2021-04-27,0.5899999737739563,0.5899999737739563,0.5899999737739563,0.6000000238418579,0.5483877658843994,2000
2021-04-28,0.5899999737739563,0.5899999737739563,0.5899999737739563,0.5899999737739563,0.5392478704452515,144000
2021-04-29,0.5899999737739563,0.5899999737739563,0.5899999737739563,0.5899999737739563,0.5392478704452515,4000
2021-04-30,0.5899999737739563,0.5899999737739563,0.5899999737739563,0.5899999737739563,0.5392478704452515,394000
2021-05-03,0.5899999737739563,0.5899999737739563,0.5899999737739563,0.5899999737739563,0.5392478704452515,0
2021-05-04,0.5899999737739563,0.5899999737739563,0.5899999737739563,0.5899999737739563,0.5392478704452515,0
2021-05-05,0.5899999737739563,0.5899999737739563,0.5899999737739563,0.5899999737739563,0.5392478704452515,574000
2021-05-06,0.5899999737739563,0.6000000238418579,0.5899999737739563,0.5899999737739563,0.5392478704452515,66000
2021-05-07,0.5899999737739563,0.6000000238418579,0.5899999737739563,0.6000000238418579,0.5483877658843994,276001
2021-05-10,0.5899999737739563,0.6000000238418579,0.5899999737739563,0.5899999737739563,0.5392478704452515,34000
2021-05-11,0.5899999737739563,0.6000000238418579,0.5899999737739563,0.5899999737739563,0.5392478704452515,278000
2021-05-12,0.5899999737739563,0.5899999737739563,0.5899999737739563,0.5899999737739563,0.5392478704452515,18000
2021-05-13,0.5899999737739563,0.6000000238418579,0.5899999737739563,0.5899999737739563,0.5392478704452515,306000
2021-05-14,0.5899999737739563,0.5899999737739563,0.5899999737739563,0.5899999737739563,0.5392478704452515,0
2021-05-17,0.5899999737739563,0.6000000238418579,0.5899999737739563,0.6000000238418579,0.5483877658843994,162000
2021-05-18,0.6000000238418579,0.6000000238418579,0.6000000238418579,0.6000000238418579,0.5483877658843994,0
2021-05-20,0.5899999737739563,0.6000000238418579,0.5899999737739563,0.5899999737739563,0.5392478704452515,232000
2021-05-21,0.5899999737739563,0.6000000238418579,0.5799999833106995,0.6000000238418579,0.5483877658843994,44000
2021-05-24,0.5799999833106995,0.6000000238418579,0.5799999833106995,0.6000000238418579,0.5483877658843994,282000
2021-05-25,0.5799999833106995,0.5899999737739563,0.5799999833106995,0.5899999737739563,0.5392478704452515,22000
2021-05-26,0.5899999737739563,0.6000000238418579,0.5799999833106995,0.6000000238418579,0.5483877658843994,302000
2021-05-27,0.5899999737739563,0.5899999737739563,0.5899999737739563,0.5899999737739563,0.5392478704452515,0
2021-05-28,0.5899999737739563,0.5899999737739563,0.5899999737739563,0.5899999737739563,0.5392478704452515,0
2021-05-31,0.6000000238418579,0.6000000238418579,0.6000000238418579,0.6000000238418579,0.5483877658843994,4000
2021-06-01,0.5899999737739563,0.5899999737739563,0.5799999833106995,0.5899999737739563,0.5392478704452515,342000
2021-06-02,0.5899999737739563,0.5899999737739563,0.5899999737739563,0.5899999737739563,0.5392478704452515,206000
2021-06-03,0.5899999737739563,0.5899999737739563,0.5899999737739563,0.5899999737739563,0.5392478704452515,302000
2021-06-04,0.5899999737739563,0.5899999737739563,0.5799999833106995,0.5899999737739563,0.5392478704452515,24000
2021-06-07,0.5899999737739563,0.5899999737739563,0.5899999737739563,0.5899999737739563,0.5392478704452515,398000
2021-06-08,0.5799999833106995,0.5899999737739563,0.5799999833106995,0.5899999737739563,0.5392478704452515,18002
2021-06-09,0.5899999737739563,0.5899999737739563,0.5799999833106995,0.5899999737739563,0.5392478704452515,416000
2021-06-10,0.5899999737739563,0.5899999737739563,0.5899999737739563,0.5899999737739563,0.5392478704452515,50000
2021-06-11,0.5899999737739563,0.6000000238418579,0.5899999737739563,0.5899999737739563,0.5392478704452515,366000
2021-06-15,0.5799999833106995,0.6000000238418579,0.5799999833106995,0.5899999737739563,0.5392478704452515,42000
2021-06-16,0.5899999737739563,0.5899999737739563,0.5899999737739563,0.5899999737739563,0.5392478704452515,0
2021-06-17,0.5799999833106995,0.6000000238418579,0.5799999833106995,0.6000000238418579,0.5483877658843994,136000
2021-06-18,0.5899999737739563,0.5899999737739563,0.5899999737739563,0.5899999737739563,0.5392478704452515,386000
2021-06-21,0.5899999737739563,0.5899999737739563,0.5899999737739563,0.5899999737739563,0.5392478704452515,0
2021-06-22,0.5899999737739563,0.6000000238418579,0.5899999737739563,0.6000000238418579,0.5483877658843994,406000
2021-06-23,0.5799999833106995,0.6399999856948853,0.5799999833106995,0.6000000238418579,0.5483877658843994,5946000
2021-06-24,0.5899999737739563,0.6000000238418579,0.5799999833106995,0.6000000238418579,0.5483877658843994,484000
2021-06-25,0.5799999833106995,0.5899999737739563,0.5799999833106995,0.5899999737739563,0.5392478704452515,30000
2021-06-28,0.5899999737739563,0.6000000238418579,0.5699999928474426,0.5899999737739563,0.5392478704452515,938000
2021-06-29,0.5899999737739563,0.6000000238418579,0.5799999833106995,0.5899999737739563,0.5392478704452515,502000
2021-06-30,0.5899999737739563,0.5899999737739563,0.5899999737739563,0.5899999737739563,0.5392478704452515,0
2021-07-02,0.5799999833106995,0.6299999952316284,0.5799999833106995,0.5899999737739563,0.5392478704452515,7720000
2021-07-05,0.5899999737739563,0.5899999737739563,0.5899999737739563,0.5899999737739563,0.5392478704452515,956000
2021-07-06,0.5799999833106995,0.5899999737739563,0.5799999833106995,0.5899999737739563,0.5392478704452515,202000
2021-07-07,0.5799999833106995,0.5899999737739563,0.5699999928474426,0.5899999737739563,0.5392478704452515,1260000
2021-07-08,0.5699999928474426,0.5899999737739563,0.5699999928474426,0.5899999737739563,0.5392478704452515,114000
2021-07-09,0.5799999833106995,0.5899999737739563,0.5799999833106995,0.5899999737739563,0.5392478704452515,984000
2021-07-12,0.5899999737739563,0.5899999737739563,0.5899999737739563,0.5899999737739563,0.5392478704452515,0
2021-07-13,0.5799999833106995,0.5899999737739563,0.5799999833106995,0.5899999737739563,0.5392478704452515,6000
2021-07-14,0.5899999737739563,0.5899999737739563,0.5799999833106995,0.5899999737739563,0.5392478704452515,742000
2021-07-15,0.5799999833106995,0.5899999737739563,0.5799999833106995,0.5899999737739563,0.5392478704452515,44000
2021-07-16,0.5799999833106995,0.5899999737739563,0.5799999833106995,0.5899999737739563,0.5392478704452515,108000
2021-07-19,0.5899999737739563,0.5899999737739563,0.5899999737739563,0.5899999737739563,0.5392478704452515,0
2021-07-20,0.5799999833106995,0.5899999737739563,0.5799999833106995,0.5899999737739563,0.5392478704452515,62100
2021-07-21,0.5799999833106995,0.5899999737739563,0.5699999928474426,0.5899999737739563,0.5392478704452515,1160310
2021-07-22,0.5899999737739563,0.5899999737739563,0.5899999737739563,0.5899999737739563,0.5392478704452515,0
2021-07-23,0.5799999833106995,0.5899999737739563,0.5799999833106995,0.5899999737739563,0.5392478704452515,52000
2021-07-26,0.5699999928474426,0.5899999737739563,0.5699999928474426,0.5899999737739563,0.5392478704452515,1158000
2021-07-27,0.5699999928474426,0.5899999737739563,0.5299999713897705,0.5899999737739563,0.5392478704452515,4426000
2021-07-28,0.5899999737739563,0.5899999737739563,0.5899999737739563,0.5899999737739563,0.5392478704452515,0
2021-07-29,0.5899999737739563,0.6000000238418579,0.5899999737739563,0.6000000238418579,0.5483877658843994,42000
2021-07-30,0.5899999737739563,0.6000000238418579,0.5899999737739563,0.6000000238418579,0.5483877658843994,882000
2021-08-02,0.5899999737739563,0.6000000238418579,0.5899999737739563,0.6000000238418579,0.5483877658843994,56000
2021-08-03,0.5799999833106995,0.6000000238418579,0.5799999833106995,0.6000000238418579,0.5483877658843994,1002000
2021-08-04,0.6000000238418579,0.6000000238418579,0.6000000238418579,0.6000000238418579,0.5483877658843994,0
2021-08-05,0.5899999737739563,0.5899999737739563,0.5899999737739563,0.5899999737739563,0.5392478704452515,14000
2021-08-06,0.5899999737739563,0.5899999737739563,0.5899999737739563,0.5899999737739563,0.5392478704452515,0
2021-08-09,0.5899999737739563,0.6000000238418579,0.5899999737739563,0.6000000238418579,0.5483877658843994,318000
2021-08-10,0.5899999737739563,0.6000000238418579,0.5899999737739563,0.5899999737739563,0.5392478704452515,880000
2021-08-11,0.5899999737739563,0.6000000238418579,0.5799999833106995,0.6000000238418579,0.5483877658843994,512000
2021-08-12,0.5899999737739563,0.5899999737739563,0.5899999737739563,0.5899999737739563,0.5392478704452515,0
2021-08-13,0.5899999737739563,0.6000000238418579,0.5799999833106995,0.6000000238418579,0.5483877658843994,902000
2021-08-16,0.5799999833106995,0.6000000238418579,0.5799999833106995,0.6000000238418579,0.5483877658843994,114000
2021-08-17,0.5899999737739563,0.6000000238418579,0.5899999737739563,0.6000000238418579,0.5483877658843994,412000
2021-08-18,0.6000000238418579,0.6000000238418579,0.6000000238418579,0.6000000238418579,0.5483877658843994,0
2021-08-19,0.5899999737739563,0.5899999737739563,0.5799999833106995,0.5899999737739563,0.5392478704452515,584000
2021-08-20,0.5799999833106995,0.5899999737739563,0.5799999833106995,0.5899999737739563,0.5392478704452515,662000
2021-08-23,0.5799999833106995,0.5899999737739563,0.5799999833106995,0.5899999737739563,0.5392478704452515,122000
2021-08-24,0.5899999737739563,0.5899999737739563,0.5899999737739563,0.5899999737739563,0.5392478704452515,0
2021-08-25,0.5799999833106995,0.5899999737739563,0.5699999928474426,0.5899999737739563,0.5392478704452515,704000
2021-08-26,0.5899999737739563,0.5899999737739563,0.5899999737739563,0.5899999737739563,0.5392478704452515,80000
2021-08-27,0.5899999737739563,0.5899999737739563,0.5899999737739563,0.5899999737739563,0.5392478704452515,630000
2021-08-30,0.5899999737739563,0.5899999737739563,0.5899999737739563,0.5899999737739563,0.5392478704452515,0
2021-08-31,0.5899999737739563,0.5899999737739563,0.5799999833106995,0.5899999737739563,0.5392478704452515,840000
2021-09-01,0.5899999737739563,0.5899999737739563,0.5899999737739563,0.5899999737739563,0.5392478704452515,892000
2021-09-02,0.5799999833106995,0.5899999737739563,0.5799999833106995,0.5899999737739563,0.5392478704452515,142000
2021-09-03,0.5899999737739563,0.5899999737739563,0.5899999737739563,0.5899999737739563,0.5392478704452515,892000
2021-09-06,0.5799999833106995,0.5899999737739563,0.5799999833106995,0.5899999737739563,0.5392478704452515,666000
2021-09-07,0.5799999833106995,0.5899999737739563,0.5799999833106995,0.5899999737739563,0.5392478704452515,32000
2021-09-08,0.5799999833106995,0.5899999737739563,0.5799999833106995,0.5899999737739563,0.5392478704452515,584000
2021-09-09,0.5899999737739563,0.5899999737739563,0.5799999833106995,0.5899999737739563,0.5392478704452515,514000
2021-09-10,0.5799999833106995,0.5899999737739563,0.5799999833106995,0.5899999737739563,0.5392478704452515,42000
2021-09-13,0.5899999737739563,0.5899999737739563,0.5799999833106995,0.5899999737739563,0.5392478704452515,682000
2021-09-14,0.5899999737739563,0.5899999737739563,0.5799999833106995,0.5899999737739563,0.5392478704452515,674000
2021-09-15,0.5899999737739563,0.5899999737739563,0.5899999737739563,0.5899999737739563,0.5392478704452515,0
2021-09-16,0.5799999833106995,0.5899999737739563,0.5699999928474426,0.5899999737739563,0.5392478704452515,2250000
2021-09-17,0.5799999833106995,0.5899999737739563,0.5699999928474426,0.5799999833106995,0.5301080942153931,626000
2021-09-20,0.5699999928474426,0.6499999761581421,0.5699999928474426,0.6100000143051147,0.5575275421142578,10118000
2021-09-21,0.6000000238418579,0.6100000143051147,0.5899999737739563,0.6100000143051147,0.5575275421142578,108000
2021-09-23,0.6000000238418579,0.6000000238418579,0.5699999928474426,0.5799999833106995,0.5301080942153931,5292000
2021-09-24,0.5799999833106995,0.5899999737739563,0.5699999928474426,0.5899999737739563,0.5392478704452515,384000
2021-09-27,0.5799999833106995,0.5799999833106995,0.5699999928474426,0.5799999833106995,0.5301080942153931,664000
2021-09-28,0.5899999737739563,0.5899999737739563,0.5899999737739563,0.5899999737739563,0.5392478704452515,12000
2021-09-29,0.5799999833106995,0.6000000238418579,0.5699999928474426,0.6000000238418579,0.5483877658843994,4814000
2021-09-30,0.6000000238418579,0.6000000238418579,0.5899999737739563,0.6000000238418579,0.5483877658843994,1170000
2021-10-04,0.5899999737739563,0.6000000238418579,0.5799999833106995,0.6000000238418579,0.5483877658843994,62000
2021-10-05,0.5899999737739563,0.6000000238418579,0.5799999833106995,0.6000000238418579,0.5483877658843994,964000
2021-10-06,0.6000000238418579,0.6000000238418579,0.5899999737739563,0.6000000238418579,0.5483877658843994,1300000
2021-10-07,0.6000000238418579,0.6200000047683716,0.5899999737739563,0.6100000143051147,0.5575275421142578,1962000
2021-10-08,0.6200000047683716,0.6200000047683716,0.6000000238418579,0.6100000143051147,0.5575275421142578,1446000
2021-10-11,0.6100000143051147,0.6100000143051147,0.6100000143051147,0.6100000143051147,0.5575275421142578,0
2021-10-12,0.6100000143051147,0.6200000047683716,0.6100000143051147,0.6200000047683716,0.5666673183441162,838000
2021-10-15,0.6200000047683716,0.6200000047683716,0.6000000238418579,0.6000000238418579,0.5483877658843994,111000
2021-10-18,0.6000000238418579,0.6100000143051147,0.6000000238418579,0.6100000143051147,0.5575275421142578,506000
2021-10-19,0.6100000143051147,0.6100000143051147,0.6100000143051147,0.6100000143051147,0.5575275421142578,96000
2021-10-20,0.6100000143051147,0.6200000047683716,0.6000000238418579,0.6000000238418579,0.5483877658843994,530000
2021-10-21,0.6000000238418579,0.6200000047683716,0.6000000238418579,0.6000000238418579,0.5483877658843994,24000
2021-10-22,0.6000000238418579,0.6000000238418579,0.6000000238418579,0.6000000238418579,0.5483877658843994,0
2021-10-25,0.6000000238418579,0.6200000047683716,0.6000000238418579,0.6200000047683716,0.5666673183441162,196000
2021-10-26,0.6100000143051147,0.6100000143051147,0.6100000143051147,0.6100000143051147,0.5575275421142578,0
2021-10-27,0.6000000238418579,0.6100000143051147,0.6000000238418579,0.6100000143051147,0.5575275421142578,578000
2021-10-28,0.6100000143051147,0.6100000143051147,0.6100000143051147,0.6100000143051147,0.5575275421142578,0
2021-10-29,0.6100000143051147,0.6200000047683716,0.6000000238418579,0.6000000238418579,0.5483877658843994,506000
2021-11-01,0.6000000238418579,0.6000000238418579,0.6000000238418579,0.6000000238418579,0.5483877658843994,1340000
2021-11-02,0.6000000238418579,0.6100000143051147,0.6000000238418579,0.6000000238418579,0.5483877658843994,536000
2021-11-03,0.6000000238418579,0.6000000238418579,0.6000000238418579,0.6000000238418579,0.5483877658843994,0
2021-11-04,0.6000000238418579,0.6100000143051147,0.6000000238418579,0.6000000238418579,0.5483877658843994,202000
2021-11-05,0.6000000238418579,0.6100000143051147,0.6000000238418579,0.6000000238418579,0.5483877658843994,38000
2021-11-08,0.6000000238418579,0.6100000143051147,0.6000000238418579,0.6000000238418579,0.5483877658843994,404000
2021-11-09,0.6000000238418579,0.6100000143051147,0.6000000238418579,0.6000000238418579,0.5483877658843994,16000
2021-11-10,0.6000000238418579,0.6100000143051147,0.6000000238418579,0.6000000238418579,0.5483877658843994,546000
2021-11-11,0.6000000238418579,0.6000000238418579,0.6000000238418579,0.6000000238418579,0.5483877658843994,0
2021-11-12,0.6000000238418579,0.6100000143051147,0.6000000238418579,0.6000000238418579,0.5483877658843994,318000
2021-11-15,0.6000000238418579,0.6000000238418579,0.6000000238418579,0.6000000238418579,0.5483877658843994,0
2021-11-16,0.6000000238418579,0.6000000238418579,0.6000000238418579,0.6000000238418579,0.5483877658843994,0
2021-11-17,0.5899999737739563,0.6100000143051147,0.5899999737739563,0.6000000238418579,0.5483877658843994,36000
2021-11-18,0.6000000238418579,0.6100000143051147,0.6000000238418579,0.6100000143051147,0.5575275421142578,718000
2021-11-19,0.6000000238418579,0.6100000143051147,0.6000000238418579,0.6100000143051147,0.5575275421142578,104000
2021-11-22,0.6100000143051147,0.6100000143051147,0.6000000238418579,0.6100000143051147,0.5575275421142578,442000
2021-11-23,0.6000000238418579,0.6100000143051147,0.6000000238418579,0.6100000143051147,0.5575275421142578,8000
2021-11-24,0.6000000238418579,0.6000000238418579,0.6000000238418579,0.6000000238418579,0.5483877658843994,0
2021-11-25,0.6000000238418579,0.6000000238418579,0.6000000238418579,0.6000000238418579,0.5483877658843994,0
2021-11-26,0.6000000238418579,0.6100000143051147,0.6000000238418579,0.6100000143051147,0.5575275421142578,452000
2021-11-29,0.6100000143051147,0.6100000143051147,0.6000000238418579,0.6000000238418579,0.5483877658843994,24000
2021-11-30,0.6000000238418579,0.6000000238418579,0.5899999737739563,0.6000000238418579,0.5483877658843994,476000
2021-12-01,0.6000000238418579,0.6000000238418579,0.5899999737739563,0.6000000238418579,0.5483877658843994,34000
2021-12-02,0.6000000238418579,0.6000000238418579,0.5899999737739563,0.6000000238418579,0.5483877658843994,504000
2021-12-03,0.5899999737739563,0.6000000238418579,0.5899999737739563,0.6000000238418579,0.5483877658843994,74000
2021-12-06,0.5899999737739563,0.6000000238418579,0.5899999737739563,0.6000000238418579,0.5483877658843994,728000
2021-12-07,0.6000000238418579,0.6000000238418579,0.6000000238418579,0.6000000238418579,0.5483877658843994,0
2021-12-08,0.5899999737739563,0.6000000238418579,0.5899999737739563,0.6000000238418579,0.5483877658843994,414000
2021-12-09,0.5799999833106995,0.6000000238418579,0.5799999833106995,0.6000000238418579,0.5483877658843994,68200
2021-12-10,0.5899999737739563,0.6000000238418579,0.5799999833106995,0.6000000238418579,0.5483877658843994,454000
2021-12-13,0.6000000238418579,0.6000000238418579,0.6000000238418579,0.6000000238418579,0.5483877658843994,0
2021-12-14,0.5899999737739563,0.6000000238418579,0.5799999833106995,0.6000000238418579,0.5483877658843994,472000
2021-12-15,0.6000000238418579,0.6399999856948853,0.5799999833106995,0.6000000238418579,0.5483877658843994,7263375
2021-12-16,0.5899999737739563,0.6000000238418579,0.5899999737739563,0.6000000238418579,0.5483877658843994,22000
2021-12-17,0.6000000238418579,0.6000000238418579,0.5699999928474426,0.6000000238418579,0.5483877658843994,4468000
2021-12-20,0.5899999737739563,0.6000000238418579,0.5799999833106995,0.6000000238418579,0.5565505027770996,920000
2021-12-21,0.5899999737739563,0.6000000238418579,0.5899999737739563,0.6000000238418579,0.5565505027770996,862000
2021-12-22,0.6000000238418579,0.6100000143051147,0.6000000238418579,0.6100000143051147,0.5658263564109802,648000
2021-12-23,0.6200000047683716,0.6200000047683716,0.6100000143051147,0.6100000143051147,0.5658263564109802,572000
2021-12-24,0.6100000143051147,0.6200000047683716,0.6100000143051147,0.6200000047683716,0.5751021504402161,616000
2021-12-28,0.6200000047683716,0.6200000047683716,0.6000000238418579,0.6200000047683716,0.5751021504402161,670000
2021-12-29,0.6000000238418579,0.6100000143051147,0.6000000238418579,0.6000000238418579,0.5565505027770996,1388000
2021-12-30,0.6000000238418579,0.6100000143051147,0.5899999737739563,0.6000000238418579,0.5565505027770996,1594000
2021-12-31,0.6000000238418579,0.6000000238418579,0.6000000238418579,0.6000000238418579,0.5565505027770996,560000
2022-01-03,0.6000000238418579,0.6100000143051147,0.6000000238418579,0.6100000143051147,0.5658263564109802,62000
2022-01-04,0.6100000143051147,0.6100000143051147,0.6100000143051147,0.6100000143051147,0.5658263564109802,0
2022-01-05,0.6000000238418579,0.6100000143051147,0.6000000238418579,0.6100000143051147,0.5658263564109802,164000
2022-01-06,0.6100000143051147,0.6100000143051147,0.6100000143051147,0.6100000143051147,0.5658263564109802,398000
2022-01-07,0.6000000238418579,0.6100000143051147,0.6000000238418579,0.6100000143051147,0.5658263564109802,214000
2022-01-10,0.6100000143051147,0.6100000143051147,0.6100000143051147,0.6100000143051147,0.5658263564109802,0
2022-01-11,0.6000000238418579,0.6100000143051147,0.6000000238418579,0.6100000143051147,0.5658263564109802,378000
2022-01-12,0.6000000238418579,0.6100000143051147,0.6000000238418579,0.6100000143051147,0.5658263564109802,30000
2022-01-13,0.6000000238418579,0.6100000143051147,0.6000000238418579,0.6100000143051147,0.5658263564109802,456000
2022-01-14,0.6100000143051147,0.6100000143051147,0.6100000143051147,0.6100000143051147,0.5658263564109802,2000
2022-01-17,0.6000000238418579,0.6100000143051147,0.5899999737739563,0.6100000143051147,0.5658263564109802,360000
2022-01-18,0.5899999737739563,0.6100000143051147,0.5899999737739563,0.6100000143051147,0.5658263564109802,4000
2022-01-19,0.6000000238418579,0.6100000143051147,0.5899999737739563,0.6100000143051147,0.5658263564109802,414000
2022-01-20,0.6100000143051147,0.6100000143051147,0.6100000143051147,0.6100000143051147,0.5658263564109802,0
2022-01-21,0.6000000238418579,0.6100000143051147,0.6000000238418579,0.6100000143051147,0.5658263564109802,406000
2022-01-24,0.5899999737739563,0.6100000143051147,0.5899999737739563,0.6100000143051147,0.5658263564109802,50000
2022-01-25,0.6000000238418579,0.6100000143051147,0.5899999737739563,0.6000000238418579,0.5565505027770996,1454100
2022-01-26,0.5899999737739563,0.6000000238418579,0.5899999737739563,0.6000000238418579,0.5565505027770996,26000
2022-01-27,0.5899999737739563,0.6000000238418579,0.5899999737739563,0.6000000238418579,0.5565505027770996,858000
2022-01-28,0.5899999737739563,0.6000000238418579,0.5799999833106995,0.6000000238418579,0.5565505027770996,1664000
2022-01-31,0.6000000238418579,0.6000000238418579,0.6000000238418579,0.6000000238418579,0.5565505027770996,0
2022-02-04,0.6000000238418579,0.6000000238418579,0.6000000238418579,0.6000000238418579,0.5565505027770996,0
2022-02-07,0.6000000238418579,0.6000000238418579,0.6000000238418579,0.6000000238418579,0.5565505027770996,1472000
2022-02-08,0.6000000238418579,0.6000000238418579,0.5899999737739563,0.6000000238418579,0.5565505027770996,1058000
2022-02-09,0.6000000238418579,0.6000000238418579,0.5899999737739563,0.6000000238418579,0.5565505027770996,688000
2022-02-10,0.6000000238418579,0.6000000238418579,0.6000000238418579,0.6000000238418579,0.5565505027770996,0
2022-02-11,0.6000000238418579,0.6000000238418579,0.5899999737739563,0.6000000238418579,0.5565505027770996,632000
2022-02-14,0.6000000238418579,0.6000000238418579,0.6000000238418579,0.6000000238418579,0.5565505027770996,0
2022-02-15,0.6000000238418579,0.6000000238418579,0.6000000238418579,0.6000000238418579,0.5565505027770996,724000
2022-02-16,0.6000000238418579,0.6000000238418579,0.6000000238418579,0.6000000238418579,0.5565505027770996,0
2022-02-17,0.6000000238418579,0.6000000238418579,0.6000000238418579,0.6000000238418579,0.5565505027770996,714000
2022-02-18,0.5899999737739563,0.6000000238418579,0.5899999737739563,0.6000000238418579,0.5565505027770996,74000
2022-02-21,0.6000000238418579,0.6000000238418579,0.5899999737739563,0.6000000238418579,0.5565505027770996,806100
2022-02-22,0.5899999737739563,0.6000000238418579,0.5899999737739563,0.6000000238418579,0.5565505027770996,28000
2022-02-23,0.6000000238418579,0.6000000238418579,0.5899999737739563,0.6000000238418579,0.5565505027770996,670000
2022-02-24,0.6000000238418579,0.6000000238418579,0.5899999737739563,0.6000000238418579,0.5565505027770996,716000
2022-02-25,0.6000000238418579,0.6000000238418579,0.6000000238418579,0.6000000238418579,0.5565505027770996,0
2022-02-28,0.6000000238418579,0.6000000238418579,0.5899999737739563,0.6000000238418579,0.5565505027770996,1366000
2022-03-01,0.6000000238418579,0.6000000238418579,0.5899999737739563,0.6000000238418579,0.5565505027770996,200000
2022-03-02,0.5899999737739563,0.6000000238418579,0.5899999737739563,0.6000000238418579,0.5565505027770996,2166000
2022-03-03,0.5899999737739563,0.6000000238418579,0.5899999737739563,0.6000000238418579,0.5565505027770996,928000
2022-03-04,0.5899999737739563,0.6000000238418579,0.5799999833106995,0.6000000238418579,0.5565505027770996,1074000
2022-03-07,0.5899999737739563,0.5899999737739563,0.5799999833106995,0.5899999737739563,0.5472745895385742,1992000
2022-03-08,0.5899999737739563,0.6000000238418579,0.5899999737739563,0.5899999737739563,0.5472745895385742,1218000
2022-03-09,0.5899999737739563,0.6000000238418579,0.5899999737739563,0.5899999737739563,0.5472745895385742,362000
2022-03-10,0.5899999737739563,0.6000000238418579,0.5899999737739563,0.5899999737739563,0.5472745895385742,766000
2022-03-11,0.5899999737739563,0.6000000238418579,0.5899999737739563,0.5899999737739563,0.5472745895385742,172000
2022-03-14,0.5899999737739563,0.5899999737739563,0.5799999833106995,0.5899999737739563,0.5472745895385742,638000
2022-03-15,0.5799999833106995,0.5899999737739563,0.5799999833106995,0.5899999737739563,0.5472745895385742,608000
2022-03-16,0.5899999737739563,0.5899999737739563,0.5799999833106995,0.5899999737739563,0.5472745895385742,1158000
2022-03-17,0.5799999833106995,0.5899999737739563,0.5799999833106995,0.5899999737739563,0.5472745895385742,98074
2022-03-18,0.5899999737739563,0.6000000238418579,0.5799999833106995,0.5899999737739563,0.5472745895385742,1664000
2022-03-21,0.5899999737739563,0.5899999737739563,0.5899999737739563,0.5899999737739563,0.5472745895385742,0
2022-03-22,0.5899999737739563,0.6000000238418579,0.5899999737739563,0.5899999737739563,0.5472745895385742,662000
2022-03-23,0.5799999833106995,0.6000000238418579,0.5799999833106995,0.5899999737739563,0.5472745895385742,284000
2022-03-24,0.5899999737739563,0.6000000238418579,0.5899999737739563,0.6000000238418579,0.5565505027770996,718000
2022-03-25,0.5799999833106995,0.6000000238418579,0.5799999833106995,0.5899999737739563,0.5472745895385742,74000
2022-03-28,0.5899999737739563,0.5899999737739563,0.5799999833106995,0.5899999737739563,0.5472745895385742,1108000
2022-03-29,0.5899999737739563,0.5899999737739563,0.5899999737739563,0.5899999737739563,0.5472745895385742,0
2022-03-30,0.5899999737739563,0.5899999737739563,0.5899999737739563,0.5899999737739563,0.5472745895385742,0
2022-03-31,0.5899999737739563,0.6000000238418579,0.5899999737739563,0.6000000238418579,0.5565505027770996,730000
2022-04-01,0.5899999737739563,0.6000000238418579,0.5899999737739563,0.5899999737739563,0.5472745895385742,48000
2022-04-04,0.5899999737739563,0.6000000238418579,0.5899999737739563,0.5899999737739563,0.5472745895385742,438000
2022-04-06,0.5799999833106995,0.6000000238418579,0.5799999833106995,0.5899999737739563,0.5472745895385742,36000
2022-04-07,0.5899999737739563,0.6000000238418579,0.5899999737739563,0.6000000238418579,0.5565505027770996,392000
2022-04-08,0.5899999737739563,0.6000000238418579,0.5799999833106995,0.5899999737739563,0.5472745895385742,114000
2022-04-11,0.5899999737739563,0.5899999737739563,0.5799999833106995,0.5899999737739563,0.5472745895385742,460000
2022-04-12,0.5799999833106995,0.6000000238418579,0.5799999833106995,0.6000000238418579,0.5565505027770996,12000
2022-04-13,0.5899999737739563,0.6000000238418579,0.5899999737739563,0.6000000238418579,0.5565505027770996,470000
2022-04-14,0.5799999833106995,0.6000000238418579,0.5799999833106995,0.6000000238418579,0.5565505027770996,16000
2022-04-19,0.5899999737739563,0.6000000238418579,0.5899999737739563,0.5899999737739563,0.5472745895385742,304000
2022-04-20,0.5899999737739563,0.6000000238418579,0.5899999737739563,0.5899999737739563,0.5472745895385742,304000
2022-04-21,0.5799999833106995,0.5899999737739563,0.5799999833106995,0.5899999737739563,0.5472745895385742,804000
2022-04-22,0.5799999833106995,0.5899999737739563,0.5799999833106995,0.5899999737739563,0.5472745895385742,30000
2022-04-25,0.5899999737739563,0.5899999737739563,0.5799999833106995,0.5899999737739563,0.5472745895385742,1612000
2022-04-26,0.5799999833106995,0.5899999737739563,0.5799999833106995,0.5899999737739563,0.5472745895385742,1102000
2022-04-27,0.5799999833106995,0.5899999737739563,0.5799999833106995,0.5899999737739563,0.5472745895385742,644000
2022-04-28,0.5899999737739563,0.5899999737739563,0.5799999833106995,0.5899999737739563,0.5472745895385742,1002000
2022-04-29,0.5899999737739563,0.5899999737739563,0.5899999737739563,0.5899999737739563,0.5472745895385742,1488000
2022-05-03,0.5899999737739563,0.5899999737739563,0.5899999737739563,0.5899999737739563,0.5472745895385742,0
2022-05-04,0.5899999737739563,0.5899999737739563,0.5899999737739563,0.5899999737739563,0.5472745895385742,1522000
2022-05-05,0.5899999737739563,0.5899999737739563,0.5899999737739563,0.5899999737739563,0.5472745895385742,834000
2022-05-06,0.5899999737739563,0.6000000238418579,0.5899999737739563,0.6000000238418579,0.5565505027770996,526000
2022-05-10,0.5899999737739563,0.5899999737739563,0.5799999833106995,0.5899999737739563,0.5472745895385742,790000
2022-05-11,0.5899999737739563,0.5899999737739563,0.5899999737739563,0.5899999737739563,0.5472745895385742,648000
2022-05-12,0.5799999833106995,0.5899999737739563,0.5799999833106995,0.5799999833106995,0.5379987359046936,740000
2022-05-13,0.5899999737739563,0.5899999737739563,0.5799999833106995,0.5899999737739563,0.5472745895385742,944000
2022-05-16,0.5899999737739563,0.6000000238418579,0.5899999737739563,0.6000000238418579,0.5565505027770996,782000
2022-05-17,0.5899999737739563,0.6000000238418579,0.5799999833106995,0.5899999737739563,0.5472745895385742,848000
2022-05-18,0.5899999737739563,0.5899999737739563,0.5799999833106995,0.5899999737739563,0.5472745895385742,1026000
2022-05-19,0.5799999833106995,0.5899999737739563,0.5799999833106995,0.5899999737739563,0.5472745895385742,242000
2022-05-20,0.5899999737739563,0.5899999737739563,0.5799999833106995,0.5899999737739563,0.5472745895385742,2086000
2022-05-23,0.5899999737739563,0.5899999737739563,0.5899999737739563,0.5899999737739563,0.5472745895385742,0
2022-05-24,0.5899999737739563,0.5899999737739563,0.5799999833106995,0.5899999737739563,0.5472745895385742,392000
2022-05-25,0.5899999737739563,0.5899999737739563,0.5899999737739563,0.5899999737739563,0.5472745895385742,1696000
2022-05-26,0.5899999737739563,0.5899999737739563,0.5899999737739563,0.5899999737739563,0.5472745895385742,0
2022-05-27,0.5899999737739563,0.6000000238418579,0.5899999737739563,0.6000000238418579,0.5565505027770996,1924000
2022-05-30,0.5799999833106995,0.5899999737739563,0.5799999833106995,0.5899999737739563,0.5472745895385742,244000
2022-05-31,0.5899999737739563,0.5899999737739563,0.5799999833106995,0.5799999833106995,0.5379987359046936,1836000
2022-06-01,0.5899999737739563,0.5899999737739563,0.5899999737739563,0.5899999737739563,0.5472745895385742,52000
2022-06-02,0.5899999737739563,0.5899999737739563,0.5899999737739563,0.5899999737739563,0.5472745895385742,1218000
2022-06-06,0.5899999737739563,0.6000000238418579,0.5799999833106995,0.5799999833106995,0.5379987359046936,852000
2022-06-07,0.5899999737739563,0.6000000238418579,0.5799999833106995,0.6000000238418579,0.5565505027770996,1165400
2022-06-08,0.5899999737739563,0.6000000238418579,0.5899999737739563,0.6000000238418579,0.5565505027770996,522000
2022-06-09,0.5899999737739563,0.6000000238418579,0.5899999737739563,0.5899999737739563,0.5472745895385742,690000
2022-06-10,0.5899999737739563,0.6000000238418579,0.5899999737739563,0.6000000238418579,0.5565505027770996,706000
2022-06-13,0.5899999737739563,0.5899999737739563,0.5899999737739563,0.5899999737739563,0.5472745895385742,792000
2022-06-14,0.5899999737739563,0.5899999737739563,0.5899999737739563,0.5899999737739563,0.5472745895385742,570000
2022-06-15,0.5899999737739563,0.6000000238418579,0.5799999833106995,0.6000000238418579,0.5565505027770996,730000
2022-06-16,0.5899999737739563,0.6000000238418579,0.5899999737739563,0.6000000238418579,0.5565505027770996,558000
2022-06-17,0.5899999737739563,0.5899999737739563,0.5799999833106995,0.5899999737739563,0.5472745895385742,670000
2022-06-20,0.5899999737739563,0.6000000238418579,0.5899999737739563,0.6000000238418579,0.5565505027770996,548000
2022-06-21,0.5899999737739563,0.6000000238418579,0.5799999833106995,0.6000000238418579,0.5565505027770996,684000
2022-06-22,0.6000000238418579,0.6000000238418579,0.5799999833106995,0.5799999833106995,0.5379987359046936,1188000
2022-06-23,0.5899999737739563,0.6000000238418579,0.5899999737739563,0.6000000238418579,0.5565505027770996,718000
2022-06-24,0.5899999737739563,0.6000000238418579,0.5799999833106995,0.6000000238418579,0.5565505027770996,622000
2022-06-27,0.6000000238418579,0.6100000143051147,0.5899999737739563,0.6000000238418579,0.5565505027770996,1584000
2022-06-28,0.6000000238418579,0.6000000238418579,0.6000000238418579,0.6000000238418579,0.5565505027770996,608000
2022-06-29,0.6000000238418579,0.6000000238418579,0.5899999737739563,0.6000000238418579,0.5565505027770996,711875
2022-06-30,0.5899999737739563,0.6200000047683716,0.5899999737739563,0.6000000238418579,0.5565505027770996,1220000
2022-07-04,0.6100000143051147,0.6100000143051147,0.6100000143051147,0.6100000143051147,0.5658263564109802,0
2022-07-05,0.6100000143051147,0.6200000047683716,0.6100000143051147,0.6100000143051147,0.5658263564109802,1238074
2022-07-06,0.6100000143051147,0.6100000143051147,0.6100000143051147,0.6100000143051147,0.5658263564109802,512000
2022-07-07,0.6100000143051147,0.6100000143051147,0.6100000143051147,0.6100000143051147,0.5658263564109802,0
2022-07-08,0.6100000143051147,0.6100000143051147,0.6100000143051147,0.6100000143051147,0.5658263564109802,1002000
2022-07-11,0.6100000143051147,0.6100000143051147,0.6100000143051147,0.6100000143051147,0.5658263564109802,0
2022-07-12,0.6100000143051147,0.6200000047683716,0.6100000143051147,0.6200000047683716,0.5751021504402161,1034000
2022-07-13,0.6200000047683716,0.6200000047683716,0.5899999737739563,0.6100000143051147,0.5658263564109802,434000
2022-07-14,0.6000000238418579,0.6100000143051147,0.6000000238418579,0.6100000143051147,0.5658263564109802,916000
2022-07-15,0.6100000143051147,0.6100000143051147,0.6100000143051147,0.6100000143051147,0.5658263564109802,0
2022-07-18,0.6000000238418579,0.6000000238418579,0.6000000238418579,0.6000000238418579,0.5565505027770996,876000
2022-07-19,0.6000000238418579,0.6000000238418579,0.6000000238418579,0.6000000238418579,0.5565505027770996,0
2022-07-20,0.6000000238418579,0.6100000143051147,0.5899999737739563,0.6100000143051147,0.5658263564109802,920000
2022-07-21,0.6100000143051147,0.6100000143051147,0.6100000143051147,0.6100000143051147,0.5658263564109802,0
2022-07-22,0.6000000238418579,0.6100000143051147,0.6000000238418579,0.6100000143051147,0.5658263564109802,914000
2022-07-25,0.5899999737739563,0.6000000238418579,0.5899999737739563,0.6000000238418579,0.5565505027770996,8000
2022-07-26,0.6000000238418579,0.6000000238418579,0.6000000238418579,0.6000000238418579,0.5565505027770996,900000
2022-07-27,0.6000000238418579,0.6000000238418579,0.6000000238418579,0.6000000238418579,0.5565505027770996,0
2022-07-28,0.6000000238418579,0.6000000238418579,0.6000000238418579,0.6000000238418579,0.5565505027770996,910000
2022-07-29,0.6000000238418579,0.6000000238418579,0.6000000238418579,0.6000000238418579,0.5565505027770996,906000
2022-08-01,0.6000000238418579,0.6000000238418579,0.6000000238418579,0.6000000238418579,0.5565505027770996,0
2022-08-02,0.6000000238418579,0.6000000238418579,0.5799999833106995,0.5799999833106995,0.5379987359046936,1028000
2022-08-03,0.5799999833106995,0.6000000238418579,0.5799999833106995,0.5899999737739563,0.5472745895385742,450000
2022-08-04,0.6000000238418579,0.6000000238418579,0.5899999737739563,0.5899999737739563,0.5472745895385742,508000
2022-08-05,0.6000000238418579,0.6100000143051147,0.5899999737739563,0.5899999737739563,0.5472745895385742,510000
2022-08-08,0.6000000238418579,0.6000000238418579,0.5899999737739563,0.5899999737739563,0.5472745895385742,584000
2022-08-09,0.6000000238418579,0.6000000238418579,0.5899999737739563,0.6000000238418579,0.5565505027770996,550000
2022-08-10,0.6000000238418579,0.6000000238418579,0.5899999737739563,0.5899999737739563,0.5472745895385742,606000
2022-08-11,0.6000000238418579,0.6000000238418579,0.5899999737739563,0.6000000238418579,0.5565505027770996,612000
2022-08-12,0.6000000238418579,0.6000000238418579,0.5899999737739563,0.6000000238418579,0.5565505027770996,632000
2022-08-15,0.5899999737739563,0.5899999737739563,0.5899999737739563,0.5899999737739563,0.5472745895385742,0
2022-08-16,0.6000000238418579,0.6000000238418579,0.5899999737739563,0.6000000238418579,0.5565505027770996,1190000
2022-08-17,0.6000000238418579,0.6000000238418579,0.6000000238418579,0.6000000238418579,0.5565505027770996,0
2022-08-18,0.5899999737739563,0.6000000238418579,0.5899999737739563,0.5899999737739563,0.5472745895385742,184000
2022-08-19,0.6000000238418579,0.6000000238418579,0.5899999737739563,0.6000000238418579,0.5565505027770996,1444000
2022-08-22,0.5899999737739563,0.6000000238418579,0.5899999737739563,0.6000000238418579,0.5565505027770996,526000
2022-08-23,0.5899999737739563,0.6000000238418579,0.5899999737739563,0.5899999737739563,0.5472745895385742,320000
2022-08-24,0.5899999737739563,0.6000000238418579,0.5799999833106995,0.5899999737739563,0.5472745895385742,1676000
2022-08-25,0.5899999737739563,0.5899999737739563,0.5899999737739563,0.5899999737739563,0.5472745895385742,0
2022-08-26,0.5899999737739563,0.5899999737739563,0.5899999737739563,0.5899999737739563,0.5472745895385742,0
2022-08-29,0.5899999737739563,0.5899999737739563,0.5799999833106995,0.5899999737739563,0.5472745895385742,1212000
2022-08-30,0.5699999928474426,0.5899999737739563,0.5699999928474426,0.5899999737739563,0.5576719045639038,318200
2022-08-31,0.5799999833106995,0.5899999737739563,0.5699999928474426,0.5899999737739563,0.5576719045639038,1448000
2022-09-01,0.5899999737739563,0.5899999737739563,0.5899999737739563,0.5899999737739563,0.5576719045639038,0
2022-09-02,0.5799999833106995,0.5899999737739563,0.5699999928474426,0.5899999737739563,0.5576719045639038,1464000
2022-09-05,0.5899999737739563,0.5899999737739563,0.5899999737739563,0.5899999737739563,0.5576719045639038,0
2022-09-06,0.5699999928474426,0.5799999833106995,0.5699999928474426,0.5799999833106995,0.5482197999954224,1158000
2022-09-07,0.5799999833106995,0.5899999737739563,0.5799999833106995,0.5899999737739563,0.5576719045639038,1090000
2022-09-08,0.5899999737739563,0.5899999737739563,0.5699999928474426,0.5899999737739563,0.5576719045639038,854000
2022-09-09,0.5899999737739563,0.5899999737739563,0.5899999737739563,0.5899999737739563,0.5576719045639038,0
2022-09-13,0.5799999833106995,0.5899999737739563,0.5699999928474426,0.5899999737739563,0.5576719045639038,994000
2022-09-14,0.5699999928474426,0.5899999737739563,0.5699999928474426,0.5899999737739563,0.5576719045639038,116000
2022-09-15,0.5899999737739563,0.5899999737739563,0.5899999737739563,0.5899999737739563,0.5576719045639038,0
2022-09-16,0.5799999833106995,0.5899999737739563,0.5699999928474426,0.5899999737739563,0.5576719045639038,1152000
2022-09-19,0.5699999928474426,0.5899999737739563,0.5699999928474426,0.5899999737739563,0.5576719045639038,208000
2022-09-20,0.5799999833106995,0.5899999737739563,0.5699999928474426,0.5899999737739563,0.5576719045639038,1092000
2022-09-21,0.5699999928474426,0.5899999737739563,0.5699999928474426,0.5799999833106995,0.5482197999954224,72000
2022-09-22,0.5699999928474426,0.5799999833106995,0.5699999928474426,0.5799999833106995,0.5482197999954224,1438000
2022-09-23,0.5799999833106995,0.5799999833106995,0.5799999833106995,0.5799999833106995,0.5482197999954224,0
2022-09-26,0.5799999833106995,0.5899999737739563,0.5699999928474426,0.5899999737739563,0.5576719045639038,1332000
2022-09-27,0.5799999833106995,0.5799999833106995,0.5799999833106995,0.5799999833106995,0.5482197999954224,0
2022-09-28,0.5799999833106995,0.5799999833106995,0.5699999928474426,0.5799999833106995,0.5482197999954224,1835000
2022-09-29,0.5699999928474426,0.5799999833106995,0.5400000214576721,0.5699999928474426,0.5387677550315857,1172000
2022-09-30,0.5600000023841858,0.5699999928474426,0.550000011920929,0.5699999928474426,0.5387677550315857,1670000
2022-10-03,0.5600000023841858,0.5699999928474426,0.5400000214576721,0.5400000214576721,0.5104115605354309,722000
2022-10-05,0.5600000023841858,0.5699999928474426,0.5600000023841858,0.5699999928474426,0.5387677550315857,1054000
2022-10-06,0.5600000023841858,0.5699999928474426,0.550000011920929,0.5600000023841858,0.5293157696723938,2046000
2022-10-07,0.550000011920929,0.5600000023841858,0.5400000214576721,0.550000011920929,0.5198636651039124,1016000
2022-10-10,0.550000011920929,0.5600000023841858,0.5400000214576721,0.5600000023841858,0.5293157696723938,1324000
2022-10-11,0.5400000214576721,0.5600000023841858,0.5400000214576721,0.5600000023841858,0.5293157696723938,180000
2022-10-12,0.550000011920929,0.5600000023841858,0.5400000214576721,0.5600000023841858,0.5293157696723938,1438000
2022-10-13,0.5600000023841858,0.5600000023841858,0.5600000023841858,0.5600000023841858,0.5293157696723938,0
2022-10-14,0.5600000023841858,0.5699999928474426,0.550000011920929,0.5699999928474426,0.5387677550315857,1592000
2022-10-17,0.5699999928474426,0.5699999928474426,0.5699999928474426,0.5699999928474426,0.5387677550315857,0
2022-10-18,0.5699999928474426,0.5699999928474426,0.5699999928474426,0.5699999928474426,0.5387677550315857,0
2022-10-19,0.5600000023841858,0.5699999928474426,0.550000011920929,0.5699999928474426,0.5387677550315857,1210000
2022-10-20,0.5600000023841858,0.5699999928474426,0.5600000023841858,0.5699999928474426,0.5387677550315857,810000
2022-10-21,0.5699999928474426,0.5799999833106995,0.5600000023841858,0.5600000023841858,0.5293157696723938,551310
2022-10-24,0.5600000023841858,0.5699999928474426,0.550000011920929,0.550000011920929,0.5198636651039124,226000
2022-10-25,0.550000011920929,0.5600000023841858,0.550000011920929,0.5600000023841858,0.5293157696723938,434000
2022-10-26,0.5600000023841858,0.5699999928474426,0.550000011920929,0.5600000023841858,0.5293157696723938,290000
2022-10-27,0.5600000023841858,0.5600000023841858,0.5600000023841858,0.5600000023841858,0.5293157696723938,0
2022-10-28,0.5600000023841858,0.5600000023841858,0.550000011920929,0.5600000023841858,0.5293157696723938,502000
2022-10-31,0.5699999928474426,0.5699999928474426,0.5600000023841858,0.5699999928474426,0.5387677550315857,740000
2022-11-01,0.5600000023841858,0.5699999928474426,0.5600000023841858,0.5699999928474426,0.5387677550315857,22000
2022-11-02,0.5699999928474426,0.5699999928474426,0.5600000023841858,0.5699999928474426,0.5387677550315857,932000
2022-11-03,0.5600000023841858,0.5600000023841858,0.550000011920929,0.550000011920929,0.5198636651039124,792000
2022-11-04,0.550000011920929,0.5600000023841858,0.550000011920929,0.550000011920929,0.5198636651039124,256000
2022-11-07,0.550000011920929,0.550000011920929,0.5400000214576721,0.550000011920929,0.5198636651039124,1642000
2022-11-08,0.5400000214576721,0.550000011920929,0.5400000214576721,0.550000011920929,0.5198636651039124,750000
2022-11-09,0.5400000214576721,0.550000011920929,0.5400000214576721,0.5400000214576721,0.5104115605354309,444000
2022-11-10,0.5400000214576721,0.5400000214576721,0.5299999713897705,0.5400000214576721,0.5104115605354309,964000
2022-11-11,0.5400000214576721,0.5400000214576721,0.5299999713897705,0.5299999713897705,0.5009594559669495,654000
2022-11-14,0.5299999713897705,0.5299999713897705,0.5199999809265137,0.5299999713897705,0.5009594559669495,334000
2022-11-15,0.5299999713897705,0.5299999713897705,0.5199999809265137,0.5299999713897705,0.5009594559669495,1318000
2022-11-16,0.5299999713897705,0.5299999713897705,0.5299999713897705,0.5299999713897705,0.5009594559669495,0
2022-11-17,0.5299999713897705,0.5299999713897705,0.5199999809265137,0.5299999713897705,0.5009594559669495,210000
2022-11-18,0.5299999713897705,0.5299999713897705,0.5299999713897705,0.5299999713897705,0.5009594559669495,0
2022-11-21,0.5299999713897705,0.5299999713897705,0.5199999809265137,0.5299999713897705,0.5009594559669495,1582000
2022-11-22,0.5199999809265137,0.5299999713897705,0.5199999809265137,0.5299999713897705,0.5009594559669495,32000
2022-11-23,0.5299999713897705,0.5299999713897705,0.5199999809265137,0.5299999713897705,0.5009594559669495,1638000
2022-11-24,0.5299999713897705,0.550000011920929,0.5299999713897705,0.5400000214576721,0.5104115605354309,714000
2022-11-25,0.5299999713897705,0.5400000214576721,0.5299999713897705,0.5400000214576721,0.5104115605354309,2134000
2022-11-28,0.5199999809265137,0.5400000214576721,0.5199999809265137,0.5400000214576721,0.5104115605354309,196000
2022-11-29,0.5299999713897705,0.5400000214576721,0.5299999713897705,0.5400000214576721,0.5104115605354309,2054000
2022-11-30,0.5400000214576721,0.5400000214576721,0.5400000214576721,0.5400000214576721,0.5104115605354309,4000
2022-12-01,0.5299999713897705,0.5400000214576721,0.5199999809265137,0.5299999713897705,0.5009594559669495,1422000
2022-12-02,0.5299999713897705,0.5299999713897705,0.5199999809265137,0.5299999713897705,0.5009594559669495,1424000
2022-12-05,0.5299999713897705,0.5400000214576721,0.5299999713897705,0.5400000214576721,0.5104115605354309,128000
2022-12-06,0.5400000214576721,0.5400000214576721,0.5199999809265137,0.5400000214576721,0.5104115605354309,2182000
2022-12-07,0.5400000214576721,0.5400000214576721,0.5199999809265137,0.5299999713897705,0.5009594559669495,118000
2022-12-08,0.5299999713897705,0.5400000214576721,0.5199999809265137,0.5299999713897705,0.5009594559669495,1620000
2022-12-09,0.5299999713897705,0.5299999713897705,0.5299999713897705,0.5299999713897705,0.5009594559669495,0
2022-12-12,0.5299999713897705,0.5299999713897705,0.5199999809265137,0.5299999713897705,0.5009594559669495,1826000
2022-12-13,0.5299999713897705,0.5299999713897705,0.5199999809265137,0.5299999713897705,0.5009594559669495,132000
2022-12-14,0.5299999713897705,0.5299999713897705,0.5199999809265137,0.5299999713897705,0.5009594559669495,1714000
2022-12-15,0.5230000019073486,0.5230000019073486,0.5230000019073486,0.5230000019073486,0.5006723403930664,0
2022-12-16,0.5199999809265137,0.5299999713897705,0.5199999809265137,0.5299999713897705,0.5073733925819397,1730000
2022-12-19,0.5299999713897705,0.5400000214576721,0.5199999809265137,0.5299999713897705,0.5073733925819397,2362000
2022-12-20,0.5299999713897705,0.5299999713897705,0.5299999713897705,0.5299999713897705,0.5073733925819397,0
2022-12-21,0.5199999809265137,0.5299999713897705,0.5199999809265137,0.5299999713897705,0.5073733925819397,64000
2022-12-22,0.5199999809265137,0.5299999713897705,0.5199999809265137,0.5299999713897705,0.5073733925819397,43986
2022-12-23,0.5299999713897705,0.5299999713897705,0.5299999713897705,0.5299999713897705,0.5073733925819397,0
2022-12-28,0.5199999809265137,0.5299999713897705,0.5199999809265137,0.5299999713897705,0.5073733925819397,30000
2022-12-29,0.5299999713897705,0.5299999713897705,0.5299999713897705,0.5299999713897705,0.5073733925819397,0
2022-12-30,0.5400000214576721,0.5400000214576721,0.5199999809265137,0.5400000214576721,0.51694655418396,50000
2023-01-03,0.5299999713897705,0.6000000238418579,0.5199999809265137,0.5400000214576721,0.51694655418396,1364000
2023-01-04,0.5400000214576721,0.5400000214576721,0.5299999713897705,0.5299999713897705,0.5073733925819397,300000
2023-01-05,0.5299999713897705,0.5299999713897705,0.5299999713897705,0.5299999713897705,0.5073733925819397,220000
2023-01-06,0.5299999713897705,0.5299999713897705,0.5299999713897705,0.5299999713897705,0.5073733925819397,0
2023-01-09,0.5299999713897705,0.5299999713897705,0.5299999713897705,0.5299999713897705,0.5073733925819397,0
2023-01-10,0.5299999713897705,0.5299999713897705,0.5299999713897705,0.5299999713897705,0.5073733925819397,0
2023-01-11,0.5299999713897705,0.5799999833106995,0.5199999809265137,0.5299999713897705,0.5073733925819397,2848000
2023-01-12,0.5299999713897705,0.5299999713897705,0.5199999809265137,0.5299999713897705,0.5073733925819397,82000
2023-01-13,0.5299999713897705,0.5299999713897705,0.5199999809265137,0.5299999713897705,0.5073733925819397,166000
2023-01-16,0.5299999713897705,0.5299999713897705,0.5199999809265137,0.5299999713897705,0.5073733925819397,222000
2023-01-17,0.5299999713897705,0.5299999713897705,0.5299999713897705,0.5299999713897705,0.5073733925819397,0
2023-01-18,0.5299999713897705,0.5299999713897705,0.5299999713897705,0.5299999713897705,0.5073733925819397,0
2023-01-19,0.5299999713897705,0.5299999713897705,0.5299999713897705,0.5299999713897705,0.5073733925819397,0
2023-01-20,0.5199999809265137,0.5299999713897705,0.5199999809265137,0.5299999713897705,0.5073733925819397,142000
2023-01-26,0.5299999713897705,0.5400000214576721,0.5199999809265137,0.5299999713897705,0.5073733925819397,376000
2023-01-27,0.5299999713897705,0.5400000214576721,0.5299999713897705,0.5400000214576721,0.51694655418396,16000
2023-01-30,0.5199999809265137,0.5299999713897705,0.5199999809265137,0.5299999713897705,0.5073733925819397,126000
2023-01-31,0.5299999713897705,0.5299999713897705,0.5199999809265137,0.5299999713897705,0.5073733925819397,426000
2023-02-01,0.5199999809265137,0.5299999713897705,0.5199999809265137,0.5299999713897705,0.5073733925819397,82000
2023-02-02,0.5299999713897705,0.5299999713897705,0.5199999809265137,0.5199999809265137,0.49780037999153137,506000
2023-02-03,0.5299999713897705,0.5299999713897705,0.5199999809265137,0.5299999713897705,0.5073733925819397,18000
2023-02-06,0.5299999713897705,0.5299999713897705,0.5199999809265137,0.5299999713897705,0.5073733925819397,750000
2023-02-07,0.5299999713897705,0.5299999713897705,0.5299999713897705,0.5299999713897705,0.5073733925819397,0
2023-02-08,0.5199999809265137,0.5299999713897705,0.5199999809265137,0.5299999713897705,0.5073733925819397,106000
2023-02-09,0.5299999713897705,0.5299999713897705,0.5299999713897705,0.5299999713897705,0.5073733925819397,0
2023-02-10,0.5199999809265137,0.5299999713897705,0.5099999904632568,0.5099999904632568,0.48822730779647827,1454000
2023-02-13,0.5199999809265137,0.5299999713897705,0.5099999904632568,0.5299999713897705,0.5073733925819397,102000
2023-02-14,0.5299999713897705,0.5299999713897705,0.5299999713897705,0.5299999713897705,0.5073733925819397,0
2023-02-15,0.5299999713897705,0.5299999713897705,0.5099999904632568,0.5299999713897705,0.5073733925819397,24000
2023-02-16,0.5199999809265137,0.5299999713897705,0.5099999904632568,0.5299999713897705,0.5073733925819397,184000
2023-02-17,0.5299999713897705,0.5299999713897705,0.5299999713897705,0.5299999713897705,0.5073733925819397,0
2023-02-20,0.5099999904632568,0.5299999713897705,0.5099999904632568,0.5299999713897705,0.5073733925819397,42100
2023-02-21,0.5199999809265137,0.5299999713897705,0.5099999904632568,0.5299999713897705,0.5073733925819397,886000
2023-02-22,0.5099999904632568,0.5199999809265137,0.5099999904632568,0.5199999809265137,0.49780037999153137,208000
2023-02-23,0.5099999904632568,0.5299999713897705,0.5099999904632568,0.5299999713897705,0.5073733925819397,102000
2023-02-24,0.5199999809265137,0.5299999713897705,0.5099999904632568,0.5199999809265137,0.49780037999153137,956200
2023-02-27,0.5199999809265137,0.5199999809265137,0.5099999904632568,0.5199999809265137,0.49780037999153137,1090000
2023-02-28,0.5199999809265137,0.5199999809265137,0.5099999904632568,0.5199999809265137,0.49780037999153137,1042000
2023-03-01,0.5199999809265137,0.5199999809265137,0.5199999809265137,0.5199999809265137,0.49780037999153137,0
2023-03-02,0.5199999809265137,0.5199999809265137,0.5099999904632568,0.5199999809265137,0.49780037999153137,1102000
2023-03-03,0.5199999809265137,0.5199999809265137,0.5199999809265137,0.5199999809265137,0.49780037999153137,0
2023-03-06,0.5199999809265137,0.5199999809265137,0.5199999809265137,0.5199999809265137,0.49780037999153137,0
2023-03-07,0.5299999713897705,0.5299999713897705,0.5099999904632568,0.5199999809265137,0.49780037999153137,72737
2023-03-08,0.5099999904632568,0.5299999713897705,0.5099999904632568,0.5199999809265137,0.49780037999153137,1114000
2023-03-09,0.5199999809265137,0.5199999809265137,0.5099999904632568,0.5199999809265137,0.49780037999153137,1260000
2023-03-10,0.5099999904632568,0.5299999713897705,0.5099999904632568,0.5199999809265137,0.49780037999153137,44000
2023-03-13,0.5199999809265137,0.5199999809265137,0.5199999809265137,0.5199999809265137,0.49780037999153137,0
2023-03-14,0.5099999904632568,0.5199999809265137,0.5099999904632568,0.5199999809265137,0.49780037999153137,86000
2023-03-15,0.5199999809265137,0.5199999809265137,0.5199999809265137,0.5199999809265137,0.49780037999153137,0
2023-03-16,0.5099999904632568,0.5199999809265137,0.5099999904632568,0.5199999809265137,0.49780037999153137,990000
2023-03-17,0.5199999809265137,0.5199999809265137,0.5199999809265137,0.5199999809265137,0.49780037999153137,40000
2023-03-20,0.5099999904632568,0.5199999809265137,0.5099999904632568,0.5199999809265137,0.49780037999153137,130000
2023-03-21,0.5199999809265137,0.5299999713897705,0.5099999904632568,0.5199999809265137,0.49780037999153137,454000
2023-03-22,0.5199999809265137,0.5199999809265137,0.5199999809265137,0.5199999809265137,0.49780037999153137,0
2023-03-23,0.5199999809265137,0.5199999809265137,0.5199999809265137,0.5199999809265137,0.49780037999153137,0
2023-03-24,0.5199999809265137,0.5199999809265137,0.5199999809265137,0.5199999809265137,0.49780037999153137,0
2023-03-27,0.5199999809265137,0.5199999809265137,0.5199999809265137,0.5199999809265137,0.49780037999153137,0
2023-03-28,0.5199999809265137,0.5199999809265137,0.5199999809265137,0.5199999809265137,0.49780037999153137,0
2023-03-29,0.5199999809265137,0.5199999809265137,0.5199999809265137,0.5199999809265137,0.49780037999153137,0
2023-03-30,0.5199999809265137,0.5199999809265137,0.5099999904632568,0.5199999809265137,0.49780037999153137,580000
2023-03-31,0.5199999809265137,0.5199999809265137,0.5099999904632568,0.5199999809265137,0.49780037999153137,636000
2023-04-03,0.5199999809265137,0.5199999809265137,0.5199999809265137,0.5199999809265137,0.49780037999153137,0
2023-04-04,0.5199999809265137,0.5199999809265137,0.5099999904632568,0.5199999809265137,0.49780037999153137,620000
2023-04-06,0.5199999809265137,0.5199999809265137,0.5199999809265137,0.5199999809265137,0.49780037999153137,0
2023-04-11,0.5199999809265137,0.5199999809265137,0.5099999904632568,0.5199999809265137,0.49780037999153137,666000
2023-04-12,0.5199999809265137,0.5199999809265137,0.5199999809265137,0.5199999809265137,0.49780037999153137,0
2023-04-13,0.5199999809265137,0.5199999809265137,0.5099999904632568,0.5199999809265137,0.49780037999153137,712000
2023-04-14,0.5199999809265137,0.5199999809265137,0.5199999809265137,0.5199999809265137,0.49780037999153137,0
2023-04-17,0.5199999809265137,0.5199999809265137,0.5099999904632568,0.5199999809265137,0.49780037999153137,758000
2023-04-18,0.5199999809265137,0.5199999809265137,0.5199999809265137,0.5199999809265137,0.49780037999153137,0
2023-04-19,0.5199999809265137,0.5199999809265137,0.5099999904632568,0.5199999809265137,0.49780037999153137,814000
2023-04-20,0.5199999809265137,0.5199999809265137,0.5199999809265137,0.5199999809265137,0.49780037999153137,0
2023-04-21,0.5199999809265137,0.5199999809265137,0.5099999904632568,0.5199999809265137,0.49780037999153137,826000
2023-04-24,0.5099999904632568,0.5299999713897705,0.5099999904632568,0.5199999809265137,0.49780037999153137,158000
2023-04-25,0.5199999809265137,0.5199999809265137,0.5099999904632568,0.5199999809265137,0.49780037999153137,812000
2023-04-26,0.5199999809265137,0.5199999809265137,0.5199999809265137,0.5199999809265137,0.49780037999153137,0
2023-04-27,0.5199999809265137,0.5199999809265137,0.5099999904632568,0.5199999809265137,0.49780037999153137,968000
2023-04-28,0.5199999809265137,0.5199999809265137,0.5099999904632568,0.5199999809265137,0.49780037999153137,1008000
2023-05-02,0.5199999809265137,0.5199999809265137,0.5199999809265137,0.5199999809265137,0.49780037999153137,0
2023-05-03,0.5199999809265137,0.5199999809265137,0.5099999904632568,0.5199999809265137,0.49780037999153137,1160000
2023-05-04,0.5199999809265137,0.5199999809265137,0.5199999809265137,0.5199999809265137,0.49780037999153137,0
2023-05-05,0.5199999809265137,0.5199999809265137,0.5099999904632568,0.5199999809265137,0.49780037999153137,706000
2023-05-08,0.5199999809265137,0.5299999713897705,0.5099999904632568,0.5199999809265137,0.49780037999153137,812000
2023-05-09,0.5199999809265137,0.5199999809265137,0.5099999904632568,0.5199999809265137,0.49780037999153137,492000
2023-05-10,0.5199999809265137,0.5199999809265137,0.5199999809265137,0.5199999809265137,0.49780037999153137,0
2023-05-11,0.5199999809265137,0.5199999809265137,0.5099999904632568,0.5199999809265137,0.49780037999153137,494000
2023-05-12,0.5199999809265137,0.5199999809265137,0.5099999904632568,0.5199999809265137,0.49780037999153137,776000
2023-05-15,0.5199999809265137,0.5199999809265137,0.5099999904632568,0.5199999809265137,0.49780037999153137,526000
2023-05-16,0.5199999809265137,0.5199999809265137,0.5099999904632568,0.5199999809265137,0.49780037999153137,796000
2023-05-17,0.5199999809265137,0.5199999809265137,0.5099999904632568,0.5199999809265137,0.49780037999153137,688000
2023-05-18,0.5199999809265137,0.5299999713897705,0.5099999904632568,0.5099999904632568,0.48822730779647827,816000
2023-05-19,0.5199999809265137,0.5199999809265137,0.5099999904632568,0.5099999904632568,0.48822730779647827,1034000
2023-05-22,0.5099999904632568,0.5199999809265137,0.5099999904632568,0.5099999904632568,0.48822730779647827,914000
2023-05-23,0.5099999904632568,0.5199999809265137,0.5,0.5099999904632568,0.48822730779647827,656000
2023-05-24,0.5099999904632568,0.5099999904632568,0.5099999904632568,0.5099999904632568,0.48822730779647827,0
2023-05-25,0.5099999904632568,0.5199999809265137,0.5,0.5,0.4786542057991028,912000
2023-05-29,0.5199999809265137,0.5199999809265137,0.5,0.5099999904632568,0.48822730779647827,28000
2023-05-30,0.5099999904632568,0.5099999904632568,0.5,0.5099999904632568,0.48822730779647827,754000
2023-05-31,0.5,0.5,0.47999998927116394,0.5,0.4786542057991028,1496000
2023-06-01,0.5,0.5,0.5,0.5,0.4786542057991028,0
2023-06-02,0.5,0.5,0.5,0.5,0.4786542057991028,1422000
2023-06-05,0.5,0.5,0.5,0.5,0.4786542057991028,0
2023-06-06,0.4950000047683716,0.4950000047683716,0.4399999976158142,0.44999998807907104,0.4307887852191925,2968000
2023-06-07,0.4699999988079071,0.5299999713897705,0.4699999988079071,0.5,0.4786542057991028,652000
2023-06-08,0.5,0.5099999904632568,0.47999998927116394,0.5099999904632568,0.48822730779647827,1434420
2023-06-09,0.5099999904632568,0.5099999904632568,0.5099999904632568,0.5099999904632568,0.48822730779647827,0
2023-06-12,0.5199999809265137,0.5199999809265137,0.5199999809265137,0.5199999809265137,0.49780037999153137,0
2023-06-13,0.5099999904632568,0.5199999809265137,0.4950000047683716,0.5199999809265137,0.49780037999153137,1076000
2023-06-14,0.5,0.5099999904632568,0.47999998927116394,0.5099999904632568,0.48822730779647827,1236000
2023-06-15,0.5099999904632568,0.5099999904632568,0.47999998927116394,0.5099999904632568,0.48822730779647827,1016000
2023-06-16,0.5099999904632568,0.5199999809265137,0.49000000953674316,0.5,0.4786542057991028,1274000
2023-06-19,0.5,0.5,0.5,0.5,0.4786542057991028,0
2023-06-20,0.5199999809265137,0.5199999809265137,0.4950000047683716,0.5,0.4786542057991028,1210000
2023-06-21,0.5,0.5099999904632568,0.5,0.5099999904632568,0.48822730779647827,1104000
2023-06-23,0.5099999904632568,0.5099999904632568,0.5099999904632568,0.5099999904632568,0.48822730779647827,0
2023-06-26,0.5,0.5099999904632568,0.49000000953674316,0.5099999904632568,0.48822730779647827,1126000
2023-06-27,0.5,0.5099999904632568,0.49000000953674316,0.5099999904632568,0.48822730779647827,1220000
2023-06-28,0.4950000047683716,0.5099999904632568,0.4950000047683716,0.5,0.4786542057991028,1168000
2023-06-29,0.5,0.5099999904632568,0.5,0.5,0.4786542057991028,230000
2023-06-30,0.5,0.5,0.5,0.5,0.4786542057991028,0
2023-07-03,0.5,0.5099999904632568,0.49000000953674316,0.5099999904632568,0.48822730779647827,2550000
2023-07-04,0.5099999904632568,0.5099999904632568,0.5099999904632568,0.5099999904632568,0.48822730779647827,0
2023-07-05,0.5,0.5,0.47999998927116394,0.5,0.4786542057991028,2590000
2023-07-06,0.5,0.5,0.5,0.5,0.4786542057991028,0
2023-07-07,0.5,0.5099999904632568,0.48500001430511475,0.5,0.4786542057991028,2560000
2023-07-10,0.5,0.5,0.5,0.5,0.4786542057991028,0
2023-07-11,0.5,0.5099999904632568,0.48500001430511475,0.5,0.4786542057991028,2536000
2023-07-12,0.5,0.5,0.5,0.5,0.4786542057991028,0
2023-07-13,0.5,0.5099999904632568,0.48500001430511475,0.5099999904632568,0.48822730779647827,2598000
2023-07-14,0.5099999904632568,0.5099999904632568,0.5099999904632568,0.5099999904632568,0.48822730779647827,0
2023-07-18,0.5,0.5099999904632568,0.49000000953674316,0.5,0.4786542057991028,2566000
2023-07-19,0.49000000953674316,0.5,0.49000000953674316,0.5,0.4786542057991028,50000
2023-07-20,0.5,0.5099999904632568,0.49000000953674316,0.5,0.4786542057991028,2620000
2023-07-21,0.5,0.5,0.5,0.5,0.4786542057991028,0
2023-07-24,0.4950000047683716,0.5,0.49000000953674316,0.5,0.4786542057991028,2596000
2023-07-25,0.5,0.5,0.4950000047683716,0.5,0.4786542057991028,232000
2023-07-26,0.49000000953674316,0.5,0.49000000953674316,0.5,0.4786542057991028,1120000
2023-07-27,0.5,0.5,0.49000000953674316,0.5,0.4786542057991028,1676000
2023-07-28,0.5,0.5099999904632568,0.4950000047683716,0.5099999904632568,0.48822730779647827,1544000
2023-07-31,0.5099999904632568,0.5199999809265137,0.4950000047683716,0.5099999904632568,0.48822730779647827,1282000
2023-08-01,0.5099999904632568,0.5099999904632568,0.5099999904632568,0.5099999904632568,0.48822730779647827,0
2023-08-02,0.5099999904632568,0.5199999809265137,0.5099999904632568,0.5099999904632568,0.48822730779647827,1098000
2023-08-03,0.5099999904632568,0.5199999809265137,0.5099999904632568,0.5199999809265137,0.49780037999153137,132000
2023-08-04,0.5099999904632568,0.5099999904632568,0.5099999904632568,0.5099999904632568,0.48822730779647827,1158000
2023-08-07,0.5099999904632568,0.5099999904632568,0.5099999904632568,0.5099999904632568,0.48822730779647827,0
2023-08-08,0.5099999904632568,0.5199999809265137,0.5,0.5199999809265137,0.49780037999153137,1270000
2023-08-09,0.4950000047683716,0.5199999809265137,0.4950000047683716,0.5,0.4786542057991028,64200
2023-08-10,0.5099999904632568,0.5199999809265137,0.5099999904632568,0.5199999809265137,0.49780037999153137,1194000
2023-08-11,0.5199999809265137,0.5199999809265137,0.5199999809265137,0.5199999809265137,0.49780037999153137,0
2023-08-14,0.5199999809265137,0.6200000047683716,0.5099999904632568,0.5199999809265137,0.49780037999153137,1048000
2023-08-15,0.5199999809265137,0.5199999809265137,0.5199999809265137,0.5199999809265137,0.49780037999153137,0
2023-08-16,0.5299999713897705,0.5299999713897705,0.5299999713897705,0.5299999713897705,0.5073733925819397,0
2023-08-17,0.5199999809265137,0.550000011920929,0.5199999809265137,0.5199999809265137,0.49780037999153137,854000
2023-08-18,0.5299999713897705,0.5299999713897705,0.5099999904632568,0.5199999809265137,0.49780037999153137,1744000
2023-08-21,0.5199999809265137,0.5199999809265137,0.5,0.5199999809265137,0.49780037999153137,24000
2023-08-22,0.5199999809265137,0.5199999809265137,0.5099999904632568,0.5099999904632568,0.48822730779647827,1812000
2023-08-23,0.5099999904632568,0.5099999904632568,0.5099999904632568,0.5099999904632568,0.48822730779647827,0
2023-08-24,0.5199999809265137,0.5299999713897705,0.48500001430511475,0.5,0.4786542057991028,2038000
2023-08-25,0.49000000953674316,0.5299999713897705,0.49000000953674316,0.5299999713897705,0.5182568430900574,1208000
2023-08-28,0.5199999809265137,0.5299999713897705,0.5,0.5299999713897705,0.5182568430900574,554000
2023-08-29,0.5299999713897705,0.5299999713897705,0.5299999713897705,0.5299999713897705,0.5182568430900574,0
2023-08-30,0.5299999713897705,0.5299999713897705,0.5299999713897705,0.5299999713897705,0.5182568430900574,0
2023-08-31,0.5199999809265137,0.5299999713897705,0.5099999904632568,0.5299999713897705,0.5182568430900574,504000
2023-09-04,0.5099999904632568,0.5299999713897705,0.5099999904632568,0.5299999713897705,0.5182568430900574,46000
2023-09-05,0.5199999809265137,0.5299999713897705,0.5099999904632568,0.5299999713897705,0.5182568430900574,558000
2023-09-06,0.5099999904632568,0.5299999713897705,0.5099999904632568,0.5299999713897705,0.5182568430900574,86000
2023-09-07,0.5199999809265137,0.5299999713897705,0.5099999904632568,0.5299999713897705,0.5182568430900574,406000
2023-09-11,0.5199999809265137,0.5299999713897705,0.5099999904632568,0.5299999713897705,0.5182568430900574,264000
2023-09-12,0.5199999809265137,0.5299999713897705,0.5099999904632568,0.5299999713897705,0.5182568430900574,706000
2023-09-13,0.5199999809265137,0.5299999713897705,0.5099999904632568,0.5299999713897705,0.5182568430900574,318000
2023-09-14,0.5099999904632568,0.5299999713897705,0.5099999904632568,0.5299999713897705,0.5182568430900574,656000
2023-09-15,0.5199999809265137,0.5299999713897705,0.5099999904632568,0.5299999713897705,0.5182568430900574,476000
2023-09-18,0.5199999809265137,0.5299999713897705,0.5099999904632568,0.5299999713897705,0.5182568430900574,528000
2023-09-19,0.5199999809265137,0.5299999713897705,0.5099999904632568,0.5299999713897705,0.5182568430900574,526000
2023-09-20,0.5199999809265137,0.5299999713897705,0.5099999904632568,0.5299999713897705,0.5182568430900574,788000
2023-09-21,0.5199999809265137,0.5299999713897705,0.5099999904632568,0.5299999713897705,0.5182568430900574,550000
2023-09-22,0.5299999713897705,0.5299999713897705,0.5099999904632568,0.5299999713897705,0.5182568430900574,874000
2023-09-25,0.5199999809265137,0.5299999713897705,0.5099999904632568,0.5299999713897705,0.5182568430900574,530000
2023-09-26,0.5199999809265137,0.5299999713897705,0.5199999809265137,0.5299999713897705,0.5182568430900574,952000
2023-09-27,0.5099999904632568,0.5299999713897705,0.4699999988079071,0.5299999713897705,0.5182568430900574,2704000
2023-09-28,0.5299999713897705,0.5299999713897705,0.5099999904632568,0.5299999713897705,0.5182568430900574,966000
2023-09-29,0.5099999904632568,0.5299999713897705,0.5099999904632568,0.5299999713897705,0.5182568430900574,654000
2023-10-03,0.5099999904632568,0.5199999809265137,0.5,0.5199999809265137,0.5084784030914307,1564000
2023-10-04,0.5,0.5299999713897705,0.5,0.5299999713897705,0.5182568430900574,2634000
2023-10-05,0.5299999713897705,0.5299999713897705,0.5299999713897705,0.5299999713897705,0.5182568430900574,0
2023-10-06,0.5099999904632568,0.5299999713897705,0.5099999904632568,0.5299999713897705,0.5182568430900574,770000
2023-10-09,0.5199999809265137,0.5299999713897705,0.5099999904632568,0.5299999713897705,0.5182568430900574,1060000
2023-10-10,0.5299999713897705,0.5299999713897705,0.5299999713897705,0.5299999713897705,0.5182568430900574,0
2023-10-11,0.5199999809265137,0.5299999713897705,0.5099999904632568,0.5299999713897705,0.5182568430900574,1086000
2023-10-12,0.5099999904632568,0.5299999713897705,0.5099999904632568,0.5299999713897705,0.5182568430900574,68000
2023-10-13,0.5199999809265137,0.5299999713897705,0.5099999904632568,0.5299999713897705,0.5182568430900574,906000
2023-10-16,0.5299999713897705,0.5299999713897705,0.5299999713897705,0.5299999713897705,0.5182568430900574,0
2023-10-17,0.5099999904632568,0.5299999713897705,0.5099999904632568,0.5299999713897705,0.5182568430900574,1236000
2023-10-18,0.5199999809265137,0.5299999713897705,0.5199999809265137,0.5299999713897705,0.5182568430900574,204000
2023-10-19,0.5199999809265137,0.5299999713897705,0.5199999809265137,0.5299999713897705,0.5182568430900574,968000
2023-10-20,0.5299999713897705,0.5299999713897705,0.5299999713897705,0.5299999713897705,0.5182568430900574,0
2023-10-24,0.5199999809265137,0.5299999713897705,0.5099999904632568,0.5299999713897705,0.5182568430900574,1526000
2023-10-25,0.5299999713897705,0.5299999713897705,0.5299999713897705,0.5299999713897705,0.5182568430900574,160000
2023-10-26,0.5299999713897705,0.5299999713897705,0.5199999809265137,0.5199999809265137,0.5084784030914307,1688000
2023-10-27,0.5199999809265137,0.5299999713897705,0.5099999904632568,0.5199999809265137,0.5084784030914307,1228000
2023-10-30,0.5299999713897705,0.5299999713897705,0.5099999904632568,0.5199999809265137,0.5084784030914307,50000
2023-10-31,0.5199999809265137,0.5299999713897705,0.5199999809265137,0.5199999809265137,0.5084784030914307,284000
2023-11-01,0.5199999809265137,0.5199999809265137,0.5199999809265137,0.5199999809265137,0.5084784030914307,50000
2023-11-02,0.5199999809265137,0.5299999713897705,0.5199999809265137,0.5199999809265137,0.5084784030914307,286000
2023-11-03,0.5199999809265137,0.5199999809265137,0.5199999809265137,0.5199999809265137,0.5084784030914307,0
2023-11-06,0.5199999809265137,0.5299999713897705,0.5199999809265137,0.5199999809265137,0.5084784030914307,480000
2023-11-07,0.5199999809265137,0.5199999809265137,0.5199999809265137,0.5199999809265137,0.5084784030914307,0
2023-11-08,0.5199999809265137,0.5299999713897705,0.5199999809265137,0.5299999713897705,0.5182568430900574,486000
2023-11-09,0.5299999713897705,0.5299999713897705,0.5299999713897705,0.5299999713897705,0.5182568430900574,0
2023-11-10,0.5199999809265137,0.5199999809265137,0.5099999904632568,0.5199999809265137,0.5084784030914307,488000
2023-11-13,0.5099999904632568,0.5199999809265137,0.5099999904632568,0.5199999809265137,0.5084784030914307,118000
2023-11-14,0.5199999809265137,0.5299999713897705,0.5099999904632568,0.5199999809265137,0.5084784030914307,522000
2023-11-15,0.5199999809265137,0.5199999809265137,0.5199999809265137,0.5199999809265137,0.5084784030914307,0
2023-11-16,0.5199999809265137,0.5299999713897705,0.5099999904632568,0.5199999809265137,0.5084784030914307,510000
2023-11-17,0.5199999809265137,0.5199999809265137,0.5199999809265137,0.5199999809265137,0.5084784030914307,0
2023-11-20,0.5099999904632568,0.5199999809265137,0.5099999904632568,0.5199999809265137,0.5084784030914307,590000
2023-11-21,0.5199999809265137,0.5199999809265137,0.5199999809265137,0.5199999809265137,0.5084784030914307,0
2023-11-22,0.5199999809265137,0.5199999809265137,0.5099999904632568,0.5199999809265137,0.5084784030914307,608000
2023-11-23,0.5199999809265137,0.5199999809265137,0.5099999904632568,0.5199999809265137,0.5084784030914307,290000
2023-11-24,0.5199999809265137,0.5199999809265137,0.5099999904632568,0.5199999809265137,0.5084784030914307,776000
2023-11-27,0.5099999904632568,0.5199999809265137,0.5099999904632568,0.5199999809265137,0.5084784030914307,1406000
2023-11-28,0.5199999809265137,0.5199999809265137,0.5199999809265137,0.5199999809265137,0.5084784030914307,0
2023-11-29,0.5099999904632568,0.5299999713897705,0.5,0.5199999809265137,0.5084784030914307,3055000
2023-11-30,0.5199999809265137,0.5199999809265137,0.5099999904632568,0.5199999809265137,0.5084784030914307,1328000
2023-12-01,0.5199999809265137,0.5199999809265137,0.5199999809265137,0.5199999809265137,0.5084784030914307,0
2023-12-04,0.5199999809265137,0.5199999809265137,0.5099999904632568,0.5199999809265137,0.5084784030914307,1814000
2023-12-05,0.5199999809265137,0.5199999809265137,0.5199999809265137,0.5199999809265137,0.5084784030914307,0
2023-12-06,0.5199999809265137,0.5199999809265137,0.5099999904632568,0.5199999809265137,0.5084784030914307,1670000
2023-12-07,0.5199999809265137,0.5199999809265137,0.5199999809265137,0.5199999809265137,0.5084784030914307,0
2023-12-08,0.5199999809265137,0.5199999809265137,0.5099999904632568,0.5199999809265137,0.5084784030914307,1920000
2023-12-11,0.5199999809265137,0.5199999809265137,0.5199999809265137,0.5199999809265137,0.5084784030914307,0
2023-12-12,0.5199999809265137,0.5199999809265137,0.5099999904632568,0.5199999809265137,0.5084784030914307,1938000
2023-12-13,0.5099999904632568,0.5199999809265137,0.5,0.5199999809265137,0.5084784030914307,1190000
2023-12-14,0.5099999904632568,0.5199999809265137,0.5099999904632568,0.5099999904632568,0.49869999289512634,1747256
2023-12-15,0.5199999809265137,0.5199999809265137,0.5099999904632568,0.5099999904632568,0.49869999289512634,38000
2023-12-18,0.5099999904632568,0.5199999809265137,0.5099999904632568,0.5099999904632568,0.49869999289512634,2262000
2023-12-19,0.48500001430511475,0.5,0.48500001430511475,0.5,0.5,382000
2023-12-20,0.5,0.5099999904632568,0.4950000047683716,0.5,0.5,2534000
2023-12-21,0.5,0.5,0.5,0.5,0.5,0
2023-12-22,0.4950000047683716,0.5,0.49000000953674316,0.5,0.5,2604000
2023-12-27,0.5,0.5199999809265137,0.49000000953674316,0.49000000953674316,0.49000000953674316,660000
2023-12-28,0.48500001430511475,0.5,0.48500001430511475,0.5,0.5,4266000
2023-12-29,0.5,0.5,0.49000000953674316,0.49000000953674316,0.49000000953674316,3866000
2024-01-02,0.49000000953674316,0.49000000953674316,0.49000000953674316,0.49000000953674316,0.49000000953674316,0
2024-01-03,0.49000000953674316,0.5,0.49000000953674316,0.49000000953674316,0.49000000953674316,4124000
2024-01-04,0.49000000953674316,0.49000000953674316,0.49000000953674316,0.49000000953674316,0.49000000953674316,0
2024-01-05,0.4950000047683716,0.4950000047683716,0.49000000953674316,0.4950000047683716,0.4950000047683716,4046000
2024-01-08,0.4950000047683716,0.4950000047683716,0.4950000047683716,0.4950000047683716,0.4950000047683716,0
2024-01-09,0.4950000047683716,0.5,0.49000000953674316,0.4950000047683716,0.4950000047683716,3884000
2024-01-10,0.49000000953674316,0.5,0.49000000953674316,0.4950000047683716,0.4950000047683716,40000
2024-01-11,0.4950000047683716,0.4950000047683716,0.48500001430511475,0.49000000953674316,0.49000000953674316,4520000
2024-01-12,0.48500001430511475,0.4950000047683716,0.4749999940395355,0.4749999940395355,0.4749999940395355,2324000
2024-01-15,0.48500001430511475,0.48500001430511475,0.48500001430511475,0.48500001430511475,0.48500001430511475,0
2024-01-16,0.4749999940395355,0.4749999940395355,0.4749999940395355,0.4749999940395355,0.4749999940395355,0
2024-01-17,0.4699999988079071,0.48500001430511475,0.4650000035762787,0.47999998927116394,0.47999998927116394,18000
2024-01-18,0.47999998927116394,0.47999998927116394,0.47999998927116394,0.47999998927116394,0.47999998927116394,0
2024-01-19,0.4650000035762787,0.4650000035762787,0.4650000035762787,0.4650000035762787,0.4650000035762787,0
2024-01-22,0.46000000834465027,0.4699999988079071,0.4449999928474426,0.44999998807907104,0.44999998807907104,41486
2024-01-23,0.46000000834465027,0.47999998927116394,0.44999998807907104,0.4749999940395355,0.4749999940395355,878000
2024-01-24,0.46000000834465027,0.46000000834465027,0.46000000834465027,0.46000000834465027,0.46000000834465027,0
2024-01-25,0.46000000834465027,0.48500001430511475,0.46000000834465027,0.4699999988079071,0.4699999988079071,302000
2024-01-26,0.47999998927116394,0.4950000047683716,0.47999998927116394,0.47999998927116394,0.47999998927116394,370000
2024-01-29,0.47999998927116394,0.47999998927116394,0.47999998927116394,0.47999998927116394,0.47999998927116394,0
2024-01-30,0.47999998927116394,0.47999998927116394,0.47999998927116394,0.47999998927116394,0.47999998927116394,0
2024-01-31,0.47999998927116394,0.47999998927116394,0.47999998927116394,0.47999998927116394,0.47999998927116394,0
2024-02-01,0.4950000047683716,0.4950000047683716,0.47999998927116394,0.47999998927116394,0.47999998927116394,60000
2024-02-02,0.46000000834465027,0.47999998927116394,0.44999998807907104,0.47999998927116394,0.47999998927116394,216000
2024-02-05,0.4650000035762787,0.47999998927116394,0.46000000834465027,0.4749999940395355,0.4749999940395355,438000
2024-02-06,0.4749999940395355,0.4749999940395355,0.4749999940395355,0.4749999940395355,0.4749999940395355,0
2024-02-07,0.49000000953674316,0.49000000953674316,0.49000000953674316,0.48500001430511475,0.48500001430511475,272000
2024-02-08,0.48500001430511475,0.48500001430511475,0.48500001430511475,0.48500001430511475,0.48500001430511475,0
2024-02-09,0.48500001430511475,0.48500001430511475,0.48500001430511475,0.48500001430511475,0.48500001430511475,0
2024-02-14,0.47999998927116394,0.47999998927116394,0.47999998927116394,0.47999998927116394,0.47999998927116394,0
2024-02-15,0.47999998927116394,0.47999998927116394,0.47999998927116394,0.47999998927116394,0.47999998927116394,0
2024-02-16,0.47999998927116394,0.47999998927116394,0.47999998927116394,0.47999998927116394,0.47999998927116394,0
2024-02-19,0.47999998927116394,0.47999998927116394,0.47999998927116394,0.47999998927116394,0.47999998927116394,0
2024-02-20,0.47999998927116394,0.47999998927116394,0.47999998927116394,0.47999998927116394,0.47999998927116394,0
2024-02-21,0.48500001430511475,0.49000000953674316,0.4749999940395355,0.48500001430511475,0.48500001430511475,320000
2024-02-22,0.46000000834465027,0.47999998927116394,0.45500001311302185,0.45500001311302185,0.45500001311302185,200000
2024-02-23,0.45500001311302185,0.47999998927116394,0.45500001311302185,0.47999998927116394,0.47999998927116394,530000
2024-02-26,0.47999998927116394,0.47999998927116394,0.47999998927116394,0.47999998927116394,0.47999998927116394,0
2024-02-27,0.47999998927116394,0.47999998927116394,0.47999998927116394,0.47999998927116394,0.47999998927116394,0
2024-02-28,0.47999998927116394,0.47999998927116394,0.47999998927116394,0.47999998927116394,0.47999998927116394,0
2024-02-29,0.47999998927116394,0.47999998927116394,0.47999998927116394,0.47999998927116394,0.47999998927116394,0
2024-03-01,0.47999998927116394,0.47999998927116394,0.47999998927116394,0.47999998927116394,0.47999998927116394,100000
2024-03-04,0.47999998927116394,0.47999998927116394,0.47999998927116394,0.47999998927116394,0.47999998927116394,0
2024-03-05,0.4749999940395355,0.47999998927116394,0.4749999940395355,0.47999998927116394,0.47999998927116394,196000
2024-03-06,0.4650000035762787,0.4950000047683716,0.4650000035762787,0.49000000953674316,0.49000000953674316,14000
2024-03-07,0.47999998927116394,0.48500001430511475,0.47999998927116394,0.47999998927116394,0.47999998927116394,222000
2024-03-08,0.4699999988079071,0.47999998927116394,0.4699999988079071,0.47999998927116394,0.47999998927116394,28000
2024-03-11,0.48500001430511475,0.48500001430511475,0.4749999940395355,0.47999998927116394,0.47999998927116394,288000
2024-03-12,0.47999998927116394,0.47999998927116394,0.47999998927116394,0.47999998927116394,0.47999998927116394,0
2024-03-13,0.4699999988079071,0.47999998927116394,0.4650000035762787,0.47999998927116394,0.47999998927116394,38100
2024-03-14,0.48500001430511475,0.48500001430511475,0.4699999988079071,0.47999998927116394,0.47999998927116394,478000
2024-03-15,0.4749999940395355,0.47999998927116394,0.4749999940395355,0.4749999940395355,0.4749999940395355,82000
2024-03-18,0.47999998927116394,0.47999998927116394,0.4699999988079071,0.47999998927116394,0.47999998927116394,906000
2024-03-19,0.47999998927116394,0.47999998927116394,0.47999998927116394,0.47999998927116394,0.47999998927116394,0
2024-03-20,0.48500001430511475,0.48500001430511475,0.48500001430511475,0.47999998927116394,0.47999998927116394,800000
2024-03-21,0.47999998927116394,0.47999998927116394,0.47999998927116394,0.47999998927116394,0.47999998927116394,0
2024-03-22,0.47999998927116394,0.47999998927116394,0.47999998927116394,0.47999998927116394,0.47999998927116394,900000
2024-03-25,0.47999998927116394,0.47999998927116394,0.47999998927116394,0.47999998927116394,0.47999998927116394,0
2024-03-26,0.4749999940395355,0.47999998927116394,0.4699999988079071,0.47999998927116394,0.47999998927116394,938000
2024-03-27,0.47999998927116394,0.47999998927116394,0.47999998927116394,0.47999998927116394,0.47999998927116394,0
2024-03-28,0.4699999988079071,0.47999998927116394,0.4650000035762787,0.47999998927116394,0.47999998927116394,1058000
2024-04-02,0.4699999988079071,0.47999998927116394,0.4650000035762787,0.47999998927116394,0.47999998927116394,364000
2024-04-03,0.47999998927116394,0.47999998927116394,0.47999998927116394,0.47999998927116394,0.47999998927116394,0
2024-04-05,0.4699999988079071,0.47999998927116394,0.4699999988079071,0.47999998927116394,0.47999998927116394,100000
2024-04-08,0.4749999940395355,0.47999998927116394,0.4699999988079071,0.4749999940395355,0.4749999940395355,1324000
2024-04-09,0.4749999940395355,0.4950000047683716,0.4749999940395355,0.48500001430511475,0.48500001430511475,44000
2024-04-10,0.48500001430511475,0.5099999904632568,0.48500001430511475,0.48500001430511475,0.48500001430511475,1382000
2024-04-11,0.4749999940395355,0.48500001430511475,0.4749999940395355,0.47999998927116394,0.47999998927116394,196000
2024-04-12,0.4699999988079071,0.5,0.4699999988079071,0.47999998927116394,0.47999998927116394,1772000
2024-04-15,0.4749999940395355,0.47999998927116394,0.4699999988079071,0.47999998927116394,0.47999998927116394,110000
2024-04-16,0.4699999988079071,0.47999998927116394,0.4699999988079071,0.47999998927116394,0.47999998927116394,2182000
2024-04-17,0.4749999940395355,0.47999998927116394,0.4749999940395355,0.47999998927116394,0.47999998927116394,176000
2024-04-18,0.4749999940395355,0.47999998927116394,0.4749999940395355,0.47999998927116394,0.47999998927116394,1406000
2024-04-19,0.4749999940395355,0.47999998927116394,0.4749999940395355,0.47999998927116394,0.47999998927116394,1688000
2024-04-22,0.4749999940395355,0.47999998927116394,0.45500001311302185,0.4699999988079071,0.4699999988079071,1134000
2024-04-23,0.4699999988079071,0.47999998927116394,0.45500001311302185,0.47999998927116394,0.47999998927116394,1276000
2024-04-24,0.47999998927116394,0.47999998927116394,0.47999998927116394,0.47999998927116394,0.47999998927116394,0
2024-04-25,0.47999998927116394,0.47999998927116394,0.47999998927116394,0.47999998927116394,0.47999998927116394,0
2024-04-26,0.4699999988079071,0.47999998927116394,0.4699999988079071,0.47999998927116394,0.47999998927116394,170000
2024-04-29,0.47999998927116394,0.47999998927116394,0.47999998927116394,0.47999998927116394,0.47999998927116394,0
2024-04-30,0.4699999988079071,0.47999998927116394,0.4699999988079071,0.47999998927116394,0.47999998927116394,295000
2024-05-02,0.4749999940395355,0.4749999940395355,0.4749999940395355,0.4749999940395355,0.4749999940395355,0
2024-05-03,0.4699999988079071,0.4749999940395355,0.4699999988079071,0.4749999940395355,0.4749999940395355,442000
2024-05-06,0.4749999940395355,0.4749999940395355,0.4749999940395355,0.4749999940395355,0.4749999940395355,0
2024-05-07,0.4749999940395355,0.4749999940395355,0.4749999940395355,0.4749999940395355,0.4749999940395355,0
2024-05-08,0.4699999988079071,0.4749999940395355,0.4699999988079071,0.4749999940395355,0.4749999940395355,308000
2024-05-09,0.4749999940395355,0.4749999940395355,0.4749999940395355,0.4749999940395355,0.4749999940395355,0
2024-05-10,0.4749999940395355,0.4749999940395355,0.4749999940395355,0.4749999940395355,0.4749999940395355,0
2024-05-13,0.4650000035762787,0.4749999940395355,0.4650000035762787,0.4749999940395355,0.4749999940395355,512000
2024-05-14,0.4749999940395355,0.4749999940395355,0.4749999940395355,0.4749999940395355,0.4749999940395355,0
2024-05-16,0.4749999940395355,0.4749999940395355,0.4699999988079071,0.4749999940395355,0.4749999940395355,448000
2024-05-17,0.4749999940395355,0.4749999940395355,0.4749999940395355,0.4749999940395355,0.4749999940395355,0
2024-05-20,0.4699999988079071,0.4749999940395355,0.4699999988079071,0.4749999940395355,0.4749999940395355,404000
2024-05-21,0.4699999988079071,0.4749999940395355,0.4699999988079071,0.4749999940395355,0.4749999940395355,40000
2024-05-22,0.4749999940395355,0.4749999940395355,0.4699999988079071,0.4749999940395355,0.4749999940395355,540000
2024-05-23,0.4699999988079071,0.4749999940395355,0.4650000035762787,0.4749999940395355,0.4749999940395355,396000
2024-05-24,0.4650000035762787,0.4749999940395355,0.46000000834465027,0.4749999940395355,0.4749999940395355,280000
2024-05-27,0.4650000035762787,0.4749999940395355,0.4650000035762787,0.4749999940395355,0.4749999940395355,996000
2024-05-28,0.4749999940395355,0.4749999940395355,0.4749999940395355,0.4749999940395355,0.4749999940395355,0
2024-05-29,0.4650000035762787,0.4699999988079071,0.46000000834465027,0.4699999988079071,0.4699999988079071,1278000
2024-05-30,0.4650000035762787,0.4699999988079071,0.4650000035762787,0.4699999988079071,0.4699999988079071,440000
2024-05-31,0.4650000035762787,0.4699999988079071,0.46000000834465027,0.4699999988079071,0.4699999988079071,1794000
2024-06-03,0.4699999988079071,0.4699999988079071,0.44999998807907104,0.44999998807907104,0.44999998807907104,1014000
2024-06-04,0.45500001311302185,0.46000000834465027,0.44999998807907104,0.46000000834465027,0.46000000834465027,1978000
2024-06-05,0.46000000834465027,0.46000000834465027,0.45500001311302185,0.45500001311302185,0.45500001311302185,34000
2024-06-06,0.46000000834465027,0.46000000834465027,0.44999998807907104,0.46000000834465027,0.46000000834465027,2120000
2024-06-07,0.46000000834465027,0.46000000834465027,0.46000000834465027,0.46000000834465027,0.46000000834465027,0
2024-06-11,0.45500001311302185,0.46000000834465027,0.44999998807907104,0.46000000834465027,0.46000000834465027,2126000
2024-06-12,0.46000000834465027,0.46000000834465027,0.46000000834465027,0.46000000834465027,0.46000000834465027,0
2024-06-13,0.45500001311302185,0.46000000834465027,0.44999998807907104,0.46000000834465027,0.46000000834465027,2228620
2024-06-14,0.46000000834465027,0.46000000834465027,0.45500001311302185,0.46000000834465027,0.46000000834465027,230000
2024-06-17,0.46000000834465027,0.4650000035762787,0.45500001311302185,0.4650000035762787,0.4650000035762787,2230000
2024-06-18,0.46000000834465027,0.4650000035762787,0.46000000834465027,0.4650000035762787,0.4650000035762787,28000
2024-06-19,0.46000000834465027,0.4650000035762787,0.45500001311302185,0.4650000035762787,0.4650000035762787,2296000
2024-06-20,0.46000000834465027,0.46000000834465027,0.46000000834465027,0.46000000834465027,0.46000000834465027,46000
2024-06-21,0.46000000834465027,0.46000000834465027,0.46000000834465027,0.46000000834465027,0.46000000834465027,16000
2024-06-24,0.46000000834465027,0.46000000834465027,0.45500001311302185,0.46000000834465027,0.46000000834465027,2286000
2024-06-25,0.46000000834465027,0.46000000834465027,0.46000000834465027,0.46000000834465027,0.46000000834465027,0
2024-06-26,0.45500001311302185,0.4650000035762787,0.45500001311302185,0.46000000834465027,0.46000000834465027,2520000
2024-06-27,0.46000000834465027,0.46000000834465027,0.45500001311302185,0.46000000834465027,0.46000000834465027,980000
2024-06-28,0.46000000834465027,0.4650000035762787,0.46000000834465027,0.46000000834465027,0.46000000834465027,1910000
2024-07-02,0.46000000834465027,0.46000000834465027,0.46000000834465027,0.46000000834465027,0.46000000834465027,0
2024-07-03,0.4650000035762787,0.4650000035762787,0.46000000834465027,0.4650000035762787,0.4650000035762787,1204000
2024-07-04,0.4650000035762787,0.4650000035762787,0.4650000035762787,0.4650000035762787,0.4650000035762787,0
2024-07-08,0.46000000834465027,0.46000000834465027,0.46000000834465027,0.46000000834465027,0.46000000834465027,0
2024-07-09,0.46000000834465027,0.46000000834465027,0.46000000834465027,0.46000000834465027,0.46000000834465027,0
2024-07-10,0.45500001311302185,0.46000000834465027,0.44999998807907104,0.46000000834465027,0.46000000834465027,1548000
2024-07-11,0.46000000834465027,0.46000000834465027,0.46000000834465027,0.46000000834465027,0.46000000834465027,0
2024-07-12,0.46000000834465027,0.46000000834465027,0.4399999976158142,0.45500001311302185,0.45500001311302185,3018000
2024-07-15,0.4399999976158142,0.46000000834465027,0.4399999976158142,0.45500001311302185,0.45500001311302185,318000
2024-07-16,0.46000000834465027,0.46000000834465027,0.44999998807907104,0.46000000834465027,0.46000000834465027,1754000
2024-07-17,0.45500001311302185,0.46000000834465027,0.4449999928474426,0.46000000834465027,0.46000000834465027,386000
2024-07-18,0.45500001311302185,0.46000000834465027,0.44999998807907104,0.46000000834465027,0.46000000834465027,1858000
2024-07-19,0.45500001311302185,0.46000000834465027,0.44999998807907104,0.45500001311302185,0.45500001311302185,436000
2024-07-22,0.44999998807907104,0.46000000834465027,0.4399999976158142,0.44999998807907104,0.44999998807907104,2608000
2024-07-23,0.44999998807907104,0.45500001311302185,0.4449999928474426,0.44999998807907104,0.44999998807907104,1020000
2024-07-24,0.46000000834465027,0.46000000834465027,0.4449999928474426,0.44999998807907104,0.44999998807907104,1536000
2024-07-25,0.45500001311302185,0.45500001311302185,0.45500001311302185,0.45500001311302185,0.45500001311302185,0
2024-07-26,0.45500001311302185,0.45500001311302185,0.45500001311302185,0.45500001311302185,0.45500001311302185,0
2024-07-29,0.4449999928474426,0.44999998807907104,0.4449999928474426,0.44999998807907104,0.44999998807907104,168000
2024-07-30,0.4399999976158142,0.44999998807907104,0.4350000023841858,0.44999998807907104,0.44999998807907104,924000
2024-07-31,0.4449999928474426,0.44999998807907104,0.4399999976158142,0.44999998807907104,0.44999998807907104,940000
2024-08-01,0.4449999928474426,0.44999998807907104,0.4399999976158142,0.44999998807907104,0.44999998807907104,830000
2024-08-02,0.44999998807907104,0.44999998807907104,0.4449999928474426,0.44999998807907104,0.44999998807907104,228000
2024-08-05,0.44999998807907104,0.44999998807907104,0.4449999928474426,0.45500001311302185,0.45500001311302185,1196000
2024-08-06,0.45500001311302185,0.45500001311302185,0.45500001311302185,0.45500001311302185,0.45500001311302185,0
2024-08-07,0.45500001311302185,0.45500001311302185,0.45500001311302185,0.45500001311302185,0.45500001311302185,0
2024-08-08,0.45500001311302185,0.45500001311302185,0.4449999928474426,0.44999998807907104,0.44999998807907104,1230000
2024-08-09,0.44999998807907104,0.44999998807907104,0.4449999928474426,0.44999998807907104,0.44999998807907104,46000
2024-08-12,0.44999998807907104,0.44999998807907104,0.44999998807907104,0.44999998807907104,0.44999998807907104,20000
2024-08-13,0.44999998807907104,0.44999998807907104,0.4449999928474426,0.44999998807907104,0.44999998807907104,1360000
2024-08-14,0.4449999928474426,0.44999998807907104,0.4449999928474426,0.44999998807907104,0.44999998807907104,102000
2024-08-15,0.44999998807907104,0.45500001311302185,0.4449999928474426,0.44999998807907104,0.44999998807907104,1782000
2024-08-16,0.4449999928474426,0.44999998807907104,0.4399999976158142,0.44999998807907104,0.44999998807907104,638000
2024-08-19,0.45500001311302185,0.45500001311302185,0.4449999928474426,0.44999998807907104,0.44999998807907104,1030000
2024-08-20,0.44999998807907104,0.44999998807907104,0.4449999928474426,0.44999998807907104,0.44999998807907104,1594000
2024-08-21,0.4449999928474426,0.44999998807907104,0.4449999928474426,0.44999998807907104,0.44999998807907104,532000
2024-08-22,0.45500001311302185,0.45500001311302185,0.4449999928474426,0.44999998807907104,0.44999998807907104,2014000
2024-08-23,0.4449999928474426,0.44999998807907104,0.4399999976158142,0.4399999976158142,0.4399999976158142,824000
2024-08-26,0.4350000023841858,0.44999998807907104,0.4350000023841858,0.4449999928474426,0.4449999928474426,1130000
2024-08-27,0.4449999928474426,0.44999998807907104,0.4399999976158142,0.44999998807907104,0.44999998807907104,2234000
2024-08-28,0.44999998807907104,0.44999998807907104,0.44999998807907104,0.44999998807907104,0.44999998807907104,0
2024-08-29,0.44999998807907104,0.44999998807907104,0.4449999928474426,0.44999998807907104,0.44999998807907104,1582000
2024-08-30,0.44999998807907104,0.44999998807907104,0.4399999976158142,0.44999998807907104,0.44999998807907104,748000
2024-09-02,0.4449999928474426,0.44999998807907104,0.4449999928474426,0.44999998807907104,0.44999998807907104,788000
2024-09-03,0.44999998807907104,0.44999998807907104,0.4449999928474426,0.44999998807907104,0.44999998807907104,1284000
2024-09-04,0.44999998807907104,0.44999998807907104,0.44999998807907104,0.44999998807907104,0.44999998807907104,12000
2024-09-05,0.44999998807907104,0.44999998807907104,0.4449999928474426,0.44999998807907104,0.44999998807907104,806000
2024-09-09,0.4449999928474426,0.44999998807907104,0.4449999928474426,0.44999998807907104,0.44999998807907104,64000
2024-09-10,0.4449999928474426,0.44999998807907104,0.4449999928474426,0.44999998807907104,0.44999998807907104,253320
2024-09-11,0.44999998807907104,0.44999998807907104,0.44999998807907104,0.44999998807907104,0.44999998807907104,0
2024-09-12,0.44999998807907104,0.44999998807907104,0.44999998807907104,0.44999998807907104,0.44999998807907104,0
2024-09-13,0.44999998807907104,0.44999998807907104,0.44999998807907104,0.44999998807907104,0.44999998807907104,0
2024-09-16,0.44999998807907104,0.44999998807907104,0.44999998807907104,0.44999998807907104,0.44999998807907104,0
2024-09-17,0.44999998807907104,0.44999998807907104,0.44999998807907104,0.44999998807907104,0.44999998807907104,0
2024-09-19,0.44999998807907104,0.44999998807907104,0.44999998807907104,0.44999998807907104,0.44999998807907104,0
2024-09-20,0.44999998807907104,0.44999998807907104,0.4449999928474426,0.4449999928474426,0.4449999928474426,718000
2024-09-23,0.44999998807907104,0.45500001311302185,0.4449999928474426,0.45500001311302185,0.45500001311302185,88000
2024-09-24,0.4449999928474426,0.44999998807907104,0.4449999928474426,0.44999998807907104,0.44999998807907104,948000
2024-09-25,0.44999998807907104,0.44999998807907104,0.44999998807907104,0.44999998807907104,0.44999998807907104,0
2024-09-26,0.44999998807907104,0.45500001311302185,0.4449999928474426,0.45500001311302185,0.45500001311302185,784000
2024-09-27,0.4449999928474426,0.44999998807907104,0.4449999928474426,0.44999998807907104,0.44999998807907104,58000
2024-09-30,0.44999998807907104,0.44999998807907104,0.4449999928474426,0.44999998807907104,0.44999998807907104,1270000
