Date,Open,High,Low,Close,Adj Close,Volume
2005-09-29,9984.19921875,10128.8974609375,9984.19921875,9984.19921875,5400.8818359375,0
2005-09-30,9984.19921875,10128.8974609375,9839.5,9984.19921875,5400.8818359375,0
2005-10-03,9984.19921875,10128.8974609375,9839.5,9984.19921875,5400.8818359375,0
2005-10-04,9984.19921875,9984.19921875,9839.5,9984.19921875,5400.8818359375,0
2005-10-05,9839.5,10128.8974609375,9839.5,9984.19921875,5400.8818359375,0
2005-10-06,9984.19921875,9984.19921875,9694.8017578125,9839.5,5322.60791015625,0
2005-10-07,9694.8017578125,9984.19921875,9694.8017578125,9839.5,5322.60791015625,0
2005-10-10,9839.5,9984.19921875,9694.8017578125,9694.8017578125,5244.333984375,0
2005-10-12,9694.8017578125,9694.8017578125,7669.0224609375,7669.0224609375,4148.5029296875,0
2005-10-13,7669.0224609375,8392.5146484375,7119.16796875,8392.5146484375,4539.87109375,0
2005-10-14,7669.0224609375,8247.81640625,7669.0224609375,7958.41943359375,4305.05029296875,0
2005-10-17,7813.720703125,8103.1181640625,7813.720703125,7813.720703125,4226.77685546875,0
2005-10-18,7669.0224609375,7958.41943359375,7669.0224609375,7958.41943359375,4305.05029296875,0
2005-10-19,7958.41943359375,7958.41943359375,7669.0224609375,7813.720703125,4226.77685546875,0
2005-10-20,7669.0224609375,7958.41943359375,7669.0224609375,7813.720703125,4226.77685546875,0
2005-10-21,7524.32373046875,7813.720703125,7524.32373046875,7669.0224609375,4148.5029296875,0
2005-10-24,7524.32373046875,7813.720703125,7379.62548828125,7669.0224609375,4148.5029296875,0
2005-10-25,7813.720703125,7813.720703125,7234.9267578125,7379.62548828125,3991.955810546875,0
2005-10-26,7379.62548828125,7524.32373046875,7032.3486328125,7032.3486328125,3804.098876953125,0
2005-10-27,7032.3486328125,7032.3486328125,4485.65478515625,6250.9765625,3381.42138671875,0
2005-10-28,6366.7353515625,6366.7353515625,5209.1474609375,5759.00146484375,3115.291015625,0
2005-10-31,5382.78564453125,5787.94140625,4803.9912109375,5787.94140625,3130.94580078125,0
2005-11-01,6077.33837890625,6077.33837890625,6077.33837890625,6366.7353515625,3444.040283203125,0
2005-11-02,6366.7353515625,6366.7353515625,6366.7353515625,6366.7353515625,3444.040283203125,0
2005-11-03,6945.52978515625,6945.52978515625,6945.52978515625,6945.52978515625,3757.135009765625,0
2005-11-04,7234.9267578125,7234.9267578125,6656.1328125,6656.1328125,3600.587890625,0
2005-11-07,5787.94140625,5787.94140625,5787.94140625,5787.94140625,3130.94580078125,0
2005-11-08,5440.6650390625,5440.6650390625,5440.6650390625,5440.6650390625,2943.089111328125,0
2005-11-09,5295.96630859375,5295.96630859375,5209.1474609375,5267.02685546875,2849.160888671875,0
2005-11-10,5498.54443359375,5498.54443359375,5498.54443359375,5498.54443359375,2974.398681640625,0
2005-11-11,5787.94140625,5787.94140625,5787.94140625,5787.94140625,3130.94580078125,0
2005-11-14,5787.94140625,5787.94140625,5787.94140625,5787.94140625,3130.94580078125,0
2005-11-15,5787.94140625,5787.94140625,5787.94140625,5787.94140625,3130.94580078125,0
2005-11-16,5787.94140625,5787.94140625,5787.94140625,5787.94140625,3130.94580078125,0
2005-11-17,5787.94140625,5787.94140625,5787.94140625,5787.94140625,3130.94580078125,0
2005-11-18,5787.94140625,5787.94140625,5787.94140625,5787.94140625,3130.94580078125,0
2005-11-21,5787.94140625,5787.94140625,5787.94140625,5787.94140625,3130.94580078125,0
2005-11-22,5787.94140625,5787.94140625,5787.94140625,5787.94140625,3130.94580078125,0
2005-11-23,5787.94140625,5787.94140625,5787.94140625,5787.94140625,3130.94580078125,0
2005-11-24,5787.94140625,5787.94140625,5787.94140625,5787.94140625,3130.94580078125,0
2005-11-25,5787.94140625,5787.94140625,5787.94140625,5787.94140625,3130.94580078125,0
2005-11-28,5787.94140625,5787.94140625,5787.94140625,5787.94140625,3130.94580078125,0
2005-11-29,5787.94140625,5787.94140625,5787.94140625,5787.94140625,3130.94580078125,0
2005-11-30,5787.94140625,5787.94140625,5787.94140625,5787.94140625,3130.94580078125,0
2005-12-01,6366.7353515625,6366.7353515625,6366.7353515625,6366.7353515625,3444.040283203125,0
2005-12-02,6366.7353515625,6366.7353515625,6366.7353515625,6366.7353515625,3444.040283203125,0
2005-12-05,6366.7353515625,6366.7353515625,6366.7353515625,6366.7353515625,3444.040283203125,0
2005-12-06,6366.7353515625,6366.7353515625,6366.7353515625,6366.7353515625,3444.040283203125,0
2005-12-07,6366.7353515625,6366.7353515625,6366.7353515625,6366.7353515625,3444.040283203125,0
2005-12-08,6366.7353515625,6366.7353515625,6366.7353515625,6366.7353515625,3444.040283203125,0
2005-12-09,5498.54443359375,5498.54443359375,5498.54443359375,5787.94140625,3130.94580078125,0
2005-12-12,5787.94140625,5787.94140625,5787.94140625,5787.94140625,3130.94580078125,0
2005-12-13,5238.0869140625,5238.0869140625,5238.0869140625,5238.0869140625,2833.505859375,0
2005-12-14,5238.0869140625,5238.0869140625,5238.0869140625,5238.0869140625,2833.505859375,0
2005-12-15,5238.0869140625,5238.0869140625,5238.0869140625,5238.0869140625,2833.505859375,0
2005-12-16,5238.0869140625,5238.0869140625,5238.0869140625,5238.0869140625,2833.505859375,0
2005-12-19,4919.75,4919.75,4919.75,5209.1474609375,2817.851318359375,0
2005-12-20,5209.1474609375,5209.1474609375,5209.1474609375,5209.1474609375,2817.851318359375,0
2005-12-21,5209.1474609375,5209.1474609375,5209.1474609375,5209.1474609375,2817.851318359375,0
2005-12-22,5209.1474609375,5209.1474609375,5209.1474609375,5209.1474609375,2817.851318359375,0
2005-12-23,5209.1474609375,5209.1474609375,5209.1474609375,5209.1474609375,2817.851318359375,0
2005-12-28,5209.1474609375,5209.1474609375,5209.1474609375,5209.1474609375,2817.851318359375,0
2005-12-29,5209.1474609375,5209.1474609375,5209.1474609375,5209.1474609375,2817.851318359375,0
2005-12-30,5787.94140625,7234.9267578125,5787.94140625,6337.7958984375,3428.385498046875,0
2006-01-03,6337.7958984375,6337.7958984375,6337.7958984375,6337.7958984375,3428.385498046875,0
2006-01-04,6337.7958984375,6337.7958984375,6337.7958984375,6337.7958984375,3428.385498046875,0
2006-01-05,6511.43408203125,6511.43408203125,6511.43408203125,6511.43408203125,3522.314208984375,0
2006-01-06,6511.43408203125,6511.43408203125,6511.43408203125,6511.43408203125,3522.314208984375,0
2006-01-09,6077.33837890625,6077.33837890625,6077.33837890625,6077.33837890625,3287.492919921875,0
2006-01-10,6077.33837890625,6077.33837890625,6077.33837890625,6077.33837890625,3287.492919921875,0
2006-01-11,6077.33837890625,6077.33837890625,6077.33837890625,6077.33837890625,3287.492919921875,0
2006-01-12,6077.33837890625,6077.33837890625,6077.33837890625,6077.33837890625,3287.492919921875,0
2006-01-13,6077.33837890625,6077.33837890625,6077.33837890625,6077.33837890625,3287.492919921875,0
2006-01-16,6077.33837890625,6077.33837890625,6077.33837890625,6077.33837890625,3287.492919921875,0
2006-01-17,6077.33837890625,6077.33837890625,6077.33837890625,6077.33837890625,3287.492919921875,0
2006-01-18,6077.33837890625,6077.33837890625,6077.33837890625,6077.33837890625,3287.492919921875,0
2006-01-19,5498.54443359375,5498.54443359375,5498.54443359375,5498.54443359375,2974.398681640625,0
2006-01-20,5498.54443359375,5498.54443359375,5498.54443359375,5498.54443359375,2974.398681640625,0
2006-01-23,5498.54443359375,5498.54443359375,5498.54443359375,5498.54443359375,2974.398681640625,0
2006-01-24,5209.1474609375,5209.1474609375,5209.1474609375,5209.1474609375,2817.851318359375,0
2006-01-25,5209.1474609375,5209.1474609375,5209.1474609375,5209.1474609375,2817.851318359375,0
2006-01-26,5498.54443359375,5498.54443359375,5498.54443359375,5498.54443359375,2974.398681640625,0
2006-01-27,5498.54443359375,5498.54443359375,5498.54443359375,5498.54443359375,2974.398681640625,0
2006-02-01,5787.94140625,5787.94140625,5787.94140625,5787.94140625,3130.94580078125,0
2006-02-02,5787.94140625,5787.94140625,5787.94140625,5787.94140625,3130.94580078125,0
2006-02-03,5787.94140625,5787.94140625,5787.94140625,5787.94140625,3130.94580078125,0
2006-02-06,5787.94140625,5787.94140625,5787.94140625,5787.94140625,3130.94580078125,0
2006-02-07,5787.94140625,5787.94140625,5787.94140625,5787.94140625,3130.94580078125,0
2006-02-08,6077.33837890625,6077.33837890625,6077.33837890625,6077.33837890625,3287.492919921875,0
2006-02-09,5816.88134765625,5816.88134765625,5787.94140625,5787.94140625,3130.94580078125,0
2006-02-10,5787.94140625,5787.94140625,5787.94140625,5787.94140625,3130.94580078125,0
2006-02-13,5787.94140625,5787.94140625,5787.94140625,5787.94140625,3130.94580078125,0
2006-02-14,5787.94140625,5787.94140625,5787.94140625,5787.94140625,3130.94580078125,0
2006-02-15,5787.94140625,5787.94140625,5787.94140625,5787.94140625,3130.94580078125,0
2006-02-16,5787.94140625,5787.94140625,5787.94140625,5787.94140625,3130.94580078125,0
2006-02-17,5787.94140625,5787.94140625,5787.94140625,5787.94140625,3130.94580078125,0
2006-02-20,5787.94140625,5787.94140625,5787.94140625,5787.94140625,3130.94580078125,0
2006-02-21,5787.94140625,5787.94140625,5787.94140625,5787.94140625,3130.94580078125,0
2006-02-22,5787.94140625,5787.94140625,5787.94140625,5787.94140625,3130.94580078125,0
2006-02-23,5787.94140625,5787.94140625,5787.94140625,5787.94140625,3130.94580078125,0
2006-02-24,6800.8310546875,8247.81640625,6800.8310546875,7524.32373046875,4070.229248046875,0
2006-02-27,7524.32373046875,7524.32373046875,7205.98681640625,7205.98681640625,3898.02734375,0
2006-02-28,7205.98681640625,7205.98681640625,7205.98681640625,7177.04736328125,3882.37255859375,0
2006-03-01,7205.98681640625,7205.98681640625,6945.52978515625,6945.52978515625,3757.135009765625,0
2006-03-02,6482.494140625,6482.494140625,6077.33837890625,6077.33837890625,3287.492919921875,0
2006-03-03,6656.1328125,6656.1328125,6366.7353515625,6366.7353515625,3444.040283203125,0
2006-03-06,6366.7353515625,6366.7353515625,6366.7353515625,6366.7353515625,3444.040283203125,0
2006-03-07,6366.7353515625,6366.7353515625,6366.7353515625,6366.7353515625,3444.040283203125,0
2006-03-08,6366.7353515625,6366.7353515625,6366.7353515625,6366.7353515625,3444.040283203125,0
2006-03-09,6366.7353515625,6366.7353515625,6366.7353515625,6366.7353515625,3444.040283203125,0
2006-03-10,6077.33837890625,6077.33837890625,5845.82080078125,5845.82080078125,3162.255126953125,0
2006-03-13,5845.82080078125,5845.82080078125,5845.82080078125,5845.82080078125,3162.255126953125,0
2006-03-14,5787.94140625,6366.7353515625,5787.94140625,6366.7353515625,3444.040283203125,0
2006-03-15,5787.94140625,5787.94140625,5295.96630859375,5787.94140625,3130.94580078125,0
2006-03-16,5787.94140625,5787.94140625,5787.94140625,5787.94140625,3130.94580078125,0
2006-03-17,5787.94140625,5787.94140625,5787.94140625,5787.94140625,3130.94580078125,0
2006-03-20,5787.94140625,5787.94140625,5787.94140625,5787.94140625,3130.94580078125,0
2006-03-21,5787.94140625,5787.94140625,5787.94140625,5787.94140625,3130.94580078125,0
2006-03-22,5787.94140625,5787.94140625,5787.94140625,5787.94140625,3130.94580078125,0
2006-03-23,6366.7353515625,6366.7353515625,6366.7353515625,6366.7353515625,3444.040283203125,0
2006-03-24,6366.7353515625,6366.7353515625,6366.7353515625,6366.7353515625,3444.040283203125,0
2006-03-27,6656.1328125,6945.52978515625,6656.1328125,6945.52978515625,3757.135009765625,0
2006-03-28,6945.52978515625,6945.52978515625,6945.52978515625,6945.52978515625,3757.135009765625,0
2006-03-29,6945.52978515625,6945.52978515625,6800.8310546875,6800.8310546875,3678.861328125,0
2006-03-30,6945.52978515625,7003.4091796875,6453.5546875,6916.58984375,3741.480224609375,0
2006-03-31,6916.58984375,6916.58984375,6916.58984375,6916.58984375,3741.480224609375,0
2006-04-03,6916.58984375,6916.58984375,6916.58984375,6916.58984375,3741.480224609375,0
2006-04-04,6337.7958984375,6337.7958984375,6337.7958984375,6337.7958984375,3428.385498046875,0
2006-04-06,6077.33837890625,6077.33837890625,6077.33837890625,6077.33837890625,3287.492919921875,0
2006-04-07,6077.33837890625,6077.33837890625,6077.33837890625,6077.33837890625,3287.492919921875,0
2006-04-10,6077.33837890625,6077.33837890625,6077.33837890625,6077.33837890625,3287.492919921875,0
2006-04-11,6366.7353515625,6366.7353515625,6366.7353515625,6366.7353515625,3444.040283203125,0
2006-04-12,6366.7353515625,6366.7353515625,6366.7353515625,6366.7353515625,3444.040283203125,0
2006-04-13,6366.7353515625,6366.7353515625,6366.7353515625,6366.7353515625,3444.040283203125,0
2006-04-18,6366.7353515625,6366.7353515625,6366.7353515625,6366.7353515625,3444.040283203125,0
2006-04-19,6366.7353515625,6366.7353515625,6366.7353515625,6366.7353515625,3444.040283203125,0
2006-04-20,5787.94140625,6366.7353515625,5787.94140625,6366.7353515625,3444.040283203125,0
2006-04-21,6366.7353515625,6366.7353515625,6366.7353515625,6366.7353515625,3444.040283203125,0
2006-04-24,6366.7353515625,6366.7353515625,6366.7353515625,6366.7353515625,3444.040283203125,0
2006-04-25,6366.7353515625,6366.7353515625,6366.7353515625,6366.7353515625,3444.040283203125,0
2006-04-26,6366.7353515625,6366.7353515625,6366.7353515625,6366.7353515625,3444.040283203125,0
2006-04-27,6366.7353515625,6366.7353515625,6366.7353515625,6366.7353515625,3444.040283203125,0
2006-04-28,6656.1328125,6656.1328125,6656.1328125,6656.1328125,3600.587890625,0
2006-05-02,6656.1328125,6656.1328125,6656.1328125,6656.1328125,3600.587890625,0
2006-05-03,6656.1328125,6656.1328125,6656.1328125,6656.1328125,3600.587890625,0
2006-05-04,6656.1328125,6656.1328125,6656.1328125,6656.1328125,3600.587890625,0
2006-05-08,6656.1328125,6656.1328125,6656.1328125,6656.1328125,3600.587890625,0
2006-05-09,6656.1328125,6656.1328125,6656.1328125,6656.1328125,3600.587890625,0
2006-05-10,6656.1328125,6656.1328125,6656.1328125,6656.1328125,3600.587890625,0
2006-05-11,6656.1328125,6656.1328125,6656.1328125,6656.1328125,3600.587890625,0
2006-05-12,6656.1328125,6656.1328125,6656.1328125,6656.1328125,3600.587890625,0
2006-05-15,6656.1328125,6656.1328125,6656.1328125,6656.1328125,3600.587890625,0
2006-05-16,6656.1328125,6656.1328125,6656.1328125,6656.1328125,3600.587890625,0
2006-05-17,6656.1328125,6656.1328125,6656.1328125,6656.1328125,3600.587890625,0
2006-05-18,6656.1328125,6656.1328125,6656.1328125,6656.1328125,3600.587890625,0
2006-05-19,6656.1328125,6656.1328125,6656.1328125,6656.1328125,3600.587890625,0
2006-05-22,6656.1328125,6656.1328125,6656.1328125,6656.1328125,3600.587890625,0
2006-05-23,6656.1328125,6656.1328125,6656.1328125,6656.1328125,3600.587890625,0
2006-05-24,6656.1328125,6656.1328125,6656.1328125,6656.1328125,3600.587890625,0
2006-05-25,6656.1328125,6656.1328125,6656.1328125,6656.1328125,3600.587890625,0
2006-05-26,6656.1328125,6656.1328125,6656.1328125,6656.1328125,3600.587890625,0
2006-05-29,6656.1328125,6656.1328125,6656.1328125,6656.1328125,3600.587890625,0
2006-05-30,6656.1328125,6656.1328125,6656.1328125,6656.1328125,3600.587890625,0
2006-06-01,6656.1328125,6656.1328125,6656.1328125,6656.1328125,3600.587890625,0
2006-06-02,6656.1328125,6656.1328125,6656.1328125,6656.1328125,3600.587890625,0
2006-06-05,6656.1328125,6656.1328125,6656.1328125,6656.1328125,3600.587890625,0
2006-06-06,6656.1328125,6656.1328125,6656.1328125,6656.1328125,3600.587890625,0
2006-06-07,6656.1328125,6656.1328125,6656.1328125,6656.1328125,3600.587890625,0
2006-06-08,6656.1328125,6656.1328125,6656.1328125,6656.1328125,3600.587890625,0
2006-06-09,6656.1328125,6656.1328125,6656.1328125,6656.1328125,3600.587890625,0
2006-06-12,6656.1328125,6656.1328125,6656.1328125,6656.1328125,3600.587890625,0
2006-06-13,6656.1328125,6656.1328125,6656.1328125,6656.1328125,3600.587890625,0
2006-06-14,6656.1328125,6656.1328125,6656.1328125,6656.1328125,3600.587890625,0
2006-06-15,6656.1328125,6656.1328125,6656.1328125,6656.1328125,3600.587890625,0
2006-06-16,6656.1328125,6656.1328125,6656.1328125,6656.1328125,3600.587890625,0
2006-06-19,4340.9560546875,4340.9560546875,4340.9560546875,5093.388671875,2755.232421875,0
2006-06-20,5093.388671875,5093.388671875,5093.388671875,5093.388671875,2755.232421875,0
2006-06-21,5093.388671875,5093.388671875,5093.388671875,5093.388671875,2755.232421875,0
2006-06-22,5209.1474609375,5353.845703125,4919.75,4919.75,2661.303955078125,0
2006-06-23,4919.75,4919.75,4919.75,4919.75,2661.303955078125,0
2006-06-26,4919.75,4977.62939453125,4775.0517578125,4919.75,2661.303955078125,0
2006-06-27,5064.44873046875,5209.1474609375,5064.44873046875,5151.26806640625,2786.5419921875,0
2006-06-28,4977.62939453125,4977.62939453125,4832.93115234375,4890.810546875,2645.649169921875,0
2006-06-29,4775.0517578125,5064.44873046875,4775.0517578125,4890.810546875,2645.649169921875,0
2006-06-30,5006.5693359375,5064.44873046875,4861.87060546875,4948.68994140625,2676.958740234375,0
2006-07-03,4861.87060546875,5006.5693359375,4832.93115234375,5006.5693359375,2708.26806640625,0
2006-07-04,5006.5693359375,5006.5693359375,4803.9912109375,4861.87060546875,2629.994384765625,0
2006-07-05,4861.87060546875,4861.87060546875,4861.87060546875,4861.87060546875,2629.994384765625,0
2006-07-06,4688.232421875,4948.68994140625,4659.29296875,4919.75,2661.303955078125,0
2006-07-07,4832.93115234375,4861.87060546875,4803.9912109375,4861.87060546875,2629.994384765625,0
2006-07-10,4775.0517578125,4977.62939453125,4775.0517578125,4948.68994140625,2676.958740234375,0
2006-07-11,4861.87060546875,4861.87060546875,4746.11181640625,4775.0517578125,2583.0302734375,0
2006-07-12,4919.75,4948.68994140625,4861.87060546875,4919.75,2661.303955078125,0
2006-07-13,4803.9912109375,4832.93115234375,4775.0517578125,4832.93115234375,2614.339599609375,0
2006-07-14,4746.11181640625,4746.11181640625,4572.4736328125,4601.41357421875,2489.10205078125,0
2006-07-17,4543.5341796875,4572.4736328125,4543.5341796875,4485.65478515625,2426.48291015625,0
2006-07-18,4485.65478515625,4485.65478515625,4485.65478515625,4485.65478515625,2426.48291015625,0
2006-07-19,4572.4736328125,4630.35302734375,4572.4736328125,4630.35302734375,2504.756591796875,0
2006-07-20,4630.35302734375,4630.35302734375,4630.35302734375,4630.35302734375,2504.756591796875,0
2006-07-21,4630.35302734375,4630.35302734375,4630.35302734375,4630.35302734375,2504.756591796875,0
2006-07-24,4630.35302734375,4630.35302734375,4630.35302734375,4630.35302734375,2504.756591796875,0
2006-07-25,4630.35302734375,4630.35302734375,4630.35302734375,4630.35302734375,2504.756591796875,0
2006-07-26,4630.35302734375,4630.35302734375,4630.35302734375,4630.35302734375,2504.756591796875,0
2006-07-27,4630.35302734375,4630.35302734375,4630.35302734375,4630.35302734375,2504.756591796875,0
2006-07-28,4051.55908203125,4456.71484375,4051.55908203125,4312.01611328125,2332.554443359375,0
2006-07-31,4340.9560546875,4340.9560546875,4340.9560546875,4340.9560546875,2348.209228515625,0
2006-08-01,4340.9560546875,4340.9560546875,4340.9560546875,4340.9560546875,2348.209228515625,0
2006-08-02,4340.9560546875,4340.9560546875,4340.9560546875,4340.9560546875,2348.209228515625,0
2006-08-03,4340.9560546875,4340.9560546875,4340.9560546875,4340.9560546875,2348.209228515625,0
2006-08-04,4340.9560546875,4340.9560546875,4340.9560546875,4340.9560546875,2348.209228515625,0
2006-08-07,4340.9560546875,4340.9560546875,4340.9560546875,4340.9560546875,2348.209228515625,0
2006-08-08,4340.9560546875,4340.9560546875,4340.9560546875,4340.9560546875,2348.209228515625,0
2006-08-09,4340.9560546875,4340.9560546875,4340.9560546875,4340.9560546875,2348.209228515625,0
2006-08-10,4340.9560546875,4340.9560546875,4340.9560546875,4340.9560546875,2348.209228515625,0
2006-08-11,4340.9560546875,4340.9560546875,4340.9560546875,4340.9560546875,2348.209228515625,0
2006-08-14,4890.810546875,4890.810546875,4601.41357421875,4630.35302734375,2504.756591796875,0
2006-08-15,4630.35302734375,4630.35302734375,4630.35302734375,4630.35302734375,2504.756591796875,0
2006-08-16,4861.87060546875,4861.87060546875,4832.93115234375,4803.9912109375,2598.68505859375,0
2006-08-17,4775.0517578125,4803.9912109375,4746.11181640625,4775.0517578125,2583.0302734375,0
2006-08-18,4775.0517578125,4775.0517578125,4775.0517578125,4775.0517578125,2583.0302734375,0
2006-08-21,4775.0517578125,4775.0517578125,4775.0517578125,4746.11181640625,2567.37548828125,0
2006-08-22,4746.11181640625,4746.11181640625,4746.11181640625,4746.11181640625,2567.37548828125,0
2006-08-23,4688.232421875,4717.17236328125,4688.232421875,4717.17236328125,2551.720947265625,0
2006-08-24,4717.17236328125,4717.17236328125,4717.17236328125,4717.17236328125,2551.720947265625,0
2006-08-25,4717.17236328125,4717.17236328125,4717.17236328125,4717.17236328125,2551.720947265625,0
2006-08-28,4717.17236328125,4717.17236328125,4717.17236328125,4717.17236328125,2551.720947265625,0
2006-08-29,4717.17236328125,4717.17236328125,4717.17236328125,4717.17236328125,2551.720947265625,0
2006-08-30,4630.35302734375,4630.35302734375,4630.35302734375,4340.9560546875,2348.209228515625,0
2006-08-31,4340.9560546875,4340.9560546875,4340.9560546875,4340.9560546875,2348.209228515625,0
2006-09-01,4340.9560546875,4340.9560546875,4340.9560546875,4340.9560546875,2348.209228515625,0
2006-09-04,4340.9560546875,4340.9560546875,4340.9560546875,4340.9560546875,2348.209228515625,0
2006-09-05,4340.9560546875,4340.9560546875,4340.9560546875,4340.9560546875,2348.209228515625,0
2006-09-06,4340.9560546875,4340.9560546875,4340.9560546875,4340.9560546875,2348.209228515625,0
2006-09-07,4340.9560546875,4340.9560546875,4340.9560546875,4340.9560546875,2348.209228515625,0
2006-09-08,4340.9560546875,4340.9560546875,4340.9560546875,4340.9560546875,2348.209228515625,0
2006-09-11,4340.9560546875,4340.9560546875,4340.9560546875,4340.9560546875,2348.209228515625,0
2006-09-12,4340.9560546875,4340.9560546875,4340.9560546875,4340.9560546875,2348.209228515625,0
2006-09-13,4340.9560546875,4340.9560546875,4340.9560546875,4340.9560546875,2348.209228515625,0
2006-09-14,4340.9560546875,4340.9560546875,4340.9560546875,4340.9560546875,2348.209228515625,0
2006-09-15,4340.9560546875,4340.9560546875,4340.9560546875,4340.9560546875,2348.209228515625,0
2006-09-18,4340.9560546875,4340.9560546875,4340.9560546875,4340.9560546875,2348.209228515625,0
2006-09-19,4340.9560546875,4340.9560546875,4340.9560546875,4340.9560546875,2348.209228515625,0
2006-09-20,4340.9560546875,4340.9560546875,4340.9560546875,4340.9560546875,2348.209228515625,0
2006-09-21,4340.9560546875,4340.9560546875,4340.9560546875,4340.9560546875,2348.209228515625,0
2006-09-22,4340.9560546875,4340.9560546875,4340.9560546875,4340.9560546875,2348.209228515625,0
2006-09-25,4340.9560546875,4340.9560546875,4340.9560546875,4340.9560546875,2348.209228515625,0
2006-09-26,4340.9560546875,4340.9560546875,4340.9560546875,4340.9560546875,2348.209228515625,0
2006-09-27,4340.9560546875,4340.9560546875,4340.9560546875,4340.9560546875,2348.209228515625,0
2006-09-28,4543.5341796875,4543.5341796875,4543.5341796875,4543.5341796875,2457.79248046875,0
2006-09-29,4601.41357421875,4601.41357421875,4601.41357421875,4572.4736328125,2473.447021484375,0
2006-10-03,4514.59423828125,4514.59423828125,4514.59423828125,4514.59423828125,2442.1376953125,0
2006-10-04,4601.41357421875,4601.41357421875,4601.41357421875,4543.5341796875,2457.79248046875,0
2006-10-05,4340.9560546875,4514.59423828125,4340.9560546875,4514.59423828125,2442.1376953125,0
2006-10-06,4514.59423828125,4514.59423828125,4514.59423828125,4514.59423828125,2442.1376953125,0
2006-10-09,4601.41357421875,4601.41357421875,4601.41357421875,4485.65478515625,2426.48291015625,0
2006-10-10,4543.5341796875,4543.5341796875,4543.5341796875,4543.5341796875,2457.79248046875,0
2006-10-11,4543.5341796875,4543.5341796875,4543.5341796875,4543.5341796875,2457.79248046875,0
2006-10-12,4543.5341796875,4543.5341796875,4543.5341796875,4543.5341796875,2457.79248046875,0
2006-10-13,4543.5341796875,4543.5341796875,4543.5341796875,4543.5341796875,2457.79248046875,0
2006-10-16,4543.5341796875,4543.5341796875,4543.5341796875,4543.5341796875,2457.79248046875,0
2006-10-17,4543.5341796875,4543.5341796875,4543.5341796875,4543.5341796875,2457.79248046875,0
2006-10-18,4543.5341796875,4543.5341796875,4543.5341796875,4543.5341796875,2457.79248046875,0
2006-10-19,4543.5341796875,4543.5341796875,4543.5341796875,4543.5341796875,2457.79248046875,0
2006-10-20,4543.5341796875,4543.5341796875,4543.5341796875,4543.5341796875,2457.79248046875,0
2006-10-23,4543.5341796875,4543.5341796875,4543.5341796875,4543.5341796875,2457.79248046875,0
2006-10-24,4543.5341796875,4543.5341796875,4543.5341796875,4543.5341796875,2457.79248046875,0
2006-10-25,4601.41357421875,4601.41357421875,4601.41357421875,4543.5341796875,2457.79248046875,0
2006-10-26,4543.5341796875,4543.5341796875,4543.5341796875,4543.5341796875,2457.79248046875,0
2006-10-27,4543.5341796875,4543.5341796875,4543.5341796875,4543.5341796875,2457.79248046875,0
2006-10-31,4456.71484375,4456.71484375,4456.71484375,4427.775390625,2395.173583984375,0
2006-11-01,4427.775390625,4427.775390625,4427.775390625,4427.775390625,2395.173583984375,0
2006-11-02,4427.775390625,4427.775390625,4427.775390625,4427.775390625,2395.173583984375,0
2006-11-03,4340.9560546875,4398.83544921875,4340.9560546875,4340.9560546875,2348.209228515625,0
2006-11-06,4340.9560546875,4340.9560546875,4340.9560546875,4340.9560546875,2348.209228515625,0
2006-11-07,4312.01611328125,4312.01611328125,4312.01611328125,4312.01611328125,2332.554443359375,0
2006-11-08,4312.01611328125,4312.01611328125,4312.01611328125,4312.01611328125,2332.554443359375,0
2006-11-09,4312.01611328125,4312.01611328125,4312.01611328125,4312.01611328125,2332.554443359375,0
2006-11-10,4312.01611328125,4312.01611328125,4312.01611328125,4312.01611328125,2332.554443359375,0
2006-11-13,4312.01611328125,4312.01611328125,4312.01611328125,4312.01611328125,2332.554443359375,0
2006-11-14,4312.01611328125,4312.01611328125,4312.01611328125,4312.01611328125,2332.554443359375,0
2006-11-15,4312.01611328125,4312.01611328125,4312.01611328125,4312.01611328125,2332.554443359375,0
2006-11-16,4312.01611328125,4312.01611328125,4312.01611328125,4312.01611328125,2332.554443359375,0
2006-11-17,4283.07666015625,4312.01611328125,4283.07666015625,4312.01611328125,2332.554443359375,0
2006-11-20,4312.01611328125,4312.01611328125,4312.01611328125,4312.01611328125,2332.554443359375,0
2006-11-21,4312.01611328125,4312.01611328125,4312.01611328125,4312.01611328125,2332.554443359375,0
2006-11-22,4312.01611328125,4312.01611328125,4312.01611328125,4312.01611328125,2332.554443359375,0
2006-11-23,4312.01611328125,4312.01611328125,4312.01611328125,4312.01611328125,2332.554443359375,0
2006-11-24,4312.01611328125,4312.01611328125,4312.01611328125,4312.01611328125,2332.554443359375,0
2006-11-27,4283.07666015625,4283.07666015625,4283.07666015625,4283.07666015625,2316.89990234375,0
2006-11-28,4283.07666015625,4283.07666015625,4283.07666015625,4283.07666015625,2316.89990234375,0
2006-11-29,4283.07666015625,4283.07666015625,4283.07666015625,4283.07666015625,2316.89990234375,0
2006-11-30,4283.07666015625,4283.07666015625,4283.07666015625,4283.07666015625,2316.89990234375,0
2006-12-01,4283.07666015625,4283.07666015625,4283.07666015625,4283.07666015625,2316.89990234375,0
2006-12-04,4283.07666015625,4283.07666015625,4283.07666015625,4283.07666015625,2316.89990234375,0
2006-12-05,4283.07666015625,4283.07666015625,4283.07666015625,4283.07666015625,2316.89990234375,0
2006-12-06,4283.07666015625,4283.07666015625,4283.07666015625,4283.07666015625,2316.89990234375,0
2006-12-07,3762.161865234375,3762.161865234375,3762.161865234375,3762.161865234375,2035.1146240234375,0
2006-12-08,3762.161865234375,3762.161865234375,3762.161865234375,3762.161865234375,2035.1146240234375,0
2006-12-11,3762.161865234375,4051.55908203125,3762.161865234375,3762.161865234375,2035.1146240234375,0
2006-12-12,3762.161865234375,3762.161865234375,3733.22216796875,3733.22216796875,2019.4600830078125,0
2006-12-13,3733.22216796875,3733.22216796875,3733.22216796875,3704.282470703125,2003.8052978515625,0
2006-12-14,3704.282470703125,3704.282470703125,3704.282470703125,3704.282470703125,2003.8052978515625,0
2006-12-15,3704.282470703125,3704.282470703125,3704.282470703125,3704.282470703125,2003.8052978515625,0
2006-12-18,3704.282470703125,3704.282470703125,3704.282470703125,3704.282470703125,2003.8052978515625,0
2006-12-19,3704.282470703125,3704.282470703125,3704.282470703125,3704.282470703125,2003.8052978515625,0
2006-12-20,4167.31787109375,4167.31787109375,4167.31787109375,4167.31787109375,2254.281005859375,0
2006-12-21,4167.31787109375,4167.31787109375,4167.31787109375,4167.31787109375,2254.281005859375,0
2006-12-22,4167.31787109375,4167.31787109375,4167.31787109375,4167.31787109375,2254.281005859375,0
2006-12-27,4167.31787109375,4167.31787109375,4167.31787109375,4167.31787109375,2254.281005859375,0
2006-12-28,4167.31787109375,4167.31787109375,4167.31787109375,4167.31787109375,2254.281005859375,0
2006-12-29,4167.31787109375,4167.31787109375,4167.31787109375,4167.31787109375,2254.281005859375,0
2007-01-02,4167.31787109375,4167.31787109375,4167.31787109375,4167.31787109375,2254.281005859375,0
2007-01-03,4167.31787109375,4167.31787109375,4167.31787109375,4167.31787109375,2254.281005859375,0
2007-01-04,4167.31787109375,4167.31787109375,4167.31787109375,4167.31787109375,2254.281005859375,0
2007-01-05,4167.31787109375,4167.31787109375,4167.31787109375,4167.31787109375,2254.281005859375,0
2007-01-08,4167.31787109375,4167.31787109375,4167.31787109375,4167.31787109375,2254.281005859375,0
2007-01-09,4167.31787109375,4167.31787109375,4167.31787109375,4167.31787109375,2254.281005859375,0
2007-01-10,4167.31787109375,4167.31787109375,4167.31787109375,4167.31787109375,2254.281005859375,0
2007-01-11,4167.31787109375,4167.31787109375,4167.31787109375,4167.31787109375,2254.281005859375,0
2007-01-12,4167.31787109375,4167.31787109375,4167.31787109375,4167.31787109375,2254.281005859375,0
2007-01-15,4167.31787109375,4167.31787109375,4167.31787109375,4167.31787109375,2254.281005859375,0
2007-01-16,4167.31787109375,4167.31787109375,4167.31787109375,4167.31787109375,2254.281005859375,0
2007-01-17,4167.31787109375,4167.31787109375,4167.31787109375,4167.31787109375,2254.281005859375,0
2007-01-18,4167.31787109375,4167.31787109375,4167.31787109375,4167.31787109375,2254.281005859375,0
2007-01-19,4167.31787109375,4167.31787109375,4167.31787109375,4167.31787109375,2254.281005859375,0
2007-01-22,4167.31787109375,4167.31787109375,4167.31787109375,4167.31787109375,2254.281005859375,0
2007-01-23,4167.31787109375,4167.31787109375,4167.31787109375,4167.31787109375,2254.281005859375,0
2007-01-24,4167.31787109375,4167.31787109375,4167.31787109375,4167.31787109375,2254.281005859375,0
2007-01-25,4167.31787109375,4167.31787109375,4167.31787109375,4167.31787109375,2254.281005859375,0
2007-01-26,4167.31787109375,4167.31787109375,4167.31787109375,4167.31787109375,2254.281005859375,0
2007-01-29,4167.31787109375,4167.31787109375,4167.31787109375,4167.31787109375,2254.281005859375,0
2007-01-30,4167.31787109375,4167.31787109375,4167.31787109375,4167.31787109375,2254.281005859375,0
2007-01-31,4167.31787109375,4167.31787109375,4167.31787109375,4167.31787109375,2254.281005859375,0
2007-02-01,4167.31787109375,4167.31787109375,4167.31787109375,4167.31787109375,2254.281005859375,0
2007-02-02,4167.31787109375,4167.31787109375,4167.31787109375,4167.31787109375,2254.281005859375,0
2007-02-05,4167.31787109375,4167.31787109375,4167.31787109375,4167.31787109375,2254.281005859375,0
2007-02-06,4167.31787109375,4167.31787109375,4167.31787109375,4167.31787109375,2254.281005859375,0
2007-02-07,4167.31787109375,4167.31787109375,4167.31787109375,4167.31787109375,2254.281005859375,0
2007-02-08,4167.31787109375,4167.31787109375,4167.31787109375,4167.31787109375,2254.281005859375,0
2007-02-09,4167.31787109375,4167.31787109375,4167.31787109375,4167.31787109375,2254.281005859375,0
2007-02-12,4167.31787109375,4167.31787109375,4167.31787109375,4167.31787109375,2254.281005859375,0
2007-02-13,4167.31787109375,4167.31787109375,4167.31787109375,4167.31787109375,2254.281005859375,0
2007-02-14,4167.31787109375,4167.31787109375,4167.31787109375,4167.31787109375,2254.281005859375,0
2007-02-15,4167.31787109375,4196.25732421875,4167.31787109375,4138.3779296875,2238.6259765625,0
2007-02-16,4167.31787109375,4167.31787109375,4167.31787109375,4167.31787109375,2254.281005859375,0
2007-02-21,4167.31787109375,4167.31787109375,4167.31787109375,4167.31787109375,2254.281005859375,0
2007-02-22,4167.31787109375,4167.31787109375,4167.31787109375,4167.31787109375,2254.281005859375,0
2007-02-23,3906.8603515625,3906.8603515625,3906.8603515625,3906.8603515625,2113.388427734375,0
2007-02-26,3675.3427734375,3675.3427734375,3646.403076171875,3646.403076171875,1972.495849609375,0
2007-02-27,4167.31787109375,4167.31787109375,3125.48828125,3212.307373046875,1737.6748046875,0
2007-02-28,3183.36767578125,3183.36767578125,2604.57373046875,2662.453125,1440.2349853515625,0
2007-03-01,2662.453125,2893.970703125,2401.99560546875,2604.57373046875,1408.9256591796875,0
2007-03-02,2604.57373046875,2749.272216796875,2459.875,2517.75439453125,1361.9613037109375,0
2007-03-05,2401.99560546875,2401.99560546875,2083.658935546875,2199.417724609375,1189.7593994140625,0
2007-03-06,2199.417724609375,2257.297119140625,2083.658935546875,2112.5986328125,1142.7952880859375,0
2007-03-07,2054.71923828125,2170.47802734375,1736.3824462890625,1794.2618408203125,970.5931396484375,0
2007-03-08,1794.2618408203125,1794.2618408203125,1794.2618408203125,1794.2618408203125,970.5931396484375,0
2007-03-09,1996.83984375,2025.779541015625,1562.744140625,1591.683837890625,861.0100708007812,1
2007-03-12,1591.683837890625,1678.5030517578125,1360.166259765625,1389.10595703125,751.427001953125,3
2007-03-13,1446.9853515625,1446.9853515625,1302.286865234375,1360.166259765625,735.7722778320312,3
2007-03-14,1273.34716796875,1446.9853515625,1157.5882568359375,1244.4073486328125,673.1532592773438,4
2007-03-15,1302.286865234375,1533.804443359375,1186.5279541015625,1418.045654296875,767.0816650390625,23
2007-03-16,1446.9853515625,1591.683837890625,1331.2265625,1360.166259765625,735.7722778320312,49
2007-03-19,1360.166259765625,1360.166259765625,1360.166259765625,1360.166259765625,735.7722778320312,0
2007-03-20,1504.86474609375,1562.744140625,1331.2265625,1389.10595703125,751.427001953125,82
2007-03-21,1446.9853515625,1446.9853515625,1273.34716796875,1331.2265625,720.1174926757812,15
2007-03-22,1360.166259765625,1360.166259765625,1215.4676513671875,1215.4676513671875,657.4985961914062,14
2007-03-23,1215.4676513671875,1360.166259765625,1215.4676513671875,1302.286865234375,704.4628295898438,13
2007-03-26,1302.286865234375,1360.166259765625,1273.34716796875,1331.2265625,720.1174926757812,9
2007-03-27,1331.2265625,1360.166259765625,1273.34716796875,1331.2265625,720.1174926757812,3
2007-03-28,1302.286865234375,1331.2265625,1273.34716796875,1331.2265625,720.1174926757812,5
2007-03-29,1302.286865234375,1591.683837890625,1273.34716796875,1504.86474609375,814.0458984375,24
2007-03-30,1504.86474609375,1504.86474609375,1504.86474609375,1504.86474609375,814.0458984375,0
2007-04-02,1967.9000244140625,2025.779541015625,1765.3221435546875,1823.2015380859375,986.2479248046875,32
2007-04-03,1852.1412353515625,1910.0206298828125,1794.2618408203125,1852.1412353515625,1001.9026489257812,12
2007-04-04,1852.1412353515625,1852.1412353515625,1852.1412353515625,1852.1412353515625,1001.9026489257812,0
2007-04-10,1852.1412353515625,1852.1412353515625,1852.1412353515625,1852.1412353515625,1001.9026489257812,0
2007-04-11,1678.5030517578125,1794.2618408203125,1591.683837890625,1678.5030517578125,907.9743041992188,21
2007-04-12,1649.5633544921875,1678.5030517578125,1591.683837890625,1620.62353515625,876.6647338867188,9
2007-04-13,1649.5633544921875,1852.1412353515625,1649.5633544921875,1765.3221435546875,954.9384765625,18
2007-04-16,1852.1412353515625,1910.0206298828125,1794.2618408203125,1852.1412353515625,1001.9026489257812,18
2007-04-17,1852.1412353515625,1852.1412353515625,1852.1412353515625,1852.1412353515625,1001.9026489257812,0
2007-04-18,3530.644287109375,4312.01611328125,2951.85009765625,3009.7294921875,1628.091796875,120
2007-04-19,3096.548583984375,3385.94580078125,2488.814697265625,3038.669189453125,1643.7464599609375,48
2007-04-20,3212.307373046875,3299.126708984375,2865.031005859375,2922.910400390625,1581.1275634765625,20
2007-04-23,2951.85009765625,3096.548583984375,2662.453125,2720.33251953125,1471.5445556640625,12
2007-04-24,2691.392822265625,2807.151611328125,2546.6943359375,2720.33251953125,1471.5445556640625,16
2007-04-25,2720.33251953125,2749.272216796875,2170.47802734375,2401.99560546875,1299.342529296875,18
2007-04-26,2459.875,2488.814697265625,2228.357421875,2257.297119140625,1221.06884765625,6
2007-04-27,2257.297119140625,2517.75439453125,2228.357421875,2344.1162109375,1268.032958984375,12
2007-04-30,2401.99560546875,2401.99560546875,2199.417724609375,2315.176513671875,1252.3782958984375,4
2007-05-02,2401.99560546875,2778.2119140625,2286.23681640625,2488.814697265625,1346.3065185546875,33
2007-05-03,2517.75439453125,2691.392822265625,2459.875,2517.75439453125,1361.9613037109375,14
2007-05-04,2604.57373046875,2662.453125,2517.75439453125,2517.75439453125,1361.9613037109375,12
2007-05-07,2546.6943359375,2575.634033203125,2315.176513671875,2401.99560546875,1299.342529296875,7
2007-05-08,2401.99560546875,2401.99560546875,2257.297119140625,2286.23681640625,1236.7235107421875,6
2007-05-09,2286.23681640625,2373.055908203125,2257.297119140625,2286.23681640625,1236.7235107421875,4
2007-05-10,2315.176513671875,2575.634033203125,2286.23681640625,2401.99560546875,1299.342529296875,13
2007-05-11,2401.99560546875,2488.814697265625,2344.1162109375,2373.055908203125,1283.687744140625,4
2007-05-14,2373.055908203125,2373.055908203125,2373.055908203125,2373.055908203125,1283.687744140625,0
2007-05-15,2373.055908203125,2373.055908203125,2373.055908203125,2373.055908203125,1283.687744140625,0
2007-05-16,2373.055908203125,2373.055908203125,2373.055908203125,2373.055908203125,1283.687744140625,0
2007-05-17,2720.33251953125,2836.09130859375,2488.814697265625,2517.75439453125,1361.9613037109375,20
2007-05-18,2517.75439453125,2517.75439453125,2517.75439453125,2517.75439453125,1361.9613037109375,0
2007-05-21,251.77574157714844,251.77574157714844,251.77574157714844,251.77574157714844,136.19630432128906,0
2007-05-22,251.77574157714844,251.77574157714844,251.77574157714844,251.77574157714844,136.19630432128906,0
2007-05-23,251.77574157714844,251.77574157714844,251.77574157714844,251.77574157714844,136.19630432128906,0
2007-05-25,251.77574157714844,251.77574157714844,251.77574157714844,251.77574157714844,136.19630432128906,0
2007-05-28,251.77574157714844,251.77574157714844,251.77574157714844,251.77574157714844,136.19630432128906,0
2007-05-29,251.77574157714844,251.77574157714844,251.77574157714844,251.77574157714844,136.19630432128906,0
2007-05-30,251.77574157714844,251.77574157714844,251.77574157714844,251.77574157714844,136.19630432128906,0
2007-05-31,251.77574157714844,251.77574157714844,251.77574157714844,251.77574157714844,136.19630432128906,0
2007-06-01,251.77574157714844,251.77574157714844,251.77574157714844,251.77574157714844,136.19630432128906,0
2007-06-04,251.77574157714844,251.77574157714844,251.77574157714844,251.77574157714844,136.19630432128906,0
2007-06-05,2025.7818603515625,2025.7818603515625,1910.0228271484375,1938.962646484375,1048.8680419921875,683
2007-06-06,1938.962646484375,1996.842041015625,1910.0228271484375,1938.962646484375,1048.8680419921875,2334
2007-06-07,1910.0228271484375,1938.962646484375,1910.0228271484375,1910.0228271484375,1033.2132568359375,1069
2007-06-08,1881.0831298828125,1910.0228271484375,1794.263916015625,1881.0831298828125,1017.5585327148438,2773
2007-06-11,1938.962646484375,1938.962646484375,1852.1434326171875,1881.0831298828125,1017.5585327148438,3318
2007-06-12,1910.0228271484375,2430.938232421875,1852.1434326171875,2401.99853515625,1299.343994140625,15545
2007-06-13,2373.058837890625,2488.817626953125,2083.661376953125,2112.60107421875,1142.7965087890625,15351
2007-06-14,2170.48046875,2257.2998046875,1881.0831298828125,1938.962646484375,1048.8680419921875,16626
2007-06-15,1967.90234375,1996.842041015625,1765.32421875,1765.32421875,954.9396362304688,14664
2007-06-18,1852.1434326171875,1852.1434326171875,1562.7459716796875,1620.62548828125,876.6658325195312,10935
2007-06-20,1649.565185546875,1707.4447021484375,1591.6856689453125,1649.565185546875,892.320556640625,13337
2007-06-21,1649.565185546875,1707.4447021484375,1591.6856689453125,1620.62548828125,876.6658325195312,8325
2007-06-22,1620.62548828125,1707.4447021484375,1620.62548828125,1678.5050048828125,907.9754028320312,3972
2007-06-25,1678.5050048828125,1678.5050048828125,1678.5050048828125,1678.5050048828125,907.9754028320312,0
2007-06-26,1794.263916015625,1823.20361328125,1649.565185546875,1765.32421875,954.9396362304688,9775
2007-06-27,1765.32421875,1881.0831298828125,1765.32421875,1852.1434326171875,1001.9038696289062,19069
2007-06-28,1852.1434326171875,1910.0228271484375,1765.32421875,1794.263916015625,970.5942993164062,6835
2007-06-29,1823.20361328125,1852.1434326171875,1707.4447021484375,1736.3843994140625,939.2847900390625,7617
2007-07-03,1765.32421875,1794.263916015625,1620.62548828125,1678.5050048828125,907.9754028320312,2222
2007-07-04,1620.62548828125,1649.565185546875,1562.7459716796875,1649.565185546875,892.320556640625,3777
2007-07-05,1620.62548828125,1678.5050048828125,1562.7459716796875,1678.5050048828125,907.9754028320312,3306
2007-07-06,1736.3843994140625,1765.32421875,1678.5050048828125,1707.4447021484375,923.6300659179688,2551
2007-07-09,1736.3843994140625,1881.0831298828125,1736.3843994140625,1823.20361328125,986.2490234375,5418
2007-07-10,1852.1434326171875,1852.1434326171875,1736.3843994140625,1736.3843994140625,939.2847900390625,1943
2007-07-11,1707.4447021484375,1852.1434326171875,1678.5050048828125,1823.20361328125,986.2490234375,3648
2007-07-12,1852.1434326171875,2112.60107421875,1852.1434326171875,2025.7818603515625,1095.832275390625,27059
2007-07-13,2054.7216796875,2141.540771484375,1967.90234375,1996.842041015625,1080.177490234375,15701
2007-07-16,2054.7216796875,2170.48046875,2054.7216796875,2141.540771484375,1158.4512939453125,23120
2007-07-17,2141.540771484375,2517.75732421875,2141.540771484375,2228.360107421875,1205.41552734375,47585
2007-07-18,2257.2998046875,2315.17919921875,1996.842041015625,2112.60107421875,1142.7965087890625,14362
2007-07-19,2083.661376953125,2170.48046875,1996.842041015625,2054.7216796875,1111.487060546875,4599
2007-07-20,2054.7216796875,2054.7216796875,2054.7216796875,2054.7216796875,1111.487060546875,0
2007-07-23,2054.7216796875,2054.7216796875,2054.7216796875,2054.7216796875,1111.487060546875,0
2007-07-24,2430.938232421875,2517.75732421875,2257.2998046875,2315.17919921875,1252.3797607421875,7033
2007-07-25,2315.17919921875,2315.17919921875,2315.17919921875,2315.17919921875,1252.3797607421875,0
2007-07-26,2720.335693359375,2749.275390625,2315.17919921875,2488.817626953125,1346.3082275390625,113296
2007-07-27,2344.118896484375,2459.8779296875,2199.420166015625,2286.239501953125,1236.7249755859375,15800
2007-07-30,2315.17919921875,2459.8779296875,2286.239501953125,2430.938232421875,1314.998779296875,15102
2007-07-31,2401.99853515625,2488.817626953125,2373.058837890625,2430.938232421875,1314.998779296875,10832
2007-08-01,2459.8779296875,2459.8779296875,2083.661376953125,2228.360107421875,1205.41552734375,9506
2007-08-02,2228.360107421875,2228.360107421875,2228.360107421875,2228.360107421875,1205.41552734375,0
2007-08-03,2228.360107421875,2228.360107421875,2228.360107421875,2228.360107421875,1205.41552734375,0
2007-08-06,2228.360107421875,2228.360107421875,2228.360107421875,2228.360107421875,1205.41552734375,0
2007-08-07,2228.360107421875,2228.360107421875,2228.360107421875,2228.360107421875,1205.41552734375,0
2007-08-08,2228.360107421875,2228.360107421875,2228.360107421875,2228.360107421875,1205.41552734375,0
2007-08-09,2315.17919921875,2373.058837890625,1910.0228271484375,2054.7216796875,1111.487060546875,14235
2007-08-10,1765.32421875,1852.1434326171875,1678.5050048828125,1707.4447021484375,923.6300659179688,7358
2007-08-13,1707.4447021484375,1823.20361328125,1504.866455078125,1533.8062744140625,829.7015991210938,14220
2007-08-14,1562.7459716796875,1591.6856689453125,1475.9267578125,1475.9267578125,798.39208984375,7899
2007-08-15,1446.987060546875,1446.987060546875,1302.288330078125,1360.1678466796875,735.7730712890625,11301
2007-08-16,1302.288330078125,1345.6978759765625,1244.4088134765625,1302.288330078125,704.463623046875,8228
2007-08-17,1302.288330078125,1302.288330078125,926.0717163085938,1128.64990234375,610.53515625,9616
2007-08-20,1244.4088134765625,1302.288330078125,1012.8909301757812,1200.999267578125,649.6719970703125,9913
2007-08-21,1215.4691162109375,1244.4088134765625,1200.999267578125,1229.93896484375,665.3267211914062,6068
2007-08-22,1215.4691162109375,1316.7581787109375,1186.5294189453125,1287.8184814453125,696.63623046875,5868
2007-08-23,1302.288330078125,1331.22802734375,1287.8184814453125,1302.288330078125,704.463623046875,7793
2007-08-24,1302.288330078125,1360.1678466796875,1258.878662109375,1360.1678466796875,735.7730712890625,2586
2007-08-27,1432.5172119140625,1562.7459716796875,1403.577392578125,1562.7459716796875,845.3563232421875,4945
2007-08-28,1591.6856689453125,1591.6856689453125,1418.0472412109375,1446.987060546875,782.7373046875,3179
2007-08-29,1360.1678466796875,1389.1075439453125,1302.288330078125,1389.1075439453125,751.4278564453125,2377
2007-08-30,1446.987060546875,1475.9267578125,1345.6978759765625,1345.6978759765625,727.9457397460938,1794
2007-08-31,1345.6978759765625,1389.1075439453125,1331.22802734375,1360.1678466796875,735.7730712890625,2017
2007-09-03,1331.22802734375,1475.9267578125,1316.7581787109375,1475.9267578125,798.39208984375,4312
2007-09-04,1446.987060546875,1446.987060546875,1389.1075439453125,1389.1075439453125,751.4278564453125,2523
2007-09-05,1389.1075439453125,1403.577392578125,1316.7581787109375,1331.22802734375,720.1183471679688,2004
2007-09-06,1331.22802734375,1374.6376953125,1316.7581787109375,1360.1678466796875,735.7730712890625,1397
2007-09-07,1331.22802734375,1360.1678466796875,1287.8184814453125,1331.22802734375,720.1183471679688,2329
2007-09-10,1229.93896484375,1331.22802734375,1229.93896484375,1302.288330078125,704.463623046875,998
2007-09-11,1287.8184814453125,1345.6978759765625,1258.878662109375,1258.878662109375,680.9815063476562,1048
2007-09-12,1273.3486328125,1316.7581787109375,1258.878662109375,1273.3486328125,688.8088989257812,994
2007-09-13,1302.288330078125,1302.288330078125,1215.4691162109375,1229.93896484375,665.3267211914062,1060
2007-09-14,1229.93896484375,1244.4088134765625,1200.999267578125,1244.4088134765625,673.1541137695312,1420
2007-09-17,1200.999267578125,1229.93896484375,1157.589599609375,1200.999267578125,649.6719970703125,939
2007-09-18,1200.999267578125,1200.999267578125,1172.0594482421875,1200.999267578125,649.6719970703125,1231
2007-09-19,1200.999267578125,1229.93896484375,1186.5294189453125,1200.999267578125,649.6719970703125,2279
2007-09-20,1215.4691162109375,1215.4691162109375,1099.7100830078125,1128.64990234375,610.53515625,2826
2007-09-21,1128.64990234375,1157.589599609375,1114.1800537109375,1157.589599609375,626.1898803710938,2390
2007-09-24,1099.7100830078125,1157.589599609375,1099.7100830078125,1143.1197509765625,618.3624877929688,2821
2007-09-25,1157.589599609375,1316.7581787109375,1157.589599609375,1215.4691162109375,657.4993896484375,4283
2007-09-27,1215.4691162109375,1215.4691162109375,1157.589599609375,1186.5294189453125,641.8446655273438,2239
2007-09-28,1186.5294189453125,1186.5294189453125,1143.1197509765625,1186.5294189453125,641.8446655273438,1044
2007-10-02,1186.5294189453125,1186.5294189453125,1041.8306884765625,1128.64990234375,610.53515625,4024
2007-10-03,1128.64990234375,1157.589599609375,1114.1800537109375,1114.1800537109375,602.707763671875,1648
2007-10-04,1099.7100830078125,1128.64990234375,1099.7100830078125,1128.64990234375,610.53515625,1412
2007-10-05,1157.589599609375,1172.0594482421875,1128.64990234375,1143.1197509765625,618.3624877929688,1184
2007-10-08,1157.589599609375,1244.4088134765625,1157.589599609375,1200.999267578125,649.6719970703125,2984
2007-10-09,1229.93896484375,1229.93896484375,1186.5294189453125,1215.4691162109375,657.4993896484375,1211
2007-10-10,1186.5294189453125,1258.878662109375,1186.5294189453125,1229.93896484375,665.3267211914062,2215
2007-10-11,1287.8184814453125,1287.8184814453125,1200.999267578125,1244.4088134765625,673.1541137695312,1372
2007-10-12,1186.5294189453125,1200.999267578125,1128.64990234375,1200.999267578125,649.6719970703125,2106
2007-10-15,1143.1197509765625,1157.589599609375,1099.7100830078125,1128.64990234375,610.53515625,2747
2007-10-16,1085.240234375,1114.1800537109375,1085.240234375,1085.240234375,587.052978515625,1648
2007-10-17,1085.240234375,1085.240234375,1085.240234375,1085.240234375,587.052978515625,0
2007-10-18,1085.240234375,1085.240234375,1085.240234375,1085.240234375,587.052978515625,0
2007-10-22,868.1921997070312,1012.8909301757812,868.1921997070312,926.0717163085938,500.9519348144531,5230
2007-10-23,955.0114135742188,969.4813232421875,911.601806640625,911.601806640625,493.12451171875,3132
2007-10-24,897.1319580078125,911.601806640625,853.7223510742188,882.662109375,477.4698181152344,7706
2007-10-25,897.1319580078125,940.5415649414062,882.662109375,940.5415649414062,508.7792663574219,5201
2007-10-26,940.5415649414062,1027.36083984375,926.0717163085938,969.4813232421875,524.4340209960938,8346
2007-10-29,998.4210205078125,998.4210205078125,926.0717163085938,940.5415649414062,508.7792663574219,1960
2007-10-30,998.4210205078125,1012.8909301757812,926.0717163085938,926.0717163085938,500.9519348144531,1175
2007-10-31,926.0717163085938,926.0717163085938,897.1319580078125,911.601806640625,493.12451171875,2045
2007-11-01,926.0717163085938,926.0717163085938,882.662109375,897.1319580078125,485.2971496582031,1803
2007-11-02,868.1921997070312,911.601806640625,868.1921997070312,897.1319580078125,485.2971496582031,1538
2007-11-05,897.1319580078125,897.1319580078125,839.2525024414062,853.7223510742188,461.8150329589844,2468
2007-11-06,868.1921997070312,897.1319580078125,868.1921997070312,868.1921997070312,469.64239501953125,783
2007-11-07,882.662109375,911.601806640625,882.662109375,882.662109375,477.4698181152344,1242
2007-11-08,882.662109375,882.662109375,839.2525024414062,868.1921997070312,469.64239501953125,1212
2007-11-09,882.662109375,911.601806640625,853.7223510742188,897.1319580078125,485.2971496582031,2016
2007-11-12,882.662109375,897.1319580078125,839.2525024414062,868.1921997070312,469.64239501953125,2082
2007-11-13,853.7223510742188,868.1921997070312,839.2525024414062,853.7223510742188,461.8150329589844,2107
2007-11-14,839.2525024414062,868.1921997070312,824.7825927734375,868.1921997070312,469.64239501953125,1090
2007-11-15,853.7223510742188,868.1921997070312,839.2525024414062,839.2525024414062,453.9877014160156,1171
2007-11-16,839.2525024414062,839.2525024414062,810.312744140625,824.7825927734375,446.1602783203125,943
2007-11-19,810.312744140625,810.312744140625,766.9031372070312,795.8428344726562,430.5055236816406,1272
2007-11-20,752.4332275390625,795.8428344726562,752.4332275390625,781.3729858398438,422.67816162109375,1186
2007-11-21,766.9031372070312,781.3729858398438,752.4332275390625,752.4332275390625,407.0234069824219,1212
2007-11-22,752.4332275390625,752.4332275390625,697.44775390625,697.44775390625,377.2794189453125,777
2007-11-23,700.3417358398438,723.4935302734375,694.5537719726562,717.70556640625,388.23773193359375,395
2007-11-26,723.4935302734375,723.4935302734375,694.5537719726562,694.5537719726562,375.71392822265625,979
2007-11-27,665.614013671875,680.0839233398438,627.9923706054688,665.614013671875,360.0591735839844,1653
2007-11-28,662.7200317382812,665.614013671875,642.4622192382812,651.1441650390625,352.2318115234375,999
2007-11-29,654.0381469726562,711.9176025390625,651.1441650390625,680.0839233398438,367.88653564453125,705
2007-11-30,694.5537719726562,737.96337890625,685.871826171875,709.0236206054688,383.5412902832031,1287
2007-12-03,723.4935302734375,897.1319580078125,723.4935302734375,853.7223510742188,461.8150329589844,5219
2007-12-04,853.7223510742188,868.1921997070312,795.8428344726562,868.1921997070312,469.64239501953125,2062
2007-12-05,839.2525024414062,868.1921997070312,839.2525024414062,853.7223510742188,461.8150329589844,2843
2007-12-06,868.1921997070312,882.662109375,839.2525024414062,839.2525024414062,453.9877014160156,1415
2007-12-07,824.7825927734375,853.7223510742188,810.312744140625,810.312744140625,438.3329162597656,431
2007-12-10,781.3729858398438,781.3729858398438,723.4935302734375,781.3729858398438,422.67816162109375,749
2007-12-11,752.4332275390625,752.4332275390625,737.96337890625,752.4332275390625,407.0234069824219,630
2007-12-12,709.0236206054688,723.4935302734375,665.614013671875,720.5995483398438,389.8031921386719,1319
2007-12-13,694.5537719726562,720.5995483398438,674.2959594726562,677.18994140625,366.3210754394531,2253
2007-12-14,668.5079956054688,694.5537719726562,668.5079956054688,694.5537719726562,375.71392822265625,255
2007-12-17,720.5995483398438,723.4935302734375,694.5537719726562,694.5537719726562,375.71392822265625,566
2007-12-18,717.70556640625,717.70556640625,645.356201171875,665.614013671875,360.0591735839844,203
2007-12-19,691.6597900390625,703.2357177734375,654.0381469726562,703.2357177734375,380.4103698730469,1240
2007-12-20,709.0236206054688,752.4332275390625,709.0236206054688,723.4935302734375,391.36865234375,9026
2007-12-21,723.4935302734375,766.9031372070312,723.4935302734375,723.4935302734375,391.36865234375,10065
2007-12-24,723.4935302734375,723.4935302734375,723.4935302734375,723.4935302734375,391.36865234375,228
2007-12-27,691.6597900390625,737.96337890625,691.6597900390625,711.9176025390625,385.10675048828125,4892
2007-12-28,691.6597900390625,711.9176025390625,691.6597900390625,694.5537719726562,375.71392822265625,5390
2007-12-31,697.44775390625,703.2357177734375,682.9779052734375,682.9779052734375,369.4520568847656,2570
2008-01-02,688.7658081054688,694.5537719726562,682.9779052734375,694.5537719726562,375.71392822265625,9125
2008-01-03,694.5537719726562,694.5537719726562,659.8261108398438,659.8261108398438,356.9282531738281,5100
2008-01-04,654.0381469726562,662.7200317382812,642.4622192382812,651.1441650390625,352.2318115234375,2759
2008-01-07,674.2959594726562,674.2959594726562,627.9923706054688,627.9923706054688,339.7080383300781,79
2008-01-08,622.2044067382812,642.4622192382812,610.6285400390625,636.67431640625,344.4044494628906,237
2008-01-09,636.67431640625,651.1441650390625,613.5225219726562,651.1441650390625,352.2318115234375,238
2008-01-10,622.2044067382812,659.8261108398438,622.2044067382812,656.93212890625,355.3627624511719,117
2008-01-11,665.614013671875,665.614013671875,622.2044067382812,622.2044067382812,336.5770568847656,430
2008-01-14,610.6285400390625,651.1441650390625,607.7345581054688,607.7345581054688,328.74969482421875,349
2008-01-15,596.1586303710938,596.1586303710938,544.067138671875,552.7490234375,299.0056457519531,701
2008-01-16,535.3851928710938,535.3851928710938,494.86956787109375,500.6575012207031,270.8271179199219,405
2008-01-17,500.6575012207031,500.6575012207031,448.56597900390625,471.7177734375,255.17237854003906,1006
2008-01-18,471.7177734375,477.5057067871094,413.8382873535156,463.0358581542969,250.47596740722656,720
2008-01-21,436.9900817871094,477.5057067871094,431.2021179199219,431.2021179199219,233.25570678710938,784
2008-01-22,405.1563720703125,405.1563720703125,318.337158203125,327.0190734863281,176.89865112304688,1306
2008-01-23,341.48895263671875,410.9443054199219,341.48895263671875,405.1563720703125,219.1664581298828,2708
2008-01-24,358.852783203125,405.1563720703125,358.852783203125,399.368408203125,216.03550720214844,780
2008-01-25,431.2021179199219,431.2021179199219,390.6864929199219,405.1563720703125,219.1664581298828,145
2008-01-28,303.8672790527344,410.9443054199219,303.8672790527344,390.6864929199219,211.33908081054688,255
2008-01-29,422.52020263671875,422.52020263671875,399.368408203125,399.368408203125,216.03550720214844,1326
2008-01-30,390.6864929199219,410.9443054199219,387.7925109863281,390.6864929199219,211.33908081054688,224
2008-01-31,358.852783203125,387.7925109863281,358.852783203125,384.8985595703125,208.20814514160156,487
2008-02-01,390.6864929199219,405.1563720703125,367.5346984863281,367.5346984863281,198.81529235839844,124
2008-02-04,384.8985595703125,384.8985595703125,379.110595703125,379.110595703125,205.07717895507812,48
2008-02-05,405.1563720703125,425.4141845703125,402.26239013671875,425.4141845703125,230.12478637695312,58
2008-02-06,402.26239013671875,402.26239013671875,399.368408203125,399.368408203125,216.03550720214844,148
2008-02-11,393.5804748535156,425.4141845703125,384.8985595703125,384.8985595703125,208.20814514160156,196
2008-02-12,416.7322692871094,416.7322692871094,379.110595703125,379.110595703125,205.07717895507812,6
2008-02-13,379.110595703125,402.26239013671875,379.110595703125,402.26239013671875,217.60098266601562,34
2008-02-14,402.26239013671875,428.30816650390625,402.26239013671875,402.26239013671875,217.60098266601562,176
2008-02-15,399.368408203125,422.52020263671875,390.6864929199219,405.1563720703125,219.1664581298828,1630
2008-02-18,419.6262512207031,457.2478942871094,410.9443054199219,422.52020263671875,228.55929565429688,731
2008-02-19,445.6719970703125,477.5057067871094,419.6262512207031,463.0358581542969,250.47596740722656,1978
2008-02-20,465.9298095703125,491.9755859375,457.2478942871094,486.1876525878906,262.999755859375,1091
2008-02-21,491.9755859375,491.9755859375,451.4599609375,463.0358581542969,250.47596740722656,843
2008-02-22,471.7177734375,471.7177734375,431.2021179199219,434.0960998535156,234.82119750976562,1492
2008-02-25,434.0960998535156,439.8840637207031,413.8382873535156,416.7322692871094,225.42835998535156,428
2008-02-26,416.7322692871094,419.6262512207031,416.7322692871094,419.6262512207031,226.9938507080078,159
2008-02-27,436.9900817871094,457.2478942871094,436.9900817871094,436.9900817871094,236.38668823242188,272
2008-02-28,463.0358581542969,463.0358581542969,448.56597900390625,448.56597900390625,242.64857482910156,126
2008-02-29,448.56597900390625,448.56597900390625,448.56597900390625,448.56597900390625,242.64857482910156,0
2008-03-03,448.56597900390625,448.56597900390625,448.56597900390625,448.56597900390625,242.64857482910156,0
2008-03-04,448.56597900390625,448.56597900390625,448.56597900390625,448.56597900390625,242.64857482910156,0
2008-03-05,448.56597900390625,480.3996887207031,408.05035400390625,428.30816650390625,231.6902618408203,3396
2008-03-06,434.0960998535156,434.0960998535156,405.1563720703125,416.7322692871094,225.42835998535156,694
2008-03-07,410.9443054199219,410.9443054199219,373.3226623535156,376.21661376953125,203.51170349121094,1100
2008-03-10,350.1708679199219,364.6407165527344,335.70098876953125,364.6407165527344,197.2498016357422,1709
2008-03-11,361.74676513671875,364.6407165527344,355.95880126953125,364.6407165527344,197.2498016357422,293
2008-03-12,364.6407165527344,370.4286804199219,364.6407165527344,370.4286804199219,200.38075256347656,1164
2008-03-13,370.4286804199219,370.4286804199219,335.70098876953125,347.2768859863281,187.85696411132812,238
2008-03-14,347.2768859863281,405.1563720703125,347.2768859863281,373.3226623535156,201.9462432861328,89
2008-03-17,324.1250915527344,347.2768859863281,306.7612609863281,315.44317626953125,170.63674926757812,137
2008-03-18,300.9732971191406,300.9732971191406,289.39739990234375,300.9732971191406,162.8093719482422,1247
2008-03-19,303.8672790527344,335.70098876953125,303.8672790527344,321.2311096191406,173.76768493652344,988
2008-03-20,318.337158203125,318.337158203125,289.39739990234375,289.39739990234375,156.54747009277344,1416
2008-03-25,306.7612609863281,309.65521240234375,266.24560546875,272.0335693359375,147.15463256835938,1423
2008-03-26,272.0335693359375,289.39739990234375,269.13958740234375,289.39739990234375,156.54747009277344,2481
2008-03-27,260.4576721191406,318.337158203125,260.4576721191406,315.44317626953125,170.63674926757812,993
2008-03-28,289.39739990234375,315.44317626953125,289.39739990234375,303.8672790527344,164.37484741210938,1264
2008-03-31,303.8672790527344,312.5491943359375,298.0793151855469,303.8672790527344,164.37484741210938,850
2008-04-01,298.0793151855469,298.0793151855469,283.6094665527344,295.18536376953125,159.6784210205078,4182
2008-04-02,298.0793151855469,303.8672790527344,286.50341796875,295.18536376953125,159.6784210205078,830
2008-04-03,303.8672790527344,312.5491943359375,286.50341796875,289.39739990234375,156.54747009277344,1240
2008-04-07,292.2913818359375,303.8672790527344,292.2913818359375,303.8672790527344,164.37484741210938,786
2008-04-08,303.8672790527344,329.9130554199219,303.8672790527344,306.7612609863281,165.94032287597656,3154
2008-04-09,300.9732971191406,303.8672790527344,286.50341796875,295.18536376953125,159.6784210205078,6589
2008-04-10,274.9275207519531,292.2913818359375,274.9275207519531,292.2913818359375,158.11294555664062,1261
2008-04-11,277.8215026855469,289.39739990234375,260.4576721191406,272.0335693359375,147.15463256835938,4198
2008-04-14,260.4576721191406,277.8215026855469,254.6697235107422,257.5636901855469,139.32723999023438,506
2008-04-15,248.88177490234375,277.8215026855469,248.88177490234375,277.8215026855469,150.2855682373047,784
2008-04-16,260.4576721191406,263.35162353515625,254.6697235107422,260.4576721191406,140.89273071289062,1057
2008-04-17,260.4576721191406,277.8215026855469,260.4576721191406,272.0335693359375,147.15463256835938,1211
2008-04-18,260.4576721191406,266.24560546875,260.4576721191406,266.24560546875,144.02366638183594,169
2008-04-21,274.9275207519531,286.50341796875,269.13958740234375,272.0335693359375,147.15463256835938,1004
2008-04-22,266.24560546875,269.13958740234375,254.6697235107422,269.13958740234375,145.5891571044922,1534
2008-04-23,231.51792907714844,274.9275207519531,231.51792907714844,269.13958740234375,145.5891571044922,406
2008-04-24,274.9275207519531,283.6094665527344,269.13958740234375,277.8215026855469,150.2855682373047,2045
2008-04-25,280.7154846191406,286.50341796875,274.9275207519531,283.6094665527344,153.41651916503906,470
2008-04-28,286.50341796875,379.110595703125,283.6094665527344,335.70098876953125,181.59507751464844,4736
2008-04-29,260.4576721191406,260.4576721191406,260.4576721191406,260.4576721191406,140.89273071289062,3798
2008-04-30,260.4576721191406,260.4576721191406,260.4576721191406,260.4576721191406,140.89273071289062,2434
2008-05-02,260.4576721191406,260.4576721191406,260.4576721191406,260.4576721191406,140.89273071289062,0
2008-05-05,260.4576721191406,260.4576721191406,260.4576721191406,260.4576721191406,140.89273071289062,0
2008-05-06,260.4576721191406,260.4576721191406,260.4576721191406,260.4576721191406,140.89273071289062,0
2008-05-07,260.4576721191406,260.4576721191406,260.4576721191406,260.4576721191406,140.89273071289062,0
2008-05-08,260.4576721191406,260.4576721191406,260.4576721191406,260.4576721191406,140.89273071289062,0
2008-05-09,260.4576721191406,260.4576721191406,260.4576721191406,260.4576721191406,140.89273071289062,0
2008-05-13,260.4576721191406,260.4576721191406,260.4576721191406,260.4576721191406,140.89273071289062,0
2008-05-14,260.4576721191406,260.4576721191406,260.4576721191406,260.4576721191406,140.89273071289062,0
2008-05-15,260.4576721191406,260.4576721191406,260.4576721191406,260.4576721191406,140.89273071289062,0
2008-05-16,260.4576721191406,260.4576721191406,260.4576721191406,260.4576721191406,140.89273071289062,0
2008-05-19,260.4576721191406,260.4576721191406,260.4576721191406,260.4576721191406,140.89273071289062,0
2008-05-20,335.70098876953125,347.2768859863281,335.70098876953125,347.2768859863281,187.85696411132812,65
2008-05-21,347.2768859863281,364.6407165527344,341.4889221191406,347.2768859863281,187.85696411132812,174
2008-05-22,347.2768859863281,347.2768859863281,347.2768859863281,347.2768859863281,187.85696411132812,34
2008-05-23,312.5491943359375,355.95880126953125,312.5491943359375,318.3371276855469,172.20220947265625,4087
2008-05-26,289.39739990234375,318.3371276855469,289.39739990234375,289.39739990234375,156.54747009277344,2957
2008-05-27,292.2913818359375,318.3371276855469,280.7154846191406,289.39739990234375,156.54747009277344,2159
2008-05-28,295.1853332519531,295.1853332519531,286.50341796875,286.50341796875,154.98199462890625,162
2008-05-29,274.9275207519531,289.39739990234375,274.9275207519531,277.8215026855469,150.2855682373047,965
2008-05-30,254.66970825195312,289.39739990234375,254.66970825195312,280.7154846191406,151.85104370117188,355
2008-06-02,272.0335388183594,303.8672790527344,272.0335388183594,289.39739990234375,156.54747009277344,1631
2008-06-03,266.24560546875,289.39739990234375,266.24560546875,289.39739990234375,156.54747009277344,180
2008-06-04,266.24560546875,298.0793151855469,266.24560546875,289.39739990234375,156.54747009277344,415
2008-06-05,274.9275207519531,289.39739990234375,274.9275207519531,289.39739990234375,156.54747009277344,146
2008-06-06,260.4576721191406,298.0793151855469,260.4576721191406,295.1853332519531,159.67840576171875,58
2008-06-10,274.9275207519531,274.9275207519531,274.9275207519531,274.9275207519531,148.72007751464844,34
2008-06-11,260.4576721191406,289.39739990234375,260.4576721191406,274.9275207519531,148.72007751464844,511
2008-06-12,202.5781707763672,272.0335388183594,202.5781707763672,272.0335388183594,147.15460205078125,29
2008-06-13,245.98779296875,289.39739990234375,245.98779296875,274.9275207519531,148.72007751464844,611
2008-06-16,263.35162353515625,286.50341796875,263.35162353515625,274.9275207519531,148.72007751464844,1147
2008-06-17,263.35162353515625,286.50341796875,263.35162353515625,266.24560546875,144.02366638183594,314
2008-06-18,266.24560546875,266.24560546875,260.4576721191406,260.4576721191406,140.89273071289062,917
2008-06-19,202.5781707763672,274.9275207519531,202.5781707763672,274.9275207519531,148.72007751464844,190
2008-06-20,245.98779296875,274.9275207519531,245.98779296875,269.13958740234375,145.5891571044922,190
2008-06-23,260.4576721191406,269.13958740234375,260.4576721191406,269.13958740234375,145.5891571044922,107
2008-06-24,283.60943603515625,283.60943603515625,280.7154846191406,280.7154846191406,151.85104370117188,34
2008-06-25,286.50341796875,286.50341796875,286.50341796875,286.50341796875,154.98199462890625,107
2008-06-26,266.24560546875,269.13958740234375,266.24560546875,269.13958740234375,145.5891571044922,114
2008-06-27,237.3058624267578,260.4576721191406,237.3058624267578,260.4576721191406,140.89273071289062,53
2008-06-30,260.4576721191406,260.4576721191406,245.98779296875,260.4576721191406,140.89273071289062,898
2008-07-02,245.98779296875,260.4576721191406,245.98779296875,260.4576721191406,140.89273071289062,483
2008-07-03,257.5636901855469,257.5636901855469,245.98779296875,254.66970825195312,137.7617645263672,362
2008-07-04,240.19984436035156,245.98779296875,240.19984436035156,245.98779296875,133.0653533935547,34
2008-07-07,245.98779296875,245.98779296875,245.98779296875,245.98779296875,133.0653533935547,115
2008-07-08,245.98779296875,260.4576721191406,234.41189575195312,234.41189575195312,126.80345153808594,981
2008-07-09,217.0480499267578,243.09381103515625,217.0480499267578,240.19984436035156,129.9344024658203,583
2008-07-10,245.98779296875,245.98779296875,231.51791381835938,237.3058624267578,128.36891174316406,148
2008-07-11,217.0480499267578,231.51791381835938,217.0480499267578,231.51791381835938,125.23797607421875,214
2008-07-14,231.51791381835938,248.8817596435547,231.51791381835938,234.41189575195312,126.80345153808594,763
2008-07-15,231.51791381835938,245.98779296875,231.51791381835938,245.98779296875,133.0653533935547,1281
2008-07-16,257.5636901855469,257.5636901855469,234.41189575195312,237.3058624267578,128.36891174316406,86
2008-07-17,234.41189575195312,234.41189575195312,222.83599853515625,222.83599853515625,120.54154968261719,1216
2008-07-18,208.36611938476562,231.51791381835938,208.36611938476562,231.51791381835938,125.23797607421875,214
2008-07-21,202.5781707763672,225.72996520996094,202.5781707763672,225.72996520996094,122.10701751708984,387
2008-07-22,202.5781707763672,225.72996520996094,202.5781707763672,217.0480499267578,117.41059875488281,352
2008-07-23,205.47215270996094,217.0480499267578,205.47215270996094,217.0480499267578,117.41059875488281,352
2008-07-24,202.5781707763672,219.9420166015625,202.5781707763672,217.0480499267578,117.41059875488281,191
2008-07-25,214.15406799316406,217.0480499267578,214.15406799316406,217.0480499267578,117.41059875488281,259
2008-07-28,217.0480499267578,219.9420166015625,217.0480499267578,219.9420166015625,118.97606658935547,179
2008-07-29,231.51791381835938,231.51791381835938,225.72996520996094,225.72996520996094,122.10701751708984,361
2008-07-30,231.51791381835938,231.51791381835938,225.72996520996094,225.72996520996094,122.10701751708984,691
2008-07-31,240.19984436035156,240.19984436035156,214.15406799316406,217.0480499267578,117.41059875488281,5093
2008-08-01,217.0480499267578,234.41189575195312,217.0480499267578,225.72996520996094,122.10701751708984,1323
2008-08-04,217.0480499267578,228.6239471435547,217.0480499267578,228.6239471435547,123.67249298095703,691
2008-08-05,208.36611938476562,254.66970825195312,208.36611938476562,225.72996520996094,122.10701751708984,2988
2008-08-06,225.72996520996094,225.72996520996094,225.72996520996094,225.72996520996094,122.10701751708984,0
2008-08-07,211.26010131835938,234.41189575195312,211.26010131835938,234.41189575195312,126.80345153808594,3586
2008-08-08,217.0480499267578,234.41189575195312,217.0480499267578,228.6239471435547,123.67249298095703,2157
2008-08-11,208.36611938476562,245.98779296875,208.36611938476562,217.0480499267578,117.41059875488281,11326
2008-08-12,217.0480499267578,228.6239471435547,217.0480499267578,222.83599853515625,120.54154968261719,2660
2008-08-13,211.26010131835938,240.19984436035156,211.26010131835938,219.9420166015625,118.97606658935547,3947
2008-08-14,217.0480499267578,228.6239471435547,214.15406799316406,214.15406799316406,115.84512329101562,3720
2008-08-15,211.26010131835938,228.6239471435547,211.26010131835938,225.72996520996094,122.10701751708984,2090
2008-08-18,211.26010131835938,237.3058624267578,208.36611938476562,231.51791381835938,125.23797607421875,2765
2008-08-19,214.15406799316406,222.83599853515625,214.15406799316406,217.0480499267578,117.41059875488281,2747
2008-08-20,211.26010131835938,211.26010131835938,211.26010131835938,211.26010131835938,114.27964782714844,594
2008-08-21,214.15406799316406,214.15406799316406,211.26010131835938,211.26010131835938,114.27964782714844,1022
2008-08-22,211.26010131835938,211.26010131835938,211.26010131835938,211.26010131835938,114.27964782714844,0
2008-08-25,211.26010131835938,228.6239471435547,211.26010131835938,211.26010131835938,114.27964782714844,4730
2008-08-26,205.47215270996094,225.72996520996094,205.47215270996094,205.47215270996094,111.1487045288086,6254
2008-08-27,211.26010131835938,217.0480499267578,202.5781707763672,202.5781707763672,109.58321380615234,2629
2008-08-28,191.0022735595703,225.72996520996094,191.0022735595703,217.0480499267578,117.41059875488281,3951
2008-08-29,205.47215270996094,214.15406799316406,202.5781707763672,208.36611938476562,112.71417236328125,163
2008-09-01,217.0480499267578,225.72996520996094,217.0480499267578,225.72996520996094,122.10701751708984,2009
2008-09-02,225.72996520996094,225.72996520996094,225.72996520996094,225.72996520996094,122.10701751708984,0
2008-09-03,225.72996520996094,225.72996520996094,225.72996520996094,225.72996520996094,122.10701751708984,0
2008-09-04,193.89625549316406,205.47215270996094,193.89625549316406,202.5781707763672,109.58321380615234,559
2008-09-05,202.5781707763672,202.5781707763672,202.5781707763672,202.5781707763672,109.58321380615234,200
2008-09-08,205.47215270996094,205.47215270996094,202.5781707763672,202.5781707763672,109.58321380615234,385
2008-09-09,202.5781707763672,222.83599853515625,202.5781707763672,202.5781707763672,109.58321380615234,2178
2008-09-10,202.5781707763672,202.5781707763672,199.6842041015625,199.6842041015625,108.01775360107422,659
2008-09-11,188.10830688476562,208.36611938476562,188.10830688476562,188.10830688476562,101.75585174560547,2315
2008-09-12,188.10830688476562,188.10830688476562,188.10830688476562,188.10830688476562,101.75585174560547,172
2008-09-16,185.21434020996094,185.21434020996094,173.63844299316406,173.63844299316406,93.92848205566406,366
2008-09-17,173.63844299316406,173.63844299316406,173.63844299316406,173.63844299316406,93.92848205566406,242
2008-09-18,173.63844299316406,173.63844299316406,173.63844299316406,173.63844299316406,93.92848205566406,0
2008-09-19,170.7444610595703,170.7444610595703,170.7444610595703,170.7444610595703,92.36300659179688,215
2008-09-22,159.16856384277344,159.16856384277344,159.16856384277344,159.16856384277344,86.10110473632812,76
2008-09-23,147.59266662597656,167.85049438476562,147.59266662597656,167.85049438476562,90.79753875732422,381
2008-09-24,179.4263916015625,179.4263916015625,144.69869995117188,144.69869995117188,78.27373504638672,290
2008-09-25,144.69869995117188,144.69869995117188,144.69869995117188,144.69869995117188,78.27373504638672,36
2008-09-26,144.69869995117188,144.69869995117188,144.69869995117188,144.69869995117188,78.27373504638672,69
2008-09-29,144.69869995117188,144.69869995117188,144.69869995117188,144.69869995117188,78.27373504638672,34
2008-09-30,136.0167694091797,144.69869995117188,130.22882080078125,144.69869995117188,78.27373504638672,1427
2008-10-02,124.44087982177734,144.69869995117188,124.44087982177734,136.0167694091797,73.57730102539062,65
2008-10-03,130.22882080078125,130.22882080078125,130.22882080078125,130.22882080078125,70.44635772705078,915
2008-10-06,115.75895690917969,121.54690551757812,115.75895690917969,121.54690551757812,65.74993133544922,1174
2008-10-08,115.75895690917969,115.75895690917969,115.75895690917969,115.75895690917969,62.618988037109375,656
2008-10-09,109.97100830078125,118.6529312133789,109.97100830078125,118.6529312133789,64.18445587158203,495
2008-10-10,109.97100830078125,118.6529312133789,101.2890853881836,101.2890853881836,54.79160690307617,784
2008-10-13,72.34934997558594,86.81922149658203,72.34934997558594,86.81922149658203,46.96424102783203,601
2008-10-14,72.34934997558594,86.81922149658203,72.34934997558594,86.81922149658203,46.96424102783203,186
2008-10-15,66.5614013671875,81.0312728881836,66.5614013671875,81.0312728881836,43.833290100097656,262
2008-10-16,81.0312728881836,86.81922149658203,72.34934997558594,72.34934997558594,39.13686752319336,673
2008-10-17,72.34934997558594,72.34934997558594,72.34934997558594,72.34934997558594,39.13686752319336,725
2008-10-20,52.091529846191406,69.45537567138672,52.091529846191406,69.45537567138672,37.57139205932617,188
2008-10-21,63.66742706298828,75.24332427978516,63.66742706298828,69.45537567138672,37.57139205932617,425
2008-10-22,69.45537567138672,69.45537567138672,69.45537567138672,69.45537567138672,37.57139205932617,0
2008-10-23,57.879478454589844,57.879478454589844,57.879478454589844,57.879478454589844,31.309494018554688,380
2008-10-24,69.45537567138672,69.45537567138672,57.879478454589844,57.879478454589844,31.309494018554688,656
2008-10-27,57.879478454589844,57.879478454589844,57.879478454589844,57.879478454589844,31.309494018554688,0
2008-10-28,52.091529846191406,52.091529846191406,49.48695373535156,49.48695373535156,26.769617080688477,155
2008-10-29,44.56719970703125,49.19755554199219,44.56719970703125,49.19755554199219,26.613067626953125,224
2008-10-30,50.6445426940918,57.879478454589844,49.77635192871094,54.985504150390625,29.744016647338867,729
2008-10-31,58.7476692199707,62.22043991088867,54.985504150390625,59.32646560668945,32.092227935791016,732
2008-11-03,54.985504150390625,54.985504150390625,54.985504150390625,54.985504150390625,29.744016647338867,103
2008-11-04,57.879478454589844,57.879478454589844,57.879478454589844,57.879478454589844,31.309494018554688,0
2008-11-05,57.879478454589844,57.879478454589844,57.879478454589844,57.879478454589844,31.309494018554688,0
2008-11-06,57.879478454589844,57.879478454589844,57.879478454589844,57.879478454589844,31.309494018554688,0
2008-11-07,57.879478454589844,78.13729858398438,57.879478454589844,73.79633331298828,39.91960144042969,3694
2008-11-10,86.81922149658203,86.81922149658203,72.34934997558594,72.34934997558594,39.13686752319336,103
2008-11-11,52.091529846191406,86.81922149658203,52.091529846191406,83.92524719238281,45.39876937866211,594
2008-11-12,72.34934997558594,72.34934997558594,72.34934997558594,72.34934997558594,39.13686752319336,17
2008-11-13,72.34934997558594,72.34934997558594,72.34934997558594,72.34934997558594,39.13686752319336,0
2008-11-14,52.091529846191406,72.34934997558594,52.091529846191406,72.34934997558594,39.13686752319336,3
2008-11-17,72.34934997558594,72.34934997558594,72.34934997558594,72.34934997558594,39.13686752319336,0
2008-11-18,43.409610748291016,72.34934997558594,43.409610748291016,72.34934997558594,39.13686752319336,8
2008-11-19,72.34934997558594,86.81922149658203,72.34934997558594,76.6903076171875,41.485076904296875,103
2008-11-20,72.34934997558594,72.34934997558594,69.45537567138672,69.45537567138672,37.57139205932617,34
2008-11-21,69.45537567138672,69.45537567138672,69.45537567138672,69.45537567138672,37.57139205932617,0
2008-11-24,83.92524719238281,83.92524719238281,75.24332427978516,78.13729858398438,42.26781463623047,96
2008-11-25,63.66742706298828,63.66742706298828,57.879478454589844,57.879478454589844,31.309494018554688,304
2008-11-26,57.879478454589844,63.66742706298828,57.879478454589844,57.879478454589844,31.309494018554688,998
2008-11-27,57.879478454589844,57.879478454589844,57.879478454589844,57.879478454589844,31.309494018554688,0
2008-11-28,57.879478454589844,57.879478454589844,57.879478454589844,57.879478454589844,31.309494018554688,0
2008-12-01,57.879478454589844,57.879478454589844,57.879478454589844,57.879478454589844,31.309494018554688,0
2008-12-02,57.879478454589844,57.879478454589844,57.879478454589844,57.879478454589844,31.309494018554688,0
2008-12-03,57.879478454589844,57.879478454589844,57.879478454589844,57.879478454589844,31.309494018554688,0
2008-12-04,57.879478454589844,57.879478454589844,57.879478454589844,57.879478454589844,31.309494018554688,0
2008-12-05,57.879478454589844,57.879478454589844,57.879478454589844,57.879478454589844,31.309494018554688,0
2008-12-08,57.879478454589844,57.879478454589844,57.879478454589844,57.879478454589844,31.309494018554688,0
2008-12-09,57.879478454589844,57.879478454589844,57.879478454589844,57.879478454589844,31.309494018554688,0
2008-12-10,57.879478454589844,57.879478454589844,57.879478454589844,57.879478454589844,31.309494018554688,0
2008-12-11,40.5156364440918,57.879478454589844,40.5156364440918,57.879478454589844,31.309494018554688,3
2008-12-12,57.879478454589844,57.879478454589844,57.879478454589844,57.879478454589844,31.309494018554688,0
2008-12-15,57.879478454589844,57.879478454589844,57.879478454589844,57.879478454589844,31.309494018554688,0
2008-12-16,63.66742706298828,63.66742706298828,60.77345275878906,60.77345275878906,32.87496566772461,17
2008-12-17,60.77345275878906,60.77345275878906,39.93684005737305,39.93684005737305,21.60354995727539,13528
2008-12-18,37.62166213989258,41.962623596191406,34.14889144897461,35.59587860107422,19.25533676147461,25280
2008-12-19,36.17467498779297,37.62166213989258,34.14889144897461,36.46406936645508,19.724979400634766,43041
2008-12-22,36.75346755981445,37.62166213989258,33.570098876953125,35.59587860107422,19.25533676147461,36040
2008-12-23,36.46406936645508,36.46406936645508,33.28070068359375,35.59587860107422,19.25533676147461,6876
2008-12-24,35.59587860107422,36.17467498779297,35.59587860107422,35.59587860107422,19.25533676147461,4094
2008-12-29,35.59587860107422,35.59587860107422,35.59587860107422,35.59587860107422,19.25533676147461,0
2008-12-30,29.51853370666504,33.28070068359375,28.07154655456543,28.07154655456543,15.185103416442871,195855
2008-12-31,28.07154655456543,29.51853370666504,27.492752075195312,27.782150268554688,15.028556823730469,25915
2009-01-02,28.07154655456543,30.38672637939453,27.492752075195312,28.07154655456543,15.185103416442871,49246
2009-01-05,28.939739227294922,29.51853370666504,27.20335578918457,27.782150268554688,15.028556823730469,57374
2009-01-06,27.492752075195312,35.306480407714844,27.492752075195312,33.28070068359375,18.002958297729492,102979
2009-01-07,33.859493255615234,36.17467498779297,31.83371353149414,33.28070068359375,18.002958297729492,50069
2009-01-08,32.991302490234375,33.28070068359375,29.807931900024414,30.097328186035156,16.280935287475586,29333
2009-01-09,30.38672637939453,32.991302490234375,30.38672637939453,31.83371353149414,17.2202205657959,23738
2009-01-12,32.991302490234375,32.991302490234375,30.38672637939453,31.83371353149414,17.2202205657959,6565
2009-01-13,29.51853370666504,31.25491714477539,29.51853370666504,31.25491714477539,16.90712547302246,6686
2009-01-14,30.38672637939453,31.25491714477539,30.097328186035156,30.097328186035156,16.280935287475586,6565
2009-01-15,29.51853370666504,29.51853370666504,28.360944747924805,28.360944747924805,15.341651916503906,7463
2009-01-16,26.913957595825195,30.38672637939453,26.913957595825195,28.939739227294922,15.654747009277344,10159
2009-01-19,28.939739227294922,30.097328186035156,28.939739227294922,30.097328186035156,16.280935287475586,8901
2009-01-20,27.492752075195312,30.38672637939453,27.20335578918457,30.097328186035156,16.280935287475586,8362
2009-01-21,28.07154655456543,33.28070068359375,28.07154655456543,33.28070068359375,18.002958297729492,32153
2009-01-22,33.28070068359375,33.28070068359375,33.28070068359375,33.28070068359375,18.002958297729492,0
2009-01-23,33.28070068359375,33.28070068359375,28.360944747924805,30.38672637939453,16.437482833862305,5183
2009-01-29,31.544315338134766,32.701904296875,30.38672637939453,32.123111724853516,17.376768112182617,34174
2009-01-30,31.83371353149414,31.83371353149414,31.83371353149414,31.83371353149414,17.2202205657959,3455
2009-02-02,29.229137420654297,31.544315338134766,28.939739227294922,30.676124572753906,16.594032287597656,6703
2009-02-03,31.544315338134766,31.83371353149414,31.544315338134766,31.83371353149414,17.2202205657959,1590
2009-02-04,29.807931900024414,31.83371353149414,29.807931900024414,31.83371353149414,17.2202205657959,518
2009-02-05,29.229137420654297,31.544315338134766,28.939739227294922,30.96552085876465,16.750577926635742,898
2009-02-06,30.96552085876465,30.96552085876465,29.51853370666504,30.676124572753906,16.594032287597656,2118
2009-02-09,28.939739227294922,31.83371353149414,28.939739227294922,31.83371353149414,17.2202205657959,7995
2009-02-10,26.045764923095703,32.991302490234375,26.045764923095703,31.544315338134766,17.06367301940918,9775
2009-02-11,29.51853370666504,31.25491714477539,28.939739227294922,31.25491714477539,16.90712547302246,4395
2009-02-12,29.51853370666504,31.83371353149414,29.51853370666504,30.097328186035156,16.280935287475586,15566
2009-02-13,30.96552085876465,32.123111724853516,28.939739227294922,29.807931900024414,16.124387741088867,69109
2009-02-16,29.807931900024414,30.097328186035156,28.939739227294922,29.807931900024414,16.124387741088867,30708
2009-02-17,29.807931900024414,29.807931900024414,29.807931900024414,29.807931900024414,16.124387741088867,0
2009-02-18,27.492752075195312,28.939739227294922,27.492752075195312,28.360944747924805,15.341651916503906,34928
2009-02-19,24.598777770996094,28.360944747924805,24.598777770996094,28.360944747924805,15.341651916503906,5901
2009-02-20,27.492752075195312,27.782150268554688,25.75636863708496,27.20335578918457,14.715461730957031,30010
2009-02-23,25.75636863708496,26.62455940246582,25.466970443725586,26.62455940246582,14.402366638183594,15677
2009-02-24,26.045764923095703,26.335163116455078,25.466970443725586,25.75636863708496,13.932723999023438,1681
2009-02-25,25.75636863708496,26.62455940246582,25.17757225036621,26.62455940246582,14.402366638183594,9875
2009-02-26,24.88817596435547,26.62455940246582,24.88817596435547,26.045764923095703,14.089271545410156,8151
2009-02-27,24.88817596435547,25.17757225036621,24.88817596435547,25.17757225036621,13.61962890625,28148
2009-03-02,24.88817596435547,24.88817596435547,23.151790618896484,23.151790618896484,12.523797035217285,8911
2009-03-03,20.257816314697266,22.572996139526367,20.257816314697266,21.704803466796875,11.741058349609375,2985
2009-03-04,23.151790618896484,23.151790618896484,21.126008987426758,21.415407180786133,11.584511756896973,11449
2009-03-05,20.257816314697266,20.836612701416016,19.389625549316406,19.389625549316406,10.488679885864258,9845
2009-03-06,19.389625549316406,20.257816314697266,19.389625549316406,20.257816314697266,10.958321571350098,65
2009-03-09,20.257816314697266,20.257816314697266,18.23203468322754,18.521432876586914,10.019037246704102,3821
2009-03-10,19.389625549316406,19.389625549316406,17.942638397216797,18.23203468322754,9.862489700317383,2736
2009-03-11,17.36384391784668,20.257816314697266,17.36384391784668,19.67902183532715,10.64522647857666,6320
2009-03-12,19.67902183532715,19.67902183532715,19.67902183532715,19.67902183532715,10.64522647857666,0
2009-03-13,17.36384391784668,20.257816314697266,17.36384391784668,19.67902183532715,10.64522647857666,7740
2009-03-16,14.75926685333252,19.968420028686523,14.75926685333252,19.968420028686523,10.801774978637695,3310
2009-03-17,19.67902183532715,22.862394332885742,19.67902183532715,22.283599853515625,12.054155349731445,12650
2009-03-18,18.810829162597656,27.20335578918457,18.810829162597656,26.335163116455078,14.245819091796875,40851
2009-03-19,26.335163116455078,26.335163116455078,23.7305850982666,23.7305850982666,12.836891174316406,2390
2009-03-20,23.7305850982666,25.17757225036621,23.151790618896484,23.151790618896484,12.523797035217285,14021
2009-03-23,19.389625549316406,23.151790618896484,19.389625549316406,23.151790618896484,12.523797035217285,321
2009-03-24,26.335163116455078,26.335163116455078,22.283599853515625,22.283599853515625,12.054155349731445,22850
2009-03-25,20.257816314697266,25.75636863708496,20.257816314697266,25.75636863708496,13.932723999023438,355
2009-03-26,21.415407180786133,24.88817596435547,21.415407180786133,24.88817596435547,13.463082313537598,1071
2009-03-27,22.283599853515625,24.019983291625977,22.283599853515625,24.019983291625977,12.993438720703125,1333
2009-03-30,21.704803466796875,23.151790618896484,21.704803466796875,22.572996139526367,12.210701942443848,7118
2009-03-31,24.019983291625977,24.019983291625977,19.389625549316406,21.126008987426758,11.42796516418457,3455
2009-04-01,21.126008987426758,21.126008987426758,21.126008987426758,21.126008987426758,11.42796516418457,138
2009-04-02,18.810829162597656,21.704803466796875,18.810829162597656,21.704803466796875,11.741058349609375,3804
2009-04-03,21.99420166015625,22.862394332885742,21.99420166015625,22.862394332885742,12.367250442504883,1600
2009-04-06,20.257816314697266,22.572996139526367,20.257816314697266,22.572996139526367,12.210701942443848,801
2009-04-07,21.126008987426758,21.126008987426758,19.968420028686523,19.968420028686523,10.801774978637695,2287
2009-04-08,19.968420028686523,21.704803466796875,19.67902183532715,21.704803466796875,11.741058349609375,898
2009-04-09,21.704803466796875,21.99420166015625,21.704803466796875,21.704803466796875,11.741058349609375,1261
2009-04-14,17.36384391784668,25.17757225036621,17.36384391784668,23.151790618896484,12.523797035217285,10642
2009-04-15,23.151790618896484,24.30938148498535,22.572996139526367,23.44118881225586,12.680343627929688,17896
2009-04-16,24.019983291625977,24.598777770996094,19.67902183532715,19.67902183532715,10.64522647857666,28986
2009-04-17,20.257816314697266,23.44118881225586,20.257816314697266,21.704803466796875,11.741058349609375,113981
2009-04-20,21.99420166015625,22.283599853515625,20.257816314697266,21.126008987426758,11.42796516418457,66628
2009-04-21,21.126008987426758,21.126008987426758,18.810829162597656,18.810829162597656,10.17558479309082,33747
2009-04-22,18.810829162597656,21.126008987426758,18.810829162597656,19.67902183532715,10.64522647857666,54233
2009-04-23,19.67902183532715,19.67902183532715,19.67902183532715,19.67902183532715,10.64522647857666,0
2009-04-24,19.67902183532715,19.67902183532715,19.67902183532715,19.67902183532715,10.64522647857666,0
2009-04-27,19.67902183532715,19.67902183532715,19.67902183532715,19.67902183532715,10.64522647857666,0
2009-04-28,19.67902183532715,19.67902183532715,19.67902183532715,19.67902183532715,10.64522647857666,0
2009-04-29,19.67902183532715,19.67902183532715,19.67902183532715,19.67902183532715,10.64522647857666,0
2009-04-30,19.67902183532715,19.67902183532715,19.67902183532715,19.67902183532715,10.64522647857666,0
2009-05-04,19.67902183532715,19.67902183532715,19.67902183532715,19.67902183532715,10.64522647857666,0
2009-05-05,19.67902183532715,19.67902183532715,19.67902183532715,19.67902183532715,10.64522647857666,0
2009-05-06,19.67902183532715,19.67902183532715,19.67902183532715,19.67902183532715,10.64522647857666,0
2009-05-07,19.67902183532715,19.67902183532715,19.67902183532715,19.67902183532715,10.64522647857666,0
2009-05-08,14.469868659973145,15.048664093017578,14.469868659973145,14.75926685333252,7.983920097351074,5605
2009-05-11,14.75926685333252,14.75926685333252,14.32517147064209,14.469868659973145,7.8273725509643555,23649
2009-05-12,14.32517147064209,14.469868659973145,13.891075134277344,14.469868659973145,7.8273725509643555,9713
2009-05-13,14.469868659973145,14.75926685333252,13.022882461547852,14.469868659973145,7.8273725509643555,23286
2009-05-14,14.469868659973145,14.469868659973145,14.180472373962402,14.469868659973145,7.8273725509643555,24844
2009-05-15,14.469868659973145,14.469868659973145,14.469868659973145,14.469868659973145,7.8273725509643555,10995
2009-05-18,14.469868659973145,14.469868659973145,14.32517147064209,14.32517147064209,7.7490997314453125,49281
2009-05-19,14.32517147064209,17.36384391784668,14.32517147064209,15.627458572387695,8.45356273651123,63176
2009-05-20,14.75926685333252,17.074445724487305,14.75926685333252,16.206253051757812,8.766657829284668,72661
2009-05-21,15.627458572387695,17.942638397216797,15.627458572387695,17.074445724487305,9.236299514770508,41630
2009-05-22,18.23203468322754,18.521432876586914,15.338061332702637,16.495651245117188,8.923205375671387,63877
2009-05-25,16.206253051757812,17.074445724487305,16.206253051757812,16.78504753112793,9.079752922058105,17415
2009-05-26,16.495651245117188,17.074445724487305,15.338061332702637,16.495651245117188,8.923205375671387,60052
2009-05-27,17.942638397216797,17.942638397216797,15.916855812072754,16.495651245117188,8.923205375671387,156635
2009-05-29,17.074445724487305,17.074445724487305,16.206253051757812,16.206253051757812,8.766657829284668,61892
2009-06-01,16.206253051757812,17.074445724487305,16.206253051757812,17.074445724487305,9.236299514770508,32464
2009-06-02,17.074445724487305,19.10022735595703,17.074445724487305,17.942638397216797,9.705942153930664,203353
2009-06-03,17.942638397216797,19.10022735595703,17.942638397216797,18.23203468322754,9.862489700317383,64378
2009-06-04,18.23203468322754,22.862394332885742,17.36384391784668,22.572996139526367,12.210701942443848,257738
2009-06-05,23.151790618896484,23.7305850982666,20.836612701416016,21.704803466796875,11.741058349609375,107585
2009-06-08,21.704803466796875,22.862394332885742,20.54721450805664,21.704803466796875,11.741058349609375,69254
2009-06-09,21.99420166015625,21.99420166015625,19.10022735595703,20.836612701416016,11.271417617797852,48661
2009-06-10,21.415407180786133,23.7305850982666,20.257816314697266,22.862394332885742,12.367250442504883,274656
2009-06-11,23.151790618896484,23.151790618896484,20.54721450805664,21.415407180786133,11.584511756896973,135477
2009-06-12,21.415407180786133,21.704803466796875,19.10022735595703,19.389625549316406,10.488679885864258,83390
2009-06-15,19.67902183532715,20.257816314697266,18.23203468322754,18.521432876586914,10.019037246704102,52108
2009-06-16,17.942638397216797,18.521432876586914,17.653240203857422,18.521432876586914,10.019037246704102,24741
2009-06-17,18.521432876586914,18.521432876586914,17.074445724487305,17.653240203857422,9.549394607543945,14512
2009-06-18,17.942638397216797,17.942638397216797,16.78504753112793,17.653240203857422,9.549394607543945,24291
2009-06-19,17.36384391784668,19.10022735595703,17.36384391784668,17.653240203857422,9.549394607543945,58397
2009-06-22,17.36384391784668,19.10022735595703,17.36384391784668,17.36384391784668,9.392848014831543,11066
2009-06-23,16.78504753112793,17.36384391784668,16.78504753112793,17.36384391784668,9.392848014831543,22391
2009-06-24,16.495651245117188,17.36384391784668,16.495651245117188,17.36384391784668,9.392848014831543,7380
2009-06-25,17.653240203857422,17.653240203857422,17.074445724487305,17.653240203857422,9.549394607543945,7361
2009-06-26,17.36384391784668,18.521432876586914,17.36384391784668,17.36384391784668,9.392848014831543,15342
2009-06-29,17.36384391784668,17.653240203857422,17.074445724487305,17.653240203857422,9.549394607543945,9018
2009-06-30,17.653240203857422,17.653240203857422,15.916855812072754,15.916855812072754,8.61011028289795,12595
2009-07-02,16.206253051757812,16.206253051757812,14.469868659973145,15.338061332702637,8.297015190124512,26924
2009-07-03,14.469868659973145,15.627458572387695,14.469868659973145,15.338061332702637,8.297015190124512,7145
2009-07-06,15.338061332702637,16.495651245117188,14.469868659973145,16.206253051757812,8.766657829284668,14281
2009-07-07,18.810829162597656,18.810829162597656,15.338061332702637,15.627458572387695,8.45356273651123,2042
2009-07-08,15.627458572387695,15.627458572387695,15.627458572387695,15.627458572387695,8.45356273651123,0
2009-07-09,15.048664093017578,18.23203468322754,15.048664093017578,15.916855812072754,8.61011028289795,12422
2009-07-10,15.627458572387695,16.495651245117188,15.627458572387695,16.495651245117188,8.923205375671387,6584
2009-07-13,16.206253051757812,16.495651245117188,15.627458572387695,15.627458572387695,8.45356273651123,8896
2009-07-14,14.75926685333252,16.495651245117188,14.75926685333252,15.916855812072754,8.61011028289795,10311
2009-07-15,16.206253051757812,16.206253051757812,15.048664093017578,15.627458572387695,8.45356273651123,31651
2009-07-16,15.916855812072754,16.495651245117188,15.338061332702637,15.338061332702637,8.297015190124512,4944
2009-07-17,15.916855812072754,16.78504753112793,15.627458572387695,16.495651245117188,8.923205375671387,5884
2009-07-20,15.916855812072754,16.495651245117188,15.627458572387695,15.916855812072754,8.61011028289795,14481
2009-07-21,15.916855812072754,16.206253051757812,15.916855812072754,16.206253051757812,8.766657829284668,5597
2009-07-22,16.206253051757812,16.206253051757812,15.627458572387695,16.206253051757812,8.766657829284668,13020
2009-07-23,15.627458572387695,16.206253051757812,15.627458572387695,15.916855812072754,8.61011028289795,6203
2009-07-24,15.916855812072754,15.916855812072754,15.916855812072754,15.916855812072754,8.61011028289795,0
2009-07-27,15.916855812072754,15.916855812072754,15.916855812072754,15.916855812072754,8.61011028289795,0
2009-07-28,17.36384391784668,19.968420028686523,17.074445724487305,18.521432876586914,10.019037246704102,75214
2009-07-29,18.810829162597656,18.810829162597656,17.074445724487305,17.653240203857422,9.549394607543945,39528
2009-07-30,17.653240203857422,18.23203468322754,16.78504753112793,17.36384391784668,9.392848014831543,5770
2009-07-31,17.36384391784668,18.521432876586914,17.074445724487305,17.653240203857422,9.549394607543945,17981
2009-08-03,18.521432876586914,18.521432876586914,17.942638397216797,18.521432876586914,10.019037246704102,21510
2009-08-04,18.23203468322754,18.23203468322754,17.36384391784668,17.653240203857422,9.549394607543945,13132
2009-08-05,17.653240203857422,18.23203468322754,17.36384391784668,17.942638397216797,9.705942153930664,9371
2009-08-06,17.653240203857422,17.942638397216797,17.36384391784668,17.36384391784668,9.392848014831543,5991
2009-08-07,17.074445724487305,17.074445724487305,16.78504753112793,16.78504753112793,9.079752922058105,6506
2009-08-10,17.36384391784668,17.36384391784668,16.78504753112793,17.074445724487305,9.236299514770508,9682
2009-08-11,17.074445724487305,17.942638397216797,17.074445724487305,17.942638397216797,9.705942153930664,3662
2009-08-12,17.36384391784668,17.36384391784668,16.78504753112793,17.074445724487305,9.236299514770508,12094
2009-08-13,17.074445724487305,17.074445724487305,17.074445724487305,17.074445724487305,9.236299514770508,1590
2009-08-14,17.074445724487305,17.074445724487305,16.206253051757812,16.495651245117188,8.923205375671387,14191
2009-08-17,16.206253051757812,16.206253051757812,16.206253051757812,16.206253051757812,8.766657829284668,214
2009-08-18,15.627458572387695,17.36384391784668,15.048664093017578,16.495651245117188,8.923205375671387,2971
2009-08-19,16.495651245117188,16.495651245117188,15.338061332702637,15.627458572387695,8.45356273651123,4111
2009-08-20,15.048664093017578,16.495651245117188,15.048664093017578,15.338061332702637,8.297015190124512,21529
2009-08-21,15.627458572387695,15.916855812072754,15.048664093017578,15.048664093017578,8.140467643737793,7197
2009-08-24,15.048664093017578,15.338061332702637,14.75926685333252,15.338061332702637,8.297015190124512,4837
2009-08-25,15.048664093017578,15.338061332702637,14.75926685333252,15.338061332702637,8.297015190124512,8317
2009-08-26,15.338061332702637,15.338061332702637,14.75926685333252,15.048664093017578,8.140467643737793,6482
2009-08-27,15.048664093017578,15.627458572387695,14.469868659973145,15.048664093017578,8.140467643737793,7187
2009-08-28,14.469868659973145,14.32517147064209,14.32517147064209,14.469868659973145,7.8273725509643555,2418
2009-08-31,13.31227970123291,13.601676940917969,12.299388885498047,13.601676940917969,7.357730865478516,781278
2009-09-01,13.601676940917969,13.601676940917969,13.601676940917969,13.601676940917969,7.357730865478516,1435
2009-09-02,13.891075134277344,18.521432876586914,13.891075134277344,15.916855812072754,8.61011028289795,30373
2009-09-03,16.495651245117188,17.942638397216797,16.495651245117188,17.36384391784668,9.392848014831543,53777
2009-09-04,17.36384391784668,18.810829162597656,16.495651245117188,18.521432876586914,10.019037246704102,56545
2009-09-07,19.389625549316406,19.389625549316406,17.074445724487305,17.942638397216797,9.705942153930664,29630
2009-09-08,17.942638397216797,18.521432876586914,17.942638397216797,17.942638397216797,9.705942153930664,31582
2009-09-09,17.36384391784668,18.23203468322754,17.074445724487305,17.074445724487305,9.236299514770508,20663
2009-09-10,17.942638397216797,17.942638397216797,17.942638397216797,17.942638397216797,9.705942153930664,530
2009-09-11,18.23203468322754,18.23203468322754,16.78504753112793,16.78504753112793,9.079752922058105,5666
2009-09-14,16.78504753112793,16.78504753112793,16.78504753112793,16.78504753112793,9.079752922058105,2429
2009-09-15,16.78504753112793,16.78504753112793,16.78504753112793,16.78504753112793,9.079752922058105,0
2009-09-16,16.206253051757812,16.206253051757812,16.206253051757812,16.495651245117188,8.923205375671387,7007
2009-09-17,16.206253051757812,16.206253051757812,15.627458572387695,15.627458572387695,8.45356273651123,8859
2009-09-18,15.048664093017578,15.048664093017578,15.048664093017578,15.048664093017578,8.140467643737793,4371
2009-09-21,14.75926685333252,15.338061332702637,14.75926685333252,15.338061332702637,8.297015190124512,1399
2009-09-22,16.206253051757812,16.495651245117188,15.627458572387695,15.627458572387695,8.45356273651123,2705
2009-09-23,15.048664093017578,15.048664093017578,15.048664093017578,15.048664093017578,8.140467643737793,345
2009-09-24,15.048664093017578,15.048664093017578,15.048664093017578,15.048664093017578,8.140467643737793,2073
2009-09-25,15.627458572387695,16.206253051757812,15.627458572387695,16.206253051757812,8.766657829284668,1451
2009-09-28,16.495651245117188,16.495651245117188,16.495651245117188,16.495651245117188,8.923205375671387,1734
2009-09-29,16.495651245117188,16.495651245117188,15.338061332702637,15.338061332702637,8.297015190124512,760
2009-09-30,15.338061332702637,15.627458572387695,15.048664093017578,15.048664093017578,8.140467643737793,5632
2009-10-02,15.048664093017578,15.048664093017578,15.048664093017578,15.048664093017578,8.140467643737793,349
2009-10-05,15.048664093017578,15.048664093017578,15.048664093017578,15.048664093017578,8.140467643737793,22
2009-10-06,16.495651245117188,17.36384391784668,16.495651245117188,16.495651245117188,8.923205375671387,2142
2009-10-07,16.206253051757812,16.495651245117188,15.916855812072754,16.495651245117188,8.923205375671387,37576
2009-10-08,15.916855812072754,15.916855812072754,15.916855812072754,15.916855812072754,8.61011028289795,414
2009-10-09,15.338061332702637,17.074445724487305,15.338061332702637,17.074445724487305,9.236299514770508,431
2009-10-12,17.074445724487305,17.074445724487305,17.074445724487305,17.074445724487305,9.236299514770508,0
2009-10-13,17.074445724487305,17.074445724487305,17.074445724487305,17.074445724487305,9.236299514770508,0
2009-10-14,17.942638397216797,17.942638397216797,16.206253051757812,17.36384391784668,9.392848014831543,1734
2009-10-15,17.36384391784668,17.36384391784668,14.469868659973145,14.75926685333252,7.983920097351074,119586
2009-10-16,15.338061332702637,15.627458572387695,14.469868659973145,14.75926685333252,7.983920097351074,15756
2009-10-19,15.338061332702637,15.627458572387695,14.469868659973145,14.75926685333252,7.983920097351074,82381
2009-10-20,14.469868659973145,14.469868659973145,14.469868659973145,14.469868659973145,7.8273725509643555,774
2009-10-21,14.75926685333252,14.75926685333252,14.469868659973145,14.75926685333252,7.983920097351074,3006
2009-10-22,14.75926685333252,15.338061332702637,14.75926685333252,15.338061332702637,8.297015190124512,10543
2009-10-23,15.338061332702637,15.338061332702637,15.338061332702637,15.338061332702637,8.297015190124512,10
2009-10-27,16.206253051757812,16.206253051757812,16.206253051757812,16.206253051757812,8.766657829284668,829
2009-10-28,16.206253051757812,17.36384391784668,16.206253051757812,17.36384391784668,9.392848014831543,38010
2009-10-29,17.653240203857422,17.653240203857422,16.206253051757812,16.206253051757812,8.766657829284668,2982
2009-10-30,16.78504753112793,18.23203468322754,16.78504753112793,17.36384391784668,9.392848014831543,25794
2009-11-02,16.206253051757812,17.36384391784668,16.206253051757812,16.206253051757812,8.766657829284668,3386
2009-11-03,16.206253051757812,16.206253051757812,16.206253051757812,16.206253051757812,8.766657829284668,2142
2009-11-04,16.206253051757812,16.206253051757812,15.916855812072754,15.916855812072754,8.61011028289795,3047
2009-11-05,15.916855812072754,15.916855812072754,15.916855812072754,15.916855812072754,8.61011028289795,0
2009-11-06,15.916855812072754,15.916855812072754,14.469868659973145,14.75926685333252,7.983920097351074,14803
2009-11-09,15.048664093017578,15.916855812072754,15.048664093017578,15.627458572387695,8.45356273651123,7394
2009-11-10,15.627458572387695,15.627458572387695,15.627458572387695,15.627458572387695,8.45356273651123,1181
2009-11-11,15.048664093017578,15.627458572387695,15.048664093017578,15.627458572387695,8.45356273651123,566
2009-11-12,16.78504753112793,16.78504753112793,15.338061332702637,15.338061332702637,8.297015190124512,2712
2009-11-13,15.048664093017578,19.389625549316406,15.048664093017578,19.10022735595703,10.332132339477539,111777
2009-11-16,19.10022735595703,19.10022735595703,17.942638397216797,18.23203468322754,9.862489700317383,11620
2009-11-17,17.36384391784668,18.23203468322754,17.36384391784668,18.23203468322754,9.862489700317383,5183
2009-11-18,17.942638397216797,18.23203468322754,17.653240203857422,18.23203468322754,9.862489700317383,6593
2009-11-19,17.074445724487305,17.653240203857422,17.074445724487305,17.653240203857422,9.549394607543945,27367
2009-11-20,16.78504753112793,17.942638397216797,16.78504753112793,16.78504753112793,9.079752922058105,684
2009-11-23,18.521432876586914,34.438289642333984,17.942638397216797,20.836612701416016,11.271417617797852,508663
2009-11-24,21.704803466796875,25.466970443725586,20.257816314697266,22.283599853515625,12.054155349731445,163003
2009-11-25,21.415407180786133,23.151790618896484,21.126008987426758,21.415407180786133,11.584511756896973,19903
2009-11-26,20.54721450805664,21.415407180786133,20.257816314697266,20.836612701416016,11.271417617797852,28173
2009-11-27,20.257816314697266,23.7305850982666,19.389625549316406,22.572996139526367,12.210701942443848,70719
2009-11-30,23.44118881225586,23.44118881225586,21.704803466796875,21.704803466796875,11.741058349609375,25642
2009-12-01,22.572996139526367,22.572996139526367,21.126008987426758,21.704803466796875,11.741058349609375,10739
2009-12-02,20.54721450805664,23.151790618896484,20.54721450805664,22.283599853515625,12.054155349731445,15055
2009-12-03,21.415407180786133,21.415407180786133,20.54721450805664,21.126008987426758,11.42796516418457,5198
2009-12-04,21.704803466796875,22.572996139526367,21.126008987426758,22.283599853515625,12.054155349731445,20463
2009-12-07,22.572996139526367,22.862394332885742,22.283599853515625,22.572996139526367,12.210701942443848,10850
2009-12-08,22.572996139526367,23.151790618896484,21.704803466796875,21.704803466796875,11.741058349609375,17073
2009-12-09,20.54721450805664,20.54721450805664,20.54721450805664,20.54721450805664,11.114870071411133,9260
2009-12-10,21.126008987426758,21.126008987426758,19.968420028686523,20.257816314697266,10.958321571350098,5535
2009-12-11,21.126008987426758,21.126008987426758,19.968420028686523,20.257816314697266,10.958321571350098,5729
2009-12-14,19.389625549316406,19.968420028686523,19.389625549316406,19.968420028686523,10.801774978637695,5741
2009-12-15,20.257816314697266,20.257816314697266,19.10022735595703,19.389625549316406,10.488679885864258,967
2009-12-16,19.389625549316406,20.257816314697266,18.810829162597656,18.810829162597656,10.17558479309082,5528
2009-12-17,22.283599853515625,22.283599853515625,18.23203468322754,18.23203468322754,9.862489700317383,3248
2009-12-18,17.36384391784668,17.36384391784668,17.074445724487305,17.36384391784668,9.392848014831543,6221
2009-12-21,16.78504753112793,17.653240203857422,16.78504753112793,17.653240203857422,9.549394607543945,3286
2009-12-22,17.653240203857422,17.653240203857422,16.78504753112793,16.78504753112793,9.079752922058105,6496
2009-12-23,17.074445724487305,17.074445724487305,17.074445724487305,17.074445724487305,9.236299514770508,362
2009-12-24,17.942638397216797,18.521432876586914,17.942638397216797,18.521432876586914,10.019037246704102,2557
2009-12-28,17.653240203857422,18.810829162597656,17.36384391784668,18.810829162597656,10.17558479309082,1136
2009-12-29,18.810829162597656,19.67902183532715,17.942638397216797,18.23203468322754,9.862489700317383,81963
2009-12-30,17.942638397216797,17.942638397216797,17.942638397216797,17.942638397216797,9.705942153930664,69
2009-12-31,17.942638397216797,17.942638397216797,17.942638397216797,17.942638397216797,9.705942153930664,1036
2010-01-04,17.942638397216797,17.942638397216797,17.942638397216797,17.942638397216797,9.705942153930664,0
2010-01-05,20.54721450805664,20.54721450805664,17.942638397216797,17.942638397216797,9.705942153930664,14651
2010-01-06,19.67902183532715,19.67902183532715,18.521432876586914,18.521432876586914,10.019037246704102,2688
2010-01-07,20.257816314697266,20.257816314697266,19.10022735595703,19.10022735595703,10.332132339477539,691
2010-01-08,19.389625549316406,19.389625549316406,18.23203468322754,18.521432876586914,10.019037246704102,1658
2010-01-11,17.942638397216797,17.942638397216797,17.942638397216797,17.942638397216797,9.705942153930664,767
2010-01-12,18.23203468322754,18.521432876586914,18.23203468322754,18.521432876586914,10.019037246704102,4816
2010-01-13,18.521432876586914,18.521432876586914,18.521432876586914,18.521432876586914,10.019037246704102,31
2010-01-14,17.653240203857422,19.10022735595703,17.653240203857422,18.23203468322754,9.862489700317383,3109
2010-01-15,18.810829162597656,19.968420028686523,18.810829162597656,19.968420028686523,10.801774978637695,2418
2010-01-18,19.67902183532715,20.257816314697266,19.10022735595703,19.10022735595703,10.332132339477539,9331
2010-01-19,19.10022735595703,19.67902183532715,18.521432876586914,18.521432876586914,10.019037246704102,1257
2010-01-20,20.257816314697266,20.54721450805664,18.810829162597656,20.257816314697266,10.958321571350098,8776
2010-01-21,19.10022735595703,20.257816314697266,19.10022735595703,20.257816314697266,10.958321571350098,9550
2010-01-22,19.67902183532715,19.67902183532715,18.810829162597656,18.810829162597656,10.17558479309082,1796
2010-01-25,18.810829162597656,18.810829162597656,18.810829162597656,18.810829162597656,10.17558479309082,3
2010-01-26,18.810829162597656,18.810829162597656,17.653240203857422,18.521432876586914,10.019037246704102,2971
2010-01-27,18.810829162597656,18.810829162597656,17.36384391784668,17.36384391784668,9.392848014831543,760
2010-01-28,17.653240203857422,17.653240203857422,17.36384391784668,17.36384391784668,9.392848014831543,3386
2010-01-29,17.36384391784668,17.36384391784668,17.36384391784668,17.36384391784668,9.392848014831543,0
2010-02-01,18.810829162597656,18.810829162597656,18.810829162597656,18.810829162597656,10.17558479309082,2436
2010-02-02,18.521432876586914,18.521432876586914,18.521432876586914,18.521432876586914,10.019037246704102,4492
2010-02-03,17.942638397216797,17.942638397216797,17.942638397216797,17.942638397216797,9.705942153930664,2073
2010-02-04,18.521432876586914,18.521432876586914,17.653240203857422,17.653240203857422,9.549394607543945,1037
2010-02-05,17.653240203857422,17.653240203857422,17.653240203857422,17.653240203857422,9.549394607543945,1755
2010-02-08,16.78504753112793,17.36384391784668,16.78504753112793,17.36384391784668,9.392848014831543,414
2010-02-09,15.916855812072754,17.36384391784668,15.916855812072754,17.36384391784668,9.392848014831543,69
2010-02-10,17.36384391784668,17.36384391784668,17.36384391784668,17.36384391784668,9.392848014831543,3593
2010-02-11,17.36384391784668,18.521432876586914,17.36384391784668,18.521432876586914,10.019037246704102,2843
2010-02-12,18.23203468322754,18.23203468322754,17.36384391784668,17.36384391784668,9.392848014831543,351
2010-02-17,18.521432876586914,21.126008987426758,18.521432876586914,19.67902183532715,10.64522647857666,4291
2010-02-18,19.968420028686523,20.54721450805664,19.968420028686523,19.968420028686523,10.801774978637695,2418
2010-02-19,19.968420028686523,19.968420028686523,19.968420028686523,19.968420028686523,10.801774978637695,0
2010-02-22,19.67902183532715,19.67902183532715,19.67902183532715,19.67902183532715,10.64522647857666,698
2010-02-23,18.810829162597656,18.810829162597656,18.810829162597656,18.810829162597656,10.17558479309082,698
2010-02-24,19.10022735595703,19.10022735595703,19.10022735595703,19.10022735595703,10.332132339477539,1589
2010-02-25,18.521432876586914,19.67902183532715,18.521432876586914,18.521432876586914,10.019037246704102,6980
2010-02-26,18.521432876586914,18.521432876586914,18.521432876586914,18.521432876586914,10.019037246704102,0
2010-03-01,18.521432876586914,18.521432876586914,18.521432876586914,18.521432876586914,10.019037246704102,1123
2010-03-02,18.521432876586914,18.521432876586914,18.521432876586914,18.521432876586914,10.019037246704102,1762
2010-03-03,18.23203468322754,19.389625549316406,17.653240203857422,19.10022735595703,10.332132339477539,3386
2010-03-04,17.942638397216797,17.942638397216797,17.653240203857422,17.942638397216797,9.705942153930664,2100
2010-03-05,19.10022735595703,19.389625549316406,18.810829162597656,19.389625549316406,10.488679885864258,3179
2010-03-08,19.389625549316406,19.389625549316406,18.23203468322754,18.23203468322754,9.862489700317383,1869
2010-03-09,18.23203468322754,18.23203468322754,18.23203468322754,18.23203468322754,9.862489700317383,608
2010-03-10,18.23203468322754,18.23203468322754,18.23203468322754,18.23203468322754,9.862489700317383,760
2010-03-11,17.942638397216797,18.23203468322754,17.653240203857422,17.942638397216797,9.705942153930664,6085
2010-03-12,17.653240203857422,17.653240203857422,17.074445724487305,17.653240203857422,9.549394607543945,12826
2010-03-15,17.36384391784668,17.36384391784668,16.78504753112793,17.36384391784668,9.392848014831543,34357
2010-03-16,17.36384391784668,17.36384391784668,17.36384391784668,17.36384391784668,9.392848014831543,0
2010-03-17,17.074445724487305,17.36384391784668,17.074445724487305,17.36384391784668,9.392848014831543,3040
2010-03-18,17.074445724487305,17.074445724487305,16.495651245117188,16.495651245117188,8.923205375671387,30090
2010-03-19,16.206253051757812,17.36384391784668,16.206253051757812,17.36384391784668,9.392848014831543,6841
2010-03-22,16.495651245117188,16.495651245117188,16.495651245117188,16.495651245117188,8.923205375671387,172
2010-03-23,17.36384391784668,19.968420028686523,17.36384391784668,17.942638397216797,9.705942153930664,236992
2010-03-24,17.942638397216797,18.810829162597656,17.653240203857422,18.23203468322754,9.862489700317383,45007
2010-03-25,18.23203468322754,18.521432876586914,16.78504753112793,17.942638397216797,9.705942153930664,18590
2010-03-26,17.36384391784668,17.653240203857422,17.36384391784668,17.653240203857422,9.549394607543945,2886
2010-03-29,17.074445724487305,17.36384391784668,17.074445724487305,17.36384391784668,9.392848014831543,20594
2010-03-30,17.653240203857422,21.704803466796875,17.653240203857422,20.836612701416016,11.271417617797852,174016
2010-03-31,21.126008987426758,25.17757225036621,21.126008987426758,21.415407180786133,11.584511756896973,220848
2010-04-01,22.862394332885742,22.862394332885742,15.627458572387695,15.916855812072754,8.61011028289795,1568863
2010-04-07,16.495651245117188,17.36384391784668,16.206253051757812,16.495651245117188,8.923205375671387,491355
2010-04-08,16.78504753112793,16.78504753112793,15.916855812072754,15.916855812072754,8.61011028289795,245838
2010-04-09,16.495651245117188,16.495651245117188,15.916855812072754,16.206253051757812,8.766657829284668,88736
2010-04-12,16.495651245117188,16.495651245117188,15.916855812072754,15.916855812072754,8.61011028289795,69192
2010-04-13,15.916855812072754,16.206253051757812,15.916855812072754,16.206253051757812,8.766657829284668,63096
2010-04-14,16.495651245117188,16.495651245117188,15.916855812072754,16.495651245117188,8.923205375671387,112343
2010-04-15,16.495651245117188,16.495651245117188,15.916855812072754,15.916855812072754,8.61011028289795,51037
2010-04-16,15.916855812072754,15.916855812072754,15.338061332702637,15.338061332702637,8.297015190124512,78093
2010-04-19,15.627458572387695,16.206253051757812,15.338061332702637,15.627458572387695,8.45356273651123,97284
2010-04-20,16.206253051757812,16.206253051757812,15.338061332702637,16.206253051757812,8.766657829284668,69592
2010-04-21,15.916855812072754,16.206253051757812,15.338061332702637,15.916855812072754,8.61011028289795,68418
2010-04-22,15.916855812072754,16.206253051757812,15.627458572387695,15.916855812072754,8.61011028289795,39737
2010-04-23,16.206253051757812,17.653240203857422,15.627458572387695,17.36384391784668,9.392848014831543,336194
2010-04-26,17.653240203857422,17.942638397216797,16.495651245117188,16.78504753112793,9.079752922058105,126126
2010-04-27,17.653240203857422,21.99420166015625,16.78504753112793,21.126008987426758,11.42796516418457,1364346
2010-04-28,20.836612701416016,26.045764923095703,19.968420028686523,25.466970443725586,13.776176452636719,1234188
2010-04-29,26.62455940246582,28.65034294128418,22.572996139526367,22.572996139526367,12.210701942443848,940806
2010-04-30,23.151790618896484,24.598777770996094,18.521432876586914,19.968420028686523,10.801774978637695,467315
2010-05-03,19.389625549316406,19.968420028686523,19.10022735595703,19.968420028686523,10.801774978637695,76227
2010-05-04,19.968420028686523,21.99420166015625,19.67902183532715,19.968420028686523,10.801774978637695,186110
2010-05-05,18.810829162597656,20.836612701416016,18.810829162597656,19.968420028686523,10.801774978637695,62751
2010-05-06,19.968420028686523,20.54721450805664,18.23203468322754,19.968420028686523,10.801774978637695,50729
2010-05-07,19.10022735595703,20.54721450805664,18.521432876586914,19.389625549316406,10.488679885864258,85643
2010-05-10,19.389625549316406,20.257816314697266,18.521432876586914,18.521432876586914,10.019037246704102,54129
2010-05-11,19.10022735595703,19.389625549316406,18.521432876586914,18.521432876586914,10.019037246704102,26399
2010-05-12,18.23203468322754,18.23203468322754,17.074445724487305,18.23203468322754,9.862489700317383,34900
2010-05-13,18.521432876586914,19.10022735595703,17.942638397216797,19.10022735595703,10.332132339477539,9983
2010-05-14,18.521432876586914,19.67902183532715,18.521432876586914,19.389625549316406,10.488679885864258,30131
2010-05-17,19.10022735595703,19.389625549316406,17.942638397216797,18.521432876586914,10.019037246704102,42806
2010-05-18,18.521432876586914,18.810829162597656,18.23203468322754,18.521432876586914,10.019037246704102,8642
2010-05-19,18.521432876586914,20.257816314697266,18.521432876586914,18.521432876586914,10.019037246704102,9675
2010-05-20,18.23203468322754,19.389625549316406,16.206253051757812,18.23203468322754,9.862489700317383,81756
2010-05-24,18.521432876586914,18.521432876586914,17.36384391784668,17.653240203857422,9.549394607543945,15238
2010-05-25,17.653240203857422,17.653240203857422,16.78504753112793,16.78504753112793,9.079752922058105,23773
2010-05-26,16.78504753112793,17.942638397216797,16.495651245117188,17.36384391784668,9.392848014831543,13615
2010-05-27,17.074445724487305,17.653240203857422,17.074445724487305,17.36384391784668,9.392848014831543,19229
2010-05-28,17.36384391784668,18.810829162597656,17.36384391784668,17.942638397216797,9.705942153930664,70494
2010-05-31,18.23203468322754,18.521432876586914,17.36384391784668,17.36384391784668,9.392848014831543,19974
2010-06-01,17.653240203857422,17.942638397216797,17.36384391784668,17.942638397216797,9.705942153930664,8433
2010-06-02,17.36384391784668,19.10022735595703,17.074445724487305,19.10022735595703,10.332132339477539,46285
2010-06-03,19.10022735595703,20.54721450805664,18.23203468322754,19.67902183532715,10.64522647857666,71942
2010-06-04,20.836612701416016,20.836612701416016,19.10022735595703,19.67902183532715,10.64522647857666,24696
2010-06-07,17.653240203857422,19.389625549316406,17.36384391784668,19.10022735595703,10.332132339477539,10400
2010-06-08,19.389625549316406,22.283599853515625,19.389625549316406,20.257816314697266,10.958321571350098,50250
2010-06-09,19.968420028686523,22.862394332885742,19.968420028686523,21.415407180786133,11.584511756896973,256609
2010-06-10,21.99420166015625,22.283599853515625,19.67902183532715,20.54721450805664,11.114870071411133,113211
2010-06-11,20.54721450805664,21.415407180786133,18.521432876586914,19.10022735595703,10.332132339477539,145405
2010-06-14,19.10022735595703,19.968420028686523,19.10022735595703,19.389625549316406,10.488679885864258,46234
2010-06-15,19.67902183532715,19.67902183532715,19.10022735595703,19.389625549316406,10.488679885864258,17239
2010-06-17,19.389625549316406,19.67902183532715,19.389625549316406,19.389625549316406,10.488679885864258,13890
2010-06-18,19.67902183532715,19.67902183532715,18.521432876586914,18.521432876586914,10.019037246704102,30632
2010-06-21,18.810829162597656,18.810829162597656,18.521432876586914,18.810829162597656,10.17558479309082,10039
2010-06-22,19.10022735595703,19.968420028686523,19.10022735595703,19.389625549316406,10.488679885864258,33407
2010-06-23,19.10022735595703,20.54721450805664,19.10022735595703,20.257816314697266,10.958321571350098,34312
2010-06-24,20.257816314697266,20.54721450805664,19.67902183532715,20.257816314697266,10.958321571350098,55287
2010-06-25,21.704803466796875,21.704803466796875,19.968420028686523,19.968420028686523,10.801774978637695,9329
2010-06-28,19.968420028686523,21.415407180786133,19.968420028686523,20.54721450805664,11.114870071411133,23723
2010-06-29,19.968420028686523,21.99420166015625,19.67902183532715,20.257816314697266,10.958321571350098,126307
2010-06-30,18.810829162597656,20.836612701416016,18.810829162597656,20.54721450805664,11.114870071411133,1268369
2010-07-02,20.54721450805664,20.54721450805664,18.810829162597656,19.67902183532715,10.64522647857666,23825
2010-07-05,18.810829162597656,19.389625549316406,18.23203468322754,19.10022735595703,10.332132339477539,50035
2010-07-06,18.810829162597656,18.810829162597656,18.23203468322754,18.521432876586914,10.019037246704102,12508
2010-07-07,18.521432876586914,20.257816314697266,18.521432876586914,19.968420028686523,10.801774978637695,40705
2010-07-08,20.257816314697266,20.257816314697266,19.67902183532715,19.67902183532715,10.64522647857666,8500
2010-07-09,19.10022735595703,19.67902183532715,18.521432876586914,19.10022735595703,10.332132339477539,40919
2010-07-12,18.810829162597656,19.10022735595703,18.810829162597656,19.10022735595703,10.332132339477539,1589
2010-07-13,18.810829162597656,18.810829162597656,17.36384391784668,17.36384391784668,9.392848014831543,71493
2010-07-14,17.36384391784668,17.942638397216797,17.36384391784668,17.942638397216797,9.705942153930664,26755
2010-07-15,17.942638397216797,18.521432876586914,17.36384391784668,17.653240203857422,9.549394607543945,8500
2010-07-16,17.653240203857422,18.23203468322754,17.653240203857422,18.23203468322754,9.862489700317383,2765
2010-07-19,17.36384391784668,17.942638397216797,17.36384391784668,17.942638397216797,9.705942153930664,11897
2010-07-20,17.942638397216797,18.521432876586914,17.942638397216797,18.521432876586914,10.019037246704102,6081
2010-07-21,18.521432876586914,18.521432876586914,17.942638397216797,17.942638397216797,9.705942153930664,0
2010-07-22,18.521432876586914,18.521432876586914,18.521432876586914,18.521432876586914,10.019037246704102,0
2010-07-23,18.521432876586914,18.521432876586914,18.521432876586914,18.521432876586914,10.019037246704102,0
2010-07-26,21.415407180786133,21.415407180786133,18.521432876586914,18.810829162597656,10.17558479309082,12066
2010-07-27,18.810829162597656,18.810829162597656,17.36384391784668,17.653240203857422,9.549394607543945,21562
2010-07-28,17.942638397216797,17.942638397216797,15.916855812072754,16.495651245117188,8.923205375671387,125467
2010-07-29,16.206253051757812,16.206253051757812,13.601676940917969,13.891075134277344,7.514278411865234,774743
2010-07-30,14.035773277282715,14.035773277282715,13.456977844238281,13.746376037597656,7.436004161834717,59927
2010-08-02,13.891075134277344,14.035773277282715,13.746376037597656,13.891075134277344,7.514278411865234,52341
2010-08-03,14.035773277282715,14.180472373962402,13.601676940917969,13.601676940917969,7.357730865478516,27850
2010-08-04,13.891075134277344,13.891075134277344,13.456977844238281,13.456977844238281,7.279456615447998,12992
2010-08-05,13.456977844238281,13.601676940917969,13.31227970123291,13.601676940917969,7.357730865478516,23358
2010-08-06,13.601676940917969,14.75926685333252,13.601676940917969,14.32517147064209,7.7490997314453125,82471
2010-08-09,14.32517147064209,14.32517147064209,13.022882461547852,13.601676940917969,7.357730865478516,201676
2010-08-10,13.601676940917969,13.601676940917969,13.167580604553223,13.601676940917969,7.357730865478516,18286
2010-08-11,14.035773277282715,14.035773277282715,13.601676940917969,13.746376037597656,7.436004161834717,27781
2010-08-12,13.746376037597656,13.746376037597656,12.444087982177734,13.601676940917969,7.357730865478516,66828
2010-08-13,13.746376037597656,14.035773277282715,12.733485221862793,13.31227970123291,7.201183319091797,29164
2010-08-16,13.022882461547852,13.746376037597656,13.022882461547852,13.746376037597656,7.436004161834717,3676
2010-08-17,13.167580604553223,13.601676940917969,13.022882461547852,13.022882461547852,7.044635772705078,11403
2010-08-18,13.022882461547852,13.022882461547852,12.733485221862793,12.733485221862793,6.888088226318359,18192
2010-08-19,13.022882461547852,13.601676940917969,13.022882461547852,13.31227970123291,7.201183319091797,62820
2010-08-20,12.87818431854248,12.87818431854248,12.444087982177734,12.733485221862793,6.888088226318359,22158
2010-08-23,12.733485221862793,13.022882461547852,12.733485221862793,12.733485221862793,6.888088226318359,14654
2010-08-24,13.31227970123291,13.31227970123291,12.588786125183105,12.87818431854248,6.966361999511719,63383
2010-08-25,12.444087982177734,13.456977844238281,12.444087982177734,13.31227970123291,7.201183319091797,139738
2010-08-26,13.472622871398926,13.953787803649902,12.831069946289062,13.472622871398926,7.287919521331787,144960
2010-08-27,13.151845932006836,13.151845932006836,11.868739128112793,12.510293006896973,6.7673540115356445,145147
2010-08-30,12.510293006896973,12.831069946289062,12.189516067504883,12.510293006896973,6.7673540115356445,15057
2010-08-31,12.67068099975586,13.472622871398926,12.67068099975586,13.312234878540039,7.2011590003967285,86228
2010-09-01,13.312234878540039,13.312234878540039,12.831069946289062,12.831069946289062,6.940876007080078,48259
2010-09-02,12.831069946289062,13.151845932006836,12.510293006896973,12.67068099975586,6.854115009307861,38763
2010-09-03,12.831069946289062,13.472622871398926,12.67068099975586,13.151845932006836,7.1143975257873535,48320
2010-09-06,13.151845932006836,13.633011817932129,13.151845932006836,13.472622871398926,7.287919521331787,49077
2010-09-07,13.472622871398926,13.472622871398926,13.151845932006836,13.472622871398926,7.287919521331787,29754
2010-09-08,12.99145793914795,13.472622871398926,12.510293006896973,13.151845932006836,7.1143975257873535,148042
2010-09-09,12.99145793914795,13.472622871398926,12.99145793914795,12.99145793914795,7.027637004852295,31006
2010-09-10,12.99145793914795,13.312234878540039,12.99145793914795,13.312234878540039,7.2011590003967285,79502
2010-09-13,12.67068099975586,13.312234878540039,12.189516067504883,12.349905014038086,6.680593013763428,700080
2010-09-14,12.510293006896973,12.510293006896973,12.029128074645996,12.189516067504883,6.593832492828369,850388
2010-09-15,12.349905014038086,12.349905014038086,12.029128074645996,12.189516067504883,6.593832492828369,404736
2010-09-16,12.349905014038086,12.67068099975586,11.54796314239502,11.54796314239502,6.24678897857666,683437
2010-09-17,11.708351135253906,12.189516067504883,11.066798210144043,11.54796314239502,6.24678897857666,951814
2010-09-20,11.54796314239502,11.868739128112793,11.387574195861816,11.868739128112793,6.420310020446777,215913
2010-09-21,11.868739128112793,12.349905014038086,11.066798210144043,11.22718620300293,6.073266506195068,1243137
2010-09-22,11.22718620300293,11.387574195861816,10.746021270751953,11.22718620300293,6.073266506195068,382571
2010-09-24,10.90640926361084,11.22718620300293,10.90640926361084,11.22718620300293,6.073266506195068,64094
2010-09-27,11.22718620300293,11.387574195861816,11.22718620300293,11.387574195861816,6.160027503967285,55122
2010-09-28,11.387574195861816,11.708351135253906,11.22718620300293,11.387574195861816,6.160027503967285,245753
2010-09-29,11.708351135253906,11.708351135253906,10.746021270751953,10.746021270751953,5.812983989715576,1413631
2010-09-30,10.746021270751953,11.066798210144043,9.944079399108887,9.944079399108887,5.379179000854492,1071056
2010-10-04,10.264856338500977,10.425244331359863,9.46291446685791,9.46291446685791,5.118896007537842,974926
2010-10-05,9.46291446685791,9.78369140625,9.30252456665039,9.46291446685791,5.118896007537842,981901
2010-10-06,9.623302459716797,9.78369140625,8.981748580932617,9.142136573791504,4.945374011993408,941988
2010-10-07,9.142136573791504,9.142136573791504,7.987340927124023,8.17980670928955,4.424808025360107,3320577
2010-10-08,8.019417762756348,8.17980670928955,7.955263137817383,7.955263137817383,4.303342819213867,1793022
2010-10-11,7.121243000030518,7.121243000030518,6.7042341232299805,6.736310958862305,4.145421981811523,870702
2010-10-12,6.7683892250061035,8.17980670928955,6.672155857086182,7.955263137817383,4.8955464363098145,3395710
2010-10-13,7.955263137817383,7.987340927124023,7.3137102127075195,7.506175994873047,4.619184970855713,972950
2010-10-14,7.538252830505371,7.538252830505371,7.0570878982543945,7.345787048339844,4.52048397064209,366841
2010-10-15,7.3137102127075195,7.698641777038574,6.7042341232299805,6.736310958862305,4.145421981811523,2098749
2010-10-18,6.896699905395508,6.9929327964782715,6.511767864227295,6.575922966003418,4.046721458435059,786051
2010-10-19,6.7042341232299805,6.7683892250061035,6.511767864227295,6.7683892250061035,4.165162563323975,400593
2010-10-20,6.7042341232299805,6.92877721786499,6.575922966003418,6.7683892250061035,4.165162563323975,331390
2010-10-21,6.800467014312744,6.92877721786499,6.736310958862305,6.800467014312744,4.184902667999268,243970
2010-10-22,6.7683892250061035,7.474098205566406,6.7683892250061035,7.0570878982543945,4.342823028564453,857668
2010-10-25,7.24955415725708,7.538252830505371,7.185399055480957,7.3137102127075195,4.500744342803955,472175
2010-10-26,7.409943103790283,8.340194702148438,7.377864837646484,7.82695198059082,4.816585540771484,2768346
2010-10-27,7.89110803604126,8.019417762756348,7.153320789337158,7.3137102127075195,4.500744342803955,1351316
2010-10-28,7.345787048339844,7.57033109664917,6.9929327964782715,7.506175994873047,4.619184970855713,484324
2010-10-29,7.345787048339844,7.57033109664917,6.9929327964782715,7.474098205566406,4.59944486618042,170398
2010-11-01,7.409943103790283,7.538252830505371,7.217476844787598,7.3137102127075195,4.500744342803955,179673
2010-11-02,7.377864837646484,7.442019939422607,7.217476844787598,7.24955415725708,4.461263656616211,325687
2010-11-03,7.345787048339844,7.409943103790283,7.24955415725708,7.281631946563721,4.481004238128662,214859
2010-11-04,7.281631946563721,7.538252830505371,7.24955415725708,7.3137102127075195,4.500744342803955,262946
2010-11-05,7.281631946563721,7.538252830505371,7.281631946563721,7.3137102127075195,4.500744342803955,356634
2010-11-08,7.345787048339844,7.474098205566406,7.24955415725708,7.281631946563721,4.481004238128662,166034
2010-11-09,7.281631946563721,7.281631946563721,7.089166164398193,7.24955415725708,4.461263656616211,269729
2010-11-10,7.121243000030518,7.377864837646484,7.089166164398193,7.3137102127075195,4.500744342803955,152442
2010-11-11,7.281631946563721,7.377864837646484,7.185399055480957,7.24955415725708,4.461263656616211,201629
2010-11-12,7.121243000030518,7.3137102127075195,7.121243000030518,7.121243000030518,4.382303237915039,288674
2010-11-15,7.089166164398193,7.217476844787598,6.9929327964782715,7.153320789337158,4.402043342590332,69830
2010-11-16,7.0570878982543945,7.153320789337158,6.9929327964782715,7.089166164398193,4.362563610076904,223900
2010-11-17,7.025010108947754,7.0570878982543945,6.736310958862305,6.800467014312744,4.184902667999268,204566
2010-11-18,6.896699905395508,6.92877721786499,6.736310958862305,6.800467014312744,4.184902667999268,114431
2010-11-19,6.736310958862305,6.832543849945068,6.672155857086182,6.7042341232299805,4.125682353973389,123512
2010-11-22,6.608001232147217,6.800467014312744,6.608001232147217,6.672155857086182,4.1059417724609375,95642
2010-11-23,6.608001232147217,6.736310958862305,6.479690074920654,6.575922966003418,4.046721458435059,292913
2010-11-24,6.575922966003418,7.0570878982543945,6.479690074920654,7.0570878982543945,4.342823028564453,211153
2010-11-25,7.0570878982543945,7.345787048339844,7.0570878982543945,7.089166164398193,4.362563610076904,216022
2010-11-26,7.185399055480957,7.185399055480957,6.800467014312744,6.832543849945068,4.204642295837402,130813
2010-11-29,6.736310958862305,6.9929327964782715,6.736310958862305,6.832543849945068,4.204642295837402,57423
2010-11-30,6.832543849945068,6.864622116088867,6.7042341232299805,6.864622116088867,4.224382400512695,58670
2010-12-01,6.800467014312744,6.960855007171631,6.800467014312744,6.800467014312744,4.184902667999268,125947
2010-12-02,6.832543849945068,6.896699905395508,6.800467014312744,6.800467014312744,4.184902667999268,81801
2010-12-03,6.7042341232299805,6.896699905395508,6.7042341232299805,6.832543849945068,4.204642295837402,62713
2010-12-06,6.832543849945068,6.832543849945068,6.672155857086182,6.672155857086182,4.1059417724609375,75666
2010-12-07,6.672155857086182,6.832543849945068,6.672155857086182,6.736310958862305,4.145421981811523,90661
2010-12-08,6.672155857086182,6.7683892250061035,6.608001232147217,6.640078067779541,4.0862016677856445,69132
2010-12-09,6.672155857086182,6.672155857086182,6.608001232147217,6.608001232147217,4.06646203994751,66209
2010-12-10,6.575922966003418,6.672155857086182,6.543845176696777,6.575922966003418,4.046721458435059,68645
2010-12-13,6.672155857086182,6.672155857086182,6.575922966003418,6.640078067779541,4.0862016677856445,88072
2010-12-14,6.672155857086182,6.672155857086182,6.511767864227295,6.575922966003418,4.046721458435059,97949
2010-12-15,6.608001232147217,6.672155857086182,6.511767864227295,6.640078067779541,4.0862016677856445,28434
2010-12-16,6.736310958862305,6.736310958862305,6.415534973144531,6.4476118087768555,3.9677608013153076,160329
2010-12-17,6.575922966003418,6.608001232147217,6.415534973144531,6.4476118087768555,3.9677608013153076,104246
2010-12-20,6.415534973144531,6.4476118087768555,6.287223815917969,6.319302082061768,3.888801097869873,87973
2010-12-21,6.383457183837891,6.511767864227295,6.319302082061768,6.319302082061768,3.888801097869873,47696
2010-12-22,6.287223815917969,6.319302082061768,6.255146026611328,6.319302082061768,3.888801097869873,18705
2010-12-23,6.255146026611328,6.255146026611328,6.126835823059082,6.126835823059082,3.770360231399536,116030
2010-12-24,6.126835823059082,6.319302082061768,6.094758033752441,6.190990924835205,3.809840440750122,47073
2010-12-28,6.126835823059082,6.1589131355285645,5.806058883666992,5.934369087219238,3.65191912651062,166798
2010-12-29,5.902291774749756,6.094758033752441,5.870213985443115,5.966446876525879,3.671659469604492,79120
2010-12-30,6.094758033752441,6.255146026611328,6.094758033752441,6.1589131355285645,3.79010009765625,61662
2010-12-31,6.094758033752441,6.319302082061768,5.870213985443115,5.998525142669678,3.6913998126983643,36598
2011-01-03,5.934369087219238,6.1589131355285645,5.838136196136475,5.998525142669678,3.6913998126983643,40401
2011-01-04,6.1589131355285645,6.575922966003418,6.1589131355285645,6.415534973144531,3.948021173477173,143055
2011-01-05,6.223069190979004,6.351378917694092,5.998525142669678,6.094758033752441,3.750620126724243,432403
2011-01-06,6.062679767608643,6.287223815917969,6.062679767608643,6.094758033752441,3.750620126724243,62068
2011-01-07,6.094758033752441,6.190990924835205,6.062679767608643,6.094758033752441,3.750620126724243,28368
2011-01-10,6.126835823059082,6.126835823059082,6.094758033752441,6.094758033752441,3.750620126724243,30176
2011-01-11,6.1589131355285645,6.351378917694092,6.1589131355285645,6.287223815917969,3.869060516357422,171957
2011-01-12,6.351378917694092,6.351378917694092,6.255146026611328,6.351378917694092,3.908540725708008,119771
2011-01-13,6.287223815917969,6.351378917694092,6.094758033752441,6.223069190979004,3.829580783843994,112414
2011-01-14,6.062679767608643,6.1589131355285645,6.062679767608643,6.1589131355285645,3.79010009765625,54679
2011-01-17,6.255146026611328,6.255146026611328,6.094758033752441,6.223069190979004,3.829580783843994,213668
2011-01-18,6.287223815917969,6.287223815917969,6.126835823059082,6.190990924835205,3.809840440750122,30550
2011-01-19,6.190990924835205,6.190990924835205,5.934369087219238,6.1589131355285645,3.79010009765625,109862
2011-01-20,5.934369087219238,6.126835823059082,5.934369087219238,6.030602931976318,3.7111401557922363,22383
2011-01-21,6.030602931976318,6.030602931976318,5.934369087219238,5.934369087219238,3.65191912651062,46699
2011-01-24,5.934369087219238,5.934369087219238,5.934369087219238,5.934369087219238,3.65191912651062,0
2011-01-25,5.934369087219238,5.934369087219238,5.934369087219238,5.934369087219238,3.65191912651062,0
2011-01-26,5.934369087219238,5.934369087219238,5.934369087219238,5.934369087219238,3.65191912651062,0
2011-01-27,5.934369087219238,5.934369087219238,5.934369087219238,5.934369087219238,3.65191912651062,0
2011-01-28,5.934369087219238,5.934369087219238,5.934369087219238,5.934369087219238,3.65191912651062,0
2011-01-31,5.934369087219238,5.934369087219238,5.934369087219238,5.934369087219238,3.65191912651062,0
2011-02-01,5.934369087219238,5.934369087219238,5.934369087219238,5.934369087219238,3.65191912651062,0
2011-02-02,5.934369087219238,5.934369087219238,5.934369087219238,5.934369087219238,3.65191912651062,0
2011-02-07,5.934369087219238,5.934369087219238,5.934369087219238,5.934369087219238,3.65191912651062,0
2011-02-08,5.934369087219238,5.934369087219238,5.934369087219238,5.934369087219238,3.65191912651062,0
2011-02-09,5.934369087219238,5.934369087219238,5.934369087219238,5.934369087219238,3.65191912651062,0
2011-02-10,5.934369087219238,6.255146026611328,5.228661060333252,5.260737895965576,3.2373769283294678,483205
2011-02-11,5.324893951416016,5.324893951416016,4.875805854797363,4.972039222717285,3.05971622467041,221150
2011-02-14,4.843729019165039,4.972039222717285,4.811651229858398,4.875805854797363,3.000495672225952,96465
2011-02-15,4.811651229858398,4.939961910247803,4.811651229858398,4.907884120941162,3.0202362537384033,73820
2011-02-16,4.811651229858398,4.843729019165039,4.747495174407959,4.747495174407959,2.9215352535247803,71950
2011-02-17,4.747495174407959,5.132428169250488,4.619184970855713,5.004117012023926,3.079456329345703,113225
2011-02-18,5.004117012023926,5.036194801330566,5.004117012023926,5.004117012023926,3.079456329345703,42397
2011-02-21,5.004117012023926,5.132428169250488,4.875805854797363,4.939961910247803,3.0399763584136963,41648
2011-02-22,5.036194801330566,5.068272113800049,4.875805854797363,4.875805854797363,3.000495672225952,108985
2011-02-23,4.811651229858398,4.939961910247803,4.811651229858398,4.907884120941162,3.0202362537384033,13947
2011-02-24,4.875805854797363,4.939961910247803,4.747495174407959,4.747495174407959,2.9215352535247803,151694
2011-02-25,4.747495174407959,4.7795729637146,4.683340072631836,4.715417861938477,2.9017953872680664,23692
2011-02-28,4.811651229858398,4.811651229858398,4.811651229858398,4.811651229858398,2.9610159397125244,6858
2011-03-01,4.747495174407959,4.7795729637146,4.49087381362915,4.651261806488037,2.8623147010803223,25892
2011-03-02,4.587107181549072,4.7795729637146,4.587107181549072,4.747495174407959,2.9215352535247803,21510
2011-03-03,4.811651229858398,5.1003499031066895,4.811651229858398,5.004117012023926,3.079456329345703,95829
2011-03-04,5.004117012023926,5.1645050048828125,5.004117012023926,5.1003499031066895,3.138676643371582,69144
2011-03-07,5.292816162109375,5.741902828216553,5.292816162109375,5.421126842498779,3.336077928543091,81614
2011-03-08,5.645669937133789,5.773981094360352,5.389049053192139,5.389049053192139,3.3163375854492188,109889
2011-03-09,5.677748203277588,5.677748203277588,5.292816162109375,5.421126842498779,3.336077928543091,81806
2011-03-10,5.292816162109375,5.292816162109375,5.260737895965576,5.292816162109375,3.257117509841919,22757
2011-03-11,4.972039222717285,5.389049053192139,4.972039222717285,5.068272113800049,3.118936538696289,35414
2011-03-14,5.068272113800049,5.068272113800049,5.004117012023926,5.068272113800049,3.118936538696289,17021
2011-03-15,4.715417861938477,5.132428169250488,4.715417861938477,5.004117012023926,3.079456329345703,111479
2011-03-16,4.907884120941162,5.389049053192139,4.907884120941162,5.132428169250488,3.158417224884033,10106
2011-03-17,5.132428169250488,5.324893951416016,5.132428169250488,5.132428169250488,3.158417224884033,32923
2011-03-18,5.389049053192139,6.608001232147217,5.196582794189453,6.190990924835205,3.809840440750122,1277041
2011-03-21,6.415534973144531,6.415534973144531,5.453204154968262,5.838136196136475,3.5926990509033203,153892
2011-03-22,5.838136196136475,6.190990924835205,5.613593101501465,5.902291774749756,3.6321792602539062,102439
2011-03-23,6.126835823059082,6.126835823059082,5.806058883666992,6.030602931976318,3.7111401557922363,89311
2011-03-24,5.934369087219238,5.934369087219238,5.741902828216553,5.934369087219238,3.65191912651062,77733
2011-03-25,5.677748203277588,5.998525142669678,5.677748203277588,5.870213985443115,3.6124391555786133,47389
2011-03-28,5.773981094360352,5.838136196136475,5.773981094360352,5.838136196136475,3.5926990509033203,26373
2011-03-29,5.485281944274902,5.773981094360352,5.453204154968262,5.773981094360352,3.5532188415527344,25874
2011-03-30,5.934369087219238,5.934369087219238,5.741902828216553,5.741902828216553,3.5334784984588623,25095
2011-03-31,5.773981094360352,5.838136196136475,5.741902828216553,5.741902828216553,3.5334784984588623,38967
2011-04-01,5.613593101501465,5.677748203277588,5.389049053192139,5.677748203277588,3.4939987659454346,105338
2011-04-04,5.645669937133789,5.581514835357666,5.324893951416016,5.485281944274902,3.3755578994750977,32114
2011-04-06,5.485281944274902,5.485281944274902,5.485281944274902,5.485281944274902,3.3755578994750977,0
2011-04-07,5.485281944274902,5.485281944274902,5.485281944274902,5.485281944274902,3.3755578994750977,0
2011-04-08,5.485281944274902,5.485281944274902,5.485281944274902,5.485281944274902,3.3755578994750977,0
2011-04-11,5.485281944274902,5.485281944274902,5.485281944274902,5.485281944274902,3.3755578994750977,0
2011-04-12,6.094758033752441,6.351378917694092,5.132428169250488,5.517360210418701,3.395298480987549,231572
2011-04-13,5.741902828216553,5.741902828216553,5.421126842498779,5.581514835357666,3.4347782135009766,14985
2011-04-14,5.581514835357666,5.741902828216553,5.453204154968262,5.453204154968262,3.3558177947998047,14901
2011-04-15,5.389049053192139,5.645669937133789,5.389049053192139,5.421126842498779,3.336077928543091,5361
2011-04-18,5.421126842498779,5.485281944274902,5.324893951416016,5.389049053192139,3.3163375854492188,21510
2011-04-19,5.1645050048828125,5.389049053192139,5.132428169250488,5.228661060333252,3.217637300491333,31735
2011-04-20,5.292816162109375,5.453204154968262,5.228661060333252,5.260737895965576,3.2373769283294678,60914
2011-04-21,5.581514835357666,5.613593101501465,5.292816162109375,5.324893951416016,3.276857614517212,33730
2011-04-26,5.324893951416016,5.517360210418701,5.324893951416016,5.421126842498779,3.336077928543091,12469
2011-04-27,5.389049053192139,5.517360210418701,5.324893951416016,5.324893951416016,3.276857614517212,48133
2011-04-28,5.453204154968262,6.255146026611328,5.453204154968262,5.677748203277588,3.4939987659454346,254569
2011-04-29,5.581514835357666,5.645669937133789,5.581514835357666,5.613593101501465,3.4545185565948486,21073
2011-05-03,5.485281944274902,5.677748203277588,5.485281944274902,5.677748203277588,3.4939987659454346,16771
2011-05-04,5.581514835357666,5.613593101501465,5.453204154968262,5.613593101501465,3.4545185565948486,9726
2011-05-05,5.453204154968262,6.094758033752441,5.453204154968262,5.934369087219238,3.65191912651062,77249
2011-05-06,6.1589131355285645,6.1589131355285645,5.549437046051025,5.677748203277588,3.4939987659454346,158814
2011-05-09,5.677748203277588,5.677748203277588,5.549437046051025,5.549437046051025,3.4150378704071045,35260
2011-05-11,5.485281944274902,5.485281944274902,5.260737895965576,5.324893951416016,3.276857614517212,37346
2011-05-12,5.453204154968262,5.613593101501465,5.292816162109375,5.453204154968262,3.3558177947998047,19172
2011-05-13,5.324893951416016,5.517360210418701,5.1645050048828125,5.485281944274902,3.3755578994750977,101004
2011-05-16,5.260737895965576,5.389049053192139,5.196582794189453,5.389049053192139,3.3163375854492188,22850
2011-05-17,5.292816162109375,5.517360210418701,5.196582794189453,5.260737895965576,3.2373769283294678,77187
2011-05-18,5.1645050048828125,5.389049053192139,5.1645050048828125,5.35697078704834,3.2965972423553467,35082
2011-05-19,5.228661060333252,5.389049053192139,5.196582794189453,5.389049053192139,3.3163375854492188,16896
2011-05-20,5.228661060333252,5.389049053192139,5.228661060333252,5.292816162109375,3.257117509841919,62348
2011-05-23,5.228661060333252,5.260737895965576,5.004117012023926,5.260737895965576,3.2373769283294678,14901
2011-05-24,5.228661060333252,5.421126842498779,5.228661060333252,5.421126842498779,3.336077928543091,39092
2011-05-25,5.292816162109375,5.934369087219238,5.1645050048828125,5.677748203277588,3.4939987659454346,237906
2011-05-26,5.677748203277588,5.677748203277588,5.677748203277588,5.677748203277588,3.4939987659454346,0
2011-05-27,5.677748203277588,5.677748203277588,5.677748203277588,5.677748203277588,3.4939987659454346,0
2011-05-30,5.677748203277588,5.677748203277588,5.677748203277588,5.677748203277588,3.4939987659454346,0
2011-05-31,5.677748203277588,5.677748203277588,5.677748203277588,5.677748203277588,3.4939987659454346,0
2011-06-01,5.677748203277588,5.677748203277588,5.677748203277588,5.677748203277588,3.4939987659454346,0
2011-06-02,5.677748203277588,5.677748203277588,5.677748203277588,5.677748203277588,3.4939987659454346,0
2011-06-03,5.613593101501465,5.613593101501465,4.972039222717285,5.260737895965576,3.2373769283294678,133176
2011-06-07,5.196582794189453,5.453204154968262,4.939961910247803,5.004117012023926,3.079456329345703,87724
2011-06-08,4.715417861938477,4.715417861938477,2.8228349685668945,2.8869900703430176,1.776609182357788,10875752
2011-06-09,3.015300989151001,3.1436119079589844,2.245436906814575,2.3737471103668213,1.460767388343811,3115437
2011-06-10,2.3737471103668213,2.662446975708008,2.117125988006592,2.405824899673462,1.480507493019104,2042193
2011-06-13,2.405824899673462,2.630368947982788,2.3095920085906982,2.4699809551239014,1.5199881792068481,767699
2011-06-14,2.405824899673462,2.9190680980682373,2.405824899673462,2.566214084625244,1.5792086124420166,2807341
2011-06-15,2.566214084625244,2.790756940841675,2.566214084625244,2.630368947982788,1.6186884641647339,744318
2011-06-16,2.566214084625244,2.726602077484131,2.341670036315918,2.4699809551239014,1.5199881792068481,591786
2011-06-17,2.5982909202575684,2.5982909202575684,2.2775139808654785,2.341670036315918,1.4410276412963867,608024
2011-06-20,2.3737471103668213,2.566214084625244,2.2775139808654785,2.341670036315918,1.4410276412963867,426595
2011-06-21,2.3095920085906982,2.341670036315918,2.2133591175079346,2.3095920085906982,1.4212872982025146,441366
2011-06-22,2.3095920085906982,2.3095920085906982,2.181281089782715,2.2775139808654785,1.4015469551086426,145708
2011-06-23,2.2775139808654785,2.566214084625244,2.2133591175079346,2.4699809551239014,1.5199881792068481,425591
2011-06-24,2.5020580291748047,2.566214084625244,2.341670036315918,2.4379029273986816,1.500247836112976,198705
2011-06-27,2.4379029273986816,2.5020580291748047,2.341670036315918,2.341670036315918,1.4410276412963867,71451
2011-06-28,2.3095920085906982,2.405824899673462,2.245436906814575,2.341670036315918,1.4410276412963867,192040
2011-06-29,2.341670036315918,2.5982909202575684,2.2775139808654785,2.3737471103668213,1.460767388343811,748932
2011-06-30,2.3095920085906982,2.5020580291748047,2.3095920085906982,2.3737471103668213,1.460767388343811,200108
2011-07-04,2.341670036315918,2.3737471103668213,2.3095920085906982,2.341670036315918,1.4410276412963867,488066
2011-07-05,2.3095920085906982,2.341670036315918,2.085047960281372,2.181281089782715,1.3423267602920532,658588
2011-07-06,2.1492040157318115,2.181281089782715,1.9888149499893188,2.0529708862304688,1.2633665800094604,684712
2011-07-07,2.0529708862304688,2.1492040157318115,2.020893096923828,2.117125988006592,1.3028466701507568,154072
2011-07-08,2.085047960281372,2.117125988006592,2.020893096923828,2.0529708862304688,1.2633665800094604,265792
2011-07-11,2.0529708862304688,2.0529708862304688,1.9246599674224854,1.956737995147705,1.204146385192871,585142
2011-07-12,1.956737995147705,1.956737995147705,1.539728045463562,1.5718059539794922,0.9672651290893555,3625823
2011-07-13,1.6038830280303955,1.6038830280303955,1.475572943687439,1.5076500177383423,0.9277845621109009,1146591
2011-07-14,1.475572943687439,1.732193946838379,1.475572943687439,1.6359610557556152,1.0067452192306519,2936310
2011-07-15,1.6359610557556152,1.7001160383224487,1.475572943687439,1.539728045463562,0.947524905204773,2001610
2011-07-18,1.7135679721832275,1.8625739812850952,1.5645619630813599,1.6018129587173462,0.9857310056686401,3330941
2011-07-19,1.6018129587173462,1.6763160228729248,1.4528069496154785,1.6018129587173462,0.9857310056686401,968766
2011-07-20,1.6018129587173462,1.6390650272369385,1.5273100137710571,1.6018129587173462,0.9857310056686401,361663
2011-07-21,1.5645619630813599,1.6018129587173462,1.5273100137710571,1.5645619630813599,0.962807297706604,223078
2011-07-22,1.5273100137710571,1.6018129587173462,1.4900590181350708,1.4900590181350708,0.9169593453407288,967370
2011-07-25,1.4900590181350708,1.4900590181350708,1.4528069496154785,1.4900590181350708,0.9169593453407288,721045
2011-07-26,1.4900590181350708,1.5273100137710571,1.4528069496154785,1.4900590181350708,0.9169593453407288,458344
2011-07-27,1.5273100137710571,1.5645619630813599,1.4900590181350708,1.5273100137710571,0.9398830533027649,1175201
2011-07-28,1.4900590181350708,1.5273100137710571,1.4528069496154785,1.4900590181350708,0.9169593453407288,642562
2011-07-29,1.5273100137710571,1.5273100137710571,1.4900590181350708,1.5273100137710571,0.9398830533027649,1111321
2011-08-01,1.5273100137710571,1.5273100137710571,1.4900590181350708,1.4900590181350708,0.9169593453407288,551666
2011-08-02,1.5273100137710571,1.5273100137710571,1.4528069496154785,1.4528069496154785,0.8940349817276001,500006
2011-08-03,1.4528069496154785,1.5273100137710571,1.4528069496154785,1.4528069496154785,0.8940349817276001,262700
2011-08-04,1.4528069496154785,1.4900590181350708,1.4528069496154785,1.4900590181350708,0.9169593453407288,992551
2011-08-05,1.4155559539794922,1.4900590181350708,1.4155559539794922,1.4900590181350708,0.9169593453407288,785541
2011-08-08,1.4528069496154785,1.4528069496154785,1.3410530090332031,1.3783040046691895,0.8481870293617249,630371
2011-08-09,1.3410530090332031,1.3410530090332031,1.2292979955673218,1.2665499448776245,0.7794153094291687,848342
2011-08-10,1.2665499448776245,1.3783040046691895,1.2665499448776245,1.3783040046691895,0.8481870293617249,255458
2011-08-11,1.3038009405136108,1.4528069496154785,1.3038009405136108,1.4155559539794922,0.8711113333702087,169550
2011-08-12,1.3410530090332031,1.4528069496154785,1.3410530090332031,1.4155559539794922,0.8711113333702087,251694
2011-08-15,1.3783040046691895,1.4528069496154785,1.3038009405136108,1.3410530090332031,0.8252633213996887,290511
2011-08-16,1.3410530090332031,1.3410530090332031,1.3038009405136108,1.3410530090332031,0.8252633213996887,80802
2011-08-17,1.3410530090332031,1.3783040046691895,1.3410530090332031,1.3410530090332031,0.8252633213996887,173738
2011-08-18,1.3410530090332031,1.3783040046691895,1.3410530090332031,1.3783040046691895,0.8481870293617249,207027
2011-08-19,1.3410530090332031,1.4155559539794922,1.3410530090332031,1.4155559539794922,0.8711113333702087,321490
2011-08-22,1.4528069496154785,1.4900590181350708,1.3410530090332031,1.4528069496154785,0.8940349817276001,438371
2011-08-23,1.4155559539794922,1.4528069496154785,1.3783040046691895,1.4155559539794922,0.8711113333702087,527773
2011-08-24,1.4155559539794922,1.4528069496154785,1.4155559539794922,1.4155559539794922,0.8711113333702087,299472
2011-08-25,1.3783040046691895,1.4155559539794922,1.3783040046691895,1.4155559539794922,0.8711113333702087,96103
2011-08-26,1.4155559539794922,1.5273100137710571,1.4155559539794922,1.4528069496154785,0.8940349817276001,147269
2011-08-29,1.4528069496154785,1.4900590181350708,1.4528069496154785,1.4900590181350708,0.9169593453407288,96747
2011-08-30,1.4900590181350708,1.4900590181350708,1.4528069496154785,1.4900590181350708,0.9169593453407288,67191
2011-08-31,1.4528069496154785,1.4528069496154785,1.4155559539794922,1.4528069496154785,0.8940349817276001,185710
2011-09-01,1.4900590181350708,1.5273100137710571,1.4900590181350708,1.4900590181350708,0.9169593453407288,21851
2011-09-02,1.4900590181350708,1.4900590181350708,1.4528069496154785,1.4528069496154785,0.8940349817276001,17894
2011-09-05,1.4528069496154785,1.4900590181350708,1.4155559539794922,1.4528069496154785,0.8940349817276001,191409
2011-09-06,1.4155559539794922,1.6018129587173462,1.4155559539794922,1.6018129587173462,0.9857310056686401,254222
2011-09-07,1.6018129587173462,1.7135679721832275,1.5273100137710571,1.6018129587173462,0.9857310056686401,193664
2011-09-08,1.5273100137710571,1.6018129587173462,1.4900590181350708,1.5273100137710571,0.9398830533027649,76563
2011-09-09,1.5273100137710571,1.5273100137710571,1.5273100137710571,1.5273100137710571,0.9398830533027649,5374
2011-09-12,1.4155559539794922,1.4900590181350708,1.4155559539794922,1.4900590181350708,0.9169593453407288,184
2011-09-14,1.4155559539794922,1.5273100137710571,1.3783040046691895,1.4900590181350708,0.9169593453407288,380709
2011-09-15,1.4528069496154785,1.4900590181350708,1.4528069496154785,1.4900590181350708,0.9169593453407288,42952
2011-09-16,1.4900590181350708,1.4900590181350708,1.4528069496154785,1.4900590181350708,0.9169593453407288,75167
2011-09-19,1.4528069496154785,1.4900590181350708,1.4528069496154785,1.4528069496154785,0.8940349817276001,278646
2011-09-20,1.4528069496154785,1.4900590181350708,1.4528069496154785,1.4900590181350708,0.9169593453407288,95338
2011-09-21,1.4528069496154785,1.5645619630813599,1.4528069496154785,1.4900590181350708,0.9169593453407288,61098
2011-09-22,1.4155559539794922,1.4900590181350708,1.4155559539794922,1.4528069496154785,0.8940349817276001,244070
2011-09-23,1.4155559539794922,1.5273100137710571,1.3038009405136108,1.4900590181350708,0.9169593453407288,287451
2011-09-26,1.4900590181350708,1.4900590181350708,1.0430409908294678,1.4900590181350708,0.9169593453407288,396762
2011-09-27,1.4900590181350708,1.4900590181350708,1.4900590181350708,1.4900590181350708,0.9169593453407288,23247
2011-09-28,1.4900590181350708,1.5273100137710571,1.4900590181350708,1.4900590181350708,0.9169593453407288,42414
2011-09-30,1.4528069496154785,1.4900590181350708,1.4528069496154785,1.4900590181350708,0.9169593453407288,144552
2011-10-03,1.4900590181350708,1.4900590181350708,1.4900590181350708,1.4900590181350708,0.9169593453407288,345497
2011-10-04,1.4900590181350708,1.4900590181350708,1.4900590181350708,1.4900590181350708,0.9169593453407288,241601
2011-10-06,1.5645619630813599,1.5645619630813599,1.5273100137710571,1.5645619630813599,0.962807297706604,110062
2011-10-07,1.3038009405136108,1.5645619630813599,1.3038009405136108,1.4900590181350708,0.9169593453407288,11816
2011-10-10,1.4900590181350708,1.6018129587173462,1.4900590181350708,1.6018129587173462,0.9857310056686401,21529
2011-10-11,1.4900590181350708,1.5645619630813599,1.4900590181350708,1.4900590181350708,0.9169593453407288,139865
2011-10-12,1.5273100137710571,1.5273100137710571,1.5273100137710571,1.5273100137710571,0.9398830533027649,11006
2011-10-13,1.5273100137710571,1.7508189678192139,1.5273100137710571,1.6763160228729248,1.0315790176391602,183195
2011-10-14,1.6763160228729248,1.6763160228729248,1.6763160228729248,1.6763160228729248,1.0315790176391602,19596
2011-10-17,1.7135679721832275,1.7135679721832275,1.7135679721832275,1.7135679721832275,1.054503321647644,13422
2011-10-18,1.6763160228729248,1.6763160228729248,1.6763160228729248,1.6763160228729248,1.0315790176391602,43759
2011-10-19,1.6763160228729248,1.6763160228729248,1.6763160228729248,1.6763160228729248,1.0315790176391602,21263
2011-10-20,1.6390650272369385,1.8625739812850952,1.6390650272369385,1.6390650272369385,1.008655309677124,0
2011-10-21,1.6390650272369385,1.6390650272369385,1.6390650272369385,1.6390650272369385,1.008655309677124,0
2011-10-24,1.7880710363388062,2.235089063644409,1.7880710363388062,2.16058611869812,1.3295913934707642,417714
2011-10-25,2.16058611869812,2.16058611869812,1.9743280410766602,2.086082935333252,1.2837432622909546,239936
2011-10-26,2.086082935333252,2.533099889755249,2.086082935333252,2.4213459491729736,1.4900588989257812,528247
2011-10-27,2.4213459491729736,2.4213459491729736,2.2723400592803955,2.4213459491729736,1.4900588989257812,523740
2011-10-28,2.235089063644409,2.64485502243042,2.235089063644409,2.533099889755249,1.5588306188583374,643142
2011-10-31,2.607603073120117,2.607603073120117,2.4213459491729736,2.4958488941192627,1.5359069108963013,225043
2011-11-01,2.45859694480896,2.64485502243042,2.45859694480896,2.64485502243042,1.6276029348373413,302860
2011-11-02,2.607603073120117,2.64485502243042,2.570352077484131,2.607603073120117,1.604678750038147,143349
2011-11-03,2.4958488941192627,2.570352077484131,2.4958488941192627,2.570352077484131,1.5817550420761108,58252
2011-11-04,2.607603073120117,2.64485502243042,2.570352077484131,2.64485502243042,1.6276029348373413,455608
2011-11-07,2.719357967376709,2.7566089630126953,2.6821060180664062,2.6821060180664062,1.6505266427993774,78600
2011-11-08,2.6821060180664062,2.6821060180664062,2.570352077484131,2.607603073120117,1.604678750038147,23086
2011-11-09,2.4958488941192627,2.719357967376709,2.4213459491729736,2.719357967376709,1.6734509468078613,306833
2011-11-10,2.607603073120117,2.607603073120117,2.607603073120117,2.607603073120117,1.604678750038147,19220
2011-11-11,2.719357967376709,2.868364095687866,2.719357967376709,2.868364095687866,1.765147089958191,161980
2011-11-14,2.8311119079589844,2.8311119079589844,2.719357967376709,2.793860912322998,1.7192989587783813,153282
2011-11-15,2.793860912322998,3.0546209812164307,2.793860912322998,3.0546209812164307,1.8797667026519775,208327
2011-11-16,3.0546209812164307,3.2408790588378906,2.9801180362701416,3.1291239261627197,1.925614595413208,367233
2011-11-17,3.1663761138916016,3.3153820037841797,3.0918729305267334,3.3153820037841797,2.0402350425720215,451579
2011-11-18,3.2408790588378906,3.6878960132598877,3.2408790588378906,3.6506450176239014,2.2465505599975586,502130
2011-11-21,3.7251479625701904,3.8741540908813477,3.203627109527588,3.5388898849487305,2.1777782440185547,938002
2011-11-22,3.464387893676758,3.836901903152466,3.464387893676758,3.7996509075164795,2.3382465839385986,503604
2011-11-23,3.8741540908813477,3.985908031463623,3.8741540908813477,3.9486570358276367,2.4299426078796387,207884
2011-11-24,3.6878960132598877,3.911405086517334,3.6878960132598877,3.836901903152466,2.3611702919006348,275857
2011-11-25,3.7996509075164795,3.911405086517334,3.7251479625701904,3.911405086517334,2.4070184230804443,182006
2011-11-28,3.7996509075164795,3.911405086517334,3.7996509075164795,3.911405086517334,2.4070184230804443,120800
2011-11-29,3.836901903152466,3.911405086517334,3.7996509075164795,3.8741540908813477,2.384094715118408,259586
2011-11-30,3.8741540908813477,3.8741540908813477,3.7996509075164795,3.7996509075164795,2.3382465839385986,27113
2011-12-01,3.836901903152466,3.911405086517334,3.352632999420166,3.3898849487304688,2.086082935333252,667632
2011-12-02,3.3898849487304688,3.3898849487304688,2.793860912322998,3.0546209812164307,1.8797667026519775,657718
2011-12-05,3.1663761138916016,3.1663761138916016,2.8311119079589844,2.8311119079589844,1.7422226667404175,307101
2011-12-06,2.9056150913238525,2.9056150913238525,2.6821060180664062,2.6821060180664062,1.6505266427993774,327503
2011-12-07,2.7566089630126953,2.7566089630126953,2.533099889755249,2.533099889755249,1.5588306188583374,469779
2011-12-08,2.533099889755249,2.8311119079589844,2.533099889755249,2.533099889755249,1.5588306188583374,612067
2011-12-09,2.533099889755249,2.607603073120117,2.4213459491729736,2.4213459491729736,1.4900588989257812,880501
2011-12-12,2.4958488941192627,2.570352077484131,2.384093999862671,2.384093999862671,1.467134714126587,324953
2011-12-13,2.384093999862671,2.4213459491729736,2.384093999862671,2.4213459491729736,1.4900588989257812,336630
2011-12-14,1.4900590181350708,1.6018129587173462,1.3038009405136108,1.4900590181350708,1.4900590181350708,889253
2011-12-15,1.4155559539794922,1.4900590181350708,1.4155559539794922,1.4900590181350708,1.4900590181350708,53259
2011-12-16,1.5273100137710571,1.5273100137710571,1.4528069496154785,1.4528069496154785,1.4528069496154785,48320
2011-12-19,1.4528069496154785,1.4900590181350708,1.4528069496154785,1.4528069496154785,1.4528069496154785,51004
2011-12-20,1.4155559539794922,1.4155559539794922,1.4155559539794922,1.4155559539794922,1.4155559539794922,16106
2011-12-21,1.4155559539794922,1.4528069496154785,1.4155559539794922,1.4155559539794922,1.4155559539794922,66306
2011-12-22,1.4155559539794922,1.4155559539794922,1.4155559539794922,1.4155559539794922,1.4155559539794922,32221
2011-12-23,1.3783040046691895,1.4155559539794922,1.3783040046691895,1.4155559539794922,1.4155559539794922,5368
2011-12-28,1.4528069496154785,1.4528069496154785,1.2665499448776245,1.3038009405136108,1.3038009405136108,542260
2011-12-29,1.3038009405136108,1.3038009405136108,1.2665499448776245,1.3038009405136108,1.3038009405136108,59058
2011-12-30,1.4528069496154785,1.4528069496154785,1.2665499448776245,1.2665499448776245,1.2665499448776245,935586
2012-01-03,1.3038009405136108,1.3038009405136108,1.08029305934906,1.1175440549850464,1.1175440549850464,1600473
2012-01-04,1.1547960042953491,1.1547960042953491,1.0430409908294678,1.0430409908294678,1.0430409908294678,1881327
2012-01-05,1.0057899951934814,1.08029305934906,0.9312869906425476,1.08029305934906,1.08029305934906,518100
2012-01-06,1.0057899951934814,1.0430409908294678,0.9312869906425476,0.9312869906425476,0.9312869906425476,1173107
2012-01-09,0.8567839860916138,0.9312869906425476,0.6705260276794434,0.7822809815406799,0.7822809815406799,3554220
2012-01-10,0.8195319771766663,0.8567839860916138,0.6332749724388123,0.6705260276794434,0.6705260276794434,4697820
2012-01-11,0.7077779769897461,0.8567839860916138,0.5960230231285095,0.6332749724388123,0.6332749724388123,12847826
2012-01-12,0.6332749724388123,0.6332749724388123,0.5587720274925232,0.5587720274925232,0.5587720274925232,3385913
2012-01-13,0.5587720274925232,0.5587720274925232,0.5215200185775757,0.5587720274925232,0.5587720274925232,1506785
2012-01-16,0.5587720274925232,0.5587720274925232,0.48426899313926697,0.48426899313926697,0.48426899313926697,939559
2012-01-17,0.5215200185775757,0.5960230231285095,0.40976598858833313,0.48426899313926697,0.48426899313926697,8037290
2012-01-18,0.44701701402664185,0.48426899313926697,0.44701701402664185,0.48426899313926697,0.48426899313926697,3924675
2012-01-19,0.48426899313926697,0.48426899313926697,0.40976598858833313,0.48426899313926697,0.48426899313926697,24414275
2012-01-20,0.44701701402664185,0.44701701402664185,0.40976598858833313,0.44701701402664185,0.44701701402664185,5920531
2012-01-26,0.44701701402664185,0.48426899313926697,0.40976598858833313,0.44701701402664185,0.44701701402664185,2050925
2012-01-27,0.44701701402664185,0.44701701402664185,0.40976598858833313,0.44701701402664185,0.44701701402664185,3723341
2012-01-30,0.44701701402664185,0.44701701402664185,0.40976598858833313,0.44701701402664185,0.44701701402664185,2416011
2012-01-31,0.44701701402664185,0.44701701402664185,0.40976598858833313,0.44701701402664185,0.44701701402664185,2160987
2012-02-01,0.44701701402664185,0.44701701402664185,0.40976598858833313,0.44701701402664185,0.44701701402664185,1814693
2012-02-02,0.44701701402664185,0.44701701402664185,0.40976598858833313,0.44701701402664185,0.44701701402664185,7054752
2012-02-03,0.44701701402664185,0.48426899313926697,0.40976598858833313,0.44701701402664185,0.44701701402664185,2992904
2012-02-06,0.48426899313926697,0.5960230231285095,0.48426899313926697,0.5587720274925232,0.5587720274925232,31904769
2012-02-07,0.5587720274925232,0.5587720274925232,0.44701701402664185,0.48426899313926697,0.48426899313926697,15063850
2012-02-08,0.48426899313926697,0.5215200185775757,0.48426899313926697,0.5215200185775757,0.5215200185775757,5908489
2012-02-09,0.48426899313926697,0.5215200185775757,0.48426899313926697,0.5215200185775757,0.5215200185775757,2136827
2012-02-10,0.5215200185775757,0.5215200185775757,0.44701701402664185,0.48426899313926697,0.48426899313926697,6482963
2012-02-13,0.48426899313926697,0.5215200185775757,0.44701701402664185,0.5215200185775757,0.5215200185775757,3076387
2012-02-14,0.5215200185775757,0.5215200185775757,0.48426899313926697,0.5215200185775757,0.5215200185775757,5519243
2012-02-15,0.5215200185775757,0.5215200185775757,0.48426899313926697,0.5215200185775757,0.5215200185775757,1693892
2012-02-16,0.48426899313926697,0.5215200185775757,0.48426899313926697,0.5215200185775757,0.5215200185775757,2756131
2012-02-17,0.48426899313926697,0.5215200185775757,0.48426899313926697,0.5215200185775757,0.5215200185775757,759701
2012-02-20,0.5215200185775757,0.5215200185775757,0.48426899313926697,0.5215200185775757,0.5215200185775757,1111365
2012-02-21,0.48426899313926697,0.5215200185775757,0.44701701402664185,0.5215200185775757,0.5215200185775757,2767674
2012-02-22,0.48426899313926697,0.5215200185775757,0.44701701402664185,0.5215200185775757,0.5215200185775757,1943546
2012-02-23,0.5215200185775757,0.5215200185775757,0.48426899313926697,0.5215200185775757,0.5215200185775757,1452291
2012-02-24,0.48426899313926697,0.5215200185775757,0.48426899313926697,0.5215200185775757,0.5215200185775757,1124830
2012-02-27,0.5215200185775757,0.5215200185775757,0.48426899313926697,0.5215200185775757,0.5215200185775757,845603
2012-02-28,0.5215200185775757,0.5215200185775757,0.48426899313926697,0.5215200185775757,0.5215200185775757,1181161
2012-02-29,0.48426899313926697,0.5587720274925232,0.48426899313926697,0.5587720274925232,0.5587720274925232,5696417
2012-03-01,0.5587720274925232,0.5587720274925232,0.5215200185775757,0.5587720274925232,0.5587720274925232,1264379
2012-03-02,0.5587720274925232,0.5587720274925232,0.48426899313926697,0.5215200185775757,0.5215200185775757,4383717
2012-03-05,0.5215200185775757,0.5215200185775757,0.5215200185775757,0.5215200185775757,0.5215200185775757,64443
2012-03-06,0.48426899313926697,0.5215200185775757,0.48426899313926697,0.5215200185775757,0.5215200185775757,3317991
2012-03-07,0.48426899313926697,0.5215200185775757,0.48426899313926697,0.5215200185775757,0.5215200185775757,966408
2012-03-08,0.5215200185775757,0.5587720274925232,0.5215200185775757,0.5587720274925232,0.5587720274925232,2709959
2012-03-09,0.5215200185775757,0.5587720274925232,0.5215200185775757,0.5587720274925232,0.5587720274925232,1248272
2012-03-12,0.5215200185775757,0.5587720274925232,0.5215200185775757,0.5587720274925232,0.5587720274925232,284552
2012-03-13,0.5587720274925232,0.5587720274925232,0.5215200185775757,0.5587720274925232,0.5587720274925232,826812
2012-03-14,0.5587720274925232,0.5587720274925232,0.5215200185775757,0.5587720274925232,0.5587720274925232,5739368
2012-03-15,0.5215200185775757,0.5215200185775757,0.48426899313926697,0.5215200185775757,0.5215200185775757,786545
2012-03-16,0.5215200185775757,0.5215200185775757,0.48426899313926697,0.5215200185775757,0.5215200185775757,260392
2012-03-20,0.48426899313926697,0.5215200185775757,0.48426899313926697,0.5215200185775757,0.5215200185775757,155698
2012-03-21,0.5215200185775757,0.5215200185775757,0.48426899313926697,0.5215200185775757,0.5215200185775757,1291223
2012-03-22,0.48426899313926697,0.5215200185775757,0.48426899313926697,0.5215200185775757,0.5215200185775757,257707
2012-03-23,0.44701701402664185,0.5215200185775757,0.44701701402664185,0.48426899313926697,0.48426899313926697,306028
2012-03-26,0.48426899313926697,0.5215200185775757,0.48426899313926697,0.5215200185775757,0.5215200185775757,300659
2012-03-27,0.48426899313926697,0.5215200185775757,0.48426899313926697,0.5215200185775757,0.5215200185775757,244285
2012-03-28,0.48426899313926697,0.48426899313926697,0.44701701402664185,0.48426899313926697,0.48426899313926697,170597
2012-03-29,0.44701701402664185,0.48426899313926697,0.44701701402664185,0.48426899313926697,0.48426899313926697,26844
2012-03-30,0.48426899313926697,0.48426899313926697,0.44701701402664185,0.48426899313926697,0.48426899313926697,77849
2012-04-02,0.44701701402664185,0.44701701402664185,0.372514009475708,0.372514009475708,0.372514009475708,3726133
2012-04-03,0.372514009475708,0.372514009475708,0.372514009475708,0.372514009475708,0.372514009475708,260392
2012-04-05,0.372514009475708,0.372514009475708,0.372514009475708,0.372514009475708,0.372514009475708,158382
2012-04-10,0.372514009475708,0.372514009475708,0.372514009475708,0.372514009475708,0.372514009475708,166436
2012-04-11,0.372514009475708,0.372514009475708,0.372514009475708,0.372514009475708,0.372514009475708,57715
2012-04-12,0.372514009475708,0.372514009475708,0.372514009475708,0.372514009475708,0.372514009475708,0
2012-04-13,0.372514009475708,0.372514009475708,0.372514009475708,0.372514009475708,0.372514009475708,18791
2012-04-16,0.372514009475708,0.372514009475708,0.372514009475708,0.372514009475708,0.372514009475708,56373
2012-04-17,0.372514009475708,0.372514009475708,0.372514009475708,0.372514009475708,0.372514009475708,91271
2012-04-18,0.372514009475708,0.372514009475708,0.372514009475708,0.372514009475708,0.372514009475708,45635
2012-04-19,0.372514009475708,0.372514009475708,0.372514009475708,0.372514009475708,0.372514009475708,0
2012-04-20,0.372514009475708,0.372514009475708,0.372514009475708,0.372514009475708,0.372514009475708,0
2012-04-23,0.372514009475708,0.372514009475708,0.372514009475708,0.372514009475708,0.372514009475708,166436
2012-04-24,0.372514009475708,0.372514009475708,0.372514009475708,0.372514009475708,0.372514009475708,5368
2012-04-25,0.372514009475708,0.372514009475708,0.372514009475708,0.372514009475708,0.372514009475708,99324
2012-04-26,0.372514009475708,0.372514009475708,0.372514009475708,0.372514009475708,0.372514009475708,136316
2012-04-27,0.372514009475708,0.372514009475708,0.372514009475708,0.372514009475708,0.372514009475708,10737
2012-04-30,0.372514009475708,0.372514009475708,0.372514009475708,0.372514009475708,0.372514009475708,24160
2012-05-02,0.372514009475708,0.372514009475708,0.372514009475708,0.372514009475708,0.372514009475708,8053
2012-05-03,0.372514009475708,0.372514009475708,0.372514009475708,0.372514009475708,0.372514009475708,88587
2012-05-04,0.372514009475708,0.372514009475708,0.372514009475708,0.372514009475708,0.372514009475708,32213
2012-05-07,0.372514009475708,0.372514009475708,0.372514009475708,0.372514009475708,0.372514009475708,34897
2012-05-08,0.372514009475708,0.372514009475708,0.372514009475708,0.372514009475708,0.372514009475708,128853
2012-05-09,0.372514009475708,0.372514009475708,0.372514009475708,0.372514009475708,0.372514009475708,0
2012-05-10,0.372514009475708,0.372514009475708,0.372514009475708,0.372514009475708,0.372514009475708,0
2012-05-11,0.372514009475708,0.372514009475708,0.372514009475708,0.372514009475708,0.372514009475708,0
2012-05-14,0.372514009475708,0.372514009475708,0.372514009475708,0.372514009475708,0.372514009475708,0
2012-05-15,0.372514009475708,0.372514009475708,0.372514009475708,0.372514009475708,0.372514009475708,0
2012-05-16,0.372514009475708,0.372514009475708,0.372514009475708,0.372514009475708,0.372514009475708,0
2012-05-17,0.372514009475708,0.372514009475708,0.372514009475708,0.372514009475708,0.372514009475708,0
2012-05-18,0.372514009475708,0.372514009475708,0.372514009475708,0.372514009475708,0.372514009475708,0
2012-05-21,0.372514009475708,0.372514009475708,0.372514009475708,0.372514009475708,0.372514009475708,0
2012-05-22,0.372514009475708,0.372514009475708,0.372514009475708,0.372514009475708,0.372514009475708,0
2012-05-23,0.2886990010738373,0.3119809925556183,0.2886990010738373,0.3119809925556183,0.3119809925556183,222838
2012-05-24,0.30732399225234985,0.3259499967098236,0.30732399225234985,0.3259499967098236,0.3259499967098236,518113
2012-05-25,0.3259499967098236,0.3259499967098236,0.3259499967098236,0.32129400968551636,0.32129400968551636,178682
2012-05-28,0.3119809925556183,0.32129400968551636,0.3119809925556183,0.32129400968551636,0.32129400968551636,84567
2012-05-29,0.32129400968551636,0.3352630138397217,0.3119809925556183,0.3166370093822479,0.3166370093822479,397299
2012-05-30,0.3166370093822479,0.3166370093822479,0.3119809925556183,0.3166370093822479,0.3166370093822479,279183
2012-05-31,0.30732399225234985,0.3166370093822479,0.30732399225234985,0.3119809925556183,0.3119809925556183,283505
2012-06-01,0.30732399225234985,0.3352630138397217,0.3026680052280426,0.3259499967098236,0.3259499967098236,3954473
2012-06-04,0.3166370093822479,0.3352630138397217,0.3166370093822479,0.32129400968551636,0.32129400968551636,2467015
2012-06-05,0.3119809925556183,0.33991900086402893,0.3119809925556183,0.3352630138397217,0.3352630138397217,4204182
2012-06-06,0.3352630138397217,0.3352630138397217,0.3352630138397217,0.3352630138397217,0.3352630138397217,0
2012-06-07,0.33060601353645325,0.3352630138397217,0.33060601353645325,0.33991900086402893,0.33991900086402893,38387
2012-06-08,0.33991900086402893,0.3492319881916046,0.3352630138397217,0.34457600116729736,0.34457600116729736,223346
2012-06-11,0.3492319881916046,0.3585450053215027,0.3492319881916046,0.3585450053215027,0.3585450053215027,641603
2012-06-12,0.36320099234580994,0.36320099234580994,0.35388898849487305,0.3585450053215027,0.3585450053215027,643410
2012-06-13,0.3585450053215027,0.36785799264907837,0.3585450053215027,0.36785799264907837,0.36785799264907837,888555
2012-06-14,0.3585450053215027,0.36785799264907837,0.3585450053215027,0.36785799264907837,0.36785799264907837,129390
2012-06-15,0.36785799264907837,0.36785799264907837,0.3585450053215027,0.36785799264907837,0.36785799264907837,647009
2012-06-18,0.3585450053215027,0.372514009475708,0.3585450053215027,0.36785799264907837,0.36785799264907837,196512
2012-06-19,0.372514009475708,0.3818269968032837,0.372514009475708,0.37717100977897644,0.37717100977897644,179858
2012-06-20,0.3864839971065521,0.40976598858833313,0.36785799264907837,0.36785799264907837,0.36785799264907837,5846746
2012-06-21,0.372514009475708,0.3818269968032837,0.372514009475708,0.3818269968032837,0.3818269968032837,1594567
2012-06-22,0.3818269968032837,0.4190790057182312,0.372514009475708,0.372514009475708,0.372514009475708,397299
2012-06-25,0.37717100977897644,0.37717100977897644,0.372514009475708,0.37717100977897644,0.37717100977897644,123485
2012-06-26,0.372514009475708,0.37717100977897644,0.372514009475708,0.372514009475708,0.372514009475708,881038
2012-06-27,0.372514009475708,0.37717100977897644,0.372514009475708,0.37717100977897644,0.37717100977897644,225496
2012-06-28,0.372514009475708,0.37717100977897644,0.372514009475708,0.37717100977897644,0.37717100977897644,308712
2012-06-29,0.37717100977897644,0.37717100977897644,0.36785799264907837,0.3818269968032837,0.3818269968032837,10225098
2012-07-03,0.3864839971065521,0.3864839971065521,0.36320099234580994,0.3864839971065521,0.3864839971065521,1189214
2012-07-04,0.4330480098724365,0.4377039968967438,0.3864839971065521,0.3864839971065521,0.3864839971065521,1095258
2012-07-05,0.3864839971065521,0.3864839971065521,0.3864839971065521,0.3864839971065521,0.3864839971065521,16106
2012-07-06,0.372514009475708,0.3864839971065521,0.372514009475708,0.3864839971065521,0.3864839971065521,32215
2012-07-09,0.372514009475708,0.3864839971065521,0.372514009475708,0.3864839971065521,0.3864839971065521,110062
2012-07-10,0.372514009475708,0.3818269968032837,0.372514009475708,0.3818269968032837,0.3818269968032837,85902
2012-07-11,0.372514009475708,0.3864839971065521,0.372514009475708,0.3864839971065521,0.3864839971065521,150329
2012-07-12,0.36320099234580994,0.36320099234580994,0.36320099234580994,0.36320099234580994,0.36320099234580994,10741
2012-07-13,0.36320099234580994,0.37717100977897644,0.37717100977897644,0.37717100977897644,0.37717100977897644,53689
2012-07-16,0.37717100977897644,0.37717100977897644,0.37717100977897644,0.37717100977897644,0.37717100977897644,0
2012-07-17,0.3864839971065521,0.42373499274253845,0.35388898849487305,0.37717100977897644,0.37717100977897644,6362377
2012-07-18,0.37717100977897644,0.37717100977897644,0.36320099234580994,0.372514009475708,0.372514009475708,161067
2012-07-19,0.372514009475708,0.37717100977897644,0.36320099234580994,0.37717100977897644,0.37717100977897644,182545
2012-07-20,0.36320099234580994,0.37717100977897644,0.36320099234580994,0.37717100977897644,0.37717100977897644,118116
2012-07-23,0.36320099234580994,0.3818269968032837,0.36320099234580994,0.3818269968032837,0.3818269968032837,1636176
2012-07-24,0.4190790057182312,0.42373499274253845,0.372514009475708,0.3864839971065521,0.3864839971065521,1163980
2012-07-25,0.3818269968032837,0.3818269968032837,0.372514009475708,0.372514009475708,0.372514009475708,915695
2012-07-26,0.36785799264907837,0.40976598858833313,0.36320099234580994,0.3957970142364502,0.3957970142364502,1132840
2012-07-27,0.3957970142364502,0.3957970142364502,0.3957970142364502,0.3957970142364502,0.3957970142364502,0
2012-07-30,0.41442200541496277,0.4190790057182312,0.40976598858833313,0.40976598858833313,0.40976598858833313,338276
2012-07-31,0.372514009475708,0.3957970142364502,0.36320099234580994,0.3957970142364502,0.3957970142364502,153014
2012-08-01,0.372514009475708,0.372514009475708,0.36320099234580994,0.39114001393318176,0.39114001393318176,1288603
2012-08-02,0.39114001393318176,0.39114001393318176,0.39114001393318176,0.39114001393318176,0.39114001393318176,0
2012-08-03,0.36320099234580994,0.3818269968032837,0.36320099234580994,0.3818269968032837,0.3818269968032837,93955
2012-08-06,0.39114001393318176,0.39114001393318176,0.372514009475708,0.3818269968032837,0.3818269968032837,123860
2012-08-07,0.39114001393318176,0.40976598858833313,0.39114001393318176,0.3957970142364502,0.3957970142364502,969902
2012-08-08,0.4051089882850647,0.4283919930458069,0.3818269968032837,0.42373499274253845,0.42373499274253845,1310017
2012-08-09,0.42373499274253845,0.4330480098724365,0.4051089882850647,0.4190790057182312,0.4190790057182312,373944
2012-08-10,0.40976598858833313,0.40976598858833313,0.40976598858833313,0.40976598858833313,0.40976598858833313,56373
2012-08-13,0.40976598858833313,0.40976598858833313,0.40976598858833313,0.40976598858833313,0.40976598858833313,0
2012-08-14,0.40976598858833313,0.40976598858833313,0.40976598858833313,0.40976598858833313,0.40976598858833313,0
2012-08-15,0.40976598858833313,0.40976598858833313,0.40976598858833313,0.40976598858833313,0.40976598858833313,0
2012-08-16,0.40976598858833313,0.4190790057182312,0.40976598858833313,0.4190790057182312,0.4190790057182312,32213
2012-08-17,0.4190790057182312,0.4190790057182312,0.4190790057182312,0.4190790057182312,0.4190790057182312,10737
2012-08-20,0.4190790057182312,0.4190790057182312,0.3818269968032837,0.41442200541496277,0.41442200541496277,88587
2012-08-21,0.4330480098724365,0.4330480098724365,0.4190790057182312,0.4330480098724365,0.4330480098724365,273814
2012-08-22,0.4190790057182312,0.42373499274253845,0.4190790057182312,0.42373499274253845,0.42373499274253845,421459
2012-08-23,0.42373499274253845,0.4283919930458069,0.40045300126075745,0.4190790057182312,0.4190790057182312,437566
2012-08-24,0.41442200541496277,0.41442200541496277,0.40045300126075745,0.4051089882850647,0.4051089882850647,319450
2012-08-27,0.42373499274253845,0.42373499274253845,0.40976598858833313,0.40976598858833313,0.40976598858833313,230874
2012-08-28,0.39114001393318176,0.40976598858833313,0.39114001393318176,0.40976598858833313,0.40976598858833313,32213
2012-08-29,0.40976598858833313,0.40976598858833313,0.40045300126075745,0.40976598858833313,0.40976598858833313,260392
2012-08-30,0.4190790057182312,0.4330480098724365,0.3957970142364502,0.4051089882850647,0.4051089882850647,2864315
2012-08-31,0.4051089882850647,0.4051089882850647,0.3957970142364502,0.40045300126075745,0.40045300126075745,153014
2012-09-03,0.4051089882850647,0.41442200541496277,0.4051089882850647,0.41442200541496277,0.41442200541496277,266781
2012-09-04,0.40045300126075745,0.4051089882850647,0.40045300126075745,0.4051089882850647,0.4051089882850647,606689
2012-09-05,0.4051089882850647,0.41442200541496277,0.40045300126075745,0.41442200541496277,0.41442200541496277,516810
2012-09-06,0.41442200541496277,0.41442200541496277,0.40976598858833313,0.40976598858833313,0.40976598858833313,91808
2012-09-07,0.3957970142364502,0.42373499274253845,0.37717100977897644,0.4190790057182312,0.4190790057182312,598633
2012-09-10,0.39114001393318176,0.42373499274253845,0.39114001393318176,0.42373499274253845,0.42373499274253845,120800
2012-09-11,0.3957970142364502,0.44701701402664185,0.3957970142364502,0.4377039968967438,0.4377039968967438,1131981
2012-09-12,0.4190790057182312,0.4377039968967438,0.4190790057182312,0.4377039968967438,0.4377039968967438,24160
2012-09-13,0.44701701402664185,0.44701701402664185,0.4283919930458069,0.44701701402664185,0.44701701402664185,128859
2012-09-14,0.4283919930458069,0.48426899313926697,0.4283919930458069,0.48426899313926697,0.48426899313926697,1033533
2012-09-17,0.4656429886817932,0.4749560058116913,0.4516740143299103,0.4656429886817932,0.4656429886817932,910030
2012-09-18,0.4656429886817932,0.48426899313926697,0.4656429886817932,0.4749560058116913,0.4749560058116913,246993
2012-09-19,0.4749560058116913,0.48426899313926697,0.4749560058116913,0.4749560058116913,0.4749560058116913,335610
2012-09-20,0.4749560058116913,0.48426899313926697,0.4749560058116913,0.4749560058116913,0.4749560058116913,230863
2012-09-21,0.4749560058116913,0.5122069716453552,0.4749560058116913,0.48426899313926697,0.48426899313926697,1718052
2012-09-24,0.4749560058116913,0.49358201026916504,0.4656429886817932,0.48426899313926697,0.48426899313926697,845013
2012-09-25,0.48426899313926697,0.48426899313926697,0.46098700165748596,0.48426899313926697,0.48426899313926697,311396
2012-09-26,0.46098700165748596,0.49358201026916504,0.46098700165748596,0.49358201026916504,0.49358201026916504,1248272
2012-09-27,0.48426899313926697,0.5773980021476746,0.48426899313926697,0.5773980021476746,0.5773980021476746,6813151
2012-09-28,0.5773980021476746,0.6518999934196472,0.5494589805603027,0.6425880193710327,0.6425880193710327,14643926
2012-10-03,0.6705260276794434,0.7450289726257324,0.6518999934196472,0.7357159852981567,0.7357159852981567,4126271
2012-10-04,0.7636550068855286,0.8381580114364624,0.679839015007019,0.8381580114364624,0.8381580114364624,7808848
2012-10-05,0.8288450241088867,0.9126610159873962,0.7915940284729004,0.9033480286598206,0.9033480286598206,5931660
2012-10-08,0.9126610159873962,0.9592249989509583,0.8474709987640381,0.9312869906425476,0.9312869906425476,6506747
2012-10-09,0.9219740033149719,0.9778509736061096,0.9219740033149719,0.9592249989509583,0.9592249989509583,4016484
2012-10-10,0.9405990242958069,0.9685379862785339,0.8847219944000244,0.9312869906425476,0.9312869906425476,3349772
2012-10-11,0.8754090070724487,0.9312869906425476,0.8660969734191895,0.9126610159873962,0.9126610159873962,1654455
2012-10-12,0.8847219944000244,0.8940349817276001,0.8195319771766663,0.8567839860916138,0.8567839860916138,4385436
2012-10-15,0.8567839860916138,0.8754090070724487,0.8195319771766663,0.8474709987640381,0.8474709987640381,758628
2012-10-16,0.8474709987640381,0.8474709987640381,0.7543420195579529,0.8009060025215149,0.8009060025215149,1240224
2012-10-17,0.8102189898490906,0.8102189898490906,0.7543420195579529,0.7543420195579529,0.7543420195579529,1228144
2012-10-18,0.7543420195579529,0.8567839860916138,0.726402997970581,0.8567839860916138,0.8567839860916138,2452781
2012-10-19,0.8567839860916138,0.9126610159873962,0.8567839860916138,0.9033480286598206,0.9033480286598206,969627
2012-10-22,0.9126610159873962,0.9499120116233826,0.8660969734191895,0.9033480286598206,0.9033480286598206,1256351
2012-10-24,0.9033480286598206,0.9033480286598206,0.8940349817276001,0.9033480286598206,0.9033480286598206,64426
2012-10-25,0.8474709987640381,0.9778509736061096,0.8474709987640381,0.9685379862785339,0.9685379862785339,2650901
2012-10-26,0.9685379862785339,0.9964770078659058,0.9126610159873962,0.9778509736061096,0.9778509736061096,2103674
2012-10-29,0.9405990242958069,0.9778509736061096,0.8940349817276001,0.9219740033149719,0.9219740033149719,2016027
2012-10-30,0.9219740033149719,0.9405990242958069,0.9033480286598206,0.9126610159873962,0.9126610159873962,414748
2012-10-31,0.8847219944000244,0.9312869906425476,0.8847219944000244,0.9219740033149719,0.9219740033149719,182543
2012-11-01,0.9033480286598206,0.9312869906425476,0.8940349817276001,0.9312869906425476,0.9312869906425476,832181
2012-11-02,0.9219740033149719,0.9592249989509583,0.9219740033149719,0.9592249989509583,0.9592249989509583,133820
2012-11-05,0.9592249989509583,0.9778509736061096,0.9126610159873962,0.9405990242958069,0.9405990242958069,746278
2012-11-06,0.9126610159873962,0.9499120116233826,0.9126610159873962,0.9499120116233826,0.9499120116233826,75164
2012-11-07,0.9126610159873962,0.9405990242958069,0.9033480286598206,0.9219740033149719,0.9219740033149719,1299277
2012-11-08,0.9126610159873962,0.9126610159873962,0.8847219944000244,0.8847219944000244,0.8847219944000244,730172
2012-11-09,0.8847219944000244,0.8940349817276001,0.8381580114364624,0.8940349817276001,0.8940349817276001,190596
2012-11-12,0.8940349817276001,0.9219740033149719,0.8195319771766663,0.8195319771766663,0.8195319771766663,1578460
2012-11-13,0.8381580114364624,0.8660969734191895,0.8009060025215149,0.8381580114364624,0.8381580114364624,1473766
2012-11-14,0.7915940284729004,0.8102189898490906,0.7822809815406799,0.8102189898490906,0.8102189898490906,67111
2012-11-15,0.8195319771766663,0.8381580114364624,0.8009060025215149,0.8288450241088867,0.8288450241088867,128853
2012-11-16,0.7822809815406799,0.8195319771766663,0.7729679942131042,0.8195319771766663,0.8195319771766663,96640
2012-11-19,0.8102189898490906,0.8102189898490906,0.8102189898490906,0.8102189898490906,0.8102189898490906,10737
2012-11-20,0.8567839860916138,0.8847219944000244,0.7822809815406799,0.8102189898490906,0.8102189898490906,1602620
2012-11-21,0.8102189898490906,0.8102189898490906,0.8102189898490906,0.8102189898490906,0.8102189898490906,0
2012-11-22,0.8102189898490906,0.8102189898490906,0.8102189898490906,0.8102189898490906,0.8102189898490906,0
2012-11-23,0.9778509736061096,0.9871640205383301,0.7450289726257324,0.7636550068855286,0.7636550068855286,18370543
2012-11-26,0.7636550068855286,0.7729679942131042,0.7077779769897461,0.7729679942131042,0.7729679942131042,1395917
2012-11-27,0.7543420195579529,0.7729679942131042,0.726402997970581,0.7357159852981567,0.7357159852981567,1342228
2012-11-28,0.726402997970581,0.7822809815406799,0.6891520023345947,0.7729679942131042,0.7729679942131042,3758251
2012-11-29,0.7543420195579529,0.8474709987640381,0.7357159852981567,0.7450289726257324,0.7450289726257324,4174330
2012-11-30,0.7450289726257324,0.7822809815406799,0.7450289726257324,0.7636550068855286,0.7636550068855286,569131
2012-12-03,0.7729679942131042,0.7729679942131042,0.7357159852981567,0.7543420195579529,0.7543420195579529,585211
2012-12-04,0.7543420195579529,0.7543420195579529,0.6425880193710327,0.6705260276794434,0.6705260276794434,6816657
2012-12-05,0.6612129807472229,0.6612129807472229,0.5867099761962891,0.6053360104560852,0.6053360104560852,6426595
2012-12-06,0.6146489977836609,0.6146489977836609,0.5215200185775757,0.5215200185775757,0.5215200185775757,8370458
2012-12-07,0.5215200185775757,0.5494589805603027,0.5215200185775757,0.540145993232727,0.540145993232727,2088507
2012-12-10,0.540145993232727,0.5867099761962891,0.540145993232727,0.5773980021476746,0.5773980021476746,1025462
2012-12-11,0.5867099761962891,0.6053360104560852,0.5122069716453552,0.5494589805603027,0.5494589805603027,4381277
2012-12-12,0.5494589805603027,0.5494589805603027,0.49358201026916504,0.5028949975967407,0.5028949975967407,3374389
2012-12-13,0.49358201026916504,0.49358201026916504,0.46098700165748596,0.4749560058116913,0.4749560058116913,4177041
2012-12-14,0.4749560058116913,0.48426899313926697,0.4656429886817932,0.4749560058116913,0.4749560058116913,1969204
2012-12-17,0.4749560058116913,0.48426899313926697,0.4749560058116913,0.48426899313926697,0.48426899313926697,7376927
2012-12-18,0.48426899313926697,0.5494589805603027,0.48426899313926697,0.5122069716453552,0.5122069716453552,4430701
2012-12-19,0.5122069716453552,0.540145993232727,0.5028949975967407,0.5122069716453552,0.5122069716453552,3135445
2012-12-20,0.5122069716453552,0.5122069716453552,0.46098700165748596,0.4656429886817932,0.4656429886817932,7870875
2012-12-21,0.4656429886817932,0.4656429886817932,0.46098700165748596,0.4656429886817932,0.4656429886817932,1546247
2012-12-24,0.4656429886817932,0.4749560058116913,0.4656429886817932,0.4749560058116913,0.4749560058116913,161067
2012-12-27,0.4749560058116913,0.4749560058116913,0.4656429886817932,0.4656429886817932,0.4656429886817932,472464
2012-12-28,0.4749560058116913,0.4749560058116913,0.46098700165748596,0.4656429886817932,0.4656429886817932,2673557
2012-12-31,0.4656429886817932,0.4749560058116913,0.46098700165748596,0.4656429886817932,0.4656429886817932,1256325
2013-01-02,0.4656429886817932,0.4749560058116913,0.46098700165748596,0.4656429886817932,0.4656429886817932,5015907
2013-01-03,0.4656429886817932,0.48426899313926697,0.4656429886817932,0.4749560058116913,0.4749560058116913,1009624
2013-01-04,0.4749560058116913,0.5028949975967407,0.4749560058116913,0.5028949975967407,0.5028949975967407,1914017
2013-01-07,0.5122069716453552,0.5587720274925232,0.5028949975967407,0.5494589805603027,0.5494589805603027,6485647
2013-01-08,0.5587720274925232,0.5867099761962891,0.5587720274925232,0.5867099761962891,0.5867099761962891,5701786
2013-01-09,0.5773980021476746,0.5867099761962891,0.5308330059051514,0.5680850148200989,0.5680850148200989,2440171
2013-01-10,0.5587720274925232,0.5773980021476746,0.540145993232727,0.5680850148200989,0.5680850148200989,4041658
2013-01-11,0.5680850148200989,0.5960230231285095,0.5494589805603027,0.5680850148200989,0.5680850148200989,3726026
2013-01-14,0.5680850148200989,0.7543420195579529,0.5680850148200989,0.7450289726257324,0.7450289726257324,28099820
2013-01-15,0.7357159852981567,0.7450289726257324,0.6518999934196472,0.679839015007019,0.679839015007019,11523411
2013-01-16,0.6891520023345947,0.7915940284729004,0.6891520023345947,0.7636550068855286,0.7636550068855286,22970163
2013-01-17,0.7822809815406799,0.7915940284729004,0.7357159852981567,0.7450289726257324,0.7450289726257324,11245189
2013-01-18,0.7822809815406799,0.8660969734191895,0.7822809815406799,0.8567839860916138,0.8567839860916138,28789019
2013-01-21,0.8940349817276001,0.9405990242958069,0.8754090070724487,0.9405990242958069,0.9405990242958069,27009662
2013-01-22,0.9685379862785339,0.9685379862785339,0.8847219944000244,0.9312869906425476,0.9312869906425476,12375737
2013-01-23,0.9312869906425476,0.9312869906425476,0.8660969734191895,0.8847219944000244,0.8847219944000244,8163472
2013-01-24,0.8847219944000244,0.9033480286598206,0.8381580114364624,0.8567839860916138,0.8567839860916138,5833593
2013-01-25,0.8754090070724487,0.8754090070724487,0.726402997970581,0.7915940284729004,0.7915940284729004,14302799
2013-01-28,0.8009060025215149,0.8195319771766663,0.7543420195579529,0.7636550068855286,0.7636550068855286,3995223
2013-01-29,0.7729679942131042,0.7915940284729004,0.7357159852981567,0.7915940284729004,0.7915940284729004,3127929
2013-01-30,0.8009060025215149,0.8102189898490906,0.7636550068855286,0.7729679942131042,0.7729679942131042,3822666
2013-01-31,0.7915940284729004,0.7915940284729004,0.7450289726257324,0.7729679942131042,0.7729679942131042,5261535
2013-02-01,0.7450289726257324,0.7729679942131042,0.7450289726257324,0.7729679942131042,0.7729679942131042,1986498
2013-02-04,0.7729679942131042,0.7729679942131042,0.7729679942131042,0.7729679942131042,0.7729679942131042,0
2013-02-05,0.7729679942131042,0.7729679942131042,0.7729679942131042,0.7729679942131042,0.7729679942131042,0
2013-02-06,0.7729679942131042,0.7729679942131042,0.7729679942131042,0.7729679942131042,0.7729679942131042,0
2013-02-07,0.7729679942131042,0.7729679942131042,0.7729679942131042,0.7729679942131042,0.7729679942131042,0
2013-02-08,0.7729679942131042,0.7729679942131042,0.7729679942131042,0.7729679942131042,0.7729679942131042,0
2013-02-14,0.7729679942131042,0.7729679942131042,0.7729679942131042,0.7729679942131042,0.7729679942131042,0
2013-02-15,0.7729679942131042,0.7729679942131042,0.7729679942131042,0.7729679942131042,0.7729679942131042,0
2013-02-18,0.7729679942131042,0.7729679942131042,0.7729679942131042,0.7729679942131042,0.7729679942131042,0
2013-02-19,0.8660969734191895,0.8847219944000244,0.8102189898490906,0.8567839860916138,0.8567839860916138,17801706
2013-02-20,0.8754090070724487,0.9033480286598206,0.8195319771766663,0.8381580114364624,0.8381580114364624,14950706
2013-02-21,0.8381580114364624,0.8474709987640381,0.8102189898490906,0.8381580114364624,0.8381580114364624,3459733
2013-02-22,0.8381580114364624,0.8660969734191895,0.8288450241088867,0.8381580114364624,0.8381580114364624,4542371
2013-02-25,0.8288450241088867,0.8288450241088867,0.8009060025215149,0.8195319771766663,0.8195319771766663,1993853
2013-02-26,0.8102189898490906,0.8288450241088867,0.7915940284729004,0.8009060025215149,0.8009060025215149,4005209
2013-02-27,0.8009060025215149,0.8288450241088867,0.7915940284729004,0.8288450241088867,0.8288450241088867,1739528
2013-02-28,0.8288450241088867,0.8474709987640381,0.8288450241088867,0.8381580114364624,0.8381580114364624,3575696
2013-03-01,0.8288450241088867,0.9033480286598206,0.8288450241088867,0.8940349817276001,0.8940349817276001,8048001
2013-03-04,0.9126610159873962,0.9405990242958069,0.8940349817276001,0.9219740033149719,0.9219740033149719,9559350
2013-03-05,0.9312869906425476,0.9405990242958069,0.9033480286598206,0.9219740033149719,0.9219740033149719,4220503
2013-03-06,0.9312869906425476,1.0244150161743164,0.9219740033149719,1.0057899951934814,1.0057899951934814,12744190
2013-03-07,1.033728003501892,1.1920469999313354,1.033728003501892,1.1547960042953491,1.1547960042953491,19467466
2013-03-08,1.1827340126037598,1.2292979955673218,1.1361700296401978,1.1547960042953491,1.1547960042953491,10824538
2013-03-11,1.1175440549850464,1.3317400217056274,1.0989179611206055,1.2106729745864868,1.2106729745864868,11895394
2013-03-12,1.2851760387420654,1.3224270343780518,1.2292979955673218,1.2851760387420654,1.2851760387420654,7932086
2013-03-13,1.2851760387420654,1.3224270343780518,1.2199859619140625,1.2292979955673218,1.2292979955673218,11324703
2013-03-14,1.2013599872589111,1.2013599872589111,1.0430409908294678,1.1547960042953491,1.1547960042953491,25788667
2013-03-15,1.1454830169677734,1.1547960042953491,1.1082309484481812,1.126857042312622,1.126857042312622,8152174
2013-03-18,1.126857042312622,1.126857042312622,1.0709799528121948,1.1082309484481812,1.1082309484481812,7786079
2013-03-19,1.1082309484481812,1.1175440549850464,1.0989179611206055,1.1082309484481812,1.1082309484481812,2685315
2013-03-20,1.1082309484481812,1.1641080379486084,1.0989179611206055,1.1454830169677734,1.1454830169677734,7823849
2013-03-21,1.1547960042953491,1.2106729745864868,1.1454830169677734,1.2106729745864868,1.2106729745864868,7313050
2013-03-22,1.2199859619140625,1.3038009405136108,1.2199859619140625,1.2851760387420654,1.2851760387420654,11139104
2013-03-25,1.3224270343780518,1.3224270343780518,1.1920469999313354,1.2479239702224731,1.2479239702224731,8433223
2013-03-26,1.2199859619140625,1.2199859619140625,1.1454830169677734,1.1827340126037598,1.1827340126037598,7842640
2013-03-27,1.1858969926834106,1.2712819576263428,1.1764099597930908,1.2712819576263428,1.2712819576263428,7765465
2013-03-28,1.2333329916000366,1.2428200244903564,1.2048710584640503,1.2333329916000366,1.2333329916000366,2805153
2013-04-02,1.1858969926834106,1.1858969926834106,1.1384609937667847,1.1669230461120605,1.1669230461120605,1623243
2013-04-03,1.1574350595474243,1.1574350595474243,1.1100000143051147,1.1384609937667847,1.1384609937667847,2149216
2013-04-05,1.1289739608764648,1.1289739608764648,1.0720510482788086,1.0910249948501587,1.0910249948501587,5581215
2013-04-08,1.0720510482788086,1.0815379619598389,1.0530760288238525,1.0625640153884888,1.0625640153884888,3214864
2013-04-09,1.0720510482788086,1.1100000143051147,1.0720510482788086,1.1005120277404785,1.1005120277404785,1102031
2013-04-10,1.1005120277404785,1.1194870471954346,1.0910249948501587,1.1194870471954346,1.1194870471954346,1530923
2013-04-11,1.1289739608764648,1.1289739608764648,1.1005120277404785,1.1194870471954346,1.1194870471954346,1381864
2013-04-12,1.1005120277404785,1.1194870471954346,1.1005120277404785,1.1100000143051147,1.1100000143051147,1596918
2013-04-15,1.1289739608764648,1.1384609937667847,1.1194870471954346,1.1384609937667847,1.1384609937667847,1344803
2013-04-16,1.1289739608764648,1.1479480266571045,1.1194870471954346,1.1384609937667847,1.1384609937667847,3829378
2013-04-17,1.1479480266571045,1.1479480266571045,1.1289739608764648,1.1384609937667847,1.1384609937667847,2382770
2013-04-18,1.1384609937667847,1.1384609937667847,1.1194870471954346,1.1289739608764648,1.1289739608764648,1902567
2013-04-19,1.1289739608764648,1.1858969926834106,1.1289739608764648,1.1384609937667847,1.1384609937667847,3148591
2013-04-22,1.1479480266571045,1.1858969926834106,1.1479480266571045,1.1764099597930908,1.1764099597930908,2308378
2013-04-23,1.1858969926834106,1.1858969926834106,1.1289739608764648,1.1479480266571045,1.1479480266571045,2539481
2013-04-24,1.1384609937667847,1.1479480266571045,1.1289739608764648,1.1384609937667847,1.1384609937667847,1902567
2013-04-25,1.1384609937667847,1.1384609937667847,1.1194870471954346,1.1384609937667847,1.1384609937667847,706216
2013-04-26,1.1289739608764648,1.1289739608764648,1.1100000143051147,1.1100000143051147,1.1100000143051147,2097883
2013-04-29,1.1100000143051147,1.1194870471954346,1.1005120277404785,1.1194870471954346,1.1194870471954346,827445
2013-04-30,1.1194870471954346,1.1289739608764648,1.1100000143051147,1.1289739608764648,1.1289739608764648,527027
2013-05-02,1.1479480266571045,1.2428200244903564,1.1384609937667847,1.1574350595474243,1.1574350595474243,16883968
2013-05-03,1.1858969926834106,1.2143590450286865,1.1289739608764648,1.1479480266571045,1.1479480266571045,23439982
2013-05-06,1.1669230461120605,1.1764099597930908,1.1289739608764648,1.1384609937667847,1.1384609937667847,13649999
2013-05-07,1.1384609937667847,1.1384609937667847,1.1100000143051147,1.1289739608764648,1.1289739608764648,5428659
2013-05-08,1.1194870471954346,1.1194870471954346,1.0910249948501587,1.1100000143051147,1.1100000143051147,3531086
2013-05-09,1.1100000143051147,1.1384609937667847,1.1005120277404785,1.1384609937667847,1.1384609937667847,11120271
2013-05-10,1.1384609937667847,1.1669230461120605,1.1289739608764648,1.1574350595474243,1.1574350595474243,15452431
2013-05-13,1.1574350595474243,1.1669230461120605,1.1384609937667847,1.1574350595474243,1.1574350595474243,3731351
2013-05-14,1.1574350595474243,1.1574350595474243,1.1384609937667847,1.1479480266571045,1.1479480266571045,2139729
2013-05-15,1.1479480266571045,1.1953840255737305,1.1384609937667847,1.1858969926834106,1.1858969926834106,10072803
2013-05-16,1.1953840255737305,1.2617939710617065,1.1764099597930908,1.2617939710617065,1.2617939710617065,13729053
2013-05-20,1.2902560234069824,1.2997430562973022,1.2238459587097168,1.2333329916000366,1.2333329916000366,15781823
2013-05-21,1.2238459587097168,1.2428200244903564,1.2143590450286865,1.2238459587097168,1.2238459587097168,3662837
2013-05-22,1.2143590450286865,1.2143590450286865,1.1669230461120605,1.1858969926834106,1.1858969926834106,4258378
2013-05-23,1.1858969926834106,1.1858969926834106,1.1289739608764648,1.1384609937667847,1.1384609937667847,5944864
2013-05-24,1.1384609937667847,1.1479480266571045,1.1194870471954346,1.1384609937667847,1.1384609937667847,1835594
2013-05-27,1.1289739608764648,1.1479480266571045,1.1289739608764648,1.1384609937667847,1.1384609937667847,1322882
2013-05-28,1.1384609937667847,1.1384609937667847,1.1005120277404785,1.1384609937667847,1.1384609937667847,2160810
2013-05-29,1.1384609937667847,1.1764099597930908,1.1289739608764648,1.1669230461120605,1.1669230461120605,4189864
2013-05-30,1.1669230461120605,1.1669230461120605,1.1289739608764648,1.1479480266571045,1.1479480266571045,3320270
2013-05-31,1.1384609937667847,1.1574350595474243,1.1384609937667847,1.1574350595474243,1.1574350595474243,1507297
2013-06-03,1.1384609937667847,1.1479480266571045,1.1194870471954346,1.1289739608764648,1.1289739608764648,2213776
2013-06-04,1.1194870471954346,1.1289739608764648,1.0910249948501587,1.1005120277404785,1.1005120277404785,4595675
2013-06-05,1.1005120277404785,1.1005120277404785,1.0625640153884888,1.0720510482788086,1.0720510482788086,3921080
2013-06-06,1.0625640153884888,1.0625640153884888,1.005640983581543,1.005640983581543,1.005640983581543,4476567
2013-06-07,1.005640983581543,1.0435889959335327,1.005640983581543,1.034101963043213,1.034101963043213,1285945
2013-06-10,1.0246150493621826,1.0435889959335327,1.005640983581543,1.005640983581543,1.005640983581543,874864
2013-06-11,1.0151280164718628,1.0435889959335327,1.0151280164718628,1.034101963043213,1.034101963043213,1449324
2013-06-13,1.0151280164718628,1.0151280164718628,0.958204984664917,1.0151280164718628,1.0151280164718628,2118198
2013-06-14,0.9961529970169067,1.0246150493621826,0.9961529970169067,1.0151280164718628,1.0151280164718628,221351
2013-06-17,1.034101963043213,1.0720510482788086,1.0246150493621826,1.0720510482788086,1.0720510482788086,3641756
2013-06-18,1.0720510482788086,1.1100000143051147,1.0530760288238525,1.1100000143051147,1.1100000143051147,1538918
2013-06-19,1.1289739608764648,1.1953840255737305,1.1289739608764648,1.1574350595474243,1.1574350595474243,11552435
2013-06-20,1.1479480266571045,1.1669230461120605,1.1194870471954346,1.1384609937667847,1.1384609937667847,5561768
2013-06-21,1.1289739608764648,1.1953840255737305,1.1005120277404785,1.1858969926834106,1.1858969926834106,5681932
2013-06-24,1.2048710584640503,1.2997430562973022,1.1858969926834106,1.2238459587097168,1.2238459587097168,23124627
2013-06-25,1.2428200244903564,1.2617939710617065,1.1005120277404785,1.1858969926834106,1.1858969926834106,9768450
2013-06-26,1.2143590450286865,1.2238459587097168,1.1764099597930908,1.2143590450286865,1.2143590450286865,3794594
2013-06-27,1.1953840255737305,1.2143590450286865,1.1479480266571045,1.1669230461120605,1.1669230461120605,2546145
2013-06-28,1.1669230461120605,1.1858969926834106,1.1384609937667847,1.1479480266571045,1.1479480266571045,3600258
2013-07-02,1.1479480266571045,1.1858969926834106,1.1479480266571045,1.1764099597930908,1.1764099597930908,2687837
2013-07-03,1.1764099597930908,1.1764099597930908,1.1289739608764648,1.1574350595474243,1.1574350595474243,6176916
2013-07-04,1.1764099597930908,1.1764099597930908,1.1479480266571045,1.1574350595474243,1.1574350595474243,1778716
2013-07-05,1.1953840255737305,1.1953840255737305,1.1479480266571045,1.1574350595474243,1.1574350595474243,2044864
2013-07-08,1.1574350595474243,1.1574350595474243,1.1100000143051147,1.1289739608764648,1.1289739608764648,1644324
2013-07-09,1.1289739608764648,1.1479480266571045,1.1194870471954346,1.1289739608764648,1.1289739608764648,611351
2013-07-10,1.1194870471954346,1.1194870471954346,1.1005120277404785,1.1005120277404785,1.1005120277404785,1180540
2013-07-11,1.1194870471954346,1.1289739608764648,1.1005120277404785,1.1005120277404785,1.1005120277404785,1823513
2013-07-12,1.1100000143051147,1.1194870471954346,1.1100000143051147,1.1100000143051147,1.1100000143051147,695675
2013-07-15,1.1100000143051147,1.1100000143051147,1.0815379619598389,1.1100000143051147,1.1100000143051147,2382178
2013-07-16,1.1005120277404785,1.1005120277404785,1.0625640153884888,1.0815379619598389,1.0815379619598389,1562635
2013-07-17,1.0720510482788086,1.0720510482788086,1.0530760288238525,1.0720510482788086,1.0720510482788086,2487567
2013-07-18,1.0625640153884888,1.0625640153884888,1.034101963043213,1.034101963043213,1.034101963043213,1794529
2013-07-19,1.034101963043213,1.0530760288238525,1.0246150493621826,1.0435889959335327,1.0435889959335327,980291
2013-07-22,1.0435889959335327,1.0435889959335327,0.9961529970169067,1.034101963043213,1.034101963043213,1760270
2013-07-23,1.034101963043213,1.0625640153884888,0.9961529970169067,1.034101963043213,1.034101963043213,1739663
2013-07-24,1.034101963043213,1.034101963043213,1.0151280164718628,1.034101963043213,1.034101963043213,769460
2013-07-25,1.034101963043213,1.0720510482788086,1.034101963043213,1.0625640153884888,1.0625640153884888,2057724
2013-07-26,1.034101963043213,1.0530760288238525,1.034101963043213,1.0435889959335327,1.0435889959335327,421621
2013-07-29,1.0435889959335327,1.0435889959335327,1.0246150493621826,1.0435889959335327,1.0435889959335327,463783
2013-07-30,1.0435889959335327,1.0435889959335327,1.0151280164718628,1.034101963043213,1.034101963043213,580783
2013-07-31,1.0151280164718628,1.0246150493621826,1.0151280164718628,1.0151280164718628,1.0151280164718628,316216
2013-08-01,1.0151280164718628,1.0530760288238525,1.0151280164718628,1.0435889959335327,1.0435889959335327,1517837
2013-08-02,1.0435889959335327,1.0910249948501587,1.0246150493621826,1.0815379619598389,1.0815379619598389,2845972
2013-08-05,1.1005120277404785,1.1005120277404785,1.0530760288238525,1.0720510482788086,1.0720510482788086,1307026
2013-08-06,1.1100000143051147,1.1100000143051147,1.0720510482788086,1.1100000143051147,1.1100000143051147,3193783
2013-08-07,1.1100000143051147,1.1100000143051147,1.0625640153884888,1.0815379619598389,1.0815379619598389,1454594
2013-08-08,1.0720510482788086,1.0815379619598389,1.0530760288238525,1.0720510482788086,1.0720510482788086,1317573
2013-08-09,1.0530760288238525,1.0625640153884888,1.0530760288238525,1.0625640153884888,1.0625640153884888,590270
2013-08-12,1.034101963043213,1.0625640153884888,1.034101963043213,1.0625640153884888,1.0625640153884888,458515
2013-08-13,1.0435889959335327,1.0720510482788086,1.034101963043213,1.0625640153884888,1.0625640153884888,859054
2013-08-14,1.0625640153884888,1.0625640153884888,1.0625640153884888,1.0625640153884888,1.0625640153884888,0
2013-08-15,1.0625640153884888,1.0625640153884888,1.034101963043213,1.0530760288238525,1.0530760288238525,653513
2013-08-16,1.034101963043213,1.0530760288238525,1.034101963043213,1.0530760288238525,1.0530760288238525,1354986
2013-08-19,1.0530760288238525,1.0720510482788086,1.0435889959335327,1.0530760288238525,1.0530760288238525,833231
2013-08-20,1.034101963043213,1.0720510482788086,1.034101963043213,1.0435889959335327,1.0435889959335327,1276986
2013-08-21,1.0246150493621826,1.034101963043213,1.0151280164718628,1.034101963043213,1.034101963043213,716769
2013-08-22,1.0151280164718628,1.0246150493621826,1.005640983581543,1.0246150493621826,1.0246150493621826,792124
2013-08-23,1.0246150493621826,1.034101963043213,1.005640983581543,1.0151280164718628,1.0151280164718628,653513
2013-08-26,1.0151280164718628,1.034101963043213,1.005640983581543,1.034101963043213,1.034101963043213,957081
2013-08-27,1.0246150493621826,1.034101963043213,1.0151280164718628,1.034101963043213,1.034101963043213,990810
2013-08-28,1.0151280164718628,1.034101963043213,1.005640983581543,1.0246150493621826,1.0246150493621826,1836689
2013-08-29,0.9771789908409119,1.0151280164718628,0.85384601354599,0.901282012462616,0.901282012462616,11130810
2013-08-30,0.8823069930076599,0.8917940258979797,0.863332986831665,0.863332986831665,0.863332986831665,2339999
2013-09-02,0.8348709940910339,0.8917940258979797,0.8158969879150391,0.8253840208053589,0.8253840208053589,2916409
2013-09-03,0.8253840208053589,0.8253840208053589,0.7779480218887329,0.787434995174408,0.787434995174408,4195134
2013-09-04,0.787434995174408,0.806410014629364,0.758974015712738,0.806410014629364,0.806410014629364,2508727
2013-09-05,0.7969229817390442,0.85384601354599,0.7969229817390442,0.8348709940910339,0.8348709940910339,3046216
2013-09-06,0.8348709940910339,0.8348709940910339,0.806410014629364,0.806410014629364,0.806410014629364,537567
2013-09-09,0.7779480218887329,0.8253840208053589,0.7779480218887329,0.8158969879150391,0.8158969879150391,735202
2013-09-10,0.806410014629364,0.8253840208053589,0.806410014629364,0.8253840208053589,0.8253840208053589,898317
2013-09-11,0.8253840208053589,0.8253840208053589,0.7969229817390442,0.8158969879150391,0.8158969879150391,1032972
2013-09-12,0.7969229817390442,0.8253840208053589,0.7969229817390442,0.8253840208053589,0.8253840208053589,449501
2013-09-13,0.7969229817390442,0.8158969879150391,0.7969229817390442,0.806410014629364,0.806410014629364,885405
2013-09-16,0.8253840208053589,0.8348709940910339,0.7969229817390442,0.806410014629364,0.806410014629364,379464
2013-09-17,0.806410014629364,0.8158969879150391,0.787434995174408,0.8158969879150391,0.8158969879150391,455878
2013-09-18,0.8158969879150391,0.85384601354599,0.8158969879150391,0.8443589806556702,0.8443589806556702,2550810
2013-09-19,0.85384601354599,0.8823069930076599,0.8348709940910339,0.8728200197219849,0.8728200197219849,2587707
2013-09-23,0.863332986831665,0.8728200197219849,0.8443589806556702,0.863332986831665,0.863332986831665,1370270
2013-09-24,0.863332986831665,0.9771789908409119,0.8348709940910339,0.9676920175552368,0.9676920175552368,7083243
2013-09-25,0.9771789908409119,1.005640983581543,0.9676920175552368,0.9961529970169067,0.9961529970169067,4206202
2013-09-26,1.005640983581543,1.005640983581543,0.9676920175552368,0.9866660237312317,0.9866660237312317,1517837
2013-09-27,1.034101963043213,1.0530760288238525,0.9961529970169067,1.0246150493621826,1.0246150493621826,9391621
2013-09-30,1.034101963043213,1.034101963043213,0.9676920175552368,0.9771789908409119,0.9771789908409119,1652229
2013-10-02,0.9487169981002808,0.9961529970169067,0.9487169981002808,0.9676920175552368,0.9676920175552368,602128
2013-10-03,0.9676920175552368,0.9676920175552368,0.910768985748291,0.9392300248146057,0.9392300248146057,1749729
2013-10-04,0.9202560186386108,0.9487169981002808,0.901282012462616,0.9297429919242859,0.9297429919242859,1486216
2013-10-07,0.910768985748291,0.910768985748291,0.901282012462616,0.910768985748291,0.910768985748291,632432
2013-10-08,0.901282012462616,0.9676920175552368,0.8728200197219849,0.9487169981002808,0.9487169981002808,2672026
2013-10-09,0.9297429919242859,0.9771789908409119,0.9202560186386108,0.9297429919242859,0.9297429919242859,1742878
2013-10-10,0.9297429919242859,0.9392300248146057,0.910768985748291,0.9392300248146057,0.9392300248146057,748378
2013-10-11,0.958204984664917,0.9771789908409119,0.9297429919242859,0.9487169981002808,0.9487169981002808,3457297
2013-10-15,0.9487169981002808,0.9487169981002808,0.9202560186386108,0.9392300248146057,0.9392300248146057,1044843
2013-10-16,0.9202560186386108,0.9202560186386108,0.901282012462616,0.910768985748291,0.910768985748291,948648
2013-10-17,0.9202560186386108,0.9202560186386108,0.863332986831665,0.8917940258979797,0.8917940258979797,3952950
2013-10-18,0.8728200197219849,0.8917940258979797,0.863332986831665,0.8823069930076599,0.8823069930076599,1096216
2013-10-21,0.8728200197219849,0.8917940258979797,0.863332986831665,0.8823069930076599,0.8823069930076599,442729
2013-10-22,0.8823069930076599,0.8823069930076599,0.8728200197219849,0.8823069930076599,0.8823069930076599,1802432
2013-10-23,0.8823069930076599,0.9487169981002808,0.8823069930076599,0.8917940258979797,0.8917940258979797,4575033
2013-10-24,0.901282012462616,0.910768985748291,0.8728200197219849,0.8728200197219849,0.8728200197219849,1148918
2013-10-25,0.8823069930076599,0.9392300248146057,0.8728200197219849,0.8823069930076599,0.8823069930076599,6345405
2013-10-28,0.910768985748291,0.9297429919242859,0.901282012462616,0.910768985748291,0.910768985748291,1566903
2013-10-29,0.910768985748291,0.910768985748291,0.8728200197219849,0.8823069930076599,0.8823069930076599,1187128
2013-10-30,0.901282012462616,0.901282012462616,0.8823069930076599,0.8917940258979797,0.8917940258979797,927567
2013-10-31,0.8823069930076599,0.901282012462616,0.8823069930076599,0.8823069930076599,0.8823069930076599,179189
2013-11-01,0.8728200197219849,0.8917940258979797,0.863332986831665,0.8728200197219849,0.8728200197219849,674594
2013-11-04,0.8728200197219849,0.8823069930076599,0.863332986831665,0.8823069930076599,0.8823069930076599,621891
2013-11-05,0.8728200197219849,0.901282012462616,0.863332986831665,0.8917940258979797,0.8917940258979797,1148918
2013-11-06,0.8917940258979797,0.8917940258979797,0.8728200197219849,0.8823069930076599,0.8823069930076599,326756
2013-11-07,0.8728200197219849,0.8823069930076599,0.8728200197219849,0.8823069930076599,0.8823069930076599,231891
2013-11-08,0.8728200197219849,0.8728200197219849,0.85384601354599,0.863332986831665,0.863332986831665,432372
2013-11-11,0.85384601354599,0.863332986831665,0.8443589806556702,0.863332986831665,0.863332986831665,492770
2013-11-12,0.863332986831665,0.8823069930076599,0.8443589806556702,0.8728200197219849,0.8728200197219849,664212
2013-11-13,0.85384601354599,0.8728200197219849,0.85384601354599,0.8728200197219849,0.8728200197219849,969729
2013-11-14,0.863332986831665,0.8728200197219849,0.85384601354599,0.8728200197219849,0.8728200197219849,168649
2013-11-15,0.863332986831665,0.8728200197219849,0.85384601354599,0.8728200197219849,0.8728200197219849,737837
2013-11-18,0.8823069930076599,0.8917940258979797,0.8728200197219849,0.8728200197219849,0.8728200197219849,1043515
2013-11-19,0.863332986831665,0.8728200197219849,0.8443589806556702,0.863332986831665,0.863332986831665,1728695
2013-11-20,0.8443589806556702,0.85384601354599,0.8443589806556702,0.8443589806556702,0.8443589806556702,464015
2013-11-21,0.8443589806556702,0.8443589806556702,0.8348709940910339,0.8443589806556702,0.8443589806556702,906486
2013-11-22,0.8443589806556702,0.8443589806556702,0.8348709940910339,0.8443589806556702,0.8443589806556702,337297
2013-11-25,0.863332986831665,0.863332986831665,0.8253840208053589,0.8253840208053589,0.8253840208053589,368918
2013-11-26,0.8443589806556702,0.8443589806556702,0.8253840208053589,0.8253840208053589,0.8253840208053589,73783
2013-11-27,0.8253840208053589,0.8443589806556702,0.8158969879150391,0.8253840208053589,0.8253840208053589,614513
2013-11-28,0.8348709940910339,0.8443589806556702,0.8348709940910339,0.8348709940910339,0.8348709940910339,102770
2013-11-29,0.8348709940910339,0.8348709940910339,0.8158969879150391,0.8253840208053589,0.8253840208053589,382094
2013-12-02,0.8253840208053589,0.8443589806556702,0.8253840208053589,0.8253840208053589,0.8253840208053589,685135
2013-12-03,0.8253840208053589,0.8443589806556702,0.8253840208053589,0.8443589806556702,0.8443589806556702,1148918
2013-12-04,0.8443589806556702,0.8917940258979797,0.8443589806556702,0.8728200197219849,0.8728200197219849,1644403
2013-12-05,0.85384601354599,0.85384601354599,0.85384601354599,0.85384601354599,0.85384601354599,252972
2013-12-06,0.85384601354599,0.85384601354599,0.8443589806556702,0.8443589806556702,0.8443589806556702,263513
2013-12-09,0.8443589806556702,0.8823069930076599,0.8443589806556702,0.8823069930076599,0.8823069930076599,1254805
2013-12-10,0.863332986831665,0.8728200197219849,0.85384601354599,0.8728200197219849,0.8728200197219849,326756
2013-12-11,0.85384601354599,0.8728200197219849,0.8253840208053589,0.8253840208053589,0.8253840208053589,1011891
2013-12-12,0.8253840208053589,0.8443589806556702,0.8158969879150391,0.8348709940910339,0.8348709940910339,737848
2013-12-13,0.8253840208053589,0.8253840208053589,0.806410014629364,0.8158969879150391,0.8158969879150391,326941
2013-12-16,0.7969229817390442,0.8158969879150391,0.7969229817390442,0.8158969879150391,0.8158969879150391,569189
2013-12-17,0.806410014629364,0.8158969879150391,0.7969229817390442,0.8158969879150391,0.8158969879150391,390005
2013-12-18,0.806410014629364,0.806410014629364,0.7969229817390442,0.806410014629364,0.806410014629364,342054
2013-12-19,0.806410014629364,0.806410014629364,0.7779480218887329,0.7779480218887329,0.7779480218887329,200270
2013-12-20,0.7779480218887329,0.8158969879150391,0.758974015712738,0.7969229817390442,0.7969229817390442,1559999
2013-12-23,0.7969229817390442,0.7969229817390442,0.787434995174408,0.7969229817390442,0.7969229817390442,189729
2013-12-24,0.787434995174408,0.787434995174408,0.787434995174408,0.787434995174408,0.787434995174408,31623
2013-12-27,0.787434995174408,0.7969229817390442,0.7779480218887329,0.7779480218887329,0.7779480218887329,221366
2013-12-30,0.7779480218887329,0.7779480218887329,0.758974015712738,0.7779480218887329,0.7779480218887329,832702
2013-12-31,0.758974015712738,0.787434995174408,0.758974015712738,0.787434995174408,0.787434995174408,246869
2014-01-02,0.7779480218887329,0.787434995174408,0.7779480218887329,0.787434995174408,0.787434995174408,316255
2014-01-03,0.7684609889984131,0.787434995174408,0.7400000095367432,0.7684609889984131,0.7684609889984131,811621
2014-01-06,0.7684609889984131,0.7969229817390442,0.758974015712738,0.7969229817390442,0.7969229817390442,969731
2014-01-07,0.787434995174408,0.7969229817390442,0.787434995174408,0.7969229817390442,0.7969229817390442,200375
2014-01-08,0.7779480218887329,0.806410014629364,0.7779480218887329,0.7969229817390442,0.7969229817390442,421753
2014-01-09,0.787434995174408,0.7969229817390442,0.7684609889984131,0.7969229817390442,0.7969229817390442,611431
2014-01-10,0.7779480218887329,0.7969229817390442,0.7684609889984131,0.7969229817390442,0.7969229817390442,263513
2014-01-13,0.7969229817390442,0.8158969879150391,0.7779480218887329,0.806410014629364,0.806410014629364,1085675
2014-01-14,0.7969229817390442,0.806410014629364,0.7779480218887329,0.806410014629364,0.806410014629364,1034079
2014-01-15,0.806410014629364,0.8253840208053589,0.7969229817390442,0.806410014629364,0.806410014629364,390263
2014-01-16,0.806410014629364,0.806410014629364,0.806410014629364,0.806410014629364,0.806410014629364,10540
2014-01-17,0.787434995174408,0.7969229817390442,0.7779480218887329,0.787434995174408,0.787434995174408,574464
2014-01-20,0.7779480218887329,0.7969229817390442,0.7779480218887329,0.787434995174408,0.787434995174408,84324
2014-01-21,0.7684609889984131,0.806410014629364,0.7684609889984131,0.806410014629364,0.806410014629364,895945
2014-01-22,0.7969229817390442,0.7969229817390442,0.7684609889984131,0.7779480218887329,0.7779480218887329,964670
2014-01-23,0.7779480218887329,0.7779480218887329,0.7684609889984131,0.7779480218887329,0.7779480218887329,296452
2014-01-24,0.758974015712738,0.787434995174408,0.7494869828224182,0.7494869828224182,0.7494869828224182,832702
2014-01-27,0.7494869828224182,0.7494869828224182,0.7210249900817871,0.7400000095367432,0.7400000095367432,906486
2014-01-28,0.7400000095367432,0.7494869828224182,0.7210249900817871,0.7400000095367432,0.7400000095367432,569189
2014-01-29,0.7400000095367432,0.7684609889984131,0.7400000095367432,0.7684609889984131,0.7684609889984131,527027
2014-01-30,0.758974015712738,0.758974015712738,0.7494869828224182,0.7494869828224182,0.7494869828224182,73783
2014-02-04,0.7305120229721069,0.758974015712738,0.7305120229721069,0.758974015712738,0.758974015712738,506201
2014-02-05,0.7494869828224182,0.758974015712738,0.7305120229721069,0.758974015712738,0.758974015712738,642972
2014-02-06,0.758974015712738,0.7684609889984131,0.758974015712738,0.7684609889984131,0.7684609889984131,168648
2014-02-07,0.7400000095367432,0.7779480218887329,0.7400000095367432,0.7779480218887329,0.7779480218887329,252972
2014-02-10,0.7779480218887329,0.8158969879150391,0.7684609889984131,0.8158969879150391,0.8158969879150391,2087027
2014-02-11,0.8158969879150391,0.85384601354599,0.8158969879150391,0.85384601354599,0.85384601354599,3232182
2014-02-12,0.85384601354599,0.901282012462616,0.85384601354599,0.901282012462616,0.901282012462616,4784878
2014-02-13,0.901282012462616,0.9202560186386108,0.8823069930076599,0.8917940258979797,0.8917940258979797,2532997
2014-02-14,0.901282012462616,0.9392300248146057,0.901282012462616,0.9297429919242859,0.9297429919242859,3468364
2014-02-17,0.8443589806556702,0.9202560186386108,0.8253840208053589,0.910768985748291,0.910768985748291,7557674
2014-02-18,0.9392300248146057,0.9676920175552368,0.9202560186386108,0.9297429919242859,0.9297429919242859,19368265
2014-02-19,0.9297429919242859,0.9392300248146057,0.8917940258979797,0.910768985748291,0.910768985748291,3926351
2014-02-20,0.901282012462616,0.901282012462616,0.863332986831665,0.8917940258979797,0.8917940258979797,1834053
2014-02-21,0.8728200197219849,0.8728200197219849,0.8158969879150391,0.8443589806556702,0.8443589806556702,3625945
2014-02-24,0.8348709940910339,0.8443589806556702,0.8158969879150391,0.8348709940910339,0.8348709940910339,980270
2014-02-25,0.8348709940910339,0.8348709940910339,0.806410014629364,0.8348709940910339,0.8348709940910339,853783
2014-02-26,0.8253840208053589,0.8253840208053589,0.806410014629364,0.8158969879150391,0.8158969879150391,621907
2014-02-27,0.8253840208053589,0.8348709940910339,0.8158969879150391,0.8348709940910339,0.8348709940910339,737837
2014-02-28,0.8348709940910339,0.8348709940910339,0.8158969879150391,0.8158969879150391,0.8158969879150391,295135
2014-03-03,0.8348709940910339,0.8348709940910339,0.806410014629364,0.8348709940910339,0.8348709940910339,453243
2014-03-04,0.8348709940910339,0.85384601354599,0.7969229817390442,0.8443589806556702,0.8443589806556702,1106756
2014-03-05,0.8348709940910339,0.8728200197219849,0.8253840208053589,0.85384601354599,0.85384601354599,574459
2014-03-06,0.85384601354599,0.85384601354599,0.806410014629364,0.8348709940910339,0.8348709940910339,813835
2014-03-07,0.806410014629364,0.8443589806556702,0.806410014629364,0.8348709940910339,0.8348709940910339,542897
2014-03-10,0.8158969879150391,0.8253840208053589,0.806410014629364,0.8253840208053589,0.8253840208053589,474434
2014-03-11,0.8158969879150391,0.8253840208053589,0.7969229817390442,0.8253840208053589,0.8253840208053589,948648
2014-03-12,0.806410014629364,0.806410014629364,0.7684609889984131,0.7969229817390442,0.7969229817390442,1633791
2014-03-13,0.7684609889984131,0.806410014629364,0.7684609889984131,0.806410014629364,0.806410014629364,595540
2014-03-14,0.787434995174408,0.787434995174408,0.683076024055481,0.758974015712738,0.758974015712738,2429594
2014-03-17,0.758974015712738,0.758974015712738,0.7305120229721069,0.758974015712738,0.758974015712738,400540
2014-03-18,0.7684609889984131,0.7684609889984131,0.7400000095367432,0.758974015712738,0.758974015712738,368918
2014-03-19,0.758974015712738,0.758974015712738,0.7494869828224182,0.7494869828224182,0.7494869828224182,421621
2014-03-20,0.806410014629364,0.8253840208053589,0.758974015712738,0.787434995174408,0.787434995174408,1296486
2014-03-21,0.758974015712738,0.758974015712738,0.7305120229721069,0.7400000095367432,0.7400000095367432,1224020
2014-03-24,0.7305120229721069,0.7779480218887329,0.7305120229721069,0.7494869828224182,0.7494869828224182,569189
2014-03-25,0.7400000095367432,0.7494869828224182,0.7400000095367432,0.7494869828224182,0.7494869828224182,505945
2014-03-26,0.7400000095367432,0.758974015712738,0.7305120229721069,0.758974015712738,0.758974015712738,1075135
2014-03-27,0.7305120229721069,0.7400000095367432,0.7115380167961121,0.7115380167961121,0.7115380167961121,1212180
2014-03-28,0.7305120229721069,0.7305120229721069,0.7210249900817871,0.7305120229721069,0.7305120229721069,158108
2014-03-31,0.7210249900817871,0.7210249900817871,0.7210249900817871,0.7210249900817871,0.7210249900817871,89331
2014-04-01,0.7210249900817871,0.7305120229721069,0.7115380167961121,0.7210249900817871,0.7210249900817871,200270
2014-04-02,0.7210249900817871,0.7210249900817871,0.7210249900817871,0.7210249900817871,0.7210249900817871,0
2014-04-03,0.7210249900817871,0.7210249900817871,0.7210249900817871,0.7210249900817871,0.7210249900817871,0
2014-04-04,0.7210249900817871,0.7210249900817871,0.7210249900817871,0.7210249900817871,0.7210249900817871,0
2014-04-07,0.7210249900817871,0.7210249900817871,0.7210249900817871,0.7210249900817871,0.7210249900817871,0
2014-04-08,0.758974015712738,0.758974015712738,0.6735889911651611,0.7020509839057922,0.7020509839057922,1496756
2014-04-09,0.6735889911651611,0.7020509839057922,0.6735889911651611,0.6925640106201172,0.6925640106201172,411081
2014-04-10,0.6925640106201172,0.7020509839057922,0.683076024055481,0.6925640106201172,0.6925640106201172,379459
2014-04-11,0.6925640106201172,0.7115380167961121,0.6925640106201172,0.7020509839057922,0.7020509839057922,189729
2014-04-14,0.6925640106201172,0.6925640106201172,0.6735889911651611,0.683076024055481,0.683076024055481,152837
2014-04-15,0.683076024055481,0.6925640106201172,0.6735889911651611,0.683076024055481,0.683076024055481,980270
2014-04-16,0.6735889911651611,0.683076024055481,0.6546149849891663,0.6641020178794861,0.6641020178794861,505945
2014-04-17,0.6641020178794861,0.6735889911651611,0.6451280117034912,0.6546149849891663,0.6546149849891663,337297
2014-04-22,0.6546149849891663,0.6546149849891663,0.6546149849891663,0.6546149849891663,0.6546149849891663,115945
2014-04-23,0.6451280117034912,0.6546149849891663,0.6166660189628601,0.6451280117034912,0.6451280117034912,558648
2014-04-24,0.6546149849891663,0.6641020178794861,0.6546149849891663,0.6641020178794861,0.6641020178794861,284594
2014-04-25,0.6641020178794861,0.683076024055481,0.6641020178794861,0.683076024055481,0.683076024055481,421647
2014-04-28,0.683076024055481,0.683076024055481,0.6166660189628601,0.6546149849891663,0.6546149849891663,105405
2014-04-29,0.6451280117034912,0.6451280117034912,0.6356409788131714,0.6451280117034912,0.6451280117034912,85641
2014-04-30,0.6261529922485352,0.6356409788131714,0.6166660189628601,0.6261529922485352,0.6261529922485352,400540
2014-05-02,0.6261529922485352,0.6356409788131714,0.6166660189628601,0.6356409788131714,0.6356409788131714,318851
2014-05-05,0.6166660189628601,0.6166660189628601,0.6166660189628601,0.6166660189628601,0.6166660189628601,52702
2014-05-07,0.6166660189628601,0.6166660189628601,0.5976920127868652,0.6166660189628601,0.6166660189628601,727297
2014-05-08,0.6166660189628601,0.6166660189628601,0.6071789860725403,0.6071789860725403,0.6071789860725403,231891
2014-05-09,0.6071789860725403,0.7020509839057922,0.6071789860725403,0.6641020178794861,0.6641020178794861,1127845
2014-05-12,0.6546149849891663,0.6546149849891663,0.6546149849891663,0.6546149849891663,0.6546149849891663,63261
2014-05-13,0.6451280117034912,0.6451280117034912,0.6356409788131714,0.6356409788131714,0.6356409788131714,137027
2014-05-14,0.6356409788131714,0.6356409788131714,0.6356409788131714,0.6356409788131714,0.6356409788131714,0
2014-05-15,0.6261529922485352,0.6641020178794861,0.6261529922485352,0.6451280117034912,0.6451280117034912,342040
2014-05-16,0.6451280117034912,0.6546149849891663,0.6356409788131714,0.6546149849891663,0.6546149849891663,442702
2014-05-19,0.6451280117034912,0.6451280117034912,0.6261529922485352,0.6451280117034912,0.6451280117034912,168648
2014-05-20,0.6356409788131714,0.6451280117034912,0.6356409788131714,0.6451280117034912,0.6451280117034912,84345
2014-05-21,0.6356409788131714,0.6451280117034912,0.6356409788131714,0.6451280117034912,0.6451280117034912,484864
2014-05-22,0.6261529922485352,0.683076024055481,0.5692300200462341,0.6451280117034912,0.6451280117034912,1169999
2014-05-23,0.6451280117034912,0.6451280117034912,0.6451280117034912,0.6451280117034912,0.6451280117034912,0
2014-05-26,0.6356409788131714,0.6451280117034912,0.6356409788131714,0.6451280117034912,0.6451280117034912,263513
2014-05-27,0.6166660189628601,0.6356409788131714,0.5882049798965454,0.6356409788131714,0.6356409788131714,832710
2014-05-28,0.6356409788131714,0.6356409788131714,0.6356409788131714,0.6356409788131714,0.6356409788131714,31621
2014-05-29,0.6166660189628601,0.6451280117034912,0.6166660189628601,0.6451280117034912,0.6451280117034912,400551
2014-05-30,0.6261529922485352,0.6546149849891663,0.6166660189628601,0.6546149849891663,0.6546149849891663,843348
2014-06-03,0.6166660189628601,0.6356409788131714,0.6166660189628601,0.6356409788131714,0.6356409788131714,505945
2014-06-04,0.6166660189628601,0.6261529922485352,0.5312820076942444,0.6261529922485352,0.6261529922485352,411081
2014-06-05,0.6261529922485352,0.6261529922485352,0.5976920127868652,0.5976920127868652,0.5976920127868652,126486
2014-06-06,0.6356409788131714,0.6451280117034912,0.6261529922485352,0.6451280117034912,0.6451280117034912,252975
2014-06-09,0.6451280117034912,0.6451280117034912,0.6071789860725403,0.6356409788131714,0.6356409788131714,411081
2014-06-10,0.6261529922485352,0.6451280117034912,0.6166660189628601,0.6356409788131714,0.6356409788131714,495415
2014-06-11,0.6166660189628601,0.6356409788131714,0.6166660189628601,0.6356409788131714,0.6356409788131714,21081
2014-06-12,0.6356409788131714,0.6641020178794861,0.6356409788131714,0.6546149849891663,0.6546149849891663,758918
2014-06-13,0.758974015712738,0.758974015712738,0.6641020178794861,0.6735889911651611,0.6735889911651611,1992173
2014-06-16,0.6546149849891663,0.6546149849891663,0.6451280117034912,0.6451280117034912,0.6451280117034912,94864
2014-06-17,0.6641020178794861,0.6641020178794861,0.6356409788131714,0.6451280117034912,0.6451280117034912,221351
2014-06-18,0.6641020178794861,0.6735889911651611,0.6356409788131714,0.6641020178794861,0.6641020178794861,115945
2014-06-19,0.6451280117034912,0.6925640106201172,0.6451280117034912,0.6641020178794861,0.6641020178794861,532297
2014-06-20,0.6641020178794861,0.683076024055481,0.6451280117034912,0.683076024055481,0.683076024055481,1739189
2014-06-23,0.6735889911651611,0.683076024055481,0.6546149849891663,0.6735889911651611,0.6735889911651611,368918
2014-06-24,0.6546149849891663,0.6735889911651611,0.6451280117034912,0.6735889911651611,0.6735889911651611,212391
2014-06-25,0.6451280117034912,0.7020509839057922,0.6261529922485352,0.683076024055481,0.683076024055481,832702
2014-06-26,0.6546149849891663,0.683076024055481,0.6546149849891663,0.683076024055481,0.683076024055481,200272
2014-06-27,0.6641020178794861,0.683076024055481,0.6641020178794861,0.683076024055481,0.683076024055481,217408
2014-06-30,0.6546149849891663,0.6925640106201172,0.6546149849891663,0.6925640106201172,0.6925640106201172,305717
2014-07-02,0.6735889911651611,0.6735889911651611,0.6641020178794861,0.6641020178794861,0.6641020178794861,42162
2014-07-03,0.6735889911651611,0.7020509839057922,0.6641020178794861,0.6925640106201172,0.6925640106201172,226621
2014-07-04,0.7020509839057922,0.7020509839057922,0.6641020178794861,0.6925640106201172,0.6925640106201172,252972
2014-07-07,0.683076024055481,0.683076024055481,0.6735889911651611,0.6735889911651611,0.6735889911651611,221351
2014-07-08,0.6546149849891663,0.6546149849891663,0.6546149849891663,0.6546149849891663,0.6546149849891663,158108
2014-07-09,0.6546149849891663,0.6546149849891663,0.6451280117034912,0.6451280117034912,0.6451280117034912,326758
2014-07-10,0.6261529922485352,0.6356409788131714,0.6261529922485352,0.6356409788131714,0.6356409788131714,516488
2014-07-11,0.6166660189628601,0.6261529922485352,0.6166660189628601,0.6166660189628601,0.6166660189628601,421626
2014-07-14,0.6356409788131714,0.6546149849891663,0.6356409788131714,0.6546149849891663,0.6546149849891663,54101
2014-07-15,0.6546149849891663,0.683076024055481,0.6546149849891663,0.6641020178794861,0.6641020178794861,421621
2014-07-16,0.6546149849891663,0.683076024055481,0.6546149849891663,0.6641020178794861,0.6641020178794861,31621
2014-07-17,0.6356409788131714,0.6641020178794861,0.6356409788131714,0.6641020178794861,0.6641020178794861,31621
2014-07-18,0.6641020178794861,0.6641020178794861,0.6356409788131714,0.6641020178794861,0.6641020178794861,210824
2014-07-21,0.6451280117034912,0.6451280117034912,0.6451280117034912,0.6451280117034912,0.6451280117034912,147575
2014-07-22,0.6356409788131714,0.6641020178794861,0.6356409788131714,0.6641020178794861,0.6641020178794861,179189
2014-07-23,0.6546149849891663,0.6641020178794861,0.6546149849891663,0.6546149849891663,0.6546149849891663,193945
2014-07-24,0.6451280117034912,0.6641020178794861,0.6356409788131714,0.6641020178794861,0.6641020178794861,231891
2014-07-25,0.6356409788131714,0.683076024055481,0.6356409788131714,0.6641020178794861,0.6641020178794861,537567
2014-07-28,0.6451280117034912,0.6735889911651611,0.6451280117034912,0.6735889911651611,0.6735889911651611,608979
2014-07-29,0.6735889911651611,0.683076024055481,0.6546149849891663,0.6735889911651611,0.6735889911651611,505945
2014-07-30,0.6735889911651611,0.683076024055481,0.6735889911651611,0.6735889911651611,0.6735889911651611,94868
2014-07-31,0.6546149849891663,0.6641020178794861,0.6451280117034912,0.6641020178794861,0.6641020178794861,664054
2014-08-01,0.6451280117034912,0.6641020178794861,0.6451280117034912,0.6546149849891663,0.6546149849891663,173918
2014-08-04,0.6641020178794861,0.6735889911651611,0.6451280117034912,0.6641020178794861,0.6641020178794861,316218
2014-08-05,0.6451280117034912,0.6735889911651611,0.6451280117034912,0.6735889911651611,0.6735889911651611,359432
2014-08-06,0.6546149849891663,0.6641020178794861,0.6451280117034912,0.6641020178794861,0.6641020178794861,3609460
2014-08-07,0.6641020178794861,0.7494869828224182,0.6641020178794861,0.7494869828224182,0.7494869828224182,10899974
2014-08-08,0.758974015712738,0.758974015712738,0.6925640106201172,0.7020509839057922,0.7020509839057922,4954055
2014-08-11,0.6735889911651611,0.7020509839057922,0.6451280117034912,0.6641020178794861,0.6641020178794861,3025161
2014-08-12,0.6641020178794861,0.6641020178794861,0.6356409788131714,0.6451280117034912,0.6451280117034912,1612702
2014-08-13,0.6451280117034912,0.6546149849891663,0.6261529922485352,0.6546149849891663,0.6546149849891663,797049
2014-08-14,0.6356409788131714,0.6546149849891663,0.6356409788131714,0.6546149849891663,0.6546149849891663,210823
2014-08-15,0.6546149849891663,0.6546149849891663,0.6451280117034912,0.6451280117034912,0.6451280117034912,339410
2014-08-18,0.6356409788131714,0.6356409788131714,0.6261529922485352,0.6356409788131714,0.6356409788131714,305675
2014-08-19,0.6356409788131714,0.6356409788131714,0.6356409788131714,0.6356409788131714,0.6356409788131714,179189
2014-08-20,0.6451280117034912,0.6546149849891663,0.6356409788131714,0.6451280117034912,0.6451280117034912,316216
2014-08-21,0.6451280117034912,0.6546149849891663,0.6356409788131714,0.6356409788131714,0.6356409788131714,305675
2014-08-22,0.6356409788131714,0.6546149849891663,0.6356409788131714,0.6546149849891663,0.6546149849891663,221369
2014-08-25,0.6546149849891663,0.6641020178794861,0.6451280117034912,0.6641020178794861,0.6641020178794861,411081
2014-08-26,0.6451280117034912,0.6641020178794861,0.6356409788131714,0.6451280117034912,0.6451280117034912,685135
2014-08-27,0.6451280117034912,0.6451280117034912,0.6356409788131714,0.6356409788131714,0.6356409788131714,558648
2014-08-28,0.6356409788131714,0.6356409788131714,0.6356409788131714,0.6356409788131714,0.6356409788131714,252972
2014-08-29,0.6356409788131714,0.6451280117034912,0.6356409788131714,0.6356409788131714,0.6356409788131714,442702
2014-09-01,0.6356409788131714,0.6546149849891663,0.6261529922485352,0.6546149849891663,0.6546149849891663,737837
2014-09-02,0.6356409788131714,0.6546149849891663,0.6356409788131714,0.6546149849891663,0.6546149849891663,231891
2014-09-03,0.6356409788131714,0.6451280117034912,0.5882049798965454,0.6356409788131714,0.6356409788131714,685793
2014-09-04,0.6261529922485352,0.6356409788131714,0.6261529922485352,0.6261529922485352,0.6261529922485352,218726
2014-09-05,0.6261529922485352,0.6641020178794861,0.6261529922485352,0.6641020178794861,0.6641020178794861,1574229
2014-09-08,0.6641020178794861,0.683076024055481,0.6641020178794861,0.683076024055481,0.683076024055481,695675
2014-09-10,0.6451280117034912,0.6735889911651611,0.6451280117034912,0.6735889911651611,0.6735889911651611,611356
2014-09-11,0.6641020178794861,0.7020509839057922,0.6641020178794861,0.7020509839057922,0.7020509839057922,827168
2014-09-12,0.6925640106201172,0.6925640106201172,0.6925640106201172,0.683076024055481,0.683076024055481,28986
2014-09-15,0.6641020178794861,0.683076024055481,0.6546149849891663,0.683076024055481,0.683076024055481,463801
2014-09-16,0.683076024055481,0.7020509839057922,0.6735889911651611,0.6925640106201172,0.6925640106201172,1844595
2014-09-17,0.6735889911651611,0.7020509839057922,0.6641020178794861,0.6925640106201172,0.6925640106201172,1096216
2014-09-18,0.7020509839057922,0.7305120229721069,0.6925640106201172,0.7020509839057922,0.7020509839057922,2571891
2014-09-19,0.7115380167961121,0.7305120229721069,0.683076024055481,0.7020509839057922,0.7020509839057922,1922752
2014-09-22,0.7020509839057922,0.7115380167961121,0.683076024055481,0.7115380167961121,0.7115380167961121,1296486
2014-09-23,0.6925640106201172,0.7115380167961121,0.6925640106201172,0.7115380167961121,0.7115380167961121,906486
2014-09-24,0.683076024055481,0.7115380167961121,0.683076024055481,0.683076024055481,0.683076024055481,305675
2014-09-25,0.683076024055481,0.7020509839057922,0.683076024055481,0.7020509839057922,0.7020509839057922,309496
2014-09-26,0.683076024055481,0.683076024055481,0.6641020178794861,0.6641020178794861,0.6641020178794861,326756
2014-09-29,0.6356409788131714,0.6356409788131714,0.6166660189628601,0.6261529922485352,0.6261529922485352,1433513
2014-09-30,0.6356409788131714,0.6451280117034912,0.6261529922485352,0.6356409788131714,0.6356409788131714,495405
2014-10-03,0.6166660189628601,0.6356409788131714,0.6166660189628601,0.6356409788131714,0.6356409788131714,453889
2014-10-06,0.6546149849891663,0.6546149849891663,0.6546149849891663,0.6546149849891663,0.6546149849891663,63245
2014-10-07,0.6261529922485352,0.6546149849891663,0.6261529922485352,0.6546149849891663,0.6546149849891663,306466
2014-10-08,0.6261529922485352,0.6451280117034912,0.6261529922485352,0.6451280117034912,0.6451280117034912,558648
2014-10-09,0.6356409788131714,0.6641020178794861,0.6451280117034912,0.6641020178794861,0.6641020178794861,53240
2014-10-10,0.6356409788131714,0.6546149849891663,0.6356409788131714,0.6546149849891663,0.6546149849891663,777839
2014-10-13,0.6261529922485352,0.6546149849891663,0.6261529922485352,0.6451280117034912,0.6451280117034912,332027
2014-10-14,0.6451280117034912,0.6451280117034912,0.6356409788131714,0.6451280117034912,0.6451280117034912,211812
2014-10-15,0.6546149849891663,0.6546149849891663,0.6546149849891663,0.6546149849891663,0.6546149849891663,748378
2014-10-16,0.6356409788131714,0.6546149849891663,0.6356409788131714,0.6546149849891663,0.6546149849891663,168648
2014-10-17,0.6451280117034912,0.6451280117034912,0.6451280117034912,0.6451280117034912,0.6451280117034912,0
2014-10-20,0.6451280117034912,0.6451280117034912,0.6451280117034912,0.6451280117034912,0.6451280117034912,0
2014-10-21,0.6451280117034912,0.6451280117034912,0.6451280117034912,0.6451280117034912,0.6451280117034912,0
2014-10-22,0.6451280117034912,0.6546149849891663,0.6261529922485352,0.6451280117034912,0.6451280117034912,252972
2014-10-23,0.6261529922485352,0.6451280117034912,0.5882049798965454,0.6451280117034912,0.6451280117034912,569189
2014-10-24,0.6356409788131714,0.6451280117034912,0.6356409788131714,0.6451280117034912,0.6451280117034912,137027
2014-10-27,0.6356409788131714,0.6356409788131714,0.6356409788131714,0.6356409788131714,0.6356409788131714,105405
2014-10-28,0.6356409788131714,0.6356409788131714,0.6071789860725403,0.6261529922485352,0.6261529922485352,152837
2014-10-29,0.6261529922485352,0.6261529922485352,0.6261529922485352,0.6261529922485352,0.6261529922485352,10540
2014-10-30,0.6166660189628601,0.6166660189628601,0.6071789860725403,0.6356409788131714,0.6356409788131714,42164
2014-10-31,0.6356409788131714,0.6451280117034912,0.6356409788131714,0.6451280117034912,0.6451280117034912,63279
2014-11-03,0.6166660189628601,0.6451280117034912,0.6166660189628601,0.6356409788131714,0.6356409788131714,316216
2014-11-04,0.6166660189628601,0.6641020178794861,0.6166660189628601,0.6546149849891663,0.6546149849891663,179199
2014-11-05,0.6261529922485352,0.6356409788131714,0.6261529922485352,0.6356409788131714,0.6356409788131714,21086
2014-11-06,0.6261529922485352,0.6451280117034912,0.6261529922485352,0.6451280117034912,0.6451280117034912,454033
2014-11-07,0.6356409788131714,0.6546149849891663,0.6356409788131714,0.6546149849891663,0.6546149849891663,275110
2014-11-10,0.6546149849891663,0.7210249900817871,0.6546149849891663,0.7115380167961121,0.7115380167961121,5533796
2014-11-11,0.7115380167961121,0.7210249900817871,0.7115380167961121,0.7210249900817871,0.7210249900817871,1887283
2014-11-12,0.6925640106201172,0.7115380167961121,0.6925640106201172,0.7115380167961121,0.7115380167961121,495406
2014-11-13,0.683076024055481,0.7115380167961121,0.683076024055481,0.7115380167961121,0.7115380167961121,484877
2014-11-14,0.7210249900817871,0.7400000095367432,0.7210249900817871,0.7305120229721069,0.7305120229721069,1254324
2014-11-17,0.7115380167961121,0.7305120229721069,0.7115380167961121,0.7210249900817871,0.7210249900817871,1317567
2014-11-18,0.7305120229721069,0.7305120229721069,0.7020509839057922,0.7210249900817871,0.7210249900817871,1138390
2014-11-19,0.7115380167961121,0.7115380167961121,0.6925640106201172,0.7115380167961121,0.7115380167961121,674594
2014-11-20,0.7020509839057922,0.7115380167961121,0.683076024055481,0.7115380167961121,0.7115380167961121,642972
2014-11-21,0.683076024055481,0.683076024055481,0.683076024055481,0.683076024055481,0.683076024055481,31634
2014-11-24,0.7115380167961121,0.7210249900817871,0.6925640106201172,0.6925640106201172,0.6925640106201172,853783
2014-11-25,0.7020509839057922,0.7020509839057922,0.6925640106201172,0.6925640106201172,0.6925640106201172,295140
2014-11-26,0.7020509839057922,0.7020509839057922,0.7020509839057922,0.7020509839057922,0.7020509839057922,52729
2014-11-27,0.7020509839057922,0.7305120229721069,0.683076024055481,0.7305120229721069,0.7305120229721069,1143649
2014-11-28,0.6925640106201172,0.6925640106201172,0.683076024055481,0.683076024055481,0.683076024055481,558671
2014-12-01,0.7210249900817871,0.7210249900817871,0.6641020178794861,0.683076024055481,0.683076024055481,874864
2014-12-02,0.6641020178794861,0.683076024055481,0.6641020178794861,0.683076024055481,0.683076024055481,168648
2014-12-03,0.7020509839057922,0.7020509839057922,0.683076024055481,0.7020509839057922,0.7020509839057922,600810
2014-12-04,0.7020509839057922,0.7020509839057922,0.7020509839057922,0.7020509839057922,0.7020509839057922,0
2014-12-05,0.6641020178794861,0.683076024055481,0.6641020178794861,0.683076024055481,0.683076024055481,200275
2014-12-08,0.683076024055481,0.7020509839057922,0.6641020178794861,0.6641020178794861,0.6641020178794861,390005
2014-12-09,0.6641020178794861,0.6641020178794861,0.6641020178794861,0.6641020178794861,0.6641020178794861,0
2014-12-10,0.6356409788131714,0.6641020178794861,0.6356409788131714,0.6641020178794861,0.6641020178794861,317270
2014-12-11,0.6641020178794861,0.7210249900817871,0.6641020178794861,0.6925640106201172,0.6925640106201172,474324
2014-12-12,0.6925640106201172,0.6925640106201172,0.6925640106201172,0.6925640106201172,0.6925640106201172,0
2014-12-15,0.6925640106201172,0.6925640106201172,0.6925640106201172,0.6925640106201172,0.6925640106201172,0
2014-12-16,0.6925640106201172,0.6925640106201172,0.6925640106201172,0.6925640106201172,0.6925640106201172,0
2014-12-17,0.6925640106201172,0.6925640106201172,0.6925640106201172,0.6925640106201172,0.6925640106201172,0
2014-12-18,0.6925640106201172,0.6925640106201172,0.6925640106201172,0.6925640106201172,0.6925640106201172,0
2014-12-19,0.6925640106201172,0.6925640106201172,0.6925640106201172,0.6925640106201172,0.6925640106201172,0
2014-12-22,0.6925640106201172,0.6925640106201172,0.6925640106201172,0.6925640106201172,0.6925640106201172,0
2014-12-23,0.6925640106201172,0.6925640106201172,0.6925640106201172,0.6925640106201172,0.6925640106201172,0
2014-12-24,0.6925640106201172,0.6925640106201172,0.6925640106201172,0.6925640106201172,0.6925640106201172,0
2014-12-29,0.6925640106201172,0.6925640106201172,0.6925640106201172,0.6925640106201172,0.6925640106201172,0
2014-12-30,0.6925640106201172,0.6925640106201172,0.6925640106201172,0.6925640106201172,0.6925640106201172,0
2014-12-31,0.6925640106201172,0.6925640106201172,0.6925640106201172,0.6925640106201172,0.6925640106201172,0
2015-01-02,0.6925640106201172,0.6925640106201172,0.6925640106201172,0.6925640106201172,0.6925640106201172,0
2015-01-05,0.6925640106201172,0.6925640106201172,0.6925640106201172,0.6925640106201172,0.6925640106201172,0
2015-01-06,0.6925640106201172,0.6925640106201172,0.6925640106201172,0.6925640106201172,0.6925640106201172,0
2015-01-07,0.6925640106201172,0.6925640106201172,0.6925640106201172,0.6925640106201172,0.6925640106201172,0
2015-01-08,0.6925640106201172,0.6925640106201172,0.6925640106201172,0.6925640106201172,0.6925640106201172,0
2015-01-09,0.6925640106201172,0.6925640106201172,0.6925640106201172,0.6925640106201172,0.6925640106201172,0
2015-01-12,0.6925640106201172,0.6925640106201172,0.6925640106201172,0.6925640106201172,0.6925640106201172,0
2015-01-13,0.6925640106201172,0.6925640106201172,0.6925640106201172,0.6925640106201172,0.6925640106201172,0
2015-01-14,0.6925640106201172,0.6925640106201172,0.6925640106201172,0.6925640106201172,0.6925640106201172,0
2015-01-15,0.6925640106201172,0.6925640106201172,0.6925640106201172,0.6925640106201172,0.6925640106201172,0
2015-01-16,0.6925640106201172,0.6925640106201172,0.6925640106201172,0.6925640106201172,0.6925640106201172,0
2015-01-19,0.6925640106201172,0.6925640106201172,0.6925640106201172,0.6925640106201172,0.6925640106201172,0
2015-01-20,0.6925640106201172,0.6925640106201172,0.6925640106201172,0.6925640106201172,0.6925640106201172,0
2015-01-21,0.6925640106201172,0.6925640106201172,0.6925640106201172,0.6925640106201172,0.6925640106201172,0
2015-01-22,0.6925640106201172,0.6925640106201172,0.6925640106201172,0.6925640106201172,0.6925640106201172,0
2015-01-23,0.6925640106201172,0.6925640106201172,0.6925640106201172,0.6925640106201172,0.6925640106201172,0
2015-01-26,0.6925640106201172,0.6925640106201172,0.6925640106201172,0.6925640106201172,0.6925640106201172,0
2015-01-27,0.6925640106201172,0.6925640106201172,0.6925640106201172,0.6925640106201172,0.6925640106201172,0
2015-01-28,0.6925640106201172,0.6925640106201172,0.6925640106201172,0.6925640106201172,0.6925640106201172,0
2015-01-29,0.6925640106201172,0.6925640106201172,0.6925640106201172,0.6925640106201172,0.6925640106201172,0
2015-01-30,0.6925640106201172,0.6925640106201172,0.6925640106201172,0.6925640106201172,0.6925640106201172,0
2015-02-02,0.6925640106201172,0.6925640106201172,0.6925640106201172,0.6925640106201172,0.6925640106201172,0
2015-02-03,0.6925640106201172,0.6925640106201172,0.6925640106201172,0.6925640106201172,0.6925640106201172,0
2015-02-04,0.6925640106201172,0.6925640106201172,0.6925640106201172,0.6925640106201172,0.6925640106201172,0
2015-02-05,0.6925640106201172,0.6925640106201172,0.6925640106201172,0.6925640106201172,0.6925640106201172,0
2015-02-06,0.6925640106201172,0.6925640106201172,0.6925640106201172,0.6925640106201172,0.6925640106201172,0
2015-02-09,0.6925640106201172,0.6925640106201172,0.6925640106201172,0.6925640106201172,0.6925640106201172,0
2015-02-10,0.6925640106201172,0.6925640106201172,0.6925640106201172,0.6925640106201172,0.6925640106201172,0
2015-02-11,0.6925640106201172,0.6925640106201172,0.6925640106201172,0.6925640106201172,0.6925640106201172,0
2015-02-12,0.6925640106201172,0.6925640106201172,0.6925640106201172,0.6925640106201172,0.6925640106201172,0
2015-02-13,0.6925640106201172,0.6925640106201172,0.6925640106201172,0.6925640106201172,0.6925640106201172,0
2015-02-16,0.6925640106201172,0.6925640106201172,0.6925640106201172,0.6925640106201172,0.6925640106201172,0
2015-02-17,0.6925640106201172,0.6925640106201172,0.6925640106201172,0.6925640106201172,0.6925640106201172,0
2015-02-18,0.6925640106201172,0.6925640106201172,0.6925640106201172,0.6925640106201172,0.6925640106201172,0
2015-02-23,0.6925640106201172,0.6925640106201172,0.6925640106201172,0.6925640106201172,0.6925640106201172,0
2015-02-24,0.6925640106201172,0.6925640106201172,0.6925640106201172,0.6925640106201172,0.6925640106201172,0
2015-02-25,0.6925640106201172,0.6925640106201172,0.6925640106201172,0.6925640106201172,0.6925640106201172,0
2015-02-26,0.6925640106201172,0.6925640106201172,0.6925640106201172,0.6925640106201172,0.6925640106201172,0
2015-02-27,0.6925640106201172,0.6925640106201172,0.6925640106201172,0.6925640106201172,0.6925640106201172,0
2015-03-02,0.6925640106201172,0.6925640106201172,0.6925640106201172,0.6925640106201172,0.6925640106201172,0
2015-03-03,0.6925640106201172,0.6925640106201172,0.6925640106201172,0.6925640106201172,0.6925640106201172,0
2015-03-04,0.6925640106201172,0.6925640106201172,0.6925640106201172,0.6925640106201172,0.6925640106201172,0
2015-03-05,0.6925640106201172,0.6925640106201172,0.6925640106201172,0.6925640106201172,0.6925640106201172,0
2015-03-06,0.6925640106201172,0.6925640106201172,0.6925640106201172,0.6925640106201172,0.6925640106201172,0
2015-03-09,0.6925640106201172,0.6925640106201172,0.6925640106201172,0.6925640106201172,0.6925640106201172,0
2015-03-10,0.6925640106201172,0.6925640106201172,0.6925640106201172,0.6925640106201172,0.6925640106201172,0
2015-03-11,0.6925640106201172,0.6925640106201172,0.6925640106201172,0.6925640106201172,0.6925640106201172,0
2015-03-12,0.6925640106201172,0.6925640106201172,0.6925640106201172,0.6925640106201172,0.6925640106201172,0
2015-03-13,0.6925640106201172,0.6925640106201172,0.6925640106201172,0.6925640106201172,0.6925640106201172,0
2015-03-16,0.6925640106201172,0.6925640106201172,0.6925640106201172,0.6925640106201172,0.6925640106201172,0
2015-03-17,0.6925640106201172,0.6925640106201172,0.6925640106201172,0.6925640106201172,0.6925640106201172,0
2015-03-18,0.6925640106201172,0.6925640106201172,0.6925640106201172,0.6925640106201172,0.6925640106201172,0
2015-03-19,0.6925640106201172,0.6925640106201172,0.6925640106201172,0.6925640106201172,0.6925640106201172,0
2015-03-20,0.6925640106201172,0.6925640106201172,0.6925640106201172,0.6925640106201172,0.6925640106201172,0
2015-03-23,0.6925640106201172,0.6925640106201172,0.6925640106201172,0.6925640106201172,0.6925640106201172,0
2015-03-24,0.6925640106201172,0.6925640106201172,0.6925640106201172,0.6925640106201172,0.6925640106201172,0
2015-03-25,0.6925640106201172,0.6925640106201172,0.6925640106201172,0.6925640106201172,0.6925640106201172,0
2015-03-26,0.6925640106201172,0.6925640106201172,0.6925640106201172,0.6925640106201172,0.6925640106201172,0
2015-03-27,0.6925640106201172,0.6925640106201172,0.6925640106201172,0.6925640106201172,0.6925640106201172,0
2015-03-30,0.6925640106201172,0.6925640106201172,0.6925640106201172,0.6925640106201172,0.6925640106201172,0
2015-03-31,0.6925640106201172,0.6925640106201172,0.6925640106201172,0.6925640106201172,0.6925640106201172,0
2015-04-01,0.6925640106201172,0.6925640106201172,0.6925640106201172,0.6925640106201172,0.6925640106201172,0
2015-04-02,0.6925640106201172,0.6925640106201172,0.6925640106201172,0.6925640106201172,0.6925640106201172,0
2015-04-08,0.6925640106201172,0.6925640106201172,0.6925640106201172,0.6925640106201172,0.6925640106201172,0
2015-04-09,0.6925640106201172,0.6925640106201172,0.6925640106201172,0.6925640106201172,0.6925640106201172,0
2015-04-10,0.6925640106201172,0.6925640106201172,0.6925640106201172,0.6925640106201172,0.6925640106201172,0
2015-04-13,0.6925640106201172,0.6925640106201172,0.6925640106201172,0.6925640106201172,0.6925640106201172,0
2015-04-14,0.6925640106201172,0.6925640106201172,0.6925640106201172,0.6925640106201172,0.6925640106201172,0
2015-04-15,0.6925640106201172,0.6925640106201172,0.6925640106201172,0.6925640106201172,0.6925640106201172,0
2015-04-16,0.6925640106201172,0.6925640106201172,0.6925640106201172,0.6925640106201172,0.6925640106201172,0
2015-04-17,0.6925640106201172,0.6925640106201172,0.6925640106201172,0.6925640106201172,0.6925640106201172,0
2015-04-20,0.6925640106201172,0.6925640106201172,0.6925640106201172,0.6925640106201172,0.6925640106201172,0
2015-04-21,0.6925640106201172,0.6925640106201172,0.6925640106201172,0.6925640106201172,0.6925640106201172,0
2015-04-22,0.6925640106201172,0.6925640106201172,0.6925640106201172,0.6925640106201172,0.6925640106201172,0
2015-04-23,0.6925640106201172,0.6925640106201172,0.6925640106201172,0.6925640106201172,0.6925640106201172,0
2015-04-24,0.6925640106201172,0.6925640106201172,0.6925640106201172,0.6925640106201172,0.6925640106201172,0
2015-04-27,0.6925640106201172,0.6925640106201172,0.6925640106201172,0.6925640106201172,0.6925640106201172,0
2015-04-28,0.6925640106201172,0.6925640106201172,0.6925640106201172,0.6925640106201172,0.6925640106201172,0
2015-04-29,0.6925640106201172,0.6925640106201172,0.6925640106201172,0.6925640106201172,0.6925640106201172,0
2015-04-30,0.6925640106201172,0.6925640106201172,0.6925640106201172,0.6925640106201172,0.6925640106201172,0
2015-05-04,0.6925640106201172,0.6925640106201172,0.6925640106201172,0.6925640106201172,0.6925640106201172,0
2015-05-05,0.6925640106201172,0.6925640106201172,0.6925640106201172,0.6925640106201172,0.6925640106201172,0
2015-05-06,0.6925640106201172,0.6925640106201172,0.6925640106201172,0.6925640106201172,0.6925640106201172,0
2015-05-07,0.6925640106201172,0.6925640106201172,0.6925640106201172,0.6925640106201172,0.6925640106201172,0
2015-05-08,0.6925640106201172,0.6925640106201172,0.6925640106201172,0.6925640106201172,0.6925640106201172,0
2015-05-11,0.6925640106201172,0.6925640106201172,0.6925640106201172,0.6925640106201172,0.6925640106201172,0
2015-05-12,0.6925640106201172,0.6925640106201172,0.6925640106201172,0.6925640106201172,0.6925640106201172,0
2015-05-13,0.6925640106201172,0.6925640106201172,0.6925640106201172,0.6925640106201172,0.6925640106201172,0
2015-05-14,0.6925640106201172,0.6925640106201172,0.6925640106201172,0.6925640106201172,0.6925640106201172,0
2015-05-15,0.6925640106201172,0.6925640106201172,0.6925640106201172,0.6925640106201172,0.6925640106201172,0
2015-05-18,0.6925640106201172,0.6925640106201172,0.6925640106201172,0.6925640106201172,0.6925640106201172,0
2015-05-19,0.6925640106201172,0.6925640106201172,0.6925640106201172,0.6925640106201172,0.6925640106201172,0
2015-05-20,0.6925640106201172,0.6925640106201172,0.6925640106201172,0.6925640106201172,0.6925640106201172,0
2015-05-21,1.0530760288238525,1.2712819576263428,0.9487169981002808,1.0246150493621826,1.0246150493621826,61691533
2015-05-22,1.0435889959335327,1.0625640153884888,0.863332986831665,0.9297429919242859,0.9297429919242859,14568835
2015-05-26,0.9487169981002808,0.9961529970169067,0.9202560186386108,0.9297429919242859,0.9297429919242859,6247960
2015-05-27,0.9297429919242859,0.958204984664917,0.8917940258979797,0.901282012462616,0.901282012462616,10711033
2015-05-28,0.910768985748291,1.0151280164718628,0.910768985748291,0.958204984664917,0.958204984664917,17197520
2015-05-29,0.9771789908409119,0.9771789908409119,0.9202560186386108,0.9392300248146057,0.9392300248146057,5083725
2015-06-01,0.9392300248146057,1.0720510482788086,0.9297429919242859,1.0151280164718628,1.0151280164718628,12108468
2015-06-02,1.0151280164718628,1.2712819576263428,1.0151280164718628,1.2238459587097168,1.2238459587097168,43102405
2015-06-03,1.2617939710617065,1.2712819576263428,1.1384609937667847,1.1669230461120605,1.1669230461120605,10244113
2015-06-04,1.1669230461120605,1.1574350595474243,1.0625640153884888,1.1574350595474243,1.1574350595474243,9825100
2015-06-05,1.1764099597930908,1.1764099597930908,1.0910249948501587,1.1194870471954346,1.1194870471954346,3033592
2015-06-08,1.0910249948501587,1.1953840255737305,1.0910249948501587,1.1574350595474243,1.1574350595474243,7981839
2015-06-09,1.1574350595474243,1.1574350595474243,1.1574350595474243,1.1574350595474243,1.1574350595474243,0
2015-06-10,1.1574350595474243,1.1574350595474243,1.1574350595474243,1.1574350595474243,1.1574350595474243,0
2015-06-11,1.1574350595474243,1.1574350595474243,1.1574350595474243,1.1574350595474243,1.1574350595474243,0
2015-06-12,1.1574350595474243,1.1574350595474243,1.1574350595474243,1.1574350595474243,1.1574350595474243,0
2015-06-15,1.1574350595474243,1.1574350595474243,1.1574350595474243,1.1574350595474243,1.1574350595474243,0
2015-06-16,1.1574350595474243,1.1574350595474243,1.1574350595474243,1.1574350595474243,1.1574350595474243,0
2015-06-17,1.1574350595474243,1.1574350595474243,1.1574350595474243,1.1574350595474243,1.1574350595474243,0
2015-06-18,1.1574350595474243,1.1574350595474243,1.1574350595474243,1.1574350595474243,1.1574350595474243,0
2015-06-19,1.1764099597930908,1.1858969926834106,0.9676920175552368,0.9866660237312317,0.9866660237312317,11566197
2015-06-22,0.9676920175552368,0.9676920175552368,0.8917940258979797,0.9297429919242859,0.9297429919242859,3235629
2015-06-23,0.9392300248146057,0.9961529970169067,0.910768985748291,0.9866660237312317,0.9866660237312317,3438960
2015-06-24,0.9866660237312317,1.034101963043213,0.9392300248146057,1.034101963043213,1.034101963043213,3732618
2015-06-25,1.0435889959335327,1.1384609937667847,1.005640983581543,1.0625640153884888,1.0625640153884888,9257502
2015-06-26,1.0910249948501587,1.0910249948501587,0.9961529970169067,1.005640983581543,1.005640983581543,2592985
2015-06-29,1.0530760288238525,1.0815379619598389,0.9392300248146057,0.9866660237312317,0.9866660237312317,7220375
2015-06-30,0.9961529970169067,0.9961529970169067,0.9297429919242859,0.9866660237312317,0.9866660237312317,2199810
2015-07-02,0.9676920175552368,0.9866660237312317,0.9392300248146057,0.9487169981002808,0.9487169981002808,3457299
2015-07-03,0.9297429919242859,0.9297429919242859,0.85384601354599,0.85384601354599,0.85384601354599,2982978
2015-07-06,0.85384601354599,0.85384601354599,0.6166660189628601,0.6925640106201172,0.6925640106201172,7926486
2015-07-07,0.6925640106201172,0.7210249900817871,0.6071789860725403,0.6641020178794861,0.6641020178794861,14843715
2015-07-08,0.6166660189628601,0.6641020178794861,0.5217940211296082,0.6641020178794861,0.6641020178794861,9575026
2015-07-09,0.683076024055481,0.7305120229721069,0.6546149849891663,0.683076024055481,0.683076024055481,25729985
2015-07-10,0.7020509839057922,0.758974015712738,0.6925640106201172,0.7210249900817871,0.7210249900817871,6304827
2015-07-13,0.7210249900817871,0.787434995174408,0.7210249900817871,0.7779480218887329,0.7779480218887329,4013310
2015-07-14,0.7400000095367432,0.787434995174408,0.7400000095367432,0.758974015712738,0.758974015712738,2015878
2015-07-15,0.7494869828224182,0.7494869828224182,0.7210249900817871,0.7210249900817871,0.7210249900817871,1623243
2015-07-16,0.7210249900817871,0.7210249900817871,0.6735889911651611,0.6925640106201172,0.6925640106201172,6494290
2015-07-17,0.6925640106201172,0.7400000095367432,0.6925640106201172,0.7400000095367432,0.7400000095367432,7186540
2015-07-20,0.75,0.7699999809265137,0.7300000190734863,0.7599999904632568,0.7599999904632568,1870001
2015-07-21,0.75,0.75,0.7300000190734863,0.75,0.75,1320005
2015-07-22,0.75,0.75,0.7300000190734863,0.7400000095367432,0.7400000095367432,2130000
2015-07-23,0.7400000095367432,0.7599999904632568,0.7400000095367432,0.7400000095367432,0.7400000095367432,1120005
2015-07-24,0.7400000095367432,0.75,0.7099999785423279,0.7200000286102295,0.7200000286102295,3503753
2015-07-27,0.7099999785423279,0.7200000286102295,0.6700000166893005,0.6800000071525574,0.6800000071525574,4260200
2015-07-28,0.6800000071525574,0.6899999976158142,0.6499999761581421,0.6800000071525574,0.6800000071525574,4300010
2015-07-29,0.699999988079071,0.7099999785423279,0.6899999976158142,0.6899999976158142,0.6899999976158142,340000
2015-07-30,0.7099999785423279,0.7200000286102295,0.699999988079071,0.699999988079071,0.699999988079071,2640000
2015-07-31,0.7099999785423279,0.7599999904632568,0.699999988079071,0.699999988079071,0.699999988079071,19773375
2015-08-03,0.7200000286102295,0.7200000286102295,0.6800000071525574,0.6899999976158142,0.6899999976158142,26668700
2015-08-04,0.6899999976158142,0.6899999976158142,0.6800000071525574,0.6800000071525574,0.6800000071525574,9907112
2015-08-05,0.6899999976158142,0.7300000190734863,0.6899999976158142,0.699999988079071,0.699999988079071,12141638
2015-08-06,0.7099999785423279,0.7200000286102295,0.6700000166893005,0.6899999976158142,0.6899999976158142,12323251
2015-08-07,0.6800000071525574,0.7200000286102295,0.6800000071525574,0.7099999785423279,0.7099999785423279,6865375
2015-08-10,0.7099999785423279,0.7099999785423279,0.6899999976158142,0.6899999976158142,0.6899999976158142,2107500
2015-08-11,0.699999988079071,0.7099999785423279,0.6899999976158142,0.699999988079071,0.699999988079071,3620000
2015-08-12,0.6899999976158142,0.699999988079071,0.6899999976158142,0.6899999976158142,0.6899999976158142,2650000
2015-08-13,0.6899999976158142,0.6899999976158142,0.6800000071525574,0.6899999976158142,0.6899999976158142,2190000
2015-08-14,0.6899999976158142,0.6899999976158142,0.6700000166893005,0.6800000071525574,0.6800000071525574,1550000
2015-08-17,0.6800000071525574,0.6800000071525574,0.6600000262260437,0.6700000166893005,0.6700000166893005,1250500
2015-08-18,0.6800000071525574,0.6800000071525574,0.6499999761581421,0.6499999761581421,0.6499999761581421,2199830
2015-08-19,0.6499999761581421,0.6499999761581421,0.6299999952316284,0.6399999856948853,0.6399999856948853,1500037
2015-08-20,0.6200000047683716,0.6399999856948853,0.6200000047683716,0.6399999856948853,0.6399999856948853,420007
2015-08-21,0.6200000047683716,0.6200000047683716,0.5899999737739563,0.5899999737739563,0.5899999737739563,2610000
2015-08-24,0.5699999928474426,0.5699999928474426,0.5,0.5199999809265137,0.5199999809265137,2310000
2015-08-25,0.5299999713897705,0.5400000214576721,0.4650000035762787,0.4650000035762787,0.4650000035762787,3890000
2015-08-26,0.48500001430511475,0.4950000047683716,0.47999998927116394,0.49000000953674316,0.49000000953674316,1198000
2015-08-27,0.5,0.5199999809265137,0.5,0.5199999809265137,0.5199999809265137,1040443
2015-08-28,0.5299999713897705,0.550000011920929,0.5199999809265137,0.5199999809265137,0.5199999809265137,1067600
2015-08-31,0.5299999713897705,0.5899999737739563,0.5299999713897705,0.5600000023841858,0.5600000023841858,3555000
2015-09-01,0.5799999833106995,0.5799999833106995,0.5299999713897705,0.5299999713897705,0.5299999713897705,483500
2015-09-02,0.5299999713897705,0.5299999713897705,0.5099999904632568,0.5199999809265137,0.5199999809265137,680000
2015-09-04,0.5400000214576721,0.5400000214576721,0.4950000047683716,0.5,0.5,820000
2015-09-07,0.5,0.5099999904632568,0.5,0.5,0.5,922500
2015-09-08,0.5099999904632568,0.5199999809265137,0.5,0.5199999809265137,0.5199999809265137,510000
2015-09-09,0.5299999713897705,0.5400000214576721,0.5299999713897705,0.5299999713897705,0.5299999713897705,910000
2015-09-10,0.5299999713897705,0.5299999713897705,0.5099999904632568,0.5099999904632568,0.5099999904632568,914800
2015-09-11,0.5199999809265137,0.5299999713897705,0.5099999904632568,0.5199999809265137,0.5199999809265137,1220000
2015-09-14,0.5199999809265137,0.5199999809265137,0.5099999904632568,0.5099999904632568,0.5099999904632568,620500
2015-09-15,0.5099999904632568,0.5099999904632568,0.47999998927116394,0.49000000953674316,0.49000000953674316,1630005
2015-09-16,0.5,0.5,0.49000000953674316,0.4950000047683716,0.4950000047683716,400000
2015-09-17,0.4950000047683716,0.4950000047683716,0.47999998927116394,0.48500001430511475,0.48500001430511475,1560000
2015-09-18,0.49000000953674316,0.4950000047683716,0.49000000953674316,0.4950000047683716,0.4950000047683716,790012
2015-09-21,0.4950000047683716,0.5,0.4950000047683716,0.5,0.5,560000
2015-09-22,0.4950000047683716,0.5099999904632568,0.4950000047683716,0.5099999904632568,0.5099999904632568,380000
2015-09-23,0.5,0.5,0.48500001430511475,0.4950000047683716,0.4950000047683716,660000
2015-09-24,0.4950000047683716,0.5099999904632568,0.48500001430511475,0.49000000953674316,0.49000000953674316,773750
2015-09-25,0.49000000953674316,0.4950000047683716,0.48500001430511475,0.49000000953674316,0.49000000953674316,870000
2015-09-29,0.47999998927116394,0.49000000953674316,0.4699999988079071,0.49000000953674316,0.49000000953674316,530017
2015-09-30,0.49000000953674316,0.49000000953674316,0.4699999988079071,0.47999998927116394,0.47999998927116394,201650
2015-10-02,0.47999998927116394,0.48500001430511475,0.44999998807907104,0.48500001430511475,0.48500001430511475,490000
2015-10-05,0.47999998927116394,0.49000000953674316,0.47999998927116394,0.49000000953674316,0.49000000953674316,280000
2015-10-06,0.49000000953674316,0.49000000953674316,0.47999998927116394,0.48500001430511475,0.48500001430511475,910500
2015-10-07,0.49000000953674316,0.49000000953674316,0.45500001311302185,0.46000000834465027,0.46000000834465027,11948000
2015-10-08,0.4699999988079071,0.4699999988079071,0.4000000059604645,0.4050000011920929,0.4050000011920929,21442000
2015-10-09,0.4000000059604645,0.4000000059604645,0.35499998927116394,0.36000001430511475,0.36000001430511475,43178675
2015-10-12,0.3449999988079071,0.3499999940395355,0.25,0.25999999046325684,0.25999999046325684,246082084
2015-10-13,0.25999999046325684,0.2800000011920929,0.25,0.25999999046325684,0.25999999046325684,91156747
2015-10-14,0.25999999046325684,0.25999999046325684,0.23999999463558197,0.24699999392032623,0.24699999392032623,91335486
2015-10-15,0.24699999392032623,0.25,0.24400000274181366,0.24799999594688416,0.24799999594688416,39022852
2015-10-16,0.25,0.25,0.2409999966621399,0.24199999868869781,0.24199999868869781,55284943
2015-10-19,0.24199999868869781,0.2549999952316284,0.24199999868869781,0.2460000067949295,0.2460000067949295,56590909
2015-10-20,0.2460000067949295,0.2460000067949295,0.24199999868869781,0.24199999868869781,0.24199999868869781,32114878
2015-10-22,0.24300000071525574,0.24300000071525574,0.23999999463558197,0.24199999868869781,0.24199999868869781,25615352
2015-10-23,0.24199999868869781,0.25,0.23999999463558197,0.2460000067949295,0.2460000067949295,29732605
2015-10-26,0.2460000067949295,0.24799999594688416,0.24300000071525574,0.24300000071525574,0.24300000071525574,18106301
2015-10-27,0.24300000071525574,0.24500000476837158,0.23999999463558197,0.24300000071525574,0.24300000071525574,9485258
2015-10-28,0.23999999463558197,0.24699999392032623,0.23999999463558197,0.24400000274181366,0.24400000274181366,16167357
2015-10-29,0.24300000071525574,0.2549999952316284,0.24300000071525574,0.25,0.25,24471416
2015-10-30,0.25,0.2549999952316284,0.24799999594688416,0.25,0.25,8982441
2015-11-02,0.25,0.25,0.24300000071525574,0.2460000067949295,0.2460000067949295,14027326
2015-11-03,0.24799999594688416,0.24799999594688416,0.24300000071525574,0.24500000476837158,0.24500000476837158,6489002
2015-11-04,0.24300000071525574,0.2460000067949295,0.24300000071525574,0.24300000071525574,0.24300000071525574,9103510
2015-11-05,0.24300000071525574,0.24799999594688416,0.24199999868869781,0.24500000476837158,0.24500000476837158,6812981
2015-11-06,0.24400000274181366,0.2460000067949295,0.23399999737739563,0.23800000548362732,0.23800000548362732,27737886
2015-11-09,0.2370000034570694,0.2460000067949295,0.23199999332427979,0.2409999966621399,0.2409999966621399,68826832
2015-11-10,0.2409999966621399,0.2409999966621399,0.23499999940395355,0.23999999463558197,0.23999999463558197,6187335
2015-11-11,0.23999999463558197,0.2409999966621399,0.23499999940395355,0.2370000034570694,0.2370000034570694,8393115
2015-11-12,0.23499999940395355,0.2370000034570694,0.23199999332427979,0.23399999737739563,0.23399999737739563,7450109
2015-11-13,0.2329999953508377,0.23800000548362732,0.23100000619888306,0.23399999737739563,0.23399999737739563,2368042
2015-11-16,0.2329999953508377,0.23399999737739563,0.23000000417232513,0.23100000619888306,0.23100000619888306,7947621
2015-11-17,0.2329999953508377,0.23999999463558197,0.2329999953508377,0.2370000034570694,0.2370000034570694,9034389
2015-11-18,0.2370000034570694,0.23800000548362732,0.2329999953508377,0.23800000548362732,0.23800000548362732,6170206
2015-11-19,0.23600000143051147,0.23800000548362732,0.23399999737739563,0.23800000548362732,0.23800000548362732,4920433
2015-11-20,0.23499999940395355,0.23600000143051147,0.2329999953508377,0.23600000143051147,0.23600000143051147,6019870
2015-11-23,0.23600000143051147,0.23999999463558197,0.23399999737739563,0.23600000143051147,0.23600000143051147,3080120
2015-11-24,0.23399999737739563,0.23899999260902405,0.2329999953508377,0.2370000034570694,0.2370000034570694,2981521
2015-11-25,0.2370000034570694,0.23800000548362732,0.23499999940395355,0.23600000143051147,0.23600000143051147,5813408
2015-11-26,0.23499999940395355,0.23800000548362732,0.23499999940395355,0.2370000034570694,0.2370000034570694,5952131
2015-11-27,0.2370000034570694,0.2370000034570694,0.2290000021457672,0.23199999332427979,0.23199999332427979,12912883
2015-11-30,0.2199999988079071,0.2290000021457672,0.21799999475479126,0.2199999988079071,0.2199999988079071,11670209
2015-12-01,0.21799999475479126,0.22300000488758087,0.21799999475479126,0.22100000083446503,0.22100000083446503,2570070
2015-12-02,0.22100000083446503,0.26499998569488525,0.22100000083446503,0.26499998569488525,0.26499998569488525,76654100
2015-12-03,0.26499998569488525,0.2800000011920929,0.24699999392032623,0.25,0.25,77639563
2015-12-04,0.25,0.2549999952316284,0.24500000476837158,0.24699999392032623,0.24699999392032623,13336607
2015-12-07,0.25,0.25999999046325684,0.2409999966621399,0.25999999046325684,0.25999999046325684,30579763
2015-12-08,0.25999999046325684,0.25999999046325684,0.24300000071525574,0.24400000274181366,0.24400000274181366,34043097
2015-12-09,0.23999999463558197,0.24500000476837158,0.23399999737739563,0.23499999940395355,0.23499999940395355,17316375
2015-12-10,0.23499999940395355,0.23600000143051147,0.22699999809265137,0.22699999809265137,0.22699999809265137,9300486
2015-12-11,0.22599999606609344,0.23499999940395355,0.22200000286102295,0.22499999403953552,0.22499999403953552,16589810
2015-12-14,0.22499999403953552,0.22499999403953552,0.21799999475479126,0.22300000488758087,0.22300000488758087,6759580
2015-12-15,0.22300000488758087,0.22599999606609344,0.2199999988079071,0.2199999988079071,0.2199999988079071,5805597
2015-12-16,0.22200000286102295,0.22499999403953552,0.21799999475479126,0.22200000286102295,0.22200000286102295,10319378
2015-12-17,0.22200000286102295,0.22200000286102295,0.21799999475479126,0.2199999988079071,0.2199999988079071,5160231
2015-12-18,0.21899999678134918,0.2199999988079071,0.21799999475479126,0.2199999988079071,0.2199999988079071,3185656
2015-12-21,0.2280000001192093,0.2280000001192093,0.21799999475479126,0.22200000286102295,0.22200000286102295,2633425
2015-12-22,0.21899999678134918,0.2199999988079071,0.21799999475479126,0.21899999678134918,0.21899999678134918,2656629
2015-12-23,0.21799999475479126,0.22100000083446503,0.21799999475479126,0.2199999988079071,0.2199999988079071,3190008
2015-12-24,0.2199999988079071,0.23499999940395355,0.2199999988079071,0.23000000417232513,0.23000000417232513,11728596
2015-12-28,0.2280000001192093,0.23999999463558197,0.2280000001192093,0.23499999940395355,0.23499999940395355,7371586
2015-12-29,0.23100000619888306,0.23499999940395355,0.23000000417232513,0.23199999332427979,0.23199999332427979,3203524
2015-12-30,0.23000000417232513,0.23199999332427979,0.22699999809265137,0.2280000001192093,0.2280000001192093,2239937
2015-12-31,0.22599999606609344,0.23000000417232513,0.22599999606609344,0.23000000417232513,0.23000000417232513,709157
2016-01-04,0.23199999332427979,0.23199999332427979,0.2240000069141388,0.2240000069141388,0.2240000069141388,4574040
2016-01-05,0.2240000069141388,0.22499999403953552,0.22200000286102295,0.2240000069141388,0.2240000069141388,2301270
2016-01-06,0.2199999988079071,0.2240000069141388,0.2199999988079071,0.22300000488758087,0.22300000488758087,4386352
2016-01-07,0.21899999678134918,0.21899999678134918,0.21199999749660492,0.2160000056028366,0.2160000056028366,5469125
2016-01-08,0.2150000035762787,0.2160000056028366,0.21299999952316284,0.21400000154972076,0.21400000154972076,3231849
2016-01-11,0.21199999749660492,0.21199999749660492,0.20200000703334808,0.20399999618530273,0.20399999618530273,10058263
2016-01-12,0.20399999618530273,0.20399999618530273,0.1940000057220459,0.19499999284744263,0.19499999284744263,3254244
2016-01-13,0.1979999989271164,0.20000000298023224,0.1899999976158142,0.19200000166893005,0.19200000166893005,5460000
2016-01-14,0.1860000044107437,0.18700000643730164,0.17800000309944153,0.17800000309944153,0.17800000309944153,9706479
2016-01-15,0.17800000309944153,0.17900000512599945,0.16500000655651093,0.16500000655651093,0.16500000655651093,11562541
2016-01-18,0.15800000727176666,0.16500000655651093,0.15000000596046448,0.16300000250339508,0.16300000250339508,5935426
2016-01-19,0.164000004529953,0.17399999499320984,0.164000004529953,0.17100000381469727,0.17100000381469727,1590000
2016-01-20,0.16899999976158142,0.16899999976158142,0.15600000321865082,0.16099999845027924,0.16099999845027924,4849304
2016-01-21,0.16200000047683716,0.16200000047683716,0.14800000190734863,0.15000000596046448,0.15000000596046448,6964791
2016-01-22,0.15700000524520874,0.16099999845027924,0.14499999582767487,0.15399999916553497,0.15399999916553497,8393038
2016-01-25,0.15199999511241913,0.15600000321865082,0.14800000190734863,0.1550000011920929,0.1550000011920929,7954794
2016-01-26,0.1509999930858612,0.15800000727176666,0.1469999998807907,0.1550000011920929,0.1550000011920929,12141137
2016-01-27,0.1589999943971634,0.1589999943971634,0.15000000596046448,0.15199999511241913,0.15199999511241913,11662964
2016-01-28,0.15000000596046448,0.1550000011920929,0.14499999582767487,0.15299999713897705,0.15299999713897705,16778186
2016-01-29,0.15199999511241913,0.15199999511241913,0.14800000190734863,0.15000000596046448,0.15000000596046448,4717889
2016-02-01,0.15000000596046448,0.1509999930858612,0.1469999998807907,0.15000000596046448,0.15000000596046448,1469722
2016-02-02,0.15299999713897705,0.15299999713897705,0.14800000190734863,0.15000000596046448,0.15000000596046448,1703451
2016-02-03,0.15000000596046448,0.15000000596046448,0.1469999998807907,0.14800000190734863,0.14800000190734863,2882612
2016-02-04,0.1469999998807907,0.16099999845027924,0.1469999998807907,0.1589999943971634,0.1589999943971634,6328623
2016-02-05,0.1599999964237213,0.1770000010728836,0.1599999964237213,0.17299999296665192,0.17299999296665192,10670615
2016-02-11,0.17299999296665192,0.17299999296665192,0.16300000250339508,0.16500000655651093,0.16500000655651093,1053099
2016-02-12,0.16500000655651093,0.16500000655651093,0.15199999511241913,0.1550000011920929,0.1550000011920929,3328686
2016-02-15,0.15700000524520874,0.16200000047683716,0.15399999916553497,0.15700000524520874,0.15700000524520874,2145225
2016-02-16,0.1599999964237213,0.17299999296665192,0.1599999964237213,0.1720000058412552,0.1720000058412552,8422576
2016-02-17,0.17800000309944153,0.17599999904632568,0.16899999976158142,0.1720000058412552,0.1720000058412552,3853954
2016-02-18,0.17599999904632568,0.1850000023841858,0.17599999904632568,0.1809999942779541,0.1809999942779541,3934182
2016-02-19,0.1809999942779541,0.18799999356269836,0.1809999942779541,0.18299999833106995,0.18299999833106995,3376065
2016-02-22,0.1720000058412552,0.1850000023841858,0.1720000058412552,0.18299999833106995,0.18299999833106995,1626228
2016-02-23,0.17499999701976776,0.18000000715255737,0.17000000178813934,0.18000000715255737,0.18000000715255737,1070005
2016-02-24,0.17299999296665192,0.17900000512599945,0.1720000058412552,0.17599999904632568,0.17599999904632568,1412677
2016-02-25,0.17599999904632568,0.17599999904632568,0.1679999977350235,0.1720000058412552,0.1720000058412552,1553944
2016-02-26,0.1679999977350235,0.17299999296665192,0.1679999977350235,0.17100000381469727,0.17100000381469727,1606295
2016-02-29,0.16599999368190765,0.1679999977350235,0.16200000047683716,0.16699999570846558,0.16699999570846558,1807889
2016-03-01,0.16699999570846558,0.17299999296665192,0.16699999570846558,0.16899999976158142,0.16899999976158142,2782055
2016-03-02,0.16899999976158142,0.17499999701976776,0.16599999368190765,0.17499999701976776,0.17499999701976776,1540000
2016-03-03,0.16899999976158142,0.1720000058412552,0.16699999570846558,0.1679999977350235,0.1679999977350235,1550008
2016-03-04,0.1679999977350235,0.17399999499320984,0.16699999570846558,0.17399999499320984,0.17399999499320984,301823
2016-03-07,0.17399999499320984,0.17399999499320984,0.17399999499320984,0.17399999499320984,0.17399999499320984,0
2016-03-08,0.17399999499320984,0.17399999499320984,0.17000000178813934,0.17299999296665192,0.17299999296665192,2067412
2016-03-09,0.17299999296665192,0.18199999630451202,0.17299999296665192,0.17800000309944153,0.17800000309944153,3279918
2016-03-10,0.17900000512599945,0.1860000044107437,0.1720000058412552,0.17900000512599945,0.17900000512599945,4940727
2016-03-11,0.17900000512599945,0.18400000035762787,0.1770000010728836,0.1770000010728836,0.1770000010728836,684411
2016-03-14,0.1770000010728836,0.18000000715255737,0.1770000010728836,0.17800000309944153,0.17800000309944153,754166
2016-03-15,0.1770000010728836,0.17800000309944153,0.17399999499320984,0.17399999499320984,0.17399999499320984,508313
2016-03-16,0.17000000178813934,0.17399999499320984,0.17000000178813934,0.17000000178813934,0.17000000178813934,410000
2016-03-17,0.17000000178813934,0.17499999701976776,0.16599999368190765,0.17399999499320984,0.17399999499320984,700739
2016-03-18,0.1679999977350235,0.17499999701976776,0.1679999977350235,0.17299999296665192,0.17299999296665192,1436773
2016-03-21,0.17299999296665192,0.1850000023841858,0.17299999296665192,0.17800000309944153,0.17800000309944153,5602258
2016-03-22,0.17800000309944153,0.17800000309944153,0.17499999701976776,0.17800000309944153,0.17800000309944153,193524
2016-03-23,0.17499999701976776,0.17499999701976776,0.16599999368190765,0.17299999296665192,0.17299999296665192,584120
2016-03-24,0.17299999296665192,0.17299999296665192,0.17299999296665192,0.17299999296665192,0.17299999296665192,260008
2016-03-29,0.18000000715255737,0.17399999499320984,0.17399999499320984,0.17399999499320984,0.17399999499320984,738485
2016-03-30,0.18299999833106995,0.18299999833106995,0.16699999570846558,0.16699999570846558,0.16699999570846558,1078608
2016-03-31,0.17000000178813934,0.17399999499320984,0.17000000178813934,0.17299999296665192,0.17299999296665192,603591
2016-04-01,0.17299999296665192,0.17499999701976776,0.1720000058412552,0.17399999499320984,0.17399999499320984,1822186
2016-04-05,0.17599999904632568,0.17900000512599945,0.17000000178813934,0.17000000178813934,0.17000000178813934,591270
2016-04-06,0.17100000381469727,0.17900000512599945,0.16899999976158142,0.17900000512599945,0.17900000512599945,895255
2016-04-07,0.1679999977350235,0.17499999701976776,0.1679999977350235,0.17499999701976776,0.17499999701976776,1572240
2016-04-08,0.1720000058412552,0.17499999701976776,0.17000000178813934,0.17100000381469727,0.17100000381469727,1209508
2016-04-11,0.17100000381469727,0.17499999701976776,0.17100000381469727,0.17399999499320984,0.17399999499320984,1114673
2016-04-12,0.17800000309944153,0.17800000309944153,0.17000000178813934,0.1770000010728836,0.1770000010728836,639165
2016-04-13,0.17499999701976776,0.1770000010728836,0.17000000178813934,0.1770000010728836,0.1770000010728836,1099874
2016-04-14,0.17800000309944153,0.17900000512599945,0.17399999499320984,0.17399999499320984,0.17399999499320984,2980437
2016-04-15,0.17299999296665192,0.17299999296665192,0.17100000381469727,0.17299999296665192,0.17299999296665192,403794
2016-04-18,0.17299999296665192,0.18400000035762787,0.17299999296665192,0.18199999630451202,0.18199999630451202,2922486
2016-04-19,0.17599999904632568,0.18199999630451202,0.17499999701976776,0.18199999630451202,0.18199999630451202,4857364
2016-04-20,0.17499999701976776,0.18000000715255737,0.17499999701976776,0.17900000512599945,0.17900000512599945,2523811
2016-04-21,0.17399999499320984,0.17900000512599945,0.1720000058412552,0.17900000512599945,0.17900000512599945,3263307
2016-04-22,0.17900000512599945,0.17900000512599945,0.17499999701976776,0.1770000010728836,0.1770000010728836,1585288
2016-04-25,0.1770000010728836,0.1809999942779541,0.1770000010728836,0.18000000715255737,0.18000000715255737,1264373
2016-04-26,0.17900000512599945,0.17900000512599945,0.17499999701976776,0.17900000512599945,0.17900000512599945,993812
2016-04-27,0.17499999701976776,0.18000000715255737,0.17499999701976776,0.1770000010728836,0.1770000010728836,1367214
2016-04-28,0.1770000010728836,0.18000000715255737,0.17299999296665192,0.1770000010728836,0.1770000010728836,1978568
2016-04-29,0.18000000715255737,0.18199999630451202,0.17299999296665192,0.17399999499320984,0.17399999499320984,2981270
2016-05-03,0.17499999701976776,0.17499999701976776,0.17299999296665192,0.17399999499320984,0.17399999499320984,994652
2016-05-04,0.17100000381469727,0.1720000058412552,0.17000000178813934,0.17100000381469727,0.17100000381469727,1140000
2016-05-05,0.17000000178813934,0.17399999499320984,0.17000000178813934,0.1720000058412552,0.1720000058412552,212254
2016-05-06,0.17100000381469727,0.1770000010728836,0.16899999976158142,0.16899999976158142,0.16899999976158142,1492393
2016-05-09,0.16599999368190765,0.16899999976158142,0.16500000655651093,0.16500000655651093,0.16500000655651093,1656990
2016-05-10,0.16599999368190765,0.17100000381469727,0.16599999368190765,0.17100000381469727,0.17100000381469727,1282284
2016-05-11,0.164000004529953,0.17100000381469727,0.164000004529953,0.17100000381469727,0.17100000381469727,11537336
2016-05-12,0.1679999977350235,0.18000000715255737,0.1679999977350235,0.17499999701976776,0.17499999701976776,4491314
2016-05-13,0.18000000715255737,0.21299999952316284,0.17599999904632568,0.1809999942779541,0.1809999942779541,25963639
2016-05-16,0.1850000023841858,0.19300000369548798,0.17100000381469727,0.17800000309944153,0.17800000309944153,9930000
2016-05-17,0.17299999296665192,0.17800000309944153,0.1720000058412552,0.1770000010728836,0.1770000010728836,1110286
2016-05-18,0.1720000058412552,0.17800000309944153,0.16899999976158142,0.17299999296665192,0.17299999296665192,2240563
2016-05-19,0.17399999499320984,0.1770000010728836,0.17100000381469727,0.1770000010728836,0.1770000010728836,632118
2016-05-20,0.17499999701976776,0.17499999701976776,0.17000000178813934,0.17499999701976776,0.17499999701976776,1645359
2016-05-23,0.17499999701976776,0.17499999701976776,0.17499999701976776,0.17499999701976776,0.17499999701976776,0
2016-05-24,0.17100000381469727,0.17599999904632568,0.1679999977350235,0.17100000381469727,0.17100000381469727,678498
2016-05-25,0.17599999904632568,0.17599999904632568,0.16599999368190765,0.17000000178813934,0.17000000178813934,5142970
2016-05-26,0.1679999977350235,0.1720000058412552,0.16599999368190765,0.16899999976158142,0.16899999976158142,2264651
2016-05-27,0.16699999570846558,0.17000000178813934,0.16599999368190765,0.17000000178813934,0.17000000178813934,1830260
2016-05-30,0.16899999976158142,0.16899999976158142,0.16599999368190765,0.16899999976158142,0.16899999976158142,1795000
2016-05-31,0.16699999570846558,0.17399999499320984,0.16699999570846558,0.17399999499320984,0.17399999499320984,1224508
2016-06-01,0.17000000178813934,0.17599999904632568,0.1679999977350235,0.17399999499320984,0.17399999499320984,897961
2016-06-02,0.17000000178813934,0.17499999701976776,0.16699999570846558,0.17499999701976776,0.17499999701976776,750082
2016-06-03,0.1679999977350235,0.1720000058412552,0.16699999570846558,0.16899999976158142,0.16899999976158142,292538
2016-06-06,0.16899999976158142,0.16899999976158142,0.16500000655651093,0.16899999976158142,0.16899999976158142,1280000
2016-06-07,0.164000004529953,0.1679999977350235,0.16200000047683716,0.16699999570846558,0.16699999570846558,1413230
2016-06-08,0.16500000655651093,0.17000000178813934,0.16200000047683716,0.17000000178813934,0.17000000178813934,2478767
2016-06-10,0.16500000655651093,0.16599999368190765,0.16200000047683716,0.164000004529953,0.164000004529953,3123774
2016-06-13,0.16099999845027924,0.16099999845027924,0.1550000011920929,0.15600000321865082,0.15600000321865082,2741916
2016-06-14,0.15600000321865082,0.16500000655651093,0.15600000321865082,0.164000004529953,0.164000004529953,1511436
2016-06-15,0.1599999964237213,0.1599999964237213,0.15800000727176666,0.15800000727176666,0.15800000727176666,1221690
2016-06-16,0.1509999930858612,0.15800000727176666,0.15000000596046448,0.15800000727176666,0.15800000727176666,1288034
2016-06-17,0.1550000011920929,0.1599999964237213,0.15399999916553497,0.15600000321865082,0.15600000321865082,1172707
2016-06-20,0.1589999943971634,0.16200000047683716,0.1550000011920929,0.16200000047683716,0.16200000047683716,231270
2016-06-21,0.15600000321865082,0.1589999943971634,0.15399999916553497,0.1589999943971634,0.1589999943971634,2555618
2016-06-22,0.15600000321865082,0.15800000727176666,0.1550000011920929,0.15700000524520874,0.15700000524520874,1091690
2016-06-23,0.16200000047683716,0.16200000047683716,0.16200000047683716,0.1589999943971634,0.1589999943971634,250000
2016-06-24,0.15399999916553497,0.15800000727176666,0.15199999511241913,0.1550000011920929,0.1550000011920929,1536837
2016-06-27,0.1550000011920929,0.15800000727176666,0.15299999713897705,0.15299999713897705,0.15299999713897705,584653
2016-06-28,0.15299999713897705,0.15299999713897705,0.15000000596046448,0.15299999713897705,0.15299999713897705,800001
2016-06-29,0.15399999916553497,0.15800000727176666,0.15399999916553497,0.15700000524520874,0.15700000524520874,2952254
2016-06-30,0.15600000321865082,0.15800000727176666,0.1550000011920929,0.15800000727176666,0.15800000727176666,1958198
2016-07-04,0.1599999964237213,0.16699999570846558,0.15700000524520874,0.1599999964237213,0.1599999964237213,1834948
2016-07-05,0.1599999964237213,0.16099999845027924,0.15700000524520874,0.1599999964237213,0.1599999964237213,343892
2016-07-06,0.1550000011920929,0.1589999943971634,0.1550000011920929,0.1589999943971634,0.1589999943971634,110025
2016-07-07,0.15600000321865082,0.164000004529953,0.1550000011920929,0.1599999964237213,0.1599999964237213,753569
2016-07-08,0.15700000524520874,0.1599999964237213,0.15399999916553497,0.15800000727176666,0.15800000727176666,1451558
2016-07-11,0.1589999943971634,0.1599999964237213,0.15600000321865082,0.1599999964237213,0.1599999964237213,1116762
2016-07-12,0.1599999964237213,0.1599999964237213,0.1599999964237213,0.1599999964237213,0.1599999964237213,91127
2016-07-13,0.1599999964237213,0.16500000655651093,0.15800000727176666,0.16300000250339508,0.16300000250339508,2896832
2016-07-14,0.164000004529953,0.164000004529953,0.1589999943971634,0.1589999943971634,0.1589999943971634,1847889
2016-07-15,0.1589999943971634,0.16099999845027924,0.1589999943971634,0.1599999964237213,0.1599999964237213,782254
2016-07-18,0.1599999964237213,0.16099999845027924,0.15800000727176666,0.16099999845027924,0.16099999845027924,397889
2016-07-19,0.16099999845027924,0.16099999845027924,0.1589999943971634,0.1599999964237213,0.1599999964237213,154508
2016-07-20,0.15700000524520874,0.16099999845027924,0.15700000524520874,0.1589999943971634,0.1589999943971634,1648049
2016-07-21,0.1599999964237213,0.16200000047683716,0.1589999943971634,0.16099999845027924,0.16099999845027924,1771128
2016-07-22,0.16099999845027924,0.164000004529953,0.1589999943971634,0.164000004529953,0.164000004529953,360000
2016-07-25,0.15800000727176666,0.16099999845027924,0.15800000727176666,0.1599999964237213,0.1599999964237213,792216
2016-07-26,0.15800000727176666,0.1589999943971634,0.1550000011920929,0.1589999943971634,0.1589999943971634,2713832
2016-07-27,0.1589999943971634,0.1589999943971634,0.15700000524520874,0.15700000524520874,0.15700000524520874,870000
2016-07-28,0.15600000321865082,0.15700000524520874,0.1550000011920929,0.15700000524520874,0.15700000524520874,150851
2016-07-29,0.1550000011920929,0.15600000321865082,0.15299999713897705,0.15299999713897705,0.15299999713897705,1334508
2016-08-01,0.15399999916553497,0.15800000727176666,0.1509999930858612,0.15800000727176666,0.15800000727176666,220071
2016-08-02,0.15800000727176666,0.15800000727176666,0.15800000727176666,0.15800000727176666,0.15800000727176666,0
2016-08-03,0.1550000011920929,0.15700000524520874,0.15000000596046448,0.15399999916553497,0.15399999916553497,3072866
2016-08-04,0.15000000596046448,0.15299999713897705,0.15000000596046448,0.15000000596046448,0.15000000596046448,3642961
2016-08-05,0.14800000190734863,0.15299999713897705,0.1469999998807907,0.15299999713897705,0.15299999713897705,2252346
2016-08-08,0.15000000596046448,0.15299999713897705,0.1469999998807907,0.15199999511241913,0.15199999511241913,2542277
2016-08-09,0.14800000190734863,0.1509999930858612,0.14800000190734863,0.15000000596046448,0.15000000596046448,1393168
2016-08-10,0.15000000596046448,0.15000000596046448,0.14900000393390656,0.14900000393390656,0.14900000393390656,294087
2016-08-11,0.14900000393390656,0.15000000596046448,0.1469999998807907,0.15000000596046448,0.15000000596046448,659036
2016-08-12,0.15000000596046448,0.15000000596046448,0.14800000190734863,0.14900000393390656,0.14900000393390656,983391
2016-08-15,0.14900000393390656,0.1509999930858612,0.14800000190734863,0.15000000596046448,0.15000000596046448,763977
2016-08-16,0.15000000596046448,0.15000000596046448,0.1469999998807907,0.14800000190734863,0.14800000190734863,1100298
2016-08-17,0.1469999998807907,0.14900000393390656,0.1459999978542328,0.1469999998807907,0.1469999998807907,965129
2016-08-18,0.1469999998807907,0.14800000190734863,0.14399999380111694,0.1469999998807907,0.1469999998807907,875635
2016-08-19,0.14399999380111694,0.15399999916553497,0.14399999380111694,0.15299999713897705,0.15299999713897705,602254
2016-08-22,0.15199999511241913,0.15199999511241913,0.15199999511241913,0.15199999511241913,0.15199999511241913,0
2016-08-23,0.14499999582767487,0.15199999511241913,0.14499999582767487,0.15199999511241913,0.15199999511241913,396767
2016-08-24,0.1459999978542328,0.1509999930858612,0.1459999978542328,0.1509999930858612,0.1509999930858612,401127
2016-08-25,0.1509999930858612,0.1509999930858612,0.1509999930858612,0.1509999930858612,0.1509999930858612,0
2016-08-26,0.15000000596046448,0.15000000596046448,0.1459999978542328,0.15000000596046448,0.15000000596046448,1106141
2016-08-29,0.1459999978542328,0.15000000596046448,0.14100000262260437,0.15000000596046448,0.15000000596046448,4663388
2016-08-30,0.19099999964237213,0.20900000631809235,0.1770000010728836,0.1809999942779541,0.1809999942779541,188636559
2016-08-31,0.18199999630451202,0.18199999630451202,0.16599999368190765,0.17100000381469727,0.17100000381469727,30761282
2016-09-01,0.16899999976158142,0.17499999701976776,0.1679999977350235,0.1720000058412552,0.1720000058412552,10849231
2016-09-02,0.17000000178813934,0.1720000058412552,0.1679999977350235,0.16899999976158142,0.16899999976158142,3169016
2016-09-05,0.17000000178813934,0.18000000715255737,0.17000000178813934,0.17399999499320984,0.17399999499320984,6917622
2016-09-06,0.17599999904632568,0.17599999904632568,0.1679999977350235,0.17399999499320984,0.17399999499320984,9306291
2016-09-07,0.17399999499320984,0.1770000010728836,0.17000000178813934,0.1720000058412552,0.1720000058412552,4230000
2016-09-08,0.17399999499320984,0.17599999904632568,0.17100000381469727,0.17399999499320984,0.17399999499320984,4717333
2016-09-09,0.17499999701976776,0.17900000512599945,0.1720000058412552,0.17299999296665192,0.17299999296665192,3239457
2016-09-12,0.17100000381469727,0.17399999499320984,0.1679999977350235,0.1720000058412552,0.1720000058412552,7161271
2016-09-13,0.17000000178813934,0.17100000381469727,0.16899999976158142,0.16899999976158142,0.16899999976158142,3379335
2016-09-14,0.16699999570846558,0.17000000178813934,0.16500000655651093,0.17000000178813934,0.17000000178813934,3624508
2016-09-15,0.16699999570846558,0.17000000178813934,0.16500000655651093,0.17000000178813934,0.17000000178813934,3283979
2016-09-19,0.17000000178813934,0.1940000057220459,0.16500000655651093,0.19200000166893005,0.19200000166893005,29106772
2016-09-20,0.1899999976158142,0.20499999821186066,0.18400000035762787,0.20000000298023224,0.20000000298023224,18243425
2016-09-21,0.19900000095367432,0.2029999941587448,0.19300000369548798,0.1979999989271164,0.1979999989271164,5460867
2016-09-22,0.1979999989271164,0.1979999989271164,0.1850000023841858,0.1899999976158142,0.1899999976158142,4242055
2016-09-23,0.1899999976158142,0.1979999989271164,0.1899999976158142,0.19200000166893005,0.19200000166893005,2692214
2016-09-26,0.1899999976158142,0.19699999690055847,0.1860000044107437,0.1899999976158142,0.1899999976158142,4741250
2016-09-27,0.18700000643730164,0.1889999955892563,0.18400000035762787,0.1860000044107437,0.1860000044107437,6924565
2016-09-28,0.18400000035762787,0.18400000035762787,0.18000000715255737,0.18000000715255737,0.18000000715255737,3270289
2016-09-29,0.18000000715255737,0.18799999356269836,0.18000000715255737,0.18799999356269836,0.18799999356269836,41691
2016-09-30,0.1889999955892563,0.1889999955892563,0.18199999630451202,0.1860000044107437,0.1860000044107437,1310020
2016-10-03,0.1850000023841858,0.1860000044107437,0.1809999942779541,0.1850000023841858,0.1850000023841858,970800
2016-10-04,0.1850000023841858,0.1899999976158142,0.18400000035762787,0.18799999356269836,0.18799999356269836,134508
2016-10-05,0.1850000023841858,0.18700000643730164,0.1850000023841858,0.1850000023841858,0.1850000023841858,211127
2016-10-06,0.1809999942779541,0.1860000044107437,0.1809999942779541,0.1860000044107437,0.1860000044107437,2238210
2016-10-07,0.18000000715255737,0.19300000369548798,0.17900000512599945,0.18799999356269836,0.18799999356269836,15961977
2016-10-11,0.18700000643730164,0.1899999976158142,0.17900000512599945,0.18700000643730164,0.18700000643730164,2959303
2016-10-12,0.1899999976158142,0.1899999976158142,0.18199999630451202,0.18700000643730164,0.18700000643730164,5811691
2016-10-13,0.18700000643730164,0.18700000643730164,0.18199999630451202,0.18299999833106995,0.18299999833106995,1440000
2016-10-14,0.18299999833106995,0.1860000044107437,0.18299999833106995,0.1860000044107437,0.1860000044107437,800012
2016-10-17,0.18199999630451202,0.18700000643730164,0.18199999630451202,0.1860000044107437,0.1860000044107437,880000
2016-10-18,0.1860000044107437,0.1889999955892563,0.18400000035762787,0.1860000044107437,0.1860000044107437,920000
2016-10-19,0.18199999630451202,0.1860000044107437,0.18000000715255737,0.1850000023841858,0.1850000023841858,2218591
2016-10-20,0.18000000715255737,0.1850000023841858,0.18000000715255737,0.18299999833106995,0.18299999833106995,954087
2016-10-21,0.18299999833106995,0.18299999833106995,0.18299999833106995,0.18299999833106995,0.18299999833106995,0
2016-10-24,0.18199999630451202,0.1850000023841858,0.18000000715255737,0.1850000023841858,0.1850000023841858,1606284
2016-10-25,0.17900000512599945,0.18199999630451202,0.17900000512599945,0.1809999942779541,0.1809999942779541,582279
2016-10-26,0.17900000512599945,0.18299999833106995,0.17900000512599945,0.17900000512599945,0.17900000512599945,1656209
2016-10-27,0.17900000512599945,0.18199999630451202,0.17900000512599945,0.18199999630451202,0.18199999630451202,95635
2016-10-28,0.17399999499320984,0.18199999630451202,0.17399999499320984,0.18199999630451202,0.18199999630451202,1755640
2016-10-31,0.18000000715255737,0.18199999630451202,0.1770000010728836,0.17900000512599945,0.17900000512599945,1988939
2016-11-01,0.17900000512599945,0.18400000035762787,0.1770000010728836,0.17900000512599945,0.17900000512599945,1190500
2016-11-02,0.17800000309944153,0.18000000715255737,0.1770000010728836,0.18000000715255737,0.18000000715255737,1167060
2016-11-03,0.1770000010728836,0.18299999833106995,0.17499999701976776,0.18299999833106995,0.18299999833106995,263067
2016-11-04,0.18000000715255737,0.18000000715255737,0.17499999701976776,0.17800000309944153,0.17800000309944153,613945
2016-11-07,0.17800000309944153,0.18400000035762787,0.17800000309944153,0.17800000309944153,0.17800000309944153,327894
2016-11-08,0.17800000309944153,0.18199999630451202,0.1770000010728836,0.18199999630451202,0.18199999630451202,130564
2016-11-09,0.1720000058412552,0.17900000512599945,0.1720000058412552,0.17499999701976776,0.17499999701976776,693382
2016-11-10,0.17599999904632568,0.17599999904632568,0.17499999701976776,0.17599999904632568,0.17599999904632568,206973
2016-11-11,0.1720000058412552,0.17900000512599945,0.1720000058412552,0.17900000512599945,0.17900000512599945,690000
2016-11-14,0.17900000512599945,0.17900000512599945,0.17900000512599945,0.17900000512599945,0.17900000512599945,0
2016-11-15,0.17100000381469727,0.18799999356269836,0.1679999977350235,0.18799999356269836,0.18799999356269836,9183993
2016-11-16,0.18799999356269836,0.19499999284744263,0.17900000512599945,0.19499999284744263,0.19499999284744263,8575944
2016-11-17,0.19099999964237213,0.24300000071525574,0.1889999955892563,0.23499999940395355,0.23499999940395355,85257506
2016-11-18,0.23999999463558197,0.2549999952316284,0.23000000417232513,0.23999999463558197,0.23999999463558197,70098943
2016-11-21,0.23499999940395355,0.25,0.22499999403953552,0.24300000071525574,0.24300000071525574,18706849
2016-11-22,0.24300000071525574,0.24899999797344208,0.2370000034570694,0.24500000476837158,0.24500000476837158,5089666
2016-11-23,0.23999999463558197,0.24500000476837158,0.23199999332427979,0.23399999737739563,0.23399999737739563,14724543
2016-11-24,0.2329999953508377,0.2370000034570694,0.23199999332427979,0.23499999940395355,0.23499999940395355,7058067
2016-11-25,0.23899999260902405,0.23899999260902405,0.2280000001192093,0.2329999953508377,0.2329999953508377,2021310
2016-11-28,0.23000000417232513,0.23499999940395355,0.2240000069141388,0.23399999737739563,0.23399999737739563,2566906
2016-11-29,0.23800000548362732,0.24300000071525574,0.23100000619888306,0.23499999940395355,0.23499999940395355,2691415
2016-11-30,0.23499999940395355,0.23499999940395355,0.21699999272823334,0.22599999606609344,0.22599999606609344,7407971
2016-12-01,0.20100000500679016,0.23499999940395355,0.20100000500679016,0.22300000488758087,0.22300000488758087,3792256
2016-12-02,0.2290000021457672,0.2290000021457672,0.2150000035762787,0.2199999988079071,0.2199999988079071,2762926
2016-12-05,0.210999995470047,0.22200000286102295,0.20999999344348907,0.2199999988079071,0.2199999988079071,3931134
2016-12-06,0.2199999988079071,0.23899999260902405,0.2199999988079071,0.23000000417232513,0.23000000417232513,12380007
2016-12-07,0.22699999809265137,0.2329999953508377,0.22699999809265137,0.23000000417232513,0.23000000417232513,8063524
2016-12-08,0.23000000417232513,0.23499999940395355,0.2290000021457672,0.23000000417232513,0.23000000417232513,7818617
2016-12-09,0.23000000417232513,0.24699999392032623,0.2280000001192093,0.24199999868869781,0.24199999868869781,17143999
2016-12-12,0.24500000476837158,0.24500000476837158,0.23100000619888306,0.23899999260902405,0.23899999260902405,1712401
2016-12-13,0.23499999940395355,0.23600000143051147,0.22499999403953552,0.23000000417232513,0.23000000417232513,6823982
2016-12-14,0.2290000021457672,0.23999999463558197,0.2290000021457672,0.2329999953508377,0.2329999953508377,1750000
2016-12-15,0.2280000001192093,0.23199999332427979,0.2280000001192093,0.23199999332427979,0.23199999332427979,3980563
2016-12-16,0.23800000548362732,0.23800000548362732,0.23000000417232513,0.23600000143051147,0.23600000143051147,1168990
2016-12-19,0.2329999953508377,0.2329999953508377,0.22499999403953552,0.23000000417232513,0.23000000417232513,12088453
2016-12-20,0.22200000286102295,0.2329999953508377,0.22200000286102295,0.23100000619888306,0.23100000619888306,2521127
2016-12-21,0.23199999332427979,0.23800000548362732,0.23199999332427979,0.23499999940395355,0.23499999940395355,817483
2016-12-22,0.23000000417232513,0.23600000143051147,0.2290000021457672,0.23100000619888306,0.23100000619888306,4833536
2016-12-23,0.22699999809265137,0.23199999332427979,0.22599999606609344,0.23199999332427979,0.23199999332427979,1054508
2016-12-28,0.2329999953508377,0.24899999797344208,0.2329999953508377,0.23999999463558197,0.23999999463558197,6567244
2016-12-29,0.23999999463558197,0.24500000476837158,0.23899999260902405,0.24199999868869781,0.24199999868869781,3523945
2016-12-30,0.23999999463558197,0.2409999966621399,0.2370000034570694,0.23999999463558197,0.23999999463558197,4242545
2017-01-03,0.23199999332427979,0.23999999463558197,0.23199999332427979,0.23999999463558197,0.23999999463558197,1178882
2017-01-04,0.2409999966621399,0.24300000071525574,0.23999999463558197,0.23999999463558197,0.23999999463558197,5582541
2017-01-05,0.23999999463558197,0.24199999868869781,0.23999999463558197,0.23999999463558197,0.23999999463558197,3460429
2017-01-06,0.23999999463558197,0.2549999952316284,0.23999999463558197,0.2549999952316284,0.2549999952316284,15742895
2017-01-09,0.2549999952316284,0.2549999952316284,0.25,0.2549999952316284,0.2549999952316284,6943248
2017-01-10,0.25,0.2549999952316284,0.25,0.25,0.25,8765778
2017-01-11,0.2549999952316284,0.25999999046325684,0.25,0.2549999952316284,0.2549999952316284,8412881
2017-01-12,0.2549999952316284,0.25999999046325684,0.25,0.2549999952316284,0.2549999952316284,5259016
2017-01-13,0.25,0.25,0.24300000071525574,0.24699999392032623,0.24699999392032623,2338968
2017-01-16,0.2409999966621399,0.24199999868869781,0.23000000417232513,0.23000000417232513,0.23000000417232513,3344508
2017-01-17,0.23800000548362732,0.23999999463558197,0.23100000619888306,0.23100000619888306,0.23100000619888306,1618507
2017-01-18,0.23199999332427979,0.23800000548362732,0.23199999332427979,0.23800000548362732,0.23800000548362732,167472
2017-01-19,0.23499999940395355,0.2370000034570694,0.23000000417232513,0.23600000143051147,0.23600000143051147,1385071
2017-01-20,0.23100000619888306,0.2370000034570694,0.23100000619888306,0.2370000034570694,0.2370000034570694,791171
2017-01-23,0.23499999940395355,0.2460000067949295,0.2329999953508377,0.2460000067949295,0.2460000067949295,2043465
2017-01-24,0.23999999463558197,0.24300000071525574,0.23999999463558197,0.24300000071525574,0.24300000071525574,4453104
2017-01-25,0.23999999463558197,0.23999999463558197,0.23999999463558197,0.23999999463558197,0.23999999463558197,703812
2017-01-26,0.24199999868869781,0.24699999392032623,0.23999999463558197,0.24699999392032623,0.24699999392032623,159039
2017-01-27,0.23600000143051147,0.24699999392032623,0.23600000143051147,0.24699999392032623,0.24699999392032623,270000
2017-02-01,0.2460000067949295,0.2460000067949295,0.2460000067949295,0.2460000067949295,0.2460000067949295,0
2017-02-02,0.23999999463558197,0.23999999463558197,0.23999999463558197,0.23999999463558197,0.23999999463558197,23714
2017-02-03,0.23999999463558197,0.23999999463558197,0.23800000548362732,0.23999999463558197,0.23999999463558197,521270
2017-02-06,0.23999999463558197,0.24400000274181366,0.23999999463558197,0.23999999463558197,0.23999999463558197,2085707
2017-02-07,0.23899999260902405,0.24500000476837158,0.23800000548362732,0.24400000274181366,0.24400000274181366,2586531
2017-02-08,0.24199999868869781,0.24400000274181366,0.23999999463558197,0.24300000071525574,0.24300000071525574,695592
2017-02-09,0.23999999463558197,0.25,0.23999999463558197,0.24699999392032623,0.24699999392032623,788053
2017-02-10,0.24500000476837158,0.24699999392032623,0.2409999966621399,0.24500000476837158,0.24500000476837158,673816
2017-02-13,0.24300000071525574,0.24500000476837158,0.23999999463558197,0.24500000476837158,0.24500000476837158,1616340
2017-02-14,0.24400000274181366,0.2460000067949295,0.23999999463558197,0.2460000067949295,0.2460000067949295,517085
2017-02-15,0.23999999463558197,0.24300000071525574,0.23999999463558197,0.23999999463558197,0.23999999463558197,755309
2017-02-16,0.23999999463558197,0.24500000476837158,0.23999999463558197,0.24400000274181366,0.24400000274181366,1348370
2017-02-17,0.24799999594688416,0.24799999594688416,0.24199999868869781,0.24199999868869781,0.24199999868869781,752497
2017-02-20,0.23999999463558197,0.2460000067949295,0.23999999463558197,0.2460000067949295,0.2460000067949295,897902
2017-02-21,0.23999999463558197,0.24400000274181366,0.23999999463558197,0.24400000274181366,0.24400000274181366,1077764
2017-02-22,0.23999999463558197,0.24300000071525574,0.23999999463558197,0.24300000071525574,0.24300000071525574,1288752
2017-02-23,0.23999999463558197,0.2409999966621399,0.23999999463558197,0.24300000071525574,0.24300000071525574,2075359
2017-02-24,0.24199999868869781,0.24199999868869781,0.24199999868869781,0.24199999868869781,0.24199999868869781,0
2017-02-27,0.23999999463558197,0.23999999463558197,0.23899999260902405,0.23999999463558197,0.23999999463558197,2015214
2017-02-28,0.2409999966621399,0.24400000274181366,0.23999999463558197,0.23999999463558197,0.23999999463558197,1000141
2017-03-01,0.22100000083446503,0.24300000071525574,0.22100000083446503,0.24300000071525574,0.24300000071525574,1738477
2017-03-02,0.23800000548362732,0.24300000071525574,0.23800000548362732,0.23899999260902405,0.23899999260902405,6621127
2017-03-03,0.23899999260902405,0.24500000476837158,0.23899999260902405,0.24400000274181366,0.24400000274181366,2764920
2017-03-06,0.23999999463558197,0.24199999868869781,0.23999999463558197,0.23999999463558197,0.23999999463558197,1180231
2017-03-07,0.23899999260902405,0.23999999463558197,0.23899999260902405,0.23999999463558197,0.23999999463558197,1110288
2017-03-08,0.24199999868869781,0.24300000071525574,0.23999999463558197,0.2409999966621399,0.2409999966621399,738474
2017-03-09,0.23999999463558197,0.2409999966621399,0.23999999463558197,0.23999999463558197,0.23999999463558197,1295635
2017-03-10,0.2409999966621399,0.24400000274181366,0.23999999463558197,0.24400000274181366,0.24400000274181366,1134508
2017-03-13,0.23999999463558197,0.24199999868869781,0.23899999260902405,0.24199999868869781,0.24199999868869781,2346915
2017-03-14,0.2409999966621399,0.2409999966621399,0.23999999463558197,0.23999999463558197,0.23999999463558197,1117193
2017-03-15,0.24199999868869781,0.24199999868869781,0.23999999463558197,0.24199999868869781,0.24199999868869781,937534
2017-03-16,0.24400000274181366,0.2460000067949295,0.23999999463558197,0.23999999463558197,0.23999999463558197,687968
2017-03-17,0.2409999966621399,0.24199999868869781,0.23999999463558197,0.24199999868869781,0.24199999868869781,647383
2017-03-20,0.23999999463558197,0.24300000071525574,0.2370000034570694,0.24199999868869781,0.24199999868869781,1377694
2017-03-21,0.24199999868869781,0.24400000274181366,0.2409999966621399,0.24400000274181366,0.24400000274181366,235964
2017-03-22,0.23999999463558197,0.2409999966621399,0.23600000143051147,0.23999999463558197,0.23999999463558197,2223381
2017-03-23,0.2409999966621399,0.24199999868869781,0.23999999463558197,0.23999999463558197,0.23999999463558197,1071435
2017-03-24,0.23999999463558197,0.2409999966621399,0.23999999463558197,0.23999999463558197,0.23999999463558197,1935061
2017-03-27,0.23999999463558197,0.23999999463558197,0.23999999463558197,0.23999999463558197,0.23999999463558197,4545036
2017-03-28,0.23999999463558197,0.23999999463558197,0.2280000001192093,0.23499999940395355,0.23499999940395355,744008
2017-03-29,0.2240000069141388,0.23399999737739563,0.2240000069141388,0.23399999737739563,0.23399999737739563,335779
2017-03-30,0.23399999737739563,0.23399999737739563,0.23199999332427979,0.23199999332427979,0.23199999332427979,102818
2017-03-31,0.23499999940395355,0.23499999940395355,0.22499999403953552,0.22499999403953552,0.22499999403953552,2461177
2017-04-03,0.22499999403953552,0.22499999403953552,0.20499999821186066,0.20800000429153442,0.20800000429153442,612110
2017-04-05,0.20900000631809235,0.21799999475479126,0.20000000298023224,0.21699999272823334,0.21699999272823334,404508
2017-04-06,0.20600000023841858,0.21199999749660492,0.2029999941587448,0.20800000429153442,0.20800000429153442,1323156
2017-04-07,0.2070000022649765,0.2070000022649765,0.20600000023841858,0.21199999749660492,0.21199999749660492,43254
2017-04-10,0.21199999749660492,0.21199999749660492,0.2029999941587448,0.210999995470047,0.210999995470047,823293
2017-04-11,0.2029999941587448,0.21799999475479126,0.20100000500679016,0.21799999475479126,0.21799999475479126,746339
2017-04-12,0.21799999475479126,0.21799999475479126,0.20200000703334808,0.20900000631809235,0.20900000631809235,389035
2017-04-13,0.2029999941587448,0.20800000429153442,0.20000000298023224,0.20399999618530273,0.20399999618530273,1375353
2017-04-18,0.2070000022649765,0.21799999475479126,0.2029999941587448,0.210999995470047,0.210999995470047,1162616
2017-04-19,0.20200000703334808,0.20499999821186066,0.19099999964237213,0.20499999821186066,0.20499999821186066,1392254
2017-04-20,0.1850000023841858,0.20800000429153442,0.1850000023841858,0.20000000298023224,0.20000000298023224,2156127
2017-04-21,0.19900000095367432,0.20000000298023224,0.19499999284744263,0.19699999690055847,0.19699999690055847,921127
2017-04-24,0.19300000369548798,0.19599999487400055,0.19099999964237213,0.19099999964237213,0.19099999964237213,373457
2017-04-25,0.19200000166893005,0.20200000703334808,0.19099999964237213,0.20200000703334808,0.20200000703334808,933174
2017-04-26,0.20000000298023224,0.20000000298023224,0.19900000095367432,0.19900000095367432,0.19900000095367432,42254
2017-04-27,0.20200000703334808,0.23399999737739563,0.18799999356269836,0.20200000703334808,0.20200000703334808,8370000
2017-04-28,0.21699999272823334,0.21799999475479126,0.19699999690055847,0.2070000022649765,0.2070000022649765,2355353
2017-05-02,0.20499999821186066,0.20999999344348907,0.20000000298023224,0.20999999344348907,0.20999999344348907,220598
2017-05-04,0.20000000298023224,0.20499999821186066,0.20000000298023224,0.20499999821186066,0.20499999821186066,567748
2017-05-05,0.19200000166893005,0.20600000023841858,0.19099999964237213,0.20600000023841858,0.20600000023841858,1320000
2017-05-08,0.2070000022649765,0.20800000429153442,0.20200000703334808,0.20600000023841858,0.20600000023841858,1949303
2017-05-09,0.20800000429153442,0.20800000429153442,0.20200000703334808,0.20600000023841858,0.20600000023841858,207546
2017-05-10,0.20100000500679016,0.21299999952316284,0.20000000298023224,0.20999999344348907,0.20999999344348907,1031188
2017-05-11,0.21299999952316284,0.22699999809265137,0.21199999749660492,0.22699999809265137,0.22699999809265137,3343109
2017-05-12,0.23000000417232513,0.24199999868869781,0.2280000001192093,0.23499999940395355,0.23499999940395355,6447140
2017-05-15,0.2329999953508377,0.2329999953508377,0.22499999403953552,0.23000000417232513,0.23000000417232513,1103693
2017-05-16,0.22499999403953552,0.22599999606609344,0.22499999403953552,0.22599999606609344,0.22599999606609344,470850
2017-05-17,0.2290000021457672,0.23199999332427979,0.22499999403953552,0.22499999403953552,0.22499999403953552,195819
2017-05-18,0.22100000083446503,0.2240000069141388,0.20000000298023224,0.2240000069141388,0.2240000069141388,2595361
2017-05-19,0.21699999272823334,0.21699999272823334,0.2070000022649765,0.2070000022649765,0.2070000022649765,151127
2017-05-22,0.20800000429153442,0.20800000429153442,0.2029999941587448,0.20499999821186066,0.20499999821186066,966198
2017-05-23,0.20100000500679016,0.20200000703334808,0.19599999487400055,0.19699999690055847,0.19699999690055847,57654504
2017-05-24,0.19599999487400055,0.20399999618530273,0.19599999487400055,0.20200000703334808,0.20200000703334808,58720268
2017-05-25,0.20200000703334808,0.20600000023841858,0.20200000703334808,0.2029999941587448,0.2029999941587448,11480781
2017-05-26,0.20200000703334808,0.20399999618530273,0.20000000298023224,0.2029999941587448,0.2029999941587448,7038515
2017-05-29,0.20200000703334808,0.2070000022649765,0.20200000703334808,0.20499999821186066,0.20499999821186066,4512794
2017-05-31,0.20900000631809235,0.20900000631809235,0.20399999618530273,0.20499999821186066,0.20499999821186066,1834508
2017-06-01,0.20499999821186066,0.2070000022649765,0.20499999821186066,0.20499999821186066,0.20499999821186066,830470
2017-06-02,0.20600000023841858,0.20600000023841858,0.20499999821186066,0.20600000023841858,0.20600000023841858,1115516
2017-06-05,0.20499999821186066,0.20499999821186066,0.20499999821186066,0.20499999821186066,0.20499999821186066,627789
2017-06-06,0.20499999821186066,0.20499999821186066,0.20499999821186066,0.20499999821186066,0.20499999821186066,889318
2017-06-07,0.20600000023841858,0.20600000023841858,0.20499999821186066,0.20600000023841858,0.20600000023841858,276221
2017-06-08,0.2070000022649765,0.2070000022649765,0.20499999821186066,0.20600000023841858,0.20600000023841858,1757707
2017-06-09,0.20499999821186066,0.22100000083446503,0.20000000298023224,0.210999995470047,0.210999995470047,3068032
2017-06-12,0.2070000022649765,0.20999999344348907,0.20499999821186066,0.20900000631809235,0.20900000631809235,341774
2017-06-13,0.21199999749660492,0.21199999749660492,0.2070000022649765,0.210999995470047,0.210999995470047,142719
2017-06-14,0.20800000429153442,0.2199999988079071,0.20800000429153442,0.2199999988079071,0.2199999988079071,185408
2017-06-15,0.20800000429153442,0.2160000056028366,0.20800000429153442,0.21699999272823334,0.21699999272823334,129877
2017-06-16,0.2070000022649765,0.2150000035762787,0.2070000022649765,0.20999999344348907,0.20999999344348907,404071
2017-06-19,0.20999999344348907,0.21699999272823334,0.2070000022649765,0.21299999952316284,0.21299999952316284,741657
2017-06-20,0.20100000500679016,0.2160000056028366,0.20100000500679016,0.20900000631809235,0.20900000631809235,952960
2017-06-21,0.20900000631809235,0.20900000631809235,0.20499999821186066,0.20800000429153442,0.20800000429153442,693099
2017-06-22,0.20399999618530273,0.21699999272823334,0.20399999618530273,0.21199999749660492,0.21199999749660492,88217
2017-06-23,0.2150000035762787,0.2150000035762787,0.20800000429153442,0.21299999952316284,0.21299999952316284,31307
2017-06-26,0.20900000631809235,0.21400000154972076,0.20900000631809235,0.21400000154972076,0.21400000154972076,620000
2017-06-27,0.2070000022649765,0.2070000022649765,0.18700000643730164,0.1979999989271164,0.1979999989271164,1901138
2017-06-28,0.19099999964237213,0.19099999964237213,0.1809999942779541,0.1889999955892563,0.1889999955892563,4484533
2017-06-29,0.1889999955892563,0.1940000057220459,0.1889999955892563,0.1899999976158142,0.1899999976158142,1531129
2017-06-30,0.19699999690055847,0.2280000001192093,0.19699999690055847,0.20900000631809235,0.20900000631809235,7596299
2017-07-03,0.2150000035762787,0.22200000286102295,0.2029999941587448,0.20800000429153442,0.20800000429153442,3557780
2017-07-04,0.20800000429153442,0.20800000429153442,0.19599999487400055,0.20499999821186066,0.20499999821186066,1590431
2017-07-05,0.20600000023841858,0.20999999344348907,0.20000000298023224,0.20800000429153442,0.20800000429153442,465104
2017-07-06,0.20499999821186066,0.20600000023841858,0.20499999821186066,0.20600000023841858,0.20600000023841858,1114508
2017-07-07,0.1940000057220459,0.20499999821186066,0.19200000166893005,0.20000000298023224,0.20000000298023224,990006
2017-07-10,0.20200000703334808,0.20200000703334808,0.20200000703334808,0.20000000298023224,0.20000000298023224,192817
2017-07-11,0.19599999487400055,0.20000000298023224,0.19499999284744263,0.20000000298023224,0.20000000298023224,574544
2017-07-12,0.19699999690055847,0.20000000298023224,0.19300000369548798,0.20000000298023224,0.20000000298023224,538464
2017-07-13,0.19599999487400055,0.20399999618530273,0.19599999487400055,0.20000000298023224,0.20000000298023224,279365
2017-07-14,0.20900000631809235,0.20900000631809235,0.20200000703334808,0.2070000022649765,0.2070000022649765,99017
2017-07-17,0.20000000298023224,0.2029999941587448,0.19599999487400055,0.2029999941587448,0.2029999941587448,256764
2017-07-18,0.19499999284744263,0.2029999941587448,0.1940000057220459,0.20100000500679016,0.20100000500679016,1420077
2017-07-19,0.20100000500679016,0.20100000500679016,0.19499999284744263,0.20100000500679016,0.20100000500679016,858598
2017-07-20,0.19599999487400055,0.20200000703334808,0.19499999284744263,0.19499999284744263,0.19499999284744263,247828
2017-07-21,0.19499999284744263,0.19900000095367432,0.19300000369548798,0.19900000095367432,0.19900000095367432,520286
2017-07-24,0.19200000166893005,0.20900000631809235,0.1899999976158142,0.1899999976158142,0.1899999976158142,1382133
2017-07-25,0.1899999976158142,0.1899999976158142,0.18000000715255737,0.18400000035762787,0.18400000035762787,3729016
2017-07-26,0.18400000035762787,0.1889999955892563,0.1809999942779541,0.18700000643730164,0.18700000643730164,1425556
2017-07-27,0.18400000035762787,0.18400000035762787,0.18000000715255737,0.18400000035762787,0.18400000035762787,397889
2017-07-28,0.18000000715255737,0.18700000643730164,0.18000000715255737,0.18700000643730164,0.18700000643730164,782206
2017-07-31,0.1809999942779541,0.18700000643730164,0.1809999942779541,0.18700000643730164,0.18700000643730164,676485
2017-08-01,0.18199999630451202,0.18299999833106995,0.18199999630451202,0.18299999833106995,0.18299999833106995,452180
2017-08-02,0.18199999630451202,0.18400000035762787,0.18000000715255737,0.18400000035762787,0.18400000035762787,2229362
2017-08-03,0.18000000715255737,0.18700000643730164,0.17299999296665192,0.1850000023841858,0.1850000023841858,615655
2017-08-04,0.17800000309944153,0.1850000023841858,0.17800000309944153,0.1850000023841858,0.1850000023841858,462047
2017-08-07,0.17800000309944153,0.18000000715255737,0.17599999904632568,0.18000000715255737,0.18000000715255737,2652820
2017-08-08,0.18000000715255737,0.18299999833106995,0.1770000010728836,0.1770000010728836,0.1770000010728836,943073
2017-08-09,0.17800000309944153,0.18799999356269836,0.17800000309944153,0.18299999833106995,0.18299999833106995,1162254
2017-08-10,0.1770000010728836,0.18199999630451202,0.16899999976158142,0.18199999630451202,0.18199999630451202,474795
2017-08-11,0.17399999499320984,0.1809999942779541,0.1720000058412552,0.1809999942779541,0.1809999942779541,601270
2017-08-14,0.17599999904632568,0.18199999630451202,0.17499999701976776,0.18000000715255737,0.18000000715255737,170001
2017-08-15,0.1860000044107437,0.18700000643730164,0.18299999833106995,0.18700000643730164,0.18700000643730164,120000
2017-08-16,0.18199999630451202,0.18199999630451202,0.18199999630451202,0.1809999942779541,0.1809999942779541,12254
2017-08-17,0.17299999296665192,0.17399999499320984,0.1720000058412552,0.1720000058412552,0.1720000058412552,700000
2017-08-18,0.1720000058412552,0.17800000309944153,0.1679999977350235,0.17800000309944153,0.17800000309944153,213340
2017-08-21,0.17900000512599945,0.1850000023841858,0.17100000381469727,0.1850000023841858,0.1850000023841858,3344376
2017-08-22,0.1809999942779541,0.18199999630451202,0.18000000715255737,0.18000000715255737,0.18000000715255737,2136762
2017-08-23,0.18000000715255737,0.18000000715255737,0.18000000715255737,0.18000000715255737,0.18000000715255737,0
2017-08-24,0.1809999942779541,0.1809999942779541,0.17900000512599945,0.17900000512599945,0.17900000512599945,1380012
2017-08-25,0.18199999630451202,0.18199999630451202,0.17599999904632568,0.17599999904632568,0.17599999904632568,22766
2017-08-28,0.16899999976158142,0.18299999833106995,0.1679999977350235,0.17299999296665192,0.17299999296665192,585128
2017-08-29,0.16200000047683716,0.17900000512599945,0.16200000047683716,0.17900000512599945,0.17900000512599945,71414
2017-08-30,0.16200000047683716,0.17900000512599945,0.15800000727176666,0.17900000512599945,0.17900000512599945,2313590
2017-08-31,0.1679999977350235,0.18700000643730164,0.1679999977350235,0.18000000715255737,0.18000000715255737,795635
2017-09-01,0.17299999296665192,0.17900000512599945,0.16899999976158142,0.17900000512599945,0.17900000512599945,191270
2017-09-04,0.17000000178813934,0.18000000715255737,0.16899999976158142,0.17900000512599945,0.17900000512599945,2418453
2017-09-05,0.17900000512599945,0.17900000512599945,0.17599999904632568,0.17599999904632568,0.17599999904632568,2310907
2017-09-06,0.17299999296665192,0.1850000023841858,0.17299999296665192,0.1850000023841858,0.1850000023841858,2150037
2017-09-07,0.17599999904632568,0.17599999904632568,0.17000000178813934,0.17499999701976776,0.17499999701976776,3257278
2017-09-08,0.17000000178813934,0.17599999904632568,0.17000000178813934,0.17599999904632568,0.17599999904632568,621269
2017-09-11,0.17000000178813934,0.17599999904632568,0.17000000178813934,0.17599999904632568,0.17599999904632568,169016
2017-09-12,0.17000000178813934,0.17599999904632568,0.16599999368190765,0.16599999368190765,0.16599999368190765,31132
2017-09-13,0.16599999368190765,0.17499999701976776,0.16599999368190765,0.17499999701976776,0.17499999701976776,541127
2017-09-14,0.17000000178813934,0.17599999904632568,0.16300000250339508,0.17399999499320984,0.17399999499320984,963803
2017-09-15,0.17100000381469727,0.17100000381469727,0.17000000178813934,0.17000000178813934,0.17000000178813934,36341
2017-09-18,0.1679999977350235,0.17499999701976776,0.1679999977350235,0.1720000058412552,0.1720000058412552,840661
2017-09-19,0.16599999368190765,0.1720000058412552,0.16599999368190765,0.1720000058412552,0.1720000058412552,145778
2017-09-20,0.17000000178813934,0.18400000035762787,0.17000000178813934,0.18000000715255737,0.18000000715255737,2307055
2017-09-21,0.17399999499320984,0.18799999356269836,0.17399999499320984,0.18799999356269836,0.18799999356269836,2150603
2017-09-22,0.17599999904632568,0.18700000643730164,0.17499999701976776,0.1860000044107437,0.1860000044107437,2729983
2017-09-25,0.17399999499320984,0.17900000512599945,0.17100000381469727,0.17900000512599945,0.17900000512599945,572535
2017-09-26,0.17499999701976776,0.18299999833106995,0.16899999976158142,0.1770000010728836,0.1770000010728836,755141
2017-09-27,0.1770000010728836,0.17900000512599945,0.16599999368190765,0.16699999570846558,0.16699999570846558,2259703
2017-09-28,0.17499999701976776,0.17900000512599945,0.16899999976158142,0.17900000512599945,0.17900000512599945,383813
2017-09-29,0.17800000309944153,0.17800000309944153,0.17499999701976776,0.17499999701976776,0.17499999701976776,300706
2017-10-03,0.17000000178813934,0.17000000178813934,0.17000000178813934,0.17000000178813934,0.17000000178813934,152480
2017-10-04,0.1679999977350235,0.17800000309944153,0.16699999570846558,0.17499999701976776,0.17499999701976776,583385
2017-10-06,0.1679999977350235,0.17499999701976776,0.1679999977350235,0.17499999701976776,0.17499999701976776,41152
2017-10-09,0.16899999976158142,0.16899999976158142,0.16699999570846558,0.16899999976158142,0.16899999976158142,1488033
2017-10-10,0.16899999976158142,0.17299999296665192,0.1679999977350235,0.17299999296665192,0.17299999296665192,2160002
2017-10-11,0.1720000058412552,0.17800000309944153,0.1720000058412552,0.17499999701976776,0.17499999701976776,1961270
2017-10-12,0.17000000178813934,0.1889999955892563,0.17000000178813934,0.18000000715255737,0.18000000715255737,1960000
2017-10-13,0.1850000023841858,0.1850000023841858,0.17399999499320984,0.17800000309944153,0.17800000309944153,2044737
2017-10-16,0.17399999499320984,0.17499999701976776,0.1720000058412552,0.17900000512599945,0.17900000512599945,1526762
2017-10-17,0.18000000715255737,0.18000000715255737,0.17900000512599945,0.17900000512599945,0.17900000512599945,70000
2017-10-18,0.17800000309944153,0.1809999942779541,0.17599999904632568,0.18000000715255737,0.18000000715255737,4880286
2017-10-19,0.18400000035762787,0.19599999487400055,0.18400000035762787,0.19200000166893005,0.19200000166893005,22027578
2017-10-20,0.19499999284744263,0.19699999690055847,0.18799999356269836,0.19300000369548798,0.19300000369548798,5438082
2017-10-23,0.1899999976158142,0.19699999690055847,0.1899999976158142,0.19699999690055847,0.19699999690055847,1691725
2017-10-24,0.1940000057220459,0.19900000095367432,0.1940000057220459,0.19900000095367432,0.19900000095367432,8356570
2017-10-25,0.19900000095367432,0.23000000417232513,0.19900000095367432,0.20999999344348907,0.20999999344348907,19166926
2017-10-26,0.21699999272823334,0.21799999475479126,0.20499999821186066,0.21299999952316284,0.21299999952316284,2587977
2017-10-27,0.21299999952316284,0.22300000488758087,0.20999999344348907,0.2160000056028366,0.2160000056028366,2801003
2017-10-30,0.21799999475479126,0.22200000286102295,0.20999999344348907,0.22100000083446503,0.22100000083446503,42846923
2017-10-31,0.22100000083446503,0.23000000417232513,0.2199999988079071,0.2290000021457672,0.2290000021457672,35678663
2017-11-01,0.23100000619888306,0.23399999737739563,0.22599999606609344,0.23100000619888306,0.23100000619888306,2305799
2017-11-02,0.23100000619888306,0.23499999940395355,0.22499999403953552,0.23199999332427979,0.23199999332427979,11161976
2017-11-03,0.23399999737739563,0.24500000476837158,0.23000000417232513,0.2370000034570694,0.2370000034570694,13637918
2017-11-06,0.2409999966621399,0.24699999392032623,0.23499999940395355,0.23899999260902405,0.23899999260902405,3395182
2017-11-07,0.23000000417232513,0.2409999966621399,0.22599999606609344,0.2370000034570694,0.2370000034570694,1238473
2017-11-08,0.23000000417232513,0.23899999260902405,0.22599999606609344,0.23000000417232513,0.23000000417232513,1380706
2017-11-09,0.23100000619888306,0.23100000619888306,0.22200000286102295,0.2290000021457672,0.2290000021457672,100993
2017-11-10,0.2290000021457672,0.2290000021457672,0.21899999678134918,0.22499999403953552,0.22499999403953552,334508
2017-11-13,0.21899999678134918,0.22100000083446503,0.2150000035762787,0.2199999988079071,0.2199999988079071,3979041
2017-11-14,0.21899999678134918,0.23000000417232513,0.2199999988079071,0.23000000417232513,0.23000000417232513,314000
2017-11-15,0.2199999988079071,0.2240000069141388,0.2150000035762787,0.2240000069141388,0.2240000069141388,981833
2017-11-16,0.22100000083446503,0.22499999403953552,0.21400000154972076,0.2240000069141388,0.2240000069141388,354425
2017-11-17,0.2199999988079071,0.2240000069141388,0.21400000154972076,0.22200000286102295,0.22200000286102295,214429
2017-11-20,0.21199999749660492,0.22599999606609344,0.21199999749660492,0.2240000069141388,0.2240000069141388,460919
2017-11-21,0.21400000154972076,0.22300000488758087,0.21299999952316284,0.22300000488758087,0.22300000488758087,207900
2017-11-22,0.21400000154972076,0.2150000035762787,0.20499999821186066,0.21199999749660492,0.21199999749660492,2810154
2017-11-23,0.210999995470047,0.21799999475479126,0.210999995470047,0.21199999749660492,0.21199999749660492,239744
2017-11-24,0.20900000631809235,0.2150000035762787,0.20000000298023224,0.2150000035762787,0.2150000035762787,686075
2017-11-27,0.20999999344348907,0.20999999344348907,0.20200000703334808,0.20900000631809235,0.20900000631809235,143244
2017-11-28,0.20100000500679016,0.2070000022649765,0.20000000298023224,0.2070000022649765,0.2070000022649765,858541
2017-11-29,0.19699999690055847,0.19900000095367432,0.19699999690055847,0.2029999941587448,0.2029999941587448,12053662
2017-11-30,0.1979999989271164,0.20200000703334808,0.19699999690055847,0.20200000703334808,0.20200000703334808,1225779
2017-12-01,0.19900000095367432,0.2029999941587448,0.19900000095367432,0.19900000095367432,0.19900000095367432,91127
2017-12-04,0.1940000057220459,0.20100000500679016,0.1940000057220459,0.20100000500679016,0.20100000500679016,57914
2017-12-05,0.20000000298023224,0.20399999618530273,0.19699999690055847,0.20399999618530273,0.20399999618530273,481161
2017-12-06,0.20399999618530273,0.20399999618530273,0.1860000044107437,0.19599999487400055,0.19599999487400055,800993
2017-12-07,0.20399999618530273,0.20399999618530273,0.19099999964237213,0.20000000298023224,0.20000000298023224,1086951
2017-12-08,0.19499999284744263,0.1979999989271164,0.19099999964237213,0.1979999989271164,0.1979999989271164,821128
2017-12-11,0.1979999989271164,0.1979999989271164,0.1979999989271164,0.1979999989271164,0.1979999989271164,0
2017-12-12,0.19699999690055847,0.19699999690055847,0.1899999976158142,0.19200000166893005,0.19200000166893005,753944
2017-12-13,0.18799999356269836,0.19900000095367432,0.18799999356269836,0.19900000095367432,0.19900000095367432,630002
2017-12-14,0.19900000095367432,0.19900000095367432,0.1850000023841858,0.18799999356269836,0.18799999356269836,1160000
2017-12-15,0.18700000643730164,0.18700000643730164,0.1809999942779541,0.1860000044107437,0.1860000044107437,202256
2017-12-18,0.18000000715255737,0.18199999630451202,0.18000000715255737,0.18199999630451202,0.18199999630451202,281278
2017-12-19,0.18000000715255737,0.1860000044107437,0.18000000715255737,0.1860000044107437,0.1860000044107437,440570
2017-12-20,0.18000000715255737,0.1860000044107437,0.18000000715255737,0.1860000044107437,0.1860000044107437,134101
2017-12-21,0.18400000035762787,0.18400000035762787,0.18400000035762787,0.18400000035762787,0.18400000035762787,0
2017-12-22,0.18400000035762787,0.1899999976158142,0.17900000512599945,0.1899999976158142,0.1899999976158142,714944
2017-12-27,0.18299999833106995,0.1889999955892563,0.18299999833106995,0.1889999955892563,0.1889999955892563,77900
2017-12-28,0.1850000023841858,0.1889999955892563,0.18400000035762787,0.1889999955892563,0.1889999955892563,1160282
2017-12-29,0.1860000044107437,0.1889999955892563,0.1850000023841858,0.1889999955892563,0.1889999955892563,548596
2018-01-02,0.1850000023841858,0.18700000643730164,0.18400000035762787,0.1850000023841858,0.1850000023841858,1600007
2018-01-03,0.1889999955892563,0.20000000298023224,0.1850000023841858,0.19499999284744263,0.19499999284744263,1730000
2018-01-04,0.1860000044107437,0.1940000057220459,0.1860000044107437,0.19099999964237213,0.19099999964237213,156131
2018-01-05,0.19099999964237213,0.19499999284744263,0.18700000643730164,0.19099999964237213,0.19099999964237213,798745
2018-01-08,0.1889999955892563,0.1899999976158142,0.1860000044107437,0.1899999976158142,0.1899999976158142,1103284
2018-01-09,0.1860000044107437,0.19300000369548798,0.1860000044107437,0.19300000369548798,0.19300000369548798,151833
2018-01-10,0.18799999356269836,0.19300000369548798,0.18799999356269836,0.19300000369548798,0.19300000369548798,999091
2018-01-11,0.18799999356269836,0.19200000166893005,0.18000000715255737,0.1899999976158142,0.1899999976158142,2825562
2018-01-12,0.1889999955892563,0.1899999976158142,0.1860000044107437,0.1860000044107437,0.1860000044107437,864297
2018-01-15,0.18799999356269836,0.1899999976158142,0.18400000035762787,0.1899999976158142,0.1899999976158142,1350002
2018-01-16,0.1850000023841858,0.1940000057220459,0.1850000023841858,0.19200000166893005,0.19200000166893005,262435
2018-01-17,0.1889999955892563,0.19300000369548798,0.18400000035762787,0.19200000166893005,0.19200000166893005,1962632
2018-01-18,0.19200000166893005,0.19200000166893005,0.18799999356269836,0.18799999356269836,0.18799999356269836,892843
2018-01-19,0.18299999833106995,0.18700000643730164,0.18299999833106995,0.18700000643730164,0.18700000643730164,1057482
2018-01-22,0.18400000035762787,0.1899999976158142,0.18400000035762787,0.1899999976158142,0.1899999976158142,582931
2018-01-23,0.1899999976158142,0.1899999976158142,0.1860000044107437,0.1899999976158142,0.1899999976158142,1051045
2018-01-24,0.1889999955892563,0.1889999955892563,0.1850000023841858,0.1889999955892563,0.1889999955892563,811312
2018-01-25,0.1850000023841858,0.18799999356269836,0.18299999833106995,0.18799999356269836,0.18799999356269836,1210686
2018-01-26,0.18299999833106995,0.18799999356269836,0.18299999833106995,0.18700000643730164,0.18700000643730164,534368
2018-01-29,0.18400000035762787,0.19499999284744263,0.18400000035762787,0.19499999284744263,0.19499999284744263,100879
2018-01-30,0.1860000044107437,0.1899999976158142,0.1850000023841858,0.1899999976158142,0.1899999976158142,917909
2018-01-31,0.1860000044107437,0.19300000369548798,0.1860000044107437,0.1899999976158142,0.1899999976158142,203831
2018-02-01,0.1860000044107437,0.1889999955892563,0.1850000023841858,0.1889999955892563,0.1889999955892563,2121638
2018-02-02,0.18299999833106995,0.18700000643730164,0.18299999833106995,0.18700000643730164,0.18700000643730164,241552
2018-02-05,0.18000000715255737,0.1860000044107437,0.18000000715255737,0.1850000023841858,0.1850000023841858,64608
2018-02-06,0.17299999296665192,0.17900000512599945,0.17299999296665192,0.17800000309944153,0.17800000309944153,708483
2018-02-07,0.17800000309944153,0.18400000035762787,0.17399999499320984,0.17800000309944153,0.17800000309944153,650287
2018-02-08,0.17399999499320984,0.18299999833106995,0.17399999499320984,0.18299999833106995,0.18299999833106995,154510
2018-02-09,0.17299999296665192,0.1770000010728836,0.1599999964237213,0.17399999499320984,0.17399999499320984,1830000
2018-02-12,0.17399999499320984,0.17399999499320984,0.17399999499320984,0.17399999499320984,0.17399999499320984,0
2018-02-13,0.1770000010728836,0.18000000715255737,0.17000000178813934,0.17800000309944153,0.17800000309944153,48381
2018-02-14,0.17800000309944153,0.18000000715255737,0.17800000309944153,0.18000000715255737,0.18000000715255737,94977
2018-02-15,0.18000000715255737,0.1850000023841858,0.18000000715255737,0.18299999833106995,0.18299999833106995,30000
2018-02-20,0.18199999630451202,0.18199999630451202,0.18199999630451202,0.18199999630451202,0.18199999630451202,300000
2018-02-21,0.17499999701976776,0.1860000044107437,0.17399999499320984,0.1850000023841858,0.1850000023841858,1251693
2018-02-22,0.1770000010728836,0.18199999630451202,0.1770000010728836,0.18199999630451202,0.18199999630451202,25635
2018-02-23,0.17800000309944153,0.18000000715255737,0.17599999904632568,0.18000000715255737,0.18000000715255737,1918000
2018-02-26,0.1809999942779541,0.18400000035762787,0.1809999942779541,0.18199999630451202,0.18199999630451202,2871927
2018-02-27,0.1809999942779541,0.1809999942779541,0.1809999942779541,0.1809999942779541,0.1809999942779541,0
2018-02-28,0.18000000715255737,0.18000000715255737,0.18000000715255737,0.18000000715255737,0.18000000715255737,100563
2018-03-01,0.1850000023841858,0.18700000643730164,0.1809999942779541,0.1860000044107437,0.1860000044107437,382500
2018-03-02,0.1720000058412552,0.18299999833106995,0.1720000058412552,0.18299999833106995,0.18299999833106995,260000
2018-03-05,0.17599999904632568,0.18400000035762787,0.17599999904632568,0.18199999630451202,0.18199999630451202,2318353
2018-03-06,0.18700000643730164,0.18700000643730164,0.17599999904632568,0.1850000023841858,0.1850000023841858,960000
2018-03-07,0.18000000715255737,0.1850000023841858,0.17599999904632568,0.1850000023841858,0.1850000023841858,292817
2018-03-08,0.18000000715255737,0.18000000715255737,0.18000000715255737,0.18000000715255737,0.18000000715255737,0
2018-03-09,0.1860000044107437,0.1860000044107437,0.1860000044107437,0.1860000044107437,0.1860000044107437,0
2018-03-12,0.1860000044107437,0.18700000643730164,0.18000000715255737,0.1850000023841858,0.1850000023841858,1019128
2018-03-13,0.17900000512599945,0.18199999630451202,0.17900000512599945,0.18199999630451202,0.18199999630451202,32332
2018-03-14,0.18199999630451202,0.19499999284744263,0.16500000655651093,0.1850000023841858,0.1850000023841858,1706555
2018-03-15,0.17900000512599945,0.18299999833106995,0.17299999296665192,0.1809999942779541,0.1809999942779541,1267817
2018-03-16,0.17599999904632568,0.18400000035762787,0.17399999499320984,0.18400000035762787,0.18400000035762787,476198
2018-03-19,0.18799999356269836,0.18799999356269836,0.18799999356269836,0.18799999356269836,0.18799999356269836,0
2018-03-20,0.18700000643730164,0.18700000643730164,0.18700000643730164,0.18700000643730164,0.18700000643730164,42254
2018-03-21,0.17499999701976776,0.1860000044107437,0.17499999701976776,0.1860000044107437,0.1860000044107437,500563
2018-03-22,0.18400000035762787,0.18400000035762787,0.17599999904632568,0.1770000010728836,0.1770000010728836,130000
2018-03-23,0.18199999630451202,0.18199999630451202,0.1720000058412552,0.17599999904632568,0.17599999904632568,143299
2018-03-26,0.17599999904632568,0.18299999833106995,0.17599999904632568,0.18299999833106995,0.18299999833106995,61877
2018-03-27,0.18299999833106995,0.18299999833106995,0.18299999833106995,0.18299999833106995,0.18299999833106995,0
2018-03-28,0.17399999499320984,0.18299999833106995,0.17399999499320984,0.18299999833106995,0.18299999833106995,61274
2018-03-29,0.18000000715255737,0.18000000715255737,0.18000000715255737,0.18000000715255737,0.18000000715255737,0
2018-04-03,0.17100000381469727,0.17599999904632568,0.17100000381469727,0.18199999630451202,0.18199999630451202,110000
2018-04-04,0.17499999701976776,0.17800000309944153,0.17499999701976776,0.17800000309944153,0.17800000309944153,81427
2018-04-06,0.17800000309944153,0.17800000309944153,0.17800000309944153,0.17800000309944153,0.17800000309944153,0
2018-04-09,0.19099999964237213,0.19099999964237213,0.17100000381469727,0.17900000512599945,0.17900000512599945,5627237
2018-04-10,0.17599999904632568,0.17900000512599945,0.17499999701976776,0.17900000512599945,0.17900000512599945,150440
2018-04-11,0.17800000309944153,0.18199999630451202,0.17800000309944153,0.18199999630451202,0.18199999630451202,253627
2018-04-12,0.17499999701976776,0.18000000715255737,0.17499999701976776,0.18000000715255737,0.18000000715255737,112541
2018-04-13,0.17499999701976776,0.18000000715255737,0.17399999499320984,0.18000000715255737,0.18000000715255737,646536
2018-04-16,0.17499999701976776,0.17499999701976776,0.17000000178813934,0.17399999499320984,0.17399999499320984,1954508
2018-04-17,0.1720000058412552,0.17499999701976776,0.17100000381469727,0.17499999701976776,0.17499999701976776,1707138
2018-04-18,0.17299999296665192,0.17499999701976776,0.16599999368190765,0.17499999701976776,0.17499999701976776,239198
2018-04-19,0.17399999499320984,0.17399999499320984,0.17399999499320984,0.17399999499320984,0.17399999499320984,0
2018-04-20,0.17000000178813934,0.18000000715255737,0.17000000178813934,0.1770000010728836,0.1770000010728836,1535826
2018-04-23,0.1770000010728836,0.1770000010728836,0.1770000010728836,0.1770000010728836,0.1770000010728836,0
2018-04-24,0.18000000715255737,0.1899999976158142,0.18000000715255737,0.1860000044107437,0.1860000044107437,212289
2018-04-25,0.17599999904632568,0.1850000023841858,0.17599999904632568,0.1850000023841858,0.1850000023841858,21549
2018-04-26,0.17900000512599945,0.1850000023841858,0.17599999904632568,0.1850000023841858,0.1850000023841858,420563
2018-04-27,0.1850000023841858,0.1850000023841858,0.1850000023841858,0.1850000023841858,0.1850000023841858,0
2018-04-30,0.1860000044107437,0.1860000044107437,0.1860000044107437,0.1850000023841858,0.1850000023841858,10000
2018-05-02,0.18299999833106995,0.1860000044107437,0.17599999904632568,0.1809999942779541,0.1809999942779541,1192819
2018-05-03,0.18000000715255737,0.18400000035762787,0.18000000715255737,0.18000000715255737,0.18000000715255737,59028
2018-05-04,0.17800000309944153,0.18400000035762787,0.17800000309944153,0.18400000035762787,0.18400000035762787,30393
2018-05-07,0.17800000309944153,0.18199999630451202,0.17800000309944153,0.18199999630451202,0.18199999630451202,33381
2018-05-08,0.18199999630451202,0.1850000023841858,0.17599999904632568,0.17800000309944153,0.17800000309944153,501127
2018-05-09,0.1770000010728836,0.17800000309944153,0.17299999296665192,0.17800000309944153,0.17800000309944153,2712555
2018-05-10,0.17599999904632568,0.19200000166893005,0.17599999904632568,0.18299999833106995,0.18299999833106995,3997780
2018-05-11,0.18299999833106995,0.1850000023841858,0.18000000715255737,0.1850000023841858,0.1850000023841858,1065637
2018-05-14,0.18000000715255737,0.19200000166893005,0.18000000715255737,0.1889999955892563,0.1889999955892563,3506485
2018-05-15,0.18299999833106995,0.1899999976158142,0.18299999833106995,0.1899999976158142,0.1899999976158142,1041722
2018-05-16,0.1889999955892563,0.1979999989271164,0.18000000715255737,0.18799999356269836,0.18799999356269836,3347077
2018-05-17,0.1860000044107437,0.1889999955892563,0.1809999942779541,0.18799999356269836,0.18799999356269836,937968
2018-05-18,0.18199999630451202,0.20399999618530273,0.18199999630451202,0.2029999941587448,0.2029999941587448,7868343
2018-05-21,0.20800000429153442,0.21299999952316284,0.1979999989271164,0.20900000631809235,0.20900000631809235,2185830
2018-05-23,0.20600000023841858,0.2199999988079071,0.20000000298023224,0.21799999475479126,0.21799999475479126,3917519
2018-05-24,0.20200000703334808,0.20200000703334808,0.19200000166893005,0.19900000095367432,0.19900000095367432,826254
2018-05-25,0.21400000154972076,0.21400000154972076,0.21400000154972076,0.20900000631809235,0.20900000631809235,11127
2018-05-28,0.19499999284744263,0.20800000429153442,0.18000000715255737,0.20100000500679016,0.20100000500679016,6150450
2018-05-29,0.20000000298023224,0.20999999344348907,0.1899999976158142,0.19499999284744263,0.19499999284744263,8561127
2018-05-30,0.18299999833106995,0.19099999964237213,0.18299999833106995,0.1899999976158142,0.1899999976158142,14146311
2018-05-31,0.19099999964237213,0.20499999821186066,0.1899999976158142,0.20499999821186066,0.20499999821186066,1814795
2018-06-01,0.19300000369548798,0.20399999618530273,0.1899999976158142,0.20399999618530273,0.20399999618530273,902254
2018-06-04,0.19300000369548798,0.2029999941587448,0.19300000369548798,0.2029999941587448,0.2029999941587448,2235806
2018-06-05,0.2029999941587448,0.2029999941587448,0.1940000057220459,0.2029999941587448,0.2029999941587448,1207123
2018-06-06,0.19699999690055847,0.20499999821186066,0.19699999690055847,0.20399999618530273,0.20399999618530273,2767793
2018-06-07,0.20000000298023224,0.20499999821186066,0.20000000298023224,0.2029999941587448,0.2029999941587448,570002
2018-06-08,0.20000000298023224,0.2029999941587448,0.20000000298023224,0.2029999941587448,0.2029999941587448,169300
2018-06-11,0.19699999690055847,0.20499999821186066,0.19300000369548798,0.20499999821186066,0.20499999821186066,5209790
2018-06-12,0.20399999618530273,0.20399999618530273,0.20399999618530273,0.20399999618530273,0.20399999618530273,0
2018-06-13,0.20399999618530273,0.20499999821186066,0.19699999690055847,0.20499999821186066,0.20499999821186066,851690
2018-06-14,0.1979999989271164,0.20399999618530273,0.19699999690055847,0.20399999618530273,0.20399999618530273,1478101
2018-06-15,0.19900000095367432,0.20200000703334808,0.19699999690055847,0.20200000703334808,0.20200000703334808,332567
2018-06-19,0.19499999284744263,0.19499999284744263,0.17599999904632568,0.18299999833106995,0.18299999833106995,1035801
2018-06-20,0.18299999833106995,0.18799999356269836,0.18299999833106995,0.1860000044107437,0.1860000044107437,275635
2018-06-21,0.1850000023841858,0.1850000023841858,0.1850000023841858,0.1850000023841858,0.1850000023841858,0
2018-06-22,0.1850000023841858,0.1850000023841858,0.1850000023841858,0.1850000023841858,0.1850000023841858,0
2018-06-25,0.1770000010728836,0.17800000309944153,0.1770000010728836,0.1770000010728836,0.1770000010728836,416465
2018-06-26,0.17499999701976776,0.18199999630451202,0.17499999701976776,0.1809999942779541,0.1809999942779541,764508
2018-06-27,0.17100000381469727,0.17499999701976776,0.17000000178813934,0.17000000178813934,0.17000000178813934,1634489
2018-06-28,0.17000000178813934,0.1770000010728836,0.16899999976158142,0.1770000010728836,0.1770000010728836,1055961
2018-06-29,0.18000000715255737,0.18000000715255737,0.18000000715255737,0.18000000715255737,0.18000000715255737,0
2018-07-03,0.17499999701976776,0.18000000715255737,0.17499999701976776,0.18000000715255737,0.18000000715255737,208001
2018-07-04,0.17900000512599945,0.17900000512599945,0.17900000512599945,0.17900000512599945,0.17900000512599945,0
2018-07-05,0.1720000058412552,0.17599999904632568,0.1720000058412552,0.17599999904632568,0.17599999904632568,466762
2018-07-06,0.16899999976158142,0.17599999904632568,0.16899999976158142,0.17599999904632568,0.17599999904632568,1350000
2018-07-09,0.16599999368190765,0.17599999904632568,0.16599999368190765,0.17599999904632568,0.17599999904632568,1855840
2018-07-10,0.18000000715255737,0.18000000715255737,0.18000000715255737,0.18000000715255737,0.18000000715255737,971271
2018-07-11,0.17499999701976776,0.17499999701976776,0.17399999499320984,0.17499999701976776,0.17499999701976776,3762797
2018-07-12,0.17000000178813934,0.17499999701976776,0.16899999976158142,0.17499999701976776,0.17499999701976776,570630
2018-07-13,0.17499999701976776,0.17499999701976776,0.17499999701976776,0.17499999701976776,0.17499999701976776,0
2018-07-16,0.16599999368190765,0.17499999701976776,0.16599999368190765,0.17499999701976776,0.17499999701976776,530000
2018-07-17,0.16899999976158142,0.17499999701976776,0.16899999976158142,0.17499999701976776,0.17499999701976776,1420718
2018-07-18,0.17499999701976776,0.17499999701976776,0.17499999701976776,0.17499999701976776,0.17499999701976776,560000
2018-07-19,0.16699999570846558,0.17499999701976776,0.16699999570846558,0.17499999701976776,0.17499999701976776,994651
2018-07-20,0.16899999976158142,0.17499999701976776,0.1679999977350235,0.17499999701976776,0.17499999701976776,2896023
2018-07-23,0.17499999701976776,0.17499999701976776,0.17499999701976776,0.17499999701976776,0.17499999701976776,0
2018-07-24,0.17900000512599945,0.18000000715255737,0.17900000512599945,0.17900000512599945,0.17900000512599945,600073
2018-07-25,0.17900000512599945,0.17900000512599945,0.17900000512599945,0.17900000512599945,0.17900000512599945,0
2018-07-26,0.16899999976158142,0.17900000512599945,0.16899999976158142,0.17900000512599945,0.17900000512599945,488804
2018-07-27,0.17100000381469727,0.17499999701976776,0.17100000381469727,0.17499999701976776,0.17499999701976776,573115
2018-07-30,0.16699999570846558,0.1770000010728836,0.16599999368190765,0.17499999701976776,0.17499999701976776,1050002
2018-07-31,0.16899999976158142,0.17499999701976776,0.16599999368190765,0.17499999701976776,0.17499999701976776,4113482
2018-08-01,0.17499999701976776,0.18000000715255737,0.17499999701976776,0.17499999701976776,0.17499999701976776,724500
2018-08-02,0.17499999701976776,0.17499999701976776,0.17499999701976776,0.17499999701976776,0.17499999701976776,2000000
2018-08-03,0.17499999701976776,0.17499999701976776,0.17499999701976776,0.17499999701976776,0.17499999701976776,1440000
2018-08-06,0.17299999296665192,0.17499999701976776,0.17299999296665192,0.17499999701976776,0.17499999701976776,4239597
2018-08-07,0.17499999701976776,0.17499999701976776,0.17499999701976776,0.17499999701976776,0.17499999701976776,412817
2018-08-08,0.17299999296665192,0.17499999701976776,0.17299999296665192,0.17499999701976776,0.17499999701976776,1501127
2018-08-09,0.17499999701976776,0.17499999701976776,0.17499999701976776,0.17499999701976776,0.17499999701976776,121129
2018-08-10,0.17499999701976776,0.17499999701976776,0.17499999701976776,0.17499999701976776,0.17499999701976776,0
2018-08-13,0.18000000715255737,0.18000000715255737,0.18000000715255737,0.17800000309944153,0.17800000309944153,12541
2018-08-14,0.17800000309944153,0.17800000309944153,0.17800000309944153,0.17800000309944153,0.17800000309944153,0
2018-08-15,0.17299999296665192,0.17499999701976776,0.16699999570846558,0.17499999701976776,0.17499999701976776,2032500
2018-08-16,0.17499999701976776,0.17499999701976776,0.17499999701976776,0.17499999701976776,0.17499999701976776,0
2018-08-17,0.17499999701976776,0.17499999701976776,0.17499999701976776,0.17499999701976776,0.17499999701976776,0
2018-08-20,0.17800000309944153,0.17800000309944153,0.17800000309944153,0.17599999904632568,0.17599999904632568,10000
2018-08-21,0.17299999296665192,0.17599999904632568,0.16899999976158142,0.17499999701976776,0.17499999701976776,2117300
2018-08-22,0.17599999904632568,0.1770000010728836,0.17599999904632568,0.1770000010728836,0.1770000010728836,612817
2018-08-23,0.1770000010728836,0.1770000010728836,0.1770000010728836,0.1770000010728836,0.1770000010728836,0
2018-08-24,0.17000000178813934,0.17499999701976776,0.17000000178813934,0.17499999701976776,0.17499999701976776,2547782
2018-08-27,0.17499999701976776,0.17499999701976776,0.17499999701976776,0.17499999701976776,0.17499999701976776,1090000
2018-08-28,0.17000000178813934,0.17499999701976776,0.17000000178813934,0.17499999701976776,0.17499999701976776,70626
2018-08-29,0.17000000178813934,0.17499999701976776,0.17000000178813934,0.17499999701976776,0.17499999701976776,143524
2018-08-30,0.17100000381469727,0.17499999701976776,0.17100000381469727,0.17499999701976776,0.17499999701976776,765778
2018-08-31,0.17100000381469727,0.17499999701976776,0.17000000178813934,0.17499999701976776,0.17499999701976776,1471381
2018-09-03,0.1720000058412552,0.17499999701976776,0.1720000058412552,0.17499999701976776,0.17499999701976776,1491014
2018-09-04,0.17499999701976776,0.17599999904632568,0.17499999701976776,0.17599999904632568,0.17599999904632568,1881128
2018-09-05,0.1720000058412552,0.17499999701976776,0.1720000058412552,0.17499999701976776,0.17499999701976776,1760000
2018-09-06,0.1720000058412552,0.17499999701976776,0.17100000381469727,0.17499999701976776,0.17499999701976776,1240000
2018-09-07,0.17499999701976776,0.17499999701976776,0.17499999701976776,0.17499999701976776,0.17499999701976776,0
2018-09-10,0.1720000058412552,0.17499999701976776,0.17100000381469727,0.17499999701976776,0.17499999701976776,1233402
2018-09-11,0.17399999499320984,0.17499999701976776,0.17000000178813934,0.17499999701976776,0.17499999701976776,2664508
2018-09-12,0.17299999296665192,0.17499999701976776,0.17299999296665192,0.17499999701976776,0.17499999701976776,785215
2018-09-13,0.17499999701976776,0.17499999701976776,0.17499999701976776,0.17499999701976776,0.17499999701976776,0
2018-09-14,0.17299999296665192,0.17499999701976776,0.17299999296665192,0.17499999701976776,0.17499999701976776,875999
2018-09-17,0.17499999701976776,0.17499999701976776,0.17499999701976776,0.17499999701976776,0.17499999701976776,113524
2018-09-18,0.17599999904632568,0.17599999904632568,0.17499999701976776,0.17499999701976776,0.17499999701976776,340563
2018-09-19,0.1720000058412552,0.1770000010728836,0.1720000058412552,0.17599999904632568,0.17599999904632568,292765
2018-09-20,0.17900000512599945,0.17900000512599945,0.17900000512599945,0.17900000512599945,0.17900000512599945,190000
2018-09-21,0.17299999296665192,0.17499999701976776,0.17299999296665192,0.17499999701976776,0.17499999701976776,1402397
2018-09-24,0.17299999296665192,0.17499999701976776,0.17299999296665192,0.17499999701976776,0.17499999701976776,695635
2018-09-26,0.17800000309944153,0.18000000715255737,0.17800000309944153,0.17800000309944153,0.17800000309944153,100000
2018-09-27,0.17299999296665192,0.17499999701976776,0.1720000058412552,0.17499999701976776,0.17499999701976776,669016
2018-09-28,0.17299999296665192,0.17599999904632568,0.17299999296665192,0.17599999904632568,0.17599999904632568,778950
2018-10-02,0.17599999904632568,0.17599999904632568,0.17599999904632568,0.17599999904632568,0.17599999904632568,0
2018-10-03,0.17599999904632568,0.17599999904632568,0.17599999904632568,0.17599999904632568,0.17599999904632568,0
2018-10-04,0.17299999296665192,0.17599999904632568,0.17299999296665192,0.17599999904632568,0.17599999904632568,39016
2018-10-05,0.17599999904632568,0.17599999904632568,0.17299999296665192,0.17499999701976776,0.17499999701976776,510000
2018-10-08,0.1720000058412552,0.17499999701976776,0.1720000058412552,0.17499999701976776,0.17499999701976776,60000
2018-10-09,0.17499999701976776,0.17800000309944153,0.1720000058412552,0.17800000309944153,0.17800000309944153,1301363
2018-10-10,0.17499999701976776,0.17499999701976776,0.17299999296665192,0.17499999701976776,0.17499999701976776,820563
2018-10-11,0.1679999977350235,0.17499999701976776,0.1679999977350235,0.17499999701976776,0.17499999701976776,1325980
2018-10-12,0.17000000178813934,0.18000000715255737,0.16699999570846558,0.18000000715255737,0.18000000715255737,47291332
2018-10-15,0.17599999904632568,0.18400000035762787,0.17399999499320984,0.18199999630451202,0.18199999630451202,72140000
2018-10-16,0.1860000044107437,0.18700000643730164,0.18000000715255737,0.18700000643730164,0.18700000643730164,80166762
2018-10-18,0.1860000044107437,0.1889999955892563,0.1850000023841858,0.1889999955892563,0.1889999955892563,39261985
2018-10-19,0.18700000643730164,0.1889999955892563,0.18199999630451202,0.1860000044107437,0.1860000044107437,32072424
2018-10-22,0.18700000643730164,0.18799999356269836,0.18000000715255737,0.1850000023841858,0.1850000023841858,14164226
2018-10-23,0.18400000035762787,0.1850000023841858,0.17499999701976776,0.1809999942779541,0.1809999942779541,13226764
2018-10-24,0.17800000309944153,0.18299999833106995,0.17800000309944153,0.18299999833106995,0.18299999833106995,10545922
2018-10-25,0.18299999833106995,0.18299999833106995,0.1809999942779541,0.1809999942779541,0.1809999942779541,6021127
2018-10-26,0.17499999701976776,0.1889999955892563,0.17499999701976776,0.1850000023841858,0.1850000023841858,8282325
2018-10-29,0.1860000044107437,0.1860000044107437,0.17599999904632568,0.18400000035762787,0.18400000035762787,9240000
2018-10-30,0.18400000035762787,0.1850000023841858,0.18199999630451202,0.18299999833106995,0.18299999833106995,40032961
2018-10-31,0.18299999833106995,0.18299999833106995,0.18299999833106995,0.18299999833106995,0.18299999833106995,0
2018-11-01,0.18199999630451202,0.18199999630451202,0.18199999630451202,0.18199999630451202,0.18199999630451202,120000
2018-11-02,0.17599999904632568,0.17900000512599945,0.17499999701976776,0.17900000512599945,0.17900000512599945,732254
2018-11-05,0.17900000512599945,0.17900000512599945,0.17900000512599945,0.17900000512599945,0.17900000512599945,0
2018-11-06,0.17100000381469727,0.17800000309944153,0.17100000381469727,0.1770000010728836,0.1770000010728836,380000
2018-11-07,0.1770000010728836,0.1770000010728836,0.1770000010728836,0.1770000010728836,0.1770000010728836,0
2018-11-08,0.17599999904632568,0.1770000010728836,0.1720000058412552,0.1770000010728836,0.1770000010728836,282677
2018-11-09,0.17499999701976776,0.17499999701976776,0.17499999701976776,0.17499999701976776,0.17499999701976776,0
2018-11-12,0.17499999701976776,0.17599999904632568,0.17499999701976776,0.17499999701976776,0.17499999701976776,796906
2018-11-13,0.17499999701976776,0.17499999701976776,0.17499999701976776,0.17499999701976776,0.17499999701976776,0
2018-11-14,0.17499999701976776,0.17499999701976776,0.17499999701976776,0.17499999701976776,0.17499999701976776,0
2018-11-15,0.17399999499320984,0.17499999701976776,0.16200000047683716,0.17499999701976776,0.17499999701976776,774707
2018-11-16,0.17399999499320984,0.17900000512599945,0.17299999296665192,0.17900000512599945,0.17900000512599945,1662479
2018-11-19,0.17900000512599945,0.17900000512599945,0.17900000512599945,0.17900000512599945,0.17900000512599945,0
2018-11-20,0.17900000512599945,0.17900000512599945,0.17900000512599945,0.17900000512599945,0.17900000512599945,0
2018-11-21,0.17499999701976776,0.17499999701976776,0.17499999701976776,0.17499999701976776,0.17499999701976776,200000
2018-11-22,0.17599999904632568,0.18400000035762787,0.17599999904632568,0.18000000715255737,0.18000000715255737,20000
2018-11-23,0.17900000512599945,0.17900000512599945,0.17499999701976776,0.17499999701976776,0.17499999701976776,200000
2018-11-26,0.17599999904632568,0.17599999904632568,0.17599999904632568,0.17599999904632568,0.17599999904632568,0
2018-11-27,0.18199999630451202,0.18199999630451202,0.18199999630451202,0.18199999630451202,0.18199999630451202,0
2018-11-28,0.17499999701976776,0.17499999701976776,0.17499999701976776,0.17499999701976776,0.17499999701976776,281690
2018-11-29,0.17000000178813934,0.17599999904632568,0.17000000178813934,0.17499999701976776,0.17499999701976776,992254
2018-11-30,0.17599999904632568,0.17599999904632568,0.17499999701976776,0.17599999904632568,0.17599999904632568,340000
2018-12-03,0.17599999904632568,0.17599999904632568,0.17599999904632568,0.17599999904632568,0.17599999904632568,0
2018-12-04,0.1770000010728836,0.18000000715255737,0.17499999701976776,0.18000000715255737,0.18000000715255737,283570
2018-12-05,0.17000000178813934,0.17499999701976776,0.17000000178813934,0.17499999701976776,0.17499999701976776,60002
2018-12-06,0.1720000058412552,0.17599999904632568,0.1720000058412552,0.17499999701976776,0.17499999701976776,98784
2018-12-07,0.17599999904632568,0.17599999904632568,0.17599999904632568,0.17599999904632568,0.17599999904632568,0
2018-12-10,0.17100000381469727,0.17499999701976776,0.17100000381469727,0.17499999701976776,0.17499999701976776,111127
2018-12-11,0.17100000381469727,0.17599999904632568,0.17100000381469727,0.17599999904632568,0.17599999904632568,265215
2018-12-12,0.17599999904632568,0.17599999904632568,0.17599999904632568,0.17599999904632568,0.17599999904632568,0
2018-12-13,0.17499999701976776,0.17599999904632568,0.17499999701976776,0.17499999701976776,0.17499999701976776,210000
2018-12-14,0.17499999701976776,0.17499999701976776,0.17499999701976776,0.17499999701976776,0.17499999701976776,0
2018-12-17,0.1720000058412552,0.1850000023841858,0.17100000381469727,0.17499999701976776,0.17499999701976776,600005
2018-12-18,0.17299999296665192,0.17499999701976776,0.17299999296665192,0.17499999701976776,0.17499999701976776,69167
2018-12-19,0.17499999701976776,0.17499999701976776,0.17499999701976776,0.17499999701976776,0.17499999701976776,301153
2018-12-20,0.17499999701976776,0.17499999701976776,0.17499999701976776,0.17499999701976776,0.17499999701976776,0
2018-12-21,0.17499999701976776,0.17499999701976776,0.17499999701976776,0.17499999701976776,0.17499999701976776,301795
2018-12-24,0.17499999701976776,0.17499999701976776,0.17499999701976776,0.17499999701976776,0.17499999701976776,10788
2018-12-27,0.17499999701976776,0.17900000512599945,0.17399999499320984,0.17900000512599945,0.17900000512599945,610628
2018-12-28,0.17499999701976776,0.17800000309944153,0.17499999701976776,0.17800000309944153,0.17800000309944153,65635
2018-12-31,0.17000000178813934,0.17000000178813934,0.17000000178813934,0.17499999701976776,0.17499999701976776,13382
2019-01-02,0.17499999701976776,0.17499999701976776,0.17499999701976776,0.17499999701976776,0.17499999701976776,0
2019-01-03,0.17100000381469727,0.17499999701976776,0.17000000178813934,0.17499999701976776,0.17499999701976776,1160000
2019-01-04,0.17499999701976776,0.17499999701976776,0.17499999701976776,0.17499999701976776,0.17499999701976776,0
2019-01-07,0.1720000058412552,0.17499999701976776,0.1720000058412552,0.17499999701976776,0.17499999701976776,601972
2019-01-08,0.17499999701976776,0.17499999701976776,0.17499999701976776,0.17499999701976776,0.17499999701976776,0
2019-01-09,0.17499999701976776,0.17499999701976776,0.17499999701976776,0.17499999701976776,0.17499999701976776,603380
2019-01-10,0.1720000058412552,0.18000000715255737,0.1720000058412552,0.17499999701976776,0.17499999701976776,845249
2019-01-11,0.17100000381469727,0.1770000010728836,0.17100000381469727,0.1770000010728836,0.1770000010728836,770000
2019-01-14,0.17499999701976776,0.17900000512599945,0.17399999499320984,0.17499999701976776,0.17499999701976776,812575
2019-01-15,0.1720000058412552,0.17800000309944153,0.1720000058412552,0.17499999701976776,0.17499999701976776,122254
2019-01-16,0.1720000058412552,0.1770000010728836,0.17100000381469727,0.1770000010728836,0.1770000010728836,381578
2019-01-17,0.1770000010728836,0.1770000010728836,0.1770000010728836,0.1770000010728836,0.1770000010728836,0
2019-01-18,0.1770000010728836,0.1770000010728836,0.1770000010728836,0.1770000010728836,0.1770000010728836,0
2019-01-21,0.1770000010728836,0.1770000010728836,0.1770000010728836,0.1770000010728836,0.1770000010728836,0
2019-01-22,0.17100000381469727,0.1770000010728836,0.17100000381469727,0.17499999701976776,0.17499999701976776,367325
2019-01-23,0.17499999701976776,0.17599999904632568,0.17499999701976776,0.17599999904632568,0.17599999904632568,590000
2019-01-24,0.17299999296665192,0.17599999904632568,0.1720000058412552,0.17499999701976776,0.17499999701976776,700564
2019-01-25,0.1720000058412552,0.1770000010728836,0.1720000058412552,0.1770000010728836,0.1770000010728836,40025
2019-01-28,0.17499999701976776,0.1770000010728836,0.17499999701976776,0.17499999701976776,0.17499999701976776,3500000
2019-01-29,0.17499999701976776,0.1770000010728836,0.17499999701976776,0.1770000010728836,0.1770000010728836,4088773
2019-01-30,0.17100000381469727,0.1979999989271164,0.17100000381469727,0.19699999690055847,0.19699999690055847,1044350
2019-01-31,0.18199999630451202,0.20999999344348907,0.18199999630451202,0.20900000631809235,0.20900000631809235,2310000
2019-02-01,0.1889999955892563,0.2199999988079071,0.1889999955892563,0.2199999988079071,0.2199999988079071,3713361
2019-02-04,0.21899999678134918,0.23000000417232513,0.2160000056028366,0.2240000069141388,0.2240000069141388,340000
2019-02-08,0.2199999988079071,0.2199999988079071,0.20000000298023224,0.20100000500679016,0.20100000500679016,914096
2019-02-11,0.20100000500679016,0.20499999821186066,0.20000000298023224,0.20399999618530273,0.20399999618530273,591691
2019-02-12,0.20399999618530273,0.20399999618530273,0.20399999618530273,0.20399999618530273,0.20399999618530273,0
2019-02-13,0.20000000298023224,0.20000000298023224,0.20000000298023224,0.20000000298023224,0.20000000298023224,0
2019-02-14,0.19699999690055847,0.19699999690055847,0.19699999690055847,0.19699999690055847,0.19699999690055847,0
2019-02-15,0.1809999942779541,0.19900000095367432,0.1809999942779541,0.19900000095367432,0.19900000095367432,320002
2019-02-18,0.1940000057220459,0.1940000057220459,0.1940000057220459,0.1940000057220459,0.1940000057220459,0
2019-02-19,0.1889999955892563,0.19900000095367432,0.1889999955892563,0.19900000095367432,0.19900000095367432,110835
2019-02-20,0.1809999942779541,0.1899999976158142,0.18000000715255737,0.1899999976158142,0.1899999976158142,380000
2019-02-21,0.1770000010728836,0.19200000166893005,0.1770000010728836,0.19200000166893005,0.19200000166893005,96976
2019-02-22,0.1809999942779541,0.1899999976158142,0.1720000058412552,0.1899999976158142,0.1899999976158142,336216
2019-02-25,0.1850000023841858,0.1850000023841858,0.1850000023841858,0.1850000023841858,0.1850000023841858,0
2019-02-26,0.1850000023841858,0.1850000023841858,0.1850000023841858,0.1850000023841858,0.1850000023841858,0
2019-02-27,0.1809999942779541,0.1809999942779541,0.17900000512599945,0.17900000512599945,0.17900000512599945,220563
2019-02-28,0.17599999904632568,0.19300000369548798,0.17599999904632568,0.19300000369548798,0.19300000369548798,31127
2019-03-01,0.17599999904632568,0.19499999284744263,0.17599999904632568,0.19499999284744263,0.19499999284744263,51577
2019-03-04,0.1940000057220459,0.1940000057220459,0.1940000057220459,0.1940000057220459,0.1940000057220459,0
2019-03-05,0.1940000057220459,0.1940000057220459,0.1940000057220459,0.1940000057220459,0.1940000057220459,0
2019-03-06,0.1770000010728836,0.1850000023841858,0.1770000010728836,0.18199999630451202,0.18199999630451202,111127
2019-03-07,0.17599999904632568,0.19900000095367432,0.17599999904632568,0.19599999487400055,0.19599999487400055,31549
2019-03-08,0.19499999284744263,0.19499999284744263,0.19499999284744263,0.19499999284744263,0.19499999284744263,0
2019-03-11,0.19499999284744263,0.19499999284744263,0.19499999284744263,0.19499999284744263,0.19499999284744263,0
2019-03-12,0.19499999284744263,0.19499999284744263,0.19499999284744263,0.19499999284744263,0.19499999284744263,0
2019-03-13,0.19499999284744263,0.19499999284744263,0.19499999284744263,0.19499999284744263,0.19499999284744263,0
2019-03-14,0.17800000309944153,0.17800000309944153,0.17800000309944153,0.17800000309944153,0.17800000309944153,13844
2019-03-15,0.17499999701976776,0.19099999964237213,0.17499999701976776,0.18000000715255737,0.18000000715255737,217302
2019-03-18,0.17100000381469727,0.18400000035762787,0.17000000178813934,0.18400000035762787,0.18400000035762787,317538
2019-03-19,0.17499999701976776,0.18000000715255737,0.17299999296665192,0.17499999701976776,0.17499999701976776,1040000
2019-03-20,0.164000004529953,0.17499999701976776,0.16200000047683716,0.17499999701976776,0.17499999701976776,7568100
2019-03-21,0.17299999296665192,0.17499999701976776,0.17299999296665192,0.17499999701976776,0.17499999701976776,113606
2019-03-22,0.17499999701976776,0.18000000715255737,0.17499999701976776,0.18000000715255737,0.18000000715255737,222817
2019-03-25,0.17499999701976776,0.17499999701976776,0.17499999701976776,0.17499999701976776,0.17499999701976776,320025
2019-03-26,0.17499999701976776,0.17499999701976776,0.17499999701976776,0.17499999701976776,0.17499999701976776,0
2019-03-27,0.17499999701976776,0.1770000010728836,0.1679999977350235,0.1770000010728836,0.1770000010728836,556231
2019-03-28,0.17900000512599945,0.18000000715255737,0.17900000512599945,0.18000000715255737,0.18000000715255737,301127
2019-03-29,0.17499999701976776,0.17499999701976776,0.17499999701976776,0.17499999701976776,0.17499999701976776,702254
2019-04-01,0.17499999701976776,0.17800000309944153,0.17000000178813934,0.17800000309944153,0.17800000309944153,2140564
2019-04-02,0.17100000381469727,0.1850000023841858,0.17100000381469727,0.1850000023841858,0.1850000023841858,29580
2019-04-03,0.1850000023841858,0.1850000023841858,0.1850000023841858,0.1850000023841858,0.1850000023841858,0
2019-04-04,0.1809999942779541,0.1809999942779541,0.1809999942779541,0.1809999942779541,0.1809999942779541,0
2019-04-08,0.17000000178813934,0.18400000035762787,0.17000000178813934,0.18400000035762787,0.18400000035762787,248267
2019-04-09,0.18400000035762787,0.18400000035762787,0.18400000035762787,0.18400000035762787,0.18400000035762787,0
2019-04-10,0.1770000010728836,0.1770000010728836,0.1770000010728836,0.1770000010728836,0.1770000010728836,0
2019-04-11,0.17299999296665192,0.18000000715255737,0.17299999296665192,0.18000000715255737,0.18000000715255737,1196224
2019-04-12,0.18000000715255737,0.18000000715255737,0.18000000715255737,0.18000000715255737,0.18000000715255737,0
2019-04-15,0.17399999499320984,0.17900000512599945,0.17399999499320984,0.17900000512599945,0.17900000512599945,102828
2019-04-16,0.17299999296665192,0.1770000010728836,0.17299999296665192,0.17499999701976776,0.17499999701976776,3325503
2019-04-17,0.16899999976158142,0.17499999701976776,0.16899999976158142,0.17499999701976776,0.17499999701976776,111270
2019-04-18,0.1720000058412552,0.17499999701976776,0.17000000178813934,0.17499999701976776,0.17499999701976776,557817
2019-04-23,0.17499999701976776,0.17499999701976776,0.17499999701976776,0.17499999701976776,0.17499999701976776,0
2019-04-24,0.17499999701976776,0.17499999701976776,0.17499999701976776,0.17499999701976776,0.17499999701976776,0
2019-04-25,0.17499999701976776,0.17499999701976776,0.17499999701976776,0.17499999701976776,0.17499999701976776,0
2019-04-26,0.17499999701976776,0.17499999701976776,0.17499999701976776,0.17499999701976776,0.17499999701976776,0
2019-04-29,0.17499999701976776,0.17499999701976776,0.17499999701976776,0.17499999701976776,0.17499999701976776,0
2019-04-30,0.16899999976158142,0.18000000715255737,0.16899999976158142,0.18000000715255737,0.18000000715255737,400000
2019-05-02,0.17100000381469727,0.17499999701976776,0.17100000381469727,0.17499999701976776,0.17499999701976776,414508
2019-05-03,0.17100000381469727,0.17499999701976776,0.17100000381469727,0.17499999701976776,0.17499999701976776,20000
2019-05-06,0.17100000381469727,0.17499999701976776,0.17100000381469727,0.17499999701976776,0.17499999701976776,515779
2019-05-07,0.17100000381469727,0.1770000010728836,0.17100000381469727,0.1770000010728836,0.1770000010728836,382839
2019-05-08,0.17100000381469727,0.17499999701976776,0.17100000381469727,0.17499999701976776,0.17499999701976776,420000
2019-05-09,0.16599999368190765,0.17499999701976776,0.16599999368190765,0.17499999701976776,0.17499999701976776,500000
2019-05-10,0.17499999701976776,0.17499999701976776,0.17499999701976776,0.17499999701976776,0.17499999701976776,0
2019-05-14,0.17499999701976776,0.17499999701976776,0.17499999701976776,0.17499999701976776,0.17499999701976776,0
2019-05-15,0.17499999701976776,0.17499999701976776,0.17499999701976776,0.17499999701976776,0.17499999701976776,0
2019-05-16,0.17499999701976776,0.17499999701976776,0.17299999296665192,0.17499999701976776,0.17499999701976776,523381
2019-05-17,0.1679999977350235,0.17499999701976776,0.16699999570846558,0.17499999701976776,0.17499999701976776,519469
2019-05-20,0.17299999296665192,0.17499999701976776,0.17299999296665192,0.17499999701976776,0.17499999701976776,502254
2019-05-21,0.17100000381469727,0.17499999701976776,0.17000000178813934,0.17499999701976776,0.17499999701976776,202704
2019-05-22,0.17100000381469727,0.17499999701976776,0.17000000178813934,0.17499999701976776,0.17499999701976776,732150
2019-05-23,0.17100000381469727,0.17499999701976776,0.17100000381469727,0.17499999701976776,0.17499999701976776,630000
2019-05-24,0.17499999701976776,0.18000000715255737,0.17499999701976776,0.17900000512599945,0.17900000512599945,650000
2019-05-27,0.1720000058412552,0.17499999701976776,0.17100000381469727,0.17499999701976776,0.17499999701976776,499304
2019-05-28,0.17299999296665192,0.17299999296665192,0.17299999296665192,0.17499999701976776,0.17499999701976776,17889
2019-05-29,0.17499999701976776,0.17499999701976776,0.17499999701976776,0.17499999701976776,0.17499999701976776,0
2019-05-30,0.17499999701976776,0.17499999701976776,0.17499999701976776,0.17499999701976776,0.17499999701976776,0
2019-05-31,0.17100000381469727,0.18000000715255737,0.17100000381469727,0.18000000715255737,0.18000000715255737,129692
2019-06-03,0.17299999296665192,0.17499999701976776,0.17100000381469727,0.17499999701976776,0.17499999701976776,700000
2019-06-04,0.1720000058412552,0.17499999701976776,0.17000000178813934,0.17499999701976776,0.17499999701976776,1115083
2019-06-05,0.1720000058412552,0.17499999701976776,0.1720000058412552,0.17499999701976776,0.17499999701976776,168312
2019-06-06,0.17599999904632568,0.17599999904632568,0.17599999904632568,0.17599999904632568,0.17599999904632568,36974
2019-06-10,0.17399999499320984,0.17499999701976776,0.1720000058412552,0.17499999701976776,0.17499999701976776,593675
2019-06-11,0.17299999296665192,0.17499999701976776,0.17299999296665192,0.17499999701976776,0.17499999701976776,216762
2019-06-12,0.17499999701976776,0.17499999701976776,0.17499999701976776,0.17499999701976776,0.17499999701976776,0
2019-06-13,0.17499999701976776,0.17499999701976776,0.17299999296665192,0.17499999701976776,0.17499999701976776,138032
2019-06-14,0.17499999701976776,0.17499999701976776,0.17499999701976776,0.17499999701976776,0.17499999701976776,0
2019-06-17,0.1720000058412552,0.17599999904632568,0.1720000058412552,0.17599999904632568,0.17599999904632568,240338
2019-06-18,0.17499999701976776,0.17599999904632568,0.1720000058412552,0.17599999904632568,0.17599999904632568,180000
2019-06-19,0.17399999499320984,0.1770000010728836,0.17299999296665192,0.17599999904632568,0.17599999904632568,510000
2019-06-20,0.1770000010728836,0.18400000035762787,0.1770000010728836,0.18400000035762787,0.18400000035762787,143628
2019-06-21,0.17599999904632568,0.17599999904632568,0.17599999904632568,0.17599999904632568,0.17599999904632568,0
2019-06-24,0.1770000010728836,0.17900000512599945,0.17599999904632568,0.1770000010728836,0.1770000010728836,632817
2019-06-25,0.18000000715255737,0.18000000715255737,0.18000000715255737,0.18000000715255737,0.18000000715255737,380000
2019-06-26,0.17499999701976776,0.17499999701976776,0.17299999296665192,0.17499999701976776,0.17499999701976776,460000
2019-06-27,0.17299999296665192,0.17800000309944153,0.17299999296665192,0.17800000309944153,0.17800000309944153,335922
2019-06-28,0.17399999499320984,0.18299999833106995,0.17399999499320984,0.18299999833106995,0.18299999833106995,624795
2019-07-02,0.1850000023841858,0.1850000023841858,0.18400000035762787,0.18400000035762787,0.18400000035762787,700000
2019-07-03,0.18400000035762787,0.18400000035762787,0.18400000035762787,0.18400000035762787,0.18400000035762787,0
2019-07-04,0.17599999904632568,0.1850000023841858,0.17599999904632568,0.1850000023841858,0.1850000023841858,1105635
2019-07-05,0.17499999701976776,0.18299999833106995,0.17499999701976776,0.18000000715255737,0.18000000715255737,810563
2019-07-08,0.17399999499320984,0.17900000512599945,0.17299999296665192,0.17900000512599945,0.17900000512599945,420000
2019-07-09,0.17299999296665192,0.17299999296665192,0.17299999296665192,0.17499999701976776,0.17499999701976776,69238
2019-07-10,0.17499999701976776,0.17499999701976776,0.17499999701976776,0.17499999701976776,0.17499999701976776,0
2019-07-11,0.17499999701976776,0.17499999701976776,0.17499999701976776,0.17499999701976776,0.17499999701976776,0
2019-07-12,0.1720000058412552,0.17599999904632568,0.1720000058412552,0.17599999904632568,0.17599999904632568,621127
2019-07-15,0.1720000058412552,0.17499999701976776,0.16899999976158142,0.17000000178813934,0.17000000178813934,2182707
2019-07-16,0.17000000178813934,0.17000000178813934,0.16300000250339508,0.17000000178813934,0.17000000178813934,563524
2019-07-17,0.17000000178813934,0.17000000178813934,0.16699999570846558,0.17000000178813934,0.17000000178813934,400000
2019-07-18,0.164000004529953,0.17000000178813934,0.164000004529953,0.17000000178813934,0.17000000178813934,213381
2019-07-19,0.16500000655651093,0.16899999976158142,0.16500000655651093,0.16899999976158142,0.16899999976158142,107370
2019-07-22,0.16300000250339508,0.17000000178813934,0.16300000250339508,0.17000000178813934,0.17000000178813934,211803
2019-07-23,0.164000004529953,0.17000000178813934,0.164000004529953,0.17000000178813934,0.17000000178813934,220000
2019-07-24,0.16500000655651093,0.16599999368190765,0.16500000655651093,0.16599999368190765,0.16599999368190765,250055
2019-07-25,0.16500000655651093,0.17000000178813934,0.164000004529953,0.16899999976158142,0.16899999976158142,520563
2019-07-26,0.16599999368190765,0.1679999977350235,0.1599999964237213,0.16500000655651093,0.16500000655651093,1602284
2019-07-29,0.164000004529953,0.16500000655651093,0.1589999943971634,0.1589999943971634,0.1589999943971634,1050683
2019-07-30,0.164000004529953,0.16500000655651093,0.1599999964237213,0.16300000250339508,0.16300000250339508,306353
2019-07-31,0.16300000250339508,0.16300000250339508,0.16300000250339508,0.16300000250339508,0.16300000250339508,0
2019-08-01,0.16500000655651093,0.16500000655651093,0.16500000655651093,0.16500000655651093,0.16500000655651093,0
2019-08-02,0.16200000047683716,0.16500000655651093,0.1589999943971634,0.164000004529953,0.164000004529953,821768
2019-08-05,0.1599999964237213,0.1599999964237213,0.14900000393390656,0.1589999943971634,0.1589999943971634,348530
2019-08-06,0.15000000596046448,0.16500000655651093,0.14499999582767487,0.16500000655651093,0.16500000655651093,6838427
2019-08-07,0.1599999964237213,0.1599999964237213,0.1599999964237213,0.1599999964237213,0.1599999964237213,60005
2019-08-08,0.1599999964237213,0.17000000178813934,0.1599999964237213,0.16599999368190765,0.16599999368190765,5940000
2019-08-09,0.1599999964237213,0.1599999964237213,0.1599999964237213,0.1599999964237213,0.1599999964237213,251834
2019-08-12,0.1599999964237213,0.1599999964237213,0.1599999964237213,0.1599999964237213,0.1599999964237213,0
2019-08-13,0.15199999511241913,0.1599999964237213,0.15199999511241913,0.1599999964237213,0.1599999964237213,340000
2019-08-14,0.15299999713897705,0.15299999713897705,0.15299999713897705,0.15299999713897705,0.15299999713897705,11270
2019-08-15,0.15700000524520874,0.15700000524520874,0.15700000524520874,0.15700000524520874,0.15700000524520874,0
2019-08-16,0.15000000596046448,0.15299999713897705,0.15000000596046448,0.15299999713897705,0.15299999713897705,67001
2019-08-19,0.15600000321865082,0.15600000321865082,0.15600000321865082,0.15600000321865082,0.15600000321865082,0
2019-08-20,0.15800000727176666,0.16699999570846558,0.15800000727176666,0.16500000655651093,0.16500000655651093,50563
2019-08-21,0.1509999930858612,0.1550000011920929,0.1509999930858612,0.1550000011920929,0.1550000011920929,31127
2019-08-22,0.15000000596046448,0.15600000321865082,0.15000000596046448,0.1550000011920929,0.1550000011920929,39016
2019-08-23,0.14800000190734863,0.1599999964237213,0.14800000190734863,0.15700000524520874,0.15700000524520874,221005
2019-08-26,0.15199999511241913,0.15199999511241913,0.15199999511241913,0.15199999511241913,0.15199999511241913,0
2019-08-27,0.1420000046491623,0.1509999930858612,0.1420000046491623,0.15000000596046448,0.15000000596046448,387215
2019-08-28,0.14100000262260437,0.14499999582767487,0.14100000262260437,0.14499999582767487,0.14499999582767487,145785
2019-08-29,0.14499999582767487,0.14499999582767487,0.14499999582767487,0.14499999582767487,0.14499999582767487,0
2019-08-30,0.13099999725818634,0.13699999451637268,0.12999999523162842,0.12999999523162842,0.12999999523162842,589055
2019-09-02,0.12999999523162842,0.12999999523162842,0.12999999523162842,0.12999999523162842,0.12999999523162842,0
2019-09-03,0.1289999932050705,0.1379999965429306,0.1289999932050705,0.1379999965429306,0.1379999965429306,300001
2019-09-04,0.14399999380111694,0.14399999380111694,0.14399999380111694,0.14399999380111694,0.14399999380111694,0
2019-09-05,0.13300000131130219,0.13500000536441803,0.13300000131130219,0.13500000536441803,0.13500000536441803,121128
2019-09-06,0.13500000536441803,0.13500000536441803,0.13500000536441803,0.13500000536441803,0.13500000536441803,0
2019-09-09,0.13199999928474426,0.13699999451637268,0.13199999928474426,0.13699999451637268,0.13699999451637268,135790
2019-09-10,0.13899999856948853,0.14800000190734863,0.13099999725818634,0.14800000190734863,0.14800000190734863,58699
2019-09-11,0.14800000190734863,0.14800000190734863,0.14800000190734863,0.14800000190734863,0.14800000190734863,0
2019-09-12,0.14300000667572021,0.1550000011920929,0.14300000667572021,0.1509999930858612,0.1509999930858612,913381
2019-09-13,0.15199999511241913,0.15299999713897705,0.15199999511241913,0.15299999713897705,0.15299999713897705,502817
2019-09-16,0.15299999713897705,0.15299999713897705,0.15299999713897705,0.15299999713897705,0.15299999713897705,0
2019-09-17,0.15299999713897705,0.15299999713897705,0.15299999713897705,0.15299999713897705,0.15299999713897705,0
2019-09-18,0.15299999713897705,0.15299999713897705,0.15299999713897705,0.15299999713897705,0.15299999713897705,0
2019-09-19,0.15299999713897705,0.15299999713897705,0.15299999713897705,0.15299999713897705,0.15299999713897705,502817
2019-09-20,0.15299999713897705,0.15299999713897705,0.15299999713897705,0.15299999713897705,0.15299999713897705,0
2019-09-23,0.15299999713897705,0.15299999713897705,0.15299999713897705,0.15299999713897705,0.15299999713897705,0
2019-09-24,0.15299999713897705,0.15299999713897705,0.15299999713897705,0.15299999713897705,0.15299999713897705,0
2019-09-25,0.15000000596046448,0.15000000596046448,0.15000000596046448,0.15000000596046448,0.15000000596046448,0
2019-09-26,0.14800000190734863,0.14800000190734863,0.14800000190734863,0.14800000190734863,0.14800000190734863,0
2019-09-27,0.13099999725818634,0.15399999916553497,0.12999999523162842,0.15399999916553497,0.15399999916553497,1111127
2019-09-30,0.15000000596046448,0.15800000727176666,0.15000000596046448,0.15700000524520874,0.15700000524520874,1059752
2019-10-02,0.14900000393390656,0.15000000596046448,0.14800000190734863,0.15000000596046448,0.15000000596046448,236906
2019-10-03,0.1469999998807907,0.15299999713897705,0.1469999998807907,0.15299999713897705,0.15299999713897705,30564
2019-10-04,0.15299999713897705,0.15299999713897705,0.15299999713897705,0.15299999713897705,0.15299999713897705,0
2019-10-08,0.15299999713897705,0.15299999713897705,0.15299999713897705,0.15299999713897705,0.15299999713897705,0
2019-10-09,0.14499999582767487,0.14900000393390656,0.14499999582767487,0.14900000393390656,0.14900000393390656,592254
2019-10-10,0.14900000393390656,0.14900000393390656,0.14900000393390656,0.14900000393390656,0.14900000393390656,0
2019-10-11,0.1340000033378601,0.15600000321865082,0.1340000033378601,0.15600000321865082,0.15600000321865082,943554
2019-10-14,0.1550000011920929,0.15600000321865082,0.15600000321865082,0.15600000321865082,0.15600000321865082,1080000
2019-10-15,0.15600000321865082,0.15600000321865082,0.15600000321865082,0.15600000321865082,0.15600000321865082,0
2019-10-16,0.15600000321865082,0.15600000321865082,0.15600000321865082,0.15600000321865082,0.15600000321865082,0
2019-10-17,0.15199999511241913,0.15800000727176666,0.15199999511241913,0.15800000727176666,0.15800000727176666,509328
2019-10-18,0.15800000727176666,0.15800000727176666,0.15800000727176666,0.15800000727176666,0.15800000727176666,0
2019-10-21,0.14499999582767487,0.14499999582767487,0.14499999582767487,0.1550000011920929,0.1550000011920929,26762
2019-10-22,0.1589999943971634,0.1589999943971634,0.1589999943971634,0.1589999943971634,0.1589999943971634,500230
2019-10-23,0.1550000011920929,0.1550000011920929,0.1550000011920929,0.1550000011920929,0.1550000011920929,0
2019-10-24,0.15399999916553497,0.15399999916553497,0.15399999916553497,0.15399999916553497,0.15399999916553497,0
2019-10-25,0.15199999511241913,0.15600000321865082,0.14000000059604645,0.15600000321865082,0.15600000321865082,460000
2019-10-28,0.15600000321865082,0.15600000321865082,0.15600000321865082,0.15600000321865082,0.15600000321865082,0
2019-10-29,0.1469999998807907,0.15600000321865082,0.1459999978542328,0.15600000321865082,0.15600000321865082,570000
2019-10-30,0.1589999943971634,0.1599999964237213,0.1589999943971634,0.1599999964237213,0.1599999964237213,502500
2019-10-31,0.1599999964237213,0.1599999964237213,0.1599999964237213,0.1599999964237213,0.1599999964237213,0
2019-11-01,0.17299999296665192,0.17299999296665192,0.15399999916553497,0.15399999916553497,0.15399999916553497,231414
2019-11-04,0.15399999916553497,0.15399999916553497,0.15399999916553497,0.15399999916553497,0.15399999916553497,0
2019-11-05,0.15399999916553497,0.15399999916553497,0.15399999916553497,0.15399999916553497,0.15399999916553497,0
2019-11-06,0.164000004529953,0.17000000178813934,0.164000004529953,0.16899999976158142,0.16899999976158142,325705
2019-11-07,0.1599999964237213,0.18000000715255737,0.1599999964237213,0.18000000715255737,0.18000000715255737,1123042
2019-11-08,0.17000000178813934,0.20000000298023224,0.17000000178813934,0.20000000298023224,0.20000000298023224,1390143
2019-11-11,0.19900000095367432,0.20000000298023224,0.17399999499320984,0.20000000298023224,0.20000000298023224,2688433
2019-11-12,0.19099999964237213,0.20499999821186066,0.18199999630451202,0.20399999618530273,0.20399999618530273,2362254
2019-11-13,0.20399999618530273,0.20399999618530273,0.19499999284744263,0.20000000298023224,0.20000000298023224,578077
2019-11-14,0.19900000095367432,0.20000000298023224,0.1899999976158142,0.20000000298023224,0.20000000298023224,1440286
2019-11-15,0.19300000369548798,0.1979999989271164,0.1899999976158142,0.19099999964237213,0.19099999964237213,1452254
2019-11-18,0.1899999976158142,0.1899999976158142,0.1850000023841858,0.1850000023841858,0.1850000023841858,56988
2019-11-19,0.1850000023841858,0.1850000023841858,0.1850000023841858,0.1850000023841858,0.1850000023841858,0
2019-11-20,0.1850000023841858,0.1860000044107437,0.18000000715255737,0.18000000715255737,0.18000000715255737,10802254
2019-11-21,0.1850000023841858,0.1850000023841858,0.18000000715255737,0.18000000715255737,0.18000000715255737,11327748
2019-11-22,0.18400000035762787,0.1850000023841858,0.17499999701976776,0.18199999630451202,0.18199999630451202,16671691
2019-11-25,0.17900000512599945,0.17900000512599945,0.17900000512599945,0.17900000512599945,0.17900000512599945,0
2019-11-26,0.18000000715255737,0.18000000715255737,0.17900000512599945,0.18000000715255737,0.18000000715255737,152828
2019-11-27,0.17499999701976776,0.17499999701976776,0.16500000655651093,0.16500000655651093,0.16500000655651093,50256
2019-11-28,0.16599999368190765,0.16599999368190765,0.16599999368190765,0.16599999368190765,0.16599999368190765,44806
2019-11-29,0.16599999368190765,0.16599999368190765,0.16599999368190765,0.16599999368190765,0.16599999368190765,0
2019-12-02,0.164000004529953,0.164000004529953,0.164000004529953,0.164000004529953,0.164000004529953,0
2019-12-03,0.16300000250339508,0.16300000250339508,0.1599999964237213,0.16300000250339508,0.16300000250339508,20563
2019-12-04,0.164000004529953,0.17499999701976776,0.1599999964237213,0.17499999701976776,0.17499999701976776,80000
2019-12-05,0.17399999499320984,0.17399999499320984,0.17399999499320984,0.17399999499320984,0.17399999499320984,10563
2019-12-06,0.16500000655651093,0.16500000655651093,0.16200000047683716,0.16200000047683716,0.16200000047683716,52397
2019-12-09,0.16099999845027924,0.16200000047683716,0.15800000727176666,0.15800000727176666,0.15800000727176666,6780012
2019-12-10,0.16300000250339508,0.16300000250339508,0.1509999930858612,0.15199999511241913,0.15199999511241913,17972479
2019-12-11,0.15399999916553497,0.15600000321865082,0.15000000596046448,0.15199999511241913,0.15199999511241913,10480231
2019-12-12,0.1509999930858612,0.15700000524520874,0.15000000596046448,0.15700000524520874,0.15700000524520874,9836116
2019-12-13,0.1509999930858612,0.16500000655651093,0.1509999930858612,0.16500000655651093,0.16500000655651093,562960
2019-12-16,0.16500000655651093,0.16500000655651093,0.16500000655651093,0.16500000655651093,0.16500000655651093,0
2019-12-17,0.15000000596046448,0.15000000596046448,0.15000000596046448,0.15199999511241913,0.15199999511241913,15635
2019-12-18,0.15299999713897705,0.164000004529953,0.15199999511241913,0.15600000321865082,0.15600000321865082,312397
2019-12-19,0.15000000596046448,0.15700000524520874,0.15000000596046448,0.15299999713897705,0.15299999713897705,472135
2019-12-20,0.1509999930858612,0.1509999930858612,0.1509999930858612,0.1509999930858612,0.1509999930858612,0
2019-12-23,0.1509999930858612,0.1509999930858612,0.1509999930858612,0.1509999930858612,0.1509999930858612,129303
2019-12-24,0.1509999930858612,0.1509999930858612,0.1509999930858612,0.1509999930858612,0.1509999930858612,0
2019-12-27,0.1509999930858612,0.1509999930858612,0.1509999930858612,0.1509999930858612,0.1509999930858612,54652
2019-12-30,0.1509999930858612,0.1509999930858612,0.1509999930858612,0.1509999930858612,0.1509999930858612,0
2019-12-31,0.1509999930858612,0.1509999930858612,0.1509999930858612,0.1509999930858612,0.1509999930858612,0
2020-01-02,0.15000000596046448,0.1509999930858612,0.15000000596046448,0.15000000596046448,0.15000000596046448,308033
2020-01-03,0.15000000596046448,0.15000000596046448,0.14100000262260437,0.1509999930858612,0.1509999930858612,37612
2020-01-06,0.14000000059604645,0.15000000596046448,0.14000000059604645,0.15000000596046448,0.15000000596046448,121588
2020-01-07,0.15800000727176666,0.15800000727176666,0.15800000727176666,0.15800000727176666,0.15800000727176666,51166
2020-01-08,0.1550000011920929,0.1550000011920929,0.1550000011920929,0.1550000011920929,0.1550000011920929,0
2020-01-09,0.14499999582767487,0.14499999582767487,0.14499999582767487,0.14499999582767487,0.14499999582767487,10000
2020-01-10,0.15000000596046448,0.15000000596046448,0.15000000596046448,0.15000000596046448,0.15000000596046448,66521
2020-01-13,0.15299999713897705,0.15299999713897705,0.15299999713897705,0.15299999713897705,0.15299999713897705,34508
2020-01-14,0.14499999582767487,0.16099999845027924,0.14499999582767487,0.1599999964237213,0.1599999964237213,3232820
2020-01-15,0.1509999930858612,0.1509999930858612,0.1509999930858612,0.1509999930858612,0.1509999930858612,11127
2020-01-16,0.1509999930858612,0.1509999930858612,0.1509999930858612,0.1509999930858612,0.1509999930858612,0
2020-01-17,0.1599999964237213,0.1599999964237213,0.15399999916553497,0.15399999916553497,0.15399999916553497,432450
2020-01-20,0.1599999964237213,0.16500000655651093,0.1550000011920929,0.16500000655651093,0.16500000655651093,650000
2020-01-21,0.16500000655651093,0.17499999701976776,0.16500000655651093,0.17499999701976776,0.17499999701976776,913381
2020-01-22,0.17000000178813934,0.17800000309944153,0.17000000178813934,0.1770000010728836,0.1770000010728836,2671127
2020-01-23,0.1679999977350235,0.17800000309944153,0.1679999977350235,0.17599999904632568,0.17599999904632568,561199
2020-01-24,0.17000000178813934,0.17000000178813934,0.16500000655651093,0.17000000178813934,0.17000000178813934,261270
2020-01-29,0.1599999964237213,0.17000000178813934,0.1599999964237213,0.17000000178813934,0.17000000178813934,260000
2020-01-30,0.1599999964237213,0.17000000178813934,0.1550000011920929,0.17000000178813934,0.17000000178813934,891202
2020-01-31,0.17000000178813934,0.1850000023841858,0.16200000047683716,0.1850000023841858,0.1850000023841858,2650007
2020-02-03,0.18000000715255737,0.1899999976158142,0.18000000715255737,0.1860000044107437,0.1860000044107437,930563
2020-02-04,0.1809999942779541,0.1860000044107437,0.1809999942779541,0.1860000044107437,0.1860000044107437,160775
2020-02-05,0.1850000023841858,0.1850000023841858,0.1850000023841858,0.1850000023841858,0.1850000023841858,0
2020-02-06,0.18400000035762787,0.18400000035762787,0.1720000058412552,0.1720000058412552,0.1720000058412552,749539
2020-02-07,0.17599999904632568,0.17599999904632568,0.17599999904632568,0.17599999904632568,0.17599999904632568,800000
2020-02-10,0.18000000715255737,0.18000000715255737,0.16599999368190765,0.16599999368190765,0.16599999368190765,547331
2020-02-11,0.16699999570846558,0.17499999701976776,0.16599999368190765,0.17499999701976776,0.17499999701976776,1080000
2020-02-12,0.16200000047683716,0.16500000655651093,0.16200000047683716,0.164000004529953,0.164000004529953,115665
2020-02-13,0.164000004529953,0.164000004529953,0.164000004529953,0.164000004529953,0.164000004529953,160000
2020-02-14,0.164000004529953,0.164000004529953,0.164000004529953,0.164000004529953,0.164000004529953,0
2020-02-17,0.1599999964237213,0.1599999964237213,0.1599999964237213,0.1599999964237213,0.1599999964237213,11013
2020-02-18,0.1599999964237213,0.1599999964237213,0.1599999964237213,0.1599999964237213,0.1599999964237213,0
2020-02-19,0.16200000047683716,0.16200000047683716,0.16200000047683716,0.16200000047683716,0.16200000047683716,24865
2020-02-20,0.16200000047683716,0.16200000047683716,0.16200000047683716,0.16200000047683716,0.16200000047683716,0
2020-02-21,0.16099999845027924,0.16099999845027924,0.16099999845027924,0.16099999845027924,0.16099999845027924,0
2020-02-24,0.16099999845027924,0.16099999845027924,0.16099999845027924,0.16099999845027924,0.16099999845027924,0
2020-02-25,0.16099999845027924,0.16099999845027924,0.16099999845027924,0.16099999845027924,0.16099999845027924,0
2020-02-26,0.16099999845027924,0.16099999845027924,0.16099999845027924,0.16099999845027924,0.16099999845027924,0
2020-02-27,0.15700000524520874,0.15700000524520874,0.15700000524520874,0.1599999964237213,0.1599999964237213,21755
2020-02-28,0.1550000011920929,0.1599999964237213,0.1550000011920929,0.1599999964237213,0.1599999964237213,391556
2020-03-02,0.1459999978542328,0.14800000190734863,0.14000000059604645,0.1420000046491623,0.1420000046491623,2147342
2020-03-03,0.14000000059604645,0.14000000059604645,0.14000000059604645,0.14000000059604645,0.14000000059604645,0
2020-03-04,0.14000000059604645,0.14000000059604645,0.14000000059604645,0.14000000059604645,0.14000000059604645,0
2020-03-05,0.14000000059604645,0.14000000059604645,0.14000000059604645,0.14000000059604645,0.14000000059604645,0
2020-03-06,0.14000000059604645,0.14000000059604645,0.14000000059604645,0.14000000059604645,0.14000000059604645,14508
2020-03-09,0.14000000059604645,0.14000000059604645,0.14000000059604645,0.14000000059604645,0.14000000059604645,120000
2020-03-10,0.14000000059604645,0.1550000011920929,0.14000000059604645,0.14000000059604645,0.14000000059604645,74543
2020-03-11,0.14000000059604645,0.14000000059604645,0.13500000536441803,0.13600000739097595,0.13600000739097595,40000
2020-03-12,0.13199999928474426,0.13199999928474426,0.13199999928474426,0.13300000131130219,0.13300000131130219,14959
2020-03-13,0.13199999928474426,0.13199999928474426,0.12099999934434891,0.13199999928474426,0.13199999928474426,360000
2020-03-16,0.13199999928474426,0.13199999928474426,0.13199999928474426,0.13199999928474426,0.13199999928474426,0
2020-03-17,0.13899999856948853,0.13899999856948853,0.1379999965429306,0.1379999965429306,0.1379999965429306,73951
2020-03-18,0.1379999965429306,0.1379999965429306,0.1379999965429306,0.1379999965429306,0.1379999965429306,0
2020-03-19,0.12200000137090683,0.1340000033378601,0.12200000137090683,0.1340000033378601,0.1340000033378601,590500
2020-03-20,0.12300000339746475,0.125,0.11500000208616257,0.11999999731779099,0.11999999731779099,1614649
2020-03-23,0.10199999809265137,0.11999999731779099,0.10000000149011612,0.11999999731779099,0.11999999731779099,1559691
2020-03-24,0.10400000214576721,0.11999999731779099,0.10199999809265137,0.11999999731779099,0.11999999731779099,300602
2020-03-25,0.11999999731779099,0.11999999731779099,0.11999999731779099,0.11999999731779099,0.11999999731779099,0
2020-03-26,0.11999999731779099,0.11999999731779099,0.11999999731779099,0.11999999731779099,0.11999999731779099,0
2020-03-27,0.11999999731779099,0.11999999731779099,0.11999999731779099,0.11999999731779099,0.11999999731779099,0
2020-03-30,0.11999999731779099,0.11999999731779099,0.11999999731779099,0.11999999731779099,0.11999999731779099,0
2020-03-31,0.10999999940395355,0.12999999523162842,0.10999999940395355,0.12999999523162842,0.12999999523162842,260000
2020-04-01,0.12999999523162842,0.12999999523162842,0.12999999523162842,0.12999999523162842,0.12999999523162842,0
2020-04-02,0.11800000071525574,0.12999999523162842,0.11800000071525574,0.125,0.125,164381
2020-04-03,0.125,0.125,0.125,0.125,0.125,0
2020-04-06,0.125,0.125,0.125,0.125,0.125,0
2020-04-07,0.12399999797344208,0.12399999797344208,0.11999999731779099,0.11999999731779099,0.11999999731779099,42264
2020-04-08,0.12999999523162842,0.14000000059604645,0.12999999523162842,0.14000000059604645,0.14000000059604645,50000
2020-04-09,0.13500000536441803,0.13500000536441803,0.13500000536441803,0.13500000536441803,0.13500000536441803,0
2020-04-14,0.12999999523162842,0.12999999523162842,0.12999999523162842,0.12999999523162842,0.12999999523162842,0
2020-04-15,0.12999999523162842,0.12999999523162842,0.12999999523162842,0.12999999523162842,0.12999999523162842,0
2020-04-16,0.1289999932050705,0.13600000739097595,0.11699999868869781,0.13600000739097595,0.13600000739097595,660000
2020-04-17,0.12200000137090683,0.13699999451637268,0.12200000137090683,0.13500000536441803,0.13500000536441803,250565
2020-04-20,0.13300000131130219,0.13300000131130219,0.13300000131130219,0.13300000131130219,0.13300000131130219,0
2020-04-21,0.12399999797344208,0.12999999523162842,0.11800000071525574,0.12999999523162842,0.12999999523162842,480000
2020-04-22,0.12099999934434891,0.12999999523162842,0.11999999731779099,0.125,0.125,333318
2020-04-23,0.125,0.12999999523162842,0.11500000208616257,0.12099999934434891,0.12099999934434891,1148657
2020-04-24,0.12099999934434891,0.125,0.11999999731779099,0.125,0.125,398984
2020-04-27,0.11500000208616257,0.125,0.11500000208616257,0.125,0.125,123042
2020-04-28,0.125,0.125,0.125,0.125,0.125,0
2020-04-29,0.125,0.125,0.125,0.125,0.125,0
2020-05-04,0.11999999731779099,0.11999999731779099,0.11999999731779099,0.11999999731779099,0.11999999731779099,0
2020-05-05,0.11900000274181366,0.11900000274181366,0.11900000274181366,0.11900000274181366,0.11900000274181366,0
2020-05-06,0.11900000274181366,0.11900000274181366,0.11900000274181366,0.11900000274181366,0.11900000274181366,0
2020-05-07,0.125,0.125,0.125,0.125,0.125,0
2020-05-08,0.11599999666213989,0.125,0.11599999666213989,0.125,0.125,90003
2020-05-11,0.125,0.125,0.125,0.125,0.125,0
2020-05-12,0.125,0.125,0.125,0.125,0.125,0
2020-05-13,0.125,0.125,0.125,0.125,0.125,0
2020-05-14,0.11599999666213989,0.125,0.11599999666213989,0.125,0.125,32541
2020-05-15,0.11900000274181366,0.125,0.11599999666213989,0.125,0.125,312541
2020-05-18,0.11900000274181366,0.11999999731779099,0.11900000274181366,0.11900000274181366,0.11900000274181366,204099
2020-05-19,0.11900000274181366,0.11900000274181366,0.11100000143051147,0.11500000208616257,0.11500000208616257,123524
2020-05-20,0.11500000208616257,0.11500000208616257,0.11500000208616257,0.11500000208616257,0.11500000208616257,0
2020-05-21,0.11500000208616257,0.11500000208616257,0.11500000208616257,0.11500000208616257,0.11500000208616257,0
2020-05-22,0.11500000208616257,0.11500000208616257,0.11500000208616257,0.11500000208616257,0.11500000208616257,0
2020-05-25,0.12399999797344208,0.12399999797344208,0.12399999797344208,0.12399999797344208,0.12399999797344208,50211
2020-05-26,0.12399999797344208,0.12399999797344208,0.12399999797344208,0.12399999797344208,0.12399999797344208,0
2020-05-27,0.11599999666213989,0.11599999666213989,0.11599999666213989,0.11599999666213989,0.11599999666213989,12254
2020-05-28,0.11699999868869781,0.11699999868869781,0.11699999868869781,0.11800000071525574,0.11800000071525574,0
2020-05-29,0.11800000071525574,0.11800000071525574,0.11800000071525574,0.11800000071525574,0.11800000071525574,0
2020-06-01,0.11500000208616257,0.11500000208616257,0.11500000208616257,0.11500000208616257,0.11500000208616257,0
2020-06-02,0.11100000143051147,0.1120000034570694,0.11100000143051147,0.1120000034570694,0.1120000034570694,230563
2020-06-03,0.1120000034570694,0.1120000034570694,0.1120000034570694,0.1120000034570694,0.1120000034570694,0
2020-06-04,0.1120000034570694,0.1120000034570694,0.10400000214576721,0.1120000034570694,0.1120000034570694,407679
2020-06-05,0.1120000034570694,0.11999999731779099,0.1120000034570694,0.11999999731779099,0.11999999731779099,1063028
2020-06-08,0.11999999731779099,0.11999999731779099,0.11999999731779099,0.11999999731779099,0.11999999731779099,0
2020-06-09,0.1080000028014183,0.11900000274181366,0.1080000028014183,0.11900000274181366,0.11900000274181366,136070
2020-06-10,0.11900000274181366,0.11900000274181366,0.11900000274181366,0.11900000274181366,0.11900000274181366,0
2020-06-11,0.11699999868869781,0.11699999868869781,0.11699999868869781,0.11699999868869781,0.11699999868869781,0
2020-06-12,0.11400000005960464,0.11400000005960464,0.11400000005960464,0.11400000005960464,0.11400000005960464,25811
2020-06-15,0.11400000005960464,0.11400000005960464,0.11400000005960464,0.11400000005960464,0.11400000005960464,0
2020-06-16,0.10499999672174454,0.11999999731779099,0.10499999672174454,0.11999999731779099,0.11999999731779099,369826
2020-06-17,0.10899999737739563,0.11999999731779099,0.10899999737739563,0.11999999731779099,0.11999999731779099,677325
2020-06-18,0.125,0.14000000059604645,0.125,0.14000000059604645,0.14000000059604645,256761
2020-06-19,0.14000000059604645,0.14000000059604645,0.12999999523162842,0.12999999523162842,0.12999999523162842,114939
2020-06-22,0.1420000046491623,0.1420000046491623,0.1420000046491623,0.1420000046491623,0.1420000046491623,293254
2020-06-23,0.14399999380111694,0.14399999380111694,0.14399999380111694,0.14399999380111694,0.14399999380111694,0
2020-06-24,0.14399999380111694,0.1589999943971634,0.14399999380111694,0.15000000596046448,0.15000000596046448,725215
2020-06-26,0.13099999725818634,0.15800000727176666,0.13099999725818634,0.14800000190734863,0.14800000190734863,310338
2020-06-29,0.15000000596046448,0.15000000596046448,0.15000000596046448,0.15000000596046448,0.15000000596046448,480000
2020-06-30,0.15000000596046448,0.15000000596046448,0.15000000596046448,0.15000000596046448,0.15000000596046448,0
2020-07-02,0.1599999964237213,0.1679999977350235,0.15399999916553497,0.16500000655651093,0.16500000655651093,1566198
2020-07-03,0.1550000011920929,0.1850000023841858,0.1550000011920929,0.1720000058412552,0.1720000058412552,782899
2020-07-06,0.1599999964237213,0.1770000010728836,0.1599999964237213,0.17299999296665192,0.17299999296665192,190707
2020-07-07,0.17299999296665192,0.17299999296665192,0.17299999296665192,0.17299999296665192,0.17299999296665192,0
2020-07-08,0.16200000047683716,0.17000000178813934,0.16200000047683716,0.17000000178813934,0.17000000178813934,49630
2020-07-09,0.1720000058412552,0.17399999499320984,0.17000000178813934,0.17000000178813934,0.17000000178813934,1535888
2020-07-10,0.17499999701976776,0.1850000023841858,0.1599999964237213,0.1720000058412552,0.1720000058412552,781700
2020-07-13,0.17299999296665192,0.1770000010728836,0.16200000047683716,0.17499999701976776,0.17499999701976776,1746906
2020-07-14,0.17000000178813934,0.17000000178813934,0.16300000250339508,0.17000000178813934,0.17000000178813934,231691
2020-07-15,0.164000004529953,0.16500000655651093,0.164000004529953,0.16500000655651093,0.16500000655651093,322658
2020-07-16,0.16500000655651093,0.16500000655651093,0.16500000655651093,0.16500000655651093,0.16500000655651093,200000
2020-07-17,0.164000004529953,0.16500000655651093,0.164000004529953,0.16500000655651093,0.16500000655651093,190066
2020-07-20,0.16500000655651093,0.16500000655651093,0.16500000655651093,0.16500000655651093,0.16500000655651093,0
2020-07-21,0.16500000655651093,0.16500000655651093,0.16500000655651093,0.16500000655651093,0.16500000655651093,0
2020-07-22,0.1550000011920929,0.1550000011920929,0.1550000011920929,0.16500000655651093,0.16500000655651093,18558
2020-07-23,0.1509999930858612,0.1599999964237213,0.1509999930858612,0.16500000655651093,0.16500000655651093,29931
2020-07-24,0.16699999570846558,0.17499999701976776,0.15600000321865082,0.16500000655651093,0.16500000655651093,433188
2020-07-27,0.15700000524520874,0.1599999964237213,0.1550000011920929,0.1550000011920929,0.1550000011920929,232425
2020-07-28,0.1509999930858612,0.1509999930858612,0.12999999523162842,0.13600000739097595,0.13600000739097595,50000
2020-07-29,0.1589999943971634,0.1589999943971634,0.15800000727176666,0.1589999943971634,0.1589999943971634,314516
2020-07-30,0.1589999943971634,0.1589999943971634,0.1589999943971634,0.1589999943971634,0.1589999943971634,0
2020-07-31,0.1420000046491623,0.1420000046491623,0.1420000046491623,0.1420000046491623,0.1420000046491623,0
2020-08-03,0.1420000046491623,0.1420000046491623,0.1420000046491623,0.1420000046491623,0.1420000046491623,0
2020-08-04,0.1420000046491623,0.1420000046491623,0.1420000046491623,0.1420000046491623,0.1420000046491623,0
2020-08-05,0.1420000046491623,0.1420000046491623,0.1420000046491623,0.1420000046491623,0.1420000046491623,0
2020-08-06,0.1420000046491623,0.1420000046491623,0.1420000046491623,0.1420000046491623,0.1420000046491623,0
2020-08-07,0.1420000046491623,0.15000000596046448,0.1420000046491623,0.15000000596046448,0.15000000596046448,86762
2020-08-10,0.15000000596046448,0.15000000596046448,0.15000000596046448,0.15000000596046448,0.15000000596046448,0
2020-08-11,0.14100000262260437,0.14100000262260437,0.14100000262260437,0.14100000262260437,0.14100000262260437,15635
2020-08-12,0.1420000046491623,0.1420000046491623,0.1420000046491623,0.1420000046491623,0.1420000046491623,0
2020-08-13,0.14300000667572021,0.14300000667572021,0.14300000667572021,0.14300000667572021,0.14300000667572021,0
2020-08-14,0.14300000667572021,0.14300000667572021,0.14300000667572021,0.14300000667572021,0.14300000667572021,0
2020-08-17,0.14300000667572021,0.14300000667572021,0.14300000667572021,0.14300000667572021,0.14300000667572021,0
2020-08-18,0.14300000667572021,0.14300000667572021,0.14300000667572021,0.14300000667572021,0.14300000667572021,0
2020-08-19,0.1420000046491623,0.1420000046491623,0.1420000046491623,0.1420000046491623,0.1420000046491623,10017
2020-08-20,0.1420000046491623,0.1420000046491623,0.1420000046491623,0.1420000046491623,0.1420000046491623,0
2020-08-21,0.14000000059604645,0.14000000059604645,0.14000000059604645,0.14100000262260437,0.14100000262260437,0
2020-08-24,0.14100000262260437,0.14100000262260437,0.14100000262260437,0.14100000262260437,0.14100000262260437,0
2020-08-25,0.13300000131130219,0.13300000131130219,0.13199999928474426,0.1379999965429306,0.1379999965429306,40000
2020-08-26,0.12999999523162842,0.12999999523162842,0.12999999523162842,0.13600000739097595,0.13600000739097595,24253
2020-08-27,0.13600000739097595,0.13600000739097595,0.13600000739097595,0.13600000739097595,0.13600000739097595,0
2020-08-28,0.12999999523162842,0.13099999725818634,0.12700000405311584,0.13600000739097595,0.13600000739097595,163381
2020-08-31,0.13600000739097595,0.13600000739097595,0.13600000739097595,0.13600000739097595,0.13600000739097595,0
2020-09-01,0.1340000033378601,0.13600000739097595,0.1340000033378601,0.14000000059604645,0.14000000059604645,145778
2020-09-02,0.1340000033378601,0.14000000059604645,0.1340000033378601,0.14000000059604645,0.14000000059604645,43959
2020-09-03,0.12099999934434891,0.13600000739097595,0.11999999731779099,0.13600000739097595,0.13600000739097595,227483
2020-09-04,0.13500000536441803,0.13500000536441803,0.13500000536441803,0.13500000536441803,0.13500000536441803,592541
2020-09-07,0.12399999797344208,0.13500000536441803,0.12399999797344208,0.13500000536441803,0.13500000536441803,33778
2020-09-08,0.13500000536441803,0.13500000536441803,0.13500000536441803,0.13500000536441803,0.13500000536441803,167748
2020-09-09,0.13500000536441803,0.13500000536441803,0.13500000536441803,0.13500000536441803,0.13500000536441803,200563
2020-09-10,0.125,0.13199999928474426,0.125,0.13500000536441803,0.13500000536441803,452818
2020-09-11,0.13500000536441803,0.13500000536441803,0.13500000536441803,0.13500000536441803,0.13500000536441803,0
2020-09-14,0.13500000536441803,0.13500000536441803,0.13300000131130219,0.13500000536441803,0.13500000536441803,150000
2020-09-15,0.13500000536441803,0.13500000536441803,0.13500000536441803,0.13500000536441803,0.13500000536441803,0
2020-09-16,0.1340000033378601,0.1340000033378601,0.1340000033378601,0.1340000033378601,0.1340000033378601,20850
2020-09-17,0.1340000033378601,0.1340000033378601,0.1340000033378601,0.1340000033378601,0.1340000033378601,0
2020-09-18,0.1379999965429306,0.1379999965429306,0.1379999965429306,0.1379999965429306,0.1379999965429306,0
2020-09-21,0.13500000536441803,0.13500000536441803,0.13500000536441803,0.13500000536441803,0.13500000536441803,0
2020-09-22,0.12999999523162842,0.12999999523162842,0.12999999523162842,0.12999999523162842,0.12999999523162842,18086
2020-09-23,0.12200000137090683,0.12200000137090683,0.11999999731779099,0.12200000137090683,0.12200000137090683,40000
2020-09-24,0.12300000339746475,0.12300000339746475,0.12300000339746475,0.12300000339746475,0.12300000339746475,70146
2020-09-25,0.12300000339746475,0.12300000339746475,0.12300000339746475,0.12300000339746475,0.12300000339746475,0
2020-09-28,0.12200000137090683,0.125,0.12200000137090683,0.125,0.125,315635
2020-09-29,0.125,0.125,0.125,0.125,0.125,0
2020-09-30,0.125,0.125,0.125,0.125,0.125,0
2020-10-05,0.11999999731779099,0.12800000607967377,0.11999999731779099,0.12800000607967377,0.12800000607967377,144508
2020-10-06,0.12999999523162842,0.13500000536441803,0.13500000536441803,0.13500000536441803,0.13500000536441803,133812
2020-10-07,0.13300000131130219,0.13500000536441803,0.13300000131130219,0.13500000536441803,0.13500000536441803,30887
2020-10-08,0.13500000536441803,0.13500000536441803,0.13500000536441803,0.13500000536441803,0.13500000536441803,16067
2020-10-09,0.11999999731779099,0.13500000536441803,0.11999999731779099,0.13300000131130219,0.13300000131130219,260000
2020-10-12,0.1340000033378601,0.14000000059604645,0.13500000536441803,0.13600000739097595,0.13600000739097595,206762
2020-10-14,0.12700000405311584,0.13500000536441803,0.12399999797344208,0.13300000131130219,0.13300000131130219,1240000
2020-10-15,0.13199999928474426,0.13199999928474426,0.13199999928474426,0.13199999928474426,0.13199999928474426,0
2020-10-16,0.13199999928474426,0.13199999928474426,0.13199999928474426,0.13199999928474426,0.13199999928474426,0
2020-10-19,0.13199999928474426,0.1599999964237213,0.13199999928474426,0.1550000011920929,0.1550000011920929,2327236
2020-10-20,0.1599999964237213,0.1599999964237213,0.1340000033378601,0.1509999930858612,0.1509999930858612,230112
2020-10-21,0.1599999964237213,0.16899999976158142,0.14499999582767487,0.16500000655651093,0.16500000655651093,1700637
2020-10-22,0.16500000655651093,0.17000000178813934,0.14100000262260437,0.164000004529953,0.164000004529953,334706
2020-10-23,0.16899999976158142,0.17299999296665192,0.14499999582767487,0.14800000190734863,0.14800000190734863,1120000
2020-10-27,0.1550000011920929,0.16599999368190765,0.14800000190734863,0.1599999964237213,0.1599999964237213,188492
2020-10-28,0.15399999916553497,0.17000000178813934,0.15399999916553497,0.1679999977350235,0.1679999977350235,750000
2020-10-29,0.1679999977350235,0.1679999977350235,0.1679999977350235,0.1679999977350235,0.1679999977350235,0
2020-10-30,0.17000000178813934,0.17000000178813934,0.15000000596046448,0.16699999570846558,0.16699999570846558,827469
2020-11-02,0.17000000178813934,0.17000000178813934,0.16200000047683716,0.16699999570846558,0.16699999570846558,996221
2020-11-03,0.1720000058412552,0.17000000178813934,0.1679999977350235,0.17000000178813934,0.17000000178813934,5080000
2020-11-04,0.17399999499320984,0.18000000715255737,0.17000000178813934,0.17499999701976776,0.17499999701976776,11989018
2020-11-05,0.17900000512599945,0.1899999976158142,0.17900000512599945,0.1899999976158142,0.1899999976158142,2331989
2020-11-06,0.1850000023841858,0.1850000023841858,0.18000000715255737,0.18199999630451202,0.18199999630451202,910000
2020-11-09,0.1889999955892563,0.1889999955892563,0.17800000309944153,0.17800000309944153,0.17800000309944153,242515
2020-11-10,0.1679999977350235,0.18299999833106995,0.1679999977350235,0.18299999833106995,0.18299999833106995,135350
2020-11-11,0.18299999833106995,0.1850000023841858,0.18000000715255737,0.18000000715255737,0.18000000715255737,480287
2020-11-12,0.18000000715255737,0.18000000715255737,0.18000000715255737,0.18000000715255737,0.18000000715255737,0
2020-11-13,0.1860000044107437,0.1860000044107437,0.17499999701976776,0.18000000715255737,0.18000000715255737,2112541
2020-11-16,0.18400000035762787,0.18400000035762787,0.18400000035762787,0.18400000035762787,0.18400000035762787,0
2020-11-17,0.1589999943971634,0.17599999904632568,0.1589999943971634,0.17599999904632568,0.17599999904632568,35927
2020-11-18,0.16200000047683716,0.1850000023841858,0.16200000047683716,0.18000000715255737,0.18000000715255737,700450
2020-11-19,0.1809999942779541,0.1860000044107437,0.18000000715255737,0.18000000715255737,0.18000000715255737,88033
2020-11-20,0.17499999701976776,0.17499999701976776,0.17499999701976776,0.17499999701976776,0.17499999701976776,0
2020-11-23,0.1770000010728836,0.1770000010728836,0.1770000010728836,0.1770000010728836,0.1770000010728836,0
2020-11-24,0.17800000309944153,0.17800000309944153,0.1770000010728836,0.1770000010728836,0.1770000010728836,101690
2020-11-25,0.1770000010728836,0.1770000010728836,0.1770000010728836,0.1770000010728836,0.1770000010728836,0
2020-11-26,0.18000000715255737,0.18000000715255737,0.17900000512599945,0.17900000512599945,0.17900000512599945,420000
2020-11-27,0.1809999942779541,0.1809999942779541,0.18000000715255737,0.18000000715255737,0.18000000715255737,442546
2020-11-30,0.18000000715255737,0.1850000023841858,0.18000000715255737,0.18000000715255737,0.18000000715255737,284508
2020-12-01,0.18000000715255737,0.19300000369548798,0.18000000715255737,0.18000000715255737,0.18000000715255737,1073128
2020-12-02,0.1940000057220459,0.1940000057220459,0.18000000715255737,0.18199999630451202,0.18199999630451202,1180563
2020-12-03,0.18199999630451202,0.19499999284744263,0.18199999630451202,0.1899999976158142,0.1899999976158142,500055
2020-12-04,0.18199999630451202,0.1889999955892563,0.18199999630451202,0.1889999955892563,0.1889999955892563,32422
2020-12-07,0.18199999630451202,0.18199999630451202,0.18000000715255737,0.18000000715255737,0.18000000715255737,70000
2020-12-08,0.18000000715255737,0.1809999942779541,0.18000000715255737,0.1809999942779541,0.1809999942779541,120000
2020-12-09,0.18199999630451202,0.18199999630451202,0.18000000715255737,0.18000000715255737,0.18000000715255737,542704
2020-12-10,0.17100000381469727,0.17599999904632568,0.17100000381469727,0.17599999904632568,0.17599999904632568,410000
2020-12-11,0.18000000715255737,0.18400000035762787,0.18000000715255737,0.18400000035762787,0.18400000035762787,224654
2020-12-14,0.18000000715255737,0.1979999989271164,0.18000000715255737,0.1940000057220459,0.1940000057220459,967831
2020-12-15,0.1940000057220459,0.19499999284744263,0.1889999955892563,0.1889999955892563,0.1889999955892563,106909
2020-12-16,0.1860000044107437,0.1860000044107437,0.1850000023841858,0.1850000023841858,0.1850000023841858,181502
2020-12-17,0.1899999976158142,0.1899999976158142,0.1899999976158142,0.1899999976158142,0.1899999976158142,563385
2020-12-18,0.1899999976158142,0.1899999976158142,0.1899999976158142,0.1899999976158142,0.1899999976158142,924508
2020-12-21,0.19499999284744263,0.20499999821186066,0.18799999356269836,0.1889999955892563,0.1889999955892563,4276906
2020-12-22,0.1889999955892563,0.20499999821186066,0.1889999955892563,0.19099999964237213,0.19099999964237213,663381
2020-12-23,0.20000000298023224,0.20499999821186066,0.1899999976158142,0.19499999284744263,0.19499999284744263,1319226
2020-12-24,0.19499999284744263,0.19499999284744263,0.19499999284744263,0.19499999284744263,0.19499999284744263,0
2020-12-28,0.20000000298023224,0.2029999941587448,0.19699999690055847,0.20000000298023224,0.20000000298023224,2575805
2020-12-29,0.20000000298023224,0.20000000298023224,0.19499999284744263,0.19499999284744263,0.19499999284744263,950508
2020-12-30,0.2029999941587448,0.2029999941587448,0.20000000298023224,0.20000000298023224,0.20000000298023224,922254
2020-12-31,0.19300000369548798,0.19300000369548798,0.19300000369548798,0.19300000369548798,0.19300000369548798,0
2021-01-04,0.19900000095367432,0.20900000631809235,0.1899999976158142,0.1899999976158142,0.1899999976158142,2491127
2021-01-05,0.1899999976158142,0.19900000095367432,0.1889999955892563,0.19200000166893005,0.19200000166893005,460000
2021-01-06,0.19499999284744263,0.19499999284744263,0.19300000369548798,0.19300000369548798,0.19300000369548798,149021
2021-01-07,0.1899999976158142,0.1979999989271164,0.1899999976158142,0.19599999487400055,0.19599999487400055,646198
2021-01-08,0.21199999749660492,0.21199999749660492,0.19300000369548798,0.19300000369548798,0.19300000369548798,383944
2021-01-11,0.19099999964237213,0.19499999284744263,0.1889999955892563,0.1889999955892563,0.1889999955892563,512254
2021-01-12,0.19900000095367432,0.20399999618530273,0.1899999976158142,0.1899999976158142,0.1899999976158142,3870231
2021-01-13,0.1899999976158142,0.1940000057220459,0.1899999976158142,0.1899999976158142,0.1899999976158142,258575
2021-01-14,0.1940000057220459,0.1940000057220459,0.18199999630451202,0.18199999630451202,0.18199999630451202,85410
2021-01-15,0.19599999487400055,0.19599999487400055,0.19599999487400055,0.1940000057220459,0.1940000057220459,10281
2021-01-18,0.1940000057220459,0.19900000095367432,0.1850000023841858,0.1899999976158142,0.1899999976158142,2739861
2021-01-19,0.19499999284744263,0.19599999487400055,0.1899999976158142,0.1899999976158142,0.1899999976158142,3421270
2021-01-20,0.1899999976158142,0.1899999976158142,0.18400000035762787,0.1850000023841858,0.1850000023841858,423662
2021-01-21,0.1899999976158142,0.1979999989271164,0.1850000023841858,0.1899999976158142,0.1899999976158142,726762
2021-01-22,0.1850000023841858,0.19200000166893005,0.1850000023841858,0.1899999976158142,0.1899999976158142,571426
2021-01-25,0.1899999976158142,0.20000000298023224,0.18700000643730164,0.18700000643730164,0.18700000643730164,610000
2021-01-26,0.1850000023841858,0.1850000023841858,0.1850000023841858,0.1850000023841858,0.1850000023841858,0
2021-01-27,0.18000000715255737,0.18799999356269836,0.18000000715255737,0.1850000023841858,0.1850000023841858,272254
2021-01-28,0.17599999904632568,0.1850000023841858,0.17599999904632568,0.1850000023841858,0.1850000023841858,620000
2021-01-29,0.18700000643730164,0.20000000298023224,0.18700000643730164,0.20000000298023224,0.20000000298023224,390000
2021-02-01,0.20000000298023224,0.20000000298023224,0.20000000298023224,0.20000000298023224,0.20000000298023224,139667
2021-02-02,0.20399999618530273,0.20499999821186066,0.2029999941587448,0.2029999941587448,0.2029999941587448,2932121
2021-02-03,0.20000000298023224,0.20000000298023224,0.1860000044107437,0.19599999487400055,0.19599999487400055,385231
2021-02-04,0.1809999942779541,0.18400000035762787,0.18000000715255737,0.18400000035762787,0.18400000035762787,390000
2021-02-05,0.1899999976158142,0.19900000095367432,0.1899999976158142,0.19499999284744263,0.19499999284744263,293957
2021-02-08,0.19200000166893005,0.19200000166893005,0.19200000166893005,0.19200000166893005,0.19200000166893005,0
2021-02-09,0.19200000166893005,0.19200000166893005,0.19200000166893005,0.19200000166893005,0.19200000166893005,0
2021-02-10,0.19099999964237213,0.19699999690055847,0.19099999964237213,0.19099999964237213,0.19099999964237213,459591
2021-02-11,0.19499999284744263,0.19499999284744263,0.19499999284744263,0.19499999284744263,0.19499999284744263,0
2021-02-16,0.19499999284744263,0.19499999284744263,0.19099999964237213,0.19599999487400055,0.19599999487400055,986836
2021-02-17,0.19499999284744263,0.19499999284744263,0.19499999284744263,0.19499999284744263,0.19499999284744263,1022100
2021-02-18,0.20399999618530273,0.20399999618530273,0.19499999284744263,0.20399999618530273,0.20399999618530273,1574371
2021-02-19,0.19599999487400055,0.20399999618530273,0.19599999487400055,0.20000000298023224,0.20000000298023224,86905
2021-02-22,0.20000000298023224,0.20499999821186066,0.19499999284744263,0.19900000095367432,0.19900000095367432,2486060
2021-02-23,0.20000000298023224,0.20000000298023224,0.19900000095367432,0.20000000298023224,0.20000000298023224,869624
2021-02-24,0.20000000298023224,0.20499999821186066,0.19900000095367432,0.20499999821186066,0.20499999821186066,1756396
2021-02-25,0.19599999487400055,0.20499999821186066,0.19599999487400055,0.19599999487400055,0.19599999487400055,635081
2021-02-26,0.19599999487400055,0.20000000298023224,0.19499999284744263,0.19499999284744263,0.19499999284744263,4360000
2021-03-01,0.19499999284744263,0.20000000298023224,0.19499999284744263,0.19699999690055847,0.19699999690055847,1542422
2021-03-02,0.19699999690055847,0.20900000631809235,0.19699999690055847,0.20200000703334808,0.20200000703334808,1614057
2021-03-03,0.20200000703334808,0.20499999821186066,0.20000000298023224,0.20499999821186066,0.20499999821186066,1188188
2021-03-04,0.20499999821186066,0.20499999821186066,0.19599999487400055,0.20200000703334808,0.20200000703334808,75635
2021-03-05,0.1979999989271164,0.20200000703334808,0.19699999690055847,0.1979999989271164,0.1979999989271164,172922
2021-03-08,0.1979999989271164,0.20100000500679016,0.19699999690055847,0.19900000095367432,0.19900000095367432,1123691
2021-03-09,0.19900000095367432,0.20499999821186066,0.20000000298023224,0.2029999941587448,0.2029999941587448,610000
2021-03-10,0.2029999941587448,0.20600000023841858,0.2029999941587448,0.20399999618530273,0.20399999618530273,311467
2021-03-11,0.20600000023841858,0.20900000631809235,0.20600000023841858,0.20600000023841858,0.20600000023841858,184770
2021-03-12,0.20900000631809235,0.2199999988079071,0.19900000095367432,0.20499999821186066,0.20499999821186066,1704195
2021-03-15,0.2029999941587448,0.20999999344348907,0.20200000703334808,0.20200000703334808,0.20200000703334808,390638
2021-03-16,0.20200000703334808,0.2199999988079071,0.20200000703334808,0.20600000023841858,0.20600000023841858,1751455
2021-03-17,0.21799999475479126,0.23000000417232513,0.20999999344348907,0.21899999678134918,0.21899999678134918,679298
2021-03-18,0.2199999988079071,0.22100000083446503,0.2199999988079071,0.2199999988079071,0.2199999988079071,330112
2021-03-19,0.20100000500679016,0.23999999463558197,0.20100000500679016,0.2240000069141388,0.2240000069141388,1358595
2021-03-22,0.2199999988079071,0.2409999966621399,0.2199999988079071,0.22699999809265137,0.22699999809265137,353000
2021-03-23,0.22699999809265137,0.23499999940395355,0.22699999809265137,0.22699999809265137,0.22699999809265137,580113
2021-03-24,0.22699999809265137,0.23000000417232513,0.22699999809265137,0.23000000417232513,0.23000000417232513,410000
2021-03-25,0.23000000417232513,0.23800000548362732,0.23000000417232513,0.23800000548362732,0.23800000548362732,540000
2021-03-26,0.2370000034570694,0.2370000034570694,0.2150000035762787,0.2150000035762787,0.2150000035762787,40574
2021-03-29,0.22100000083446503,0.24500000476837158,0.22100000083446503,0.23999999463558197,0.23999999463558197,1374703
2021-03-30,0.23999999463558197,0.24799999594688416,0.23499999940395355,0.24799999594688416,0.24799999594688416,1377608
2021-03-31,0.2460000067949295,0.26499998569488525,0.2409999966621399,0.25999999046325684,0.25999999046325684,6196690
2021-04-01,0.25999999046325684,0.27000001072883606,0.25999999046325684,0.26499998569488525,0.26499998569488525,2997947
2021-04-07,0.27000001072883606,0.27000001072883606,0.25,0.26499998569488525,0.26499998569488525,1215927
2021-04-08,0.26499998569488525,0.26499998569488525,0.25,0.25,0.25,327748
2021-04-09,0.25,0.25999999046325684,0.25,0.2549999952316284,0.2549999952316284,480000
2021-04-12,0.23999999463558197,0.23999999463558197,0.22100000083446503,0.22599999606609344,0.22599999606609344,803668
2021-04-13,0.23000000417232513,0.23499999940395355,0.22499999403953552,0.23000000417232513,0.23000000417232513,320678
2021-04-14,0.22499999403953552,0.23499999940395355,0.22499999403953552,0.22499999403953552,0.22499999403953552,920112
2021-04-15,0.2280000001192093,0.24899999797344208,0.22699999809265137,0.24300000071525574,0.24300000071525574,415635
2021-04-16,0.23999999463558197,0.23999999463558197,0.23999999463558197,0.23999999463558197,0.23999999463558197,0
2021-04-19,0.22100000083446503,0.2549999952316284,0.22100000083446503,0.2549999952316284,0.2549999952316284,149317
2021-04-20,0.23100000619888306,0.2549999952316284,0.23100000619888306,0.2549999952316284,0.2549999952316284,31691
2021-04-21,0.22699999809265137,0.22699999809265137,0.22699999809265137,0.22699999809265137,0.22699999809265137,90218
2021-04-22,0.2280000001192093,0.24899999797344208,0.2280000001192093,0.23000000417232513,0.23000000417232513,200000
2021-04-23,0.23000000417232513,0.23000000417232513,0.23000000417232513,0.23000000417232513,0.23000000417232513,104515
2021-04-26,0.23000000417232513,0.23000000417232513,0.22300000488758087,0.22300000488758087,0.22300000488758087,95635
2021-04-27,0.24699999392032623,0.25,0.23600000143051147,0.23600000143051147,0.23600000143051147,601824
2021-04-28,0.25,0.2549999952316284,0.23000000417232513,0.2549999952316284,0.2549999952316284,392605
2021-04-29,0.25,0.25,0.25,0.24899999797344208,0.24899999797344208,377235
2021-04-30,0.24500000476837158,0.24500000476837158,0.24500000476837158,0.24500000476837158,0.24500000476837158,100000
2021-05-03,0.24500000476837158,0.2750000059604645,0.24500000476837158,0.2549999952316284,0.2549999952316284,1639846
2021-05-04,0.24500000476837158,0.2549999952316284,0.24500000476837158,0.24500000476837158,0.24500000476837158,52541
2021-05-05,0.2800000011920929,0.33000001311302185,0.2800000011920929,0.3199999928474426,0.3199999928474426,22593700
2021-05-06,0.33000001311302185,0.3449999988079071,0.2800000011920929,0.3149999976158142,0.3149999976158142,7305111
2021-05-07,0.28999999165534973,0.3100000023841858,0.28999999165534973,0.3050000071525574,0.3050000071525574,292256
2021-05-10,0.30000001192092896,0.30000001192092896,0.2800000011920929,0.30000001192092896,0.30000001192092896,1571691
2021-05-11,0.2849999964237213,0.30000001192092896,0.2800000011920929,0.30000001192092896,0.30000001192092896,1180000
2021-05-12,0.30000001192092896,0.30000001192092896,0.30000001192092896,0.30000001192092896,0.30000001192092896,0
2021-05-13,0.2849999964237213,0.30000001192092896,0.27000001072883606,0.29499998688697815,0.29499998688697815,1075071
2021-05-14,0.2750000059604645,0.30000001192092896,0.2750000059604645,0.29499998688697815,0.29499998688697815,290001
2021-05-17,0.2800000011920929,0.30000001192092896,0.2800000011920929,0.29499998688697815,0.29499998688697815,110565
2021-05-18,0.30000001192092896,0.3100000023841858,0.29499998688697815,0.29499998688697815,0.29499998688697815,693832
2021-05-20,0.30000001192092896,0.3100000023841858,0.30000001192092896,0.3100000023841858,0.3100000023841858,345184
2021-05-21,0.30000001192092896,0.3050000071525574,0.28999999165534973,0.3050000071525574,0.3050000071525574,503950
2021-05-24,0.3100000023841858,0.3100000023841858,0.30000001192092896,0.3050000071525574,0.3050000071525574,650000
2021-05-25,0.30000001192092896,0.3050000071525574,0.30000001192092896,0.3050000071525574,0.3050000071525574,1150563
2021-05-26,0.3050000071525574,0.3100000023841858,0.2800000011920929,0.30000001192092896,0.30000001192092896,502117
2021-05-27,0.30000001192092896,0.30000001192092896,0.2849999964237213,0.30000001192092896,0.30000001192092896,330000
2021-05-28,0.29499998688697815,0.29499998688697815,0.29499998688697815,0.29499998688697815,0.29499998688697815,0
2021-05-31,0.2849999964237213,0.3100000023841858,0.2849999964237213,0.3100000023841858,0.3100000023841858,50153
2021-06-01,0.3100000023841858,0.3100000023841858,0.28999999165534973,0.30000001192092896,0.30000001192092896,456119
2021-06-02,0.29499998688697815,0.30000001192092896,0.28999999165534973,0.29499998688697815,0.29499998688697815,1990000
2021-06-03,0.29499998688697815,0.3050000071525574,0.28999999165534973,0.28999999165534973,0.28999999165534973,2089324
2021-06-04,0.28999999165534973,0.30000001192092896,0.2800000011920929,0.29499998688697815,0.29499998688697815,1262255
2021-06-07,0.2849999964237213,0.28999999165534973,0.2849999964237213,0.2849999964237213,0.2849999964237213,1183813
2021-06-08,0.2849999964237213,0.28999999165534973,0.2849999964237213,0.2849999964237213,0.2849999964237213,553522
2021-06-09,0.2849999964237213,0.28999999165534973,0.2849999964237213,0.28999999165534973,0.28999999165534973,772112
2021-06-10,0.28999999165534973,0.3149999976158142,0.2849999964237213,0.3100000023841858,0.3100000023841858,346342
2021-06-11,0.3050000071525574,0.3050000071525574,0.3050000071525574,0.3050000071525574,0.3050000071525574,50000
2021-06-15,0.3050000071525574,0.33500000834465027,0.30000001192092896,0.3100000023841858,0.3100000023841858,2611449
2021-06-16,0.3100000023841858,0.3100000023841858,0.28999999165534973,0.29499998688697815,0.29499998688697815,1774168
2021-06-17,0.28999999165534973,0.30000001192092896,0.28999999165534973,0.28999999165534973,0.28999999165534973,1420000
2021-06-18,0.28999999165534973,0.3149999976158142,0.28999999165534973,0.3149999976158142,0.3149999976158142,2141549
2021-06-21,0.3199999928474426,0.3199999928474426,0.3100000023841858,0.3100000023841858,0.3100000023841858,772254
2021-06-22,0.3100000023841858,0.3100000023841858,0.3100000023841858,0.3100000023841858,0.3100000023841858,0
2021-06-23,0.3100000023841858,0.3100000023841858,0.3100000023841858,0.3100000023841858,0.3100000023841858,0
2021-06-24,0.3100000023841858,0.3100000023841858,0.3100000023841858,0.3100000023841858,0.3100000023841858,0
2021-06-25,0.28999999165534973,0.30000001192092896,0.28999999165534973,0.30000001192092896,0.30000001192092896,32116
2021-06-28,0.28999999165534973,0.30000001192092896,0.28999999165534973,0.30000001192092896,0.30000001192092896,20000
2021-06-29,0.28999999165534973,0.28999999165534973,0.28999999165534973,0.28999999165534973,0.28999999165534973,11127
2021-06-30,0.28999999165534973,0.28999999165534973,0.28999999165534973,0.28999999165534973,0.28999999165534973,0
2021-07-02,0.30000001192092896,0.3050000071525574,0.2800000011920929,0.29499998688697815,0.29499998688697815,991127
2021-07-05,0.2800000011920929,0.29499998688697815,0.2800000011920929,0.2800000011920929,0.2800000011920929,414508
2021-07-06,0.2800000011920929,0.28999999165534973,0.2800000011920929,0.2849999964237213,0.2849999964237213,260775
2021-07-07,0.2849999964237213,0.2849999964237213,0.2800000011920929,0.2849999964237213,0.2849999964237213,331608
2021-07-08,0.27000001072883606,0.2849999964237213,0.27000001072883606,0.2849999964237213,0.2849999964237213,200000
2021-07-09,0.2849999964237213,0.30000001192092896,0.2750000059604645,0.2750000059604645,0.2750000059604645,2700563
2021-07-12,0.2849999964237213,0.29499998688697815,0.2800000011920929,0.2800000011920929,0.2800000011920929,520000
2021-07-13,0.2800000011920929,0.28999999165534973,0.2750000059604645,0.2750000059604645,0.2750000059604645,653104
2021-07-14,0.2800000011920929,0.2849999964237213,0.2750000059604645,0.2750000059604645,0.2750000059604645,621132
2021-07-15,0.2750000059604645,0.2849999964237213,0.2750000059604645,0.2849999964237213,0.2849999964237213,790000
2021-07-16,0.2750000059604645,0.2849999964237213,0.2750000059604645,0.2849999964237213,0.2849999964237213,1990563
2021-07-19,0.2849999964237213,0.28999999165534973,0.27000001072883606,0.2849999964237213,0.2849999964237213,2514795
2021-07-20,0.2750000059604645,0.2849999964237213,0.27000001072883606,0.2800000011920929,0.2800000011920929,4292541
2021-07-21,0.2800000011920929,0.2849999964237213,0.2800000011920929,0.2800000011920929,0.2800000011920929,4220564
2021-07-22,0.2750000059604645,0.2750000059604645,0.24199999868869781,0.24899999797344208,0.24899999797344208,4375091
2021-07-23,0.25,0.25999999046325684,0.24899999797344208,0.25,0.25,9480002
2021-07-26,0.25,0.2549999952316284,0.2409999966621399,0.24799999594688416,0.24799999594688416,12830000
2021-07-27,0.24799999594688416,0.25,0.24300000071525574,0.25,0.25,19210000
2021-07-28,0.24500000476837158,0.25,0.24300000071525574,0.24699999392032623,0.24699999392032623,2279044
2021-07-29,0.24400000274181366,0.24899999797344208,0.24300000071525574,0.24799999594688416,0.24799999594688416,1330000
2021-07-30,0.25,0.25,0.24300000071525574,0.24300000071525574,0.24300000071525574,2401292
2021-08-02,0.23600000143051147,0.24500000476837158,0.23499999940395355,0.24300000071525574,0.24300000071525574,1723637
2021-08-03,0.2329999953508377,0.23600000143051147,0.2199999988079071,0.23600000143051147,0.23600000143051147,1749590
2021-08-04,0.23999999463558197,0.2460000067949295,0.23000000417232513,0.23600000143051147,0.23600000143051147,6731280
2021-08-05,0.24400000274181366,0.2460000067949295,0.24400000274181366,0.2460000067949295,0.2460000067949295,5143944
2021-08-06,0.2549999952316284,0.2549999952316284,0.23999999463558197,0.24300000071525574,0.24300000071525574,2334119
2021-08-09,0.23000000417232513,0.2460000067949295,0.23000000417232513,0.2409999966621399,0.2409999966621399,3130000
2021-08-10,0.23199999332427979,0.2460000067949295,0.23199999332427979,0.2460000067949295,0.2460000067949295,3548043
2021-08-11,0.2460000067949295,0.2549999952316284,0.2460000067949295,0.24699999392032623,0.24699999392032623,4031240
2021-08-12,0.2460000067949295,0.2549999952316284,0.23999999463558197,0.23999999463558197,0.23999999463558197,3030000
2021-08-13,0.23899999260902405,0.24400000274181366,0.23600000143051147,0.23999999463558197,0.23999999463558197,1410338
2021-08-16,0.23999999463558197,0.23999999463558197,0.23999999463558197,0.23999999463558197,0.23999999463558197,0
2021-08-17,0.23800000548362732,0.25,0.23800000548362732,0.25,0.25,2570000
2021-08-18,0.25,0.25,0.25,0.25,0.25,430000
2021-08-19,0.25,0.25,0.25,0.25,0.25,0
2021-08-20,0.23800000548362732,0.23800000548362732,0.23100000619888306,0.23800000548362732,0.23800000548362732,41414
2021-08-23,0.23800000548362732,0.24899999797344208,0.23499999940395355,0.23499999940395355,0.23499999940395355,321127
2021-08-24,0.23499999940395355,0.23499999940395355,0.23499999940395355,0.23499999940395355,0.23499999940395355,0
2021-08-25,0.23600000143051147,0.23600000143051147,0.23600000143051147,0.23600000143051147,0.23600000143051147,0
2021-08-26,0.23600000143051147,0.23600000143051147,0.23600000143051147,0.23600000143051147,0.23600000143051147,0
2021-08-27,0.23600000143051147,0.23600000143051147,0.23600000143051147,0.23600000143051147,0.23600000143051147,0
2021-08-30,0.23600000143051147,0.23999999463558197,0.23499999940395355,0.23999999463558197,0.23999999463558197,2350000
2021-08-31,0.23899999260902405,0.23899999260902405,0.23899999260902405,0.23899999260902405,0.23899999260902405,0
2021-09-01,0.23800000548362732,0.23800000548362732,0.23800000548362732,0.23800000548362732,0.23800000548362732,0
2021-09-02,0.23899999260902405,0.23999999463558197,0.23899999260902405,0.23999999463558197,0.23999999463558197,183944
2021-09-03,0.2329999953508377,0.2329999953508377,0.2329999953508377,0.2329999953508377,0.2329999953508377,10500
2021-09-06,0.2329999953508377,0.2329999953508377,0.23199999332427979,0.23199999332427979,0.23199999332427979,61271
2021-09-07,0.23199999332427979,0.23199999332427979,0.23199999332427979,0.23199999332427979,0.23199999332427979,0
2021-09-08,0.23000000417232513,0.23000000417232513,0.23000000417232513,0.23000000417232513,0.23000000417232513,11431
2021-09-09,0.23000000417232513,0.23000000417232513,0.23000000417232513,0.23000000417232513,0.23000000417232513,91127
2021-09-10,0.23999999463558197,0.23999999463558197,0.23999999463558197,0.23999999463558197,0.23999999463558197,0
2021-09-13,0.23999999463558197,0.24899999797344208,0.23999999463558197,0.24899999797344208,0.24899999797344208,24508
2021-09-14,0.24899999797344208,0.24899999797344208,0.24899999797344208,0.24899999797344208,0.24899999797344208,0
2021-09-15,0.24899999797344208,0.24899999797344208,0.24899999797344208,0.24899999797344208,0.24899999797344208,50000
2021-09-16,0.23999999463558197,0.2409999966621399,0.23999999463558197,0.23999999463558197,0.23999999463558197,102254
2021-09-17,0.23199999332427979,0.23199999332427979,0.23199999332427979,0.23199999332427979,0.23199999332427979,0
2021-09-20,0.22200000286102295,0.2240000069141388,0.20000000298023224,0.20999999344348907,0.20999999344348907,1100000
2021-09-21,0.20100000500679016,0.20100000500679016,0.20100000500679016,0.20100000500679016,0.20100000500679016,0
2021-09-23,0.2199999988079071,0.2199999988079071,0.2199999988079071,0.2199999988079071,0.2199999988079071,0
2021-09-24,0.2199999988079071,0.2199999988079071,0.2199999988079071,0.2199999988079071,0.2199999988079071,40000
2021-09-27,0.2199999988079071,0.2199999988079071,0.2199999988079071,0.2199999988079071,0.2199999988079071,300000
2021-09-28,0.20200000703334808,0.21699999272823334,0.20200000703334808,0.2150000035762787,0.2150000035762787,800817
2021-09-29,0.2199999988079071,0.2199999988079071,0.21899999678134918,0.2199999988079071,0.2199999988079071,1100000
2021-09-30,0.2199999988079071,0.2199999988079071,0.2199999988079071,0.2199999988079071,0.2199999988079071,1072592
2021-10-04,0.2199999988079071,0.2199999988079071,0.2199999988079071,0.2199999988079071,0.2199999988079071,1040000
2021-10-05,0.20999999344348907,0.22100000083446503,0.20999999344348907,0.22100000083446503,0.22100000083446503,2530002
2021-10-06,0.21199999749660492,0.22300000488758087,0.21199999749660492,0.22100000083446503,0.22100000083446503,23772817
2021-10-07,0.2199999988079071,0.23000000417232513,0.2199999988079071,0.23000000417232513,0.23000000417232513,4680150
2021-10-08,0.23199999332427979,0.23199999332427979,0.2240000069141388,0.22599999606609344,0.22599999606609344,2000000
2021-10-11,0.20999999344348907,0.21799999475479126,0.20999999344348907,0.21299999952316284,0.21299999952316284,1732255
2021-10-12,0.20800000429153442,0.22200000286102295,0.20800000429153442,0.2199999988079071,0.2199999988079071,2550000
2021-10-15,0.2199999988079071,0.22599999606609344,0.2199999988079071,0.2199999988079071,0.2199999988079071,2870000
2021-10-18,0.2199999988079071,0.22499999403953552,0.2199999988079071,0.22499999403953552,0.22499999403953552,1730000
2021-10-19,0.21299999952316284,0.22499999403953552,0.210999995470047,0.22300000488758087,0.22300000488758087,1610000
2021-10-20,0.22200000286102295,0.22300000488758087,0.21799999475479126,0.21799999475479126,0.21799999475479126,2030569
2021-10-21,0.21799999475479126,0.2199999988079071,0.21799999475479126,0.2199999988079071,0.2199999988079071,1456199
2021-10-22,0.2160000056028366,0.21899999678134918,0.2150000035762787,0.21799999475479126,0.21799999475479126,2401127
2021-10-25,0.21299999952316284,0.21899999678134918,0.21299999952316284,0.2160000056028366,0.2160000056028366,2978737
2021-10-26,0.21400000154972076,0.2240000069141388,0.21299999952316284,0.21899999678134918,0.21899999678134918,1820000
2021-10-27,0.21899999678134918,0.2199999988079071,0.21799999475479126,0.21899999678134918,0.21899999678134918,1012254
2021-10-28,0.21799999475479126,0.21899999678134918,0.21699999272823334,0.21799999475479126,0.21799999475479126,3700000
2021-10-29,0.21799999475479126,0.21899999678134918,0.21799999475479126,0.21799999475479126,0.21799999475479126,2060000
2021-11-01,0.21299999952316284,0.21699999272823334,0.21199999749660492,0.21699999272823334,0.21699999272823334,2180000
2021-11-02,0.21699999272823334,0.21799999475479126,0.21699999272823334,0.21799999475479126,0.21799999475479126,2011466
2021-11-03,0.21799999475479126,0.2199999988079071,0.2160000056028366,0.21699999272823334,0.21699999272823334,2211127
2021-11-04,0.21699999272823334,0.21799999475479126,0.2160000056028366,0.21699999272823334,0.21699999272823334,2020863
2021-11-05,0.21699999272823334,0.21799999475479126,0.21699999272823334,0.21699999272823334,0.21699999272823334,1013245
2021-11-08,0.21199999749660492,0.21400000154972076,0.20900000631809235,0.20900000631809235,0.20900000631809235,3942141
2021-11-09,0.21199999749660492,0.21299999952316284,0.20499999821186066,0.20499999821186066,0.20499999821186066,630676
2021-11-10,0.20900000631809235,0.20999999344348907,0.20800000429153442,0.20900000631809235,0.20900000631809235,1641690
2021-11-11,0.20800000429153442,0.20800000429153442,0.2070000022649765,0.2070000022649765,0.2070000022649765,2040001
2021-11-12,0.20000000298023224,0.2070000022649765,0.20000000298023224,0.2070000022649765,0.2070000022649765,2520005
2021-11-15,0.20399999618530273,0.20600000023841858,0.20399999618530273,0.20499999821186066,0.20499999821186066,1020029
2021-11-16,0.20000000298023224,0.20399999618530273,0.20000000298023224,0.2029999941587448,0.2029999941587448,1242818
2021-11-17,0.20600000023841858,0.20600000023841858,0.19900000095367432,0.20399999618530273,0.20399999618530273,2145248
2021-11-18,0.1979999989271164,0.20200000703334808,0.19300000369548798,0.19300000369548798,0.19300000369548798,3113944
2021-11-19,0.19300000369548798,0.20000000298023224,0.19300000369548798,0.19900000095367432,0.19900000095367432,2121549
2021-11-22,0.20000000298023224,0.20000000298023224,0.1940000057220459,0.19599999487400055,0.19599999487400055,1390000
2021-11-23,0.19599999487400055,0.1979999989271164,0.19599999487400055,0.19699999690055847,0.19699999690055847,3700025
2021-11-24,0.19699999690055847,0.1979999989271164,0.19300000369548798,0.1940000057220459,0.1940000057220459,3580000
2021-11-25,0.19900000095367432,0.19900000095367432,0.19599999487400055,0.19699999690055847,0.19699999690055847,4321723
2021-11-26,0.19499999284744263,0.20000000298023224,0.19499999284744263,0.19900000095367432,0.19900000095367432,640000
2021-11-29,0.1940000057220459,0.19900000095367432,0.19699999690055847,0.19699999690055847,0.19699999690055847,7020000
2021-11-30,0.1940000057220459,0.19599999487400055,0.1940000057220459,0.19599999487400055,0.19599999487400055,1030000
2021-12-01,0.19200000166893005,0.19200000166893005,0.19200000166893005,0.19200000166893005,0.19200000166893005,0
2021-12-02,0.19599999487400055,0.19599999487400055,0.19599999487400055,0.19599999487400055,0.19599999487400055,50000
2021-12-03,0.1940000057220459,0.19499999284744263,0.1940000057220459,0.1940000057220459,0.1940000057220459,420250
2021-12-06,0.1940000057220459,0.1940000057220459,0.1940000057220459,0.1940000057220459,0.1940000057220459,0
2021-12-07,0.1940000057220459,0.1940000057220459,0.1940000057220459,0.1940000057220459,0.1940000057220459,0
2021-12-08,0.19300000369548798,0.19300000369548798,0.19300000369548798,0.19300000369548798,0.19300000369548798,0
2021-12-09,0.19300000369548798,0.1940000057220459,0.19300000369548798,0.19300000369548798,0.19300000369548798,510000
2021-12-10,0.19300000369548798,0.1940000057220459,0.18400000035762787,0.19200000166893005,0.19200000166893005,2210002
2021-12-13,0.19200000166893005,0.19300000369548798,0.1899999976158142,0.1899999976158142,0.1899999976158142,3330000
2021-12-14,0.1899999976158142,0.1899999976158142,0.1899999976158142,0.1899999976158142,0.1899999976158142,0
2021-12-15,0.18400000035762787,0.18799999356269836,0.18299999833106995,0.18299999833106995,0.18299999833106995,1074233
2021-12-16,0.1850000023841858,0.19200000166893005,0.18400000035762787,0.18400000035762787,0.18400000035762787,1031194
2021-12-17,0.18400000035762787,0.1850000023841858,0.18000000715255737,0.1850000023841858,0.1850000023841858,1630000
2021-12-20,0.18000000715255737,0.18299999833106995,0.17499999701976776,0.18199999630451202,0.18199999630451202,630000
2021-12-21,0.18000000715255737,0.18000000715255737,0.18000000715255737,0.18000000715255737,0.18000000715255737,0
2021-12-22,0.18199999630451202,0.18199999630451202,0.18000000715255737,0.1809999942779541,0.1809999942779541,1520000
2021-12-23,0.1809999942779541,0.18199999630451202,0.1809999942779541,0.18199999630451202,0.18199999630451202,1080000
2021-12-24,0.18199999630451202,0.18199999630451202,0.18199999630451202,0.18199999630451202,0.18199999630451202,500000
2021-12-28,0.1770000010728836,0.18299999833106995,0.1770000010728836,0.18199999630451202,0.18199999630451202,1146708
2021-12-29,0.18199999630451202,0.18199999630451202,0.18199999630451202,0.18199999630451202,0.18199999630451202,0
2021-12-30,0.18299999833106995,0.1850000023841858,0.18299999833106995,0.1850000023841858,0.1850000023841858,1210000
2021-12-31,0.17599999904632568,0.18700000643730164,0.17499999701976776,0.18700000643730164,0.18700000643730164,1041127
2022-01-03,0.18700000643730164,0.18700000643730164,0.18700000643730164,0.18700000643730164,0.18700000643730164,0
2022-01-04,0.17800000309944153,0.17800000309944153,0.1770000010728836,0.1770000010728836,0.1770000010728836,122295
2022-01-05,0.17599999904632568,0.17599999904632568,0.17499999701976776,0.17499999701976776,0.17499999701976776,30144
2022-01-06,0.17499999701976776,0.17499999701976776,0.17499999701976776,0.17499999701976776,0.17499999701976776,0
2022-01-07,0.17499999701976776,0.17499999701976776,0.17499999701976776,0.17499999701976776,0.17499999701976776,0
2022-01-10,0.17499999701976776,0.17499999701976776,0.17499999701976776,0.17499999701976776,0.17499999701976776,14309
2022-01-11,0.17000000178813934,0.17100000381469727,0.17000000178813934,0.17000000178813934,0.17000000178813934,80000
2022-01-12,0.17000000178813934,0.17000000178813934,0.17000000178813934,0.17000000178813934,0.17000000178813934,0
2022-01-13,0.15299999713897705,0.17000000178813934,0.15299999713897705,0.17000000178813934,0.17000000178813934,52541
2022-01-14,0.16200000047683716,0.164000004529953,0.16200000047683716,0.164000004529953,0.164000004529953,25635
2022-01-17,0.16899999976158142,0.1720000058412552,0.16899999976158142,0.1720000058412552,0.1720000058412552,1520000
2022-01-18,0.16200000047683716,0.1809999942779541,0.16200000047683716,0.17499999701976776,0.17499999701976776,1411127
2022-01-19,0.1809999942779541,0.18199999630451202,0.17599999904632568,0.17800000309944153,0.17800000309944153,1440000
2022-01-20,0.18400000035762787,0.1860000044107437,0.17900000512599945,0.18199999630451202,0.18199999630451202,1232542
2022-01-21,0.18199999630451202,0.18199999630451202,0.1809999942779541,0.1809999942779541,0.1809999942779541,1305635
2022-01-24,0.18000000715255737,0.1809999942779541,0.18000000715255737,0.1809999942779541,0.1809999942779541,1400000
2022-01-25,0.17499999701976776,0.1809999942779541,0.17499999701976776,0.1809999942779541,0.1809999942779541,1510037
2022-01-26,0.18000000715255737,0.18400000035762787,0.18000000715255737,0.18199999630451202,0.18199999630451202,1884508
2022-01-27,0.18199999630451202,0.18199999630451202,0.18199999630451202,0.18199999630451202,0.18199999630451202,0
2022-01-28,0.18199999630451202,0.18199999630451202,0.18199999630451202,0.18199999630451202,0.18199999630451202,0
2022-01-31,0.18199999630451202,0.18199999630451202,0.18199999630451202,0.18199999630451202,0.18199999630451202,0
2022-02-04,0.18400000035762787,0.1850000023841858,0.18000000715255737,0.18000000715255737,0.18000000715255737,210563
2022-02-07,0.18000000715255737,0.18000000715255737,0.18000000715255737,0.18000000715255737,0.18000000715255737,0
2022-02-08,0.1679999977350235,0.1679999977350235,0.16599999368190765,0.16599999368190765,0.16599999368190765,25073
2022-02-09,0.16699999570846558,0.16699999570846558,0.16699999570846558,0.16699999570846558,0.16699999570846558,0
2022-02-10,0.16599999368190765,0.1679999977350235,0.16599999368190765,0.16599999368190765,0.16599999368190765,47371
2022-02-11,0.16500000655651093,0.16500000655651093,0.16500000655651093,0.16500000655651093,0.16500000655651093,350000
2022-02-14,0.16500000655651093,0.16500000655651093,0.16500000655651093,0.16500000655651093,0.16500000655651093,0
2022-02-15,0.16500000655651093,0.16500000655651093,0.16500000655651093,0.16500000655651093,0.16500000655651093,0
2022-02-16,0.16500000655651093,0.16500000655651093,0.16500000655651093,0.16500000655651093,0.16500000655651093,0
2022-02-17,0.16500000655651093,0.16500000655651093,0.16500000655651093,0.16500000655651093,0.16500000655651093,0
2022-02-18,0.16500000655651093,0.16500000655651093,0.1599999964237213,0.1599999964237213,0.1599999964237213,532419
2022-02-21,0.15700000524520874,0.1599999964237213,0.15700000524520874,0.15800000727176666,0.15800000727176666,310000
2022-02-22,0.15800000727176666,0.15800000727176666,0.15600000321865082,0.15600000321865082,0.15600000321865082,953948
2022-02-23,0.15600000321865082,0.15600000321865082,0.15600000321865082,0.15600000321865082,0.15600000321865082,14270
2022-02-24,0.15600000321865082,0.15600000321865082,0.15600000321865082,0.15600000321865082,0.15600000321865082,0
2022-02-25,0.15600000321865082,0.15600000321865082,0.15600000321865082,0.15600000321865082,0.15600000321865082,160113
2022-02-28,0.15600000321865082,0.15600000321865082,0.15600000321865082,0.15600000321865082,0.15600000321865082,0
2022-03-01,0.1420000046491623,0.15000000596046448,0.1420000046491623,0.14800000190734863,0.14800000190734863,277824
2022-03-02,0.1469999998807907,0.1469999998807907,0.1469999998807907,0.1469999998807907,0.1469999998807907,0
2022-03-03,0.14800000190734863,0.14800000190734863,0.14800000190734863,0.1469999998807907,0.1469999998807907,42541
2022-03-04,0.1469999998807907,0.1469999998807907,0.1469999998807907,0.1469999998807907,0.1469999998807907,280000
2022-03-07,0.1469999998807907,0.1469999998807907,0.1469999998807907,0.1469999998807907,0.1469999998807907,0
2022-03-08,0.1469999998807907,0.1469999998807907,0.1469999998807907,0.1469999998807907,0.1469999998807907,0
2022-03-09,0.1469999998807907,0.1469999998807907,0.1469999998807907,0.1469999998807907,0.1469999998807907,0
2022-03-10,0.14499999582767487,0.14499999582767487,0.14499999582767487,0.14499999582767487,0.14499999582767487,40000
2022-03-11,0.14300000667572021,0.14300000667572021,0.13099999725818634,0.13500000536441803,0.13500000536441803,170000
2022-03-14,0.13300000131130219,0.13500000536441803,0.13300000131130219,0.13199999928474426,0.13199999928474426,130000
2022-03-15,0.12999999523162842,0.12999999523162842,0.12999999523162842,0.12999999523162842,0.12999999523162842,40000
2022-03-16,0.11999999731779099,0.12600000202655792,0.11100000143051147,0.11100000143051147,0.11100000143051147,427127
2022-03-17,0.11999999731779099,0.11999999731779099,0.11999999731779099,0.11999999731779099,0.11999999731779099,0
2022-03-18,0.12999999523162842,0.12999999523162842,0.12999999523162842,0.12999999523162842,0.12999999523162842,0
2022-03-21,0.14000000059604645,0.14000000059604645,0.14000000059604645,0.14000000059604645,0.14000000059604645,0
2022-03-22,0.14000000059604645,0.15000000596046448,0.14000000059604645,0.15000000596046448,0.15000000596046448,30568
2022-03-23,0.15000000596046448,0.15000000596046448,0.15000000596046448,0.15000000596046448,0.15000000596046448,0
2022-03-24,0.14900000393390656,0.14900000393390656,0.14900000393390656,0.14900000393390656,0.14900000393390656,0
2022-03-25,0.14900000393390656,0.14900000393390656,0.14900000393390656,0.14900000393390656,0.14900000393390656,0
2022-03-28,0.13099999725818634,0.13500000536441803,0.13099999725818634,0.14000000059604645,0.14000000059604645,80565
2022-03-29,0.14000000059604645,0.14000000059604645,0.14000000059604645,0.14000000059604645,0.14000000059604645,0
2022-03-30,0.14399999380111694,0.1550000011920929,0.14399999380111694,0.1550000011920929,0.1550000011920929,130000
2022-03-31,0.14100000262260437,0.15399999916553497,0.14000000059604645,0.15399999916553497,0.15399999916553497,82080
2022-04-01,0.1599999964237213,0.1599999964237213,0.1599999964237213,0.1599999964237213,0.1599999964237213,0
2022-04-04,0.17000000178813934,0.17000000178813934,0.17000000178813934,0.17000000178813934,0.17000000178813934,0
2022-04-06,0.18000000715255737,0.18000000715255737,0.18000000715255737,0.18000000715255737,0.18000000715255737,50000
2022-04-07,0.18000000715255737,0.1850000023841858,0.18000000715255737,0.1850000023841858,0.1850000023841858,10270000
2022-04-08,0.18799999356269836,0.18799999356269836,0.18799999356269836,0.18799999356269836,0.18799999356269836,0
2022-04-11,0.1679999977350235,0.1679999977350235,0.1679999977350235,0.17000000178813934,0.17000000178813934,13524
2022-04-12,0.17000000178813934,0.17000000178813934,0.17000000178813934,0.17000000178813934,0.17000000178813934,50000
2022-04-13,0.17000000178813934,0.17000000178813934,0.17000000178813934,0.17000000178813934,0.17000000178813934,0
2022-04-14,0.17000000178813934,0.17000000178813934,0.17000000178813934,0.17000000178813934,0.17000000178813934,0
2022-04-19,0.15600000321865082,0.15600000321865082,0.15600000321865082,0.15600000321865082,0.15600000321865082,0
2022-04-20,0.15000000596046448,0.15600000321865082,0.15000000596046448,0.15600000321865082,0.15600000321865082,20000
2022-04-21,0.15600000321865082,0.15600000321865082,0.15600000321865082,0.15600000321865082,0.15600000321865082,0
2022-04-22,0.15600000321865082,0.15600000321865082,0.15600000321865082,0.15600000321865082,0.15600000321865082,0
2022-04-25,0.15700000524520874,0.15700000524520874,0.15600000321865082,0.15600000321865082,0.15600000321865082,970225
2022-04-26,0.15600000321865082,0.15600000321865082,0.15600000321865082,0.15600000321865082,0.15600000321865082,0
2022-04-27,0.15700000524520874,0.15700000524520874,0.15700000524520874,0.15700000524520874,0.15700000524520874,8080000
2022-04-28,0.15700000524520874,0.15700000524520874,0.15700000524520874,0.15700000524520874,0.15700000524520874,10000000
2022-04-29,0.15700000524520874,0.15800000727176666,0.15600000321865082,0.15600000321865082,0.15600000321865082,7152266
2022-05-03,0.15700000524520874,0.15700000524520874,0.15700000524520874,0.15700000524520874,0.15700000524520874,18668
2022-05-04,0.15700000524520874,0.16899999976158142,0.15700000524520874,0.15700000524520874,0.15700000524520874,160000
2022-05-05,0.17000000178813934,0.17000000178813934,0.17000000178813934,0.17000000178813934,0.17000000178813934,0
2022-05-06,0.15700000524520874,0.1850000023841858,0.15700000524520874,0.18400000035762787,0.18400000035762787,1402254
2022-05-10,0.1850000023841858,0.20000000298023224,0.1850000023841858,0.20000000298023224,0.20000000298023224,210000
2022-05-11,0.20000000298023224,0.23000000417232513,0.20000000298023224,0.2290000021457672,0.2290000021457672,1820000
2022-05-12,0.22499999403953552,0.22499999403953552,0.22499999403953552,0.22499999403953552,0.22499999403953552,0
2022-05-13,0.22499999403953552,0.22499999403953552,0.22499999403953552,0.22499999403953552,0.22499999403953552,0
2022-05-16,0.22499999403953552,0.22499999403953552,0.22499999403953552,0.22499999403953552,0.22499999403953552,0
2022-05-17,0.22499999403953552,0.22499999403953552,0.22499999403953552,0.22499999403953552,0.22499999403953552,0
2022-05-18,0.15000000596046448,0.18199999630451202,0.15000000596046448,0.18199999630451202,0.18199999630451202,26906
2022-05-19,0.18199999630451202,0.18199999630451202,0.18199999630451202,0.18199999630451202,0.18199999630451202,0
2022-05-20,0.1809999942779541,0.1809999942779541,0.1809999942779541,0.1809999942779541,0.1809999942779541,0
2022-05-23,0.17499999701976776,0.17800000309944153,0.17399999499320984,0.17399999499320984,0.17399999499320984,130933
2022-05-24,0.15700000524520874,0.164000004529953,0.15700000524520874,0.1599999964237213,0.1599999964237213,210000
2022-05-25,0.15800000727176666,0.15800000727176666,0.15800000727176666,0.15800000727176666,0.15800000727176666,0
2022-05-26,0.15800000727176666,0.15800000727176666,0.15000000596046448,0.1550000011920929,0.1550000011920929,320000
2022-05-27,0.1550000011920929,0.1550000011920929,0.1550000011920929,0.1550000011920929,0.1550000011920929,0
2022-05-30,0.1550000011920929,0.1550000011920929,0.1550000011920929,0.1550000011920929,0.1550000011920929,0
2022-05-31,0.1550000011920929,0.1550000011920929,0.1550000011920929,0.1550000011920929,0.1550000011920929,0
2022-06-01,0.1550000011920929,0.1550000011920929,0.1550000011920929,0.1550000011920929,0.1550000011920929,0
2022-06-02,0.1550000011920929,0.1550000011920929,0.1550000011920929,0.1550000011920929,0.1550000011920929,0
2022-06-06,0.1550000011920929,0.1550000011920929,0.1550000011920929,0.1550000011920929,0.1550000011920929,0
2022-06-07,0.1550000011920929,0.1550000011920929,0.1550000011920929,0.1550000011920929,0.1550000011920929,0
2022-06-08,0.1550000011920929,0.1550000011920929,0.1550000011920929,0.1550000011920929,0.1550000011920929,0
2022-06-09,0.15000000596046448,0.15000000596046448,0.15000000596046448,0.15000000596046448,0.15000000596046448,21155
2022-06-10,0.15000000596046448,0.15000000596046448,0.15000000596046448,0.15000000596046448,0.15000000596046448,56353
2022-06-13,0.15000000596046448,0.15000000596046448,0.15000000596046448,0.15000000596046448,0.15000000596046448,55564
2022-06-14,0.15000000596046448,0.15000000596046448,0.15000000596046448,0.15000000596046448,0.15000000596046448,0
2022-06-15,0.15199999511241913,0.1550000011920929,0.15199999511241913,0.1550000011920929,0.1550000011920929,4000000
2022-06-16,0.15399999916553497,0.15399999916553497,0.15399999916553497,0.15399999916553497,0.15399999916553497,3801834
2022-06-17,0.15600000321865082,0.15600000321865082,0.15600000321865082,0.15600000321865082,0.15600000321865082,4001127
2022-06-20,0.15800000727176666,0.1589999943971634,0.1340000033378601,0.1589999943971634,0.1589999943971634,3260000
2022-06-21,0.16500000655651093,0.16500000655651093,0.1550000011920929,0.1550000011920929,0.1550000011920929,240708
2022-06-22,0.1550000011920929,0.1550000011920929,0.1550000011920929,0.1550000011920929,0.1550000011920929,20000
2022-06-23,0.1509999930858612,0.1509999930858612,0.1509999930858612,0.1509999930858612,0.1509999930858612,0
2022-06-24,0.15000000596046448,0.15000000596046448,0.15000000596046448,0.15000000596046448,0.15000000596046448,10676
2022-06-27,0.15000000596046448,0.15000000596046448,0.13099999725818634,0.14300000667572021,0.14300000667572021,166772
2022-06-28,0.14300000667572021,0.14300000667572021,0.14300000667572021,0.14300000667572021,0.14300000667572021,0
2022-06-29,0.14300000667572021,0.14300000667572021,0.14300000667572021,0.14300000667572021,0.14300000667572021,0
2022-06-30,0.13500000536441803,0.13699999451637268,0.13199999928474426,0.13699999451637268,0.13699999451637268,306354
2022-07-04,0.13300000131130219,0.13300000131130219,0.13300000131130219,0.13300000131130219,0.13300000131130219,0
2022-07-05,0.13300000131130219,0.13300000131130219,0.13300000131130219,0.13300000131130219,0.13300000131130219,0
2022-07-06,0.12999999523162842,0.12999999523162842,0.12999999523162842,0.12999999523162842,0.12999999523162842,600564
2022-07-07,0.12999999523162842,0.14000000059604645,0.12999999523162842,0.14000000059604645,0.14000000059604645,3276588
2022-07-08,0.1379999965429306,0.14000000059604645,0.12999999523162842,0.14000000059604645,0.14000000059604645,2561477
2022-07-11,0.14000000059604645,0.14000000059604645,0.14000000059604645,0.14000000059604645,0.14000000059604645,0
2022-07-12,0.12999999523162842,0.1420000046491623,0.12999999523162842,0.13500000536441803,0.13500000536441803,211328
2022-07-13,0.13500000536441803,0.13500000536441803,0.13500000536441803,0.13500000536441803,0.13500000536441803,0
2022-07-14,0.13500000536441803,0.13500000536441803,0.13500000536441803,0.13500000536441803,0.13500000536441803,0
2022-07-15,0.12999999523162842,0.12999999523162842,0.1289999932050705,0.1289999932050705,0.1289999932050705,34289
2022-07-18,0.14000000059604645,0.14000000059604645,0.14000000059604645,0.14000000059604645,0.14000000059604645,0
2022-07-19,0.14000000059604645,0.14000000059604645,0.14000000059604645,0.14000000059604645,0.14000000059604645,0
2022-07-20,0.14000000059604645,0.14000000059604645,0.14000000059604645,0.14000000059604645,0.14000000059604645,52254
2022-07-21,0.13199999928474426,0.13199999928474426,0.13199999928474426,0.13199999928474426,0.13199999928474426,27748
2022-07-22,0.13099999725818634,0.13099999725818634,0.13099999725818634,0.13099999725818634,0.13099999725818634,0
2022-07-25,0.14000000059604645,0.14000000059604645,0.14000000059604645,0.14000000059604645,0.14000000059604645,0
2022-07-26,0.13199999928474426,0.13199999928474426,0.13199999928474426,0.13199999928474426,0.13199999928474426,28904
2022-07-27,0.13099999725818634,0.13099999725818634,0.13099999725818634,0.13099999725818634,0.13099999725818634,10620
2022-07-28,0.13300000131130219,0.13300000131130219,0.13300000131130219,0.13300000131130219,0.13300000131130219,0
2022-07-29,0.13300000131130219,0.13300000131130219,0.13199999928474426,0.13199999928474426,0.13199999928474426,40000
2022-08-01,0.13199999928474426,0.13199999928474426,0.13199999928474426,0.13199999928474426,0.13199999928474426,0
2022-08-02,0.12800000607967377,0.12800000607967377,0.12800000607967377,0.12800000607967377,0.12800000607967377,0
2022-08-03,0.12800000607967377,0.12800000607967377,0.12800000607967377,0.12800000607967377,0.12800000607967377,0
2022-08-04,0.12800000607967377,0.12800000607967377,0.12800000607967377,0.12800000607967377,0.12800000607967377,0
2022-08-05,0.12800000607967377,0.12800000607967377,0.12800000607967377,0.12800000607967377,0.12800000607967377,0
2022-08-08,0.12800000607967377,0.12800000607967377,0.12800000607967377,0.12800000607967377,0.12800000607967377,0
2022-08-09,0.12800000607967377,0.12800000607967377,0.12800000607967377,0.12800000607967377,0.12800000607967377,0
2022-08-10,0.12200000137090683,0.12200000137090683,0.12200000137090683,0.12200000137090683,0.12200000137090683,0
2022-08-11,0.1340000033378601,0.1340000033378601,0.1340000033378601,0.1379999965429306,0.1379999965429306,11690
2022-08-12,0.12800000607967377,0.12800000607967377,0.12800000607967377,0.12800000607967377,0.12800000607967377,42330
2022-08-15,0.12800000607967377,0.12800000607967377,0.12800000607967377,0.12800000607967377,0.12800000607967377,27325
2022-08-16,0.12800000607967377,0.12800000607967377,0.12800000607967377,0.12800000607967377,0.12800000607967377,0
2022-08-17,0.12399999797344208,0.12399999797344208,0.12399999797344208,0.12399999797344208,0.12399999797344208,12674
2022-08-18,0.12399999797344208,0.12399999797344208,0.12399999797344208,0.12399999797344208,0.12399999797344208,0
2022-08-19,0.11800000071525574,0.11800000071525574,0.11800000071525574,0.11800000071525574,0.11800000071525574,0
2022-08-22,0.11800000071525574,0.11800000071525574,0.11800000071525574,0.11800000071525574,0.11800000071525574,0
2022-08-23,0.11800000071525574,0.11800000071525574,0.11800000071525574,0.11800000071525574,0.11800000071525574,0
2022-08-24,0.11800000071525574,0.11800000071525574,0.11800000071525574,0.11800000071525574,0.11800000071525574,0
2022-08-25,0.11800000071525574,0.11800000071525574,0.11800000071525574,0.11800000071525574,0.11800000071525574,0
2022-08-26,0.11800000071525574,0.11800000071525574,0.11800000071525574,0.11800000071525574,0.11800000071525574,0
2022-08-29,0.11599999666213989,0.11699999868869781,0.11599999666213989,0.11699999868869781,0.11699999868869781,74508
2022-08-30,0.1120000034570694,0.1120000034570694,0.1120000034570694,0.1120000034570694,0.1120000034570694,0
2022-08-31,0.10100000351667404,0.11100000143051147,0.10100000351667404,0.11100000143051147,0.11100000143051147,84117
2022-09-01,0.11999999731779099,0.13199999928474426,0.11999999731779099,0.13199999928474426,0.13199999928474426,31127
2022-09-02,0.12800000607967377,0.12800000607967377,0.125,0.125,0.125,69591
2022-09-05,0.13300000131130219,0.1599999964237213,0.13300000131130219,0.1589999943971634,0.1589999943971634,131129
2022-09-06,0.1589999943971634,0.1589999943971634,0.1589999943971634,0.1589999943971634,0.1589999943971634,60000
2022-09-07,0.1589999943971634,0.1589999943971634,0.1589999943971634,0.1589999943971634,0.1589999943971634,0
2022-09-08,0.1589999943971634,0.1589999943971634,0.1589999943971634,0.1589999943971634,0.1589999943971634,0
2022-09-09,0.1589999943971634,0.1589999943971634,0.1589999943971634,0.1589999943971634,0.1589999943971634,0
2022-09-13,0.15600000321865082,0.15600000321865082,0.15600000321865082,0.15600000321865082,0.15600000321865082,0
2022-09-14,0.1550000011920929,0.1550000011920929,0.1550000011920929,0.1550000011920929,0.1550000011920929,0
2022-09-15,0.14000000059604645,0.14000000059604645,0.14000000059604645,0.14000000059604645,0.14000000059604645,0
2022-09-16,0.11999999731779099,0.13899999856948853,0.11999999731779099,0.12099999934434891,0.12099999934434891,80000
2022-09-19,0.11800000071525574,0.11800000071525574,0.11100000143051147,0.1120000034570694,0.1120000034570694,137846
2022-09-20,0.1120000034570694,0.1120000034570694,0.1120000034570694,0.1120000034570694,0.1120000034570694,0
2022-09-21,0.1120000034570694,0.1120000034570694,0.1120000034570694,0.1120000034570694,0.1120000034570694,0
2022-09-22,0.1120000034570694,0.1120000034570694,0.1120000034570694,0.1120000034570694,0.1120000034570694,0
2022-09-23,0.10599999874830246,0.10599999874830246,0.10599999874830246,0.11999999731779099,0.11999999731779099,15635
2022-09-26,0.10599999874830246,0.11999999731779099,0.09200000017881393,0.11999999731779099,0.11999999731779099,730000
2022-09-27,0.11999999731779099,0.11999999731779099,0.11999999731779099,0.11999999731779099,0.11999999731779099,0
2022-09-28,0.11999999731779099,0.11999999731779099,0.11999999731779099,0.11999999731779099,0.11999999731779099,0
2022-09-29,0.11100000143051147,0.11100000143051147,0.11100000143051147,0.11100000143051147,0.11100000143051147,0
2022-09-30,0.11100000143051147,0.11100000143051147,0.11100000143051147,0.11100000143051147,0.11100000143051147,0
2022-10-03,0.10100000351667404,0.10100000351667404,0.10100000351667404,0.10100000351667404,0.10100000351667404,93103
2022-10-05,0.10000000149011612,0.10999999940395355,0.10000000149011612,0.10999999940395355,0.10999999940395355,41271
2022-10-06,0.10999999940395355,0.10999999940395355,0.10999999940395355,0.10999999940395355,0.10999999940395355,0
2022-10-07,0.10999999940395355,0.10999999940395355,0.10999999940395355,0.10999999940395355,0.10999999940395355,11271
2022-10-10,0.11999999731779099,0.11999999731779099,0.10000000149011612,0.10000000149011612,0.10000000149011612,20000
2022-10-11,0.10100000351667404,0.10100000351667404,0.10100000351667404,0.10100000351667404,0.10100000351667404,0
2022-10-12,0.10100000351667404,0.10100000351667404,0.10000000149011612,0.10000000149011612,0.10000000149011612,21147
2022-10-13,0.10000000149011612,0.10000000149011612,0.10000000149011612,0.10000000149011612,0.10000000149011612,0
2022-10-14,0.10000000149011612,0.10000000149011612,0.10000000149011612,0.10000000149011612,0.10000000149011612,0
2022-10-17,0.10100000351667404,0.10100000351667404,0.10100000351667404,0.10100000351667404,0.10100000351667404,24820
2022-10-18,0.10100000351667404,0.10100000351667404,0.10100000351667404,0.10100000351667404,0.10100000351667404,30000
2022-10-19,0.10100000351667404,0.10100000351667404,0.10100000351667404,0.10100000351667404,0.10100000351667404,36198
2022-10-20,0.10100000351667404,0.10100000351667404,0.10100000351667404,0.10100000351667404,0.10100000351667404,0
2022-10-21,0.10100000351667404,0.10400000214576721,0.10100000351667404,0.10999999940395355,0.10999999940395355,220000
2022-10-24,0.10400000214576721,0.10400000214576721,0.09099999815225601,0.09399999678134918,0.09399999678134918,270000
2022-10-25,0.0949999988079071,0.0949999988079071,0.07500000298023224,0.07500000298023224,0.07500000298023224,153381
2022-10-26,0.08500000089406967,0.10199999809265137,0.08500000089406967,0.10100000351667404,0.10100000351667404,252254
2022-10-27,0.10999999940395355,0.10999999940395355,0.10999999940395355,0.10999999940395355,0.10999999940395355,0
2022-10-28,0.11999999731779099,0.15299999713897705,0.11999999731779099,0.15299999713897705,0.15299999713897705,1081127
2022-10-31,0.15000000596046448,0.1599999964237213,0.14100000262260437,0.1599999964237213,0.1599999964237213,1690000
2022-11-01,0.1599999964237213,0.18000000715255737,0.1599999964237213,0.17499999701976776,0.17499999701976776,3301690
2022-11-02,0.15000000596046448,0.20000000298023224,0.15000000596046448,0.19900000095367432,0.19900000095367432,1602541
2022-11-03,0.19900000095367432,0.20999999344348907,0.17800000309944153,0.20999999344348907,0.20999999344348907,477470
2022-11-04,0.1899999976158142,0.23999999463558197,0.15600000321865082,0.23800000548362732,0.23800000548362732,3730000
2022-11-07,0.24899999797344208,0.24899999797344208,0.210999995470047,0.23899999260902405,0.23899999260902405,1068156
2022-11-08,0.23000000417232513,0.23800000548362732,0.1809999942779541,0.23800000548362732,0.23800000548362732,100338
2022-11-09,0.21799999475479126,0.23499999940395355,0.21799999475479126,0.2329999953508377,0.2329999953508377,20000
2022-11-10,0.2290000021457672,0.2290000021457672,0.2290000021457672,0.2290000021457672,0.2290000021457672,0
2022-11-11,0.2199999988079071,0.2199999988079071,0.2199999988079071,0.2199999988079071,0.2199999988079071,10000
2022-11-14,0.21899999678134918,0.21899999678134918,0.21899999678134918,0.21899999678134918,0.21899999678134918,0
2022-11-15,0.21799999475479126,0.21799999475479126,0.21299999952316284,0.20999999344348907,0.20999999344348907,3368176
2022-11-16,0.20999999344348907,0.20999999344348907,0.20999999344348907,0.20999999344348907,0.20999999344348907,0
2022-11-17,0.20600000023841858,0.20600000023841858,0.20600000023841858,0.20600000023841858,0.20600000023841858,0
2022-11-18,0.20600000023841858,0.20600000023841858,0.20600000023841858,0.20600000023841858,0.20600000023841858,0
2022-11-21,0.18000000715255737,0.19200000166893005,0.16099999845027924,0.19200000166893005,0.19200000166893005,96443
2022-11-22,0.19200000166893005,0.19200000166893005,0.19200000166893005,0.19200000166893005,0.19200000166893005,0
2022-11-23,0.1850000023841858,0.1850000023841858,0.1850000023841858,0.1850000023841858,0.1850000023841858,0
2022-11-24,0.18000000715255737,0.20000000298023224,0.1599999964237213,0.20000000298023224,0.20000000298023224,3110000
2022-11-25,0.19900000095367432,0.19900000095367432,0.16699999570846558,0.1850000023841858,0.1850000023841858,3180450
2022-11-28,0.16300000250339508,0.17800000309944153,0.14100000262260437,0.17599999904632568,0.17599999904632568,1480000
2022-11-29,0.18000000715255737,0.19200000166893005,0.1550000011920929,0.16899999976158142,0.16899999976158142,2330338
2022-11-30,0.18000000715255737,0.18000000715255737,0.15700000524520874,0.17499999701976776,0.17499999701976776,2121127
2022-12-01,0.1850000023841858,0.1850000023841858,0.1850000023841858,0.1850000023841858,0.1850000023841858,0
2022-12-02,0.1899999976158142,0.1899999976158142,0.1899999976158142,0.1899999976158142,0.1899999976158142,0
2022-12-05,0.1899999976158142,0.1899999976158142,0.1899999976158142,0.1899999976158142,0.1899999976158142,0
2022-12-06,0.1899999976158142,0.19200000166893005,0.1860000044107437,0.1860000044107437,0.1860000044107437,2850000
2022-12-07,0.1889999955892563,0.1889999955892563,0.1889999955892563,0.1889999955892563,0.1889999955892563,0
2022-12-08,0.1889999955892563,0.1889999955892563,0.1889999955892563,0.1889999955892563,0.1889999955892563,0
2022-12-09,0.17000000178813934,0.17499999701976776,0.17000000178813934,0.17499999701976776,0.17499999701976776,50563
2022-12-12,0.18000000715255737,0.18000000715255737,0.18000000715255737,0.18000000715255737,0.18000000715255737,0
2022-12-13,0.17000000178813934,0.17000000178813934,0.17000000178813934,0.17000000178813934,0.17000000178813934,105071
2022-12-14,0.15000000596046448,0.17000000178813934,0.15000000596046448,0.17000000178813934,0.17000000178813934,20000
2022-12-15,0.17000000178813934,0.17000000178813934,0.17000000178813934,0.17000000178813934,0.17000000178813934,0
2022-12-16,0.1599999964237213,0.1599999964237213,0.1420000046491623,0.16500000655651093,0.16500000655651093,93516
2022-12-19,0.16500000655651093,0.16500000655651093,0.16500000655651093,0.16500000655651093,0.16500000655651093,0
2022-12-20,0.16500000655651093,0.16500000655651093,0.16500000655651093,0.16500000655651093,0.16500000655651093,0
2022-12-21,0.16500000655651093,0.16500000655651093,0.16500000655651093,0.16500000655651093,0.16500000655651093,0
2022-12-22,0.16500000655651093,0.16500000655651093,0.16500000655651093,0.16500000655651093,0.16500000655651093,0
2022-12-23,0.1599999964237213,0.1599999964237213,0.1599999964237213,0.1599999964237213,0.1599999964237213,0
2022-12-28,0.14300000667572021,0.14300000667572021,0.14000000059604645,0.14000000059604645,0.14000000059604645,240000
2022-12-29,0.14300000667572021,0.14300000667572021,0.12800000607967377,0.12800000607967377,0.12800000607967377,550603
2022-12-30,0.12800000607967377,0.12800000607967377,0.12800000607967377,0.12800000607967377,0.12800000607967377,0
2023-01-03,0.12999999523162842,0.12999999523162842,0.12999999523162842,0.12999999523162842,0.12999999523162842,15522
2023-01-04,0.14300000667572021,0.14300000667572021,0.12999999523162842,0.12999999523162842,0.12999999523162842,30676
2023-01-05,0.14000000059604645,0.14000000059604645,0.14000000059604645,0.14000000059604645,0.14000000059604645,0
2023-01-06,0.14000000059604645,0.14000000059604645,0.14000000059604645,0.14000000059604645,0.14000000059604645,0
2023-01-09,0.12999999523162842,0.14000000059604645,0.12999999523162842,0.14499999582767487,0.14499999582767487,31127
2023-01-10,0.14499999582767487,0.14499999582767487,0.14499999582767487,0.14499999582767487,0.14499999582767487,0
2023-01-11,0.14000000059604645,0.14000000059604645,0.14000000059604645,0.14000000059604645,0.14000000059604645,0
2023-01-12,0.14499999582767487,0.14499999582767487,0.14499999582767487,0.14499999582767487,0.14499999582767487,0
2023-01-13,0.15000000596046448,0.15000000596046448,0.15000000596046448,0.15000000596046448,0.15000000596046448,0
2023-01-16,0.15000000596046448,0.15000000596046448,0.15000000596046448,0.15000000596046448,0.15000000596046448,0
2023-01-17,0.15000000596046448,0.15000000596046448,0.15000000596046448,0.15000000596046448,0.15000000596046448,0
2023-01-18,0.15000000596046448,0.15000000596046448,0.15000000596046448,0.15000000596046448,0.15000000596046448,0
2023-01-19,0.15000000596046448,0.15000000596046448,0.15000000596046448,0.15000000596046448,0.15000000596046448,0
2023-01-20,0.15000000596046448,0.15000000596046448,0.15000000596046448,0.15000000596046448,0.15000000596046448,0
2023-01-26,0.15000000596046448,0.15000000596046448,0.15000000596046448,0.15000000596046448,0.15000000596046448,0
2023-01-27,0.13199999928474426,0.14000000059604645,0.13099999725818634,0.13099999725818634,0.13099999725818634,664910
2023-01-30,0.13099999725818634,0.13099999725818634,0.13099999725818634,0.13099999725818634,0.13099999725818634,0
2023-01-31,0.13099999725818634,0.13099999725818634,0.13099999725818634,0.13099999725818634,0.13099999725818634,0
2023-02-01,0.13099999725818634,0.13099999725818634,0.13099999725818634,0.13099999725818634,0.13099999725818634,100000
2023-02-02,0.13099999725818634,0.13099999725818634,0.13099999725818634,0.13099999725818634,0.13099999725818634,0
2023-02-03,0.13099999725818634,0.13099999725818634,0.13099999725818634,0.13099999725818634,0.13099999725818634,0
2023-02-06,0.11100000143051147,0.12800000607967377,0.11100000143051147,0.12800000607967377,0.12800000607967377,57215
2023-02-07,0.10199999809265137,0.1340000033378601,0.10199999809265137,0.1340000033378601,0.1340000033378601,70075
2023-02-08,0.1289999932050705,0.1289999932050705,0.1289999932050705,0.1289999932050705,0.1289999932050705,0
2023-02-09,0.12800000607967377,0.12800000607967377,0.1120000034570694,0.1120000034570694,0.1120000034570694,110000
2023-02-10,0.11400000005960464,0.11400000005960464,0.11400000005960464,0.11400000005960464,0.11400000005960464,0
2023-02-13,0.12800000607967377,0.12800000607967377,0.12800000607967377,0.12800000607967377,0.12800000607967377,0
2023-02-14,0.125,0.125,0.125,0.125,0.125,0
2023-02-15,0.125,0.125,0.125,0.125,0.125,0
2023-02-16,0.125,0.125,0.125,0.125,0.125,0
2023-02-17,0.125,0.125,0.125,0.125,0.125,0
2023-02-20,0.125,0.125,0.125,0.125,0.125,0
2023-02-21,0.125,0.125,0.125,0.125,0.125,0
2023-02-22,0.11999999731779099,0.11999999731779099,0.11999999731779099,0.11999999731779099,0.11999999731779099,0
2023-02-23,0.11999999731779099,0.11999999731779099,0.11999999731779099,0.11999999731779099,0.11999999731779099,0
2023-02-24,0.11299999803304672,0.11299999803304672,0.10499999672174454,0.10599999874830246,0.10599999874830246,20220
2023-02-27,0.10300000011920929,0.10300000011920929,0.10300000011920929,0.10300000011920929,0.10300000011920929,17889
2023-02-28,0.10300000011920929,0.10300000011920929,0.10199999809265137,0.1080000028014183,0.1080000028014183,570000
2023-03-01,0.1080000028014183,0.1080000028014183,0.1080000028014183,0.1080000028014183,0.1080000028014183,0
2023-03-02,0.1080000028014183,0.1080000028014183,0.1080000028014183,0.1080000028014183,0.1080000028014183,0
2023-03-03,0.1080000028014183,0.1080000028014183,0.1080000028014183,0.1080000028014183,0.1080000028014183,0
2023-03-06,0.1080000028014183,0.1080000028014183,0.1080000028014183,0.1080000028014183,0.1080000028014183,0
2023-03-07,0.1080000028014183,0.1080000028014183,0.1080000028014183,0.1080000028014183,0.1080000028014183,0
2023-03-08,0.1080000028014183,0.1080000028014183,0.1080000028014183,0.1080000028014183,0.1080000028014183,0
2023-03-09,0.1080000028014183,0.1080000028014183,0.1080000028014183,0.1080000028014183,0.1080000028014183,0
2023-03-10,0.1080000028014183,0.1080000028014183,0.1080000028014183,0.1080000028014183,0.1080000028014183,0
2023-03-13,0.1080000028014183,0.1080000028014183,0.1080000028014183,0.1080000028014183,0.1080000028014183,0
2023-03-14,0.1080000028014183,0.1080000028014183,0.1080000028014183,0.1080000028014183,0.1080000028014183,0
2023-03-15,0.1080000028014183,0.1080000028014183,0.1080000028014183,0.1080000028014183,0.1080000028014183,0
2023-03-16,0.1080000028014183,0.1080000028014183,0.1080000028014183,0.1080000028014183,0.1080000028014183,0
2023-03-17,0.10100000351667404,0.10100000351667404,0.10000000149011612,0.10000000149011612,0.10000000149011612,20576
2023-03-20,0.10000000149011612,0.10000000149011612,0.10000000149011612,0.10000000149011612,0.10000000149011612,0
2023-03-21,0.09300000220537186,0.09300000220537186,0.09300000220537186,0.09300000220537186,0.09300000220537186,1141270
2023-03-22,0.11500000208616257,0.11999999731779099,0.09200000017881393,0.09200000017881393,0.09200000017881393,370000
2023-03-23,0.09200000017881393,0.09200000017881393,0.09200000017881393,0.09200000017881393,0.09200000017881393,0
2023-03-24,0.09000000357627869,0.09000000357627869,0.08399999886751175,0.08399999886751175,0.08399999886751175,112225
2023-03-27,0.08399999886751175,0.08399999886751175,0.08399999886751175,0.08399999886751175,0.08399999886751175,0
2023-03-28,0.08399999886751175,0.08399999886751175,0.08399999886751175,0.08399999886751175,0.08399999886751175,0
2023-03-29,0.08500000089406967,0.08500000089406967,0.08500000089406967,0.08500000089406967,0.08500000089406967,0
2023-03-30,0.08500000089406967,0.08500000089406967,0.08500000089406967,0.08500000089406967,0.08500000089406967,0
2023-03-31,0.0860000029206276,0.0860000029206276,0.0860000029206276,0.0860000029206276,0.0860000029206276,0
2023-04-03,0.0860000029206276,0.0860000029206276,0.0860000029206276,0.0860000029206276,0.0860000029206276,0
2023-04-04,0.08399999886751175,0.08399999886751175,0.08399999886751175,0.08399999886751175,0.08399999886751175,18452
2023-04-06,0.08399999886751175,0.08399999886751175,0.08399999886751175,0.08399999886751175,0.08399999886751175,0
2023-04-11,0.08500000089406967,0.08500000089406967,0.08500000089406967,0.08500000089406967,0.08500000089406967,20150
2023-04-12,0.08500000089406967,0.08500000089406967,0.08500000089406967,0.08500000089406967,0.08500000089406967,0
2023-04-13,0.08500000089406967,0.08500000089406967,0.08500000089406967,0.08500000089406967,0.08500000089406967,0
2023-04-14,0.0860000029206276,0.0860000029206276,0.0860000029206276,0.0860000029206276,0.0860000029206276,0
2023-04-17,0.0860000029206276,0.0860000029206276,0.0860000029206276,0.0860000029206276,0.0860000029206276,0
2023-04-18,0.0860000029206276,0.0860000029206276,0.0860000029206276,0.0860000029206276,0.0860000029206276,0
2023-04-19,0.0860000029206276,0.0860000029206276,0.0860000029206276,0.0860000029206276,0.0860000029206276,0
2023-04-20,0.0860000029206276,0.0860000029206276,0.0860000029206276,0.0860000029206276,0.0860000029206276,0
2023-04-21,0.0860000029206276,0.0860000029206276,0.0860000029206276,0.0860000029206276,0.0860000029206276,0
2023-04-24,0.0860000029206276,0.0860000029206276,0.0860000029206276,0.0860000029206276,0.0860000029206276,0
2023-04-25,0.08699999749660492,0.08699999749660492,0.08699999749660492,0.08699999749660492,0.08699999749660492,0
2023-04-26,0.08699999749660492,0.08699999749660492,0.08699999749660492,0.08699999749660492,0.08699999749660492,0
2023-04-27,0.08699999749660492,0.08699999749660492,0.08699999749660492,0.08699999749660492,0.08699999749660492,0
2023-04-28,0.08699999749660492,0.08699999749660492,0.08699999749660492,0.08699999749660492,0.08699999749660492,0
2023-05-02,0.08500000089406967,0.08500000089406967,0.08500000089406967,0.08500000089406967,0.08500000089406967,30850
2023-05-03,0.08299999684095383,0.08299999684095383,0.08299999684095383,0.08299999684095383,0.08299999684095383,0
2023-05-04,0.08299999684095383,0.08299999684095383,0.08299999684095383,0.08299999684095383,0.08299999684095383,0
2023-05-05,0.08500000089406967,0.08500000089406967,0.08500000089406967,0.08500000089406967,0.08500000089406967,0
2023-05-08,0.0860000029206276,0.0860000029206276,0.0860000029206276,0.0860000029206276,0.0860000029206276,190000
2023-05-09,0.08699999749660492,0.08699999749660492,0.08699999749660492,0.08699999749660492,0.08699999749660492,0
2023-05-10,0.08900000154972076,0.08900000154972076,0.08900000154972076,0.08900000154972076,0.08900000154972076,0
2023-05-11,0.09200000017881393,0.09200000017881393,0.09200000017881393,0.09200000017881393,0.09200000017881393,0
2023-05-12,0.09399999678134918,0.09399999678134918,0.09399999678134918,0.09600000083446503,0.09600000083446503,23524
2023-05-15,0.09600000083446503,0.09600000083446503,0.09600000083446503,0.09600000083446503,0.09600000083446503,0
2023-05-16,0.09700000286102295,0.10000000149011612,0.09700000286102295,0.10000000149011612,0.10000000149011612,62565
2023-05-17,0.09799999743700027,0.09799999743700027,0.09799999743700027,0.09799999743700027,0.09799999743700027,23381
2023-05-18,0.09799999743700027,0.09799999743700027,0.09799999743700027,0.09799999743700027,0.09799999743700027,11270
2023-05-19,0.09799999743700027,0.09799999743700027,0.09799999743700027,0.09799999743700027,0.09799999743700027,0
2023-05-22,0.09799999743700027,0.09799999743700027,0.09799999743700027,0.09799999743700027,0.09799999743700027,0
2023-05-23,0.08100000023841858,0.0949999988079071,0.08100000023841858,0.0949999988079071,0.0949999988079071,60563
2023-05-24,0.0949999988079071,0.0949999988079071,0.0949999988079071,0.0949999988079071,0.0949999988079071,0
2023-05-25,0.09399999678134918,0.09399999678134918,0.09399999678134918,0.09399999678134918,0.09399999678134918,0
2023-05-29,0.09200000017881393,0.09200000017881393,0.09200000017881393,0.09200000017881393,0.09200000017881393,25535
2023-05-30,0.0820000022649765,0.0820000022649765,0.07199999690055847,0.07800000160932541,0.07800000160932541,1090000
2023-05-31,0.07500000298023224,0.07500000298023224,0.07199999690055847,0.0729999989271164,0.0729999989271164,160000
2023-06-01,0.06800000369548798,0.06800000369548798,0.06800000369548798,0.06800000369548798,0.06800000369548798,0
2023-06-02,0.06700000166893005,0.07999999821186066,0.06700000166893005,0.07599999755620956,0.07599999755620956,172197
2023-06-05,0.07599999755620956,0.07599999755620956,0.07599999755620956,0.07599999755620956,0.07599999755620956,0
2023-06-06,0.0729999989271164,0.0729999989271164,0.0729999989271164,0.0729999989271164,0.0729999989271164,200100
2023-06-07,0.0729999989271164,0.0729999989271164,0.0729999989271164,0.0729999989271164,0.0729999989271164,0
2023-06-08,0.0729999989271164,0.0729999989271164,0.0729999989271164,0.0729999989271164,0.0729999989271164,0
2023-06-09,0.06800000369548798,0.07500000298023224,0.06800000369548798,0.07500000298023224,0.07500000298023224,40002
2023-06-12,0.07500000298023224,0.07500000298023224,0.07500000298023224,0.07500000298023224,0.07500000298023224,0
2023-06-13,0.07500000298023224,0.07500000298023224,0.07500000298023224,0.07500000298023224,0.07500000298023224,0
2023-06-14,0.07500000298023224,0.07500000298023224,0.07500000298023224,0.07500000298023224,0.07500000298023224,0
2023-06-15,0.07500000298023224,0.07500000298023224,0.07500000298023224,0.07500000298023224,0.07500000298023224,31559
2023-06-16,0.06199999898672104,0.07999999821186066,0.06199999898672104,0.07999999821186066,0.07999999821186066,120143
2023-06-19,0.06300000101327896,0.07900000363588333,0.06300000101327896,0.07999999821186066,0.07999999821186066,41690
2023-06-20,0.07999999821186066,0.07999999821186066,0.07999999821186066,0.07999999821186066,0.07999999821186066,0
2023-06-21,0.07999999821186066,0.07999999821186066,0.07999999821186066,0.07999999821186066,0.07999999821186066,0
2023-06-23,0.07999999821186066,0.07999999821186066,0.07999999821186066,0.07999999821186066,0.07999999821186066,20000
2023-06-26,0.07999999821186066,0.07999999821186066,0.06700000166893005,0.07999999821186066,0.07999999821186066,7531127
2023-06-27,0.07000000029802322,0.07000000029802322,0.07000000029802322,0.07000000029802322,0.07000000029802322,21762
2023-06-28,0.07000000029802322,0.07000000029802322,0.07000000029802322,0.07000000029802322,0.07000000029802322,0
2023-06-29,0.07500000298023224,0.07500000298023224,0.07100000232458115,0.07100000232458115,0.07100000232458115,280000
2023-06-30,0.07100000232458115,0.07100000232458115,0.07100000232458115,0.07100000232458115,0.07100000232458115,0
2023-07-03,0.07100000232458115,0.07100000232458115,0.07100000232458115,0.07100000232458115,0.07100000232458115,0
2023-07-04,0.07100000232458115,0.07100000232458115,0.07100000232458115,0.07100000232458115,0.07100000232458115,0
2023-07-05,0.07100000232458115,0.07100000232458115,0.07100000232458115,0.07100000232458115,0.07100000232458115,0
2023-07-06,0.07100000232458115,0.07100000232458115,0.07100000232458115,0.07100000232458115,0.07100000232458115,0
2023-07-07,0.07100000232458115,0.07100000232458115,0.07100000232458115,0.07100000232458115,0.07100000232458115,0
2023-07-10,0.07100000232458115,0.07100000232458115,0.07100000232458115,0.07100000232458115,0.07100000232458115,0
2023-07-11,0.06300000101327896,0.07000000029802322,0.06199999898672104,0.06599999964237213,0.06599999964237213,383381
2023-07-12,0.06300000101327896,0.06400000303983688,0.06300000101327896,0.06400000303983688,0.06400000303983688,60000
2023-07-13,0.07000000029802322,0.07000000029802322,0.07000000029802322,0.07000000029802322,0.07000000029802322,0
2023-07-14,0.07000000029802322,0.07000000029802322,0.07000000029802322,0.07000000029802322,0.07000000029802322,0
2023-07-18,0.07000000029802322,0.07000000029802322,0.07000000029802322,0.07000000029802322,0.07000000029802322,0
2023-07-19,0.07000000029802322,0.07000000029802322,0.07000000029802322,0.07000000029802322,0.07000000029802322,0
2023-07-20,0.07000000029802322,0.07000000029802322,0.07000000029802322,0.07000000029802322,0.07000000029802322,0
2023-07-21,0.061000000685453415,0.061000000685453415,0.05999999865889549,0.061000000685453415,0.061000000685453415,115082
2023-07-24,0.061000000685453415,0.061000000685453415,0.061000000685453415,0.061000000685453415,0.061000000685453415,0
2023-07-25,0.06400000303983688,0.06400000303983688,0.05999999865889549,0.05999999865889549,0.05999999865889549,250000
2023-07-26,0.05999999865889549,0.05999999865889549,0.05999999865889549,0.05999999865889549,0.05999999865889549,0
2023-07-27,0.05999999865889549,0.06400000303983688,0.05999999865889549,0.06400000303983688,0.06400000303983688,52504
2023-07-28,0.06400000303983688,0.06400000303983688,0.06400000303983688,0.06400000303983688,0.06400000303983688,0
2023-07-31,0.06400000303983688,0.06400000303983688,0.06400000303983688,0.06400000303983688,0.06400000303983688,0
2023-08-01,0.05700000002980232,0.05700000002980232,0.0560000017285347,0.05700000002980232,0.05700000002980232,42822
2023-08-02,0.05700000002980232,0.05700000002980232,0.05700000002980232,0.05700000002980232,0.05700000002980232,0
2023-08-03,0.052000001072883606,0.0729999989271164,0.052000001072883606,0.07199999690055847,0.07199999690055847,45635
2023-08-04,0.07199999690055847,0.07199999690055847,0.06800000369548798,0.07199999690055847,0.07199999690055847,47465
2023-08-07,0.07199999690055847,0.07199999690055847,0.05700000002980232,0.07199999690055847,0.07199999690055847,40000
2023-08-08,0.07199999690055847,0.07199999690055847,0.07199999690055847,0.07199999690055847,0.07199999690055847,40000
2023-08-09,0.07199999690055847,0.07199999690055847,0.07199999690055847,0.07199999690055847,0.07199999690055847,340698
2023-08-10,0.09000000357627869,0.09000000357627869,0.06499999761581421,0.06499999761581421,0.06499999761581421,83524
2023-08-11,0.06400000303983688,0.07199999690055847,0.06400000303983688,0.07100000232458115,0.07100000232458115,820000
2023-08-14,0.06499999761581421,0.06499999761581421,0.05700000002980232,0.05999999865889549,0.05999999865889549,670744
2023-08-15,0.05999999865889549,0.05999999865889549,0.05999999865889549,0.05999999865889549,0.05999999865889549,0
2023-08-16,0.06499999761581421,0.06499999761581421,0.052000001072883606,0.06199999898672104,0.06199999898672104,691127
2023-08-17,0.06300000101327896,0.06300000101327896,0.06300000101327896,0.06199999898672104,0.06199999898672104,10000
2023-08-18,0.06300000101327896,0.06599999964237213,0.06300000101327896,0.06599999964237213,0.06599999964237213,380200
2023-08-21,0.06599999964237213,0.06599999964237213,0.06599999964237213,0.06599999964237213,0.06599999964237213,0
2023-08-22,0.05999999865889549,0.05999999865889549,0.05999999865889549,0.05999999865889549,0.05999999865889549,20248
2023-08-23,0.05999999865889549,0.05999999865889549,0.05999999865889549,0.05999999865889549,0.05999999865889549,0
2023-08-24,0.05999999865889549,0.05999999865889549,0.05999999865889549,0.05999999865889549,0.05999999865889549,0
2023-08-25,0.05999999865889549,0.05999999865889549,0.05999999865889549,0.05999999865889549,0.05999999865889549,0
2023-08-28,0.05999999865889549,0.05999999865889549,0.05999999865889549,0.05999999865889549,0.05999999865889549,0
2023-08-29,0.061000000685453415,0.061000000685453415,0.061000000685453415,0.061000000685453415,0.061000000685453415,0
2023-08-30,0.061000000685453415,0.061000000685453415,0.061000000685453415,0.061000000685453415,0.061000000685453415,0
2023-08-31,0.054999999701976776,0.05700000002980232,0.054999999701976776,0.05700000002980232,0.05700000002980232,60000
2023-09-04,0.05999999865889549,0.05999999865889549,0.05400000140070915,0.0560000017285347,0.0560000017285347,21352
2023-09-05,0.05999999865889549,0.06599999964237213,0.05999999865889549,0.06599999964237213,0.06599999964237213,67336
2023-09-06,0.06599999964237213,0.06599999964237213,0.06599999964237213,0.06599999964237213,0.06599999964237213,0
2023-09-07,0.06599999964237213,0.06599999964237213,0.06599999964237213,0.06599999964237213,0.06599999964237213,0
2023-09-11,0.06599999964237213,0.06599999964237213,0.06599999964237213,0.06599999964237213,0.06599999964237213,0
2023-09-12,0.06599999964237213,0.06599999964237213,0.06599999964237213,0.06599999964237213,0.06599999964237213,0
2023-09-13,0.06400000303983688,0.06400000303983688,0.06400000303983688,0.06400000303983688,0.06400000303983688,0
2023-09-14,0.06199999898672104,0.06199999898672104,0.054999999701976776,0.057999998331069946,0.057999998331069946,250689
2023-09-15,0.05999999865889549,0.05999999865889549,0.05700000002980232,0.05700000002980232,0.05700000002980232,60000
2023-09-18,0.06400000303983688,0.06499999761581421,0.06400000303983688,0.06499999761581421,0.06499999761581421,320000
2023-09-19,0.06499999761581421,0.06499999761581421,0.06499999761581421,0.06499999761581421,0.06499999761581421,0
2023-09-20,0.06499999761581421,0.06499999761581421,0.06499999761581421,0.06499999761581421,0.06499999761581421,0
2023-09-21,0.05700000002980232,0.05700000002980232,0.05700000002980232,0.057999998331069946,0.057999998331069946,32817
2023-09-22,0.05999999865889549,0.05999999865889549,0.05999999865889549,0.05999999865889549,0.05999999865889549,0
2023-09-25,0.05999999865889549,0.05999999865889549,0.05999999865889549,0.05999999865889549,0.05999999865889549,0
2023-09-26,0.05999999865889549,0.05999999865889549,0.05999999865889549,0.05999999865889549,0.05999999865889549,0
2023-09-27,0.05999999865889549,0.05999999865889549,0.05999999865889549,0.05999999865889549,0.05999999865889549,0
2023-09-28,0.05999999865889549,0.05999999865889549,0.05999999865889549,0.05999999865889549,0.05999999865889549,0
2023-09-29,0.061000000685453415,0.061000000685453415,0.061000000685453415,0.061000000685453415,0.061000000685453415,0
2023-10-03,0.06199999898672104,0.06199999898672104,0.06199999898672104,0.06199999898672104,0.06199999898672104,0
2023-10-04,0.06400000303983688,0.06400000303983688,0.06400000303983688,0.06400000303983688,0.06400000303983688,0
2023-10-05,0.0560000017285347,0.06199999898672104,0.054999999701976776,0.057999998331069946,0.057999998331069946,939163
2023-10-06,0.05999999865889549,0.05999999865889549,0.05999999865889549,0.05999999865889549,0.05999999865889549,0
2023-10-09,0.05999999865889549,0.05999999865889549,0.05999999865889549,0.05999999865889549,0.05999999865889549,0
2023-10-10,0.054999999701976776,0.057999998331069946,0.054999999701976776,0.057999998331069946,0.057999998331069946,81512
2023-10-11,0.05999999865889549,0.05999999865889549,0.05999999865889549,0.05999999865889549,0.05999999865889549,0
2023-10-12,0.06199999898672104,0.06199999898672104,0.06199999898672104,0.06199999898672104,0.06199999898672104,0
2023-10-13,0.06199999898672104,0.06199999898672104,0.06199999898672104,0.06199999898672104,0.06199999898672104,0
2023-10-16,0.06199999898672104,0.06199999898672104,0.06199999898672104,0.06199999898672104,0.06199999898672104,0
2023-10-17,0.0560000017285347,0.0560000017285347,0.0560000017285347,0.0560000017285347,0.0560000017285347,551240
2023-10-18,0.05900000035762787,0.061000000685453415,0.0560000017285347,0.0560000017285347,0.0560000017285347,181697
2023-10-19,0.05700000002980232,0.05700000002980232,0.054999999701976776,0.054999999701976776,0.054999999701976776,280000
2023-10-20,0.054999999701976776,0.054999999701976776,0.054999999701976776,0.054999999701976776,0.054999999701976776,0
2023-10-24,0.05700000002980232,0.05700000002980232,0.05299999937415123,0.05299999937415123,0.05299999937415123,60000
2023-10-25,0.05299999937415123,0.05299999937415123,0.05299999937415123,0.05299999937415123,0.05299999937415123,0
2023-10-26,0.05299999937415123,0.05299999937415123,0.052000001072883606,0.052000001072883606,0.052000001072883606,24508
2023-10-27,0.050999999046325684,0.050999999046325684,0.050999999046325684,0.050999999046325684,0.050999999046325684,29016
2023-10-30,0.050999999046325684,0.050999999046325684,0.050999999046325684,0.054999999701976776,0.054999999701976776,110000
2023-10-31,0.054999999701976776,0.054999999701976776,0.054999999701976776,0.054999999701976776,0.054999999701976776,0
2023-11-01,0.05400000140070915,0.05400000140070915,0.052000001072883606,0.05400000140070915,0.05400000140070915,270000
2023-11-02,0.05000000074505806,0.05400000140070915,0.05000000074505806,0.05400000140070915,0.05400000140070915,105779
2023-11-03,0.050999999046325684,0.050999999046325684,0.050999999046325684,0.050999999046325684,0.050999999046325684,0
2023-11-06,0.050999999046325684,0.050999999046325684,0.050999999046325684,0.050999999046325684,0.050999999046325684,0
2023-11-07,0.050999999046325684,0.050999999046325684,0.050999999046325684,0.050999999046325684,0.050999999046325684,0
2023-11-08,0.050999999046325684,0.050999999046325684,0.050999999046325684,0.050999999046325684,0.050999999046325684,0
2023-11-09,0.050999999046325684,0.050999999046325684,0.05000000074505806,0.05000000074505806,0.05000000074505806,40000
2023-11-10,0.05000000074505806,0.05000000074505806,0.05000000074505806,0.05000000074505806,0.05000000074505806,582559
2023-11-13,0.052000001072883606,0.052000001072883606,0.052000001072883606,0.052000001072883606,0.052000001072883606,0
2023-11-14,0.052000001072883606,0.052000001072883606,0.052000001072883606,0.052000001072883606,0.052000001072883606,0
2023-11-15,0.052000001072883606,0.05299999937415123,0.052000001072883606,0.05299999937415123,0.05299999937415123,181127
2023-11-16,0.05299999937415123,0.05299999937415123,0.05299999937415123,0.05299999937415123,0.05299999937415123,0
2023-11-17,0.05299999937415123,0.05299999937415123,0.05299999937415123,0.05299999937415123,0.05299999937415123,0
2023-11-20,0.05299999937415123,0.05299999937415123,0.05299999937415123,0.05299999937415123,0.05299999937415123,0
2023-11-21,0.05299999937415123,0.05299999937415123,0.05299999937415123,0.05299999937415123,0.05299999937415123,0
2023-11-22,0.041999999433755875,0.05700000002980232,0.041999999433755875,0.05900000035762787,0.05900000035762787,100338
2023-11-23,0.05700000002980232,0.05700000002980232,0.04699999839067459,0.05700000002980232,0.05700000002980232,170000
2023-11-24,0.05700000002980232,0.05700000002980232,0.05700000002980232,0.05700000002980232,0.05700000002980232,0
2023-11-27,0.05700000002980232,0.05700000002980232,0.05700000002980232,0.05700000002980232,0.05700000002980232,0
2023-11-28,0.05700000002980232,0.05700000002980232,0.05700000002980232,0.05700000002980232,0.05700000002980232,0
2023-11-29,0.05400000140070915,0.05400000140070915,0.052000001072883606,0.052000001072883606,0.052000001072883606,210005
2023-11-30,0.054999999701976776,0.054999999701976776,0.054999999701976776,0.054999999701976776,0.054999999701976776,0
2023-12-01,0.054999999701976776,0.054999999701976776,0.054999999701976776,0.054999999701976776,0.054999999701976776,0
2023-12-04,0.054999999701976776,0.054999999701976776,0.054999999701976776,0.054999999701976776,0.054999999701976776,0
2023-12-05,0.054999999701976776,0.054999999701976776,0.054999999701976776,0.054999999701976776,0.054999999701976776,0
2023-12-06,0.054999999701976776,0.054999999701976776,0.054999999701976776,0.054999999701976776,0.054999999701976776,0
2023-12-07,0.05000000074505806,0.05000000074505806,0.05000000074505806,0.05000000074505806,0.05000000074505806,0
2023-12-08,0.05000000074505806,0.05000000074505806,0.05000000074505806,0.05000000074505806,0.05000000074505806,0
2023-12-11,0.05000000074505806,0.05000000074505806,0.05000000074505806,0.05000000074505806,0.05000000074505806,0
2023-12-12,0.04800000041723251,0.04800000041723251,0.04800000041723251,0.04800000041723251,0.04800000041723251,0
2023-12-13,0.04800000041723251,0.04800000041723251,0.04800000041723251,0.04800000041723251,0.04800000041723251,0
2023-12-14,0.04800000041723251,0.04800000041723251,0.04800000041723251,0.04800000041723251,0.04800000041723251,0
2023-12-15,0.04600000008940697,0.04600000008940697,0.04600000008940697,0.04600000008940697,0.04600000008940697,0
2023-12-18,0.04600000008940697,0.04600000008940697,0.04600000008940697,0.04600000008940697,0.04600000008940697,0
2023-12-19,0.04600000008940697,0.04600000008940697,0.04600000008940697,0.04600000008940697,0.04600000008940697,0
2023-12-20,0.04600000008940697,0.04600000008940697,0.04600000008940697,0.04600000008940697,0.04600000008940697,0
2023-12-21,0.04600000008940697,0.04600000008940697,0.04600000008940697,0.04600000008940697,0.04600000008940697,14227
2023-12-22,0.04600000008940697,0.04600000008940697,0.04600000008940697,0.04600000008940697,0.04600000008940697,0
2023-12-27,0.04600000008940697,0.04600000008940697,0.04600000008940697,0.04600000008940697,0.04600000008940697,0
2023-12-28,0.04600000008940697,0.04600000008940697,0.04600000008940697,0.04600000008940697,0.04600000008940697,0
2023-12-29,0.04600000008940697,0.04600000008940697,0.04600000008940697,0.04600000008940697,0.04600000008940697,0
2024-01-02,0.04699999839067459,0.04699999839067459,0.04600000008940697,0.04600000008940697,0.04600000008940697,1244508
2024-01-03,0.04699999839067459,0.04699999839067459,0.04699999839067459,0.04699999839067459,0.04699999839067459,0
2024-01-04,0.04500000178813934,0.04500000178813934,0.04500000178813934,0.04500000178813934,0.04500000178813934,30000
2024-01-05,0.04500000178813934,0.04500000178813934,0.04500000178813934,0.04500000178813934,0.04500000178813934,0
2024-01-08,0.04100000113248825,0.04100000113248825,0.04100000113248825,0.04100000113248825,0.04100000113248825,13832
2024-01-09,0.04699999839067459,0.05299999937415123,0.04699999839067459,0.05299999937415123,0.05299999937415123,20000
2024-01-10,0.057999998331069946,0.05900000035762787,0.0560000017285347,0.0560000017285347,0.0560000017285347,910000
2024-01-11,0.0560000017285347,0.0560000017285347,0.0560000017285347,0.0560000017285347,0.0560000017285347,0
2024-01-12,0.0560000017285347,0.0560000017285347,0.0560000017285347,0.0560000017285347,0.0560000017285347,0
2024-01-15,0.0560000017285347,0.0560000017285347,0.0560000017285347,0.0560000017285347,0.0560000017285347,0
2024-01-16,0.0560000017285347,0.0560000017285347,0.0560000017285347,0.0560000017285347,0.0560000017285347,0
2024-01-17,0.04800000041723251,0.04800000041723251,0.041999999433755875,0.041999999433755875,0.041999999433755875,61281
2024-01-18,0.041999999433755875,0.041999999433755875,0.041999999433755875,0.041999999433755875,0.041999999433755875,0
2024-01-19,0.041999999433755875,0.041999999433755875,0.041999999433755875,0.041999999433755875,0.041999999433755875,11577
2024-01-22,0.041999999433755875,0.041999999433755875,0.041999999433755875,0.041999999433755875,0.041999999433755875,0
2024-01-23,0.041999999433755875,0.041999999433755875,0.041999999433755875,0.041999999433755875,0.041999999433755875,0
2024-01-24,0.04100000113248825,0.04100000113248825,0.04100000113248825,0.04100000113248825,0.04100000113248825,0
2024-01-25,0.04100000113248825,0.04100000113248825,0.04100000113248825,0.04100000113248825,0.04100000113248825,0
2024-01-26,0.04100000113248825,0.04100000113248825,0.04100000113248825,0.04100000113248825,0.04100000113248825,0
2024-01-29,0.039000000804662704,0.039000000804662704,0.03799999877810478,0.039000000804662704,0.039000000804662704,129334
2024-01-30,0.03500000014901161,0.05000000074505806,0.03500000014901161,0.05000000074505806,0.05000000074505806,20460
2024-01-31,0.05000000074505806,0.05000000074505806,0.05000000074505806,0.05000000074505806,0.05000000074505806,0
2024-02-01,0.05000000074505806,0.05000000074505806,0.05000000074505806,0.05000000074505806,0.05000000074505806,0
2024-02-02,0.05000000074505806,0.05000000074505806,0.05000000074505806,0.05000000074505806,0.05000000074505806,0
2024-02-05,0.05000000074505806,0.05000000074505806,0.05000000074505806,0.05000000074505806,0.05000000074505806,0
2024-02-06,0.05000000074505806,0.05000000074505806,0.05000000074505806,0.05000000074505806,0.05000000074505806,0
2024-02-07,0.03700000047683716,0.039000000804662704,0.035999998450279236,0.039000000804662704,0.039000000804662704,40000
2024-02-08,0.04500000178813934,0.04500000178813934,0.04500000178813934,0.04500000178813934,0.04500000178813934,0
2024-02-09,0.04500000178813934,0.04500000178813934,0.04500000178813934,0.04500000178813934,0.04500000178813934,0
2024-02-14,0.04500000178813934,0.04500000178813934,0.04500000178813934,0.04500000178813934,0.04500000178813934,0
2024-02-15,0.04500000178813934,0.04500000178813934,0.04500000178813934,0.04500000178813934,0.04500000178813934,0
2024-02-16,0.04600000008940697,0.04600000008940697,0.04600000008940697,0.04600000008940697,0.04600000008940697,0
2024-02-19,0.05400000140070915,0.05299999937415123,0.04800000041723251,0.04800000041723251,0.04800000041723251,290847
2024-02-20,0.05000000074505806,0.05000000074505806,0.05000000074505806,0.05000000074505806,0.05000000074505806,0
2024-02-21,0.050999999046325684,0.050999999046325684,0.050999999046325684,0.050999999046325684,0.050999999046325684,20563
2024-02-22,0.0430000014603138,0.0430000014603138,0.0430000014603138,0.0430000014603138,0.0430000014603138,0
2024-02-23,0.05299999937415123,0.05299999937415123,0.05299999937415123,0.05299999937415123,0.05299999937415123,0
2024-02-26,0.05400000140070915,0.05400000140070915,0.05400000140070915,0.05400000140070915,0.05400000140070915,0
2024-02-27,0.054999999701976776,0.054999999701976776,0.054999999701976776,0.054999999701976776,0.054999999701976776,0
2024-02-28,0.0560000017285347,0.0560000017285347,0.0560000017285347,0.0560000017285347,0.0560000017285347,0
2024-02-29,0.05700000002980232,0.05700000002980232,0.05700000002980232,0.05700000002980232,0.05700000002980232,0
2024-03-01,0.057999998331069946,0.057999998331069946,0.057999998331069946,0.057999998331069946,0.057999998331069946,0
2024-03-04,0.05900000035762787,0.05900000035762787,0.05900000035762787,0.05900000035762787,0.05900000035762787,0
2024-03-05,0.057999998331069946,0.057999998331069946,0.057999998331069946,0.057999998331069946,0.057999998331069946,0
2024-03-06,0.04699999839067459,0.04699999839067459,0.04699999839067459,0.04699999839067459,0.04699999839067459,11622
2024-03-07,0.04699999839067459,0.05000000074505806,0.04699999839067459,0.05000000074505806,0.05000000074505806,101271
2024-03-08,0.05000000074505806,0.05000000074505806,0.05000000074505806,0.05000000074505806,0.05000000074505806,0
2024-03-11,0.05000000074505806,0.05000000074505806,0.05000000074505806,0.05000000074505806,0.05000000074505806,0
2024-03-12,0.04399999976158142,0.04399999976158142,0.04399999976158142,0.04399999976158142,0.04399999976158142,20796
2024-03-13,0.04399999976158142,0.04399999976158142,0.04399999976158142,0.04399999976158142,0.04399999976158142,0
2024-03-14,0.04399999976158142,0.04399999976158142,0.04399999976158142,0.04399999976158142,0.04399999976158142,0
2024-03-15,0.04500000178813934,0.04500000178813934,0.04500000178813934,0.04500000178813934,0.04500000178813934,0
2024-03-18,0.04500000178813934,0.04500000178813934,0.04500000178813934,0.04500000178813934,0.04500000178813934,0
2024-03-19,0.04500000178813934,0.04500000178813934,0.04500000178813934,0.04500000178813934,0.04500000178813934,0
2024-03-20,0.04500000178813934,0.04500000178813934,0.04500000178813934,0.04500000178813934,0.04500000178813934,0
2024-03-21,0.04500000178813934,0.04500000178813934,0.041999999433755875,0.04500000178813934,0.04500000178813934,110000
2024-03-22,0.04500000178813934,0.04500000178813934,0.04500000178813934,0.04500000178813934,0.04500000178813934,0
2024-03-25,0.03799999877810478,0.03799999877810478,0.03799999877810478,0.039000000804662704,0.039000000804662704,16199
2024-03-26,0.03700000047683716,0.03700000047683716,0.03700000047683716,0.03700000047683716,0.03700000047683716,0
2024-03-27,0.03700000047683716,0.03700000047683716,0.03700000047683716,0.03700000047683716,0.03700000047683716,40000
2024-03-28,0.03700000047683716,0.03700000047683716,0.03700000047683716,0.03700000047683716,0.03700000047683716,0
2024-04-02,0.03700000047683716,0.03700000047683716,0.03700000047683716,0.03700000047683716,0.03700000047683716,0
2024-04-03,0.03700000047683716,0.03700000047683716,0.03700000047683716,0.03700000047683716,0.03700000047683716,0
2024-04-05,0.03200000151991844,0.03700000047683716,0.03099999949336052,0.03799999877810478,0.03799999877810478,264508
2024-04-08,0.0430000014603138,0.0430000014603138,0.0430000014603138,0.041999999433755875,0.041999999433755875,20000
2024-04-09,0.041999999433755875,0.041999999433755875,0.041999999433755875,0.041999999433755875,0.041999999433755875,0
2024-04-10,0.04100000113248825,0.04100000113248825,0.04100000113248825,0.04100000113248825,0.04100000113248825,0
2024-04-11,0.04100000113248825,0.04100000113248825,0.04100000113248825,0.04100000113248825,0.04100000113248825,0
2024-04-12,0.041999999433755875,0.041999999433755875,0.04100000113248825,0.041999999433755875,0.041999999433755875,1150000
2024-04-15,0.041999999433755875,0.041999999433755875,0.041999999433755875,0.041999999433755875,0.041999999433755875,0
2024-04-16,0.041999999433755875,0.041999999433755875,0.041999999433755875,0.041999999433755875,0.041999999433755875,0
2024-04-17,0.041999999433755875,0.041999999433755875,0.041999999433755875,0.041999999433755875,0.041999999433755875,0
2024-04-18,0.04100000113248825,0.04100000113248825,0.04100000113248825,0.03999999910593033,0.03999999910593033,1000000
2024-04-19,0.03999999910593033,0.03999999910593033,0.03999999910593033,0.03999999910593033,0.03999999910593033,1400000
2024-04-22,0.03500000014901161,0.03999999910593033,0.03400000184774399,0.03999999910593033,0.03999999910593033,180002
2024-04-23,0.03999999910593033,0.03999999910593033,0.03999999910593033,0.03999999910593033,0.03999999910593033,0
2024-04-24,0.03999999910593033,0.03999999910593033,0.03999999910593033,0.03999999910593033,0.03999999910593033,0
2024-04-25,0.03999999910593033,0.03999999910593033,0.03999999910593033,0.03999999910593033,0.03999999910593033,0
2024-04-26,0.035999998450279236,0.039000000804662704,0.035999998450279236,0.039000000804662704,0.039000000804662704,123381
2024-04-29,0.039000000804662704,0.039000000804662704,0.039000000804662704,0.039000000804662704,0.039000000804662704,0
2024-04-30,0.03799999877810478,0.052000001072883606,0.03500000014901161,0.05000000074505806,0.05000000074505806,1003953
2024-05-02,0.041999999433755875,0.041999999433755875,0.04100000113248825,0.0430000014603138,0.0430000014603138,240932
2024-05-03,0.04100000113248825,0.061000000685453415,0.04100000113248825,0.05900000035762787,0.05900000035762787,1114667
2024-05-06,0.05999999865889549,0.0689999982714653,0.05900000035762787,0.0689999982714653,0.0689999982714653,613922
2024-05-07,0.0689999982714653,0.07500000298023224,0.06800000369548798,0.07500000298023224,0.07500000298023224,1714508
2024-05-08,0.07999999821186066,0.09000000357627869,0.061000000685453415,0.08500000089406967,0.08500000089406967,4315000
2024-05-09,0.06599999964237213,0.08799999952316284,0.06599999964237213,0.08799999952316284,0.08799999952316284,63684
2024-05-10,0.07100000232458115,0.08399999886751175,0.07100000232458115,0.08399999886751175,0.08399999886751175,116343
2024-05-13,0.07999999821186066,0.09200000017881393,0.07999999821186066,0.09200000017881393,0.09200000017881393,981127
2024-05-14,0.08699999749660492,0.08699999749660492,0.07599999755620956,0.07599999755620956,0.07599999755620956,1265360
2024-05-16,0.08500000089406967,0.08500000089406967,0.08500000089406967,0.08500000089406967,0.08500000089406967,0
2024-05-17,0.08500000089406967,0.08500000089406967,0.08500000089406967,0.08500000089406967,0.08500000089406967,0
2024-05-20,0.07999999821186066,0.10000000149011612,0.07999999821186066,0.09399999678134918,0.09399999678134918,3668086
2024-05-21,0.10100000351667404,0.10100000351667404,0.0860000029206276,0.09000000357627869,0.09000000357627869,1068192
2024-05-22,0.09000000357627869,0.09000000357627869,0.0729999989271164,0.09000000357627869,0.09000000357627869,1528910
2024-05-23,0.0860000029206276,0.0860000029206276,0.08500000089406967,0.08500000089406967,0.08500000089406967,600000
2024-05-24,0.08500000089406967,0.08500000089406967,0.07699999958276749,0.08500000089406967,0.08500000089406967,1032220
2024-05-27,0.09000000357627869,0.09000000357627869,0.09000000357627869,0.09000000357627869,0.09000000357627869,54242
2024-05-28,0.09000000357627869,0.09000000357627869,0.09000000357627869,0.09000000357627869,0.09000000357627869,0
2024-05-29,0.09000000357627869,0.09000000357627869,0.09000000357627869,0.09000000357627869,0.09000000357627869,0
2024-05-30,0.09000000357627869,0.09000000357627869,0.09000000357627869,0.09000000357627869,0.09000000357627869,0
2024-05-31,0.09000000357627869,0.09000000357627869,0.09000000357627869,0.09000000357627869,0.09000000357627869,0
2024-06-03,0.09300000220537186,0.09300000220537186,0.08699999749660492,0.09099999815225601,0.09099999815225601,795207
2024-06-04,0.09099999815225601,0.09099999815225601,0.09099999815225601,0.09099999815225601,0.09099999815225601,0
2024-06-05,0.09099999815225601,0.09099999815225601,0.09099999815225601,0.09099999815225601,0.09099999815225601,0
2024-06-06,0.09099999815225601,0.09099999815225601,0.09099999815225601,0.09099999815225601,0.09099999815225601,0
2024-06-07,0.07900000363588333,0.07900000363588333,0.07900000363588333,0.07900000363588333,0.07900000363588333,37469
2024-06-11,0.07900000363588333,0.07900000363588333,0.07900000363588333,0.07900000363588333,0.07900000363588333,0
2024-06-12,0.07900000363588333,0.07900000363588333,0.07900000363588333,0.07900000363588333,0.07900000363588333,0
2024-06-13,0.07900000363588333,0.07900000363588333,0.07900000363588333,0.07900000363588333,0.07900000363588333,0
2024-06-14,0.07699999958276749,0.07699999958276749,0.07199999690055847,0.07900000363588333,0.07900000363588333,37612
2024-06-17,0.07199999690055847,0.08500000089406967,0.07199999690055847,0.08500000089406967,0.08500000089406967,266906
2024-06-18,0.07699999958276749,0.09799999743700027,0.07699999958276749,0.0860000029206276,0.0860000029206276,32398
2024-06-19,0.0860000029206276,0.0860000029206276,0.0860000029206276,0.0860000029206276,0.0860000029206276,0
2024-06-20,0.08500000089406967,0.09099999815225601,0.08299999684095383,0.08399999886751175,0.08399999886751175,525635
2024-06-21,0.07800000160932541,0.07800000160932541,0.07699999958276749,0.07699999958276749,0.07699999958276749,20000
2024-06-24,0.07500000298023224,0.07500000298023224,0.06700000166893005,0.07500000298023224,0.07500000298023224,49163
2024-06-25,0.07699999958276749,0.07699999958276749,0.07699999958276749,0.07699999958276749,0.07699999958276749,55635
2024-06-26,0.07699999958276749,0.07699999958276749,0.07699999958276749,0.07699999958276749,0.07699999958276749,0
2024-06-27,0.07800000160932541,0.07800000160932541,0.07800000160932541,0.07800000160932541,0.07800000160932541,0
2024-06-28,0.07900000363588333,0.07900000363588333,0.07900000363588333,0.07900000363588333,0.07900000363588333,0
2024-07-02,0.07800000160932541,0.07999999821186066,0.07599999755620956,0.07900000363588333,0.07900000363588333,880574
2024-07-03,0.07900000363588333,0.07900000363588333,0.07900000363588333,0.07900000363588333,0.07900000363588333,0
2024-07-04,0.07900000363588333,0.07900000363588333,0.07900000363588333,0.07900000363588333,0.07900000363588333,0
2024-07-08,0.06499999761581421,0.06599999964237213,0.06499999761581421,0.06599999964237213,0.06599999964237213,50010
2024-07-09,0.06599999964237213,0.07400000095367432,0.061000000685453415,0.0729999989271164,0.0729999989271164,408234
2024-07-10,0.07400000095367432,0.07400000095367432,0.07400000095367432,0.07400000095367432,0.07400000095367432,0
2024-07-11,0.06800000369548798,0.07400000095367432,0.06800000369548798,0.07199999690055847,0.07199999690055847,632254
2024-07-12,0.07199999690055847,0.07199999690055847,0.07199999690055847,0.07199999690055847,0.07199999690055847,0
2024-07-15,0.0689999982714653,0.0689999982714653,0.06300000101327896,0.07199999690055847,0.07199999690055847,792887
2024-07-16,0.07199999690055847,0.07199999690055847,0.07199999690055847,0.07199999690055847,0.07199999690055847,0
2024-07-17,0.06400000303983688,0.06400000303983688,0.06400000303983688,0.07199999690055847,0.07199999690055847,22099
2024-07-18,0.07199999690055847,0.07199999690055847,0.07199999690055847,0.07199999690055847,0.07199999690055847,0
2024-07-19,0.07199999690055847,0.07199999690055847,0.07199999690055847,0.07199999690055847,0.07199999690055847,0
2024-07-22,0.06800000369548798,0.06800000369548798,0.06800000369548798,0.07199999690055847,0.07199999690055847,40000
2024-07-23,0.07199999690055847,0.07199999690055847,0.07199999690055847,0.07199999690055847,0.07199999690055847,0
2024-07-24,0.07199999690055847,0.07199999690055847,0.07199999690055847,0.07199999690055847,0.07199999690055847,0
2024-07-25,0.07199999690055847,0.07199999690055847,0.07199999690055847,0.07199999690055847,0.07199999690055847,0
2024-07-26,0.07199999690055847,0.07199999690055847,0.07199999690055847,0.07199999690055847,0.07199999690055847,0
2024-07-29,0.07199999690055847,0.07199999690055847,0.07199999690055847,0.07199999690055847,0.07199999690055847,0
2024-07-30,0.07000000029802322,0.07000000029802322,0.07000000029802322,0.07000000029802322,0.07000000029802322,0
2024-07-31,0.07000000029802322,0.07000000029802322,0.07000000029802322,0.07000000029802322,0.07000000029802322,0
2024-08-01,0.06499999761581421,0.06800000369548798,0.06499999761581421,0.07000000029802322,0.07000000029802322,50000
2024-08-02,0.07000000029802322,0.07000000029802322,0.07000000029802322,0.07000000029802322,0.07000000029802322,0
2024-08-05,0.07000000029802322,0.07000000029802322,0.07000000029802322,0.07000000029802322,0.07000000029802322,0
2024-08-06,0.07000000029802322,0.07000000029802322,0.07000000029802322,0.07000000029802322,0.07000000029802322,0
2024-08-07,0.07000000029802322,0.07000000029802322,0.07000000029802322,0.07000000029802322,0.07000000029802322,0
2024-08-08,0.06499999761581421,0.07000000029802322,0.06499999761581421,0.07000000029802322,0.07000000029802322,29692
2024-08-09,0.06499999761581421,0.07000000029802322,0.06499999761581421,0.07000000029802322,0.07000000029802322,30000
2024-08-12,0.07000000029802322,0.07000000029802322,0.07000000029802322,0.07000000029802322,0.07000000029802322,0
2024-08-13,0.06499999761581421,0.06499999761581421,0.06400000303983688,0.06400000303983688,0.06400000303983688,90563
2024-08-14,0.06400000303983688,0.06400000303983688,0.06400000303983688,0.06400000303983688,0.06400000303983688,0
2024-08-15,0.06400000303983688,0.06400000303983688,0.06400000303983688,0.06400000303983688,0.06400000303983688,0
2024-08-16,0.06400000303983688,0.06400000303983688,0.06400000303983688,0.06400000303983688,0.06400000303983688,0
2024-08-19,0.0560000017285347,0.0560000017285347,0.0560000017285347,0.06400000303983688,0.06400000303983688,25495
2024-08-20,0.06400000303983688,0.06400000303983688,0.06400000303983688,0.06400000303983688,0.06400000303983688,0
2024-08-21,0.06199999898672104,0.06199999898672104,0.06199999898672104,0.06400000303983688,0.06400000303983688,16979
2024-08-22,0.06499999761581421,0.06499999761581421,0.06499999761581421,0.06499999761581421,0.06499999761581421,0
2024-08-23,0.06499999761581421,0.06499999761581421,0.06499999761581421,0.06499999761581421,0.06499999761581421,0
2024-08-26,0.06499999761581421,0.06499999761581421,0.06499999761581421,0.06499999761581421,0.06499999761581421,0
2024-08-27,0.06499999761581421,0.06499999761581421,0.06499999761581421,0.06499999761581421,0.06499999761581421,0
2024-08-28,0.06499999761581421,0.06499999761581421,0.06499999761581421,0.06499999761581421,0.06499999761581421,0
2024-08-29,0.06499999761581421,0.06499999761581421,0.06499999761581421,0.06499999761581421,0.06499999761581421,0
2024-08-30,0.050999999046325684,0.06800000369548798,0.050999999046325684,0.06800000369548798,0.06800000369548798,157060
2024-09-02,0.05999999865889549,0.05999999865889549,0.05999999865889549,0.06499999761581421,0.06499999761581421,120000
2024-09-03,0.06499999761581421,0.06499999761581421,0.06499999761581421,0.06499999761581421,0.06499999761581421,0
2024-09-04,0.06499999761581421,0.06499999761581421,0.06499999761581421,0.06499999761581421,0.06499999761581421,0
2024-09-05,0.06499999761581421,0.06499999761581421,0.06499999761581421,0.06499999761581421,0.06499999761581421,0
2024-09-09,0.06199999898672104,0.06199999898672104,0.061000000685453415,0.061000000685453415,0.061000000685453415,185999
2024-09-10,0.061000000685453415,0.061000000685453415,0.061000000685453415,0.061000000685453415,0.061000000685453415,0
2024-09-11,0.06400000303983688,0.06400000303983688,0.06400000303983688,0.06400000303983688,0.06400000303983688,100000
2024-09-12,0.06400000303983688,0.06400000303983688,0.06400000303983688,0.06400000303983688,0.06400000303983688,0
2024-09-13,0.06300000101327896,0.06300000101327896,0.06300000101327896,0.06300000101327896,0.06300000101327896,0
2024-09-16,0.06300000101327896,0.06300000101327896,0.06300000101327896,0.06300000101327896,0.06300000101327896,0
2024-09-17,0.06300000101327896,0.06300000101327896,0.06300000101327896,0.06300000101327896,0.06300000101327896,0
2024-09-19,0.06499999761581421,0.06499999761581421,0.06499999761581421,0.07000000029802322,0.07000000029802322,10000
2024-09-20,0.0689999982714653,0.0689999982714653,0.0689999982714653,0.0689999982714653,0.0689999982714653,0
2024-09-23,0.06800000369548798,0.06800000369548798,0.06800000369548798,0.06800000369548798,0.06800000369548798,0
2024-09-24,0.06700000166893005,0.0689999982714653,0.06700000166893005,0.0689999982714653,0.0689999982714653,72817
2024-09-25,0.0689999982714653,0.0689999982714653,0.0689999982714653,0.0689999982714653,0.0689999982714653,0
2024-09-26,0.0689999982714653,0.07500000298023224,0.0689999982714653,0.0689999982714653,0.0689999982714653,541690
2024-09-27,0.05700000002980232,0.06700000166893005,0.06700000166893005,0.06700000166893005,0.06700000166893005,1004649
2024-09-30,0.06700000166893005,0.07400000095367432,0.054999999701976776,0.06599999964237213,0.06599999964237213,1577308
