Date,Open,High,Low,Close,Adj Close,Volume
2002-05-10,1.2599999904632568,1.5333329439163208,1.2533329725265503,1.4833329916000366,0.8677958250045776,232122000
2002-05-13,1.5333329439163208,1.6166659593582153,1.4500000476837158,1.600000023841858,0.9360494613647461,68310000
2002-05-14,1.600000023841858,1.6166659593582153,1.5333329439163208,1.5833330154418945,0.9262987375259399,32118000
2002-05-15,1.600000023841858,1.8166660070419312,1.600000023841858,1.766666054725647,1.0335544347763062,63585000
2002-05-16,1.766666054725647,1.7999999523162842,1.7166659832000732,1.7333329916000366,1.0140535831451416,18888000
2002-05-17,1.75,1.766666054725647,1.666666030883789,1.7333329916000366,1.0140535831451416,23961000
2002-05-20,1.7333329916000366,1.7333329916000366,1.7333329916000366,1.7333329916000366,1.0140535831451416,0
2002-05-21,1.7166659832000732,1.766666054725647,1.6333329677581787,1.6833330392837524,0.9848021268844604,12861000
2002-05-22,1.7000000476837158,1.916666030883789,1.7000000476837158,1.916666030883789,1.1213089227676392,54369000
2002-05-23,1.8833329677581787,1.899999976158142,1.7833329439163208,1.7999999523162842,1.053055763244629,18711000
2002-05-24,1.8166660070419312,1.850000023841858,1.7833329439163208,1.8333330154418945,1.072556972503662,8955000
2002-05-27,1.7999999523162842,1.8833329677581787,1.7999999523162842,1.8833329677581787,1.1018084287643433,6843000
2002-05-28,1.850000023841858,1.8666659593582153,1.7833329439163208,1.8166660070419312,1.0628061294555664,11535000
2002-05-29,1.7999999523162842,1.850000023841858,1.7166659832000732,1.8166660070419312,1.0628061294555664,7134000
2002-05-30,1.8166660070419312,1.850000023841858,1.7333329916000366,1.850000023841858,1.0823075771331787,11589000
2002-05-31,1.8666659593582153,1.899999976158142,1.7999999523162842,1.8333330154418945,1.072556972503662,9972000
2002-06-03,1.7999999523162842,1.8166660070419312,1.766666054725647,1.7999999523162842,1.053055763244629,8334000
2002-06-04,1.766666054725647,1.7833329439163208,1.75,1.766666054725647,1.0335544347763062,2109000
2002-06-05,1.75,1.7833329439163208,1.7333329916000366,1.7833329439163208,1.0433050394058228,3048000
2002-06-06,1.7999999523162842,1.7999999523162842,1.7333329916000366,1.75,1.0238044261932373,3300000
2002-06-07,1.75,1.766666054725647,1.6833330392837524,1.766666054725647,1.0335544347763062,7197000
2002-06-10,1.766666054725647,1.7833329439163208,1.7333329916000366,1.766666054725647,1.0335544347763062,804000
2002-06-11,1.766666054725647,1.766666054725647,1.666666030883789,1.7000000476837158,0.9945526719093323,6894000
2002-06-12,1.6833330392837524,1.7000000476837158,1.5833330154418945,1.6166659593582153,0.9457999467849731,9855000
2002-06-13,1.6166659593582153,1.6833330392837524,1.600000023841858,1.649999976158142,0.965301513671875,8106000
2002-06-14,1.6333329677581787,1.6833330392837524,1.5833330154418945,1.6333329677581787,0.955550491809845,13935000
2002-06-17,1.6333329677581787,1.6333329677581787,1.5666660070419312,1.5833330154418945,0.9262987375259399,2505000
2002-06-18,1.6333329677581787,1.6333329677581787,1.516666054725647,1.5499999523162842,0.9067981839179993,3186000
2002-06-19,1.5,1.516666054725647,1.3833329677581787,1.4333330392837524,0.8385443091392517,6975000
2002-06-20,1.3833329677581787,1.4833329916000366,1.3666659593582153,1.4833329916000366,0.8677958250045776,3351000
2002-06-21,1.399999976158142,1.516666054725647,1.3833329677581787,1.516666054725647,0.8872968554496765,3912000
2002-06-24,1.4833329916000366,1.516666054725647,1.4666659832000732,1.516666054725647,0.8872968554496765,456000
2002-06-25,1.5,1.5,1.4666659832000732,1.5,0.8775462508201599,852000
2002-06-26,1.4500000476837158,1.4500000476837158,1.3833329677581787,1.3833329677581787,0.8092926144599915,1962000
2002-06-27,1.4333330392837524,1.4833329916000366,1.4333330392837524,1.4666659832000732,0.858045220375061,6558000
2002-06-28,1.5,1.5666660070419312,1.4833329916000366,1.516666054725647,0.8872968554496765,10452000
2002-07-01,1.516666054725647,1.516666054725647,1.516666054725647,1.516666054725647,0.8872968554496765,0
2002-07-02,1.516666054725647,1.5499999523162842,1.5,1.5499999523162842,0.9067981839179993,2889000
2002-07-03,1.5499999523162842,1.5666660070419312,1.5333329439163208,1.5333329439163208,0.8970473408699036,2178000
2002-07-04,1.5666660070419312,1.5833330154418945,1.5499999523162842,1.5833330154418945,0.9262987375259399,1758000
2002-07-05,1.5833330154418945,1.6166659593582153,1.5666660070419312,1.5666660070419312,0.9165483117103577,3732000
2002-07-08,1.600000023841858,1.6166659593582153,1.5499999523162842,1.5833330154418945,0.9262987375259399,2769000
2002-07-09,1.5499999523162842,1.5833330154418945,1.5499999523162842,1.5833330154418945,0.9262987375259399,498000
2002-07-10,1.5333329439163208,1.5333329439163208,1.516666054725647,1.5333329439163208,0.8970473408699036,1386000
2002-07-11,1.5333329439163208,1.5333329439163208,1.4666659832000732,1.5,0.8775462508201599,2187000
2002-07-12,1.516666054725647,1.5499999523162842,1.516666054725647,1.5499999523162842,0.9067981839179993,636000
2002-07-15,1.5333329439163208,1.5499999523162842,1.516666054725647,1.5333329439163208,0.8970473408699036,654000
2002-07-16,1.516666054725647,1.516666054725647,1.4333330392837524,1.4500000476837158,0.8482949137687683,2616000
2002-07-17,1.416666030883789,1.4666659832000732,1.416666030883789,1.4666659832000732,0.858045220375061,1863000
2002-07-18,1.4666659832000732,1.4666659832000732,1.4500000476837158,1.4666659832000732,0.858045220375061,975000
2002-07-19,1.4666659832000732,1.4666659832000732,1.4333330392837524,1.4333330392837524,0.8385443091392517,1038000
2002-07-22,1.3666659593582153,1.399999976158142,1.350000023841858,1.3833329677581787,0.8092926144599915,1866000
2002-07-23,1.350000023841858,1.3666659593582153,1.326665997505188,1.3666659593582153,0.799542248249054,3411000
2002-07-24,1.350000023841858,1.350000023841858,1.2933330535888672,1.2999999523162842,0.7605403661727905,10713000
2002-07-25,1.3333330154418945,1.3333330154418945,1.2466659545898438,1.2533329725265503,0.7332386374473572,6381000
2002-07-26,1.2000000476837158,1.2200000286102295,1.166666030883789,1.2200000286102295,0.7137377858161926,2442000
2002-07-29,1.2333329916000366,1.3666659593582153,1.2333329916000366,1.350000023841858,0.7897918224334717,4122000
2002-07-30,1.3666659593582153,1.4666659832000732,1.350000023841858,1.416666030883789,0.8287937045097351,7473000
2002-07-31,1.416666030883789,1.4333330392837524,1.416666030883789,1.416666030883789,0.8287937045097351,357000
2002-08-01,1.416666030883789,1.5,1.3833329677581787,1.4833329916000366,0.8677958250045776,7836000
2002-08-02,1.4666659832000732,1.4833329916000366,1.3333330154418945,1.3666659593582153,0.799542248249054,4962000
2002-08-05,1.3333330154418945,1.350000023841858,1.2933330535888672,1.3133330345153809,0.7683404684066772,1369500
2002-08-06,1.266666054725647,1.2799999713897705,1.2066659927368164,1.2799999713897705,0.7488396167755127,3126000
2002-08-07,1.3133330345153809,1.3333330154418945,1.2866660356521606,1.2999999523162842,0.7605403661727905,1714500
2002-08-08,1.2999999523162842,1.2999999523162842,1.2400000095367432,1.2933330535888672,0.7566401362419128,297000
2002-08-09,1.3133330345153809,1.3133330345153809,1.2533329725265503,1.2533329725265503,0.7332386374473572,1875000
2002-08-12,1.2466659545898438,1.2533329725265503,1.213333010673523,1.2533329725265503,0.7332386374473572,271500
2002-08-13,1.2333329916000366,1.2999999523162842,1.22666597366333,1.2933330535888672,0.7566401362419128,867000
2002-08-14,1.2533329725265503,1.266666054725647,1.2400000095367432,1.2533329725265503,0.7332386374473572,1155000
2002-08-15,1.3200000524520874,1.3200000524520874,1.2933330535888672,1.2999999523162842,0.7605403661727905,189000
2002-08-16,1.2999999523162842,1.3133330345153809,1.2533329725265503,1.2999999523162842,0.7605403661727905,273000
2002-08-19,1.266666054725647,1.266666054725647,1.2599999904632568,1.2599999904632568,0.7371390461921692,75000
2002-08-20,1.3200000524520874,1.350000023841858,1.2933330535888672,1.326665997505188,0.7761410474777222,1440000
2002-08-21,1.3200000524520874,1.3666659593582153,1.3133330345153809,1.3333330154418945,0.7800410985946655,2496000
2002-08-22,1.350000023841858,1.3666659593582153,1.3133330345153809,1.3200000524520874,0.7722408771514893,1485000
2002-08-23,1.3200000524520874,1.3200000524520874,1.3200000524520874,1.3200000524520874,0.7722408771514893,0
2002-08-26,1.350000023841858,1.350000023841858,1.3200000524520874,1.3200000524520874,0.7722408771514893,159000
2002-08-27,1.3200000524520874,1.3200000524520874,1.2999999523162842,1.3066660165786743,0.7644402384757996,1044000
2002-08-28,1.2999999523162842,1.326665997505188,1.2999999523162842,1.3200000524520874,0.7722408771514893,879000
2002-08-29,1.3200000524520874,1.3333330154418945,1.3133330345153809,1.3333330154418945,0.7800410985946655,351000
2002-08-30,1.3066660165786743,1.326665997505188,1.3066660165786743,1.3066660165786743,0.7644402384757996,33000
2002-09-02,1.3333330154418945,1.3333330154418945,1.2999999523162842,1.2999999523162842,0.7605403661727905,39000
2002-09-03,1.2999999523162842,1.2999999523162842,1.2799999713897705,1.2866660356521606,0.752739429473877,651000
2002-09-04,1.266666054725647,1.2866660356521606,1.266666054725647,1.2866660356521606,0.752739429473877,243000
2002-09-05,1.266666054725647,1.2999999523162842,1.266666054725647,1.2933330535888672,0.768587052822113,705000
2002-09-06,1.2933330535888672,1.3066660165786743,1.2799999713897705,1.3066660165786743,0.7765103578567505,762000
2002-09-09,1.3066660165786743,1.350000023841858,1.2933330535888672,1.350000023841858,0.8022622466087341,546000
2002-09-10,1.3200000524520874,1.3200000524520874,1.3200000524520874,1.3200000524520874,0.7844341993331909,210000
2002-09-11,1.3200000524520874,1.3200000524520874,1.3200000524520874,1.3200000524520874,0.7844341993331909,15000
2002-09-12,1.3133330345153809,1.3133330345153809,1.3066660165786743,1.3133330345153809,0.7804722189903259,393000
2002-09-13,1.2999999523162842,1.3066660165786743,1.2933330535888672,1.2933330535888672,0.768587052822113,1047000
2002-09-16,1.2933330535888672,1.3066660165786743,1.2799999713897705,1.2799999713897705,0.7606633305549622,288000
2002-09-17,1.2866660356521606,1.2999999523162842,1.2866660356521606,1.2933330535888672,0.768587052822113,501000
2002-09-18,1.2866660356521606,1.2866660356521606,1.2533329725265503,1.2533329725265503,0.7448160648345947,2328000
2002-09-19,1.266666054725647,1.2799999713897705,1.2533329725265503,1.2599999904632568,0.7487780451774597,870000
2002-09-20,1.2599999904632568,1.2599999904632568,1.22666597366333,1.2533329725265503,0.7448160648345947,1113000
2002-09-23,1.2533329725265503,1.3333330154418945,1.2533329725265503,1.3333330154418945,0.7923575639724731,756000
2002-09-24,1.2866660356521606,1.2866660356521606,1.2799999713897705,1.2799999713897705,0.7606633305549622,225000
2002-09-25,1.2799999713897705,1.2799999713897705,1.2400000095367432,1.2533329725265503,0.7448160648345947,1845000
2002-09-26,1.266666054725647,1.266666054725647,1.2599999904632568,1.2599999904632568,0.7487780451774597,162000
2002-09-27,1.2599999904632568,1.2866660356521606,1.2599999904632568,1.2866660356521606,0.764624834060669,216000
2002-09-30,1.2599999904632568,1.273332953453064,1.2599999904632568,1.2599999904632568,0.7487780451774597,144000
2002-10-01,1.2599999904632568,1.2599999904632568,1.2599999904632568,1.2599999904632568,0.7487780451774597,0
2002-10-02,1.266666054725647,1.266666054725647,1.2400000095367432,1.2400000095367432,0.7368927597999573,3891000
2002-10-03,1.2333329916000366,1.2333329916000366,1.213333010673523,1.213333010673523,0.7210454940795898,330000
2002-10-04,1.213333010673523,1.213333010673523,1.213333010673523,1.213333010673523,0.7210454940795898,153000
2002-10-07,1.2000000476837158,1.2000000476837158,1.1733330488204956,1.1933330297470093,0.7091600894927979,255000
2002-10-08,1.1733330488204956,1.1733330488204956,1.166666030883789,1.1733330488204956,0.6972746849060059,645000
2002-10-09,1.2333329916000366,1.2333329916000366,1.1866660118103027,1.1866660118103027,0.7051981091499329,342000
2002-10-10,1.1466660499572754,1.166666030883789,1.100000023841858,1.100000023841858,0.6536951661109924,1824000
2002-10-11,1.3333330154418945,1.3333330154418945,1.1200000047683716,1.166666030883789,0.6933128237724304,135000
2002-10-14,1.166666030883789,1.166666030883789,1.166666030883789,1.166666030883789,0.6933128237724304,0
2002-10-15,1.166666030883789,1.1799999475479126,1.1333329677581787,1.166666030883789,0.6933128237724304,594000
2002-10-16,1.2000000476837158,1.2000000476837158,1.1799999475479126,1.1799999475479126,0.7012366652488708,1755000
2002-10-17,1.1799999475479126,1.1866660118103027,1.1799999475479126,1.1799999475479126,0.7012366652488708,198000
2002-10-18,1.2000000476837158,1.2066659927368164,1.1866660118103027,1.1933330297470093,0.7091600894927979,5283000
2002-10-21,1.213333010673523,1.2400000095367432,1.213333010673523,1.22666597366333,0.7289687991142273,3168000
2002-10-22,1.2333329916000366,1.2333329916000366,1.1466660499572754,1.159999966621399,0.6893512606620789,1716000
2002-10-23,1.1799999475479126,1.1933330297470093,1.166666030883789,1.1866660118103027,0.7051981091499329,498000
2002-10-24,1.1733330488204956,1.1733330488204956,1.1466660499572754,1.1733330488204956,0.6972746849060059,303000
2002-10-25,1.1533329486846924,1.2000000476837158,1.113332986831665,1.2000000476837158,0.7131221294403076,1386000
2002-10-28,1.1466660499572754,1.159999966621399,1.1399999856948853,1.1399999856948853,0.6774659752845764,63000
2002-10-29,1.1333329677581787,1.1466660499572754,1.113332986831665,1.1333329677581787,0.6735039949417114,696000
2002-10-30,1.100000023841858,1.1333329677581787,1.100000023841858,1.1333329677581787,0.6735039949417114,444000
2002-10-31,1.100000023841858,1.1266659498214722,1.0666660070419312,1.100000023841858,0.6536951661109924,2457000
2002-11-01,1.0933330059051514,1.0933330059051514,0.9800000190734863,0.9866660237312317,0.5863444209098816,7413000
2002-11-04,1.0,1.0466660261154175,1.0,1.0199999809265137,0.606153666973114,7752000
2002-11-05,1.0266660451889038,1.059999942779541,1.0199999809265137,1.0333329439163208,0.6140770316123962,6603000
2002-11-06,1.0466660261154175,1.0800000429153442,1.0266660451889038,1.0666660070419312,0.6338858604431152,9231000
2002-11-07,1.0933330059051514,1.2000000476837158,1.0733330249786377,1.1933330297470093,0.7091600894927979,14739000
2002-11-08,1.1866660118103027,1.1866660118103027,1.1399999856948853,1.166666030883789,0.6933128237724304,2737500
2002-11-11,1.166666030883789,1.166666030883789,1.1066659688949585,1.1200000047683716,0.6655805110931396,2601000
2002-11-12,1.1266659498214722,1.1266659498214722,1.113332986831665,1.113332986831665,0.6616184711456299,492000
2002-11-13,1.113332986831665,1.113332986831665,1.0866659879684448,1.0866659879684448,0.645771324634552,1584000
2002-11-14,1.0933330059051514,1.113332986831665,1.0933330059051514,1.113332986831665,0.6616184711456299,498000
2002-11-15,1.1200000047683716,1.2000000476837158,1.1200000047683716,1.1733330488204956,0.6972746849060059,2694000
2002-11-18,1.1266659498214722,1.1466660499572754,1.1266659498214722,1.1466660499572754,0.6814274787902832,90000
2002-11-19,1.1333329677581787,1.1533329486846924,1.1266659498214722,1.1533329486846924,0.6853892803192139,87000
2002-11-20,1.1333329677581787,1.1533329486846924,1.1266659498214722,1.1533329486846924,0.6853892803192139,180000
2002-11-21,1.1266659498214722,1.1266659498214722,1.1266659498214722,1.1266659498214722,0.6695418953895569,246000
2002-11-22,1.1466660499572754,1.1533329486846924,1.1399999856948853,1.1399999856948853,0.6774659752845764,495000
2002-11-25,1.159999966621399,1.159999966621399,1.1533329486846924,1.1533329486846924,0.6853892803192139,0
2002-11-26,1.1533329486846924,1.22666597366333,1.1533329486846924,1.2066659927368164,0.7170835137367249,3081000
2002-11-27,1.2066659927368164,1.2200000286102295,1.2000000476837158,1.2000000476837158,0.7131221294403076,639000
2002-11-28,1.213333010673523,1.3066660165786743,1.2066659927368164,1.2866660356521606,0.764624834060669,5826000
2002-11-29,1.2333329916000366,1.2533329725265503,1.2333329916000366,1.2333329916000366,0.7329308986663818,945000
2002-12-02,1.2333329916000366,1.2333329916000366,1.2333329916000366,1.2333329916000366,0.7329308986663818,0
2002-12-03,1.2333329916000366,1.2333329916000366,1.213333010673523,1.213333010673523,0.7210454940795898,543000
2002-12-04,1.1866660118103027,1.213333010673523,1.1866660118103027,1.1866660118103027,0.7051981091499329,249000
2002-12-05,1.1866660118103027,1.2333329916000366,1.1866660118103027,1.2000000476837158,0.7131221294403076,1338000
2002-12-06,1.213333010673523,1.213333010673523,1.1933330297470093,1.2000000476837158,0.7131221294403076,678000
2002-12-09,1.2200000286102295,1.2200000286102295,1.1799999475479126,1.1799999475479126,0.7012366652488708,165000
2002-12-10,1.166666030883789,1.1733330488204956,1.166666030883789,1.166666030883789,0.6933128237724304,105000
2002-12-11,1.166666030883789,1.166666030883789,1.159999966621399,1.159999966621399,0.6893512606620789,195000
2002-12-12,1.166666030883789,1.1733330488204956,1.166666030883789,1.1733330488204956,0.6972746849060059,195000
2002-12-13,1.1733330488204956,1.1733330488204956,1.1733330488204956,1.1733330488204956,0.6972746849060059,75000
2002-12-16,1.1733330488204956,1.1799999475479126,1.166666030883789,1.166666030883789,0.6933128237724304,1101000
2002-12-17,1.1733330488204956,1.1733330488204956,1.1533329486846924,1.1533329486846924,0.6853892803192139,1350000
2002-12-18,1.1533329486846924,1.1533329486846924,1.1399999856948853,1.1533329486846924,0.6853892803192139,690000
2002-12-19,1.159999966621399,1.1733330488204956,1.159999966621399,1.1733330488204956,0.6972746849060059,132000
2002-12-20,1.166666030883789,1.166666030883789,1.166666030883789,1.166666030883789,0.6933128237724304,87000
2002-12-23,1.166666030883789,1.166666030883789,1.166666030883789,1.166666030883789,0.6933128237724304,15000
2002-12-24,1.1799999475479126,1.1799999475479126,1.1799999475479126,1.1799999475479126,0.7012366652488708,45000
2002-12-25,1.1799999475479126,1.1799999475479126,1.1799999475479126,1.1799999475479126,0.7012366652488708,0
2002-12-26,1.1799999475479126,1.1799999475479126,1.1799999475479126,1.1799999475479126,0.7012366652488708,0
2002-12-27,1.1799999475479126,1.1799999475479126,1.166666030883789,1.1799999475479126,0.7012366652488708,102000
2002-12-30,1.166666030883789,1.166666030883789,1.166666030883789,1.166666030883789,0.6933128237724304,240000
2002-12-31,1.2000000476837158,1.2000000476837158,1.166666030883789,1.166666030883789,0.6933128237724304,0
2003-01-01,1.166666030883789,1.166666030883789,1.166666030883789,1.166666030883789,0.6933128237724304,0
2003-01-02,1.1866660118103027,1.1866660118103027,1.166666030883789,1.166666030883789,0.6933128237724304,0
2003-01-03,1.1866660118103027,1.213333010673523,1.1866660118103027,1.2000000476837158,0.7131221294403076,195000
2003-01-06,1.1866660118103027,1.22666597366333,1.1866660118103027,1.22666597366333,0.7289687991142273,18000
2003-01-07,1.2400000095367432,1.2400000095367432,1.2000000476837158,1.22666597366333,0.7289687991142273,210000
2003-01-08,1.22666597366333,1.273332953453064,1.22666597366333,1.2533329725265503,0.7448160648345947,1368000
2003-01-09,1.266666054725647,1.266666054725647,1.2333329916000366,1.2466659545898438,0.7408539652824402,1197000
2003-01-10,1.266666054725647,1.273332953453064,1.2533329725265503,1.2599999904632568,0.7487780451774597,894000
2003-01-13,1.2599999904632568,1.3200000524520874,1.2599999904632568,1.3200000524520874,0.7844341993331909,2121000
2003-01-14,1.3200000524520874,1.3200000524520874,1.2933330535888672,1.3133330345153809,0.7804722189903259,1044000
2003-01-15,1.3066660165786743,1.3066660165786743,1.273332953453064,1.273332953453064,0.7567014694213867,492000
2003-01-16,1.273332953453064,1.399999976158142,1.273332953453064,1.350000023841858,0.8022622466087341,3303000
2003-01-17,1.3333330154418945,1.350000023841858,1.3200000524520874,1.3200000524520874,0.7844341993331909,720000
2003-01-20,1.3066660165786743,1.3133330345153809,1.2999999523162842,1.3133330345153809,0.7804722189903259,345000
2003-01-21,1.3133330345153809,1.3666659593582153,1.3133330345153809,1.3333330154418945,0.7923575639724731,1158000
2003-01-22,1.350000023841858,1.3833329677581787,1.350000023841858,1.3666659593582153,0.8121665120124817,1362000
2003-01-23,1.3666659593582153,1.3833329677581787,1.3666659593582153,1.3833329677581787,0.8318093419075012,2142000
2003-01-24,1.3833329677581787,1.3833329677581787,1.326665997505188,1.350000023841858,0.8117658495903015,774000
2003-01-27,1.350000023841858,1.350000023841858,1.350000023841858,1.350000023841858,0.8117658495903015,0
2003-01-28,1.350000023841858,1.350000023841858,1.350000023841858,1.350000023841858,0.8117658495903015,0
2003-01-29,1.273332953453064,1.273332953453064,1.273332953453064,1.273332953453064,0.7656652927398682,15000
2003-01-30,1.2999999523162842,1.2999999523162842,1.2999999523162842,1.2999999523162842,0.7817004919052124,60000
2003-01-31,1.2999999523162842,1.2999999523162842,1.2999999523162842,1.2999999523162842,0.7817004919052124,0
2003-02-03,1.2999999523162842,1.2999999523162842,1.2999999523162842,1.2999999523162842,0.7817004919052124,0
2003-02-04,1.2799999713897705,1.3333330154418945,1.2799999713897705,1.326665997505188,0.7977351546287537,1936500
2003-02-05,1.3066660165786743,1.3133330345153809,1.2866660356521606,1.2933330535888672,0.7776917219161987,531000
2003-02-06,1.2933330535888672,1.2933330535888672,1.2866660356521606,1.2866660356521606,0.7736825942993164,66000
2003-02-07,1.2933330535888672,1.350000023841858,1.2933330535888672,1.3333330154418945,0.8017438650131226,1749000
2003-02-10,1.350000023841858,1.350000023841858,1.3133330345153809,1.3133330345153809,0.7897176146507263,1071000
2003-02-11,1.3200000524520874,1.3200000524520874,1.3066660165786743,1.3200000524520874,0.7937266230583191,630000
2003-02-12,1.3133330345153809,1.3833329677581787,1.3133330345153809,1.3666659593582153,0.8217873573303223,2703000
2003-02-13,1.3833329677581787,1.3833329677581787,1.3133330345153809,1.350000023841858,0.8117658495903015,597000
2003-02-14,1.3333330154418945,1.3333330154418945,1.3133330345153809,1.3133330345153809,0.7897176146507263,324000
2003-02-17,1.3133330345153809,1.3133330345153809,1.2866660356521606,1.2933330535888672,0.7776917219161987,331500
2003-02-18,1.3066660165786743,1.350000023841858,1.2999999523162842,1.3333330154418945,0.8017438650131226,2931000
2003-02-19,1.3333330154418945,1.3333330154418945,1.3066660165786743,1.3066660165786743,0.7857088446617126,837000
2003-02-20,1.3066660165786743,1.3066660165786743,1.3066660165786743,1.3066660165786743,0.7857088446617126,90000
2003-02-21,1.3066660165786743,1.3066660165786743,1.3066660165786743,1.3066660165786743,0.7857088446617126,75000
2003-02-24,1.2999999523162842,1.2999999523162842,1.2933330535888672,1.2933330535888672,0.7776917219161987,135000
2003-02-25,1.2866660356521606,1.2866660356521606,1.2799999713897705,1.2866660356521606,0.7736825942993164,207000
2003-02-26,1.2866660356521606,1.2866660356521606,1.2866660356521606,1.2866660356521606,0.7736825942993164,75000
2003-02-27,1.3200000524520874,1.3200000524520874,1.3133330345153809,1.3200000524520874,0.7937266230583191,99000
2003-02-28,1.3066660165786743,1.3133330345153809,1.3066660165786743,1.3133330345153809,0.7897176146507263,165000
2003-03-03,1.3133330345153809,1.3133330345153809,1.3133330345153809,1.3133330345153809,0.7897176146507263,165000
2003-03-04,1.3200000524520874,1.3200000524520874,1.3133330345153809,1.3133330345153809,0.7897176146507263,501000
2003-03-05,1.3066660165786743,1.3066660165786743,1.2999999523162842,1.2999999523162842,0.7817004919052124,390000
2003-03-06,1.2933330535888672,1.2933330535888672,1.266666054725647,1.273332953453064,0.7656652927398682,1548000
2003-03-07,1.2599999904632568,1.273332953453064,1.2466659545898438,1.2533329725265503,0.7536392211914062,750000
2003-03-10,1.2333329916000366,1.2333329916000366,1.2333329916000366,1.2333329916000366,0.7416131496429443,15000
2003-03-11,1.2333329916000366,1.2333329916000366,1.2200000286102295,1.22666597366333,0.7376043200492859,189000
2003-03-12,1.2333329916000366,1.2466659545898438,1.2333329916000366,1.2333329916000366,0.7416131496429443,1290000
2003-03-13,1.2400000095367432,1.2400000095367432,1.2400000095367432,1.2400000095367432,0.7456218600273132,75000
2003-03-14,1.2533329725265503,1.266666054725647,1.2533329725265503,1.266666054725647,0.7616565823554993,4632000
2003-03-17,1.2533329725265503,1.2533329725265503,1.2533329725265503,1.2533329725265503,0.7536392211914062,75000
2003-03-18,1.2333329916000366,1.2333329916000366,1.2333329916000366,1.2333329916000366,0.7416131496429443,2415000
2003-03-19,1.2400000095367432,1.2400000095367432,1.2400000095367432,1.2400000095367432,0.7456218600273132,414000
2003-03-20,1.2533329725265503,1.266666054725647,1.2400000095367432,1.2400000095367432,0.7456218600273132,795000
2003-03-21,1.2400000095367432,1.2799999713897705,1.22666597366333,1.266666054725647,0.7616565823554993,4398000
2003-03-24,1.266666054725647,1.266666054725647,1.2400000095367432,1.2400000095367432,0.7456218600273132,0
2003-03-25,1.2533329725265503,1.2533329725265503,1.22666597366333,1.2333329916000366,0.7416131496429443,4395000
2003-03-26,1.2333329916000366,1.2533329725265503,1.2333329916000366,1.2400000095367432,0.7456218600273132,3948000
2003-03-27,1.2200000286102295,1.2200000286102295,1.166666030883789,1.166666030883789,0.7015259265899658,606000
2003-03-28,1.1399999856948853,1.1733330488204956,1.1399999856948853,1.159999966621399,0.6975173950195312,555000
2003-03-31,1.1399999856948853,1.1399999856948853,1.100000023841858,1.1200000047683716,0.6734650731086731,537000
2003-04-01,1.1266659498214722,1.1533329486846924,1.0933330059051514,1.1333329677581787,0.6814822554588318,444000
2003-04-02,1.1266659498214722,1.1266659498214722,1.1266659498214722,1.1266659498214722,0.6774733662605286,30000
2003-04-03,1.1399999856948853,1.1399999856948853,1.1399999856948853,1.1399999856948853,0.6854912638664246,24000
2003-04-04,1.2000000476837158,1.2000000476837158,1.1866660118103027,1.1866660118103027,0.713551938533783,165000
2003-04-07,1.1866660118103027,1.1866660118103027,1.1866660118103027,1.1866660118103027,0.713551938533783,45000
2003-04-08,1.1933330297470093,1.1933330297470093,1.1866660118103027,1.1866660118103027,0.713551938533783,388500
2003-04-09,1.1733330488204956,1.1733330488204956,1.166666030883789,1.166666030883789,0.7015259265899658,117000
2003-04-10,1.166666030883789,1.1799999475479126,1.166666030883789,1.1799999475479126,0.7095436453819275,447000
2003-04-11,1.1933330297470093,1.1933330297470093,1.166666030883789,1.166666030883789,0.7015259265899658,0
2003-04-14,1.166666030883789,1.1733330488204956,1.166666030883789,1.1733330488204956,0.7055345177650452,360000
2003-04-15,1.1733330488204956,1.1733330488204956,1.166666030883789,1.166666030883789,0.7015259265899658,0
2003-04-16,1.1733330488204956,1.1733330488204956,1.1333329677581787,1.1333329677581787,0.6814822554588318,144000
2003-04-17,1.1399999856948853,1.166666030883789,1.1399999856948853,1.166666030883789,0.7015259265899658,4440000
2003-04-18,1.166666030883789,1.166666030883789,1.166666030883789,1.166666030883789,0.7015259265899658,0
2003-04-21,1.166666030883789,1.166666030883789,1.166666030883789,1.166666030883789,0.7015259265899658,0
2003-04-22,1.1866660118103027,1.2066659927368164,1.1866660118103027,1.2066659927368164,0.7255780696868896,180000
2003-04-23,1.2000000476837158,1.2200000286102295,1.2000000476837158,1.2066659927368164,0.7255780696868896,789000
2003-04-24,1.2000000476837158,1.2066659927368164,1.2000000476837158,1.2000000476837158,0.7215697765350342,1806000
2003-04-25,1.2000000476837158,1.2000000476837158,1.2000000476837158,1.2000000476837158,0.7215697765350342,3918000
2003-04-28,1.2333329916000366,1.2333329916000366,1.2000000476837158,1.2000000476837158,0.7215697765350342,0
2003-04-29,1.2333329916000366,1.2333329916000366,1.2200000286102295,1.2200000286102295,0.7335959076881409,150000
2003-04-30,1.2200000286102295,1.2200000286102295,1.2066659927368164,1.2066659927368164,0.7255780696868896,0
2003-05-01,1.2066659927368164,1.2066659927368164,1.2066659927368164,1.2066659927368164,0.7255780696868896,0
2003-05-02,1.2200000286102295,1.266666054725647,1.2200000286102295,1.266666054725647,0.7616565823554993,393000
2003-05-05,1.2866660356521606,1.3066660165786743,1.2866660356521606,1.2933330535888672,0.7776917219161987,570000
2003-05-06,1.2999999523162842,1.2999999523162842,1.273332953453064,1.273332953453064,0.7656652927398682,0
2003-05-07,1.2999999523162842,1.3666659593582153,1.2999999523162842,1.3666659593582153,0.8217873573303223,2136000
2003-05-08,1.3666659593582153,1.3666659593582153,1.3666659593582153,1.3666659593582153,0.8217873573303223,0
2003-05-09,1.326665997505188,1.326665997505188,1.326665997505188,1.326665997505188,0.7977351546287537,516000
2003-05-12,1.3333330154418945,1.399999976158142,1.326665997505188,1.399999976158142,0.8418312072753906,1440000
2003-05-13,1.399999976158142,1.399999976158142,1.3666659593582153,1.399999976158142,0.8418312072753906,297000
2003-05-14,1.399999976158142,1.416666030883789,1.399999976158142,1.416666030883789,0.8518526554107666,1242000
2003-05-15,1.416666030883789,1.4500000476837158,1.416666030883789,1.4500000476837158,0.8718967437744141,1143000
2003-05-16,1.416666030883789,1.4333330392837524,1.416666030883789,1.4333330392837524,0.8618746995925903,48000
2003-05-19,1.4333330392837524,1.4666659832000732,1.399999976158142,1.4666659832000732,0.8819180130958557,669000
2003-05-20,1.416666030883789,1.4833329916000366,1.416666030883789,1.4500000476837158,0.8718967437744141,56382000
2003-05-21,1.4333330392837524,1.4500000476837158,1.3833329677581787,1.4333330392837524,0.8618746995925903,2961000
2003-05-22,1.4333330392837524,1.4666659832000732,1.416666030883789,1.4333330392837524,0.8618746995925903,2757000
2003-05-23,1.4500000476837158,1.4500000476837158,1.4333330392837524,1.4333330392837524,0.8618746995925903,2268000
2003-05-26,1.4333330392837524,1.4666659832000732,1.399999976158142,1.399999976158142,0.8418312072753906,2373000
2003-05-27,1.399999976158142,1.416666030883789,1.399999976158142,1.416666030883789,0.8518526554107666,348000
2003-05-28,1.4333330392837524,1.4333330392837524,1.416666030883789,1.416666030883789,0.8518526554107666,2859000
2003-05-29,1.3833329677581787,1.416666030883789,1.3666659593582153,1.399999976158142,0.8418312072753906,1749000
2003-05-30,1.3833329677581787,1.4333330392837524,1.3833329677581787,1.416666030883789,0.8518526554107666,1314000
2003-06-02,1.4666659832000732,1.516666054725647,1.4666659832000732,1.516666054725647,0.9119836688041687,5076000
2003-06-03,1.5499999523162842,1.5833330154418945,1.5,1.5,0.9019619822502136,6762000
2003-06-04,1.5,1.5,1.5,1.5,0.9019619822502136,0
2003-06-05,1.5499999523162842,1.6333329677581787,1.5499999523162842,1.5666660070419312,0.9420488476753235,7461000
2003-06-06,1.600000023841858,1.600000023841858,1.5666660070419312,1.5833330154418945,0.9520708918571472,6039000
2003-06-09,1.5833330154418945,1.6333329677581787,1.5833330154418945,1.6166659593582153,0.9721145033836365,3132000
2003-06-10,1.6166659593582153,1.766666054725647,1.6166659593582153,1.7166659832000732,1.03224515914917,10782000
2003-06-11,1.766666054725647,1.766666054725647,1.6333329677581787,1.649999976158142,0.9921582937240601,8415000
2003-06-12,1.649999976158142,1.6833330392837524,1.649999976158142,1.649999976158142,0.9921582937240601,2214000
2003-06-13,1.649999976158142,1.7166659832000732,1.649999976158142,1.7000000476837158,1.0222235918045044,2133000
2003-06-16,1.7000000476837158,1.7166659832000732,1.6833330392837524,1.7166659832000732,1.03224515914917,4158000
2003-06-17,1.7166659832000732,1.7333329916000366,1.666666030883789,1.6833330392837524,1.0122019052505493,4047000
2003-06-18,1.666666030883789,1.666666030883789,1.5666660070419312,1.5833330154418945,0.9520708918571472,6682500
2003-06-19,1.5666660070419312,1.6333329677581787,1.5666660070419312,1.6166659593582153,0.9721145033836365,1248000
2003-06-20,1.5333329439163208,1.600000023841858,1.5333329439163208,1.5666660070419312,0.9420488476753235,3438000
2003-06-23,1.600000023841858,1.6166659593582153,1.5833330154418945,1.600000023841858,0.9620928764343262,4002000
2003-06-24,1.5333329439163208,1.5333329439163208,1.4500000476837158,1.4833329916000366,0.8919399380683899,5580000
2003-06-25,1.4666659832000732,1.5666660070419312,1.4666659832000732,1.5666660070419312,0.9420488476753235,2598000
2003-06-26,1.5333329439163208,1.5666660070419312,1.5333329439163208,1.5666660070419312,0.9420488476753235,3585000
2003-06-27,1.5499999523162842,1.5666660070419312,1.5333329439163208,1.5666660070419312,0.9420488476753235,1293000
2003-06-30,1.5666660070419312,1.5833330154418945,1.5666660070419312,1.5666660070419312,0.9420488476753235,555000
2003-07-01,1.5666660070419312,1.5666660070419312,1.5666660070419312,1.5666660070419312,0.9420488476753235,0
2003-07-02,1.5833330154418945,1.5833330154418945,1.5333329439163208,1.5333329439163208,0.9220055341720581,240000
2003-07-03,1.5499999523162842,1.5499999523162842,1.5333329439163208,1.5499999523162842,0.9320275187492371,2691000
2003-07-04,1.5333329439163208,1.5333329439163208,1.516666054725647,1.5333329439163208,0.9220055341720581,819000
2003-07-07,1.5333329439163208,1.600000023841858,1.5333329439163208,1.600000023841858,0.9620928764343262,2289000
2003-07-08,1.6333329677581787,1.666666030883789,1.6166659593582153,1.6166659593582153,0.9721145033836365,6672000
2003-07-09,1.6166659593582153,1.7000000476837158,1.6166659593582153,1.6833330392837524,1.0122019052505493,3111000
2003-07-10,1.7000000476837158,1.7000000476837158,1.649999976158142,1.649999976158142,0.9921582937240601,1413000
2003-07-11,1.649999976158142,1.666666030883789,1.6333329677581787,1.666666030883789,1.0021798610687256,1056000
2003-07-14,1.7000000476837158,1.7833329439163208,1.7000000476837158,1.7833329439163208,1.072332501411438,6912000
2003-07-15,1.7999999523162842,1.8333330154418945,1.766666054725647,1.8166660070419312,1.0923762321472168,5544000
2003-07-16,1.7833329439163208,1.9333330392837524,1.7833329439163208,1.9333330392837524,1.1625289916992188,3672000
2003-07-17,1.8666659593582153,1.9333330392837524,1.8166660070419312,1.8166660070419312,1.0923762321472168,1743000
2003-07-18,1.75,1.8333330154418945,1.75,1.8166660070419312,1.0923762321472168,2088000
2003-07-21,1.8333330154418945,1.8666659593582153,1.7999999523162842,1.7999999523162842,1.0823543071746826,1581000
2003-07-22,1.8333330154418945,1.8333330154418945,1.7333329916000366,1.7999999523162842,1.0823543071746826,2211000
2003-07-23,1.7999999523162842,1.7999999523162842,1.666666030883789,1.7000000476837158,1.0222235918045044,3747000
2003-07-24,1.7333329916000366,1.7999999523162842,1.7333329916000366,1.7999999523162842,1.0823543071746826,4551000
2003-07-25,1.8166660070419312,1.8166660070419312,1.7833329439163208,1.7833329439163208,1.072332501411438,1614000
2003-07-28,1.7999999523162842,1.8333330154418945,1.7999999523162842,1.8166660070419312,1.0923762321472168,2004000
2003-07-29,1.850000023841858,1.8833329677581787,1.8166660070419312,1.850000023841858,1.1124202013015747,6645000
2003-07-30,1.850000023841858,1.850000023841858,1.8166660070419312,1.8166660070419312,1.0923762321472168,2238000
2003-07-31,1.8333330154418945,1.8666659593582153,1.8333330154418945,1.8666659593582153,1.1224411725997925,834000
2003-08-01,1.8666659593582153,1.8666659593582153,1.8333330154418945,1.850000023841858,1.1124202013015747,783000
2003-08-04,1.850000023841858,1.899999976158142,1.850000023841858,1.8833329677581787,1.1324634552001953,2619000
2003-08-05,1.8666659593582153,1.8666659593582153,1.8333330154418945,1.8666659593582153,1.1224411725997925,819000
2003-08-06,1.8333330154418945,1.8333330154418945,1.6833330392837524,1.7333329916000366,1.0422672033309937,3567000
2003-08-07,1.7333329916000366,1.8166660070419312,1.7333329916000366,1.7999999523162842,1.0823543071746826,2040000
2003-08-08,1.7999999523162842,1.8333330154418945,1.7999999523162842,1.7999999523162842,1.0823543071746826,1806000
2003-08-11,1.8333330154418945,1.8833329677581787,1.8333330154418945,1.850000023841858,1.1124202013015747,2448000
2003-08-12,1.8333330154418945,1.8666659593582153,1.8333330154418945,1.8666659593582153,1.1224411725997925,660000
2003-08-13,1.850000023841858,1.916666030883789,1.850000023841858,1.8666659593582153,1.1224411725997925,3837000
2003-08-14,1.8833329677581787,1.916666030883789,1.8833329677581787,1.916666030883789,1.152506709098816,2400000
2003-08-15,1.899999976158142,1.899999976158142,1.899999976158142,1.899999976158142,1.142485499382019,1485000
2003-08-18,1.899999976158142,1.899999976158142,1.850000023841858,1.850000023841858,1.1124202013015747,1401000
2003-08-19,1.8666659593582153,1.8833329677581787,1.8666659593582153,1.8833329677581787,1.1324634552001953,708000
2003-08-20,1.8833329677581787,1.9333330392837524,1.8833329677581787,1.9333330392837524,1.1625289916992188,2598000
2003-08-21,1.9333330392837524,1.9333330392837524,1.8833329677581787,1.8833329677581787,1.1324634552001953,684000
2003-08-22,1.8833329677581787,1.8833329677581787,1.8666659593582153,1.8833329677581787,1.1324634552001953,399000
2003-08-25,1.8666659593582153,1.8666659593582153,1.7833329439163208,1.7999999523162842,1.0823543071746826,735000
2003-08-26,1.7999999523162842,1.8166660070419312,1.75,1.766666054725647,1.0623105764389038,1038000
2003-08-27,1.7833329439163208,1.8666659593582153,1.7833329439163208,1.850000023841858,1.1124202013015747,1236000
2003-08-28,1.850000023841858,1.850000023841858,1.7999999523162842,1.7999999523162842,1.0823543071746826,588000
2003-08-29,1.8333330154418945,1.9333330392837524,1.8333330154418945,1.916666030883789,1.152506709098816,3268500
2003-09-01,1.916666030883789,1.9500000476837158,1.7999999523162842,1.850000023841858,1.1124202013015747,5214000
2003-09-02,1.850000023841858,1.8666659593582153,1.8333330154418945,1.850000023841858,1.1266297101974487,934500
2003-09-03,1.850000023841858,1.8666659593582153,1.8166660070419312,1.850000023841858,1.1266297101974487,3606000
2003-09-04,1.8666659593582153,1.8833329677581787,1.850000023841858,1.8666659593582153,1.1367788314819336,1965000
2003-09-05,1.8666659593582153,1.8833329677581787,1.8333330154418945,1.8833329677581787,1.1469292640686035,1605000
2003-09-08,1.8666659593582153,1.8666659593582153,1.8166660070419312,1.8333330154418945,1.116479516029358,255000
2003-09-09,1.8666659593582153,1.8833329677581787,1.7999999523162842,1.7999999523162842,1.0961800813674927,2355000
2003-09-10,1.766666054725647,1.766666054725647,1.7333329916000366,1.75,1.0657306909561157,1521000
2003-09-11,1.75,1.766666054725647,1.75,1.766666054725647,1.0758801698684692,939000
2003-09-12,1.766666054725647,1.766666054725647,1.766666054725647,1.766666054725647,1.0758801698684692,0
2003-09-15,1.766666054725647,1.850000023841858,1.766666054725647,1.7833329439163208,1.0860298871994019,1191600
2003-09-16,1.766666054725647,1.850000023841858,1.766666054725647,1.8166660070419312,1.1063296794891357,1680000
2003-09-17,1.8666659593582153,1.8666659593582153,1.8166660070419312,1.8166660070419312,1.1063296794891357,276000
2003-09-18,1.8166660070419312,1.8166660070419312,1.7833329439163208,1.7999999523162842,1.0961800813674927,927000
2003-09-19,1.8333330154418945,1.8333330154418945,1.7166659832000732,1.7166659832000732,1.0454305410385132,2616000
2003-09-22,1.7166659832000732,1.7833329439163208,1.7166659832000732,1.7333329916000366,1.0555806159973145,1287000
2003-09-23,1.766666054725647,1.7999999523162842,1.766666054725647,1.7999999523162842,1.0961800813674927,504000
2003-09-24,1.7999999523162842,1.850000023841858,1.7833329439163208,1.8333330154418945,1.116479516029358,1833000
2003-09-25,1.8333330154418945,1.8333330154418945,1.766666054725647,1.7833329439163208,1.0860298871994019,2761500
2003-09-26,1.7833329439163208,1.7833329439163208,1.7333329916000366,1.7333329916000366,1.0555806159973145,1149000
2003-09-29,1.75,1.75,1.7000000476837158,1.75,1.0657306909561157,1350000
2003-09-30,1.75,1.75,1.7333329916000366,1.7333329916000366,1.0555806159973145,441000
2003-10-01,1.7333329916000366,1.7333329916000366,1.7333329916000366,1.7333329916000366,1.0555806159973145,0
2003-10-02,1.75,1.75,1.7333329916000366,1.75,1.0657306909561157,408000
2003-10-03,1.7333329916000366,1.7999999523162842,1.7333329916000366,1.7999999523162842,1.0961800813674927,1590000
2003-10-06,1.8166660070419312,1.8666659593582153,1.7833329439163208,1.8666659593582153,1.1367788314819336,3060000
2003-10-07,1.8833329677581787,2.0,1.8833329677581787,2.0,1.2179780006408691,12060000
2003-10-08,2.0,2.0,1.899999976158142,1.9666659832000732,1.1976779699325562,3000000
2003-10-09,1.9500000476837158,2.049999952316284,1.9500000476837158,2.049999952316284,1.2484272718429565,5037000
2003-10-10,2.0333330631256104,2.0333330631256104,2.0,2.0166659355163574,1.228127121925354,1780500
2003-10-13,2.0166659355163574,2.0166659355163574,1.9833329916000366,2.0,1.2179780006408691,1131000
2003-10-14,2.0,2.0333330631256104,2.0,2.0,1.2179780006408691,447000
2003-10-15,1.9666659832000732,2.0333330631256104,1.9666659832000732,2.0333330631256104,1.2382774353027344,924000
2003-10-16,2.0,2.0666658878326416,2.0,2.049999952316284,1.2484272718429565,2139000
2003-10-17,2.0833330154418945,2.1333329677581787,2.0833330154418945,2.116666078567505,1.289026141166687,2211000
2003-10-20,2.0999999046325684,2.299999952316284,2.0999999046325684,2.299999952316284,1.4006747007369995,3345000
2003-10-21,2.233333110809326,2.233333110809326,2.1333329677581787,2.1333329677581787,1.2991760969161987,1095000
2003-10-22,2.166666030883789,2.233333110809326,2.166666030883789,2.233333110809326,1.3600751161575317,1659000
2003-10-23,2.166666030883789,2.166666030883789,2.0999999046325684,2.116666078567505,1.289026141166687,1872000
2003-10-24,2.1333329677581787,2.1333329677581787,2.0166659355163574,2.0833330154418945,1.2687267065048218,861000
2003-10-27,2.0333330631256104,2.0666658878326416,2.0333330631256104,2.0666658878326416,1.2585763931274414,78000
2003-10-28,2.0999999046325684,2.116666078567505,2.0999999046325684,2.116666078567505,1.289026141166687,105000
2003-10-29,2.1333329677581787,2.166666030883789,2.116666078567505,2.166666030883789,1.319475769996643,408000
2003-10-30,2.116666078567505,2.116666078567505,2.0999999046325684,2.116666078567505,1.289026141166687,285000
2003-10-31,2.116666078567505,2.116666078567505,2.0666658878326416,2.0833330154418945,1.2687267065048218,288000
2003-11-03,2.0833330154418945,2.0999999046325684,2.0666658878326416,2.0666658878326416,1.2585763931274414,39000
2003-11-04,2.0833330154418945,2.0833330154418945,2.0666658878326416,2.0666658878326416,1.2585763931274414,93000
2003-11-05,2.0833330154418945,2.116666078567505,2.0833330154418945,2.0999999046325684,1.278876543045044,226500
2003-11-06,2.0999999046325684,2.1333329677581787,2.0999999046325684,2.1333329677581787,1.2991760969161987,714000
2003-11-07,2.2666659355163574,2.2833330631256104,2.233333110809326,2.2666659355163574,1.3803744316101074,1143000
2003-11-10,2.2666659355163574,2.2666659355163574,2.166666030883789,2.166666030883789,1.319475769996643,390000
2003-11-11,2.166666030883789,2.2666659355163574,2.166666030883789,2.2666659355163574,1.3803744316101074,576000
2003-11-12,2.233333110809326,2.233333110809326,2.183332920074463,2.200000047683716,1.3397756814956665,546000
2003-11-13,2.2166659832000732,2.2666659355163574,2.2166659832000732,2.2166659832000732,1.34992516040802,360000
2003-11-14,2.2166659832000732,2.299999952316284,2.2166659832000732,2.2666659355163574,1.3803744316101074,909000
2003-11-17,2.2666659355163574,2.3499999046325684,2.233333110809326,2.3166658878326416,1.410823941230774,1752000
2003-11-18,2.3333330154418945,2.4666659832000732,2.3333330154418945,2.4000000953674316,1.4615734815597534,6004500
2003-11-19,2.3833329677581787,2.3833329677581787,2.3333330154418945,2.3833329677581787,1.4514234066009521,612000
2003-11-20,2.3333330154418945,2.3499999046325684,2.3333330154418945,2.3499999046325684,1.431123971939087,441000
2003-11-21,2.200000047683716,2.299999952316284,2.200000047683716,2.299999952316284,1.4006747007369995,1101000
2003-11-24,2.2666659355163574,2.2666659355163574,2.25,2.25,1.3702250719070435,520500
2003-11-25,2.25,2.2666659355163574,2.200000047683716,2.2166659832000732,1.34992516040802,1077000
2003-11-26,2.25,2.25,2.2166659832000732,2.2166659832000732,1.34992516040802,90000
2003-11-27,2.25,2.2833330631256104,2.25,2.25,1.3702250719070435,426000
2003-11-28,2.2666659355163574,2.2666659355163574,2.25,2.25,1.3702250719070435,0
2003-12-01,2.2666659355163574,2.3333330154418945,2.2666659355163574,2.3333330154418945,1.4209742546081543,228000
2003-12-02,2.3333330154418945,2.3333330154418945,2.3166658878326416,2.3333330154418945,1.4209742546081543,303000
2003-12-03,2.366666078567505,2.366666078567505,2.3333330154418945,2.3333330154418945,1.4209742546081543,138000
2003-12-04,2.3333330154418945,2.3333330154418945,2.299999952316284,2.299999952316284,1.4006747007369995,948000
2003-12-05,2.3333330154418945,2.3333330154418945,2.3333330154418945,2.3333330154418945,1.4209742546081543,60000
2003-12-08,2.299999952316284,2.3333330154418945,2.299999952316284,2.3333330154418945,1.4209742546081543,60000
2003-12-09,2.3333330154418945,2.3333330154418945,2.2666659355163574,2.2833330631256104,1.3905246257781982,255000
2003-12-10,2.2666659355163574,2.3333330154418945,2.2666659355163574,2.3166658878326416,1.410823941230774,468000
2003-12-11,2.366666078567505,2.4000000953674316,2.366666078567505,2.366666078567505,1.4412736892700195,822000
2003-12-12,2.3333330154418945,2.366666078567505,2.3333330154418945,2.3333330154418945,1.4209742546081543,876000
2003-12-15,2.3333330154418945,2.433332920074463,2.3333330154418945,2.4000000953674316,1.4615734815597534,1353000
2003-12-16,2.4000000953674316,2.4000000953674316,2.3499999046325684,2.4000000953674316,1.4615734815597534,126000
2003-12-17,2.4000000953674316,2.4000000953674316,2.3166658878326416,2.3166658878326416,1.410823941230774,1047000
2003-12-18,2.3166658878326416,2.3166658878326416,2.200000047683716,2.2166659832000732,1.34992516040802,312000
2003-12-19,2.2166659832000732,2.233333110809326,2.2166659832000732,2.2166659832000732,1.34992516040802,834000
2003-12-22,2.233333110809326,2.233333110809326,2.200000047683716,2.233333110809326,1.3600751161575317,1101000
2003-12-23,2.233333110809326,2.233333110809326,2.200000047683716,2.2166659832000732,1.34992516040802,204000
2003-12-24,2.2166659832000732,2.2166659832000732,2.116666078567505,2.116666078567505,1.289026141166687,0
2003-12-25,2.116666078567505,2.116666078567505,2.116666078567505,2.116666078567505,1.289026141166687,0
2003-12-26,2.116666078567505,2.116666078567505,2.116666078567505,2.116666078567505,1.289026141166687,0
2003-12-29,2.200000047683716,2.2166659832000732,2.1333329677581787,2.200000047683716,1.3397756814956665,501000
2003-12-30,2.200000047683716,2.200000047683716,2.1500000953674316,2.1500000953674316,1.3093262910842896,477000
2003-12-31,2.1333329677581787,2.1333329677581787,2.0999999046325684,2.116666078567505,1.289026141166687,84000
2004-01-01,2.116666078567505,2.116666078567505,2.116666078567505,2.116666078567505,1.289026141166687,0
2004-01-02,2.116666078567505,2.233333110809326,2.116666078567505,2.233333110809326,1.3600751161575317,285000
2004-01-05,2.233333110809326,2.233333110809326,2.200000047683716,2.200000047683716,1.3397756814956665,744000
2004-01-06,2.200000047683716,2.200000047683716,2.166666030883789,2.200000047683716,1.3397756814956665,402000
2004-01-07,2.200000047683716,2.200000047683716,2.1500000953674316,2.1500000953674316,1.3193211555480957,0
2004-01-08,2.166666030883789,2.183332920074463,2.1333329677581787,2.166666030883789,1.3295484781265259,321000
2004-01-09,2.2166659832000732,2.2166659832000732,2.166666030883789,2.166666030883789,1.3295484781265259,0
2004-01-12,2.1333329677581787,2.166666030883789,2.1333329677581787,2.166666030883789,1.3295484781265259,135000
2004-01-13,2.166666030883789,2.166666030883789,2.166666030883789,2.166666030883789,1.3295484781265259,1071000
2004-01-14,2.200000047683716,2.3499999046325684,2.200000047683716,2.3166658878326416,1.4215937852859497,3054000
2004-01-15,2.3166658878326416,2.366666078567505,2.3166658878326416,2.3333330154418945,1.4318217039108276,1524000
2004-01-16,2.366666078567505,2.366666078567505,2.299999952316284,2.299999952316284,1.4113670587539673,765000
2004-01-19,2.3166658878326416,2.3166658878326416,2.2666659355163574,2.2666659355163574,1.3909119367599487,867000
2004-01-20,2.3166658878326416,2.366666078567505,2.3166658878326416,2.366666078567505,1.4522758722305298,798000
2004-01-21,2.366666078567505,2.366666078567505,2.366666078567505,2.366666078567505,1.4522758722305298,48000
2004-01-22,2.366666078567505,2.366666078567505,2.366666078567505,2.366666078567505,1.4522758722305298,0
2004-01-23,2.366666078567505,2.366666078567505,2.366666078567505,2.366666078567505,1.4522758722305298,0
2004-01-26,2.3499999046325684,2.3499999046325684,2.2666659355163574,2.2666659355163574,1.3909119367599487,0
2004-01-27,2.3333330154418945,2.3333330154418945,2.2666659355163574,2.2833330631256104,1.4011396169662476,120000
2004-01-28,2.2833330631256104,2.2833330631256104,2.2833330631256104,2.2833330631256104,1.4011396169662476,18000
2004-01-29,2.2666659355163574,2.2666659355163574,2.25,2.2666659355163574,1.3909119367599487,1248000
2004-01-30,2.25,2.2666659355163574,2.200000047683716,2.2166659832000732,1.3602302074432373,546000
2004-02-02,2.200000047683716,2.200000047683716,2.1333329677581787,2.166666030883789,1.3295484781265259,750000
2004-02-03,2.166666030883789,2.3333330154418945,2.166666030883789,2.3166658878326416,1.4215937852859497,2013000
2004-02-04,2.3333330154418945,2.3333330154418945,2.2666659355163574,2.2666659355163574,1.3909119367599487,15207000
2004-02-05,2.2666659355163574,2.2666659355163574,2.233333110809326,2.233333110809326,1.370457649230957,999000
2004-02-06,2.2666659355163574,2.2833330631256104,2.2666659355163574,2.2666659355163574,1.3909119367599487,1008000
2004-02-09,2.299999952316284,2.3499999046325684,2.299999952316284,2.3166658878326416,1.4215937852859497,234000
2004-02-10,2.3166658878326416,2.3166658878326416,2.2666659355163574,2.2666659355163574,1.3909119367599487,1014000
2004-02-11,2.2666659355163574,2.2666659355163574,2.25,2.25,1.3806850910186768,1371000
2004-02-12,2.25,2.2833330631256104,2.25,2.2666659355163574,1.3909119367599487,2033998
2004-02-13,2.2666659355163574,2.2666659355163574,2.25,2.25,1.3806850910186768,225000
2004-02-16,2.2666659355163574,2.2666659355163574,2.233333110809326,2.233333110809326,1.370457649230957,1008000
2004-02-17,2.233333110809326,2.25,2.200000047683716,2.200000047683716,1.3500032424926758,2568000
2004-02-18,2.200000047683716,2.200000047683716,2.0999999046325684,2.1333329677581787,1.3090938329696655,3960000
2004-02-19,2.0999999046325684,2.1333329677581787,2.0999999046325684,2.1333329677581787,1.3090938329696655,1197000
2004-02-20,2.183332920074463,2.183332920074463,2.049999952316284,2.0833330154418945,1.2784117460250854,2760000
2004-02-23,2.049999952316284,2.0999999046325684,2.049999952316284,2.0999999046325684,1.2886390686035156,486000
2004-02-24,2.0999999046325684,2.0999999046325684,2.049999952316284,2.0666658878326416,1.2681841850280762,1824583
2004-02-25,2.0833330154418945,2.0833330154418945,2.049999952316284,2.049999952316284,1.2579573392868042,993000
2004-02-26,2.0833330154418945,2.0833330154418945,2.0666658878326416,2.0666658878326416,1.2681841850280762,69000
2004-02-27,2.0666658878326416,2.0833330154418945,2.0,2.0,1.2272757291793823,1422000
2004-03-01,2.0666658878326416,2.0666658878326416,2.0166659355163574,2.0166659355163574,1.2375024557113647,1133416
2004-03-02,2.0166659355163574,2.0833330154418945,2.0166659355163574,2.049999952316284,1.2579573392868042,831000
2004-03-03,2.0333330631256104,2.049999952316284,2.0333330631256104,2.049999952316284,1.2579573392868042,621000
2004-03-04,2.049999952316284,2.049999952316284,2.0333330631256104,2.0333330631256104,1.2477301359176636,168000
2004-03-05,2.0166659355163574,2.0666658878326416,2.0166659355163574,2.0166659355163574,1.2375024557113647,966000
2004-03-08,2.0166659355163574,2.0833330154418945,2.0166659355163574,2.049999952316284,1.2579573392868042,1239000
2004-03-09,2.0666658878326416,2.0666658878326416,2.049999952316284,2.049999952316284,1.2579573392868042,297000
2004-03-10,2.0,2.0166659355163574,2.0,2.0166659355163574,1.2375024557113647,102000
2004-03-11,2.0,2.0166659355163574,1.9666659832000732,1.9666659832000732,1.2068206071853638,1245000
2004-03-12,1.9666659832000732,2.0,1.8666659593582153,2.0,1.2272757291793823,771000
2004-03-15,2.0666658878326416,2.0666658878326416,2.049999952316284,2.049999952316284,1.2579573392868042,219000
2004-03-16,2.0,2.0,2.0,2.0,1.2272757291793823,1485000
2004-03-17,2.0333330631256104,2.049999952316284,2.0166659355163574,2.0333330631256104,1.2477301359176636,2565000
2004-03-18,2.049999952316284,2.049999952316284,2.0333330631256104,2.049999952316284,1.2579573392868042,825000
2004-03-19,2.049999952316284,2.049999952316284,2.0333330631256104,2.0333330631256104,1.2477301359176636,141000
2004-03-22,2.0,2.0,1.8666659593582153,1.9666659832000732,1.2068206071853638,417000
2004-03-23,1.8666659593582153,1.9833329916000366,1.8666659593582153,1.9833329916000366,1.2170480489730835,423000
2004-03-24,1.916666030883789,2.0,1.916666030883789,2.0,1.2272757291793823,1605000
2004-03-25,1.9666659832000732,2.0,1.916666030883789,1.9500000476837158,1.1965936422348022,5703000
2004-03-26,2.0333330631256104,2.0333330631256104,1.9333330392837524,1.9666659832000732,1.2068206071853638,576000
2004-03-29,1.9666659832000732,1.9833329916000366,1.9666659832000732,1.9666659832000732,1.2068206071853638,780000
2004-03-30,1.9666659832000732,2.0166659355163574,1.9500000476837158,1.9833329916000366,1.2170480489730835,1704000
2004-03-31,1.9666659832000732,2.0166659355163574,1.9666659832000732,2.0,1.2272757291793823,2229000
2004-04-01,1.9833329916000366,1.9833329916000366,1.9833329916000366,1.9833329916000366,1.2170480489730835,45000
2004-04-02,1.9833329916000366,1.9833329916000366,1.9833329916000366,1.9833329916000366,1.2170480489730835,18000
2004-04-05,1.9833329916000366,1.9833329916000366,1.9833329916000366,1.9833329916000366,1.2170480489730835,0
2004-04-06,1.9666659832000732,1.9666659832000732,1.9666659832000732,1.9666659832000732,1.2068206071853638,120000
2004-04-07,1.9666659832000732,2.0166659355163574,1.9666659832000732,2.0166659355163574,1.2375024557113647,618000
2004-04-08,2.0,2.0,1.9833329916000366,1.9833329916000366,1.2170480489730835,627000
2004-04-09,1.9833329916000366,1.9833329916000366,1.9833329916000366,1.9833329916000366,1.2170480489730835,0
2004-04-12,1.9833329916000366,1.9833329916000366,1.9833329916000366,1.9833329916000366,1.2170480489730835,0
2004-04-13,1.9833329916000366,1.9833329916000366,1.9666659832000732,1.9833329916000366,1.2170480489730835,333000
2004-04-14,1.9833329916000366,2.0,1.9833329916000366,2.0,1.2272757291793823,54000
2004-04-15,1.9833329916000366,1.9833329916000366,1.9833329916000366,1.9833329916000366,1.2170480489730835,9000
2004-04-16,1.9666659832000732,1.9666659832000732,1.8333330154418945,1.8333330154418945,1.1250026226043701,51000
2004-04-19,1.8666659593582153,1.8666659593582153,1.8666659593582153,1.8666659593582153,1.1454566717147827,45000
2004-04-20,1.8666659593582153,1.8666659593582153,1.8666659593582153,1.8666659593582153,1.1454566717147827,24000
2004-04-21,1.8666659593582153,1.8666659593582153,1.8666659593582153,1.8666659593582153,1.1454566717147827,36000
2004-04-22,1.766666054725647,1.8333330154418945,1.766666054725647,1.8333330154418945,1.1250026226043701,546000
2004-04-23,1.8166660070419312,1.850000023841858,1.7999999523162842,1.7999999523162842,1.1045478582382202,885000
2004-04-26,1.7833329439163208,1.7833329439163208,1.7833329439163208,1.7833329439163208,1.094320297241211,795000
2004-04-27,1.7999999523162842,1.8666659593582153,1.7999999523162842,1.8166660070419312,1.1147749423980713,723000
2004-04-28,1.8333330154418945,1.916666030883789,1.8166660070419312,1.8666659593582153,1.1454566717147827,648000
2004-04-29,1.8666659593582153,1.9500000476837158,1.8666659593582153,1.9500000476837158,1.1965936422348022,798000
2004-04-30,1.9666659832000732,2.0999999046325684,1.9333330392837524,2.0999999046325684,1.2886390686035156,648000
2004-05-03,2.0333330631256104,2.0333330631256104,2.0,2.0,1.2272757291793823,45000
2004-05-04,2.0,2.0,2.0,2.0,1.2272757291793823,75000
2004-05-05,2.0,2.0,1.9666659832000732,1.9666659832000732,1.2068206071853638,291000
2004-05-06,1.9333330392837524,1.9333330392837524,1.7999999523162842,1.9333330392837524,1.186366319656372,420000
2004-05-07,1.9333330392837524,1.9333330392837524,1.7833329439163208,1.7833329439163208,1.094320297241211,0
2004-05-10,2.0,2.0,2.0,2.0,1.2272757291793823,6000
2004-05-11,1.9333330392837524,1.9333330392837524,1.9333330392837524,1.9333330392837524,1.186366319656372,15000
2004-05-12,1.9333330392837524,1.9333330392837524,1.8833329677581787,1.899999976158142,1.1659120321273804,693000
2004-05-13,1.899999976158142,1.899999976158142,1.8666659593582153,1.8666659593582153,1.1454566717147827,36000
2004-05-14,1.7999999523162842,1.8333330154418945,1.766666054725647,1.7999999523162842,1.1045478582382202,450000
2004-05-17,1.7333329916000366,1.766666054725647,1.666666030883789,1.7333329916000366,1.063638687133789,267000
2004-05-18,1.666666030883789,1.7333329916000366,1.600000023841858,1.666666030883789,1.0227293968200684,243000
2004-05-19,1.666666030883789,1.75,1.666666030883789,1.75,1.0738662481307983,216000
2004-05-20,1.7333329916000366,1.7333329916000366,1.7000000476837158,1.7333329916000366,1.063638687133789,81000
2004-05-21,1.7333329916000366,1.7333329916000366,1.7333329916000366,1.7333329916000366,1.063638687133789,15000
2004-05-24,1.7333329916000366,1.7333329916000366,1.5833330154418945,1.5833330154418945,0.9715927839279175,0
2004-05-25,1.6333329677581787,1.6333329677581787,1.6333329677581787,1.6333329677581787,1.002274751663208,30000
2004-05-26,1.6333329677581787,1.6333329677581787,1.6333329677581787,1.6333329677581787,1.002274751663208,0
2004-05-27,1.7166659832000732,1.7166659832000732,1.7166659832000732,1.7166659832000732,1.0534111261367798,15000
2004-05-28,1.7333329916000366,1.766666054725647,1.7333329916000366,1.75,1.0738662481307983,231000
2004-05-31,1.7333329916000366,1.7333329916000366,1.7333329916000366,1.7333329916000366,1.063638687133789,30000
2004-06-01,1.7333329916000366,1.7333329916000366,1.7333329916000366,1.7333329916000366,1.063638687133789,2112000
2004-06-02,1.75,1.75,1.75,1.75,1.0738662481307983,15000
2004-06-03,1.766666054725647,1.7833329439163208,1.75,1.766666054725647,1.0840930938720703,222000
2004-06-04,1.766666054725647,1.8333330154418945,1.766666054725647,1.8333330154418945,1.1250026226043701,165000
2004-06-07,1.7833329439163208,1.7833329439163208,1.766666054725647,1.766666054725647,1.0840930938720703,45000
2004-06-08,1.7833329439163208,1.7833329439163208,1.75,1.766666054725647,1.0840930938720703,984000
2004-06-09,1.7833329439163208,1.7833329439163208,1.7833329439163208,1.7833329439163208,1.094320297241211,18000
2004-06-10,1.7833329439163208,1.7833329439163208,1.766666054725647,1.766666054725647,1.0840930938720703,306000
2004-06-11,1.766666054725647,1.766666054725647,1.7333329916000366,1.7333329916000366,1.063638687133789,1437000
2004-06-14,1.7333329916000366,1.75,1.7000000476837158,1.7166659832000732,1.0534111261367798,906000
2004-06-15,1.7333329916000366,1.75,1.7333329916000366,1.7333329916000366,1.063638687133789,39000
2004-06-16,1.766666054725647,1.766666054725647,1.7166659832000732,1.7166659832000732,1.0534111261367798,549000
2004-06-17,1.7333329916000366,1.7333329916000366,1.7166659832000732,1.7166659832000732,1.0534111261367798,21000
2004-06-18,1.7000000476837158,1.7000000476837158,1.6833330392837524,1.6833330392837524,1.0329570770263672,561000
2004-06-21,1.6833330392837524,1.6833330392837524,1.666666030883789,1.6833330392837524,1.0329570770263672,75000
2004-06-22,1.6833330392837524,1.6833330392837524,1.6833330392837524,1.6833330392837524,1.0329570770263672,0
2004-06-23,1.8166660070419312,1.8166660070419312,1.7166659832000732,1.7166659832000732,1.0534111261367798,0
2004-06-24,1.7999999523162842,1.8166660070419312,1.7999999523162842,1.8166660070419312,1.1147749423980713,99000
2004-06-25,1.8166660070419312,1.8166660070419312,1.8166660070419312,1.8166660070419312,1.1147749423980713,15000
2004-06-28,1.8666659593582153,1.8666659593582153,1.75,1.75,1.0738662481307983,144000
2004-06-29,1.766666054725647,1.8333330154418945,1.766666054725647,1.8333330154418945,1.1250026226043701,135000
2004-06-30,1.8333330154418945,1.916666030883789,1.8333330154418945,1.916666030883789,1.1761386394500732,351000
2004-07-01,1.916666030883789,1.916666030883789,1.916666030883789,1.916666030883789,1.1761386394500732,0
2004-07-02,1.9333330392837524,2.049999952316284,1.9333330392837524,2.049999952316284,1.2579573392868042,147000
2004-07-05,2.0666658878326416,2.0999999046325684,2.0666658878326416,2.0999999046325684,1.2886390686035156,447000
2004-07-06,2.1333329677581787,2.1333329677581787,2.0999999046325684,2.1333329677581787,1.3090938329696655,555000
2004-07-07,2.1333329677581787,2.1333329677581787,2.1333329677581787,2.1333329677581787,1.3090938329696655,36000
2004-07-08,2.0833330154418945,2.0833330154418945,1.899999976158142,1.899999976158142,1.1659120321273804,0
2004-07-09,2.0999999046325684,2.0999999046325684,2.0,2.0,1.2272757291793823,0
2004-07-12,2.0833330154418945,2.0833330154418945,2.0833330154418945,2.0833330154418945,1.2784117460250854,0
2004-07-13,2.049999952316284,2.049999952316284,1.9333330392837524,1.9333330392837524,1.186366319656372,0
2004-07-14,2.049999952316284,2.049999952316284,2.049999952316284,2.049999952316284,1.2579573392868042,0
2004-07-15,2.0333330631256104,2.0333330631256104,2.0333330631256104,2.0333330631256104,1.2477301359176636,0
2004-07-16,2.0333330631256104,2.0333330631256104,2.0333330631256104,2.0333330631256104,1.2477301359176636,0
2004-07-19,1.9333330392837524,1.9333330392837524,1.8833329677581787,1.8833329677581787,1.1556845903396606,204000
2004-07-20,1.850000023841858,1.850000023841858,1.850000023841858,1.850000023841858,1.1352300643920898,1326000
2004-07-21,1.8333330154418945,1.899999976158142,1.8333330154418945,1.899999976158142,1.1659120321273804,969000
2004-07-22,1.899999976158142,1.899999976158142,1.899999976158142,1.899999976158142,1.1659120321273804,6000
2004-07-23,1.899999976158142,1.899999976158142,1.8833329677581787,1.899999976158142,1.1659120321273804,327000
2004-07-26,1.8833329677581787,1.8833329677581787,1.850000023841858,1.850000023841858,1.1352300643920898,603000
2004-07-27,1.8666659593582153,1.8666659593582153,1.8333330154418945,1.8666659593582153,1.1454566717147827,441000
2004-07-28,1.8666659593582153,1.8833329677581787,1.8666659593582153,1.8833329677581787,1.1556845903396606,75000
2004-07-29,1.8833329677581787,1.8833329677581787,1.8666659593582153,1.8666659593582153,1.1454566717147827,180000
2004-07-30,2.0,2.0,1.8666659593582153,1.8666659593582153,1.1454566717147827,0
2004-08-02,1.8666659593582153,1.899999976158142,1.8666659593582153,1.899999976158142,1.1659120321273804,156000
2004-08-03,1.899999976158142,1.899999976158142,1.8666659593582153,1.8666659593582153,1.1454566717147827,0
2004-08-04,1.8666659593582153,1.8666659593582153,1.850000023841858,1.850000023841858,1.1352300643920898,240000
2004-08-05,1.899999976158142,1.899999976158142,1.8333330154418945,1.850000023841858,1.1352300643920898,258000
2004-08-06,1.8666659593582153,1.8666659593582153,1.8166660070419312,1.8166660070419312,1.1147749423980713,0
2004-08-09,1.850000023841858,1.850000023841858,1.7999999523162842,1.7999999523162842,1.1045478582382202,0
2004-08-10,1.8200000524520874,1.8200000524520874,1.8200000524520874,1.8200000524520874,1.1357499361038208,0
2004-08-11,1.8666659593582153,1.8666659593582153,1.666666030883789,1.666666030883789,1.040063738822937,0
2004-08-12,1.8333330154418945,1.8333330154418945,1.8333330154418945,1.8333330154418945,1.1440703868865967,12000
2004-08-13,1.8333330154418945,1.8333330154418945,1.7333329916000366,1.7333329916000366,1.0816664695739746,0
2004-08-16,1.666666030883789,1.666666030883789,1.666666030883789,1.666666030883789,1.040063738822937,15000
2004-08-17,1.7000000476837158,1.7000000476837158,1.600000023841858,1.6333329677581787,1.019262433052063,1467000
2004-08-18,1.6333329677581787,1.666666030883789,1.6333329677581787,1.6333329677581787,1.019262433052063,1839000
2004-08-19,1.6166659593582153,1.6166659593582153,1.600000023841858,1.600000023841858,0.9984613656997681,261000
2004-08-20,1.5666660070419312,1.5833330154418945,1.5666660070419312,1.5666660070419312,0.9776597023010254,132000
2004-08-23,1.600000023841858,1.600000023841858,1.600000023841858,1.600000023841858,0.9984613656997681,18000
2004-08-24,1.666666030883789,1.666666030883789,1.666666030883789,1.666666030883789,1.040063738822937,3000
2004-08-25,1.666666030883789,1.666666030883789,1.666666030883789,1.666666030883789,1.040063738822937,3000
2004-08-26,1.666666030883789,1.666666030883789,1.6333329677581787,1.6333329677581787,1.019262433052063,756000
2004-08-27,1.6166659593582153,1.6166659593582153,1.600000023841858,1.600000023841858,0.9984613656997681,285000
2004-08-30,1.5833330154418945,1.6166659593582153,1.5499999523162842,1.5499999523162842,0.9672595858573914,186000
2004-08-31,1.649999976158142,1.666666030883789,1.649999976158142,1.666666030883789,1.040063738822937,30000
2004-09-01,1.600000023841858,1.600000023841858,1.600000023841858,1.600000023841858,0.9984613656997681,291000
2004-09-02,1.5666660070419312,1.5833330154418945,1.5,1.5666660070419312,0.9776597023010254,1098000
2004-09-03,1.5666660070419312,1.5666660070419312,1.516666054725647,1.516666054725647,0.9464579224586487,1158000
2004-09-06,1.5333329439163208,1.6166659593582153,1.5333329439163208,1.5666660070419312,0.9776597023010254,948000
2004-09-07,1.5833330154418945,1.6166659593582153,1.5499999523162842,1.5666660070419312,0.9776597023010254,1683000
2004-09-08,1.5833330154418945,1.600000023841858,1.5499999523162842,1.5833330154418945,0.9880604147911072,2169000
2004-09-09,1.5833330154418945,1.5833330154418945,1.5666660070419312,1.5666660070419312,0.9776597023010254,1590000
2004-09-10,1.5499999523162842,1.5666660070419312,1.5499999523162842,1.5666660070419312,0.9776597023010254,525000
2004-09-13,1.6166659593582153,1.666666030883789,1.5333329439163208,1.5666660070419312,0.9776597023010254,2844000
2004-09-14,1.5666660070419312,1.5666660070419312,1.4833329916000366,1.4833329916000366,0.9256567358970642,3096000
2004-09-15,1.5333329439163208,1.5333329439163208,1.4666659832000732,1.4666659832000732,0.9152559638023376,858000
2004-09-16,1.4666659832000732,1.4833329916000366,1.4500000476837158,1.4500000476837158,0.9048558473587036,2055000
2004-09-17,1.5,1.5499999523162842,1.4666659832000732,1.5,0.936057448387146,4240500
2004-09-20,1.5499999523162842,1.5666660070419312,1.5333329439163208,1.5666660070419312,0.9776597023010254,2634000
2004-09-21,1.5833330154418945,1.649999976158142,1.5833330154418945,1.6333329677581787,1.019262433052063,1333500
2004-09-22,1.6333329677581787,1.6333329677581787,1.600000023841858,1.6333329677581787,1.019262433052063,4704000
2004-09-23,1.6333329677581787,1.766666054725647,1.6333329677581787,1.7333329916000366,1.0816664695739746,2754000
2004-09-24,1.7333329916000366,1.7333329916000366,1.6833330392837524,1.7166659832000732,1.0712655782699585,1404000
2004-09-27,1.75,1.8166660070419312,1.75,1.7999999523162842,1.123268961906433,3366000
2004-09-28,1.8166660070419312,1.8166660070419312,1.766666054725647,1.7833329439163208,1.112868070602417,1299000
2004-09-29,1.7833329439163208,1.7833329439163208,1.7833329439163208,1.7833329439163208,1.112868070602417,0
2004-09-30,1.766666054725647,1.7999999523162842,1.766666054725647,1.7833329439163208,1.112868070602417,1164000
2004-10-01,1.7833329439163208,1.7833329439163208,1.7833329439163208,1.7833329439163208,1.112868070602417,0
2004-10-04,1.7999999523162842,1.8333330154418945,1.7833329439163208,1.7833329439163208,1.112868070602417,1644000
2004-10-05,1.7999999523162842,1.7999999523162842,1.766666054725647,1.766666054725647,1.1024675369262695,1581000
2004-10-06,1.75,1.75,1.7333329916000366,1.75,1.0920673608779907,1254000
2004-10-07,1.75,1.75,1.7333329916000366,1.75,1.0920673608779907,288000
2004-10-08,1.7333329916000366,1.7333329916000366,1.7000000476837158,1.7000000476837158,1.0608652830123901,2332950
2004-10-11,1.7000000476837158,1.7166659832000732,1.666666030883789,1.7166659832000732,1.0712655782699585,357000
2004-10-12,1.7333329916000366,1.75,1.7333329916000366,1.7333329916000366,1.0816664695739746,180000
2004-10-13,1.75,1.75,1.7000000476837158,1.7000000476837158,1.0608652830123901,903000
2004-10-14,1.666666030883789,1.6833330392837524,1.666666030883789,1.6833330392837524,1.0504647493362427,123000
2004-10-15,1.6833330392837524,1.6833330392837524,1.666666030883789,1.6833330392837524,1.0504647493362427,621000
2004-10-18,1.666666030883789,1.666666030883789,1.649999976158142,1.666666030883789,1.040063738822937,411000
2004-10-19,1.649999976158142,1.649999976158142,1.6333329677581787,1.649999976158142,1.0296634435653687,276000
2004-10-20,1.666666030883789,1.666666030883789,1.649999976158142,1.649999976158142,1.0296634435653687,864000
2004-10-21,1.649999976158142,1.666666030883789,1.649999976158142,1.649999976158142,1.0296634435653687,768000
2004-10-22,1.649999976158142,1.649999976158142,1.649999976158142,1.649999976158142,1.0296634435653687,0
2004-10-25,1.6333329677581787,1.6333329677581787,1.5666660070419312,1.5666660070419312,0.9776597023010254,1920000
2004-10-26,1.600000023841858,1.6166659593582153,1.5833330154418945,1.600000023841858,0.9984613656997681,735000
2004-10-27,1.649999976158142,1.649999976158142,1.649999976158142,1.649999976158142,1.0296634435653687,90000
2004-10-28,1.666666030883789,1.7000000476837158,1.666666030883789,1.7000000476837158,1.0608652830123901,300000
2004-10-29,1.7166659832000732,1.75,1.7166659832000732,1.75,1.0920673608779907,108000
2004-11-01,1.75,1.75,1.7166659832000732,1.7166659832000732,1.0712655782699585,150000
2004-11-02,1.7333329916000366,1.7333329916000366,1.7166659832000732,1.7166659832000732,1.0712655782699585,105000
2004-11-03,1.7166659832000732,1.7166659832000732,1.7000000476837158,1.7166659832000732,1.0712655782699585,261000
2004-11-04,1.7333329916000366,1.7333329916000366,1.7333329916000366,1.7333329916000366,1.0816664695739746,447000
2004-11-05,1.7333329916000366,1.7333329916000366,1.7000000476837158,1.7000000476837158,1.0608652830123901,666000
2004-11-08,1.7000000476837158,1.7000000476837158,1.7000000476837158,1.7000000476837158,1.0608652830123901,204000
2004-11-09,1.7000000476837158,1.7000000476837158,1.7000000476837158,1.7000000476837158,1.0608652830123901,393000
2004-11-10,1.6833330392837524,1.7000000476837158,1.6833330392837524,1.7000000476837158,1.0608652830123901,651000
2004-11-11,1.7000000476837158,1.7000000476837158,1.666666030883789,1.666666030883789,1.040063738822937,45000
2004-11-12,1.6833330392837524,1.7000000476837158,1.6833330392837524,1.6833330392837524,1.0504647493362427,633000
2004-11-15,1.666666030883789,1.6833330392837524,1.666666030883789,1.6833330392837524,1.0504647493362427,414000
2004-11-16,1.6833330392837524,1.7000000476837158,1.666666030883789,1.666666030883789,1.040063738822937,261000
2004-11-17,1.666666030883789,1.6833330392837524,1.666666030883789,1.666666030883789,1.040063738822937,957000
2004-11-18,1.666666030883789,1.666666030883789,1.6166659593582153,1.6166659593582153,1.0088618993759155,975000
2004-11-19,1.6333329677581787,1.6333329677581787,1.6333329677581787,1.6333329677581787,1.019262433052063,720000
2004-11-22,1.6166659593582153,1.6166659593582153,1.6166659593582153,1.6166659593582153,1.0088618993759155,0
2004-11-23,1.6166659593582153,1.6166659593582153,1.6166659593582153,1.6166659593582153,1.0088618993759155,0
2004-11-24,1.6166659593582153,1.6166659593582153,1.6166659593582153,1.6166659593582153,1.0088618993759155,0
2004-11-25,1.6166659593582153,1.6166659593582153,1.6166659593582153,1.6166659593582153,1.0088618993759155,0
2004-11-26,1.6166659593582153,1.6166659593582153,1.6166659593582153,1.6166659593582153,1.0088618993759155,0
2004-11-29,1.7000000476837158,1.7000000476837158,1.666666030883789,1.6833330392837524,1.0504647493362427,471000
2004-11-30,1.666666030883789,1.7333329916000366,1.6166659593582153,1.666666030883789,1.040063738822937,26439000
2004-12-01,1.7333329916000366,1.8333330154418945,1.7333329916000366,1.766666054725647,1.1024675369262695,6315000
2004-12-02,1.8166660070419312,1.850000023841858,1.7833329439163208,1.7999999523162842,1.123268961906433,2841000
2004-12-03,1.7999999523162842,1.8166660070419312,1.7833329439163208,1.8166660070419312,1.1336694955825806,3477000
2004-12-06,1.7999999523162842,1.8166660070419312,1.7833329439163208,1.7833329439163208,1.112868070602417,2235000
2004-12-07,1.7833329439163208,1.7999999523162842,1.7833329439163208,1.7999999523162842,1.123268961906433,351000
2004-12-08,1.8166660070419312,1.8166660070419312,1.7999999523162842,1.7999999523162842,1.123268961906433,1929000
2004-12-09,1.7999999523162842,1.8166660070419312,1.7999999523162842,1.7999999523162842,1.123268961906433,483000
2004-12-10,1.7999999523162842,1.7999999523162842,1.7999999523162842,1.7999999523162842,1.123268961906433,501000
2004-12-13,1.7999999523162842,1.7999999523162842,1.7833329439163208,1.7999999523162842,1.123268961906433,1437000
2004-12-14,1.7833329439163208,1.7833329439163208,1.7166659832000732,1.7166659832000732,1.0712655782699585,495000
2004-12-15,1.7166659832000732,1.7999999523162842,1.7166659832000732,1.7999999523162842,1.123268961906433,474000
2004-12-16,1.75,1.7999999523162842,1.75,1.766666054725647,1.1024675369262695,756000
2004-12-17,1.766666054725647,1.766666054725647,1.75,1.75,1.0920673608779907,144000
2004-12-20,1.7333329916000366,1.766666054725647,1.7333329916000366,1.75,1.0920673608779907,387000
2004-12-21,1.766666054725647,1.8166660070419312,1.766666054725647,1.8166660070419312,1.1336694955825806,1311000
2004-12-22,1.8166660070419312,1.8666659593582153,1.7999999523162842,1.8166660070419312,1.1336694955825806,3108000
2004-12-23,1.8166660070419312,1.8666659593582153,1.8166660070419312,1.8666659593582153,1.1648712158203125,255000
2004-12-24,1.850000023841858,1.899999976158142,1.850000023841858,1.899999976158142,1.1856732368469238,891000
2004-12-27,1.899999976158142,1.899999976158142,1.899999976158142,1.899999976158142,1.1856732368469238,0
2004-12-28,1.899999976158142,1.9333330392837524,1.8833329677581787,1.899999976158142,1.1856732368469238,879000
2004-12-29,1.899999976158142,1.899999976158142,1.8666659593582153,1.899999976158142,1.1967161893844604,219000
2004-12-30,1.899999976158142,1.916666030883789,1.8666659593582153,1.8666659593582153,1.1757206916809082,1311000
2004-12-31,1.8833329677581787,1.8833329677581787,1.8666659593582153,1.8666659593582153,1.1757206916809082,195000
2005-01-03,1.8833329677581787,1.899999976158142,1.8666659593582153,1.8666659593582153,1.1757206916809082,255000
2005-01-04,1.8666659593582153,1.8833329677581787,1.8666659593582153,1.8666659593582153,1.1757206916809082,144000
2005-01-05,1.8666659593582153,1.8666659593582153,1.8166660070419312,1.8333330154418945,1.1547260284423828,576000
2005-01-06,1.8333330154418945,1.8333330154418945,1.8166660070419312,1.8333330154418945,1.1547260284423828,201000
2005-01-07,1.8166660070419312,1.8333330154418945,1.8166660070419312,1.8333330154418945,1.1547260284423828,1089000
2005-01-10,1.8333330154418945,1.8333330154418945,1.7833329439163208,1.8166660070419312,1.144228219985962,189000
2005-01-11,1.8333330154418945,1.916666030883789,1.8333330154418945,1.8666659593582153,1.1757206916809082,600000
2005-01-12,1.8666659593582153,1.8666659593582153,1.850000023841858,1.8666659593582153,1.1757206916809082,525000
2005-01-13,1.899999976158142,1.899999976158142,1.8833329677581787,1.8833329677581787,1.1862186193466187,96000
2005-01-14,1.8833329677581787,1.899999976158142,1.8833329677581787,1.899999976158142,1.1967161893844604,189000
2005-01-17,1.916666030883789,1.916666030883789,1.899999976158142,1.899999976158142,1.1967161893844604,153000
2005-01-18,1.899999976158142,1.899999976158142,1.8833329677581787,1.8833329677581787,1.1862186193466187,141000
2005-01-19,1.899999976158142,1.899999976158142,1.8333330154418945,1.850000023841858,1.1652237176895142,1728000
2005-01-20,1.850000023841858,1.8833329677581787,1.850000023841858,1.8666659593582153,1.1757206916809082,1305000
2005-01-21,1.8666659593582153,1.8666659593582153,1.8666659593582153,1.8666659593582153,1.1757206916809082,429000
2005-01-24,1.8666659593582153,1.8833329677581787,1.8333330154418945,1.8833329677581787,1.1862186193466187,1083000
2005-01-25,1.8666659593582153,1.8666659593582153,1.8666659593582153,1.8666659593582153,1.1757206916809082,1620000
2005-01-26,1.8833329677581787,1.9833329916000366,1.8833329677581787,1.9833329916000366,1.2492035627365112,2967000
2005-01-27,1.9666659832000732,2.0,1.9666659832000732,1.9833329916000366,1.2492035627365112,1899000
2005-01-28,1.9666659832000732,1.9833329916000366,1.9500000476837158,1.9833329916000366,1.2492035627365112,510000
2005-01-31,2.0,2.0,2.0,2.0,1.2597010135650635,2661000
2005-02-01,2.0,2.0,1.9333330392837524,1.9833329916000366,1.2492035627365112,2385000
2005-02-02,1.9666659832000732,1.9666659832000732,1.916666030883789,1.916666030883789,1.2072134017944336,2403000
2005-02-03,1.9333330392837524,1.9666659832000732,1.9333330392837524,1.9333330392837524,1.2177109718322754,264000
2005-02-04,1.9333330392837524,1.9666659832000732,1.9333330392837524,1.9666659832000732,1.2387056350708008,462000
2005-02-07,1.9666659832000732,1.9666659832000732,1.9666659832000732,1.9666659832000732,1.2387056350708008,15000
2005-02-08,1.9666659832000732,2.0,1.9666659832000732,2.0,1.2597010135650635,30000
2005-02-14,1.9833329916000366,1.9833329916000366,1.9666659832000732,1.9666659832000732,1.2387056350708008,51000
2005-02-15,1.9666659832000732,1.9666659832000732,1.899999976158142,1.899999976158142,1.1967161893844604,279000
2005-02-16,1.9333330392837524,1.9333330392837524,1.9333330392837524,1.9333330392837524,1.2177109718322754,75000
2005-02-17,1.9500000476837158,1.9500000476837158,1.9500000476837158,1.9500000476837158,1.2282088994979858,21000
2005-02-18,1.9666659832000732,1.9833329916000366,1.9333330392837524,1.9333330392837524,1.2177109718322754,801000
2005-02-21,1.9666659832000732,1.9833329916000366,1.9333330392837524,1.9666659832000732,1.2387056350708008,390000
2005-02-22,1.9500000476837158,1.9666659832000732,1.9500000476837158,1.9666659832000732,1.2387056350708008,1410000
2005-02-23,1.9666659832000732,1.9666659832000732,1.9500000476837158,1.9500000476837158,1.2282088994979858,63000
2005-02-24,1.9500000476837158,1.9666659832000732,1.9333330392837524,1.9333330392837524,1.2177109718322754,585000
2005-02-25,1.9500000476837158,1.9666659832000732,1.9500000476837158,1.9666659832000732,1.2387056350708008,69000
2005-02-28,1.9666659832000732,1.9666659832000732,1.9500000476837158,1.9500000476837158,1.2282088994979858,711000
2005-03-01,1.9666659832000732,2.0,1.9500000476837158,1.9666659832000732,1.2387056350708008,1150500
2005-03-02,1.9666659832000732,1.9833329916000366,1.9666659832000732,1.9833329916000366,1.2492035627365112,1191000
2005-03-03,1.9666659832000732,1.9666659832000732,1.9666659832000732,1.9666659832000732,1.2387056350708008,202500
2005-03-04,1.9500000476837158,1.9500000476837158,1.9333330392837524,1.9333330392837524,1.2177109718322754,357000
2005-03-07,1.9333330392837524,1.9500000476837158,1.9333330392837524,1.9500000476837158,1.2282088994979858,135000
2005-03-08,1.9333330392837524,2.0333330631256104,1.9333330392837524,2.0333330631256104,1.2806962728500366,2541000
2005-03-09,2.0333330631256104,2.0999999046325684,2.0166659355163574,2.0833330154418945,1.3121883869171143,3444000
2005-03-10,2.0666658878326416,2.1333329677581787,2.049999952316284,2.0999999046325684,1.3226860761642456,1590000
2005-03-11,2.0999999046325684,2.0999999046325684,2.0833330154418945,2.0999999046325684,1.3226860761642456,933000
2005-03-14,2.0999999046325684,2.0999999046325684,2.0833330154418945,2.0833330154418945,1.3121883869171143,264000
2005-03-15,2.0833330154418945,2.0833330154418945,2.049999952316284,2.049999952316284,1.2911934852600098,561000
2005-03-16,2.0333330631256104,2.0833330154418945,2.0166659355163574,2.0833330154418945,1.3121883869171143,498000
2005-03-17,2.0333330631256104,2.049999952316284,2.0166659355163574,2.049999952316284,1.2911934852600098,2388000
2005-03-18,2.049999952316284,2.049999952316284,2.049999952316284,2.049999952316284,1.2911934852600098,1221000
2005-03-21,2.049999952316284,2.049999952316284,2.0166659355163574,2.0333330631256104,1.2806962728500366,456000
2005-03-22,2.0333330631256104,2.0333330631256104,1.9833329916000366,1.9833329916000366,1.2492035627365112,726000
2005-03-23,1.9666659832000732,2.0166659355163574,1.9666659832000732,1.9833329916000366,1.2492035627365112,471000
2005-03-24,1.9833329916000366,1.9833329916000366,1.9666659832000732,1.9833329916000366,1.2492035627365112,207000
2005-03-29,2.0833330154418945,2.0833330154418945,1.9666659832000732,1.9833329916000366,1.2492035627365112,330000
2005-03-30,1.9666659832000732,1.9666659832000732,1.9333330392837524,1.9666659832000732,1.2387056350708008,165000
2005-03-31,1.9833329916000366,2.0,1.9833329916000366,1.9833329916000366,1.2492035627365112,111000
2005-04-01,1.9833329916000366,1.9833329916000366,1.9833329916000366,1.9833329916000366,1.2492035627365112,831000
2005-04-04,1.9833329916000366,2.0,1.9666659832000732,1.9666659832000732,1.2387056350708008,396000
2005-04-06,1.9666659832000732,1.9833329916000366,1.9666659832000732,1.9833329916000366,1.2492035627365112,246000
2005-04-07,1.9500000476837158,1.9500000476837158,1.9333330392837524,1.9333330392837524,1.2177109718322754,9000
2005-04-08,1.9333330392837524,1.9333330392837524,1.916666030883789,1.916666030883789,1.2072134017944336,30000
2005-04-11,1.9666659832000732,1.9833329916000366,1.9666659832000732,1.9833329916000366,1.2492035627365112,112500
2005-04-12,1.9833329916000366,1.9833329916000366,1.9666659832000732,1.9666659832000732,1.2387056350708008,375000
2005-04-13,1.9666659832000732,1.9666659832000732,1.9500000476837158,1.9500000476837158,1.2282088994979858,807000
2005-04-14,1.9333330392837524,1.9500000476837158,1.9333330392837524,1.9500000476837158,1.2282088994979858,3612000
2005-04-15,1.9333330392837524,1.9333330392837524,1.899999976158142,1.899999976158142,1.1967161893844604,474000
2005-04-18,1.8666659593582153,1.8666659593582153,1.7999999523162842,1.8333330154418945,1.1547260284423828,339000
2005-04-19,1.8666659593582153,1.8666659593582153,1.850000023841858,1.8666659593582153,1.1757206916809082,114000
2005-04-20,1.8666659593582153,1.8666659593582153,1.8333330154418945,1.8666659593582153,1.1757206916809082,249000
2005-04-21,1.7999999523162842,1.7999999523162842,1.7833329439163208,1.7999999523162842,1.1337310075759888,210000
2005-04-22,1.7999999523162842,1.8166660070419312,1.7833329439163208,1.7833329439163208,1.123233437538147,654000
2005-04-25,1.7833329439163208,1.8333330154418945,1.7833329439163208,1.7999999523162842,1.1337310075759888,351000
2005-04-26,1.8166660070419312,1.8333330154418945,1.75,1.75,1.102238655090332,432000
2005-04-27,1.7833329439163208,1.7833329439163208,1.75,1.7833329439163208,1.123233437538147,327000
2005-04-28,1.766666054725647,1.7999999523162842,1.766666054725647,1.7833329439163208,1.123233437538147,150000
2005-04-29,1.7833329439163208,1.7833329439163208,1.75,1.7833329439163208,1.123233437538147,1092000
2005-05-03,1.766666054725647,1.7833329439163208,1.766666054725647,1.7833329439163208,1.123233437538147,73500
2005-05-04,1.7999999523162842,1.7999999523162842,1.7999999523162842,1.7999999523162842,1.1337310075759888,27000
2005-05-05,1.7999999523162842,1.850000023841858,1.7999999523162842,1.850000023841858,1.1652237176895142,423000
2005-05-06,1.8166660070419312,1.8166660070419312,1.8166660070419312,1.8166660070419312,1.144228219985962,72000
2005-05-09,1.8166660070419312,1.8166660070419312,1.7999999523162842,1.8166660070419312,1.144228219985962,111000
2005-05-10,1.8166660070419312,1.8333330154418945,1.7999999523162842,1.8333330154418945,1.1547260284423828,345000
2005-05-11,1.7999999523162842,1.7999999523162842,1.7999999523162842,1.7999999523162842,1.1337310075759888,21000
2005-05-12,1.8166660070419312,1.8166660070419312,1.8166660070419312,1.8166660070419312,1.144228219985962,45000
2005-05-13,1.8166660070419312,1.8166660070419312,1.7999999523162842,1.7999999523162842,1.1337310075759888,30000
2005-05-17,1.75,1.75,1.75,1.75,1.102238655090332,180000
2005-05-18,1.75,1.7833329439163208,1.75,1.7833329439163208,1.123233437538147,81000
2005-05-19,1.7833329439163208,1.8166660070419312,1.766666054725647,1.766666054725647,1.1127357482910156,318000
2005-05-20,1.766666054725647,1.7999999523162842,1.766666054725647,1.7833329439163208,1.123233437538147,231000
2005-05-23,1.7333329916000366,1.766666054725647,1.7333329916000366,1.766666054725647,1.1127357482910156,21000
2005-05-24,1.766666054725647,1.766666054725647,1.766666054725647,1.766666054725647,1.1127357482910156,0
2005-05-25,1.766666054725647,1.7999999523162842,1.766666054725647,1.7999999523162842,1.1337310075759888,36000
2005-05-26,1.8166660070419312,1.8166660070419312,1.7999999523162842,1.7999999523162842,1.1337310075759888,24000
2005-05-27,1.8166660070419312,1.8333330154418945,1.7999999523162842,1.7999999523162842,1.1337310075759888,78000
2005-05-30,1.7999999523162842,1.7999999523162842,1.7999999523162842,1.7999999523162842,1.1337310075759888,15000
2005-05-31,1.7999999523162842,1.7999999523162842,1.7999999523162842,1.7999999523162842,1.1337310075759888,15000
2005-06-01,1.7999999523162842,1.7999999523162842,1.7166659832000732,1.7166659832000732,1.0812431573867798,1305000
2005-06-02,1.7166659832000732,1.7333329916000366,1.649999976158142,1.666666030883789,1.049750804901123,2547000
2005-06-03,1.649999976158142,1.649999976158142,1.4833329916000366,1.5333329439163208,0.9657708406448364,4260000
2005-06-06,1.5333329439163208,1.5333329439163208,1.4833329916000366,1.5,0.9447757601737976,3961500
2005-06-07,1.516666054725647,1.5833330154418945,1.516666054725647,1.5666660070419312,0.9867657423019409,3330000
2005-06-08,1.5499999523162842,1.5833330154418945,1.5499999523162842,1.5833330154418945,0.9972631931304932,1272000
2005-06-09,1.600000023841858,1.6333329677581787,1.600000023841858,1.6166659593582153,1.0182580947875977,1347000
2005-06-10,1.6333329677581787,1.666666030883789,1.6166659593582153,1.666666030883789,1.049750804901123,648000
2005-06-13,1.6166659593582153,1.6333329677581787,1.6166659593582153,1.6333329677581787,1.028755784034729,171000
2005-06-14,1.6166659593582153,1.6166659593582153,1.6166659593582153,1.6166659593582153,1.0182580947875977,291000
2005-06-15,1.6166659593582153,1.6166659593582153,1.6166659593582153,1.6166659593582153,1.0182580947875977,126000
2005-06-16,1.6166659593582153,1.6166659593582153,1.600000023841858,1.600000023841858,1.007761001586914,318000
2005-06-17,1.600000023841858,1.666666030883789,1.600000023841858,1.666666030883789,1.049750804901123,3006000
2005-06-20,1.7000000476837158,1.7000000476837158,1.649999976158142,1.649999976158142,1.0392534732818604,21000
2005-06-21,1.649999976158142,1.649999976158142,1.6333329677581787,1.6333329677581787,1.028755784034729,264000
2005-06-22,1.6333329677581787,1.649999976158142,1.6333329677581787,1.649999976158142,1.0392534732818604,348000
2005-06-23,1.666666030883789,1.666666030883789,1.666666030883789,1.666666030883789,1.049750804901123,327000
2005-06-24,1.649999976158142,1.666666030883789,1.649999976158142,1.649999976158142,1.0392534732818604,90000
2005-06-27,1.666666030883789,1.7000000476837158,1.666666030883789,1.7000000476837158,1.070745825767517,378000
2005-06-28,1.7000000476837158,1.7000000476837158,1.600000023841858,1.6333329677581787,1.028755784034729,891000
2005-06-29,1.6333329677581787,1.649999976158142,1.6166659593582153,1.6166659593582153,1.0182580947875977,640500
2005-06-30,1.6166659593582153,1.6166659593582153,1.4666659832000732,1.4833329916000366,0.934278130531311,2845500
2005-07-04,1.4666659832000732,1.4833329916000366,1.4500000476837158,1.4666659832000732,0.9237802624702454,3867000
2005-07-05,1.4666659832000732,1.516666054725647,1.4666659832000732,1.516666054725647,0.9552730917930603,822000
2005-07-06,1.5333329439163208,1.5499999523162842,1.516666054725647,1.516666054725647,0.9552730917930603,1428000
2005-07-07,1.516666054725647,1.5333329439163208,1.5,1.5,0.9447757601737976,1782000
2005-07-08,1.5,1.5,1.4500000476837158,1.4500000476837158,0.9132834076881409,1842000
2005-07-11,1.4500000476837158,1.4666659832000732,1.4500000476837158,1.4666659832000732,0.9237802624702454,2799000
2005-07-12,1.4666659832000732,1.4666659832000732,1.4500000476837158,1.4500000476837158,0.9132834076881409,402000
2005-07-13,1.4666659832000732,1.4666659832000732,1.4500000476837158,1.4500000476837158,0.9132834076881409,1362000
2005-07-14,1.4666659832000732,1.4666659832000732,1.4500000476837158,1.4500000476837158,0.9132834076881409,747000
2005-07-15,1.4500000476837158,1.4666659832000732,1.4500000476837158,1.4666659832000732,0.9237802624702454,522000
2005-07-18,1.4666659832000732,1.4666659832000732,1.3833329677581787,1.399999976158142,0.8817908763885498,2091000
2005-07-19,1.416666030883789,1.416666030883789,1.3666659593582153,1.3666659593582153,0.8607953786849976,570000
2005-07-20,1.3666659593582153,1.3833329677581787,1.350000023841858,1.3833329677581787,0.8712930679321289,2037000
2005-07-21,1.399999976158142,1.416666030883789,1.3833329677581787,1.399999976158142,0.8817908763885498,2274000
2005-07-22,1.399999976158142,1.399999976158142,1.350000023841858,1.350000023841858,0.8502982258796692,2268000
2005-07-25,1.350000023841858,1.3833329677581787,1.350000023841858,1.350000023841858,0.8502982258796692,2773500
2005-07-26,1.3666659593582153,1.3833329677581787,1.350000023841858,1.3666659593582153,0.8607953786849976,931950
2005-07-27,1.3833329677581787,1.4333330392837524,1.3833329677581787,1.4333330392837524,0.9027857184410095,1302000
2005-07-28,1.4666659832000732,1.4833329916000366,1.4333330392837524,1.4666659832000732,0.9237802624702454,1473000
2005-07-29,1.4833329916000366,1.4833329916000366,1.4666659832000732,1.4666659832000732,0.9237802624702454,573000
2005-08-01,1.4333330392837524,1.5,1.4333330392837524,1.4833329916000366,0.934278130531311,741000
2005-08-02,1.5,1.5333329439163208,1.5,1.5333329439163208,0.9657708406448364,1584000
2005-08-03,1.5,1.5,1.4833329916000366,1.5,0.9447757601737976,168000
2005-08-04,1.4833329916000366,1.5,1.4833329916000366,1.4833329916000366,0.934278130531311,2970000
2005-08-05,1.4833329916000366,1.4833329916000366,1.4833329916000366,1.4833329916000366,0.934278130531311,414000
2005-08-08,1.4666659832000732,1.4666659832000732,1.4666659832000732,1.4666659832000732,0.9237802624702454,441000
2005-08-09,1.4666659832000732,1.4666659832000732,1.4500000476837158,1.4500000476837158,0.9132834076881409,840000
2005-08-10,1.4666659832000732,1.4666659832000732,1.4666659832000732,1.4666659832000732,0.9237802624702454,453000
2005-08-11,1.4666659832000732,1.4833329916000366,1.4666659832000732,1.4666659832000732,0.9237802624702454,327000
2005-08-12,1.4666659832000732,1.4666659832000732,1.4666659832000732,1.4666659832000732,0.9237802624702454,612000
2005-08-15,1.4500000476837158,1.4500000476837158,1.4333330392837524,1.4333330392837524,0.9229224920272827,624000
2005-08-16,1.4666659832000732,1.4666659832000732,1.399999976158142,1.4333330392837524,0.9229224920272827,315000
2005-08-17,1.5333329439163208,1.5833330154418945,1.4833329916000366,1.5833330154418945,1.0195071697235107,2454000
2005-08-18,1.600000023841858,1.7166659832000732,1.600000023841858,1.7000000476837158,1.0946290493011475,5964000
2005-08-19,1.7000000476837158,1.7166659832000732,1.5666660070419312,1.6333329677581787,1.0517017841339111,2262000
2005-08-22,1.666666030883789,1.666666030883789,1.6333329677581787,1.649999976158142,1.0624337196350098,282000
2005-08-23,1.6166659593582153,1.6166659593582153,1.5499999523162842,1.5666660070419312,1.0087751150131226,6792000
2005-08-24,1.5499999523162842,1.5833330154418945,1.5333329439163208,1.5666660070419312,1.0087751150131226,402000
2005-08-25,1.5833330154418945,1.649999976158142,1.5833330154418945,1.649999976158142,1.0624337196350098,873000
2005-08-26,1.649999976158142,1.649999976158142,1.600000023841858,1.600000023841858,1.0302388668060303,1890000
2005-08-29,1.600000023841858,1.600000023841858,1.5666660070419312,1.5666660070419312,1.0087751150131226,657000
2005-08-30,1.5666660070419312,1.5666660070419312,1.5333329439163208,1.5333329439163208,0.9873119592666626,1632000
2005-08-31,1.5333329439163208,1.5666660070419312,1.5333329439163208,1.5666660070419312,1.0087751150131226,123000
2005-09-01,1.5833330154418945,1.649999976158142,1.5833330154418945,1.6166659593582153,1.0409700870513916,711000
2005-09-02,1.600000023841858,1.6166659593582153,1.5833330154418945,1.600000023841858,1.0302388668060303,150000
2005-09-05,1.5666660070419312,1.5666660070419312,1.5499999523162842,1.5499999523162842,0.9980440139770508,711000
2005-09-06,1.600000023841858,1.600000023841858,1.5499999523162842,1.5499999523162842,0.9980440139770508,294000
2005-09-07,1.5333329439163208,1.5333329439163208,1.5,1.516666054725647,0.976580023765564,2682000
2005-09-08,1.5,1.5499999523162842,1.4666659832000732,1.5333329439163208,0.9873119592666626,7278000
2005-09-09,1.5333329439163208,1.5666660070419312,1.5333329439163208,1.5333329439163208,0.9873119592666626,2397000
2005-09-12,1.5499999523162842,1.6333329677581787,1.5499999523162842,1.6333329677581787,1.0517017841339111,8787000
2005-09-13,1.600000023841858,1.766666054725647,1.600000023841858,1.7166659832000732,1.1053602695465088,6336000
2005-09-14,1.7000000476837158,1.8333330154418945,1.6833330392837524,1.8333330154418945,1.1804817914962769,2298000
2005-09-15,1.8333330154418945,1.8333330154418945,1.7000000476837158,1.7166659832000732,1.1053602695465088,1326000
2005-09-16,1.7166659832000732,1.7333329916000366,1.649999976158142,1.7000000476837158,1.0946290493011475,2628000
2005-09-20,1.666666030883789,1.666666030883789,1.6333329677581787,1.6333329677581787,1.0517017841339111,636000
2005-09-21,1.666666030883789,1.75,1.666666030883789,1.7333329916000366,1.1160919666290283,5052000
2005-09-22,1.7333329916000366,1.75,1.7333329916000366,1.75,1.1268240213394165,2265000
2005-09-23,1.75,1.75,1.7166659832000732,1.7166659832000732,1.1053602695465088,987000
2005-09-26,1.7333329916000366,1.7333329916000366,1.7000000476837158,1.7000000476837158,1.0946290493011475,651000
2005-09-27,1.7000000476837158,1.7333329916000366,1.7000000476837158,1.7333329916000366,1.1160919666290283,159000
2005-09-28,1.7000000476837158,1.7166659832000732,1.6833330392837524,1.7166659832000732,1.1053602695465088,1092000
2005-09-29,1.7166659832000732,1.75,1.7166659832000732,1.7333329916000366,1.1160919666290283,1581000
2005-09-30,1.7333329916000366,1.7333329916000366,1.7333329916000366,1.7333329916000366,1.1160919666290283,0
2005-10-03,1.7000000476837158,1.7000000476837158,1.7000000476837158,1.7000000476837158,1.0946290493011475,276000
2005-10-04,1.7000000476837158,1.7000000476837158,1.7000000476837158,1.7000000476837158,1.0946290493011475,180000
2005-10-05,1.6833330392837524,1.6833330392837524,1.6833330392837524,1.6833330392837524,1.0838972330093384,30000
2005-10-06,1.666666030883789,1.666666030883789,1.5666660070419312,1.5666660070419312,1.0087751150131226,2175000
2005-10-07,1.5666660070419312,1.5666660070419312,1.5499999523162842,1.5499999523162842,0.9980440139770508,381000
2005-10-10,1.5499999523162842,1.5666660070419312,1.5499999523162842,1.5499999523162842,0.9980440139770508,1677000
2005-10-12,1.5833330154418945,1.5833330154418945,1.516666054725647,1.516666054725647,0.976580023765564,2490000
2005-10-13,1.516666054725647,1.5333329439163208,1.5,1.5333329439163208,0.9873119592666626,687000
2005-10-14,1.5333329439163208,1.5333329439163208,1.516666054725647,1.516666054725647,0.976580023765564,108000
2005-10-17,1.516666054725647,1.516666054725647,1.516666054725647,1.516666054725647,0.976580023765564,666000
2005-10-18,1.516666054725647,1.516666054725647,1.516666054725647,1.516666054725647,0.976580023765564,15000
2005-10-19,1.5,1.5,1.4666659832000732,1.4666659832000732,0.9443851709365845,882000
2005-10-20,1.5,1.5,1.4666659832000732,1.4666659832000732,0.9443851709365845,1210500
2005-10-21,1.5,1.5,1.399999976158142,1.5,0.965848982334137,693000
2005-10-24,1.4833329916000366,1.4833329916000366,1.399999976158142,1.416666030883789,0.912190318107605,954000
2005-10-25,1.416666030883789,1.4333330392837524,1.399999976158142,1.416666030883789,0.912190318107605,967500
2005-10-26,1.4333330392837524,1.5,1.4333330392837524,1.5,0.965848982334137,2445000
2005-10-27,1.4833329916000366,1.4833329916000366,1.4833329916000366,1.4833329916000366,0.955117404460907,15000
2005-10-28,1.5,1.5,1.5,1.5,0.965848982334137,75000
2005-10-31,1.5,1.5666660070419312,1.5,1.5666660070419312,1.0087751150131226,264000
2005-11-01,1.5666660070419312,1.5666660070419312,1.5333329439163208,1.5333329439163208,0.9873119592666626,93000
2005-11-02,1.5,1.5,1.5,1.5,0.965848982334137,330000
2005-11-03,1.5,1.5,1.5,1.5,0.965848982334137,114000
2005-11-04,1.4833329916000366,1.4833329916000366,1.4666659832000732,1.4666659832000732,0.9443851709365845,567000
2005-11-07,1.4666659832000732,1.4666659832000732,1.4666659832000732,1.4666659832000732,0.9443851709365845,51000
2005-11-08,1.4666659832000732,1.4666659832000732,1.4666659832000732,1.4666659832000732,0.9443851709365845,0
2005-11-09,1.5,1.5,1.4666659832000732,1.4666659832000732,0.9443851709365845,717000
2005-11-10,1.4666659832000732,1.4666659832000732,1.4666659832000732,1.4666659832000732,0.9443851709365845,432000
2005-11-11,1.4666659832000732,1.4833329916000366,1.4666659832000732,1.4666659832000732,0.9443851709365845,153000
2005-11-14,1.5,1.5,1.5,1.5,0.965848982334137,3000
2005-11-15,1.5,1.5,1.5,1.5,0.965848982334137,75000
2005-11-16,1.4833329916000366,1.4833329916000366,1.4833329916000366,1.4833329916000366,0.955117404460907,3822000
2005-11-17,1.4833329916000366,1.4833329916000366,1.4666659832000732,1.4666659832000732,0.9443851709365845,27000
2005-11-18,1.5,1.5,1.5,1.5,0.965848982334137,360000
2005-11-21,1.4833329916000366,1.4833329916000366,1.4666659832000732,1.4833329916000366,0.955117404460907,135000
2005-11-22,1.4833329916000366,1.4833329916000366,1.4666659832000732,1.4666659832000732,0.9443851709365845,405000
2005-11-23,1.4666659832000732,1.4666659832000732,1.4666659832000732,1.4666659832000732,0.9443851709365845,405000
2005-11-24,1.4666659832000732,1.4666659832000732,1.4666659832000732,1.4666659832000732,0.9443851709365845,105000
2005-11-25,1.4666659832000732,1.4666659832000732,1.4666659832000732,1.4666659832000732,0.9443851709365845,75000
2005-11-28,1.4666659832000732,1.4666659832000732,1.4333330392837524,1.4500000476837158,0.933654248714447,387000
2005-11-29,1.4500000476837158,1.4500000476837158,1.416666030883789,1.4333330392837524,0.9229224920272827,399000
2005-11-30,1.4333330392837524,1.4333330392837524,1.4333330392837524,1.4333330392837524,0.9229224920272827,1089000
2005-12-01,1.4500000476837158,1.4500000476837158,1.416666030883789,1.416666030883789,0.912190318107605,1038000
2005-12-02,1.4333330392837524,1.4333330392837524,1.4333330392837524,1.4333330392837524,0.9229224920272827,285000
2005-12-05,1.4333330392837524,1.4333330392837524,1.416666030883789,1.416666030883789,0.912190318107605,516000
2005-12-06,1.416666030883789,1.416666030883789,1.399999976158142,1.399999976158142,0.9014589786529541,1251000
2005-12-07,1.416666030883789,1.4500000476837158,1.416666030883789,1.4500000476837158,0.933654248714447,651000
2005-12-08,1.4500000476837158,1.5333329439163208,1.4500000476837158,1.4666659832000732,0.9443851709365845,891000
2005-12-09,1.5,1.5,1.4666659832000732,1.4666659832000732,0.9443851709365845,228000
2005-12-12,1.5,1.5,1.4333330392837524,1.4666659832000732,0.9443851709365845,510000
2005-12-13,1.4666659832000732,1.4666659832000732,1.4500000476837158,1.4500000476837158,0.933654248714447,120000
2005-12-14,1.4500000476837158,1.5333329439163208,1.4333330392837524,1.516666054725647,0.976580023765564,6396000
2005-12-15,1.4833329916000366,1.5,1.4333330392837524,1.4333330392837524,0.9229224920272827,3402000
2005-12-16,1.4500000476837158,1.4500000476837158,1.416666030883789,1.416666030883789,0.912190318107605,855000
2005-12-19,1.4333330392837524,1.4333330392837524,1.399999976158142,1.399999976158142,0.9014589786529541,1794000
2005-12-20,1.399999976158142,1.399999976158142,1.3666659593582153,1.3833329677581787,0.890727162361145,2284800
2005-12-21,1.3666659593582153,1.399999976158142,1.3666659593582153,1.3833329677581787,0.890727162361145,405000
2005-12-22,1.3833329677581787,1.416666030883789,1.3833329677581787,1.416666030883789,0.912190318107605,351000
2005-12-23,1.416666030883789,1.416666030883789,1.399999976158142,1.416666030883789,0.912190318107605,372000
2005-12-28,1.416666030883789,1.416666030883789,1.416666030883789,1.416666030883789,0.912190318107605,411000
2005-12-29,1.399999976158142,1.4333330392837524,1.3833329677581787,1.3833329677581787,0.9021903276443481,480000
2005-12-30,1.3833329677581787,1.4333330392837524,1.3833329677581787,1.416666030883789,0.9239296317100525,783000
2006-01-03,1.4333330392837524,1.4500000476837158,1.4333330392837524,1.4333330392837524,0.9347999095916748,948000
2006-01-04,1.4333330392837524,1.4500000476837158,1.416666030883789,1.4333330392837524,0.9347999095916748,2079000
2006-01-05,1.4333330392837524,1.4666659832000732,1.4333330392837524,1.4500000476837158,0.9456698298454285,10311000
2006-01-06,1.4500000476837158,1.4666659832000732,1.4333330392837524,1.4500000476837158,0.9456698298454285,5985000
2006-01-09,1.4500000476837158,1.4500000476837158,1.4333330392837524,1.4333330392837524,0.9347999095916748,1248000
2006-01-10,1.4333330392837524,1.4333330392837524,1.416666030883789,1.4333330392837524,0.9347999095916748,1440000
2006-01-11,1.4333330392837524,1.4333330392837524,1.416666030883789,1.416666030883789,0.9239296317100525,453000
2006-01-12,1.4333330392837524,1.4500000476837158,1.4333330392837524,1.4333330392837524,0.9347999095916748,1287000
2006-01-13,1.4333330392837524,1.516666054725647,1.4333330392837524,1.5,0.9782789349555969,3351000
2006-01-16,1.5,1.516666054725647,1.4833329916000366,1.4833329916000366,0.9674091935157776,2163000
2006-01-17,1.5,1.5,1.4333330392837524,1.4666659832000732,0.9565389156341553,2772000
2006-01-18,1.4666659832000732,1.4666659832000732,1.4333330392837524,1.4500000476837158,0.9456698298454285,669000
2006-01-19,1.4833329916000366,1.5,1.4666659832000732,1.4666659832000732,0.9565389156341553,4458000
2006-01-20,1.4833329916000366,1.5,1.4500000476837158,1.4500000476837158,0.9456698298454285,2415000
2006-01-23,1.4333330392837524,1.4500000476837158,1.416666030883789,1.416666030883789,0.9239296317100525,4545000
2006-01-24,1.4333330392837524,1.4333330392837524,1.416666030883789,1.4333330392837524,0.9347999095916748,387000
2006-01-25,1.4333330392837524,1.4333330392837524,1.416666030883789,1.416666030883789,0.9239296317100525,453000
2006-01-26,1.4333330392837524,1.4666659832000732,1.4333330392837524,1.4500000476837158,0.9456698298454285,822000
2006-01-27,1.4666659832000732,1.4666659832000732,1.4333330392837524,1.4333330392837524,0.9347999095916748,429000
2006-02-01,1.4333330392837524,1.4333330392837524,1.416666030883789,1.416666030883789,0.9239296317100525,1428000
2006-02-02,1.416666030883789,1.4333330392837524,1.416666030883789,1.416666030883789,0.9239296317100525,654000
2006-02-03,1.399999976158142,1.416666030883789,1.399999976158142,1.399999976158142,0.913060188293457,1152000
2006-02-06,1.399999976158142,1.399999976158142,1.3833329677581787,1.399999976158142,0.913060188293457,1608000
2006-02-07,1.3833329677581787,1.399999976158142,1.3833329677581787,1.3833329677581787,0.9021903276443481,795000
2006-02-08,1.399999976158142,1.399999976158142,1.3833329677581787,1.3833329677581787,0.9021903276443481,1110000
2006-02-09,1.416666030883789,1.4666659832000732,1.416666030883789,1.4333330392837524,0.9347999095916748,7236000
2006-02-10,1.4333330392837524,1.4666659832000732,1.4333330392837524,1.4500000476837158,0.9456698298454285,2010000
2006-02-13,1.4666659832000732,1.4666659832000732,1.4500000476837158,1.4500000476837158,0.9456698298454285,942000
2006-02-14,1.4500000476837158,1.4500000476837158,1.416666030883789,1.4333330392837524,0.9347999095916748,642000
2006-02-15,1.4500000476837158,1.4500000476837158,1.416666030883789,1.4333330392837524,0.9347999095916748,774000
2006-02-16,1.4333330392837524,1.4333330392837524,1.4333330392837524,1.4333330392837524,0.9347999095916748,693000
2006-02-17,1.4500000476837158,1.4500000476837158,1.416666030883789,1.416666030883789,0.9239296317100525,465000
2006-02-20,1.416666030883789,1.416666030883789,1.3833329677581787,1.399999976158142,0.913060188293457,648000
2006-02-21,1.399999976158142,1.416666030883789,1.3833329677581787,1.416666030883789,0.9239296317100525,951000
2006-02-22,1.416666030883789,1.416666030883789,1.3833329677581787,1.399999976158142,0.913060188293457,684000
2006-02-23,1.399999976158142,1.399999976158142,1.3833329677581787,1.399999976158142,0.913060188293457,1491000
2006-02-24,1.3833329677581787,1.399999976158142,1.3666659593582153,1.3833329677581787,0.9021903276443481,1275000
2006-02-27,1.3833329677581787,1.399999976158142,1.3833329677581787,1.3833329677581787,0.9021903276443481,921000
2006-02-28,1.3833329677581787,1.399999976158142,1.3666659593582153,1.399999976158142,0.913060188293457,1806000
2006-03-01,1.3833329677581787,1.399999976158142,1.350000023841858,1.399999976158142,0.913060188293457,4569000
2006-03-02,1.3833329677581787,1.399999976158142,1.3666659593582153,1.399999976158142,0.913060188293457,2091000
2006-03-03,1.399999976158142,1.4333330392837524,1.399999976158142,1.399999976158142,0.913060188293457,4863000
2006-03-06,1.416666030883789,1.4333330392837524,1.399999976158142,1.416666030883789,0.9239296317100525,4767000
2006-03-07,1.399999976158142,1.416666030883789,1.3833329677581787,1.416666030883789,0.9239296317100525,4617000
2006-03-08,1.416666030883789,1.416666030883789,1.3833329677581787,1.399999976158142,0.913060188293457,5556000
2006-03-09,1.399999976158142,1.399999976158142,1.3666659593582153,1.3833329677581787,0.9021903276443481,2589000
2006-03-10,1.3833329677581787,1.3833329677581787,1.3666659593582153,1.3666659593582153,0.8913200497627258,2313000
2006-03-13,1.3666659593582153,1.3833329677581787,1.350000023841858,1.3833329677581787,0.9021903276443481,2112000
2006-03-14,1.3833329677581787,1.3833329677581787,1.3333330154418945,1.350000023841858,0.8804510235786438,4212000
2006-03-15,1.266666054725647,1.3200000524520874,1.2400000095367432,1.266666054725647,0.8261017203330994,12354000
2006-03-16,1.2599999904632568,1.266666054725647,1.2333329916000366,1.2533329725265503,0.8174059987068176,6252000
2006-03-17,1.2533329725265503,1.266666054725647,1.2400000095367432,1.266666054725647,0.8261017203330994,2385000
2006-03-20,1.266666054725647,1.273332953453064,1.2400000095367432,1.2533329725265503,0.8174059987068176,1728000
2006-03-21,1.2533329725265503,1.2533329725265503,1.2333329916000366,1.2466659545898438,0.8130579590797424,1710000
2006-03-22,1.2400000095367432,1.2400000095367432,1.1866660118103027,1.1933330297470093,0.7782749533653259,3357000
2006-03-23,1.2066659927368164,1.2466659545898438,1.2000000476837158,1.2066659927368164,0.7869706153869629,2610000
2006-03-24,1.2200000286102295,1.22666597366333,1.213333010673523,1.2200000286102295,0.7956669926643372,1188000
2006-03-27,1.22666597366333,1.22666597366333,1.1866660118103027,1.1933330297470093,0.7782749533653259,1765200
2006-03-28,1.213333010673523,1.213333010673523,1.2000000476837158,1.2066659927368164,0.7869706153869629,1029000
2006-03-29,1.2066659927368164,1.213333010673523,1.2000000476837158,1.2066659927368164,0.7869706153869629,555000
2006-03-30,1.2066659927368164,1.2066659927368164,1.1799999475479126,1.1866660118103027,0.7739269137382507,2169000
2006-03-31,1.1933330297470093,1.2000000476837158,1.1799999475479126,1.2000000476837158,0.7826231122016907,1131000
2006-04-03,1.2000000476837158,1.2066659927368164,1.1933330297470093,1.1933330297470093,0.7782749533653259,435000
2006-04-04,1.1933330297470093,1.1933330297470093,1.1866660118103027,1.1933330297470093,0.7782749533653259,603000
2006-04-06,1.1866660118103027,1.22666597366333,1.1866660118103027,1.213333010673523,0.791318953037262,2358000
2006-04-07,1.2200000286102295,1.2200000286102295,1.2000000476837158,1.213333010673523,0.791318953037262,1089000
2006-04-10,1.213333010673523,1.213333010673523,1.2000000476837158,1.2000000476837158,0.7826231122016907,444000
2006-04-11,1.2000000476837158,1.2000000476837158,1.1866660118103027,1.2000000476837158,0.7826231122016907,849000
2006-04-12,1.2000000476837158,1.2400000095367432,1.2000000476837158,1.22666597366333,0.800014317035675,2211000
2006-04-13,1.22666597366333,1.2466659545898438,1.22666597366333,1.2333329916000366,0.8043625354766846,1779000
2006-04-18,1.2400000095367432,1.2533329725265503,1.2333329916000366,1.2400000095367432,0.8087108135223389,981000
2006-04-19,1.2333329916000366,1.2333329916000366,1.2066659927368164,1.2066659927368164,0.7869706153869629,1509000
2006-04-20,1.2066659927368164,1.213333010673523,1.2000000476837158,1.2000000476837158,0.7826231122016907,1479000
2006-04-21,1.2000000476837158,1.2000000476837158,1.1866660118103027,1.1933330297470093,0.7782749533653259,930000
2006-04-24,1.1866660118103027,1.1933330297470093,1.1866660118103027,1.1866660118103027,0.7739269137382507,900000
2006-04-25,1.1866660118103027,1.1866660118103027,1.1333329677581787,1.1533329486846924,0.7521876692771912,2694000
2006-04-26,1.1533329486846924,1.1533329486846924,1.0933330059051514,1.113332986831665,0.7261000275611877,3417000
2006-04-27,1.113332986831665,1.1200000047683716,1.100000023841858,1.100000023841858,0.7174045443534851,1977000
2006-04-28,1.100000023841858,1.100000023841858,1.0,1.0199999809265137,0.6652296185493469,4755000
2006-05-02,1.0266660451889038,1.053333044052124,1.0133329629898071,1.0266660451889038,0.6695771217346191,2193000
2006-05-03,1.0266660451889038,1.0399999618530273,1.0133329629898071,1.0333329439163208,0.6739253401756287,2670000
2006-05-04,1.0333329439163208,1.0333329439163208,1.0133329629898071,1.0199999809265137,0.6652296185493469,3522000
2006-05-08,1.0266660451889038,1.0266660451889038,1.0,1.0133329629898071,0.6608814597129822,2469000
2006-05-09,1.0066659450531006,1.0133329629898071,1.0066659450531006,1.0066659450531006,0.6565333604812622,540000
2006-05-10,1.0066659450531006,1.0133329629898071,0.9866660237312317,1.0066659450531006,0.6565333604812622,3222000
2006-05-11,1.0066659450531006,1.0133329629898071,1.0066659450531006,1.0066659450531006,0.6565333604812622,1038000
2006-05-12,1.0,1.0133329629898071,1.0,1.0066659450531006,0.6565333604812622,897000
2006-05-15,1.0,1.0066659450531006,0.9933329820632935,1.0066659450531006,0.6565333604812622,465000
2006-05-16,1.0,1.0,0.9800000190734863,0.9933329820632935,0.6478378772735596,429000
2006-05-17,1.0,1.0,0.9733330011367798,0.9933329820632935,0.6478378772735596,1200000
2006-05-18,0.9800000190734863,0.9933329820632935,0.9800000190734863,0.9866660237312317,0.64348965883255,609000
2006-05-19,0.9866660237312317,0.9866660237312317,0.9733330011367798,0.9800000190734863,0.6391422748565674,639000
2006-05-22,0.9866660237312317,0.9933329820632935,0.9599999785423279,0.9599999785423279,0.6260984539985657,210000
2006-05-23,0.9466660022735596,0.9733330011367798,0.9466660022735596,0.9733330011367798,0.6347941160202026,627000
2006-05-24,0.9599999785423279,0.9599999785423279,0.9266660213470459,0.9533330202102661,0.6217502951622009,984000
2006-05-25,0.9333329796791077,0.9333329796791077,0.9200000166893005,0.9200000166893005,0.6000111699104309,462000
2006-05-26,0.9533330202102661,0.9533330202102661,0.8933330178260803,0.9333329796791077,0.6087067127227783,759000
2006-05-29,0.9333329796791077,0.9333329796791077,0.8933330178260803,0.9200000166893005,0.6000111699104309,243000
2006-05-30,0.9200000166893005,0.9333329796791077,0.9066659808158875,0.9333329796791077,0.6087067127227783,540000
2006-06-01,0.8999999761581421,0.8999999761581421,0.8866659998893738,0.8866659998893738,0.5782710909843445,294000
2006-06-02,0.8999999761581421,0.9200000166893005,0.8666660189628601,0.8999999761581421,0.5869672894477844,1083000
2006-06-05,0.8999999761581421,0.8999999761581421,0.8733329772949219,0.8799999952316284,0.573923647403717,363000
2006-06-06,0.8666660189628601,1.0066659450531006,0.8600000143051147,1.0,0.6521859169006348,1812000
2006-06-07,1.0,1.0,0.8933330178260803,0.9399999976158142,0.6130548715591431,1080000
2006-06-08,0.9200000166893005,0.9533330202102661,0.8866659998893738,0.9466660022735596,0.6174023151397705,744000
2006-06-09,0.9466660022735596,0.9666659832000732,0.9266660213470459,0.9533330202102661,0.6217502951622009,780000
2006-06-12,0.9466660022735596,0.9466660022735596,0.9466660022735596,0.9466660022735596,0.6174023151397705,0
2006-06-13,0.9066659808158875,0.9599999785423279,0.8999999761581421,0.9399999976158142,0.6130548715591431,489000
2006-06-14,0.9066659808158875,0.9066659808158875,0.9066659808158875,0.9066659808158875,0.5913147926330566,327000
2006-06-15,0.9066659808158875,0.9266660213470459,0.8999999761581421,0.9266660213470459,0.6043584942817688,996000
2006-06-16,0.9399999976158142,0.9533330202102661,0.9200000166893005,0.9266660213470459,0.6043584942817688,249
2006-06-19,0.9399999976158142,0.9399999976158142,0.9200000166893005,0.9200000166893005,0.6000111699104309,21000
2006-06-20,0.9333329796791077,0.9333329796791077,0.9266660213470459,0.9333329796791077,0.6087067127227783,165000
2006-06-21,0.9066659808158875,0.9200000166893005,0.9066659808158875,0.9066659808158875,0.5913147926330566,111000
2006-06-22,0.9333329796791077,0.9333329796791077,0.9066659808158875,0.913332998752594,0.5956629514694214,273000
2006-06-23,0.913332998752594,0.913332998752594,0.913332998752594,0.913332998752594,0.5956629514694214,135000
2006-06-26,0.8666660189628601,0.9200000166893005,0.8666660189628601,0.8933330178260803,0.5826192498207092,588000
2006-06-27,0.8999999761581421,0.8999999761581421,0.8933330178260803,0.8999999761581421,0.5869672894477844,495000
2006-06-28,0.8933330178260803,0.9466660022735596,0.8733329772949219,0.9466660022735596,0.6174023151397705,675000
2006-06-29,0.9200000166893005,0.9200000166893005,0.8133329749107361,0.8600000143051147,0.5608799457550049,4353000
2006-06-30,0.8533329963684082,0.8533329963684082,0.8133329749107361,0.8133329749107361,0.530444324016571,2310000
2006-07-03,0.8199999928474426,0.8199999928474426,0.7599999904632568,0.7666659951210022,0.500008761882782,2436
2006-07-04,0.7799999713897705,0.8133329749107361,0.7799999713897705,0.8066660165786743,0.5260962843894958,2181000
2006-07-05,0.8199999928474426,0.826665997505188,0.800000011920929,0.8066660165786743,0.5260962843894958,1104000
2006-07-06,0.7866659760475159,0.7866659760475159,0.7599999904632568,0.7733330130577087,0.5043569803237915,2220000
2006-07-07,0.7733330130577087,0.7733330130577087,0.7666659951210022,0.7733330130577087,0.5043569803237915,594000
2006-07-10,0.7733330130577087,0.7799999713897705,0.7733330130577087,0.7799999713897705,0.5087050199508667,60000
2006-07-11,0.7799999713897705,0.7799999713897705,0.7799999713897705,0.7799999713897705,0.5087050199508667,486000
2006-07-12,0.7666659951210022,0.7866659760475159,0.7666659951210022,0.7733330130577087,0.5043569803237915,351000
2006-07-13,0.7733330130577087,0.7799999713897705,0.7599999904632568,0.7599999904632568,0.49566131830215454,501000
2006-07-14,0.7599999904632568,0.7733330130577087,0.7533329725265503,0.7733330130577087,0.5043569803237915,195000
2006-07-17,0.7733330130577087,0.7733330130577087,0.7733330130577087,0.7733330130577087,0.5043569803237915,75000
2006-07-18,0.7733330130577087,0.7733330130577087,0.7466660141944885,0.7466660141944885,0.4869650602340698,171000
2006-07-19,0.7533329725265503,0.7733330130577087,0.7533329725265503,0.7733330130577087,0.5043569803237915,129000
2006-07-20,0.7666659951210022,0.7733330130577087,0.7666659951210022,0.7733330130577087,0.5043569803237915,129000
2006-07-21,0.7666659951210022,0.7733330130577087,0.7666659951210022,0.7733330130577087,0.5043569803237915,183000
2006-07-24,0.7666659951210022,0.7799999713897705,0.7666659951210022,0.7799999713897705,0.5087050199508667,150000
2006-07-25,0.7799999713897705,0.7799999713897705,0.7733330130577087,0.7733330130577087,0.5043569803237915,45000
2006-07-26,0.7666659951210022,0.7666659951210022,0.7599999904632568,0.7599999904632568,0.49566131830215454,171000
2006-07-27,0.7599999904632568,0.7599999904632568,0.7533329725265503,0.7533329725265503,0.491313099861145,174000
2006-07-28,0.7466660141944885,0.7533329725265503,0.7466660141944885,0.7533329725265503,0.491313099861145,45000
2006-07-31,0.7666659951210022,0.7666659951210022,0.7666659951210022,0.7666659951210022,0.500008761882782,75
2006-08-01,0.7400000095367432,0.7400000095367432,0.6866660118103027,0.699999988079071,0.4565300941467285,999000
2006-08-02,0.699999988079071,0.699999988079071,0.6866660118103027,0.6866660118103027,0.4478338956832886,585000
2006-08-03,0.6866660118103027,0.6866660118103027,0.6533330082893372,0.6533330082893372,0.42609459161758423,1920000
2006-08-04,0.6533330082893372,0.6733329892158508,0.6399999856948853,0.6733329892158508,0.43913838267326355,867000
2006-08-07,0.6733329892158508,0.6733329892158508,0.6600000262260437,0.6666659712791443,0.43479007482528687,381000
2006-08-08,0.6666659712791443,0.6666659712791443,0.6600000262260437,0.6600000262260437,0.4304427206516266,645000
2006-08-09,0.6600000262260437,0.6800000071525574,0.6600000262260437,0.6733329892158508,0.43913838267326355,16393500
2006-08-10,0.6800000071525574,0.6800000071525574,0.6666659712791443,0.6666659712791443,0.43479007482528687,1812000
2006-08-11,0.6666659712791443,0.6733329892158508,0.6600000262260437,0.6666659712791443,0.43479007482528687,2079000
2006-08-14,0.6733329892158508,0.7200000286102295,0.6733329892158508,0.7066659927368164,0.46087774634361267,7335000
2006-08-15,0.7066659927368164,0.7066659927368164,0.6733329892158508,0.6800000071525574,0.44348636269569397,2640000
2006-08-16,0.6866660118103027,0.699999988079071,0.6866660118103027,0.6933330297470093,0.45218202471733093,4278000
2006-08-17,0.6800000071525574,0.699999988079071,0.6733329892158508,0.6733329892158508,0.4517345726490021,3555000
2006-08-18,0.6866660118103027,0.6866660118103027,0.6533330082893372,0.6666659712791443,0.44726160168647766,4134000
2006-08-21,0.6733329892158508,0.6866660118103027,0.6666659712791443,0.6800000071525574,0.45620736479759216,654000
2006-08-22,0.6733329892158508,0.6933330297470093,0.6733329892158508,0.6866660118103027,0.4606795907020569,1920000
2006-08-23,0.6733329892158508,0.6733329892158508,0.6666659712791443,0.6666659712791443,0.44726160168647766,345000
2006-08-24,0.6666659712791443,0.6666659712791443,0.6600000262260437,0.6600000262260437,0.44278958439826965,549000
2006-08-25,0.6600000262260437,0.6666659712791443,0.6600000262260437,0.6600000262260437,0.44278958439826965,393000
2006-08-28,0.6733329892158508,0.6866660118103027,0.6533330082893372,0.6800000071525574,0.45620736479759216,1866000
2006-08-29,0.6866660118103027,0.6933330297470093,0.6866660118103027,0.6866660118103027,0.4606795907020569,1374000
2006-08-30,0.6866660118103027,0.6866660118103027,0.6600000262260437,0.6666659712791443,0.44726160168647766,327000
2006-08-31,0.6600000262260437,0.6733329892158508,0.6600000262260437,0.6666659712791443,0.44726160168647766,8355000
2006-09-01,0.6733329892158508,0.6866660118103027,0.6733329892158508,0.6733329892158508,0.4517345726490021,6309000
2006-09-04,0.6800000071525574,0.6866660118103027,0.6733329892158508,0.6866660118103027,0.4606795907020569,1479000
2006-09-05,0.6933330297470093,0.699999988079071,0.6866660118103027,0.6933330297470093,0.4651525020599365,1818000
2006-09-06,0.699999988079071,0.7200000286102295,0.6933330297470093,0.713333010673523,0.47857022285461426,1929000
2006-09-07,0.699999988079071,0.713333010673523,0.699999988079071,0.7066659927368164,0.47409746050834656,486000
2006-09-08,0.7066659927368164,0.7400000095367432,0.7066659927368164,0.7333329916000366,0.4919881224632263,1440000
2006-09-11,0.7266659736633301,0.7400000095367432,0.7266659736633301,0.7333329916000366,0.4919881224632263,1929000
2006-09-12,0.7333329916000366,0.7333329916000366,0.7066659927368164,0.7066659927368164,0.47409746050834656,1236000
2006-09-13,0.6933330297470093,0.7066659927368164,0.6933330297470093,0.699999988079071,0.4696252644062042,321000
2006-09-14,0.6533330082893372,0.6800000071525574,0.6533330082893372,0.6600000262260437,0.44278958439826965,3636000
2006-09-15,0.6666659712791443,0.6666659712791443,0.6600000262260437,0.6666659712791443,0.44726160168647766,1011000
2006-09-18,0.6666659712791443,0.6733329892158508,0.6666659712791443,0.6666659712791443,0.44726160168647766,1668000
2006-09-19,0.6600000262260437,0.6666659712791443,0.6399999856948853,0.6466659903526306,0.4338439106941223,3198000
2006-09-20,0.6533330082893372,0.6600000262260437,0.6533330082893372,0.6600000262260437,0.44278958439826965,774000
2006-09-21,0.6600000262260437,0.6600000262260437,0.6466659903526306,0.6466659903526306,0.4338439106941223,600000
2006-09-22,0.6466659903526306,0.6466659903526306,0.6399999856948853,0.6466659903526306,0.4338439106941223,1563000
2006-09-25,0.6466659903526306,0.6666659712791443,0.6466659903526306,0.6533330082893372,0.4383166432380676,1050000
2006-09-26,0.6600000262260437,0.6600000262260437,0.6466659903526306,0.6466659903526306,0.4338439106941223,321000
2006-09-27,0.6533330082893372,0.6533330082893372,0.6466659903526306,0.6466659903526306,0.4338439106941223,534000
2006-09-28,0.6533330082893372,0.6533330082893372,0.6466659903526306,0.6466659903526306,0.4338439106941223,549000
2006-09-29,0.6466659903526306,0.6600000262260437,0.6466659903526306,0.6533330082893372,0.4383166432380676,1344000
2006-10-03,0.6466659903526306,0.6600000262260437,0.6466659903526306,0.6466659903526306,0.4338439106941223,348000
2006-10-04,0.6533330082893372,0.6533330082893372,0.6466659903526306,0.6466659903526306,0.4338439106941223,483000
2006-10-05,0.6466659903526306,0.6666659712791443,0.6466659903526306,0.6600000262260437,0.44278958439826965,915000
2006-10-06,0.6533330082893372,0.6533330082893372,0.6533330082893372,0.6533330082893372,0.4383166432380676,150000
2006-10-09,0.6666659712791443,0.6866660118103027,0.6533330082893372,0.6600000262260437,0.44278958439826965,1746000
2006-10-10,0.6600000262260437,0.6600000262260437,0.6466659903526306,0.6466659903526306,0.4338439106941223,483000
2006-10-11,0.6533330082893372,0.6533330082893372,0.6466659903526306,0.6466659903526306,0.4338439106941223,738000
2006-10-12,0.6533330082893372,0.6933330297470093,0.6533330082893372,0.6666659712791443,0.44726160168647766,32088000
2006-10-13,0.6733329892158508,0.699999988079071,0.6733329892158508,0.6800000071525574,0.45620736479759216,13887000
2006-10-16,0.6866660118103027,0.6933330297470093,0.6666659712791443,0.6800000071525574,0.45620736479759216,2160000
2006-10-17,0.6733329892158508,0.6800000071525574,0.6733329892158508,0.6733329892158508,0.4517345726490021,1734000
2006-10-18,0.6733329892158508,0.6800000071525574,0.6733329892158508,0.6733329892158508,0.4517345726490021,852000
2006-10-19,0.6733329892158508,0.6733329892158508,0.6533330082893372,0.6600000262260437,0.44278958439826965,2241000
2006-10-20,0.6600000262260437,0.6733329892158508,0.6466659903526306,0.6733329892158508,0.4517345726490021,2346000
2006-10-23,0.6800000071525574,0.6800000071525574,0.6600000262260437,0.6600000262260437,0.44278958439826965,633000
2006-10-24,0.6600000262260437,0.6666659712791443,0.6533330082893372,0.6533330082893372,0.4383166432380676,939000
2006-10-25,0.6533330082893372,0.6600000262260437,0.6466659903526306,0.6600000262260437,0.44278958439826965,822000
2006-10-26,0.6533330082893372,0.6600000262260437,0.6466659903526306,0.6466659903526306,0.4338439106941223,672000
2006-10-27,0.6466659903526306,0.6533330082893372,0.6466659903526306,0.6466659903526306,0.4338439106941223,1638000
2006-10-31,0.6399999856948853,0.6466659903526306,0.6399999856948853,0.6466659903526306,0.4338439106941223,963000
2006-11-01,0.6466659903526306,0.6466659903526306,0.6399999856948853,0.6466659903526306,0.4338439106941223,840000
2006-11-02,0.6399999856948853,0.6399999856948853,0.6266660094261169,0.6333330273628235,0.42489880323410034,2661000
2006-11-03,0.6333330273628235,0.6399999856948853,0.6266660094261169,0.6333330273628235,0.42489880323410034,1041000
2006-11-06,0.6333330273628235,0.6399999856948853,0.6333330273628235,0.6399999856948853,0.4293716549873352,399000
2006-11-07,0.6399999856948853,0.6399999856948853,0.6333330273628235,0.6399999856948853,0.4293716549873352,792000
2006-11-08,0.6399999856948853,0.6399999856948853,0.6333330273628235,0.6333330273628235,0.42489880323410034,867000
2006-11-09,0.6333330273628235,0.6666659712791443,0.6333330273628235,0.6600000262260437,0.44278958439826965,2406000
2006-11-10,0.6666659712791443,0.6733329892158508,0.6600000262260437,0.6666659712791443,0.44726160168647766,876000
2006-11-13,0.6666659712791443,0.6733329892158508,0.6600000262260437,0.6600000262260437,0.44278958439826965,681000
2006-11-14,0.6600000262260437,0.6733329892158508,0.6600000262260437,0.6666659712791443,0.44726160168647766,1941000
2006-11-15,0.6733329892158508,0.6733329892158508,0.6533330082893372,0.6533330082893372,0.4383166432380676,414000
2006-11-16,0.6466659903526306,0.6666659712791443,0.6466659903526306,0.6466659903526306,0.4338439106941223,300000
2006-11-17,0.6600000262260437,0.6600000262260437,0.6466659903526306,0.6533330082893372,0.4383166432380676,516000
2006-11-20,0.6666659712791443,0.6666659712791443,0.6533330082893372,0.6533330082893372,0.4383166432380676,654000
2006-11-21,0.6533330082893372,0.6600000262260437,0.6533330082893372,0.6600000262260437,0.44278958439826965,357000
2006-11-22,0.6533330082893372,0.6600000262260437,0.6533330082893372,0.6600000262260437,0.44278958439826965,300000
2006-11-23,0.6600000262260437,0.6600000262260437,0.6466659903526306,0.6533330082893372,0.4383166432380676,807000
2006-11-24,0.6600000262260437,0.6600000262260437,0.6533330082893372,0.6533330082893372,0.4383166432380676,696000
2006-11-27,0.6533330082893372,0.6800000071525574,0.6533330082893372,0.6600000262260437,0.44278958439826965,1446
2006-11-28,0.6333330273628235,0.6333330273628235,0.6200000047683716,0.6266660094261169,0.4204258918762207,1842000
2006-11-29,0.6200000047683716,0.6466659903526306,0.6200000047683716,0.6399999856948853,0.4293716549873352,705000
2006-11-30,0.6466659903526306,0.6533330082893372,0.6399999856948853,0.6399999856948853,0.4293716549873352,117000
2006-12-01,0.6399999856948853,0.6399999856948853,0.6266660094261169,0.6333330273628235,0.42489880323410034,714000
2006-12-04,0.6333330273628235,0.6333330273628235,0.6200000047683716,0.6333330273628235,0.42489880323410034,1110000
2006-12-05,0.6333330273628235,0.6333330273628235,0.6266660094261169,0.6333330273628235,0.42489880323410034,612000
2006-12-06,0.6333330273628235,0.6399999856948853,0.6333330273628235,0.6399999856948853,0.4293716549873352,696000
2006-12-07,0.6333330273628235,0.6333330273628235,0.6266660094261169,0.6333330273628235,0.42489880323410034,1341000
2006-12-08,0.6466659903526306,0.6466659903526306,0.6266660094261169,0.6333330273628235,0.42489880323410034,1308000
2006-12-11,0.6333330273628235,0.6466659903526306,0.6333330273628235,0.6399999856948853,0.4293716549873352,789
2006-12-12,0.6200000047683716,0.6200000047683716,0.6200000047683716,0.6200000047683716,0.4159538745880127,0
2006-12-13,0.699999988079071,0.7066659927368164,0.6733329892158508,0.6933330297470093,0.4651525020599365,15729000
2006-12-14,0.6866660118103027,0.6933330297470093,0.6800000071525574,0.6933330297470093,0.4651525020599365,6672000
2006-12-15,0.6866660118103027,0.6933330297470093,0.6800000071525574,0.6866660118103027,0.4606795907020569,3051000
2006-12-18,0.6933330297470093,0.6933330297470093,0.6800000071525574,0.6866660118103027,0.4606795907020569,3237000
2006-12-19,0.6866660118103027,0.6933330297470093,0.6800000071525574,0.6866660118103027,0.4606795907020569,2130000
2006-12-20,0.6866660118103027,0.6866660118103027,0.6800000071525574,0.6866660118103027,0.4606795907020569,1803000
2006-12-21,0.6866660118103027,0.6866660118103027,0.6800000071525574,0.6800000071525574,0.45620736479759216,618000
2006-12-22,0.6800000071525574,0.6866660118103027,0.6800000071525574,0.6800000071525574,0.45620736479759216,774000
2006-12-27,0.6800000071525574,0.6800000071525574,0.6800000071525574,0.6800000071525574,0.45620736479759216,1653000
2006-12-28,0.6800000071525574,0.6800000071525574,0.6733329892158508,0.6733329892158508,0.45984962582588196,1092000
2006-12-29,0.6733329892158508,0.6800000071525574,0.6733329892158508,0.6733329892158508,0.45984962582588196,558000
2007-01-02,0.6733329892158508,0.6800000071525574,0.6733329892158508,0.6733329892158508,0.45984962582588196,1194000
2007-01-03,0.6800000071525574,0.6800000071525574,0.6733329892158508,0.6733329892158508,0.45984962582588196,1335000
2007-01-04,0.6733329892158508,0.6800000071525574,0.6733329892158508,0.6733329892158508,0.45984962582588196,1548000
2007-01-05,0.6800000071525574,0.6866660118103027,0.6800000071525574,0.6800000071525574,0.4644026756286621,1029000
2007-01-08,0.6866660118103027,0.6866660118103027,0.6800000071525574,0.6800000071525574,0.4644026756286621,243000
2007-01-09,0.6800000071525574,0.6800000071525574,0.6800000071525574,0.6800000071525574,0.4644026756286621,642000
2007-01-10,0.6800000071525574,0.6800000071525574,0.6800000071525574,0.6800000071525574,0.4644026756286621,1833000
2007-01-11,0.6800000071525574,0.6800000071525574,0.6800000071525574,0.6800000071525574,0.4644026756286621,390000
2007-01-12,0.6800000071525574,0.6866660118103027,0.6800000071525574,0.6800000071525574,0.4644026756286621,201000
2007-01-15,0.6800000071525574,0.6866660118103027,0.6800000071525574,0.6800000071525574,0.4644026756286621,243000
2007-01-16,0.6800000071525574,0.6800000071525574,0.6733329892158508,0.6800000071525574,0.4644026756286621,372000
2007-01-17,0.6800000071525574,0.6800000071525574,0.6733329892158508,0.6733329892158508,0.45984962582588196,411000
2007-01-18,0.6733329892158508,0.6933330297470093,0.6733329892158508,0.6866660118103027,0.46895530819892883,2616000
2007-01-19,0.6866660118103027,0.699999988079071,0.6866660118103027,0.6933330297470093,0.4735085368156433,2145000
2007-01-22,0.6933330297470093,0.6933330297470093,0.6866660118103027,0.6866660118103027,0.46895530819892883,198000
2007-01-23,0.6866660118103027,0.6866660118103027,0.6800000071525574,0.6866660118103027,0.46895530819892883,264000
2007-01-24,0.6800000071525574,0.6800000071525574,0.6800000071525574,0.6800000071525574,0.4644026756286621,273000
2007-01-25,0.6866660118103027,0.6866660118103027,0.6800000071525574,0.6800000071525574,0.4644026756286621,225000
2007-01-26,0.6800000071525574,0.6800000071525574,0.6733329892158508,0.6800000071525574,0.4644026756286621,993000
2007-01-29,0.6800000071525574,0.6800000071525574,0.6800000071525574,0.6800000071525574,0.4644026756286621,63000
2007-01-30,0.6733329892158508,0.6866660118103027,0.6733329892158508,0.6800000071525574,0.4644026756286621,273000
2007-01-31,0.6800000071525574,0.6800000071525574,0.6733329892158508,0.6800000071525574,0.4644026756286621,537000
2007-02-01,0.6800000071525574,0.6800000071525574,0.6800000071525574,0.6800000071525574,0.4644026756286621,159000
2007-02-02,0.6733329892158508,0.6733329892158508,0.6733329892158508,0.6733329892158508,0.45984962582588196,135000
2007-02-05,0.6800000071525574,0.699999988079071,0.6800000071525574,0.6933330297470093,0.4735085368156433,1089000
2007-02-06,0.6933330297470093,0.6933330297470093,0.6866660118103027,0.6933330297470093,0.4735085368156433,618000
2007-02-07,0.6866660118103027,0.7066659927368164,0.6866660118103027,0.699999988079071,0.47806158661842346,6572521
2007-02-08,0.7066659927368164,0.7066659927368164,0.6933330297470093,0.699999988079071,0.47806158661842346,5790000
2007-02-09,0.6933330297470093,0.699999988079071,0.6933330297470093,0.6933330297470093,0.4735085368156433,387000
2007-02-12,0.6933330297470093,0.699999988079071,0.6933330297470093,0.699999988079071,0.47806158661842346,567000
2007-02-13,0.699999988079071,0.699999988079071,0.6866660118103027,0.6866660118103027,0.46895530819892883,633000
2007-02-14,0.6866660118103027,0.6933330297470093,0.6866660118103027,0.6866660118103027,0.46895530819892883,243000
2007-02-15,0.6866660118103027,0.6933330297470093,0.6866660118103027,0.6933330297470093,0.4735085368156433,432000
2007-02-16,0.6933330297470093,0.699999988079071,0.6866660118103027,0.699999988079071,0.47806158661842346,825000
2007-02-21,0.6933330297470093,0.6933330297470093,0.6866660118103027,0.6933330297470093,0.4735085368156433,390000
2007-02-22,0.6866660118103027,0.699999988079071,0.6866660118103027,0.699999988079071,0.47806158661842346,2016000
2007-02-23,0.6933330297470093,0.6933330297470093,0.6800000071525574,0.6800000071525574,0.4644026756286621,1854000
2007-02-26,0.6733329892158508,0.6866660118103027,0.6666659712791443,0.6733329892158508,0.45984962582588196,1140000
2007-02-27,0.6800000071525574,0.6800000071525574,0.6733329892158508,0.6733329892158508,0.45984962582588196,393000
2007-02-28,0.6666659712791443,0.6733329892158508,0.6666659712791443,0.6733329892158508,0.45984962582588196,1812000
2007-03-01,0.6733329892158508,0.6866660118103027,0.6733329892158508,0.6800000071525574,0.4644026756286621,927000
2007-03-02,0.6666659712791443,0.6733329892158508,0.6666659712791443,0.6666659712791443,0.45529627799987793,864000
2007-03-05,0.6666659712791443,0.6666659712791443,0.6533330082893372,0.6533330082893372,0.44619065523147583,1449000
2007-03-06,0.6466659903526306,0.6600000262260437,0.6466659903526306,0.6600000262260437,0.4507438540458679,51000
2007-03-07,0.6533330082893372,0.6600000262260437,0.6466659903526306,0.6466659903526306,0.44163742661476135,9267000
2007-03-08,0.6533330082893372,0.6533330082893372,0.6466659903526306,0.6533330082893372,0.44619065523147583,249000
2007-03-09,0.6399999856948853,0.6533330082893372,0.6399999856948853,0.6466659903526306,0.44163742661476135,315000
2007-03-12,0.6533330082893372,0.6533330082893372,0.6466659903526306,0.6466659903526306,0.44163742661476135,612000
2007-03-13,0.6466659903526306,0.6466659903526306,0.6399999856948853,0.6466659903526306,0.44163742661476135,606000
2007-03-14,0.6399999856948853,0.6399999856948853,0.6333330273628235,0.6399999856948853,0.43708497285842896,326548
2007-03-15,0.6399999856948853,0.6399999856948853,0.6333330273628235,0.6333330273628235,0.4325317442417145,879000
2007-03-16,0.6399999856948853,0.6399999856948853,0.6399999856948853,0.6399999856948853,0.43708497285842896,117000
2007-03-19,0.6266660094261169,0.6399999856948853,0.6266660094261169,0.6333330273628235,0.4325317442417145,615000
2007-03-20,0.6399999856948853,0.6466659903526306,0.6333330273628235,0.6333330273628235,0.4325317442417145,294000
2007-03-21,0.6399999856948853,0.6466659903526306,0.6399999856948853,0.6466659903526306,0.44163742661476135,2214000
2007-03-22,0.6399999856948853,0.6533330082893372,0.6333330273628235,0.6533330082893372,0.44619065523147583,234000
2007-03-23,0.6466659903526306,0.6533330082893372,0.6466659903526306,0.6466659903526306,0.44163742661476135,720000
2007-03-26,0.6466659903526306,0.6466659903526306,0.6333330273628235,0.6466659903526306,0.44163742661476135,4212000
2007-03-27,0.6800000071525574,0.7333329916000366,0.6800000071525574,0.6866660118103027,0.46895530819892883,22254000
2007-03-28,0.6933330297470093,0.699999988079071,0.6866660118103027,0.6933330297470093,0.4735085368156433,6786000
2007-03-29,0.6933330297470093,0.699999988079071,0.6933330297470093,0.6933330297470093,0.4735085368156433,1782000
2007-03-30,0.6933330297470093,0.699999988079071,0.6933330297470093,0.699999988079071,0.47806158661842346,888000
2007-04-02,0.6933330297470093,0.6933330297470093,0.6933330297470093,0.6933330297470093,0.4735085368156433,1482000
2007-04-03,0.6933330297470093,0.6933330297470093,0.6933330297470093,0.6933330297470093,0.4735085368156433,2751000
2007-04-04,0.699999988079071,0.699999988079071,0.6933330297470093,0.6933330297470093,0.4735085368156433,348000
2007-04-10,0.699999988079071,0.699999988079071,0.6933330297470093,0.6933330297470093,0.4735085368156433,1953000
2007-04-11,0.6933330297470093,0.699999988079071,0.6933330297470093,0.6933330297470093,0.4735085368156433,1257000
2007-04-12,0.6933330297470093,0.6933330297470093,0.6933330297470093,0.6933330297470093,0.4735085368156433,321000
2007-04-13,0.699999988079071,0.699999988079071,0.6933330297470093,0.6933330297470093,0.4735085368156433,1215000
2007-04-16,0.6933330297470093,0.699999988079071,0.6933330297470093,0.6933330297470093,0.4735085368156433,624000
2007-04-17,0.6933330297470093,0.6933330297470093,0.6933330297470093,0.6933330297470093,0.4735085368156433,1398000
2007-04-18,0.6933330297470093,0.6933330297470093,0.6666659712791443,0.6733329892158508,0.45984962582588196,414000
2007-04-19,0.6666659712791443,0.6666659712791443,0.6600000262260437,0.6666659712791443,0.45529627799987793,492000
2007-04-20,0.6666659712791443,0.6666659712791443,0.6666659712791443,0.6666659712791443,0.45529627799987793,24000
2007-04-23,0.6800000071525574,0.6800000071525574,0.6800000071525574,0.6800000071525574,0.4644026756286621,12000
2007-04-24,0.6666659712791443,0.6666659712791443,0.6666659712791443,0.6666659712791443,0.45529627799987793,30000
2007-04-25,0.6666659712791443,0.6666659712791443,0.6666659712791443,0.6666659712791443,0.45529627799987793,0
2007-04-26,0.6800000071525574,0.6866660118103027,0.6800000071525574,0.6866660118103027,0.46895530819892883,267000
2007-04-27,0.6800000071525574,0.6800000071525574,0.6800000071525574,0.6800000071525574,0.4644026756286621,30000
2007-04-30,0.6866660118103027,0.6866660118103027,0.6800000071525574,0.6866660118103027,0.46895530819892883,69000
2007-05-02,0.6800000071525574,0.6933330297470093,0.6800000071525574,0.6933330297470093,0.4735085368156433,537000
2007-05-03,0.6933330297470093,0.6933330297470093,0.6866660118103027,0.6866660118103027,0.46895530819892883,117000
2007-05-04,0.6933330297470093,0.6933330297470093,0.6933330297470093,0.6933330297470093,0.4735085368156433,15000
2007-05-07,0.6866660118103027,0.6866660118103027,0.6666659712791443,0.6733329892158508,0.45984962582588196,117000
2007-05-08,0.6666659712791443,0.6666659712791443,0.6666659712791443,0.6666659712791443,0.45529627799987793,15000
2007-05-09,0.6866660118103027,0.6866660118103027,0.6800000071525574,0.6800000071525574,0.4644026756286621,126000
2007-05-10,0.6733329892158508,0.6866660118103027,0.6666659712791443,0.6866660118103027,0.46895530819892883,132000
2007-05-11,0.6866660118103027,0.6866660118103027,0.6866660118103027,0.6866660118103027,0.46895530819892883,45000
2007-05-14,0.6666659712791443,0.6666659712791443,0.6666659712791443,0.6666659712791443,0.45529627799987793,315000
2007-05-15,0.6600000262260437,0.6600000262260437,0.6600000262260437,0.6600000262260437,0.4507438540458679,3478
2007-05-16,0.6600000262260437,0.6600000262260437,0.6600000262260437,0.6600000262260437,0.4507438540458679,63000
2007-05-17,0.6733329892158508,0.6733329892158508,0.6666659712791443,0.6666659712791443,0.45529627799987793,405000
2007-05-18,0.6600000262260437,0.6600000262260437,0.6533330082893372,0.6533330082893372,0.44619065523147583,135000
2007-05-21,0.6600000262260437,0.6800000071525574,0.6600000262260437,0.6800000071525574,0.4644026756286621,150000
2007-05-22,0.6666659712791443,0.6666659712791443,0.6666659712791443,0.6666659712791443,0.45529627799987793,3000
2007-05-23,0.6666659712791443,0.6666659712791443,0.6666659712791443,0.6666659712791443,0.45529627799987793,75000
2007-05-25,0.6533330082893372,0.6533330082893372,0.6533330082893372,0.6533330082893372,0.44619065523147583,15000
2007-05-28,0.6666659712791443,0.6800000071525574,0.6666659712791443,0.6800000071525574,0.4644026756286621,393000
2007-05-29,0.6866660118103027,0.699999988079071,0.6866660118103027,0.6866660118103027,0.46895530819892883,441000
2007-05-30,0.6866660118103027,0.6866660118103027,0.6866660118103027,0.6866660118103027,0.46895530819892883,0
2007-05-31,0.6933330297470093,0.6933330297470093,0.6866660118103027,0.6866660118103027,0.46895530819892883,180000
2007-06-01,0.6866660118103027,0.6866660118103027,0.6733329892158508,0.6733329892158508,0.45984962582588196,291000
2007-06-04,0.699999988079071,0.699999988079071,0.6800000071525574,0.699999988079071,0.47806158661842346,129000
2007-06-05,0.7066659927368164,0.7066659927368164,0.6733329892158508,0.6800000071525574,0.4644026756286621,531000
2007-06-06,0.6866660118103027,0.6866660118103027,0.6666659712791443,0.6666659712791443,0.45529627799987793,150000
2007-06-07,0.6733329892158508,0.6933330297470093,0.6733329892158508,0.6933330297470093,0.4735085368156433,111000
2007-06-08,0.6666659712791443,0.6733329892158508,0.6666659712791443,0.6733329892158508,0.45984962582588196,279000
2007-06-11,0.6866660118103027,0.699999988079071,0.6866660118103027,0.699999988079071,0.47806158661842346,867000
2007-06-12,0.699999988079071,0.800000011920929,0.699999988079071,0.7599999904632568,0.5190383791923523,2922000
2007-06-13,0.7599999904632568,0.7599999904632568,0.7266659736633301,0.7266659736633301,0.4962729811668396,2802000
2007-06-14,0.7266659736633301,0.7533329725265503,0.7266659736633301,0.7400000095367432,0.5053794980049133,3216000
2007-06-15,0.7266659736633301,0.7333329916000366,0.713333010673523,0.7266659736633301,0.4962729811668396,849000
2007-06-18,0.7266659736633301,0.7266659736633301,0.7066659927368164,0.7066659927368164,0.4826141893863678,723000
2007-06-20,0.713333010673523,0.713333010673523,0.6933330297470093,0.6933330297470093,0.4735085368156433,1302000
2007-06-21,0.6933330297470093,0.713333010673523,0.6933330297470093,0.7066659927368164,0.4826141893863678,663000
2007-06-22,0.699999988079071,0.699999988079071,0.6933330297470093,0.699999988079071,0.47806158661842346,291000
2007-06-25,0.6933330297470093,0.699999988079071,0.6866660118103027,0.6933330297470093,0.4735085368156433,678000
2007-06-26,0.7200000286102295,0.7200000286102295,0.6933330297470093,0.699999988079071,0.47806158661842346,345000
2007-06-27,0.699999988079071,0.699999988079071,0.6933330297470093,0.6933330297470093,0.4735085368156433,417000
2007-06-28,0.6933330297470093,0.6933330297470093,0.6866660118103027,0.6866660118103027,0.46895530819892883,426000
2007-06-29,0.6866660118103027,0.6933330297470093,0.6733329892158508,0.6866660118103027,0.46895530819892883,531000
2007-07-03,0.6800000071525574,0.6800000071525574,0.6666659712791443,0.6800000071525574,0.4644026756286621,2374635
2007-07-04,0.6733329892158508,0.6800000071525574,0.6533330082893372,0.6533330082893372,0.44619065523147583,600000
2007-07-05,0.6666659712791443,0.6733329892158508,0.6600000262260437,0.6733329892158508,0.45984962582588196,234000
2007-07-06,0.6600000262260437,0.6800000071525574,0.6533330082893372,0.6800000071525574,0.4644026756286621,120000
2007-07-09,0.6666659712791443,0.6800000071525574,0.6666659712791443,0.6800000071525574,0.4644026756286621,444000
2007-07-10,0.6666659712791443,0.699999988079071,0.6666659712791443,0.6666659712791443,0.45529627799987793,294000
2007-07-11,0.6666659712791443,0.6866660118103027,0.6600000262260437,0.6866660118103027,0.46895530819892883,450000
2007-07-12,0.6666659712791443,0.6800000071525574,0.6666659712791443,0.6666659712791443,0.45529627799987793,396000
2007-07-13,0.6800000071525574,0.6800000071525574,0.6666659712791443,0.6666659712791443,0.45529627799987793,270000
2007-07-16,0.6666659712791443,0.6666659712791443,0.6666659712791443,0.6666659712791443,0.45529627799987793,336000
2007-07-17,0.6533330082893372,0.6533330082893372,0.6466659903526306,0.6533330082893372,0.44619065523147583,258000
2007-07-18,0.6600000262260437,0.6733329892158508,0.6533330082893372,0.6533330082893372,0.44619065523147583,153000
2007-07-19,0.6600000262260437,0.6600000262260437,0.6466659903526306,0.6466659903526306,0.44163742661476135,162000
2007-07-20,0.6600000262260437,0.6666659712791443,0.6600000262260437,0.6666659712791443,0.45529627799987793,231000
2007-07-23,0.6666659712791443,0.6733329892158508,0.6666659712791443,0.6666659712791443,0.45529627799987793,360000
2007-07-24,0.6666659712791443,0.6666659712791443,0.6600000262260437,0.6600000262260437,0.4507438540458679,105000
2007-07-25,0.6600000262260437,0.6800000071525574,0.6600000262260437,0.6600000262260437,0.4507438540458679,69000
2007-07-26,0.6800000071525574,0.6866660118103027,0.6666659712791443,0.6800000071525574,0.4644026756286621,258000
2007-07-27,0.6600000262260437,0.6666659712791443,0.6533330082893372,0.6533330082893372,0.44619065523147583,501000
2007-07-30,0.6533330082893372,0.6800000071525574,0.6466659903526306,0.6666659712791443,0.45529627799987793,486000
2007-07-31,0.6600000262260437,0.6800000071525574,0.6600000262260437,0.6666659712791443,0.45529627799987793,159000
2007-08-01,0.6933330297470093,0.7200000286102295,0.6466659903526306,0.6600000262260437,0.4507438540458679,3003
2007-08-02,0.6533330082893372,0.6600000262260437,0.6399999856948853,0.6466659903526306,0.44163742661476135,150000
2007-08-03,0.6666659712791443,0.6733329892158508,0.6600000262260437,0.6600000262260437,0.4507438540458679,150000
2007-08-06,0.6600000262260437,0.6600000262260437,0.6266660094261169,0.6333330273628235,0.4325317442417145,258000
2007-08-07,0.6000000238418579,0.6000000238418579,0.5133330225944519,0.526665985584259,0.35968396067619324,2688000
2007-08-08,0.5333330035209656,0.5466660261154175,0.526665985584259,0.5400000214576721,0.3687904477119446,873000
2007-08-09,0.5400000214576721,0.5400000214576721,0.5400000214576721,0.5400000214576721,0.3687904477119446,375000
2007-08-10,0.526665985584259,0.526665985584259,0.5199999809265137,0.5199999809265137,0.35513150691986084,105000
2007-08-13,0.5333330035209656,0.5533329844474792,0.5333330035209656,0.5533329844474792,0.37789610028266907,870000
2007-08-14,0.5600000023841858,0.5666660070419312,0.5466660261154175,0.5600000023841858,0.38244932889938354,210000
2007-08-15,0.5533329844474792,0.5533329844474792,0.5133330225944519,0.5333330035209656,0.3642372786998749,420
2007-08-16,0.46666601300239563,0.5066660046577454,0.46666601300239563,0.5,0.3414725959300995,402000
2007-08-17,0.47999998927116394,0.47999998927116394,0.46000000834465027,0.46666601300239563,0.31870731711387634,1686000
2007-08-20,0.47999998927116394,0.49333301186561584,0.46666601300239563,0.49333301186561584,0.3369194269180298,255000
2007-08-21,0.5066660046577454,0.5066660046577454,0.49333301186561584,0.49333301186561584,0.3369194269180298,570000
2007-08-22,0.526665985584259,0.5666660070419312,0.526665985584259,0.5600000023841858,0.38244932889938354,987000
2007-08-23,0.5466660261154175,0.5733330249786377,0.5466660261154175,0.5733330249786377,0.39155513048171997,420000
2007-08-24,0.5466660261154175,0.5466660261154175,0.5466660261154175,0.5466660261154175,0.37334293127059937,15000
2007-08-27,0.5666660070419312,0.5733330249786377,0.5666660070419312,0.5733330249786377,0.39155513048171997,93000
2007-08-28,0.5466660261154175,0.6000000238418579,0.5466660261154175,0.5733330249786377,0.39155513048171997,867
2007-08-29,0.6266660094261169,0.6266660094261169,0.5666660070419312,0.5733330249786377,0.39155513048171997,348000
2007-08-30,0.6000000238418579,0.6066660284996033,0.5733330249786377,0.6066660284996033,0.4143196940422058,279000
2007-08-31,0.5866659879684448,0.6266660094261169,0.5866659879684448,0.6266660094261169,0.4279785454273224,387000
2007-09-03,0.6333330273628235,0.6333330273628235,0.6000000238418579,0.6266660094261169,0.4279785454273224,111000
2007-09-04,0.6000000238418579,0.613332986831665,0.6000000238418579,0.613332986831665,0.4188728630542755,90000
2007-09-05,0.6000000238418579,0.6200000047683716,0.6000000238418579,0.6200000047683716,0.42342609167099,459000
2007-09-06,0.613332986831665,0.6399999856948853,0.613332986831665,0.6333330273628235,0.4325317442417145,618000
2007-09-07,0.6333330273628235,0.6600000262260437,0.6333330273628235,0.6466659903526306,0.44163742661476135,978000
2007-09-10,0.6466659903526306,0.6466659903526306,0.6333330273628235,0.6333330273628235,0.4325317442417145,195000
2007-09-11,0.6466659903526306,0.6733329892158508,0.6466659903526306,0.6666659712791443,0.45529627799987793,1212000
2007-09-12,0.6533330082893372,0.6533330082893372,0.6466659903526306,0.6466659903526306,0.44163742661476135,255000
2007-09-13,0.6399999856948853,0.6399999856948853,0.6399999856948853,0.6399999856948853,0.43708497285842896,75000
2007-09-14,0.6466659903526306,0.6666659712791443,0.6466659903526306,0.6666659712791443,0.45529627799987793,63000
2007-09-17,0.6800000071525574,0.6800000071525574,0.6600000262260437,0.6600000262260437,0.4507438540458679,459000
2007-09-18,0.6066660284996033,0.6399999856948853,0.6000000238418579,0.6399999856948853,0.44840866327285767,78000
2007-09-19,0.6466659903526306,0.6466659903526306,0.6066660284996033,0.6266660094261169,0.4390662908554077,45
2007-09-20,0.6266660094261169,0.6266660094261169,0.6266660094261169,0.6266660094261169,0.4390662908554077,0
2007-09-21,0.6200000047683716,0.6200000047683716,0.613332986831665,0.613332986831665,0.42972472310066223,114000
2007-09-24,0.6000000238418579,0.6000000238418579,0.6000000238418579,0.6000000238418579,0.420383095741272,57000
2007-09-25,0.6000000238418579,0.6000000238418579,0.6000000238418579,0.6000000238418579,0.420383095741272,30000
2007-09-27,0.6000000238418579,0.6000000238418579,0.6000000238418579,0.6000000238418579,0.420383095741272,36000
2007-09-28,0.5866659879684448,0.5866659879684448,0.5466660261154175,0.5666660070419312,0.3970279395580292,60
2007-10-02,0.5666660070419312,0.5666660070419312,0.5466660261154175,0.5466660261154175,0.3830152451992035,75000
2007-10-03,0.5533329844474792,0.5533329844474792,0.5533329844474792,0.5533329844474792,0.3876863420009613,0
2007-10-04,0.5333330035209656,0.5333330035209656,0.5333330035209656,0.5333330035209656,0.373673677444458,105000
2007-10-05,0.5466660261154175,0.5466660261154175,0.5400000214576721,0.5400000214576721,0.3783448040485382,150000
2007-10-08,0.5199999809265137,0.5333330035209656,0.5199999809265137,0.526665985584259,0.36900240182876587,96000
2007-10-09,0.5400000214576721,0.5466660261154175,0.5400000214576721,0.5466660261154175,0.3830152451992035,177000
2007-10-10,0.5333330035209656,0.5333330035209656,0.5333330035209656,0.5333330035209656,0.373673677444458,3000
2007-10-11,0.5400000214576721,0.5400000214576721,0.5400000214576721,0.5400000214576721,0.3783448040485382,30000
2007-10-12,0.5400000214576721,0.5400000214576721,0.5400000214576721,0.5400000214576721,0.3783448040485382,90000
2007-10-15,0.5400000214576721,0.5400000214576721,0.5333330035209656,0.5333330035209656,0.373673677444458,96000
2007-10-16,0.5333330035209656,0.6000000238418579,0.5333330035209656,0.5533329844474792,0.3876863420009613,171000
2007-10-17,0.5733330249786377,0.5733330249786377,0.5733330249786377,0.5733330249786377,0.4016992449760437,30000
2007-10-18,0.5666660070419312,0.5666660070419312,0.5533329844474792,0.5533329844474792,0.3876863420009613,27000
2007-10-22,0.5600000023841858,0.5600000023841858,0.5600000023841858,0.5600000023841858,0.39235755801200867,90000
2007-10-23,0.5600000023841858,0.5600000023841858,0.5600000023841858,0.5600000023841858,0.39235755801200867,0
2007-10-24,0.5333330035209656,0.5400000214576721,0.526665985584259,0.5400000214576721,0.3783448040485382,99000
2007-10-25,0.5666660070419312,0.5666660070419312,0.5666660070419312,0.5666660070419312,0.3970279395580292,18000
2007-10-26,0.5333330035209656,0.5333330035209656,0.5333330035209656,0.5333330035209656,0.373673677444458,60000
2007-10-29,0.5333330035209656,0.5333330035209656,0.5199999809265137,0.5199999809265137,0.364331990480423,84000
2007-10-30,0.526665985584259,0.526665985584259,0.5199999809265137,0.5199999809265137,0.364331990480423,36000
2007-10-31,0.526665985584259,0.526665985584259,0.5199999809265137,0.5199999809265137,0.364331990480423,90000
2007-11-01,0.5199999809265137,0.5199999809265137,0.5199999809265137,0.5199999809265137,0.364331990480423,15000
2007-11-02,0.5333330035209656,0.5333330035209656,0.5333330035209656,0.5333330035209656,0.373673677444458,144000
2007-11-05,0.5333330035209656,0.5333330035209656,0.5333330035209656,0.5333330035209656,0.373673677444458,0
2007-11-06,0.5333330035209656,0.5333330035209656,0.5333330035209656,0.5333330035209656,0.373673677444458,0
2007-11-07,0.5333330035209656,0.5333330035209656,0.5333330035209656,0.5333330035209656,0.373673677444458,0
2007-11-08,0.5333330035209656,0.5333330035209656,0.5333330035209656,0.5333330035209656,0.373673677444458,0
2007-11-09,0.5333330035209656,0.5333330035209656,0.5333330035209656,0.5333330035209656,0.373673677444458,12000
2007-11-12,0.5066660046577454,0.5133330225944519,0.5066660046577454,0.5066660046577454,0.3549896776676178,147000
2007-11-13,0.5066660046577454,0.526665985584259,0.5066660046577454,0.526665985584259,0.36900240182876587,144000
2007-11-14,0.5133330225944519,0.5199999809265137,0.5133330225944519,0.5199999809265137,0.364331990480423,48000
2007-11-15,0.5199999809265137,0.5199999809265137,0.5199999809265137,0.5199999809265137,0.364331990480423,0
2007-11-16,0.5199999809265137,0.5199999809265137,0.5199999809265137,0.5199999809265137,0.364331990480423,0
2007-11-19,0.46666601300239563,0.5,0.46666601300239563,0.5,0.3503192067146301,6000
2007-11-20,0.5333330035209656,0.5333330035209656,0.46000000834465027,0.4733330011367798,0.33163532614707947,66000
2007-11-21,0.5066660046577454,0.5066660046577454,0.5066660046577454,0.5066660046577454,0.3549896776676178,21000
2007-11-22,0.5,0.5066660046577454,0.5,0.5066660046577454,0.3549896776676178,54000
2007-11-23,0.5066660046577454,0.5066660046577454,0.46000000834465027,0.46000000834465027,0.3222936689853668,0
2007-11-26,0.526665985584259,0.526665985584259,0.46666601300239563,0.46666601300239563,0.3269641697406769,0
2007-11-27,0.5199999809265137,0.5199999809265137,0.5066660046577454,0.5066660046577454,0.3549896776676178,9000
2007-11-28,0.46666601300239563,0.5066660046577454,0.46666601300239563,0.5066660046577454,0.3549896776676178,123000
2007-11-29,0.5066660046577454,0.5066660046577454,0.46666601300239563,0.46666601300239563,0.3269641697406769,0
2007-11-30,0.5133330225944519,0.5133330225944519,0.46666601300239563,0.46666601300239563,0.3269641697406769,0
2007-12-03,0.4733330011367798,0.49333301186561584,0.46666601300239563,0.49333301186561584,0.34564805030822754,78000
2007-12-04,0.5066660046577454,0.5066660046577454,0.46666601300239563,0.46666601300239563,0.3269641697406769,0
2007-12-05,0.49333301186561584,0.5066660046577454,0.49333301186561584,0.5066660046577454,0.3549896776676178,135000
2007-12-06,0.5066660046577454,0.5066660046577454,0.4733330011367798,0.4733330011367798,0.33163532614707947,0
2007-12-07,0.526665985584259,0.526665985584259,0.4733330011367798,0.4733330011367798,0.33163532614707947,0
2007-12-10,0.5199999809265137,0.5199999809265137,0.5066660046577454,0.5066660046577454,0.3549896776676178,271
2007-12-11,0.5066660046577454,0.5066660046577454,0.5066660046577454,0.5066660046577454,0.3549896776676178,15000
2007-12-12,0.5066660046577454,0.5066660046577454,0.47999998927116394,0.47999998927116394,0.33630645275115967,0
2007-12-13,0.5066660046577454,0.5066660046577454,0.4733330011367798,0.4733330011367798,0.33163532614707947,0
2007-12-14,0.46666601300239563,0.47999998927116394,0.46666601300239563,0.4733330011367798,0.33163532614707947,963000
2007-12-17,0.4399999976158142,0.46666601300239563,0.413332998752594,0.46666601300239563,0.3269641697406769,243000
2007-12-18,0.46000000834465027,0.46000000834465027,0.46000000834465027,0.46000000834465027,0.3222936689853668,18000
2007-12-19,0.46000000834465027,0.46666601300239563,0.46000000834465027,0.46666601300239563,0.3269641697406769,141000
2007-12-20,0.46000000834465027,0.46000000834465027,0.4533329904079437,0.4533329904079437,0.31762251257896423,60000
2007-12-21,0.4533329904079437,0.4533329904079437,0.4533329904079437,0.4533329904079437,0.31762251257896423,15000
2007-12-24,0.44666600227355957,0.44666600227355957,0.44666600227355957,0.44666600227355957,0.31295135617256165,33000
2007-12-27,0.44666600227355957,0.44666600227355957,0.4399999976158142,0.4399999976158142,0.308280885219574,60000
2007-12-28,0.4533329904079437,0.4533329904079437,0.4533329904079437,0.4533329904079437,0.31762251257896423,30000
2007-12-31,0.4533329904079437,0.4533329904079437,0.4533329904079437,0.4533329904079437,0.31762251257896423,21000
2008-01-02,0.4533329904079437,0.4533329904079437,0.4533329904079437,0.4533329904079437,0.31762251257896423,3074323
2008-01-03,0.49333301186561584,0.49333301186561584,0.43333300948143005,0.43333300948143005,0.30360981822013855,0
2008-01-04,0.46666601300239563,0.4866659939289093,0.46666601300239563,0.46666601300239563,0.3269641697406769,90000
2008-01-07,0.4866659939289093,0.4866659939289093,0.4533329904079437,0.4533329904079437,0.31762251257896423,0
2008-01-08,0.46666601300239563,0.46666601300239563,0.4399999976158142,0.4399999976158142,0.308280885219574,0
2008-01-09,0.47999998927116394,0.47999998927116394,0.43333300948143005,0.43333300948143005,0.30360981822013855,0
2008-01-10,0.5,0.5,0.43333300948143005,0.43333300948143005,0.30360981822013855,0
2008-01-11,0.5,0.5066660046577454,0.46666601300239563,0.46666601300239563,0.3269641697406769,171000
2008-01-14,0.4399999976158142,0.4399999976158142,0.4399999976158142,0.4399999976158142,0.308280885219574,39000
2008-01-15,0.49333301186561584,0.49333301186561584,0.4399999976158142,0.4399999976158142,0.308280885219574,0
2008-01-16,0.413332998752594,0.4399999976158142,0.413332998752594,0.4399999976158142,0.308280885219574,54000
2008-01-17,0.4399999976158142,0.4399999976158142,0.4399999976158142,0.4399999976158142,0.308280885219574,123000
2008-01-18,0.4533329904079437,0.4533329904079437,0.4533329904079437,0.4533329904079437,0.31762251257896423,30000
2008-01-21,0.46666601300239563,0.46666601300239563,0.413332998752594,0.413332998752594,0.2895970046520233,0
2008-01-22,0.44666600227355957,0.44666600227355957,0.34666600823402405,0.34666600823402405,0.24288754165172577,0
2008-01-23,0.43333300948143005,0.43333300948143005,0.40666601061820984,0.40666601061820984,0.2849258482456207,93000
2008-01-24,0.39333298802375793,0.39333298802375793,0.3400000035762787,0.3799999952316284,0.2662425935268402,621000
2008-01-25,0.4000000059604645,0.4000000059604645,0.3666659891605377,0.3866659998893738,0.27091309428215027,441000
2008-01-28,0.43333300948143005,0.43333300948143005,0.34666600823402405,0.34666600823402405,0.24288754165172577,0
2008-01-29,0.30000001192092896,0.34666600823402405,0.2833330035209656,0.31333300471305847,0.21953314542770386,1173000
2008-01-30,0.28666600584983826,0.30666598677635193,0.28666600584983826,0.30666598677635193,0.21486198902130127,120000
2008-01-31,0.3233329951763153,0.3233329951763153,0.31333300471305847,0.31333300471305847,0.21953314542770386,0
2008-02-01,0.31333300471305847,0.31333300471305847,0.31333300471305847,0.31333300471305847,0.21953314542770386,903000
2008-02-04,0.31333300471305847,0.31333300471305847,0.2833330035209656,0.2833330035209656,0.1985139697790146,0
2008-02-05,0.31333300471305847,0.31333300471305847,0.31333300471305847,0.31333300471305847,0.21953314542770386,105000
2008-02-06,0.3533329963684082,0.3533329963684082,0.2666659951210022,0.2666659951210022,0.18683645129203796,0
2008-02-11,0.31333300471305847,0.33333298563957214,0.31333300471305847,0.33000001311302185,0.23121070861816406,60000
2008-02-12,0.33333298563957214,0.33333298563957214,0.2800000011920929,0.2800000011920929,0.19617877900600433,0
2008-02-13,0.33333298563957214,0.33333298563957214,0.28666600584983826,0.28666600584983826,0.2008492350578308,0
2008-02-14,0.30000001192092896,0.3233329951763153,0.30000001192092896,0.3233329951763153,0.2265395224094391,60000
2008-02-15,0.28666600584983826,0.3199999928474426,0.28666600584983826,0.31333300471305847,0.21953314542770386,39000
2008-02-18,0.31333300471305847,0.34666600823402405,0.31333300471305847,0.31333300471305847,0.21953314542770386,30000
2008-02-19,0.31333300471305847,0.33333298563957214,0.31333300471305847,0.33333298563957214,0.23354589939117432,153000
2008-02-20,0.3400000035762787,0.3400000035762787,0.2966659963130951,0.2966659963130951,0.20785559713840485,0
2008-02-21,0.33333298563957214,0.33333298563957214,0.2966659963130951,0.2966659963130951,0.20785559713840485,0
2008-02-22,0.2800000011920929,0.2800000011920929,0.2800000011920929,0.2800000011920929,0.19617877900600433,36000
2008-02-25,0.3199999928474426,0.326665997505188,0.30000001192092896,0.30666598677635193,0.21486198902130127,159000
2008-02-26,0.30666598677635193,0.33333298563957214,0.30000001192092896,0.30666598677635193,0.21486198902130127,134548
2008-02-27,0.326665997505188,0.326665997505188,0.30000001192092896,0.30000001192092896,0.210191547870636,0
2008-02-28,0.326665997505188,0.326665997505188,0.30666598677635193,0.30666598677635193,0.21486198902130127,0
2008-02-29,0.30666598677635193,0.30666598677635193,0.30666598677635193,0.30666598677635193,0.21486198902130127,3000
2008-03-03,0.31333300471305847,0.31333300471305847,0.30666598677635193,0.30666598677635193,0.21486198902130127,12000
2008-03-04,0.2833330035209656,0.31333300471305847,0.27333301305770874,0.31333300471305847,0.21953314542770386,27000
2008-03-05,0.3533329963684082,0.3533329963684082,0.28666600584983826,0.28666600584983826,0.2008492350578308,0
2008-03-06,0.3533329963684082,0.3533329963684082,0.2833330035209656,0.2833330035209656,0.1985139697790146,0
2008-03-07,0.2800000011920929,0.2833330035209656,0.2800000011920929,0.2833330035209656,0.1985139697790146,9000
2008-03-10,0.28666600584983826,0.28666600584983826,0.28666600584983826,0.28666600584983826,0.2008492350578308,30000
2008-03-11,0.28666600584983826,0.28666600584983826,0.28666600584983826,0.28666600584983826,0.2008492350578308,9000
2008-03-12,0.30000001192092896,0.30000001192092896,0.30000001192092896,0.30000001192092896,0.210191547870636,15000
2008-03-13,0.25666600465774536,0.30000001192092896,0.24333299696445465,0.30000001192092896,0.210191547870636,348000
2008-03-14,0.30000001192092896,0.30000001192092896,0.2533330023288727,0.2633329927921295,0.18450120091438293,129000
2008-03-17,0.2633329927921295,0.2633329927921295,0.2633329927921295,0.2633329927921295,0.18450120091438293,0
2008-03-18,0.3100000023841858,0.3100000023841858,0.2199999988079071,0.2199999988079071,0.154140442609787,0
2008-03-19,0.2666659951210022,0.2666659951210022,0.2666659951210022,0.2666659951210022,0.18683645129203796,30000
2008-03-20,0.30666598677635193,0.30666598677635193,0.21666599810123444,0.21666599810123444,0.15180456638336182,0
2008-03-25,0.31333300471305847,0.31333300471305847,0.27000001072883606,0.27000001072883606,0.1891724020242691,150000
2008-03-26,0.25,0.2666659951210022,0.25,0.2666659951210022,0.18683645129203796,57000
2008-03-27,0.30000001192092896,0.30000001192092896,0.2666659951210022,0.2666659951210022,0.18683645129203796,0
2008-03-28,0.2800000011920929,0.2800000011920929,0.25,0.25,0.17515960335731506,0
2008-03-31,0.2666659951210022,0.2666659951210022,0.2666659951210022,0.2666659951210022,0.18683645129203796,75000
2008-04-01,0.27333301305770874,0.27666598558425903,0.27333301305770874,0.27666598558425903,0.193842813372612,368124
2008-04-02,0.326665997505188,0.326665997505188,0.2533330023288727,0.2533330023288727,0.1774948388338089,0
2008-04-03,0.30000001192092896,0.30000001192092896,0.2533330023288727,0.2533330023288727,0.1774948388338089,0
2008-04-07,0.30000001192092896,0.30000001192092896,0.25,0.25,0.17515960335731506,0
2008-04-08,0.33000001311302185,0.33000001311302185,0.25,0.25,0.17515960335731506,0
2008-04-09,0.326665997505188,0.326665997505188,0.24666599929332733,0.2533330023288727,0.1774948388338089,39000
2008-04-10,0.2833330035209656,0.2833330035209656,0.25,0.25,0.17515960335731506,0
2008-04-11,0.30000001192092896,0.30000001192092896,0.24333299696445465,0.24333299696445465,0.17048847675323486,0
2008-04-14,0.2833330035209656,0.2833330035209656,0.23999999463558197,0.23999999463558197,0.16815322637557983,0
2008-04-15,0.2833330035209656,0.2833330035209656,0.23333300650119781,0.23333300650119781,0.16348208487033844,0
2008-04-16,0.2533330023288727,0.25999999046325684,0.2533330023288727,0.25999999046325684,0.1821659952402115,276000
2008-04-17,0.2966659963130951,0.2966659963130951,0.24333299696445465,0.24333299696445465,0.17048847675323486,0
2008-04-18,0.2633329927921295,0.2633329927921295,0.2366659939289093,0.2366659939289093,0.1658172905445099,0
2008-04-21,0.25999999046325684,0.27333301305770874,0.25999999046325684,0.2633329927921295,0.18450120091438293,162000
2008-04-22,0.2633329927921295,0.2633329927921295,0.23333300650119781,0.23333300650119781,0.16348208487033844,0
2008-04-23,0.23000000417232513,0.25666600465774536,0.23000000417232513,0.25666600465774536,0.17983007431030273,90000
2008-04-24,0.2366659939289093,0.25666600465774536,0.23333300650119781,0.25666600465774536,0.17983007431030273,330000
2008-04-25,0.25666600465774536,0.25666600465774536,0.25666600465774536,0.25666600465774536,0.17983007431030273,12000
2008-04-28,0.2633329927921295,0.2666659951210022,0.25,0.2666659951210022,0.18683645129203796,348000
2008-04-29,0.2666659951210022,0.2666659951210022,0.23999999463558197,0.25666600465774536,0.17983007431030273,489000
2008-04-30,0.25666600465774536,0.25666600465774536,0.25666600465774536,0.25666600465774536,0.17983007431030273,510000
2008-05-02,0.25666600465774536,0.2666659951210022,0.25666600465774536,0.2666659951210022,0.18683645129203796,576000
2008-05-05,0.27000001072883606,0.27000001072883606,0.27000001072883606,0.27000001072883606,0.1891724020242691,42000
2008-05-06,0.27000001072883606,0.2800000011920929,0.27000001072883606,0.2800000011920929,0.19617877900600433,135000
2008-05-07,0.2800000011920929,0.2800000011920929,0.2800000011920929,0.2800000011920929,0.19617877900600433,30000
2008-05-08,0.2800000011920929,0.2933329939842224,0.2800000011920929,0.2933329939842224,0.205520361661911,357000
2008-05-09,0.28666600584983826,0.30000001192092896,0.28666600584983826,0.30000001192092896,0.210191547870636,456000
2008-05-13,0.3100000023841858,0.31333300471305847,0.3100000023841858,0.31333300471305847,0.21953314542770386,306000
2008-05-14,0.3199999928474426,0.33333298563957214,0.3199999928474426,0.33333298563957214,0.23354589939117432,162000
2008-05-15,0.31333300471305847,0.33333298563957214,0.31333300471305847,0.33333298563957214,0.23354589939117432,228000
2008-05-16,0.33333298563957214,0.33333298563957214,0.33333298563957214,0.33333298563957214,0.23354589939117432,90000
2008-05-19,0.34666600823402405,0.34666600823402405,0.3233329951763153,0.3233329951763153,0.2265395224094391,0
2008-05-20,0.33000001311302185,0.33000001311302185,0.33000001311302185,0.33000001311302185,0.23121070861816406,354000
2008-05-21,0.34666600823402405,0.34666600823402405,0.33000001311302185,0.33000001311302185,0.23121070861816406,0
2008-05-22,0.34666600823402405,0.34666600823402405,0.31333300471305847,0.31333300471305847,0.21953314542770386,0
2008-05-23,0.33000001311302185,0.33000001311302185,0.33000001311302185,0.33000001311302185,0.23121070861816406,0
2008-05-26,0.33000001311302185,0.33000001311302185,0.33000001311302185,0.33000001311302185,0.23121070861816406,0
2008-05-27,0.33000001311302185,0.33000001311302185,0.31333300471305847,0.31333300471305847,0.21953314542770386,0
2008-05-28,0.31333300471305847,0.31333300471305847,0.31333300471305847,0.31333300471305847,0.21953314542770386,75000
2008-05-29,0.31333300471305847,0.31333300471305847,0.31333300471305847,0.31333300471305847,0.21953314542770386,0
2008-05-30,0.37333300709724426,0.37333300709724426,0.2966659963130951,0.2966659963130951,0.20785559713840485,0
2008-06-02,0.31333300471305847,0.31333300471305847,0.31333300471305847,0.31333300471305847,0.21953314542770386,0
2008-06-03,0.31333300471305847,0.31333300471305847,0.31333300471305847,0.31333300471305847,0.21953314542770386,0
2008-06-04,0.33333298563957214,0.33333298563957214,0.3199999928474426,0.3199999928474426,0.22420433163642883,0
2008-06-05,0.3199999928474426,0.3199999928474426,0.27333301305770874,0.3199999928474426,0.22420433163642883,312000
2008-06-06,0.31333300471305847,0.31333300471305847,0.31333300471305847,0.31333300471305847,0.21953314542770386,75000
2008-06-10,0.31333300471305847,0.31333300471305847,0.31333300471305847,0.31333300471305847,0.21953314542770386,0
2008-06-11,0.31333300471305847,0.31333300471305847,0.31333300471305847,0.31333300471305847,0.21953314542770386,0
2008-06-12,0.2800000011920929,0.31333300471305847,0.2800000011920929,0.31333300471305847,0.21953314542770386,33000
2008-06-13,0.33333298563957214,0.33333298563957214,0.2966659963130951,0.2966659963130951,0.20785559713840485,0
2008-06-16,0.33333298563957214,0.33333298563957214,0.33333298563957214,0.33333298563957214,0.23354589939117432,30000
2008-06-17,0.33333298563957214,0.33333298563957214,0.30000001192092896,0.30000001192092896,0.210191547870636,0
2008-06-18,0.3533329963684082,0.3533329963684082,0.27666598558425903,0.27666598558425903,0.193842813372612,0
2008-06-19,0.33333298563957214,0.33333298563957214,0.30000001192092896,0.30000001192092896,0.210191547870636,0
2008-06-20,0.33333298563957214,0.33333298563957214,0.2833330035209656,0.2833330035209656,0.1985139697790146,0
2008-06-23,0.3866659998893738,0.3866659998893738,0.27666598558425903,0.27666598558425903,0.193842813372612,0
2008-06-24,0.37333300709724426,0.37333300709724426,0.2933329939842224,0.2933329939842224,0.205520361661911,0
2008-06-25,0.33333298563957214,0.33333298563957214,0.2800000011920929,0.2800000011920929,0.19617877900600433,0
2008-06-26,0.33333298563957214,0.33333298563957214,0.28666600584983826,0.28666600584983826,0.2008492350578308,0
2008-06-27,0.33333298563957214,0.33333298563957214,0.27000001072883606,0.27000001072883606,0.1891724020242691,0
2008-06-30,0.46666601300239563,0.46666601300239563,0.27000001072883606,0.27000001072883606,0.1891724020242691,0
2008-07-02,0.33333298563957214,0.33333298563957214,0.33333298563957214,0.33333298563957214,0.23354589939117432,4176000
2008-07-03,0.33333298563957214,0.33333298563957214,0.27000001072883606,0.27000001072883606,0.1891724020242691,0
2008-07-04,0.41999998688697815,0.41999998688697815,0.27000001072883606,0.27000001072883606,0.1891724020242691,0
2008-07-07,0.3666659891605377,0.3666659891605377,0.27000001072883606,0.27000001072883606,0.1891724020242691,0
2008-07-08,0.33333298563957214,0.33333298563957214,0.25666600465774536,0.25666600465774536,0.17983007431030273,0
2008-07-09,0.33333298563957214,0.33333298563957214,0.25666600465774536,0.25666600465774536,0.17983007431030273,0
2008-07-10,0.33333298563957214,0.33333298563957214,0.27333301305770874,0.27333301305770874,0.19150762259960175,0
2008-07-11,0.4000000059604645,0.4000000059604645,0.25999999046325684,0.25999999046325684,0.1821659952402115,0
2008-07-14,0.3666659891605377,0.3666659891605377,0.27333301305770874,0.27333301305770874,0.19150762259960175,0
2008-07-15,0.33333298563957214,0.33333298563957214,0.33333298563957214,0.33333298563957214,0.23354589939117432,0
2008-07-16,0.3400000035762787,0.3400000035762787,0.25999999046325684,0.25999999046325684,0.1821659952402115,0
2008-07-17,0.3799999952316284,0.3799999952316284,0.25999999046325684,0.25999999046325684,0.1821659952402115,0
2008-07-18,0.3799999952316284,0.3799999952316284,0.20000000298023224,0.20000000298023224,0.14012770354747772,0
2008-07-21,0.3666659891605377,0.3666659891605377,0.2533330023288727,0.2533330023288727,0.1774948388338089,0
2008-07-22,0.4000000059604645,0.4000000059604645,0.25666600465774536,0.25666600465774536,0.17983007431030273,0
2008-07-23,0.34666600823402405,0.34666600823402405,0.27666598558425903,0.27666598558425903,0.193842813372612,0
2008-07-24,0.3533329963684082,0.3533329963684082,0.25999999046325684,0.25999999046325684,0.1821659952402115,0
2008-07-25,0.39333298802375793,0.39333298802375793,0.20333300530910492,0.20333300530910492,0.14246292412281036,0
2008-07-28,0.4000000059604645,0.4000000059604645,0.20333300530910492,0.20333300530910492,0.14246292412281036,0
2008-07-29,0.3799999952316284,0.3799999952316284,0.20333300530910492,0.20333300530910492,0.14246292412281036,0
2008-07-30,0.39333298802375793,0.39333298802375793,0.22333300113677979,0.22333300113677979,0.15647567808628082,0
2008-07-31,0.4000000059604645,0.4000000059604645,0.21666599810123444,0.21666599810123444,0.15180456638336182,0
2008-08-01,0.33333298563957214,0.33333298563957214,0.33333298563957214,0.33333298563957214,0.23354589939117432,933000
2008-08-04,0.4000000059604645,0.4000000059604645,0.20000000298023224,0.20000000298023224,0.14012770354747772,0
2008-08-05,0.33333298563957214,0.33333298563957214,0.33333298563957214,0.33333298563957214,0.23354589939117432,30000
2008-08-06,0.33333298563957214,0.33333298563957214,0.33333298563957214,0.33333298563957214,0.23354589939117432,0
2008-08-07,0.30000001192092896,0.30000001192092896,0.30000001192092896,0.30000001192092896,0.210191547870636,126000
2008-08-08,0.36000001430511475,0.36000001430511475,0.22333300113677979,0.22333300113677979,0.15647567808628082,0
2008-08-11,0.20000000298023224,0.2533330023288727,0.20000000298023224,0.2533330023288727,0.1774948388338089,60000
2008-08-12,0.2533330023288727,0.2533330023288727,0.2533330023288727,0.2533330023288727,0.1774948388338089,15000
2008-08-13,0.20000000298023224,0.2533330023288727,0.20000000298023224,0.2533330023288727,0.1774948388338089,72000
2008-08-14,0.2533330023288727,0.2533330023288727,0.2533330023288727,0.2533330023288727,0.1774948388338089,0
2008-08-15,0.2533330023288727,0.2533330023288727,0.2533330023288727,0.2533330023288727,0.1774948388338089,0
2008-08-18,0.2533330023288727,0.2533330023288727,0.2533330023288727,0.2533330023288727,0.1774948388338089,0
2008-08-19,0.2533330023288727,0.2533330023288727,0.2533330023288727,0.2533330023288727,0.1774948388338089,0
2008-08-20,0.2666659951210022,0.2666659951210022,0.20333300530910492,0.20333300530910492,0.14246292412281036,0
2008-08-21,0.2666659951210022,0.2666659951210022,0.20000000298023224,0.20000000298023224,0.14012770354747772,0
2008-08-22,0.20000000298023224,0.20000000298023224,0.20000000298023224,0.20000000298023224,0.14012770354747772,0
2008-08-25,0.2666659951210022,0.2666659951210022,0.2066659927368164,0.2066659927368164,0.144798144698143,0
2008-08-26,0.2633329927921295,0.2633329927921295,0.20333300530910492,0.20333300530910492,0.14246292412281036,0
2008-08-27,0.2533330023288727,0.2533330023288727,0.1899999976158142,0.1899999976158142,0.1331212967634201,0
2008-08-28,0.2533330023288727,0.2533330023288727,0.20333300530910492,0.20333300530910492,0.14246292412281036,0
2008-08-29,0.2533330023288727,0.2533330023288727,0.20000000298023224,0.20000000298023224,0.14012770354747772,0
2008-09-01,0.2533330023288727,0.2533330023288727,0.23999999463558197,0.23999999463558197,0.16815322637557983,474000
2008-09-02,0.2633329927921295,0.2633329927921295,0.19666600227355957,0.19666600227355957,0.13779176771640778,0
2008-09-03,0.2666659951210022,0.2666659951210022,0.19666600227355957,0.19666600227355957,0.13779176771640778,0
2008-09-04,0.2666659951210022,0.2666659951210022,0.1899999976158142,0.1899999976158142,0.1331212967634201,0
2008-09-05,0.23999999463558197,0.23999999463558197,0.18000000715255737,0.18000000715255737,0.12611494958400726,0
2008-09-08,0.2966659963130951,0.2966659963130951,0.18333299458026886,0.18333299458026886,0.1284501701593399,0
2008-09-09,0.23333300650119781,0.23333300650119781,0.18666599690914154,0.18666599690914154,0.13078537583351135,0
2008-09-10,0.2066659927368164,0.2066659927368164,0.18666599690914154,0.18666599690914154,0.13078537583351135,0
2008-09-11,0.13600000739097595,0.16666600108146667,0.13600000739097595,0.16666600108146667,0.1167725995182991,60000
2008-09-12,0.16666600108146667,0.16666600108146667,0.16666600108146667,0.16666600108146667,0.1167725995182991,75000
2008-09-16,0.23333300650119781,0.23333300650119781,0.11400000005960464,0.11400000005960464,0.07987278699874878,0
2008-09-17,0.23333300650119781,0.23333300650119781,0.10199999809265137,0.10199999809265137,0.07146512717008591,0
2008-09-18,0.23333300650119781,0.23333300650119781,0.10000000149011612,0.10000000149011612,0.07006385177373886,0
2008-09-19,0.23333300650119781,0.23333300650119781,0.10599999874830246,0.10599999874830246,0.07426767796278,0
2008-09-22,0.16666600108146667,0.16666600108146667,0.16666600108146667,0.16666600108146667,0.1167725995182991,0
2008-09-23,0.16666600108146667,0.16666600108146667,0.16666600108146667,0.16666600108146667,0.1167725995182991,0
2008-09-24,0.22666600346565247,0.22666600346565247,0.22666600346565247,0.22666600346565247,0.15881094336509705,3000
2008-09-25,0.23999999463558197,0.23999999463558197,0.12399999797344208,0.12399999797344208,0.08687916398048401,0
2008-09-26,0.2533330023288727,0.2533330023288727,0.12733300030231476,0.12733300030231476,0.08921439945697784,0
2008-09-29,0.2366659939289093,0.2366659939289093,0.12333299964666367,0.12333299964666367,0.08641183376312256,0
2008-09-30,0.23999999463558197,0.23999999463558197,0.11133299767971039,0.11133299767971039,0.07800417393445969,0
2008-10-02,0.23999999463558197,0.23999999463558197,0.13066600263118744,0.13066600263118744,0.09154962748289108,0
2008-10-03,0.23999999463558197,0.23999999463558197,0.12399999797344208,0.12399999797344208,0.08687916398048401,0
2008-10-06,0.23999999463558197,0.23999999463558197,0.13866600394248962,0.13866600394248962,0.09715473651885986,0
2008-10-08,0.23999999463558197,0.23999999463558197,0.1073329970240593,0.1073329970240593,0.0752016231417656,0
2008-10-09,0.23999999463558197,0.23999999463558197,0.11733300238847733,0.11733300238847733,0.08220800757408142,0
2008-10-10,0.22666600346565247,0.22666600346565247,0.10466600209474564,0.10466600209474564,0.07333303242921829,0
2008-10-13,0.06666599959135056,0.1466660052537918,0.06666599959135056,0.14000000059604645,0.09808938950300217,141000
2008-10-14,0.15333299338817596,0.15333299338817596,0.15333299338817596,0.15333299338817596,0.10743099451065063,15000
2008-10-15,0.16666600108146667,0.16666600108146667,0.11999999731779099,0.11999999731779099,0.08407661318778992,0
2008-10-16,0.14000000059604645,0.14000000059604645,0.13866600394248962,0.13866600394248962,0.09715473651885986,75000
2008-10-17,0.13866600394248962,0.13866600394248962,0.13866600394248962,0.13866600394248962,0.09715473651885986,0
2008-10-20,0.1333329975605011,0.1333329975605011,0.1333329975605011,0.1333329975605011,0.09341822564601898,39000
2008-10-21,0.1466660052537918,0.1466660052537918,0.09399999678134918,0.09399999678134918,0.06586001813411713,0
2008-10-22,0.1333329975605011,0.1333329975605011,0.1333329975605011,0.1333329975605011,0.09341822564601898,0
2008-10-23,0.1333329975605011,0.1333329975605011,0.06666599959135056,0.06666599959135056,0.04670877382159233,0
2008-10-24,0.1333329975605011,0.1333329975605011,0.1333329975605011,0.1333329975605011,0.09341822564601898,0
2008-10-27,0.1333329975605011,0.1333329975605011,0.054666001349687576,0.054666001349687576,0.03830110281705856,0
2008-10-28,0.1333329975605011,0.1333329975605011,0.1333329975605011,0.1333329975605011,0.09341822564601898,0
2008-10-29,0.1333329975605011,0.1333329975605011,0.05400000140070915,0.05400000140070915,0.037834472954273224,0
2008-10-30,0.0473329983651638,0.10666599869728088,0.04666600003838539,0.09266600012779236,0.06492536514997482,564000
2008-10-31,0.09266600012779236,0.09266600012779236,0.09266600012779236,0.09266600012779236,0.06492536514997482,30000
2008-11-03,0.09333299845457077,0.09333299845457077,0.09333299845457077,0.09333299845457077,0.06539268791675568,51000
2008-11-04,0.09333299845457077,0.09333299845457077,0.09333299845457077,0.09333299845457077,0.06539268791675568,0
2008-11-05,0.09333299845457077,0.09333299845457077,0.09333299845457077,0.09333299845457077,0.06539268791675568,0
2008-11-06,0.09333299845457077,0.09333299845457077,0.09333299845457077,0.09333299845457077,0.06539268791675568,0
2008-11-07,0.09333299845457077,0.09333299845457077,0.09333299845457077,0.09333299845457077,0.06539268791675568,0
2008-11-10,0.03999999910593033,0.08333300054073334,0.03999999910593033,0.08333300054073334,0.05838629975914955,45000
2008-11-11,0.08333300054073334,0.08333300054073334,0.08333300054073334,0.08333300054073334,0.05838629975914955,0
2008-11-12,0.08333300054073334,0.08333300054073334,0.08333300054073334,0.08333300054073334,0.05838629975914955,0
2008-11-13,0.08333300054073334,0.08333300054073334,0.08333300054073334,0.08333300054073334,0.05838629975914955,0
2008-11-14,0.08333300054073334,0.08333300054073334,0.08333300054073334,0.08333300054073334,0.05838629975914955,0
2008-11-17,0.08333300054073334,0.08333300054073334,0.08333300054073334,0.08333300054073334,0.05838629975914955,0
2008-11-18,0.08333300054073334,0.08333300054073334,0.08333300054073334,0.08333300054073334,0.05838629975914955,0
2008-11-19,0.08333300054073334,0.08333300054073334,0.08333300054073334,0.08333300054073334,0.05838629975914955,0
2008-11-20,0.08333300054073334,0.08333300054073334,0.08333300054073334,0.08333300054073334,0.05838629975914955,0
2008-11-21,0.08333300054073334,0.08333300054073334,0.08333300054073334,0.08333300054073334,0.05838629975914955,0
2008-11-24,0.03333299979567528,0.05999999865889549,0.03333299979567528,0.05866599828004837,0.041103657335042953,300000
2008-11-25,0.05866599828004837,0.05866599828004837,0.05866599828004837,0.05866599828004837,0.041103657335042953,0
2008-11-26,0.05866599828004837,0.05866599828004837,0.05866599828004837,0.05866599828004837,0.041103657335042953,0
2008-11-27,0.05866599828004837,0.05866599828004837,0.05866599828004837,0.05866599828004837,0.041103657335042953,0
2008-11-28,0.05000000074505806,0.05866599828004837,0.05000000074505806,0.05866599828004837,0.041103657335042953,525000
2008-12-01,0.05866599828004837,0.05866599828004837,0.05866599828004837,0.05866599828004837,0.041103657335042953,0
2008-12-02,0.05866599828004837,0.05866599828004837,0.05866599828004837,0.05866599828004837,0.041103657335042953,0
2008-12-03,0.06266599893569946,0.06266599893569946,0.06266599893569946,0.06266599893569946,0.043906208127737045,0
2008-12-04,0.06533300131559372,0.06533300131559372,0.06533300131559372,0.06533300131559372,0.04577481374144554,0
2008-12-05,0.06533300131559372,0.06533300131559372,0.06533300131559372,0.06533300131559372,0.04577481374144554,0
2008-12-08,0.06666599959135056,0.0733330026268959,0.06666599959135056,0.0733330026268959,0.05137991905212402,105000
2008-12-09,0.08666600286960602,0.09000000357627869,0.08666600286960602,0.09000000357627869,0.06305747479200363,165000
2008-12-10,0.09333299845457077,0.10199999809265137,0.09333299845457077,0.10199999809265137,0.07146512717008591,300000
2008-12-11,0.11999999731779099,0.11999999731779099,0.11999999731779099,0.11999999731779099,0.08407661318778992,0
2008-12-12,0.1333329975605011,0.1333329975605011,0.1333329975605011,0.1333329975605011,0.09341822564601898,375000
2008-12-15,0.1340000033378601,0.1340000033378601,0.1340000033378601,0.1340000033378601,0.09388555586338043,0
2008-12-16,0.13266600668430328,0.13266600668430328,0.13266600668430328,0.13266600668430328,0.09295091778039932,0
2008-12-17,0.13266600668430328,0.13266600668430328,0.13266600668430328,0.13266600668430328,0.09295091778039932,0
2008-12-18,0.13266600668430328,0.13266600668430328,0.13266600668430328,0.13266600668430328,0.09295091778039932,0
2008-12-19,0.13266600668430328,0.13266600668430328,0.13266600668430328,0.13266600668430328,0.09295091778039932,0
2008-12-22,0.13266600668430328,0.13266600668430328,0.13266600668430328,0.13266600668430328,0.09295091778039932,0
2008-12-23,0.13266600668430328,0.13266600668430328,0.13266600668430328,0.13266600668430328,0.09295091778039932,0
2008-12-24,0.13266600668430328,0.13266600668430328,0.13266600668430328,0.13266600668430328,0.09295091778039932,0
2008-12-29,0.06333299726247787,0.10066600143909454,0.06333299726247787,0.10066600143909454,0.070530466735363,6000
2008-12-30,0.10066600143909454,0.10066600143909454,0.10066600143909454,0.10066600143909454,0.070530466735363,0
2008-12-31,0.10066600143909454,0.10066600143909454,0.10066600143909454,0.10066600143909454,0.070530466735363,0
2009-01-02,0.10066600143909454,0.22666600346565247,0.09333299845457077,0.15666599571704865,0.10976621508598328,546000
2009-01-05,0.15733300149440765,0.16066600382328033,0.13199999928474426,0.16066600382328033,0.11256879568099976,990000
2009-01-06,0.1599999964237213,0.1599999964237213,0.1599999964237213,0.1599999964237213,0.11210216581821442,0
2009-01-07,0.1599999964237213,0.1599999964237213,0.1599999964237213,0.1599999964237213,0.11210216581821442,45000
2009-01-08,0.1599999964237213,0.1599999964237213,0.1599999964237213,0.1599999964237213,0.11210216581821442,0
2009-01-09,0.13466599583625793,0.1466660052537918,0.13466599583625793,0.1373330056667328,0.09622078388929367,24000
2009-01-12,0.1333329975605011,0.1333329975605011,0.11133299767971039,0.11333300173282623,0.07940547168254852,36000
2009-01-13,0.18000000715255737,0.18000000715255737,0.14333300292491913,0.14333300292491913,0.1004246175289154,3000
2009-01-14,0.13466599583625793,0.15333299338817596,0.13466599583625793,0.15333299338817596,0.10743099451065063,30000
2009-01-15,0.15000000596046448,0.15000000596046448,0.1333329975605011,0.1333329975605011,0.09341822564601898,168000
2009-01-16,0.1333329975605011,0.1333329975605011,0.1333329975605011,0.1333329975605011,0.09341822564601898,0
2009-01-19,0.1333329975605011,0.1333329975605011,0.1333329975605011,0.1333329975605011,0.09341822564601898,0
2009-01-20,0.1333329975605011,0.1333329975605011,0.1333329975605011,0.1333329975605011,0.09341822564601898,0
2009-01-21,0.11999999731779099,0.11999999731779099,0.11999999731779099,0.11999999731779099,0.08407661318778992,6000
2009-01-22,0.11999999731779099,0.11999999731779099,0.11999999731779099,0.11999999731779099,0.08407661318778992,0
2009-01-23,0.11999999731779099,0.11999999731779099,0.11999999731779099,0.11999999731779099,0.08407661318778992,0
2009-01-29,0.11999999731779099,0.11999999731779099,0.11999999731779099,0.11999999731779099,0.08407661318778992,0
2009-01-30,0.10000000149011612,0.1033329963684082,0.10000000149011612,0.10066600143909454,0.070530466735363,258000
2009-02-02,0.10066600143909454,0.14000000059604645,0.10066600143909454,0.14000000059604645,0.09808938950300217,60000
2009-02-03,0.11999999731779099,0.1333329975605011,0.11999999731779099,0.1333329975605011,0.09341822564601898,285000
2009-02-04,0.12399999797344208,0.13133299350738525,0.12399999797344208,0.13133299350738525,0.09201695770025253,75000
2009-02-05,0.1333329975605011,0.1333329975605011,0.1333329975605011,0.1333329975605011,0.09341822564601898,75000
2009-02-06,0.1333329975605011,0.1333329975605011,0.1333329975605011,0.1333329975605011,0.09341822564601898,0
2009-02-09,0.1333329975605011,0.1333329975605011,0.1333329975605011,0.1333329975605011,0.09341822564601898,0
2009-02-10,0.1333329975605011,0.1333329975605011,0.1333329975605011,0.1333329975605011,0.09341822564601898,0
2009-02-11,0.1333329975605011,0.1333329975605011,0.1333329975605011,0.1333329975605011,0.09341822564601898,0
2009-02-12,0.1333329975605011,0.1333329975605011,0.1333329975605011,0.1333329975605011,0.09341822564601898,0
2009-02-13,0.1333329975605011,0.1333329975605011,0.1333329975605011,0.1333329975605011,0.09341822564601898,0
2009-02-16,0.1333329975605011,0.1333329975605011,0.1333329975605011,0.1333329975605011,0.09341822564601898,0
2009-02-17,0.1333329975605011,0.1333329975605011,0.1333329975605011,0.1333329975605011,0.09341822564601898,0
2009-02-18,0.1333329975605011,0.1333329975605011,0.1333329975605011,0.1333329975605011,0.09341822564601898,0
2009-02-19,0.1333329975605011,0.1333329975605011,0.1333329975605011,0.1333329975605011,0.09341822564601898,0
2009-02-20,0.1333329975605011,0.1333329975605011,0.1333329975605011,0.1333329975605011,0.09341822564601898,0
2009-02-23,0.1333329975605011,0.1333329975605011,0.1333329975605011,0.1333329975605011,0.09341822564601898,0
2009-02-24,0.1333329975605011,0.1333329975605011,0.1333329975605011,0.1333329975605011,0.09341822564601898,0
2009-02-25,0.1333329975605011,0.1333329975605011,0.1333329975605011,0.1333329975605011,0.09341822564601898,0
2009-02-26,0.1333329975605011,0.1333329975605011,0.1333329975605011,0.1333329975605011,0.09341822564601898,0
2009-02-27,0.10666599869728088,0.10666599869728088,0.10000000149011612,0.10666599869728088,0.07473430782556534,78000
2009-03-02,0.10666599869728088,0.12666599452495575,0.10000000149011612,0.12666599452495575,0.0887470617890358,75000
2009-03-03,0.10000000149011612,0.12666599452495575,0.10000000149011612,0.12666599452495575,0.0887470617890358,271
2009-03-04,0.10000000149011612,0.10000000149011612,0.10000000149011612,0.10000000149011612,0.07006385177373886,78000
2009-03-05,0.10000000149011612,0.10000000149011612,0.10000000149011612,0.10000000149011612,0.07006385177373886,0
2009-03-06,0.10000000149011612,0.10000000149011612,0.10000000149011612,0.10000000149011612,0.07006385177373886,0
2009-03-09,0.10000000149011612,0.10000000149011612,0.10000000149011612,0.10000000149011612,0.07006385177373886,63000
2009-03-10,0.10000000149011612,0.10000000149011612,0.10000000149011612,0.10000000149011612,0.07006385177373886,0
2009-03-11,0.10000000149011612,0.10000000149011612,0.10000000149011612,0.10000000149011612,0.07006385177373886,0
2009-03-12,0.10000000149011612,0.10000000149011612,0.10000000149011612,0.10000000149011612,0.07006385177373886,0
2009-03-13,0.10000000149011612,0.10000000149011612,0.10000000149011612,0.10000000149011612,0.07006385177373886,0
2009-03-16,0.10000000149011612,0.10000000149011612,0.10000000149011612,0.10000000149011612,0.07006385177373886,300000
2009-03-17,0.10199999809265137,0.10199999809265137,0.10199999809265137,0.10199999809265137,0.07146512717008591,18000
2009-03-18,0.10199999809265137,0.10199999809265137,0.10199999809265137,0.10199999809265137,0.07146512717008591,57000
2009-03-19,0.10266599804162979,0.10266599804162979,0.10266599804162979,0.10266599804162979,0.07193174958229065,0
2009-03-20,0.1033329963684082,0.1033329963684082,0.1033329963684082,0.1033329963684082,0.0723990723490715,0
2009-03-23,0.10666599869728088,0.10666599869728088,0.10666599869728088,0.10666599869728088,0.07473430782556534,132000
2009-03-24,0.10666599869728088,0.10666599869728088,0.10666599869728088,0.10666599869728088,0.07473430782556534,0
2009-03-25,0.10666599869728088,0.10666599869728088,0.10666599869728088,0.10666599869728088,0.07473430782556534,0
2009-03-26,0.10000000149011612,0.10000000149011612,0.10000000149011612,0.10000000149011612,0.07006385177373886,150000
2009-03-27,0.10400000214576721,0.11333300173282623,0.10400000214576721,0.11333300173282623,0.07940547168254852,60000
2009-03-30,0.10666599869728088,0.10666599869728088,0.10666599869728088,0.10666599869728088,0.07473430782556534,0
2009-03-31,0.1466660052537918,0.1466660052537918,0.1466660052537918,0.1466660052537918,0.10275983810424805,0
2009-04-01,0.1466660052537918,0.1466660052537918,0.1466660052537918,0.1466660052537918,0.10275983810424805,0
2009-04-02,0.1420000046491623,0.1420000046491623,0.1420000046491623,0.1420000046491623,0.09949066489934921,0
2009-04-03,0.1420000046491623,0.1420000046491623,0.1420000046491623,0.1420000046491623,0.09949066489934921,0
2009-04-06,0.1286659985780716,0.1286659985780716,0.11533299833536148,0.11533299833536148,0.08080673217773438,30000
2009-04-07,0.11533299833536148,0.11533299833536148,0.11533299833536148,0.11533299833536148,0.08080673217773438,0
2009-04-08,0.11533299833536148,0.11533299833536148,0.11533299833536148,0.11533299833536148,0.08080673217773438,0
2009-04-09,0.10666599869728088,0.11533299833536148,0.10666599869728088,0.11533299833536148,0.08080673217773438,15000
2009-04-14,0.11533299833536148,0.11533299833536148,0.11533299833536148,0.11533299833536148,0.08080673217773438,0
2009-04-15,0.11533299833536148,0.11533299833536148,0.11533299833536148,0.11533299833536148,0.08080673217773438,0
2009-04-16,0.11533299833536148,0.11533299833536148,0.11533299833536148,0.11533299833536148,0.08080673217773438,0
2009-04-17,0.11533299833536148,0.11533299833536148,0.11533299833536148,0.11533299833536148,0.08080673217773438,0
2009-04-20,0.11533299833536148,0.11533299833536148,0.11533299833536148,0.11533299833536148,0.08080673217773438,0
2009-04-21,0.11533299833536148,0.11533299833536148,0.11533299833536148,0.11533299833536148,0.08080673217773438,0
2009-04-22,0.11599999666213989,0.11599999666213989,0.08533299714326859,0.10066600143909454,0.070530466735363,81000
2009-04-23,0.10533300042152405,0.14000000059604645,0.10400000214576721,0.14000000059604645,0.09808938950300217,477000
2009-04-24,0.14000000059604645,0.14000000059604645,0.14000000059604645,0.14000000059604645,0.09808938950300217,0
2009-04-27,0.14000000059604645,0.14000000059604645,0.14000000059604645,0.14000000059604645,0.09808938950300217,0
2009-04-28,0.14000000059604645,0.14000000059604645,0.14000000059604645,0.14000000059604645,0.09808938950300217,0
2009-04-29,0.14000000059604645,0.14000000059604645,0.14000000059604645,0.14000000059604645,0.09808938950300217,0
2009-04-30,0.14000000059604645,0.14000000059604645,0.14000000059604645,0.14000000059604645,0.09808938950300217,0
2009-05-04,0.12666599452495575,0.12666599452495575,0.12666599452495575,0.12666599452495575,0.0887470617890358,15000
2009-05-05,0.12733300030231476,0.12733300030231476,0.12733300030231476,0.12733300030231476,0.08921439945697784,435000
2009-05-06,0.17333300411701202,0.17333300411701202,0.15333299338817596,0.15333299338817596,0.10743099451065063,63000
2009-05-07,0.11599999666213989,0.13066600263118744,0.11599999666213989,0.13066600263118744,0.09154962748289108,3000
2009-05-08,0.13066600263118744,0.13066600263118744,0.13066600263118744,0.13066600263118744,0.09154962748289108,0
2009-05-11,0.13066600263118744,0.13066600263118744,0.13066600263118744,0.13066600263118744,0.09154962748289108,0
2009-05-12,0.13066600263118744,0.13066600263118744,0.13066600263118744,0.13066600263118744,0.09154962748289108,0
2009-05-13,0.13066600263118744,0.13066600263118744,0.13066600263118744,0.13066600263118744,0.09154962748289108,0
2009-05-14,0.14000000059604645,0.14533300697803497,0.14000000059604645,0.14533300697803497,0.10182591527700424,195000
2009-05-15,0.1513330042362213,0.1513330042362213,0.1513330042362213,0.1513330042362213,0.10602971911430359,150000
2009-05-18,0.1513330042362213,0.1513330042362213,0.1513330042362213,0.1513330042362213,0.10602971911430359,0
2009-05-19,0.1513330042362213,0.1513330042362213,0.1513330042362213,0.1513330042362213,0.10602971911430359,0
2009-05-20,0.16466599702835083,0.16466599702835083,0.16466599702835083,0.16466599702835083,0.11537132412195206,150000
2009-05-21,0.16466599702835083,0.16466599702835083,0.16466599702835083,0.16466599702835083,0.11537132412195206,0
2009-05-22,0.16466599702835083,0.18000000715255737,0.15199999511241913,0.15199999511241913,0.10649705678224564,1788000
2009-05-25,0.1599999964237213,0.1599999964237213,0.15199999511241913,0.15199999511241913,0.10649705678224564,381000
2009-05-26,0.15333299338817596,0.15333299338817596,0.15199999511241913,0.15333299338817596,0.10743099451065063,2631000
2009-05-27,0.15333299338817596,0.15333299338817596,0.15000000596046448,0.15333299338817596,0.10743099451065063,975000
2009-05-29,0.1333329975605011,0.15333299338817596,0.1333329975605011,0.14333300292491913,0.1004246175289154,768000
2009-06-01,0.14333300292491913,0.14333300292491913,0.1333329975605011,0.13666599988937378,0.09575346857309341,1983000
2009-06-02,0.14333300292491913,0.14333300292491913,0.1333329975605011,0.14000000059604645,0.09808938950300217,4308000
2009-06-03,0.1466660052537918,0.1466660052537918,0.14000000059604645,0.14333300292491913,0.1004246175289154,1104000
2009-06-04,0.14333300292491913,0.14333300292491913,0.14000000059604645,0.14266599714756012,0.09995730966329575,2043000
2009-06-05,0.14266599714756012,0.14533300697803497,0.14000000059604645,0.14000000059604645,0.09808938950300217,3561000
2009-06-08,0.14000000059604645,0.14000000059604645,0.14000000059604645,0.14000000059604645,0.09808938950300217,2316000
2009-06-09,0.14000000059604645,0.14000000059604645,0.1379999965429306,0.14000000059604645,0.09808938950300217,1572000
2009-06-10,0.14000000059604645,0.16599999368190765,0.14000000059604645,0.14800000190734863,0.10369449853897095,109315500
2009-06-11,0.15333299338817596,0.2366659939289093,0.15333299338817596,0.1933329999446869,0.13545654714107513,207957000
2009-06-12,0.1933329999446869,0.20333300530910492,0.1766660064458847,0.1899999976158142,0.1331212967634201,38688000
2009-06-15,0.1899999976158142,0.27333301305770874,0.1899999976158142,0.2366659939289093,0.1658172905445099,94008000
2009-06-16,0.22666600346565247,0.3233329951763153,0.22333300113677979,0.30666598677635193,0.21486198902130127,81234000
2009-06-17,0.30666598677635193,0.30666598677635193,0.2666659951210022,0.2800000011920929,0.19617877900600433,17346000
2009-06-18,0.28999999165534973,0.30000001192092896,0.2533330023288727,0.27333301305770874,0.19150762259960175,9351000
2009-06-19,0.2666659951210022,0.27333301305770874,0.2633329927921295,0.27000001072883606,0.1891724020242691,2193000
2009-06-22,0.25999999046325684,0.3100000023841858,0.2533330023288727,0.28666600584983826,0.2008492350578308,7530000
2009-06-23,0.28666600584983826,0.28999999165534973,0.27000001072883606,0.2833330035209656,0.1985139697790146,1746000
2009-06-24,0.2933329939842224,0.30333301424980164,0.25666600465774536,0.2666659951210022,0.18683645129203796,9525000
2009-06-25,0.27000001072883606,0.27000001072883606,0.22666600346565247,0.22666600346565247,0.15881094336509705,7323000
2009-06-26,0.25666600465774536,0.25666600465774536,0.22666600346565247,0.23999999463558197,0.16815322637557983,6366000
2009-06-29,0.22333300113677979,0.23000000417232513,0.22333300113677979,0.23000000417232513,0.1611468344926834,1341000
2009-06-30,0.23000000417232513,0.2366659939289093,0.2199999988079071,0.2199999988079071,0.154140442609787,3774000
2009-07-02,0.2199999988079071,0.2199999988079071,0.1933329999446869,0.20000000298023224,0.14012770354747772,4356000
2009-07-03,0.18666599690914154,0.21666599810123444,0.18333299458026886,0.1933329999446869,0.13545654714107513,10476000
2009-07-06,0.1933329999446869,0.20000000298023224,0.18666599690914154,0.19666600227355957,0.13779176771640778,3120000
2009-07-07,0.1899999976158142,0.24666599929332733,0.1899999976158142,0.23000000417232513,0.1611468344926834,14994000
2009-07-08,0.22666600346565247,0.22666600346565247,0.20333300530910492,0.21333299577236176,0.1494693160057068,7266000
2009-07-09,0.20999999344348907,0.25999999046325684,0.20999999344348907,0.2533330023288727,0.1774948388338089,9873000
2009-07-10,0.23999999463558197,0.2533330023288727,0.23333300650119781,0.24666599929332733,0.17282366752624512,5304000
2009-07-13,0.24333299696445465,0.27333301305770874,0.2366659939289093,0.2633329927921295,0.18450120091438293,5325000
2009-07-14,0.2666659951210022,0.2666659951210022,0.2366659939289093,0.2666659951210022,0.18683645129203796,4545000
2009-07-15,0.25999999046325684,0.2666659951210022,0.24666599929332733,0.25,0.17515960335731506,1296000
2009-07-16,0.24333299696445465,0.25666600465774536,0.2366659939289093,0.2366659939289093,0.1658172905445099,5487000
2009-07-17,0.23999999463558197,0.24666599929332733,0.2366659939289093,0.2366659939289093,0.1658172905445099,1533000
2009-07-20,0.2366659939289093,0.25,0.22333300113677979,0.23333300650119781,0.16348208487033844,5535000
2009-07-21,0.23333300650119781,0.23333300650119781,0.2199999988079071,0.22666600346565247,0.15881094336509705,4863000
2009-07-22,0.2199999988079071,0.22666600346565247,0.21333299577236176,0.22666600346565247,0.15881094336509705,1035000
2009-07-23,0.2199999988079071,0.22666600346565247,0.21333299577236176,0.22333300113677979,0.15647567808628082,1110000
2009-07-24,0.2199999988079071,0.23999999463558197,0.2199999988079071,0.2366659939289093,0.1658172905445099,2064000
2009-07-27,0.2366659939289093,0.2366659939289093,0.22333300113677979,0.22666600346565247,0.15881094336509705,468000
2009-07-28,0.23000000417232513,0.23999999463558197,0.23000000417232513,0.2366659939289093,0.1658172905445099,1530000
2009-07-29,0.23333300650119781,0.23999999463558197,0.22333300113677979,0.2366659939289093,0.1658172905445099,2460000
2009-07-30,0.21666599810123444,0.22666600346565247,0.21666599810123444,0.22666600346565247,0.15881094336509705,315000
2009-07-31,0.23333300650119781,0.2366659939289093,0.22666600346565247,0.22666600346565247,0.15881094336509705,960000
2009-08-03,0.23999999463558197,0.3233329951763153,0.23999999463558197,0.3199999928474426,0.22420433163642883,37623000
2009-08-04,0.3199999928474426,0.3233329951763153,0.28666600584983826,0.30000001192092896,0.210191547870636,12033000
2009-08-05,0.30000001192092896,0.30333301424980164,0.28999999165534973,0.30333301424980164,0.21252678334712982,2451000
2009-08-06,0.28999999165534973,0.3199999928474426,0.28666600584983826,0.30333301424980164,0.21252678334712982,3651000
2009-08-07,0.28999999165534973,0.30000001192092896,0.2833330035209656,0.2833330035209656,0.1985139697790146,1881000
2009-08-10,0.2966659963130951,0.2966659963130951,0.27333301305770874,0.27333301305770874,0.19150762259960175,1449000
2009-08-11,0.2933329939842224,0.2933329939842224,0.2833330035209656,0.2933329939842224,0.205520361661911,762000
2009-08-12,0.2800000011920929,0.2933329939842224,0.2800000011920929,0.2933329939842224,0.205520361661911,600000
2009-08-13,0.28666600584983826,0.31333300471305847,0.28666600584983826,0.30333301424980164,0.21252678334712982,2769000
2009-08-14,0.3100000023841858,0.39333298802375793,0.30666598677635193,0.3799999952316284,0.2662425935268402,27969000
2009-08-17,0.3866659998893738,0.43333300948143005,0.36000001430511475,0.413332998752594,0.2895970046520233,18396000
2009-08-18,0.41999998688697815,0.4266659915447235,0.3233329951763153,0.37333300709724426,0.2615715265274048,19164000
2009-08-19,0.37333300709724426,0.3866659998893738,0.3533329963684082,0.37333300709724426,0.2615715265274048,2199000
2009-08-20,0.3666659891605377,0.3866659998893738,0.3666659891605377,0.37333300709724426,0.2615715265274048,1236000
2009-08-21,0.3666659891605377,0.3666659891605377,0.36000001430511475,0.3666659891605377,0.2569003403186798,180000
2009-08-24,0.37333300709724426,0.46666601300239563,0.37333300709724426,0.44666600227355957,0.31295135617256165,5202000
2009-08-25,0.4533329904079437,0.5066660046577454,0.4533329904079437,0.46666601300239563,0.3269641697406769,11847000
2009-08-26,0.46666601300239563,0.4866659939289093,0.43333300948143005,0.4399999976158142,0.308280885219574,2490000
2009-08-27,0.4399999976158142,0.46000000834465027,0.413332998752594,0.4399999976158142,0.308280885219574,1152000
2009-08-28,0.41999998688697815,0.44666600227355957,0.41999998688697815,0.4266659915447235,0.2989386320114136,477000
2009-08-31,0.4266659915447235,0.4533329904079437,0.39333298802375793,0.4533329904079437,0.31762251257896423,1071000
2009-09-01,0.4866659939289093,0.5066660046577454,0.4533329904079437,0.5,0.3503192067146301,2622000
2009-09-02,0.46666601300239563,0.47999998927116394,0.4533329904079437,0.4533329904079437,0.31762251257896423,3618000
2009-09-03,0.4533329904079437,0.46666601300239563,0.43333300948143005,0.43333300948143005,0.30360981822013855,2493000
2009-09-04,0.41999998688697815,0.4533329904079437,0.41999998688697815,0.4399999976158142,0.308280885219574,2958000
2009-09-07,0.4399999976158142,0.46666601300239563,0.40666601061820984,0.43333300948143005,0.3140794038772583,465000
2009-09-08,0.4266659915447235,0.4266659915447235,0.413332998752594,0.41999998688697815,0.30441558361053467,138000
2009-09-09,0.413332998752594,0.44666600227355957,0.413332998752594,0.43333300948143005,0.3140794038772583,9510000
2009-09-10,0.4266659915447235,0.4399999976158142,0.413332998752594,0.413332998752594,0.2995833158493042,2931000
2009-09-11,0.4000000059604645,0.413332998752594,0.3866659998893738,0.4000000059604645,0.28991955518722534,1302000
2009-09-14,0.3866659998893738,0.39333298802375793,0.3799999952316284,0.3866659998893738,0.28025510907173157,231000
2009-09-15,0.3866659998893738,0.3866659998893738,0.3866659998893738,0.3866659998893738,0.28025510907173157,0
2009-09-16,0.4000000059604645,0.4000000059604645,0.3866659998893738,0.3866659998893738,0.28025510907173157,144000
2009-09-17,0.37333300709724426,0.4000000059604645,0.37333300709724426,0.39333298802375793,0.2850874066352844,945000
2009-09-18,0.3799999952316284,0.4000000059604645,0.3799999952316284,0.3866659998893738,0.28025510907173157,1107000
2009-09-21,0.3866659998893738,0.3866659998893738,0.3799999952316284,0.3799999952316284,0.2754236161708832,96000
2009-09-22,0.3866659998893738,0.3866659998893738,0.3533329963684082,0.3799999952316284,0.2754236161708832,1563000
2009-09-23,0.3799999952316284,0.3799999952316284,0.3799999952316284,0.3799999952316284,0.2754236161708832,93000
2009-09-24,0.413332998752594,0.413332998752594,0.3666659891605377,0.3866659998893738,0.28025510907173157,870000
2009-09-25,0.3799999952316284,0.4266659915447235,0.3799999952316284,0.40666601061820984,0.2947511374950409,318000
2009-09-28,0.3866659998893738,0.4000000059604645,0.37333300709724426,0.37333300709724426,0.2705914080142975,63000
2009-09-29,0.37333300709724426,0.37333300709724426,0.37333300709724426,0.37333300709724426,0.2705914080142975,30000
2009-09-30,0.37333300709724426,0.37333300709724426,0.31333300471305847,0.31333300471305847,0.22710341215133667,8904000
2009-10-02,0.31333300471305847,0.3233329951763153,0.30333301424980164,0.30333301424980164,0.21985545754432678,75000
2009-10-05,0.28999999165534973,0.3199999928474426,0.28999999165534973,0.30666598677635193,0.22227120399475098,456000
2009-10-06,0.31666600704193115,0.34666600823402405,0.31333300471305847,0.326665997505188,0.23676718771457672,2007000
2009-10-07,0.34666600823402405,0.34666600823402405,0.3199999928474426,0.34666600823402405,0.25126317143440247,627000
2009-10-08,0.33333298563957214,0.33333298563957214,0.326665997505188,0.33333298563957214,0.24159935116767883,408000
2009-10-09,0.34666600823402405,0.34666600823402405,0.33333298563957214,0.33333298563957214,0.24159935116767883,18000
2009-10-12,0.33333298563957214,0.34666600823402405,0.33333298563957214,0.33333298563957214,0.24159935116767883,78000
2009-10-13,0.33333298563957214,0.3533329963684082,0.33333298563957214,0.33333298563957214,0.24159935116767883,972000
2009-10-14,0.34666600823402405,0.34666600823402405,0.33333298563957214,0.34666600823402405,0.25126317143440247,189000
2009-10-15,0.3199999928474426,0.3400000035762787,0.3199999928474426,0.3400000035762787,0.2464316487312317,93000
2009-10-16,0.3400000035762787,0.34666600823402405,0.3400000035762787,0.34666600823402405,0.25126317143440247,375000
2009-10-19,0.34666600823402405,0.4000000059604645,0.34666600823402405,0.36000001430511475,0.26092764735221863,996000
2009-10-20,0.36000001430511475,0.3866659998893738,0.36000001430511475,0.3666659891605377,0.265759140253067,954000
2009-10-21,0.3666659891605377,0.3866659998893738,0.3666659891605377,0.3666659891605377,0.265759140253067,225000
2009-10-22,0.37333300709724426,0.3799999952316284,0.37333300709724426,0.3799999952316284,0.2754236161708832,633000
2009-10-23,0.3866659998893738,0.3866659998893738,0.37333300709724426,0.37333300709724426,0.2705914080142975,1350000
2009-10-27,0.34666600823402405,0.4000000059604645,0.34666600823402405,0.3799999952316284,0.2754236161708832,903000
2009-10-28,0.4000000059604645,0.4000000059604645,0.36000001430511475,0.3666659891605377,0.265759140253067,162000
2009-10-29,0.34666600823402405,0.3866659998893738,0.34666600823402405,0.3799999952316284,0.2754236161708832,108000
2009-10-30,0.36000001430511475,0.3866659998893738,0.34666600823402405,0.3866659998893738,0.28025510907173157,246000
2009-11-02,0.36000001430511475,0.4000000059604645,0.3533329963684082,0.39333298802375793,0.2850874066352844,165000
2009-11-03,0.36000001430511475,0.36000001430511475,0.36000001430511475,0.36000001430511475,0.26092764735221863,75000
2009-11-04,0.3799999952316284,0.3866659998893738,0.37333300709724426,0.3799999952316284,0.2754236161708832,807000
2009-11-05,0.4000000059604645,0.4000000059604645,0.3533329963684082,0.3533329963684082,0.25609543919563293,204000
2009-11-06,0.3799999952316284,0.39333298802375793,0.3799999952316284,0.3866659998893738,0.28025510907173157,174000
2009-11-09,0.3799999952316284,0.3799999952316284,0.36000001430511475,0.36000001430511475,0.26092764735221863,60000
2009-11-10,0.3799999952316284,0.3866659998893738,0.3533329963684082,0.3666659891605377,0.265759140253067,549000
2009-11-11,0.3533329963684082,0.39333298802375793,0.3533329963684082,0.3799999952316284,0.2754236161708832,225000
2009-11-12,0.36000001430511475,0.37333300709724426,0.3533329963684082,0.37333300709724426,0.2705914080142975,384000
2009-11-13,0.3799999952316284,0.3799999952316284,0.3400000035762787,0.3533329963684082,0.25609543919563293,579000
2009-11-16,0.3400000035762787,0.37333300709724426,0.3400000035762787,0.37333300709724426,0.2705914080142975,267000
2009-11-17,0.37333300709724426,0.3799999952316284,0.3666659891605377,0.3666659891605377,0.265759140253067,159000
2009-11-18,0.34666600823402405,0.3666659891605377,0.33333298563957214,0.3666659891605377,0.265759140253067,345000
2009-11-19,0.3400000035762787,0.3533329963684082,0.33333298563957214,0.34666600823402405,0.25126317143440247,393000
2009-11-20,0.34666600823402405,0.3666659891605377,0.33333298563957214,0.3533329963684082,0.25609543919563293,501000
2009-11-23,0.36000001430511475,0.36000001430511475,0.3400000035762787,0.36000001430511475,0.26092764735221863,81000
2009-11-24,0.3799999952316284,0.3799999952316284,0.34666600823402405,0.34666600823402405,0.25126317143440247,114000
2009-11-25,0.3400000035762787,0.34666600823402405,0.33333298563957214,0.34666600823402405,0.25126317143440247,753000
2009-11-26,0.33333298563957214,0.33333298563957214,0.3199999928474426,0.33000001311302185,0.2391836941242218,222000
2009-11-27,0.3199999928474426,0.3199999928474426,0.31333300471305847,0.3199999928474426,0.23193567991256714,522000
2009-11-30,0.3199999928474426,0.34666600823402405,0.3199999928474426,0.34666600823402405,0.25126317143440247,39000
2009-12-01,0.34666600823402405,0.34666600823402405,0.34666600823402405,0.34666600823402405,0.25126317143440247,0
2009-12-02,0.33333298563957214,0.33333298563957214,0.33333298563957214,0.33333298563957214,0.24159935116767883,90000
2009-12-03,0.33333298563957214,0.33333298563957214,0.3199999928474426,0.33333298563957214,0.24159935116767883,228000
2009-12-04,0.36000001430511475,0.36000001430511475,0.3400000035762787,0.3400000035762787,0.2464316487312317,123000
2009-12-07,0.3400000035762787,0.3400000035762787,0.3400000035762787,0.3400000035762787,0.2464316487312317,0
2009-12-08,0.33333298563957214,0.34666600823402405,0.33000001311302185,0.33000001311302185,0.2391836941242218,462000
2009-12-09,0.31333300471305847,0.3666659891605377,0.30000001192092896,0.33000001311302185,0.2391836941242218,1773000
2009-12-10,0.3866659998893738,0.3866659998893738,0.33000001311302185,0.34666600823402405,0.25126317143440247,156000
2009-12-11,0.34666600823402405,0.34666600823402405,0.30666598677635193,0.34666600823402405,0.25126317143440247,303000
2009-12-14,0.34666600823402405,0.3666659891605377,0.31333300471305847,0.326665997505188,0.23676718771457672,4683000
2009-12-15,0.33333298563957214,0.33333298563957214,0.3199999928474426,0.33000001311302185,0.2391836941242218,792000
2009-12-16,0.3233329951763153,0.33000001311302185,0.31333300471305847,0.326665997505188,0.23676718771457672,627000
2009-12-17,0.31333300471305847,0.3199999928474426,0.30666598677635193,0.3199999928474426,0.23193567991256714,570000
2009-12-18,0.31666600704193115,0.31666600704193115,0.30000001192092896,0.31333300471305847,0.22710341215133667,861000
2009-12-21,0.30000001192092896,0.31333300471305847,0.2933329939842224,0.3100000023841858,0.22468771040439606,612000
2009-12-22,0.3100000023841858,0.326665997505188,0.3100000023841858,0.3199999928474426,0.23193567991256714,165000
2009-12-23,0.3199999928474426,0.3233329951763153,0.30000001192092896,0.3100000023841858,0.22468771040439606,804000
2009-12-24,0.31666600704193115,0.31666600704193115,0.31333300471305847,0.31333300471305847,0.22710341215133667,177000
2009-12-28,0.3199999928474426,0.3233329951763153,0.31666600704193115,0.31666600704193115,0.22951918840408325,747000
2009-12-29,0.30666598677635193,0.3199999928474426,0.30666598677635193,0.31333300471305847,0.22710341215133667,2658000
2009-12-30,0.30000001192092896,0.31333300471305847,0.27333301305770874,0.30000001192092896,0.22096577286720276,1857000
2009-12-31,0.30666598677635193,0.3199999928474426,0.2933329939842224,0.30000001192092896,0.22096577286720276,390000
2010-01-04,0.30000001192092896,0.30666598677635193,0.30000001192092896,0.30000001192092896,0.22096577286720276,405000
2010-01-05,0.30000001192092896,0.31333300471305847,0.2966659963130951,0.30333301424980164,0.22342069447040558,1371000
2010-01-06,0.30333301424980164,0.30666598677635193,0.30333301424980164,0.30666598677635193,0.225875586271286,105000
2010-01-07,0.30333301424980164,0.30666598677635193,0.30333301424980164,0.30333301424980164,0.22342069447040558,339000
2010-01-08,0.30666598677635193,0.31333300471305847,0.30666598677635193,0.30666598677635193,0.225875586271286,108000
2010-01-11,0.30666598677635193,0.31666600704193115,0.28666600584983826,0.3100000023841858,0.2283312976360321,3396000
2010-01-12,0.30666598677635193,0.3100000023841858,0.30000001192092896,0.30666598677635193,0.225875586271286,1449000
2010-01-13,0.30000001192092896,0.30333301424980164,0.30000001192092896,0.30000001192092896,0.22096577286720276,291000
2010-01-14,0.2966659963130951,0.31666600704193115,0.2933329939842224,0.31333300471305847,0.23078620433807373,834000
2010-01-15,0.31333300471305847,0.31333300471305847,0.31333300471305847,0.31333300471305847,0.23078620433807373,84000
2010-01-18,0.33333298563957214,0.33333298563957214,0.31333300471305847,0.31333300471305847,0.23078620433807373,579000
2010-01-19,0.30666598677635193,0.326665997505188,0.30666598677635193,0.31333300471305847,0.23078620433807373,177000
2010-01-20,0.3233329951763153,0.37333300709724426,0.3233329951763153,0.34666600823402405,0.2553377151489258,14553000
2010-01-21,0.33333298563957214,0.36000001430511475,0.326665997505188,0.3533329963684082,0.2602483630180359,5895000
2010-01-22,0.33333298563957214,0.3533329963684082,0.3199999928474426,0.3533329963684082,0.2602483630180359,1521000
2010-01-25,0.34666600823402405,0.413332998752594,0.326665997505188,0.39333298802375793,0.2897104024887085,12882000
2010-01-26,0.36000001430511475,0.4000000059604645,0.3533329963684082,0.36000001430511475,0.26515892148017883,6558000
2010-01-27,0.36000001430511475,0.36000001430511475,0.326665997505188,0.33333298563957214,0.24551720917224884,2205000
2010-01-28,0.33333298563957214,0.33333298563957214,0.3100000023841858,0.3233329951763153,0.23815172910690308,2100000
2010-01-29,0.33333298563957214,0.33333298563957214,0.3199999928474426,0.3199999928474426,0.23569679260253906,1116000
2010-02-01,0.33000001311302185,0.3400000035762787,0.31666600704193115,0.33333298563957214,0.24551720917224884,1062000
2010-02-02,0.33333298563957214,0.33333298563957214,0.30666598677635193,0.31333300471305847,0.23078620433807373,1149000
2010-02-03,0.31333300471305847,0.31333300471305847,0.326665997505188,0.326665997505188,0.2406066507101059,1380000
2010-02-04,0.326665997505188,0.326665997505188,0.326665997505188,0.326665997505188,0.2406066507101059,3000
2010-02-05,0.31666600704193115,0.3199999928474426,0.31666600704193115,0.31666600704193115,0.23324112594127655,309000
2010-02-08,0.30666598677635193,0.31333300471305847,0.30666598677635193,0.31333300471305847,0.23078620433807373,375000
2010-02-09,0.30666598677635193,0.30666598677635193,0.30666598677635193,0.30666598677635193,0.225875586271286,57000
2010-02-10,0.30666598677635193,0.30666598677635193,0.30666598677635193,0.30666598677635193,0.225875586271286,60000
2010-02-11,0.3199999928474426,0.326665997505188,0.31333300471305847,0.31333300471305847,0.23078620433807373,645000
2010-02-12,0.3199999928474426,0.326665997505188,0.31333300471305847,0.31333300471305847,0.23078620433807373,186000
2010-02-17,0.31333300471305847,0.31333300471305847,0.31333300471305847,0.31333300471305847,0.23078620433807373,0
2010-02-18,0.31333300471305847,0.31333300471305847,0.31333300471305847,0.31333300471305847,0.23078620433807373,3000000
2010-02-19,0.31333300471305847,0.31333300471305847,0.31333300471305847,0.31333300471305847,0.23078620433807373,0
2010-02-22,0.31333300471305847,0.3233329951763153,0.3100000023841858,0.3100000023841858,0.2283312976360321,363000
2010-02-23,0.31333300471305847,0.3199999928474426,0.31333300471305847,0.31666600704193115,0.23324112594127655,195000
2010-02-24,0.31333300471305847,0.31333300471305847,0.31333300471305847,0.31333300471305847,0.23078620433807373,15000
2010-02-25,0.30000001192092896,0.31333300471305847,0.30000001192092896,0.31333300471305847,0.23078620433807373,795000
2010-02-26,0.3100000023841858,0.33333298563957214,0.30666598677635193,0.33333298563957214,0.24551720917224884,849000
2010-03-01,0.33333298563957214,0.33333298563957214,0.33333298563957214,0.33333298563957214,0.24551720917224884,27000
2010-03-02,0.33333298563957214,0.33333298563957214,0.33333298563957214,0.33333298563957214,0.24551720917224884,0
2010-03-03,0.31666600704193115,0.31666600704193115,0.31666600704193115,0.31666600704193115,0.23324112594127655,150000
2010-03-04,0.31666600704193115,0.31666600704193115,0.30000001192092896,0.30666598677635193,0.225875586271286,369000
2010-03-05,0.31666600704193115,0.33000001311302185,0.31666600704193115,0.31666600704193115,0.23324112594127655,1188000
2010-03-08,0.31666600704193115,0.31666600704193115,0.31666600704193115,0.31666600704193115,0.23324112594127655,75000
2010-03-09,0.31666600704193115,0.31666600704193115,0.31666600704193115,0.31666600704193115,0.23324112594127655,180000
2010-03-10,0.31666600704193115,0.31666600704193115,0.31666600704193115,0.31666600704193115,0.23324112594127655,45000
2010-03-11,0.31666600704193115,0.326665997505188,0.2933329939842224,0.326665997505188,0.2406066507101059,327000
2010-03-12,0.326665997505188,0.326665997505188,0.326665997505188,0.326665997505188,0.2406066507101059,0
2010-03-15,0.30333301424980164,0.326665997505188,0.30000001192092896,0.3199999928474426,0.23569679260253906,351000
2010-03-16,0.3199999928474426,0.3199999928474426,0.3199999928474426,0.3199999928474426,0.23569679260253906,75000
2010-03-17,0.3199999928474426,0.3199999928474426,0.3199999928474426,0.3199999928474426,0.23569679260253906,0
2010-03-18,0.3100000023841858,0.3100000023841858,0.3100000023841858,0.3100000023841858,0.2283312976360321,60000
2010-03-19,0.31666600704193115,0.3199999928474426,0.31666600704193115,0.3199999928474426,0.23569679260253906,201000
2010-03-22,0.31666600704193115,0.33000001311302185,0.31666600704193115,0.3199999928474426,0.23569679260253906,213000
2010-03-23,0.3199999928474426,0.34666600823402405,0.3199999928474426,0.33333298563957214,0.24551720917224884,2181000
2010-03-24,0.33333298563957214,0.3400000035762787,0.3233329951763153,0.33333298563957214,0.24551720917224884,876000
2010-03-25,0.33333298563957214,0.3799999952316284,0.326665997505188,0.36000001430511475,0.26515892148017883,6129000
2010-03-26,0.36000001430511475,0.3799999952316284,0.3533329963684082,0.37333300709724426,0.2749793827533722,4995000
2010-03-29,0.3666659891605377,0.3666659891605377,0.34666600823402405,0.34666600823402405,0.2553377151489258,468000
2010-03-30,0.34666600823402405,0.36000001430511475,0.3400000035762787,0.34666600823402405,0.2553377151489258,684000
2010-03-31,0.3666659891605377,0.3666659891605377,0.3666659891605377,0.3666659891605377,0.2700687646865845,3000
2010-04-01,0.33333298563957214,0.3400000035762787,0.33333298563957214,0.3400000035762787,0.25042781233787537,723000
2010-04-07,0.3400000035762787,0.34666600823402405,0.33333298563957214,0.33333298563957214,0.24551720917224884,1173000
2010-04-08,0.326665997505188,0.3400000035762787,0.3233329951763153,0.326665997505188,0.2406066507101059,1221000
2010-04-09,0.33333298563957214,0.34666600823402405,0.33333298563957214,0.3400000035762787,0.25042781233787537,1638000
2010-04-12,0.33000001311302185,0.3400000035762787,0.33000001311302185,0.33333298563957214,0.24551720917224884,600000
2010-04-13,0.33333298563957214,0.33333298563957214,0.3199999928474426,0.33000001311302185,0.2430623322725296,507000
2010-04-14,0.3199999928474426,0.33333298563957214,0.3199999928474426,0.3233329951763153,0.23815172910690308,75000
2010-04-15,0.326665997505188,0.3400000035762787,0.326665997505188,0.33333298563957214,0.24551720917224884,807000
2010-04-16,0.33333298563957214,0.33333298563957214,0.33333298563957214,0.33333298563957214,0.24551720917224884,306000
2010-04-19,0.3233329951763153,0.4000000059604645,0.3233329951763153,0.33000001311302185,0.2430623322725296,762000
2010-04-20,0.33333298563957214,0.3400000035762787,0.33333298563957214,0.33333298563957214,0.24551720917224884,543000
2010-04-21,0.33000001311302185,0.3400000035762787,0.3233329951763153,0.33333298563957214,0.24551720917224884,345000
2010-04-22,0.33333298563957214,0.33333298563957214,0.3233329951763153,0.3233329951763153,0.23815172910690308,0
2010-04-23,0.33333298563957214,0.33333298563957214,0.33333298563957214,0.33333298563957214,0.24551720917224884,15000
2010-04-26,0.326665997505188,0.33333298563957214,0.326665997505188,0.326665997505188,0.2406066507101059,480000
2010-04-27,0.3400000035762787,0.3400000035762787,0.3233329951763153,0.3233329951763153,0.23815172910690308,0
2010-04-28,0.326665997505188,0.326665997505188,0.3199999928474426,0.3199999928474426,0.23569679260253906,240000
2010-04-29,0.31666600704193115,0.3199999928474426,0.31666600704193115,0.3199999928474426,0.23569679260253906,648000
2010-04-30,0.31666600704193115,0.3199999928474426,0.3100000023841858,0.3199999928474426,0.23569679260253906,336000
2010-05-03,0.31666600704193115,0.3233329951763153,0.31666600704193115,0.3233329951763153,0.23815172910690308,234000
2010-05-04,0.31333300471305847,0.31666600704193115,0.3100000023841858,0.31666600704193115,0.23324112594127655,345000
2010-05-05,0.3199999928474426,0.3199999928474426,0.2933329939842224,0.2966659963130951,0.21851007640361786,1362000
2010-05-06,0.30000001192092896,0.30333301424980164,0.2966659963130951,0.30000001192092896,0.22096577286720276,2226000
2010-05-07,0.2933329939842224,0.2933329939842224,0.2800000011920929,0.2933329939842224,0.21605512499809265,822000
2010-05-10,0.28666600584983826,0.31333300471305847,0.28666600584983826,0.2933329939842224,0.21605512499809265,2478000
2010-05-11,0.28666600584983826,0.28999999165534973,0.27333301305770874,0.28999999165534973,0.21360020339488983,507000
2010-05-12,0.2833330035209656,0.2833330035209656,0.27666598558425903,0.2833330035209656,0.2086896002292633,468000
2010-05-13,0.2933329939842224,0.2933329939842224,0.2933329939842224,0.2933329939842224,0.21605512499809265,3000
2010-05-14,0.27333301305770874,0.27666598558425903,0.27333301305770874,0.27666598558425903,0.20377899706363678,195000
2010-05-17,0.27666598558425903,0.27666598558425903,0.2666659951210022,0.27333301305770874,0.20132410526275635,123000
2010-05-18,0.2800000011920929,0.2800000011920929,0.2666659951210022,0.2666659951210022,0.19641350209712982,0
2010-05-19,0.27000001072883606,0.2833330035209656,0.27000001072883606,0.27000001072883606,0.19886918365955353,204000
2010-05-20,0.2666659951210022,0.2666659951210022,0.23999999463558197,0.25999999046325684,0.191503643989563,447000
2010-05-24,0.2666659951210022,0.2666659951210022,0.24666599929332733,0.24666599929332733,0.18168243765830994,0
2010-05-25,0.24666599929332733,0.25999999046325684,0.23999999463558197,0.24666599929332733,0.18168243765830994,363000
2010-05-26,0.25999999046325684,0.25999999046325684,0.20000000298023224,0.20000000298023224,0.14731048047542572,0
2010-05-27,0.2533330023288727,0.2533330023288727,0.23999999463558197,0.23999999463558197,0.1767725944519043,0
2010-05-28,0.30000001192092896,0.30000001192092896,0.2533330023288727,0.2533330023288727,0.18659307062625885,72000
2010-05-31,0.2533330023288727,0.2533330023288727,0.2533330023288727,0.2533330023288727,0.18659307062625885,60000
2010-06-01,0.2533330023288727,0.2966659963130951,0.2533330023288727,0.2533330023288727,0.18659307062625885,276000
2010-06-02,0.25,0.25666600465774536,0.25,0.25666600465774536,0.18904797732830048,858000
2010-06-03,0.25999999046325684,0.2666659951210022,0.25666600465774536,0.25999999046325684,0.191503643989563,375000
2010-06-04,0.25999999046325684,0.25999999046325684,0.2533330023288727,0.2533330023288727,0.18659307062625885,345000
2010-06-07,0.2533330023288727,0.27333301305770874,0.2533330023288727,0.2533330023288727,0.18659307062625885,210000
2010-06-08,0.2533330023288727,0.25666600465774536,0.2533330023288727,0.2533330023288727,0.18659307062625885,384000
2010-06-09,0.2533330023288727,0.2533330023288727,0.24333299696445465,0.24333299696445465,0.1792275309562683,0
2010-06-10,0.2533330023288727,0.2533330023288727,0.2533330023288727,0.2533330023288727,0.18659307062625885,150000
2010-06-11,0.2533330023288727,0.25999999046325684,0.24666599929332733,0.2533330023288727,0.18659307062625885,990000
2010-06-14,0.2533330023288727,0.2533330023288727,0.2533330023288727,0.2533330023288727,0.18659307062625885,3000
2010-06-15,0.24666599929332733,0.24666599929332733,0.23999999463558197,0.23999999463558197,0.1767725944519043,0
2010-06-17,0.2533330023288727,0.2533330023288727,0.2366659939289093,0.2366659939289093,0.17431692779064178,0
2010-06-18,0.2533330023288727,0.2533330023288727,0.23999999463558197,0.2533330023288727,0.18659307062625885,543000
2010-06-21,0.25,0.2533330023288727,0.25,0.2533330023288727,0.18659307062625885,1590000
2010-06-22,0.2533330023288727,0.2533330023288727,0.25,0.2533330023288727,0.18659307062625885,360000
2010-06-23,0.2533330023288727,0.25666600465774536,0.2533330023288727,0.2533330023288727,0.18659307062625885,1140000
2010-06-24,0.25666600465774536,0.25666600465774536,0.23333300650119781,0.23333300650119781,0.17186200618743896,0
2010-06-25,0.2533330023288727,0.2533330023288727,0.24333299696445465,0.24333299696445465,0.1792275309562683,0
2010-06-28,0.24666599929332733,0.24666599929332733,0.19666600227355957,0.21666599810123444,0.15958590805530548,22980000
2010-06-29,0.20999999344348907,0.22666600346565247,0.2066659927368164,0.2199999988079071,0.1620415449142456,5382000
2010-06-30,0.2199999988079071,0.2199999988079071,0.21666599810123444,0.2199999988079071,0.1620415449142456,627000
2010-07-02,0.21333299577236176,0.21666599810123444,0.19666600227355957,0.21333299577236176,0.15713095664978027,6960000
2010-07-05,0.2066659927368164,0.20999999344348907,0.2066659927368164,0.2066659927368164,0.15222035348415375,597000
2010-07-06,0.20999999344348907,0.22666600346565247,0.2066659927368164,0.20999999344348907,0.15467603504657745,1386000
2010-07-07,0.21333299577236176,0.21333299577236176,0.21333299577236176,0.21333299577236176,0.15713095664978027,1092000
2010-07-08,0.21666599810123444,0.2199999988079071,0.21666599810123444,0.21666599810123444,0.15958590805530548,1173000
2010-07-09,0.21666599810123444,0.22666600346565247,0.20999999344348907,0.21666599810123444,0.15958590805530548,1437000
2010-07-12,0.22333300113677979,0.2533330023288727,0.22333300113677979,0.2366659939289093,0.17431692779064178,4719000
2010-07-13,0.23333300650119781,0.24333299696445465,0.23000000417232513,0.2366659939289093,0.17431692779064178,660000
2010-07-14,0.24333299696445465,0.2633329927921295,0.24333299696445465,0.2533330023288727,0.18659307062625885,4473000
2010-07-15,0.2533330023288727,0.2633329927921295,0.23000000417232513,0.25999999046325684,0.191503643989563,2883000
2010-07-16,0.3199999928474426,0.5466660261154175,0.30333301424980164,0.5466660261154175,0.4026482105255127,186945000
2010-07-19,0.5333330035209656,0.5799999833106995,0.41999998688697815,0.4399999976158142,0.3240830898284912,71997000
2010-07-20,0.4533329904079437,0.47999998927116394,0.4266659915447235,0.4399999976158142,0.3240830898284912,42993000
2010-07-21,0.44666600227355957,0.47999998927116394,0.43333300948143005,0.46666601300239563,0.34372401237487793,27756000
2010-07-22,0.46666601300239563,0.5,0.4533329904079437,0.46000000834465027,0.3388141691684723,20604000
2010-07-23,0.46666601300239563,0.47999998927116394,0.4399999976158142,0.44666600227355957,0.32899296283721924,11613000
2010-07-26,0.4399999976158142,0.4533329904079437,0.4399999976158142,0.4399999976158142,0.3240830898284912,3264000
2010-07-27,0.44666600227355957,0.46000000834465027,0.4399999976158142,0.46000000834465027,0.3388141691684723,4323000
2010-07-28,0.4533329904079437,0.46000000834465027,0.44666600227355957,0.4533329904079437,0.33390355110168457,2199000
2010-07-29,0.46000000834465027,0.46000000834465027,0.4399999976158142,0.4533329904079437,0.33390355110168457,3297000
2010-07-30,0.44666600227355957,0.44666600227355957,0.4399999976158142,0.44666600227355957,0.32899296283721924,2149500
2010-08-02,0.44666600227355957,0.4533329904079437,0.44666600227355957,0.44666600227355957,0.32899296283721924,1929000
2010-08-03,0.44666600227355957,0.5,0.44666600227355957,0.4866659939289093,0.3584550619125366,19734000
2010-08-04,0.49333301186561584,0.49333301186561584,0.46666601300239563,0.4733330011367798,0.34863466024398804,5265000
2010-08-05,0.4733330011367798,0.4733330011367798,0.4533329904079437,0.46000000834465027,0.3388141691684723,2346000
2010-08-06,0.46000000834465027,0.4866659939289093,0.44666600227355957,0.4533329904079437,0.33390355110168457,12549000
2010-08-09,0.4533329904079437,0.46000000834465027,0.4399999976158142,0.44666600227355957,0.32899296283721924,5622000
2010-08-10,0.44666600227355957,0.44666600227355957,0.43333300948143005,0.43333300948143005,0.31917253136634827,9732000
2010-08-11,0.4399999976158142,0.4399999976158142,0.4266659915447235,0.43333300948143005,0.31917253136634827,3018000
2010-08-12,0.4399999976158142,0.4399999976158142,0.41999998688697815,0.4266659915447235,0.31426191329956055,1929000
2010-08-13,0.43333300948143005,0.46666601300239563,0.43333300948143005,0.44666600227355957,0.32899296283721924,7236000
2010-08-16,0.44666600227355957,0.4533329904079437,0.4399999976158142,0.44666600227355957,0.32899296283721924,1989000
2010-08-17,0.44666600227355957,0.44666600227355957,0.41999998688697815,0.4266659915447235,0.31426191329956055,6693000
2010-08-18,0.4266659915447235,0.43333300948143005,0.40666601061820984,0.413332998752594,0.3044414520263672,7801905
2010-08-19,0.41999998688697815,0.4266659915447235,0.413332998752594,0.4266659915447235,0.31426191329956055,5337000
2010-08-20,0.4266659915447235,0.4533329904079437,0.413332998752594,0.41999998688697815,0.3093520700931549,14880000
2010-08-23,0.36000001430511475,0.3666659891605377,0.3233329951763153,0.33000001311302185,0.26864784955978394,10968000
2010-08-24,0.3233329951763153,0.326665997505188,0.3100000023841858,0.31333300471305847,0.255079448223114,2211000
2010-08-25,0.30666598677635193,0.30666598677635193,0.2933329939842224,0.30000001192092896,0.24422530829906464,2850000
2010-08-26,0.2833330035209656,0.2933329939842224,0.2833330035209656,0.2933329939842224,0.23879782855510712,582000
2010-08-27,0.2933329939842224,0.30666598677635193,0.2800000011920929,0.30666598677635193,0.2496519833803177,1065000
2010-08-30,0.30000001192092896,0.30000001192092896,0.28999999165534973,0.28999999165534973,0.23608443140983582,3855000
2010-08-31,0.2800000011920929,0.2933329939842224,0.2800000011920929,0.2933329939842224,0.23879782855510712,3441000
2010-09-01,0.2933329939842224,0.33000001311302185,0.2933329939842224,0.31333300471305847,0.255079448223114,6108000
2010-09-02,0.3233329951763153,0.3233329951763153,0.30666598677635193,0.31666600704193115,0.25779280066490173,7590000
2010-09-03,0.30666598677635193,0.31666600704193115,0.2966659963130951,0.31333300471305847,0.255079448223114,2169000
2010-09-06,0.30000001192092896,0.3233329951763153,0.30000001192092896,0.3199999928474426,0.2605070173740387,1575000
2010-09-07,0.31666600704193115,0.3233329951763153,0.3100000023841858,0.31333300471305847,0.255079448223114,426000
2010-09-08,0.30333301424980164,0.3199999928474426,0.30000001192092896,0.31333300471305847,0.255079448223114,816000
2010-09-09,0.30666598677635193,0.4000000059604645,0.30666598677635193,0.36000001430511475,0.29307040572166443,33483000
2010-09-10,0.36000001430511475,0.3666659891605377,0.33333298563957214,0.34666600823402405,0.2822153866291046,9231000
2010-09-13,0.34666600823402405,0.3666659891605377,0.3400000035762787,0.34666600823402405,0.2822153866291046,3870000
2010-09-14,0.34666600823402405,0.36000001430511475,0.3400000035762787,0.34666600823402405,0.2822153866291046,1320000
2010-09-15,0.3400000035762787,0.34666600823402405,0.33333298563957214,0.3400000035762787,0.2767886519432068,2301000
2010-09-16,0.3400000035762787,0.3400000035762787,0.3233329951763153,0.33000001311302185,0.26864784955978394,1695000
2010-09-17,0.33000001311302185,0.3400000035762787,0.33000001311302185,0.3400000035762787,0.2767886519432068,1047000
2010-09-20,0.33333298563957214,0.3400000035762787,0.326665997505188,0.33000001311302185,0.26864784955978394,726000
2010-09-21,0.3233329951763153,0.34666600823402405,0.3233329951763153,0.3400000035762787,0.2767886519432068,888000
2010-09-22,0.326665997505188,0.36000001430511475,0.326665997505188,0.3533329963684082,0.2876428961753845,2586000
2010-09-24,0.3400000035762787,0.36000001430511475,0.3400000035762787,0.3533329963684082,0.2876428961753845,1404000
2010-09-27,0.36000001430511475,0.36000001430511475,0.3400000035762787,0.34666600823402405,0.2822153866291046,1125000
2010-09-28,0.3400000035762787,0.3400000035762787,0.33000001311302185,0.3400000035762787,0.2767886519432068,1077000
2010-09-29,0.34666600823402405,0.34666600823402405,0.33333298563957214,0.33333298563957214,0.2713611423969269,618000
2010-09-30,0.33000001311302185,0.34666600823402405,0.33000001311302185,0.33333298563957214,0.2713611423969269,357000
2010-10-04,0.33000001311302185,0.34666600823402405,0.33000001311302185,0.34666600823402405,0.2822153866291046,648000
2010-10-05,0.3400000035762787,0.3400000035762787,0.33333298563957214,0.33333298563957214,0.2713611423969269,108000
2010-10-06,0.3400000035762787,0.3400000035762787,0.326665997505188,0.326665997505188,0.26593369245529175,1095000
2010-10-07,0.34666600823402405,0.34666600823402405,0.326665997505188,0.33000001311302185,0.26864784955978394,969000
2010-10-08,0.3400000035762787,0.34666600823402405,0.33333298563957214,0.33333298563957214,0.2713611423969269,729000
2010-10-11,0.33333298563957214,0.34666600823402405,0.33000001311302185,0.33000001311302185,0.26864784955978394,834000
2010-10-12,0.33000001311302185,0.33333298563957214,0.326665997505188,0.33000001311302185,0.26864784955978394,564000
2010-10-13,0.326665997505188,0.33000001311302185,0.326665997505188,0.326665997505188,0.26593369245529175,174000
2010-10-14,0.33333298563957214,0.3799999952316284,0.33333298563957214,0.34666600823402405,0.2822153866291046,10929000
2010-10-15,0.34666600823402405,0.36000001430511475,0.34666600823402405,0.3533329963684082,0.2876428961753845,3123000
2010-10-18,0.3533329963684082,0.3533329963684082,0.3400000035762787,0.3400000035762787,0.2767886519432068,720000
2010-10-19,0.3400000035762787,0.3666659891605377,0.3400000035762787,0.3533329963684082,0.2876428961753845,2784000
2010-10-20,0.34666600823402405,0.36000001430511475,0.3400000035762787,0.36000001430511475,0.29307040572166443,1392000
2010-10-21,0.37333300709724426,0.37333300709724426,0.34666600823402405,0.3533329963684082,0.2876428961753845,1089000
2010-10-22,0.34666600823402405,0.3533329963684082,0.3400000035762787,0.3400000035762787,0.2767886519432068,1584000
2010-10-25,0.34666600823402405,0.34666600823402405,0.33333298563957214,0.3400000035762787,0.2767886519432068,2826000
2010-10-26,0.33333298563957214,0.3533329963684082,0.33000001311302185,0.34666600823402405,0.2822153866291046,2211000
2010-10-27,0.34666600823402405,0.34666600823402405,0.33000001311302185,0.33000001311302185,0.26864784955978394,3150000
2010-10-28,0.3400000035762787,0.3400000035762787,0.33000001311302185,0.33333298563957214,0.2713611423969269,1818000
2010-10-29,0.33000001311302185,0.33000001311302185,0.326665997505188,0.33000001311302185,0.26864784955978394,957000
2010-11-01,0.33333298563957214,0.33333298563957214,0.33000001311302185,0.33333298563957214,0.2713611423969269,411000
2010-11-02,0.33000001311302185,0.33333298563957214,0.326665997505188,0.326665997505188,0.26593369245529175,1356000
2010-11-03,0.33333298563957214,0.33333298563957214,0.326665997505188,0.326665997505188,0.26593369245529175,780000
2010-11-04,0.326665997505188,0.33000001311302185,0.3233329951763153,0.33000001311302185,0.26864784955978394,3264000
2010-11-05,0.33000001311302185,0.33000001311302185,0.3233329951763153,0.3233329951763153,0.26322034001350403,4797000
2010-11-08,0.3233329951763153,0.326665997505188,0.3199999928474426,0.3199999928474426,0.2605070173740387,1794952
2010-11-09,0.3199999928474426,0.33333298563957214,0.3199999928474426,0.33333298563957214,0.2713611423969269,1278000
2010-11-10,0.33000001311302185,0.33000001311302185,0.326665997505188,0.326665997505188,0.26593369245529175,909000
2010-11-11,0.33333298563957214,0.33333298563957214,0.33000001311302185,0.33000001311302185,0.26864784955978394,294000
2010-11-12,0.326665997505188,0.3400000035762787,0.3199999928474426,0.326665997505188,0.26593369245529175,2190000
2010-11-15,0.33333298563957214,0.33333298563957214,0.3199999928474426,0.3199999928474426,0.2605070173740387,1407000
2010-11-16,0.3199999928474426,0.3233329951763153,0.31333300471305847,0.3233329951763153,0.26322034001350403,672000
2010-11-17,0.3199999928474426,0.3233329951763153,0.31333300471305847,0.31333300471305847,0.255079448223114,300000
2010-11-18,0.31333300471305847,0.3199999928474426,0.31333300471305847,0.31333300471305847,0.255079448223114,597000
2010-11-19,0.326665997505188,0.326665997505188,0.31666600704193115,0.3199999928474426,0.2605070173740387,861000
2010-11-22,0.3199999928474426,0.3199999928474426,0.31333300471305847,0.31666600704193115,0.25779280066490173,675000
2010-11-23,0.3100000023841858,0.3100000023841858,0.30000001192092896,0.30333301424980164,0.24693867564201355,1287000
2010-11-24,0.3400000035762787,0.3400000035762787,0.30666598677635193,0.30666598677635193,0.2496519833803177,717000
2010-11-25,0.31333300471305847,0.3233329951763153,0.31333300471305847,0.3199999928474426,0.2605070173740387,3840000
2010-11-26,0.3233329951763153,0.413332998752594,0.3233329951763153,0.37333300709724426,0.3039245307445526,73161000
2010-11-29,0.3799999952316284,0.4399999976158142,0.3666659891605377,0.43333300948143005,0.3527696132659912,54420000
2010-11-30,0.43333300948143005,0.4866659939289093,0.43333300948143005,0.4399999976158142,0.3581971228122711,50436000
2010-12-01,0.44666600227355957,0.44666600227355957,0.41999998688697815,0.43333300948143005,0.3527696132659912,12528000
2010-12-02,0.43333300948143005,0.44666600227355957,0.413332998752594,0.413332998752594,0.33648794889450073,9327000
2010-12-03,0.413332998752594,0.4266659915447235,0.3799999952316284,0.413332998752594,0.33648794889450073,8541000
2010-12-06,0.41999998688697815,0.4266659915447235,0.4000000059604645,0.4000000059604645,0.3256337344646454,2790000
2010-12-07,0.39333298802375793,0.413332998752594,0.3866659998893738,0.40666601061820984,0.3310604393482208,8034000
2010-12-08,0.41999998688697815,0.41999998688697815,0.4000000059604645,0.4000000059604645,0.3256337344646454,1920000
2010-12-09,0.4000000059604645,0.4733330011367798,0.4000000059604645,0.46666601300239563,0.37990549206733704,21306000
2010-12-10,0.4733330011367798,0.5466660261154175,0.4533329904079437,0.5199999809265137,0.4233238399028778,70839000
2010-12-13,0.5066660046577454,0.5466660261154175,0.5,0.5066660046577454,0.41246888041496277,30627000
2010-12-14,0.5,0.5133330225944519,0.4533329904079437,0.46000000834465027,0.3744787871837616,20964000
2010-12-15,0.39333298802375793,0.40666601061820984,0.36000001430511475,0.37333300709724426,0.3039245307445526,66240000
2010-12-16,0.37333300709724426,0.37333300709724426,0.3400000035762787,0.34666600823402405,0.2822153866291046,27759000
2010-12-17,0.3400000035762787,0.36000001430511475,0.3400000035762787,0.34666600823402405,0.2822153866291046,8268000
2010-12-20,0.34666600823402405,0.3533329963684082,0.3199999928474426,0.3233329951763153,0.26322034001350403,14148000
2010-12-21,0.3199999928474426,0.3400000035762787,0.31666600704193115,0.33000001311302185,0.26864784955978394,6840000
2010-12-22,0.33000001311302185,0.33000001311302185,0.3233329951763153,0.326665997505188,0.26593369245529175,2343000
2010-12-23,0.326665997505188,0.33000001311302185,0.3233329951763153,0.3233329951763153,0.26322034001350403,2205000
2010-12-24,0.326665997505188,0.326665997505188,0.3199999928474426,0.326665997505188,0.26593369245529175,594000
2010-12-28,0.326665997505188,0.326665997505188,0.31666600704193115,0.3233329951763153,0.26322034001350403,2910000
2010-12-29,0.3199999928474426,0.326665997505188,0.3199999928474426,0.326665997505188,0.26593369245529175,2628000
2010-12-30,0.3199999928474426,0.3199999928474426,0.31333300471305847,0.31333300471305847,0.2567037343978882,1779000
2010-12-31,0.3233329951763153,0.326665997505188,0.31666600704193115,0.3233329951763153,0.2648964822292328,711000
2011-01-03,0.33000001311302185,0.3400000035762787,0.33000001311302185,0.33333298563957214,0.27308914065361023,3561000
2011-01-04,0.3400000035762787,0.3799999952316284,0.3400000035762787,0.36000001430511475,0.2949365973472595,20082000
2011-01-05,0.36000001430511475,0.36000001430511475,0.3400000035762787,0.3533329963684082,0.2894745469093323,5721000
2011-01-06,0.3533329963684082,0.3533329963684082,0.3400000035762787,0.3400000035762787,0.27855125069618225,2331000
2011-01-07,0.3400000035762787,0.34666600823402405,0.33333298563957214,0.3400000035762787,0.27855125069618225,2190000
2011-01-10,0.33333298563957214,0.3400000035762787,0.33333298563957214,0.33333298563957214,0.27308914065361023,1329000
2011-01-11,0.33333298563957214,0.3400000035762787,0.33333298563957214,0.33333298563957214,0.27308914065361023,480000
2011-01-12,0.33333298563957214,0.34666600823402405,0.33333298563957214,0.34666600823402405,0.2840125262737274,3441000
2011-01-13,0.34666600823402405,0.34666600823402405,0.33333298563957214,0.3400000035762787,0.27855125069618225,2388000
2011-01-14,0.3400000035762787,0.3400000035762787,0.33333298563957214,0.33333298563957214,0.27308914065361023,2019000
2011-01-17,0.326665997505188,0.33333298563957214,0.326665997505188,0.33333298563957214,0.27308914065361023,699000
2011-01-18,0.326665997505188,0.33333298563957214,0.326665997505188,0.33000001311302185,0.2703585624694824,1104000
2011-01-19,0.33000001311302185,0.33000001311302185,0.326665997505188,0.33000001311302185,0.2703585624694824,1119000
2011-01-20,0.326665997505188,0.326665997505188,0.3233329951763153,0.326665997505188,0.26762712001800537,1332000
2011-01-21,0.3199999928474426,0.33000001311302185,0.3199999928474426,0.33000001311302185,0.2703585624694824,378000
2011-01-24,0.33000001311302185,0.33000001311302185,0.3199999928474426,0.3233329951763153,0.2648964822292328,558000
2011-01-25,0.3233329951763153,0.3233329951763153,0.31666600704193115,0.31666600704193115,0.25943440198898315,843000
2011-01-26,0.3233329951763153,0.326665997505188,0.31333300471305847,0.31666600704193115,0.25943440198898315,1311000
2011-01-27,0.3199999928474426,0.326665997505188,0.3199999928474426,0.3233329951763153,0.2648964822292328,813000
2011-01-28,0.3233329951763153,0.326665997505188,0.31666600704193115,0.326665997505188,0.26762712001800537,924000
2011-01-31,0.3199999928474426,0.3199999928474426,0.31666600704193115,0.3199999928474426,0.2621658444404602,645000
2011-02-01,0.31666600704193115,0.33333298563957214,0.31333300471305847,0.3199999928474426,0.2621658444404602,9261000
2011-02-02,0.3233329951763153,0.33000001311302185,0.3199999928474426,0.33000001311302185,0.2703585624694824,615000
2011-02-07,0.33000001311302185,0.33000001311302185,0.3233329951763153,0.3233329951763153,0.2648964822292328,873000
2011-02-08,0.31666600704193115,0.33000001311302185,0.31666600704193115,0.326665997505188,0.26762712001800537,348000
2011-02-09,0.3233329951763153,0.326665997505188,0.3199999928474426,0.3199999928474426,0.2621658444404602,855000
2011-02-10,0.31666600704193115,0.3233329951763153,0.31333300471305847,0.3233329951763153,0.2648964822292328,1347000
2011-02-11,0.31666600704193115,0.31666600704193115,0.31333300471305847,0.31333300471305847,0.2567037343978882,336000
2011-02-14,0.31333300471305847,0.3199999928474426,0.30666598677635193,0.31666600704193115,0.25943440198898315,2046000
2011-02-15,0.31666600704193115,0.31666600704193115,0.30666598677635193,0.31333300471305847,0.2567037343978882,375000
2011-02-16,0.30333301424980164,0.31333300471305847,0.30333301424980164,0.31333300471305847,0.2567037343978882,1317000
2011-02-17,0.31333300471305847,0.31666600704193115,0.30666598677635193,0.31333300471305847,0.2567037343978882,726000
2011-02-18,0.31666600704193115,0.3233329951763153,0.31333300471305847,0.3199999928474426,0.2621658444404602,990000
2011-02-21,0.3233329951763153,0.3233329951763153,0.30666598677635193,0.3100000023841858,0.25397321581840515,504000
2011-02-22,0.30666598677635193,0.30666598677635193,0.2966659963130951,0.30666598677635193,0.2512417435646057,1623000
2011-02-23,0.31666600704193115,0.30666598677635193,0.30333301424980164,0.30333301424980164,0.24851113557815552,285000
2011-02-24,0.30666598677635193,0.30666598677635193,0.27000001072883606,0.28999999165534973,0.2375878095626831,1806000
2011-02-25,0.28666600584983826,0.30333301424980164,0.28666600584983826,0.30000001192092896,0.24578051269054413,945000
2011-02-28,0.30666598677635193,0.30666598677635193,0.2800000011920929,0.2833330035209656,0.23212572932243347,219000
2011-03-01,0.2833330035209656,0.30000001192092896,0.2833330035209656,0.2966659963130951,0.24304907023906708,1395000
2011-03-02,0.28666600584983826,0.2933329939842224,0.28666600584983826,0.28666600584983826,0.23485633730888367,360000
2011-03-03,0.2933329939842224,0.2933329939842224,0.28666600584983826,0.2933329939842224,0.2403184473514557,225000
2011-03-04,0.2966659963130951,0.2966659963130951,0.2933329939842224,0.2933329939842224,0.2403184473514557,435000
2011-03-07,0.2966659963130951,0.30333301424980164,0.2966659963130951,0.30333301424980164,0.24851113557815552,2070000
2011-03-08,0.30333301424980164,0.30333301424980164,0.30000001192092896,0.30000001192092896,0.24578051269054413,255000
2011-03-09,0.2933329939842224,0.33000001311302185,0.2933329939842224,0.3199999928474426,0.2621658444404602,4359000
2011-03-10,0.31333300471305847,0.3199999928474426,0.30666598677635193,0.31666600704193115,0.25943440198898315,1560000
2011-03-11,0.30666598677635193,0.3199999928474426,0.30000001192092896,0.3100000023841858,0.25397321581840515,4269000
2011-03-14,0.30000001192092896,0.30000001192092896,0.2933329939842224,0.30000001192092896,0.24578051269054413,318000
2011-03-15,0.30000001192092896,0.30000001192092896,0.27666598558425903,0.2800000011920929,0.22939512133598328,3615000
2011-03-16,0.2800000011920929,0.28666600584983826,0.27666598558425903,0.28666600584983826,0.23485633730888367,771000
2011-03-17,0.27333301305770874,0.27333301305770874,0.25666600465774536,0.2666659951210022,0.21847102046012878,4953000
2011-03-18,0.28999999165534973,0.28999999165534973,0.2633329927921295,0.27333301305770874,0.22393308579921722,5160000
2011-03-21,0.28666600584983826,0.28666600584983826,0.27666598558425903,0.2800000011920929,0.22939512133598328,621000
2011-03-22,0.2800000011920929,0.2800000011920929,0.2800000011920929,0.2800000011920929,0.22939512133598328,75000
2011-03-23,0.2800000011920929,0.2833330035209656,0.2633329927921295,0.2800000011920929,0.22939512133598328,378000
2011-03-24,0.30000001192092896,0.30666598677635193,0.2800000011920929,0.28666600584983826,0.23485633730888367,7050000
2011-03-25,0.30000001192092896,0.30000001192092896,0.27666598558425903,0.2800000011920929,0.22939512133598328,2052000
2011-03-28,0.27000001072883606,0.27333301305770874,0.27000001072883606,0.27333301305770874,0.22393308579921722,882000
2011-03-29,0.27333301305770874,0.27666598558425903,0.2666659951210022,0.27333301305770874,0.22393308579921722,216000
2011-03-30,0.2800000011920929,0.2800000011920929,0.27000001072883606,0.2800000011920929,0.22939512133598328,990000
2011-03-31,0.27000001072883606,0.27000001072883606,0.27000001072883606,0.27000001072883606,0.22120247781276703,30000
2011-04-01,0.27333301305770874,0.28666600584983826,0.27333301305770874,0.2800000011920929,0.22939512133598328,693000
2011-04-04,0.2800000011920929,0.2833330035209656,0.2666659951210022,0.2800000011920929,0.22939512133598328,843000
2011-04-06,0.27333301305770874,0.2966659963130951,0.27333301305770874,0.28666600584983826,0.23485633730888367,1737000
2011-04-07,0.30333301424980164,0.30333301424980164,0.28666600584983826,0.28999999165534973,0.2375878095626831,507000
2011-04-08,0.30000001192092896,0.30000001192092896,0.2833330035209656,0.28666600584983826,0.23485633730888367,1596000
2011-04-11,0.28666600584983826,0.2933329939842224,0.27666598558425903,0.28999999165534973,0.2375878095626831,573000
2011-04-12,0.2966659963130951,0.2966659963130951,0.2800000011920929,0.28999999165534973,0.2375878095626831,333000
2011-04-13,0.28999999165534973,0.28999999165534973,0.28666600584983826,0.28999999165534973,0.2375878095626831,240000
2011-04-14,0.28999999165534973,0.28999999165534973,0.2833330035209656,0.28999999165534973,0.2375878095626831,789000
2011-04-15,0.2933329939842224,0.2933329939842224,0.2833330035209656,0.2933329939842224,0.2403184473514557,357000
2011-04-18,0.30666598677635193,0.30666598677635193,0.28999999165534973,0.2933329939842224,0.2403184473514557,876000
2011-04-19,0.2933329939842224,0.2933329939842224,0.2800000011920929,0.2933329939842224,0.2403184473514557,336000
2011-04-20,0.3100000023841858,0.3100000023841858,0.28666600584983826,0.30000001192092896,0.24578051269054413,666000
2011-04-21,0.30333301424980164,0.30333301424980164,0.28999999165534973,0.2966659963130951,0.24304907023906708,336000
2011-04-26,0.30333301424980164,0.30333301424980164,0.2966659963130951,0.30000001192092896,0.24578051269054413,300000
2011-04-27,0.30666598677635193,0.30666598677635193,0.28666600584983826,0.2933329939842224,0.2403184473514557,696000
2011-04-28,0.2833330035209656,0.2833330035209656,0.2833330035209656,0.28666600584983826,0.23485633730888367,180000
2011-04-29,0.2833330035209656,0.2933329939842224,0.27666598558425903,0.28999999165534973,0.2375878095626831,369000
2011-05-03,0.30000001192092896,0.30000001192092896,0.28999999165534973,0.2933329939842224,0.2403184473514557,579000
2011-05-04,0.2933329939842224,0.2933329939842224,0.2933329939842224,0.2933329939842224,0.2403184473514557,0
2011-05-05,0.3199999928474426,0.3199999928474426,0.28666600584983826,0.28666600584983826,0.23485633730888367,378000
2011-05-06,0.31333300471305847,0.31333300471305847,0.28666600584983826,0.2933329939842224,0.2403184473514557,129000
2011-05-09,0.2933329939842224,0.2933329939842224,0.28666600584983826,0.2933329939842224,0.2403184473514557,345000
2011-05-11,0.2800000011920929,0.2933329939842224,0.2800000011920929,0.2800000011920929,0.22939512133598328,207000
2011-05-12,0.2933329939842224,0.2933329939842224,0.28666600584983826,0.28666600584983826,0.23485633730888367,189000
2011-05-13,0.2800000011920929,0.30333301424980164,0.2800000011920929,0.30333301424980164,0.24851113557815552,759000
2011-05-16,0.30333301424980164,0.30333301424980164,0.2833330035209656,0.2933329939842224,0.2403184473514557,297000
2011-05-17,0.2833330035209656,0.2933329939842224,0.2800000011920929,0.2833330035209656,0.23212572932243347,474000
2011-05-18,0.28999999165534973,0.30000001192092896,0.2833330035209656,0.2933329939842224,0.2403184473514557,2514000
2011-05-19,0.2933329939842224,0.30000001192092896,0.2833330035209656,0.28999999165534973,0.2375878095626831,192000
2011-05-20,0.28666600584983826,0.28666600584983826,0.27333301305770874,0.2833330035209656,0.23212572932243347,2553000
2011-05-23,0.2833330035209656,0.2833330035209656,0.2833330035209656,0.2833330035209656,0.23212572932243347,30000
2011-05-24,0.27666598558425903,0.28666600584983826,0.27666598558425903,0.28666600584983826,0.23485633730888367,63000
2011-05-25,0.27333301305770874,0.27666598558425903,0.27000001072883606,0.2833330035209656,0.23212572932243347,117000
2011-05-26,0.2833330035209656,0.2833330035209656,0.2666659951210022,0.27666598558425903,0.22666366398334503,81000
2011-05-27,0.27666598558425903,0.27666598558425903,0.27000001072883606,0.27333301305770874,0.22393308579921722,615000
2011-05-30,0.27333301305770874,0.27333301305770874,0.27333301305770874,0.2800000011920929,0.22939512133598328,2586000
2011-05-31,0.27333301305770874,0.2800000011920929,0.2666659951210022,0.2800000011920929,0.22939512133598328,1023000
2011-06-01,0.27000001072883606,0.2800000011920929,0.27000001072883606,0.2800000011920929,0.22939512133598328,633000
2011-06-02,0.2666659951210022,0.27333301305770874,0.2666659951210022,0.27333301305770874,0.22393308579921722,168000
2011-06-03,0.2666659951210022,0.27333301305770874,0.2666659951210022,0.27333301305770874,0.22393308579921722,150000
2011-06-07,0.27333301305770874,0.27333301305770874,0.27333301305770874,0.27333301305770874,0.22393308579921722,0
2011-06-08,0.27333301305770874,0.27333301305770874,0.2666659951210022,0.2666659951210022,0.21847102046012878,255000
2011-06-09,0.2666659951210022,0.2666659951210022,0.25999999046325684,0.2666659951210022,0.21847102046012878,192000
2011-06-10,0.27333301305770874,0.27333301305770874,0.27333301305770874,0.27333301305770874,0.22393308579921722,3000
2011-06-13,0.25666600465774536,0.2666659951210022,0.25666600465774536,0.2666659951210022,0.21847102046012878,39000
2011-06-14,0.25666600465774536,0.2666659951210022,0.25666600465774536,0.2666659951210022,0.21847102046012878,417000
2011-06-15,0.2666659951210022,0.2666659951210022,0.2666659951210022,0.2666659951210022,0.21847102046012878,0
2011-06-16,0.25666600465774536,0.25666600465774536,0.25,0.2533330023288727,0.20754770934581757,675000
2011-06-17,0.2533330023288727,0.2533330023288727,0.24333299696445465,0.2533330023288727,0.20754770934581757,246000
2011-06-20,0.2666659951210022,0.2666659951210022,0.2666659951210022,0.25999999046325684,0.2130097597837448,27000
2011-06-21,0.24666599929332733,0.24666599929332733,0.24666599929332733,0.2633329927921295,0.2157403975725174,18000
2011-06-22,0.2633329927921295,0.2633329927921295,0.2633329927921295,0.2633329927921295,0.2157403975725174,0
2011-06-23,0.2666659951210022,0.2666659951210022,0.24666599929332733,0.2666659951210022,0.21847102046012878,90000
2011-06-24,0.2666659951210022,0.2666659951210022,0.2666659951210022,0.2666659951210022,0.21847102046012878,3000
2011-06-27,0.24666599929332733,0.2533330023288727,0.24666599929332733,0.2533330023288727,0.20754770934581757,285000
2011-06-28,0.25666600465774536,0.25666600465774536,0.25666600465774536,0.2533330023288727,0.20754770934581757,3000
2011-06-29,0.25,0.2533330023288727,0.24666599929332733,0.25,0.20481708645820618,522000
2011-06-30,0.24333299696445465,0.24666599929332733,0.23999999463558197,0.24666599929332733,0.20208562910556793,450000
2011-07-04,0.23999999463558197,0.2633329927921295,0.2366659939289093,0.25666600465774536,0.21027830243110657,204000
2011-07-05,0.25666600465774536,0.2666659951210022,0.25666600465774536,0.25666600465774536,0.21027830243110657,171000
2011-07-06,0.2800000011920929,0.31333300471305847,0.2666659951210022,0.2933329939842224,0.2403184473514557,8802000
2011-07-07,0.30333301424980164,0.30666598677635193,0.2800000011920929,0.2833330035209656,0.23212572932243347,2955000
2011-07-08,0.2966659963130951,0.30000001192092896,0.2833330035209656,0.2833330035209656,0.23212572932243347,1413000
2011-07-11,0.2800000011920929,0.28666600584983826,0.2800000011920929,0.28666600584983826,0.23485633730888367,531000
2011-07-12,0.2800000011920929,0.2800000011920929,0.2666659951210022,0.27000001072883606,0.22120247781276703,1323000
2011-07-13,0.2966659963130951,0.2966659963130951,0.27333301305770874,0.2833330035209656,0.23212572932243347,462000
2011-07-14,0.2833330035209656,0.2833330035209656,0.27333301305770874,0.2800000011920929,0.22939512133598328,1296000
2011-07-15,0.2666659951210022,0.2800000011920929,0.2666659951210022,0.27333301305770874,0.22393308579921722,558000
2011-07-18,0.25999999046325684,0.25999999046325684,0.22666600346565247,0.23000000417232513,0.1884317249059677,6675000
2011-07-19,0.23000000417232513,0.23000000417232513,0.19666600227355957,0.20999999344348907,0.17204633355140686,4239000
2011-07-20,0.21666599810123444,0.21666599810123444,0.20000000298023224,0.20999999344348907,0.17204633355140686,2637000
2011-07-21,0.2066659927368164,0.2066659927368164,0.1933329999446869,0.19666600227355957,0.16112223267555237,2055000
2011-07-22,0.19666600227355957,0.2199999988079071,0.19666600227355957,0.21666599810123444,0.17750759422779083,5184000
2011-07-25,0.21333299577236176,0.21666599810123444,0.2066659927368164,0.21333299577236176,0.17477695643901825,1128000
2011-07-26,0.20333300530910492,0.20999999344348907,0.20000000298023224,0.20999999344348907,0.17204633355140686,1845000
2011-07-27,0.2066659927368164,0.20999999344348907,0.2066659927368164,0.2066659927368164,0.169314906001091,396000
2011-07-28,0.2066659927368164,0.2066659927368164,0.20333300530910492,0.20333300530910492,0.16658426821231842,804000
2011-07-29,0.20000000298023224,0.20333300530910492,0.20000000298023224,0.20000000298023224,0.16385364532470703,408000
2011-08-01,0.20000000298023224,0.2066659927368164,0.20000000298023224,0.20333300530910492,0.16658426821231842,1512000
2011-08-02,0.20000000298023224,0.2066659927368164,0.20000000298023224,0.20000000298023224,0.16385364532470703,597000
2011-08-03,0.20333300530910492,0.20333300530910492,0.19666600227355957,0.19666600227355957,0.16112223267555237,321000
2011-08-04,0.19666600227355957,0.19666600227355957,0.1933329999446869,0.1933329999446869,0.15839162468910217,105000
2011-08-05,0.18666599690914154,0.1933329999446869,0.18333299458026886,0.1933329999446869,0.15839162468910217,1065000
2011-08-08,0.16666600108146667,0.18000000715255737,0.16666600108146667,0.18000000715255737,0.14746829867362976,324000
2011-08-09,0.18000000715255737,0.18000000715255737,0.16599999368190765,0.18000000715255737,0.14746829867362976,1176000
2011-08-10,0.18666599690914154,0.18666599690914154,0.18000000715255737,0.18000000715255737,0.14746829867362976,975000
2011-08-11,0.17000000178813934,0.20000000298023224,0.17000000178813934,0.1933329999446869,0.15839162468910217,174000
2011-08-12,0.19666600227355957,0.19666600227355957,0.1766660064458847,0.1766660064458847,0.14473684132099152,315000
2011-08-15,0.18666599690914154,0.19666600227355957,0.17333300411701202,0.19666600227355957,0.16112223267555237,240000
2011-08-16,0.1766660064458847,0.19666600227355957,0.1766660064458847,0.1933329999446869,0.15839162468910217,903000
2011-08-17,0.1933329999446869,0.1933329999446869,0.1933329999446869,0.1933329999446869,0.15839162468910217,3000
2011-08-18,0.1933329999446869,0.1933329999446869,0.18666599690914154,0.18666599690914154,0.15292955935001373,780000
2011-08-19,0.1766660064458847,0.18333299458026886,0.17333300411701202,0.18333299458026886,0.15019890666007996,1743000
2011-08-22,0.16666600108146667,0.18000000715255737,0.1599999964237213,0.18000000715255737,0.14746829867362976,570000
2011-08-23,0.18000000715255737,0.18000000715255737,0.18000000715255737,0.18000000715255737,0.14746829867362976,0
2011-08-24,0.18000000715255737,0.18000000715255737,0.18000000715255737,0.18000000715255737,0.14746829867362976,0
2011-08-25,0.18000000715255737,0.20000000298023224,0.17333300411701202,0.1766660064458847,0.14473684132099152,1053000
2011-08-26,0.1766660064458847,0.1766660064458847,0.17333300411701202,0.17333300411701202,0.1420062631368637,222000
2011-08-29,0.17333300411701202,0.17333300411701202,0.17333300411701202,0.1933329999446869,0.15839162468910217,36000
2011-08-30,0.17333300411701202,0.19666600227355957,0.17333300411701202,0.1933329999446869,0.15839162468910217,81000
2011-08-31,0.18000000715255737,0.1933329999446869,0.18000000715255737,0.1933329999446869,0.15839162468910217,303000
2011-09-01,0.1933329999446869,0.20000000298023224,0.18666599690914154,0.1933329999446869,0.15839162468910217,1281000
2011-09-02,0.1899999976158142,0.20333300530910492,0.1899999976158142,0.20333300530910492,0.16658426821231842,2229000
2011-09-05,0.1933329999446869,0.1933329999446869,0.18666599690914154,0.18666599690914154,0.15292955935001373,1530000
2011-09-06,0.1933329999446869,0.19666600227355957,0.18666599690914154,0.1899999976158142,0.1556609869003296,4215000
2011-09-07,0.1899999976158142,0.1899999976158142,0.18666599690914154,0.18666599690914154,0.15292955935001373,765000
2011-09-08,0.18666599690914154,0.18666599690914154,0.18666599690914154,0.18666599690914154,0.15292955935001373,57000
2011-09-09,0.18666599690914154,0.1933329999446869,0.18666599690914154,0.1899999976158142,0.1556609869003296,333000
2011-09-12,0.1933329999446869,0.1933329999446869,0.17333300411701202,0.1766660064458847,0.14473684132099152,2148000
2011-09-14,0.18666599690914154,0.18666599690914154,0.1766660064458847,0.18333299458026886,0.15019890666007996,1371000
2011-09-15,0.18333299458026886,0.18333299458026886,0.17333300411701202,0.18000000715255737,0.14746829867362976,255000
2011-09-16,0.18333299458026886,0.18666599690914154,0.18333299458026886,0.18333299458026886,0.15019890666007996,1737000
2011-09-19,0.18333299458026886,0.18333299458026886,0.18333299458026886,0.18333299458026886,0.15019890666007996,60000
2011-09-20,0.18333299458026886,0.18333299458026886,0.18000000715255737,0.18000000715255737,0.14746829867362976,468000
2011-09-21,0.17333300411701202,0.18666599690914154,0.17333300411701202,0.18000000715255737,0.14746829867362976,1062000
2011-09-22,0.18000000715255737,0.18000000715255737,0.16066600382328033,0.17000000178813934,0.13927562534809113,2967000
2011-09-23,0.17000000178813934,0.17000000178813934,0.17000000178813934,0.17000000178813934,0.13927562534809113,0
2011-09-26,0.1593330055475235,0.1599999964237213,0.14733299612998962,0.1599999964237213,0.1310829222202301,1632000
2011-09-27,0.1599999964237213,0.1599999964237213,0.1593330055475235,0.1593330055475235,0.13053646683692932,660000
2011-09-28,0.14866599440574646,0.1599999964237213,0.14866599440574646,0.15600000321865082,0.12780584394931793,558000
2011-09-30,0.14866599440574646,0.14866599440574646,0.14733299612998962,0.14866599440574646,0.1217973455786705,378000
2011-10-03,0.14000000059604645,0.14866599440574646,0.13866600394248962,0.14933300018310547,0.12234382331371307,1443000
2011-10-04,0.13600000739097595,0.13866600394248962,0.1333329975605011,0.1333329975605011,0.10923551023006439,744000
2011-10-06,0.1333329975605011,0.1333329975605011,0.1333329975605011,0.1333329975605011,0.10923551023006439,6075000
2011-10-07,0.1333329975605011,0.1333329975605011,0.13266600668430328,0.1333329975605011,0.10923551023006439,2592000
2011-10-10,0.1333329975605011,0.15199999511241913,0.1333329975605011,0.15199999511241913,0.12452878803014755,489000
2011-10-11,0.15199999511241913,0.18000000715255737,0.15199999511241913,0.1593330055475235,0.13053646683692932,852000
2011-10-12,0.17000000178813934,0.1766660064458847,0.17000000178813934,0.17333300411701202,0.1420062631368637,123000
2011-10-13,0.17000000178813934,0.17000000178813934,0.154666006565094,0.1599999964237213,0.1310829222202301,1050000
2011-10-14,0.1599999964237213,0.1599999964237213,0.1599999964237213,0.1599999964237213,0.1310829222202301,0
2011-10-17,0.16666600108146667,0.16666600108146667,0.16666600108146667,0.16666600108146667,0.13654418289661407,3000
2011-10-18,0.15000000596046448,0.15199999511241913,0.14133299887180328,0.15199999511241913,0.12452878803014755,144000
2011-10-19,0.14066599309444427,0.14066599309444427,0.14066599309444427,0.154666006565094,0.12671296298503876,45000
2011-10-20,0.154666006565094,0.154666006565094,0.14266599714756012,0.14533300697803497,0.11906672269105911,138000
2011-10-21,0.16666600108146667,0.16666600108146667,0.16666600108146667,0.163332998752594,0.13381356000900269,150000
2011-10-24,0.163332998752594,0.163332998752594,0.1599999964237213,0.1599999964237213,0.1310829222202301,153000
2011-10-25,0.15333299338817596,0.15333299338817596,0.15333299338817596,0.16266599297523499,0.1332671046257019,30000
2011-10-26,0.1599999964237213,0.1599999964237213,0.1599999964237213,0.15333299338817596,0.12562087178230286,3000
2011-10-27,0.1599999964237213,0.18000000715255737,0.15666599571704865,0.16666600108146667,0.13654418289661407,711000
2011-10-28,0.18000000715255737,0.18000000715255737,0.163332998752594,0.17000000178813934,0.13927562534809113,798000
2011-10-31,0.1933329999446869,0.1933329999446869,0.16133299469947815,0.16666600108146667,0.13654418289661407,66000
2011-11-01,0.16666600108146667,0.16666600108146667,0.16666600108146667,0.16666600108146667,0.13654418289661407,0
2011-11-02,0.1766660064458847,0.1766660064458847,0.1766660064458847,0.1766660064458847,0.14473684132099152,3000
2011-11-03,0.16666600108146667,0.16666600108146667,0.16666600108146667,0.16666600108146667,0.13654418289661407,33000
2011-11-04,0.16666600108146667,0.16666600108146667,0.16666600108146667,0.16666600108146667,0.13654418289661407,0
2011-11-07,0.163332998752594,0.16666600108146667,0.15333299338817596,0.16533300280570984,0.13545210659503937,234000
2011-11-08,0.16666600108146667,0.1766660064458847,0.1599999964237213,0.16266599297523499,0.1332671046257019,1062000
2011-11-09,0.16666600108146667,0.17000000178813934,0.16666600108146667,0.17000000178813934,0.13927562534809113,459000
2011-11-10,0.17000000178813934,0.17000000178813934,0.17000000178813934,0.17000000178813934,0.13927562534809113,0
2011-11-11,0.15333299338817596,0.1599999964237213,0.15333299338817596,0.1599999964237213,0.1310829222202301,369000
2011-11-14,0.1933329999446869,0.1933329999446869,0.15333299338817596,0.15666599571704865,0.12835146486759186,849000
2011-11-15,0.14733299612998962,0.16266599297523499,0.1466660052537918,0.16266599297523499,0.1332671046257019,891000
2011-11-16,0.16266599297523499,0.16266599297523499,0.16266599297523499,0.16266599297523499,0.1332671046257019,0
2011-11-17,0.13533300161361694,0.154666006565094,0.13533300161361694,0.1513330042362213,0.12398231774568558,108000
2011-11-18,0.14133299887180328,0.14466600120067596,0.14000000059604645,0.14466600120067596,0.11852025985717773,660000
2011-11-21,0.16200000047683716,0.16200000047683716,0.16200000047683716,0.16200000047683716,0.1327214539051056,3000
2011-11-22,0.16200000047683716,0.16200000047683716,0.16200000047683716,0.16200000047683716,0.1327214539051056,0
2011-11-23,0.16200000047683716,0.16200000047683716,0.16200000047683716,0.16200000047683716,0.1327214539051056,0
2011-11-24,0.16200000047683716,0.16200000047683716,0.16200000047683716,0.16200000047683716,0.1327214539051056,0
2011-11-25,0.16200000047683716,0.16200000047683716,0.16200000047683716,0.16200000047683716,0.1327214539051056,0
2011-11-28,0.1599999964237213,0.1599999964237213,0.1586659997701645,0.1593330055475235,0.13053646683692932,747000
2011-11-29,0.17000000178813934,0.18666599690914154,0.163332998752594,0.16466599702835083,0.1349056214094162,5307000
2011-11-30,0.16466599702835083,0.17333300411701202,0.16066600382328033,0.16533300280570984,0.13545210659503937,1863000
2011-12-01,0.1766660064458847,0.1766660064458847,0.15199999511241913,0.1593330055475235,0.13053646683692932,7374000
2011-12-02,0.1586659997701645,0.16599999368190765,0.15800000727176666,0.16599999368190765,0.13599853217601776,2724000
2011-12-05,0.15733300149440765,0.16599999368190765,0.15733300149440765,0.16599999368190765,0.13599853217601776,945000
2011-12-06,0.16666600108146667,0.16666600108146667,0.16666600108146667,0.16466599702835083,0.1349056214094162,75000
2011-12-07,0.17333300411701202,0.17333300411701202,0.15666599571704865,0.16133299469947815,0.1321749985218048,2682000
2011-12-08,0.16133299469947815,0.16666600108146667,0.16133299469947815,0.16666600108146667,0.13654418289661407,543000
2011-12-09,0.163332998752594,0.17333300411701202,0.163332998752594,0.16599999368190765,0.13599853217601776,2034000
2011-12-12,0.17333300411701202,0.17333300411701202,0.16666600108146667,0.17000000178813934,0.13927562534809113,528000
2011-12-13,0.16666600108146667,0.17000000178813934,0.163332998752594,0.17000000178813934,0.13927562534809113,1086000
2011-12-14,0.163332998752594,0.16666600108146667,0.163332998752594,0.16666600108146667,0.13654418289661407,366000
2011-12-15,0.16666600108146667,0.17000000178813934,0.16666600108146667,0.17000000178813934,0.13927562534809113,303000
2011-12-16,0.16666600108146667,0.17000000178813934,0.16266599297523499,0.16533300280570984,0.13545210659503937,1491000
2011-12-19,0.163332998752594,0.164000004529953,0.163332998752594,0.164000004529953,0.13436000049114227,324000
2011-12-20,0.16533300280570984,0.16666600108146667,0.16533300280570984,0.16533300280570984,0.13545210659503937,726000
2011-12-21,0.16666600108146667,0.16666600108146667,0.16666600108146667,0.16666600108146667,0.13654418289661407,33000
2011-12-22,0.16666600108146667,0.16666600108146667,0.16666600108146667,0.16666600108146667,0.13654418289661407,60000
2011-12-23,0.163332998752594,0.163332998752594,0.15333299338817596,0.1593330055475235,0.13053646683692932,225000
2011-12-28,0.1599999964237213,0.163332998752594,0.1599999964237213,0.16133299469947815,0.1321749985218048,231000
2011-12-29,0.16599999368190765,0.16599999368190765,0.16599999368190765,0.16599999368190765,0.13599853217601776,195000
2011-12-30,0.1599999964237213,0.1599999964237213,0.1599999964237213,0.1599999964237213,0.1358855664730072,90000
2012-01-03,0.1599999964237213,0.16666600108146667,0.1599999964237213,0.16666600108146667,0.14154691994190216,75000
2012-01-04,0.16666600108146667,0.16666600108146667,0.16666600108146667,0.16666600108146667,0.14154691994190216,75000
2012-01-05,0.16666600108146667,0.16666600108146667,0.16666600108146667,0.16599999368190765,0.1409812718629837,87000
2012-01-06,0.1599999964237213,0.1599999964237213,0.1599999964237213,0.1599999964237213,0.1358855664730072,150000
2012-01-09,0.1599999964237213,0.1599999964237213,0.1599999964237213,0.16266599297523499,0.13814978301525116,150000
2012-01-10,0.16266599297523499,0.16666600108146667,0.16266599297523499,0.16666600108146667,0.14154691994190216,1770000
2012-01-11,0.16666600108146667,0.17333300411701202,0.13533300161361694,0.16666600108146667,0.14154691994190216,372000
2012-01-12,0.16666600108146667,0.16666600108146667,0.16666600108146667,0.16666600108146667,0.14154691994190216,0
2012-01-13,0.1599999964237213,0.1599999964237213,0.1599999964237213,0.1599999964237213,0.1358855664730072,15000
2012-01-16,0.16666600108146667,0.16666600108146667,0.15333299338817596,0.16666600108146667,0.14154691994190216,552000
2012-01-17,0.1599999964237213,0.1599999964237213,0.1599999964237213,0.1599999964237213,0.1358855664730072,150000
2012-01-18,0.16599999368190765,0.16666600108146667,0.1599999964237213,0.16533300280570984,0.14041483402252197,282000
2012-01-19,0.1599999964237213,0.16666600108146667,0.1599999964237213,0.16599999368190765,0.1409812718629837,93000
2012-01-20,0.16666600108146667,0.16666600108146667,0.16666600108146667,0.16666600108146667,0.14154691994190216,156000
2012-01-26,0.16666600108146667,0.16666600108146667,0.16666600108146667,0.16666600108146667,0.14154691994190216,237000
2012-01-27,0.16666600108146667,0.18000000715255737,0.16066600382328033,0.16666600108146667,0.14154691994190216,672000
2012-01-30,0.16666600108146667,0.17000000178813934,0.16666600108146667,0.16666600108146667,0.14154691994190216,735000
2012-01-31,0.17000000178813934,0.17000000178813934,0.164000004529953,0.16666600108146667,0.14154691994190216,171000
2012-02-01,0.18666599690914154,0.18666599690914154,0.17333300411701202,0.17000000178813934,0.1443784385919571,30000
2012-02-02,0.1899999976158142,0.1899999976158142,0.17000000178813934,0.17000000178813934,0.1443784385919571,6000
2012-02-03,0.1933329999446869,0.1933329999446869,0.16599999368190765,0.18000000715255737,0.1528712809085846,438000
2012-02-06,0.19666600227355957,0.20000000298023224,0.16666600108146667,0.16666600108146667,0.14154691994190216,120000
2012-02-07,0.1933329999446869,0.1933329999446869,0.16666600108146667,0.18000000715255737,0.1528712809085846,1143000
2012-02-08,0.18666599690914154,0.18666599690914154,0.17000000178813934,0.18000000715255737,0.1528712809085846,534000
2012-02-09,0.1933329999446869,0.21333299577236176,0.17333300411701202,0.19666600227355957,0.16702546179294586,8391000
2012-02-10,0.20333300530910492,0.21666599810123444,0.1933329999446869,0.20333300530910492,0.17268763482570648,5610000
2012-02-13,0.20000000298023224,0.20999999344348907,0.18666599690914154,0.1899999976158142,0.1613641381263733,1971000
2012-02-14,0.1899999976158142,0.1899999976158142,0.1899999976158142,0.1899999976158142,0.1613641381263733,186000
2012-02-15,0.20000000298023224,0.20000000298023224,0.1933329999446869,0.1933329999446869,0.16419480741024017,630000
2012-02-16,0.1933329999446869,0.1933329999446869,0.1899999976158142,0.1899999976158142,0.1613641381263733,300000
2012-02-17,0.1766660064458847,0.1766660064458847,0.1766660064458847,0.1766660064458847,0.15003976225852966,60000
2012-02-20,0.18666599690914154,0.1933329999446869,0.18666599690914154,0.1933329999446869,0.16419480741024017,762000
2012-02-21,0.1933329999446869,0.1933329999446869,0.1933329999446869,0.1933329999446869,0.16419480741024017,0
2012-02-22,0.18333299458026886,0.1899999976158142,0.18000000715255737,0.1899999976158142,0.1613641381263733,324000
2012-02-23,0.18666599690914154,0.2066659927368164,0.18333299458026886,0.20000000298023224,0.1698569655418396,2538000
2012-02-24,0.20000000298023224,0.2066659927368164,0.18666599690914154,0.20333300530910492,0.17268763482570648,516000
2012-02-27,0.20999999344348907,0.20999999344348907,0.1766660064458847,0.18666599690914154,0.15853261947631836,1068000
2012-02-28,0.18666599690914154,0.19666600227355957,0.18666599690914154,0.1933329999446869,0.16419480741024017,651000
2012-02-29,0.1933329999446869,0.1933329999446869,0.1933329999446869,0.1933329999446869,0.16419480741024017,0
2012-03-01,0.18666599690914154,0.18666599690914154,0.18666599690914154,0.18666599690914154,0.15853261947631836,489000
2012-03-02,0.18666599690914154,0.18666599690914154,0.18666599690914154,0.18666599690914154,0.15853261947631836,300000
2012-03-05,0.1933329999446869,0.1933329999446869,0.1899999976158142,0.1899999976158142,0.1613641381263733,510000
2012-03-06,0.18666599690914154,0.18666599690914154,0.1766660064458847,0.1766660064458847,0.15003976225852966,870000
2012-03-07,0.1766660064458847,0.1766660064458847,0.1766660064458847,0.1766660064458847,0.15003976225852966,249000
2012-03-08,0.1899999976158142,0.1899999976158142,0.1766660064458847,0.1899999976158142,0.1613641381263733,381000
2012-03-09,0.1899999976158142,0.1899999976158142,0.1899999976158142,0.1899999976158142,0.1613641381263733,0
2012-03-12,0.1899999976158142,0.1899999976158142,0.1899999976158142,0.1899999976158142,0.1613641381263733,0
2012-03-13,0.1899999976158142,0.1899999976158142,0.1899999976158142,0.1899999976158142,0.1613641381263733,555000
2012-03-14,0.18000000715255737,0.18333299458026886,0.18000000715255737,0.18333299458026886,0.15570193529129028,303000
2012-03-15,0.18000000715255737,0.18666599690914154,0.1766660064458847,0.18666599690914154,0.15853261947631836,120000
2012-03-16,0.18666599690914154,0.18666599690914154,0.18666599690914154,0.18666599690914154,0.15853261947631836,0
2012-03-20,0.17333300411701202,0.18666599690914154,0.16666600108146667,0.18666599690914154,0.15853261947631836,468000
2012-03-21,0.1933329999446869,0.1933329999446869,0.16666600108146667,0.18333299458026886,0.15570193529129028,141000
2012-03-22,0.18333299458026886,0.18333299458026886,0.16666600108146667,0.18000000715255737,0.1528712809085846,546000
2012-03-23,0.16666600108146667,0.1766660064458847,0.16066600382328033,0.17333300411701202,0.14720912277698517,840000
2012-03-26,0.16666600108146667,0.16666600108146667,0.16666600108146667,0.16666600108146667,0.14154691994190216,60000
2012-03-27,0.18333299458026886,0.18333299458026886,0.18333299458026886,0.18333299458026886,0.15570193529129028,15000
2012-03-28,0.18000000715255737,0.18333299458026886,0.18000000715255737,0.18333299458026886,0.15570193529129028,411000
2012-03-29,0.18333299458026886,0.18666599690914154,0.1766660064458847,0.1766660064458847,0.15003976225852966,669000
2012-03-30,0.1766660064458847,0.18000000715255737,0.1766660064458847,0.18000000715255737,0.1528712809085846,123000
2012-04-02,0.1766660064458847,0.1766660064458847,0.1766660064458847,0.1766660064458847,0.15003976225852966,150000
2012-04-03,0.1766660064458847,0.1766660064458847,0.1766660064458847,0.1766660064458847,0.15003976225852966,150000
2012-04-05,0.1766660064458847,0.1766660064458847,0.1766660064458847,0.1766660064458847,0.15003976225852966,0
2012-04-10,0.17333300411701202,0.17333300411701202,0.17333300411701202,0.17333300411701202,0.14720912277698517,150000
2012-04-11,0.17333300411701202,0.17333300411701202,0.17333300411701202,0.17333300411701202,0.14720912277698517,0
2012-04-12,0.17333300411701202,0.17333300411701202,0.17333300411701202,0.17333300411701202,0.14720912277698517,0
2012-04-13,0.16666600108146667,0.17333300411701202,0.16666600108146667,0.17333300411701202,0.14720912277698517,180000
2012-04-16,0.16666600108146667,0.16666600108146667,0.16666600108146667,0.16666600108146667,0.14154691994190216,300000
2012-04-17,0.16666600108146667,0.16666600108146667,0.16666600108146667,0.16666600108146667,0.14154691994190216,0
2012-04-18,0.16666600108146667,0.16666600108146667,0.16666600108146667,0.16666600108146667,0.14154691994190216,117000
2012-04-19,0.16666600108146667,0.16666600108146667,0.16666600108146667,0.16666600108146667,0.14154691994190216,0
2012-04-20,0.16666600108146667,0.16666600108146667,0.16666600108146667,0.16666600108146667,0.14154691994190216,0
2012-04-23,0.16666600108146667,0.16666600108146667,0.16666600108146667,0.16666600108146667,0.14154691994190216,0
2012-04-24,0.16666600108146667,0.16666600108146667,0.16666600108146667,0.16666600108146667,0.14154691994190216,0
2012-04-25,0.16666600108146667,0.16666600108146667,0.16666600108146667,0.16666600108146667,0.14154691994190216,0
2012-04-26,0.16666600108146667,0.16666600108146667,0.16666600108146667,0.16666600108146667,0.14154691994190216,0
2012-04-27,0.16666600108146667,0.16666600108146667,0.16666600108146667,0.16666600108146667,0.14154691994190216,0
2012-04-30,0.17333300411701202,0.17333300411701202,0.17333300411701202,0.17333300411701202,0.14720912277698517,393000
2012-05-02,0.17333300411701202,0.17333300411701202,0.17333300411701202,0.17333300411701202,0.14720912277698517,0
2012-05-03,0.17333300411701202,0.17333300411701202,0.17333300411701202,0.17333300411701202,0.14720912277698517,0
2012-05-04,0.17333300411701202,0.17333300411701202,0.17333300411701202,0.17333300411701202,0.14720912277698517,0
2012-05-07,0.163332998752594,0.163332998752594,0.163332998752594,0.16066600382328033,0.13645119965076447,408000
2012-05-08,0.16066600382328033,0.16066600382328033,0.16066600382328033,0.16066600382328033,0.13645119965076447,0
2012-05-09,0.16666600108146667,0.16666600108146667,0.15333299338817596,0.1593330055475235,0.13531909883022308,471000
2012-05-10,0.1599999964237213,0.1599999964237213,0.15333299338817596,0.15333299338817596,0.13022339344024658,942000
2012-05-11,0.15333299338817596,0.15333299338817596,0.15333299338817596,0.15333299338817596,0.13022339344024658,0
2012-05-14,0.14733299612998962,0.1593330055475235,0.14733299612998962,0.1586659997701645,0.13475264608860016,15000
2012-05-15,0.14866599440574646,0.1599999964237213,0.14800000190734863,0.1586659997701645,0.13475264608860016,210000
2012-05-16,0.1586659997701645,0.1586659997701645,0.1586659997701645,0.1586659997701645,0.13475264608860016,0
2012-05-17,0.14733299612998962,0.1586659997701645,0.1466660052537918,0.1586659997701645,0.13475264608860016,285000
2012-05-18,0.1586659997701645,0.1586659997701645,0.1586659997701645,0.1586659997701645,0.13475264608860016,0
2012-05-21,0.1586659997701645,0.1586659997701645,0.1586659997701645,0.1586659997701645,0.13475264608860016,0
2012-05-22,0.14333300292491913,0.15199999511241913,0.14133299887180328,0.15199999511241913,0.1290913075208664,183000
2012-05-23,0.14399999380111694,0.14399999380111694,0.14399999380111694,0.14399999380111694,0.1222970187664032,75000
2012-05-24,0.14399999380111694,0.14399999380111694,0.14399999380111694,0.14399999380111694,0.1222970187664032,0
2012-05-25,0.154666006565094,0.154666006565094,0.15399999916553497,0.15600000321865082,0.1324884444475174,372000
2012-05-28,0.15800000727176666,0.15800000727176666,0.15800000727176666,0.15800000727176666,0.1341870129108429,450000
2012-05-29,0.14866599440574646,0.16133299469947815,0.14866599440574646,0.16133299469947815,0.13701766729354858,303000
2012-05-30,0.17000000178813934,0.17000000178813934,0.1599999964237213,0.1599999964237213,0.1358855664730072,300000
2012-05-31,0.1599999964237213,0.1599999964237213,0.1599999964237213,0.1599999964237213,0.1358855664730072,0
2012-06-01,0.1599999964237213,0.1599999964237213,0.1599999964237213,0.1599999964237213,0.1358855664730072,0
2012-06-04,0.1586659997701645,0.1599999964237213,0.1586659997701645,0.15800000727176666,0.1341870129108429,501000
2012-06-05,0.1466660052537918,0.1466660052537918,0.14000000059604645,0.14333300292491913,0.12173053622245789,63000
2012-06-06,0.1466660052537918,0.1466660052537918,0.1466660052537918,0.15266600251197815,0.12965691089630127,60000
2012-06-07,0.14733299612998962,0.14733299612998962,0.1466660052537918,0.1466660052537918,0.12456121295690536,153000
2012-06-08,0.1466660052537918,0.1466660052537918,0.1466660052537918,0.1466660052537918,0.12456121295690536,0
2012-06-11,0.1466660052537918,0.1466660052537918,0.1466660052537918,0.1466660052537918,0.12456121295690536,0
2012-06-12,0.1466660052537918,0.1466660052537918,0.1466660052537918,0.1466660052537918,0.12456121295690536,0
2012-06-13,0.1466660052537918,0.1466660052537918,0.1466660052537918,0.1466660052537918,0.12456121295690536,0
2012-06-14,0.1466660052537918,0.1466660052537918,0.1466660052537918,0.1466660052537918,0.12456121295690536,0
2012-06-15,0.15000000596046448,0.15000000596046448,0.1373330056667328,0.15199999511241913,0.1290913075208664,111000
2012-06-18,0.15199999511241913,0.15199999511241913,0.15199999511241913,0.15199999511241913,0.1290913075208664,0
2012-06-19,0.18000000715255737,0.2533330023288727,0.18000000715255737,0.21333299577236176,0.18118049204349518,62362500
2012-06-20,0.2199999988079071,0.2199999988079071,0.19666600227355957,0.21333299577236176,0.18118049204349518,8892000
2012-06-21,0.20000000298023224,0.20999999344348907,0.20000000298023224,0.20000000298023224,0.1698569655418396,2043000
2012-06-22,0.20000000298023224,0.22333300113677979,0.19666600227355957,0.21333299577236176,0.18118049204349518,4797000
2012-06-25,0.21666599810123444,0.21666599810123444,0.20333300530910492,0.20999999344348907,0.1783498078584671,2179500
2012-06-26,0.2066659927368164,0.21333299577236176,0.20333300530910492,0.20999999344348907,0.1783498078584671,963000
2012-06-27,0.20000000298023224,0.22333300113677979,0.20000000298023224,0.20999999344348907,0.1783498078584671,5199000
2012-06-28,0.20999999344348907,0.20999999344348907,0.2066659927368164,0.2066659927368164,0.17551830410957336,528000
2012-06-29,0.20333300530910492,0.21333299577236176,0.20333300530910492,0.21333299577236176,0.18118049204349518,585000
2012-07-03,0.21333299577236176,0.21333299577236176,0.20999999344348907,0.20999999344348907,0.1783498078584671,48000
2012-07-04,0.20999999344348907,0.21333299577236176,0.20999999344348907,0.20999999344348907,0.1783498078584671,432000
2012-07-05,0.21333299577236176,0.21666599810123444,0.20999999344348907,0.21333299577236176,0.18118049204349518,459000
2012-07-06,0.21333299577236176,0.21333299577236176,0.20999999344348907,0.20999999344348907,0.1783498078584671,777000
2012-07-09,0.20999999344348907,0.21333299577236176,0.2066659927368164,0.21333299577236176,0.18118049204349518,1305000
2012-07-10,0.21333299577236176,0.2199999988079071,0.21333299577236176,0.2199999988079071,0.1868426650762558,1176000
2012-07-11,0.2199999988079071,0.2199999988079071,0.21333299577236176,0.2199999988079071,0.1868426650762558,786000
2012-07-12,0.22333300113677979,0.22666600346565247,0.21333299577236176,0.22333300113677979,0.18967334926128387,3612000
2012-07-13,0.22333300113677979,0.2366659939289093,0.20000000298023224,0.20333300530910492,0.17268763482570648,7968000
2012-07-16,0.1933329999446869,0.20000000298023224,0.16666600108146667,0.18000000715255737,0.1528712809085846,7806000
2012-07-17,0.17000000178813934,0.1766660064458847,0.17000000178813934,0.17333300411701202,0.14720912277698517,450000
2012-07-18,0.17000000178813934,0.17333300411701202,0.16666600108146667,0.16666600108146667,0.14154691994190216,1707000
2012-07-19,0.16666600108146667,0.18000000715255737,0.16666600108146667,0.16666600108146667,0.14154691994190216,3582000
2012-07-20,0.16666600108146667,0.17000000178813934,0.16666600108146667,0.17000000178813934,0.1443784385919571,891000
2012-07-23,0.16666600108146667,0.17333300411701202,0.16666600108146667,0.16666600108146667,0.14154691994190216,1059000
2012-07-24,0.16666600108146667,0.16666600108146667,0.16666600108146667,0.16666600108146667,0.14154691994190216,195000
2012-07-25,0.16666600108146667,0.16666600108146667,0.163332998752594,0.16666600108146667,0.14154691994190216,177000
2012-07-26,0.16666600108146667,0.16666600108146667,0.16666600108146667,0.16666600108146667,0.14154691994190216,0
2012-07-27,0.16666600108146667,0.17000000178813934,0.163332998752594,0.16666600108146667,0.14154691994190216,429000
2012-07-30,0.16666600108146667,0.17000000178813934,0.16666600108146667,0.17000000178813934,0.1443784385919571,216000
2012-07-31,0.17333300411701202,0.1766660064458847,0.17333300411701202,0.1766660064458847,0.15003976225852966,369000
2012-08-01,0.1766660064458847,0.18333299458026886,0.17333300411701202,0.1766660064458847,0.15003976225852966,312000
2012-08-02,0.18000000715255737,0.18333299458026886,0.1766660064458847,0.18000000715255737,0.1528712809085846,1461000
2012-08-03,0.1766660064458847,0.1933329999446869,0.1766660064458847,0.18666599690914154,0.15853261947631836,1035000
2012-08-06,0.18666599690914154,0.1899999976158142,0.18666599690914154,0.1899999976158142,0.1613641381263733,924000
2012-08-07,0.1933329999446869,0.20000000298023224,0.18666599690914154,0.1933329999446869,0.16419480741024017,1017000
2012-08-08,0.1933329999446869,0.19666600227355957,0.1899999976158142,0.19666600227355957,0.16702546179294586,723000
2012-08-09,0.20000000298023224,0.2066659927368164,0.1933329999446869,0.2066659927368164,0.17551830410957336,360000
2012-08-10,0.20000000298023224,0.20000000298023224,0.1933329999446869,0.19666600227355957,0.16702546179294586,705000
2012-08-13,0.18333299458026886,0.1933329999446869,0.18333299458026886,0.19666600227355957,0.16702546179294586,201000
2012-08-14,0.18666599690914154,0.1933329999446869,0.18666599690914154,0.1933329999446869,0.16419480741024017,669000
2012-08-15,0.1933329999446869,0.1933329999446869,0.18333299458026886,0.18333299458026886,0.15570193529129028,672000
2012-08-16,0.18333299458026886,0.18333299458026886,0.18333299458026886,0.1899999976158142,0.1613641381263733,150000
2012-08-17,0.18333299458026886,0.18333299458026886,0.18333299458026886,0.1899999976158142,0.1613641381263733,300000
2012-08-20,0.18666599690914154,0.18666599690914154,0.18666599690914154,0.18666599690914154,0.15853261947631836,18000
2012-08-21,0.18666599690914154,0.18666599690914154,0.18666599690914154,0.18666599690914154,0.15853261947631836,90000
2012-08-22,0.18000000715255737,0.18000000715255737,0.18000000715255737,0.18333299458026886,0.15570193529129028,150000
2012-08-23,0.18333299458026886,0.18333299458026886,0.18333299458026886,0.18333299458026886,0.15570193529129028,150000
2012-08-24,0.18333299458026886,0.18333299458026886,0.18333299458026886,0.18333299458026886,0.15570193529129028,0
2012-08-27,0.1933329999446869,0.1933329999446869,0.18000000715255737,0.18333299458026886,0.15570193529129028,204000
2012-08-28,0.18333299458026886,0.18666599690914154,0.18000000715255737,0.18333299458026886,0.15570193529129028,606000
2012-08-29,0.18333299458026886,0.18333299458026886,0.18333299458026886,0.18333299458026886,0.15858501195907593,0
2012-08-30,0.17333300411701202,0.1766660064458847,0.17333300411701202,0.1766660064458847,0.1528179943561554,231000
2012-08-31,0.1766660064458847,0.1766660064458847,0.1766660064458847,0.1766660064458847,0.1528179943561554,0
2012-09-03,0.1766660064458847,0.1766660064458847,0.1766660064458847,0.1766660064458847,0.1528179943561554,0
2012-09-04,0.1766660064458847,0.1766660064458847,0.1766660064458847,0.1766660064458847,0.1528179943561554,75000
2012-09-05,0.1766660064458847,0.1766660064458847,0.1766660064458847,0.1766660064458847,0.1528179943561554,150000
2012-09-06,0.1766660064458847,0.1766660064458847,0.1766660064458847,0.1766660064458847,0.1528179943561554,0
2012-09-07,0.17333300411701202,0.17333300411701202,0.17333300411701202,0.17333300411701202,0.14993494749069214,225000
2012-09-10,0.17333300411701202,0.17333300411701202,0.17333300411701202,0.17333300411701202,0.14993494749069214,0
2012-09-11,0.17333300411701202,0.17333300411701202,0.17000000178813934,0.17000000178813934,0.1470518410205841,318000
2012-09-12,0.17000000178813934,0.17000000178813934,0.17000000178813934,0.17000000178813934,0.1470518410205841,0
2012-09-13,0.17333300411701202,0.17333300411701202,0.1599999964237213,0.16066600382328033,0.13897782564163208,180000
2012-09-14,0.1599999964237213,0.1766660064458847,0.1599999964237213,0.17000000178813934,0.1470518410205841,756000
2012-09-17,0.17000000178813934,0.17000000178813934,0.17000000178813934,0.17000000178813934,0.1470518410205841,0
2012-09-18,0.17000000178813934,0.18666599690914154,0.16666600108146667,0.18000000715255737,0.15570195019245148,2061000
2012-09-19,0.1766660064458847,0.1766660064458847,0.16666600108146667,0.16666600108146667,0.14416790008544922,360000
2012-09-20,0.17000000178813934,0.17333300411701202,0.17000000178813934,0.17333300411701202,0.14993494749069214,273000
2012-09-21,0.17000000178813934,0.17000000178813934,0.16666600108146667,0.16666600108146667,0.14416790008544922,1254000
2012-09-24,0.16666600108146667,0.16666600108146667,0.16666600108146667,0.16666600108146667,0.14416790008544922,303000
2012-09-25,0.17000000178813934,0.17333300411701202,0.17000000178813934,0.17333300411701202,0.14993494749069214,342000
2012-09-26,0.17333300411701202,0.17333300411701202,0.17333300411701202,0.17333300411701202,0.14993494749069214,0
2012-09-27,0.17000000178813934,0.17000000178813934,0.17000000178813934,0.17000000178813934,0.1470518410205841,594000
2012-09-28,0.18000000715255737,0.18000000715255737,0.18000000715255737,0.18000000715255737,0.15570195019245148,3000
2012-10-03,0.16666600108146667,0.17000000178813934,0.16666600108146667,0.17000000178813934,0.1470518410205841,33000
2012-10-04,0.17000000178813934,0.17000000178813934,0.17000000178813934,0.17000000178813934,0.1470518410205841,15000
2012-10-05,0.16666600108146667,0.1766660064458847,0.16666600108146667,0.1766660064458847,0.1528179943561554,27000
2012-10-08,0.16666600108146667,0.18000000715255737,0.16666600108146667,0.18000000715255737,0.15570195019245148,420000
2012-10-09,0.18666599690914154,0.18666599690914154,0.18666599690914154,0.18666599690914154,0.16146811842918396,3000
2012-10-10,0.18666599690914154,0.18666599690914154,0.18666599690914154,0.18666599690914154,0.16146811842918396,0
2012-10-11,0.17333300411701202,0.18333299458026886,0.17000000178813934,0.18333299458026886,0.15858501195907593,840000
2012-10-12,0.17333300411701202,0.17333300411701202,0.17333300411701202,0.17333300411701202,0.14993494749069214,30000
2012-10-15,0.17000000178813934,0.17000000178813934,0.17000000178813934,0.17000000178813934,0.1470518410205841,750000
2012-10-16,0.18333299458026886,0.1933329999446869,0.16666600108146667,0.1766660064458847,0.1528179943561554,195000
2012-10-17,0.18000000715255737,0.1899999976158142,0.18000000715255737,0.18333299458026886,0.15858501195907593,15000
2012-10-18,0.1766660064458847,0.18333299458026886,0.17333300411701202,0.18333299458026886,0.15858501195907593,810000
2012-10-19,0.1933329999446869,0.1933329999446869,0.18000000715255737,0.18333299458026886,0.15858501195907593,801000
2012-10-22,0.18000000715255737,0.18333299458026886,0.18000000715255737,0.18333299458026886,0.15858501195907593,726000
2012-10-24,0.17333300411701202,0.18000000715255737,0.16666600108146667,0.18000000715255737,0.15570195019245148,4116000
2012-10-25,0.18000000715255737,0.18333299458026886,0.18000000715255737,0.18333299458026886,0.15858501195907593,1290000
2012-10-26,0.18333299458026886,0.18333299458026886,0.18333299458026886,0.18333299458026886,0.15858501195907593,0
2012-10-29,0.19666600227355957,0.19666600227355957,0.18333299458026886,0.18333299458026886,0.15858501195907593,945000
2012-10-30,0.1766660064458847,0.18333299458026886,0.1766660064458847,0.18333299458026886,0.15858501195907593,978000
2012-10-31,0.18000000715255737,0.18000000715255737,0.18000000715255737,0.18000000715255737,0.15570195019245148,210000
2012-11-01,0.18000000715255737,0.18000000715255737,0.18000000715255737,0.18000000715255737,0.15570195019245148,0
2012-11-02,0.18333299458026886,0.18333299458026886,0.18000000715255737,0.18000000715255737,0.15570195019245148,927000
2012-11-05,0.18333299458026886,0.18333299458026886,0.18333299458026886,0.18333299458026886,0.15858501195907593,198000
2012-11-06,0.1766660064458847,0.18333299458026886,0.1766660064458847,0.18333299458026886,0.15858501195907593,1059000
2012-11-07,0.18333299458026886,0.1899999976158142,0.18333299458026886,0.18666599690914154,0.16146811842918396,708000
2012-11-08,0.1766660064458847,0.18333299458026886,0.1766660064458847,0.18000000715255737,0.15570195019245148,156000
2012-11-09,0.17333300411701202,0.18000000715255737,0.17000000178813934,0.18000000715255737,0.15570195019245148,3114000
2012-11-12,0.18000000715255737,0.18000000715255737,0.18000000715255737,0.18000000715255737,0.15570195019245148,60000
2012-11-13,0.18000000715255737,0.18000000715255737,0.18000000715255737,0.18000000715255737,0.15570195019245148,0
2012-11-14,0.18000000715255737,0.18000000715255737,0.18000000715255737,0.18000000715255737,0.15570195019245148,0
2012-11-15,0.18000000715255737,0.18000000715255737,0.18000000715255737,0.18000000715255737,0.15570195019245148,0
2012-11-16,0.18000000715255737,0.18000000715255737,0.18000000715255737,0.18000000715255737,0.15570195019245148,0
2012-11-19,0.18000000715255737,0.18000000715255737,0.18000000715255737,0.18000000715255737,0.15570195019245148,0
2012-11-20,0.17333300411701202,0.18333299458026886,0.17333300411701202,0.18000000715255737,0.15570195019245148,189000
2012-11-21,0.18000000715255737,0.18000000715255737,0.18000000715255737,0.18000000715255737,0.15570195019245148,0
2012-11-22,0.18000000715255737,0.18000000715255737,0.18000000715255737,0.18000000715255737,0.15570195019245148,0
2012-11-23,0.18000000715255737,0.18000000715255737,0.17000000178813934,0.18000000715255737,0.15570195019245148,348000
2012-11-26,0.17333300411701202,0.18333299458026886,0.17333300411701202,0.18333299458026886,0.15858501195907593,285000
2012-11-27,0.18000000715255737,0.18000000715255737,0.18000000715255737,0.18000000715255737,0.15570195019245148,0
2012-11-28,0.17333300411701202,0.1766660064458847,0.17333300411701202,0.1766660064458847,0.1528179943561554,1140000
2012-11-29,0.18000000715255737,0.19666600227355957,0.18000000715255737,0.18666599690914154,0.16146811842918396,2463000
2012-11-30,0.19666600227355957,0.19666600227355957,0.18000000715255737,0.18666599690914154,0.16146811842918396,945000
2012-12-03,0.18333299458026886,0.18333299458026886,0.1766660064458847,0.1766660064458847,0.1528179943561554,1041000
2012-12-04,0.18000000715255737,0.18000000715255737,0.18000000715255737,0.18000000715255737,0.15570195019245148,168000
2012-12-05,0.18666599690914154,0.18666599690914154,0.18666599690914154,0.18666599690914154,0.16146811842918396,96000
2012-12-06,0.19666600227355957,0.19666600227355957,0.18666599690914154,0.18666599690914154,0.16146811842918396,279000
2012-12-07,0.18666599690914154,0.18666599690914154,0.18333299458026886,0.18666599690914154,0.16146811842918396,405000
2012-12-10,0.1899999976158142,0.1899999976158142,0.1899999976158142,0.1899999976158142,0.16435205936431885,1368000
2012-12-11,0.1933329999446869,0.1933329999446869,0.18666599690914154,0.18666599690914154,0.16146811842918396,90000
2012-12-12,0.1933329999446869,0.19666600227355957,0.1899999976158142,0.19666600227355957,0.17011821269989014,1980000
2012-12-13,0.20000000298023224,0.20000000298023224,0.1933329999446869,0.19666600227355957,0.17011821269989014,2553000
2012-12-14,0.1899999976158142,0.19666600227355957,0.1899999976158142,0.19666600227355957,0.17011821269989014,1017000
2012-12-17,0.1933329999446869,0.20000000298023224,0.1899999976158142,0.1933329999446869,0.16723515093326569,1530000
2012-12-18,0.23333300650119781,0.23333300650119781,0.21666599810123444,0.2199999988079071,0.19030237197875977,19827000
2012-12-19,0.2199999988079071,0.22666600346565247,0.21666599810123444,0.22333300113677979,0.1931854635477066,3936000
2012-12-20,0.21666599810123444,0.22333300113677979,0.21333299577236176,0.21333299577236176,0.18453533947467804,1821000
2012-12-21,0.21333299577236176,0.21333299577236176,0.20999999344348907,0.21333299577236176,0.18453533947467804,2859000
2012-12-24,0.21333299577236176,0.21666599810123444,0.21333299577236176,0.21666599810123444,0.18741843104362488,405000
2012-12-27,0.21333299577236176,0.21333299577236176,0.21333299577236176,0.21333299577236176,0.18453533947467804,1263000
2012-12-28,0.20999999344348907,0.21666599810123444,0.20999999344348907,0.21333299577236176,0.18453533947467804,1413000
2012-12-31,0.22333300113677979,0.22333300113677979,0.21333299577236176,0.21666599810123444,0.18741843104362488,2091000
2013-01-02,0.21666599810123444,0.21666599810123444,0.21333299577236176,0.21333299577236176,0.18453533947467804,7158000
2013-01-03,0.2066659927368164,0.20999999344348907,0.19666600227355957,0.2066659927368164,0.18817749619483948,5229000
2013-01-04,0.20999999344348907,0.21333299577236176,0.20999999344348907,0.20999999344348907,0.1912132203578949,1848000
2013-01-07,0.20999999344348907,0.22333300113677979,0.20999999344348907,0.2199999988079071,0.20031863451004028,4140000
2013-01-08,0.2199999988079071,0.2199999988079071,0.2066659927368164,0.20999999344348907,0.1912132203578949,2355000
2013-01-09,0.21333299577236176,0.21666599810123444,0.20999999344348907,0.21333299577236176,0.1942480504512787,830548
2013-01-10,0.2199999988079071,0.2199999988079071,0.21333299577236176,0.21666599810123444,0.19728289544582367,2043000
2013-01-11,0.2199999988079071,0.2199999988079071,0.20999999344348907,0.21333299577236176,0.1942480504512787,1593000
2013-01-14,0.21333299577236176,0.21333299577236176,0.2066659927368164,0.2066659927368164,0.18817749619483948,90000
2013-01-15,0.21666599810123444,0.21666599810123444,0.20999999344348907,0.21666599810123444,0.19728289544582367,1875000
2013-01-16,0.21333299577236176,0.21333299577236176,0.20999999344348907,0.20999999344348907,0.1912132203578949,627000
2013-01-17,0.2066659927368164,0.21333299577236176,0.2066659927368164,0.2066659927368164,0.18817749619483948,858000
2013-01-18,0.2066659927368164,0.2066659927368164,0.2066659927368164,0.2066659927368164,0.18817749619483948,525000
2013-01-21,0.20333300530910492,0.20333300530910492,0.20333300530910492,0.20333300530910492,0.1851426661014557,15000
2013-01-22,0.2066659927368164,0.20999999344348907,0.2066659927368164,0.20999999344348907,0.1912132203578949,351000
2013-01-23,0.20999999344348907,0.21333299577236176,0.20999999344348907,0.21333299577236176,0.1942480504512787,402000
2013-01-24,0.21333299577236176,0.21666599810123444,0.21333299577236176,0.21666599810123444,0.19728289544582367,957000
2013-01-25,0.21666599810123444,0.21666599810123444,0.21333299577236176,0.21333299577236176,0.1942480504512787,1641000
2013-01-28,0.21333299577236176,0.21333299577236176,0.21333299577236176,0.21333299577236176,0.1942480504512787,546000
2013-01-29,0.21333299577236176,0.21333299577236176,0.20999999344348907,0.21333299577236176,0.1942480504512787,762000
2013-01-30,0.21333299577236176,0.21333299577236176,0.21333299577236176,0.21333299577236176,0.1942480504512787,0
2013-01-31,0.20999999344348907,0.21333299577236176,0.20999999344348907,0.21333299577236176,0.1942480504512787,303000
2013-02-01,0.20999999344348907,0.21333299577236176,0.20999999344348907,0.21333299577236176,0.1942480504512787,297000
2013-02-04,0.20999999344348907,0.20999999344348907,0.20999999344348907,0.20999999344348907,0.1912132203578949,54000
2013-02-05,0.20999999344348907,0.20999999344348907,0.20999999344348907,0.20999999344348907,0.1912132203578949,0
2013-02-06,0.20999999344348907,0.20999999344348907,0.2066659927368164,0.2066659927368164,0.18817749619483948,180000
2013-02-07,0.20333300530910492,0.20333300530910492,0.20333300530910492,0.2066659927368164,0.18817749619483948,45000
2013-02-08,0.2066659927368164,0.2066659927368164,0.2066659927368164,0.2066659927368164,0.18817749619483948,0
2013-02-14,0.2066659927368164,0.2066659927368164,0.2066659927368164,0.2066659927368164,0.18817749619483948,135000
2013-02-15,0.2066659927368164,0.2066659927368164,0.20333300530910492,0.20333300530910492,0.1851426661014557,45000
2013-02-18,0.2066659927368164,0.2066659927368164,0.2066659927368164,0.2066659927368164,0.18817749619483948,0
2013-02-19,0.21666599810123444,0.2199999988079071,0.21666599810123444,0.21666599810123444,0.19728289544582367,645000
2013-02-20,0.21666599810123444,0.2366659939289093,0.21333299577236176,0.23000000417232513,0.20942403376102448,13545000
2013-02-21,0.23000000417232513,0.23000000417232513,0.21666599810123444,0.2199999988079071,0.20031863451004028,3399000
2013-02-22,0.21333299577236176,0.22333300113677979,0.21333299577236176,0.2199999988079071,0.20031863451004028,2448000
2013-02-25,0.22333300113677979,0.22666600346565247,0.21333299577236176,0.22666600346565247,0.20638827979564667,1908000
2013-02-26,0.21666599810123444,0.2199999988079071,0.21333299577236176,0.21333299577236176,0.1942480504512787,954000
2013-02-27,0.2199999988079071,0.2366659939289093,0.2199999988079071,0.23333300650119781,0.21245884895324707,2271000
2013-02-28,0.23000000417232513,0.23000000417232513,0.22333300113677979,0.22666600346565247,0.20638827979564667,492000
2013-03-01,0.22666600346565247,0.22666600346565247,0.22666600346565247,0.22666600346565247,0.20638827979564667,0
2013-03-04,0.22666600346565247,0.22666600346565247,0.22666600346565247,0.22666600346565247,0.20638827979564667,0
2013-03-05,0.21666599810123444,0.22666600346565247,0.21666599810123444,0.22666600346565247,0.20638827979564667,495000
2013-03-06,0.22666600346565247,0.22666600346565247,0.22666600346565247,0.22666600346565247,0.20638827979564667,0
2013-03-07,0.21666599810123444,0.22666600346565247,0.21666599810123444,0.22666600346565247,0.20638827979564667,540000
2013-03-08,0.22666600346565247,0.23000000417232513,0.22333300113677979,0.23000000417232513,0.20942403376102448,765000
2013-03-11,0.2199999988079071,0.22666600346565247,0.2199999988079071,0.22666600346565247,0.20638827979564667,405000
2013-03-12,0.22333300113677979,0.22333300113677979,0.22333300113677979,0.22333300113677979,0.20335346460342407,633000
2013-03-13,0.22333300113677979,0.22333300113677979,0.22333300113677979,0.22333300113677979,0.20335346460342407,1149000
2013-03-14,0.22333300113677979,0.23333300650119781,0.22333300113677979,0.23000000417232513,0.20942403376102448,2616000
2013-03-15,0.2366659939289093,0.23999999463558197,0.23000000417232513,0.23999999463558197,0.21852941811084747,3018000
2013-03-18,0.23999999463558197,0.23999999463558197,0.2366659939289093,0.23999999463558197,0.21852941811084747,1623000
2013-03-19,0.23999999463558197,0.23999999463558197,0.23333300650119781,0.23999999463558197,0.21852941811084747,1785000
2013-03-20,0.23999999463558197,0.24333299696445465,0.23999999463558197,0.24333299696445465,0.22156424820423126,549000
2013-03-21,0.24666599929332733,0.27333301305770874,0.24333299696445465,0.2633329927921295,0.23977504670619965,8628000
2013-03-22,0.25999999046325684,0.25999999046325684,0.2533330023288727,0.25666600465774536,0.23370443284511566,2796000
2013-03-25,0.25999999046325684,0.25999999046325684,0.2533330023288727,0.25666600465774536,0.23370443284511566,1467000
2013-03-26,0.25666600465774536,0.2666659951210022,0.25666600465774536,0.2666659951210022,0.24280987679958344,885000
2013-03-27,0.25999999046325684,0.2633329927921295,0.25666600465774536,0.2633329927921295,0.23977504670619965,1158000
2013-03-28,0.25999999046325684,0.25999999046325684,0.25666600465774536,0.25999999046325684,0.23674020171165466,342000
2013-04-02,0.2633329927921295,0.2833330035209656,0.2533330023288727,0.2833330035209656,0.25798580050468445,3711000
2013-04-03,0.28666600584983826,0.28666600584983826,0.2666659951210022,0.27000001072883606,0.24584563076496124,1746000
2013-04-05,0.2666659951210022,0.2666659951210022,0.2533330023288727,0.2533330023288727,0.23066964745521545,3054000
2013-04-08,0.24666599929332733,0.25666600465774536,0.24666599929332733,0.25666600465774536,0.23370443284511566,765000
2013-04-09,0.25666600465774536,0.25666600465774536,0.25666600465774536,0.25666600465774536,0.23370443284511566,0
2013-04-10,0.2533330023288727,0.25666600465774536,0.25,0.25,0.22763480246067047,738000
2013-04-11,0.2533330023288727,0.2533330023288727,0.2533330023288727,0.2533330023288727,0.23066964745521545,75000
2013-04-12,0.2533330023288727,0.2533330023288727,0.2533330023288727,0.2533330023288727,0.23066964745521545,0
2013-04-15,0.24333299696445465,0.24666599929332733,0.23999999463558197,0.24666599929332733,0.22459906339645386,630000
2013-04-16,0.23999999463558197,0.23999999463558197,0.22666600346565247,0.2366659939289093,0.21549364924430847,936000
2013-04-17,0.2366659939289093,0.24666599929332733,0.23333300650119781,0.24666599929332733,0.22459906339645386,312000
2013-04-18,0.24666599929332733,0.24666599929332733,0.24666599929332733,0.24666599929332733,0.22459906339645386,0
2013-04-19,0.24666599929332733,0.24666599929332733,0.24666599929332733,0.24666599929332733,0.22459906339645386,45000
2013-04-22,0.24666599929332733,0.24666599929332733,0.24666599929332733,0.24666599929332733,0.22459906339645386,0
2013-04-23,0.24333299696445465,0.24333299696445465,0.24333299696445465,0.24333299696445465,0.22156424820423126,204000
2013-04-24,0.25,0.2533330023288727,0.25,0.2533330023288727,0.23066964745521545,225000
2013-04-25,0.25666600465774536,0.25666600465774536,0.25666600465774536,0.25666600465774536,0.23370443284511566,225000
2013-04-26,0.25666600465774536,0.25666600465774536,0.25666600465774536,0.25666600465774536,0.23370443284511566,75000
2013-04-29,0.25666600465774536,0.2633329927921295,0.25666600465774536,0.25999999046325684,0.23674020171165466,345000
2013-04-30,0.27000001072883606,0.3199999928474426,0.27000001072883606,0.28666600584983826,0.26102060079574585,11127000
2013-05-02,0.2933329939842224,0.2933329939842224,0.2833330035209656,0.2833330035209656,0.25798580050468445,2004000
2013-05-03,0.28666600584983826,0.28999999165534973,0.2833330035209656,0.28666600584983826,0.26102060079574585,3612000
2013-05-06,0.28666600584983826,0.2933329939842224,0.28666600584983826,0.28999999165534973,0.26405635476112366,780000
2013-05-07,0.28999999165534973,0.3100000023841858,0.28999999165534973,0.30333301424980164,0.2761966288089752,5691000
2013-05-08,0.30333301424980164,0.30666598677635193,0.2933329939842224,0.2933329939842224,0.26709121465682983,2292000
2013-05-09,0.2933329939842224,0.30000001192092896,0.28666600584983826,0.30000001192092896,0.27316179871559143,1281000
2013-05-10,0.30000001192092896,0.33333298563957214,0.2966659963130951,0.33000001311302185,0.3004779815673828,15741000
2013-05-13,0.37333300709724426,0.3799999952316284,0.34666600823402405,0.3533329963684082,0.3217235803604126,17424000
2013-05-14,0.3400000035762787,0.3533329963684082,0.3400000035762787,0.3400000035762787,0.3095833361148834,8247000
2013-05-15,0.34666600823402405,0.36000001430511475,0.34666600823402405,0.3533329963684082,0.3217235803604126,2628000
2013-05-16,0.3533329963684082,0.37333300709724426,0.3533329963684082,0.3666659891605377,0.333863765001297,5907000
2013-05-20,0.37333300709724426,0.3799999952316284,0.3533329963684082,0.36000001430511475,0.3277941346168518,3657000
2013-05-21,0.36000001430511475,0.36000001430511475,0.34666600823402405,0.3533329963684082,0.3217235803604126,3108000
2013-05-22,0.3533329963684082,0.3533329963684082,0.3400000035762787,0.3533329963684082,0.3217235803604126,3216000
2013-05-23,0.34666600823402405,0.3533329963684082,0.33333298563957214,0.3400000035762787,0.3095833361148834,3147000
2013-05-24,0.3400000035762787,0.34666600823402405,0.3400000035762787,0.34666600823402405,0.3156530559062958,1170000
2013-05-27,0.34666600823402405,0.34666600823402405,0.3400000035762787,0.3400000035762787,0.3095833361148834,984000
2013-05-28,0.3400000035762787,0.34666600823402405,0.33333298563957214,0.3400000035762787,0.3095833361148834,1140000
2013-05-29,0.34666600823402405,0.40666601061820984,0.34666600823402405,0.3866659998893738,0.35207459330558777,10146000
2013-05-30,0.37333300709724426,0.37333300709724426,0.3533329963684082,0.36000001430511475,0.3277941346168518,7362000
2013-05-31,0.36000001430511475,0.36000001430511475,0.3400000035762787,0.34666600823402405,0.3156530559062958,4572000
2013-06-03,0.3533329963684082,0.36000001430511475,0.34666600823402405,0.34666600823402405,0.3156530559062958,1635000
2013-06-04,0.34666600823402405,0.36000001430511475,0.34666600823402405,0.3533329963684082,0.3217235803604126,609000
2013-06-05,0.36000001430511475,0.36000001430511475,0.34666600823402405,0.3533329963684082,0.3217235803604126,2115000
2013-06-06,0.4000000059604645,0.43333300948143005,0.3866659998893738,0.4000000059604645,0.3642156720161438,27324000
2013-06-07,0.4000000059604645,0.40666601061820984,0.3866659998893738,0.39333298802375793,0.3581451177597046,2946000
2013-06-10,0.39333298802375793,0.4000000059604645,0.3866659998893738,0.39333298802375793,0.3581451177597046,3819000
2013-06-11,0.3866659998893738,0.39333298802375793,0.3799999952316284,0.3866659998893738,0.35207459330558777,1452000
2013-06-13,0.3866659998893738,0.41999998688697815,0.3799999952316284,0.413332998752594,0.376355916261673,4554000
2013-06-14,0.4399999976158142,0.4733330011367798,0.43333300948143005,0.44666600227355957,0.40670692920684814,32343000
2013-06-17,0.3199999928474426,0.33333298563957214,0.3199999928474426,0.3233329951763153,0.2944073975086212,7305000
2013-06-18,0.3100000023841858,0.37333300709724426,0.3100000023841858,0.3666659891605377,0.333863765001297,7494000
2013-06-19,0.3666659891605377,0.4000000059604645,0.34666600823402405,0.39333298802375793,0.3581451177597046,11112000
2013-06-20,0.37333300709724426,0.40666601061820984,0.37333300709724426,0.39333298802375793,0.3581451177597046,2814000
2013-06-21,0.37333300709724426,0.4000000059604645,0.3666659891605377,0.39333298802375793,0.3581451177597046,3225000
2013-06-24,0.3666659891605377,0.3666659891605377,0.326665997505188,0.3533329963684082,0.3217235803604126,3288000
2013-06-25,0.36000001430511475,0.37333300709724426,0.3233329951763153,0.3666659891605377,0.333863765001297,3672000
2013-06-26,0.36000001430511475,0.37333300709724426,0.34666600823402405,0.36000001430511475,0.3277941346168518,1764000
2013-06-27,0.34666600823402405,0.3666659891605377,0.33333298563957214,0.33333298563957214,0.3035127520561218,3261000
2013-06-28,0.33333298563957214,0.3400000035762787,0.3233329951763153,0.33333298563957214,0.3035127520561218,1812000
2013-07-02,0.33333298563957214,0.3533329963684082,0.3233329951763153,0.34666600823402405,0.3156530559062958,3711000
2013-07-03,0.3400000035762787,0.3533329963684082,0.33333298563957214,0.34666600823402405,0.3156530559062958,2724000
2013-07-04,0.34666600823402405,0.34666600823402405,0.33333298563957214,0.34666600823402405,0.3156530559062958,747000
2013-07-05,0.34666600823402405,0.3533329963684082,0.34666600823402405,0.34666600823402405,0.3156530559062958,1011000
2013-07-08,0.34666600823402405,0.34666600823402405,0.33333298563957214,0.3400000035762787,0.3095833361148834,3702000
2013-07-09,0.3400000035762787,0.3799999952316284,0.3400000035762787,0.37333300709724426,0.3399343490600586,2613000
2013-07-10,0.3799999952316284,0.413332998752594,0.37333300709724426,0.3866659998893738,0.35207459330558777,6615000
2013-07-11,0.4000000059604645,0.4000000059604645,0.3799999952316284,0.3866659998893738,0.35207459330558777,5397000
2013-07-12,0.3866659998893738,0.4000000059604645,0.37333300709724426,0.39333298802375793,0.3581451177597046,3921000
2013-07-15,0.37333300709724426,0.39333298802375793,0.3400000035762787,0.34666600823402405,0.3156530559062958,9834000
2013-07-16,0.33333298563957214,0.3400000035762787,0.326665997505188,0.33000001311302185,0.3004779815673828,4008000
2013-07-17,0.326665997505188,0.33333298563957214,0.31333300471305847,0.3199999928474426,0.29137253761291504,3390000
2013-07-18,0.3199999928474426,0.3400000035762787,0.3199999928474426,0.33333298563957214,0.3035127520561218,2658000
2013-07-19,0.33000001311302185,0.33000001311302185,0.3199999928474426,0.33000001311302185,0.3004779815673828,930000
2013-07-22,0.3199999928474426,0.3233329951763153,0.31666600704193115,0.3233329951763153,0.2944073975086212,756000
2013-07-23,0.3199999928474426,0.33000001311302185,0.3199999928474426,0.326665997505188,0.297442227602005,1461000
2013-07-24,0.326665997505188,0.33333298563957214,0.3233329951763153,0.33000001311302185,0.3004779815673828,579000
2013-07-25,0.33000001311302185,0.33000001311302185,0.3199999928474426,0.3233329951763153,0.2944073975086212,1626000
2013-07-26,0.326665997505188,0.326665997505188,0.3100000023841858,0.3100000023841858,0.28226718306541443,2355000
2013-07-29,0.30000001192092896,0.30333301424980164,0.2933329939842224,0.2966659963130951,0.2701260447502136,1566000
2013-07-30,0.28666600584983826,0.30000001192092896,0.28666600584983826,0.2966659963130951,0.2701260447502136,4404000
2013-07-31,0.2933329939842224,0.2966659963130951,0.28999999165534973,0.2933329939842224,0.26709121465682983,420000
2013-08-01,0.28999999165534973,0.3199999928474426,0.30000001192092896,0.31666600704193115,0.2883368134498596,2640000
2013-08-02,0.31666600704193115,0.31666600704193115,0.2966659963130951,0.30333301424980164,0.2761966288089752,2718000
2013-08-05,0.30666598677635193,0.30666598677635193,0.28999999165534973,0.30333301424980164,0.2761966288089752,300000
2013-08-06,0.30000001192092896,0.30000001192092896,0.2966659963130951,0.2966659963130951,0.2701260447502136,615000
2013-08-07,0.30000001192092896,0.30000001192092896,0.28999999165534973,0.2966659963130951,0.2701260447502136,765000
2013-08-08,0.28999999165534973,0.2966659963130951,0.28999999165534973,0.2966659963130951,0.2701260447502136,324000
2013-08-09,0.30000001192092896,0.3233329951763153,0.2966659963130951,0.30666598677635193,0.2792314291000366,1338000
2013-08-12,0.30333301424980164,0.30333301424980164,0.30000001192092896,0.30666598677635193,0.2792314291000366,150000
2013-08-13,0.31666600704193115,0.3233329951763153,0.31333300471305847,0.31666600704193115,0.2883368134498596,675000
2013-08-14,0.31666600704193115,0.31666600704193115,0.31666600704193115,0.31666600704193115,0.2883368134498596,0
2013-08-15,0.3100000023841858,0.31333300471305847,0.30333301424980164,0.31333300471305847,0.28530192375183105,1281000
2013-08-16,0.30333301424980164,0.3199999928474426,0.30333301424980164,0.31666600704193115,0.2883368134498596,957000
2013-08-19,0.31666600704193115,0.3199999928474426,0.31666600704193115,0.3199999928474426,0.29137253761291504,300000
2013-08-20,0.30666598677635193,0.31333300471305847,0.30666598677635193,0.3100000023841858,0.28226718306541443,219000
2013-08-21,0.30666598677635193,0.3100000023841858,0.30000001192092896,0.3100000023841858,0.28226718306541443,72000
2013-08-22,0.3100000023841858,0.3199999928474426,0.30000001192092896,0.3199999928474426,0.29137253761291504,528000
2013-08-23,0.31666600704193115,0.326665997505188,0.31333300471305847,0.31666600704193115,0.2883368134498596,1692000
2013-08-26,0.31666600704193115,0.31666600704193115,0.30666598677635193,0.30666598677635193,0.2792314291000366,720000
2013-08-27,0.31333300471305847,0.31333300471305847,0.30666598677635193,0.3100000023841858,0.28226718306541443,330000
2013-08-28,0.2933329939842224,0.30666598677635193,0.28999999165534973,0.30333301424980164,0.28351306915283203,471000
2013-08-29,0.30000001192092896,0.30333301424980164,0.2933329939842224,0.30333301424980164,0.28351306915283203,318000
2013-08-30,0.30000001192092896,0.30000001192092896,0.30000001192092896,0.30000001192092896,0.280397891998291,126000
2013-09-02,0.2933329939842224,0.3199999928474426,0.28666600584983826,0.31333300471305847,0.29285964369773865,675000
2013-09-03,0.31333300471305847,0.31333300471305847,0.31333300471305847,0.31333300471305847,0.29285964369773865,0
2013-09-04,0.30666598677635193,0.30666598677635193,0.30666598677635193,0.30666598677635193,0.28662824630737305,0
2013-09-05,0.30333301424980164,0.31333300471305847,0.30333301424980164,0.31333300471305847,0.29285964369773865,210000
2013-09-06,0.2966659963130951,0.30000001192092896,0.2933329939842224,0.2933329939842224,0.274166464805603,1329000
2013-09-09,0.2933329939842224,0.2966659963130951,0.2933329939842224,0.2966659963130951,0.2772817015647888,654000
2013-09-10,0.2933329939842224,0.2966659963130951,0.28999999165534973,0.2966659963130951,0.2772817015647888,186000
2013-09-11,0.28999999165534973,0.2933329939842224,0.28666600584983826,0.28666600584983826,0.2679350674152374,639000
2013-09-12,0.28666600584983826,0.28666600584983826,0.28666600584983826,0.28666600584983826,0.2679350674152374,555000
2013-09-13,0.28666600584983826,0.28999999165534973,0.28666600584983826,0.28666600584983826,0.2679350674152374,726000
2013-09-16,0.28666600584983826,0.28666600584983826,0.2833330035209656,0.2833330035209656,0.264819860458374,414000
2013-09-17,0.2833330035209656,0.2833330035209656,0.27333301305770874,0.27666598558425903,0.2585884630680084,1980000
2013-09-18,0.27666598558425903,0.28666600584983826,0.27666598558425903,0.2833330035209656,0.264819860458374,525000
2013-09-19,0.2833330035209656,0.2833330035209656,0.2833330035209656,0.2833330035209656,0.264819860458374,63000
2013-09-23,0.2833330035209656,0.2833330035209656,0.2833330035209656,0.2833330035209656,0.264819860458374,0
2013-09-24,0.27333301305770874,0.28666600584983826,0.27333301305770874,0.28666600584983826,0.2679350674152374,600000
2013-09-25,0.2800000011920929,0.2800000011920929,0.2800000011920929,0.2800000011920929,0.2617046535015106,138000
2013-09-26,0.2666659951210022,0.27666598558425903,0.2666659951210022,0.27666598558425903,0.2585884630680084,1023000
2013-09-27,0.2800000011920929,0.2800000011920929,0.27000001072883606,0.27000001072883606,0.2523580491542816,177000
2013-09-30,0.28666600584983826,0.28666600584983826,0.27000001072883606,0.27000001072883606,0.2523580491542816,300000
2013-10-02,0.27333301305770874,0.27333301305770874,0.27333301305770874,0.27333301305770874,0.2554732859134674,471000
2013-10-03,0.2833330035209656,0.2833330035209656,0.27000001072883606,0.27000001072883606,0.2523580491542816,594000
2013-10-04,0.27333301305770874,0.2800000011920929,0.27333301305770874,0.2800000011920929,0.2617046535015106,600000
2013-10-07,0.2800000011920929,0.28666600584983826,0.2800000011920929,0.28666600584983826,0.2679350674152374,738000
2013-10-08,0.28666600584983826,0.28999999165534973,0.28666600584983826,0.28999999165534973,0.27105122804641724,225000
2013-10-09,0.2833330035209656,0.30000001192092896,0.2800000011920929,0.30000001192092896,0.280397891998291,885000
2013-10-10,0.30000001192092896,0.30000001192092896,0.2933329939842224,0.30000001192092896,0.280397891998291,798000
2013-10-11,0.28666600584983826,0.30666598677635193,0.28666600584983826,0.30666598677635193,0.28662824630737305,171000
2013-10-15,0.30000001192092896,0.30000001192092896,0.28999999165534973,0.2966659963130951,0.2772817015647888,525000
2013-10-16,0.2933329939842224,0.2933329939842224,0.2833330035209656,0.28999999165534973,0.27105122804641724,1365000
2013-10-17,0.2800000011920929,0.28666600584983826,0.2800000011920929,0.28666600584983826,0.2679350674152374,627000
2013-10-18,0.28999999165534973,0.28999999165534973,0.28999999165534973,0.28999999165534973,0.27105122804641724,153000
2013-10-21,0.28666600584983826,0.28666600584983826,0.2800000011920929,0.28666600584983826,0.2679350674152374,450000
2013-10-22,0.28666600584983826,0.28666600584983826,0.28666600584983826,0.28666600584983826,0.2679350674152374,99000
2013-10-23,0.28666600584983826,0.28666600584983826,0.28666600584983826,0.28666600584983826,0.2679350674152374,75000
2013-10-24,0.28666600584983826,0.2933329939842224,0.28666600584983826,0.2933329939842224,0.274166464805603,423000
2013-10-25,0.2933329939842224,0.2933329939842224,0.28999999165534973,0.28999999165534973,0.27105122804641724,153000
2013-10-28,0.28999999165534973,0.2933329939842224,0.2833330035209656,0.2933329939842224,0.274166464805603,399000
2013-10-29,0.2833330035209656,0.28666600584983826,0.2800000011920929,0.28666600584983826,0.2679350674152374,936000
2013-10-30,0.28999999165534973,0.31333300471305847,0.28999999165534973,0.31333300471305847,0.29285964369773865,1272000
2013-10-31,0.31333300471305847,0.31333300471305847,0.30000001192092896,0.30000001192092896,0.280397891998291,441000
2013-11-01,0.30000001192092896,0.326665997505188,0.30000001192092896,0.31666600704193115,0.29597488045692444,1716000
2013-11-04,0.31666600704193115,0.31666600704193115,0.30666598677635193,0.30666598677635193,0.28662824630737305,210000
2013-11-05,0.31333300471305847,0.3199999928474426,0.30666598677635193,0.31666600704193115,0.29597488045692444,666000
2013-11-06,0.31333300471305847,0.33333298563957214,0.31333300471305847,0.33000001311302185,0.30843764543533325,2901000
2013-11-07,0.33333298563957214,0.33333298563957214,0.31666600704193115,0.326665997505188,0.30532145500183105,354000
2013-11-08,0.3233329951763153,0.33000001311302185,0.31333300471305847,0.31333300471305847,0.29285964369773865,678000
2013-11-11,0.3199999928474426,0.3199999928474426,0.31333300471305847,0.31333300471305847,0.29285964369773865,720000
2013-11-12,0.33000001311302185,0.31666600704193115,0.31666600704193115,0.31666600704193115,0.29597488045692444,348000
2013-11-13,0.31333300471305847,0.3199999928474426,0.3100000023841858,0.3199999928474426,0.29909101128578186,798000
2013-11-14,0.3199999928474426,0.33333298563957214,0.31666600704193115,0.31666600704193115,0.29597488045692444,594000
2013-11-15,0.326665997505188,0.326665997505188,0.31666600704193115,0.3199999928474426,0.29909101128578186,1098000
2013-11-18,0.3233329951763153,0.3233329951763153,0.31333300471305847,0.31666600704193115,0.29597488045692444,330000
2013-11-19,0.3233329951763153,0.3233329951763153,0.3233329951763153,0.3233329951763153,0.30220627784729004,150000
2013-11-20,0.3199999928474426,0.326665997505188,0.3199999928474426,0.3199999928474426,0.29909101128578186,804000
2013-11-21,0.31333300471305847,0.31333300471305847,0.3100000023841858,0.3199999928474426,0.29909101128578186,84000
2013-11-22,0.31333300471305847,0.31333300471305847,0.31333300471305847,0.31333300471305847,0.29285964369773865,150000
2013-11-25,0.3233329951763153,0.3233329951763153,0.3233329951763153,0.3233329951763153,0.30220627784729004,24000
2013-11-26,0.31333300471305847,0.31666600704193115,0.31333300471305847,0.31666600704193115,0.29597488045692444,510000
2013-11-27,0.31333300471305847,0.31333300471305847,0.31333300471305847,0.31333300471305847,0.29285964369773865,135000
2013-11-28,0.31666600704193115,0.3233329951763153,0.3199999928474426,0.3233329951763153,0.30220627784729004,270000
2013-11-29,0.3199999928474426,0.3199999928474426,0.3199999928474426,0.3199999928474426,0.29909101128578186,15000
2013-12-02,0.3199999928474426,0.3199999928474426,0.31333300471305847,0.31666600704193115,0.29597488045692444,315000
2013-12-03,0.31333300471305847,0.31666600704193115,0.31333300471305847,0.31666600704193115,0.29597488045692444,690000
2013-12-04,0.3100000023841858,0.31333300471305847,0.30333301424980164,0.31333300471305847,0.29285964369773865,165000
2013-12-05,0.30666598677635193,0.31333300471305847,0.30333301424980164,0.3100000023841858,0.28974440693855286,669000
2013-12-06,0.30333301424980164,0.30666598677635193,0.30333301424980164,0.30333301424980164,0.28351306915283203,771000
2013-12-09,0.3100000023841858,0.3100000023841858,0.30000001192092896,0.30000001192092896,0.280397891998291,252000
2013-12-10,0.30000001192092896,0.30666598677635193,0.30000001192092896,0.30666598677635193,0.28662824630737305,963000
2013-12-11,0.30666598677635193,0.3100000023841858,0.30666598677635193,0.30666598677635193,0.28662824630737305,169500
2013-12-12,0.30333301424980164,0.30333301424980164,0.30000001192092896,0.30000001192092896,0.280397891998291,315000
2013-12-13,0.30000001192092896,0.30000001192092896,0.30000001192092896,0.30000001192092896,0.280397891998291,165000
2013-12-16,0.30333301424980164,0.30666598677635193,0.30000001192092896,0.30666598677635193,0.28662824630737305,780000
2013-12-17,0.30666598677635193,0.30666598677635193,0.2833330035209656,0.2833330035209656,0.264819860458374,5247000
2013-12-18,0.2800000011920929,0.28666600584983826,0.2633329927921295,0.2666659951210022,0.2492419332265854,5418000
2013-12-19,0.2666659951210022,0.2666659951210022,0.25666600465774536,0.25666600465774536,0.239895299077034,3486000
2013-12-20,0.25999999046325684,0.25999999046325684,0.25999999046325684,0.25999999046325684,0.2430114448070526,294000
2013-12-23,0.2633329927921295,0.2633329927921295,0.2533330023288727,0.2633329927921295,0.2461266666650772,630000
2013-12-24,0.25999999046325684,0.2633329927921295,0.25999999046325684,0.2633329927921295,0.2461266666650772,90000
2013-12-27,0.2633329927921295,0.2800000011920929,0.2633329927921295,0.2800000011920929,0.2617046535015106,1722000
2013-12-30,0.2800000011920929,0.2800000011920929,0.2800000011920929,0.2800000011920929,0.2617046535015106,0
2013-12-31,0.27000001072883606,0.27333301305770874,0.2666659951210022,0.27000001072883606,0.2523580491542816,60000
2014-01-02,0.25999999046325684,0.2666659951210022,0.25999999046325684,0.2666659951210022,0.25555217266082764,222000
2014-01-03,0.25666600465774536,0.25666600465774536,0.24666599929332733,0.25666600465774536,0.24596890807151794,348000
2014-01-06,0.2533330023288727,0.2533330023288727,0.2533330023288727,0.2533330023288727,0.2427748441696167,18000
2014-01-07,0.2533330023288727,0.2533330023288727,0.24666599929332733,0.24666599929332733,0.23638567328453064,465000
2014-01-08,0.25999999046325684,0.30666598677635193,0.25999999046325684,0.28666600584983826,0.27471858263015747,9309750
2014-01-09,0.28666600584983826,0.30666598677635193,0.2833330035209656,0.28666600584983826,0.27471858263015747,3369000
2014-01-10,0.30000001192092896,0.30000001192092896,0.27666598558425903,0.2833330035209656,0.2715245187282562,240000
2014-01-13,0.2933329939842224,0.2933329939842224,0.27666598558425903,0.28999999165534973,0.2779136300086975,396000
2014-01-14,0.27666598558425903,0.2833330035209656,0.27666598558425903,0.2833330035209656,0.2715245187282562,375000
2014-01-15,0.2833330035209656,0.2833330035209656,0.27333301305770874,0.27666598558425903,0.26513534784317017,90000
2014-01-16,0.27666598558425903,0.27666598558425903,0.27333301305770874,0.27333301305770874,0.2619412839412689,150000
2014-01-17,0.2933329939842224,0.2933329939842224,0.27666598558425903,0.27666598558425903,0.26513534784317017,219000
2014-01-20,0.2933329939842224,0.2933329939842224,0.27333301305770874,0.27333301305770874,0.2619412839412689,276000
2014-01-21,0.2666659951210022,0.2800000011920929,0.2666659951210022,0.2800000011920929,0.2683304250240326,18000
2014-01-22,0.27000001072883606,0.27000001072883606,0.2666659951210022,0.2800000011920929,0.2683304250240326,153000
2014-01-23,0.2800000011920929,0.2800000011920929,0.27333301305770874,0.2800000011920929,0.2683304250240326,147000
2014-01-24,0.2800000011920929,0.2800000011920929,0.2800000011920929,0.27666598558425903,0.26513534784317017,75000
2014-01-27,0.2666659951210022,0.2800000011920929,0.25,0.27333301305770874,0.2619412839412689,246000
2014-01-28,0.27333301305770874,0.27333301305770874,0.27333301305770874,0.27333301305770874,0.2619412839412689,0
2014-01-29,0.27333301305770874,0.27333301305770874,0.27333301305770874,0.27333301305770874,0.2619412839412689,0
2014-01-30,0.27333301305770874,0.27333301305770874,0.27333301305770874,0.27333301305770874,0.2619412839412689,0
2014-02-04,0.27333301305770874,0.28666600584983826,0.27333301305770874,0.27666598558425903,0.26513534784317017,270000
2014-02-05,0.27333301305770874,0.27333301305770874,0.25999999046325684,0.27333301305770874,0.2619412839412689,66000
2014-02-06,0.27333301305770874,0.27333301305770874,0.27333301305770874,0.27333301305770874,0.2619412839412689,0
2014-02-07,0.27333301305770874,0.27666598558425903,0.25999999046325684,0.2666659951210022,0.25555217266082764,645000
2014-02-10,0.2633329927921295,0.2633329927921295,0.2633329927921295,0.2666659951210022,0.25555217266082764,75000
2014-02-11,0.2666659951210022,0.2666659951210022,0.25999999046325684,0.2666659951210022,0.25555217266082764,210000
2014-02-12,0.2666659951210022,0.2666659951210022,0.2666659951210022,0.2666659951210022,0.25555217266082764,120000
2014-02-13,0.25666600465774536,0.25999999046325684,0.25666600465774536,0.25999999046325684,0.24916395545005798,150000
2014-02-14,0.25999999046325684,0.25999999046325684,0.25999999046325684,0.25999999046325684,0.24916395545005798,0
2014-02-17,0.25666600465774536,0.2633329927921295,0.25,0.25999999046325684,0.24916395545005798,375000
2014-02-18,0.25999999046325684,0.2633329927921295,0.25999999046325684,0.25999999046325684,0.24916395545005798,351000
2014-02-19,0.25666600465774536,0.2666659951210022,0.2533330023288727,0.2533330023288727,0.2427748441696167,1236000
2014-02-20,0.24666599929332733,0.2666659951210022,0.2366659939289093,0.25999999046325684,0.24916395545005798,894000
2014-02-21,0.25,0.25999999046325684,0.25,0.25999999046325684,0.24916395545005798,243000
2014-02-24,0.2533330023288727,0.2533330023288727,0.25,0.2533330023288727,0.2427748441696167,795000
2014-02-25,0.2533330023288727,0.25999999046325684,0.25,0.25999999046325684,0.24916395545005798,690000
2014-02-26,0.2533330023288727,0.2533330023288727,0.2533330023288727,0.2533330023288727,0.2427748441696167,225000
2014-02-27,0.2533330023288727,0.2533330023288727,0.2533330023288727,0.2533330023288727,0.2427748441696167,0
2014-02-28,0.25,0.25666600465774536,0.24333299696445465,0.25666600465774536,0.24596890807151794,477000
2014-03-03,0.2533330023288727,0.25999999046325684,0.24666599929332733,0.25999999046325684,0.24916395545005798,450000
2014-03-04,0.24666599929332733,0.24666599929332733,0.24666599929332733,0.25,0.23958073556423187,3000
2014-03-05,0.2666659951210022,0.27333301305770874,0.2666659951210022,0.2666659951210022,0.25555217266082764,84000
2014-03-06,0.2633329927921295,0.2800000011920929,0.25666600465774536,0.27666598558425903,0.26513534784317017,1182000
2014-03-07,0.27666598558425903,0.27666598558425903,0.27666598558425903,0.27666598558425903,0.26513534784317017,0
2014-03-10,0.27666598558425903,0.27666598558425903,0.27000001072883606,0.27000001072883606,0.2587471902370453,345000
2014-03-11,0.27000001072883606,0.2966659963130951,0.2666659951210022,0.2800000011920929,0.2683304250240326,1395000
2014-03-12,0.2933329939842224,0.2933329939842224,0.27333301305770874,0.27333301305770874,0.2619412839412689,255000
2014-03-13,0.2800000011920929,0.2800000011920929,0.27000001072883606,0.27666598558425903,0.26513534784317017,180000
2014-03-14,0.3233329951763153,0.3233329951763153,0.2666659951210022,0.2800000011920929,0.2683304250240326,261000
2014-03-17,0.27666598558425903,0.27666598558425903,0.27666598558425903,0.27666598558425903,0.26513534784317017,0
2014-03-18,0.2800000011920929,0.2800000011920929,0.2800000011920929,0.27666598558425903,0.26513534784317017,3000
2014-03-19,0.2800000011920929,0.28999999165534973,0.27666598558425903,0.27666598558425903,0.26513534784317017,528000
2014-03-20,0.33000001311302185,0.33000001311302185,0.27333301305770874,0.28666600584983826,0.27471858263015747,234000
2014-03-21,0.2933329939842224,0.2933329939842224,0.27666598558425903,0.27666598558425903,0.26513534784317017,453000
2014-03-24,0.30666598677635193,0.30666598677635193,0.27333301305770874,0.28999999165534973,0.2779136300086975,15000
2014-03-25,0.28666600584983826,0.28666600584983826,0.27000001072883606,0.27666598558425903,0.26513534784317017,177000
2014-03-26,0.27666598558425903,0.27666598558425903,0.27666598558425903,0.27666598558425903,0.26513534784317017,0
2014-03-27,0.27000001072883606,0.27666598558425903,0.25999999046325684,0.2666659951210022,0.25555217266082764,465000
2014-03-28,0.28666600584983826,0.28666600584983826,0.2666659951210022,0.27000001072883606,0.2587471902370453,282000
2014-03-31,0.2666659951210022,0.27333301305770874,0.2666659951210022,0.27333301305770874,0.2619412839412689,81000
2014-04-01,0.27333301305770874,0.27333301305770874,0.25,0.25666600465774536,0.24596890807151794,258000
2014-04-02,0.2633329927921295,0.33333298563957214,0.2633329927921295,0.28666600584983826,0.27471858263015747,3927000
2014-04-03,0.27333301305770874,0.2933329939842224,0.27000001072883606,0.27666598558425903,0.26513534784317017,1536000
2014-04-04,0.27333301305770874,0.2833330035209656,0.27000001072883606,0.2800000011920929,0.2683304250240326,513000
2014-04-07,0.2800000011920929,0.2933329939842224,0.27333301305770874,0.27333301305770874,0.2619412839412689,261000
2014-04-08,0.27333301305770874,0.2933329939842224,0.27000001072883606,0.2800000011920929,0.2683304250240326,204000
2014-04-09,0.27666598558425903,0.2933329939842224,0.27666598558425903,0.28999999165534973,0.2779136300086975,777000
2014-04-10,0.28666600584983826,0.30000001192092896,0.28666600584983826,0.28999999165534973,0.2779136300086975,2211000
2014-04-11,0.30666598677635193,0.3100000023841858,0.2800000011920929,0.28666600584983826,0.27471858263015747,942000
2014-04-14,0.2933329939842224,0.2933329939842224,0.27000001072883606,0.2800000011920929,0.2683304250240326,765000
2014-04-15,0.2800000011920929,0.2800000011920929,0.27000001072883606,0.27000001072883606,0.2587471902370453,75000
2014-04-16,0.27000001072883606,0.27666598558425903,0.25999999046325684,0.2666659951210022,0.25555217266082764,147000
2014-04-17,0.2800000011920929,0.2800000011920929,0.2800000011920929,0.2800000011920929,0.2683304250240326,12000
2014-04-22,0.2800000011920929,0.2800000011920929,0.2800000011920929,0.2800000011920929,0.2683304250240326,15000
2014-04-23,0.2666659951210022,0.27333301305770874,0.2666659951210022,0.27666598558425903,0.26513534784317017,162000
2014-04-24,0.27666598558425903,0.27666598558425903,0.27666598558425903,0.27666598558425903,0.26513534784317017,0
2014-04-25,0.27666598558425903,0.27666598558425903,0.27666598558425903,0.27333301305770874,0.2619412839412689,15000
2014-04-28,0.2666659951210022,0.2666659951210022,0.2666659951210022,0.2666659951210022,0.25555217266082764,30000
2014-04-29,0.25999999046325684,0.27333301305770874,0.25999999046325684,0.2666659951210022,0.25555217266082764,216000
2014-04-30,0.2666659951210022,0.27333301305770874,0.25999999046325684,0.2633329927921295,0.2523580491542816,567000
2014-05-02,0.2666659951210022,0.27666598558425903,0.2666659951210022,0.2666659951210022,0.25555217266082764,522000
2014-05-05,0.2666659951210022,0.2666659951210022,0.2666659951210022,0.2666659951210022,0.25555217266082764,0
2014-05-07,0.2666659951210022,0.2666659951210022,0.2666659951210022,0.2666659951210022,0.25555217266082764,105000
2014-05-08,0.2633329927921295,0.2633329927921295,0.2633329927921295,0.2633329927921295,0.2523580491542816,105000
2014-05-09,0.25999999046325684,0.2633329927921295,0.25999999046325684,0.2633329927921295,0.2523580491542816,30000
2014-05-12,0.25999999046325684,0.27666598558425903,0.25,0.27666598558425903,0.26513534784317017,240000
2014-05-13,0.2800000011920929,0.28666600584983826,0.27666598558425903,0.27666598558425903,0.26513534784317017,282000
2014-05-14,0.28666600584983826,0.28666600584983826,0.27000001072883606,0.27333301305770874,0.2619412839412689,291000
2014-05-15,0.27666598558425903,0.27666598558425903,0.27333301305770874,0.27333301305770874,0.2619412839412689,636000
2014-05-16,0.27333301305770874,0.27333301305770874,0.27000001072883606,0.27333301305770874,0.2619412839412689,156000
2014-05-19,0.27000001072883606,0.27000001072883606,0.2633329927921295,0.27000001072883606,0.2587471902370453,279000
2014-05-20,0.27000001072883606,0.27000001072883606,0.27000001072883606,0.27000001072883606,0.2587471902370453,297000
2014-05-21,0.27666598558425903,0.27666598558425903,0.27333301305770874,0.2666659951210022,0.25555217266082764,24000
2014-05-22,0.2633329927921295,0.27000001072883606,0.25999999046325684,0.2666659951210022,0.25555217266082764,249000
2014-05-23,0.2633329927921295,0.28666600584983826,0.2633329927921295,0.27000001072883606,0.2587471902370453,546000
2014-05-26,0.27000001072883606,0.27000001072883606,0.27000001072883606,0.27000001072883606,0.2587471902370453,0
2014-05-27,0.2666659951210022,0.2800000011920929,0.2666659951210022,0.2800000011920929,0.2683304250240326,87000
2014-05-28,0.2800000011920929,0.2933329939842224,0.27000001072883606,0.27000001072883606,0.2587471902370453,246000
2014-05-29,0.27000001072883606,0.2933329939842224,0.27000001072883606,0.2833330035209656,0.2715245187282562,258000
2014-05-30,0.2933329939842224,0.2933329939842224,0.27666598558425903,0.27666598558425903,0.26513534784317017,675000
2014-06-03,0.28666600584983826,0.27666598558425903,0.27666598558425903,0.27666598558425903,0.26513534784317017,84000
2014-06-04,0.2933329939842224,0.2933329939842224,0.27666598558425903,0.2800000011920929,0.2683304250240326,867000
2014-06-05,0.2933329939842224,0.2933329939842224,0.2800000011920929,0.2800000011920929,0.2683304250240326,159000
2014-06-06,0.28666600584983826,0.28666600584983826,0.28666600584983826,0.28666600584983826,0.27471858263015747,120000
2014-06-09,0.28666600584983826,0.28666600584983826,0.28666600584983826,0.28666600584983826,0.27471858263015747,33000
2014-06-10,0.28666600584983826,0.28666600584983826,0.28666600584983826,0.28666600584983826,0.27471858263015747,0
2014-06-11,0.28666600584983826,0.28666600584983826,0.28666600584983826,0.28666600584983826,0.27471858263015747,189000
2014-06-12,0.28666600584983826,0.28666600584983826,0.28666600584983826,0.28666600584983826,0.27471858263015747,0
2014-06-13,0.2800000011920929,0.2933329939842224,0.2800000011920929,0.2933329939842224,0.28110775351524353,69000
2014-06-16,0.2933329939842224,0.2933329939842224,0.2933329939842224,0.2933329939842224,0.28110775351524353,150000
2014-06-17,0.2933329939842224,0.30000001192092896,0.2933329939842224,0.30000001192092896,0.2874969244003296,918000
2014-06-18,0.30000001192092896,0.30000001192092896,0.2933329939842224,0.2933329939842224,0.28110775351524353,852000
2014-06-19,0.2933329939842224,0.2933329939842224,0.2933329939842224,0.2933329939842224,0.28110775351524353,0
2014-06-20,0.30000001192092896,0.30000001192092896,0.30000001192092896,0.30000001192092896,0.2874969244003296,15000
2014-06-23,0.2933329939842224,0.2933329939842224,0.2933329939842224,0.2933329939842224,0.28110775351524353,300000
2014-06-24,0.2933329939842224,0.2933329939842224,0.2933329939842224,0.2933329939842224,0.28110775351524353,0
2014-06-25,0.2966659963130951,0.2933329939842224,0.2933329939842224,0.2933329939842224,0.28110775351524353,6000
2014-06-26,0.2933329939842224,0.2933329939842224,0.2800000011920929,0.2800000011920929,0.2683304250240326,894000
2014-06-27,0.2933329939842224,0.2933329939842224,0.2933329939842224,0.2933329939842224,0.28110775351524353,198000
2014-06-30,0.2933329939842224,0.2933329939842224,0.2933329939842224,0.2933329939842224,0.28110775351524353,0
2014-07-02,0.2933329939842224,0.2966659963130951,0.2933329939842224,0.2966659963130951,0.28430184721946716,393000
2014-07-03,0.28999999165534973,0.28999999165534973,0.2833330035209656,0.28666600584983826,0.27471858263015747,465000
2014-07-04,0.28999999165534973,0.28999999165534973,0.2833330035209656,0.28666600584983826,0.27471858263015747,1020000
2014-07-07,0.28666600584983826,0.28666600584983826,0.28666600584983826,0.28666600584983826,0.27471858263015747,105000
2014-07-08,0.28666600584983826,0.28666600584983826,0.28666600584983826,0.28666600584983826,0.27471858263015747,0
2014-07-09,0.28999999165534973,0.28999999165534973,0.28666600584983826,0.28999999165534973,0.2779136300086975,330000
2014-07-10,0.28999999165534973,0.28999999165534973,0.28999999165534973,0.28999999165534973,0.2779136300086975,0
2014-07-11,0.2833330035209656,0.28666600584983826,0.2833330035209656,0.28666600584983826,0.27471858263015747,375000
2014-07-14,0.28666600584983826,0.28999999165534973,0.2833330035209656,0.28999999165534973,0.2779136300086975,348000
2014-07-15,0.28666600584983826,0.2933329939842224,0.2800000011920929,0.2800000011920929,0.2683304250240326,3249000
2014-07-16,0.2800000011920929,0.2800000011920929,0.27666598558425903,0.27666598558425903,0.26513534784317017,513000
2014-07-17,0.2800000011920929,0.2800000011920929,0.2800000011920929,0.2800000011920929,0.2683304250240326,315000
2014-07-18,0.2800000011920929,0.2800000011920929,0.2800000011920929,0.2800000011920929,0.2683304250240326,0
2014-07-21,0.2966659963130951,0.2800000011920929,0.2800000011920929,0.2800000011920929,0.2683304250240326,3000
2014-07-22,0.2666659951210022,0.27333301305770874,0.2666659951210022,0.27000001072883606,0.2587471902370453,930000
2014-07-23,0.2666659951210022,0.27333301305770874,0.25,0.27000001072883606,0.2587471902370453,2541000
2014-07-24,0.2666659951210022,0.27000001072883606,0.25999999046325684,0.2666659951210022,0.25555217266082764,1050000
2014-07-25,0.25999999046325684,0.2666659951210022,0.25999999046325684,0.2666659951210022,0.25555217266082764,156000
2014-07-28,0.2666659951210022,0.27000001072883606,0.25999999046325684,0.27000001072883606,0.2587471902370453,894000
2014-07-29,0.2666659951210022,0.27333301305770874,0.2666659951210022,0.27333301305770874,0.2619412839412689,159000
2014-07-30,0.2666659951210022,0.27333301305770874,0.2666659951210022,0.2666659951210022,0.25555217266082764,660000
2014-07-31,0.2666659951210022,0.2666659951210022,0.2633329927921295,0.2666659951210022,0.25555217266082764,528000
2014-08-01,0.2666659951210022,0.2666659951210022,0.2633329927921295,0.2666659951210022,0.25555217266082764,561000
2014-08-04,0.2666659951210022,0.2666659951210022,0.2633329927921295,0.2666659951210022,0.25555217266082764,1095000
2014-08-05,0.2666659951210022,0.2666659951210022,0.2666659951210022,0.2666659951210022,0.25555217266082764,0
2014-08-06,0.2633329927921295,0.27333301305770874,0.2633329927921295,0.27333301305770874,0.2619412839412689,438000
2014-08-07,0.27333301305770874,0.2800000011920929,0.2666659951210022,0.2800000011920929,0.2683304250240326,336000
2014-08-08,0.27000001072883606,0.27000001072883606,0.2666659951210022,0.2666659951210022,0.25555217266082764,111000
2014-08-11,0.2666659951210022,0.2666659951210022,0.2666659951210022,0.2666659951210022,0.25555217266082764,0
2014-08-12,0.2666659951210022,0.2800000011920929,0.2666659951210022,0.2800000011920929,0.2683304250240326,276000
2014-08-13,0.2666659951210022,0.2800000011920929,0.2666659951210022,0.27333301305770874,0.2619412839412689,360000
2014-08-14,0.27000001072883606,0.27666598558425903,0.2666659951210022,0.27666598558425903,0.26513534784317017,543000
2014-08-15,0.27333301305770874,0.27333301305770874,0.27000001072883606,0.27000001072883606,0.2587471902370453,171000
2014-08-18,0.2666659951210022,0.2800000011920929,0.2633329927921295,0.27333301305770874,0.2619412839412689,654000
2014-08-19,0.27333301305770874,0.2933329939842224,0.2666659951210022,0.2933329939842224,0.28110775351524353,1224000
2014-08-20,0.2800000011920929,0.2933329939842224,0.2800000011920929,0.2933329939842224,0.28110775351524353,861000
2014-08-21,0.28666600584983826,0.28666600584983826,0.2833330035209656,0.2833330035209656,0.2715245187282562,159000
2014-08-22,0.27666598558425903,0.28666600584983826,0.27333301305770874,0.28666600584983826,0.27471858263015747,300000
2014-08-25,0.28999999165534973,0.28999999165534973,0.28999999165534973,0.28999999165534973,0.2779136300086975,75000
2014-08-26,0.28666600584983826,0.28666600584983826,0.28666600584983826,0.28666600584983826,0.27471858263015747,0
2014-08-27,0.28666600584983826,0.28666600584983826,0.28666600584983826,0.28666600584983826,0.27471858263015747,0
2014-08-28,0.2800000011920929,0.28999999165534973,0.2800000011920929,0.28666600584983826,0.27471858263015747,300000
2014-08-29,0.28666600584983826,0.28666600584983826,0.28666600584983826,0.28666600584983826,0.27471858263015747,0
2014-09-01,0.27666598558425903,0.2933329939842224,0.27666598558425903,0.28666600584983826,0.2826732397079468,360000
2014-09-02,0.28666600584983826,0.28666600584983826,0.28666600584983826,0.28666600584983826,0.2826732397079468,3000
2014-09-03,0.27666598558425903,0.28666600584983826,0.27666598558425903,0.2800000011920929,0.2761000990867615,603000
2014-09-04,0.28666600584983826,0.3100000023841858,0.28666600584983826,0.2933329939842224,0.28924739360809326,441000
2014-09-05,0.28666600584983826,0.28666600584983826,0.28666600584983826,0.28666600584983826,0.2826732397079468,60000
2014-09-08,0.28666600584983826,0.2933329939842224,0.28666600584983826,0.28666600584983826,0.2826732397079468,249000
2014-09-10,0.2933329939842224,0.2933329939842224,0.2800000011920929,0.2800000011920929,0.2761000990867615,357000
2014-09-11,0.27666598558425903,0.2933329939842224,0.27666598558425903,0.28666600584983826,0.2826732397079468,1359000
2014-09-12,0.2933329939842224,0.30000001192092896,0.28666600584983826,0.30000001192092896,0.29582154750823975,783000
2014-09-15,0.2933329939842224,0.2933329939842224,0.2933329939842224,0.2933329939842224,0.28924739360809326,750000
2014-09-16,0.28666600584983826,0.28666600584983826,0.28666600584983826,0.28666600584983826,0.2826732397079468,33000
2014-09-17,0.2933329939842224,0.30000001192092896,0.28999999165534973,0.30000001192092896,0.29582154750823975,3384000
2014-09-18,0.30666598677635193,0.3533329963684082,0.30000001192092896,0.34666600823402405,0.3418375849723816,32475000
2014-09-19,0.3666659891605377,0.40666601061820984,0.3666659891605377,0.37333300709724426,0.3681331276893616,43428000
2014-09-22,0.3666659891605377,0.37333300709724426,0.3400000035762787,0.3533329963684082,0.3484117090702057,7269000
2014-09-23,0.3400000035762787,0.3533329963684082,0.3400000035762787,0.3533329963684082,0.3484117090702057,2313000
2014-09-24,0.3400000035762787,0.37333300709724426,0.3400000035762787,0.34666600823402405,0.3418375849723816,6936000
2014-09-25,0.34666600823402405,0.3666659891605377,0.33333298563957214,0.3400000035762787,0.3352643847465515,5007000
2014-09-26,0.33333298563957214,0.3400000035762787,0.3233329951763153,0.33000001311302185,0.32540369033813477,2661000
2014-09-29,0.326665997505188,0.326665997505188,0.30000001192092896,0.30000001192092896,0.29582154750823975,2631000
2014-09-30,0.30000001192092896,0.30333301424980164,0.28999999165534973,0.2933329939842224,0.28924739360809326,1977000
2014-10-03,0.2933329939842224,0.3233329951763153,0.2800000011920929,0.31333300471305847,0.30896881222724915,3120000
2014-10-06,0.31666600704193115,0.31666600704193115,0.30666598677635193,0.3100000023841858,0.3056822419166565,534000
2014-10-07,0.3199999928474426,0.3199999928474426,0.30666598677635193,0.31333300471305847,0.30896881222724915,1104000
2014-10-08,0.30666598677635193,0.33333298563957214,0.30000001192092896,0.326665997505188,0.32211610674858093,2502000
2014-10-09,0.326665997505188,0.3400000035762787,0.3199999928474426,0.33000001311302185,0.32540369033813477,3207000
2014-10-10,0.3199999928474426,0.33333298563957214,0.3199999928474426,0.3233329951763153,0.31882956624031067,3384000
2014-10-13,0.3233329951763153,0.326665997505188,0.30666598677635193,0.31333300471305847,0.30896881222724915,1962000
2014-10-14,0.3100000023841858,0.31333300471305847,0.3100000023841858,0.31333300471305847,0.30896881222724915,531000
2014-10-15,0.3100000023841858,0.3100000023841858,0.3100000023841858,0.3100000023841858,0.3056822419166565,300000
2014-10-16,0.3100000023841858,0.3100000023841858,0.30666598677635193,0.30666598677635193,0.30239465832710266,405000
2014-10-17,0.30666598677635193,0.31333300471305847,0.30000001192092896,0.30666598677635193,0.30239465832710266,1380000
2014-10-20,0.3199999928474426,0.3199999928474426,0.30666598677635193,0.30666598677635193,0.30239465832710266,240000
2014-10-21,0.30000001192092896,0.3100000023841858,0.30000001192092896,0.30333301424980164,0.2991081476211548,447000
2014-10-22,0.30333301424980164,0.3199999928474426,0.30333301424980164,0.3100000023841858,0.3056822419166565,1179000
2014-10-23,0.3100000023841858,0.3100000023841858,0.30333301424980164,0.30333301424980164,0.2991081476211548,147000
2014-10-24,0.30333301424980164,0.33000001311302185,0.30333301424980164,0.31333300471305847,0.30896881222724915,969000
2014-10-27,0.3100000023841858,0.36000001430511475,0.30666598677635193,0.36000001430511475,0.3549858629703522,10167000
2014-10-28,0.36000001430511475,0.36000001430511475,0.326665997505188,0.326665997505188,0.32211610674858093,4956000
2014-10-29,0.3233329951763153,0.326665997505188,0.3199999928474426,0.326665997505188,0.32211610674858093,1062000
2014-10-30,0.326665997505188,0.3400000035762787,0.326665997505188,0.3400000035762787,0.3352643847465515,1557000
2014-10-31,0.34666600823402405,0.34666600823402405,0.33333298563957214,0.3400000035762787,0.3352643847465515,402000
2014-11-03,0.3400000035762787,0.36000001430511475,0.3400000035762787,0.36000001430511475,0.3549858629703522,3690000
2014-11-04,0.3533329963684082,0.3866659998893738,0.3533329963684082,0.3799999952316284,0.37470728158950806,6804000
2014-11-05,0.3866659998893738,0.3866659998893738,0.34666600823402405,0.34666600823402405,0.3418375849723816,3171000
2014-11-06,0.36000001430511475,0.3666659891605377,0.3533329963684082,0.36000001430511475,0.3549858629703522,3039000
2014-11-07,0.36000001430511475,0.36000001430511475,0.34666600823402405,0.34666600823402405,0.3418375849723816,2076000
2014-11-10,0.3533329963684082,0.36000001430511475,0.3400000035762787,0.3533329963684082,0.3484117090702057,744000
2014-11-11,0.34666600823402405,0.3533329963684082,0.3400000035762787,0.34666600823402405,0.3418375849723816,2466000
2014-11-12,0.3400000035762787,0.34666600823402405,0.33333298563957214,0.3400000035762787,0.3352643847465515,420000
2014-11-13,0.33333298563957214,0.33333298563957214,0.3233329951763153,0.33333298563957214,0.32869023084640503,1269000
2014-11-14,0.33000001311302185,0.34666600823402405,0.3233329951763153,0.34666600823402405,0.3418375849723816,1164000
2014-11-17,0.34666600823402405,0.3533329963684082,0.3400000035762787,0.34666600823402405,0.3418375849723816,681000
2014-11-18,0.3533329963684082,0.3666659891605377,0.3400000035762787,0.36000001430511475,0.3549858629703522,3615000
2014-11-19,0.36000001430511475,0.36000001430511475,0.34666600823402405,0.3533329963684082,0.3484117090702057,1257000
2014-11-20,0.36000001430511475,0.36000001430511475,0.34666600823402405,0.3533329963684082,0.3484117090702057,732000
2014-11-21,0.36000001430511475,0.39333298802375793,0.36000001430511475,0.37333300709724426,0.3681331276893616,7140000
2014-11-24,0.3866659998893738,0.3866659998893738,0.3666659891605377,0.3799999952316284,0.37470728158950806,1074000
2014-11-25,0.3799999952316284,0.3799999952316284,0.36000001430511475,0.3666659891605377,0.3615589737892151,276000
2014-11-26,0.36000001430511475,0.36000001430511475,0.3533329963684082,0.3533329963684082,0.3484117090702057,1197000
2014-11-27,0.36000001430511475,0.3666659891605377,0.3533329963684082,0.3533329963684082,0.3484117090702057,285000
2014-11-28,0.3533329963684082,0.41999998688697815,0.3533329963684082,0.41999998688697815,0.4141501188278198,40191000
2014-12-01,0.41999998688697815,0.41999998688697815,0.41999998688697815,0.41999998688697815,0.4141501188278198,0
2014-12-02,0.41999998688697815,0.41999998688697815,0.41999998688697815,0.41999998688697815,0.4141501188278198,0
2014-12-03,0.41999998688697815,0.41999998688697815,0.41999998688697815,0.41999998688697815,0.4141501188278198,0
2014-12-04,0.5199999809265137,0.6066660284996033,0.4733330011367798,0.5,0.4930358827114105,170148000
2014-12-05,0.49333301186561584,0.5066660046577454,0.4533329904079437,0.4866659939289093,0.47988760471343994,24816000
2014-12-08,0.4866659939289093,0.5866659879684448,0.47999998927116394,0.5066660046577454,0.4996090829372406,45006000
2014-12-09,0.5133330225944519,0.5400000214576721,0.5,0.5066660046577454,0.4996090829372406,10806000
2014-12-10,0.5066660046577454,0.5666660070419312,0.5,0.5333330035209656,0.525904655456543,11835000
2014-12-11,0.5400000214576721,0.5466660261154175,0.5066660046577454,0.5133330225944519,0.5061832070350647,5739000
2014-12-12,0.5133330225944519,0.5133330225944519,0.4866659939289093,0.5133330225944519,0.5061832070350647,6399000
2014-12-15,0.5133330225944519,0.7333329916000366,0.4866659939289093,0.7266659736633301,0.7165448069572449,55839000
2014-12-16,0.699999988079071,0.7666659951210022,0.6399999856948853,0.6600000262260437,0.6508073806762695,35064000
2014-12-17,0.6600000262260437,0.7733330130577087,0.613332986831665,0.6866660118103027,0.6771019101142883,38118000
2014-12-18,0.6800000071525574,0.6800000071525574,0.6800000071525574,0.6800000071525574,0.6768372058868408,0
2014-12-19,0.6800000071525574,0.6800000071525574,0.6800000071525574,0.6800000071525574,0.6768372058868408,0
2014-12-22,0.6800000071525574,0.6800000071525574,0.6800000071525574,0.6800000071525574,0.6768372058868408,0
2014-12-23,0.6800000071525574,0.6800000071525574,0.6800000071525574,0.6800000071525574,0.6768372058868408,0
2014-12-24,0.6800000071525574,0.6800000071525574,0.6800000071525574,0.6800000071525574,0.6768372058868408,0
2014-12-29,0.6800000071525574,0.6800000071525574,0.6800000071525574,0.6800000071525574,0.6768372058868408,0
2014-12-30,0.6800000071525574,0.6800000071525574,0.6800000071525574,0.6800000071525574,0.6768372058868408,0
2014-12-31,0.6800000071525574,0.6800000071525574,0.6800000071525574,0.6800000071525574,0.6768372058868408,0
2015-01-02,0.6800000071525574,0.6800000071525574,0.6800000071525574,0.6800000071525574,0.6768372058868408,0
2015-01-05,0.6800000071525574,0.6800000071525574,0.6800000071525574,0.6800000071525574,0.6768372058868408,0
2015-01-06,0.6800000071525574,0.6800000071525574,0.6800000071525574,0.6800000071525574,0.6768372058868408,0
2015-01-07,0.6800000071525574,0.6800000071525574,0.6800000071525574,0.6800000071525574,0.6768372058868408,0
2015-01-08,0.6800000071525574,0.6800000071525574,0.6800000071525574,0.6800000071525574,0.6768372058868408,0
2015-01-09,0.6800000071525574,0.6800000071525574,0.6800000071525574,0.6800000071525574,0.6768372058868408,0
2015-01-12,0.7733330130577087,0.800000011920929,0.713333010673523,0.7466660141944885,0.7431931495666504,58116000
2015-01-13,0.7466660141944885,0.7666659951210022,0.7466660141944885,0.7533329725265503,0.7498290538787842,14535000
2015-01-14,0.7533329725265503,0.7599999904632568,0.7333329916000366,0.7599999904632568,0.7564650774002075,33240000
2015-01-15,0.7533329725265503,0.7666659951210022,0.7466660141944885,0.7533329725265503,0.7498290538787842,13227000
2015-01-16,0.7533329725265503,0.7599999904632568,0.7533329725265503,0.7599999904632568,0.7564650774002075,8592000
2015-01-19,0.7533329725265503,0.7533329725265503,0.7466660141944885,0.7533329725265503,0.7498290538787842,12396000
2015-01-20,0.7533329725265503,0.7599999904632568,0.7533329725265503,0.7599999904632568,0.7564650774002075,6447000
2015-01-21,0.7599999904632568,0.7599999904632568,0.7533329725265503,0.7533329725265503,0.7498290538787842,7269000
2015-01-22,0.7533329725265503,0.7599999904632568,0.7533329725265503,0.7599999904632568,0.7564650774002075,9972000
2015-01-23,0.7599999904632568,0.7599999904632568,0.7533329725265503,0.7599999904632568,0.7564650774002075,6477000
2015-01-26,0.7599999904632568,0.8133329749107361,0.7533329725265503,0.7733330130577087,0.7697360515594482,179804428
2015-01-27,0.7866659760475159,0.8466659784317017,0.7799999713897705,0.800000011920929,0.7962790131568909,71379000
2015-01-28,0.800000011920929,0.8466659784317017,0.7866659760475159,0.8399999737739563,0.8360929489135742,12192000
2015-01-29,0.8466659784317017,0.8666660189628601,0.800000011920929,0.8133329749107361,0.8095499873161316,20111550
2015-01-30,0.826665997505188,0.8399999737739563,0.8133329749107361,0.8333330154418945,0.8294569849967957,11976000
2015-02-02,0.8399999737739563,0.8399999737739563,0.8133329749107361,0.826665997505188,0.8228210210800171,5754000
2015-02-03,0.8333330154418945,0.8399999737739563,0.8133329749107361,0.8399999737739563,0.8360929489135742,9798000
2015-02-04,0.8333330154418945,0.8333330154418945,0.8133329749107361,0.826665997505188,0.8228210210800171,8508000
2015-02-05,0.826665997505188,0.826665997505188,0.7933329939842224,0.8066660165786743,0.802914023399353,12357000
2015-02-06,0.8066660165786743,0.8066660165786743,0.7933329939842224,0.800000011920929,0.7962790131568909,10188000
2015-02-09,0.800000011920929,0.826665997505188,0.7933329939842224,0.826665997505188,0.8228210210800171,10752000
2015-02-10,0.826665997505188,0.8666660189628601,0.8199999928474426,0.8533329963684082,0.8493639826774597,25323000
2015-02-11,0.8600000143051147,0.8666660189628601,0.826665997505188,0.8466659784317017,0.8427279591560364,6726000
2015-02-12,0.8399999737739563,0.8399999737739563,0.8199999928474426,0.8333330154418945,0.8294569849967957,6204000
2015-02-13,0.826665997505188,0.826665997505188,0.8133329749107361,0.826665997505188,0.8228210210800171,2940000
2015-02-16,0.826665997505188,0.9866660237312317,0.826665997505188,0.9666659832000732,0.9621697664260864,78342000
2015-02-17,0.9666659832000732,1.0133329629898071,0.9066659808158875,0.9866660237312317,0.9820768237113953,34689000
2015-02-18,1.0,1.0333329439163208,0.9200000166893005,0.9333329796791077,0.9289918541908264,24441000
2015-02-23,0.9333329796791077,0.9666659832000732,0.8533329963684082,0.8666660189628601,0.8626349568367004,18453000
2015-02-24,0.8666660189628601,0.8999999761581421,0.8133329749107361,0.826665997505188,0.8228210210800171,13620000
2015-02-25,0.8199999928474426,0.9200000166893005,0.8199999928474426,0.8999999761581421,0.8958138823509216,13842450
2015-02-26,0.8933330178260803,0.8933330178260803,0.8199999928474426,0.8333330154418945,0.8294569849967957,12390000
2015-02-27,0.8333330154418945,0.8733329772949219,0.7799999713897705,0.800000011920929,0.7962790131568909,26838000
2015-03-02,0.8066660165786743,0.8533329963684082,0.800000011920929,0.826665997505188,0.8228210210800171,8238000
2015-03-03,0.8333330154418945,0.8333330154418945,0.8133329749107361,0.8199999928474426,0.8161860108375549,2217000
2015-03-04,0.8199999928474426,0.8466659784317017,0.8133329749107361,0.826665997505188,0.8228210210800171,1827000
2015-03-05,0.826665997505188,0.8666660189628601,0.826665997505188,0.8666660189628601,0.8626349568367004,5448000
2015-03-06,0.8666660189628601,0.9399999976158142,0.8666660189628601,0.9333329796791077,0.9289918541908264,11850000
2015-03-09,0.9333329796791077,1.0066659450531006,0.9266660213470459,0.9399999976158142,0.9356278777122498,11922000
2015-03-10,0.9399999976158142,0.9533330202102661,0.8600000143051147,0.8866659998893738,0.8825418949127197,6003000
2015-03-11,0.8866659998893738,0.9266660213470459,0.8733329772949219,0.9066659808158875,0.9024488925933838,4545000
2015-03-12,0.9066659808158875,0.9333329796791077,0.8866659998893738,0.913332998752594,0.9090848565101624,2568000
2015-03-13,0.913332998752594,0.9533330202102661,0.913332998752594,0.9333329796791077,0.9289918541908264,5892000
2015-03-16,0.9333329796791077,0.9399999976158142,0.8999999761581421,0.9200000166893005,0.9157208800315857,2949000
2015-03-17,0.913332998752594,0.9466660022735596,0.8999999761581421,0.913332998752594,0.9090848565101624,2550000
2015-03-18,0.913332998752594,0.913332998752594,0.8933330178260803,0.9066659808158875,0.9024488925933838,2604000
2015-03-19,0.8933330178260803,0.9066659808158875,0.8866659998893738,0.8933330178260803,0.8891779184341431,2358000
2015-03-20,0.8933330178260803,0.9466660022735596,0.8799999952316284,0.9399999976158142,0.9356278777122498,5139000
2015-03-23,0.9399999976158142,0.9533330202102661,0.9066659808158875,0.9200000166893005,0.9157208800315857,3651000
2015-03-24,0.9266660213470459,1.0933330059051514,0.9200000166893005,1.0800000429153442,1.0749768018722534,34980000
2015-03-25,1.0866659879684448,1.273332953453064,1.059999942779541,1.2200000286102295,1.2143255472183228,48451500
2015-03-26,1.2333329916000366,1.3133330345153809,1.1200000047683716,1.1466660499572754,1.141332745552063,28281000
2015-03-27,1.1466660499572754,1.2466659545898438,1.1466660499572754,1.213333010673523,1.2076895236968994,15861000
2015-03-30,1.2466659545898438,1.2799999713897705,1.1933330297470093,1.2466659545898438,1.2408674955368042,12835500
2015-03-31,1.2599999904632568,1.613332986831665,1.2466659545898438,1.4933329820632935,1.4863872528076172,76306500
2015-04-01,1.5,1.659999966621399,1.440000057220459,1.5066659450531006,1.4996581077575684,37404000
2015-04-02,1.5333329439163208,1.6333329677581787,1.5199999809265137,1.5800000429153442,1.5726510286331177,12609000
2015-04-08,1.553333044052124,1.5866659879684448,1.3666659593582153,1.426666021347046,1.4200302362442017,21816000
2015-04-09,1.4333330392837524,1.5199999809265137,1.426666021347046,1.4733330011367798,1.4664802551269531,11769000
2015-04-10,1.5,1.5199999809265137,1.3333330154418945,1.3933329582214355,1.3868522644042969,16512000
2015-04-13,1.4066660404205322,1.5,1.3466659784317017,1.5,1.493023157119751,7203000
2015-04-14,1.5199999809265137,1.553333044052124,1.4333330392837524,1.4933329820632935,1.4863872528076172,5646000
2015-04-15,1.4933329820632935,1.6933330297470093,1.4333330392837524,1.6266659498214722,1.6190999746322632,16620000
2015-04-16,1.6533329486846924,1.713333010673523,1.486665964126587,1.5,1.493023157119751,11688000
2015-04-17,1.4733330011367798,1.5266660451889038,1.4333330392837524,1.4666659832000732,1.4598442316055298,6432000
2015-04-20,1.4533330202102661,1.4533330202102661,1.2000000476837158,1.3466659784317017,1.340402364730835,14946000
2015-04-21,1.3600000143051147,1.4066660404205322,1.2999999523162842,1.3333330154418945,1.3271315097808838,6318000
2015-04-22,1.340000033378601,1.4133330583572388,1.340000033378601,1.3866660594940186,1.380216360092163,3231000
2015-04-23,1.3533329963684082,1.3733329772949219,1.2999999523162842,1.3200000524520874,1.313860535621643,5166000
2015-04-24,1.3333330154418945,1.3533329963684082,1.159999966621399,1.2200000286102295,1.2143255472183228,13266000
2015-04-27,1.2533329725265503,1.340000033378601,1.2400000095367432,1.3066660165786743,1.3005884885787964,7311000
2015-04-28,1.2799999713897705,1.340000033378601,1.266666054725647,1.273332953453064,1.267410397529602,4299000
2015-04-29,1.273332953453064,1.3133330345153809,1.22666597366333,1.266666054725647,1.2607744932174683,3225000
2015-04-30,1.273332953453064,1.2999999523162842,1.266666054725647,1.2866660356521606,1.2806814908981323,1950000
2015-05-04,1.273332953453064,1.2799999713897705,1.1933330297470093,1.2066659927368164,1.201053500175476,8367000
2015-05-05,1.22666597366333,1.2400000095367432,1.2000000476837158,1.22666597366333,1.2209604978561401,5994000
2015-05-06,1.2200000286102295,1.22666597366333,1.159999966621399,1.1799999475479126,1.1745115518569946,8700000
2015-05-07,1.166666030883789,1.166666030883789,1.0266660451889038,1.0800000429153442,1.0749768018722534,11865000
2015-05-08,1.059999942779541,1.1399999856948853,0.9800000190734863,1.0733330249786377,1.06834077835083,12930450
2015-05-11,1.0733330249786377,1.166666030883789,0.9933329820632935,1.0933330059051514,1.0882476568222046,13131000
2015-05-12,1.1266659498214722,1.2866660356521606,1.1266659498214722,1.213333010673523,1.2076895236968994,13785000
2015-05-13,1.2333329916000366,1.2599999904632568,1.2066659927368164,1.2066659927368164,1.201053500175476,4536000
2015-05-14,1.213333010673523,1.326665997505188,1.213333010673523,1.2933330535888672,1.2873175144195557,11763000
2015-05-15,1.2933330535888672,1.4133330583572388,1.2933330535888672,1.3866660594940186,1.380216360092163,15801000
2015-05-18,1.399999976158142,1.4933329820632935,1.2866660356521606,1.2933330535888672,1.2873175144195557,12600000
2015-05-19,1.3066660165786743,1.426666021347046,1.3066660165786743,1.4066660404205322,1.4001233577728271,7029000
2015-05-20,1.426666021347046,1.4600000381469727,1.399999976158142,1.4133330583572388,1.4067593812942505,5403000
2015-05-21,1.4333330392837524,1.4666659832000732,1.4199999570846558,1.4466660022735596,1.4399372339248657,6759000
2015-05-22,1.4199999570846558,1.5733330249786377,1.4199999570846558,1.559999942779541,1.5527440309524536,11157000
2015-05-26,1.5666660070419312,1.8466659784317017,1.553333044052124,1.7933330535888672,1.7849918603897095,11316000
2015-05-27,2.0,2.0,1.5399999618530273,1.7866660356521606,1.7783558368682861,23634000
2015-05-28,1.7999999523162842,2.2666659355163574,1.7333329916000366,2.106666088104248,2.096867561340332,25478625
2015-05-29,2.240000009536743,2.7200000286102295,2.240000009536743,2.666666030883789,2.6542630195617676,35317500
2015-06-01,2.666666030883789,2.666666030883789,2.666666030883789,2.666666030883789,2.6542630195617676,0
2015-06-02,2.873332977294922,3.799999952316284,2.873332977294922,3.553333044052124,3.5368056297302246,49763325
2015-06-03,3.666666030883789,3.8333330154418945,3.1333329677581787,3.4200000762939453,3.404093027114868,22568550
2015-06-04,3.426666021347046,3.666666030883789,3.200000047683716,3.4666659832000732,3.4505417346954346,10833000
2015-06-05,3.5799999237060547,3.5933330059051514,3.299999952316284,3.3399999141693115,3.324464797973633,9123000
2015-06-08,3.4000000953674316,3.413332939147949,3.200000047683716,3.25333309173584,3.238201141357422,8199000
2015-06-09,3.299999952316284,3.299999952316284,2.666666030883789,2.8066658973693848,2.793611526489258,15917250
2015-06-10,2.799999952316284,3.2200000286102295,2.799999952316284,3.0,2.986046314239502,12387000
2015-06-11,3.0,3.166666030883789,3.0,3.1266660690307617,3.1121232509613037,6715950
2015-06-12,3.233333110809326,3.859999895095825,3.1933329105377197,3.559999942779541,3.5434415340423584,19986000
2015-06-15,3.5666658878326416,3.799999952316284,3.5333330631256104,3.666666030883789,3.649611473083496,10969500
2015-06-16,3.666666030883789,3.673332929611206,3.313333034515381,3.4000000953674316,3.384186029434204,12129000
2015-06-17,3.4666659832000732,3.6333329677581787,3.4600000381469727,3.5999999046325684,3.5832555294036865,8367000
2015-06-18,3.606666088104248,3.7466659545898438,3.546665906906128,3.6600000858306885,3.6429765224456787,6757500
2015-06-19,3.666666030883789,4.173333168029785,3.666666030883789,3.8866660594940186,3.8685882091522217,27267000
2015-06-22,3.9200000762939453,4.113333225250244,3.799999952316284,3.880000114440918,3.8619532585144043,11355000
2015-06-23,3.733333110809326,5.533332824707031,3.733333110809326,5.433332920074463,5.408061504364014,26346000
2015-06-24,5.033332824707031,6.433332920074463,5.033332824707031,5.766665935516357,5.739843845367432,29523600
2015-06-25,5.166666030883789,6.166666030883789,5.166666030883789,5.300000190734863,5.275349140167236,15663900
2015-06-26,5.433332920074463,5.5,4.599999904632568,5.033332824707031,5.009921550750732,14145900
2015-06-29,5.033332824707031,5.466666221618652,4.733333110809326,4.966666221618652,4.943565368652344,9544500
2015-06-30,5.166666030883789,5.233333110809326,3.8333330154418945,4.633333206176758,4.611783027648926,14709300
2015-07-02,4.3333330154418945,4.933332920074463,4.3333330154418945,4.366665840148926,4.34635591506958,12138000
2015-07-03,3.733333110809326,4.566666126251221,3.733333110809326,3.799999952316284,3.782325506210327,17600850
2015-07-06,2.3333330154418945,4.133333206176758,2.3333330154418945,3.799999952316284,3.782325506210327,25571100
2015-07-07,3.7666659355163574,4.0,3.200000047683716,3.5999999046325684,3.5832555294036865,11385000
2015-07-08,3.5999999046325684,3.5999999046325684,2.666666030883789,2.666666030883789,2.6542630195617676,6522000
2015-07-09,2.666666030883789,3.666666030883789,2.3333330154418945,3.5999999046325684,3.5832555294036865,10224000
2015-07-10,3.733333110809326,4.599999904632568,3.733333110809326,4.466666221618652,4.4458909034729,21009000
2015-07-13,4.599999904632568,5.366665840148926,4.599999904632568,5.366665840148926,5.341704368591309,31021530
2015-07-14,5.466666221618652,6.166666030883789,4.266665935516357,5.166666030883789,5.142634868621826,43860900
2015-07-15,5.3333330154418945,5.466666221618652,4.8333330154418945,5.033332824707031,5.009921550750732,11400600
2015-07-16,5.0,5.266665935516357,4.766665935516357,5.199999809265137,5.175813674926758,7329000
2015-07-17,5.3333330154418945,5.666666030883789,5.3333330154418945,5.666666030883789,5.640308856964111,13308810
2015-07-20,5.8333330154418945,6.233333110809326,5.733333110809326,6.066666126251221,6.038448810577393,23422500
2015-07-21,6.199999809265137,6.566666126251221,6.0,6.533332824707031,6.5029449462890625,20037657
2015-07-22,6.5,6.666666030883789,5.900000095367432,6.566666126251221,6.536123275756836,25629990
2015-07-23,6.633333206176758,6.933332920074463,6.0,6.066666126251221,6.038448810577393,18895560
2015-07-24,6.033332824707031,6.033332824707031,5.033332824707031,5.400000095367432,5.374883651733398,24423060
2015-07-27,5.300000190734863,5.300000190734863,4.733333110809326,4.933332920074463,4.91038703918457,12429390
2015-07-28,5.066666126251221,5.633333206176758,4.933332920074463,5.633333206176758,5.607131481170654,19895700
2015-07-29,5.633333206176758,5.966666221618652,5.5,5.800000190734863,5.7730231285095215,11991000
2015-07-30,5.800000190734863,6.0,5.300000190734863,5.3333330154418945,5.308526992797852,10986000
2015-07-31,5.3333330154418945,5.400000095367432,5.033332824707031,5.166666030883789,5.142634868621826,7698000
2015-08-03,5.133333206176758,5.133333206176758,4.699999809265137,4.933332920074463,4.91038703918457,7047000
2015-08-04,4.933332920074463,5.199999809265137,4.766665935516357,4.966666221618652,4.943565368652344,5421300
2015-08-05,5.066666126251221,5.066666126251221,4.766665935516357,4.8333330154418945,4.81085205078125,3025800
2015-08-06,4.866665840148926,4.866665840148926,4.033332824707031,4.066666126251221,4.047750949859619,10042200
2015-08-07,4.066666126251221,4.633333206176758,4.066666126251221,4.566666126251221,4.545425891876221,7005900
2015-08-10,4.466666221618652,4.900000095367432,4.3333330154418945,4.733333110809326,4.71131706237793,5083500
2015-08-11,4.800000190734863,4.933332920074463,4.466666221618652,4.566666126251221,4.545425891876221,4917000
2015-08-12,4.566666126251221,4.566666126251221,4.266665935516357,4.400000095367432,4.379534721374512,4491000
2015-08-13,4.400000095367432,4.533332824707031,4.3333330154418945,4.466666221618652,4.4458909034729,1638000
2015-08-14,4.400000095367432,4.5,4.366665840148926,4.433332920074463,4.412712574005127,603000
2015-08-17,4.400000095367432,4.599999904632568,4.366665840148926,4.466666221618652,4.4458909034729,1410000
2015-08-18,4.466666221618652,4.466666221618652,3.9000000953674316,4.0,3.9813950061798096,5544000
2015-08-19,4.033332824707031,4.166666030883789,3.7666659355163574,3.933332920074463,3.9150381088256836,3444900
2015-08-20,3.933332920074463,3.933332920074463,3.5333330631256104,3.6333329677581787,3.616433620452881,4416000
2015-08-21,3.5,3.5999999046325684,3.299999952316284,3.4000000953674316,3.384186029434204,6393000
2015-08-24,3.4000000953674316,3.4000000953674316,2.733333110809326,3.0666658878326416,3.0524022579193115,11172000
2015-08-25,3.0,3.3333330154418945,2.9000000953674316,3.0,2.986046314239502,4617000
2015-08-26,3.0333330631256104,3.166666030883789,2.9000000953674316,3.0999999046325684,3.085581064224243,5427000
2015-08-27,3.3333330154418945,3.5,3.166666030883789,3.5,3.483720541000366,7320000
2015-08-28,3.5999999046325684,3.933332920074463,3.5999999046325684,3.866666078567505,3.8486812114715576,4980000
2015-08-31,3.933332920074463,4.099999904632568,3.700000047683716,3.866666078567505,3.850341320037842,6408000
2015-09-01,3.866666078567505,3.866666078567505,3.5999999046325684,3.700000047683716,3.6843791007995605,3255000
2015-09-02,3.5999999046325684,3.933332920074463,3.366666078567505,3.866666078567505,3.850341320037842,6060000
2015-09-04,3.866666078567505,4.266665935516357,3.8333330154418945,3.9666659832000732,3.9499189853668213,7680000
2015-09-07,3.9666659832000732,4.0,3.5333330631256104,3.5666658878326416,3.551607608795166,5025000
2015-09-08,3.4666659832000732,3.9000000953674316,3.3333330154418945,3.799999952316284,3.78395676612854,6972000
2015-09-09,3.933332920074463,4.3333330154418945,3.866666078567505,3.933332920074463,3.91672682762146,9114000
2015-09-10,3.8333330154418945,3.9000000953674316,3.7666659355163574,3.866666078567505,3.850341320037842,1017000
2015-09-11,3.9000000953674316,4.0,3.7666659355163574,3.7666659355163574,3.750763416290283,1014000
2015-09-14,3.733333110809326,3.8333330154418945,3.5,3.5666658878326416,3.551607608795166,2994000
2015-09-15,3.5,3.5999999046325684,3.4000000953674316,3.4666659832000732,3.4520299434661865,1161000
2015-09-16,3.5333330631256104,3.666666030883789,3.5,3.5999999046325684,3.584800958633423,1695000
2015-09-17,3.5999999046325684,3.666666030883789,3.4666659832000732,3.5333330631256104,3.518415689468384,801000
2015-09-18,3.5666658878326416,3.6333329677581787,3.4000000953674316,3.5333330631256104,3.518415689468384,1524000
2015-09-21,3.5333330631256104,3.5333330631256104,3.433332920074463,3.5,3.4852232933044434,948000
2015-09-22,3.433332920074463,3.5333330631256104,3.433332920074463,3.433332920074463,3.418837785720825,823500
2015-09-23,3.366666078567505,3.366666078567505,3.0999999046325684,3.2666659355163574,3.2528743743896484,2019000
2015-09-24,3.166666030883789,3.2666659355163574,3.166666030883789,3.2666659355163574,3.2528743743896484,528000
2015-09-25,3.299999952316284,3.433332920074463,3.233333110809326,3.299999952316284,3.2860677242279053,978000
2015-09-29,3.200000047683716,3.299999952316284,3.166666030883789,3.166666030883789,3.153296709060669,870000
2015-09-30,3.1333329677581787,3.233333110809326,3.0999999046325684,3.166666030883789,3.153296709060669,673500
2015-10-02,3.233333110809326,3.233333110809326,3.0999999046325684,3.166666030883789,3.153296709060669,774000
2015-10-05,3.166666030883789,3.5999999046325684,3.1333329677581787,3.5999999046325684,3.584800958633423,1623000
2015-10-06,3.5999999046325684,3.700000047683716,3.299999952316284,3.3333330154418945,3.3192601203918457,2043000
2015-10-07,3.299999952316284,3.3333330154418945,3.299999952316284,3.3333330154418945,3.3192601203918457,1494000
2015-10-08,3.3333330154418945,3.3333330154418945,3.200000047683716,3.233333110809326,3.219682216644287,1062000
2015-10-09,3.233333110809326,3.299999952316284,3.200000047683716,3.200000047683716,3.1864898204803467,1152000
2015-10-12,3.200000047683716,3.200000047683716,3.1333329677581787,3.1333329677581787,3.1201043128967285,1368000
2015-10-13,3.1333329677581787,3.166666030883789,3.0333330631256104,3.0999999046325684,3.086911916732788,1050000
2015-10-14,3.0999999046325684,3.1333329677581787,3.0,3.0,2.9873342514038086,1107000
2015-10-15,3.0,3.0666658878326416,3.0,3.0,2.9873342514038086,702000
2015-10-16,3.0666658878326416,3.0666658878326416,2.9666659832000732,3.0,2.9873342514038086,1257000
2015-10-19,3.0,3.0333330631256104,2.933332920074463,3.0,2.9873342514038086,900000
2015-10-20,2.933332920074463,2.933332920074463,2.8333330154418945,2.933332920074463,2.9209487438201904,645000
2015-10-22,2.933332920074463,2.933332920074463,2.700000047683716,2.7666659355163574,2.7549853324890137,2302500
2015-10-23,2.799999952316284,2.799999952316284,2.700000047683716,2.733333110809326,2.7217931747436523,1149000
2015-10-26,2.7666659355163574,2.7666659355163574,2.5,2.5999999046325684,2.5890228748321533,1920000
2015-10-27,2.5999999046325684,3.0333330631256104,2.4000000953674316,3.0,2.9873342514038086,3429090
2015-10-28,2.9666659832000732,3.433332920074463,2.9666659832000732,3.200000047683716,3.1864898204803467,8559000
2015-10-29,3.233333110809326,3.233333110809326,3.0,3.0333330631256104,3.020526647567749,1083000
2015-10-30,3.0333330631256104,3.0333330631256104,2.866666078567505,2.866666078567505,2.8545632362365723,1035000
2015-11-02,2.866666078567505,2.933332920074463,2.799999952316284,2.866666078567505,2.8545632362365723,993660
2015-11-03,2.933332920074463,2.933332920074463,2.8333330154418945,2.9000000953674316,2.887756586074829,830250
2015-11-04,2.866666078567505,2.933332920074463,2.799999952316284,2.9000000953674316,2.887756586074829,753000
2015-11-05,2.933332920074463,3.1333329677581787,2.866666078567505,2.9666659832000732,2.954141139984131,2164500
2015-11-06,3.0333330631256104,3.166666030883789,2.9666659832000732,3.0999999046325684,3.086911916732788,1947000
2015-11-09,3.0999999046325684,3.4000000953674316,3.0999999046325684,3.366666078567505,3.352452278137207,5373000
2015-11-10,3.366666078567505,3.799999952316284,3.3333330154418945,3.666666030883789,3.6511857509613037,9414000
2015-11-11,3.700000047683716,3.9000000953674316,3.5333330631256104,3.6333329677581787,3.6179933547973633,6120900
2015-11-12,3.700000047683716,3.8333330154418945,3.433332920074463,3.5666658878326416,3.551607608795166,4266000
2015-11-13,3.5999999046325684,3.7666659355163574,3.5333330631256104,3.733333110809326,3.717571496963501,1999500
2015-11-16,3.700000047683716,3.866666078567505,3.5999999046325684,3.866666078567505,3.850341320037842,3669357
2015-11-17,3.9666659832000732,4.099999904632568,3.8333330154418945,4.0,3.983112335205078,4977000
2015-11-18,4.099999904632568,4.133333206176758,3.9000000953674316,3.9000000953674316,3.8835346698760986,3042000
2015-11-19,3.9666659832000732,4.033332824707031,3.866666078567505,3.933332920074463,3.91672682762146,1902000
2015-11-20,3.9000000953674316,4.0,3.9000000953674316,4.0,3.983112335205078,1605000
2015-11-23,4.099999904632568,4.233333110809326,3.9666659832000732,4.233333110809326,4.215460300445557,3906000
2015-11-24,4.300000190734863,4.566666126251221,4.233333110809326,4.433332920074463,4.414615631103516,9966000
2015-11-25,4.466666221618652,4.5,4.166666030883789,4.233333110809326,4.215460300445557,3960000
2015-11-26,4.3333330154418945,4.366665840148926,4.133333206176758,4.366665840148926,4.348230361938477,2946000
2015-11-27,4.3333330154418945,4.3333330154418945,3.866666078567505,4.133333206176758,4.115882396697998,3297000
2015-11-30,4.133333206176758,4.166666030883789,3.8333330154418945,4.066666126251221,4.049496650695801,6993000
2015-12-01,4.099999904632568,4.5,4.0,4.466666221618652,4.447808265686035,3147000
2015-12-02,4.5,4.566666126251221,4.199999809265137,4.533332824707031,4.514193534851074,3813000
2015-12-03,4.533332824707031,4.733333110809326,4.433332920074463,4.599999904632568,4.5805792808532715,6570300
2015-12-04,4.533332824707031,4.599999904632568,4.400000095367432,4.599999904632568,4.5805792808532715,1368000
2015-12-07,4.599999904632568,4.599999904632568,4.400000095367432,4.533332824707031,4.514193534851074,2037000
2015-12-08,4.5,4.5,4.3333330154418945,4.433332920074463,4.414615631103516,2622000
2015-12-09,4.433332920074463,4.5,4.233333110809326,4.433332920074463,4.414615631103516,2427000
2015-12-10,4.400000095367432,4.599999904632568,4.366665840148926,4.5,4.481001377105713,2541000
2015-12-11,4.5,4.566666126251221,4.400000095367432,4.433332920074463,4.414615631103516,1851000
2015-12-14,4.3333330154418945,4.400000095367432,4.0,4.366665840148926,4.348230361938477,3300000
2015-12-15,4.366665840148926,5.0,4.199999809265137,4.599999904632568,4.5805792808532715,5637000
2015-12-16,4.599999904632568,4.733333110809326,4.566666126251221,4.599999904632568,4.5805792808532715,2643000
2015-12-17,4.633333206176758,4.633333206176758,4.466666221618652,4.5,4.481001377105713,1587000
2015-12-18,4.433332920074463,4.5,4.433332920074463,4.433332920074463,4.414615631103516,483000
2015-12-21,4.433332920074463,4.566666126251221,4.3333330154418945,4.5,4.481001377105713,1920000
2015-12-22,4.5,4.5,4.3333330154418945,4.366665840148926,4.348230361938477,1347000
2015-12-23,4.433332920074463,4.433332920074463,4.300000190734863,4.300000190734863,4.286754608154297,819000
2015-12-24,4.3333330154418945,4.400000095367432,4.233333110809326,4.266665935516357,4.253522872924805,456000
2015-12-28,4.266665935516357,4.266665935516357,3.933332920074463,3.9666659832000732,3.9544472694396973,3147000
2015-12-29,4.0,4.166666030883789,3.866666078567505,4.166666030883789,4.1538310050964355,1356000
2015-12-30,4.166666030883789,4.266665935516357,3.9666659832000732,4.233333110809326,4.220293045043945,1197000
2015-12-31,4.099999904632568,4.466666221618652,4.099999904632568,4.400000095367432,4.386446475982666,1581000
2016-01-04,4.266665935516357,4.3333330154418945,4.233333110809326,4.300000190734863,4.286754608154297,1377000
2016-01-05,4.199999809265137,4.300000190734863,4.066666126251221,4.266665935516357,4.253522872924805,1180200
2016-01-06,4.300000190734863,4.400000095367432,4.133333206176758,4.199999809265137,4.1870622634887695,1176000
2016-01-07,4.166666030883789,4.166666030883789,3.7666659355163574,3.933332920074463,3.9212167263031006,2212500
2016-01-08,3.933332920074463,4.066666126251221,3.866666078567505,3.9666659832000732,3.9544472694396973,1179000
2016-01-11,3.8333330154418945,3.9666659832000732,3.7666659355163574,3.799999952316284,3.788294553756714,2574000
2016-01-12,3.8333330154418945,3.9000000953674316,3.799999952316284,3.8333330154418945,3.8215248584747314,1587000
2016-01-13,3.933332920074463,3.933332920074463,3.733333110809326,3.8333330154418945,3.8215248584747314,603000
2016-01-14,3.7666659355163574,3.8333330154418945,3.5666658878326416,3.7666659355163574,3.75506329536438,2526900
2016-01-15,3.700000047683716,3.8333330154418945,3.6333329677581787,3.666666030883789,3.6553714275360107,1110000
2016-01-18,3.700000047683716,3.799999952316284,3.5666658878326416,3.6333329677581787,3.622140884399414,1455000
2016-01-19,3.5666658878326416,3.6333329677581787,3.4666659832000732,3.5999999046325684,3.5889105796813965,1476000
2016-01-20,3.5333330631256104,3.5999999046325684,3.433332920074463,3.5666658878326416,3.5556793212890625,951000
2016-01-21,3.5333330631256104,3.5333330631256104,3.166666030883789,3.200000047683716,3.190142869949341,1314000
2016-01-22,3.3333330154418945,3.366666078567505,3.0666658878326416,3.2666659355163574,3.256603479385376,1518000
2016-01-25,3.4000000953674316,3.5666658878326416,3.299999952316284,3.433332920074463,3.4227569103240967,1392000
2016-01-26,3.4000000953674316,3.5333330631256104,3.299999952316284,3.3333330154418945,3.3230650424957275,831000
2016-01-27,3.4666659832000732,3.4666659832000732,3.0666658878326416,3.0999999046325684,3.0904507637023926,867000
2016-01-28,3.0999999046325684,3.166666030883789,2.9000000953674316,3.1333329677581787,3.12368106842041,957000
2016-01-29,3.0999999046325684,3.233333110809326,3.0333330631256104,3.200000047683716,3.190142869949341,894000
2016-02-01,3.200000047683716,3.200000047683716,3.0999999046325684,3.1333329677581787,3.12368106842041,174000
2016-02-02,3.0999999046325684,3.1333329677581787,3.0,3.1333329677581787,3.12368106842041,951000
2016-02-03,2.9666659832000732,3.1333329677581787,2.9666659832000732,3.0999999046325684,3.0904507637023926,426000
2016-02-04,3.1333329677581787,3.1333329677581787,3.0333330631256104,3.0666658878326416,3.0572195053100586,261000
2016-02-05,3.0999999046325684,3.200000047683716,3.0666658878326416,3.1333329677581787,3.12368106842041,1083000
2016-02-11,3.0,3.166666030883789,2.9000000953674316,3.0333330631256104,3.023989200592041,1191000
2016-02-12,2.933332920074463,3.0333330631256104,2.866666078567505,2.9666659832000732,2.9575276374816895,549000
2016-02-15,3.0333330631256104,3.0333330631256104,2.9000000953674316,3.0,2.9907588958740234,786000
2016-02-16,3.0,3.0666658878326416,2.933332920074463,3.0,2.9907588958740234,915000
2016-02-17,3.0,3.0,2.7666659355163574,2.933332920074463,2.9242970943450928,2652000
2016-02-18,2.9666659832000732,3.433332920074463,2.9666659832000732,3.1333329677581787,3.12368106842041,2448000
2016-02-19,3.1333329677581787,3.1333329677581787,3.0,3.0666658878326416,3.0572195053100586,432000
2016-02-22,3.0999999046325684,3.1333329677581787,3.0666658878326416,3.0666658878326416,3.0572195053100586,462000
2016-02-23,3.1333329677581787,3.1333329677581787,3.0666658878326416,3.0999999046325684,3.0904507637023926,180000
2016-02-24,3.0999999046325684,3.1333329677581787,3.0,3.0,2.9907588958740234,852000
2016-02-25,3.0333330631256104,3.0333330631256104,2.9000000953674316,2.933332920074463,2.9242970943450928,825000
2016-02-26,3.0,3.0333330631256104,2.9000000953674316,3.0,2.9907588958740234,372000
2016-02-29,2.933332920074463,2.9666659832000732,2.933332920074463,2.933332920074463,2.9242970943450928,177000
2016-03-01,2.933332920074463,3.0,2.933332920074463,3.0,2.9907588958740234,267000
2016-03-02,3.0333330631256104,3.0666658878326416,2.9666659832000732,2.9666659832000732,2.9575276374816895,717000
2016-03-03,2.9666659832000732,3.0,2.866666078567505,2.9000000953674316,2.8910670280456543,837000
2016-03-04,2.933332920074463,3.0,2.9000000953674316,2.9666659832000732,2.9575276374816895,453000
2016-03-07,3.0,3.0,2.933332920074463,2.933332920074463,2.9242970943450928,39000
2016-03-08,2.933332920074463,2.9666659832000732,2.9000000953674316,2.9000000953674316,2.8910670280456543,336000
2016-03-09,2.866666078567505,2.9000000953674316,2.866666078567505,2.9000000953674316,2.8910670280456543,288000
2016-03-10,2.9000000953674316,2.9000000953674316,2.866666078567505,2.9000000953674316,2.8910670280456543,537000
2016-03-11,2.9000000953674316,2.9000000953674316,2.8333330154418945,2.866666078567505,2.8578357696533203,300000
2016-03-14,2.9000000953674316,2.9666659832000732,2.9000000953674316,2.9666659832000732,2.9575276374816895,486000
2016-03-15,2.9000000953674316,2.933332920074463,2.9000000953674316,2.933332920074463,2.9242970943450928,9000
2016-03-16,2.933332920074463,2.933332920074463,2.866666078567505,2.933332920074463,2.9242970943450928,147000
2016-03-17,2.933332920074463,2.933332920074463,2.866666078567505,2.9000000953674316,2.8910670280456543,123000
2016-03-18,2.9000000953674316,2.933332920074463,2.9000000953674316,2.933332920074463,2.9242970943450928,189000
2016-03-21,2.933332920074463,3.0,2.933332920074463,3.0,2.9907588958740234,732300
2016-03-22,3.0333330631256104,3.0333330631256104,2.9666659832000732,3.0333330631256104,3.023989200592041,426000
2016-03-23,3.0,3.0333330631256104,2.9666659832000732,3.0,2.9907588958740234,171000
2016-03-24,3.0,3.0333330631256104,2.933332920074463,3.0,2.9907588958740234,486000
2016-03-29,3.0,3.0333330631256104,2.9666659832000732,2.9666659832000732,2.9575276374816895,552000
2016-03-30,3.0,3.0,2.9666659832000732,2.9666659832000732,2.9575276374816895,129000
2016-03-31,3.0,3.0,2.9666659832000732,2.9666659832000732,2.9575276374816895,351000
2016-04-01,3.0,3.2666659355163574,3.0,3.200000047683716,3.190142869949341,1023000
2016-04-05,3.200000047683716,3.366666078567505,3.166666030883789,3.166666030883789,3.156911611557007,735000
2016-04-06,3.166666030883789,3.200000047683716,3.1333329677581787,3.166666030883789,3.156911611557007,1863000
2016-04-07,3.166666030883789,3.166666030883789,3.0333330631256104,3.0999999046325684,3.0904507637023926,174000
2016-04-08,3.0666658878326416,3.0666658878326416,3.0333330631256104,3.0333330631256104,3.023989200592041,189000
2016-04-11,3.0333330631256104,3.0999999046325684,3.0333330631256104,3.0666658878326416,3.0572195053100586,189000
2016-04-12,3.0999999046325684,3.1333329677581787,3.0666658878326416,3.0999999046325684,3.0904507637023926,240000
2016-04-13,3.1333329677581787,3.166666030883789,3.0999999046325684,3.0999999046325684,3.0904507637023926,603000
2016-04-14,3.0999999046325684,3.166666030883789,3.0999999046325684,3.1333329677581787,3.12368106842041,357000
2016-04-15,3.166666030883789,3.299999952316284,3.1333329677581787,3.200000047683716,3.190142869949341,852027
2016-04-18,3.166666030883789,3.166666030883789,3.1333329677581787,3.1333329677581787,3.12368106842041,540000
2016-04-19,3.166666030883789,3.200000047683716,3.0666658878326416,3.0666658878326416,3.0572195053100586,684000
2016-04-20,3.0666658878326416,3.0666658878326416,2.9666659832000732,3.0,2.9907588958740234,662645
2016-04-21,3.0,3.0,2.9000000953674316,2.933332920074463,2.9242970943450928,267000
2016-04-22,2.933332920074463,2.933332920074463,2.7666659355163574,2.8333330154418945,2.8246052265167236,1743000
2016-04-25,2.8333330154418945,2.866666078567505,2.7666659355163574,2.7666659355163574,2.758143663406372,405000
2016-04-26,2.7666659355163574,2.799999952316284,2.5666658878326416,2.6333329677581787,2.6252212524414062,1656000
2016-04-27,2.666666030883789,2.733333110809326,2.5666658878326416,2.6333329677581787,2.6252212524414062,666000
2016-04-28,2.666666030883789,2.700000047683716,2.5666658878326416,2.5999999046325684,2.5919909477233887,372000
2016-04-29,2.5999999046325684,2.5999999046325684,2.5,2.5666658878326416,2.5587596893310547,465000
2016-05-03,2.5666658878326416,2.5666658878326416,2.366666078567505,2.433332920074463,2.425837278366089,939000
2016-05-04,2.433332920074463,2.5333330631256104,2.3333330154418945,2.4666659832000732,2.4590678215026855,819000
2016-05-05,2.4666659832000732,2.5,2.3333330154418945,2.4666659832000732,2.4590678215026855,861000
2016-05-06,2.433332920074463,2.433332920074463,2.3333330154418945,2.366666078567505,2.3593759536743164,1269000
2016-05-09,2.366666078567505,2.366666078567505,2.0999999046325684,2.1333329677581787,2.1267614364624023,1653000
2016-05-10,2.1333329677581787,2.1333329677581787,1.9333330392837524,2.0,1.9938392639160156,1461000
2016-05-11,2.0,2.0333330631256104,1.8333330154418945,2.0,1.9938392639160156,1521000
2016-05-12,2.0,2.0666658878326416,2.0,2.0,1.9938392639160156,804000
2016-05-13,2.0,2.5666658878326416,2.0,2.4666659832000732,2.4590678215026855,4551000
2016-05-16,2.4666659832000732,2.7666659355163574,2.4000000953674316,2.5999999046325684,2.5919909477233887,3138000
2016-05-17,2.5999999046325684,2.700000047683716,2.5999999046325684,2.6333329677581787,2.6252212524414062,528000
2016-05-18,2.5333330631256104,2.5666658878326416,2.4000000953674316,2.433332920074463,2.425837278366089,645000
2016-05-19,2.366666078567505,2.433332920074463,2.200000047683716,2.433332920074463,2.425837278366089,837000
2016-05-20,2.433332920074463,2.4666659832000732,2.299999952316284,2.4666659832000732,2.4590678215026855,525000
2016-05-23,2.433332920074463,2.4666659832000732,2.4000000953674316,2.433332920074463,2.425837278366089,402000
2016-05-24,2.4666659832000732,2.5,2.2666659355163574,2.299999952316284,2.292915105819702,924000
2016-05-25,2.4000000953674316,2.4000000953674316,2.2666659355163574,2.299999952316284,2.292915105819702,567000
2016-05-26,2.299999952316284,2.299999952316284,2.0,2.0333330631256104,2.027069568634033,1449000
2016-05-27,2.0666658878326416,2.2666659355163574,1.666666030883789,1.7000000476837158,1.694763422012329,10089000
2016-05-30,1.7333329916000366,1.9333330392837524,1.7333329916000366,1.8333330154418945,1.8276857137680054,4830000
2016-05-31,1.7999999523162842,1.7999999523162842,1.666666030883789,1.666666030883789,1.6615320444107056,6150000
2016-06-01,1.666666030883789,1.766666054725647,1.6166659593582153,1.7000000476837158,1.694763422012329,1509000
2016-06-02,1.7333329916000366,1.8333330154418945,1.666666030883789,1.7000000476837158,1.694763422012329,1641000
2016-06-03,1.7333329916000366,1.7999999523162842,1.7000000476837158,1.7333329916000366,1.7279937267303467,830503
2016-06-06,1.8666659593582153,1.9666659832000732,1.766666054725647,1.7999999523162842,1.7944552898406982,1962000
2016-06-07,1.7999999523162842,1.8666659593582153,1.7333329916000366,1.766666054725647,1.7612240314483643,1125000
2016-06-08,1.766666054725647,1.7999999523162842,1.7333329916000366,1.7333329916000366,1.7279937267303467,795000
2016-06-10,1.8333330154418945,2.0333330631256104,1.7333329916000366,2.0333330631256104,2.027069568634033,1134000
2016-06-13,2.0,2.3333330154418945,1.9333330392837524,2.299999952316284,2.292915105819702,3273000
2016-06-14,2.299999952316284,2.4666659832000732,2.166666030883789,2.4000000953674316,2.3926072120666504,4014000
2016-06-15,2.366666078567505,2.4000000953674316,2.299999952316284,2.3333330154418945,2.3261454105377197,1857000
2016-06-16,2.299999952316284,2.3333330154418945,2.200000047683716,2.200000047683716,2.193223237991333,993000
2016-06-17,2.2666659355163574,2.2666659355163574,2.166666030883789,2.233333110809326,2.2264535427093506,429000
2016-06-20,2.233333110809326,2.299999952316284,2.200000047683716,2.2666659355163574,2.259683847427368,306000
2016-06-21,2.2666659355163574,2.3333330154418945,2.2666659355163574,2.2666659355163574,2.259683847427368,633000
2016-06-22,2.2666659355163574,2.433332920074463,2.2666659355163574,2.3333330154418945,2.3261454105377197,1509000
2016-06-23,2.3333330154418945,2.433332920074463,2.2666659355163574,2.299999952316284,2.292915105819702,684000
2016-06-24,2.233333110809326,2.2666659355163574,1.899999976158142,1.9333330392837524,1.927377700805664,2559000
2016-06-27,1.9333330392837524,2.166666030883789,1.899999976158142,2.0666658878326416,2.060299873352051,1746000
2016-06-28,2.0,2.1333329677581787,2.0,2.1333329677581787,2.1267614364624023,744000
2016-06-29,2.1333329677581787,2.166666030883789,2.0999999046325684,2.0999999046325684,2.0935311317443848,245100
2016-06-30,2.0999999046325684,2.1333329677581787,2.0999999046325684,2.0999999046325684,2.0935311317443848,159000
2016-07-04,2.0999999046325684,2.0999999046325684,2.0333330631256104,2.0666658878326416,2.060299873352051,438000
2016-07-05,2.0666658878326416,2.0666658878326416,1.8666659593582153,1.9666659832000732,1.960607886314392,1719000
2016-07-06,1.9333330392837524,2.0,1.8333330154418945,1.9333330392837524,1.927377700805664,1695000
2016-07-07,1.9666659832000732,2.0999999046325684,1.9666659832000732,2.0,1.9938392639160156,489000
2016-07-08,2.0,2.0666658878326416,2.0,2.0666658878326416,2.060299873352051,177000
2016-07-11,2.0,2.0333330631256104,1.9666659832000732,2.0333330631256104,2.027069568634033,261000
2016-07-12,2.0333330631256104,2.1333329677581787,2.0333330631256104,2.0999999046325684,2.0935311317443848,606000
2016-07-13,2.166666030883789,2.166666030883789,2.0,2.0666658878326416,2.060299873352051,354000
2016-07-14,2.0666658878326416,2.0999999046325684,2.0333330631256104,2.0666658878326416,2.060299873352051,252000
2016-07-15,2.0666658878326416,2.0999999046325684,2.0333330631256104,2.0666658878326416,2.060299873352051,555000
2016-07-18,2.0666658878326416,2.166666030883789,2.0666658878326416,2.0999999046325684,2.0935311317443848,408000
2016-07-19,2.0999999046325684,2.0999999046325684,2.0333330631256104,2.0333330631256104,2.027069568634033,192000
2016-07-20,2.0999999046325684,2.0999999046325684,2.0,2.0333330631256104,2.027069568634033,231000
2016-07-21,2.0333330631256104,2.0999999046325684,2.0333330631256104,2.0666658878326416,2.060299873352051,96000
2016-07-22,2.0666658878326416,2.0666658878326416,2.0333330631256104,2.0666658878326416,2.060299873352051,132000
2016-07-25,2.0333330631256104,2.0333330631256104,1.9666659832000732,1.9666659832000732,1.960607886314392,345300
2016-07-26,1.9666659832000732,2.0,1.9333330392837524,1.9666659832000732,1.960607886314392,513000
2016-07-27,2.0,2.0,1.8333330154418945,1.899999976158142,1.894147276878357,222000
2016-07-28,1.899999976158142,1.9666659832000732,1.899999976158142,1.899999976158142,1.894147276878357,294000
2016-07-29,1.9333330392837524,1.9666659832000732,1.899999976158142,1.9333330392837524,1.927377700805664,295200
2016-08-01,1.9333330392837524,1.9666659832000732,1.8666659593582153,1.8666659593582153,1.8609158992767334,606000
2016-08-02,1.8666659593582153,1.8666659593582153,1.8666659593582153,1.8666659593582153,1.8609158992767334,0
2016-08-03,1.8333330154418945,1.899999976158142,1.7333329916000366,1.8666659593582153,1.8609158992767334,2502000
2016-08-04,1.8666659593582153,1.8666659593582153,1.766666054725647,1.766666054725647,1.7612240314483643,147000
2016-08-05,1.766666054725647,1.8333330154418945,1.7333329916000366,1.766666054725647,1.7612240314483643,1752000
2016-08-08,1.766666054725647,1.766666054725647,1.666666030883789,1.766666054725647,1.7612240314483643,1617000
2016-08-09,1.7333329916000366,1.766666054725647,1.666666030883789,1.7000000476837158,1.694763422012329,591000
2016-08-10,1.7000000476837158,1.7000000476837158,1.5666660070419312,1.600000023841858,1.5950714349746704,2769000
2016-08-11,1.600000023841858,1.600000023841858,1.266666054725647,1.4333330392837524,1.4289178848266602,5694000
2016-08-12,1.4333330392837524,1.5,1.350000023841858,1.4333330392837524,1.4289178848266602,4599000
2016-08-15,1.4333330392837524,1.5333329439163208,1.4333330392837524,1.4666659832000732,1.4621480703353882,582000
2016-08-16,1.4500000476837158,1.516666054725647,1.4333330392837524,1.516666054725647,1.5119941234588623,456000
2016-08-17,1.5333329439163208,1.5333329439163208,1.5,1.5,1.4953794479370117,336000
2016-08-18,1.5,1.6166659593582153,1.399999976158142,1.5333329439163208,1.5286097526550293,1437000
2016-08-19,1.5333329439163208,1.5499999523162842,1.4666659832000732,1.4833329916000366,1.4787638187408447,1017000
2016-08-22,1.4666659832000732,1.516666054725647,1.416666030883789,1.416666030883789,1.4123021364212036,2876061
2016-08-23,1.399999976158142,1.399999976158142,1.350000023841858,1.3666659593582153,1.3624560832977295,2028000
2016-08-24,1.3666659593582153,1.3666659593582153,1.3166660070419312,1.3666659593582153,1.3624560832977295,1425000
2016-08-25,1.350000023841858,1.350000023841858,1.2999999523162842,1.3166660070419312,1.312610149383545,510000
2016-08-26,1.2999999523162842,1.2999999523162842,1.0,1.100000023841858,1.0966116189956665,18861000
2016-08-29,1.0833330154418945,1.100000023841858,0.8333330154418945,0.8999999761581421,0.8972276449203491,9957000
2016-08-30,0.9333329796791077,0.9833329916000366,0.8333330154418945,0.8333330154418945,0.8307660222053528,5289000
2016-08-31,0.8500000238418579,0.8833330273628235,0.7200000286102295,0.7400000095367432,0.7377205491065979,15687000
2016-09-01,0.7200000286102295,0.800000011920929,0.713333010673523,0.7933329939842224,0.7908892631530762,12174000
2016-09-02,0.7966660261154175,0.826665997505188,0.7200000286102295,0.75,0.7476897239685059,24657000
2016-09-05,0.75,0.8233330249786377,0.7233330011367798,0.8066660165786743,0.8041812181472778,3753000
2016-09-06,0.8333330154418945,1.0666660070419312,0.826665997505188,1.0499999523162842,1.0467655658721924,16026000
2016-09-07,1.0666660070419312,1.5499999523162842,1.0499999523162842,1.3833329677581787,1.379071831703186,35820000
2016-09-08,1.399999976158142,1.5499999523162842,1.2000000476837158,1.25,1.2461495399475098,13473000
2016-09-09,1.25,1.2999999523162842,1.166666030883789,1.2333329916000366,1.2295339107513428,4152000
2016-09-12,1.2166659832000732,1.2999999523162842,1.166666030883789,1.25,1.2461495399475098,3708000
2016-09-13,1.25,1.25,1.2166659832000732,1.2333329916000366,1.2295339107513428,1626000
2016-09-14,1.266666054725647,1.266666054725647,1.2166659832000732,1.25,1.2461495399475098,780001
2016-09-15,1.266666054725647,1.3666659593582153,1.2333329916000366,1.3166660070419312,1.312610149383545,3024000
2016-09-19,1.3333330154418945,1.3333330154418945,1.2999999523162842,1.3166660070419312,1.312610149383545,921000
2016-09-20,1.2999999523162842,1.350000023841858,1.2999999523162842,1.3166660070419312,1.312610149383545,1929000
2016-09-21,1.2999999523162842,1.2999999523162842,1.2833329439163208,1.2833329439163208,1.2793798446655273,1305000
2016-09-22,1.2999999523162842,1.3166660070419312,1.266666054725647,1.266666054725647,1.2627642154693604,996000
2016-09-23,1.266666054725647,1.2833329439163208,1.1833330392837524,1.2166659832000732,1.2129181623458862,2274000
2016-09-26,1.1833330392837524,1.2166659832000732,1.149999976158142,1.1833330392837524,1.1796879768371582,1275000
2016-09-27,1.1533329486846924,1.22666597366333,1.0,1.1799999475479126,1.1763651371002197,1341000
2016-09-28,1.1799999475479126,1.2166659832000732,1.1299999952316284,1.1566660404205322,1.1531031131744385,708000
2016-09-29,1.1166659593582153,1.213333010673523,1.1166659593582153,1.1466660499572754,1.1431338787078857,1374000
2016-09-30,1.1333329677581787,1.149999976158142,1.0666660070419312,1.0833330154418945,1.0799959897994995,1548000
2016-10-03,1.0833330154418945,1.1433329582214355,1.0499999523162842,1.0666660070419312,1.063380241394043,1428000
2016-10-04,1.0499999523162842,1.0499999523162842,1.0066659450531006,1.0266660451889038,1.0235035419464111,453000
2016-10-05,1.0,1.0,0.9666659832000732,0.9833329916000366,0.980303943157196,528000
2016-10-06,0.9833329916000366,1.0099999904632568,0.9833329916000366,1.0,0.9969196319580078,942000
2016-10-07,1.0033329725265503,1.0299999713897705,0.9933329820632935,1.0,0.9969196319580078,246000
2016-10-11,1.0,1.0,0.9966660141944885,0.9966660141944885,0.9935958981513977,18000
2016-10-12,1.0,1.0,0.949999988079071,0.9966660141944885,0.9935958981513977,651000
2016-10-13,0.9866660237312317,0.9866660237312317,0.9333329796791077,0.9833329916000366,0.980303943157196,258000
2016-10-14,0.9666659832000732,1.0299999713897705,0.9666659832000732,1.023332953453064,1.0201807022094727,819000
2016-10-17,1.0666660070419312,1.0333329439163208,1.0033329725265503,1.0333329439163208,1.0301499366760254,309000
2016-10-18,1.0333329439163208,1.0466660261154175,1.0,1.0466660261154175,1.043441891670227,123900
2016-10-19,1.0333329439163208,1.0499999523162842,1.0299999713897705,1.0466660261154175,1.043441891670227,954000
2016-10-20,1.0466660261154175,1.0499999523162842,1.0333329439163208,1.0333329439163208,1.0301499366760254,465000
2016-10-21,1.0333329439163208,1.0333329439163208,1.0333329439163208,1.0333329439163208,1.0301499366760254,0
2016-10-24,1.0333329439163208,1.0333329439163208,0.9933329820632935,1.0,0.9969196319580078,651000
2016-10-25,1.0,1.0499999523162842,1.0,1.0433330535888672,1.0401191711425781,654000
2016-10-26,1.0,1.0833330154418945,1.0,1.0833330154418945,1.0799959897994995,708000
2016-10-27,1.0833330154418945,1.100000023841858,1.053333044052124,1.0866659879684448,1.0833187103271484,285000
2016-10-28,1.053333044052124,1.0833330154418945,1.0499999523162842,1.0800000429153442,1.0766732692718506,171000
2016-10-31,1.0800000429153442,1.0800000429153442,1.0333329439163208,1.0333329439163208,1.0301499366760254,219000
2016-11-01,1.0333329439163208,1.0333329439163208,1.0099999904632568,1.0099999904632568,1.0068888664245605,225000
2016-11-02,1.0099999904632568,1.0333329439163208,1.0099999904632568,1.016666054725647,1.0135343074798584,264000
2016-11-03,1.0133329629898071,1.0133329629898071,0.9833329916000366,1.0,0.9969196319580078,333000
2016-11-04,1.0,1.0,0.9700000286102295,0.9866660237312317,0.9836267232894897,9000
2016-11-07,1.0366660356521606,1.0366660356521606,0.9866660237312317,0.9966660141944885,0.9935958981513977,441000
2016-11-08,0.9933329820632935,0.9933329820632935,0.9533330202102661,0.9533330202102661,0.9503964185714722,795000
2016-11-09,0.9566659927368164,0.9566659927368164,0.9333329796791077,0.9333329796791077,0.9304579496383667,570000
2016-11-10,0.9333329796791077,0.9333329796791077,0.8999999761581421,0.9333329796791077,0.9304579496383667,342000
2016-11-11,0.9333329796791077,0.9900000095367432,0.9333329796791077,0.9399999976158142,0.9371044635772705,57000
2016-11-14,0.9333329796791077,0.9399999976158142,0.9066659808158875,0.9100000262260437,0.9071968793869019,144000
2016-11-15,0.9100000262260437,0.9166659712791443,0.9033330082893372,0.9166659712791443,0.9138423204421997,492000
2016-11-16,0.9033330082893372,0.9166659712791443,0.8766660094261169,0.9166659712791443,0.9138423204421997,384000
2016-11-17,0.8533329963684082,0.8766660094261169,0.8333330154418945,0.8533329963684082,0.8507044315338135,531000
2016-11-18,0.8533329963684082,0.8666660189628601,0.7933329939842224,0.8500000238418579,0.8473817110061646,903000
2016-11-21,0.8333330154418945,0.8533329963684082,0.8333330154418945,0.8366659879684448,0.8340887427330017,267000
2016-11-22,0.8533329963684082,0.8533329963684082,0.800000011920929,0.8466659784317017,0.8440579175949097,1356000
2016-11-23,0.8333330154418945,0.8533329963684082,0.8133329749107361,0.8533329963684082,0.8507044315338135,747000
2016-11-24,0.8500000238418579,0.8533329963684082,0.8500000238418579,0.8533329963684082,0.8507044315338135,42000
2016-11-25,0.8399999737739563,0.8999999761581421,0.8100000023841858,0.8966659903526306,0.893903911113739,807000
2016-11-28,0.8933330178260803,0.9066659808158875,0.8466659784317017,0.8833330273628235,0.8806120157241821,336000
2016-11-29,0.8366659879684448,0.8466659784317017,0.8366659879684448,0.8399999737739563,0.8374124765396118,144000
2016-11-30,0.8399999737739563,0.8533329963684082,0.7799999713897705,0.8033329844474792,0.8008584380149841,4256643
2016-12-01,0.7366660237312317,0.8566660284996033,0.7366660237312317,0.8433330059051514,0.8407352566719055,1374000
2016-12-02,0.7900000214576721,0.8666660189628601,0.7900000214576721,0.8333330154418945,0.8307660222053528,507000
2016-12-05,0.8399999737739563,1.0499999523162842,0.8399999737739563,1.0199999809265137,1.0168579816818237,5814000
2016-12-06,1.059999942779541,1.4666659832000732,1.0333329439163208,1.3166660070419312,1.312610149383545,30219000
2016-12-07,1.326665997505188,1.4600000381469727,1.3166660070419312,1.426666021347046,1.4222713708877563,15843000
2016-12-08,1.426666021347046,1.9199999570846558,1.3533329963684082,1.8066660165786743,1.8011008501052856,29341065
2016-12-09,1.75,1.986665964126587,1.5033329725265503,1.809999942779541,1.804424524307251,18042000
2016-12-12,1.7799999713897705,1.9333330392837524,1.7166659832000732,1.7899999618530273,1.7844860553741455,9488700
2016-12-13,1.766666054725647,1.899999976158142,1.736665964126587,1.8966660499572754,1.8908236026763916,8271000
2016-12-14,1.9333330392837524,2.096666097640991,1.840000033378601,1.8833329677581787,1.87753164768219,7950000
2016-12-15,1.899999976158142,1.9500000476837158,1.8833329677581787,1.8866660594940186,1.8808544874191284,5223000
2016-12-16,1.9366660118103027,1.9366660118103027,1.6566660404205322,1.75,1.7446093559265137,4692000
2016-12-19,1.7400000095367432,1.7400000095367432,1.4033329486846924,1.4333330392837524,1.4289178848266602,4722000
2016-12-20,1.416666030883789,1.5299999713897705,1.266666054725647,1.4700000286102295,1.465471863746643,3819900
2016-12-21,1.4733330011367798,1.5333329439163208,1.4700000286102295,1.523332953453064,1.5186405181884766,738000
2016-12-22,1.4333330392837524,1.5333329439163208,1.4333330392837524,1.5199999809265137,1.5153177976608276,747000
2016-12-23,1.5199999809265137,1.5199999809265137,1.4733330011367798,1.4933329820632935,1.488732933998108,246000
2016-12-28,1.4933329820632935,1.5733330249786377,1.4933329820632935,1.5099999904632568,1.5099999904632568,324000
2016-12-29,1.5,1.5099999904632568,1.4333330392837524,1.5099999904632568,1.5099999904632568,681000
2016-12-30,1.4666659832000732,1.4666659832000732,1.4333330392837524,1.4666659832000732,1.4666659832000732,66000
2017-01-03,1.4700000286102295,1.5099999904632568,1.4033329486846924,1.4966659545898438,1.4966659545898438,1182000
2017-01-04,1.4966659545898438,1.5066659450531006,1.4966659545898438,1.4966659545898438,1.4966659545898438,96000
2017-01-05,1.4966659545898438,1.4966659545898438,1.4233330488204956,1.4366660118103027,1.4366660118103027,88803
2017-01-06,1.5,1.516666054725647,1.399999976158142,1.4933329820632935,1.4933329820632935,1206000
2017-01-09,1.523332953453064,1.8899999856948853,1.523332953453064,1.8833329677581787,1.8833329677581787,10185120
2017-01-10,1.899999976158142,2.009999990463257,1.7333329916000366,1.9333330392837524,1.9333330392837524,24762000
2017-01-11,1.909999966621399,2.0,1.8933329582214355,1.9600000381469727,1.9600000381469727,23724000
2017-01-12,1.9333330392837524,2.0266659259796143,1.926666021347046,1.9666659832000732,1.9666659832000732,23373000
2017-01-13,1.9333330392837524,1.9800000190734863,1.926666021347046,1.9366660118103027,1.9366660118103027,16854000
2017-01-16,1.916666030883789,1.9466660022735596,1.9133330583572388,1.9299999475479126,1.9299999475479126,14991000
2017-01-17,1.9333330392837524,1.9500000476837158,1.9233330488204956,1.9500000476837158,1.9500000476837158,14519997
2017-01-18,1.9666659832000732,2.0,1.9366660118103027,2.0,2.0,16152000
2017-01-19,2.0233330726623535,2.25333309173584,2.0,2.236665964126587,2.236665964126587,26868900
2017-01-20,2.236665964126587,2.666666030883789,2.236665964126587,2.296665906906128,2.296665906906128,27612000
2017-01-23,2.3333330154418945,2.433332920074463,2.0933330059051514,2.166666030883789,2.166666030883789,13506000
2017-01-24,2.1333329677581787,2.22666597366333,2.0799999237060547,2.116666078567505,2.116666078567505,6279000
2017-01-25,2.1266660690307617,2.1933329105377197,2.0933330059051514,2.1700000762939453,2.1700000762939453,4071000
2017-01-26,2.200000047683716,2.200000047683716,2.116666078567505,2.163332939147949,2.163332939147949,4077000
2017-01-27,2.166666030883789,2.180000066757202,2.0999999046325684,2.119999885559082,2.119999885559082,3342000
2017-02-01,2.0833330154418945,2.200000047683716,2.0833330154418945,2.1466660499572754,2.1466660499572754,5316000
2017-02-02,2.1366660594940186,2.1433329582214355,2.103332996368408,2.119999885559082,2.119999885559082,8775000
2017-02-03,2.130000114440918,2.1466660499572754,2.119999885559082,2.130000114440918,2.130000114440918,10894200
2017-02-06,2.130000114440918,2.1466660499572754,2.0666658878326416,2.0833330154418945,2.0833330154418945,9744000
2017-02-07,2.0933330059051514,2.0933330059051514,1.9666659832000732,2.0,2.0,12789000
2017-02-08,1.97666597366333,2.063333034515381,1.9466660022735596,2.0333330631256104,2.0333330631256104,15432000
2017-02-09,2.0799999237060547,2.0833330154418945,2.0066659450531006,2.0199999809265137,2.0199999809265137,10188000
2017-02-10,2.0199999809265137,2.109999895095825,2.0,2.103332996368408,2.103332996368408,15498000
2017-02-13,2.0766661167144775,2.200000047683716,2.0766661167144775,2.1600000858306885,2.1600000858306885,14343000
2017-02-14,2.119999885559082,2.173332929611206,2.109999895095825,2.1500000953674316,2.1500000953674316,13428000
2017-02-15,2.166666030883789,2.173332929611206,2.1333329677581787,2.1333329677581787,2.1333329677581787,12009000
2017-02-16,2.1500000953674316,2.2633330821990967,2.1333329677581787,2.233333110809326,2.233333110809326,11127000
2017-02-17,2.2233328819274902,2.2899999618530273,2.2233328819274902,2.2699999809265137,2.2699999809265137,9798000
2017-02-20,2.2799999713897705,2.3233330249786377,2.2699999809265137,2.3233330249786377,2.3233330249786377,19539000
2017-02-21,2.359999895095825,2.390000104904175,2.309999942779541,2.359999895095825,2.359999895095825,19335000
2017-02-22,2.3833329677581787,2.5,2.3833329677581787,2.440000057220459,2.440000057220459,29271000
2017-02-23,2.4733328819274902,2.4733328819274902,2.369999885559082,2.3966660499572754,2.3966660499572754,18150000
2017-02-24,2.4100000858306885,2.416666030883789,2.3299999237060547,2.3433330059051514,2.3433330059051514,12384000
2017-02-27,2.3766660690307617,2.416666030883789,2.3433330059051514,2.4033329486846924,2.4033329486846924,6993000
2017-02-28,2.4033329486846924,2.433332920074463,2.390000104904175,2.430000066757202,2.430000066757202,8055000
2017-03-01,2.423332929611206,2.4466660022735596,2.3966660499572754,2.423332929611206,2.423332929611206,9066000
2017-03-02,2.433332920074463,2.433332920074463,2.366666078567505,2.366666078567505,2.366666078567505,9408000
2017-03-03,2.3299999237060547,2.430000066757202,2.3299999237060547,2.430000066757202,2.430000066757202,10938000
2017-03-06,2.426666021347046,2.4366660118103027,2.3766660690307617,2.413332939147949,2.413332939147949,8418000
2017-03-07,2.433332920074463,2.4466660022735596,2.4100000858306885,2.426666021347046,2.426666021347046,7962000
2017-03-08,2.433332920074463,2.4366660118103027,2.373332977294922,2.4000000953674316,2.4000000953674316,7371000
2017-03-09,2.3766660690307617,2.426666021347046,2.293333053588867,2.293333053588867,2.293333053588867,8187000
2017-03-10,2.3066658973693848,2.313333034515381,2.123332977294922,2.1333329677581787,2.1333329677581787,7173000
2017-03-13,2.1500000953674316,2.1566660404205322,2.059999942779541,2.0799999237060547,2.0799999237060547,5877000
2017-03-14,2.0866661071777344,2.106666088104248,1.899999976158142,1.9233330488204956,1.9233330488204956,10512000
2017-03-15,1.9233330488204956,1.986665964126587,1.9133330583572388,1.9133330583572388,1.9133330583572388,11937000
2017-03-16,1.9133330583572388,1.9800000190734863,1.8666659593582153,1.940000057220459,1.940000057220459,11382000
2017-03-17,1.9433330297470093,1.9966659545898438,1.9333330392837524,1.9433330297470093,1.9433330297470093,11355000
2017-03-20,1.9466660022735596,1.9466660022735596,1.8700000047683716,1.9199999570846558,1.9199999570846558,10992000
2017-03-21,1.9199999570846558,1.940000057220459,1.8966660499572754,1.9233330488204956,1.9233330488204956,11376000
2017-03-22,1.926666021347046,1.9366660118103027,1.916666030883789,1.9233330488204956,1.9233330488204956,10251000
2017-03-23,1.9333330392837524,1.9566659927368164,1.9233330488204956,1.9433330297470093,1.9433330297470093,11343000
2017-03-24,1.9433330297470093,1.9600000381469727,1.9299999475479126,1.9433330297470093,1.9433330297470093,10875300
2017-03-27,1.9500000476837158,2.049999952316284,1.9433330297470093,2.0133330821990967,2.0133330821990967,12423000
2017-03-28,2.0333330631256104,2.166666030883789,2.0333330631256104,2.1266660690307617,2.1266660690307617,10812000
2017-03-29,2.166666030883789,2.166666030883789,1.9666659832000732,1.9966659545898438,1.9966659545898438,11526000
2017-03-30,1.9966659545898438,1.9966659545898438,1.9133330583572388,1.9433330297470093,1.9433330297470093,10602000
2017-03-31,1.9533330202102661,1.9966659545898438,1.9233330488204956,1.9466660022735596,1.9466660022735596,11274600
2017-04-03,1.963333010673523,2.096666097640991,1.9133330583572388,1.9566659927368164,1.9566659927368164,11433000
2017-04-05,1.9500000476837158,1.9700000286102295,1.899999976158142,1.9500000476837158,1.9500000476837158,11505000
2017-04-06,1.9600000381469727,1.9666659832000732,1.9333330392837524,1.9533330202102661,1.9533330202102661,10809000
2017-04-07,1.9666659832000732,1.9700000286102295,1.809999942779541,1.9066660404205322,1.9066660404205322,14166000
2017-04-10,1.9333330392837524,1.9433330297470093,1.9199999570846558,1.926666021347046,1.926666021347046,8364000
2017-04-11,1.9366660118103027,1.9433330297470093,1.863332986831665,1.899999976158142,1.899999976158142,9246000
2017-04-12,1.916666030883789,1.916666030883789,1.8666659593582153,1.8766659498214722,1.8766659498214722,7713000
2017-04-13,1.8799999952316284,1.8899999856948853,1.8600000143051147,1.8766659498214722,1.8766659498214722,7680000
2017-04-18,1.8933329582214355,1.9333330392837524,1.8600000143051147,1.8666659593582153,1.8666659593582153,8649000
2017-04-19,1.8766659498214722,1.8933329582214355,1.7999999523162842,1.8866660594940186,1.8866660594940186,12753000
2017-04-20,1.899999976158142,1.9833329916000366,1.8799999952316284,1.9700000286102295,1.9700000286102295,14424000
2017-04-21,1.9666659832000732,2.049999952316284,1.9533330202102661,2.0399999618530273,2.0399999618530273,13662000
2017-04-24,2.0666658878326416,2.140000104904175,1.940000057220459,2.046665906906128,2.046665906906128,13353000
2017-04-25,2.0666658878326416,2.0666658878326416,1.9966659545898438,2.0,2.0,10974000
2017-04-26,2.00333309173584,2.0399999618530273,1.986665964126587,1.9966659545898438,1.9966659545898438,10689000
2017-04-27,2.0066659450531006,2.0233330726623535,1.9533330202102661,1.9966659545898438,1.9966659545898438,12160500
2017-04-28,2.0166659355163574,2.0166659355163574,1.9833329916000366,1.9833329916000366,1.9833329916000366,10065165
2017-05-02,2.046665906906128,2.049999952316284,2.0,2.0399999618530273,2.0399999618530273,13215000
2017-05-04,2.0166659355163574,2.0833330154418945,2.0166659355163574,2.0666658878326416,2.0666658878326416,12393000
2017-05-05,2.053333044052124,2.0833330154418945,2.0333330631256104,2.0666658878326416,2.0666658878326416,10590000
2017-05-08,2.0999999046325684,2.3333330154418945,2.0833330154418945,2.309999942779541,2.309999942779541,18579015
2017-05-09,2.309999942779541,2.366666078567505,2.2799999713897705,2.313333034515381,2.313333034515381,13623000
2017-05-10,2.309999942779541,2.319999933242798,2.1866660118103027,2.22666597366333,2.22666597366333,11628000
2017-05-11,2.233333110809326,2.2833330631256104,2.2300000190734863,2.2733330726623535,2.2733330726623535,10314000
2017-05-12,2.2566659450531006,2.299999952316284,2.2566659450531006,2.2833330631256104,2.2833330631256104,6864000
2017-05-15,2.3266661167144775,2.3499999046325684,2.2066659927368164,2.2466659545898438,2.2466659545898438,11592000
2017-05-16,2.2766659259796143,2.293333053588867,2.240000009536743,2.25,2.25,8958000
2017-05-17,2.25,2.2766659259796143,2.2233328819274902,2.236665964126587,2.236665964126587,12462000
2017-05-18,2.25,2.259999990463257,2.2200000286102295,2.240000009536743,2.240000009536743,8892000
2017-05-19,2.2633330821990967,2.303333044052124,2.22666597366333,2.2733330726623535,2.2733330726623535,11315835
2017-05-22,2.2799999713897705,2.3233330249786377,2.2799999713897705,2.299999952316284,2.299999952316284,13575000
2017-05-23,2.3166658878326416,2.4000000953674316,2.3066658973693848,2.356666088104248,2.356666088104248,12483000
2017-05-24,2.356666088104248,2.433332920074463,2.353332996368408,2.3933329582214355,2.3933329582214355,16431000
2017-05-25,2.4200000762939453,2.423332929611206,2.359999895095825,2.3866660594940186,2.3866660594940186,15978000
2017-05-26,2.390000104904175,2.416666030883789,2.233333110809326,2.3333330154418945,2.3333330154418945,17577000
2017-05-29,2.353332996368408,2.4033329486846924,2.3066658973693848,2.3966660499572754,2.3966660499572754,14826000
2017-05-31,2.3766660690307617,2.4000000953674316,2.366666078567505,2.4000000953674316,2.4000000953674316,18690000
2017-06-01,2.3933329582214355,2.433332920074463,2.3833329677581787,2.423332929611206,2.423332929611206,13287000
2017-06-02,2.416666030883789,2.4200000762939453,2.3966660499572754,2.416666030883789,2.416666030883789,9447000
2017-06-05,2.426666021347046,2.5999999046325684,2.413332939147949,2.5799999237060547,2.5799999237060547,34011000
2017-06-06,2.5833330154418945,2.683332920074463,2.569999933242798,2.6700000762939453,2.6700000762939453,27718200
2017-06-07,2.683332920074463,2.733333110809326,2.616666078567505,2.6433329582214355,2.6433329582214355,17379000
2017-06-08,2.6466660499572754,2.6500000953674316,2.606666088104248,2.616666078567505,2.616666078567505,9981000
2017-06-09,2.623332977294922,2.6566660404205322,2.5999999046325684,2.6333329677581787,2.6333329677581787,10290000
2017-06-12,2.6333329677581787,2.663332939147949,2.5899999141693115,2.609999895095825,2.609999895095825,9639000
2017-06-13,2.6466660499572754,2.6500000953674316,2.616666078567505,2.630000114440918,2.630000114440918,11700000
2017-06-14,2.640000104904175,2.6500000953674316,2.619999885559082,2.6466660499572754,2.6466660499572754,11310000
2017-06-15,2.6433329582214355,2.666666030883789,2.6333329677581787,2.6533329486846924,2.6533329486846924,9030000
2017-06-16,2.6533329486846924,2.673332929611206,2.6433329582214355,2.673332929611206,2.673332929611206,9791502
2017-06-19,2.676666021347046,2.8333330154418945,2.676666021347046,2.7733330726623535,2.7733330726623535,11568000
2017-06-20,2.799999952316284,2.8333330154418945,2.786665916442871,2.799999952316284,2.799999952316284,11056260
2017-06-21,2.796665906906128,2.799999952316284,2.733333110809326,2.7566659450531006,2.7566659450531006,15498000
2017-06-22,2.7566659450531006,2.8166658878326416,2.75333309173584,2.799999952316284,2.799999952316284,17385000
2017-06-23,2.8233330249786377,3.0666658878326416,2.8233330249786377,3.053333044052124,3.053333044052124,15465000
2017-06-26,3.0733330249786377,3.25,3.0733330249786377,3.200000047683716,3.200000047683716,14568000
2017-06-27,3.200000047683716,3.3333330154418945,3.0,3.109999895095825,3.109999895095825,17513400
2017-06-28,3.0999999046325684,3.1600000858306885,3.0,3.0133330821990967,3.0133330821990967,11637000
2017-06-29,3.0233330726623535,3.2166659832000732,3.0166659355163574,3.2133328914642334,3.2133328914642334,11392860
2017-06-30,3.2100000381469727,3.2766659259796143,3.140000104904175,3.163332939147949,3.163332939147949,12534000
2017-07-03,3.183332920074463,3.1966660022735596,3.0999999046325684,3.183332920074463,3.183332920074463,13197000
2017-07-04,3.1500000953674316,3.3333330154418945,3.1500000953674316,3.3299999237060547,3.3299999237060547,10836000
2017-07-05,3.3299999237060547,3.5999999046325684,3.3266661167144775,3.5399999618530273,3.5399999618530273,19061340
2017-07-06,3.5333330631256104,3.6333329677581787,3.4666659832000732,3.5799999237060547,3.5799999237060547,16431000
2017-07-07,3.5666658878326416,3.5799999237060547,3.4200000762939453,3.5333330631256104,3.5333330631256104,10653000
2017-07-10,3.5399999618530273,3.666666030883789,3.5199999809265137,3.619999885559082,3.619999885559082,10536000
2017-07-11,3.6466660499572754,4.0,3.5,3.813333034515381,3.813333034515381,14154600
2017-07-12,3.813333034515381,3.940000057220459,3.6533329486846924,3.72666597366333,3.72666597366333,13320000
2017-07-13,3.733333110809326,3.8333330154418945,3.733333110809326,3.75333309173584,3.75333309173584,10155000
2017-07-14,3.759999990463257,3.8866660594940186,3.759999990463257,3.866666078567505,3.866666078567505,11093700
2017-07-17,3.933332920074463,4.039999961853027,3.866666078567505,3.913332939147949,3.913332939147949,12519000
2017-07-18,4.0,4.0,3.7666659355163574,3.8266661167144775,3.8266661167144775,13389000
2017-07-19,3.8333330154418945,4.099999904632568,3.0,3.299999952316284,3.299999952316284,20057700
2017-07-20,3.2666659355163574,3.493333101272583,2.913332939147949,3.1333329677581787,3.1333329677581787,14910600
2017-07-21,3.1333329677581787,3.2300000190734863,3.0,3.0866661071777344,3.0866661071777344,8634000
2017-07-24,3.1333329677581787,3.1333329677581787,3.0799999237060547,3.0999999046325684,3.0999999046325684,6906000
2017-07-25,3.163332939147949,3.166666030883789,3.0766661167144775,3.0999999046325684,3.0999999046325684,7752000
2017-07-26,3.1600000858306885,3.1600000858306885,3.0833330154418945,3.1600000858306885,3.1600000858306885,7422000
2017-07-27,3.116666078567505,3.166666030883789,3.116666078567505,3.1366660594940186,3.1366660594940186,7341090
2017-07-28,3.1333329677581787,3.180000066757202,3.119999885559082,3.1533329486846924,3.1533329486846924,6663000
2017-07-31,3.1966660022735596,3.25,3.1500000953674316,3.25,3.25,8188500
2017-08-01,3.2833330631256104,3.2833330631256104,3.2033329010009766,3.259999990463257,3.259999990463257,8823900
2017-08-02,3.2766659259796143,3.2833330631256104,3.1966660022735596,3.2033329010009766,3.2033329010009766,8680110
2017-08-03,3.233333110809326,3.2633330821990967,3.190000057220459,3.2166659832000732,3.2166659832000732,8283000
2017-08-04,3.2166659832000732,3.243333101272583,3.190000057220459,3.2233328819274902,3.2233328819274902,8772000
2017-08-07,3.2033329010009766,3.2799999713897705,3.2033329010009766,3.2799999713897705,3.2799999713897705,9327000
2017-08-08,3.2766659259796143,3.3299999237060547,3.2566659450531006,3.3066658973693848,3.3066658973693848,9657000
2017-08-09,3.313333034515381,3.3233330249786377,3.2766659259796143,3.293333053588867,3.293333053588867,10446000
2017-08-10,3.490000009536743,4.519999980926514,3.299999952316284,3.450000047683716,3.450000047683716,10927800
2017-08-11,3.5999999046325684,3.5999999046325684,3.2899999618530273,3.359999895095825,3.359999895095825,10356000
2017-08-14,3.4800000190734863,3.4800000190734863,3.3399999141693115,3.390000104904175,3.390000104904175,9341000
2017-08-15,3.440000057220459,3.450000047683716,3.319999933242798,3.450000047683716,3.450000047683716,10203300
2017-08-16,3.430000066757202,3.75,3.390000104904175,3.6600000858306885,3.6600000858306885,8490000
2017-08-17,3.6500000953674316,3.700000047683716,3.609999895095825,3.680000066757202,3.680000066757202,9366800
2017-08-18,3.293329954147339,3.293329954147339,3.293329954147339,3.293329954147339,3.293329954147339,0
2017-08-21,3.293329954147339,3.293329954147339,3.293329954147339,3.293329954147339,3.293329954147339,0
2017-08-22,3.700000047683716,3.700000047683716,3.609999895095825,3.6500000953674316,3.6500000953674316,6330000
2017-08-23,3.6500000953674316,3.6500000953674316,3.6500000953674316,3.6500000953674316,3.6500000953674316,0
2017-08-24,3.6500000953674316,3.740000009536743,3.6500000953674316,3.6700000762939453,3.6700000762939453,1378000
2017-08-25,3.680000066757202,3.680000066757202,3.4000000953674316,3.450000047683716,3.450000047683716,7761000
2017-08-28,3.440000057220459,3.4700000286102295,2.940000057220459,2.9800000190734863,2.9800000190734863,4160000
2017-08-29,3.0,3.059999942779541,2.9600000381469727,2.9800000190734863,2.9800000190734863,3475000
2017-08-30,3.0299999713897705,3.0299999713897705,2.450000047683716,2.700000047683716,2.700000047683716,8302400
2017-08-31,2.6600000858306885,2.680000066757202,2.569999933242798,2.5999999046325684,2.5999999046325684,2343000
2017-09-01,2.559999942779541,2.700000047683716,2.5299999713897705,2.5999999046325684,2.5999999046325684,3290000
2017-09-04,2.5999999046325684,2.700000047683716,2.549999952316284,2.5799999237060547,2.5799999237060547,4495000
2017-09-05,2.5799999237060547,2.5799999237060547,2.4800000190734863,2.5299999713897705,2.5299999713897705,3170000
2017-09-06,2.509999990463257,2.75,2.509999990463257,2.6500000953674316,2.6500000953674316,7622000
2017-09-07,2.7200000286102295,2.7200000286102295,2.630000114440918,2.6500000953674316,2.6500000953674316,4708000
2017-09-08,2.680000066757202,2.7100000381469727,2.609999895095825,2.640000104904175,2.640000104904175,5962000
2017-09-11,2.5999999046325684,2.680000066757202,2.5199999809265137,2.5299999713897705,2.5299999713897705,4436000
2017-09-12,2.6500000953674316,2.6500000953674316,2.5199999809265137,2.559999942779541,2.559999942779541,4068000
2017-09-13,2.609999895095825,2.609999895095825,2.5,2.569999933242798,2.569999933242798,4435000
2017-09-14,2.619999885559082,2.630000114440918,2.509999990463257,2.5399999618530273,2.5399999618530273,5079000
2017-09-15,2.5399999618530273,2.5899999141693115,2.5199999809265137,2.569999933242798,2.569999933242798,4718000
2017-09-18,2.5999999046325684,2.5999999046325684,2.5199999809265137,2.559999942779541,2.559999942779541,6186000
2017-09-19,2.5399999618530273,2.5799999237060547,2.490000009536743,2.509999990463257,2.509999990463257,6073000
2017-09-20,2.5,2.5299999713897705,2.3499999046325684,2.3499999046325684,2.3499999046325684,4818000
2017-09-21,2.1600000858306885,2.430000066757202,2.1600000858306885,2.390000104904175,2.390000104904175,3354000
2017-09-22,2.490000009536743,2.490000009536743,2.2200000286102295,2.3299999237060547,2.3299999237060547,3634000
2017-09-25,2.4000000953674316,2.4200000762939453,2.299999952316284,2.319999933242798,2.319999933242798,3166000
2017-09-26,2.3499999046325684,2.390000104904175,2.2799999713897705,2.3499999046325684,2.3499999046325684,3272000
2017-09-27,2.4000000953674316,2.4000000953674316,2.2899999618530273,2.3299999237060547,2.3299999237060547,3052000
2017-09-28,2.359999895095825,2.359999895095825,2.2699999809265137,2.2899999618530273,2.2899999618530273,3015000
2017-09-29,2.4000000953674316,2.7300000190734863,2.299999952316284,2.630000114440918,2.630000114440918,7820000
2017-10-03,2.630000114440918,2.9600000381469727,2.549999952316284,2.7100000381469727,2.7100000381469727,5504000
2017-10-04,2.7799999713897705,2.8399999141693115,2.7100000381469727,2.799999952316284,2.799999952316284,4665000
2017-10-06,2.7100000381469727,2.869999885559082,2.6500000953674316,2.6700000762939453,2.6700000762939453,4223000
2017-10-09,2.759999990463257,2.759999990463257,2.640000104904175,2.700000047683716,2.700000047683716,5016000
2017-10-10,2.75,2.75,2.5899999141693115,2.6500000953674316,2.6500000953674316,4292000
2017-10-11,2.6500000953674316,2.680000066757202,2.509999990463257,2.569999933242798,2.569999933242798,5368000
2017-10-12,2.549999952316284,2.680000066757202,2.509999990463257,2.609999895095825,2.609999895095825,4368000
2017-10-13,2.5799999237060547,2.5899999141693115,2.4800000190734863,2.5299999713897705,2.5299999713897705,4997000
2017-10-16,2.5299999713897705,2.5999999046325684,2.5,2.549999952316284,2.549999952316284,4560000
2017-10-17,2.5,2.5999999046325684,2.490000009536743,2.5199999809265137,2.5199999809265137,4396000
2017-10-18,2.569999933242798,2.5799999237060547,2.5,2.509999990463257,2.509999990463257,4203000
2017-10-19,2.509999990463257,2.559999942779541,2.4100000858306885,2.450000047683716,2.450000047683716,5449000
2017-10-20,2.4600000381469727,2.5399999618530273,2.3499999046325684,2.5,2.5,5983000
2017-10-23,2.5299999713897705,2.549999952316284,2.390000104904175,2.4700000286102295,2.4700000286102295,5329000
2017-10-24,2.490000009536743,2.5299999713897705,2.4200000762939453,2.5,2.5,4578000
2017-10-25,2.5299999713897705,2.569999933242798,2.4700000286102295,2.5199999809265137,2.5199999809265137,5106000
2017-10-26,2.430000066757202,2.5399999618530273,2.4000000953674316,2.490000009536743,2.490000009536743,6308000
2017-10-27,2.509999990463257,2.509999990463257,2.4100000858306885,2.4600000381469727,2.4600000381469727,4916552
2017-10-30,2.490000009536743,2.5199999809265137,2.4000000953674316,2.450000047683716,2.450000047683716,4855000
2017-10-31,2.4200000762939453,2.490000009536743,2.380000114440918,2.4600000381469727,2.4600000381469727,4629000
2017-11-01,2.4200000762939453,2.490000009536743,2.4100000858306885,2.450000047683716,2.450000047683716,4960000
2017-11-02,2.4600000381469727,2.4800000190734863,2.309999942779541,2.4200000762939453,2.4200000762939453,5396000
2017-11-03,2.450000047683716,2.450000047683716,2.359999895095825,2.4100000858306885,2.4100000858306885,5803000
2017-11-06,2.4100000858306885,2.430000066757202,2.359999895095825,2.4100000858306885,2.4100000858306885,4686000
2017-11-07,2.4200000762939453,2.430000066757202,2.380000114440918,2.4100000858306885,2.4100000858306885,5105000
2017-11-08,2.4000000953674316,2.4100000858306885,2.3399999141693115,2.369999885559082,2.369999885559082,4224000
2017-11-09,2.319999933242798,2.380000114440918,2.25,2.2899999618530273,2.2899999618530273,4630000
2017-11-10,2.2899999618530273,2.390000104904175,2.2200000286102295,2.299999952316284,2.299999952316284,3684700
2017-11-13,2.4000000953674316,2.490000009536743,2.3299999237060547,2.450000047683716,2.450000047683716,3715000
2017-11-14,2.430000066757202,2.430000066757202,2.2699999809265137,2.309999942779541,2.309999942779541,3447000
2017-11-15,2.3299999237060547,2.359999895095825,2.25,2.259999990463257,2.259999990463257,3197000
2017-11-16,2.299999952316284,2.309999942779541,2.1500000953674316,2.180000066757202,2.180000066757202,3800000
2017-11-17,2.200000047683716,2.2300000190734863,2.140000104904175,2.190000057220459,2.190000057220459,6013000
2017-11-20,2.3499999046325684,2.3499999046325684,2.190000057220459,2.2799999713897705,2.2799999713897705,5952000
2017-11-21,2.319999933242798,2.3299999237060547,2.1700000762939453,2.200000047683716,2.200000047683716,4986700
2017-11-22,2.2200000286102295,2.2799999713897705,2.200000047683716,2.2699999809265137,2.2699999809265137,5507000
2017-11-23,2.2100000381469727,2.2899999618530273,2.180000066757202,2.240000009536743,2.240000009536743,9658000
2017-11-24,2.240000009536743,2.2799999713897705,2.200000047683716,2.259999990463257,2.259999990463257,4961000
2017-11-27,2.2300000190734863,2.2799999713897705,2.200000047683716,2.200000047683716,2.200000047683716,4907000
2017-11-28,2.200000047683716,2.240000009536743,2.0,2.0999999046325684,2.0999999046325684,7374000
2017-11-29,2.0999999046325684,2.180000066757202,2.0299999713897705,2.109999895095825,2.109999895095825,3112000
2017-11-30,2.059999942779541,2.130000114440918,2.059999942779541,2.0799999237060547,2.0799999237060547,2283000
2017-12-01,2.0899999141693115,2.109999895095825,2.0399999618530273,2.0799999237060547,2.0799999237060547,2263000
2017-12-04,2.0799999237060547,2.0999999046325684,2.049999952316284,2.0799999237060547,2.0799999237060547,1930000
2017-12-05,2.059999942779541,2.0899999141693115,2.049999952316284,2.0899999141693115,2.0899999141693115,1977000
2017-12-06,2.059999942779541,2.0999999046325684,1.9299999475479126,2.0999999046325684,2.0999999046325684,2215000
2017-12-07,2.0999999046325684,2.140000104904175,2.009999990463257,2.0399999618530273,2.0399999618530273,7011000
2017-12-08,2.069999933242798,2.25,2.0399999618530273,2.059999942779541,2.059999942779541,3161000
2017-12-11,2.0199999809265137,2.240000009536743,2.0199999809265137,2.049999952316284,2.049999952316284,3590000
2017-12-12,2.130000114440918,2.130000114440918,2.049999952316284,2.0799999237060547,2.0799999237060547,4153000
2017-12-13,2.0799999237060547,2.0799999237060547,2.009999990463257,2.069999933242798,2.069999933242798,662000
2017-12-14,2.0999999046325684,2.0999999046325684,2.059999942779541,2.0799999237060547,2.0799999237060547,1146000
2017-12-15,2.0799999237060547,2.0999999046325684,2.0399999618530273,2.0799999237060547,2.0799999237060547,1176000
2017-12-18,2.069999933242798,2.1500000953674316,2.049999952316284,2.0799999237060547,2.0799999237060547,1215000
2017-12-19,2.0799999237060547,2.0999999046325684,2.049999952316284,2.0799999237060547,2.0799999237060547,1368000
2017-12-20,2.0799999237060547,2.0999999046325684,2.009999990463257,2.0199999809265137,2.0199999809265137,1416000
2017-12-21,2.069999933242798,2.130000114440918,2.0199999809265137,2.049999952316284,2.049999952316284,1249600
2017-12-22,2.0799999237060547,2.0799999237060547,2.0299999713897705,2.059999942779541,2.059999942779541,1475000
2017-12-27,2.0199999809265137,2.049999952316284,2.0199999809265137,2.0399999618530273,2.0399999618530273,1232000
2017-12-28,2.059999942779541,2.200000047683716,1.9600000381469727,2.130000114440918,2.130000114440918,3622000
2017-12-29,2.1700000762939453,2.2300000190734863,2.0399999618530273,2.1500000953674316,2.1500000953674316,1918000
2018-01-02,2.200000047683716,2.200000047683716,2.0999999046325684,2.140000104904175,2.140000104904175,2214000
2018-01-03,2.059999942779541,2.1600000858306885,2.0199999809265137,2.0299999713897705,2.0299999713897705,1793000
2018-01-04,2.0399999618530273,2.0399999618530273,1.9500000476837158,2.0,2.0,2003000
2018-01-05,2.009999990463257,2.0999999046325684,1.9500000476837158,1.9900000095367432,1.9900000095367432,2380000
2018-01-08,2.0,2.0399999618530273,1.9700000286102295,1.9700000286102295,1.9700000286102295,1719000
2018-01-09,1.9700000286102295,1.9800000190734863,1.840000033378601,1.8899999856948853,1.8899999856948853,6191000
2018-01-10,1.899999976158142,1.899999976158142,1.4800000190734863,1.6200000047683716,1.6200000047683716,7273000
2018-01-11,1.7100000381469727,1.8600000143051147,1.6100000143051147,1.7899999618530273,1.7899999618530273,9655000
2018-01-12,1.7999999523162842,1.8600000143051147,1.7100000381469727,1.7699999809265137,1.7699999809265137,10162000
2018-01-15,1.7699999809265137,1.7999999523162842,1.7200000286102295,1.7200000286102295,1.7200000286102295,9210000
2018-01-16,1.7200000286102295,1.8200000524520874,1.7000000476837158,1.7899999618530273,1.7899999618530273,9997000
2018-01-17,1.8300000429153442,1.8300000429153442,1.6799999475479126,1.7200000286102295,1.7200000286102295,11987000
2018-01-18,1.7300000190734863,1.7599999904632568,1.6299999952316284,1.7300000190734863,1.7300000190734863,9152000
2018-01-19,1.7300000190734863,1.7300000190734863,1.4900000095367432,1.5399999618530273,1.5399999618530273,8222000
2018-01-22,1.5399999618530273,1.690000057220459,1.5,1.5099999904632568,1.5099999904632568,5871000
2018-01-23,1.5199999809265137,1.590000033378601,1.4299999475479126,1.4800000190734863,1.4800000190734863,6585000
2018-01-24,1.4900000095367432,1.5399999618530273,1.440000057220459,1.4700000286102295,1.4700000286102295,5420000
2018-01-25,1.4700000286102295,1.4900000095367432,1.2999999523162842,1.340000033378601,1.340000033378601,4458000
2018-01-26,1.3799999952316284,1.3899999856948853,1.1399999856948853,1.1799999475479126,1.1799999475479126,7565000
2018-01-29,1.1799999475479126,1.2699999809265137,1.1399999856948853,1.190000057220459,1.190000057220459,2897000
2018-01-30,1.2400000095367432,1.2400000095367432,1.090000033378601,1.1100000143051147,1.1100000143051147,1701000
2018-01-31,1.1100000143051147,1.159999966621399,1.0199999809265137,1.0399999618530273,1.0399999618530273,3083000
2018-02-01,1.0499999523162842,1.0700000524520874,0.9399999976158142,0.949999988079071,0.949999988079071,3231000
2018-02-02,0.949999988079071,1.0800000429153442,0.9200000166893005,0.9300000071525574,0.9300000071525574,1879000
2018-02-05,0.9300000071525574,0.9300000071525574,0.8899999856948853,0.8999999761581421,0.8999999761581421,857000
2018-02-06,0.8899999856948853,0.8899999856948853,0.8199999928474426,0.8299999833106995,0.8299999833106995,1276000
2018-02-07,0.8399999737739563,0.8999999761581421,0.6899999976158142,0.7300000190734863,0.7300000190734863,5324000
2018-02-08,0.8199999928474426,0.8199999928474426,0.7200000286102295,0.7400000095367432,0.7400000095367432,1112000
2018-02-09,0.7300000190734863,0.7400000095367432,0.6700000166893005,0.699999988079071,0.699999988079071,1442000
2018-02-12,0.8199999928474426,0.8199999928474426,0.7200000286102295,0.7400000095367432,0.7400000095367432,663000
2018-02-13,0.800000011920929,0.9900000095367432,0.75,0.8100000023841858,0.8100000023841858,5610000
2018-02-14,0.8100000023841858,0.8500000238418579,0.7599999904632568,0.800000011920929,0.800000011920929,1773000
2018-02-15,0.800000011920929,0.8799999952316284,0.7799999713897705,0.8500000238418579,0.8500000238418579,691000
2018-02-20,0.8500000238418579,0.949999988079071,0.8500000238418579,0.9300000071525574,0.9300000071525574,1638000
2018-02-21,0.9300000071525574,0.9300000071525574,0.8700000047683716,0.8700000047683716,0.8700000047683716,740000
2018-02-22,0.8700000047683716,0.8899999856948853,0.8600000143051147,0.8899999856948853,0.8899999856948853,514000
2018-02-23,0.8799999952316284,0.8799999952316284,0.8299999833106995,0.8399999737739563,0.8399999737739563,863000
2018-02-26,0.8299999833106995,0.8700000047683716,0.8299999833106995,0.8299999833106995,0.8299999833106995,334000
2018-02-27,0.8600000143051147,0.8799999952316284,0.8299999833106995,0.8799999952316284,0.8799999952316284,538000
2018-02-28,0.8600000143051147,0.8700000047683716,0.8600000143051147,0.8600000143051147,0.8600000143051147,97000
2018-03-01,0.8600000143051147,0.8600000143051147,0.8500000238418579,0.8500000238418579,0.8500000238418579,34000
2018-03-02,0.8799999952316284,0.8799999952316284,0.8399999737739563,0.8399999737739563,0.8399999737739563,244000
2018-03-05,0.8500000238418579,0.8500000238418579,0.7599999904632568,0.8100000023841858,0.8100000023841858,4837000
2018-03-06,0.8100000023841858,0.8100000023841858,0.6299999952316284,0.7300000190734863,0.7300000190734863,7473000
2018-03-07,0.7300000190734863,0.7400000095367432,0.699999988079071,0.7200000286102295,0.7200000286102295,970000
2018-03-08,0.699999988079071,0.7300000190734863,0.6899999976158142,0.699999988079071,0.699999988079071,636000
2018-03-09,0.7200000286102295,0.7200000286102295,0.699999988079071,0.7200000286102295,0.7200000286102295,62000
2018-03-12,0.75,0.800000011920929,0.7400000095367432,0.7599999904632568,0.7599999904632568,1287000
2018-03-13,0.7099999785423279,0.8399999737739563,0.7099999785423279,0.8100000023841858,0.8100000023841858,1386900
2018-03-14,0.8100000023841858,0.8799999952316284,0.75,0.7599999904632568,0.7599999904632568,4870000
2018-03-15,0.7599999904632568,0.7799999713897705,0.7300000190734863,0.7400000095367432,0.7400000095367432,558000
2018-03-16,0.7699999809265137,0.7699999809265137,0.7300000190734863,0.75,0.75,874000
2018-03-19,0.75,0.75,0.699999988079071,0.7099999785423279,0.7099999785423279,652000
2018-03-20,0.7099999785423279,0.7300000190734863,0.6800000071525574,0.7099999785423279,0.7099999785423279,877000
2018-03-21,0.7300000190734863,0.7300000190734863,0.699999988079071,0.7300000190734863,0.7300000190734863,925000
2018-03-22,0.7200000286102295,0.7200000286102295,0.6600000262260437,0.699999988079071,0.699999988079071,1526000
2018-03-23,0.6700000166893005,0.6899999976158142,0.6700000166893005,0.6899999976158142,0.6899999976158142,362000
2018-03-26,0.6800000071525574,0.7099999785423279,0.6700000166893005,0.6899999976158142,0.6899999976158142,354000
2018-03-27,0.699999988079071,0.699999988079071,0.6600000262260437,0.6600000262260437,0.6600000262260437,783000
2018-03-28,0.6600000262260437,0.6600000262260437,0.6499999761581421,0.6600000262260437,0.6600000262260437,124000
2018-03-29,0.6499999761581421,0.6800000071525574,0.6399999856948853,0.6499999761581421,0.6499999761581421,168000
2018-04-03,0.6499999761581421,0.6499999761581421,0.6000000238418579,0.6100000143051147,0.6100000143051147,1938000
2018-04-04,0.6100000143051147,0.6299999952316284,0.6100000143051147,0.6100000143051147,0.6100000143051147,629000
2018-04-06,0.6200000047683716,0.6399999856948853,0.6100000143051147,0.6100000143051147,0.6100000143051147,499000
2018-04-09,0.6499999761581421,0.6899999976158142,0.6299999952316284,0.6800000071525574,0.6800000071525574,963000
2018-04-10,0.6800000071525574,0.6800000071525574,0.6800000071525574,0.6800000071525574,0.6800000071525574,201000
2018-04-11,0.6600000262260437,0.7099999785423279,0.6600000262260437,0.7099999785423279,0.7099999785423279,716000
2018-04-12,0.7400000095367432,0.7400000095367432,0.6600000262260437,0.6600000262260437,0.6600000262260437,948000
2018-04-13,0.6700000166893005,0.6899999976158142,0.6499999761581421,0.6499999761581421,0.6499999761581421,125000
2018-04-16,0.6499999761581421,0.6800000071525574,0.6399999856948853,0.6800000071525574,0.6800000071525574,216000
2018-04-17,0.6800000071525574,0.6899999976158142,0.6600000262260437,0.6600000262260437,0.6600000262260437,236000
2018-04-18,0.6700000166893005,0.6700000166893005,0.6399999856948853,0.6499999761581421,0.6499999761581421,218000
2018-04-19,0.6000000238418579,0.6499999761581421,0.6000000238418579,0.6399999856948853,0.6399999856948853,554000
2018-04-20,0.6200000047683716,0.6399999856948853,0.6000000238418579,0.6399999856948853,0.6399999856948853,500000
2018-04-23,0.6499999761581421,0.6499999761581421,0.6499999761581421,0.6499999761581421,0.6499999761581421,0
2018-04-24,0.6499999761581421,0.6499999761581421,0.6100000143051147,0.6200000047683716,0.6200000047683716,172000
2018-04-25,0.6000000238418579,0.6100000143051147,0.5799999833106995,0.5899999737739563,0.5899999737739563,1773000
2018-04-26,0.5899999737739563,0.5899999737739563,0.5799999833106995,0.5799999833106995,0.5799999833106995,851000
2018-04-27,0.550000011920929,0.5799999833106995,0.5400000214576721,0.5799999833106995,0.5799999833106995,108000
2018-04-30,0.5899999737739563,0.5899999737739563,0.5899999737739563,0.5899999737739563,0.5899999737739563,5000
2018-05-02,0.5899999737739563,0.5899999737739563,0.5899999737739563,0.5899999737739563,0.5899999737739563,91000
2018-05-03,0.5899999737739563,0.5899999737739563,0.550000011920929,0.5799999833106995,0.5799999833106995,129000
2018-05-04,0.5799999833106995,0.5799999833106995,0.5600000023841858,0.5600000023841858,0.5600000023841858,92000
2018-05-07,0.5799999833106995,0.5899999737739563,0.5600000023841858,0.5799999833106995,0.5799999833106995,196000
2018-05-08,0.6399999856948853,0.6499999761581421,0.550000011920929,0.5699999928474426,0.5699999928474426,1187000
2018-05-09,0.5699999928474426,0.5699999928474426,0.5199999809265137,0.5199999809265137,0.5199999809265137,2375000
2018-05-10,0.5199999809265137,0.5199999809265137,0.5,0.5199999809265137,0.5199999809265137,374000
2018-05-11,0.5199999809265137,0.5199999809265137,0.49000000953674316,0.4950000047683716,0.4950000047683716,608000
2018-05-14,0.49000000953674316,0.5,0.4699999988079071,0.47999998927116394,0.47999998927116394,991000
2018-05-15,0.47999998927116394,0.5299999713897705,0.4699999988079071,0.5199999809265137,0.5199999809265137,782000
2018-05-16,0.5299999713897705,0.5400000214576721,0.5099999904632568,0.5099999904632568,0.5099999904632568,299000
2018-05-17,0.5,0.5199999809265137,0.48500001430511475,0.5,0.5,4568000
2018-05-18,0.5,0.5199999809265137,0.5,0.5199999809265137,0.5199999809265137,102000
2018-05-21,0.5299999713897705,0.5400000214576721,0.5099999904632568,0.5199999809265137,0.5199999809265137,787000
2018-05-23,0.5299999713897705,0.5600000023841858,0.5199999809265137,0.5299999713897705,0.5299999713897705,673000
2018-05-24,0.5299999713897705,0.5299999713897705,0.5099999904632568,0.5099999904632568,0.5099999904632568,1159000
2018-05-25,0.5,0.5199999809265137,0.5,0.5,0.5,228000
2018-05-28,0.5099999904632568,0.5099999904632568,0.4950000047683716,0.5,0.5,332000
2018-05-29,0.5,0.5,0.4950000047683716,0.4950000047683716,0.4950000047683716,109000
2018-05-30,0.4950000047683716,0.5,0.47999998927116394,0.49000000953674316,0.49000000953674316,2179000
2018-05-31,0.49000000953674316,0.4950000047683716,0.4749999940395355,0.49000000953674316,0.49000000953674316,498000
2018-06-01,0.4749999940395355,0.5,0.4699999988079071,0.4950000047683716,0.4950000047683716,191000
2018-06-04,0.49000000953674316,0.49000000953674316,0.47999998927116394,0.47999998927116394,0.47999998927116394,256000
2018-06-05,0.4950000047683716,0.7200000286102295,0.4650000035762787,0.5,0.5,32688000
2018-06-06,0.5099999904632568,0.5699999928474426,0.47999998927116394,0.48500001430511475,0.48500001430511475,18342000
2018-06-07,0.48500001430511475,0.5,0.47999998927116394,0.49000000953674316,0.49000000953674316,3308000
2018-06-08,0.47999998927116394,0.5,0.4650000035762787,0.48500001430511475,0.48500001430511475,1682000
2018-06-11,0.4699999988079071,0.48500001430511475,0.4650000035762787,0.4749999940395355,0.4749999940395355,675000
2018-06-12,0.47999998927116394,0.48500001430511475,0.4650000035762787,0.4699999988079071,0.4699999988079071,12415000
2018-06-13,0.4699999988079071,0.48500001430511475,0.4699999988079071,0.47999998927116394,0.47999998927116394,637000
2018-06-14,0.4699999988079071,0.49000000953674316,0.4699999988079071,0.47999998927116394,0.47999998927116394,1950000
2018-06-15,0.49000000953674316,0.49000000953674316,0.4699999988079071,0.4699999988079071,0.4699999988079071,898000
2018-06-19,0.4650000035762787,0.47999998927116394,0.4000000059604645,0.4749999940395355,0.4749999940395355,7325000
2018-06-20,0.4449999928474426,0.44999998807907104,0.4300000071525574,0.4399999976158142,0.4399999976158142,1182000
2018-06-21,0.4399999976158142,0.45500001311302185,0.4399999976158142,0.4449999928474426,0.4449999928474426,519000
2018-06-22,0.4449999928474426,0.4749999940395355,0.4300000071525574,0.44999998807907104,0.44999998807907104,24007000
2018-06-25,0.46000000834465027,0.4749999940395355,0.3149999976158142,0.3400000035762787,0.3400000035762787,50413000
2018-06-26,0.35499998927116394,0.35499998927116394,0.28999999165534973,0.33500000834465027,0.33500000834465027,8951000
2018-06-27,0.33500000834465027,0.33500000834465027,0.3100000023841858,0.3199999928474426,0.3199999928474426,2418000
2018-06-28,0.3149999976158142,0.3199999928474426,0.3100000023841858,0.3100000023841858,0.3100000023841858,826000
2018-06-29,0.3050000071525574,0.3149999976158142,0.30000001192092896,0.3050000071525574,0.3050000071525574,798000
2018-07-03,0.3100000023841858,0.3199999928474426,0.29499998688697815,0.29499998688697815,0.29499998688697815,1227000
2018-07-04,0.3050000071525574,0.3100000023841858,0.29499998688697815,0.3050000071525574,0.3050000071525574,553000
2018-07-05,0.3199999928474426,0.33000001311302185,0.2849999964237213,0.30000001192092896,0.30000001192092896,3168000
2018-07-06,0.30000001192092896,0.3100000023841858,0.29499998688697815,0.30000001192092896,0.30000001192092896,250000
2018-07-09,0.2849999964237213,0.3199999928474426,0.2750000059604645,0.29499998688697815,0.29499998688697815,2790000
2018-07-10,0.2849999964237213,0.30000001192092896,0.26499998569488525,0.2750000059604645,0.2750000059604645,3559000
2018-07-11,0.27000001072883606,0.27000001072883606,0.25,0.26499998569488525,0.26499998569488525,1796000
2018-07-12,0.27000001072883606,0.29499998688697815,0.27000001072883606,0.2849999964237213,0.2849999964237213,1760000
2018-07-13,0.2849999964237213,0.28999999165534973,0.27000001072883606,0.2750000059604645,0.2750000059604645,555000
2018-07-16,0.27000001072883606,0.27000001072883606,0.25999999046325684,0.26499998569488525,0.26499998569488525,956000
2018-07-17,0.26499998569488525,0.28999999165534973,0.26499998569488525,0.2849999964237213,0.2849999964237213,1030000
2018-07-18,0.28999999165534973,0.30000001192092896,0.25,0.2800000011920929,0.2800000011920929,10494000
2018-07-19,0.28999999165534973,0.3050000071525574,0.2750000059604645,0.3050000071525574,0.3050000071525574,3009000
2018-07-20,0.3199999928474426,0.33000001311302185,0.3050000071525574,0.3100000023841858,0.3100000023841858,1591000
2018-07-23,0.3199999928474426,0.3199999928474426,0.30000001192092896,0.3149999976158142,0.3149999976158142,423000
2018-07-24,0.3149999976158142,0.3400000035762787,0.3050000071525574,0.33500000834465027,0.33500000834465027,1691000
2018-07-25,0.33000001311302185,0.36000001430511475,0.3199999928474426,0.3449999988079071,0.3449999988079071,1387000
2018-07-26,0.3449999988079071,0.3700000047683716,0.3449999988079071,0.3700000047683716,0.3700000047683716,1437000
2018-07-27,0.375,0.36500000953674316,0.3499999940395355,0.3499999940395355,0.3499999940395355,475000
2018-07-30,0.375,0.375,0.35499998927116394,0.3700000047683716,0.3700000047683716,1235000
2018-07-31,0.3499999940395355,0.3499999940395355,0.3400000035762787,0.3449999988079071,0.3449999988079071,600000
2018-08-01,0.3449999988079071,0.3449999988079071,0.33500000834465027,0.3400000035762787,0.3400000035762787,367000
2018-08-02,0.3400000035762787,0.3449999988079071,0.33000001311302185,0.33000001311302185,0.33000001311302185,720000
2018-08-03,0.33000001311302185,0.33000001311302185,0.3199999928474426,0.3199999928474426,0.3199999928474426,235000
2018-08-06,0.3400000035762787,0.3400000035762787,0.3050000071525574,0.3050000071525574,0.3050000071525574,502000
2018-08-07,0.3100000023841858,0.3199999928474426,0.3050000071525574,0.3199999928474426,0.3199999928474426,262000
2018-08-08,0.3199999928474426,0.3199999928474426,0.3100000023841858,0.3100000023841858,0.3100000023841858,334000
2018-08-09,0.3100000023841858,0.3100000023841858,0.30000001192092896,0.3050000071525574,0.3050000071525574,387000
2018-08-10,0.30000001192092896,0.3050000071525574,0.30000001192092896,0.30000001192092896,0.30000001192092896,439000
2018-08-13,0.30000001192092896,0.30000001192092896,0.30000001192092896,0.30000001192092896,0.30000001192092896,250000
2018-08-14,0.30000001192092896,0.3100000023841858,0.30000001192092896,0.3100000023841858,0.3100000023841858,499000
2018-08-15,0.3050000071525574,0.3100000023841858,0.3050000071525574,0.3050000071525574,0.3050000071525574,398000
2018-08-16,0.29499998688697815,0.30000001192092896,0.29499998688697815,0.29499998688697815,0.29499998688697815,260000
2018-08-17,0.29499998688697815,0.29499998688697815,0.29499998688697815,0.29499998688697815,0.29499998688697815,191000
2018-08-20,0.29499998688697815,0.29499998688697815,0.29499998688697815,0.29499998688697815,0.29499998688697815,99000
2018-08-21,0.28999999165534973,0.29499998688697815,0.28999999165534973,0.29499998688697815,0.29499998688697815,220000
2018-08-22,0.28999999165534973,0.28999999165534973,0.2849999964237213,0.28999999165534973,0.28999999165534973,190000
2018-08-23,0.2849999964237213,0.28999999165534973,0.2849999964237213,0.2849999964237213,0.2849999964237213,194000
2018-08-24,0.2849999964237213,0.2849999964237213,0.2849999964237213,0.2849999964237213,0.2849999964237213,70000
2018-08-27,0.28999999165534973,0.29499998688697815,0.28999999165534973,0.29499998688697815,0.29499998688697815,80000
2018-08-28,0.29499998688697815,0.29499998688697815,0.2800000011920929,0.2800000011920929,0.2800000011920929,38000
2018-08-29,0.2800000011920929,0.2849999964237213,0.2750000059604645,0.2800000011920929,0.2800000011920929,206000
2018-08-30,0.2849999964237213,0.2849999964237213,0.2849999964237213,0.2849999964237213,0.2849999964237213,0
2018-08-31,0.2800000011920929,0.2849999964237213,0.2750000059604645,0.2849999964237213,0.2849999964237213,31000
2018-09-03,0.2849999964237213,0.29499998688697815,0.27000001072883606,0.29499998688697815,0.29499998688697815,729000
2018-09-04,0.28999999165534973,0.29499998688697815,0.28999999165534973,0.29499998688697815,0.29499998688697815,287000
2018-09-05,0.29499998688697815,0.30000001192092896,0.28999999165534973,0.28999999165534973,0.28999999165534973,1607000
2018-09-06,0.28999999165534973,0.29499998688697815,0.28999999165534973,0.28999999165534973,0.28999999165534973,470000
2018-09-07,0.28999999165534973,0.29499998688697815,0.28999999165534973,0.29499998688697815,0.29499998688697815,470000
2018-09-10,0.28999999165534973,0.29499998688697815,0.28999999165534973,0.29499998688697815,0.29499998688697815,425000
2018-09-11,0.28999999165534973,0.29499998688697815,0.28999999165534973,0.28999999165534973,0.28999999165534973,1955000
2018-09-12,0.30000001192092896,0.30000001192092896,0.28999999165534973,0.29499998688697815,0.29499998688697815,300000
2018-09-13,0.28999999165534973,0.29499998688697815,0.28999999165534973,0.28999999165534973,0.28999999165534973,273000
2018-09-14,0.28999999165534973,0.29499998688697815,0.28999999165534973,0.29499998688697815,0.29499998688697815,670000
2018-09-17,0.28999999165534973,0.29499998688697815,0.28999999165534973,0.29499998688697815,0.29499998688697815,270000
2018-09-18,0.28999999165534973,0.28999999165534973,0.28999999165534973,0.28999999165534973,0.28999999165534973,0
2018-09-19,0.28999999165534973,0.28999999165534973,0.28999999165534973,0.28999999165534973,0.28999999165534973,16000
2018-09-20,0.28999999165534973,0.3050000071525574,0.2849999964237213,0.2849999964237213,0.2849999964237213,995000
2018-09-21,0.28999999165534973,0.29499998688697815,0.28999999165534973,0.29499998688697815,0.29499998688697815,120000
2018-09-24,0.28999999165534973,0.28999999165534973,0.2800000011920929,0.2800000011920929,0.2800000011920929,117000
2018-09-26,0.2849999964237213,0.29499998688697815,0.2849999964237213,0.28999999165534973,0.28999999165534973,1844000
2018-09-27,0.28999999165534973,0.28999999165534973,0.28999999165534973,0.28999999165534973,0.28999999165534973,0
2018-09-28,0.2800000011920929,0.2849999964237213,0.2800000011920929,0.2849999964237213,0.2849999964237213,282000
2018-10-02,0.2750000059604645,0.2849999964237213,0.2750000059604645,0.2849999964237213,0.2849999964237213,281000
2018-10-03,0.2849999964237213,0.2849999964237213,0.2849999964237213,0.2849999964237213,0.2849999964237213,0
2018-10-04,0.2800000011920929,0.2800000011920929,0.2800000011920929,0.2800000011920929,0.2800000011920929,20000
2018-10-05,0.2750000059604645,0.2800000011920929,0.2750000059604645,0.2800000011920929,0.2800000011920929,100000
2018-10-08,0.27000001072883606,0.2750000059604645,0.27000001072883606,0.2750000059604645,0.2750000059604645,90000
2018-10-09,0.27000001072883606,0.27000001072883606,0.26499998569488525,0.26499998569488525,0.26499998569488525,164000
2018-10-10,0.2750000059604645,0.2750000059604645,0.2750000059604645,0.2750000059604645,0.2750000059604645,0
2018-10-11,0.25999999046325684,0.2750000059604645,0.2409999966621399,0.24400000274181366,0.24400000274181366,4440000
2018-10-12,0.2549999952316284,0.2549999952316284,0.2549999952316284,0.2549999952316284,0.2549999952316284,0
2018-10-15,0.2549999952316284,0.2549999952316284,0.2549999952316284,0.2549999952316284,0.2549999952316284,47500
2018-10-16,0.2549999952316284,0.2549999952316284,0.23999999463558197,0.2409999966621399,0.2409999966621399,160000
2018-10-18,0.24199999868869781,0.24199999868869781,0.23600000143051147,0.23600000143051147,0.23600000143051147,417000
2018-10-19,0.23800000548362732,0.24199999868869781,0.23499999940395355,0.24199999868869781,0.24199999868869781,601000
2018-10-22,0.24199999868869781,0.24199999868869781,0.23499999940395355,0.24199999868869781,0.24199999868869781,320000
2018-10-23,0.24199999868869781,0.24199999868869781,0.24199999868869781,0.24199999868869781,0.24199999868869781,125000
2018-10-24,0.23999999463558197,0.26499998569488525,0.23999999463558197,0.2549999952316284,0.2549999952316284,8935000
2018-10-25,0.2549999952316284,0.27000001072883606,0.23999999463558197,0.25,0.25,1112000
2018-10-26,0.24500000476837158,0.24899999797344208,0.23999999463558197,0.23999999463558197,0.23999999463558197,553000
2018-10-29,0.23499999940395355,0.2549999952316284,0.23100000619888306,0.2549999952316284,0.2549999952316284,3065000
2018-10-30,0.2549999952316284,0.2549999952316284,0.2549999952316284,0.2460000067949295,0.2460000067949295,50000
2018-10-31,0.2329999953508377,0.24799999594688416,0.2329999953508377,0.23899999260902405,0.23899999260902405,100000
2018-11-01,0.23800000548362732,0.2549999952316284,0.23800000548362732,0.2549999952316284,0.2549999952316284,1927000
2018-11-02,0.26499998569488525,0.26499998569488525,0.2549999952316284,0.2549999952316284,0.2549999952316284,152000
2018-11-05,0.2549999952316284,0.2549999952316284,0.2549999952316284,0.2549999952316284,0.2549999952316284,0
2018-11-06,0.24400000274181366,0.2460000067949295,0.23999999463558197,0.24199999868869781,0.24199999868869781,236000
2018-11-07,0.24199999868869781,0.2549999952316284,0.23999999463558197,0.2460000067949295,0.2460000067949295,687000
2018-11-08,0.25999999046325684,0.2800000011920929,0.25999999046325684,0.27000001072883606,0.27000001072883606,302000
2018-11-09,0.2549999952316284,0.2549999952316284,0.2460000067949295,0.24899999797344208,0.24899999797344208,252000
2018-11-12,0.24799999594688416,0.24799999594688416,0.24400000274181366,0.2460000067949295,0.2460000067949295,176000
2018-11-13,0.23800000548362732,0.23800000548362732,0.23800000548362732,0.23800000548362732,0.23800000548362732,0
2018-11-14,0.24899999797344208,0.27000001072883606,0.24899999797344208,0.25999999046325684,0.25999999046325684,2416000
2018-11-15,0.26499998569488525,0.26499998569488525,0.25999999046325684,0.25999999046325684,0.25999999046325684,136000
2018-11-16,0.24500000476837158,0.24500000476837158,0.24500000476837158,0.2549999952316284,0.2549999952316284,1000
2018-11-19,0.25,0.2549999952316284,0.25,0.2549999952316284,0.2549999952316284,200000
2018-11-20,0.27000001072883606,0.27000001072883606,0.25,0.25999999046325684,0.25999999046325684,2473000
2018-11-21,0.2549999952316284,0.2549999952316284,0.24799999594688416,0.25,0.25,508000
2018-11-22,0.25,0.25999999046325684,0.25,0.25999999046325684,0.25999999046325684,1310000
2018-11-23,0.26499998569488525,0.26499998569488525,0.2460000067949295,0.25,0.25,1289000
2018-11-26,0.24799999594688416,0.2549999952316284,0.24799999594688416,0.25,0.25,173000
2018-11-27,0.25,0.25,0.24799999594688416,0.24799999594688416,0.24799999594688416,12000
2018-11-28,0.2549999952316284,0.25999999046325684,0.25,0.2549999952316284,0.2549999952316284,1320000
2018-11-29,0.2549999952316284,0.30000001192092896,0.24500000476837158,0.29499998688697815,0.29499998688697815,2722000
2018-11-30,0.30000001192092896,0.3400000035762787,0.29499998688697815,0.30000001192092896,0.30000001192092896,2607000
2018-12-03,0.30000001192092896,0.30000001192092896,0.28999999165534973,0.28999999165534973,0.28999999165534973,10526000
2018-12-04,0.28999999165534973,0.30000001192092896,0.28999999165534973,0.30000001192092896,0.30000001192092896,3554000
2018-12-05,0.30000001192092896,0.30000001192092896,0.29499998688697815,0.29499998688697815,0.29499998688697815,333000
2018-12-06,0.28999999165534973,0.28999999165534973,0.28999999165534973,0.28999999165534973,0.28999999165534973,167000
2018-12-07,0.29499998688697815,0.29499998688697815,0.29499998688697815,0.29499998688697815,0.29499998688697815,61000
2018-12-10,0.30000001192092896,0.30000001192092896,0.29499998688697815,0.29499998688697815,0.29499998688697815,51000
2018-12-11,0.29499998688697815,0.29499998688697815,0.29499998688697815,0.29499998688697815,0.29499998688697815,160000
2018-12-12,0.29499998688697815,0.29499998688697815,0.29499998688697815,0.29499998688697815,0.29499998688697815,90000
2018-12-13,0.29499998688697815,0.29499998688697815,0.29499998688697815,0.29499998688697815,0.29499998688697815,219000
2018-12-14,0.29499998688697815,0.29499998688697815,0.2750000059604645,0.2800000011920929,0.2800000011920929,622000
2018-12-17,0.2750000059604645,0.2750000059604645,0.27000001072883606,0.27000001072883606,0.27000001072883606,138000
2018-12-18,0.27000001072883606,0.27000001072883606,0.27000001072883606,0.27000001072883606,0.27000001072883606,0
2018-12-19,0.27000001072883606,0.27000001072883606,0.27000001072883606,0.27000001072883606,0.27000001072883606,0
2018-12-20,0.27000001072883606,0.27000001072883606,0.25,0.25,0.25,236000
2018-12-21,0.2549999952316284,0.2549999952316284,0.24899999797344208,0.24899999797344208,0.24899999797344208,220000
2018-12-24,0.24699999392032623,0.24699999392032623,0.24699999392032623,0.24699999392032623,0.24699999392032623,51000
2018-12-27,0.24500000476837158,0.24699999392032623,0.23999999463558197,0.23999999463558197,0.23999999463558197,175000
2018-12-28,0.23999999463558197,0.23999999463558197,0.23999999463558197,0.23999999463558197,0.23999999463558197,0
2018-12-31,0.23999999463558197,0.23999999463558197,0.23999999463558197,0.23999999463558197,0.23999999463558197,0
2019-01-02,0.23999999463558197,0.23999999463558197,0.23999999463558197,0.23999999463558197,0.23999999463558197,40000
2019-01-03,0.23999999463558197,0.23999999463558197,0.23499999940395355,0.23499999940395355,0.23499999940395355,143000
2019-01-04,0.23000000417232513,0.23000000417232513,0.22599999606609344,0.22599999606609344,0.22599999606609344,24000
2019-01-07,0.23499999940395355,0.23499999940395355,0.23399999737739563,0.23499999940395355,0.23499999940395355,63000
2019-01-08,0.2370000034570694,0.23899999260902405,0.2370000034570694,0.23899999260902405,0.23899999260902405,109000
2019-01-09,0.22599999606609344,0.22699999809265137,0.22599999606609344,0.22699999809265137,0.22699999809265137,171000
2019-01-10,0.22699999809265137,0.22699999809265137,0.2240000069141388,0.22499999403953552,0.22499999403953552,336000
2019-01-11,0.23000000417232513,0.23000000417232513,0.2290000021457672,0.2290000021457672,0.2290000021457672,344000
2019-01-14,0.23999999463558197,0.23999999463558197,0.23999999463558197,0.23999999463558197,0.23999999463558197,0
2019-01-15,0.23999999463558197,0.23999999463558197,0.23999999463558197,0.23999999463558197,0.23999999463558197,0
2019-01-16,0.23000000417232513,0.23499999940395355,0.23000000417232513,0.23499999940395355,0.23499999940395355,211000
2019-01-17,0.23999999463558197,0.23999999463558197,0.23499999940395355,0.23800000548362732,0.23800000548362732,106000
2019-01-18,0.22499999403953552,0.2370000034570694,0.20499999821186066,0.2199999988079071,0.2199999988079071,671000
2019-01-21,0.20999999344348907,0.2199999988079071,0.20999999344348907,0.2150000035762787,0.2150000035762787,229000
2019-01-22,0.20499999821186066,0.2199999988079071,0.20000000298023224,0.2199999988079071,0.2199999988079071,372000
2019-01-23,0.20999999344348907,0.22200000286102295,0.20999999344348907,0.22200000286102295,0.22200000286102295,70000
2019-01-24,0.22200000286102295,0.22200000286102295,0.22200000286102295,0.22200000286102295,0.22200000286102295,0
2019-01-25,0.19099999964237213,0.2150000035762787,0.19099999964237213,0.2150000035762787,0.2150000035762787,16000
2019-01-28,0.20000000298023224,0.23000000417232513,0.20000000298023224,0.21799999475479126,0.21799999475479126,198000
2019-01-29,0.20399999618530273,0.2199999988079071,0.20000000298023224,0.2199999988079071,0.2199999988079071,411000
2019-01-30,0.2199999988079071,0.2199999988079071,0.20600000023841858,0.21400000154972076,0.21400000154972076,705000
2019-01-31,0.21400000154972076,0.23000000417232513,0.21400000154972076,0.23000000417232513,0.23000000417232513,987000
2019-02-01,0.23199999332427979,0.2549999952316284,0.23199999332427979,0.2549999952316284,0.2549999952316284,918000
2019-02-04,0.25,0.2750000059604645,0.25,0.27000001072883606,0.27000001072883606,362000
2019-02-08,0.27000001072883606,0.28999999165534973,0.27000001072883606,0.2800000011920929,0.2800000011920929,392000
2019-02-11,0.27000001072883606,0.32499998807907104,0.27000001072883606,0.2800000011920929,0.2800000011920929,3367000
2019-02-12,0.2849999964237213,0.28999999165534973,0.25999999046325684,0.2800000011920929,0.2800000011920929,439000
2019-02-13,0.25999999046325684,0.25999999046325684,0.23999999463558197,0.25,0.25,724000
2019-02-14,0.24500000476837158,0.25,0.23499999940395355,0.24500000476837158,0.24500000476837158,80000
2019-02-15,0.24500000476837158,0.24899999797344208,0.23199999332427979,0.23499999940395355,0.23499999940395355,208000
2019-02-18,0.23499999940395355,0.23499999940395355,0.23499999940395355,0.23499999940395355,0.23499999940395355,115000
2019-02-19,0.23000000417232513,0.23199999332427979,0.2199999988079071,0.22100000083446503,0.22100000083446503,261000
2019-02-20,0.22599999606609344,0.23800000548362732,0.22499999403953552,0.23800000548362732,0.23800000548362732,575000
2019-02-21,0.22200000286102295,0.23600000143051147,0.22200000286102295,0.2290000021457672,0.2290000021457672,336000
2019-02-22,0.22200000286102295,0.24400000274181366,0.22200000286102295,0.23899999260902405,0.23899999260902405,183000
2019-02-25,0.23600000143051147,0.23600000143051147,0.23100000619888306,0.23100000619888306,0.23100000619888306,155000
2019-02-26,0.22699999809265137,0.23399999737739563,0.22300000488758087,0.22300000488758087,0.22300000488758087,113000
2019-02-27,0.2240000069141388,0.23999999463558197,0.2240000069141388,0.23499999940395355,0.23499999940395355,591000
2019-02-28,0.22599999606609344,0.24799999594688416,0.22599999606609344,0.24799999594688416,0.24799999594688416,690600
2019-03-01,0.24500000476837158,0.26499998569488525,0.24500000476837158,0.2549999952316284,0.2549999952316284,869000
2019-03-04,0.2549999952316284,0.26499998569488525,0.23999999463558197,0.2460000067949295,0.2460000067949295,660000
2019-03-05,0.23999999463558197,0.24400000274181366,0.23600000143051147,0.23800000548362732,0.23800000548362732,103000
2019-03-06,0.23800000548362732,0.2409999966621399,0.23800000548362732,0.23899999260902405,0.23899999260902405,319000
2019-03-07,0.23600000143051147,0.2800000011920929,0.23600000143051147,0.2409999966621399,0.2409999966621399,574000
2019-03-08,0.23800000548362732,0.23800000548362732,0.23499999940395355,0.23499999940395355,0.23499999940395355,213000
2019-03-11,0.23100000619888306,0.23800000548362732,0.23100000619888306,0.2370000034570694,0.2370000034570694,222000
2019-03-12,0.2370000034570694,0.23800000548362732,0.22100000083446503,0.2280000001192093,0.2280000001192093,448000
2019-03-13,0.23000000417232513,0.23199999332427979,0.22200000286102295,0.2240000069141388,0.2240000069141388,118000
2019-03-14,0.2240000069141388,0.23000000417232513,0.20000000298023224,0.21299999952316284,0.21299999952316284,3161000
2019-03-15,0.2280000001192093,0.23199999332427979,0.2199999988079071,0.2280000001192093,0.2280000001192093,3062000
2019-03-18,0.22100000083446503,0.22100000083446503,0.2199999988079071,0.2199999988079071,0.2199999988079071,43000
2019-03-19,0.22100000083446503,0.23499999940395355,0.210999995470047,0.23499999940395355,0.23499999940395355,672000
2019-03-20,0.23499999940395355,0.24500000476837158,0.23499999940395355,0.24300000071525574,0.24300000071525574,564000
2019-03-21,0.23100000619888306,0.26499998569488525,0.23000000417232513,0.2549999952316284,0.2549999952316284,658000
2019-03-22,0.2549999952316284,0.27000001072883606,0.23600000143051147,0.27000001072883606,0.27000001072883606,761000
2019-03-25,0.25999999046325684,0.28999999165534973,0.25,0.2750000059604645,0.2750000059604645,1440000
2019-03-26,0.2849999964237213,0.28999999165534973,0.25,0.26499998569488525,0.26499998569488525,1898000
2019-03-27,0.2549999952316284,0.2800000011920929,0.2409999966621399,0.25,0.25,742000
2019-03-28,0.24899999797344208,0.25,0.23600000143051147,0.24699999392032623,0.24699999392032623,161000
2019-03-29,0.24500000476837158,0.2460000067949295,0.2370000034570694,0.23999999463558197,0.23999999463558197,207000
2019-04-01,0.23499999940395355,0.23499999940395355,0.22200000286102295,0.22300000488758087,0.22300000488758087,435000
2019-04-02,0.22100000083446503,0.2370000034570694,0.22100000083446503,0.23399999737739563,0.23399999737739563,233000
2019-04-03,0.22699999809265137,0.23000000417232513,0.22699999809265137,0.23000000417232513,0.23000000417232513,100000
2019-04-04,0.23000000417232513,0.23000000417232513,0.23000000417232513,0.23199999332427979,0.23199999332427979,60000
2019-04-08,0.2329999953508377,0.23600000143051147,0.23199999332427979,0.23499999940395355,0.23499999940395355,187000
2019-04-09,0.22100000083446503,0.22499999403953552,0.2199999988079071,0.22499999403953552,0.22499999403953552,215000
2019-04-10,0.22499999403953552,0.23000000417232513,0.22499999403953552,0.23000000417232513,0.23000000417232513,300000
2019-04-11,0.21799999475479126,0.2199999988079071,0.21799999475479126,0.2199999988079071,0.2199999988079071,26000
2019-04-12,0.2160000056028366,0.2160000056028366,0.2160000056028366,0.2160000056028366,0.2160000056028366,100000
2019-04-15,0.22499999403953552,0.23000000417232513,0.2199999988079071,0.22300000488758087,0.22300000488758087,219000
2019-04-16,0.22200000286102295,0.2240000069141388,0.2199999988079071,0.2199999988079071,0.2199999988079071,81000
2019-04-17,0.25,0.3199999928474426,0.23999999463558197,0.2849999964237213,0.2849999964237213,9869000
2019-04-18,0.25999999046325684,0.25999999046325684,0.25,0.25,0.25,1593000
2019-04-23,0.23100000619888306,0.23999999463558197,0.23000000417232513,0.23800000548362732,0.23800000548362732,501000
2019-04-24,0.23800000548362732,0.24500000476837158,0.23399999737739563,0.24400000274181366,0.24400000274181366,533000
2019-04-25,0.23999999463558197,0.24400000274181366,0.23999999463558197,0.24400000274181366,0.24400000274181366,99000
2019-04-26,0.23899999260902405,0.23899999260902405,0.23000000417232513,0.23399999737739563,0.23399999737739563,533000
2019-04-29,0.23399999737739563,0.23399999737739563,0.23399999737739563,0.23399999737739563,0.23399999737739563,60000
2019-04-30,0.2329999953508377,0.2329999953508377,0.23100000619888306,0.2329999953508377,0.2329999953508377,303000
2019-05-02,0.2290000021457672,0.2290000021457672,0.2280000001192093,0.2280000001192093,0.2280000001192093,101000
2019-05-03,0.22599999606609344,0.23000000417232513,0.22599999606609344,0.23000000417232513,0.23000000417232513,211000
2019-05-06,0.22599999606609344,0.22599999606609344,0.22599999606609344,0.22599999606609344,0.22599999606609344,42000
2019-05-07,0.22200000286102295,0.23000000417232513,0.22200000286102295,0.23000000417232513,0.23000000417232513,619000
2019-05-08,0.23100000619888306,0.23100000619888306,0.2240000069141388,0.22699999809265137,0.22699999809265137,227000
2019-05-09,0.22300000488758087,0.22300000488758087,0.22300000488758087,0.22300000488758087,0.22300000488758087,0
2019-05-10,0.22300000488758087,0.22300000488758087,0.2199999988079071,0.2199999988079071,0.2199999988079071,54000
2019-05-14,0.2199999988079071,0.2199999988079071,0.21199999749660492,0.2160000056028366,0.2160000056028366,289000
2019-05-15,0.2160000056028366,0.2160000056028366,0.2160000056028366,0.2160000056028366,0.2160000056028366,0
2019-05-16,0.2160000056028366,0.2160000056028366,0.2160000056028366,0.2160000056028366,0.2160000056028366,0
2019-05-17,0.21299999952316284,0.21299999952316284,0.21199999749660492,0.21199999749660492,0.21199999749660492,150000
2019-05-20,0.20999999344348907,0.21199999749660492,0.20999999344348907,0.21199999749660492,0.21199999749660492,22000
2019-05-21,0.20200000703334808,0.21199999749660492,0.20200000703334808,0.21199999749660492,0.21199999749660492,871000
2019-05-22,0.21199999749660492,0.21199999749660492,0.21199999749660492,0.21199999749660492,0.21199999749660492,75000
2019-05-23,0.20399999618530273,0.20399999618530273,0.20000000298023224,0.20100000500679016,0.20100000500679016,170000
2019-05-24,0.20100000500679016,0.20100000500679016,0.19499999284744263,0.19599999487400055,0.19599999487400055,150000
2019-05-27,0.17100000381469727,0.18400000035762787,0.17100000381469727,0.18400000035762787,0.18400000035762787,813000
2019-05-28,0.1979999989271164,0.2029999941587448,0.1979999989271164,0.2029999941587448,0.2029999941587448,205000
2019-05-29,0.2029999941587448,0.2070000022649765,0.2029999941587448,0.2029999941587448,0.2029999941587448,102000
2019-05-30,0.17100000381469727,0.20900000631809235,0.17100000381469727,0.1860000044107437,0.1860000044107437,533000
2019-05-31,0.18700000643730164,0.18700000643730164,0.18700000643730164,0.18700000643730164,0.18700000643730164,0
2019-06-03,0.18700000643730164,0.18700000643730164,0.18700000643730164,0.18700000643730164,0.18700000643730164,0
2019-06-04,0.18700000643730164,0.1889999955892563,0.1860000044107437,0.1889999955892563,0.1889999955892563,292000
2019-06-05,0.1860000044107437,0.1860000044107437,0.1850000023841858,0.1850000023841858,0.1850000023841858,82000
2019-06-06,0.1860000044107437,0.18799999356269836,0.1860000044107437,0.18799999356269836,0.18799999356269836,22000
2019-06-10,0.17599999904632568,0.2029999941587448,0.17299999296665192,0.1979999989271164,0.1979999989271164,3090000
2019-06-11,0.17900000512599945,0.2150000035762787,0.1770000010728836,0.20999999344348907,0.20999999344348907,2333000
2019-06-12,0.20999999344348907,0.2199999988079071,0.20499999821186066,0.2199999988079071,0.2199999988079071,1962000
2019-06-13,0.2329999953508377,0.2370000034570694,0.21400000154972076,0.21400000154972076,0.21400000154972076,3654000
2019-06-14,0.20100000500679016,0.22599999606609344,0.20100000500679016,0.2150000035762787,0.2150000035762787,814000
2019-06-17,0.19099999964237213,0.19300000369548798,0.1899999976158142,0.19099999964237213,0.19099999964237213,546000
2019-06-18,0.19099999964237213,0.19099999964237213,0.1899999976158142,0.1899999976158142,0.1899999976158142,40000
2019-06-19,0.20399999618530273,0.20399999618530273,0.20399999618530273,0.20399999618530273,0.20399999618530273,92000
2019-06-20,0.20399999618530273,0.20399999618530273,0.20399999618530273,0.20399999618530273,0.20399999618530273,0
2019-06-21,0.1899999976158142,0.1899999976158142,0.1899999976158142,0.1899999976158142,0.1899999976158142,0
2019-06-24,0.17499999701976776,0.1850000023841858,0.17499999701976776,0.1850000023841858,0.1850000023841858,278000
2019-06-25,0.1860000044107437,0.19599999487400055,0.1860000044107437,0.19599999487400055,0.19599999487400055,664000
2019-06-26,0.19599999487400055,0.19599999487400055,0.19599999487400055,0.19599999487400055,0.19599999487400055,1000
2019-06-27,0.19099999964237213,0.19200000166893005,0.19099999964237213,0.19200000166893005,0.19200000166893005,195000
2019-06-28,0.19200000166893005,0.19200000166893005,0.19200000166893005,0.19200000166893005,0.19200000166893005,0
2019-07-02,0.2199999988079071,0.2199999988079071,0.1899999976158142,0.2070000022649765,0.2070000022649765,713000
2019-07-03,0.19099999964237213,0.19099999964237213,0.19099999964237213,0.19099999964237213,0.19099999964237213,63000
2019-07-04,0.19200000166893005,0.19300000369548798,0.18400000035762787,0.18400000035762787,0.18400000035762787,84000
2019-07-05,0.17599999904632568,0.19499999284744263,0.16599999368190765,0.18299999833106995,0.18299999833106995,5254000
2019-07-08,0.1809999942779541,0.19499999284744263,0.16500000655651093,0.19499999284744263,0.19499999284744263,5092000
2019-07-09,0.20499999821186066,0.20600000023841858,0.1979999989271164,0.2029999941587448,0.2029999941587448,1237000
2019-07-10,0.20900000631809235,0.22499999403953552,0.1899999976158142,0.21699999272823334,0.21699999272823334,2874000
2019-07-11,0.2280000001192093,0.23499999940395355,0.22100000083446503,0.23199999332427979,0.23199999332427979,4153000
2019-07-12,0.2150000035762787,0.2150000035762787,0.2150000035762787,0.2150000035762787,0.2150000035762787,0
2019-07-15,0.23399999737739563,0.23399999737739563,0.22699999809265137,0.22699999809265137,0.22699999809265137,12000
2019-07-16,0.22499999403953552,0.22499999403953552,0.22499999403953552,0.22499999403953552,0.22499999403953552,0
2019-07-17,0.21899999678134918,0.21899999678134918,0.21899999678134918,0.21899999678134918,0.21899999678134918,0
2019-07-18,0.21899999678134918,0.21899999678134918,0.21899999678134918,0.21899999678134918,0.21899999678134918,0
2019-07-19,0.21899999678134918,0.21899999678134918,0.21899999678134918,0.21899999678134918,0.21899999678134918,0
2019-07-22,0.19099999964237213,0.20000000298023224,0.19099999964237213,0.20000000298023224,0.20000000298023224,114000
2019-07-23,0.20000000298023224,0.20399999618530273,0.20000000298023224,0.20399999618530273,0.20399999618530273,94000
2019-07-24,0.19699999690055847,0.19699999690055847,0.19699999690055847,0.19699999690055847,0.19699999690055847,25000
2019-07-25,0.1860000044107437,0.1889999955892563,0.1860000044107437,0.1889999955892563,0.1889999955892563,82000
2019-07-26,0.1889999955892563,0.1889999955892563,0.1889999955892563,0.1889999955892563,0.1889999955892563,0
2019-07-29,0.20999999344348907,0.23000000417232513,0.20999999344348907,0.21299999952316284,0.21299999952316284,472000
2019-07-30,0.21299999952316284,0.21299999952316284,0.21299999952316284,0.21299999952316284,0.21299999952316284,0
2019-07-31,0.21299999952316284,0.21299999952316284,0.21299999952316284,0.21299999952316284,0.21299999952316284,0
2019-08-01,0.21299999952316284,0.21299999952316284,0.2029999941587448,0.2029999941587448,0.2029999941587448,215000
2019-08-02,0.17800000309944153,0.2070000022649765,0.17800000309944153,0.2070000022649765,0.2070000022649765,195000
2019-08-05,0.20100000500679016,0.20100000500679016,0.20000000298023224,0.20000000298023224,0.20000000298023224,203000
2019-08-06,0.1860000044107437,0.1860000044107437,0.1860000044107437,0.1860000044107437,0.1860000044107437,50000
2019-08-07,0.19099999964237213,0.2199999988079071,0.19099999964237213,0.20999999344348907,0.20999999344348907,170000
2019-08-08,0.20800000429153442,0.20800000429153442,0.20800000429153442,0.20800000429153442,0.20800000429153442,20000
2019-08-09,0.20800000429153442,0.20800000429153442,0.20800000429153442,0.20800000429153442,0.20800000429153442,0
2019-08-12,0.20800000429153442,0.20800000429153442,0.2029999941587448,0.2029999941587448,0.2029999941587448,52000
2019-08-13,0.19200000166893005,0.19200000166893005,0.19200000166893005,0.19200000166893005,0.19200000166893005,126000
2019-08-14,0.19300000369548798,0.19300000369548798,0.19200000166893005,0.19200000166893005,0.19200000166893005,436000
2019-08-15,0.1899999976158142,0.1899999976158142,0.1860000044107437,0.1860000044107437,0.1860000044107437,207000
2019-08-16,0.19099999964237213,0.19099999964237213,0.19099999964237213,0.19099999964237213,0.19099999964237213,0
2019-08-19,0.19099999964237213,0.19099999964237213,0.19099999964237213,0.19099999964237213,0.19099999964237213,0
2019-08-20,0.19099999964237213,0.19099999964237213,0.1860000044107437,0.19099999964237213,0.19099999964237213,275000
2019-08-21,0.18199999630451202,0.18199999630451202,0.18199999630451202,0.18199999630451202,0.18199999630451202,0
2019-08-22,0.18199999630451202,0.18199999630451202,0.18199999630451202,0.18199999630451202,0.18199999630451202,35000
2019-08-23,0.18299999833106995,0.18299999833106995,0.18299999833106995,0.18299999833106995,0.18299999833106995,0
2019-08-26,0.18000000715255737,0.18000000715255737,0.18000000715255737,0.18000000715255737,0.18000000715255737,0
2019-08-27,0.17299999296665192,0.17299999296665192,0.17299999296665192,0.17299999296665192,0.17299999296665192,0
2019-08-28,0.17299999296665192,0.17299999296665192,0.17299999296665192,0.17299999296665192,0.17299999296665192,0
2019-08-29,0.1809999942779541,0.1809999942779541,0.1809999942779541,0.1809999942779541,0.1809999942779541,0
2019-08-30,0.19200000166893005,0.19200000166893005,0.19200000166893005,0.19200000166893005,0.19200000166893005,0
2019-09-02,0.1899999976158142,0.1899999976158142,0.1899999976158142,0.1899999976158142,0.1899999976158142,0
2019-09-03,0.1899999976158142,0.1899999976158142,0.1899999976158142,0.1899999976158142,0.1899999976158142,0
2019-09-04,0.16300000250339508,0.17599999904632568,0.16300000250339508,0.17599999904632568,0.17599999904632568,140000
2019-09-05,0.17599999904632568,0.17599999904632568,0.17599999904632568,0.17599999904632568,0.17599999904632568,0
2019-09-06,0.1599999964237213,0.18000000715255737,0.1599999964237213,0.16500000655651093,0.16500000655651093,403000
2019-09-09,0.17499999701976776,0.17499999701976776,0.17499999701976776,0.17499999701976776,0.17499999701976776,0
2019-09-10,0.18000000715255737,0.18000000715255737,0.18000000715255737,0.18000000715255737,0.18000000715255737,0
2019-09-11,0.18000000715255737,0.18000000715255737,0.18000000715255737,0.18000000715255737,0.18000000715255737,3000
2019-09-12,0.1899999976158142,0.1899999976158142,0.1899999976158142,0.1899999976158142,0.1899999976158142,0
2019-09-13,0.18700000643730164,0.20800000429153442,0.1809999942779541,0.20000000298023224,0.20000000298023224,1511000
2019-09-16,0.1850000023841858,0.1850000023841858,0.1850000023841858,0.1850000023841858,0.1850000023841858,0
2019-09-17,0.17800000309944153,0.17800000309944153,0.17800000309944153,0.17800000309944153,0.17800000309944153,0
2019-09-18,0.17800000309944153,0.17800000309944153,0.17800000309944153,0.17800000309944153,0.17800000309944153,10000
2019-09-19,0.1809999942779541,0.1889999955892563,0.1809999942779541,0.18199999630451202,0.18199999630451202,50000
2019-09-20,0.20399999618530273,0.20399999618530273,0.1809999942779541,0.18199999630451202,0.18199999630451202,82000
2019-09-23,0.17399999499320984,0.17900000512599945,0.17399999499320984,0.17900000512599945,0.17900000512599945,43000
2019-09-24,0.17900000512599945,0.17900000512599945,0.17900000512599945,0.17900000512599945,0.17900000512599945,0
2019-09-25,0.17900000512599945,0.17900000512599945,0.17900000512599945,0.17900000512599945,0.17900000512599945,0
2019-09-26,0.18199999630451202,0.18199999630451202,0.18199999630451202,0.18199999630451202,0.18199999630451202,0
2019-09-27,0.1979999989271164,0.1979999989271164,0.17599999904632568,0.18000000715255737,0.18000000715255737,21000
2019-09-30,0.18000000715255737,0.18000000715255737,0.18000000715255737,0.18000000715255737,0.18000000715255737,0
2019-10-02,0.1770000010728836,0.1770000010728836,0.1770000010728836,0.1770000010728836,0.1770000010728836,6000
2019-10-03,0.17599999904632568,0.17599999904632568,0.17599999904632568,0.17599999904632568,0.17599999904632568,0
2019-10-04,0.17900000512599945,0.17900000512599945,0.17900000512599945,0.17900000512599945,0.17900000512599945,0
2019-10-08,0.1770000010728836,0.17800000309944153,0.1770000010728836,0.17800000309944153,0.17800000309944153,40000
2019-10-09,0.17800000309944153,0.17800000309944153,0.17800000309944153,0.17800000309944153,0.17800000309944153,0
2019-10-10,0.17599999904632568,0.17599999904632568,0.17499999701976776,0.17499999701976776,0.17499999701976776,24000
2019-10-11,0.17599999904632568,0.17599999904632568,0.16500000655651093,0.16500000655651093,0.16500000655651093,147000
2019-10-14,0.16500000655651093,0.16500000655651093,0.16500000655651093,0.16500000655651093,0.16500000655651093,0
2019-10-15,0.16500000655651093,0.16500000655651093,0.16500000655651093,0.16500000655651093,0.16500000655651093,0
2019-10-16,0.1860000044107437,0.20000000298023224,0.18400000035762787,0.19300000369548798,0.19300000369548798,120000
2019-10-17,0.19300000369548798,0.19300000369548798,0.19300000369548798,0.19300000369548798,0.19300000369548798,0
2019-10-18,0.19900000095367432,0.19900000095367432,0.17100000381469727,0.17100000381469727,0.17100000381469727,109000
2019-10-21,0.17000000178813934,0.18799999356269836,0.16200000047683716,0.16200000047683716,0.16200000047683716,110000
2019-10-22,0.16200000047683716,0.16200000047683716,0.16200000047683716,0.16200000047683716,0.16200000047683716,0
2019-10-23,0.16500000655651093,0.16500000655651093,0.16500000655651093,0.16500000655651093,0.16500000655651093,0
2019-10-24,0.16500000655651093,0.16500000655651093,0.16500000655651093,0.16500000655651093,0.16500000655651093,0
2019-10-25,0.16500000655651093,0.16500000655651093,0.16099999845027924,0.16099999845027924,0.16099999845027924,92000
2019-10-28,0.16099999845027924,0.16099999845027924,0.16099999845027924,0.16099999845027924,0.16099999845027924,0
2019-10-29,0.16099999845027924,0.16099999845027924,0.16099999845027924,0.16099999845027924,0.16099999845027924,0
2019-10-30,0.16200000047683716,0.16200000047683716,0.16200000047683716,0.16200000047683716,0.16200000047683716,0
2019-10-31,0.16200000047683716,0.16200000047683716,0.16200000047683716,0.16200000047683716,0.16200000047683716,0
2019-11-01,0.16099999845027924,0.16099999845027924,0.1599999964237213,0.1599999964237213,0.1599999964237213,46000
2019-11-04,0.16200000047683716,0.16200000047683716,0.16200000047683716,0.16200000047683716,0.16200000047683716,0
2019-11-05,0.16300000250339508,0.16300000250339508,0.16300000250339508,0.16300000250339508,0.16300000250339508,5000
2019-11-06,0.1599999964237213,0.1599999964237213,0.1599999964237213,0.1599999964237213,0.1599999964237213,200000
2019-11-07,0.1599999964237213,0.1599999964237213,0.15000000596046448,0.15700000524520874,0.15700000524520874,178000
2019-11-08,0.15700000524520874,0.15700000524520874,0.15700000524520874,0.15700000524520874,0.15700000524520874,0
2019-11-11,0.1469999998807907,0.1469999998807907,0.1469999998807907,0.1469999998807907,0.1469999998807907,15000
2019-11-12,0.15000000596046448,0.17100000381469727,0.15000000596046448,0.17100000381469727,0.17100000381469727,147000
2019-11-13,0.15800000727176666,0.15800000727176666,0.15800000727176666,0.15800000727176666,0.15800000727176666,0
2019-11-14,0.1509999930858612,0.1509999930858612,0.14800000190734863,0.14800000190734863,0.14800000190734863,569000
2019-11-15,0.16300000250339508,0.1860000044107437,0.16300000250339508,0.18199999630451202,0.18199999630451202,764000
2019-11-18,0.18000000715255737,0.18000000715255737,0.18000000715255737,0.18000000715255737,0.18000000715255737,0
2019-11-19,0.15800000727176666,0.16099999845027924,0.15800000727176666,0.16099999845027924,0.16099999845027924,331000
2019-11-20,0.16099999845027924,0.16300000250339508,0.16099999845027924,0.16300000250339508,0.16300000250339508,37000
2019-11-21,0.1599999964237213,0.1599999964237213,0.1599999964237213,0.1599999964237213,0.1599999964237213,0
2019-11-22,0.15199999511241913,0.15600000321865082,0.15199999511241913,0.15600000321865082,0.15600000321865082,150000
2019-11-25,0.16300000250339508,0.16300000250339508,0.16300000250339508,0.16300000250339508,0.16300000250339508,1000
2019-11-26,0.16899999976158142,0.16899999976158142,0.16899999976158142,0.16899999976158142,0.16899999976158142,1000
2019-11-27,0.15199999511241913,0.16899999976158142,0.15199999511241913,0.16500000655651093,0.16500000655651093,253000
2019-11-28,0.15399999916553497,0.15600000321865082,0.15299999713897705,0.15299999713897705,0.15299999713897705,33000
2019-11-29,0.15299999713897705,0.1589999943971634,0.15299999713897705,0.15299999713897705,0.15299999713897705,40000
2019-12-02,0.16300000250339508,0.16300000250339508,0.16300000250339508,0.16300000250339508,0.16300000250339508,1000
2019-12-03,0.16300000250339508,0.16300000250339508,0.16300000250339508,0.16300000250339508,0.16300000250339508,0
2019-12-04,0.16300000250339508,0.16300000250339508,0.16300000250339508,0.16300000250339508,0.16300000250339508,0
2019-12-05,0.1589999943971634,0.1589999943971634,0.1589999943971634,0.1589999943971634,0.1589999943971634,0
2019-12-06,0.15000000596046448,0.1589999943971634,0.14000000059604645,0.1589999943971634,0.1589999943971634,24000
2019-12-09,0.1589999943971634,0.1589999943971634,0.1589999943971634,0.1589999943971634,0.1589999943971634,0
2019-12-10,0.1589999943971634,0.1589999943971634,0.1589999943971634,0.1589999943971634,0.1589999943971634,0
2019-12-11,0.1589999943971634,0.1589999943971634,0.1589999943971634,0.1589999943971634,0.1589999943971634,0
2019-12-12,0.1589999943971634,0.1589999943971634,0.1589999943971634,0.1589999943971634,0.1589999943971634,0
2019-12-13,0.15000000596046448,0.1599999964237213,0.15000000596046448,0.1589999943971634,0.1589999943971634,170000
2019-12-16,0.1589999943971634,0.1589999943971634,0.1589999943971634,0.1589999943971634,0.1589999943971634,0
2019-12-17,0.1420000046491623,0.19900000095367432,0.1420000046491623,0.15700000524520874,0.15700000524520874,53000
2019-12-18,0.15600000321865082,0.15600000321865082,0.15600000321865082,0.15600000321865082,0.15600000321865082,0
2019-12-19,0.15600000321865082,0.15600000321865082,0.15600000321865082,0.15600000321865082,0.15600000321865082,0
2019-12-20,0.1599999964237213,0.19300000369548798,0.1550000011920929,0.17000000178813934,0.17000000178813934,5071000
2019-12-23,0.17900000512599945,0.18000000715255737,0.17000000178813934,0.17599999904632568,0.17599999904632568,210700
2019-12-24,0.17599999904632568,0.17599999904632568,0.17599999904632568,0.17599999904632568,0.17599999904632568,0
2019-12-27,0.17000000178813934,0.17499999701976776,0.15700000524520874,0.17399999499320984,0.17399999499320984,15000
2019-12-30,0.17399999499320984,0.19099999964237213,0.17299999296665192,0.1850000023841858,0.1850000023841858,5619000
2019-12-31,0.16300000250339508,0.18000000715255737,0.16300000250339508,0.17800000309944153,0.17800000309944153,2235800
2020-01-02,0.17800000309944153,0.17800000309944153,0.17800000309944153,0.17800000309944153,0.17800000309944153,0
2020-01-03,0.19599999487400055,0.19599999487400055,0.19300000369548798,0.19200000166893005,0.19200000166893005,21000
2020-01-06,0.1899999976158142,0.1899999976158142,0.1899999976158142,0.1899999976158142,0.1899999976158142,0
2020-01-07,0.17499999701976776,0.1899999976158142,0.17499999701976776,0.1899999976158142,0.1899999976158142,40000
2020-01-08,0.1720000058412552,0.1720000058412552,0.1720000058412552,0.1720000058412552,0.1720000058412552,0
2020-01-09,0.17100000381469727,0.17100000381469727,0.17000000178813934,0.17000000178813934,0.17000000178813934,11000
2020-01-10,0.17000000178813934,0.18299999833106995,0.16899999976158142,0.18199999630451202,0.18199999630451202,442000
2020-01-13,0.17000000178813934,0.17000000178813934,0.17000000178813934,0.17000000178813934,0.17000000178813934,0
2020-01-14,0.1679999977350235,0.1679999977350235,0.1679999977350235,0.1679999977350235,0.1679999977350235,0
2020-01-15,0.1679999977350235,0.1899999976158142,0.1679999977350235,0.17000000178813934,0.17000000178813934,1968000
2020-01-16,0.1770000010728836,0.1770000010728836,0.1770000010728836,0.1770000010728836,0.1770000010728836,1000
2020-01-17,0.1599999964237213,0.18400000035762787,0.1599999964237213,0.1720000058412552,0.1720000058412552,29000
2020-01-20,0.17800000309944153,0.17800000309944153,0.17800000309944153,0.17800000309944153,0.17800000309944153,1000
2020-01-21,0.17800000309944153,0.17800000309944153,0.17800000309944153,0.17800000309944153,0.17800000309944153,0
2020-01-22,0.1770000010728836,0.1770000010728836,0.1770000010728836,0.1770000010728836,0.1770000010728836,0
2020-01-23,0.16899999976158142,0.17000000178813934,0.16899999976158142,0.17000000178813934,0.17000000178813934,8000
2020-01-24,0.17000000178813934,0.17000000178813934,0.17000000178813934,0.17000000178813934,0.17000000178813934,0
2020-01-29,0.16899999976158142,0.16899999976158142,0.16899999976158142,0.16899999976158142,0.16899999976158142,0
2020-01-30,0.1850000023841858,0.1850000023841858,0.1850000023841858,0.1850000023841858,0.1850000023841858,1000
2020-01-31,0.1850000023841858,0.1850000023841858,0.1850000023841858,0.1850000023841858,0.1850000023841858,0
2020-02-03,0.18199999630451202,0.18199999630451202,0.18199999630451202,0.18199999630451202,0.18199999630451202,0
2020-02-04,0.18199999630451202,0.18199999630451202,0.18199999630451202,0.18199999630451202,0.18199999630451202,0
2020-02-05,0.18199999630451202,0.18199999630451202,0.18199999630451202,0.18199999630451202,0.18199999630451202,0
2020-02-06,0.18199999630451202,0.18199999630451202,0.18199999630451202,0.18199999630451202,0.18199999630451202,0
2020-02-07,0.18799999356269836,0.18799999356269836,0.18799999356269836,0.18799999356269836,0.18799999356269836,1000
2020-02-10,0.16599999368190765,0.16599999368190765,0.16500000655651093,0.16599999368190765,0.16599999368190765,58000
2020-02-11,0.18799999356269836,0.18799999356269836,0.16500000655651093,0.16500000655651093,0.16500000655651093,14000
2020-02-12,0.18199999630451202,0.18199999630451202,0.18199999630451202,0.18199999630451202,0.18199999630451202,0
2020-02-13,0.1809999942779541,0.1809999942779541,0.1809999942779541,0.1809999942779541,0.1809999942779541,0
2020-02-14,0.16500000655651093,0.18400000035762787,0.16500000655651093,0.18000000715255737,0.18000000715255737,26000
2020-02-17,0.17800000309944153,0.17800000309944153,0.17800000309944153,0.17800000309944153,0.17800000309944153,0
2020-02-18,0.16699999570846558,0.17000000178813934,0.1509999930858612,0.17000000178813934,0.17000000178813934,46000
2020-02-19,0.16899999976158142,0.17000000178813934,0.14800000190734863,0.1599999964237213,0.1599999964237213,483000
2020-02-20,0.15000000596046448,0.15800000727176666,0.14800000190734863,0.15800000727176666,0.15800000727176666,254000
2020-02-21,0.1599999964237213,0.1809999942779541,0.1809999942779541,0.17800000309944153,0.17800000309944153,15000
2020-02-24,0.17599999904632568,0.17599999904632568,0.17599999904632568,0.17599999904632568,0.17599999904632568,0
2020-02-25,0.17499999701976776,0.17499999701976776,0.17499999701976776,0.17499999701976776,0.17499999701976776,0
2020-02-26,0.18000000715255737,0.18000000715255737,0.18000000715255737,0.18000000715255737,0.18000000715255737,2000
2020-02-27,0.17499999701976776,0.17499999701976776,0.17499999701976776,0.17499999701976776,0.17499999701976776,1000
2020-02-28,0.1550000011920929,0.164000004529953,0.15000000596046448,0.15000000596046448,0.15000000596046448,183000
2020-03-02,0.15000000596046448,0.1599999964237213,0.14900000393390656,0.1599999964237213,0.1599999964237213,99000
2020-03-03,0.16899999976158142,0.16899999976158142,0.16899999976158142,0.16899999976158142,0.16899999976158142,0
2020-03-04,0.1459999978542328,0.16699999570846558,0.1459999978542328,0.15000000596046448,0.15000000596046448,455000
2020-03-05,0.1509999930858612,0.1509999930858612,0.15000000596046448,0.15000000596046448,0.15000000596046448,314000
2020-03-06,0.1550000011920929,0.1550000011920929,0.1550000011920929,0.1550000011920929,0.1550000011920929,0
2020-03-09,0.14100000262260437,0.1550000011920929,0.12700000405311584,0.1550000011920929,0.1550000011920929,4002000
2020-03-10,0.14000000059604645,0.1589999943971634,0.1379999965429306,0.14300000667572021,0.14300000667572021,3684000
2020-03-11,0.1550000011920929,0.1599999964237213,0.13300000131130219,0.1379999965429306,0.1379999965429306,7746000
2020-03-12,0.13300000131130219,0.15700000524520874,0.125,0.13099999725818634,0.13099999725818634,7901000
2020-03-13,0.12600000202655792,0.14100000262260437,0.12300000339746475,0.14100000262260437,0.14100000262260437,2927000
2020-03-16,0.14100000262260437,0.17499999701976776,0.14100000262260437,0.1550000011920929,0.1550000011920929,5545000
2020-03-17,0.1550000011920929,0.1599999964237213,0.15299999713897705,0.1550000011920929,0.1550000011920929,630000
2020-03-18,0.1599999964237213,0.1599999964237213,0.15700000524520874,0.15700000524520874,0.15700000524520874,204000
2020-03-19,0.14800000190734863,0.14800000190734863,0.14800000190734863,0.14800000190734863,0.14800000190734863,0
2020-03-20,0.13500000536441803,0.14800000190734863,0.13500000536441803,0.14800000190734863,0.14800000190734863,12000
2020-03-23,0.1469999998807907,0.1469999998807907,0.1469999998807907,0.1469999998807907,0.1469999998807907,0
2020-03-24,0.15000000596046448,0.17000000178813934,0.13600000739097595,0.15600000321865082,0.15600000321865082,673000
2020-03-25,0.15299999713897705,0.1589999943971634,0.15199999511241913,0.1589999943971634,0.1589999943971634,156000
2020-03-26,0.16699999570846558,0.16699999570846558,0.14900000393390656,0.15800000727176666,0.15800000727176666,12000
2020-03-27,0.164000004529953,0.164000004529953,0.14499999582767487,0.15800000727176666,0.15800000727176666,35000
2020-03-30,0.14000000059604645,0.15800000727176666,0.14000000059604645,0.15800000727176666,0.15800000727176666,136000
2020-03-31,0.14000000059604645,0.15399999916553497,0.14000000059604645,0.14300000667572021,0.14300000667572021,31000
2020-04-01,0.14300000667572021,0.17000000178813934,0.14000000059604645,0.1599999964237213,0.1599999964237213,905000
2020-04-02,0.1459999978542328,0.15399999916553497,0.14499999582767487,0.15199999511241913,0.15199999511241913,531000
2020-04-03,0.1469999998807907,0.15299999713897705,0.1469999998807907,0.15299999713897705,0.15299999713897705,278000
2020-04-06,0.14100000262260437,0.14900000393390656,0.14000000059604645,0.14300000667572021,0.14300000667572021,318000
2020-04-07,0.15000000596046448,0.15000000596046448,0.15000000596046448,0.15000000596046448,0.15000000596046448,0
2020-04-08,0.14499999582767487,0.15199999511241913,0.14499999582767487,0.1459999978542328,0.1459999978542328,2031000
2020-04-09,0.1459999978542328,0.18000000715255737,0.1459999978542328,0.1720000058412552,0.1720000058412552,13257000
2020-04-14,0.17100000381469727,0.17100000381469727,0.1469999998807907,0.1509999930858612,0.1509999930858612,1723000
2020-04-15,0.15000000596046448,0.1589999943971634,0.14000000059604645,0.14100000262260437,0.14100000262260437,3160000
2020-04-16,0.12999999523162842,0.1459999978542328,0.12999999523162842,0.14499999582767487,0.14499999582767487,549000
2020-04-17,0.14000000059604645,0.15000000596046448,0.13300000131130219,0.1379999965429306,0.1379999965429306,455000
2020-04-20,0.1379999965429306,0.1459999978542328,0.1379999965429306,0.1459999978542328,0.1459999978542328,108000
2020-04-21,0.13099999725818634,0.1420000046491623,0.125,0.12999999523162842,0.12999999523162842,224000
2020-04-22,0.12600000202655792,0.14000000059604645,0.12600000202655792,0.13899999856948853,0.13899999856948853,8000
2020-04-23,0.13899999856948853,0.13899999856948853,0.13899999856948853,0.13899999856948853,0.13899999856948853,0
2020-04-24,0.13899999856948853,0.13899999856948853,0.13899999856948853,0.13899999856948853,0.13899999856948853,0
2020-04-27,0.13899999856948853,0.13899999856948853,0.13899999856948853,0.13899999856948853,0.13899999856948853,0
2020-04-28,0.14100000262260437,0.16500000655651093,0.12200000137090683,0.14900000393390656,0.14900000393390656,9004000
2020-04-29,0.13699999451637268,0.164000004529953,0.13699999451637268,0.16099999845027924,0.16099999845027924,634000
2020-05-04,0.1589999943971634,0.1589999943971634,0.1589999943971634,0.1589999943971634,0.1589999943971634,0
2020-05-05,0.13600000739097595,0.15199999511241913,0.13600000739097595,0.14800000190734863,0.14800000190734863,73000
2020-05-06,0.15000000596046448,0.15000000596046448,0.14499999582767487,0.14399999380111694,0.14399999380111694,22000
2020-05-07,0.15000000596046448,0.15000000596046448,0.15000000596046448,0.15000000596046448,0.15000000596046448,23000
2020-05-08,0.14300000667572021,0.14300000667572021,0.1379999965429306,0.13899999856948853,0.13899999856948853,121300
2020-05-11,0.14800000190734863,0.14300000667572021,0.13199999928474426,0.13199999928474426,0.13199999928474426,194000
2020-05-12,0.13500000536441803,0.15600000321865082,0.13199999928474426,0.13600000739097595,0.13600000739097595,153000
2020-05-13,0.13600000739097595,0.13600000739097595,0.13600000739097595,0.13600000739097595,0.13600000739097595,0
2020-05-14,0.13300000131130219,0.13500000536441803,0.12999999523162842,0.13500000536441803,0.13500000536441803,60000
2020-05-15,0.13500000536441803,0.13500000536441803,0.13500000536441803,0.13500000536441803,0.13500000536441803,0
2020-05-18,0.13500000536441803,0.13500000536441803,0.13500000536441803,0.13500000536441803,0.13500000536441803,0
2020-05-19,0.1289999932050705,0.1340000033378601,0.1289999932050705,0.1340000033378601,0.1340000033378601,77000
2020-05-20,0.12999999523162842,0.13099999725818634,0.12999999523162842,0.12999999523162842,0.12999999523162842,337000
2020-05-21,0.1289999932050705,0.15399999916553497,0.12800000607967377,0.13500000536441803,0.13500000536441803,6160000
2020-05-22,0.13500000536441803,0.14000000059604645,0.1289999932050705,0.12999999523162842,0.12999999523162842,1179000
2020-05-25,0.13300000131130219,0.13300000131130219,0.13300000131130219,0.13300000131130219,0.13300000131130219,0
2020-05-26,0.13199999928474426,0.13199999928474426,0.13199999928474426,0.13199999928474426,0.13199999928474426,0
2020-05-27,0.12399999797344208,0.1289999932050705,0.11999999731779099,0.1289999932050705,0.1289999932050705,289000
2020-05-28,0.11900000274181366,0.11999999731779099,0.11900000274181366,0.11900000274181366,0.11900000274181366,130000
2020-05-29,0.11999999731779099,0.11999999731779099,0.0949999988079071,0.11800000071525574,0.11800000071525574,495000
2020-06-01,0.11599999666213989,0.11699999868869781,0.09600000083446503,0.09799999743700027,0.09799999743700027,698000
2020-06-02,0.09799999743700027,0.10100000351667404,0.09799999743700027,0.10000000149011612,0.10000000149011612,33000
2020-06-03,0.10100000351667404,0.10100000351667404,0.10100000351667404,0.10100000351667404,0.10100000351667404,0
2020-06-04,0.0989999994635582,0.10599999874830246,0.0989999994635582,0.10599999874830246,0.10599999874830246,282000
2020-06-05,0.10599999874830246,0.10599999874830246,0.10599999874830246,0.10599999874830246,0.10599999874830246,0
2020-06-08,0.10599999874830246,0.10599999874830246,0.10599999874830246,0.10599999874830246,0.10599999874830246,0
2020-06-09,0.10599999874830246,0.10599999874830246,0.10599999874830246,0.10599999874830246,0.10599999874830246,0
2020-06-10,0.09200000017881393,0.10000000149011612,0.09200000017881393,0.09799999743700027,0.09799999743700027,62000
2020-06-11,0.10000000149011612,0.10000000149011612,0.10000000149011612,0.10000000149011612,0.10000000149011612,0
2020-06-12,0.10000000149011612,0.10000000149011612,0.08500000089406967,0.10000000149011612,0.10000000149011612,17000
2020-06-15,0.10000000149011612,0.10000000149011612,0.10000000149011612,0.10000000149011612,0.10000000149011612,0
2020-06-16,0.09799999743700027,0.09799999743700027,0.09799999743700027,0.09799999743700027,0.09799999743700027,0
2020-06-17,0.0949999988079071,0.0949999988079071,0.08100000023841858,0.09099999815225601,0.09099999815225601,365000
2020-06-18,0.09099999815225601,0.09799999743700027,0.08799999952316284,0.09700000286102295,0.09700000286102295,134000
2020-06-19,0.09700000286102295,0.09700000286102295,0.09700000286102295,0.09700000286102295,0.09700000286102295,0
2020-06-22,0.09700000286102295,0.09700000286102295,0.09700000286102295,0.09700000286102295,0.09700000286102295,0
2020-06-23,0.09700000286102295,0.09700000286102295,0.09700000286102295,0.09700000286102295,0.09700000286102295,0
2020-06-24,0.08799999952316284,0.09600000083446503,0.08399999886751175,0.0860000029206276,0.0860000029206276,412000
2020-06-26,0.08299999684095383,0.08299999684095383,0.07999999821186066,0.07999999821186066,0.07999999821186066,501000
2020-06-29,0.07999999821186066,0.07999999821186066,0.07999999821186066,0.07999999821186066,0.07999999821186066,50000
2020-06-30,0.07999999821186066,0.07999999821186066,0.07999999821186066,0.07999999821186066,0.07999999821186066,0
2020-07-02,0.07999999821186066,0.07999999821186066,0.07400000095367432,0.07400000095367432,0.07400000095367432,251000
2020-07-03,0.08699999749660492,0.13500000536441803,0.08699999749660492,0.10000000149011612,0.10000000149011612,1091000
2020-07-06,0.1080000028014183,0.11999999731779099,0.10199999809265137,0.11500000208616257,0.11500000208616257,1064000
2020-07-07,0.12399999797344208,0.12700000405311584,0.10000000149011612,0.10000000149011612,0.10000000149011612,367000
2020-07-08,0.10100000351667404,0.12300000339746475,0.08799999952316284,0.0989999994635582,0.0989999994635582,517000
2020-07-09,0.10100000351667404,0.10100000351667404,0.10000000149011612,0.10000000149011612,0.10000000149011612,112000
2020-07-10,0.10000000149011612,0.10000000149011612,0.10000000149011612,0.10000000149011612,0.10000000149011612,0
2020-07-13,0.10999999940395355,0.10999999940395355,0.10999999940395355,0.10100000351667404,0.10100000351667404,1000
2020-07-14,0.10100000351667404,0.10100000351667404,0.10100000351667404,0.10100000351667404,0.10100000351667404,162000
2020-07-15,0.10100000351667404,0.10100000351667404,0.09099999815225601,0.09099999815225601,0.09099999815225601,84000
2020-07-16,0.09799999743700027,0.09799999743700027,0.09799999743700027,0.09799999743700027,0.09799999743700027,50000
2020-07-17,0.09000000357627869,0.09000000357627869,0.09000000357627869,0.09000000357627869,0.09000000357627869,50000
2020-07-20,0.0989999994635582,0.0989999994635582,0.0989999994635582,0.0989999994635582,0.0989999994635582,6000
2020-07-21,0.0989999994635582,0.0989999994635582,0.0989999994635582,0.0989999994635582,0.0989999994635582,0
2020-07-22,0.08399999886751175,0.08399999886751175,0.08399999886751175,0.0989999994635582,0.0989999994635582,6000
2020-07-23,0.0989999994635582,0.0989999994635582,0.0989999994635582,0.0989999994635582,0.0989999994635582,0
2020-07-24,0.0989999994635582,0.0989999994635582,0.0989999994635582,0.0989999994635582,0.0989999994635582,0
2020-07-27,0.0860000029206276,0.08799999952316284,0.08100000023841858,0.08299999684095383,0.08299999684095383,141000
2020-07-28,0.09799999743700027,0.09799999743700027,0.09799999743700027,0.09799999743700027,0.09799999743700027,0
2020-07-29,0.09700000286102295,0.09700000286102295,0.09700000286102295,0.09700000286102295,0.09700000286102295,0
2020-07-30,0.0949999988079071,0.0949999988079071,0.0949999988079071,0.0949999988079071,0.0949999988079071,0
2020-07-31,0.0949999988079071,0.0949999988079071,0.0949999988079071,0.0949999988079071,0.0949999988079071,0
2020-08-03,0.09600000083446503,0.09600000083446503,0.09600000083446503,0.09600000083446503,0.09600000083446503,0
2020-08-04,0.09399999678134918,0.09399999678134918,0.09399999678134918,0.09399999678134918,0.09399999678134918,0
2020-08-05,0.09200000017881393,0.09200000017881393,0.09200000017881393,0.09200000017881393,0.09200000017881393,0
2020-08-06,0.08100000023841858,0.09200000017881393,0.08100000023841858,0.0820000022649765,0.0820000022649765,34000
2020-08-07,0.08100000023841858,0.08100000023841858,0.07999999821186066,0.07999999821186066,0.07999999821186066,730000
2020-08-10,0.07999999821186066,0.07999999821186066,0.07100000232458115,0.07199999690055847,0.07199999690055847,1702000
2020-08-11,0.06700000166893005,0.0729999989271164,0.06499999761581421,0.0729999989271164,0.0729999989271164,696000
2020-08-12,0.0729999989271164,0.0729999989271164,0.0729999989271164,0.0729999989271164,0.0729999989271164,0
2020-08-13,0.0729999989271164,0.0729999989271164,0.0729999989271164,0.0729999989271164,0.0729999989271164,0
2020-08-14,0.0729999989271164,0.0729999989271164,0.0729999989271164,0.0729999989271164,0.0729999989271164,0
2020-08-17,0.0729999989271164,0.0729999989271164,0.0729999989271164,0.0729999989271164,0.0729999989271164,0
2020-08-18,0.0729999989271164,0.0729999989271164,0.0729999989271164,0.0729999989271164,0.0729999989271164,0
2020-08-19,0.0729999989271164,0.0729999989271164,0.0729999989271164,0.0729999989271164,0.0729999989271164,0
2020-08-20,0.08299999684095383,0.08299999684095383,0.06700000166893005,0.07999999821186066,0.07999999821186066,59000
2020-08-21,0.07999999821186066,0.07999999821186066,0.07999999821186066,0.07999999821186066,0.07999999821186066,0
2020-08-24,0.07000000029802322,0.07000000029802322,0.06499999761581421,0.07000000029802322,0.07000000029802322,1042000
2020-08-25,0.07400000095367432,0.07000000029802322,0.06499999761581421,0.07000000029802322,0.07000000029802322,1000
2020-08-26,0.07000000029802322,0.07599999755620956,0.07000000029802322,0.07599999755620956,0.07599999755620956,757000
2020-08-27,0.06700000166893005,0.07500000298023224,0.06599999964237213,0.0729999989271164,0.0729999989271164,125000
2020-08-28,0.0729999989271164,0.0729999989271164,0.0729999989271164,0.0729999989271164,0.0729999989271164,0
2020-08-31,0.07500000298023224,0.07500000298023224,0.07500000298023224,0.07500000298023224,0.07500000298023224,0
2020-09-01,0.07900000363588333,0.07900000363588333,0.07900000363588333,0.07900000363588333,0.07900000363588333,1000
2020-09-02,0.06700000166893005,0.06700000166893005,0.06700000166893005,0.07699999958276749,0.07699999958276749,9000
2020-09-03,0.08100000023841858,0.06700000166893005,0.06700000166893005,0.0729999989271164,0.0729999989271164,1000
2020-09-04,0.0729999989271164,0.0729999989271164,0.0729999989271164,0.0729999989271164,0.0729999989271164,183000
2020-09-07,0.07000000029802322,0.07000000029802322,0.07000000029802322,0.07800000160932541,0.07800000160932541,100000
2020-09-08,0.07199999690055847,0.07800000160932541,0.06800000369548798,0.07800000160932541,0.07800000160932541,220000
2020-09-09,0.07800000160932541,0.07800000160932541,0.07100000232458115,0.07199999690055847,0.07199999690055847,387000
2020-09-10,0.07199999690055847,0.07199999690055847,0.07199999690055847,0.07199999690055847,0.07199999690055847,57000
2020-09-11,0.07199999690055847,0.07199999690055847,0.07199999690055847,0.07199999690055847,0.07199999690055847,0
2020-09-14,0.06300000101327896,0.06599999964237213,0.054999999701976776,0.061000000685453415,0.061000000685453415,3629000
2020-09-15,0.061000000685453415,0.06400000303983688,0.05999999865889549,0.06400000303983688,0.06400000303983688,591000
2020-09-16,0.06499999761581421,0.06499999761581421,0.06499999761581421,0.06499999761581421,0.06499999761581421,0
2020-09-17,0.08500000089406967,0.08500000089406967,0.08500000089406967,0.08399999886751175,0.08399999886751175,1000
2020-09-18,0.07999999821186066,0.07999999821186066,0.06599999964237213,0.07100000232458115,0.07100000232458115,75000
2020-09-21,0.07100000232458115,0.07100000232458115,0.07100000232458115,0.07000000029802322,0.07000000029802322,35000
2020-09-22,0.05999999865889549,0.05999999865889549,0.0560000017285347,0.0560000017285347,0.0560000017285347,250000
2020-09-23,0.06599999964237213,0.06599999964237213,0.06599999964237213,0.06599999964237213,0.06599999964237213,0
2020-09-24,0.06599999964237213,0.06599999964237213,0.06599999964237213,0.06599999964237213,0.06599999964237213,0
2020-09-25,0.06599999964237213,0.06599999964237213,0.06599999964237213,0.06599999964237213,0.06599999964237213,0
2020-09-28,0.0560000017285347,0.08299999684095383,0.0560000017285347,0.08299999684095383,0.08299999684095383,457000
2020-09-29,0.06800000369548798,0.06800000369548798,0.06800000369548798,0.07500000298023224,0.07500000298023224,158000
2020-09-30,0.0729999989271164,0.0729999989271164,0.0729999989271164,0.0729999989271164,0.0729999989271164,0
2020-10-05,0.0729999989271164,0.0729999989271164,0.0729999989271164,0.0729999989271164,0.0729999989271164,0
2020-10-06,0.06499999761581421,0.06499999761581421,0.06499999761581421,0.06499999761581421,0.06499999761581421,2000
2020-10-07,0.06499999761581421,0.06499999761581421,0.06499999761581421,0.07100000232458115,0.07100000232458115,90000
2020-10-08,0.07000000029802322,0.07000000029802322,0.07000000029802322,0.07000000029802322,0.07000000029802322,0
2020-10-09,0.07100000232458115,0.07100000232458115,0.06599999964237213,0.06700000166893005,0.06700000166893005,491000
2020-10-12,0.07000000029802322,0.07199999690055847,0.07000000029802322,0.07100000232458115,0.07100000232458115,85000
2020-10-14,0.07100000232458115,0.07100000232458115,0.07100000232458115,0.07100000232458115,0.07100000232458115,0
2020-10-15,0.08299999684095383,0.08299999684095383,0.08299999684095383,0.08100000023841858,0.08100000023841858,1000
2020-10-16,0.07100000232458115,0.07100000232458115,0.07100000232458115,0.07199999690055847,0.07199999690055847,1000
2020-10-19,0.07199999690055847,0.07199999690055847,0.07199999690055847,0.07199999690055847,0.07199999690055847,0
2020-10-20,0.07199999690055847,0.07199999690055847,0.07199999690055847,0.07199999690055847,0.07199999690055847,0
2020-10-21,0.07199999690055847,0.07199999690055847,0.07199999690055847,0.07199999690055847,0.07199999690055847,0
2020-10-22,0.07199999690055847,0.07199999690055847,0.07199999690055847,0.07199999690055847,0.07199999690055847,0
2020-10-23,0.07699999958276749,0.07699999958276749,0.07699999958276749,0.07699999958276749,0.07699999958276749,1000
2020-10-27,0.07599999755620956,0.07599999755620956,0.07599999755620956,0.07599999755620956,0.07599999755620956,0
2020-10-28,0.07500000298023224,0.07500000298023224,0.07500000298023224,0.07500000298023224,0.07500000298023224,0
2020-10-29,0.06800000369548798,0.06800000369548798,0.06599999964237213,0.06599999964237213,0.06599999964237213,169000
2020-10-30,0.07000000029802322,0.07000000029802322,0.07000000029802322,0.07000000029802322,0.07000000029802322,10000
2020-11-02,0.07000000029802322,0.07000000029802322,0.07000000029802322,0.07000000029802322,0.07000000029802322,0
2020-11-03,0.05999999865889549,0.05999999865889549,0.05999999865889549,0.05999999865889549,0.05999999865889549,305000
2020-11-04,0.05900000035762787,0.06499999761581421,0.0560000017285347,0.06499999761581421,0.06499999761581421,235000
2020-11-05,0.06400000303983688,0.06400000303983688,0.06400000303983688,0.06400000303983688,0.06400000303983688,0
2020-11-06,0.0560000017285347,0.07599999755620956,0.0560000017285347,0.07400000095367432,0.07400000095367432,80000
2020-11-09,0.05900000035762787,0.05900000035762787,0.05900000035762787,0.05999999865889549,0.05999999865889549,16000
2020-11-10,0.06499999761581421,0.07800000160932541,0.06499999761581421,0.07199999690055847,0.07199999690055847,346000
2020-11-11,0.06599999964237213,0.06599999964237213,0.06599999964237213,0.06599999964237213,0.06599999964237213,3000
2020-11-12,0.06599999964237213,0.06599999964237213,0.06599999964237213,0.06599999964237213,0.06599999964237213,0
2020-11-13,0.06499999761581421,0.06499999761581421,0.06499999761581421,0.06499999761581421,0.06499999761581421,0
2020-11-16,0.06499999761581421,0.06499999761581421,0.06499999761581421,0.06499999761581421,0.06499999761581421,0
2020-11-17,0.06400000303983688,0.06400000303983688,0.06400000303983688,0.06400000303983688,0.06400000303983688,0
2020-11-18,0.06400000303983688,0.06400000303983688,0.06400000303983688,0.06400000303983688,0.06400000303983688,0
2020-11-19,0.06400000303983688,0.06400000303983688,0.06400000303983688,0.06400000303983688,0.06400000303983688,0
2020-11-20,0.06400000303983688,0.06400000303983688,0.06400000303983688,0.06400000303983688,0.06400000303983688,9000
2020-11-23,0.06400000303983688,0.06400000303983688,0.06400000303983688,0.06400000303983688,0.06400000303983688,0
2020-11-24,0.06400000303983688,0.06400000303983688,0.06400000303983688,0.06400000303983688,0.06400000303983688,0
2020-11-25,0.06400000303983688,0.06400000303983688,0.06400000303983688,0.06400000303983688,0.06400000303983688,0
2020-11-26,0.06400000303983688,0.06400000303983688,0.06400000303983688,0.06400000303983688,0.06400000303983688,0
2020-11-27,0.06400000303983688,0.06400000303983688,0.06400000303983688,0.06400000303983688,0.06400000303983688,21000
2020-11-30,0.06400000303983688,0.06400000303983688,0.06400000303983688,0.06400000303983688,0.06400000303983688,0
2020-12-01,0.06400000303983688,0.06400000303983688,0.06400000303983688,0.06400000303983688,0.06400000303983688,0
2020-12-02,0.06400000303983688,0.06400000303983688,0.06400000303983688,0.06400000303983688,0.06400000303983688,20000
2020-12-03,0.06400000303983688,0.06400000303983688,0.06400000303983688,0.06400000303983688,0.06400000303983688,104000
2020-12-04,0.06300000101327896,0.06300000101327896,0.06300000101327896,0.06300000101327896,0.06300000101327896,26000
2020-12-07,0.06300000101327896,0.06300000101327896,0.06300000101327896,0.06300000101327896,0.06300000101327896,20100
2020-12-08,0.06300000101327896,0.06300000101327896,0.06300000101327896,0.06300000101327896,0.06300000101327896,0
2020-12-09,0.06300000101327896,0.06300000101327896,0.06300000101327896,0.06300000101327896,0.06300000101327896,0
2020-12-10,0.06300000101327896,0.06300000101327896,0.06300000101327896,0.06300000101327896,0.06300000101327896,46000
2020-12-11,0.06300000101327896,0.06300000101327896,0.06300000101327896,0.06300000101327896,0.06300000101327896,0
2020-12-14,0.06300000101327896,0.06300000101327896,0.06300000101327896,0.06300000101327896,0.06300000101327896,0
2020-12-15,0.06300000101327896,0.06300000101327896,0.06300000101327896,0.06300000101327896,0.06300000101327896,0
2020-12-16,0.07000000029802322,0.08100000023841858,0.07000000029802322,0.07699999958276749,0.07699999958276749,1388000
2020-12-17,0.07500000298023224,0.07500000298023224,0.07500000298023224,0.07500000298023224,0.07500000298023224,0
2020-12-18,0.06700000166893005,0.06700000166893005,0.06300000101327896,0.06599999964237213,0.06599999964237213,652000
2020-12-21,0.07100000232458115,0.07100000232458115,0.07100000232458115,0.0689999982714653,0.0689999982714653,55000
2020-12-22,0.06199999898672104,0.07199999690055847,0.05999999865889549,0.0689999982714653,0.0689999982714653,251000
2020-12-23,0.0689999982714653,0.0689999982714653,0.0689999982714653,0.0689999982714653,0.0689999982714653,0
2020-12-24,0.0689999982714653,0.0689999982714653,0.0689999982714653,0.0689999982714653,0.0689999982714653,0
2020-12-28,0.061000000685453415,0.061000000685453415,0.061000000685453415,0.061000000685453415,0.061000000685453415,404000
2020-12-29,0.061000000685453415,0.061000000685453415,0.05999999865889549,0.061000000685453415,0.061000000685453415,302000
2020-12-30,0.061000000685453415,0.061000000685453415,0.061000000685453415,0.061000000685453415,0.061000000685453415,0
2020-12-31,0.061000000685453415,0.061000000685453415,0.061000000685453415,0.061000000685453415,0.061000000685453415,0
2021-01-04,0.06599999964237213,0.06700000166893005,0.06599999964237213,0.06700000166893005,0.06700000166893005,117000
2021-01-05,0.06700000166893005,0.06700000166893005,0.06700000166893005,0.06700000166893005,0.06700000166893005,0
2021-01-06,0.05999999865889549,0.05999999865889549,0.05999999865889549,0.061000000685453415,0.061000000685453415,33000
2021-01-07,0.061000000685453415,0.07500000298023224,0.061000000685453415,0.07199999690055847,0.07199999690055847,210000
2021-01-08,0.07000000029802322,0.07000000029802322,0.06199999898672104,0.06199999898672104,0.06199999898672104,235700
2021-01-11,0.06199999898672104,0.06199999898672104,0.06199999898672104,0.06199999898672104,0.06199999898672104,52000
2021-01-12,0.06199999898672104,0.06199999898672104,0.06199999898672104,0.06199999898672104,0.06199999898672104,0
2021-01-13,0.06199999898672104,0.06300000101327896,0.06199999898672104,0.06199999898672104,0.06199999898672104,45000
2021-01-14,0.061000000685453415,0.06199999898672104,0.061000000685453415,0.06199999898672104,0.06199999898672104,40000
2021-01-15,0.061000000685453415,0.061000000685453415,0.061000000685453415,0.07199999690055847,0.07199999690055847,1000
2021-01-18,0.07199999690055847,0.07199999690055847,0.07199999690055847,0.07199999690055847,0.07199999690055847,0
2021-01-19,0.09799999743700027,0.09799999743700027,0.07199999690055847,0.07199999690055847,0.07199999690055847,111000
2021-01-20,0.09099999815225601,0.07999999821186066,0.07199999690055847,0.07199999690055847,0.07199999690055847,3000
2021-01-21,0.07800000160932541,0.07800000160932541,0.07800000160932541,0.07800000160932541,0.07800000160932541,0
2021-01-22,0.0729999989271164,0.07800000160932541,0.06400000303983688,0.07800000160932541,0.07800000160932541,87000
2021-01-25,0.06800000369548798,0.07900000363588333,0.06800000369548798,0.07900000363588333,0.07900000363588333,424000
2021-01-26,0.0689999982714653,0.07500000298023224,0.0689999982714653,0.07500000298023224,0.07500000298023224,9000
2021-01-27,0.07500000298023224,0.07500000298023224,0.07000000029802322,0.07000000029802322,0.07000000029802322,29000
2021-01-28,0.07800000160932541,0.07999999821186066,0.07800000160932541,0.07999999821186066,0.07999999821186066,33000
2021-01-29,0.07900000363588333,0.07900000363588333,0.07900000363588333,0.07900000363588333,0.07900000363588333,17000
2021-02-01,0.07800000160932541,0.07800000160932541,0.07800000160932541,0.07800000160932541,0.07800000160932541,0
2021-02-02,0.07800000160932541,0.07800000160932541,0.07800000160932541,0.07800000160932541,0.07800000160932541,0
2021-02-03,0.07800000160932541,0.07999999821186066,0.07800000160932541,0.07500000298023224,0.07500000298023224,242000
2021-02-04,0.07800000160932541,0.10000000149011612,0.0729999989271164,0.0729999989271164,0.0729999989271164,165000
2021-02-05,0.0729999989271164,0.0729999989271164,0.06599999964237213,0.06700000166893005,0.06700000166893005,100000
2021-02-08,0.06700000166893005,0.06700000166893005,0.06700000166893005,0.06700000166893005,0.06700000166893005,9000
2021-02-09,0.06700000166893005,0.06700000166893005,0.06700000166893005,0.06700000166893005,0.06700000166893005,0
2021-02-10,0.08699999749660492,0.08699999749660492,0.07999999821186066,0.07500000298023224,0.07500000298023224,7000
2021-02-11,0.07500000298023224,0.07500000298023224,0.07500000298023224,0.07500000298023224,0.07500000298023224,0
2021-02-16,0.0729999989271164,0.0729999989271164,0.0729999989271164,0.0729999989271164,0.0729999989271164,0
2021-02-17,0.07000000029802322,0.07999999821186066,0.07000000029802322,0.07999999821186066,0.07999999821186066,263000
2021-02-18,0.0729999989271164,0.07500000298023224,0.0729999989271164,0.0729999989271164,0.0729999989271164,161000
2021-02-19,0.07699999958276749,0.0989999994635582,0.07599999755620956,0.0860000029206276,0.0860000029206276,5405000
2021-02-22,0.08299999684095383,0.09200000017881393,0.07999999821186066,0.09099999815225601,0.09099999815225601,1164000
2021-02-23,0.0860000029206276,0.11999999731779099,0.08100000023841858,0.11299999803304672,0.11299999803304672,6996000
2021-02-24,0.10999999940395355,0.10999999940395355,0.0949999988079071,0.10700000077486038,0.10700000077486038,1092000
2021-02-25,0.10000000149011612,0.10700000077486038,0.09700000286102295,0.10499999672174454,0.10499999672174454,502000
2021-02-26,0.10100000351667404,0.10999999940395355,0.10100000351667404,0.10100000351667404,0.10100000351667404,172000
2021-03-01,0.12300000339746475,0.12300000339746475,0.11999999731779099,0.11999999731779099,0.11999999731779099,58000
2021-03-02,0.11999999731779099,0.125,0.11500000208616257,0.11500000208616257,0.11500000208616257,590000
2021-03-03,0.11100000143051147,0.11500000208616257,0.0949999988079071,0.09799999743700027,0.09799999743700027,4222000
2021-03-04,0.09799999743700027,0.10400000214576721,0.09200000017881393,0.09200000017881393,0.09200000017881393,391000
2021-03-05,0.09200000017881393,0.09200000017881393,0.09200000017881393,0.09200000017881393,0.09200000017881393,0
2021-03-08,0.09200000017881393,0.09200000017881393,0.09200000017881393,0.09200000017881393,0.09200000017881393,0
2021-03-09,0.09200000017881393,0.09200000017881393,0.09200000017881393,0.09200000017881393,0.09200000017881393,0
2021-03-10,0.10999999940395355,0.10999999940395355,0.10999999940395355,0.10999999940395355,0.10999999940395355,1000
2021-03-11,0.10700000077486038,0.10700000077486038,0.10000000149011612,0.10000000149011612,0.10000000149011612,41000
2021-03-12,0.0989999994635582,0.10000000149011612,0.08500000089406967,0.09000000357627869,0.09000000357627869,440000
2021-03-15,0.09099999815225601,0.10000000149011612,0.09099999815225601,0.10000000149011612,0.10000000149011612,66000
2021-03-16,0.10599999874830246,0.10599999874830246,0.10499999672174454,0.10499999672174454,0.10499999672174454,81000
2021-03-17,0.0860000029206276,0.10499999672174454,0.0860000029206276,0.09600000083446503,0.09600000083446503,71000
2021-03-18,0.09099999815225601,0.09099999815225601,0.09000000357627869,0.09000000357627869,0.09000000357627869,100000
2021-03-19,0.09000000357627869,0.09000000357627869,0.09000000357627869,0.09000000357627869,0.09000000357627869,0
2021-03-22,0.0949999988079071,0.0949999988079071,0.0949999988079071,0.0949999988079071,0.0949999988079071,0
2021-03-23,0.09200000017881393,0.0949999988079071,0.09200000017881393,0.09200000017881393,0.09200000017881393,101000
2021-03-24,0.09700000286102295,0.09700000286102295,0.09700000286102295,0.09700000286102295,0.09700000286102295,48000
2021-03-25,0.09700000286102295,0.09700000286102295,0.09700000286102295,0.09700000286102295,0.09700000286102295,0
2021-03-26,0.09399999678134918,0.09399999678134918,0.09399999678134918,0.09399999678134918,0.09399999678134918,0
2021-03-29,0.09300000220537186,0.09300000220537186,0.09300000220537186,0.09300000220537186,0.09300000220537186,0
2021-03-30,0.09200000017881393,0.09200000017881393,0.09200000017881393,0.09000000357627869,0.09000000357627869,3000
2021-03-31,0.09000000357627869,0.09000000357627869,0.09000000357627869,0.09000000357627869,0.09000000357627869,0
2021-04-01,0.09000000357627869,0.09000000357627869,0.09000000357627869,0.09000000357627869,0.09000000357627869,0
2021-04-07,0.0860000029206276,0.0860000029206276,0.08500000089406967,0.08500000089406967,0.08500000089406967,50000
2021-04-08,0.08399999886751175,0.08399999886751175,0.08399999886751175,0.08399999886751175,0.08399999886751175,10000
2021-04-09,0.07999999821186066,0.07999999821186066,0.07699999958276749,0.08900000154972076,0.08900000154972076,368000
2021-04-12,0.08900000154972076,0.08900000154972076,0.08900000154972076,0.08900000154972076,0.08900000154972076,0
2021-04-13,0.08900000154972076,0.08900000154972076,0.08900000154972076,0.08900000154972076,0.08900000154972076,0
2021-04-14,0.08799999952316284,0.08799999952316284,0.08799999952316284,0.08799999952316284,0.08799999952316284,100000
2021-04-15,0.08799999952316284,0.08799999952316284,0.08799999952316284,0.08799999952316284,0.08799999952316284,0
2021-04-16,0.07500000298023224,0.07999999821186066,0.0729999989271164,0.0729999989271164,0.0729999989271164,400000
2021-04-19,0.07400000095367432,0.07400000095367432,0.07400000095367432,0.07400000095367432,0.07400000095367432,10000
2021-04-20,0.07500000298023224,0.07500000298023224,0.07500000298023224,0.07500000298023224,0.07500000298023224,21000
2021-04-21,0.07500000298023224,0.07500000298023224,0.07500000298023224,0.07500000298023224,0.07500000298023224,0
2021-04-22,0.07500000298023224,0.07500000298023224,0.07500000298023224,0.07500000298023224,0.07500000298023224,61000
2021-04-23,0.07500000298023224,0.07999999821186066,0.07500000298023224,0.07999999821186066,0.07999999821186066,181000
2021-04-26,0.07599999755620956,0.07599999755620956,0.07500000298023224,0.07599999755620956,0.07599999755620956,111000
2021-04-27,0.07599999755620956,0.1080000028014183,0.07100000232458115,0.0949999988079071,0.0949999988079071,4846000
2021-04-28,0.0949999988079071,0.0949999988079071,0.0820000022649765,0.08299999684095383,0.08299999684095383,97000
2021-04-29,0.0860000029206276,0.11500000208616257,0.07699999958276749,0.10700000077486038,0.10700000077486038,4830000
2021-04-30,0.10700000077486038,0.10700000077486038,0.09799999743700027,0.1080000028014183,0.1080000028014183,22000
2021-05-03,0.09200000017881393,0.09200000017881393,0.09200000017881393,0.09200000017881393,0.09200000017881393,0
2021-05-04,0.09200000017881393,0.09200000017881393,0.09200000017881393,0.09200000017881393,0.09200000017881393,0
2021-05-05,0.09200000017881393,0.09200000017881393,0.09200000017881393,0.09200000017881393,0.09200000017881393,1000
2021-05-06,0.09000000357627869,0.09099999815225601,0.08500000089406967,0.08500000089406967,0.08500000089406967,478000
2021-05-07,0.0949999988079071,0.0949999988079071,0.0860000029206276,0.08900000154972076,0.08900000154972076,65000
2021-05-10,0.08399999886751175,0.08399999886751175,0.08399999886751175,0.08399999886751175,0.08399999886751175,0
2021-05-11,0.09000000357627869,0.09000000357627869,0.09000000357627869,0.09000000357627869,0.09000000357627869,30000
2021-05-12,0.0820000022649765,0.0820000022649765,0.08100000023841858,0.0820000022649765,0.0820000022649765,68000
2021-05-13,0.07800000160932541,0.08299999684095383,0.07800000160932541,0.08299999684095383,0.08299999684095383,22000
2021-05-14,0.08799999952316284,0.08799999952316284,0.08799999952316284,0.09099999815225601,0.09099999815225601,2000
2021-05-17,0.09300000220537186,0.09300000220537186,0.09300000220537186,0.09300000220537186,0.09300000220537186,0
2021-05-18,0.09300000220537186,0.09300000220537186,0.09300000220537186,0.09099999815225601,0.09099999815225601,324000
2021-05-20,0.09399999678134918,0.09399999678134918,0.09300000220537186,0.09799999743700027,0.09799999743700027,126000
2021-05-21,0.09799999743700027,0.09799999743700027,0.09700000286102295,0.09799999743700027,0.09799999743700027,166000
2021-05-24,0.09200000017881393,0.09200000017881393,0.09200000017881393,0.09200000017881393,0.09200000017881393,14000
2021-05-25,0.09200000017881393,0.10499999672174454,0.08399999886751175,0.10100000351667404,0.10100000351667404,396000
2021-05-26,0.10000000149011612,0.11299999803304672,0.08799999952316284,0.10599999874830246,0.10599999874830246,2317000
2021-05-27,0.10400000214576721,0.10400000214576721,0.10400000214576721,0.10400000214576721,0.10400000214576721,0
2021-05-28,0.10599999874830246,0.10599999874830246,0.10599999874830246,0.10599999874830246,0.10599999874830246,0
2021-05-31,0.09799999743700027,0.11100000143051147,0.09700000286102295,0.1080000028014183,0.1080000028014183,62000
2021-06-01,0.10499999672174454,0.10499999672174454,0.10499999672174454,0.10499999672174454,0.10499999672174454,0
2021-06-02,0.10499999672174454,0.10499999672174454,0.10499999672174454,0.10499999672174454,0.10499999672174454,0
2021-06-03,0.10300000011920929,0.10300000011920929,0.10300000011920929,0.10300000011920929,0.10300000011920929,0
2021-06-04,0.10300000011920929,0.10300000011920929,0.10300000011920929,0.10300000011920929,0.10300000011920929,0
2021-06-07,0.10199999809265137,0.10300000011920929,0.10199999809265137,0.10300000011920929,0.10300000011920929,72000
2021-06-08,0.10999999940395355,0.10999999940395355,0.10999999940395355,0.10999999940395355,0.10999999940395355,0
2021-06-09,0.10999999940395355,0.10999999940395355,0.10999999940395355,0.10999999940395355,0.10999999940395355,0
2021-06-10,0.10999999940395355,0.10999999940395355,0.10999999940395355,0.10999999940395355,0.10999999940395355,0
2021-06-11,0.09700000286102295,0.10000000149011612,0.05999999865889549,0.07800000160932541,0.07800000160932541,3698000
2021-06-15,0.07800000160932541,0.29499998688697815,0.07800000160932541,0.20800000429153442,0.20800000429153442,17777000
2021-06-16,0.23600000143051147,0.550000011920929,0.23600000143051147,0.5299999713897705,0.5299999713897705,103303000
2021-06-17,0.5600000023841858,0.6600000262260437,0.25,0.3449999988079071,0.3449999988079071,92942000
2021-06-18,0.3449999988079071,0.44999998807907104,0.33000001311302185,0.35499998927116394,0.35499998927116394,23973000
2021-06-21,0.35499998927116394,0.3799999952316284,0.32499998807907104,0.33500000834465027,0.33500000834465027,3954000
2021-06-22,0.36000001430511475,0.36000001430511475,0.3100000023841858,0.33000001311302185,0.33000001311302185,5905000
2021-06-23,0.3499999940395355,0.36500000953674316,0.33000001311302185,0.3499999940395355,0.3499999940395355,4162000
2021-06-24,0.36000001430511475,0.4300000071525574,0.32499998807907104,0.39500001072883606,0.39500001072883606,7354000
2021-06-25,0.39500001072883606,0.5199999809265137,0.35499998927116394,0.4300000071525574,0.4300000071525574,40638000
2021-06-28,0.4300000071525574,0.44999998807907104,0.4000000059604645,0.4300000071525574,0.4300000071525574,2444000
2021-06-29,0.4399999976158142,0.4399999976158142,0.375,0.4050000011920929,0.4050000011920929,5233000
2021-06-30,0.38999998569488525,0.4050000011920929,0.38499999046325684,0.4050000011920929,0.4050000011920929,1529000
2021-07-02,0.38999998569488525,0.41999998688697815,0.38499999046325684,0.4000000059604645,0.4000000059604645,1503000
2021-07-05,0.41999998688697815,0.4350000023841858,0.3449999988079071,0.3799999952316284,0.3799999952316284,5050000
2021-07-06,0.3799999952316284,0.3799999952316284,0.3499999940395355,0.36500000953674316,0.36500000953674316,1607000
2021-07-07,0.36500000953674316,0.375,0.3400000035762787,0.375,0.375,2074000
2021-07-08,0.3799999952316284,0.6600000262260437,0.35499998927116394,0.38499999046325684,0.38499999046325684,47924000
2021-07-09,0.4099999964237213,0.4099999964237213,0.38499999046325684,0.39500001072883606,0.39500001072883606,2909000
2021-07-12,0.41499999165534973,0.41499999165534973,0.3799999952316284,0.4050000011920929,0.4050000011920929,1785000
2021-07-13,0.4050000011920929,0.41499999165534973,0.38999998569488525,0.4050000011920929,0.4050000011920929,1581000
2021-07-14,0.41499999165534973,0.41499999165534973,0.38499999046325684,0.38999998569488525,0.38999998569488525,2681000
2021-07-15,0.39500001072883606,0.4300000071525574,0.39500001072883606,0.4050000011920929,0.4050000011920929,4687000
2021-07-16,0.39500001072883606,0.42500001192092896,0.38999998569488525,0.4099999964237213,0.4099999964237213,2860000
2021-07-19,0.4099999964237213,0.4300000071525574,0.3799999952316284,0.4000000059604645,0.4000000059604645,1669000
2021-07-20,0.4000000059604645,0.4000000059604645,0.3499999940395355,0.3799999952316284,0.3799999952316284,4799000
2021-07-21,0.38999998569488525,0.44999998807907104,0.36500000953674316,0.4300000071525574,0.4300000071525574,7171000
2021-07-22,0.47999998927116394,0.49000000953674316,0.42500001192092896,0.4449999928474426,0.4449999928474426,4872000
2021-07-23,0.4449999928474426,0.4749999940395355,0.38999998569488525,0.38999998569488525,0.38999998569488525,7901000
2021-07-26,0.38999998569488525,0.41499999165534973,0.3700000047683716,0.4000000059604645,0.4000000059604645,6419000
2021-07-27,0.4050000011920929,0.4050000011920929,0.3449999988079071,0.3700000047683716,0.3700000047683716,4178000
2021-07-28,0.3700000047683716,0.39500001072883606,0.3449999988079071,0.375,0.375,2558000
2021-07-29,0.39500001072883606,0.39500001072883606,0.3449999988079071,0.3700000047683716,0.3700000047683716,4768000
2021-07-30,0.36000001430511475,0.3700000047683716,0.3400000035762787,0.36000001430511475,0.36000001430511475,5625000
2021-08-02,0.35499998927116394,0.35499998927116394,0.33000001311302185,0.3449999988079071,0.3449999988079071,2732000
2021-08-03,0.3400000035762787,0.3499999940395355,0.3199999928474426,0.3499999940395355,0.3499999940395355,5412000
2021-08-04,0.3499999940395355,0.36500000953674316,0.33000001311302185,0.33000001311302185,0.33000001311302185,4618000
2021-08-05,0.33500000834465027,0.3499999940395355,0.3199999928474426,0.3400000035762787,0.3400000035762787,3124000
2021-08-06,0.3400000035762787,0.35499998927116394,0.3400000035762787,0.3449999988079071,0.3449999988079071,1747000
2021-08-09,0.3449999988079071,0.375,0.3400000035762787,0.3499999940395355,0.3499999940395355,4652000
2021-08-10,0.3499999940395355,0.36000001430511475,0.3050000071525574,0.33500000834465027,0.33500000834465027,4507000
2021-08-11,0.3400000035762787,0.3400000035762787,0.30000001192092896,0.33000001311302185,0.33000001311302185,1661000
2021-08-12,0.33500000834465027,0.3449999988079071,0.33000001311302185,0.33500000834465027,0.33500000834465027,1307000
2021-08-13,0.3400000035762787,0.3499999940395355,0.3199999928474426,0.32499998807907104,0.32499998807907104,1443000
2021-08-16,0.32499998807907104,0.3400000035762787,0.3199999928474426,0.3400000035762787,0.3400000035762787,597000
2021-08-17,0.33000001311302185,0.33000001311302185,0.3100000023841858,0.3199999928474426,0.3199999928474426,268000
2021-08-18,0.3199999928474426,0.33000001311302185,0.2750000059604645,0.3199999928474426,0.3199999928474426,2416000
2021-08-19,0.3199999928474426,0.32499998807907104,0.28999999165534973,0.3100000023841858,0.3100000023841858,450000
2021-08-20,0.30000001192092896,0.3199999928474426,0.2800000011920929,0.3050000071525574,0.3050000071525574,1853000
2021-08-23,0.3199999928474426,0.3400000035762787,0.30000001192092896,0.3400000035762787,0.3400000035762787,1802000
2021-08-24,0.3449999988079071,0.3499999940395355,0.3050000071525574,0.3199999928474426,0.3199999928474426,2223000
2021-08-25,0.3199999928474426,0.3199999928474426,0.3050000071525574,0.3199999928474426,0.3199999928474426,260000
2021-08-26,0.3050000071525574,0.3199999928474426,0.30000001192092896,0.3199999928474426,0.3199999928474426,610000
2021-08-27,0.30000001192092896,0.3199999928474426,0.29499998688697815,0.3050000071525574,0.3050000071525574,1143000
2021-08-30,0.3149999976158142,0.3149999976158142,0.29499998688697815,0.3100000023841858,0.3100000023841858,443000
2021-08-31,0.3100000023841858,0.3199999928474426,0.30000001192092896,0.3149999976158142,0.3149999976158142,414000
2021-09-01,0.32499998807907104,0.33000001311302185,0.3100000023841858,0.3199999928474426,0.3199999928474426,151000
2021-09-02,0.3149999976158142,0.3199999928474426,0.29499998688697815,0.3100000023841858,0.3100000023841858,835000
2021-09-03,0.3100000023841858,0.3199999928474426,0.29499998688697815,0.29499998688697815,0.29499998688697815,577000
2021-09-06,0.29499998688697815,0.3199999928474426,0.29499998688697815,0.29499998688697815,0.29499998688697815,513000
2021-09-07,0.3100000023841858,0.3100000023841858,0.28999999165534973,0.30000001192092896,0.30000001192092896,554000
2021-09-08,0.30000001192092896,0.3050000071525574,0.28999999165534973,0.28999999165534973,0.28999999165534973,215000
2021-09-09,0.30000001192092896,0.29499998688697815,0.2849999964237213,0.29499998688697815,0.29499998688697815,631000
2021-09-10,0.29499998688697815,0.29499998688697815,0.2750000059604645,0.2750000059604645,0.2750000059604645,733000
2021-09-13,0.29499998688697815,0.28999999165534973,0.27000001072883606,0.2750000059604645,0.2750000059604645,1028000
2021-09-14,0.27000001072883606,0.2800000011920929,0.23000000417232513,0.2800000011920929,0.2800000011920929,1866000
2021-09-15,0.27000001072883606,0.2750000059604645,0.25,0.25999999046325684,0.25999999046325684,797000
2021-09-16,0.26499998569488525,0.2800000011920929,0.2549999952316284,0.2800000011920929,0.2800000011920929,2748000
2021-09-17,0.3050000071525574,0.38999998569488525,0.30000001192092896,0.3199999928474426,0.3199999928474426,23107000
2021-09-20,0.33500000834465027,0.33500000834465027,0.27000001072883606,0.3199999928474426,0.3199999928474426,3968000
2021-09-21,0.3149999976158142,0.3100000023841858,0.2849999964237213,0.30000001192092896,0.30000001192092896,1226000
2021-09-23,0.30000001192092896,0.30000001192092896,0.27000001072883606,0.2800000011920929,0.2800000011920929,1717000
2021-09-24,0.2800000011920929,0.28999999165534973,0.27000001072883606,0.2849999964237213,0.2849999964237213,1202000
2021-09-27,0.2800000011920929,0.28999999165534973,0.27000001072883606,0.27000001072883606,0.27000001072883606,176000
2021-09-28,0.25999999046325684,0.2800000011920929,0.25,0.26499998569488525,0.26499998569488525,503000
2021-09-29,0.2800000011920929,0.2849999964237213,0.25,0.2549999952316284,0.2549999952316284,1064000
2021-09-30,0.2549999952316284,0.26499998569488525,0.24899999797344208,0.25,0.25,1044000
2021-10-04,0.23999999463558197,0.24699999392032623,0.23000000417232513,0.23899999260902405,0.23899999260902405,1207000
2021-10-05,0.23499999940395355,0.24899999797344208,0.22599999606609344,0.24699999392032623,0.24699999392032623,1968000
2021-10-06,0.25999999046325684,0.26499998569488525,0.24899999797344208,0.25999999046325684,0.25999999046325684,928000
2021-10-07,0.25,0.25999999046325684,0.2370000034570694,0.2549999952316284,0.2549999952316284,155000
2021-10-08,0.2750000059604645,0.28999999165534973,0.23000000417232513,0.23499999940395355,0.23499999940395355,2172000
2021-10-11,0.23800000548362732,0.24400000274181366,0.2280000001192093,0.23000000417232513,0.23000000417232513,917000
2021-10-12,0.23899999260902405,0.25,0.22300000488758087,0.24699999392032623,0.24699999392032623,3585000
2021-10-15,0.2800000011920929,0.2800000011920929,0.2409999966621399,0.2549999952316284,0.2549999952316284,66000
2021-10-18,0.25,0.25,0.23999999463558197,0.24300000071525574,0.24300000071525574,352000
2021-10-19,0.23499999940395355,0.25999999046325684,0.21899999678134918,0.23199999332427979,0.23199999332427979,2297000
2021-10-20,0.24300000071525574,0.24400000274181366,0.23000000417232513,0.23999999463558197,0.23999999463558197,575000
2021-10-21,0.21699999272823334,0.23899999260902405,0.21699999272823334,0.2329999953508377,0.2329999953508377,943000
2021-10-22,0.2290000021457672,0.2290000021457672,0.210999995470047,0.22300000488758087,0.22300000488758087,883000
2021-10-25,0.21899999678134918,0.2199999988079071,0.21199999749660492,0.21899999678134918,0.21899999678134918,624000
2021-10-26,0.21699999272823334,0.21699999272823334,0.20800000429153442,0.21400000154972076,0.21400000154972076,63000
2021-10-27,0.21299999952316284,0.21899999678134918,0.19699999690055847,0.20999999344348907,0.20999999344348907,2161000
2021-10-28,0.210999995470047,0.210999995470047,0.19699999690055847,0.1979999989271164,0.1979999989271164,269000
2021-10-29,0.21899999678134918,0.21899999678134918,0.1979999989271164,0.1979999989271164,0.1979999989271164,347000
2021-11-01,0.19900000095367432,0.20900000631809235,0.19499999284744263,0.19499999284744263,0.19499999284744263,385000
2021-11-02,0.1899999976158142,0.20800000429153442,0.18000000715255737,0.19200000166893005,0.19200000166893005,340000
2021-11-03,0.20900000631809235,0.20900000631809235,0.19300000369548798,0.19699999690055847,0.19699999690055847,100000
2021-11-04,0.19699999690055847,0.19699999690055847,0.19699999690055847,0.19699999690055847,0.19699999690055847,12000
2021-11-05,0.19699999690055847,0.19699999690055847,0.19699999690055847,0.19699999690055847,0.19699999690055847,51000
2021-11-08,0.19699999690055847,0.19699999690055847,0.19499999284744263,0.19499999284744263,0.19499999284744263,17000
2021-11-09,0.18000000715255737,0.19599999487400055,0.16099999845027924,0.19599999487400055,0.19599999487400055,393000
2021-11-10,0.2029999941587448,0.2029999941587448,0.2029999941587448,0.2029999941587448,0.2029999941587448,0
2021-11-11,0.20200000703334808,0.20200000703334808,0.20200000703334808,0.20200000703334808,0.20200000703334808,0
2021-11-12,0.19900000095367432,0.19900000095367432,0.19900000095367432,0.19900000095367432,0.19900000095367432,0
2021-11-15,0.18799999356269836,0.18799999356269836,0.18799999356269836,0.18799999356269836,0.18799999356269836,0
2021-11-16,0.17100000381469727,0.1860000044107437,0.16599999368190765,0.1770000010728836,0.1770000010728836,2140000
2021-11-17,0.18199999630451202,0.19300000369548798,0.17000000178813934,0.17599999904632568,0.17599999904632568,1455000
2021-11-18,0.1720000058412552,0.1720000058412552,0.1720000058412552,0.1720000058412552,0.1720000058412552,0
2021-11-19,0.17000000178813934,0.1809999942779541,0.1720000058412552,0.1720000058412552,0.1720000058412552,280000
2021-11-22,0.1720000058412552,0.1720000058412552,0.16500000655651093,0.16500000655651093,0.16500000655651093,227000
2021-11-23,0.17000000178813934,0.17000000178813934,0.17000000178813934,0.17000000178813934,0.17000000178813934,0
2021-11-24,0.1599999964237213,0.18400000035762787,0.1599999964237213,0.1599999964237213,0.1599999964237213,313000
2021-11-25,0.1599999964237213,0.1599999964237213,0.15700000524520874,0.1599999964237213,0.1599999964237213,257000
2021-11-26,0.1589999943971634,0.1589999943971634,0.15000000596046448,0.15600000321865082,0.15600000321865082,134000
2021-11-29,0.15600000321865082,0.15600000321865082,0.15600000321865082,0.15600000321865082,0.15600000321865082,0
2021-11-30,0.15600000321865082,0.15600000321865082,0.15600000321865082,0.15600000321865082,0.15600000321865082,0
2021-12-01,0.16500000655651093,0.16500000655651093,0.16500000655651093,0.16300000250339508,0.16300000250339508,15029
2021-12-02,0.1589999943971634,0.1589999943971634,0.1589999943971634,0.1589999943971634,0.1589999943971634,0
2021-12-03,0.1550000011920929,0.1550000011920929,0.15000000596046448,0.15000000596046448,0.15000000596046448,160000
2021-12-06,0.15000000596046448,0.15000000596046448,0.15000000596046448,0.15000000596046448,0.15000000596046448,150000
2021-12-07,0.1550000011920929,0.1550000011920929,0.15399999916553497,0.15399999916553497,0.15399999916553497,73000
2021-12-08,0.14000000059604645,0.15700000524520874,0.11999999731779099,0.14800000190734863,0.14800000190734863,2692000
2021-12-09,0.1469999998807907,0.1469999998807907,0.1469999998807907,0.1469999998807907,0.1469999998807907,1000
2021-12-10,0.14000000059604645,0.1459999978542328,0.14000000059604645,0.1459999978542328,0.1459999978542328,25000
2021-12-13,0.14300000667572021,0.14300000667572021,0.1379999965429306,0.1420000046491623,0.1420000046491623,244000
2021-12-14,0.13500000536441803,0.14499999582767487,0.13500000536441803,0.1420000046491623,0.1420000046491623,76000
2021-12-15,0.13500000536441803,0.13899999856948853,0.125,0.125,0.125,154000
2021-12-16,0.14399999380111694,0.14499999582767487,0.11800000071525574,0.13099999725818634,0.13099999725818634,759000
2021-12-17,0.1420000046491623,0.1420000046491623,0.11900000274181366,0.12600000202655792,0.12600000202655792,350000
2021-12-20,0.12200000137090683,0.12200000137090683,0.10999999940395355,0.11900000274181366,0.11900000274181366,71000
2021-12-21,0.11999999731779099,0.11999999731779099,0.11999999731779099,0.11999999731779099,0.11999999731779099,0
2021-12-22,0.11999999731779099,0.11999999731779099,0.11999999731779099,0.11999999731779099,0.11999999731779099,0
2021-12-23,0.11999999731779099,0.11999999731779099,0.11999999731779099,0.11999999731779099,0.11999999731779099,100000
2021-12-24,0.11900000274181366,0.11900000274181366,0.11900000274181366,0.11900000274181366,0.11900000274181366,0
2021-12-28,0.11900000274181366,0.11900000274181366,0.11900000274181366,0.11900000274181366,0.11900000274181366,0
2021-12-29,0.10300000011920929,0.11599999666213989,0.10199999809265137,0.10499999672174454,0.10499999672174454,565000
2021-12-30,0.10599999874830246,0.11500000208616257,0.10599999874830246,0.11299999803304672,0.11299999803304672,160000
2021-12-31,0.10199999809265137,0.10199999809265137,0.09200000017881393,0.10000000149011612,0.10000000149011612,314000
2022-01-03,0.0989999994635582,0.10000000149011612,0.09000000357627869,0.0949999988079071,0.0949999988079071,1945000
2022-01-04,0.0949999988079071,0.09799999743700027,0.09000000357627869,0.09799999743700027,0.09799999743700027,276000
2022-01-05,0.0949999988079071,0.09600000083446503,0.0949999988079071,0.09600000083446503,0.09600000083446503,131000
2022-01-06,0.11999999731779099,0.11999999731779099,0.10000000149011612,0.10000000149011612,0.10000000149011612,74000
2022-01-07,0.10000000149011612,0.10000000149011612,0.0949999988079071,0.0989999994635582,0.0989999994635582,19000
2022-01-10,0.0949999988079071,0.0949999988079071,0.0949999988079071,0.0949999988079071,0.0949999988079071,0
2022-01-11,0.09399999678134918,0.09399999678134918,0.09399999678134918,0.09399999678134918,0.09399999678134918,31000
2022-01-12,0.09399999678134918,0.09399999678134918,0.09300000220537186,0.09300000220537186,0.09300000220537186,871000
2022-01-13,0.09300000220537186,0.09300000220537186,0.09300000220537186,0.09300000220537186,0.09300000220537186,43000
2022-01-14,0.09300000220537186,0.09399999678134918,0.09300000220537186,0.09399999678134918,0.09399999678134918,101000
2022-01-17,0.09300000220537186,0.09300000220537186,0.09300000220537186,0.09300000220537186,0.09300000220537186,0
2022-01-18,0.08500000089406967,0.0949999988079071,0.08500000089406967,0.0949999988079071,0.0949999988079071,103000
2022-01-19,0.09300000220537186,0.09300000220537186,0.09300000220537186,0.09300000220537186,0.09300000220537186,0
2022-01-20,0.09099999815225601,0.09099999815225601,0.09000000357627869,0.08900000154972076,0.08900000154972076,46000
2022-01-21,0.08799999952316284,0.11999999731779099,0.07599999755620956,0.10499999672174454,0.10499999672174454,398000
2022-01-24,0.10000000149011612,0.125,0.10000000149011612,0.10000000149011612,0.10000000149011612,75000
2022-01-25,0.0820000022649765,0.11999999731779099,0.0820000022649765,0.10499999672174454,0.10499999672174454,541000
2022-01-26,0.09300000220537186,0.1080000028014183,0.09300000220537186,0.10400000214576721,0.10400000214576721,156000
2022-01-27,0.11900000274181366,0.11900000274181366,0.10999999940395355,0.10899999737739563,0.10899999737739563,30000
2022-01-28,0.10899999737739563,0.10899999737739563,0.0989999994635582,0.10000000149011612,0.10000000149011612,169000
2022-01-31,0.10000000149011612,0.10000000149011612,0.10000000149011612,0.10000000149011612,0.10000000149011612,0
2022-02-04,0.10999999940395355,0.10999999940395355,0.10000000149011612,0.10000000149011612,0.10000000149011612,81000
2022-02-07,0.10000000149011612,0.10000000149011612,0.10000000149011612,0.10000000149011612,0.10000000149011612,0
2022-02-08,0.09799999743700027,0.09799999743700027,0.09799999743700027,0.09799999743700027,0.09799999743700027,0
2022-02-09,0.09799999743700027,0.09799999743700027,0.09799999743700027,0.09799999743700027,0.09799999743700027,0
2022-02-10,0.09300000220537186,0.09300000220537186,0.09300000220537186,0.09399999678134918,0.09399999678134918,21000
2022-02-11,0.09700000286102295,0.10899999737739563,0.09300000220537186,0.10499999672174454,0.10499999672174454,154000
2022-02-14,0.10100000351667404,0.10100000351667404,0.10100000351667404,0.10100000351667404,0.10100000351667404,0
2022-02-15,0.09300000220537186,0.09300000220537186,0.09099999815225601,0.09300000220537186,0.09300000220537186,126000
2022-02-16,0.10000000149011612,0.10000000149011612,0.10000000149011612,0.10000000149011612,0.10000000149011612,0
2022-02-17,0.10000000149011612,0.10000000149011612,0.10000000149011612,0.10000000149011612,0.10000000149011612,0
2022-02-18,0.0989999994635582,0.0989999994635582,0.0989999994635582,0.0989999994635582,0.0989999994635582,0
2022-02-21,0.09799999743700027,0.09799999743700027,0.09799999743700027,0.09799999743700027,0.09799999743700027,0
2022-02-22,0.09399999678134918,0.09399999678134918,0.09399999678134918,0.09399999678134918,0.09399999678134918,0
2022-02-23,0.10300000011920929,0.10300000011920929,0.10000000149011612,0.09799999743700027,0.09799999743700027,15000
2022-02-24,0.09200000017881393,0.09600000083446503,0.08299999684095383,0.09600000083446503,0.09600000083446503,391000
2022-02-25,0.09600000083446503,0.09600000083446503,0.09600000083446503,0.09600000083446503,0.09600000083446503,0
2022-02-28,0.08399999886751175,0.08399999886751175,0.08299999684095383,0.09000000357627869,0.09000000357627869,27000
2022-03-01,0.09000000357627869,0.09000000357627869,0.0820000022649765,0.0820000022649765,0.0820000022649765,17000
2022-03-02,0.07999999821186066,0.08100000023841858,0.07999999821186066,0.08799999952316284,0.08799999952316284,92000
2022-03-03,0.08399999886751175,0.08399999886751175,0.08399999886751175,0.08399999886751175,0.08399999886751175,0
2022-03-04,0.07199999690055847,0.08799999952316284,0.07199999690055847,0.08500000089406967,0.08500000089406967,206000
2022-03-07,0.0729999989271164,0.08500000089406967,0.0729999989271164,0.08500000089406967,0.08500000089406967,94000
2022-03-08,0.0729999989271164,0.0820000022649765,0.0729999989271164,0.08100000023841858,0.08100000023841858,85000
2022-03-09,0.07599999755620956,0.09000000357627869,0.07599999755620956,0.0820000022649765,0.0820000022649765,830000
2022-03-10,0.07999999821186066,0.10999999940395355,0.07999999821186066,0.09300000220537186,0.09300000220537186,617000
2022-03-11,0.09099999815225601,0.09099999815225601,0.09099999815225601,0.09099999815225601,0.09099999815225601,0
2022-03-14,0.09099999815225601,0.09099999815225601,0.09099999815225601,0.09099999815225601,0.09099999815225601,0
2022-03-15,0.09000000357627869,0.09000000357627869,0.09000000357627869,0.09000000357627869,0.09000000357627869,0
2022-03-16,0.08799999952316284,0.08799999952316284,0.08799999952316284,0.08699999749660492,0.08699999749660492,50000
2022-03-17,0.08699999749660492,0.08699999749660492,0.08699999749660492,0.0860000029206276,0.0860000029206276,242000
2022-03-18,0.07800000160932541,0.0860000029206276,0.07800000160932541,0.08399999886751175,0.08399999886751175,300000
2022-03-21,0.08500000089406967,0.08500000089406967,0.08399999886751175,0.08399999886751175,0.08399999886751175,485000
2022-03-22,0.08500000089406967,0.08500000089406967,0.08500000089406967,0.08500000089406967,0.08500000089406967,10000
2022-03-23,0.09300000220537186,0.09300000220537186,0.09300000220537186,0.09300000220537186,0.09300000220537186,0
2022-03-24,0.07999999821186066,0.10300000011920929,0.07999999821186066,0.10000000149011612,0.10000000149011612,687000
2022-03-25,0.10000000149011612,0.10000000149011612,0.10000000149011612,0.10000000149011612,0.10000000149011612,33000
2022-03-28,0.09799999743700027,0.09799999743700027,0.09799999743700027,0.09799999743700027,0.09799999743700027,2000
2022-03-29,0.10300000011920929,0.10300000011920929,0.0949999988079071,0.0949999988079071,0.0949999988079071,87000
2022-03-30,0.10199999809265137,0.10199999809265137,0.09700000286102295,0.09700000286102295,0.09700000286102295,436000
2022-03-31,0.08900000154972076,0.08900000154972076,0.08399999886751175,0.0860000029206276,0.0860000029206276,541000
2022-04-01,0.08299999684095383,0.08299999684095383,0.08299999684095383,0.08299999684095383,0.08299999684095383,0
2022-04-04,0.07999999821186066,0.0820000022649765,0.07999999821186066,0.0820000022649765,0.0820000022649765,646000
2022-04-06,0.0820000022649765,0.0820000022649765,0.0820000022649765,0.0820000022649765,0.0820000022649765,0
2022-04-07,0.08399999886751175,0.08399999886751175,0.08399999886751175,0.08399999886751175,0.08399999886751175,10000
2022-04-08,0.08399999886751175,0.08399999886751175,0.08299999684095383,0.08299999684095383,0.08299999684095383,227000
2022-04-11,0.07900000363588333,0.07900000363588333,0.07900000363588333,0.07900000363588333,0.07900000363588333,0
2022-04-12,0.08500000089406967,0.08500000089406967,0.08399999886751175,0.08399999886751175,0.08399999886751175,169000
2022-04-13,0.08399999886751175,0.08399999886751175,0.08399999886751175,0.08399999886751175,0.08399999886751175,0
2022-04-14,0.08399999886751175,0.08399999886751175,0.08399999886751175,0.08399999886751175,0.08399999886751175,0
2022-04-19,0.07599999755620956,0.07999999821186066,0.07599999755620956,0.07999999821186066,0.07999999821186066,100000
2022-04-20,0.07599999755620956,0.07999999821186066,0.07599999755620956,0.08699999749660492,0.08699999749660492,59000
2022-04-21,0.08699999749660492,0.08699999749660492,0.08699999749660492,0.08699999749660492,0.08699999749660492,0
2022-04-22,0.0860000029206276,0.0860000029206276,0.08399999886751175,0.08399999886751175,0.08399999886751175,66000
2022-04-25,0.07599999755620956,0.07900000363588333,0.07599999755620956,0.07699999958276749,0.07699999958276749,400000
2022-04-26,0.07800000160932541,0.07800000160932541,0.07800000160932541,0.07800000160932541,0.07800000160932541,0
2022-04-27,0.07599999755620956,0.07599999755620956,0.07500000298023224,0.07400000095367432,0.07400000095367432,46000
2022-04-28,0.07400000095367432,0.0820000022649765,0.07400000095367432,0.08100000023841858,0.08100000023841858,575000
2022-04-29,0.07999999821186066,0.07999999821186066,0.07999999821186066,0.07999999821186066,0.07999999821186066,0
2022-05-03,0.07900000363588333,0.07900000363588333,0.07900000363588333,0.07900000363588333,0.07900000363588333,104000
2022-05-04,0.07999999821186066,0.0820000022649765,0.07800000160932541,0.0820000022649765,0.0820000022649765,278000
2022-05-05,0.08500000089406967,0.08500000089406967,0.08500000089406967,0.07900000363588333,0.07900000363588333,476000
2022-05-06,0.08399999886751175,0.08399999886751175,0.08100000023841858,0.08100000023841858,0.08100000023841858,5000
2022-05-10,0.08100000023841858,0.08100000023841858,0.08100000023841858,0.08100000023841858,0.08100000023841858,60000
2022-05-11,0.07999999821186066,0.07999999821186066,0.07999999821186066,0.07999999821186066,0.07999999821186066,101000
2022-05-12,0.08399999886751175,0.08100000023841858,0.08100000023841858,0.0820000022649765,0.0820000022649765,656000
2022-05-13,0.07699999958276749,0.07699999958276749,0.07699999958276749,0.07699999958276749,0.07699999958276749,0
2022-05-16,0.07699999958276749,0.0820000022649765,0.07699999958276749,0.07800000160932541,0.07800000160932541,262000
2022-05-17,0.08699999749660492,0.1850000023841858,0.08100000023841858,0.1550000011920929,0.1550000011920929,3532000
2022-05-18,0.8999999761581421,0.8999999761581421,0.17000000178813934,0.27000001072883606,0.27000001072883606,99195000
2022-05-19,0.25999999046325684,0.33500000834465027,0.19699999690055847,0.2370000034570694,0.2370000034570694,29775000
2022-05-20,0.23000000417232513,0.23999999463558197,0.20499999821186066,0.21299999952316284,0.21299999952316284,7494000
2022-05-23,0.20000000298023224,0.29499998688697815,0.1850000023841858,0.24300000071525574,0.24300000071525574,18222000
2022-05-24,0.24300000071525574,0.25999999046325684,0.22599999606609344,0.23000000417232513,0.23000000417232513,2831000
2022-05-25,0.23000000417232513,0.25,0.210999995470047,0.22599999606609344,0.22599999606609344,1926000
2022-05-26,0.2460000067949295,0.2460000067949295,0.20999999344348907,0.20999999344348907,0.20999999344348907,1202000
2022-05-27,0.20999999344348907,0.21699999272823334,0.20000000298023224,0.20800000429153442,0.20800000429153442,1279000
2022-05-30,0.20200000703334808,0.2150000035762787,0.18799999356269836,0.2150000035762787,0.2150000035762787,2361000
2022-05-31,0.21400000154972076,0.21400000154972076,0.18000000715255737,0.19699999690055847,0.19699999690055847,2067000
2022-06-01,0.18400000035762787,0.19200000166893005,0.18000000715255737,0.1860000044107437,0.1860000044107437,1268000
2022-06-02,0.1809999942779541,0.1850000023841858,0.17499999701976776,0.1850000023841858,0.1850000023841858,454000
2022-06-06,0.18000000715255737,0.19200000166893005,0.17000000178813934,0.1809999942779541,0.1809999942779541,709000
2022-06-07,0.1809999942779541,0.1809999942779541,0.16500000655651093,0.16599999368190765,0.16599999368190765,1406000
2022-06-08,0.16599999368190765,0.17499999701976776,0.16599999368190765,0.17299999296665192,0.17299999296665192,153000
2022-06-09,0.1720000058412552,0.17800000309944153,0.1720000058412552,0.17800000309944153,0.17800000309944153,175000
2022-06-10,0.17800000309944153,0.17800000309944153,0.15800000727176666,0.17599999904632568,0.17599999904632568,453000
2022-06-13,0.19499999284744263,0.19499999284744263,0.17000000178813934,0.17000000178813934,0.17000000178813934,201000
2022-06-14,0.16200000047683716,0.16500000655651093,0.1459999978542328,0.16500000655651093,0.16500000655651093,624000
2022-06-15,0.16500000655651093,0.16500000655651093,0.1550000011920929,0.16300000250339508,0.16300000250339508,47000
2022-06-16,0.1509999930858612,0.1599999964237213,0.15000000596046448,0.1550000011920929,0.1550000011920929,1072000
2022-06-17,0.14100000262260437,0.1550000011920929,0.13199999928474426,0.14100000262260437,0.14100000262260437,1319000
2022-06-20,0.14800000190734863,0.15000000596046448,0.14399999380111694,0.14900000393390656,0.14900000393390656,367000
2022-06-21,0.14900000393390656,0.1770000010728836,0.14900000393390656,0.17000000178813934,0.17000000178813934,460000
2022-06-22,0.1809999942779541,0.1809999942779541,0.1550000011920929,0.17000000178813934,0.17000000178813934,630000
2022-06-23,0.18299999833106995,0.18299999833106995,0.1679999977350235,0.1679999977350235,0.1679999977350235,99000
2022-06-24,0.1850000023841858,0.1850000023841858,0.13199999928474426,0.14399999380111694,0.14399999380111694,276000
2022-06-27,0.14800000190734863,0.15800000727176666,0.13500000536441803,0.15000000596046448,0.15000000596046448,581000
2022-06-28,0.15700000524520874,0.15800000727176666,0.15700000524520874,0.15399999916553497,0.15399999916553497,150000
2022-06-29,0.15299999713897705,0.15299999713897705,0.15299999713897705,0.15299999713897705,0.15299999713897705,30000
2022-06-30,0.15299999713897705,0.15299999713897705,0.14000000059604645,0.14900000393390656,0.14900000393390656,34000
2022-07-04,0.14900000393390656,0.14900000393390656,0.12999999523162842,0.13699999451637268,0.13699999451637268,82000
2022-07-05,0.1599999964237213,0.1599999964237213,0.13699999451637268,0.13699999451637268,0.13699999451637268,41000
2022-07-06,0.15700000524520874,0.15700000524520874,0.13099999725818634,0.13899999856948853,0.13899999856948853,138854
2022-07-07,0.15399999916553497,0.15399999916553497,0.12999999523162842,0.13500000536441803,0.13500000536441803,200000
2022-07-08,0.15199999511241913,0.15199999511241913,0.12999999523162842,0.12999999523162842,0.12999999523162842,14000
2022-07-11,0.13199999928474426,0.13300000131130219,0.13099999725818634,0.13300000131130219,0.13300000131130219,665000
2022-07-12,0.1340000033378601,0.1340000033378601,0.13300000131130219,0.13300000131130219,0.13300000131130219,532000
2022-07-13,0.13199999928474426,0.13199999928474426,0.11999999731779099,0.12600000202655792,0.12600000202655792,104000
2022-07-14,0.14499999582767487,0.14499999582767487,0.11500000208616257,0.12700000405311584,0.12700000405311584,159000
2022-07-15,0.12999999523162842,0.14100000262260437,0.1289999932050705,0.13500000536441803,0.13500000536441803,655000
2022-07-18,0.13899999856948853,0.13899999856948853,0.13899999856948853,0.13899999856948853,0.13899999856948853,0
2022-07-19,0.12600000202655792,0.12600000202655792,0.12600000202655792,0.13699999451637268,0.13699999451637268,1000
2022-07-20,0.11599999666213989,0.13500000536441803,0.11599999666213989,0.12399999797344208,0.12399999797344208,307000
2022-07-21,0.13699999451637268,0.12999999523162842,0.11999999731779099,0.11999999731779099,0.11999999731779099,177000
2022-07-22,0.13600000739097595,0.13899999856948853,0.125,0.13500000536441803,0.13500000536441803,529000
2022-07-25,0.12999999523162842,0.13500000536441803,0.12999999523162842,0.13899999856948853,0.13899999856948853,60000
2022-07-26,0.13500000536441803,0.14300000667572021,0.13500000536441803,0.13500000536441803,0.13500000536441803,450000
2022-07-27,0.14000000059604645,0.17299999296665192,0.14000000059604645,0.16300000250339508,0.16300000250339508,1595000
2022-07-28,0.1509999930858612,0.18000000715255737,0.14800000190734863,0.15399999916553497,0.15399999916553497,1114000
2022-07-29,0.15399999916553497,0.15399999916553497,0.14800000190734863,0.14900000393390656,0.14900000393390656,168000
2022-08-01,0.14800000190734863,0.14800000190734863,0.14800000190734863,0.14800000190734863,0.14800000190734863,0
2022-08-02,0.14800000190734863,0.17299999296665192,0.14800000190734863,0.15800000727176666,0.15800000727176666,84000
2022-08-03,0.13300000131130219,0.16099999845027924,0.13300000131130219,0.1599999964237213,0.1599999964237213,40000
2022-08-04,0.18000000715255737,0.18000000715255737,0.14300000667572021,0.1550000011920929,0.1550000011920929,122000
2022-08-05,0.1379999965429306,0.1420000046491623,0.1289999932050705,0.13500000536441803,0.13500000536441803,1669027
2022-08-08,0.13600000739097595,0.15399999916553497,0.1340000033378601,0.13699999451637268,0.13699999451637268,132000
2022-08-09,0.13699999451637268,0.15000000596046448,0.13699999451637268,0.1459999978542328,0.1459999978542328,246000
2022-08-10,0.14499999582767487,0.14499999582767487,0.14499999582767487,0.14499999582767487,0.14499999582767487,0
2022-08-11,0.14900000393390656,0.14900000393390656,0.13199999928474426,0.14000000059604645,0.14000000059604645,202000
2022-08-12,0.14000000059604645,0.14100000262260437,0.1379999965429306,0.13699999451637268,0.13699999451637268,130000
2022-08-15,0.1379999965429306,0.1379999965429306,0.1379999965429306,0.1379999965429306,0.1379999965429306,0
2022-08-16,0.1459999978542328,0.1459999978542328,0.1289999932050705,0.12999999523162842,0.12999999523162842,220000
2022-08-17,0.12999999523162842,0.1379999965429306,0.12999999523162842,0.12999999523162842,0.12999999523162842,85000
2022-08-18,0.1379999965429306,0.1379999965429306,0.12300000339746475,0.13199999928474426,0.13199999928474426,318000
2022-08-19,0.13199999928474426,0.13199999928474426,0.13199999928474426,0.13199999928474426,0.13199999928474426,0
2022-08-22,0.13099999725818634,0.16500000655651093,0.13099999725818634,0.1550000011920929,0.1550000011920929,9792000
2022-08-23,0.15199999511241913,0.16300000250339508,0.14499999582767487,0.15199999511241913,0.15199999511241913,1361000
2022-08-24,0.15399999916553497,0.15399999916553497,0.14000000059604645,0.1509999930858612,0.1509999930858612,934000
2022-08-25,0.16200000047683716,0.16200000047683716,0.13500000536441803,0.14800000190734863,0.14800000190734863,541000
2022-08-26,0.14000000059604645,0.1420000046491623,0.12999999523162842,0.13099999725818634,0.13099999725818634,1673000
2022-08-29,0.13199999928474426,0.1340000033378601,0.11999999731779099,0.12200000137090683,0.12200000137090683,1009000
2022-08-30,0.11999999731779099,0.13500000536441803,0.11999999731779099,0.13300000131130219,0.13300000131130219,498000
2022-08-31,0.12099999934434891,0.12099999934434891,0.10999999940395355,0.11100000143051147,0.11100000143051147,4590000
2022-09-01,0.11100000143051147,0.11100000143051147,0.11100000143051147,0.11100000143051147,0.11100000143051147,0
2022-09-02,0.11500000208616257,0.11500000208616257,0.09700000286102295,0.10000000149011612,0.10000000149011612,3099000
2022-09-05,0.0989999994635582,0.0989999994635582,0.0860000029206276,0.09399999678134918,0.09399999678134918,3563000
2022-09-06,0.08699999749660492,0.08900000154972076,0.0820000022649765,0.08699999749660492,0.08699999749660492,4907000
2022-09-07,0.08299999684095383,0.09399999678134918,0.07900000363588333,0.09399999678134918,0.09399999678134918,2661000
2022-09-08,0.10499999672174454,0.09799999743700027,0.08699999749660492,0.09799999743700027,0.09799999743700027,763000
2022-09-09,0.10300000011920929,0.09799999743700027,0.08500000089406967,0.09399999678134918,0.09399999678134918,1472000
2022-09-13,0.09300000220537186,0.09300000220537186,0.0860000029206276,0.08799999952316284,0.08799999952316284,758000
2022-09-14,0.08699999749660492,0.08799999952316284,0.08699999749660492,0.09099999815225601,0.09099999815225601,91000
2022-09-15,0.10199999809265137,0.10599999874830246,0.0860000029206276,0.0860000029206276,0.0860000029206276,349000
2022-09-16,0.0860000029206276,0.09200000017881393,0.0860000029206276,0.08799999952316284,0.08799999952316284,360000
2022-09-19,0.09200000017881393,0.09399999678134918,0.09099999815225601,0.09200000017881393,0.09200000017881393,257000
2022-09-20,0.09600000083446503,0.09600000083446503,0.08500000089406967,0.0860000029206276,0.0860000029206276,812000
2022-09-21,0.09200000017881393,0.09200000017881393,0.09000000357627869,0.09000000357627869,0.09000000357627869,110000
2022-09-22,0.0860000029206276,0.08699999749660492,0.08100000023841858,0.08900000154972076,0.08900000154972076,998000
2022-09-23,0.09000000357627869,0.09300000220537186,0.08299999684095383,0.08299999684095383,0.08299999684095383,788000
2022-09-26,0.08799999952316284,0.09300000220537186,0.08299999684095383,0.08299999684095383,0.08299999684095383,1000
2022-09-27,0.09099999815225601,0.09099999815225601,0.08799999952316284,0.08799999952316284,0.08799999952316284,90000
2022-09-28,0.08500000089406967,0.08500000089406967,0.07999999821186066,0.07999999821186066,0.07999999821186066,786000
2022-09-29,0.08100000023841858,0.08100000023841858,0.08100000023841858,0.08399999886751175,0.08399999886751175,688000
2022-09-30,0.08399999886751175,0.08699999749660492,0.0820000022649765,0.0820000022649765,0.0820000022649765,407000
2022-10-03,0.07999999821186066,0.08299999684095383,0.0729999989271164,0.07900000363588333,0.07900000363588333,746000
2022-10-05,0.0860000029206276,0.0860000029206276,0.07999999821186066,0.07999999821186066,0.07999999821186066,345000
2022-10-06,0.07999999821186066,0.07999999821186066,0.07999999821186066,0.07999999821186066,0.07999999821186066,0
2022-10-07,0.08500000089406967,0.08500000089406967,0.08500000089406967,0.08500000089406967,0.08500000089406967,19000
2022-10-10,0.08699999749660492,0.08699999749660492,0.08699999749660492,0.08699999749660492,0.08699999749660492,0
2022-10-11,0.08699999749660492,0.08699999749660492,0.08699999749660492,0.08699999749660492,0.08699999749660492,0
2022-10-12,0.07900000363588333,0.08699999749660492,0.07999999821186066,0.08699999749660492,0.08699999749660492,498000
2022-10-13,0.08399999886751175,0.08399999886751175,0.07500000298023224,0.07599999755620956,0.07599999755620956,40000
2022-10-14,0.08299999684095383,0.0860000029206276,0.07800000160932541,0.08399999886751175,0.08399999886751175,151000
2022-10-17,0.08799999952316284,0.08799999952316284,0.08799999952316284,0.08799999952316284,0.08799999952316284,2000
2022-10-18,0.07800000160932541,0.0820000022649765,0.07500000298023224,0.0820000022649765,0.0820000022649765,405000
2022-10-19,0.08299999684095383,0.08299999684095383,0.08299999684095383,0.08299999684095383,0.08299999684095383,10000
2022-10-20,0.08299999684095383,0.08299999684095383,0.08299999684095383,0.08299999684095383,0.08299999684095383,0
2022-10-21,0.07800000160932541,0.07800000160932541,0.07199999690055847,0.07400000095367432,0.07400000095367432,277000
2022-10-24,0.07199999690055847,0.07800000160932541,0.07199999690055847,0.07500000298023224,0.07500000298023224,286000
2022-10-25,0.07400000095367432,0.07400000095367432,0.07400000095367432,0.07400000095367432,0.07400000095367432,0
2022-10-26,0.07800000160932541,0.07800000160932541,0.07000000029802322,0.07599999755620956,0.07599999755620956,92000
2022-10-27,0.07599999755620956,0.07999999821186066,0.06800000369548798,0.0729999989271164,0.0729999989271164,543000
2022-10-28,0.0729999989271164,0.0729999989271164,0.0729999989271164,0.0729999989271164,0.0729999989271164,0
2022-10-31,0.0729999989271164,0.0729999989271164,0.06300000101327896,0.06300000101327896,0.06300000101327896,405000
2022-11-01,0.06499999761581421,0.06599999964237213,0.06499999761581421,0.06599999964237213,0.06599999964237213,41000
2022-11-02,0.07500000298023224,0.07500000298023224,0.07400000095367432,0.07400000095367432,0.07400000095367432,113000
2022-11-03,0.07999999821186066,0.07999999821186066,0.07999999821186066,0.07900000363588333,0.07900000363588333,150000
2022-11-04,0.07000000029802322,0.07999999821186066,0.07000000029802322,0.07900000363588333,0.07900000363588333,183000
2022-11-07,0.07900000363588333,0.08799999952316284,0.07900000363588333,0.0820000022649765,0.0820000022649765,173000
2022-11-08,0.0820000022649765,0.0820000022649765,0.0820000022649765,0.0820000022649765,0.0820000022649765,0
2022-11-09,0.0820000022649765,0.0820000022649765,0.0820000022649765,0.0820000022649765,0.0820000022649765,0
2022-11-10,0.07800000160932541,0.07800000160932541,0.07699999958276749,0.07699999958276749,0.07699999958276749,480000
2022-11-11,0.07900000363588333,0.07999999821186066,0.07500000298023224,0.07699999958276749,0.07699999958276749,702000
2022-11-14,0.07699999958276749,0.07699999958276749,0.07699999958276749,0.07699999958276749,0.07699999958276749,0
2022-11-15,0.07100000232458115,0.0729999989271164,0.07000000029802322,0.07999999821186066,0.07999999821186066,827000
2022-11-16,0.07100000232458115,0.07900000363588333,0.07100000232458115,0.07900000363588333,0.07900000363588333,444000
2022-11-17,0.07900000363588333,0.07900000363588333,0.07900000363588333,0.07900000363588333,0.07900000363588333,0
2022-11-18,0.08699999749660492,0.08699999749660492,0.08699999749660492,0.08699999749660492,0.08699999749660492,0
2022-11-21,0.08699999749660492,0.08699999749660492,0.08699999749660492,0.08699999749660492,0.08699999749660492,0
2022-11-22,0.07800000160932541,0.07800000160932541,0.07800000160932541,0.07800000160932541,0.07800000160932541,0
2022-11-23,0.07699999958276749,0.07699999958276749,0.07100000232458115,0.07400000095367432,0.07400000095367432,38000
2022-11-24,0.07199999690055847,0.07199999690055847,0.07199999690055847,0.07599999755620956,0.07599999755620956,21000
2022-11-25,0.09000000357627869,0.09000000357627869,0.09000000357627869,0.07199999690055847,0.07199999690055847,5000
2022-11-28,0.07199999690055847,0.07199999690055847,0.07199999690055847,0.07199999690055847,0.07199999690055847,0
2022-11-29,0.07199999690055847,0.0729999989271164,0.07199999690055847,0.0729999989271164,0.0729999989271164,32000
2022-11-30,0.0860000029206276,0.0860000029206276,0.0860000029206276,0.0860000029206276,0.0860000029206276,0
2022-12-01,0.09000000357627869,0.09000000357627869,0.0820000022649765,0.0820000022649765,0.0820000022649765,440000
2022-12-02,0.0820000022649765,0.08699999749660492,0.0820000022649765,0.08699999749660492,0.08699999749660492,115000
2022-12-05,0.07800000160932541,0.07800000160932541,0.07800000160932541,0.07800000160932541,0.07800000160932541,0
2022-12-06,0.08500000089406967,0.08500000089406967,0.08500000089406967,0.08500000089406967,0.08500000089406967,0
2022-12-07,0.08500000089406967,0.08500000089406967,0.08500000089406967,0.08500000089406967,0.08500000089406967,0
2022-12-08,0.08500000089406967,0.08500000089406967,0.08500000089406967,0.08500000089406967,0.08500000089406967,0
2022-12-09,0.08399999886751175,0.0860000029206276,0.08399999886751175,0.0860000029206276,0.0860000029206276,111000
2022-12-12,0.08699999749660492,0.08900000154972076,0.08699999749660492,0.08900000154972076,0.08900000154972076,183000
2022-12-13,0.08900000154972076,0.08900000154972076,0.08900000154972076,0.08900000154972076,0.08900000154972076,0
2022-12-14,0.08399999886751175,0.08399999886751175,0.08399999886751175,0.08799999952316284,0.08799999952316284,1000
2022-12-15,0.08299999684095383,0.09200000017881393,0.08299999684095383,0.09000000357627869,0.09000000357627869,1741000
2022-12-16,0.09200000017881393,0.11699999868869781,0.09200000017881393,0.10100000351667404,0.10100000351667404,1424000
2022-12-19,0.10100000351667404,0.10400000214576721,0.07999999821186066,0.10000000149011612,0.10000000149011612,1241000
2022-12-20,0.08699999749660492,0.0989999994635582,0.0860000029206276,0.08799999952316284,0.08799999952316284,924000
2022-12-21,0.08900000154972076,0.08799999952316284,0.08799999952316284,0.09099999815225601,0.09099999815225601,155000
2022-12-22,0.0949999988079071,0.08799999952316284,0.08799999952316284,0.09300000220537186,0.09300000220537186,1000
2022-12-23,0.08299999684095383,0.08799999952316284,0.08299999684095383,0.08299999684095383,0.08299999684095383,112000
2022-12-28,0.08500000089406967,0.08500000089406967,0.07999999821186066,0.08500000089406967,0.08500000089406967,318000
2022-12-29,0.07500000298023224,0.07999999821186066,0.0729999989271164,0.08500000089406967,0.08500000089406967,321000
2022-12-30,0.08500000089406967,0.08500000089406967,0.08500000089406967,0.08299999684095383,0.08299999684095383,80000
2023-01-03,0.0860000029206276,0.0860000029206276,0.0860000029206276,0.0860000029206276,0.0860000029206276,0
2023-01-04,0.08699999749660492,0.08100000023841858,0.07500000298023224,0.07999999821186066,0.07999999821186066,209000
2023-01-05,0.08399999886751175,0.09099999815225601,0.08399999886751175,0.09099999815225601,0.09099999815225601,673000
2023-01-06,0.0820000022649765,0.0860000029206276,0.08100000023841858,0.0860000029206276,0.0860000029206276,271000
2023-01-09,0.0860000029206276,0.0860000029206276,0.0860000029206276,0.0860000029206276,0.0860000029206276,280000
2023-01-10,0.09099999815225601,0.09099999815225601,0.09099999815225601,0.09099999815225601,0.09099999815225601,1000
2023-01-11,0.09099999815225601,0.09099999815225601,0.09099999815225601,0.09099999815225601,0.09099999815225601,0
2023-01-12,0.0949999988079071,0.0949999988079071,0.0949999988079071,0.0949999988079071,0.0949999988079071,0
2023-01-13,0.0949999988079071,0.0949999988079071,0.0949999988079071,0.09300000220537186,0.09300000220537186,24000
2023-01-16,0.08399999886751175,0.0949999988079071,0.0949999988079071,0.08399999886751175,0.08399999886751175,1000
2023-01-17,0.08500000089406967,0.08500000089406967,0.08500000089406967,0.08500000089406967,0.08500000089406967,0
2023-01-18,0.07800000160932541,0.08799999952316284,0.07800000160932541,0.0860000029206276,0.0860000029206276,7000
2023-01-19,0.07999999821186066,0.08299999684095383,0.07999999821186066,0.08299999684095383,0.08299999684095383,588000
2023-01-20,0.0860000029206276,0.0860000029206276,0.0860000029206276,0.0860000029206276,0.0860000029206276,0
2023-01-26,0.08399999886751175,0.09799999743700027,0.07999999821186066,0.08399999886751175,0.08399999886751175,471000
2023-01-27,0.08900000154972076,0.08900000154972076,0.08900000154972076,0.08100000023841858,0.08100000023841858,1000
2023-01-30,0.07900000363588333,0.0820000022649765,0.07900000363588333,0.0820000022649765,0.0820000022649765,72000
2023-01-31,0.08299999684095383,0.08299999684095383,0.08299999684095383,0.08299999684095383,0.08299999684095383,0
2023-02-01,0.09000000357627869,0.09000000357627869,0.08500000089406967,0.08500000089406967,0.08500000089406967,15000
2023-02-02,0.08900000154972076,0.09600000083446503,0.08799999952316284,0.08799999952316284,0.08799999952316284,652000
2023-02-03,0.08900000154972076,0.0949999988079071,0.08900000154972076,0.09300000220537186,0.09300000220537186,51000
2023-02-06,0.09300000220537186,0.09799999743700027,0.09099999815225601,0.09700000286102295,0.09700000286102295,739000
2023-02-07,0.09700000286102295,0.09700000286102295,0.09700000286102295,0.09700000286102295,0.09700000286102295,0
2023-02-08,0.09200000017881393,0.0949999988079071,0.09000000357627869,0.0949999988079071,0.0949999988079071,220000
2023-02-09,0.0949999988079071,0.0949999988079071,0.09399999678134918,0.09399999678134918,0.09399999678134918,202000
2023-02-10,0.09399999678134918,0.09399999678134918,0.09399999678134918,0.09399999678134918,0.09399999678134918,0
2023-02-13,0.09399999678134918,0.09000000357627869,0.0820000022649765,0.09200000017881393,0.09200000017881393,502000
2023-02-14,0.09200000017881393,0.09200000017881393,0.09200000017881393,0.09200000017881393,0.09200000017881393,0
2023-02-15,0.09200000017881393,0.09200000017881393,0.09200000017881393,0.09200000017881393,0.09200000017881393,0
2023-02-16,0.09000000357627869,0.09000000357627869,0.09000000357627869,0.09000000357627869,0.09000000357627869,0
2023-02-17,0.08399999886751175,0.08399999886751175,0.08399999886751175,0.08699999749660492,0.08699999749660492,16000
2023-02-20,0.08699999749660492,0.09200000017881393,0.08399999886751175,0.08500000089406967,0.08500000089406967,87000
2023-02-21,0.08500000089406967,0.08500000089406967,0.08500000089406967,0.08500000089406967,0.08500000089406967,129000
2023-02-22,0.09000000357627869,0.09000000357627869,0.09000000357627869,0.09000000357627869,0.09000000357627869,0
2023-02-23,0.08399999886751175,0.09099999815225601,0.08399999886751175,0.08900000154972076,0.08900000154972076,45000
2023-02-24,0.08299999684095383,0.08299999684095383,0.08299999684095383,0.08500000089406967,0.08500000089406967,101000
2023-02-27,0.09200000017881393,0.09200000017881393,0.08500000089406967,0.08500000089406967,0.08500000089406967,35000
2023-02-28,0.08399999886751175,0.08399999886751175,0.08299999684095383,0.08399999886751175,0.08399999886751175,328000
2023-03-01,0.08399999886751175,0.08399999886751175,0.08399999886751175,0.08399999886751175,0.08399999886751175,0
2023-03-02,0.08500000089406967,0.08500000089406967,0.08500000089406967,0.08500000089406967,0.08500000089406967,0
2023-03-03,0.08299999684095383,0.08500000089406967,0.07500000298023224,0.08500000089406967,0.08500000089406967,1181000
2023-03-06,0.08500000089406967,0.0860000029206276,0.08500000089406967,0.08500000089406967,0.08500000089406967,203000
2023-03-07,0.08500000089406967,0.08500000089406967,0.08500000089406967,0.08500000089406967,0.08500000089406967,0
2023-03-08,0.08500000089406967,0.08500000089406967,0.08399999886751175,0.08399999886751175,0.08399999886751175,185000
2023-03-09,0.08399999886751175,0.0860000029206276,0.08399999886751175,0.0860000029206276,0.0860000029206276,608000
2023-03-10,0.08699999749660492,0.2150000035762787,0.08699999749660492,0.1599999964237213,0.1599999964237213,115746100
2023-03-13,0.1599999964237213,0.16699999570846558,0.1120000034570694,0.12200000137090683,0.12200000137090683,21061000
2023-03-14,0.12999999523162842,0.16599999368190765,0.11999999731779099,0.15000000596046448,0.15000000596046448,19332000
2023-03-15,0.1469999998807907,0.18299999833106995,0.13500000536441803,0.1550000011920929,0.1550000011920929,17210000
2023-03-16,0.1599999964237213,0.16500000655651093,0.12600000202655792,0.13099999725818634,0.13099999725818634,3298000
2023-03-17,0.14399999380111694,0.15000000596046448,0.1340000033378601,0.14900000393390656,0.14900000393390656,1079000
2023-03-20,0.16300000250339508,0.16300000250339508,0.12800000607967377,0.14000000059604645,0.14000000059604645,260000
2023-03-21,0.14000000059604645,0.14800000190734863,0.1289999932050705,0.13699999451637268,0.13699999451637268,1359000
2023-03-22,0.14499999582767487,0.14499999582767487,0.12600000202655792,0.13500000536441803,0.13500000536441803,124000
2023-03-23,0.13199999928474426,0.1420000046491623,0.1120000034570694,0.12600000202655792,0.12600000202655792,2991000
2023-03-24,0.12600000202655792,0.12999999523162842,0.125,0.12600000202655792,0.12600000202655792,145000
2023-03-27,0.13500000536441803,0.13500000536441803,0.13500000536441803,0.13500000536441803,0.13500000536441803,0
2023-03-28,0.11299999803304672,0.14100000262260437,0.11299999803304672,0.125,0.125,103000
2023-03-29,0.15000000596046448,0.15000000596046448,0.11999999731779099,0.1340000033378601,0.1340000033378601,60000
2023-03-30,0.1340000033378601,0.1340000033378601,0.1340000033378601,0.1340000033378601,0.1340000033378601,0
2023-03-31,0.13699999451637268,0.13699999451637268,0.11999999731779099,0.12999999523162842,0.12999999523162842,134000
2023-04-03,0.12099999934434891,0.13099999725818634,0.11100000143051147,0.12600000202655792,0.12600000202655792,591000
2023-04-04,0.13500000536441803,0.13500000536441803,0.11800000071525574,0.12700000405311584,0.12700000405311584,194000
2023-04-06,0.12399999797344208,0.13500000536441803,0.11900000274181366,0.12099999934434891,0.12099999934434891,377000
2023-04-11,0.11999999731779099,0.14000000059604645,0.11599999666213989,0.11699999868869781,0.11699999868869781,555000
2023-04-12,0.11900000274181366,0.12999999523162842,0.11400000005960464,0.11999999731779099,0.11999999731779099,357000
2023-04-13,0.12399999797344208,0.12399999797344208,0.12399999797344208,0.12399999797344208,0.12399999797344208,0
2023-04-14,0.11800000071525574,0.12600000202655792,0.11800000071525574,0.12399999797344208,0.12399999797344208,607000
2023-04-17,0.12099999934434891,0.12999999523162842,0.12099999934434891,0.12999999523162842,0.12999999523162842,288000
2023-04-18,0.13600000739097595,0.13600000739097595,0.11100000143051147,0.12700000405311584,0.12700000405311584,119000
2023-04-19,0.1289999932050705,0.12800000607967377,0.11999999731779099,0.12700000405311584,0.12700000405311584,124000
2023-04-20,0.12700000405311584,0.13500000536441803,0.11999999731779099,0.12700000405311584,0.12700000405311584,270000
2023-04-21,0.14000000059604645,0.14000000059604645,0.11599999666213989,0.11999999731779099,0.11999999731779099,467000
2023-04-24,0.11999999731779099,0.11999999731779099,0.11999999731779099,0.11999999731779099,0.11999999731779099,0
2023-04-25,0.11299999803304672,0.12600000202655792,0.10999999940395355,0.12300000339746475,0.12300000339746475,156000
2023-04-26,0.12300000339746475,0.1289999932050705,0.12300000339746475,0.12600000202655792,0.12600000202655792,9000
2023-04-27,0.13600000739097595,0.13600000739097595,0.11500000208616257,0.12399999797344208,0.12399999797344208,161000
2023-04-28,0.13500000536441803,0.13500000536441803,0.1289999932050705,0.12800000607967377,0.12800000607967377,6000
2023-05-02,0.12800000607967377,0.12800000607967377,0.11500000208616257,0.12099999934434891,0.12099999934434891,240000
2023-05-03,0.12099999934434891,0.12999999523162842,0.11999999731779099,0.11999999731779099,0.11999999731779099,65000
2023-05-04,0.12800000607967377,0.12800000607967377,0.10999999940395355,0.11299999803304672,0.11299999803304672,69000
2023-05-05,0.11999999731779099,0.12099999934434891,0.1120000034570694,0.11999999731779099,0.11999999731779099,34000
2023-05-08,0.12700000405311584,0.12700000405311584,0.12700000405311584,0.11999999731779099,0.11999999731779099,1000
2023-05-09,0.11100000143051147,0.13099999725818634,0.10999999940395355,0.12700000405311584,0.12700000405311584,134000
2023-05-10,0.12700000405311584,0.12700000405311584,0.12700000405311584,0.12700000405311584,0.12700000405311584,0
2023-05-11,0.13099999725818634,0.13600000739097595,0.1289999932050705,0.12600000202655792,0.12600000202655792,364000
2023-05-12,0.12399999797344208,0.12399999797344208,0.12399999797344208,0.12399999797344208,0.12399999797344208,0
2023-05-15,0.11999999731779099,0.125,0.11999999731779099,0.12399999797344208,0.12399999797344208,18000
2023-05-16,0.12800000607967377,0.12800000607967377,0.11400000005960464,0.12200000137090683,0.12200000137090683,111000
2023-05-17,0.125,0.125,0.125,0.125,0.125,0
2023-05-18,0.1120000034570694,0.11999999731779099,0.10499999672174454,0.11999999731779099,0.11999999731779099,254000
2023-05-19,0.10499999672174454,0.1289999932050705,0.10499999672174454,0.10899999737739563,0.10899999737739563,588000
2023-05-22,0.10899999737739563,0.12800000607967377,0.1080000028014183,0.11800000071525574,0.11800000071525574,372000
2023-05-23,0.11800000071525574,0.11800000071525574,0.11800000071525574,0.11800000071525574,0.11800000071525574,0
2023-05-24,0.11699999868869781,0.11699999868869781,0.11699999868869781,0.11699999868869781,0.11699999868869781,0
2023-05-25,0.11699999868869781,0.11699999868869781,0.10999999940395355,0.11500000208616257,0.11500000208616257,479000
2023-05-29,0.10899999737739563,0.10899999737739563,0.10899999737739563,0.11599999666213989,0.11599999666213989,98000
2023-05-30,0.11500000208616257,0.11500000208616257,0.11500000208616257,0.11500000208616257,0.11500000208616257,0
2023-05-31,0.11500000208616257,0.11900000274181366,0.10899999737739563,0.11800000071525574,0.11800000071525574,396000
2023-06-01,0.10599999874830246,0.11299999803304672,0.10199999809265137,0.11299999803304672,0.11299999803304672,91000
2023-06-02,0.11299999803304672,0.13099999725818634,0.1080000028014183,0.11599999666213989,0.11599999666213989,55000
2023-06-05,0.13300000131130219,0.13300000131130219,0.1080000028014183,0.11500000208616257,0.11500000208616257,59000
2023-06-06,0.11599999666213989,0.12700000405311584,0.11500000208616257,0.11500000208616257,0.11500000208616257,168000
2023-06-07,0.12700000405311584,0.12800000607967377,0.12700000405311584,0.12700000405311584,0.12700000405311584,3000
2023-06-08,0.12300000339746475,0.12300000339746475,0.12300000339746475,0.12300000339746475,0.12300000339746475,0
2023-06-09,0.11800000071525574,0.12700000405311584,0.11500000208616257,0.125,0.125,609000
2023-06-12,0.13199999928474426,0.13199999928474426,0.12600000202655792,0.12600000202655792,0.12600000202655792,3000
2023-06-13,0.12600000202655792,0.12600000202655792,0.12600000202655792,0.12600000202655792,0.12600000202655792,0
2023-06-14,0.12600000202655792,0.12600000202655792,0.12600000202655792,0.12600000202655792,0.12600000202655792,0
2023-06-15,0.12600000202655792,0.12600000202655792,0.12600000202655792,0.12600000202655792,0.12600000202655792,0
2023-06-16,0.10999999940395355,0.12800000607967377,0.09799999743700027,0.10999999940395355,0.10999999940395355,3232000
2023-06-19,0.10999999940395355,0.10999999940395355,0.10300000011920929,0.10999999940395355,0.10999999940395355,268000
2023-06-20,0.10100000351667404,0.11699999868869781,0.10100000351667404,0.11299999803304672,0.11299999803304672,148000
2023-06-21,0.11299999803304672,0.11299999803304672,0.11299999803304672,0.11299999803304672,0.11299999803304672,0
2023-06-23,0.11100000143051147,0.11100000143051147,0.11100000143051147,0.11100000143051147,0.11100000143051147,0
2023-06-26,0.10300000011920929,0.1080000028014183,0.09300000220537186,0.09700000286102295,0.09700000286102295,1163000
2023-06-27,0.09099999815225601,0.10000000149011612,0.08699999749660492,0.09799999743700027,0.09799999743700027,474000
2023-06-28,0.0949999988079071,0.0949999988079071,0.0949999988079071,0.0949999988079071,0.0949999988079071,52000
2023-06-29,0.0949999988079071,0.0949999988079071,0.07900000363588333,0.07900000363588333,0.07900000363588333,2682000
2023-06-30,0.07999999821186066,0.08399999886751175,0.07999999821186066,0.08399999886751175,0.08399999886751175,407000
2023-07-03,0.08500000089406967,0.0860000029206276,0.08500000089406967,0.08500000089406967,0.08500000089406967,195000
2023-07-04,0.08500000089406967,0.08500000089406967,0.08500000089406967,0.08500000089406967,0.08500000089406967,233000
2023-07-05,0.08399999886751175,0.08500000089406967,0.0820000022649765,0.0860000029206276,0.0860000029206276,411000
2023-07-06,0.08500000089406967,0.09099999815225601,0.07699999958276749,0.08100000023841858,0.08100000023841858,917000
2023-07-07,0.07900000363588333,0.08799999952316284,0.07699999958276749,0.07900000363588333,0.07900000363588333,1083000
2023-07-10,0.07999999821186066,0.07999999821186066,0.0689999982714653,0.07199999690055847,0.07199999690055847,1822000
2023-07-11,0.07500000298023224,0.07500000298023224,0.07500000298023224,0.07500000298023224,0.07500000298023224,2000
2023-07-12,0.07500000298023224,0.07500000298023224,0.07500000298023224,0.07500000298023224,0.07500000298023224,0
2023-07-13,0.07800000160932541,0.07800000160932541,0.07699999958276749,0.07699999958276749,0.07699999958276749,112000
2023-07-14,0.07500000298023224,0.07500000298023224,0.07500000298023224,0.07500000298023224,0.07500000298023224,0
2023-07-18,0.07599999755620956,0.07599999755620956,0.07599999755620956,0.07599999755620956,0.07599999755620956,6000
2023-07-19,0.07699999958276749,0.07699999958276749,0.07599999755620956,0.07699999958276749,0.07699999958276749,48000
2023-07-20,0.07500000298023224,0.07699999958276749,0.07400000095367432,0.07400000095367432,0.07400000095367432,111000
2023-07-21,0.07500000298023224,0.07500000298023224,0.07500000298023224,0.07500000298023224,0.07500000298023224,444000
2023-07-24,0.08299999684095383,0.08399999886751175,0.08299999684095383,0.08299999684095383,0.08299999684095383,140000
2023-07-25,0.08100000023841858,0.08100000023841858,0.08100000023841858,0.08100000023841858,0.08100000023841858,0
2023-07-26,0.0820000022649765,0.0820000022649765,0.07500000298023224,0.07500000298023224,0.07500000298023224,4000
2023-07-27,0.08299999684095383,0.07400000095367432,0.06599999964237213,0.0689999982714653,0.0689999982714653,2356000
2023-07-28,0.07199999690055847,0.07199999690055847,0.07199999690055847,0.07199999690055847,0.07199999690055847,100000
2023-07-31,0.07100000232458115,0.0729999989271164,0.07000000029802322,0.0729999989271164,0.0729999989271164,730000
2023-08-01,0.0729999989271164,0.0729999989271164,0.0729999989271164,0.0729999989271164,0.0729999989271164,0
2023-08-02,0.07100000232458115,0.07100000232458115,0.07100000232458115,0.07100000232458115,0.07100000232458115,106000
2023-08-03,0.07000000029802322,0.07699999958276749,0.06599999964237213,0.06700000166893005,0.06700000166893005,144000
2023-08-04,0.06800000369548798,0.06800000369548798,0.06800000369548798,0.06800000369548798,0.06800000369548798,0
2023-08-07,0.07000000029802322,0.07000000029802322,0.07000000029802322,0.07000000029802322,0.07000000029802322,8000
2023-08-08,0.07000000029802322,0.07000000029802322,0.07000000029802322,0.07000000029802322,0.07000000029802322,0
2023-08-09,0.07500000298023224,0.07500000298023224,0.06499999761581421,0.07199999690055847,0.07199999690055847,128000
2023-08-10,0.07100000232458115,0.07100000232458115,0.07100000232458115,0.07000000029802322,0.07000000029802322,89000
2023-08-11,0.07100000232458115,0.07100000232458115,0.06800000369548798,0.0689999982714653,0.0689999982714653,271000
2023-08-14,0.061000000685453415,0.0820000022649765,0.061000000685453415,0.06599999964237213,0.06599999964237213,716000
2023-08-15,0.06499999761581421,0.06499999761581421,0.06499999761581421,0.06499999761581421,0.06499999761581421,18000
2023-08-16,0.06499999761581421,0.06499999761581421,0.06499999761581421,0.06499999761581421,0.06499999761581421,0
2023-08-17,0.06400000303983688,0.06400000303983688,0.06400000303983688,0.06400000303983688,0.06400000303983688,0
2023-08-18,0.06400000303983688,0.07400000095367432,0.0729999989271164,0.06599999964237213,0.06599999964237213,10000
2023-08-21,0.06599999964237213,0.06599999964237213,0.06599999964237213,0.06599999964237213,0.06599999964237213,947000
2023-08-22,0.06599999964237213,0.06599999964237213,0.06599999964237213,0.06599999964237213,0.06599999964237213,139000
2023-08-23,0.061000000685453415,0.06499999761581421,0.05700000002980232,0.05999999865889549,0.05999999865889549,1406000
2023-08-24,0.06800000369548798,0.06800000369548798,0.05299999937415123,0.05999999865889549,0.05999999865889549,309000
2023-08-25,0.05999999865889549,0.06400000303983688,0.05999999865889549,0.05999999865889549,0.05999999865889549,46000
2023-08-28,0.05999999865889549,0.05999999865889549,0.05999999865889549,0.05999999865889549,0.05999999865889549,0
2023-08-29,0.05999999865889549,0.05999999865889549,0.05999999865889549,0.05999999865889549,0.05999999865889549,0
2023-08-30,0.061000000685453415,0.06499999761581421,0.05999999865889549,0.05999999865889549,0.05999999865889549,275000
2023-08-31,0.061000000685453415,0.07199999690055847,0.05999999865889549,0.061000000685453415,0.061000000685453415,39000
2023-09-04,0.061000000685453415,0.061000000685453415,0.061000000685453415,0.061000000685453415,0.061000000685453415,0
2023-09-05,0.061000000685453415,0.061000000685453415,0.061000000685453415,0.061000000685453415,0.061000000685453415,0
2023-09-06,0.0560000017285347,0.07000000029802322,0.0560000017285347,0.06800000369548798,0.06800000369548798,17000
2023-09-07,0.06800000369548798,0.0689999982714653,0.06800000369548798,0.0689999982714653,0.0689999982714653,73000
2023-09-11,0.07000000029802322,0.07000000029802322,0.06800000369548798,0.06800000369548798,0.06800000369548798,76000
2023-09-12,0.0560000017285347,0.0560000017285347,0.0560000017285347,0.057999998331069946,0.057999998331069946,3000
2023-09-13,0.057999998331069946,0.057999998331069946,0.057999998331069946,0.057999998331069946,0.057999998331069946,0
2023-09-14,0.057999998331069946,0.057999998331069946,0.057999998331069946,0.057999998331069946,0.057999998331069946,0
2023-09-15,0.05999999865889549,0.05999999865889549,0.05999999865889549,0.05999999865889549,0.05999999865889549,0
2023-09-18,0.06199999898672104,0.06199999898672104,0.06199999898672104,0.06199999898672104,0.06199999898672104,0
2023-09-19,0.06300000101327896,0.06300000101327896,0.06300000101327896,0.06199999898672104,0.06199999898672104,10000
2023-09-20,0.061000000685453415,0.07400000095367432,0.057999998331069946,0.07199999690055847,0.07199999690055847,233000
2023-09-21,0.06599999964237213,0.06599999964237213,0.06599999964237213,0.06599999964237213,0.06599999964237213,0
2023-09-22,0.061000000685453415,0.0729999989271164,0.05999999865889549,0.07000000029802322,0.07000000029802322,222000
2023-09-25,0.061000000685453415,0.06499999761581421,0.061000000685453415,0.06599999964237213,0.06599999964237213,2000
2023-09-26,0.06599999964237213,0.06599999964237213,0.06599999964237213,0.06599999964237213,0.06599999964237213,0
2023-09-27,0.05999999865889549,0.06300000101327896,0.05999999865889549,0.061000000685453415,0.061000000685453415,129000
2023-09-28,0.061000000685453415,0.06300000101327896,0.05999999865889549,0.061000000685453415,0.061000000685453415,30000
2023-09-29,0.07400000095367432,0.07400000095367432,0.05999999865889549,0.05999999865889549,0.05999999865889549,549000
2023-10-03,0.061000000685453415,0.061000000685453415,0.061000000685453415,0.061000000685453415,0.061000000685453415,161000
2023-10-04,0.06199999898672104,0.06199999898672104,0.054999999701976776,0.06499999761581421,0.06499999761581421,160000
2023-10-05,0.05700000002980232,0.06199999898672104,0.0560000017285347,0.061000000685453415,0.061000000685453415,313000
2023-10-06,0.06199999898672104,0.06199999898672104,0.05700000002980232,0.05999999865889549,0.05999999865889549,225000
2023-10-09,0.05700000002980232,0.05700000002980232,0.05700000002980232,0.05700000002980232,0.05700000002980232,0
2023-10-10,0.05700000002980232,0.06499999761581421,0.05700000002980232,0.061000000685453415,0.061000000685453415,194000
2023-10-11,0.05900000035762787,0.05900000035762787,0.05900000035762787,0.05900000035762787,0.05900000035762787,7000
2023-10-12,0.0729999989271164,0.0729999989271164,0.0729999989271164,0.07199999690055847,0.07199999690055847,1000
2023-10-13,0.07000000029802322,0.07000000029802322,0.07000000029802322,0.07000000029802322,0.07000000029802322,0
2023-10-16,0.07199999690055847,0.07199999690055847,0.07199999690055847,0.07199999690055847,0.07199999690055847,0
2023-10-17,0.07000000029802322,0.07000000029802322,0.07000000029802322,0.07000000029802322,0.07000000029802322,0
2023-10-18,0.07000000029802322,0.07000000029802322,0.07000000029802322,0.0689999982714653,0.0689999982714653,50000
2023-10-19,0.0689999982714653,0.0689999982714653,0.0689999982714653,0.0689999982714653,0.0689999982714653,0
2023-10-20,0.06499999761581421,0.07100000232458115,0.061000000685453415,0.07000000029802322,0.07000000029802322,193000
2023-10-24,0.06300000101327896,0.0689999982714653,0.06199999898672104,0.06700000166893005,0.06700000166893005,250000
2023-10-25,0.07199999690055847,0.07199999690055847,0.07199999690055847,0.07199999690055847,0.07199999690055847,0
2023-10-26,0.07199999690055847,0.07199999690055847,0.07199999690055847,0.07199999690055847,0.07199999690055847,0
2023-10-27,0.06400000303983688,0.06400000303983688,0.06300000101327896,0.06300000101327896,0.06300000101327896,115000
2023-10-30,0.06499999761581421,0.06700000166893005,0.06499999761581421,0.06499999761581421,0.06499999761581421,523000
2023-10-31,0.06400000303983688,0.07199999690055847,0.06400000303983688,0.07000000029802322,0.07000000029802322,41000
2023-11-01,0.07000000029802322,0.07000000029802322,0.07000000029802322,0.07000000029802322,0.07000000029802322,0
2023-11-02,0.07000000029802322,0.07000000029802322,0.07000000029802322,0.07000000029802322,0.07000000029802322,0
2023-11-03,0.07000000029802322,0.07000000029802322,0.07000000029802322,0.07000000029802322,0.07000000029802322,820000
2023-11-06,0.07100000232458115,0.07100000232458115,0.07000000029802322,0.07000000029802322,0.07000000029802322,390000
2023-11-07,0.07000000029802322,0.07000000029802322,0.07000000029802322,0.07000000029802322,0.07000000029802322,0
2023-11-08,0.0729999989271164,0.07500000298023224,0.0729999989271164,0.07400000095367432,0.07400000095367432,291000
2023-11-09,0.07500000298023224,0.08299999684095383,0.07500000298023224,0.07599999755620956,0.07599999755620956,664000
2023-11-10,0.06700000166893005,0.07500000298023224,0.06599999964237213,0.07500000298023224,0.07500000298023224,594000
2023-11-13,0.08100000023841858,0.08100000023841858,0.08100000023841858,0.08100000023841858,0.08100000023841858,0
2023-11-14,0.08100000023841858,0.08100000023841858,0.08100000023841858,0.08100000023841858,0.08100000023841858,0
2023-11-15,0.08399999886751175,0.08399999886751175,0.08399999886751175,0.08399999886751175,0.08399999886751175,0
2023-11-16,0.07699999958276749,0.07699999958276749,0.07500000298023224,0.07500000298023224,0.07500000298023224,63000
2023-11-17,0.07400000095367432,0.07500000298023224,0.06599999964237213,0.07000000029802322,0.07000000029802322,387000
2023-11-20,0.07199999690055847,0.0820000022649765,0.07199999690055847,0.07900000363588333,0.07900000363588333,14000
2023-11-21,0.08399999886751175,0.08399999886751175,0.07400000095367432,0.07599999755620956,0.07599999755620956,41000
2023-11-22,0.08399999886751175,0.08399999886751175,0.07599999755620956,0.07599999755620956,0.07599999755620956,148000
2023-11-23,0.07500000298023224,0.07500000298023224,0.07500000298023224,0.07500000298023224,0.07500000298023224,0
2023-11-24,0.06800000369548798,0.0729999989271164,0.06800000369548798,0.07999999821186066,0.07999999821186066,26000
2023-11-27,0.07800000160932541,0.07800000160932541,0.07800000160932541,0.07800000160932541,0.07800000160932541,0
2023-11-28,0.07800000160932541,0.07800000160932541,0.07800000160932541,0.07800000160932541,0.07800000160932541,0
2023-11-29,0.07599999755620956,0.07599999755620956,0.07599999755620956,0.07599999755620956,0.07599999755620956,0
2023-11-30,0.07599999755620956,0.07599999755620956,0.07599999755620956,0.07599999755620956,0.07599999755620956,0
2023-12-01,0.07599999755620956,0.07599999755620956,0.07599999755620956,0.07599999755620956,0.07599999755620956,0
2023-12-04,0.07599999755620956,0.07599999755620956,0.07599999755620956,0.07599999755620956,0.07599999755620956,84000
2023-12-05,0.07000000029802322,0.07000000029802322,0.06800000369548798,0.06800000369548798,0.06800000369548798,20000
2023-12-06,0.07000000029802322,0.07699999958276749,0.0689999982714653,0.07699999958276749,0.07699999958276749,343000
2023-12-07,0.07699999958276749,0.07699999958276749,0.07699999958276749,0.07699999958276749,0.07699999958276749,0
2023-12-08,0.07500000298023224,0.07500000298023224,0.07500000298023224,0.07500000298023224,0.07500000298023224,0
2023-12-11,0.07000000029802322,0.0729999989271164,0.06700000166893005,0.0729999989271164,0.0729999989271164,61000
2023-12-12,0.0729999989271164,0.0729999989271164,0.0729999989271164,0.0729999989271164,0.0729999989271164,0
2023-12-13,0.07100000232458115,0.07400000095367432,0.06800000369548798,0.07400000095367432,0.07400000095367432,37000
2023-12-14,0.07400000095367432,0.07400000095367432,0.07400000095367432,0.07400000095367432,0.07400000095367432,4000
2023-12-15,0.07400000095367432,0.07400000095367432,0.07400000095367432,0.07400000095367432,0.07400000095367432,0
2023-12-18,0.07100000232458115,0.07800000160932541,0.0689999982714653,0.07800000160932541,0.07800000160932541,649000
2023-12-19,0.07599999755620956,0.07599999755620956,0.07599999755620956,0.07599999755620956,0.07599999755620956,0
2023-12-20,0.07599999755620956,0.07599999755620956,0.07599999755620956,0.07599999755620956,0.07599999755620956,0
2023-12-21,0.07599999755620956,0.07599999755620956,0.07599999755620956,0.07599999755620956,0.07599999755620956,0
2023-12-22,0.07599999755620956,0.07599999755620956,0.07599999755620956,0.07599999755620956,0.07599999755620956,0
2023-12-27,0.0689999982714653,0.07800000160932541,0.0689999982714653,0.07400000095367432,0.07400000095367432,5000
2023-12-28,0.07400000095367432,0.07400000095367432,0.07400000095367432,0.07400000095367432,0.07400000095367432,0
2023-12-29,0.0729999989271164,0.0729999989271164,0.0729999989271164,0.0729999989271164,0.0729999989271164,0
2024-01-02,0.07199999690055847,0.07199999690055847,0.07199999690055847,0.07199999690055847,0.07199999690055847,0
2024-01-03,0.07199999690055847,0.07199999690055847,0.07199999690055847,0.07199999690055847,0.07199999690055847,0
2024-01-04,0.07199999690055847,0.07199999690055847,0.07199999690055847,0.07199999690055847,0.07199999690055847,0
2024-01-05,0.07199999690055847,0.07199999690055847,0.07199999690055847,0.07199999690055847,0.07199999690055847,0
2024-01-08,0.07199999690055847,0.07199999690055847,0.07199999690055847,0.07199999690055847,0.07199999690055847,0
2024-01-09,0.06800000369548798,0.07100000232458115,0.06800000369548798,0.07100000232458115,0.07100000232458115,223000
2024-01-10,0.06499999761581421,0.06499999761581421,0.06499999761581421,0.06800000369548798,0.06800000369548798,16000
2024-01-11,0.07000000029802322,0.07000000029802322,0.07000000029802322,0.07000000029802322,0.07000000029802322,66000
2024-01-12,0.07000000029802322,0.07000000029802322,0.07000000029802322,0.07000000029802322,0.07000000029802322,0
2024-01-15,0.07000000029802322,0.07000000029802322,0.07000000029802322,0.07000000029802322,0.07000000029802322,0
2024-01-16,0.07000000029802322,0.07000000029802322,0.07000000029802322,0.07000000029802322,0.07000000029802322,0
2024-01-17,0.0689999982714653,0.0689999982714653,0.06800000369548798,0.06800000369548798,0.06800000369548798,470000
2024-01-18,0.07000000029802322,0.07000000029802322,0.06599999964237213,0.07000000029802322,0.07000000029802322,522000
2024-01-19,0.06499999761581421,0.06800000369548798,0.06499999761581421,0.06599999964237213,0.06599999964237213,31000
2024-01-22,0.06599999964237213,0.06599999964237213,0.06599999964237213,0.06599999964237213,0.06599999964237213,0
2024-01-23,0.06499999761581421,0.06499999761581421,0.06300000101327896,0.06300000101327896,0.06300000101327896,691000
2024-01-24,0.06400000303983688,0.07199999690055847,0.06400000303983688,0.07199999690055847,0.07199999690055847,106000
2024-01-25,0.07199999690055847,0.07199999690055847,0.07199999690055847,0.07199999690055847,0.07199999690055847,5000
2024-01-26,0.06800000369548798,0.06800000369548798,0.06599999964237213,0.06700000166893005,0.06700000166893005,475000
2024-01-29,0.06700000166893005,0.06700000166893005,0.06700000166893005,0.06700000166893005,0.06700000166893005,0
2024-01-30,0.06499999761581421,0.06599999964237213,0.06499999761581421,0.06499999761581421,0.06499999761581421,57000
2024-01-31,0.06499999761581421,0.06499999761581421,0.06499999761581421,0.06499999761581421,0.06499999761581421,0
2024-02-01,0.07100000232458115,0.07199999690055847,0.06599999964237213,0.0689999982714653,0.0689999982714653,112000
2024-02-02,0.0689999982714653,0.07599999755620956,0.0689999982714653,0.07400000095367432,0.07400000095367432,122000
2024-02-05,0.07599999755620956,0.08299999684095383,0.07599999755620956,0.07999999821186066,0.07999999821186066,1946000
2024-02-06,0.0820000022649765,0.09099999815225601,0.0820000022649765,0.09099999815225601,0.09099999815225601,2611000
2024-02-07,0.08900000154972076,0.08900000154972076,0.08900000154972076,0.08900000154972076,0.08900000154972076,0
2024-02-08,0.08500000089406967,0.10000000149011612,0.08500000089406967,0.0989999994635582,0.0989999994635582,1074000
2024-02-09,0.10400000214576721,0.10400000214576721,0.10400000214576721,0.10400000214576721,0.10400000214576721,0
2024-02-14,0.10400000214576721,0.125,0.10300000011920929,0.12399999797344208,0.12399999797344208,1855000
2024-02-15,0.1289999932050705,0.1289999932050705,0.09600000083446503,0.11699999868869781,0.11699999868869781,1138000
2024-02-16,0.11699999868869781,0.125,0.10199999809265137,0.125,0.125,1351000
2024-02-19,0.125,0.12800000607967377,0.10999999940395355,0.12600000202655792,0.12600000202655792,591000
2024-02-20,0.12399999797344208,0.12399999797344208,0.12399999797344208,0.12399999797344208,0.12399999797344208,0
2024-02-21,0.12399999797344208,0.1289999932050705,0.10499999672174454,0.12300000339746475,0.12300000339746475,570000
2024-02-22,0.10899999737739563,0.11999999731779099,0.10899999737739563,0.10899999737739563,0.10899999737739563,212000
2024-02-23,0.0949999988079071,0.11299999803304672,0.0949999988079071,0.11100000143051147,0.11100000143051147,114000
2024-02-26,0.10499999672174454,0.11999999731779099,0.09000000357627869,0.10499999672174454,0.10499999672174454,1301000
2024-02-27,0.09399999678134918,0.0949999988079071,0.07999999821186066,0.08299999684095383,0.08299999684095383,2291000
2024-02-28,0.08399999886751175,0.08399999886751175,0.07999999821186066,0.08100000023841858,0.08100000023841858,542000
2024-02-29,0.08500000089406967,0.08500000089406967,0.07000000029802322,0.07999999821186066,0.07999999821186066,2368000
2024-03-01,0.08100000023841858,0.08100000023841858,0.07599999755620956,0.07999999821186066,0.07999999821186066,117000
2024-03-04,0.07199999690055847,0.08900000154972076,0.07199999690055847,0.07699999958276749,0.07699999958276749,256000
2024-03-05,0.08500000089406967,0.08500000089406967,0.08500000089406967,0.08500000089406967,0.08500000089406967,0
2024-03-06,0.0820000022649765,0.0820000022649765,0.07800000160932541,0.07999999821186066,0.07999999821186066,162000
2024-03-07,0.07800000160932541,0.07999999821186066,0.07800000160932541,0.07999999821186066,0.07999999821186066,185000
2024-03-08,0.07500000298023224,0.08900000154972076,0.07400000095367432,0.08900000154972076,0.08900000154972076,116000
2024-03-11,0.08799999952316284,0.08799999952316284,0.08500000089406967,0.08500000089406967,0.08500000089406967,140000
2024-03-12,0.07900000363588333,0.08500000089406967,0.07699999958276749,0.08399999886751175,0.08399999886751175,196000
2024-03-13,0.07699999958276749,0.07999999821186066,0.07699999958276749,0.07800000160932541,0.07800000160932541,604000
2024-03-14,0.07900000363588333,0.12999999523162842,0.07500000298023224,0.08299999684095383,0.08299999684095383,1803000
2024-03-15,0.08299999684095383,0.08399999886751175,0.07999999821186066,0.08399999886751175,0.08399999886751175,61000
2024-03-18,0.08399999886751175,0.08399999886751175,0.08399999886751175,0.08399999886751175,0.08399999886751175,0
2024-03-19,0.08399999886751175,0.08399999886751175,0.08399999886751175,0.08399999886751175,0.08399999886751175,57000
2024-03-20,0.08500000089406967,0.0860000029206276,0.08500000089406967,0.0860000029206276,0.0860000029206276,0
2024-03-21,0.0860000029206276,0.0860000029206276,0.0860000029206276,0.0860000029206276,0.0860000029206276,42000
2024-03-22,0.08500000089406967,0.08500000089406967,0.08500000089406967,0.08500000089406967,0.08500000089406967,100000
2024-03-25,0.08500000089406967,0.08500000089406967,0.08399999886751175,0.08500000089406967,0.08500000089406967,224000
2024-03-26,0.08399999886751175,0.08399999886751175,0.08399999886751175,0.0820000022649765,0.0820000022649765,164000
2024-03-27,0.0820000022649765,0.0820000022649765,0.0820000022649765,0.0820000022649765,0.0820000022649765,0
2024-03-28,0.0820000022649765,0.0820000022649765,0.0820000022649765,0.0820000022649765,0.0820000022649765,0
2024-04-02,0.0820000022649765,0.0820000022649765,0.0820000022649765,0.0820000022649765,0.0820000022649765,0
2024-04-03,0.07699999958276749,0.07699999958276749,0.07699999958276749,0.07699999958276749,0.07699999958276749,0
2024-04-05,0.07699999958276749,0.10000000149011612,0.07699999958276749,0.10000000149011612,0.10000000149011612,63000
2024-04-08,0.10000000149011612,0.10000000149011612,0.09300000220537186,0.09300000220537186,0.09300000220537186,232000
2024-04-09,0.08799999952316284,0.08799999952316284,0.08799999952316284,0.08799999952316284,0.08799999952316284,0
2024-04-10,0.09200000017881393,0.09200000017881393,0.09200000017881393,0.09200000017881393,0.09200000017881393,0
2024-04-11,0.09000000357627869,0.09000000357627869,0.09000000357627869,0.09000000357627869,0.09000000357627869,0
2024-04-12,0.08100000023841858,0.08399999886751175,0.08100000023841858,0.09000000357627869,0.09000000357627869,53000
2024-04-15,0.08699999749660492,0.08699999749660492,0.08699999749660492,0.08699999749660492,0.08699999749660492,0
2024-04-16,0.07999999821186066,0.0820000022649765,0.07900000363588333,0.0820000022649765,0.0820000022649765,103000
2024-04-17,0.07599999755620956,0.08399999886751175,0.07599999755620956,0.08299999684095383,0.08299999684095383,7000
2024-04-18,0.08299999684095383,0.08299999684095383,0.08299999684095383,0.08299999684095383,0.08299999684095383,0
2024-04-19,0.08299999684095383,0.08299999684095383,0.08299999684095383,0.08299999684095383,0.08299999684095383,0
2024-04-22,0.0820000022649765,0.08299999684095383,0.08100000023841858,0.08299999684095383,0.08299999684095383,49000
2024-04-23,0.08299999684095383,0.08299999684095383,0.08299999684095383,0.08299999684095383,0.08299999684095383,0
2024-04-24,0.08299999684095383,0.08299999684095383,0.07800000160932541,0.07800000160932541,0.07800000160932541,628000
2024-04-25,0.07800000160932541,0.07800000160932541,0.07800000160932541,0.07800000160932541,0.07800000160932541,0
2024-04-26,0.07699999958276749,0.07999999821186066,0.07599999755620956,0.07999999821186066,0.07999999821186066,210000
2024-04-29,0.07699999958276749,0.07699999958276749,0.07599999755620956,0.07699999958276749,0.07699999958276749,963000
2024-04-30,0.07500000298023224,0.07699999958276749,0.07500000298023224,0.07699999958276749,0.07699999958276749,215000
2024-05-02,0.07699999958276749,0.07699999958276749,0.07699999958276749,0.07699999958276749,0.07699999958276749,0
2024-05-03,0.07500000298023224,0.07500000298023224,0.07500000298023224,0.07500000298023224,0.07500000298023224,10000
2024-05-06,0.07500000298023224,0.10199999809265137,0.07500000298023224,0.0820000022649765,0.0820000022649765,196000
2024-05-07,0.07900000363588333,0.07900000363588333,0.07900000363588333,0.07900000363588333,0.07900000363588333,14000
2024-05-08,0.07900000363588333,0.07900000363588333,0.07699999958276749,0.07900000363588333,0.07900000363588333,20000
2024-05-09,0.0820000022649765,0.0820000022649765,0.07500000298023224,0.07500000298023224,0.07500000298023224,35000
2024-05-10,0.07599999755620956,0.08799999952316284,0.07599999755620956,0.08799999952316284,0.08799999952316284,1008000
2024-05-13,0.08799999952316284,0.08799999952316284,0.07800000160932541,0.07800000160932541,0.07800000160932541,196000
2024-05-14,0.08500000089406967,0.0860000029206276,0.07400000095367432,0.0860000029206276,0.0860000029206276,22379000
2024-05-16,0.08500000089406967,0.08699999749660492,0.07800000160932541,0.0820000022649765,0.0820000022649765,7116000
2024-05-17,0.09399999678134918,0.09399999678134918,0.08399999886751175,0.08699999749660492,0.08699999749660492,389000
2024-05-20,0.07699999958276749,0.0820000022649765,0.07699999958276749,0.0820000022649765,0.0820000022649765,69000
2024-05-21,0.0820000022649765,0.08299999684095383,0.07599999755620956,0.07900000363588333,0.07900000363588333,519000
2024-05-22,0.07900000363588333,0.0820000022649765,0.07900000363588333,0.0820000022649765,0.0820000022649765,89000
2024-05-23,0.07900000363588333,0.07900000363588333,0.07000000029802322,0.07599999755620956,0.07599999755620956,458000
2024-05-24,0.07800000160932541,0.07800000160932541,0.07800000160932541,0.07800000160932541,0.07800000160932541,0
2024-05-27,0.07699999958276749,0.08799999952316284,0.07699999958276749,0.08699999749660492,0.08699999749660492,598000
2024-05-28,0.08699999749660492,0.08699999749660492,0.08699999749660492,0.08699999749660492,0.08699999749660492,0
2024-05-29,0.08699999749660492,0.08699999749660492,0.08699999749660492,0.08699999749660492,0.08699999749660492,0
2024-05-30,0.07800000160932541,0.08699999749660492,0.07699999958276749,0.08699999749660492,0.08699999749660492,163000
2024-05-31,0.08799999952316284,0.08799999952316284,0.08799999952316284,0.08799999952316284,0.08799999952316284,0
2024-06-03,0.07800000160932541,0.08500000089406967,0.07800000160932541,0.08500000089406967,0.08500000089406967,130000
2024-06-04,0.07900000363588333,0.08299999684095383,0.07900000363588333,0.08299999684095383,0.08299999684095383,85000
2024-06-05,0.07999999821186066,0.07999999821186066,0.07900000363588333,0.07900000363588333,0.07900000363588333,74000
2024-06-06,0.07800000160932541,0.07800000160932541,0.07800000160932541,0.07800000160932541,0.07800000160932541,7000
2024-06-07,0.07800000160932541,0.07800000160932541,0.07800000160932541,0.07800000160932541,0.07800000160932541,70000
2024-06-11,0.07699999958276749,0.07699999958276749,0.07699999958276749,0.07699999958276749,0.07699999958276749,50000
2024-06-12,0.07599999755620956,0.07599999755620956,0.07199999690055847,0.07199999690055847,0.07199999690055847,403000
2024-06-13,0.07199999690055847,0.07400000095367432,0.07199999690055847,0.07400000095367432,0.07400000095367432,283000
2024-06-14,0.07400000095367432,0.08100000023841858,0.07100000232458115,0.07999999821186066,0.07999999821186066,212000
2024-06-17,0.07599999755620956,0.07599999755620956,0.07500000298023224,0.07500000298023224,0.07500000298023224,267000
2024-06-18,0.07199999690055847,0.0729999989271164,0.07000000029802322,0.0729999989271164,0.0729999989271164,230000
2024-06-19,0.0729999989271164,0.07800000160932541,0.07100000232458115,0.07800000160932541,0.07800000160932541,32000
2024-06-20,0.07800000160932541,0.07800000160932541,0.07800000160932541,0.07800000160932541,0.07800000160932541,0
2024-06-21,0.07500000298023224,0.07500000298023224,0.07500000298023224,0.07500000298023224,0.07500000298023224,0
2024-06-24,0.07800000160932541,0.07800000160932541,0.07800000160932541,0.07800000160932541,0.07800000160932541,0
2024-06-25,0.0820000022649765,0.0820000022649765,0.0820000022649765,0.0820000022649765,0.0820000022649765,0
2024-06-26,0.07900000363588333,0.07900000363588333,0.07900000363588333,0.07900000363588333,0.07900000363588333,0
2024-06-27,0.07400000095367432,0.07800000160932541,0.07199999690055847,0.07800000160932541,0.07800000160932541,125000
2024-06-28,0.07800000160932541,0.07800000160932541,0.07800000160932541,0.07800000160932541,0.07800000160932541,0
2024-07-02,0.0729999989271164,0.07400000095367432,0.07000000029802322,0.07400000095367432,0.07400000095367432,50000
2024-07-03,0.07400000095367432,0.07400000095367432,0.07400000095367432,0.07400000095367432,0.07400000095367432,0
2024-07-04,0.07400000095367432,0.07400000095367432,0.07400000095367432,0.07400000095367432,0.07400000095367432,0
2024-07-08,0.07500000298023224,0.07500000298023224,0.07500000298023224,0.07500000298023224,0.07500000298023224,0
2024-07-09,0.07199999690055847,0.07199999690055847,0.06499999761581421,0.06499999761581421,0.06499999761581421,366000
2024-07-10,0.06499999761581421,0.06499999761581421,0.06499999761581421,0.06499999761581421,0.06499999761581421,0
2024-07-11,0.06499999761581421,0.06499999761581421,0.06499999761581421,0.06499999761581421,0.06499999761581421,0
2024-07-12,0.06499999761581421,0.06499999761581421,0.06499999761581421,0.06499999761581421,0.06499999761581421,0
2024-07-15,0.06499999761581421,0.06499999761581421,0.06499999761581421,0.06499999761581421,0.06499999761581421,0
2024-07-16,0.07000000029802322,0.07000000029802322,0.061000000685453415,0.061000000685453415,0.061000000685453415,34000
2024-07-17,0.061000000685453415,0.061000000685453415,0.061000000685453415,0.06499999761581421,0.06499999761581421,60000
2024-07-18,0.06499999761581421,0.06499999761581421,0.06499999761581421,0.06499999761581421,0.06499999761581421,0
2024-07-19,0.06499999761581421,0.06499999761581421,0.06499999761581421,0.06499999761581421,0.06499999761581421,0
2024-07-22,0.06499999761581421,0.06499999761581421,0.06499999761581421,0.06499999761581421,0.06499999761581421,0
2024-07-23,0.06400000303983688,0.06400000303983688,0.06400000303983688,0.06400000303983688,0.06400000303983688,0
2024-07-24,0.06400000303983688,0.06400000303983688,0.06400000303983688,0.06400000303983688,0.06400000303983688,0
2024-07-25,0.06300000101327896,0.06400000303983688,0.05400000140070915,0.06400000303983688,0.06400000303983688,161000
2024-07-26,0.06400000303983688,0.06400000303983688,0.06400000303983688,0.06400000303983688,0.06400000303983688,0
2024-07-29,0.06400000303983688,0.06400000303983688,0.06400000303983688,0.06400000303983688,0.06400000303983688,0
2024-07-30,0.06400000303983688,0.06400000303983688,0.06400000303983688,0.06300000101327896,0.06300000101327896,329000
2024-07-31,0.06300000101327896,0.06300000101327896,0.06300000101327896,0.06300000101327896,0.06300000101327896,0
2024-08-01,0.06300000101327896,0.06300000101327896,0.06300000101327896,0.06300000101327896,0.06300000101327896,0
2024-08-02,0.06300000101327896,0.06300000101327896,0.06300000101327896,0.06300000101327896,0.06300000101327896,0
2024-08-05,0.06300000101327896,0.06300000101327896,0.06300000101327896,0.06300000101327896,0.06300000101327896,0
2024-08-06,0.06300000101327896,0.06300000101327896,0.06300000101327896,0.06300000101327896,0.06300000101327896,0
2024-08-07,0.06199999898672104,0.06199999898672104,0.06199999898672104,0.061000000685453415,0.061000000685453415,109000
2024-08-08,0.061000000685453415,0.061000000685453415,0.061000000685453415,0.061000000685453415,0.061000000685453415,0
2024-08-09,0.0560000017285347,0.05999999865889549,0.0560000017285347,0.05999999865889549,0.05999999865889549,28000
2024-08-12,0.06199999898672104,0.06400000303983688,0.0560000017285347,0.0560000017285347,0.0560000017285347,288000
2024-08-13,0.054999999701976776,0.054999999701976776,0.054999999701976776,0.054999999701976776,0.054999999701976776,0
2024-08-14,0.05299999937415123,0.05299999937415123,0.05299999937415123,0.05400000140070915,0.05400000140070915,16000
2024-08-15,0.05400000140070915,0.05400000140070915,0.05400000140070915,0.05400000140070915,0.05400000140070915,0
2024-08-16,0.05400000140070915,0.05400000140070915,0.05400000140070915,0.05400000140070915,0.05400000140070915,0
2024-08-19,0.06800000369548798,0.06800000369548798,0.06700000166893005,0.06700000166893005,0.06700000166893005,11000
2024-08-20,0.06700000166893005,0.06700000166893005,0.06700000166893005,0.06700000166893005,0.06700000166893005,0
2024-08-21,0.054999999701976776,0.05700000002980232,0.054999999701976776,0.054999999701976776,0.054999999701976776,293000
2024-08-22,0.054999999701976776,0.054999999701976776,0.054999999701976776,0.054999999701976776,0.054999999701976776,0
2024-08-23,0.054999999701976776,0.054999999701976776,0.054999999701976776,0.054999999701976776,0.054999999701976776,0
2024-08-26,0.054999999701976776,0.054999999701976776,0.054999999701976776,0.054999999701976776,0.054999999701976776,0
2024-08-27,0.054999999701976776,0.054999999701976776,0.054999999701976776,0.054999999701976776,0.054999999701976776,0
2024-08-28,0.054999999701976776,0.054999999701976776,0.054999999701976776,0.054999999701976776,0.054999999701976776,50000
2024-08-29,0.054999999701976776,0.054999999701976776,0.054999999701976776,0.054999999701976776,0.054999999701976776,0
2024-08-30,0.054999999701976776,0.054999999701976776,0.054999999701976776,0.054999999701976776,0.054999999701976776,68000
2024-09-02,0.054999999701976776,0.054999999701976776,0.05000000074505806,0.05000000074505806,0.05000000074505806,138000
2024-09-03,0.05000000074505806,0.05000000074505806,0.05000000074505806,0.05000000074505806,0.05000000074505806,0
2024-09-04,0.05000000074505806,0.05000000074505806,0.05000000074505806,0.05000000074505806,0.05000000074505806,0
2024-09-05,0.052000001072883606,0.052000001072883606,0.050999999046325684,0.050999999046325684,0.050999999046325684,9000
2024-09-09,0.050999999046325684,0.050999999046325684,0.050999999046325684,0.05000000074505806,0.05000000074505806,100000
2024-09-10,0.05000000074505806,0.05000000074505806,0.041999999433755875,0.04800000041723251,0.04800000041723251,646000
2024-09-11,0.04500000178813934,0.04500000178813934,0.04500000178813934,0.04500000178813934,0.04500000178813934,43000
2024-09-12,0.04800000041723251,0.04800000041723251,0.04800000041723251,0.04800000041723251,0.04800000041723251,0
2024-09-13,0.04800000041723251,0.05400000140070915,0.04800000041723251,0.05400000140070915,0.05400000140070915,4000
2024-09-16,0.04899999871850014,0.04899999871850014,0.04899999871850014,0.04899999871850014,0.04899999871850014,0
2024-09-17,0.04899999871850014,0.04899999871850014,0.04899999871850014,0.04899999871850014,0.04899999871850014,0
2024-09-19,0.04899999871850014,0.04899999871850014,0.04899999871850014,0.04899999871850014,0.04899999871850014,0
2024-09-20,0.04899999871850014,0.04899999871850014,0.04899999871850014,0.04899999871850014,0.04899999871850014,0
2024-09-23,0.04899999871850014,0.04899999871850014,0.04899999871850014,0.04899999871850014,0.04899999871850014,0
2024-09-24,0.0430000014603138,0.0430000014603138,0.041999999433755875,0.041999999433755875,0.041999999433755875,276000
2024-09-25,0.041999999433755875,0.04600000008940697,0.041999999433755875,0.04600000008940697,0.04600000008940697,602000
2024-09-26,0.04100000113248825,0.04600000008940697,0.04100000113248825,0.04600000008940697,0.04600000008940697,238000
2024-09-27,0.04800000041723251,0.04800000041723251,0.04800000041723251,0.04800000041723251,0.04800000041723251,107000
2024-09-30,0.04699999839067459,0.05000000074505806,0.04699999839067459,0.04800000041723251,0.04800000041723251,419000
2024-10-02,0.04800000041723251,0.0560000017285347,0.04800000041723251,0.0560000017285347,0.0560000017285347,515000
2024-10-03,0.06499999761581421,0.125,0.061000000685453415,0.09000000357627869,0.09000000357627869,4878000
2024-10-04,0.09000000357627869,0.09000000357627869,0.07000000029802322,0.08699999749660492,0.08699999749660492,602000
2024-10-07,0.09099999815225601,0.09099999815225601,0.0729999989271164,0.08900000154972076,0.08900000154972076,683000
2024-10-08,0.07199999690055847,0.07900000363588333,0.06800000369548798,0.07500000298023224,0.07500000298023224,1344000
2024-10-09,0.07400000095367432,0.07400000095367432,0.07400000095367432,0.07400000095367432,0.07400000095367432,116000
2024-10-10,0.06499999761581421,0.06599999964237213,0.06499999761581421,0.06599999964237213,0.06599999964237213,524000
2024-10-14,0.06599999964237213,0.06599999964237213,0.05700000002980232,0.06599999964237213,0.06599999964237213,46000
2024-10-15,0.08900000154972076,0.08900000154972076,0.05900000035762787,0.05999999865889549,0.05999999865889549,196000
2024-10-16,0.054999999701976776,0.05999999865889549,0.054999999701976776,0.05900000035762787,0.05900000035762787,103000
2024-10-17,0.054999999701976776,0.07000000029802322,0.054999999701976776,0.06700000166893005,0.06700000166893005,685000
2024-10-18,0.06700000166893005,0.07500000298023224,0.06300000101327896,0.0729999989271164,0.0729999989271164,145000
2024-10-21,0.07100000232458115,0.07100000232458115,0.07100000232458115,0.07100000232458115,0.07100000232458115,0
2024-10-22,0.07100000232458115,0.07699999958276749,0.07100000232458115,0.07400000095367432,0.07400000095367432,50000
2024-10-23,0.07400000095367432,0.07400000095367432,0.07400000095367432,0.07400000095367432,0.07400000095367432,0
2024-10-24,0.0729999989271164,0.0729999989271164,0.0729999989271164,0.0729999989271164,0.0729999989271164,50000
2024-10-25,0.07199999690055847,0.07199999690055847,0.07199999690055847,0.07199999690055847,0.07199999690055847,0
2024-10-28,0.07199999690055847,0.07199999690055847,0.0689999982714653,0.0689999982714653,0.0689999982714653,100000
2024-10-29,0.07699999958276749,0.07699999958276749,0.07699999958276749,0.07500000298023224,0.07500000298023224,5000
2024-10-30,0.06300000101327896,0.0729999989271164,0.06300000101327896,0.0729999989271164,0.0729999989271164,302000
2024-10-31,0.06700000166893005,0.07100000232458115,0.061000000685453415,0.07100000232458115,0.07100000232458115,472000
2024-11-01,0.07100000232458115,0.0729999989271164,0.07100000232458115,0.0729999989271164,0.0729999989271164,11000
2024-11-04,0.07100000232458115,0.07100000232458115,0.07100000232458115,0.07100000232458115,0.07100000232458115,0
2024-11-05,0.0689999982714653,0.07000000029802322,0.0689999982714653,0.07000000029802322,0.07000000029802322,298000
2024-11-06,0.07599999755620956,0.07599999755620956,0.07599999755620956,0.07599999755620956,0.07599999755620956,10000
2024-11-07,0.06800000369548798,0.07599999755620956,0.06800000369548798,0.06800000369548798,0.06800000369548798,538000
2024-11-08,0.06800000369548798,0.06800000369548798,0.06800000369548798,0.06800000369548798,0.06800000369548798,100000
2024-11-11,0.06800000369548798,0.06800000369548798,0.06800000369548798,0.06800000369548798,0.06800000369548798,1000
2024-11-12,0.06300000101327896,0.06800000369548798,0.06300000101327896,0.06400000303983688,0.06400000303983688,792000
