Date,Open,High,Low,Close,Adj Close,Volume
2010-05-07,14.399999618530273,15.15999984741211,13.800000190734863,14.34000015258789,12.911458969116211,154060000
2010-05-10,15.079999923706055,15.760000228881836,14.600000381469727,15.619999885559082,14.063949584960938,85823940
2010-05-11,15.800000190734863,16.040000915527344,15.119999885559082,15.479999542236328,13.93789291381836,48075663
2010-05-12,15.5600004196167,15.65999984741211,14.979999542236328,15.600000381469727,14.045941352844238,24311500
2010-05-13,15.4399995803833,16.1200008392334,15.399999618530273,15.979999542236328,14.388084411621094,29554143
2010-05-14,15.739999771118164,16.31999969482422,15.640000343322754,15.65999984741211,14.09996509552002,26184683
2010-05-17,15.380000114440918,15.720000267028809,15.0,15.020000457763672,13.523719787597656,16305250
2010-05-18,15.199999809265137,15.800000190734863,15.119999885559082,15.760000228881836,14.190003395080566,14698580
2010-05-19,15.479999542236328,15.699999809265137,15.199999809265137,15.260000228881836,13.739811897277832,6536000
2010-05-20,15.300000190734863,15.460000038146973,14.899999618530273,15.180000305175781,13.6677827835083,13189000
2010-05-24,15.199999809265137,15.380000114440918,15.119999885559082,15.239999771118164,13.72180461883545,3065361
2010-05-25,15.100000381469727,15.579999923706055,14.680000305175781,14.720000267028809,13.253604888916016,16844750
2010-05-26,14.779999732971191,15.039999961853027,14.699999809265137,14.880000114440918,13.39766788482666,7021750
2010-05-27,14.880000114440918,15.380000114440918,14.819999694824219,15.319999694824219,13.793834686279297,4644225
2010-05-28,15.699999809265137,16.020000457763672,15.600000381469727,15.84000015258789,14.262032508850098,11966000
2010-05-31,15.699999809265137,15.920000076293945,15.5,15.819999694824219,14.244025230407715,3187000
2010-06-01,15.9399995803833,16.65999984741211,15.819999694824219,16.34000015258789,14.712224006652832,22179750
2010-06-02,16.5,16.899999618530273,16.280000686645508,16.600000381469727,14.946321487426758,9223975
2010-06-03,16.899999618530273,17.6200008392334,16.860000610351562,17.399999618530273,15.666624069213867,17901773
2010-06-04,17.479999542236328,18.18000030517578,17.360000610351562,18.15999984741211,16.350915908813477,13147000
2010-06-07,17.700000762939453,17.799999237060547,17.31999969482422,17.579999923706055,15.828693389892578,9653000
2010-06-08,17.81999969482422,17.81999969482422,16.8799991607666,17.360000610351562,15.630611419677734,7793100
2010-06-09,17.399999618530273,17.719999313354492,17.239999771118164,17.639999389648438,15.882716178894043,5438800
2010-06-10,17.639999389648438,18.6200008392334,17.639999389648438,18.520000457763672,16.675052642822266,13863500
2010-06-11,18.5,18.5,17.959999084472656,18.100000381469727,16.296894073486328,9084147
2010-06-14,18.280000686645508,18.280000686645508,17.81999969482422,18.020000457763672,16.224863052368164,4449550
2010-06-15,17.920000076293945,18.239999771118164,17.760000228881836,17.920000076293945,16.134824752807617,6814500
2010-06-17,18.059999465942383,18.100000381469727,17.260000228881836,17.280000686645508,15.55858039855957,5956401
2010-06-18,17.360000610351562,17.399999618530273,16.440000534057617,16.739999771118164,15.072376251220703,13628012
2010-06-21,16.940000534057617,17.360000610351562,16.559999465942383,17.31999969482422,15.594597816467285,7219250
2010-06-22,17.280000686645508,17.920000076293945,17.079999923706055,17.3799991607666,15.64862060546875,7017912
2010-06-23,17.34000015258789,17.34000015258789,17.0,17.079999923706055,15.37850570678711,3917267
2010-06-24,17.200000762939453,17.399999618530273,17.020000457763672,17.079999923706055,15.37850570678711,2742073
2010-06-25,17.239999771118164,17.239999771118164,16.5,16.600000381469727,14.946321487426758,9324550
2010-06-28,16.780000686645508,17.059999465942383,16.600000381469727,16.920000076293945,15.234442710876465,2018700
2010-06-29,17.059999465942383,17.360000610351562,16.920000076293945,16.979999542236328,15.288467407226562,5253350
2010-06-30,16.979999542236328,17.079999923706055,16.700000762939453,16.979999542236328,15.288467407226562,2449500
2010-07-02,16.799999237060547,16.920000076293945,16.299999237060547,16.5,14.856285095214844,4343169
2010-07-05,16.520000457763672,16.65999984741211,16.200000762939453,16.420000076293945,14.784252166748047,1450616
2010-07-06,16.5,17.100000381469727,16.31999969482422,17.079999923706055,15.37850570678711,2239200
2010-07-07,16.899999618530273,17.020000457763672,16.65999984741211,16.719999313354492,15.054367065429688,1464500
2010-07-08,16.959999084472656,17.1200008392334,16.700000762939453,16.860000610351562,15.18042278289795,1530500
2010-07-09,16.860000610351562,17.1200008392334,16.65999984741211,16.979999542236328,15.288467407226562,1552250
2010-07-12,16.979999542236328,16.979999542236328,16.399999618530273,16.5,14.856285095214844,2069560
2010-07-13,16.31999969482422,16.579999923706055,16.280000686645508,16.299999237060547,14.6762056350708,2171000
2010-07-14,16.600000381469727,16.940000534057617,16.559999465942383,16.84000015258789,15.162412643432617,2753500
2010-07-15,16.81999969482422,17.020000457763672,16.739999771118164,16.8799991607666,15.198431968688965,2605500
2010-07-16,16.979999542236328,17.559999465942383,16.8799991607666,17.219999313354492,15.504555702209473,4729750
2010-07-19,16.920000076293945,17.079999923706055,16.760000228881836,17.040000915527344,15.342490196228027,1742417
2010-07-20,17.040000915527344,17.600000381469727,17.040000915527344,17.399999618530273,15.666624069213867,4298300
2010-07-21,17.5,17.600000381469727,17.079999923706055,17.239999771118164,15.522568702697754,804500
2010-07-22,17.15999984741211,17.459999084472656,17.15999984741211,17.280000686645508,15.55858039855957,1291530
2010-07-23,17.34000015258789,17.399999618530273,16.799999237060547,17.1200008392334,15.414520263671875,1949489
2010-07-26,17.139999389648438,17.200000762939453,16.81999969482422,16.84000015258789,15.162412643432617,927750
2010-07-27,16.81999969482422,16.940000534057617,16.760000228881836,16.8799991607666,15.198431968688965,1180605
2010-07-28,16.799999237060547,17.100000381469727,16.760000228881836,16.940000534057617,15.252449989318848,1843500
2010-07-29,16.899999618530273,17.219999313354492,16.84000015258789,17.079999923706055,15.37850570678711,1598750
2010-07-30,16.959999084472656,17.079999923706055,16.8799991607666,17.0,15.306476593017578,1328000
2010-08-02,17.0,17.1200008392334,16.860000610351562,17.0,15.306476593017578,1104053
2010-08-03,17.040000915527344,17.15999984741211,16.84000015258789,16.899999618530273,15.216434478759766,1496500
2010-08-04,16.899999618530273,17.0,16.600000381469727,16.6200008392334,14.964329719543457,3705500
2010-08-05,16.700000762939453,16.899999618530273,16.600000381469727,16.81999969482422,15.144407272338867,2228250
2010-08-06,16.799999237060547,16.799999237060547,16.6200008392334,16.739999771118164,15.072376251220703,2664349
2010-08-09,16.700000762939453,16.719999313354492,16.3799991607666,16.399999618530273,14.766247749328613,2974005
2010-08-10,16.420000076293945,16.860000610351562,16.3799991607666,16.719999313354492,15.054367065429688,3671160
2010-08-11,16.5,16.899999618530273,16.5,16.799999237060547,15.126398086547852,2094750
2010-08-12,16.739999771118164,17.059999465942383,16.700000762939453,16.920000076293945,15.234442710876465,2469850
2010-08-13,16.920000076293945,16.979999542236328,16.84000015258789,16.920000076293945,15.234442710876465,1208250
2010-08-16,16.920000076293945,17.020000457763672,16.739999771118164,16.8799991607666,15.198431968688965,1853303
2010-08-17,16.799999237060547,16.920000076293945,16.760000228881836,16.799999237060547,15.126398086547852,375750
2010-08-18,16.799999237060547,16.959999084472656,16.760000228881836,16.860000610351562,15.18042278289795,546750
2010-08-19,16.959999084472656,17.200000762939453,16.899999618530273,17.139999389648438,15.432527542114258,2096803
2010-08-20,17.0,17.200000762939453,16.760000228881836,16.899999618530273,15.216434478759766,750500
2010-08-23,16.899999618530273,16.959999084472656,16.760000228881836,16.780000686645508,15.108390808105469,623950
2010-08-24,16.780000686645508,16.799999237060547,16.399999618530273,16.440000534057617,14.802260398864746,1021750
2010-08-25,16.399999618530273,16.760000228881836,16.399999618530273,16.5,14.856285095214844,737076
2010-08-26,16.459999084472656,16.600000381469727,16.360000610351562,16.360000610351562,14.730232238769531,1895120
2010-08-27,16.600000381469727,16.600000381469727,16.31999969482422,16.34000015258789,14.712224006652832,1651250
2010-08-30,16.399999618530273,16.579999923706055,16.219999313354492,16.31999969482422,14.694217681884766,836250
2010-08-31,16.219999313354492,16.280000686645508,16.0,16.020000457763672,14.424101829528809,946080
2010-09-01,15.979999542236328,16.3799991607666,15.640000343322754,16.3799991607666,14.748236656188965,2976102
2010-09-02,16.5,16.959999084472656,16.360000610351562,16.920000076293945,15.234442710876465,3392286
2010-09-03,16.84000015258789,16.860000610351562,16.700000762939453,16.799999237060547,15.126398086547852,397500
2010-09-06,16.979999542236328,17.079999923706055,16.799999237060547,17.059999465942383,15.36049747467041,1910000
2010-09-07,17.15999984741211,17.15999984741211,16.979999542236328,17.040000915527344,15.342490196228027,2328950
2010-09-08,17.079999923706055,17.079999923706055,16.719999313354492,16.81999969482422,15.144407272338867,2125500
2010-09-09,17.100000381469727,17.100000381469727,16.84000015258789,16.920000076293945,15.234442710876465,942000
2010-09-10,16.940000534057617,16.940000534057617,16.739999771118164,16.8799991607666,15.198431968688965,693000
2010-09-13,17.0,18.299999237060547,17.0,18.280000686645508,16.45896339416504,6694250
2010-09-14,18.399999618530273,18.959999084472656,18.059999465942383,18.6200008392334,16.765092849731445,8873000
2010-09-15,18.579999923706055,18.719999313354492,18.260000228881836,18.479999542236328,16.6390380859375,3613851
2010-09-16,18.31999969482422,19.280000686645508,18.299999237060547,18.860000610351562,16.981182098388672,5169250
2010-09-17,18.860000610351562,19.260000228881836,18.559999465942383,19.219999313354492,17.30531883239746,1985500
2010-09-20,19.260000228881836,19.260000228881836,18.559999465942383,18.639999389648438,16.783100128173828,1298250
2010-09-21,18.959999084472656,19.239999771118164,18.700000762939453,19.1200008392334,17.215280532836914,2891184
2010-09-22,19.1200008392334,19.81999969482422,19.1200008392334,19.360000610351562,17.431371688842773,4500750
2010-09-24,19.700000762939453,19.899999618530273,19.3799991607666,19.739999771118164,17.77351951599121,2764300
2010-09-27,19.84000015258789,20.299999237060547,19.579999923706055,20.149999618530273,18.142671585083008,3631800
2010-09-28,20.149999618530273,20.5,19.940000534057617,20.0,18.007617950439453,2339800
2010-09-29,20.299999237060547,21.200000762939453,20.149999618530273,21.0,18.907995223999023,4807275
2010-09-30,20.850000381469727,21.700000762939453,20.5,21.600000381469727,19.448225021362305,3966550
2010-10-04,21.299999237060547,21.600000381469727,20.649999618530273,20.899999618530273,18.817960739135742,5015250
2010-10-05,20.799999237060547,21.25,20.549999237060547,20.899999618530273,18.817960739135742,2473800
2010-10-06,21.049999237060547,21.600000381469727,20.649999618530273,21.450000762939453,19.31317138671875,2542900
2010-10-07,22.0,22.350000381469727,21.299999237060547,21.899999618530273,19.718341827392578,1714650
2010-10-08,21.899999618530273,22.700000762939453,21.600000381469727,22.649999618530273,20.393625259399414,2041650
2010-10-11,22.700000762939453,22.799999237060547,22.0,22.5,20.258567810058594,3097750
2010-10-12,22.049999237060547,22.899999618530273,22.049999237060547,22.549999237060547,20.303590774536133,4037500
2010-10-13,22.600000381469727,22.899999618530273,22.100000381469727,22.299999237060547,20.078495025634766,4657100
2010-10-14,22.200000762939453,22.399999618530273,21.700000762939453,21.899999618530273,19.718341827392578,7628250
2010-10-15,21.899999618530273,22.049999237060547,21.649999618530273,21.899999618530273,19.718341827392578,2134800
2010-10-18,22.049999237060547,22.649999618530273,21.799999237060547,22.399999618530273,20.16853141784668,4605710
2010-10-19,22.600000381469727,22.600000381469727,22.049999237060547,22.350000381469727,20.123516082763672,2233888
2010-10-20,22.700000762939453,23.850000381469727,21.899999618530273,23.5,21.158950805664062,2239700
2010-10-21,23.5,23.5,22.399999618530273,23.149999618530273,20.843812942504883,3298500
2010-10-22,23.5,24.149999618530273,22.799999237060547,24.0,21.609142303466797,1517200
2010-10-25,24.0,24.200000762939453,23.649999618530273,24.049999237060547,21.654159545898438,1697000
2010-10-26,24.200000762939453,24.25,23.5,24.100000381469727,21.699176788330078,641343
2010-10-27,24.399999618530273,24.450000762939453,23.5,23.850000381469727,21.474082946777344,1555555
2010-10-28,24.0,24.0,23.0,23.350000381469727,21.023895263671875,707383
2010-10-29,24.0,24.0,22.049999237060547,23.0,20.70876121520996,2104500
2010-11-01,23.25,23.25,22.299999237060547,22.899999618530273,20.618722915649414,2014500
2010-11-02,22.950000762939453,23.75,22.600000381469727,23.200000762939453,20.888835906982422,1040050
2010-11-03,23.649999618530273,23.649999618530273,22.600000381469727,22.950000762939453,20.663742065429688,1641000
2010-11-04,23.399999618530273,23.600000381469727,23.100000381469727,23.549999237060547,21.203969955444336,351620
2010-11-05,23.700000762939453,23.75,23.0,23.0,20.70876121520996,1029750
2010-11-08,23.299999237060547,23.700000762939453,22.950000762939453,23.0,20.70876121520996,1981250
2010-11-09,23.100000381469727,23.200000762939453,22.649999618530273,22.75,20.483665466308594,1239337
2010-11-10,23.049999237060547,23.149999618530273,22.850000381469727,22.950000762939453,20.663742065429688,722636
2010-11-11,23.0,23.0,21.850000381469727,22.100000381469727,19.898418426513672,3448500
2010-11-12,22.0,22.200000762939453,21.700000762939453,21.850000381469727,19.673324584960938,726160
2010-11-15,21.850000381469727,22.200000762939453,21.75,21.950000762939453,19.763362884521484,728250
2010-11-16,22.149999618530273,22.149999618530273,21.649999618530273,21.75,19.583280563354492,556460
2010-11-17,21.75,21.75,20.649999618530273,20.899999618530273,18.817960739135742,1134000
2010-11-18,20.75,21.299999237060547,19.899999618530273,20.950000762939453,18.862979888916016,4312771
2010-11-19,21.049999237060547,22.850000381469727,21.049999237060547,22.25,20.033472061157227,3943658
2010-11-22,22.350000381469727,22.950000762939453,22.25,22.549999237060547,20.303590774536133,1375142
2010-11-23,22.549999237060547,22.600000381469727,21.649999618530273,21.950000762939453,19.763362884521484,937124
2010-11-24,22.25,22.299999237060547,21.75,22.100000381469727,19.898418426513672,559000
2010-11-25,22.200000762939453,22.5,21.950000762939453,22.299999237060547,20.078495025634766,994838
2010-11-26,22.350000381469727,22.399999618530273,21.799999237060547,22.0,19.80837631225586,1185250
2010-11-29,21.799999237060547,23.399999618530273,21.799999237060547,22.299999237060547,20.078495025634766,1422250
2010-11-30,22.0,22.0,20.75,20.950000762939453,18.862979888916016,5739050
2010-12-01,21.100000381469727,23.0,21.100000381469727,21.850000381469727,19.673324584960938,2060910
2010-12-02,22.100000381469727,22.149999618530273,21.75,21.850000381469727,19.673324584960938,2108368
2010-12-03,22.0,22.75,22.0,22.399999618530273,20.16853141784668,2720250
2010-12-06,22.5,22.700000762939453,21.649999618530273,21.700000762939453,19.538267135620117,3020750
2010-12-07,21.899999618530273,22.549999237060547,21.399999618530273,22.25,20.033472061157227,1153898
2010-12-08,22.0,22.399999618530273,21.450000762939453,21.600000381469727,19.448225021362305,864750
2010-12-09,21.75,21.75,20.950000762939453,21.649999618530273,19.49324607849121,746000
2010-12-10,21.350000381469727,21.649999618530273,21.0,21.549999237060547,19.4032039642334,1500000
2010-12-13,21.299999237060547,21.5,20.649999618530273,21.149999618530273,19.043054580688477,56012506
2010-12-14,20.899999618530273,21.149999618530273,20.799999237060547,21.0,18.907995223999023,1989250
2010-12-15,21.5,21.5,20.899999618530273,21.149999618530273,19.043054580688477,2616650
2010-12-16,21.0,21.350000381469727,21.0,21.149999618530273,19.043054580688477,3833000
2010-12-17,21.5,21.950000762939453,21.450000762939453,21.899999618530273,19.718341827392578,2392250
2010-12-20,22.0,22.100000381469727,21.649999618530273,21.850000381469727,19.673324584960938,1420500
2010-12-21,22.299999237060547,22.299999237060547,21.75,21.799999237060547,19.6283016204834,2497536
2010-12-22,22.0,22.0,21.299999237060547,21.600000381469727,19.448225021362305,1012950
2010-12-23,21.600000381469727,21.799999237060547,21.0,21.049999237060547,18.953014373779297,3998002
2010-12-24,21.450000762939453,21.450000762939453,21.0,21.299999237060547,19.178112030029297,255500
2010-12-28,21.049999237060547,21.25,20.299999237060547,20.600000381469727,18.5478458404541,728750
2010-12-29,20.5,21.5,20.5,21.450000762939453,19.31317138671875,2312250
2010-12-30,21.299999237060547,21.450000762939453,20.899999618530273,21.0,18.907995223999023,3093600
2010-12-31,21.350000381469727,21.649999618530273,21.0,21.5,19.358186721801758,383705
2011-01-03,22.0,22.200000762939453,21.799999237060547,22.200000762939453,19.98845863342285,851750
2011-01-04,22.200000762939453,22.25,21.600000381469727,21.799999237060547,19.6283016204834,1372450
2011-01-05,21.799999237060547,22.0,20.899999618530273,21.0,18.907995223999023,2693250
2011-01-06,21.25,21.450000762939453,20.950000762939453,20.950000762939453,18.862979888916016,939469
2011-01-07,20.950000762939453,21.200000762939453,20.75,20.950000762939453,18.862979888916016,2519750
2011-01-10,20.950000762939453,21.0,20.100000381469727,20.5,18.457805633544922,2390750
2011-01-11,20.950000762939453,20.850000381469727,20.200000762939453,20.600000381469727,18.5478458404541,926500
2011-01-12,20.700000762939453,20.700000762939453,20.100000381469727,20.200000762939453,18.18769645690918,2162000
2011-01-13,20.450000762939453,20.850000381469727,20.200000762939453,20.5,18.457805633544922,4282636
2011-01-14,20.5,20.600000381469727,20.25,20.350000381469727,18.322751998901367,1916830
2011-01-17,20.299999237060547,20.5,20.0,20.200000762939453,18.18769645690918,1109500
2011-01-18,20.299999237060547,20.5,20.049999237060547,20.299999237060547,18.27773094177246,709500
2011-01-19,20.399999618530273,20.450000762939453,20.299999237060547,20.399999618530273,18.36777114868164,1373000
2011-01-20,20.399999618530273,20.5,20.200000762939453,20.399999618530273,18.36777114868164,1638381
2011-01-21,20.549999237060547,21.200000762939453,20.399999618530273,21.0,18.907995223999023,1192500
2011-01-24,21.299999237060547,21.450000762939453,20.950000762939453,20.950000762939453,18.862979888916016,1018078
2011-01-25,21.200000762939453,21.25,20.950000762939453,21.100000381469727,18.99803352355957,963250
2011-01-26,21.200000762939453,21.25,20.549999237060547,20.700000762939453,18.63788604736328,801500
2011-01-27,20.600000381469727,20.799999237060547,20.25,20.350000381469727,18.322751998901367,1541500
2011-01-28,20.399999618530273,21.350000381469727,20.399999618530273,21.25,19.13309097290039,3483500
2011-01-31,21.0,21.399999618530273,20.5,20.799999237060547,18.727920532226562,2177250
2011-02-01,20.799999237060547,21.100000381469727,20.299999237060547,20.600000381469727,18.5478458404541,557192
2011-02-02,20.850000381469727,21.0,20.649999618530273,20.649999618530273,18.592864990234375,533000
2011-02-07,20.899999618530273,21.200000762939453,20.850000381469727,21.049999237060547,18.953014373779297,1757750
2011-02-08,20.950000762939453,21.75,20.799999237060547,21.350000381469727,19.22313117980957,1656195
2011-02-09,21.350000381469727,21.649999618530273,20.100000381469727,20.100000381469727,18.097652435302734,1840250
2011-02-10,20.100000381469727,20.25,19.940000534057617,20.0,18.007617950439453,5823900
2011-02-11,20.25,20.25,19.219999313354492,19.600000381469727,17.647464752197266,2943650
2011-02-14,19.700000762939453,20.149999618530273,19.700000762939453,19.84000015258789,17.863555908203125,2449370
2011-02-15,19.899999618530273,19.940000534057617,19.100000381469727,19.459999084472656,17.521408081054688,1397500
2011-02-16,19.65999984741211,19.700000762939453,19.420000076293945,19.5,17.55742835998535,2859237
2011-02-17,19.700000762939453,19.700000762939453,18.799999237060547,18.940000534057617,17.053211212158203,2389500
2011-02-18,19.0,19.18000030517578,18.979999542236328,19.100000381469727,17.19727325439453,3791500
2011-02-21,19.0,19.18000030517578,18.84000015258789,18.979999542236328,17.0892276763916,1442140
2011-02-22,18.940000534057617,19.600000381469727,18.81999969482422,19.420000076293945,17.485397338867188,4052750
2011-02-23,19.280000686645508,19.34000015258789,18.799999237060547,18.940000534057617,17.053211212158203,1662050
2011-02-24,18.899999618530273,18.959999084472656,18.5,18.739999771118164,16.873136520385742,2032820
2011-02-25,18.959999084472656,18.959999084472656,18.31999969482422,18.68000030517578,16.81911277770996,1746000
2011-02-28,18.799999237060547,18.920000076293945,18.479999542236328,18.639999389648438,16.783100128173828,1724000
2011-03-01,18.84000015258789,19.18000030517578,18.780000686645508,19.079999923706055,17.17926788330078,1838500
2011-03-02,19.299999237060547,20.100000381469727,19.280000686645508,19.81999969482422,17.845548629760742,2525950
2011-03-03,19.899999618530273,20.200000762939453,19.799999237060547,19.959999084472656,17.97160530090332,2358920
2011-03-04,20.25,20.399999618530273,19.65999984741211,20.149999618530273,18.142671585083008,1542750
2011-03-07,19.979999542236328,20.200000762939453,19.600000381469727,19.860000610351562,17.881561279296875,1535947
2011-03-08,19.860000610351562,20.0,19.520000457763672,19.780000686645508,17.80953598022461,2122500
2011-03-09,19.799999237060547,20.399999618530273,19.719999313354492,19.899999618530273,17.917577743530273,859250
2011-03-10,19.899999618530273,19.899999618530273,19.360000610351562,19.5,17.55742835998535,854250
2011-03-11,19.239999771118164,19.399999618530273,17.860000610351562,17.959999084472656,16.17083740234375,9079600
2011-03-14,17.940000534057617,17.940000534057617,17.020000457763672,17.440000534057617,15.702642440795898,11646250
2011-03-15,17.5,17.5,15.899999618530273,17.0,15.306476593017578,17810900
2011-03-16,17.200000762939453,17.399999618530273,16.739999771118164,17.299999237060547,15.576590538024902,5932000
2011-03-17,16.700000762939453,16.899999618530273,16.31999969482422,16.65999984741211,15.000345230102539,8104493
2011-03-18,17.0,17.940000534057617,16.8799991607666,17.440000534057617,15.702642440795898,7384054
2011-03-21,18.0,18.399999618530273,17.700000762939453,18.31999969482422,16.494979858398438,4469850
2011-03-22,18.399999618530273,18.440000534057617,17.799999237060547,18.200000762939453,16.386932373046875,2706000
2011-03-23,18.399999618530273,18.780000686645508,18.020000457763672,18.219999313354492,16.404939651489258,2410750
2011-03-24,18.700000762939453,18.700000762939453,17.940000534057617,18.260000228881836,16.440956115722656,1247200
2011-03-25,18.200000762939453,18.479999542236328,18.040000915527344,18.440000534057617,16.603023529052734,1744250
2011-03-28,18.979999542236328,18.979999542236328,17.899999618530273,18.280000686645508,16.45896339416504,1696950
2011-03-29,18.399999618530273,18.579999923706055,18.34000015258789,18.579999923706055,16.729076385498047,1365303
2011-03-30,18.579999923706055,18.600000381469727,18.3799991607666,18.600000381469727,16.74708366394043,759964
2011-03-31,18.760000228881836,19.219999313354492,18.5,19.18000030517578,17.269306182861328,1383232
2011-04-01,19.200000762939453,19.200000762939453,18.780000686645508,18.959999084472656,17.07122039794922,1559750
2011-04-04,18.959999084472656,19.979999542236328,18.979999542236328,19.84000015258789,17.863555908203125,1760000
2011-04-06,19.84000015258789,19.979999542236328,19.219999313354492,19.260000228881836,17.341333389282227,1295030
2011-04-07,19.299999237060547,19.299999237060547,18.600000381469727,18.899999618530273,17.017196655273438,1245317
2011-04-08,18.899999618530273,19.059999465942383,18.579999923706055,19.020000457763672,17.125246047973633,1820000
2011-04-11,19.100000381469727,19.100000381469727,18.68000030517578,18.719999313354492,16.85512924194336,1401265
2011-04-12,18.5,18.719999313354492,18.139999389648438,18.5,16.657047271728516,1362500
2011-04-13,18.5,18.799999237060547,18.299999237060547,18.600000381469727,16.74708366394043,1082085
2011-04-14,18.780000686645508,18.799999237060547,18.5,18.780000686645508,16.90915298461914,1095746
2011-04-15,18.719999313354492,18.84000015258789,18.600000381469727,18.719999313354492,16.85512924194336,643250
2011-04-18,18.899999618530273,18.979999542236328,18.6200008392334,18.68000030517578,16.81911277770996,2646000
2011-04-19,18.5,18.5,18.139999389648438,18.399999618530273,16.567007064819336,801785
2011-04-20,18.459999084472656,18.5,18.100000381469727,18.239999771118164,16.422945022583008,1335000
2011-04-21,18.200000762939453,18.219999313354492,17.799999237060547,18.040000915527344,16.24287223815918,2137500
2011-04-26,18.0,18.5,18.0,18.420000076293945,16.585018157958984,3087237
2011-04-27,18.68000030517578,18.719999313354492,18.5,18.5,16.657047271728516,3258650
2011-04-28,18.739999771118164,18.739999771118164,18.219999313354492,18.399999618530273,16.567007064819336,1588232
2011-04-29,18.479999542236328,18.68000030517578,18.459999084472656,18.600000381469727,16.74708366394043,675250
2011-05-03,18.799999237060547,18.799999237060547,18.420000076293945,18.559999465942383,16.711069107055664,769508
2011-05-04,18.559999465942383,18.559999465942383,18.219999313354492,18.459999084472656,16.621030807495117,916199
2011-05-05,18.459999084472656,18.600000381469727,18.420000076293945,18.559999465942383,16.711069107055664,1887850
2011-05-06,18.299999237060547,19.0,18.200000762939453,18.780000686645508,16.90915298461914,767150
2011-05-09,18.940000534057617,19.8799991607666,18.940000534057617,19.84000015258789,17.863555908203125,1910000
2011-05-11,19.979999542236328,20.0,19.34000015258789,19.3799991607666,17.449384689331055,1768833
2011-05-12,19.700000762939453,19.700000762939453,19.239999771118164,19.34000015258789,17.413366317749023,1324250
2011-05-13,19.399999618530273,20.700000762939453,19.399999618530273,20.649999618530273,18.592864990234375,2071000
2011-05-16,20.649999618530273,20.950000762939453,20.299999237060547,20.649999618530273,18.592864990234375,2254050
2011-05-17,20.799999237060547,21.700000762939453,20.649999618530273,21.700000762939453,19.538267135620117,6921400
2011-05-18,21.899999618530273,22.149999618530273,21.450000762939453,21.5,19.358186721801758,4885000
2011-05-19,21.350000381469727,21.649999618530273,20.450000762939453,20.5,18.457805633544922,986000
2011-05-20,20.450000762939453,20.700000762939453,20.0,20.149999618530273,18.142671585083008,1353901
2011-05-23,20.0,21.25,19.6200008392334,20.950000762939453,18.862979888916016,2070500
2011-05-24,20.950000762939453,20.950000762939453,20.0,20.450000762939453,18.41278839111328,1910000
2011-05-25,20.600000381469727,20.649999618530273,20.299999237060547,20.5,18.457805633544922,982040
2011-05-26,20.5,20.700000762939453,20.25,20.649999618530273,18.592864990234375,538000
2011-05-27,20.799999237060547,20.799999237060547,20.5,20.700000762939453,18.63788604736328,237750
2011-05-30,20.700000762939453,21.200000762939453,20.399999618530273,20.700000762939453,18.63788604736328,904250
2011-05-31,20.899999618530273,20.899999618530273,20.049999237060547,20.399999618530273,18.36777114868164,1614250
2011-06-01,20.399999618530273,20.450000762939453,19.65999984741211,19.920000076293945,17.935585021972656,1877535
2011-06-02,19.979999542236328,20.25,19.81999969482422,19.979999542236328,17.989608764648438,2846907
2011-06-03,20.0,20.149999618530273,19.639999389648438,19.799999237060547,17.82754135131836,2127000
2011-06-07,20.200000762939453,20.25,19.8799991607666,19.940000534057617,17.953594207763672,678000
2011-06-08,19.799999237060547,19.899999618530273,19.399999618530273,19.899999618530273,17.917577743530273,2595250
2011-06-09,19.899999618530273,19.899999618530273,19.600000381469727,19.700000762939453,17.737503051757812,2498240
2011-06-10,19.559999465942383,20.100000381469727,19.280000686645508,20.0,18.007617950439453,1146000
2011-06-13,19.520000457763672,19.520000457763672,18.6200008392334,19.200000762939453,17.287311553955078,1345250
2011-06-14,18.979999542236328,19.299999237060547,18.979999542236328,19.18000030517578,17.269306182861328,466250
2011-06-15,18.81999969482422,19.15999984741211,18.81999969482422,19.0,17.10723876953125,546250
2011-06-16,18.959999084472656,19.079999923706055,18.760000228881836,18.899999618530273,17.017196655273438,583250
2011-06-17,18.979999542236328,19.18000030517578,18.81999969482422,18.979999542236328,17.0892276763916,1648533
2011-06-20,19.0,19.100000381469727,18.780000686645508,18.81999969482422,16.945167541503906,1748000
2011-06-21,19.299999237060547,19.299999237060547,18.520000457763672,18.959999084472656,17.07122039794922,2755750
2011-06-22,19.200000762939453,19.200000762939453,18.639999389648438,18.780000686645508,16.90915298461914,3888500
2011-06-23,18.899999618530273,18.979999542236328,18.639999389648438,18.780000686645508,16.90915298461914,1422850
2011-06-24,19.0,19.020000457763672,18.719999313354492,18.780000686645508,16.90915298461914,1517643
2011-06-27,18.399999618530273,18.780000686645508,18.399999618530273,18.6200008392334,16.765092849731445,1830500
2011-06-28,18.600000381469727,19.200000762939453,18.600000381469727,19.020000457763672,17.125246047973633,3870549
2011-06-29,18.979999542236328,20.899999618530273,18.979999542236328,20.700000762939453,18.63788604736328,3728783
2011-06-30,20.600000381469727,21.299999237060547,20.299999237060547,20.799999237060547,18.727920532226562,1745800
2011-07-04,20.899999618530273,21.0,20.25,20.399999618530273,18.36777114868164,2638500
2011-07-05,20.25,21.0,19.959999084472656,20.100000381469727,18.097652435302734,2813233
2011-07-06,20.200000762939453,20.5,20.0,20.0,18.007617950439453,5038824
2011-07-07,20.200000762939453,20.399999618530273,19.84000015258789,20.299999237060547,18.27773094177246,1761000
2011-07-08,20.600000381469727,21.100000381469727,19.979999542236328,21.049999237060547,18.953014373779297,4322750
2011-07-11,20.75,20.950000762939453,20.200000762939453,20.25,18.232711791992188,2164780
2011-07-12,20.25,20.450000762939453,19.899999618530273,20.100000381469727,18.097652435302734,1741703
2011-07-13,20.100000381469727,20.149999618530273,19.559999465942383,19.8799991607666,17.899572372436523,1159250
2011-07-14,19.940000534057617,20.799999237060547,19.8799991607666,20.700000762939453,18.63788604736328,1513491
2011-07-15,20.649999618530273,20.649999618530273,20.299999237060547,20.649999618530273,18.592864990234375,419550
2011-07-18,20.350000381469727,21.100000381469727,20.350000381469727,21.049999237060547,18.953014373779297,587500
2011-07-19,21.0,21.299999237060547,20.049999237060547,21.149999618530273,19.043054580688477,3377500
2011-07-20,21.0,21.350000381469727,20.600000381469727,20.850000381469727,18.77294158935547,1395667
2011-07-21,21.0,21.0,20.5,20.799999237060547,18.727920532226562,1543250
2011-07-22,20.75,21.149999618530273,20.600000381469727,20.899999618530273,18.817960739135742,1952800
2011-07-25,20.700000762939453,20.899999618530273,20.399999618530273,20.75,18.682899475097656,642250
2011-07-26,20.799999237060547,20.799999237060547,20.25,20.450000762939453,18.41278839111328,2128750
2011-07-27,20.5,21.25,20.450000762939453,20.75,18.682899475097656,3749550
2011-07-28,20.5,22.100000381469727,20.450000762939453,22.0,19.80837631225586,4120330
2011-07-29,22.0,22.299999237060547,21.299999237060547,21.450000762939453,19.31317138671875,3046830
2011-08-01,21.950000762939453,22.200000762939453,21.350000381469727,21.649999618530273,19.49324607849121,1248500
2011-08-02,21.649999618530273,21.899999618530273,21.450000762939453,21.700000762939453,19.538267135620117,1052950
2011-08-03,21.450000762939453,21.450000762939453,20.5,20.600000381469727,18.5478458404541,1608750
2011-08-04,20.850000381469727,21.0,20.5,21.0,18.907995223999023,839392
2011-08-05,20.200000762939453,20.25,19.520000457763672,20.200000762939453,18.18769645690918,941470
2011-08-08,19.700000762939453,20.0,19.299999237060547,19.940000534057617,17.953594207763672,2025252
2011-08-09,18.399999618530273,20.299999237060547,17.399999618530273,19.860000610351562,17.881561279296875,2751631
2011-08-10,19.8799991607666,20.950000762939453,19.8799991607666,20.450000762939453,18.41278839111328,2872259
2011-08-11,20.100000381469727,20.450000762939453,19.68000030517578,19.799999237060547,17.82754135131836,2102900
2011-08-12,20.0,20.25,19.700000762939453,19.780000686645508,17.80953598022461,2743489
2011-08-15,19.799999237060547,20.5,19.799999237060547,20.450000762939453,18.41278839111328,1234380
2011-08-16,20.549999237060547,20.600000381469727,19.940000534057617,19.979999542236328,17.989608764648438,859000
2011-08-17,20.049999237060547,20.200000762939453,19.639999389648438,19.700000762939453,17.737503051757812,895500
2011-08-18,19.799999237060547,19.979999542236328,18.760000228881836,18.799999237060547,16.927160263061523,1893100
2011-08-19,18.6200008392334,18.760000228881836,17.959999084472656,17.959999084472656,16.17083740234375,1737400
2011-08-22,18.0,18.200000762939453,16.420000076293945,16.440000534057617,14.802260398864746,5127000
2011-08-23,16.600000381469727,17.6200008392334,16.5,17.280000686645508,15.55858039855957,4170500
2011-08-24,17.420000076293945,17.5,16.440000534057617,16.540000915527344,14.89229965209961,5198737
2011-08-25,16.579999923706055,17.0,16.540000915527344,16.940000534057617,15.252449989318848,2872500
2011-08-26,17.34000015258789,17.579999923706055,16.959999084472656,17.059999465942383,15.36049747467041,2070250
2011-08-29,17.280000686645508,18.399999618530273,17.280000686645508,18.040000915527344,16.24287223815918,2614000
2011-08-30,18.239999771118164,18.559999465942383,18.200000762939453,18.420000076293945,16.585018157958984,2031500
2011-08-31,18.5,18.940000534057617,18.0,18.639999389648438,16.783100128173828,2195394
2011-09-01,18.8799991607666,19.0,18.579999923706055,18.780000686645508,16.90915298461914,1481130
2011-09-02,18.639999389648438,18.639999389648438,18.059999465942383,18.399999618530273,16.567007064819336,720750
2011-09-05,17.899999618530273,17.899999618530273,17.5,17.579999923706055,15.828693389892578,1129436
2011-09-06,17.540000915527344,17.959999084472656,17.200000762939453,17.940000534057617,16.15283203125,431250
2011-09-07,17.920000076293945,17.920000076293945,17.219999313354492,17.5,15.756665229797363,624500
2011-09-08,17.920000076293945,17.920000076293945,17.219999313354492,17.360000610351562,15.630611419677734,507750
2011-09-09,17.399999618530273,17.479999542236328,17.1200008392334,17.399999618530273,15.666624069213867,278050
2011-09-12,17.100000381469727,17.100000381469727,16.299999237060547,16.399999618530273,14.766247749328613,2965000
2011-09-14,16.940000534057617,16.959999084472656,15.479999542236328,15.9399995803833,14.352068901062012,3104624
2011-09-15,16.18000030517578,16.600000381469727,15.960000038146973,16.219999313354492,14.604177474975586,1410601
2011-09-16,16.5,16.799999237060547,16.459999084472656,16.65999984741211,15.000345230102539,932665
2011-09-19,17.100000381469727,17.100000381469727,16.540000915527344,16.6200008392334,14.964329719543457,1628250
2011-09-20,16.600000381469727,16.799999237060547,15.819999694824219,16.1200008392334,14.514140129089355,947770
2011-09-21,16.15999984741211,17.299999237060547,16.0,16.68000030517578,15.018352508544922,1370030
2011-09-22,16.899999618530273,16.940000534057617,16.5,16.68000030517578,15.018352508544922,1940835
2011-09-23,16.280000686645508,16.860000610351562,15.5600004196167,16.280000686645508,14.65820026397705,2589997
2011-09-26,16.0,16.899999618530273,15.619999885559082,15.960000038146973,14.370078086853027,1795000
2011-09-27,16.200000762939453,16.34000015258789,15.5,15.819999694824219,14.244025230407715,2479000
2011-09-28,16.200000762939453,16.700000762939453,15.819999694824219,16.579999923706055,14.928316116333008,2957550
2011-09-30,16.280000686645508,16.5,15.65999984741211,15.819999694824219,14.244025230407715,4999667
2011-10-03,15.800000190734863,15.800000190734863,14.420000076293945,14.539999961853027,13.091537475585938,3543496
2011-10-04,14.300000190734863,14.399999618530273,13.760000228881836,14.0,12.617044448852539,2511442
2011-10-06,14.5,15.0,14.399999618530273,14.680000305175781,13.229873657226562,6721540
2011-10-07,14.800000190734863,15.699999809265137,14.800000190734863,15.119999885559082,13.626408576965332,1461000
2011-10-10,15.380000114440918,15.5,14.5600004196167,15.399999618530273,13.878751754760742,1409500
2011-10-11,15.300000190734863,16.100000381469727,15.300000190734863,16.0,14.41948127746582,2101328
2011-10-12,16.0,16.799999237060547,15.800000190734863,16.3799991607666,14.761942863464355,1999500
2011-10-13,17.5,17.600000381469727,16.700000762939453,17.18000030517578,15.482919692993164,1671750
2011-10-14,17.18000030517578,17.239999771118164,16.799999237060547,16.959999084472656,15.284647941589355,853750
2011-10-17,17.0,17.239999771118164,17.0,17.1200008392334,15.42884635925293,1217500
2011-10-18,16.6200008392334,16.799999237060547,16.360000610351562,16.6200008392334,14.978238105773926,577750
2011-10-19,16.739999771118164,17.1200008392334,16.18000030517578,16.299999237060547,14.68984603881836,2241100
2011-10-20,16.3799991607666,16.5,15.600000381469727,16.0,14.41948127746582,1600000
2011-10-21,16.040000915527344,16.040000915527344,15.380000114440918,15.5,13.968873977661133,1338750
2011-10-24,15.680000305175781,16.479999542236328,15.579999923706055,16.399999618530273,14.779969215393066,4264114
2011-10-25,16.399999618530273,16.459999084472656,15.819999694824219,16.1200008392334,14.527627944946289,2280218
2011-10-26,15.979999542236328,16.540000915527344,15.960000038146973,16.5,14.870089530944824,1689000
2011-10-27,16.360000610351562,17.200000762939453,16.239999771118164,17.15999984741211,15.464895248413086,2552220
2011-10-28,17.739999771118164,18.100000381469727,17.459999084472656,18.0,16.221920013427734,3180340
2011-10-31,18.200000762939453,18.200000762939453,17.18000030517578,17.34000015258789,15.627114295959473,1052970
2011-11-01,17.5,17.5,17.040000915527344,17.059999465942383,15.374770164489746,187766
2011-11-02,17.040000915527344,17.1200008392334,16.399999618530273,16.959999084472656,15.284647941589355,556487
2011-11-03,16.959999084472656,17.399999618530273,16.600000381469727,16.920000076293945,15.248602867126465,785500
2011-11-04,17.3799991607666,17.920000076293945,17.3799991607666,17.8799991607666,16.11376953125,2203150
2011-11-07,17.799999237060547,17.799999237060547,17.239999771118164,17.600000381469727,15.861427307128906,266500
2011-11-08,17.520000457763672,17.540000915527344,16.959999084472656,17.040000915527344,15.356751441955566,812250
2011-11-09,17.100000381469727,17.299999237060547,16.559999465942383,16.6200008392334,14.978238105773926,2060150
2011-11-10,16.040000915527344,16.68000030517578,16.040000915527344,16.15999984741211,14.563676834106445,940000
2011-11-11,16.15999984741211,16.3799991607666,16.15999984741211,16.31999969482422,14.707870483398438,1319290
2011-11-14,16.799999237060547,16.940000534057617,16.540000915527344,16.860000610351562,15.194531440734863,855650
2011-11-15,16.700000762939453,16.860000610351562,16.6200008392334,16.700000762939453,15.050333976745605,1167450
2011-11-16,16.84000015258789,16.84000015258789,16.1200008392334,16.280000686645508,14.671821594238281,1937450
2011-11-17,16.280000686645508,16.959999084472656,16.280000686645508,16.8799991607666,15.21255111694336,659000
2011-11-18,16.799999237060547,17.15999984741211,16.059999465942383,16.600000381469727,14.960212707519531,2954335
2011-11-21,16.399999618530273,17.0,16.040000915527344,16.420000076293945,14.797993659973145,922000
2011-11-22,16.299999237060547,16.600000381469727,16.040000915527344,16.18000030517578,14.581700325012207,1356080
2011-11-23,15.800000190734863,16.260000228881836,15.119999885559082,15.279999732971191,13.77060604095459,2186600
2011-11-24,15.260000228881836,15.260000228881836,14.600000381469727,15.0,13.518263816833496,1304750
2011-11-25,15.0,15.0,14.800000190734863,14.819999694824219,13.35604476928711,1204481
2011-11-28,14.979999542236328,15.460000038146973,14.979999542236328,15.420000076293945,13.89677619934082,2250000
2011-11-29,14.800000190734863,14.960000038146973,14.199999809265137,14.539999961853027,13.103702545166016,9680650
2011-11-30,14.399999618530273,14.5600004196167,13.800000190734863,13.800000190734863,12.436803817749023,4068006
2011-12-01,14.300000190734863,14.600000381469727,14.079999923706055,14.119999885559082,12.725191116333008,6762456
2011-12-02,14.15999984741211,15.279999732971191,14.15999984741211,15.180000305175781,13.680484771728516,4062561
2011-12-05,15.4399995803833,15.4399995803833,14.880000114440918,15.100000381469727,13.60838508605957,5096963
2011-12-06,15.199999809265137,15.399999618530273,15.199999809265137,15.220000267028809,13.716531753540039,1012750
2011-12-07,15.0,15.34000015258789,15.0,15.300000190734863,13.788630485534668,782939
2011-12-08,15.020000457763672,15.34000015258789,15.020000457763672,15.300000190734863,13.788630485534668,627446
2011-12-09,15.0,15.260000228881836,15.0,15.220000267028809,13.716531753540039,556661
2011-12-12,15.300000190734863,15.300000190734863,14.899999618530273,15.0,13.518263816833496,1623912
2011-12-13,14.960000038146973,15.0,14.619999885559082,14.960000038146973,13.48221492767334,663650
2011-12-14,14.600000381469727,14.84000015258789,14.600000381469727,14.800000190734863,13.338020324707031,2089086
2011-12-15,14.680000305175781,14.680000305175781,14.300000190734863,14.520000457763672,13.085679054260254,5750500
2011-12-16,14.520000457763672,14.600000381469727,14.380000114440918,14.460000038146973,13.03160572052002,1860000
2011-12-19,14.5,14.920000076293945,14.460000038146973,14.800000190734863,13.338020324707031,522350
2011-12-20,14.699999809265137,14.779999732971191,14.399999618530273,14.600000381469727,13.157777786254883,842500
2011-12-21,14.819999694824219,14.819999694824219,14.359999656677246,14.5,13.067654609680176,960750
2011-12-22,14.5,14.579999923706055,14.34000015258789,14.5,13.067654609680176,1227900
2011-12-23,14.5600004196167,14.739999771118164,14.5600004196167,14.680000305175781,13.229873657226562,552416
2011-12-28,14.640000343322754,14.640000343322754,14.199999809265137,14.420000076293945,12.995558738708496,415100
2011-12-29,14.760000228881836,14.760000228881836,14.260000228881836,14.680000305175781,13.229873657226562,1417000
2011-12-30,14.699999809265137,15.880000114440918,14.619999885559082,15.600000381469727,14.058995246887207,2456003
2012-01-03,15.739999771118164,15.739999771118164,15.380000114440918,15.4399995803833,13.91479778289795,416656
2012-01-04,15.800000190734863,15.899999618530273,14.880000114440918,14.880000114440918,13.410117149353027,455250
2012-01-05,15.279999732971191,15.279999732971191,14.65999984741211,15.119999885559082,13.626408576965332,379000
2012-01-06,15.100000381469727,15.479999542236328,15.020000457763672,15.079999923706055,13.590360641479492,852170
2012-01-09,15.100000381469727,15.100000381469727,14.699999809265137,14.899999618530273,13.428140640258789,861500
2012-01-10,15.279999732971191,15.399999618530273,15.0,15.279999732971191,13.77060604095459,461457
2012-01-11,15.300000190734863,15.34000015258789,15.0,15.119999885559082,13.626408576965332,1014750
2012-01-12,15.399999618530273,15.479999542236328,15.0,15.100000381469727,13.60838508605957,616695
2012-01-13,15.300000190734863,15.619999885559082,15.15999984741211,15.239999771118164,13.7345552444458,1432435
2012-01-16,15.100000381469727,15.319999694824219,15.100000381469727,15.279999732971191,13.77060604095459,456750
2012-01-17,15.380000114440918,16.100000381469727,15.380000114440918,15.880000114440918,14.311334609985352,958300
2012-01-18,16.0,16.459999084472656,15.640000343322754,16.040000915527344,14.45553207397461,1178500
2012-01-19,16.200000762939453,16.65999984741211,16.059999465942383,16.280000686645508,14.671821594238281,1267971
2012-01-20,16.299999237060547,16.299999237060547,15.5,16.040000915527344,14.45553207397461,2084567
2012-01-26,16.139999389648438,16.5,15.960000038146973,16.18000030517578,14.581700325012207,724183
2012-01-27,16.0,16.059999465942383,15.859999656677246,16.020000457763672,14.437505722045898,2375250
2012-01-30,15.899999618530273,16.020000457763672,15.899999618530273,15.979999542236328,14.401457786560059,1996705
2012-01-31,16.200000762939453,17.3799991607666,16.200000762939453,17.040000915527344,15.356751441955566,3324000
2012-02-01,17.040000915527344,17.799999237060547,17.0,17.459999084472656,15.735260009765625,2320444
2012-02-02,17.520000457763672,17.579999923706055,17.15999984741211,17.260000228881836,15.555014610290527,1535399
2012-02-03,17.100000381469727,17.260000228881836,16.920000076293945,17.040000915527344,15.356751441955566,4171250
2012-02-06,17.200000762939453,18.200000762939453,17.200000762939453,17.760000228881836,16.00562286376953,2662200
2012-02-07,17.760000228881836,18.260000228881836,17.600000381469727,17.899999618530273,16.131792068481445,1606638
2012-02-08,18.0,18.139999389648438,17.65999984741211,18.0,16.221920013427734,1469210
2012-02-09,17.799999237060547,18.059999465942383,17.799999237060547,17.899999618530273,16.131792068481445,5712142
2012-02-10,19.0,19.0,18.200000762939453,18.299999237060547,16.492280960083008,2862110
2012-02-13,18.299999237060547,18.299999237060547,18.079999923706055,18.15999984741211,16.36610984802246,508620
2012-02-14,18.200000762939453,18.260000228881836,17.579999923706055,17.719999313354492,15.969573020935059,2751188
2012-02-15,17.959999084472656,17.959999084472656,17.219999313354492,17.799999237060547,16.04167366027832,2364928
2012-02-16,17.899999618530273,17.959999084472656,17.600000381469727,17.899999618530273,16.131792068481445,1880941
2012-02-17,18.1200008392334,18.299999237060547,17.799999237060547,17.959999084472656,16.18586540222168,741951
2012-02-20,18.100000381469727,18.280000686645508,17.780000686645508,17.84000015258789,16.07771873474121,556250
2012-02-21,18.0,18.0,17.0,17.600000381469727,15.861427307128906,1344630
2012-02-22,17.600000381469727,18.399999618530273,17.559999465942383,18.31999969482422,16.51030731201172,1314000
2012-02-23,17.700000762939453,18.3799991607666,17.700000762939453,18.260000228881836,16.456233978271484,1234028
2012-02-24,18.200000762939453,18.420000076293945,17.959999084472656,18.139999389648438,16.348087310791016,244050
2012-02-27,18.1200008392334,18.200000762939453,17.65999984741211,17.719999313354492,15.969573020935059,1437850
2012-02-28,17.719999313354492,18.5,17.719999313354492,18.3799991607666,16.56437873840332,556250
2012-02-29,18.200000762939453,18.5,18.079999923706055,18.34000015258789,16.528331756591797,1752445
2012-03-01,18.34000015258789,18.34000015258789,18.0,18.100000381469727,16.312036514282227,162465
2012-03-02,18.399999618530273,18.65999984741211,18.200000762939453,18.6200008392334,16.780672073364258,14096000
2012-03-05,18.899999618530273,19.299999237060547,18.520000457763672,19.020000457763672,17.14116096496582,2754100
2012-03-06,18.899999618530273,18.899999618530273,18.15999984741211,18.399999618530273,16.582401275634766,2803750
2012-03-07,18.299999237060547,18.639999389648438,18.040000915527344,18.5,16.67252540588379,13390140
2012-03-08,18.899999618530273,19.34000015258789,18.700000762939453,18.81999969482422,16.960912704467773,2773320
2012-03-09,18.899999618530273,19.0,18.719999313354492,18.860000610351562,16.996963500976562,608510
2012-03-12,18.860000610351562,18.8799991607666,18.1200008392334,18.540000915527344,16.708576202392578,7184420
2012-03-13,18.84000015258789,18.8799991607666,18.760000228881836,18.81999969482422,16.960912704467773,389750
2012-03-14,19.100000381469727,19.200000762939453,18.940000534057617,19.059999465942383,17.177207946777344,433250
2012-03-15,19.059999465942383,19.139999389648438,18.639999389648438,18.799999237060547,16.94289207458496,389710
2012-03-16,19.100000381469727,19.100000381469727,18.579999923706055,18.65999984741211,16.816720962524414,865410
2012-03-20,18.81999969482422,18.81999969482422,18.520000457763672,18.65999984741211,16.816720962524414,115500
2012-03-21,18.780000686645508,18.959999084472656,18.299999237060547,18.81999969482422,16.960912704467773,623000
2012-03-22,18.719999313354492,18.799999237060547,18.479999542236328,18.5,16.67252540588379,272570
2012-03-23,18.5,18.5,17.799999237060547,18.299999237060547,16.492280960083008,634580
2012-03-26,18.440000534057617,18.600000381469727,18.219999313354492,18.559999465942383,16.726600646972656,388958
2012-03-27,18.799999237060547,18.799999237060547,18.219999313354492,18.579999923706055,16.744625091552734,560044
2012-03-28,18.700000762939453,18.799999237060547,18.200000762939453,18.559999465942383,16.726600646972656,948395
2012-03-29,18.540000915527344,18.639999389648438,18.299999237060547,18.34000015258789,16.528331756591797,438505
2012-03-30,18.700000762939453,18.700000762939453,18.100000381469727,18.3799991607666,16.56437873840332,450537
2012-04-02,18.299999237060547,19.31999969482422,18.1200008392334,19.200000762939453,17.30337905883789,1142300
2012-04-03,19.5,19.6200008392334,19.31999969482422,19.5,17.573741912841797,619790
2012-04-05,19.600000381469727,19.600000381469727,19.31999969482422,19.459999084472656,17.537694931030273,601680
2012-04-10,19.459999084472656,19.459999084472656,18.860000610351562,18.940000534057617,17.06905746459961,295250
2012-04-11,18.799999237060547,19.0,18.600000381469727,18.979999542236328,17.1051082611084,261380
2012-04-12,19.0,19.100000381469727,18.799999237060547,18.979999542236328,17.1051082611084,235500
2012-04-13,19.079999923706055,19.479999542236328,19.0,19.31999969482422,17.411521911621094,609500
2012-04-16,19.040000915527344,19.260000228881836,18.920000076293945,19.079999923706055,17.195234298706055,371500
2012-04-17,19.0,19.260000228881836,18.700000762939453,19.100000381469727,17.213253021240234,309500
2012-04-18,19.200000762939453,19.260000228881836,18.899999618530273,19.260000228881836,17.357450485229492,763108
2012-04-19,19.260000228881836,19.399999618530273,19.100000381469727,19.3799991607666,17.465595245361328,558940
2012-04-20,19.219999313354492,20.299999237060547,19.020000457763672,20.149999618530273,18.15953826904297,955550
2012-04-23,20.0,20.600000381469727,19.920000076293945,20.399999618530273,18.384838104248047,670000
2012-04-24,20.5,20.5,19.760000228881836,19.799999237060547,17.84410858154297,824250
2012-04-25,19.799999237060547,20.0,19.799999237060547,19.979999542236328,18.006324768066406,374350
2012-04-26,19.959999084472656,20.100000381469727,19.780000686645508,20.0,18.024349212646484,1021500
2012-04-27,20.200000762939453,21.0,20.100000381469727,20.799999237060547,18.74532699584961,1043226
2012-04-30,20.850000381469727,21.0,20.5,20.700000762939453,18.655202865600586,1116750
2012-05-02,20.799999237060547,20.799999237060547,19.959999084472656,19.979999542236328,18.006324768066406,3209290
2012-05-03,19.799999237060547,20.149999618530273,19.420000076293945,19.459999084472656,17.537694931030273,1329075
2012-05-04,19.5,19.6200008392334,19.299999237060547,19.540000915527344,17.609792709350586,724466
2012-05-07,19.440000534057617,19.440000534057617,18.979999542236328,19.18000030517578,17.285354614257812,985750
2012-05-08,19.18000030517578,19.739999771118164,19.18000030517578,19.399999618530273,17.483623504638672,2087366
2012-05-09,19.200000762939453,19.200000762939453,18.8799991607666,19.020000457763672,17.14116096496582,1021750
2012-05-10,18.780000686645508,19.579999923706055,18.780000686645508,19.100000381469727,17.213253021240234,671574
2012-05-11,19.079999923706055,19.3799991607666,18.899999618530273,19.15999984741211,17.2673282623291,170500
2012-05-14,19.020000457763672,19.15999984741211,18.940000534057617,19.139999389648438,17.24930191040039,240037
2012-05-15,19.139999389648438,19.440000534057617,19.0,19.399999618530273,17.483623504638672,545625
2012-05-16,19.3799991607666,19.399999618530273,19.0,19.1200008392334,17.231277465820312,903180
2012-05-17,19.020000457763672,19.020000457763672,18.8799991607666,19.0,17.123136520385742,606103
2012-05-18,18.8799991607666,18.8799991607666,18.65999984741211,18.700000762939453,16.852771759033203,937820
2012-05-21,18.5,19.0,18.5,18.940000534057617,17.06905746459961,800000
2012-05-22,19.0,19.420000076293945,19.0,19.399999618530273,17.483623504638672,360118
2012-05-23,19.34000015258789,19.34000015258789,19.100000381469727,19.15999984741211,17.2673282623291,295967
2012-05-24,19.0,19.700000762939453,19.0,19.6200008392334,17.681888580322266,923500
2012-05-25,19.420000076293945,19.520000457763672,19.079999923706055,19.479999542236328,17.55571937561035,586250
2012-05-28,19.479999542236328,19.559999465942383,19.1200008392334,19.459999084472656,17.537694931030273,297845
2012-05-29,19.600000381469727,19.719999313354492,19.479999542236328,19.700000762939453,17.75398826599121,351481
2012-05-30,19.5,19.780000686645508,19.299999237060547,19.399999618530273,17.483623504638672,1021500
2012-05-31,19.100000381469727,19.219999313354492,18.700000762939453,18.940000534057617,17.06905746459961,2139220
2012-06-01,18.899999618530273,18.920000076293945,18.639999389648438,18.799999237060547,16.94289207458496,1669443
2012-06-04,18.600000381469727,18.799999237060547,18.5,18.600000381469727,16.762645721435547,1547000
2012-06-05,18.600000381469727,18.799999237060547,18.260000228881836,18.639999389648438,16.798694610595703,951888
2012-06-06,18.600000381469727,18.700000762939453,18.31999969482422,18.600000381469727,16.762645721435547,319750
2012-06-07,19.0,19.040000915527344,18.34000015258789,18.520000457763672,16.6905517578125,679800
2012-06-08,18.540000915527344,18.860000610351562,18.399999618530273,18.639999389648438,16.798694610595703,755320
2012-06-11,18.920000076293945,19.1200008392334,18.5,19.020000457763672,17.14116096496582,688450
2012-06-12,18.799999237060547,19.31999969482422,18.6200008392334,19.260000228881836,17.357450485229492,289250
2012-06-13,19.18000030517578,19.299999237060547,19.0,19.18000030517578,17.285354614257812,475250
2012-06-14,19.0,19.299999237060547,18.520000457763672,19.020000457763672,17.14116096496582,629375
2012-06-15,19.0,19.200000762939453,18.68000030517578,19.079999923706055,17.195234298706055,413988
2012-06-18,19.399999618530273,19.399999618530273,19.100000381469727,19.299999237060547,17.393497467041016,437227
2012-06-19,19.780000686645508,20.0,19.579999923706055,19.860000610351562,17.898183822631836,1158350
2012-06-20,19.899999618530273,20.799999237060547,19.8799991607666,20.649999618530273,18.610143661499023,1725547
2012-06-21,20.450000762939453,20.600000381469727,20.25,20.5,18.474958419799805,781380
2012-06-22,20.350000381469727,21.100000381469727,20.25,20.850000381469727,18.79038429260254,2023221
2012-06-25,21.0,21.0,20.700000762939453,20.950000762939453,18.880512237548828,576251
2012-06-26,21.0,21.0,20.25,20.399999618530273,18.384838104248047,999763
2012-06-27,20.5,21.350000381469727,20.5,21.100000381469727,19.01569366455078,3002518
2012-06-28,20.950000762939453,21.649999618530273,20.950000762939453,21.25,19.150876998901367,3526236
2012-06-29,21.100000381469727,21.450000762939453,20.850000381469727,21.350000381469727,19.240995407104492,614100
2012-07-03,21.5,21.649999618530273,20.700000762939453,21.399999618530273,19.28605842590332,971454
2012-07-04,21.600000381469727,21.600000381469727,20.75,21.149999618530273,19.060747146606445,1860470
2012-07-05,21.350000381469727,21.350000381469727,20.5,20.649999618530273,18.610143661499023,725400
2012-07-06,21.049999237060547,21.100000381469727,20.700000762939453,20.899999618530273,18.835445404052734,652000
2012-07-09,20.700000762939453,21.200000762939453,20.549999237060547,21.0,18.925569534301758,575000
2012-07-10,20.850000381469727,21.200000762939453,20.399999618530273,21.0,18.925569534301758,503940
2012-07-11,21.0,21.0,20.25,20.5,18.474958419799805,467575
2012-07-12,20.5,20.5,20.149999618530273,20.25,18.249656677246094,582360
2012-07-13,20.100000381469727,20.100000381469727,19.18000030517578,19.219999313354492,17.321401596069336,2435058
2012-07-16,19.399999618530273,20.299999237060547,19.299999237060547,20.25,18.249656677246094,1859886
2012-07-17,20.200000762939453,20.450000762939453,19.920000076293945,20.0,18.024349212646484,781000
2012-07-18,20.100000381469727,20.149999618530273,19.579999923706055,19.719999313354492,17.772008895874023,595363
2012-07-19,20.149999618530273,20.299999237060547,19.940000534057617,20.200000762939453,18.2045955657959,196200
2012-07-20,20.350000381469727,20.700000762939453,20.100000381469727,20.25,18.249656677246094,613910
2012-07-23,20.0,20.200000762939453,19.5,20.0,18.024349212646484,960340
2012-07-24,20.450000762939453,20.450000762939453,19.940000534057617,20.299999237060547,18.294719696044922,346580
2012-07-25,20.299999237060547,20.299999237060547,19.700000762939453,19.799999237060547,17.84410858154297,1745256
2012-07-26,19.860000610351562,20.100000381469727,19.6200008392334,20.0,18.024349212646484,516990
2012-07-27,20.299999237060547,21.0,20.299999237060547,20.850000381469727,18.79038429260254,1136050
2012-07-30,21.0,21.0,19.979999542236328,20.0,18.024349212646484,449123
2012-07-31,20.200000762939453,20.850000381469727,20.149999618530273,20.25,18.249656677246094,1747161
2012-08-01,20.350000381469727,20.399999618530273,19.920000076293945,20.200000762939453,18.2045955657959,1454945
2012-08-02,20.049999237060547,20.200000762939453,19.799999237060547,19.899999618530273,17.93423080444336,419620
2012-08-03,19.6200008392334,19.780000686645508,19.100000381469727,19.18000030517578,17.285354614257812,2384610
2012-08-06,19.459999084472656,19.520000457763672,19.3799991607666,19.420000076293945,17.50164794921875,496500
2012-08-07,19.399999618530273,19.799999237060547,19.18000030517578,19.219999313354492,17.321401596069336,471500
2012-08-08,19.479999542236328,19.579999923706055,19.059999465942383,19.1200008392334,17.231277465820312,1019030
2012-08-09,19.139999389648438,19.479999542236328,19.139999389648438,19.420000076293945,17.50164794921875,712679
2012-08-10,19.420000076293945,19.479999542236328,19.059999465942383,19.100000381469727,17.213253021240234,667000
2012-08-13,19.100000381469727,19.219999313354492,19.059999465942383,19.100000381469727,17.213253021240234,453250
2012-08-14,19.100000381469727,19.100000381469727,18.780000686645508,18.899999618530273,17.033010482788086,424750
2012-08-15,18.940000534057617,19.0,18.700000762939453,18.780000686645508,16.92486572265625,707000
2012-08-16,18.780000686645508,19.15999984741211,18.719999313354492,19.100000381469727,17.213253021240234,714620
2012-08-17,19.040000915527344,19.100000381469727,18.799999237060547,18.84000015258789,16.978939056396484,814546
2012-08-20,18.739999771118164,18.979999542236328,18.739999771118164,18.899999618530273,17.033010482788086,285750
2012-08-21,18.899999618530273,19.0,18.899999618530273,18.940000534057617,17.06905746459961,690250
2012-08-22,18.940000534057617,18.979999542236328,18.81999969482422,18.860000610351562,16.996963500976562,327620
2012-08-23,18.739999771118164,18.899999618530273,18.579999923706055,18.739999771118164,16.888816833496094,1286473
2012-08-24,18.81999969482422,19.0,18.5,18.520000457763672,16.6905517578125,3459250
2012-08-27,18.6200008392334,18.959999084472656,18.600000381469727,18.899999618530273,17.033010482788086,271840
2012-08-28,18.899999618530273,19.0,18.739999771118164,18.8799991607666,17.01498794555664,238750
2012-08-29,18.979999542236328,19.899999618530273,18.860000610351562,19.68000030517578,17.735963821411133,3548500
2012-08-30,19.5,19.68000030517578,19.31999969482422,19.579999923706055,17.645841598510742,343000
2012-08-31,19.81999969482422,19.979999542236328,19.399999618530273,19.799999237060547,17.84410858154297,975480
2012-09-03,19.739999771118164,20.100000381469727,19.68000030517578,19.860000610351562,17.898183822631836,523450
2012-09-04,19.940000534057617,20.049999237060547,19.760000228881836,19.979999542236328,18.006324768066406,606650
2012-09-05,19.979999542236328,20.25,19.65999984741211,20.0,18.024349212646484,1081780
2012-09-06,19.860000610351562,20.25,19.739999771118164,19.899999618530273,17.93423080444336,466130
2012-09-07,20.200000762939453,20.299999237060547,19.8799991607666,20.25,18.249656677246094,226900
2012-09-10,20.25,20.399999618530273,20.0,20.100000381469727,18.11447525024414,237500
2012-09-11,20.100000381469727,20.200000762939453,19.979999542236328,20.100000381469727,18.11447525024414,513850
2012-09-12,20.149999618530273,20.399999618530273,20.049999237060547,20.399999618530273,18.384838104248047,514627
2012-09-13,20.5,20.950000762939453,20.5,20.950000762939453,18.880512237548828,773050
2012-09-14,21.0,21.200000762939453,20.5,20.600000381469727,18.565082550048828,366000
2012-09-17,20.700000762939453,20.899999618530273,20.399999618530273,20.5,18.474958419799805,357760
2012-09-18,20.75,20.75,20.0,20.0,18.024349212646484,381122
2012-09-19,20.200000762939453,20.299999237060547,19.940000534057617,20.299999237060547,18.294719696044922,271250
2012-09-20,20.049999237060547,20.100000381469727,19.979999542236328,20.0,18.024349212646484,370484
2012-09-21,19.979999542236328,20.049999237060547,19.739999771118164,19.8799991607666,17.91620445251465,459250
2012-09-24,19.8799991607666,20.75,19.8799991607666,20.450000762939453,18.429901123046875,822659
2012-09-25,20.299999237060547,20.450000762939453,20.149999618530273,20.450000762939453,18.429901123046875,244250
2012-09-26,20.049999237060547,20.25,19.81999969482422,20.049999237060547,18.06941032409668,471815
2012-09-27,19.920000076293945,20.299999237060547,19.8799991607666,20.049999237060547,18.06941032409668,739330
2012-09-28,20.049999237060547,20.850000381469727,19.81999969482422,20.5,18.474958419799805,439280
2012-10-03,20.5,21.0,20.5,20.950000762939453,18.880512237548828,1221591
2012-10-04,21.0,21.149999618530273,20.75,21.049999237060547,18.97062873840332,765960
2012-10-05,20.950000762939453,21.25,20.700000762939453,21.0,18.94780158996582,879380
2012-10-08,20.899999618530273,21.299999237060547,20.899999618530273,21.0,18.94780158996582,463204
2012-10-09,21.100000381469727,21.299999237060547,21.0,21.25,19.17337417602539,1003454
2012-10-10,21.049999237060547,21.200000762939453,20.899999618530273,21.0,18.94780158996582,1018000
2012-10-11,21.0,21.0,20.799999237060547,20.899999618530273,18.857572555541992,375750
2012-10-12,21.0,22.0,20.899999618530273,22.0,19.85007667541504,1266099
2012-10-15,21.600000381469727,22.049999237060547,21.200000762939453,22.049999237060547,19.895193099975586,560010
2012-10-16,21.700000762939453,21.899999618530273,21.399999618530273,21.799999237060547,19.66962432861328,695100
2012-10-17,21.799999237060547,22.799999237060547,21.649999618530273,22.5,20.30121421813965,1552250
2012-10-18,22.600000381469727,22.850000381469727,22.5,22.850000381469727,20.617013931274414,1217400
2012-10-19,22.75,22.850000381469727,22.549999237060547,22.850000381469727,20.617013931274414,628500
2012-10-22,22.350000381469727,22.600000381469727,22.049999237060547,22.5,20.30121421813965,1260000
2012-10-24,22.600000381469727,25.0,22.600000381469727,23.399999618530273,21.113265991210938,1613500
2012-10-25,23.25,24.200000762939453,23.100000381469727,23.700000762939453,21.383949279785156,2370298
2012-10-26,23.25,23.75,23.100000381469727,23.600000381469727,21.293720245361328,1882098
2012-10-29,23.350000381469727,24.649999618530273,23.350000381469727,24.5,22.105772018432617,524750
2012-10-30,24.350000381469727,24.700000762939453,23.950000762939453,24.0,21.654630661010742,300800
2012-10-31,24.200000762939453,24.200000762939453,23.649999618530273,24.149999618530273,21.78997039794922,3088500
2012-11-01,23.899999618530273,24.700000762939453,23.899999618530273,24.299999237060547,21.925312042236328,982046
2012-11-02,24.5,24.5,23.950000762939453,24.200000762939453,21.8350887298584,1174750
2012-11-05,24.399999618530273,24.399999618530273,24.049999237060547,24.049999237060547,21.69974708557129,234250
2012-11-06,24.0,24.200000762939453,23.549999237060547,24.149999618530273,21.78997039794922,1092860
2012-11-07,24.0,24.149999618530273,23.5,23.75,21.429061889648438,592490
2012-11-08,23.700000762939453,23.75,23.299999237060547,23.549999237060547,21.248605728149414,742750
2012-11-09,23.549999237060547,23.899999618530273,23.25,23.75,21.429061889648438,967750
2012-11-12,23.600000381469727,23.600000381469727,23.25,23.399999618530273,21.113265991210938,988368
2012-11-13,23.200000762939453,23.75,23.100000381469727,23.399999618530273,21.113265991210938,1058585
2012-11-14,23.5,23.799999237060547,23.200000762939453,23.700000762939453,21.383949279785156,911557
2012-11-15,23.700000762939453,24.0,23.5,23.649999618530273,21.338836669921875,107533
2012-11-16,23.549999237060547,23.799999237060547,23.049999237060547,23.600000381469727,21.293720245361328,366500
2012-11-19,23.5,23.899999618530273,23.200000762939453,23.649999618530273,21.338836669921875,2072750
2012-11-20,23.799999237060547,24.149999618530273,23.75,24.0,21.654630661010742,2112000
2012-11-21,23.950000762939453,24.149999618530273,22.799999237060547,24.100000381469727,21.744853973388672,568000
2012-11-22,24.0,24.299999237060547,23.899999618530273,24.25,21.880197525024414,268198
2012-11-23,24.299999237060547,24.299999237060547,23.899999618530273,24.149999618530273,21.78997039794922,419250
2012-11-26,24.100000381469727,24.299999237060547,24.0,24.25,21.880197525024414,426202
2012-11-27,24.0,25.649999618530273,24.0,25.600000381469727,23.098270416259766,980739
2012-11-28,25.100000381469727,25.25,23.899999618530273,24.350000381469727,21.97043228149414,3386978
2012-11-29,24.549999237060547,24.600000381469727,24.100000381469727,24.200000762939453,21.8350887298584,2494265
2012-11-30,24.200000762939453,24.299999237060547,23.25,23.75,21.429061889648438,1770015
2012-12-03,23.950000762939453,23.950000762939453,23.5,23.549999237060547,21.248605728149414,605550
2012-12-04,23.600000381469727,23.600000381469727,23.049999237060547,23.399999618530273,21.113265991210938,714665
2012-12-05,23.0,24.5,23.0,24.299999237060547,21.925312042236328,994925
2012-12-06,24.299999237060547,24.700000762939453,24.049999237060547,24.450000762939453,22.060657501220703,369423
2012-12-07,24.600000381469727,24.649999618530273,24.200000762939453,24.549999237060547,22.150882720947266,327900
2012-12-10,24.700000762939453,24.799999237060547,24.5,24.700000762939453,22.286224365234375,262500
2012-12-11,24.700000762939453,25.899999618530273,24.700000762939453,25.450000762939453,22.962934494018555,1725850
2012-12-12,25.649999618530273,25.950000762939453,24.399999618530273,25.649999618530273,23.143386840820312,994970
2012-12-13,25.700000762939453,26.25,25.450000762939453,25.75,23.233610153198242,468700
2012-12-14,25.799999237060547,26.049999237060547,25.5,25.899999618530273,23.368955612182617,669197
2012-12-17,25.899999618530273,25.899999618530273,25.0,25.200000762939453,22.73736572265625,641000
2012-12-18,25.100000381469727,25.25,25.0,25.200000762939453,22.73736572265625,480416
2012-12-19,25.5,26.0,25.5,25.899999618530273,23.368955612182617,439148
2012-12-20,25.649999618530273,25.899999618530273,25.399999618530273,25.649999618530273,23.143386840820312,111722
2012-12-21,25.850000381469727,26.049999237060547,24.049999237060547,25.5,23.008045196533203,1098000
2012-12-24,25.850000381469727,26.0,24.700000762939453,24.899999618530273,22.466678619384766,1106814
2012-12-27,24.899999618530273,25.600000381469727,24.649999618530273,24.850000381469727,22.42156219482422,451861
2012-12-28,24.600000381469727,24.850000381469727,24.549999237060547,24.649999618530273,22.24110984802246,859700
2012-12-31,24.700000762939453,24.950000762939453,21.5,24.549999237060547,22.150882720947266,940600
2013-01-02,25.200000762939453,25.200000762939453,24.600000381469727,24.75,22.33133888244629,680371
2013-01-03,25.200000762939453,25.200000762939453,24.299999237060547,24.600000381469727,22.19599723815918,721575
2013-01-04,25.0,25.0,24.399999618530273,24.549999237060547,22.150882720947266,602561
2013-01-07,24.549999237060547,25.899999618530273,24.399999618530273,25.799999237060547,23.278728485107422,1620711
2013-01-08,25.5,25.600000381469727,25.0,25.299999237060547,22.82758903503418,233250
2013-01-09,25.299999237060547,25.299999237060547,25.0,25.25,22.78247833251953,562054
2013-01-10,25.100000381469727,25.649999618530273,25.0,25.350000381469727,22.872703552246094,751000
2013-01-11,25.399999618530273,26.0,25.350000381469727,25.799999237060547,23.278728485107422,1330250
2013-01-14,25.899999618530273,26.0,25.5,25.75,23.233610153198242,323297
2013-01-15,25.5,25.799999237060547,25.100000381469727,25.700000762939453,23.188505172729492,396450
2013-01-16,25.549999237060547,25.850000381469727,25.200000762939453,25.75,23.233610153198242,720578
2013-01-17,25.75,26.649999618530273,25.549999237060547,26.549999237060547,23.955434799194336,877000
2013-01-18,26.350000381469727,26.450000762939453,26.100000381469727,26.200000762939453,23.6396427154541,442755
2013-01-21,26.5,26.799999237060547,26.5,26.600000381469727,24.00054931640625,434500
2013-01-22,27.0,27.149999618530273,26.600000381469727,27.100000381469727,24.45168685913086,332650
2013-01-23,27.0,27.600000381469727,26.799999237060547,27.299999237060547,24.632143020629883,949900
2013-01-24,26.950000762939453,27.0,26.149999618530273,26.200000762939453,23.6396427154541,564250
2013-01-25,26.25,26.450000762939453,25.200000762939453,25.549999237060547,23.053159713745117,1390550
2013-01-28,26.200000762939453,26.200000762939453,25.0,25.049999237060547,22.60202407836914,1499000
2013-01-29,25.0,25.5,25.0,25.200000762939453,22.73736572265625,1190500
2013-01-30,25.350000381469727,25.649999618530273,23.25,23.549999237060547,21.248605728149414,6693203
2013-01-31,23.5,23.5,22.75,23.299999237060547,21.02303695678711,4743189
2013-02-01,23.0,24.700000762939453,22.649999618530273,24.350000381469727,21.97043228149414,4980382
2013-02-04,24.899999618530273,24.950000762939453,23.700000762939453,23.899999618530273,21.564403533935547,1380502
2013-02-05,23.5,23.799999237060547,23.299999237060547,23.649999618530273,21.338836669921875,1513000
2013-02-06,23.899999618530273,23.899999618530273,22.950000762939453,23.0,20.752355575561523,2607068
2013-02-07,23.200000762939453,23.25,22.799999237060547,22.850000381469727,20.617013931274414,3493201
2013-02-08,23.0,23.100000381469727,22.899999618530273,23.0,20.752355575561523,839000
2013-02-14,23.350000381469727,23.549999237060547,22.799999237060547,23.0,20.752355575561523,1735192
2013-02-15,23.100000381469727,23.350000381469727,23.0,23.200000762939453,20.93281364440918,1017750
2013-02-18,23.799999237060547,23.799999237060547,22.950000762939453,23.049999237060547,20.797470092773438,849553
2013-02-19,23.049999237060547,23.25,22.600000381469727,22.799999237060547,20.5718994140625,1257746
2013-02-20,22.899999618530273,23.100000381469727,22.450000762939453,22.700000762939453,20.481674194335938,2398786
2013-02-21,22.700000762939453,22.75,22.299999237060547,22.549999237060547,20.346328735351562,1721000
2013-02-22,22.700000762939453,23.75,22.700000762939453,23.600000381469727,21.293720245361328,1877663
2013-02-25,23.799999237060547,23.799999237060547,23.299999237060547,23.399999618530273,21.113265991210938,654310
2013-02-26,23.25,23.399999618530273,22.75,23.0,20.752355575561523,1208850
2013-02-27,23.0,23.549999237060547,22.899999618530273,22.899999618530273,20.662128448486328,617250
2013-02-28,22.950000762939453,23.5,22.950000762939453,23.299999237060547,21.02303695678711,721558
2013-03-01,23.100000381469727,23.600000381469727,23.100000381469727,23.350000381469727,21.068151473999023,507250
2013-03-04,23.799999237060547,23.799999237060547,22.950000762939453,23.149999618530273,20.8876953125,466553
2013-03-05,23.049999237060547,23.5,23.049999237060547,23.299999237060547,21.02303695678711,542244
2013-03-06,23.450000762939453,23.450000762939453,23.0,23.049999237060547,20.797470092773438,569687
2013-03-07,23.049999237060547,23.149999618530273,22.600000381469727,22.850000381469727,20.617013931274414,1018894
2013-03-08,23.0,23.799999237060547,23.0,23.350000381469727,21.068151473999023,870500
2013-03-11,23.549999237060547,23.549999237060547,23.100000381469727,23.450000762939453,21.15838050842285,601550
2013-03-12,23.350000381469727,23.399999618530273,23.149999618530273,23.149999618530273,20.8876953125,1052431
2013-03-13,23.149999618530273,23.25,23.0,23.200000762939453,20.93281364440918,281250
2013-03-14,23.0,23.25,22.799999237060547,23.0,20.752355575561523,331250
2013-03-15,23.0,23.399999618530273,22.899999618530273,23.0,20.752355575561523,444817
2013-03-18,23.0,23.200000762939453,22.600000381469727,22.799999237060547,20.5718994140625,701701
2013-03-19,23.0,23.149999618530273,22.600000381469727,23.100000381469727,20.842580795288086,636545
2013-03-20,23.149999618530273,23.149999618530273,22.850000381469727,22.950000762939453,20.70724105834961,1042750
2013-03-21,23.0,23.0,22.5,22.600000381469727,20.391448974609375,537750
2013-03-22,22.700000762939453,22.950000762939453,22.299999237060547,22.399999618530273,20.210987091064453,1936600
2013-03-25,22.5,23.149999618530273,22.100000381469727,23.0,20.752355575561523,909058
2013-03-26,23.100000381469727,23.25,22.950000762939453,23.149999618530273,20.8876953125,621750
2013-03-27,23.350000381469727,24.149999618530273,23.25,23.600000381469727,21.293720245361328,1406650
2013-03-28,23.649999618530273,23.799999237060547,23.350000381469727,23.600000381469727,21.293720245361328,684452
2013-04-02,23.700000762939453,24.850000381469727,23.700000762939453,24.350000381469727,21.97043228149414,1096547
2013-04-03,24.350000381469727,24.350000381469727,23.0,23.299999237060547,21.02303695678711,1188500
2013-04-05,23.600000381469727,23.600000381469727,23.0,23.0,20.752355575561523,722000
2013-04-08,23.5,23.5,23.0,23.049999237060547,20.797470092773438,377750
2013-04-09,23.200000762939453,23.649999618530273,23.0,23.0,20.752355575561523,789180
2013-04-10,23.25,23.25,22.799999237060547,23.0,20.752355575561523,548000
2013-04-11,22.950000762939453,23.0,22.049999237060547,22.100000381469727,19.940309524536133,1608178
2013-04-12,22.25,22.25,20.700000762939453,21.350000381469727,19.263599395751953,3070700
2013-04-15,20.950000762939453,21.700000762939453,20.950000762939453,21.200000762939453,19.128259658813477,1424191
2013-04-16,21.0,21.549999237060547,20.899999618530273,21.450000762939453,19.35382652282715,1090354
2013-04-17,22.700000762939453,22.700000762939453,21.649999618530273,22.0,19.85007667541504,2010250
2013-04-18,22.0,22.299999237060547,21.600000381469727,21.700000762939453,19.579397201538086,2900565
2013-04-19,21.799999237060547,22.200000762939453,21.75,22.0,19.85007667541504,890700
2013-04-22,22.0,22.0,21.399999618530273,21.700000762939453,19.579397201538086,124400
2013-04-23,21.5,21.899999618530273,21.450000762939453,21.649999618530273,19.53428077697754,777201
2013-04-24,21.850000381469727,23.25,21.799999237060547,23.149999618530273,20.8876953125,2033900
2013-04-25,22.700000762939453,22.850000381469727,22.399999618530273,22.75,20.52678680419922,665072
2013-04-26,22.600000381469727,23.5,21.850000381469727,22.450000762939453,20.256103515625,2112750
2013-04-29,22.700000762939453,22.75,22.399999618530273,22.399999618530273,20.210987091064453,702118
2013-04-30,22.399999618530273,22.75,22.399999618530273,22.5,20.30121421813965,1217650
2013-05-02,22.0,23.100000381469727,22.0,22.799999237060547,20.5718994140625,2029068
2013-05-03,23.399999618530273,23.399999618530273,22.799999237060547,22.850000381469727,20.617013931274414,892750
2013-05-06,23.200000762939453,23.200000762939453,22.799999237060547,22.950000762939453,20.70724105834961,457750
2013-05-07,22.850000381469727,23.0,22.75,22.799999237060547,20.5718994140625,1193750
2013-05-08,23.0,23.149999618530273,22.799999237060547,22.899999618530273,20.662128448486328,3248610
2013-05-09,22.899999618530273,23.350000381469727,22.899999618530273,22.950000762939453,20.70724105834961,1474864
2013-05-10,23.0,23.350000381469727,21.549999237060547,21.600000381469727,19.489166259765625,3018750
2013-05-13,21.5,22.25,21.200000762939453,21.450000762939453,19.35382652282715,2169435
2013-05-14,21.350000381469727,21.700000762939453,21.25,21.299999237060547,19.218481063842773,1680100
2013-05-15,21.649999618530273,21.700000762939453,21.25,21.299999237060547,19.218481063842773,2068440
2013-05-16,21.399999618530273,21.549999237060547,20.899999618530273,21.0,18.94780158996582,2466161
2013-05-20,21.700000762939453,21.950000762939453,21.5,21.5,19.398937225341797,1580480
2013-05-21,21.75,21.899999618530273,21.350000381469727,21.399999618530273,19.3087158203125,846750
2013-05-22,21.450000762939453,21.600000381469727,21.0,21.149999618530273,19.083139419555664,738809
2013-05-23,21.200000762939453,21.200000762939453,20.5,20.700000762939453,18.6771183013916,1883000
2013-05-24,20.600000381469727,21.5,19.8799991607666,21.5,19.398937225341797,1080836
2013-05-27,21.299999237060547,21.450000762939453,20.850000381469727,21.049999237060547,18.9929141998291,714724
2013-05-28,21.200000762939453,21.5,21.100000381469727,21.450000762939453,19.35382652282715,442933
2013-05-29,22.5,22.5,21.0,21.0,18.94780158996582,1518543
2013-05-30,19.959999084472656,21.100000381469727,19.959999084472656,20.799999237060547,18.76734733581543,2182325
2013-05-31,20.899999618530273,20.950000762939453,20.399999618530273,20.5,18.49666404724121,1076881
2013-06-03,20.899999618530273,21.450000762939453,20.5,21.450000762939453,19.35382652282715,1555205
2013-06-04,21.450000762939453,21.5,20.600000381469727,20.950000762939453,18.902692794799805,1311450
2013-06-05,20.649999618530273,21.200000762939453,20.5,20.850000381469727,18.812458038330078,1227900
2013-06-06,21.0,21.0,20.149999618530273,20.600000381469727,18.586891174316406,685410
2013-06-07,20.399999618530273,21.450000762939453,20.399999618530273,21.299999237060547,19.218481063842773,1341868
2013-06-10,21.299999237060547,21.899999618530273,21.299999237060547,21.899999618530273,19.759851455688477,1413000
2013-06-11,22.049999237060547,22.100000381469727,21.549999237060547,21.850000381469727,19.714736938476562,1378035
2013-06-13,22.0,22.049999237060547,21.350000381469727,21.950000762939453,19.804967880249023,2503350
2013-06-14,22.100000381469727,22.75,21.899999618530273,22.700000762939453,20.481674194335938,2902407
2013-06-17,22.5,23.100000381469727,22.399999618530273,22.899999618530273,20.662128448486328,2498500
2013-06-18,23.200000762939453,23.200000762939453,20.950000762939453,21.25,19.17337417602539,2430231
2013-06-19,21.25,21.350000381469727,21.100000381469727,21.149999618530273,19.083139419555664,1923450
2013-06-20,21.200000762939453,21.200000762939453,20.200000762939453,20.350000381469727,18.361324310302734,2894499
2013-06-21,19.959999084472656,20.299999237060547,19.700000762939453,19.81999969482422,17.88311767578125,2074971
2013-06-24,19.479999542236328,20.299999237060547,19.479999542236328,19.719999313354492,17.79288673400879,579750
2013-06-25,19.81999969482422,19.899999618530273,19.440000534057617,19.84000015258789,17.90116310119629,1103140
2013-06-26,20.0,20.899999618530273,20.0,20.649999618530273,18.632007598876953,1191750
2013-06-27,20.600000381469727,20.950000762939453,20.25,20.450000762939453,18.45155143737793,704500
2013-06-28,20.549999237060547,21.700000762939453,20.350000381469727,20.899999618530273,18.857572555541992,1104000
2013-07-02,21.0,21.75,20.549999237060547,20.950000762939453,18.902692794799805,1434937
2013-07-03,20.75,20.850000381469727,20.299999237060547,20.649999618530273,18.632007598876953,1054250
2013-07-04,20.700000762939453,21.100000381469727,20.299999237060547,20.850000381469727,18.812458038330078,1317550
2013-07-05,21.200000762939453,22.299999237060547,21.200000762939453,21.850000381469727,19.714736938476562,1693474
2013-07-08,21.799999237060547,21.850000381469727,21.299999237060547,21.799999237060547,19.66962432861328,578250
2013-07-09,21.649999618530273,21.649999618530273,21.0,21.350000381469727,19.263599395751953,996455
2013-07-10,21.049999237060547,21.75,21.049999237060547,21.5,19.398937225341797,457900
2013-07-11,21.5,21.799999237060547,21.100000381469727,21.399999618530273,19.3087158203125,758000
2013-07-12,21.399999618530273,21.950000762939453,21.200000762939453,21.700000762939453,19.579397201538086,775000
2013-07-15,21.299999237060547,21.75,20.75,21.5,19.398937225341797,1096276
2013-07-16,21.149999618530273,21.700000762939453,21.100000381469727,21.450000762939453,19.35382652282715,383500
2013-07-17,21.149999618530273,21.149999618530273,20.399999618530273,20.899999618530273,18.857572555541992,1744726
2013-07-18,21.0,21.0,20.399999618530273,20.450000762939453,18.45155143737793,1471250
2013-07-19,20.399999618530273,20.450000762939453,19.700000762939453,19.959999084472656,18.00943374633789,2124150
2013-07-22,20.0,20.100000381469727,19.760000228881836,19.84000015258789,17.90116310119629,2084150
2013-07-23,20.0,20.0,19.479999542236328,19.520000457763672,17.6124324798584,2788000
2013-07-24,19.719999313354492,19.940000534057617,19.5,19.81999969482422,17.88311767578125,7810550
2013-07-25,20.0,20.0,19.559999465942383,19.700000762939453,17.774845123291016,985750
2013-07-26,19.18000030517578,19.540000915527344,17.979999542236328,18.059999465942383,16.29511260986328,11967471
2013-07-29,17.899999618530273,18.399999618530273,17.799999237060547,18.0,16.240976333618164,2917016
2013-07-30,18.0,18.299999237060547,17.920000076293945,17.940000534057617,16.186838150024414,5226350
2013-07-31,17.979999542236328,18.020000457763672,17.059999465942383,17.399999618530273,15.699604988098145,6064000
2013-08-01,17.5,17.860000610351562,17.299999237060547,17.6200008392334,15.898111343383789,2704500
2013-08-02,17.700000762939453,17.860000610351562,17.399999618530273,17.5,15.789835929870605,2440500
2013-08-05,17.5,17.899999618530273,17.34000015258789,17.559999465942383,15.843971252441406,1302750
2013-08-06,17.5,17.639999389648438,17.239999771118164,17.299999237060547,15.609383583068848,2081850
2013-08-07,17.399999618530273,17.600000381469727,17.239999771118164,17.31999969482422,15.627427101135254,631750
2013-08-08,17.299999237060547,17.479999542236328,17.239999771118164,17.299999237060547,15.609383583068848,603750
2013-08-09,17.5,17.700000762939453,17.299999237060547,17.639999389648438,15.916153907775879,1163318
2013-08-12,17.65999984741211,18.079999923706055,17.65999984741211,17.84000015258789,16.09660530090332,1640290
2013-08-13,18.100000381469727,18.239999771118164,17.84000015258789,18.0,16.240976333618164,3863620
2013-08-14,18.0,18.0,18.0,18.0,16.240976333618164,0
2013-08-15,18.260000228881836,18.940000534057617,18.15999984741211,18.8799991607666,17.034976959228516,5141000
2013-08-16,18.700000762939453,18.860000610351562,18.459999084472656,18.700000762939453,16.872570037841797,4850328
2013-08-19,19.0,19.600000381469727,18.8799991607666,19.440000534057617,17.540252685546875,3968351
2013-08-20,19.5,19.5,18.639999389648438,18.760000228881836,16.92670440673828,1778800
2013-08-21,18.68000030517578,18.8799991607666,18.5,18.799999237060547,16.96279525756836,430500
2013-08-22,18.799999237060547,18.799999237060547,18.239999771118164,18.399999618530273,16.601882934570312,1028500
2013-08-23,18.5,19.040000915527344,18.5,18.860000610351562,17.016929626464844,1778250
2013-08-26,18.899999618530273,19.0,18.299999237060547,18.760000228881836,16.92670440673828,509820
2013-08-27,19.0,19.059999465942383,18.639999389648438,18.959999084472656,17.107162475585938,645560
2013-08-28,18.959999084472656,19.100000381469727,18.34000015258789,19.100000381469727,17.233474731445312,922450
2013-08-29,18.979999542236328,19.299999237060547,18.860000610351562,19.079999923706055,17.215435028076172,1302200
2013-08-30,19.020000457763672,19.079999923706055,18.780000686645508,18.81999969482422,16.980838775634766,327500
2013-09-02,18.799999237060547,18.899999618530273,18.31999969482422,18.5,16.692110061645508,936640
2013-09-03,18.700000762939453,19.0,18.700000762939453,18.899999618530273,17.053020477294922,503500
2013-09-04,18.979999542236328,19.440000534057617,18.84000015258789,19.34000015258789,17.450021743774414,3018283
2013-09-05,19.399999618530273,19.399999618530273,19.0,19.18000030517578,17.305660247802734,2034500
2013-09-06,19.100000381469727,19.399999618530273,18.920000076293945,19.299999237060547,17.413930892944336,1263800
2013-09-09,19.719999313354492,20.649999618530273,19.639999389648438,20.299999237060547,18.31620979309082,2442210
2013-09-10,20.5,20.899999618530273,20.049999237060547,20.75,18.722230911254883,2452590
2013-09-11,20.75,21.549999237060547,20.600000381469727,20.799999237060547,18.76734733581543,2082000
2013-09-12,21.25,21.25,20.600000381469727,20.799999237060547,18.76734733581543,2531943
2013-09-13,20.700000762939453,20.899999618530273,20.100000381469727,20.399999618530273,18.406435012817383,940435
2013-09-16,20.799999237060547,21.899999618530273,20.649999618530273,21.850000381469727,19.714736938476562,1469728
2013-09-17,21.399999618530273,21.899999618530273,21.350000381469727,21.649999618530273,19.53428077697754,926443
2013-09-18,21.649999618530273,22.200000762939453,21.649999618530273,21.950000762939453,19.804967880249023,2147791
2013-09-19,22.399999618530273,22.600000381469727,22.200000762939453,22.350000381469727,20.165874481201172,4049707
2013-09-23,22.399999618530273,22.899999618530273,20.700000762939453,21.450000762939453,19.35382652282715,757500
2013-09-24,21.350000381469727,21.899999618530273,21.299999237060547,21.399999618530273,19.3087158203125,400350
2013-09-25,21.5,22.049999237060547,21.299999237060547,21.450000762939453,19.35382652282715,522425
2013-09-26,21.5,21.5,20.450000762939453,21.100000381469727,19.03803253173828,903250
2013-09-27,20.850000381469727,21.5,20.850000381469727,21.149999618530273,19.083139419555664,351550
2013-09-30,21.200000762939453,21.200000762939453,20.200000762939453,20.25,18.271095275878906,1517305
2013-10-02,20.25,20.799999237060547,19.639999389648438,20.0,18.04552459716797,1638510
2013-10-03,19.84000015258789,21.0,19.780000686645508,20.899999618530273,18.857572555541992,1748200
2013-10-04,20.850000381469727,20.899999618530273,20.25,20.549999237060547,18.567718505859375,303000
2013-10-07,20.799999237060547,20.799999237060547,19.920000076293945,19.979999542236328,18.052701950073242,855778
2013-10-08,20.200000762939453,20.299999237060547,19.739999771118164,19.8799991607666,17.96234703063965,633250
2013-10-09,19.760000228881836,20.0,19.559999465942383,19.559999465942383,17.673215866088867,592000
2013-10-10,19.799999237060547,19.8799991607666,19.479999542236328,19.520000457763672,17.637075424194336,475000
2013-10-11,19.600000381469727,20.0,19.600000381469727,19.700000762939453,17.799715042114258,5399100
2013-10-15,19.719999313354492,20.200000762939453,19.700000762939453,19.760000228881836,17.853923797607422,2268250
2013-10-16,19.920000076293945,20.0,19.559999465942383,19.739999771118164,17.835851669311523,854500
2013-10-17,19.799999237060547,19.84000015258789,18.920000076293945,18.979999542236328,17.149160385131836,2621900
2013-10-18,19.0,19.260000228881836,18.899999618530273,19.18000030517578,17.329872131347656,6961300
2013-10-21,19.260000228881836,19.479999542236328,19.219999313354492,19.399999618530273,17.52865219116211,3695953
2013-10-22,19.459999084472656,19.540000915527344,19.31999969482422,19.399999618530273,17.52865219116211,2061500
2013-10-23,19.68000030517578,19.68000030517578,19.100000381469727,19.100000381469727,17.257585525512695,1487500
2013-10-24,18.979999542236328,19.479999542236328,18.6200008392334,18.700000762939453,16.896175384521484,3480870
2013-10-25,17.0,17.8799991607666,16.979999542236328,17.540000915527344,15.848069190979004,10537714
2013-10-28,17.5,17.860000610351562,17.440000534057617,17.739999771118164,16.028778076171875,2403400
2013-10-29,17.520000457763672,17.700000762939453,17.459999084472656,17.559999465942383,15.866137504577637,3061750
2013-10-30,17.600000381469727,17.600000381469727,17.15999984741211,17.200000762939453,15.540864944458008,2435950
2013-10-31,17.200000762939453,17.940000534057617,17.079999923706055,17.579999923706055,15.884208679199219,1843750
2013-11-01,17.68000030517578,17.700000762939453,17.399999618530273,17.68000030517578,15.974565505981445,2017000
2013-11-04,17.68000030517578,17.68000030517578,17.219999313354492,17.260000228881836,15.595076560974121,5270858
2013-11-05,17.280000686645508,17.280000686645508,16.799999237060547,16.81999969482422,15.19752025604248,8283613
2013-11-06,16.84000015258789,16.8799991607666,16.739999771118164,16.81999969482422,15.19752025604248,3593000
2013-11-07,17.0,17.100000381469727,16.780000686645508,16.860000610351562,15.233663558959961,851396
2013-11-08,16.860000610351562,16.959999084472656,16.739999771118164,16.799999237060547,15.179449081420898,1397990
2013-11-11,17.0,17.020000457763672,16.5,16.559999465942383,14.96259880065918,1070060
2013-11-12,16.700000762939453,16.700000762939453,16.5,16.540000915527344,14.94453239440918,1034000
2013-11-13,16.68000030517578,16.739999771118164,16.5,16.559999465942383,14.96259880065918,1073910
2013-11-14,17.0,17.0,16.600000381469727,16.760000228881836,15.143306732177734,905500
2013-11-15,16.700000762939453,17.239999771118164,16.700000762939453,17.100000381469727,15.450512886047363,877170
2013-11-18,17.31999969482422,17.579999923706055,17.299999237060547,17.440000534057617,15.757716178894043,862500
2013-11-19,17.5,17.760000228881836,17.040000915527344,17.059999465942383,15.414368629455566,642000
2013-11-20,17.579999923706055,17.579999923706055,17.18000030517578,17.200000762939453,15.540864944458008,512669
2013-11-21,17.200000762939453,17.200000762939453,17.0,17.020000457763672,15.378226280212402,885000
2013-11-22,17.040000915527344,17.420000076293945,17.040000915527344,17.219999313354492,15.558934211730957,907104
2013-11-25,17.399999618530273,17.399999618530273,17.0,17.079999923706055,15.432440757751465,1547613
2013-11-26,16.899999618530273,16.899999618530273,16.479999542236328,16.65999984741211,15.05295467376709,4060583
2013-11-27,16.739999771118164,16.899999618530273,16.559999465942383,16.8799991607666,15.251731872558594,3009835
2013-11-28,16.899999618530273,17.299999237060547,16.84000015258789,16.979999542236328,15.342084884643555,1185500
2013-11-29,16.920000076293945,17.5,16.84000015258789,17.280000686645508,15.61314868927002,959639
2013-12-02,17.059999465942383,17.84000015258789,17.059999465942383,17.799999237060547,16.082988739013672,1538555
2013-12-03,17.799999237060547,17.899999618530273,17.520000457763672,17.81999969482422,16.101058959960938,952750
2013-12-04,17.799999237060547,17.940000534057617,17.579999923706055,17.6200008392334,15.920353889465332,1364256
2013-12-05,17.639999389648438,17.81999969482422,17.239999771118164,17.260000228881836,15.595076560974121,745000
2013-12-06,17.260000228881836,17.979999542236328,17.239999771118164,17.719999313354492,16.01070213317871,1521500
2013-12-09,17.719999313354492,18.0,17.700000762939453,17.940000534057617,16.209484100341797,942192
2013-12-10,17.8799991607666,17.940000534057617,17.540000915527344,17.600000381469727,15.902277946472168,1593014
2013-12-11,17.559999465942383,17.559999465942383,16.719999313354492,16.860000610351562,15.233663558959961,2681441
2013-12-12,16.799999237060547,16.940000534057617,16.719999313354492,16.739999771118164,15.125239372253418,1512076
2013-12-13,16.739999771118164,16.739999771118164,16.0,16.15999984741211,14.60118579864502,4165709
2013-12-16,16.299999237060547,16.799999237060547,16.299999237060547,16.540000915527344,14.94453239440918,1839598
2013-12-17,16.81999969482422,16.899999618530273,16.579999923706055,16.600000381469727,14.99874210357666,759650
2013-12-18,16.6200008392334,16.68000030517578,15.779999732971191,15.819999694824219,14.293980598449707,6485398
2013-12-19,16.100000381469727,16.3799991607666,16.059999465942383,16.15999984741211,14.60118579864502,1840250
2013-12-20,16.15999984741211,16.559999465942383,16.15999984741211,16.5,14.908387184143066,2424250
2013-12-23,16.600000381469727,16.799999237060547,16.239999771118164,16.479999542236328,14.8903169631958,2086050
2013-12-24,16.5,16.520000457763672,16.459999084472656,16.520000457763672,14.926459312438965,103300
2013-12-27,16.540000915527344,16.8799991607666,16.540000915527344,16.639999389648438,15.034882545471191,2217935
2013-12-30,16.899999618530273,16.899999618530273,16.399999618530273,16.5,14.908387184143066,2347750
2013-12-31,16.5,16.65999984741211,16.260000228881836,16.5,14.908387184143066,1508420
2014-01-02,16.8799991607666,16.8799991607666,16.5,16.719999313354492,15.10716724395752,2505620
2014-01-03,16.700000762939453,16.899999618530273,16.459999084472656,16.860000610351562,15.233663558959961,2100500
2014-01-06,16.899999618530273,16.920000076293945,16.719999313354492,16.860000610351562,15.233663558959961,1172516
2014-01-07,16.940000534057617,17.040000915527344,16.899999618530273,16.920000076293945,15.28787612915039,2514547
2014-01-08,16.940000534057617,16.940000534057617,16.520000457763672,16.700000762939453,15.089096069335938,843955
2014-01-09,16.739999771118164,16.739999771118164,16.0,16.079999923706055,14.528901100158691,1805870
2014-01-10,16.200000762939453,16.3799991607666,16.139999389648438,16.200000762939453,14.637327194213867,1347250
2014-01-13,16.260000228881836,16.31999969482422,16.0,16.100000381469727,14.546972274780273,2297000
2014-01-14,16.18000030517578,16.200000762939453,16.0,16.040000915527344,14.492761611938477,458500
2014-01-15,16.100000381469727,16.280000686645508,15.600000381469727,15.600000381469727,14.09520435333252,4192300
2014-01-16,15.699999809265137,15.779999732971191,15.4399995803833,15.4399995803833,13.950634956359863,1704900
2014-01-17,15.5,15.600000381469727,15.34000015258789,15.34000015258789,13.860283851623535,1749000
2014-01-20,15.420000076293945,15.4399995803833,15.140000343322754,15.140000343322754,13.679574966430664,1656409
2014-01-21,15.300000190734863,15.920000076293945,15.039999961853027,15.84000015258789,14.312052726745605,1393500
2014-01-22,15.84000015258789,15.9399995803833,15.760000228881836,15.899999618530273,14.366264343261719,3186250
2014-01-23,16.0,16.0,15.5,15.600000381469727,14.09520435333252,539000
2014-01-24,15.600000381469727,15.600000381469727,15.220000267028809,15.300000190734863,13.824141502380371,608500
2014-01-27,15.199999809265137,15.300000190734863,15.039999961853027,15.140000343322754,13.679574966430664,2469500
2014-01-28,15.239999771118164,15.239999771118164,14.979999542236328,14.979999542236328,13.535009384155273,719250
2014-01-29,15.739999771118164,16.3799991607666,15.600000381469727,15.800000190734863,14.275911331176758,4680650
2014-01-30,15.699999809265137,15.720000267028809,15.4399995803833,15.479999542236328,13.986776351928711,3029850
2014-02-04,16.0,16.0,15.479999542236328,15.5,14.004850387573242,1913700
2014-02-05,15.65999984741211,15.65999984741211,15.399999618530273,15.420000076293945,13.93256664276123,8351357
2014-02-06,16.0,16.0,15.619999885559082,15.65999984741211,14.149415969848633,1776500
2014-02-07,15.979999542236328,16.3799991607666,15.520000457763672,15.600000381469727,14.09520435333252,2149500
2014-02-10,15.600000381469727,16.200000762939453,15.600000381469727,16.079999923706055,14.528901100158691,813550
2014-02-11,16.100000381469727,16.579999923706055,16.100000381469727,16.459999084472656,14.872245788574219,1576600
2014-02-12,16.65999984741211,17.5,16.520000457763672,17.31999969482422,15.6492919921875,8334750
2014-02-13,17.3799991607666,17.399999618530273,17.059999465942383,17.100000381469727,15.450512886047363,1951250
2014-02-14,17.34000015258789,17.760000228881836,17.200000762939453,17.260000228881836,15.595076560974121,1512250
2014-02-17,17.799999237060547,17.799999237060547,16.780000686645508,16.780000686645508,15.161380767822266,4047500
2014-02-18,17.059999465942383,17.399999618530273,17.059999465942383,17.299999237060547,15.631221771240234,1341221
2014-02-19,17.299999237060547,17.5,17.299999237060547,17.459999084472656,15.775785446166992,1317000
2014-02-20,17.520000457763672,17.520000457763672,16.959999084472656,17.139999389648438,15.486650466918945,984850
2014-02-21,17.18000030517578,17.540000915527344,17.100000381469727,17.5,15.81192684173584,4014726
2014-02-24,17.600000381469727,17.600000381469727,17.280000686645508,17.399999618530273,15.72157096862793,1039500
2014-02-25,17.600000381469727,17.600000381469727,17.440000534057617,17.479999542236328,15.793854713439941,3771900
2014-02-26,17.219999313354492,17.260000228881836,16.780000686645508,17.0,15.360158920288086,3661770
2014-02-27,17.0,17.040000915527344,16.8799991607666,17.0,15.360158920288086,2784500
2014-02-28,17.0,17.079999923706055,16.81999969482422,17.0,15.360158920288086,2913345
2014-03-03,17.040000915527344,17.5,16.84000015258789,17.31999969482422,15.6492919921875,4281390
2014-03-04,17.139999389648438,17.579999923706055,17.079999923706055,17.479999542236328,15.793854713439941,1582000
2014-03-05,17.579999923706055,18.299999237060547,17.579999923706055,18.139999389648438,16.39019203186035,1948690
2014-03-06,18.0,18.280000686645508,18.0,18.239999771118164,16.48054313659668,1565000
2014-03-07,18.479999542236328,18.600000381469727,18.299999237060547,18.520000457763672,16.733537673950195,2064551
2014-03-10,18.520000457763672,18.520000457763672,18.0,18.219999313354492,16.46247100830078,512750
2014-03-11,18.219999313354492,18.219999313354492,18.0,18.040000915527344,16.29983901977539,361000
2014-03-12,18.0,18.34000015258789,17.979999542236328,18.0,16.263696670532227,3553500
2014-03-13,18.299999237060547,18.399999618530273,17.860000610351562,18.100000381469727,16.354049682617188,644760
2014-03-14,17.860000610351562,18.020000457763672,17.68000030517578,17.8799991607666,16.155269622802734,983000
2014-03-17,17.899999618530273,18.0,17.68000030517578,17.84000015258789,16.11912727355957,1311640
2014-03-18,17.899999618530273,18.34000015258789,17.799999237060547,18.15999984741211,16.408262252807617,1271823
2014-03-19,18.020000457763672,18.360000610351562,17.920000076293945,18.059999465942383,16.317909240722656,1082250
2014-03-20,18.0,18.100000381469727,17.899999618530273,18.0,16.263696670532227,1318622
2014-03-21,18.479999542236328,18.520000457763672,18.0,18.18000030517578,16.426332473754883,717535
2014-03-24,18.239999771118164,18.459999084472656,17.799999237060547,18.239999771118164,16.48054313659668,664383
2014-03-25,18.059999465942383,18.299999237060547,18.0,18.219999313354492,16.46247100830078,2054750
2014-03-26,18.31999969482422,18.3799991607666,18.18000030517578,18.280000686645508,16.51668357849121,953500
2014-03-27,18.420000076293945,18.440000534057617,18.100000381469727,18.200000762939453,16.44440460205078,1328270
2014-03-28,18.0,18.5,18.0,18.420000076293945,16.6431827545166,1423764
2014-03-31,18.399999618530273,19.15999984741211,18.18000030517578,19.1200008392334,17.275657653808594,1215029
2014-04-01,19.200000762939453,19.219999313354492,18.5,19.059999465942383,17.221446990966797,1143293
2014-04-02,19.100000381469727,19.34000015258789,18.979999542236328,19.299999237060547,17.438297271728516,768286
2014-04-03,19.200000762939453,19.299999237060547,18.780000686645508,19.280000686645508,17.420225143432617,851341
2014-04-04,19.200000762939453,19.200000762939453,18.3799991607666,18.639999389648438,16.841960906982422,6963754
2014-04-07,18.65999984741211,18.65999984741211,18.079999923706055,18.18000030517578,16.426332473754883,1237075
2014-04-08,18.139999389648438,18.200000762939453,17.899999618530273,18.0,16.263696670532227,1985735
2014-04-09,18.0,18.420000076293945,18.0,18.31999969482422,16.552831649780273,1240000
2014-04-10,18.280000686645508,18.3799991607666,17.8799991607666,18.280000686645508,16.51668357849121,1279353
2014-04-11,18.3799991607666,18.860000610351562,18.280000686645508,18.6200008392334,16.823888778686523,801500
2014-04-14,18.520000457763672,18.700000762939453,18.399999618530273,18.65999984741211,16.86003303527832,98000
2014-04-15,18.799999237060547,19.31999969482422,18.700000762939453,19.280000686645508,17.420225143432617,1365490
2014-04-16,19.0,19.0,18.639999389648438,18.739999771118164,16.93231201171875,325750
2014-04-17,18.68000030517578,18.719999313354492,18.579999923706055,18.639999389648438,16.841960906982422,274250
2014-04-22,18.520000457763672,18.920000076293945,18.479999542236328,18.520000457763672,16.733537673950195,1167643
2014-04-23,18.459999084472656,19.299999237060547,18.440000534057617,18.479999542236328,16.697391510009766,1145250
2014-04-24,18.600000381469727,19.200000762939453,18.440000534057617,19.040000915527344,17.203378677368164,844075
2014-04-25,19.059999465942383,19.299999237060547,18.760000228881836,19.100000381469727,17.257585525512695,306961
2014-04-28,18.979999542236328,19.280000686645508,18.84000015258789,19.0,17.167236328125,627750
2014-04-29,19.200000762939453,19.200000762939453,18.84000015258789,19.0,17.167236328125,226750
2014-04-30,19.100000381469727,19.100000381469727,18.920000076293945,19.040000915527344,17.203378677368164,916050
2014-05-02,19.100000381469727,19.100000381469727,18.940000534057617,19.0,17.167236328125,1160460
2014-05-05,19.0,19.100000381469727,18.65999984741211,18.700000762939453,16.896175384521484,328250
2014-05-07,18.700000762939453,19.0,18.239999771118164,18.3799991607666,16.60704231262207,745000
2014-05-08,18.5,19.0,18.360000610351562,18.459999084472656,16.679323196411133,486750
2014-05-09,18.280000686645508,18.899999618530273,18.280000686645508,18.360000610351562,16.588970184326172,697750
2014-05-12,18.5,18.600000381469727,18.219999313354492,18.440000534057617,16.661256790161133,740750
2014-05-13,18.399999618530273,18.739999771118164,18.399999618530273,18.540000915527344,16.75160789489746,511250
2014-05-14,18.899999618530273,18.940000534057617,18.700000762939453,18.860000610351562,17.040739059448242,387500
2014-05-15,18.899999618530273,18.899999618530273,18.68000030517578,18.8799991607666,17.05881118774414,259750
2014-05-16,18.780000686645508,18.780000686645508,18.520000457763672,18.559999465942383,16.769678115844727,15263
2014-05-19,18.579999923706055,18.780000686645508,18.540000915527344,18.559999465942383,16.769678115844727,45750
2014-05-20,18.6200008392334,19.0,18.420000076293945,18.520000457763672,16.733537673950195,608800
2014-05-21,18.600000381469727,18.899999618530273,18.479999542236328,18.5,16.715465545654297,726750
2014-05-22,18.68000030517578,18.860000610351562,18.34000015258789,18.520000457763672,16.733537673950195,1886000
2014-05-23,18.84000015258789,18.84000015258789,18.459999084472656,18.6200008392334,16.823888778686523,256738
2014-05-26,18.6200008392334,18.780000686645508,18.200000762939453,18.239999771118164,16.48054313659668,429666
2014-05-27,18.34000015258789,18.579999923706055,18.31999969482422,18.479999542236328,16.697391510009766,122500
2014-05-28,18.479999542236328,18.84000015258789,18.34000015258789,18.459999084472656,16.679323196411133,798333
2014-05-29,18.5,18.700000762939453,18.420000076293945,18.559999465942383,16.769678115844727,456000
2014-05-30,18.639999389648438,18.6200008392334,18.219999313354492,18.299999237060547,16.53475570678711,697655
2014-06-03,18.31999969482422,18.579999923706055,18.200000762939453,18.219999313354492,16.46247100830078,1966030
2014-06-04,18.31999969482422,18.31999969482422,17.899999618530273,18.0,16.263696670532227,1931325
2014-06-05,17.899999618530273,17.979999542236328,17.84000015258789,17.8799991607666,16.155269622802734,829065
2014-06-06,17.8799991607666,18.040000915527344,17.719999313354492,17.860000610351562,16.137197494506836,865000
2014-06-09,17.84000015258789,18.0,17.84000015258789,17.899999618530273,16.17333984375,1161443
2014-06-10,17.8799991607666,17.899999618530273,17.68000030517578,17.799999237060547,16.082988739013672,433000
2014-06-11,17.639999389648438,17.639999389648438,17.1200008392334,17.299999237060547,15.631221771240234,7146250
2014-06-12,17.34000015258789,17.799999237060547,17.299999237060547,17.440000534057617,15.757716178894043,6516250
2014-06-13,17.440000534057617,17.5,17.31999969482422,17.440000534057617,15.757716178894043,1926270
2014-06-16,17.5,17.5,17.360000610351562,17.420000076293945,15.739645004272461,743750
2014-06-17,17.5,17.6200008392334,17.219999313354492,17.399999618530273,15.72157096862793,2741250
2014-06-18,17.459999084472656,17.579999923706055,17.200000762939453,17.34000015258789,15.667363166809082,2208750
2014-06-19,17.34000015258789,17.479999542236328,17.200000762939453,17.260000228881836,15.595076560974121,744000
2014-06-20,17.34000015258789,17.399999618530273,17.200000762939453,17.200000762939453,15.540864944458008,1784250
2014-06-23,17.0,17.479999542236328,17.0,17.260000228881836,15.595076560974121,2101720
2014-06-24,17.200000762939453,17.479999542236328,17.200000762939453,17.299999237060547,15.631221771240234,1420245
2014-06-25,17.34000015258789,17.799999237060547,17.260000228881836,17.579999923706055,15.884208679199219,2246180
2014-06-26,17.559999465942383,17.579999923706055,17.299999237060547,17.399999618530273,15.72157096862793,1035500
2014-06-27,17.299999237060547,17.559999465942383,17.100000381469727,17.31999969482422,15.6492919921875,767445
2014-06-30,17.31999969482422,17.399999618530273,17.219999313354492,17.31999969482422,15.6492919921875,176500
2014-07-02,17.299999237060547,17.5,17.299999237060547,17.440000534057617,15.757716178894043,476496
2014-07-03,17.520000457763672,17.719999313354492,17.5,17.579999923706055,15.884208679199219,503500
2014-07-04,17.5,17.65999984741211,17.459999084472656,17.6200008392334,15.920353889465332,632868
2014-07-07,17.700000762939453,17.8799991607666,17.600000381469727,17.739999771118164,16.028778076171875,108750
2014-07-08,17.799999237060547,18.0,17.719999313354492,17.799999237060547,16.082988739013672,70000
2014-07-09,17.700000762939453,17.899999618530273,17.5,17.780000686645508,16.06491470336914,502725
2014-07-10,17.739999771118164,17.799999237060547,17.719999313354492,17.799999237060547,16.082988739013672,129000
2014-07-11,17.799999237060547,17.860000610351562,17.68000030517578,17.81999969482422,16.101058959960938,74254
2014-07-14,17.81999969482422,18.059999465942383,17.079999923706055,18.059999465942383,16.317909240722656,260316
2014-07-15,18.299999237060547,18.299999237060547,18.139999389648438,18.299999237060547,16.53475570678711,140250
2014-07-16,18.34000015258789,18.479999542236328,18.100000381469727,18.219999313354492,16.46247100830078,233250
2014-07-17,18.200000762939453,18.31999969482422,18.020000457763672,18.18000030517578,16.426332473754883,1423500
2014-07-18,18.1200008392334,18.1200008392334,17.799999237060547,17.81999969482422,16.101058959960938,107969
2014-07-21,17.979999542236328,18.15999984741211,17.979999542236328,18.1200008392334,16.372121810913086,2483000
2014-07-22,18.059999465942383,18.15999984741211,17.200000762939453,18.079999923706055,16.335979461669922,421334
2014-07-23,18.0,18.899999618530273,17.68000030517578,18.540000915527344,16.75160789489746,2105000
2014-07-24,18.5,18.600000381469727,18.31999969482422,18.5,16.715465545654297,738500
2014-07-25,18.440000534057617,18.440000534057617,18.139999389648438,18.200000762939453,16.44440460205078,897792
2014-07-28,18.299999237060547,18.799999237060547,18.260000228881836,18.65999984741211,16.86003303527832,600500
2014-07-29,18.65999984741211,18.65999984741211,18.280000686645508,18.399999618530273,16.625110626220703,1408250
2014-07-30,18.700000762939453,19.540000915527344,18.68000030517578,19.420000076293945,17.546720504760742,3148000
2014-07-31,19.899999618530273,20.0,19.65999984741211,20.0,18.070770263671875,1469750
2014-08-01,19.979999542236328,19.979999542236328,19.5,19.559999465942383,17.673215866088867,1340006
2014-08-04,19.559999465942383,19.799999237060547,19.299999237060547,19.420000076293945,17.546720504760742,811250
2014-08-05,19.540000915527344,19.540000915527344,19.260000228881836,19.3799991607666,17.510576248168945,462000
2014-08-06,19.440000534057617,19.700000762939453,19.219999313354492,19.5,17.61900520324707,559500
2014-08-07,19.5,19.799999237060547,19.059999465942383,19.280000686645508,17.420225143432617,512750
2014-08-08,19.260000228881836,19.600000381469727,19.100000381469727,19.399999618530273,17.52865219116211,571750
2014-08-11,19.399999618530273,19.600000381469727,19.299999237060547,19.579999923706055,17.691287994384766,410750
2014-08-12,19.5,20.200000762939453,19.5,19.920000076293945,17.998491287231445,1059700
2014-08-13,20.0,20.0,19.479999542236328,19.719999313354492,17.817779541015625,230750
2014-08-14,19.760000228881836,19.760000228881836,19.559999465942383,19.639999389648438,17.745498657226562,407250
2014-08-15,19.600000381469727,19.600000381469727,19.459999084472656,19.540000915527344,17.6551456451416,239000
2014-08-18,19.979999542236328,19.979999542236328,19.1200008392334,19.31999969482422,17.45636558532715,578750
2014-08-19,19.239999771118164,19.600000381469727,19.18000030517578,19.520000457763672,17.637075424194336,526350
2014-08-20,19.559999465942383,19.559999465942383,19.139999389648438,19.280000686645508,17.420225143432617,259706
2014-08-21,19.139999389648438,19.200000762939453,18.459999084472656,18.700000762939453,16.896175384521484,585000
2014-08-22,18.600000381469727,18.920000076293945,18.600000381469727,18.739999771118164,16.93231201171875,591500
2014-08-25,18.739999771118164,18.84000015258789,18.200000762939453,18.700000762939453,16.896175384521484,611000
2014-08-26,18.81999969482422,19.020000457763672,18.719999313354492,18.860000610351562,17.040739059448242,651750
2014-08-27,18.979999542236328,18.979999542236328,18.34000015258789,18.700000762939453,16.896175384521484,169000
2014-08-28,18.84000015258789,18.84000015258789,18.200000762939453,18.479999542236328,16.697391510009766,1310750
2014-08-29,18.68000030517578,18.68000030517578,17.899999618530273,18.459999084472656,16.679323196411133,1503500
2014-09-01,18.459999084472656,18.84000015258789,18.440000534057617,18.65999984741211,16.86003303527832,1506450
2014-09-02,18.780000686645508,18.959999084472656,18.6200008392334,18.68000030517578,16.878103256225586,243450
2014-09-03,18.780000686645508,18.940000534057617,18.260000228881836,18.299999237060547,16.53475570678711,616500
2014-09-04,18.360000610351562,18.700000762939453,18.31999969482422,18.520000457763672,16.733537673950195,173500
2014-09-05,18.899999618530273,18.920000076293945,18.5,18.719999313354492,16.914243698120117,926500
2014-09-08,18.639999389648438,18.639999389648438,18.18000030517578,18.420000076293945,16.6431827545166,545500
2014-09-10,18.420000076293945,18.5,18.360000610351562,18.399999618530273,16.625110626220703,1651500
2014-09-11,18.479999542236328,18.479999542236328,18.1200008392334,18.15999984741211,16.408262252807617,967450
2014-09-12,18.260000228881836,18.360000610351562,18.139999389648438,18.18000030517578,16.426332473754883,663000
2014-09-15,18.219999313354492,18.399999618530273,18.1200008392334,18.239999771118164,16.48054313659668,1091700
2014-09-16,18.219999313354492,18.600000381469727,18.139999389648438,18.200000762939453,16.44440460205078,2238500
2014-09-17,18.360000610351562,18.559999465942383,18.219999313354492,18.440000534057617,16.661256790161133,570250
2014-09-18,18.5,18.65999984741211,18.459999084472656,18.520000457763672,16.733537673950195,313250
2014-09-19,18.700000762939453,18.700000762939453,18.479999542236328,18.520000457763672,16.733537673950195,1081635
2014-09-22,18.479999542236328,18.600000381469727,18.260000228881836,18.3799991607666,16.60704231262207,398910
2014-09-23,18.360000610351562,18.3799991607666,18.239999771118164,18.31999969482422,16.552831649780273,332700
2014-09-24,18.31999969482422,18.540000915527344,18.280000686645508,18.3799991607666,16.60704231262207,131750
2014-09-25,18.5,18.5,18.239999771118164,18.3799991607666,16.60704231262207,210500
2014-09-26,18.18000030517578,18.280000686645508,18.15999984741211,18.18000030517578,16.426332473754883,389091
2014-09-29,18.15999984741211,18.219999313354492,17.399999618530273,17.600000381469727,15.902277946472168,800500
2014-09-30,17.479999542236328,17.940000534057617,17.479999542236328,17.799999237060547,16.082988739013672,850000
2014-10-03,18.0,18.200000762939453,17.579999923706055,18.059999465942383,16.337459564208984,795100
2014-10-06,18.520000457763672,18.81999969482422,18.3799991607666,18.540000915527344,16.771677017211914,395050
2014-10-07,18.399999618530273,18.780000686645508,18.34000015258789,18.760000228881836,16.970693588256836,498250
2014-10-08,18.600000381469727,18.959999084472656,18.479999542236328,18.8799991607666,17.079248428344727,498750
2014-10-09,19.0,19.059999465942383,18.65999984741211,18.8799991607666,17.079248428344727,332315
2014-10-10,18.780000686645508,18.860000610351562,18.639999389648438,18.84000015258789,17.043062210083008,195046
2014-10-13,18.799999237060547,18.81999969482422,18.020000457763672,18.780000686645508,16.988784790039062,278747
2014-10-14,18.780000686645508,18.780000686645508,18.520000457763672,18.780000686645508,16.988784790039062,286500
2014-10-15,18.760000228881836,18.780000686645508,18.100000381469727,18.34000015258789,16.59075164794922,672250
2014-10-16,18.31999969482422,18.459999084472656,18.020000457763672,18.31999969482422,16.572662353515625,1276250
2014-10-17,18.399999618530273,18.399999618530273,17.219999313354492,18.0,16.28318214416504,1818000
2014-10-20,18.200000762939453,18.399999618530273,17.639999389648438,17.899999618530273,16.192716598510742,549250
2014-10-21,18.0,18.299999237060547,17.34000015258789,17.540000915527344,15.867055892944336,299700
2014-10-22,17.719999313354492,17.920000076293945,17.6200008392334,17.799999237060547,16.102256774902344,643250
2014-10-23,18.299999237060547,18.299999237060547,17.5,18.0,16.28318214416504,314500
2014-10-24,18.280000686645508,18.6200008392334,18.100000381469727,18.34000015258789,16.59075164794922,1598245
2014-10-27,18.360000610351562,18.360000610351562,17.520000457763672,17.719999313354492,16.029884338378906,537250
2014-10-28,17.700000762939453,18.1200008392334,17.700000762939453,18.1200008392334,16.39173698425293,433000
2014-10-29,18.100000381469727,18.139999389648438,17.780000686645508,18.020000457763672,16.301273345947266,402750
2014-10-30,18.0,18.0,17.65999984741211,17.84000015258789,16.138439178466797,224000
2014-10-31,17.84000015258789,18.440000534057617,17.799999237060547,18.299999237060547,16.5545654296875,2376500
2014-11-03,18.31999969482422,18.34000015258789,17.559999465942383,17.739999771118164,16.04798126220703,1182250
2014-11-04,17.799999237060547,18.100000381469727,17.559999465942383,17.84000015258789,16.138439178466797,1736050
2014-11-05,17.860000610351562,17.8799991607666,17.540000915527344,17.81999969482422,16.120349884033203,160750
2014-11-06,17.860000610351562,18.079999923706055,17.84000015258789,18.040000915527344,16.319366455078125,669537
2014-11-07,17.799999237060547,18.020000457763672,17.65999984741211,18.0,16.28318214416504,1827870
2014-11-10,18.0,18.18000030517578,17.600000381469727,17.899999618530273,16.192716598510742,458500
2014-11-11,17.860000610351562,18.239999771118164,17.700000762939453,18.18000030517578,16.446012496948242,820000
2014-11-12,18.100000381469727,18.18000030517578,17.920000076293945,18.0,16.28318214416504,401500
2014-11-13,17.899999618530273,18.0,17.780000686645508,17.8799991607666,16.174625396728516,505500
2014-11-14,17.81999969482422,18.059999465942383,17.799999237060547,18.040000915527344,16.319366455078125,700500
2014-11-17,18.040000915527344,18.200000762939453,17.8799991607666,17.979999542236328,16.26508903503418,263500
2014-11-18,18.020000457763672,18.200000762939453,18.020000457763672,18.139999389648438,16.409828186035156,752740
2014-11-19,18.1200008392334,18.360000610351562,18.020000457763672,18.139999389648438,16.409828186035156,778000
2014-11-20,18.15999984741211,18.200000762939453,17.959999084472656,18.079999923706055,16.35555076599121,321000
2014-11-21,18.139999389648438,18.15999984741211,17.719999313354492,17.799999237060547,16.102256774902344,444000
2014-11-24,17.8799991607666,17.8799991607666,16.719999313354492,17.260000228881836,15.613759994506836,1136250
2014-11-25,18.5,18.68000030517578,18.239999771118164,18.540000915527344,16.771677017211914,4912149
2014-11-26,18.5,19.239999771118164,18.420000076293945,19.059999465942383,17.24207878112793,4542500
2014-11-27,19.0,20.600000381469727,19.0,20.200000762939453,18.27334976196289,3552147
2014-11-28,19.799999237060547,20.100000381469727,19.520000457763672,20.0,18.09242057800293,1578050
2014-12-01,19.899999618530273,20.100000381469727,19.34000015258789,19.3799991607666,17.53155517578125,1575984
2014-12-02,19.520000457763672,19.81999969482422,19.260000228881836,19.5,17.640113830566406,1890500
2014-12-03,19.600000381469727,19.68000030517578,19.0,19.239999771118164,17.404909133911133,1618544
2014-12-04,19.34000015258789,19.540000915527344,19.15999984741211,19.219999313354492,17.386817932128906,842500
2014-12-05,19.219999313354492,19.5,19.059999465942383,19.139999389648438,17.3144474029541,1151100
2014-12-08,19.479999542236328,19.479999542236328,19.0,19.15999984741211,17.332542419433594,1549500
2014-12-09,19.0,19.5,19.0,19.299999237060547,17.45918846130371,1068250
2014-12-10,19.0,19.479999542236328,19.0,19.280000686645508,17.44109535217285,1118750
2014-12-11,19.260000228881836,19.459999084472656,19.239999771118164,19.31999969482422,17.477279663085938,251500
2014-12-12,19.31999969482422,19.3799991607666,19.239999771118164,19.31999969482422,17.477279663085938,588378
2014-12-15,19.280000686645508,19.299999237060547,19.020000457763672,19.260000228881836,17.423002243041992,694000
2014-12-16,19.100000381469727,19.31999969482422,19.020000457763672,19.1200008392334,17.296354293823242,455076
2014-12-17,19.059999465942383,19.139999389648438,19.0,19.079999923706055,17.260175704956055,342250
2014-12-18,19.079999923706055,19.1200008392334,18.920000076293945,19.0,17.187803268432617,1947750
2014-12-19,18.799999237060547,19.280000686645508,18.799999237060547,19.18000030517578,17.35063362121582,1958327
2014-12-22,19.18000030517578,19.5,19.18000030517578,19.3799991607666,17.53155517578125,1413500
2014-12-23,19.299999237060547,19.65999984741211,19.200000762939453,19.360000610351562,17.513465881347656,1018950
2014-12-24,19.399999618530273,19.479999542236328,19.0,19.299999237060547,17.45918846130371,2969000
2014-12-29,19.100000381469727,19.799999237060547,19.100000381469727,19.459999084472656,17.603927612304688,800696
2014-12-30,19.520000457763672,19.799999237060547,19.479999542236328,19.6200008392334,17.748666763305664,1712500
2014-12-31,19.600000381469727,19.760000228881836,19.5,19.559999465942383,17.69438934326172,75750
2015-01-02,19.600000381469727,19.600000381469727,19.399999618530273,19.540000915527344,17.676298141479492,2537000
2015-01-05,19.520000457763672,19.579999923706055,19.459999084472656,19.540000915527344,17.676298141479492,1487588
2015-01-06,19.579999923706055,19.579999923706055,19.399999618530273,19.520000457763672,17.658205032348633,3198750
2015-01-07,19.3799991607666,19.579999923706055,19.299999237060547,19.440000534057617,17.585834503173828,1499319
2015-01-08,19.459999084472656,19.5,19.360000610351562,19.399999618530273,17.549652099609375,1446250
2015-01-09,19.600000381469727,19.600000381469727,19.420000076293945,19.479999542236328,17.622020721435547,1847700
2015-01-12,19.5,19.579999923706055,19.260000228881836,19.399999618530273,17.549652099609375,640187
2015-01-13,19.459999084472656,19.600000381469727,19.399999618530273,19.479999542236328,17.622020721435547,1952100
2015-01-14,19.5,19.559999465942383,19.34000015258789,19.459999084472656,17.603927612304688,801000
2015-01-15,19.360000610351562,19.459999084472656,19.299999237060547,19.360000610351562,17.513465881347656,1388241
2015-01-16,19.219999313354492,19.280000686645508,18.920000076293945,19.040000915527344,17.223989486694336,2158964
2015-01-19,19.0,19.15999984741211,18.559999465942383,18.920000076293945,17.115432739257812,1275710
2015-01-20,18.860000610351562,19.15999984741211,18.860000610351562,19.100000381469727,17.278261184692383,448750
2015-01-21,19.200000762939453,19.5,19.040000915527344,19.139999389648438,17.3144474029541,693000
2015-01-22,19.399999618530273,19.399999618530273,19.1200008392334,19.139999389648438,17.3144474029541,1404500
2015-01-23,19.219999313354492,19.399999618530273,19.18000030517578,19.260000228881836,17.423002243041992,3846000
2015-01-26,19.34000015258789,19.5,19.239999771118164,19.459999084472656,17.603927612304688,290750
2015-01-27,19.5,19.540000915527344,19.299999237060547,19.440000534057617,17.585834503173828,3007854
2015-01-28,19.399999618530273,19.520000457763672,19.399999618530273,19.479999542236328,17.622020721435547,1337840
2015-01-29,19.200000762939453,19.81999969482422,19.200000762939453,19.559999465942383,17.69438934326172,937500
2015-01-30,19.559999465942383,19.979999542236328,19.440000534057617,19.600000381469727,17.730573654174805,1965250
2015-02-02,19.420000076293945,19.8799991607666,19.420000076293945,19.739999771118164,17.857219696044922,2463819
2015-02-03,19.799999237060547,19.899999618530273,19.639999389648438,19.799999237060547,17.9114990234375,1718635
2015-02-04,19.899999618530273,19.899999618530273,19.559999465942383,19.639999389648438,17.76675796508789,676135
2015-02-05,19.68000030517578,19.899999618530273,19.600000381469727,19.84000015258789,17.94768524169922,1921000
2015-02-06,19.520000457763672,19.780000686645508,19.31999969482422,19.600000381469727,17.730573654174805,2496950
2015-02-09,19.8799991607666,19.8799991607666,19.440000534057617,19.459999084472656,17.603927612304688,571560
2015-02-10,19.260000228881836,19.579999923706055,19.260000228881836,19.299999237060547,17.45918846130371,716800
2015-02-11,19.200000762939453,19.299999237060547,18.920000076293945,19.100000381469727,17.278261184692383,844000
2015-02-12,19.15999984741211,19.219999313354492,18.8799991607666,19.0,17.187803268432617,1437250
2015-02-13,19.0,19.020000457763672,18.899999618530273,18.959999084472656,17.15161895751953,738000
2015-02-16,19.0,19.139999389648438,18.899999618530273,18.959999084472656,17.15161895751953,1188000
2015-02-17,19.020000457763672,19.239999771118164,19.0,19.200000762939453,17.36872673034668,433000
2015-02-18,19.200000762939453,19.200000762939453,19.100000381469727,19.100000381469727,17.278261184692383,59800
2015-02-23,19.15999984741211,19.5,19.1200008392334,19.3799991607666,17.53155517578125,378240
2015-02-24,19.34000015258789,19.639999389648438,19.139999389648438,19.219999313354492,17.386817932128906,691500
2015-02-25,19.360000610351562,19.65999984741211,19.219999313354492,19.6200008392334,17.748666763305664,441500
2015-02-26,19.780000686645508,19.780000686645508,19.520000457763672,19.559999465942383,17.69438934326172,619200
2015-02-27,19.780000686645508,19.799999237060547,19.520000457763672,19.600000381469727,17.730573654174805,575490
2015-03-02,19.600000381469727,19.739999771118164,19.540000915527344,19.559999465942383,17.69438934326172,1004277
2015-03-03,19.540000915527344,19.700000762939453,19.280000686645508,19.600000381469727,17.730573654174805,469950
2015-03-04,19.65999984741211,19.700000762939453,19.200000762939453,19.219999313354492,17.386817932128906,521550
2015-03-05,19.34000015258789,19.6200008392334,19.200000762939453,19.31999969482422,17.477279663085938,302000
2015-03-06,19.5,19.5,19.139999389648438,19.34000015258789,17.495372772216797,668990
2015-03-09,19.34000015258789,19.68000030517578,19.299999237060547,19.459999084472656,17.603927612304688,513580
2015-03-10,19.899999618530273,19.899999618530273,19.5,19.520000457763672,17.658205032348633,1282675
2015-03-11,19.899999618530273,20.850000381469727,19.739999771118164,20.450000762939453,18.49950408935547,2041500
2015-03-12,20.450000762939453,21.350000381469727,20.049999237060547,21.200000762939453,19.17797088623047,2422930
2015-03-13,20.5,20.850000381469727,20.149999618530273,20.200000762939453,18.27334976196289,1163595
2015-03-16,20.299999237060547,20.350000381469727,20.0,20.350000381469727,18.409040451049805,602098
2015-03-17,20.450000762939453,20.950000762939453,20.350000381469727,20.950000762939453,18.95181655883789,1062633
2015-03-18,20.799999237060547,21.649999618530273,20.649999618530273,21.549999237060547,19.494586944580078,1422763
2015-03-19,21.600000381469727,21.75,21.25,21.5,19.449352264404297,944345
2015-03-20,21.399999618530273,21.450000762939453,21.0,21.200000762939453,19.17797088623047,1544050
2015-03-23,21.100000381469727,21.299999237060547,20.75,21.25,19.22319984436035,1789312
2015-03-24,21.100000381469727,21.399999618530273,20.850000381469727,21.299999237060547,19.268428802490234,1085872
2015-03-25,21.200000762939453,21.75,21.200000762939453,21.600000381469727,19.53981590270996,1002800
2015-03-26,21.600000381469727,22.0,21.600000381469727,22.0,19.90166473388672,1192500
2015-03-27,21.899999618530273,22.299999237060547,21.899999618530273,22.049999237060547,19.946897506713867,960500
2015-03-30,22.25,22.299999237060547,21.600000381469727,21.850000381469727,19.765972137451172,760116
2015-03-31,21.450000762939453,22.100000381469727,21.149999618530273,22.100000381469727,19.992130279541016,715210
2015-04-01,22.0,22.399999618530273,21.950000762939453,22.200000762939453,20.082590103149414,538500
2015-04-02,22.100000381469727,22.75,21.649999618530273,22.700000762939453,20.534900665283203,1146500
2015-04-08,22.950000762939453,23.799999237060547,22.950000762939453,23.700000762939453,21.43952178955078,1393729
2015-04-09,23.600000381469727,24.5,22.299999237060547,22.950000762939453,20.761056900024414,2219127
2015-04-10,22.600000381469727,22.850000381469727,22.200000762939453,22.600000381469727,20.444440841674805,1990437
2015-04-13,22.25,22.649999618530273,21.700000762939453,22.049999237060547,19.946897506713867,1493250
2015-04-14,22.600000381469727,22.600000381469727,21.25,21.450000762939453,19.404123306274414,1664280
2015-04-15,21.649999618530273,22.100000381469727,21.649999618530273,21.850000381469727,19.765972137451172,1275391
2015-04-16,22.0,22.350000381469727,21.549999237060547,21.850000381469727,19.765972137451172,678518
2015-04-17,22.049999237060547,22.049999237060547,21.0,21.25,19.22319984436035,788000
2015-04-20,21.100000381469727,21.399999618530273,20.899999618530273,21.100000381469727,19.087509155273438,1064750
2015-04-21,22.149999618530273,22.149999618530273,21.0,21.5,19.449352264404297,1257490
2015-04-22,22.25,23.399999618530273,22.0,23.049999237060547,20.851518630981445,3516200
2015-04-23,23.600000381469727,23.600000381469727,22.450000762939453,22.450000762939453,20.308744430541992,2188053
2015-04-24,22.649999618530273,22.850000381469727,22.0,22.299999237060547,20.173051834106445,489256
2015-04-27,22.700000762939453,22.899999618530273,22.149999618530273,22.350000381469727,20.21828269958496,667800
2015-04-28,22.350000381469727,22.399999618530273,21.75,22.200000762939453,20.082590103149414,768530
2015-04-29,22.200000762939453,23.200000762939453,22.0,22.850000381469727,20.67059326171875,2363000
2015-04-30,22.700000762939453,22.950000762939453,22.299999237060547,22.850000381469727,20.67059326171875,1794000
2015-05-04,22.200000762939453,22.950000762939453,22.200000762939453,22.75,20.58013153076172,538347
2015-05-05,22.299999237060547,22.850000381469727,22.299999237060547,22.450000762939453,20.308744430541992,806750
2015-05-06,22.600000381469727,23.299999237060547,22.450000762939453,23.0,20.806285858154297,329150
2015-05-07,23.0,23.450000762939453,22.600000381469727,22.75,20.58013153076172,342561
2015-05-08,23.0,23.0,22.75,22.899999618530273,20.7158260345459,198505
2015-05-11,23.600000381469727,23.600000381469727,22.950000762939453,23.5,21.25859832763672,472320
2015-05-12,23.0,23.549999237060547,23.0,23.350000381469727,21.12290382385254,480950
2015-05-13,23.350000381469727,23.5,23.100000381469727,23.399999618530273,21.168134689331055,244650
2015-05-14,23.600000381469727,23.600000381469727,23.25,23.25,21.032442092895508,65750
2015-05-15,23.299999237060547,24.0,23.049999237060547,23.850000381469727,21.575214385986328,385121
2015-05-18,23.700000762939453,23.700000762939453,22.950000762939453,23.450000762939453,21.213367462158203,167000
2015-05-19,23.450000762939453,23.450000762939453,22.950000762939453,23.0,20.806285858154297,316727
2015-05-20,23.0,23.200000762939453,22.399999618530273,23.100000381469727,20.896747589111328,551050
2015-05-21,23.0,23.0,22.25,22.5,20.353973388671875,338780
2015-05-22,22.600000381469727,23.25,22.299999237060547,22.950000762939453,20.761056900024414,636500
2015-05-26,23.850000381469727,23.850000381469727,23.0,23.299999237060547,21.077672958374023,279750
2015-05-27,23.25,23.5,23.049999237060547,23.399999618530273,21.168134689331055,227214
2015-05-28,24.549999237060547,24.549999237060547,22.799999237060547,22.850000381469727,20.67059326171875,721990
2015-05-29,22.799999237060547,23.549999237060547,22.799999237060547,22.899999618530273,20.7158260345459,465966
2015-06-01,23.0,23.299999237060547,22.549999237060547,23.200000762939453,20.987213134765625,1289203
2015-06-02,23.0,23.75,21.799999237060547,22.950000762939453,20.761056900024414,820250
2015-06-03,22.899999618530273,22.950000762939453,22.049999237060547,22.100000381469727,19.992130279541016,631000
2015-06-04,22.0,23.0,21.75,21.950000762939453,19.85643768310547,646000
2015-06-05,22.950000762939453,22.950000762939453,22.149999618530273,22.700000762939453,20.534900665283203,868500
2015-06-08,22.950000762939453,22.950000762939453,21.899999618530273,22.0,19.90166473388672,420250
2015-06-09,21.950000762939453,22.200000762939453,21.600000381469727,22.100000381469727,19.992130279541016,358125
2015-06-10,22.5,22.700000762939453,22.149999618530273,22.399999618530273,20.263513565063477,373250
2015-06-11,22.700000762939453,22.799999237060547,22.049999237060547,22.399999618530273,20.263513565063477,640400
2015-06-12,22.899999618530273,22.899999618530273,22.200000762939453,22.5,20.353973388671875,382250
2015-06-15,22.799999237060547,22.799999237060547,21.649999618530273,22.049999237060547,19.946897506713867,405650
2015-06-16,22.5,22.5,21.549999237060547,21.75,19.67551040649414,172500
2015-06-17,22.0,22.25,21.899999618530273,22.100000381469727,19.992130279541016,132300
2015-06-18,21.799999237060547,22.100000381469727,21.549999237060547,21.649999618530273,19.585046768188477,197500
2015-06-19,21.600000381469727,22.0,21.100000381469727,21.25,19.22319984436035,512005
2015-06-22,21.5,21.799999237060547,21.299999237060547,21.75,19.67551040649414,242920
2015-06-23,21.850000381469727,22.600000381469727,21.75,22.25,20.12782096862793,426306
2015-06-24,22.25,22.25,21.799999237060547,21.899999618530273,19.811203002929688,142250
2015-06-25,21.600000381469727,22.399999618530273,21.600000381469727,22.25,20.12782096862793,337500
2015-06-26,21.850000381469727,22.299999237060547,21.649999618530273,22.200000762939453,20.082590103149414,2561150
2015-06-29,22.100000381469727,22.399999618530273,21.649999618530273,21.850000381469727,19.765972137451172,387850
2015-06-30,21.799999237060547,22.399999618530273,21.649999618530273,22.100000381469727,19.992130279541016,378050
2015-07-02,22.5,22.899999618530273,21.899999618530273,22.0,19.90166473388672,1081340
2015-07-03,21.75,22.25,21.5,21.649999618530273,19.585046768188477,394750
2015-07-06,21.299999237060547,21.549999237060547,20.450000762939453,20.5,18.54473304748535,509292
2015-07-07,21.5,21.5,19.020000457763672,19.200000762939453,17.36872673034668,788153
2015-07-08,19.5,19.760000228881836,18.780000686645508,19.200000762939453,17.36872673034668,1125000
2015-07-09,19.760000228881836,20.850000381469727,19.739999771118164,19.899999618530273,18.00196075439453,1036929
2015-07-10,20.899999618530273,21.5,20.25,20.700000762939453,18.725656509399414,399750
2015-07-13,20.100000381469727,21.350000381469727,20.100000381469727,20.950000762939453,18.95181655883789,4320250
2015-07-14,20.799999237060547,21.700000762939453,20.799999237060547,21.0,18.99704360961914,893750
2015-07-15,21.0,21.0,20.75,21.0,18.99704360961914,689346
2015-07-16,21.0,21.149999618530273,20.600000381469727,20.850000381469727,18.86134910583496,5702610
2015-07-17,20.850000381469727,21.25,20.600000381469727,20.75,18.77088737487793,311000
2015-07-20,20.75,21.200000762939453,20.549999237060547,21.0,18.99704360961914,428343
2015-07-21,20.75,21.5,20.75,21.0,18.99704360961914,956070
2015-07-22,21.100000381469727,21.200000762939453,20.75,21.0,18.99704360961914,442320
2015-07-23,21.299999237060547,21.799999237060547,20.700000762939453,20.850000381469727,18.86134910583496,892500
2015-07-24,21.0,21.200000762939453,20.200000762939453,21.0,18.99704360961914,1718369
2015-07-27,21.0,21.0,19.860000610351562,20.049999237060547,18.137651443481445,207176
2015-07-28,20.049999237060547,20.299999237060547,19.700000762939453,19.899999618530273,18.00196075439453,256000
2015-07-29,20.100000381469727,20.149999618530273,19.600000381469727,19.8799991607666,17.983867645263672,834112
2015-07-30,20.0,20.0,19.3799991607666,19.440000534057617,17.585834503173828,2385806
2015-07-31,19.600000381469727,19.81999969482422,19.219999313354492,19.68000030517578,17.80294418334961,1456127
2015-08-03,19.799999237060547,19.860000610351562,19.31999969482422,19.579999923706055,17.712482452392578,959816
2015-08-04,19.639999389648438,20.0,18.81999969482422,19.219999313354492,17.386817932128906,1822738
2015-08-05,19.34000015258789,19.760000228881836,19.100000381469727,19.139999389648438,17.3144474029541,1398345
2015-08-06,19.579999923706055,19.81999969482422,19.3799991607666,19.68000030517578,17.80294418334961,706584
2015-08-07,20.25,20.25,19.420000076293945,19.739999771118164,17.857219696044922,1015151
2015-08-10,19.799999237060547,20.0,19.719999313354492,19.760000228881836,17.875314712524414,325897
2015-08-11,19.739999771118164,19.84000015258789,19.579999923706055,19.760000228881836,17.875314712524414,309500
2015-08-12,19.559999465942383,19.760000228881836,19.31999969482422,19.600000381469727,17.730573654174805,455250
2015-08-13,19.479999542236328,19.739999771118164,19.479999542236328,19.559999465942383,17.69438934326172,318618
2015-08-14,19.440000534057617,19.719999313354492,19.440000534057617,19.440000534057617,17.585834503173828,208250
2015-08-17,19.760000228881836,19.760000228881836,19.420000076293945,19.5,17.640113830566406,299750
2015-08-18,19.459999084472656,19.700000762939453,19.459999084472656,19.520000457763672,17.658205032348633,58941
2015-08-19,19.5,19.639999389648438,19.440000534057617,19.6200008392334,17.748666763305664,1053527
2015-08-20,19.440000534057617,19.579999923706055,19.15999984741211,19.31999969482422,17.477279663085938,1477750
2015-08-21,18.979999542236328,19.0,18.0,18.100000381469727,16.373641967773438,2080508
2015-08-24,16.299999237060547,17.3799991607666,15.979999542236328,17.0,15.378561019897461,3802485
2015-08-25,16.979999542236328,17.559999465942383,16.979999542236328,17.1200008392334,15.487115859985352,1992267
2015-08-26,17.579999923706055,17.579999923706055,16.84000015258789,17.0,15.378561019897461,1386876
2015-08-27,17.459999084472656,17.6200008392334,17.239999771118164,17.559999465942383,15.885146141052246,1094252
2015-08-28,17.8799991607666,17.8799991607666,17.299999237060547,17.360000610351562,15.704225540161133,1425502
2015-08-31,17.5,17.860000610351562,17.479999542236328,17.559999465942383,15.885146141052246,1979150
2015-09-01,17.68000030517578,17.68000030517578,17.260000228881836,17.3799991607666,15.72231674194336,1127500
2015-09-02,17.34000015258789,17.459999084472656,17.1200008392334,17.200000762939453,15.559483528137207,1365750
2015-09-04,17.139999389648438,18.079999923706055,17.139999389648438,17.639999389648438,15.95751667022705,1128250
2015-09-07,17.579999923706055,17.65999984741211,16.899999618530273,17.020000457763672,15.396650314331055,726250
2015-09-08,17.299999237060547,17.68000030517578,16.81999969482422,17.540000915527344,15.867055892944336,1842468
2015-09-09,17.600000381469727,17.639999389648438,17.0,17.100000381469727,15.469023704528809,1411877
2015-09-10,17.399999618530273,17.479999542236328,16.520000457763672,16.68000030517578,15.089080810546875,2644500
2015-09-11,16.639999389648438,16.780000686645508,16.299999237060547,16.420000076293945,14.85387897491455,1542880
2015-09-14,16.520000457763672,16.940000534057617,16.5,16.719999313354492,15.125266075134277,883500
2015-09-15,16.520000457763672,16.81999969482422,16.3799991607666,16.5,14.926248550415039,911750
2015-09-16,16.81999969482422,17.020000457763672,16.520000457763672,16.979999542236328,15.360466003417969,1629150
2015-09-17,17.0,17.200000762939453,16.899999618530273,17.100000381469727,15.469023704528809,1264750
2015-09-18,16.979999542236328,17.139999389648438,16.760000228881836,16.899999618530273,15.288095474243164,1199552
2015-09-21,16.899999618530273,17.15999984741211,16.899999618530273,16.940000534057617,15.324281692504883,591000
2015-09-22,16.940000534057617,17.059999465942383,16.84000015258789,16.84000015258789,15.233820915222168,1073500
2015-09-23,16.899999618530273,17.059999465942383,16.799999237060547,17.040000915527344,15.41474723815918,1173127
2015-09-24,17.0,17.18000030517578,16.8799991607666,16.899999618530273,15.288095474243164,770880
2015-09-25,16.700000762939453,16.700000762939453,16.440000534057617,16.579999923706055,14.99862003326416,735308
2015-09-29,16.219999313354492,16.6200008392334,16.1200008392334,16.3799991607666,14.817693710327148,819856
2015-09-30,17.0,17.0,15.619999885559082,16.139999389648438,14.600584030151367,2174191
2015-10-02,16.15999984741211,17.639999389648438,16.15999984741211,17.479999542236328,15.812776565551758,2809743
2015-10-05,17.239999771118164,17.420000076293945,16.559999465942383,17.079999923706055,15.476696014404297,787270
2015-10-06,17.059999465942383,17.31999969482422,16.860000610351562,17.260000228881836,15.639796257019043,486065
2015-10-07,17.459999084472656,17.459999084472656,17.020000457763672,17.31999969482422,15.69416618347168,465065
2015-10-08,17.5,17.5,17.020000457763672,17.3799991607666,15.74853229522705,590750
2015-10-09,17.34000015258789,17.5,16.920000076293945,16.920000076293945,15.331713676452637,1238920
2015-10-12,17.020000457763672,17.239999771118164,16.600000381469727,17.1200008392334,15.512940406799316,1565900
2015-10-13,17.020000457763672,17.65999984741211,17.020000457763672,17.5,15.857271194458008,609036
2015-10-14,17.360000610351562,17.639999389648438,17.100000381469727,17.639999389648438,15.984127044677734,682190
2015-10-15,17.420000076293945,17.540000915527344,17.260000228881836,17.420000076293945,15.784778594970703,1999580
2015-10-16,17.68000030517578,17.860000610351562,17.520000457763672,17.65999984741211,16.00225257873535,386950
2015-10-19,17.780000686645508,18.100000381469727,17.6200008392334,17.899999618530273,16.21971893310547,1494500
2015-10-20,17.899999618530273,18.15999984741211,17.600000381469727,17.760000228881836,16.092864990234375,339750
2015-10-22,17.799999237060547,18.139999389648438,17.799999237060547,17.81999969482422,16.147228240966797,224750
2015-10-23,18.239999771118164,18.399999618530273,18.219999313354492,18.239999771118164,16.52780532836914,914500
2015-10-26,18.299999237060547,18.3799991607666,18.219999313354492,18.260000228881836,16.545927047729492,1557000
2015-10-27,18.1200008392334,18.139999389648438,17.600000381469727,17.6200008392334,15.966004371643066,916630
2015-10-28,17.280000686645508,17.280000686645508,14.920000076293945,15.619999885559082,14.153745651245117,7456750
2015-10-29,15.619999885559082,15.899999618530273,15.600000381469727,15.720000267028809,14.24435806274414,6305316
2015-10-30,15.640000343322754,15.720000267028809,15.5,15.640000343322754,14.171868324279785,5056250
2015-11-02,15.640000343322754,15.859999656677246,15.579999923706055,15.600000381469727,14.135624885559082,2868400
2015-11-03,16.0,16.020000457763672,15.680000305175781,15.680000305175781,14.208112716674805,637000
2015-11-04,15.5600004196167,15.739999771118164,15.479999542236328,15.520000457763672,14.063132286071777,1607652
2015-11-05,15.739999771118164,16.020000457763672,15.520000457763672,15.720000267028809,14.24435806274414,2547720
2015-11-06,15.84000015258789,16.0,15.720000267028809,15.84000015258789,14.353093147277832,1571000
2015-11-09,15.899999618530273,15.899999618530273,15.5600004196167,15.699999809265137,14.226234436035156,1458846
2015-11-10,15.600000381469727,15.739999771118164,15.520000457763672,15.65999984741211,14.189990043640137,1200824
2015-11-11,15.899999618530273,15.899999618530273,15.579999923706055,15.779999732971191,14.298726081848145,944250
2015-11-12,15.800000190734863,16.0,15.680000305175781,15.779999732971191,14.298726081848145,965498
2015-11-13,15.779999732971191,15.9399995803833,15.600000381469727,15.699999809265137,14.226234436035156,979000
2015-11-16,15.800000190734863,15.800000190734863,15.539999961853027,15.699999809265137,14.226234436035156,943519
2015-11-17,15.859999656677246,15.960000038146973,14.699999809265137,15.260000228881836,13.827539443969727,3076750
2015-11-18,15.5,15.5,15.239999771118164,15.279999732971191,13.845661163330078,1284275
2015-11-19,15.5,15.539999961853027,15.199999809265137,15.239999771118164,13.809415817260742,1157800
2015-11-20,15.180000305175781,15.180000305175781,15.0,15.140000343322754,13.718802452087402,1641420
2015-11-23,15.039999961853027,15.479999542236328,15.039999961853027,15.279999732971191,13.845661163330078,1755311
2015-11-24,15.359999656677246,15.4399995803833,15.180000305175781,15.359999656677246,13.918150901794434,571750
2015-11-25,15.319999694824219,15.600000381469727,15.319999694824219,15.539999961853027,14.081254959106445,841000
2015-11-26,15.600000381469727,15.699999809265137,15.359999656677246,15.4399995803833,13.990640640258789,1427355
2015-11-27,15.65999984741211,15.84000015258789,15.5600004196167,15.720000267028809,14.24435806274414,1875250
2015-11-30,15.960000038146973,16.0,15.5600004196167,15.600000381469727,14.135624885559082,588569
2015-12-01,15.600000381469727,15.899999618530273,15.5600004196167,15.600000381469727,14.135624885559082,516571
2015-12-02,15.579999923706055,15.84000015258789,15.579999923706055,15.800000190734863,14.316848754882812,1159071
2015-12-03,15.960000038146973,16.239999771118164,15.760000228881836,16.219999313354492,14.697422981262207,6554250
2015-12-04,16.239999771118164,16.239999771118164,16.040000915527344,16.15999984741211,14.643054962158203,735875
2015-12-07,16.059999465942383,16.059999465942383,15.680000305175781,15.739999771118164,14.262480735778809,5521550
2015-12-08,15.899999618530273,15.899999618530273,15.619999885559082,15.640000343322754,14.171868324279785,568750
2015-12-09,15.460000038146973,15.5,15.15999984741211,15.279999732971191,13.845661163330078,312815
2015-12-10,15.380000114440918,15.399999618530273,14.84000015258789,14.899999618530273,13.501330375671387,1607160
2015-12-11,15.020000457763672,15.199999809265137,14.859999656677246,15.0,13.591944694519043,5078250
2015-12-14,15.100000381469727,15.100000381469727,14.779999732971191,15.020000457763672,13.610067367553711,1841211
2015-12-15,15.039999961853027,15.300000190734863,14.880000114440918,14.899999618530273,13.501330375671387,183470
2015-12-16,15.600000381469727,15.600000381469727,14.84000015258789,14.84000015258789,13.446964263916016,1781596
2015-12-17,15.0,15.0,14.800000190734863,14.9399995803833,13.537576675415039,1100810
2015-12-18,15.199999809265137,15.199999809265137,14.859999656677246,14.979999542236328,13.573821067810059,1026077
2015-12-21,15.020000457763672,15.279999732971191,14.760000228881836,14.960000038146973,13.555699348449707,646747
2015-12-22,14.880000114440918,15.640000343322754,14.819999694824219,15.0,13.591944694519043,254250
2015-12-23,15.020000457763672,15.199999809265137,14.859999656677246,15.0,13.591944694519043,566355
2015-12-24,15.100000381469727,15.199999809265137,14.880000114440918,14.920000076293945,13.519453048706055,276355
2015-12-28,14.920000076293945,15.100000381469727,14.880000114440918,15.0,13.591944694519043,299250
2015-12-29,15.0,15.119999885559082,14.9399995803833,15.0,13.591944694519043,671000
2015-12-30,15.039999961853027,15.0600004196167,14.960000038146973,15.0,13.591944694519043,1751945
2015-12-31,15.0,15.079999923706055,14.920000076293945,15.0,13.591944694519043,415000
2016-01-04,15.5,15.5,14.880000114440918,14.899999618530273,13.501330375671387,301949
2016-01-05,15.220000267028809,15.0,14.239999771118164,14.420000076293945,13.066389083862305,825225
2016-01-06,14.800000190734863,15.5,14.359999656677246,14.380000114440918,13.030144691467285,811912
2016-01-07,14.220000267028809,14.380000114440918,13.960000038146973,14.100000381469727,12.77642822265625,807000
2016-01-08,14.239999771118164,14.239999771118164,13.420000076293945,13.600000381469727,12.323362350463867,3574946
2016-01-11,13.979999542236328,13.979999542236328,13.0600004196167,13.180000305175781,11.942788124084473,957550
2016-01-12,13.680000305175781,13.680000305175781,13.199999809265137,13.279999732971191,12.033401489257812,1745250
2016-01-13,13.399999618530273,14.0,13.199999809265137,13.520000457763672,12.250873565673828,3952464
2016-01-14,13.319999694824219,13.460000038146973,13.140000343322754,13.199999809265137,11.96091079711914,2116391
2016-01-15,13.100000381469727,13.640000343322754,13.100000381469727,13.359999656677246,12.105891227722168,577750
2016-01-18,14.020000457763672,14.180000305175781,13.119999885559082,13.520000457763672,12.250873565673828,2652590
2016-01-19,13.720000267028809,13.720000267028809,13.34000015258789,13.520000457763672,12.250873565673828,669000
2016-01-20,13.5,13.5,13.140000343322754,13.15999984741211,11.924666404724121,1392781
2016-01-21,13.260000228881836,13.300000190734863,12.380000114440918,12.420000076293945,11.254130363464355,4667666
2016-01-22,13.039999961853027,13.039999961853027,12.4399995803833,12.5600004196167,11.380989074707031,4146636
2016-01-25,13.5,13.5,12.300000190734863,12.579999923706055,11.399109840393066,1602463
2016-01-26,12.539999961853027,12.619999885559082,12.399999618530273,12.5,11.326621055603027,1514645
2016-01-27,13.140000343322754,13.15999984741211,12.579999923706055,12.65999984741211,11.471601486206055,3249250
2016-01-28,12.800000190734863,13.239999771118164,12.680000305175781,13.220000267028809,11.979034423828125,5672500
2016-01-29,13.520000457763672,13.640000343322754,13.260000228881836,13.5600004196167,12.287117004394531,4843800
2016-02-01,13.699999809265137,14.020000457763672,13.600000381469727,13.65999984741211,12.377731323242188,2229252
2016-02-02,13.800000190734863,13.819999694824219,13.5,13.739999771118164,12.450221061706543,1642709
2016-02-03,13.65999984741211,13.979999542236328,13.600000381469727,13.819999694824219,12.522710800170898,1779500
2016-02-04,13.779999732971191,14.380000114440918,13.220000267028809,14.380000114440918,13.030144691467285,708750
2016-02-05,14.460000038146973,14.979999542236328,14.34000015258789,14.760000228881836,13.374473571777344,3890000
2016-02-11,14.760000228881836,15.140000343322754,14.399999618530273,14.579999923706055,13.211370468139648,1157520
2016-02-12,14.5,14.640000343322754,14.4399995803833,14.579999923706055,13.211370468139648,842000
2016-02-15,14.5600004196167,14.920000076293945,14.5,14.899999618530273,13.501330375671387,2173083
2016-02-16,14.699999809265137,15.039999961853027,14.600000381469727,14.960000038146973,13.555699348449707,1815250
2016-02-17,14.9399995803833,15.140000343322754,14.9399995803833,15.0600004196167,13.646312713623047,1046500
2016-02-18,15.0,15.399999618530273,14.979999542236328,15.239999771118164,13.809415817260742,1973600
2016-02-19,15.220000267028809,15.619999885559082,15.220000267028809,15.600000381469727,14.135624885559082,3112317
2016-02-22,15.460000038146973,15.619999885559082,15.319999694824219,15.600000381469727,14.135624885559082,630870
2016-02-23,15.5,15.699999809265137,15.460000038146973,15.479999542236328,14.026885986328125,923000
2016-02-24,15.399999618530273,15.5600004196167,15.260000228881836,15.380000114440918,13.936273574829102,742750
2016-02-25,15.199999809265137,15.460000038146973,15.199999809265137,15.359999656677246,13.918150901794434,401000
2016-02-26,15.579999923706055,15.680000305175781,15.479999542236328,15.65999984741211,14.189990043640137,985500
2016-02-29,15.720000267028809,15.979999542236328,15.479999542236328,15.520000457763672,14.063132286071777,486758
2016-03-01,15.520000457763672,15.600000381469727,15.520000457763672,15.579999923706055,14.117499351501465,232500
2016-03-02,15.619999885559082,15.699999809265137,14.800000190734863,15.100000381469727,13.682557106018066,2145762
2016-03-03,15.220000267028809,15.600000381469727,15.220000267028809,15.539999961853027,14.081254959106445,336692
2016-03-04,15.4399995803833,15.84000015258789,15.359999656677246,15.739999771118164,14.262480735778809,329175
2016-03-07,15.479999542236328,15.479999542236328,14.979999542236328,15.0,13.591944694519043,768055
2016-03-08,14.960000038146973,14.979999542236328,14.039999961853027,14.34000015258789,12.99389934539795,1985500
2016-03-09,14.300000190734863,14.579999923706055,14.15999984741211,14.300000190734863,12.95765495300293,757231
2016-03-10,14.380000114440918,14.579999923706055,14.380000114440918,14.5,13.138879776000977,544000
2016-03-11,14.380000114440918,14.739999771118164,14.380000114440918,14.520000457763672,13.157001495361328,2283970
2016-03-14,14.520000457763672,14.779999732971191,14.520000457763672,14.65999984741211,13.283859252929688,1164538
2016-03-15,14.5,14.65999984741211,14.5,14.600000381469727,13.2294921875,217000
2016-03-16,14.4399995803833,14.779999732971191,14.399999618530273,14.619999885559082,13.247615814208984,341250
2016-03-17,14.640000343322754,14.800000190734863,14.460000038146973,14.5,13.138879776000977,787750
2016-03-18,14.460000038146973,14.5,14.140000343322754,14.319999694824219,12.975777626037598,628713
2016-03-21,14.319999694824219,14.319999694824219,14.0600004196167,14.140000343322754,12.81267261505127,828120
2016-03-22,14.079999923706055,14.300000190734863,14.079999923706055,14.199999809265137,12.867040634155273,604000
2016-03-23,14.880000114440918,14.880000114440918,14.0,14.0,12.68581485748291,365250
2016-03-24,13.84000015258789,13.880000114440918,13.4399995803833,13.600000381469727,12.323362350463867,766200
2016-03-29,13.800000190734863,14.100000381469727,13.760000228881836,13.9399995803833,12.631446838378906,3520558
2016-03-30,14.199999809265137,14.199999809265137,13.9399995803833,14.020000457763672,12.703938484191895,366245
2016-03-31,14.020000457763672,14.020000457763672,13.819999694824219,13.84000015258789,12.540833473205566,443668
2016-04-01,13.819999694824219,14.15999984741211,13.800000190734863,13.960000038146973,12.649571418762207,1623250
2016-04-05,13.960000038146973,14.0,13.5600004196167,13.579999923706055,12.305240631103516,530450
2016-04-06,13.600000381469727,13.600000381469727,12.699999809265137,13.0,11.779684066772461,1822000
2016-04-07,13.100000381469727,13.300000190734863,13.079999923706055,13.260000228881836,12.015279769897461,1525500
2016-04-08,13.079999923706055,13.180000305175781,12.899999618530273,13.0,11.779684066772461,2730863
2016-04-11,13.0600004196167,13.420000076293945,13.0,13.399999618530273,12.14213752746582,683500
2016-04-12,13.420000076293945,13.420000076293945,12.859999656677246,13.300000190734863,12.05152416229248,1842750
2016-04-13,13.380000114440918,13.520000457763672,13.180000305175781,13.420000076293945,12.160260200500488,1076061
2016-04-14,13.539999961853027,14.0,13.4399995803833,13.899999618530273,12.59520149230957,3746600
2016-04-15,13.960000038146973,14.0,13.460000038146973,13.479999542236328,12.214627265930176,1415178
2016-04-18,13.4399995803833,13.579999923706055,13.100000381469727,13.359999656677246,12.105891227722168,1219500
2016-04-19,13.479999542236328,13.699999809265137,13.279999732971191,13.680000305175781,12.395853042602539,489770
2016-04-20,14.100000381469727,14.680000305175781,13.779999732971191,14.140000343322754,12.81267261505127,2354300
2016-04-21,14.239999771118164,14.520000457763672,13.9399995803833,14.380000114440918,13.030144691467285,2042343
2016-04-22,14.399999618530273,14.579999923706055,14.0600004196167,14.279999732971191,12.939530372619629,1547508
2016-04-25,14.680000305175781,15.199999809265137,14.359999656677246,15.039999961853027,13.628189086914062,1143760
2016-04-26,14.920000076293945,15.239999771118164,14.819999694824219,15.039999961853027,13.628189086914062,1389320
2016-04-27,15.0600004196167,15.0600004196167,14.859999656677246,14.960000038146973,13.555699348449707,919250
2016-04-28,15.239999771118164,15.399999618530273,14.880000114440918,15.039999961853027,13.628189086914062,846250
2016-04-29,14.880000114440918,14.979999542236328,14.680000305175781,14.960000038146973,13.555699348449707,330713
2016-05-03,15.0,15.100000381469727,14.140000343322754,14.220000267028809,12.885163307189941,962485
2016-05-04,14.140000343322754,14.520000457763672,13.779999732971191,14.399999618530273,13.048267364501953,878133
2016-05-05,14.300000190734863,14.34000015258789,13.920000076293945,14.0600004196167,12.740182876586914,703500
2016-05-06,14.119999885559082,14.119999885559082,13.760000228881836,13.819999694824219,12.522710800170898,641250
2016-05-09,14.0,14.039999961853027,13.760000228881836,13.9399995803833,12.631446838378906,326397
2016-05-10,14.039999961853027,14.039999961853027,13.84000015258789,13.880000114440918,12.577079772949219,784000
2016-05-11,14.140000343322754,14.15999984741211,13.859999656677246,13.859999656677246,12.55895709991455,142406
2016-05-12,13.819999694824219,13.819999694824219,13.5,13.619999885559082,12.341485023498535,336090
2016-05-13,13.539999961853027,13.600000381469727,13.460000038146973,13.5,12.232749938964844,409475
2016-05-16,13.4399995803833,13.520000457763672,13.359999656677246,13.380000114440918,12.124014854431152,480250
2016-05-17,13.600000381469727,13.680000305175781,13.380000114440918,13.5,12.232749938964844,306000
2016-05-18,13.380000114440918,13.380000114440918,13.199999809265137,13.279999732971191,12.033401489257812,189218
2016-05-19,13.15999984741211,13.359999656677246,13.15999984741211,13.279999732971191,12.033401489257812,469500
2016-05-20,13.260000228881836,13.279999732971191,13.199999809265137,13.239999771118164,11.99715518951416,1491116
2016-05-23,13.359999656677246,13.4399995803833,13.15999984741211,13.279999732971191,12.033401489257812,1011250
2016-05-24,13.239999771118164,13.300000190734863,13.020000457763672,13.100000381469727,11.870299339294434,328150
2016-05-25,13.020000457763672,13.100000381469727,12.899999618530273,13.079999923706055,11.85217571258545,1164750
2016-05-26,13.100000381469727,13.579999923706055,13.039999961853027,13.520000457763672,12.250873565673828,1578630
2016-05-27,13.640000343322754,13.720000267028809,13.4399995803833,13.520000457763672,12.250873565673828,847971
2016-05-30,13.520000457763672,13.579999923706055,13.399999618530273,13.420000076293945,12.160260200500488,276250
2016-05-31,13.5,13.5,13.079999923706055,13.140000343322754,11.906543731689453,749857
2016-06-01,13.199999809265137,13.359999656677246,12.760000228881836,12.979999542236328,11.76156234741211,763967
2016-06-02,13.079999923706055,13.220000267028809,12.880000114440918,13.180000305175781,11.942788124084473,499789
2016-06-03,13.180000305175781,13.239999771118164,12.84000015258789,13.15999984741211,11.924666404724121,969995
2016-06-06,13.15999984741211,13.180000305175781,12.899999618530273,13.140000343322754,11.906543731689453,396000
2016-06-07,13.600000381469727,14.920000076293945,13.5,14.680000305175781,13.301984786987305,3869472
2016-06-08,14.819999694824219,15.380000114440918,14.819999694824219,15.34000015258789,13.90002727508545,2528500
2016-06-10,15.4399995803833,15.800000190734863,15.119999885559082,15.760000228881836,14.28060245513916,2271474
2016-06-13,15.600000381469727,15.760000228881836,15.279999732971191,15.4399995803833,13.990640640258789,2165250
2016-06-14,15.600000381469727,15.65999984741211,15.539999961853027,15.619999885559082,14.153745651245117,1042500
2016-06-15,15.65999984741211,15.779999732971191,15.119999885559082,15.260000228881836,13.827539443969727,3660000
2016-06-16,15.359999656677246,15.859999656677246,15.300000190734863,15.600000381469727,14.135624885559082,789595
2016-06-17,15.5,16.0,15.300000190734863,15.800000190734863,14.316848754882812,2215119
2016-06-20,15.699999809265137,16.0,15.619999885559082,15.979999542236328,14.479951858520508,1352750
2016-06-21,16.0,16.1200008392334,15.960000038146973,16.040000915527344,14.534320831298828,1649481
2016-06-22,16.0,16.8799991607666,16.0,16.799999237060547,15.222977638244629,2531975
2016-06-23,16.940000534057617,16.940000534057617,16.219999313354492,16.34000015258789,14.806158065795898,1428700
2016-06-24,16.360000610351562,16.360000610351562,15.760000228881836,16.100000381469727,14.588688850402832,1090382
2016-06-27,16.020000457763672,16.239999771118164,15.680000305175781,15.800000190734863,14.316848754882812,510000
2016-06-28,16.0,16.059999465942383,15.4399995803833,15.479999542236328,14.026885986328125,1326220
2016-06-29,15.399999618530273,16.459999084472656,15.0600004196167,16.3799991607666,14.84240436553955,2264050
2016-06-30,16.3799991607666,16.3799991607666,15.819999694824219,15.84000015258789,14.353093147277832,522523
2016-07-04,15.84000015258789,16.0,15.760000228881836,15.899999618530273,14.40746021270752,568000
2016-07-05,16.15999984741211,16.15999984741211,15.800000190734863,15.979999542236328,14.479951858520508,540500
2016-07-06,15.859999656677246,15.859999656677246,15.260000228881836,15.520000457763672,14.063132286071777,673997
2016-07-07,15.65999984741211,16.18000030517578,15.479999542236328,15.819999694824219,14.334970474243164,1084250
2016-07-08,15.600000381469727,15.600000381469727,15.140000343322754,15.34000015258789,13.90002727508545,1846048
2016-07-11,15.300000190734863,15.779999732971191,15.300000190734863,15.65999984741211,14.189990043640137,739250
2016-07-12,15.680000305175781,15.739999771118164,15.399999618530273,15.539999961853027,14.081254959106445,271000
2016-07-13,15.460000038146973,15.859999656677246,15.460000038146973,15.760000228881836,14.28060245513916,922000
2016-07-14,16.0,16.799999237060547,15.899999618530273,16.719999313354492,15.150487899780273,1486166
2016-07-15,16.579999923706055,17.079999923706055,16.520000457763672,16.8799991607666,15.2954683303833,1571021
2016-07-18,16.739999771118164,16.84000015258789,16.459999084472656,16.760000228881836,15.186732292175293,184600
2016-07-19,16.600000381469727,17.0,16.579999923706055,16.84000015258789,15.259222984313965,382950
2016-07-20,16.5,16.5,15.199999809265137,15.399999618530273,13.954395294189453,5289900
2016-07-21,15.5,16.479999542236328,15.5,16.31999969482422,14.788036346435547,1982454
2016-07-22,16.100000381469727,16.239999771118164,15.859999656677246,16.1200008392334,14.606810569763184,593750
2016-07-25,16.079999923706055,16.1200008392334,15.800000190734863,15.819999694824219,14.334970474243164,240250
2016-07-26,15.9399995803833,16.18000030517578,15.800000190734863,15.979999542236328,14.479951858520508,769300
2016-07-27,15.960000038146973,16.420000076293945,15.960000038146973,16.3799991607666,14.84240436553955,470750
2016-07-28,16.540000915527344,16.860000610351562,16.3799991607666,16.600000381469727,15.041751861572266,1038200
2016-07-29,16.65999984741211,16.65999984741211,16.139999389648438,16.200000762939453,14.679300308227539,212500
2016-08-01,16.100000381469727,16.15999984741211,15.920000076293945,16.0,14.498074531555176,1030750
2016-08-02,16.0,16.0,16.0,16.0,14.498074531555176,0
2016-08-03,16.479999542236328,16.700000762939453,15.779999732971191,15.920000076293945,14.425583839416504,1219000
2016-08-04,16.059999465942383,16.200000762939453,15.899999618530273,16.1200008392334,14.606810569763184,305922
2016-08-05,16.079999923706055,16.700000762939453,16.059999465942383,16.420000076293945,14.878650665283203,868438
2016-08-08,16.459999084472656,16.520000457763672,16.18000030517578,16.31999969482422,14.788036346435547,396250
2016-08-09,16.139999389648438,16.600000381469727,16.040000915527344,16.299999237060547,14.76991081237793,206250
2016-08-10,16.299999237060547,16.34000015258789,16.100000381469727,16.15999984741211,14.643054962158203,554489
2016-08-11,16.0,16.219999313354492,15.9399995803833,16.079999923706055,14.570564270019531,710750
2016-08-12,16.459999084472656,16.459999084472656,15.699999809265137,15.9399995803833,14.443706512451172,804250
2016-08-15,16.100000381469727,16.100000381469727,15.680000305175781,15.720000267028809,14.24435806274414,1528250
2016-08-16,15.859999656677246,16.020000457763672,15.739999771118164,15.859999656677246,14.3712158203125,581500
2016-08-17,15.819999694824219,15.920000076293945,15.720000267028809,15.720000267028809,14.24435806274414,211685
2016-08-18,15.720000267028809,15.960000038146973,15.720000267028809,15.960000038146973,14.461828231811523,151500
2016-08-19,15.960000038146973,15.9399995803833,15.720000267028809,15.920000076293945,14.425583839416504,267883
2016-08-22,15.920000076293945,15.920000076293945,15.720000267028809,15.819999694824219,14.334970474243164,156198
2016-08-23,15.720000267028809,16.0,15.720000267028809,15.880000114440918,14.389338493347168,137250
2016-08-24,15.800000190734863,15.84000015258789,15.779999732971191,15.819999694824219,14.334970474243164,778750
2016-08-25,15.819999694824219,15.9399995803833,15.800000190734863,15.819999694824219,14.334970474243164,193750
2016-08-26,16.860000610351562,16.860000610351562,16.18000030517578,16.260000228881836,14.733667373657227,326983
2016-08-29,16.219999313354492,16.459999084472656,16.079999923706055,16.3799991607666,14.84240436553955,249250
2016-08-30,16.239999771118164,16.280000686645508,15.979999542236328,16.139999389648438,14.624932289123535,145019
2016-08-31,16.100000381469727,16.6200008392334,16.100000381469727,16.540000915527344,14.987384796142578,2150250
2016-09-01,16.34000015258789,16.34000015258789,16.1200008392334,16.200000762939453,14.679300308227539,1065823
2016-09-02,16.299999237060547,16.299999237060547,15.819999694824219,15.859999656677246,14.3712158203125,550092
2016-09-05,16.059999465942383,16.100000381469727,15.819999694824219,15.899999618530273,14.40746021270752,525130
2016-09-06,16.399999618530273,16.479999542236328,15.880000114440918,15.9399995803833,14.443706512451172,206000
2016-09-07,16.059999465942383,16.1200008392334,15.960000038146973,16.020000457763672,14.516196250915527,320860
2016-09-08,16.139999389648438,16.219999313354492,15.84000015258789,15.880000114440918,14.389338493347168,224000
2016-09-09,15.819999694824219,16.219999313354492,15.819999694824219,15.960000038146973,14.461828231811523,1380338
2016-09-12,16.200000762939453,16.200000762939453,15.600000381469727,15.819999694824219,14.334970474243164,790231
2016-09-13,15.84000015258789,16.139999389648438,15.800000190734863,15.899999618530273,14.40746021270752,517250
2016-09-14,15.960000038146973,16.059999465942383,15.859999656677246,15.920000076293945,14.425583839416504,684000
2016-09-15,16.0,16.239999771118164,15.800000190734863,15.979999542236328,14.479951858520508,440710
2016-09-19,16.34000015258789,16.34000015258789,15.979999542236328,16.1200008392334,14.606810569763184,302328
2016-09-20,16.200000762939453,16.3799991607666,15.960000038146973,15.979999542236328,14.479951858520508,351750
2016-09-21,16.299999237060547,16.299999237060547,15.859999656677246,15.859999656677246,14.3712158203125,387710
2016-09-22,16.0,16.139999389648438,15.979999542236328,16.0,14.498074531555176,265000
2016-09-23,16.020000457763672,16.020000457763672,15.619999885559082,15.880000114440918,14.389338493347168,1496100
2016-09-26,15.760000228881836,15.899999618530273,15.539999961853027,15.579999923706055,14.117499351501465,1259180
2016-09-27,15.5,15.579999923706055,14.84000015258789,15.0,13.591944694519043,838000
2016-09-28,15.100000381469727,15.300000190734863,15.100000381469727,15.260000228881836,13.827539443969727,430086
2016-09-29,15.420000076293945,15.680000305175781,15.399999618530273,15.5,14.045010566711426,11354000
2016-09-30,15.880000114440918,15.880000114440918,15.4399995803833,15.460000038146973,14.00876522064209,660957
2016-10-03,15.4399995803833,15.739999771118164,15.34000015258789,15.359999656677246,13.944397926330566,1719611
2016-10-04,15.520000457763672,15.760000228881836,15.380000114440918,15.65999984741211,14.216751098632812,703000
2016-10-05,16.0,16.020000457763672,15.5,16.0,14.52541446685791,534000
2016-10-06,16.020000457763672,16.5,16.020000457763672,16.479999542236328,14.961175918579102,538573
2016-10-07,16.520000457763672,16.81999969482422,16.5,16.799999237060547,15.25168514251709,1044250
2016-10-11,17.0,17.1200008392334,16.520000457763672,16.979999542236328,15.415094375610352,1332750
2016-10-12,16.65999984741211,16.979999542236328,16.520000457763672,16.979999542236328,15.415094375610352,617500
2016-10-13,17.0,17.0,16.68000030517578,16.899999618530273,15.342466354370117,286750
2016-10-14,16.81999969482422,16.81999969482422,16.260000228881836,16.31999969482422,14.815923690795898,338272
2016-10-17,16.31999969482422,16.65999984741211,16.040000915527344,16.479999542236328,14.961175918579102,255842
2016-10-18,16.479999542236328,17.0,16.479999542236328,16.81999969482422,15.269841194152832,793000
2016-10-19,16.719999313354492,16.739999771118164,16.579999923706055,16.700000762939453,15.160903930664062,585250
2016-10-20,16.639999389648438,16.65999984741211,16.399999618530273,16.600000381469727,15.070117950439453,864250
2016-10-21,16.600000381469727,16.600000381469727,16.600000381469727,16.600000381469727,15.070117950439453,0
2016-10-24,16.520000457763672,16.959999084472656,16.520000457763672,16.8799991607666,15.324312210083008,201500
2016-10-25,16.68000030517578,16.940000534057617,16.68000030517578,16.8799991607666,15.324312210083008,351750
2016-10-26,16.719999313354492,16.739999771118164,16.139999389648438,16.579999923706055,15.051961898803711,2894431
2016-10-27,16.34000015258789,16.34000015258789,16.0,16.059999465942383,14.579885482788086,1072564
2016-10-28,16.139999389648438,16.139999389648438,15.640000343322754,16.0,14.52541446685791,1502369
2016-10-31,16.059999465942383,16.079999923706055,15.899999618530273,16.020000457763672,14.543571472167969,818500
2016-11-01,16.100000381469727,16.100000381469727,15.720000267028809,15.880000114440918,14.416474342346191,393894
2016-11-02,15.859999656677246,16.139999389648438,15.680000305175781,16.020000457763672,14.543571472167969,454001
2016-11-03,16.020000457763672,16.020000457763672,15.640000343322754,15.880000114440918,14.416474342346191,887154
2016-11-04,15.819999694824219,15.84000015258789,15.600000381469727,15.600000381469727,14.162280082702637,269000
2016-11-07,15.579999923706055,15.699999809265137,15.420000076293945,15.579999923706055,14.144122123718262,758464
2016-11-08,15.720000267028809,16.200000762939453,15.5600004196167,15.680000305175781,14.234906196594238,109750
2016-11-09,15.739999771118164,15.800000190734863,15.319999694824219,15.539999961853027,14.107808113098145,708100
2016-11-10,15.579999923706055,16.15999984741211,15.579999923706055,15.699999809265137,14.25306224822998,63750
2016-11-11,15.600000381469727,15.600000381469727,15.300000190734863,15.420000076293945,13.998867988586426,424142
2016-11-14,16.479999542236328,16.479999542236328,15.119999885559082,15.199999809265137,13.79914379119873,257739
2016-11-15,15.279999732971191,15.640000343322754,14.979999542236328,15.020000457763672,13.635733604431152,2082750
2016-11-16,15.100000381469727,15.359999656677246,15.020000457763672,15.239999771118164,13.835458755493164,302000
2016-11-17,15.260000228881836,15.680000305175781,15.0600004196167,15.220000267028809,13.817302703857422,957750
2016-11-18,15.260000228881836,15.279999732971191,15.0,15.119999885559082,13.726517677307129,716000
2016-11-21,15.199999809265137,15.239999771118164,15.079999923706055,15.180000305175781,13.780987739562988,237750
2016-11-22,15.180000305175781,15.260000228881836,15.140000343322754,15.180000305175781,13.780987739562988,388250
2016-11-23,15.220000267028809,15.520000457763672,15.15999984741211,15.4399995803833,14.017024993896484,572916
2016-11-24,15.5,15.520000457763672,15.239999771118164,15.359999656677246,13.944397926330566,218750
2016-11-25,15.34000015258789,15.5,15.279999732971191,15.479999542236328,14.053338050842285,120500
2016-11-28,15.640000343322754,15.699999809265137,15.5,15.520000457763672,14.089653015136719,669972
2016-11-29,15.5,15.539999961853027,15.239999771118164,15.4399995803833,14.017024993896484,478550
2016-11-30,15.520000457763672,15.520000457763672,15.15999984741211,15.220000267028809,13.817302703857422,638000
2016-12-01,15.34000015258789,15.479999542236328,15.15999984741211,15.399999618530273,13.980710983276367,15396545
2016-12-02,15.399999618530273,15.399999618530273,15.0,15.100000381469727,13.70836067199707,2690650
2016-12-05,15.15999984741211,15.15999984741211,15.0,15.0,13.617576599121094,13270750
2016-12-06,15.119999885559082,15.359999656677246,14.979999542236328,15.180000305175781,13.780987739562988,1092860
2016-12-07,15.279999732971191,15.300000190734863,15.0,15.100000381469727,13.70836067199707,1036682
2016-12-08,15.199999809265137,15.199999809265137,15.020000457763672,15.119999885559082,13.726517677307129,207091
2016-12-09,15.039999961853027,15.0600004196167,14.800000190734863,14.819999694824219,13.4541654586792,811500
2016-12-12,14.899999618530273,14.899999618530273,14.5,14.779999732971191,13.417852401733398,718500
2016-12-13,14.720000267028809,15.079999923706055,14.5,14.619999885559082,13.272597312927246,861750
2016-12-14,14.720000267028809,14.760000228881836,14.5600004196167,14.739999771118164,13.381538391113281,966000
2016-12-15,14.619999885559082,14.859999656677246,14.600000381469727,14.720000267028809,13.363381385803223,596650
2016-12-16,14.65999984741211,14.920000076293945,14.600000381469727,14.619999885559082,13.272597312927246,2513208
2016-12-19,14.680000305175781,14.680000305175781,14.600000381469727,14.619999885559082,13.272597312927246,529264
2016-12-20,14.600000381469727,14.65999984741211,14.600000381469727,14.619999885559082,13.272597312927246,382750
2016-12-21,14.680000305175781,14.680000305175781,14.600000381469727,14.600000381469727,13.254441261291504,7500
2016-12-22,14.619999885559082,14.640000343322754,14.579999923706055,14.600000381469727,13.254441261291504,400146
2016-12-23,14.640000343322754,14.640000343322754,14.279999732971191,14.300000190734863,12.98208999633789,440000
2016-12-28,14.300000190734863,14.399999618530273,14.079999923706055,14.319999694824219,13.000246047973633,854250
2016-12-29,14.300000190734863,14.380000114440918,14.199999809265137,14.199999809265137,12.891305923461914,182250
2016-12-30,14.199999809265137,14.699999809265137,14.199999809265137,14.680000305175781,13.327068328857422,322750
2017-01-03,14.720000267028809,15.5,14.119999885559082,14.34000015258789,13.018402099609375,806094
2017-01-04,14.34000015258789,14.479999542236328,14.34000015258789,14.359999656677246,13.036559104919434,384750
2017-01-05,14.359999656677246,14.65999984741211,14.34000015258789,14.520000457763672,13.181814193725586,294500
2017-01-06,14.65999984741211,14.920000076293945,14.5600004196167,14.800000190734863,13.436010360717773,221500
2017-01-09,14.739999771118164,15.020000457763672,14.520000457763672,14.65999984741211,13.308910369873047,555982
2017-01-10,14.920000076293945,14.979999542236328,14.4399995803833,14.479999542236328,13.145499229431152,1055750
2017-01-11,14.760000228881836,14.779999732971191,14.4399995803833,14.5,13.163656234741211,880250
2017-01-12,14.600000381469727,14.779999732971191,14.5,14.779999732971191,13.417852401733398,491535
2017-01-13,14.800000190734863,14.960000038146973,14.800000190734863,14.9399995803833,13.563105583190918,354750
2017-01-16,15.039999961853027,15.100000381469727,14.739999771118164,14.880000114440918,13.508636474609375,382007
2017-01-17,14.960000038146973,15.0,14.819999694824219,14.979999542236328,13.599418640136719,252000
2017-01-18,15.0,15.140000343322754,14.9399995803833,14.979999542236328,13.599418640136719,162750
2017-01-19,15.0,15.15999984741211,14.960000038146973,15.0,13.617576599121094,1324500
2017-01-20,15.039999961853027,15.079999923706055,14.899999618530273,14.9399995803833,13.563105583190918,396750
2017-01-23,14.979999542236328,15.0,14.9399995803833,15.0,13.617576599121094,608494
2017-01-24,15.300000190734863,15.460000038146973,15.180000305175781,15.300000190734863,13.889928817749023,3880250
2017-01-25,15.420000076293945,15.5,15.300000190734863,15.460000038146973,14.035181045532227,1984604
2017-01-26,15.579999923706055,15.600000381469727,15.4399995803833,15.479999542236328,14.053338050842285,925568
2017-01-27,15.479999542236328,15.479999542236328,15.300000190734863,15.319999694824219,13.908085823059082,226864
2017-02-01,16.0,16.079999923706055,15.479999542236328,15.779999732971191,14.325690269470215,1280750
2017-02-02,15.859999656677246,15.859999656677246,14.859999656677246,15.020000457763672,13.635733604431152,2187146
2017-02-03,15.0,15.15999984741211,14.819999694824219,14.979999542236328,13.599418640136719,900646
2017-02-06,15.079999923706055,15.15999984741211,15.0,15.0600004196167,13.67204761505127,447568
2017-02-07,15.15999984741211,15.15999984741211,15.0,15.0,13.617576599121094,316250
2017-02-08,15.079999923706055,15.100000381469727,14.9399995803833,14.960000038146973,13.581262588500977,507500
2017-02-09,14.979999542236328,15.15999984741211,14.960000038146973,15.140000343322754,13.744673728942871,446578
2017-02-10,15.220000267028809,15.220000267028809,15.100000381469727,15.15999984741211,13.76283073425293,163000
2017-02-13,15.260000228881836,15.380000114440918,15.119999885559082,15.300000190734863,13.889928817749023,408000
2017-02-14,15.260000228881836,15.399999618530273,15.100000381469727,15.140000343322754,13.744673728942871,525750
2017-02-15,15.199999809265137,15.260000228881836,15.0,15.0600004196167,13.67204761505127,492291
2017-02-16,15.0600004196167,15.220000267028809,15.0,15.039999961853027,13.653890609741211,1470411
2017-02-17,15.100000381469727,15.100000381469727,15.0,15.0,13.617576599121094,996950
2017-02-20,14.979999542236328,15.140000343322754,14.979999542236328,15.0600004196167,13.67204761505127,2533748
2017-02-21,15.119999885559082,15.140000343322754,14.920000076293945,15.0,13.617576599121094,121250
2017-02-22,15.039999961853027,15.15999984741211,15.0,15.020000457763672,13.635733604431152,443750
2017-02-23,15.0,15.399999618530273,15.0,15.020000457763672,13.635733604431152,198497
2017-02-24,15.039999961853027,15.079999923706055,15.0,15.020000457763672,13.635733604431152,215094
2017-02-27,15.100000381469727,15.100000381469727,14.899999618530273,15.0,13.617576599121094,394432
2017-02-28,15.100000381469727,15.380000114440918,15.100000381469727,15.300000190734863,13.889928817749023,382350
2017-03-01,15.380000114440918,15.4399995803833,15.199999809265137,15.300000190734863,13.889928817749023,130400
2017-03-02,15.319999694824219,15.380000114440918,15.220000267028809,15.260000228881836,13.853614807128906,273043
2017-03-03,15.300000190734863,15.619999885559082,15.300000190734863,15.460000038146973,14.035181045532227,236500
2017-03-06,15.600000381469727,15.600000381469727,15.399999618530273,15.460000038146973,14.035181045532227,108986
2017-03-07,15.460000038146973,15.600000381469727,15.420000076293945,15.5,14.071495056152344,464500
2017-03-08,15.4399995803833,15.5,15.399999618530273,15.479999542236328,14.053338050842285,130030
2017-03-09,15.479999542236328,15.619999885559082,15.15999984741211,15.300000190734863,13.889928817749023,580432
2017-03-10,15.399999618530273,15.420000076293945,15.319999694824219,15.359999656677246,13.944397926330566,105250
2017-03-13,15.359999656677246,15.420000076293945,15.319999694824219,15.359999656677246,13.944397926330566,219042
2017-03-14,15.239999771118164,15.520000457763672,15.239999771118164,15.319999694824219,13.908085823059082,445000
2017-03-15,15.300000190734863,15.4399995803833,15.199999809265137,15.380000114440918,13.962554931640625,140000
2017-03-16,15.460000038146973,15.979999542236328,15.4399995803833,15.65999984741211,14.216751098632812,463250
2017-03-17,15.600000381469727,15.720000267028809,15.539999961853027,15.619999885559082,14.180436134338379,479000
2017-03-20,15.640000343322754,15.960000038146973,15.640000343322754,15.880000114440918,14.416474342346191,237852
2017-03-21,15.84000015258789,16.0,15.819999694824219,15.979999542236328,14.507257461547852,1441000
2017-03-22,15.9399995803833,15.979999542236328,15.5,15.5600004196167,14.125967025756836,316750
2017-03-23,15.539999961853027,15.699999809265137,15.539999961853027,15.619999885559082,14.180436134338379,70250
2017-03-24,15.539999961853027,15.579999923706055,15.5,15.5,14.071495056152344,48000
2017-03-27,15.4399995803833,15.640000343322754,15.4399995803833,15.5600004196167,14.125967025756836,241476
2017-03-28,15.600000381469727,15.920000076293945,15.600000381469727,15.760000228881836,14.307533264160156,267920
2017-03-29,15.800000190734863,15.84000015258789,15.539999961853027,15.600000381469727,14.162280082702637,56500
2017-03-30,15.800000190734863,15.899999618530273,15.800000190734863,15.800000190734863,14.34384536743164,309009
2017-03-31,15.800000190734863,15.979999542236328,15.800000190734863,15.819999694824219,14.362003326416016,392845
2017-04-03,15.739999771118164,15.979999542236328,15.680000305175781,15.9399995803833,14.470943450927734,151250
2017-04-05,15.979999542236328,16.0,15.800000190734863,15.9399995803833,14.470943450927734,274364
2017-04-06,15.9399995803833,15.979999542236328,15.84000015258789,15.9399995803833,14.470943450927734,136000
2017-04-07,15.800000190734863,16.0,15.800000190734863,15.9399995803833,14.470943450927734,397256
2017-04-10,15.960000038146973,16.0,15.84000015258789,16.0,14.52541446685791,296222
2017-04-11,16.0,16.18000030517578,15.84000015258789,15.960000038146973,14.489100456237793,379728
2017-04-12,15.800000190734863,15.979999542236328,15.800000190734863,15.819999694824219,14.362003326416016,255500
2017-04-13,15.800000190734863,15.880000114440918,15.760000228881836,15.779999732971191,14.325690269470215,240621
2017-04-18,15.84000015258789,15.859999656677246,15.5,15.520000457763672,14.089653015136719,232000
2017-04-19,15.399999618530273,15.520000457763672,15.180000305175781,15.399999618530273,13.980710983276367,198000
2017-04-20,15.380000114440918,15.579999923706055,15.34000015258789,15.479999542236328,14.053338050842285,266559
2017-04-21,15.5,15.5600004196167,15.399999618530273,15.5,14.071495056152344,422091
2017-04-24,15.520000457763672,15.720000267028809,15.5,15.619999885559082,14.180436134338379,183250
2017-04-25,15.619999885559082,15.720000267028809,15.619999885559082,15.680000305175781,14.234906196594238,142750
2017-04-26,15.760000228881836,15.800000190734863,15.5,15.699999809265137,14.25306224822998,462000
2017-04-27,15.680000305175781,16.219999313354492,15.680000305175781,16.200000762939453,14.70698356628418,687000
2017-04-28,16.139999389648438,16.420000076293945,15.899999618530273,16.299999237060547,14.797765731811523,873677
2017-05-02,16.3799991607666,16.3799991607666,15.739999771118164,16.0,14.52541446685791,451143
2017-05-04,15.800000190734863,15.960000038146973,15.5,15.5,14.071495056152344,943292
2017-05-05,15.520000457763672,15.539999961853027,15.220000267028809,15.34000015258789,13.926241874694824,1309500
2017-05-08,15.5,15.699999809265137,15.119999885559082,15.260000228881836,13.853614807128906,1431750
2017-05-09,15.479999542236328,15.479999542236328,15.199999809265137,15.199999809265137,13.79914379119873,920250
2017-05-10,15.239999771118164,15.399999618530273,15.239999771118164,15.300000190734863,13.889928817749023,552750
2017-05-11,15.319999694824219,15.359999656677246,15.100000381469727,15.100000381469727,13.70836067199707,1645250
2017-05-12,15.119999885559082,15.300000190734863,15.119999885559082,15.239999771118164,13.835458755493164,351750
2017-05-15,15.279999732971191,15.279999732971191,15.100000381469727,15.180000305175781,13.780987739562988,289120
2017-05-16,15.239999771118164,15.5,15.220000267028809,15.399999618530273,13.980710983276367,753750
2017-05-17,15.4399995803833,15.460000038146973,15.260000228881836,15.300000190734863,13.889928817749023,305000
2017-05-18,14.960000038146973,15.380000114440918,14.960000038146973,15.300000190734863,13.889928817749023,460000
2017-05-19,15.34000015258789,15.380000114440918,15.239999771118164,15.380000114440918,13.962554931640625,1277577
2017-05-22,15.359999656677246,15.680000305175781,15.359999656677246,15.5,14.071495056152344,516500
2017-05-23,15.5,15.699999809265137,15.420000076293945,15.479999542236328,14.053338050842285,408000
2017-05-24,15.5,15.5,15.420000076293945,15.479999542236328,14.053338050842285,610000
2017-05-25,15.479999542236328,15.5,15.399999618530273,15.399999618530273,13.980710983276367,568800
2017-05-26,15.4399995803833,15.5,15.4399995803833,15.5,14.071495056152344,662250
2017-05-29,15.5,15.5,15.300000190734863,15.380000114440918,13.962554931640625,812500
2017-05-31,15.399999618530273,15.619999885559082,15.380000114440918,15.479999542236328,14.053338050842285,636874
2017-06-01,15.479999542236328,15.5,15.460000038146973,15.460000038146973,14.035181045532227,420000
2017-06-02,15.460000038146973,15.5,15.460000038146973,15.5,14.071495056152344,681925
2017-06-05,15.5,15.619999885559082,15.5,15.600000381469727,14.162280082702637,848753
2017-06-06,15.600000381469727,15.619999885559082,15.4399995803833,15.5600004196167,14.125967025756836,204400
2017-06-07,15.600000381469727,15.600000381469727,15.199999809265137,15.239999771118164,13.835458755493164,617250
2017-06-08,15.180000305175781,15.539999961853027,15.119999885559082,15.399999618530273,13.980710983276367,2062750
2017-06-09,15.399999618530273,15.479999542236328,15.399999618530273,15.399999618530273,13.980710983276367,411600
2017-06-12,15.399999618530273,15.800000190734863,15.399999618530273,15.699999809265137,14.25306224822998,883250
2017-06-13,15.920000076293945,16.0,15.600000381469727,15.619999885559082,14.180436134338379,1220552
2017-06-14,15.779999732971191,16.18000030517578,15.739999771118164,15.779999732971191,14.325690269470215,1683000
2017-06-15,15.899999618530273,16.219999313354492,15.899999618530273,16.15999984741211,14.670669555664062,2285452
2017-06-16,16.100000381469727,16.420000076293945,16.079999923706055,16.31999969482422,14.815923690795898,1032407
2017-06-19,16.5,17.299999237060547,16.420000076293945,17.200000762939453,15.614821434020996,1168250
2017-06-20,17.100000381469727,17.3799991607666,16.899999618530273,17.18000030517578,15.59666633605957,820250
2017-06-21,17.040000915527344,17.15999984741211,16.760000228881836,16.940000534057617,15.378783226013184,314750
2017-06-22,17.020000457763672,17.239999771118164,17.0,17.139999389648438,15.560348510742188,901750
2017-06-23,16.700000762939453,17.200000762939453,16.700000762939453,17.1200008392334,15.542196273803711,173140
2017-06-26,17.239999771118164,17.540000915527344,17.139999389648438,17.299999237060547,15.70560359954834,1046750
2017-06-27,17.260000228881836,17.940000534057617,17.0,17.799999237060547,16.159523010253906,1729500
2017-06-28,17.84000015258789,17.84000015258789,17.239999771118164,17.579999923706055,15.959799766540527,1001500
2017-06-29,17.68000030517578,17.920000076293945,17.459999084472656,17.799999237060547,16.159523010253906,760250
2017-06-30,17.6200008392334,17.979999542236328,17.520000457763672,17.920000076293945,16.26846694946289,582190
2017-07-03,17.0,17.700000762939453,17.0,17.459999084472656,15.850859642028809,521000
2017-07-04,17.540000915527344,17.780000686645508,17.299999237060547,17.6200008392334,15.996114730834961,1868250
2017-07-05,17.700000762939453,17.700000762939453,17.459999084472656,17.700000762939453,16.06873893737793,245250
2017-07-06,17.760000228881836,17.780000686645508,17.260000228881836,17.34000015258789,15.741918563842773,372500
2017-07-07,17.360000610351562,17.600000381469727,17.299999237060547,17.34000015258789,15.741918563842773,320250
2017-07-10,17.31999969482422,17.479999542236328,17.18000030517578,17.299999237060547,15.70560359954834,254750
2017-07-11,17.479999542236328,17.5,17.18000030517578,17.420000076293945,15.81454849243164,558750
2017-07-12,17.5,17.5,17.239999771118164,17.31999969482422,15.723761558532715,503750
2017-07-13,17.5,18.200000762939453,17.34000015258789,17.479999542236328,15.869013786315918,1106577
2017-07-14,17.959999084472656,17.959999084472656,17.399999618530273,17.420000076293945,15.81454849243164,461500
2017-07-17,17.420000076293945,17.68000030517578,17.3799991607666,17.579999923706055,15.959799766540527,512000
2017-07-18,17.459999084472656,17.540000915527344,17.3799991607666,17.3799991607666,15.778231620788574,574200
2017-07-19,17.360000610351562,17.899999618530273,17.360000610351562,17.600000381469727,15.97795581817627,224750
2017-07-20,18.479999542236328,18.6200008392334,17.5,17.600000381469727,15.97795581817627,285750
2017-07-21,17.899999618530273,18.0,17.139999389648438,17.3799991607666,15.778231620788574,1786000
2017-07-24,17.31999969482422,18.239999771118164,17.219999313354492,18.059999465942383,16.39556121826172,542500
2017-07-25,18.200000762939453,18.200000762939453,17.600000381469727,17.65999984741211,16.032426834106445,189770
2017-07-26,17.979999542236328,18.31999969482422,17.5,17.5,15.887173652648926,680250
2017-07-27,18.0,18.360000610351562,17.899999618530273,18.200000762939453,16.522661209106445,420500
2017-07-28,18.100000381469727,18.219999313354492,17.899999618530273,18.1200008392334,16.45003318786621,199250
2017-07-31,18.1200008392334,18.559999465942383,18.0,18.100000381469727,16.431875228881836,541000
2017-08-01,18.040000915527344,18.079999923706055,17.579999923706055,17.700000762939453,16.06873893737793,332849
2017-08-02,18.040000915527344,18.31999969482422,17.739999771118164,17.739999771118164,16.105052947998047,627603
2017-08-03,18.0,18.059999465942383,17.579999923706055,17.700000762939453,16.06873893737793,837043
2017-08-04,17.920000076293945,17.959999084472656,17.760000228881836,17.8799991607666,16.232152938842773,545100
2017-08-07,17.979999542236328,17.979999542236328,17.520000457763672,17.799999237060547,16.159523010253906,520500
2017-08-08,18.5,18.5,17.739999771118164,17.899999618530273,16.250307083129883,281517
2017-08-09,18.0,18.139999389648438,17.520000457763672,17.559999465942383,15.941641807556152,1154750
2017-08-10,17.920000076293945,17.920000076293945,17.479999542236328,17.780000686645508,16.14136505126953,1140150
2017-08-11,17.520000457763672,17.520000457763672,17.280000686645508,17.479999542236328,15.869013786315918,396270
2017-08-14,17.479999542236328,17.65999984741211,17.219999313354492,17.219999313354492,15.632977485656738,301340
2017-08-15,17.479999542236328,17.780000686645508,17.34000015258789,17.600000381469727,15.97795581817627,836500
2017-08-16,17.760000228881836,17.8799991607666,17.719999313354492,17.84000015258789,16.195838928222656,253000
2017-08-17,17.8799991607666,18.0,17.600000381469727,17.8799991607666,16.232152938842773,199000
2017-08-18,17.799999237060547,17.959999084472656,17.579999923706055,17.8799991607666,16.232152938842773,373650
2017-08-21,17.979999542236328,17.979999542236328,17.760000228881836,17.860000610351562,16.213993072509766,406028
2017-08-22,17.940000534057617,18.18000030517578,17.920000076293945,18.059999465942383,16.39556121826172,1177300
2017-08-23,18.059999465942383,18.059999465942383,18.059999465942383,18.059999465942383,16.39556121826172,0
2017-08-24,18.299999237060547,18.360000610351562,17.799999237060547,17.8799991607666,16.232152938842773,421672
2017-08-25,17.84000015258789,18.200000762939453,17.84000015258789,18.200000762939453,16.522661209106445,116870
2017-08-28,18.100000381469727,18.299999237060547,17.920000076293945,18.040000915527344,16.377405166625977,333566
2017-08-29,18.100000381469727,18.280000686645508,17.899999618530273,17.979999542236328,16.322935104370117,205750
2017-08-30,18.139999389648438,18.139999389648438,17.459999084472656,17.719999313354492,16.086894989013672,279211
2017-08-31,17.84000015258789,18.15999984741211,17.760000228881836,18.1200008392334,16.45003318786621,255195
2017-09-01,18.059999465942383,18.760000228881836,18.040000915527344,18.479999542236328,16.776853561401367,468636
2017-09-04,18.299999237060547,18.299999237060547,17.979999542236328,18.18000030517578,16.50450325012207,100500
2017-09-05,18.020000457763672,18.700000762939453,17.68000030517578,18.0,16.341093063354492,577750
2017-09-06,17.760000228881836,17.760000228881836,17.360000610351562,17.540000915527344,15.923486709594727,523000
2017-09-07,18.0,18.0,17.200000762939453,17.239999771118164,15.651134490966797,504750
2017-09-08,17.200000762939453,17.299999237060547,17.100000381469727,17.260000228881836,15.669291496276855,344250
2017-09-11,17.260000228881836,17.260000228881836,16.84000015258789,17.059999465942383,15.487722396850586,436304
2017-09-12,17.15999984741211,17.440000534057617,16.899999618530273,16.959999084472656,15.396937370300293,477250
2017-09-13,17.399999618530273,17.399999618530273,16.940000534057617,17.059999465942383,15.487722396850586,248750
2017-09-14,17.059999465942383,17.219999313354492,16.920000076293945,17.100000381469727,15.52403736114502,680750
2017-09-15,17.0,17.260000228881836,16.920000076293945,17.139999389648438,15.560348510742188,976300
2017-09-18,17.020000457763672,17.100000381469727,16.899999618530273,17.020000457763672,15.451410293579102,305261
2017-09-19,17.200000762939453,17.280000686645508,16.81999969482422,17.020000457763672,15.451410293579102,136178
2017-09-20,17.200000762939453,17.200000762939453,16.8799991607666,17.0,15.43325424194336,187621
2017-09-21,17.059999465942383,17.059999465942383,16.700000762939453,16.780000686645508,15.233530044555664,184500
2017-09-22,16.739999771118164,16.739999771118164,16.600000381469727,16.600000381469727,15.070117950439453,166604
2017-09-25,16.5,16.719999313354492,16.5,16.68000030517578,15.142745971679688,57935
2017-09-26,16.639999389648438,16.719999313354492,16.600000381469727,16.719999313354492,15.179058074951172,117532
2017-09-27,16.719999313354492,17.0,16.65999984741211,16.760000228881836,15.215372085571289,232500
2017-09-28,16.799999237060547,17.100000381469727,16.760000228881836,16.979999542236328,15.415094375610352,584908
2017-09-29,16.959999084472656,17.299999237060547,16.5,16.959999084472656,15.425646781921387,840918
2017-10-03,17.040000915527344,17.18000030517578,16.760000228881836,16.899999618530273,15.371074676513672,279183
2017-10-04,17.0,17.0,16.700000762939453,16.799999237060547,15.280122756958008,133050
2017-10-06,16.780000686645508,16.799999237060547,16.639999389648438,16.700000762939453,15.189169883728027,137500
2017-10-09,17.0,17.0,16.65999984741211,16.719999313354492,15.207358360290527,258250
2017-10-10,16.579999923706055,16.84000015258789,16.5,16.719999313354492,15.207358360290527,81000
2017-10-11,16.6200008392334,16.760000228881836,16.579999923706055,16.719999313354492,15.207358360290527,171594
2017-10-12,16.799999237060547,17.040000915527344,16.540000915527344,16.700000762939453,15.189169883728027,321030
2017-10-13,16.700000762939453,16.739999771118164,16.5,16.65999984741211,15.152789115905762,355429
2017-10-16,16.6200008392334,16.760000228881836,16.440000534057617,16.440000534057617,14.952691078186035,349750
2017-10-17,16.579999923706055,16.84000015258789,16.440000534057617,16.5,15.007264137268066,247150
2017-10-18,16.700000762939453,16.899999618530273,16.520000457763672,16.639999389648438,15.134596824645996,173773
2017-10-19,17.3799991607666,17.3799991607666,16.420000076293945,16.579999923706055,15.080026626586914,451000
2017-10-20,16.540000915527344,16.979999542236328,16.540000915527344,16.780000686645508,15.261932373046875,141899
2017-10-23,16.780000686645508,16.81999969482422,16.639999389648438,16.760000228881836,15.243741035461426,307315
2017-10-24,16.760000228881836,16.959999084472656,16.540000915527344,16.719999313354492,15.207358360290527,271000
2017-10-25,16.799999237060547,16.799999237060547,14.960000038146973,15.15999984741211,13.788492202758789,3580609
2017-10-26,15.5,15.720000267028809,14.979999542236328,15.0,13.642967224121094,1754429
2017-10-27,15.079999923706055,15.100000381469727,14.960000038146973,15.0,13.642967224121094,930856
2017-10-30,14.960000038146973,14.960000038146973,14.699999809265137,14.739999771118164,13.406488418579102,747500
2017-10-31,14.859999656677246,14.880000114440918,14.699999809265137,14.819999694824219,13.47925090789795,1031803
2017-11-01,14.739999771118164,14.899999618530273,14.739999771118164,14.84000015258789,13.497442245483398,317401
2017-11-02,14.899999618530273,14.899999618530273,14.699999809265137,14.739999771118164,13.406488418579102,239809
2017-11-03,14.699999809265137,14.760000228881836,14.520000457763672,14.680000305175781,13.351917266845703,288250
2017-11-06,14.5,14.65999984741211,14.479999542236328,14.520000457763672,13.206391334533691,444280
2017-11-07,14.520000457763672,14.579999923706055,14.359999656677246,14.5,13.188200950622559,544000
2017-11-08,14.680000305175781,14.739999771118164,14.5,14.739999771118164,13.406488418579102,721668
2017-11-09,14.779999732971191,15.0,14.760000228881836,14.899999618530273,13.55201244354248,581750
2017-11-10,14.800000190734863,15.100000381469727,14.779999732971191,14.979999542236328,13.624774932861328,2475265
2017-11-13,14.979999542236328,15.0,14.640000343322754,14.680000305175781,13.351917266845703,429611
2017-11-14,14.800000190734863,14.899999618530273,14.619999885559082,14.699999809265137,13.370107650756836,341008
2017-11-15,14.800000190734863,15.600000381469727,14.800000190734863,15.5,14.097731590270996,1025750
2017-11-16,15.260000228881836,15.5,15.0,15.079999923706055,13.715727806091309,307000
2017-11-17,15.140000343322754,15.359999656677246,14.920000076293945,14.960000038146973,13.606585502624512,385250
2017-11-20,15.079999923706055,15.140000343322754,14.619999885559082,14.65999984741211,13.333725929260254,3966588
2017-11-21,14.739999771118164,15.15999984741211,14.5,14.800000190734863,13.461061477661133,2324860
2017-11-22,15.0,15.100000381469727,14.600000381469727,14.699999809265137,13.370107650756836,11326785
2017-11-23,14.800000190734863,14.800000190734863,14.5,14.5,13.188200950622559,709158
2017-11-24,14.5,14.899999618530273,14.479999542236328,14.520000457763672,13.206391334533691,537624
2017-11-27,14.800000190734863,14.819999694824219,14.5600004196167,14.640000343322754,13.315536499023438,688437
2017-11-28,14.619999885559082,14.699999809265137,14.420000076293945,14.5600004196167,13.242773056030273,1312806
2017-11-29,14.600000381469727,14.739999771118164,14.399999618530273,14.5,13.188200950622559,1111678
2017-11-30,14.600000381469727,14.699999809265137,14.260000228881836,14.319999694824219,13.024484634399414,554750
2017-12-01,14.600000381469727,14.600000381469727,14.380000114440918,14.479999542236328,13.170008659362793,1515090
2017-12-04,14.5,14.5,14.239999771118164,14.319999694824219,13.024484634399414,777797
2017-12-05,14.180000305175781,14.300000190734863,14.039999961853027,14.039999961853027,12.769817352294922,1270276
2017-12-06,14.380000114440918,14.380000114440918,14.140000343322754,14.15999984741211,12.878959655761719,518250
2017-12-07,14.140000343322754,14.140000343322754,13.819999694824219,14.0,12.73343563079834,1596251
2017-12-08,14.0,14.260000228881836,13.979999542236328,14.199999809265137,12.915342330932617,721200
2017-12-11,14.199999809265137,14.279999732971191,14.140000343322754,14.140000343322754,12.860770225524902,167250
2017-12-12,14.4399995803833,14.4399995803833,14.119999885559082,14.140000343322754,12.860770225524902,1966750
2017-12-13,14.180000305175781,14.380000114440918,14.0,14.0600004196167,12.788005828857422,1088000
2017-12-14,14.15999984741211,14.15999984741211,14.0600004196167,14.100000381469727,12.82438850402832,226250
2017-12-15,14.140000343322754,14.380000114440918,14.0600004196167,14.220000267028809,12.933530807495117,753067
2017-12-18,14.0,14.239999771118164,13.979999542236328,14.0,12.73343563079834,1193550
2017-12-19,14.300000190734863,14.5,13.739999771118164,13.859999656677246,12.606101036071777,694524
2017-12-20,14.0,14.0600004196167,13.899999618530273,14.0600004196167,12.788005828857422,764252
2017-12-21,14.119999885559082,14.359999656677246,14.119999885559082,14.15999984741211,12.878959655761719,783943
2017-12-22,14.34000015258789,14.34000015258789,14.0,14.100000381469727,12.82438850402832,523700
2017-12-27,14.0,14.34000015258789,14.0,14.319999694824219,13.024484634399414,526063
2017-12-28,14.380000114440918,14.479999542236328,14.260000228881836,14.399999618530273,13.097248077392578,240640
2017-12-29,14.4399995803833,14.4399995803833,14.279999732971191,14.319999694824219,13.024484634399414,1152000
2018-01-02,14.399999618530273,14.460000038146973,14.34000015258789,14.420000076293945,13.115438461303711,829750
2018-01-03,14.4399995803833,14.479999542236328,14.279999732971191,14.380000114440918,13.079056739807129,839800
2018-01-04,14.600000381469727,14.600000381469727,14.380000114440918,14.460000038146973,13.151820182800293,1042750
2018-01-05,14.600000381469727,14.600000381469727,14.399999618530273,14.5,13.188200950622559,418500
2018-01-08,14.640000343322754,14.640000343322754,14.399999618530273,14.4399995803833,13.133628845214844,869375
2018-01-09,14.460000038146973,14.520000457763672,14.180000305175781,14.420000076293945,13.115438461303711,838381
2018-01-10,14.4399995803833,14.920000076293945,14.420000076293945,14.920000076293945,13.57020378112793,6140300
2018-01-11,14.979999542236328,14.979999542236328,14.720000267028809,14.84000015258789,13.497442245483398,1791750
2018-01-12,14.880000114440918,14.880000114440918,14.739999771118164,14.800000190734863,13.461061477661133,192500
2018-01-15,14.84000015258789,14.84000015258789,14.539999961853027,14.539999961853027,13.224581718444824,2610000
2018-01-16,14.699999809265137,15.199999809265137,14.699999809265137,15.020000457763672,13.661158561706543,652008
2018-01-17,15.300000190734863,16.219999313354492,15.300000190734863,15.880000114440918,14.443353652954102,1951250
2018-01-18,16.15999984741211,16.15999984741211,15.800000190734863,15.899999618530273,14.461544036865234,639250
2018-01-19,15.899999618530273,16.1200008392334,15.760000228881836,15.880000114440918,14.443353652954102,602000
2018-01-22,15.899999618530273,16.079999923706055,15.65999984741211,15.819999694824219,14.388782501220703,372000
2018-01-23,15.920000076293945,16.079999923706055,15.5600004196167,15.819999694824219,14.388782501220703,986500
2018-01-24,15.800000190734863,15.859999656677246,15.399999618530273,15.460000038146973,14.06135082244873,593742
2018-01-25,15.239999771118164,15.460000038146973,14.84000015258789,14.880000114440918,13.533822059631348,3342150
2018-01-26,15.0,15.100000381469727,14.859999656677246,15.079999923706055,13.715727806091309,1648325
2018-01-29,15.0600004196167,15.4399995803833,14.960000038146973,15.15999984741211,13.788492202758789,827182
2018-01-30,15.399999618530273,15.399999618530273,14.720000267028809,14.760000228881836,13.42467975616455,1106160
2018-01-31,14.800000190734863,14.899999618530273,14.5,14.5,13.188200950622559,1010500
2018-02-01,14.520000457763672,14.720000267028809,14.520000457763672,14.619999885559082,13.297344207763672,2662000
2018-02-02,14.699999809265137,14.760000228881836,14.539999961853027,14.680000305175781,13.351917266845703,488269
2018-02-05,14.680000305175781,14.680000305175781,14.5,14.520000457763672,13.206391334533691,3354100
2018-02-06,14.460000038146973,14.600000381469727,14.300000190734863,14.539999961853027,13.224581718444824,1604416
2018-02-07,14.539999961853027,15.0600004196167,14.420000076293945,14.699999809265137,13.370107650756836,622259
2018-02-08,14.680000305175781,14.779999732971191,14.279999732971191,14.399999618530273,13.097248077392578,815385
2018-02-09,14.15999984741211,14.34000015258789,14.100000381469727,14.260000228881836,12.9699125289917,465187
2018-02-12,14.399999618530273,14.520000457763672,14.239999771118164,14.319999694824219,13.024484634399414,527304
2018-02-13,14.460000038146973,14.640000343322754,14.279999732971191,14.520000457763672,13.206391334533691,389000
2018-02-14,14.800000190734863,14.800000190734863,14.359999656677246,14.479999542236328,13.170008659362793,372000
2018-02-15,14.640000343322754,14.720000267028809,14.539999961853027,14.680000305175781,13.351917266845703,995500
2018-02-20,14.779999732971191,15.0,14.5600004196167,14.760000228881836,13.42467975616455,644270
2018-02-21,14.979999542236328,15.0,14.760000228881836,14.779999732971191,13.442869186401367,634500
2018-02-22,14.800000190734863,14.899999618530273,14.680000305175781,14.739999771118164,13.406488418579102,180000
2018-02-23,14.800000190734863,14.800000190734863,14.619999885559082,14.739999771118164,13.406488418579102,112000
2018-02-26,14.680000305175781,14.779999732971191,14.5600004196167,14.640000343322754,13.315536499023438,259600
2018-02-27,14.699999809265137,14.960000038146973,14.5600004196167,14.899999618530273,13.55201244354248,303400
2018-02-28,14.859999656677246,15.0,14.5,14.859999656677246,13.515632629394531,338288
2018-03-01,14.699999809265137,14.899999618530273,14.539999961853027,14.859999656677246,13.515632629394531,313250
2018-03-02,14.84000015258789,15.199999809265137,14.65999984741211,15.020000457763672,13.661158561706543,963750
2018-03-05,14.84000015258789,15.0,14.65999984741211,14.779999732971191,13.442869186401367,80448
2018-03-06,14.899999618530273,15.020000457763672,14.779999732971191,14.979999542236328,13.624774932861328,520750
2018-03-07,14.979999542236328,15.15999984741211,14.920000076293945,14.960000038146973,13.606585502624512,424250
2018-03-08,15.199999809265137,15.199999809265137,14.899999618530273,15.079999923706055,13.715727806091309,157700
2018-03-09,15.0,15.079999923706055,14.819999694824219,14.880000114440918,13.533822059631348,504000
2018-03-12,14.859999656677246,15.220000267028809,14.84000015258789,15.220000267028809,13.843064308166504,180750
2018-03-13,15.180000305175781,15.34000015258789,15.079999923706055,15.15999984741211,13.788492202758789,150937
2018-03-14,15.0,15.0,14.699999809265137,14.859999656677246,13.515632629394531,598280
2018-03-15,14.779999732971191,14.800000190734863,14.640000343322754,14.680000305175781,13.351917266845703,158000
2018-03-16,14.859999656677246,14.859999656677246,14.399999618530273,14.4399995803833,13.133628845214844,464989
2018-03-19,14.359999656677246,14.420000076293945,14.260000228881836,14.380000114440918,13.079056739807129,320000
2018-03-20,14.020000457763672,14.300000190734863,14.020000457763672,14.239999771118164,12.951723098754883,222600
2018-03-21,14.239999771118164,14.300000190734863,14.100000381469727,14.140000343322754,12.860770225524902,302500
2018-03-22,14.140000343322754,14.15999984741211,14.119999885559082,14.119999885559082,12.842577934265137,178750
2018-03-23,14.079999923706055,14.15999984741211,14.039999961853027,14.0600004196167,12.788005828857422,241500
2018-03-26,14.0,14.279999732971191,13.960000038146973,14.079999923706055,12.806198120117188,302250
2018-03-27,14.140000343322754,14.359999656677246,14.119999885559082,14.279999732971191,12.988103866577148,169200
2018-03-28,14.359999656677246,14.359999656677246,14.0600004196167,14.239999771118164,12.951723098754883,148000
2018-03-29,14.119999885559082,14.520000457763672,14.119999885559082,14.5,13.188200950622559,255032
2018-04-03,14.399999618530273,14.9399995803833,14.399999618530273,14.720000267028809,13.388297080993652,156000
2018-04-04,14.5600004196167,14.960000038146973,14.5,14.699999809265137,13.370107650756836,2498250
2018-04-06,14.800000190734863,14.800000190734863,14.300000190734863,14.34000015258789,13.04267692565918,170500
2018-04-09,14.520000457763672,14.699999809265137,14.520000457763672,14.680000305175781,13.351917266845703,885000
2018-04-10,14.5,14.520000457763672,14.15999984741211,14.479999542236328,13.170008659362793,222000
2018-04-11,14.479999542236328,14.479999542236328,14.239999771118164,14.399999618530273,13.097248077392578,67500
2018-04-12,14.399999618530273,14.539999961853027,14.300000190734863,14.319999694824219,13.024484634399414,201750
2018-04-13,14.5,14.5,14.279999732971191,14.300000190734863,13.006296157836914,186000
2018-04-16,14.260000228881836,14.680000305175781,14.260000228881836,14.300000190734863,13.006296157836914,110250
2018-04-17,14.300000190734863,14.4399995803833,14.239999771118164,14.380000114440918,13.079056739807129,254750
2018-04-18,14.300000190734863,14.579999923706055,14.199999809265137,14.34000015258789,13.04267692565918,221500
2018-04-19,14.460000038146973,14.5,14.380000114440918,14.399999618530273,13.097248077392578,585750
2018-04-20,14.520000457763672,14.5600004196167,14.399999618530273,14.520000457763672,13.206391334533691,306750
2018-04-23,14.5600004196167,14.65999984741211,14.239999771118164,14.5,13.188200950622559,1233250
2018-04-24,14.699999809265137,14.84000015258789,14.619999885559082,14.699999809265137,13.370107650756836,467250
2018-04-25,14.899999618530273,14.899999618530273,14.399999618530273,14.479999542236328,13.170008659362793,732000
2018-04-26,14.680000305175781,14.680000305175781,14.539999961853027,14.619999885559082,13.297344207763672,350787
2018-04-27,14.680000305175781,14.680000305175781,14.5600004196167,14.680000305175781,13.351917266845703,149277
2018-04-30,14.699999809265137,14.899999618530273,14.579999923706055,14.619999885559082,13.297344207763672,566713
2018-05-02,14.600000381469727,14.699999809265137,14.460000038146973,14.5,13.188200950622559,1509000
2018-05-03,14.760000228881836,14.779999732971191,14.5600004196167,14.600000381469727,13.279153823852539,285950
2018-05-04,14.880000114440918,14.880000114440918,14.5600004196167,14.619999885559082,13.297344207763672,449500
2018-05-07,14.880000114440918,14.880000114440918,14.5,14.5600004196167,13.242773056030273,1281000
2018-05-08,14.5,14.5,14.380000114440918,14.5,13.188200950622559,386425
2018-05-09,14.5,14.5,14.420000076293945,14.460000038146973,13.151820182800293,211500
2018-05-10,14.600000381469727,14.600000381469727,14.359999656677246,14.399999618530273,13.097248077392578,222250
2018-05-11,14.600000381469727,14.619999885559082,14.4399995803833,14.4399995803833,13.133628845214844,112250
2018-05-14,14.680000305175781,14.680000305175781,14.479999542236328,14.520000457763672,13.206391334533691,130000
2018-05-15,14.619999885559082,14.619999885559082,14.399999618530273,14.460000038146973,13.151820182800293,416000
2018-05-16,14.640000343322754,14.65999984741211,14.5600004196167,14.600000381469727,13.279153823852539,327250
2018-05-17,14.859999656677246,14.859999656677246,14.5600004196167,14.579999923706055,13.26096248626709,196166
2018-05-18,14.84000015258789,14.84000015258789,14.420000076293945,14.460000038146973,13.151820182800293,370140
2018-05-21,14.600000381469727,14.640000343322754,14.4399995803833,14.5600004196167,13.242773056030273,269250
2018-05-23,14.640000343322754,14.640000343322754,14.460000038146973,14.460000038146973,13.151820182800293,845332
2018-05-24,14.600000381469727,14.680000305175781,14.460000038146973,14.579999923706055,13.26096248626709,183250
2018-05-25,14.819999694824219,14.819999694824219,14.420000076293945,14.5600004196167,13.242773056030273,214103
2018-05-28,14.760000228881836,14.760000228881836,14.399999618530273,14.4399995803833,13.133628845214844,332000
2018-05-29,14.600000381469727,14.600000381469727,14.34000015258789,14.380000114440918,13.079056739807129,367000
2018-05-30,14.199999809265137,14.359999656677246,14.199999809265137,14.359999656677246,13.060867309570312,447000
2018-05-31,14.239999771118164,14.239999771118164,14.15999984741211,14.199999809265137,12.915342330932617,658000
2018-06-01,14.239999771118164,14.359999656677246,14.15999984741211,14.34000015258789,13.04267692565918,172250
2018-06-04,14.34000015258789,14.399999618530273,13.899999618530273,14.020000457763672,12.751626014709473,770000
2018-06-05,14.039999961853027,14.0600004196167,13.920000076293945,13.9399995803833,12.678863525390625,516500
2018-06-06,13.899999618530273,14.039999961853027,13.800000190734863,13.899999618530273,12.642480850219727,759000
2018-06-07,13.899999618530273,13.899999618530273,13.84000015258789,13.899999618530273,12.642480850219727,386950
2018-06-08,13.899999618530273,13.899999618530273,13.5600004196167,13.619999885559082,12.387813568115234,1963969
2018-06-11,13.460000038146973,13.600000381469727,13.460000038146973,13.5600004196167,12.333240509033203,7307500
2018-06-12,13.600000381469727,14.180000305175781,13.600000381469727,14.15999984741211,12.878959655761719,2343050
2018-06-13,14.279999732971191,14.300000190734863,13.920000076293945,14.199999809265137,12.915342330932617,1392920
2018-06-14,14.199999809265137,14.359999656677246,14.0600004196167,14.220000267028809,12.933530807495117,1542500
2018-06-15,14.420000076293945,14.420000076293945,14.260000228881836,14.300000190734863,13.006296157836914,1487502
2018-06-19,14.5,14.5,13.680000305175781,13.979999542236328,12.715245246887207,1050500
2018-06-20,14.399999618530273,14.399999618530273,13.539999961853027,13.600000381469727,12.369622230529785,392250
2018-06-21,14.0,14.0,13.520000457763672,13.859999656677246,12.606101036071777,1243250
2018-06-22,13.899999618530273,13.899999618530273,13.5,13.699999809265137,12.460576057434082,483450
2018-06-25,13.699999809265137,13.699999809265137,13.039999961853027,13.4399995803833,12.22409725189209,1085000
2018-06-26,13.5,13.5,13.15999984741211,13.279999732971191,12.078573226928711,442000
2018-06-27,13.279999732971191,13.279999732971191,12.979999542236328,13.020000457763672,11.842096328735352,533250
2018-06-28,13.0600004196167,13.15999984741211,12.600000381469727,12.800000190734863,11.641998291015625,813750
2018-06-29,12.960000038146973,12.960000038146973,12.800000190734863,12.9399995803833,11.769331932067871,2573712
2018-07-03,13.0,13.239999771118164,12.84000015258789,13.140000343322754,11.951238632202148,669500
2018-07-04,13.5,13.5,13.020000457763672,13.199999809265137,12.005810737609863,642750
2018-07-05,13.680000305175781,13.680000305175781,13.119999885559082,13.199999809265137,12.005810737609863,569250
2018-07-06,13.300000190734863,13.399999618530273,13.0600004196167,13.199999809265137,12.005810737609863,856172
2018-07-09,13.479999542236328,13.479999542236328,13.119999885559082,13.279999732971191,12.078573226928711,746000
2018-07-10,13.4399995803833,13.579999923706055,13.319999694824219,13.520000457763672,12.29686164855957,1040148
2018-07-11,13.600000381469727,13.65999984741211,13.34000015258789,13.579999923706055,12.351432800292969,1113055
2018-07-12,13.579999923706055,13.600000381469727,13.260000228881836,13.420000076293945,12.205907821655273,1034750
2018-07-13,13.699999809265137,13.699999809265137,13.300000190734863,13.399999618530273,12.187715530395508,4959833
2018-07-16,13.600000381469727,13.720000267028809,13.5,13.699999809265137,12.460576057434082,915500
2018-07-17,13.65999984741211,13.699999809265137,13.420000076293945,13.479999542236328,12.260479927062988,584500
2018-07-18,13.600000381469727,13.600000381469727,13.399999618530273,13.5,12.278669357299805,374250
2018-07-19,13.5,13.5,13.399999618530273,13.479999542236328,12.260479927062988,138800
2018-07-20,13.5,13.5,13.260000228881836,13.420000076293945,12.205907821655273,771250
2018-07-23,13.680000305175781,13.720000267028809,13.520000457763672,13.600000381469727,12.369622230529785,874500
2018-07-24,13.600000381469727,13.600000381469727,13.239999771118164,13.319999694824219,12.114954948425293,578500
2018-07-25,13.5,13.760000228881836,13.4399995803833,13.739999771118164,12.496957778930664,2919750
2018-07-26,13.880000114440918,14.140000343322754,13.880000114440918,13.979999542236328,12.715245246887207,1038500
2018-07-27,14.0,14.0,13.65999984741211,13.680000305175781,12.44238567352295,1799975
2018-07-30,13.960000038146973,13.960000038146973,13.359999656677246,13.520000457763672,12.29686164855957,376570
2018-07-31,13.399999618530273,13.84000015258789,13.399999618530273,13.760000228881836,12.51514720916748,2967750
2018-08-01,13.979999542236328,13.979999542236328,13.34000015258789,13.579999923706055,12.351432800292969,1390750
2018-08-02,13.739999771118164,13.779999732971191,13.420000076293945,13.760000228881836,12.51514720916748,504711
2018-08-03,13.899999618530273,13.899999618530273,13.319999694824219,13.380000114440918,12.169527053833008,379409
2018-08-06,13.5,13.600000381469727,13.460000038146973,13.520000457763672,12.29686164855957,507250
2018-08-07,13.720000267028809,13.720000267028809,13.319999694824219,13.600000381469727,12.369622230529785,362950
2018-08-08,13.779999732971191,13.779999732971191,13.399999618530273,13.4399995803833,12.22409725189209,393250
2018-08-09,13.640000343322754,13.640000343322754,13.5,13.539999961853027,12.315051078796387,254000
2018-08-10,13.84000015258789,13.84000015258789,13.399999618530273,13.520000457763672,12.29686164855957,761359
2018-08-13,13.680000305175781,13.680000305175781,13.520000457763672,13.600000381469727,12.369622230529785,231500
2018-08-14,13.479999542236328,13.600000381469727,13.359999656677246,13.539999961853027,12.315051078796387,955231
2018-08-15,13.579999923706055,13.579999923706055,13.279999732971191,13.4399995803833,12.22409725189209,1293831
2018-08-16,13.399999618530273,13.399999618530273,12.960000038146973,13.300000190734863,12.096762657165527,1536750
2018-08-17,13.600000381469727,13.5,13.140000343322754,13.199999809265137,12.005810737609863,710609
2018-08-20,13.399999618530273,13.640000343322754,13.199999809265137,13.600000381469727,12.369622230529785,822000
2018-08-21,13.680000305175781,13.760000228881836,13.5,13.720000267028809,12.478766441345215,472000
2018-08-22,13.760000228881836,14.0,13.420000076293945,14.0,12.73343563079834,618750
2018-08-23,14.0,14.34000015258789,13.960000038146973,14.239999771118164,12.951723098754883,619750
2018-08-24,14.399999618530273,14.399999618530273,14.15999984741211,14.220000267028809,12.933530807495117,433471
2018-08-27,14.0,14.199999809265137,13.859999656677246,14.039999961853027,12.769817352294922,492850
2018-08-28,14.039999961853027,14.279999732971191,14.0,14.119999885559082,12.842577934265137,382250
2018-08-29,14.0,14.4399995803833,14.0,14.140000343322754,12.860770225524902,718750
2018-08-30,14.359999656677246,14.359999656677246,14.039999961853027,14.15999984741211,12.878959655761719,365750
2018-08-31,13.979999542236328,14.199999809265137,13.9399995803833,14.0600004196167,12.788005828857422,3274526
2018-09-03,14.460000038146973,14.460000038146973,13.800000190734863,14.0,12.73343563079834,103675
2018-09-04,14.199999809265137,14.199999809265137,13.619999885559082,13.899999618530273,12.642480850219727,189000
2018-09-05,14.100000381469727,14.300000190734863,13.819999694824219,14.239999771118164,12.951723098754883,1540500
2018-09-06,14.199999809265137,14.199999809265137,13.880000114440918,14.039999961853027,12.769817352294922,239750
2018-09-07,14.180000305175781,14.239999771118164,13.979999542236328,14.15999984741211,12.878959655761719,404154
2018-09-10,14.0,14.279999732971191,14.0,14.239999771118164,12.951723098754883,211913
2018-09-11,14.460000038146973,14.460000038146973,13.899999618530273,14.119999885559082,12.842577934265137,572750
2018-09-12,13.899999618530273,14.15999984741211,13.899999618530273,14.100000381469727,12.82438850402832,528193
2018-09-13,14.180000305175781,14.359999656677246,14.100000381469727,14.119999885559082,12.842577934265137,863250
2018-09-14,14.15999984741211,14.199999809265137,14.0600004196167,14.199999809265137,12.915342330932617,1539804
2018-09-17,14.199999809265137,14.399999618530273,14.0,14.380000114440918,13.079056739807129,305500
2018-09-18,14.220000267028809,14.34000015258789,14.15999984741211,14.260000228881836,12.9699125289917,170750
2018-09-19,14.399999618530273,14.399999618530273,14.100000381469727,14.199999809265137,12.915342330932617,273743
2018-09-20,14.319999694824219,14.399999618530273,14.100000381469727,14.279999732971191,12.988103866577148,1053372
2018-09-21,14.399999618530273,14.5,14.180000305175781,14.399999618530273,13.097248077392578,2425943
2018-09-24,14.4399995803833,14.5,13.84000015258789,14.079999923706055,12.806198120117188,334455
2018-09-26,14.520000457763672,14.520000457763672,14.0600004196167,14.399999618530273,13.097248077392578,544000
2018-09-27,14.680000305175781,14.680000305175781,14.0,14.239999771118164,12.951723098754883,891250
2018-09-28,14.359999656677246,14.399999618530273,13.819999694824219,14.0600004196167,13.0347900390625,954300
2018-10-02,13.920000076293945,14.0600004196167,13.539999961853027,13.5600004196167,12.571249008178711,993750
2018-10-03,13.720000267028809,13.739999771118164,13.579999923706055,13.699999809265137,12.701038360595703,400494
2018-10-04,13.960000038146973,14.0,13.739999771118164,13.84000015258789,12.830831527709961,482750
2018-10-05,14.119999885559082,14.119999885559082,13.699999809265137,13.720000267028809,12.719581604003906,186750
2018-10-08,14.119999885559082,14.119999885559082,13.039999961853027,13.279999732971191,12.311664581298828,603000
2018-10-09,13.4399995803833,13.4399995803833,13.020000457763672,13.119999885559082,12.163331031799316,1783000
2018-10-10,13.5,13.960000038146973,13.15999984741211,13.859999656677246,12.849371910095215,1195195
2018-10-11,13.699999809265137,13.699999809265137,13.420000076293945,13.460000038146973,12.47853946685791,158000
2018-10-12,13.600000381469727,14.119999885559082,13.5,13.739999771118164,12.738122940063477,686550
2018-10-15,14.399999618530273,14.479999542236328,13.720000267028809,14.399999618530273,13.349997520446777,509294
2018-10-16,14.399999618530273,14.399999618530273,13.899999618530273,14.15999984741211,13.127497673034668,1321500
2018-10-18,13.9399995803833,14.920000076293945,13.9399995803833,14.920000076293945,13.83208179473877,3099489
2018-10-19,15.0,15.0,14.119999885559082,14.779999732971191,13.702289581298828,1039839
2018-10-22,14.779999732971191,15.279999732971191,14.539999961853027,14.979999542236328,13.88770580291748,551887
2018-10-23,15.100000381469727,15.100000381469727,14.5,14.65999984741211,13.59103775024414,138250
2018-10-24,14.819999694824219,15.279999732971191,14.819999694824219,14.960000038146973,13.86916446685791,1032110
2018-10-25,15.140000343322754,15.140000343322754,14.800000190734863,14.899999618530273,13.813538551330566,406579
2018-10-26,14.800000190734863,14.960000038146973,14.380000114440918,14.479999542236328,13.424163818359375,489566
2018-10-29,14.399999618530273,14.699999809265137,14.260000228881836,14.4399995803833,13.38708209991455,593000
2018-10-30,14.479999542236328,14.5,14.15999984741211,14.460000038146973,13.405622482299805,908729
2018-10-31,14.920000076293945,14.920000076293945,14.399999618530273,14.699999809265137,13.628122329711914,682500
2018-11-01,14.699999809265137,14.800000190734863,14.640000343322754,14.800000190734863,13.720830917358398,493050
2018-11-02,15.140000343322754,15.5,15.140000343322754,15.5,14.369789123535156,1206000
2018-11-05,15.479999542236328,15.739999771118164,15.239999771118164,15.600000381469727,14.46249771118164,1173381
2018-11-06,15.399999618530273,15.800000190734863,15.380000114440918,15.779999732971191,14.629371643066406,615691
2018-11-07,15.720000267028809,16.0,15.600000381469727,16.0,14.833331108093262,1409002
2018-11-08,16.0,16.200000762939453,15.880000114440918,16.040000915527344,14.870414733886719,459900
2018-11-09,15.779999732971191,16.020000457763672,15.779999732971191,15.979999542236328,14.814788818359375,443462
2018-11-12,16.0,16.15999984741211,15.9399995803833,16.100000381469727,14.926039695739746,871400
2018-11-13,15.899999618530273,16.040000915527344,15.739999771118164,16.0,14.833331108093262,488250
2018-11-14,15.779999732971191,16.040000915527344,15.579999923706055,15.819999694824219,14.666455268859863,545350
2018-11-15,15.899999618530273,16.100000381469727,15.760000228881836,16.0,14.833331108093262,426700
2018-11-16,15.899999618530273,15.960000038146973,15.5600004196167,15.739999771118164,14.592288970947266,428750
2018-11-19,15.859999656677246,16.0,15.619999885559082,15.899999618530273,14.740623474121094,416250
2018-11-20,16.0,16.0,15.15999984741211,15.34000015258789,14.221456527709961,251000
2018-11-21,15.899999618530273,15.899999618530273,15.220000267028809,15.359999656677246,14.239997863769531,217500
2018-11-22,15.199999809265137,15.84000015258789,15.0600004196167,15.699999809265137,14.555206298828125,720405
2018-11-23,16.0,16.15999984741211,15.640000343322754,15.979999542236328,14.814788818359375,274500
2018-11-26,15.899999618530273,16.18000030517578,15.5600004196167,15.899999618530273,14.740623474121094,844500
2018-11-27,15.119999885559082,15.680000305175781,14.15999984741211,14.640000343322754,13.572498321533203,4005854
2018-11-28,14.880000114440918,15.079999923706055,13.819999694824219,14.880000114440918,13.794997215270996,1141126
2018-11-29,14.779999732971191,15.699999809265137,14.779999732971191,15.619999885559082,14.481039047241211,859000
2018-11-30,15.619999885559082,15.84000015258789,14.600000381469727,14.899999618530273,13.813538551330566,549650
2018-12-03,14.979999542236328,15.0,14.600000381469727,14.640000343322754,13.572498321533203,1366325
2018-12-04,14.640000343322754,14.779999732971191,14.420000076293945,14.539999961853027,13.479789733886719,284453
2018-12-05,14.420000076293945,14.640000343322754,14.380000114440918,14.520000457763672,13.461248397827148,541000
2018-12-06,14.15999984741211,14.460000038146973,13.800000190734863,13.880000114440918,12.867915153503418,799000
2018-12-07,14.0,14.0600004196167,13.880000114440918,14.0,12.979165077209473,394398
2018-12-10,13.880000114440918,13.880000114440918,13.699999809265137,13.819999694824219,12.812289237976074,1031000
2018-12-11,13.800000190734863,14.020000457763672,13.800000190734863,13.960000038146973,12.942081451416016,100088
2018-12-12,14.199999809265137,14.15999984741211,13.880000114440918,14.100000381469727,13.07187271118164,152971
2018-12-13,14.199999809265137,14.800000190734863,14.180000305175781,14.539999961853027,13.479789733886719,713000
2018-12-14,14.180000305175781,14.600000381469727,14.180000305175781,14.579999923706055,13.51687240600586,355250
2018-12-17,14.119999885559082,14.5600004196167,14.119999885559082,14.119999885559082,13.090415000915527,322000
2018-12-18,14.0,14.260000228881836,14.0,14.180000305175781,13.146039962768555,433202
2018-12-19,14.300000190734863,14.760000228881836,14.039999961853027,14.760000228881836,13.683747291564941,625750
2018-12-20,14.319999694824219,14.420000076293945,14.0,14.319999694824219,13.275829315185547,319224
2018-12-21,14.300000190734863,14.399999618530273,14.0,14.399999618530273,13.349997520446777,524500
2018-12-24,14.399999618530273,14.800000190734863,14.34000015258789,14.699999809265137,13.628122329711914,85000
2018-12-27,14.800000190734863,14.800000190734863,14.140000343322754,14.199999809265137,13.164581298828125,182750
2018-12-28,14.539999961853027,15.0,14.520000457763672,14.880000114440918,13.794997215270996,1119882
2018-12-31,14.600000381469727,14.600000381469727,14.239999771118164,14.300000190734863,13.25728988647461,382250
2019-01-02,14.380000114440918,14.699999809265137,14.359999656677246,14.5,13.442706108093262,163950
2019-01-03,14.680000305175781,14.680000305175781,14.359999656677246,14.5,13.442706108093262,159037
2019-01-04,14.359999656677246,14.680000305175781,14.359999656677246,14.579999923706055,13.51687240600586,238500
2019-01-07,14.760000228881836,14.760000228881836,14.260000228881836,14.279999732971191,13.238748550415039,277250
2019-01-08,14.300000190734863,14.420000076293945,14.199999809265137,14.380000114440918,13.331456184387207,253585
2019-01-09,14.5,14.600000381469727,14.380000114440918,14.5,13.442706108093262,142825
2019-01-10,14.5,14.699999809265137,14.399999618530273,14.579999923706055,13.51687240600586,80600
2019-01-11,14.760000228881836,15.239999771118164,14.579999923706055,15.239999771118164,14.12874698638916,269243
2019-01-14,15.199999809265137,15.199999809265137,14.4399995803833,14.520000457763672,13.461248397827148,409250
2019-01-15,14.520000457763672,14.880000114440918,14.300000190734863,14.399999618530273,13.349997520446777,1069850
2019-01-16,14.199999809265137,14.380000114440918,13.779999732971191,14.15999984741211,13.127497673034668,2701499
2019-01-17,14.279999732971191,14.619999885559082,14.140000343322754,14.319999694824219,13.275829315185547,2832738
2019-01-18,14.5,14.5,14.260000228881836,14.479999542236328,13.424163818359375,2177770
2019-01-21,14.800000190734863,14.800000190734863,14.199999809265137,14.260000228881836,13.220206260681152,2195616
2019-01-22,14.5600004196167,14.5600004196167,13.800000190734863,14.0,12.979165077209473,914750
2019-01-23,14.0,14.279999732971191,13.800000190734863,13.920000076293945,12.904997825622559,1781100
2019-01-24,13.979999542236328,13.979999542236328,13.699999809265137,13.800000190734863,12.793747901916504,1551452
2019-01-25,14.0600004196167,14.260000228881836,13.800000190734863,14.180000305175781,13.146039962768555,390500
2019-01-28,14.399999618530273,14.5600004196167,14.020000457763672,14.399999618530273,13.349997520446777,994800
2019-01-29,14.5,14.5,13.979999542236328,14.0600004196167,13.0347900390625,683000
2019-01-30,14.119999885559082,14.279999732971191,13.84000015258789,13.9399995803833,12.923539161682129,537250
2019-01-31,14.0,14.100000381469727,13.800000190734863,14.0,12.979165077209473,680646
2019-02-01,14.100000381469727,14.380000114440918,14.0,14.34000015258789,13.29437255859375,557864
2019-02-04,14.380000114440918,14.380000114440918,14.0600004196167,14.15999984741211,13.127497673034668,170150
2019-02-08,14.0,14.34000015258789,14.0,14.220000267028809,13.183122634887695,220225
2019-02-11,14.380000114440918,14.380000114440918,14.039999961853027,14.199999809265137,13.164581298828125,528190
2019-02-12,14.359999656677246,14.359999656677246,13.920000076293945,14.239999771118164,13.201663970947266,595040
2019-02-13,14.260000228881836,14.399999618530273,14.140000343322754,14.359999656677246,13.312914848327637,272250
2019-02-14,14.399999618530273,14.539999961853027,14.279999732971191,14.4399995803833,13.38708209991455,179500
2019-02-15,14.5,14.800000190734863,14.380000114440918,14.640000343322754,13.572498321533203,1252285
2019-02-18,14.760000228881836,14.880000114440918,14.600000381469727,14.739999771118164,13.665205955505371,503750
2019-02-19,14.680000305175781,14.84000015258789,14.399999618530273,14.640000343322754,13.572498321533203,738000
2019-02-20,14.720000267028809,14.800000190734863,14.619999885559082,14.65999984741211,13.59103775024414,1076500
2019-02-21,14.699999809265137,14.720000267028809,14.199999809265137,14.460000038146973,13.405622482299805,249250
2019-02-22,14.380000114440918,14.460000038146973,14.199999809265137,14.279999732971191,13.238748550415039,531324
2019-02-25,14.279999732971191,14.699999809265137,14.279999732971191,14.359999656677246,13.312914848327637,1354334
2019-02-26,14.479999542236328,15.0,14.460000038146973,14.9399995803833,13.850622177124023,1444508
2019-02-27,15.0,15.34000015258789,14.760000228881836,15.15999984741211,14.054581642150879,804780
2019-02-28,14.699999809265137,15.0,14.5600004196167,14.739999771118164,13.665205955505371,534050
2019-03-01,14.880000114440918,15.0,14.699999809265137,15.0,13.906248092651367,575200
2019-03-04,14.979999542236328,15.079999923706055,14.640000343322754,14.779999732971191,13.702289581298828,1919616
2019-03-05,14.600000381469727,15.0,14.300000190734863,14.880000114440918,13.794997215270996,267550
2019-03-06,14.699999809265137,15.4399995803833,14.600000381469727,15.119999885559082,14.017498016357422,517325
2019-03-07,15.260000228881836,15.479999542236328,15.0600004196167,15.239999771118164,14.12874698638916,238050
2019-03-08,15.239999771118164,15.399999618530273,15.079999923706055,15.119999885559082,14.017498016357422,100500
2019-03-11,14.9399995803833,15.460000038146973,14.9399995803833,14.9399995803833,13.850622177124023,2747900
2019-03-12,15.0,15.100000381469727,14.9399995803833,15.0,13.906248092651367,124750
2019-03-13,15.0600004196167,15.119999885559082,14.619999885559082,14.619999885559082,13.553956985473633,710000
2019-03-14,14.5,14.65999984741211,14.300000190734863,14.5,13.442706108093262,709225
2019-03-15,14.359999656677246,14.619999885559082,14.239999771118164,14.239999771118164,13.201663970947266,1414162
2019-03-18,14.460000038146973,14.619999885559082,14.239999771118164,14.600000381469727,13.535414695739746,534939
2019-03-19,14.800000190734863,14.800000190734863,14.399999618530273,14.5,13.442706108093262,235421
2019-03-20,14.600000381469727,14.65999984741211,14.319999694824219,14.600000381469727,13.535414695739746,873750
2019-03-21,14.779999732971191,14.779999732971191,14.380000114440918,14.600000381469727,13.535414695739746,1193250
2019-03-22,14.600000381469727,14.779999732971191,14.4399995803833,14.619999885559082,13.553956985473633,205044
2019-03-25,14.720000267028809,14.739999771118164,14.479999542236328,14.600000381469727,13.535414695739746,2110805
2019-03-26,14.779999732971191,15.079999923706055,14.460000038146973,14.880000114440918,13.794997215270996,552650
2019-03-27,17.860000610351562,17.860000610351562,14.600000381469727,14.779999732971191,13.702289581298828,812567
2019-03-28,14.399999618530273,14.779999732971191,14.399999618530273,14.699999809265137,13.628122329711914,440815
2019-03-29,14.760000228881836,14.760000228881836,14.4399995803833,14.5600004196167,13.498331069946289,201500
2019-04-01,14.960000038146973,14.960000038146973,14.300000190734863,14.5600004196167,13.498331069946289,230440
2019-04-02,14.420000076293945,14.65999984741211,14.399999618530273,14.5600004196167,13.498331069946289,1107748
2019-04-03,14.600000381469727,14.640000343322754,14.4399995803833,14.5600004196167,13.498331069946289,77750
2019-04-04,14.600000381469727,14.600000381469727,14.399999618530273,14.520000457763672,13.461248397827148,3356864
2019-04-08,14.359999656677246,14.479999542236328,14.100000381469727,14.199999809265137,13.164581298828125,1517750
2019-04-09,14.140000343322754,14.279999732971191,14.119999885559082,14.199999809265137,13.164581298828125,179250
2019-04-10,14.279999732971191,14.359999656677246,14.180000305175781,14.300000190734863,13.25728988647461,343500
2019-04-11,14.399999618530273,14.399999618530273,14.220000267028809,14.220000267028809,13.183122634887695,271725
2019-04-12,14.279999732971191,14.279999732971191,14.0,14.039999961853027,13.016247749328613,93750
2019-04-15,14.100000381469727,14.380000114440918,14.0600004196167,14.279999732971191,13.238748550415039,474250
2019-04-16,14.199999809265137,14.319999694824219,14.199999809265137,14.319999694824219,13.275829315185547,234500
2019-04-17,14.34000015258789,14.34000015258789,14.180000305175781,14.260000228881836,13.220206260681152,896270
2019-04-18,14.34000015258789,14.380000114440918,14.260000228881836,14.260000228881836,13.220206260681152,1132893
2019-04-23,14.199999809265137,14.380000114440918,14.199999809265137,14.239999771118164,13.201663970947266,248387
2019-04-24,14.239999771118164,14.319999694824219,14.199999809265137,14.199999809265137,13.164581298828125,701662
2019-04-25,14.34000015258789,14.680000305175781,14.319999694824219,14.619999885559082,13.553956985473633,1332160
2019-04-26,14.539999961853027,14.539999961853027,14.460000038146973,14.5,13.442706108093262,658781
2019-04-29,14.600000381469727,14.640000343322754,14.399999618530273,14.460000038146973,13.405622482299805,123250
2019-04-30,14.5,14.5,14.0,14.100000381469727,13.07187271118164,1807853
2019-05-02,14.100000381469727,14.15999984741211,13.979999542236328,14.039999961853027,13.016247749328613,2085750
2019-05-03,13.960000038146973,14.079999923706055,13.800000190734863,13.9399995803833,12.923539161682129,611959
2019-05-06,13.979999542236328,14.0600004196167,13.800000190734863,14.0,12.979165077209473,707488
2019-05-07,13.979999542236328,14.119999885559082,13.880000114440918,14.0,12.979165077209473,606500
2019-05-08,14.020000457763672,14.020000457763672,13.819999694824219,13.960000038146973,12.942081451416016,226830
2019-05-09,14.0,14.0,13.760000228881836,13.9399995803833,12.923539161682129,756250
2019-05-10,14.0,14.0,13.699999809265137,13.979999542236328,12.96062183380127,161315
2019-05-14,14.020000457763672,14.199999809265137,13.600000381469727,13.9399995803833,12.923539161682129,918265
2019-05-15,13.920000076293945,14.0,13.5600004196167,14.0,12.979165077209473,414472
2019-05-16,14.0,14.0600004196167,13.800000190734863,14.0,12.979165077209473,824350
2019-05-17,14.15999984741211,14.260000228881836,14.0600004196167,14.220000267028809,13.183122634887695,976290
2019-05-20,14.199999809265137,14.520000457763672,14.119999885559082,14.520000457763672,13.461248397827148,468040
2019-05-21,14.5,14.800000190734863,14.220000267028809,14.420000076293945,13.368538856506348,853354
2019-05-22,14.5,14.5,14.199999809265137,14.34000015258789,13.29437255859375,178250
2019-05-23,14.4399995803833,14.4399995803833,13.899999618530273,14.020000457763672,12.997706413269043,379550
2019-05-24,14.0,14.0,13.859999656677246,14.0,12.979165077209473,140399
2019-05-27,14.180000305175781,14.180000305175781,13.819999694824219,13.960000038146973,12.942081451416016,13975
2019-05-28,14.15999984741211,14.15999984741211,13.859999656677246,13.9399995803833,12.923539161682129,60750
2019-05-29,13.800000190734863,14.279999732971191,13.65999984741211,13.920000076293945,12.904997825622559,1538025
2019-05-30,13.9399995803833,13.9399995803833,13.720000267028809,13.819999694824219,12.812289237976074,123500
2019-05-31,13.899999618530273,14.220000267028809,13.779999732971191,13.979999542236328,12.96062183380127,1344559
2019-06-03,14.100000381469727,14.100000381469727,13.699999809265137,13.859999656677246,12.849371910095215,290500
2019-06-04,13.779999732971191,13.899999618530273,13.5,13.84000015258789,12.830831527709961,93250
2019-06-05,13.800000190734863,13.880000114440918,13.619999885559082,13.619999885559082,12.626872062683105,14936
2019-06-06,13.579999923706055,13.899999618530273,13.460000038146973,13.5600004196167,12.571249008178711,282250
2019-06-10,13.5600004196167,13.899999618530273,13.5,13.800000190734863,12.793747901916504,973500
2019-06-11,13.800000190734863,13.899999618530273,13.739999771118164,13.779999732971191,12.775205612182617,307180
2019-06-12,13.84000015258789,13.859999656677246,13.640000343322754,13.800000190734863,12.793747901916504,179417
2019-06-13,13.859999656677246,13.880000114440918,13.699999809265137,13.880000114440918,12.867915153503418,223000
2019-06-14,13.800000190734863,13.899999618530273,13.600000381469727,13.800000190734863,12.793747901916504,25857
2019-06-17,13.779999732971191,14.420000076293945,13.739999771118164,13.800000190734863,12.793747901916504,489750
2019-06-18,14.300000190734863,15.199999809265137,14.199999809265137,15.0,13.906248092651367,2373892
2019-06-19,15.140000343322754,15.140000343322754,14.819999694824219,15.0,13.906248092651367,2056870
2019-06-20,15.0,15.960000038146973,14.960000038146973,15.0,13.906248092651367,1830500
2019-06-21,15.0,15.979999542236328,15.0,15.779999732971191,14.629371643066406,2719398
2019-06-24,15.720000267028809,15.760000228881836,15.479999542236328,15.619999885559082,14.481039047241211,395500
2019-06-25,15.680000305175781,15.680000305175781,15.199999809265137,15.199999809265137,14.091663360595703,354588
2019-06-26,15.399999618530273,15.460000038146973,15.220000267028809,15.34000015258789,14.221456527709961,578255
2019-06-27,15.199999809265137,15.520000457763672,15.199999809265137,15.520000457763672,14.38833236694336,315000
2019-06-28,15.5,15.5,15.0600004196167,15.4399995803833,14.314163208007812,187351
2019-07-02,15.5,16.280000686645508,15.260000228881836,15.600000381469727,14.46249771118164,783172
2019-07-03,15.600000381469727,16.200000762939453,15.260000228881836,16.18000030517578,15.000205993652344,1779355
2019-07-04,16.200000762939453,16.239999771118164,15.720000267028809,15.9399995803833,14.777705192565918,367100
2019-07-05,16.040000915527344,16.139999389648438,15.800000190734863,16.020000457763672,14.851872444152832,135575
2019-07-08,16.0,16.239999771118164,15.979999542236328,16.15999984741211,14.981663703918457,297850
2019-07-09,15.800000190734863,15.899999618530273,15.800000190734863,15.880000114440918,14.722081184387207,90250
2019-07-10,15.800000190734863,15.899999618530273,15.180000305175781,15.5,14.369789123535156,485000
2019-07-11,15.399999618530273,15.800000190734863,15.260000228881836,15.520000457763672,14.38833236694336,512034
2019-07-12,15.520000457763672,15.739999771118164,15.239999771118164,15.399999618530273,14.277081489562988,167557
2019-07-15,15.579999923706055,15.600000381469727,15.319999694824219,15.460000038146973,14.332706451416016,313090
2019-07-16,15.399999618530273,15.619999885559082,15.399999618530273,15.5600004196167,14.4254150390625,212500
2019-07-17,15.579999923706055,15.579999923706055,15.319999694824219,15.520000457763672,14.38833236694336,635250
2019-07-18,15.119999885559082,15.520000457763672,15.0,15.5,14.369789123535156,616100
2019-07-19,15.520000457763672,15.520000457763672,15.279999732971191,15.399999618530273,14.277081489562988,373966
2019-07-22,15.300000190734863,15.399999618530273,15.119999885559082,15.380000114440918,14.258538246154785,56061
2019-07-23,15.260000228881836,15.359999656677246,15.119999885559082,15.319999694824219,14.202914237976074,821750
2019-07-24,15.5,16.260000228881836,15.399999618530273,16.15999984741211,14.981663703918457,1519907
2019-07-25,16.15999984741211,16.84000015258789,16.100000381469727,16.559999465942383,15.352497100830078,1372100
2019-07-26,16.540000915527344,17.0,16.420000076293945,16.799999237060547,15.574995994567871,1245652
2019-07-29,16.700000762939453,16.84000015258789,16.6200008392334,16.68000030517578,15.46374797821045,163777
2019-07-30,16.65999984741211,17.3799991607666,16.479999542236328,17.059999465942383,15.816038131713867,780525
2019-07-31,17.020000457763672,17.020000457763672,16.020000457763672,16.299999237060547,15.111454963684082,823030
2019-08-01,16.459999084472656,17.299999237060547,16.219999313354492,17.020000457763672,15.778955459594727,2864644
2019-08-02,16.5,16.899999618530273,16.5,16.639999389648438,15.426663398742676,580258
2019-08-05,16.559999465942383,16.739999771118164,16.31999969482422,16.700000762939453,15.482290267944336,472006
2019-08-06,16.579999923706055,16.899999618530273,16.3799991607666,16.81999969482422,15.593538284301758,1717078
2019-08-07,16.780000686645508,16.780000686645508,16.360000610351562,16.700000762939453,15.482290267944336,309590
2019-08-08,16.739999771118164,16.81999969482422,16.579999923706055,16.700000762939453,15.482290267944336,898030
2019-08-09,16.760000228881836,16.780000686645508,16.479999542236328,16.579999923706055,15.371040344238281,713065
2019-08-12,16.579999923706055,16.760000228881836,16.540000915527344,16.600000381469727,15.389580726623535,96211
2019-08-13,16.700000762939453,16.700000762939453,15.9399995803833,16.219999313354492,15.037287712097168,1260500
2019-08-14,16.299999237060547,16.299999237060547,15.800000190734863,15.899999618530273,14.740623474121094,177050
2019-08-15,15.5,16.0,15.5,15.600000381469727,14.46249771118164,164545
2019-08-16,15.600000381469727,16.440000534057617,15.420000076293945,16.1200008392334,14.944580078125,1452250
2019-08-19,16.079999923706055,16.65999984741211,16.079999923706055,16.440000534057617,15.241247177124023,338000
2019-08-20,16.479999542236328,16.479999542236328,15.699999809265137,15.800000190734863,14.647915840148926,401500
2019-08-21,15.880000114440918,16.280000686645508,15.15999984741211,16.1200008392334,14.944580078125,191850
2019-08-22,15.960000038146973,16.18000030517578,15.680000305175781,15.979999542236328,14.814788818359375,120250
2019-08-23,15.899999618530273,15.9399995803833,15.5600004196167,15.880000114440918,14.722081184387207,320303
2019-08-26,15.65999984741211,16.1200008392334,15.479999542236328,15.760000228881836,14.610831260681152,697500
2019-08-27,15.399999618530273,15.859999656677246,15.140000343322754,15.460000038146973,14.332706451416016,116000
2019-08-28,15.260000228881836,15.460000038146973,15.15999984741211,15.15999984741211,14.054581642150879,121000
2019-08-29,15.15999984741211,15.420000076293945,14.899999618530273,15.300000190734863,14.184371948242188,228600
2019-08-30,15.279999732971191,15.359999656677246,15.0600004196167,15.199999809265137,14.091663360595703,283048
2019-09-02,15.180000305175781,15.600000381469727,15.119999885559082,15.260000228881836,14.147290229797363,288750
2019-09-03,15.220000267028809,15.359999656677246,15.199999809265137,15.279999732971191,14.165830612182617,144300
2019-09-04,15.279999732971191,15.760000228881836,15.279999732971191,15.680000305175781,14.536664009094238,670066
2019-09-05,15.720000267028809,17.360000610351562,15.720000267028809,16.360000610351562,15.167081832885742,1368628
2019-09-06,16.280000686645508,16.299999237060547,15.819999694824219,16.079999923706055,14.90749740600586,439081
2019-09-09,16.100000381469727,16.100000381469727,15.600000381469727,15.600000381469727,14.46249771118164,316500
2019-09-10,15.600000381469727,15.600000381469727,15.4399995803833,15.5,14.369789123535156,494635
2019-09-11,15.319999694824219,15.699999809265137,15.319999694824219,15.460000038146973,14.332706451416016,683172
2019-09-12,15.4399995803833,15.859999656677246,15.420000076293945,15.859999656677246,14.70353889465332,350728
2019-09-13,15.880000114440918,16.200000762939453,15.5600004196167,16.200000762939453,15.018747329711914,617762
2019-09-16,15.979999542236328,16.280000686645508,15.680000305175781,15.84000015258789,14.68499755859375,2731750
2019-09-17,15.760000228881836,16.360000610351562,15.65999984741211,16.0,14.833331108093262,1157403
2019-09-18,16.239999771118164,16.239999771118164,15.979999542236328,16.100000381469727,14.926039695739746,189527
2019-09-19,16.020000457763672,16.139999389648438,15.720000267028809,16.0,14.833331108093262,214500
2019-09-20,15.920000076293945,16.360000610351562,15.619999885559082,16.200000762939453,15.018747329711914,1281286
2019-09-23,16.020000457763672,16.200000762939453,16.0,16.100000381469727,14.926039695739746,294500
2019-09-24,16.200000762939453,16.200000762939453,15.520000457763672,15.720000267028809,14.573747634887695,367214
2019-09-25,15.800000190734863,15.859999656677246,15.520000457763672,15.800000190734863,14.647915840148926,349843
2019-09-26,15.819999694824219,16.059999465942383,15.760000228881836,15.760000228881836,14.610831260681152,94619
2019-09-27,15.5600004196167,15.699999809265137,15.34000015258789,15.5,14.604424476623535,142467
2019-09-30,15.300000190734863,15.640000343322754,15.300000190734863,15.600000381469727,14.698646545410156,400700
2019-10-02,15.720000267028809,16.360000610351562,15.579999923706055,16.34000015258789,15.395890235900879,1032000
2019-10-03,16.239999771118164,16.239999771118164,15.899999618530273,16.100000381469727,15.169757843017578,878500
2019-10-04,16.18000030517578,16.18000030517578,15.65999984741211,15.819999694824219,14.90593433380127,1000627
2019-10-08,15.739999771118164,15.9399995803833,15.399999618530273,15.5,14.604424476623535,1289226
2019-10-09,15.699999809265137,15.899999618530273,15.5,15.84000015258789,14.924779891967773,585650
2019-10-10,16.239999771118164,16.360000610351562,15.899999618530273,16.239999771118164,15.301668167114258,2298760
2019-10-11,16.079999923706055,16.280000686645508,15.5,16.200000762939453,15.263978958129883,274479
2019-10-14,16.200000762939453,16.200000762939453,15.800000190734863,15.899999618530273,14.98131275177002,98180
2019-10-15,15.960000038146973,15.960000038146973,15.579999923706055,15.899999618530273,14.98131275177002,246250
2019-10-16,15.880000114440918,15.880000114440918,15.600000381469727,15.699999809265137,14.792868614196777,87500
2019-10-17,15.800000190734863,15.800000190734863,15.539999961853027,15.539999961853027,14.642112731933594,99000
2019-10-18,15.619999885559082,15.760000228881836,15.34000015258789,15.760000228881836,14.84940242767334,385644
2019-10-21,15.779999732971191,15.800000190734863,15.520000457763672,15.579999923706055,14.679800987243652,148300
2019-10-22,15.520000457763672,16.079999923706055,15.5,15.9399995803833,15.019001007080078,470752
2019-10-23,16.360000610351562,19.219999313354492,16.299999237060547,17.899999618530273,16.865755081176758,4192450
2019-10-24,17.5,17.860000610351562,17.18000030517578,17.860000610351562,16.828067779541016,808548
2019-10-25,17.760000228881836,17.920000076293945,17.040000915527344,17.3799991607666,16.37580108642578,716250
2019-10-28,17.399999618530273,17.600000381469727,17.239999771118164,17.479999542236328,16.470022201538086,202366
2019-10-29,17.5,17.739999771118164,17.299999237060547,17.739999771118164,16.714998245239258,215370
2019-10-30,17.520000457763672,17.8799991607666,17.5,17.8799991607666,16.846908569335938,240776
2019-10-31,17.5,17.860000610351562,17.3799991607666,17.65999984741211,16.63962173461914,291125
2019-11-01,17.5,17.920000076293945,17.3799991607666,17.799999237060547,16.771533966064453,1043561
2019-11-04,17.739999771118164,17.959999084472656,17.600000381469727,17.899999618530273,16.865755081176758,3242825
2019-11-05,17.899999618530273,18.200000762939453,17.559999465942383,17.65999984741211,16.63962173461914,1963250
2019-11-06,17.719999313354492,18.0,17.6200008392334,17.68000030517578,16.658466339111328,273250
2019-11-07,17.899999618530273,18.0,17.540000915527344,17.899999618530273,16.865755081176758,169750
2019-11-08,17.979999542236328,18.200000762939453,17.8799991607666,18.1200008392334,17.073043823242188,751749
2019-11-11,17.68000030517578,18.6200008392334,17.639999389648438,18.3799991607666,17.31801986694336,3152677
2019-11-12,18.420000076293945,18.459999084472656,18.0,18.1200008392334,17.073043823242188,1263500
2019-11-13,18.100000381469727,18.280000686645508,17.920000076293945,18.100000381469727,17.05419921875,1655495
2019-11-14,18.100000381469727,18.579999923706055,17.520000457763672,17.579999923706055,16.56424331665039,331535
2019-11-15,17.520000457763672,17.739999771118164,17.399999618530273,17.559999465942383,16.545398712158203,120250
2019-11-18,18.0,18.0,17.520000457763672,17.799999237060547,16.771533966064453,133000
2019-11-19,17.920000076293945,18.1200008392334,17.739999771118164,17.979999542236328,16.941131591796875,974750
2019-11-20,17.81999969482422,18.5,17.81999969482422,18.0,16.959978103637695,660500
2019-11-21,18.0,18.0,17.84000015258789,17.959999084472656,16.922286987304688,329991
2019-11-22,17.540000915527344,18.139999389648438,17.399999618530273,17.959999084472656,16.922286987304688,1367934
2019-11-25,17.959999084472656,18.84000015258789,17.940000534057617,18.280000686645508,17.223800659179688,1231250
2019-11-26,19.5,20.75,19.399999618530273,19.940000534057617,18.787883758544922,4207260
2019-11-27,19.299999237060547,19.65999984741211,19.040000915527344,19.280000686645508,18.166019439697266,1203234
2019-11-28,19.399999618530273,20.200000762939453,19.31999969482422,19.31999969482422,18.203706741333008,742500
2019-11-29,19.719999313354492,19.719999313354492,19.020000457763672,19.299999237060547,18.184864044189453,658260
2019-12-02,19.540000915527344,19.760000228881836,19.31999969482422,19.420000076293945,18.297927856445312,167137
2019-12-03,19.5,19.81999969482422,19.079999923706055,19.299999237060547,18.184864044189453,222044
2019-12-04,19.299999237060547,19.299999237060547,18.899999618530273,19.100000381469727,17.99641990661621,195594
2019-12-05,19.200000762939453,20.049999237060547,19.200000762939453,20.0,18.844417572021484,662606
2019-12-06,19.700000762939453,19.899999618530273,19.239999771118164,19.5,18.373308181762695,586050
2019-12-09,19.399999618530273,19.600000381469727,19.260000228881836,19.360000610351562,18.241397857666016,327450
2019-12-10,19.360000610351562,19.579999923706055,19.299999237060547,19.34000015258789,18.222553253173828,345000
2019-12-11,19.31999969482422,19.479999542236328,19.100000381469727,19.299999237060547,18.184864044189453,793073
2019-12-12,19.459999084472656,19.639999389648438,18.700000762939453,18.719999313354492,17.63837242126465,749000
2019-12-13,19.0,19.100000381469727,18.459999084472656,18.559999465942383,17.487619400024414,624077
2019-12-16,18.559999465942383,18.899999618530273,18.559999465942383,18.739999771118164,17.65721893310547,176500
2019-12-17,18.739999771118164,19.299999237060547,18.459999084472656,18.65999984741211,17.58184242248535,405000
2019-12-18,18.760000228881836,18.8799991607666,18.399999618530273,18.68000030517578,17.600688934326172,325250
2019-12-19,18.559999465942383,18.760000228881836,18.420000076293945,18.739999771118164,17.65721893310547,452250
2019-12-20,18.739999771118164,19.020000457763672,18.5,18.5,17.431087493896484,702250
2019-12-23,18.459999084472656,19.360000610351562,18.459999084472656,18.940000534057617,17.84566307067871,493857
2019-12-24,19.15999984741211,19.200000762939453,18.860000610351562,18.940000534057617,17.84566307067871,41064
2019-12-27,19.18000030517578,19.219999313354492,18.700000762939453,18.81999969482422,17.73259925842285,154306
2019-12-30,18.739999771118164,18.940000534057617,18.65999984741211,18.68000030517578,17.600688934326172,114824
2019-12-31,18.739999771118164,18.84000015258789,18.399999618530273,18.459999084472656,17.393396377563477,185014
2020-01-02,18.5,18.860000610351562,18.020000457763672,18.020000457763672,16.97882080078125,311456
2020-01-03,18.399999618530273,18.420000076293945,18.1200008392334,18.15999984741211,17.11073112487793,1098460
2020-01-06,18.399999618530273,18.420000076293945,18.219999313354492,18.239999771118164,17.186107635498047,56500
2020-01-07,18.399999618530273,19.5,18.3799991607666,19.34000015258789,18.222553253173828,1234250
2020-01-08,19.040000915527344,19.65999984741211,18.920000076293945,19.440000534057617,18.316776275634766,792000
2020-01-09,19.34000015258789,19.34000015258789,18.6200008392334,18.81999969482422,17.73259925842285,808316
2020-01-10,18.81999969482422,19.139999389648438,18.780000686645508,18.979999542236328,17.88335418701172,573206
2020-01-13,18.739999771118164,19.31999969482422,18.739999771118164,19.200000762939453,18.090641021728516,498564
2020-01-14,19.440000534057617,19.440000534057617,18.84000015258789,19.020000457763672,17.921043395996094,469000
2020-01-15,19.0,19.280000686645508,18.959999084472656,19.200000762939453,18.090641021728516,102023
2020-01-16,18.940000534057617,19.200000762939453,18.940000534057617,19.040000915527344,17.93988609313965,66500
2020-01-17,18.81999969482422,19.260000228881836,18.479999542236328,19.020000457763672,17.921043395996094,300000
2020-01-20,19.079999923706055,19.440000534057617,18.719999313354492,18.899999618530273,17.807973861694336,357250
2020-01-21,18.760000228881836,19.1200008392334,18.739999771118164,18.920000076293945,17.826820373535156,478500
2020-01-22,18.899999618530273,18.899999618530273,17.399999618530273,17.700000762939453,16.67731285095215,1949440
2020-01-23,17.700000762939453,17.81999969482422,17.520000457763672,17.700000762939453,16.67731285095215,1164376
2020-01-24,17.559999465942383,17.600000381469727,17.239999771118164,17.399999618530273,16.394643783569336,312000
2020-01-29,16.940000534057617,16.940000534057617,15.640000343322754,16.579999923706055,15.622023582458496,959579
2020-01-30,16.639999389648438,16.799999237060547,16.5,16.719999313354492,15.75393295288086,242000
2020-01-31,16.639999389648438,16.8799991607666,16.31999969482422,16.5,15.546645164489746,679825
2020-02-03,16.459999084472656,16.760000228881836,16.34000015258789,16.520000457763672,15.56549072265625,397401
2020-02-04,16.579999923706055,16.780000686645508,16.440000534057617,16.600000381469727,15.640867233276367,154500
2020-02-05,16.540000915527344,16.84000015258789,16.540000915527344,16.760000228881836,15.791620254516602,220110
2020-02-06,17.0,17.1200008392334,16.1200008392334,16.420000076293945,15.471267700195312,475750
2020-02-07,16.5,16.559999465942383,15.920000076293945,16.079999923706055,15.150912284851074,485000
2020-02-10,16.200000762939453,16.200000762939453,15.819999694824219,15.819999694824219,14.90593433380127,204000
2020-02-11,15.9399995803833,16.059999465942383,15.819999694824219,15.84000015258789,14.924779891967773,104500
2020-02-12,15.819999694824219,16.479999542236328,15.800000190734863,16.299999237060547,15.358200073242188,189765
2020-02-13,16.399999618530273,16.719999313354492,16.200000762939453,16.579999923706055,15.622023582458496,287327
2020-02-14,16.860000610351562,16.860000610351562,16.5,16.600000381469727,15.640867233276367,284521
2020-02-17,16.700000762939453,16.700000762939453,16.5,16.5,15.546645164489746,102894
2020-02-18,16.1200008392334,16.739999771118164,16.1200008392334,16.18000030517578,15.245134353637695,530000
2020-02-19,16.059999465942383,16.18000030517578,16.020000457763672,16.079999923706055,15.150912284851074,122000
2020-02-20,16.139999389648438,16.700000762939453,16.139999389648438,16.420000076293945,15.471267700195312,428500
2020-02-21,16.600000381469727,16.84000015258789,16.399999618530273,16.399999618530273,15.452423095703125,544685
2020-02-24,16.399999618530273,16.540000915527344,16.139999389648438,16.260000228881836,15.320511817932129,440315
2020-02-25,16.100000381469727,16.260000228881836,15.899999618530273,16.020000457763672,15.094378471374512,389337
2020-02-26,15.619999885559082,15.819999694824219,15.020000457763672,15.199999809265137,14.321757316589355,783000
2020-02-27,15.199999809265137,15.199999809265137,14.279999732971191,14.5,13.662202835083008,1273460
2020-02-28,14.319999694824219,14.319999694824219,13.5,13.619999885559082,12.833048820495605,853500
2020-03-02,13.760000228881836,14.579999923706055,13.720000267028809,14.479999542236328,13.64335823059082,1650193
2020-03-03,14.579999923706055,14.579999923706055,14.15999984741211,14.4399995803833,13.605669975280762,889623
2020-03-04,14.4399995803833,14.579999923706055,14.319999694824219,14.380000114440918,13.549137115478516,957475
2020-03-05,14.5,14.899999618530273,14.319999694824219,14.699999809265137,13.850647926330566,980758
2020-03-06,14.680000305175781,14.680000305175781,14.140000343322754,14.5,13.662202835083008,1455750
2020-03-09,14.100000381469727,14.5600004196167,14.039999961853027,14.380000114440918,13.549137115478516,1412372
2020-03-10,14.359999656677246,14.359999656677246,13.359999656677246,13.5,12.719982147216797,854863
2020-03-11,13.579999923706055,13.579999923706055,12.9399995803833,13.100000381469727,12.343093872070312,1350291
2020-03-12,13.0,13.180000305175781,12.279999732971191,12.380000114440918,11.664695739746094,1317250
2020-03-13,11.779999732971191,11.800000190734863,11.359999656677246,11.5600004196167,10.892074584960938,1157335
2020-03-16,11.680000305175781,12.859999656677246,10.720000267028809,10.800000190734863,10.175985336303711,1462874
2020-03-17,10.4399995803833,11.260000228881836,10.020000457763672,11.15999984741211,10.515185356140137,1492432
2020-03-18,11.15999984741211,12.300000190734863,10.680000305175781,11.579999923706055,10.910917282104492,2211630
2020-03-19,11.300000190734863,12.960000038146973,11.079999923706055,12.899999618530273,12.15464973449707,1289650
2020-03-20,13.220000267028809,13.300000190734863,11.279999732971191,11.680000305175781,11.00514030456543,1762266
2020-03-23,11.619999885559082,11.619999885559082,10.399999618530273,10.399999618530273,9.799097061157227,415848
2020-03-24,10.600000381469727,11.199999809265137,10.239999771118164,10.34000015258789,9.74256420135498,523750
2020-03-25,10.600000381469727,11.920000076293945,10.600000381469727,11.600000381469727,10.929762840270996,861250
2020-03-26,11.460000038146973,12.0,11.460000038146973,12.0,11.306650161743164,321585
2020-03-27,12.0,12.0,11.300000190734863,11.520000457763672,10.854385375976562,608000
2020-03-30,11.520000457763672,11.5600004196167,11.039999961853027,11.180000305175781,10.534029006958008,442180
2020-03-31,11.420000076293945,11.479999542236328,11.140000343322754,11.300000190734863,10.647096633911133,222284
2020-04-01,11.319999694824219,12.100000381469727,11.300000190734863,11.800000190734863,11.118207931518555,285108
2020-04-02,11.899999618530273,12.100000381469727,11.140000343322754,11.319999694824219,10.66594123840332,246750
2020-04-03,11.0,11.300000190734863,10.699999809265137,10.760000228881836,10.138297080993652,236756
2020-04-06,11.079999923706055,11.199999809265137,10.239999771118164,10.899999618530273,10.270207405090332,983500
2020-04-07,10.899999618530273,11.960000038146973,10.899999618530273,11.800000190734863,11.118207931518555,1071580
2020-04-08,11.680000305175781,12.180000305175781,11.680000305175781,12.079999923706055,11.382028579711914,436500
2020-04-09,12.199999809265137,12.680000305175781,12.199999809265137,12.479999542236328,11.758916854858398,895228
2020-04-14,12.5,12.859999656677246,12.300000190734863,12.399999618530273,11.683538436889648,316250
2020-04-15,12.380000114440918,12.579999923706055,12.0600004196167,12.119999885559082,11.419716835021973,245559
2020-04-16,12.279999732971191,12.319999694824219,11.739999771118164,11.779999732971191,11.09936237335205,179850
2020-04-17,12.039999961853027,12.600000381469727,12.020000457763672,12.479999542236328,11.758916854858398,347071
2020-04-20,12.600000381469727,12.600000381469727,11.5,11.84000015258789,11.155895233154297,472033
2020-04-21,12.0,12.100000381469727,11.180000305175781,11.260000228881836,10.609408378601074,1046574
2020-04-22,11.479999542236328,11.600000381469727,11.140000343322754,11.279999732971191,10.628251075744629,490840
2020-04-23,11.079999923706055,11.140000343322754,10.899999618530273,11.079999923706055,10.439807891845703,406509
2020-04-24,11.220000267028809,11.5,10.899999618530273,10.979999542236328,10.345585823059082,365500
2020-04-27,11.239999771118164,11.399999618530273,11.100000381469727,11.199999809265137,10.552873611450195,325750
2020-04-28,11.260000228881836,11.640000343322754,11.199999809265137,11.5600004196167,10.892074584960938,472000
2020-04-29,11.880000114440918,12.279999732971191,11.760000228881836,11.84000015258789,11.155895233154297,395612
2020-05-04,12.0600004196167,12.079999923706055,11.239999771118164,11.239999771118164,10.59056282043457,549056
2020-05-05,11.539999961853027,11.720000267028809,11.4399995803833,11.640000343322754,10.967452049255371,241500
2020-05-06,11.699999809265137,12.319999694824219,11.699999809265137,12.199999809265137,11.495095252990723,756000
2020-05-07,12.260000228881836,12.260000228881836,11.880000114440918,12.199999809265137,11.495095252990723,341323
2020-05-08,12.34000015258789,12.600000381469727,12.220000267028809,12.460000038146973,11.740072250366211,188514
2020-05-11,12.5600004196167,13.199999809265137,12.5600004196167,12.979999542236328,12.230026245117188,600750
2020-05-12,13.5,13.619999885559082,13.15999984741211,13.359999656677246,12.5880708694458,630142
2020-05-13,13.0600004196167,13.300000190734863,12.9399995803833,13.300000190734863,12.531538009643555,289000
2020-05-14,13.020000457763672,13.5600004196167,12.880000114440918,13.4399995803833,12.66344928741455,332000
2020-05-15,13.300000190734863,13.5600004196167,13.260000228881836,13.34000015258789,12.569228172302246,451130
2020-05-18,13.34000015258789,13.399999618530273,13.039999961853027,13.100000381469727,12.343093872070312,324377
2020-05-19,13.199999809265137,14.319999694824219,13.199999809265137,14.119999885559082,13.304160118103027,655601
2020-05-20,14.0,14.279999732971191,13.520000457763672,13.739999771118164,12.946115493774414,223002
2020-05-21,13.739999771118164,13.859999656677246,13.319999694824219,13.479999542236328,12.701138496398926,293330
2020-05-22,13.479999542236328,13.479999542236328,12.5,12.579999923706055,11.853137969970703,773067
2020-05-25,12.699999809265137,13.140000343322754,12.119999885559082,12.920000076293945,12.173494338989258,241788
2020-05-26,13.180000305175781,13.239999771118164,12.760000228881836,12.859999656677246,12.116960525512695,297000
2020-05-27,13.0,13.180000305175781,12.600000381469727,12.720000267028809,11.985050201416016,235002
2020-05-28,12.5,12.579999923706055,12.079999923706055,12.460000038146973,11.740072250366211,432000
2020-05-29,12.5,13.5,12.460000038146973,13.5,12.719982147216797,1499500
2020-06-01,13.65999984741211,13.65999984741211,13.0600004196167,13.0600004196167,12.305404663085938,427250
2020-06-02,13.239999771118164,13.239999771118164,12.65999984741211,12.859999656677246,12.116960525512695,551000
2020-06-03,13.079999923706055,14.180000305175781,13.079999923706055,13.739999771118164,12.946115493774414,776250
2020-06-04,13.800000190734863,14.279999732971191,13.84000015258789,13.880000114440918,13.078027725219727,266608
2020-06-05,13.779999732971191,14.680000305175781,13.779999732971191,14.0600004196167,13.247626304626465,777319
2020-06-08,14.579999923706055,14.699999809265137,14.100000381469727,14.100000381469727,13.285314559936523,227250
2020-06-09,14.5600004196167,14.960000038146973,14.420000076293945,14.739999771118164,13.888336181640625,984400
2020-06-10,14.779999732971191,14.779999732971191,14.079999923706055,14.100000381469727,13.285314559936523,423227
2020-06-11,14.239999771118164,14.319999694824219,13.979999542236328,14.079999923706055,13.266469955444336,271889
2020-06-12,14.0,14.100000381469727,13.020000457763672,14.0,13.191092491149902,544746
2020-06-15,14.0,14.15999984741211,13.579999923706055,13.600000381469727,12.814204216003418,334289
2020-06-16,13.5600004196167,14.180000305175781,13.239999771118164,13.579999923706055,12.795360565185547,309750
2020-06-17,14.0,14.0,13.420000076293945,13.579999923706055,12.795360565185547,248187
2020-06-18,13.579999923706055,13.760000228881836,13.399999618530273,13.680000305175781,12.889582633972168,797750
2020-06-19,13.520000457763672,13.920000076293945,13.520000457763672,13.800000190734863,13.00264835357666,903000
2020-06-22,13.399999618530273,13.699999809265137,13.140000343322754,13.199999809265137,12.437315940856934,515029
2020-06-23,13.300000190734863,13.300000190734863,12.5,13.260000228881836,12.49384880065918,414750
2020-06-24,13.0,13.0,12.479999542236328,12.720000267028809,11.985050201416016,740500
2020-06-26,12.600000381469727,12.600000381469727,12.399999618530273,12.5,11.777761459350586,312133
2020-06-29,12.5,12.819999694824219,12.199999809265137,12.5,11.777761459350586,797000
2020-06-30,12.399999618530273,13.079999923706055,12.399999618530273,12.979999542236328,12.230026245117188,606000
2020-07-02,13.0,14.279999732971191,12.800000190734863,14.039999961853027,13.228781700134277,2217491
2020-07-03,14.199999809265137,14.199999809265137,13.5600004196167,13.920000076293945,13.115715026855469,407717
2020-07-06,13.619999885559082,14.15999984741211,13.5,13.720000267028809,12.927271842956543,278199
2020-07-07,14.0,14.399999618530273,13.9399995803833,14.079999923706055,13.266469955444336,769500
2020-07-08,14.199999809265137,14.220000267028809,13.920000076293945,14.100000381469727,13.285314559936523,957529
2020-07-09,14.100000381469727,14.699999809265137,13.920000076293945,14.079999923706055,13.266469955444336,622250
2020-07-10,13.960000038146973,14.579999923706055,13.9399995803833,14.260000228881836,13.436070442199707,602020
2020-07-13,13.619999885559082,14.140000343322754,13.479999542236328,13.680000305175781,12.889582633972168,334500
2020-07-14,14.0,14.119999885559082,13.800000190734863,14.020000457763672,13.209938049316406,355250
2020-07-15,13.859999656677246,14.020000457763672,13.520000457763672,13.640000343322754,12.851893424987793,405719
2020-07-16,13.199999809265137,13.65999984741211,13.119999885559082,13.579999923706055,12.795360565185547,351400
2020-07-17,13.180000305175781,13.319999694824219,12.960000038146973,13.220000267028809,12.456160545349121,113750
2020-07-20,13.180000305175781,13.180000305175781,12.739999771118164,12.979999542236328,12.230026245117188,51244
2020-07-21,13.0,13.520000457763672,12.819999694824219,13.380000114440918,12.606915473937988,360750
2020-07-22,13.520000457763672,13.619999885559082,12.760000228881836,12.84000015258789,12.098116874694824,1163250
2020-07-23,13.0,13.0,12.539999961853027,12.600000381469727,11.871984481811523,971500
2020-07-24,12.600000381469727,12.84000015258789,12.300000190734863,12.5,11.777761459350586,477258
2020-07-27,12.880000114440918,12.899999618530273,12.420000076293945,12.760000228881836,12.02273941040039,279784
2020-07-28,12.960000038146973,12.960000038146973,12.460000038146973,12.779999732971191,12.041583061218262,481444
2020-07-29,12.859999656677246,12.859999656677246,12.300000190734863,12.640000343322754,11.909672737121582,368100
2020-07-30,12.720000267028809,12.859999656677246,12.520000457763672,12.680000305175781,11.94736099243164,285000
2020-07-31,12.800000190734863,13.34000015258789,12.779999732971191,13.020000457763672,12.267716407775879,342000
2020-08-03,12.899999618530273,13.600000381469727,12.899999618530273,13.279999732971191,12.512693405151367,221750
2020-08-04,13.039999961853027,13.34000015258789,13.039999961853027,13.199999809265137,12.437315940856934,267250
2020-08-05,13.0,13.5,13.0,13.279999732971191,12.512693405151367,362908
2020-08-06,13.539999961853027,13.579999923706055,12.760000228881836,12.800000190734863,12.060428619384766,278000
2020-08-07,12.699999809265137,12.880000114440918,12.520000457763672,12.520000457763672,11.79660701751709,211029
2020-08-10,13.180000305175781,13.180000305175781,12.140000343322754,12.4399995803833,11.721227645874023,210199
2020-08-11,12.640000343322754,12.979999542236328,12.600000381469727,12.739999771118164,12.003893852233887,167000
2020-08-12,12.600000381469727,12.960000038146973,12.380000114440918,12.819999694824219,12.079270362854004,184490
2020-08-13,12.960000038146973,13.800000190734863,12.9399995803833,13.539999961853027,12.757671356201172,643196
2020-08-14,13.300000190734863,13.34000015258789,13.140000343322754,13.239999771118164,12.475005149841309,102744
2020-08-17,13.0,13.0,12.819999694824219,12.920000076293945,12.173494338989258,72800
2020-08-18,12.819999694824219,12.899999618530273,12.739999771118164,12.739999771118164,12.003893852233887,130489
2020-08-19,12.960000038146973,12.960000038146973,12.800000190734863,12.84000015258789,12.098116874694824,40750
2020-08-20,12.84000015258789,12.84000015258789,12.619999885559082,12.800000190734863,12.060428619384766,120000
2020-08-21,12.960000038146973,12.960000038146973,12.5,12.65999984741211,11.928516387939453,648750
2020-08-24,12.960000038146973,13.079999923706055,12.9399995803833,13.039999961853027,12.286561012268066,37750
2020-08-25,13.039999961853027,13.260000228881836,12.960000038146973,13.0600004196167,12.305404663085938,197750
2020-08-26,13.220000267028809,13.420000076293945,13.079999923706055,13.100000381469727,12.343093872070312,108500
2020-08-27,13.15999984741211,13.479999542236328,12.880000114440918,13.300000190734863,12.531538009643555,626750
2020-08-28,13.319999694824219,13.960000038146973,13.319999694824219,13.600000381469727,12.814204216003418,1102569
2020-08-31,13.579999923706055,13.619999885559082,12.699999809265137,13.199999809265137,12.437315940856934,636503
2020-09-01,13.359999656677246,14.079999923706055,13.359999656677246,13.960000038146973,13.153404235839844,2753300
2020-09-02,13.859999656677246,13.859999656677246,13.300000190734863,13.399999618530273,12.62575912475586,148000
2020-09-03,13.760000228881836,13.760000228881836,13.220000267028809,13.5,12.719982147216797,174750
2020-09-04,13.199999809265137,13.380000114440918,13.140000343322754,13.359999656677246,12.5880708694458,88750
2020-09-07,13.0,13.739999771118164,13.0,13.260000228881836,12.49384880065918,45700
2020-09-08,13.479999542236328,13.479999542236328,12.899999618530273,13.0,12.248871803283691,103000
2020-09-09,12.819999694824219,13.5,12.800000190734863,13.0600004196167,12.305404663085938,143200
2020-09-10,13.319999694824219,13.699999809265137,13.0600004196167,13.0600004196167,12.305404663085938,437150
2020-09-11,13.4399995803833,13.520000457763672,12.859999656677246,13.100000381469727,12.343093872070312,264750
2020-09-14,13.100000381469727,13.239999771118164,13.039999961853027,13.199999809265137,12.437315940856934,59578
2020-09-15,13.380000114440918,13.5600004196167,13.039999961853027,13.5600004196167,12.77651596069336,99500
2020-09-16,13.5,13.899999618530273,13.5,13.5,12.719982147216797,199500
2020-09-17,13.680000305175781,13.680000305175781,13.399999618530273,13.600000381469727,12.814204216003418,20750
2020-09-18,13.600000381469727,14.319999694824219,13.479999542236328,14.0,13.191092491149902,3720837
2020-09-21,13.899999618530273,13.899999618530273,13.199999809265137,13.319999694824219,12.550382614135742,67000
2020-09-22,13.899999618530273,13.899999618530273,13.300000190734863,13.300000190734863,12.531538009643555,42500
2020-09-23,13.0,13.699999809265137,13.0,13.460000038146973,12.682292938232422,100107
2020-09-24,13.5,13.779999732971191,13.15999984741211,13.300000190734863,12.531538009643555,350500
2020-09-25,13.300000190734863,13.34000015258789,13.279999732971191,13.34000015258789,12.569228172302246,50247
2020-09-28,13.399999618530273,13.619999885559082,13.199999809265137,13.359999656677246,12.5880708694458,170710
2020-09-29,13.600000381469727,13.600000381469727,13.319999694824219,13.5,12.719982147216797,206750
2020-09-30,13.600000381469727,13.800000190734863,13.380000114440918,13.5,12.719982147216797,158057
2020-10-05,13.460000038146973,13.960000038146973,13.460000038146973,13.5600004196167,12.77651596069336,527680
2020-10-06,13.5,13.720000267028809,13.399999618530273,13.5,12.910787582397461,402000
2020-10-07,13.600000381469727,14.100000381469727,13.479999542236328,13.539999961853027,12.949041366577148,867750
2020-10-08,14.0,14.739999771118164,13.779999732971191,14.319999694824219,13.694997787475586,553250
2020-10-09,14.180000305175781,14.319999694824219,13.960000038146973,13.960000038146973,13.35071086883545,55449
2020-10-12,13.899999618530273,14.399999618530273,13.859999656677246,14.180000305175781,13.561108589172363,257250
2020-10-14,14.0600004196167,14.0600004196167,13.800000190734863,13.819999694824219,13.21682071685791,42000
2020-10-15,13.739999771118164,13.920000076293945,13.539999961853027,13.619999885559082,13.02554988861084,25750
2020-10-16,13.579999923706055,13.619999885559082,13.220000267028809,13.579999923706055,12.987296104431152,138250
2020-10-19,13.460000038146973,13.819999694824219,13.460000038146973,13.65999984741211,13.063803672790527,82750
2020-10-20,13.779999732971191,14.039999961853027,13.319999694824219,13.699999809265137,13.102057456970215,506559
2020-10-21,13.979999542236328,14.319999694824219,13.859999656677246,14.140000343322754,13.522854804992676,303115
2020-10-22,14.140000343322754,14.199999809265137,13.619999885559082,13.899999618530273,13.293329238891602,159250
2020-10-23,13.899999618530273,14.100000381469727,13.899999618530273,14.0,13.388964653015137,889000
2020-10-27,13.899999618530273,14.15999984741211,13.619999885559082,13.720000267028809,13.121186256408691,242500
2020-10-28,14.260000228881836,14.739999771118164,14.239999771118164,14.5600004196167,13.92452335357666,406950
2020-10-29,14.300000190734863,15.0,14.300000190734863,14.880000114440918,14.230557441711426,502836
2020-10-30,14.880000114440918,14.899999618530273,14.0600004196167,14.140000343322754,13.522854804992676,81800
2020-11-02,14.640000343322754,14.699999809265137,14.34000015258789,14.34000015258789,13.71412467956543,27800
2020-11-03,13.979999542236328,14.600000381469727,13.979999542236328,14.600000381469727,13.96277904510498,66000
2020-11-04,14.899999618530273,14.899999618530273,14.520000457763672,14.520000457763672,13.886269569396973,100250
2020-11-05,14.680000305175781,15.0,14.680000305175781,15.0,14.345319747924805,150102
2020-11-06,15.260000228881836,15.760000228881836,14.960000038146973,15.479999542236328,14.80436897277832,321380
2020-11-09,15.539999961853027,15.819999694824219,15.319999694824219,15.600000381469727,14.919132232666016,135500
2020-11-10,16.0,16.0,15.399999618530273,15.600000381469727,14.919132232666016,154700
2020-11-11,15.600000381469727,16.860000610351562,15.600000381469727,16.860000610351562,16.1241397857666,333250
2020-11-12,16.860000610351562,16.860000610351562,16.020000457763672,16.040000915527344,15.33992862701416,265250
2020-11-13,15.800000190734863,16.219999313354492,15.399999618530273,16.1200008392334,15.416437149047852,342250
2020-11-16,16.0,16.15999984741211,15.279999732971191,16.100000381469727,15.397310256958008,364061
2020-11-17,16.31999969482422,16.799999237060547,16.219999313354492,16.6200008392334,15.894614219665527,577463
2020-11-18,16.700000762939453,17.459999084472656,16.65999984741211,17.200000762939453,16.44930076599121,490385
2020-11-19,17.200000762939453,17.479999542236328,17.059999465942383,17.299999237060547,16.544933319091797,192198
2020-11-20,17.299999237060547,17.399999618530273,16.520000457763672,16.700000762939453,15.971122741699219,304810
2020-11-23,17.0,17.0,16.5,16.559999465942383,15.83723258972168,162791
2020-11-24,16.559999465942383,17.100000381469727,16.3799991607666,16.899999618530273,16.162391662597656,120885
2020-11-25,16.299999237060547,17.079999923706055,16.280000686645508,16.799999237060547,16.066755294799805,117485
2020-11-26,16.899999618530273,17.0,16.31999969482422,16.719999313354492,15.990248680114746,492661
2020-11-27,16.5,17.0,16.479999542236328,16.8799991607666,16.143264770507812,380250
2020-11-30,16.8799991607666,17.260000228881836,16.3799991607666,16.3799991607666,15.665087699890137,102750
2020-12-01,16.6200008392334,19.200000762939453,16.6200008392334,18.459999084472656,17.65430450439453,1045250
2020-12-02,18.0,20.200000762939453,17.940000534057617,19.899999618530273,19.031455993652344,1778750
2020-12-03,19.799999237060547,20.0,19.219999313354492,19.559999465942383,18.706295013427734,815376
2020-12-04,19.360000610351562,19.719999313354492,18.799999237060547,19.5,18.648916244506836,1272800
2020-12-07,19.5,19.799999237060547,19.420000076293945,19.5,18.648916244506836,563572
2020-12-08,19.0,19.18000030517578,18.059999465942383,18.600000381469727,17.788196563720703,980664
2020-12-09,18.979999542236328,20.5,18.780000686645508,20.049999237060547,19.174907684326172,1302488
2020-12-10,20.0,20.350000381469727,19.780000686645508,19.979999542236328,19.10796546936035,646880
2020-12-11,20.0,20.200000762939453,19.600000381469727,19.84000015258789,18.974075317382812,797500
2020-12-14,20.100000381469727,20.100000381469727,19.5,19.860000610351562,18.99320411682129,702081
2020-12-15,19.520000457763672,20.25,19.520000457763672,20.0,19.127092361450195,564979
2020-12-16,20.200000762939453,20.25,19.0,19.5,18.648916244506836,481628
2020-12-17,19.520000457763672,19.84000015258789,18.760000228881836,19.200000762939453,18.362009048461914,1067750
2020-12-18,19.3799991607666,19.739999771118164,19.040000915527344,19.420000076293945,18.572404861450195,959270
2020-12-21,19.5,19.5,18.760000228881836,19.18000030517578,18.34288215637207,899935
2020-12-22,19.280000686645508,19.479999542236328,19.079999923706055,19.280000686645508,18.43851661682129,562489
2020-12-23,19.479999542236328,19.479999542236328,18.84000015258789,19.0,18.17073631286621,319750
2020-12-24,19.34000015258789,19.34000015258789,19.34000015258789,19.34000015258789,18.495899200439453,0
2020-12-28,19.280000686645508,19.479999542236328,19.139999389648438,19.479999542236328,18.62978744506836,56938
2020-12-29,19.200000762939453,19.420000076293945,19.200000762939453,19.399999618530273,18.553279876708984,73750
2020-12-30,19.299999237060547,19.5,19.139999389648438,19.440000534057617,18.591535568237305,239000
2020-12-31,19.399999618530273,19.399999618530273,19.399999618530273,19.399999618530273,18.553279876708984,0
2021-01-04,18.920000076293945,19.260000228881836,18.920000076293945,19.15999984741211,18.323755264282227,117250
2021-01-05,19.0,20.200000762939453,18.8799991607666,20.149999618530273,19.270545959472656,639000
2021-01-06,20.299999237060547,20.5,19.399999618530273,19.6200008392334,18.76367950439453,320406
2021-01-07,19.280000686645508,19.959999084472656,19.280000686645508,19.81999969482422,18.95494842529297,163900
2021-01-08,19.780000686645508,19.780000686645508,19.040000915527344,19.65999984741211,18.80193328857422,379500
2021-01-11,19.65999984741211,19.719999313354492,19.540000915527344,19.559999465942383,18.706295013427734,279641
2021-01-12,19.540000915527344,19.68000030517578,19.040000915527344,19.5,18.648916244506836,241500
2021-01-13,19.8799991607666,19.8799991607666,18.200000762939453,18.81999969482422,17.99859619140625,519750
2021-01-14,18.81999969482422,18.81999969482422,17.579999923706055,18.520000457763672,17.711687088012695,895000
2021-01-15,18.459999084472656,19.200000762939453,17.860000610351562,18.0,17.214384078979492,1486500
2021-01-18,18.760000228881836,18.760000228881836,17.520000457763672,18.399999618530273,17.596923828125,993566
2021-01-19,19.0,19.0,18.559999465942383,18.899999618530273,18.075101852416992,287500
2021-01-20,18.100000381469727,19.920000076293945,18.100000381469727,19.540000915527344,18.687170028686523,379000
2021-01-21,19.540000915527344,19.540000915527344,18.959999084472656,19.15999984741211,18.323755264282227,205750
2021-01-22,19.520000457763672,19.520000457763672,18.899999618530273,19.479999542236328,18.62978744506836,279750
2021-01-25,19.15999984741211,19.479999542236328,19.0,19.239999771118164,18.400264739990234,153080
2021-01-26,19.0,19.34000015258789,18.899999618530273,19.260000228881836,18.419389724731445,160250
2021-01-27,20.399999618530273,24.899999618530273,19.799999237060547,24.0,22.9525089263916,2391371
2021-01-28,23.200000762939453,23.700000762939453,21.049999237060547,22.100000381469727,21.135438919067383,1471250
2021-01-29,22.100000381469727,23.049999237060547,21.049999237060547,21.350000381469727,20.418170928955078,1013000
2021-02-01,21.700000762939453,21.850000381469727,21.0,21.25,20.32253646850586,434544
2021-02-02,21.950000762939453,21.950000762939453,20.450000762939453,21.649999618530273,20.705078125,501750
2021-02-03,21.899999618530273,21.950000762939453,20.549999237060547,21.399999618530273,20.465988159179688,239316
2021-02-04,21.399999618530273,22.0,21.100000381469727,21.799999237060547,20.848529815673828,113500
2021-02-05,21.0,22.0,20.549999237060547,21.799999237060547,20.848529815673828,535167
2021-02-08,21.850000381469727,23.600000381469727,21.850000381469727,23.299999237060547,22.28306007385254,12387217
2021-02-09,23.049999237060547,23.799999237060547,22.450000762939453,23.100000381469727,22.0917911529541,538100
2021-02-10,23.299999237060547,23.5,22.350000381469727,22.75,21.757068634033203,386000
2021-02-11,22.399999618530273,22.399999618530273,22.399999618530273,22.399999618530273,21.42234230041504,0
2021-02-16,22.0,22.799999237060547,21.0,22.649999618530273,21.66143226623535,1078981
2021-02-17,22.5,22.799999237060547,21.75,22.0,21.03980255126953,722250
2021-02-18,21.600000381469727,21.799999237060547,21.100000381469727,21.350000381469727,20.418170928955078,350250
2021-02-19,21.549999237060547,22.350000381469727,21.100000381469727,22.0,21.03980255126953,748250
2021-02-22,21.799999237060547,22.0,21.350000381469727,21.549999237060547,20.609439849853516,384830
2021-02-23,21.25,22.149999618530273,21.100000381469727,21.5,20.56162452697754,670850
2021-02-24,21.399999618530273,21.75,20.549999237060547,21.299999237060547,20.37035369873047,662400
2021-02-25,21.25,21.799999237060547,20.549999237060547,21.350000381469727,20.418170928955078,540250
2021-02-26,20.100000381469727,21.100000381469727,20.0,20.350000381469727,19.461816787719727,883000
2021-03-01,20.399999618530273,21.5,20.299999237060547,20.950000762939453,20.03563117980957,215100
2021-03-02,20.950000762939453,21.200000762939453,20.450000762939453,20.649999618530273,19.748722076416016,712140
2021-03-03,20.649999618530273,21.450000762939453,20.549999237060547,21.149999618530273,20.226900100708008,701000
2021-03-04,20.799999237060547,22.399999618530273,20.799999237060547,21.450000762939453,20.51380729675293,1171750
2021-03-05,20.0,22.0,20.0,21.700000762939453,20.75289535522461,918200
2021-03-08,21.700000762939453,21.899999618530273,20.799999237060547,21.149999618530273,20.226900100708008,1046264
2021-03-09,20.549999237060547,22.850000381469727,20.799999237060547,21.899999618530273,20.94416618347168,789700
2021-03-10,21.850000381469727,22.799999237060547,21.799999237060547,22.0,21.03980255126953,410750
2021-03-11,21.950000762939453,23.0,21.950000762939453,22.600000381469727,21.613615036010742,404500
2021-03-12,22.350000381469727,22.700000762939453,21.299999237060547,21.75,20.80071449279785,331250
2021-03-15,21.350000381469727,21.549999237060547,21.200000762939453,21.25,20.32253646850586,145996
2021-03-16,21.149999618530273,22.149999618530273,20.5,21.850000381469727,20.89634895324707,859700
2021-03-17,22.399999618530273,23.450000762939453,21.850000381469727,23.100000381469727,22.0917911529541,824350
2021-03-18,23.0,24.200000762939453,22.649999618530273,24.0,22.9525089263916,1037271
2021-03-19,23.100000381469727,23.549999237060547,22.399999618530273,22.600000381469727,21.613615036010742,702305
2021-03-22,22.799999237060547,23.049999237060547,22.450000762939453,23.049999237060547,22.043973922729492,218764
2021-03-23,23.0,23.0,21.75,22.450000762939453,21.47016143798828,659270
2021-03-24,21.799999237060547,22.700000762939453,21.25,21.299999237060547,20.37035369873047,479500
2021-03-25,20.549999237060547,22.850000381469727,20.549999237060547,22.700000762939453,21.709251403808594,346500
2021-03-26,22.799999237060547,23.200000762939453,22.25,22.25,21.278888702392578,179558
2021-03-29,21.649999618530273,22.899999618530273,21.649999618530273,22.700000762939453,21.709251403808594,300850
2021-03-30,22.700000762939453,22.950000762939453,21.299999237060547,21.700000762939453,20.75289535522461,366000
2021-03-31,22.0,22.049999237060547,21.149999618530273,21.649999618530273,20.705078125,304000
2021-04-01,21.299999237060547,22.25,21.0,22.049999237060547,21.087617874145508,206698
2021-04-07,22.0,23.549999237060547,21.700000762939453,23.25,22.235244750976562,603552
2021-04-08,23.25,23.600000381469727,22.149999618530273,22.700000762939453,21.709251403808594,217771
2021-04-09,22.549999237060547,24.5,22.549999237060547,23.5,22.474334716796875,504120
2021-04-12,23.5,23.5,22.5,22.700000762939453,21.709251403808594,454950
2021-04-13,22.950000762939453,23.200000762939453,22.600000381469727,23.200000762939453,22.187427520751953,174500
2021-04-14,23.0,23.0,22.549999237060547,22.549999237060547,21.5657958984375,316250
2021-04-15,22.549999237060547,23.049999237060547,22.450000762939453,23.049999237060547,22.043973922729492,138500
2021-04-16,23.350000381469727,24.5,23.299999237060547,24.299999237060547,23.239418029785156,558080
2021-04-19,24.399999618530273,24.450000762939453,23.799999237060547,23.799999237060547,22.761240005493164,259800
2021-04-20,23.799999237060547,23.850000381469727,22.75,23.0,21.996156692504883,166750
2021-04-21,22.549999237060547,23.100000381469727,22.299999237060547,22.700000762939453,21.709251403808594,260250
2021-04-22,22.700000762939453,22.850000381469727,22.100000381469727,22.450000762939453,21.47016143798828,117750
2021-04-23,22.100000381469727,22.600000381469727,21.299999237060547,21.299999237060547,20.37035369873047,744500
2021-04-26,21.5,22.350000381469727,21.5,22.200000762939453,21.2310733795166,277550
2021-04-27,22.0,22.950000762939453,22.0,22.600000381469727,21.613615036010742,308750
2021-04-28,22.25,22.600000381469727,22.049999237060547,22.399999618530273,21.42234230041504,51750
2021-04-29,22.100000381469727,23.25,22.100000381469727,23.200000762939453,22.187427520751953,435250
2021-04-30,22.5,22.5,21.799999237060547,22.350000381469727,21.374526977539062,114562
2021-05-03,22.350000381469727,22.5,22.0,22.5,21.517976760864258,161500
2021-05-04,22.149999618530273,23.299999237060547,22.100000381469727,23.25,22.235244750976562,490000
2021-05-05,24.200000762939453,26.950000762939453,24.200000762939453,26.700000762939453,25.534669876098633,1697000
2021-05-06,26.0,27.0,25.100000381469727,27.0,25.821575164794922,945600
2021-05-07,27.0,27.700000762939453,26.350000381469727,26.899999618530273,25.72593879699707,844440
2021-05-10,27.0,27.0,25.299999237060547,26.850000381469727,25.678123474121094,1075800
2021-05-11,26.700000762939453,26.799999237060547,25.399999618530273,25.5,24.387041091918945,503250
2021-05-12,25.5,26.649999618530273,25.5,26.649999618530273,25.48685073852539,207777
2021-05-13,25.700000762939453,26.299999237060547,24.5,24.950000762939453,23.861047744750977,437250
2021-05-14,24.850000381469727,25.600000381469727,24.799999237060547,25.25,24.1479549407959,163663
2021-05-17,25.25,26.399999618530273,25.25,26.399999618530273,25.24776268005371,304996
2021-05-18,26.0,26.299999237060547,25.899999618530273,26.049999237060547,24.91303825378418,45754
2021-05-20,25.899999618530273,27.0,25.899999618530273,26.899999618530273,25.72593879699707,550550
2021-05-21,26.899999618530273,27.0,26.149999618530273,26.899999618530273,25.72593879699707,617959
2021-05-24,26.899999618530273,27.5,26.700000762939453,27.299999237060547,26.10848045349121,1969750
2021-05-25,27.450000762939453,28.5,26.700000762939453,27.600000381469727,26.395387649536133,1764750
2021-05-26,27.75,27.75,24.25,26.399999618530273,25.24776268005371,761000
2021-05-27,26.5,26.5,25.850000381469727,26.049999237060547,24.91303825378418,376750
2021-05-28,26.0,26.350000381469727,25.350000381469727,25.799999237060547,24.673948287963867,1648161
2021-05-31,25.5,26.549999237060547,25.350000381469727,26.049999237060547,24.91303825378418,266650
2021-06-01,26.25,27.899999618530273,26.200000762939453,27.549999237060547,26.347570419311523,679000
2021-06-02,27.299999237060547,27.299999237060547,26.200000762939453,26.399999618530273,25.24776268005371,385000
2021-06-03,26.0,26.600000381469727,25.600000381469727,26.100000381469727,24.96085548400879,182522
2021-06-04,26.100000381469727,26.75,26.0,26.350000381469727,25.19994354248047,195000
2021-06-07,25.75,26.700000762939453,25.75,26.549999237060547,25.391212463378906,82250
2021-06-08,26.450000762939453,26.600000381469727,26.200000762939453,26.600000381469727,25.43903350830078,67600
2021-06-09,26.700000762939453,26.850000381469727,26.0,26.799999237060547,25.63030242919922,256250
2021-06-10,26.299999237060547,26.649999618530273,25.799999237060547,26.350000381469727,25.19994354248047,183250
2021-06-11,26.299999237060547,27.0,26.200000762939453,26.700000762939453,25.534669876098633,324250
2021-06-15,26.700000762939453,28.299999237060547,26.200000762939453,27.75,26.538841247558594,472850
2021-06-16,27.950000762939453,27.950000762939453,26.549999237060547,26.600000381469727,25.43903350830078,150750
2021-06-17,26.600000381469727,27.799999237060547,26.600000381469727,27.350000381469727,26.15629768371582,284750
2021-06-18,27.549999237060547,28.25,27.100000381469727,27.950000762939453,26.730112075805664,689824
2021-06-21,27.950000762939453,27.950000762939453,26.399999618530273,27.0,25.821575164794922,462000
2021-06-22,27.549999237060547,28.350000381469727,27.25,28.0,26.777929306030273,581350
2021-06-23,28.0,28.200000762939453,27.200000762939453,27.549999237060547,26.347570419311523,561000
2021-06-24,27.549999237060547,27.950000762939453,27.100000381469727,27.649999618530273,26.443204879760742,141000
2021-06-25,27.649999618530273,27.649999618530273,26.899999618530273,27.049999237060547,25.86939239501953,739459
2021-06-28,27.350000381469727,28.850000381469727,27.049999237060547,28.799999237060547,27.543012619018555,540775
2021-06-29,29.200000762939453,31.149999618530273,29.0,29.850000381469727,28.54718589782715,3943950
2021-06-30,29.0,30.600000381469727,28.0,28.399999618530273,27.160470962524414,2926425
2021-07-02,28.399999618530273,30.299999237060547,28.100000381469727,30.100000381469727,28.78627586364746,2443106
2021-07-05,30.200000762939453,30.200000762939453,29.25,29.299999237060547,28.021190643310547,391000
2021-07-06,29.299999237060547,29.549999237060547,28.700000762939453,29.0,27.734283447265625,457250
2021-07-07,29.100000381469727,30.149999618530273,28.899999618530273,29.700000762939453,28.403732299804688,1033741
2021-07-08,29.850000381469727,30.0,29.25,29.700000762939453,28.403732299804688,538750
2021-07-09,29.350000381469727,29.549999237060547,28.850000381469727,29.450000762939453,28.164644241333008,1062985
2021-07-12,29.700000762939453,29.850000381469727,29.100000381469727,29.5,28.212461471557617,289525
2021-07-13,29.399999618530273,30.0,29.299999237060547,30.0,28.69063949584961,528500
2021-07-14,30.0,30.100000381469727,29.049999237060547,29.700000762939453,28.403732299804688,736000
2021-07-15,29.5,30.049999237060547,29.100000381469727,30.0,28.69063949584961,1198250
2021-07-16,30.100000381469727,30.100000381469727,29.600000381469727,29.600000381469727,28.308095932006836,276328
2021-07-19,29.600000381469727,30.899999618530273,29.450000762939453,29.899999618530273,28.595003128051758,575750
2021-07-20,29.100000381469727,29.399999618530273,27.200000762939453,27.799999237060547,26.586658477783203,1046200
2021-07-21,28.299999237060547,28.899999618530273,27.850000381469727,28.75,27.495195388793945,1176000
2021-07-22,29.0,30.049999237060547,29.0,29.649999618530273,28.355915069580078,998895
2021-07-23,30.0,30.0,28.049999237060547,28.25,27.017017364501953,288182
2021-07-26,28.25,28.799999237060547,27.549999237060547,28.700000762939453,27.447378158569336,681711
2021-07-27,28.549999237060547,28.899999618530273,27.0,27.600000381469727,26.395387649536133,1112000
2021-07-28,27.200000762939453,28.149999618530273,25.850000381469727,27.0,25.821575164794922,595700
2021-07-29,27.100000381469727,27.799999237060547,26.850000381469727,27.399999618530273,26.20411491394043,129000
2021-07-30,26.950000762939453,27.5,26.149999618530273,27.0,25.821575164794922,654600
2021-08-02,26.799999237060547,28.850000381469727,26.799999237060547,27.700000762939453,26.491024017333984,388118
2021-08-03,27.450000762939453,27.549999237060547,27.0,27.5,26.299753189086914,144750
2021-08-04,27.25,28.450000762939453,27.350000381469727,28.100000381469727,26.873563766479492,276000
2021-08-05,28.100000381469727,29.700000762939453,27.799999237060547,28.799999237060547,27.543012619018555,817250
2021-08-06,28.799999237060547,29.299999237060547,28.350000381469727,28.600000381469727,27.351743698120117,417596
2021-08-09,28.600000381469727,29.200000762939453,27.600000381469727,28.850000381469727,27.590831756591797,318250
2021-08-10,28.700000762939453,29.350000381469727,28.450000762939453,29.0,27.734283447265625,85000
2021-08-11,28.850000381469727,29.100000381469727,27.299999237060547,28.0,26.777929306030273,375858
2021-08-12,28.0,28.299999237060547,27.549999237060547,27.899999618530273,26.682294845581055,217750
2021-08-13,27.700000762939453,27.799999237060547,27.25,27.549999237060547,26.347570419311523,563400
2021-08-16,27.450000762939453,29.0,27.399999618530273,28.549999237060547,27.303924560546875,335000
2021-08-17,28.549999237060547,28.549999237060547,27.200000762939453,27.25,26.0606632232666,757448
2021-08-18,27.100000381469727,27.950000762939453,27.100000381469727,27.5,26.299753189086914,269250
2021-08-19,27.0,28.0,26.899999618530273,27.850000381469727,26.634475708007812,391370
2021-08-20,27.850000381469727,27.850000381469727,25.0,26.049999237060547,24.91303825378418,685858
2021-08-23,26.399999618530273,26.799999237060547,25.299999237060547,25.799999237060547,24.673948287963867,1015395
2021-08-24,25.799999237060547,25.799999237060547,24.700000762939453,25.0,23.908864974975586,1892600
2021-08-25,25.25,27.0,25.25,27.0,25.821575164794922,394632
2021-08-26,27.100000381469727,27.100000381469727,26.0,26.450000762939453,25.29557991027832,152500
2021-08-27,26.5,26.5,25.75,26.200000762939453,25.05649185180664,215750
2021-08-30,26.100000381469727,26.700000762939453,25.899999618530273,26.700000762939453,25.534669876098633,91500
2021-08-31,26.450000762939453,27.0,26.149999618530273,26.450000762939453,25.29557991027832,264000
2021-09-01,26.149999618530273,27.350000381469727,26.200000762939453,27.25,26.0606632232666,95750
2021-09-02,27.149999618530273,27.399999618530273,26.75,27.200000762939453,26.012845993041992,119500
2021-09-03,27.0,27.850000381469727,26.5,27.700000762939453,26.491024017333984,342000
2021-09-06,27.600000381469727,28.0,27.049999237060547,27.75,26.538841247558594,151250
2021-09-07,27.299999237060547,27.649999618530273,26.850000381469727,27.299999237060547,26.10848045349121,34250
2021-09-08,27.100000381469727,28.200000762939453,27.100000381469727,27.850000381469727,26.634475708007812,320082
2021-09-09,27.549999237060547,27.549999237060547,27.25,27.549999237060547,26.347570419311523,52750
2021-09-10,27.549999237060547,28.0,27.299999237060547,28.0,26.777929306030273,156616
2021-09-13,27.450000762939453,28.0,27.25,27.75,26.538841247558594,136778
2021-09-14,27.700000762939453,28.0,27.399999618530273,27.950000762939453,26.730112075805664,582332
2021-09-15,27.950000762939453,28.0,26.799999237060547,28.0,26.777929306030273,693250
2021-09-16,28.0,28.0,25.700000762939453,26.0,24.86522102355957,447760
2021-09-17,26.0,27.0,24.700000762939453,25.450000762939453,24.33922576904297,1040750
2021-09-20,25.5,25.5,24.799999237060547,25.200000762939453,24.10013771057129,181500
2021-09-21,25.25,26.450000762939453,25.25,26.149999618530273,25.0086727142334,1557935
2021-09-23,27.0,27.0,26.399999618530273,26.600000381469727,25.43903350830078,796505
2021-09-24,26.899999618530273,27.049999237060547,26.450000762939453,26.799999237060547,25.63030242919922,308538
2021-09-27,27.0,27.049999237060547,26.399999618530273,26.399999618530273,25.24776268005371,133000
2021-09-28,26.850000381469727,26.899999618530273,25.799999237060547,25.899999618530273,24.76958465576172,564158
2021-09-29,25.950000762939453,26.100000381469727,24.799999237060547,25.149999618530273,24.052318572998047,627000
2021-09-30,25.850000381469727,26.799999237060547,25.5,26.25,25.10430908203125,555118
2021-10-04,26.100000381469727,26.100000381469727,25.299999237060547,25.649999618530273,24.530494689941406,309070
2021-10-05,25.450000762939453,26.100000381469727,25.0,25.850000381469727,25.04535675048828,515681
2021-10-06,26.100000381469727,26.799999237060547,25.549999237060547,26.049999237060547,25.2391300201416,765208
2021-10-07,25.799999237060547,26.200000762939453,25.600000381469727,25.649999618530273,24.851579666137695,69001
2021-10-08,25.899999618530273,26.100000381469727,25.5,25.5,24.706249237060547,156987
2021-10-11,25.5,25.799999237060547,25.0,25.0,24.221813201904297,97750
2021-10-12,24.75,25.799999237060547,25.200000762939453,25.399999618530273,24.60936164855957,50750
2021-10-15,25.5,27.0,25.399999618530273,25.700000762939453,24.9000244140625,1150433
2021-10-18,25.399999618530273,26.899999618530273,25.399999618530273,25.600000381469727,24.803136825561523,1295000
2021-10-19,26.149999618530273,26.549999237060547,25.350000381469727,25.75,24.948467254638672,2385935
2021-10-20,25.5,25.600000381469727,24.75,25.100000381469727,24.318700790405273,758500
2021-10-21,25.100000381469727,25.299999237060547,24.649999618530273,25.0,24.221813201904297,290586
2021-10-22,25.5,25.799999237060547,24.799999237060547,25.200000762939453,24.41558837890625,241878
2021-10-25,25.200000762939453,25.299999237060547,24.799999237060547,25.049999237060547,24.2702579498291,259750
2021-10-26,24.850000381469727,25.100000381469727,24.5,24.899999618530273,24.12492561340332,649750
2021-10-27,25.200000762939453,26.850000381469727,25.200000762939453,26.600000381469727,25.772008895874023,1175474
2021-10-28,26.850000381469727,28.399999618530273,26.850000381469727,28.0,27.12843132019043,769600
2021-10-29,28.049999237060547,28.5,27.0,27.75,26.886213302612305,610215
2021-11-01,28.149999618530273,29.5,27.350000381469727,28.299999237060547,27.419090270996094,1217054
2021-11-02,28.600000381469727,29.049999237060547,27.700000762939453,28.5,27.61286735534668,805809
2021-11-03,28.600000381469727,28.950000762939453,28.049999237060547,28.25,27.370647430419922,73750
2021-11-04,28.450000762939453,28.850000381469727,28.0,28.850000381469727,27.95197296142578,161000
2021-11-05,29.399999618530273,29.399999618530273,28.0,28.25,27.370647430419922,143679
2021-11-08,27.649999618530273,28.100000381469727,27.399999618530273,27.450000762939453,26.595550537109375,77964
2021-11-09,27.450000762939453,27.5,26.600000381469727,27.149999618530273,26.304889678955078,173243
2021-11-10,27.049999237060547,27.600000381469727,26.700000762939453,27.350000381469727,26.4986629486084,277914
2021-11-11,27.399999618530273,27.899999618530273,26.850000381469727,27.899999618530273,27.031543731689453,124500
2021-11-12,28.0,28.049999237060547,27.549999237060547,27.899999618530273,27.031543731689453,283000
2021-11-15,28.450000762939453,28.549999237060547,27.700000762939453,27.850000381469727,26.98310089111328,312734
2021-11-16,28.399999618530273,31.549999237060547,28.399999618530273,31.399999618530273,30.422595977783203,2432270
2021-11-17,31.0,31.600000381469727,30.100000381469727,30.75,29.792829513549805,448000
2021-11-18,30.850000381469727,31.0,29.799999237060547,30.450000762939453,29.502168655395508,672680
2021-11-19,30.950000762939453,32.5,30.100000381469727,31.75,30.761703491210938,755359
2021-11-22,32.04999923706055,33.0,31.200000762939453,31.299999237060547,30.325708389282227,531671
2021-11-23,31.299999237060547,31.899999618530273,30.950000762939453,31.149999618530273,30.18037986755371,199900
2021-11-24,31.200000762939453,32.20000076293945,30.950000762939453,31.200000762939453,30.228824615478516,172459
2021-11-25,30.950000762939453,31.200000762939453,30.549999237060547,31.100000381469727,30.13193702697754,120500
2021-11-26,30.100000381469727,31.25,30.100000381469727,30.600000381469727,29.647499084472656,367616
2021-11-29,30.200000762939453,30.799999237060547,29.450000762939453,30.049999237060547,29.114620208740234,500772
2021-11-30,30.850000381469727,32.0,29.950000762939453,30.799999237060547,29.84127426147461,1568223
2021-12-01,31.0,31.450000762939453,30.25,30.899999618530273,29.938161849975586,862797
2021-12-02,30.0,30.450000762939453,28.0,29.399999618530273,28.484851837158203,1178250
2021-12-03,29.5,32.45000076293945,29.100000381469727,31.5,30.51948356628418,2423250
2021-12-06,31.5,32.95000076293945,31.049999237060547,31.149999618530273,30.18037986755371,1102380
2021-12-07,31.700000762939453,32.400001525878906,31.700000762939453,31.799999237060547,30.81014633178711,869458
2021-12-08,32.0,32.54999923706055,31.399999618530273,31.799999237060547,30.81014633178711,1235290
2021-12-09,31.850000381469727,32.349998474121094,30.850000381469727,32.0,31.003921508789062,2365854
2021-12-10,32.150001525878906,32.150001525878906,30.5,30.899999618530273,29.938161849975586,680772
2021-12-13,31.200000762939453,31.299999237060547,30.5,30.75,29.792829513549805,961447
2021-12-14,30.899999618530273,31.200000762939453,30.149999618530273,31.149999618530273,30.18037986755371,256000
2021-12-15,31.350000381469727,32.5,30.799999237060547,32.25,31.246139526367188,1042819
2021-12-16,32.75,33.0,32.25,32.70000076293945,31.682132720947266,627545
2021-12-17,32.5,32.849998474121094,31.25,31.350000381469727,30.37415313720703,4000007
2021-12-20,31.350000381469727,32.20000076293945,30.149999618530273,30.450000762939453,29.502168655395508,369789
2021-12-21,30.25,31.799999237060547,30.149999618530273,31.049999237060547,30.083492279052734,388000
2021-12-22,31.049999237060547,31.600000381469727,30.75,31.149999618530273,30.18037986755371,72665
2021-12-23,30.5,31.75,30.5,31.0,30.035049438476562,167000
2021-12-24,30.899999618530273,31.5,30.700000762939453,30.799999237060547,29.84127426147461,32000
2021-12-28,30.799999237060547,31.649999618530273,30.75,31.600000381469727,30.61637306213379,291419
2021-12-29,31.450000762939453,32.650001525878906,31.200000762939453,32.599998474121094,31.585243225097656,300910
2021-12-30,32.5,32.900001525878906,31.649999618530273,32.70000076293945,31.682132720947266,287309
2021-12-31,32.599998474121094,32.70000076293945,31.549999237060547,31.549999237060547,30.56792640686035,176750
2022-01-03,31.5,32.75,31.5,32.54999923706055,31.536800384521484,317092
2022-01-04,32.79999923706055,32.79999923706055,31.450000762939453,32.099998474121094,31.100807189941406,436180
2022-01-05,32.099998474121094,32.400001525878906,31.25,32.0,31.003921508789062,382375
2022-01-06,32.5,32.5,31.5,31.899999618530273,30.907033920288086,222409
2022-01-07,31.5,32.45000076293945,31.100000381469727,32.45000076293945,31.43991470336914,478636
2022-01-10,32.29999923706055,34.349998474121094,32.29999923706055,33.54999923706055,32.505672454833984,328626
2022-01-11,33.20000076293945,33.95000076293945,32.849998474121094,33.20000076293945,32.166568756103516,273450
2022-01-12,33.20000076293945,33.75,33.20000076293945,33.599998474121094,32.554115295410156,2365354
2022-01-13,33.20000076293945,33.20000076293945,32.29999923706055,32.650001525878906,31.633689880371094,142859
2022-01-14,32.5,32.5,31.549999237060547,31.799999237060547,30.81014633178711,178077
2022-01-17,31.600000381469727,31.75,30.600000381469727,31.0,30.035049438476562,315532
2022-01-18,30.799999237060547,31.049999237060547,30.5,30.549999237060547,29.59905433654785,308000
2022-01-19,30.399999618530273,32.20000076293945,30.0,30.649999618530273,29.695941925048828,616000
2022-01-20,31.200000762939453,31.200000762939453,30.600000381469727,31.200000762939453,30.228824615478516,261610
2022-01-21,31.0,31.5,30.600000381469727,31.25,30.277265548706055,480500
2022-01-24,30.950000762939453,31.100000381469727,30.299999237060547,30.850000381469727,29.889719009399414,301994
2022-01-25,30.450000762939453,30.75,29.799999237060547,30.299999237060547,29.356836318969727,554463
2022-01-26,30.850000381469727,31.75,30.299999237060547,31.0,30.035049438476562,1189934
2022-01-27,30.5,30.799999237060547,30.100000381469727,30.450000762939453,29.502168655395508,475115
2022-01-28,30.950000762939453,31.049999237060547,30.049999237060547,30.049999237060547,29.114620208740234,377000
2022-01-31,30.399999618530273,30.399999618530273,30.399999618530273,30.399999618530273,29.453723907470703,0
2022-02-04,31.600000381469727,31.700000762939453,30.5,30.799999237060547,29.84127426147461,962805
2022-02-07,30.549999237060547,31.899999618530273,30.549999237060547,30.850000381469727,29.889719009399414,1048863
2022-02-08,31.450000762939453,31.450000762939453,30.200000762939453,30.450000762939453,29.502168655395508,237300
2022-02-09,30.799999237060547,30.950000762939453,30.649999618530273,30.899999618530273,29.938161849975586,118000
2022-02-10,31.0,31.0,30.200000762939453,30.549999237060547,29.59905433654785,334798
2022-02-11,30.399999618530273,30.450000762939453,30.100000381469727,30.299999237060547,29.356836318969727,397841
2022-02-14,30.049999237060547,30.200000762939453,29.25,29.799999237060547,28.872400283813477,467300
2022-02-15,29.799999237060547,29.799999237060547,28.200000762939453,28.450000762939453,27.564424514770508,668800
2022-02-16,29.049999237060547,29.100000381469727,28.450000762939453,28.549999237060547,27.66131019592285,538572
2022-02-17,28.899999618530273,28.899999618530273,27.899999618530273,28.399999618530273,27.515979766845703,2095800
2022-02-18,28.399999618530273,29.0,28.200000762939453,28.450000762939453,27.564424514770508,368593
2022-02-21,28.049999237060547,28.549999237060547,27.25,28.5,27.61286735534668,170877
2022-02-22,27.899999618530273,28.450000762939453,27.549999237060547,27.799999237060547,26.934656143188477,183847
2022-02-23,27.700000762939453,28.399999618530273,27.549999237060547,27.899999618530273,27.031543731689453,436250
2022-02-24,27.700000762939453,27.799999237060547,26.299999237060547,26.399999618530273,25.57823371887207,775353
2022-02-25,26.950000762939453,26.950000762939453,26.100000381469727,26.5,25.675121307373047,350106
2022-02-28,26.350000381469727,27.0,26.149999618530273,27.0,26.15955924987793,254700
2022-03-01,26.75,27.0,26.299999237060547,26.350000381469727,25.5297908782959,204750
2022-03-02,26.0,26.399999618530273,25.299999237060547,25.299999237060547,24.512474060058594,781250
2022-03-03,25.350000381469727,26.100000381469727,25.350000381469727,25.5,24.706249237060547,486585
2022-03-04,25.5,25.5,24.149999618530273,24.600000381469727,23.834264755249023,200328
2022-03-07,24.149999618530273,24.149999618530273,21.5,22.100000381469727,21.41208267211914,1160750
2022-03-08,22.100000381469727,22.75,20.799999237060547,22.149999618530273,21.460525512695312,1049408
2022-03-09,22.950000762939453,24.25,22.299999237060547,23.799999237060547,23.059165954589844,828749
2022-03-10,24.899999618530273,25.350000381469727,23.850000381469727,24.649999618530273,23.882707595825195,978324
2022-03-11,24.5,24.5,22.850000381469727,23.25,22.52628517150879,918000
2022-03-14,22.899999618530273,23.649999618530273,22.149999618530273,22.25,21.55741310119629,213800
2022-03-15,22.200000762939453,22.200000762939453,20.5,21.100000381469727,20.44321060180664,495500
2022-03-16,22.149999618530273,22.899999618530273,21.200000762939453,22.299999237060547,21.60585594177246,422976
2022-03-17,23.149999618530273,23.700000762939453,22.75,23.549999237060547,22.81694793701172,299306
2022-03-18,23.649999618530273,23.75,22.600000381469727,23.700000762939453,22.9622802734375,739750
2022-03-21,24.0,24.700000762939453,23.200000762939453,23.75,23.010723114013672,336303
2022-03-22,23.649999618530273,24.25,23.200000762939453,24.100000381469727,23.34982681274414,209000
2022-03-23,23.950000762939453,25.5,23.799999237060547,25.149999618530273,24.367143630981445,905833
2022-03-24,24.649999618530273,25.600000381469727,24.5,25.149999618530273,24.367143630981445,628075
2022-03-25,25.25,25.950000762939453,24.700000762939453,24.799999237060547,24.028038024902344,536250
2022-03-28,24.649999618530273,24.700000762939453,23.850000381469727,24.200000762939453,23.446714401245117,392544
2022-03-29,23.799999237060547,25.299999237060547,23.799999237060547,25.100000381469727,24.318700790405273,855874
2022-03-30,25.049999237060547,26.5,24.799999237060547,26.299999237060547,25.481346130371094,1259250
2022-03-31,25.100000381469727,26.399999618530273,25.100000381469727,25.450000762939453,24.657806396484375,721895
2022-04-01,25.25,26.200000762939453,25.049999237060547,26.100000381469727,25.287574768066406,374191
2022-04-04,26.450000762939453,26.700000762939453,25.399999618530273,25.5,24.706249237060547,216565
2022-04-06,25.549999237060547,25.75,25.100000381469727,25.5,24.706249237060547,323256
2022-04-07,25.149999618530273,25.700000762939453,25.049999237060547,25.100000381469727,24.318700790405273,342788
2022-04-08,25.25,25.5,24.700000762939453,25.399999618530273,24.60936164855957,213248
2022-04-11,25.049999237060547,25.25,24.5,24.75,23.979595184326172,313250
2022-04-12,24.549999237060547,25.700000762939453,24.350000381469727,24.75,23.979595184326172,649073
2022-04-13,24.350000381469727,25.450000762939453,24.350000381469727,25.299999237060547,24.512474060058594,385250
2022-04-14,25.100000381469727,25.5,25.0,25.25,24.464031219482422,725629
2022-04-19,25.149999618530273,25.799999237060547,25.049999237060547,25.549999237060547,24.75469207763672,662500
2022-04-20,25.799999237060547,26.299999237060547,25.450000762939453,25.799999237060547,24.996910095214844,930642
2022-04-21,25.600000381469727,25.600000381469727,25.049999237060547,25.450000762939453,24.657806396484375,223017
2022-04-22,24.799999237060547,25.5,24.5,25.5,24.706249237060547,499250
2022-04-25,24.850000381469727,25.0,23.799999237060547,23.799999237060547,23.059165954589844,135462
2022-04-26,24.0,24.899999618530273,23.549999237060547,24.700000762939453,23.93115234375,354020
2022-04-27,24.049999237060547,25.100000381469727,24.049999237060547,24.799999237060547,24.028038024902344,243000
2022-04-28,24.5,25.100000381469727,24.5,25.049999237060547,24.2702579498291,421500
2022-04-29,25.200000762939453,25.200000762939453,24.25,25.049999237060547,24.2702579498291,293849
2022-05-03,24.899999618530273,25.0,24.399999618530273,24.75,23.979595184326172,131000
2022-05-04,24.700000762939453,24.799999237060547,24.049999237060547,24.700000762939453,23.93115234375,679971
2022-05-05,24.700000762939453,24.899999618530273,24.450000762939453,24.600000381469727,23.834264755249023,229000
2022-05-06,24.049999237060547,24.299999237060547,23.549999237060547,23.549999237060547,22.81694793701172,427750
2022-05-10,23.049999237060547,23.25,22.25,22.5,21.799631118774414,790138
2022-05-11,22.5,23.200000762939453,21.899999618530273,22.850000381469727,22.13873863220215,986200
2022-05-12,23.0,23.25,22.25,22.25,21.55741310119629,83612
2022-05-13,22.0,22.850000381469727,22.0,22.649999618530273,21.944963455200195,147843
2022-05-16,22.649999618530273,23.450000762939453,22.649999618530273,23.200000762939453,22.477842330932617,103669
2022-05-17,22.850000381469727,23.299999237060547,22.5,23.049999237060547,22.33251190185547,120250
2022-05-18,23.049999237060547,24.299999237060547,23.049999237060547,23.799999237060547,23.059165954589844,422919
2022-05-19,23.450000762939453,24.200000762939453,22.850000381469727,23.0,22.284069061279297,391500
2022-05-20,23.25,24.049999237060547,22.899999618530273,23.75,23.010723114013672,875525
2022-05-23,23.049999237060547,23.549999237060547,22.799999237060547,23.25,22.52628517150879,81322
2022-05-24,23.200000762939453,23.200000762939453,22.5,22.649999618530273,21.944963455200195,354017
2022-05-25,22.899999618530273,22.899999618530273,22.299999237060547,22.5,21.799631118774414,420250
2022-05-26,22.5,22.799999237060547,22.25,22.700000762939453,21.993408203125,294850
2022-05-27,22.5,23.549999237060547,22.5,23.299999237060547,22.57472801208496,293875
2022-05-30,23.799999237060547,24.5,23.549999237060547,24.399999618530273,23.64048957824707,201618
2022-05-31,24.25,24.899999618530273,24.100000381469727,24.700000762939453,23.93115234375,446000
2022-06-01,24.399999618530273,24.700000762939453,24.049999237060547,24.5,23.737377166748047,444000
2022-06-02,23.75,23.899999618530273,23.5,23.850000381469727,23.10761070251465,975508
2022-06-06,23.549999237060547,23.850000381469727,23.299999237060547,23.649999618530273,22.913835525512695,166000
2022-06-07,23.649999618530273,24.049999237060547,23.200000762939453,23.75,23.010723114013672,98750
2022-06-08,23.5,24.549999237060547,23.25,24.5,23.737377166748047,167000
2022-06-09,24.399999618530273,24.399999618530273,23.799999237060547,23.899999618530273,23.15605354309082,112900
2022-06-10,23.450000762939453,23.899999618530273,23.299999237060547,23.350000381469727,22.623172760009766,82547
2022-06-13,23.350000381469727,23.899999618530273,22.899999618530273,23.200000762939453,22.477842330932617,250634
2022-06-14,23.200000762939453,23.350000381469727,22.649999618530273,23.100000381469727,22.38095474243164,147250
2022-06-15,23.0,23.100000381469727,22.799999237060547,22.850000381469727,22.13873863220215,116000
2022-06-16,23.0,23.5,22.850000381469727,23.100000381469727,22.38095474243164,220758
2022-06-17,23.200000762939453,23.5,22.549999237060547,23.350000381469727,22.623172760009766,408558
2022-06-20,23.049999237060547,23.049999237060547,22.25,22.75,22.041851043701172,1175750
2022-06-21,22.25,23.149999618530273,21.100000381469727,22.850000381469727,22.13873863220215,1435250
2022-06-22,22.950000762939453,23.299999237060547,22.549999237060547,22.700000762939453,21.993408203125,118271
2022-06-23,22.850000381469727,23.0,22.049999237060547,22.75,22.041851043701172,250644
2022-06-24,23.049999237060547,24.5,22.450000762939453,24.100000381469727,23.34982681274414,634594
2022-06-27,24.600000381469727,26.0,23.75,24.0,23.252941131591797,598102
2022-06-28,25.850000381469727,27.75,25.200000762939453,26.549999237060547,25.72356414794922,2241184
2022-06-29,26.5,26.5,25.75,25.850000381469727,25.04535675048828,817900
2022-06-30,25.549999237060547,25.700000762939453,24.100000381469727,24.5,23.737377166748047,1085275
2022-07-04,24.600000381469727,25.299999237060547,23.799999237060547,25.100000381469727,24.318700790405273,352646
2022-07-05,24.600000381469727,25.700000762939453,24.5,25.25,24.464031219482422,288000
2022-07-06,25.0,25.700000762939453,25.0,25.549999237060547,24.75469207763672,141251
2022-07-07,25.299999237060547,26.399999618530273,25.299999237060547,26.200000762939453,25.38446044921875,375000
2022-07-08,25.700000762939453,26.450000762939453,25.700000762939453,25.799999237060547,24.996910095214844,313270
2022-07-11,25.850000381469727,26.200000762939453,25.450000762939453,25.799999237060547,24.996910095214844,258550
2022-07-12,25.350000381469727,26.100000381469727,25.149999618530273,25.799999237060547,24.996910095214844,390798
2022-07-13,25.950000762939453,26.100000381469727,25.549999237060547,25.899999618530273,25.093799591064453,509000
2022-07-14,25.950000762939453,26.700000762939453,25.850000381469727,26.700000762939453,25.868898391723633,1203750
2022-07-15,26.5,26.399999618530273,25.75,26.100000381469727,25.287574768066406,142491
2022-07-18,26.25,26.25,25.5,26.0,25.19068717956543,181853
2022-07-19,25.799999237060547,26.399999618530273,25.799999237060547,26.149999618530273,25.336015701293945,102988
2022-07-20,26.200000762939453,26.399999618530273,25.100000381469727,25.350000381469727,24.5609188079834,911443
2022-07-21,26.200000762939453,26.399999618530273,25.5,25.799999237060547,24.996910095214844,873250
2022-07-22,25.700000762939453,26.450000762939453,25.700000762939453,26.200000762939453,25.38446044921875,188185
2022-07-25,25.850000381469727,26.399999618530273,25.649999618530273,26.200000762939453,25.38446044921875,290221
2022-07-26,26.100000381469727,26.5,25.850000381469727,26.0,25.19068717956543,188665
2022-07-27,25.899999618530273,26.049999237060547,25.649999618530273,26.049999237060547,25.2391300201416,417000
2022-07-28,26.100000381469727,26.899999618530273,26.0,26.700000762939453,25.868898391723633,1145455
2022-07-29,26.600000381469727,27.5,26.600000381469727,26.649999618530273,25.820451736450195,495479
2022-08-01,26.399999618530273,26.850000381469727,26.100000381469727,26.399999618530273,25.57823371887207,73750
2022-08-02,26.200000762939453,27.100000381469727,26.0,26.799999237060547,25.965784072875977,380500
2022-08-03,26.049999237060547,26.700000762939453,25.200000762939453,25.5,24.706249237060547,462250
2022-08-04,26.049999237060547,26.200000762939453,25.399999618530273,26.049999237060547,25.2391300201416,466025
2022-08-05,26.350000381469727,26.649999618530273,25.850000381469727,26.549999237060547,25.72356414794922,450198
2022-08-08,26.649999618530273,26.799999237060547,25.950000762939453,26.649999618530273,25.820451736450195,150741
2022-08-09,26.700000762939453,27.799999237060547,26.399999618530273,26.5,25.675121307373047,853250
2022-08-10,26.5,26.950000762939453,25.649999618530273,25.899999618530273,25.093799591064453,245180
2022-08-11,26.5,27.049999237060547,26.049999237060547,26.299999237060547,25.481346130371094,202930
2022-08-12,26.200000762939453,26.350000381469727,26.149999618530273,26.299999237060547,25.481346130371094,33800
2022-08-15,26.350000381469727,26.600000381469727,26.0,26.299999237060547,25.481346130371094,37250
2022-08-16,25.799999237060547,26.200000762939453,25.649999618530273,26.0,25.19068717956543,45950
2022-08-17,25.850000381469727,26.5,25.700000762939453,26.350000381469727,25.5297908782959,89000
2022-08-18,26.0,26.5,26.0,26.200000762939453,25.38446044921875,844750
2022-08-19,26.0,26.5,26.0,26.200000762939453,25.38446044921875,337718
2022-08-22,26.5,26.5,25.700000762939453,26.0,25.19068717956543,110670
2022-08-23,25.899999618530273,25.950000762939453,25.649999618530273,25.649999618530273,24.851579666137695,81500
2022-08-24,25.549999237060547,25.700000762939453,24.600000381469727,24.700000762939453,23.93115234375,148000
2022-08-25,24.799999237060547,25.100000381469727,24.700000762939453,24.899999618530273,24.12492561340332,25890
2022-08-26,24.899999618530273,25.0,24.700000762939453,24.850000381469727,24.07648277282715,101390
2022-08-29,24.850000381469727,24.850000381469727,23.850000381469727,24.049999237060547,23.30138397216797,416524
2022-08-30,24.450000762939453,24.450000762939453,24.049999237060547,24.399999618530273,23.64048957824707,264250
2022-08-31,24.25,25.100000381469727,24.049999237060547,24.75,23.979595184326172,1046110
2022-09-01,24.5,24.799999237060547,24.0,24.200000762939453,23.446714401245117,83941
2022-09-02,24.100000381469727,26.0,23.950000762939453,25.399999618530273,24.60936164855957,388796
2022-09-05,25.149999618530273,25.399999618530273,24.75,25.200000762939453,24.41558837890625,249950
2022-09-06,25.100000381469727,25.100000381469727,24.700000762939453,24.700000762939453,23.93115234375,38250
2022-09-07,24.5,25.149999618530273,24.25,24.700000762939453,23.93115234375,304250
2022-09-08,24.549999237060547,25.200000762939453,24.549999237060547,24.899999618530273,24.12492561340332,287750
2022-09-09,24.799999237060547,25.049999237060547,24.799999237060547,24.899999618530273,24.12492561340332,1239189
2022-09-13,24.899999618530273,24.899999618530273,22.950000762939453,24.5,23.737377166748047,488716
2022-09-14,23.549999237060547,24.0,22.549999237060547,23.5,22.768505096435547,807500
2022-09-15,23.399999618530273,24.25,23.399999618530273,23.950000762939453,23.204498291015625,201030
2022-09-16,23.850000381469727,24.200000762939453,23.450000762939453,24.100000381469727,23.34982681274414,589122
2022-09-19,24.0,24.450000762939453,23.450000762939453,24.25,23.495159149169922,362660
2022-09-20,24.200000762939453,25.100000381469727,23.950000762939453,25.0,24.221813201904297,637220
2022-09-21,24.850000381469727,25.100000381469727,23.899999618530273,24.25,23.495159149169922,580582
2022-09-22,24.100000381469727,24.100000381469727,23.649999618530273,23.950000762939453,23.204498291015625,501117
2022-09-23,23.600000381469727,23.899999618530273,22.899999618530273,23.450000762939453,22.720062255859375,482756
2022-09-26,22.899999618530273,24.200000762939453,22.899999618530273,24.0,23.252941131591797,418830
2022-09-27,24.049999237060547,25.049999237060547,24.0,24.649999618530273,23.882707595825195,756134
2022-09-28,24.600000381469727,24.950000762939453,24.299999237060547,24.700000762939453,23.93115234375,401093
2022-09-29,24.5,24.5,23.149999618530273,23.799999237060547,23.059165954589844,572362
2022-09-30,23.799999237060547,24.200000762939453,23.299999237060547,23.850000381469727,23.10761070251465,726511
2022-10-03,23.149999618530273,23.950000762939453,23.0,23.75,23.490982055664062,386949
2022-10-05,23.799999237060547,24.649999618530273,23.450000762939453,24.549999237060547,24.282257080078125,795594
2022-10-06,24.700000762939453,24.700000762939453,23.5,23.75,23.490982055664062,335009
2022-10-07,24.0,24.0,23.049999237060547,23.25,22.996435165405273,540194
2022-10-10,23.299999237060547,23.649999618530273,21.850000381469727,22.100000381469727,21.858978271484375,552855
2022-10-11,22.700000762939453,22.700000762939453,20.899999618530273,21.100000381469727,20.869884490966797,512752
2022-10-12,21.200000762939453,21.700000762939453,20.450000762939453,21.149999618530273,20.91933822631836,364914
2022-10-13,21.649999618530273,21.649999618530273,20.799999237060547,21.450000762939453,21.216068267822266,170726
2022-10-14,21.549999237060547,21.75,20.549999237060547,20.799999237060547,20.57315444946289,353752
2022-10-17,20.049999237060547,20.5,19.5,20.0,19.781879425048828,398411
2022-10-18,20.5,21.450000762939453,20.5,21.350000381469727,21.117156982421875,184126
2022-10-19,20.799999237060547,21.299999237060547,20.350000381469727,21.0,20.77097511291504,339000
2022-10-20,20.700000762939453,21.149999618530273,20.200000762939453,20.649999618530273,20.42479133605957,603358
2022-10-21,21.0,21.850000381469727,20.649999618530273,21.200000762939453,20.968793869018555,324074
2022-10-24,21.0,21.0,19.780000686645508,20.200000762939453,19.979700088500977,539821
2022-10-25,20.200000762939453,20.700000762939453,19.6200008392334,20.049999237060547,19.831335067749023,407046
2022-10-26,20.0,21.350000381469727,20.0,21.25,21.018247604370117,677500
2022-10-27,21.25,21.600000381469727,20.149999618530273,20.149999618530273,19.93024444580078,302004
2022-10-28,20.200000762939453,20.299999237060547,19.239999771118164,19.360000610351562,19.148860931396484,676286
2022-10-31,19.31999969482422,19.579999923706055,18.81999969482422,19.299999237060547,19.089513778686523,359964
2022-11-01,19.579999923706055,19.799999237060547,19.020000457763672,19.739999771118164,19.524715423583984,326000
2022-11-02,19.520000457763672,21.149999618530273,19.520000457763672,20.700000762939453,20.474246978759766,496386
2022-11-03,20.149999618530273,20.950000762939453,19.979999542236328,20.299999237060547,20.0786075592041,226698
2022-11-04,20.200000762939453,21.0,20.200000762939453,20.600000381469727,20.375337600708008,175757
2022-11-07,20.5,21.450000762939453,20.5,21.25,21.018247604370117,188943
2022-11-08,21.200000762939453,21.5,20.649999618530273,21.0,20.77097511291504,186868
2022-11-09,21.049999237060547,21.549999237060547,20.600000381469727,20.850000381469727,20.622610092163086,128675
2022-11-10,20.450000762939453,20.450000762939453,19.739999771118164,19.799999237060547,19.584060668945312,850500
2022-11-11,20.600000381469727,20.950000762939453,20.350000381469727,20.799999237060547,20.57315444946289,2683013
2022-11-14,21.100000381469727,22.100000381469727,21.100000381469727,21.649999618530273,21.41388511657715,792821
2022-11-15,21.5,22.25,21.200000762939453,22.100000381469727,21.858978271484375,1420250
2022-11-16,21.899999618530273,22.350000381469727,21.850000381469727,22.0,21.760068893432617,737839
2022-11-17,22.0,22.200000762939453,21.399999618530273,22.100000381469727,21.858978271484375,972750
2022-11-18,22.100000381469727,22.200000762939453,21.700000762939453,21.950000762939453,21.710615158081055,350447
2022-11-21,21.600000381469727,21.899999618530273,21.200000762939453,21.850000381469727,21.611703872680664,283605
2022-11-22,21.600000381469727,21.850000381469727,20.700000762939453,20.950000762939453,20.721521377563477,465500
2022-11-23,21.5,21.5,20.75,20.850000381469727,20.622610092163086,237330
2022-11-24,21.299999237060547,21.899999618530273,21.0,21.649999618530273,21.41388511657715,306468
2022-11-25,21.399999618530273,21.799999237060547,21.399999618530273,21.799999237060547,21.56224822998047,980750
2022-11-28,21.799999237060547,21.799999237060547,20.600000381469727,21.700000762939453,21.463340759277344,328695
2022-11-29,21.5,21.5,20.149999618530273,20.899999618530273,20.67206382751465,940324
2022-11-30,21.0,21.950000762939453,20.700000762939453,21.75,21.512794494628906,473162
2022-12-01,22.0,22.899999618530273,21.600000381469727,21.700000762939453,21.463340759277344,538500
2022-12-02,22.100000381469727,22.700000762939453,21.850000381469727,22.549999237060547,22.30406951904297,305750
2022-12-05,22.549999237060547,23.399999618530273,22.450000762939453,23.149999618530273,22.897525787353516,571308
2022-12-06,23.100000381469727,24.799999237060547,23.100000381469727,24.399999618530273,24.133893966674805,983908
2022-12-07,24.200000762939453,24.700000762939453,23.850000381469727,24.200000762939453,23.93607521057129,1222953
2022-12-08,23.950000762939453,24.5,23.25,24.299999237060547,24.034984588623047,730820
2022-12-09,24.399999618530273,25.399999618530273,24.299999237060547,24.450000762939453,24.183349609375,436500
2022-12-12,24.299999237060547,24.649999618530273,23.850000381469727,23.899999618530273,23.639347076416016,299135
2022-12-13,23.899999618530273,24.350000381469727,23.649999618530273,24.350000381469727,24.084440231323242,252200
2022-12-14,24.350000381469727,24.399999618530273,23.950000762939453,24.149999618530273,23.886619567871094,110590
2022-12-15,24.0,24.100000381469727,23.299999237060547,23.350000381469727,23.095346450805664,156643
2022-12-16,23.299999237060547,24.0,22.799999237060547,24.0,23.738256454467773,538428
2022-12-19,23.950000762939453,24.0,23.299999237060547,23.399999618530273,23.144800186157227,126364
2022-12-20,23.049999237060547,25.0,23.049999237060547,24.0,23.738256454467773,1158000
2022-12-21,24.0,24.049999237060547,23.299999237060547,23.600000381469727,23.342618942260742,189890
2022-12-22,23.649999618530273,24.100000381469727,23.399999618530273,23.700000762939453,23.4415283203125,301000
2022-12-23,23.5,23.700000762939453,23.149999618530273,23.700000762939453,23.4415283203125,240265
2022-12-28,23.799999237060547,24.350000381469727,23.799999237060547,24.100000381469727,23.83716583251953,143183
2022-12-29,24.100000381469727,24.100000381469727,23.649999618530273,24.100000381469727,23.83716583251953,103750
2022-12-30,24.100000381469727,24.600000381469727,23.950000762939453,24.350000381469727,24.084440231323242,212250
2023-01-03,23.850000381469727,24.799999237060547,23.700000762939453,24.600000381469727,24.33171272277832,181390
2023-01-04,24.600000381469727,25.700000762939453,24.600000381469727,25.600000381469727,25.3208065032959,560366
2023-01-05,25.5,25.799999237060547,24.549999237060547,25.200000762939453,24.9251708984375,885929
2023-01-06,25.200000762939453,25.200000762939453,23.799999237060547,24.149999618530273,23.886619567871094,484500
2023-01-09,24.0,24.600000381469727,23.799999237060547,24.299999237060547,24.034984588623047,578283
2023-01-10,24.299999237060547,24.549999237060547,23.850000381469727,24.25,23.985530853271484,575250
2023-01-11,24.25,24.350000381469727,23.350000381469727,23.5,23.243709564208984,648250
2023-01-12,24.0,24.100000381469727,23.299999237060547,23.600000381469727,23.342618942260742,445544
2023-01-13,24.0,24.0,22.899999618530273,23.200000762939453,22.94698143005371,529522
2023-01-16,23.200000762939453,23.399999618530273,22.899999618530273,23.049999237060547,22.798616409301758,330584
2023-01-17,23.049999237060547,23.049999237060547,22.25,22.350000381469727,22.106250762939453,693500
2023-01-18,22.149999618530273,23.100000381469727,22.149999618530273,22.899999618530273,22.650253295898438,416582
2023-01-19,22.899999618530273,22.899999618530273,22.149999618530273,22.399999618530273,22.15570640563965,1051209
2023-01-20,22.600000381469727,22.649999618530273,22.25,22.299999237060547,22.056795120239258,681453
2023-01-26,22.299999237060547,22.5,21.799999237060547,21.950000762939453,21.710615158081055,1213548
2023-01-27,22.0,22.399999618530273,21.549999237060547,21.950000762939453,21.710615158081055,1916177
2023-01-30,22.399999618530273,22.399999618530273,21.200000762939453,21.450000762939453,21.216068267822266,733931
2023-01-31,21.700000762939453,22.049999237060547,21.549999237060547,21.75,21.512794494628906,567500
2023-02-01,21.450000762939453,21.450000762939453,19.81999969482422,20.200000762939453,19.979700088500977,3182955
2023-02-02,20.149999618530273,20.450000762939453,19.899999618530273,19.920000076293945,19.7027530670166,2070496
2023-02-03,19.920000076293945,20.200000762939453,19.520000457763672,19.780000686645508,19.564279556274414,2783474
2023-02-06,19.780000686645508,19.799999237060547,18.760000228881836,18.959999084472656,18.75322151184082,3988243
2023-02-07,19.079999923706055,19.18000030517578,18.700000762939453,19.18000030517578,18.970823287963867,6107543
2023-02-08,19.219999313354492,19.459999084472656,18.739999771118164,18.780000686645508,18.575185775756836,1409190
2023-02-09,18.959999084472656,18.979999542236328,18.31999969482422,18.81999969482422,18.614749908447266,2160870
2023-02-10,19.200000762939453,19.399999618530273,18.760000228881836,18.940000534057617,18.733440399169922,3408750
2023-02-13,18.799999237060547,18.959999084472656,18.440000534057617,18.559999465942383,18.35758399963379,1299255
2023-02-14,18.799999237060547,19.540000915527344,18.739999771118164,19.399999618530273,19.18842315673828,2292000
2023-02-15,19.399999618530273,20.100000381469727,19.399999618530273,20.049999237060547,19.831335067749023,1763986
2023-02-16,20.25,20.75,19.84000015258789,19.979999542236328,19.76209831237793,3822212
2023-02-17,19.860000610351562,20.100000381469727,19.780000686645508,19.84000015258789,19.623624801635742,1033484
2023-02-20,19.84000015258789,19.940000534057617,19.399999618530273,19.6200008392334,19.406024932861328,549976
2023-02-21,19.760000228881836,20.0,19.600000381469727,19.799999237060547,19.584060668945312,1260124
2023-02-22,19.65999984741211,19.860000610351562,19.600000381469727,19.639999389648438,19.425806045532227,1283750
2023-02-23,19.639999389648438,19.719999313354492,19.059999465942383,19.34000015258789,19.129077911376953,2368536
2023-02-24,19.18000030517578,19.18000030517578,18.739999771118164,18.959999084472656,18.75322151184082,481500
2023-02-27,18.81999969482422,18.959999084472656,18.6200008392334,18.799999237060547,18.594966888427734,387650
2023-02-28,18.799999237060547,18.959999084472656,18.65999984741211,18.719999313354492,18.515838623046875,1878250
2023-03-01,18.739999771118164,19.0,18.520000457763672,18.920000076293945,18.713659286499023,1283109
2023-03-02,18.959999084472656,19.15999984741211,18.860000610351562,18.959999084472656,18.75322151184082,384525
2023-03-03,19.200000762939453,19.200000762939453,18.639999389648438,18.799999237060547,18.594966888427734,809775
2023-03-06,18.860000610351562,19.440000534057617,18.860000610351562,19.200000762939453,18.9906063079834,973990
2023-03-07,19.200000762939453,19.440000534057617,18.739999771118164,18.860000610351562,18.654314041137695,941388
2023-03-08,18.860000610351562,18.860000610351562,18.6200008392334,18.719999313354492,18.515838623046875,352750
2023-03-09,18.739999771118164,18.979999542236328,18.559999465942383,18.559999465942383,18.35758399963379,792100
2023-03-10,18.559999465942383,18.559999465942383,17.280000686645508,17.81999969482422,17.625654220581055,1000500
2023-03-13,17.760000228881836,18.360000610351562,17.639999389648438,18.15999984741211,17.961946487426758,1030996
2023-03-14,17.979999542236328,18.799999237060547,17.920000076293945,18.260000228881836,18.06085777282715,1107250
2023-03-15,18.260000228881836,18.959999084472656,18.260000228881836,18.799999237060547,18.594966888427734,765828
2023-03-16,18.799999237060547,19.100000381469727,18.579999923706055,19.0,18.79278564453125,1232121
2023-03-17,19.260000228881836,19.860000610351562,19.260000228881836,19.84000015258789,19.623624801635742,1779508
2023-03-20,19.65999984741211,19.700000762939453,18.700000762939453,18.780000686645508,18.575185775756836,987842
2023-03-21,18.780000686645508,19.280000686645508,18.780000686645508,18.959999084472656,18.75322151184082,614026
2023-03-22,18.959999084472656,19.18000030517578,18.639999389648438,18.719999313354492,18.515838623046875,1177482
2023-03-23,18.8799991607666,19.100000381469727,18.520000457763672,19.020000457763672,18.81256866455078,1294000
2023-03-24,19.0,19.479999542236328,18.799999237060547,19.18000030517578,18.970823287963867,1497319
2023-03-27,19.360000610351562,19.360000610351562,18.8799991607666,19.0,18.79278564453125,899353
2023-03-28,19.1200008392334,19.1200008392334,18.540000915527344,18.579999923706055,18.37736701965332,936050
2023-03-29,18.579999923706055,18.81999969482422,18.540000915527344,18.81999969482422,18.614749908447266,860393
2023-03-30,18.979999542236328,19.760000228881836,18.979999542236328,19.600000381469727,19.38624382019043,981000
2023-03-31,19.31999969482422,20.25,19.18000030517578,19.600000381469727,19.38624382019043,1097997
2023-04-03,19.399999618530273,19.540000915527344,18.68000030517578,18.760000228881836,18.555404663085938,966350
2023-04-04,19.020000457763672,19.040000915527344,18.700000762939453,19.0,18.79278564453125,669736
2023-04-06,18.760000228881836,19.700000762939453,18.760000228881836,19.540000915527344,19.3268985748291,952899
2023-04-11,19.600000381469727,20.200000762939453,19.600000381469727,20.149999618530273,19.93024444580078,1151209
2023-04-12,20.100000381469727,20.200000762939453,19.219999313354492,19.440000534057617,19.227989196777344,820869
2023-04-13,19.420000076293945,19.559999465942383,18.600000381469727,19.540000915527344,19.3268985748291,783257
2023-04-14,19.540000915527344,19.700000762939453,19.239999771118164,19.579999923706055,19.3664608001709,358716
2023-04-17,19.5,20.0,19.479999542236328,19.899999618530273,19.68297004699707,478250
2023-04-18,19.780000686645508,19.940000534057617,19.639999389648438,19.760000228881836,19.544498443603516,302865
2023-04-19,19.719999313354492,19.979999542236328,19.440000534057617,19.540000915527344,19.3268985748291,301000
2023-04-20,19.600000381469727,19.639999389648438,19.1200008392334,19.399999618530273,19.18842315673828,477000
2023-04-21,19.5,20.049999237060547,19.399999618530273,19.84000015258789,19.623624801635742,1301000
2023-04-24,19.84000015258789,20.100000381469727,19.600000381469727,19.8799991607666,19.663188934326172,627001
2023-04-25,19.959999084472656,19.959999084472656,19.459999084472656,19.5,19.28733253479004,490250
2023-04-26,19.5,20.100000381469727,19.5,19.799999237060547,19.584060668945312,1044774
2023-04-27,20.049999237060547,20.049999237060547,19.65999984741211,20.049999237060547,19.831335067749023,679694
2023-04-28,20.100000381469727,20.149999618530273,19.799999237060547,19.899999618530273,19.68297004699707,421369
2023-05-02,19.899999618530273,20.100000381469727,19.34000015258789,19.639999389648438,19.425806045532227,1340163
2023-05-03,19.639999389648438,20.0,19.559999465942383,19.899999618530273,19.68297004699707,1297540
2023-05-04,19.899999618530273,20.549999237060547,19.299999237060547,19.579999923706055,19.3664608001709,1812751
2023-05-05,19.920000076293945,22.600000381469727,19.920000076293945,22.399999618530273,22.15570640563965,6638000
2023-05-08,22.450000762939453,22.950000762939453,21.600000381469727,22.700000762939453,22.452434539794922,2041281
2023-05-09,22.25,22.25,20.75,21.799999237060547,21.56224822998047,3290851
2023-05-10,21.799999237060547,22.049999237060547,21.350000381469727,21.850000381469727,21.611703872680664,1976521
2023-05-11,22.25,22.25,21.549999237060547,21.799999237060547,21.56224822998047,732250
2023-05-12,21.950000762939453,22.450000762939453,21.950000762939453,22.25,22.007341384887695,1263843
2023-05-15,22.25,23.799999237060547,22.0,23.549999237060547,23.293163299560547,2951575
2023-05-16,23.5,23.799999237060547,23.0,23.200000762939453,22.94698143005371,1872225
2023-05-17,23.450000762939453,23.450000762939453,22.799999237060547,23.200000762939453,22.94698143005371,1319639
2023-05-18,23.350000381469727,23.700000762939453,23.0,23.600000381469727,23.342618942260742,2125372
2023-05-19,23.649999618530273,23.649999618530273,22.799999237060547,22.899999618530273,22.650253295898438,291017
2023-05-22,23.149999618530273,23.600000381469727,22.850000381469727,23.5,23.243709564208984,832608
2023-05-23,23.350000381469727,23.399999618530273,22.5,22.950000762939453,22.699708938598633,1348118
2023-05-24,23.0,23.0,22.0,22.549999237060547,22.30406951904297,793250
2023-05-25,21.850000381469727,22.25,21.299999237060547,21.450000762939453,21.216068267822266,1365829
2023-05-29,21.799999237060547,21.899999618530273,21.100000381469727,21.200000762939453,20.968793869018555,944000
2023-05-30,21.350000381469727,21.600000381469727,21.100000381469727,21.5,21.265522003173828,707715
2023-05-31,21.299999237060547,21.799999237060547,20.700000762939453,21.0,20.77097511291504,691232
2023-06-01,21.0,21.5,21.0,21.450000762939453,21.216068267822266,761530
2023-06-02,21.450000762939453,22.5,21.399999618530273,22.450000762939453,22.205162048339844,1011224
2023-06-05,22.450000762939453,22.600000381469727,21.899999618530273,22.200000762939453,21.957887649536133,608599
2023-06-06,22.200000762939453,22.200000762939453,21.75,22.100000381469727,21.858978271484375,753683
2023-06-07,21.799999237060547,21.799999237060547,21.0,21.200000762939453,20.968793869018555,851090
2023-06-08,21.549999237060547,21.600000381469727,20.899999618530273,21.149999618530273,20.91933822631836,605650
2023-06-09,21.149999618530273,21.5,21.0,21.149999618530273,20.91933822631836,656386
2023-06-12,21.0,21.149999618530273,20.700000762939453,20.799999237060547,20.57315444946289,597750
2023-06-13,21.100000381469727,21.350000381469727,20.700000762939453,20.75,20.523700714111328,584700
2023-06-14,20.649999618530273,22.950000762939453,20.649999618530273,22.25,22.007341384887695,2935850
2023-06-15,22.5,23.950000762939453,22.0,23.450000762939453,23.194255828857422,2055250
2023-06-16,23.450000762939453,23.450000762939453,22.600000381469727,22.950000762939453,22.699708938598633,2985797
2023-06-19,22.799999237060547,23.649999618530273,22.799999237060547,23.450000762939453,23.194255828857422,965750
2023-06-20,23.700000762939453,23.700000762939453,22.799999237060547,23.049999237060547,22.798616409301758,488998
2023-06-21,23.049999237060547,23.049999237060547,22.299999237060547,22.549999237060547,22.30406951904297,305871
2023-06-23,22.700000762939453,22.700000762939453,21.799999237060547,22.0,21.760068893432617,824700
2023-06-26,22.399999618530273,22.899999618530273,21.950000762939453,22.549999237060547,22.30406951904297,544250
2023-06-27,21.25,21.25,18.100000381469727,19.139999389648438,18.931259155273438,8270250
2023-06-28,19.479999542236328,19.739999771118164,18.780000686645508,19.260000228881836,19.049951553344727,7221197
2023-06-29,19.5,19.739999771118164,18.920000076293945,19.020000457763672,18.81256866455078,5492319
2023-06-30,19.079999923706055,19.079999923706055,18.100000381469727,18.84000015258789,18.634531021118164,2546648
2023-07-03,18.959999084472656,19.100000381469727,18.700000762939453,19.0,18.79278564453125,908015
2023-07-04,19.0,19.079999923706055,18.780000686645508,18.799999237060547,18.594966888427734,800250
2023-07-05,19.100000381469727,19.100000381469727,18.600000381469727,18.799999237060547,18.594966888427734,407788
2023-07-06,18.799999237060547,18.799999237060547,18.299999237060547,18.31999969482422,18.120203018188477,506180
2023-07-07,18.360000610351562,18.899999618530273,18.020000457763672,18.81999969482422,18.614749908447266,1104863
2023-07-10,18.81999969482422,19.0,18.5,18.739999771118164,18.535621643066406,385576
2023-07-11,18.940000534057617,19.200000762939453,18.84000015258789,19.200000762939453,18.9906063079834,2149740
2023-07-12,19.299999237060547,20.350000381469727,19.260000228881836,20.299999237060547,20.0786075592041,2915970
2023-07-13,20.5,20.799999237060547,19.920000076293945,20.100000381469727,19.88079071044922,2456691
2023-07-14,20.5,20.5,19.299999237060547,19.559999465942383,19.346677780151367,471665
2023-07-18,19.799999237060547,19.799999237060547,19.1200008392334,19.739999771118164,19.524715423583984,442295
2023-07-19,19.739999771118164,19.739999771118164,19.260000228881836,19.700000762939453,19.485153198242188,511284
2023-07-20,19.5,19.860000610351562,19.5,19.65999984741211,19.445589065551758,308588
2023-07-21,20.0,20.299999237060547,19.65999984741211,20.200000762939453,19.979700088500977,449313
2023-07-24,20.049999237060547,20.200000762939453,19.700000762939453,20.200000762939453,19.979700088500977,619280
2023-07-25,20.5,21.600000381469727,20.0,20.950000762939453,20.721521377563477,1885750
2023-07-26,22.899999618530273,23.700000762939453,21.649999618530273,22.799999237060547,22.551342010498047,6122250
2023-07-27,22.950000762939453,23.350000381469727,22.299999237060547,23.0,22.749162673950195,1998250
2023-07-28,23.0,23.399999618530273,22.100000381469727,23.299999237060547,23.04589080810547,965884
2023-07-31,23.299999237060547,24.0,23.299999237060547,23.899999618530273,23.639347076416016,1020862
2023-08-01,23.799999237060547,24.399999618530273,23.75,24.100000381469727,23.83716583251953,1095423
2023-08-02,23.899999618530273,24.25,23.700000762939453,24.0,23.738256454467773,598098
2023-08-03,23.799999237060547,24.899999618530273,23.75,24.350000381469727,24.084440231323242,1794250
2023-08-04,24.350000381469727,24.850000381469727,24.350000381469727,24.649999618530273,24.381166458129883,1802840
2023-08-07,24.5,25.850000381469727,24.5,25.399999618530273,25.122987747192383,2032500
2023-08-08,25.399999618530273,25.799999237060547,25.149999618530273,25.5,25.22189712524414,1028291
2023-08-09,25.5,25.5,25.5,25.5,25.22189712524414,0
2023-08-10,25.5,25.5,25.5,25.5,25.22189712524414,0
2023-08-11,25.5,25.5,25.5,25.5,25.22189712524414,0
2023-08-14,26.649999618530273,28.850000381469727,26.649999618530273,27.75,27.447359085083008,2767482
2023-08-15,27.700000762939453,27.700000762939453,26.700000762939453,27.399999618530273,27.10117530822754,2802810
2023-08-16,27.399999618530273,27.5,26.799999237060547,27.049999237060547,26.75499153137207,1411250
2023-08-17,26.950000762939453,28.200000762939453,26.549999237060547,27.200000762939453,26.903358459472656,2403490
2023-08-18,26.799999237060547,27.049999237060547,26.600000381469727,26.899999618530273,26.60662841796875,1308905
2023-08-21,26.899999618530273,27.25,26.549999237060547,27.100000381469727,26.8044490814209,1447118
2023-08-22,26.850000381469727,27.049999237060547,26.549999237060547,26.799999237060547,26.507719039916992,705180
2023-08-23,26.549999237060547,27.0,26.5,26.799999237060547,26.507719039916992,981884
2023-08-24,26.899999618530273,27.700000762939453,26.899999618530273,27.049999237060547,26.75499153137207,1622483
2023-08-25,27.0,27.5,26.899999618530273,27.25,26.95281219482422,700226
2023-08-28,27.5,27.649999618530273,27.0,27.600000381469727,27.298995971679688,370348
2023-08-29,27.5,27.700000762939453,27.200000762939453,27.600000381469727,27.298995971679688,452009
2023-08-30,27.450000762939453,27.75,27.25,27.5,27.200084686279297,525500
2023-08-31,27.399999618530273,27.799999237060547,27.100000381469727,27.799999237060547,27.49681282043457,866750
2023-09-04,27.799999237060547,27.799999237060547,27.799999237060547,27.799999237060547,27.49681282043457,0
2023-09-05,19.899999618530273,23.299999237060547,19.700000762939453,23.0,22.749162673950195,11321769
2023-09-06,23.0,24.0,22.649999618530273,23.649999618530273,23.392072677612305,2382235
2023-09-07,23.600000381469727,23.799999237060547,22.950000762939453,23.25,22.996435165405273,400798
2023-09-11,23.200000762939453,24.399999618530273,22.75,24.25,23.985530853271484,1129769
2023-09-12,24.25,25.299999237060547,24.25,25.0,24.72735023498535,689000
2023-09-13,25.0,25.100000381469727,23.350000381469727,23.850000381469727,23.589893341064453,1356979
2023-09-14,23.850000381469727,24.549999237060547,23.450000762939453,24.299999237060547,24.034984588623047,547633
2023-09-15,24.299999237060547,25.0,24.299999237060547,24.700000762939453,24.430622100830078,821172
2023-09-18,24.75,24.950000762939453,24.149999618530273,24.549999237060547,24.282257080078125,133346
2023-09-19,24.649999618530273,24.75,24.0,24.450000762939453,24.183349609375,211028
2023-09-20,24.25,24.25,23.799999237060547,23.899999618530273,23.639347076416016,565334
2023-09-21,24.350000381469727,24.700000762939453,24.049999237060547,24.399999618530273,24.133893966674805,1014767
2023-09-22,24.299999237060547,24.299999237060547,23.25,23.549999237060547,23.293163299560547,741147
2023-09-25,23.5,23.649999618530273,23.049999237060547,23.149999618530273,22.897525787353516,562250
2023-09-26,23.0,23.149999618530273,22.25,23.100000381469727,22.848072052001953,484750
2023-09-27,23.25,23.25,22.649999618530273,23.0,22.749162673950195,587250
2023-09-28,23.5,23.5,22.649999618530273,22.799999237060547,22.551342010498047,515326
2023-09-29,22.899999618530273,23.5,22.850000381469727,23.399999618530273,23.144800186157227,833538
2023-10-03,22.700000762939453,23.200000762939453,22.399999618530273,22.700000762939453,22.700000762939453,497270
2023-10-04,22.5,22.850000381469727,21.950000762939453,22.299999237060547,22.299999237060547,238780
2023-10-05,21.799999237060547,22.5,21.799999237060547,22.299999237060547,22.299999237060547,464940
2023-10-06,22.0,22.700000762939453,21.649999618530273,22.5,22.5,507024
2023-10-09,22.5,23.0,22.5,22.850000381469727,22.850000381469727,372000
2023-10-10,22.25,23.399999618530273,22.25,22.25,22.25,161475
2023-10-11,21.899999618530273,22.75,21.899999618530273,22.0,22.0,438033
2023-10-12,22.200000762939453,22.5,21.799999237060547,22.25,22.25,83387
2023-10-13,21.950000762939453,22.25,21.700000762939453,21.700000762939453,21.700000762939453,140077
2023-10-16,21.649999618530273,21.799999237060547,20.600000381469727,21.049999237060547,21.049999237060547,536909
2023-10-17,20.700000762939453,21.200000762939453,20.5,20.899999618530273,20.899999618530273,371133
2023-10-18,20.799999237060547,21.0,20.25,20.549999237060547,20.549999237060547,404873
2023-10-19,20.049999237060547,20.5,20.049999237060547,20.100000381469727,20.100000381469727,133088
2023-10-20,20.0,20.700000762939453,20.0,20.450000762939453,20.450000762939453,291722
2023-10-24,20.549999237060547,21.899999618530273,20.549999237060547,21.200000762939453,21.200000762939453,2293750
2023-10-25,21.799999237060547,22.350000381469727,20.149999618530273,20.649999618530273,20.649999618530273,1303670
2023-10-26,20.799999237060547,20.799999237060547,20.049999237060547,20.299999237060547,20.299999237060547,537982
2023-10-27,20.299999237060547,20.549999237060547,20.049999237060547,20.350000381469727,20.350000381469727,253451
2023-10-30,20.25,20.299999237060547,19.81999969482422,20.100000381469727,20.100000381469727,815155
2023-10-31,20.100000381469727,20.399999618530273,19.899999618530273,20.100000381469727,20.100000381469727,1129208
2023-11-01,20.0,20.200000762939453,19.739999771118164,20.049999237060547,20.049999237060547,429000
2023-11-02,20.0,20.049999237060547,19.760000228881836,19.920000076293945,19.920000076293945,577250
2023-11-03,20.0,20.299999237060547,19.860000610351562,20.0,20.0,1043790
2023-11-06,20.200000762939453,20.5,19.959999084472656,20.049999237060547,20.049999237060547,1494461
2023-11-07,19.959999084472656,19.959999084472656,19.299999237060547,19.459999084472656,19.459999084472656,743500
2023-11-08,19.360000610351562,19.479999542236328,18.899999618530273,19.31999969482422,19.31999969482422,1960863
2023-11-09,19.34000015258789,19.540000915527344,19.100000381469727,19.18000030517578,19.18000030517578,436451
2023-11-10,19.239999771118164,19.459999084472656,18.799999237060547,19.299999237060547,19.299999237060547,450750
2023-11-13,19.239999771118164,19.700000762939453,19.0,19.5,19.5,911250
2023-11-14,19.5,19.979999542236328,19.399999618530273,19.399999618530273,19.399999618530273,640750
2023-11-15,19.520000457763672,19.700000762939453,18.940000534057617,19.399999618530273,19.399999618530273,1049551
2023-11-16,19.31999969482422,19.579999923706055,18.979999542236328,19.100000381469727,19.100000381469727,1010220
2023-11-17,18.959999084472656,19.260000228881836,18.959999084472656,19.100000381469727,19.100000381469727,583375
2023-11-20,19.040000915527344,19.600000381469727,19.040000915527344,19.440000534057617,19.440000534057617,921769
2023-11-21,19.579999923706055,19.6200008392334,19.299999237060547,19.5,19.5,548750
2023-11-22,19.3799991607666,19.579999923706055,19.200000762939453,19.5,19.5,829008
2023-11-23,19.3799991607666,19.940000534057617,19.3799991607666,19.860000610351562,19.860000610351562,610755
2023-11-24,19.920000076293945,19.920000076293945,19.65999984741211,19.739999771118164,19.739999771118164,370255
2023-11-27,19.739999771118164,20.700000762939453,19.3799991607666,20.25,20.25,2881281
2023-11-28,20.25,20.399999618530273,19.219999313354492,19.600000381469727,19.600000381469727,2588092
2023-11-29,18.5,18.5,16.639999389648438,18.1200008392334,18.1200008392334,5470500
2023-11-30,18.200000762939453,19.979999542236328,18.200000762939453,19.5,19.5,3823697
2023-12-01,19.5,19.5,18.5,18.760000228881836,18.760000228881836,1940168
2023-12-04,19.139999389648438,19.760000228881836,19.139999389648438,19.600000381469727,19.600000381469727,1857898
2023-12-05,19.760000228881836,20.649999618530273,19.760000228881836,20.299999237060547,20.299999237060547,1486700
2023-12-06,20.25,20.600000381469727,19.360000610351562,19.639999389648438,19.639999389648438,1992418
2023-12-07,19.600000381469727,20.149999618530273,19.520000457763672,19.81999969482422,19.81999969482422,1618500
2023-12-08,20.0,20.0,19.6200008392334,19.760000228881836,19.760000228881836,778750
2023-12-11,19.700000762939453,19.739999771118164,19.079999923706055,19.719999313354492,19.719999313354492,700677
2023-12-12,19.799999237060547,20.049999237060547,19.579999923706055,20.0,20.0,1336500
2023-12-13,20.0,20.0,19.5,19.81999969482422,19.81999969482422,1056945
2023-12-14,20.0,20.350000381469727,19.860000610351562,19.979999542236328,19.979999542236328,2669234
2023-12-15,19.979999542236328,20.049999237060547,19.579999923706055,20.0,20.0,1727134
2023-12-18,19.799999237060547,20.0,19.479999542236328,19.899999618530273,19.899999618530273,662980
2023-12-19,19.899999618530273,20.149999618530273,19.799999237060547,20.0,20.0,1431250
2023-12-20,20.0,20.700000762939453,20.0,20.600000381469727,20.600000381469727,2033313
2023-12-21,20.600000381469727,21.100000381469727,20.5,20.649999618530273,20.649999618530273,1467288
2023-12-22,20.899999618530273,21.149999618530273,20.75,21.100000381469727,21.100000381469727,1025000
2023-12-27,21.149999618530273,21.899999618530273,21.149999618530273,21.299999237060547,21.299999237060547,1081560
2023-12-28,21.399999618530273,21.950000762939453,21.399999618530273,21.75,21.75,1220000
2023-12-29,21.75,22.850000381469727,21.75,22.299999237060547,22.299999237060547,1266408
2024-01-02,22.350000381469727,23.0,22.0,22.149999618530273,22.149999618530273,848410
2024-01-03,22.049999237060547,22.549999237060547,21.799999237060547,21.850000381469727,21.850000381469727,1912963
2024-01-04,22.5,22.5,21.350000381469727,21.649999618530273,21.649999618530273,999568
2024-01-05,21.5,21.950000762939453,21.149999618530273,21.450000762939453,21.450000762939453,1008919
2024-01-08,21.450000762939453,21.950000762939453,21.049999237060547,21.200000762939453,21.200000762939453,606757
2024-01-09,21.100000381469727,22.450000762939453,21.100000381469727,21.899999618530273,21.899999618530273,1045583
2024-01-10,22.450000762939453,22.450000762939453,21.549999237060547,21.899999618530273,21.899999618530273,1149000
2024-01-11,22.0,22.200000762939453,21.549999237060547,21.799999237060547,21.799999237060547,830250
2024-01-12,22.0,22.649999618530273,21.899999618530273,22.450000762939453,22.450000762939453,1080000
2024-01-15,22.450000762939453,22.600000381469727,22.0,22.399999618530273,22.399999618530273,570439
2024-01-16,22.350000381469727,22.700000762939453,22.25,22.450000762939453,22.450000762939453,781890
2024-01-17,22.399999618530273,23.25,21.899999618530273,22.100000381469727,22.100000381469727,867450
2024-01-18,23.0,23.100000381469727,22.549999237060547,22.850000381469727,22.850000381469727,779150
2024-01-19,22.850000381469727,23.600000381469727,22.700000762939453,23.0,23.0,937950
2024-01-22,23.0,23.600000381469727,21.450000762939453,22.149999618530273,22.149999618530273,776005
2024-01-23,22.149999618530273,23.100000381469727,22.149999618530273,22.700000762939453,22.700000762939453,943150
2024-01-24,23.25,23.399999618530273,22.5,23.149999618530273,23.149999618530273,1157892
2024-01-25,23.200000762939453,24.049999237060547,22.799999237060547,23.950000762939453,23.950000762939453,1173693
2024-01-26,23.950000762939453,24.149999618530273,23.149999618530273,23.200000762939453,23.200000762939453,1113500
2024-01-29,23.299999237060547,24.100000381469727,23.25,24.0,24.0,1242511
2024-01-30,24.0,24.25,22.950000762939453,23.100000381469727,23.100000381469727,1722543
2024-01-31,23.100000381469727,25.350000381469727,23.100000381469727,24.899999618530273,24.899999618530273,5236181
2024-02-01,24.850000381469727,25.149999618530273,23.950000762939453,25.100000381469727,25.100000381469727,2432101
2024-02-02,25.200000762939453,26.149999618530273,24.899999618530273,25.799999237060547,25.799999237060547,2942520
2024-02-05,25.799999237060547,26.549999237060547,25.600000381469727,26.0,26.0,1965422
2024-02-06,28.0,30.0,27.75,27.799999237060547,27.799999237060547,4753404
2024-02-07,27.75,28.5,26.899999618530273,27.75,27.75,3426000
2024-02-08,27.799999237060547,28.049999237060547,26.649999618530273,27.75,27.75,4898531
2024-02-09,26.799999237060547,28.149999618530273,26.350000381469727,27.950000762939453,27.950000762939453,3388255
2024-02-14,27.299999237060547,27.899999618530273,26.799999237060547,27.600000381469727,27.600000381469727,2823804
2024-02-15,27.549999237060547,27.799999237060547,27.0,27.649999618530273,27.649999618530273,3537350
2024-02-16,27.649999618530273,28.25,27.5,28.100000381469727,28.100000381469727,1739967
2024-02-19,28.0,28.25,27.700000762939453,28.0,28.0,2320243
2024-02-20,28.100000381469727,28.549999237060547,27.850000381469727,28.450000762939453,28.450000762939453,1595300
2024-02-21,28.549999237060547,28.549999237060547,27.700000762939453,28.149999618530273,28.149999618530273,1553800
2024-02-22,28.25,28.5,27.299999237060547,28.149999618530273,28.149999618530273,1617850
2024-02-23,28.0,28.600000381469727,27.75,28.350000381469727,28.350000381469727,2643697
2024-02-26,28.149999618530273,29.549999237060547,27.899999618530273,28.75,28.75,3187333
2024-02-27,28.600000381469727,28.649999618530273,27.799999237060547,28.0,28.0,2367638
2024-02-28,28.0,29.700000762939453,28.0,29.700000762939453,29.700000762939453,2524728
2024-02-29,29.700000762939453,29.950000762939453,29.0,29.600000381469727,29.600000381469727,1709488
2024-03-01,29.5,29.950000762939453,29.0,29.899999618530273,29.899999618530273,1073200
2024-03-04,29.799999237060547,30.0,29.200000762939453,29.899999618530273,29.899999618530273,1166973
2024-03-05,29.450000762939453,29.549999237060547,28.700000762939453,29.149999618530273,29.149999618530273,1367284
2024-03-06,29.0,29.600000381469727,28.700000762939453,29.5,29.5,850750
2024-03-07,29.399999618530273,29.450000762939453,28.899999618530273,29.299999237060547,29.299999237060547,821218
2024-03-08,29.200000762939453,29.600000381469727,28.700000762939453,29.100000381469727,29.100000381469727,1226550
2024-03-11,29.100000381469727,29.700000762939453,28.850000381469727,29.25,29.25,1613054
2024-03-12,29.25,29.549999237060547,28.75,29.350000381469727,29.350000381469727,802299
2024-03-13,29.299999237060547,31.5,29.149999618530273,30.5,30.5,2671403
2024-03-14,30.149999618530273,30.700000762939453,29.75,30.5,30.5,1880750
2024-03-15,30.5,31.100000381469727,30.049999237060547,30.5,30.5,3587363
2024-03-18,30.600000381469727,31.049999237060547,30.149999618530273,30.399999618530273,30.399999618530273,1650054
2024-03-19,30.350000381469727,30.350000381469727,29.5,29.950000762939453,29.950000762939453,1345964
2024-03-20,29.899999618530273,31.049999237060547,29.850000381469727,30.350000381469727,30.350000381469727,1912750
2024-03-21,29.850000381469727,31.049999237060547,29.799999237060547,30.799999237060547,30.799999237060547,2122466
2024-03-22,30.850000381469727,31.75,30.850000381469727,31.5,31.5,1840000
2024-03-25,31.0,32.29999923706055,30.25,31.850000381469727,31.850000381469727,1509109
2024-03-26,31.850000381469727,32.099998474121094,30.850000381469727,31.200000762939453,31.200000762939453,2018200
2024-03-27,30.5,31.850000381469727,30.5,31.600000381469727,31.600000381469727,2751987
2024-03-28,31.5,31.850000381469727,30.049999237060547,31.649999618530273,31.649999618530273,3553000
2024-04-02,31.75,32.54999923706055,31.200000762939453,32.0,32.0,3624981
2024-04-03,31.899999618530273,31.950000762939453,31.049999237060547,31.299999237060547,31.299999237060547,2149750
2024-04-05,31.049999237060547,31.100000381469727,30.0,30.600000381469727,30.600000381469727,2541088
2024-04-08,30.649999618530273,30.700000762939453,28.950000762939453,29.5,29.5,1962690
2024-04-09,29.5,29.5,29.5,29.5,29.5,0
2024-04-10,29.5,29.5,29.5,29.5,29.5,0
2024-04-11,29.5,29.5,29.5,29.5,29.5,0
2024-04-12,29.5,29.5,29.5,29.5,29.5,0
2024-04-15,29.5,29.5,29.5,29.5,29.5,0
2024-04-16,29.5,29.5,29.5,29.5,29.5,0
2024-04-17,29.5,29.5,29.5,29.5,29.5,0
2024-04-18,29.5,29.5,29.5,29.5,29.5,0
2024-04-19,29.5,29.5,29.5,29.5,29.5,0
2024-04-22,29.5,29.5,29.5,29.5,29.5,0
2024-04-23,29.5,29.5,29.5,29.5,29.5,0
2024-04-24,29.5,29.5,29.5,29.5,29.5,0
2024-04-25,29.5,29.5,29.5,29.5,29.5,0
2024-04-26,29.5,29.5,29.5,29.5,29.5,0
2024-04-29,29.5,29.5,29.5,29.5,29.5,0
2024-04-30,33.29999923706055,33.29999923706055,32.150001525878906,32.29999923706055,32.29999923706055,23309325
2024-05-02,32.29999923706055,32.54999923706055,32.20000076293945,32.400001525878906,32.400001525878906,12679000
2024-05-03,32.400001525878906,32.45000076293945,32.099998474121094,32.25,32.25,6019186
2024-05-06,32.349998474121094,32.849998474121094,32.349998474121094,32.599998474121094,32.599998474121094,2628800
2024-05-07,32.599998474121094,32.75,32.349998474121094,32.349998474121094,32.349998474121094,2492750
2024-05-08,32.400001525878906,32.849998474121094,32.349998474121094,32.349998474121094,32.349998474121094,5417518
2024-05-09,32.349998474121094,32.400001525878906,32.150001525878906,32.25,32.25,3991320
2024-05-10,32.349998474121094,32.349998474121094,32.20000076293945,32.25,32.25,2097086
2024-05-13,32.29999923706055,32.29999923706055,32.20000076293945,32.25,32.25,2996000
2024-05-14,32.25,32.349998474121094,32.150001525878906,32.20000076293945,32.20000076293945,4186789
2024-05-16,32.20000076293945,32.29999923706055,32.099998474121094,32.20000076293945,32.20000076293945,5058010
2024-05-17,32.20000076293945,32.20000076293945,31.950000762939453,31.950000762939453,31.950000762939453,4824240
2024-05-20,32.0,32.20000076293945,31.799999237060547,31.899999618530273,31.899999618530273,6016550
2024-05-21,31.850000381469727,31.950000762939453,31.700000762939453,31.899999618530273,31.899999618530273,2384365
2024-05-22,32.04999923706055,32.04999923706055,31.549999237060547,31.600000381469727,31.600000381469727,1697500
2024-05-23,31.700000762939453,31.799999237060547,31.450000762939453,31.600000381469727,31.600000381469727,1674000
2024-05-24,31.850000381469727,31.950000762939453,31.700000762939453,31.75,31.75,988264
2024-05-27,31.700000762939453,32.0,31.700000762939453,31.850000381469727,31.850000381469727,2521500
2024-05-28,31.850000381469727,32.04999923706055,31.850000381469727,31.850000381469727,31.850000381469727,988500
2024-05-29,32.04999923706055,32.20000076293945,31.899999618530273,32.04999923706055,32.04999923706055,2039410
2024-05-30,32.0,32.45000076293945,32.0,32.349998474121094,32.349998474121094,3056750
2024-05-31,32.349998474121094,32.79999923706055,32.349998474121094,32.5,32.5,654500
2024-06-03,32.75,32.95000076293945,32.599998474121094,32.79999923706055,32.79999923706055,2950701
2024-06-04,32.70000076293945,32.79999923706055,32.45000076293945,32.54999923706055,32.54999923706055,1417000
2024-06-05,32.45000076293945,32.75,32.45000076293945,32.599998474121094,32.599998474121094,1905057
2024-06-06,32.650001525878906,32.79999923706055,32.54999923706055,32.79999923706055,32.79999923706055,1683891
2024-06-07,32.75,32.95000076293945,32.650001525878906,32.75,32.75,817989
2024-06-11,32.70000076293945,32.79999923706055,32.54999923706055,32.650001525878906,32.650001525878906,912250
2024-06-12,32.650001525878906,32.900001525878906,32.54999923706055,32.75,32.75,2047324
2024-06-13,32.650001525878906,32.79999923706055,32.650001525878906,32.70000076293945,32.70000076293945,1128266
2024-06-14,32.650001525878906,32.70000076293945,32.650001525878906,32.650001525878906,32.650001525878906,820143
2024-06-17,32.95000076293945,33.5,32.900001525878906,33.0,33.0,1957664
2024-06-18,33.0,33.04999923706055,32.95000076293945,33.04999923706055,33.04999923706055,7935166
2024-06-19,33.099998474121094,33.099998474121094,32.95000076293945,33.0,33.0,2099816
2024-06-20,33.0,33.04999923706055,32.95000076293945,33.04999923706055,33.04999923706055,782513
2024-06-21,33.04999923706055,33.099998474121094,32.95000076293945,33.099998474121094,33.099998474121094,4723474
2024-06-24,33.04999923706055,33.29999923706055,33.04999923706055,33.25,33.25,876110
2024-06-25,33.0,33.29999923706055,33.0,33.25,33.25,1187225
2024-06-26,33.25,33.29999923706055,33.20000076293945,33.25,33.25,1776965
2024-06-27,33.150001525878906,33.29999923706055,33.099998474121094,33.20000076293945,33.20000076293945,762950
2024-06-28,33.20000076293945,33.25,33.099998474121094,33.20000076293945,33.20000076293945,1417258
2024-07-02,33.25,33.5,33.25,33.400001525878906,33.400001525878906,1964500
2024-07-03,33.400001525878906,33.5,33.400001525878906,33.400001525878906,33.400001525878906,270048
2024-07-04,33.45000076293945,33.5,33.400001525878906,33.45000076293945,33.45000076293945,1116500
2024-07-08,33.20000076293945,33.400001525878906,32.75,33.0,33.0,3325446
2024-07-09,33.04999923706055,33.29999923706055,33.04999923706055,33.150001525878906,33.150001525878906,678000
2024-07-10,33.150001525878906,33.20000076293945,33.099998474121094,33.150001525878906,33.150001525878906,581384
2024-07-11,33.150001525878906,33.20000076293945,33.04999923706055,33.099998474121094,33.099998474121094,769661
2024-07-12,33.150001525878906,33.29999923706055,33.150001525878906,33.25,33.25,1256992
2024-07-15,33.29999923706055,33.400001525878906,33.099998474121094,33.150001525878906,33.150001525878906,1086250
2024-07-16,33.150001525878906,33.25,33.150001525878906,33.25,33.25,819615
2024-07-17,33.25,33.349998474121094,33.25,33.29999923706055,33.29999923706055,176834
2024-07-18,33.25,33.400001525878906,33.25,33.349998474121094,33.349998474121094,276350
2024-07-19,33.25,33.45000076293945,33.25,33.45000076293945,33.45000076293945,292012
2024-07-22,33.29999923706055,33.5,33.25,33.29999923706055,33.29999923706055,144000
2024-07-23,33.349998474121094,33.75,33.349998474121094,33.75,33.75,195750
2024-07-24,33.849998474121094,33.900001525878906,33.849998474121094,33.900001525878906,33.900001525878906,1178436
2024-07-25,33.849998474121094,34.0,33.849998474121094,33.95000076293945,33.95000076293945,143372
2024-07-26,33.95000076293945,34.0,33.849998474121094,33.849998474121094,33.849998474121094,244000
2024-07-29,33.849998474121094,33.95000076293945,33.849998474121094,33.900001525878906,33.900001525878906,88755
2024-07-30,33.900001525878906,33.900001525878906,33.849998474121094,33.849998474121094,33.849998474121094,164000
2024-07-31,33.849998474121094,34.0,33.849998474121094,33.849998474121094,33.849998474121094,181808
2024-08-01,33.849998474121094,34.0,33.849998474121094,33.900001525878906,33.900001525878906,116059
2024-08-02,33.849998474121094,33.900001525878906,33.849998474121094,33.849998474121094,33.849998474121094,131970
2024-08-05,33.849998474121094,33.95000076293945,33.650001525878906,33.95000076293945,33.95000076293945,56552
2024-08-06,33.70000076293945,33.70000076293945,33.5,33.5,33.5,202740
2024-08-07,33.54999923706055,33.70000076293945,33.54999923706055,33.54999923706055,33.54999923706055,133000
2024-08-08,33.54999923706055,33.650001525878906,33.54999923706055,33.599998474121094,33.599998474121094,6378
2024-08-09,33.599998474121094,33.650001525878906,33.599998474121094,33.599998474121094,33.599998474121094,20500
2024-08-12,33.599998474121094,33.70000076293945,33.599998474121094,33.650001525878906,33.650001525878906,1817250
2024-08-13,33.70000076293945,33.70000076293945,33.599998474121094,33.650001525878906,33.650001525878906,734700
2024-08-14,33.599998474121094,33.650001525878906,33.599998474121094,33.650001525878906,33.650001525878906,646500
2024-08-15,33.599998474121094,33.70000076293945,33.599998474121094,33.599998474121094,33.599998474121094,236970
2024-08-16,33.599998474121094,33.599998474121094,33.599998474121094,33.599998474121094,33.599998474121094,750
2024-08-19,33.599998474121094,33.70000076293945,33.599998474121094,33.70000076293945,33.70000076293945,19210
2024-08-20,33.599998474121094,33.650001525878906,33.599998474121094,33.650001525878906,33.650001525878906,6750
2024-08-21,33.650001525878906,33.79999923706055,33.650001525878906,33.79999923706055,33.79999923706055,214750
2024-08-22,33.650001525878906,33.75,33.650001525878906,33.650001525878906,33.650001525878906,17000
2024-08-23,33.650001525878906,33.650001525878906,33.650001525878906,33.650001525878906,33.650001525878906,1080
2024-08-26,33.650001525878906,33.650001525878906,33.650001525878906,33.650001525878906,33.650001525878906,120500
2024-08-27,33.650001525878906,33.650001525878906,33.650001525878906,33.650001525878906,33.650001525878906,3750
2024-08-28,33.650001525878906,33.70000076293945,33.650001525878906,33.650001525878906,33.650001525878906,78750
2024-08-29,33.650001525878906,33.70000076293945,33.650001525878906,33.650001525878906,33.650001525878906,23750
2024-08-30,33.650001525878906,33.70000076293945,33.650001525878906,33.70000076293945,33.70000076293945,14000
2024-09-02,33.70000076293945,33.79999923706055,33.70000076293945,33.79999923706055,33.79999923706055,18500
2024-09-03,33.70000076293945,33.79999923706055,33.70000076293945,33.70000076293945,33.70000076293945,106000
2024-09-04,33.70000076293945,33.70000076293945,33.70000076293945,33.70000076293945,33.70000076293945,0
2024-09-05,33.70000076293945,33.70000076293945,33.70000076293945,33.70000076293945,33.70000076293945,250
2024-09-09,33.70000076293945,33.70000076293945,33.70000076293945,33.70000076293945,33.70000076293945,3750
2024-09-10,33.70000076293945,33.70000076293945,33.70000076293945,33.70000076293945,33.70000076293945,7500
2024-09-11,33.70000076293945,33.70000076293945,33.70000076293945,33.70000076293945,33.70000076293945,35070
2024-09-12,33.70000076293945,33.70000076293945,33.70000076293945,33.70000076293945,33.70000076293945,6750
2024-09-13,33.70000076293945,33.70000076293945,33.70000076293945,33.70000076293945,33.70000076293945,0
2024-09-16,33.70000076293945,33.70000076293945,33.70000076293945,33.70000076293945,33.70000076293945,0
2024-09-17,33.70000076293945,33.70000076293945,33.70000076293945,33.70000076293945,33.70000076293945,0
2024-09-19,33.70000076293945,33.70000076293945,33.70000076293945,33.70000076293945,33.70000076293945,0
2024-09-20,33.70000076293945,33.70000076293945,33.70000076293945,33.70000076293945,33.70000076293945,0
2024-09-23,33.70000076293945,33.70000076293945,33.70000076293945,33.70000076293945,33.70000076293945,0
2024-09-24,33.70000076293945,33.70000076293945,33.70000076293945,33.70000076293945,33.70000076293945,0
2024-09-25,33.70000076293945,33.70000076293945,33.70000076293945,33.70000076293945,33.70000076293945,0
2024-09-26,33.70000076293945,33.70000076293945,33.70000076293945,33.70000076293945,33.70000076293945,0
2024-09-27,33.70000076293945,33.70000076293945,33.70000076293945,33.70000076293945,33.70000076293945,0
2024-09-30,33.70000076293945,33.70000076293945,33.70000076293945,33.70000076293945,33.70000076293945,0
2024-10-02,33.70000076293945,33.70000076293945,33.70000076293945,33.70000076293945,33.70000076293945,0
2024-10-03,33.70000076293945,33.70000076293945,33.70000076293945,33.70000076293945,33.70000076293945,0
2024-10-04,33.70000076293945,33.70000076293945,33.70000076293945,33.70000076293945,33.70000076293945,0
2024-10-07,33.70000076293945,33.70000076293945,33.70000076293945,33.70000076293945,33.70000076293945,0
2024-10-08,33.70000076293945,33.70000076293945,33.70000076293945,33.70000076293945,33.70000076293945,0
2024-10-09,33.70000076293945,33.70000076293945,33.70000076293945,33.70000076293945,33.70000076293945,0
2024-10-10,33.70000076293945,33.70000076293945,33.70000076293945,33.70000076293945,33.70000076293945,0
