Date,Open,High,Low,Close,Adj Close,Volume
2021-01-13,0.41999998688697815,0.46000000834465027,0.3449999988079071,0.41499999165534973,0.41499999165534973,95865000
2021-01-14,0.41999998688697815,0.6499999761581421,0.41999998688697815,0.6200000047683716,0.6200000047683716,91800000
2021-01-15,0.6200000047683716,0.6299999952316284,0.4399999976158142,0.4399999976158142,0.4399999976158142,56538200
2021-01-18,0.44999998807907104,0.45500001311302185,0.375,0.38999998569488525,0.38999998569488525,25918200
2021-01-19,0.38999998569488525,0.42500001192092896,0.38999998569488525,0.41499999165534973,0.41499999165534973,30395000
2021-01-20,0.41499999165534973,0.5299999713897705,0.41499999165534973,0.5,0.5,43950000
2021-01-21,0.5099999904632568,0.6399999856948853,0.4749999940395355,0.550000011920929,0.550000011920929,32040000
2021-01-22,0.550000011920929,0.6200000047683716,0.5299999713897705,0.550000011920929,0.550000011920929,9035000
2021-01-25,0.5299999713897705,0.6000000238418579,0.5299999713897705,0.5400000214576721,0.5400000214576721,8670000
2021-01-26,0.5400000214576721,0.5600000023841858,0.5099999904632568,0.5400000214576721,0.5400000214576721,7315000
2021-01-27,0.5299999713897705,0.5400000214576721,0.4950000047683716,0.5299999713897705,0.5299999713897705,4590000
2021-01-28,0.5099999904632568,0.5600000023841858,0.5,0.5400000214576721,0.5400000214576721,7835000
2021-01-29,0.5400000214576721,0.7799999713897705,0.5400000214576721,0.75,0.75,47950000
2021-02-01,0.7400000095367432,0.8199999928474426,0.5899999737739563,0.6700000166893005,0.6700000166893005,22905000
2021-02-02,0.6700000166893005,0.8100000023841858,0.6700000166893005,0.7200000286102295,0.7200000286102295,11325000
2021-02-03,0.7200000286102295,0.8600000143051147,0.6899999976158142,0.7599999904632568,0.7599999904632568,17600000
2021-02-04,0.7599999904632568,0.800000011920929,0.7400000095367432,0.75,0.75,4735000
2021-02-05,0.7599999904632568,0.7699999809265137,0.6700000166893005,0.7300000190734863,0.7300000190734863,5910000
2021-02-08,0.7200000286102295,0.75,0.6000000238418579,0.6299999952316284,0.6299999952316284,9195000
2021-02-09,0.6299999952316284,0.6700000166893005,0.5400000214576721,0.6499999761581421,0.6499999761581421,6155000
2021-02-10,0.6499999761581421,0.7200000286102295,0.6200000047683716,0.6399999856948853,0.6399999856948853,11970000
2021-02-11,0.6399999856948853,0.6399999856948853,0.6399999856948853,0.6399999856948853,0.6399999856948853,0
2021-02-16,0.6100000143051147,0.6600000262260437,0.6000000238418579,0.6100000143051147,0.6100000143051147,4500000
2021-02-17,0.6100000143051147,0.6200000047683716,0.5699999928474426,0.6100000143051147,0.6100000143051147,2500000
2021-02-18,0.6100000143051147,0.6700000166893005,0.6000000238418579,0.6299999952316284,0.6299999952316284,3725000
2021-02-19,0.6299999952316284,0.6399999856948853,0.5899999737739563,0.6000000238418579,0.6000000238418579,1730000
2021-02-22,0.6000000238418579,0.6100000143051147,0.5899999737739563,0.6000000238418579,0.6000000238418579,830000
2021-02-23,0.5899999737739563,0.6700000166893005,0.5799999833106995,0.6200000047683716,0.6200000047683716,6470000
2021-02-24,0.6299999952316284,0.6800000071525574,0.6000000238418579,0.6200000047683716,0.6200000047683716,4030000
2021-02-25,0.6200000047683716,0.6499999761581421,0.6000000238418579,0.6100000143051147,0.6100000143051147,1590000
2021-02-26,0.6000000238418579,0.6200000047683716,0.5899999737739563,0.5899999737739563,0.5899999737739563,555000
2021-03-01,0.6200000047683716,0.6200000047683716,0.6000000238418579,0.6000000238418579,0.6000000238418579,450000
2021-03-02,0.6000000238418579,0.6000000238418579,0.5600000023841858,0.5799999833106995,0.5799999833106995,2210000
2021-03-03,0.5799999833106995,0.5899999737739563,0.550000011920929,0.5899999737739563,0.5899999737739563,1550000
2021-03-04,0.5899999737739563,0.5899999737739563,0.5600000023841858,0.5600000023841858,0.5600000023841858,1105000
2021-03-05,0.5600000023841858,0.5600000023841858,0.5299999713897705,0.550000011920929,0.550000011920929,1270000
2021-03-08,0.550000011920929,0.5600000023841858,0.5,0.5,0.5,1810000
2021-03-09,0.5,0.5099999904632568,0.47999998927116394,0.5,0.5,2615000
2021-03-10,0.5,0.5099999904632568,0.49000000953674316,0.5099999904632568,0.5099999904632568,160000
2021-03-11,0.5099999904632568,0.5099999904632568,0.5,0.5099999904632568,0.5099999904632568,145000
2021-03-12,0.5099999904632568,0.5099999904632568,0.49000000953674316,0.49000000953674316,0.49000000953674316,465000
2021-03-15,0.49000000953674316,0.5,0.4749999940395355,0.4749999940395355,0.4749999940395355,1205000
2021-03-16,0.4699999988079071,0.5199999809265137,0.4050000011920929,0.5199999809265137,0.5199999809265137,2310000
2021-03-17,0.5099999904632568,0.5199999809265137,0.48500001430511475,0.5099999904632568,0.5099999904632568,505000
2021-03-18,0.5199999809265137,0.5199999809265137,0.5,0.5199999809265137,0.5199999809265137,355000
2021-03-19,0.5,0.5099999904632568,0.4950000047683716,0.5099999904632568,0.5099999904632568,940000
2021-03-22,0.5299999713897705,0.5199999809265137,0.47999998927116394,0.5,0.5,180000
2021-03-23,0.49000000953674316,0.5,0.49000000953674316,0.4950000047683716,0.4950000047683716,245000
2021-03-24,0.5,0.5099999904632568,0.4699999988079071,0.47999998927116394,0.47999998927116394,430000
2021-03-25,0.46000000834465027,0.6499999761581421,0.44999998807907104,0.6499999761581421,0.6499999761581421,5620000
2021-03-26,0.6499999761581421,0.6499999761581421,0.5899999737739563,0.6000000238418579,0.6000000238418579,2535000
2021-03-29,0.6000000238418579,0.6399999856948853,0.5799999833106995,0.6100000143051147,0.6100000143051147,1225000
2021-03-30,0.5899999737739563,0.6100000143051147,0.5699999928474426,0.6000000238418579,0.6000000238418579,720000
2021-03-31,0.6000000238418579,0.6000000238418579,0.5699999928474426,0.5899999737739563,0.5899999737739563,635000
2021-04-01,0.5699999928474426,0.5799999833106995,0.550000011920929,0.5699999928474426,0.5699999928474426,550000
2021-04-07,0.550000011920929,0.5699999928474426,0.5400000214576721,0.5699999928474426,0.5699999928474426,295000
2021-04-08,0.550000011920929,0.5699999928474426,0.5400000214576721,0.5699999928474426,0.5699999928474426,690000
2021-04-09,0.5400000214576721,0.5400000214576721,0.5,0.5199999809265137,0.5199999809265137,1290000
2021-04-12,0.5299999713897705,0.5099999904632568,0.4699999988079071,0.4950000047683716,0.4950000047683716,1895000
2021-04-13,0.4950000047683716,0.550000011920929,0.49000000953674316,0.49000000953674316,0.49000000953674316,360000
2021-04-14,0.49000000953674316,0.5099999904632568,0.4749999940395355,0.49000000953674316,0.49000000953674316,375000
2021-04-15,0.49000000953674316,0.4950000047683716,0.48500001430511475,0.48500001430511475,0.48500001430511475,240000
2021-04-16,0.48500001430511475,0.5099999904632568,0.47999998927116394,0.5099999904632568,0.5099999904632568,650000
2021-04-19,0.5,0.5,0.49000000953674316,0.49000000953674316,0.49000000953674316,100000
2021-04-20,0.4699999988079071,0.5,0.4699999988079071,0.48500001430511475,0.48500001430511475,305000
2021-04-21,0.48500001430511475,0.4950000047683716,0.4749999940395355,0.48500001430511475,0.48500001430511475,565000
2021-04-22,0.4950000047683716,0.5,0.4699999988079071,0.5,0.5,790000
2021-04-23,0.48500001430511475,0.5899999737739563,0.48500001430511475,0.550000011920929,0.550000011920929,2835000
2021-04-26,0.550000011920929,0.5600000023841858,0.5299999713897705,0.5299999713897705,0.5299999713897705,470000
2021-04-27,0.5199999809265137,0.5199999809265137,0.49000000953674316,0.5099999904632568,0.5099999904632568,940000
2021-04-28,0.49000000953674316,0.5099999904632568,0.48500001430511475,0.5,0.5,140000
2021-04-29,0.49000000953674316,0.4950000047683716,0.48500001430511475,0.48500001430511475,0.48500001430511475,455000
2021-04-30,0.48500001430511475,0.5400000214576721,0.48500001430511475,0.5299999713897705,0.5299999713897705,1905000
2021-05-03,0.5299999713897705,0.5400000214576721,0.4749999940395355,0.5099999904632568,0.5099999904632568,835000
2021-05-04,0.5,0.550000011920929,0.49000000953674316,0.5400000214576721,0.5400000214576721,2180000
2021-05-05,0.550000011920929,0.550000011920929,0.5,0.5199999809265137,0.5199999809265137,725000
2021-05-06,0.5400000214576721,0.6499999761581421,0.5400000214576721,0.6200000047683716,0.6200000047683716,10865000
2021-05-07,0.6200000047683716,0.6800000071525574,0.5799999833106995,0.6800000071525574,0.6800000071525574,8485000
2021-05-10,0.6600000262260437,0.6899999976158142,0.6200000047683716,0.6399999856948853,0.6399999856948853,3275000
2021-05-11,0.6200000047683716,0.6200000047683716,0.5699999928474426,0.5799999833106995,0.5799999833106995,1805000
2021-05-12,0.5799999833106995,0.6700000166893005,0.5799999833106995,0.6399999856948853,0.6399999856948853,2370000
2021-05-13,0.6399999856948853,0.6600000262260437,0.6000000238418579,0.6100000143051147,0.6100000143051147,985000
2021-05-14,0.6299999952316284,0.6299999952316284,0.6000000238418579,0.6000000238418579,0.6000000238418579,635000
2021-05-17,0.6000000238418579,0.7200000286102295,0.5899999737739563,0.6700000166893005,0.6700000166893005,6825000
2021-05-18,0.6800000071525574,0.699999988079071,0.6299999952316284,0.6499999761581421,0.6499999761581421,3445000
2021-05-20,0.6399999856948853,0.6399999856948853,0.6100000143051147,0.6299999952316284,0.6299999952316284,2195000
2021-05-21,0.6299999952316284,0.7200000286102295,0.6200000047683716,0.6899999976158142,0.6899999976158142,4805000
2021-05-24,0.7099999785423279,0.7900000214576721,0.6899999976158142,0.75,0.75,7540000
2021-05-25,0.75,0.7699999809265137,0.6700000166893005,0.699999988079071,0.699999988079071,6950000
2021-05-26,0.6800000071525574,0.75,0.6800000071525574,0.7200000286102295,0.7200000286102295,2220000
2021-05-27,0.7099999785423279,0.7300000190734863,0.6899999976158142,0.699999988079071,0.699999988079071,1795000
2021-05-28,0.6899999976158142,0.7099999785423279,0.6299999952316284,0.6299999952316284,0.6299999952316284,4791000
2021-05-31,0.6299999952316284,0.6800000071525574,0.6100000143051147,0.6499999761581421,0.6499999761581421,2175000
2021-06-01,0.6499999761581421,0.6499999761581421,0.6200000047683716,0.6399999856948853,0.6399999856948853,614000
2021-06-02,0.6399999856948853,0.6399999856948853,0.6200000047683716,0.6200000047683716,0.6200000047683716,735000
2021-06-03,0.6200000047683716,0.6499999761581421,0.6200000047683716,0.6399999856948853,0.6399999856948853,410000
2021-06-04,0.6399999856948853,0.6399999856948853,0.6100000143051147,0.6299999952316284,0.6299999952316284,305000
2021-06-07,0.6200000047683716,0.6299999952316284,0.6200000047683716,0.6200000047683716,0.6200000047683716,300000
2021-06-08,0.6200000047683716,0.6299999952316284,0.6100000143051147,0.6299999952316284,0.6299999952316284,500000
2021-06-09,0.6399999856948853,0.6399999856948853,0.6000000238418579,0.6000000238418579,0.6000000238418579,770000
2021-06-10,0.6000000238418579,0.6100000143051147,0.5899999737739563,0.6100000143051147,0.6100000143051147,1030000
2021-06-11,0.6100000143051147,0.6800000071525574,0.6000000238418579,0.6499999761581421,0.6499999761581421,1150000
2021-06-15,0.6299999952316284,0.6499999761581421,0.6100000143051147,0.6100000143051147,0.6100000143051147,1140000
2021-06-16,0.6100000143051147,0.6700000166893005,0.6100000143051147,0.6499999761581421,0.6499999761581421,1375000
2021-06-17,0.6399999856948853,0.6899999976158142,0.6399999856948853,0.6399999856948853,0.6399999856948853,1065000
2021-06-18,0.6499999761581421,0.75,0.6499999761581421,0.7300000190734863,0.7300000190734863,6220000
2021-06-21,0.7099999785423279,0.7699999809265137,0.699999988079071,0.7099999785423279,0.7099999785423279,1895000
2021-06-22,0.7099999785423279,0.7099999785423279,0.6700000166893005,0.6700000166893005,0.6700000166893005,1300000
2021-06-23,0.6899999976158142,0.6899999976158142,0.6499999761581421,0.6899999976158142,0.6899999976158142,2580000
2021-06-24,0.6800000071525574,0.7300000190734863,0.6700000166893005,0.6899999976158142,0.6899999976158142,1925000
2021-06-25,0.6899999976158142,0.7099999785423279,0.6700000166893005,0.6700000166893005,0.6700000166893005,400000
2021-06-28,0.6700000166893005,0.6800000071525574,0.6700000166893005,0.6800000071525574,0.6800000071525574,45000
2021-06-29,0.6899999976158142,0.7099999785423279,0.6899999976158142,0.699999988079071,0.699999988079071,695000
2021-06-30,0.7099999785423279,0.7400000095367432,0.699999988079071,0.7200000286102295,0.7200000286102295,980000
2021-07-02,0.7200000286102295,0.75,0.699999988079071,0.7400000095367432,0.7400000095367432,1200000
2021-07-05,0.75,0.9100000262260437,0.75,0.8999999761581421,0.8999999761581421,14810000
2021-07-06,0.8999999761581421,0.9599999785423279,0.800000011920929,0.8100000023841858,0.8100000023841858,11235000
2021-07-07,0.800000011920929,0.9100000262260437,0.800000011920929,0.8199999928474426,0.8199999928474426,4870000
2021-07-08,0.800000011920929,0.800000011920929,0.75,0.7599999904632568,0.7599999904632568,2995000
2021-07-09,0.7599999904632568,0.75,0.6800000071525574,0.7099999785423279,0.7099999785423279,4765000
2021-07-12,0.7099999785423279,0.7400000095367432,0.7099999785423279,0.7400000095367432,0.7400000095367432,615000
2021-07-13,0.7400000095367432,0.8500000238418579,0.7400000095367432,0.8399999737739563,0.8399999737739563,4805000
2021-07-14,0.8199999928474426,0.8999999761581421,0.8100000023841858,0.8700000047683716,0.8700000047683716,2795000
2021-07-15,0.8700000047683716,0.9100000262260437,0.8299999833106995,0.8600000143051147,0.8600000143051147,1600000
2021-07-16,0.8199999928474426,0.8700000047683716,0.8100000023841858,0.8100000023841858,0.8100000023841858,490000
2021-07-19,0.8299999833106995,0.8399999737739563,0.75,0.7699999809265137,0.7699999809265137,2200000
2021-07-20,0.7699999809265137,0.8299999833106995,0.7300000190734863,0.8199999928474426,0.8199999928474426,5865000
2021-07-21,0.8299999833106995,0.8299999833106995,0.8100000023841858,0.8100000023841858,0.8100000023841858,105000
2021-07-22,0.800000011920929,0.8999999761581421,0.7900000214576721,0.8700000047683716,0.8700000047683716,4175000
2021-07-23,0.8799999952316284,0.9300000071525574,0.8500000238418579,0.8700000047683716,0.8700000047683716,2225000
2021-07-26,0.8600000143051147,0.8600000143051147,0.8299999833106995,0.8299999833106995,0.8299999833106995,665000
2021-07-27,0.8299999833106995,0.8500000238418579,0.7599999904632568,0.7599999904632568,0.7599999904632568,1980000
2021-07-28,0.7599999904632568,0.800000011920929,0.7599999904632568,0.7699999809265137,0.7699999809265137,695000
2021-07-29,0.7799999713897705,0.8199999928474426,0.7799999713897705,0.8199999928474426,0.8199999928474426,810000
2021-07-30,0.8199999928474426,0.8199999928474426,0.7699999809265137,0.800000011920929,0.800000011920929,585000
2021-08-02,0.7900000214576721,0.8199999928474426,0.7900000214576721,0.800000011920929,0.800000011920929,475000
2021-08-03,0.8100000023841858,0.8700000047683716,0.7799999713897705,0.8600000143051147,0.8600000143051147,12770000
2021-08-04,0.8700000047683716,0.9100000262260437,0.8299999833106995,0.8399999737739563,0.8399999737739563,3000000
2021-08-05,0.8399999737739563,0.8899999856948853,0.8299999833106995,0.8500000238418579,0.8500000238418579,5160000
2021-08-06,0.8500000238418579,1.0399999618530273,0.8399999737739563,1.0099999904632568,1.0099999904632568,13345000
2021-08-09,1.0199999809265137,1.059999942779541,0.9700000286102295,1.0099999904632568,1.0099999904632568,2794400
2021-08-10,1.0299999713897705,1.1799999475479126,0.9599999785423279,1.1399999856948853,1.1399999856948853,6490000
2021-08-11,1.159999966621399,1.2699999809265137,1.0399999618530273,1.059999942779541,1.059999942779541,6640000
2021-08-12,1.059999942779541,1.1299999952316284,1.0299999713897705,1.0499999523162842,1.0499999523162842,2770000
2021-08-13,1.0499999523162842,1.0800000429153442,1.0199999809265137,1.0199999809265137,1.0199999809265137,1165000
2021-08-16,1.0399999618530273,1.059999942779541,1.0099999904632568,1.0099999904632568,1.0099999904632568,1015000
2021-08-17,1.0299999713897705,1.059999942779541,1.0,1.0199999809265137,1.0199999809265137,845000
2021-08-18,1.059999942779541,1.059999942779541,1.0199999809265137,1.0199999809265137,1.0199999809265137,1055000
2021-08-19,1.0299999713897705,1.0299999713897705,0.8199999928474426,0.9100000262260437,0.9100000262260437,4035000
2021-08-20,0.9100000262260437,0.9100000262260437,0.8399999737739563,0.8500000238418579,0.8500000238418579,2435000
2021-08-23,0.8600000143051147,0.9300000071525574,0.8600000143051147,0.9200000166893005,0.9200000166893005,4815000
2021-08-24,0.9700000286102295,1.0299999713897705,0.949999988079071,1.0,1.0,9250000
2021-08-25,1.0,1.0199999809265137,0.949999988079071,0.949999988079071,0.949999988079071,330000
2021-08-26,0.9399999976158142,0.9399999976158142,0.9100000262260437,0.9100000262260437,0.9100000262260437,335000
2021-08-27,0.9100000262260437,0.9800000190734863,0.9100000262260437,0.949999988079071,0.949999988079071,400000
2021-08-30,0.9399999976158142,1.0099999904632568,0.949999988079071,1.0099999904632568,1.0099999904632568,410000
2021-08-31,0.9599999785423279,1.0099999904632568,0.9599999785423279,1.0,1.0,220000
2021-09-01,0.9800000190734863,1.0800000429153442,0.9900000095367432,1.0700000524520874,1.0700000524520874,1830000
2021-09-02,1.0800000429153442,1.100000023841858,1.0,1.0299999713897705,1.0299999713897705,825000
2021-09-03,1.0299999713897705,1.0399999618530273,1.0199999809265137,1.0199999809265137,1.0199999809265137,290000
2021-09-06,1.0199999809265137,1.0499999523162842,1.0099999904632568,1.0499999523162842,1.0499999523162842,3090000
2021-09-07,1.0499999523162842,1.0499999523162842,0.9700000286102295,0.9800000190734863,0.9800000190734863,440000
2021-09-08,0.9599999785423279,0.9700000286102295,0.9100000262260437,0.949999988079071,0.949999988079071,1665000
2021-09-09,0.949999988079071,0.949999988079071,0.8999999761581421,0.9300000071525574,0.9300000071525574,8440000
2021-09-10,0.9300000071525574,0.949999988079071,0.9200000166893005,0.9399999976158142,0.9399999976158142,425000
2021-09-13,0.9399999976158142,0.9399999976158142,0.8999999761581421,0.8999999761581421,0.8999999761581421,375000
2021-09-14,0.8999999761581421,0.9300000071525574,0.8600000143051147,0.8600000143051147,0.8600000143051147,1105000
2021-09-15,0.8799999952316284,0.9100000262260437,0.8700000047683716,0.8700000047683716,0.8700000047683716,570000
2021-09-16,0.8700000047683716,0.8700000047683716,0.75,0.7900000214576721,0.7900000214576721,7635000
2021-09-17,0.8100000023841858,0.8299999833106995,0.800000011920929,0.800000011920929,0.800000011920929,4875000
2021-09-20,0.7699999809265137,0.7799999713897705,0.6499999761581421,0.6600000262260437,0.6600000262260437,2525000
2021-09-21,0.6499999761581421,0.8299999833106995,0.6499999761581421,0.7699999809265137,0.7699999809265137,5535000
2021-09-23,0.7900000214576721,0.8100000023841858,0.7699999809265137,0.7699999809265137,0.7699999809265137,150000
2021-09-24,0.7799999713897705,0.800000011920929,0.7699999809265137,0.7699999809265137,0.7699999809265137,550000
2021-09-27,0.7699999809265137,0.7699999809265137,0.7400000095367432,0.7400000095367432,0.7400000095367432,145000
2021-09-28,0.7400000095367432,0.75,0.7099999785423279,0.7200000286102295,0.7200000286102295,220000
2021-09-29,0.7200000286102295,0.7200000286102295,0.7200000286102295,0.7200000286102295,0.7200000286102295,90000
2021-09-30,0.7200000286102295,0.7200000286102295,0.7200000286102295,0.7200000286102295,0.7200000286102295,125000
2021-10-04,0.7099999785423279,0.7099999785423279,0.699999988079071,0.7099999785423279,0.7099999785423279,30000
2021-10-05,0.7099999785423279,0.7200000286102295,0.6800000071525574,0.7200000286102295,0.7200000286102295,265000
2021-10-06,0.6899999976158142,0.7400000095367432,0.6700000166893005,0.6700000166893005,0.6700000166893005,550000
2021-10-07,0.6800000071525574,0.75,0.6899999976158142,0.7300000190734863,0.7300000190734863,165000
2021-10-08,0.7400000095367432,0.7400000095367432,0.6800000071525574,0.7099999785423279,0.7099999785423279,1045000
2021-10-11,0.7099999785423279,0.7300000190734863,0.6899999976158142,0.6899999976158142,0.6899999976158142,330000
2021-10-12,0.6899999976158142,0.6899999976158142,0.6800000071525574,0.6800000071525574,0.6800000071525574,120000
2021-10-15,0.6800000071525574,0.699999988079071,0.6800000071525574,0.699999988079071,0.699999988079071,120000
2021-10-18,0.699999988079071,0.699999988079071,0.6700000166893005,0.6800000071525574,0.6800000071525574,155000
2021-10-19,0.6800000071525574,0.6800000071525574,0.6800000071525574,0.6800000071525574,0.6800000071525574,0
2021-10-20,0.6600000262260437,0.6600000262260437,0.6499999761581421,0.6600000262260437,0.6600000262260437,265000
2021-10-21,0.6899999976158142,0.7200000286102295,0.6899999976158142,0.7099999785423279,0.7099999785423279,1355000
2021-10-22,0.7099999785423279,0.7099999785423279,0.7099999785423279,0.7099999785423279,0.7099999785423279,30000
2021-10-25,0.699999988079071,0.699999988079071,0.699999988079071,0.699999988079071,0.699999988079071,0
2021-10-26,0.6899999976158142,0.6899999976158142,0.6899999976158142,0.6899999976158142,0.6899999976158142,20000
2021-10-27,0.6600000262260437,0.6700000166893005,0.6499999761581421,0.6499999761581421,0.6499999761581421,250000
2021-10-28,0.6399999856948853,0.6499999761581421,0.6399999856948853,0.6499999761581421,0.6499999761581421,40000
2021-10-29,0.6499999761581421,0.6899999976158142,0.6499999761581421,0.6499999761581421,0.6499999761581421,190000
2021-11-01,0.6499999761581421,0.6899999976158142,0.6499999761581421,0.6800000071525574,0.6800000071525574,135000
2021-11-02,0.6800000071525574,0.6800000071525574,0.6800000071525574,0.6800000071525574,0.6800000071525574,0
2021-11-03,0.6899999976158142,0.6899999976158142,0.6600000262260437,0.6600000262260437,0.6600000262260437,60000
2021-11-04,0.6899999976158142,0.699999988079071,0.6899999976158142,0.6899999976158142,0.6899999976158142,165000
2021-11-05,0.6600000262260437,0.6800000071525574,0.6600000262260437,0.6800000071525574,0.6800000071525574,80000
2021-11-08,0.6600000262260437,0.6600000262260437,0.6600000262260437,0.6600000262260437,0.6600000262260437,10000
2021-11-09,0.6600000262260437,0.6600000262260437,0.6600000262260437,0.6600000262260437,0.6600000262260437,10000
2021-11-10,0.6600000262260437,0.6600000262260437,0.6499999761581421,0.6499999761581421,0.6499999761581421,170000
2021-11-11,0.6499999761581421,0.6499999761581421,0.6499999761581421,0.6499999761581421,0.6499999761581421,0
2021-11-12,0.6499999761581421,0.6499999761581421,0.6399999856948853,0.6399999856948853,0.6399999856948853,75000
2021-11-15,0.6399999856948853,0.6399999856948853,0.5799999833106995,0.6100000143051147,0.6100000143051147,1425000
2021-11-16,0.6100000143051147,0.6499999761581421,0.5899999737739563,0.6200000047683716,0.6200000047683716,795000
2021-11-17,0.6200000047683716,0.6499999761581421,0.6000000238418579,0.6100000143051147,0.6100000143051147,220000
2021-11-18,0.6100000143051147,0.6200000047683716,0.5799999833106995,0.6200000047683716,0.6200000047683716,180000
2021-11-19,0.6200000047683716,0.6700000166893005,0.6000000238418579,0.6100000143051147,0.6100000143051147,1665000
2021-11-22,0.6399999856948853,0.6399999856948853,0.5899999737739563,0.6100000143051147,0.6100000143051147,180000
2021-11-23,0.5899999737739563,0.6000000238418579,0.5799999833106995,0.6000000238418579,0.6000000238418579,200000
2021-11-24,0.5899999737739563,0.6000000238418579,0.5799999833106995,0.5899999737739563,0.5899999737739563,335000
2021-11-25,0.5799999833106995,0.5899999737739563,0.5799999833106995,0.5799999833106995,0.5799999833106995,90000
2021-11-26,0.5699999928474426,0.5699999928474426,0.5600000023841858,0.5600000023841858,0.5600000023841858,70000
2021-11-29,0.5600000023841858,0.5799999833106995,0.5400000214576721,0.5799999833106995,0.5799999833106995,1565000
2021-11-30,0.5899999737739563,0.5899999737739563,0.5699999928474426,0.5699999928474426,0.5699999928474426,630000
2021-12-01,0.5600000023841858,0.5600000023841858,0.5600000023841858,0.5600000023841858,0.5600000023841858,10000
2021-12-02,0.5799999833106995,0.6000000238418579,0.5799999833106995,0.6000000238418579,0.6000000238418579,80000
2021-12-03,0.5699999928474426,0.5799999833106995,0.5699999928474426,0.5799999833106995,0.5799999833106995,555000
2021-12-06,0.5600000023841858,0.5600000023841858,0.5600000023841858,0.5600000023841858,0.5600000023841858,40000
2021-12-07,0.5600000023841858,0.5799999833106995,0.5600000023841858,0.5699999928474426,0.5699999928474426,70000
2021-12-08,0.5699999928474426,0.5699999928474426,0.5699999928474426,0.5699999928474426,0.5699999928474426,0
2021-12-09,0.5699999928474426,0.5699999928474426,0.5600000023841858,0.5600000023841858,0.5600000023841858,65000
2021-12-10,0.5600000023841858,0.5699999928474426,0.5600000023841858,0.5699999928474426,0.5699999928474426,1035000
2021-12-13,0.550000011920929,0.5699999928474426,0.550000011920929,0.5600000023841858,0.5600000023841858,375000
2021-12-14,0.6200000047683716,0.6200000047683716,0.5600000023841858,0.5899999737739563,0.5899999737739563,130000
2021-12-15,0.5899999737739563,0.5899999737739563,0.5400000214576721,0.5699999928474426,0.5699999928474426,125000
2021-12-16,0.5600000023841858,0.5600000023841858,0.550000011920929,0.5600000023841858,0.5600000023841858,105000
2021-12-17,0.5600000023841858,0.5600000023841858,0.5600000023841858,0.5600000023841858,0.5600000023841858,0
2021-12-20,0.550000011920929,0.5699999928474426,0.5099999904632568,0.5299999713897705,0.5299999713897705,1345000
2021-12-21,0.5299999713897705,0.5299999713897705,0.5299999713897705,0.5299999713897705,0.5299999713897705,5000
2021-12-22,0.5299999713897705,0.5299999713897705,0.5199999809265137,0.5299999713897705,0.5299999713897705,155000
2021-12-23,0.5199999809265137,0.5299999713897705,0.5199999809265137,0.5299999713897705,0.5299999713897705,35000
2021-12-24,0.5299999713897705,0.5299999713897705,0.5299999713897705,0.5299999713897705,0.5299999713897705,0
2021-12-28,0.5299999713897705,0.5299999713897705,0.5199999809265137,0.5400000214576721,0.5400000214576721,35000
2021-12-29,0.5299999713897705,0.5400000214576721,0.5299999713897705,0.5400000214576721,0.5400000214576721,20000
2021-12-30,0.5400000214576721,0.5400000214576721,0.5400000214576721,0.550000011920929,0.550000011920929,60000
2021-12-31,0.6000000238418579,0.6000000238418579,0.6000000238418579,0.6000000238418579,0.6000000238418579,0
2022-01-03,0.6000000238418579,0.6100000143051147,0.6000000238418579,0.6000000238418579,0.6000000238418579,135000
2022-01-04,0.6000000238418579,0.6100000143051147,0.6000000238418579,0.6000000238418579,0.6000000238418579,15000
2022-01-05,0.6000000238418579,0.6200000047683716,0.6000000238418579,0.6200000047683716,0.6200000047683716,135000
2022-01-06,0.6000000238418579,0.6000000238418579,0.6000000238418579,0.6000000238418579,0.6000000238418579,90000
2022-01-07,0.6000000238418579,0.6399999856948853,0.6000000238418579,0.6299999952316284,0.6299999952316284,225000
2022-01-10,0.6299999952316284,0.699999988079071,0.6299999952316284,0.6899999976158142,0.6899999976158142,805000
2022-01-11,0.6899999976158142,0.6899999976158142,0.6899999976158142,0.6899999976158142,0.6899999976158142,50000
2022-01-12,0.6899999976158142,0.6899999976158142,0.6899999976158142,0.6899999976158142,0.6899999976158142,25000
2022-01-13,0.6899999976158142,0.6899999976158142,0.6899999976158142,0.6899999976158142,0.6899999976158142,0
2022-01-14,0.6600000262260437,0.6600000262260437,0.6600000262260437,0.6600000262260437,0.6600000262260437,10000
2022-01-17,0.6600000262260437,0.6600000262260437,0.6000000238418579,0.6000000238418579,0.6000000238418579,345000
2022-01-18,0.5799999833106995,0.5799999833106995,0.5799999833106995,0.5799999833106995,0.5799999833106995,5000
2022-01-19,0.5799999833106995,0.5799999833106995,0.5799999833106995,0.5899999737739563,0.5899999737739563,15000
2022-01-20,0.5799999833106995,0.5899999737739563,0.5600000023841858,0.5699999928474426,0.5699999928474426,180000
2022-01-21,0.5600000023841858,0.5600000023841858,0.5600000023841858,0.5699999928474426,0.5699999928474426,10000
2022-01-24,0.5699999928474426,0.5699999928474426,0.5699999928474426,0.5699999928474426,0.5699999928474426,0
2022-01-25,0.5699999928474426,0.5699999928474426,0.5699999928474426,0.5699999928474426,0.5699999928474426,0
2022-01-26,0.5699999928474426,0.5699999928474426,0.5699999928474426,0.5699999928474426,0.5699999928474426,10000
2022-01-27,0.5699999928474426,0.5699999928474426,0.5699999928474426,0.5699999928474426,0.5699999928474426,0
2022-01-28,0.5699999928474426,0.5699999928474426,0.5699999928474426,0.5699999928474426,0.5699999928474426,0
2022-01-31,0.5699999928474426,0.5699999928474426,0.5699999928474426,0.5699999928474426,0.5699999928474426,0
2022-02-04,0.5699999928474426,0.5699999928474426,0.550000011920929,0.5699999928474426,0.5699999928474426,1830000
2022-02-07,0.5699999928474426,0.5699999928474426,0.5699999928474426,0.5699999928474426,0.5699999928474426,10000
2022-02-08,0.5699999928474426,0.6200000047683716,0.5799999833106995,0.6200000047683716,0.6200000047683716,295000
2022-02-09,0.6399999856948853,0.7799999713897705,0.6399999856948853,0.7099999785423279,0.7099999785423279,1240000
2022-02-10,0.699999988079071,0.699999988079071,0.699999988079071,0.699999988079071,0.699999988079071,55000
2022-02-11,0.6899999976158142,0.6899999976158142,0.6899999976158142,0.6899999976158142,0.6899999976158142,0
2022-02-14,0.6499999761581421,0.6600000262260437,0.6499999761581421,0.6600000262260437,0.6600000262260437,20000
2022-02-15,0.6600000262260437,0.6600000262260437,0.6600000262260437,0.6600000262260437,0.6600000262260437,0
2022-02-16,0.6800000071525574,0.6800000071525574,0.6800000071525574,0.6800000071525574,0.6800000071525574,0
2022-02-17,0.6600000262260437,0.6600000262260437,0.6499999761581421,0.6800000071525574,0.6800000071525574,5000
2022-02-18,0.6499999761581421,0.6499999761581421,0.6499999761581421,0.6499999761581421,0.6499999761581421,1200000
2022-02-21,0.6499999761581421,0.6499999761581421,0.6499999761581421,0.6499999761581421,0.6499999761581421,0
2022-02-22,0.6399999856948853,0.6399999856948853,0.6200000047683716,0.6200000047683716,0.6200000047683716,75000
2022-02-23,0.6200000047683716,0.6200000047683716,0.6200000047683716,0.6200000047683716,0.6200000047683716,0
2022-02-24,0.6100000143051147,0.6200000047683716,0.6200000047683716,0.6200000047683716,0.6200000047683716,60000
2022-02-25,0.6200000047683716,0.6200000047683716,0.6200000047683716,0.6200000047683716,0.6200000047683716,0
2022-02-28,0.6200000047683716,0.6200000047683716,0.6200000047683716,0.6200000047683716,0.6200000047683716,0
2022-03-01,0.6100000143051147,0.6100000143051147,0.5899999737739563,0.6100000143051147,0.6100000143051147,170000
2022-03-02,0.6100000143051147,0.5899999737739563,0.5600000023841858,0.5799999833106995,0.5799999833106995,1195000
2022-03-03,0.5899999737739563,0.5899999737739563,0.5899999737739563,0.5899999737739563,0.5899999737739563,0
2022-03-04,0.5899999737739563,0.5899999737739563,0.5899999737739563,0.5899999737739563,0.5899999737739563,220000
2022-03-07,0.6600000262260437,0.6600000262260437,0.5600000023841858,0.5799999833106995,0.5799999833106995,400000
2022-03-08,0.5699999928474426,0.5699999928474426,0.5699999928474426,0.5699999928474426,0.5699999928474426,0
2022-03-09,0.5699999928474426,0.5699999928474426,0.5099999904632568,0.5299999713897705,0.5299999713897705,685000
2022-03-10,0.5299999713897705,0.6000000238418579,0.5299999713897705,0.6000000238418579,0.6000000238418579,485000
2022-03-11,0.6100000143051147,0.6100000143051147,0.550000011920929,0.550000011920929,0.550000011920929,680000
2022-03-14,0.550000011920929,0.550000011920929,0.550000011920929,0.550000011920929,0.550000011920929,0
2022-03-15,0.41999998688697815,0.41999998688697815,0.3100000023841858,0.39500001072883606,0.39500001072883606,4435000
2022-03-16,0.41499999165534973,0.46000000834465027,0.4000000059604645,0.4050000011920929,0.4050000011920929,665000
2022-03-17,0.4050000011920929,0.5,0.4050000011920929,0.5,0.5,1650000
2022-03-18,0.5099999904632568,0.5199999809265137,0.5,0.5199999809265137,0.5199999809265137,265000
2022-03-21,0.5199999809265137,0.5199999809265137,0.5099999904632568,0.5099999904632568,0.5099999904632568,1720000
2022-03-22,0.5099999904632568,0.5099999904632568,0.5099999904632568,0.5099999904632568,0.5099999904632568,50000
2022-03-23,0.5199999809265137,0.5600000023841858,0.5199999809265137,0.550000011920929,0.550000011920929,190000
2022-03-24,0.5099999904632568,0.6000000238418579,0.5099999904632568,0.6000000238418579,0.6000000238418579,415000
2022-03-25,0.5600000023841858,0.6200000047683716,0.5600000023841858,0.6200000047683716,0.6200000047683716,750000
2022-03-28,0.6200000047683716,0.6299999952316284,0.6000000238418579,0.6000000238418579,0.6000000238418579,665000
2022-03-29,0.6000000238418579,0.6000000238418579,0.6000000238418579,0.6000000238418579,0.6000000238418579,25000
2022-03-30,0.6200000047683716,0.6499999761581421,0.6100000143051147,0.6399999856948853,0.6399999856948853,225000
2022-03-31,0.6399999856948853,0.6600000262260437,0.6399999856948853,0.6499999761581421,0.6499999761581421,535000
2022-04-01,0.6600000262260437,0.6800000071525574,0.6399999856948853,0.6600000262260437,0.6600000262260437,290000
2022-04-04,0.6800000071525574,0.6899999976158142,0.6700000166893005,0.6899999976158142,0.6899999976158142,410000
2022-04-06,0.699999988079071,0.7300000190734863,0.6899999976158142,0.7300000190734863,0.7300000190734863,320000
2022-04-07,0.7400000095367432,0.7599999904632568,0.7200000286102295,0.7300000190734863,0.7300000190734863,515000
2022-04-08,0.7599999904632568,0.800000011920929,0.75,0.7900000214576721,0.7900000214576721,1180000
2022-04-11,0.7400000095367432,0.7699999809265137,0.7200000286102295,0.7699999809265137,0.7699999809265137,240000
2022-04-12,0.7599999904632568,0.8199999928474426,0.7599999904632568,0.7900000214576721,0.7900000214576721,495000
2022-04-13,0.800000011920929,0.8399999737739563,0.7799999713897705,0.800000011920929,0.800000011920929,1390000
2022-04-14,0.7599999904632568,0.7900000214576721,0.7599999904632568,0.7799999713897705,0.7799999713897705,185000
2022-04-19,0.7699999809265137,0.7699999809265137,0.7699999809265137,0.7699999809265137,0.7699999809265137,0
2022-04-20,0.7300000190734863,0.7400000095367432,0.7099999785423279,0.7200000286102295,0.7200000286102295,370000
2022-04-21,0.7300000190734863,0.7300000190734863,0.699999988079071,0.7200000286102295,0.7200000286102295,270000
2022-04-22,0.7200000286102295,0.7200000286102295,0.7200000286102295,0.7200000286102295,0.7200000286102295,0
2022-04-25,0.7200000286102295,0.7200000286102295,0.6499999761581421,0.6600000262260437,0.6600000262260437,575000
2022-04-26,0.6600000262260437,0.6600000262260437,0.6399999856948853,0.6499999761581421,0.6499999761581421,50000
2022-04-27,0.6399999856948853,0.6399999856948853,0.6100000143051147,0.6200000047683716,0.6200000047683716,335000
2022-04-28,0.5899999737739563,0.6000000238418579,0.5699999928474426,0.6000000238418579,0.6000000238418579,365000
2022-04-29,0.6000000238418579,0.6000000238418579,0.6000000238418579,0.6000000238418579,0.6000000238418579,60000
2022-05-03,0.6000000238418579,0.6000000238418579,0.6000000238418579,0.6000000238418579,0.6000000238418579,0
2022-05-04,0.6000000238418579,0.6000000238418579,0.6000000238418579,0.6100000143051147,0.6100000143051147,20000
2022-05-05,0.6499999761581421,0.6499999761581421,0.6200000047683716,0.6399999856948853,0.6399999856948853,195000
2022-05-06,0.6100000143051147,0.75,0.6100000143051147,0.75,0.75,640000
2022-05-10,0.7699999809265137,0.8199999928474426,0.7200000286102295,0.800000011920929,0.800000011920929,610000
2022-05-11,0.800000011920929,0.8199999928474426,0.7900000214576721,0.8100000023841858,0.8100000023841858,225000
2022-05-12,0.8100000023841858,0.8199999928474426,0.7400000095367432,0.75,0.75,255000
2022-05-13,0.7699999809265137,0.7699999809265137,0.7699999809265137,0.7699999809265137,0.7699999809265137,0
2022-05-16,0.7699999809265137,0.7699999809265137,0.7699999809265137,0.7699999809265137,0.7699999809265137,0
2022-05-17,0.7300000190734863,0.7300000190734863,0.7200000286102295,0.7300000190734863,0.7300000190734863,15000
2022-05-18,0.7400000095367432,0.7400000095367432,0.7400000095367432,0.7400000095367432,0.7400000095367432,0
2022-05-19,0.7400000095367432,0.7400000095367432,0.7400000095367432,0.75,0.75,40000
2022-05-20,0.75,0.75,0.699999988079071,0.7300000190734863,0.7300000190734863,505000
2022-05-23,0.7300000190734863,0.7400000095367432,0.7300000190734863,0.7300000190734863,0.7300000190734863,30000
2022-05-24,0.7799999713897705,0.7799999713897705,0.7200000286102295,0.7200000286102295,0.7200000286102295,30000
2022-05-25,0.7300000190734863,0.7300000190734863,0.7300000190734863,0.7300000190734863,0.7300000190734863,55000
2022-05-26,0.7300000190734863,0.7300000190734863,0.7300000190734863,0.7300000190734863,0.7300000190734863,5000
2022-05-27,0.7099999785423279,0.75,0.7099999785423279,0.75,0.75,365000
2022-05-30,0.7300000190734863,0.7300000190734863,0.7300000190734863,0.7300000190734863,0.7300000190734863,15000
2022-05-31,0.75,0.75,0.75,0.75,0.75,30000
2022-06-01,0.75,0.75,0.75,0.75,0.75,15000
2022-06-02,0.7699999809265137,0.7799999713897705,0.7699999809265137,0.7799999713897705,0.7799999713897705,25000
2022-06-06,0.75,0.75,0.75,0.75,0.75,0
2022-06-07,0.75,0.75,0.75,0.75,0.75,0
2022-06-08,0.75,0.7599999904632568,0.75,0.7599999904632568,0.7599999904632568,85000
2022-06-09,0.7099999785423279,0.75,0.7099999785423279,0.75,0.75,125000
2022-06-10,0.75,0.7900000214576721,0.75,0.7799999713897705,0.7799999713897705,190000
2022-06-13,0.7599999904632568,0.7599999904632568,0.75,0.75,0.75,110000
2022-06-14,0.75,0.75,0.7400000095367432,0.75,0.75,115000
2022-06-15,0.800000011920929,0.8100000023841858,0.7699999809265137,0.7799999713897705,0.7799999713897705,340000
2022-06-16,0.7799999713897705,0.7799999713897705,0.7400000095367432,0.75,0.75,220000
2022-06-17,0.75,0.75,0.75,0.75,0.75,0
2022-06-20,0.75,0.75,0.75,0.75,0.75,0
2022-06-21,0.75,0.75,0.75,0.75,0.75,0
2022-06-22,0.75,0.75,0.75,0.75,0.75,0
2022-06-23,0.75,0.75,0.75,0.75,0.75,0
2022-06-24,0.75,0.75,0.75,0.75,0.75,0
2022-06-27,0.75,0.75,0.75,0.75,0.75,0
2022-06-28,0.8500000238418579,0.9100000262260437,0.7799999713897705,0.800000011920929,0.800000011920929,10440000
2022-06-29,0.8199999928474426,0.8199999928474426,0.7900000214576721,0.7900000214576721,0.7900000214576721,1190000
2022-06-30,0.7900000214576721,0.800000011920929,0.7900000214576721,0.7900000214576721,0.7900000214576721,2250000
2022-07-04,0.800000011920929,0.800000011920929,0.7900000214576721,0.800000011920929,0.800000011920929,710000
2022-07-05,0.8500000238418579,0.8799999952316284,0.800000011920929,0.8799999952316284,0.8799999952316284,2270000
2022-07-06,0.8799999952316284,1.190000057220459,0.8700000047683716,1.100000023841858,1.100000023841858,11700000
2022-07-07,1.159999966621399,1.2000000476837158,1.0299999713897705,1.0700000524520874,1.0700000524520874,1725000
2022-07-08,1.0199999809265137,1.1299999952316284,1.0,1.1200000047683716,1.1200000047683716,1195000
2022-07-11,1.1299999952316284,1.3799999952316284,1.1100000143051147,1.2799999713897705,1.2799999713897705,5585000
2022-07-12,1.2999999523162842,1.3300000429153442,1.2400000095367432,1.2599999904632568,1.2599999904632568,845000
2022-07-13,1.2599999904632568,1.4500000476837158,1.25,1.2799999713897705,1.2799999713897705,1855000
2022-07-14,1.2999999523162842,1.3899999856948853,1.2799999713897705,1.3799999952316284,1.3799999952316284,790000
2022-07-15,1.350000023841858,1.4299999475479126,1.340000033378601,1.3899999856948853,1.3899999856948853,840000
2022-07-18,1.350000023841858,1.440000057220459,1.350000023841858,1.3600000143051147,1.3600000143051147,1425000
2022-07-19,1.399999976158142,1.399999976158142,1.350000023841858,1.3600000143051147,1.3600000143051147,410000
2022-07-20,1.3600000143051147,1.3600000143051147,1.25,1.2699999809265137,1.2699999809265137,1230000
2022-07-21,1.2899999618530273,1.2999999523162842,1.2899999618530273,1.2899999618530273,1.2899999618530273,155000
2022-07-22,1.3200000524520874,1.3300000429153442,1.1799999475479126,1.2100000381469727,1.2100000381469727,690000
2022-07-25,1.2100000381469727,1.2100000381469727,1.190000057220459,1.190000057220459,1.190000057220459,195000
2022-07-26,1.1699999570846558,1.2000000476837158,1.149999976158142,1.159999966621399,1.159999966621399,145000
2022-07-27,1.1399999856948853,1.2200000286102295,1.1399999856948853,1.1699999570846558,1.1699999570846558,120000
2022-07-28,1.1399999856948853,1.190000057220459,1.1200000047683716,1.1799999475479126,1.1799999475479126,85000
2022-07-29,1.1399999856948853,1.1399999856948853,1.0099999904632568,1.0700000524520874,1.0700000524520874,1095000
2022-08-01,1.0399999618530273,1.100000023841858,1.0099999904632568,1.0700000524520874,1.0700000524520874,230000
2022-08-02,1.0700000524520874,1.0700000524520874,1.0700000524520874,1.0700000524520874,1.0700000524520874,40000
2022-08-03,1.0299999713897705,1.0199999809265137,1.0,1.0,1.0,315000
2022-08-04,1.0,1.0499999523162842,1.0,1.0499999523162842,1.0499999523162842,95000
2022-08-05,1.0099999904632568,1.0099999904632568,1.0099999904632568,1.0199999809265137,1.0199999809265137,10000
2022-08-08,1.0099999904632568,1.0099999904632568,0.9200000166893005,0.9900000095367432,0.9900000095367432,720000
2022-08-09,0.9599999785423279,0.9599999785423279,0.9100000262260437,0.9399999976158142,0.9399999976158142,370000
2022-08-10,1.0099999904632568,1.0099999904632568,0.9800000190734863,1.0099999904632568,1.0099999904632568,215000
2022-08-11,1.0099999904632568,1.1200000047683716,1.0099999904632568,1.100000023841858,1.100000023841858,375000
2022-08-12,1.100000023841858,1.2000000476837158,1.100000023841858,1.2000000476837158,1.2000000476837158,690000
2022-08-15,1.159999966621399,1.159999966621399,1.149999976158142,1.149999976158142,1.149999976158142,35000
2022-08-16,1.100000023841858,1.1100000143051147,1.059999942779541,1.0800000429153442,1.0800000429153442,290000
2022-08-17,1.0499999523162842,1.090000033378601,0.9900000095367432,0.9900000095367432,0.9900000095367432,495000
2022-08-18,0.9900000095367432,1.059999942779541,0.9900000095367432,1.0499999523162842,1.0499999523162842,165000
2022-08-19,1.0,1.0,0.9800000190734863,1.0,1.0,365000
2022-08-22,1.059999942779541,1.059999942779541,1.0099999904632568,1.0099999904632568,1.0099999904632568,75000
2022-08-23,1.0099999904632568,1.0499999523162842,1.0099999904632568,1.0199999809265137,1.0199999809265137,205000
2022-08-24,0.9900000095367432,1.0,0.949999988079071,1.0,1.0,205000
2022-08-25,0.9700000286102295,1.0,0.949999988079071,0.9800000190734863,0.9800000190734863,345000
2022-08-26,0.9599999785423279,0.9599999785423279,0.9399999976158142,0.949999988079071,0.949999988079071,245000
2022-08-29,0.9599999785423279,0.9700000286102295,0.9599999785423279,0.9599999785423279,0.9599999785423279,85000
2022-08-30,0.9599999785423279,0.9599999785423279,0.949999988079071,0.9599999785423279,0.9599999785423279,80000
2022-08-31,0.949999988079071,0.949999988079071,0.949999988079071,0.949999988079071,0.949999988079071,25000
2022-09-01,0.9599999785423279,0.9599999785423279,0.9200000166893005,0.9399999976158142,0.9399999976158142,125000
2022-09-02,0.949999988079071,1.0700000524520874,0.949999988079071,1.0,1.0,3035000
2022-09-05,1.0199999809265137,1.0299999713897705,0.9900000095367432,0.9900000095367432,0.9900000095367432,45000
2022-09-06,1.0,1.0,0.9800000190734863,0.9900000095367432,0.9900000095367432,50000
2022-09-07,0.9599999785423279,0.9900000095367432,0.949999988079071,0.9599999785423279,0.9599999785423279,5305000
2022-09-08,0.9599999785423279,0.9599999785423279,0.9599999785423279,0.9599999785423279,0.9599999785423279,0
2022-09-09,0.9700000286102295,0.9700000286102295,0.9700000286102295,0.9700000286102295,0.9700000286102295,0
2022-09-13,0.9700000286102295,0.9700000286102295,0.9700000286102295,0.9700000286102295,0.9700000286102295,0
2022-09-14,0.9399999976158142,0.9800000190734863,0.9300000071525574,0.9800000190734863,0.9800000190734863,3215000
2022-09-15,0.9800000190734863,0.9800000190734863,0.9800000190734863,0.9800000190734863,0.9800000190734863,0
2022-09-16,0.9800000190734863,0.9800000190734863,0.9800000190734863,0.9800000190734863,0.9800000190734863,0
2022-09-19,0.9200000166893005,0.9399999976158142,0.9200000166893005,0.9300000071525574,0.9300000071525574,2545000
2022-09-20,0.9200000166893005,0.9200000166893005,0.9200000166893005,0.9200000166893005,0.9200000166893005,15000
2022-09-21,0.9100000262260437,0.9100000262260437,0.8700000047683716,0.9200000166893005,0.9200000166893005,80000
2022-09-22,0.9200000166893005,0.949999988079071,0.9200000166893005,0.9399999976158142,0.9399999976158142,160000
2022-09-23,0.9399999976158142,0.9900000095367432,0.9200000166893005,0.9399999976158142,0.9399999976158142,1420000
2022-09-26,0.9399999976158142,0.9800000190734863,0.9399999976158142,0.9399999976158142,0.9399999976158142,680000
2022-09-27,0.9900000095367432,0.9900000095367432,0.9700000286102295,0.9700000286102295,0.9700000286102295,50000
2022-09-28,0.9700000286102295,0.9700000286102295,0.9100000262260437,0.9399999976158142,0.9399999976158142,585000
2022-09-29,0.9399999976158142,0.9399999976158142,0.9399999976158142,0.9399999976158142,0.9399999976158142,0
2022-09-30,0.8999999761581421,0.8999999761581421,0.8399999737739563,0.8700000047683716,0.8700000047683716,370000
2022-10-03,0.8700000047683716,0.8299999833106995,0.5,0.6100000143051147,0.6100000143051147,2120000
2022-10-05,0.6499999761581421,0.8399999737739563,0.6399999856948853,0.8100000023841858,0.8100000023841858,1810000
2022-10-06,0.8299999833106995,0.8500000238418579,0.8100000023841858,0.8500000238418579,0.8500000238418579,115000
2022-10-07,0.800000011920929,0.8500000238418579,0.75,0.8399999737739563,0.8399999737739563,1030000
2022-10-10,0.8500000238418579,0.8500000238418579,0.8399999737739563,0.8399999737739563,0.8399999737739563,210000
2022-10-11,0.8600000143051147,0.8600000143051147,0.8399999737739563,0.8399999737739563,0.8399999737739563,65000
2022-10-12,0.8399999737739563,0.8399999737739563,0.8399999737739563,0.8399999737739563,0.8399999737739563,0
2022-10-13,0.7699999809265137,0.7699999809265137,0.75,0.7599999904632568,0.7599999904632568,835000
2022-10-14,0.8100000023841858,0.8100000023841858,0.7699999809265137,0.7699999809265137,0.7699999809265137,55000
2022-10-17,0.7699999809265137,0.7699999809265137,0.7699999809265137,0.7699999809265137,0.7699999809265137,30000
2022-10-18,0.7900000214576721,0.7900000214576721,0.7900000214576721,0.7900000214576721,0.7900000214576721,5000
2022-10-19,0.7900000214576721,0.7900000214576721,0.7900000214576721,0.7900000214576721,0.7900000214576721,0
2022-10-20,0.8299999833106995,0.8700000047683716,0.8299999833106995,0.8199999928474426,0.8199999928474426,65000
2022-10-21,0.8199999928474426,0.8199999928474426,0.8199999928474426,0.8199999928474426,0.8199999928474426,0
2022-10-24,0.75,0.7799999713897705,0.75,0.75,0.75,35000
2022-10-25,0.7400000095367432,0.75,0.7300000190734863,0.7300000190734863,0.7300000190734863,2935000
2022-10-26,0.7200000286102295,0.800000011920929,0.7200000286102295,0.7900000214576721,0.7900000214576721,25000
2022-10-27,0.7799999713897705,0.7799999713897705,0.7799999713897705,0.7799999713897705,0.7799999713897705,0
2022-10-28,0.699999988079071,0.7799999713897705,0.699999988079071,0.7799999713897705,0.7799999713897705,40000
2022-10-31,0.7799999713897705,0.7799999713897705,0.7799999713897705,0.7799999713897705,0.7799999713897705,5000
2022-11-01,0.7900000214576721,0.7900000214576721,0.7900000214576721,0.7900000214576721,0.7900000214576721,0
2022-11-02,0.7900000214576721,0.7900000214576721,0.7900000214576721,0.7900000214576721,0.7900000214576721,0
2022-11-03,0.75,0.7599999904632568,0.7400000095367432,0.7599999904632568,0.7599999904632568,2500000
2022-11-04,0.7799999713897705,0.8299999833106995,0.800000011920929,0.8299999833106995,0.8299999833106995,65000
2022-11-07,0.8299999833106995,0.8299999833106995,0.8299999833106995,0.8299999833106995,0.8299999833106995,0
2022-11-08,0.75,0.8600000143051147,0.75,0.8600000143051147,0.8600000143051147,25000
2022-11-09,0.8600000143051147,0.8600000143051147,0.8600000143051147,0.8600000143051147,0.8600000143051147,0
2022-11-10,0.8399999737739563,0.8399999737739563,0.8399999737739563,0.8399999737739563,0.8399999737739563,1200000
2022-11-11,0.8399999737739563,0.8399999737739563,0.8399999737739563,0.8399999737739563,0.8399999737739563,0
2022-11-14,0.8399999737739563,0.8399999737739563,0.8399999737739563,0.8399999737739563,0.8399999737739563,0
2022-11-15,0.8799999952316284,0.8799999952316284,0.7699999809265137,0.800000011920929,0.800000011920929,20000
2022-11-16,0.7900000214576721,0.8100000023841858,0.7599999904632568,0.8100000023841858,0.8100000023841858,110000
2022-11-17,0.8100000023841858,0.8299999833106995,0.8100000023841858,0.8299999833106995,0.8299999833106995,1035000
2022-11-18,0.8299999833106995,0.8299999833106995,0.8299999833106995,0.8299999833106995,0.8299999833106995,0
2022-11-21,0.8399999737739563,0.8500000238418579,0.8399999737739563,0.8500000238418579,0.8500000238418579,120000
2022-11-22,0.8700000047683716,0.9200000166893005,0.8700000047683716,0.9200000166893005,0.9200000166893005,245000
2022-11-23,0.9100000262260437,0.9200000166893005,0.8600000143051147,0.8700000047683716,0.8700000047683716,55000
2022-11-24,0.8999999761581421,0.8999999761581421,0.8999999761581421,0.8999999761581421,0.8999999761581421,35000
2022-11-25,0.9100000262260437,0.9100000262260437,0.8999999761581421,0.8999999761581421,0.8999999761581421,20000
2022-11-28,0.8999999761581421,0.8999999761581421,0.8999999761581421,0.8999999761581421,0.8999999761581421,0
2022-11-29,0.8899999856948853,0.8899999856948853,0.8899999856948853,0.8899999856948853,0.8899999856948853,0
2022-11-30,0.8999999761581421,0.8999999761581421,0.8999999761581421,0.8999999761581421,0.8999999761581421,0
2022-12-01,0.8700000047683716,0.8700000047683716,0.8700000047683716,0.8799999952316284,0.8799999952316284,10000
2022-12-02,0.8799999952316284,0.8999999761581421,0.8500000238418579,0.8999999761581421,0.8999999761581421,965000
2022-12-05,0.8999999761581421,0.8999999761581421,0.8700000047683716,0.8700000047683716,0.8700000047683716,3140000
2022-12-06,0.8199999928474426,0.9200000166893005,0.8199999928474426,0.9200000166893005,0.9200000166893005,15000
2022-12-07,0.8999999761581421,0.8999999761581421,0.8999999761581421,0.8999999761581421,0.8999999761581421,0
2022-12-08,0.8999999761581421,0.8999999761581421,0.8999999761581421,0.8999999761581421,0.8999999761581421,0
2022-12-09,0.8299999833106995,0.8299999833106995,0.800000011920929,0.800000011920929,0.800000011920929,280000
2022-12-12,0.8100000023841858,0.8100000023841858,0.7900000214576721,0.7900000214576721,0.7900000214576721,365000
2022-12-13,0.800000011920929,0.800000011920929,0.7900000214576721,0.7900000214576721,0.7900000214576721,70000
2022-12-14,0.7900000214576721,0.7900000214576721,0.7900000214576721,0.7900000214576721,0.7900000214576721,435000
2022-12-15,0.7900000214576721,0.7900000214576721,0.7900000214576721,0.7900000214576721,0.7900000214576721,50000
2022-12-16,0.7900000214576721,0.7900000214576721,0.7900000214576721,0.7900000214576721,0.7900000214576721,0
2022-12-19,0.7799999713897705,0.7799999713897705,0.7799999713897705,0.7799999713897705,0.7799999713897705,0
2022-12-20,0.7900000214576721,0.7900000214576721,0.7900000214576721,0.7900000214576721,0.7900000214576721,0
2022-12-21,0.7900000214576721,0.7900000214576721,0.7900000214576721,0.7900000214576721,0.7900000214576721,0
2022-12-22,0.7900000214576721,0.7900000214576721,0.7900000214576721,0.7900000214576721,0.7900000214576721,0
2022-12-23,0.800000011920929,0.800000011920929,0.800000011920929,0.800000011920929,0.800000011920929,0
2022-12-28,0.800000011920929,0.800000011920929,0.800000011920929,0.800000011920929,0.800000011920929,0
2022-12-29,0.7900000214576721,0.7900000214576721,0.7900000214576721,0.7900000214576721,0.7900000214576721,15000
2022-12-30,0.7699999809265137,0.7900000214576721,0.7099999785423279,0.7699999809265137,0.7699999809265137,310000
2023-01-03,0.7799999713897705,0.7799999713897705,0.699999988079071,0.7799999713897705,0.7799999713897705,365000
2023-01-04,0.7799999713897705,0.7799999713897705,0.7799999713897705,0.7799999713897705,0.7799999713897705,0
2023-01-05,0.800000011920929,0.800000011920929,0.800000011920929,0.800000011920929,0.800000011920929,0
2023-01-06,0.7699999809265137,0.8199999928474426,0.7599999904632568,0.8199999928474426,0.8199999928474426,555000
2023-01-09,0.8199999928474426,0.8199999928474426,0.8199999928474426,0.8199999928474426,0.8199999928474426,0
2023-01-10,0.7799999713897705,0.7799999713897705,0.7799999713897705,0.7799999713897705,0.7799999713897705,0
2023-01-11,0.800000011920929,0.800000011920929,0.800000011920929,0.8100000023841858,0.8100000023841858,40000
2023-01-12,0.800000011920929,0.800000011920929,0.800000011920929,0.800000011920929,0.800000011920929,75000
2023-01-13,0.7900000214576721,0.7900000214576721,0.7900000214576721,0.7900000214576721,0.7900000214576721,0
2023-01-16,0.800000011920929,0.8500000238418579,0.7900000214576721,0.8500000238418579,0.8500000238418579,205000
2023-01-17,0.8600000143051147,0.9100000262260437,0.8500000238418579,0.9100000262260437,0.9100000262260437,200000
2023-01-18,0.9100000262260437,0.9800000190734863,0.8600000143051147,0.949999988079071,0.949999988079071,2245000
2023-01-19,0.9900000095367432,1.0399999618530273,0.9900000095367432,1.0399999618530273,1.0399999618530273,160000
2023-01-20,1.059999942779541,1.090000033378601,1.0499999523162842,1.0499999523162842,1.0499999523162842,145000
2023-01-26,1.0499999523162842,1.0499999523162842,1.0499999523162842,1.0499999523162842,1.0499999523162842,5000
2023-01-27,1.0399999618530273,1.0399999618530273,0.9599999785423279,1.0199999809265137,1.0199999809265137,20000
2023-01-30,1.0199999809265137,1.0199999809265137,1.0199999809265137,1.0199999809265137,1.0199999809265137,0
2023-01-31,1.0199999809265137,1.0199999809265137,1.0199999809265137,1.0199999809265137,1.0199999809265137,15000
2023-02-01,1.0199999809265137,1.0399999618530273,1.0,1.0399999618530273,1.0399999618530273,325000
2023-02-02,0.949999988079071,0.949999988079071,0.9300000071525574,0.9399999976158142,0.9399999976158142,65000
2023-02-03,0.949999988079071,0.949999988079071,0.949999988079071,0.949999988079071,0.949999988079071,0
2023-02-06,0.949999988079071,0.949999988079071,0.949999988079071,0.949999988079071,0.949999988079071,0
2023-02-07,0.8999999761581421,0.9200000166893005,0.8600000143051147,0.9300000071525574,0.9300000071525574,65000
2023-02-08,1.0199999809265137,1.0199999809265137,1.0,1.0,1.0,760000
2023-02-09,1.0,1.0299999713897705,1.0199999809265137,1.0199999809265137,1.0199999809265137,60000
2023-02-10,0.9599999785423279,1.0199999809265137,0.9599999785423279,1.0099999904632568,1.0099999904632568,3065000
2023-02-13,1.0399999618530273,1.1799999475479126,1.0099999904632568,1.159999966621399,1.159999966621399,1525000
2023-02-14,1.1699999570846558,1.1799999475479126,1.090000033378601,1.100000023841858,1.100000023841858,190000
2023-02-15,1.100000023841858,1.100000023841858,1.100000023841858,1.100000023841858,1.100000023841858,5000
2023-02-16,1.0800000429153442,1.090000033378601,1.0800000429153442,1.090000033378601,1.090000033378601,20000
2023-02-17,1.090000033378601,1.090000033378601,1.0700000524520874,1.090000033378601,1.090000033378601,125000
2023-02-20,1.1100000143051147,1.100000023841858,1.090000033378601,1.100000023841858,1.100000023841858,90000
2023-02-21,1.100000023841858,1.100000023841858,1.100000023841858,1.100000023841858,1.100000023841858,0
2023-02-22,1.090000033378601,1.100000023841858,1.090000033378601,1.090000033378601,1.090000033378601,170000
2023-02-23,1.1299999952316284,1.159999966621399,1.090000033378601,1.090000033378601,1.090000033378601,1365000
2023-02-24,1.100000023841858,1.100000023841858,1.100000023841858,1.100000023841858,1.100000023841858,0
2023-02-27,1.100000023841858,1.100000023841858,1.100000023841858,1.100000023841858,1.100000023841858,25000
2023-02-28,1.090000033378601,1.149999976158142,1.090000033378601,1.149999976158142,1.149999976158142,30000
2023-03-01,1.149999976158142,1.149999976158142,1.149999976158142,1.149999976158142,1.149999976158142,0
2023-03-02,1.149999976158142,1.2400000095367432,1.149999976158142,1.159999966621399,1.159999966621399,265000
2023-03-03,1.1699999570846558,1.2200000286102295,1.1699999570846558,1.1699999570846558,1.1699999570846558,300000
2023-03-06,1.1799999475479126,1.1799999475479126,1.1799999475479126,1.1799999475479126,1.1799999475479126,0
2023-03-07,1.159999966621399,1.159999966621399,1.159999966621399,1.190000057220459,1.190000057220459,30000
2023-03-08,1.2000000476837158,1.2400000095367432,1.2000000476837158,1.2400000095367432,1.2400000095367432,65000
2023-03-09,1.25,1.25,1.2000000476837158,1.2400000095367432,1.2400000095367432,160000
2023-03-10,1.2400000095367432,1.2400000095367432,1.2400000095367432,1.2400000095367432,1.2400000095367432,0
2023-03-13,1.25,1.350000023841858,1.25,1.350000023841858,1.350000023841858,115000
2023-03-14,1.350000023841858,1.350000023841858,1.350000023841858,1.350000023841858,1.350000023841858,0
2023-03-15,1.2999999523162842,1.2999999523162842,1.2999999523162842,1.2999999523162842,1.2999999523162842,25000
2023-03-16,1.2999999523162842,1.309999942779541,1.2999999523162842,1.309999942779541,1.309999942779541,105000
2023-03-17,1.309999942779541,1.3300000429153442,1.309999942779541,1.3300000429153442,1.3300000429153442,40000
2023-03-20,1.25,1.2599999904632568,1.25,1.2699999809265137,1.2699999809265137,100000
2023-03-21,1.25,1.2599999904632568,1.25,1.2599999904632568,1.2599999904632568,35000
2023-03-22,1.2699999809265137,1.3899999856948853,1.2699999809265137,1.3899999856948853,1.3899999856948853,250000
2023-03-23,1.350000023841858,1.350000023841858,1.3200000524520874,1.3200000524520874,1.3200000524520874,65000
2023-03-24,1.340000033378601,1.350000023841858,1.3200000524520874,1.340000033378601,1.340000033378601,5000
2023-03-27,1.350000023841858,1.3600000143051147,1.350000023841858,1.3600000143051147,1.3600000143051147,30000
2023-03-28,1.3600000143051147,1.3600000143051147,1.3600000143051147,1.3600000143051147,1.3600000143051147,0
2023-03-29,1.399999976158142,1.4500000476837158,1.3700000047683716,1.4500000476837158,1.4500000476837158,410000
2023-03-30,1.4500000476837158,1.4500000476837158,1.399999976158142,1.440000057220459,1.440000057220459,190000
2023-03-31,1.440000057220459,1.5199999809265137,1.4500000476837158,1.5099999904632568,1.5099999904632568,255000
2023-04-03,1.5299999713897705,1.6799999475479126,1.5199999809265137,1.690000057220459,1.690000057220459,110000
2023-04-04,1.7200000286102295,1.9800000190734863,1.5,1.659999966621399,1.659999966621399,1070000
2023-04-06,1.659999966621399,1.6799999475479126,1.559999942779541,1.6299999952316284,1.6299999952316284,260000
2023-04-11,1.6299999952316284,1.6299999952316284,1.4600000381469727,1.4600000381469727,1.4600000381469727,460000
2023-04-12,1.4600000381469727,1.4600000381469727,1.2999999523162842,1.340000033378601,1.340000033378601,985000
2023-04-13,1.350000023841858,1.399999976158142,1.350000023841858,1.399999976158142,1.399999976158142,675000
2023-04-14,1.3600000143051147,1.399999976158142,1.3200000524520874,1.3300000429153442,1.3300000429153442,175000
2023-04-17,1.340000033378601,1.399999976158142,1.340000033378601,1.399999976158142,1.399999976158142,55000
2023-04-18,1.4199999570846558,1.4199999570846558,1.2999999523162842,1.3700000047683716,1.3700000047683716,400000
2023-04-19,1.2999999523162842,1.309999942779541,1.2899999618530273,1.2899999618530273,1.2899999618530273,90000
2023-04-20,1.2999999523162842,1.2999999523162842,1.25,1.25,1.25,95000
2023-04-21,1.25,1.25,1.1299999952316284,1.25,1.25,185000
2023-04-24,1.25,1.25,1.25,1.25,1.25,15000
2023-04-25,1.25,1.25,1.25,1.25,1.25,5000
2023-04-26,1.2300000190734863,1.2300000190734863,1.2300000190734863,1.2300000190734863,1.2300000190734863,0
2023-04-27,1.2599999904632568,1.2599999904632568,1.159999966621399,1.159999966621399,1.159999966621399,690000
2023-04-28,1.2200000286102295,1.2200000286102295,1.2000000476837158,1.2200000286102295,1.2200000286102295,570000
2023-05-02,1.25,1.25,1.25,1.25,1.25,10000
2023-05-03,1.25,1.25,1.25,1.25,1.25,0
2023-05-04,1.2599999904632568,1.3200000524520874,1.2599999904632568,1.2999999523162842,1.2999999523162842,40000
2023-05-05,1.3200000524520874,1.340000033378601,1.3200000524520874,1.340000033378601,1.340000033378601,60000
2023-05-08,1.340000033378601,1.340000033378601,1.340000033378601,1.340000033378601,1.340000033378601,0
2023-05-09,1.309999942779541,1.309999942779541,1.2799999713897705,1.2799999713897705,1.2799999713897705,410000
2023-05-10,1.2799999713897705,1.2799999713897705,1.2599999904632568,1.2599999904632568,1.2599999904632568,110000
2023-05-11,1.2999999523162842,1.340000033378601,1.2999999523162842,1.340000033378601,1.340000033378601,65000
2023-05-12,1.3600000143051147,1.3600000143051147,1.2999999523162842,1.340000033378601,1.340000033378601,25000
2023-05-15,1.309999942779541,1.340000033378601,1.309999942779541,1.340000033378601,1.340000033378601,15000
2023-05-16,1.3700000047683716,1.4800000190734863,1.3700000047683716,1.4800000190734863,1.4800000190734863,215000
2023-05-17,1.399999976158142,1.399999976158142,1.399999976158142,1.399999976158142,1.399999976158142,15000
2023-05-18,1.399999976158142,1.399999976158142,1.399999976158142,1.399999976158142,1.399999976158142,0
2023-05-19,1.4800000190734863,1.4800000190734863,1.409999966621399,1.4800000190734863,1.4800000190734863,50000
2023-05-22,1.4900000095367432,1.5,1.4900000095367432,1.5,1.5,30000
2023-05-23,1.5,1.5,1.5,1.5,1.5,0
2023-05-24,1.4800000190734863,1.4800000190734863,1.409999966621399,1.409999966621399,1.409999966621399,135000
2023-05-25,1.4500000476837158,1.5199999809265137,1.4500000476837158,1.5199999809265137,1.5199999809265137,155000
2023-05-29,1.5499999523162842,1.5499999523162842,1.5499999523162842,1.5499999523162842,1.5499999523162842,0
2023-05-30,1.5499999523162842,1.559999942779541,1.5499999523162842,1.5499999523162842,1.5499999523162842,115000
2023-05-31,1.5499999523162842,1.600000023841858,1.5499999523162842,1.600000023841858,1.600000023841858,275000
2023-06-01,1.590000033378601,1.590000033378601,1.590000033378601,1.590000033378601,1.590000033378601,20000
2023-06-02,1.600000023841858,1.6299999952316284,1.600000023841858,1.6299999952316284,1.6299999952316284,55000
2023-06-05,1.649999976158142,1.7200000286102295,1.649999976158142,1.7200000286102295,1.7200000286102295,195000
2023-06-06,1.75,1.75,1.7300000190734863,1.7300000190734863,1.7300000190734863,10000
2023-06-07,1.6799999475479126,1.7799999713897705,1.6799999475479126,1.7799999713897705,1.7799999713897705,245000
2023-06-08,1.7200000286102295,1.7200000286102295,1.6399999856948853,1.649999976158142,1.649999976158142,130000
2023-06-09,1.75,1.75,1.75,1.75,1.75,80000
2023-06-12,1.75,1.75,1.75,1.75,1.75,0
2023-06-13,1.7799999713897705,1.7999999523162842,1.6799999475479126,1.690000057220459,1.690000057220459,250000
2023-06-14,1.7899999618530273,1.7999999523162842,1.7000000476837158,1.7100000381469727,1.7100000381469727,290000
2023-06-15,1.7100000381469727,1.8200000524520874,1.7100000381469727,1.8200000524520874,1.8200000524520874,405000
2023-06-16,1.75,1.7599999904632568,1.75,1.75,1.75,85000
2023-06-19,1.75,1.75,1.75,1.75,1.75,0
2023-06-20,1.75,1.75,1.75,1.75,1.75,10000
2023-06-21,1.75,1.75,1.75,1.75,1.75,0
2023-06-23,1.75,1.75,1.75,1.75,1.75,0
2023-06-26,1.75,1.75,1.75,1.75,1.75,0
2023-06-27,1.75,1.75,1.75,1.75,1.75,0
2023-06-28,1.7899999618530273,1.7999999523162842,1.7899999618530273,1.7999999523162842,1.7999999523162842,80000
2023-06-29,1.7999999523162842,1.7999999523162842,1.7999999523162842,1.7999999523162842,1.7999999523162842,0
2023-06-30,1.7899999618530273,1.8200000524520874,1.7899999618530273,1.8200000524520874,1.8200000524520874,275000
2023-07-03,1.809999942779541,1.809999942779541,1.7999999523162842,1.7999999523162842,1.7999999523162842,15000
2023-07-04,1.7899999618530273,1.7899999618530273,1.75,1.75,1.75,95000
2023-07-05,1.7999999523162842,1.7999999523162842,1.7999999523162842,1.7999999523162842,1.7999999523162842,155000
2023-07-06,1.75,1.7599999904632568,1.75,1.7599999904632568,1.7599999904632568,120000
2023-07-07,1.75,1.75,1.75,1.75,1.75,150000
2023-07-10,1.75,1.7999999523162842,1.75,1.75,1.75,120000
2023-07-11,1.75,1.8200000524520874,1.75,1.809999942779541,1.809999942779541,60000
2023-07-12,1.7999999523162842,1.7999999523162842,1.7999999523162842,1.7999999523162842,1.7999999523162842,145000
2023-07-13,1.7999999523162842,1.850000023841858,1.7999999523162842,1.850000023841858,1.850000023841858,465000
2023-07-14,1.850000023841858,1.850000023841858,1.850000023841858,1.850000023841858,1.850000023841858,100000
2023-07-18,1.850000023841858,1.850000023841858,1.850000023841858,1.850000023841858,1.850000023841858,0
2023-07-19,1.850000023841858,1.850000023841858,1.850000023841858,1.850000023841858,1.850000023841858,100000
2023-07-20,1.850000023841858,1.850000023841858,1.7999999523162842,1.809999942779541,1.809999942779541,55000
2023-07-21,1.809999942779541,1.809999942779541,1.809999942779541,1.809999942779541,1.809999942779541,0
2023-07-24,1.7999999523162842,1.7999999523162842,1.7999999523162842,1.7999999523162842,1.7999999523162842,45000
2023-07-25,1.809999942779541,1.809999942779541,1.7999999523162842,1.840000033378601,1.840000033378601,95000
2023-07-26,1.840000033378601,1.840000033378601,1.840000033378601,1.840000033378601,1.840000033378601,30000
2023-07-27,1.809999942779541,1.899999976158142,1.809999942779541,1.899999976158142,1.899999976158142,170000
2023-07-28,1.899999976158142,1.899999976158142,1.899999976158142,1.899999976158142,1.899999976158142,0
2023-07-31,1.899999976158142,1.899999976158142,1.8899999856948853,1.899999976158142,1.899999976158142,120000
2023-08-01,1.899999976158142,1.899999976158142,1.899999976158142,1.899999976158142,1.899999976158142,170000
2023-08-02,1.8799999952316284,1.940000057220459,1.8799999952316284,1.940000057220459,1.940000057220459,55000
2023-08-03,1.940000057220459,1.940000057220459,1.9299999475479126,1.9299999475479126,1.9299999475479126,40000
2023-08-04,1.9500000476837158,1.9500000476837158,1.9500000476837158,1.9500000476837158,1.9500000476837158,145000
2023-08-07,1.899999976158142,1.9700000286102295,1.899999976158142,1.9700000286102295,1.9700000286102295,105000
2023-08-08,1.9700000286102295,1.9700000286102295,1.8899999856948853,1.899999976158142,1.899999976158142,705000
2023-08-09,1.9199999570846558,1.9199999570846558,1.899999976158142,1.899999976158142,1.899999976158142,505000
2023-08-10,1.899999976158142,1.9700000286102295,1.899999976158142,1.9700000286102295,1.9700000286102295,40000
2023-08-11,1.9600000381469727,1.9600000381469727,1.9500000476837158,1.9500000476837158,1.9500000476837158,105000
2023-08-14,1.8600000143051147,2.0,1.8600000143051147,2.0,2.0,215000
2023-08-15,2.0,1.9800000190734863,1.8600000143051147,1.9500000476837158,1.9500000476837158,30000
2023-08-16,1.8899999856948853,1.8899999856948853,1.75,1.75,1.75,130400
2023-08-17,1.7000000476837158,1.7100000381469727,1.6799999475479126,1.690000057220459,1.690000057220459,110000
2023-08-18,1.6799999475479126,1.6799999475479126,1.5399999618530273,1.6299999952316284,1.6299999952316284,255000
2023-08-21,1.6299999952316284,1.7000000476837158,1.5800000429153442,1.7000000476837158,1.7000000476837158,115000
2023-08-22,1.7200000286102295,1.809999942779541,1.7200000286102295,1.8300000429153442,1.8300000429153442,40000
2023-08-23,1.7999999523162842,1.7999999523162842,1.7999999523162842,1.809999942779541,1.809999942779541,10000
2023-08-24,1.940000057220459,1.940000057220459,1.940000057220459,1.940000057220459,1.940000057220459,0
2023-08-25,1.940000057220459,1.9900000095367432,1.840000033378601,1.840000033378601,1.840000033378601,115000
2023-08-28,1.840000033378601,1.9199999570846558,1.840000033378601,1.9199999570846558,1.9199999570846558,505000
2023-08-29,1.940000057220459,1.9500000476837158,1.8700000047683716,1.9500000476837158,1.9500000476837158,910000
2023-08-30,1.899999976158142,1.899999976158142,1.840000033378601,1.8700000047683716,1.8700000047683716,725000
2023-08-31,1.8700000047683716,1.8700000047683716,1.8700000047683716,1.8700000047683716,1.8700000047683716,0
2023-09-04,1.899999976158142,1.9199999570846558,1.899999976158142,1.909999966621399,1.909999966621399,185000
2023-09-05,1.8300000429153442,1.909999966621399,1.7999999523162842,1.909999966621399,1.909999966621399,875000
2023-09-06,1.9199999570846558,1.9900000095367432,1.9199999570846558,1.9900000095367432,1.9900000095367432,1380000
2023-09-07,1.9900000095367432,1.9900000095367432,1.940000057220459,1.9900000095367432,1.9900000095367432,180000
2023-09-11,1.9500000476837158,1.9500000476837158,1.9299999475479126,1.9299999475479126,1.9299999475479126,270000
2023-09-12,1.9299999475479126,1.899999976158142,1.850000023841858,1.899999976158142,1.899999976158142,245000
2023-09-13,1.899999976158142,1.9299999475479126,1.8200000524520874,1.8200000524520874,1.8200000524520874,85000
2023-09-14,1.8300000429153442,1.899999976158142,1.7599999904632568,1.7699999809265137,1.7699999809265137,150000
2023-09-15,1.8899999856948853,1.899999976158142,1.8899999856948853,1.899999976158142,1.899999976158142,110000
2023-09-18,1.8799999952316284,1.8799999952316284,1.809999942779541,1.809999942779541,1.809999942779541,310000
2023-09-19,1.7899999618530273,1.7899999618530273,1.690000057220459,1.7100000381469727,1.7100000381469727,300000
2023-09-20,1.7100000381469727,1.7400000095367432,1.6799999475479126,1.75,1.75,200000
2023-09-21,1.7599999904632568,1.8300000429153442,1.75,1.8200000524520874,1.8200000524520874,90000
2023-09-22,1.8200000524520874,1.850000023841858,1.7699999809265137,1.7699999809265137,1.7699999809265137,465000
2023-09-25,1.7999999523162842,1.840000033378601,1.7999999523162842,1.7999999523162842,1.7999999523162842,165000
2023-09-26,1.7599999904632568,1.7699999809265137,1.7200000286102295,1.7200000286102295,1.7200000286102295,255000
2023-09-27,1.7200000286102295,1.7200000286102295,1.690000057220459,1.690000057220459,1.690000057220459,140000
2023-09-28,1.6799999475479126,1.7599999904632568,1.6799999475479126,1.7400000095367432,1.7400000095367432,485000
2023-09-29,1.6799999475479126,1.690000057220459,1.5299999713897705,1.5700000524520874,1.5700000524520874,160000
2023-10-03,1.600000023841858,1.6299999952316284,1.5399999618530273,1.5499999523162842,1.5499999523162842,180000
2023-10-04,1.590000033378601,1.600000023841858,1.4700000286102295,1.4700000286102295,1.4700000286102295,275000
2023-10-05,1.6200000047683716,1.6399999856948853,1.600000023841858,1.600000023841858,1.600000023841858,280000
2023-10-06,1.600000023841858,1.600000023841858,1.600000023841858,1.600000023841858,1.600000023841858,255000
2023-10-09,1.5499999523162842,1.5499999523162842,1.5399999618530273,1.5499999523162842,1.5499999523162842,120000
2023-10-10,1.5499999523162842,1.5499999523162842,1.5199999809265137,1.5499999523162842,1.5499999523162842,135000
2023-10-11,1.4500000476837158,1.4500000476837158,1.3600000143051147,1.440000057220459,1.440000057220459,375000
2023-10-12,1.440000057220459,1.4500000476837158,1.399999976158142,1.399999976158142,1.399999976158142,160000
2023-10-13,1.399999976158142,1.4500000476837158,1.350000023841858,1.4500000476837158,1.4500000476837158,155000
2023-10-16,1.409999966621399,1.4199999570846558,1.409999966621399,1.4199999570846558,1.4199999570846558,35000
2023-10-17,1.440000057220459,1.440000057220459,1.4199999570846558,1.440000057220459,1.440000057220459,165000
2023-10-18,1.4299999475479126,1.4299999475479126,1.4299999475479126,1.4299999475479126,1.4299999475479126,0
2023-10-19,1.3899999856948853,1.399999976158142,1.3799999952316284,1.3899999856948853,1.3899999856948853,70000
2023-10-20,1.340000033378601,1.340000033378601,1.340000033378601,1.3200000524520874,1.3200000524520874,40000
2023-10-24,1.3300000429153442,1.3300000429153442,1.2100000381469727,1.2100000381469727,1.2100000381469727,680000
2023-10-25,1.2100000381469727,1.2799999713897705,1.2100000381469727,1.25,1.25,130000
2023-10-26,1.2699999809265137,1.2799999713897705,1.2699999809265137,1.2799999713897705,1.2799999713897705,95000
2023-10-27,1.25,1.2799999713897705,1.25,1.2799999713897705,1.2799999713897705,70000
2023-10-30,1.2699999809265137,1.2699999809265137,1.2699999809265137,1.2699999809265137,1.2699999809265137,0
2023-10-31,1.2699999809265137,1.2799999713897705,1.2699999809265137,1.2799999713897705,1.2799999713897705,310000
2023-11-01,1.2799999713897705,1.2799999713897705,1.2799999713897705,1.2799999713897705,1.2799999713897705,0
2023-11-02,1.2799999713897705,1.2599999904632568,1.2599999904632568,1.2599999904632568,1.2599999904632568,165000
2023-11-03,1.2799999713897705,1.3200000524520874,1.2799999713897705,1.3200000524520874,1.3200000524520874,215000
2023-11-06,1.3200000524520874,1.3300000429153442,1.3200000524520874,1.3200000524520874,1.3200000524520874,110000
2023-11-07,1.2999999523162842,1.2999999523162842,1.2999999523162842,1.2999999523162842,1.2999999523162842,0
2023-11-08,1.2400000095367432,1.2400000095367432,1.2400000095367432,1.2400000095367432,1.2400000095367432,45000
2023-11-09,1.2999999523162842,1.2999999523162842,1.2999999523162842,1.2999999523162842,1.2999999523162842,0
2023-11-10,1.2100000381469727,1.340000033378601,1.0,1.0,1.0,2675000
2023-11-13,1.0099999904632568,1.149999976158142,0.9399999976158142,1.100000023841858,1.100000023841858,1115000
2023-11-14,1.2400000095367432,1.25,1.2400000095367432,1.25,1.25,240000
2023-11-15,1.3799999952316284,1.399999976158142,1.1799999475479126,1.399999976158142,1.399999976158142,3345000
2023-11-16,1.399999976158142,1.399999976158142,1.340000033378601,1.399999976158142,1.399999976158142,1485000
2023-11-17,1.399999976158142,1.5499999523162842,1.399999976158142,1.5499999523162842,1.5499999523162842,345000
2023-11-20,1.559999942779541,1.8600000143051147,1.559999942779541,1.8600000143051147,1.8600000143051147,420000
2023-11-21,1.8799999952316284,2.0999999046325684,1.8300000429153442,1.8300000429153442,1.8300000429153442,1760000
2023-11-22,1.8700000047683716,1.8799999952316284,1.8200000524520874,1.8600000143051147,1.8600000143051147,465000
2023-11-23,1.8600000143051147,1.8700000047683716,1.649999976158142,1.7999999523162842,1.7999999523162842,890000
2023-11-24,1.809999942779541,1.840000033378601,1.7999999523162842,1.7999999523162842,1.7999999523162842,100000
2023-11-27,1.8200000524520874,1.899999976158142,1.7899999618530273,1.8700000047683716,1.8700000047683716,290000
2023-11-28,1.899999976158142,1.9800000190734863,1.8600000143051147,1.8899999856948853,1.8899999856948853,440000
2023-11-29,1.840000033378601,1.9299999475479126,1.809999942779541,1.9199999570846558,1.9199999570846558,345000
2023-11-30,1.9199999570846558,1.9700000286102295,1.9199999570846558,1.9700000286102295,1.9700000286102295,330000
2023-12-01,1.9700000286102295,1.9700000286102295,1.899999976158142,1.9500000476837158,1.9500000476837158,65000
2023-12-04,1.9700000286102295,2.0299999713897705,1.9600000381469727,2.0299999713897705,2.0299999713897705,515000
2023-12-05,2.0299999713897705,2.0999999046325684,2.009999990463257,2.0899999141693115,2.0899999141693115,600000
2023-12-06,2.059999942779541,2.130000114440918,2.009999990463257,2.0999999046325684,2.0999999046325684,1065000
2023-12-07,2.069999933242798,2.069999933242798,1.9900000095367432,2.049999952316284,2.049999952316284,195000
2023-12-08,2.049999952316284,2.049999952316284,1.9700000286102295,1.9800000190734863,1.9800000190734863,70000
2023-12-11,1.9900000095367432,2.0799999237060547,1.9900000095367432,2.049999952316284,2.049999952316284,55000
2023-12-12,2.069999933242798,2.069999933242798,2.0,2.0,2.0,55000
2023-12-13,2.0399999618530273,2.0799999237060547,2.0399999618530273,2.059999942779541,2.059999942779541,50000
2023-12-14,2.049999952316284,2.049999952316284,2.049999952316284,2.049999952316284,2.049999952316284,15000
2023-12-15,2.049999952316284,2.109999895095825,2.049999952316284,2.0799999237060547,2.0799999237060547,270000
2023-12-18,2.069999933242798,2.2699999809265137,2.059999942779541,2.2100000381469727,2.2100000381469727,785000
2023-12-19,2.2100000381469727,2.299999952316284,2.2100000381469727,2.2300000190734863,2.2300000190734863,180000
2023-12-20,2.200000047683716,2.200000047683716,2.1500000953674316,2.1600000858306885,2.1600000858306885,80000
2023-12-21,2.130000114440918,2.130000114440918,2.0799999237060547,2.130000114440918,2.130000114440918,35000
2023-12-22,2.190000057220459,2.25,2.190000057220459,2.25,2.25,105000
2023-12-27,2.25,2.299999952316284,2.130000114440918,2.200000047683716,2.200000047683716,615000
2023-12-28,2.299999952316284,2.299999952316284,2.2300000190734863,2.2300000190734863,2.2300000190734863,135000
2023-12-29,2.25,2.3499999046325684,2.25,2.25,2.25,660000
2024-01-02,2.2300000190734863,2.440000057220459,2.1500000953674316,2.2899999618530273,2.2899999618530273,1235000
2024-01-03,2.359999895095825,2.5899999141693115,2.3499999046325684,2.5799999237060547,2.5799999237060547,1420000
2024-01-04,2.5799999237060547,2.740000009536743,2.5,2.6600000858306885,2.6600000858306885,1255000
2024-01-05,2.619999885559082,2.619999885559082,2.4200000762939453,2.4200000762939453,2.4200000762939453,1220000
2024-01-08,2.4100000858306885,2.4200000762939453,2.299999952316284,2.3399999141693115,2.3399999141693115,620000
2024-01-09,2.1500000953674316,2.4000000953674316,2.1500000953674316,2.390000104904175,2.390000104904175,805000
2024-01-10,2.4100000858306885,2.509999990463257,2.109999895095825,2.1700000762939453,2.1700000762939453,1155000
2024-01-11,2.190000057220459,2.380000114440918,2.190000057220459,2.359999895095825,2.359999895095825,960000
2024-01-12,2.190000057220459,2.450000047683716,2.1600000858306885,2.4200000762939453,2.4200000762939453,1475000
2024-01-15,2.4200000762939453,2.4200000762939453,2.4200000762939453,2.4200000762939453,2.4200000762939453,0
2024-01-16,2.4000000953674316,2.4000000953674316,2.299999952316284,2.299999952316284,2.299999952316284,230000
2024-01-17,2.299999952316284,2.299999952316284,2.2300000190734863,2.259999990463257,2.259999990463257,340000
2024-01-18,2.25,2.25,2.2200000286102295,2.25,2.25,120000
2024-01-19,2.2300000190734863,2.299999952316284,2.2300000190734863,2.299999952316284,2.299999952316284,110000
2024-01-22,2.25,2.25,2.25,2.25,2.25,0
2024-01-23,2.25,2.25,2.0999999046325684,2.0999999046325684,2.0999999046325684,1050000
2024-01-24,2.0899999141693115,2.130000114440918,1.7999999523162842,1.9500000476837158,1.9500000476837158,1055000
2024-01-25,1.940000057220459,1.9500000476837158,1.6799999475479126,1.6799999475479126,1.6799999475479126,1545000
2024-01-26,1.7799999713897705,1.7899999618530273,1.659999966621399,1.7599999904632568,1.7599999904632568,255000
2024-01-29,1.7400000095367432,1.7599999904632568,1.5,1.7100000381469727,1.7100000381469727,1410000
2024-01-30,1.6399999856948853,1.7799999713897705,1.6200000047683716,1.7799999713897705,1.7799999713897705,1070000
2024-01-31,1.7699999809265137,1.9800000190734863,1.6299999952316284,1.690000057220459,1.690000057220459,1060000
2024-02-01,1.659999966621399,1.7699999809265137,1.659999966621399,1.7599999904632568,1.7599999904632568,220000
2024-02-02,1.75,1.7799999713897705,1.7400000095367432,1.7400000095367432,1.7400000095367432,125000
2024-02-05,1.809999942779541,1.8300000429153442,1.809999942779541,1.8300000429153442,1.8300000429153442,55000
2024-02-06,1.75,1.8700000047683716,1.75,1.8700000047683716,1.8700000047683716,55000
2024-02-07,1.7999999523162842,1.7999999523162842,1.7899999618530273,1.7899999618530273,1.7899999618530273,15000
2024-02-08,1.7999999523162842,1.7999999523162842,1.75,1.75,1.75,55000
2024-02-09,1.75,1.75,1.75,1.75,1.75,0
2024-02-14,1.7799999713897705,1.7799999713897705,1.7000000476837158,1.75,1.75,670000
2024-02-15,1.7400000095367432,1.7799999713897705,1.6799999475479126,1.7200000286102295,1.7200000286102295,600000
2024-02-16,1.7100000381469727,1.7100000381469727,1.7100000381469727,1.7100000381469727,1.7100000381469727,0
2024-02-19,1.6200000047683716,1.8799999952316284,1.5800000429153442,1.8799999952316284,1.8799999952316284,415000
2024-02-20,1.8799999952316284,2.0399999618530273,1.8200000524520874,1.8300000429153442,1.8300000429153442,700000
2024-02-21,1.8899999856948853,2.0899999141693115,1.8899999856948853,2.049999952316284,2.049999952316284,615000
2024-02-22,2.0799999237060547,2.3299999237060547,2.059999942779541,2.140000104904175,2.140000104904175,855000
2024-02-23,2.0999999046325684,2.4000000953674316,2.190000057220459,2.390000104904175,2.390000104904175,1235000
2024-02-26,2.390000104904175,2.430000066757202,2.200000047683716,2.2899999618530273,2.2899999618530273,1180000
2024-02-27,2.2899999618530273,2.4700000286102295,2.2899999618530273,2.3499999046325684,2.3499999046325684,605000
2024-02-28,2.3499999046325684,2.5,2.3499999046325684,2.4000000953674316,2.4000000953674316,785000
2024-02-29,2.5399999618530273,2.6500000953674316,2.430000066757202,2.549999952316284,2.549999952316284,1190000
2024-03-01,2.549999952316284,2.549999952316284,2.5199999809265137,2.5299999713897705,2.5299999713897705,55000
2024-03-04,2.5399999618530273,2.559999942779541,2.4800000190734863,2.559999942779541,2.559999942779541,510000
2024-03-05,2.5799999237060547,2.6500000953674316,2.5299999713897705,2.5399999618530273,2.5399999618530273,100000
2024-03-06,2.5,2.549999952316284,2.5,2.549999952316284,2.549999952316284,75000
2024-03-07,2.569999933242798,2.5999999046325684,2.5399999618530273,2.559999942779541,2.559999942779541,60000
2024-03-08,2.630000114440918,2.630000114440918,2.630000114440918,2.630000114440918,2.630000114440918,0
2024-03-11,2.6600000858306885,2.6700000762939453,2.630000114440918,2.6700000762939453,2.6700000762939453,500000
2024-03-12,2.6700000762939453,2.680000066757202,2.630000114440918,2.640000104904175,2.640000104904175,500000
2024-03-13,2.7300000190734863,2.819999933242798,2.7300000190734863,2.819999933242798,2.819999933242798,1160000
2024-03-14,2.859999895095825,3.0799999237060547,2.859999895095825,3.0,3.0,650000
2024-03-15,2.880000114440918,3.0199999809265137,2.799999952316284,2.890000104904175,2.890000104904175,120000
2024-03-18,2.890000104904175,2.890000104904175,2.880000114440918,2.880000114440918,2.880000114440918,100000
2024-03-19,2.869999885559082,2.9600000381469727,2.809999942779541,2.9000000953674316,2.9000000953674316,685000
2024-03-20,2.9000000953674316,2.9000000953674316,2.9000000953674316,2.9000000953674316,2.9000000953674316,0
2024-03-21,2.9000000953674316,3.140000104904175,2.859999895095825,2.9700000286102295,2.9700000286102295,940000
2024-03-22,2.9800000190734863,3.0,2.940000057220459,2.9600000381469727,2.9600000381469727,140000
2024-03-25,2.9600000381469727,3.049999952316284,2.9200000762939453,3.049999952316284,3.049999952316284,580000
2024-03-26,3.0999999046325684,3.1600000858306885,3.0299999713897705,3.049999952316284,3.049999952316284,585000
2024-03-27,3.049999952316284,3.0799999237060547,3.0299999713897705,3.059999942779541,3.059999942779541,505000
2024-03-28,3.059999942779541,3.1500000953674316,3.059999942779541,3.069999933242798,3.069999933242798,540000
2024-04-02,3.119999885559082,3.4100000858306885,3.0,3.3499999046325684,3.3499999046325684,605000
2024-04-03,3.380000114440918,3.6500000953674316,3.380000114440918,3.4100000858306885,3.4100000858306885,745000
2024-04-05,3.4000000953674316,3.5999999046325684,3.4000000953674316,3.430000066757202,3.430000066757202,650000
2024-04-08,3.5,3.5899999141693115,3.4700000286102295,3.4700000286102295,3.4700000286102295,345000
2024-04-09,3.549999952316284,3.5799999237060547,3.5399999618530273,3.5399999618530273,3.5399999618530273,210000
2024-04-10,3.559999942779541,3.6500000953674316,3.5,3.549999952316284,3.549999952316284,700000
2024-04-11,3.440000057220459,3.619999885559082,3.440000057220459,3.5,3.5,620000
2024-04-12,3.450000047683716,3.5399999618530273,3.4000000953674316,3.5,3.5,185000
2024-04-15,3.5,3.549999952316284,3.490000009536743,3.490000009536743,3.490000009536743,325000
2024-04-16,3.490000009536743,3.490000009536743,3.4200000762939453,3.4200000762939453,3.4200000762939453,250000
2024-04-17,3.5,3.4700000286102295,3.4200000762939453,3.4200000762939453,3.4200000762939453,140000
2024-04-18,3.490000009536743,3.5799999237060547,3.490000009536743,3.5799999237060547,3.5799999237060547,135000
2024-04-19,3.5,3.5299999713897705,3.5,3.5299999713897705,3.5299999713897705,110000
2024-04-22,3.5399999618530273,3.549999952316284,3.5,3.5,3.5,155000
2024-04-23,3.5199999809265137,3.559999942779541,3.5,3.5399999618530273,3.5399999618530273,600000
2024-04-24,3.5399999618530273,3.569999933242798,3.5299999713897705,3.569999933242798,3.569999933242798,615000
2024-04-25,3.569999933242798,3.630000114440918,3.549999952316284,3.609999895095825,3.609999895095825,650000
2024-04-26,3.609999895095825,3.609999895095825,1.649999976158142,3.049999952316284,3.049999952316284,1345000
2024-04-29,2.9700000286102295,3.0,2.299999952316284,2.569999933242798,2.569999933242798,1675000
2024-04-30,2.509999990463257,3.0899999141693115,2.509999990463257,2.8399999141693115,2.8399999141693115,785000
2024-05-02,2.880000114440918,2.880000114440918,2.880000114440918,2.880000114440918,2.880000114440918,5000
2024-05-03,2.700000047683716,2.890000104904175,2.700000047683716,2.8499999046325684,2.8499999046325684,75000
2024-05-06,2.859999895095825,2.930000066757202,2.859999895095825,2.930000066757202,2.930000066757202,115000
2024-05-07,2.990000009536743,2.990000009536743,2.7799999713897705,2.9000000953674316,2.9000000953674316,595000
2024-05-08,2.9200000762939453,2.9200000762939453,2.630000114440918,2.6600000858306885,2.6600000858306885,595000
2024-05-09,2.819999933242798,2.9100000858306885,2.799999952316284,2.8299999237060547,2.8299999237060547,265000
2024-05-10,2.8299999237060547,2.9800000190734863,2.7300000190734863,2.819999933242798,2.819999933242798,55000
2024-05-13,2.9000000953674316,3.0,2.890000104904175,2.9600000381469727,2.9600000381469727,550000
2024-05-14,2.990000009536743,3.0,2.569999933242798,2.8499999046325684,2.8499999046325684,550000
2024-05-16,3.009999990463257,3.0999999046325684,2.799999952316284,2.799999952316284,2.799999952316284,205000
2024-05-17,2.8499999046325684,2.9700000286102295,2.8499999046325684,2.930000066757202,2.930000066757202,100000
2024-05-20,2.9000000953674316,2.9000000953674316,2.6500000953674316,2.8499999046325684,2.8499999046325684,560000
2024-05-21,2.819999933242798,2.819999933242798,2.609999895095825,2.740000009536743,2.740000009536743,560000
2024-05-22,2.7100000381469727,2.7799999713897705,2.680000066757202,2.75,2.75,590000
2024-05-23,2.7300000190734863,2.940000057220459,2.7300000190734863,2.799999952316284,2.799999952316284,165000
2024-05-24,2.7100000381469727,3.0,2.7100000381469727,2.8299999237060547,2.8299999237060547,580000
2024-05-27,2.700000047683716,3.0,2.700000047683716,3.0,3.0,725000
2024-05-28,2.700000047683716,3.0799999237060547,2.700000047683716,3.0199999809265137,3.0199999809265137,960000
2024-05-29,3.0199999809265137,3.3499999046325684,3.0199999809265137,3.299999952316284,3.299999952316284,1015000
2024-05-30,3.1600000858306885,3.680000066757202,3.130000114440918,3.619999885559082,3.619999885559082,725000
2024-05-31,3.630000114440918,3.809999942779541,3.630000114440918,3.6500000953674316,3.6500000953674316,730000
2024-06-03,3.8499999046325684,4.230000019073486,3.7100000381469727,3.809999942779541,3.809999942779541,880000
2024-06-04,3.6600000858306885,3.880000114440918,3.6600000858306885,3.740000009536743,3.740000009536743,615000
2024-06-05,3.7699999809265137,3.7699999809265137,3.6500000953674316,3.759999990463257,3.759999990463257,550000
2024-06-06,3.309999942779541,3.930000066757202,3.309999942779541,3.559999942779541,3.559999942779541,720000
2024-06-07,3.950000047683716,3.950000047683716,3.549999952316284,3.869999885559082,3.869999885559082,480000
2024-06-11,3.640000104904175,3.880000114440918,3.640000104904175,3.819999933242798,3.819999933242798,60000
2024-06-12,3.759999990463257,3.950000047683716,3.680000066757202,3.7300000190734863,3.7300000190734863,130000
2024-06-13,3.8399999141693115,3.930000066757202,3.609999895095825,3.7200000286102295,3.7200000286102295,455000
2024-06-14,3.609999895095825,3.7799999713897705,3.609999895095825,3.619999885559082,3.619999885559082,205000
2024-06-17,3.7699999809265137,3.8299999237060547,3.619999885559082,3.6500000953674316,3.6500000953674316,455000
2024-06-18,3.7300000190734863,3.8499999046325684,3.700000047683716,3.7200000286102295,3.7200000286102295,145000
2024-06-19,3.940000057220459,3.940000057220459,3.75,3.880000114440918,3.880000114440918,85000
2024-06-20,3.700000047683716,3.700000047683716,3.619999885559082,3.640000104904175,3.640000104904175,30000
2024-06-21,3.8499999046325684,3.8499999046325684,3.609999895095825,3.609999895095825,3.609999895095825,50000
2024-06-24,3.609999895095825,3.609999895095825,3.5399999618530273,3.5399999618530273,3.5399999618530273,30000
2024-06-25,3.6700000762939453,3.700000047683716,3.509999990463257,3.5399999618530273,3.5399999618530273,30000
2024-06-26,3.5,3.680000066757202,3.5,3.509999990463257,3.509999990463257,510000
2024-06-27,3.5,3.640000104904175,3.5,3.5399999618530273,3.5399999618530273,680000
2024-06-28,3.5,3.6500000953674316,3.4000000953674316,3.5299999713897705,3.5299999713897705,565000
2024-07-02,3.3499999046325684,3.450000047683716,3.3499999046325684,3.450000047683716,3.450000047683716,10000
2024-07-03,3.549999952316284,3.549999952316284,3.430000066757202,3.4800000190734863,3.4800000190734863,575000
2024-07-04,3.430000066757202,3.700000047683716,3.430000066757202,3.4600000381469727,3.4600000381469727,160000
2024-07-08,3.430000066757202,3.430000066757202,3.0899999141693115,3.140000104904175,3.140000104904175,170000
2024-07-09,3.4000000953674316,3.4100000858306885,3.2100000381469727,3.2100000381469727,3.2100000381469727,95000
2024-07-10,3.0199999809265137,3.25,3.0199999809265137,3.1500000953674316,3.1500000953674316,60000
2024-07-11,3.1500000953674316,3.1500000953674316,3.1500000953674316,3.1500000953674316,3.1500000953674316,15000
2024-07-12,3.0,3.1500000953674316,3.0,3.1600000858306885,3.1600000858306885,35000
2024-07-15,3.0899999141693115,3.0999999046325684,3.0799999237060547,3.0999999046325684,3.0999999046325684,20000
2024-07-16,3.0,3.200000047683716,2.9000000953674316,3.0199999809265137,3.0199999809265137,195000
2024-07-17,2.809999942779541,3.200000047683716,2.9200000762939453,2.950000047683716,2.950000047683716,445000
2024-07-18,2.8399999141693115,3.3299999237060547,2.8399999141693115,2.880000114440918,2.880000114440918,1570000
2024-07-19,2.990000009536743,3.0999999046325684,2.8499999046325684,2.869999885559082,2.869999885559082,755000
2024-07-22,3.0399999618530273,3.200000047683716,2.9100000858306885,3.049999952316284,3.049999952316284,520000
2024-07-23,3.200000047683716,3.390000104904175,3.200000047683716,3.390000104904175,3.390000104904175,85000
2024-07-24,3.549999952316284,3.8399999141693115,3.549999952316284,3.700000047683716,3.700000047683716,225000
2024-07-25,3.5999999046325684,3.8499999046325684,3.509999990463257,3.5299999713897705,3.5299999713897705,150000
2024-07-26,3.3299999237060547,3.3299999237060547,3.200000047683716,3.25,3.25,105000
2024-07-29,3.2300000190734863,3.299999952316284,3.1500000953674316,3.25,3.25,165000
2024-07-30,3.25,3.450000047683716,3.25,3.3499999046325684,3.3499999046325684,130000
2024-07-31,3.2100000381469727,3.559999942779541,3.2100000381469727,3.3499999046325684,3.3499999046325684,90000
2024-08-01,3.549999952316284,3.5999999046325684,3.359999895095825,3.5999999046325684,3.5999999046325684,580000
2024-08-02,3.5999999046325684,3.990000009536743,3.549999952316284,3.549999952316284,3.549999952316284,460000
2024-08-05,3.9000000953674316,3.930000066757202,3.6700000762939453,3.6700000762939453,3.6700000762939453,450000
2024-08-06,3.559999942779541,3.950000047683716,3.559999942779541,3.7699999809265137,3.7699999809265137,170000
2024-08-07,3.950000047683716,3.990000009536743,3.799999952316284,3.799999952316284,3.799999952316284,470000
2024-08-08,3.7100000381469727,3.9600000381469727,3.630000114440918,3.630000114440918,3.630000114440918,625000
2024-08-09,3.630000114440918,3.880000114440918,3.190000057220459,3.200000047683716,3.200000047683716,2690000
2024-08-12,3.200000047683716,3.799999952316284,3.200000047683716,3.640000104904175,3.640000104904175,1135000
2024-08-13,3.6600000858306885,3.6600000858306885,3.6600000858306885,3.6600000858306885,3.6600000858306885,0
2024-08-14,3.6600000858306885,3.799999952316284,3.5799999237060547,3.5999999046325684,3.5999999046325684,160000
2024-08-15,3.559999942779541,3.559999942779541,3.4600000381469727,3.490000009536743,3.490000009536743,245000
2024-08-16,3.450000047683716,3.450000047683716,3.319999933242798,3.3399999141693115,3.3399999141693115,580000
2024-08-19,3.319999933242798,3.3399999141693115,3.200000047683716,3.3299999237060547,3.3299999237060547,555000
2024-08-20,3.3499999046325684,3.369999885559082,3.2200000286102295,3.2899999618530273,3.2899999618530273,685000
2024-08-21,3.2799999713897705,3.4800000190734863,3.2799999713897705,3.3399999141693115,3.3399999141693115,810000
2024-08-22,3.390000104904175,3.5,3.390000104904175,3.5199999809265137,3.5199999809265137,600000
2024-08-23,3.4100000858306885,3.7799999713897705,3.319999933242798,3.7799999713897705,3.7799999713897705,540000
2024-08-26,3.440000057220459,3.799999952316284,3.440000057220459,3.7699999809265137,3.7699999809265137,515000
2024-08-27,3.7699999809265137,3.880000114440918,3.7699999809265137,3.880000114440918,3.880000114440918,440000
2024-08-28,3.869999885559082,3.9200000762939453,3.6500000953674316,3.8399999141693115,3.8399999141693115,370000
2024-08-29,3.75,3.9000000953674316,3.75,3.8299999237060547,3.8299999237060547,295000
2024-08-30,3.75,3.9200000762939453,3.75,3.890000104904175,3.890000104904175,400000
2024-09-02,3.930000066757202,4.0,3.880000114440918,3.940000057220459,3.940000057220459,670000
2024-09-03,3.8499999046325684,3.8499999046325684,2.799999952316284,3.7200000286102295,3.7200000286102295,830000
2024-09-04,3.75,3.940000057220459,3.75,3.940000057220459,3.940000057220459,240000
2024-09-05,3.799999952316284,3.9600000381469727,3.799999952316284,3.9200000762939453,3.9200000762939453,385000
2024-09-09,3.799999952316284,4.050000190734863,3.950000047683716,3.950000047683716,3.950000047683716,530000
2024-09-10,3.950000047683716,4.099999904632568,3.950000047683716,4.090000152587891,4.090000152587891,730000
2024-09-11,4.0,4.239999771118164,4.0,4.239999771118164,4.239999771118164,255000
2024-09-12,4.239999771118164,4.340000152587891,4.21999979019165,4.21999979019165,4.21999979019165,570000
2024-09-13,4.300000190734863,4.650000095367432,4.300000190734863,4.650000095367432,4.650000095367432,345000
2024-09-16,4.510000228881836,4.900000095367432,4.510000228881836,4.900000095367432,4.900000095367432,260000
2024-09-17,4.599999904632568,5.25,4.599999904632568,5.090000152587891,5.090000152587891,775000
2024-09-19,5.090000152587891,5.550000190734863,5.090000152587891,5.320000171661377,5.320000171661377,600000
2024-09-20,5.800000190734863,5.889999866485596,5.480000019073486,5.489999771118164,5.489999771118164,220000
2024-09-23,5.639999866485596,6.0,5.639999866485596,5.960000038146973,5.960000038146973,725000
2024-09-24,6.380000114440918,6.75,6.349999904632568,6.53000020980835,6.53000020980835,650000
2024-09-25,6.690000057220459,6.920000076293945,6.619999885559082,6.789999961853027,6.789999961853027,525000
2024-09-26,6.900000095367432,7.329999923706055,6.820000171661377,7.329999923706055,7.329999923706055,595000
2024-09-27,7.53000020980835,7.78000020980835,7.53000020980835,7.78000020980835,7.78000020980835,700000
2024-09-30,7.800000190734863,8.300000190734863,7.300000190734863,7.820000171661377,7.820000171661377,975000
2024-10-02,8.25,8.460000038146973,8.100000381469727,8.210000038146973,8.210000038146973,745000
2024-10-03,8.220000267028809,9.0,8.210000038146973,8.800000190734863,8.800000190734863,1265000
2024-10-04,8.90999984741211,9.100000381469727,8.539999961853027,8.600000381469727,8.600000381469727,435000
2024-10-07,8.609999656677246,9.0,7.78000020980835,8.350000381469727,8.350000381469727,1195000
2024-10-08,8.350000381469727,8.680000305175781,8.039999961853027,8.050000190734863,8.050000190734863,385000
2024-10-09,8.569999694824219,9.850000381469727,8.569999694824219,9.850000381469727,9.850000381469727,1210000
2024-10-10,10.0,10.800000190734863,9.949999809265137,10.4399995803833,10.4399995803833,470000
2024-10-14,10.199999809265137,10.479999542236328,9.710000038146973,10.0,10.0,370000
2024-10-15,10.380000114440918,10.380000114440918,9.859999656677246,10.319999694824219,10.319999694824219,185000
2024-10-16,10.380000114440918,11.199999809265137,10.380000114440918,11.199999809265137,11.199999809265137,990000
2024-10-17,11.199999809265137,11.680000305175781,10.859999656677246,11.260000228881836,11.260000228881836,990000
2024-10-18,11.680000305175781,11.800000190734863,10.9399995803833,11.680000305175781,11.680000305175781,915000
2024-10-21,11.699999809265137,11.699999809265137,11.220000267028809,11.380000114440918,11.380000114440918,230000
2024-10-22,11.359999656677246,11.520000457763672,11.34000015258789,11.520000457763672,11.520000457763672,1050000
2024-10-23,11.300000190734863,11.479999542236328,11.0,11.359999656677246,11.359999656677246,180000
2024-10-24,11.399999618530273,11.720000267028809,11.140000343322754,11.720000267028809,11.720000267028809,225000
