Date,Open,High,Low,Close,Adj Close,Volume
2018-10-16,0.6100000143051147,0.699999988079071,0.5600000023841858,0.6299999952316284,0.6299999952316284,129172000
2018-10-18,0.6399999856948853,0.9599999785423279,0.6399999856948853,0.9300000071525574,0.9300000071525574,60736000
2018-10-19,0.9100000262260437,0.9599999785423279,0.7400000095367432,0.7900000214576721,0.7900000214576721,22476000
2018-10-22,0.800000011920929,0.8399999737739563,0.6800000071525574,0.7799999713897705,0.7799999713897705,10420000
2018-10-23,0.7799999713897705,0.8899999856948853,0.75,0.8199999928474426,0.8199999928474426,13440000
2018-10-24,0.8700000047683716,0.8700000047683716,0.6000000238418579,0.7599999904632568,0.7599999904632568,21388000
2018-10-25,0.7300000190734863,0.75,0.7099999785423279,0.75,0.75,916000
2018-10-26,0.7599999904632568,0.8299999833106995,0.75,0.7900000214576721,0.7900000214576721,2480000
2018-10-29,0.800000011920929,0.8700000047683716,0.7900000214576721,0.8199999928474426,0.8199999928474426,3392000
2018-10-30,0.7900000214576721,0.8100000023841858,0.75,0.7599999904632568,0.7599999904632568,760000
2018-10-31,0.75,0.7900000214576721,0.7300000190734863,0.7599999904632568,0.7599999904632568,1504000
2018-11-01,0.7799999713897705,0.800000011920929,0.7400000095367432,0.7400000095367432,0.7400000095367432,560000
2018-11-02,0.75,0.8399999737739563,0.75,0.8399999737739563,0.8399999737739563,2380000
2018-11-05,0.8399999737739563,1.059999942779541,0.7599999904632568,0.9399999976158142,0.9399999976158142,23096000
2018-11-06,0.9900000095367432,1.0,0.8799999952316284,0.9399999976158142,0.9399999976158142,2988000
2018-11-07,0.9399999976158142,0.9800000190734863,0.8799999952316284,0.8999999761581421,0.8999999761581421,4028000
2018-11-08,0.8799999952316284,0.9700000286102295,0.8700000047683716,0.8799999952316284,0.8799999952316284,4220000
2018-11-09,0.8899999856948853,0.9100000262260437,0.8799999952316284,0.8799999952316284,0.8799999952316284,740000
2018-11-12,0.8899999856948853,0.9800000190734863,0.8299999833106995,0.9800000190734863,0.9800000190734863,5004000
2018-11-13,1.0199999809265137,1.100000023841858,0.9300000071525574,0.9700000286102295,0.9700000286102295,8800000
2018-11-14,0.949999988079071,0.9700000286102295,0.8899999856948853,0.9399999976158142,0.9399999976158142,2304000
2018-11-15,0.949999988079071,0.9700000286102295,0.8700000047683716,0.9100000262260437,0.9100000262260437,1848000
2018-11-16,0.8799999952316284,1.0199999809265137,0.8799999952316284,0.9399999976158142,0.9399999976158142,2876000
2018-11-19,0.9700000286102295,1.090000033378601,0.9700000286102295,1.0399999618530273,1.0399999618530273,7540000
2018-11-20,1.0499999523162842,1.0499999523162842,1.0,1.0399999618530273,1.0399999618530273,940000
2018-11-21,1.0299999713897705,1.2000000476837158,1.0299999713897705,1.190000057220459,1.190000057220459,5468000
2018-11-22,1.190000057220459,1.2400000095367432,1.159999966621399,1.1799999475479126,1.1799999475479126,1888000
2018-11-23,1.149999976158142,1.190000057220459,1.1299999952316284,1.1699999570846558,1.1699999570846558,772000
2018-11-26,1.1699999570846558,1.1699999570846558,1.1200000047683716,1.159999966621399,1.159999966621399,584000
2018-11-27,1.1299999952316284,1.2400000095367432,1.1299999952316284,1.2100000381469727,1.2100000381469727,840000
2018-11-28,1.2400000095367432,1.2799999713897705,1.0499999523162842,1.1699999570846558,1.1699999570846558,3356000
2018-11-29,1.1399999856948853,1.2300000190734863,1.1399999856948853,1.1699999570846558,1.1699999570846558,2228000
2018-11-30,1.149999976158142,1.149999976158142,1.1200000047683716,1.1299999952316284,1.1299999952316284,348000
2018-12-03,1.1100000143051147,1.25,1.1100000143051147,1.2400000095367432,1.2400000095367432,1612000
2018-12-04,1.2599999904632568,1.2999999523162842,1.159999966621399,1.2699999809265137,1.2699999809265137,1896000
2018-12-05,1.2699999809265137,1.309999942779541,1.2300000190734863,1.2999999523162842,1.2999999523162842,636000
2018-12-06,1.2899999618530273,1.2999999523162842,1.2599999904632568,1.2799999713897705,1.2799999713897705,180000
2018-12-07,1.2799999713897705,1.399999976158142,1.2799999713897705,1.3799999952316284,1.3799999952316284,924000
2018-12-10,1.3899999856948853,1.4299999475479126,1.340000033378601,1.409999966621399,1.409999966621399,628000
2018-12-11,1.440000057220459,1.4700000286102295,1.3700000047683716,1.4500000476837158,1.4500000476837158,492000
2018-12-12,1.4700000286102295,1.5,1.340000033378601,1.4700000286102295,1.4700000286102295,1824000
2018-12-13,1.4700000286102295,1.4700000286102295,1.409999966621399,1.4600000381469727,1.4600000381469727,64000
2018-12-14,1.409999966621399,1.440000057220459,0.5,0.9100000262260437,0.9100000262260437,32416000
2018-12-17,0.9100000262260437,1.0700000524520874,0.7699999809265137,0.9700000286102295,0.9700000286102295,6708000
2018-12-18,0.9700000286102295,1.1399999856948853,0.9700000286102295,1.1100000143051147,1.1100000143051147,2596000
2018-12-19,1.100000023841858,1.1200000047683716,0.949999988079071,1.0199999809265137,1.0199999809265137,2908000
2018-12-20,1.0199999809265137,1.0499999523162842,0.9800000190734863,0.9900000095367432,0.9900000095367432,368000
2018-12-21,0.9900000095367432,1.0,0.9100000262260437,1.0,1.0,216000
2018-12-24,1.0,1.0099999904632568,1.0,1.0099999904632568,1.0099999904632568,12000
2018-12-27,1.059999942779541,1.1200000047683716,1.0499999523162842,1.090000033378601,1.090000033378601,952000
2018-12-28,1.1200000047683716,1.3200000524520874,1.1200000047683716,1.2899999618530273,1.2899999618530273,2044000
2018-12-31,1.2899999618530273,1.3899999856948853,1.2400000095367432,1.3200000524520874,1.3200000524520874,1108000
2019-01-02,1.350000023841858,1.3799999952316284,1.2400000095367432,1.340000033378601,1.340000033378601,904000
2019-01-03,1.2999999523162842,1.4900000095367432,1.2899999618530273,1.4500000476837158,1.4500000476837158,1288000
2019-01-04,1.5,1.600000023841858,1.4199999570846558,1.4700000286102295,1.4700000286102295,1700000
2019-01-07,1.5399999618530273,1.75,1.4700000286102295,1.7100000381469727,1.7100000381469727,3605500
2019-01-08,1.7300000190734863,1.7799999713897705,1.6699999570846558,1.690000057220459,1.690000057220459,1312000
2019-01-09,1.6399999856948853,1.7799999713897705,1.6200000047683716,1.7599999904632568,1.7599999904632568,1404000
2019-01-10,1.7899999618530273,1.850000023841858,1.7100000381469727,1.7200000286102295,1.7200000286102295,1372000
2019-01-11,1.6799999475479126,1.7699999809265137,1.6799999475479126,1.7200000286102295,1.7200000286102295,612000
2019-01-14,1.7000000476837158,1.7400000095367432,1.649999976158142,1.6799999475479126,1.6799999475479126,380000
2019-01-15,1.6799999475479126,1.690000057220459,1.590000033378601,1.6399999856948853,1.6399999856948853,1304000
2019-01-16,1.6100000143051147,1.659999966621399,1.4800000190734863,1.649999976158142,1.649999976158142,2116000
2019-01-17,1.6299999952316284,1.8799999952316284,1.6299999952316284,1.8799999952316284,1.8799999952316284,896000
2019-01-18,1.7599999904632568,1.8799999952316284,1.6799999475479126,1.840000033378601,1.840000033378601,156000
2019-01-21,1.8600000143051147,1.909999966621399,1.8600000143051147,1.8700000047683716,1.8700000047683716,88000
2019-01-22,1.899999976158142,1.899999976158142,1.7999999523162842,1.8300000429153442,1.8300000429153442,48000
2019-01-23,1.850000023841858,1.9600000381469727,1.850000023841858,1.899999976158142,1.899999976158142,260000
2019-01-24,1.899999976158142,1.9299999475479126,1.850000023841858,1.8700000047683716,1.8700000047683716,40000
2019-01-25,1.899999976158142,1.899999976158142,1.5099999904632568,1.840000033378601,1.840000033378601,3542000
2019-01-28,1.7999999523162842,1.8200000524520874,1.7999999523162842,1.7999999523162842,1.7999999523162842,140000
2019-01-29,1.7000000476837158,1.8700000047683716,1.7000000476837158,1.7999999523162842,1.7999999523162842,4300000
2019-01-30,1.7999999523162842,1.7999999523162842,1.7999999523162842,1.7999999523162842,1.7999999523162842,0
2019-01-31,1.7799999713897705,1.8799999952316284,1.7799999713897705,1.8700000047683716,1.8700000047683716,280000
2019-02-01,1.8700000047683716,1.8700000047683716,1.8700000047683716,1.8700000047683716,1.8700000047683716,0
2019-02-04,1.8700000047683716,1.8700000047683716,1.8700000047683716,1.8700000047683716,1.8700000047683716,0
2019-02-08,1.8600000143051147,1.8600000143051147,1.8600000143051147,1.8600000143051147,1.8600000143051147,60000
2019-02-11,1.8300000429153442,1.8300000429153442,1.8300000429153442,1.8300000429153442,1.8300000429153442,0
2019-02-12,1.8300000429153442,1.8300000429153442,1.8200000524520874,1.8200000524520874,1.8200000524520874,252000
2019-02-13,1.8200000524520874,1.8300000429153442,1.7400000095367432,1.7799999713897705,1.7799999713897705,1256000
2019-02-14,1.75,1.75,1.7100000381469727,1.7400000095367432,1.7400000095367432,216000
2019-02-15,1.5399999618530273,1.7000000476837158,1.340000033378601,1.6799999475479126,1.6799999475479126,192000
2019-02-18,1.7799999713897705,1.7799999713897705,1.7799999713897705,1.7799999713897705,1.7799999713897705,40000
2019-02-19,1.75,1.8600000143051147,1.7400000095367432,1.7400000095367432,1.7400000095367432,1272000
2019-02-20,1.840000033378601,1.840000033378601,1.7400000095367432,1.7400000095367432,1.7400000095367432,20000
2019-02-21,1.850000023841858,1.850000023841858,1.6799999475479126,1.7400000095367432,1.7400000095367432,112000
2019-02-22,1.7400000095367432,1.7599999904632568,1.7400000095367432,1.7400000095367432,1.7400000095367432,2412000
2019-02-25,1.7400000095367432,1.7400000095367432,1.5800000429153442,1.7000000476837158,1.7000000476837158,216000
2019-02-26,1.7000000476837158,1.7200000286102295,1.659999966621399,1.690000057220459,1.690000057220459,180000
2019-02-27,1.7300000190734863,1.7300000190734863,1.600000023841858,1.6100000143051147,1.6100000143051147,3064000
2019-02-28,1.6799999475479126,1.7000000476837158,1.659999966621399,1.659999966621399,1.659999966621399,128000
2019-03-01,1.659999966621399,1.7200000286102295,1.4800000190734863,1.7000000476837158,1.7000000476837158,60000
2019-03-04,1.6799999475479126,1.6399999856948853,1.600000023841858,1.6399999856948853,1.6399999856948853,76000
2019-03-05,1.5299999713897705,1.590000033378601,1.5299999713897705,1.5399999618530273,1.5399999618530273,1348000
2019-03-06,1.5199999809265137,1.5199999809265137,1.3799999952316284,1.4700000286102295,1.4700000286102295,1096000
2019-03-07,1.4700000286102295,1.4700000286102295,1.3799999952316284,1.4299999475479126,1.4299999475479126,860000
2019-03-08,1.4500000476837158,1.559999942779541,1.399999976158142,1.440000057220459,1.440000057220459,1476000
2019-03-11,1.4500000476837158,1.4299999475479126,1.350000023841858,1.350000023841858,1.350000023841858,1248000
2019-03-12,1.3700000047683716,1.399999976158142,1.2899999618530273,1.399999976158142,1.399999976158142,184000
2019-03-13,1.399999976158142,1.399999976158142,1.3899999856948853,1.399999976158142,1.399999976158142,1088000
2019-03-14,1.4199999570846558,1.440000057220459,1.3700000047683716,1.3899999856948853,1.3899999856948853,4036000
2019-03-15,1.3300000429153442,1.4800000190734863,1.3300000429153442,1.4500000476837158,1.4500000476837158,36000
2019-03-18,1.4500000476837158,1.4700000286102295,1.3200000524520874,1.399999976158142,1.399999976158142,896000
2019-03-19,1.409999966621399,1.409999966621399,1.3899999856948853,1.409999966621399,1.409999966621399,300000
2019-03-20,1.350000023841858,1.399999976158142,1.350000023841858,1.3899999856948853,1.3899999856948853,312000
2019-03-21,1.2899999618530273,1.409999966621399,1.2599999904632568,1.3700000047683716,1.3700000047683716,856000
2019-03-22,1.399999976158142,1.4500000476837158,1.190000057220459,1.2699999809265137,1.2699999809265137,452000
2019-03-25,1.2000000476837158,1.2999999523162842,1.1200000047683716,1.2599999904632568,1.2599999904632568,848000
2019-03-26,1.2300000190734863,1.3799999952316284,1.2300000190734863,1.309999942779541,1.309999942779541,112000
2019-03-27,1.2999999523162842,1.399999976158142,1.190000057220459,1.3799999952316284,1.3799999952316284,932000
2019-03-28,1.3600000143051147,1.409999966621399,1.3600000143051147,1.3799999952316284,1.3799999952316284,356000
2019-03-29,1.4500000476837158,1.4600000381469727,1.4500000476837158,1.4600000381469727,1.4600000381469727,76000
2019-04-01,1.5,1.5499999523162842,1.5,1.5499999523162842,1.5499999523162842,148000
2019-04-02,1.5399999618530273,1.7799999713897705,1.5399999618530273,1.7000000476837158,1.7000000476837158,196000
2019-04-03,1.7899999618530273,1.840000033378601,1.4199999570846558,1.7000000476837158,1.7000000476837158,916000
2019-04-04,1.7999999523162842,1.8799999952316284,1.75,1.8799999952316284,1.8799999952316284,428000
2019-04-08,1.9199999570846558,2.0799999237060547,1.909999966621399,2.0799999237060547,2.0799999237060547,836000
2019-04-09,2.0999999046325684,2.0999999046325684,1.8799999952316284,1.9700000286102295,1.9700000286102295,240000
2019-04-10,1.7799999713897705,1.940000057220459,1.7699999809265137,1.9299999475479126,1.9299999475479126,152000
2019-04-11,1.7599999904632568,1.899999976158142,1.7599999904632568,1.850000023841858,1.850000023841858,4144000
2019-04-12,1.8799999952316284,1.8799999952316284,1.7899999618530273,1.809999942779541,1.809999942779541,116000
2019-04-15,1.7899999618530273,1.7899999618530273,1.7899999618530273,1.7899999618530273,1.7899999618530273,0
2019-04-16,1.7000000476837158,1.75,1.6799999475479126,1.7400000095367432,1.7400000095367432,1100000
2019-04-17,1.75,1.75,1.75,1.75,1.75,0
2019-04-18,1.6299999952316284,1.6299999952316284,1.600000023841858,1.6299999952316284,1.6299999952316284,832000
2019-04-23,1.6799999475479126,1.75,1.649999976158142,1.7100000381469727,1.7100000381469727,884000
2019-04-24,1.6699999570846558,1.7300000190734863,1.659999966621399,1.7200000286102295,1.7200000286102295,804000
2019-04-25,1.600000023841858,1.600000023841858,1.190000057220459,1.4500000476837158,1.4500000476837158,1168000
2019-04-26,1.4500000476837158,1.4900000095367432,1.399999976158142,1.4900000095367432,1.4900000095367432,1008000
2019-04-29,1.5,1.5199999809265137,1.3799999952316284,1.4600000381469727,1.4600000381469727,1036000
2019-04-30,1.4600000381469727,1.590000033378601,1.399999976158142,1.590000033378601,1.590000033378601,196000
2019-05-02,1.690000057220459,1.690000057220459,1.6799999475479126,1.6699999570846558,1.6699999570846558,12000
2019-05-03,1.4700000286102295,1.690000057220459,1.4600000381469727,1.6200000047683716,1.6200000047683716,124000
2019-05-06,1.6299999952316284,1.6299999952316284,1.4299999475479126,1.600000023841858,1.600000023841858,64000
2019-05-07,1.600000023841858,1.659999966621399,1.5800000429153442,1.6200000047683716,1.6200000047683716,2036000
2019-05-08,1.6200000047683716,1.6200000047683716,1.399999976158142,1.4900000095367432,1.4900000095367432,936000
2019-05-09,1.4800000190734863,1.4800000190734863,1.2699999809265137,1.350000023841858,1.350000023841858,284000
2019-05-10,1.350000023841858,1.399999976158142,1.0299999713897705,1.3700000047683716,1.3700000047683716,3480000
2019-05-14,1.440000057220459,1.4900000095367432,1.340000033378601,1.399999976158142,1.399999976158142,76000
2019-05-15,1.309999942779541,1.3200000524520874,0.949999988079071,1.0800000429153442,1.0800000429153442,3252000
2019-05-16,1.2000000476837158,1.2799999713897705,1.1299999952316284,1.2000000476837158,1.2000000476837158,616000
2019-05-17,1.100000023841858,1.190000057220459,1.0,1.190000057220459,1.190000057220459,4312000
2019-05-20,1.190000057220459,1.2799999713897705,1.190000057220459,1.2100000381469727,1.2100000381469727,1128000
2019-05-21,1.1299999952316284,1.25,1.0199999809265137,1.2000000476837158,1.2000000476837158,4692000
2019-05-22,1.2400000095367432,1.2699999809265137,1.159999966621399,1.25,1.25,868000
2019-05-23,1.2400000095367432,1.2400000095367432,1.100000023841858,1.1699999570846558,1.1699999570846558,9720000
2019-05-24,1.1399999856948853,1.2599999904632568,1.1299999952316284,1.2599999904632568,1.2599999904632568,276000
2019-05-27,1.2000000476837158,1.2999999523162842,1.1699999570846558,1.2899999618530273,1.2899999618530273,232000
2019-05-28,1.2599999904632568,1.4600000381469727,1.2400000095367432,1.3200000524520874,1.3200000524520874,488000
2019-05-29,1.2599999904632568,1.3899999856948853,1.25,1.3799999952316284,1.3799999952316284,852000
2019-05-30,1.3300000429153442,1.4199999570846558,1.2999999523162842,1.3300000429153442,1.3300000429153442,12256000
2019-05-31,1.3700000047683716,1.3899999856948853,1.2999999523162842,1.350000023841858,1.350000023841858,260000
2019-06-03,1.3600000143051147,1.3600000143051147,1.3600000143051147,1.3600000143051147,1.3600000143051147,0
2019-06-04,1.2999999523162842,1.3899999856948853,1.2799999713897705,1.3300000429153442,1.3300000429153442,8180000
2019-06-05,1.2899999618530273,1.3700000047683716,1.059999942779541,1.1100000143051147,1.1100000143051147,16380000
2019-06-06,1.1299999952316284,1.2300000190734863,1.1299999952316284,1.1699999570846558,1.1699999570846558,1376000
2019-06-10,1.2300000190734863,1.2400000095367432,1.190000057220459,1.2000000476837158,1.2000000476837158,112000
2019-06-11,1.1699999570846558,1.2999999523162842,1.1299999952316284,1.25,1.25,568000
2019-06-12,1.25,1.340000033378601,1.2400000095367432,1.3300000429153442,1.3300000429153442,374000
2019-06-13,1.340000033378601,1.3700000047683716,1.309999942779541,1.309999942779541,1.309999942779541,28000
2019-06-14,1.350000023841858,1.350000023841858,1.25,1.3200000524520874,1.3200000524520874,104000
2019-06-17,1.3700000047683716,1.3700000047683716,1.2400000095367432,1.350000023841858,1.350000023841858,56000
2019-06-18,1.350000023841858,1.5,1.2999999523162842,1.4900000095367432,1.4900000095367432,598000
2019-06-19,1.4900000095367432,1.649999976158142,1.4900000095367432,1.6299999952316284,1.6299999952316284,812000
2019-06-20,1.690000057220459,1.7000000476837158,1.6399999856948853,1.7000000476837158,1.7000000476837158,132000
2019-06-21,1.600000023841858,1.690000057220459,1.590000033378601,1.6799999475479126,1.6799999475479126,892000
2019-06-24,1.309999942779541,1.690000057220459,1.309999942779541,1.649999976158142,1.649999976158142,816000
2019-06-25,1.4900000095367432,1.4900000095367432,1.149999976158142,1.440000057220459,1.440000057220459,2416000
2019-06-26,1.2599999904632568,1.4500000476837158,1.2599999904632568,1.350000023841858,1.350000023841858,896000
2019-06-27,1.3700000047683716,1.440000057220459,1.3700000047683716,1.4199999570846558,1.4199999570846558,1124000
2019-06-28,1.8799999952316284,1.8799999952316284,1.3799999952316284,1.4900000095367432,1.4900000095367432,908000
2019-07-02,1.6799999475479126,1.6799999475479126,1.399999976158142,1.5399999618530273,1.5399999618530273,88000
2019-07-03,1.5299999713897705,1.5299999713897705,1.3700000047683716,1.4900000095367432,1.4900000095367432,848000
2019-07-04,1.4800000190734863,1.5399999618530273,1.440000057220459,1.5399999618530273,1.5399999618530273,140000
2019-07-05,1.5299999713897705,1.5800000429153442,1.5,1.5099999904632568,1.5099999904632568,44000
2019-07-08,1.4900000095367432,1.5700000524520874,1.440000057220459,1.440000057220459,1.440000057220459,132000
2019-07-09,1.649999976158142,1.649999976158142,1.4500000476837158,1.5099999904632568,1.5099999904632568,252000
2019-07-10,1.4600000381469727,1.590000033378601,1.4500000476837158,1.590000033378601,1.590000033378601,56000
2019-07-11,1.5800000429153442,1.5800000429153442,1.5299999713897705,1.5299999713897705,1.5299999713897705,12000
2019-07-12,1.5199999809265137,1.5199999809265137,1.440000057220459,1.5099999904632568,1.5099999904632568,20000
2019-07-15,1.5099999904632568,1.590000033378601,1.4600000381469727,1.590000033378601,1.590000033378601,64000
2019-07-16,1.5800000429153442,1.5800000429153442,1.5800000429153442,1.5800000429153442,1.5800000429153442,0
2019-07-17,1.590000033378601,1.590000033378601,1.590000033378601,1.590000033378601,1.590000033378601,0
2019-07-18,1.590000033378601,1.6100000143051147,1.4299999475479126,1.4700000286102295,1.4700000286102295,36000
2019-07-19,1.5,1.559999942779541,1.5,1.559999942779541,1.559999942779541,48000
2019-07-22,1.399999976158142,1.5499999523162842,1.399999976158142,1.5099999904632568,1.5099999904632568,24000
2019-07-23,1.5099999904632568,1.5099999904632568,1.5099999904632568,1.5099999904632568,1.5099999904632568,0
2019-07-24,1.4600000381469727,1.4700000286102295,1.4600000381469727,1.4600000381469727,1.4600000381469727,44000
2019-07-25,1.4800000190734863,1.4800000190734863,1.4299999475479126,1.4700000286102295,1.4700000286102295,12000
2019-07-26,1.4800000190734863,1.5099999904632568,1.4700000286102295,1.5099999904632568,1.5099999904632568,16000
2019-07-29,1.5700000524520874,1.5700000524520874,1.5700000524520874,1.5700000524520874,1.5700000524520874,0
2019-07-30,1.6299999952316284,1.6299999952316284,1.5499999523162842,1.5499999523162842,1.5499999523162842,504000
2019-07-31,1.5499999523162842,1.5499999523162842,1.5499999523162842,1.5499999523162842,1.5499999523162842,0
2019-08-01,1.600000023841858,1.600000023841858,1.600000023841858,1.600000023841858,1.600000023841858,12000
2019-08-02,1.600000023841858,1.649999976158142,1.600000023841858,1.649999976158142,1.649999976158142,132000
2019-08-05,1.649999976158142,1.649999976158142,1.649999976158142,1.649999976158142,1.649999976158142,0
2019-08-06,1.6200000047683716,1.6200000047683716,1.6200000047683716,1.6200000047683716,1.6200000047683716,0
2019-08-07,1.600000023841858,1.6799999475479126,1.600000023841858,1.6799999475479126,1.6799999475479126,16000
2019-08-08,1.6200000047683716,1.659999966621399,1.600000023841858,1.649999976158142,1.649999976158142,92000
2019-08-09,1.649999976158142,1.649999976158142,1.5299999713897705,1.6399999856948853,1.6399999856948853,240000
2019-08-12,1.6699999570846558,1.6699999570846558,1.6699999570846558,1.6699999570846558,1.6699999570846558,0
2019-08-13,1.659999966621399,1.659999966621399,1.5399999618530273,1.5399999618530273,1.5399999618530273,204000
2019-08-14,1.659999966621399,1.8300000429153442,1.659999966621399,1.8300000429153442,1.8300000429153442,100000
2019-08-15,1.809999942779541,1.809999942779541,1.809999942779541,1.809999942779541,1.809999942779541,40000
2019-08-16,1.8300000429153442,1.8799999952316284,1.8200000524520874,1.8799999952316284,1.8799999952316284,60000
2019-08-19,1.8799999952316284,2.0,1.8799999952316284,1.9900000095367432,1.9900000095367432,192000
2019-08-20,1.899999976158142,1.9900000095367432,1.899999976158142,1.9900000095367432,1.9900000095367432,48000
2019-08-21,1.9800000190734863,2.049999952316284,1.8700000047683716,2.0,2.0,208000
2019-08-22,1.850000023841858,1.9199999570846558,1.690000057220459,1.75,1.75,4292000
2019-08-23,1.75,1.850000023841858,1.7000000476837158,1.840000033378601,1.840000033378601,268000
2019-08-26,1.7100000381469727,1.7999999523162842,1.7000000476837158,1.7999999523162842,1.7999999523162842,172000
2019-08-27,1.75,1.850000023841858,1.7000000476837158,1.850000023841858,1.850000023841858,380000
2019-08-28,1.850000023841858,1.850000023841858,1.850000023841858,1.850000023841858,1.850000023841858,0
2019-08-29,1.840000033378601,1.850000023841858,1.840000033378601,1.850000023841858,1.850000023841858,88000
2019-08-30,1.8300000429153442,1.8300000429153442,1.8300000429153442,1.8300000429153442,1.8300000429153442,20000
2019-09-02,1.8200000524520874,2.0999999046325684,1.809999942779541,2.0399999618530273,2.0399999618530273,252000
2019-09-03,2.009999990463257,2.0899999141693115,1.899999976158142,2.0899999141693115,2.0899999141693115,356000
2019-09-04,2.0799999237060547,2.1500000953674316,1.9800000190734863,2.140000104904175,2.140000104904175,316000
2019-09-05,2.130000114440918,2.2799999713897705,2.130000114440918,2.259999990463257,2.259999990463257,292000
2019-09-06,2.4000000953674316,2.569999933242798,2.2699999809265137,2.299999952316284,2.299999952316284,2752000
2019-09-09,2.450000047683716,2.450000047683716,2.240000009536743,2.240000009536743,2.240000009536743,128000
2019-09-10,2.440000057220459,2.5,2.0799999237060547,2.2799999713897705,2.2799999713897705,308000
2019-09-11,2.4800000190734863,2.4800000190734863,2.0799999237060547,2.3399999141693115,2.3399999141693115,320000
2019-09-12,2.3399999141693115,2.3499999046325684,2.0999999046325684,2.3499999046325684,2.3499999046325684,460000
2019-09-13,2.3399999141693115,2.3399999141693115,2.25,2.3399999141693115,2.3399999141693115,2412000
2019-09-16,2.2100000381469727,3.0,2.2100000381469727,3.0,3.0,696000
2019-09-17,2.9800000190734863,2.9800000190734863,2.5899999141693115,2.950000047683716,2.950000047683716,856000
2019-09-18,2.950000047683716,3.5999999046325684,2.809999942779541,3.4700000286102295,3.4700000286102295,1544000
2019-09-19,3.4600000381469727,3.4600000381469727,3.25,3.4000000953674316,3.4000000953674316,672000
2019-09-20,3.309999942779541,3.5999999046325684,3.200000047683716,3.549999952316284,3.549999952316284,1376000
2019-09-23,3.490000009536743,3.490000009536743,2.890000104904175,3.0,3.0,1492000
2019-09-24,3.0,3.2200000286102295,2.859999895095825,2.990000009536743,2.990000009536743,264000
2019-09-25,3.0999999046325684,3.0999999046325684,3.0,3.0,3.0,20000
2019-09-26,3.0,3.0,2.990000009536743,2.990000009536743,2.990000009536743,28000
2019-09-27,3.0,3.0,2.6500000953674316,2.9700000286102295,2.9700000286102295,380000
2019-09-30,3.2100000381469727,3.2100000381469727,2.700000047683716,2.950000047683716,2.950000047683716,236000
2019-10-02,2.75,2.9100000858306885,2.7200000286102295,2.759999990463257,2.759999990463257,112000
2019-10-03,2.9600000381469727,2.9600000381469727,2.309999942779541,2.700000047683716,2.700000047683716,76000
2019-10-04,2.6500000953674316,2.690000057220459,2.4800000190734863,2.619999885559082,2.619999885559082,224000
2019-10-08,2.630000114440918,2.630000114440918,2.299999952316284,2.490000009536743,2.490000009536743,188000
2019-10-09,2.4100000858306885,2.5,2.0,2.390000104904175,2.390000104904175,380000
2019-10-10,2.5899999141693115,2.5899999141693115,2.450000047683716,2.450000047683716,2.450000047683716,28000
2019-10-11,2.4200000762939453,2.450000047683716,2.200000047683716,2.380000114440918,2.380000114440918,100000
2019-10-14,2.440000057220459,2.450000047683716,2.119999885559082,2.200000047683716,2.200000047683716,980000
2019-10-15,2.299999952316284,2.4100000858306885,2.1700000762939453,2.3299999237060547,2.3299999237060547,216000
2019-10-16,2.4200000762939453,2.4200000762939453,2.0,2.390000104904175,2.390000104904175,256000
2019-10-17,2.430000066757202,2.5399999618530273,2.0,2.3499999046325684,2.3499999046325684,648000
2019-10-18,2.380000114440918,2.380000114440918,1.9299999475479126,1.9299999475479126,1.9299999475479126,564000
2019-10-21,1.8300000429153442,1.9800000190734863,1.7000000476837158,1.899999976158142,1.899999976158142,140000
2019-10-22,2.0,2.1700000762939453,1.5800000429153442,2.1600000858306885,2.1600000858306885,296000
2019-10-23,1.8600000143051147,1.8600000143051147,1.399999976158142,1.7200000286102295,1.7200000286102295,1560000
2019-10-24,1.399999976158142,1.7999999523162842,1.399999976158142,1.7999999523162842,1.7999999523162842,244000
2019-10-25,1.7200000286102295,1.899999976158142,1.7100000381469727,1.7100000381469727,1.7100000381469727,60000
2019-10-28,1.6200000047683716,1.7899999618530273,1.6200000047683716,1.7699999809265137,1.7699999809265137,144000
2019-10-29,1.7200000286102295,1.7899999618530273,1.7100000381469727,1.7899999618530273,1.7899999618530273,60000
2019-10-30,1.7799999713897705,1.7799999713897705,1.7200000286102295,1.7200000286102295,1.7200000286102295,148000
2019-10-31,1.7300000190734863,1.840000033378601,1.7300000190734863,1.7400000095367432,1.7400000095367432,112000
2019-11-01,1.9199999570846558,1.9199999570846558,1.7599999904632568,1.7999999523162842,1.7999999523162842,120000
2019-11-04,1.7999999523162842,1.8799999952316284,1.75,1.8200000524520874,1.8200000524520874,168000
2019-11-05,1.7400000095367432,1.7699999809265137,1.7400000095367432,1.75,1.75,60000
2019-11-06,1.75,1.7899999618530273,1.5099999904632568,1.7799999713897705,1.7799999713897705,56000
2019-11-07,1.7799999713897705,1.7799999713897705,1.75,1.7799999713897705,1.7799999713897705,80000
2019-11-08,1.7599999904632568,1.7599999904632568,1.6799999475479126,1.75,1.75,36000
2019-11-11,1.7300000190734863,1.7300000190734863,1.6399999856948853,1.7200000286102295,1.7200000286102295,48000
2019-11-12,1.7899999618530273,1.8300000429153442,1.7899999618530273,1.8300000429153442,1.8300000429153442,8000
2019-11-13,1.75,1.940000057220459,1.7000000476837158,1.7400000095367432,1.7400000095367432,408000
2019-11-14,1.9299999475479126,1.9299999475479126,1.75,1.8300000429153442,1.8300000429153442,68000
2019-11-15,1.75,1.7999999523162842,1.75,1.7999999523162842,1.7999999523162842,36000
2019-11-18,1.7999999523162842,1.7999999523162842,1.7999999523162842,1.7999999523162842,1.7999999523162842,0
2019-11-19,1.7999999523162842,1.7999999523162842,1.7999999523162842,1.7999999523162842,1.7999999523162842,0
2019-11-20,1.850000023841858,1.850000023841858,1.7599999904632568,1.850000023841858,1.850000023841858,416000
2019-11-21,2.0399999618530273,2.0399999618530273,1.7200000286102295,1.7599999904632568,1.7599999904632568,464000
2019-11-22,1.75,1.7599999904632568,1.75,1.7599999904632568,1.7599999904632568,48000
2019-11-25,1.940000057220459,1.940000057220459,1.7599999904632568,1.7599999904632568,1.7599999904632568,12000
2019-11-26,1.8700000047683716,1.8700000047683716,1.7599999904632568,1.7599999904632568,1.7599999904632568,36000
2019-11-27,1.7899999618530273,1.7899999618530273,1.7899999618530273,1.7899999618530273,1.7899999618530273,0
2019-11-28,1.75,1.809999942779541,1.7000000476837158,1.7999999523162842,1.7999999523162842,1300000
2019-11-29,1.7899999618530273,1.7899999618530273,1.7899999618530273,1.7899999618530273,1.7899999618530273,4000
2019-12-02,1.7899999618530273,1.7899999618530273,1.7899999618530273,1.7899999618530273,1.7899999618530273,0
2019-12-03,1.75,1.7999999523162842,1.659999966621399,1.7999999523162842,1.7999999523162842,88000
2019-12-04,1.809999942779541,1.809999942779541,1.809999942779541,1.809999942779541,1.809999942779541,44000
2019-12-05,1.9299999475479126,1.9299999475479126,1.840000033378601,1.840000033378601,1.840000033378601,24000
2019-12-06,1.7400000095367432,1.9199999570846558,1.690000057220459,1.9199999570846558,1.9199999570846558,40000
2019-12-09,1.899999976158142,1.899999976158142,1.899999976158142,1.899999976158142,1.899999976158142,0
2019-12-10,1.8899999856948853,1.8899999856948853,1.8899999856948853,1.8899999856948853,1.8899999856948853,0
2019-12-11,1.4199999570846558,1.8300000429153442,1.4199999570846558,1.8300000429153442,1.8300000429153442,108000
2019-12-12,1.8899999856948853,1.8899999856948853,1.8200000524520874,1.8200000524520874,1.8200000524520874,20000
2019-12-13,1.909999966621399,1.909999966621399,1.75,1.8600000143051147,1.8600000143051147,28000
2019-12-16,1.850000023841858,1.850000023841858,1.7200000286102295,1.7899999618530273,1.7899999618530273,64000
2019-12-17,1.8300000429153442,1.8300000429153442,1.8300000429153442,1.8300000429153442,1.8300000429153442,0
2019-12-18,1.909999966621399,1.909999966621399,1.7000000476837158,1.7799999713897705,1.7799999713897705,180000
2019-12-19,1.6799999475479126,1.7799999713897705,1.6699999570846558,1.7200000286102295,1.7200000286102295,124000
2019-12-20,1.7999999523162842,1.7999999523162842,1.6200000047683716,1.6799999475479126,1.6799999475479126,96000
2019-12-23,1.7300000190734863,1.7300000190734863,1.7300000190734863,1.7300000190734863,1.7300000190734863,0
2019-12-24,1.7300000190734863,1.7300000190734863,1.559999942779541,1.7200000286102295,1.7200000286102295,12000
2019-12-27,1.7200000286102295,1.7699999809265137,1.690000057220459,1.690000057220459,1.690000057220459,52000
2019-12-30,1.7799999713897705,1.7799999713897705,1.7300000190734863,1.7300000190734863,1.7300000190734863,20000
2019-12-31,1.7300000190734863,1.7300000190734863,1.7300000190734863,1.7300000190734863,1.7300000190734863,0
2020-01-02,1.7300000190734863,1.7300000190734863,1.7300000190734863,1.7300000190734863,1.7300000190734863,0
2020-01-03,1.7400000095367432,1.7400000095367432,1.7400000095367432,1.7400000095367432,1.7400000095367432,0
2020-01-06,1.4299999475479126,1.6799999475479126,1.4299999475479126,1.649999976158142,1.649999976158142,60000
2020-01-07,1.649999976158142,1.649999976158142,1.5700000524520874,1.6200000047683716,1.6200000047683716,32000
2020-01-08,1.6200000047683716,1.6200000047683716,1.6200000047683716,1.6100000143051147,1.6100000143051147,12000
2020-01-09,1.690000057220459,1.690000057220459,1.690000057220459,1.690000057220459,1.690000057220459,4000
2020-01-10,1.690000057220459,1.690000057220459,1.600000023841858,1.6399999856948853,1.6399999856948853,116000
2020-01-13,1.7000000476837158,1.7000000476837158,1.7000000476837158,1.7000000476837158,1.7000000476837158,0
2020-01-14,1.600000023841858,1.6399999856948853,1.600000023841858,1.6399999856948853,1.6399999856948853,324000
2020-01-15,1.649999976158142,1.649999976158142,1.649999976158142,1.649999976158142,1.649999976158142,4000
2020-01-16,1.649999976158142,1.690000057220459,1.5499999523162842,1.5700000524520874,1.5700000524520874,76000
2020-01-17,1.659999966621399,1.659999966621399,1.5099999904632568,1.6299999952316284,1.6299999952316284,72000
2020-01-20,1.6399999856948853,1.690000057220459,1.6399999856948853,1.649999976158142,1.649999976158142,12000
2020-01-21,1.8600000143051147,1.8600000143051147,1.600000023841858,1.6100000143051147,1.6100000143051147,48000
2020-01-22,1.8300000429153442,1.8300000429153442,1.6200000047683716,1.649999976158142,1.649999976158142,84000
2020-01-23,1.659999966621399,1.659999966621399,1.5299999713897705,1.590000033378601,1.590000033378601,584000
2020-01-24,1.6699999570846558,1.6699999570846558,1.6100000143051147,1.6100000143051147,1.6100000143051147,56000
2020-01-29,1.840000033378601,1.840000033378601,1.4700000286102295,1.600000023841858,1.600000023841858,292000
2020-01-30,1.600000023841858,1.6100000143051147,1.5,1.5199999809265137,1.5199999809265137,332000
2020-01-31,1.4800000190734863,1.559999942779541,1.4800000190734863,1.559999942779541,1.559999942779541,232000
2020-02-03,1.559999942779541,1.559999942779541,1.559999942779541,1.559999942779541,1.559999942779541,0
2020-02-04,1.6399999856948853,1.6399999856948853,1.600000023841858,1.600000023841858,1.600000023841858,12000
2020-02-05,1.600000023841858,1.600000023841858,1.600000023841858,1.600000023841858,1.600000023841858,0
2020-02-06,1.6699999570846558,1.6699999570846558,1.6699999570846558,1.6699999570846558,1.6699999570846558,0
2020-02-07,1.590000033378601,1.590000033378601,1.590000033378601,1.590000033378601,1.590000033378601,0
2020-02-10,1.600000023841858,1.600000023841858,1.600000023841858,1.600000023841858,1.600000023841858,0
2020-02-11,1.600000023841858,1.600000023841858,1.600000023841858,1.600000023841858,1.600000023841858,0
2020-02-12,1.6100000143051147,1.6200000047683716,1.5,1.5,1.5,84000
2020-02-13,1.6100000143051147,1.6100000143051147,1.6100000143051147,1.6100000143051147,1.6100000143051147,0
2020-02-14,1.6100000143051147,1.6100000143051147,1.6100000143051147,1.6100000143051147,1.6100000143051147,4000
2020-02-17,1.5199999809265137,1.5800000429153442,1.5,1.5800000429153442,1.5800000429153442,44000
2020-02-18,1.5800000429153442,1.5800000429153442,1.5800000429153442,1.5800000429153442,1.5800000429153442,0
2020-02-19,1.600000023841858,1.6299999952316284,1.5299999713897705,1.5700000524520874,1.5700000524520874,64000
2020-02-20,1.5499999523162842,1.5499999523162842,1.5499999523162842,1.5499999523162842,1.5499999523162842,12000
2020-02-21,1.5199999809265137,1.6799999475479126,1.5199999809265137,1.6799999475479126,1.6799999475479126,168000
2020-02-24,1.559999942779541,1.6699999570846558,1.5499999523162842,1.6699999570846558,1.6699999570846558,12000
2020-02-25,1.7000000476837158,1.7000000476837158,1.7000000476837158,1.7000000476837158,1.7000000476837158,0
2020-02-26,1.7100000381469727,1.7100000381469727,1.5,1.5099999904632568,1.5099999904632568,88000
2020-02-27,1.5099999904632568,1.559999942779541,1.5099999904632568,1.559999942779541,1.559999942779541,24000
2020-02-28,1.5,1.5499999523162842,1.4500000476837158,1.5499999523162842,1.5499999523162842,200000
2020-03-02,1.5499999523162842,1.5499999523162842,1.5499999523162842,1.5499999523162842,1.5499999523162842,28000
2020-03-03,1.5,1.5499999523162842,1.4900000095367432,1.5499999523162842,1.5499999523162842,32000
2020-03-04,1.5499999523162842,1.5499999523162842,1.5499999523162842,1.5499999523162842,1.5499999523162842,0
2020-03-05,1.5499999523162842,1.5499999523162842,1.5499999523162842,1.5499999523162842,1.5499999523162842,0
2020-03-06,1.600000023841858,1.600000023841858,1.600000023841858,1.600000023841858,1.600000023841858,4000
2020-03-09,1.600000023841858,1.600000023841858,1.600000023841858,1.600000023841858,1.600000023841858,0
2020-03-10,1.600000023841858,1.600000023841858,1.600000023841858,1.600000023841858,1.600000023841858,0
2020-03-11,1.600000023841858,1.600000023841858,1.600000023841858,1.600000023841858,1.600000023841858,0
2020-03-12,1.600000023841858,1.600000023841858,1.600000023841858,1.600000023841858,1.600000023841858,0
2020-03-13,1.5499999523162842,1.5499999523162842,1.5499999523162842,1.590000033378601,1.590000033378601,4000
2020-03-16,1.5,1.5700000524520874,1.5,1.5499999523162842,1.5499999523162842,64000
2020-03-17,1.5499999523162842,1.5499999523162842,1.5499999523162842,1.5499999523162842,1.5499999523162842,0
2020-03-18,1.4600000381469727,1.4600000381469727,1.4500000476837158,1.4500000476837158,1.4500000476837158,32000
2020-03-19,1.5,1.5099999904632568,1.5,1.5099999904632568,1.5099999904632568,36000
2020-03-20,1.5,1.5,1.5,1.5,1.5,0
2020-03-23,1.5,1.5,1.5,1.5,1.5,288000
2020-03-24,1.4900000095367432,1.4900000095367432,1.4900000095367432,1.4900000095367432,1.4900000095367432,128000
2020-03-25,1.4900000095367432,1.4900000095367432,1.4900000095367432,1.4900000095367432,1.4900000095367432,0
2020-03-26,1.4900000095367432,1.4900000095367432,1.4900000095367432,1.4900000095367432,1.4900000095367432,0
2020-03-27,1.399999976158142,1.399999976158142,1.399999976158142,1.399999976158142,1.399999976158142,0
2020-03-30,1.399999976158142,1.399999976158142,1.399999976158142,1.399999976158142,1.399999976158142,0
2020-03-31,1.3600000143051147,1.3600000143051147,1.3600000143051147,1.3600000143051147,1.3600000143051147,0
2020-04-01,1.4700000286102295,1.4700000286102295,1.4700000286102295,1.4700000286102295,1.4700000286102295,4000
2020-04-02,1.5,1.5,1.5,1.5,1.5,0
2020-04-03,1.5,1.5,1.5,1.5,1.5,0
2020-04-06,1.5,1.5,1.5,1.5,1.5,84000
2020-04-07,1.5,1.600000023841858,1.5,1.600000023841858,1.600000023841858,264000
2020-04-08,1.600000023841858,1.600000023841858,1.600000023841858,1.600000023841858,1.600000023841858,36000
2020-04-09,1.600000023841858,1.600000023841858,1.600000023841858,1.600000023841858,1.600000023841858,0
2020-04-14,1.590000033378601,1.690000057220459,1.590000033378601,1.6799999475479126,1.6799999475479126,1032000
2020-04-15,1.6799999475479126,1.6799999475479126,1.6799999475479126,1.6799999475479126,1.6799999475479126,0
2020-04-16,1.600000023841858,1.600000023841858,1.600000023841858,1.600000023841858,1.600000023841858,0
2020-04-17,1.600000023841858,1.600000023841858,1.600000023841858,1.600000023841858,1.600000023841858,0
2020-04-20,1.5499999523162842,1.5499999523162842,1.5499999523162842,1.5499999523162842,1.5499999523162842,32000
2020-04-21,1.5499999523162842,1.5499999523162842,1.5499999523162842,1.5499999523162842,1.5499999523162842,0
2020-04-22,1.5299999713897705,1.5299999713897705,1.5299999713897705,1.5299999713897705,1.5299999713897705,0
2020-04-23,1.5299999713897705,1.5299999713897705,1.5299999713897705,1.5299999713897705,1.5299999713897705,0
2020-04-24,1.440000057220459,1.5399999618530273,1.440000057220459,1.5399999618530273,1.5399999618530273,24000
2020-04-27,1.6799999475479126,1.6799999475479126,1.6799999475479126,1.6799999475479126,1.6799999475479126,4000
2020-04-28,1.600000023841858,1.6799999475479126,1.6799999475479126,1.649999976158142,1.649999976158142,96000
2020-04-29,1.5499999523162842,1.590000033378601,1.4900000095367432,1.590000033378601,1.590000033378601,76000
2020-05-04,1.4800000190734863,1.5199999809265137,1.4500000476837158,1.5199999809265137,1.5199999809265137,12000
2020-05-05,1.5199999809265137,1.5199999809265137,1.5199999809265137,1.5199999809265137,1.5199999809265137,0
2020-05-06,1.600000023841858,1.600000023841858,1.600000023841858,1.600000023841858,1.600000023841858,0
2020-05-07,1.5,1.5199999809265137,1.4800000190734863,1.4800000190734863,1.4800000190734863,72000
2020-05-08,1.5,1.5,1.5,1.5,1.5,100000
2020-05-11,1.5,1.5,1.5,1.5,1.5,0
2020-05-12,1.5,1.5700000524520874,1.5,1.5700000524520874,1.5700000524520874,52000
2020-05-13,1.5700000524520874,1.5700000524520874,1.5,1.5,1.5,32000
2020-05-14,1.4900000095367432,1.4900000095367432,1.4500000476837158,1.4500000476837158,1.4500000476837158,8000
2020-05-15,1.4500000476837158,1.4500000476837158,1.4500000476837158,1.4500000476837158,1.4500000476837158,0
2020-05-18,1.5,1.5,1.5,1.5,1.5,8000
2020-05-19,1.5,1.5,1.5,1.5,1.5,0
2020-05-20,1.5,1.5,1.5,1.5,1.5,0
2020-05-21,1.5,1.5299999713897705,1.5,1.5299999713897705,1.5299999713897705,12000
2020-05-22,1.5299999713897705,1.5299999713897705,1.5299999713897705,1.5299999713897705,1.5299999713897705,0
2020-05-25,1.5800000429153442,1.5800000429153442,1.5800000429153442,1.5800000429153442,1.5800000429153442,4000
2020-05-26,1.590000033378601,1.6299999952316284,1.590000033378601,1.590000033378601,1.590000033378601,2500000
2020-05-27,1.600000023841858,1.600000023841858,1.5499999523162842,1.5700000524520874,1.5700000524520874,3076000
2020-05-28,1.5499999523162842,1.600000023841858,1.5399999618530273,1.590000033378601,1.590000033378601,2160000
2020-05-29,1.590000033378601,1.590000033378601,1.5,1.559999942779541,1.559999942779541,2620000
2020-06-01,1.590000033378601,1.6299999952316284,1.5499999523162842,1.6299999952316284,1.6299999952316284,2660000
2020-06-02,1.6299999952316284,1.6799999475479126,1.6200000047683716,1.6299999952316284,1.6299999952316284,2368000
2020-06-03,1.600000023841858,1.649999976158142,1.600000023841858,1.6399999856948853,1.6399999856948853,2456000
2020-06-04,1.6399999856948853,1.6799999475479126,1.6299999952316284,1.649999976158142,1.649999976158142,2448000
2020-06-05,1.649999976158142,1.6799999475479126,1.6299999952316284,1.6699999570846558,1.6699999570846558,2356000
2020-06-08,1.6399999856948853,1.6799999475479126,1.6299999952316284,1.6699999570846558,1.6699999570846558,2476000
2020-06-09,1.6799999475479126,1.690000057220459,1.6399999856948853,1.649999976158142,1.649999976158142,2432000
2020-06-10,1.690000057220459,1.690000057220459,1.6200000047683716,1.6699999570846558,1.6699999570846558,2396000
2020-06-11,1.6699999570846558,1.6699999570846558,1.6299999952316284,1.6299999952316284,1.6299999952316284,2384000
2020-06-12,1.6299999952316284,1.6299999952316284,1.5800000429153442,1.6100000143051147,1.6100000143051147,2436000
2020-06-15,1.600000023841858,1.600000023841858,1.5199999809265137,1.5499999523162842,1.5499999523162842,2508000
2020-06-16,1.5499999523162842,1.7000000476837158,1.5299999713897705,1.5800000429153442,1.5800000429153442,1984000
2020-06-17,1.559999942779541,1.7200000286102295,1.5499999523162842,1.659999966621399,1.659999966621399,3672000
2020-06-18,1.590000033378601,1.7000000476837158,1.590000033378601,1.6299999952316284,1.6299999952316284,2200000
2020-06-19,1.6299999952316284,1.6799999475479126,1.600000023841858,1.6699999570846558,1.6699999570846558,2504000
2020-06-22,1.6799999475479126,1.850000023841858,1.6799999475479126,1.7999999523162842,1.7999999523162842,2364000
2020-06-23,1.7999999523162842,2.5999999046325684,1.7999999523162842,2.440000057220459,2.440000057220459,1900000
2020-06-24,2.430000066757202,2.4700000286102295,1.840000033378601,2.0799999237060547,2.0799999237060547,2752000
2020-06-26,2.049999952316284,2.0899999141693115,1.899999976158142,2.0899999141693115,2.0899999141693115,2240000
2020-06-29,1.9700000286102295,2.0799999237060547,1.899999976158142,1.9299999475479126,1.9299999475479126,2200000
2020-06-30,1.940000057220459,1.9500000476837158,1.8300000429153442,1.8300000429153442,1.8300000429153442,2152000
2020-07-02,1.8300000429153442,1.899999976158142,1.7699999809265137,1.7999999523162842,1.7999999523162842,2192000
2020-07-03,1.7899999618530273,1.7899999618530273,1.6699999570846558,1.7799999713897705,1.7799999713897705,2408000
2020-07-06,1.649999976158142,1.690000057220459,1.5800000429153442,1.6399999856948853,1.6399999856948853,2048000
2020-07-07,1.600000023841858,1.600000023841858,1.3600000143051147,1.3899999856948853,1.3899999856948853,2164000
2020-07-08,1.3899999856948853,1.559999942779541,1.2799999713897705,1.5199999809265137,1.5199999809265137,2096000
2020-07-09,1.5800000429153442,1.6399999856948853,1.4600000381469727,1.5700000524520874,1.5700000524520874,2044000
2020-07-10,1.7300000190734863,1.7300000190734863,1.5099999904632568,1.5299999713897705,1.5299999713897705,2008000
2020-07-13,1.5399999618530273,1.559999942779541,1.3600000143051147,1.3600000143051147,1.3600000143051147,2512000
2020-07-14,1.3799999952316284,1.4299999475479126,1.3300000429153442,1.3899999856948853,1.3899999856948853,2326000
2020-07-15,1.3600000143051147,1.399999976158142,1.3300000429153442,1.3899999856948853,1.3899999856948853,2600000
2020-07-16,1.4500000476837158,1.4500000476837158,1.309999942779541,1.350000023841858,1.350000023841858,2520000
2020-07-17,1.4299999475479126,1.4299999475479126,1.350000023841858,1.399999976158142,1.399999976158142,2928000
2020-07-20,1.440000057220459,1.440000057220459,1.2999999523162842,1.399999976158142,1.399999976158142,2328000
2020-07-21,1.3600000143051147,1.399999976158142,1.350000023841858,1.3799999952316284,1.3799999952316284,2740000
2020-07-22,1.4199999570846558,1.4199999570846558,1.3300000429153442,1.3300000429153442,1.3300000429153442,2604000
2020-07-23,1.3700000047683716,1.3700000047683716,1.2999999523162842,1.340000033378601,1.340000033378601,2828000
2020-07-24,1.309999942779541,1.350000023841858,1.2899999618530273,1.309999942779541,1.309999942779541,2280000
2020-07-27,1.3200000524520874,1.3300000429153442,1.2899999618530273,1.2999999523162842,1.2999999523162842,1760000
2020-07-28,1.2999999523162842,1.3200000524520874,1.2699999809265137,1.2699999809265137,1.2699999809265137,3116000
2020-07-29,1.2899999618530273,1.309999942779541,1.2699999809265137,1.2999999523162842,1.2999999523162842,2252000
2020-07-30,1.309999942779541,1.3200000524520874,1.2799999713897705,1.2799999713897705,1.2799999713897705,2348000
2020-07-31,1.2799999713897705,1.3300000429153442,1.2699999809265137,1.2799999713897705,1.2799999713897705,2264000
2020-08-03,1.2699999809265137,1.2799999713897705,1.159999966621399,1.25,1.25,1736000
2020-08-04,1.25,1.4500000476837158,1.2200000286102295,1.2400000095367432,1.2400000095367432,2452000
2020-08-05,1.2599999904632568,1.2599999904632568,1.159999966621399,1.2599999904632568,1.2599999904632568,2796000
2020-08-06,1.2300000190734863,1.25,1.159999966621399,1.1799999475479126,1.1799999475479126,2256000
2020-08-07,1.190000057220459,1.2200000286102295,1.149999976158142,1.1799999475479126,1.1799999475479126,2696000
2020-08-10,1.2000000476837158,1.2000000476837158,1.0499999523162842,1.190000057220459,1.190000057220459,2224000
2020-08-11,1.159999966621399,1.159999966621399,1.1100000143051147,1.149999976158142,1.149999976158142,2632000
2020-08-12,1.149999976158142,1.2699999809265137,1.0700000524520874,1.149999976158142,1.149999976158142,2236000
2020-08-13,1.1399999856948853,1.1399999856948853,1.0399999618530273,1.0399999618530273,1.0399999618530273,1736000
2020-08-14,1.0399999618530273,1.0399999618530273,0.8999999761581421,1.0299999713897705,1.0299999713897705,2932000
2020-08-17,1.0499999523162842,1.2000000476837158,1.0099999904632568,1.1100000143051147,1.1100000143051147,2220000
2020-08-18,1.100000023841858,1.100000023841858,1.0299999713897705,1.090000033378601,1.090000033378601,1844000
2020-08-19,1.0800000429153442,1.090000033378601,1.0399999618530273,1.0700000524520874,1.0700000524520874,156000
2020-08-20,1.25,1.25,1.0,1.100000023841858,1.100000023841858,232000
2020-08-21,1.0399999618530273,1.0399999618530273,0.9900000095367432,1.0399999618530273,1.0399999618530273,136000
2020-08-24,1.1699999570846558,1.1699999570846558,0.9700000286102295,1.0700000524520874,1.0700000524520874,1036000
2020-08-25,1.0700000524520874,1.0700000524520874,0.9599999785423279,1.0299999713897705,1.0299999713897705,1124000
2020-08-26,1.0299999713897705,1.0499999523162842,0.9900000095367432,1.0199999809265137,1.0199999809265137,1524000
2020-08-27,1.0,1.0399999618530273,0.9900000095367432,1.0299999713897705,1.0299999713897705,1568000
2020-08-28,1.0800000429153442,1.3899999856948853,1.0199999809265137,1.2999999523162842,1.2999999523162842,2132000
2020-08-31,1.309999942779541,1.309999942779541,1.100000023841858,1.100000023841858,1.100000023841858,1492000
2020-09-01,1.149999976158142,1.159999966621399,1.0099999904632568,1.149999976158142,1.149999976158142,2232000
2020-09-02,1.190000057220459,1.190000057220459,1.0299999713897705,1.1799999475479126,1.1799999475479126,1908000
2020-09-03,1.149999976158142,1.149999976158142,0.9599999785423279,0.9800000190734863,0.9800000190734863,1572000
2020-09-04,0.9900000095367432,1.059999942779541,0.9599999785423279,0.9599999785423279,0.9599999785423279,1844000
2020-09-07,1.0099999904632568,1.0099999904632568,0.9800000190734863,0.9800000190734863,0.9800000190734863,1696000
2020-09-08,0.9900000095367432,1.100000023841858,0.9800000190734863,0.9900000095367432,0.9900000095367432,1696000
2020-09-09,0.9599999785423279,1.0199999809265137,0.949999988079071,0.9900000095367432,0.9900000095367432,1624000
2020-09-10,1.0099999904632568,1.0299999713897705,0.9599999785423279,1.0,1.0,1732000
2020-09-11,0.9900000095367432,1.0299999713897705,0.9599999785423279,0.9900000095367432,0.9900000095367432,1700000
2020-09-14,0.9800000190734863,1.0199999809265137,0.9399999976158142,0.9800000190734863,0.9800000190734863,1668000
2020-09-15,0.9599999785423279,1.0299999713897705,0.9399999976158142,0.9900000095367432,0.9900000095367432,1684000
2020-09-16,0.9800000190734863,1.090000033378601,0.9800000190734863,1.0,1.0,1748000
2020-09-17,0.9800000190734863,1.0700000524520874,0.9800000190734863,1.0399999618530273,1.0399999618530273,634000
2020-09-18,1.0299999713897705,1.1399999856948853,1.0299999713897705,1.1399999856948853,1.1399999856948853,248000
2020-09-21,0.9700000286102295,1.0800000429153442,0.9700000286102295,1.0800000429153442,1.0800000429153442,232000
2020-09-22,1.0800000429153442,1.0800000429153442,1.0800000429153442,1.0800000429153442,1.0800000429153442,0
2020-09-23,1.1399999856948853,1.1399999856948853,1.0099999904632568,1.0800000429153442,1.0800000429153442,604000
2020-09-24,1.0800000429153442,1.0800000429153442,1.0800000429153442,1.0800000429153442,1.0800000429153442,0
2020-09-25,1.0700000524520874,1.0800000429153442,1.0199999809265137,1.0800000429153442,1.0800000429153442,48000
2020-09-28,1.0800000429153442,1.0800000429153442,0.949999988079071,0.9700000286102295,0.9700000286102295,188000
2020-09-29,1.0099999904632568,1.0399999618530273,0.9800000190734863,1.0099999904632568,1.0099999904632568,612000
2020-09-30,1.0,1.0800000429153442,0.9800000190734863,1.0800000429153442,1.0800000429153442,696000
2020-10-05,1.1200000047683716,1.1200000047683716,1.0099999904632568,1.0800000429153442,1.0800000429153442,640000
2020-10-06,1.090000033378601,1.090000033378601,1.0700000524520874,1.0700000524520874,1.0700000524520874,504000
2020-10-07,1.090000033378601,1.090000033378601,1.0099999904632568,1.059999942779541,1.059999942779541,628000
2020-10-08,1.090000033378601,1.1299999952316284,1.0499999523162842,1.1299999952316284,1.1299999952316284,624000
2020-10-09,1.1200000047683716,1.1200000047683716,1.090000033378601,1.090000033378601,1.090000033378601,612000
2020-10-12,1.1200000047683716,1.1200000047683716,1.0800000429153442,1.0800000429153442,1.0800000429153442,508000
2020-10-14,1.1100000143051147,1.1100000143051147,1.059999942779541,1.059999942779541,1.059999942779541,680000
2020-10-15,1.090000033378601,1.090000033378601,1.0499999523162842,1.0499999523162842,1.0499999523162842,524000
2020-10-16,1.059999942779541,1.059999942779541,0.9800000190734863,1.0399999618530273,1.0399999618530273,428000
2020-10-19,1.0299999713897705,1.0499999523162842,1.0099999904632568,1.0499999523162842,1.0499999523162842,348000
2020-10-20,1.0399999618530273,1.0399999618530273,1.0199999809265137,1.0299999713897705,1.0299999713897705,508000
2020-10-21,1.0199999809265137,1.100000023841858,1.0,1.090000033378601,1.090000033378601,476000
2020-10-22,1.0700000524520874,1.0700000524520874,1.0700000524520874,1.0700000524520874,1.0700000524520874,504000
2020-10-23,1.0700000524520874,1.0700000524520874,1.0399999618530273,1.059999942779541,1.059999942779541,132000
2020-10-27,1.059999942779541,1.059999942779541,1.0199999809265137,1.0299999713897705,1.0299999713897705,544000
2020-10-28,1.0499999523162842,1.0499999523162842,1.0,1.0099999904632568,1.0099999904632568,516000
2020-10-29,1.0800000429153442,1.0800000429153442,0.9700000286102295,0.9900000095367432,0.9900000095367432,692000
2020-10-30,1.0399999618530273,1.0399999618530273,0.9599999785423279,1.0299999713897705,1.0299999713897705,440000
2020-11-02,1.0499999523162842,1.0499999523162842,0.9300000071525574,0.9300000071525574,0.9300000071525574,440000
2020-11-03,0.9300000071525574,1.0199999809265137,0.9200000166893005,0.9399999976158142,0.9399999976158142,616000
2020-11-04,0.9700000286102295,1.0099999904632568,0.949999988079071,0.9900000095367432,0.9900000095367432,636000
2020-11-05,1.0,1.0099999904632568,0.9700000286102295,0.9800000190734863,0.9800000190734863,596000
2020-11-06,0.9700000286102295,0.9900000095367432,0.9700000286102295,0.9900000095367432,0.9900000095367432,580000
2020-11-09,0.9800000190734863,0.9900000095367432,0.9800000190734863,0.9800000190734863,0.9800000190734863,620000
2020-11-10,0.9900000095367432,0.9900000095367432,0.949999988079071,0.9900000095367432,0.9900000095367432,1116000
2020-11-11,0.9700000286102295,0.9900000095367432,0.9399999976158142,0.9900000095367432,0.9900000095367432,1128000
2020-11-12,0.9700000286102295,0.9900000095367432,0.949999988079071,0.9900000095367432,0.9900000095367432,1080000
2020-11-13,0.9800000190734863,0.9900000095367432,0.949999988079071,0.9800000190734863,0.9800000190734863,1088000
2020-11-16,0.9700000286102295,1.0499999523162842,0.9700000286102295,1.0399999618530273,1.0399999618530273,1044000
2020-11-17,1.0199999809265137,1.0199999809265137,0.9700000286102295,1.0,1.0,1116000
2020-11-18,1.0099999904632568,1.0199999809265137,0.9900000095367432,1.0199999809265137,1.0199999809265137,1016000
2020-11-19,0.9900000095367432,1.0299999713897705,0.9900000095367432,0.9900000095367432,0.9900000095367432,5492000
2020-11-20,1.0199999809265137,1.1100000143051147,0.9800000190734863,1.0099999904632568,1.0099999904632568,6448000
2020-11-23,1.0499999523162842,1.100000023841858,1.0,1.100000023841858,1.100000023841858,5060000
2020-11-24,1.090000033378601,1.1799999475479126,1.0499999523162842,1.1699999570846558,1.1699999570846558,6660000
2020-11-25,1.1799999475479126,1.2999999523162842,1.1799999475479126,1.2899999618530273,1.2899999618530273,4572000
2020-11-26,1.340000033378601,1.4500000476837158,1.309999942779541,1.399999976158142,1.399999976158142,1648000
2020-11-27,1.399999976158142,1.4199999570846558,1.3600000143051147,1.409999966621399,1.409999966621399,1368000
2020-11-30,1.5,1.5399999618530273,1.409999966621399,1.5,1.5,1908000
2020-12-01,1.4900000095367432,1.4900000095367432,1.350000023841858,1.409999966621399,1.409999966621399,1556000
2020-12-02,1.4700000286102295,1.4700000286102295,1.1399999856948853,1.2300000190734863,1.2300000190734863,1824000
2020-12-03,1.309999942779541,1.409999966621399,1.2100000381469727,1.350000023841858,1.350000023841858,1204000
2020-12-04,1.5399999618530273,1.5399999618530273,1.2699999809265137,1.4500000476837158,1.4500000476837158,1356000
2020-12-07,1.440000057220459,1.440000057220459,1.1399999856948853,1.1399999856948853,1.1399999856948853,1948000
2020-12-08,1.1399999856948853,1.149999976158142,1.0800000429153442,1.149999976158142,1.149999976158142,1868000
2020-12-09,1.149999976158142,1.159999966621399,1.0,1.0499999523162842,1.0499999523162842,1824000
2020-12-10,1.0499999523162842,1.0499999523162842,0.9800000190734863,1.0299999713897705,1.0299999713897705,2044000
2020-12-11,1.0800000429153442,1.100000023841858,0.949999988079071,1.100000023841858,1.100000023841858,2212000
2020-12-14,1.190000057220459,1.190000057220459,1.0,1.0199999809265137,1.0199999809265137,2112000
2020-12-15,1.0499999523162842,1.1200000047683716,1.0299999713897705,1.0800000429153442,1.0800000429153442,2064000
2020-12-16,1.1200000047683716,1.149999976158142,1.0499999523162842,1.100000023841858,1.100000023841858,1312000
2020-12-17,1.0700000524520874,1.0499999523162842,1.0,1.0,1.0,2464000
2020-12-18,1.0099999904632568,1.0700000524520874,1.0,1.0700000524520874,1.0700000524520874,2284000
2020-12-21,1.059999942779541,1.0700000524520874,1.0,1.059999942779541,1.059999942779541,4980000
2020-12-22,1.0499999523162842,1.0499999523162842,0.9900000095367432,1.0,1.0,2864000
2020-12-23,1.0299999713897705,1.1200000047683716,0.9700000286102295,0.9700000286102295,0.9700000286102295,3280000
2020-12-24,1.0499999523162842,1.0499999523162842,1.0499999523162842,1.0499999523162842,1.0499999523162842,0
2020-12-28,1.0299999713897705,1.0399999618530273,0.9900000095367432,0.9900000095367432,0.9900000095367432,3384000
2020-12-29,1.0099999904632568,1.0199999809265137,0.9599999785423279,0.9800000190734863,0.9800000190734863,3372000
2020-12-30,0.9800000190734863,1.0199999809265137,0.9599999785423279,0.9900000095367432,0.9900000095367432,3552000
2020-12-31,1.0,1.0,1.0,1.0,1.0,0
2021-01-04,1.0,1.0,0.9700000286102295,0.9700000286102295,0.9700000286102295,3360000
2021-01-05,0.9599999785423279,0.9800000190734863,0.949999988079071,0.9700000286102295,0.9700000286102295,3468000
2021-01-06,0.9700000286102295,0.9800000190734863,0.949999988079071,0.9599999785423279,0.9599999785423279,3584000
2021-01-07,0.9599999785423279,1.0399999618530273,0.9599999785423279,1.0099999904632568,1.0099999904632568,3312000
2021-01-08,1.0099999904632568,1.0099999904632568,0.9700000286102295,1.0,1.0,3144000
2021-01-11,1.0,1.0,0.9700000286102295,0.9900000095367432,0.9900000095367432,1304000
2021-01-12,1.0199999809265137,1.0199999809265137,0.9800000190734863,1.0,1.0,892000
2021-01-13,0.9900000095367432,0.9900000095367432,0.9700000286102295,0.9700000286102295,0.9700000286102295,1492000
2021-01-14,0.9700000286102295,1.0,0.9700000286102295,0.9800000190734863,0.9800000190734863,3064000
2021-01-15,1.0299999713897705,1.0299999713897705,0.9800000190734863,1.0,1.0,2136000
2021-01-18,1.0299999713897705,1.0299999713897705,0.9800000190734863,1.0,1.0,2730000
2021-01-19,1.0,1.059999942779541,1.0,1.0499999523162842,1.0499999523162842,3060000
2021-01-20,1.0499999523162842,1.1399999856948853,1.0499999523162842,1.0800000429153442,1.0800000429153442,2340000
2021-01-21,1.1100000143051147,1.1100000143051147,1.0800000429153442,1.090000033378601,1.090000033378601,3892000
2021-01-22,1.0700000524520874,1.1299999952316284,1.059999942779541,1.1100000143051147,1.1100000143051147,4664000
2021-01-25,1.100000023841858,1.149999976158142,1.100000023841858,1.1299999952316284,1.1299999952316284,3884000
2021-01-26,1.1399999856948853,1.1399999856948853,1.100000023841858,1.1200000047683716,1.1200000047683716,5512000
2021-01-27,1.1399999856948853,1.2000000476837158,1.1100000143051147,1.1200000047683716,1.1200000047683716,3884000
2021-01-28,1.1100000143051147,1.2699999809265137,1.100000023841858,1.2000000476837158,1.2000000476837158,6816000
2021-01-29,1.2300000190734863,1.2599999904632568,1.1100000143051147,1.25,1.25,6044000
2021-02-01,1.25,1.2999999523162842,1.149999976158142,1.2999999523162842,1.2999999523162842,6832000
2021-02-02,1.340000033378601,1.4600000381469727,1.3300000429153442,1.3799999952316284,1.3799999952316284,4744000
2021-02-03,1.340000033378601,1.4600000381469727,1.2899999618530273,1.409999966621399,1.409999966621399,4912000
2021-02-04,1.440000057220459,1.440000057220459,1.2999999523162842,1.440000057220459,1.440000057220459,5448000
2021-02-05,1.440000057220459,1.4500000476837158,1.3600000143051147,1.4500000476837158,1.4500000476837158,5796000
2021-02-08,1.399999976158142,1.5199999809265137,1.399999976158142,1.5199999809265137,1.5199999809265137,2956000
2021-02-09,1.5399999618530273,1.559999942779541,1.4199999570846558,1.5,1.5,4588000
2021-02-10,1.4900000095367432,1.559999942779541,1.4600000381469727,1.5099999904632568,1.5099999904632568,3896000
2021-02-11,1.5499999523162842,1.5499999523162842,1.5499999523162842,1.5499999523162842,1.5499999523162842,0
2021-02-16,1.5399999618530273,1.600000023841858,1.4800000190734863,1.590000033378601,1.590000033378601,2690000
2021-02-17,1.590000033378601,1.6200000047683716,1.5099999904632568,1.6200000047683716,1.6200000047683716,3220000
2021-02-18,1.7400000095367432,1.7400000095367432,1.559999942779541,1.6200000047683716,1.6200000047683716,5564000
2021-02-19,1.6200000047683716,1.6699999570846558,1.559999942779541,1.590000033378601,1.590000033378601,4468000
2021-02-22,1.6399999856948853,1.659999966621399,1.5299999713897705,1.5800000429153442,1.5800000429153442,4004000
2021-02-23,1.5499999523162842,1.6399999856948853,1.5499999523162842,1.5800000429153442,1.5800000429153442,4700000
2021-02-24,1.6100000143051147,1.649999976158142,1.559999942779541,1.6399999856948853,1.6399999856948853,2576000
2021-02-25,1.6299999952316284,1.6299999952316284,1.600000023841858,1.6200000047683716,1.6200000047683716,3248000
2021-02-26,1.6299999952316284,1.6399999856948853,1.5700000524520874,1.6399999856948853,1.6399999856948853,2308000
2021-03-01,1.600000023841858,1.6399999856948853,1.5399999618530273,1.600000023841858,1.600000023841858,3248000
2021-03-02,1.5800000429153442,1.6399999856948853,1.3799999952316284,1.6200000047683716,1.6200000047683716,2352000
2021-03-03,1.5800000429153442,1.6299999952316284,1.5800000429153442,1.6100000143051147,1.6100000143051147,1968000
2021-03-04,1.6200000047683716,1.6399999856948853,1.590000033378601,1.590000033378601,1.590000033378601,2568000
2021-03-05,1.5800000429153442,1.6399999856948853,1.5800000429153442,1.6399999856948853,1.6399999856948853,2396000
2021-03-08,1.6699999570846558,1.7400000095367432,1.600000023841858,1.6200000047683716,1.6200000047683716,2056000
2021-03-09,1.600000023841858,1.6100000143051147,1.5700000524520874,1.600000023841858,1.600000023841858,1976000
2021-03-10,1.5099999904632568,1.590000033378601,1.4900000095367432,1.5700000524520874,1.5700000524520874,2188000
2021-03-11,1.5499999523162842,1.5700000524520874,1.4700000286102295,1.4800000190734863,1.4800000190734863,1496000
2021-03-12,1.440000057220459,1.5,1.3600000143051147,1.4500000476837158,1.4500000476837158,2684000
2021-03-15,1.649999976158142,1.649999976158142,1.399999976158142,1.440000057220459,1.440000057220459,1640000
2021-03-16,1.5399999618530273,1.5399999618530273,1.3799999952316284,1.4500000476837158,1.4500000476837158,1912000
2021-03-17,1.4900000095367432,1.4900000095367432,1.3799999952316284,1.4500000476837158,1.4500000476837158,1580000
2021-03-18,1.4600000381469727,1.4900000095367432,1.4500000476837158,1.4700000286102295,1.4700000286102295,1176000
2021-03-19,1.5399999618530273,1.5399999618530273,1.3899999856948853,1.4600000381469727,1.4600000381469727,916000
2021-03-22,1.4500000476837158,1.4500000476837158,1.350000023841858,1.4500000476837158,1.4500000476837158,1916000
2021-03-23,1.440000057220459,1.440000057220459,1.309999942779541,1.350000023841858,1.350000023841858,1500000
2021-03-24,1.350000023841858,1.440000057220459,1.2999999523162842,1.350000023841858,1.350000023841858,1068000
2021-03-25,1.5399999618530273,1.5399999618530273,1.3300000429153442,1.399999976158142,1.399999976158142,752000
2021-03-26,1.2999999523162842,1.3799999952316284,1.2899999618530273,1.340000033378601,1.340000033378601,1492000
2021-03-29,1.3300000429153442,1.3600000143051147,1.3200000524520874,1.350000023841858,1.350000023841858,1180000
2021-03-30,1.309999942779541,1.4199999570846558,1.2699999809265137,1.4199999570846558,1.4199999570846558,1688000
2021-03-31,1.4700000286102295,1.4700000286102295,1.3700000047683716,1.4299999475479126,1.4299999475479126,480000
2021-04-01,1.3799999952316284,1.399999976158142,1.3300000429153442,1.3899999856948853,1.3899999856948853,716000
2021-04-07,1.3899999856948853,1.3899999856948853,1.309999942779541,1.3600000143051147,1.3600000143051147,380000
2021-04-08,1.3300000429153442,1.3799999952316284,1.309999942779541,1.3799999952316284,1.3799999952316284,360000
2021-04-09,1.3799999952316284,1.4199999570846558,1.3600000143051147,1.3600000143051147,1.3600000143051147,184000
2021-04-12,1.3600000143051147,1.3600000143051147,1.3600000143051147,1.3600000143051147,1.3600000143051147,0
2021-04-13,1.409999966621399,1.409999966621399,1.350000023841858,1.3700000047683716,1.3700000047683716,1288000
2021-04-14,1.3300000429153442,1.4299999475479126,1.3300000429153442,1.4299999475479126,1.4299999475479126,4832000
2021-04-15,1.409999966621399,1.4500000476837158,1.3700000047683716,1.4500000476837158,1.4500000476837158,1592000
2021-04-16,1.4299999475479126,1.4500000476837158,1.340000033378601,1.4500000476837158,1.4500000476837158,1516000
2021-04-19,1.3799999952316284,1.399999976158142,1.3799999952316284,1.3799999952316284,1.3799999952316284,1748000
2021-04-20,1.3600000143051147,1.3799999952316284,1.350000023841858,1.3799999952316284,1.3799999952316284,1444000
2021-04-21,1.3200000524520874,1.350000023841858,1.3200000524520874,1.350000023841858,1.350000023841858,1288000
2021-04-22,1.2699999809265137,1.340000033378601,1.2699999809265137,1.340000033378601,1.340000033378601,112000
2021-04-23,1.2599999904632568,1.3700000047683716,1.2300000190734863,1.3700000047683716,1.3700000047683716,2156000
2021-04-26,1.3700000047683716,1.4199999570846558,1.3700000047683716,1.4199999570846558,1.4199999570846558,232000
2021-04-27,1.350000023841858,1.4900000095367432,1.340000033378601,1.4800000190734863,1.4800000190734863,452000
2021-04-28,1.4500000476837158,1.5,1.4500000476837158,1.5,1.5,336000
2021-04-29,1.4800000190734863,1.5700000524520874,1.4800000190734863,1.5499999523162842,1.5499999523162842,340000
2021-04-30,1.5399999618530273,1.5399999618530273,1.5299999713897705,1.5399999618530273,1.5399999618530273,428000
2021-05-03,1.5499999523162842,1.5399999618530273,1.5099999904632568,1.5099999904632568,1.5099999904632568,36000
2021-05-04,1.5399999618530273,1.5399999618530273,1.5399999618530273,1.5399999618530273,1.5399999618530273,12000
2021-05-05,1.5499999523162842,1.6399999856948853,1.5499999523162842,1.5700000524520874,1.5700000524520874,84000
2021-05-06,1.590000033378601,1.590000033378601,1.5700000524520874,1.5700000524520874,1.5700000524520874,44000
2021-05-07,1.5700000524520874,1.559999942779541,1.5299999713897705,1.5399999618530273,1.5399999618530273,120000
2021-05-10,1.409999966621399,1.4900000095367432,1.409999966621399,1.4900000095367432,1.4900000095367432,168000
2021-05-11,1.4900000095367432,1.4900000095367432,1.4199999570846558,1.4900000095367432,1.4900000095367432,1172000
2021-05-12,1.440000057220459,1.4900000095367432,1.4199999570846558,1.4900000095367432,1.4900000095367432,1140000
2021-05-13,1.6699999570846558,1.6699999570846558,1.4800000190734863,1.5,1.5,740000
2021-05-14,1.5,1.5499999523162842,1.5,1.5399999618530273,1.5399999618530273,624000
2021-05-17,1.4700000286102295,1.5099999904632568,1.4700000286102295,1.4800000190734863,1.4800000190734863,1156000
2021-05-18,1.4900000095367432,1.5,1.4500000476837158,1.4700000286102295,1.4700000286102295,968000
2021-05-20,1.4700000286102295,1.4900000095367432,1.399999976158142,1.4600000381469727,1.4600000381469727,1324000
2021-05-21,1.4299999475479126,1.4900000095367432,1.4299999475479126,1.4900000095367432,1.4900000095367432,12000
2021-05-24,1.4600000381469727,1.4700000286102295,1.440000057220459,1.4700000286102295,1.4700000286102295,1008000
2021-05-25,1.440000057220459,1.5,1.4299999475479126,1.5,1.5,988000
2021-05-26,1.4299999475479126,1.4700000286102295,1.4299999475479126,1.4299999475479126,1.4299999475479126,92000
2021-05-27,1.4299999475479126,1.4600000381469727,1.3799999952316284,1.4199999570846558,1.4199999570846558,748000
2021-05-28,1.3799999952316284,1.4900000095367432,1.3799999952316284,1.4600000381469727,1.4600000381469727,988000
2021-05-31,1.409999966621399,1.4900000095367432,1.3799999952316284,1.4800000190734863,1.4800000190734863,696000
2021-06-01,1.4800000190734863,1.4800000190734863,1.409999966621399,1.409999966621399,1.409999966621399,768000
2021-06-02,1.4500000476837158,1.4900000095367432,1.3600000143051147,1.3600000143051147,1.3600000143051147,204000
2021-06-03,1.4500000476837158,1.4800000190734863,1.3600000143051147,1.3700000047683716,1.3700000047683716,1300000
2021-06-04,1.4500000476837158,1.4700000286102295,1.309999942779541,1.409999966621399,1.409999966621399,220000
2021-06-07,1.409999966621399,1.440000057220459,1.2999999523162842,1.350000023841858,1.350000023841858,144000
2021-06-08,1.3799999952316284,1.4500000476837158,1.340000033378601,1.350000023841858,1.350000023841858,148000
2021-06-09,1.3700000047683716,1.3799999952316284,1.2999999523162842,1.3200000524520874,1.3200000524520874,144000
2021-06-10,1.340000033378601,1.3899999856948853,1.190000057220459,1.3700000047683716,1.3700000047683716,588000
2021-06-11,1.409999966621399,1.409999966621399,1.2999999523162842,1.3700000047683716,1.3700000047683716,228000
2021-06-15,1.4299999475479126,1.4299999475479126,1.309999942779541,1.340000033378601,1.340000033378601,308000
2021-06-16,1.309999942779541,1.350000023841858,1.309999942779541,1.350000023841858,1.350000023841858,144000
2021-06-17,1.2999999523162842,1.340000033378601,1.2699999809265137,1.340000033378601,1.340000033378601,472000
2021-06-18,1.3300000429153442,1.3899999856948853,1.3300000429153442,1.3899999856948853,1.3899999856948853,36000
2021-06-21,1.3799999952316284,1.3799999952316284,1.350000023841858,1.350000023841858,1.350000023841858,120000
2021-06-22,1.5499999523162842,1.5499999523162842,1.2599999904632568,1.3600000143051147,1.3600000143051147,172000
2021-06-23,1.350000023841858,1.350000023841858,1.350000023841858,1.350000023841858,1.350000023841858,4000
2021-06-24,1.5499999523162842,1.5499999523162842,1.2799999713897705,1.2999999523162842,1.2999999523162842,56000
2021-06-25,1.2899999618530273,1.3700000047683716,1.25,1.3700000047683716,1.3700000047683716,292000
2021-06-28,1.3799999952316284,1.3799999952316284,1.2799999713897705,1.340000033378601,1.340000033378601,12000
2021-06-29,1.340000033378601,1.340000033378601,1.340000033378601,1.340000033378601,1.340000033378601,0
2021-06-30,1.3200000524520874,1.3200000524520874,1.3200000524520874,1.3200000524520874,1.3200000524520874,20000
2021-07-02,1.3899999856948853,1.3899999856948853,1.3899999856948853,1.3899999856948853,1.3899999856948853,4000
2021-07-05,1.3799999952316284,1.3799999952316284,1.3799999952316284,1.3799999952316284,1.3799999952316284,0
2021-07-06,1.350000023841858,1.350000023841858,1.350000023841858,1.350000023841858,1.350000023841858,0
2021-07-07,1.3300000429153442,1.3300000429153442,1.3300000429153442,1.3300000429153442,1.3300000429153442,0
2021-07-08,1.2200000286102295,1.25,1.2200000286102295,1.25,1.25,8000
2021-07-09,1.3700000047683716,1.3700000047683716,1.190000057220459,1.2999999523162842,1.2999999523162842,1288000
2021-07-12,1.2100000381469727,1.2599999904632568,1.190000057220459,1.25,1.25,56000
2021-07-13,1.1200000047683716,1.2799999713897705,1.0099999904632568,1.25,1.25,304000
2021-07-14,1.25,1.25,1.25,1.25,1.25,0
2021-07-15,1.2400000095367432,1.2400000095367432,1.2400000095367432,1.2400000095367432,1.2400000095367432,0
2021-07-16,1.2999999523162842,1.2999999523162842,1.1100000143051147,1.149999976158142,1.149999976158142,276000
2021-07-19,1.1799999475479126,1.2200000286102295,1.090000033378601,1.2000000476837158,1.2000000476837158,1476000
2021-07-20,1.1799999475479126,1.2200000286102295,1.1399999856948853,1.1399999856948853,1.1399999856948853,2772000
2021-07-21,1.2000000476837158,1.2100000381469727,1.159999966621399,1.2100000381469727,1.2100000381469727,308000
2021-07-22,1.1200000047683716,1.149999976158142,1.0199999809265137,1.1100000143051147,1.1100000143051147,356000
2021-07-23,1.1299999952316284,1.2000000476837158,1.0700000524520874,1.1799999475479126,1.1799999475479126,396000
2021-07-26,1.350000023841858,1.350000023841858,1.0499999523162842,1.1399999856948853,1.1399999856948853,444000
2021-07-27,1.1699999570846558,1.1699999570846558,1.059999942779541,1.1100000143051147,1.1100000143051147,60000
2021-07-28,1.0299999713897705,1.0499999523162842,1.0,1.0499999523162842,1.0499999523162842,280000
2021-07-29,1.0700000524520874,1.0700000524520874,1.0499999523162842,1.0499999523162842,1.0499999523162842,28000
2021-07-30,1.0499999523162842,1.2999999523162842,1.0399999618530273,1.2899999618530273,1.2899999618530273,208000
2021-08-02,1.1399999856948853,1.1399999856948853,1.1399999856948853,1.1399999856948853,1.1399999856948853,0
2021-08-03,1.3200000524520874,1.3300000429153442,1.100000023841858,1.100000023841858,1.100000023841858,148000
2021-08-04,1.2000000476837158,1.2000000476837158,1.2000000476837158,1.100000023841858,1.100000023841858,4000
2021-08-05,1.0700000524520874,1.159999966621399,1.0700000524520874,1.159999966621399,1.159999966621399,140000
2021-08-06,1.190000057220459,1.3300000429153442,1.1100000143051147,1.2999999523162842,1.2999999523162842,424000
2021-08-09,1.2899999618530273,1.2899999618530273,1.1200000047683716,1.2699999809265137,1.2699999809265137,196000
2021-08-10,1.2699999809265137,1.2899999618530273,1.1699999570846558,1.2100000381469727,1.2100000381469727,1720000
2021-08-11,1.1699999570846558,1.2300000190734863,1.1699999570846558,1.2000000476837158,1.2000000476837158,1296000
2021-08-12,1.1799999475479126,1.2200000286102295,1.149999976158142,1.2000000476837158,1.2000000476837158,1352000
2021-08-13,1.159999966621399,1.2000000476837158,1.100000023841858,1.159999966621399,1.159999966621399,1016000
2021-08-16,1.1100000143051147,1.190000057220459,1.0800000429153442,1.190000057220459,1.190000057220459,1332000
2021-08-17,1.1299999952316284,1.2400000095367432,1.1100000143051147,1.149999976158142,1.149999976158142,1304000
2021-08-18,1.149999976158142,1.2699999809265137,1.1299999952316284,1.2699999809265137,1.2699999809265137,1224000
2021-08-19,1.2799999713897705,1.2799999713897705,1.2100000381469727,1.2599999904632568,1.2599999904632568,1236000
2021-08-20,1.2200000286102295,1.2799999713897705,1.1399999856948853,1.2799999713897705,1.2799999713897705,1576000
2021-08-23,1.1799999475479126,1.2400000095367432,1.1799999475479126,1.2100000381469727,1.2100000381469727,1112000
2021-08-24,1.1699999570846558,1.2100000381469727,1.149999976158142,1.2100000381469727,1.2100000381469727,1112000
2021-08-25,1.159999966621399,1.1699999570846558,1.1399999856948853,1.1699999570846558,1.1699999570846558,1124000
2021-08-26,1.1299999952316284,1.2000000476837158,1.1200000047683716,1.2000000476837158,1.2000000476837158,1076000
2021-08-27,1.2000000476837158,1.2699999809265137,1.159999966621399,1.2699999809265137,1.2699999809265137,1008000
2021-08-30,1.2100000381469727,1.25,1.1699999570846558,1.1699999570846558,1.1699999570846558,1756000
2021-08-31,1.149999976158142,1.159999966621399,1.100000023841858,1.1200000047683716,1.1200000047683716,1888000
2021-09-01,1.1200000047683716,1.1200000047683716,1.0800000429153442,1.1200000047683716,1.1200000047683716,2620000
2021-09-02,1.100000023841858,1.1299999952316284,1.0700000524520874,1.1299999952316284,1.1299999952316284,1816000
2021-09-03,1.1200000047683716,1.159999966621399,1.1100000143051147,1.149999976158142,1.149999976158142,1848000
2021-09-06,1.1100000143051147,1.1299999952316284,1.090000033378601,1.1299999952316284,1.1299999952316284,1952000
2021-09-07,1.100000023841858,1.1200000047683716,1.090000033378601,1.090000033378601,1.090000033378601,1852000
2021-09-08,1.1100000143051147,1.1699999570846558,1.090000033378601,1.1699999570846558,1.1699999570846558,1876000
2021-09-09,1.159999966621399,1.159999966621399,1.0800000429153442,1.0800000429153442,1.0800000429153442,1752000
2021-09-10,1.090000033378601,1.149999976158142,1.0800000429153442,1.1399999856948853,1.1399999856948853,1920000
2021-09-13,1.2100000381469727,1.2100000381469727,1.0499999523162842,1.1299999952316284,1.1299999952316284,1912000
2021-09-14,1.100000023841858,1.159999966621399,1.100000023841858,1.1299999952316284,1.1299999952316284,3496000
2021-09-15,1.100000023841858,1.1200000047683716,1.090000033378601,1.100000023841858,1.100000023841858,1804000
2021-09-16,1.0800000429153442,1.090000033378601,1.0299999713897705,1.090000033378601,1.090000033378601,1788000
2021-09-17,1.059999942779541,1.090000033378601,1.0499999523162842,1.090000033378601,1.090000033378601,1604000
2021-09-20,1.0499999523162842,1.059999942779541,1.0,1.0499999523162842,1.0499999523162842,1080000
2021-09-21,1.059999942779541,1.059999942779541,1.0199999809265137,1.0199999809265137,1.0199999809265137,3028000
2021-09-23,1.0199999809265137,1.059999942779541,1.0199999809265137,1.059999942779541,1.059999942779541,1244000
2021-09-24,1.0099999904632568,1.0700000524520874,1.0099999904632568,1.0700000524520874,1.0700000524520874,1244000
2021-09-27,1.0499999523162842,1.0700000524520874,1.0499999523162842,1.059999942779541,1.059999942779541,1216000
2021-09-28,1.0700000524520874,1.0800000429153442,1.059999942779541,1.059999942779541,1.059999942779541,1220000
2021-09-29,1.0499999523162842,1.149999976158142,1.0499999523162842,1.100000023841858,1.100000023841858,1236000
2021-09-30,1.0800000429153442,1.2999999523162842,1.0700000524520874,1.2899999618530273,1.2899999618530273,1808000
2021-10-04,1.149999976158142,1.2000000476837158,1.149999976158142,1.1699999570846558,1.1699999570846558,988000
2021-10-05,1.2200000286102295,1.2200000286102295,1.100000023841858,1.1100000143051147,1.1100000143051147,1032000
2021-10-06,1.1100000143051147,1.2200000286102295,1.0800000429153442,1.2200000286102295,1.2200000286102295,1184000
2021-10-07,1.1699999570846558,1.2000000476837158,1.1699999570846558,1.1799999475479126,1.1799999475479126,1080000
2021-10-08,1.1799999475479126,1.2400000095367432,1.159999966621399,1.2400000095367432,1.2400000095367432,1044000
2021-10-11,1.2100000381469727,1.2300000190734863,1.1699999570846558,1.2100000381469727,1.2100000381469727,1020000
2021-10-12,1.2000000476837158,1.2300000190734863,1.2000000476837158,1.2300000190734863,1.2300000190734863,1028000
2021-10-15,1.2400000095367432,1.2799999713897705,1.1699999570846558,1.2799999713897705,1.2799999713897705,904000
2021-10-18,1.2899999618530273,1.2899999618530273,1.1100000143051147,1.1100000143051147,1.1100000143051147,1404000
2021-10-19,1.1399999856948853,1.2899999618530273,1.100000023841858,1.2799999713897705,1.2799999713897705,2488000
2021-10-20,1.2100000381469727,1.3600000143051147,1.2100000381469727,1.3600000143051147,1.3600000143051147,2152000
2021-10-21,1.2400000095367432,1.2899999618530273,1.2000000476837158,1.2699999809265137,1.2699999809265137,1668000
2021-10-22,1.190000057220459,1.25,1.1799999475479126,1.2000000476837158,1.2000000476837158,1084000
2021-10-25,1.1699999570846558,1.25,1.149999976158142,1.25,1.25,1992000
2021-10-26,1.190000057220459,1.2300000190734863,1.1799999475479126,1.190000057220459,1.190000057220459,2136000
2021-10-27,1.1799999475479126,1.2100000381469727,1.149999976158142,1.159999966621399,1.159999966621399,2020000
2021-10-28,1.25,1.25,1.149999976158142,1.190000057220459,1.190000057220459,792000
2021-10-29,1.1699999570846558,1.2699999809265137,1.1399999856948853,1.25,1.25,1680000
2021-11-01,1.2400000095367432,1.3300000429153442,1.1399999856948853,1.1399999856948853,1.1399999856948853,1780000
2021-11-02,1.1699999570846558,1.1699999570846558,1.1399999856948853,1.159999966621399,1.159999966621399,404000
2021-11-03,1.159999966621399,1.159999966621399,1.1399999856948853,1.149999976158142,1.149999976158142,728000
2021-11-04,1.1699999570846558,1.190000057220459,1.159999966621399,1.159999966621399,1.159999966621399,940000
2021-11-05,1.1699999570846558,1.25,1.149999976158142,1.2400000095367432,1.2400000095367432,920000
2021-11-08,1.2100000381469727,1.2100000381469727,1.159999966621399,1.159999966621399,1.159999966621399,984000
2021-11-09,1.1699999570846558,1.1799999475479126,1.159999966621399,1.159999966621399,1.159999966621399,980000
2021-11-10,1.159999966621399,1.159999966621399,1.100000023841858,1.1100000143051147,1.1100000143051147,1308000
2021-11-11,1.100000023841858,1.1100000143051147,1.100000023841858,1.100000023841858,1.100000023841858,716000
2021-11-12,1.100000023841858,1.149999976158142,1.0700000524520874,1.100000023841858,1.100000023841858,752000
2021-11-15,1.1399999856948853,1.1399999856948853,1.059999942779541,1.0700000524520874,1.0700000524520874,460000
2021-11-16,1.0399999618530273,1.059999942779541,1.0299999713897705,1.0499999523162842,1.0499999523162842,732000
2021-11-17,1.0499999523162842,1.0499999523162842,1.0099999904632568,1.0499999523162842,1.0499999523162842,460000
2021-11-18,1.0199999809265137,1.0399999618530273,1.0,1.0,1.0,604000
2021-11-19,1.0299999713897705,1.1399999856948853,0.9700000286102295,1.1100000143051147,1.1100000143051147,568000
2021-11-22,1.1799999475479126,1.1799999475479126,1.0800000429153442,1.1299999952316284,1.1299999952316284,1756000
2021-11-23,1.149999976158142,1.149999976158142,1.0199999809265137,1.0299999713897705,1.0299999713897705,556000
2021-11-24,1.0,1.0299999713897705,0.9900000095367432,1.0099999904632568,1.0099999904632568,264000
2021-11-25,0.9900000095367432,1.0099999904632568,0.9700000286102295,0.9700000286102295,0.9700000286102295,604000
2021-11-26,0.9900000095367432,1.0,0.9599999785423279,0.9900000095367432,0.9900000095367432,360000
2021-11-29,0.9700000286102295,0.9700000286102295,0.9200000166893005,0.949999988079071,0.949999988079071,312000
2021-11-30,0.8899999856948853,0.8999999761581421,0.8799999952316284,0.8799999952316284,0.8799999952316284,300000
2021-12-01,0.8199999928474426,0.8899999856948853,0.8199999928474426,0.8899999856948853,0.8899999856948853,372000
2021-12-02,0.9200000166893005,0.9399999976158142,0.8399999737739563,0.9200000166893005,0.9200000166893005,504000
2021-12-03,0.9900000095367432,1.0199999809265137,0.9399999976158142,0.9599999785423279,0.9599999785423279,644000
2021-12-06,0.9200000166893005,1.0,0.9200000166893005,0.9700000286102295,0.9700000286102295,684000
2021-12-07,0.9700000286102295,1.0,0.9399999976158142,0.9399999976158142,0.9399999976158142,460000
2021-12-08,0.9300000071525574,0.9300000071525574,0.9300000071525574,0.9300000071525574,0.9300000071525574,1100000
2021-12-09,0.9300000071525574,0.9300000071525574,0.9300000071525574,0.9300000071525574,0.9300000071525574,0
2021-12-10,0.9200000166893005,0.9200000166893005,0.9200000166893005,0.9200000166893005,0.9200000166893005,0
2021-12-13,0.9399999976158142,0.9399999976158142,0.9300000071525574,0.9300000071525574,0.9300000071525574,196000
2021-12-14,0.9300000071525574,0.9300000071525574,0.9300000071525574,0.9300000071525574,0.9300000071525574,0
2021-12-15,0.9100000262260437,1.0,0.8799999952316284,0.8799999952316284,0.8799999952316284,276000
2021-12-16,0.8799999952316284,0.8799999952316284,0.8799999952316284,0.8799999952316284,0.8799999952316284,0
2021-12-17,0.8999999761581421,0.8999999761581421,0.8600000143051147,0.8799999952316284,0.8799999952316284,40000
2021-12-20,0.8899999856948853,0.8899999856948853,0.8399999737739563,0.8600000143051147,0.8600000143051147,76000
2021-12-21,0.8700000047683716,0.9100000262260437,0.8700000047683716,0.9100000262260437,0.9100000262260437,416000
2021-12-22,0.9399999976158142,1.059999942779541,0.9399999976158142,1.059999942779541,1.059999942779541,596000
2021-12-23,1.059999942779541,1.059999942779541,0.9900000095367432,0.9900000095367432,0.9900000095367432,220000
2021-12-24,0.8799999952316284,1.149999976158142,0.8600000143051147,1.149999976158142,1.149999976158142,296000
2021-12-28,0.9599999785423279,0.9599999785423279,0.8799999952316284,0.8799999952316284,0.8799999952316284,152000
2021-12-29,0.8500000238418579,1.1299999952316284,0.8500000238418579,1.100000023841858,1.100000023841858,224000
2021-12-30,1.0,1.1799999475479126,0.8999999761581421,1.1799999475479126,1.1799999475479126,1876000
2021-12-31,1.100000023841858,1.100000023841858,0.949999988079071,1.0399999618530273,1.0399999618530273,956000
2022-01-03,0.9200000166893005,1.1699999570846558,0.9200000166893005,1.1699999570846558,1.1699999570846558,464000
2022-01-04,1.0299999713897705,1.090000033378601,1.0299999713897705,1.0399999618530273,1.0399999618530273,20000
2022-01-05,1.0199999809265137,1.0199999809265137,0.9900000095367432,0.9900000095367432,0.9900000095367432,320000
2022-01-06,1.0199999809265137,1.0399999618530273,1.0,1.0399999618530273,1.0399999618530273,148000
2022-01-07,1.0099999904632568,1.25,1.0,1.1299999952316284,1.1299999952316284,904000
2022-01-10,1.1200000047683716,1.1200000047683716,1.1200000047683716,1.1200000047683716,1.1200000047683716,132000
2022-01-11,1.0800000429153442,1.2699999809265137,1.0800000429153442,1.2699999809265137,1.2699999809265137,184000
2022-01-12,1.159999966621399,1.2000000476837158,1.159999966621399,1.2000000476837158,1.2000000476837158,120000
2022-01-13,1.1200000047683716,1.25,1.1100000143051147,1.25,1.25,100000
2022-01-14,1.1799999475479126,1.399999976158142,1.1799999475479126,1.399999976158142,1.399999976158142,520000
2022-01-17,1.3799999952316284,1.3799999952316284,1.3799999952316284,1.3799999952316284,1.3799999952316284,0
2022-01-18,1.2100000381469727,1.2699999809265137,1.2100000381469727,1.2200000286102295,1.2200000286102295,376000
2022-01-19,1.25,1.399999976158142,1.25,1.399999976158142,1.399999976158142,16000
2022-01-20,1.3899999856948853,1.4800000190734863,1.3300000429153442,1.3799999952316284,1.3799999952316284,320000
2022-01-21,1.3799999952316284,1.4900000095367432,1.3600000143051147,1.4900000095367432,1.4900000095367432,648000
2022-01-24,1.399999976158142,1.4800000190734863,1.3899999856948853,1.4800000190734863,1.4800000190734863,76000
2022-01-25,1.4900000095367432,1.5800000429153442,1.440000057220459,1.5800000429153442,1.5800000429153442,520000
2022-01-26,1.4700000286102295,1.559999942779541,1.4700000286102295,1.4700000286102295,1.4700000286102295,116000
2022-01-27,1.4700000286102295,1.5499999523162842,1.4700000286102295,1.5399999618530273,1.5399999618530273,1204000
2022-01-28,1.5399999618530273,1.5800000429153442,1.4700000286102295,1.5800000429153442,1.5800000429153442,1102000
2022-01-31,1.8799999952316284,1.8799999952316284,1.8799999952316284,1.8799999952316284,1.8799999952316284,0
2022-02-04,1.6699999570846558,1.9800000190734863,1.6699999570846558,1.9800000190734863,1.9800000190734863,1300000
2022-02-07,1.9600000381469727,2.0,1.909999966621399,2.0,2.0,808000
2022-02-08,1.9800000190734863,1.9800000190734863,1.8600000143051147,1.909999966621399,1.909999966621399,856000
2022-02-09,1.8899999856948853,1.8899999856948853,1.649999976158142,1.7200000286102295,1.7200000286102295,1048000
2022-02-10,1.600000023841858,1.840000033378601,1.600000023841858,1.7999999523162842,1.7999999523162842,1024000
2022-02-11,1.7599999904632568,1.8799999952316284,1.7000000476837158,1.8700000047683716,1.8700000047683716,680000
2022-02-14,1.8600000143051147,1.8600000143051147,1.7400000095367432,1.8300000429153442,1.8300000429153442,812000
2022-02-15,1.8600000143051147,1.8600000143051147,1.6399999856948853,1.8200000524520874,1.8200000524520874,720000
2022-02-16,1.6399999856948853,1.8200000524520874,1.6399999856948853,1.6799999475479126,1.6799999475479126,1028000
2022-02-17,1.6399999856948853,1.7899999618530273,1.559999942779541,1.6799999475479126,1.6799999475479126,1032000
2022-02-18,1.590000033378601,1.9700000286102295,1.5700000524520874,1.9700000286102295,1.9700000286102295,3008000
2022-02-21,1.9700000286102295,1.9700000286102295,1.6299999952316284,1.7699999809265137,1.7699999809265137,3060000
2022-02-22,1.9199999570846558,1.9199999570846558,1.6699999570846558,1.6799999475479126,1.6799999475479126,1336000
2022-02-23,1.6299999952316284,1.7699999809265137,1.6299999952316284,1.6799999475479126,1.6799999475479126,1044000
2022-02-24,1.7200000286102295,1.8899999856948853,1.6200000047683716,1.75,1.75,1144000
2022-02-25,1.7400000095367432,1.7999999523162842,1.6799999475479126,1.7699999809265137,1.7699999809265137,828000
2022-02-28,1.7999999523162842,1.7999999523162842,1.649999976158142,1.649999976158142,1.649999976158142,856000
2022-03-01,1.7000000476837158,1.7200000286102295,1.6399999856948853,1.6399999856948853,1.6399999856948853,1012000
2022-03-02,1.690000057220459,1.7400000095367432,1.649999976158142,1.6699999570846558,1.6699999570846558,996000
2022-03-03,1.6399999856948853,1.7000000476837158,1.6299999952316284,1.6200000047683716,1.6200000047683716,944000
2022-03-04,1.590000033378601,1.899999976158142,1.590000033378601,1.899999976158142,1.899999976158142,1284000
2022-03-07,1.7599999904632568,1.8300000429153442,1.6799999475479126,1.7300000190734863,1.7300000190734863,964000
2022-03-08,1.7200000286102295,1.809999942779541,1.6799999475479126,1.809999942779541,1.809999942779541,920000
2022-03-09,1.9700000286102295,2.0999999046325684,1.7000000476837158,1.9500000476837158,1.9500000476837158,1412000
2022-03-10,2.0,2.0,1.8200000524520874,1.8799999952316284,1.8799999952316284,748000
2022-03-11,1.9800000190734863,1.9800000190734863,1.7300000190734863,1.9500000476837158,1.9500000476837158,1196000
2022-03-14,1.9500000476837158,1.9700000286102295,1.809999942779541,1.9700000286102295,1.9700000286102295,972000
2022-03-15,1.8700000047683716,1.9500000476837158,1.840000033378601,1.9500000476837158,1.9500000476837158,416000
2022-03-16,1.8200000524520874,2.119999885559082,1.7799999713897705,2.109999895095825,2.109999895095825,1424000
2022-03-17,2.109999895095825,2.119999885559082,1.9299999475479126,2.0899999141693115,2.0899999141693115,988000
2022-03-18,2.0799999237060547,2.25,2.059999942779541,2.200000047683716,2.200000047683716,1100000
2022-03-21,2.240000009536743,2.240000009536743,2.130000114440918,2.2100000381469727,2.2100000381469727,1160000
2022-03-22,2.0999999046325684,2.2300000190734863,2.0999999046325684,2.180000066757202,2.180000066757202,912000
2022-03-23,2.109999895095825,2.190000057220459,2.049999952316284,2.1500000953674316,2.1500000953674316,1012000
2022-03-24,2.140000104904175,2.140000104904175,1.8799999952316284,1.8799999952316284,1.8799999952316284,880000
2022-03-25,1.9299999475479126,1.9299999475479126,1.8200000524520874,1.8799999952316284,1.8799999952316284,1168000
2022-03-28,2.0199999809265137,2.049999952316284,1.850000023841858,1.9500000476837158,1.9500000476837158,968000
2022-03-29,1.909999966621399,1.9800000190734863,1.8700000047683716,1.940000057220459,1.940000057220459,916000
2022-03-30,1.8700000047683716,1.9299999475479126,1.7300000190734863,1.899999976158142,1.899999976158142,1180000
2022-03-31,2.0,2.0899999141693115,1.7699999809265137,1.9800000190734863,1.9800000190734863,1224000
2022-04-01,2.0999999046325684,2.1500000953674316,1.9299999475479126,2.1500000953674316,2.1500000953674316,1480000
2022-04-04,1.9900000095367432,2.0899999141693115,1.9299999475479126,1.9900000095367432,1.9900000095367432,896000
2022-04-06,1.8600000143051147,1.9600000381469727,1.850000023841858,1.8799999952316284,1.8799999952316284,808000
2022-04-07,2.0299999713897705,2.0299999713897705,1.8700000047683716,1.9199999570846558,1.9199999570846558,572000
2022-04-08,1.8799999952316284,1.9800000190734863,1.850000023841858,1.9800000190734863,1.9800000190734863,1028000
2022-04-11,1.9199999570846558,2.0399999618530273,1.7799999713897705,1.9900000095367432,1.9900000095367432,1116000
2022-04-12,1.9800000190734863,1.9800000190734863,1.909999966621399,1.9800000190734863,1.9800000190734863,964000
2022-04-13,1.9800000190734863,1.9800000190734863,1.8200000524520874,1.8799999952316284,1.8799999952316284,880000
2022-04-14,2.0199999809265137,2.0399999618530273,1.8799999952316284,2.0399999618530273,2.0399999618530273,776000
2022-04-19,2.0199999809265137,2.0399999618530273,1.8899999856948853,1.8899999856948853,1.8899999856948853,1084000
2022-04-20,2.0199999809265137,2.0199999809265137,1.850000023841858,1.9900000095367432,1.9900000095367432,1076000
2022-04-21,2.0299999713897705,2.0299999713897705,1.899999976158142,1.899999976158142,1.899999976158142,1100000
2022-04-22,1.8899999856948853,1.9299999475479126,1.850000023841858,1.9299999475479126,1.9299999475479126,464000
2022-04-25,1.8600000143051147,1.8899999856948853,1.850000023841858,1.8799999952316284,1.8799999952316284,656000
2022-04-26,1.899999976158142,1.899999976158142,1.850000023841858,1.850000023841858,1.850000023841858,600000
2022-04-27,1.7300000190734863,1.8700000047683716,1.7200000286102295,1.8200000524520874,1.8200000524520874,1020000
2022-04-28,1.7899999618530273,1.899999976158142,1.7899999618530273,1.899999976158142,1.899999976158142,672000
2022-04-29,1.9500000476837158,1.9700000286102295,1.6699999570846558,1.9700000286102295,1.9700000286102295,2148000
2022-05-03,2.0199999809265137,2.0199999809265137,1.840000033378601,1.9600000381469727,1.9600000381469727,572000
2022-05-04,1.840000033378601,1.9500000476837158,1.809999942779541,1.909999966621399,1.909999966621399,620000
2022-05-05,1.8700000047683716,1.9199999570846558,1.850000023841858,1.9199999570846558,1.9199999570846558,912000
2022-05-06,1.8300000429153442,1.909999966621399,1.8200000524520874,1.909999966621399,1.909999966621399,516000
2022-05-10,1.809999942779541,1.909999966621399,1.7799999713897705,1.8899999856948853,1.8899999856948853,1108000
2022-05-11,1.9500000476837158,1.9500000476837158,1.7100000381469727,1.7100000381469727,1.7100000381469727,988000
2022-05-12,1.8200000524520874,1.8200000524520874,1.6699999570846558,1.7699999809265137,1.7699999809265137,772000
2022-05-13,1.7699999809265137,1.9199999570846558,1.7400000095367432,1.7599999904632568,1.7599999904632568,1116000
2022-05-16,1.8300000429153442,1.899999976158142,1.7699999809265137,1.850000023841858,1.850000023841858,196000
2022-05-17,1.899999976158142,1.899999976158142,1.7000000476837158,1.8899999856948853,1.8899999856948853,1144000
2022-05-18,1.8600000143051147,1.8600000143051147,1.7100000381469727,1.7400000095367432,1.7400000095367432,144000
2022-05-19,1.75,1.75,1.7200000286102295,1.75,1.75,128000
2022-05-20,1.75,1.9900000095367432,1.7300000190734863,1.7599999904632568,1.7599999904632568,596000
2022-05-23,1.8799999952316284,1.8799999952316284,1.7599999904632568,1.7799999713897705,1.7799999713897705,172000
2022-05-24,1.7899999618530273,1.809999942779541,1.7699999809265137,1.7999999523162842,1.7999999523162842,224000
2022-05-25,1.809999942779541,1.809999942779541,1.7599999904632568,1.809999942779541,1.809999942779541,816000
2022-05-26,1.7999999523162842,1.7999999523162842,1.7200000286102295,1.7300000190734863,1.7300000190734863,852000
2022-05-27,1.7000000476837158,1.7899999618530273,1.7000000476837158,1.7899999618530273,1.7899999618530273,808000
2022-05-30,1.7899999618530273,1.8700000047683716,1.7799999713897705,1.8600000143051147,1.8600000143051147,804000
2022-05-31,1.899999976158142,2.069999933242798,1.7999999523162842,2.049999952316284,2.049999952316284,1128000
2022-06-01,2.049999952316284,2.0799999237060547,1.8799999952316284,1.9299999475479126,1.9299999475479126,712000
2022-06-02,1.8600000143051147,2.119999885559082,1.8300000429153442,2.119999885559082,2.119999885559082,608000
2022-06-06,1.909999966621399,2.009999990463257,1.909999966621399,2.009999990463257,2.009999990463257,400000
2022-06-07,1.9299999475479126,1.9600000381469727,1.9299999475479126,1.9600000381469727,1.9600000381469727,384000
2022-06-08,1.899999976158142,1.9500000476837158,1.8600000143051147,1.940000057220459,1.940000057220459,264000
2022-06-09,1.9500000476837158,1.9500000476837158,1.8700000047683716,1.940000057220459,1.940000057220459,412000
2022-06-10,1.9500000476837158,2.0199999809265137,1.8799999952316284,2.009999990463257,2.009999990463257,488000
2022-06-13,1.940000057220459,1.9600000381469727,1.9199999570846558,1.9500000476837158,1.9500000476837158,148000
2022-06-14,1.9500000476837158,1.9900000095367432,1.9500000476837158,1.9900000095367432,1.9900000095367432,128000
2022-06-15,1.9600000381469727,1.9600000381469727,1.7000000476837158,1.809999942779541,1.809999942779541,868000
2022-06-16,1.7999999523162842,1.8700000047683716,1.7999999523162842,1.8700000047683716,1.8700000047683716,60000
2022-06-17,1.8700000047683716,1.8700000047683716,1.75,1.7999999523162842,1.7999999523162842,312000
2022-06-20,1.7300000190734863,1.8200000524520874,1.7300000190734863,1.8200000524520874,1.8200000524520874,24000
2022-06-21,1.8200000524520874,1.8899999856948853,1.75,1.8899999856948853,1.8899999856948853,80000
2022-06-22,1.8899999856948853,1.8899999856948853,1.8899999856948853,1.8899999856948853,1.8899999856948853,40000
2022-06-23,1.840000033378601,1.8899999856948853,1.7899999618530273,1.8799999952316284,1.8799999952316284,48000
2022-06-24,1.8799999952316284,1.9299999475479126,1.7699999809265137,1.9299999475479126,1.9299999475479126,228000
2022-06-27,1.9500000476837158,1.9500000476837158,1.9500000476837158,1.9500000476837158,1.9500000476837158,0
2022-06-28,2.0,2.0299999713897705,1.850000023841858,1.9500000476837158,1.9500000476837158,108000
2022-06-29,1.9500000476837158,1.9600000381469727,1.8700000047683716,1.9600000381469727,1.9600000381469727,44000
2022-06-30,1.899999976158142,1.899999976158142,1.8300000429153442,1.8300000429153442,1.8300000429153442,168000
2022-07-04,1.8300000429153442,1.8300000429153442,1.8300000429153442,1.8300000429153442,1.8300000429153442,0
2022-07-05,1.8300000429153442,1.8300000429153442,1.8300000429153442,1.8300000429153442,1.8300000429153442,0
2022-07-06,1.840000033378601,1.840000033378601,1.840000033378601,1.840000033378601,1.840000033378601,0
2022-07-07,1.7999999523162842,1.7999999523162842,1.7999999523162842,1.7999999523162842,1.7999999523162842,32000
2022-07-08,1.7899999618530273,1.7899999618530273,1.7899999618530273,1.7899999618530273,1.7899999618530273,12000
2022-07-11,1.899999976158142,1.899999976158142,1.8300000429153442,1.8300000429153442,1.8300000429153442,48000
2022-07-12,1.8200000524520874,1.9299999475479126,1.7799999713897705,1.9299999475479126,1.9299999475479126,80000
2022-07-13,1.7899999618530273,1.7899999618530273,1.7200000286102295,1.7799999713897705,1.7799999713897705,240000
2022-07-14,1.7000000476837158,1.7999999523162842,1.659999966621399,1.7000000476837158,1.7000000476837158,1212000
2022-07-15,1.7300000190734863,1.8899999856948853,1.6799999475479126,1.8799999952316284,1.8799999952316284,1452000
2022-07-18,1.7599999904632568,1.850000023841858,1.7400000095367432,1.850000023841858,1.850000023841858,96000
2022-07-19,1.7100000381469727,1.7999999523162842,1.659999966621399,1.7999999523162842,1.7999999523162842,824000
2022-07-20,1.7899999618530273,1.7899999618530273,1.7899999618530273,1.7899999618530273,1.7899999618530273,0
2022-07-21,1.7100000381469727,1.7400000095367432,1.690000057220459,1.7200000286102295,1.7200000286102295,648000
2022-07-22,1.7200000286102295,1.7999999523162842,1.7200000286102295,1.75,1.75,476000
2022-07-25,1.7000000476837158,1.7200000286102295,1.6699999570846558,1.7200000286102295,1.7200000286102295,480000
2022-07-26,1.7200000286102295,1.7200000286102295,1.7200000286102295,1.7200000286102295,1.7200000286102295,0
2022-07-27,1.7799999713897705,1.8600000143051147,1.690000057220459,1.690000057220459,1.690000057220459,412000
2022-07-28,1.6799999475479126,1.75,1.6699999570846558,1.75,1.75,0
2022-07-29,1.7200000286102295,1.7799999713897705,1.690000057220459,1.690000057220459,1.690000057220459,348000
2022-08-01,1.690000057220459,1.75,1.659999966621399,1.690000057220459,1.690000057220459,332000
2022-08-02,1.7300000190734863,1.7300000190734863,1.7300000190734863,1.7300000190734863,1.7300000190734863,0
2022-08-03,1.690000057220459,1.6699999570846558,1.559999942779541,1.600000023841858,1.600000023841858,276000
2022-08-04,1.600000023841858,1.6399999856948853,1.600000023841858,1.6399999856948853,1.6399999856948853,212000
2022-08-05,1.600000023841858,1.840000033378601,1.5700000524520874,1.8300000429153442,1.8300000429153442,464000
2022-08-08,1.840000033378601,1.7200000286102295,1.6299999952316284,1.6399999856948853,1.6399999856948853,320000
2022-08-09,1.6799999475479126,1.7799999713897705,1.6799999475479126,1.7799999713897705,1.7799999713897705,64000
2022-08-10,1.7699999809265137,1.840000033378601,1.6699999570846558,1.690000057220459,1.690000057220459,136000
2022-08-11,1.7200000286102295,1.7300000190734863,1.6399999856948853,1.6799999475479126,1.6799999475479126,196000
2022-08-12,1.7100000381469727,1.7100000381469727,1.7100000381469727,1.7100000381469727,1.7100000381469727,0
2022-08-15,1.7599999904632568,1.7599999904632568,1.7599999904632568,1.7599999904632568,1.7599999904632568,0
2022-08-16,1.6699999570846558,1.6699999570846558,1.659999966621399,1.659999966621399,1.659999966621399,68000
2022-08-17,1.690000057220459,1.690000057220459,1.690000057220459,1.690000057220459,1.690000057220459,0
2022-08-18,1.690000057220459,1.690000057220459,1.690000057220459,1.690000057220459,1.690000057220459,0
2022-08-19,1.7100000381469727,1.7799999713897705,1.659999966621399,1.7799999713897705,1.7799999713897705,40000
2022-08-22,1.7799999713897705,1.7799999713897705,1.7799999713897705,1.7799999713897705,1.7799999713897705,0
2022-08-23,1.7699999809265137,1.7699999809265137,1.7699999809265137,1.7699999809265137,1.7699999809265137,0
2022-08-24,1.6799999475479126,1.7699999809265137,1.6699999570846558,1.7699999809265137,1.7699999809265137,68000
2022-08-25,1.75,1.840000033378601,1.75,1.809999942779541,1.809999942779541,756000
2022-08-26,1.8300000429153442,1.8300000429153442,1.8300000429153442,1.8300000429153442,1.8300000429153442,0
2022-08-29,1.8200000524520874,1.8200000524520874,1.8200000524520874,1.8200000524520874,1.8200000524520874,0
2022-08-30,1.809999942779541,1.809999942779541,1.809999942779541,1.7999999523162842,1.7999999523162842,4000
2022-08-31,1.7999999523162842,1.7999999523162842,1.7999999523162842,1.7999999523162842,1.7999999523162842,8000
2022-09-01,1.7999999523162842,1.7999999523162842,1.7999999523162842,1.7999999523162842,1.7999999523162842,0
2022-09-02,1.7999999523162842,1.7999999523162842,1.7999999523162842,1.7999999523162842,1.7999999523162842,0
2022-09-05,1.7000000476837158,1.7000000476837158,1.6799999475479126,1.690000057220459,1.690000057220459,20000
2022-09-06,1.690000057220459,1.690000057220459,1.690000057220459,1.690000057220459,1.690000057220459,4000
2022-09-07,1.690000057220459,1.690000057220459,1.690000057220459,1.690000057220459,1.690000057220459,0
2022-09-08,1.690000057220459,1.690000057220459,1.690000057220459,1.690000057220459,1.690000057220459,0
2022-09-09,1.690000057220459,1.690000057220459,1.690000057220459,1.690000057220459,1.690000057220459,28000
2022-09-13,1.6100000143051147,1.75,1.5199999809265137,1.75,1.75,352000
2022-09-14,1.7300000190734863,1.7300000190734863,1.7300000190734863,1.7300000190734863,1.7300000190734863,0
2022-09-15,1.7200000286102295,1.7200000286102295,1.7200000286102295,1.7200000286102295,1.7200000286102295,0
2022-09-16,1.7200000286102295,1.7200000286102295,1.7200000286102295,1.7200000286102295,1.7200000286102295,0
2022-09-19,1.6100000143051147,1.75,1.6100000143051147,1.7400000095367432,1.7400000095367432,72000
2022-09-20,1.7200000286102295,1.7200000286102295,1.7200000286102295,1.7200000286102295,1.7200000286102295,0
2022-09-21,1.6100000143051147,1.6399999856948853,1.6100000143051147,1.6100000143051147,1.6100000143051147,24000
2022-09-22,1.6100000143051147,1.6100000143051147,1.6100000143051147,1.6100000143051147,1.6100000143051147,0
2022-09-23,1.5099999904632568,1.7000000476837158,1.5099999904632568,1.7000000476837158,1.7000000476837158,84000
2022-09-26,1.559999942779541,1.659999966621399,1.559999942779541,1.559999942779541,1.559999942779541,76000
2022-09-27,1.600000023841858,1.690000057220459,1.559999942779541,1.559999942779541,1.559999942779541,72000
2022-09-28,1.5299999713897705,1.5299999713897705,1.5299999713897705,1.5299999713897705,1.5299999713897705,0
2022-09-29,1.6200000047683716,1.690000057220459,1.4700000286102295,1.5,1.5,92000
2022-09-30,1.5700000524520874,1.5700000524520874,1.5700000524520874,1.5700000524520874,1.5700000524520874,0
2022-10-03,1.5700000524520874,1.5700000524520874,1.5700000524520874,1.5700000524520874,1.5700000524520874,0
2022-10-05,1.6299999952316284,1.6299999952316284,1.6299999952316284,1.6299999952316284,1.6299999952316284,0
2022-10-06,1.6200000047683716,1.6200000047683716,1.6200000047683716,1.6200000047683716,1.6200000047683716,0
2022-10-07,1.6200000047683716,1.6200000047683716,1.6200000047683716,1.6200000047683716,1.6200000047683716,0
2022-10-10,1.5499999523162842,1.5499999523162842,1.5,1.5,1.5,40000
2022-10-11,1.4900000095367432,1.5499999523162842,1.409999966621399,1.440000057220459,1.440000057220459,124000
2022-10-12,1.4900000095367432,1.5800000429153442,1.440000057220459,1.4900000095367432,1.4900000095367432,1040000
2022-10-13,1.5099999904632568,1.5199999809265137,1.4600000381469727,1.4700000286102295,1.4700000286102295,1052000
2022-10-14,1.4800000190734863,1.4800000190734863,1.4600000381469727,1.4700000286102295,1.4700000286102295,1028000
2022-10-17,1.4700000286102295,1.4800000190734863,1.4700000286102295,1.4800000190734863,1.4800000190734863,824000
2022-10-18,1.4800000190734863,1.4800000190734863,1.4700000286102295,1.4800000190734863,1.4800000190734863,1028000
2022-10-19,1.4500000476837158,1.4800000190734863,1.4299999475479126,1.4800000190734863,1.4800000190734863,944000
2022-10-20,1.4700000286102295,1.4800000190734863,1.4700000286102295,1.4800000190734863,1.4800000190734863,1020000
2022-10-21,1.6399999856948853,1.649999976158142,1.4600000381469727,1.4900000095367432,1.4900000095367432,860000
2022-10-24,1.4199999570846558,1.4800000190734863,1.3899999856948853,1.4800000190734863,1.4800000190734863,700000
2022-10-25,1.6299999952316284,1.6299999952316284,1.4700000286102295,1.4800000190734863,1.4800000190734863,684000
2022-10-26,1.4800000190734863,1.4900000095367432,1.4800000190734863,1.4800000190734863,1.4800000190734863,984000
2022-10-27,1.5,1.5,1.4900000095367432,1.4900000095367432,1.4900000095367432,448000
2022-10-28,1.4800000190734863,1.4900000095367432,1.4800000190734863,1.4900000095367432,1.4900000095367432,980000
2022-10-31,1.4900000095367432,1.4900000095367432,1.4800000190734863,1.4900000095367432,1.4900000095367432,684000
2022-11-01,1.4900000095367432,1.5,1.4900000095367432,1.5,1.5,652000
2022-11-02,1.3600000143051147,1.4299999475479126,1.2999999523162842,1.340000033378601,1.340000033378601,2580000
2022-11-03,1.440000057220459,1.440000057220459,1.440000057220459,1.440000057220459,1.440000057220459,0
2022-11-04,1.4900000095367432,1.4900000095367432,1.4800000190734863,1.4600000381469727,1.4600000381469727,2784000
2022-11-07,1.399999976158142,1.4500000476837158,1.3700000047683716,1.3799999952316284,1.3799999952316284,96000
2022-11-08,1.3700000047683716,1.3700000047683716,1.3700000047683716,1.3700000047683716,1.3700000047683716,340000
2022-11-09,1.3700000047683716,1.3600000143051147,1.3600000143051147,1.3600000143051147,1.3600000143051147,248000
2022-11-10,1.350000023841858,1.350000023841858,1.340000033378601,1.350000023841858,1.350000023841858,252000
2022-11-11,1.2100000381469727,1.4500000476837158,1.2100000381469727,1.399999976158142,1.399999976158142,204000
2022-11-14,1.399999976158142,1.399999976158142,1.2599999904632568,1.399999976158142,1.399999976158142,92000
2022-11-15,1.399999976158142,1.399999976158142,1.399999976158142,1.399999976158142,1.399999976158142,0
2022-11-16,1.3899999856948853,1.3899999856948853,1.3899999856948853,1.3899999856948853,1.3899999856948853,0
2022-11-17,1.3200000524520874,1.3899999856948853,1.2400000095367432,1.3899999856948853,1.3899999856948853,88000
2022-11-18,1.3799999952316284,1.3799999952316284,1.3799999952316284,1.3799999952316284,1.3799999952316284,112000
2022-11-21,1.3200000524520874,1.649999976158142,1.3200000524520874,1.5,1.5,1180000
2022-11-22,1.4600000381469727,1.5399999618530273,1.3700000047683716,1.4900000095367432,1.4900000095367432,316000
2022-11-23,1.440000057220459,1.600000023841858,1.4299999475479126,1.5399999618530273,1.5399999618530273,236000
2022-11-24,1.5,1.5,1.5,1.5,1.5,0
2022-11-25,1.4299999475479126,1.5,1.399999976158142,1.5,1.5,124000
2022-11-28,1.5,1.5,1.5,1.5,1.5,0
2022-11-29,1.5,1.5,1.5,1.5,1.5,0
2022-11-30,1.5,1.5,1.5,1.5,1.5,0
2022-12-01,1.5,1.5,1.5,1.5,1.5,0
2022-12-02,1.5,1.5,1.5,1.5,1.5,0
2022-12-05,1.5,1.5,1.5,1.5,1.5,0
2022-12-06,1.5,1.5,1.5,1.5,1.5,0
2022-12-07,1.5,1.5,1.5,1.5,1.5,0
2022-12-08,1.5,1.5,1.5,1.5,1.5,0
2022-12-09,1.409999966621399,1.4900000095367432,1.409999966621399,1.4500000476837158,1.4500000476837158,24000
2022-12-12,1.3899999856948853,1.409999966621399,1.350000023841858,1.350000023841858,1.350000023841858,104000
2022-12-13,1.3300000429153442,1.3300000429153442,1.2799999713897705,1.3300000429153442,1.3300000429153442,92000
2022-12-14,1.25,1.3200000524520874,1.25,1.3200000524520874,1.3200000524520874,92000
2022-12-15,1.3200000524520874,1.3200000524520874,1.3200000524520874,1.3200000524520874,1.3200000524520874,0
2022-12-16,1.3200000524520874,1.3200000524520874,1.3200000524520874,1.3200000524520874,1.3200000524520874,0
2022-12-19,1.2799999713897705,1.2799999713897705,1.25,1.25,1.25,76000
2022-12-20,1.25,1.2599999904632568,1.190000057220459,1.2599999904632568,1.2599999904632568,52000
2022-12-21,1.2599999904632568,1.2599999904632568,1.2599999904632568,1.2599999904632568,1.2599999904632568,0
2022-12-22,1.2599999904632568,1.2599999904632568,1.2599999904632568,1.2599999904632568,1.2599999904632568,0
2022-12-23,1.2599999904632568,1.2599999904632568,1.2599999904632568,1.2599999904632568,1.2599999904632568,0
2022-12-28,1.25,1.4800000190734863,1.25,1.2899999618530273,1.2899999618530273,132000
2022-12-29,1.4199999570846558,1.4199999570846558,1.4199999570846558,1.4199999570846558,1.4199999570846558,0
2022-12-30,1.409999966621399,1.409999966621399,1.409999966621399,1.409999966621399,1.409999966621399,0
2023-01-03,1.409999966621399,1.409999966621399,1.409999966621399,1.409999966621399,1.409999966621399,0
2023-01-04,1.409999966621399,1.409999966621399,1.409999966621399,1.409999966621399,1.409999966621399,0
2023-01-05,1.409999966621399,1.409999966621399,1.409999966621399,1.409999966621399,1.409999966621399,0
2023-01-06,1.409999966621399,1.409999966621399,1.409999966621399,1.409999966621399,1.409999966621399,0
2023-01-09,1.409999966621399,1.409999966621399,1.409999966621399,1.409999966621399,1.409999966621399,0
2023-01-10,1.409999966621399,1.409999966621399,1.409999966621399,1.409999966621399,1.409999966621399,0
2023-01-11,1.409999966621399,1.409999966621399,1.409999966621399,1.409999966621399,1.409999966621399,0
2023-01-12,1.409999966621399,1.409999966621399,1.409999966621399,1.409999966621399,1.409999966621399,0
2023-01-13,1.409999966621399,1.409999966621399,1.409999966621399,1.409999966621399,1.409999966621399,0
2023-01-16,1.409999966621399,1.409999966621399,1.409999966621399,1.409999966621399,1.409999966621399,0
2023-01-17,1.409999966621399,1.409999966621399,1.409999966621399,1.409999966621399,1.409999966621399,0
2023-01-18,1.409999966621399,1.409999966621399,1.409999966621399,1.409999966621399,1.409999966621399,0
2023-01-19,1.409999966621399,1.409999966621399,1.409999966621399,1.409999966621399,1.409999966621399,0
2023-01-20,1.409999966621399,1.409999966621399,1.409999966621399,1.409999966621399,1.409999966621399,0
2023-01-26,1.409999966621399,1.409999966621399,1.409999966621399,1.409999966621399,1.409999966621399,0
2023-01-27,1.409999966621399,1.409999966621399,1.409999966621399,1.409999966621399,1.409999966621399,0
2023-01-30,1.409999966621399,1.409999966621399,1.409999966621399,1.409999966621399,1.409999966621399,0
2023-01-31,1.409999966621399,1.409999966621399,1.409999966621399,1.409999966621399,1.409999966621399,0
2023-02-01,1.190000057220459,1.5,1.090000033378601,1.1200000047683716,1.1200000047683716,2592000
2023-02-02,1.149999976158142,1.190000057220459,1.100000023841858,1.149999976158142,1.149999976158142,2308000
2023-02-03,1.1399999856948853,1.4199999570846558,1.1399999856948853,1.350000023841858,1.350000023841858,2248000
2023-02-06,1.2999999523162842,1.4299999475479126,1.25,1.340000033378601,1.340000033378601,2028000
2023-02-07,1.2999999523162842,1.3300000429153442,1.2300000190734863,1.2599999904632568,1.2599999904632568,2176000
2023-02-08,1.2599999904632568,1.3300000429153442,1.2000000476837158,1.3200000524520874,1.3200000524520874,2376000
2023-02-09,1.309999942779541,1.3700000047683716,1.2999999523162842,1.350000023841858,1.350000023841858,2080000
2023-02-10,1.3799999952316284,1.440000057220459,1.340000033378601,1.440000057220459,1.440000057220459,2048000
2023-02-13,1.3600000143051147,1.4600000381469727,1.3600000143051147,1.3799999952316284,1.3799999952316284,1952000
2023-02-14,1.3899999856948853,1.3899999856948853,1.309999942779541,1.309999942779541,1.309999942779541,2028000
2023-02-15,1.3200000524520874,1.340000033378601,1.1699999570846558,1.2599999904632568,1.2599999904632568,2520000
2023-02-16,1.2400000095367432,1.2699999809265137,1.190000057220459,1.2200000286102295,1.2200000286102295,2236000
2023-02-17,1.1799999475479126,1.2000000476837158,1.1399999856948853,1.149999976158142,1.149999976158142,2484000
2023-02-20,1.2000000476837158,1.309999942779541,1.190000057220459,1.2599999904632568,1.2599999904632568,2320000
2023-02-21,1.25,1.2799999713897705,1.1299999952316284,1.1799999475479126,1.1799999475479126,2240000
2023-02-22,1.1699999570846558,1.2100000381469727,1.1399999856948853,1.2000000476837158,1.2000000476837158,2212000
2023-02-23,1.190000057220459,1.2799999713897705,1.1699999570846558,1.2400000095367432,1.2400000095367432,2304000
2023-02-24,1.2000000476837158,1.25,1.2000000476837158,1.2400000095367432,1.2400000095367432,2268000
2023-02-27,1.2400000095367432,1.25,1.2000000476837158,1.2200000286102295,1.2200000286102295,2192000
2023-02-28,1.2300000190734863,1.2400000095367432,1.2200000286102295,1.2300000190734863,1.2300000190734863,2216000
2023-03-01,1.2300000190734863,1.25,1.2100000381469727,1.2100000381469727,1.2100000381469727,2168000
2023-03-02,1.2100000381469727,1.3600000143051147,1.2000000476837158,1.2599999904632568,1.2599999904632568,2548000
2023-03-03,1.2599999904632568,1.2999999523162842,1.2200000286102295,1.2300000190734863,1.2300000190734863,2152000
2023-03-06,1.2300000190734863,1.2599999904632568,1.2000000476837158,1.2000000476837158,1.2000000476837158,2464000
2023-03-07,1.2000000476837158,1.2100000381469727,1.190000057220459,1.2000000476837158,1.2000000476837158,2196000
2023-03-08,1.2000000476837158,1.2200000286102295,1.1799999475479126,1.2100000381469727,1.2100000381469727,2484000
2023-03-09,1.2100000381469727,1.2200000286102295,1.1799999475479126,1.2100000381469727,1.2100000381469727,2464000
2023-03-10,1.2000000476837158,1.2100000381469727,1.1799999475479126,1.1799999475479126,1.1799999475479126,2544000
2023-03-13,1.1699999570846558,1.1699999570846558,1.149999976158142,1.149999976158142,1.149999976158142,2500000
2023-03-14,1.159999966621399,1.1699999570846558,1.149999976158142,1.159999966621399,1.159999966621399,2492000
2023-03-15,1.149999976158142,1.1799999475479126,1.1399999856948853,1.149999976158142,1.149999976158142,2388000
2023-03-16,1.1299999952316284,1.2799999713897705,1.1299999952316284,1.25,1.25,2492000
2023-03-17,1.2400000095367432,1.2599999904632568,1.2100000381469727,1.25,1.25,2344000
2023-03-20,1.25,1.3300000429153442,1.2100000381469727,1.2899999618530273,1.2899999618530273,2080000
2023-03-21,1.2799999713897705,1.440000057220459,1.2799999713897705,1.2799999713897705,1.2799999713897705,2468000
2023-03-22,1.2899999618530273,1.2999999523162842,1.2599999904632568,1.2799999713897705,1.2799999713897705,2236000
2023-03-23,1.2799999713897705,1.2899999618530273,1.2300000190734863,1.2799999713897705,1.2799999713897705,2096000
2023-03-24,1.25,1.3600000143051147,1.25,1.340000033378601,1.340000033378601,2264000
2023-03-27,1.309999942779541,1.5800000429153442,1.309999942779541,1.5499999523162842,1.5499999523162842,1904000
2023-03-28,1.559999942779541,1.7000000476837158,1.3799999952316284,1.399999976158142,1.399999976158142,2068000
2023-03-29,1.399999976158142,1.5,1.2999999523162842,1.409999966621399,1.409999966621399,2224000
2023-03-30,1.440000057220459,1.440000057220459,1.2699999809265137,1.3200000524520874,1.3200000524520874,2248000
2023-03-31,1.309999942779541,1.350000023841858,1.2300000190734863,1.2899999618530273,1.2899999618530273,2092000
2023-04-03,1.2699999809265137,1.2899999618530273,1.2200000286102295,1.2699999809265137,1.2699999809265137,2076000
2023-04-04,1.2599999904632568,1.2799999713897705,1.2200000286102295,1.2400000095367432,1.2400000095367432,2452000
2023-04-06,1.25,1.340000033378601,1.2200000286102295,1.2999999523162842,1.2999999523162842,2464000
2023-04-11,1.2999999523162842,1.340000033378601,1.2699999809265137,1.3300000429153442,1.3300000429153442,2352000
2023-04-12,1.2999999523162842,1.590000033378601,1.2999999523162842,1.5299999713897705,1.5299999713897705,2544000
2023-04-13,1.5199999809265137,1.6100000143051147,1.5,1.5199999809265137,1.5199999809265137,2156000
2023-04-14,1.4800000190734863,1.559999942779541,1.3200000524520874,1.4199999570846558,1.4199999570846558,2184000
2023-04-17,1.3799999952316284,1.4600000381469727,1.3200000524520874,1.3700000047683716,1.3700000047683716,2316000
2023-04-18,1.3700000047683716,1.4600000381469727,1.3200000524520874,1.399999976158142,1.399999976158142,2788000
2023-04-19,1.399999976158142,1.4600000381469727,1.3600000143051147,1.399999976158142,1.399999976158142,2268000
2023-04-20,1.3799999952316284,1.4700000286102295,1.3700000047683716,1.4299999475479126,1.4299999475479126,2480000
2023-04-21,1.399999976158142,1.4700000286102295,1.350000023841858,1.440000057220459,1.440000057220459,2308000
2023-04-24,1.4299999475479126,1.4299999475479126,1.3600000143051147,1.399999976158142,1.399999976158142,2232000
2023-04-25,1.350000023841858,1.409999966621399,1.3300000429153442,1.3899999856948853,1.3899999856948853,2604000
2023-04-26,1.3600000143051147,1.4199999570846558,1.340000033378601,1.399999976158142,1.399999976158142,2500000
2023-04-27,1.3899999856948853,1.6299999952316284,1.3899999856948853,1.5099999904632568,1.5099999904632568,2640000
2023-04-28,1.5199999809265137,1.5800000429153442,1.4600000381469727,1.5,1.5,2240000
2023-05-02,1.4700000286102295,1.600000023841858,1.4600000381469727,1.5199999809265137,1.5199999809265137,2308000
2023-05-03,1.5,1.5399999618530273,1.4600000381469727,1.5,1.5,2204000
2023-05-04,1.5,1.5199999809265137,1.440000057220459,1.5,1.5,2076000
2023-05-05,1.5,1.5299999713897705,1.4600000381469727,1.5,1.5,2028000
2023-05-08,1.4900000095367432,1.5499999523162842,1.4700000286102295,1.4900000095367432,1.4900000095367432,2328000
2023-05-09,1.4900000095367432,1.5499999523162842,1.4700000286102295,1.5099999904632568,1.5099999904632568,2132000
2023-05-10,1.4800000190734863,1.5800000429153442,1.4800000190734863,1.5199999809265137,1.5199999809265137,2068000
2023-05-11,1.4900000095367432,1.5700000524520874,1.4900000095367432,1.5399999618530273,1.5399999618530273,2112000
2023-05-12,1.5,1.5499999523162842,1.440000057220459,1.4900000095367432,1.4900000095367432,2232000
2023-05-15,1.5,1.5,1.440000057220459,1.4600000381469727,1.4600000381469727,2088000
2023-05-16,1.4600000381469727,1.4800000190734863,1.409999966621399,1.4600000381469727,1.4600000381469727,2596000
2023-05-17,1.4500000476837158,1.4500000476837158,1.350000023841858,1.399999976158142,1.399999976158142,2200000
2023-05-18,1.3899999856948853,1.5199999809265137,1.3600000143051147,1.5199999809265137,1.5199999809265137,2852000
2023-05-19,1.5,1.5399999618530273,1.4500000476837158,1.5,1.5,2144000
2023-05-22,1.4900000095367432,1.5,1.409999966621399,1.5,1.5,2160000
2023-05-23,1.4299999475479126,1.5,1.3899999856948853,1.5,1.5,2484000
2023-05-24,1.4700000286102295,1.5299999713897705,1.4199999570846558,1.4299999475479126,1.4299999475479126,2204000
2023-05-25,1.4199999570846558,1.4700000286102295,1.4199999570846558,1.4500000476837158,1.4500000476837158,2120000
2023-05-29,1.409999966621399,1.4900000095367432,1.409999966621399,1.4199999570846558,1.4199999570846558,2552000
2023-05-30,1.409999966621399,1.4600000381469727,1.3700000047683716,1.409999966621399,1.409999966621399,2916000
2023-05-31,1.399999976158142,1.4800000190734863,1.3899999856948853,1.4500000476837158,1.4500000476837158,2364000
2023-06-01,1.409999966621399,1.4900000095367432,1.409999966621399,1.4900000095367432,1.4900000095367432,2212000
2023-06-02,1.4900000095367432,1.5399999618530273,1.4600000381469727,1.5199999809265137,1.5199999809265137,2140000
2023-06-05,1.4500000476837158,1.6399999856948853,1.4500000476837158,1.6100000143051147,1.6100000143051147,2156000
2023-06-06,1.5800000429153442,1.7200000286102295,1.5800000429153442,1.649999976158142,1.649999976158142,2260000
2023-06-07,1.6399999856948853,1.7000000476837158,1.5499999523162842,1.600000023841858,1.600000023841858,2000000
2023-06-08,1.600000023841858,1.6399999856948853,1.4800000190734863,1.559999942779541,1.559999942779541,2296000
2023-06-09,1.5099999904632568,1.600000023841858,1.409999966621399,1.5499999523162842,1.5499999523162842,2344000
2023-06-12,1.4700000286102295,1.5399999618530273,1.4299999475479126,1.4299999475479126,1.4299999475479126,2148000
2023-06-13,1.4299999475479126,1.4800000190734863,1.4299999475479126,1.4600000381469727,1.4600000381469727,2836000
2023-06-14,1.4800000190734863,1.559999942779541,1.4299999475479126,1.5199999809265137,1.5199999809265137,2604000
2023-06-15,1.4700000286102295,1.5700000524520874,1.4700000286102295,1.5399999618530273,1.5399999618530273,2768000
2023-06-16,1.5700000524520874,1.5700000524520874,1.4299999475479126,1.4299999475479126,1.4299999475479126,2144000
2023-06-19,1.4500000476837158,1.4600000381469727,1.409999966621399,1.440000057220459,1.440000057220459,2128000
2023-06-20,1.409999966621399,1.4900000095367432,1.409999966621399,1.4500000476837158,1.4500000476837158,2528000
2023-06-21,1.4299999475479126,1.4900000095367432,1.3899999856948853,1.4700000286102295,1.4700000286102295,2996000
2023-06-23,1.4700000286102295,1.4800000190734863,1.3799999952316284,1.3799999952316284,1.3799999952316284,2264000
2023-06-26,1.3899999856948853,1.4500000476837158,1.3799999952316284,1.4199999570846558,1.4199999570846558,2600000
2023-06-27,1.4199999570846558,1.440000057220459,1.399999976158142,1.409999966621399,1.409999966621399,2184000
2023-06-28,1.4199999570846558,1.4800000190734863,1.3799999952316284,1.4800000190734863,1.4800000190734863,2988000
2023-06-29,1.4600000381469727,1.5399999618530273,1.4199999570846558,1.5299999713897705,1.5299999713897705,3036000
2023-06-30,1.5399999618530273,1.6399999856948853,1.4700000286102295,1.4900000095367432,1.4900000095367432,2836000
2023-07-03,1.4800000190734863,1.6799999475479126,1.4199999570846558,1.6799999475479126,1.6799999475479126,2208000
2023-07-04,1.590000033378601,1.600000023841858,1.5099999904632568,1.600000023841858,1.600000023841858,2160000
2023-07-05,1.5700000524520874,1.6399999856948853,1.5299999713897705,1.6399999856948853,1.6399999856948853,2176000
2023-07-06,1.600000023841858,1.659999966621399,1.5700000524520874,1.6399999856948853,1.6399999856948853,2000000
2023-07-07,1.6200000047683716,1.6399999856948853,1.590000033378601,1.6399999856948853,1.6399999856948853,2108000
2023-07-10,1.649999976158142,1.649999976158142,1.5099999904632568,1.5499999523162842,1.5499999523162842,2568000
2023-07-11,1.4800000190734863,1.590000033378601,1.2999999523162842,1.2999999523162842,1.2999999523162842,2576000
2023-07-12,1.2699999809265137,1.3200000524520874,1.25,1.2899999618530273,1.2899999618530273,2472000
2023-07-13,1.2899999618530273,1.4299999475479126,1.2899999618530273,1.3600000143051147,1.3600000143051147,2592000
2023-07-14,1.3200000524520874,1.3799999952316284,1.2300000190734863,1.309999942779541,1.309999942779541,3224000
2023-07-18,1.2899999618530273,1.340000033378601,1.2000000476837158,1.25,1.25,2688000
2023-07-19,1.2799999713897705,1.309999942779541,1.159999966621399,1.1699999570846558,1.1699999570846558,2684000
2023-07-20,1.149999976158142,1.2200000286102295,1.090000033378601,1.1799999475479126,1.1799999475479126,2600000
2023-07-21,1.1699999570846558,1.399999976158142,1.1699999570846558,1.2000000476837158,1.2000000476837158,2672000
2023-07-24,1.1699999570846558,1.2400000095367432,1.1100000143051147,1.2100000381469727,1.2100000381469727,2860000
2023-07-25,1.159999966621399,1.2899999618530273,1.1200000047683716,1.2799999713897705,1.2799999713897705,3136000
2023-07-26,1.2300000190734863,1.25,1.090000033378601,1.1399999856948853,1.1399999856948853,2772000
2023-07-27,1.1399999856948853,1.1799999475479126,1.1200000047683716,1.159999966621399,1.159999966621399,2620000
2023-07-28,1.1299999952316284,1.3200000524520874,1.1299999952316284,1.2899999618530273,1.2899999618530273,2792000
2023-07-31,1.2899999618530273,1.2899999618530273,1.2100000381469727,1.2100000381469727,1.2100000381469727,2412000
2023-08-01,1.2400000095367432,1.2400000095367432,1.1399999856948853,1.159999966621399,1.159999966621399,3220000
2023-08-02,1.149999976158142,1.2100000381469727,1.1399999856948853,1.2000000476837158,1.2000000476837158,2864000
2023-08-03,1.1799999475479126,1.340000033378601,1.1699999570846558,1.2799999713897705,1.2799999713897705,2840000
2023-08-04,1.2300000190734863,1.2999999523162842,1.190000057220459,1.190000057220459,1.190000057220459,2560000
2023-08-07,1.190000057220459,1.2200000286102295,1.1200000047683716,1.1200000047683716,1.1200000047683716,2664000
2023-08-08,1.100000023841858,1.2000000476837158,1.090000033378601,1.1699999570846558,1.1699999570846558,2680000
2023-08-09,1.149999976158142,1.2100000381469727,1.1399999856948853,1.1799999475479126,1.1799999475479126,2572000
2023-08-10,1.1699999570846558,1.2200000286102295,1.1699999570846558,1.190000057220459,1.190000057220459,2760000
2023-08-11,1.1799999475479126,1.2000000476837158,1.1399999856948853,1.1699999570846558,1.1699999570846558,2716000
2023-08-14,1.1399999856948853,1.1699999570846558,1.1299999952316284,1.1699999570846558,1.1699999570846558,3020000
2023-08-15,1.1399999856948853,1.2100000381469727,1.1399999856948853,1.2000000476837158,1.2000000476837158,3224000
2023-08-16,1.2100000381469727,1.2400000095367432,1.1799999475479126,1.2400000095367432,1.2400000095367432,2508000
2023-08-17,1.2200000286102295,1.2899999618530273,1.190000057220459,1.2400000095367432,1.2400000095367432,2420000
2023-08-18,1.2100000381469727,1.2699999809265137,1.190000057220459,1.2000000476837158,1.2000000476837158,2644000
2023-08-21,1.25,1.25,1.100000023841858,1.1200000047683716,1.1200000047683716,3588000
2023-08-22,1.1399999856948853,1.159999966621399,1.1100000143051147,1.149999976158142,1.149999976158142,2784000
2023-08-23,1.1299999952316284,1.1699999570846558,1.1299999952316284,1.1399999856948853,1.1399999856948853,2696000
2023-08-24,1.1799999475479126,1.1799999475479126,1.100000023841858,1.1399999856948853,1.1399999856948853,2800000
2023-08-25,1.1200000047683716,1.149999976158142,1.1200000047683716,1.149999976158142,1.149999976158142,2712000
2023-08-28,1.159999966621399,1.190000057220459,1.1299999952316284,1.1799999475479126,1.1799999475479126,3232000
2023-08-29,1.2000000476837158,1.2100000381469727,1.1699999570846558,1.190000057220459,1.190000057220459,3212000
2023-08-30,1.1799999475479126,1.190000057220459,1.1399999856948853,1.159999966621399,1.159999966621399,2776000
2023-08-31,1.1699999570846558,1.1699999570846558,1.1299999952316284,1.1399999856948853,1.1399999856948853,2652000
2023-09-04,1.1299999952316284,1.149999976158142,1.1200000047683716,1.149999976158142,1.149999976158142,2648000
2023-09-05,1.1399999856948853,1.1799999475479126,1.1299999952316284,1.149999976158142,1.149999976158142,2620000
2023-09-06,1.1399999856948853,1.1699999570846558,1.1399999856948853,1.149999976158142,1.149999976158142,2672000
2023-09-07,1.159999966621399,1.159999966621399,1.1399999856948853,1.1399999856948853,1.1399999856948853,2624000
2023-09-11,1.190000057220459,1.2000000476837158,1.0099999904632568,1.0099999904632568,1.0099999904632568,3124000
2023-09-12,1.0099999904632568,1.0299999713897705,0.7300000190734863,1.0,1.0,6104000
2023-09-13,0.9599999785423279,0.9900000095367432,0.7599999904632568,0.8100000023841858,0.8100000023841858,5552000
2023-09-14,0.7599999904632568,0.8899999856948853,0.7099999785423279,0.8500000238418579,0.8500000238418579,1932000
2023-09-15,0.8500000238418579,0.9200000166893005,0.8299999833106995,0.9200000166893005,0.9200000166893005,548000
2023-09-18,1.0,1.0299999713897705,0.8799999952316284,1.0099999904632568,1.0099999904632568,760000
2023-09-19,0.9599999785423279,0.9599999785423279,0.8100000023841858,0.8100000023841858,0.8100000023841858,692000
2023-09-20,0.8199999928474426,0.8600000143051147,0.7699999809265137,0.8600000143051147,0.8600000143051147,932000
2023-09-21,0.8600000143051147,0.8600000143051147,0.8600000143051147,0.8600000143051147,0.8600000143051147,0
2023-09-22,0.8100000023841858,0.9599999785423279,0.7699999809265137,0.9599999785423279,0.9599999785423279,2196000
2023-09-25,0.9599999785423279,0.9599999785423279,0.8199999928474426,0.8500000238418579,0.8500000238418579,3644000
2023-09-26,0.8500000238418579,0.9399999976158142,0.8399999737739563,0.8600000143051147,0.8600000143051147,3464000
2023-09-27,0.8799999952316284,0.9399999976158142,0.8700000047683716,0.8999999761581421,0.8999999761581421,3392000
2023-09-28,0.8799999952316284,0.9300000071525574,0.8500000238418579,0.8799999952316284,0.8799999952316284,3412000
2023-09-29,0.8999999761581421,1.2100000381469727,0.8600000143051147,0.9599999785423279,0.9599999785423279,3516000
2023-10-03,0.949999988079071,1.0299999713897705,0.8899999856948853,0.9700000286102295,0.9700000286102295,3184000
2023-10-04,0.9700000286102295,1.0299999713897705,0.9300000071525574,1.0199999809265137,1.0199999809265137,3512000
2023-10-05,0.9900000095367432,1.0800000429153442,0.9900000095367432,1.0399999618530273,1.0399999618530273,3020000
2023-10-06,1.0099999904632568,1.1100000143051147,1.0099999904632568,1.0800000429153442,1.0800000429153442,3104000
2023-10-09,1.059999942779541,1.1299999952316284,1.0299999713897705,1.100000023841858,1.100000023841858,1620000
2023-10-10,1.1100000143051147,1.1699999570846558,1.0800000429153442,1.159999966621399,1.159999966621399,2980000
2023-10-11,1.1799999475479126,1.1799999475479126,1.0800000429153442,1.0800000429153442,1.0800000429153442,2888000
2023-10-12,1.149999976158142,1.149999976158142,1.0199999809265137,1.0199999809265137,1.0199999809265137,2844000
2023-10-13,1.0700000524520874,1.0700000524520874,0.9900000095367432,1.0399999618530273,1.0399999618530273,3276000
2023-10-16,1.059999942779541,1.0800000429153442,0.9900000095367432,1.0199999809265137,1.0199999809265137,2916000
2023-10-17,1.0199999809265137,1.090000033378601,0.9800000190734863,0.9800000190734863,0.9800000190734863,3068000
2023-10-18,0.9599999785423279,1.0099999904632568,0.9300000071525574,0.9599999785423279,0.9599999785423279,3132000
2023-10-19,0.9800000190734863,0.9800000190734863,0.9200000166893005,0.9399999976158142,0.9399999976158142,3396000
2023-10-20,0.949999988079071,0.949999988079071,0.9200000166893005,0.9300000071525574,0.9300000071525574,3244000
2023-10-24,0.9300000071525574,0.9800000190734863,0.8899999856948853,0.9100000262260437,0.9100000262260437,3336000
2023-10-25,0.9300000071525574,0.9399999976158142,0.8899999856948853,0.9100000262260437,0.9100000262260437,3316000
2023-10-26,0.9200000166893005,0.9700000286102295,0.9200000166893005,0.9300000071525574,0.9300000071525574,3256000
2023-10-27,0.9100000262260437,0.9900000095367432,0.9100000262260437,0.949999988079071,0.949999988079071,3200000
2023-10-30,0.9300000071525574,0.9900000095367432,0.9300000071525574,0.9599999785423279,0.9599999785423279,3132000
2023-10-31,0.949999988079071,0.9800000190734863,0.949999988079071,0.9599999785423279,0.9599999785423279,3164000
2023-11-01,0.9599999785423279,1.0399999618530273,0.9599999785423279,1.0099999904632568,1.0099999904632568,3276000
2023-11-02,1.0099999904632568,1.0499999523162842,0.9900000095367432,1.0199999809265137,1.0199999809265137,3076000
2023-11-03,0.9900000095367432,1.1200000047683716,0.9900000095367432,1.0299999713897705,1.0299999713897705,3624000
2023-11-06,1.0199999809265137,1.059999942779541,0.949999988079071,0.9700000286102295,0.9700000286102295,3336000
2023-11-07,0.9800000190734863,1.0,0.949999988079071,1.0,1.0,3224000
2023-11-08,1.0199999809265137,1.0399999618530273,0.9599999785423279,0.9599999785423279,0.9599999785423279,3144000
2023-11-09,1.0,1.0,0.949999988079071,0.949999988079071,0.949999988079071,3128000
2023-11-10,0.9599999785423279,1.0,0.9300000071525574,0.9900000095367432,0.9900000095367432,3384000
2023-11-13,1.0,1.0399999618530273,0.9599999785423279,0.9599999785423279,0.9599999785423279,3116000
2023-11-14,0.9700000286102295,0.9700000286102295,0.9300000071525574,0.9399999976158142,0.9399999976158142,3000000
2023-11-15,0.949999988079071,0.9700000286102295,0.9200000166893005,0.949999988079071,0.949999988079071,3564000
2023-11-16,0.949999988079071,0.949999988079071,0.9100000262260437,0.9200000166893005,0.9200000166893005,3204000
2023-11-17,0.9300000071525574,0.9300000071525574,0.8700000047683716,0.8700000047683716,0.8700000047683716,3344000
2023-11-20,0.8999999761581421,0.9100000262260437,0.8600000143051147,0.8899999856948853,0.8899999856948853,3404000
2023-11-21,0.8799999952316284,0.8999999761581421,0.8700000047683716,0.8799999952316284,0.8799999952316284,3368000
2023-11-22,0.8899999856948853,0.9399999976158142,0.8700000047683716,0.9300000071525574,0.9300000071525574,3484000
2023-11-23,0.9100000262260437,0.9900000095367432,0.9100000262260437,0.9900000095367432,0.9900000095367432,3172000
2023-11-24,0.9300000071525574,0.9800000190734863,0.9300000071525574,0.9399999976158142,0.9399999976158142,3144000
2023-11-27,0.9399999976158142,0.949999988079071,0.8500000238418579,0.8700000047683716,0.8700000047683716,3324000
2023-11-28,0.8500000238418579,0.8700000047683716,0.8500000238418579,0.8600000143051147,0.8600000143051147,3548000
2023-11-29,0.8700000047683716,0.8700000047683716,0.8100000023841858,0.8100000023841858,0.8100000023841858,2412000
2023-11-30,0.8299999833106995,0.8299999833106995,0.7799999713897705,0.7900000214576721,0.7900000214576721,3792000
2023-12-01,0.7599999904632568,0.8700000047683716,0.7599999904632568,0.8700000047683716,0.8700000047683716,3676000
2023-12-04,0.8700000047683716,0.9300000071525574,0.8299999833106995,0.8299999833106995,0.8299999833106995,3572000
2023-12-05,0.8999999761581421,0.8999999761581421,0.7900000214576721,0.8100000023841858,0.8100000023841858,3740000
2023-12-06,0.7900000214576721,0.8799999952316284,0.7799999713897705,0.8500000238418579,0.8500000238418579,3660000
2023-12-07,0.8100000023841858,0.8700000047683716,0.800000011920929,0.8199999928474426,0.8199999928474426,3812000
2023-12-08,0.800000011920929,0.8299999833106995,0.800000011920929,0.800000011920929,0.800000011920929,3476000
2023-12-11,0.8399999737739563,0.8399999737739563,0.75,0.7599999904632568,0.7599999904632568,3952000
2023-12-12,0.75,0.8399999737739563,0.7400000095367432,0.8299999833106995,0.8299999833106995,3840000
2023-12-13,0.8199999928474426,0.8299999833106995,0.800000011920929,0.800000011920929,0.800000011920929,24000
2023-12-14,0.800000011920929,0.800000011920929,0.7900000214576721,0.7900000214576721,0.7900000214576721,176000
2023-12-15,0.7900000214576721,0.7900000214576721,0.7599999904632568,0.7599999904632568,0.7599999904632568,108000
2023-12-18,0.7900000214576721,0.7900000214576721,0.7400000095367432,0.7599999904632568,0.7599999904632568,3268000
2023-12-19,0.7400000095367432,0.75,0.7200000286102295,0.7400000095367432,0.7400000095367432,3752000
2023-12-20,0.7099999785423279,0.7900000214576721,0.7099999785423279,0.7699999809265137,0.7699999809265137,4004000
2023-12-21,0.7799999713897705,0.9100000262260437,0.7699999809265137,0.8799999952316284,0.8799999952316284,3624000
2023-12-22,0.8600000143051147,0.9900000095367432,0.8399999737739563,0.9700000286102295,0.9700000286102295,3980000
2023-12-27,0.949999988079071,0.949999988079071,0.7699999809265137,0.7699999809265137,0.7699999809265137,2852000
2023-12-28,0.7900000214576721,0.800000011920929,0.7599999904632568,0.7599999904632568,0.7599999904632568,3780000
2023-12-29,0.7599999904632568,0.7599999904632568,0.7400000095367432,0.7400000095367432,0.7400000095367432,4024000
2024-01-02,0.7400000095367432,0.8199999928474426,0.7300000190734863,0.7599999904632568,0.7599999904632568,4424000
2024-01-03,0.7799999713897705,0.7799999713897705,0.7400000095367432,0.7599999904632568,0.7599999904632568,4040000
2024-01-04,0.7400000095367432,0.7799999713897705,0.7400000095367432,0.7699999809265137,0.7699999809265137,3684000
2024-01-05,0.7599999904632568,0.7699999809265137,0.75,0.75,0.75,3480000
2024-01-08,0.7599999904632568,0.7699999809265137,0.7400000095367432,0.7599999904632568,0.7599999904632568,4140000
2024-01-09,0.7599999904632568,0.7699999809265137,0.75,0.7699999809265137,0.7699999809265137,4008000
2024-01-10,0.7699999809265137,0.7900000214576721,0.7400000095367432,0.7900000214576721,0.7900000214576721,4084000
2024-01-11,0.7699999809265137,0.8399999737739563,0.7699999809265137,0.800000011920929,0.800000011920929,3868000
2024-01-12,0.800000011920929,0.8299999833106995,0.7900000214576721,0.8100000023841858,0.8100000023841858,3988000
2024-01-15,0.800000011920929,0.800000011920929,0.800000011920929,0.800000011920929,0.800000011920929,0
2024-01-16,0.8100000023841858,0.8399999737739563,0.7699999809265137,0.7699999809265137,0.7699999809265137,3864000
2024-01-17,0.7599999904632568,0.7799999713897705,0.7400000095367432,0.7699999809265137,0.7699999809265137,3864000
2024-01-18,0.75,0.8399999737739563,0.75,0.8299999833106995,0.8299999833106995,2932000
2024-01-19,0.8700000047683716,0.8700000047683716,0.7699999809265137,0.800000011920929,0.800000011920929,4712000
2024-01-22,0.7900000214576721,0.800000011920929,0.75,0.7599999904632568,0.7599999904632568,3140000
2024-01-23,0.7900000214576721,0.7900000214576721,0.7599999904632568,0.7699999809265137,0.7699999809265137,4096000
2024-01-24,0.7799999713897705,0.7799999713897705,0.75,0.75,0.75,3952000
2024-01-25,0.7699999809265137,0.7900000214576721,0.75,0.7799999713897705,0.7799999713897705,3976000
2024-01-26,0.7599999904632568,0.7599999904632568,0.699999988079071,0.699999988079071,0.699999988079071,3420000
2024-01-29,0.699999988079071,0.7200000286102295,0.6899999976158142,0.6899999976158142,0.6899999976158142,4420000
2024-01-30,0.6899999976158142,0.699999988079071,0.6000000238418579,0.6200000047683716,0.6200000047683716,3904000
2024-01-31,0.6200000047683716,0.6499999761581421,0.5699999928474426,0.6200000047683716,0.6200000047683716,5256000
2024-02-01,0.6399999856948853,0.6399999856948853,0.5899999737739563,0.6200000047683716,0.6200000047683716,4376000
2024-02-02,0.6100000143051147,0.6299999952316284,0.5899999737739563,0.6000000238418579,0.6000000238418579,4476000
2024-02-05,0.6000000238418579,0.6100000143051147,0.5699999928474426,0.5899999737739563,0.5899999737739563,5280000
2024-02-06,0.5899999737739563,0.6600000262260437,0.5699999928474426,0.5799999833106995,0.5799999833106995,6376000
2024-02-07,0.5799999833106995,0.5799999833106995,0.550000011920929,0.550000011920929,0.550000011920929,3904000
2024-02-08,0.5600000023841858,0.5899999737739563,0.4950000047683716,0.5699999928474426,0.5699999928474426,2788000
2024-02-09,0.5600000023841858,0.5600000023841858,0.5600000023841858,0.5600000023841858,0.5600000023841858,0
2024-02-14,0.5199999809265137,0.6100000143051147,0.5199999809265137,0.6100000143051147,0.6100000143051147,4816000
2024-02-15,0.6600000262260437,0.6600000262260437,0.5400000214576721,0.5400000214576721,0.5400000214576721,3280000
2024-02-16,0.5400000214576721,0.6000000238418579,0.5299999713897705,0.5799999833106995,0.5799999833106995,4760000
2024-02-19,0.6000000238418579,0.6000000238418579,0.5699999928474426,0.5799999833106995,0.5799999833106995,5036000
2024-02-20,0.6200000047683716,0.6200000047683716,0.5799999833106995,0.5799999833106995,0.5799999833106995,5268000
2024-02-21,0.6000000238418579,0.6800000071525574,0.6000000238418579,0.6700000166893005,0.6700000166893005,4236000
2024-02-22,0.7200000286102295,0.7400000095367432,0.6499999761581421,0.6800000071525574,0.6800000071525574,4324000
2024-02-23,0.699999988079071,0.7300000190734863,0.6700000166893005,0.7099999785423279,0.7099999785423279,4368000
2024-02-26,0.6600000262260437,0.7300000190734863,0.6600000262260437,0.699999988079071,0.699999988079071,4084000
2024-02-27,0.75,0.75,0.6499999761581421,0.6499999761581421,0.6499999761581421,3944000
2024-02-28,0.6299999952316284,0.6399999856948853,0.6000000238418579,0.6399999856948853,0.6399999856948853,4576000
2024-02-29,0.6399999856948853,0.6600000262260437,0.6200000047683716,0.6600000262260437,0.6600000262260437,4644000
2024-03-01,0.6499999761581421,0.75,0.6399999856948853,0.6700000166893005,0.6700000166893005,3924000
2024-03-04,0.699999988079071,0.699999988079071,0.6299999952316284,0.6499999761581421,0.6499999761581421,4292000
2024-03-05,0.6299999952316284,0.6499999761581421,0.6000000238418579,0.6200000047683716,0.6200000047683716,2816000
2024-03-06,0.6499999761581421,0.6499999761581421,0.6100000143051147,0.6100000143051147,0.6100000143051147,3504000
2024-03-07,0.6000000238418579,0.6800000071525574,0.5899999737739563,0.6700000166893005,0.6700000166893005,2828000
2024-03-08,0.6800000071525574,0.7200000286102295,0.6800000071525574,0.6800000071525574,0.6800000071525574,4536000
2024-03-11,0.6899999976158142,0.6899999976158142,0.6100000143051147,0.6499999761581421,0.6499999761581421,3752000
2024-03-12,0.6499999761581421,0.6899999976158142,0.6399999856948853,0.6600000262260437,0.6600000262260437,4800000
2024-03-13,0.6899999976158142,0.6899999976158142,0.6100000143051147,0.6200000047683716,0.6200000047683716,4284000
2024-03-14,0.6100000143051147,0.6200000047683716,0.5899999737739563,0.6000000238418579,0.6000000238418579,4068000
2024-03-15,0.6200000047683716,0.6399999856948853,0.6000000238418579,0.6399999856948853,0.6399999856948853,4508000
2024-03-18,0.6200000047683716,0.6700000166893005,0.6000000238418579,0.6000000238418579,0.6000000238418579,4888000
2024-03-19,0.6200000047683716,0.6200000047683716,0.6000000238418579,0.6100000143051147,0.6100000143051147,4304000
2024-03-20,0.6100000143051147,0.6200000047683716,0.5799999833106995,0.6100000143051147,0.6100000143051147,2120000
2024-03-21,0.6299999952316284,0.6800000071525574,0.6100000143051147,0.6100000143051147,0.6100000143051147,1344000
2024-03-22,0.6200000047683716,0.6200000047683716,0.5600000023841858,0.5699999928474426,0.5699999928474426,1232000
2024-03-25,0.5600000023841858,0.5600000023841858,0.5199999809265137,0.5400000214576721,0.5400000214576721,480000
2024-03-26,0.550000011920929,0.6299999952316284,0.5299999713897705,0.6000000238418579,0.6000000238418579,2084000
2024-03-27,0.6200000047683716,0.6200000047683716,0.550000011920929,0.5799999833106995,0.5799999833106995,420000
2024-03-28,0.5600000023841858,0.5600000023841858,0.550000011920929,0.550000011920929,0.550000011920929,456000
2024-04-02,0.550000011920929,0.550000011920929,0.5199999809265137,0.5199999809265137,0.5199999809265137,404000
2024-04-03,0.5099999904632568,0.5099999904632568,0.5099999904632568,0.5099999904632568,0.5099999904632568,0
2024-04-05,0.5099999904632568,0.5099999904632568,0.5099999904632568,0.5099999904632568,0.5099999904632568,0
2024-04-08,0.5400000214576721,0.5699999928474426,0.5299999713897705,0.5299999713897705,0.5299999713897705,820000
2024-04-09,0.5299999713897705,0.5899999737739563,0.5099999904632568,0.5699999928474426,0.5699999928474426,2424000
2024-04-10,0.6200000047683716,0.75,0.550000011920929,0.6200000047683716,0.6200000047683716,5720000
2024-04-11,0.6200000047683716,0.6200000047683716,0.5600000023841858,0.5600000023841858,0.5600000023841858,948000
2024-04-12,0.5600000023841858,0.5600000023841858,0.5299999713897705,0.5299999713897705,0.5299999713897705,316000
2024-04-15,0.5299999713897705,0.5299999713897705,0.5,0.5,0.5,1148000
2024-04-16,0.47999998927116394,0.5199999809265137,0.4749999940395355,0.5199999809265137,0.5199999809265137,584000
2024-04-17,0.5299999713897705,0.5400000214576721,0.5299999713897705,0.5299999713897705,0.5299999713897705,952000
2024-04-18,0.5199999809265137,0.5199999809265137,0.47999998927116394,0.5099999904632568,0.5099999904632568,472000
2024-04-19,0.5099999904632568,0.550000011920929,0.5099999904632568,0.5099999904632568,0.5099999904632568,816000
2024-04-22,0.5,0.5600000023841858,0.5,0.5600000023841858,0.5600000023841858,1048000
2024-04-23,0.5699999928474426,0.6100000143051147,0.5299999713897705,0.5299999713897705,0.5299999713897705,2908000
2024-04-24,0.5299999713897705,0.5299999713897705,0.5,0.5,0.5,856000
2024-04-25,0.5299999713897705,0.5299999713897705,0.47999998927116394,0.4950000047683716,0.4950000047683716,884000
2024-04-26,0.48500001430511475,0.48500001430511475,0.4650000035762787,0.4650000035762787,0.4650000035762787,1268000
2024-04-29,0.46000000834465027,0.46000000834465027,0.38999998569488525,0.4000000059604645,0.4000000059604645,960000
2024-04-30,0.38499999046325684,0.38499999046325684,0.3700000047683716,0.3700000047683716,0.3700000047683716,648000
2024-05-02,0.3700000047683716,0.3700000047683716,0.3700000047683716,0.3700000047683716,0.3700000047683716,0
2024-05-03,0.35499998927116394,0.375,0.35499998927116394,0.375,0.375,392000
2024-05-06,0.3799999952316284,0.42500001192092896,0.3799999952316284,0.4050000011920929,0.4050000011920929,680000
2024-05-07,0.3799999952316284,0.41999998688697815,0.3199999928474426,0.3499999940395355,0.3499999940395355,1012000
2024-05-08,0.3499999940395355,0.3499999940395355,0.33000001311302185,0.33000001311302185,0.33000001311302185,668000
2024-05-09,0.3050000071525574,0.36500000953674316,0.2849999964237213,0.3199999928474426,0.3199999928474426,6540000
2024-05-10,0.2849999964237213,0.3050000071525574,0.23999999463558197,0.25,0.25,12636000
2024-05-13,0.21299999952316284,0.21299999952316284,0.09600000083446503,0.10499999672174454,0.10499999672174454,75828000
2024-05-14,0.11999999731779099,0.13899999856948853,0.0989999994635582,0.10000000149011612,0.10000000149011612,64400000
2024-05-16,0.10000000149011612,0.10300000011920929,0.09600000083446503,0.09700000286102295,0.09700000286102295,11562000
2024-05-17,0.09799999743700027,0.10300000011920929,0.09700000286102295,0.09799999743700027,0.09799999743700027,5478000
2024-05-20,0.09799999743700027,0.11500000208616257,0.09799999743700027,0.11299999803304672,0.11299999803304672,29972000
2024-05-21,0.11299999803304672,0.11699999868869781,0.09600000083446503,0.1080000028014183,0.1080000028014183,10236000
2024-05-22,0.1080000028014183,0.10999999940395355,0.10100000351667404,0.10599999874830246,0.10599999874830246,3680000
2024-05-23,0.10300000011920929,0.10499999672174454,0.0989999994635582,0.10400000214576721,0.10400000214576721,3344000
2024-05-24,0.10199999809265137,0.10400000214576721,0.09600000083446503,0.0989999994635582,0.0989999994635582,3904000
2024-05-27,0.0989999994635582,0.10000000149011612,0.09000000357627869,0.09700000286102295,0.09700000286102295,3464000
2024-05-28,0.0949999988079071,0.0949999988079071,0.09099999815225601,0.09099999815225601,0.09099999815225601,3068000
2024-05-29,0.09200000017881393,0.09200000017881393,0.08100000023841858,0.08299999684095383,0.08299999684095383,4724000
2024-05-30,0.08100000023841858,0.08100000023841858,0.0729999989271164,0.07400000095367432,0.07400000095367432,4692000
2024-05-31,0.07500000298023224,0.09000000357627869,0.07500000298023224,0.08100000023841858,0.08100000023841858,6168000
2024-06-03,0.08100000023841858,0.08100000023841858,0.0729999989271164,0.07500000298023224,0.07500000298023224,1180000
2024-06-04,0.07699999958276749,0.07699999958276749,0.0729999989271164,0.07400000095367432,0.07400000095367432,700000
2024-06-05,0.07400000095367432,0.07699999958276749,0.07400000095367432,0.07400000095367432,0.07400000095367432,1172000
2024-06-06,0.07100000232458115,0.0729999989271164,0.06800000369548798,0.07199999690055847,0.07199999690055847,1012000
2024-06-07,0.0729999989271164,0.0729999989271164,0.07000000029802322,0.07000000029802322,0.07000000029802322,688000
2024-06-11,0.07000000029802322,0.07000000029802322,0.06599999964237213,0.06700000166893005,0.06700000166893005,1148000
2024-06-12,0.06700000166893005,0.06800000369548798,0.06400000303983688,0.06800000369548798,0.06800000369548798,1588000
2024-06-13,0.06599999964237213,0.07199999690055847,0.06599999964237213,0.06599999964237213,0.06599999964237213,848000
2024-06-14,0.06499999761581421,0.06599999964237213,0.06400000303983688,0.06599999964237213,0.06599999964237213,448000
2024-06-17,0.06599999964237213,0.0689999982714653,0.06199999898672104,0.06599999964237213,0.06599999964237213,636000
2024-06-18,0.06300000101327896,0.06499999761581421,0.06300000101327896,0.06499999761581421,0.06499999761581421,876000
2024-06-19,0.06300000101327896,0.06499999761581421,0.06199999898672104,0.06199999898672104,0.06199999898672104,1452000
2024-06-20,0.05999999865889549,0.06400000303983688,0.05900000035762787,0.05999999865889549,0.05999999865889549,1040000
2024-06-21,0.061000000685453415,0.061000000685453415,0.0560000017285347,0.057999998331069946,0.057999998331069946,384000
2024-06-24,0.05400000140070915,0.054999999701976776,0.05299999937415123,0.054999999701976776,0.054999999701976776,660000
2024-06-25,0.050999999046325684,0.057999998331069946,0.050999999046325684,0.05400000140070915,0.05400000140070915,24000
2024-06-26,0.05900000035762787,0.05900000035762787,0.05000000074505806,0.05400000140070915,0.05400000140070915,1248000
2024-06-27,0.05400000140070915,0.05700000002980232,0.050999999046325684,0.054999999701976776,0.054999999701976776,512000
2024-06-28,0.054999999701976776,0.054999999701976776,0.054999999701976776,0.054999999701976776,0.054999999701976776,0
2024-07-02,0.054999999701976776,0.054999999701976776,0.04899999871850014,0.05000000074505806,0.05000000074505806,948000
2024-07-03,0.05400000140070915,0.05400000140070915,0.04500000178813934,0.04500000178813934,0.04500000178813934,1748000
2024-07-04,0.04600000008940697,0.04800000041723251,0.04399999976158142,0.04800000041723251,0.04800000041723251,1072000
2024-07-08,0.05000000074505806,0.050999999046325684,0.04500000178813934,0.04899999871850014,0.04899999871850014,872000
2024-07-09,0.04899999871850014,0.05299999937415123,0.04500000178813934,0.050999999046325684,0.050999999046325684,1116000
2024-07-10,0.050999999046325684,0.050999999046325684,0.04899999871850014,0.05000000074505806,0.05000000074505806,364000
2024-07-11,0.05400000140070915,0.05400000140070915,0.04899999871850014,0.05000000074505806,0.05000000074505806,160000
2024-07-12,0.052000001072883606,0.052000001072883606,0.04600000008940697,0.05000000074505806,0.05000000074505806,604000
2024-07-15,0.04699999839067459,0.054999999701976776,0.04600000008940697,0.05000000074505806,0.05000000074505806,2556000
2024-07-16,0.05000000074505806,0.050999999046325684,0.04699999839067459,0.05000000074505806,0.05000000074505806,472000
2024-07-17,0.04800000041723251,0.052000001072883606,0.04699999839067459,0.052000001072883606,0.052000001072883606,1612000
2024-07-18,0.050999999046325684,0.05400000140070915,0.04800000041723251,0.05000000074505806,0.05000000074505806,1408000
2024-07-19,0.050999999046325684,0.050999999046325684,0.04800000041723251,0.050999999046325684,0.050999999046325684,540000
2024-07-22,0.05000000074505806,0.05299999937415123,0.05000000074505806,0.050999999046325684,0.050999999046325684,1256000
2024-07-23,0.04899999871850014,0.050999999046325684,0.04800000041723251,0.05000000074505806,0.05000000074505806,628000
2024-07-24,0.04800000041723251,0.050999999046325684,0.04800000041723251,0.05000000074505806,0.05000000074505806,656000
2024-07-25,0.04800000041723251,0.05000000074505806,0.04699999839067459,0.04699999839067459,0.04699999839067459,1348000
2024-07-26,0.04800000041723251,0.04800000041723251,0.04500000178813934,0.04699999839067459,0.04699999839067459,640000
2024-07-29,0.04399999976158142,0.04600000008940697,0.0430000014603138,0.04600000008940697,0.04600000008940697,576000
2024-07-30,0.050999999046325684,0.050999999046325684,0.04399999976158142,0.04600000008940697,0.04600000008940697,404000
2024-07-31,0.04500000178813934,0.04800000041723251,0.04100000113248825,0.04399999976158142,0.04399999976158142,2352000
2024-08-01,0.041999999433755875,0.04500000178813934,0.039000000804662704,0.04500000178813934,0.04500000178813934,1568000
2024-08-02,0.04500000178813934,0.04800000041723251,0.04399999976158142,0.04600000008940697,0.04600000008940697,784000
2024-08-05,0.04399999976158142,0.04399999976158142,0.04399999976158142,0.04399999976158142,0.04399999976158142,0
2024-08-06,0.04600000008940697,0.06199999898672104,0.04399999976158142,0.05400000140070915,0.05400000140070915,2176000
2024-08-07,0.05400000140070915,0.05400000140070915,0.04399999976158142,0.04500000178813934,0.04500000178813934,1068000
2024-08-08,0.0430000014603138,0.0430000014603138,0.041999999433755875,0.041999999433755875,0.041999999433755875,1348000
2024-08-09,0.041999999433755875,0.041999999433755875,0.041999999433755875,0.041999999433755875,0.041999999433755875,4000
2024-08-12,0.04699999839067459,0.04699999839067459,0.039000000804662704,0.039000000804662704,0.039000000804662704,1144000
2024-08-13,0.04100000113248825,0.041999999433755875,0.039000000804662704,0.039000000804662704,0.039000000804662704,1192000
2024-08-14,0.03999999910593033,0.03999999910593033,0.039000000804662704,0.039000000804662704,0.039000000804662704,556000
2024-08-15,0.039000000804662704,0.039000000804662704,0.035999998450279236,0.039000000804662704,0.039000000804662704,136000
2024-08-16,0.03999999910593033,0.03999999910593033,0.03700000047683716,0.03700000047683716,0.03700000047683716,1484000
2024-08-19,0.03799999877810478,0.03999999910593033,0.03400000184774399,0.03799999877810478,0.03799999877810478,1828000
2024-08-20,0.03700000047683716,0.03999999910593033,0.03700000047683716,0.039000000804662704,0.039000000804662704,464000
2024-08-21,0.03999999910593033,0.04800000041723251,0.03999999910593033,0.04600000008940697,0.04600000008940697,1308000
2024-08-22,0.04100000113248825,0.04600000008940697,0.035999998450279236,0.04600000008940697,0.04600000008940697,3452000
2024-08-23,0.04699999839067459,0.05000000074505806,0.041999999433755875,0.04500000178813934,0.04500000178813934,672000
2024-08-26,0.04500000178813934,0.04500000178813934,0.04500000178813934,0.04500000178813934,0.04500000178813934,0
2024-08-27,0.04399999976158142,0.04399999976158142,0.0430000014603138,0.0430000014603138,0.0430000014603138,288000
2024-08-28,0.0430000014603138,0.04399999976158142,0.0430000014603138,0.0430000014603138,0.0430000014603138,200000
2024-08-29,0.04500000178813934,0.04600000008940697,0.04500000178813934,0.04600000008940697,0.04600000008940697,8000
2024-08-30,0.04600000008940697,0.04600000008940697,0.041999999433755875,0.041999999433755875,0.041999999433755875,304000
2024-09-02,0.041999999433755875,0.041999999433755875,0.03700000047683716,0.03700000047683716,0.03700000047683716,1196000
2024-09-03,0.03799999877810478,0.03799999877810478,0.03799999877810478,0.03799999877810478,0.03799999877810478,0
2024-09-04,0.03799999877810478,0.03799999877810478,0.03799999877810478,0.03799999877810478,0.03799999877810478,0
2024-09-05,0.03799999877810478,0.03799999877810478,0.03500000014901161,0.03700000047683716,0.03700000047683716,856000
2024-09-09,0.03700000047683716,0.03700000047683716,0.03700000047683716,0.03700000047683716,0.03700000047683716,0
2024-09-10,0.03500000014901161,0.03500000014901161,0.03200000151991844,0.032999999821186066,0.032999999821186066,708000
2024-09-11,0.03400000184774399,0.03400000184774399,0.03099999949336052,0.03200000151991844,0.03200000151991844,1200000
2024-09-12,0.03400000184774399,0.03500000014901161,0.03400000184774399,0.03500000014901161,0.03500000014901161,16000
2024-09-13,0.03500000014901161,0.03500000014901161,0.03500000014901161,0.03500000014901161,0.03500000014901161,0
2024-09-16,0.03500000014901161,0.035999998450279236,0.03500000014901161,0.039000000804662704,0.039000000804662704,336000
2024-09-17,0.035999998450279236,0.03799999877810478,0.035999998450279236,0.03799999877810478,0.03799999877810478,44000
2024-09-19,0.03999999910593033,0.041999999433755875,0.03999999910593033,0.03999999910593033,0.03999999910593033,148000
2024-09-20,0.03999999910593033,0.03999999910593033,0.03999999910593033,0.03999999910593033,0.03999999910593033,0
2024-09-23,0.039000000804662704,0.039000000804662704,0.039000000804662704,0.039000000804662704,0.039000000804662704,92000
2024-09-24,0.03700000047683716,0.041999999433755875,0.03700000047683716,0.041999999433755875,0.041999999433755875,1624000
2024-09-25,0.03999999910593033,0.03999999910593033,0.03999999910593033,0.03999999910593033,0.03999999910593033,0
2024-09-26,0.03999999910593033,0.03999999910593033,0.03999999910593033,0.03999999910593033,0.03999999910593033,112000
2024-09-27,0.03999999910593033,0.04399999976158142,0.03999999910593033,0.0430000014603138,0.0430000014603138,392000
2024-09-30,0.04399999976158142,0.04600000008940697,0.041999999433755875,0.04600000008940697,0.04600000008940697,604000
2024-10-02,0.04399999976158142,0.04800000041723251,0.0430000014603138,0.04600000008940697,0.04600000008940697,1604000
2024-10-03,0.04800000041723251,0.04899999871850014,0.04699999839067459,0.04899999871850014,0.04899999871850014,768000
2024-10-04,0.05000000074505806,0.05700000002980232,0.05000000074505806,0.05400000140070915,0.05400000140070915,3304000
2024-10-07,0.06199999898672104,0.06400000303983688,0.057999998331069946,0.05999999865889549,0.05999999865889549,1784000
2024-10-08,0.054999999701976776,0.054999999701976776,0.04800000041723251,0.04800000041723251,0.04800000041723251,388000
2024-10-09,0.04800000041723251,0.04800000041723251,0.04800000041723251,0.04800000041723251,0.04800000041723251,0
2024-10-10,0.04800000041723251,0.04800000041723251,0.04800000041723251,0.04800000041723251,0.04800000041723251,0
