Date,Open,High,Low,Close,Adj Close,Volume
2018-07-11,0.4650000035762787,0.4749999940395355,0.3499999940395355,0.36000001430511475,0.31679999828338623,259240000
2018-07-12,0.375,0.42500001192092896,0.36000001430511475,0.3799999952316284,0.3343999981880188,141412000
2018-07-13,0.3799999952316284,0.38999998569488525,0.3400000035762787,0.3400000035762787,0.29919999837875366,46460000
2018-07-16,0.3499999940395355,0.35499998927116394,0.28999999165534973,0.3050000071525574,0.26840001344680786,51060000
2018-07-17,0.30000001192092896,0.33000001311302185,0.2750000059604645,0.28999999165534973,0.25519999861717224,64556000
2018-07-18,0.30000001192092896,0.3199999928474426,0.2849999964237213,0.30000001192092896,0.2639999985694885,23288000
2018-07-19,0.3050000071525574,0.3100000023841858,0.28999999165534973,0.30000001192092896,0.2639999985694885,20204000
2018-07-20,0.30000001192092896,0.3100000023841858,0.2849999964237213,0.30000001192092896,0.2639999985694885,20808000
2018-07-23,0.3100000023841858,0.33500000834465027,0.29499998688697815,0.3149999976158142,0.27719998359680176,53492000
2018-07-24,0.3149999976158142,0.32499998807907104,0.3050000071525574,0.3149999976158142,0.27719998359680176,18504000
2018-07-25,0.3149999976158142,0.3149999976158142,0.2849999964237213,0.28999999165534973,0.25519999861717224,18292000
2018-07-26,0.28999999165534973,0.29499998688697815,0.2750000059604645,0.2800000011920929,0.24639999866485596,11068000
2018-07-27,0.2800000011920929,0.2800000011920929,0.25999999046325684,0.2750000059604645,0.24199999868869781,6880000
2018-07-30,0.2750000059604645,0.2750000059604645,0.25,0.26499998569488525,0.23319998383522034,7996000
2018-07-31,0.25999999046325684,0.2750000059604645,0.2549999952316284,0.27000001072883606,0.23760001361370087,6872000
2018-08-01,0.27000001072883606,0.27000001072883606,0.25999999046325684,0.26499998569488525,0.23319998383522034,3700000
2018-08-02,0.2750000059604645,0.2750000059604645,0.25999999046325684,0.26499998569488525,0.23319998383522034,5064000
2018-08-03,0.25999999046325684,0.27000001072883606,0.2549999952316284,0.26499998569488525,0.23319998383522034,6988000
2018-08-06,0.26499998569488525,0.27000001072883606,0.25999999046325684,0.26499998569488525,0.23319998383522034,2628000
2018-08-07,0.26499998569488525,0.29499998688697815,0.26499998569488525,0.27000001072883606,0.23760001361370087,16196000
2018-08-08,0.27000001072883606,0.2800000011920929,0.26499998569488525,0.26499998569488525,0.23319998383522034,3960000
2018-08-09,0.26499998569488525,0.2750000059604645,0.26499998569488525,0.26499998569488525,0.23319998383522034,2528000
2018-08-10,0.27000001072883606,0.27000001072883606,0.26499998569488525,0.27000001072883606,0.23760001361370087,3492000
2018-08-13,0.26499998569488525,0.27000001072883606,0.25999999046325684,0.25999999046325684,0.2287999838590622,3812000
2018-08-14,0.26499998569488525,0.27000001072883606,0.25999999046325684,0.27000001072883606,0.23760001361370087,4996000
2018-08-15,0.27000001072883606,0.27000001072883606,0.25999999046325684,0.27000001072883606,0.23760001361370087,4128000
2018-08-16,0.26499998569488525,0.26499998569488525,0.25999999046325684,0.26499998569488525,0.23319998383522034,2492000
2018-08-17,0.26499998569488525,0.27000001072883606,0.25999999046325684,0.26499998569488525,0.23319998383522034,2980000
2018-08-20,0.26499998569488525,0.27000001072883606,0.25999999046325684,0.26499998569488525,0.23319998383522034,3732000
2018-08-21,0.26499998569488525,0.2800000011920929,0.26499998569488525,0.27000001072883606,0.23760001361370087,5700000
2018-08-22,0.2750000059604645,0.2750000059604645,0.25999999046325684,0.26499998569488525,0.23319998383522034,2448000
2018-08-23,0.26499998569488525,0.26499998569488525,0.25999999046325684,0.26499998569488525,0.23319998383522034,1276000
2018-08-24,0.25999999046325684,0.27000001072883606,0.2549999952316284,0.26499998569488525,0.23319998383522034,5444000
2018-08-27,0.26499998569488525,0.2800000011920929,0.26499998569488525,0.27000001072883606,0.23760001361370087,2788000
2018-08-28,0.27000001072883606,0.29499998688697815,0.27000001072883606,0.2800000011920929,0.24639999866485596,7340000
2018-08-29,0.2750000059604645,0.3199999928474426,0.2750000059604645,0.3100000023841858,0.2727999985218048,31400000
2018-08-30,0.3100000023841858,0.33000001311302185,0.2849999964237213,0.29499998688697815,0.2595999836921692,20196000
2018-08-31,0.2849999964237213,0.28999999165534973,0.2800000011920929,0.28999999165534973,0.25519999861717224,2892000
2018-09-03,0.28999999165534973,0.28999999165534973,0.27000001072883606,0.27000001072883606,0.23760001361370087,3308000
2018-09-04,0.26499998569488525,0.2750000059604645,0.26499998569488525,0.27000001072883606,0.23760001361370087,3112000
2018-09-05,0.27000001072883606,0.27000001072883606,0.26499998569488525,0.26499998569488525,0.23319998383522034,1952000
2018-09-06,0.26499998569488525,0.27000001072883606,0.26499998569488525,0.27000001072883606,0.23760001361370087,2688000
2018-09-07,0.26499998569488525,0.26499998569488525,0.25999999046325684,0.25999999046325684,0.2287999838590622,2244000
2018-09-10,0.25999999046325684,0.25999999046325684,0.24300000071525574,0.24400000274181366,0.2147199958562851,5356000
2018-09-11,0.24899999797344208,0.24899999797344208,0.24400000274181366,0.24500000476837158,0.21559999883174896,1880000
2018-09-12,0.25,0.25999999046325684,0.24799999594688416,0.2549999952316284,0.22439999878406525,4760000
2018-09-13,0.2549999952316284,0.25999999046325684,0.25,0.2549999952316284,0.22439999878406525,820000
2018-09-14,0.2549999952316284,0.25999999046325684,0.25,0.2549999952316284,0.22439999878406525,2296000
2018-09-17,0.24799999594688416,0.26499998569488525,0.23999999463558197,0.25999999046325684,0.2287999838590622,1880000
2018-09-18,0.2549999952316284,0.27000001072883606,0.2549999952316284,0.26499998569488525,0.23319998383522034,1928000
2018-09-19,0.26499998569488525,0.2849999964237213,0.26499998569488525,0.2800000011920929,0.24639999866485596,3304000
2018-09-20,0.2800000011920929,0.2800000011920929,0.27000001072883606,0.2750000059604645,0.24199999868869781,508000
2018-09-21,0.2849999964237213,0.2849999964237213,0.26499998569488525,0.27000001072883606,0.23760001361370087,612000
2018-09-24,0.25999999046325684,0.26499998569488525,0.25999999046325684,0.25999999046325684,0.2287999838590622,1108000
2018-09-26,0.25999999046325684,0.26499998569488525,0.25,0.2549999952316284,0.22439999878406525,784000
2018-09-27,0.2549999952316284,0.2549999952316284,0.25,0.25,0.2199999988079071,1012000
2018-09-28,0.24199999868869781,0.25999999046325684,0.2409999966621399,0.2549999952316284,0.22439999878406525,1760000
2018-10-02,0.25,0.26499998569488525,0.24500000476837158,0.2549999952316284,0.22439999878406525,1544000
2018-10-03,0.2549999952316284,0.26499998569488525,0.24899999797344208,0.25,0.2199999988079071,1372000
2018-10-04,0.2460000067949295,0.25999999046325684,0.2460000067949295,0.25,0.2199999988079071,580000
2018-10-05,0.24500000476837158,0.2549999952316284,0.24500000476837158,0.25,0.2199999988079071,504000
2018-10-08,0.24699999392032623,0.2549999952316284,0.2460000067949295,0.24799999594688416,0.21823999285697937,516000
2018-10-09,0.24899999797344208,0.25,0.24799999594688416,0.24799999594688416,0.21823999285697937,504000
2018-10-10,0.24899999797344208,0.2549999952316284,0.24699999392032623,0.24799999594688416,0.21823999285697937,424000
2018-10-11,0.2409999966621399,0.24500000476837158,0.23100000619888306,0.23600000143051147,0.20768000185489655,2152000
2018-10-12,0.2370000034570694,0.24500000476837158,0.2370000034570694,0.23800000548362732,0.20944000780582428,3352000
2018-10-15,0.23800000548362732,0.24699999392032623,0.23800000548362732,0.23999999463558197,0.21119999885559082,856000
2018-10-16,0.24199999868869781,0.24199999868869781,0.2280000001192093,0.2290000021457672,0.20151999592781067,4568000
2018-10-18,0.23000000417232513,0.23000000417232513,0.22599999606609344,0.2290000021457672,0.20151999592781067,528000
2018-10-19,0.22599999606609344,0.23399999737739563,0.22599999606609344,0.22699999809265137,0.19975998997688293,580000
2018-10-22,0.2280000001192093,0.23499999940395355,0.22699999809265137,0.23499999940395355,0.20679999887943268,340000
2018-10-23,0.2280000001192093,0.25,0.22599999606609344,0.23199999332427979,0.20415998995304108,900000
2018-10-24,0.2329999953508377,0.2329999953508377,0.22599999606609344,0.2290000021457672,0.20151999592781067,3196000
2018-10-25,0.2280000001192093,0.23100000619888306,0.2240000069141388,0.23100000619888306,0.2032800018787384,6560000
2018-10-26,0.23600000143051147,0.23600000143051147,0.22599999606609344,0.23000000417232513,0.20239999890327454,176000
2018-10-29,0.22499999403953552,0.2280000001192093,0.2240000069141388,0.2280000001192093,0.2006399929523468,420000
2018-10-30,0.22300000488758087,0.2280000001192093,0.22300000488758087,0.2280000001192093,0.2006399929523468,204000
2018-10-31,0.22599999606609344,0.2290000021457672,0.22200000286102295,0.2290000021457672,0.20151999592781067,184000
2018-11-01,0.22499999403953552,0.23199999332427979,0.22499999403953552,0.2290000021457672,0.20151999592781067,220000
2018-11-02,0.23000000417232513,0.23100000619888306,0.22499999403953552,0.2290000021457672,0.20151999592781067,684000
2018-11-05,0.2290000021457672,0.23000000417232513,0.22200000286102295,0.22599999606609344,0.19888000190258026,224000
2018-11-06,0.22599999606609344,0.22599999606609344,0.2199999988079071,0.22200000286102295,0.195360004901886,1160000
2018-11-07,0.22100000083446503,0.22599999606609344,0.22100000083446503,0.22100000083446503,0.19448000192642212,996000
2018-11-08,0.2280000001192093,0.23999999463558197,0.21699999272823334,0.21799999475479126,0.19183999300003052,3968000
2018-11-09,0.21799999475479126,0.22300000488758087,0.20600000023841858,0.20999999344348907,0.18479999899864197,2428000
2018-11-12,0.21299999952316284,0.21299999952316284,0.20200000703334808,0.2029999941587448,0.1786399930715561,1060000
2018-11-13,0.2029999941587448,0.20999999344348907,0.19699999690055847,0.20000000298023224,0.17599999904632568,2348000
2018-11-14,0.19599999487400055,0.20000000298023224,0.19599999487400055,0.1979999989271164,0.17423999309539795,1040000
2018-11-15,0.20000000298023224,0.20000000298023224,0.19200000166893005,0.20000000298023224,0.17599999904632568,1352000
2018-11-16,0.20000000298023224,0.2029999941587448,0.19599999487400055,0.20200000703334808,0.17776000499725342,776000
2018-11-19,0.1979999989271164,0.20800000429153442,0.19599999487400055,0.1979999989271164,0.17423999309539795,972000
2018-11-20,0.20000000298023224,0.20600000023841858,0.1979999989271164,0.20000000298023224,0.17599999904632568,1976000
2018-11-21,0.1979999989271164,0.20200000703334808,0.1979999989271164,0.20200000703334808,0.17776000499725342,1332000
2018-11-22,0.20499999821186066,0.2370000034570694,0.20200000703334808,0.210999995470047,0.18568000197410583,7868000
2018-11-23,0.21799999475479126,0.22200000286102295,0.20999999344348907,0.2160000056028366,0.19008000195026398,2216000
2018-11-26,0.20999999344348907,0.2150000035762787,0.20200000703334808,0.21400000154972076,0.18831999599933624,628000
2018-11-27,0.21400000154972076,0.2370000034570694,0.21400000154972076,0.2199999988079071,0.19359999895095825,5180000
2018-11-28,0.22499999403953552,0.22499999403953552,0.20499999821186066,0.20999999344348907,0.18479999899864197,3376000
2018-11-29,0.20999999344348907,0.2150000035762787,0.2070000022649765,0.20800000429153442,0.18304000794887543,976000
2018-11-30,0.20800000429153442,0.21699999272823334,0.20600000023841858,0.210999995470047,0.18568000197410583,1288000
2018-12-03,0.210999995470047,0.22300000488758087,0.210999995470047,0.21199999749660492,0.1865599900484085,444000
2018-12-04,0.21199999749660492,0.2160000056028366,0.20999999344348907,0.2150000035762787,0.1891999989748001,296000
2018-12-05,0.20999999344348907,0.21699999272823334,0.2029999941587448,0.2150000035762787,0.1891999989748001,1104000
2018-12-06,0.2150000035762787,0.2150000035762787,0.20600000023841858,0.20999999344348907,0.18479999899864197,788000
2018-12-07,0.21199999749660492,0.21899999678134918,0.20800000429153442,0.20800000429153442,0.18304000794887543,156000
2018-12-10,0.20800000429153442,0.21199999749660492,0.20600000023841858,0.20800000429153442,0.18304000794887543,124000
2018-12-11,0.20800000429153442,0.20800000429153442,0.20800000429153442,0.20800000429153442,0.18304000794887543,0
2018-12-12,0.19599999487400055,0.21199999749660492,0.19599999487400055,0.210999995470047,0.18568000197410583,1180000
2018-12-13,0.1979999989271164,0.210999995470047,0.1979999989271164,0.20800000429153442,0.18304000794887543,136000
2018-12-14,0.20800000429153442,0.20800000429153442,0.20100000500679016,0.2029999941587448,0.1786399930715561,420000
2018-12-17,0.20100000500679016,0.20200000703334808,0.19699999690055847,0.20000000298023224,0.17599999904632568,448000
2018-12-18,0.20200000703334808,0.25,0.20200000703334808,0.23000000417232513,0.20239999890327454,16492000
2018-12-19,0.22300000488758087,0.2549999952316284,0.21799999475479126,0.2549999952316284,0.22439999878406525,5568000
2018-12-20,0.2549999952316284,0.2549999952316284,0.24300000071525574,0.24799999594688416,0.21823999285697937,3816000
2018-12-21,0.24300000071525574,0.25999999046325684,0.23899999260902405,0.25999999046325684,0.2287999838590622,3096000
2018-12-24,0.25999999046325684,0.2750000059604645,0.24500000476837158,0.25999999046325684,0.2287999838590622,4580000
2018-12-27,0.25999999046325684,0.26499998569488525,0.24799999594688416,0.25,0.2199999988079071,4576000
2018-12-28,0.25,0.25999999046325684,0.24799999594688416,0.2549999952316284,0.22439999878406525,1652000
2018-12-31,0.25999999046325684,0.30000001192092896,0.24699999392032623,0.29499998688697815,0.2595999836921692,9820000
2019-01-02,0.29499998688697815,0.33000001311302185,0.29499998688697815,0.3199999928474426,0.2815999984741211,13628000
2019-01-03,0.33000001311302185,0.33000001311302185,0.2849999964237213,0.30000001192092896,0.2639999985694885,6660000
2019-01-04,0.30000001192092896,0.3050000071525574,0.29499998688697815,0.30000001192092896,0.2639999985694885,8892000
2019-01-07,0.30000001192092896,0.30000001192092896,0.29499998688697815,0.29499998688697815,0.2595999836921692,2396000
2019-01-08,0.29499998688697815,0.30000001192092896,0.29499998688697815,0.29499998688697815,0.2595999836921692,936000
2019-01-09,0.29499998688697815,0.3100000023841858,0.29499998688697815,0.29499998688697815,0.2595999836921692,8084000
2019-01-10,0.29499998688697815,0.30000001192092896,0.29499998688697815,0.29499998688697815,0.2595999836921692,5152000
2019-01-11,0.29499998688697815,0.3050000071525574,0.29499998688697815,0.3050000071525574,0.26840001344680786,7640000
2019-01-14,0.29499998688697815,0.30000001192092896,0.2849999964237213,0.2849999964237213,0.2507999837398529,1744000
2019-01-15,0.2849999964237213,0.30000001192092896,0.2549999952316284,0.2549999952316284,0.22439999878406525,3024000
2019-01-16,0.2549999952316284,0.29499998688697815,0.2549999952316284,0.28999999165534973,0.25519999861717224,3208000
2019-01-17,0.2800000011920929,0.28999999165534973,0.25999999046325684,0.26499998569488525,0.23319998383522034,1604000
2019-01-18,0.2549999952316284,0.4050000011920929,0.20999999344348907,0.4000000059604645,0.35199999809265137,62768000
2019-01-21,0.4000000059604645,0.4000000059604645,0.3700000047683716,0.3700000047683716,0.3255999982357025,8264000
2019-01-22,0.375,0.38999998569488525,0.36000001430511475,0.38999998569488525,0.3431999981403351,6652000
2019-01-23,0.3700000047683716,0.39500001072883606,0.35499998927116394,0.375,0.32999998331069946,4408000
2019-01-24,0.375,0.38499999046325684,0.3700000047683716,0.3700000047683716,0.3255999982357025,1468000
2019-01-25,0.36000001430511475,0.375,0.35499998927116394,0.3700000047683716,0.3255999982357025,2220000
2019-01-28,0.375,0.375,0.36000001430511475,0.3700000047683716,0.3255999982357025,332000
2019-01-29,0.3700000047683716,0.375,0.3400000035762787,0.3700000047683716,0.3255999982357025,2692000
2019-01-30,0.35499998927116394,0.375,0.35499998927116394,0.36500000953674316,0.32120001316070557,708000
2019-01-31,0.3700000047683716,0.4300000071525574,0.36500000953674316,0.4000000059604645,0.35199999809265137,12660000
2019-02-01,0.4000000059604645,0.4000000059604645,0.3799999952316284,0.38499999046325684,0.33879998326301575,2540000
2019-02-04,0.38999998569488525,0.4099999964237213,0.38999998569488525,0.38999998569488525,0.3431999981403351,2512000
2019-02-08,0.38999998569488525,0.4050000011920929,0.375,0.38999998569488525,0.3431999981403351,324000
2019-02-11,0.4000000059604645,0.44999998807907104,0.4000000059604645,0.4300000071525574,0.3783999979496002,12988000
2019-02-12,0.4300000071525574,0.4399999976158142,0.42500001192092896,0.4350000023841858,0.38280001282691956,2612000
2019-02-13,0.4350000023841858,0.4449999928474426,0.42500001192092896,0.4350000023841858,0.38280001282691956,1404000
2019-02-14,0.4300000071525574,0.4350000023841858,0.41999998688697815,0.4350000023841858,0.38280001282691956,832000
2019-02-15,0.4300000071525574,0.4650000035762787,0.41499999165534973,0.44999998807907104,0.3959999978542328,3820000
2019-02-18,0.4300000071525574,0.4449999928474426,0.42500001192092896,0.4350000023841858,0.38280001282691956,1820000
2019-02-19,0.4300000071525574,0.4399999976158142,0.42500001192092896,0.4350000023841858,0.38280001282691956,1004000
2019-02-20,0.4350000023841858,0.4350000023841858,0.42500001192092896,0.42500001192092896,0.37400001287460327,824000
2019-02-21,0.42500001192092896,0.4350000023841858,0.42500001192092896,0.4300000071525574,0.3783999979496002,692000
2019-02-22,0.4300000071525574,0.4350000023841858,0.42500001192092896,0.4300000071525574,0.3783999979496002,232000
2019-02-25,0.42500001192092896,0.46000000834465027,0.42500001192092896,0.4399999976158142,0.3871999979019165,7980000
2019-02-26,0.4449999928474426,0.4449999928474426,0.41999998688697815,0.42500001192092896,0.37400001287460327,4936000
2019-02-27,0.42500001192092896,0.4449999928474426,0.41499999165534973,0.41999998688697815,0.36959999799728394,4896000
2019-02-28,0.41999998688697815,0.42500001192092896,0.4099999964237213,0.4099999964237213,0.36079999804496765,2344000
2019-03-01,0.4099999964237213,0.4449999928474426,0.4099999964237213,0.42500001192092896,0.37400001287460327,5144000
2019-03-04,0.41999998688697815,0.4399999976158142,0.41999998688697815,0.4300000071525574,0.3783999979496002,1212000
2019-03-05,0.4350000023841858,0.4350000023841858,0.41999998688697815,0.4300000071525574,0.3783999979496002,4208000
2019-03-06,0.42500001192092896,0.4300000071525574,0.41999998688697815,0.41999998688697815,0.36959999799728394,2380000
2019-03-07,0.41999998688697815,0.4300000071525574,0.41499999165534973,0.4300000071525574,0.3783999979496002,3520000
2019-03-08,0.41999998688697815,0.41999998688697815,0.41499999165534973,0.41999998688697815,0.36959999799728394,2076000
2019-03-11,0.41999998688697815,0.4350000023841858,0.41999998688697815,0.4300000071525574,0.3783999979496002,4848000
2019-03-12,0.41999998688697815,0.4300000071525574,0.41499999165534973,0.42500001192092896,0.37400001287460327,1972000
2019-03-13,0.42500001192092896,0.4300000071525574,0.41499999165534973,0.42500001192092896,0.37400001287460327,1892000
2019-03-14,0.41499999165534973,0.41999998688697815,0.41499999165534973,0.41999998688697815,0.36959999799728394,1400000
2019-03-15,0.41499999165534973,0.42500001192092896,0.4099999964237213,0.4099999964237213,0.36079999804496765,4060000
2019-03-18,0.4000000059604645,0.41999998688697815,0.4000000059604645,0.41999998688697815,0.36959999799728394,6152000
2019-03-19,0.42500001192092896,0.42500001192092896,0.4000000059604645,0.4050000011920929,0.3564000129699707,3416000
2019-03-20,0.4000000059604645,0.41499999165534973,0.4000000059604645,0.4099999964237213,0.36079999804496765,3320000
2019-03-21,0.4000000059604645,0.4099999964237213,0.4000000059604645,0.4099999964237213,0.36079999804496765,500000
2019-03-22,0.4050000011920929,0.4050000011920929,0.4000000059604645,0.4050000011920929,0.3564000129699707,1784000
2019-03-25,0.4050000011920929,0.4050000011920929,0.4000000059604645,0.4000000059604645,0.35199999809265137,1372000
2019-03-26,0.4000000059604645,0.4099999964237213,0.4000000059604645,0.4050000011920929,0.3564000129699707,1304000
2019-03-27,0.4050000011920929,0.4099999964237213,0.4000000059604645,0.4000000059604645,0.35199999809265137,852000
2019-03-28,0.4000000059604645,0.4000000059604645,0.375,0.39500001072883606,0.3476000130176544,12672000
2019-03-29,0.38999998569488525,0.39500001072883606,0.3700000047683716,0.3799999952316284,0.3343999981880188,1124000
2019-04-01,0.3799999952316284,0.39500001072883606,0.3799999952316284,0.3799999952316284,0.3343999981880188,20024000
2019-04-02,0.38499999046325684,0.4000000059604645,0.3799999952316284,0.39500001072883606,0.3476000130176544,17796000
2019-04-03,0.39500001072883606,0.4050000011920929,0.39500001072883606,0.4000000059604645,0.35199999809265137,3860000
2019-04-04,0.39500001072883606,0.4000000059604645,0.38499999046325684,0.38499999046325684,0.33879998326301575,1744000
2019-04-08,0.39500001072883606,0.4000000059604645,0.39500001072883606,0.39500001072883606,0.3476000130176544,260000
2019-04-09,0.39500001072883606,0.39500001072883606,0.38999998569488525,0.39500001072883606,0.3476000130176544,376000
2019-04-10,0.38999998569488525,0.4000000059604645,0.38499999046325684,0.38999998569488525,0.3431999981403351,684000
2019-04-11,0.38999998569488525,0.4000000059604645,0.38999998569488525,0.39500001072883606,0.3476000130176544,336000
2019-04-12,0.39500001072883606,0.4050000011920929,0.38499999046325684,0.38499999046325684,0.33879998326301575,252000
2019-04-15,0.38499999046325684,0.39500001072883606,0.38499999046325684,0.38999998569488525,0.3431999981403351,148000
2019-04-16,0.38999998569488525,0.39500001072883606,0.3700000047683716,0.38999998569488525,0.3431999981403351,436000
2019-04-17,0.38999998569488525,0.38999998569488525,0.3799999952316284,0.3799999952316284,0.3343999981880188,220000
2019-04-18,0.3799999952316284,0.38499999046325684,0.375,0.375,0.32999998331069946,272000
2019-04-23,0.375,0.3799999952316284,0.3700000047683716,0.3700000047683716,0.3255999982357025,2732000
2019-04-24,0.36500000953674316,0.3700000047683716,0.3499999940395355,0.3499999940395355,0.30799999833106995,1320000
2019-04-25,0.3499999940395355,0.35499998927116394,0.3400000035762787,0.3449999988079071,0.3035999834537506,720000
2019-04-26,0.3449999988079071,0.36500000953674316,0.3100000023841858,0.3499999940395355,0.30799999833106995,2992000
2019-04-29,0.3449999988079071,0.3700000047683716,0.3449999988079071,0.3499999940395355,0.30799999833106995,1204000
2019-04-30,0.3499999940395355,0.36500000953674316,0.3449999988079071,0.36500000953674316,0.32120001316070557,128000
2019-05-02,0.36000001430511475,0.36500000953674316,0.3400000035762787,0.3499999940395355,0.30799999833106995,4288000
2019-05-03,0.3400000035762787,0.3400000035762787,0.3400000035762787,0.3400000035762787,0.29919999837875366,16000
2019-05-06,0.3400000035762787,0.3400000035762787,0.33500000834465027,0.33500000834465027,0.2948000133037567,388000
2019-05-07,0.35499998927116394,0.36000001430511475,0.35499998927116394,0.35499998927116394,0.3123999834060669,1340000
2019-05-08,0.35499998927116394,0.4300000071525574,0.3400000035762787,0.4050000011920929,0.3564000129699707,11980000
2019-05-09,0.39500001072883606,0.4350000023841858,0.38499999046325684,0.4000000059604645,0.35199999809265137,3656000
2019-05-10,0.4050000011920929,0.4099999964237213,0.38499999046325684,0.4000000059604645,0.35199999809265137,1076000
2019-05-14,0.38999998569488525,0.4000000059604645,0.38999998569488525,0.4000000059604645,0.35199999809265137,1048000
2019-05-15,0.4000000059604645,0.41499999165534973,0.4000000059604645,0.4050000011920929,0.3564000129699707,1460000
2019-05-16,0.4050000011920929,0.41499999165534973,0.4050000011920929,0.4050000011920929,0.3564000129699707,904000
2019-05-17,0.4050000011920929,0.4050000011920929,0.39500001072883606,0.4050000011920929,0.3564000129699707,10240000
2019-05-20,0.4000000059604645,0.4099999964237213,0.4000000059604645,0.4000000059604645,0.35199999809265137,300000
2019-05-21,0.4000000059604645,0.4000000059604645,0.39500001072883606,0.39500001072883606,0.3476000130176544,672000
2019-05-22,0.3799999952316284,0.39500001072883606,0.3799999952316284,0.38499999046325684,0.33879998326301575,584000
2019-05-23,0.38499999046325684,0.38499999046325684,0.3799999952316284,0.38499999046325684,0.33879998326301575,560000
2019-05-24,0.38499999046325684,0.4050000011920929,0.38499999046325684,0.39500001072883606,0.3476000130176544,84000
2019-05-27,0.38999998569488525,0.4000000059604645,0.375,0.375,0.32999998331069946,408000
2019-05-28,0.3799999952316284,0.4000000059604645,0.3799999952316284,0.39500001072883606,0.3476000130176544,324000
2019-05-29,0.38999998569488525,0.4000000059604645,0.38499999046325684,0.4000000059604645,0.35199999809265137,104000
2019-05-30,0.38999998569488525,0.4000000059604645,0.38999998569488525,0.38999998569488525,0.3431999981403351,88000
2019-05-31,0.38499999046325684,0.39500001072883606,0.3799999952316284,0.3799999952316284,0.3343999981880188,432000
2019-06-03,0.38499999046325684,0.38499999046325684,0.3799999952316284,0.38499999046325684,0.33879998326301575,140000
2019-06-04,0.38999998569488525,0.39500001072883606,0.38999998569488525,0.38999998569488525,0.3431999981403351,316000
2019-06-05,0.3799999952316284,0.3799999952316284,0.36000001430511475,0.36000001430511475,0.31679999828338623,1788000
2019-06-06,0.36000001430511475,0.36500000953674316,0.36000001430511475,0.36500000953674316,0.32120001316070557,688000
2019-06-10,0.38499999046325684,0.4000000059604645,0.3499999940395355,0.35499998927116394,0.3123999834060669,1028000
2019-06-11,0.35499998927116394,0.36500000953674316,0.3499999940395355,0.36500000953674316,0.32120001316070557,368000
2019-06-12,0.3199999928474426,0.3700000047683716,0.3149999976158142,0.36000001430511475,0.31679999828338623,1448000
2019-06-13,0.3400000035762787,0.3449999988079071,0.32499998807907104,0.33500000834465027,0.2948000133037567,960000
2019-06-14,0.33500000834465027,0.3499999940395355,0.33000001311302185,0.33000001311302185,0.2903999984264374,100000
2019-06-17,0.3499999940395355,0.36500000953674316,0.3400000035762787,0.3449999988079071,0.3035999834537506,1976000
2019-06-18,0.36000001430511475,0.4099999964237213,0.35499998927116394,0.3799999952316284,0.3343999981880188,6028000
2019-06-19,0.3799999952316284,0.4000000059604645,0.3799999952316284,0.39500001072883606,0.3476000130176544,22356000
2019-06-20,0.39500001072883606,0.39500001072883606,0.3700000047683716,0.3700000047683716,0.3255999982357025,380000
2019-06-21,0.375,0.4000000059604645,0.375,0.39500001072883606,0.3476000130176544,10522140
2019-06-24,0.39500001072883606,0.4099999964237213,0.39500001072883606,0.4000000059604645,0.35199999809265137,8736000
2019-06-25,0.4000000059604645,0.4099999964237213,0.38999998569488525,0.4050000011920929,0.3564000129699707,1754380
2019-06-26,0.39500001072883606,0.4050000011920929,0.38999998569488525,0.4000000059604645,0.35199999809265137,1224000
2019-06-27,0.4000000059604645,0.4050000011920929,0.4000000059604645,0.4000000059604645,0.35199999809265137,1004000
2019-06-28,0.4000000059604645,0.41999998688697815,0.4000000059604645,0.4000000059604645,0.35199999809265137,1948000
2019-07-02,0.4050000011920929,0.4050000011920929,0.38999998569488525,0.39500001072883606,0.3476000130176544,1808000
2019-07-03,0.39500001072883606,0.4000000059604645,0.3799999952316284,0.39500001072883606,0.3476000130176544,600000
2019-07-04,0.3799999952316284,0.38999998569488525,0.3799999952316284,0.3799999952316284,0.3343999981880188,336000
2019-07-05,0.375,0.3799999952316284,0.375,0.3799999952316284,0.3343999981880188,292000
2019-07-08,0.36500000953674316,0.4000000059604645,0.35499998927116394,0.3799999952316284,0.3343999981880188,1708000
2019-07-09,0.39500001072883606,0.4050000011920929,0.3799999952316284,0.4050000011920929,0.3564000129699707,14232000
2019-07-10,0.39500001072883606,0.4099999964237213,0.39500001072883606,0.4050000011920929,0.3564000129699707,1076500
2019-07-11,0.4099999964237213,0.4350000023841858,0.4099999964237213,0.4099999964237213,0.36079999804496765,768000
2019-07-12,0.4099999964237213,0.4099999964237213,0.4050000011920929,0.4099999964237213,0.36079999804496765,532000
2019-07-15,0.41999998688697815,0.41999998688697815,0.39500001072883606,0.4050000011920929,0.3564000129699707,692008
2019-07-16,0.4050000011920929,0.4050000011920929,0.3799999952316284,0.39500001072883606,0.3476000130176544,1260000
2019-07-17,0.4000000059604645,0.4000000059604645,0.38499999046325684,0.38999998569488525,0.3431999981403351,256000
2019-07-18,0.4000000059604645,0.4000000059604645,0.38499999046325684,0.38999998569488525,0.3431999981403351,160000
2019-07-19,0.39500001072883606,0.39500001072883606,0.3799999952316284,0.38499999046325684,0.33879998326301575,3240000
2019-07-22,0.38499999046325684,0.38999998569488525,0.3799999952316284,0.38499999046325684,0.33879998326301575,1412000
2019-07-23,0.38499999046325684,0.39500001072883606,0.3799999952316284,0.38999998569488525,0.3431999981403351,696000
2019-07-24,0.39500001072883606,0.39500001072883606,0.38499999046325684,0.38499999046325684,0.33879998326301575,584000
2019-07-25,0.38999998569488525,0.4000000059604645,0.3799999952316284,0.39500001072883606,0.3476000130176544,1274000
2019-07-26,0.4000000059604645,0.4000000059604645,0.38999998569488525,0.38999998569488525,0.3431999981403351,89000
2019-07-29,0.38999998569488525,0.39500001072883606,0.3700000047683716,0.3700000047683716,0.3255999982357025,788000
2019-07-30,0.38499999046325684,0.38999998569488525,0.3799999952316284,0.38499999046325684,0.33879998326301575,648000
2019-07-31,0.38999998569488525,0.38999998569488525,0.3799999952316284,0.3799999952316284,0.3343999981880188,845000
2019-08-01,0.3799999952316284,0.38499999046325684,0.375,0.38499999046325684,0.33879998326301575,416000
2019-08-02,0.39500001072883606,0.39500001072883606,0.3700000047683716,0.3799999952316284,0.3343999981880188,662000
2019-08-05,0.38499999046325684,0.38999998569488525,0.375,0.375,0.32999998331069946,760000
2019-08-06,0.375,0.38999998569488525,0.36500000953674316,0.3799999952316284,0.3343999981880188,4252000
2019-08-07,0.38499999046325684,0.38499999046325684,0.3799999952316284,0.3799999952316284,0.3343999981880188,176000
2019-08-08,0.3799999952316284,0.38499999046325684,0.375,0.375,0.32999998331069946,1900000
2019-08-09,0.3799999952316284,0.38499999046325684,0.375,0.375,0.32999998331069946,92000
2019-08-12,0.3799999952316284,0.38499999046325684,0.3799999952316284,0.38499999046325684,0.33879998326301575,132000
2019-08-13,0.38499999046325684,0.38999998569488525,0.38499999046325684,0.38499999046325684,0.33879998326301575,128000
2019-08-14,0.3799999952316284,0.38999998569488525,0.33500000834465027,0.3700000047683716,0.3255999982357025,872000
2019-08-15,0.38999998569488525,0.38999998569488525,0.38999998569488525,0.38999998569488525,0.3431999981403351,0
2019-08-16,0.36500000953674316,0.38499999046325684,0.35499998927116394,0.38499999046325684,0.33879998326301575,1564000
2019-08-19,0.38499999046325684,0.4099999964237213,0.36500000953674316,0.38999998569488525,0.3431999981403351,16972000
2019-08-20,0.38999998569488525,0.39500001072883606,0.38499999046325684,0.38499999046325684,0.33879998326301575,692000
2019-08-21,0.38499999046325684,0.39500001072883606,0.3799999952316284,0.39500001072883606,0.3476000130176544,180000
2019-08-22,0.38999998569488525,0.39500001072883606,0.3799999952316284,0.3799999952316284,0.3343999981880188,188000
2019-08-23,0.38499999046325684,0.38499999046325684,0.3799999952316284,0.3799999952316284,0.3343999981880188,112000
2019-08-26,0.3799999952316284,0.3799999952316284,0.3799999952316284,0.3799999952316284,0.3343999981880188,152000
2019-08-27,0.38499999046325684,0.38499999046325684,0.3799999952316284,0.38499999046325684,0.33879998326301575,160000
2019-08-28,0.3799999952316284,0.38499999046325684,0.36000001430511475,0.38499999046325684,0.33879998326301575,836000
2019-08-29,0.38499999046325684,0.38499999046325684,0.36500000953674316,0.36500000953674316,0.32120001316070557,24000
2019-08-30,0.3799999952316284,0.3799999952316284,0.36500000953674316,0.36500000953674316,0.32120001316070557,356000
2019-09-02,0.36500000953674316,0.38499999046325684,0.36500000953674316,0.3799999952316284,0.3343999981880188,88000
2019-09-03,0.36500000953674316,0.36500000953674316,0.3449999988079071,0.35499998927116394,0.3123999834060669,2172000
2019-09-04,0.36500000953674316,0.36500000953674316,0.3499999940395355,0.36000001430511475,0.31679999828338623,648000
2019-09-05,0.36000001430511475,0.36500000953674316,0.36000001430511475,0.36500000953674316,0.32120001316070557,1240000
2019-09-06,0.36500000953674316,0.375,0.36500000953674316,0.3700000047683716,0.3255999982357025,2508000
2019-09-09,0.375,0.375,0.375,0.375,0.32999998331069946,0
2019-09-10,0.36000001430511475,0.3700000047683716,0.36000001430511475,0.36000001430511475,0.31679999828338623,612000
2019-09-11,0.3700000047683716,0.3700000047683716,0.35499998927116394,0.36000001430511475,0.31679999828338623,636000
2019-09-12,0.36000001430511475,0.36000001430511475,0.36000001430511475,0.36000001430511475,0.31679999828338623,240000
2019-09-13,0.36000001430511475,0.36000001430511475,0.3499999940395355,0.3499999940395355,0.30799999833106995,112000
2019-09-16,0.36000001430511475,0.36000001430511475,0.35499998927116394,0.35499998927116394,0.3123999834060669,304000
2019-09-17,0.3499999940395355,0.36000001430511475,0.3499999940395355,0.35499998927116394,0.3123999834060669,804000
2019-09-18,0.3499999940395355,0.36000001430511475,0.3499999940395355,0.36000001430511475,0.31679999828338623,48000
2019-09-19,0.36500000953674316,0.36500000953674316,0.35499998927116394,0.35499998927116394,0.3123999834060669,1396000
2019-09-20,0.35499998927116394,0.36000001430511475,0.3499999940395355,0.35499998927116394,0.3123999834060669,1660000
2019-09-23,0.3449999988079071,0.35499998927116394,0.3449999988079071,0.35499998927116394,0.3123999834060669,68000
2019-09-24,0.3499999940395355,0.36500000953674316,0.3499999940395355,0.3499999940395355,0.30799999833106995,1528000
2019-09-25,0.35499998927116394,0.36000001430511475,0.3400000035762787,0.3499999940395355,0.30799999833106995,720000
2019-09-26,0.35499998927116394,0.36000001430511475,0.33500000834465027,0.33500000834465027,0.2948000133037567,2040000
2019-09-27,0.3449999988079071,0.35499998927116394,0.3449999988079071,0.35499998927116394,0.3123999834060669,112000
2019-09-30,0.3499999940395355,0.36500000953674316,0.3199999928474426,0.3199999928474426,0.2815999984741211,660000
2019-10-02,0.35499998927116394,0.35499998927116394,0.3400000035762787,0.3449999988079071,0.3035999834537506,232000
2019-10-03,0.35499998927116394,0.3499999940395355,0.3449999988079071,0.3499999940395355,0.30799999833106995,180000
2019-10-04,0.36000001430511475,0.3400000035762787,0.3400000035762787,0.3400000035762787,0.29919999837875366,144000
2019-10-08,0.36000001430511475,0.36000001430511475,0.3400000035762787,0.3400000035762787,0.29919999837875366,124000
2019-10-09,0.3400000035762787,0.3400000035762787,0.32499998807907104,0.33000001311302185,0.2903999984264374,812000
2019-10-10,0.3400000035762787,0.35499998927116394,0.33500000834465027,0.3449999988079071,0.3035999834537506,736000
2019-10-11,0.3499999940395355,0.3499999940395355,0.33000001311302185,0.3449999988079071,0.3035999834537506,312000
2019-10-14,0.3449999988079071,0.3449999988079071,0.33500000834465027,0.33500000834465027,0.2948000133037567,48000
2019-10-15,0.3449999988079071,0.3499999940395355,0.3400000035762787,0.3400000035762787,0.29919999837875366,428000
2019-10-16,0.3449999988079071,0.3499999940395355,0.33500000834465027,0.33500000834465027,0.2948000133037567,92000
2019-10-17,0.3449999988079071,0.3449999988079071,0.3400000035762787,0.3400000035762787,0.29919999837875366,212000
2019-10-18,0.3400000035762787,0.3400000035762787,0.33500000834465027,0.33500000834465027,0.2948000133037567,512000
2019-10-21,0.33500000834465027,0.3400000035762787,0.32499998807907104,0.3400000035762787,0.29919999837875366,104000
2019-10-22,0.3449999988079071,0.36500000953674316,0.3400000035762787,0.3499999940395355,0.30799999833106995,2408000
2019-10-23,0.3499999940395355,0.3499999940395355,0.33000001311302185,0.33000001311302185,0.2903999984264374,200000
2019-10-24,0.3499999940395355,0.3499999940395355,0.33000001311302185,0.33500000834465027,0.2948000133037567,208000
2019-10-25,0.33000001311302185,0.3499999940395355,0.33000001311302185,0.3499999940395355,0.30799999833106995,1708000
2019-10-28,0.3499999940395355,0.35499998927116394,0.3449999988079071,0.3499999940395355,0.30799999833106995,284000
2019-10-29,0.3499999940395355,0.36500000953674316,0.33500000834465027,0.3449999988079071,0.3035999834537506,2092000
2019-10-30,0.35499998927116394,0.4050000011920929,0.35499998927116394,0.38999998569488525,0.3431999981403351,2064000
2019-10-31,0.36500000953674316,0.4699999988079071,0.36500000953674316,0.46000000834465027,0.4047999978065491,5940000
2019-11-01,0.4399999976158142,0.45500001311302185,0.4099999964237213,0.4399999976158142,0.3871999979019165,4008000
2019-11-04,0.41999998688697815,0.4300000071525574,0.38999998569488525,0.4050000011920929,0.3564000129699707,1640000
2019-11-05,0.41999998688697815,0.4350000023841858,0.41499999165534973,0.42500001192092896,0.37400001287460327,376000
2019-11-06,0.4300000071525574,0.44999998807907104,0.42500001192092896,0.42500001192092896,0.37400001287460327,2252000
2019-11-07,0.4350000023841858,0.4449999928474426,0.4350000023841858,0.4449999928474426,0.39159998297691345,60000
2019-11-08,0.41999998688697815,0.4449999928474426,0.41999998688697815,0.4399999976158142,0.3871999979019165,16000
2019-11-11,0.4449999928474426,0.4449999928474426,0.42500001192092896,0.4449999928474426,0.39159998297691345,484000
2019-11-12,0.4399999976158142,0.4399999976158142,0.4399999976158142,0.4399999976158142,0.3871999979019165,0
2019-11-13,0.41499999165534973,0.4300000071525574,0.41499999165534973,0.4300000071525574,0.3783999979496002,120000
2019-11-14,0.4300000071525574,0.4300000071525574,0.41499999165534973,0.41999998688697815,0.36959999799728394,332000
2019-11-15,0.41999998688697815,0.4300000071525574,0.4099999964237213,0.42500001192092896,0.37400001287460327,468000
2019-11-18,0.4300000071525574,0.4300000071525574,0.41499999165534973,0.42500001192092896,0.37400001287460327,516000
2019-11-19,0.41999998688697815,0.42500001192092896,0.41999998688697815,0.41999998688697815,0.36959999799728394,260000
2019-11-20,0.41999998688697815,0.4399999976158142,0.41999998688697815,0.4300000071525574,0.3783999979496002,284000
2019-11-21,0.41999998688697815,0.4399999976158142,0.41999998688697815,0.4399999976158142,0.3871999979019165,296000
2019-11-22,0.41999998688697815,0.4350000023841858,0.41999998688697815,0.4350000023841858,0.38280001282691956,152000
2019-11-25,0.4399999976158142,0.4399999976158142,0.4300000071525574,0.4300000071525574,0.3783999979496002,260000
2019-11-26,0.4300000071525574,0.4449999928474426,0.4300000071525574,0.4399999976158142,0.3871999979019165,208000
2019-11-27,0.4350000023841858,0.4399999976158142,0.4300000071525574,0.4399999976158142,0.3871999979019165,184000
2019-11-28,0.4399999976158142,0.4399999976158142,0.41999998688697815,0.41999998688697815,0.36959999799728394,272000
2019-11-29,0.41999998688697815,0.41999998688697815,0.41999998688697815,0.41999998688697815,0.36959999799728394,24000
2019-12-02,0.4099999964237213,0.44999998807907104,0.4000000059604645,0.4350000023841858,0.38280001282691956,284000
2019-12-03,0.4350000023841858,0.4350000023841858,0.4350000023841858,0.4350000023841858,0.38280001282691956,76000
2019-12-04,0.4350000023841858,0.4449999928474426,0.4350000023841858,0.4399999976158142,0.3871999979019165,140000
2019-12-05,0.42500001192092896,0.4399999976158142,0.42500001192092896,0.4399999976158142,0.3871999979019165,56000
2019-12-06,0.4399999976158142,0.4399999976158142,0.4399999976158142,0.4350000023841858,0.38280001282691956,80000
2019-12-09,0.4350000023841858,0.44999998807907104,0.4350000023841858,0.4399999976158142,0.3871999979019165,3516000
2019-12-10,0.4449999928474426,0.44999998807907104,0.4350000023841858,0.4399999976158142,0.3871999979019165,3072000
2019-12-11,0.44999998807907104,0.44999998807907104,0.4399999976158142,0.4399999976158142,0.3871999979019165,24000
2019-12-12,0.4399999976158142,0.44999998807907104,0.4399999976158142,0.44999998807907104,0.3959999978542328,164000
2019-12-13,0.44999998807907104,0.44999998807907104,0.4050000011920929,0.4399999976158142,0.3871999979019165,224000
2019-12-16,0.4399999976158142,0.4399999976158142,0.4399999976158142,0.4399999976158142,0.3871999979019165,16000
2019-12-17,0.4399999976158142,0.44999998807907104,0.4399999976158142,0.4399999976158142,0.3871999979019165,124000
2019-12-18,0.4399999976158142,0.4399999976158142,0.41999998688697815,0.4300000071525574,0.3783999979496002,5064000
2019-12-19,0.44999998807907104,0.44999998807907104,0.32499998807907104,0.42500001192092896,0.37400001287460327,744000
2019-12-20,0.41999998688697815,0.4399999976158142,0.39500001072883606,0.39500001072883606,0.3476000130176544,28000
2019-12-23,0.42500001192092896,0.44999998807907104,0.4000000059604645,0.4350000023841858,0.38280001282691956,308000
2019-12-24,0.4350000023841858,0.4350000023841858,0.4350000023841858,0.4350000023841858,0.38280001282691956,52000
2019-12-27,0.4350000023841858,0.4350000023841858,0.4350000023841858,0.4350000023841858,0.38280001282691956,0
2019-12-30,0.3700000047683716,0.42500001192092896,0.3700000047683716,0.41999998688697815,0.36959999799728394,572000
2019-12-31,0.4399999976158142,0.4399999976158142,0.4300000071525574,0.4300000071525574,0.3783999979496002,212000
2020-01-02,0.41999998688697815,0.4300000071525574,0.4000000059604645,0.41999998688697815,0.36959999799728394,164000
2020-01-03,0.41999998688697815,0.41999998688697815,0.41999998688697815,0.4099999964237213,0.36079999804496765,132000
2020-01-06,0.4300000071525574,0.4300000071525574,0.4000000059604645,0.4300000071525574,0.3783999979496002,516000
2020-01-07,0.4350000023841858,0.4350000023841858,0.4050000011920929,0.4050000011920929,0.3564000129699707,380000
2020-01-08,0.41999998688697815,0.41999998688697815,0.4000000059604645,0.4000000059604645,0.35199999809265137,28000
2020-01-09,0.4000000059604645,0.4000000059604645,0.4000000059604645,0.4000000059604645,0.35199999809265137,88000
2020-01-10,0.4000000059604645,0.4000000059604645,0.4000000059604645,0.4000000059604645,0.35199999809265137,0
2020-01-13,0.41999998688697815,0.41999998688697815,0.4000000059604645,0.41499999165534973,0.3651999831199646,552000
2020-01-14,0.4099999964237213,0.46000000834465027,0.4099999964237213,0.4449999928474426,0.39159998297691345,4188000
2020-01-15,0.44999998807907104,0.5099999904632568,0.44999998807907104,0.47999998927116394,0.42239999771118164,11680000
2020-01-16,0.47999998927116394,0.49000000953674316,0.4749999940395355,0.4749999940395355,0.4179999828338623,1600000
2020-01-17,0.47999998927116394,0.47999998927116394,0.41499999165534973,0.4300000071525574,0.3783999979496002,4064000
2020-01-20,0.4699999988079071,0.4699999988079071,0.44999998807907104,0.44999998807907104,0.3959999978542328,184000
2020-01-21,0.4350000023841858,0.44999998807907104,0.4050000011920929,0.4099999964237213,0.36079999804496765,4924000
2020-01-22,0.41999998688697815,0.4749999940395355,0.41999998688697815,0.46000000834465027,0.4047999978065491,496000
2020-01-23,0.46000000834465027,0.46000000834465027,0.4350000023841858,0.46000000834465027,0.4047999978065491,116000
2020-01-24,0.46000000834465027,0.46000000834465027,0.46000000834465027,0.46000000834465027,0.4047999978065491,16000
2020-01-29,0.46000000834465027,0.46000000834465027,0.41499999165534973,0.41499999165534973,0.3651999831199646,468000
2020-01-30,0.4449999928474426,0.4950000047683716,0.4350000023841858,0.44999998807907104,0.3959999978542328,5344000
2020-01-31,0.44999998807907104,0.46000000834465027,0.41999998688697815,0.4399999976158142,0.3871999979019165,540000
2020-02-03,0.4449999928474426,0.46000000834465027,0.4449999928474426,0.4449999928474426,0.39159998297691345,332000
2020-02-04,0.44999998807907104,0.46000000834465027,0.41999998688697815,0.4449999928474426,0.39159998297691345,776000
2020-02-05,0.4350000023841858,0.44999998807907104,0.42500001192092896,0.4449999928474426,0.39159998297691345,260000
2020-02-06,0.44999998807907104,0.44999998807907104,0.4350000023841858,0.4449999928474426,0.39159998297691345,180000
2020-02-07,0.44999998807907104,0.44999998807907104,0.4300000071525574,0.4350000023841858,0.38280001282691956,284000
2020-02-10,0.4399999976158142,0.45500001311302185,0.4350000023841858,0.4350000023841858,0.38280001282691956,32000
2020-02-11,0.4449999928474426,0.44999998807907104,0.4449999928474426,0.44999998807907104,0.3959999978542328,52000
2020-02-12,0.4449999928474426,0.44999998807907104,0.41999998688697815,0.4350000023841858,0.38280001282691956,2532000
2020-02-13,0.4399999976158142,0.4449999928474426,0.41999998688697815,0.42500001192092896,0.37400001287460327,324000
2020-02-14,0.42500001192092896,0.4399999976158142,0.41499999165534973,0.41999998688697815,0.36959999799728394,1984000
2020-02-17,0.4399999976158142,0.4399999976158142,0.4399999976158142,0.4399999976158142,0.3871999979019165,52000
2020-02-18,0.4350000023841858,0.4350000023841858,0.4099999964237213,0.42500001192092896,0.37400001287460327,896000
2020-02-19,0.4350000023841858,0.4449999928474426,0.42500001192092896,0.4399999976158142,0.3871999979019165,48000
2020-02-20,0.4350000023841858,0.4449999928474426,0.42500001192092896,0.42500001192092896,0.37400001287460327,184000
2020-02-21,0.4300000071525574,0.4449999928474426,0.42500001192092896,0.4399999976158142,0.3871999979019165,196000
2020-02-24,0.4399999976158142,0.4399999976158142,0.41999998688697815,0.41999998688697815,0.36959999799728394,80000
2020-02-25,0.4449999928474426,0.4449999928474426,0.4300000071525574,0.4399999976158142,0.3871999979019165,180000
2020-02-26,0.44999998807907104,0.44999998807907104,0.4300000071525574,0.4399999976158142,0.3871999979019165,92000
2020-02-27,0.4350000023841858,0.4399999976158142,0.41999998688697815,0.4300000071525574,0.3783999979496002,208000
2020-02-28,0.4350000023841858,0.44999998807907104,0.41999998688697815,0.44999998807907104,0.3959999978542328,300000
2020-03-02,0.44999998807907104,0.44999998807907104,0.4399999976158142,0.4399999976158142,0.3871999979019165,60000
2020-03-03,0.44999998807907104,0.49000000953674316,0.44999998807907104,0.46000000834465027,0.4047999978065491,1752000
2020-03-04,0.46000000834465027,0.46000000834465027,0.4399999976158142,0.4449999928474426,0.39159998297691345,68000
2020-03-05,0.4449999928474426,0.44999998807907104,0.4449999928474426,0.4449999928474426,0.39159998297691345,48000
2020-03-06,0.48500001430511475,0.48500001430511475,0.41999998688697815,0.4350000023841858,0.38280001282691956,2136000
2020-03-09,0.4399999976158142,0.46000000834465027,0.4399999976158142,0.44999998807907104,0.3959999978542328,120000
2020-03-10,0.4449999928474426,0.4449999928474426,0.4449999928474426,0.4449999928474426,0.39159998297691345,32000
2020-03-11,0.4449999928474426,0.4449999928474426,0.4449999928474426,0.4449999928474426,0.39159998297691345,0
2020-03-12,0.44999998807907104,0.44999998807907104,0.4099999964237213,0.42500001192092896,0.37400001287460327,724000
2020-03-13,0.42500001192092896,0.4300000071525574,0.38999998569488525,0.42500001192092896,0.37400001287460327,4308000
2020-03-16,0.4300000071525574,0.4300000071525574,0.4050000011920929,0.41999998688697815,0.36959999799728394,16000
2020-03-17,0.41999998688697815,0.42500001192092896,0.4099999964237213,0.42500001192092896,0.37400001287460327,108000
2020-03-18,0.4399999976158142,0.44999998807907104,0.4000000059604645,0.4300000071525574,0.3783999979496002,96000
2020-03-19,0.41499999165534973,0.4300000071525574,0.3700000047683716,0.42500001192092896,0.37400001287460327,840000
2020-03-20,0.4050000011920929,0.42500001192092896,0.4050000011920929,0.42500001192092896,0.37400001287460327,16000
2020-03-23,0.42500001192092896,0.4300000071525574,0.4050000011920929,0.4050000011920929,0.3564000129699707,168000
2020-03-24,0.41999998688697815,0.42500001192092896,0.4000000059604645,0.4000000059604645,0.35199999809265137,132000
2020-03-25,0.41999998688697815,0.4399999976158142,0.41999998688697815,0.4399999976158142,0.3871999979019165,40000
2020-03-26,0.4399999976158142,0.4399999976158142,0.42500001192092896,0.42500001192092896,0.37400001287460327,136000
2020-03-27,0.42500001192092896,0.42500001192092896,0.42500001192092896,0.42500001192092896,0.37400001287460327,80000
2020-03-30,0.4300000071525574,0.4300000071525574,0.41999998688697815,0.41999998688697815,0.36959999799728394,268000
2020-03-31,0.41999998688697815,0.41999998688697815,0.41999998688697815,0.41999998688697815,0.36959999799728394,80000
2020-04-01,0.41499999165534973,0.41999998688697815,0.4099999964237213,0.4099999964237213,0.36079999804496765,172000
2020-04-02,0.4000000059604645,0.4000000059604645,0.4000000059604645,0.4000000059604645,0.35199999809265137,0
2020-04-03,0.4050000011920929,0.41999998688697815,0.4050000011920929,0.41499999165534973,0.3651999831199646,220000
2020-04-06,0.41999998688697815,0.4300000071525574,0.41999998688697815,0.4300000071525574,0.3783999979496002,48000
2020-04-07,0.4300000071525574,0.4300000071525574,0.4300000071525574,0.4300000071525574,0.3783999979496002,0
2020-04-08,0.41999998688697815,0.41999998688697815,0.4099999964237213,0.4099999964237213,0.36079999804496765,44000
2020-04-09,0.4000000059604645,0.4000000059604645,0.4000000059604645,0.4000000059604645,0.35199999809265137,0
2020-04-14,0.4099999964237213,0.4099999964237213,0.4050000011920929,0.4050000011920929,0.3564000129699707,36000
2020-04-15,0.4000000059604645,0.4000000059604645,0.38999998569488525,0.38999998569488525,0.3431999981403351,160000
2020-04-16,0.38999998569488525,0.4000000059604645,0.3799999952316284,0.38499999046325684,0.33879998326301575,1592000
2020-04-17,0.39500001072883606,0.39500001072883606,0.38999998569488525,0.38999998569488525,0.3431999981403351,48000
2020-04-20,0.4000000059604645,0.4000000059604645,0.4000000059604645,0.4000000059604645,0.35199999809265137,16000
2020-04-21,0.3799999952316284,0.39500001072883606,0.3799999952316284,0.39500001072883606,0.3476000130176544,44000
2020-04-22,0.39500001072883606,0.39500001072883606,0.39500001072883606,0.39500001072883606,0.3476000130176544,0
2020-04-23,0.38499999046325684,0.38499999046325684,0.3799999952316284,0.3799999952316284,0.3343999981880188,11052000
2020-04-24,0.3799999952316284,0.4000000059604645,0.3799999952316284,0.4000000059604645,0.35199999809265137,24000
2020-04-27,0.39500001072883606,0.4000000059604645,0.39500001072883606,0.4000000059604645,0.35199999809265137,1232000
2020-04-28,0.38499999046325684,0.38499999046325684,0.38499999046325684,0.38499999046325684,0.33879998326301575,68000
2020-04-29,0.38499999046325684,0.38499999046325684,0.38499999046325684,0.38499999046325684,0.33879998326301575,32000
2020-05-04,0.3799999952316284,0.3799999952316284,0.3799999952316284,0.3799999952316284,0.3343999981880188,0
2020-05-05,0.3799999952316284,0.3799999952316284,0.3799999952316284,0.3799999952316284,0.3343999981880188,0
2020-05-06,0.3449999988079071,0.35499998927116394,0.3449999988079071,0.35499998927116394,0.3123999834060669,476000
2020-05-07,0.33500000834465027,0.3499999940395355,0.33000001311302185,0.3499999940395355,0.30799999833106995,320000
2020-05-08,0.35499998927116394,0.35499998927116394,0.3449999988079071,0.3449999988079071,0.3035999834537506,24000
2020-05-11,0.35499998927116394,0.35499998927116394,0.33000001311302185,0.33000001311302185,0.2903999984264374,180000
2020-05-12,0.33000001311302185,0.35499998927116394,0.33000001311302185,0.35499998927116394,0.3123999834060669,128000
2020-05-13,0.3449999988079071,0.3449999988079071,0.3449999988079071,0.3449999988079071,0.3035999834537506,0
2020-05-14,0.3199999928474426,0.3199999928474426,0.2750000059604645,0.29499998688697815,0.2595999836921692,496000
2020-05-15,0.3199999928474426,0.33000001311302185,0.30000001192092896,0.30000001192092896,0.2639999985694885,44000
2020-05-18,0.30000001192092896,0.3199999928474426,0.30000001192092896,0.3199999928474426,0.2815999984741211,8000
2020-05-19,0.3199999928474426,0.3199999928474426,0.3199999928474426,0.3199999928474426,0.2815999984741211,0
2020-05-20,0.35499998927116394,0.35499998927116394,0.29499998688697815,0.3400000035762787,0.29919999837875366,792000
2020-05-21,0.3700000047683716,0.3700000047683716,0.3449999988079071,0.35499998927116394,0.3123999834060669,200000
2020-05-22,0.3449999988079071,0.3449999988079071,0.3449999988079071,0.3449999988079071,0.3035999834537506,0
2020-05-25,0.3199999928474426,0.3199999928474426,0.3199999928474426,0.3199999928474426,0.2815999984741211,0
2020-05-26,0.3199999928474426,0.3199999928474426,0.3199999928474426,0.3199999928474426,0.2815999984741211,60000
2020-05-27,0.32499998807907104,0.32499998807907104,0.32499998807907104,0.32499998807907104,0.28599998354911804,0
2020-05-28,0.3499999940395355,0.3499999940395355,0.3499999940395355,0.3499999940395355,0.30799999833106995,0
2020-05-29,0.3499999940395355,0.3499999940395355,0.3499999940395355,0.3499999940395355,0.30799999833106995,12000
2020-06-01,0.3400000035762787,0.3499999940395355,0.3400000035762787,0.3499999940395355,0.30799999833106995,32000
2020-06-02,0.3499999940395355,0.3499999940395355,0.3449999988079071,0.3449999988079071,0.3035999834537506,92000
2020-06-03,0.3449999988079071,0.3449999988079071,0.3449999988079071,0.3449999988079071,0.3035999834537506,0
2020-06-04,0.3400000035762787,0.3400000035762787,0.3400000035762787,0.3400000035762787,0.29919999837875366,0
2020-06-05,0.3400000035762787,0.3449999988079071,0.3400000035762787,0.3449999988079071,0.3035999834537506,304000
2020-06-08,0.3199999928474426,0.33000001311302185,0.3199999928474426,0.3199999928474426,0.2815999984741211,136000
2020-06-09,0.33000001311302185,0.3449999988079071,0.33000001311302185,0.33000001311302185,0.2903999984264374,176000
2020-06-10,0.33500000834465027,0.33500000834465027,0.33000001311302185,0.33000001311302185,0.2903999984264374,432000
2020-06-11,0.33500000834465027,0.33500000834465027,0.3149999976158142,0.33000001311302185,0.2903999984264374,68000
2020-06-12,0.33000001311302185,0.4000000059604645,0.33000001311302185,0.375,0.32999998331069946,216000
2020-06-15,0.36500000953674316,0.36500000953674316,0.36500000953674316,0.36500000953674316,0.32120001316070557,0
2020-06-16,0.36500000953674316,0.36500000953674316,0.36000001430511475,0.36500000953674316,0.32120001316070557,440000
2020-06-17,0.36500000953674316,0.36500000953674316,0.36500000953674316,0.36500000953674316,0.32120001316070557,0
2020-06-18,0.36000001430511475,0.36000001430511475,0.36000001430511475,0.36000001430511475,0.31679999828338623,0
2020-06-19,0.36000001430511475,0.36000001430511475,0.36000001430511475,0.36000001430511475,0.31679999828338623,0
2020-06-22,0.36000001430511475,0.36000001430511475,0.3499999940395355,0.3499999940395355,0.30799999833106995,108000
2020-06-23,0.3199999928474426,0.36000001430511475,0.3199999928474426,0.33000001311302185,0.2903999984264374,188000
2020-06-24,0.33000001311302185,0.33000001311302185,0.33000001311302185,0.33000001311302185,0.2903999984264374,0
2020-06-26,0.36000001430511475,0.36000001430511475,0.3400000035762787,0.3400000035762787,0.29919999837875366,256000
2020-06-29,0.3449999988079071,0.36000001430511475,0.3449999988079071,0.36000001430511475,0.31679999828338623,380000
2020-06-30,0.3700000047683716,0.3700000047683716,0.3700000047683716,0.3700000047683716,0.3255999982357025,1268000
2020-07-02,0.3700000047683716,0.3700000047683716,0.36000001430511475,0.36000001430511475,0.31679999828338623,60000
2020-07-03,0.36000001430511475,0.36000001430511475,0.36000001430511475,0.36000001430511475,0.31679999828338623,0
2020-07-06,0.3700000047683716,0.3700000047683716,0.3700000047683716,0.36000001430511475,0.31679999828338623,32000
2020-07-07,0.36000001430511475,0.36000001430511475,0.36000001430511475,0.36000001430511475,0.31679999828338623,284000
2020-07-08,0.3700000047683716,0.3700000047683716,0.3700000047683716,0.36500000953674316,0.32120001316070557,32000
2020-07-09,0.33000001311302185,0.36500000953674316,0.33000001311302185,0.3499999940395355,0.30799999833106995,80000
2020-07-10,0.36000001430511475,0.36000001430511475,0.36000001430511475,0.36000001430511475,0.31679999828338623,0
2020-07-13,0.3499999940395355,0.3499999940395355,0.3499999940395355,0.3499999940395355,0.30799999833106995,0
2020-07-14,0.3499999940395355,0.3499999940395355,0.3499999940395355,0.3499999940395355,0.30799999833106995,8000
2020-07-15,0.3499999940395355,0.3499999940395355,0.3499999940395355,0.3499999940395355,0.30799999833106995,0
2020-07-16,0.3400000035762787,0.3499999940395355,0.3400000035762787,0.3499999940395355,0.30799999833106995,24000
2020-07-17,0.33000001311302185,0.33000001311302185,0.33000001311302185,0.33000001311302185,0.2903999984264374,0
2020-07-20,0.33000001311302185,0.33000001311302185,0.33000001311302185,0.33000001311302185,0.2903999984264374,0
2020-07-21,0.33000001311302185,0.3499999940395355,0.3100000023841858,0.3100000023841858,0.2727999985218048,72000
2020-07-22,0.33500000834465027,0.33500000834465027,0.33500000834465027,0.33500000834465027,0.2948000133037567,8000
2020-07-23,0.33500000834465027,0.33500000834465027,0.33500000834465027,0.33500000834465027,0.2948000133037567,0
2020-07-24,0.3799999952316284,0.3799999952316284,0.3799999952316284,0.3799999952316284,0.3343999981880188,4000
2020-07-27,0.375,0.375,0.375,0.375,0.32999998331069946,0
2020-07-28,0.3799999952316284,0.3799999952316284,0.33500000834465027,0.375,0.32999998331069946,48000
2020-07-29,0.3799999952316284,0.41999998688697815,0.3149999976158142,0.36000001430511475,0.31679999828338623,2468000
2020-07-30,0.3700000047683716,0.38999998569488525,0.3199999928474426,0.3499999940395355,0.30799999833106995,1612000
2020-07-31,0.36500000953674316,0.36500000953674316,0.36500000953674316,0.36500000953674316,0.32120001316070557,0
2020-08-03,0.3700000047683716,0.3700000047683716,0.36500000953674316,0.36500000953674316,0.32120001316070557,48000
2020-08-04,0.3700000047683716,0.38999998569488525,0.3400000035762787,0.3449999988079071,0.3035999834537506,352000
2020-08-05,0.3449999988079071,0.38999998569488525,0.33500000834465027,0.3449999988079071,0.3035999834537506,780000
2020-08-06,0.3449999988079071,0.38999998569488525,0.3449999988079071,0.3499999940395355,0.30799999833106995,224000
2020-08-07,0.3449999988079071,0.3449999988079071,0.3449999988079071,0.3449999988079071,0.3035999834537506,0
2020-08-10,0.3449999988079071,0.3449999988079071,0.3449999988079071,0.3449999988079071,0.3035999834537506,0
2020-08-11,0.36500000953674316,0.36500000953674316,0.36500000953674316,0.36500000953674316,0.32120001316070557,0
2020-08-12,0.36500000953674316,0.375,0.36500000953674316,0.375,0.32999998331069946,8000
2020-08-13,0.375,0.375,0.375,0.3700000047683716,0.3255999982357025,36000
2020-08-14,0.36500000953674316,0.36500000953674316,0.36500000953674316,0.36500000953674316,0.32120001316070557,8000
2020-08-17,0.38999998569488525,0.38999998569488525,0.36000001430511475,0.3700000047683716,0.3255999982357025,552000
2020-08-18,0.375,0.375,0.3700000047683716,0.3700000047683716,0.3255999982357025,60000
2020-08-19,0.375,0.3799999952316284,0.3700000047683716,0.3700000047683716,0.3255999982357025,24000
2020-08-20,0.3700000047683716,0.3700000047683716,0.3700000047683716,0.3700000047683716,0.3255999982357025,20000
2020-08-21,0.3700000047683716,0.38499999046325684,0.3700000047683716,0.38499999046325684,0.33879998326301575,3316000
2020-08-24,0.38499999046325684,0.38499999046325684,0.3700000047683716,0.3700000047683716,0.3255999982357025,172000
2020-08-25,0.3700000047683716,0.38499999046325684,0.3700000047683716,0.3700000047683716,0.3255999982357025,164000
2020-08-26,0.3799999952316284,0.3799999952316284,0.3700000047683716,0.3700000047683716,0.3255999982357025,48000
2020-08-27,0.3799999952316284,0.39500001072883606,0.3700000047683716,0.3700000047683716,0.3255999982357025,100000
2020-08-28,0.3799999952316284,0.38999998569488525,0.3799999952316284,0.38499999046325684,0.33879998326301575,52000
2020-08-31,0.3799999952316284,0.3799999952316284,0.3799999952316284,0.3799999952316284,0.3343999981880188,0
2020-09-01,0.3799999952316284,0.3799999952316284,0.3700000047683716,0.3700000047683716,0.3255999982357025,24000
2020-09-02,0.3449999988079071,0.3449999988079071,0.3449999988079071,0.3449999988079071,0.3035999834537506,4000
2020-09-03,0.35499998927116394,0.35499998927116394,0.3400000035762787,0.3400000035762787,0.29919999837875366,12000
2020-09-04,0.3400000035762787,0.3400000035762787,0.3400000035762787,0.3400000035762787,0.29919999837875366,0
2020-09-07,0.3449999988079071,0.3499999940395355,0.33500000834465027,0.3499999940395355,0.30799999833106995,340000
2020-09-08,0.35499998927116394,0.3799999952316284,0.35499998927116394,0.3700000047683716,0.3255999982357025,128000
2020-09-09,0.3700000047683716,0.3700000047683716,0.3700000047683716,0.3700000047683716,0.3255999982357025,0
2020-09-10,0.3700000047683716,0.3700000047683716,0.3700000047683716,0.3700000047683716,0.3255999982357025,0
2020-09-11,0.36500000953674316,0.36500000953674316,0.36500000953674316,0.36500000953674316,0.32120001316070557,16000
2020-09-14,0.35499998927116394,0.35499998927116394,0.3400000035762787,0.3400000035762787,0.29919999837875366,116000
2020-09-15,0.3400000035762787,0.3400000035762787,0.3199999928474426,0.3199999928474426,0.2815999984741211,108000
2020-09-16,0.3400000035762787,0.3499999940395355,0.32499998807907104,0.32499998807907104,0.28599998354911804,788000
2020-09-17,0.3400000035762787,0.3449999988079071,0.3400000035762787,0.3449999988079071,0.3035999834537506,136000
2020-09-18,0.3449999988079071,0.3449999988079071,0.33500000834465027,0.33500000834465027,0.2948000133037567,596000
2020-09-21,0.33500000834465027,0.4449999928474426,0.32499998807907104,0.3449999988079071,0.3035999834537506,28904000
2020-09-22,0.375,0.375,0.3700000047683716,0.375,0.32999998331069946,688000
2020-09-23,0.4050000011920929,0.4050000011920929,0.4050000011920929,0.375,0.32999998331069946,36000
2020-09-24,0.3449999988079071,0.3449999988079071,0.3449999988079071,0.3499999940395355,0.30799999833106995,4000
2020-09-25,0.3449999988079071,0.3449999988079071,0.3449999988079071,0.3449999988079071,0.3035999834537506,500000
2020-09-28,0.3700000047683716,0.38499999046325684,0.3700000047683716,0.3700000047683716,0.3255999982357025,304000
2020-09-29,0.3700000047683716,0.3700000047683716,0.3700000047683716,0.3700000047683716,0.3255999982357025,0
2020-09-30,0.36000001430511475,0.36500000953674316,0.36000001430511475,0.36500000953674316,0.32120001316070557,8000
2020-10-05,0.36500000953674316,0.36500000953674316,0.36500000953674316,0.36500000953674316,0.32120001316070557,0
2020-10-06,0.3700000047683716,0.3700000047683716,0.3700000047683716,0.3700000047683716,0.3255999982357025,0
2020-10-07,0.3700000047683716,0.3700000047683716,0.3700000047683716,0.3700000047683716,0.3255999982357025,0
2020-10-08,0.3700000047683716,0.3700000047683716,0.3700000047683716,0.3700000047683716,0.3255999982357025,0
2020-10-09,0.3700000047683716,0.3700000047683716,0.3700000047683716,0.3700000047683716,0.3255999982357025,0
2020-10-12,0.3700000047683716,0.3700000047683716,0.3700000047683716,0.3700000047683716,0.3255999982357025,160000
2020-10-14,0.375,0.38499999046325684,0.35499998927116394,0.35499998927116394,0.3123999834060669,184000
2020-10-15,0.38499999046325684,0.38999998569488525,0.36000001430511475,0.36500000953674316,0.32120001316070557,296000
2020-10-16,0.375,0.375,0.375,0.375,0.32999998331069946,0
2020-10-19,0.4000000059604645,0.41499999165534973,0.36500000953674316,0.4099999964237213,0.36079999804496765,624000
2020-10-20,0.4099999964237213,0.4099999964237213,0.39500001072883606,0.4000000059604645,0.35199999809265137,436000
2020-10-21,0.4000000059604645,0.4000000059604645,0.4000000059604645,0.4000000059604645,0.35199999809265137,84000
2020-10-22,0.4000000059604645,0.4000000059604645,0.4000000059604645,0.4000000059604645,0.35199999809265137,0
2020-10-23,0.4000000059604645,0.4000000059604645,0.4000000059604645,0.4000000059604645,0.35199999809265137,24000
2020-10-27,0.4000000059604645,0.4000000059604645,0.4000000059604645,0.4000000059604645,0.35199999809265137,232000
2020-10-28,0.4000000059604645,0.4000000059604645,0.4000000059604645,0.4000000059604645,0.35199999809265137,0
2020-10-29,0.375,0.375,0.375,0.375,0.32999998331069946,0
2020-10-30,0.375,0.38999998569488525,0.375,0.38999998569488525,0.3431999981403351,132000
2020-11-02,0.38999998569488525,0.38999998569488525,0.38999998569488525,0.38999998569488525,0.3431999981403351,8000
2020-11-03,0.36500000953674316,0.36500000953674316,0.36500000953674316,0.36500000953674316,0.32120001316070557,0
2020-11-04,0.36500000953674316,0.36500000953674316,0.36500000953674316,0.36500000953674316,0.32120001316070557,4000
2020-11-05,0.3449999988079071,0.3449999988079071,0.3449999988079071,0.3449999988079071,0.3035999834537506,4000
2020-11-06,0.3449999988079071,0.3449999988079071,0.3449999988079071,0.3499999940395355,0.30799999833106995,400000
2020-11-09,0.375,0.375,0.375,0.375,0.32999998331069946,0
2020-11-10,0.375,0.375,0.375,0.375,0.32999998331069946,0
2020-11-11,0.39500001072883606,0.39500001072883606,0.3799999952316284,0.38999998569488525,0.3431999981403351,64000
2020-11-12,0.4000000059604645,0.4000000059604645,0.4000000059604645,0.4000000059604645,0.35199999809265137,20000
2020-11-13,0.4000000059604645,0.4000000059604645,0.39500001072883606,0.4000000059604645,0.35199999809265137,200000
2020-11-16,0.39500001072883606,0.39500001072883606,0.39500001072883606,0.39500001072883606,0.3476000130176544,0
2020-11-17,0.39500001072883606,0.4000000059604645,0.39500001072883606,0.4000000059604645,0.35199999809265137,72000
2020-11-18,0.4000000059604645,0.4000000059604645,0.38999998569488525,0.4000000059604645,0.35199999809265137,108000
2020-11-19,0.375,0.375,0.375,0.375,0.32999998331069946,8000
2020-11-20,0.375,0.375,0.375,0.375,0.32999998331069946,0
2020-11-23,0.375,0.375,0.375,0.375,0.32999998331069946,0
2020-11-24,0.375,0.375,0.375,0.375,0.32999998331069946,0
2020-11-25,0.39500001072883606,0.39500001072883606,0.39500001072883606,0.39500001072883606,0.3476000130176544,12000
2020-11-26,0.4000000059604645,0.4000000059604645,0.39500001072883606,0.39500001072883606,0.3476000130176544,20000
2020-11-27,0.39500001072883606,0.4000000059604645,0.36000001430511475,0.36000001430511475,0.31679999828338623,156000
2020-11-30,0.38499999046325684,0.38499999046325684,0.36000001430511475,0.36000001430511475,0.31679999828338623,188000
2020-12-01,0.36000001430511475,0.36000001430511475,0.3449999988079071,0.3499999940395355,0.30799999833106995,24000
2020-12-02,0.36000001430511475,0.38999998569488525,0.36000001430511475,0.38999998569488525,0.3431999981403351,92000
2020-12-03,0.4000000059604645,0.41999998688697815,0.4000000059604645,0.41499999165534973,0.3651999831199646,356000
2020-12-04,0.41499999165534973,0.41499999165534973,0.41499999165534973,0.41499999165534973,0.3651999831199646,0
2020-12-07,0.375,0.375,0.375,0.375,0.32999998331069946,0
2020-12-08,0.4000000059604645,0.4000000059604645,0.4000000059604645,0.4000000059604645,0.35199999809265137,8000
2020-12-09,0.4000000059604645,0.4000000059604645,0.4000000059604645,0.4000000059604645,0.35199999809265137,0
2020-12-10,0.4000000059604645,0.4000000059604645,0.4000000059604645,0.4000000059604645,0.35199999809265137,0
2020-12-11,0.4000000059604645,0.4000000059604645,0.4000000059604645,0.4000000059604645,0.35199999809265137,0
2020-12-14,0.39500001072883606,0.39500001072883606,0.39500001072883606,0.39500001072883606,0.3476000130176544,0
2020-12-15,0.38999998569488525,0.38999998569488525,0.38999998569488525,0.38999998569488525,0.3431999981403351,0
2020-12-16,0.38999998569488525,0.38999998569488525,0.38499999046325684,0.38999998569488525,0.3431999981403351,32000
2020-12-17,0.38999998569488525,0.41999998688697815,0.38999998569488525,0.41999998688697815,0.36959999799728394,156000
2020-12-18,0.41499999165534973,0.41499999165534973,0.41499999165534973,0.41499999165534973,0.3651999831199646,60000
2020-12-21,0.39500001072883606,0.39500001072883606,0.3499999940395355,0.3700000047683716,0.3255999982357025,252000
2020-12-22,0.3799999952316284,0.38499999046325684,0.3799999952316284,0.38499999046325684,0.33879998326301575,292000
2020-12-23,0.38499999046325684,0.38499999046325684,0.38499999046325684,0.38499999046325684,0.33879998326301575,0
2020-12-24,0.4000000059604645,0.4000000059604645,0.4000000059604645,0.4000000059604645,0.35199999809265137,0
2020-12-28,0.39500001072883606,0.4000000059604645,0.39500001072883606,0.4000000059604645,0.35199999809265137,580000
2020-12-29,0.4000000059604645,0.4000000059604645,0.4000000059604645,0.4000000059604645,0.35199999809265137,0
2020-12-30,0.4000000059604645,0.4000000059604645,0.4000000059604645,0.4000000059604645,0.35199999809265137,112000
2020-12-31,0.39500001072883606,0.39500001072883606,0.39500001072883606,0.39500001072883606,0.3476000130176544,0
2021-01-04,0.375,0.375,0.375,0.375,0.32999998331069946,80000
2021-01-05,0.3700000047683716,0.3700000047683716,0.3700000047683716,0.3700000047683716,0.3255999982357025,4000
2021-01-06,0.3700000047683716,0.3799999952316284,0.3700000047683716,0.3799999952316284,0.3343999981880188,152000
2021-01-07,0.375,0.3799999952316284,0.3700000047683716,0.3700000047683716,0.3255999982357025,136000
2021-01-08,0.36500000953674316,0.36500000953674316,0.36500000953674316,0.36500000953674316,0.32120001316070557,28000
2021-01-11,0.36000001430511475,0.36000001430511475,0.36000001430511475,0.36000001430511475,0.31679999828338623,0
2021-01-12,0.38499999046325684,0.38499999046325684,0.38499999046325684,0.38499999046325684,0.33879998326301575,12000
2021-01-13,0.375,0.375,0.375,0.375,0.32999998331069946,8000
2021-01-14,0.3700000047683716,0.38499999046325684,0.3700000047683716,0.38499999046325684,0.33879998326301575,132000
2021-01-15,0.39500001072883606,0.39500001072883606,0.375,0.375,0.32999998331069946,44000
2021-01-18,0.375,0.375,0.375,0.375,0.32999998331069946,0
2021-01-19,0.38999998569488525,0.38999998569488525,0.3499999940395355,0.375,0.32999998331069946,100000
2021-01-20,0.3799999952316284,0.4000000059604645,0.3799999952316284,0.38499999046325684,0.33879998326301575,160000
2021-01-21,0.38999998569488525,0.38999998569488525,0.38999998569488525,0.38999998569488525,0.3431999981403351,0
2021-01-22,0.4000000059604645,0.41999998688697815,0.4000000059604645,0.4000000059604645,0.35199999809265137,132000
2021-01-25,0.4000000059604645,0.4000000059604645,0.39500001072883606,0.39500001072883606,0.3476000130176544,120000
2021-01-26,0.39500001072883606,0.39500001072883606,0.39500001072883606,0.39500001072883606,0.3476000130176544,0
2021-01-27,0.38499999046325684,0.38499999046325684,0.3799999952316284,0.38499999046325684,0.33879998326301575,56000
2021-01-28,0.38499999046325684,0.38499999046325684,0.38499999046325684,0.38499999046325684,0.33879998326301575,0
2021-01-29,0.38999998569488525,0.39500001072883606,0.39500001072883606,0.39500001072883606,0.3476000130176544,184000
2021-02-01,0.3799999952316284,0.3799999952316284,0.35499998927116394,0.375,0.32999998331069946,120000
2021-02-02,0.375,0.375,0.375,0.375,0.32999998331069946,2732000
2021-02-03,0.3799999952316284,0.41499999165534973,0.3799999952316284,0.4099999964237213,0.36079999804496765,5336000
2021-02-04,0.38499999046325684,0.38499999046325684,0.3799999952316284,0.3799999952316284,0.3343999981880188,44000
2021-02-05,0.3799999952316284,0.3799999952316284,0.375,0.375,0.32999998331069946,24000
2021-02-08,0.375,0.39500001072883606,0.375,0.3799999952316284,0.3343999981880188,4680000
2021-02-09,0.3799999952316284,0.41999998688697815,0.3799999952316284,0.38499999046325684,0.33879998326301575,5328000
2021-02-10,0.39500001072883606,0.42500001192092896,0.38999998569488525,0.4050000011920929,0.3564000129699707,168000
2021-02-11,0.42500001192092896,0.42500001192092896,0.42500001192092896,0.42500001192092896,0.37400001287460327,0
2021-02-16,0.4000000059604645,0.42500001192092896,0.4000000059604645,0.42500001192092896,0.37400001287460327,144000
2021-02-17,0.42500001192092896,0.4449999928474426,0.4099999964237213,0.41499999165534973,0.3651999831199646,1012000
2021-02-18,0.41999998688697815,0.4350000023841858,0.4000000059604645,0.4000000059604645,0.35199999809265137,344000
2021-02-19,0.4050000011920929,0.4050000011920929,0.4050000011920929,0.4050000011920929,0.3564000129699707,0
2021-02-22,0.41999998688697815,0.44999998807907104,0.4050000011920929,0.4099999964237213,0.36079999804496765,1016000
2021-02-23,0.4050000011920929,0.41999998688697815,0.4000000059604645,0.4000000059604645,0.35199999809265137,48000
2021-02-24,0.41499999165534973,0.41999998688697815,0.41499999165534973,0.41499999165534973,0.3651999831199646,56000
2021-02-25,0.41499999165534973,0.41499999165534973,0.41499999165534973,0.41499999165534973,0.3651999831199646,0
2021-02-26,0.4050000011920929,0.41499999165534973,0.4000000059604645,0.4050000011920929,0.3564000129699707,112000
2021-03-01,0.4000000059604645,0.4099999964237213,0.4000000059604645,0.4050000011920929,0.3564000129699707,512000
2021-03-02,0.41499999165534973,0.41499999165534973,0.41499999165534973,0.41499999165534973,0.3651999831199646,0
2021-03-03,0.41499999165534973,0.41499999165534973,0.41499999165534973,0.41499999165534973,0.3651999831199646,0
2021-03-04,0.41999998688697815,0.4449999928474426,0.41499999165534973,0.41999998688697815,0.36959999799728394,36000
2021-03-05,0.42500001192092896,0.42500001192092896,0.42500001192092896,0.42500001192092896,0.37400001287460327,0
2021-03-08,0.4449999928474426,0.44999998807907104,0.4099999964237213,0.4099999964237213,0.36079999804496765,564000
2021-03-09,0.4099999964237213,0.41999998688697815,0.4099999964237213,0.41499999165534973,0.3651999831199646,344000
2021-03-10,0.41499999165534973,0.41499999165534973,0.41499999165534973,0.41499999165534973,0.3651999831199646,652000
2021-03-11,0.41499999165534973,0.4300000071525574,0.41499999165534973,0.4300000071525574,0.3783999979496002,32000
2021-03-12,0.4399999976158142,0.4650000035762787,0.41999998688697815,0.41999998688697815,0.36959999799728394,680000
2021-03-15,0.42500001192092896,0.4399999976158142,0.41999998688697815,0.4399999976158142,0.3871999979019165,136000
2021-03-16,0.4449999928474426,0.44999998807907104,0.41999998688697815,0.42500001192092896,0.37400001287460327,268000
2021-03-17,0.42500001192092896,0.4399999976158142,0.42500001192092896,0.4399999976158142,0.3871999979019165,40000
2021-03-18,0.42500001192092896,0.4399999976158142,0.42500001192092896,0.4300000071525574,0.3783999979496002,7716000
2021-03-19,0.44999998807907104,0.4699999988079071,0.4350000023841858,0.4350000023841858,0.38280001282691956,144000
2021-03-22,0.4449999928474426,0.46000000834465027,0.4350000023841858,0.4449999928474426,0.39159998297691345,12000
2021-03-23,0.46000000834465027,0.46000000834465027,0.4300000071525574,0.4399999976158142,0.3871999979019165,3444000
2021-03-24,0.4399999976158142,0.44999998807907104,0.4399999976158142,0.44999998807907104,0.3959999978542328,752000
2021-03-25,0.46000000834465027,0.5099999904632568,0.44999998807907104,0.5,0.4399999976158142,6972000
2021-03-26,0.5,0.6200000047683716,0.4950000047683716,0.5899999737739563,0.5191999673843384,15916000
2021-03-29,0.5799999833106995,0.6399999856948853,0.550000011920929,0.5699999928474426,0.5015999674797058,11104000
2021-03-30,0.5699999928474426,0.5899999737739563,0.5299999713897705,0.5699999928474426,0.5015999674797058,1136000
2021-03-31,0.5699999928474426,0.6299999952316284,0.5699999928474426,0.6299999952316284,0.5543999671936035,4100000
2021-04-01,0.6299999952316284,0.6299999952316284,0.550000011920929,0.5699999928474426,0.5015999674797058,1320000
2021-04-07,0.6000000238418579,0.6499999761581421,0.5899999737739563,0.6200000047683716,0.5455999970436096,1360000
2021-04-08,0.6100000143051147,0.6399999856948853,0.6200000047683716,0.6299999952316284,0.5543999671936035,3056000
2021-04-09,0.6200000047683716,0.6399999856948853,0.6100000143051147,0.6399999856948853,0.5631999969482422,5900000
2021-04-12,0.6100000143051147,0.6299999952316284,0.6000000238418579,0.6100000143051147,0.5368000268936157,120000
2021-04-13,0.6000000238418579,0.6299999952316284,0.6000000238418579,0.6299999952316284,0.5543999671936035,420000
2021-04-14,0.6299999952316284,0.6499999761581421,0.6100000143051147,0.6100000143051147,0.5368000268936157,1068000
2021-04-15,0.6200000047683716,0.6299999952316284,0.6200000047683716,0.6200000047683716,0.5455999970436096,108000
2021-04-16,0.6200000047683716,0.6399999856948853,0.6200000047683716,0.6299999952316284,0.5543999671936035,5400000
2021-04-19,0.6399999856948853,0.7599999904632568,0.6399999856948853,0.75,0.6599999666213989,13332000
2021-04-20,0.7300000190734863,0.8700000047683716,0.7200000286102295,0.8500000238418579,0.7480000257492065,17504000
2021-04-21,0.8700000047683716,0.9100000262260437,0.6700000166893005,0.8799999952316284,0.774399995803833,7892000
2021-04-22,0.8399999737739563,0.9900000095367432,0.8399999737739563,0.8999999761581421,0.7919999957084656,3172000
2021-04-23,0.9300000071525574,0.9300000071525574,0.8799999952316284,0.9200000166893005,0.8095999956130981,1652000
2021-04-26,0.9300000071525574,1.1399999856948853,0.9300000071525574,1.100000023841858,0.9679999947547913,3940000
2021-04-27,1.1200000047683716,1.1200000047683716,0.949999988079071,1.0299999713897705,0.9063999652862549,3940000
2021-04-28,1.0299999713897705,1.0299999713897705,0.75,0.7799999713897705,0.6863999962806702,10660000
2021-04-29,0.7300000190734863,0.7300000190734863,0.6499999761581421,0.6800000071525574,0.5983999967575073,3584000
2021-04-30,0.7099999785423279,0.8299999833106995,0.7099999785423279,0.800000011920929,0.7039999961853027,2924000
2021-05-03,0.800000011920929,0.8500000238418579,0.7699999809265137,0.8199999928474426,0.7215999960899353,3216000
2021-05-04,0.8399999737739563,0.9800000190734863,0.8299999833106995,0.9800000190734863,0.8623999953269958,7852000
2021-05-05,0.9900000095367432,1.149999976158142,0.9100000262260437,0.9399999976158142,0.8271999955177307,5516000
2021-05-06,0.9399999976158142,0.9599999785423279,0.8700000047683716,0.8999999761581421,0.7919999957084656,1676000
2021-05-07,0.9200000166893005,0.9200000166893005,0.8500000238418579,0.8700000047683716,0.7656000256538391,2228000
2021-05-10,0.8899999856948853,0.8899999856948853,0.8399999737739563,0.8399999737739563,0.7391999959945679,1544000
2021-05-11,0.8399999737739563,0.8500000238418579,0.8199999928474426,0.8299999833106995,0.7303999662399292,392000
2021-05-12,0.8399999737739563,0.8799999952316284,0.8399999737739563,0.8600000143051147,0.7567999958992004,7232000
2021-05-13,0.8600000143051147,0.8700000047683716,0.8399999737739563,0.8500000238418579,0.7480000257492065,2616000
2021-05-14,0.8600000143051147,0.8799999952316284,0.8600000143051147,0.8799999952316284,0.774399995803833,6728000
2021-05-17,0.8700000047683716,0.8899999856948853,0.8500000238418579,0.8799999952316284,0.774399995803833,660000
2021-05-18,0.8299999833106995,0.8700000047683716,0.8199999928474426,0.8500000238418579,0.7480000257492065,1596000
2021-05-20,0.8500000238418579,0.8700000047683716,0.7799999713897705,0.8399999737739563,0.7391999959945679,1260000
2021-05-21,0.8399999737739563,0.8600000143051147,0.8399999737739563,0.8500000238418579,0.7480000257492065,184000
2021-05-24,0.8500000238418579,0.8500000238418579,0.8399999737739563,0.8500000238418579,0.7480000257492065,5500000
2021-05-25,0.8199999928474426,0.8500000238418579,0.7799999713897705,0.8100000023841858,0.7128000259399414,1704000
2021-05-26,0.8100000023841858,0.8199999928474426,0.8100000023841858,0.8100000023841858,0.7128000259399414,228000
2021-05-27,0.8100000023841858,0.8299999833106995,0.7599999904632568,0.7799999713897705,0.6863999962806702,252000
2021-05-28,0.7799999713897705,0.800000011920929,0.7300000190734863,0.7599999904632568,0.6687999963760376,2844000
2021-05-31,0.7699999809265137,0.7799999713897705,0.7099999785423279,0.7300000190734863,0.6424000263214111,3084000
2021-06-01,0.7300000190734863,0.7400000095367432,0.7200000286102295,0.7300000190734863,0.6424000263214111,1792000
2021-06-02,0.7200000286102295,0.7300000190734863,0.6800000071525574,0.6899999976158142,0.6071999669075012,1608000
2021-06-03,0.6800000071525574,0.699999988079071,0.6800000071525574,0.699999988079071,0.6159999966621399,192000
2021-06-04,0.6899999976158142,0.6899999976158142,0.6700000166893005,0.6800000071525574,0.5983999967575073,3588000
2021-06-07,0.6700000166893005,0.699999988079071,0.6600000262260437,0.6800000071525574,0.5983999967575073,3156000
2021-06-08,0.6800000071525574,0.6899999976158142,0.6700000166893005,0.6899999976158142,0.6071999669075012,3012000
2021-06-09,0.6899999976158142,0.699999988079071,0.6899999976158142,0.699999988079071,0.6159999966621399,352000
2021-06-10,0.6899999976158142,0.699999988079071,0.6700000166893005,0.6800000071525574,0.5983999967575073,2396000
2021-06-11,0.6800000071525574,0.6800000071525574,0.6800000071525574,0.6800000071525574,0.5983999967575073,0
2021-06-15,0.6800000071525574,0.7200000286102295,0.6800000071525574,0.699999988079071,0.6159999966621399,360000
2021-06-16,0.6700000166893005,0.6899999976158142,0.6700000166893005,0.6899999976158142,0.6071999669075012,2768000
2021-06-17,0.6800000071525574,0.6800000071525574,0.6600000262260437,0.6600000262260437,0.5807999968528748,3008000
2021-06-18,0.6600000262260437,0.6600000262260437,0.6399999856948853,0.6499999761581421,0.5719999670982361,4856000
2021-06-21,0.6299999952316284,0.6499999761581421,0.6299999952316284,0.6499999761581421,0.5719999670982361,7728000
2021-06-22,0.6299999952316284,0.6499999761581421,0.6200000047683716,0.6299999952316284,0.5543999671936035,2632000
2021-06-23,0.6299999952316284,0.6299999952316284,0.5899999737739563,0.6000000238418579,0.527999997138977,7812000
2021-06-24,0.6000000238418579,0.6200000047683716,0.5899999737739563,0.6000000238418579,0.527999997138977,12556000
2021-06-25,0.6100000143051147,0.6299999952316284,0.5899999737739563,0.5899999737739563,0.5191999673843384,15336000
2021-06-28,0.6000000238418579,0.6299999952316284,0.6000000238418579,0.6000000238418579,0.527999997138977,11936000
2021-06-29,0.6200000047683716,0.800000011920929,0.6200000047683716,0.699999988079071,0.6159999966621399,8212000
2021-06-30,0.699999988079071,0.699999988079071,0.6299999952316284,0.699999988079071,0.6159999966621399,6164000
2021-07-02,0.6800000071525574,0.699999988079071,0.6800000071525574,0.699999988079071,0.6159999966621399,580000
2021-07-05,0.699999988079071,0.699999988079071,0.699999988079071,0.699999988079071,0.6159999966621399,0
2021-07-06,0.7799999713897705,0.7300000190734863,0.6600000262260437,0.6899999976158142,0.6071999669075012,200000
2021-07-07,0.6700000166893005,0.7099999785423279,0.6600000262260437,0.6899999976158142,0.6071999669075012,344000
2021-07-08,0.6800000071525574,0.699999988079071,0.6600000262260437,0.6899999976158142,0.6071999669075012,1204000
2021-07-09,0.6700000166893005,0.6899999976158142,0.6700000166893005,0.6800000071525574,0.5983999967575073,1012000
2021-07-12,0.6800000071525574,0.6800000071525574,0.6399999856948853,0.6700000166893005,0.5896000266075134,956000
2021-07-13,0.6299999952316284,0.699999988079071,0.6299999952316284,0.6600000262260437,0.5807999968528748,2316000
2021-07-14,0.6499999761581421,0.6800000071525574,0.6499999761581421,0.6800000071525574,0.5983999967575073,664000
2021-07-15,0.6399999856948853,0.6700000166893005,0.6299999952316284,0.6700000166893005,0.5896000266075134,3312000
2021-07-16,0.6600000262260437,0.6600000262260437,0.5699999928474426,0.5899999737739563,0.5191999673843384,6860000
2021-07-19,0.5699999928474426,0.6299999952316284,0.5699999928474426,0.5899999737739563,0.5191999673843384,4080000
2021-07-20,0.5899999737739563,0.6200000047683716,0.5600000023841858,0.5899999737739563,0.5191999673843384,5520000
2021-07-21,0.6000000238418579,0.6000000238418579,0.5699999928474426,0.5699999928474426,0.5015999674797058,288000
2021-07-22,0.5899999737739563,0.6000000238418579,0.5799999833106995,0.5799999833106995,0.5103999972343445,6456000
2021-07-23,0.5899999737739563,0.6000000238418579,0.5899999737739563,0.6000000238418579,0.527999997138977,408000
2021-07-26,0.6000000238418579,0.6100000143051147,0.5899999737739563,0.5899999737739563,0.5191999673843384,656000
2021-07-27,0.5899999737739563,0.6299999952316284,0.5899999737739563,0.6000000238418579,0.527999997138977,1380000
2021-07-28,0.5899999737739563,0.6000000238418579,0.550000011920929,0.5899999737739563,0.5191999673843384,960000
2021-07-29,0.5600000023841858,0.6000000238418579,0.5600000023841858,0.5799999833106995,0.5103999972343445,200000
2021-07-30,0.6000000238418579,0.6200000047683716,0.5899999737739563,0.6000000238418579,0.527999997138977,724000
2021-08-02,0.5699999928474426,0.6100000143051147,0.5699999928474426,0.5899999737739563,0.5191999673843384,688000
2021-08-03,0.5899999737739563,0.6200000047683716,0.5899999737739563,0.5899999737739563,0.5191999673843384,88000
2021-08-04,0.6000000238418579,0.6200000047683716,0.5899999737739563,0.6200000047683716,0.5455999970436096,4800000
2021-08-05,0.5899999737739563,0.6299999952316284,0.5799999833106995,0.6200000047683716,0.5455999970436096,1824000
2021-08-06,0.6200000047683716,0.6399999856948853,0.6200000047683716,0.6399999856948853,0.5631999969482422,676000
2021-08-09,0.6299999952316284,0.6499999761581421,0.6100000143051147,0.6399999856948853,0.5631999969482422,3968000
2021-08-10,0.6399999856948853,0.6499999761581421,0.6200000047683716,0.6200000047683716,0.5455999970436096,3024000
2021-08-11,0.6399999856948853,0.6399999856948853,0.6200000047683716,0.6200000047683716,0.5455999970436096,1980000
2021-08-12,0.6299999952316284,0.6299999952316284,0.6200000047683716,0.6299999952316284,0.5543999671936035,1548000
2021-08-13,0.6299999952316284,0.6399999856948853,0.6200000047683716,0.6299999952316284,0.5543999671936035,2072000
2021-08-16,0.6399999856948853,0.6899999976158142,0.6399999856948853,0.6399999856948853,0.5631999969482422,828000
2021-08-17,0.6499999761581421,0.6800000071525574,0.6499999761581421,0.6800000071525574,0.5983999967575073,100000
2021-08-18,0.6899999976158142,0.8100000023841858,0.6200000047683716,0.6600000262260437,0.5807999968528748,1920000
2021-08-19,0.6600000262260437,0.6899999976158142,0.6600000262260437,0.6800000071525574,0.5983999967575073,504000
2021-08-20,0.6399999856948853,0.6800000071525574,0.6399999856948853,0.6399999856948853,0.5631999969482422,1276000
2021-08-23,0.6299999952316284,0.6800000071525574,0.6299999952316284,0.6700000166893005,0.5896000266075134,924000
2021-08-24,0.6399999856948853,0.6399999856948853,0.6299999952316284,0.6399999856948853,0.5631999969482422,2300000
2021-08-25,0.6299999952316284,0.6399999856948853,0.6000000238418579,0.6000000238418579,0.527999997138977,7540000
2021-08-26,0.6200000047683716,0.6299999952316284,0.5099999904632568,0.5099999904632568,0.4487999975681305,5524000
2021-08-27,0.5400000214576721,0.6000000238418579,0.5400000214576721,0.5400000214576721,0.47520002722740173,1756000
2021-08-30,0.550000011920929,0.5699999928474426,0.5299999713897705,0.5299999713897705,0.4663999676704407,1708000
2021-08-31,0.5299999713897705,0.5600000023841858,0.5199999809265137,0.5199999809265137,0.4575999677181244,684000
2021-09-01,0.5199999809265137,0.550000011920929,0.5199999809265137,0.5299999713897705,0.4663999676704407,1196000
2021-09-02,0.5400000214576721,0.550000011920929,0.5099999904632568,0.5199999809265137,0.4575999677181244,1600000
2021-09-03,0.5099999904632568,0.550000011920929,0.5099999904632568,0.5199999809265137,0.4575999677181244,108000
2021-09-06,0.5,0.550000011920929,0.5,0.550000011920929,0.48399999737739563,132000
2021-09-07,0.550000011920929,0.5699999928474426,0.5099999904632568,0.5699999928474426,0.5015999674797058,4948000
2021-09-08,0.5699999928474426,0.5799999833106995,0.5699999928474426,0.5699999928474426,0.5015999674797058,344000
2021-09-09,0.5699999928474426,0.5799999833106995,0.550000011920929,0.5799999833106995,0.5103999972343445,1044000
2021-09-10,0.5799999833106995,0.5799999833106995,0.550000011920929,0.5799999833106995,0.5103999972343445,68000
2021-09-13,0.5799999833106995,0.5799999833106995,0.550000011920929,0.550000011920929,0.48399999737739563,924000
2021-09-14,0.5699999928474426,0.5799999833106995,0.5600000023841858,0.5799999833106995,0.5103999972343445,756000
2021-09-15,0.5600000023841858,0.5799999833106995,0.550000011920929,0.5699999928474426,0.5015999674797058,880000
2021-09-16,0.5899999737739563,0.5899999737739563,0.5699999928474426,0.5799999833106995,0.5103999972343445,1200000
2021-09-17,0.5899999737739563,0.5899999737739563,0.5699999928474426,0.5699999928474426,0.5015999674797058,1356000
2021-09-20,0.5600000023841858,0.5600000023841858,0.550000011920929,0.550000011920929,0.48399999737739563,248000
2021-09-21,0.5600000023841858,0.6100000143051147,0.5600000023841858,0.6000000238418579,0.527999997138977,136000
2021-09-23,0.6000000238418579,0.7099999785423279,0.6000000238418579,0.7099999785423279,0.6247999668121338,1812000
2021-09-24,0.7099999785423279,0.7099999785423279,0.6499999761581421,0.6499999761581421,0.5719999670982361,2728000
2021-09-27,0.6499999761581421,0.6499999761581421,0.5899999737739563,0.5899999737739563,0.5191999673843384,3456000
2021-09-28,0.5899999737739563,0.6000000238418579,0.550000011920929,0.550000011920929,0.48399999737739563,912000
2021-09-29,0.5099999904632568,0.5699999928474426,0.5099999904632568,0.5600000023841858,0.4927999973297119,2532000
2021-09-30,0.5299999713897705,0.550000011920929,0.5099999904632568,0.5099999904632568,0.4487999975681305,1124000
2021-10-04,0.5,0.6000000238418579,0.5,0.5299999713897705,0.4663999676704407,1840000
2021-10-05,0.5199999809265137,0.5400000214576721,0.5199999809265137,0.5199999809265137,0.4575999677181244,212000
2021-10-06,0.5199999809265137,0.5199999809265137,0.5,0.5,0.4399999976158142,1336000
2021-10-07,0.5099999904632568,0.5400000214576721,0.47999998927116394,0.4950000047683716,0.43560001254081726,2920000
2021-10-08,0.5,0.5199999809265137,0.5,0.5199999809265137,0.4575999677181244,64000
2021-10-11,0.5199999809265137,0.5299999713897705,0.5099999904632568,0.5299999713897705,0.4663999676704407,520972
2021-10-12,0.5299999713897705,0.5299999713897705,0.5199999809265137,0.5199999809265137,0.4575999677181244,24000
2021-10-15,0.5099999904632568,0.5199999809265137,0.5099999904632568,0.5199999809265137,0.4575999677181244,112000
2021-10-18,0.5199999809265137,0.5400000214576721,0.5199999809265137,0.5400000214576721,0.47520002722740173,488000
2021-10-19,0.5400000214576721,0.5400000214576721,0.5199999809265137,0.5400000214576721,0.47520002722740173,384000
2021-10-20,0.5400000214576721,0.5400000214576721,0.5400000214576721,0.5400000214576721,0.47520002722740173,80000
2021-10-21,0.550000011920929,0.550000011920929,0.550000011920929,0.550000011920929,0.48399999737739563,128000
2021-10-22,0.550000011920929,0.6100000143051147,0.5199999809265137,0.550000011920929,0.48399999737739563,1372000
2021-10-25,0.550000011920929,0.550000011920929,0.550000011920929,0.550000011920929,0.48399999737739563,12000
2021-10-26,0.550000011920929,0.550000011920929,0.5400000214576721,0.550000011920929,0.48399999737739563,440000
2021-10-27,0.550000011920929,0.5699999928474426,0.5600000023841858,0.5600000023841858,0.4927999973297119,460000
2021-10-28,0.5600000023841858,0.5600000023841858,0.550000011920929,0.550000011920929,0.48399999737739563,184000
2021-10-29,0.5600000023841858,0.5600000023841858,0.550000011920929,0.550000011920929,0.48399999737739563,224000
2021-11-01,0.550000011920929,0.5699999928474426,0.5600000023841858,0.5699999928474426,0.5015999674797058,1504000
2021-11-02,0.5699999928474426,0.5799999833106995,0.550000011920929,0.5799999833106995,0.5103999972343445,252000
2021-11-03,0.5600000023841858,0.5600000023841858,0.5600000023841858,0.5600000023841858,0.4927999973297119,308000
2021-11-04,0.550000011920929,0.5799999833106995,0.550000011920929,0.5600000023841858,0.4927999973297119,304000
2021-11-05,0.5600000023841858,0.5600000023841858,0.5600000023841858,0.5600000023841858,0.4927999973297119,0
2021-11-08,0.5600000023841858,0.5600000023841858,0.550000011920929,0.550000011920929,0.48399999737739563,144000
2021-11-09,0.550000011920929,0.550000011920929,0.5099999904632568,0.5299999713897705,0.4663999676704407,28000
2021-11-10,0.5400000214576721,0.5400000214576721,0.5400000214576721,0.5400000214576721,0.47520002722740173,344000
2021-11-11,0.5400000214576721,0.5699999928474426,0.5299999713897705,0.550000011920929,0.48399999737739563,176000
2021-11-12,0.550000011920929,0.550000011920929,0.550000011920929,0.550000011920929,0.48399999737739563,0
2021-11-15,0.5600000023841858,0.5799999833106995,0.5600000023841858,0.5600000023841858,0.4927999973297119,392000
2021-11-16,0.5600000023841858,0.5600000023841858,0.550000011920929,0.550000011920929,0.48399999737739563,100000
2021-11-17,0.550000011920929,0.5799999833106995,0.5099999904632568,0.5699999928474426,0.5015999674797058,348000
2021-11-18,0.550000011920929,0.550000011920929,0.550000011920929,0.550000011920929,0.48399999737739563,0
2021-11-19,0.5299999713897705,0.5299999713897705,0.5299999713897705,0.5299999713897705,0.4663999676704407,0
2021-11-22,0.5299999713897705,0.5299999713897705,0.5299999713897705,0.5299999713897705,0.4663999676704407,140000
2021-11-23,0.5400000214576721,0.550000011920929,0.5400000214576721,0.550000011920929,0.48399999737739563,380000
2021-11-24,0.550000011920929,0.550000011920929,0.550000011920929,0.550000011920929,0.48399999737739563,532000
2021-11-25,0.5400000214576721,0.5400000214576721,0.5299999713897705,0.5299999713897705,0.4663999676704407,432000
2021-11-26,0.5299999713897705,0.5299999713897705,0.5299999713897705,0.5299999713897705,0.4663999676704407,0
2021-11-29,0.5600000023841858,0.6399999856948853,0.5,0.5199999809265137,0.4575999677181244,1116000
2021-11-30,0.550000011920929,0.5699999928474426,0.5699999928474426,0.5699999928474426,0.5015999674797058,8000
2021-12-01,0.5899999737739563,0.5899999737739563,0.550000011920929,0.550000011920929,0.48399999737739563,420000
2021-12-02,0.5600000023841858,0.5600000023841858,0.550000011920929,0.550000011920929,0.48399999737739563,1292000
2021-12-03,0.5299999713897705,0.5299999713897705,0.5199999809265137,0.5299999713897705,0.4663999676704407,496000
2021-12-06,0.5299999713897705,0.5400000214576721,0.5199999809265137,0.5199999809265137,0.4575999677181244,236000
2021-12-07,0.550000011920929,0.5600000023841858,0.5199999809265137,0.5199999809265137,0.4575999677181244,12000
2021-12-08,0.5199999809265137,0.5600000023841858,0.5199999809265137,0.5199999809265137,0.4575999677181244,12000
2021-12-09,0.5400000214576721,0.5400000214576721,0.5400000214576721,0.5400000214576721,0.47520002722740173,0
2021-12-10,0.5400000214576721,0.5400000214576721,0.5400000214576721,0.5400000214576721,0.47520002722740173,0
2021-12-13,0.5400000214576721,0.550000011920929,0.5400000214576721,0.550000011920929,0.48399999737739563,12000
2021-12-14,0.5400000214576721,0.5400000214576721,0.5,0.5400000214576721,0.47520002722740173,192000
2021-12-15,0.5199999809265137,0.5199999809265137,0.5199999809265137,0.5199999809265137,0.4575999677181244,64000
2021-12-16,0.5400000214576721,0.5400000214576721,0.5299999713897705,0.5299999713897705,0.4663999676704407,68000
2021-12-17,0.5299999713897705,0.5600000023841858,0.5299999713897705,0.5600000023841858,0.4927999973297119,24000
2021-12-20,0.5299999713897705,0.5299999713897705,0.5,0.5299999713897705,0.4663999676704407,84000
2021-12-21,0.5199999809265137,0.5199999809265137,0.5199999809265137,0.5199999809265137,0.4575999677181244,56000
2021-12-22,0.5099999904632568,0.550000011920929,0.5,0.5099999904632568,0.4487999975681305,800000
2021-12-23,0.5199999809265137,0.5199999809265137,0.5199999809265137,0.5199999809265137,0.4575999677181244,104000
2021-12-24,0.5199999809265137,0.550000011920929,0.5199999809265137,0.5199999809265137,0.4575999677181244,16000
2021-12-28,0.5199999809265137,0.5199999809265137,0.5199999809265137,0.5199999809265137,0.4575999677181244,0
2021-12-29,0.5099999904632568,0.5299999713897705,0.5,0.5299999713897705,0.4663999676704407,208000
2021-12-30,0.5400000214576721,0.5400000214576721,0.5199999809265137,0.5199999809265137,0.4575999677181244,108000
2021-12-31,0.5199999809265137,0.5199999809265137,0.5199999809265137,0.5199999809265137,0.4575999677181244,0
2022-01-03,0.5199999809265137,0.5199999809265137,0.5199999809265137,0.5199999809265137,0.4575999677181244,0
2022-01-04,0.5400000214576721,0.550000011920929,0.5199999809265137,0.5199999809265137,0.4575999677181244,36000
2022-01-05,0.550000011920929,0.5899999737739563,0.5,0.5299999713897705,0.4663999676704407,1028000
2022-01-06,0.5400000214576721,0.5400000214576721,0.5,0.5299999713897705,0.4663999676704407,504000
2022-01-07,0.5099999904632568,0.5400000214576721,0.5,0.5299999713897705,0.4663999676704407,688000
2022-01-10,0.5199999809265137,0.5199999809265137,0.5099999904632568,0.5199999809265137,0.4575999677181244,60000
2022-01-11,0.5199999809265137,0.5199999809265137,0.5099999904632568,0.5099999904632568,0.4487999975681305,256000
2022-01-12,0.5099999904632568,0.5099999904632568,0.5,0.5,0.4399999976158142,260000
2022-01-13,0.5,0.5,0.5,0.5,0.4399999976158142,0
2022-01-14,0.5,0.5,0.5,0.5,0.4399999976158142,0
2022-01-17,0.5,0.5,0.5,0.5,0.4399999976158142,0
2022-01-18,0.5,0.5,0.5,0.5,0.4399999976158142,0
2022-01-19,0.5,0.5,0.5,0.5,0.4399999976158142,0
2022-01-20,0.5,0.5,0.5,0.5,0.4399999976158142,0
2022-01-21,0.47999998927116394,0.5099999904632568,0.47999998927116394,0.5099999904632568,0.4487999975681305,196000
2022-01-24,0.47999998927116394,0.5,0.47999998927116394,0.47999998927116394,0.42239999771118164,104000
2022-01-25,0.4950000047683716,0.4950000047683716,0.4950000047683716,0.4950000047683716,0.43560001254081726,0
2022-01-26,0.4950000047683716,0.4950000047683716,0.4950000047683716,0.4950000047683716,0.43560001254081726,0
2022-01-27,0.4749999940395355,0.4749999940395355,0.4749999940395355,0.4749999940395355,0.4179999828338623,8000
2022-01-28,0.49000000953674316,0.49000000953674316,0.49000000953674316,0.49000000953674316,0.4311999976634979,0
2022-01-31,0.49000000953674316,0.49000000953674316,0.49000000953674316,0.49000000953674316,0.4311999976634979,0
2022-02-04,0.49000000953674316,0.49000000953674316,0.49000000953674316,0.49000000953674316,0.4311999976634979,0
2022-02-07,0.4699999988079071,0.4699999988079071,0.4699999988079071,0.4699999988079071,0.41359999775886536,0
2022-02-08,0.47999998927116394,0.49000000953674316,0.47999998927116394,0.49000000953674316,0.4311999976634979,4148000
2022-02-09,0.49000000953674316,0.49000000953674316,0.47999998927116394,0.49000000953674316,0.4311999976634979,4000
2022-02-10,0.49000000953674316,0.49000000953674316,0.49000000953674316,0.49000000953674316,0.4311999976634979,0
2022-02-11,0.49000000953674316,0.49000000953674316,0.49000000953674316,0.49000000953674316,0.4311999976634979,0
2022-02-14,0.49000000953674316,0.5,0.49000000953674316,0.5,0.4399999976158142,128000
2022-02-15,0.4699999988079071,0.5,0.4699999988079071,0.5,0.4399999976158142,40000
2022-02-16,0.5,0.5,0.5,0.5,0.4399999976158142,0
2022-02-17,0.5,0.5,0.4950000047683716,0.4950000047683716,0.43560001254081726,208000
2022-02-18,0.4950000047683716,0.4950000047683716,0.4950000047683716,0.4950000047683716,0.43560001254081726,0
2022-02-21,0.5,0.5,0.5,0.5,0.4399999976158142,48000
2022-02-22,0.5,0.5,0.5,0.5,0.4399999976158142,6352000
2022-02-23,0.5,0.5,0.5,0.5,0.4399999976158142,8740000
2022-02-24,0.5,0.5099999904632568,0.5,0.5099999904632568,0.4487999975681305,5068000
2022-02-25,0.5,0.5,0.5,0.5,0.4399999976158142,3000000
2022-02-28,0.49000000953674316,0.5099999904632568,0.49000000953674316,0.5099999904632568,0.4487999975681305,3528000
2022-03-01,0.5,0.5400000214576721,0.5,0.5299999713897705,0.4663999676704407,2308000
2022-03-02,0.5099999904632568,0.5199999809265137,0.4950000047683716,0.5199999809265137,0.4575999677181244,3748000
2022-03-03,0.5199999809265137,0.5199999809265137,0.5199999809265137,0.5199999809265137,0.4575999677181244,0
2022-03-04,0.5099999904632568,0.5099999904632568,0.5099999904632568,0.5099999904632568,0.4487999975681305,496000
2022-03-07,0.5,0.5199999809265137,0.4950000047683716,0.5,0.4399999976158142,2908000
2022-03-08,0.5199999809265137,0.5600000023841858,0.5199999809265137,0.5400000214576721,0.47520002722740173,1456000
2022-03-09,0.5199999809265137,0.5400000214576721,0.5199999809265137,0.5400000214576721,0.47520002722740173,232000
2022-03-10,0.5400000214576721,0.5600000023841858,0.5400000214576721,0.5600000023841858,0.4927999973297119,112000
2022-03-11,0.550000011920929,0.550000011920929,0.550000011920929,0.550000011920929,0.48399999737739563,0
2022-03-14,0.5400000214576721,0.5400000214576721,0.5299999713897705,0.5299999713897705,0.4663999676704407,2220000
2022-03-15,0.5299999713897705,0.5400000214576721,0.5299999713897705,0.5299999713897705,0.4663999676704407,348000
2022-03-16,0.5400000214576721,0.5400000214576721,0.5,0.5,0.4399999976158142,2616000
2022-03-17,0.5099999904632568,0.5099999904632568,0.5,0.5,0.4399999976158142,684000
2022-03-18,0.5199999809265137,0.550000011920929,0.5099999904632568,0.5099999904632568,0.4487999975681305,3520000
2022-03-21,0.5199999809265137,0.5600000023841858,0.5199999809265137,0.5400000214576721,0.47520002722740173,132000
2022-03-22,0.5400000214576721,0.5699999928474426,0.5299999713897705,0.5299999713897705,0.4663999676704407,148000
2022-03-23,0.5299999713897705,0.5299999713897705,0.5299999713897705,0.5299999713897705,0.4663999676704407,0
2022-03-24,0.5,0.5299999713897705,0.5,0.5299999713897705,0.4663999676704407,176000
2022-03-25,0.5099999904632568,0.5299999713897705,0.5099999904632568,0.5299999713897705,0.4663999676704407,8000
2022-03-28,0.5400000214576721,0.5400000214576721,0.5299999713897705,0.5400000214576721,0.47520002722740173,688000
2022-03-29,0.5400000214576721,0.5799999833106995,0.5400000214576721,0.5799999833106995,0.5103999972343445,48000
2022-03-30,0.5699999928474426,0.5699999928474426,0.5699999928474426,0.5699999928474426,0.5015999674797058,0
2022-03-31,0.5699999928474426,0.5699999928474426,0.5699999928474426,0.5699999928474426,0.5015999674797058,0
2022-04-01,0.5199999809265137,0.5199999809265137,0.5199999809265137,0.5199999809265137,0.4575999677181244,0
2022-04-04,0.5199999809265137,0.5199999809265137,0.5199999809265137,0.5199999809265137,0.4575999677181244,0
2022-04-06,0.5199999809265137,0.5199999809265137,0.5199999809265137,0.5199999809265137,0.4575999677181244,0
2022-04-07,0.5199999809265137,0.5199999809265137,0.5199999809265137,0.5199999809265137,0.4575999677181244,20000
2022-04-08,0.5199999809265137,0.5600000023841858,0.5099999904632568,0.5199999809265137,0.4575999677181244,820000
2022-04-11,0.5199999809265137,0.5799999833106995,0.5199999809265137,0.550000011920929,0.48399999737739563,44000
2022-04-12,0.5199999809265137,0.5199999809265137,0.49000000953674316,0.5099999904632568,0.4487999975681305,220000
2022-04-13,0.49000000953674316,0.5099999904632568,0.49000000953674316,0.5,0.4399999976158142,512000
2022-04-14,0.5,0.5,0.5,0.5,0.4399999976158142,0
2022-04-19,0.5,0.5,0.5,0.5,0.4399999976158142,0
2022-04-20,0.5,0.5,0.5,0.5,0.4399999976158142,0
2022-04-21,0.5,0.5,0.5,0.5,0.4399999976158142,20000
2022-04-22,0.5,0.5,0.5,0.5,0.4399999976158142,0
2022-04-25,0.5,0.5,0.5,0.5,0.4399999976158142,0
2022-04-26,0.5,0.5,0.5,0.5,0.4399999976158142,0
2022-04-27,0.46000000834465027,0.46000000834465027,0.46000000834465027,0.46000000834465027,0.4047999978065491,0
2022-04-28,0.4699999988079071,0.4699999988079071,0.46000000834465027,0.46000000834465027,0.4047999978065491,100000
2022-04-29,0.44999998807907104,0.4699999988079071,0.46000000834465027,0.46000000834465027,0.4047999978065491,4000
2022-05-03,0.46000000834465027,0.46000000834465027,0.46000000834465027,0.46000000834465027,0.4047999978065491,0
2022-05-04,0.46000000834465027,0.46000000834465027,0.46000000834465027,0.46000000834465027,0.4047999978065491,0
2022-05-05,0.46000000834465027,0.46000000834465027,0.46000000834465027,0.46000000834465027,0.4047999978065491,0
2022-05-06,0.46000000834465027,0.46000000834465027,0.46000000834465027,0.46000000834465027,0.4047999978065491,0
2022-05-10,0.46000000834465027,0.550000011920929,0.46000000834465027,0.46000000834465027,0.4047999978065491,596000
2022-05-11,0.4749999940395355,0.4749999940395355,0.46000000834465027,0.46000000834465027,0.4047999978065491,48000
2022-05-12,0.46000000834465027,0.46000000834465027,0.46000000834465027,0.46000000834465027,0.4047999978065491,0
2022-05-13,0.45500001311302185,0.45500001311302185,0.45500001311302185,0.45500001311302185,0.4004000127315521,300000
2022-05-16,0.45500001311302185,0.5299999713897705,0.45500001311302185,0.5099999904632568,0.4487999975681305,360000
2022-05-17,0.4650000035762787,0.4650000035762787,0.4650000035762787,0.4650000035762787,0.4092000126838684,0
2022-05-18,0.46000000834465027,0.46000000834465027,0.46000000834465027,0.46000000834465027,0.4047999978065491,0
2022-05-19,0.44999998807907104,0.4699999988079071,0.4399999976158142,0.4699999988079071,0.41359999775886536,408000
2022-05-20,0.47999998927116394,0.47999998927116394,0.4699999988079071,0.4699999988079071,0.41359999775886536,56000
2022-05-23,0.46000000834465027,0.46000000834465027,0.46000000834465027,0.46000000834465027,0.4047999978065491,0
2022-05-24,0.45500001311302185,0.45500001311302185,0.45500001311302185,0.45500001311302185,0.4004000127315521,0
2022-05-25,0.45500001311302185,0.45500001311302185,0.45500001311302185,0.45500001311302185,0.4004000127315521,0
2022-05-26,0.45500001311302185,0.45500001311302185,0.45500001311302185,0.45500001311302185,0.4004000127315521,0
2022-05-27,0.45500001311302185,0.45500001311302185,0.45500001311302185,0.45500001311302185,0.4004000127315521,0
2022-05-30,0.45500001311302185,0.45500001311302185,0.45500001311302185,0.45500001311302185,0.4004000127315521,0
2022-05-31,0.44999998807907104,0.44999998807907104,0.4449999928474426,0.4449999928474426,0.39159998297691345,252000
2022-06-01,0.4300000071525574,0.4350000023841858,0.4300000071525574,0.4350000023841858,0.38280001282691956,64000
2022-06-02,0.41499999165534973,0.41499999165534973,0.4000000059604645,0.4000000059604645,0.35199999809265137,156000
2022-06-06,0.4000000059604645,0.4000000059604645,0.4000000059604645,0.4000000059604645,0.35199999809265137,76000
2022-06-07,0.42500001192092896,0.4000000059604645,0.4000000059604645,0.4000000059604645,0.35199999809265137,4000
2022-06-08,0.4000000059604645,0.4000000059604645,0.4000000059604645,0.4000000059604645,0.35199999809265137,16000
2022-06-09,0.4000000059604645,0.4000000059604645,0.4000000059604645,0.39500001072883606,0.3476000130176544,24000
2022-06-10,0.3700000047683716,0.4000000059604645,0.3700000047683716,0.4000000059604645,0.35199999809265137,32000
2022-06-13,0.39500001072883606,0.39500001072883606,0.38499999046325684,0.38499999046325684,0.33879998326301575,160000
2022-06-14,0.375,0.375,0.375,0.375,0.32999998331069946,0
2022-06-15,0.36000001430511475,0.36000001430511475,0.35499998927116394,0.35499998927116394,0.3123999834060669,56000
2022-06-16,0.3449999988079071,0.3799999952316284,0.3149999976158142,0.3449999988079071,0.3035999834537506,908000
2022-06-17,0.3199999928474426,0.36000001430511475,0.3199999928474426,0.36000001430511475,0.31679999828338623,240000
2022-06-20,0.3449999988079071,0.3449999988079071,0.3449999988079071,0.3449999988079071,0.3035999834537506,0
2022-06-21,0.3449999988079071,0.3499999940395355,0.30000001192092896,0.30000001192092896,0.2639999985694885,740000
2022-06-22,0.3199999928474426,0.3199999928474426,0.3199999928474426,0.3199999928474426,0.2815999984741211,72000
2022-06-23,0.3199999928474426,0.3199999928474426,0.3199999928474426,0.3199999928474426,0.2815999984741211,0
2022-06-24,0.30000001192092896,0.30000001192092896,0.30000001192092896,0.30000001192092896,0.2639999985694885,80000
2022-06-27,0.30000001192092896,0.30000001192092896,0.30000001192092896,0.30000001192092896,0.2639999985694885,0
2022-06-28,0.30000001192092896,0.30000001192092896,0.30000001192092896,0.30000001192092896,0.2639999985694885,0
2022-06-29,0.30000001192092896,0.30000001192092896,0.30000001192092896,0.30000001192092896,0.2639999985694885,0
2022-06-30,0.28999999165534973,0.28999999165534973,0.28999999165534973,0.28999999165534973,0.25519999861717224,100000
2022-07-04,0.2800000011920929,0.2800000011920929,0.22499999403953552,0.22499999403953552,0.1979999989271164,1220000
2022-07-05,0.21799999475479126,0.22499999403953552,0.21799999475479126,0.22300000488758087,0.19624000787734985,28000
2022-07-06,0.22200000286102295,0.22300000488758087,0.2199999988079071,0.2199999988079071,0.19359999895095825,80000
2022-07-07,0.22599999606609344,0.22599999606609344,0.22599999606609344,0.22599999606609344,0.19888000190258026,0
2022-07-08,0.2290000021457672,0.23199999332427979,0.2290000021457672,0.23199999332427979,0.20415998995304108,24000
2022-07-11,0.23199999332427979,0.23199999332427979,0.23199999332427979,0.23199999332427979,0.20415998995304108,0
2022-07-12,0.24300000071525574,0.24500000476837158,0.23499999940395355,0.24400000274181366,0.2147199958562851,68000
2022-07-13,0.24300000071525574,0.25,0.24300000071525574,0.24300000071525574,0.21383999288082123,172000
2022-07-14,0.25999999046325684,0.2750000059604645,0.25999999046325684,0.2750000059604645,0.24199999868869781,128000
2022-07-15,0.2750000059604645,0.2750000059604645,0.2750000059604645,0.2750000059604645,0.24199999868869781,0
2022-07-18,0.27000001072883606,0.27000001072883606,0.27000001072883606,0.27000001072883606,0.23760001361370087,64000
2022-07-19,0.29499998688697815,0.29499998688697815,0.2750000059604645,0.28999999165534973,0.25519999861717224,120000
2022-07-20,0.25999999046325684,0.3449999988079071,0.25999999046325684,0.3449999988079071,0.3035999834537506,36000
2022-07-21,0.3449999988079071,0.4050000011920929,0.3449999988079071,0.4050000011920929,0.3564000129699707,256000
2022-07-22,0.38999998569488525,0.44999998807907104,0.38999998569488525,0.44999998807907104,0.3959999978542328,4396000
2022-07-25,0.46000000834465027,0.46000000834465027,0.4000000059604645,0.45500001311302185,0.4004000127315521,112000
2022-07-26,0.45500001311302185,0.4650000035762787,0.45500001311302185,0.4650000035762787,0.4092000126838684,404000
2022-07-27,0.4650000035762787,0.4650000035762787,0.4650000035762787,0.4650000035762787,0.4092000126838684,0
2022-07-28,0.4650000035762787,0.4650000035762787,0.4650000035762787,0.4650000035762787,0.4092000126838684,0
2022-07-29,0.44999998807907104,0.44999998807907104,0.44999998807907104,0.44999998807907104,0.3959999978542328,0
2022-08-01,0.41999998688697815,0.41999998688697815,0.41999998688697815,0.41999998688697815,0.36959999799728394,0
2022-08-02,0.4099999964237213,0.4099999964237213,0.4099999964237213,0.4099999964237213,0.36079999804496765,0
2022-08-03,0.4099999964237213,0.4099999964237213,0.4099999964237213,0.4099999964237213,0.36079999804496765,0
2022-08-04,0.4000000059604645,0.44999998807907104,0.4000000059604645,0.44999998807907104,0.3959999978542328,224000
2022-08-05,0.4000000059604645,0.44999998807907104,0.4000000059604645,0.44999998807907104,0.3959999978542328,44000
2022-08-08,0.4000000059604645,0.44999998807907104,0.4000000059604645,0.44999998807907104,0.3959999978542328,4552000
2022-08-09,0.4300000071525574,0.4300000071525574,0.4300000071525574,0.4300000071525574,0.3783999979496002,0
2022-08-10,0.4300000071525574,0.4300000071525574,0.4300000071525574,0.4300000071525574,0.3783999979496002,0
2022-08-11,0.4000000059604645,0.4000000059604645,0.4000000059604645,0.4000000059604645,0.35199999809265137,4000
2022-08-12,0.39500001072883606,0.39500001072883606,0.39500001072883606,0.39500001072883606,0.3476000130176544,0
2022-08-15,0.3499999940395355,0.44999998807907104,0.3199999928474426,0.44999998807907104,0.3959999978542328,11136000
2022-08-16,0.44999998807907104,0.44999998807907104,0.44999998807907104,0.44999998807907104,0.3959999978542328,0
2022-08-17,0.42500001192092896,0.42500001192092896,0.42500001192092896,0.42500001192092896,0.37400001287460327,0
2022-08-18,0.4000000059604645,0.4000000059604645,0.36500000953674316,0.36500000953674316,0.32120001316070557,16000
2022-08-19,0.36000001430511475,0.36000001430511475,0.33000001311302185,0.33000001311302185,0.2903999984264374,92000
2022-08-22,0.3149999976158142,0.3799999952316284,0.3149999976158142,0.3799999952316284,0.3343999981880188,92000
2022-08-23,0.375,0.4449999928474426,0.375,0.38999998569488525,0.3431999981403351,11576000
2022-08-24,0.38999998569488525,0.38999998569488525,0.38999998569488525,0.38999998569488525,0.3431999981403351,0
2022-08-25,0.38999998569488525,0.38999998569488525,0.38999998569488525,0.38999998569488525,0.3431999981403351,0
2022-08-26,0.35499998927116394,0.35499998927116394,0.35499998927116394,0.35499998927116394,0.3123999834060669,36000
2022-08-29,0.3700000047683716,0.3799999952316284,0.32499998807907104,0.3799999952316284,0.3343999981880188,48000
2022-08-30,0.3799999952316284,0.3799999952316284,0.3799999952316284,0.3799999952316284,0.3343999981880188,0
2022-08-31,0.3449999988079071,0.3449999988079071,0.3149999976158142,0.3400000035762787,0.29919999837875366,88000
2022-09-01,0.3400000035762787,0.3400000035762787,0.3400000035762787,0.3400000035762787,0.29919999837875366,0
2022-09-02,0.3400000035762787,0.3449999988079071,0.3400000035762787,0.3449999988079071,0.3035999834537506,16000
2022-09-05,0.3449999988079071,0.3449999988079071,0.3449999988079071,0.3449999988079071,0.3035999834537506,0
2022-09-06,0.3050000071525574,0.3050000071525574,0.3050000071525574,0.3050000071525574,0.26840001344680786,8000
2022-09-07,0.3050000071525574,0.3050000071525574,0.3050000071525574,0.3050000071525574,0.26840001344680786,0
2022-09-08,0.3050000071525574,0.3050000071525574,0.3050000071525574,0.3050000071525574,0.26840001344680786,0
2022-09-09,0.3050000071525574,0.3050000071525574,0.3050000071525574,0.3050000071525574,0.26840001344680786,0
2022-09-13,0.3050000071525574,0.3050000071525574,0.3050000071525574,0.3050000071525574,0.26840001344680786,0
2022-09-14,0.2750000059604645,0.2750000059604645,0.26499998569488525,0.2750000059604645,0.24199999868869781,40000
2022-09-15,0.2750000059604645,0.2750000059604645,0.2750000059604645,0.2750000059604645,0.24199999868869781,0
2022-09-16,0.2750000059604645,0.2750000059604645,0.2750000059604645,0.2750000059604645,0.24199999868869781,0
2022-09-19,0.2750000059604645,0.2750000059604645,0.2750000059604645,0.2750000059604645,0.24199999868869781,0
2022-09-20,0.2750000059604645,0.2750000059604645,0.2750000059604645,0.2750000059604645,0.24199999868869781,0
2022-09-21,0.2750000059604645,0.2750000059604645,0.2750000059604645,0.2750000059604645,0.24199999868869781,0
2022-09-22,0.2750000059604645,0.2750000059604645,0.2750000059604645,0.2750000059604645,0.24199999868869781,0
2022-09-23,0.2750000059604645,0.2750000059604645,0.2750000059604645,0.2750000059604645,0.24199999868869781,0
2022-09-26,0.2750000059604645,0.2750000059604645,0.2750000059604645,0.2750000059604645,0.24199999868869781,0
2022-09-27,0.2800000011920929,0.2800000011920929,0.2800000011920929,0.2800000011920929,0.24639999866485596,0
2022-09-28,0.2800000011920929,0.29499998688697815,0.2800000011920929,0.29499998688697815,0.2595999836921692,80000
2022-09-29,0.29499998688697815,0.29499998688697815,0.29499998688697815,0.29499998688697815,0.2595999836921692,0
2022-09-30,0.29499998688697815,0.29499998688697815,0.29499998688697815,0.29499998688697815,0.2595999836921692,0
2022-10-03,0.29499998688697815,0.29499998688697815,0.29499998688697815,0.29499998688697815,0.2595999836921692,0
2022-10-05,0.28999999165534973,0.28999999165534973,0.28999999165534973,0.28999999165534973,0.25519999861717224,0
2022-10-06,0.2800000011920929,0.2800000011920929,0.2800000011920929,0.2800000011920929,0.24639999866485596,0
2022-10-07,0.2800000011920929,0.2800000011920929,0.2800000011920929,0.2800000011920929,0.24639999866485596,0
2022-10-10,0.2549999952316284,0.2549999952316284,0.2549999952316284,0.2549999952316284,0.22439999878406525,0
2022-10-11,0.2549999952316284,0.25,0.25,0.2549999952316284,0.22439999878406525,12000
2022-10-12,0.2549999952316284,0.2549999952316284,0.2549999952316284,0.2549999952316284,0.22439999878406525,0
2022-10-13,0.2549999952316284,0.2549999952316284,0.2549999952316284,0.2549999952316284,0.22439999878406525,0
2022-10-14,0.2549999952316284,0.2549999952316284,0.2549999952316284,0.2549999952316284,0.22439999878406525,0
2022-10-17,0.23999999463558197,0.23999999463558197,0.2199999988079071,0.22100000083446503,0.19448000192642212,184000
2022-10-18,0.22100000083446503,0.22100000083446503,0.22100000083446503,0.22100000083446503,0.19448000192642212,0
2022-10-19,0.23000000417232513,0.24500000476837158,0.23000000417232513,0.24500000476837158,0.21559999883174896,8000
2022-10-20,0.25,0.2549999952316284,0.25,0.25999999046325684,0.2287999838590622,8000
2022-10-21,0.2800000011920929,0.2800000011920929,0.2800000011920929,0.2800000011920929,0.24639999866485596,0
2022-10-24,0.2800000011920929,0.2800000011920929,0.2800000011920929,0.2800000011920929,0.24639999866485596,0
2022-10-25,0.25999999046325684,0.25999999046325684,0.25999999046325684,0.26499998569488525,0.23319998383522034,48000
2022-10-26,0.2800000011920929,0.2800000011920929,0.2800000011920929,0.2800000011920929,0.24639999866485596,0
2022-10-27,0.2750000059604645,0.2750000059604645,0.2750000059604645,0.2750000059604645,0.24199999868869781,4000
2022-10-28,0.2750000059604645,0.2750000059604645,0.2750000059604645,0.27000001072883606,0.23760001361370087,4000
2022-10-31,0.27000001072883606,0.27000001072883606,0.27000001072883606,0.27000001072883606,0.23760001361370087,0
2022-11-01,0.27000001072883606,0.27000001072883606,0.27000001072883606,0.27000001072883606,0.23760001361370087,12000
2022-11-02,0.27000001072883606,0.27000001072883606,0.27000001072883606,0.27000001072883606,0.23760001361370087,0
2022-11-03,0.27000001072883606,0.27000001072883606,0.27000001072883606,0.27000001072883606,0.23760001361370087,0
2022-11-04,0.27000001072883606,0.27000001072883606,0.2549999952316284,0.2549999952316284,0.22439999878406525,104000
2022-11-07,0.2549999952316284,0.2549999952316284,0.2549999952316284,0.2549999952316284,0.22439999878406525,0
2022-11-08,0.25,0.25,0.25,0.25,0.2199999988079071,44000
2022-11-09,0.25,0.25,0.25,0.25,0.2199999988079071,28000
2022-11-10,0.25,0.25,0.25,0.25,0.2199999988079071,0
2022-11-11,0.25999999046325684,0.25999999046325684,0.25,0.25,0.2199999988079071,2664000
2022-11-14,0.25,0.25,0.25,0.25,0.2199999988079071,0
2022-11-15,0.2549999952316284,0.2549999952316284,0.2549999952316284,0.2549999952316284,0.22439999878406525,0
2022-11-16,0.2549999952316284,0.2549999952316284,0.2549999952316284,0.2549999952316284,0.22439999878406525,0
2022-11-17,0.25,0.25,0.25,0.25,0.2199999988079071,0
2022-11-18,0.2549999952316284,0.2549999952316284,0.25,0.2549999952316284,0.22439999878406525,68000
2022-11-21,0.2549999952316284,0.2549999952316284,0.2549999952316284,0.2549999952316284,0.22439999878406525,0
2022-11-22,0.25,0.25,0.25,0.25,0.2199999988079071,12000
2022-11-23,0.25,0.25,0.25,0.25,0.2199999988079071,0
2022-11-24,0.25,0.2549999952316284,0.25,0.24799999594688416,0.21823999285697937,104000
2022-11-25,0.25,0.25,0.20999999344348907,0.2150000035762787,0.1891999989748001,60000
2022-11-28,0.23399999737739563,0.23399999737739563,0.23399999737739563,0.23399999737739563,0.2059199959039688,0
2022-11-29,0.24199999868869781,0.24199999868869781,0.24199999868869781,0.24400000274181366,0.2147199958562851,12000
2022-11-30,0.24400000274181366,0.24400000274181366,0.24400000274181366,0.24400000274181366,0.2147199958562851,0
2022-12-01,0.25,0.25,0.25,0.25,0.2199999988079071,0
2022-12-02,0.23999999463558197,0.23999999463558197,0.23999999463558197,0.23999999463558197,0.21119999885559082,0
2022-12-05,0.23999999463558197,0.23999999463558197,0.23999999463558197,0.23999999463558197,0.21119999885559082,0
2022-12-06,0.22100000083446503,0.23399999737739563,0.2199999988079071,0.23399999737739563,0.2059199959039688,32000
2022-12-07,0.23499999940395355,0.23499999940395355,0.2290000021457672,0.2290000021457672,0.20151999592781067,120000
2022-12-08,0.22499999403953552,0.22499999403953552,0.22499999403953552,0.22499999403953552,0.1979999989271164,0
2022-12-09,0.2199999988079071,0.2199999988079071,0.2199999988079071,0.2199999988079071,0.19359999895095825,96000
2022-12-12,0.2240000069141388,0.2240000069141388,0.2240000069141388,0.2240000069141388,0.19712001085281372,0
2022-12-13,0.2199999988079071,0.2199999988079071,0.2199999988079071,0.2199999988079071,0.19359999895095825,0
2022-12-14,0.23000000417232513,0.23000000417232513,0.23000000417232513,0.23000000417232513,0.20239999890327454,0
2022-12-15,0.25999999046325684,0.25999999046325684,0.25999999046325684,0.25999999046325684,0.2287999838590622,0
2022-12-16,0.25999999046325684,0.25999999046325684,0.25999999046325684,0.25999999046325684,0.2287999838590622,0
2022-12-19,0.3199999928474426,0.3199999928474426,0.3199999928474426,0.3199999928474426,0.2815999984741211,8000
2022-12-20,0.3199999928474426,0.3199999928474426,0.3199999928474426,0.3199999928474426,0.2815999984741211,0
2022-12-21,0.3199999928474426,0.3199999928474426,0.3199999928474426,0.3199999928474426,0.2815999984741211,0
2022-12-22,0.30000001192092896,0.30000001192092896,0.30000001192092896,0.30000001192092896,0.2639999985694885,0
2022-12-23,0.30000001192092896,0.23000000417232513,0.23000000417232513,0.2329999953508377,0.20503999292850494,12000
2022-12-28,0.25999999046325684,0.2800000011920929,0.23999999463558197,0.2800000011920929,0.24639999866485596,2236000
2022-12-29,0.30000001192092896,0.3050000071525574,0.25999999046325684,0.3050000071525574,0.26840001344680786,16000
2022-12-30,0.3050000071525574,0.3050000071525574,0.3050000071525574,0.3050000071525574,0.26840001344680786,0
2023-01-03,0.3050000071525574,0.3050000071525574,0.3050000071525574,0.3050000071525574,0.26840001344680786,0
2023-01-04,0.3050000071525574,0.3050000071525574,0.3050000071525574,0.3050000071525574,0.26840001344680786,0
2023-01-05,0.3050000071525574,0.3050000071525574,0.3050000071525574,0.3050000071525574,0.26840001344680786,0
2023-01-06,0.26499998569488525,0.26499998569488525,0.26499998569488525,0.26499998569488525,0.23319998383522034,8000
2023-01-09,0.27000001072883606,0.27000001072883606,0.27000001072883606,0.27000001072883606,0.23760001361370087,0
2023-01-10,0.2750000059604645,0.3050000071525574,0.2750000059604645,0.2800000011920929,0.24639999866485596,52000
2023-01-11,0.2800000011920929,0.2800000011920929,0.2800000011920929,0.2800000011920929,0.24639999866485596,0
2023-01-12,0.2849999964237213,0.2849999964237213,0.2800000011920929,0.2800000011920929,0.24639999866485596,40000
2023-01-13,0.2800000011920929,0.2800000011920929,0.25999999046325684,0.25999999046325684,0.2287999838590622,32000
2023-01-16,0.25999999046325684,0.25999999046325684,0.25,0.2549999952316284,0.22439999878406525,12000
2023-01-17,0.2549999952316284,0.2549999952316284,0.2549999952316284,0.2549999952316284,0.22439999878406525,0
2023-01-18,0.25999999046325684,0.25,0.25,0.25,0.2199999988079071,56000
2023-01-19,0.25,0.25,0.25,0.25,0.2199999988079071,0
2023-01-20,0.25,0.25,0.25,0.25,0.2199999988079071,0
2023-01-26,0.25,0.25,0.2409999966621399,0.2409999966621399,0.2120800018310547,8000
2023-01-27,0.2409999966621399,0.2409999966621399,0.2409999966621399,0.2409999966621399,0.2120800018310547,0
2023-01-30,0.23999999463558197,0.2409999966621399,0.23999999463558197,0.2409999966621399,0.2120800018310547,28000
2023-01-31,0.23999999463558197,0.23999999463558197,0.23999999463558197,0.23999999463558197,0.21119999885559082,0
2023-02-01,0.23999999463558197,0.23999999463558197,0.23999999463558197,0.23999999463558197,0.21119999885559082,0
2023-02-02,0.23899999260902405,0.23899999260902405,0.23899999260902405,0.23899999260902405,0.21031999588012695,40000
2023-02-03,0.23899999260902405,0.23899999260902405,0.23899999260902405,0.23899999260902405,0.21031999588012695,0
2023-02-06,0.23199999332427979,0.23199999332427979,0.23199999332427979,0.23199999332427979,0.20415998995304108,8000
2023-02-07,0.23100000619888306,0.23999999463558197,0.23000000417232513,0.23100000619888306,0.2032800018787384,176000
2023-02-08,0.23100000619888306,0.23100000619888306,0.23100000619888306,0.23100000619888306,0.2032800018787384,0
2023-02-09,0.23100000619888306,0.23100000619888306,0.23100000619888306,0.23100000619888306,0.2032800018787384,0
2023-02-10,0.23100000619888306,0.23100000619888306,0.23100000619888306,0.23100000619888306,0.2032800018787384,0
2023-02-13,0.24899999797344208,0.24899999797344208,0.23999999463558197,0.23999999463558197,0.21119999885559082,8000
2023-02-14,0.23100000619888306,0.23100000619888306,0.22100000083446503,0.22100000083446503,0.19448000192642212,8000
2023-02-15,0.23000000417232513,0.23000000417232513,0.23000000417232513,0.23000000417232513,0.20239999890327454,0
2023-02-16,0.23199999332427979,0.23199999332427979,0.23199999332427979,0.23199999332427979,0.20415998995304108,8000
2023-02-17,0.210999995470047,0.2150000035762787,0.210999995470047,0.2150000035762787,0.1891999989748001,16000
2023-02-20,0.22100000083446503,0.22100000083446503,0.22100000083446503,0.22100000083446503,0.19448000192642212,8000
2023-02-21,0.22100000083446503,0.22100000083446503,0.2199999988079071,0.22100000083446503,0.19448000192642212,240000
2023-02-22,0.22100000083446503,0.22100000083446503,0.22100000083446503,0.22100000083446503,0.19448000192642212,0
2023-02-23,0.22100000083446503,0.22100000083446503,0.22100000083446503,0.22100000083446503,0.19448000192642212,0
2023-02-24,0.210999995470047,0.21199999749660492,0.210999995470047,0.210999995470047,0.18568000197410583,32000
2023-02-27,0.22300000488758087,0.2849999964237213,0.2160000056028366,0.2849999964237213,0.2507999837398529,176000
2023-02-28,0.24699999392032623,0.24699999392032623,0.24500000476837158,0.24500000476837158,0.21559999883174896,80000
2023-03-01,0.24500000476837158,0.24500000476837158,0.24500000476837158,0.24500000476837158,0.21559999883174896,0
2023-03-02,0.2409999966621399,0.2409999966621399,0.2409999966621399,0.2409999966621399,0.2120800018310547,0
2023-03-03,0.2409999966621399,0.2849999964237213,0.2409999966621399,0.2849999964237213,0.2507999837398529,176000
2023-03-06,0.2849999964237213,0.3100000023841858,0.25999999046325684,0.2800000011920929,0.24639999866485596,524000
2023-03-07,0.25,0.29499998688697815,0.24300000071525574,0.24300000071525574,0.21383999288082123,188000
2023-03-08,0.23199999332427979,0.24899999797344208,0.23199999332427979,0.24300000071525574,0.21383999288082123,896000
2023-03-09,0.2329999953508377,0.25999999046325684,0.23199999332427979,0.23999999463558197,0.21119999885559082,192000
2023-03-10,0.23999999463558197,0.23999999463558197,0.23999999463558197,0.23999999463558197,0.21119999885559082,0
2023-03-13,0.23100000619888306,0.2549999952316284,0.22200000286102295,0.25,0.2199999988079071,2276000
2023-03-14,0.25,0.25,0.25,0.25,0.2199999988079071,0
2023-03-15,0.23600000143051147,0.23600000143051147,0.23600000143051147,0.23600000143051147,0.20768000185489655,0
2023-03-16,0.23600000143051147,0.23600000143051147,0.23600000143051147,0.23600000143051147,0.20768000185489655,0
2023-03-17,0.22100000083446503,0.2280000001192093,0.20000000298023224,0.22499999403953552,0.1979999989271164,148000
2023-03-20,0.23000000417232513,0.23000000417232513,0.23000000417232513,0.23000000417232513,0.20239999890327454,12000
2023-03-21,0.23000000417232513,0.23000000417232513,0.23000000417232513,0.23000000417232513,0.20239999890327454,0
2023-03-22,0.23000000417232513,0.23000000417232513,0.23000000417232513,0.23000000417232513,0.20239999890327454,0
2023-03-23,0.24799999594688416,0.24799999594688416,0.21199999749660492,0.2329999953508377,0.20503999292850494,12000
2023-03-24,0.2329999953508377,0.2329999953508377,0.2329999953508377,0.2329999953508377,0.20503999292850494,0
2023-03-27,0.23999999463558197,0.23999999463558197,0.23999999463558197,0.23999999463558197,0.21119999885559082,0
2023-03-28,0.2160000056028366,0.2280000001192093,0.2150000035762787,0.2280000001192093,0.2006399929523468,12000
2023-03-29,0.23000000417232513,0.23499999940395355,0.210999995470047,0.23499999940395355,0.20679999887943268,56000
2023-03-30,0.23499999940395355,0.23499999940395355,0.23499999940395355,0.23499999940395355,0.20679999887943268,0
2023-03-31,0.23499999940395355,0.23499999940395355,0.23499999940395355,0.23499999940395355,0.20679999887943268,0
2023-04-03,0.23499999940395355,0.23499999940395355,0.23499999940395355,0.23499999940395355,0.20679999887943268,0
2023-04-04,0.23499999940395355,0.23499999940395355,0.23499999940395355,0.23499999940395355,0.20679999887943268,0
2023-04-06,0.23499999940395355,0.23499999940395355,0.23499999940395355,0.23499999940395355,0.20679999887943268,0
2023-04-11,0.23499999940395355,0.23499999940395355,0.23499999940395355,0.23499999940395355,0.20679999887943268,0
2023-04-12,0.2160000056028366,0.21699999272823334,0.2160000056028366,0.21699999272823334,0.19095999002456665,8000
2023-04-13,0.21699999272823334,0.21699999272823334,0.21699999272823334,0.21699999272823334,0.19095999002456665,20000
2023-04-14,0.21699999272823334,0.21699999272823334,0.21699999272823334,0.21699999272823334,0.19095999002456665,0
2023-04-17,0.23000000417232513,0.23000000417232513,0.210999995470047,0.210999995470047,0.18568000197410583,16000
2023-04-18,0.22499999403953552,0.22499999403953552,0.22499999403953552,0.22499999403953552,0.1979999989271164,0
2023-04-19,0.22499999403953552,0.22499999403953552,0.22499999403953552,0.22499999403953552,0.1979999989271164,0
2023-04-20,0.22499999403953552,0.22499999403953552,0.210999995470047,0.21799999475479126,0.19183999300003052,16000
2023-04-21,0.2199999988079071,0.2199999988079071,0.210999995470047,0.2160000056028366,0.19008000195026398,104000
2023-04-24,0.210999995470047,0.210999995470047,0.20999999344348907,0.20999999344348907,0.18479999899864197,24000
2023-04-25,0.20900000631809235,0.20900000631809235,0.20100000500679016,0.20100000500679016,0.17688000202178955,40000
2023-04-26,0.20999999344348907,0.20999999344348907,0.20999999344348907,0.20999999344348907,0.18479999899864197,124000
2023-04-27,0.21299999952316284,0.21299999952316284,0.19699999690055847,0.21299999952316284,0.18743999302387238,648000
2023-04-28,0.20499999821186066,0.21799999475479126,0.20100000500679016,0.21799999475479126,0.19183999300003052,68000
2023-05-02,0.2029999941587448,0.2029999941587448,0.2029999941587448,0.2029999941587448,0.1786399930715561,0
2023-05-03,0.2029999941587448,0.2029999941587448,0.2029999941587448,0.2029999941587448,0.1786399930715561,0
2023-05-04,0.2029999941587448,0.2029999941587448,0.20100000500679016,0.20100000500679016,0.17688000202178955,28000
2023-05-05,0.20800000429153442,0.20800000429153442,0.20100000500679016,0.20100000500679016,0.17688000202178955,24000
2023-05-08,0.20100000500679016,0.20100000500679016,0.20100000500679016,0.20100000500679016,0.17688000202178955,0
2023-05-09,0.20100000500679016,0.20100000500679016,0.20100000500679016,0.20100000500679016,0.17688000202178955,0
2023-05-10,0.20100000500679016,0.20100000500679016,0.20100000500679016,0.20100000500679016,0.17688000202178955,0
2023-05-11,0.20100000500679016,0.20100000500679016,0.20100000500679016,0.20100000500679016,0.17688000202178955,0
2023-05-12,0.20100000500679016,0.20100000500679016,0.20100000500679016,0.20100000500679016,0.17688000202178955,0
2023-05-15,0.19900000095367432,0.19900000095367432,0.19900000095367432,0.19900000095367432,0.17511999607086182,0
2023-05-16,0.19900000095367432,0.19900000095367432,0.1860000044107437,0.1860000044107437,0.16368000209331512,56000
2023-05-17,0.1940000057220459,0.20100000500679016,0.1940000057220459,0.20100000500679016,0.17688000202178955,968000
2023-05-18,0.20100000500679016,0.20100000500679016,0.20100000500679016,0.20100000500679016,0.17688000202178955,0
2023-05-19,0.20100000500679016,0.20100000500679016,0.20100000500679016,0.20100000500679016,0.17688000202178955,0
2023-05-22,0.20100000500679016,0.20100000500679016,0.20100000500679016,0.20100000500679016,0.17688000202178955,0
2023-05-23,0.20100000500679016,0.20100000500679016,0.20100000500679016,0.20100000500679016,0.17688000202178955,0
2023-05-24,0.20100000500679016,0.20100000500679016,0.20100000500679016,0.20100000500679016,0.17688000202178955,0
2023-05-25,0.20100000500679016,0.20100000500679016,0.20100000500679016,0.20100000500679016,0.17688000202178955,0
2023-05-29,0.20100000500679016,0.20100000500679016,0.20100000500679016,0.20100000500679016,0.17688000202178955,0
2023-05-30,0.20100000500679016,0.20100000500679016,0.20100000500679016,0.20100000500679016,0.17688000202178955,0
2023-05-31,0.20100000500679016,0.20100000500679016,0.20100000500679016,0.20100000500679016,0.17688000202178955,0
2023-06-01,0.20100000500679016,0.20100000500679016,0.20100000500679016,0.20100000500679016,0.17688000202178955,0
2023-06-02,0.19699999690055847,0.20000000298023224,0.1979999989271164,0.1979999989271164,0.17423999309539795,76000
2023-06-05,0.1899999976158142,0.1899999976158142,0.17000000178813934,0.18799999356269836,0.16543999314308167,684000
2023-06-06,0.18799999356269836,0.18799999356269836,0.18000000715255737,0.1809999942779541,0.1592799872159958,104000
2023-06-07,0.1809999942779541,0.1809999942779541,0.1809999942779541,0.1809999942779541,0.1592799872159958,0
2023-06-08,0.1809999942779541,0.1809999942779541,0.1809999942779541,0.1809999942779541,0.1592799872159958,0
2023-06-09,0.18199999630451202,0.18199999630451202,0.17000000178813934,0.17000000178813934,0.14959999918937683,120000
2023-06-12,0.17000000178813934,0.17000000178813934,0.1509999930858612,0.1509999930858612,0.13287998735904694,8000
2023-06-13,0.1509999930858612,0.1509999930858612,0.1469999998807907,0.1509999930858612,0.13287998735904694,36000
2023-06-14,0.1679999977350235,0.17100000381469727,0.1679999977350235,0.17100000381469727,0.1504800021648407,228000
2023-06-15,0.17100000381469727,0.17100000381469727,0.17100000381469727,0.17100000381469727,0.1504800021648407,0
2023-06-16,0.17100000381469727,0.17100000381469727,0.17100000381469727,0.17100000381469727,0.1504800021648407,0
2023-06-19,0.17100000381469727,0.17100000381469727,0.17100000381469727,0.17100000381469727,0.1504800021648407,0
2023-06-20,0.17100000381469727,0.17800000309944153,0.17000000178813934,0.17800000309944153,0.15664000809192657,44000
2023-06-21,0.18000000715255737,0.18000000715255737,0.18000000715255737,0.18000000715255737,0.15839999914169312,0
2023-06-23,0.17000000178813934,0.17000000178813934,0.16899999976158142,0.16899999976158142,0.14871999621391296,52000
2023-06-26,0.17000000178813934,0.17000000178813934,0.17000000178813934,0.17000000178813934,0.14959999918937683,0
2023-06-27,0.17000000178813934,0.17000000178813934,0.17000000178813934,0.17000000178813934,0.14959999918937683,0
2023-06-28,0.16099999845027924,0.16099999845027924,0.1509999930858612,0.1509999930858612,0.13287998735904694,8000
2023-06-29,0.16500000655651093,0.1679999977350235,0.14100000262260437,0.14800000190734863,0.13024000823497772,352000
2023-06-30,0.16599999368190765,0.16699999570846558,0.16500000655651093,0.16599999368190765,0.14607998728752136,372000
2023-07-03,0.1469999998807907,0.16699999570846558,0.1459999978542328,0.16699999570846558,0.14695999026298523,52000
2023-07-04,0.16599999368190765,0.16599999368190765,0.16599999368190765,0.16599999368190765,0.14607998728752136,0
2023-07-05,0.17000000178813934,0.17000000178813934,0.16599999368190765,0.16599999368190765,0.14607998728752136,42000
2023-07-06,0.16599999368190765,0.16599999368190765,0.16599999368190765,0.16599999368190765,0.14607998728752136,0
2023-07-07,0.16599999368190765,0.16599999368190765,0.16599999368190765,0.16599999368190765,0.14607998728752136,0
2023-07-10,0.1599999964237213,0.1599999964237213,0.1599999964237213,0.1599999964237213,0.14079999923706055,0
2023-07-11,0.15000000596046448,0.16200000047683716,0.14900000393390656,0.16200000047683716,0.14256000518798828,192000
2023-07-12,0.1599999964237213,0.1599999964237213,0.1599999964237213,0.1599999964237213,0.14079999923706055,0
2023-07-13,0.1599999964237213,0.1599999964237213,0.1599999964237213,0.1599999964237213,0.14079999923706055,0
2023-07-14,0.1599999964237213,0.1599999964237213,0.1599999964237213,0.1599999964237213,0.14079999923706055,0
2023-07-18,0.1589999943971634,0.1599999964237213,0.1459999978542328,0.1599999964237213,0.14079999923706055,1956000
2023-07-19,0.1599999964237213,0.1599999964237213,0.1599999964237213,0.1599999964237213,0.14079999923706055,0
2023-07-20,0.1599999964237213,0.1599999964237213,0.1599999964237213,0.1599999964237213,0.14079999923706055,0
2023-07-21,0.1550000011920929,0.1599999964237213,0.1550000011920929,0.1599999964237213,0.14079999923706055,24000
2023-07-24,0.1599999964237213,0.1599999964237213,0.1599999964237213,0.1599999964237213,0.14079999923706055,0
2023-07-25,0.1589999943971634,0.1599999964237213,0.1459999978542328,0.1599999964237213,0.14079999923706055,6844000
2023-07-26,0.1599999964237213,0.1599999964237213,0.1599999964237213,0.1599999964237213,0.14079999923706055,0
2023-07-27,0.1599999964237213,0.1599999964237213,0.1599999964237213,0.1599999964237213,0.14079999923706055,0
2023-07-28,0.1599999964237213,0.1599999964237213,0.1599999964237213,0.1599999964237213,0.14079999923706055,0
2023-07-31,0.1599999964237213,0.1599999964237213,0.1599999964237213,0.1599999964237213,0.14079999923706055,0
2023-08-01,0.1599999964237213,0.1599999964237213,0.1459999978542328,0.1599999964237213,0.14079999923706055,124000
2023-08-02,0.1599999964237213,0.1599999964237213,0.1599999964237213,0.1599999964237213,0.14079999923706055,0
2023-08-03,0.1599999964237213,0.1599999964237213,0.1459999978542328,0.1599999964237213,0.14079999923706055,376000
2023-08-04,0.1599999964237213,0.1599999964237213,0.1599999964237213,0.1599999964237213,0.14079999923706055,0
2023-08-07,0.15600000321865082,0.15600000321865082,0.15600000321865082,0.15600000321865082,0.13728000223636627,0
2023-08-08,0.15600000321865082,0.15600000321865082,0.15600000321865082,0.15600000321865082,0.13728000223636627,0
2023-08-09,0.15600000321865082,0.15600000321865082,0.15600000321865082,0.15600000321865082,0.13728000223636627,0
2023-08-10,0.15600000321865082,0.15600000321865082,0.15600000321865082,0.15600000321865082,0.13728000223636627,0
2023-08-11,0.15600000321865082,0.15600000321865082,0.15600000321865082,0.15600000321865082,0.13728000223636627,0
2023-08-14,0.1599999964237213,0.1599999964237213,0.1599999964237213,0.1599999964237213,0.14079999923706055,52000
2023-08-15,0.1599999964237213,0.1599999964237213,0.1599999964237213,0.1599999964237213,0.14079999923706055,0
2023-08-16,0.1599999964237213,0.1599999964237213,0.1599999964237213,0.1599999964237213,0.14079999923706055,0
2023-08-17,0.1599999964237213,0.1599999964237213,0.1599999964237213,0.1599999964237213,0.14079999923706055,0
2023-08-18,0.1599999964237213,0.1599999964237213,0.1599999964237213,0.1599999964237213,0.14079999923706055,0
2023-08-21,0.1599999964237213,0.1599999964237213,0.1599999964237213,0.1599999964237213,0.14079999923706055,0
2023-08-22,0.1599999964237213,0.1599999964237213,0.1599999964237213,0.1599999964237213,0.14079999923706055,0
2023-08-23,0.1469999998807907,0.1469999998807907,0.14100000262260437,0.14100000262260437,0.12408000230789185,12000
2023-08-24,0.15700000524520874,0.1599999964237213,0.15700000524520874,0.1599999964237213,0.14079999923706055,816000
2023-08-25,0.1459999978542328,0.19599999487400055,0.14100000262260437,0.16899999976158142,0.14871999621391296,1392000
2023-08-28,0.16899999976158142,0.16899999976158142,0.16899999976158142,0.16899999976158142,0.14871999621391296,0
2023-08-29,0.16899999976158142,0.16899999976158142,0.16899999976158142,0.16899999976158142,0.14871999621391296,0
2023-08-30,0.1679999977350235,0.1679999977350235,0.1679999977350235,0.1679999977350235,0.1478399932384491,0
2023-08-31,0.16699999570846558,0.16899999976158142,0.1459999978542328,0.16899999976158142,0.14871999621391296,792000
2023-09-04,0.15199999511241913,0.16200000047683716,0.15199999511241913,0.16200000047683716,0.14256000518798828,48000
2023-09-05,0.16200000047683716,0.16200000047683716,0.1459999978542328,0.16099999845027924,0.14168000221252441,456000
2023-09-06,0.14800000190734863,0.1679999977350235,0.14800000190734863,0.16300000250339508,0.14344000816345215,80000
2023-09-07,0.16300000250339508,0.16300000250339508,0.14800000190734863,0.16200000047683716,0.14256000518798828,52000
2023-09-11,0.16099999845027924,0.16099999845027924,0.16099999845027924,0.16099999845027924,0.14168000221252441,0
2023-09-12,0.16200000047683716,0.16200000047683716,0.14900000393390656,0.16099999845027924,0.14168000221252441,52000
2023-09-13,0.1509999930858612,0.1599999964237213,0.15000000596046448,0.1599999964237213,0.14079999923706055,56000
2023-09-14,0.1599999964237213,0.1599999964237213,0.1599999964237213,0.1599999964237213,0.14079999923706055,0
2023-09-15,0.1599999964237213,0.1599999964237213,0.1599999964237213,0.1599999964237213,0.14079999923706055,0
2023-09-18,0.1599999964237213,0.1599999964237213,0.1599999964237213,0.1599999964237213,0.14079999923706055,0
2023-09-19,0.1599999964237213,0.1599999964237213,0.1599999964237213,0.1599999964237213,0.14079999923706055,0
2023-09-20,0.1599999964237213,0.1599999964237213,0.1599999964237213,0.1599999964237213,0.14079999923706055,0
2023-09-21,0.1599999964237213,0.1599999964237213,0.1599999964237213,0.1599999964237213,0.14079999923706055,0
2023-09-22,0.1509999930858612,0.1509999930858612,0.15000000596046448,0.15000000596046448,0.13199999928474426,256000
2023-09-25,0.15000000596046448,0.15000000596046448,0.15000000596046448,0.15000000596046448,0.13199999928474426,0
2023-09-26,0.15000000596046448,0.15000000596046448,0.15000000596046448,0.15000000596046448,0.13199999928474426,0
2023-09-27,0.15000000596046448,0.15000000596046448,0.15000000596046448,0.15000000596046448,0.13199999928474426,0
2023-09-28,0.15000000596046448,0.16899999976158142,0.15000000596046448,0.1509999930858612,0.13287998735904694,44000
2023-09-29,0.1509999930858612,0.1509999930858612,0.1509999930858612,0.1509999930858612,0.13287998735904694,0
2023-10-03,0.1509999930858612,0.1509999930858612,0.1509999930858612,0.1509999930858612,0.13287998735904694,0
2023-10-04,0.1509999930858612,0.1509999930858612,0.1509999930858612,0.1509999930858612,0.13287998735904694,0
2023-10-05,0.1509999930858612,0.1509999930858612,0.15000000596046448,0.15000000596046448,0.13199999928474426,16000
2023-10-06,0.15000000596046448,0.15000000596046448,0.15000000596046448,0.15000000596046448,0.13199999928474426,0
2023-10-09,0.15000000596046448,0.15000000596046448,0.15000000596046448,0.15000000596046448,0.13199999928474426,0
2023-10-10,0.14000000059604645,0.15000000596046448,0.14000000059604645,0.15000000596046448,0.13199999928474426,84000
2023-10-11,0.15000000596046448,0.15000000596046448,0.15000000596046448,0.15000000596046448,0.13199999928474426,0
2023-10-12,0.15000000596046448,0.15000000596046448,0.15000000596046448,0.15000000596046448,0.13199999928474426,0
2023-10-13,0.15000000596046448,0.15000000596046448,0.15000000596046448,0.15000000596046448,0.13199999928474426,0
2023-10-16,0.15000000596046448,0.15000000596046448,0.15000000596046448,0.15000000596046448,0.13199999928474426,0
2023-10-17,0.15000000596046448,0.15000000596046448,0.15000000596046448,0.15000000596046448,0.13199999928474426,0
2023-10-18,0.15000000596046448,0.15000000596046448,0.15000000596046448,0.15000000596046448,0.13199999928474426,0
2023-10-19,0.15000000596046448,0.15000000596046448,0.15000000596046448,0.15000000596046448,0.13199999928474426,0
2023-10-20,0.15000000596046448,0.15000000596046448,0.15000000596046448,0.15000000596046448,0.13199999928474426,0
2023-10-24,0.14100000262260437,0.15000000596046448,0.14000000059604645,0.15000000596046448,0.13199999928474426,32000
2023-10-25,0.13099999725818634,0.13099999725818634,0.13099999725818634,0.13099999725818634,0.11527999490499496,4000
2023-10-26,0.14499999582767487,0.14499999582767487,0.14499999582767487,0.14499999582767487,0.12759999930858612,0
2023-10-27,0.14499999582767487,0.14499999582767487,0.14499999582767487,0.14499999582767487,0.12759999930858612,0
2023-10-30,0.15700000524520874,0.1589999943971634,0.1340000033378601,0.1459999978542328,0.12848000228405,44000
2023-10-31,0.1550000011920929,0.15600000321865082,0.13300000131130219,0.1340000033378601,0.11792000383138657,60000
2023-11-01,0.14499999582767487,0.1459999978542328,0.14499999582767487,0.1459999978542328,0.12848000228405,36000
2023-11-02,0.1459999978542328,0.1459999978542328,0.1459999978542328,0.1459999978542328,0.12848000228405,0
2023-11-03,0.1459999978542328,0.1459999978542328,0.1459999978542328,0.1459999978542328,0.12848000228405,0
2023-11-06,0.1459999978542328,0.1459999978542328,0.13300000131130219,0.14499999582767487,0.12759999930858612,448000
2023-11-07,0.14499999582767487,0.14499999582767487,0.14499999582767487,0.14499999582767487,0.12759999930858612,0
2023-11-08,0.14499999582767487,0.14499999582767487,0.14499999582767487,0.14499999582767487,0.12759999930858612,0
2023-11-09,0.14499999582767487,0.14499999582767487,0.14499999582767487,0.14499999582767487,0.12759999930858612,0
2023-11-10,0.14499999582767487,0.14499999582767487,0.14499999582767487,0.14499999582767487,0.12759999930858612,0
2023-11-13,0.14499999582767487,0.14499999582767487,0.14499999582767487,0.14499999582767487,0.12759999930858612,0
2023-11-14,0.14499999582767487,0.14499999582767487,0.14499999582767487,0.14499999582767487,0.12759999930858612,0
2023-11-15,0.14499999582767487,0.14499999582767487,0.14499999582767487,0.14499999582767487,0.12759999930858612,0
2023-11-16,0.14499999582767487,0.14499999582767487,0.14499999582767487,0.14499999582767487,0.12759999930858612,0
2023-11-17,0.14499999582767487,0.14499999582767487,0.14499999582767487,0.14499999582767487,0.12759999930858612,0
2023-11-20,0.14499999582767487,0.14499999582767487,0.14499999582767487,0.14499999582767487,0.12759999930858612,404000
2023-11-21,0.14900000393390656,0.14900000393390656,0.14900000393390656,0.14900000393390656,0.1311199963092804,44000
2023-11-22,0.14900000393390656,0.14900000393390656,0.13500000536441803,0.13600000739097595,0.1196800023317337,412000
2023-11-23,0.13600000739097595,0.13600000739097595,0.13600000739097595,0.13600000739097595,0.1196800023317337,0
2023-11-24,0.14499999582767487,0.14499999582767487,0.14499999582767487,0.14499999582767487,0.12759999930858612,4000
2023-11-27,0.1420000046491623,0.14499999582767487,0.1420000046491623,0.14499999582767487,0.12759999930858612,52000
2023-11-28,0.14499999582767487,0.14499999582767487,0.14499999582767487,0.14499999582767487,0.12759999930858612,0
2023-11-29,0.14499999582767487,0.14499999582767487,0.14499999582767487,0.14499999582767487,0.12759999930858612,0
2023-11-30,0.14499999582767487,0.14499999582767487,0.14499999582767487,0.14499999582767487,0.12759999930858612,0
2023-12-01,0.14499999582767487,0.14499999582767487,0.14499999582767487,0.14499999582767487,0.12759999930858612,0
2023-12-04,0.14499999582767487,0.14499999582767487,0.14499999582767487,0.14499999582767487,0.12759999930858612,0
2023-12-05,0.14499999582767487,0.14499999582767487,0.14499999582767487,0.14499999582767487,0.12759999930858612,0
2023-12-06,0.14499999582767487,0.14499999582767487,0.14499999582767487,0.14499999582767487,0.12759999930858612,0
2023-12-07,0.14499999582767487,0.14499999582767487,0.14499999582767487,0.14499999582767487,0.12759999930858612,0
2023-12-08,0.14499999582767487,0.14499999582767487,0.14499999582767487,0.14499999582767487,0.12759999930858612,0
2023-12-11,0.14499999582767487,0.14499999582767487,0.14499999582767487,0.14499999582767487,0.12759999930858612,0
2023-12-12,0.15800000727176666,0.15800000727176666,0.15800000727176666,0.15800000727176666,0.139040008187294,236000
2023-12-13,0.15800000727176666,0.15800000727176666,0.15800000727176666,0.15800000727176666,0.139040008187294,0
2023-12-14,0.15800000727176666,0.15800000727176666,0.15800000727176666,0.15800000727176666,0.139040008187294,0
2023-12-15,0.15800000727176666,0.15800000727176666,0.15800000727176666,0.15800000727176666,0.139040008187294,0
2023-12-18,0.15800000727176666,0.15800000727176666,0.15800000727176666,0.15800000727176666,0.139040008187294,0
2023-12-19,0.15800000727176666,0.15800000727176666,0.15800000727176666,0.15800000727176666,0.139040008187294,0
2023-12-20,0.15800000727176666,0.15800000727176666,0.15800000727176666,0.15800000727176666,0.139040008187294,0
2023-12-21,0.15800000727176666,0.15800000727176666,0.15800000727176666,0.15800000727176666,0.139040008187294,0
2023-12-22,0.15800000727176666,0.15800000727176666,0.15800000727176666,0.15800000727176666,0.139040008187294,0
2023-12-27,0.15800000727176666,0.15800000727176666,0.15800000727176666,0.15800000727176666,0.139040008187294,0
2023-12-28,0.15800000727176666,0.15800000727176666,0.15800000727176666,0.15800000727176666,0.139040008187294,0
2023-12-29,0.15800000727176666,0.15800000727176666,0.15800000727176666,0.15800000727176666,0.139040008187294,0
2024-01-02,0.15800000727176666,0.15800000727176666,0.15800000727176666,0.15800000727176666,0.139040008187294,0
2024-01-03,0.15800000727176666,0.15800000727176666,0.15800000727176666,0.15800000727176666,0.139040008187294,0
2024-01-04,0.15800000727176666,0.15800000727176666,0.15800000727176666,0.15800000727176666,0.139040008187294,0
2024-01-05,0.15800000727176666,0.15800000727176666,0.15800000727176666,0.15800000727176666,0.139040008187294,0
2024-01-08,0.15800000727176666,0.15800000727176666,0.15800000727176666,0.15800000727176666,0.139040008187294,0
2024-01-09,0.1679999977350235,0.1679999977350235,0.1679999977350235,0.1679999977350235,0.1478399932384491,0
2024-01-10,0.15399999916553497,0.17000000178813934,0.15399999916553497,0.17000000178813934,0.14959999918937683,872000
2024-01-11,0.17000000178813934,0.17000000178813934,0.17000000178813934,0.17000000178813934,0.14959999918937683,0
2024-01-12,0.17000000178813934,0.17000000178813934,0.17000000178813934,0.17000000178813934,0.14959999918937683,0
2024-01-15,0.17000000178813934,0.17000000178813934,0.17000000178813934,0.17000000178813934,0.14959999918937683,0
2024-01-16,0.17000000178813934,0.17000000178813934,0.17000000178813934,0.17000000178813934,0.14959999918937683,0
2024-01-17,0.17000000178813934,0.17000000178813934,0.17000000178813934,0.17000000178813934,0.14959999918937683,0
2024-01-18,0.17000000178813934,0.17000000178813934,0.17000000178813934,0.17000000178813934,0.14959999918937683,0
2024-01-19,0.17000000178813934,0.17000000178813934,0.17000000178813934,0.17000000178813934,0.14959999918937683,0
2024-01-22,0.17000000178813934,0.17000000178813934,0.17000000178813934,0.17000000178813934,0.14959999918937683,0
2024-01-23,0.17000000178813934,0.17000000178813934,0.17000000178813934,0.17000000178813934,0.14959999918937683,0
2024-01-24,0.17000000178813934,0.17000000178813934,0.17000000178813934,0.17000000178813934,0.14959999918937683,0
2024-01-25,0.17000000178813934,0.17000000178813934,0.17000000178813934,0.17000000178813934,0.14959999918937683,0
2024-01-26,0.17000000178813934,0.17000000178813934,0.17000000178813934,0.17000000178813934,0.14959999918937683,0
2024-01-29,0.15299999713897705,0.15299999713897705,0.15299999713897705,0.15299999713897705,0.13463999330997467,0
2024-01-30,0.15299999713897705,0.15299999713897705,0.15299999713897705,0.15299999713897705,0.13463999330997467,0
2024-01-31,0.15299999713897705,0.15299999713897705,0.15299999713897705,0.15299999713897705,0.13463999330997467,0
2024-02-01,0.15299999713897705,0.15299999713897705,0.15299999713897705,0.15299999713897705,0.13463999330997467,0
2024-02-02,0.15299999713897705,0.15299999713897705,0.15299999713897705,0.15299999713897705,0.13463999330997467,0
2024-02-05,0.15299999713897705,0.15299999713897705,0.15299999713897705,0.15299999713897705,0.13463999330997467,0
2024-02-06,0.15299999713897705,0.15299999713897705,0.15299999713897705,0.15299999713897705,0.13463999330997467,0
2024-02-07,0.15800000727176666,0.15800000727176666,0.15800000727176666,0.15800000727176666,0.139040008187294,0
2024-02-08,0.15299999713897705,0.15399999916553497,0.15299999713897705,0.15399999916553497,0.13551999628543854,44000
2024-02-09,0.15399999916553497,0.15399999916553497,0.15399999916553497,0.15399999916553497,0.13551999628543854,0
2024-02-14,0.15299999713897705,0.15299999713897705,0.15299999713897705,0.15299999713897705,0.13463999330997467,0
2024-02-15,0.15299999713897705,0.15299999713897705,0.15299999713897705,0.15299999713897705,0.13463999330997467,0
2024-02-16,0.15299999713897705,0.15299999713897705,0.15299999713897705,0.15299999713897705,0.13463999330997467,4000
2024-02-19,0.15299999713897705,0.15299999713897705,0.15299999713897705,0.15299999713897705,0.13463999330997467,0
2024-02-20,0.15299999713897705,0.15299999713897705,0.15299999713897705,0.15299999713897705,0.13463999330997467,0
2024-02-21,0.15299999713897705,0.15299999713897705,0.15299999713897705,0.15299999713897705,0.13463999330997467,0
2024-02-22,0.15299999713897705,0.15299999713897705,0.15299999713897705,0.15299999713897705,0.13463999330997467,0
2024-02-23,0.15299999713897705,0.15299999713897705,0.15299999713897705,0.15299999713897705,0.13463999330997467,0
2024-02-26,0.15299999713897705,0.15299999713897705,0.15299999713897705,0.15299999713897705,0.13463999330997467,0
2024-02-27,0.15299999713897705,0.15299999713897705,0.15299999713897705,0.15299999713897705,0.13463999330997467,0
2024-02-28,0.15299999713897705,0.15299999713897705,0.15299999713897705,0.15299999713897705,0.13463999330997467,0
2024-02-29,0.15299999713897705,0.15299999713897705,0.15299999713897705,0.15299999713897705,0.13463999330997467,0
2024-03-01,0.15299999713897705,0.15299999713897705,0.15299999713897705,0.15299999713897705,0.13463999330997467,0
2024-03-04,0.15299999713897705,0.15299999713897705,0.15299999713897705,0.15299999713897705,0.13463999330997467,0
2024-03-05,0.15299999713897705,0.15299999713897705,0.15299999713897705,0.15299999713897705,0.13463999330997467,0
2024-03-06,0.15299999713897705,0.15299999713897705,0.15299999713897705,0.15299999713897705,0.13463999330997467,0
2024-03-07,0.15299999713897705,0.15299999713897705,0.15299999713897705,0.15299999713897705,0.13463999330997467,0
2024-03-08,0.15000000596046448,0.15000000596046448,0.13500000536441803,0.15000000596046448,0.13199999928474426,84000
2024-03-11,0.15000000596046448,0.15000000596046448,0.15000000596046448,0.15000000596046448,0.13199999928474426,0
2024-03-12,0.16899999976158142,0.17299999296665192,0.16899999976158142,0.17000000178813934,0.14959999918937683,52000
2024-03-13,0.1889999955892563,0.1889999955892563,0.1889999955892563,0.1889999955892563,0.16631999611854553,0
2024-03-14,0.1889999955892563,0.1889999955892563,0.1889999955892563,0.1889999955892563,0.16631999611854553,0
2024-03-15,0.1889999955892563,0.1889999955892563,0.1889999955892563,0.1889999955892563,0.16631999611854553,0
2024-03-18,0.1889999955892563,0.1889999955892563,0.1889999955892563,0.1889999955892563,0.16631999611854553,0
2024-03-19,0.1889999955892563,0.1889999955892563,0.1889999955892563,0.1889999955892563,0.16631999611854553,0
2024-03-20,0.1889999955892563,0.1889999955892563,0.1889999955892563,0.1889999955892563,0.16631999611854553,0
2024-03-21,0.18700000643730164,0.18700000643730164,0.18700000643730164,0.18700000643730164,0.164560005068779,0
2024-03-22,0.17499999701976776,0.17499999701976776,0.17499999701976776,0.17499999701976776,0.15399999916553497,0
2024-03-25,0.17100000381469727,0.17100000381469727,0.17100000381469727,0.17100000381469727,0.1504800021648407,0
2024-03-26,0.1509999930858612,0.1509999930858612,0.13500000536441803,0.13500000536441803,0.11880000680685043,552000
2024-03-27,0.13500000536441803,0.13500000536441803,0.13500000536441803,0.13500000536441803,0.11880000680685043,0
2024-03-28,0.13500000536441803,0.13500000536441803,0.13500000536441803,0.13500000536441803,0.11880000680685043,0
2024-04-02,0.13500000536441803,0.13500000536441803,0.13500000536441803,0.13500000536441803,0.11880000680685043,0
2024-04-03,0.13500000536441803,0.13500000536441803,0.13500000536441803,0.13500000536441803,0.11880000680685043,0
2024-04-05,0.13500000536441803,0.13500000536441803,0.13500000536441803,0.13500000536441803,0.11880000680685043,0
2024-04-08,0.13500000536441803,0.13500000536441803,0.13500000536441803,0.13500000536441803,0.11880000680685043,0
2024-04-09,0.13500000536441803,0.13500000536441803,0.13500000536441803,0.13500000536441803,0.11880000680685043,0
2024-04-10,0.13500000536441803,0.13500000536441803,0.13500000536441803,0.13500000536441803,0.11880000680685043,0
2024-04-11,0.13500000536441803,0.13500000536441803,0.13500000536441803,0.13500000536441803,0.11880000680685043,0
2024-04-12,0.13500000536441803,0.13500000536441803,0.13500000536441803,0.13500000536441803,0.11880000680685043,0
2024-04-15,0.13500000536441803,0.13500000536441803,0.13500000536441803,0.13500000536441803,0.11880000680685043,0
2024-04-16,0.13500000536441803,0.13500000536441803,0.13500000536441803,0.13500000536441803,0.11880000680685043,0
2024-04-17,0.13500000536441803,0.13500000536441803,0.13500000536441803,0.13500000536441803,0.11880000680685043,0
2024-04-18,0.13500000536441803,0.13500000536441803,0.13500000536441803,0.13500000536441803,0.11880000680685043,0
2024-04-19,0.13500000536441803,0.13500000536441803,0.13500000536441803,0.13500000536441803,0.11880000680685043,0
2024-04-22,0.13500000536441803,0.13500000536441803,0.13500000536441803,0.13500000536441803,0.11880000680685043,0
2024-04-23,0.13500000536441803,0.13500000536441803,0.13500000536441803,0.13500000536441803,0.11880000680685043,0
2024-04-24,0.13500000536441803,0.13500000536441803,0.13500000536441803,0.13500000536441803,0.11880000680685043,0
2024-04-25,0.13500000536441803,0.13500000536441803,0.13500000536441803,0.13500000536441803,0.11880000680685043,0
2024-04-26,0.13500000536441803,0.13500000536441803,0.13500000536441803,0.13500000536441803,0.11880000680685043,0
2024-04-29,0.13500000536441803,0.13500000536441803,0.13500000536441803,0.13500000536441803,0.11880000680685043,0
2024-04-30,0.13500000536441803,0.13500000536441803,0.13500000536441803,0.13500000536441803,0.11880000680685043,0
2024-05-02,0.13500000536441803,0.13500000536441803,0.13500000536441803,0.13500000536441803,0.11880000680685043,0
2024-05-03,0.13500000536441803,0.13500000536441803,0.13500000536441803,0.13500000536441803,0.11880000680685043,0
2024-05-06,0.13500000536441803,0.13500000536441803,0.13500000536441803,0.13500000536441803,0.11880000680685043,0
2024-05-07,0.13500000536441803,0.13500000536441803,0.13500000536441803,0.13500000536441803,0.11880000680685043,0
2024-05-08,0.13500000536441803,0.13500000536441803,0.13500000536441803,0.13500000536441803,0.11880000680685043,0
2024-05-09,0.13500000536441803,0.13500000536441803,0.13500000536441803,0.13500000536441803,0.11880000680685043,0
2024-05-10,0.13500000536441803,0.13500000536441803,0.13500000536441803,0.13500000536441803,0.11880000680685043,0
2024-05-13,0.1340000033378601,0.1340000033378601,0.1340000033378601,0.1340000033378601,0.11792000383138657,28000
2024-05-14,0.1340000033378601,0.1340000033378601,0.1340000033378601,0.1340000033378601,0.11792000383138657,0
2024-05-16,0.1340000033378601,0.1340000033378601,0.1340000033378601,0.1340000033378601,0.11792000383138657,0
2024-05-17,0.1340000033378601,0.13500000536441803,0.1340000033378601,0.1340000033378601,0.11792000383138657,104000
2024-05-20,0.1340000033378601,0.1340000033378601,0.1340000033378601,0.1340000033378601,0.11792000383138657,0
2024-05-21,0.1340000033378601,0.1340000033378601,0.1340000033378601,0.1340000033378601,0.11792000383138657,0
2024-05-22,0.1340000033378601,0.1340000033378601,0.1340000033378601,0.1340000033378601,0.11792000383138657,0
2024-05-23,0.13300000131130219,0.13300000131130219,0.13300000131130219,0.13300000131130219,0.1170400008559227,12000
2024-05-24,0.11999999731779099,0.12300000339746475,0.11999999731779099,0.12300000339746475,0.10824000090360641,24000
2024-05-27,0.12300000339746475,0.12300000339746475,0.12300000339746475,0.12300000339746475,0.10824000090360641,0
2024-05-28,0.13500000536441803,0.13500000536441803,0.13500000536441803,0.13500000536441803,0.11880000680685043,0
2024-05-29,0.13500000536441803,0.13500000536441803,0.13500000536441803,0.13500000536441803,0.11880000680685043,0
2024-05-30,0.13500000536441803,0.13500000536441803,0.13500000536441803,0.13500000536441803,0.11880000680685043,0
2024-05-31,0.13500000536441803,0.13500000536441803,0.13500000536441803,0.13500000536441803,0.11880000680685043,0
2024-06-03,0.14900000393390656,0.14900000393390656,0.14900000393390656,0.14900000393390656,0.1311199963092804,0
2024-06-04,0.14900000393390656,0.14900000393390656,0.14900000393390656,0.14900000393390656,0.1311199963092804,0
2024-06-05,0.14900000393390656,0.14900000393390656,0.14900000393390656,0.14900000393390656,0.1311199963092804,0
2024-06-06,0.14900000393390656,0.14900000393390656,0.14900000393390656,0.14900000393390656,0.1311199963092804,0
2024-06-07,0.14900000393390656,0.14900000393390656,0.14900000393390656,0.14900000393390656,0.1311199963092804,0
2024-06-11,0.14900000393390656,0.14900000393390656,0.14900000393390656,0.14900000393390656,0.1311199963092804,340000
2024-06-12,0.15000000596046448,0.15000000596046448,0.15000000596046448,0.15000000596046448,0.13199999928474426,100000
2024-06-13,0.15000000596046448,0.15000000596046448,0.15000000596046448,0.15000000596046448,0.13199999928474426,0
2024-06-14,0.15000000596046448,0.15000000596046448,0.15000000596046448,0.15000000596046448,0.13199999928474426,0
2024-06-17,0.15000000596046448,0.15000000596046448,0.15000000596046448,0.15000000596046448,0.13199999928474426,0
2024-06-18,0.15000000596046448,0.15000000596046448,0.15000000596046448,0.15000000596046448,0.13199999928474426,24000
2024-06-19,0.14000000059604645,0.14900000393390656,0.14499999582767487,0.14499999582767487,0.12759999930858612,56000
2024-06-20,0.1459999978542328,0.1459999978542328,0.1459999978542328,0.1459999978542328,0.12848000228405,0
2024-06-21,0.14800000190734863,0.14800000190734863,0.14800000190734863,0.14900000393390656,0.1311199963092804,140000
2024-06-24,0.15000000596046448,0.15000000596046448,0.15000000596046448,0.15000000596046448,0.13199999928474426,356000
2024-06-25,0.15000000596046448,0.15000000596046448,0.15000000596046448,0.15000000596046448,0.13199999928474426,0
2024-06-26,0.14800000190734863,0.14800000190734863,0.14499999582767487,0.14499999582767487,0.12759999930858612,156000
2024-06-27,0.14499999582767487,0.14499999582767487,0.14499999582767487,0.14499999582767487,0.12759999930858612,0
2024-06-28,0.14499999582767487,0.14499999582767487,0.14499999582767487,0.14499999582767487,0.12759999930858612,0
2024-07-02,0.14499999582767487,0.14499999582767487,0.14499999582767487,0.14499999582767487,0.12759999930858612,0
2024-07-03,0.14499999582767487,0.14499999582767487,0.14499999582767487,0.14499999582767487,0.12759999930858612,0
2024-07-04,0.14499999582767487,0.14499999582767487,0.14499999582767487,0.14499999582767487,0.12759999930858612,0
2024-07-08,0.14499999582767487,0.14499999582767487,0.14499999582767487,0.14499999582767487,0.12759999930858612,0
2024-07-09,0.14499999582767487,0.14499999582767487,0.14499999582767487,0.14499999582767487,0.12759999930858612,0
2024-07-10,0.14499999582767487,0.14499999582767487,0.14499999582767487,0.14499999582767487,0.12759999930858612,0
2024-07-11,0.14399999380111694,0.1459999978542328,0.14399999380111694,0.14499999582767487,0.12759999930858612,272000
2024-07-12,0.14499999582767487,0.14499999582767487,0.14499999582767487,0.14499999582767487,0.12759999930858612,0
2024-07-15,0.14499999582767487,0.14499999582767487,0.14499999582767487,0.14499999582767487,0.12759999930858612,0
2024-07-16,0.15000000596046448,0.15000000596046448,0.13899999856948853,0.13899999856948853,0.12231999635696411,100000
2024-07-17,0.14399999380111694,0.14399999380111694,0.14399999380111694,0.14399999380111694,0.12671999633312225,0
2024-07-18,0.14399999380111694,0.14399999380111694,0.14399999380111694,0.14399999380111694,0.12671999633312225,0
2024-07-19,0.15399999916553497,0.15700000524520874,0.15399999916553497,0.15700000524520874,0.13816000521183014,124000
2024-07-22,0.15700000524520874,0.15700000524520874,0.15600000321865082,0.15700000524520874,0.13816000521183014,460000
2024-07-23,0.15700000524520874,0.19099999964237213,0.15700000524520874,0.19099999964237213,0.16808000206947327,152000
2024-07-24,0.20900000631809235,0.2150000035762787,0.19499999284744263,0.2150000035762787,0.1891999989748001,364000
2024-07-25,0.2150000035762787,0.2199999988079071,0.2150000035762787,0.2199999988079071,0.19359999895095825,100000
2024-07-26,0.20000000298023224,0.20000000298023224,0.20000000298023224,0.20000000298023224,0.17599999904632568,28000
2024-07-29,0.1899999976158142,0.20499999821186066,0.1899999976158142,0.20499999821186066,0.18039999902248383,396000
2024-07-30,0.20499999821186066,0.20499999821186066,0.20499999821186066,0.20499999821186066,0.18039999902248383,0
2024-07-31,0.20499999821186066,0.20499999821186066,0.20499999821186066,0.20499999821186066,0.18039999902248383,0
2024-08-01,0.20499999821186066,0.20499999821186066,0.20499999821186066,0.20499999821186066,0.18039999902248383,0
2024-08-02,0.20499999821186066,0.20499999821186066,0.20499999821186066,0.20499999821186066,0.18039999902248383,0
2024-08-05,0.20499999821186066,0.20499999821186066,0.20499999821186066,0.20499999821186066,0.18039999902248383,0
2024-08-06,0.20000000298023224,0.20000000298023224,0.20000000298023224,0.20000000298023224,0.17599999904632568,4000
2024-08-07,0.20000000298023224,0.20000000298023224,0.20000000298023224,0.20000000298023224,0.17599999904632568,0
2024-08-08,0.1899999976158142,0.1899999976158142,0.1899999976158142,0.1899999976158142,0.1899999976158142,0
2024-08-09,0.19099999964237213,0.19099999964237213,0.19099999964237213,0.19099999964237213,0.19099999964237213,0
2024-08-12,0.19099999964237213,0.19099999964237213,0.19099999964237213,0.19099999964237213,0.19099999964237213,0
2024-08-13,0.19099999964237213,0.19099999964237213,0.19099999964237213,0.19099999964237213,0.19099999964237213,0
2024-08-14,0.19099999964237213,0.19099999964237213,0.19099999964237213,0.19099999964237213,0.19099999964237213,0
2024-08-15,0.19099999964237213,0.19099999964237213,0.19099999964237213,0.19099999964237213,0.19099999964237213,0
2024-08-16,0.19099999964237213,0.19099999964237213,0.19099999964237213,0.19099999964237213,0.19099999964237213,0
2024-08-19,0.19900000095367432,0.20000000298023224,0.19900000095367432,0.20000000298023224,0.20000000298023224,104000
2024-08-20,0.20000000298023224,0.20000000298023224,0.20000000298023224,0.20000000298023224,0.20000000298023224,0
2024-08-21,0.20000000298023224,0.20000000298023224,0.20000000298023224,0.20000000298023224,0.20000000298023224,0
2024-08-22,0.20000000298023224,0.20000000298023224,0.20000000298023224,0.20000000298023224,0.20000000298023224,0
2024-08-23,0.19099999964237213,0.19099999964237213,0.19099999964237213,0.19099999964237213,0.19099999964237213,28000
2024-08-26,0.19099999964237213,0.19099999964237213,0.19099999964237213,0.19099999964237213,0.19099999964237213,32000
2024-08-27,0.19099999964237213,0.19099999964237213,0.19099999964237213,0.19099999964237213,0.19099999964237213,0
2024-08-28,0.19099999964237213,0.19099999964237213,0.19099999964237213,0.19099999964237213,0.19099999964237213,0
2024-08-29,0.19099999964237213,0.19099999964237213,0.19099999964237213,0.19099999964237213,0.19099999964237213,0
2024-08-30,0.19099999964237213,0.19099999964237213,0.19099999964237213,0.19099999964237213,0.19099999964237213,0
2024-09-02,0.19099999964237213,0.19099999964237213,0.19099999964237213,0.19099999964237213,0.19099999964237213,0
2024-09-03,0.19300000369548798,0.19300000369548798,0.19300000369548798,0.19300000369548798,0.19300000369548798,0
2024-09-04,0.19099999964237213,0.19099999964237213,0.19099999964237213,0.19099999964237213,0.19099999964237213,0
2024-09-05,0.19099999964237213,0.19099999964237213,0.19099999964237213,0.19099999964237213,0.19099999964237213,0
2024-09-09,0.20200000703334808,0.20200000703334808,0.19099999964237213,0.19099999964237213,0.19099999964237213,56000
2024-09-10,0.19099999964237213,0.19099999964237213,0.19099999964237213,0.19099999964237213,0.19099999964237213,0
2024-09-11,0.19499999284744263,0.19499999284744263,0.19200000166893005,0.19200000166893005,0.19200000166893005,104000
2024-09-12,0.19200000166893005,0.19200000166893005,0.19200000166893005,0.19200000166893005,0.19200000166893005,0
2024-09-13,0.19499999284744263,0.19499999284744263,0.19099999964237213,0.19099999964237213,0.19099999964237213,136000
2024-09-16,0.19099999964237213,0.19099999964237213,0.19099999964237213,0.19099999964237213,0.19099999964237213,0
2024-09-17,0.1899999976158142,0.1899999976158142,0.1899999976158142,0.1899999976158142,0.1899999976158142,0
2024-09-19,0.1899999976158142,0.1899999976158142,0.1899999976158142,0.1899999976158142,0.1899999976158142,0
2024-09-20,0.1899999976158142,0.1899999976158142,0.1899999976158142,0.1899999976158142,0.1899999976158142,0
2024-09-23,0.1899999976158142,0.1899999976158142,0.1899999976158142,0.1899999976158142,0.1899999976158142,0
2024-09-24,0.1899999976158142,0.1899999976158142,0.1899999976158142,0.1899999976158142,0.1899999976158142,2100000
2024-09-25,0.19099999964237213,0.19099999964237213,0.1899999976158142,0.19099999964237213,0.19099999964237213,2260000
2024-09-26,0.1899999976158142,0.1899999976158142,0.1899999976158142,0.1899999976158142,0.1899999976158142,808000
2024-09-27,0.19099999964237213,0.19099999964237213,0.1899999976158142,0.1899999976158142,0.1899999976158142,12000
2024-09-30,0.1899999976158142,0.1899999976158142,0.1899999976158142,0.1899999976158142,0.1899999976158142,0
2024-10-02,0.1889999955892563,0.1889999955892563,0.1889999955892563,0.1889999955892563,0.1889999955892563,0
2024-10-03,0.1889999955892563,0.1889999955892563,0.1889999955892563,0.1889999955892563,0.1889999955892563,0
2024-10-04,0.1889999955892563,0.1889999955892563,0.1889999955892563,0.1889999955892563,0.1889999955892563,0
2024-10-07,0.1889999955892563,0.1889999955892563,0.1889999955892563,0.1889999955892563,0.1889999955892563,0
2024-10-08,0.18799999356269836,0.18799999356269836,0.18799999356269836,0.18799999356269836,0.18799999356269836,0
2024-10-09,0.18799999356269836,0.18799999356269836,0.18799999356269836,0.18799999356269836,0.18799999356269836,0
2024-10-10,0.18799999356269836,0.18799999356269836,0.18799999356269836,0.18799999356269836,0.18799999356269836,0
2024-10-14,0.18700000643730164,0.18700000643730164,0.18700000643730164,0.18700000643730164,0.18700000643730164,0
2024-10-15,0.1850000023841858,0.1850000023841858,0.1850000023841858,0.1850000023841858,0.1850000023841858,0
2024-10-16,0.1850000023841858,0.1850000023841858,0.1850000023841858,0.1850000023841858,0.1850000023841858,0
2024-10-17,0.18400000035762787,0.18400000035762787,0.18400000035762787,0.18400000035762787,0.18400000035762787,0
2024-10-18,0.18400000035762787,0.18400000035762787,0.18400000035762787,0.18400000035762787,0.18400000035762787,0
2024-10-21,0.18400000035762787,0.18400000035762787,0.18400000035762787,0.18400000035762787,0.18400000035762787,0
2024-10-22,0.18400000035762787,0.18400000035762787,0.18400000035762787,0.18400000035762787,0.18400000035762787,0
2024-10-23,0.18400000035762787,0.18400000035762787,0.18400000035762787,0.18400000035762787,0.18400000035762787,0
2024-10-24,0.18000000715255737,0.18000000715255737,0.18000000715255737,0.18000000715255737,0.18000000715255737,0
2024-10-25,0.18000000715255737,0.18000000715255737,0.18000000715255737,0.18000000715255737,0.18000000715255737,0
2024-10-28,0.18000000715255737,0.18000000715255737,0.18000000715255737,0.18000000715255737,0.18000000715255737,0
2024-10-29,0.18000000715255737,0.18000000715255737,0.18000000715255737,0.18000000715255737,0.18000000715255737,0
2024-10-30,0.18000000715255737,0.18000000715255737,0.18000000715255737,0.18000000715255737,0.18000000715255737,0
2024-10-31,0.18000000715255737,0.18000000715255737,0.18000000715255737,0.18000000715255737,0.18000000715255737,0
2024-11-01,0.18000000715255737,0.18000000715255737,0.18000000715255737,0.18000000715255737,0.18000000715255737,0
2024-11-04,0.18000000715255737,0.1809999942779541,0.18000000715255737,0.18000000715255737,0.18000000715255737,13652000
2024-11-05,0.1889999955892563,0.19900000095367432,0.1889999955892563,0.19499999284744263,0.19499999284744263,2444000
2024-11-06,0.19499999284744263,0.20499999821186066,0.19499999284744263,0.20999999344348907,0.20999999344348907,580000
2024-11-07,0.20999999344348907,0.3499999940395355,0.20999999344348907,0.2549999952316284,0.2549999952316284,15492000
