Date,Open,High,Low,Close,Adj Close,Volume
2014-06-30,4.0,4.75,4.0,4.599999904632568,3.898000955581665,80284320
2014-07-02,4.599999904632568,5.349999904632568,4.599999904632568,4.880000114440918,4.135270595550537,26561564
2014-07-03,4.880000114440918,5.579999923706055,4.880000114440918,5.559999942779541,4.711496829986572,8417772
2014-07-04,5.590000152587891,5.610000133514404,5.150000095367432,5.179999828338623,4.3894877433776855,7512575
2014-07-07,5.179999828338623,5.5,5.099999904632568,5.349999904632568,4.533544540405273,3340709
2014-07-08,5.400000095367432,5.699999809265137,5.210000038146973,5.559999942779541,4.711496829986572,4030061
2014-07-09,5.550000190734863,5.550000190734863,5.25,5.349999904632568,4.533544540405273,2504305
2014-07-10,5.309999942779541,5.570000171661377,5.28000020980835,5.309999942779541,4.4996490478515625,1319065
2014-07-11,5.320000171661377,5.400000095367432,4.699999809265137,4.900000095367432,4.152218818664551,8554521
2014-07-14,5.0,5.019999980926514,4.760000228881836,4.78000020980835,4.05053186416626,2991384
2014-07-15,4.949999809265137,5.0,4.730000019073486,4.769999980926514,4.042057514190674,2798000
2014-07-16,4.800000190734863,4.949999809265137,4.710000038146973,4.78000020980835,4.05053186416626,1640000
2014-07-17,4.75,4.849999904632568,4.739999771118164,4.800000190734863,4.067479610443115,1602043
2014-07-18,4.800000190734863,5.199999809265137,4.800000190734863,4.929999828338623,4.177639961242676,1653129
2014-07-21,4.940000057220459,5.010000228881836,4.849999904632568,4.860000133514404,4.118322849273682,1747982
2014-07-22,4.900000095367432,5.019999980926514,4.900000095367432,4.960000038146973,4.203062534332275,1972000
2014-07-23,4.960000038146973,5.090000152587891,4.960000038146973,5.090000152587891,4.313223361968994,2026000
2014-07-24,5.03000020980835,5.130000114440918,4.949999809265137,5.050000190734863,4.279327392578125,927000
2014-07-25,5.050000190734863,5.130000114440918,4.920000076293945,4.989999771118164,4.2284836769104,1309000
2014-07-28,5.0,5.0,4.75,4.809999942779541,4.075952529907227,2311000
2014-07-29,4.820000171661377,5.0,4.769999980926514,4.909999847412109,4.1606926918029785,2455378
2014-07-30,4.900000095367432,4.960000038146973,4.849999904632568,4.880000114440918,4.135270595550537,1617222
2014-07-31,4.880000114440918,4.880000114440918,4.880000114440918,4.880000114440918,4.135270595550537,0
2014-08-01,4.880000114440918,4.880000114440918,4.880000114440918,4.880000114440918,4.135270595550537,0
2014-08-04,4.880000114440918,4.880000114440918,4.880000114440918,4.880000114440918,4.135270595550537,0
2014-08-05,4.880000114440918,4.880000114440918,4.880000114440918,4.880000114440918,4.135270595550537,0
2014-08-06,4.880000114440918,4.880000114440918,4.880000114440918,4.880000114440918,4.135270595550537,0
2014-08-07,4.880000114440918,4.880000114440918,4.880000114440918,4.880000114440918,4.135270595550537,0
2014-08-08,4.880000114440918,4.880000114440918,4.880000114440918,4.880000114440918,4.135270595550537,0
2014-08-11,4.880000114440918,4.880000114440918,4.880000114440918,4.880000114440918,4.135270595550537,0
2014-08-12,4.880000114440918,4.880000114440918,4.880000114440918,4.880000114440918,4.135270595550537,0
2014-08-13,4.880000114440918,4.880000114440918,4.880000114440918,4.880000114440918,4.135270595550537,0
2014-08-14,4.880000114440918,4.880000114440918,4.880000114440918,4.880000114440918,4.135270595550537,0
2014-08-15,4.880000114440918,4.880000114440918,4.880000114440918,4.880000114440918,4.135270595550537,0
2014-08-18,4.880000114440918,4.880000114440918,4.880000114440918,4.880000114440918,4.135270595550537,0
2014-08-19,4.880000114440918,4.880000114440918,4.880000114440918,4.880000114440918,4.135270595550537,0
2014-08-20,4.880000114440918,4.880000114440918,4.880000114440918,4.880000114440918,4.135270595550537,0
2014-08-21,4.880000114440918,4.880000114440918,4.880000114440918,4.880000114440918,4.135270595550537,0
2014-08-22,4.880000114440918,4.880000114440918,4.880000114440918,4.880000114440918,4.135270595550537,0
2014-08-25,4.880000114440918,4.880000114440918,4.880000114440918,4.880000114440918,4.135270595550537,0
2014-08-26,4.880000114440918,4.880000114440918,4.880000114440918,4.880000114440918,4.135270595550537,0
2014-08-27,4.880000114440918,4.880000114440918,4.880000114440918,4.880000114440918,4.135270595550537,0
2014-08-28,4.880000114440918,4.880000114440918,4.880000114440918,4.880000114440918,4.135270595550537,0
2014-08-29,4.880000114440918,4.880000114440918,4.880000114440918,4.880000114440918,4.135270595550537,0
2014-09-01,4.880000114440918,4.880000114440918,4.880000114440918,4.880000114440918,4.135270595550537,0
2014-09-02,4.880000114440918,4.880000114440918,4.880000114440918,4.880000114440918,4.135270595550537,0
2014-09-03,4.880000114440918,4.880000114440918,4.880000114440918,4.880000114440918,4.135270595550537,0
2014-09-04,4.880000114440918,4.880000114440918,4.880000114440918,4.880000114440918,4.135270595550537,0
2014-09-05,4.880000114440918,4.880000114440918,4.880000114440918,4.880000114440918,4.135270595550537,0
2014-09-08,4.880000114440918,4.880000114440918,4.880000114440918,4.880000114440918,4.135270595550537,0
2014-09-10,4.880000114440918,4.880000114440918,4.880000114440918,4.880000114440918,4.135270595550537,0
2014-09-11,4.880000114440918,4.880000114440918,4.880000114440918,4.880000114440918,4.135270595550537,0
2014-09-12,4.880000114440918,4.880000114440918,4.880000114440918,4.880000114440918,4.135270595550537,0
2014-09-15,4.880000114440918,4.880000114440918,4.880000114440918,4.880000114440918,4.135270595550537,0
2014-09-16,4.880000114440918,4.880000114440918,4.880000114440918,4.880000114440918,4.135270595550537,0
2014-09-17,4.880000114440918,4.880000114440918,4.880000114440918,4.880000114440918,4.135270595550537,0
2014-09-18,4.880000114440918,4.880000114440918,4.880000114440918,4.880000114440918,4.135270595550537,0
2014-09-19,4.880000114440918,4.880000114440918,4.880000114440918,4.880000114440918,4.135270595550537,0
2014-09-22,4.880000114440918,4.880000114440918,4.880000114440918,4.880000114440918,4.135270595550537,0
2014-09-23,4.880000114440918,4.880000114440918,4.880000114440918,4.880000114440918,4.135270595550537,0
2014-09-24,4.880000114440918,4.880000114440918,4.880000114440918,4.880000114440918,4.135270595550537,0
2014-09-25,4.880000114440918,4.880000114440918,4.880000114440918,4.880000114440918,4.135270595550537,0
2014-09-26,4.880000114440918,4.880000114440918,4.880000114440918,4.880000114440918,4.135270595550537,0
2014-09-29,4.880000114440918,4.880000114440918,4.880000114440918,4.880000114440918,4.135270595550537,0
2014-09-30,4.880000114440918,4.880000114440918,4.880000114440918,4.880000114440918,4.135270595550537,0
2014-10-03,4.880000114440918,4.880000114440918,4.880000114440918,4.880000114440918,4.135270595550537,0
2014-10-06,4.880000114440918,4.880000114440918,4.880000114440918,4.880000114440918,4.135270595550537,0
2014-10-07,4.880000114440918,4.880000114440918,4.880000114440918,4.880000114440918,4.135270595550537,0
2014-10-08,4.880000114440918,4.880000114440918,4.880000114440918,4.880000114440918,4.135270595550537,0
2014-10-09,4.880000114440918,4.880000114440918,4.880000114440918,4.880000114440918,4.135270595550537,0
2014-10-10,7.010000228881836,7.210000038146973,7.010000228881836,7.019999980926514,5.948688983917236,900000
2014-10-13,6.909999847412109,7.150000095367432,6.900000095367432,7.059999942779541,5.982583999633789,630000
2014-10-14,6.900000095367432,6.96999979019165,6.829999923706055,6.849999904632568,5.804632186889648,1413000
2014-10-15,6.800000190734863,7.300000190734863,6.800000190734863,7.21999979019165,6.118166923522949,733000
2014-10-16,7.070000171661377,7.25,7.050000190734863,7.130000114440918,6.041901588439941,490000
2014-10-17,7.110000133514404,7.150000095367432,7.070000171661377,7.099999904632568,6.016479969024658,357000
2014-10-20,7.039999961853027,7.269999980926514,7.039999961853027,7.179999828338623,6.08427095413208,276000
2014-10-21,7.159999847412109,7.300000190734863,6.989999771118164,7.0,5.9317402839660645,781000
2014-10-22,7.170000076293945,7.170000076293945,7.0,7.050000190734863,5.9741106033325195,204000
2014-10-23,7.0,7.269999980926514,6.800000190734863,6.949999809265137,5.889371395111084,1093000
2014-10-24,6.900000095367432,7.099999904632568,6.900000095367432,6.949999809265137,5.889371395111084,199000
2014-10-27,6.909999847412109,6.909999847412109,6.610000133514404,6.699999809265137,5.677523136138916,843000
2014-10-28,6.800000190734863,6.889999866485596,6.699999809265137,6.820000171661377,5.779210567474365,1156000
2014-10-29,6.800000190734863,7.150000095367432,6.800000190734863,7.0,5.9317402839660645,1284052
2014-10-30,6.929999828338623,7.150000095367432,6.900000095367432,7.010000228881836,5.94021463394165,804000
2014-10-31,7.159999847412109,7.320000171661377,7.0,7.21999979019165,6.118166923522949,1192000
2014-11-03,7.300000190734863,7.5,7.230000019073486,7.420000076293945,6.28764533996582,1389000
2014-11-04,7.400000095367432,7.599999904632568,7.260000228881836,7.449999809265137,6.3130669593811035,3311000
2014-11-05,7.460000038146973,7.480000019073486,7.190000057220459,7.199999809265137,6.1012187004089355,913000
2014-11-06,7.389999866485596,7.409999847412109,7.099999904632568,7.230000019073486,6.126640796661377,336000
2014-11-07,7.289999961853027,7.380000114440918,7.139999866485596,7.28000020980835,6.169010639190674,785000
2014-11-10,7.480000019073486,7.480000019073486,7.050000190734863,7.099999904632568,6.016479969024658,834000
2014-11-11,7.099999904632568,7.28000020980835,6.949999809265137,6.980000019073486,5.914793014526367,833000
2014-11-12,7.070000171661377,7.070000171661377,6.889999866485596,6.949999809265137,5.889371395111084,942000
2014-11-13,6.889999866485596,7.03000020980835,6.889999866485596,6.940000057220459,5.88089656829834,429000
2014-11-14,7.25,7.25,6.809999942779541,6.960000038146973,5.897845268249512,698000
2014-11-17,7.090000152587891,7.090000152587891,6.840000152587891,6.920000076293945,5.863949298858643,554000
2014-11-18,7.099999904632568,7.099999904632568,6.809999942779541,6.860000133514404,5.813105583190918,1364000
2014-11-19,7.079999923706055,7.079999923706055,6.710000038146973,6.909999847412109,5.855475425720215,436000
2014-11-20,6.909999847412109,7.03000020980835,6.840000152587891,7.010000228881836,5.94021463394165,500000
2014-11-21,7.070000171661377,7.070000171661377,6.800000190734863,6.909999847412109,5.855475425720215,519000
2014-11-24,7.019999980926514,7.050000190734863,6.679999828338623,6.909999847412109,5.855475425720215,1386000
2014-11-25,6.960000038146973,6.960000038146973,6.409999847412109,6.53000020980835,5.533466815948486,3082130
2014-11-26,6.5,6.690000057220459,6.110000133514404,6.199999809265137,5.253827095031738,4560602
2014-11-27,6.28000020980835,6.300000190734863,5.849999904632568,6.070000171661377,5.143666744232178,2054000
2014-11-28,5.96999979019165,6.289999961853027,5.96999979019165,6.230000019073486,5.27924919128418,1484613
2014-12-01,6.28000020980835,6.300000190734863,6.059999942779541,6.110000133514404,5.177562236785889,1306000
2014-12-02,6.110000133514404,6.210000038146973,5.769999980926514,5.800000190734863,4.914870738983154,2112000
2014-12-03,5.849999904632568,6.300000190734863,5.710000038146973,6.28000020980835,5.321619033813477,2076000
2014-12-04,6.170000076293945,6.239999771118164,6.0,6.079999923706055,5.152140140533447,2603000
2014-12-05,6.019999980926514,6.179999828338623,5.809999942779541,6.110000133514404,5.177562236785889,1961000
2014-12-08,6.179999828338623,6.300000190734863,5.900000095367432,6.150000095367432,5.2114577293396,1672326
2014-12-09,6.150000095367432,6.150000095367432,5.949999809265137,6.099999904632568,5.169088363647461,1159000
2014-12-10,6.099999904632568,6.25,6.039999961853027,6.239999771118164,5.287723064422607,649000
2014-12-11,6.090000152587891,6.429999828338623,6.090000152587891,6.260000228881836,5.304671287536621,1070000
2014-12-12,6.239999771118164,6.550000190734863,6.190000057220459,6.5,5.508045196533203,1090000
2014-12-15,6.5,6.539999961853027,6.369999885559082,6.5,5.508045196533203,1103000
2014-12-16,6.480000019073486,6.489999771118164,6.21999979019165,6.420000076293945,5.440253257751465,387000
2014-12-17,6.010000228881836,6.409999847412109,6.010000228881836,6.079999923706055,5.152140140533447,585000
2014-12-18,6.110000133514404,6.360000133514404,6.059999942779541,6.199999809265137,5.253827095031738,3344000
2014-12-19,6.300000190734863,6.650000095367432,6.150000095367432,6.579999923706055,5.575836658477783,4918000
2014-12-22,6.590000152587891,6.610000133514404,6.360000133514404,6.480000019073486,5.4910969734191895,317000
2014-12-23,6.5,6.5,5.989999771118164,6.25,5.296196460723877,1322000
2014-12-24,6.239999771118164,6.550000190734863,6.0,6.460000038146973,5.474149703979492,1120000
2014-12-29,6.679999828338623,6.860000133514404,6.599999904632568,6.75,5.719892501831055,905000
2014-12-30,6.710000038146973,6.849999904632568,6.599999904632568,6.690000057220459,5.66904878616333,900000
2014-12-31,6.599999904632568,6.75,6.510000228881836,6.739999771118164,5.711419105529785,546000
2015-01-02,6.75,6.75,6.599999904632568,6.730000019073486,5.702944755554199,617000
2015-01-05,6.800000190734863,6.980000019073486,6.71999979019165,6.889999866485596,5.838527679443359,1986000
2015-01-06,6.889999866485596,7.190000057220459,6.889999866485596,7.03000020980835,5.957162857055664,1688260
2015-01-07,7.0,7.03000020980835,6.809999942779541,7.0,5.9317402839660645,492000
2015-01-08,7.010000228881836,7.139999866485596,6.960000038146973,7.099999904632568,6.016479969024658,780000
2015-01-09,7.119999885559082,7.159999847412109,7.019999980926514,7.099999904632568,6.016479969024658,401000
2015-01-12,7.079999923706055,7.079999923706055,6.900000095367432,6.989999771118164,5.923266887664795,442000
2015-01-13,7.010000228881836,7.03000020980835,6.860000133514404,7.010000228881836,5.94021463394165,738000
2015-01-14,6.949999809265137,7.090000152587891,6.949999809265137,7.010000228881836,5.94021463394165,2439777
2015-01-15,6.920000076293945,7.139999866485596,6.449999809265137,6.5,5.508045196533203,2369000
2015-01-16,6.559999942779541,6.75,6.269999980926514,6.5,5.508045196533203,1792000
2015-01-19,6.699999809265137,6.699999809265137,6.179999828338623,6.179999828338623,5.236879348754883,1000000
2015-01-20,6.150000095367432,6.579999923706055,6.150000095367432,6.400000095367432,5.423306941986084,889000
2015-01-21,6.400000095367432,6.510000228881836,6.25,6.309999942779541,5.347039699554443,782060
2015-01-22,6.269999980926514,6.28000020980835,6.159999847412109,6.199999809265137,5.253827095031738,847000
2015-01-23,6.210000038146973,6.269999980926514,5.949999809265137,6.179999828338623,5.236879348754883,378000
2015-01-26,6.239999771118164,6.239999771118164,5.989999771118164,6.079999923706055,5.152140140533447,842000
2015-01-27,6.079999923706055,6.170000076293945,5.949999809265137,6.099999904632568,5.169088363647461,406000
2015-01-28,6.110000133514404,6.179999828338623,6.059999942779541,6.090000152587891,5.160614967346191,322000
2015-01-29,6.090000152587891,6.309999942779541,6.090000152587891,6.309999942779541,5.347039699554443,476000
2015-01-30,6.320000171661377,6.320000171661377,6.099999904632568,6.199999809265137,5.253827095031738,177000
2015-02-02,6.139999866485596,6.199999809265137,6.039999961853027,6.079999923706055,5.152140140533447,152000
2015-02-03,6.119999885559082,6.190000057220459,5.900000095367432,6.190000057220459,5.2453532218933105,655000
2015-02-04,6.179999828338623,6.260000228881836,6.079999923706055,6.119999885559082,5.186036109924316,99000
2015-02-05,6.130000114440918,6.389999866485596,6.119999885559082,6.349999904632568,5.380936145782471,716000
2015-02-06,6.320000171661377,6.340000152587891,6.0,6.199999809265137,5.253827095031738,483000
2015-02-09,6.090000152587891,6.489999771118164,6.090000152587891,6.340000152587891,5.372463226318359,385000
2015-02-10,6.260000228881836,6.480000019073486,6.150000095367432,6.340000152587891,5.372463226318359,751000
2015-02-11,6.349999904632568,6.460000038146973,6.210000038146973,6.389999866485596,5.414831638336182,813000
2015-02-12,6.449999809265137,6.449999809265137,6.170000076293945,6.300000190734863,5.338566780090332,929000
2015-02-13,6.300000190734863,6.300000190734863,6.300000190734863,6.300000190734863,5.338566780090332,0
2015-02-16,6.300000190734863,6.300000190734863,6.300000190734863,6.300000190734863,5.338566780090332,0
2015-02-17,6.300000190734863,6.739999771118164,6.170000076293945,6.679999828338623,5.6605753898620605,1403000
2015-02-18,6.670000076293945,6.679999828338623,6.480000019073486,6.53000020980835,5.533466815948486,46000
2015-02-23,6.510000228881836,6.900000095367432,6.510000228881836,6.659999847412109,5.643627166748047,565000
2015-02-24,6.630000114440918,6.670000076293945,6.519999980926514,6.519999980926514,5.524993419647217,390000
2015-02-25,6.639999866485596,6.800000190734863,6.599999904632568,6.710000038146973,5.685997009277344,665065
2015-02-26,6.690000057220459,6.800000190734863,6.590000152587891,6.659999847412109,5.643627166748047,456584
2015-02-27,6.710000038146973,6.800000190734863,6.519999980926514,6.699999809265137,5.677523136138916,761000
2015-03-02,6.579999923706055,6.960000038146973,6.519999980926514,6.739999771118164,5.711419105529785,661000
2015-03-03,6.760000228881836,6.900000095367432,6.300000190734863,6.699999809265137,5.677523136138916,1465000
2015-03-04,6.690000057220459,6.739999771118164,6.5,6.539999961853027,5.541940212249756,619000
2015-03-05,6.78000020980835,6.78000020980835,6.53000020980835,6.570000171661377,5.5673627853393555,1222000
2015-03-06,6.570000171661377,6.739999771118164,6.559999942779541,6.739999771118164,5.711419105529785,1243000
2015-03-09,6.639999866485596,6.75,6.46999979019165,6.550000190734863,5.550414562225342,1110265
2015-03-10,6.599999904632568,6.829999923706055,6.449999809265137,6.710000038146973,5.685997009277344,1205000
2015-03-11,6.679999828338623,6.78000020980835,6.659999847412109,6.760000228881836,5.728367328643799,337000
2015-03-12,6.75,7.449999809265137,6.75,7.400000095367432,6.270697593688965,2309000
2015-03-13,7.400000095367432,7.400000095367432,7.210000038146973,7.400000095367432,6.270697593688965,936000
2015-03-16,7.25,7.300000190734863,7.179999828338623,7.269999980926514,6.160536766052246,617352
2015-03-17,7.349999904632568,7.349999904632568,7.170000076293945,7.300000190734863,6.185958385467529,659000
2015-03-18,7.21999979019165,7.230000019073486,7.139999866485596,7.21999979019165,6.118166923522949,995000
2015-03-19,7.320000171661377,7.320000171661377,6.900000095367432,6.949999809265137,5.889371395111084,767000
2015-03-20,7.019999980926514,7.050000190734863,6.760000228881836,6.860000133514404,5.813105583190918,2116052
2015-03-23,6.949999809265137,7.03000020980835,6.699999809265137,6.96999979019165,5.906318664550781,1295000
2015-03-24,7.039999961853027,7.369999885559082,6.869999885559082,7.360000133514404,6.236802101135254,1712000
2015-03-25,7.400000095367432,7.690000057220459,7.090000152587891,7.619999885559082,6.457123279571533,1344000
2015-03-26,7.619999885559082,7.679999828338623,7.340000152587891,7.460000038146973,6.321540832519531,629000
2015-03-27,7.489999771118164,7.5,7.260000228881836,7.409999847412109,6.279170989990234,297000
2015-03-30,7.449999809265137,8.350000381469727,7.519999980926514,8.329999923706055,7.05877161026001,4827295
2015-03-31,8.319999694824219,8.979999542236328,7.960000038146973,8.09000015258789,6.8553972244262695,2576000
2015-04-01,8.199999809265137,9.390000343322754,8.199999809265137,9.25,7.838371276855469,3279000
2015-04-02,9.270000457763672,9.960000038146973,9.270000457763672,9.859999656677246,8.355279922485352,4197000
2015-04-08,10.399999618530273,11.880000114440918,10.399999618530273,11.880000114440918,10.067010879516602,6768649
2015-04-09,12.0,13.5,10.5600004196167,11.420000076293945,9.67721176147461,7450915
2015-04-10,11.699999809265137,11.800000190734863,10.4399995803833,11.800000190734863,9.99921989440918,5458311
2015-04-13,11.979999542236328,13.199999809265137,11.979999542236328,12.479999542236328,10.575446128845215,6184168
2015-04-14,12.640000343322754,12.979999542236328,11.4399995803833,11.859999656677246,10.050063133239746,2890065
2015-04-15,11.520000457763672,11.640000343322754,10.479999542236328,11.300000190734863,9.57552433013916,3315130
2015-04-16,11.5,12.260000228881836,11.260000228881836,11.300000190734863,9.57552433013916,3559000
2015-04-17,11.119999885559082,11.699999809265137,11.119999885559082,11.260000228881836,9.541627883911133,1370000
2015-04-20,11.0,11.199999809265137,10.600000381469727,10.899999618530273,9.236566543579102,1674500
2015-04-21,11.100000381469727,11.680000305175781,10.880000114440918,11.399999618530273,9.660263061523438,1627000
2015-04-22,11.399999618530273,11.920000076293945,11.399999618530273,11.899999618530273,10.08396053314209,3219000
2015-04-23,12.15999984741211,12.15999984741211,11.359999656677246,11.520000457763672,9.761950492858887,1340879
2015-04-24,10.800000190734863,11.699999809265137,10.800000190734863,11.699999809265137,9.914482116699219,1621000
2015-04-27,11.720000267028809,11.720000267028809,10.579999923706055,10.84000015258789,9.185724258422852,3409026
2015-04-28,10.899999618530273,11.0600004196167,9.819999694824219,10.300000190734863,8.728132247924805,4006180
2015-04-29,10.420000076293945,10.800000190734863,10.039999961853027,10.65999984741211,9.033193588256836,2321002
2015-04-30,10.779999732971191,11.0,10.15999984741211,10.880000114440918,9.219619750976562,1672000
2015-05-04,10.680000305175781,11.539999961853027,10.680000305175781,11.420000076293945,9.67721176147461,2900250
2015-05-05,11.5,11.699999809265137,10.699999809265137,11.0,9.321307182312012,1485391
2015-05-06,11.34000015258789,11.399999618530273,10.960000038146973,11.399999618530273,9.660263061523438,861195
2015-05-07,11.180000305175781,11.420000076293945,10.579999923706055,10.680000305175781,9.050142288208008,746000
2015-05-08,10.699999809265137,11.199999809265137,10.579999923706055,10.880000114440918,9.219619750976562,998000
2015-05-11,11.0600004196167,11.199999809265137,10.699999809265137,11.039999961853027,9.355202674865723,1703000
2015-05-12,11.180000305175781,11.180000305175781,10.600000381469727,10.800000190734863,9.151829719543457,558000
2015-05-13,10.800000190734863,11.039999961853027,10.5,10.880000114440918,9.219619750976562,744000
2015-05-14,10.84000015258789,11.859999656677246,10.4399995803833,11.819999694824219,10.016168594360352,2408000
2015-05-15,11.899999618530273,11.899999618530273,11.15999984741211,11.399999618530273,9.660263061523438,1792000
2015-05-18,11.239999771118164,11.260000228881836,10.600000381469727,11.180000305175781,9.549225807189941,1561000
2015-05-19,10.979999542236328,11.460000038146973,10.699999809265137,11.100000381469727,9.48089599609375,1437000
2015-05-20,11.100000381469727,11.100000381469727,10.699999809265137,10.699999809265137,9.139241218566895,949000
2015-05-21,10.699999809265137,10.880000114440918,10.600000381469727,10.65999984741211,9.10507583618164,557000
2015-05-22,10.380000114440918,10.680000305175781,10.0,10.5,8.968414306640625,2317000
2015-05-26,10.520000457763672,11.539999961853027,10.520000457763672,11.100000381469727,9.48089599609375,2969000
2015-05-27,11.359999656677246,11.399999618530273,10.859999656677246,11.0600004196167,9.44672966003418,623000
2015-05-28,11.079999923706055,11.239999771118164,10.5,10.859999656677246,9.27590274810791,885000
2015-05-29,10.800000190734863,11.699999809265137,10.640000343322754,11.65999984741211,9.959211349487305,1143000
2015-06-01,11.420000076293945,11.739999771118164,11.079999923706055,11.720000267028809,10.010458946228027,2392039
2015-06-02,11.680000305175781,11.680000305175781,10.859999656677246,11.100000381469727,9.48089599609375,806000
2015-06-03,11.15999984741211,11.300000190734863,10.699999809265137,10.859999656677246,9.27590274810791,1340000
2015-06-04,10.859999656677246,10.859999656677246,10.199999809265137,10.619999885559082,9.070910453796387,1111000
2015-06-05,10.5,10.680000305175781,10.279999732971191,10.399999618530273,8.883000373840332,1058000
2015-06-08,10.5,10.600000381469727,10.140000343322754,10.239999771118164,8.746338844299316,619000
2015-06-09,10.199999809265137,10.4399995803833,9.100000381469727,9.699999809265137,8.285107612609863,1300000
2015-06-10,9.880000114440918,10.100000381469727,9.710000038146973,9.970000267028809,8.515724182128906,1146000
2015-06-11,10.0,10.319999694824219,9.9399995803833,10.199999809265137,8.712173461914062,936000
2015-06-12,10.220000267028809,10.220000267028809,9.449999809265137,9.640000343322754,8.233858108520508,3411000
2015-06-15,9.84000015258789,10.399999618530273,9.649999618530273,10.079999923706055,8.6096773147583,1136000
2015-06-16,10.380000114440918,10.380000114440918,9.84000015258789,9.859999656677246,8.421768188476562,747301
2015-06-17,9.779999732971191,10.0,9.5,9.760000228881836,8.33635425567627,855200
2015-06-18,9.850000381469727,10.199999809265137,9.680000305175781,10.15999984741211,8.678009033203125,873130
2015-06-19,10.180000305175781,10.260000228881836,9.75,9.800000190734863,8.37052059173584,1450951
2015-06-22,9.850000381469727,9.979999542236328,9.649999618530273,9.84000015258789,8.404685020446777,230000
2015-06-23,9.989999771118164,10.979999542236328,9.9399995803833,10.739999771118164,9.173405647277832,2228000
2015-06-24,10.739999771118164,10.800000190734863,10.199999809265137,10.319999694824219,8.814669609069824,814000
2015-06-25,10.319999694824219,10.420000076293945,10.100000381469727,10.119999885559082,8.643843650817871,422000
2015-06-26,10.399999618530273,10.399999618530273,9.5,9.619999885559082,8.216774940490723,598000
2015-06-29,9.619999885559082,9.619999885559082,8.59000015258789,9.25,7.900745868682861,1512000
2015-06-30,9.25,10.199999809265137,8.890000343322754,9.960000038146973,8.507181167602539,1651260
2015-07-02,9.859999656677246,9.9399995803833,8.970000267028809,9.199999809265137,7.858039379119873,1315000
2015-07-03,9.199999809265137,9.199999809265137,8.0,8.350000381469727,7.132025718688965,2641000
2015-07-06,8.350000381469727,8.350000381469727,6.170000076293945,7.090000152587891,6.05581521987915,5141000
2015-07-07,7.090000152587891,7.090000152587891,6.010000228881836,6.300000190734863,5.381048679351807,6040000
2015-07-08,6.099999904632568,6.21999979019165,5.0,5.989999771118164,5.116266250610352,7540191
2015-07-09,5.989999771118164,7.829999923706055,5.989999771118164,7.130000114440918,6.089980602264404,2660607
2015-07-10,7.699999809265137,8.0,7.320000171661377,7.519999980926514,6.423093318939209,2268000
2015-07-13,7.400000095367432,7.800000190734863,7.400000095367432,7.769999980926514,6.636627197265625,1091000
2015-07-14,7.880000114440918,8.100000381469727,7.300000190734863,7.400000095367432,6.320597171783447,1183000
2015-07-15,7.300000190734863,7.480000019073486,6.829999923706055,7.0,5.97894287109375,784000
2015-07-16,6.800000190734863,7.199999809265137,6.800000190734863,7.190000057220459,6.141228199005127,699609
2015-07-17,7.199999809265137,7.480000019073486,7.150000095367432,7.389999866485596,6.312055587768555,854000
2015-07-20,7.5,7.900000095367432,7.300000190734863,7.619999885559082,6.5085062980651855,1165000
2015-07-21,7.599999904632568,7.690000057220459,7.269999980926514,7.489999771118164,6.397468566894531,313000
2015-07-22,7.25,7.679999828338623,7.199999809265137,7.340000152587891,6.269349575042725,307000
2015-07-23,7.340000152587891,7.570000171661377,7.230000019073486,7.550000190734863,6.448716640472412,262000
2015-07-24,7.349999904632568,7.659999847412109,7.130000114440918,7.179999828338623,6.132687091827393,903000
2015-07-27,7.199999809265137,7.199999809265137,6.599999904632568,6.760000228881836,5.773951053619385,1558000
2015-07-28,6.5,6.989999771118164,6.5,6.650000095367432,5.679995536804199,717000
2015-07-29,6.53000020980835,6.900000095367432,6.400000095367432,6.599999904632568,5.637289047241211,815000
2015-07-30,6.800000190734863,7.0,6.610000133514404,6.610000133514404,5.645830154418945,992000
2015-07-31,6.889999866485596,6.889999866485596,6.519999980926514,6.579999923706055,5.620206832885742,492000
2015-08-03,6.519999980926514,6.760000228881836,6.400000095367432,6.449999809265137,5.509169101715088,661000
2015-08-04,6.260000228881836,6.550000190734863,6.199999809265137,6.449999809265137,5.509169101715088,444000
2015-08-05,6.619999885559082,6.679999828338623,6.480000019073486,6.659999847412109,5.688537120819092,352000
2015-08-06,6.590000152587891,6.710000038146973,6.53000020980835,6.590000152587891,5.628747463226318,117000
2015-08-07,6.739999771118164,6.949999809265137,6.590000152587891,6.829999923706055,5.833740234375,436000
2015-08-10,6.650000095367432,6.820000171661377,6.5,6.599999904632568,5.637289047241211,1013000
2015-08-11,6.579999923706055,6.800000190734863,6.480000019073486,6.679999828338623,5.705619812011719,2346000
2015-08-12,6.679999828338623,6.690000057220459,6.300000190734863,6.679999828338623,5.705619812011719,920000
2015-08-13,6.559999942779541,6.559999942779541,6.400000095367432,6.409999847412109,5.475003719329834,554000
2015-08-14,6.309999942779541,6.409999847412109,6.179999828338623,6.409999847412109,5.475003719329834,448990
2015-08-17,6.360000133514404,6.440000057220459,6.230000019073486,6.349999904632568,5.423755168914795,752000
2015-08-18,6.489999771118164,6.75,6.320000171661377,6.429999828338623,5.492085933685303,1477000
2015-08-19,6.349999904632568,6.489999771118164,6.050000190734863,6.239999771118164,5.329800605773926,286000
2015-08-20,6.289999961853027,6.289999961853027,5.619999885559082,5.869999885559082,5.013770580291748,1042000
2015-08-21,5.800000190734863,5.849999904632568,5.230000019073486,5.380000114440918,4.595244884490967,1886000
2015-08-24,5.300000190734863,5.300000190734863,4.75,5.059999942779541,4.3219218254089355,1832000
2015-08-25,4.949999809265137,5.5,4.949999809265137,5.130000114440918,4.381711483001709,1627306
2015-08-26,5.150000095367432,5.389999866485596,5.0,5.210000038146973,4.450041770935059,3403000
2015-08-27,5.349999904632568,5.690000057220459,5.28000020980835,5.690000057220459,4.860025882720947,1165258
2015-08-28,5.889999866485596,5.889999866485596,5.610000133514404,5.679999828338623,4.851485252380371,682000
2015-08-31,5.710000038146973,5.769999980926514,5.550000190734863,5.730000019073486,4.894191741943359,690000
2015-09-01,5.449999809265137,5.679999828338623,5.449999809265137,5.5,4.6977410316467285,436000
2015-09-02,5.349999904632568,5.590000152587891,5.190000057220459,5.539999961853027,4.731906414031982,340000
2015-09-04,5.5,5.5,5.090000152587891,5.260000228881836,4.492748260498047,1189000
2015-09-07,5.260000228881836,5.380000114440918,5.199999809265137,5.309999942779541,4.535455226898193,250000
2015-09-08,5.360000133514404,5.75,5.340000152587891,5.650000095367432,4.825860977172852,233000
2015-09-09,5.630000114440918,5.949999809265137,5.630000114440918,5.809999942779541,4.962522029876709,577000
2015-09-10,5.940000057220459,5.940000057220459,5.650000095367432,5.71999979019165,4.885650634765625,423000
2015-09-11,5.849999904632568,5.989999771118164,5.510000228881836,5.599999904632568,4.783154487609863,500000
2015-09-14,5.710000038146973,5.929999828338623,5.630000114440918,5.75,4.911273956298828,399000
2015-09-15,5.730000019073486,5.75,5.630000114440918,5.630000114440918,4.808778285980225,268000
2015-09-16,5.800000190734863,5.980000019073486,5.679999828338623,5.900000095367432,5.039394855499268,251000
2015-09-17,5.889999866485596,6.340000152587891,5.889999866485596,6.130000114440918,5.235846042633057,1072000
2015-09-18,6.010000228881836,6.630000114440918,6.010000228881836,6.28000020980835,5.363966464996338,2817285
2015-09-21,6.199999809265137,6.550000190734863,5.760000228881836,6.28000020980835,5.363966464996338,1126001
2015-09-22,6.480000019073486,6.480000019073486,6.179999828338623,6.320000171661377,5.398131847381592,338000
2015-09-23,6.269999980926514,6.269999980926514,5.900000095367432,5.96999979019165,5.099184036254883,666000
2015-09-24,6.070000171661377,6.070000171661377,5.889999866485596,5.940000057220459,5.0735602378845215,328000
2015-09-25,5.920000076293945,6.010000228881836,5.829999923706055,5.989999771118164,5.116266250610352,983000
2015-09-29,6.230000019073486,6.230000019073486,5.829999923706055,5.900000095367432,5.039394855499268,290000
2015-09-30,5.760000228881836,6.070000171661377,5.75,6.059999942779541,5.176055908203125,299000
2015-10-02,6.239999771118164,6.25,6.03000020980835,6.150000095367432,5.252928733825684,190000
2015-10-05,6.329999923706055,6.329999923706055,6.179999828338623,6.25,5.33834171295166,292000
2015-10-06,6.300000190734863,6.300000190734863,6.150000095367432,6.230000019073486,5.321259021759033,190000
2015-10-07,6.230000019073486,6.329999923706055,6.150000095367432,6.329999923706055,5.406672954559326,454000
2015-10-08,6.320000171661377,6.349999904632568,5.980000019073486,6.03000020980835,5.150432586669922,1747000
2015-10-09,6.199999809265137,6.400000095367432,6.050000190734863,6.349999904632568,5.423755168914795,1151000
2015-10-12,6.349999904632568,6.53000020980835,6.139999866485596,6.480000019073486,5.534792900085449,627000
2015-10-13,6.400000095367432,6.579999923706055,6.380000114440918,6.579999923706055,5.620206832885742,489000
2015-10-14,6.289999961853027,6.429999828338623,6.230000019073486,6.340000152587891,5.415215015411377,244000
2015-10-15,6.409999847412109,6.550000190734863,6.25,6.539999961853027,5.586040496826172,508000
2015-10-16,6.699999809265137,6.929999828338623,6.260000228881836,6.929999828338623,5.919153213500977,787000
2015-10-19,6.909999847412109,7.119999885559082,6.650000095367432,6.920000076293945,5.910612106323242,629167
2015-10-20,6.809999942779541,6.940000057220459,6.630000114440918,6.829999923706055,5.833740234375,203800
2015-10-22,6.769999980926514,6.96999979019165,6.769999980926514,6.809999942779541,5.816657543182373,319600
2015-10-23,6.929999828338623,6.929999828338623,6.760000228881836,6.909999847412109,5.90207052230835,71000
2015-10-26,6.940000057220459,7.179999828338623,6.929999828338623,7.0,5.97894287109375,302000
2015-10-27,7.03000020980835,7.099999904632568,6.630000114440918,6.769999980926514,5.782491683959961,197000
2015-10-28,6.610000133514404,6.920000076293945,6.46999979019165,6.760000228881836,5.773951053619385,190000
2015-10-29,6.46999979019165,6.889999866485596,6.460000038146973,6.730000019073486,5.748326778411865,63000
2015-10-30,6.619999885559082,6.849999904632568,6.599999904632568,6.699999809265137,5.722702503204346,214000
2015-11-02,6.599999904632568,7.25,6.579999923706055,6.900000095367432,5.893529891967773,375000
2015-11-03,6.900000095367432,7.090000152587891,6.610000133514404,6.739999771118164,5.7568678855896,340000
2015-11-04,6.880000114440918,7.329999923706055,6.78000020980835,7.079999923706055,6.0472731590271,554000
2015-11-05,7.170000076293945,7.199999809265137,6.960000038146973,7.170000076293945,6.124145984649658,341000
2015-11-06,7.170000076293945,7.179999828338623,6.900000095367432,7.0,5.97894287109375,372234
2015-11-09,6.96999979019165,7.199999809265137,6.96999979019165,7.179999828338623,6.132687091827393,642000
2015-11-10,7.179999828338623,7.179999828338623,6.800000190734863,6.940000057220459,5.927694797515869,170000
2015-11-11,6.809999942779541,6.809999942779541,6.699999809265137,6.78000020980835,5.7910332679748535,191000
2015-11-12,6.699999809265137,6.809999942779541,6.480000019073486,6.78000020980835,5.7910332679748535,539000
2015-11-13,6.5,6.590000152587891,6.349999904632568,6.559999942779541,5.603123664855957,560000
2015-11-16,6.260000228881836,6.480000019073486,6.260000228881836,6.409999847412109,5.475003719329834,367000
2015-11-17,7.289999961853027,7.289999961853027,6.349999904632568,6.53000020980835,5.5774993896484375,317000
2015-11-18,6.369999885559082,6.579999923706055,6.269999980926514,6.53000020980835,5.5774993896484375,202000
2015-11-19,6.699999809265137,6.75,6.619999885559082,6.75,5.765408992767334,173000
2015-11-20,6.309999942779541,6.889999866485596,6.309999942779541,6.800000190734863,5.8081159591674805,316000
2015-11-23,7.480000019073486,7.480000019073486,6.489999771118164,6.610000133514404,5.645830154418945,311000
2015-11-24,6.570000171661377,6.570000171661377,6.460000038146973,6.570000171661377,5.61166524887085,451000
2015-11-25,6.510000228881836,6.769999980926514,6.46999979019165,6.739999771118164,5.7568678855896,363000
2015-11-26,6.789999961853027,6.800000190734863,6.53000020980835,6.559999942779541,5.603123664855957,286000
2015-11-27,6.659999847412109,6.659999847412109,6.400000095367432,6.429999828338623,5.492085933685303,310000
2015-11-30,6.369999885559082,6.599999904632568,6.369999885559082,6.559999942779541,5.603123664855957,137000
2015-12-01,6.599999904632568,6.599999904632568,6.449999809265137,6.539999961853027,5.586040496826172,286000
2015-12-02,6.670000076293945,6.789999961853027,6.539999961853027,6.690000057220459,5.714160442352295,183000
2015-12-03,6.679999828338623,6.75,6.5,6.610000133514404,5.645830154418945,121000
2015-12-04,6.53000020980835,6.75,6.440000057220459,6.699999809265137,5.722702503204346,127000
2015-12-07,6.699999809265137,6.710000038146973,6.539999961853027,6.659999847412109,5.688537120819092,84197
2015-12-08,6.550000190734863,6.610000133514404,6.400000095367432,6.539999961853027,5.586040496826172,199000
2015-12-09,6.420000076293945,6.559999942779541,6.349999904632568,6.449999809265137,5.509169101715088,198000
2015-12-10,6.329999923706055,6.690000057220459,6.25,6.260000228881836,5.346883773803711,151000
2015-12-11,6.210000038146973,6.260000228881836,5.699999809265137,5.889999866485596,5.030853748321533,446000
2015-12-14,5.340000152587891,5.889999866485596,5.340000152587891,5.860000133514404,5.005229473114014,107000
2015-12-15,5.78000020980835,5.909999847412109,5.550000190734863,5.71999979019165,4.885650634765625,130500
2015-12-16,5.769999980926514,6.389999866485596,5.769999980926514,6.090000152587891,5.201680660247803,319821
2015-12-17,6.099999904632568,6.340000152587891,6.090000152587891,6.199999809265137,5.295634746551514,136000
2015-12-18,6.090000152587891,6.199999809265137,5.800000190734863,5.820000171661377,4.971063613891602,250179
2015-12-21,5.820000171661377,6.019999980926514,5.559999942779541,5.900000095367432,5.039394855499268,557000
2015-12-22,5.730000019073486,6.489999771118164,5.599999904632568,6.260000228881836,5.346883773803711,1067000
2015-12-23,6.21999979019165,6.289999961853027,6.03000020980835,6.260000228881836,5.346883773803711,250100
2015-12-24,5.800000190734863,6.349999904632568,5.800000190734863,6.28000020980835,5.363966464996338,103000
2015-12-28,6.199999809265137,6.309999942779541,6.130000114440918,6.190000057220459,5.287093639373779,196000
2015-12-29,6.179999828338623,6.340000152587891,6.130000114440918,6.190000057220459,5.287093639373779,132800
2015-12-30,6.210000038146973,6.400000095367432,6.179999828338623,6.400000095367432,5.466463088989258,263000
2015-12-31,6.400000095367432,6.659999847412109,6.400000095367432,6.630000114440918,5.6629133224487305,371000
2016-01-04,6.639999866485596,6.639999866485596,5.869999885559082,5.869999885559082,5.013770580291748,310000
2016-01-05,5.880000114440918,6.150000095367432,5.880000114440918,6.0,5.124807834625244,263000
2016-01-06,6.010000228881836,6.010000228881836,5.949999809265137,5.949999809265137,5.082101821899414,286039
2016-01-07,5.949999809265137,5.949999809265137,5.949999809265137,5.949999809265137,5.082101821899414,0
2016-01-08,5.880000114440918,6.0,5.880000114440918,5.989999771118164,5.116266250610352,102000
2016-01-11,5.840000152587891,5.840000152587891,5.579999923706055,5.599999904632568,4.783154487609863,433000
2016-01-12,5.590000152587891,5.690000057220459,5.260000228881836,5.460000038146973,4.663576126098633,389000
2016-01-13,5.53000020980835,5.699999809265137,5.46999979019165,5.570000171661377,4.757530212402344,414000
2016-01-14,5.090000152587891,5.480000019073486,5.090000152587891,5.449999809265137,4.655034065246582,484200
2016-01-15,5.510000228881836,5.510000228881836,5.03000020980835,5.03000020980835,4.296297550201416,2338000
2016-01-18,4.960000038146973,5.400000095367432,4.900000095367432,5.079999923706055,4.3390045166015625,301000
2016-01-19,5.010000228881836,5.25,5.0,5.199999809265137,4.441500186920166,1255000
2016-01-20,5.21999979019165,5.21999979019165,4.78000020980835,5.019999980926514,4.28775691986084,612000
2016-01-21,5.150000095367432,5.150000095367432,4.820000171661377,5.019999980926514,4.28775691986084,254000
2016-01-22,5.019999980926514,5.170000076293945,4.800000190734863,5.03000020980835,4.296297550201416,394000
2016-01-25,5.039999961853027,5.130000114440918,5.0,5.010000228881836,4.279215335845947,105000
2016-01-26,5.03000020980835,5.099999904632568,4.800000190734863,4.889999866485596,4.1767191886901855,305000
2016-01-27,4.960000038146973,5.019999980926514,4.78000020980835,4.820000171661377,4.116929054260254,277000
2016-01-28,4.769999980926514,4.849999904632568,4.769999980926514,4.78000020980835,4.082764148712158,155000
2016-01-29,4.78000020980835,5.130000114440918,4.78000020980835,5.110000133514404,4.364628314971924,180000
2016-02-01,5.190000057220459,5.190000057220459,4.96999979019165,5.150000095367432,4.398794174194336,223000
2016-02-02,5.159999847412109,5.460000038146973,5.159999847412109,5.389999866485596,4.603785991668701,486000
2016-02-03,5.400000095367432,5.400000095367432,5.170000076293945,5.230000019073486,4.467124938964844,188000
2016-02-04,5.210000038146973,5.400000095367432,5.019999980926514,5.380000114440918,4.595244884490967,150000
2016-02-05,5.5,5.599999904632568,5.5,5.519999980926514,4.7148237228393555,231000
2016-02-11,5.510000228881836,5.510000228881836,5.199999809265137,5.340000152587891,4.561079978942871,173000
2016-02-12,5.199999809265137,5.550000190734863,5.199999809265137,5.449999809265137,4.655034065246582,259000
2016-02-15,5.489999771118164,5.579999923706055,5.46999979019165,5.5,4.6977410316467285,184000
2016-02-16,5.460000038146973,5.610000133514404,5.460000038146973,5.550000190734863,4.740447998046875,252000
2016-02-17,5.539999961853027,5.599999904632568,5.369999885559082,5.570000171661377,4.757530212402344,197000
2016-02-18,5.599999904632568,5.650000095367432,5.46999979019165,5.639999866485596,4.817319869995117,331000
2016-02-19,5.559999942779541,5.760000228881836,5.559999942779541,5.679999828338623,4.851485252380371,138000
2016-02-22,5.630000114440918,5.78000020980835,5.510000228881836,5.739999771118164,4.902733325958252,265000
2016-02-23,5.699999809265137,5.699999809265137,5.610000133514404,5.630000114440918,4.808778285980225,44000
2016-02-24,5.519999980926514,5.550000190734863,5.309999942779541,5.5,4.6977410316467285,47000
2016-02-25,5.429999828338623,5.429999828338623,5.190000057220459,5.320000171661377,4.543996810913086,375000
2016-02-26,5.380000114440918,5.559999942779541,5.190000057220459,5.369999885559082,4.586702823638916,477000
2016-02-29,5.449999809265137,5.449999809265137,5.289999961853027,5.389999866485596,4.603785991668701,341000
2016-03-01,5.369999885559082,5.389999866485596,5.239999771118164,5.329999923706055,4.55253791809082,390000
2016-03-02,5.480000019073486,5.599999904632568,5.300000190734863,5.579999923706055,4.766071319580078,473000
2016-03-03,5.579999923706055,5.769999980926514,5.389999866485596,5.550000190734863,4.740447998046875,502000
2016-03-04,5.599999904632568,5.699999809265137,5.449999809265137,5.699999809265137,4.868567943572998,302000
2016-03-07,5.699999809265137,5.809999942779541,5.619999885559082,5.650000095367432,4.825860977172852,495000
2016-03-08,5.570000171661377,5.690000057220459,5.53000020980835,5.579999923706055,4.766071319580078,83575
2016-03-09,5.630000114440918,5.630000114440918,5.519999980926514,5.550000190734863,4.740447998046875,51000
2016-03-10,5.519999980926514,5.53000020980835,5.349999904632568,5.380000114440918,4.595244884490967,261000
2016-03-11,5.480000019073486,5.599999904632568,5.46999979019165,5.599999904632568,4.783154487609863,222000
2016-03-14,5.739999771118164,5.809999942779541,5.699999809265137,5.75,4.911273956298828,403500
2016-03-15,5.980000019073486,5.980000019073486,5.730000019073486,5.809999942779541,4.962522029876709,317000
2016-03-16,5.840000152587891,5.840000152587891,5.679999828338623,5.820000171661377,4.971063613891602,245000
2016-03-17,5.860000133514404,5.96999979019165,5.75,5.840000152587891,4.988146781921387,197000
2016-03-18,5.800000190734863,5.820000171661377,5.699999809265137,5.760000228881836,4.919816017150879,456000
2016-03-21,5.949999809265137,5.980000019073486,5.800000190734863,5.860000133514404,5.005229473114014,152000
2016-03-22,5.949999809265137,6.0,5.800000190734863,5.880000114440918,5.022311687469482,258000
2016-03-23,5.849999904632568,5.949999809265137,5.699999809265137,5.860000133514404,5.005229473114014,463000
2016-03-24,5.929999828338623,6.099999904632568,5.929999828338623,6.099999904632568,5.210221767425537,746000
2016-03-29,6.050000190734863,6.119999885559082,5.920000076293945,5.949999809265137,5.082101821899414,304000
2016-03-30,5.940000057220459,6.03000020980835,5.829999923706055,5.940000057220459,5.0735602378845215,349000
2016-03-31,5.940000057220459,6.119999885559082,5.900000095367432,5.940000057220459,5.0735602378845215,836000
2016-04-01,6.099999904632568,6.099999904632568,5.900000095367432,5.929999828338623,5.065018653869629,274067
2016-04-05,6.0,6.050000190734863,5.900000095367432,5.900000095367432,5.039394855499268,786000
2016-04-06,6.03000020980835,6.050000190734863,5.860000133514404,5.929999828338623,5.065018653869629,235000
2016-04-07,5.929999828338623,6.019999980926514,5.929999828338623,5.929999828338623,5.065018653869629,342000
2016-04-08,5.96999979019165,6.039999961853027,5.75,5.960000038146973,5.090643405914307,293000
2016-04-11,6.010000228881836,6.010000228881836,5.909999847412109,5.96999979019165,5.099184036254883,780060
2016-04-12,5.949999809265137,6.230000019073486,5.889999866485596,6.179999828338623,5.278552055358887,1226000
2016-04-13,6.269999980926514,6.269999980926514,6.099999904632568,6.150000095367432,5.252928733825684,525000
2016-04-14,6.300000190734863,6.300000190734863,6.139999866485596,6.239999771118164,5.329800605773926,236000
2016-04-15,6.239999771118164,6.300000190734863,5.900000095367432,6.099999904632568,5.210221767425537,225000
2016-04-18,6.010000228881836,6.059999942779541,5.989999771118164,6.059999942779541,5.176055908203125,85000
2016-04-19,6.119999885559082,6.130000114440918,5.949999809265137,6.110000133514404,5.21876335144043,238000
2016-04-20,6.170000076293945,6.170000076293945,5.949999809265137,6.050000190734863,5.167514801025391,114000
2016-04-21,6.079999923706055,6.099999904632568,5.960000038146973,5.960000038146973,5.090643405914307,305000
2016-04-22,5.960000038146973,6.119999885559082,5.960000038146973,6.0,5.124807834625244,182006
2016-04-25,6.010000228881836,6.070000171661377,5.929999828338623,5.989999771118164,5.116266250610352,270000
2016-04-26,6.03000020980835,6.03000020980835,5.96999979019165,5.980000019073486,5.107725620269775,94400
2016-04-27,6.010000228881836,6.010000228881836,5.849999904632568,5.909999847412109,5.04793643951416,317000
2016-04-28,5.989999771118164,6.019999980926514,5.929999828338623,6.0,5.124807834625244,144000
2016-04-29,5.900000095367432,5.989999771118164,5.900000095367432,5.960000038146973,5.090643405914307,94000
2016-05-03,5.949999809265137,5.980000019073486,5.949999809265137,5.980000019073486,5.107725620269775,61000
2016-05-04,5.949999809265137,6.050000190734863,5.949999809265137,6.0,5.124807834625244,196000
2016-05-05,6.0,6.039999961853027,5.949999809265137,5.989999771118164,5.116266250610352,190000
2016-05-06,5.980000019073486,5.980000019073486,5.880000114440918,5.980000019073486,5.107725620269775,262000
2016-05-09,5.78000020980835,5.96999979019165,5.78000020980835,5.829999923706055,4.979605674743652,53000
2016-05-10,5.820000171661377,5.829999923706055,5.739999771118164,5.75,4.911273956298828,62000
2016-05-11,5.829999923706055,5.829999923706055,5.760000228881836,5.769999980926514,4.9283576011657715,22000
2016-05-12,5.860000133514404,5.860000133514404,5.75,5.75,4.911273956298828,23000
2016-05-13,5.690000057220459,5.75,5.670000076293945,5.690000057220459,4.860025882720947,31000
2016-05-16,5.619999885559082,5.849999904632568,5.599999904632568,5.849999904632568,4.9966888427734375,195000
2016-05-17,5.789999961853027,5.789999961853027,5.670000076293945,5.699999809265137,4.9532389640808105,75020
2016-05-18,5.590000152587891,5.630000114440918,5.480000019073486,5.619999885559082,4.883719444274902,141000
2016-05-19,5.610000133514404,5.659999847412109,5.489999771118164,5.599999904632568,4.866339683532715,133000
2016-05-20,5.599999904632568,5.599999904632568,5.46999979019165,5.550000190734863,4.822890281677246,98000
2016-05-23,5.579999923706055,5.619999885559082,5.449999809265137,5.570000171661377,4.840270519256592,156000
2016-05-24,5.570000171661377,5.570000171661377,5.360000133514404,5.550000190734863,4.822890281677246,231000
2016-05-25,5.619999885559082,5.699999809265137,5.46999979019165,5.690000057220459,4.944549083709717,174000
2016-05-26,5.71999979019165,5.71999979019165,5.519999980926514,5.550000190734863,4.822890281677246,204000
2016-05-27,5.550000190734863,5.550000190734863,5.409999847412109,5.550000190734863,4.822890281677246,290000
2016-05-30,5.559999942779541,5.559999942779541,5.519999980926514,5.519999980926514,4.796820163726807,23000
2016-05-31,5.539999961853027,5.829999923706055,5.53000020980835,5.699999809265137,4.9532389640808105,422000
2016-06-01,5.710000038146973,5.78000020980835,5.550000190734863,5.559999942779541,4.83158016204834,64000
2016-06-02,5.71999979019165,5.840000152587891,5.650000095367432,5.650000095367432,4.909789085388184,145000
2016-06-03,5.679999828338623,5.960000038146973,5.670000076293945,5.889999866485596,5.118346214294434,258000
2016-06-06,5.880000114440918,5.880000114440918,5.699999809265137,5.820000171661377,5.0575175285339355,116000
2016-06-07,5.929999828338623,5.949999809265137,5.829999923706055,5.849999904632568,5.083587169647217,386000
2016-06-08,5.860000133514404,5.960000038146973,5.71999979019165,5.789999961853027,5.031447410583496,433300
2016-06-10,5.880000114440918,5.880000114440918,5.559999942779541,5.610000133514404,4.875029563903809,145000
2016-06-13,5.480000019073486,5.550000190734863,5.289999961853027,5.409999847412109,4.701231956481934,121200
2016-06-14,5.5,5.5,5.340000152587891,5.369999885559082,4.6664719581604,52000
2016-06-15,5.880000114440918,5.880000114440918,5.400000095367432,5.400000095367432,4.692541599273682,82000
2016-06-16,5.550000190734863,5.550000190734863,5.019999980926514,5.199999809265137,4.518743515014648,394000
2016-06-17,5.190000057220459,5.340000152587891,5.190000057220459,5.289999961853027,4.59695291519165,362000
2016-06-20,5.329999923706055,5.369999885559082,5.300000190734863,5.340000152587891,4.640402317047119,127126
2016-06-21,5.389999866485596,5.389999866485596,5.340000152587891,5.349999904632568,4.649092197418213,112000
2016-06-22,5.400000095367432,5.400000095367432,5.199999809265137,5.320000171661377,4.623022556304932,80000
2016-06-23,5.289999961853027,5.5,5.070000171661377,5.190000057220459,4.510053634643555,833000
2016-06-24,5.099999904632568,5.150000095367432,4.860000133514404,4.989999771118164,4.336256504058838,747000
2016-06-27,4.909999847412109,4.909999847412109,4.710000038146973,4.760000228881836,4.136388778686523,1492000
2016-06-28,4.940000057220459,5.170000076293945,4.880000114440918,4.900000095367432,4.258047103881836,6917006
2016-06-29,5.050000190734863,5.050000190734863,4.860000133514404,4.900000095367432,4.258047103881836,4572000
2016-06-30,5.0,5.389999866485596,4.860000133514404,5.360000133514404,4.657782554626465,2070000
2016-07-04,5.360000133514404,5.460000038146973,5.300000190734863,5.429999828338623,4.718611240386963,925000
2016-07-05,5.449999809265137,5.599999904632568,5.449999809265137,5.550000190734863,4.822890281677246,194000
2016-07-06,5.519999980926514,5.579999923706055,5.449999809265137,5.539999961853027,4.8142008781433105,316000
2016-07-07,5.659999847412109,5.739999771118164,5.5,5.699999809265137,4.9532389640808105,479000
2016-07-08,5.699999809265137,5.829999923706055,5.630000114440918,5.800000190734863,5.040137767791748,333000
2016-07-11,5.869999885559082,5.869999885559082,5.670000076293945,5.75,4.996688365936279,161000
2016-07-12,5.820000171661377,5.900000095367432,5.710000038146973,5.900000095367432,5.1270365715026855,778000
2016-07-13,6.0,6.0,5.860000133514404,5.960000038146973,5.179175853729248,780000
2016-07-14,5.989999771118164,6.0,5.840000152587891,5.889999866485596,5.118346214294434,320000
2016-07-15,5.889999866485596,5.929999828338623,5.809999942779541,5.829999923706055,5.066206932067871,98000
2016-07-18,5.78000020980835,5.909999847412109,5.769999980926514,5.820000171661377,5.0575175285339355,113000
2016-07-19,5.78000020980835,5.840000152587891,5.679999828338623,5.809999942779541,5.048827171325684,187000
2016-07-20,5.789999961853027,6.079999923706055,5.789999961853027,6.0,5.213934898376465,943000
2016-07-21,6.099999904632568,6.099999904632568,5.980000019073486,6.0,5.213934898376465,112000
2016-07-22,6.0,6.329999923706055,6.0,6.170000076293945,5.361663341522217,247091
2016-07-25,6.170000076293945,6.170000076293945,6.03000020980835,6.059999942779541,5.2660746574401855,127002
2016-07-26,6.090000152587891,6.139999866485596,5.889999866485596,5.949999809265137,5.170485496520996,484000
2016-07-27,5.920000076293945,5.920000076293945,5.510000228881836,5.78000020980835,5.0227580070495605,116100
2016-07-28,5.840000152587891,5.920000076293945,5.739999771118164,5.920000076293945,5.144415855407715,202000
2016-07-29,5.909999847412109,5.909999847412109,5.730000019073486,5.730000019073486,4.979308605194092,84400
2016-08-01,5.800000190734863,6.050000190734863,5.739999771118164,5.949999809265137,5.170485496520996,345468
2016-08-02,5.949999809265137,5.949999809265137,5.949999809265137,5.949999809265137,5.170485496520996,0
2016-08-03,5.960000038146973,6.0,5.820000171661377,5.949999809265137,5.170485496520996,47000
2016-08-04,5.949999809265137,5.980000019073486,5.769999980926514,5.940000057220459,5.1617960929870605,347000
2016-08-05,6.0,6.059999942779541,5.889999866485596,6.050000190734863,5.257384777069092,395000
2016-08-08,6.159999847412109,6.159999847412109,6.0,6.059999942779541,5.2660746574401855,213000
2016-08-09,6.199999809265137,6.199999809265137,6.059999942779541,6.190000057220459,5.3790435791015625,496000
2016-08-10,6.260000228881836,6.260000228881836,6.03000020980835,6.090000152587891,5.292144775390625,630000
2016-08-11,6.03000020980835,6.110000133514404,5.889999866485596,5.949999809265137,5.170485496520996,565000
2016-08-12,5.989999771118164,6.139999866485596,5.989999771118164,6.019999980926514,5.2313151359558105,108000
2016-08-15,5.96999979019165,6.0,5.760000228881836,5.96999979019165,5.187865257263184,306000
2016-08-16,6.0,6.010000228881836,5.909999847412109,5.929999828338623,5.153106212615967,61000
2016-08-17,6.010000228881836,6.420000076293945,6.010000228881836,6.360000133514404,5.526771068572998,1081200
2016-08-18,6.559999942779541,6.559999942779541,6.300000190734863,6.5,5.648430347442627,581000
2016-08-19,6.489999771118164,6.489999771118164,6.010000228881836,6.21999979019165,5.4051127433776855,301000
2016-08-22,6.199999809265137,6.199999809265137,6.130000114440918,6.199999809265137,5.387732982635498,60000
2016-08-23,6.130000114440918,6.130000114440918,6.059999942779541,6.070000171661377,5.2747650146484375,49000
2016-08-24,6.070000171661377,6.190000057220459,6.070000171661377,6.170000076293945,5.361663341522217,85000
2016-08-25,6.150000095367432,6.170000076293945,5.989999771118164,6.159999847412109,5.352973937988281,104000
2016-08-26,6.380000114440918,6.380000114440918,6.230000019073486,6.28000020980835,5.457252502441406,56000
2016-08-29,6.28000020980835,6.28000020980835,6.110000133514404,6.190000057220459,5.3790435791015625,34800
2016-08-30,6.190000057220459,6.230000019073486,6.079999923706055,6.230000019073486,5.413802146911621,215000
2016-08-31,6.260000228881836,6.260000228881836,6.070000171661377,6.110000133514404,5.309524059295654,64000
2016-09-01,6.110000133514404,6.110000133514404,5.909999847412109,5.989999771118164,5.205245018005371,328000
2016-09-02,6.039999961853027,6.039999961853027,5.820000171661377,5.829999923706055,5.066206932067871,341000
2016-09-05,5.900000095367432,5.929999828338623,5.840000152587891,5.909999847412109,5.135725975036621,138000
2016-09-06,5.909999847412109,6.329999923706055,5.909999847412109,6.269999980926514,5.4485626220703125,405000
2016-09-07,6.300000190734863,6.340000152587891,6.039999961853027,6.21999979019165,5.4051127433776855,418000
2016-09-08,6.380000114440918,6.380000114440918,6.099999904632568,6.329999923706055,5.500701904296875,68000
2016-09-09,6.349999904632568,6.380000114440918,6.179999828338623,6.25,5.431182861328125,286000
2016-09-12,6.159999847412109,6.159999847412109,5.949999809265137,6.0,5.213934898376465,196000
2016-09-13,6.070000171661377,6.119999885559082,5.900000095367432,5.929999828338623,5.153106212615967,296045
2016-09-14,6.039999961853027,6.039999961853027,5.679999828338623,5.710000038146973,4.961928367614746,393000
2016-09-15,5.75,5.849999904632568,5.639999866485596,5.71999979019165,4.97061824798584,547000
2016-09-19,5.71999979019165,5.71999979019165,5.449999809265137,5.639999866485596,4.90109920501709,2944542
2016-09-20,5.829999923706055,5.829999923706055,5.449999809265137,5.559999942779541,4.83158016204834,3784000
2016-09-21,5.769999980926514,5.769999980926514,5.570000171661377,5.71999979019165,4.97061824798584,609000
2016-09-22,5.840000152587891,5.860000133514404,5.659999847412109,5.690000057220459,4.944549083709717,601000
2016-09-23,5.699999809265137,5.849999904632568,5.690000057220459,5.739999771118164,4.987997531890869,529000
2016-09-26,5.699999809265137,5.789999961853027,5.510000228881836,5.519999980926514,4.796820163726807,235000
2016-09-27,5.75,5.75,5.610000133514404,5.71999979019165,4.97061824798584,83000
2016-09-28,5.599999904632568,5.699999809265137,5.46999979019165,5.639999866485596,4.90109920501709,422000
2016-09-29,5.75,5.690000057220459,5.53000020980835,5.559999942779541,4.83158016204834,74000
2016-09-30,5.579999923706055,5.579999923706055,5.449999809265137,5.449999809265137,4.73599100112915,254000
2016-10-03,5.460000038146973,5.659999847412109,5.440000057220459,5.630000114440918,4.892409801483154,107000
2016-10-04,5.639999866485596,5.659999847412109,5.449999809265137,5.610000133514404,4.875029563903809,169000
2016-10-05,5.599999904632568,5.659999847412109,5.570000171661377,5.659999847412109,4.918478488922119,74000
2016-10-06,5.71999979019165,5.809999942779541,5.650000095367432,5.78000020980835,5.0227580070495605,231000
2016-10-07,5.929999828338623,6.039999961853027,5.800000190734863,6.010000228881836,5.222626209259033,320000
2016-10-11,5.889999866485596,6.130000114440918,5.789999961853027,5.909999847412109,5.135725975036621,400000
2016-10-12,5.730000019073486,5.909999847412109,5.46999979019165,5.800000190734863,5.040137767791748,607000
2016-10-13,5.800000190734863,5.869999885559082,5.699999809265137,5.760000228881836,5.005378246307373,422391
2016-10-14,5.739999771118164,5.889999866485596,5.730000019073486,5.820000171661377,5.0575175285339355,128000
2016-10-17,5.769999980926514,5.809999942779541,5.659999847412109,5.730000019073486,4.979308605194092,82000
2016-10-18,5.710000038146973,5.75,5.610000133514404,5.71999979019165,4.97061824798584,169000
2016-10-19,5.769999980926514,5.789999961853027,5.690000057220459,5.730000019073486,4.979308605194092,258000
2016-10-20,5.639999866485596,5.739999771118164,5.170000076293945,5.190000057220459,4.510053634643555,1058000
2016-10-21,5.190000057220459,5.190000057220459,5.190000057220459,5.190000057220459,4.510053634643555,0
2016-10-24,5.25,5.599999904632568,5.25,5.590000152587891,4.857649326324463,761086
2016-10-25,5.659999847412109,5.679999828338623,5.510000228881836,5.679999828338623,4.935858249664307,388000
2016-10-26,5.699999809265137,5.829999923706055,5.579999923706055,5.820000171661377,5.0575175285339355,534000
2016-10-27,5.730000019073486,5.840000152587891,5.650000095367432,5.699999809265137,4.9532389640808105,274000
2016-10-28,5.670000076293945,5.849999904632568,5.659999847412109,5.730000019073486,4.979308605194092,126000
2016-10-31,5.53000020980835,5.679999828338623,5.510000228881836,5.630000114440918,4.892409801483154,83000
2016-11-01,5.610000133514404,5.670000076293945,5.449999809265137,5.659999847412109,4.918478488922119,234000
2016-11-02,5.460000038146973,5.5,5.460000038146973,5.5,4.779440879821777,219000
2016-11-03,5.510000228881836,5.610000133514404,5.5,5.539999961853027,4.8142008781433105,95000
2016-11-04,5.679999828338623,5.679999828338623,5.480000019073486,5.519999980926514,4.796820163726807,109000
2016-11-07,5.670000076293945,5.670000076293945,5.420000076293945,5.610000133514404,4.875029563903809,70000
2016-11-08,5.800000190734863,5.800000190734863,5.550000190734863,5.690000057220459,4.944549083709717,177852
2016-11-09,5.599999904632568,5.639999866485596,5.449999809265137,5.639999866485596,4.90109920501709,217000
2016-11-10,5.699999809265137,5.699999809265137,5.579999923706055,5.659999847412109,4.918478488922119,70000
2016-11-11,5.670000076293945,5.670000076293945,5.519999980926514,5.519999980926514,4.796820163726807,51000
2016-11-14,5.510000228881836,5.699999809265137,5.510000228881836,5.670000076293945,4.927169322967529,169019
2016-11-15,5.789999961853027,5.789999961853027,5.75,5.75,4.996688365936279,44000
2016-11-16,5.789999961853027,5.789999961853027,5.679999828338623,5.690000057220459,4.944549083709717,60000
2016-11-17,5.619999885559082,5.760000228881836,5.590000152587891,5.670000076293945,4.927169322967529,132000
2016-11-18,5.590000152587891,5.789999961853027,5.519999980926514,5.690000057220459,4.944549083709717,356000
2016-11-21,5.690000057220459,5.690000057220459,5.590000152587891,5.599999904632568,4.866339683532715,355000
2016-11-22,5.670000076293945,5.800000190734863,5.579999923706055,5.710000038146973,4.961928367614746,342000
2016-11-23,5.71999979019165,5.71999979019165,5.599999904632568,5.599999904632568,4.866339683532715,76000
2016-11-24,5.599999904632568,5.599999904632568,5.510000228881836,5.550000190734863,4.822890281677246,76000
2016-11-25,5.659999847412109,5.659999847412109,5.429999828338623,5.489999771118164,4.770750522613525,73000
2016-11-28,5.489999771118164,5.639999866485596,5.489999771118164,5.519999980926514,4.796820163726807,479600
2016-11-29,5.579999923706055,5.75,5.550000190734863,5.630000114440918,4.892409801483154,799000
2016-11-30,5.78000020980835,5.78000020980835,5.559999942779541,5.599999904632568,4.866339683532715,702000
2016-12-01,5.710000038146973,5.710000038146973,5.559999942779541,5.570000171661377,4.840270519256592,1007000
2016-12-02,5.570000171661377,5.659999847412109,5.550000190734863,5.599999904632568,4.866339683532715,309000
2016-12-05,5.599999904632568,5.610000133514404,5.150000095367432,5.199999809265137,4.518743515014648,1060000
2016-12-06,5.389999866485596,5.400000095367432,5.210000038146973,5.329999923706055,4.631712436676025,382000
2016-12-07,5.349999904632568,5.349999904632568,4.900000095367432,5.0,4.344945907592773,1505000
2016-12-08,5.119999885559082,5.300000190734863,5.079999923706055,5.210000038146973,4.527433395385742,773000
2016-12-09,5.170000076293945,5.349999904632568,5.170000076293945,5.349999904632568,4.649092197418213,433000
2016-12-12,5.590000152587891,5.590000152587891,5.179999828338623,5.28000020980835,4.588263034820557,290000
2016-12-13,5.300000190734863,5.340000152587891,5.230000019073486,5.260000228881836,4.570883750915527,306000
2016-12-14,5.25,5.300000190734863,5.179999828338623,5.230000019073486,4.544814109802246,591100
2016-12-15,5.230000019073486,5.230000019073486,5.050000190734863,5.050000190734863,4.388396263122559,423000
2016-12-16,5.070000171661377,5.119999885559082,5.019999980926514,5.099999904632568,4.431845188140869,138100
2016-12-19,5.0,5.0,4.849999904632568,4.980000019073486,4.327566623687744,475000
2016-12-20,4.96999979019165,5.019999980926514,4.929999828338623,4.989999771118164,4.336256504058838,199000
2016-12-21,5.150000095367432,5.159999847412109,5.03000020980835,5.130000114440918,4.45791482925415,442000
2016-12-22,5.099999904632568,5.360000133514404,5.099999904632568,5.360000133514404,4.657782554626465,551000
2016-12-23,5.329999923706055,5.5,5.260000228881836,5.400000095367432,4.692541599273682,512000
2016-12-28,5.320000171661377,5.5,5.260000228881836,5.46999979019165,4.753370761871338,3470000
2016-12-29,5.519999980926514,5.519999980926514,5.420000076293945,5.46999979019165,4.753370761871338,139773
2016-12-30,5.53000020980835,6.0,5.349999904632568,5.800000190734863,5.040137767791748,754430
2017-01-03,5.730000019073486,5.840000152587891,5.519999980926514,5.690000057220459,4.944549083709717,290800
2017-01-04,5.789999961853027,5.789999961853027,5.460000038146973,5.5,4.779440879821777,198013
2017-01-05,5.409999847412109,5.449999809265137,5.300000190734863,5.360000133514404,4.657782554626465,425400
2017-01-06,5.449999809265137,5.579999923706055,5.269999980926514,5.269999980926514,4.579572677612305,245758
2017-01-09,5.489999771118164,5.5,5.309999942779541,5.380000114440918,4.675162315368652,401000
2017-01-10,5.389999866485596,5.440000057220459,5.28000020980835,5.409999847412109,4.701231956481934,612000
2017-01-11,5.550000190734863,5.550000190734863,5.199999809265137,5.360000133514404,4.657782554626465,551000
2017-01-12,5.309999942779541,5.400000095367432,5.21999979019165,5.340000152587891,4.640402317047119,377195
2017-01-13,5.25,5.380000114440918,5.199999809265137,5.199999809265137,4.518743515014648,526000
2017-01-16,5.360000133514404,5.360000133514404,5.059999942779541,5.090000152587891,4.423155307769775,228000
2017-01-17,5.159999847412109,5.159999847412109,5.079999923706055,5.130000114440918,4.45791482925415,272000
2017-01-18,5.21999979019165,5.21999979019165,5.050000190734863,5.139999866485596,4.466604709625244,228000
2017-01-19,5.139999866485596,5.139999866485596,5.0,5.019999980926514,4.362325668334961,559000
2017-01-20,5.050000190734863,5.139999866485596,5.0,5.119999885559082,4.449224472045898,286000
2017-01-23,5.179999828338623,5.199999809265137,5.130000114440918,5.179999828338623,4.501364231109619,163000
2017-01-24,5.110000133514404,5.179999828338623,5.099999904632568,5.179999828338623,4.501364231109619,178000
2017-01-25,5.230000019073486,5.230000019073486,5.110000133514404,5.150000095367432,4.47529411315918,30000
2017-01-26,5.199999809265137,5.199999809265137,5.050000190734863,5.099999904632568,4.431845188140869,354000
2017-01-27,5.159999847412109,5.159999847412109,5.099999904632568,5.099999904632568,4.431845188140869,21000
2017-02-01,5.099999904632568,5.099999904632568,4.849999904632568,5.03000020980835,4.371016025543213,159000
2017-02-02,4.989999771118164,5.079999923706055,4.980000019073486,5.050000190734863,4.388396263122559,328000
2017-02-03,5.039999961853027,5.050000190734863,4.960000038146973,5.019999980926514,4.362325668334961,391600
2017-02-06,5.070000171661377,5.079999923706055,4.960000038146973,5.079999923706055,4.414465427398682,529000
2017-02-07,5.03000020980835,5.179999828338623,4.960000038146973,5.039999961853027,4.379705429077148,491000
2017-02-08,5.0,5.119999885559082,4.900000095367432,5.050000190734863,4.388396263122559,744000
2017-02-09,5.090000152587891,5.150000095367432,5.039999961853027,5.099999904632568,4.431845188140869,542000
2017-02-10,5.070000171661377,5.110000133514404,5.010000228881836,5.090000152587891,4.423155307769775,553391
2017-02-13,5.079999923706055,5.139999866485596,5.0,5.139999866485596,4.466604709625244,543000
2017-02-14,5.019999980926514,5.090000152587891,4.900000095367432,4.980000019073486,4.327566623687744,2533000
2017-02-15,4.980000019073486,5.039999961853027,4.949999809265137,4.989999771118164,4.336256504058838,1665000
2017-02-16,5.039999961853027,5.059999942779541,4.96999979019165,5.059999942779541,4.397085189819336,447100
2017-02-17,5.079999923706055,5.079999923706055,4.980000019073486,4.980000019073486,4.327566623687744,200000
2017-02-20,5.019999980926514,5.050000190734863,4.880000114440918,5.03000020980835,4.371016025543213,1324000
2017-02-21,5.039999961853027,5.059999942779541,4.980000019073486,5.03000020980835,4.371016025543213,1330013
2017-02-22,5.0,5.050000190734863,4.880000114440918,4.900000095367432,4.258047103881836,2329000
2017-02-23,4.900000095367432,4.900000095367432,4.800000190734863,4.889999866485596,4.249356746673584,1020000
2017-02-24,4.880000114440918,4.889999866485596,4.800000190734863,4.860000133514404,4.223288059234619,721200
2017-02-27,4.889999866485596,4.889999866485596,4.820000171661377,4.829999923706055,4.19721794128418,391000
2017-02-28,4.900000095367432,4.909999847412109,4.75,4.820000171661377,4.188528060913086,1230000
2017-03-01,4.800000190734863,4.800000190734863,4.730000019073486,4.730000019073486,4.110319137573242,210000
2017-03-02,4.760000228881836,4.760000228881836,4.559999942779541,4.599999904632568,3.9973504543304443,1761000
2017-03-03,4.599999904632568,4.53000020980835,4.239999771118164,4.519999980926514,3.9278316497802734,8141633
2017-03-06,4.519999980926514,4.71999979019165,4.480000019073486,4.690000057220459,4.075559616088867,2036000
2017-03-07,4.789999961853027,4.789999961853027,4.5,4.71999979019165,4.10162878036499,2437000
2017-03-08,4.690000057220459,4.699999809265137,4.590000152587891,4.630000114440918,4.0234198570251465,1000974
2017-03-09,4.650000095367432,4.650000095367432,4.480000019073486,4.5,3.9104509353637695,818000
2017-03-10,4.400000095367432,4.860000133514404,4.400000095367432,4.820000171661377,4.188528060913086,2073020
2017-03-13,4.849999904632568,5.03000020980835,4.849999904632568,4.900000095367432,4.258047103881836,1024000
2017-03-14,4.909999847412109,5.0,4.860000133514404,4.940000057220459,4.292806625366211,685020
2017-03-15,5.010000228881836,5.110000133514404,4.900000095367432,5.099999904632568,4.431845188140869,944987
2017-03-16,5.090000152587891,5.170000076293945,5.03000020980835,5.110000133514404,4.440535545349121,848000
2017-03-17,5.099999904632568,5.099999904632568,4.900000095367432,5.019999980926514,4.362325668334961,807000
2017-03-20,5.019999980926514,5.059999942779541,4.940000057220459,5.059999942779541,4.397085189819336,761006
2017-03-21,5.099999904632568,5.269999980926514,5.099999904632568,5.170000076293945,4.492674350738525,1178130
2017-03-22,5.179999828338623,5.230000019073486,5.050000190734863,5.090000152587891,4.423155307769775,1733407
2017-03-23,5.099999904632568,5.099999904632568,4.96999979019165,5.070000171661377,4.405775547027588,1590000
2017-03-24,5.099999904632568,5.110000133514404,5.050000190734863,5.079999923706055,4.414465427398682,834000
2017-03-27,5.090000152587891,5.139999866485596,4.96999979019165,4.96999979019165,4.318876266479492,1059000
2017-03-28,5.079999923706055,5.090000152587891,4.900000095367432,4.949999809265137,4.301496505737305,423000
2017-03-29,4.960000038146973,5.0,4.840000152587891,4.840000152587891,4.205907821655273,1523000
2017-03-30,4.829999923706055,4.860000133514404,4.679999828338623,4.71999979019165,4.10162878036499,388000
2017-03-31,4.760000228881836,5.0,4.670000076293945,5.0,4.344945907592773,602000
2017-04-03,5.019999980926514,5.019999980926514,4.809999942779541,4.809999942779541,4.179837703704834,320060
2017-04-05,4.75,4.880000114440918,4.599999904632568,4.71999979019165,4.10162878036499,1063000
2017-04-06,4.75,4.75,4.599999904632568,4.71999979019165,4.10162878036499,306000
2017-04-07,4.710000038146973,4.710000038146973,4.550000190734863,4.679999828338623,4.066869258880615,700000
2017-04-10,4.659999847412109,4.739999771118164,4.550000190734863,4.610000133514404,4.006040573120117,372212
2017-04-11,4.710000038146973,4.710000038146973,4.550000190734863,4.599999904632568,3.9973504543304443,135000
2017-04-12,4.650000095367432,4.650000095367432,4.559999942779541,4.639999866485596,4.032110214233398,323000
2017-04-13,4.650000095367432,4.75,4.579999923706055,4.679999828338623,4.066869258880615,980000
2017-04-18,4.679999828338623,4.820000171661377,4.5,4.510000228881836,3.9191412925720215,909000
2017-04-19,4.650000095367432,4.659999847412109,4.480000019073486,4.619999885559082,4.014730453491211,728000
2017-04-20,4.650000095367432,4.650000095367432,4.440000057220459,4.559999942779541,3.9625909328460693,1154000
2017-04-21,4.53000020980835,4.53000020980835,4.449999809265137,4.480000019073486,3.8930718898773193,941000
2017-04-24,4.489999771118164,4.489999771118164,4.409999847412109,4.489999771118164,3.901761770248413,478000
2017-04-25,4.489999771118164,4.550000190734863,4.489999771118164,4.519999980926514,3.9278316497802734,334000
2017-04-26,4.519999980926514,4.650000095367432,4.440000057220459,4.599999904632568,3.9973504543304443,1944000
2017-04-27,4.550000190734863,4.610000133514404,4.550000190734863,4.599999904632568,3.9973504543304443,527000
2017-04-28,4.599999904632568,4.619999885559082,4.570000171661377,4.599999904632568,3.9973504543304443,491000
2017-05-02,4.619999885559082,4.630000114440918,4.53000020980835,4.539999961853027,3.945211172103882,227000
2017-05-04,4.510000228881836,4.53000020980835,4.420000076293945,4.449999809265137,3.867002010345459,516000
2017-05-05,4.5,4.5,4.420000076293945,4.460000038146973,3.875692367553711,2172000
2017-05-08,4.489999771118164,4.510000228881836,4.440000057220459,4.440000057220459,3.8583121299743652,117000
2017-05-09,4.420000076293945,4.449999809265137,4.400000095367432,4.429999828338623,3.8496224880218506,877000
2017-05-10,4.440000057220459,4.460000038146973,4.380000114440918,4.389999866485596,3.8148627281188965,869000
2017-05-11,4.429999828338623,4.429999828338623,4.349999904632568,4.380000114440918,3.806173086166382,731000
2017-05-12,4.429999828338623,4.429999828338623,4.349999904632568,4.380000114440918,3.806173086166382,524000
2017-05-15,4.349999904632568,4.409999847412109,4.349999904632568,4.409999847412109,3.832242488861084,659000
2017-05-16,4.409999847412109,4.590000152587891,4.349999904632568,4.550000190734863,3.9539010524749756,881000
2017-05-17,4.599999904632568,4.619999885559082,4.519999980926514,4.579999923706055,3.9799704551696777,934000
2017-05-18,4.550000190734863,4.550000190734863,4.429999828338623,4.460000038146973,3.875692367553711,416000
2017-05-19,4.539999961853027,4.539999961853027,4.400000095367432,4.440000057220459,3.8583121299743652,415000
2017-05-22,4.5,4.670000076293945,4.420000076293945,4.650000095367432,4.040800094604492,1626000
2017-05-23,4.670000076293945,5.0,4.559999942779541,4.71999979019165,4.10162878036499,2384000
2017-05-24,4.730000019073486,4.800000190734863,4.730000019073486,4.800000190734863,4.171148777008057,1541000
2017-05-25,4.800000190734863,4.800000190734863,4.650000095367432,4.679999828338623,4.066869258880615,1558000
2017-05-26,4.679999828338623,4.699999809265137,4.550000190734863,4.639999866485596,4.120147228240967,159000
2017-05-29,4.639999866485596,4.699999809265137,4.619999885559082,4.619999885559082,4.10238790512085,316000
2017-05-31,4.690000057220459,4.690000057220459,4.619999885559082,4.619999885559082,4.10238790512085,1305000
2017-06-01,4.610000133514404,4.619999885559082,4.519999980926514,4.579999923706055,4.066869258880615,281000
2017-06-02,4.559999942779541,4.610000133514404,4.420000076293945,4.5,3.9958322048187256,1554000
2017-06-05,4.550000190734863,4.599999904632568,4.409999847412109,4.460000038146973,3.9603140354156494,397000
2017-06-06,4.460000038146973,4.460000038146973,4.400000095367432,4.420000076293945,3.924795150756836,927000
2017-06-07,4.510000228881836,4.510000228881836,4.429999828338623,4.489999771118164,3.986952543258667,1027000
2017-06-08,4.489999771118164,4.659999847412109,4.489999771118164,4.550000190734863,4.040230751037598,1401000
2017-06-09,4.590000152587891,4.710000038146973,4.519999980926514,4.630000114440918,4.111268520355225,7485000
2017-06-12,4.679999828338623,4.699999809265137,4.539999961853027,4.579999923706055,4.066869258880615,652778
2017-06-13,4.519999980926514,4.550000190734863,4.489999771118164,4.5,3.9958322048187256,754000
2017-06-14,4.5,4.619999885559082,4.480000019073486,4.570000171661377,4.057990074157715,1920000
2017-06-15,4.570000171661377,4.570000171661377,4.510000228881836,4.53000020980835,4.022471904754639,719652
2017-06-16,4.53000020980835,4.559999942779541,4.460000038146973,4.46999979019165,3.969193696975708,654000
2017-06-19,4.489999771118164,4.5,4.429999828338623,4.460000038146973,3.9603140354156494,159000
2017-06-20,4.489999771118164,4.559999942779541,4.480000019073486,4.550000190734863,4.040230751037598,537000
2017-06-21,4.550000190734863,4.570000171661377,4.5,4.559999942779541,4.049110412597656,330000
2017-06-22,4.590000152587891,4.590000152587891,4.5,4.539999961853027,4.031351089477539,460000
2017-06-23,4.559999942779541,4.610000133514404,4.539999961853027,4.610000133514404,4.093508720397949,1148000
2017-06-26,4.619999885559082,4.699999809265137,4.510000228881836,4.630000114440918,4.111268520355225,1368000
2017-06-27,4.610000133514404,4.630000114440918,4.559999942779541,4.630000114440918,4.111268520355225,1091000
2017-06-28,4.630000114440918,4.630000114440918,4.559999942779541,4.599999904632568,4.084629058837891,1146000
2017-06-29,4.590000152587891,4.599999904632568,4.489999771118164,4.53000020980835,4.022471904754639,1027000
2017-06-30,4.539999961853027,4.679999828338623,4.460000038146973,4.619999885559082,4.10238790512085,7482000
2017-07-03,4.630000114440918,5.099999904632568,4.630000114440918,5.010000228881836,4.448694229125977,6317000
2017-07-04,5.010000228881836,5.199999809265137,4.920000076293945,5.019999980926514,4.457573413848877,2756000
2017-07-05,5.0,5.239999771118164,5.0,5.239999771118164,4.652925491333008,2525000
2017-07-06,5.239999771118164,5.25,5.159999847412109,5.199999809265137,4.617406368255615,1072000
2017-07-07,5.099999904632568,5.28000020980835,5.099999904632568,5.28000020980835,4.688443660736084,1088000
2017-07-10,5.199999809265137,5.300000190734863,5.119999885559082,5.25,4.661804676055908,2755000
2017-07-11,5.199999809265137,5.400000095367432,5.199999809265137,5.389999866485596,4.78611946105957,1222000
2017-07-12,5.309999942779541,5.510000228881836,5.309999942779541,5.420000076293945,4.812758445739746,1306000
2017-07-13,5.400000095367432,5.440000057220459,5.199999809265137,5.440000057220459,4.830517292022705,2402000
2017-07-14,5.480000019073486,5.519999980926514,5.400000095367432,5.519999980926514,4.901555061340332,1663019
2017-07-17,5.599999904632568,5.599999904632568,5.429999828338623,5.429999828338623,4.8216376304626465,1691000
2017-07-18,5.400000095367432,5.400000095367432,5.179999828338623,5.239999771118164,4.652925491333008,2605000
2017-07-19,5.300000190734863,5.340000152587891,5.210000038146973,5.340000152587891,4.7417216300964355,760000
2017-07-20,5.289999961853027,5.400000095367432,5.199999809265137,5.380000114440918,4.77724027633667,1229000
2017-07-21,5.300000190734863,5.400000095367432,5.360000133514404,5.369999885559082,4.768360137939453,716000
2017-07-24,5.380000114440918,5.400000095367432,5.320000171661377,5.400000095367432,4.794999599456787,377000
2017-07-25,5.329999923706055,5.409999847412109,5.269999980926514,5.400000095367432,4.794999599456787,606000
2017-07-26,5.409999847412109,5.429999828338623,5.289999961853027,5.400000095367432,4.794999599456787,1031000
2017-07-27,5.460000038146973,5.53000020980835,5.420000076293945,5.449999809265137,4.839396953582764,1068000
2017-07-28,5.519999980926514,5.539999961853027,5.429999828338623,5.449999809265137,4.839396953582764,940000
2017-07-31,5.449999809265137,5.519999980926514,5.400000095367432,5.519999980926514,4.901555061340332,1000000
2017-08-01,5.550000190734863,5.550000190734863,5.380000114440918,5.53000020980835,4.910434246063232,2433000
2017-08-02,5.559999942779541,5.579999923706055,5.400000095367432,5.539999961853027,4.919313907623291,2978000
2017-08-03,5.5,5.539999961853027,5.389999866485596,5.409999847412109,4.8038787841796875,1272000
2017-08-04,5.420000076293945,5.46999979019165,5.309999942779541,5.409999847412109,4.8038787841796875,881000
2017-08-07,5.400000095367432,5.449999809265137,5.329999923706055,5.329999923706055,4.732841491699219,712000
2017-08-08,5.409999847412109,5.480000019073486,5.260000228881836,5.46999979019165,4.857156276702881,1769000
2017-08-09,5.46999979019165,5.510000228881836,5.340000152587891,5.429999828338623,4.8216376304626465,812000
2017-08-10,5.409999847412109,5.489999771118164,5.389999866485596,5.409999847412109,4.8038787841796875,955000
2017-08-11,5.409999847412109,5.429999828338623,5.03000020980835,5.420000076293945,4.812758445739746,1442000
2017-08-14,5.5,5.5,5.400000095367432,5.420000076293945,4.812758445739746,263000
2017-08-15,5.5,5.5,5.380000114440918,5.429999828338623,4.8216376304626465,2099000
2017-08-16,5.460000038146973,5.489999771118164,5.389999866485596,5.46999979019165,4.857156276702881,1157000
2017-08-17,5.5,5.550000190734863,5.400000095367432,5.440000057220459,4.830517292022705,1407000
2017-08-18,5.349999904632568,5.449999809265137,5.300000190734863,5.440000057220459,4.830517292022705,246000
2017-08-21,5.429999828338623,5.900000095367432,5.400000095367432,5.480000019073486,4.866036415100098,1261000
2017-08-22,5.519999980926514,5.590000152587891,5.400000095367432,5.510000228881836,4.892674922943115,1637000
2017-08-23,5.510000228881836,5.510000228881836,5.510000228881836,5.510000228881836,4.892674922943115,0
2017-08-24,5.53000020980835,5.53000020980835,5.300000190734863,5.380000114440918,4.77724027633667,1283000
2017-08-25,5.25,5.25,4.840000152587891,4.96999979019165,4.413174629211426,8461000
2017-08-28,4.96999979019165,5.159999847412109,4.949999809265137,5.010000228881836,4.448694229125977,2734000
2017-08-29,5.0,5.159999847412109,4.989999771118164,5.099999904632568,4.5286102294921875,1848000
2017-08-30,5.099999904632568,5.139999866485596,5.050000190734863,5.139999866485596,4.564128875732422,2839200
2017-08-31,5.050000190734863,5.150000095367432,4.989999771118164,5.150000095367432,4.573009014129639,2406000
2017-09-01,5.170000076293945,5.21999979019165,5.079999923706055,5.099999904632568,4.5286102294921875,3820000
2017-09-04,5.0,5.039999961853027,4.980000019073486,5.039999961853027,4.475332736968994,2842000
2017-09-05,5.090000152587891,5.090000152587891,4.900000095367432,4.989999771118164,4.430934906005859,1268000
2017-09-06,4.960000038146973,5.019999980926514,4.949999809265137,5.019999980926514,4.457573413848877,664000
2017-09-07,5.079999923706055,5.099999904632568,4.960000038146973,5.03000020980835,4.4664530754089355,5295000
2017-09-08,5.050000190734863,5.059999942779541,4.989999771118164,5.039999961853027,4.475332736968994,2167000
2017-09-11,5.079999923706055,5.090000152587891,5.0,5.03000020980835,4.4664530754089355,1637000
2017-09-12,5.019999980926514,5.050000190734863,4.960000038146973,5.050000190734863,4.4842119216918945,1988000
2017-09-13,5.079999923706055,5.079999923706055,4.989999771118164,5.0,4.43981409072876,1032304
2017-09-14,5.059999942779541,5.059999942779541,4.949999809265137,5.03000020980835,4.4664530754089355,1085000
2017-09-15,5.03000020980835,5.119999885559082,5.0,5.119999885559082,4.546369552612305,2617000
2017-09-18,5.119999885559082,5.309999942779541,5.050000190734863,5.21999979019165,4.635165691375732,861000
2017-09-19,5.21999979019165,5.300000190734863,5.210000038146973,5.25,4.661804676055908,401000
2017-09-20,5.289999961853027,5.289999961853027,5.199999809265137,5.25,4.661804676055908,299000
2017-09-21,5.260000228881836,5.519999980926514,5.25,5.46999979019165,4.857156276702881,2711000
2017-09-22,5.440000057220459,5.440000057220459,5.349999904632568,5.400000095367432,4.794999599456787,566000
2017-09-25,5.389999866485596,5.389999866485596,5.25,5.300000190734863,4.706202983856201,999000
2017-09-26,5.269999980926514,5.389999866485596,5.269999980926514,5.309999942779541,4.715082168579102,451000
2017-09-27,5.360000133514404,5.360000133514404,5.289999961853027,5.340000152587891,4.7417216300964355,277665
2017-09-28,5.210000038146973,5.260000228881836,5.0,5.079999923706055,4.51085090637207,771520
2017-09-29,5.150000095367432,5.159999847412109,5.03000020980835,5.070000171661377,4.501972198486328,615000
2017-10-03,5.0,5.150000095367432,5.0,5.039999961853027,4.475332736968994,440000
2017-10-04,5.050000190734863,5.050000190734863,5.0,5.010000228881836,4.448694229125977,210000
2017-10-06,5.090000152587891,5.199999809265137,5.0,5.050000190734863,4.4842119216918945,501000
2017-10-09,5.039999961853027,5.050000190734863,4.989999771118164,5.0,4.43981409072876,1947000
2017-10-10,5.010000228881836,5.03000020980835,4.960000038146973,5.0,4.43981409072876,496000
2017-10-11,5.019999980926514,5.039999961853027,4.949999809265137,5.039999961853027,4.475332736968994,598000
2017-10-12,5.059999942779541,5.059999942779541,4.949999809265137,5.019999980926514,4.457573413848877,1562000
2017-10-13,4.96999979019165,5.03000020980835,4.960000038146973,5.0,4.43981409072876,447000
2017-10-16,5.059999942779541,5.059999942779541,4.940000057220459,5.0,4.43981409072876,997000
2017-10-17,4.960000038146973,5.019999980926514,4.940000057220459,4.980000019073486,4.422054290771484,778000
2017-10-18,4.96999979019165,4.96999979019165,4.900000095367432,4.929999828338623,4.37765645980835,1152000
2017-10-19,4.949999809265137,4.949999809265137,4.849999904632568,4.849999904632568,4.306619644165039,872000
2017-10-20,4.920000076293945,4.920000076293945,4.800000190734863,4.860000133514404,4.315499305725098,1154000
2017-10-23,4.889999866485596,4.900000095367432,4.829999923706055,4.860000133514404,4.315499305725098,679000
2017-10-24,4.900000095367432,4.900000095367432,4.769999980926514,4.800000190734863,4.262221336364746,1113000
2017-10-25,4.769999980926514,4.889999866485596,4.769999980926514,4.829999923706055,4.288860321044922,603000
2017-10-26,4.809999942779541,4.900000095367432,4.809999942779541,4.869999885559082,4.324378967285156,1559000
2017-10-27,4.869999885559082,4.860000133514404,4.610000133514404,4.739999771118164,4.2089433670043945,3537000
2017-10-30,4.75,4.789999961853027,4.670000076293945,4.739999771118164,4.2089433670043945,1167000
2017-10-31,4.730000019073486,4.730000019073486,4.599999904632568,4.639999866485596,4.120147228240967,1495000
2017-11-01,4.670000076293945,4.670000076293945,4.579999923706055,4.599999904632568,4.084629058837891,438000
2017-11-02,4.650000095367432,4.710000038146973,4.570000171661377,4.599999904632568,4.084629058837891,2675000
2017-11-03,4.630000114440918,4.849999904632568,4.610000133514404,4.849999904632568,4.306619644165039,2630000
2017-11-06,4.900000095367432,4.920000076293945,4.75,4.900000095367432,4.351017475128174,381000
2017-11-07,4.889999866485596,4.920000076293945,4.78000020980835,4.840000152587891,4.297740459442139,1320000
2017-11-08,4.829999923706055,4.849999904632568,4.789999961853027,4.840000152587891,4.297740459442139,643000
2017-11-09,4.78000020980835,4.889999866485596,4.78000020980835,4.849999904632568,4.306619644165039,407000
2017-11-10,4.860000133514404,4.860000133514404,4.769999980926514,4.840000152587891,4.297740459442139,1324000
2017-11-13,4.849999904632568,4.849999904632568,4.690000057220459,4.809999942779541,4.271100997924805,1818600
2017-11-14,4.809999942779541,4.929999828338623,4.78000020980835,4.880000114440918,4.333258628845215,3776000
2017-11-15,5.0,5.050000190734863,4.849999904632568,4.949999809265137,4.395415782928467,4828121
2017-11-16,5.0,5.019999980926514,4.860000133514404,4.869999885559082,4.324378967285156,759000
2017-11-17,4.909999847412109,4.909999847412109,4.820000171661377,4.860000133514404,4.315499305725098,1878000
2017-11-20,4.849999904632568,4.880000114440918,4.800000190734863,4.849999904632568,4.306619644165039,875000
2017-11-21,4.880000114440918,4.940000057220459,4.849999904632568,4.869999885559082,4.324378967285156,2176000
2017-11-22,4.860000133514404,4.880000114440918,4.800000190734863,4.860000133514404,4.315499305725098,560000
2017-11-23,4.960000038146973,5.050000190734863,4.639999866485596,4.679999828338623,4.155666351318359,1199326
2017-11-24,4.650000095367432,4.769999980926514,4.650000095367432,4.710000038146973,4.182305335998535,381000
2017-11-27,4.710000038146973,4.730000019073486,4.679999828338623,4.679999828338623,4.155666351318359,300000
2017-11-28,4.679999828338623,4.710000038146973,4.639999866485596,4.699999809265137,4.17342472076416,482000
2017-11-29,4.789999961853027,4.789999961853027,4.659999847412109,4.71999979019165,4.191184043884277,699000
2017-11-30,4.75,4.900000095367432,4.639999866485596,4.900000095367432,4.351017475128174,1352000
2017-12-01,4.840000152587891,5.03000020980835,4.75,4.800000190734863,4.262221336364746,3947600
2017-12-04,4.860000133514404,4.860000133514404,4.769999980926514,4.769999980926514,4.2355828285217285,522000
2017-12-05,4.75,4.78000020980835,4.699999809265137,4.760000228881836,4.226703643798828,269000
2017-12-06,4.670000076293945,4.730000019073486,4.599999904632568,4.650000095367432,4.129026889801025,779000
2017-12-07,4.650000095367432,4.679999828338623,4.599999904632568,4.630000114440918,4.111268520355225,421000
2017-12-08,4.650000095367432,4.739999771118164,4.630000114440918,4.739999771118164,4.2089433670043945,883000
2017-12-11,4.699999809265137,5.0,4.699999809265137,5.0,4.43981409072876,3670000
2017-12-12,4.900000095367432,4.900000095367432,4.760000228881836,4.800000190734863,4.262221336364746,1778000
2017-12-13,4.820000171661377,4.909999847412109,4.820000171661377,4.900000095367432,4.351017475128174,3686000
2017-12-14,4.920000076293945,5.019999980926514,4.849999904632568,5.010000228881836,4.448694229125977,1696000
2017-12-15,5.010000228881836,5.019999980926514,4.96999979019165,5.019999980926514,4.457573413848877,1632000
2017-12-18,5.039999961853027,5.039999961853027,4.960000038146973,5.0,4.43981409072876,1024000
2017-12-19,5.019999980926514,5.449999809265137,5.010000228881836,5.389999866485596,4.78611946105957,7987000
2017-12-20,5.389999866485596,5.5,5.199999809265137,5.320000171661377,4.723962783813477,4620000
2017-12-21,5.320000171661377,5.449999809265137,5.179999828338623,5.389999866485596,4.78611946105957,1800000
2017-12-22,5.360000133514404,5.46999979019165,5.21999979019165,5.349999904632568,4.750600814819336,3102000
2017-12-27,5.389999866485596,5.420000076293945,5.199999809265137,5.260000228881836,4.670684337615967,1050000
2017-12-28,5.239999771118164,5.349999904632568,5.239999771118164,5.260000228881836,4.670684337615967,761000
2017-12-29,5.199999809265137,5.260000228881836,5.090000152587891,5.199999809265137,4.617406368255615,1998000
2018-01-02,5.199999809265137,5.360000133514404,5.199999809265137,5.28000020980835,4.688443660736084,1976000
2018-01-03,5.320000171661377,5.320000171661377,5.25,5.269999980926514,4.679564476013184,492000
2018-01-04,5.329999923706055,5.349999904632568,5.239999771118164,5.300000190734863,4.706202983856201,1898000
2018-01-05,5.320000171661377,5.519999980926514,5.320000171661377,5.429999828338623,4.8216376304626465,4079000
2018-01-08,5.460000038146973,5.71999979019165,5.389999866485596,5.570000171661377,4.945953369140625,3815000
2018-01-09,5.5,5.739999771118164,5.5,5.659999847412109,5.025869369506836,2025000
2018-01-10,5.659999847412109,5.699999809265137,5.579999923706055,5.579999923706055,4.954832077026367,1559000
2018-01-11,5.650000095367432,5.670000076293945,5.539999961853027,5.539999961853027,4.919313907623291,633000
2018-01-12,5.650000095367432,5.659999847412109,5.5,5.539999961853027,4.919313907623291,1409000
2018-01-15,5.630000114440918,5.630000114440918,5.139999866485596,5.199999809265137,4.617406368255615,2658000
2018-01-16,5.260000228881836,5.409999847412109,5.25,5.340000152587891,4.7417216300964355,917000
2018-01-17,5.349999904632568,5.369999885559082,5.28000020980835,5.360000133514404,4.7594804763793945,388000
2018-01-18,5.340000152587891,5.389999866485596,5.21999979019165,5.300000190734863,4.706202983856201,440000
2018-01-19,5.349999904632568,5.349999904632568,5.150000095367432,5.230000019073486,4.644045829772949,674000
2018-01-22,5.260000228881836,5.289999961853027,5.150000095367432,5.150000095367432,4.573009014129639,1899000
2018-01-23,5.25,5.349999904632568,5.199999809265137,5.260000228881836,4.670684337615967,1064000
2018-01-24,5.340000152587891,5.349999904632568,5.150000095367432,5.199999809265137,4.617406368255615,963000
2018-01-25,5.199999809265137,5.21999979019165,5.119999885559082,5.199999809265137,4.617406368255615,667000
2018-01-26,5.150000095367432,5.320000171661377,5.130000114440918,5.199999809265137,4.617406368255615,1730000
2018-01-29,5.199999809265137,5.199999809265137,5.0,5.090000152587891,4.519731044769287,2470000
2018-01-30,5.03000020980835,5.150000095367432,5.010000228881836,5.059999942779541,4.493091583251953,1674000
2018-01-31,5.050000190734863,5.300000190734863,5.050000190734863,5.269999980926514,4.679564476013184,1438000
2018-02-01,5.190000057220459,5.21999979019165,5.070000171661377,5.070000171661377,4.501972198486328,501000
2018-02-02,5.150000095367432,5.179999828338623,5.079999923706055,5.150000095367432,4.573009014129639,456000
2018-02-05,5.0,5.099999904632568,4.980000019073486,5.059999942779541,4.493091583251953,2468000
2018-02-06,4.929999828338623,4.949999809265137,4.690000057220459,4.789999961853027,4.253342151641846,2626000
2018-02-07,4.789999961853027,4.940000057220459,4.619999885559082,4.650000095367432,4.129026889801025,3129000
2018-02-08,4.650000095367432,4.840000152587891,4.630000114440918,4.710000038146973,4.182305335998535,2329000
2018-02-09,4.599999904632568,4.679999828338623,4.480000019073486,4.559999942779541,4.049110412597656,2886000
2018-02-12,4.559999942779541,4.590000152587891,4.489999771118164,4.579999923706055,4.066869258880615,1514000
2018-02-13,4.71999979019165,4.71999979019165,4.570000171661377,4.619999885559082,4.10238790512085,1414000
2018-02-14,4.639999866485596,4.679999828338623,4.550000190734863,4.659999847412109,4.137906551361084,1316000
2018-02-15,4.639999866485596,4.639999866485596,4.53000020980835,4.550000190734863,4.040230751037598,778000
2018-02-20,4.559999942779541,4.659999847412109,4.409999847412109,4.550000190734863,4.040230751037598,790000
2018-02-21,4.460000038146973,4.659999847412109,4.460000038146973,4.659999847412109,4.137906551361084,1153000
2018-02-22,4.650000095367432,4.650000095367432,4.539999961853027,4.559999942779541,4.049110412597656,741000
2018-02-23,4.590000152587891,4.630000114440918,4.559999942779541,4.630000114440918,4.111268520355225,924000
2018-02-26,4.630000114440918,5.190000057220459,4.619999885559082,5.099999904632568,4.5286102294921875,4162000
2018-02-27,5.130000114440918,5.409999847412109,5.099999904632568,5.139999866485596,4.564128875732422,3374026
2018-02-28,5.099999904632568,5.119999885559082,4.96999979019165,5.070000171661377,4.501972198486328,902000
2018-03-01,5.059999942779541,5.119999885559082,5.010000228881836,5.099999904632568,4.5286102294921875,299000
2018-03-02,5.099999904632568,5.190000057220459,5.070000171661377,5.159999847412109,4.581888198852539,707000
2018-03-05,5.170000076293945,5.170000076293945,4.730000019073486,4.989999771118164,4.430934906005859,1968000
2018-03-06,5.070000171661377,5.070000171661377,4.789999961853027,4.829999923706055,4.288860321044922,1018000
2018-03-07,4.710000038146973,4.980000019073486,4.710000038146973,4.849999904632568,4.306619644165039,416000
2018-03-08,4.849999904632568,4.940000057220459,4.849999904632568,4.920000076293945,4.368777275085449,101000
2018-03-09,4.809999942779541,4.929999828338623,4.769999980926514,4.909999847412109,4.359897613525391,711000
2018-03-12,5.099999904632568,5.329999923706055,5.099999904632568,5.309999942779541,4.715082168579102,4949000
2018-03-13,5.289999961853027,5.800000190734863,5.289999961853027,5.789999961853027,5.1413044929504395,7267000
2018-03-14,5.800000190734863,5.900000095367432,5.670000076293945,5.840000152587891,5.185702800750732,4825000
2018-03-15,5.760000228881836,6.239999771118164,5.760000228881836,6.099999904632568,5.4165730476379395,4262000
2018-03-16,6.099999904632568,6.590000152587891,6.099999904632568,6.510000228881836,5.780638217926025,10827195
2018-03-19,6.590000152587891,6.75,6.289999961853027,6.550000190734863,5.81615686416626,5744000
2018-03-20,6.739999771118164,6.960000038146973,6.449999809265137,6.900000095367432,6.126943588256836,9901000
2018-03-21,6.989999771118164,7.360000133514404,6.989999771118164,7.260000228881836,6.446610450744629,12966000
2018-03-22,7.389999866485596,7.389999866485596,6.869999885559082,7.070000171661377,6.277897357940674,6316000
2018-03-23,6.789999961853027,7.340000152587891,6.610000133514404,7.170000076293945,6.366693496704102,8036000
2018-03-26,7.21999979019165,7.28000020980835,7.03000020980835,7.150000095367432,6.348934173583984,4243000
2018-03-27,7.150000095367432,7.590000152587891,7.150000095367432,7.539999961853027,6.695239543914795,10008000
2018-03-28,7.409999847412109,7.489999771118164,7.320000171661377,7.440000057220459,6.606443405151367,4246000
2018-03-29,7.46999979019165,7.5,7.099999904632568,7.369999885559082,6.544286251068115,4516000
2018-04-03,7.199999809265137,7.78000020980835,7.199999809265137,7.610000133514404,6.757396697998047,5750000
2018-04-04,7.610000133514404,7.869999885559082,7.480000019073486,7.670000076293945,6.810674667358398,4064000
2018-04-06,7.800000190734863,7.849999904632568,7.539999961853027,7.71999979019165,6.855072498321533,4285000
2018-04-09,7.78000020980835,7.800000190734863,7.550000190734863,7.699999809265137,6.837313652038574,3358000
2018-04-10,7.670000076293945,7.699999809265137,7.460000038146973,7.630000114440918,6.775156497955322,4061000
2018-04-11,7.599999904632568,7.650000095367432,7.420000076293945,7.480000019073486,6.641961574554443,3590000
2018-04-12,7.420000076293945,7.539999961853027,7.349999904632568,7.429999828338623,6.597563743591309,3268000
2018-04-13,7.480000019073486,7.480000019073486,7.21999979019165,7.28000020980835,6.464369297027588,1550000
2018-04-16,7.21999979019165,7.320000171661377,7.010000228881836,7.050000190734863,6.260138511657715,3350000
2018-04-17,7.059999942779541,7.329999923706055,6.840000152587891,6.900000095367432,6.126943588256836,3075000
2018-04-18,6.900000095367432,7.019999980926514,6.599999904632568,6.929999828338623,6.1535820960998535,4668000
2018-04-19,7.090000152587891,7.090000152587891,6.730000019073486,6.900000095367432,6.126943588256836,1969000
2018-04-20,6.889999866485596,6.940000057220459,6.599999904632568,6.650000095367432,5.9049530029296875,1833000
2018-04-23,6.650000095367432,6.739999771118164,6.510000228881836,6.650000095367432,5.9049530029296875,1817115
2018-04-24,6.71999979019165,6.829999923706055,6.630000114440918,6.699999809265137,5.949350357055664,1406000
2018-04-25,6.619999885559082,6.71999979019165,6.519999980926514,6.710000038146973,5.958230972290039,1988000
2018-04-26,6.739999771118164,6.75,6.53000020980835,6.559999942779541,5.82503604888916,1103000
2018-04-27,6.559999942779541,6.670000076293945,6.329999923706055,6.440000057220459,5.718480587005615,1346000
2018-04-30,6.420000076293945,6.730000019073486,6.420000076293945,6.730000019073486,5.975989818572998,743000
2018-05-02,6.670000076293945,6.78000020980835,6.269999980926514,6.460000038146973,5.736239910125732,2228000
2018-05-03,6.400000095367432,6.429999828338623,6.260000228881836,6.360000133514404,5.6474432945251465,1345000
2018-05-04,6.360000133514404,6.349999904632568,5.96999979019165,6.079999923706055,5.3988142013549805,4158000
2018-05-07,6.110000133514404,6.260000228881836,6.110000133514404,6.230000019073486,5.532008171081543,891000
2018-05-08,6.239999771118164,6.269999980926514,6.119999885559082,6.179999828338623,5.487610340118408,1245000
2018-05-09,6.170000076293945,6.409999847412109,6.0,6.380000114440918,5.665203094482422,2025000
2018-05-10,6.349999904632568,6.420000076293945,6.119999885559082,6.239999771118164,5.54088830947876,1586970
2018-05-11,6.21999979019165,6.639999866485596,6.21999979019165,6.610000133514404,5.869434356689453,4342970
2018-05-14,6.630000114440918,6.699999809265137,6.409999847412109,6.440000057220459,5.718480587005615,2120000
2018-05-15,6.480000019073486,6.699999809265137,6.440000057220459,6.650000095367432,5.9049530029296875,3549000
2018-05-16,6.650000095367432,6.670000076293945,6.46999979019165,6.559999942779541,5.82503604888916,2961523
2018-05-17,6.559999942779541,6.699999809265137,6.519999980926514,6.650000095367432,5.9049530029296875,1866000
2018-05-18,6.650000095367432,6.989999771118164,6.559999942779541,6.869999885559082,6.10030460357666,2274970
2018-05-21,6.949999809265137,6.949999809265137,6.610000133514404,6.619999885559082,5.8783135414123535,2115338
2018-05-23,6.619999885559082,6.699999809265137,6.489999771118164,6.630000114440918,5.88719367980957,2282000
2018-05-24,6.679999828338623,6.699999809265137,6.550000190734863,6.630000114440918,5.88719367980957,1573000
2018-05-25,6.690000057220459,6.820000171661377,6.630000114440918,6.730000019073486,5.975989818572998,1290000
2018-05-28,6.809999942779541,7.420000076293945,6.769999980926514,7.340000152587891,6.5176472663879395,8951000
2018-05-29,7.340000152587891,7.670000076293945,7.130000114440918,7.230000019073486,6.419970989227295,7142016
2018-05-30,7.179999828338623,7.659999847412109,6.949999809265137,7.650000095367432,6.7929158210754395,9822970
2018-05-31,7.639999866485596,7.769999980926514,7.409999847412109,7.650000095367432,6.928773880004883,9748473
2018-06-01,7.670000076293945,7.679999828338623,7.409999847412109,7.480000019073486,6.774800777435303,2898099
2018-06-04,7.53000020980835,7.670000076293945,7.349999904632568,7.349999904632568,6.657057285308838,1744940
2018-06-05,7.360000133514404,7.75,7.349999904632568,7.75,7.019346237182617,6784940
2018-06-06,7.800000190734863,7.849999904632568,7.559999942779541,7.630000114440918,6.910659313201904,3174000
2018-06-07,7.739999771118164,7.769999980926514,7.46999979019165,7.510000228881836,6.80197286605835,2970341
2018-06-08,7.550000190734863,7.550000190734863,7.21999979019165,7.389999866485596,6.693285942077637,3564000
2018-06-11,7.460000038146973,8.149999618530273,7.460000038146973,7.929999828338623,7.182375431060791,12685000
2018-06-12,8.010000228881836,8.649999618530273,7.840000152587891,8.550000190734863,7.743923664093018,14486608
2018-06-13,8.609999656677246,8.649999618530273,8.260000228881836,8.479999542236328,7.680522441864014,5572292
2018-06-14,8.4399995803833,9.25,8.420000076293945,9.199999809265137,8.332643508911133,16300060
2018-06-15,9.039999961853027,9.149999618530273,8.579999923706055,8.579999923706055,7.771095275878906,8072970
2018-06-19,8.489999771118164,8.600000381469727,8.100000381469727,8.279999732971191,7.499378681182861,7900408
2018-06-20,8.289999961853027,8.579999923706055,8.199999809265137,8.489999771118164,7.689580917358398,4772372
2018-06-21,8.5,8.899999618530273,8.300000190734863,8.390000343322754,7.599008560180664,5450970
2018-06-22,8.390000343322754,9.0,8.289999961853027,8.899999618530273,8.06092643737793,7527809
2018-06-25,8.880000114440918,9.100000381469727,8.680000305175781,8.6899995803833,7.870724201202393,7051940
2018-06-26,8.670000076293945,8.670000076293945,8.220000267028809,8.470000267028809,7.671465873718262,7567940
2018-06-27,8.569999694824219,8.6899995803833,7.769999980926514,7.789999961853027,7.055574893951416,9485462
2018-06-28,7.800000190734863,7.949999809265137,7.150000095367432,7.409999847412109,6.711400508880615,9851492
2018-06-29,7.420000076293945,8.050000190734863,7.420000076293945,7.900000095367432,7.155204772949219,6642000
2018-07-03,7.590000152587891,8.279999732971191,7.440000057220459,8.199999809265137,7.4269208908081055,8567970
2018-07-04,8.1899995803833,8.199999809265137,7.610000133514404,7.699999809265137,6.97406005859375,5159000
2018-07-05,7.699999809265137,7.860000133514404,7.329999923706055,7.460000038146973,6.756686687469482,3217000
2018-07-06,7.5,7.789999961853027,7.260000228881836,7.650000095367432,6.928773880004883,5210115
2018-07-09,7.829999923706055,8.15999984741211,7.71999979019165,8.020000457763672,7.263891696929932,3111000
2018-07-10,8.140000343322754,8.25,7.96999979019165,8.0,7.245776653289795,4809000
2018-07-11,7.949999809265137,7.96999979019165,7.650000095367432,7.929999828338623,7.182375431060791,2641000
2018-07-12,7.920000076293945,8.550000190734863,7.840000152587891,8.550000190734863,7.743923664093018,5958000
2018-07-13,8.550000190734863,8.75,8.3100004196167,8.319999694824219,7.53560733795166,5305500
2018-07-16,8.319999694824219,8.640000343322754,8.220000267028809,8.600000381469727,7.789209842681885,5134940
2018-07-17,8.800000190734863,8.949999809265137,8.270000457763672,8.300000190734863,7.517493724822998,15539970
2018-07-18,8.350000381469727,8.699999809265137,8.329999923706055,8.479999542236328,7.680522441864014,4883540
2018-07-19,8.510000228881836,8.630000114440918,8.100000381469727,8.119999885559082,7.35446310043335,4561006
2018-07-20,8.100000381469727,8.300000190734863,7.71999979019165,8.260000228881836,7.481265068054199,3811970
2018-07-23,8.399999618530273,8.399999618530273,8.079999923706055,8.180000305175781,7.408806800842285,1812000
2018-07-24,8.260000228881836,8.5,8.210000038146973,8.470000267028809,7.671465873718262,4958424
2018-07-25,8.550000190734863,8.649999618530273,8.399999618530273,8.619999885559082,7.807324409484863,4081970
2018-07-26,8.600000381469727,8.65999984741211,8.539999961853027,8.630000114440918,7.816381931304932,2297000
2018-07-27,8.630000114440918,8.670000076293945,8.5,8.609999656677246,7.798266410827637,1541000
2018-07-30,8.59000015258789,8.609999656677246,8.260000228881836,8.380000114440918,7.589951038360596,1652000
2018-07-31,8.270000457763672,8.3100004196167,8.010000228881836,8.100000381469727,7.336349010467529,2225940
2018-08-01,8.149999618530273,8.25,7.949999809265137,8.050000190734863,7.291062831878662,2848000
2018-08-02,8.0,8.0,7.489999771118164,7.5,6.7929158210754395,4377940
2018-08-03,7.489999771118164,7.489999771118164,7.0,7.079999923706055,6.412511825561523,5726000
2018-08-06,7.0,7.21999979019165,6.800000190734863,6.849999904632568,6.204195976257324,4309000
2018-08-07,6.849999904632568,7.650000095367432,6.849999904632568,7.599999904632568,6.883487701416016,7077000
2018-08-08,7.5,7.679999828338623,7.369999885559082,7.599999904632568,6.883487701416016,3376013
2018-08-09,7.699999809265137,8.0600004196167,7.619999885559082,7.940000057220459,7.191433429718018,3172546
2018-08-10,7.980000019073486,8.40999984741211,7.980000019073486,8.40999984741211,7.617122173309326,5837000
2018-08-13,8.390000343322754,8.390000343322754,7.300000190734863,7.679999828338623,6.9559454917907715,7167000
2018-08-14,7.699999809265137,7.800000190734863,7.5,7.590000152587891,6.8744306564331055,3034000
2018-08-15,7.570000171661377,7.630000114440918,7.119999885559082,7.119999885559082,6.4487409591674805,4635000
2018-08-16,6.909999847412109,7.389999866485596,6.849999904632568,7.050000190734863,6.385341167449951,3541812
2018-08-17,7.25,7.329999923706055,6.760000228881836,6.760000228881836,6.122681140899658,3686000
2018-08-20,6.670000076293945,7.039999961853027,6.670000076293945,6.840000152587891,6.195138931274414,2382000
2018-08-21,6.820000171661377,7.239999771118164,6.820000171661377,7.099999904632568,6.43062686920166,2652000
2018-08-22,7.099999904632568,7.239999771118164,7.019999980926514,7.099999904632568,6.43062686920166,1967000
2018-08-23,7.110000133514404,7.25,6.800000190734863,6.860000133514404,6.213253498077393,4665000
2018-08-24,6.880000114440918,6.880000114440918,6.260000228881836,6.28000020980835,5.687934875488281,6844000
2018-08-27,6.400000095367432,6.519999980926514,6.079999923706055,6.119999885559082,5.5430192947387695,7813000
2018-08-28,6.150000095367432,6.170000076293945,5.510000228881836,5.619999885559082,5.090157985687256,19309581
2018-08-29,5.650000095367432,5.75,5.550000190734863,5.650000095367432,5.1173295974731445,7357000
2018-08-30,5.71999979019165,5.71999979019165,5.289999961853027,5.309999942779541,4.809383869171143,5527000
2018-08-31,5.239999771118164,5.559999942779541,5.130000114440918,5.340000152587891,4.8365559577941895,6937918
2018-09-03,5.260000228881836,5.340000152587891,5.070000171661377,5.090000152587891,4.610125541687012,3780000
2018-09-04,5.110000133514404,5.269999980926514,5.090000152587891,5.21999979019165,4.727869033813477,3219000
2018-09-05,5.170000076293945,5.199999809265137,4.929999828338623,4.929999828338623,4.465209484100342,2883612
2018-09-06,4.900000095367432,5.059999942779541,4.480000019073486,4.510000228881836,4.084806442260742,9544300
2018-09-07,4.630000114440918,4.769999980926514,4.489999771118164,4.659999847412109,4.2206645011901855,7571000
2018-09-10,4.670000076293945,4.75,4.590000152587891,4.610000133514404,4.175378799438477,5598000
2018-09-11,4.610000133514404,4.739999771118164,4.440000057220459,4.449999809265137,4.030463218688965,6007000
2018-09-12,4.489999771118164,4.579999923706055,4.389999866485596,4.400000095367432,3.9851772785186768,6215500
2018-09-13,4.519999980926514,4.800000190734863,4.480000019073486,4.75,4.302180290222168,7305918
2018-09-14,4.800000190734863,4.949999809265137,4.75,4.820000171661377,4.365580081939697,9128000
2018-09-17,4.809999942779541,4.809999942779541,4.639999866485596,4.690000057220459,4.247836589813232,2961000
2018-09-18,4.679999828338623,4.860000133514404,4.53000020980835,4.789999961853027,4.338408946990967,4446000
2018-09-19,4.820000171661377,5.050000190734863,4.739999771118164,4.900000095367432,4.438037872314453,6921000
2018-09-20,4.960000038146973,5.0,4.800000190734863,4.900000095367432,4.438037872314453,5604000
2018-09-21,4.989999771118164,5.099999904632568,4.769999980926514,5.099999904632568,4.619182109832764,5478000
2018-09-24,5.03000020980835,5.03000020980835,4.730000019073486,4.760000228881836,4.311237335205078,2967000
2018-09-26,4.78000020980835,4.840000152587891,4.690000057220459,4.710000038146973,4.265951156616211,2735000
2018-09-27,4.710000038146973,4.769999980926514,4.539999961853027,4.590000152587891,4.157264709472656,2003000
2018-09-28,4.670000076293945,4.670000076293945,4.510000228881836,4.510000228881836,4.084806442260742,1423000
2018-10-02,4.510000228881836,4.590000152587891,4.400000095367432,4.510000228881836,4.084806442260742,2193000
2018-10-03,4.510000228881836,4.570000171661377,4.460000038146973,4.46999979019165,4.048577785491943,943000
2018-10-04,4.460000038146973,4.480000019073486,4.329999923706055,4.420000076293945,4.003291130065918,1186000
2018-10-05,4.440000057220459,4.440000057220459,4.170000076293945,4.199999809265137,3.804032802581787,3341400
2018-10-08,4.25,4.25,3.990000009536743,4.079999923706055,3.695345878601074,9422143
2018-10-09,4.079999923706055,4.099999904632568,3.950000047683716,4.0,3.6228883266448975,8035344
2018-10-10,4.0,4.110000133514404,3.9800000190734863,3.9800000190734863,3.604773759841919,3262602
2018-10-11,3.809999942779541,3.880000114440918,3.630000114440918,3.6700000762939453,3.324000120162964,5234000
2018-10-12,3.630000114440918,4.019999980926514,3.490000009536743,3.859999895095825,3.496086835861206,6254000
2018-10-15,3.859999895095825,3.880000114440918,3.630000114440918,3.7100000381469727,3.360229015350342,2942000
2018-10-16,3.75,3.7799999713897705,3.619999885559082,3.7200000286102295,3.369286060333252,1778000
2018-10-18,3.7699999809265137,3.880000114440918,3.6600000858306885,3.7300000190734863,3.378343343734741,2016000
2018-10-19,3.700000047683716,3.809999942779541,3.630000114440918,3.799999952316284,3.441743850708008,2034000
2018-10-22,3.869999885559082,4.110000133514404,3.8399999141693115,3.990000009536743,3.6138312816619873,8605001
2018-10-23,3.990000009536743,3.990000009536743,3.799999952316284,3.819999933242798,3.4598581790924072,3270002
2018-10-24,3.8499999046325684,3.890000104904175,3.759999990463257,3.7899999618530273,3.4326868057250977,1187002
2018-10-25,3.740000009536743,3.8299999237060547,3.690000057220459,3.799999952316284,3.441743850708008,1535002
2018-10-26,3.8499999046325684,3.859999895095825,3.7300000190734863,3.7699999809265137,3.414572238922119,1621000
2018-10-29,3.7799999713897705,3.7799999713897705,3.5999999046325684,3.6500000953674316,3.3058857917785645,3101000
2018-10-30,3.6500000953674316,3.6600000858306885,3.569999933242798,3.6500000953674316,3.3058857917785645,1680006
2018-10-31,3.5999999046325684,3.7699999809265137,3.5999999046325684,3.7699999809265137,3.414572238922119,1474005
2018-11-01,3.890000104904175,3.990000009536743,3.819999933242798,3.8499999046325684,3.487030029296875,3083004
2018-11-02,3.9800000190734863,4.119999885559082,3.930000066757202,4.090000152587891,3.7044034004211426,6591000
2018-11-05,4.019999980926514,4.03000020980835,3.890000104904175,3.940000057220459,3.568544864654541,1442000
2018-11-06,3.9800000190734863,4.010000228881836,3.880000114440918,3.9800000190734863,3.604773759841919,968001
2018-11-07,3.990000009536743,4.199999809265137,3.9800000190734863,4.130000114440918,3.7406325340270996,3072001
2018-11-08,4.25,4.289999961853027,4.070000171661377,4.179999828338623,3.7859179973602295,2710000
2018-11-09,4.199999809265137,4.199999809265137,3.990000009536743,4.03000020980835,3.6500601768493652,1994001
2018-11-12,4.079999923706055,4.079999923706055,3.9800000190734863,4.019999980926514,3.641002893447876,1240001
2018-11-13,4.0,4.039999961853027,3.9000000953674316,4.019999980926514,3.641002893447876,2176300
2018-11-14,4.050000190734863,4.139999866485596,4.010000228881836,4.039999961853027,3.6591172218322754,975001
2018-11-15,4.110000133514404,4.210000038146973,4.019999980926514,4.179999828338623,3.7859179973602295,1268008
2018-11-16,4.230000019073486,4.28000020980835,4.119999885559082,4.21999979019165,3.8221471309661865,1387004
2018-11-19,4.300000190734863,4.300000190734863,4.110000133514404,4.150000095367432,3.758746862411499,1265004
2018-11-20,4.199999809265137,4.199999809265137,3.990000009536743,4.010000228881836,3.631945848464966,1309001
2018-11-21,3.9700000286102295,4.199999809265137,3.930000066757202,4.150000095367432,3.758746862411499,2255001
2018-11-22,4.199999809265137,4.190000057220459,4.059999942779541,4.119999885559082,3.7315750122070312,1198002
2018-11-23,4.130000114440918,4.130000114440918,4.010000228881836,4.059999942779541,3.677231550216675,912000
2018-11-26,4.110000133514404,4.190000057220459,4.059999942779541,4.099999904632568,3.7134604454040527,1097000
2018-11-27,4.130000114440918,4.139999866485596,4.050000190734863,4.110000133514404,3.722517967224121,799000
2018-11-28,4.150000095367432,4.349999904632568,4.099999904632568,4.320000171661377,3.912719488143921,3545000
2018-11-29,4.380000114440918,4.449999809265137,4.21999979019165,4.269999980926514,3.8674330711364746,3224000
2018-11-30,4.269999980926514,4.340000152587891,4.230000019073486,4.230000019073486,3.8312041759490967,933000
2018-12-03,4.360000133514404,4.440000057220459,4.309999942779541,4.420000076293945,4.003291130065918,3126000
2018-12-04,4.420000076293945,4.480000019073486,4.360000133514404,4.480000019073486,4.0576348304748535,2334000
2018-12-05,4.360000133514404,4.5,4.329999923706055,4.480000019073486,4.0576348304748535,1127000
2018-12-06,4.429999828338623,4.429999828338623,4.159999847412109,4.199999809265137,3.804032802581787,2811719
2018-12-07,4.130000114440918,4.210000038146973,4.130000114440918,4.199999809265137,3.804032802581787,1169000
2018-12-10,4.130000114440918,4.150000095367432,4.03000020980835,4.150000095367432,3.758746862411499,972000
2018-12-11,4.150000095367432,4.150000095367432,4.050000190734863,4.139999866485596,3.7496893405914307,877000
2018-12-12,4.150000095367432,4.190000057220459,4.110000133514404,4.170000076293945,3.7768611907958984,1024000
2018-12-13,4.230000019073486,4.340000152587891,4.190000057220459,4.309999942779541,3.9036622047424316,1399000
2018-12-14,4.329999923706055,4.329999923706055,4.150000095367432,4.179999828338623,3.7859179973602295,1058001
2018-12-17,4.110000133514404,4.199999809265137,4.050000190734863,4.170000076293945,3.7768611907958984,635000
2018-12-18,4.110000133514404,4.159999847412109,3.9800000190734863,4.079999923706055,3.695345878601074,2251000
2018-12-19,4.099999904632568,4.099999904632568,3.9000000953674316,3.990000009536743,3.6138312816619873,1827000
2018-12-20,3.990000009536743,3.990000009536743,3.890000104904175,3.890000104904175,3.523258924484253,2100000
2018-12-21,3.880000114440918,3.9700000286102295,3.8499999046325684,3.930000066757202,3.559487819671631,1293000
2018-12-24,3.940000057220459,3.940000057220459,3.859999895095825,3.9000000953674316,3.532315969467163,162000
2018-12-27,3.9100000858306885,3.9100000858306885,3.7899999618530273,3.8399999141693115,3.4779727458953857,764000
2018-12-28,3.9100000858306885,3.9700000286102295,3.8499999046325684,3.930000066757202,3.559487819671631,376000
2018-12-31,4.0,4.199999809265137,3.930000066757202,4.190000057220459,3.794975519180298,1579000
2019-01-02,4.099999904632568,4.099999904632568,4.0,4.019999980926514,3.641002893447876,799000
2019-01-03,4.03000020980835,4.03000020980835,3.9000000953674316,3.940000057220459,3.568544864654541,1218000
2019-01-04,3.950000047683716,3.9800000190734863,3.880000114440918,3.9800000190734863,3.604773759841919,841000
2019-01-07,4.039999961853027,4.039999961853027,3.9000000953674316,4.010000228881836,3.631945848464966,1878000
2019-01-08,4.03000020980835,4.070000171661377,3.9000000953674316,4.059999942779541,3.677231550216675,1646000
2019-01-09,4.110000133514404,4.159999847412109,3.9800000190734863,4.099999904632568,3.7134604454040527,897000
2019-01-10,4.150000095367432,4.179999828338623,4.050000190734863,4.119999885559082,3.7315750122070312,1837389
2019-01-11,4.170000076293945,4.28000020980835,4.099999904632568,4.25,3.849318504333496,2012000
2019-01-14,4.25,4.25,4.110000133514404,4.150000095367432,3.758746862411499,538000
2019-01-15,4.139999866485596,4.28000020980835,4.099999904632568,4.25,3.849318504333496,1581000
2019-01-16,4.170000076293945,4.409999847412109,4.170000076293945,4.360000133514404,3.948948621749878,2765000
2019-01-17,4.389999866485596,4.400000095367432,4.199999809265137,4.25,3.849318504333496,2232000
2019-01-18,4.320000171661377,4.320000171661377,4.190000057220459,4.269999980926514,3.8674330711364746,1494000
2019-01-21,4.329999923706055,4.329999923706055,4.210000038146973,4.269999980926514,3.8674330711364746,517000
2019-01-22,4.300000190734863,4.320000171661377,4.090000152587891,4.130000114440918,3.7406325340270996,1690000
2019-01-23,4.179999828338623,4.179999828338623,4.010000228881836,4.059999942779541,3.677231550216675,2911000
2019-01-24,4.070000171661377,4.210000038146973,4.03000020980835,4.199999809265137,3.804032802581787,3326000
2019-01-25,4.199999809265137,4.260000228881836,4.139999866485596,4.260000228881836,3.8583757877349854,1446000
2019-01-28,4.300000190734863,4.380000114440918,4.260000228881836,4.340000152587891,3.930833578109741,2128000
2019-01-29,4.309999942779541,4.380000114440918,4.28000020980835,4.349999904632568,3.9398908615112305,673000
2019-01-30,4.349999904632568,4.53000020980835,4.320000171661377,4.420000076293945,4.003291130065918,3307000
2019-01-31,4.400000095367432,4.570000171661377,4.360000133514404,4.420000076293945,4.003291130065918,1118000
2019-02-01,4.5,4.630000114440918,4.420000076293945,4.550000190734863,4.121035575866699,4019000
2019-02-04,4.599999904632568,4.679999828338623,4.550000190734863,4.659999847412109,4.2206645011901855,1094000
2019-02-08,4.599999904632568,4.599999904632568,4.400000095367432,4.449999809265137,4.030463218688965,1805000
2019-02-11,4.480000019073486,4.480000019073486,4.360000133514404,4.46999979019165,4.048577785491943,1812000
2019-02-12,4.449999809265137,4.579999923706055,4.389999866485596,4.429999828338623,4.012348651885986,2783000
2019-02-13,4.489999771118164,4.599999904632568,4.429999828338623,4.53000020980835,4.102921009063721,3215000
2019-02-14,4.510000228881836,4.570000171661377,4.46999979019165,4.519999980926514,4.0938639640808105,1246000
2019-02-15,4.46999979019165,4.46999979019165,4.320000171661377,4.320000171661377,3.912719488143921,3441000
2019-02-18,4.380000114440918,4.480000019073486,4.320000171661377,4.460000038146973,4.039520263671875,1406000
2019-02-19,4.429999828338623,4.619999885559082,4.429999828338623,4.53000020980835,4.102921009063721,2803169
2019-02-20,4.53000020980835,4.650000095367432,4.5,4.53000020980835,4.102921009063721,1705970
2019-02-21,4.519999980926514,4.570000171661377,4.519999980926514,4.539999961853027,4.111978054046631,2313000
2019-02-22,4.610000133514404,5.03000020980835,4.590000152587891,4.900000095367432,4.438037872314453,15536000
2019-02-25,4.909999847412109,5.050000190734863,4.889999866485596,4.920000076293945,4.45615291595459,4878970
2019-02-26,4.920000076293945,4.920000076293945,4.650000095367432,4.829999923706055,4.374638080596924,3098970
2019-02-27,4.880000114440918,4.880000114440918,4.75,4.78000020980835,4.329351425170898,2765130
2019-02-28,4.820000171661377,4.860000133514404,4.690000057220459,4.690000057220459,4.247836589813232,1992000
2019-03-01,4.699999809265137,4.78000020980835,4.639999866485596,4.769999980926514,4.320294380187988,2338000
2019-03-04,4.849999904632568,4.940000057220459,4.78000020980835,4.800000190734863,4.347465991973877,2766000
2019-03-05,4.760000228881836,4.980000019073486,4.760000228881836,4.96999979019165,4.501438140869141,1987000
2019-03-06,5.0,5.019999980926514,4.849999904632568,4.869999885559082,4.410866737365723,4352000
2019-03-07,4.880000114440918,4.900000095367432,4.809999942779541,4.889999866485596,4.428980827331543,2662000
2019-03-08,4.809999942779541,4.880000114440918,4.690000057220459,4.699999809265137,4.256893634796143,3331000
2019-03-11,4.699999809265137,4.800000190734863,4.650000095367432,4.75,4.302180290222168,1970000
2019-03-12,4.75,4.940000057220459,4.739999771118164,4.889999866485596,4.428980827331543,2397000
2019-03-13,4.929999828338623,4.929999828338623,4.800000190734863,4.829999923706055,4.374638080596924,1108000
2019-03-14,4.880000114440918,4.880000114440918,4.760000228881836,4.829999923706055,4.374638080596924,1808000
2019-03-15,5.079999923706055,5.239999771118164,4.960000038146973,5.190000057220459,4.700697898864746,13459000
2019-03-18,5.190000057220459,5.349999904632568,5.099999904632568,5.300000190734863,4.800327301025391,6099000
2019-03-19,5.309999942779541,5.369999885559082,5.059999942779541,5.119999885559082,4.637296676635742,3347000
2019-03-20,5.090000152587891,5.28000020980835,5.070000171661377,5.199999809265137,4.709754467010498,5546000
2019-03-21,5.179999828338623,5.329999923706055,5.159999847412109,5.170000076293945,4.682583332061768,4586700
2019-03-22,5.230000019073486,5.25,5.170000076293945,5.239999771118164,4.745983600616455,3278000
2019-03-25,5.079999923706055,5.179999828338623,5.050000190734863,5.099999904632568,4.619182109832764,4180000
2019-03-26,5.130000114440918,5.159999847412109,5.070000171661377,5.079999923706055,4.601068019866943,2699000
2019-03-27,5.119999885559082,5.570000171661377,5.119999885559082,5.539999961853027,5.0177001953125,9913000
2019-03-28,5.380000114440918,5.679999828338623,5.03000020980835,5.559999942779541,5.0358147621154785,15004000
2019-03-29,5.559999942779541,5.730000019073486,5.420000076293945,5.699999809265137,5.162615776062012,6986000
2019-04-01,5.78000020980835,6.190000057220459,5.769999980926514,6.179999828338623,5.597362518310547,11244611
2019-04-02,6.260000228881836,6.449999809265137,6.199999809265137,6.329999923706055,5.733221054077148,10064000
2019-04-03,6.300000190734863,6.329999923706055,6.099999904632568,6.179999828338623,5.597362518310547,6276000
2019-04-04,6.190000057220459,6.269999980926514,6.179999828338623,6.239999771118164,5.651705741882324,3119910
2019-04-08,6.300000190734863,6.349999904632568,6.179999828338623,6.269999980926514,5.678877353668213,4295850
2019-04-09,6.309999942779541,6.309999942779541,6.130000114440918,6.179999828338623,5.597362518310547,3005730
2019-04-10,6.139999866485596,6.139999866485596,6.010000228881836,6.110000133514404,5.533961772918701,3464000
2019-04-11,6.130000114440918,6.179999828338623,5.800000190734863,5.880000114440918,5.325645923614502,3559353
2019-04-12,5.920000076293945,6.03000020980835,5.820000171661377,6.03000020980835,5.461503982543945,1306910
2019-04-15,6.099999904632568,6.099999904632568,5.849999904632568,5.889999866485596,5.334702968597412,3890000
2019-04-16,5.900000095367432,5.960000038146973,5.760000228881836,5.880000114440918,5.325645923614502,2744000
2019-04-17,5.880000114440918,5.880000114440918,5.639999866485596,5.789999961853027,5.244130611419678,3782000
2019-04-18,5.800000190734863,5.929999828338623,5.699999809265137,5.869999885559082,5.316588401794434,2018000
2019-04-23,6.0,6.0,5.760000228881836,5.78000020980835,5.235074043273926,1786664
2019-04-24,5.809999942779541,5.929999828338623,5.760000228881836,5.889999866485596,5.334702968597412,2650000
2019-04-25,5.900000095367432,5.920000076293945,5.699999809265137,5.730000019073486,5.1897873878479,1900000
2019-04-26,5.679999828338623,5.820000171661377,5.679999828338623,5.800000190734863,5.253188610076904,2482757
2019-04-29,5.880000114440918,5.940000057220459,5.809999942779541,5.880000114440918,5.325645923614502,1379438
2019-04-30,5.880000114440918,5.880000114440918,5.670000076293945,5.710000038146973,5.171672821044922,1895296
2019-05-02,5.75,5.909999847412109,5.75,5.900000095367432,5.343760013580322,1248120
2019-05-03,5.900000095367432,5.929999828338623,5.789999961853027,5.880000114440918,5.325645923614502,1081000
2019-05-06,5.699999809265137,5.699999809265137,5.400000095367432,5.429999828338623,4.918070316314697,3564000
2019-05-07,5.489999771118164,5.519999980926514,5.409999847412109,5.5,4.981471061706543,1336203
2019-05-08,5.400000095367432,5.480000019073486,5.170000076293945,5.210000038146973,4.718811988830566,3586164
2019-05-09,5.190000057220459,5.190000057220459,4.949999809265137,4.989999771118164,4.519553184509277,4380000
2019-05-10,5.119999885559082,5.190000057220459,4.980000019073486,5.099999904632568,4.619182109832764,2781000
2019-05-14,4.940000057220459,5.050000190734863,4.860000133514404,4.920000076293945,4.45615291595459,2283000
2019-05-15,4.949999809265137,5.090000152587891,4.940000057220459,5.03000020980835,4.555782318115234,1091772
2019-05-16,5.059999942779541,5.309999942779541,5.0,5.28000020980835,4.782212734222412,2701000
2019-05-17,5.320000171661377,5.320000171661377,4.989999771118164,5.039999961853027,4.5648393630981445,3216000
2019-05-20,5.079999923706055,5.079999923706055,4.710000038146973,4.739999771118164,4.293121814727783,2594000
2019-05-21,4.710000038146973,4.889999866485596,4.710000038146973,4.820000171661377,4.365580081939697,1244819
2019-05-22,4.849999904632568,4.960000038146973,4.800000190734863,4.849999904632568,4.392752170562744,1036000
2019-05-23,4.78000020980835,4.789999961853027,4.480000019073486,4.599999904632568,4.166321754455566,4061000
2019-05-24,4.449999809265137,4.519999980926514,4.409999847412109,4.5,4.241729736328125,1285000
2019-05-27,4.519999980926514,4.519999980926514,4.380000114440918,4.5,4.241729736328125,841000
2019-05-28,4.510000228881836,4.559999942779541,4.440000057220459,4.460000038146973,4.204025745391846,1722000
2019-05-29,4.489999771118164,4.619999885559082,4.420000076293945,4.590000152587891,4.326565265655518,1313000
2019-05-30,4.610000133514404,4.769999980926514,4.519999980926514,4.679999828338623,4.4113993644714355,2449000
2019-05-31,4.71999979019165,4.789999961853027,4.590000152587891,4.599999904632568,4.335990905761719,1708000
2019-06-03,4.590000152587891,4.670000076293945,4.519999980926514,4.570000171661377,4.307712554931641,1440000
2019-06-04,4.619999885559082,4.650000095367432,4.489999771118164,4.510000228881836,4.251156330108643,1351910
2019-06-05,4.630000114440918,4.650000095367432,4.519999980926514,4.570000171661377,4.307712554931641,930000
2019-06-06,4.630000114440918,4.71999979019165,4.550000190734863,4.659999847412109,4.392546653747559,1312970
2019-06-10,4.71999979019165,4.75,4.670000076293945,4.739999771118164,4.467955112457275,798003
2019-06-11,4.739999771118164,4.96999979019165,4.659999847412109,4.840000152587891,4.562216758728027,3221853
2019-06-12,4.860000133514404,4.860000133514404,4.659999847412109,4.699999809265137,4.430251121520996,1230000
2019-06-13,4.71999979019165,4.769999980926514,4.590000152587891,4.730000019073486,4.458529472351074,1983000
2019-06-14,4.760000228881836,4.760000228881836,4.590000152587891,4.679999828338623,4.4113993644714355,1362000
2019-06-17,4.670000076293945,4.71999979019165,4.53000020980835,4.630000114440918,4.364269256591797,1313000
2019-06-18,4.650000095367432,4.730000019073486,4.579999923706055,4.730000019073486,4.458529472351074,1039820
2019-06-19,4.809999942779541,4.960000038146973,4.789999961853027,4.900000095367432,4.618772506713867,3637000
2019-06-20,4.929999828338623,5.110000133514404,4.860000133514404,5.03000020980835,4.741312026977539,2950970
2019-06-21,5.03000020980835,5.110000133514404,4.869999885559082,4.980000019073486,4.694180965423584,2349000
2019-06-24,4.980000019073486,5.269999980926514,4.96999979019165,5.239999771118164,4.939259052276611,3735382
2019-06-25,5.260000228881836,5.409999847412109,5.150000095367432,5.389999866485596,5.0806498527526855,6831910
2019-06-26,5.320000171661377,5.5,5.28000020980835,5.360000133514404,5.052371978759766,3695000
2019-06-27,5.400000095367432,5.440000057220459,5.199999809265137,5.269999980926514,4.9675374031066895,2503850
2019-06-28,5.269999980926514,5.269999980926514,5.170000076293945,5.210000038146973,4.910980701446533,1171850
2019-07-02,5.28000020980835,5.46999979019165,5.260000228881836,5.409999847412109,5.099502086639404,3510850
2019-07-03,5.400000095367432,5.730000019073486,5.400000095367432,5.679999828338623,5.354005813598633,6390746
2019-07-04,5.760000228881836,5.789999961853027,5.53000020980835,5.570000171661377,5.250319480895996,2993000
2019-07-05,5.579999923706055,5.590000152587891,5.349999904632568,5.559999942779541,5.240893363952637,4318000
2019-07-08,5.5,5.579999923706055,5.300000190734863,5.380000114440918,5.071224212646484,2348092
2019-07-09,5.420000076293945,5.420000076293945,5.170000076293945,5.25,4.948685169219971,3397000
2019-07-10,5.309999942779541,5.480000019073486,5.289999961853027,5.46999979019165,5.156058311462402,3075000
2019-07-11,5.46999979019165,5.769999980926514,5.460000038146973,5.630000114440918,5.306875705718994,6469971
2019-07-12,5.639999866485596,5.829999923706055,5.599999904632568,5.829999923706055,5.495396614074707,5557000
2019-07-15,5.880000114440918,5.880000114440918,5.639999866485596,5.639999866485596,5.3163018226623535,3014000
2019-07-16,5.659999847412109,5.789999961853027,5.639999866485596,5.659999847412109,5.335153579711914,2629670
2019-07-17,5.659999847412109,5.659999847412109,5.5,5.510000228881836,5.19376277923584,2620880
2019-07-18,5.480000019073486,5.539999961853027,5.380000114440918,5.409999847412109,5.099502086639404,2385000
2019-07-19,5.46999979019165,5.53000020980835,5.389999866485596,5.449999809265137,5.137206077575684,3213880
2019-07-22,5.78000020980835,6.019999980926514,5.599999904632568,5.699999809265137,5.372858047485352,15410970
2019-07-23,5.730000019073486,5.760000228881836,5.519999980926514,5.550000190734863,5.231467247009277,5424000
2019-07-24,5.590000152587891,5.650000095367432,5.550000190734863,5.559999942779541,5.240893363952637,2485000
2019-07-25,5.570000171661377,5.840000152587891,5.550000190734863,5.829999923706055,5.495396614074707,3324850
2019-07-26,5.829999923706055,5.829999923706055,5.659999847412109,5.679999828338623,5.354005813598633,2847000
2019-07-29,5.730000019073486,5.730000019073486,5.550000190734863,5.619999885559082,5.297449588775635,2421000
2019-07-30,5.679999828338623,5.679999828338623,5.510000228881836,5.570000171661377,5.250319480895996,1061000
2019-07-31,5.510000228881836,5.550000190734863,5.360000133514404,5.409999847412109,5.099502086639404,2143000
2019-08-01,5.349999904632568,5.400000095367432,5.190000057220459,5.21999979019165,4.920406818389893,4650000
2019-08-02,5.110000133514404,5.150000095367432,5.010000228881836,5.110000133514404,4.816720485687256,4300000
2019-08-05,5.050000190734863,5.050000190734863,4.800000190734863,4.820000171661377,4.54336404800415,3375000
2019-08-06,4.650000095367432,4.869999885559082,4.510000228881836,4.820000171661377,4.54336404800415,3775000
2019-08-07,4.849999904632568,4.920000076293945,4.78000020980835,4.909999847412109,4.628199100494385,1947000
2019-08-08,4.900000095367432,5.03000020980835,4.840000152587891,4.96999979019165,4.684754848480225,2479000
2019-08-09,5.019999980926514,5.059999942779541,4.849999904632568,4.880000114440918,4.599920749664307,2391000
2019-08-12,4.820000171661377,4.889999866485596,4.789999961853027,4.809999942779541,4.533937931060791,1620000
2019-08-13,4.78000020980835,4.78000020980835,4.590000152587891,4.659999847412109,4.392546653747559,3347353
2019-08-14,4.739999771118164,4.78000020980835,4.650000095367432,4.710000038146973,4.439677715301514,2438386
2019-08-15,4.630000114440918,4.769999980926514,4.559999942779541,4.730000019073486,4.458529472351074,1658198
2019-08-16,4.710000038146973,4.860000133514404,4.659999847412109,4.760000228881836,4.4868083000183105,1223000
2019-08-19,4.860000133514404,4.980000019073486,4.860000133514404,4.929999828338623,4.647050857543945,3265000
2019-08-20,4.960000038146973,5.079999923706055,4.900000095367432,5.019999980926514,4.7318854331970215,3044000
2019-08-21,4.809999942779541,4.829999923706055,4.460000038146973,4.480000019073486,4.2228779792785645,20338000
2019-08-22,4.5,4.559999942779541,4.389999866485596,4.46999979019165,4.213451862335205,7267000
2019-08-23,4.409999847412109,4.46999979019165,4.25,4.269999980926514,4.024930477142334,8312000
2019-08-26,4.099999904632568,4.159999847412109,3.9800000190734863,4.130000114440918,3.8929660320281982,5941468
2019-08-27,4.159999847412109,4.21999979019165,4.090000152587891,4.119999885559082,3.8835396766662598,2334032
2019-08-28,4.130000114440918,4.139999866485596,4.010000228881836,4.039999961853027,3.808130979537964,3305386
2019-08-29,4.050000190734863,4.230000019073486,4.050000190734863,4.179999828338623,3.9400956630706787,5277076
2019-08-30,4.21999979019165,4.230000019073486,4.110000133514404,4.130000114440918,3.8929660320281982,3607000
2019-09-02,4.079999923706055,4.360000133514404,4.110000133514404,4.179999828338623,3.9400956630706787,2049028
2019-09-03,4.25,4.25,4.019999980926514,4.070000171661377,3.836409568786621,5154354
2019-09-04,4.079999923706055,4.199999809265137,4.079999923706055,4.170000076293945,3.9306700229644775,4083000
2019-09-05,4.199999809265137,4.260000228881836,4.130000114440918,4.190000057220459,3.949522018432617,5094000
2019-09-06,4.199999809265137,4.320000171661377,4.170000076293945,4.289999961853027,4.043782711029053,3552000
2019-09-09,4.309999942779541,4.320000171661377,4.239999771118164,4.260000228881836,4.015504360198975,1982522
2019-09-10,4.269999980926514,4.269999980926514,4.190000057220459,4.239999771118164,3.996652126312256,1551000
2019-09-11,4.25,4.269999980926514,4.179999828338623,4.239999771118164,3.996652126312256,1593000
2019-09-12,4.239999771118164,4.289999961853027,4.199999809265137,4.210000038146973,3.968374252319336,2126000
2019-09-13,4.21999979019165,4.340000152587891,4.21999979019165,4.300000190734863,4.053208827972412,2855000
2019-09-16,4.320000171661377,4.320000171661377,4.179999828338623,4.21999979019165,3.977800130844116,3328000
2019-09-17,4.230000019073486,4.230000019073486,4.139999866485596,4.170000076293945,3.9306700229644775,2282000
2019-09-18,4.190000057220459,4.269999980926514,4.190000057220459,4.230000019073486,3.9872262477874756,1751000
2019-09-19,4.239999771118164,4.260000228881836,4.179999828338623,4.199999809265137,3.9589481353759766,1621000
2019-09-20,4.139999866485596,4.179999828338623,4.079999923706055,4.150000095367432,3.911818027496338,4394555
2019-09-23,4.150000095367432,4.150000095367432,4.070000171661377,4.090000152587891,3.8552615642547607,1014000
2019-09-24,4.119999885559082,4.130000114440918,4.050000190734863,4.090000152587891,3.8552615642547607,1392000
2019-09-25,4.079999923706055,4.079999923706055,4.010000228881836,4.03000020980835,3.7987053394317627,1412000
2019-09-26,4.070000171661377,4.110000133514404,3.9600000381469727,3.9700000286102295,3.7421486377716064,4058251
2019-09-27,3.9700000286102295,4.019999980926514,3.930000066757202,3.990000009536743,3.761000871658325,932000
2019-09-30,3.9600000381469727,4.019999980926514,3.9000000953674316,3.9100000858306885,3.6855924129486084,1364939
2019-10-02,3.9200000762939453,3.9200000762939453,3.7699999809265137,3.7899999618530273,3.572479486465454,3649000
2019-10-03,3.7799999713897705,3.9700000286102295,3.7300000190734863,3.9700000286102295,3.7421486377716064,2765000
2019-10-04,4.010000228881836,4.130000114440918,3.9700000286102295,4.010000228881836,3.779853105545044,3965000
2019-10-08,4.050000190734863,4.070000171661377,3.930000066757202,3.940000057220459,3.7138702869415283,2774000
2019-10-09,3.940000057220459,4.010000228881836,3.930000066757202,3.950000047683716,3.723296642303467,1561391
2019-10-10,3.9700000286102295,3.9800000190734863,3.9200000762939453,3.9200000762939453,3.6950182914733887,1545801
2019-10-11,3.930000066757202,4.179999828338623,3.930000066757202,4.099999904632568,3.864687442779541,4620000
2019-10-14,4.179999828338623,4.190000057220459,4.099999904632568,4.159999847412109,3.921243667602539,1633970
2019-10-15,4.190000057220459,4.190000057220459,4.070000171661377,4.139999866485596,3.9023916721343994,2867000
2019-10-16,4.139999866485596,4.260000228881836,4.099999904632568,4.179999828338623,3.9400956630706787,3042000
2019-10-17,4.179999828338623,4.21999979019165,4.110000133514404,4.179999828338623,3.9400956630706787,2144000
2019-10-18,4.190000057220459,4.380000114440918,4.190000057220459,4.289999961853027,4.043782711029053,8760000
2019-10-21,4.320000171661377,4.320000171661377,4.179999828338623,4.21999979019165,3.977800130844116,3389928
2019-10-22,4.239999771118164,4.239999771118164,3.9700000286102295,4.0,3.7704267501831055,4337000
2019-10-23,4.019999980926514,4.070000171661377,3.930000066757202,4.019999980926514,3.789278984069824,3750000
2019-10-24,4.090000152587891,4.199999809265137,4.070000171661377,4.190000057220459,3.949522018432617,4125300
2019-10-25,4.210000038146973,4.25,4.170000076293945,4.210000038146973,3.968374252319336,3532000
2019-10-28,4.199999809265137,4.28000020980835,4.159999847412109,4.199999809265137,3.9589481353759766,3041000
2019-10-29,4.230000019073486,4.25,4.170000076293945,4.210000038146973,3.968374252319336,2382000
2019-10-30,4.25,4.309999942779541,4.230000019073486,4.269999980926514,4.024930477142334,5247001
2019-10-31,4.269999980926514,4.460000038146973,4.25,4.449999809265137,4.194599628448486,8224000
2019-11-01,4.449999809265137,4.489999771118164,4.389999866485596,4.460000038146973,4.204025745391846,3623000
2019-11-04,4.489999771118164,4.53000020980835,4.420000076293945,4.460000038146973,4.204025745391846,5164019
2019-11-05,4.460000038146973,4.480000019073486,4.369999885559082,4.389999866485596,4.138043403625488,4718000
2019-11-06,4.400000095367432,4.769999980926514,4.369999885559082,4.659999847412109,4.392546653747559,9969000
2019-11-07,4.710000038146973,4.730000019073486,4.559999942779541,4.670000076293945,4.401973724365234,4500000
2019-11-08,4.679999828338623,4.679999828338623,4.53000020980835,4.570000171661377,4.307712554931641,4533000
2019-11-11,4.579999923706055,4.579999923706055,4.380000114440918,4.400000095367432,4.147469520568848,3797000
2019-11-12,4.429999828338623,4.710000038146973,4.400000095367432,4.630000114440918,4.364269256591797,7372000
2019-11-13,4.630000114440918,4.639999866485596,4.460000038146973,4.5,4.241729736328125,3808000
2019-11-14,4.579999923706055,4.579999923706055,4.480000019073486,4.510000228881836,4.251156330108643,3505000
2019-11-15,4.550000190734863,4.550000190734863,4.449999809265137,4.449999809265137,4.194599628448486,1894970
2019-11-18,4.489999771118164,4.599999904632568,4.460000038146973,4.559999942779541,4.298286437988281,2605910
2019-11-19,4.579999923706055,4.75,4.5,4.670000076293945,4.401973724365234,5285524
2019-11-20,4.710000038146973,4.710000038146973,4.590000152587891,4.590000152587891,4.326565265655518,2111000
2019-11-21,4.53000020980835,4.570000171661377,4.480000019073486,4.53000020980835,4.270008563995361,1447000
2019-11-22,4.46999979019165,4.579999923706055,4.46999979019165,4.489999771118164,4.232303619384766,1466425
2019-11-25,4.539999961853027,4.570000171661377,4.5,4.550000190734863,4.28886079788208,1268000
2019-11-26,4.590000152587891,4.590000152587891,4.5,4.590000152587891,4.326565265655518,2154000
2019-11-27,4.639999866485596,4.639999866485596,4.440000057220459,4.46999979019165,4.213451862335205,2453000
2019-11-28,4.400000095367432,4.5,4.400000095367432,4.460000038146973,4.204025745391846,1453000
2019-11-29,4.400000095367432,4.429999828338623,4.309999942779541,4.349999904632568,4.100338935852051,2345900
2019-12-02,4.389999866485596,4.389999866485596,4.28000020980835,4.349999904632568,4.100338935852051,1892000
2019-12-03,4.360000133514404,4.380000114440918,4.309999942779541,4.360000133514404,4.109765529632568,818000
2019-12-04,4.300000190734863,4.349999904632568,4.239999771118164,4.28000020980835,4.034357070922852,2382000
2019-12-05,4.340000152587891,4.360000133514404,4.300000190734863,4.329999923706055,4.081486701965332,3037000
2019-12-06,4.329999923706055,4.429999828338623,4.329999923706055,4.380000114440918,4.128617286682129,1708500
2019-12-09,4.400000095367432,4.429999828338623,4.329999923706055,4.360000133514404,4.109765529632568,1500000
2019-12-10,4.300000190734863,4.329999923706055,4.159999847412109,4.170000076293945,3.9306700229644775,2552000
2019-12-11,4.199999809265137,4.230000019073486,4.170000076293945,4.21999979019165,3.977800130844116,3330000
2019-12-12,4.21999979019165,4.289999961853027,4.210000038146973,4.239999771118164,3.996652126312256,2381370
2019-12-13,4.28000020980835,4.28000020980835,4.179999828338623,4.210000038146973,3.968374252319336,2128000
2019-12-16,4.210000038146973,4.230000019073486,4.159999847412109,4.199999809265137,3.9589481353759766,1382392
2019-12-17,4.210000038146973,4.260000228881836,4.199999809265137,4.25,4.006078243255615,1305000
2019-12-18,4.289999961853027,4.300000190734863,4.21999979019165,4.25,4.006078243255615,678000
2019-12-19,4.21999979019165,4.239999771118164,4.170000076293945,4.239999771118164,3.996652126312256,907716
2019-12-20,4.239999771118164,4.239999771118164,4.210000038146973,4.21999979019165,3.977800130844116,867716
2019-12-23,4.21999979019165,4.239999771118164,4.170000076293945,4.190000057220459,3.949522018432617,750000
2019-12-24,4.170000076293945,4.190000057220459,4.130000114440918,4.150000095367432,3.911818027496338,737000
2019-12-27,4.150000095367432,4.21999979019165,4.150000095367432,4.199999809265137,3.9589481353759766,1783690
2019-12-30,4.199999809265137,4.329999923706055,4.170000076293945,4.329999923706055,4.081486701965332,3093000
2019-12-31,4.329999923706055,4.400000095367432,4.230000019073486,4.300000190734863,4.053208827972412,1440000
2020-01-02,4.340000152587891,4.369999885559082,4.309999942779541,4.329999923706055,4.081486701965332,1447000
2020-01-03,4.349999904632568,4.349999904632568,4.210000038146973,4.230000019073486,3.9872262477874756,2098000
2020-01-06,4.199999809265137,4.230000019073486,4.150000095367432,4.159999847412109,3.921243667602539,2077000
2020-01-07,4.179999828338623,4.21999979019165,4.159999847412109,4.199999809265137,3.9589481353759766,977000
2020-01-08,4.179999828338623,4.179999828338623,4.090000152587891,4.119999885559082,3.8835396766662598,1946000
2020-01-09,4.139999866485596,4.230000019073486,4.139999866485596,4.230000019073486,3.9872262477874756,1741000
2020-01-10,4.230000019073486,4.340000152587891,4.179999828338623,4.329999923706055,4.081486701965332,3292000
2020-01-13,4.340000152587891,4.46999979019165,4.309999942779541,4.429999828338623,4.175747394561768,4417000
2020-01-14,4.489999771118164,4.519999980926514,4.300000190734863,4.300000190734863,4.053208827972412,3294000
2020-01-15,4.369999885559082,4.369999885559082,4.320000171661377,4.349999904632568,4.100338935852051,1740000
2020-01-16,4.380000114440918,4.519999980926514,4.349999904632568,4.519999980926514,4.260582447052002,3698000
2020-01-17,4.539999961853027,4.579999923706055,4.449999809265137,4.46999979019165,4.213451862335205,3816000
2020-01-20,4.46999979019165,4.510000228881836,4.400000095367432,4.409999847412109,4.156895160675049,1258000
2020-01-21,4.420000076293945,4.429999828338623,4.199999809265137,4.21999979019165,3.977800130844116,2884820
2020-01-22,4.21999979019165,4.260000228881836,4.159999847412109,4.25,4.006078243255615,1425000
2020-01-23,4.179999828338623,4.179999828338623,3.990000009536743,4.059999942779541,3.8269832134246826,2828000
2020-01-24,4.079999923706055,4.079999923706055,3.9700000286102295,4.050000190734863,3.8175573348999023,786000
2020-01-29,3.809999942779541,3.940000057220459,3.799999952316284,3.9000000953674316,3.67616605758667,2559000
2020-01-30,3.9000000953674316,3.9100000858306885,3.5999999046325684,3.609999895095825,3.4028100967407227,5800000
2020-01-31,3.630000114440918,3.7899999618530273,3.630000114440918,3.680000066757202,3.468792676925659,1565000
2020-02-03,3.6500000953674316,3.8499999046325684,3.5999999046325684,3.75,3.5347752571105957,4095616
2020-02-04,3.740000009536743,3.859999895095825,3.740000009536743,3.799999952316284,3.5819053649902344,4699328
2020-02-05,3.8299999237060547,3.890000104904175,3.7899999618530273,3.819999933242798,3.600757360458374,3264000
2020-02-06,3.799999952316284,3.9200000762939453,3.799999952316284,3.890000104904175,3.6667401790618896,2688000
2020-02-07,3.859999895095825,3.9100000858306885,3.8299999237060547,3.880000114440918,3.6573140621185303,1753000
2020-02-10,3.859999895095825,3.869999885559082,3.759999990463257,3.859999895095825,3.6384615898132324,2430000
2020-02-11,3.9200000762939453,4.179999828338623,3.880000114440918,4.130000114440918,3.8929660320281982,6009000
2020-02-12,4.190000057220459,4.260000228881836,4.110000133514404,4.210000038146973,3.968374252319336,5088016
2020-02-13,4.239999771118164,4.28000020980835,4.119999885559082,4.150000095367432,3.911818027496338,3318000
2020-02-14,4.179999828338623,4.489999771118164,4.139999866485596,4.449999809265137,4.194599628448486,8876000
2020-02-17,4.53000020980835,4.679999828338623,4.480000019073486,4.559999942779541,4.298286437988281,9553000
2020-02-18,4.5,4.53000020980835,4.400000095367432,4.429999828338623,4.175747394561768,2914000
2020-02-19,4.420000076293945,4.619999885559082,4.420000076293945,4.460000038146973,4.204025745391846,4860940
2020-02-20,4.539999961853027,4.550000190734863,4.369999885559082,4.5,4.241729736328125,3741000
2020-02-21,4.489999771118164,4.5,4.360000133514404,4.369999885559082,4.1191911697387695,3675000
2020-02-24,4.269999980926514,4.349999904632568,4.25,4.320000171661377,4.072061061859131,3082000
2020-02-25,4.260000228881836,4.309999942779541,4.199999809265137,4.25,4.006078243255615,3007000
2020-02-26,4.210000038146973,4.309999942779541,4.179999828338623,4.230000019073486,3.9872262477874756,1445000
2020-02-27,4.230000019073486,4.300000190734863,4.159999847412109,4.300000190734863,4.053208827972412,2073000
2020-02-28,4.230000019073486,4.230000019073486,4.110000133514404,4.119999885559082,3.8835396766662598,3583000
2020-03-02,4.159999847412109,4.199999809265137,4.119999885559082,4.179999828338623,3.9400956630706787,1996000
2020-03-03,4.210000038146973,4.269999980926514,4.170000076293945,4.210000038146973,3.968374252319336,2112000
2020-03-04,4.150000095367432,4.239999771118164,4.130000114440918,4.239999771118164,3.996652126312256,1221000
2020-03-05,4.28000020980835,4.369999885559082,4.239999771118164,4.369999885559082,4.1191911697387695,3465000
2020-03-06,4.329999923706055,4.329999923706055,4.230000019073486,4.300000190734863,4.053208827972412,1860880
2020-03-09,4.199999809265137,4.199999809265137,4.0,4.039999961853027,3.808130979537964,3407000
2020-03-10,4.019999980926514,4.090000152587891,3.9100000858306885,4.019999980926514,3.789278984069824,4040000
2020-03-11,3.9600000381469727,4.170000076293945,3.9600000381469727,4.099999904632568,3.864687442779541,2248000
2020-03-12,4.039999961853027,4.039999961853027,3.8499999046325684,3.869999885559082,3.647887945175171,4799000
2020-03-13,3.5999999046325684,3.819999933242798,3.490000009536743,3.7799999713897705,3.5630531311035156,5994000
2020-03-16,3.75,3.799999952316284,3.5199999809265137,3.5999999046325684,3.3933839797973633,3374000
2020-03-17,3.5999999046325684,3.640000104904175,3.430000066757202,3.5,3.2991232872009277,4126000
2020-03-18,3.569999933242798,3.5899999141693115,3.200000047683716,3.259999990463257,3.0728976726531982,4829000
2020-03-19,3.2899999618530273,3.2899999618530273,2.9800000190734863,3.130000114440918,2.9503591060638428,5331000
2020-03-20,3.240000009536743,3.2699999809265137,3.0999999046325684,3.25,3.063471794128418,4151000
2020-03-23,3.0999999046325684,3.130000114440918,3.0,3.059999942779541,2.8843765258789062,4052000
2020-03-24,3.140000104904175,3.2300000190734863,3.119999885559082,3.180000066757202,2.9974892139434814,1866000
2020-03-25,3.380000114440918,3.4200000762939453,3.2799999713897705,3.3499999046325684,3.1577322483062744,3370000
2020-03-26,3.3299999237060547,3.440000057220459,3.2899999618530273,3.359999895095825,3.167158365249634,2105000
2020-03-27,3.4200000762939453,3.4700000286102295,3.380000114440918,3.4100000858306885,3.2142889499664307,1729000
2020-03-30,3.3299999237060547,3.4200000762939453,3.309999942779541,3.4200000762939453,3.223714828491211,1305000
2020-03-31,3.2200000286102295,3.3299999237060547,3.1500000953674316,3.200000047683716,3.0163414478302,7629000
2020-04-01,3.25,3.390000104904175,3.200000047683716,3.2699999809265137,3.0823237895965576,5704000
2020-04-02,3.200000047683716,3.319999933242798,3.190000057220459,3.259999990463257,3.0728976726531982,1613000
2020-04-03,3.299999952316284,3.3299999237060547,3.2100000381469727,3.2300000190734863,3.044619560241699,1580970
2020-04-06,3.25,3.259999990463257,3.0199999809265137,3.0899999141693115,2.9126546382904053,4227000
2020-04-07,3.140000104904175,3.240000009536743,3.130000114440918,3.190000057220459,3.006915330886841,3397000
2020-04-08,3.180000066757202,3.2699999809265137,3.130000114440918,3.200000047683716,3.0163414478302,2594000
2020-04-09,3.2200000286102295,3.3499999046325684,3.1700000762939453,3.3399999141693115,3.148306131362915,4532000
2020-04-14,3.3399999141693115,3.5399999618530273,3.309999942779541,3.430000066757202,3.2331409454345703,2079000
2020-04-15,3.4600000381469727,3.4700000286102295,3.2799999713897705,3.299999952316284,3.1106019020080566,2175000
2020-04-16,3.240000009536743,3.3499999046325684,3.2200000286102295,3.3499999046325684,3.1577322483062744,1328000
2020-04-17,3.359999895095825,3.430000066757202,3.309999942779541,3.3499999046325684,3.1577322483062744,2169000
2020-04-20,3.450000047683716,3.569999933242798,3.369999885559082,3.569999933242798,3.3651058673858643,8853000
2020-04-21,3.5899999141693115,3.5899999141693115,3.450000047683716,3.5199999809265137,3.3179755210876465,4332000
2020-04-22,3.509999990463257,3.559999942779541,3.4100000858306885,3.509999990463257,3.308549642562866,2449551
2020-04-23,3.5,3.5399999618530273,3.430000066757202,3.4600000381469727,3.2614190578460693,2123000
2020-04-24,3.4600000381469727,3.4600000381469727,3.2799999713897705,3.4100000858306885,3.2142889499664307,8152000
2020-04-27,3.390000104904175,3.450000047683716,3.2899999618530273,3.319999933242798,3.1294541358947754,4484000
2020-04-28,3.3399999141693115,3.4000000953674316,3.2300000190734863,3.4000000953674316,3.2048628330230713,1948000
2020-04-29,3.4100000858306885,3.740000009536743,3.390000104904175,3.690000057220459,3.4782187938690186,5158000
2020-05-04,3.5799999237060547,3.609999895095825,3.4000000953674316,3.490000009536743,3.2896974086761475,3960600
2020-05-05,3.5399999618530273,3.559999942779541,3.440000057220459,3.490000009536743,3.2896974086761475,1190000
2020-05-06,3.4600000381469727,3.569999933242798,3.440000057220459,3.559999942779541,3.355679750442505,3362000
2020-05-07,3.559999942779541,3.559999942779541,3.490000009536743,3.5299999713897705,3.327401638031006,1254000
2020-05-08,3.559999942779541,3.609999895095825,3.5199999809265137,3.5299999713897705,3.327401638031006,2601000
2020-05-11,3.549999952316284,3.6500000953674316,3.4600000381469727,3.5,3.2991232872009277,2842000
2020-05-12,3.5199999809265137,3.569999933242798,3.450000047683716,3.559999942779541,3.355679750442505,1618000
2020-05-13,3.4800000190734863,3.549999952316284,3.4800000190734863,3.5,3.2991232872009277,1307000
2020-05-14,3.4700000286102295,3.8499999046325684,3.430000066757202,3.7899999618530273,3.572479486465454,8131910
2020-05-15,3.8299999237060547,4.150000095367432,3.799999952316284,4.0,3.7704267501831055,9601000
2020-05-18,3.9200000762939453,4.150000095367432,3.9200000762939453,4.019999980926514,3.789278984069824,5705000
2020-05-19,4.059999942779541,4.099999904632568,3.9800000190734863,4.019999980926514,3.789278984069824,3085000
2020-05-20,3.9800000190734863,4.03000020980835,3.940000057220459,4.0,3.7704267501831055,2335000
2020-05-21,3.990000009536743,4.03000020980835,3.7300000190734863,3.799999952316284,3.5819053649902344,3389000
2020-05-22,3.690000057220459,3.890000104904175,3.569999933242798,3.5999999046325684,3.3933839797973633,5592000
2020-05-25,3.5,3.7200000286102295,3.4700000286102295,3.700000047683716,3.487644672393799,2199000
2020-05-26,3.700000047683716,3.75,3.6700000762939453,3.700000047683716,3.487644672393799,1042000
2020-05-27,3.690000057220459,3.690000057220459,3.559999942779541,3.5899999141693115,3.383958101272583,1073000
2020-05-28,3.609999895095825,3.609999895095825,3.4000000953674316,3.4700000286102295,3.2708451747894287,3633000
2020-05-29,3.4700000286102295,3.5299999713897705,3.440000057220459,3.4800000190734863,3.280271291732788,1200000
2020-06-01,3.509999990463257,3.609999895095825,3.5,3.5999999046325684,3.3933839797973633,2786000
2020-06-02,3.549999952316284,3.6500000953674316,3.509999990463257,3.6500000953674316,3.539219379425049,1564000
2020-06-03,3.7300000190734863,3.7300000190734863,3.569999933242798,3.6600000858306885,3.5489158630371094,2519000
2020-06-04,3.7200000286102295,3.7200000286102295,3.490000009536743,3.5299999713897705,3.422861337661743,3524000
2020-06-05,3.5299999713897705,3.569999933242798,3.4800000190734863,3.5,3.3937718868255615,1902267
2020-06-08,3.5399999618530273,3.5899999141693115,3.4800000190734863,3.5199999809265137,3.4131648540496826,1171000
2020-06-09,3.569999933242798,3.5999999046325684,3.4800000190734863,3.549999952316284,3.4422543048858643,1810000
2020-06-10,3.549999952316284,3.7899999618530273,3.5,3.75,3.6361842155456543,5174000
2020-06-11,3.700000047683716,4.099999904632568,3.700000047683716,4.050000190734863,3.927079200744629,23291000
2020-06-12,3.950000047683716,4.190000057220459,3.9000000953674316,4.039999961853027,3.9173824787139893,9455000
2020-06-15,4.059999942779541,4.110000133514404,3.869999885559082,3.880000114440918,3.7622387409210205,4624000
2020-06-16,3.940000057220459,4.050000190734863,3.930000066757202,4.0,3.878596544265747,6343000
2020-06-17,4.0,4.019999980926514,3.6700000762939453,3.7100000381469727,3.597398281097412,16759000
2020-06-18,3.7100000381469727,3.7899999618530273,3.5999999046325684,3.7899999618530273,3.6749701499938965,7418000
2020-06-19,3.819999933242798,3.9700000286102295,3.7899999618530273,3.9200000762939453,3.8010246753692627,5318251
2020-06-22,3.940000057220459,3.940000057220459,3.75,3.8399999141693115,3.723452568054199,3789820
2020-06-23,3.75,3.8299999237060547,3.680000066757202,3.740000009536743,3.6264877319335938,4318069
2020-06-24,3.7300000190734863,3.799999952316284,3.680000066757202,3.7899999618530273,3.6749701499938965,3026000
2020-06-26,3.740000009536743,3.9100000858306885,3.7100000381469727,3.9000000953674316,3.7816317081451416,3637000
2020-06-29,3.8399999141693115,3.8499999046325684,3.6700000762939453,3.7200000286102295,3.6070947647094727,5987910
2020-06-30,3.7300000190734863,3.7899999618530273,3.680000066757202,3.700000047683716,3.5877017974853516,1841958
2020-07-02,3.690000057220459,3.819999933242798,3.690000057220459,3.7899999618530273,3.6749701499938965,4645633
2020-07-03,3.8499999046325684,3.8499999046325684,3.7200000286102295,3.7300000190734863,3.616791248321533,5196000
2020-07-06,3.7799999713897705,3.9100000858306885,3.75,3.9000000953674316,3.7816317081451416,10108000
2020-07-07,3.950000047683716,4.0,3.75,3.759999990463257,3.645880699157715,4571000
2020-07-08,3.799999952316284,3.890000104904175,3.75,3.890000104904175,3.771935224533081,4172741
2020-07-09,3.890000104904175,3.9200000762939453,3.75,3.8299999237060547,3.7137560844421387,4214000
2020-07-10,3.7899999618530273,3.8499999046325684,3.740000009536743,3.759999990463257,3.645880699157715,4540000
2020-07-13,3.759999990463257,3.930000066757202,3.7300000190734863,3.759999990463257,3.645880699157715,10508000
2020-07-14,3.740000009536743,3.75,3.5299999713897705,3.5899999141693115,3.4810402393341064,10657940
2020-07-15,3.630000114440918,3.6600000858306885,3.5399999618530273,3.640000104904175,3.5295228958129883,4124000
2020-07-16,3.6500000953674316,3.6500000953674316,3.430000066757202,3.4600000381469727,3.3549859523773193,3998395
2020-07-17,3.5199999809265137,3.559999942779541,3.509999990463257,3.5199999809265137,3.4131648540496826,1797073
2020-07-20,3.5199999809265137,3.630000114440918,3.5,3.619999885559082,3.510129690170288,3204543
2020-07-21,3.6600000858306885,3.7200000286102295,3.5999999046325684,3.700000047683716,3.5877017974853516,4069370
2020-07-22,3.7300000190734863,3.940000057220459,3.7100000381469727,3.7899999618530273,3.6749701499938965,9929514
2020-07-23,3.8299999237060547,4.050000190734863,3.759999990463257,4.03000020980835,3.907686233520508,13403948
2020-07-24,3.9700000286102295,4.03000020980835,3.740000009536743,3.740000009536743,3.6264877319335938,4953113
2020-07-27,3.819999933242798,3.819999933242798,3.609999895095825,3.6600000858306885,3.5489158630371094,3062000
2020-07-28,3.740000009536743,3.990000009536743,3.680000066757202,3.9800000190734863,3.859203577041626,6707045
2020-07-29,3.9000000953674316,4.0,3.890000104904175,3.950000047683716,3.8301141262054443,2071087
2020-07-30,3.950000047683716,4.130000114440918,3.9100000858306885,3.9800000190734863,3.859203577041626,6019000
2020-07-31,4.0,4.039999961853027,3.880000114440918,3.940000057220459,3.820417642593384,2312130
2020-08-03,3.950000047683716,4.050000190734863,3.930000066757202,4.019999980926514,3.897989511489868,4165113
2020-08-04,4.0,4.0,3.9000000953674316,3.930000066757202,3.8107211589813232,1988960
2020-08-05,3.940000057220459,3.940000057220459,3.799999952316284,3.890000104904175,3.771935224533081,2380000
2020-08-06,3.8499999046325684,4.050000190734863,3.809999942779541,4.039999961853027,3.9173824787139893,5699084
2020-08-07,4.119999885559082,4.119999885559082,3.9100000858306885,3.990000009536743,3.8689000606536865,3703564
2020-08-10,3.990000009536743,4.039999961853027,3.9100000858306885,4.010000228881836,3.8882932662963867,2203000
2020-08-11,4.019999980926514,4.139999866485596,3.9700000286102295,4.0,3.878596544265747,3719385
2020-08-12,3.990000009536743,4.059999942779541,3.890000104904175,4.059999942779541,3.9367754459381104,3600126
2020-08-13,4.019999980926514,4.059999942779541,3.990000009536743,4.0,3.878596544265747,1515000
2020-08-14,4.0,4.090000152587891,3.890000104904175,3.990000009536743,3.8689000606536865,6969137
2020-08-17,3.990000009536743,4.019999980926514,3.9000000953674316,4.019999980926514,3.897989511489868,3711391
2020-08-18,4.050000190734863,4.599999904632568,4.050000190734863,4.449999809265137,4.314938545227051,19165090
2020-08-19,4.400000095367432,4.400000095367432,3.9600000381469727,4.059999942779541,3.9367754459381104,13095000
2020-08-20,4.099999904632568,4.099999904632568,3.950000047683716,4.019999980926514,3.897989511489868,7755854
2020-08-21,4.019999980926514,4.079999923706055,3.990000009536743,4.039999961853027,3.9173824787139893,8502394
2020-08-24,4.099999904632568,4.239999771118164,4.090000152587891,4.170000076293945,4.0434370040893555,6061339
2020-08-25,4.21999979019165,4.21999979019165,4.059999942779541,4.079999923706055,3.9561684131622314,3847205
2020-08-26,4.050000190734863,4.110000133514404,4.03000020980835,4.03000020980835,3.907686233520508,2688000
2020-08-27,4.050000190734863,4.050000190734863,3.9700000286102295,3.990000009536743,3.8689000606536865,3741000
2020-08-28,4.0,4.050000190734863,3.9700000286102295,4.0,3.878596544265747,2270141
2020-08-31,4.019999980926514,4.059999942779541,3.9600000381469727,4.010000228881836,3.8882932662963867,2305706
2020-09-01,3.990000009536743,4.010000228881836,3.9700000286102295,3.9700000286102295,3.8495070934295654,1106000
2020-09-02,3.950000047683716,3.9800000190734863,3.880000114440918,3.880000114440918,3.7622387409210205,3316000
2020-09-03,3.8499999046325684,3.940000057220459,3.799999952316284,3.8499999046325684,3.7331490516662598,1971003
2020-09-04,3.7200000286102295,3.8299999237060547,3.7200000286102295,3.7899999618530273,3.6749701499938965,1117164
2020-09-07,3.700000047683716,3.7699999809265137,3.700000047683716,3.740000009536743,3.6264877319335938,1545078
2020-09-08,3.700000047683716,3.799999952316284,3.640000104904175,3.799999952316284,3.684666633605957,1874000
2020-09-09,3.690000057220459,3.799999952316284,3.680000066757202,3.759999990463257,3.645880699157715,1972486
2020-09-10,3.7899999618530273,3.799999952316284,3.700000047683716,3.700000047683716,3.5877017974853516,611000
2020-09-11,3.6500000953674316,3.75,3.6500000953674316,3.740000009536743,3.6264877319335938,920000
2020-09-14,3.75,3.859999895095825,3.75,3.8499999046325684,3.7331490516662598,1323000
2020-09-15,3.740000009536743,3.9200000762939453,3.740000009536743,3.890000104904175,3.771935224533081,1128113
2020-09-16,3.890000104904175,3.9200000762939453,3.8499999046325684,3.9100000858306885,3.791328191757202,697367
2020-09-17,3.9100000858306885,3.9100000858306885,3.7799999713897705,3.890000104904175,3.771935224533081,323000
2020-09-18,3.869999885559082,3.940000057220459,3.8299999237060547,3.930000066757202,3.8107211589813232,378000
2020-09-21,3.9200000762939453,3.930000066757202,3.7799999713897705,3.819999933242798,3.704059600830078,861000
2020-09-22,3.8499999046325684,3.8499999046325684,3.75,3.7899999618530273,3.6749701499938965,514000
2020-09-23,3.8399999141693115,3.8399999141693115,3.7699999809265137,3.7899999618530273,3.6749701499938965,291000
2020-09-24,3.7100000381469727,3.740000009536743,3.6500000953674316,3.690000057220459,3.578005313873291,1153000
2020-09-25,3.7100000381469727,3.7100000381469727,3.5199999809265137,3.5199999809265137,3.4131648540496826,2590000
2020-09-28,3.509999990463257,3.619999885559082,3.4800000190734863,3.5899999141693115,3.4810402393341064,2423000
2020-09-29,3.549999952316284,3.569999933242798,3.509999990463257,3.5299999713897705,3.422861337661743,464000
2020-09-30,3.569999933242798,3.609999895095825,3.569999933242798,3.609999895095825,3.5004332065582275,397000
2020-10-05,3.640000104904175,3.7300000190734863,3.5399999618530273,3.700000047683716,3.5877017974853516,474000
2020-10-06,3.7200000286102295,3.740000009536743,3.690000057220459,3.740000009536743,3.6264877319335938,286000
2020-10-07,3.75,3.799999952316284,3.7200000286102295,3.799999952316284,3.684666633605957,421000
2020-10-08,3.700000047683716,3.799999952316284,3.700000047683716,3.7799999713897705,3.665273666381836,60000
2020-10-09,3.759999990463257,3.799999952316284,3.7200000286102295,3.799999952316284,3.684666633605957,628000
2020-10-12,3.8299999237060547,3.859999895095825,3.740000009536743,3.819999933242798,3.704059600830078,437130
2020-10-14,3.7699999809265137,3.8399999141693115,3.7699999809265137,3.8399999141693115,3.723452568054199,591846
2020-10-15,3.799999952316284,3.809999942779541,3.740000009536743,3.7799999713897705,3.665273666381836,161624
2020-10-16,3.7100000381469727,3.7799999713897705,3.7100000381469727,3.7699999809265137,3.6555771827697754,150000
2020-10-19,3.740000009536743,3.7799999713897705,3.6700000762939453,3.7799999713897705,3.665273666381836,548000
2020-10-20,3.7100000381469727,3.7899999618530273,3.6700000762939453,3.7799999713897705,3.665273666381836,726912
2020-10-21,3.75,3.759999990463257,3.7100000381469727,3.740000009536743,3.6264877319335938,285000
2020-10-22,3.75,3.7799999713897705,3.690000057220459,3.75,3.6361842155456543,810000
2020-10-23,3.700000047683716,3.7899999618530273,3.700000047683716,3.7799999713897705,3.665273666381836,1007000
2020-10-27,3.7799999713897705,3.7799999713897705,3.609999895095825,3.609999895095825,3.5004332065582275,400452
2020-10-28,3.609999895095825,3.7200000286102295,3.549999952316284,3.690000057220459,3.578005313873291,641900
2020-10-29,3.690000057220459,3.75,3.619999885559082,3.7200000286102295,3.6070947647094727,362910
2020-10-30,3.7100000381469727,3.7799999713897705,3.690000057220459,3.740000009536743,3.6264877319335938,768000
2020-11-02,3.75,3.8499999046325684,3.75,3.809999942779541,3.6943631172180176,894000
2020-11-03,3.809999942779541,3.8299999237060547,3.75,3.799999952316284,3.684666633605957,172000
2020-11-04,3.700000047683716,3.859999895095825,3.700000047683716,3.809999942779541,3.6943631172180176,614940
2020-11-05,3.859999895095825,3.930000066757202,3.8499999046325684,3.880000114440918,3.7622387409210205,681000
2020-11-06,3.859999895095825,3.950000047683716,3.859999895095825,3.880000114440918,3.7622387409210205,707141
2020-11-09,3.9000000953674316,3.9800000190734863,3.8399999141693115,3.9100000858306885,3.791328191757202,990000
2020-11-10,3.9600000381469727,3.9600000381469727,3.890000104904175,3.890000104904175,3.771935224533081,1446880
2020-11-11,3.940000057220459,3.940000057220459,3.819999933242798,3.869999885559082,3.752542018890381,365000
2020-11-12,3.8299999237060547,3.9100000858306885,3.7699999809265137,3.8299999237060547,3.7137560844421387,470000
2020-11-13,3.8299999237060547,3.859999895095825,3.75,3.7899999618530273,3.6749701499938965,738000
2020-11-16,3.759999990463257,3.8499999046325684,3.7100000381469727,3.799999952316284,3.684666633605957,1237000
2020-11-17,3.8399999141693115,3.890000104904175,3.7799999713897705,3.799999952316284,3.684666633605957,588000
2020-11-18,3.799999952316284,3.8499999046325684,3.799999952316284,3.819999933242798,3.704059600830078,597970
2020-11-19,3.819999933242798,3.869999885559082,3.7200000286102295,3.7899999618530273,3.6749701499938965,1324000
2020-11-20,3.799999952316284,3.8399999141693115,3.759999990463257,3.799999952316284,3.684666633605957,1105000
2020-11-23,3.7799999713897705,3.819999933242798,3.740000009536743,3.809999942779541,3.6943631172180176,564000
2020-11-24,3.7799999713897705,3.869999885559082,3.7799999713897705,3.869999885559082,3.752542018890381,3122000
2020-11-25,3.8499999046325684,3.9000000953674316,3.759999990463257,3.819999933242798,3.704059600830078,895424
2020-11-26,3.819999933242798,3.8399999141693115,3.7799999713897705,3.819999933242798,3.704059600830078,628226
2020-11-27,3.809999942779541,3.819999933242798,3.75,3.7899999618530273,3.6749701499938965,454058
2020-11-30,3.7899999618530273,3.819999933242798,3.7200000286102295,3.740000009536743,3.6264877319335938,434413
2020-12-01,3.75,3.759999990463257,3.7100000381469727,3.7200000286102295,3.6070947647094727,378282
2020-12-02,3.7100000381469727,3.7200000286102295,3.6700000762939453,3.680000066757202,3.5683088302612305,261085
2020-12-03,3.690000057220459,3.690000057220459,3.5799999237060547,3.609999895095825,3.5004332065582275,982910
2020-12-04,3.5999999046325684,3.630000114440918,3.549999952316284,3.5899999141693115,3.4810402393341064,367000
2020-12-07,3.559999942779541,3.559999942779541,3.4000000953674316,3.4600000381469727,3.3549859523773193,3107000
2020-12-08,3.4800000190734863,3.5,3.450000047683716,3.4800000190734863,3.3743789196014404,875000
2020-12-09,3.5,3.5199999809265137,3.4200000762939453,3.4600000381469727,3.3549859523773193,718000
2020-12-10,3.4700000286102295,3.4800000190734863,3.430000066757202,3.4600000381469727,3.3549859523773193,413970
2020-12-11,3.450000047683716,3.5,3.440000057220459,3.5,3.3937718868255615,683000
2020-12-14,3.5,3.5299999713897705,3.490000009536743,3.5,3.3937718868255615,1599000
2020-12-15,3.5,3.509999990463257,3.450000047683716,3.4700000286102295,3.36468243598938,225695
2020-12-16,3.490000009536743,3.490000009536743,3.4000000953674316,3.440000057220459,3.3355929851531982,171000
2020-12-17,3.4000000953674316,3.4200000762939453,3.359999895095825,3.380000114440918,3.277414083480835,409000
2020-12-18,3.4600000381469727,3.4600000381469727,3.4000000953674316,3.440000057220459,3.3355929851531982,443000
2020-12-21,3.4600000381469727,3.5399999618530273,3.440000057220459,3.5299999713897705,3.422861337661743,482084
2020-12-22,3.5299999713897705,3.5299999713897705,3.4600000381469727,3.4700000286102295,3.36468243598938,380000
2020-12-23,3.4700000286102295,3.559999942779541,3.4700000286102295,3.5299999713897705,3.422861337661743,331000
2020-12-24,3.5199999809265137,3.5199999809265137,3.5199999809265137,3.5199999809265137,3.4131648540496826,0
2020-12-28,3.5199999809265137,3.559999942779541,3.440000057220459,3.5199999809265137,3.4131648540496826,286748
2020-12-29,3.490000009536743,3.5199999809265137,3.450000047683716,3.4700000286102295,3.36468243598938,193000
2020-12-30,3.4000000953674316,3.509999990463257,3.4000000953674316,3.5,3.3937718868255615,464000
2020-12-31,3.5299999713897705,3.5299999713897705,3.5299999713897705,3.5299999713897705,3.422861337661743,0
2021-01-04,3.450000047683716,3.4800000190734863,3.369999885559082,3.4600000381469727,3.3549859523773193,673000
2021-01-05,3.440000057220459,3.4600000381469727,3.430000066757202,3.440000057220459,3.3355929851531982,228000
2021-01-06,3.440000057220459,3.700000047683716,3.440000057220459,3.700000047683716,3.5877017974853516,3417056
2021-01-07,3.700000047683716,3.740000009536743,3.569999933242798,3.5999999046325684,3.490736722946167,1083374
2021-01-08,3.5999999046325684,3.630000114440918,3.5299999713897705,3.5299999713897705,3.422861337661743,632438
2021-01-11,3.509999990463257,3.700000047683716,3.430000066757202,3.5199999809265137,3.4131648540496826,2666000
2021-01-12,3.5399999618530273,3.640000104904175,3.5199999809265137,3.5399999618530273,3.4325578212738037,934367
2021-01-13,3.549999952316284,3.569999933242798,3.5,3.559999942779541,3.451950788497925,667448
2021-01-14,3.559999942779541,3.569999933242798,3.509999990463257,3.569999933242798,3.4616472721099854,803904
2021-01-15,3.569999933242798,3.640000104904175,3.5,3.619999885559082,3.510129690170288,997000
2021-01-18,3.569999933242798,3.680000066757202,3.569999933242798,3.6500000953674316,3.539219379425049,1660000
2021-01-19,3.640000104904175,3.809999942779541,3.5899999141693115,3.740000009536743,3.6264877319335938,4808970
2021-01-20,3.6500000953674316,3.740000009536743,3.619999885559082,3.700000047683716,3.5877017974853516,3023000
2021-01-21,3.740000009536743,3.740000009536743,3.5799999237060547,3.609999895095825,3.5004332065582275,1430000
2021-01-22,3.609999895095825,3.6500000953674316,3.549999952316284,3.569999933242798,3.4616472721099854,436000
2021-01-25,3.5199999809265137,3.5899999141693115,3.509999990463257,3.569999933242798,3.4616472721099854,677000
2021-01-26,3.509999990463257,3.549999952316284,3.490000009536743,3.5299999713897705,3.422861337661743,1234935
2021-01-27,3.5299999713897705,3.559999942779541,3.440000057220459,3.509999990463257,3.403468370437622,427000
2021-01-28,3.4200000762939453,3.5,3.4000000953674316,3.4100000858306885,3.3065035343170166,569000
2021-01-29,3.4200000762939453,3.440000057220459,3.359999895095825,3.380000114440918,3.277414083480835,464000
2021-02-01,3.3499999046325684,3.430000066757202,3.3499999046325684,3.430000066757202,3.3258965015411377,500842
2021-02-02,3.5899999141693115,3.5899999141693115,3.359999895095825,3.430000066757202,3.3258965015411377,1672028
2021-02-03,3.5,3.559999942779541,3.4100000858306885,3.5299999713897705,3.422861337661743,879671
2021-02-04,3.549999952316284,3.549999952316284,3.450000047683716,3.5,3.3937718868255615,112000
2021-02-05,3.450000047683716,3.5399999618530273,3.450000047683716,3.490000009536743,3.384075403213501,407000
2021-02-08,3.4800000190734863,3.5399999618530273,3.4800000190734863,3.5,3.3937718868255615,269000
2021-02-09,3.5,3.5399999618530273,3.4800000190734863,3.5,3.3937718868255615,90000
2021-02-10,3.4200000762939453,3.5,3.3299999237060547,3.5,3.3937718868255615,562000
2021-02-11,3.5399999618530273,3.5399999618530273,3.5399999618530273,3.5399999618530273,3.4325578212738037,0
2021-02-16,3.5899999141693115,3.630000114440918,3.450000047683716,3.619999885559082,3.510129690170288,863760
2021-02-17,3.619999885559082,3.609999895095825,3.5,3.549999952316284,3.4422543048858643,415046
2021-02-18,3.549999952316284,3.5999999046325684,3.4700000286102295,3.549999952316284,3.4422543048858643,1030000
2021-02-19,3.5899999141693115,3.640000104904175,3.5199999809265137,3.619999885559082,3.510129690170288,495000
2021-02-22,3.5999999046325684,3.640000104904175,3.549999952316284,3.5999999046325684,3.490736722946167,956970
2021-02-23,3.609999895095825,3.890000104904175,3.609999895095825,3.859999895095825,3.7428455352783203,8979301
2021-02-24,3.869999885559082,3.9200000762939453,3.680000066757202,3.7200000286102295,3.6070947647094727,4456730
2021-02-25,3.7699999809265137,3.869999885559082,3.759999990463257,3.859999895095825,3.7428455352783203,1949000
2021-02-26,3.75,3.809999942779541,3.700000047683716,3.799999952316284,3.684666633605957,2461970
2021-03-01,3.700000047683716,3.799999952316284,3.700000047683716,3.75,3.6361842155456543,522000
2021-03-02,3.799999952316284,3.819999933242798,3.700000047683716,3.7699999809265137,3.6555771827697754,1873000
2021-03-03,3.7699999809265137,3.7699999809265137,3.6700000762939453,3.700000047683716,3.5877017974853516,1285940
2021-03-04,3.640000104904175,3.680000066757202,3.609999895095825,3.619999885559082,3.510129690170288,822970
2021-03-05,3.5999999046325684,3.5999999046325684,3.450000047683716,3.5299999713897705,3.422861337661743,1128000
2021-03-08,3.569999933242798,3.569999933242798,3.4000000953674316,3.4000000953674316,3.296807050704956,1242375
2021-03-09,3.380000114440918,3.490000009536743,3.359999895095825,3.440000057220459,3.3355929851531982,387000
2021-03-10,3.4800000190734863,3.490000009536743,3.4100000858306885,3.450000047683716,3.345289468765259,432000
2021-03-11,3.450000047683716,3.4800000190734863,3.440000057220459,3.450000047683716,3.345289468765259,1222000
2021-03-12,3.450000047683716,3.5299999713897705,3.440000057220459,3.5299999713897705,3.422861337661743,947000
2021-03-15,3.5299999713897705,3.5899999141693115,3.5299999713897705,3.559999942779541,3.451950788497925,197970
2021-03-16,3.569999933242798,3.690000057220459,3.569999933242798,3.690000057220459,3.578005313873291,661000
2021-03-17,3.5799999237060547,3.799999952316284,3.5799999237060547,3.6600000858306885,3.5489158630371094,1318770
2021-03-18,3.6700000762939453,3.690000057220459,3.619999885559082,3.640000104904175,3.5295228958129883,1325000
2021-03-19,3.549999952316284,3.640000104904175,3.549999952316284,3.630000114440918,3.5198264122009277,289000
2021-03-22,3.609999895095825,3.6600000858306885,3.5999999046325684,3.640000104904175,3.5295228958129883,662478
2021-03-23,3.640000104904175,3.680000066757202,3.509999990463257,3.549999952316284,3.4422543048858643,620000
2021-03-24,3.5199999809265137,3.549999952316284,3.450000047683716,3.4700000286102295,3.36468243598938,257000
2021-03-25,3.5,3.5,3.440000057220459,3.4600000381469727,3.3549859523773193,502000
2021-03-26,3.609999895095825,3.609999895095825,3.380000114440918,3.4600000381469727,3.3549859523773193,2507880
2021-03-29,3.440000057220459,3.569999933242798,3.430000066757202,3.450000047683716,3.345289468765259,769000
2021-03-30,3.4200000762939453,3.5199999809265137,3.390000104904175,3.4800000190734863,3.3743789196014404,420326
2021-03-31,3.4200000762939453,3.440000057220459,3.390000104904175,3.4000000953674316,3.296807050704956,542000
2021-04-01,3.5,3.5,3.380000114440918,3.4000000953674316,3.296807050704956,732000
2021-04-07,3.4000000953674316,3.5199999809265137,3.3499999046325684,3.4700000286102295,3.36468243598938,691248
2021-04-08,3.440000057220459,3.5199999809265137,3.430000066757202,3.4800000190734863,3.3743789196014404,221970
2021-04-09,3.549999952316284,3.549999952316284,3.390000104904175,3.4000000953674316,3.296807050704956,334000
2021-04-12,3.359999895095825,3.4600000381469727,3.3499999046325684,3.450000047683716,3.345289468765259,638000
2021-04-13,3.450000047683716,3.4600000381469727,3.3499999046325684,3.430000066757202,3.3258965015411377,300000
2021-04-14,3.380000114440918,3.430000066757202,3.3399999141693115,3.369999885559082,3.2677173614501953,345000
2021-04-15,3.430000066757202,3.430000066757202,3.380000114440918,3.4000000953674316,3.296807050704956,118910
2021-04-16,3.4200000762939453,3.430000066757202,3.369999885559082,3.4200000762939453,3.316200017929077,268000
2021-04-19,3.430000066757202,3.490000009536743,3.430000066757202,3.4700000286102295,3.36468243598938,234000
2021-04-20,3.4200000762939453,3.4600000381469727,3.4100000858306885,3.430000066757202,3.3258965015411377,194653
2021-04-21,3.4200000762939453,3.430000066757202,3.390000104904175,3.430000066757202,3.3258965015411377,121000
2021-04-22,3.4700000286102295,3.4700000286102295,3.4000000953674316,3.4200000762939453,3.316200017929077,226000
2021-04-23,3.4200000762939453,3.430000066757202,3.2699999809265137,3.309999942779541,3.209538698196411,1855000
2021-04-26,3.299999952316284,3.369999885559082,3.2899999618530273,3.359999895095825,3.2580208778381348,588000
2021-04-27,3.3499999046325684,3.380000114440918,3.3499999046325684,3.380000114440918,3.277414083480835,307000
2021-04-28,3.3399999141693115,3.380000114440918,3.319999933242798,3.3499999046325684,3.248324394226074,278880
2021-04-29,3.3499999046325684,3.3499999046325684,3.319999933242798,3.319999933242798,3.2192351818084717,732000
2021-04-30,3.299999952316284,3.3499999046325684,3.299999952316284,3.299999952316284,3.1998422145843506,249000
2021-05-03,3.3299999237060547,3.3299999237060547,3.2699999809265137,3.2799999713897705,3.1804492473602295,400000
2021-05-04,3.309999942779541,3.309999942779541,3.2699999809265137,3.299999952316284,3.1998422145843506,251000
2021-05-05,3.299999952316284,3.3299999237060547,3.299999952316284,3.309999942779541,3.209538698196411,188000
2021-05-06,3.3299999237060547,3.3299999237060547,3.2799999713897705,3.3299999237060547,3.2289316654205322,325000
2021-05-07,3.2799999713897705,3.299999952316284,3.25,3.299999952316284,3.1998422145843506,1085693
2021-05-10,3.2899999618530273,3.319999933242798,3.25,3.299999952316284,3.1998422145843506,627000
2021-05-11,3.259999990463257,3.259999990463257,3.2300000190734863,3.2300000190734863,3.1319668292999268,444000
2021-05-12,3.25,3.2899999618530273,3.2300000190734863,3.2300000190734863,3.1319668292999268,112000
2021-05-13,3.200000047683716,3.2699999809265137,3.200000047683716,3.240000009536743,3.1416633129119873,249000
2021-05-14,3.240000009536743,3.2699999809265137,3.2300000190734863,3.2300000190734863,3.1319668292999268,65000
2021-05-17,3.2300000190734863,3.2799999713897705,3.2200000286102295,3.259999990463257,3.1610562801361084,642000
2021-05-18,3.2799999713897705,3.2899999618530273,3.2300000190734863,3.2699999809265137,3.170752763748169,594000
2021-05-20,3.2699999809265137,3.2699999809265137,3.240000009536743,3.259999990463257,3.1610562801361084,184000
2021-05-21,3.2799999713897705,3.2799999713897705,3.240000009536743,3.25,3.151359796524048,79000
2021-05-24,3.240000009536743,3.390000104904175,3.240000009536743,3.3399999141693115,3.2386281490325928,893640
2021-05-25,3.369999885559082,3.430000066757202,3.299999952316284,3.319999933242798,3.2192351818084717,1454750
2021-05-26,3.299999952316284,3.380000114440918,3.299999952316284,3.359999895095825,3.2580208778381348,411000
2021-05-27,3.380000114440918,3.4200000762939453,3.319999933242798,3.4000000953674316,3.296807050704956,698000
2021-05-28,3.380000114440918,3.440000057220459,3.369999885559082,3.4100000858306885,3.3065035343170166,226000
2021-05-31,3.390000104904175,3.5,3.390000104904175,3.4200000762939453,3.316200017929077,179000
2021-06-01,3.319999933242798,3.390000104904175,3.319999933242798,3.380000114440918,3.380000114440918,341000
2021-06-02,3.390000104904175,3.390000104904175,3.25,3.319999933242798,3.319999933242798,887000
2021-06-03,3.3499999046325684,3.3499999046325684,3.259999990463257,3.299999952316284,3.299999952316284,261000
2021-06-04,3.25,3.2799999713897705,3.190000057220459,3.240000009536743,3.240000009536743,446000
2021-06-07,3.240000009536743,3.319999933242798,3.2300000190734863,3.309999942779541,3.309999942779541,286000
2021-06-08,3.3299999237060547,3.309999942779541,3.2699999809265137,3.2799999713897705,3.2799999713897705,162910
2021-06-09,3.309999942779541,3.3299999237060547,3.240000009536743,3.259999990463257,3.259999990463257,209073
2021-06-10,3.2799999713897705,3.299999952316284,3.259999990463257,3.2699999809265137,3.2699999809265137,233000
2021-06-11,3.299999952316284,3.299999952316284,3.200000047683716,3.240000009536743,3.240000009536743,129850
2021-06-15,3.2799999713897705,3.2799999713897705,3.2100000381469727,3.2699999809265137,3.2699999809265137,238760
2021-06-16,3.2699999809265137,3.2699999809265137,3.180000066757202,3.180000066757202,3.180000066757202,174000
2021-06-17,3.190000057220459,3.2200000286102295,3.1600000858306885,3.2200000286102295,3.2200000286102295,101000
2021-06-18,3.240000009536743,3.25,3.1700000762939453,3.2300000190734863,3.2300000190734863,129000
2021-06-21,3.2300000190734863,3.2300000190734863,3.180000066757202,3.200000047683716,3.200000047683716,140000
2021-06-22,3.2300000190734863,3.2300000190734863,3.059999942779541,3.140000104904175,3.140000104904175,1044000
2021-06-23,3.1700000762939453,3.1700000762939453,3.109999895095825,3.119999885559082,3.119999885559082,375000
2021-06-24,3.0799999237060547,3.109999895095825,3.049999952316284,3.109999895095825,3.109999895095825,151000
2021-06-25,3.0799999237060547,3.140000104904175,3.059999942779541,3.130000114440918,3.130000114440918,559970
2021-06-28,3.0999999046325684,3.130000114440918,3.0999999046325684,3.130000114440918,3.130000114440918,4970
2021-06-29,3.130000114440918,3.1500000953674316,3.0899999141693115,3.140000104904175,3.140000104904175,404000
2021-06-30,3.0799999237060547,3.140000104904175,3.0399999618530273,3.049999952316284,3.049999952316284,204541
2021-07-02,3.0899999141693115,3.0999999046325684,3.0299999713897705,3.069999933242798,3.069999933242798,404000
2021-07-05,3.0299999713897705,3.0799999237060547,3.0,3.049999952316284,3.049999952316284,124000
2021-07-06,2.9800000190734863,3.069999933242798,2.9800000190734863,3.059999942779541,3.059999942779541,196028
2021-07-07,3.0,3.059999942779541,3.0,3.0299999713897705,3.0299999713897705,225000
2021-07-08,2.990000009536743,3.0299999713897705,2.9700000286102295,3.0299999713897705,3.0299999713897705,327000
2021-07-09,2.9700000286102295,2.990000009536743,2.9200000762939453,2.9700000286102295,2.9700000286102295,525000
2021-07-12,2.9600000381469727,2.9600000381469727,2.9200000762939453,2.940000057220459,2.940000057220459,325000
2021-07-13,2.9200000762939453,2.930000066757202,2.9100000858306885,2.930000066757202,2.930000066757202,83000
2021-07-14,2.930000066757202,2.940000057220459,2.809999942779541,2.8399999141693115,2.8399999141693115,633141
2021-07-15,2.8299999237060547,2.8499999046325684,2.799999952316284,2.8499999046325684,2.8499999046325684,139000
2021-07-16,2.8499999046325684,2.859999895095825,2.809999942779541,2.859999895095825,2.859999895095825,159000
2021-07-19,2.8399999141693115,2.880000114440918,2.7899999618530273,2.8499999046325684,2.8499999046325684,191000
2021-07-20,2.7100000381469727,2.8399999141693115,2.7100000381469727,2.799999952316284,2.799999952316284,264000
2021-07-21,2.8299999237060547,2.8299999237060547,2.740000009536743,2.7899999618530273,2.7899999618530273,189000
2021-07-22,2.809999942779541,2.890000104904175,2.7200000286102295,2.869999885559082,2.869999885559082,283706
2021-07-23,2.819999933242798,2.890000104904175,2.819999933242798,2.890000104904175,2.890000104904175,431000
2021-07-26,2.809999942779541,2.809999942779541,2.700000047683716,2.740000009536743,2.740000009536743,487734
2021-07-27,2.680000066757202,2.799999952316284,2.609999895095825,2.6500000953674316,2.6500000953674316,567000
2021-07-28,2.6700000762939453,2.680000066757202,2.5999999046325684,2.630000114440918,2.630000114440918,734000
2021-07-29,2.609999895095825,2.6600000858306885,2.5799999237060547,2.619999885559082,2.619999885559082,324000
2021-07-30,2.619999885559082,2.619999885559082,2.4700000286102295,2.509999990463257,2.509999990463257,992000
2021-08-02,2.5,2.5799999237060547,2.4600000381469727,2.5299999713897705,2.5299999713897705,510000
2021-08-03,2.5299999713897705,2.549999952316284,2.5,2.549999952316284,2.549999952316284,152000
2021-08-04,2.609999895095825,2.609999895095825,2.450000047683716,2.5399999618530273,2.5399999618530273,165000
2021-08-05,2.549999952316284,2.75,2.509999990463257,2.5799999237060547,2.5799999237060547,1164000
2021-08-06,2.5799999237060547,2.5799999237060547,2.5199999809265137,2.549999952316284,2.549999952316284,102000
2021-08-09,2.5,2.549999952316284,2.5,2.5399999618530273,2.5399999618530273,130000
2021-08-10,2.5,2.5399999618530273,2.4800000190734863,2.5399999618530273,2.5399999618530273,449000
2021-08-11,2.559999942779541,2.5899999141693115,2.5399999618530273,2.549999952316284,2.549999952316284,237000
2021-08-12,2.5199999809265137,2.759999990463257,2.509999990463257,2.7100000381469727,2.7100000381469727,1199076
2021-08-13,2.680000066757202,2.7200000286102295,2.640000104904175,2.6500000953674316,2.6500000953674316,36000
2021-08-16,2.690000057220459,2.690000057220459,2.6500000953674316,2.6700000762939453,2.6700000762939453,78000
2021-08-17,2.680000066757202,2.680000066757202,2.5999999046325684,2.630000114440918,2.630000114440918,84000
2021-08-18,2.6500000953674316,2.690000057220459,2.5799999237060547,2.6500000953674316,2.6500000953674316,221000
2021-08-19,2.75,2.75,2.5799999237060547,2.609999895095825,2.609999895095825,84000
2021-08-20,2.5999999046325684,2.5999999046325684,2.5299999713897705,2.569999933242798,2.569999933242798,59000
2021-08-23,2.5999999046325684,2.609999895095825,2.5299999713897705,2.5799999237060547,2.5799999237060547,351000
2021-08-24,2.5899999141693115,2.6700000762939453,2.5899999141693115,2.6500000953674316,2.6500000953674316,143000
2021-08-25,2.700000047683716,2.7200000286102295,2.6600000858306885,2.690000057220459,2.690000057220459,133000
2021-08-26,2.740000009536743,2.759999990463257,2.6600000858306885,2.740000009536743,2.740000009536743,536820
2021-08-27,2.75,2.759999990463257,2.6600000858306885,2.7200000286102295,2.7200000286102295,718000
2021-08-30,2.6600000858306885,2.700000047683716,2.6500000953674316,2.6600000858306885,2.6600000858306885,76000
2021-08-31,2.6600000858306885,2.7200000286102295,2.640000104904175,2.680000066757202,2.680000066757202,176000
2021-09-01,2.680000066757202,2.680000066757202,2.559999942779541,2.6700000762939453,2.6700000762939453,68000
2021-09-02,2.690000057220459,2.7100000381469727,2.5799999237060547,2.700000047683716,2.700000047683716,166000
2021-09-03,2.690000057220459,2.700000047683716,2.619999885559082,2.6500000953674316,2.6500000953674316,304000
2021-09-06,2.75,2.75,2.609999895095825,2.6500000953674316,2.6500000953674316,212000
2021-09-07,2.630000114440918,2.630000114440918,2.569999933242798,2.609999895095825,2.609999895095825,224733
2021-09-08,2.609999895095825,2.609999895095825,2.559999942779541,2.569999933242798,2.569999933242798,141000
2021-09-09,2.509999990463257,2.559999942779541,2.5,2.5399999618530273,2.5399999618530273,145000
2021-09-10,2.5399999618530273,2.569999933242798,2.5399999618530273,2.5399999618530273,2.5399999618530273,34000
2021-09-13,2.5399999618530273,2.569999933242798,2.5399999618530273,2.559999942779541,2.559999942779541,188000
2021-09-14,2.5999999046325684,2.640000104904175,2.5399999618530273,2.5899999141693115,2.5899999141693115,344000
2021-09-15,2.5999999046325684,2.640000104904175,2.450000047683716,2.490000009536743,2.490000009536743,473910
2021-09-16,2.450000047683716,2.450000047683716,2.3299999237060547,2.390000104904175,2.390000104904175,104590
2021-09-17,2.390000104904175,2.450000047683716,2.359999895095825,2.369999885559082,2.369999885559082,195000
2021-09-20,2.369999885559082,2.369999885559082,2.2100000381469727,2.2300000190734863,2.2300000190734863,821999
2021-09-21,2.2200000286102295,2.25,2.109999895095825,2.2300000190734863,2.2300000190734863,416000
2021-09-23,2.2300000190734863,2.319999933242798,2.200000047683716,2.319999933242798,2.319999933242798,378657
2021-09-24,2.319999933242798,2.359999895095825,2.309999942779541,2.319999933242798,2.319999933242798,107000
2021-09-27,2.319999933242798,2.5,2.319999933242798,2.440000057220459,2.440000057220459,1257000
2021-09-28,2.509999990463257,2.549999952316284,2.450000047683716,2.5299999713897705,2.5299999713897705,3026000
2021-09-29,2.5299999713897705,2.5299999713897705,2.5299999713897705,2.5299999713897705,2.5299999713897705,0
2021-09-30,2.5299999713897705,2.5299999713897705,2.5299999713897705,2.5299999713897705,2.5299999713897705,0
2021-10-04,2.5299999713897705,2.5299999713897705,2.5299999713897705,2.5299999713897705,2.5299999713897705,0
2021-10-05,2.5299999713897705,2.5299999713897705,2.5299999713897705,2.5299999713897705,2.5299999713897705,0
2021-10-06,2.5299999713897705,2.5299999713897705,2.5299999713897705,2.5299999713897705,2.5299999713897705,0
2021-10-07,2.5299999713897705,2.5299999713897705,2.5299999713897705,2.5299999713897705,2.5299999713897705,0
2021-10-08,2.5299999713897705,2.5299999713897705,2.5299999713897705,2.5299999713897705,2.5299999713897705,0
2021-10-11,2.5299999713897705,2.5299999713897705,2.5299999713897705,2.5299999713897705,2.5299999713897705,0
2021-10-12,2.5299999713897705,2.5299999713897705,2.5299999713897705,2.5299999713897705,2.5299999713897705,0
2021-10-15,2.5299999713897705,2.5299999713897705,2.5299999713897705,2.5299999713897705,2.5299999713897705,0
2021-10-18,2.5299999713897705,2.5299999713897705,2.5299999713897705,2.5299999713897705,2.5299999713897705,0
2021-10-19,2.5299999713897705,2.5299999713897705,2.5299999713897705,2.5299999713897705,2.5299999713897705,0
2021-10-20,2.5299999713897705,2.5299999713897705,2.5299999713897705,2.5299999713897705,2.5299999713897705,0
2021-10-21,2.5299999713897705,2.5299999713897705,2.5299999713897705,2.5299999713897705,2.5299999713897705,0
2021-10-22,2.5299999713897705,2.5299999713897705,2.5299999713897705,2.5299999713897705,2.5299999713897705,0
2021-10-25,2.5299999713897705,2.5299999713897705,2.5299999713897705,2.5299999713897705,2.5299999713897705,0
2021-10-26,2.5299999713897705,2.5299999713897705,2.5299999713897705,2.5299999713897705,2.5299999713897705,0
2021-10-27,2.3299999237060547,2.3299999237060547,1.5,1.6299999952316284,1.6299999952316284,12504908
2021-10-28,1.6100000143051147,1.649999976158142,1.3700000047683716,1.440000057220459,1.440000057220459,8430396
2021-10-29,1.399999976158142,1.440000057220459,1.3300000429153442,1.3700000047683716,1.3700000047683716,3160229
2021-11-01,1.340000033378601,1.3600000143051147,1.2400000095367432,1.2699999809265137,1.2699999809265137,4909000
2021-11-02,1.25,1.2699999809265137,1.190000057220459,1.2000000476837158,1.2000000476837158,4570000
2021-11-03,1.2000000476837158,1.25,1.159999966621399,1.2200000286102295,1.2200000286102295,2782790
2021-11-04,1.309999942779541,1.2999999523162842,1.2300000190734863,1.2699999809265137,1.2699999809265137,2639000
2021-11-05,1.2300000190734863,1.2699999809265137,1.2200000286102295,1.25,1.25,1013000
2021-11-08,1.2699999809265137,1.309999942779541,1.2400000095367432,1.2899999618530273,1.2899999618530273,1200000
2021-11-09,1.309999942779541,1.3300000429153442,1.2400000095367432,1.2699999809265137,1.2699999809265137,2658000
2021-11-10,1.2200000286102295,1.25,1.190000057220459,1.2400000095367432,1.2400000095367432,1677000
2021-11-11,1.2400000095367432,1.2799999713897705,1.149999976158142,1.2300000190734863,1.2300000190734863,5936000
2021-11-12,1.2599999904632568,1.2599999904632568,1.2100000381469727,1.2100000381469727,1.2100000381469727,1230000
2021-11-15,1.2100000381469727,1.2100000381469727,1.190000057220459,1.190000057220459,1.190000057220459,1408000
2021-11-16,1.190000057220459,1.2400000095367432,1.190000057220459,1.2200000286102295,1.2200000286102295,1780000
2021-11-17,1.2100000381469727,1.2699999809265137,1.2000000476837158,1.2400000095367432,1.2400000095367432,2489000
2021-11-18,1.2400000095367432,1.2400000095367432,1.190000057220459,1.2000000476837158,1.2000000476837158,2533000
2021-11-19,1.190000057220459,1.2000000476837158,1.159999966621399,1.190000057220459,1.190000057220459,4539051
2021-11-22,1.1699999570846558,1.190000057220459,1.1699999570846558,1.190000057220459,1.190000057220459,1420000
2021-11-23,1.2000000476837158,1.2000000476837158,1.159999966621399,1.1699999570846558,1.1699999570846558,1471000
2021-11-24,1.149999976158142,1.2000000476837158,1.149999976158142,1.2000000476837158,1.2000000476837158,1443000
2021-11-25,1.2000000476837158,1.2000000476837158,1.149999976158142,1.190000057220459,1.190000057220459,3509000
2021-11-26,1.190000057220459,1.190000057220459,1.1299999952316284,1.159999966621399,1.159999966621399,680282
2021-11-29,1.159999966621399,1.159999966621399,1.159999966621399,1.159999966621399,1.159999966621399,0
2021-11-30,1.159999966621399,1.159999966621399,1.159999966621399,1.159999966621399,1.159999966621399,0
2021-12-01,1.159999966621399,1.159999966621399,1.159999966621399,1.159999966621399,1.159999966621399,0
2021-12-02,1.159999966621399,1.159999966621399,1.159999966621399,1.159999966621399,1.159999966621399,0
2021-12-03,1.159999966621399,1.159999966621399,1.159999966621399,1.159999966621399,1.159999966621399,0
2021-12-06,1.159999966621399,1.159999966621399,1.159999966621399,1.159999966621399,1.159999966621399,0
2021-12-07,1.159999966621399,1.159999966621399,1.159999966621399,1.159999966621399,1.159999966621399,0
2021-12-08,1.159999966621399,1.159999966621399,1.159999966621399,1.159999966621399,1.159999966621399,0
2021-12-09,1.159999966621399,1.159999966621399,1.159999966621399,1.159999966621399,1.159999966621399,0
2021-12-10,1.100000023841858,1.159999966621399,1.0,1.059999942779541,1.059999942779541,3837228
2021-12-13,1.0499999523162842,1.1200000047683716,1.0199999809265137,1.0299999713897705,1.0299999713897705,2651000
2021-12-14,1.0299999713897705,1.0700000524520874,1.0,1.0499999523162842,1.0499999523162842,1768000
2021-12-15,1.090000033378601,1.1799999475479126,1.090000033378601,1.1100000143051147,1.1100000143051147,3324710
2021-12-16,1.1100000143051147,1.1399999856948853,1.0800000429153442,1.100000023841858,1.100000023841858,622000
2021-12-17,1.0800000429153442,1.100000023841858,1.0700000524520874,1.0700000524520874,1.0700000524520874,108360
2021-12-20,1.0199999809265137,1.059999942779541,1.0,1.0299999713897705,1.0299999713897705,955000
2021-12-21,1.0199999809265137,1.0700000524520874,1.0,1.059999942779541,1.059999942779541,801000
2021-12-22,1.0499999523162842,1.059999942779541,1.0099999904632568,1.0399999618530273,1.0399999618530273,68000
2021-12-23,1.0499999523162842,1.0700000524520874,1.0,1.0199999809265137,1.0199999809265137,322000
2021-12-24,1.0199999809265137,1.0299999713897705,1.0199999809265137,1.0299999713897705,1.0299999713897705,36000
2021-12-28,1.0399999618530273,1.0399999618530273,0.9800000190734863,1.0199999809265137,1.0199999809265137,566000
2021-12-29,1.0,1.0,0.9300000071525574,0.9700000286102295,0.9700000286102295,474000
2021-12-30,0.9599999785423279,1.0,0.949999988079071,0.9800000190734863,0.9800000190734863,38000
2021-12-31,1.0099999904632568,1.0199999809265137,0.9100000262260437,0.9399999976158142,0.9399999976158142,492598
2022-01-03,0.9399999976158142,0.9599999785423279,0.9100000262260437,0.9300000071525574,0.9300000071525574,526000
2022-01-04,0.9700000286102295,0.9900000095367432,0.9300000071525574,0.9599999785423279,0.9599999785423279,1254000
2022-01-05,0.949999988079071,0.949999988079071,0.8799999952316284,0.8899999856948853,0.8899999856948853,941000
2022-01-06,0.9399999976158142,0.9399999976158142,0.8700000047683716,0.8999999761581421,0.8999999761581421,375000
2022-01-07,0.9399999976158142,0.9399999976158142,0.8500000238418579,0.8799999952316284,0.8799999952316284,968346
2022-01-10,0.8600000143051147,0.9300000071525574,0.8600000143051147,0.9300000071525574,0.9300000071525574,392000
2022-01-11,0.9300000071525574,0.9900000095367432,0.9200000166893005,0.9900000095367432,0.9900000095367432,1070000
2022-01-12,0.9599999785423279,0.9800000190734863,0.9300000071525574,0.9599999785423279,0.9599999785423279,578000
2022-01-13,0.9599999785423279,0.9599999785423279,0.9100000262260437,0.9300000071525574,0.9300000071525574,465000
2022-01-14,0.9200000166893005,0.949999988079071,0.9100000262260437,0.949999988079071,0.949999988079071,392000
2022-01-17,0.8999999761581421,0.9399999976158142,0.8999999761581421,0.9200000166893005,0.9200000166893005,139565
2022-01-18,0.9300000071525574,0.949999988079071,0.9200000166893005,0.9399999976158142,0.9399999976158142,263000
2022-01-19,0.949999988079071,0.9800000190734863,0.9399999976158142,0.9599999785423279,0.9599999785423279,561000
2022-01-20,0.9800000190734863,1.0099999904632568,0.9599999785423279,1.0,1.0,1248000
2022-01-21,0.9700000286102295,0.9800000190734863,0.949999988079071,0.9700000286102295,0.9700000286102295,617000
2022-01-24,0.9700000286102295,0.9900000095367432,0.949999988079071,0.9599999785423279,0.9599999785423279,285000
2022-01-25,0.949999988079071,0.9599999785423279,0.9100000262260437,0.9399999976158142,0.9399999976158142,1304000
2022-01-26,0.9399999976158142,0.9399999976158142,0.9200000166893005,0.9300000071525574,0.9300000071525574,89000
2022-01-27,0.8999999761581421,0.9200000166893005,0.8799999952316284,0.8999999761581421,0.8999999761581421,312000
2022-01-28,0.8799999952316284,0.9300000071525574,0.8700000047683716,0.9300000071525574,0.9300000071525574,454000
2022-01-31,0.9599999785423279,0.9599999785423279,0.9599999785423279,0.9599999785423279,0.9599999785423279,0
2022-02-04,0.9599999785423279,0.9599999785423279,0.9100000262260437,0.9100000262260437,0.9100000262260437,700000
2022-02-07,0.9399999976158142,0.9599999785423279,0.9200000166893005,0.9200000166893005,0.9200000166893005,56000
2022-02-08,0.9300000071525574,0.9599999785423279,0.8899999856948853,0.9300000071525574,0.9300000071525574,246000
2022-02-09,0.949999988079071,0.949999988079071,0.8299999833106995,0.8899999856948853,0.8899999856948853,3398000
2022-02-10,0.9200000166893005,0.9300000071525574,0.8600000143051147,0.9200000166893005,0.9200000166893005,463145
2022-02-11,0.9100000262260437,0.949999988079071,0.9100000262260437,0.9200000166893005,0.9200000166893005,284000
2022-02-14,0.9100000262260437,0.9300000071525574,0.9100000262260437,0.9200000166893005,0.9200000166893005,96000
2022-02-15,0.9200000166893005,0.9399999976158142,0.8899999856948853,0.8899999856948853,0.8899999856948853,384000
2022-02-16,0.8999999761581421,0.9300000071525574,0.8899999856948853,0.8999999761581421,0.8999999761581421,461000
2022-02-17,0.9100000262260437,0.9399999976158142,0.8899999856948853,0.8999999761581421,0.8999999761581421,198000
2022-02-18,0.8999999761581421,0.9200000166893005,0.8999999761581421,0.8999999761581421,0.8999999761581421,27000
2022-02-21,0.8899999856948853,0.9399999976158142,0.8700000047683716,0.8999999761581421,0.8999999761581421,478910
2022-02-22,0.8700000047683716,0.8899999856948853,0.8700000047683716,0.8700000047683716,0.8700000047683716,98000
2022-02-23,0.8799999952316284,0.9100000262260437,0.8700000047683716,0.9100000262260437,0.9100000262260437,244000
2022-02-24,0.8700000047683716,0.8999999761581421,0.8299999833106995,0.8500000238418579,0.8500000238418579,630000
2022-02-25,0.8999999761581421,0.8999999761581421,0.8500000238418579,0.8500000238418579,0.8500000238418579,105000
2022-02-28,0.8600000143051147,0.8600000143051147,0.7799999713897705,0.7799999713897705,0.7799999713897705,563000
2022-03-01,0.7799999713897705,0.8100000023841858,0.7599999904632568,0.7799999713897705,0.7799999713897705,412989
2022-03-02,0.7699999809265137,0.7900000214576721,0.7699999809265137,0.7699999809265137,0.7699999809265137,87141
2022-03-03,0.7900000214576721,0.7900000214576721,0.7699999809265137,0.7799999713897705,0.7799999713897705,46000
2022-03-04,0.7200000286102295,0.7799999713897705,0.7200000286102295,0.75,0.75,66000
2022-03-07,0.75,0.7599999904632568,0.7200000286102295,0.7300000190734863,0.7300000190734863,352000
2022-03-08,0.75,0.75,0.6100000143051147,0.6800000071525574,0.6800000071525574,1362986
2022-03-09,0.699999988079071,0.7099999785423279,0.6100000143051147,0.6499999761581421,0.6499999761581421,1307000
2022-03-10,0.6600000262260437,0.6700000166893005,0.6299999952316284,0.6600000262260437,0.6600000262260437,221000
2022-03-11,0.6600000262260437,0.6600000262260437,0.6200000047683716,0.6299999952316284,0.6299999952316284,564000
2022-03-14,0.6200000047683716,0.6200000047683716,0.5400000214576721,0.5400000214576721,0.5400000214576721,1333000
2022-03-15,0.5299999713897705,0.5600000023841858,0.49000000953674316,0.5099999904632568,0.5099999904632568,1969429
2022-03-16,0.5699999928474426,0.5899999737739563,0.5199999809265137,0.5799999833106995,0.5799999833106995,416000
2022-03-17,0.6000000238418579,0.7300000190734863,0.6000000238418579,0.7300000190734863,0.7300000190734863,3177000
2022-03-18,0.7300000190734863,0.7300000190734863,0.6600000262260437,0.6700000166893005,0.6700000166893005,3335000
2022-03-21,0.699999988079071,0.7699999809265137,0.6800000071525574,0.6800000071525574,0.6800000071525574,320028
2022-03-22,0.6700000166893005,0.8600000143051147,0.6700000166893005,0.7300000190734863,0.7300000190734863,1578000
2022-03-23,0.75,0.7799999713897705,0.7200000286102295,0.7300000190734863,0.7300000190734863,690780
2022-03-24,0.7699999809265137,0.7699999809265137,0.699999988079071,0.7300000190734863,0.7300000190734863,300000
2022-03-25,0.7300000190734863,0.7300000190734863,0.6600000262260437,0.6800000071525574,0.6800000071525574,425000
2022-03-28,0.6499999761581421,0.6899999976158142,0.6399999856948853,0.6899999976158142,0.6899999976158142,383000
2022-03-29,0.699999988079071,0.7200000286102295,0.6600000262260437,0.6800000071525574,0.6800000071525574,138000
2022-03-30,0.6899999976158142,0.699999988079071,0.6399999856948853,0.6499999761581421,0.6499999761581421,2627000
2022-03-31,0.6700000166893005,0.6700000166893005,0.6200000047683716,0.6200000047683716,0.6200000047683716,1996000
2022-04-01,0.6200000047683716,0.6200000047683716,0.6200000047683716,0.6200000047683716,0.6200000047683716,0
2022-04-04,0.6200000047683716,0.6200000047683716,0.6200000047683716,0.6200000047683716,0.6200000047683716,0
2022-04-06,0.6200000047683716,0.6200000047683716,0.6200000047683716,0.6200000047683716,0.6200000047683716,0
2022-04-07,0.6200000047683716,0.6200000047683716,0.6200000047683716,0.6200000047683716,0.6200000047683716,0
2022-04-08,0.6200000047683716,0.6200000047683716,0.6200000047683716,0.6200000047683716,0.6200000047683716,0
2022-04-11,0.6200000047683716,0.6200000047683716,0.6200000047683716,0.6200000047683716,0.6200000047683716,0
2022-04-12,0.6200000047683716,0.6200000047683716,0.6200000047683716,0.6200000047683716,0.6200000047683716,0
2022-04-13,0.6200000047683716,0.6200000047683716,0.6200000047683716,0.6200000047683716,0.6200000047683716,0
2022-04-14,0.6200000047683716,0.6200000047683716,0.6200000047683716,0.6200000047683716,0.6200000047683716,0
2022-04-19,0.6200000047683716,0.6200000047683716,0.6200000047683716,0.6200000047683716,0.6200000047683716,0
2022-04-20,0.6200000047683716,0.6200000047683716,0.6200000047683716,0.6200000047683716,0.6200000047683716,0
2022-04-21,0.6200000047683716,0.6200000047683716,0.6200000047683716,0.6200000047683716,0.6200000047683716,0
2022-04-22,0.6200000047683716,0.6200000047683716,0.6200000047683716,0.6200000047683716,0.6200000047683716,0
2022-04-25,0.6200000047683716,0.6200000047683716,0.6200000047683716,0.6200000047683716,0.6200000047683716,0
2022-04-26,0.6200000047683716,0.6200000047683716,0.6200000047683716,0.6200000047683716,0.6200000047683716,0
2022-04-27,0.6200000047683716,0.6200000047683716,0.6200000047683716,0.6200000047683716,0.6200000047683716,0
2022-04-28,0.6200000047683716,0.6200000047683716,0.6200000047683716,0.6200000047683716,0.6200000047683716,0
2022-04-29,0.6200000047683716,0.6200000047683716,0.6200000047683716,0.6200000047683716,0.6200000047683716,0
2022-05-03,0.6200000047683716,0.6200000047683716,0.6200000047683716,0.6200000047683716,0.6200000047683716,0
2022-05-04,0.6200000047683716,0.6200000047683716,0.6200000047683716,0.6200000047683716,0.6200000047683716,0
2022-05-05,0.6200000047683716,0.6200000047683716,0.6200000047683716,0.6200000047683716,0.6200000047683716,0
2022-05-06,0.6200000047683716,0.6200000047683716,0.6200000047683716,0.6200000047683716,0.6200000047683716,0
2022-05-10,0.6200000047683716,0.6200000047683716,0.6200000047683716,0.6200000047683716,0.6200000047683716,0
2022-05-11,0.6200000047683716,0.6200000047683716,0.6200000047683716,0.6200000047683716,0.6200000047683716,0
2022-05-12,0.6200000047683716,0.6200000047683716,0.6200000047683716,0.6200000047683716,0.6200000047683716,0
2022-05-13,0.6200000047683716,0.6200000047683716,0.6200000047683716,0.6200000047683716,0.6200000047683716,0
2022-05-16,0.6200000047683716,0.6200000047683716,0.6200000047683716,0.6200000047683716,0.6200000047683716,0
2022-05-17,0.6200000047683716,0.6200000047683716,0.6200000047683716,0.6200000047683716,0.6200000047683716,0
2022-05-18,0.6200000047683716,0.6200000047683716,0.6200000047683716,0.6200000047683716,0.6200000047683716,0
2022-05-19,0.6200000047683716,0.6200000047683716,0.6200000047683716,0.6200000047683716,0.6200000047683716,0
2022-05-20,0.6200000047683716,0.6200000047683716,0.6200000047683716,0.6200000047683716,0.6200000047683716,0
2022-05-23,0.6200000047683716,0.6200000047683716,0.6200000047683716,0.6200000047683716,0.6200000047683716,0
2022-05-24,0.6200000047683716,0.6200000047683716,0.6200000047683716,0.6200000047683716,0.6200000047683716,0
2022-05-25,0.6200000047683716,0.6200000047683716,0.6200000047683716,0.6200000047683716,0.6200000047683716,0
2022-05-26,0.6200000047683716,0.6200000047683716,0.6200000047683716,0.6200000047683716,0.6200000047683716,0
2022-05-27,0.6200000047683716,0.6200000047683716,0.6200000047683716,0.6200000047683716,0.6200000047683716,0
2022-05-30,0.6200000047683716,0.6200000047683716,0.6200000047683716,0.6200000047683716,0.6200000047683716,0
2022-05-31,0.6200000047683716,0.6200000047683716,0.6200000047683716,0.6200000047683716,0.6200000047683716,0
2022-06-01,0.6200000047683716,0.6200000047683716,0.6200000047683716,0.6200000047683716,0.6200000047683716,0
2022-06-02,0.6200000047683716,0.6200000047683716,0.6200000047683716,0.6200000047683716,0.6200000047683716,0
2022-06-06,0.6200000047683716,0.6200000047683716,0.6200000047683716,0.6200000047683716,0.6200000047683716,0
2022-06-07,0.6200000047683716,0.6200000047683716,0.6200000047683716,0.6200000047683716,0.6200000047683716,0
2022-06-08,0.6200000047683716,0.6200000047683716,0.6200000047683716,0.6200000047683716,0.6200000047683716,0
2022-06-09,0.6200000047683716,0.6200000047683716,0.6200000047683716,0.6200000047683716,0.6200000047683716,0
2022-06-10,0.6200000047683716,0.6200000047683716,0.6200000047683716,0.6200000047683716,0.6200000047683716,0
2022-06-13,0.6200000047683716,0.6200000047683716,0.6200000047683716,0.6200000047683716,0.6200000047683716,0
2022-06-14,0.6200000047683716,0.6200000047683716,0.6200000047683716,0.6200000047683716,0.6200000047683716,0
2022-06-15,0.6200000047683716,0.6200000047683716,0.6200000047683716,0.6200000047683716,0.6200000047683716,0
2022-06-16,0.6200000047683716,0.6200000047683716,0.6200000047683716,0.6200000047683716,0.6200000047683716,0
2022-06-17,0.6200000047683716,0.6200000047683716,0.6200000047683716,0.6200000047683716,0.6200000047683716,0
2022-06-20,0.6200000047683716,0.6200000047683716,0.6200000047683716,0.6200000047683716,0.6200000047683716,0
2022-06-21,0.6200000047683716,0.6200000047683716,0.6200000047683716,0.6200000047683716,0.6200000047683716,0
2022-06-22,0.6200000047683716,0.6200000047683716,0.6200000047683716,0.6200000047683716,0.6200000047683716,0
2022-06-23,0.6200000047683716,0.6200000047683716,0.6200000047683716,0.6200000047683716,0.6200000047683716,0
2022-06-24,0.6200000047683716,0.6200000047683716,0.6200000047683716,0.6200000047683716,0.6200000047683716,0
2022-06-27,0.6200000047683716,0.6200000047683716,0.6200000047683716,0.6200000047683716,0.6200000047683716,0
2022-06-28,0.6200000047683716,0.6200000047683716,0.6200000047683716,0.6200000047683716,0.6200000047683716,0
2022-06-29,0.6200000047683716,0.6200000047683716,0.6200000047683716,0.6200000047683716,0.6200000047683716,0
2022-06-30,0.6200000047683716,0.6200000047683716,0.6200000047683716,0.6200000047683716,0.6200000047683716,0
2022-07-04,0.6200000047683716,0.6200000047683716,0.6200000047683716,0.6200000047683716,0.6200000047683716,0
2022-07-05,0.6200000047683716,0.6200000047683716,0.6200000047683716,0.6200000047683716,0.6200000047683716,0
2022-07-06,0.6200000047683716,0.6200000047683716,0.6200000047683716,0.6200000047683716,0.6200000047683716,0
2022-07-07,0.6200000047683716,0.6200000047683716,0.6200000047683716,0.6200000047683716,0.6200000047683716,0
2022-07-08,0.6200000047683716,0.6200000047683716,0.6200000047683716,0.6200000047683716,0.6200000047683716,0
2022-07-11,0.6200000047683716,0.6200000047683716,0.6200000047683716,0.6200000047683716,0.6200000047683716,0
2022-07-12,0.6200000047683716,0.6200000047683716,0.6200000047683716,0.6200000047683716,0.6200000047683716,0
2022-07-13,0.6200000047683716,0.6200000047683716,0.6200000047683716,0.6200000047683716,0.6200000047683716,0
2022-07-14,0.6200000047683716,0.6200000047683716,0.6200000047683716,0.6200000047683716,0.6200000047683716,0
2022-07-15,0.6200000047683716,0.6200000047683716,0.6200000047683716,0.6200000047683716,0.6200000047683716,0
2022-07-18,0.6200000047683716,0.6200000047683716,0.6200000047683716,0.6200000047683716,0.6200000047683716,0
2022-07-19,0.6200000047683716,0.6200000047683716,0.6200000047683716,0.6200000047683716,0.6200000047683716,0
2022-07-20,0.6200000047683716,0.6200000047683716,0.6200000047683716,0.6200000047683716,0.6200000047683716,0
2022-07-21,0.6200000047683716,0.6200000047683716,0.6200000047683716,0.6200000047683716,0.6200000047683716,0
2022-07-22,0.6200000047683716,0.6200000047683716,0.6200000047683716,0.6200000047683716,0.6200000047683716,0
2022-07-25,0.6200000047683716,0.6200000047683716,0.6200000047683716,0.6200000047683716,0.6200000047683716,0
2022-07-26,0.6200000047683716,0.6200000047683716,0.6200000047683716,0.6200000047683716,0.6200000047683716,0
2022-07-27,0.6200000047683716,0.6200000047683716,0.6200000047683716,0.6200000047683716,0.6200000047683716,0
2022-07-28,0.6200000047683716,0.6200000047683716,0.6200000047683716,0.6200000047683716,0.6200000047683716,0
2022-07-29,0.6200000047683716,0.6200000047683716,0.6200000047683716,0.6200000047683716,0.6200000047683716,0
2022-08-01,0.6200000047683716,0.6200000047683716,0.6200000047683716,0.6200000047683716,0.6200000047683716,0
2022-08-02,0.6200000047683716,0.6200000047683716,0.6200000047683716,0.6200000047683716,0.6200000047683716,0
2022-08-03,0.6200000047683716,0.6200000047683716,0.6200000047683716,0.6200000047683716,0.6200000047683716,0
2022-08-04,0.6200000047683716,0.6200000047683716,0.6200000047683716,0.6200000047683716,0.6200000047683716,0
2022-08-05,0.6200000047683716,0.6200000047683716,0.6200000047683716,0.6200000047683716,0.6200000047683716,0
2022-08-08,0.6200000047683716,0.6200000047683716,0.6200000047683716,0.6200000047683716,0.6200000047683716,0
2022-08-09,0.6200000047683716,0.6200000047683716,0.6200000047683716,0.6200000047683716,0.6200000047683716,0
2022-08-10,0.6200000047683716,0.6200000047683716,0.6200000047683716,0.6200000047683716,0.6200000047683716,0
2022-08-11,0.6200000047683716,0.6200000047683716,0.6200000047683716,0.6200000047683716,0.6200000047683716,0
2022-08-12,0.6200000047683716,0.6200000047683716,0.6200000047683716,0.6200000047683716,0.6200000047683716,0
2022-08-15,0.6200000047683716,0.6200000047683716,0.6200000047683716,0.6200000047683716,0.6200000047683716,0
2022-08-16,0.6200000047683716,0.6200000047683716,0.6200000047683716,0.6200000047683716,0.6200000047683716,0
2022-08-17,0.6200000047683716,0.6200000047683716,0.6200000047683716,0.6200000047683716,0.6200000047683716,0
2022-08-18,0.6200000047683716,0.6200000047683716,0.6200000047683716,0.6200000047683716,0.6200000047683716,0
2022-08-19,0.6200000047683716,0.6200000047683716,0.6200000047683716,0.6200000047683716,0.6200000047683716,0
2022-08-22,0.6200000047683716,0.6200000047683716,0.6200000047683716,0.6200000047683716,0.6200000047683716,0
2022-08-23,0.6200000047683716,0.6200000047683716,0.6200000047683716,0.6200000047683716,0.6200000047683716,0
2022-08-24,0.6200000047683716,0.6200000047683716,0.6200000047683716,0.6200000047683716,0.6200000047683716,0
2022-08-25,0.6200000047683716,0.6200000047683716,0.6200000047683716,0.6200000047683716,0.6200000047683716,0
2022-08-26,0.6200000047683716,0.6200000047683716,0.6200000047683716,0.6200000047683716,0.6200000047683716,0
2022-08-29,0.6200000047683716,0.6200000047683716,0.6200000047683716,0.6200000047683716,0.6200000047683716,0
2022-08-30,0.6200000047683716,0.6200000047683716,0.6200000047683716,0.6200000047683716,0.6200000047683716,0
2022-08-31,0.6200000047683716,0.6200000047683716,0.6200000047683716,0.6200000047683716,0.6200000047683716,0
2022-09-01,0.6200000047683716,0.6200000047683716,0.6200000047683716,0.6200000047683716,0.6200000047683716,0
2022-09-02,0.6200000047683716,0.6200000047683716,0.6200000047683716,0.6200000047683716,0.6200000047683716,0
2022-09-05,0.6200000047683716,0.6200000047683716,0.6200000047683716,0.6200000047683716,0.6200000047683716,0
2022-09-06,0.6200000047683716,0.6200000047683716,0.6200000047683716,0.6200000047683716,0.6200000047683716,0
2022-09-07,0.6200000047683716,0.6200000047683716,0.6200000047683716,0.6200000047683716,0.6200000047683716,0
2022-09-08,0.6200000047683716,0.6200000047683716,0.6200000047683716,0.6200000047683716,0.6200000047683716,0
2022-09-09,0.6200000047683716,0.6200000047683716,0.6200000047683716,0.6200000047683716,0.6200000047683716,0
2022-09-13,0.6200000047683716,0.6200000047683716,0.6200000047683716,0.6200000047683716,0.6200000047683716,0
2022-09-14,0.6200000047683716,0.6200000047683716,0.6200000047683716,0.6200000047683716,0.6200000047683716,0
2022-09-15,0.6200000047683716,0.6200000047683716,0.6200000047683716,0.6200000047683716,0.6200000047683716,0
2022-09-16,0.6200000047683716,0.6200000047683716,0.6200000047683716,0.6200000047683716,0.6200000047683716,0
2022-09-19,0.6200000047683716,0.6200000047683716,0.6200000047683716,0.6200000047683716,0.6200000047683716,0
2022-09-20,0.6200000047683716,0.6200000047683716,0.6200000047683716,0.6200000047683716,0.6200000047683716,0
2022-09-21,0.6200000047683716,0.6200000047683716,0.6200000047683716,0.6200000047683716,0.6200000047683716,0
2022-09-22,0.6200000047683716,0.6200000047683716,0.6200000047683716,0.6200000047683716,0.6200000047683716,0
2022-09-23,0.6200000047683716,0.6200000047683716,0.6200000047683716,0.6200000047683716,0.6200000047683716,0
2022-09-26,0.6200000047683716,0.6200000047683716,0.6200000047683716,0.6200000047683716,0.6200000047683716,0
2022-09-27,0.6200000047683716,0.6200000047683716,0.6200000047683716,0.6200000047683716,0.6200000047683716,0
2022-09-28,0.6200000047683716,0.6200000047683716,0.6200000047683716,0.6200000047683716,0.6200000047683716,0
2022-09-29,0.6200000047683716,0.6200000047683716,0.6200000047683716,0.6200000047683716,0.6200000047683716,0
2022-09-30,0.6200000047683716,0.6200000047683716,0.6200000047683716,0.6200000047683716,0.6200000047683716,0
2022-10-03,0.6200000047683716,0.6200000047683716,0.6200000047683716,0.6200000047683716,0.6200000047683716,0
2022-10-05,0.6200000047683716,0.6200000047683716,0.6200000047683716,0.6200000047683716,0.6200000047683716,0
2022-10-06,0.6200000047683716,0.6200000047683716,0.6200000047683716,0.6200000047683716,0.6200000047683716,0
2022-10-07,0.6200000047683716,0.6200000047683716,0.6200000047683716,0.6200000047683716,0.6200000047683716,0
2022-10-10,0.6200000047683716,0.6200000047683716,0.6200000047683716,0.6200000047683716,0.6200000047683716,0
2022-10-11,0.6200000047683716,0.6200000047683716,0.6200000047683716,0.6200000047683716,0.6200000047683716,0
2022-10-12,0.6200000047683716,0.6200000047683716,0.6200000047683716,0.6200000047683716,0.6200000047683716,0
2022-10-13,0.6200000047683716,0.6200000047683716,0.6200000047683716,0.6200000047683716,0.6200000047683716,0
2022-10-14,0.6200000047683716,0.6200000047683716,0.6200000047683716,0.6200000047683716,0.6200000047683716,0
2022-10-17,0.6200000047683716,0.6200000047683716,0.6200000047683716,0.6200000047683716,0.6200000047683716,0
2022-10-18,0.6200000047683716,0.6200000047683716,0.6200000047683716,0.6200000047683716,0.6200000047683716,0
2022-10-19,0.6200000047683716,0.6200000047683716,0.6200000047683716,0.6200000047683716,0.6200000047683716,0
2022-10-20,0.6200000047683716,0.6200000047683716,0.6200000047683716,0.6200000047683716,0.6200000047683716,0
2022-10-21,0.6200000047683716,0.6200000047683716,0.6200000047683716,0.6200000047683716,0.6200000047683716,0
2022-10-24,0.6200000047683716,0.6200000047683716,0.6200000047683716,0.6200000047683716,0.6200000047683716,0
2022-10-25,0.6200000047683716,0.6200000047683716,0.6200000047683716,0.6200000047683716,0.6200000047683716,0
2022-10-26,0.6200000047683716,0.6200000047683716,0.6200000047683716,0.6200000047683716,0.6200000047683716,0
2022-10-27,0.6200000047683716,0.6200000047683716,0.6200000047683716,0.6200000047683716,0.6200000047683716,0
2022-10-28,0.6200000047683716,0.6200000047683716,0.6200000047683716,0.6200000047683716,0.6200000047683716,0
2022-10-31,0.6200000047683716,0.6200000047683716,0.6200000047683716,0.6200000047683716,0.6200000047683716,0
2022-11-01,0.6200000047683716,0.6200000047683716,0.6200000047683716,0.6200000047683716,0.6200000047683716,0
2022-11-02,0.6200000047683716,0.6200000047683716,0.6200000047683716,0.6200000047683716,0.6200000047683716,0
2022-11-03,0.6200000047683716,0.6200000047683716,0.6200000047683716,0.6200000047683716,0.6200000047683716,0
2022-11-04,0.6200000047683716,0.6200000047683716,0.6200000047683716,0.6200000047683716,0.6200000047683716,0
2022-11-07,0.6200000047683716,0.6200000047683716,0.6200000047683716,0.6200000047683716,0.6200000047683716,0
2022-11-08,0.6200000047683716,0.6200000047683716,0.6200000047683716,0.6200000047683716,0.6200000047683716,0
2022-11-09,0.6200000047683716,0.6200000047683716,0.6200000047683716,0.6200000047683716,0.6200000047683716,0
2022-11-10,0.6200000047683716,0.6200000047683716,0.6200000047683716,0.6200000047683716,0.6200000047683716,0
2022-11-11,0.6200000047683716,0.6200000047683716,0.6200000047683716,0.6200000047683716,0.6200000047683716,0
2022-11-14,0.6200000047683716,0.6200000047683716,0.6200000047683716,0.6200000047683716,0.6200000047683716,0
2022-11-15,0.6200000047683716,0.6200000047683716,0.6200000047683716,0.6200000047683716,0.6200000047683716,0
2022-11-16,0.6200000047683716,0.6200000047683716,0.6200000047683716,0.6200000047683716,0.6200000047683716,0
2022-11-17,0.6200000047683716,0.6200000047683716,0.6200000047683716,0.6200000047683716,0.6200000047683716,0
2022-11-18,0.6200000047683716,0.6200000047683716,0.6200000047683716,0.6200000047683716,0.6200000047683716,0
2022-11-21,0.6200000047683716,0.6200000047683716,0.6200000047683716,0.6200000047683716,0.6200000047683716,0
2022-11-22,0.6200000047683716,0.6200000047683716,0.6200000047683716,0.6200000047683716,0.6200000047683716,0
2022-11-23,0.6200000047683716,0.6200000047683716,0.6200000047683716,0.6200000047683716,0.6200000047683716,0
2022-11-24,0.6200000047683716,0.6200000047683716,0.6200000047683716,0.6200000047683716,0.6200000047683716,0
2022-11-25,0.6200000047683716,0.6200000047683716,0.6200000047683716,0.6200000047683716,0.6200000047683716,0
2022-11-28,0.6200000047683716,0.6200000047683716,0.6200000047683716,0.6200000047683716,0.6200000047683716,0
2022-11-29,0.6200000047683716,0.6200000047683716,0.6200000047683716,0.6200000047683716,0.6200000047683716,0
2022-11-30,0.6200000047683716,0.6200000047683716,0.6200000047683716,0.6200000047683716,0.6200000047683716,0
2022-12-01,0.6200000047683716,0.6200000047683716,0.6200000047683716,0.6200000047683716,0.6200000047683716,0
2022-12-02,0.6200000047683716,0.6200000047683716,0.6200000047683716,0.6200000047683716,0.6200000047683716,0
2022-12-05,0.6200000047683716,0.6200000047683716,0.6200000047683716,0.6200000047683716,0.6200000047683716,0
2022-12-06,0.6200000047683716,0.6200000047683716,0.6200000047683716,0.6200000047683716,0.6200000047683716,0
2022-12-07,0.6200000047683716,0.6200000047683716,0.6200000047683716,0.6200000047683716,0.6200000047683716,0
2022-12-08,0.6200000047683716,0.6200000047683716,0.6200000047683716,0.6200000047683716,0.6200000047683716,0
2022-12-09,0.6200000047683716,0.6200000047683716,0.6200000047683716,0.6200000047683716,0.6200000047683716,0
2022-12-12,0.6200000047683716,0.6200000047683716,0.6200000047683716,0.6200000047683716,0.6200000047683716,0
2022-12-13,0.6200000047683716,0.6200000047683716,0.6200000047683716,0.6200000047683716,0.6200000047683716,0
2022-12-14,0.6200000047683716,0.6200000047683716,0.6200000047683716,0.6200000047683716,0.6200000047683716,0
2022-12-15,0.6200000047683716,0.6200000047683716,0.6200000047683716,0.6200000047683716,0.6200000047683716,0
2022-12-16,0.6200000047683716,0.6200000047683716,0.6200000047683716,0.6200000047683716,0.6200000047683716,0
2022-12-19,0.6200000047683716,0.6200000047683716,0.6200000047683716,0.6200000047683716,0.6200000047683716,0
2022-12-20,0.6200000047683716,0.6200000047683716,0.6200000047683716,0.6200000047683716,0.6200000047683716,0
2022-12-21,0.6200000047683716,0.6200000047683716,0.6200000047683716,0.6200000047683716,0.6200000047683716,0
2022-12-22,0.6200000047683716,0.6200000047683716,0.6200000047683716,0.6200000047683716,0.6200000047683716,0
2022-12-23,0.6200000047683716,0.6200000047683716,0.6200000047683716,0.6200000047683716,0.6200000047683716,0
2022-12-28,0.6200000047683716,0.6200000047683716,0.6200000047683716,0.6200000047683716,0.6200000047683716,0
2022-12-29,0.6200000047683716,0.6200000047683716,0.6200000047683716,0.6200000047683716,0.6200000047683716,0
2022-12-30,0.6200000047683716,0.6200000047683716,0.6200000047683716,0.6200000047683716,0.6200000047683716,0
2023-01-03,0.6200000047683716,0.6200000047683716,0.6200000047683716,0.6200000047683716,0.6200000047683716,0
2023-01-04,0.6200000047683716,0.6200000047683716,0.6200000047683716,0.6200000047683716,0.6200000047683716,0
2023-01-05,0.6200000047683716,0.6200000047683716,0.6200000047683716,0.6200000047683716,0.6200000047683716,0
2023-01-06,0.6200000047683716,0.6200000047683716,0.6200000047683716,0.6200000047683716,0.6200000047683716,0
2023-01-09,0.6200000047683716,0.6200000047683716,0.6200000047683716,0.6200000047683716,0.6200000047683716,0
2023-01-10,0.6200000047683716,0.6200000047683716,0.6200000047683716,0.6200000047683716,0.6200000047683716,0
2023-01-11,0.6200000047683716,0.6200000047683716,0.6200000047683716,0.6200000047683716,0.6200000047683716,0
2023-01-12,0.6200000047683716,0.6200000047683716,0.6200000047683716,0.6200000047683716,0.6200000047683716,0
2023-01-13,0.6200000047683716,0.6200000047683716,0.6200000047683716,0.6200000047683716,0.6200000047683716,0
2023-01-16,0.6200000047683716,0.6200000047683716,0.6200000047683716,0.6200000047683716,0.6200000047683716,0
2023-01-17,0.6200000047683716,0.6200000047683716,0.6200000047683716,0.6200000047683716,0.6200000047683716,0
2023-01-18,0.6200000047683716,0.6200000047683716,0.6200000047683716,0.6200000047683716,0.6200000047683716,0
2023-01-19,0.6200000047683716,0.6200000047683716,0.6200000047683716,0.6200000047683716,0.6200000047683716,0
2023-01-20,0.6200000047683716,0.6200000047683716,0.6200000047683716,0.6200000047683716,0.6200000047683716,0
2023-01-26,0.6200000047683716,0.6200000047683716,0.6200000047683716,0.6200000047683716,0.6200000047683716,0
2023-01-27,0.6200000047683716,0.6200000047683716,0.6200000047683716,0.6200000047683716,0.6200000047683716,0
2023-01-30,0.6200000047683716,0.6200000047683716,0.6200000047683716,0.6200000047683716,0.6200000047683716,0
2023-01-31,0.6200000047683716,0.6200000047683716,0.6200000047683716,0.6200000047683716,0.6200000047683716,0
2023-02-01,0.6200000047683716,0.6200000047683716,0.6200000047683716,0.6200000047683716,0.6200000047683716,0
2023-02-02,0.6200000047683716,0.6200000047683716,0.6200000047683716,0.6200000047683716,0.6200000047683716,0
2023-02-03,0.6200000047683716,0.6200000047683716,0.6200000047683716,0.6200000047683716,0.6200000047683716,0
2023-02-06,0.6200000047683716,0.6200000047683716,0.6200000047683716,0.6200000047683716,0.6200000047683716,0
2023-02-07,0.6200000047683716,0.6200000047683716,0.6200000047683716,0.6200000047683716,0.6200000047683716,0
2023-02-08,0.6200000047683716,0.6200000047683716,0.6200000047683716,0.6200000047683716,0.6200000047683716,0
2023-02-09,0.6200000047683716,0.6200000047683716,0.6200000047683716,0.6200000047683716,0.6200000047683716,0
2023-02-10,0.6200000047683716,0.6200000047683716,0.6200000047683716,0.6200000047683716,0.6200000047683716,0
2023-02-13,0.6200000047683716,0.6200000047683716,0.6200000047683716,0.6200000047683716,0.6200000047683716,0
2023-02-14,0.6200000047683716,0.6200000047683716,0.6200000047683716,0.6200000047683716,0.6200000047683716,0
2023-02-15,0.6200000047683716,0.6200000047683716,0.6200000047683716,0.6200000047683716,0.6200000047683716,0
2023-02-16,0.6200000047683716,0.6200000047683716,0.6200000047683716,0.6200000047683716,0.6200000047683716,0
2023-02-17,0.6200000047683716,0.6200000047683716,0.6200000047683716,0.6200000047683716,0.6200000047683716,0
2023-02-20,0.6200000047683716,0.6200000047683716,0.6200000047683716,0.6200000047683716,0.6200000047683716,0
2023-02-21,0.6200000047683716,0.6200000047683716,0.6200000047683716,0.6200000047683716,0.6200000047683716,0
2023-02-22,0.6200000047683716,0.6200000047683716,0.6200000047683716,0.6200000047683716,0.6200000047683716,0
2023-02-23,0.6200000047683716,0.6200000047683716,0.6200000047683716,0.6200000047683716,0.6200000047683716,0
2023-02-24,0.6200000047683716,0.6200000047683716,0.6200000047683716,0.6200000047683716,0.6200000047683716,0
2023-02-27,0.6200000047683716,0.6200000047683716,0.6200000047683716,0.6200000047683716,0.6200000047683716,0
2023-02-28,0.6200000047683716,0.6200000047683716,0.6200000047683716,0.6200000047683716,0.6200000047683716,0
2023-03-01,0.6200000047683716,0.6200000047683716,0.6200000047683716,0.6200000047683716,0.6200000047683716,0
2023-03-02,0.6200000047683716,0.6200000047683716,0.6200000047683716,0.6200000047683716,0.6200000047683716,0
2023-03-03,0.6200000047683716,0.6200000047683716,0.6200000047683716,0.6200000047683716,0.6200000047683716,0
2023-03-06,0.6200000047683716,0.6200000047683716,0.6200000047683716,0.6200000047683716,0.6200000047683716,0
2023-03-07,0.6200000047683716,0.6200000047683716,0.6200000047683716,0.6200000047683716,0.6200000047683716,0
2023-03-08,0.6200000047683716,0.6200000047683716,0.6200000047683716,0.6200000047683716,0.6200000047683716,0
2023-03-09,0.6200000047683716,0.6200000047683716,0.6200000047683716,0.6200000047683716,0.6200000047683716,0
2023-03-10,0.6200000047683716,0.6200000047683716,0.6200000047683716,0.6200000047683716,0.6200000047683716,0
2023-03-13,0.6200000047683716,0.6200000047683716,0.6200000047683716,0.6200000047683716,0.6200000047683716,0
2023-03-14,0.6200000047683716,0.6200000047683716,0.6200000047683716,0.6200000047683716,0.6200000047683716,0
2023-03-15,0.6200000047683716,0.6200000047683716,0.6200000047683716,0.6200000047683716,0.6200000047683716,0
2023-03-16,0.6200000047683716,0.6200000047683716,0.6200000047683716,0.6200000047683716,0.6200000047683716,0
2023-03-17,0.6200000047683716,0.6200000047683716,0.6200000047683716,0.6200000047683716,0.6200000047683716,0
2023-03-20,0.6200000047683716,0.6200000047683716,0.6200000047683716,0.6200000047683716,0.6200000047683716,0
2023-03-21,0.6200000047683716,0.6200000047683716,0.6200000047683716,0.6200000047683716,0.6200000047683716,0
2023-03-22,0.6200000047683716,0.6200000047683716,0.6200000047683716,0.6200000047683716,0.6200000047683716,0
2023-03-23,0.6200000047683716,0.6200000047683716,0.6200000047683716,0.6200000047683716,0.6200000047683716,0
2023-03-24,0.6200000047683716,0.6200000047683716,0.6200000047683716,0.6200000047683716,0.6200000047683716,0
2023-03-27,0.6200000047683716,0.6200000047683716,0.6200000047683716,0.6200000047683716,0.6200000047683716,0
2023-03-28,0.6200000047683716,0.6200000047683716,0.6200000047683716,0.6200000047683716,0.6200000047683716,0
2023-03-29,0.6200000047683716,0.6200000047683716,0.6200000047683716,0.6200000047683716,0.6200000047683716,0
2023-03-30,0.6200000047683716,0.6200000047683716,0.6200000047683716,0.6200000047683716,0.6200000047683716,0
2023-03-31,0.6200000047683716,0.6200000047683716,0.6200000047683716,0.6200000047683716,0.6200000047683716,0
2023-04-03,0.6200000047683716,0.6200000047683716,0.6200000047683716,0.6200000047683716,0.6200000047683716,0
2023-04-04,0.6200000047683716,0.6200000047683716,0.6200000047683716,0.6200000047683716,0.6200000047683716,0
2023-04-06,0.6200000047683716,0.6200000047683716,0.6200000047683716,0.6200000047683716,0.6200000047683716,0
2023-04-11,0.6200000047683716,0.6200000047683716,0.6200000047683716,0.6200000047683716,0.6200000047683716,0
2023-04-12,0.6200000047683716,0.6200000047683716,0.6200000047683716,0.6200000047683716,0.6200000047683716,0
2023-04-13,0.6200000047683716,0.6200000047683716,0.6200000047683716,0.6200000047683716,0.6200000047683716,0
2023-04-14,0.6200000047683716,0.6200000047683716,0.6200000047683716,0.6200000047683716,0.6200000047683716,0
2023-04-17,0.6200000047683716,0.6200000047683716,0.6200000047683716,0.6200000047683716,0.6200000047683716,0
2023-04-18,0.6200000047683716,0.6200000047683716,0.6200000047683716,0.6200000047683716,0.6200000047683716,0
2023-04-19,0.6200000047683716,0.6200000047683716,0.6200000047683716,0.6200000047683716,0.6200000047683716,0
2023-04-20,0.6200000047683716,0.6200000047683716,0.6200000047683716,0.6200000047683716,0.6200000047683716,0
2023-04-21,0.6200000047683716,0.6200000047683716,0.6200000047683716,0.6200000047683716,0.6200000047683716,0
2023-04-24,0.6200000047683716,0.6200000047683716,0.6200000047683716,0.6200000047683716,0.6200000047683716,0
2023-04-25,0.6200000047683716,0.6200000047683716,0.6200000047683716,0.6200000047683716,0.6200000047683716,0
2023-04-26,0.6200000047683716,0.6200000047683716,0.6200000047683716,0.6200000047683716,0.6200000047683716,0
2023-04-27,0.6200000047683716,0.6200000047683716,0.6200000047683716,0.6200000047683716,0.6200000047683716,0
2023-04-28,0.6200000047683716,0.6200000047683716,0.6200000047683716,0.6200000047683716,0.6200000047683716,0
2023-05-02,0.6200000047683716,0.6200000047683716,0.6200000047683716,0.6200000047683716,0.6200000047683716,0
2023-05-03,0.6200000047683716,0.6200000047683716,0.6200000047683716,0.6200000047683716,0.6200000047683716,0
2023-05-04,0.6200000047683716,0.6200000047683716,0.6200000047683716,0.6200000047683716,0.6200000047683716,0
2023-05-05,0.6200000047683716,0.6200000047683716,0.6200000047683716,0.6200000047683716,0.6200000047683716,0
2023-05-08,0.6200000047683716,0.6200000047683716,0.6200000047683716,0.6200000047683716,0.6200000047683716,0
2023-05-09,0.6200000047683716,0.6200000047683716,0.6200000047683716,0.6200000047683716,0.6200000047683716,0
2023-05-10,0.6200000047683716,0.6200000047683716,0.6200000047683716,0.6200000047683716,0.6200000047683716,0
2023-05-11,0.6200000047683716,0.6200000047683716,0.6200000047683716,0.6200000047683716,0.6200000047683716,0
2023-05-12,0.6200000047683716,0.6200000047683716,0.6200000047683716,0.6200000047683716,0.6200000047683716,0
2023-05-15,0.6200000047683716,0.6200000047683716,0.6200000047683716,0.6200000047683716,0.6200000047683716,0
2023-05-16,0.6200000047683716,0.6200000047683716,0.6200000047683716,0.6200000047683716,0.6200000047683716,0
2023-05-17,0.6200000047683716,0.6200000047683716,0.6200000047683716,0.6200000047683716,0.6200000047683716,0
2023-05-18,0.6200000047683716,0.6200000047683716,0.6200000047683716,0.6200000047683716,0.6200000047683716,0
2023-05-19,0.6200000047683716,0.6200000047683716,0.6200000047683716,0.6200000047683716,0.6200000047683716,0
2023-05-22,0.6200000047683716,0.6200000047683716,0.6200000047683716,0.6200000047683716,0.6200000047683716,0
2023-05-23,0.6200000047683716,0.6200000047683716,0.6200000047683716,0.6200000047683716,0.6200000047683716,0
2023-05-24,0.6200000047683716,0.6200000047683716,0.6200000047683716,0.6200000047683716,0.6200000047683716,0
2023-05-25,0.6200000047683716,0.6200000047683716,0.6200000047683716,0.6200000047683716,0.6200000047683716,0
2023-05-29,0.6200000047683716,0.6200000047683716,0.6200000047683716,0.6200000047683716,0.6200000047683716,0
2023-05-30,0.6200000047683716,0.6200000047683716,0.6200000047683716,0.6200000047683716,0.6200000047683716,0
2023-05-31,0.6200000047683716,0.6200000047683716,0.6200000047683716,0.6200000047683716,0.6200000047683716,0
2023-06-01,0.6200000047683716,0.6200000047683716,0.6200000047683716,0.6200000047683716,0.6200000047683716,0
2023-06-02,0.6200000047683716,0.6200000047683716,0.6200000047683716,0.6200000047683716,0.6200000047683716,0
2023-06-05,0.6200000047683716,0.6200000047683716,0.6200000047683716,0.6200000047683716,0.6200000047683716,0
2023-06-06,0.6200000047683716,0.6200000047683716,0.6200000047683716,0.6200000047683716,0.6200000047683716,0
2023-06-07,0.6200000047683716,0.6200000047683716,0.6200000047683716,0.6200000047683716,0.6200000047683716,0
2023-06-08,0.6200000047683716,0.6200000047683716,0.6200000047683716,0.6200000047683716,0.6200000047683716,0
2023-06-09,0.6200000047683716,0.6200000047683716,0.6200000047683716,0.6200000047683716,0.6200000047683716,0
2023-06-12,0.6200000047683716,0.6200000047683716,0.6200000047683716,0.6200000047683716,0.6200000047683716,0
2023-06-13,0.6200000047683716,0.6200000047683716,0.6200000047683716,0.6200000047683716,0.6200000047683716,0
2023-06-14,0.6200000047683716,0.6200000047683716,0.6200000047683716,0.6200000047683716,0.6200000047683716,0
2023-06-15,0.6200000047683716,0.6200000047683716,0.6200000047683716,0.6200000047683716,0.6200000047683716,0
2023-06-16,0.6200000047683716,0.6200000047683716,0.6200000047683716,0.6200000047683716,0.6200000047683716,0
2023-06-19,0.6200000047683716,0.6200000047683716,0.6200000047683716,0.6200000047683716,0.6200000047683716,0
2023-06-20,0.6200000047683716,0.6200000047683716,0.6200000047683716,0.6200000047683716,0.6200000047683716,0
2023-06-21,0.6200000047683716,0.6200000047683716,0.6200000047683716,0.6200000047683716,0.6200000047683716,0
2023-06-23,0.6200000047683716,0.6200000047683716,0.6200000047683716,0.6200000047683716,0.6200000047683716,0
2023-06-26,0.6200000047683716,0.6200000047683716,0.6200000047683716,0.6200000047683716,0.6200000047683716,0
2023-06-27,0.6200000047683716,0.6200000047683716,0.6200000047683716,0.6200000047683716,0.6200000047683716,0
2023-06-28,0.6200000047683716,0.6200000047683716,0.6200000047683716,0.6200000047683716,0.6200000047683716,0
2023-06-29,0.6200000047683716,0.6200000047683716,0.6200000047683716,0.6200000047683716,0.6200000047683716,0
2023-06-30,0.6200000047683716,0.6200000047683716,0.6200000047683716,0.6200000047683716,0.6200000047683716,0
2023-07-03,0.6200000047683716,0.6200000047683716,0.6200000047683716,0.6200000047683716,0.6200000047683716,0
2023-07-04,0.6200000047683716,0.6200000047683716,0.6200000047683716,0.6200000047683716,0.6200000047683716,0
2023-07-05,0.6200000047683716,0.6200000047683716,0.6200000047683716,0.6200000047683716,0.6200000047683716,0
2023-07-06,0.6000000238418579,0.8299999833106995,0.5,0.5299999713897705,0.5299999713897705,12113511
2023-07-07,0.5299999713897705,0.5600000023841858,0.5,0.5099999904632568,0.5099999904632568,4378644
2023-07-10,0.4950000047683716,0.5099999904632568,0.44999998807907104,0.45500001311302185,0.45500001311302185,7992928
2023-07-11,0.4350000023841858,0.48500001430511475,0.4350000023841858,0.48500001430511475,0.48500001430511475,2639000
2023-07-12,0.4950000047683716,0.4950000047683716,0.4749999940395355,0.47999998927116394,0.47999998927116394,2410000
2023-07-13,0.48500001430511475,0.5099999904632568,0.46000000834465027,0.5099999904632568,0.5099999904632568,3185000
2023-07-14,0.49000000953674316,0.5199999809265137,0.48500001430511475,0.5099999904632568,0.5099999904632568,660000
2023-07-18,0.4650000035762787,0.5099999904632568,0.4650000035762787,0.4749999940395355,0.4749999940395355,492718
2023-07-19,0.4749999940395355,0.49000000953674316,0.4650000035762787,0.47999998927116394,0.47999998927116394,240077
2023-07-20,0.46000000834465027,0.47999998927116394,0.46000000834465027,0.47999998927116394,0.47999998927116394,3927000
2023-07-21,0.46000000834465027,0.47999998927116394,0.46000000834465027,0.4749999940395355,0.4749999940395355,253000
2023-07-24,0.46000000834465027,0.4699999988079071,0.44999998807907104,0.45500001311302185,0.45500001311302185,175000
2023-07-25,0.45500001311302185,0.47999998927116394,0.4449999928474426,0.4650000035762787,0.4650000035762787,4753000
2023-07-26,0.4650000035762787,0.4650000035762787,0.4099999964237213,0.4650000035762787,0.4650000035762787,647763
2023-07-27,0.47999998927116394,0.4950000047683716,0.44999998807907104,0.49000000953674316,0.49000000953674316,1215000
2023-07-28,0.4749999940395355,0.5400000214576721,0.4650000035762787,0.5199999809265137,0.5199999809265137,2226000
2023-07-31,0.5199999809265137,0.699999988079071,0.5199999809265137,0.5299999713897705,0.5299999713897705,8754000
2023-08-01,0.5199999809265137,0.5600000023841858,0.5,0.5400000214576721,0.5400000214576721,165000
2023-08-02,0.5600000023841858,0.5799999833106995,0.5299999713897705,0.5299999713897705,0.5299999713897705,250028
2023-08-03,0.5099999904632568,0.5400000214576721,0.5099999904632568,0.5299999713897705,0.5299999713897705,248000
2023-08-04,0.5299999713897705,0.5600000023841858,0.5099999904632568,0.5299999713897705,0.5299999713897705,114138
2023-08-07,0.550000011920929,0.550000011920929,0.5099999904632568,0.5299999713897705,0.5299999713897705,32000
2023-08-08,0.5099999904632568,0.5099999904632568,0.5099999904632568,0.5099999904632568,0.5099999904632568,0
2023-08-09,0.5099999904632568,0.5099999904632568,0.48500001430511475,0.4950000047683716,0.4950000047683716,149000
2023-08-10,0.5,0.5199999809265137,0.46000000834465027,0.47999998927116394,0.47999998927116394,334000
2023-08-11,0.46000000834465027,0.5099999904632568,0.46000000834465027,0.47999998927116394,0.47999998927116394,17000
2023-08-14,0.49000000953674316,0.49000000953674316,0.4399999976158142,0.4399999976158142,0.4399999976158142,91000
2023-08-15,0.4399999976158142,0.46000000834465027,0.42500001192092896,0.44999998807907104,0.44999998807907104,4136000
2023-08-16,0.4699999988079071,0.4699999988079071,0.4399999976158142,0.45500001311302185,0.45500001311302185,95000
2023-08-17,0.4300000071525574,0.44999998807907104,0.41999998688697815,0.4449999928474426,0.4449999928474426,64000
2023-08-18,0.42500001192092896,0.4449999928474426,0.41999998688697815,0.4399999976158142,0.4399999976158142,44000
2023-08-21,0.4099999964237213,0.4350000023841858,0.4099999964237213,0.41999998688697815,0.41999998688697815,106000
2023-08-22,0.4300000071525574,0.4399999976158142,0.42500001192092896,0.42500001192092896,0.42500001192092896,13000
2023-08-23,0.4350000023841858,0.4449999928474426,0.4099999964237213,0.4350000023841858,0.4350000023841858,143000
2023-08-24,0.4350000023841858,0.4749999940395355,0.4350000023841858,0.45500001311302185,0.45500001311302185,735626
2023-08-25,0.4650000035762787,0.47999998927116394,0.4449999928474426,0.44999998807907104,0.44999998807907104,3514000
2023-08-28,0.4699999988079071,0.4699999988079071,0.4300000071525574,0.4449999928474426,0.4449999928474426,130000
2023-08-29,0.45500001311302185,0.4699999988079071,0.42500001192092896,0.45500001311302185,0.45500001311302185,35000
2023-08-30,0.4650000035762787,0.4650000035762787,0.4350000023841858,0.4350000023841858,0.4350000023841858,131000
2023-08-31,0.4300000071525574,0.45500001311302185,0.41999998688697815,0.42500001192092896,0.42500001192092896,41000
2023-09-04,0.42500001192092896,0.4650000035762787,0.41499999165534973,0.41499999165534973,0.41499999165534973,374000
2023-09-05,0.44999998807907104,0.44999998807907104,0.41999998688697815,0.41999998688697815,0.41999998688697815,339000
2023-09-06,0.4300000071525574,0.4950000047683716,0.4300000071525574,0.4699999988079071,0.4699999988079071,1594000
2023-09-07,0.47999998927116394,0.49000000953674316,0.4699999988079071,0.4749999940395355,0.4749999940395355,109000
2023-09-11,0.4449999928474426,0.4950000047683716,0.4449999928474426,0.4749999940395355,0.4749999940395355,757000
2023-09-12,0.4699999988079071,0.47999998927116394,0.44999998807907104,0.4749999940395355,0.4749999940395355,279000
2023-09-13,0.47999998927116394,0.5,0.47999998927116394,0.47999998927116394,0.47999998927116394,859000
2023-09-14,0.47999998927116394,0.47999998927116394,0.47999998927116394,0.47999998927116394,0.47999998927116394,0
2023-09-15,0.48500001430511475,0.48500001430511475,0.4300000071525574,0.4300000071525574,0.4300000071525574,134000
2023-09-18,0.4300000071525574,0.4650000035762787,0.4300000071525574,0.4350000023841858,0.4350000023841858,79000
2023-09-19,0.4350000023841858,0.45500001311302185,0.4099999964237213,0.4399999976158142,0.4399999976158142,97000
2023-09-20,0.4399999976158142,0.4399999976158142,0.4399999976158142,0.4399999976158142,0.4399999976158142,0
2023-09-21,0.4300000071525574,0.4300000071525574,0.4050000011920929,0.42500001192092896,0.42500001192092896,14000
2023-09-22,0.42500001192092896,0.44999998807907104,0.42500001192092896,0.44999998807907104,0.44999998807907104,35000
2023-09-25,0.4099999964237213,0.4399999976158142,0.4000000059604645,0.4050000011920929,0.4050000011920929,333000
2023-09-26,0.4099999964237213,0.4350000023841858,0.4000000059604645,0.41499999165534973,0.41499999165534973,149000
2023-09-27,0.46000000834465027,0.46000000834465027,0.4000000059604645,0.4000000059604645,0.4000000059604645,333000
2023-09-28,0.44999998807907104,0.44999998807907104,0.38499999046325684,0.42500001192092896,0.42500001192092896,190000
2023-09-29,0.4399999976158142,0.4399999976158142,0.42500001192092896,0.4350000023841858,0.4350000023841858,6000
2023-10-03,0.35499998927116394,0.4350000023841858,0.35499998927116394,0.4350000023841858,0.4350000023841858,7000
2023-10-04,0.39500001072883606,0.41999998688697815,0.3700000047683716,0.41999998688697815,0.41999998688697815,10000
2023-10-05,0.4449999928474426,0.4449999928474426,0.36500000953674316,0.39500001072883606,0.39500001072883606,90000
2023-10-06,0.3700000047683716,0.4099999964237213,0.3700000047683716,0.38499999046325684,0.38499999046325684,15000
2023-10-09,0.3700000047683716,0.38499999046325684,0.36000001430511475,0.36000001430511475,0.36000001430511475,44000
2023-10-10,0.36000001430511475,0.39500001072883606,0.36000001430511475,0.36000001430511475,0.36000001430511475,20000
2023-10-11,0.36500000953674316,0.38999998569488525,0.36500000953674316,0.3799999952316284,0.3799999952316284,13000
2023-10-12,0.41999998688697815,0.41999998688697815,0.3799999952316284,0.38499999046325684,0.38499999046325684,953000
2023-10-13,0.41499999165534973,0.41499999165534973,0.375,0.38999998569488525,0.38999998569488525,31000
2023-10-16,0.3700000047683716,0.38999998569488525,0.3700000047683716,0.3700000047683716,0.3700000047683716,44000
2023-10-17,0.36500000953674316,0.4099999964237213,0.36500000953674316,0.36500000953674316,0.36500000953674316,5000
2023-10-18,0.41499999165534973,0.41499999165534973,0.3700000047683716,0.3799999952316284,0.3799999952316284,78100
2023-10-19,0.36000001430511475,0.41499999165534973,0.36000001430511475,0.38999998569488525,0.38999998569488525,9057
2023-10-20,0.38499999046325684,0.4050000011920929,0.3799999952316284,0.39500001072883606,0.39500001072883606,80000
2023-10-24,0.38999998569488525,0.4050000011920929,0.38999998569488525,0.38999998569488525,0.38999998569488525,7000
2023-10-25,0.3700000047683716,0.38999998569488525,0.3700000047683716,0.38999998569488525,0.38999998569488525,14000
2023-10-26,0.3700000047683716,0.375,0.36000001430511475,0.36500000953674316,0.36500000953674316,370000
2023-10-27,0.36000001430511475,0.38499999046325684,0.3499999940395355,0.36500000953674316,0.36500000953674316,181000
2023-10-30,0.32499998807907104,0.36500000953674316,0.32499998807907104,0.35499998927116394,0.35499998927116394,15000
2023-10-31,0.3499999940395355,0.3499999940395355,0.32499998807907104,0.32499998807907104,0.32499998807907104,354130
2023-11-01,0.36500000953674316,0.36500000953674316,0.32499998807907104,0.33000001311302185,0.33000001311302185,3080000
2023-11-02,0.3400000035762787,0.3499999940395355,0.32499998807907104,0.33000001311302185,0.33000001311302185,2784000
2023-11-03,0.3400000035762787,0.35499998927116394,0.33500000834465027,0.3400000035762787,0.3400000035762787,5263000
2023-11-06,0.36000001430511475,0.36000001430511475,0.33500000834465027,0.3499999940395355,0.3499999940395355,2212000
2023-11-07,0.3499999940395355,0.3499999940395355,0.3499999940395355,0.3499999940395355,0.3499999940395355,0
2023-11-08,0.3400000035762787,0.36000001430511475,0.3100000023841858,0.36000001430511475,0.36000001430511475,1300000
2023-11-09,0.38499999046325684,0.38499999046325684,0.33000001311302185,0.3449999988079071,0.3449999988079071,13000
2023-11-10,0.3149999976158142,0.3499999940395355,0.3149999976158142,0.3499999940395355,0.3499999940395355,7000
2023-11-13,0.3199999928474426,0.3499999940395355,0.3199999928474426,0.3499999940395355,0.3499999940395355,7000
2023-11-14,0.3100000023841858,0.3499999940395355,0.3100000023841858,0.33500000834465027,0.33500000834465027,50000
2023-11-15,0.3499999940395355,0.36000001430511475,0.33000001311302185,0.3449999988079071,0.3449999988079071,6000
2023-11-16,0.32499998807907104,0.36500000953674316,0.36500000953674316,0.35499998927116394,0.35499998927116394,3000
2023-11-17,0.33000001311302185,0.35499998927116394,0.33000001311302185,0.33000001311302185,0.33000001311302185,29694
2023-11-20,0.3199999928474426,0.35499998927116394,0.3199999928474426,0.3449999988079071,0.3449999988079071,4000
2023-11-21,0.3499999940395355,0.3499999940395355,0.33000001311302185,0.33500000834465027,0.33500000834465027,1477000
2023-11-22,0.3149999976158142,0.3499999940395355,0.3149999976158142,0.33500000834465027,0.33500000834465027,3000
2023-11-23,0.33500000834465027,0.3799999952316284,0.3149999976158142,0.3449999988079071,0.3449999988079071,3527000
2023-11-24,0.32499998807907104,0.35499998927116394,0.32499998807907104,0.33500000834465027,0.33500000834465027,1394363
2023-11-27,0.32499998807907104,0.3499999940395355,0.3149999976158142,0.32499998807907104,0.32499998807907104,32862
2023-11-28,0.33000001311302185,0.35499998927116394,0.3199999928474426,0.32499998807907104,0.32499998807907104,132000
2023-11-29,0.32499998807907104,0.33000001311302185,0.3100000023841858,0.3100000023841858,0.3100000023841858,179000
2023-11-30,0.3149999976158142,0.3149999976158142,0.3149999976158142,0.3149999976158142,0.3149999976158142,0
2023-12-01,0.3149999976158142,0.3400000035762787,0.2849999964237213,0.3149999976158142,0.3149999976158142,369000
2023-12-04,0.33000001311302185,0.33000001311302185,0.30000001192092896,0.3050000071525574,0.3050000071525574,188000
2023-12-05,0.3050000071525574,0.3050000071525574,0.3050000071525574,0.3050000071525574,0.3050000071525574,0
2023-12-06,0.3050000071525574,0.32499998807907104,0.29499998688697815,0.29499998688697815,0.29499998688697815,121282
2023-12-07,0.30000001192092896,0.3100000023841858,0.29499998688697815,0.29499998688697815,0.29499998688697815,80000
2023-12-08,0.30000001192092896,0.3100000023841858,0.29499998688697815,0.30000001192092896,0.30000001192092896,35000
2023-12-11,0.28999999165534973,0.30000001192092896,0.2849999964237213,0.2849999964237213,0.2849999964237213,97473
2023-12-12,0.33000001311302185,0.33000001311302185,0.29499998688697815,0.29499998688697815,0.29499998688697815,99000
2023-12-13,0.30000001192092896,0.33000001311302185,0.30000001192092896,0.30000001192092896,0.30000001192092896,19000
2023-12-14,0.3100000023841858,0.3149999976158142,0.30000001192092896,0.30000001192092896,0.30000001192092896,58000
2023-12-15,0.3100000023841858,0.3199999928474426,0.3100000023841858,0.3199999928474426,0.3199999928474426,36000
2023-12-18,0.3100000023841858,0.3100000023841858,0.30000001192092896,0.30000001192092896,0.30000001192092896,17000
2023-12-19,0.28999999165534973,0.32499998807907104,0.28999999165534973,0.30000001192092896,0.30000001192092896,11000
2023-12-20,0.3050000071525574,0.3050000071525574,0.27000001072883606,0.2800000011920929,0.2800000011920929,301000
2023-12-21,0.3199999928474426,0.3199999928474426,0.25999999046325684,0.2849999964237213,0.2849999964237213,26000
2023-12-22,0.32499998807907104,0.32499998807907104,0.25999999046325684,0.2750000059604645,0.2750000059604645,55657
2023-12-27,0.3100000023841858,0.32499998807907104,0.27000001072883606,0.29499998688697815,0.29499998688697815,95396
2023-12-28,0.33000001311302185,0.33000001311302185,0.2849999964237213,0.30000001192092896,0.30000001192092896,410666
2023-12-29,0.30000001192092896,0.3100000023841858,0.29499998688697815,0.29499998688697815,0.29499998688697815,4341000
2024-01-02,0.2800000011920929,0.2800000011920929,0.2800000011920929,0.2800000011920929,0.2800000011920929,40000
2024-01-03,0.2849999964237213,0.3149999976158142,0.2849999964237213,0.3100000023841858,0.3100000023841858,70000
2024-01-04,0.30000001192092896,0.3149999976158142,0.3050000071525574,0.3050000071525574,0.3050000071525574,168000
2024-01-05,0.30000001192092896,0.33000001311302185,0.30000001192092896,0.30000001192092896,0.30000001192092896,1048000
2024-01-08,0.30000001192092896,0.3100000023841858,0.29499998688697815,0.29499998688697815,0.29499998688697815,736000
2024-01-09,0.33000001311302185,0.33000001311302185,0.29499998688697815,0.29499998688697815,0.29499998688697815,1318000
2024-01-10,0.28999999165534973,0.30000001192092896,0.28999999165534973,0.29499998688697815,0.29499998688697815,1097000
2024-01-11,0.30000001192092896,0.3100000023841858,0.29499998688697815,0.3100000023841858,0.3100000023841858,1036000
2024-01-12,0.3100000023841858,0.3100000023841858,0.3100000023841858,0.3100000023841858,0.3100000023841858,0
2024-01-15,0.3100000023841858,0.3100000023841858,0.3100000023841858,0.3100000023841858,0.3100000023841858,0
2024-01-16,0.30000001192092896,0.30000001192092896,0.2849999964237213,0.29499998688697815,0.29499998688697815,37000
2024-01-17,0.2800000011920929,0.2800000011920929,0.2800000011920929,0.2800000011920929,0.2800000011920929,18000
2024-01-18,0.2750000059604645,0.2750000059604645,0.2750000059604645,0.2750000059604645,0.2750000059604645,0
2024-01-19,0.2750000059604645,0.2750000059604645,0.25,0.2549999952316284,0.2549999952316284,469000
2024-01-22,0.2549999952316284,0.2549999952316284,0.2280000001192093,0.2280000001192093,0.2280000001192093,238000
2024-01-23,0.22599999606609344,0.27000001072883606,0.22599999606609344,0.23800000548362732,0.23800000548362732,473000
2024-01-24,0.2549999952316284,0.2800000011920929,0.2549999952316284,0.25999999046325684,0.25999999046325684,119000
2024-01-25,0.27000001072883606,0.28999999165534973,0.25999999046325684,0.27000001072883606,0.27000001072883606,1458402
2024-01-26,0.27000001072883606,0.2800000011920929,0.2549999952316284,0.2750000059604645,0.2750000059604645,105000
2024-01-29,0.27000001072883606,0.2750000059604645,0.2549999952316284,0.25999999046325684,0.25999999046325684,32000
2024-01-30,0.2549999952316284,0.2549999952316284,0.2290000021457672,0.23499999940395355,0.23499999940395355,83000
2024-01-31,0.25,0.25,0.2160000056028366,0.2290000021457672,0.2290000021457672,1016000
2024-02-01,0.25999999046325684,0.25999999046325684,0.25999999046325684,0.25999999046325684,0.25999999046325684,0
2024-02-02,0.25999999046325684,0.25999999046325684,0.25999999046325684,0.25999999046325684,0.25999999046325684,44000
2024-02-05,0.25999999046325684,0.2750000059604645,0.23100000619888306,0.23600000143051147,0.23600000143051147,50000
2024-02-06,0.23100000619888306,0.25999999046325684,0.22699999809265137,0.23899999260902405,0.23899999260902405,2854000
2024-02-07,0.2549999952316284,0.2549999952316284,0.2549999952316284,0.2549999952316284,0.2549999952316284,0
2024-02-08,0.2750000059604645,0.2750000059604645,0.22699999809265137,0.2370000034570694,0.2370000034570694,111000
2024-02-09,0.24300000071525574,0.24300000071525574,0.24300000071525574,0.24300000071525574,0.24300000071525574,0
2024-02-14,0.25,0.25,0.25,0.25,0.25,0
2024-02-15,0.23600000143051147,0.23600000143051147,0.23600000143051147,0.23600000143051147,0.23600000143051147,0
2024-02-16,0.2370000034570694,0.2549999952316284,0.23199999332427979,0.24899999797344208,0.24899999797344208,2554000
2024-02-19,0.2800000011920929,0.2800000011920929,0.22699999809265137,0.22699999809265137,0.22699999809265137,1273000
2024-02-20,0.23000000417232513,0.2370000034570694,0.22699999809265137,0.2370000034570694,0.2370000034570694,206000
2024-02-21,0.24699999392032623,0.2549999952316284,0.2290000021457672,0.2329999953508377,0.2329999953508377,2155000
2024-02-22,0.24899999797344208,0.2549999952316284,0.2290000021457672,0.2549999952316284,0.2549999952316284,502000
2024-02-23,0.25,0.2750000059604645,0.25,0.26499998569488525,0.26499998569488525,148000
2024-02-26,0.2800000011920929,0.28999999165534973,0.27000001072883606,0.2800000011920929,0.2800000011920929,97000
2024-02-27,0.2800000011920929,0.2800000011920929,0.25999999046325684,0.2800000011920929,0.2800000011920929,168000
2024-02-28,0.2800000011920929,0.30000001192092896,0.25,0.2549999952316284,0.2549999952316284,175000
2024-02-29,0.25999999046325684,0.26499998569488525,0.2460000067949295,0.2460000067949295,0.2460000067949295,589000
2024-03-01,0.2549999952316284,0.26499998569488525,0.25,0.25,0.25,127000
2024-03-04,0.2409999966621399,0.24899999797344208,0.23600000143051147,0.24899999797344208,0.24899999797344208,362000
2024-03-05,0.25,0.25,0.23100000619888306,0.24300000071525574,0.24300000071525574,227000
2024-03-06,0.2750000059604645,0.2750000059604645,0.23600000143051147,0.24500000476837158,0.24500000476837158,84000
2024-03-07,0.23899999260902405,0.2549999952316284,0.23800000548362732,0.24400000274181366,0.24400000274181366,293000
2024-03-08,0.2409999966621399,0.2409999966621399,0.23199999332427979,0.23399999737739563,0.23399999737739563,143000
2024-03-11,0.23100000619888306,0.23899999260902405,0.21400000154972076,0.22499999403953552,0.22499999403953552,1534000
2024-03-12,0.24400000274181366,0.24400000274181366,0.20600000023841858,0.22100000083446503,0.22100000083446503,8917000
2024-03-13,0.24300000071525574,0.24300000071525574,0.22300000488758087,0.23000000417232513,0.23000000417232513,330000
2024-03-14,0.2409999966621399,0.2409999966621399,0.20800000429153442,0.2240000069141388,0.2240000069141388,335000
2024-03-15,0.22300000488758087,0.2240000069141388,0.210999995470047,0.21299999952316284,0.21299999952316284,99000
2024-03-18,0.21699999272823334,0.23000000417232513,0.21299999952316284,0.2240000069141388,0.2240000069141388,387000
2024-03-19,0.2240000069141388,0.22599999606609344,0.2150000035762787,0.22599999606609344,0.22599999606609344,135000
2024-03-20,0.2070000022649765,0.2240000069141388,0.20399999618530273,0.2150000035762787,0.2150000035762787,137000
2024-03-21,0.23800000548362732,0.23800000548362732,0.20100000500679016,0.21699999272823334,0.21699999272823334,998000
2024-03-22,0.23600000143051147,0.23600000143051147,0.20600000023841858,0.21699999272823334,0.21699999272823334,99000
2024-03-25,0.21400000154972076,0.2199999988079071,0.20100000500679016,0.21400000154972076,0.21400000154972076,196000
2024-03-26,0.20999999344348907,0.21199999749660492,0.20200000703334808,0.20600000023841858,0.20600000023841858,242000
2024-03-27,0.23100000619888306,0.23100000619888306,0.20000000298023224,0.22100000083446503,0.22100000083446503,286000
2024-03-28,0.2199999988079071,0.2199999988079071,0.20000000298023224,0.20200000703334808,0.20200000703334808,177000
2024-04-02,0.21899999678134918,0.21899999678134918,0.1860000044107437,0.19200000166893005,0.19200000166893005,309000
2024-04-03,0.19200000166893005,0.210999995470047,0.18299999833106995,0.1940000057220459,0.1940000057220459,181000
2024-04-05,0.18799999356269836,0.19499999284744263,0.18799999356269836,0.19300000369548798,0.19300000369548798,25000
2024-04-08,0.19300000369548798,0.20600000023841858,0.18400000035762787,0.1940000057220459,0.1940000057220459,200619
2024-04-09,0.1940000057220459,0.1940000057220459,0.1899999976158142,0.1899999976158142,0.1899999976158142,15000
2024-04-10,0.19599999487400055,0.19900000095367432,0.19200000166893005,0.19499999284744263,0.19499999284744263,235000
2024-04-11,0.19900000095367432,0.20000000298023224,0.16899999976158142,0.17800000309944153,0.17800000309944153,891000
2024-04-12,0.17499999701976776,0.20000000298023224,0.15199999511241913,0.17100000381469727,0.17100000381469727,1840000
2024-04-15,0.16500000655651093,0.1860000044107437,0.1599999964237213,0.17599999904632568,0.17599999904632568,485000
2024-04-16,0.16599999368190765,0.17800000309944153,0.16599999368190765,0.17800000309944153,0.17800000309944153,64000
2024-04-17,0.17399999499320984,0.1860000044107437,0.1679999977350235,0.17000000178813934,0.17000000178813934,814000
2024-04-18,0.17000000178813934,0.1770000010728836,0.164000004529953,0.17100000381469727,0.17100000381469727,900000
2024-04-19,0.18400000035762787,0.18400000035762787,0.15800000727176666,0.17000000178813934,0.17000000178813934,255000
2024-04-22,0.16300000250339508,0.17299999296665192,0.1589999943971634,0.1599999964237213,0.1599999964237213,202000
2024-04-23,0.17000000178813934,0.17000000178813934,0.15600000321865082,0.16899999976158142,0.16899999976158142,250000
2024-04-24,0.1720000058412552,0.17499999701976776,0.1589999943971634,0.17000000178813934,0.17000000178813934,312000
2024-04-25,0.1679999977350235,0.1679999977350235,0.1679999977350235,0.1679999977350235,0.1679999977350235,0
2024-04-26,0.17900000512599945,0.17900000512599945,0.15199999511241913,0.1679999977350235,0.1679999977350235,523000
2024-04-29,0.16699999570846558,0.1809999942779541,0.16300000250339508,0.16699999570846558,0.16699999570846558,5408000
2024-04-30,0.17599999904632568,0.1809999942779541,0.1720000058412552,0.17399999499320984,0.17399999499320984,272000
2024-05-02,0.18000000715255737,0.18299999833106995,0.17000000178813934,0.17800000309944153,0.17800000309944153,3070135
2024-05-03,0.19900000095367432,0.19900000095367432,0.18000000715255737,0.1860000044107437,0.1860000044107437,443000
2024-05-06,0.18700000643730164,0.19300000369548798,0.17399999499320984,0.17499999701976776,0.17499999701976776,953000
2024-05-07,0.17000000178813934,0.18400000035762787,0.16899999976158142,0.17399999499320984,0.17399999499320984,1199000
2024-05-08,0.17800000309944153,0.17900000512599945,0.16599999368190765,0.17100000381469727,0.17100000381469727,1121000
2024-05-09,0.1720000058412552,0.1850000023841858,0.1720000058412552,0.18400000035762787,0.18400000035762787,1786000
2024-05-10,0.1860000044107437,0.210999995470047,0.1809999942779541,0.20399999618530273,0.20399999618530273,3787000
2024-05-13,0.20999999344348907,0.24300000071525574,0.20499999821186066,0.23899999260902405,0.23899999260902405,1313000
2024-05-14,0.22100000083446503,0.27000001072883606,0.22100000083446503,0.23000000417232513,0.23000000417232513,1253000
2024-05-16,0.22100000083446503,0.2849999964237213,0.22100000083446503,0.2750000059604645,0.2750000059604645,5258030
2024-05-17,0.2849999964237213,0.3050000071525574,0.25999999046325684,0.3050000071525574,0.3050000071525574,2173000
2024-05-20,0.30000001192092896,0.3100000023841858,0.2800000011920929,0.28999999165534973,0.28999999165534973,489000
2024-05-21,0.28999999165534973,0.29499998688697815,0.27000001072883606,0.2750000059604645,0.2750000059604645,495000
2024-05-22,0.26499998569488525,0.3100000023841858,0.26499998569488525,0.27000001072883606,0.27000001072883606,1719000
2024-05-23,0.27000001072883606,0.2800000011920929,0.26499998569488525,0.27000001072883606,0.27000001072883606,195000
2024-05-24,0.3100000023841858,0.3100000023841858,0.25,0.27000001072883606,0.27000001072883606,178000
2024-05-27,0.27000001072883606,0.27000001072883606,0.23999999463558197,0.24899999797344208,0.24899999797344208,1792000
2024-05-28,0.2549999952316284,0.2549999952316284,0.23100000619888306,0.2409999966621399,0.2409999966621399,358000
2024-05-29,0.23899999260902405,0.23899999260902405,0.2199999988079071,0.22499999403953552,0.22499999403953552,693000
2024-05-30,0.22499999403953552,0.23399999737739563,0.21799999475479126,0.2199999988079071,0.2199999988079071,600000
2024-05-31,0.22200000286102295,0.2280000001192093,0.210999995470047,0.21199999749660492,0.21199999749660492,503000
2024-06-03,0.23199999332427979,0.25,0.2199999988079071,0.23499999940395355,0.23499999940395355,1011000
2024-06-04,0.26499998569488525,0.26499998569488525,0.22100000083446503,0.23100000619888306,0.23100000619888306,226000
2024-06-05,0.23100000619888306,0.24899999797344208,0.22200000286102295,0.22499999403953552,0.22499999403953552,118000
2024-06-06,0.2150000035762787,0.22200000286102295,0.2070000022649765,0.21299999952316284,0.21299999952316284,106000
2024-06-07,0.2070000022649765,0.22300000488758087,0.20600000023841858,0.2160000056028366,0.2160000056028366,152000
2024-06-11,0.21699999272823334,0.21699999272823334,0.20399999618530273,0.21699999272823334,0.21699999272823334,10000
2024-06-12,0.210999995470047,0.21299999952316284,0.20499999821186066,0.20600000023841858,0.20600000023841858,213000
2024-06-13,0.20900000631809235,0.20900000631809235,0.20499999821186066,0.20499999821186066,0.20499999821186066,27000
2024-06-14,0.20600000023841858,0.2150000035762787,0.20499999821186066,0.2070000022649765,0.2070000022649765,258000
2024-06-17,0.20600000023841858,0.20800000429153442,0.20200000703334808,0.2029999941587448,0.2029999941587448,465222
2024-06-18,0.2029999941587448,0.20900000631809235,0.19099999964237213,0.19200000166893005,0.19200000166893005,1808000
2024-06-19,0.20800000429153442,0.20800000429153442,0.19499999284744263,0.19499999284744263,0.19499999284744263,339002
2024-06-20,0.19599999487400055,0.19599999487400055,0.19599999487400055,0.19599999487400055,0.19599999487400055,0
2024-06-21,0.20499999821186066,0.21299999952316284,0.1979999989271164,0.1979999989271164,0.1979999989271164,263000
2024-06-24,0.20100000500679016,0.20800000429153442,0.20100000500679016,0.20100000500679016,0.20100000500679016,469000
2024-06-25,0.20100000500679016,0.20100000500679016,0.20100000500679016,0.20100000500679016,0.20100000500679016,0
2024-06-26,0.20399999618530273,0.20999999344348907,0.20399999618530273,0.20499999821186066,0.20499999821186066,60000
2024-06-27,0.20499999821186066,0.20499999821186066,0.20499999821186066,0.20499999821186066,0.20499999821186066,0
2024-06-28,0.20499999821186066,0.20499999821186066,0.1860000044107437,0.1899999976158142,0.1899999976158142,133000
2024-07-02,0.19499999284744263,0.2029999941587448,0.19499999284744263,0.19499999284744263,0.19499999284744263,18000
2024-07-03,0.19699999690055847,0.19699999690055847,0.19699999690055847,0.19699999690055847,0.19699999690055847,0
2024-07-04,0.18400000035762787,0.19300000369548798,0.18400000035762787,0.1860000044107437,0.1860000044107437,23000
2024-07-08,0.18799999356269836,0.18799999356269836,0.18799999356269836,0.18799999356269836,0.18799999356269836,0
2024-07-09,0.18799999356269836,0.18799999356269836,0.18799999356269836,0.18799999356269836,0.18799999356269836,0
2024-07-10,0.18799999356269836,0.18799999356269836,0.18799999356269836,0.18799999356269836,0.18799999356269836,0
2024-07-11,0.20000000298023224,0.20000000298023224,0.20000000298023224,0.20000000298023224,0.20000000298023224,0
2024-07-12,0.2240000069141388,0.2240000069141388,0.1899999976158142,0.21199999749660492,0.21199999749660492,371000
2024-07-15,0.2290000021457672,0.2290000021457672,0.20600000023841858,0.20600000023841858,0.20600000023841858,10759
2024-07-16,0.20600000023841858,0.20600000023841858,0.20600000023841858,0.20600000023841858,0.20600000023841858,0
2024-07-17,0.20999999344348907,0.20999999344348907,0.20999999344348907,0.20999999344348907,0.20999999344348907,12000
2024-07-18,0.2199999988079071,0.2199999988079071,0.19300000369548798,0.20000000298023224,0.20000000298023224,1249000
2024-07-19,0.210999995470047,0.210999995470047,0.20000000298023224,0.20999999344348907,0.20999999344348907,61000
2024-07-22,0.1979999989271164,0.2029999941587448,0.19699999690055847,0.2029999941587448,0.2029999941587448,107000
2024-07-23,0.22599999606609344,0.22599999606609344,0.19900000095367432,0.19900000095367432,0.19900000095367432,80000
2024-07-24,0.19699999690055847,0.20499999821186066,0.18700000643730164,0.1940000057220459,0.1940000057220459,1196000
2024-07-25,0.1889999955892563,0.1889999955892563,0.1889999955892563,0.1889999955892563,0.1889999955892563,23000
2024-07-26,0.1889999955892563,0.1889999955892563,0.18700000643730164,0.18700000643730164,0.18700000643730164,14000
2024-07-29,0.20999999344348907,0.20999999344348907,0.19499999284744263,0.19699999690055847,0.19699999690055847,67000
2024-07-30,0.19599999487400055,0.19599999487400055,0.19200000166893005,0.19200000166893005,0.19200000166893005,23000
2024-07-31,0.19099999964237213,0.20000000298023224,0.1850000023841858,0.20000000298023224,0.20000000298023224,54000
2024-08-01,0.19499999284744263,0.19499999284744263,0.1899999976158142,0.1940000057220459,0.1940000057220459,119000
2024-08-02,0.1940000057220459,0.1940000057220459,0.1940000057220459,0.1940000057220459,0.1940000057220459,0
2024-08-05,0.19300000369548798,0.19300000369548798,0.1850000023841858,0.1850000023841858,0.1850000023841858,59000
2024-08-06,0.18199999630451202,0.18799999356269836,0.1809999942779541,0.18299999833106995,0.18299999833106995,116000
2024-08-07,0.18199999630451202,0.18299999833106995,0.18000000715255737,0.18299999833106995,0.18299999833106995,42000
2024-08-08,0.18400000035762787,0.18700000643730164,0.17499999701976776,0.18000000715255737,0.18000000715255737,617780
2024-08-09,0.18000000715255737,0.1899999976158142,0.18000000715255737,0.18000000715255737,0.18000000715255737,7000
2024-08-12,0.18000000715255737,0.18000000715255737,0.18000000715255737,0.18199999630451202,0.18199999630451202,11000
2024-08-13,0.18700000643730164,0.19599999487400055,0.17800000309944153,0.19599999487400055,0.19599999487400055,108000
2024-08-14,0.19200000166893005,0.19200000166893005,0.19200000166893005,0.19200000166893005,0.19200000166893005,0
2024-08-15,0.1809999942779541,0.1899999976158142,0.17399999499320984,0.18199999630451202,0.18199999630451202,348000
2024-08-16,0.18199999630451202,0.18700000643730164,0.18199999630451202,0.18700000643730164,0.18700000643730164,91000
2024-08-19,0.18199999630451202,0.19699999690055847,0.18199999630451202,0.18199999630451202,0.18199999630451202,5000
2024-08-20,0.1850000023841858,0.19499999284744263,0.1850000023841858,0.19499999284744263,0.19499999284744263,3000
2024-08-21,0.1940000057220459,0.19599999487400055,0.17599999904632568,0.17800000309944153,0.17800000309944153,55000
2024-08-22,0.1860000044107437,0.1860000044107437,0.17499999701976776,0.18199999630451202,0.18199999630451202,99000
2024-08-23,0.18199999630451202,0.18299999833106995,0.17599999904632568,0.17599999904632568,0.17599999904632568,55000
2024-08-26,0.18199999630451202,0.1889999955892563,0.18199999630451202,0.1889999955892563,0.1889999955892563,55000
2024-08-27,0.18700000643730164,0.18799999356269836,0.17599999904632568,0.1850000023841858,0.1850000023841858,77000
2024-08-28,0.1809999942779541,0.1809999942779541,0.1809999942779541,0.1809999942779541,0.1809999942779541,0
2024-08-29,0.1809999942779541,0.19099999964237213,0.1809999942779541,0.19099999964237213,0.19099999964237213,2000
2024-08-30,0.19099999964237213,0.19300000369548798,0.19099999964237213,0.19099999964237213,0.19099999964237213,11000
2024-09-02,0.19499999284744263,0.19699999690055847,0.18299999833106995,0.18299999833106995,0.18299999833106995,58000
2024-09-03,0.1850000023841858,0.21899999678134918,0.1850000023841858,0.20900000631809235,0.20900000631809235,649000
2024-09-04,0.20499999821186066,0.20499999821186066,0.20000000298023224,0.20399999618530273,0.20399999618530273,39000
2024-09-05,0.20399999618530273,0.20399999618530273,0.20399999618530273,0.20399999618530273,0.20399999618530273,0
2024-09-09,0.20399999618530273,0.20399999618530273,0.20399999618530273,0.20399999618530273,0.20399999618530273,0
2024-09-10,0.1860000044107437,0.1940000057220459,0.1860000044107437,0.1940000057220459,0.1940000057220459,11000
2024-09-11,0.1940000057220459,0.1940000057220459,0.1770000010728836,0.1770000010728836,0.1770000010728836,167000
2024-09-12,0.17299999296665192,0.20399999618530273,0.1589999943971634,0.19699999690055847,0.19699999690055847,1399000
2024-09-13,0.18799999356269836,0.18799999356269836,0.18700000643730164,0.18700000643730164,0.18700000643730164,3000
2024-09-16,0.17599999904632568,0.17599999904632568,0.17599999904632568,0.17599999904632568,0.17599999904632568,0
2024-09-17,0.17100000381469727,0.19599999487400055,0.17100000381469727,0.19599999487400055,0.19599999487400055,2000
2024-09-19,0.19300000369548798,0.19300000369548798,0.19300000369548798,0.19200000166893005,0.19200000166893005,2000
2024-09-20,0.19200000166893005,0.20000000298023224,0.17100000381469727,0.19300000369548798,0.19300000369548798,11000
2024-09-23,0.19099999964237213,0.19099999964237213,0.19099999964237213,0.19099999964237213,0.19099999964237213,0
2024-09-24,0.19099999964237213,0.19599999487400055,0.18299999833106995,0.19599999487400055,0.19599999487400055,176000
2024-09-25,0.20900000631809235,0.20999999344348907,0.18400000035762787,0.18400000035762787,0.18400000035762787,2387480
2024-09-26,0.17800000309944153,0.19900000095367432,0.17800000309944153,0.19499999284744263,0.19499999284744263,2163000
2024-09-27,0.2150000035762787,0.21699999272823334,0.19900000095367432,0.20100000500679016,0.20100000500679016,3363000
2024-09-30,0.22499999403953552,0.26499998569488525,0.22499999403953552,0.26499998569488525,0.26499998569488525,4577080
2024-10-02,0.2849999964237213,0.38499999046325684,0.26499998569488525,0.36500000953674316,0.36500000953674316,10258000
2024-10-03,0.39500001072883606,0.42500001192092896,0.33000001311302185,0.36500000953674316,0.36500000953674316,4746000
2024-10-04,0.36000001430511475,0.38999998569488525,0.3449999988079071,0.3700000047683716,0.3700000047683716,1454000
2024-10-07,0.3499999940395355,0.3799999952316284,0.3199999928474426,0.35499998927116394,0.35499998927116394,2473000
2024-10-08,0.35499998927116394,0.35499998927116394,0.2549999952316284,0.2549999952316284,0.2549999952316284,2496000
2024-10-09,0.28999999165534973,0.28999999165534973,0.23000000417232513,0.23999999463558197,0.23999999463558197,657000
2024-10-10,0.25,0.26499998569488525,0.23800000548362732,0.2549999952316284,0.2549999952316284,232356
2024-10-14,0.24699999392032623,0.2849999964237213,0.2460000067949295,0.25999999046325684,0.25999999046325684,100000
2024-10-15,0.25999999046325684,0.27000001072883606,0.2409999966621399,0.24199999868869781,0.24199999868869781,83000
2024-10-16,0.2800000011920929,0.2800000011920929,0.25,0.2750000059604645,0.2750000059604645,252395
2024-10-17,0.27000001072883606,0.27000001072883606,0.23899999260902405,0.23999999463558197,0.23999999463558197,400000
2024-10-18,0.23999999463558197,0.25,0.23899999260902405,0.24300000071525574,0.24300000071525574,411000
2024-10-21,0.25,0.2549999952316284,0.2329999953508377,0.23499999940395355,0.23499999940395355,589000
2024-10-22,0.23600000143051147,0.25,0.23499999940395355,0.24899999797344208,0.24899999797344208,71000
2024-10-23,0.25,0.2549999952316284,0.23999999463558197,0.23999999463558197,0.23999999463558197,64000
2024-10-24,0.23999999463558197,0.23999999463558197,0.23999999463558197,0.23999999463558197,0.23999999463558197,0
2024-10-25,0.24400000274181366,0.24500000476837158,0.23999999463558197,0.24500000476837158,0.24500000476837158,48000
2024-10-28,0.23999999463558197,0.24500000476837158,0.2370000034570694,0.2370000034570694,0.2370000034570694,123000
2024-10-29,0.23999999463558197,0.24400000274181366,0.23999999463558197,0.23999999463558197,0.23999999463558197,16000
2024-10-30,0.23100000619888306,0.23999999463558197,0.2280000001192093,0.23600000143051147,0.23600000143051147,467000
2024-10-31,0.23399999737739563,0.23399999737739563,0.2029999941587448,0.2280000001192093,0.2280000001192093,299000
2024-11-01,0.2150000035762787,0.22200000286102295,0.20900000631809235,0.22100000083446503,0.22100000083446503,818000
2024-11-04,0.21199999749660492,0.21400000154972076,0.2029999941587448,0.20499999821186066,0.20499999821186066,2522000
2024-11-05,0.20000000298023224,0.20000000298023224,0.18400000035762787,0.18400000035762787,0.18400000035762787,36224000
2024-11-06,0.18400000035762787,0.18799999356269836,0.17000000178813934,0.17100000381469727,0.17100000381469727,7401000
2024-11-07,0.17000000178813934,0.18000000715255737,0.16500000655651093,0.1679999977350235,0.1679999977350235,21137080
