Date,Open,High,Low,Close,Adj Close,Volume
2020-01-14,0.9800000190734863,1.25,0.8899999856948853,1.090000033378601,1.090000033378601,78444000
2020-01-15,1.100000023841858,1.1200000047683716,1.0399999618530273,1.059999942779541,1.059999942779541,27778000
2020-01-16,1.0700000524520874,1.0800000429153442,1.0,1.0199999809265137,1.0199999809265137,2908000
2020-01-17,1.0399999618530273,1.0399999618530273,0.9599999785423279,0.9900000095367432,0.9900000095367432,1990000
2020-01-20,0.9900000095367432,1.059999942779541,0.9900000095367432,1.059999942779541,1.059999942779541,1160000
2020-01-21,1.0700000524520874,1.1299999952316284,1.059999942779541,1.0700000524520874,1.0700000524520874,2888000
2020-01-22,1.0800000429153442,1.0800000429153442,1.0399999618530273,1.0499999523162842,1.0499999523162842,4120000
2020-01-23,1.059999942779541,1.059999942779541,1.0,1.0199999809265137,1.0199999809265137,2130000
2020-01-24,1.0199999809265137,1.059999942779541,1.0,1.059999942779541,1.059999942779541,1424000
2020-01-29,1.0399999618530273,1.0499999523162842,1.0099999904632568,1.0399999618530273,1.0399999618530273,1578000
2020-01-30,1.0299999713897705,1.0299999713897705,1.0,1.0199999809265137,1.0199999809265137,496000
2020-01-31,1.0099999904632568,1.0199999809265137,1.0099999904632568,1.0199999809265137,1.0199999809265137,1696000
2020-02-03,1.0199999809265137,1.0199999809265137,1.0,1.0099999904632568,1.0099999904632568,1098000
2020-02-04,1.0199999809265137,1.0199999809265137,1.0,1.0099999904632568,1.0099999904632568,1150000
2020-02-05,1.0199999809265137,1.0199999809265137,0.9800000190734863,1.0099999904632568,1.0099999904632568,1944000
2020-02-06,1.0099999904632568,1.0399999618530273,1.0,1.0199999809265137,1.0199999809265137,1912000
2020-02-07,1.0199999809265137,1.0199999809265137,1.0099999904632568,1.0199999809265137,1.0199999809265137,2620000
2020-02-10,1.0099999904632568,1.0499999523162842,1.0,1.0299999713897705,1.0299999713897705,1464000
2020-02-11,1.0199999809265137,1.0399999618530273,1.0199999809265137,1.0199999809265137,1.0199999809265137,726000
2020-02-12,1.0199999809265137,1.0199999809265137,1.0099999904632568,1.0099999904632568,1.0099999904632568,1864000
2020-02-13,1.0099999904632568,1.0299999713897705,1.0099999904632568,1.0199999809265137,1.0199999809265137,676000
2020-02-14,1.0199999809265137,1.100000023841858,1.0199999809265137,1.059999942779541,1.059999942779541,5222000
2020-02-17,1.059999942779541,1.090000033378601,1.0099999904632568,1.0299999713897705,1.0299999713897705,3060000
2020-02-18,1.0199999809265137,1.059999942779541,1.0199999809265137,1.0499999523162842,1.0499999523162842,1976000
2020-02-19,1.0399999618530273,1.059999942779541,1.0299999713897705,1.0299999713897705,1.0299999713897705,1038000
2020-02-20,1.0399999618530273,1.0499999523162842,1.0099999904632568,1.0399999618530273,1.0399999618530273,2244000
2020-02-21,1.0399999618530273,1.0399999618530273,1.0099999904632568,1.0099999904632568,1.0099999904632568,2262000
2020-02-24,1.0099999904632568,1.0099999904632568,0.949999988079071,0.949999988079071,0.949999988079071,704000
2020-02-25,0.949999988079071,0.949999988079071,0.8799999952316284,0.949999988079071,0.949999988079071,840000
2020-02-26,0.9300000071525574,1.0199999809265137,0.8999999761581421,1.0,1.0,2640000
2020-02-27,1.0,1.0199999809265137,0.9800000190734863,1.0199999809265137,1.0199999809265137,6586000
2020-02-28,1.0099999904632568,1.0299999713897705,0.9900000095367432,1.0299999713897705,1.0299999713897705,798000
2020-03-02,1.0299999713897705,1.0399999618530273,1.0099999904632568,1.0399999618530273,1.0399999618530273,1130000
2020-03-03,1.0399999618530273,1.0399999618530273,1.0199999809265137,1.0199999809265137,1.0199999809265137,3380000
2020-03-04,1.0299999713897705,1.0299999713897705,1.0,1.0199999809265137,1.0199999809265137,2702000
2020-03-05,1.0099999904632568,1.0299999713897705,0.9900000095367432,1.0199999809265137,1.0199999809265137,3962000
2020-03-06,1.0199999809265137,1.0199999809265137,1.0099999904632568,1.0099999904632568,1.0099999904632568,9492000
2020-03-09,1.0199999809265137,1.0199999809265137,0.9800000190734863,1.0199999809265137,1.0199999809265137,1880000
2020-03-10,1.0199999809265137,1.0199999809265137,0.9900000095367432,1.0099999904632568,1.0099999904632568,548000
2020-03-11,1.0099999904632568,1.0199999809265137,0.9900000095367432,1.0,1.0,548000
2020-03-12,1.0,1.0299999713897705,0.9900000095367432,1.0199999809265137,1.0199999809265137,2796000
2020-03-13,1.0099999904632568,1.0299999713897705,1.0,1.0199999809265137,1.0199999809265137,992000
2020-03-16,1.0199999809265137,1.0199999809265137,0.9900000095367432,1.0199999809265137,1.0199999809265137,1946000
2020-03-17,1.0,1.0299999713897705,0.9900000095367432,1.0199999809265137,1.0199999809265137,2440000
2020-03-18,1.0199999809265137,1.0199999809265137,0.9900000095367432,1.0,1.0,600000
2020-03-19,1.0,1.0099999904632568,0.9900000095367432,1.0099999904632568,1.0099999904632568,1660000
2020-03-20,1.0099999904632568,1.0399999618530273,1.0,1.0399999618530273,1.0399999618530273,3340000
2020-03-23,1.0099999904632568,1.0199999809265137,1.0099999904632568,1.0199999809265137,1.0199999809265137,960000
2020-03-24,1.0099999904632568,1.0199999809265137,1.0099999904632568,1.0199999809265137,1.0199999809265137,1988000
2020-03-25,1.0199999809265137,1.0299999713897705,1.0099999904632568,1.0299999713897705,1.0299999713897705,2180000
2020-03-26,1.0299999713897705,1.0299999713897705,1.0099999904632568,1.0099999904632568,1.0099999904632568,3324000
2020-03-27,1.0099999904632568,1.0099999904632568,1.0,1.0099999904632568,1.0099999904632568,1956000
2020-03-30,1.0099999904632568,1.0099999904632568,0.9900000095367432,1.0099999904632568,1.0099999904632568,2532000
2020-03-31,1.0,1.0199999809265137,1.0,1.0199999809265137,1.0199999809265137,2208000
2020-04-01,1.0199999809265137,1.0199999809265137,0.9800000190734863,1.0,1.0,1062000
2020-04-02,1.0,1.0,0.9900000095367432,1.0,1.0,1978000
2020-04-03,0.9700000286102295,0.9800000190734863,0.8899999856948853,0.9300000071525574,0.9300000071525574,4824000
2020-04-06,0.9200000166893005,0.9200000166893005,0.8999999761581421,0.8999999761581421,0.8999999761581421,2470000
2020-04-07,0.9200000166893005,0.9200000166893005,0.8899999856948853,0.8999999761581421,0.8999999761581421,2106000
2020-04-08,0.8899999856948853,0.9100000262260437,0.8799999952316284,0.8999999761581421,0.8999999761581421,1106000
2020-04-09,0.8999999761581421,0.8999999761581421,0.8600000143051147,0.8899999856948853,0.8899999856948853,2378000
2020-04-14,0.8899999856948853,0.9200000166893005,0.8700000047683716,0.9100000262260437,0.9100000262260437,2752000
2020-04-15,0.9100000262260437,0.9100000262260437,0.8899999856948853,0.9100000262260437,0.9100000262260437,1868000
2020-04-16,0.8999999761581421,0.8999999761581421,0.8799999952316284,0.8899999856948853,0.8899999856948853,2124000
2020-04-17,0.8899999856948853,0.8899999856948853,0.8500000238418579,0.8799999952316284,0.8799999952316284,1680000
2020-04-20,0.8799999952316284,0.8799999952316284,0.8600000143051147,0.8799999952316284,0.8799999952316284,1728000
2020-04-21,0.8799999952316284,0.8799999952316284,0.8500000238418579,0.8500000238418579,0.8500000238418579,2084000
2020-04-22,0.8600000143051147,0.8600000143051147,0.8500000238418579,0.8500000238418579,0.8500000238418579,1688000
2020-04-23,0.8500000238418579,0.8500000238418579,0.8500000238418579,0.8500000238418579,0.8500000238418579,2162000
2020-04-24,0.8500000238418579,0.8500000238418579,0.7599999904632568,0.7799999713897705,0.7799999713897705,3220000
2020-04-27,0.7799999713897705,0.800000011920929,0.7699999809265137,0.800000011920929,0.800000011920929,1838000
2020-04-28,0.7799999713897705,0.8500000238418579,0.7699999809265137,0.8500000238418579,0.8500000238418579,3126000
2020-04-29,0.8899999856948853,0.9100000262260437,0.8500000238418579,0.8999999761581421,0.8999999761581421,2546000
2020-05-04,0.8999999761581421,0.8999999761581421,0.8700000047683716,0.8799999952316284,0.8799999952316284,2188000
2020-05-05,0.8999999761581421,0.9200000166893005,0.8899999856948853,0.9100000262260437,0.9100000262260437,2754000
2020-05-06,0.9200000166893005,0.9200000166893005,0.8999999761581421,0.9100000262260437,0.9100000262260437,132000
2020-05-07,0.8999999761581421,0.9100000262260437,0.8199999928474426,0.8999999761581421,0.8999999761581421,2582000
2020-05-08,0.8999999761581421,0.949999988079071,0.8600000143051147,0.8899999856948853,0.8899999856948853,1998000
2020-05-11,0.8899999856948853,0.8999999761581421,0.8600000143051147,0.8799999952316284,0.8799999952316284,1736000
2020-05-12,0.8799999952316284,0.949999988079071,0.8799999952316284,0.9200000166893005,0.9200000166893005,3750000
2020-05-13,0.9100000262260437,0.9399999976158142,0.9100000262260437,0.9200000166893005,0.9200000166893005,1244000
2020-05-14,0.8999999761581421,0.9300000071525574,0.8999999761581421,0.9300000071525574,0.9300000071525574,1612000
2020-05-15,0.9100000262260437,0.9599999785423279,0.9100000262260437,0.949999988079071,0.949999988079071,940000
2020-05-18,0.9399999976158142,0.9700000286102295,0.9200000166893005,0.949999988079071,0.949999988079071,1270000
2020-05-19,0.9399999976158142,0.9800000190734863,0.9200000166893005,0.949999988079071,0.949999988079071,434000
2020-05-20,0.9399999976158142,0.9399999976158142,0.8899999856948853,0.8999999761581421,0.8999999761581421,2188000
2020-05-21,0.8899999856948853,0.9100000262260437,0.8899999856948853,0.8999999761581421,0.8999999761581421,2262000
2020-05-22,0.8999999761581421,0.8999999761581421,0.8500000238418579,0.8799999952316284,0.8799999952316284,1268000
2020-05-25,0.8700000047683716,0.9200000166893005,0.8700000047683716,0.8999999761581421,0.8999999761581421,1206000
2020-05-26,0.9700000286102295,0.9700000286102295,0.9200000166893005,0.9200000166893005,0.9200000166893005,1584000
2020-05-27,0.8999999761581421,0.9200000166893005,0.8899999856948853,0.8899999856948853,0.8899999856948853,1350000
2020-05-28,0.8899999856948853,0.949999988079071,0.8799999952316284,0.8999999761581421,0.8999999761581421,1850000
2020-05-29,0.8999999761581421,1.0299999713897705,0.8999999761581421,1.0199999809265137,1.0199999809265137,3298000
2020-06-01,1.0399999618530273,1.059999942779541,0.949999988079071,0.949999988079071,0.949999988079071,3140000
2020-06-02,1.0,1.0499999523162842,0.9300000071525574,0.9399999976158142,0.9399999976158142,2708000
2020-06-03,0.9300000071525574,0.9300000071525574,0.8899999856948853,0.8999999761581421,0.8999999761581421,650000
2020-06-04,0.9200000166893005,0.9200000166893005,0.8799999952316284,0.9200000166893005,0.9200000166893005,2602000
2020-06-05,0.9200000166893005,0.9300000071525574,0.9100000262260437,0.9300000071525574,0.9300000071525574,1598000
2020-06-08,0.8999999761581421,0.949999988079071,0.8999999761581421,0.9300000071525574,0.9300000071525574,676000
2020-06-09,0.9200000166893005,0.9300000071525574,0.9100000262260437,0.9300000071525574,0.9300000071525574,468000
2020-06-10,0.9200000166893005,0.9200000166893005,0.8799999952316284,0.9100000262260437,0.9100000262260437,812000
2020-06-11,0.9100000262260437,0.9100000262260437,0.8799999952316284,0.8999999761581421,0.8999999761581421,1248000
2020-06-12,0.8999999761581421,0.9900000095367432,0.8999999761581421,0.9700000286102295,0.9700000286102295,1246000
2020-06-15,1.0,1.0,0.8999999761581421,0.9300000071525574,0.9300000071525574,1382000
2020-06-16,0.9200000166893005,0.9200000166893005,0.8899999856948853,0.8999999761581421,0.8999999761581421,1496000
2020-06-17,0.9100000262260437,0.9100000262260437,0.8899999856948853,0.8899999856948853,0.8899999856948853,498000
2020-06-18,0.8999999761581421,0.8999999761581421,0.8899999856948853,0.8899999856948853,0.8899999856948853,1298000
2020-06-19,0.8899999856948853,0.8899999856948853,0.8899999856948853,0.8899999856948853,0.8899999856948853,1420000
2020-06-22,0.8899999856948853,0.8899999856948853,0.8899999856948853,0.8899999856948853,0.8899999856948853,1648000
2020-06-23,0.8899999856948853,0.8999999761581421,0.8700000047683716,0.8999999761581421,0.8999999761581421,2636000
2020-06-24,0.8999999761581421,0.9200000166893005,0.8899999856948853,0.9200000166893005,0.9200000166893005,1214000
2020-06-26,0.9300000071525574,0.9599999785423279,0.9200000166893005,0.9200000166893005,0.9200000166893005,1470000
2020-06-29,0.9399999976158142,0.949999988079071,0.8100000023841858,0.9399999976158142,0.9399999976158142,4474000
2020-06-30,0.9399999976158142,1.0099999904632568,0.9399999976158142,1.0,1.0,2818000
2020-07-02,1.0099999904632568,1.0299999713897705,1.0,1.0099999904632568,1.0099999904632568,684000
2020-07-03,1.0,1.0,0.9599999785423279,0.9900000095367432,0.9900000095367432,1450000
2020-07-06,0.9700000286102295,1.0,0.9700000286102295,0.9800000190734863,0.9800000190734863,590000
2020-07-07,1.0199999809265137,1.0399999618530273,0.9900000095367432,1.0,1.0,238000
2020-07-08,0.9800000190734863,1.0199999809265137,0.9800000190734863,1.0,1.0,254000
2020-07-09,1.0199999809265137,1.0199999809265137,0.9800000190734863,1.0,1.0,188000
2020-07-10,1.0,1.0199999809265137,0.9599999785423279,1.0099999904632568,1.0099999904632568,1236000
2020-07-13,0.9800000190734863,1.0099999904632568,0.9700000286102295,0.9700000286102295,0.9700000286102295,1518000
2020-07-14,0.949999988079071,0.949999988079071,0.9100000262260437,0.9200000166893005,0.9200000166893005,1362000
2020-07-15,1.0099999904632568,1.0099999904632568,0.9300000071525574,0.9399999976158142,0.9399999976158142,2910000
2020-07-16,0.9700000286102295,0.9700000286102295,0.9399999976158142,0.9599999785423279,0.9599999785423279,636000
2020-07-17,1.0,1.0,0.949999988079071,0.949999988079071,0.949999988079071,340000
2020-07-20,0.9900000095367432,0.9900000095367432,0.9100000262260437,0.949999988079071,0.949999988079071,1526000
2020-07-21,0.9800000190734863,0.9800000190734863,0.9200000166893005,0.9300000071525574,0.9300000071525574,904000
2020-07-22,0.9900000095367432,0.9900000095367432,0.9100000262260437,0.9399999976158142,0.9399999976158142,594000
2020-07-23,0.949999988079071,0.9900000095367432,0.9300000071525574,0.9700000286102295,0.9700000286102295,1090000
2020-07-24,0.9900000095367432,0.9900000095367432,0.9200000166893005,0.9200000166893005,0.9200000166893005,842000
2020-07-27,0.9399999976158142,0.949999988079071,0.9100000262260437,0.949999988079071,0.949999988079071,2752000
2020-07-28,0.9599999785423279,0.9700000286102295,0.949999988079071,0.949999988079071,0.949999988079071,1032000
2020-07-29,0.949999988079071,0.9599999785423279,0.9399999976158142,0.9399999976158142,0.9399999976158142,158000
2020-07-30,0.9800000190734863,0.9800000190734863,0.9399999976158142,0.9399999976158142,0.9399999976158142,516000
2020-07-31,0.9800000190734863,0.9800000190734863,0.9399999976158142,0.9399999976158142,0.9399999976158142,2012000
2020-08-03,0.9399999976158142,1.059999942779541,0.9399999976158142,1.0299999713897705,1.0299999713897705,1058000
2020-08-04,1.059999942779541,1.059999942779541,1.0,1.0399999618530273,1.0399999618530273,342000
2020-08-05,1.0499999523162842,1.0499999523162842,1.0,1.0299999713897705,1.0299999713897705,328000
2020-08-06,1.0499999523162842,1.0499999523162842,0.9700000286102295,0.9900000095367432,0.9900000095367432,770000
2020-08-07,1.0299999713897705,1.0299999713897705,0.9900000095367432,1.0,1.0,756000
2020-08-10,1.0299999713897705,1.0299999713897705,1.0,1.0099999904632568,1.0099999904632568,490000
2020-08-11,1.0299999713897705,1.0299999713897705,0.9900000095367432,1.0,1.0,228000
2020-08-12,1.0,1.0,0.9900000095367432,0.9900000095367432,0.9900000095367432,594000
2020-08-13,1.0,1.0,0.9300000071525574,0.9700000286102295,0.9700000286102295,160000
2020-08-14,0.9900000095367432,1.0,0.9700000286102295,0.9700000286102295,0.9700000286102295,510000
2020-08-17,0.9599999785423279,0.9800000190734863,0.949999988079071,0.9599999785423279,0.9599999785423279,124000
2020-08-18,0.9900000095367432,1.0,0.9300000071525574,0.9700000286102295,0.9700000286102295,364000
2020-08-19,0.9599999785423279,0.9599999785423279,0.949999988079071,0.949999988079071,0.949999988079071,318000
2020-08-20,0.9700000286102295,0.9700000286102295,0.9300000071525574,0.9300000071525574,0.9300000071525574,414000
2020-08-21,0.949999988079071,0.949999988079071,0.949999988079071,0.949999988079071,0.949999988079071,480000
2020-08-24,0.9599999785423279,0.9599999785423279,0.9300000071525574,0.949999988079071,0.949999988079071,566000
2020-08-25,0.9399999976158142,0.9399999976158142,0.8500000238418579,0.9200000166893005,0.9200000166893005,600000
2020-08-26,0.9200000166893005,0.9300000071525574,0.9100000262260437,0.9200000166893005,0.9200000166893005,338000
2020-08-27,0.9300000071525574,1.0,0.9200000166893005,0.9300000071525574,0.9300000071525574,868000
2020-08-28,0.9399999976158142,0.9399999976158142,0.8999999761581421,0.9300000071525574,0.9300000071525574,600000
2020-08-31,0.9700000286102295,0.9700000286102295,0.8999999761581421,0.9399999976158142,0.9399999976158142,928000
2020-09-01,0.9700000286102295,0.9700000286102295,0.9300000071525574,0.9399999976158142,0.9399999976158142,310000
2020-09-02,0.9700000286102295,0.9700000286102295,0.9399999976158142,0.949999988079071,0.949999988079071,296000
2020-09-03,0.9800000190734863,0.9800000190734863,0.9200000166893005,0.949999988079071,0.949999988079071,494000
2020-09-04,0.9800000190734863,0.9800000190734863,0.9300000071525574,0.949999988079071,0.949999988079071,742000
2020-09-07,0.949999988079071,0.9900000095367432,0.9300000071525574,0.9399999976158142,0.9399999976158142,1474000
2020-09-08,0.9599999785423279,0.9599999785423279,0.9300000071525574,0.949999988079071,0.949999988079071,316000
2020-09-09,0.949999988079071,0.9700000286102295,0.8899999856948853,0.9100000262260437,0.9100000262260437,1062000
2020-09-10,0.9200000166893005,0.9200000166893005,0.9100000262260437,0.9100000262260437,0.9100000262260437,374000
2020-09-11,0.9100000262260437,0.9200000166893005,0.8700000047683716,0.8999999761581421,0.8999999761581421,1662000
2020-09-14,0.9100000262260437,0.9200000166893005,0.8999999761581421,0.9100000262260437,0.9100000262260437,892000
2020-09-15,0.9200000166893005,0.9300000071525574,0.9200000166893005,0.9200000166893005,0.9200000166893005,402000
2020-09-16,0.949999988079071,0.949999988079071,0.9100000262260437,0.9200000166893005,0.9200000166893005,366000
2020-09-17,0.9599999785423279,0.9599999785423279,0.8999999761581421,0.9100000262260437,0.9100000262260437,314000
2020-09-18,0.9399999976158142,0.9399999976158142,0.8700000047683716,0.9100000262260437,0.9100000262260437,1032000
2020-09-21,0.9200000166893005,0.9200000166893005,0.8799999952316284,0.9100000262260437,0.9100000262260437,1196000
2020-09-22,0.9100000262260437,0.9100000262260437,0.9100000262260437,0.9100000262260437,0.9100000262260437,276000
2020-09-23,0.9100000262260437,0.9100000262260437,0.8500000238418579,0.8999999761581421,0.8999999761581421,778000
2020-09-24,0.8999999761581421,0.8999999761581421,0.8799999952316284,0.8899999856948853,0.8899999856948853,248000
2020-09-25,0.8899999856948853,0.8899999856948853,0.8399999737739563,0.8600000143051147,0.8600000143051147,1222000
2020-09-28,0.8799999952316284,0.9300000071525574,0.8799999952316284,0.9100000262260437,0.9100000262260437,388000
2020-09-29,0.9399999976158142,0.9399999976158142,0.8700000047683716,0.9100000262260437,0.9100000262260437,182000
2020-09-30,0.8999999761581421,0.8999999761581421,0.8700000047683716,0.8799999952316284,0.8799999952316284,342000
2020-10-05,0.9300000071525574,0.9300000071525574,0.8799999952316284,0.8899999856948853,0.8899999856948853,706000
2020-10-06,0.8999999761581421,0.8999999761581421,0.8899999856948853,0.8999999761581421,0.8999999761581421,312000
2020-10-07,0.8899999856948853,0.9100000262260437,0.8899999856948853,0.8899999856948853,0.8899999856948853,330000
2020-10-08,0.8999999761581421,0.8999999761581421,0.8899999856948853,0.8999999761581421,0.8999999761581421,376000
2020-10-09,0.8999999761581421,0.9100000262260437,0.8500000238418579,0.8700000047683716,0.8700000047683716,582000
2020-10-12,0.8799999952316284,0.9300000071525574,0.8799999952316284,0.9100000262260437,0.9100000262260437,390000
2020-10-14,0.8999999761581421,0.9399999976158142,0.8999999761581421,0.9100000262260437,0.9100000262260437,292000
2020-10-15,0.9200000166893005,0.9200000166893005,0.8799999952316284,0.8899999856948853,0.8899999856948853,418000
2020-10-16,0.9100000262260437,0.9200000166893005,0.8899999856948853,0.8999999761581421,0.8999999761581421,2094000
2020-10-19,0.949999988079071,0.949999988079071,0.8999999761581421,0.8999999761581421,0.8999999761581421,624000
2020-10-20,0.9200000166893005,0.949999988079071,0.9100000262260437,0.949999988079071,0.949999988079071,1248000
2020-10-21,0.949999988079071,1.0,0.9399999976158142,1.0,1.0,1008000
2020-10-22,1.0199999809265137,1.059999942779541,1.0,1.0299999713897705,1.0299999713897705,1030000
2020-10-23,1.059999942779541,1.059999942779541,0.9599999785423279,1.0,1.0,1222000
2020-10-27,1.0199999809265137,1.0299999713897705,0.9800000190734863,1.0,1.0,1146000
2020-10-28,1.0199999809265137,1.059999942779541,1.0,1.0099999904632568,1.0099999904632568,1074000
2020-10-29,1.0299999713897705,1.0299999713897705,0.9900000095367432,1.0099999904632568,1.0099999904632568,1046000
2020-10-30,1.0199999809265137,1.0499999523162842,1.0,1.0199999809265137,1.0199999809265137,1442000
2020-11-02,1.059999942779541,1.2300000190734863,1.0399999618530273,1.2100000381469727,1.2100000381469727,2090000
2020-11-03,1.190000057220459,1.4500000476837158,1.190000057220459,1.4500000476837158,1.4500000476837158,3196000
2020-11-04,1.4600000381469727,1.5199999809265137,1.3899999856948853,1.4199999570846558,1.4199999570846558,1166000
2020-11-05,1.4199999570846558,1.4500000476837158,1.2899999618530273,1.340000033378601,1.340000033378601,1586000
2020-11-06,1.3799999952316284,1.3799999952316284,1.2599999904632568,1.309999942779541,1.309999942779541,1458000
2020-11-09,1.3600000143051147,1.3600000143051147,1.2899999618530273,1.3200000524520874,1.3200000524520874,920000
2020-11-10,1.340000033378601,1.340000033378601,1.2699999809265137,1.2799999713897705,1.2799999713897705,1086000
2020-11-11,1.340000033378601,1.3700000047683716,1.2899999618530273,1.3700000047683716,1.3700000047683716,914000
2020-11-12,1.3799999952316284,1.4500000476837158,1.3300000429153442,1.3700000047683716,1.3700000047683716,834000
2020-11-13,1.4299999475479126,1.4299999475479126,1.3899999856948853,1.3899999856948853,1.3899999856948853,892000
2020-11-16,1.399999976158142,1.440000057220459,1.350000023841858,1.3700000047683716,1.3700000047683716,672000
2020-11-17,1.3899999856948853,1.4900000095367432,1.1299999952316284,1.340000033378601,1.340000033378601,2318000
2020-11-18,1.4199999570846558,1.4199999570846558,1.2999999523162842,1.340000033378601,1.340000033378601,1628000
2020-11-19,1.3899999856948853,1.399999976158142,1.309999942779541,1.3300000429153442,1.3300000429153442,992000
2020-11-20,1.3700000047683716,1.3700000047683716,1.2999999523162842,1.3300000429153442,1.3300000429153442,1364000
2020-11-23,1.3700000047683716,1.3700000047683716,1.25,1.3300000429153442,1.3300000429153442,1360000
2020-11-24,1.350000023841858,1.350000023841858,1.2999999523162842,1.340000033378601,1.340000033378601,2424000
2020-11-25,1.3300000429153442,1.340000033378601,1.2899999618530273,1.340000033378601,1.340000033378601,758000
2020-11-26,1.350000023841858,1.350000023841858,1.2899999618530273,1.2999999523162842,1.2999999523162842,450000
2020-11-27,1.3200000524520874,1.3200000524520874,1.2899999618530273,1.2899999618530273,1.2899999618530273,1862000
2020-11-30,1.3200000524520874,1.3200000524520874,1.2899999618530273,1.2999999523162842,1.2999999523162842,644000
2020-12-01,1.309999942779541,1.309999942779541,1.2699999809265137,1.2799999713897705,1.2799999713897705,652000
2020-12-02,1.2899999618530273,1.2999999523162842,1.25,1.2799999713897705,1.2799999713897705,2232000
2020-12-03,1.2599999904632568,1.2799999713897705,1.2000000476837158,1.2200000286102295,1.2200000286102295,1522000
2020-12-04,1.2100000381469727,1.2400000095367432,1.190000057220459,1.2000000476837158,1.2000000476837158,738000
2020-12-07,1.1799999475479126,1.2699999809265137,1.1299999952316284,1.2699999809265137,1.2699999809265137,3328000
2020-12-08,1.2899999618530273,1.350000023841858,1.2899999618530273,1.3200000524520874,1.3200000524520874,2962000
2020-12-09,1.350000023841858,1.350000023841858,1.2300000190734863,1.2300000190734863,1.2300000190734863,744000
2020-12-10,1.340000033378601,1.340000033378601,1.2000000476837158,1.2300000190734863,1.2300000190734863,1920000
2020-12-11,1.2899999618530273,1.2899999618530273,1.1799999475479126,1.2100000381469727,1.2100000381469727,4746000
2020-12-14,1.2899999618530273,1.2899999618530273,1.2100000381469727,1.2300000190734863,1.2300000190734863,2200000
2020-12-15,1.25,1.3300000429153442,1.2300000190734863,1.2899999618530273,1.2899999618530273,1218000
2020-12-16,1.3300000429153442,1.3300000429153442,1.2899999618530273,1.2899999618530273,1.2899999618530273,1290000
2020-12-17,1.309999942779541,1.7200000286102295,1.2899999618530273,1.6399999856948853,1.6399999856948853,20092000
2020-12-18,1.7400000095367432,1.7999999523162842,1.6299999952316284,1.690000057220459,1.690000057220459,8000000
2020-12-21,1.6799999475479126,1.8600000143051147,1.6799999475479126,1.7699999809265137,1.7699999809265137,4014000
2020-12-22,1.7699999809265137,1.7699999809265137,1.6399999856948853,1.7000000476837158,1.7000000476837158,802000
2020-12-23,1.7000000476837158,1.850000023841858,1.7000000476837158,1.7999999523162842,1.7999999523162842,1138000
2020-12-24,1.7400000095367432,1.7400000095367432,1.7400000095367432,1.7400000095367432,1.7400000095367432,0
2020-12-28,1.7599999904632568,1.7899999618530273,1.7300000190734863,1.7400000095367432,1.7400000095367432,1050000
2020-12-29,1.7000000476837158,1.7100000381469727,1.600000023841858,1.649999976158142,1.649999976158142,1618000
2020-12-30,1.6299999952316284,1.7000000476837158,1.600000023841858,1.600000023841858,1.600000023841858,624000
2020-12-31,1.659999966621399,1.659999966621399,1.659999966621399,1.659999966621399,1.659999966621399,0
2021-01-04,1.7699999809265137,1.7699999809265137,1.659999966621399,1.690000057220459,1.690000057220459,876000
2021-01-05,1.6799999475479126,1.840000033378601,1.6399999856948853,1.7799999713897705,1.7799999713897705,1590100
2021-01-06,1.7699999809265137,1.7799999713897705,1.7100000381469727,1.7699999809265137,1.7699999809265137,462300
2021-01-07,1.7699999809265137,1.7899999618530273,1.7000000476837158,1.7400000095367432,1.7400000095367432,1316000
2021-01-08,1.7300000190734863,1.7799999713897705,1.6799999475479126,1.7000000476837158,1.7000000476837158,1364000
2021-01-11,1.690000057220459,1.7200000286102295,1.600000023841858,1.600000023841858,1.600000023841858,1522000
2021-01-12,1.6100000143051147,1.6399999856948853,1.5099999904632568,1.6399999856948853,1.6399999856948853,866000
2021-01-13,1.649999976158142,1.6799999475479126,1.6200000047683716,1.6399999856948853,1.6399999856948853,278050
2021-01-14,1.649999976158142,1.649999976158142,1.5700000524520874,1.600000023841858,1.600000023841858,606000
2021-01-15,1.5800000429153442,1.6200000047683716,1.5199999809265137,1.590000033378601,1.590000033378601,1536000
2021-01-18,1.6200000047683716,1.649999976158142,1.5700000524520874,1.649999976158142,1.649999976158142,1578000
2021-01-19,1.6399999856948853,1.649999976158142,1.5499999523162842,1.649999976158142,1.649999976158142,1490000
2021-01-20,1.5800000429153442,1.600000023841858,1.559999942779541,1.5700000524520874,1.5700000524520874,930000
2021-01-21,1.5399999618530273,1.649999976158142,1.5399999618530273,1.6399999856948853,1.6399999856948853,368050
2021-01-22,1.6299999952316284,1.6299999952316284,1.5499999523162842,1.590000033378601,1.590000033378601,658000
2021-01-25,1.6200000047683716,1.6200000047683716,1.559999942779541,1.5800000429153442,1.5800000429153442,406000
2021-01-26,1.6299999952316284,1.6299999952316284,1.5399999618530273,1.5499999523162842,1.5499999523162842,146000
2021-01-27,1.6200000047683716,1.6200000047683716,1.5199999809265137,1.5700000524520874,1.5700000524520874,150000
2021-01-28,1.5800000429153442,1.6200000047683716,1.5299999713897705,1.6200000047683716,1.6200000047683716,1030000
2021-01-29,1.6100000143051147,1.7200000286102295,1.590000033378601,1.7100000381469727,1.7100000381469727,2496000
2021-02-01,1.7599999904632568,1.850000023841858,1.7300000190734863,1.840000033378601,1.840000033378601,1556000
2021-02-02,1.8600000143051147,2.0399999618530273,1.75,1.7699999809265137,1.7699999809265137,2422000
2021-02-03,1.7599999904632568,1.8700000047683716,1.75,1.7999999523162842,1.7999999523162842,602000
2021-02-04,1.8200000524520874,1.8200000524520874,1.7300000190734863,1.7699999809265137,1.7699999809265137,1264000
2021-02-05,1.809999942779541,1.840000033378601,1.690000057220459,1.690000057220459,1.690000057220459,668000
2021-02-08,1.7400000095367432,1.7400000095367432,1.6200000047683716,1.6200000047683716,1.6200000047683716,624000
2021-02-09,1.6100000143051147,1.7000000476837158,1.600000023841858,1.6299999952316284,1.6299999952316284,420000
2021-02-10,1.659999966621399,1.659999966621399,1.5199999809265137,1.590000033378601,1.590000033378601,4294000
2021-02-11,1.690000057220459,1.690000057220459,1.690000057220459,1.690000057220459,1.690000057220459,0
2021-02-16,1.7899999618530273,1.7899999618530273,1.6399999856948853,1.7200000286102295,1.7200000286102295,986000
2021-02-17,1.649999976158142,1.7000000476837158,1.6200000047683716,1.7000000476837158,1.7000000476837158,368000
2021-02-18,1.600000023841858,1.6399999856948853,1.5700000524520874,1.5700000524520874,1.5700000524520874,352000
2021-02-19,1.7999999523162842,1.7999999523162842,1.559999942779541,1.649999976158142,1.649999976158142,858000
2021-02-22,1.6299999952316284,1.6299999952316284,1.5499999523162842,1.590000033378601,1.590000033378601,2890000
2021-02-23,1.590000033378601,1.75,1.559999942779541,1.7300000190734863,1.7300000190734863,1868000
2021-02-24,1.7200000286102295,1.7200000286102295,1.600000023841858,1.6399999856948853,1.6399999856948853,1870000
2021-02-25,1.5499999523162842,1.659999966621399,1.5499999523162842,1.6299999952316284,1.6299999952316284,794000
2021-02-26,1.649999976158142,1.649999976158142,1.559999942779541,1.5700000524520874,1.5700000524520874,3298000
2021-03-01,1.590000033378601,1.590000033378601,1.4900000095367432,1.5099999904632568,1.5099999904632568,640000
2021-03-02,1.5099999904632568,1.5099999904632568,1.3799999952316284,1.409999966621399,1.409999966621399,248000
2021-03-03,1.4199999570846558,1.4199999570846558,1.149999976158142,1.2799999713897705,1.2799999713897705,1926000
2021-03-04,1.2799999713897705,1.2799999713897705,1.149999976158142,1.2799999713897705,1.2799999713897705,1138000
2021-03-05,1.25,1.2999999523162842,1.159999966621399,1.2100000381469727,1.2100000381469727,1362000
2021-03-08,1.2000000476837158,1.2599999904632568,1.159999966621399,1.2100000381469727,1.2100000381469727,992000
2021-03-09,1.2200000286102295,1.2599999904632568,1.2000000476837158,1.2200000286102295,1.2200000286102295,1544000
2021-03-10,1.2000000476837158,1.2400000095367432,1.2000000476837158,1.2300000190734863,1.2300000190734863,526000
2021-03-11,1.2100000381469727,1.309999942779541,1.2100000381469727,1.2599999904632568,1.2599999904632568,601000
2021-03-12,1.2200000286102295,1.2899999618530273,1.2200000286102295,1.2699999809265137,1.2699999809265137,274000
2021-03-15,1.2699999809265137,1.2699999809265137,1.2300000190734863,1.25,1.25,628000
2021-03-16,1.2100000381469727,1.25,1.190000057220459,1.2300000190734863,1.2300000190734863,366000
2021-03-17,1.2100000381469727,1.2200000286102295,1.100000023841858,1.1299999952316284,1.1299999952316284,1366000
2021-03-18,1.190000057220459,1.190000057220459,1.1200000047683716,1.149999976158142,1.149999976158142,330000
2021-03-19,1.1399999856948853,1.1799999475479126,1.100000023841858,1.1200000047683716,1.1200000047683716,564000
2021-03-22,1.149999976158142,1.1799999475479126,1.1299999952316284,1.159999966621399,1.159999966621399,176000
2021-03-23,1.1699999570846558,1.2000000476837158,1.1100000143051147,1.190000057220459,1.190000057220459,4830000
2021-03-24,1.2000000476837158,1.2300000190734863,1.149999976158142,1.1799999475479126,1.1799999475479126,192000
2021-03-25,1.190000057220459,1.190000057220459,1.0800000429153442,1.1200000047683716,1.1200000047683716,514000
2021-03-26,1.100000023841858,1.25,1.059999942779541,1.25,1.25,902000
2021-03-29,1.2100000381469727,1.2400000095367432,1.190000057220459,1.2400000095367432,1.2400000095367432,1190000
2021-03-30,1.2400000095367432,1.2400000095367432,1.1699999570846558,1.2000000476837158,1.2000000476837158,148000
2021-03-31,1.25,1.25,1.2000000476837158,1.2200000286102295,1.2200000286102295,234000
2021-04-01,1.2100000381469727,1.2200000286102295,1.2000000476837158,1.2200000286102295,1.2200000286102295,243000
2021-04-07,1.2100000381469727,1.2200000286102295,1.190000057220459,1.2200000286102295,1.2200000286102295,232000
2021-04-08,1.2400000095367432,1.25,1.2100000381469727,1.25,1.25,98000
2021-04-09,1.2400000095367432,1.25,1.2200000286102295,1.25,1.25,200000
2021-04-12,1.2400000095367432,1.2400000095367432,1.2000000476837158,1.2300000190734863,1.2300000190734863,432000
2021-04-13,1.25,1.25,1.2100000381469727,1.2400000095367432,1.2400000095367432,1846000
2021-04-14,1.2599999904632568,1.4600000381469727,1.2300000190734863,1.2799999713897705,1.2799999713897705,986000
2021-04-15,1.2799999713897705,1.2799999713897705,1.25,1.25,1.25,454000
2021-04-16,1.2300000190734863,1.2300000190734863,1.1699999570846558,1.1699999570846558,1.1699999570846558,1162000
2021-04-19,1.2000000476837158,1.2100000381469727,1.1699999570846558,1.190000057220459,1.190000057220459,594000
2021-04-20,1.2000000476837158,1.2300000190734863,1.2000000476837158,1.2300000190734863,1.2300000190734863,914000
2021-04-21,1.2100000381469727,1.25,1.2000000476837158,1.25,1.25,136000
2021-04-22,1.25,1.25,1.1799999475479126,1.25,1.25,290000
2021-04-23,1.25,1.25,1.1799999475479126,1.2000000476837158,1.2000000476837158,528000
2021-04-26,1.2100000381469727,1.2100000381469727,1.1799999475479126,1.1799999475479126,1.1799999475479126,410000
2021-04-27,1.2100000381469727,1.2200000286102295,1.190000057220459,1.2000000476837158,1.2000000476837158,114000
2021-04-28,1.2300000190734863,1.2400000095367432,1.190000057220459,1.190000057220459,1.190000057220459,308000
2021-04-29,1.2300000190734863,1.2300000190734863,1.159999966621399,1.2000000476837158,1.2000000476837158,5204000
2021-04-30,1.2400000095367432,1.2400000095367432,1.190000057220459,1.2000000476837158,1.2000000476837158,3740000
2021-05-03,1.2300000190734863,1.2400000095367432,1.1699999570846558,1.2400000095367432,1.2400000095367432,618000
2021-05-04,1.2100000381469727,1.2400000095367432,1.2000000476837158,1.2300000190734863,1.2300000190734863,646000
2021-05-05,1.2300000190734863,1.2300000190734863,1.1799999475479126,1.2000000476837158,1.2000000476837158,388000
2021-05-06,1.2100000381469727,1.2100000381469727,1.1799999475479126,1.1799999475479126,1.1799999475479126,486000
2021-05-07,1.1799999475479126,1.190000057220459,1.1699999570846558,1.1799999475479126,1.1799999475479126,1768000
2021-05-10,1.190000057220459,1.190000057220459,1.1699999570846558,1.190000057220459,1.190000057220459,404000
2021-05-11,1.190000057220459,1.2100000381469727,1.149999976158142,1.1799999475479126,1.1799999475479126,2266000
2021-05-12,1.2000000476837158,1.2000000476837158,1.1799999475479126,1.190000057220459,1.190000057220459,106000
2021-05-13,1.2000000476837158,1.2000000476837158,1.159999966621399,1.1799999475479126,1.1799999475479126,588000
2021-05-14,1.1699999570846558,1.1699999570846558,1.1399999856948853,1.149999976158142,1.149999976158142,2250000
2021-05-17,1.149999976158142,1.190000057220459,1.1399999856948853,1.159999966621399,1.159999966621399,810000
2021-05-18,1.1799999475479126,1.2100000381469727,1.149999976158142,1.1799999475479126,1.1799999475479126,84000
2021-05-20,1.1799999475479126,1.1799999475479126,1.149999976158142,1.1799999475479126,1.1799999475479126,1270000
2021-05-21,1.1699999570846558,1.1699999570846558,1.149999976158142,1.1699999570846558,1.1699999570846558,394000
2021-05-24,1.1699999570846558,1.190000057220459,1.159999966621399,1.159999966621399,1.159999966621399,502000
2021-05-25,1.1699999570846558,1.1799999475479126,1.149999976158142,1.1699999570846558,1.1699999570846558,576000
2021-05-26,1.1699999570846558,1.1699999570846558,1.149999976158142,1.1699999570846558,1.1699999570846558,750000
2021-05-27,1.1699999570846558,1.1699999570846558,1.1299999952316284,1.1699999570846558,1.1699999570846558,196000
2021-05-28,1.2200000286102295,1.2200000286102295,1.1100000143051147,1.1200000047683716,1.1200000047683716,692000
2021-05-31,1.1699999570846558,1.1699999570846558,1.1299999952316284,1.1399999856948853,1.1399999856948853,436000
2021-06-01,1.149999976158142,1.149999976158142,1.1200000047683716,1.1399999856948853,1.1399999856948853,116000
2021-06-02,1.1399999856948853,1.149999976158142,1.1200000047683716,1.149999976158142,1.149999976158142,66000
2021-06-03,1.149999976158142,1.149999976158142,1.1399999856948853,1.149999976158142,1.149999976158142,74000
2021-06-04,1.1399999856948853,1.149999976158142,1.1299999952316284,1.1299999952316284,1.1299999952316284,388000
2021-06-07,1.1399999856948853,1.1399999856948853,1.100000023841858,1.1299999952316284,1.1299999952316284,444000
2021-06-08,1.1399999856948853,1.1399999856948853,1.1100000143051147,1.1100000143051147,1.1100000143051147,56000
2021-06-09,1.1399999856948853,1.1399999856948853,1.100000023841858,1.1200000047683716,1.1200000047683716,256000
2021-06-10,1.1200000047683716,1.1200000047683716,1.100000023841858,1.1200000047683716,1.1200000047683716,66000
2021-06-11,1.1100000143051147,1.1299999952316284,1.090000033378601,1.1299999952316284,1.1299999952316284,806000
2021-06-15,1.1399999856948853,1.1399999856948853,1.100000023841858,1.1100000143051147,1.1100000143051147,426000
2021-06-16,1.1100000143051147,1.1200000047683716,1.1100000143051147,1.1200000047683716,1.1200000047683716,356000
2021-06-17,1.100000023841858,1.1200000047683716,1.0700000524520874,1.090000033378601,1.090000033378601,60000
2021-06-18,1.100000023841858,1.1100000143051147,1.0099999904632568,1.0700000524520874,1.0700000524520874,442000
2021-06-21,1.0700000524520874,1.0700000524520874,0.8100000023841858,0.9200000166893005,0.9200000166893005,402000
2021-06-22,1.0499999523162842,1.1299999952316284,1.0499999523162842,1.0499999523162842,1.0499999523162842,312000
2021-06-23,1.059999942779541,1.1299999952316284,1.0,1.0299999713897705,1.0299999713897705,2588000
2021-06-24,1.0399999618530273,1.0700000524520874,1.0199999809265137,1.0199999809265137,1.0199999809265137,426000
2021-06-25,1.0800000429153442,1.0800000429153442,1.0,1.0199999809265137,1.0199999809265137,406000
2021-06-28,1.0399999618530273,1.0499999523162842,1.0099999904632568,1.0299999713897705,1.0299999713897705,346000
2021-06-29,1.0199999809265137,1.0199999809265137,1.0199999809265137,1.0199999809265137,1.0199999809265137,100000
2021-06-30,1.0099999904632568,1.0199999809265137,1.0,1.0199999809265137,1.0199999809265137,192000
2021-07-02,1.0299999713897705,1.0299999713897705,1.0,1.0199999809265137,1.0199999809265137,612000
2021-07-05,1.0299999713897705,1.0399999618530273,1.0,1.0099999904632568,1.0099999904632568,366000
2021-07-06,1.0099999904632568,1.0199999809265137,0.9700000286102295,1.0199999809265137,1.0199999809265137,136000
2021-07-07,1.0099999904632568,1.0199999809265137,1.0,1.0199999809265137,1.0199999809265137,44000
2021-07-08,1.0099999904632568,1.0700000524520874,1.0,1.0700000524520874,1.0700000524520874,76000
2021-07-09,1.059999942779541,1.059999942779541,1.0499999523162842,1.0499999523162842,1.0499999523162842,520000
2021-07-12,1.059999942779541,1.059999942779541,1.0,1.0499999523162842,1.0499999523162842,582000
2021-07-13,1.0399999618530273,1.0399999618530273,1.0399999618530273,1.0399999618530273,1.0399999618530273,98000
2021-07-14,1.0299999713897705,1.0399999618530273,1.0199999809265137,1.0399999618530273,1.0399999618530273,402000
2021-07-15,1.0299999713897705,1.0499999523162842,1.0299999713897705,1.0499999523162842,1.0499999523162842,436000
2021-07-16,1.0499999523162842,1.059999942779541,1.0299999713897705,1.0499999523162842,1.0499999523162842,498000
2021-07-19,1.0499999523162842,1.059999942779541,1.0199999809265137,1.0399999618530273,1.0399999618530273,452000
2021-07-20,1.0299999713897705,1.0299999713897705,1.0199999809265137,1.0299999713897705,1.0299999713897705,662000
2021-07-21,1.0299999713897705,1.0299999713897705,1.0199999809265137,1.0199999809265137,1.0199999809265137,16000
2021-07-22,1.0199999809265137,1.0499999523162842,1.0199999809265137,1.0399999618530273,1.0399999618530273,668000
2021-07-23,1.0499999523162842,1.0800000429153442,1.0299999713897705,1.0499999523162842,1.0499999523162842,540000
2021-07-26,1.0399999618530273,1.0499999523162842,1.0099999904632568,1.0199999809265137,1.0199999809265137,986000
2021-07-27,1.0099999904632568,1.0399999618530273,0.9900000095367432,1.0399999618530273,1.0399999618530273,198000
2021-07-28,1.0299999713897705,1.0399999618530273,1.0299999713897705,1.0399999618530273,1.0399999618530273,12000
2021-07-29,1.0299999713897705,1.0299999713897705,0.9900000095367432,1.0299999713897705,1.0299999713897705,190000
2021-07-30,1.0199999809265137,1.0399999618530273,1.0099999904632568,1.0199999809265137,1.0199999809265137,358000
2021-08-02,1.0299999713897705,1.0399999618530273,1.0199999809265137,1.0299999713897705,1.0299999713897705,330000
2021-08-03,1.0299999713897705,1.0299999713897705,1.0299999713897705,1.0299999713897705,1.0299999713897705,0
2021-08-04,1.0199999809265137,1.0199999809265137,1.0199999809265137,1.0199999809265137,1.0199999809265137,10000
2021-08-05,1.0199999809265137,1.0199999809265137,1.0199999809265137,1.0199999809265137,1.0199999809265137,8000
2021-08-06,1.0299999713897705,1.0299999713897705,1.0199999809265137,1.0199999809265137,1.0199999809265137,326000
2021-08-09,1.0499999523162842,1.0499999523162842,0.9900000095367432,1.0299999713897705,1.0299999713897705,382000
2021-08-10,1.0199999809265137,1.0199999809265137,1.0199999809265137,1.0199999809265137,1.0199999809265137,202000
2021-08-11,1.0199999809265137,1.0199999809265137,1.0,1.0199999809265137,1.0199999809265137,550000
2021-08-12,1.0,1.0199999809265137,1.0,1.0199999809265137,1.0199999809265137,20000
2021-08-13,1.0099999904632568,1.0499999523162842,0.9900000095367432,1.0099999904632568,1.0099999904632568,774000
2021-08-16,1.0099999904632568,1.0099999904632568,0.9800000190734863,1.0,1.0,270000
2021-08-17,1.0099999904632568,1.0099999904632568,1.0,1.0,1.0,234000
2021-08-18,1.0,1.0,1.0,1.0,1.0,0
2021-08-19,1.0099999904632568,1.0099999904632568,0.9700000286102295,1.0099999904632568,1.0099999904632568,430000
2021-08-20,1.0099999904632568,1.0199999809265137,0.9300000071525574,1.0,1.0,454000
2021-08-23,1.0099999904632568,1.0199999809265137,1.0099999904632568,1.0099999904632568,1.0099999904632568,320000
2021-08-24,1.0099999904632568,1.0199999809265137,1.0,1.0099999904632568,1.0099999904632568,328000
2021-08-25,1.0,1.0099999904632568,0.9900000095367432,1.0099999904632568,1.0099999904632568,1672000
2021-08-26,1.0,1.0399999618530273,0.9900000095367432,1.0399999618530273,1.0399999618530273,262000
2021-08-27,1.0199999809265137,1.0199999809265137,0.9800000190734863,1.0,1.0,502000
2021-08-30,1.0099999904632568,1.0099999904632568,0.9900000095367432,1.0,1.0,2316000
2021-08-31,1.0099999904632568,1.0099999904632568,0.9800000190734863,1.0099999904632568,1.0099999904632568,1498000
2021-09-01,1.0,1.0,0.9599999785423279,0.9700000286102295,0.9700000286102295,810000
2021-09-02,0.9700000286102295,0.9800000190734863,0.9700000286102295,0.9800000190734863,0.9800000190734863,488000
2021-09-03,0.9800000190734863,0.9900000095367432,0.9700000286102295,0.9800000190734863,0.9800000190734863,1348000
2021-09-06,0.9900000095367432,1.0,0.9700000286102295,0.9800000190734863,0.9800000190734863,2044000
2021-09-07,0.9599999785423279,1.0,0.949999988079071,0.9900000095367432,0.9900000095367432,3170000
2021-09-08,0.9700000286102295,0.9900000095367432,0.949999988079071,0.9800000190734863,0.9800000190734863,1336000
2021-09-09,0.9599999785423279,0.9700000286102295,0.9399999976158142,0.9599999785423279,0.9599999785423279,146000
2021-09-10,0.949999988079071,0.9800000190734863,0.8999999761581421,0.9599999785423279,0.9599999785423279,2610000
2021-09-13,0.9800000190734863,0.9900000095367432,0.9399999976158142,0.9599999785423279,0.9599999785423279,3116000
2021-09-14,0.9399999976158142,0.9700000286102295,0.8999999761581421,0.9700000286102295,0.9700000286102295,1894000
2021-09-15,0.9399999976158142,0.9599999785423279,0.9300000071525574,0.9599999785423279,0.9599999785423279,1006000
2021-09-16,0.9300000071525574,0.949999988079071,0.9100000262260437,0.949999988079071,0.949999988079071,572000
2021-09-17,0.949999988079071,0.949999988079071,0.8999999761581421,0.949999988079071,0.949999988079071,3632000
2021-09-20,0.9100000262260437,0.949999988079071,0.9100000262260437,0.949999988079071,0.949999988079071,5938000
2021-09-21,0.9300000071525574,0.9399999976158142,0.9100000262260437,0.9100000262260437,0.9100000262260437,6328000
2021-09-23,0.9100000262260437,1.0299999713897705,0.8999999761581421,1.0299999713897705,1.0299999713897705,6658000
2021-09-24,1.059999942779541,1.059999942779541,0.949999988079071,0.949999988079071,0.949999988079071,940000
2021-09-27,0.949999988079071,0.949999988079071,0.8799999952316284,0.9399999976158142,0.9399999976158142,1028000
2021-09-28,0.8999999761581421,0.9100000262260437,0.8899999856948853,0.8899999856948853,0.8899999856948853,1276000
2021-09-29,0.8999999761581421,0.8999999761581421,0.8999999761581421,0.8999999761581421,0.8999999761581421,116000
2021-09-30,0.9100000262260437,0.9800000190734863,0.8700000047683716,0.8999999761581421,0.8999999761581421,4352000
2021-10-04,0.9200000166893005,0.9200000166893005,0.8999999761581421,0.8999999761581421,0.8999999761581421,1094000
2021-10-05,0.8999999761581421,0.8999999761581421,0.8999999761581421,0.8999999761581421,0.8999999761581421,0
2021-10-06,0.8999999761581421,0.8999999761581421,0.8999999761581421,0.8999999761581421,0.8999999761581421,882000
2021-10-07,0.8999999761581421,0.9100000262260437,0.8999999761581421,0.8999999761581421,0.8999999761581421,724000
2021-10-08,0.8899999856948853,0.8999999761581421,0.8500000238418579,0.8999999761581421,0.8999999761581421,3480000
2021-10-11,0.8999999761581421,0.9700000286102295,0.8999999761581421,0.9399999976158142,0.9399999976158142,296000
2021-10-12,0.9100000262260437,0.9399999976158142,0.9100000262260437,0.9200000166893005,0.9200000166893005,5350000
2021-10-15,0.9300000071525574,1.0499999523162842,0.9300000071525574,0.9900000095367432,0.9900000095367432,5914000
2021-10-18,1.0099999904632568,1.0499999523162842,0.9900000095367432,1.0,1.0,2400000
2021-10-19,0.9599999785423279,1.0099999904632568,0.9300000071525574,1.0,1.0,1012000
2021-10-20,0.9900000095367432,1.0,0.9800000190734863,1.0,1.0,700000
2021-10-21,0.9599999785423279,1.0,0.9300000071525574,0.9300000071525574,0.9300000071525574,1002000
2021-10-22,0.9200000166893005,0.9300000071525574,0.8999999761581421,0.9200000166893005,0.9200000166893005,2902000
2021-10-25,0.9100000262260437,0.9200000166893005,0.8899999856948853,0.9200000166893005,0.9200000166893005,5128000
2021-10-26,0.9100000262260437,1.0,0.8700000047683716,0.9100000262260437,0.9100000262260437,7340000
2021-10-27,0.8999999761581421,0.9100000262260437,0.8899999856948853,0.8999999761581421,0.8999999761581421,6094000
2021-10-28,0.8999999761581421,0.9100000262260437,0.8999999761581421,0.9100000262260437,0.9100000262260437,2554000
2021-10-29,0.9200000166893005,0.9300000071525574,0.9100000262260437,0.9300000071525574,0.9300000071525574,2066000
2021-11-01,0.9100000262260437,0.9100000262260437,0.8999999761581421,0.9100000262260437,0.9100000262260437,1578000
2021-11-02,0.8999999761581421,0.9200000166893005,0.8899999856948853,0.9200000166893005,0.9200000166893005,1378000
2021-11-03,0.9100000262260437,0.9100000262260437,0.8999999761581421,0.8999999761581421,0.8999999761581421,774000
2021-11-04,0.9100000262260437,0.949999988079071,0.9100000262260437,0.9399999976158142,0.9399999976158142,1992000
2021-11-05,0.9399999976158142,0.9800000190734863,0.9300000071525574,0.949999988079071,0.949999988079071,4320000
2021-11-08,0.9399999976158142,0.9399999976158142,0.8799999952316284,0.9100000262260437,0.9100000262260437,1572000
2021-11-09,0.9100000262260437,0.9200000166893005,0.8500000238418579,0.8700000047683716,0.8700000047683716,2150000
2021-11-10,0.8899999856948853,0.9200000166893005,0.8199999928474426,0.8899999856948853,0.8899999856948853,5212000
2021-11-11,0.8999999761581421,0.9100000262260437,0.8500000238418579,0.8999999761581421,0.8999999761581421,7108000
2021-11-12,0.8999999761581421,1.100000023841858,0.8999999761581421,1.0399999618530273,1.0399999618530273,7898000
2021-11-15,1.0099999904632568,1.2599999904632568,1.0099999904632568,1.149999976158142,1.149999976158142,3024000
2021-11-16,1.149999976158142,1.2000000476837158,1.1399999856948853,1.159999966621399,1.159999966621399,3570000
2021-11-17,1.1399999856948853,1.3200000524520874,1.1299999952316284,1.2100000381469727,1.2100000381469727,4154000
2021-11-18,1.1699999570846558,1.25,1.100000023841858,1.159999966621399,1.159999966621399,3866000
2021-11-19,1.2000000476837158,1.2000000476837158,1.1100000143051147,1.149999976158142,1.149999976158142,4324000
2021-11-22,1.1399999856948853,1.2000000476837158,1.1200000047683716,1.149999976158142,1.149999976158142,4010000
2021-11-23,1.2200000286102295,1.2200000286102295,1.1200000047683716,1.149999976158142,1.149999976158142,3668000
2021-11-24,1.1299999952316284,1.1299999952316284,1.0299999713897705,1.1200000047683716,1.1200000047683716,3442000
2021-11-25,1.1100000143051147,1.1299999952316284,1.0499999523162842,1.1100000143051147,1.1100000143051147,5604000
2021-11-26,1.1100000143051147,1.1299999952316284,1.0499999523162842,1.1299999952316284,1.1299999952316284,7166000
2021-11-29,1.100000023841858,1.1100000143051147,1.0499999523162842,1.100000023841858,1.100000023841858,4106000
2021-11-30,1.0800000429153442,1.100000023841858,1.0399999618530273,1.059999942779541,1.059999942779541,6038000
2021-12-01,1.059999942779541,1.0800000429153442,1.0199999809265137,1.0199999809265137,1.0199999809265137,7666000
2021-12-02,1.0399999618530273,1.0499999523162842,1.0099999904632568,1.0199999809265137,1.0199999809265137,4108000
2021-12-03,1.0299999713897705,1.0800000429153442,1.0199999809265137,1.0800000429153442,1.0800000429153442,4038000
2021-12-06,1.0299999713897705,1.059999942779541,1.0,1.0,1.0,4048000
2021-12-07,1.0199999809265137,1.0199999809265137,0.9800000190734863,0.9900000095367432,0.9900000095367432,4872000
2021-12-08,1.0099999904632568,1.0099999904632568,0.949999988079071,0.9900000095367432,0.9900000095367432,1768000
2021-12-09,0.9900000095367432,1.0099999904632568,0.9700000286102295,0.9900000095367432,0.9900000095367432,2924000
2021-12-10,1.0,1.0099999904632568,0.9800000190734863,1.0,1.0,5120000
2021-12-13,1.0,1.0,0.9800000190734863,1.0,1.0,6394000
2021-12-14,1.0,1.0,0.949999988079071,0.9800000190734863,0.9800000190734863,2364000
2021-12-15,1.0,1.0,0.949999988079071,0.9900000095367432,0.9900000095367432,3542000
2021-12-16,0.9900000095367432,0.9900000095367432,0.9399999976158142,0.9399999976158142,0.9399999976158142,6922000
2021-12-17,0.9599999785423279,0.9700000286102295,0.9300000071525574,0.9700000286102295,0.9700000286102295,4052000
2021-12-20,0.9599999785423279,0.9599999785423279,0.9300000071525574,0.949999988079071,0.949999988079071,4154000
2021-12-21,0.9599999785423279,1.1200000047683716,0.9599999785423279,1.1200000047683716,1.1200000047683716,1844000
2021-12-22,1.1200000047683716,1.1200000047683716,0.9300000071525574,0.9300000071525574,0.9300000071525574,8482000
2021-12-23,0.9399999976158142,0.9700000286102295,0.8999999761581421,0.9399999976158142,0.9399999976158142,5078000
2021-12-24,0.9599999785423279,0.9900000095367432,0.9399999976158142,0.9800000190734863,0.9800000190734863,7976000
2021-12-28,0.9700000286102295,0.9700000286102295,0.9100000262260437,0.9200000166893005,0.9200000166893005,1934000
2021-12-29,0.9300000071525574,0.9800000190734863,0.9300000071525574,0.9800000190734863,0.9800000190734863,17726000
2021-12-30,0.9800000190734863,0.9800000190734863,0.949999988079071,0.949999988079071,0.949999988079071,6348000
2021-12-31,0.9599999785423279,1.0199999809265137,0.949999988079071,1.0199999809265137,1.0199999809265137,3776000
2022-01-03,1.0299999713897705,1.0299999713897705,0.9800000190734863,1.0099999904632568,1.0099999904632568,1828000
2022-01-04,1.0299999713897705,1.0399999618530273,0.9599999785423279,1.0099999904632568,1.0099999904632568,1882000
2022-01-05,1.0199999809265137,1.090000033378601,0.9700000286102295,0.9900000095367432,0.9900000095367432,10596000
2022-01-06,0.9900000095367432,0.9900000095367432,0.9399999976158142,0.9700000286102295,0.9700000286102295,5512000
2022-01-07,0.9700000286102295,0.9700000286102295,0.9399999976158142,0.949999988079071,0.949999988079071,4394000
2022-01-10,0.9599999785423279,0.9599999785423279,0.9300000071525574,0.9599999785423279,0.9599999785423279,2250000
2022-01-11,0.949999988079071,0.949999988079071,0.9300000071525574,0.949999988079071,0.949999988079071,4988000
2022-01-12,0.949999988079071,0.9599999785423279,0.9200000166893005,0.9300000071525574,0.9300000071525574,3886000
2022-01-13,0.9399999976158142,0.9900000095367432,0.9200000166893005,0.9399999976158142,0.9399999976158142,2990000
2022-01-14,0.9399999976158142,0.9800000190734863,0.9100000262260437,0.9100000262260437,0.9100000262260437,5468000
2022-01-17,0.9100000262260437,0.9599999785423279,0.9100000262260437,0.9599999785423279,0.9599999785423279,3892000
2022-01-18,0.949999988079071,0.949999988079071,0.9300000071525574,0.949999988079071,0.949999988079071,2126000
2022-01-19,0.9399999976158142,0.949999988079071,0.9300000071525574,0.9300000071525574,0.9300000071525574,2056000
2022-01-20,0.9399999976158142,0.9399999976158142,0.9200000166893005,0.9399999976158142,0.9399999976158142,1362000
2022-01-21,0.9300000071525574,0.949999988079071,0.9300000071525574,0.9399999976158142,0.9399999976158142,2256000
2022-01-24,0.9399999976158142,0.949999988079071,0.9200000166893005,0.9399999976158142,0.9399999976158142,1518000
2022-01-25,0.9399999976158142,0.9399999976158142,0.9300000071525574,0.9399999976158142,0.9399999976158142,944000
2022-01-26,0.9300000071525574,0.9700000286102295,0.9300000071525574,0.9700000286102295,0.9700000286102295,3590000
2022-01-27,0.9599999785423279,0.9599999785423279,0.9200000166893005,0.9300000071525574,0.9300000071525574,2800000
2022-01-28,0.9300000071525574,0.9900000095367432,0.8999999761581421,0.9900000095367432,0.9900000095367432,7446000
2022-01-31,0.9599999785423279,0.9599999785423279,0.9599999785423279,0.9599999785423279,0.9599999785423279,0
2022-02-04,0.9700000286102295,1.0800000429153442,0.9700000286102295,1.0299999713897705,1.0299999713897705,8818000
2022-02-07,1.0199999809265137,1.0499999523162842,1.0,1.0299999713897705,1.0299999713897705,9266000
2022-02-08,1.0299999713897705,1.0499999523162842,1.0199999809265137,1.0399999618530273,1.0399999618530273,1108000
2022-02-09,1.0399999618530273,1.0399999618530273,1.0199999809265137,1.0399999618530273,1.0399999618530273,1742000
2022-02-10,1.0399999618530273,1.0399999618530273,1.0199999809265137,1.0299999713897705,1.0299999713897705,3426000
2022-02-11,1.0399999618530273,1.0499999523162842,0.9900000095367432,1.0299999713897705,1.0299999713897705,5690000
2022-02-14,1.0299999713897705,1.149999976158142,1.0299999713897705,1.1200000047683716,1.1200000047683716,17468000
2022-02-15,1.149999976158142,1.25,1.100000023841858,1.1299999952316284,1.1299999952316284,6426000
2022-02-16,1.1299999952316284,1.159999966621399,1.1100000143051147,1.149999976158142,1.149999976158142,1650000
2022-02-17,1.100000023841858,1.149999976158142,1.090000033378601,1.149999976158142,1.149999976158142,7388000
2022-02-18,1.1399999856948853,1.1399999856948853,1.0800000429153442,1.100000023841858,1.100000023841858,1718000
2022-02-21,1.100000023841858,1.100000023841858,1.0,1.0199999809265137,1.0199999809265137,4616000
2022-02-22,1.0299999713897705,1.0399999618530273,1.0099999904632568,1.0199999809265137,1.0199999809265137,4664000
2022-02-23,1.0099999904632568,1.0399999618530273,1.0,1.0199999809265137,1.0199999809265137,1520000
2022-02-24,1.0199999809265137,1.0299999713897705,0.9900000095367432,1.0299999713897705,1.0299999713897705,5282000
2022-02-25,1.0299999713897705,1.0399999618530273,1.0,1.0299999713897705,1.0299999713897705,4962000
2022-02-28,1.0099999904632568,1.0299999713897705,1.0,1.0299999713897705,1.0299999713897705,2148000
2022-03-01,1.0299999713897705,1.2000000476837158,1.0099999904632568,1.0700000524520874,1.0700000524520874,10856000
2022-03-02,1.0700000524520874,1.0700000524520874,1.0,1.0299999713897705,1.0299999713897705,8194000
2022-03-03,1.0299999713897705,1.0499999523162842,1.0,1.0299999713897705,1.0299999713897705,3750000
2022-03-04,1.0099999904632568,1.0499999523162842,1.0099999904632568,1.0399999618530273,1.0399999618530273,7316000
2022-03-07,1.0099999904632568,1.0499999523162842,0.9800000190734863,0.9800000190734863,0.9800000190734863,6466000
2022-03-08,1.0,1.0099999904632568,0.9700000286102295,0.9900000095367432,0.9900000095367432,4326000
2022-03-09,1.0099999904632568,1.0099999904632568,0.9700000286102295,1.0,1.0,2676000
2022-03-10,0.9900000095367432,1.0,0.9800000190734863,1.0,1.0,2590000
2022-03-11,0.9800000190734863,1.0,0.9100000262260437,1.0,1.0,4010000
2022-03-14,1.0,1.0,0.9399999976158142,0.9700000286102295,0.9700000286102295,4396000
2022-03-15,0.9800000190734863,0.9900000095367432,0.8999999761581421,0.9800000190734863,0.9800000190734863,6360000
2022-03-16,0.9900000095367432,1.0,0.9700000286102295,1.0,1.0,3620000
2022-03-17,0.9900000095367432,1.0199999809265137,0.9700000286102295,1.0,1.0,3238000
2022-03-18,1.0,1.0,0.9300000071525574,1.0,1.0,5208000
2022-03-21,1.0099999904632568,1.0499999523162842,0.949999988079071,0.9800000190734863,0.9800000190734863,10606000
2022-03-22,0.9700000286102295,0.9900000095367432,0.8999999761581421,0.9100000262260437,0.9100000262260437,4494000
2022-03-23,0.9100000262260437,0.949999988079071,0.8799999952316284,0.9300000071525574,0.9300000071525574,11754000
2022-03-24,0.9200000166893005,0.949999988079071,0.9200000166893005,0.9300000071525574,0.9300000071525574,4300000
2022-03-25,0.9300000071525574,1.0,0.9100000262260437,1.0,1.0,12558000
2022-03-28,0.9900000095367432,0.9900000095367432,0.949999988079071,0.9700000286102295,0.9700000286102295,6246000
2022-03-29,0.9800000190734863,0.9800000190734863,0.9200000166893005,0.9200000166893005,0.9200000166893005,9462000
2022-03-30,0.9300000071525574,1.0,0.9100000262260437,0.9300000071525574,0.9300000071525574,9262000
2022-03-31,0.949999988079071,0.9599999785423279,0.9200000166893005,0.9399999976158142,0.9399999976158142,2580000
2022-04-01,0.9300000071525574,0.9399999976158142,0.9100000262260437,0.9300000071525574,0.9300000071525574,3220000
2022-04-04,0.9300000071525574,0.9800000190734863,0.9200000166893005,0.9399999976158142,0.9399999976158142,8984000
2022-04-06,0.9300000071525574,0.949999988079071,0.9100000262260437,0.949999988079071,0.949999988079071,4774000
2022-04-07,0.9399999976158142,0.949999988079071,0.8999999761581421,0.8999999761581421,0.8999999761581421,2966000
2022-04-08,0.9200000166893005,0.9300000071525574,0.8999999761581421,0.9300000071525574,0.9300000071525574,2570000
2022-04-11,0.9200000166893005,0.9399999976158142,0.8899999856948853,0.8899999856948853,0.8899999856948853,4930000
2022-04-12,0.8899999856948853,0.9100000262260437,0.8899999856948853,0.9100000262260437,0.9100000262260437,2494000
2022-04-13,0.8899999856948853,0.9100000262260437,0.8899999856948853,0.8999999761581421,0.8999999761581421,1866000
2022-04-14,0.8999999761581421,0.9300000071525574,0.8500000238418579,0.8899999856948853,0.8899999856948853,10736000
2022-04-19,0.9100000262260437,0.9200000166893005,0.8700000047683716,0.9100000262260437,0.9100000262260437,2156000
2022-04-20,0.9300000071525574,0.9700000286102295,0.8299999833106995,0.8899999856948853,0.8899999856948853,13594000
2022-04-21,0.8999999761581421,0.9300000071525574,0.8600000143051147,0.8700000047683716,0.8700000047683716,3576000
2022-04-22,0.8899999856948853,0.9100000262260437,0.8700000047683716,0.8999999761581421,0.8999999761581421,2504000
2022-04-25,0.8899999856948853,0.9100000262260437,0.8700000047683716,0.8999999761581421,0.8999999761581421,5686000
2022-04-26,0.8899999856948853,0.9100000262260437,0.8600000143051147,0.8600000143051147,0.8600000143051147,9414000
2022-04-27,0.8600000143051147,0.9100000262260437,0.8600000143051147,0.8999999761581421,0.8999999761581421,4936000
2022-04-28,0.8999999761581421,0.9399999976158142,0.8999999761581421,0.9200000166893005,0.9200000166893005,3116000
2022-04-29,0.9200000166893005,0.949999988079071,0.8999999761581421,0.9200000166893005,0.9200000166893005,9546000
2022-05-03,0.9100000262260437,0.9300000071525574,0.8999999761581421,0.9200000166893005,0.9200000166893005,3190000
2022-05-04,0.9200000166893005,0.9399999976158142,0.8999999761581421,0.9399999976158142,0.9399999976158142,4806000
2022-05-05,0.9100000262260437,0.9700000286102295,0.9100000262260437,0.9100000262260437,0.9100000262260437,8278000
2022-05-06,0.8999999761581421,0.8999999761581421,0.8700000047683716,0.8999999761581421,0.8999999761581421,4970000
2022-05-10,0.8999999761581421,0.8999999761581421,0.8600000143051147,0.8600000143051147,0.8600000143051147,2550000
2022-05-11,0.8600000143051147,0.8700000047683716,0.8500000238418579,0.8500000238418579,0.8500000238418579,3274000
2022-05-12,0.8500000238418579,0.8500000238418579,0.699999988079071,0.7200000286102295,0.7200000286102295,9714000
2022-05-13,0.7200000286102295,0.7200000286102295,0.7200000286102295,0.7200000286102295,0.7200000286102295,0
2022-05-16,0.7200000286102295,0.7200000286102295,0.7200000286102295,0.7200000286102295,0.7200000286102295,0
2022-05-17,0.7200000286102295,0.7200000286102295,0.7200000286102295,0.7200000286102295,0.7200000286102295,0
2022-05-18,0.7200000286102295,0.7200000286102295,0.7200000286102295,0.7200000286102295,0.7200000286102295,0
2022-05-19,0.7200000286102295,0.7200000286102295,0.7200000286102295,0.7200000286102295,0.7200000286102295,0
2022-05-20,0.7200000286102295,0.7200000286102295,0.7200000286102295,0.7200000286102295,0.7200000286102295,0
2022-05-23,0.7200000286102295,0.7200000286102295,0.7200000286102295,0.7200000286102295,0.7200000286102295,0
2022-05-24,0.7200000286102295,0.7200000286102295,0.7200000286102295,0.7200000286102295,0.7200000286102295,0
2022-05-25,0.7200000286102295,0.7200000286102295,0.7200000286102295,0.7200000286102295,0.7200000286102295,0
2022-05-26,0.7200000286102295,0.7200000286102295,0.7200000286102295,0.7200000286102295,0.7200000286102295,0
2022-05-27,0.7200000286102295,0.7200000286102295,0.7200000286102295,0.7200000286102295,0.7200000286102295,0
2022-05-30,0.7200000286102295,0.7200000286102295,0.7200000286102295,0.7200000286102295,0.7200000286102295,0
2022-05-31,0.7200000286102295,0.7200000286102295,0.7200000286102295,0.7200000286102295,0.7200000286102295,0
2022-06-01,0.7200000286102295,0.7200000286102295,0.7200000286102295,0.7200000286102295,0.7200000286102295,0
2022-06-02,0.7200000286102295,0.7200000286102295,0.7200000286102295,0.7200000286102295,0.7200000286102295,0
2022-06-06,0.7200000286102295,0.7200000286102295,0.7200000286102295,0.7200000286102295,0.7200000286102295,0
2022-06-07,0.7200000286102295,0.7200000286102295,0.7200000286102295,0.7200000286102295,0.7200000286102295,0
2022-06-08,0.7200000286102295,0.7200000286102295,0.7200000286102295,0.7200000286102295,0.7200000286102295,0
2022-06-09,0.7200000286102295,0.7200000286102295,0.7200000286102295,0.7200000286102295,0.7200000286102295,0
2022-06-10,0.7200000286102295,0.7200000286102295,0.7200000286102295,0.7200000286102295,0.7200000286102295,0
2022-06-13,0.7200000286102295,0.7200000286102295,0.7200000286102295,0.7200000286102295,0.7200000286102295,0
2022-06-14,0.7200000286102295,0.7200000286102295,0.7200000286102295,0.7200000286102295,0.7200000286102295,0
2022-06-15,0.7200000286102295,0.7200000286102295,0.7200000286102295,0.7200000286102295,0.7200000286102295,0
2022-06-16,0.7200000286102295,0.7200000286102295,0.7200000286102295,0.7200000286102295,0.7200000286102295,0
2022-06-17,0.7200000286102295,0.7200000286102295,0.7200000286102295,0.7200000286102295,0.7200000286102295,0
2022-06-20,0.7200000286102295,0.7200000286102295,0.7200000286102295,0.7200000286102295,0.7200000286102295,0
2022-06-21,0.7200000286102295,0.7200000286102295,0.7200000286102295,0.7200000286102295,0.7200000286102295,0
2022-06-22,0.7200000286102295,0.7200000286102295,0.7200000286102295,0.7200000286102295,0.7200000286102295,0
2022-06-23,0.7200000286102295,0.7200000286102295,0.7200000286102295,0.7200000286102295,0.7200000286102295,0
2022-06-24,0.7200000286102295,0.7200000286102295,0.7200000286102295,0.7200000286102295,0.7200000286102295,0
2022-06-27,0.7200000286102295,0.7200000286102295,0.7200000286102295,0.7200000286102295,0.7200000286102295,0
2022-06-28,0.7200000286102295,0.7200000286102295,0.7200000286102295,0.7200000286102295,0.7200000286102295,0
2022-06-29,0.7200000286102295,0.7200000286102295,0.7200000286102295,0.7200000286102295,0.7200000286102295,0
2022-06-30,0.7200000286102295,0.7200000286102295,0.7200000286102295,0.7200000286102295,0.7200000286102295,0
2022-07-04,0.7200000286102295,0.7200000286102295,0.7200000286102295,0.7200000286102295,0.7200000286102295,0
2022-07-05,0.7200000286102295,0.7200000286102295,0.7200000286102295,0.7200000286102295,0.7200000286102295,0
2022-07-06,0.7200000286102295,0.7200000286102295,0.7200000286102295,0.7200000286102295,0.7200000286102295,0
2022-07-07,0.7200000286102295,0.7200000286102295,0.7200000286102295,0.7200000286102295,0.7200000286102295,0
2022-07-08,0.7200000286102295,0.7200000286102295,0.7200000286102295,0.7200000286102295,0.7200000286102295,0
2022-07-11,0.7200000286102295,0.7200000286102295,0.7200000286102295,0.7200000286102295,0.7200000286102295,0
2022-07-12,0.7200000286102295,0.7200000286102295,0.7200000286102295,0.7200000286102295,0.7200000286102295,0
2022-07-13,0.7200000286102295,0.7200000286102295,0.7200000286102295,0.7200000286102295,0.7200000286102295,0
2022-07-14,0.7200000286102295,0.7200000286102295,0.7200000286102295,0.7200000286102295,0.7200000286102295,0
2022-07-15,0.7200000286102295,0.7200000286102295,0.7200000286102295,0.7200000286102295,0.7200000286102295,0
2022-07-18,0.7200000286102295,0.7200000286102295,0.7200000286102295,0.7200000286102295,0.7200000286102295,0
2022-07-19,0.7200000286102295,0.7200000286102295,0.7200000286102295,0.7200000286102295,0.7200000286102295,0
2022-07-20,0.7200000286102295,0.7200000286102295,0.7200000286102295,0.7200000286102295,0.7200000286102295,0
2022-07-21,0.7200000286102295,0.7200000286102295,0.7200000286102295,0.7200000286102295,0.7200000286102295,0
2022-07-22,0.7200000286102295,0.7200000286102295,0.7200000286102295,0.7200000286102295,0.7200000286102295,0
2022-07-25,0.7200000286102295,0.7200000286102295,0.7200000286102295,0.7200000286102295,0.7200000286102295,0
2022-07-26,0.7200000286102295,0.7200000286102295,0.7200000286102295,0.7200000286102295,0.7200000286102295,0
2022-07-27,0.7200000286102295,0.7200000286102295,0.7200000286102295,0.7200000286102295,0.7200000286102295,0
2022-07-28,0.7200000286102295,0.7200000286102295,0.7200000286102295,0.7200000286102295,0.7200000286102295,0
2022-07-29,0.7200000286102295,0.7200000286102295,0.7200000286102295,0.7200000286102295,0.7200000286102295,0
2022-08-01,0.7200000286102295,0.7200000286102295,0.7200000286102295,0.7200000286102295,0.7200000286102295,0
2022-08-02,0.7200000286102295,0.7200000286102295,0.7200000286102295,0.7200000286102295,0.7200000286102295,0
2022-08-03,0.7200000286102295,0.7200000286102295,0.7200000286102295,0.7200000286102295,0.7200000286102295,0
2022-08-04,0.7200000286102295,0.7200000286102295,0.7200000286102295,0.7200000286102295,0.7200000286102295,0
2022-08-05,0.7200000286102295,0.7200000286102295,0.7200000286102295,0.7200000286102295,0.7200000286102295,0
2022-08-08,0.7200000286102295,0.7200000286102295,0.7200000286102295,0.7200000286102295,0.7200000286102295,0
2022-08-09,0.7200000286102295,0.7200000286102295,0.7200000286102295,0.7200000286102295,0.7200000286102295,0
2022-08-10,0.7200000286102295,0.7200000286102295,0.7200000286102295,0.7200000286102295,0.7200000286102295,0
2022-08-11,0.7200000286102295,0.7200000286102295,0.7200000286102295,0.7200000286102295,0.7200000286102295,0
2022-08-12,0.7200000286102295,0.7200000286102295,0.7200000286102295,0.7200000286102295,0.7200000286102295,0
2022-08-15,0.7200000286102295,0.7200000286102295,0.7200000286102295,0.7200000286102295,0.7200000286102295,0
2022-08-16,0.7200000286102295,0.7200000286102295,0.7200000286102295,0.7200000286102295,0.7200000286102295,0
2022-08-17,0.7200000286102295,0.7200000286102295,0.7200000286102295,0.7200000286102295,0.7200000286102295,0
2022-08-18,0.7200000286102295,0.7200000286102295,0.7200000286102295,0.7200000286102295,0.7200000286102295,0
2022-08-19,0.7200000286102295,0.7200000286102295,0.7200000286102295,0.7200000286102295,0.7200000286102295,0
2022-08-22,0.7200000286102295,0.7200000286102295,0.7200000286102295,0.7200000286102295,0.7200000286102295,0
2022-08-23,0.7200000286102295,0.7200000286102295,0.7200000286102295,0.7200000286102295,0.7200000286102295,0
2022-08-24,0.7200000286102295,0.7200000286102295,0.7200000286102295,0.7200000286102295,0.7200000286102295,0
2022-08-25,0.7200000286102295,0.7200000286102295,0.7200000286102295,0.7200000286102295,0.7200000286102295,0
2022-08-26,0.7200000286102295,0.7200000286102295,0.7200000286102295,0.7200000286102295,0.7200000286102295,0
2022-08-29,0.7200000286102295,0.7200000286102295,0.7200000286102295,0.7200000286102295,0.7200000286102295,0
2022-08-30,0.7200000286102295,0.7200000286102295,0.7200000286102295,0.7200000286102295,0.7200000286102295,0
2022-08-31,0.7200000286102295,0.7200000286102295,0.7200000286102295,0.7200000286102295,0.7200000286102295,0
2022-09-01,0.7200000286102295,0.7200000286102295,0.7200000286102295,0.7200000286102295,0.7200000286102295,0
2022-09-02,0.7200000286102295,0.7200000286102295,0.7200000286102295,0.7200000286102295,0.7200000286102295,0
2022-09-05,0.7200000286102295,0.7200000286102295,0.7200000286102295,0.7200000286102295,0.7200000286102295,0
2022-09-06,0.7200000286102295,0.7200000286102295,0.7200000286102295,0.7200000286102295,0.7200000286102295,0
2022-09-07,0.7200000286102295,0.7200000286102295,0.7200000286102295,0.7200000286102295,0.7200000286102295,0
2022-09-08,0.7200000286102295,0.7200000286102295,0.7200000286102295,0.7200000286102295,0.7200000286102295,0
2022-09-09,0.7200000286102295,0.7200000286102295,0.7200000286102295,0.7200000286102295,0.7200000286102295,0
2022-09-13,0.7200000286102295,0.7200000286102295,0.7200000286102295,0.7200000286102295,0.7200000286102295,0
2022-09-14,0.7200000286102295,0.7200000286102295,0.7200000286102295,0.7200000286102295,0.7200000286102295,0
2022-09-15,0.7200000286102295,0.7200000286102295,0.7200000286102295,0.7200000286102295,0.7200000286102295,0
2022-09-16,0.7200000286102295,0.7200000286102295,0.7200000286102295,0.7200000286102295,0.7200000286102295,0
2022-09-19,0.7200000286102295,0.7200000286102295,0.7200000286102295,0.7200000286102295,0.7200000286102295,0
2022-09-20,0.7200000286102295,0.7200000286102295,0.7200000286102295,0.7200000286102295,0.7200000286102295,0
2022-09-21,0.7200000286102295,0.7200000286102295,0.7200000286102295,0.7200000286102295,0.7200000286102295,0
2022-09-22,0.7200000286102295,0.7200000286102295,0.7200000286102295,0.7200000286102295,0.7200000286102295,0
2022-09-23,0.7200000286102295,0.7200000286102295,0.7200000286102295,0.7200000286102295,0.7200000286102295,0
2022-09-26,0.7200000286102295,0.7200000286102295,0.7200000286102295,0.7200000286102295,0.7200000286102295,0
2022-09-27,0.7200000286102295,0.7200000286102295,0.7200000286102295,0.7200000286102295,0.7200000286102295,0
2022-09-28,0.7200000286102295,0.7200000286102295,0.7200000286102295,0.7200000286102295,0.7200000286102295,0
2022-09-29,0.7200000286102295,0.7200000286102295,0.7200000286102295,0.7200000286102295,0.7200000286102295,0
2022-09-30,0.7200000286102295,0.7200000286102295,0.7200000286102295,0.7200000286102295,0.7200000286102295,0
2022-10-03,0.7200000286102295,0.7200000286102295,0.7200000286102295,0.7200000286102295,0.7200000286102295,0
2022-10-05,0.7200000286102295,0.7200000286102295,0.7200000286102295,0.7200000286102295,0.7200000286102295,0
2022-10-06,0.7200000286102295,0.7200000286102295,0.7200000286102295,0.7200000286102295,0.7200000286102295,0
2022-10-07,0.7200000286102295,0.7200000286102295,0.7200000286102295,0.7200000286102295,0.7200000286102295,0
2022-10-10,0.7200000286102295,0.7200000286102295,0.7200000286102295,0.7200000286102295,0.7200000286102295,0
2022-10-11,0.7200000286102295,0.7200000286102295,0.7200000286102295,0.7200000286102295,0.7200000286102295,0
2022-10-12,0.7200000286102295,0.7200000286102295,0.7200000286102295,0.7200000286102295,0.7200000286102295,0
2022-10-13,0.7200000286102295,0.7200000286102295,0.7200000286102295,0.7200000286102295,0.7200000286102295,0
2022-10-14,0.7200000286102295,0.7200000286102295,0.7200000286102295,0.7200000286102295,0.7200000286102295,0
2022-10-17,0.7200000286102295,0.7200000286102295,0.7200000286102295,0.7200000286102295,0.7200000286102295,0
2022-10-18,0.7200000286102295,0.7200000286102295,0.7200000286102295,0.7200000286102295,0.7200000286102295,0
2022-10-19,0.7200000286102295,0.7200000286102295,0.7200000286102295,0.7200000286102295,0.7200000286102295,0
2022-10-20,0.7200000286102295,0.7200000286102295,0.7200000286102295,0.7200000286102295,0.7200000286102295,0
2022-10-21,0.7200000286102295,0.7200000286102295,0.7200000286102295,0.7200000286102295,0.7200000286102295,0
2022-10-24,0.7200000286102295,0.7200000286102295,0.7200000286102295,0.7200000286102295,0.7200000286102295,0
2022-10-25,0.7200000286102295,0.7200000286102295,0.7200000286102295,0.7200000286102295,0.7200000286102295,0
2022-10-26,0.7200000286102295,0.7200000286102295,0.7200000286102295,0.7200000286102295,0.7200000286102295,0
2022-10-27,0.7200000286102295,0.7200000286102295,0.7200000286102295,0.7200000286102295,0.7200000286102295,0
2022-10-28,0.7200000286102295,0.7200000286102295,0.7200000286102295,0.7200000286102295,0.7200000286102295,0
2022-10-31,0.7200000286102295,0.7200000286102295,0.7200000286102295,0.7200000286102295,0.7200000286102295,0
2022-11-01,0.7200000286102295,0.7200000286102295,0.7200000286102295,0.7200000286102295,0.7200000286102295,0
2022-11-02,0.7200000286102295,0.7200000286102295,0.7200000286102295,0.7200000286102295,0.7200000286102295,0
2022-11-03,0.7200000286102295,0.7200000286102295,0.7200000286102295,0.7200000286102295,0.7200000286102295,0
2022-11-04,0.7200000286102295,0.7200000286102295,0.7200000286102295,0.7200000286102295,0.7200000286102295,0
2022-11-07,0.7200000286102295,0.7200000286102295,0.7200000286102295,0.7200000286102295,0.7200000286102295,0
2022-11-08,0.7200000286102295,0.7200000286102295,0.7200000286102295,0.7200000286102295,0.7200000286102295,0
2022-11-09,0.7200000286102295,0.7200000286102295,0.7200000286102295,0.7200000286102295,0.7200000286102295,0
2022-11-10,0.7200000286102295,0.7200000286102295,0.7200000286102295,0.7200000286102295,0.7200000286102295,0
2022-11-11,0.7200000286102295,0.7200000286102295,0.7200000286102295,0.7200000286102295,0.7200000286102295,0
2022-11-14,0.7200000286102295,0.7200000286102295,0.7200000286102295,0.7200000286102295,0.7200000286102295,0
2022-11-15,0.7200000286102295,0.7200000286102295,0.7200000286102295,0.7200000286102295,0.7200000286102295,0
2022-11-16,0.7200000286102295,0.7200000286102295,0.7200000286102295,0.7200000286102295,0.7200000286102295,0
2022-11-17,0.7200000286102295,0.7200000286102295,0.7200000286102295,0.7200000286102295,0.7200000286102295,0
2022-11-18,0.7200000286102295,0.7200000286102295,0.7200000286102295,0.7200000286102295,0.7200000286102295,0
2022-11-21,0.7200000286102295,0.7200000286102295,0.7200000286102295,0.7200000286102295,0.7200000286102295,0
2022-11-22,0.7200000286102295,0.7200000286102295,0.7200000286102295,0.7200000286102295,0.7200000286102295,0
2022-11-23,0.7200000286102295,0.7200000286102295,0.7200000286102295,0.7200000286102295,0.7200000286102295,0
2022-11-24,0.7200000286102295,0.7200000286102295,0.7200000286102295,0.7200000286102295,0.7200000286102295,0
2022-11-25,0.7200000286102295,0.7200000286102295,0.7200000286102295,0.7200000286102295,0.7200000286102295,0
2022-11-28,0.7200000286102295,0.7200000286102295,0.7200000286102295,0.7200000286102295,0.7200000286102295,0
2022-11-29,0.7200000286102295,0.7200000286102295,0.7200000286102295,0.7200000286102295,0.7200000286102295,0
2022-11-30,0.7200000286102295,0.7200000286102295,0.7200000286102295,0.7200000286102295,0.7200000286102295,0
2022-12-01,0.7200000286102295,0.7200000286102295,0.7200000286102295,0.7200000286102295,0.7200000286102295,0
2022-12-02,0.7200000286102295,0.7200000286102295,0.7200000286102295,0.7200000286102295,0.7200000286102295,0
2022-12-05,0.7200000286102295,0.7200000286102295,0.7200000286102295,0.7200000286102295,0.7200000286102295,0
2022-12-06,0.7200000286102295,0.7200000286102295,0.7200000286102295,0.7200000286102295,0.7200000286102295,0
2022-12-07,0.7200000286102295,0.7200000286102295,0.7200000286102295,0.7200000286102295,0.7200000286102295,0
2022-12-08,0.7200000286102295,0.7200000286102295,0.7200000286102295,0.7200000286102295,0.7200000286102295,0
2022-12-09,0.7200000286102295,0.7200000286102295,0.7200000286102295,0.7200000286102295,0.7200000286102295,0
2022-12-12,0.7200000286102295,0.7200000286102295,0.7200000286102295,0.7200000286102295,0.7200000286102295,0
2022-12-13,0.7200000286102295,0.7200000286102295,0.7200000286102295,0.7200000286102295,0.7200000286102295,0
2022-12-14,0.7200000286102295,0.7200000286102295,0.7200000286102295,0.7200000286102295,0.7200000286102295,0
2022-12-15,0.7200000286102295,0.7200000286102295,0.7200000286102295,0.7200000286102295,0.7200000286102295,0
2022-12-16,0.7200000286102295,0.7200000286102295,0.7200000286102295,0.7200000286102295,0.7200000286102295,0
2022-12-19,0.7200000286102295,0.7200000286102295,0.7200000286102295,0.7200000286102295,0.7200000286102295,0
2022-12-20,0.7200000286102295,0.7200000286102295,0.7200000286102295,0.7200000286102295,0.7200000286102295,0
2022-12-21,0.7200000286102295,0.7200000286102295,0.7200000286102295,0.7200000286102295,0.7200000286102295,0
2022-12-22,0.7200000286102295,0.7200000286102295,0.7200000286102295,0.7200000286102295,0.7200000286102295,0
2022-12-23,0.7200000286102295,0.7200000286102295,0.7200000286102295,0.7200000286102295,0.7200000286102295,0
2022-12-28,0.7200000286102295,0.7200000286102295,0.7200000286102295,0.7200000286102295,0.7200000286102295,0
2022-12-29,0.7200000286102295,0.7200000286102295,0.7200000286102295,0.7200000286102295,0.7200000286102295,0
2022-12-30,0.7200000286102295,0.7200000286102295,0.7200000286102295,0.7200000286102295,0.7200000286102295,0
2023-01-03,0.7200000286102295,0.7200000286102295,0.7200000286102295,0.7200000286102295,0.7200000286102295,0
2023-01-04,0.7200000286102295,0.7200000286102295,0.7200000286102295,0.7200000286102295,0.7200000286102295,0
2023-01-05,0.7200000286102295,0.7200000286102295,0.7200000286102295,0.7200000286102295,0.7200000286102295,0
2023-01-06,0.7200000286102295,0.7200000286102295,0.7200000286102295,0.7200000286102295,0.7200000286102295,0
2023-01-09,0.7200000286102295,0.7200000286102295,0.7200000286102295,0.7200000286102295,0.7200000286102295,0
2023-01-10,0.7200000286102295,0.7200000286102295,0.7200000286102295,0.7200000286102295,0.7200000286102295,0
2023-01-11,0.7200000286102295,0.7200000286102295,0.7200000286102295,0.7200000286102295,0.7200000286102295,0
2023-01-12,0.7200000286102295,0.7200000286102295,0.7200000286102295,0.7200000286102295,0.7200000286102295,0
2023-01-13,0.7200000286102295,0.7200000286102295,0.7200000286102295,0.7200000286102295,0.7200000286102295,0
2023-01-16,0.7200000286102295,0.7200000286102295,0.7200000286102295,0.7200000286102295,0.7200000286102295,0
2023-01-17,0.7200000286102295,0.7200000286102295,0.7200000286102295,0.7200000286102295,0.7200000286102295,0
2023-01-18,0.7200000286102295,0.7200000286102295,0.7200000286102295,0.7200000286102295,0.7200000286102295,0
2023-01-19,0.7200000286102295,0.7200000286102295,0.7200000286102295,0.7200000286102295,0.7200000286102295,0
2023-01-20,0.7200000286102295,0.7200000286102295,0.7200000286102295,0.7200000286102295,0.7200000286102295,0
2023-01-26,0.7200000286102295,0.7200000286102295,0.7200000286102295,0.7200000286102295,0.7200000286102295,0
2023-01-27,0.7200000286102295,0.7200000286102295,0.7200000286102295,0.7200000286102295,0.7200000286102295,0
2023-01-30,0.7200000286102295,0.7200000286102295,0.7200000286102295,0.7200000286102295,0.7200000286102295,0
2023-01-31,0.7200000286102295,0.7200000286102295,0.7200000286102295,0.7200000286102295,0.7200000286102295,0
2023-02-01,0.7200000286102295,0.7200000286102295,0.7200000286102295,0.7200000286102295,0.7200000286102295,0
2023-02-02,0.7200000286102295,0.7200000286102295,0.7200000286102295,0.7200000286102295,0.7200000286102295,0
2023-02-03,0.7200000286102295,0.7200000286102295,0.7200000286102295,0.7200000286102295,0.7200000286102295,0
2023-02-06,0.7200000286102295,0.7200000286102295,0.7200000286102295,0.7200000286102295,0.7200000286102295,0
2023-02-07,0.7200000286102295,0.7200000286102295,0.7200000286102295,0.7200000286102295,0.7200000286102295,0
2023-02-08,0.7200000286102295,0.7200000286102295,0.7200000286102295,0.7200000286102295,0.7200000286102295,0
2023-02-09,0.7200000286102295,0.7200000286102295,0.7200000286102295,0.7200000286102295,0.7200000286102295,0
2023-02-10,0.7200000286102295,0.7200000286102295,0.7200000286102295,0.7200000286102295,0.7200000286102295,0
2023-02-13,0.7200000286102295,0.7200000286102295,0.7200000286102295,0.7200000286102295,0.7200000286102295,0
2023-02-14,0.7200000286102295,0.7200000286102295,0.7200000286102295,0.7200000286102295,0.7200000286102295,0
2023-02-15,0.7200000286102295,0.7200000286102295,0.7200000286102295,0.7200000286102295,0.7200000286102295,0
2023-02-16,0.7200000286102295,0.7200000286102295,0.7200000286102295,0.7200000286102295,0.7200000286102295,0
2023-02-17,0.7200000286102295,0.7200000286102295,0.7200000286102295,0.7200000286102295,0.7200000286102295,0
2023-02-20,0.7200000286102295,0.7200000286102295,0.7200000286102295,0.7200000286102295,0.7200000286102295,0
2023-02-21,0.7200000286102295,0.7200000286102295,0.7200000286102295,0.7200000286102295,0.7200000286102295,0
2023-02-22,0.7200000286102295,0.7200000286102295,0.7200000286102295,0.7200000286102295,0.7200000286102295,0
2023-02-23,0.7200000286102295,0.7200000286102295,0.7200000286102295,0.7200000286102295,0.7200000286102295,0
2023-02-24,0.7200000286102295,0.7200000286102295,0.7200000286102295,0.7200000286102295,0.7200000286102295,0
2023-02-27,0.7200000286102295,0.7200000286102295,0.7200000286102295,0.7200000286102295,0.7200000286102295,0
2023-02-28,0.7200000286102295,0.7200000286102295,0.7200000286102295,0.7200000286102295,0.7200000286102295,0
2023-03-01,0.7200000286102295,0.7200000286102295,0.7200000286102295,0.7200000286102295,0.7200000286102295,0
2023-03-02,0.7200000286102295,0.7200000286102295,0.7200000286102295,0.7200000286102295,0.7200000286102295,0
2023-03-03,0.7200000286102295,0.7200000286102295,0.7200000286102295,0.7200000286102295,0.7200000286102295,0
2023-03-06,0.7200000286102295,0.7200000286102295,0.7200000286102295,0.7200000286102295,0.7200000286102295,0
2023-03-07,0.7200000286102295,0.7200000286102295,0.7200000286102295,0.7200000286102295,0.7200000286102295,0
2023-03-08,0.7200000286102295,0.7200000286102295,0.7200000286102295,0.7200000286102295,0.7200000286102295,0
2023-03-09,0.7200000286102295,0.7200000286102295,0.7200000286102295,0.7200000286102295,0.7200000286102295,0
2023-03-10,0.7200000286102295,0.7200000286102295,0.7200000286102295,0.7200000286102295,0.7200000286102295,0
2023-03-13,0.7200000286102295,0.7200000286102295,0.7200000286102295,0.7200000286102295,0.7200000286102295,0
2023-03-14,0.7200000286102295,0.7200000286102295,0.7200000286102295,0.7200000286102295,0.7200000286102295,0
2023-03-15,0.7200000286102295,0.7200000286102295,0.7200000286102295,0.7200000286102295,0.7200000286102295,0
2023-03-16,0.7200000286102295,0.7200000286102295,0.7200000286102295,0.7200000286102295,0.7200000286102295,0
2023-03-17,0.7200000286102295,0.7200000286102295,0.7200000286102295,0.7200000286102295,0.7200000286102295,0
2023-03-20,0.7200000286102295,0.7200000286102295,0.7200000286102295,0.7200000286102295,0.7200000286102295,0
2023-03-21,0.7200000286102295,0.7200000286102295,0.7200000286102295,0.7200000286102295,0.7200000286102295,0
2023-03-22,0.7200000286102295,0.7200000286102295,0.7200000286102295,0.7200000286102295,0.7200000286102295,0
2023-03-23,0.7200000286102295,0.7200000286102295,0.7200000286102295,0.7200000286102295,0.7200000286102295,0
2023-03-24,0.7200000286102295,0.7200000286102295,0.7200000286102295,0.7200000286102295,0.7200000286102295,0
2023-03-27,0.7200000286102295,0.7200000286102295,0.7200000286102295,0.7200000286102295,0.7200000286102295,0
2023-03-28,0.7200000286102295,0.7200000286102295,0.7200000286102295,0.7200000286102295,0.7200000286102295,0
2023-03-29,0.7200000286102295,0.7200000286102295,0.7200000286102295,0.7200000286102295,0.7200000286102295,0
2023-03-30,0.7200000286102295,0.7200000286102295,0.7200000286102295,0.7200000286102295,0.7200000286102295,0
2023-03-31,0.7200000286102295,0.7200000286102295,0.7200000286102295,0.7200000286102295,0.7200000286102295,0
2023-04-03,0.7200000286102295,0.7200000286102295,0.7200000286102295,0.7200000286102295,0.7200000286102295,0
2023-04-04,0.7200000286102295,0.7200000286102295,0.7200000286102295,0.7200000286102295,0.7200000286102295,0
2023-04-06,0.7200000286102295,0.7200000286102295,0.7200000286102295,0.7200000286102295,0.7200000286102295,0
2023-04-11,0.7200000286102295,0.7200000286102295,0.7200000286102295,0.7200000286102295,0.7200000286102295,0
2023-04-12,0.7200000286102295,0.7200000286102295,0.7200000286102295,0.7200000286102295,0.7200000286102295,0
2023-04-13,0.7200000286102295,0.7200000286102295,0.7200000286102295,0.7200000286102295,0.7200000286102295,0
2023-04-14,0.7200000286102295,0.7200000286102295,0.7200000286102295,0.7200000286102295,0.7200000286102295,0
2023-04-17,0.7200000286102295,0.7200000286102295,0.7200000286102295,0.7200000286102295,0.7200000286102295,0
2023-04-18,0.7200000286102295,0.7200000286102295,0.7200000286102295,0.7200000286102295,0.7200000286102295,0
2023-04-19,0.7200000286102295,0.7200000286102295,0.7200000286102295,0.7200000286102295,0.7200000286102295,0
2023-04-20,0.7200000286102295,0.7200000286102295,0.7200000286102295,0.7200000286102295,0.7200000286102295,0
2023-04-21,0.7200000286102295,0.7200000286102295,0.7200000286102295,0.7200000286102295,0.7200000286102295,0
2023-04-24,0.7200000286102295,0.7200000286102295,0.7200000286102295,0.7200000286102295,0.7200000286102295,0
2023-04-25,0.7200000286102295,0.7200000286102295,0.7200000286102295,0.7200000286102295,0.7200000286102295,0
2023-04-26,0.7200000286102295,0.7200000286102295,0.7200000286102295,0.7200000286102295,0.7200000286102295,0
2023-04-27,0.7200000286102295,0.7200000286102295,0.7200000286102295,0.7200000286102295,0.7200000286102295,0
2023-04-28,0.7200000286102295,0.7200000286102295,0.7200000286102295,0.7200000286102295,0.7200000286102295,0
2023-05-02,0.7200000286102295,0.7200000286102295,0.7200000286102295,0.7200000286102295,0.7200000286102295,0
2023-05-03,0.7200000286102295,0.7200000286102295,0.7200000286102295,0.7200000286102295,0.7200000286102295,0
2023-05-04,0.7200000286102295,0.7200000286102295,0.7200000286102295,0.7200000286102295,0.7200000286102295,0
2023-05-05,0.7200000286102295,0.7200000286102295,0.7200000286102295,0.7200000286102295,0.7200000286102295,0
2023-05-08,0.7200000286102295,0.7200000286102295,0.7200000286102295,0.7200000286102295,0.7200000286102295,0
2023-05-09,0.7200000286102295,0.7200000286102295,0.7200000286102295,0.7200000286102295,0.7200000286102295,0
2023-05-10,0.7200000286102295,0.7200000286102295,0.7200000286102295,0.7200000286102295,0.7200000286102295,0
2023-05-11,0.7200000286102295,0.7200000286102295,0.7200000286102295,0.7200000286102295,0.7200000286102295,0
2023-05-12,0.7200000286102295,0.7200000286102295,0.7200000286102295,0.7200000286102295,0.7200000286102295,0
2023-05-15,0.7200000286102295,0.7200000286102295,0.7200000286102295,0.7200000286102295,0.7200000286102295,0
2023-05-16,0.7200000286102295,0.7200000286102295,0.7200000286102295,0.7200000286102295,0.7200000286102295,0
2023-05-17,0.7200000286102295,0.7200000286102295,0.7200000286102295,0.7200000286102295,0.7200000286102295,0
2023-05-18,0.7200000286102295,0.7200000286102295,0.7200000286102295,0.7200000286102295,0.7200000286102295,0
2023-05-19,0.7200000286102295,0.7200000286102295,0.7200000286102295,0.7200000286102295,0.7200000286102295,0
2023-05-22,0.7200000286102295,0.7200000286102295,0.7200000286102295,0.7200000286102295,0.7200000286102295,0
2023-05-23,0.7200000286102295,0.7200000286102295,0.7200000286102295,0.7200000286102295,0.7200000286102295,0
2023-05-24,0.7200000286102295,0.7200000286102295,0.7200000286102295,0.7200000286102295,0.7200000286102295,0
2023-05-25,0.7200000286102295,0.7200000286102295,0.7200000286102295,0.7200000286102295,0.7200000286102295,0
2023-05-29,0.7200000286102295,0.7200000286102295,0.7200000286102295,0.7200000286102295,0.7200000286102295,0
2023-05-30,0.7200000286102295,0.7200000286102295,0.7200000286102295,0.7200000286102295,0.7200000286102295,0
2023-05-31,0.7200000286102295,0.7200000286102295,0.7200000286102295,0.7200000286102295,0.7200000286102295,0
2023-06-01,0.7200000286102295,0.7200000286102295,0.7200000286102295,0.7200000286102295,0.7200000286102295,0
2023-06-02,0.7200000286102295,0.7200000286102295,0.7200000286102295,0.7200000286102295,0.7200000286102295,0
2023-06-05,0.7200000286102295,0.7200000286102295,0.7200000286102295,0.7200000286102295,0.7200000286102295,0
2023-06-06,0.7200000286102295,0.7200000286102295,0.7200000286102295,0.7200000286102295,0.7200000286102295,0
2023-06-07,0.7200000286102295,0.7200000286102295,0.7200000286102295,0.7200000286102295,0.7200000286102295,0
2023-06-08,0.7200000286102295,0.7200000286102295,0.7200000286102295,0.7200000286102295,0.7200000286102295,0
2023-06-09,0.7200000286102295,0.7200000286102295,0.7200000286102295,0.7200000286102295,0.7200000286102295,0
2023-06-12,0.7200000286102295,0.7200000286102295,0.7200000286102295,0.7200000286102295,0.7200000286102295,0
2023-06-13,0.7200000286102295,0.7200000286102295,0.7200000286102295,0.7200000286102295,0.7200000286102295,0
2023-06-14,0.7200000286102295,0.7200000286102295,0.7200000286102295,0.7200000286102295,0.7200000286102295,0
2023-06-15,0.7200000286102295,0.7200000286102295,0.7200000286102295,0.7200000286102295,0.7200000286102295,0
2023-06-16,0.7200000286102295,0.7200000286102295,0.7200000286102295,0.7200000286102295,0.7200000286102295,0
2023-06-19,0.7200000286102295,0.7200000286102295,0.7200000286102295,0.7200000286102295,0.7200000286102295,0
2023-06-20,0.7200000286102295,0.7200000286102295,0.7200000286102295,0.7200000286102295,0.7200000286102295,0
2023-06-21,0.7200000286102295,0.7200000286102295,0.7200000286102295,0.7200000286102295,0.7200000286102295,0
2023-06-23,0.7200000286102295,0.7200000286102295,0.7200000286102295,0.7200000286102295,0.7200000286102295,0
2023-06-26,0.7200000286102295,0.7200000286102295,0.7200000286102295,0.7200000286102295,0.7200000286102295,0
2023-06-27,0.7200000286102295,0.7200000286102295,0.7200000286102295,0.7200000286102295,0.7200000286102295,0
2023-06-28,0.7200000286102295,0.7200000286102295,0.7200000286102295,0.7200000286102295,0.7200000286102295,0
2023-06-29,0.7200000286102295,0.7200000286102295,0.7200000286102295,0.7200000286102295,0.7200000286102295,0
2023-06-30,0.7200000286102295,0.7200000286102295,0.7200000286102295,0.7200000286102295,0.7200000286102295,0
2023-07-03,0.7200000286102295,0.7200000286102295,0.7200000286102295,0.7200000286102295,0.7200000286102295,0
2023-07-04,0.7200000286102295,0.7200000286102295,0.7200000286102295,0.7200000286102295,0.7200000286102295,0
2023-07-05,0.7200000286102295,0.7200000286102295,0.7200000286102295,0.7200000286102295,0.7200000286102295,0
2023-07-06,0.7200000286102295,0.7200000286102295,0.7200000286102295,0.7200000286102295,0.7200000286102295,0
2023-07-07,0.7200000286102295,0.7200000286102295,0.7200000286102295,0.7200000286102295,0.7200000286102295,0
2023-07-10,0.7200000286102295,0.7200000286102295,0.7200000286102295,0.7200000286102295,0.7200000286102295,0
2023-07-11,0.7200000286102295,0.7200000286102295,0.7200000286102295,0.7200000286102295,0.7200000286102295,0
2023-07-12,0.7200000286102295,0.7200000286102295,0.7200000286102295,0.7200000286102295,0.7200000286102295,0
2023-07-13,0.7200000286102295,0.7200000286102295,0.7200000286102295,0.7200000286102295,0.7200000286102295,0
2023-07-14,0.7200000286102295,0.7200000286102295,0.7200000286102295,0.7200000286102295,0.7200000286102295,0
2023-07-18,0.7200000286102295,0.7200000286102295,0.7200000286102295,0.7200000286102295,0.7200000286102295,0
2023-07-19,0.7200000286102295,0.7200000286102295,0.7200000286102295,0.7200000286102295,0.7200000286102295,0
2023-07-20,0.7200000286102295,0.7200000286102295,0.7200000286102295,0.7200000286102295,0.7200000286102295,0
2023-07-21,0.7200000286102295,0.7200000286102295,0.7200000286102295,0.7200000286102295,0.7200000286102295,0
2023-07-24,0.7200000286102295,0.7200000286102295,0.7200000286102295,0.7200000286102295,0.7200000286102295,0
2023-07-25,0.7200000286102295,0.7200000286102295,0.7200000286102295,0.7200000286102295,0.7200000286102295,0
2023-07-26,0.7200000286102295,0.7200000286102295,0.7200000286102295,0.7200000286102295,0.7200000286102295,0
2023-07-27,0.7200000286102295,0.7200000286102295,0.7200000286102295,0.7200000286102295,0.7200000286102295,0
2023-07-28,0.7200000286102295,0.7200000286102295,0.7200000286102295,0.7200000286102295,0.7200000286102295,0
2023-07-31,0.7200000286102295,0.7200000286102295,0.7200000286102295,0.7200000286102295,0.7200000286102295,0
2023-08-01,0.7200000286102295,0.7200000286102295,0.7200000286102295,0.7200000286102295,0.7200000286102295,0
2023-08-02,0.7200000286102295,0.7200000286102295,0.7200000286102295,0.7200000286102295,0.7200000286102295,0
2023-08-03,0.7200000286102295,0.7200000286102295,0.7200000286102295,0.7200000286102295,0.7200000286102295,0
2023-08-04,0.7200000286102295,0.7200000286102295,0.7200000286102295,0.7200000286102295,0.7200000286102295,0
2023-08-07,0.7200000286102295,0.7200000286102295,0.7200000286102295,0.7200000286102295,0.7200000286102295,0
2023-08-08,0.7200000286102295,0.7200000286102295,0.7200000286102295,0.7200000286102295,0.7200000286102295,0
2023-08-09,0.7200000286102295,0.7200000286102295,0.7200000286102295,0.7200000286102295,0.7200000286102295,0
2023-08-10,0.7200000286102295,0.7200000286102295,0.7200000286102295,0.7200000286102295,0.7200000286102295,0
2023-08-11,0.7200000286102295,0.7200000286102295,0.7200000286102295,0.7200000286102295,0.7200000286102295,0
2023-08-14,0.7200000286102295,0.7200000286102295,0.7200000286102295,0.7200000286102295,0.7200000286102295,0
2023-08-15,0.7200000286102295,0.7200000286102295,0.7200000286102295,0.7200000286102295,0.7200000286102295,0
2023-08-16,0.7200000286102295,0.7200000286102295,0.7200000286102295,0.7200000286102295,0.7200000286102295,0
2023-08-17,0.7200000286102295,0.7200000286102295,0.7200000286102295,0.7200000286102295,0.7200000286102295,0
2023-08-18,0.7200000286102295,0.7200000286102295,0.7200000286102295,0.7200000286102295,0.7200000286102295,0
2023-08-21,0.7200000286102295,0.7200000286102295,0.7200000286102295,0.7200000286102295,0.7200000286102295,0
2023-08-22,0.7200000286102295,0.7200000286102295,0.7200000286102295,0.7200000286102295,0.7200000286102295,0
2023-08-23,0.7200000286102295,0.7200000286102295,0.7200000286102295,0.7200000286102295,0.7200000286102295,0
2023-08-24,0.7200000286102295,0.7200000286102295,0.7200000286102295,0.7200000286102295,0.7200000286102295,0
2023-08-25,0.7200000286102295,0.7200000286102295,0.7200000286102295,0.7200000286102295,0.7200000286102295,0
2023-08-28,0.7200000286102295,0.7200000286102295,0.7200000286102295,0.7200000286102295,0.7200000286102295,0
2023-08-29,0.7200000286102295,0.7200000286102295,0.7200000286102295,0.7200000286102295,0.7200000286102295,0
2023-08-30,0.7200000286102295,0.7200000286102295,0.7200000286102295,0.7200000286102295,0.7200000286102295,0
2023-08-31,0.7200000286102295,0.7200000286102295,0.7200000286102295,0.7200000286102295,0.7200000286102295,0
2023-09-04,0.7200000286102295,0.7200000286102295,0.7200000286102295,0.7200000286102295,0.7200000286102295,0
2023-09-05,0.7200000286102295,0.7200000286102295,0.7200000286102295,0.7200000286102295,0.7200000286102295,0
2023-09-06,0.7200000286102295,0.7200000286102295,0.7200000286102295,0.7200000286102295,0.7200000286102295,0
2023-09-07,0.7200000286102295,0.7200000286102295,0.7200000286102295,0.7200000286102295,0.7200000286102295,0
2023-09-11,0.7200000286102295,0.7200000286102295,0.7200000286102295,0.7200000286102295,0.7200000286102295,0
2023-09-12,0.7200000286102295,0.7200000286102295,0.7200000286102295,0.7200000286102295,0.7200000286102295,0
2023-09-13,0.7200000286102295,0.7200000286102295,0.7200000286102295,0.7200000286102295,0.7200000286102295,0
2023-09-14,0.7200000286102295,0.7200000286102295,0.7200000286102295,0.7200000286102295,0.7200000286102295,0
2023-09-15,0.7200000286102295,0.7200000286102295,0.7200000286102295,0.7200000286102295,0.7200000286102295,0
2023-09-18,0.7200000286102295,0.7200000286102295,0.7200000286102295,0.7200000286102295,0.7200000286102295,0
2023-09-19,0.7200000286102295,0.7200000286102295,0.7200000286102295,0.7200000286102295,0.7200000286102295,0
2023-09-20,0.7200000286102295,0.7200000286102295,0.7200000286102295,0.7200000286102295,0.7200000286102295,0
2023-09-21,0.7200000286102295,0.7200000286102295,0.7200000286102295,0.7200000286102295,0.7200000286102295,0
2023-09-22,0.7200000286102295,0.7200000286102295,0.7200000286102295,0.7200000286102295,0.7200000286102295,0
2023-09-25,0.7200000286102295,0.7200000286102295,0.7200000286102295,0.7200000286102295,0.7200000286102295,0
2023-09-26,0.7200000286102295,0.7200000286102295,0.7200000286102295,0.7200000286102295,0.7200000286102295,0
2023-09-27,0.7200000286102295,0.7200000286102295,0.7200000286102295,0.7200000286102295,0.7200000286102295,0
2023-09-28,0.7200000286102295,0.7200000286102295,0.7200000286102295,0.7200000286102295,0.7200000286102295,0
2023-09-29,0.7200000286102295,0.7200000286102295,0.7200000286102295,0.7200000286102295,0.7200000286102295,0
2023-10-03,0.7200000286102295,0.7200000286102295,0.7200000286102295,0.7200000286102295,0.7200000286102295,0
2023-10-04,0.7200000286102295,0.7200000286102295,0.7200000286102295,0.7200000286102295,0.7200000286102295,0
2023-10-05,0.7200000286102295,0.7200000286102295,0.7200000286102295,0.7200000286102295,0.7200000286102295,0
2023-10-06,0.7200000286102295,0.7200000286102295,0.7200000286102295,0.7200000286102295,0.7200000286102295,0
2023-10-09,0.7200000286102295,0.7200000286102295,0.7200000286102295,0.7200000286102295,0.7200000286102295,0
2023-10-10,0.7200000286102295,0.7200000286102295,0.7200000286102295,0.7200000286102295,0.7200000286102295,0
2023-10-11,0.7200000286102295,0.7200000286102295,0.7200000286102295,0.7200000286102295,0.7200000286102295,0
2023-10-12,0.7200000286102295,0.7200000286102295,0.7200000286102295,0.7200000286102295,0.7200000286102295,0
2023-10-13,0.7200000286102295,0.7200000286102295,0.7200000286102295,0.7200000286102295,0.7200000286102295,0
2023-10-16,0.7200000286102295,0.7200000286102295,0.7200000286102295,0.7200000286102295,0.7200000286102295,0
2023-10-17,0.7200000286102295,0.7200000286102295,0.7200000286102295,0.7200000286102295,0.7200000286102295,0
2023-10-18,0.7200000286102295,0.7200000286102295,0.7200000286102295,0.7200000286102295,0.7200000286102295,0
2023-10-19,0.7200000286102295,0.7200000286102295,0.7200000286102295,0.7200000286102295,0.7200000286102295,0
2023-10-20,0.7200000286102295,0.7200000286102295,0.7200000286102295,0.7200000286102295,0.7200000286102295,0
2023-10-24,0.7200000286102295,0.7200000286102295,0.7200000286102295,0.7200000286102295,0.7200000286102295,0
2023-10-25,0.7200000286102295,0.7200000286102295,0.7200000286102295,0.7200000286102295,0.7200000286102295,0
2023-10-26,0.7200000286102295,0.7200000286102295,0.7200000286102295,0.7200000286102295,0.7200000286102295,0
2023-10-27,0.7200000286102295,0.7200000286102295,0.7200000286102295,0.7200000286102295,0.7200000286102295,0
2023-10-30,0.7200000286102295,0.7200000286102295,0.7200000286102295,0.7200000286102295,0.7200000286102295,0
2023-10-31,0.7200000286102295,0.7200000286102295,0.7200000286102295,0.7200000286102295,0.7200000286102295,0
2023-11-01,0.7200000286102295,0.7200000286102295,0.7200000286102295,0.7200000286102295,0.7200000286102295,0
2023-11-02,0.7200000286102295,0.7200000286102295,0.7200000286102295,0.7200000286102295,0.7200000286102295,0
2023-11-03,0.7200000286102295,0.7200000286102295,0.7200000286102295,0.7200000286102295,0.7200000286102295,0
2023-11-06,0.7200000286102295,0.7200000286102295,0.7200000286102295,0.7200000286102295,0.7200000286102295,0
2023-11-07,0.7200000286102295,0.7200000286102295,0.7200000286102295,0.7200000286102295,0.7200000286102295,0
2023-11-08,0.7200000286102295,0.7200000286102295,0.7200000286102295,0.7200000286102295,0.7200000286102295,0
2023-11-09,0.7200000286102295,0.7200000286102295,0.7200000286102295,0.7200000286102295,0.7200000286102295,0
2023-11-10,0.7200000286102295,0.7200000286102295,0.7200000286102295,0.7200000286102295,0.7200000286102295,0
2023-11-13,0.7200000286102295,0.7200000286102295,0.7200000286102295,0.7200000286102295,0.7200000286102295,0
2023-11-14,0.7200000286102295,0.7200000286102295,0.7200000286102295,0.7200000286102295,0.7200000286102295,0
2023-11-15,0.7200000286102295,0.7200000286102295,0.7200000286102295,0.7200000286102295,0.7200000286102295,0
2023-11-16,0.7200000286102295,0.7200000286102295,0.7200000286102295,0.7200000286102295,0.7200000286102295,0
2023-11-17,0.7200000286102295,0.7200000286102295,0.7200000286102295,0.7200000286102295,0.7200000286102295,0
2023-11-20,0.7200000286102295,0.7200000286102295,0.7200000286102295,0.7200000286102295,0.7200000286102295,0
2023-11-21,0.7200000286102295,0.7200000286102295,0.7200000286102295,0.7200000286102295,0.7200000286102295,0
2023-11-22,0.7200000286102295,0.7200000286102295,0.7200000286102295,0.7200000286102295,0.7200000286102295,0
2023-11-23,0.7200000286102295,0.7200000286102295,0.7200000286102295,0.7200000286102295,0.7200000286102295,0
2023-11-24,0.7200000286102295,0.7200000286102295,0.7200000286102295,0.7200000286102295,0.7200000286102295,0
2023-11-27,0.7200000286102295,0.7200000286102295,0.7200000286102295,0.7200000286102295,0.7200000286102295,0
2023-11-28,0.7200000286102295,0.7200000286102295,0.7200000286102295,0.7200000286102295,0.7200000286102295,0
2023-11-29,0.7200000286102295,0.7200000286102295,0.7200000286102295,0.7200000286102295,0.7200000286102295,0
2023-11-30,0.7200000286102295,0.7200000286102295,0.7200000286102295,0.7200000286102295,0.7200000286102295,0
2023-12-01,0.7200000286102295,0.7200000286102295,0.7200000286102295,0.7200000286102295,0.7200000286102295,0
2023-12-04,0.7200000286102295,0.7200000286102295,0.7200000286102295,0.7200000286102295,0.7200000286102295,0
2023-12-05,0.7200000286102295,0.7200000286102295,0.7200000286102295,0.7200000286102295,0.7200000286102295,0
2023-12-06,0.7200000286102295,0.7200000286102295,0.7200000286102295,0.7200000286102295,0.7200000286102295,0
2023-12-07,0.7200000286102295,0.7200000286102295,0.7200000286102295,0.7200000286102295,0.7200000286102295,0
2023-12-08,0.7200000286102295,0.7200000286102295,0.7200000286102295,0.7200000286102295,0.7200000286102295,0
2023-12-11,0.7200000286102295,0.7200000286102295,0.7200000286102295,0.7200000286102295,0.7200000286102295,0
2023-12-12,0.7200000286102295,0.7200000286102295,0.7200000286102295,0.7200000286102295,0.7200000286102295,0
2023-12-13,0.7200000286102295,0.7200000286102295,0.7200000286102295,0.7200000286102295,0.7200000286102295,0
2023-12-14,0.7200000286102295,0.7200000286102295,0.7200000286102295,0.7200000286102295,0.7200000286102295,0
2023-12-15,0.7200000286102295,0.7200000286102295,0.7200000286102295,0.7200000286102295,0.7200000286102295,0
2023-12-18,0.7200000286102295,0.7200000286102295,0.7200000286102295,0.7200000286102295,0.7200000286102295,0
2023-12-19,0.7200000286102295,0.7200000286102295,0.7200000286102295,0.7200000286102295,0.7200000286102295,0
2023-12-20,0.7200000286102295,0.7200000286102295,0.7200000286102295,0.7200000286102295,0.7200000286102295,0
2023-12-21,0.7200000286102295,0.7200000286102295,0.7200000286102295,0.7200000286102295,0.7200000286102295,0
2023-12-22,0.7200000286102295,0.7200000286102295,0.7200000286102295,0.7200000286102295,0.7200000286102295,0
2023-12-27,0.7200000286102295,0.7200000286102295,0.7200000286102295,0.7200000286102295,0.7200000286102295,0
2023-12-28,0.7200000286102295,0.7200000286102295,0.7200000286102295,0.7200000286102295,0.7200000286102295,0
2023-12-29,0.7200000286102295,0.7200000286102295,0.7200000286102295,0.7200000286102295,0.7200000286102295,0
2024-01-02,0.7200000286102295,0.7200000286102295,0.7200000286102295,0.7200000286102295,0.7200000286102295,0
2024-01-03,0.1899999976158142,0.1899999976158142,0.0989999994635582,0.1080000028014183,0.1080000028014183,327106000
2024-01-04,0.1120000034570694,0.11299999803304672,0.09300000220537186,0.09600000083446503,0.09600000083446503,74516000
2024-01-05,0.10000000149011612,0.10000000149011612,0.08100000023841858,0.08299999684095383,0.08299999684095383,72146000
2024-01-08,0.08699999749660492,0.09799999743700027,0.0820000022649765,0.08399999886751175,0.08399999886751175,29408000
2024-01-09,0.08699999749660492,0.09200000017881393,0.0820000022649765,0.0820000022649765,0.0820000022649765,8700000
2024-01-10,0.08100000023841858,0.09399999678134918,0.07999999821186066,0.0860000029206276,0.0860000029206276,29834000
2024-01-11,0.0860000029206276,0.08699999749660492,0.07999999821186066,0.07999999821186066,0.07999999821186066,14648000
2024-01-12,0.07999999821186066,0.08399999886751175,0.07900000363588333,0.08100000023841858,0.08100000023841858,5214000
2024-01-15,0.08100000023841858,0.08100000023841858,0.08100000023841858,0.08100000023841858,0.08100000023841858,0
2024-01-16,0.07900000363588333,0.08500000089406967,0.07699999958276749,0.08100000023841858,0.08100000023841858,13050000
2024-01-17,0.07599999755620956,0.08100000023841858,0.07199999690055847,0.07400000095367432,0.07400000095367432,7602000
2024-01-18,0.07400000095367432,0.07800000160932541,0.07100000232458115,0.07500000298023224,0.07500000298023224,4968000
2024-01-19,0.07500000298023224,0.07500000298023224,0.07100000232458115,0.07400000095367432,0.07400000095367432,1446000
2024-01-22,0.07400000095367432,0.07800000160932541,0.06400000303983688,0.06800000369548798,0.06800000369548798,9092000
2024-01-23,0.06800000369548798,0.07199999690055847,0.06300000101327896,0.06700000166893005,0.06700000166893005,4910000
2024-01-24,0.06400000303983688,0.06800000369548798,0.06400000303983688,0.06700000166893005,0.06700000166893005,1912000
2024-01-25,0.06400000303983688,0.07100000232458115,0.06400000303983688,0.06599999964237213,0.06599999964237213,4476000
2024-01-26,0.06599999964237213,0.06700000166893005,0.05999999865889549,0.06300000101327896,0.06300000101327896,5900000
2024-01-29,0.0560000017285347,0.06300000101327896,0.0560000017285347,0.061000000685453415,0.061000000685453415,1060000
2024-01-30,0.061000000685453415,0.061000000685453415,0.054999999701976776,0.05900000035762787,0.05900000035762787,624000
2024-01-31,0.05900000035762787,0.05999999865889549,0.054999999701976776,0.057999998331069946,0.057999998331069946,6098000
2024-02-01,0.057999998331069946,0.06199999898672104,0.05700000002980232,0.061000000685453415,0.061000000685453415,2874000
2024-02-02,0.06199999898672104,0.06199999898672104,0.05700000002980232,0.061000000685453415,0.061000000685453415,1256000
2024-02-05,0.06300000101327896,0.06300000101327896,0.05700000002980232,0.061000000685453415,0.061000000685453415,288000
2024-02-06,0.06499999761581421,0.06499999761581421,0.05700000002980232,0.05999999865889549,0.05999999865889549,1060000
2024-02-07,0.05999999865889549,0.05999999865889549,0.05400000140070915,0.05700000002980232,0.05700000002980232,2786000
2024-02-08,0.05299999937415123,0.05700000002980232,0.05299999937415123,0.0560000017285347,0.0560000017285347,2126000
2024-02-09,0.0560000017285347,0.0560000017285347,0.0560000017285347,0.0560000017285347,0.0560000017285347,0
2024-02-14,0.0560000017285347,0.0560000017285347,0.04600000008940697,0.054999999701976776,0.054999999701976776,3216000
2024-02-15,0.05700000002980232,0.06499999761581421,0.054999999701976776,0.05999999865889549,0.05999999865889549,2304000
2024-02-16,0.05700000002980232,0.06400000303983688,0.054999999701976776,0.06400000303983688,0.06400000303983688,5002000
2024-02-19,0.06300000101327896,0.06300000101327896,0.06199999898672104,0.06199999898672104,0.06199999898672104,350000
2024-02-20,0.06199999898672104,0.0729999989271164,0.06199999898672104,0.07199999690055847,0.07199999690055847,6744000
2024-02-21,0.07199999690055847,0.08100000023841858,0.07000000029802322,0.07500000298023224,0.07500000298023224,30158000
2024-02-22,0.07599999755620956,0.07599999755620956,0.07000000029802322,0.0729999989271164,0.0729999989271164,3380000
2024-02-23,0.07199999690055847,0.07400000095367432,0.06599999964237213,0.0729999989271164,0.0729999989271164,7256000
2024-02-26,0.06800000369548798,0.0729999989271164,0.06700000166893005,0.0689999982714653,0.0689999982714653,4288000
2024-02-27,0.06700000166893005,0.07000000029802322,0.06400000303983688,0.07000000029802322,0.07000000029802322,2630000
2024-02-28,0.0689999982714653,0.07699999958276749,0.0689999982714653,0.07400000095367432,0.07400000095367432,8212000
2024-02-29,0.07100000232458115,0.07999999821186066,0.07000000029802322,0.07999999821186066,0.07999999821186066,6084000
2024-03-01,0.0729999989271164,0.0820000022649765,0.0729999989271164,0.0820000022649765,0.0820000022649765,21676000
2024-03-04,0.07599999755620956,0.07999999821186066,0.07500000298023224,0.07500000298023224,0.07500000298023224,6250000
2024-03-05,0.07500000298023224,0.07800000160932541,0.0689999982714653,0.07800000160932541,0.07800000160932541,4960000
2024-03-06,0.07400000095367432,0.07900000363588333,0.07400000095367432,0.07900000363588333,0.07900000363588333,788000
2024-03-07,0.07900000363588333,0.07900000363588333,0.07100000232458115,0.0729999989271164,0.0729999989271164,1810000
2024-03-08,0.07500000298023224,0.07599999755620956,0.07500000298023224,0.07599999755620956,0.07599999755620956,924000
2024-03-11,0.07199999690055847,0.07599999755620956,0.06800000369548798,0.07400000095367432,0.07400000095367432,2534000
2024-03-12,0.06800000369548798,0.07000000029802322,0.06700000166893005,0.07000000029802322,0.07000000029802322,2036000
2024-03-13,0.06800000369548798,0.06800000369548798,0.06199999898672104,0.06400000303983688,0.06400000303983688,1842000
2024-03-14,0.06400000303983688,0.06599999964237213,0.057999998331069946,0.05900000035762787,0.05900000035762787,1524000
2024-03-15,0.05900000035762787,0.0689999982714653,0.057999998331069946,0.06400000303983688,0.06400000303983688,1920000
2024-03-18,0.06199999898672104,0.06300000101327896,0.05999999865889549,0.06300000101327896,0.06300000101327896,664000
2024-03-19,0.05900000035762787,0.06599999964237213,0.05900000035762787,0.06599999964237213,0.06599999964237213,2178000
2024-03-20,0.061000000685453415,0.0689999982714653,0.061000000685453415,0.06800000369548798,0.06800000369548798,7910000
2024-03-21,0.06300000101327896,0.07000000029802322,0.06300000101327896,0.0689999982714653,0.0689999982714653,4866000
2024-03-22,0.06400000303983688,0.0689999982714653,0.06400000303983688,0.0689999982714653,0.0689999982714653,38000
2024-03-25,0.06700000166893005,0.06700000166893005,0.06199999898672104,0.06599999964237213,0.06599999964237213,182000
2024-03-26,0.06499999761581421,0.06599999964237213,0.06499999761581421,0.06599999964237213,0.06599999964237213,100000
2024-03-27,0.06599999964237213,0.06599999964237213,0.06599999964237213,0.06599999964237213,0.06599999964237213,10000
2024-03-28,0.05999999865889549,0.05999999865889549,0.03700000047683716,0.03999999910593033,0.03999999910593033,46464000
2024-04-02,0.03999999910593033,0.03999999910593033,0.03999999910593033,0.03999999910593033,0.03999999910593033,0
2024-04-03,0.03999999910593033,0.03999999910593033,0.03999999910593033,0.03999999910593033,0.03999999910593033,0
2024-04-05,0.050999999046325684,0.05700000002980232,0.04500000178813934,0.04699999839067459,0.04699999839067459,14950000
2024-04-08,0.04800000041723251,0.05400000140070915,0.04500000178813934,0.05400000140070915,0.05400000140070915,14122000
2024-04-09,0.05900000035762787,0.0820000022649765,0.05700000002980232,0.07000000029802322,0.07000000029802322,44966000
2024-04-10,0.07000000029802322,0.0729999989271164,0.05999999865889549,0.0689999982714653,0.0689999982714653,13862000
2024-04-11,0.061000000685453415,0.06300000101327896,0.05999999865889549,0.05999999865889549,0.05999999865889549,3494000
2024-04-12,0.05999999865889549,0.061000000685453415,0.05900000035762787,0.05900000035762787,0.05900000035762787,1180000
2024-04-15,0.05900000035762787,0.05900000035762787,0.04699999839067459,0.057999998331069946,0.057999998331069946,6616000
2024-04-16,0.050999999046325684,0.05400000140070915,0.05000000074505806,0.052000001072883606,0.052000001072883606,728000
2024-04-17,0.05900000035762787,0.05900000035762787,0.050999999046325684,0.05700000002980232,0.05700000002980232,10678000
2024-04-18,0.05000000074505806,0.05900000035762787,0.05000000074505806,0.05900000035762787,0.05900000035762787,3750000
2024-04-19,0.054999999701976776,0.05999999865889549,0.052000001072883606,0.05900000035762787,0.05900000035762787,10074000
2024-04-22,0.05400000140070915,0.05999999865889549,0.05299999937415123,0.05999999865889549,0.05999999865889549,11912000
2024-04-23,0.057999998331069946,0.057999998331069946,0.0560000017285347,0.057999998331069946,0.057999998331069946,1242000
2024-04-24,0.0560000017285347,0.0689999982714653,0.04699999839067459,0.05900000035762787,0.05900000035762787,6444000
2024-04-25,0.05700000002980232,0.05700000002980232,0.05700000002980232,0.05700000002980232,0.05700000002980232,0
2024-04-26,0.05299999937415123,0.057999998331069946,0.052000001072883606,0.057999998331069946,0.057999998331069946,1532000
2024-04-29,0.057999998331069946,0.057999998331069946,0.057999998331069946,0.05700000002980232,0.05700000002980232,12000
2024-04-30,0.06199999898672104,0.06199999898672104,0.052000001072883606,0.05999999865889549,0.05999999865889549,532000
2024-05-02,0.05999999865889549,0.05999999865889549,0.05999999865889549,0.05999999865889549,0.05999999865889549,0
2024-05-03,0.05900000035762787,0.05999999865889549,0.05900000035762787,0.05900000035762787,0.05900000035762787,312000
2024-05-06,0.061000000685453415,0.06199999898672104,0.054999999701976776,0.061000000685453415,0.061000000685453415,6266000
2024-05-07,0.05900000035762787,0.05900000035762787,0.05900000035762787,0.05900000035762787,0.05900000035762787,0
2024-05-08,0.057999998331069946,0.06199999898672104,0.057999998331069946,0.05999999865889549,0.05999999865889549,464000
2024-05-09,0.05999999865889549,0.05999999865889549,0.05999999865889549,0.05999999865889549,0.05999999865889549,0
2024-05-10,0.05400000140070915,0.06400000303983688,0.05400000140070915,0.061000000685453415,0.061000000685453415,6634000
2024-05-13,0.06800000369548798,0.06800000369548798,0.057999998331069946,0.06300000101327896,0.06300000101327896,3444000
2024-05-14,0.057999998331069946,0.06300000101327896,0.0560000017285347,0.0560000017285347,0.0560000017285347,1752000
2024-05-16,0.05400000140070915,0.06199999898672104,0.052000001072883606,0.061000000685453415,0.061000000685453415,7536000
2024-05-17,0.06599999964237213,0.0689999982714653,0.06499999761581421,0.0689999982714653,0.0689999982714653,6912000
2024-05-20,0.07900000363588333,0.0949999988079071,0.07599999755620956,0.0820000022649765,0.0820000022649765,41912000
2024-05-21,0.08699999749660492,0.08699999749660492,0.0689999982714653,0.07699999958276749,0.07699999958276749,7902000
2024-05-22,0.07699999958276749,0.0820000022649765,0.06700000166893005,0.07699999958276749,0.07699999958276749,9796000
2024-05-23,0.07199999690055847,0.07800000160932541,0.06499999761581421,0.07100000232458115,0.07100000232458115,9150000
2024-05-24,0.0689999982714653,0.07699999958276749,0.0689999982714653,0.07199999690055847,0.07199999690055847,10866000
2024-05-27,0.07000000029802322,0.0729999989271164,0.06800000369548798,0.06800000369548798,0.06800000369548798,9300000
2024-05-28,0.06499999761581421,0.0689999982714653,0.06499999761581421,0.06599999964237213,0.06599999964237213,3338000
2024-05-29,0.06400000303983688,0.06400000303983688,0.061000000685453415,0.06400000303983688,0.06400000303983688,1286000
2024-05-30,0.06199999898672104,0.06300000101327896,0.06199999898672104,0.06300000101327896,0.06300000101327896,622000
2024-05-31,0.06300000101327896,0.07199999690055847,0.06199999898672104,0.0689999982714653,0.0689999982714653,2154000
2024-06-03,0.06499999761581421,0.06499999761581421,0.061000000685453415,0.06400000303983688,0.06400000303983688,1086000
2024-06-04,0.061000000685453415,0.06400000303983688,0.061000000685453415,0.06400000303983688,0.06400000303983688,90000
2024-06-05,0.06300000101327896,0.06300000101327896,0.061000000685453415,0.06199999898672104,0.06199999898672104,812000
2024-06-06,0.061000000685453415,0.06199999898672104,0.05999999865889549,0.061000000685453415,0.061000000685453415,1100000
2024-06-07,0.05700000002980232,0.05700000002980232,0.05700000002980232,0.05700000002980232,0.05700000002980232,0
2024-06-11,0.054999999701976776,0.054999999701976776,0.04899999871850014,0.05000000074505806,0.05000000074505806,5728000
2024-06-12,0.05400000140070915,0.054999999701976776,0.05400000140070915,0.054999999701976776,0.054999999701976776,444000
2024-06-13,0.054999999701976776,0.054999999701976776,0.04899999871850014,0.04899999871850014,0.04899999871850014,2526000
2024-06-14,0.04800000041723251,0.04899999871850014,0.04500000178813934,0.04500000178813934,0.04500000178813934,1568000
2024-06-17,0.04399999976158142,0.04399999976158142,0.03999999910593033,0.0430000014603138,0.0430000014603138,1484000
2024-06-18,0.03999999910593033,0.0430000014603138,0.039000000804662704,0.0430000014603138,0.0430000014603138,716000
2024-06-19,0.04100000113248825,0.04899999871850014,0.04100000113248825,0.04800000041723251,0.04800000041723251,20000
2024-06-20,0.04800000041723251,0.04800000041723251,0.04800000041723251,0.04800000041723251,0.04800000041723251,0
2024-06-21,0.05000000074505806,0.05000000074505806,0.04800000041723251,0.05000000074505806,0.05000000074505806,2076000
2024-06-24,0.050999999046325684,0.050999999046325684,0.050999999046325684,0.05000000074505806,0.05000000074505806,0
2024-06-25,0.050999999046325684,0.054999999701976776,0.04800000041723251,0.05400000140070915,0.05400000140070915,3226000
2024-06-26,0.05000000074505806,0.06599999964237213,0.04899999871850014,0.05700000002980232,0.05700000002980232,3290000
2024-06-27,0.057999998331069946,0.057999998331069946,0.05000000074505806,0.057999998331069946,0.057999998331069946,592000
2024-06-28,0.050999999046325684,0.052000001072883606,0.05000000074505806,0.050999999046325684,0.050999999046325684,902000
2024-07-02,0.050999999046325684,0.050999999046325684,0.050999999046325684,0.050999999046325684,0.050999999046325684,0
2024-07-03,0.050999999046325684,0.050999999046325684,0.050999999046325684,0.050999999046325684,0.050999999046325684,0
2024-07-04,0.04600000008940697,0.04699999839067459,0.04399999976158142,0.04699999839067459,0.04699999839067459,774000
2024-07-08,0.04800000041723251,0.04800000041723251,0.04500000178813934,0.04600000008940697,0.04600000008940697,782000
2024-07-09,0.04600000008940697,0.04600000008940697,0.04500000178813934,0.04600000008940697,0.04600000008940697,552000
2024-07-10,0.04600000008940697,0.04800000041723251,0.04600000008940697,0.04800000041723251,0.04800000041723251,302000
2024-07-11,0.04699999839067459,0.04699999839067459,0.04600000008940697,0.04600000008940697,0.04600000008940697,56000
2024-07-12,0.04600000008940697,0.054999999701976776,0.04500000178813934,0.052000001072883606,0.052000001072883606,862000
2024-07-15,0.05000000074505806,0.05000000074505806,0.05000000074505806,0.05000000074505806,0.05000000074505806,0
2024-07-16,0.04899999871850014,0.04899999871850014,0.04899999871850014,0.04800000041723251,0.04800000041723251,20000
2024-07-17,0.04600000008940697,0.05700000002980232,0.04600000008940697,0.04600000008940697,0.04600000008940697,482000
2024-07-18,0.04500000178813934,0.04500000178813934,0.04500000178813934,0.04500000178813934,0.04500000178813934,82000
2024-07-19,0.04500000178813934,0.0560000017285347,0.04500000178813934,0.05400000140070915,0.05400000140070915,470000
2024-07-22,0.04699999839067459,0.04800000041723251,0.04600000008940697,0.04699999839067459,0.04699999839067459,324000
2024-07-23,0.04500000178813934,0.04699999839067459,0.0430000014603138,0.04699999839067459,0.04699999839067459,460000
2024-07-24,0.04500000178813934,0.04500000178813934,0.03999999910593033,0.04100000113248825,0.04100000113248825,342000
2024-07-25,0.041999999433755875,0.04699999839067459,0.041999999433755875,0.04699999839067459,0.04699999839067459,46000
2024-07-26,0.04100000113248825,0.04600000008940697,0.04100000113248825,0.04600000008940697,0.04600000008940697,44000
2024-07-29,0.041999999433755875,0.041999999433755875,0.041999999433755875,0.041999999433755875,0.041999999433755875,230000
2024-07-30,0.041999999433755875,0.041999999433755875,0.041999999433755875,0.041999999433755875,0.041999999433755875,0
2024-07-31,0.04100000113248825,0.04100000113248825,0.035999998450279236,0.035999998450279236,0.035999998450279236,36000
2024-08-01,0.0430000014603138,0.0430000014603138,0.0430000014603138,0.0430000014603138,0.0430000014603138,0
2024-08-02,0.03999999910593033,0.05000000074505806,0.03999999910593033,0.04500000178813934,0.04500000178813934,1994000
2024-08-05,0.04500000178813934,0.05000000074505806,0.04500000178813934,0.05000000074505806,0.05000000074505806,1404000
2024-08-06,0.05000000074505806,0.05000000074505806,0.05000000074505806,0.05000000074505806,0.05000000074505806,0
2024-08-07,0.04500000178813934,0.04500000178813934,0.04399999976158142,0.04399999976158142,0.04399999976158142,622000
2024-08-08,0.04500000178813934,0.04500000178813934,0.03999999910593033,0.0430000014603138,0.0430000014603138,1222000
2024-08-09,0.04100000113248825,0.04500000178813934,0.03999999910593033,0.04500000178813934,0.04500000178813934,748000
2024-08-12,0.03999999910593033,0.0430000014603138,0.03999999910593033,0.0430000014603138,0.0430000014603138,254000
2024-08-13,0.04399999976158142,0.04399999976158142,0.03999999910593033,0.041999999433755875,0.041999999433755875,278000
2024-08-14,0.03999999910593033,0.0430000014603138,0.03999999910593033,0.0430000014603138,0.0430000014603138,132000
2024-08-15,0.03999999910593033,0.04100000113248825,0.039000000804662704,0.04100000113248825,0.04100000113248825,582000
2024-08-16,0.04100000113248825,0.04500000178813934,0.03999999910593033,0.04399999976158142,0.04399999976158142,110000
2024-08-19,0.04399999976158142,0.04399999976158142,0.04399999976158142,0.04399999976158142,0.04399999976158142,0
2024-08-20,0.04399999976158142,0.04399999976158142,0.04399999976158142,0.04399999976158142,0.04399999976158142,0
2024-08-21,0.04399999976158142,0.04399999976158142,0.04399999976158142,0.04399999976158142,0.04399999976158142,0
2024-08-22,0.041999999433755875,0.04500000178813934,0.035999998450279236,0.04500000178813934,0.04500000178813934,848000
2024-08-23,0.04600000008940697,0.04600000008940697,0.04600000008940697,0.04600000008940697,0.04600000008940697,0
2024-08-26,0.04600000008940697,0.04600000008940697,0.04600000008940697,0.04600000008940697,0.04600000008940697,0
2024-08-27,0.03999999910593033,0.04500000178813934,0.03999999910593033,0.04500000178813934,0.04500000178813934,136000
2024-08-28,0.0430000014603138,0.0430000014603138,0.0430000014603138,0.0430000014603138,0.0430000014603138,0
2024-08-29,0.0430000014603138,0.0430000014603138,0.0430000014603138,0.0430000014603138,0.0430000014603138,0
2024-08-30,0.03999999910593033,0.04399999976158142,0.03999999910593033,0.0430000014603138,0.0430000014603138,6000
2024-09-02,0.03700000047683716,0.04100000113248825,0.03400000184774399,0.039000000804662704,0.039000000804662704,1962000
2024-09-03,0.032999999821186066,0.04100000113248825,0.032999999821186066,0.039000000804662704,0.039000000804662704,110000
2024-09-04,0.03799999877810478,0.039000000804662704,0.03799999877810478,0.039000000804662704,0.039000000804662704,530000
2024-09-05,0.039000000804662704,0.039000000804662704,0.039000000804662704,0.039000000804662704,0.039000000804662704,0
2024-09-09,0.039000000804662704,0.039000000804662704,0.039000000804662704,0.039000000804662704,0.039000000804662704,0
2024-09-10,0.039000000804662704,0.039000000804662704,0.039000000804662704,0.039000000804662704,0.039000000804662704,100000
2024-09-11,0.039000000804662704,0.04399999976158142,0.039000000804662704,0.04399999976158142,0.04399999976158142,102000
2024-09-12,0.041999999433755875,0.041999999433755875,0.03500000014901161,0.03500000014901161,0.03500000014901161,2782000
2024-09-13,0.03500000014901161,0.04100000113248825,0.03500000014901161,0.03999999910593033,0.03999999910593033,500000
2024-09-16,0.03999999910593033,0.03999999910593033,0.03999999910593033,0.03999999910593033,0.03999999910593033,0
2024-09-17,0.03999999910593033,0.03999999910593033,0.03999999910593033,0.03999999910593033,0.03999999910593033,0
2024-09-19,0.03999999910593033,0.04100000113248825,0.03500000014901161,0.03999999910593033,0.03999999910593033,100000
2024-09-20,0.03999999910593033,0.05000000074505806,0.03799999877810478,0.0430000014603138,0.0430000014603138,188000
2024-09-23,0.0430000014603138,0.05000000074505806,0.0430000014603138,0.0430000014603138,0.0430000014603138,2236000
2024-09-24,0.04600000008940697,0.04699999839067459,0.0430000014603138,0.04600000008940697,0.04600000008940697,1294000
2024-09-25,0.04600000008940697,0.04600000008940697,0.041999999433755875,0.0430000014603138,0.0430000014603138,2078000
2024-09-26,0.04699999839067459,0.04699999839067459,0.03999999910593033,0.04100000113248825,0.04100000113248825,1804000
2024-09-27,0.04399999976158142,0.04699999839067459,0.041999999433755875,0.04500000178813934,0.04500000178813934,916000
2024-09-30,0.04800000041723251,0.057999998331069946,0.04699999839067459,0.052000001072883606,0.052000001072883606,4080000
2024-10-02,0.052000001072883606,0.05999999865889549,0.052000001072883606,0.054999999701976776,0.054999999701976776,9192000
2024-10-03,0.05700000002980232,0.05900000035762787,0.0560000017285347,0.057999998331069946,0.057999998331069946,6558000
2024-10-04,0.05700000002980232,0.06800000369548798,0.05700000002980232,0.06800000369548798,0.06800000369548798,7578000
2024-10-07,0.06800000369548798,0.08100000023841858,0.06800000369548798,0.07699999958276749,0.07699999958276749,8110000
2024-10-08,0.07800000160932541,0.07800000160932541,0.06300000101327896,0.07000000029802322,0.07000000029802322,3194000
2024-10-09,0.07000000029802322,0.07000000029802322,0.06499999761581421,0.06499999761581421,0.06499999761581421,1172000
