Date,Open,High,Low,Close,Adj Close,Volume
2019-05-28,2.680000066757202,2.7300000190734863,2.6500000953674316,2.7100000381469727,2.674713611602783,31313000
2019-05-29,2.7100000381469727,2.7100000381469727,2.6700000762939453,2.690000057220459,2.6549739837646484,2599000
2019-05-30,2.680000066757202,2.7100000381469727,2.6600000858306885,2.680000066757202,2.645104169845581,1581000
2019-05-31,2.680000066757202,3.0,2.6700000762939453,2.990000009536743,2.9510676860809326,5555000
2019-06-03,3.0,3.0,2.75,2.799999952316284,2.7635416984558105,2772000
2019-06-04,2.7799999713897705,2.9700000286102295,2.680000066757202,2.8499999046325684,2.8128905296325684,8487000
2019-06-05,2.8499999046325684,2.8499999046325684,2.7799999713897705,2.819999933242798,2.7832813262939453,1333000
2019-06-06,2.809999942779541,2.8399999141693115,2.7799999713897705,2.8299999237060547,2.7931511402130127,1875000
2019-06-10,2.8299999237060547,2.950000047683716,2.7899999618530273,2.890000104904175,2.852370023727417,1729000
2019-06-11,2.880000114440918,2.880000114440918,2.8299999237060547,2.8299999237060547,2.7931511402130127,1717000
2019-06-12,2.8399999141693115,2.880000114440918,2.7699999809265137,2.819999933242798,2.7832813262939453,1692000
2019-06-13,2.8399999141693115,2.8499999046325684,2.799999952316284,2.819999933242798,2.7832813262939453,1778000
2019-06-14,2.799999952316284,2.8399999141693115,2.7699999809265137,2.7699999809265137,2.7339322566986084,2411000
2019-06-17,2.809999942779541,2.809999942779541,2.7300000190734863,2.740000009536743,2.7043230533599854,2346000
2019-06-18,2.7300000190734863,2.859999895095825,2.7300000190734863,2.819999933242798,2.7832813262939453,2333000
2019-06-19,2.7899999618530273,2.859999895095825,2.680000066757202,2.8299999237060547,2.7931511402130127,12932000
2019-06-20,2.7899999618530273,2.9000000953674316,2.7899999618530273,2.9000000953674316,2.8622398376464844,1932000
2019-06-21,2.890000104904175,3.25,2.8499999046325684,3.140000104904175,3.0991146564483643,4960000
2019-06-24,3.130000114440918,3.3299999237060547,3.0999999046325684,3.0999999046325684,3.0596354007720947,2057000
2019-06-25,3.119999885559082,3.2899999618530273,3.059999942779541,3.069999933242798,3.0300259590148926,2394000
2019-06-26,3.0799999237060547,3.119999885559082,3.059999942779541,3.0899999141693115,3.0497655868530273,1432000
2019-06-27,3.0799999237060547,3.180000066757202,3.069999933242798,3.1700000762939453,3.1287240982055664,1286000
2019-06-28,3.180000066757202,3.4800000190734863,3.109999895095825,3.4700000286102295,3.4248178005218506,2861000
2019-07-02,3.4800000190734863,3.7200000286102295,3.4000000953674316,3.549999952316284,3.5037760734558105,1892000
2019-07-03,3.549999952316284,3.549999952316284,3.4700000286102295,3.4800000190734863,3.434687614440918,1175000
2019-07-04,3.4600000381469727,3.619999885559082,3.430000066757202,3.5799999237060547,3.5333855152130127,1418000
2019-07-05,3.5399999618530273,3.950000047683716,3.5399999618530273,3.6500000953674316,3.6024742126464844,2403000
2019-07-08,3.740000009536743,3.740000009536743,3.549999952316284,3.630000114440918,3.5827345848083496,1357000
2019-07-09,3.640000104904175,3.6700000762939453,3.430000066757202,3.640000104904175,3.592604398727417,1701000
2019-07-10,3.75,3.75,3.430000066757202,3.4700000286102295,3.4248178005218506,2584000
2019-07-11,3.430000066757202,3.5899999141693115,3.3399999141693115,3.490000009536743,3.4445574283599854,1568000
2019-07-12,3.5199999809265137,3.5299999713897705,3.430000066757202,3.5,3.4544272422790527,1132000
2019-07-15,3.450000047683716,3.5799999237060547,3.450000047683716,3.490000009536743,3.4445574283599854,1239000
2019-07-16,3.4600000381469727,3.509999990463257,3.450000047683716,3.490000009536743,3.4445574283599854,1265000
2019-07-17,3.450000047683716,3.549999952316284,3.450000047683716,3.549999952316284,3.5037760734558105,1201000
2019-07-18,3.549999952316284,3.5999999046325684,3.5199999809265137,3.559999942779541,3.513645887374878,1277000
2019-07-19,3.5299999713897705,3.680000066757202,3.4800000190734863,3.609999895095825,3.5629947185516357,1736000
2019-07-22,3.5899999141693115,3.7100000381469727,3.5899999141693115,3.6500000953674316,3.6024742126464844,1406000
2019-07-23,3.5999999046325684,3.799999952316284,3.5999999046325684,3.740000009536743,3.6913020610809326,1766000
2019-07-24,3.740000009536743,3.75,3.6600000858306885,3.690000057220459,3.641953229904175,1358000
2019-07-25,3.690000057220459,3.7300000190734863,3.5799999237060547,3.5999999046325684,3.5531249046325684,1437000
2019-07-26,3.619999885559082,3.630000114440918,3.4700000286102295,3.4800000190734863,3.434687614440918,2412000
2019-07-29,3.4700000286102295,3.5199999809265137,3.4200000762939453,3.450000047683716,3.405078172683716,1547000
2019-07-30,3.450000047683716,3.5199999809265137,3.4000000953674316,3.4700000286102295,3.4248178005218506,1180000
2019-07-31,3.5299999713897705,3.5299999713897705,3.380000114440918,3.509999990463257,3.464296817779541,1144000
2019-08-01,3.5399999618530273,3.5399999618530273,3.4100000858306885,3.4700000286102295,3.4248178005218506,1176000
2019-08-02,3.430000066757202,3.450000047683716,3.380000114440918,3.4000000953674316,3.355729341506958,1383000
2019-08-05,3.440000057220459,3.440000057220459,3.25,3.369999885559082,3.3261196613311768,1375000
2019-08-06,3.359999895095825,3.430000066757202,3.200000047683716,3.4000000953674316,3.355729341506958,2247000
2019-08-07,3.430000066757202,3.5,3.369999885559082,3.5,3.4544272422790527,1186000
2019-08-08,3.509999990463257,3.5299999713897705,3.4000000953674316,3.5299999713897705,3.484036445617676,1396000
2019-08-09,3.4200000762939453,3.549999952316284,3.4200000762939453,3.5399999618530273,3.493906259536743,1076000
2019-08-12,3.5,3.559999942779541,3.450000047683716,3.4600000381469727,3.414947986602783,1178000
2019-08-13,3.490000009536743,3.490000009536743,3.390000104904175,3.4000000953674316,3.355729341506958,1158000
2019-08-14,3.4700000286102295,3.4700000286102295,3.2899999618530273,3.4000000953674316,3.355729341506958,1228000
2019-08-15,3.380000114440918,3.380000114440918,3.319999933242798,3.3499999046325684,3.306380271911621,1003000
2019-08-16,3.390000104904175,3.5,3.3399999141693115,3.5,3.4544272422790527,1208000
2019-08-19,3.490000009536743,3.490000009536743,3.380000114440918,3.430000066757202,3.38533878326416,1143000
2019-08-20,3.4200000762939453,3.440000057220459,3.390000104904175,3.4100000858306885,3.3655991554260254,1456000
2019-08-21,3.440000057220459,3.450000047683716,3.380000114440918,3.4000000953674316,3.355729341506958,1300000
2019-08-22,3.440000057220459,3.4800000190734863,3.390000104904175,3.4200000762939453,3.3754689693450928,1486000
2019-08-23,3.440000057220459,3.440000057220459,3.299999952316284,3.3299999237060547,3.2866406440734863,1415000
2019-08-26,3.299999952316284,3.4000000953674316,3.240000009536743,3.390000104904175,3.3458595275878906,1785000
2019-08-27,3.4100000858306885,3.490000009536743,3.4100000858306885,3.450000047683716,3.405078172683716,1415000
2019-08-28,3.5,3.619999885559082,3.4600000381469727,3.5999999046325684,3.5531249046325684,1510000
2019-08-29,3.5999999046325684,3.799999952316284,3.549999952316284,3.6600000858306885,3.6123440265655518,9128000
2019-08-30,3.75,3.75,3.4800000190734863,3.5999999046325684,3.5531249046325684,1849000
2019-09-02,3.799999952316284,3.859999895095825,3.700000047683716,3.809999942779541,3.7603907585144043,3545000
2019-09-03,3.819999933242798,3.819999933242798,3.5999999046325684,3.6500000953674316,3.6024742126464844,1419000
2019-09-04,3.700000047683716,4.039999961853027,3.690000057220459,3.930000066757202,3.878828287124634,5845000
2019-09-05,3.990000009536743,4.329999923706055,3.9800000190734863,4.320000171661377,4.263750076293945,2286000
2019-09-06,4.28000020980835,4.480000019073486,4.230000019073486,4.349999904632568,4.293359279632568,1616000
2019-09-09,4.300000190734863,4.340000152587891,4.090000152587891,4.170000076293945,4.115703105926514,2009000
2019-09-10,4.150000095367432,4.210000038146973,4.019999980926514,4.099999904632568,4.046614646911621,1907000
2019-09-11,4.130000114440918,4.130000114440918,4.0,4.099999904632568,4.046614646911621,1834000
2019-09-12,4.139999866485596,4.139999866485596,3.9800000190734863,4.099999904632568,4.046614646911621,1392000
2019-09-13,4.090000152587891,4.159999847412109,4.070000171661377,4.139999866485596,4.086093902587891,1142000
2019-09-16,4.199999809265137,4.199999809265137,4.079999923706055,4.119999885559082,4.066354274749756,1168000
2019-09-17,4.079999923706055,4.139999866485596,4.079999923706055,4.130000114440918,4.076224327087402,1253000
2019-09-18,4.110000133514404,4.309999942779541,4.110000133514404,4.28000020980835,4.224271297454834,1321000
2019-09-19,4.230000019073486,4.380000114440918,4.230000019073486,4.239999771118164,4.184791564941406,1141000
2019-09-20,4.28000020980835,4.28000020980835,4.179999828338623,4.210000038146973,4.155182361602783,980000
2019-09-23,4.199999809265137,4.260000228881836,4.170000076293945,4.190000057220459,4.135442733764648,1079000
2019-09-24,4.179999828338623,4.199999809265137,4.130000114440918,4.199999809265137,4.145312309265137,1065000
2019-09-25,4.190000057220459,4.21999979019165,4.150000095367432,4.159999847412109,4.105833053588867,1160000
2019-09-26,4.179999828338623,4.289999961853027,4.110000133514404,4.110000133514404,4.056484699249268,1263000
2019-09-27,4.110000133514404,4.179999828338623,4.03000020980835,4.130000114440918,4.076224327087402,1291000
2019-09-30,4.099999904632568,4.210000038146973,4.090000152587891,4.150000095367432,4.095963954925537,1548000
2019-10-02,4.139999866485596,4.199999809265137,4.130000114440918,4.130000114440918,4.076224327087402,1184000
2019-10-03,4.099999904632568,4.199999809265137,4.090000152587891,4.179999828338623,4.125572681427002,1204000
2019-10-04,4.269999980926514,4.269999980926514,4.099999904632568,4.110000133514404,4.056484699249268,1080000
2019-10-08,4.130000114440918,4.139999866485596,4.019999980926514,4.090000152587891,4.036745071411133,1232000
2019-10-09,4.099999904632568,4.110000133514404,3.8499999046325684,4.099999904632568,4.046614646911621,1353000
2019-10-10,4.059999942779541,4.119999885559082,3.930000066757202,4.119999885559082,4.066354274749756,1401000
2019-10-11,4.110000133514404,4.159999847412109,4.050000190734863,4.099999904632568,4.046614646911621,1143000
2019-10-14,4.170000076293945,4.170000076293945,4.070000171661377,4.110000133514404,4.056484699249268,1113000
2019-10-15,4.099999904632568,4.119999885559082,4.059999942779541,4.090000152587891,4.036745071411133,1130000
2019-10-16,4.110000133514404,4.110000133514404,4.019999980926514,4.090000152587891,4.036745071411133,1134000
2019-10-17,4.090000152587891,4.119999885559082,4.059999942779541,4.099999904632568,4.046614646911621,1037000
2019-10-18,4.079999923706055,4.130000114440918,3.890000104904175,4.090000152587891,4.036745071411133,1492000
2019-10-21,4.059999942779541,4.099999904632568,4.019999980926514,4.090000152587891,4.036745071411133,1318000
2019-10-22,4.070000171661377,4.150000095367432,3.9600000381469727,4.090000152587891,4.036745071411133,1262000
2019-10-23,4.050000190734863,4.090000152587891,3.940000057220459,4.090000152587891,4.036745071411133,1101000
2019-10-24,4.099999904632568,4.110000133514404,3.990000009536743,4.090000152587891,4.036745071411133,1210000
2019-10-25,4.099999904632568,4.099999904632568,4.039999961853027,4.090000152587891,4.036745071411133,971000
2019-10-28,4.090000152587891,4.269999980926514,4.090000152587891,4.210000038146973,4.155182361602783,1198000
2019-10-29,4.210000038146973,4.409999847412109,4.210000038146973,4.269999980926514,4.2144012451171875,1225000
2019-10-30,4.239999771118164,4.320000171661377,4.239999771118164,4.260000228881836,4.204531669616699,1011000
2019-10-31,4.260000228881836,4.329999923706055,4.190000057220459,4.190000057220459,4.135442733764648,1265000
2019-11-01,4.289999961853027,4.289999961853027,4.150000095367432,4.230000019073486,4.174921989440918,987000
2019-11-04,4.21999979019165,4.25,4.199999809265137,4.210000038146973,4.155182361602783,997000
2019-11-05,4.230000019073486,4.260000228881836,4.199999809265137,4.210000038146973,4.155182361602783,1055000
2019-11-06,4.199999809265137,4.21999979019165,4.150000095367432,4.179999828338623,4.125572681427002,1138000
2019-11-07,4.159999847412109,4.210000038146973,4.150000095367432,4.179999828338623,4.125572681427002,1063000
2019-11-08,4.190000057220459,4.190000057220459,4.050000190734863,4.159999847412109,4.105833053588867,1195000
2019-11-11,4.199999809265137,4.199999809265137,4.010000228881836,4.099999904632568,4.046614646911621,1296000
2019-11-12,4.119999885559082,4.179999828338623,4.070000171661377,4.150000095367432,4.095963954925537,1339000
2019-11-13,4.150000095367432,4.170000076293945,4.110000133514404,4.150000095367432,4.095963954925537,1014000
2019-11-14,4.119999885559082,4.150000095367432,4.119999885559082,4.130000114440918,4.076224327087402,1147000
2019-11-15,4.139999866485596,4.139999866485596,4.099999904632568,4.139999866485596,4.086093902587891,1080000
2019-11-18,4.110000133514404,4.170000076293945,4.099999904632568,4.119999885559082,4.066354274749756,939000
2019-11-19,4.079999923706055,4.099999904632568,3.990000009536743,4.090000152587891,4.036745071411133,1117000
2019-11-20,4.059999942779541,4.119999885559082,4.0,4.099999904632568,4.046614646911621,1145000
2019-11-21,4.119999885559082,4.119999885559082,4.0,4.03000020980835,3.9775264263153076,1005000
2019-11-22,4.090000152587891,4.090000152587891,4.010000228881836,4.090000152587891,4.036745071411133,1129000
2019-11-25,4.099999904632568,4.099999904632568,4.0,4.010000228881836,3.957786798477173,1181000
2019-11-26,4.010000228881836,4.019999980926514,3.9700000286102295,4.0,3.9479167461395264,1113000
2019-11-27,4.070000171661377,4.079999923706055,3.9200000762939453,3.9600000381469727,3.908437728881836,1170000
2019-11-28,3.940000057220459,3.940000057220459,3.740000009536743,3.740000009536743,3.6913020610809326,1356000
2019-11-29,3.7699999809265137,3.7799999713897705,3.680000066757202,3.7100000381469727,3.6616928577423096,1467000
2019-12-02,3.7200000286102295,3.759999990463257,3.7100000381469727,3.75,3.701171875,1087000
2019-12-03,3.740000009536743,3.8499999046325684,3.7300000190734863,3.799999952316284,3.750520944595337,1428000
2019-12-04,3.799999952316284,3.869999885559082,3.759999990463257,3.8299999237060547,3.78013014793396,1369000
2019-12-05,3.8399999141693115,3.869999885559082,3.809999942779541,3.8299999237060547,3.78013014793396,1270000
2019-12-06,3.8499999046325684,3.9000000953674316,3.75,3.9000000953674316,3.8492188453674316,1268000
2019-12-09,3.9200000762939453,3.9200000762939453,3.7200000286102295,3.799999952316284,3.750520944595337,1207000
2019-12-10,3.8299999237060547,3.880000114440918,3.740000009536743,3.880000114440918,3.829479455947876,1250000
2019-12-11,3.890000104904175,3.890000104904175,3.740000009536743,3.799999952316284,3.750520944595337,1251000
2019-12-12,3.7899999618530273,3.8399999141693115,3.75,3.819999933242798,3.7702603340148926,1123000
2019-12-13,3.799999952316284,3.880000114440918,3.7699999809265137,3.880000114440918,3.829479455947876,1266000
2019-12-16,3.8499999046325684,3.869999885559082,3.75,3.799999952316284,3.750520944595337,1160000
2019-12-17,3.809999942779541,4.0,3.799999952316284,3.950000047683716,3.8985679149627686,1233000
2019-12-18,3.9600000381469727,4.110000133514404,3.890000104904175,4.019999980926514,3.967656373977661,1076000
2019-12-19,4.050000190734863,4.050000190734863,3.9100000858306885,4.010000228881836,3.957786798477173,1080000
2019-12-20,4.099999904632568,4.110000133514404,3.9800000190734863,4.050000190734863,3.9972658157348633,1140000
2019-12-23,4.059999942779541,4.099999904632568,3.990000009536743,4.050000190734863,3.9972658157348633,1134000
2019-12-24,4.079999923706055,4.079999923706055,4.010000228881836,4.03000020980835,3.9775264263153076,728000
2019-12-27,4.0,4.019999980926514,3.950000047683716,4.0,3.9479167461395264,913000
2019-12-30,4.039999961853027,4.039999961853027,3.930000066757202,3.9800000190734863,3.9281771183013916,997000
2019-12-31,3.9700000286102295,4.0,3.8499999046325684,3.9600000381469727,3.908437728881836,864000
2020-01-02,3.9200000762939453,4.010000228881836,3.9200000762939453,4.0,3.9479167461395264,1007000
2020-01-03,4.03000020980835,4.059999942779541,3.990000009536743,4.0,3.9479167461395264,1217000
2020-01-06,4.079999923706055,4.079999923706055,3.9100000858306885,3.9800000190734863,3.9281771183013916,1107000
2020-01-07,3.9800000190734863,3.990000009536743,3.9000000953674316,3.9600000381469727,3.908437728881836,1133000
2020-01-08,3.9700000286102295,3.9700000286102295,3.880000114440918,3.940000057220459,3.888698101043701,1051000
2020-01-09,3.950000047683716,4.039999961853027,3.950000047683716,3.990000009536743,3.938046932220459,1220000
2020-01-10,3.9600000381469727,4.0,3.9000000953674316,3.9100000858306885,3.859088659286499,1185000
2020-01-13,3.930000066757202,3.940000057220459,3.880000114440918,3.880000114440918,3.829479455947876,1037000
2020-01-14,3.9100000858306885,3.9100000858306885,3.880000114440918,3.880000114440918,3.829479455947876,1026000
2020-01-15,3.869999885559082,3.930000066757202,3.8299999237060547,3.8299999237060547,3.78013014793396,3997000
2020-01-16,3.9200000762939453,3.9700000286102295,3.880000114440918,3.950000047683716,3.8985679149627686,1190000
2020-01-17,3.940000057220459,4.090000152587891,3.930000066757202,3.9800000190734863,3.9281771183013916,2517000
2020-01-20,4.0,4.019999980926514,3.9700000286102295,4.019999980926514,3.967656373977661,1366000
2020-01-21,3.809999942779541,4.010000228881836,3.809999942779541,3.950000047683716,3.8985679149627686,1010000
2020-01-22,3.9600000381469727,3.9600000381469727,3.8399999141693115,3.940000057220459,3.888698101043701,1148000
2020-01-23,3.9000000953674316,3.9200000762939453,3.8299999237060547,3.859999895095825,3.809739589691162,993000
2020-01-24,3.859999895095825,3.880000114440918,3.799999952316284,3.880000114440918,3.829479455947876,1697780
2020-01-29,3.9000000953674316,3.9000000953674316,3.6600000858306885,3.6600000858306885,3.6123440265655518,1668000
2020-01-30,3.6500000953674316,3.75,3.5799999237060547,3.75,3.701171875,1566000
2020-01-31,3.740000009536743,3.740000009536743,3.6500000953674316,3.690000057220459,3.641953229904175,1152000
2020-02-03,3.5999999046325684,3.700000047683716,3.5,3.700000047683716,3.651823043823242,1759000
2020-02-04,3.740000009536743,3.7899999618530273,3.5,3.700000047683716,3.651823043823242,1174000
2020-02-05,3.690000057220459,3.700000047683716,3.5299999713897705,3.700000047683716,3.651823043823242,1014000
2020-02-06,3.6600000858306885,3.7200000286102295,3.549999952316284,3.700000047683716,3.651823043823242,1043000
2020-02-07,3.690000057220459,3.799999952316284,3.680000066757202,3.7799999713897705,3.730781316757202,947000
2020-02-10,3.7799999713897705,3.8399999141693115,3.700000047683716,3.8299999237060547,3.78013014793396,1220000
2020-02-11,3.7699999809265137,3.930000066757202,3.759999990463257,3.9000000953674316,3.8492188453674316,646000
2020-02-12,3.869999885559082,4.0,3.8399999141693115,4.0,3.9479167461395264,1348000
2020-02-13,4.03000020980835,4.03000020980835,3.9000000953674316,3.9800000190734863,3.9281771183013916,1223000
2020-02-14,3.9100000858306885,4.019999980926514,3.9100000858306885,3.9700000286102295,3.918307304382324,626000
2020-02-17,4.0,4.010000228881836,3.940000057220459,3.9800000190734863,3.9281771183013916,1124000
2020-02-18,3.9800000190734863,3.990000009536743,3.9000000953674316,3.940000057220459,3.888698101043701,1128000
2020-02-19,3.880000114440918,4.039999961853027,3.880000114440918,3.9800000190734863,3.9281771183013916,1233000
2020-02-20,3.9000000953674316,3.9600000381469727,3.890000104904175,3.890000104904175,3.8393490314483643,565000
2020-02-21,3.9100000858306885,3.930000066757202,3.859999895095825,3.9100000858306885,3.859088659286499,711000
2020-02-24,3.880000114440918,3.940000057220459,3.859999895095825,3.890000104904175,3.8393490314483643,756000
2020-02-25,4.050000190734863,4.050000190734863,3.809999942779541,3.8499999046325684,3.7998697757720947,745000
2020-02-26,3.819999933242798,3.890000104904175,3.75,3.880000114440918,3.829479455947876,984000
2020-02-27,3.75,3.859999895095825,3.75,3.8499999046325684,3.7998697757720947,1174000
2020-02-28,3.809999942779541,3.8499999046325684,3.690000057220459,3.8499999046325684,3.7998697757720947,1263000
2020-03-02,3.9100000858306885,3.9200000762939453,3.75,3.759999990463257,3.7110416889190674,1439000
2020-03-03,3.8299999237060547,3.8499999046325684,3.7300000190734863,3.740000009536743,3.6913020610809326,1174000
2020-03-04,3.759999990463257,3.819999933242798,3.700000047683716,3.7200000286102295,3.671562671661377,997000
2020-03-05,3.740000009536743,3.8299999237060547,3.7200000286102295,3.7699999809265137,3.7209115028381348,751600
2020-03-06,3.8399999141693115,3.8399999141693115,3.7100000381469727,3.759999990463257,3.7110416889190674,660000
2020-03-09,3.7300000190734863,3.7300000190734863,3.5999999046325684,3.640000104904175,3.592604398727417,1463000
2020-03-10,3.640000104904175,3.6500000953674316,3.5299999713897705,3.609999895095825,3.5629947185516357,1188000
2020-03-11,3.630000114440918,3.630000114440918,3.5399999618530273,3.619999885559082,3.572864532470703,712000
2020-03-12,3.680000066757202,3.680000066757202,3.4600000381469727,3.5999999046325684,3.5531249046325684,1200000
2020-03-13,3.559999942779541,3.7100000381469727,3.5,3.700000047683716,3.651823043823242,647000
2020-03-16,3.690000057220459,3.690000057220459,3.509999990463257,3.630000114440918,3.5827345848083496,685000
2020-03-17,3.5899999141693115,3.619999885559082,3.5,3.609999895095825,3.5629947185516357,1222000
2020-03-18,3.5999999046325684,4.050000190734863,3.549999952316284,3.619999885559082,3.572864532470703,1246000
2020-03-19,3.619999885559082,3.619999885559082,3.4600000381469727,3.5999999046325684,3.5531249046325684,662000
2020-03-20,3.799999952316284,4.0,3.5399999618530273,3.75,3.701171875,584000
2020-03-23,3.680000066757202,3.680000066757202,3.559999942779541,3.609999895095825,3.5629947185516357,609000
2020-03-24,3.609999895095825,3.680000066757202,3.549999952316284,3.5899999141693115,3.543255090713501,631000
2020-03-25,3.630000114440918,3.6500000953674316,3.5,3.609999895095825,3.5629947185516357,523000
2020-03-26,3.690000057220459,3.690000057220459,3.4700000286102295,3.609999895095825,3.5629947185516357,542000
2020-03-27,3.559999942779541,3.559999942779541,3.4700000286102295,3.549999952316284,3.5037760734558105,1125000
2020-03-30,3.5399999618530273,3.549999952316284,3.4600000381469727,3.490000009536743,3.4445574283599854,708000
2020-03-31,3.490000009536743,3.5399999618530273,3.430000066757202,3.430000066757202,3.38533878326416,739000
2020-04-01,3.430000066757202,3.5,3.4000000953674316,3.5,3.4544272422790527,505000
2020-04-02,3.619999885559082,3.7100000381469727,3.4700000286102295,3.5,3.4544272422790527,1280000
2020-04-03,3.5999999046325684,3.5999999046325684,3.380000114440918,3.450000047683716,3.405078172683716,801000
2020-04-06,3.5799999237060547,3.5799999237060547,3.3299999237060547,3.3299999237060547,3.2866406440734863,893000
2020-04-07,3.369999885559082,3.369999885559082,3.180000066757202,3.299999952316284,3.257031202316284,667000
2020-04-08,3.430000066757202,3.430000066757202,3.1500000953674316,3.2100000381469727,3.168203115463257,601000
2020-04-09,3.2100000381469727,3.5,3.180000066757202,3.5,3.4544272422790527,540000
2020-04-14,3.559999942779541,3.559999942779541,3.109999895095825,3.200000047683716,3.1583335399627686,2565000
2020-04-15,3.1700000762939453,3.240000009536743,3.0999999046325684,3.1500000953674316,3.1089844703674316,698000
2020-04-16,3.1700000762939453,3.180000066757202,3.140000104904175,3.180000066757202,3.138593912124634,354000
2020-04-17,3.2100000381469727,3.259999990463257,3.200000047683716,3.200000047683716,3.1583335399627686,447000
2020-04-20,3.2100000381469727,3.2699999809265137,3.1500000953674316,3.2200000286102295,3.178072929382324,11498000
2020-04-21,3.2100000381469727,3.2200000286102295,3.140000104904175,3.1700000762939453,3.1287240982055664,321000
2020-04-22,3.1700000762939453,3.2200000286102295,3.109999895095825,3.130000114440918,3.089245080947876,319000
2020-04-23,3.180000066757202,3.309999942779541,3.140000104904175,3.25,3.2076823711395264,2586000
2020-04-24,3.2300000190734863,3.299999952316284,3.140000104904175,3.25,3.2076823711395264,1244000
2020-04-27,3.2300000190734863,3.5299999713897705,3.2300000190734863,3.4600000381469727,3.414947986602783,780000
2020-04-28,3.4600000381469727,3.5,3.3499999046325684,3.369999885559082,3.3261196613311768,600000
2020-04-29,3.059999942779541,3.359999895095825,3.059999942779541,3.3299999237060547,3.2866406440734863,813000
2020-05-04,3.25,3.299999952316284,3.140000104904175,3.200000047683716,3.1583335399627686,777000
2020-05-05,3.200000047683716,3.25,3.109999895095825,3.190000057220459,3.148463726043701,790000
2020-05-06,3.1700000762939453,3.190000057220459,3.0899999141693115,3.1500000953674316,3.1089844703674316,828000
2020-05-07,3.1500000953674316,3.200000047683716,3.140000104904175,3.200000047683716,3.1583335399627686,707000
2020-05-08,3.200000047683716,3.299999952316284,3.190000057220459,3.2300000190734863,3.1879427433013916,2099000
2020-05-11,3.25,3.3499999046325684,3.2200000286102295,3.3299999237060547,3.2866406440734863,2372000
2020-05-12,3.25,3.3399999141693115,3.259999990463257,3.259999990463257,3.2175521850585938,872000
2020-05-13,3.299999952316284,3.299999952316284,3.0999999046325684,3.200000047683716,3.1583335399627686,912000
2020-05-14,3.140000104904175,3.1700000762939453,3.0799999237060547,3.1600000858306885,3.118854284286499,706000
2020-05-15,3.190000057220459,3.2699999809265137,3.130000114440918,3.25,3.2076823711395264,579204
2020-05-18,3.299999952316284,3.3499999046325684,3.2300000190734863,3.2899999618530273,3.247161388397217,2059000
2020-05-19,3.2699999809265137,3.299999952316284,3.25,3.2899999618530273,3.247161388397217,1894000
2020-05-20,3.2699999809265137,3.2899999618530273,3.25,3.25,3.2076823711395264,715000
2020-05-21,3.299999952316284,3.3499999046325684,3.2200000286102295,3.2699999809265137,3.227421998977661,424000
2020-05-22,3.180000066757202,3.200000047683716,3.130000114440918,3.1700000762939453,3.1287240982055664,641000
2020-05-25,3.25,3.2799999713897705,3.1500000953674316,3.200000047683716,3.1583335399627686,726000
2020-05-26,3.200000047683716,3.200000047683716,3.130000114440918,3.200000047683716,3.1583335399627686,789000
2020-05-27,3.200000047683716,3.25,3.1700000762939453,3.200000047683716,3.1583335399627686,1116000
2020-05-28,3.25,3.25,3.1500000953674316,3.2100000381469727,3.168203115463257,7408000
2020-05-29,3.200000047683716,3.200000047683716,3.1500000953674316,3.1500000953674316,3.1089844703674316,1223000
2020-06-01,3.190000057220459,3.240000009536743,3.0999999046325684,3.1600000858306885,3.118854284286499,1581000
2020-06-02,3.130000114440918,3.180000066757202,3.0899999141693115,3.0899999141693115,3.0497655868530273,1507000
2020-06-03,3.119999885559082,3.130000114440918,2.9800000190734863,2.9800000190734863,2.9411981105804443,1731000
2020-06-04,3.049999952316284,3.049999952316284,2.9200000762939453,3.049999952316284,3.010286569595337,3102000
2020-06-05,3.059999942779541,3.109999895095825,3.009999990463257,3.059999942779541,3.020156145095825,2250000
2020-06-08,3.069999933242798,3.1600000858306885,3.049999952316284,3.109999895095825,3.069505214691162,2282000
2020-06-09,3.109999895095825,3.180000066757202,3.0899999141693115,3.1500000953674316,3.1089844703674316,2422000
2020-06-10,3.130000114440918,3.1700000762939453,3.049999952316284,3.0999999046325684,3.0596354007720947,2058000
2020-06-11,3.0999999046325684,3.0999999046325684,3.0199999809265137,3.0399999618530273,3.0004167556762695,2137000
2020-06-12,3.0299999713897705,3.059999942779541,2.950000047683716,3.049999952316284,3.010286569595337,2298000
2020-06-15,3.0799999237060547,3.109999895095825,2.9800000190734863,3.0,2.9609375,7095000
2020-06-16,3.009999990463257,3.069999933242798,3.0,3.069999933242798,3.0300259590148926,4872000
2020-06-17,3.069999933242798,3.0899999141693115,3.0,3.0299999713897705,2.990546941757202,3768000
2020-06-18,3.0299999713897705,3.049999952316284,3.0,3.0299999713897705,2.990546941757202,3582000
2020-06-19,3.0199999809265137,3.1600000858306885,3.009999990463257,3.140000104904175,3.0991146564483643,5597000
2020-06-22,3.119999885559082,3.240000009536743,3.0199999809265137,3.140000104904175,3.0991146564483643,5379000
2020-06-23,3.119999885559082,3.1500000953674316,3.049999952316284,3.1500000953674316,3.1089844703674316,3003000
2020-06-24,3.1500000953674316,3.2300000190734863,3.0999999046325684,3.2100000381469727,3.168203115463257,3448000
2020-06-26,3.2100000381469727,3.299999952316284,3.1600000858306885,3.299999952316284,3.257031202316284,2725000
2020-06-29,3.3299999237060547,3.3399999141693115,3.190000057220459,3.200000047683716,3.1583335399627686,2345000
2020-06-30,3.25,3.25,3.119999885559082,3.240000009536743,3.197812557220459,4338000
2020-07-02,3.240000009536743,3.240000009536743,3.1700000762939453,3.190000057220459,3.148463726043701,2117000
2020-07-03,3.200000047683716,3.2300000190734863,3.119999885559082,3.180000066757202,3.138593912124634,3305000
2020-07-06,3.200000047683716,3.200000047683716,3.1500000953674316,3.1500000953674316,3.1089844703674316,2415000
2020-07-07,3.180000066757202,3.180000066757202,3.130000114440918,3.140000104904175,3.0991146564483643,1982000
2020-07-08,3.1600000858306885,3.180000066757202,3.059999942779541,3.0999999046325684,3.0596354007720947,2220000
2020-07-09,3.109999895095825,3.119999885559082,2.950000047683716,3.0799999237060547,3.03989577293396,3288000
2020-07-10,3.049999952316284,3.130000114440918,3.009999990463257,3.0199999809265137,2.9806771278381348,3476000
2020-07-13,3.009999990463257,3.059999942779541,2.990000009536743,3.0,2.9609375,2090000
2020-07-14,3.0299999713897705,3.0299999713897705,2.9600000381469727,3.0,2.9609375,2268000
2020-07-15,3.059999942779541,3.059999942779541,2.9600000381469727,3.0,2.9609375,2547000
2020-07-16,3.0199999809265137,3.0299999713897705,2.950000047683716,3.0299999713897705,2.990546941757202,2771000
2020-07-17,3.069999933242798,3.069999933242798,2.990000009536743,3.009999990463257,2.9708073139190674,2461000
2020-07-20,3.059999942779541,3.059999942779541,2.9800000190734863,3.009999990463257,2.9708073139190674,2046000
2020-07-21,3.0199999809265137,3.0899999141693115,2.950000047683716,2.9800000190734863,2.9411981105804443,2306000
2020-07-22,3.0,3.0399999618530273,2.9600000381469727,3.0399999618530273,3.0004167556762695,2652000
2020-07-23,3.0399999618530273,3.049999952316284,2.9600000381469727,3.0399999618530273,3.0004167556762695,2786000
2020-07-24,3.0199999809265137,3.0199999809265137,2.890000104904175,3.0,2.9609375,3520000
2020-07-27,3.049999952316284,3.0799999237060547,2.990000009536743,3.0,2.9609375,7463000
2020-07-28,2.9800000190734863,3.0899999141693115,2.9800000190734863,3.059999942779541,3.020156145095825,2389000
2020-07-29,3.059999942779541,3.059999942779541,2.9600000381469727,3.0,2.9609375,2077000
2020-07-30,3.0,3.0199999809265137,2.9800000190734863,3.0,2.9609375,1823000
2020-07-31,3.009999990463257,3.049999952316284,2.990000009536743,3.049999952316284,3.010286569595337,2266000
2020-08-03,3.0199999809265137,3.059999942779541,3.0,3.0,2.9609375,1885000
2020-08-04,3.0299999713897705,3.0299999713897705,2.9800000190734863,3.009999990463257,2.9708073139190674,1864000
2020-08-05,3.009999990463257,3.0399999618530273,2.9700000286102295,3.0,2.9609375,2169000
2020-08-06,3.0,3.0199999809265137,2.950000047683716,2.9800000190734863,2.9411981105804443,2763000
2020-08-07,2.9800000190734863,3.0899999141693115,2.9700000286102295,3.0,2.9609375,2312000
2020-08-10,3.0299999713897705,3.0299999713897705,3.0,3.0199999809265137,2.9806771278381348,1570000
2020-08-11,3.009999990463257,3.0899999141693115,3.009999990463257,3.059999942779541,3.020156145095825,2008000
2020-08-12,3.0799999237060547,3.0799999237060547,3.0199999809265137,3.0399999618530273,3.0004167556762695,1567000
2020-08-13,3.069999933242798,3.0899999141693115,3.0399999618530273,3.059999942779541,3.020156145095825,1725000
2020-08-14,3.059999942779541,3.0799999237060547,3.0299999713897705,3.049999952316284,3.010286569595337,1579000
2020-08-17,3.069999933242798,3.0799999237060547,3.0199999809265137,3.0399999618530273,3.0004167556762695,1684000
2020-08-18,3.049999952316284,3.049999952316284,3.009999990463257,3.0199999809265137,2.9806771278381348,2142000
2020-08-19,3.0299999713897705,3.049999952316284,3.0199999809265137,3.049999952316284,3.010286569595337,1160000
2020-08-20,3.059999942779541,3.059999942779541,3.0199999809265137,3.049999952316284,3.010286569595337,1908000
2020-08-21,3.0199999809265137,3.0399999618530273,3.0199999809265137,3.0299999713897705,2.990546941757202,2782000
2020-08-24,3.0399999618530273,3.049999952316284,3.0,3.0,2.9609375,2380400
2020-08-25,3.0199999809265137,3.0299999713897705,2.9700000286102295,2.9800000190734863,2.9411981105804443,2124000
2020-08-26,2.990000009536743,2.990000009536743,2.9000000953674316,2.940000057220459,2.901718854904175,1835000
2020-08-27,2.950000047683716,3.0,2.890000104904175,3.0,2.9609375,2332000
2020-08-28,3.0,3.0399999618530273,2.990000009536743,3.0199999809265137,2.9806771278381348,2022000
2020-08-31,3.0299999713897705,3.059999942779541,3.0299999713897705,3.059999942779541,3.020156145095825,2445000
2020-09-01,3.049999952316284,3.180000066757202,3.0399999618530273,3.069999933242798,3.0300259590148926,2950000
2020-09-02,3.049999952316284,3.059999942779541,2.9700000286102295,3.0,2.9609375,9506000
2020-09-03,3.0,3.0399999618530273,2.9800000190734863,3.0399999618530273,3.0004167556762695,2602000
2020-09-04,3.0399999618530273,3.109999895095825,3.0199999809265137,3.0899999141693115,3.0497655868530273,2238000
2020-09-07,3.0999999046325684,3.0999999046325684,3.0,3.0399999618530273,3.0004167556762695,8823000
2020-09-08,3.0399999618530273,3.049999952316284,2.930000066757202,2.9600000381469727,2.9214584827423096,2870000
2020-09-09,2.9700000286102295,3.0299999713897705,2.890000104904175,3.009999990463257,2.9708073139190674,2384000
2020-09-10,3.0299999713897705,3.069999933242798,3.009999990463257,3.0299999713897705,2.990546941757202,2850000
2020-09-11,3.0399999618530273,3.059999942779541,3.0,3.0,2.9609375,2393000
2020-09-14,3.0,3.0399999618530273,2.990000009536743,2.990000009536743,2.9510676860809326,2663000
2020-09-15,2.990000009536743,3.009999990463257,2.9800000190734863,3.0,2.9609375,2170000
2020-09-16,2.990000009536743,3.009999990463257,2.990000009536743,3.0,2.9609375,1683000
2020-09-17,3.009999990463257,3.0199999809265137,2.9700000286102295,2.990000009536743,2.9510676860809326,2030000
2020-09-18,2.990000009536743,2.990000009536743,2.940000057220459,2.9800000190734863,2.9411981105804443,1911000
2020-09-21,3.0299999713897705,3.0299999713897705,2.930000066757202,2.950000047683716,2.911588668823242,1775000
2020-09-22,2.950000047683716,2.9800000190734863,2.9100000858306885,2.930000066757202,2.8918490409851074,1188000
2020-09-23,2.940000057220459,2.950000047683716,2.9000000953674316,2.9200000762939453,2.88197922706604,1099000
2020-09-24,2.930000066757202,2.950000047683716,2.880000114440918,2.950000047683716,2.911588668823242,1513000
2020-09-25,2.9700000286102295,3.0199999809265137,2.9000000953674316,2.9600000381469727,2.9214584827423096,1611000
2020-09-28,2.9800000190734863,2.9800000190734863,2.940000057220459,2.950000047683716,2.911588668823242,1391000
2020-09-29,2.9700000286102295,3.009999990463257,2.9600000381469727,2.9700000286102295,2.931328296661377,1414000
2020-09-30,2.990000009536743,3.009999990463257,2.950000047683716,2.9800000190734863,2.9411981105804443,1251000
2020-10-05,3.0,3.009999990463257,2.9700000286102295,2.990000009536743,2.9510676860809326,1077000
2020-10-06,3.0,3.0299999713897705,2.9600000381469727,2.9700000286102295,2.931328296661377,1114000
2020-10-07,2.9800000190734863,3.0199999809265137,2.9800000190734863,2.990000009536743,2.9510676860809326,1097000
2020-10-08,2.9800000190734863,2.990000009536743,2.9700000286102295,2.9800000190734863,2.9411981105804443,969000
2020-10-09,3.0199999809265137,3.0199999809265137,2.9800000190734863,2.990000009536743,2.9510676860809326,1101000
2020-10-12,2.9800000190734863,3.009999990463257,2.9800000190734863,3.009999990463257,2.9708073139190674,1133000
2020-10-14,3.0199999809265137,3.0399999618530273,2.9800000190734863,2.9800000190734863,2.9411981105804443,886000
2020-10-15,2.990000009536743,2.990000009536743,2.9200000762939453,2.940000057220459,2.901718854904175,1125000
2020-10-16,2.9800000190734863,2.9800000190734863,2.9000000953674316,2.9200000762939453,2.88197922706604,1159000
2020-10-19,2.930000066757202,2.940000057220459,2.9000000953674316,2.930000066757202,2.8918490409851074,963000
2020-10-20,2.940000057220459,2.950000047683716,2.9200000762939453,2.9200000762939453,2.88197922706604,819000
2020-10-21,2.9100000858306885,2.9100000858306885,2.890000104904175,2.890000104904175,2.852370023727417,1033000
2020-10-22,2.890000104904175,2.9000000953674316,2.869999885559082,2.9000000953674316,2.8622398376464844,1101000
2020-10-23,2.9000000953674316,2.9000000953674316,2.8499999046325684,2.890000104904175,2.852370023727417,815000
2020-10-27,2.880000114440918,2.9200000762939453,2.8399999141693115,2.9200000762939453,2.88197922706604,2185000
2020-10-28,2.9200000762939453,2.950000047683716,2.9000000953674316,2.9200000762939453,2.88197922706604,1034000
2020-10-29,2.930000066757202,2.930000066757202,2.880000114440918,2.880000114440918,2.8425002098083496,1059000
2020-10-30,2.880000114440918,2.880000114440918,2.8399999141693115,2.880000114440918,2.8425002098083496,903000
2020-11-02,2.890000104904175,2.9000000953674316,2.859999895095825,2.880000114440918,2.8425002098083496,962000
2020-11-03,2.890000104904175,2.890000104904175,2.859999895095825,2.880000114440918,2.8425002098083496,1033000
2020-11-04,2.890000104904175,2.890000104904175,2.8499999046325684,2.869999885559082,2.832630157470703,755000
2020-11-05,2.859999895095825,2.950000047683716,2.859999895095825,2.950000047683716,2.911588668823242,1410000
2020-11-06,2.9600000381469727,2.9600000381469727,2.9100000858306885,2.940000057220459,2.901718854904175,1256000
2020-11-09,2.940000057220459,2.9600000381469727,2.9100000858306885,2.950000047683716,2.911588668823242,1651000
2020-11-10,2.940000057220459,2.9600000381469727,2.9000000953674316,2.950000047683716,2.911588668823242,2029000
2020-11-11,2.950000047683716,2.9600000381469727,2.9200000762939453,2.9600000381469727,2.9214584827423096,1206000
2020-11-12,2.9700000286102295,2.9800000190734863,2.930000066757202,2.9700000286102295,2.931328296661377,1618000
2020-11-13,2.9700000286102295,2.9800000190734863,2.930000066757202,2.940000057220459,2.901718854904175,1390000
2020-11-16,2.950000047683716,2.9600000381469727,2.9200000762939453,2.950000047683716,2.911588668823242,1442000
2020-11-17,2.950000047683716,2.9800000190734863,2.930000066757202,2.9800000190734863,2.9411981105804443,1141000
2020-11-18,2.9600000381469727,2.990000009536743,2.950000047683716,2.990000009536743,2.9510676860809326,1297000
2020-11-19,2.9800000190734863,3.0199999809265137,2.9600000381469727,3.0199999809265137,2.9806771278381348,1392000
2020-11-20,3.0,3.0,2.9000000953674316,2.9000000953674316,2.8622398376464844,6654000
2020-11-23,2.9600000381469727,2.9600000381469727,2.799999952316284,2.880000114440918,2.8425002098083496,1646000
2020-11-24,2.869999885559082,2.869999885559082,2.7699999809265137,2.7799999713897705,2.743802070617676,1414000
2020-11-25,2.7699999809265137,2.7899999618530273,2.75,2.7799999713897705,2.743802070617676,1199000
2020-11-26,2.7899999618530273,2.7899999618530273,2.75,2.759999990463257,2.724062442779541,471000
2020-11-27,2.7799999713897705,2.7799999713897705,2.7100000381469727,2.75,2.7141928672790527,209000
2020-11-30,2.740000009536743,2.7799999713897705,2.6700000762939453,2.7300000190734863,2.694453239440918,546000
2020-12-01,2.7200000286102295,2.740000009536743,2.7100000381469727,2.7300000190734863,2.694453239440918,270000
2020-12-02,2.7300000190734863,2.740000009536743,2.690000057220459,2.7200000286102295,2.6845834255218506,327000
2020-12-03,2.7100000381469727,2.759999990463257,2.7100000381469727,2.740000009536743,2.7043230533599854,763000
2020-12-04,2.740000009536743,2.740000009536743,2.690000057220459,2.7200000286102295,2.6845834255218506,729000
2020-12-07,2.7200000286102295,2.7300000190734863,2.6600000858306885,2.7100000381469727,2.674713611602783,782000
2020-12-08,2.700000047683716,2.7200000286102295,2.680000066757202,2.7200000286102295,2.6845834255218506,713000
2020-12-09,2.700000047683716,2.7100000381469727,2.6700000762939453,2.700000047683716,2.664843797683716,431000
2020-12-10,2.680000066757202,2.700000047683716,2.6600000858306885,2.700000047683716,2.664843797683716,462000
2020-12-11,2.680000066757202,2.700000047683716,2.6600000858306885,2.700000047683716,2.664843797683716,6049000
2020-12-14,2.6700000762939453,2.7100000381469727,2.6600000858306885,2.690000057220459,2.6549739837646484,403000
2020-12-15,2.690000057220459,2.690000057220459,2.6500000953674316,2.680000066757202,2.645104169845581,3477000
2020-12-16,2.6600000858306885,2.7100000381469727,2.630000114440918,2.680000066757202,2.645104169845581,10678000
2020-12-17,2.6700000762939453,2.680000066757202,2.630000114440918,2.680000066757202,2.645104169845581,2601000
2020-12-18,2.6700000762939453,2.6700000762939453,2.640000104904175,2.6600000858306885,2.6253647804260254,2755000
2020-12-21,2.680000066757202,2.7300000190734863,2.6700000762939453,2.680000066757202,2.645104169845581,1768000
2020-12-22,2.700000047683716,2.799999952316284,2.680000066757202,2.799999952316284,2.7635416984558105,1549000
2020-12-23,2.819999933242798,2.9000000953674316,2.7899999618530273,2.9000000953674316,2.8622398376464844,1283000
2020-12-24,2.990000009536743,2.990000009536743,2.990000009536743,2.990000009536743,2.9510676860809326,0
2020-12-28,2.9700000286102295,3.0,2.9200000762939453,2.9600000381469727,2.9214584827423096,1741000
2020-12-29,2.9700000286102295,2.9700000286102295,2.9100000858306885,2.9600000381469727,2.9214584827423096,1206000
2020-12-30,2.950000047683716,2.9700000286102295,2.930000066757202,2.9600000381469727,2.9214584827423096,1333000
2020-12-31,3.0,3.0,3.0,3.0,2.9609375,0
2021-01-04,2.9700000286102295,3.0,2.950000047683716,2.9600000381469727,2.9214584827423096,5273000
2021-01-05,2.9800000190734863,2.9800000190734863,2.9000000953674316,2.9600000381469727,2.9214584827423096,1014000
2021-01-06,2.9700000286102295,2.990000009536743,2.940000057220459,2.9800000190734863,2.9411981105804443,3894000
2021-01-07,2.9700000286102295,3.0,2.9100000858306885,2.9700000286102295,2.931328296661377,1789000
2021-01-08,2.9700000286102295,2.9700000286102295,2.9200000762939453,2.9700000286102295,2.931328296661377,1326000
2021-01-11,2.9700000286102295,2.9700000286102295,2.9100000858306885,2.9200000762939453,2.88197922706604,983000
2021-01-12,2.880000114440918,2.9600000381469727,2.880000114440918,2.930000066757202,2.8918490409851074,1494000
2021-01-13,2.930000066757202,2.9600000381469727,2.869999885559082,2.940000057220459,2.901718854904175,1290000
2021-01-14,2.950000047683716,2.9700000286102295,2.930000066757202,2.9700000286102295,2.931328296661377,1018000
2021-01-15,2.9700000286102295,2.9700000286102295,2.869999885559082,2.890000104904175,2.852370023727417,1340000
2021-01-18,2.880000114440918,2.880000114440918,2.7699999809265137,2.880000114440918,2.8425002098083496,308000
2021-01-19,2.8299999237060547,2.930000066757202,2.8299999237060547,2.859999895095825,2.8227603435516357,548000
2021-01-20,2.880000114440918,2.890000104904175,2.8499999046325684,2.880000114440918,2.8425002098083496,185000
2021-01-21,2.9200000762939453,2.9200000762939453,2.8299999237060547,2.880000114440918,2.8425002098083496,419000
2021-01-22,2.880000114440918,2.880000114440918,2.8399999141693115,2.859999895095825,2.8227603435516357,32000
2021-01-25,2.9100000858306885,2.9100000858306885,2.75,2.8399999141693115,2.803020715713501,315000
2021-01-26,2.859999895095825,2.880000114440918,2.8499999046325684,2.880000114440918,2.8425002098083496,928000
2021-01-27,2.869999885559082,2.9700000286102295,2.859999895095825,2.9200000762939453,2.88197922706604,1198000
2021-01-28,2.9000000953674316,2.930000066757202,2.880000114440918,2.9100000858306885,2.8721094131469727,1035000
2021-01-29,2.9100000858306885,2.9600000381469727,2.9000000953674316,2.930000066757202,2.8918490409851074,932000
2021-02-01,2.950000047683716,2.950000047683716,2.8399999141693115,2.9000000953674316,2.8622398376464844,999000
2021-02-02,2.950000047683716,2.950000047683716,2.8499999046325684,2.9000000953674316,2.8622398376464844,980000
2021-02-03,2.9000000953674316,2.940000057220459,2.890000104904175,2.9100000858306885,2.8721094131469727,989000
2021-02-04,2.9200000762939453,2.930000066757202,2.890000104904175,2.9100000858306885,2.8721094131469727,1039000
2021-02-05,2.930000066757202,2.930000066757202,2.890000104904175,2.9000000953674316,2.8622398376464844,906000
2021-02-08,2.930000066757202,2.930000066757202,2.869999885559082,2.869999885559082,2.832630157470703,936000
2021-02-09,2.890000104904175,2.890000104904175,2.859999895095825,2.880000114440918,2.8425002098083496,889000
2021-02-10,2.890000104904175,3.180000066757202,2.880000114440918,2.930000066757202,2.8918490409851074,3936000
2021-02-11,2.880000114440918,2.880000114440918,2.880000114440918,2.880000114440918,2.8425002098083496,0
2021-02-16,2.9000000953674316,2.9700000286102295,2.890000104904175,2.9100000858306885,2.8721094131469727,2709000
2021-02-17,2.940000057220459,3.1500000953674316,2.930000066757202,3.130000114440918,3.089245080947876,3930000
2021-02-18,3.0999999046325684,3.130000114440918,3.069999933242798,3.0999999046325684,3.0596354007720947,1264000
2021-02-19,3.0899999141693115,3.200000047683716,3.0799999237060547,3.190000057220459,3.148463726043701,2495000
2021-02-22,3.2200000286102295,3.3399999141693115,3.1700000762939453,3.2699999809265137,3.227421998977661,1136000
2021-02-23,3.2799999713897705,3.390000104904175,3.200000047683716,3.359999895095825,3.3162498474121094,1229000
2021-02-24,3.359999895095825,3.450000047683716,3.2799999713897705,3.319999933242798,3.276770830154419,1524000
2021-02-25,3.3399999141693115,3.4200000762939453,3.309999942779541,3.4200000762939453,3.3754689693450928,1429000
2021-02-26,3.390000104904175,3.4700000286102295,3.2799999713897705,3.319999933242798,3.276770830154419,1117000
2021-03-01,3.359999895095825,3.5299999713897705,3.3299999237060547,3.5199999809265137,3.4741666316986084,1546000
2021-03-02,3.5799999237060547,3.6500000953674316,3.450000047683716,3.5,3.4544272422790527,3095000
2021-03-03,3.490000009536743,3.559999942779541,3.4800000190734863,3.5,3.4544272422790527,1442000
2021-03-04,3.549999952316284,3.549999952316284,3.4000000953674316,3.4000000953674316,3.355729341506958,1150000
2021-03-05,3.4000000953674316,3.450000047683716,3.2899999618530273,3.299999952316284,3.257031202316284,1006000
2021-03-08,3.3399999141693115,3.3399999141693115,3.2300000190734863,3.2799999713897705,3.2372918128967285,887000
2021-03-09,3.2799999713897705,3.2899999618530273,3.2300000190734863,3.240000009536743,3.197812557220459,411000
2021-03-10,3.2699999809265137,3.299999952316284,3.2200000286102295,3.299999952316284,3.257031202316284,452000
2021-03-11,3.299999952316284,3.299999952316284,3.240000009536743,3.299999952316284,3.257031202316284,1859000
2021-03-12,3.299999952316284,3.3399999141693115,3.2699999809265137,3.299999952316284,3.257031202316284,2763000
2021-03-15,3.309999942779541,3.4100000858306885,3.2899999618530273,3.369999885559082,3.3261196613311768,1407000
2021-03-16,3.369999885559082,3.4100000858306885,3.359999895095825,3.4000000953674316,3.355729341506958,1184000
2021-03-17,3.3499999046325684,3.4200000762939453,3.3499999046325684,3.4200000762939453,3.3754689693450928,973000
2021-03-18,3.4200000762939453,3.4800000190734863,3.390000104904175,3.4800000190734863,3.434687614440918,2564000
2021-03-19,3.4800000190734863,3.4800000190734863,3.319999933242798,3.4100000858306885,3.3655991554260254,843000
2021-03-22,3.4200000762939453,3.4200000762939453,3.140000104904175,3.240000009536743,3.197812557220459,1353000
2021-03-23,3.2300000190734863,3.2300000190734863,3.130000114440918,3.2300000190734863,3.1879427433013916,1011000
2021-03-24,3.25,3.25,3.1700000762939453,3.1700000762939453,3.1287240982055664,104000
2021-03-25,3.1700000762939453,3.200000047683716,3.069999933242798,3.200000047683716,3.1583335399627686,220000
2021-03-26,3.2100000381469727,3.4200000762939453,3.119999885559082,3.359999895095825,3.3162498474121094,339000
2021-03-29,3.359999895095825,3.359999895095825,3.2200000286102295,3.2799999713897705,3.2372918128967285,1232000
2021-03-30,3.2899999618530273,3.309999942779541,3.25,3.2799999713897705,3.2372918128967285,1450000
2021-03-31,3.2899999618530273,3.4000000953674316,3.259999990463257,3.309999942779541,3.2669010162353516,1608000
2021-04-01,3.3399999141693115,3.3399999141693115,3.240000009536743,3.2899999618530273,3.247161388397217,2839000
2021-04-07,3.299999952316284,3.369999885559082,3.2899999618530273,3.3399999141693115,3.2965104579925537,1865000
2021-04-08,3.3399999141693115,3.380000114440918,3.3399999141693115,3.380000114440918,3.3359897136688232,862000
2021-04-09,3.380000114440918,3.380000114440918,3.3399999141693115,3.369999885559082,3.3261196613311768,768000
2021-04-12,3.4000000953674316,3.4000000953674316,3.2200000286102295,3.259999990463257,3.2175521850585938,648000
2021-04-13,3.259999990463257,3.3299999237060547,3.200000047683716,3.3299999237060547,3.2866406440734863,1628000
2021-04-14,3.299999952316284,3.369999885559082,3.299999952316284,3.359999895095825,3.3162498474121094,830000
2021-04-15,3.359999895095825,3.380000114440918,3.25,3.359999895095825,3.3162498474121094,838000
2021-04-16,3.359999895095825,3.369999885559082,3.2899999618530273,3.3299999237060547,3.2866406440734863,589000
2021-04-19,3.3499999046325684,3.3499999046325684,3.2699999809265137,3.299999952316284,3.257031202316284,643000
2021-04-20,3.259999990463257,3.2799999713897705,3.2100000381469727,3.240000009536743,3.197812557220459,136000
2021-04-21,3.309999942779541,3.309999942779541,3.1500000953674316,3.2100000381469727,3.168203115463257,163000
2021-04-22,3.2300000190734863,3.240000009536743,3.1500000953674316,3.2200000286102295,3.178072929382324,316000
2021-04-23,3.2100000381469727,3.5,3.130000114440918,3.5,3.4544272422790527,668000
2021-04-26,3.4000000953674316,3.4000000953674316,3.299999952316284,3.3499999046325684,3.306380271911621,663000
2021-04-27,3.359999895095825,3.359999895095825,3.25,3.25,3.2076823711395264,575000
2021-04-28,3.2100000381469727,3.4000000953674316,3.2100000381469727,3.4000000953674316,3.355729341506958,975000
2021-04-29,3.390000104904175,3.390000104904175,3.319999933242798,3.390000104904175,3.3458595275878906,834000
2021-04-30,3.390000104904175,3.390000104904175,3.3299999237060547,3.359999895095825,3.3162498474121094,669000
2021-05-03,3.380000114440918,3.390000104904175,3.3299999237060547,3.3399999141693115,3.2965104579925537,709000
2021-05-04,3.380000114440918,3.4200000762939453,3.3299999237060547,3.4000000953674316,3.355729341506958,1236000
2021-05-05,3.369999885559082,3.390000104904175,3.240000009536743,3.359999895095825,3.3162498474121094,820000
2021-05-06,3.390000104904175,3.390000104904175,3.3499999046325684,3.369999885559082,3.3261196613311768,2062000
2021-05-07,3.380000114440918,3.390000104904175,3.2899999618530273,3.380000114440918,3.3359897136688232,662000
2021-05-10,3.359999895095825,3.359999895095825,3.299999952316284,3.359999895095825,3.3162498474121094,721000
2021-05-11,3.390000104904175,3.390000104904175,3.259999990463257,3.3499999046325684,3.306380271911621,578000
2021-05-12,3.390000104904175,3.4100000858306885,3.3299999237060547,3.3499999046325684,3.306380271911621,701000
2021-05-13,3.3499999046325684,3.3499999046325684,3.259999990463257,3.3499999046325684,3.306380271911621,1802000
2021-05-14,3.3499999046325684,3.4000000953674316,3.3299999237060547,3.390000104904175,3.3458595275878906,723000
2021-05-17,3.380000114440918,3.4000000953674316,3.359999895095825,3.390000104904175,3.3458595275878906,540000
2021-05-18,3.390000104904175,3.390000104904175,3.3499999046325684,3.380000114440918,3.3359897136688232,834000
2021-05-20,3.4000000953674316,3.4000000953674316,3.359999895095825,3.380000114440918,3.3359897136688232,683000
2021-05-21,3.390000104904175,3.390000104904175,3.319999933242798,3.390000104904175,3.3458595275878906,642000
2021-05-24,3.380000114440918,3.450000047683716,3.369999885559082,3.4000000953674316,3.355729341506958,724000
2021-05-25,3.440000057220459,3.440000057220459,3.3299999237060547,3.3499999046325684,3.306380271911621,556000
2021-05-26,3.3499999046325684,3.3499999046325684,3.240000009536743,3.309999942779541,3.2669010162353516,609000
2021-05-27,3.2899999618530273,3.309999942779541,3.259999990463257,3.259999990463257,3.2175521850585938,263000
2021-05-28,3.2899999618530273,3.3399999141693115,3.2799999713897705,3.299999952316284,3.257031202316284,827000
2021-05-31,3.3499999046325684,3.3499999046325684,3.259999990463257,3.3499999046325684,3.306380271911621,908000
2021-06-01,3.3499999046325684,3.359999895095825,3.299999952316284,3.3499999046325684,3.306380271911621,5187000
2021-06-02,3.359999895095825,3.4000000953674316,3.3299999237060547,3.369999885559082,3.3261196613311768,1872000
2021-06-03,3.390000104904175,3.450000047683716,3.3299999237060547,3.3399999141693115,3.2965104579925537,1625000
2021-06-04,3.390000104904175,3.390000104904175,3.3399999141693115,3.380000114440918,3.3359897136688232,814000
2021-06-07,3.4100000858306885,3.440000057220459,3.319999933242798,3.440000057220459,3.3952083587646484,826000
2021-06-08,3.430000066757202,3.430000066757202,3.3299999237060547,3.380000114440918,3.3359897136688232,834000
2021-06-09,3.390000104904175,3.450000047683716,3.2799999713897705,3.450000047683716,3.405078172683716,1046000
2021-06-10,3.450000047683716,3.549999952316284,3.319999933242798,3.359999895095825,3.3162498474121094,1891000
2021-06-11,3.380000114440918,3.440000057220459,3.309999942779541,3.440000057220459,3.3952083587646484,1392000
2021-06-15,3.450000047683716,3.430000066757202,3.299999952316284,3.299999952316284,3.257031202316284,1179000
2021-06-16,3.309999942779541,3.390000104904175,3.25,3.3499999046325684,3.306380271911621,1841000
2021-06-17,3.369999885559082,3.369999885559082,3.309999942779541,3.3299999237060547,3.2866406440734863,1116000
2021-06-18,3.3399999141693115,3.4100000858306885,3.2899999618530273,3.4000000953674316,3.355729341506958,1708000
2021-06-21,3.4000000953674316,3.450000047683716,3.3399999141693115,3.4100000858306885,3.3655991554260254,1886000
2021-06-22,3.440000057220459,3.5899999141693115,3.380000114440918,3.5899999141693115,3.543255090713501,1797000
2021-06-23,3.619999885559082,3.680000066757202,3.5399999618530273,3.6600000858306885,3.6123440265655518,4606000
2021-06-24,3.75,3.8499999046325684,3.75,3.809999942779541,3.7603907585144043,1132000
2021-06-25,3.809999942779541,4.0,3.75,4.0,3.9479167461395264,990000
2021-06-28,4.119999885559082,4.119999885559082,3.799999952316284,3.8399999141693115,3.7899999618530273,753000
2021-06-29,3.8299999237060547,3.8299999237060547,3.6500000953674316,3.740000009536743,3.740000009536743,455000
2021-06-30,3.819999933242798,3.819999933242798,3.6700000762939453,3.75,3.75,773000
2021-07-02,3.809999942779541,3.809999942779541,3.6700000762939453,3.7100000381469727,3.7100000381469727,758000
2021-07-05,3.6600000858306885,3.740000009536743,3.6600000858306885,3.7300000190734863,3.7300000190734863,590000
2021-07-06,3.740000009536743,3.7699999809265137,3.630000114440918,3.6500000953674316,3.6500000953674316,643000
2021-07-07,3.690000057220459,3.890000104904175,3.6500000953674316,3.890000104904175,3.890000104904175,729000
2021-07-08,3.890000104904175,3.890000104904175,3.5899999141693115,3.5899999141693115,3.5899999141693115,547000
2021-07-09,3.5899999141693115,3.75,3.569999933242798,3.700000047683716,3.700000047683716,600000
2021-07-12,3.5999999046325684,3.6700000762939453,3.559999942779541,3.609999895095825,3.609999895095825,183000
2021-07-13,3.559999942779541,3.6600000858306885,3.559999942779541,3.5999999046325684,3.5999999046325684,243000
2021-07-14,3.609999895095825,3.6600000858306885,3.569999933242798,3.6500000953674316,3.6500000953674316,536000
2021-07-15,3.6500000953674316,3.6500000953674316,3.569999933242798,3.569999933242798,3.569999933242798,276000
2021-07-16,3.619999885559082,3.630000114440918,3.5799999237060547,3.609999895095825,3.609999895095825,261000
2021-07-19,3.6600000858306885,3.6600000858306885,3.5999999046325684,3.5999999046325684,3.5999999046325684,640000
2021-07-20,3.6600000858306885,3.6600000858306885,3.569999933242798,3.569999933242798,3.569999933242798,709000
2021-07-21,3.619999885559082,3.619999885559082,3.5,3.5999999046325684,3.5999999046325684,827000
2021-07-22,3.5999999046325684,3.6600000858306885,3.5899999141693115,3.6600000858306885,3.6600000858306885,916000
2021-07-23,3.6700000762939453,3.9000000953674316,3.569999933242798,3.569999933242798,3.569999933242798,585000
2021-07-26,3.619999885559082,3.630000114440918,3.450000047683716,3.619999885559082,3.619999885559082,277000
2021-07-27,3.619999885559082,3.630000114440918,3.309999942779541,3.549999952316284,3.549999952316284,502000
2021-07-28,3.5899999141693115,3.690000057220459,3.569999933242798,3.690000057220459,3.690000057220459,421000
2021-07-29,3.700000047683716,3.700000047683716,3.609999895095825,3.609999895095825,3.609999895095825,400000
2021-07-30,3.5999999046325684,3.700000047683716,3.5,3.5399999618530273,3.5399999618530273,4024000
2021-08-02,3.5999999046325684,3.5999999046325684,3.4700000286102295,3.4700000286102295,3.4700000286102295,233000
2021-08-03,3.549999952316284,3.559999942779541,3.4600000381469727,3.509999990463257,3.509999990463257,1228000
2021-08-04,3.5199999809265137,3.5199999809265137,3.440000057220459,3.5,3.5,519000
2021-08-05,3.5,3.569999933242798,3.490000009536743,3.5199999809265137,3.5199999809265137,310000
2021-08-06,3.549999952316284,3.549999952316284,3.4800000190734863,3.4800000190734863,3.4800000190734863,520000
2021-08-09,3.5,3.5,3.440000057220459,3.450000047683716,3.450000047683716,494000
2021-08-10,3.4700000286102295,3.559999942779541,3.380000114440918,3.4600000381469727,3.4600000381469727,1969000
2021-08-11,3.5399999618530273,3.5399999618530273,3.490000009536743,3.490000009536743,3.490000009536743,663000
2021-08-12,3.5399999618530273,3.5399999618530273,3.440000057220459,3.4600000381469727,3.4600000381469727,496000
2021-08-13,3.5,3.5,3.3499999046325684,3.4000000953674316,3.4000000953674316,442000
2021-08-16,3.3499999046325684,3.4000000953674316,3.3299999237060547,3.4000000953674316,3.4000000953674316,138000
2021-08-17,3.390000104904175,3.390000104904175,3.2799999713897705,3.390000104904175,3.390000104904175,249000
2021-08-18,3.369999885559082,3.450000047683716,3.3499999046325684,3.3499999046325684,3.3499999046325684,271000
2021-08-19,3.369999885559082,3.430000066757202,3.180000066757202,3.4000000953674316,3.4000000953674316,524000
2021-08-20,3.450000047683716,3.799999952316284,3.240000009536743,3.240000009536743,3.240000009536743,737000
2021-08-23,3.2100000381469727,3.3299999237060547,3.180000066757202,3.3299999237060547,3.3299999237060547,235000
2021-08-24,3.299999952316284,3.319999933242798,3.25,3.319999933242798,3.319999933242798,70000
2021-08-25,3.2200000286102295,3.4200000762939453,3.2200000286102295,3.380000114440918,3.380000114440918,667000
2021-08-26,3.380000114440918,3.4000000953674316,3.309999942779541,3.380000114440918,3.380000114440918,519000
2021-08-27,3.369999885559082,3.369999885559082,3.319999933242798,3.3299999237060547,3.3299999237060547,520000
2021-08-30,3.3399999141693115,3.369999885559082,3.319999933242798,3.3299999237060547,3.3299999237060547,501000
2021-08-31,3.3399999141693115,3.359999895095825,3.2799999713897705,3.319999933242798,3.319999933242798,414000
2021-09-01,3.3299999237060547,3.3399999141693115,3.299999952316284,3.319999933242798,3.319999933242798,291000
2021-09-02,3.319999933242798,3.319999933242798,3.2200000286102295,3.2799999713897705,3.2799999713897705,161000
2021-09-03,3.2200000286102295,3.240000009536743,3.2100000381469727,3.2300000190734863,3.2300000190734863,38000
2021-09-06,3.1500000953674316,3.2200000286102295,3.0999999046325684,3.0999999046325684,3.0999999046325684,114000
2021-09-07,3.130000114440918,3.390000104904175,3.0899999141693115,3.390000104904175,3.390000104904175,434000
2021-09-08,3.380000114440918,3.450000047683716,3.190000057220459,3.4100000858306885,3.4100000858306885,447000
2021-09-09,3.440000057220459,3.5,3.2699999809265137,3.2899999618530273,3.2899999618530273,515000
2021-09-10,3.4000000953674316,3.5,3.319999933242798,3.490000009536743,3.490000009536743,735000
2021-09-13,3.5199999809265137,3.5199999809265137,3.2899999618530273,3.3499999046325684,3.3499999046325684,602000
2021-09-14,3.25,3.319999933242798,3.190000057220459,3.259999990463257,3.259999990463257,311000
2021-09-15,3.259999990463257,3.309999942779541,3.240000009536743,3.2899999618530273,3.2899999618530273,187000
2021-09-16,3.299999952316284,3.309999942779541,3.2899999618530273,3.299999952316284,3.299999952316284,101000
2021-09-17,3.2100000381469727,3.2899999618530273,3.1500000953674316,3.2699999809265137,3.2699999809265137,443000
2021-09-20,3.299999952316284,3.309999942779541,3.2899999618530273,3.2799999713897705,3.2799999713897705,13000
2021-09-21,3.2899999618530273,3.309999942779541,3.240000009536743,3.309999942779541,3.309999942779541,94000
2021-09-23,3.299999952316284,3.299999952316284,3.2899999618530273,3.2899999618530273,3.2899999618530273,42000
2021-09-24,3.299999952316284,3.4000000953674316,3.2200000286102295,3.4000000953674316,3.4000000953674316,3317000
2021-09-27,3.3399999141693115,3.450000047683716,3.259999990463257,3.450000047683716,3.450000047683716,566000
2021-09-28,3.4000000953674316,3.4200000762939453,3.2899999618530273,3.2899999618530273,3.2899999618530273,757000
2021-09-29,3.2799999713897705,3.5999999046325684,3.2799999713897705,3.5999999046325684,3.5999999046325684,724000
2021-09-30,3.5799999237060547,3.5999999046325684,3.359999895095825,3.5999999046325684,3.5999999046325684,2127000
2021-10-04,3.5,3.549999952316284,3.4700000286102295,3.4700000286102295,3.4700000286102295,402000
2021-10-05,3.490000009536743,3.5199999809265137,3.4200000762939453,3.5199999809265137,3.5199999809265137,144000
2021-10-06,3.509999990463257,3.5799999237060547,3.5,3.5799999237060547,3.5799999237060547,499000
2021-10-07,3.569999933242798,3.569999933242798,3.4800000190734863,3.4800000190734863,3.4800000190734863,465000
2021-10-08,3.5299999713897705,3.5799999237060547,3.4100000858306885,3.5799999237060547,3.5799999237060547,442000
2021-10-11,3.5799999237060547,3.609999895095825,3.430000066757202,3.430000066757202,3.430000066757202,547000
2021-10-12,3.509999990463257,3.549999952316284,3.4800000190734863,3.549999952316284,3.549999952316284,419000
2021-10-15,3.5399999618530273,3.5399999618530273,3.4200000762939453,3.509999990463257,3.509999990463257,2551000
2021-10-18,3.430000066757202,3.440000057220459,3.359999895095825,3.440000057220459,3.440000057220459,29000
2021-10-19,3.4000000953674316,3.4100000858306885,3.299999952316284,3.3499999046325684,3.3499999046325684,75000
2021-10-20,3.3399999141693115,3.3399999141693115,3.1700000762939453,3.2200000286102295,3.2200000286102295,320000
2021-10-21,3.240000009536743,3.7200000286102295,3.200000047683716,3.6500000953674316,3.6500000953674316,1711000
2021-10-22,3.6500000953674316,3.6500000953674316,3.549999952316284,3.619999885559082,3.619999885559082,434000
2021-10-25,3.619999885559082,3.619999885559082,3.5,3.5299999713897705,3.5299999713897705,441000
2021-10-26,3.5799999237060547,3.5799999237060547,3.4800000190734863,3.509999990463257,3.509999990463257,435000
2021-10-27,3.559999942779541,3.5799999237060547,3.4100000858306885,3.5299999713897705,3.5299999713897705,439000
2021-10-28,3.559999942779541,3.569999933242798,3.450000047683716,3.5199999809265137,3.5199999809265137,367000
2021-10-29,3.509999990463257,3.559999942779541,3.4600000381469727,3.5199999809265137,3.5199999809265137,2574000
2021-11-01,3.5999999046325684,3.700000047683716,3.509999990463257,3.680000066757202,3.680000066757202,583000
2021-11-02,3.680000066757202,3.7799999713897705,3.5299999713897705,3.759999990463257,3.759999990463257,742000
2021-11-03,3.75,3.75,3.4600000381469727,3.4600000381469727,3.4600000381469727,970000
2021-11-04,3.450000047683716,3.640000104904175,3.369999885559082,3.5999999046325684,3.5999999046325684,690000
2021-11-05,3.609999895095825,3.609999895095825,3.509999990463257,3.5299999713897705,3.5299999713897705,414000
2021-11-08,3.5,3.5899999141693115,3.4100000858306885,3.5899999141693115,3.5899999141693115,471000
2021-11-09,3.5799999237060547,3.5999999046325684,3.4000000953674316,3.5999999046325684,3.5999999046325684,611000
2021-11-10,3.5799999237060547,3.5799999237060547,3.4000000953674316,3.5199999809265137,3.5199999809265137,1080000
2021-11-11,3.430000066757202,3.5399999618530273,3.430000066757202,3.5299999713897705,3.5299999713897705,3431000
2021-11-12,3.5999999046325684,3.5999999046325684,3.450000047683716,3.4800000190734863,3.4800000190734863,597000
2021-11-15,3.490000009536743,3.5,3.4700000286102295,3.5,3.5,386000
2021-11-16,3.5299999713897705,3.5299999713897705,3.3299999237060547,3.3299999237060547,3.3299999237060547,818000
2021-11-17,3.369999885559082,3.4000000953674316,3.2799999713897705,3.359999895095825,3.359999895095825,673000
2021-11-18,3.369999885559082,3.4000000953674316,3.2300000190734863,3.380000114440918,3.380000114440918,1101000
2021-11-19,3.359999895095825,3.380000114440918,3.2699999809265137,3.2699999809265137,3.2699999809265137,1519000
2021-11-22,3.3499999046325684,3.3499999046325684,3.2899999618530273,3.2899999618530273,3.2899999618530273,415000
2021-11-23,3.240000009536743,3.4000000953674316,3.240000009536743,3.3299999237060547,3.3299999237060547,525000
2021-11-24,3.2899999618530273,3.3499999046325684,3.2799999713897705,3.2899999618530273,3.2899999618530273,416000
2021-11-25,3.369999885559082,3.369999885559082,3.190000057220459,3.3499999046325684,3.3499999046325684,726000
2021-11-26,3.3499999046325684,3.3499999046325684,3.259999990463257,3.2899999618530273,3.2899999618530273,410000
2021-11-29,3.2300000190734863,3.309999942779541,3.2100000381469727,3.309999942779541,3.309999942779541,421000
2021-11-30,3.2799999713897705,3.2799999713897705,3.1600000858306885,3.1600000858306885,3.1600000858306885,1506000
2021-12-01,3.240000009536743,3.2899999618530273,3.1500000953674316,3.2300000190734863,3.2300000190734863,788000
2021-12-02,3.2100000381469727,3.2200000286102295,3.140000104904175,3.140000104904175,3.140000104904175,778600
2021-12-03,3.1700000762939453,3.3399999141693115,3.059999942779541,3.3299999237060547,3.3299999237060547,702000
2021-12-06,3.309999942779541,3.319999933242798,3.190000057220459,3.299999952316284,3.299999952316284,536000
2021-12-07,3.2899999618530273,3.440000057220459,3.25,3.3499999046325684,3.3499999046325684,882000
2021-12-08,3.3499999046325684,3.380000114440918,3.25,3.380000114440918,3.380000114440918,574000
2021-12-09,3.390000104904175,3.4700000286102295,3.319999933242798,3.430000066757202,3.430000066757202,655000
2021-12-10,3.430000066757202,3.430000066757202,3.3499999046325684,3.4000000953674316,3.4000000953674316,431000
2021-12-13,3.4000000953674316,3.4200000762939453,3.3399999141693115,3.3399999141693115,3.3399999141693115,563000
2021-12-14,3.3399999141693115,3.359999895095825,3.2699999809265137,3.3399999141693115,3.3399999141693115,630000
2021-12-15,3.3399999141693115,3.509999990463257,3.2699999809265137,3.4700000286102295,3.4700000286102295,520000
2021-12-16,3.4000000953674316,3.4600000381469727,3.4000000953674316,3.4600000381469727,3.4600000381469727,358000
2021-12-17,3.369999885559082,3.450000047683716,3.369999885559082,3.450000047683716,3.450000047683716,796000
2021-12-20,3.440000057220459,3.5199999809265137,3.3499999046325684,3.5199999809265137,3.5199999809265137,414000
2021-12-21,3.509999990463257,3.509999990463257,3.380000114440918,3.380000114440918,3.380000114440918,357000
2021-12-22,3.369999885559082,3.509999990463257,3.3499999046325684,3.509999990463257,3.509999990463257,588000
2021-12-23,3.5199999809265137,3.5199999809265137,3.4000000953674316,3.4200000762939453,3.4200000762939453,588000
2021-12-24,3.450000047683716,3.450000047683716,3.450000047683716,3.450000047683716,3.450000047683716,0
2021-12-28,3.440000057220459,3.450000047683716,3.299999952316284,3.430000066757202,3.430000066757202,458000
2021-12-29,3.4000000953674316,3.4200000762939453,3.369999885559082,3.369999885559082,3.369999885559082,455000
2021-12-30,3.369999885559082,3.4800000190734863,3.369999885559082,3.4200000762939453,3.4200000762939453,517000
2021-12-31,3.4000000953674316,3.5999999046325684,3.390000104904175,3.5999999046325684,3.5999999046325684,446000
2022-01-03,3.5199999809265137,3.5999999046325684,3.4800000190734863,3.5999999046325684,3.5999999046325684,569000
2022-01-04,3.5199999809265137,3.5399999618530273,3.4600000381469727,3.5299999713897705,3.5299999713897705,648000
2022-01-05,3.5999999046325684,3.5999999046325684,3.380000114440918,3.380000114440918,3.380000114440918,2345000
2022-01-06,3.359999895095825,3.380000114440918,3.109999895095825,3.380000114440918,3.380000114440918,463000
2022-01-07,3.369999885559082,3.369999885559082,3.0999999046325684,3.0999999046325684,3.0999999046325684,580000
2022-01-10,3.200000047683716,3.259999990463257,3.0399999618530273,3.2200000286102295,3.2200000286102295,593000
2022-01-11,3.2100000381469727,3.359999895095825,3.190000057220459,3.3499999046325684,3.3499999046325684,356000
2022-01-12,3.3399999141693115,3.3399999141693115,3.190000057220459,3.240000009536743,3.240000009536743,459000
2022-01-13,3.1700000762939453,3.2200000286102295,3.140000104904175,3.1500000953674316,3.1500000953674316,133000
2022-01-14,3.2100000381469727,3.2100000381469727,3.1500000953674316,3.1700000762939453,3.1700000762939453,56000
2022-01-17,3.2300000190734863,3.2300000190734863,3.140000104904175,3.190000057220459,3.190000057220459,317000
2022-01-18,3.190000057220459,3.200000047683716,3.1600000858306885,3.1600000858306885,3.1600000858306885,62000
2022-01-19,3.299999952316284,3.299999952316284,2.9800000190734863,2.9800000190734863,2.9800000190734863,589000
2022-01-20,2.880000114440918,3.0999999046325684,2.740000009536743,3.069999933242798,3.069999933242798,565000
2022-01-21,3.059999942779541,3.069999933242798,2.9000000953674316,3.049999952316284,3.049999952316284,220000
2022-01-24,3.049999952316284,3.049999952316284,2.9000000953674316,3.0399999618530273,3.0399999618530273,83000
2022-01-25,3.0999999046325684,3.0999999046325684,2.950000047683716,3.049999952316284,3.049999952316284,141000
2022-01-26,3.0899999141693115,3.0899999141693115,2.990000009536743,3.049999952316284,3.049999952316284,113000
2022-01-27,3.009999990463257,3.0999999046325684,3.0,3.0999999046325684,3.0999999046325684,211000
2022-01-28,3.0999999046325684,3.200000047683716,3.059999942779541,3.200000047683716,3.200000047683716,279000
2022-01-31,3.2100000381469727,3.2100000381469727,3.2100000381469727,3.2100000381469727,3.2100000381469727,0
2022-02-04,3.200000047683716,3.2300000190734863,3.1500000953674316,3.1500000953674316,3.1500000953674316,338000
2022-02-07,3.1500000953674316,3.1500000953674316,3.069999933242798,3.1500000953674316,3.1500000953674316,453000
2022-02-08,3.140000104904175,3.140000104904175,3.009999990463257,3.140000104904175,3.140000104904175,450000
2022-02-09,3.059999942779541,3.1700000762939453,3.0299999713897705,3.0299999713897705,3.0299999713897705,455000
2022-02-10,3.0399999618530273,3.130000114440918,3.0,3.130000114440918,3.130000114440918,410000
2022-02-11,3.119999885559082,3.130000114440918,2.9600000381469727,2.9600000381469727,2.9600000381469727,432000
2022-02-14,3.0199999809265137,3.0999999046325684,2.8299999237060547,3.0999999046325684,3.0999999046325684,235000
2022-02-15,3.0999999046325684,3.299999952316284,3.0299999713897705,3.2899999618530273,3.2899999618530273,478000
2022-02-16,3.2899999618530273,3.2899999618530273,3.069999933242798,3.1700000762939453,3.1700000762939453,509000
2022-02-17,3.1500000953674316,3.1500000953674316,3.059999942779541,3.0799999237060547,3.0799999237060547,458000
2022-02-18,3.0799999237060547,3.0999999046325684,3.0399999618530273,3.0999999046325684,3.0999999046325684,284000
2022-02-21,3.0799999237060547,3.190000057220459,3.0299999713897705,3.0299999713897705,3.0299999713897705,370000
2022-02-22,3.0299999713897705,3.049999952316284,2.9800000190734863,2.9800000190734863,2.9800000190734863,206000
2022-02-23,3.009999990463257,3.0299999713897705,2.9800000190734863,2.9800000190734863,2.9800000190734863,43000
2022-02-24,2.9200000762939453,2.930000066757202,2.8499999046325684,2.9100000858306885,2.9100000858306885,60000
2022-02-25,2.859999895095825,2.9100000858306885,2.859999895095825,2.880000114440918,2.880000114440918,48000
2022-02-28,3.140000104904175,3.140000104904175,2.869999885559082,3.0,3.0,170000
2022-03-01,3.049999952316284,3.049999952316284,2.930000066757202,3.0,3.0,107000
2022-03-02,3.0199999809265137,3.0199999809265137,2.9200000762939453,2.990000009536743,2.990000009536743,100000
2022-03-03,2.9100000858306885,3.049999952316284,2.9000000953674316,3.049999952316284,3.049999952316284,109000
2022-03-04,3.0199999809265137,3.0999999046325684,2.940000057220459,3.0999999046325684,3.0999999046325684,352000
2022-03-07,3.0899999141693115,3.0899999141693115,3.0,3.0199999809265137,3.0199999809265137,237000
2022-03-08,3.049999952316284,3.140000104904175,3.049999952316284,3.119999885559082,3.119999885559082,295000
2022-03-09,3.119999885559082,3.140000104904175,2.9700000286102295,2.9700000286102295,2.9700000286102295,234000
2022-03-10,3.049999952316284,3.0899999141693115,2.799999952316284,2.809999942779541,2.809999942779541,215000
2022-03-11,2.740000009536743,3.0199999809265137,2.6500000953674316,3.009999990463257,3.009999990463257,139000
2022-03-14,3.0,3.0799999237060547,2.990000009536743,3.049999952316284,3.049999952316284,245000
2022-03-15,3.049999952316284,3.049999952316284,2.930000066757202,3.049999952316284,3.049999952316284,104000
2022-03-16,3.049999952316284,3.0999999046325684,3.0,3.0999999046325684,3.0999999046325684,271000
2022-03-17,3.069999933242798,3.0899999141693115,2.9000000953674316,2.9000000953674316,2.9000000953674316,132000
2022-03-18,3.0,3.0199999809265137,2.9100000858306885,2.9600000381469727,2.9600000381469727,313000
2022-03-21,2.990000009536743,2.990000009536743,2.819999933242798,2.9000000953674316,2.9000000953674316,95000
2022-03-22,2.819999933242798,2.880000114440918,2.799999952316284,2.8399999141693115,2.8399999141693115,66000
2022-03-23,2.9000000953674316,2.950000047683716,2.819999933242798,2.869999885559082,2.869999885559082,81000
2022-03-24,2.859999895095825,2.950000047683716,2.859999895095825,2.950000047683716,2.950000047683716,34000
2022-03-25,2.8499999046325684,2.940000057220459,2.819999933242798,2.819999933242798,2.819999933242798,4000
2022-03-28,2.930000066757202,2.9600000381469727,2.9000000953674316,2.940000057220459,2.940000057220459,279000
2022-03-29,2.930000066757202,3.0,2.869999885559082,3.0,3.0,303000
2022-03-30,2.9000000953674316,3.069999933242798,2.9000000953674316,2.9000000953674316,2.9000000953674316,393000
2022-03-31,2.9700000286102295,2.9700000286102295,2.9000000953674316,2.930000066757202,2.930000066757202,327000
2022-04-01,2.9200000762939453,2.9200000762939453,2.890000104904175,2.890000104904175,2.890000104904175,221000
2022-04-04,2.9000000953674316,2.9100000858306885,2.8299999237060547,2.9000000953674316,2.9000000953674316,189000
2022-04-06,2.9000000953674316,2.9700000286102295,2.799999952316284,2.799999952316284,2.799999952316284,82000
2022-04-07,2.7200000286102295,2.7799999713897705,2.630000114440918,2.630000114440918,2.630000114440918,45000
2022-04-08,2.630000114440918,2.819999933242798,2.630000114440918,2.75,2.75,46000
2022-04-11,2.690000057220459,2.75,2.690000057220459,2.75,2.75,44000
2022-04-12,2.8399999141693115,2.8399999141693115,2.8399999141693115,2.8399999141693115,2.8399999141693115,2000
2022-04-13,2.8399999141693115,2.940000057220459,2.630000114440918,2.6500000953674316,2.6500000953674316,153000
2022-04-14,2.7699999809265137,2.759999990463257,2.6500000953674316,2.6500000953674316,2.6500000953674316,149000
2022-04-19,2.6500000953674316,2.6500000953674316,2.5,2.6500000953674316,2.6500000953674316,65000
2022-04-20,2.640000104904175,2.700000047683716,2.5299999713897705,2.630000114440918,2.630000114440918,202000
2022-04-21,2.680000066757202,2.7200000286102295,2.4800000190734863,2.5,2.5,142000
2022-04-22,2.5,2.5799999237060547,2.4200000762939453,2.4600000381469727,2.4600000381469727,210000
2022-04-25,2.5,2.700000047683716,2.5,2.700000047683716,2.700000047683716,119000
2022-04-26,2.809999942779541,2.809999942779541,2.5999999046325684,2.619999885559082,2.619999885559082,90000
2022-04-27,2.690000057220459,2.7100000381469727,2.6500000953674316,2.680000066757202,2.680000066757202,291000
2022-04-28,2.680000066757202,2.7100000381469727,2.6500000953674316,2.680000066757202,2.680000066757202,287000
2022-04-29,2.700000047683716,2.7300000190734863,2.680000066757202,2.700000047683716,2.700000047683716,279000
2022-05-03,2.7100000381469727,2.9000000953674316,2.609999895095825,2.9000000953674316,2.9000000953674316,321000
2022-05-04,2.799999952316284,2.890000104904175,2.7799999713897705,2.8299999237060547,2.8299999237060547,357000
2022-05-05,2.8399999141693115,2.9100000858306885,2.7899999618530273,2.799999952316284,2.799999952316284,366000
2022-05-06,2.799999952316284,2.809999942779541,2.7200000286102295,2.799999952316284,2.799999952316284,305000
2022-05-10,2.799999952316284,2.8299999237060547,2.7200000286102295,2.8299999237060547,2.8299999237060547,280000
2022-05-11,2.819999933242798,2.8299999237060547,2.7300000190734863,2.7899999618530273,2.7899999618530273,243000
2022-05-12,2.799999952316284,2.819999933242798,2.700000047683716,2.700000047683716,2.700000047683716,261000
2022-05-13,2.7899999618530273,2.7899999618530273,2.7100000381469727,2.759999990463257,2.759999990463257,283000
2022-05-16,2.7899999618530273,2.7899999618530273,2.6500000953674316,2.740000009536743,2.740000009536743,267000
2022-05-17,2.700000047683716,2.7699999809265137,2.700000047683716,2.740000009536743,2.740000009536743,255000
2022-05-18,2.7300000190734863,2.759999990463257,2.700000047683716,2.7200000286102295,2.7200000286102295,308000
2022-05-19,2.75,2.859999895095825,2.700000047683716,2.799999952316284,2.799999952316284,498000
2022-05-20,2.880000114440918,2.880000114440918,2.619999885559082,2.7200000286102295,2.7200000286102295,260000
2022-05-23,2.7200000286102295,2.809999942779541,2.5,2.7899999618530273,2.7899999618530273,387000
2022-05-24,2.8499999046325684,3.3499999046325684,2.8399999141693115,3.3499999046325684,3.3499999046325684,517000
2022-05-25,3.3499999046325684,3.3399999141693115,3.2100000381469727,3.259999990463257,3.259999990463257,241000
2022-05-26,3.3499999046325684,3.3499999046325684,3.200000047683716,3.319999933242798,3.319999933242798,528000
2022-05-27,3.3399999141693115,3.380000114440918,3.2699999809265137,3.369999885559082,3.369999885559082,649000
2022-05-30,3.369999885559082,3.5,3.2799999713897705,3.2899999618530273,3.2899999618530273,517000
2022-05-31,3.2899999618530273,3.390000104904175,3.2899999618530273,3.3499999046325684,3.3499999046325684,548000
2022-06-01,3.3499999046325684,3.5799999237060547,3.3499999046325684,3.5,3.5,574000
2022-06-02,3.3499999046325684,3.5999999046325684,3.299999952316284,3.549999952316284,3.549999952316284,489000
2022-06-06,3.5399999618530273,3.6600000858306885,3.5399999618530273,3.630000114440918,3.630000114440918,519000
2022-06-07,3.619999885559082,3.619999885559082,3.390000104904175,3.390000104904175,3.390000104904175,495000
2022-06-08,3.490000009536743,3.490000009536743,3.309999942779541,3.4000000953674316,3.4000000953674316,454000
2022-06-09,3.390000104904175,3.390000104904175,3.2799999713897705,3.3299999237060547,3.3299999237060547,495000
2022-06-10,3.319999933242798,3.390000104904175,3.259999990463257,3.2799999713897705,3.2799999713897705,398000
2022-06-13,3.4200000762939453,3.4800000190734863,3.2300000190734863,3.25,3.25,413000
2022-06-14,3.25,3.319999933242798,3.200000047683716,3.2200000286102295,3.2200000286102295,347000
2022-06-15,3.380000114440918,3.390000104904175,3.130000114440918,3.240000009536743,3.240000009536743,411000
2022-06-16,3.3299999237060547,3.3299999237060547,3.1700000762939453,3.299999952316284,3.299999952316284,422000
2022-06-17,3.299999952316284,3.440000057220459,3.2899999618530273,3.390000104904175,3.390000104904175,498000
2022-06-20,3.4000000953674316,3.4000000953674316,3.2300000190734863,3.2699999809265137,3.2699999809265137,401000
2022-06-21,3.319999933242798,3.3299999237060547,3.140000104904175,3.2200000286102295,3.2200000286102295,451000
2022-06-22,3.240000009536743,3.259999990463257,2.9700000286102295,3.0399999618530273,3.0399999618530273,517000
2022-06-23,3.049999952316284,3.0999999046325684,2.940000057220459,3.0,3.0,682000
2022-06-24,3.009999990463257,3.140000104904175,2.880000114440918,3.0,3.0,470000
2022-06-27,3.0399999618530273,3.0399999618530273,2.940000057220459,2.9800000190734863,2.9800000190734863,451000
2022-06-28,3.0,3.0899999141693115,2.930000066757202,2.9600000381469727,2.9600000381469727,310000
2022-06-29,2.9800000190734863,3.0899999141693115,2.859999895095825,2.880000114440918,2.880000114440918,256000
2022-06-30,2.9100000858306885,3.0799999237060547,2.809999942779541,3.0299999713897705,3.0299999713897705,291000
2022-07-04,2.940000057220459,2.9700000286102295,2.809999942779541,2.9700000286102295,2.9700000286102295,331000
2022-07-05,3.0799999237060547,3.0799999237060547,2.859999895095825,3.0,3.0,356000
2022-07-06,3.0,3.0,2.869999885559082,2.930000066757202,2.930000066757202,414000
2022-07-07,2.930000066757202,3.0999999046325684,2.809999942779541,3.0999999046325684,3.0999999046325684,542000
2022-07-08,3.0899999141693115,3.0899999141693115,2.9000000953674316,2.9800000190734863,2.9800000190734863,792000
2022-07-11,2.950000047683716,2.9600000381469727,2.869999885559082,2.9000000953674316,2.9000000953674316,286000
2022-07-12,2.9000000953674316,2.9000000953674316,2.7300000190734863,2.7300000190734863,2.7300000190734863,301000
2022-07-13,2.700000047683716,2.950000047683716,2.609999895095825,2.950000047683716,2.950000047683716,705000
2022-07-14,2.990000009536743,3.25,2.799999952316284,3.2200000286102295,3.2200000286102295,570000
2022-07-15,3.2100000381469727,3.299999952316284,3.140000104904175,3.200000047683716,3.200000047683716,600000
2022-07-18,3.25,3.5,3.0899999141693115,3.450000047683716,3.450000047683716,677000
2022-07-19,3.4600000381469727,3.4600000381469727,3.1700000762939453,3.200000047683716,3.200000047683716,415000
2022-07-20,3.2300000190734863,3.2300000190734863,3.0999999046325684,3.1700000762939453,3.1700000762939453,409000
2022-07-21,3.200000047683716,3.3399999141693115,3.200000047683716,3.299999952316284,3.299999952316284,359000
2022-07-22,3.3499999046325684,3.369999885559082,3.0999999046325684,3.359999895095825,3.359999895095825,579000
2022-07-25,3.2699999809265137,3.299999952316284,3.0,3.0,3.0,488000
2022-07-26,3.0999999046325684,3.180000066757202,2.8499999046325684,2.8499999046325684,2.8499999046325684,527000
2022-07-27,2.8499999046325684,2.940000057220459,2.759999990463257,2.940000057220459,2.940000057220459,41000
2022-07-28,2.940000057220459,3.180000066757202,2.7699999809265137,3.009999990463257,3.009999990463257,2896000
2022-07-29,3.0799999237060547,3.0899999141693115,2.9200000762939453,2.9800000190734863,2.9800000190734863,62000
2022-08-01,3.049999952316284,3.1700000762939453,2.9000000953674316,3.1600000858306885,3.1600000858306885,126000
2022-08-02,3.0899999141693115,3.0999999046325684,2.7799999713897705,2.859999895095825,2.859999895095825,4028000
2022-08-03,2.9000000953674316,3.180000066757202,2.799999952316284,3.180000066757202,3.180000066757202,823000
2022-08-04,3.200000047683716,3.2899999618530273,3.0,3.2699999809265137,3.2699999809265137,443000
2022-08-05,3.2799999713897705,3.2899999618530273,3.0999999046325684,3.2200000286102295,3.2200000286102295,314000
2022-08-08,3.2799999713897705,3.3399999141693115,3.069999933242798,3.0799999237060547,3.0799999237060547,203000
2022-08-09,3.200000047683716,3.3499999046325684,3.130000114440918,3.240000009536743,3.240000009536743,346000
2022-08-10,3.309999942779541,3.319999933242798,2.950000047683716,3.009999990463257,3.009999990463257,500000
2022-08-11,3.0899999141693115,3.180000066757202,2.8299999237060547,2.8299999237060547,2.8299999237060547,242000
2022-08-12,2.880000114440918,2.880000114440918,2.6500000953674316,2.75,2.75,158000
2022-08-15,2.7300000190734863,2.7300000190734863,2.690000057220459,2.690000057220459,2.690000057220459,23000
2022-08-16,2.75,2.809999942779541,2.6500000953674316,2.75,2.75,231000
2022-08-17,2.869999885559082,2.869999885559082,2.7200000286102295,2.7799999713897705,2.7799999713897705,69000
2022-08-18,2.7100000381469727,2.859999895095825,2.7100000381469727,2.7899999618530273,2.7899999618530273,152000
2022-08-19,2.8399999141693115,3.190000057220459,2.6600000858306885,3.190000057220459,3.190000057220459,431000
2022-08-22,3.0999999046325684,3.259999990463257,2.990000009536743,3.130000114440918,3.130000114440918,432000
2022-08-23,3.130000114440918,3.1500000953674316,2.9600000381469727,3.049999952316284,3.049999952316284,120000
2022-08-24,3.180000066757202,3.25,2.9100000858306885,3.0,3.0,198000
2022-08-25,2.9200000762939453,3.069999933242798,2.809999942779541,3.009999990463257,3.009999990463257,178000
2022-08-26,2.9600000381469727,3.0,2.8499999046325684,3.0,3.0,137000
2022-08-29,3.009999990463257,3.049999952316284,2.9000000953674316,2.930000066757202,2.930000066757202,104000
2022-08-30,2.8299999237060547,2.950000047683716,2.799999952316284,2.880000114440918,2.880000114440918,121000
2022-08-31,2.890000104904175,2.890000104904175,2.75,2.799999952316284,2.799999952316284,284000
2022-09-01,2.8299999237060547,2.8399999141693115,2.7200000286102295,2.7899999618530273,2.7899999618530273,90000
2022-09-02,2.819999933242798,2.819999933242798,2.619999885559082,2.690000057220459,2.690000057220459,127000
2022-09-05,2.680000066757202,2.7200000286102295,2.619999885559082,2.680000066757202,2.680000066757202,63000
2022-09-06,2.5799999237060547,2.7200000286102295,2.450000047683716,2.5,2.5,135000
2022-09-07,2.619999885559082,2.619999885559082,2.3499999046325684,2.380000114440918,2.380000114440918,264000
2022-09-08,2.549999952316284,2.7699999809265137,2.4000000953674316,2.440000057220459,2.440000057220459,547000
2022-09-09,2.309999942779541,2.630000114440918,2.259999990463257,2.4100000858306885,2.4100000858306885,808000
2022-09-13,2.549999952316284,2.8499999046325684,2.200000047683716,2.799999952316284,2.799999952316284,1653000
2022-09-14,2.7200000286102295,2.8399999141693115,2.640000104904175,2.8399999141693115,2.8399999141693115,66000
2022-09-15,2.700000047683716,2.8299999237060547,2.700000047683716,2.799999952316284,2.799999952316284,185000
2022-09-16,2.7899999618530273,2.799999952316284,2.680000066757202,2.799999952316284,2.799999952316284,385000
2022-09-19,2.700000047683716,2.799999952316284,2.690000057220459,2.799999952316284,2.799999952316284,307000
2022-09-20,2.7899999618530273,2.799999952316284,2.7300000190734863,2.799999952316284,2.799999952316284,257000
2022-09-21,2.7699999809265137,2.799999952316284,2.700000047683716,2.799999952316284,2.799999952316284,3045000
2022-09-22,2.7100000381469727,2.880000114440918,2.4000000953674316,2.7300000190734863,2.7300000190734863,469000
2022-09-23,2.799999952316284,2.799999952316284,2.690000057220459,2.7899999618530273,2.7899999618530273,265000
2022-09-26,2.7899999618530273,2.9000000953674316,2.690000057220459,2.8299999237060547,2.8299999237060547,458000
2022-09-27,2.799999952316284,2.930000066757202,2.700000047683716,2.75,2.75,365000
2022-09-28,2.7300000190734863,2.799999952316284,2.6700000762939453,2.799999952316284,2.799999952316284,328000
2022-09-29,2.809999942779541,2.819999933242798,2.640000104904175,2.640000104904175,2.640000104904175,276000
2022-09-30,2.640000104904175,2.7100000381469727,2.5999999046325684,2.700000047683716,2.700000047683716,220000
2022-10-03,2.700000047683716,2.799999952316284,2.569999933242798,2.799999952316284,2.799999952316284,197000
2022-10-05,2.819999933242798,2.819999933242798,2.6700000762939453,2.7200000286102295,2.7200000286102295,302000
2022-10-06,2.7300000190734863,2.7300000190734863,2.5799999237060547,2.5999999046325684,2.5999999046325684,250000
2022-10-07,2.5999999046325684,2.630000114440918,2.380000114440918,2.5,2.5,300000
2022-10-10,2.569999933242798,2.569999933242798,2.4000000953674316,2.4000000953674316,2.4000000953674316,158000
2022-10-11,2.4000000953674316,2.5,2.2699999809265137,2.4100000858306885,2.4100000858306885,378000
2022-10-12,2.390000104904175,2.4200000762939453,2.2899999618530273,2.4200000762939453,2.4200000762939453,369000
2022-10-13,2.440000057220459,2.4700000286102295,2.359999895095825,2.380000114440918,2.380000114440918,248000
2022-10-14,2.4000000953674316,2.430000066757202,2.2899999618530273,2.430000066757202,2.430000066757202,332000
2022-10-17,2.4000000953674316,2.4000000953674316,2.2300000190734863,2.2300000190734863,2.2300000190734863,271000
2022-10-18,2.200000047683716,2.4000000953674316,2.1600000858306885,2.4000000953674316,2.4000000953674316,282000
2022-10-19,2.4000000953674316,2.490000009536743,2.3499999046325684,2.440000057220459,2.440000057220459,262000
2022-10-20,2.4000000953674316,3.0,2.3299999237060547,2.4000000953674316,2.4000000953674316,758000
2022-10-21,2.4800000190734863,2.4800000190734863,2.2699999809265137,2.359999895095825,2.359999895095825,399000
2022-10-24,2.359999895095825,2.359999895095825,2.1700000762939453,2.3299999237060547,2.3299999237060547,119000
2022-10-25,2.3299999237060547,2.369999885559082,2.1700000762939453,2.2699999809265137,2.2699999809265137,204000
2022-10-26,2.3399999141693115,2.3399999141693115,2.1600000858306885,2.2200000286102295,2.2200000286102295,284000
2022-10-27,2.190000057220459,2.2200000286102295,2.049999952316284,2.1700000762939453,2.1700000762939453,248000
2022-10-28,2.180000066757202,2.25,2.0999999046325684,2.200000047683716,2.200000047683716,287000
2022-10-31,2.180000066757202,2.2200000286102295,2.0999999046325684,2.1500000953674316,2.1500000953674316,213000
2022-11-01,2.130000114440918,2.1600000858306885,2.049999952316284,2.069999933242798,2.069999933242798,409000
2022-11-02,2.0899999141693115,2.2799999713897705,2.0899999141693115,2.119999885559082,2.119999885559082,257000
2022-11-03,2.1700000762939453,2.200000047683716,1.9800000190734863,2.200000047683716,2.200000047683716,327000
2022-11-04,2.119999885559082,2.2799999713897705,2.0999999046325684,2.2699999809265137,2.2699999809265137,344000
2022-11-07,2.1600000858306885,2.25,2.140000104904175,2.1600000858306885,2.1600000858306885,197000
2022-11-08,2.369999885559082,2.369999885559082,2.0199999809265137,2.0199999809265137,2.0199999809265137,656000
2022-11-09,2.0199999809265137,2.0999999046325684,0.20000000298023224,0.3700000047683716,0.3700000047683716,262374000
2022-11-10,0.3700000047683716,0.3700000047683716,0.3700000047683716,0.3700000047683716,0.3700000047683716,0
2022-11-11,0.3700000047683716,0.3700000047683716,0.3700000047683716,0.3700000047683716,0.3700000047683716,0
2022-11-14,0.3700000047683716,0.3700000047683716,0.3700000047683716,0.3700000047683716,0.3700000047683716,0
2022-11-15,0.3700000047683716,0.3700000047683716,0.3700000047683716,0.3700000047683716,0.3700000047683716,0
2022-11-16,0.3700000047683716,0.3700000047683716,0.3700000047683716,0.3700000047683716,0.3700000047683716,0
2022-11-17,0.3700000047683716,0.3700000047683716,0.3700000047683716,0.3700000047683716,0.3700000047683716,0
2022-11-18,0.3700000047683716,0.3700000047683716,0.3700000047683716,0.3700000047683716,0.3700000047683716,0
2022-11-21,0.3700000047683716,0.3700000047683716,0.3700000047683716,0.3700000047683716,0.3700000047683716,0
2022-11-22,0.3700000047683716,0.3700000047683716,0.3700000047683716,0.3700000047683716,0.3700000047683716,0
2022-11-23,0.3700000047683716,0.3700000047683716,0.3700000047683716,0.3700000047683716,0.3700000047683716,0
2022-11-24,0.3700000047683716,0.3700000047683716,0.3700000047683716,0.3700000047683716,0.3700000047683716,0
2022-11-25,0.3700000047683716,0.3700000047683716,0.3700000047683716,0.3700000047683716,0.3700000047683716,0
2022-11-28,0.3700000047683716,0.3700000047683716,0.3700000047683716,0.3700000047683716,0.3700000047683716,0
2022-11-29,0.3700000047683716,0.3700000047683716,0.3700000047683716,0.3700000047683716,0.3700000047683716,0
2022-11-30,0.3700000047683716,0.3700000047683716,0.3700000047683716,0.3700000047683716,0.3700000047683716,0
2022-12-01,0.3700000047683716,0.3700000047683716,0.3700000047683716,0.3700000047683716,0.3700000047683716,0
2022-12-02,0.3700000047683716,0.3700000047683716,0.3700000047683716,0.3700000047683716,0.3700000047683716,0
2022-12-05,0.3700000047683716,0.3700000047683716,0.3700000047683716,0.3700000047683716,0.3700000047683716,0
2022-12-06,0.3700000047683716,0.3700000047683716,0.3700000047683716,0.3700000047683716,0.3700000047683716,0
2022-12-07,0.3700000047683716,0.3700000047683716,0.3700000047683716,0.3700000047683716,0.3700000047683716,0
2022-12-08,0.3700000047683716,0.3700000047683716,0.3700000047683716,0.3700000047683716,0.3700000047683716,0
2022-12-09,0.3700000047683716,0.3700000047683716,0.3700000047683716,0.3700000047683716,0.3700000047683716,0
2022-12-12,0.3700000047683716,0.3700000047683716,0.3700000047683716,0.3700000047683716,0.3700000047683716,0
2022-12-13,0.3700000047683716,0.3700000047683716,0.3700000047683716,0.3700000047683716,0.3700000047683716,0
2022-12-14,0.3700000047683716,0.3700000047683716,0.3700000047683716,0.3700000047683716,0.3700000047683716,0
2022-12-15,0.7099999785423279,0.8199999928474426,0.550000011920929,0.6899999976158142,0.6899999976158142,233280000
2022-12-16,0.7099999785423279,0.7599999904632568,0.5699999928474426,0.5699999928474426,0.5699999928474426,48581000
2022-12-19,0.5799999833106995,0.6100000143051147,0.5099999904632568,0.5799999833106995,0.5799999833106995,15157000
2022-12-20,0.5799999833106995,0.5899999737739563,0.48500001430511475,0.5699999928474426,0.5699999928474426,34327000
2022-12-21,0.5799999833106995,0.6000000238418579,0.5299999713897705,0.5400000214576721,0.5400000214576721,8375000
2022-12-22,0.550000011920929,0.6899999976158142,0.5,0.6499999761581421,0.6499999761581421,48823000
2022-12-23,0.6600000262260437,0.6899999976158142,0.6200000047683716,0.6299999952316284,0.6299999952316284,23625000
2022-12-28,0.6399999856948853,0.6700000166893005,0.6100000143051147,0.6299999952316284,0.6299999952316284,12499000
2022-12-29,0.6100000143051147,0.6399999856948853,0.5799999833106995,0.6000000238418579,0.6000000238418579,8564000
2022-12-30,0.6000000238418579,0.6200000047683716,0.5600000023841858,0.6000000238418579,0.6000000238418579,10013000
2023-01-03,0.6100000143051147,0.6100000143051147,0.550000011920929,0.5799999833106995,0.5799999833106995,9775000
2023-01-04,0.5899999737739563,0.5899999737739563,0.550000011920929,0.5699999928474426,0.5699999928474426,6948000
2023-01-05,0.5600000023841858,0.5699999928474426,0.5099999904632568,0.5600000023841858,0.5600000023841858,13003000
2023-01-06,0.5600000023841858,0.5600000023841858,0.5299999713897705,0.550000011920929,0.550000011920929,4572000
2023-01-09,0.5600000023841858,0.5799999833106995,0.550000011920929,0.5699999928474426,0.5699999928474426,2931000
2023-01-10,0.5799999833106995,0.6499999761581421,0.5799999833106995,0.6299999952316284,0.6299999952316284,8576000
2023-01-11,0.6399999856948853,0.6499999761581421,0.6100000143051147,0.6200000047683716,0.6200000047683716,3818000
2023-01-12,0.6399999856948853,0.6600000262260437,0.6200000047683716,0.6399999856948853,0.6399999856948853,3451000
2023-01-13,0.6499999761581421,0.6600000262260437,0.6399999856948853,0.6499999761581421,0.6499999761581421,2170000
2023-01-16,0.6399999856948853,0.6899999976158142,0.6399999856948853,0.6499999761581421,0.6499999761581421,4885000
2023-01-17,0.6700000166893005,0.6700000166893005,0.6299999952316284,0.6399999856948853,0.6399999856948853,2289000
2023-01-18,0.6499999761581421,0.6499999761581421,0.6100000143051147,0.6200000047683716,0.6200000047683716,3155000
2023-01-19,0.6100000143051147,0.6200000047683716,0.5899999737739563,0.6000000238418579,0.6000000238418579,2898000
2023-01-20,0.6000000238418579,0.6000000238418579,0.5699999928474426,0.5699999928474426,0.5699999928474426,4205000
2023-01-26,0.5699999928474426,0.5699999928474426,0.550000011920929,0.5699999928474426,0.5699999928474426,3131000
2023-01-27,0.5699999928474426,0.5699999928474426,0.5600000023841858,0.5699999928474426,0.5699999928474426,1069000
2023-01-30,0.5699999928474426,0.6100000143051147,0.5699999928474426,0.6100000143051147,0.6100000143051147,4644000
2023-01-31,0.6100000143051147,0.6399999856948853,0.6000000238418579,0.6100000143051147,0.6100000143051147,3843000
2023-02-01,0.6100000143051147,0.6100000143051147,0.5600000023841858,0.5799999833106995,0.5799999833106995,6669000
2023-02-02,0.5799999833106995,0.6000000238418579,0.550000011920929,0.5799999833106995,0.5799999833106995,5213000
2023-02-03,0.5899999737739563,0.6000000238418579,0.550000011920929,0.5699999928474426,0.5699999928474426,3653000
2023-02-06,0.5699999928474426,0.5699999928474426,0.5400000214576721,0.5600000023841858,0.5600000023841858,1737000
2023-02-07,0.5600000023841858,0.5600000023841858,0.5099999904632568,0.5299999713897705,0.5299999713897705,11443000
2023-02-08,0.5299999713897705,0.550000011920929,0.5099999904632568,0.5299999713897705,0.5299999713897705,3160000
2023-02-09,0.5400000214576721,0.5400000214576721,0.5199999809265137,0.5199999809265137,0.5199999809265137,1546000
2023-02-10,0.5299999713897705,0.5400000214576721,0.5099999904632568,0.5299999713897705,0.5299999713897705,1681000
2023-02-13,0.5299999713897705,0.5299999713897705,0.5099999904632568,0.5199999809265137,0.5199999809265137,2072000
2023-02-14,0.5199999809265137,0.5299999713897705,0.5099999904632568,0.5199999809265137,0.5199999809265137,487000
2023-02-15,0.5199999809265137,0.5299999713897705,0.5,0.5199999809265137,0.5199999809265137,2042000
2023-02-16,0.5199999809265137,0.5299999713897705,0.5,0.5099999904632568,0.5099999904632568,3619000
2023-02-17,0.5099999904632568,0.5099999904632568,0.4699999988079071,0.4699999988079071,0.4699999988079071,7604000
2023-02-20,0.47999998927116394,0.49000000953674316,0.46000000834465027,0.47999998927116394,0.47999998927116394,1856000
2023-02-21,0.48500001430511475,0.48500001430511475,0.4650000035762787,0.4650000035762787,0.4650000035762787,961000
2023-02-22,0.4699999988079071,0.4699999988079071,0.44999998807907104,0.4650000035762787,0.4650000035762787,2964000
2023-02-23,0.4699999988079071,0.48500001430511475,0.45500001311302185,0.4749999940395355,0.4749999940395355,930000
2023-02-24,0.48500001430511475,0.48500001430511475,0.44999998807907104,0.4650000035762787,0.4650000035762787,1923000
2023-02-27,0.4699999988079071,0.4699999988079071,0.45500001311302185,0.46000000834465027,0.46000000834465027,261000
2023-02-28,0.4650000035762787,0.4749999940395355,0.44999998807907104,0.46000000834465027,0.46000000834465027,1080044
2023-03-01,0.4650000035762787,0.4699999988079071,0.4449999928474426,0.45500001311302185,0.45500001311302185,2391000
2023-03-02,0.46000000834465027,0.46000000834465027,0.4350000023841858,0.4449999928474426,0.4449999928474426,2483000
2023-03-03,0.44999998807907104,0.45500001311302185,0.4399999976158142,0.45500001311302185,0.45500001311302185,1409000
2023-03-06,0.46000000834465027,0.4749999940395355,0.45500001311302185,0.4650000035762787,0.4650000035762787,1273000
2023-03-07,0.47999998927116394,0.47999998927116394,0.4449999928474426,0.4650000035762787,0.4650000035762787,1833000
2023-03-08,0.4650000035762787,0.4650000035762787,0.4399999976158142,0.44999998807907104,0.44999998807907104,1223000
2023-03-09,0.4650000035762787,0.7300000190734863,0.4650000035762787,0.6000000238418579,0.6000000238418579,69193000
2023-03-10,0.6000000238418579,0.6000000238418579,0.49000000953674316,0.5099999904632568,0.5099999904632568,18089000
2023-03-13,0.5099999904632568,0.5099999904632568,0.46000000834465027,0.46000000834465027,0.46000000834465027,7185000
2023-03-14,0.4650000035762787,0.5199999809265137,0.4300000071525574,0.4449999928474426,0.4449999928474426,17063000
2023-03-15,0.44999998807907104,0.4650000035762787,0.4350000023841858,0.4650000035762787,0.4650000035762787,3127000
2023-03-16,0.4650000035762787,0.4650000035762787,0.4449999928474426,0.46000000834465027,0.46000000834465027,1695000
2023-03-17,0.46000000834465027,0.4749999940395355,0.44999998807907104,0.4650000035762787,0.4650000035762787,3251000
2023-03-20,0.4699999988079071,0.47999998927116394,0.4449999928474426,0.45500001311302185,0.45500001311302185,2296000
2023-03-21,0.45500001311302185,0.46000000834465027,0.4399999976158142,0.45500001311302185,0.45500001311302185,1269000
2023-03-22,0.46000000834465027,0.4650000035762787,0.4399999976158142,0.4449999928474426,0.4449999928474426,2783000
2023-03-23,0.44999998807907104,0.45500001311302185,0.4300000071525574,0.4449999928474426,0.4449999928474426,3076000
2023-03-24,0.44999998807907104,0.45500001311302185,0.4399999976158142,0.44999998807907104,0.44999998807907104,562000
2023-03-27,0.45500001311302185,0.46000000834465027,0.4350000023841858,0.46000000834465027,0.46000000834465027,2591000
2023-03-28,0.46000000834465027,0.4650000035762787,0.44999998807907104,0.46000000834465027,0.46000000834465027,1034000
2023-03-29,0.4650000035762787,0.5299999713897705,0.4650000035762787,0.4950000047683716,0.4950000047683716,7681000
2023-03-30,0.48500001430511475,0.5,0.46000000834465027,0.4650000035762787,0.4650000035762787,3105000
2023-03-31,0.4650000035762787,0.47999998927116394,0.45500001311302185,0.4699999988079071,0.4699999988079071,1791000
2023-04-03,0.47999998927116394,0.5199999809265137,0.4699999988079071,0.5099999904632568,0.5099999904632568,2449000
2023-04-04,0.5199999809265137,0.5199999809265137,0.49000000953674316,0.5,0.5,863000
2023-04-06,0.5199999809265137,0.5199999809265137,0.49000000953674316,0.5099999904632568,0.5099999904632568,890000
2023-04-11,0.5099999904632568,0.5099999904632568,0.49000000953674316,0.5,0.5,779000
2023-04-12,0.5199999809265137,0.5199999809265137,0.4950000047683716,0.5099999904632568,0.5099999904632568,836000
2023-04-13,0.5199999809265137,0.5600000023841858,0.5,0.5199999809265137,0.5199999809265137,6559000
2023-04-14,0.5299999713897705,0.5299999713897705,0.5,0.5099999904632568,0.5099999904632568,1159000
2023-04-17,0.5099999904632568,0.5199999809265137,0.5,0.5199999809265137,0.5199999809265137,1330000
2023-04-18,0.5199999809265137,0.5199999809265137,0.5,0.5199999809265137,0.5199999809265137,233000
2023-04-19,0.5199999809265137,0.5199999809265137,0.4950000047683716,0.5099999904632568,0.5099999904632568,1905000
2023-04-20,0.5099999904632568,0.5099999904632568,0.4950000047683716,0.5099999904632568,0.5099999904632568,617000
2023-04-21,0.5099999904632568,0.5099999904632568,0.48500001430511475,0.5099999904632568,0.5099999904632568,2743000
2023-04-24,0.5199999809265137,0.5199999809265137,0.4950000047683716,0.5099999904632568,0.5099999904632568,511000
2023-04-25,0.5199999809265137,0.5199999809265137,0.48500001430511475,0.49000000953674316,0.49000000953674316,1474000
2023-04-26,0.49000000953674316,0.5,0.4749999940395355,0.49000000953674316,0.49000000953674316,595000
2023-04-27,0.4950000047683716,0.5,0.47999998927116394,0.49000000953674316,0.49000000953674316,606000
2023-04-28,0.4950000047683716,0.5,0.48500001430511475,0.4950000047683716,0.4950000047683716,352000
2023-05-02,0.5,0.5,0.4650000035762787,0.49000000953674316,0.49000000953674316,1765000
2023-05-03,0.4950000047683716,0.4950000047683716,0.4699999988079071,0.47999998927116394,0.47999998927116394,939000
2023-05-04,0.48500001430511475,0.49000000953674316,0.4749999940395355,0.47999998927116394,0.47999998927116394,543000
2023-05-05,0.48500001430511475,0.48500001430511475,0.4699999988079071,0.48500001430511475,0.48500001430511475,1276000
2023-05-08,0.4950000047683716,0.4950000047683716,0.4749999940395355,0.48500001430511475,0.48500001430511475,1003000
2023-05-09,0.49000000953674316,0.49000000953674316,0.4699999988079071,0.48500001430511475,0.48500001430511475,1410000
2023-05-10,0.48500001430511475,0.48500001430511475,0.47999998927116394,0.48500001430511475,0.48500001430511475,148000
2023-05-11,0.49000000953674316,0.5,0.48500001430511475,0.5,0.5,1050000
2023-05-12,0.5,0.5099999904632568,0.49000000953674316,0.5099999904632568,0.5099999904632568,1317000
2023-05-15,0.5099999904632568,0.5099999904632568,0.5,0.5099999904632568,0.5099999904632568,538000
2023-05-16,0.5099999904632568,0.5099999904632568,0.4950000047683716,0.5,0.5,1489000
2023-05-17,0.5099999904632568,0.5199999809265137,0.4950000047683716,0.5099999904632568,0.5099999904632568,1069000
2023-05-18,0.5099999904632568,0.5199999809265137,0.5,0.5,0.5,557000
2023-05-19,0.5099999904632568,0.5099999904632568,0.49000000953674316,0.5,0.5,1107000
2023-05-22,0.5,0.5,0.4950000047683716,0.5,0.5,512000
2023-05-23,0.5099999904632568,0.5099999904632568,0.4950000047683716,0.5,0.5,607000
2023-05-24,0.5,0.5,0.48500001430511475,0.5,0.5,416000
2023-05-25,0.5099999904632568,0.5099999904632568,0.48500001430511475,0.4950000047683716,0.4950000047683716,914000
2023-05-29,0.5,0.5,0.48500001430511475,0.4950000047683716,0.4950000047683716,788000
2023-05-30,0.5,0.5,0.49000000953674316,0.4950000047683716,0.4950000047683716,741000
2023-05-31,0.5,0.5,0.48500001430511475,0.49000000953674316,0.49000000953674316,1496000
2023-06-01,0.49000000953674316,0.49000000953674316,0.47999998927116394,0.48500001430511475,0.48500001430511475,1073000
2023-06-02,0.4950000047683716,0.4950000047683716,0.4749999940395355,0.48500001430511475,0.48500001430511475,565000
2023-06-05,0.48500001430511475,0.49000000953674316,0.47999998927116394,0.49000000953674316,0.49000000953674316,656000
2023-06-06,0.4950000047683716,0.5,0.48500001430511475,0.4950000047683716,0.4950000047683716,306000
2023-06-07,0.4950000047683716,0.5,0.49000000953674316,0.4950000047683716,0.4950000047683716,1007000
2023-06-08,0.4950000047683716,0.5,0.49000000953674316,0.4950000047683716,0.4950000047683716,658000
2023-06-09,0.4950000047683716,0.4950000047683716,0.49000000953674316,0.49000000953674316,0.49000000953674316,697000
2023-06-12,0.49000000953674316,0.4950000047683716,0.48500001430511475,0.49000000953674316,0.49000000953674316,814000
2023-06-13,0.4950000047683716,0.4950000047683716,0.48500001430511475,0.4950000047683716,0.4950000047683716,858000
2023-06-14,0.4950000047683716,0.5,0.49000000953674316,0.5,0.5,778000
2023-06-15,0.4950000047683716,0.5600000023841858,0.49000000953674316,0.4950000047683716,0.4950000047683716,2437000
2023-06-16,0.5,0.5,0.49000000953674316,0.5,0.5,276000
2023-06-19,0.5,0.5,0.49000000953674316,0.5,0.5,763000
2023-06-20,0.5,0.5,0.49000000953674316,0.4950000047683716,0.4950000047683716,1048000
2023-06-21,0.49000000953674316,0.4950000047683716,0.48500001430511475,0.48500001430511475,0.48500001430511475,1154000
2023-06-23,0.48500001430511475,0.48500001430511475,0.4699999988079071,0.47999998927116394,0.47999998927116394,625000
2023-06-26,0.47999998927116394,0.48500001430511475,0.4749999940395355,0.48500001430511475,0.48500001430511475,767000
2023-06-27,0.48500001430511475,0.49000000953674316,0.47999998927116394,0.48500001430511475,0.48500001430511475,1253000
2023-06-28,0.49000000953674316,0.4950000047683716,0.47999998927116394,0.48500001430511475,0.48500001430511475,429000
2023-06-29,0.48500001430511475,0.48500001430511475,0.47999998927116394,0.48500001430511475,0.48500001430511475,396000
2023-06-30,0.48500001430511475,0.48500001430511475,0.4699999988079071,0.4749999940395355,0.4749999940395355,853000
2023-07-03,0.4749999940395355,0.48500001430511475,0.4699999988079071,0.4749999940395355,0.4749999940395355,498000
2023-07-04,0.4749999940395355,0.47999998927116394,0.4699999988079071,0.4699999988079071,0.4699999988079071,806000
2023-07-05,0.4699999988079071,0.4749999940395355,0.45500001311302185,0.4699999988079071,0.4699999988079071,1671000
2023-07-06,0.4699999988079071,0.47999998927116394,0.45500001311302185,0.46000000834465027,0.46000000834465027,674000
2023-07-07,0.46000000834465027,0.4749999940395355,0.4449999928474426,0.4749999940395355,0.4749999940395355,620000
2023-07-10,0.47999998927116394,0.47999998927116394,0.46000000834465027,0.4699999988079071,0.4699999988079071,930000
2023-07-11,0.4749999940395355,0.4749999940395355,0.44999998807907104,0.4650000035762787,0.4650000035762787,1848000
2023-07-12,0.4650000035762787,0.4699999988079071,0.45500001311302185,0.4699999988079071,0.4699999988079071,1073000
2023-07-13,0.4699999988079071,0.4749999940395355,0.46000000834465027,0.4699999988079071,0.4699999988079071,672000
2023-07-14,0.4749999940395355,0.4749999940395355,0.46000000834465027,0.46000000834465027,0.46000000834465027,1207000
2023-07-18,0.46000000834465027,0.46000000834465027,0.44999998807907104,0.46000000834465027,0.46000000834465027,1075000
2023-07-19,0.46000000834465027,0.46000000834465027,0.44999998807907104,0.44999998807907104,0.44999998807907104,511000
2023-07-20,0.45500001311302185,0.46000000834465027,0.4399999976158142,0.4449999928474426,0.4449999928474426,1693000
2023-07-21,0.44999998807907104,0.45500001311302185,0.4350000023841858,0.4399999976158142,0.4399999976158142,634000
2023-07-24,0.4449999928474426,0.4449999928474426,0.42500001192092896,0.4399999976158142,0.4399999976158142,1509000
2023-07-25,0.4449999928474426,0.4449999928474426,0.3799999952316284,0.39500001072883606,0.39500001072883606,8432000
2023-07-26,0.4000000059604645,0.4099999964237213,0.38999998569488525,0.4000000059604645,0.4000000059604645,1184000
2023-07-27,0.4000000059604645,0.41999998688697815,0.39500001072883606,0.4050000011920929,0.4050000011920929,1668000
2023-07-28,0.4050000011920929,0.4449999928474426,0.4050000011920929,0.4350000023841858,0.4350000023841858,3152000
2023-07-31,0.4449999928474426,0.4650000035762787,0.42500001192092896,0.4300000071525574,0.4300000071525574,2781000
2023-08-01,0.4350000023841858,0.5199999809265137,0.41999998688697815,0.5099999904632568,0.5099999904632568,6831000
2023-08-02,0.5799999833106995,0.6499999761581421,0.47999998927116394,0.4950000047683716,0.4950000047683716,38395000
2023-08-03,0.4699999988079071,0.48500001430511475,0.42500001192092896,0.45500001311302185,0.45500001311302185,9302000
2023-08-04,0.46000000834465027,0.5400000214576721,0.41999998688697815,0.5099999904632568,0.5099999904632568,10342000
2023-08-07,0.5299999713897705,0.6299999952316284,0.5199999809265137,0.6200000047683716,0.6200000047683716,26343000
2023-08-08,0.6000000238418579,0.6499999761581421,0.5600000023841858,0.5899999737739563,0.5899999737739563,10364000
2023-08-09,0.5799999833106995,0.6600000262260437,0.550000011920929,0.6600000262260437,0.6600000262260437,17789000
2023-08-10,0.6700000166893005,0.6800000071525574,0.5899999737739563,0.5899999737739563,0.5899999737739563,10252000
2023-08-11,0.6100000143051147,0.6100000143051147,0.5600000023841858,0.5799999833106995,0.5799999833106995,1609000
2023-08-14,0.5899999737739563,0.6000000238418579,0.5299999713897705,0.5600000023841858,0.5600000023841858,15302000
2023-08-15,0.5799999833106995,0.5799999833106995,0.5099999904632568,0.5099999904632568,0.5099999904632568,5489000
2023-08-16,0.5,0.5600000023841858,0.4749999940395355,0.5299999713897705,0.5299999713897705,4460000
2023-08-17,0.5400000214576721,0.550000011920929,0.4950000047683716,0.5400000214576721,0.5400000214576721,14077000
2023-08-18,0.5400000214576721,0.5799999833106995,0.5299999713897705,0.550000011920929,0.550000011920929,5239000
2023-08-21,0.550000011920929,0.5600000023841858,0.5199999809265137,0.5400000214576721,0.5400000214576721,2507000
2023-08-22,0.5400000214576721,0.550000011920929,0.47999998927116394,0.47999998927116394,0.47999998927116394,12953000
2023-08-23,0.48500001430511475,0.5,0.46000000834465027,0.4650000035762787,0.4650000035762787,3620000
2023-08-24,0.4699999988079071,0.47999998927116394,0.44999998807907104,0.4699999988079071,0.4699999988079071,1908000
2023-08-25,0.4699999988079071,0.4699999988079071,0.45500001311302185,0.4650000035762787,0.4650000035762787,5545000
2023-08-28,0.4749999940395355,0.4749999940395355,0.4350000023841858,0.4350000023841858,0.4350000023841858,4337000
2023-08-29,0.4399999976158142,0.44999998807907104,0.41999998688697815,0.4300000071525574,0.4300000071525574,4306000
2023-08-30,0.4350000023841858,0.44999998807907104,0.41499999165534973,0.44999998807907104,0.44999998807907104,3270000
2023-08-31,0.44999998807907104,0.44999998807907104,0.42500001192092896,0.4300000071525574,0.4300000071525574,1154000
2023-09-04,0.4300000071525574,0.4300000071525574,0.4099999964237213,0.41499999165534973,0.41499999165534973,2104000
2023-09-05,0.41499999165534973,0.41999998688697815,0.4000000059604645,0.41499999165534973,0.41499999165534973,2342000
2023-09-06,0.41499999165534973,0.41499999165534973,0.38999998569488525,0.4000000059604645,0.4000000059604645,5090000
2023-09-07,0.4000000059604645,0.41499999165534973,0.375,0.3799999952316284,0.3799999952316284,2445000
2023-09-11,0.38499999046325684,0.41499999165534973,0.3799999952316284,0.39500001072883606,0.39500001072883606,1440000
2023-09-12,0.4000000059604645,0.41499999165534973,0.3799999952316284,0.41499999165534973,0.41499999165534973,1319000
2023-09-13,0.41499999165534973,0.41999998688697815,0.38499999046325684,0.38499999046325684,0.38499999046325684,1734000
2023-09-14,0.38999998569488525,0.4000000059604645,0.375,0.4000000059604645,0.4000000059604645,670000
2023-09-15,0.4099999964237213,0.4099999964237213,0.3799999952316284,0.38999998569488525,0.38999998569488525,868000
2023-09-18,0.38499999046325684,0.38499999046325684,0.375,0.3799999952316284,0.3799999952316284,808000
2023-09-19,0.3799999952316284,0.3799999952316284,0.3499999940395355,0.3499999940395355,0.3499999940395355,2492000
2023-09-20,0.35499998927116394,0.375,0.3499999940395355,0.36000001430511475,0.36000001430511475,1668000
2023-09-21,0.36500000953674316,0.375,0.3499999940395355,0.36500000953674316,0.36500000953674316,845000
2023-09-22,0.3700000047683716,0.3700000047683716,0.3499999940395355,0.36000001430511475,0.36000001430511475,917000
2023-09-25,0.36000001430511475,0.36500000953674316,0.3499999940395355,0.36000001430511475,0.36000001430511475,783000
2023-09-26,0.3499999940395355,0.3799999952316284,0.3400000035762787,0.3799999952316284,0.3799999952316284,1552000
2023-09-27,0.3700000047683716,0.3799999952316284,0.35499998927116394,0.35499998927116394,0.35499998927116394,531000
2023-09-28,0.3499999940395355,0.36500000953674316,0.3449999988079071,0.35499998927116394,0.35499998927116394,456000
2023-09-29,0.35499998927116394,0.35499998927116394,0.3400000035762787,0.3499999940395355,0.3499999940395355,491000
2023-10-03,0.35499998927116394,0.3700000047683716,0.3400000035762787,0.36500000953674316,0.36500000953674316,754000
2023-10-04,0.36500000953674316,0.36500000953674316,0.3499999940395355,0.35499998927116394,0.35499998927116394,326000
2023-10-05,0.36000001430511475,0.36500000953674316,0.3400000035762787,0.3400000035762787,0.3400000035762787,977000
2023-10-06,0.3400000035762787,0.3449999988079071,0.33000001311302185,0.3400000035762787,0.3400000035762787,878000
2023-10-09,0.3400000035762787,0.3400000035762787,0.3199999928474426,0.32499998807907104,0.32499998807907104,592000
2023-10-10,0.32499998807907104,0.35499998927116394,0.3199999928474426,0.3400000035762787,0.3400000035762787,1644000
2023-10-11,0.3400000035762787,0.3449999988079071,0.30000001192092896,0.3149999976158142,0.3149999976158142,5104000
2023-10-12,0.3149999976158142,0.32499998807907104,0.3100000023841858,0.3199999928474426,0.3199999928474426,875000
2023-10-13,0.32499998807907104,0.32499998807907104,0.3100000023841858,0.32499998807907104,0.32499998807907104,437000
2023-10-16,0.32499998807907104,0.33000001311302185,0.3050000071525574,0.3199999928474426,0.3199999928474426,555000
2023-10-17,0.32499998807907104,0.33000001311302185,0.3050000071525574,0.3199999928474426,0.3199999928474426,522000
2023-10-18,0.32499998807907104,0.32499998807907104,0.3100000023841858,0.3199999928474426,0.3199999928474426,608000
2023-10-19,0.32499998807907104,0.32499998807907104,0.3050000071525574,0.3199999928474426,0.3199999928474426,495000
2023-10-20,0.32499998807907104,0.32499998807907104,0.26499998569488525,0.3100000023841858,0.3100000023841858,3844000
2023-10-24,0.3100000023841858,0.3100000023841858,0.28999999165534973,0.3100000023841858,0.3100000023841858,2073000
2023-10-25,0.3199999928474426,0.3199999928474426,0.28999999165534973,0.30000001192092896,0.30000001192092896,1191000
2023-10-26,0.29499998688697815,0.3199999928474426,0.2800000011920929,0.3100000023841858,0.3100000023841858,1007000
2023-10-27,0.3050000071525574,0.3100000023841858,0.2849999964237213,0.3100000023841858,0.3100000023841858,1446000
2023-10-30,0.3100000023841858,0.3100000023841858,0.29499998688697815,0.29499998688697815,0.29499998688697815,334000
2023-10-31,0.29499998688697815,0.30000001192092896,0.2800000011920929,0.30000001192092896,0.30000001192092896,881000
2023-11-01,0.3050000071525574,0.3199999928474426,0.2849999964237213,0.3100000023841858,0.3100000023841858,838000
2023-11-02,0.3149999976158142,0.3149999976158142,0.28999999165534973,0.29499998688697815,0.29499998688697815,727000
2023-11-03,0.29499998688697815,0.30000001192092896,0.2849999964237213,0.28999999165534973,0.28999999165534973,1910000
2023-11-06,0.30000001192092896,0.30000001192092896,0.2750000059604645,0.2849999964237213,0.2849999964237213,2895000
2023-11-07,0.29499998688697815,0.29499998688697815,0.2750000059604645,0.2750000059604645,0.2750000059604645,792000
2023-11-08,0.2800000011920929,0.2800000011920929,0.25,0.2750000059604645,0.2750000059604645,2333000
2023-11-09,0.29499998688697815,0.29499998688697815,0.25999999046325684,0.26499998569488525,0.26499998569488525,1439000
2023-11-10,0.26499998569488525,0.27000001072883606,0.25,0.27000001072883606,0.27000001072883606,1821000
2023-11-13,0.27000001072883606,0.27000001072883606,0.2549999952316284,0.27000001072883606,0.27000001072883606,793000
2023-11-14,0.27000001072883606,0.2800000011920929,0.25999999046325684,0.2750000059604645,0.2750000059604645,669000
2023-11-15,0.2849999964237213,0.2849999964237213,0.26499998569488525,0.26499998569488525,0.26499998569488525,489000
2023-11-16,0.27000001072883606,0.27000001072883606,0.2549999952316284,0.2549999952316284,0.2549999952316284,450000
2023-11-17,0.25999999046325684,0.27000001072883606,0.2549999952316284,0.27000001072883606,0.27000001072883606,1449000
2023-11-20,0.2750000059604645,0.2800000011920929,0.2549999952316284,0.26499998569488525,0.26499998569488525,2842000
2023-11-21,0.27000001072883606,0.3050000071525574,0.25999999046325684,0.28999999165534973,0.28999999165534973,1897000
2023-11-22,0.28999999165534973,0.30000001192092896,0.2750000059604645,0.2849999964237213,0.2849999964237213,1183000
2023-11-23,0.2849999964237213,0.29499998688697815,0.2750000059604645,0.2750000059604645,0.2750000059604645,2504000
2023-11-24,0.2750000059604645,0.2849999964237213,0.26499998569488525,0.2800000011920929,0.2800000011920929,1078000
2023-11-27,0.2800000011920929,0.2849999964237213,0.27000001072883606,0.2750000059604645,0.2750000059604645,729000
2023-11-28,0.2800000011920929,0.2849999964237213,0.27000001072883606,0.27000001072883606,0.27000001072883606,494000
2023-11-29,0.27000001072883606,0.27000001072883606,0.25999999046325684,0.26499998569488525,0.26499998569488525,1640000
2023-11-30,0.25999999046325684,0.27000001072883606,0.25999999046325684,0.27000001072883606,0.27000001072883606,944000
2023-12-01,0.26499998569488525,0.2800000011920929,0.25999999046325684,0.2750000059604645,0.2750000059604645,1268000
2023-12-04,0.2750000059604645,0.2800000011920929,0.27000001072883606,0.2800000011920929,0.2800000011920929,362000
2023-12-05,0.2849999964237213,0.2849999964237213,0.26499998569488525,0.26499998569488525,0.26499998569488525,1167000
2023-12-06,0.26499998569488525,0.2800000011920929,0.26499998569488525,0.2750000059604645,0.2750000059604645,675000
2023-12-07,0.2750000059604645,0.2750000059604645,0.26499998569488525,0.26499998569488525,0.26499998569488525,1331000
2023-12-08,0.27000001072883606,0.2800000011920929,0.25999999046325684,0.2800000011920929,0.2800000011920929,1428000
2023-12-11,0.27000001072883606,0.2800000011920929,0.27000001072883606,0.2750000059604645,0.2750000059604645,544000
2023-12-12,0.2800000011920929,0.35499998927116394,0.27000001072883606,0.3400000035762787,0.3400000035762787,3316000
2023-12-13,0.33000001311302185,0.375,0.3149999976158142,0.3199999928474426,0.3199999928474426,3097000
2023-12-14,0.3199999928474426,0.32499998807907104,0.2849999964237213,0.3199999928474426,0.3199999928474426,1942000
2023-12-15,0.3100000023841858,0.33500000834465027,0.3050000071525574,0.3100000023841858,0.3100000023841858,768000
2023-12-18,0.3100000023841858,0.32499998807907104,0.28999999165534973,0.3100000023841858,0.3100000023841858,1154000
2023-12-19,0.30000001192092896,0.30000001192092896,0.2849999964237213,0.29499998688697815,0.29499998688697815,1114000
2023-12-20,0.28999999165534973,0.28999999165534973,0.26499998569488525,0.26499998569488525,0.26499998569488525,3152000
2023-12-21,0.26499998569488525,0.27000001072883606,0.25999999046325684,0.26499998569488525,0.26499998569488525,654000
2023-12-22,0.25999999046325684,0.26499998569488525,0.2549999952316284,0.2549999952316284,0.2549999952316284,1666000
2023-12-27,0.2549999952316284,0.27000001072883606,0.25,0.26499998569488525,0.26499998569488525,1479000
2023-12-28,0.25999999046325684,0.2800000011920929,0.25,0.2800000011920929,0.2800000011920929,1820000
2023-12-29,0.2800000011920929,0.2800000011920929,0.2549999952316284,0.25999999046325684,0.25999999046325684,2031000
2024-01-02,0.26499998569488525,0.27000001072883606,0.25999999046325684,0.27000001072883606,0.27000001072883606,682000
2024-01-03,0.27000001072883606,0.27000001072883606,0.25999999046325684,0.27000001072883606,0.27000001072883606,611000
2024-01-04,0.27000001072883606,0.2750000059604645,0.26499998569488525,0.2750000059604645,0.2750000059604645,401000
2024-01-05,0.2750000059604645,0.2800000011920929,0.27000001072883606,0.2800000011920929,0.2800000011920929,392000
2024-01-08,0.2750000059604645,0.2750000059604645,0.27000001072883606,0.27000001072883606,0.27000001072883606,314000
2024-01-09,0.26499998569488525,0.27000001072883606,0.26499998569488525,0.27000001072883606,0.27000001072883606,450000
2024-01-10,0.26499998569488525,0.2750000059604645,0.26499998569488525,0.2750000059604645,0.2750000059604645,614000
2024-01-11,0.27000001072883606,0.32499998807907104,0.27000001072883606,0.3100000023841858,0.3100000023841858,2498000
2024-01-12,0.3050000071525574,0.32499998807907104,0.2750000059604645,0.2849999964237213,0.2849999964237213,1449000
2024-01-15,0.2849999964237213,0.2849999964237213,0.2849999964237213,0.2849999964237213,0.2849999964237213,0
2024-01-16,0.26499998569488525,0.27000001072883606,0.25999999046325684,0.26499998569488525,0.26499998569488525,736000
2024-01-17,0.25999999046325684,0.27000001072883606,0.2460000067949295,0.25,0.25,4451000
2024-01-18,0.24699999392032623,0.2549999952316284,0.23999999463558197,0.2549999952316284,0.2549999952316284,668000
2024-01-19,0.24500000476837158,0.26499998569488525,0.24300000071525574,0.25,0.25,937000
2024-01-22,0.25,0.25,0.22100000083446503,0.23199999332427979,0.23199999332427979,2459000
2024-01-23,0.23999999463558197,0.24400000274181366,0.22499999403953552,0.23000000417232513,0.23000000417232513,690000
2024-01-24,0.23000000417232513,0.24400000274181366,0.22699999809265137,0.24400000274181366,0.24400000274181366,762000
2024-01-25,0.24899999797344208,0.24899999797344208,0.23000000417232513,0.23499999940395355,0.23499999940395355,842000
2024-01-26,0.24400000274181366,0.24400000274181366,0.23000000417232513,0.23999999463558197,0.23999999463558197,451000
2024-01-29,0.2460000067949295,0.2460000067949295,0.2290000021457672,0.24400000274181366,0.24400000274181366,699000
2024-01-30,0.24400000274181366,0.24699999392032623,0.2329999953508377,0.24199999868869781,0.24199999868869781,788000
2024-01-31,0.24199999868869781,0.26499998569488525,0.2370000034570694,0.26499998569488525,0.26499998569488525,803000
2024-02-01,0.26499998569488525,0.26499998569488525,0.24500000476837158,0.2549999952316284,0.2549999952316284,813000
2024-02-02,0.25,0.2549999952316284,0.2409999966621399,0.24500000476837158,0.24500000476837158,639000
2024-02-05,0.23999999463558197,0.25,0.22200000286102295,0.23999999463558197,0.23999999463558197,776000
2024-02-06,0.23100000619888306,0.25,0.2280000001192093,0.25,0.25,946000
2024-02-07,0.2409999966621399,0.2549999952316284,0.23499999940395355,0.2549999952316284,0.2549999952316284,536000
2024-02-08,0.2409999966621399,0.2549999952316284,0.23499999940395355,0.24400000274181366,0.24400000274181366,324000
2024-02-09,0.23399999737739563,0.23399999737739563,0.23399999737739563,0.23399999737739563,0.23399999737739563,0
2024-02-14,0.23600000143051147,0.23600000143051147,0.2199999988079071,0.2280000001192093,0.2280000001192093,950000
2024-02-15,0.23000000417232513,0.23000000417232513,0.2160000056028366,0.22499999403953552,0.22499999403953552,717000
2024-02-16,0.21899999678134918,0.23199999332427979,0.21899999678134918,0.2240000069141388,0.2240000069141388,927000
2024-02-19,0.22100000083446503,0.23499999940395355,0.21299999952316284,0.21799999475479126,0.21799999475479126,1299000
2024-02-20,0.2160000056028366,0.21799999475479126,0.20600000023841858,0.21299999952316284,0.21299999952316284,1494000
2024-02-21,0.21199999749660492,0.22599999606609344,0.20900000631809235,0.22300000488758087,0.22300000488758087,1534000
2024-02-22,0.21899999678134918,0.22300000488758087,0.21400000154972076,0.22300000488758087,0.22300000488758087,643000
2024-02-23,0.22100000083446503,0.2290000021457672,0.2199999988079071,0.2290000021457672,0.2290000021457672,1105900
2024-02-26,0.23199999332427979,0.23199999332427979,0.2150000035762787,0.22599999606609344,0.22599999606609344,409000
2024-02-27,0.2160000056028366,0.22300000488758087,0.20999999344348907,0.22200000286102295,0.22200000286102295,621000
2024-02-28,0.21400000154972076,0.22200000286102295,0.20000000298023224,0.22200000286102295,0.22200000286102295,1231000
2024-02-29,0.2199999988079071,0.22699999809265137,0.20800000429153442,0.21199999749660492,0.21199999749660492,936000
2024-03-01,0.20600000023841858,0.210999995470047,0.20100000500679016,0.20800000429153442,0.20800000429153442,951000
2024-03-04,0.20399999618530273,0.20800000429153442,0.19499999284744263,0.20000000298023224,0.20000000298023224,906000
2024-03-05,0.20399999618530273,0.21199999749660492,0.18700000643730164,0.20499999821186066,0.20499999821186066,1917000
2024-03-06,0.19699999690055847,0.20800000429153442,0.19200000166893005,0.20399999618530273,0.20399999618530273,1396000
2024-03-07,0.210999995470047,0.210999995470047,0.19200000166893005,0.19499999284744263,0.19499999284744263,781000
2024-03-08,0.20399999618530273,0.2070000022649765,0.1899999976158142,0.1940000057220459,0.1940000057220459,1140000
2024-03-11,0.1940000057220459,0.19699999690055847,0.1860000044107437,0.19300000369548798,0.19300000369548798,796000
2024-03-12,0.19900000095367432,0.2160000056028366,0.18799999356269836,0.20800000429153442,0.20800000429153442,2381000
2024-03-13,0.21400000154972076,0.21400000154972076,0.19300000369548798,0.19900000095367432,0.19900000095367432,1172000
2024-03-14,0.1979999989271164,0.21199999749660492,0.1899999976158142,0.2070000022649765,0.2070000022649765,1989000
2024-03-15,0.20900000631809235,0.20900000631809235,0.19499999284744263,0.19900000095367432,0.19900000095367432,918000
2024-03-18,0.20000000298023224,0.20100000500679016,0.19300000369548798,0.20000000298023224,0.20000000298023224,550000
2024-03-19,0.1979999989271164,0.2029999941587448,0.19200000166893005,0.20000000298023224,0.20000000298023224,933000
2024-03-20,0.1979999989271164,0.20399999618530273,0.19599999487400055,0.20399999618530273,0.20399999618530273,562000
2024-03-21,0.19599999487400055,0.2329999953508377,0.1940000057220459,0.22300000488758087,0.22300000488758087,937000
2024-03-22,0.23000000417232513,0.23000000417232513,0.19900000095367432,0.2070000022649765,0.2070000022649765,836000
2024-03-25,0.20100000500679016,0.20399999618530273,0.1899999976158142,0.19599999487400055,0.19599999487400055,1728000
2024-03-26,0.20000000298023224,0.20000000298023224,0.18700000643730164,0.1979999989271164,0.1979999989271164,1675000
2024-03-27,0.19200000166893005,0.20200000703334808,0.19200000166893005,0.19699999690055847,0.19699999690055847,947000
2024-03-28,0.1899999976158142,0.19599999487400055,0.18700000643730164,0.19300000369548798,0.19300000369548798,876000
2024-04-02,0.19300000369548798,0.19300000369548798,0.19300000369548798,0.19300000369548798,0.19300000369548798,0
2024-04-03,0.19300000369548798,0.19300000369548798,0.19300000369548798,0.19300000369548798,0.19300000369548798,0
2024-04-05,0.19300000369548798,0.19300000369548798,0.19300000369548798,0.19300000369548798,0.19300000369548798,0
2024-04-08,0.19300000369548798,0.19300000369548798,0.19300000369548798,0.19300000369548798,0.19300000369548798,0
2024-04-09,0.19300000369548798,0.19300000369548798,0.19300000369548798,0.19300000369548798,0.19300000369548798,0
2024-04-10,0.19300000369548798,0.19300000369548798,0.19300000369548798,0.19300000369548798,0.19300000369548798,0
2024-04-11,0.19300000369548798,0.19300000369548798,0.19300000369548798,0.19300000369548798,0.19300000369548798,0
2024-04-12,0.19300000369548798,0.19300000369548798,0.19300000369548798,0.19300000369548798,0.19300000369548798,0
2024-04-15,0.19300000369548798,0.19300000369548798,0.19300000369548798,0.19300000369548798,0.19300000369548798,0
2024-04-16,0.19300000369548798,0.19300000369548798,0.19300000369548798,0.19300000369548798,0.19300000369548798,0
2024-04-17,0.19300000369548798,0.19300000369548798,0.19300000369548798,0.19300000369548798,0.19300000369548798,0
2024-04-18,0.19300000369548798,0.19300000369548798,0.19300000369548798,0.19300000369548798,0.19300000369548798,0
2024-04-19,0.19300000369548798,0.19300000369548798,0.19300000369548798,0.19300000369548798,0.19300000369548798,0
2024-04-22,0.19300000369548798,0.19300000369548798,0.19300000369548798,0.19300000369548798,0.19300000369548798,0
2024-04-23,0.19300000369548798,0.19300000369548798,0.19300000369548798,0.19300000369548798,0.19300000369548798,0
2024-04-24,0.19300000369548798,0.19300000369548798,0.19300000369548798,0.19300000369548798,0.19300000369548798,0
2024-04-25,0.19300000369548798,0.19300000369548798,0.19300000369548798,0.19300000369548798,0.19300000369548798,0
2024-04-26,0.19300000369548798,0.19300000369548798,0.19300000369548798,0.19300000369548798,0.19300000369548798,0
2024-04-29,0.19300000369548798,0.19300000369548798,0.19300000369548798,0.19300000369548798,0.19300000369548798,0
2024-04-30,0.19300000369548798,0.19300000369548798,0.19300000369548798,0.19300000369548798,0.19300000369548798,0
2024-05-02,0.19300000369548798,0.19300000369548798,0.19300000369548798,0.19300000369548798,0.19300000369548798,0
2024-05-03,0.19300000369548798,0.19300000369548798,0.19300000369548798,0.19300000369548798,0.19300000369548798,0
2024-05-06,0.19300000369548798,0.19300000369548798,0.19300000369548798,0.19300000369548798,0.19300000369548798,0
2024-05-07,0.19300000369548798,0.19300000369548798,0.19300000369548798,0.19300000369548798,0.19300000369548798,0
2024-05-08,0.19300000369548798,0.19300000369548798,0.19300000369548798,0.19300000369548798,0.19300000369548798,0
2024-05-09,0.19300000369548798,0.19300000369548798,0.19300000369548798,0.19300000369548798,0.19300000369548798,0
2024-05-10,0.19300000369548798,0.19300000369548798,0.19300000369548798,0.19300000369548798,0.19300000369548798,0
2024-05-13,0.19300000369548798,0.19300000369548798,0.19300000369548798,0.19300000369548798,0.19300000369548798,0
2024-05-14,0.19300000369548798,0.19300000369548798,0.19300000369548798,0.19300000369548798,0.19300000369548798,0
2024-05-16,0.19300000369548798,0.19300000369548798,0.19300000369548798,0.19300000369548798,0.19300000369548798,0
2024-05-17,0.19300000369548798,0.19300000369548798,0.19300000369548798,0.19300000369548798,0.19300000369548798,0
2024-05-20,0.19300000369548798,0.19300000369548798,0.19300000369548798,0.19300000369548798,0.19300000369548798,0
2024-05-21,0.19300000369548798,0.19300000369548798,0.19300000369548798,0.19300000369548798,0.19300000369548798,0
2024-05-22,0.19300000369548798,0.19300000369548798,0.19300000369548798,0.19300000369548798,0.19300000369548798,0
2024-05-23,0.19300000369548798,0.19300000369548798,0.19300000369548798,0.19300000369548798,0.19300000369548798,0
2024-05-24,0.19300000369548798,0.19300000369548798,0.19300000369548798,0.19300000369548798,0.19300000369548798,0
2024-05-27,0.19300000369548798,0.19300000369548798,0.19300000369548798,0.19300000369548798,0.19300000369548798,0
2024-05-28,0.19300000369548798,0.19300000369548798,0.19300000369548798,0.19300000369548798,0.19300000369548798,0
2024-05-29,0.19300000369548798,0.19300000369548798,0.19300000369548798,0.19300000369548798,0.19300000369548798,0
2024-05-30,0.19300000369548798,0.19300000369548798,0.19300000369548798,0.19300000369548798,0.19300000369548798,0
2024-05-31,0.19300000369548798,0.19300000369548798,0.19300000369548798,0.19300000369548798,0.19300000369548798,0
2024-06-03,0.19300000369548798,0.19300000369548798,0.19300000369548798,0.19300000369548798,0.19300000369548798,0
2024-06-04,0.19300000369548798,0.19300000369548798,0.19300000369548798,0.19300000369548798,0.19300000369548798,0
2024-06-05,0.19300000369548798,0.19300000369548798,0.19300000369548798,0.19300000369548798,0.19300000369548798,0
2024-06-06,0.19300000369548798,0.19300000369548798,0.19300000369548798,0.19300000369548798,0.19300000369548798,0
2024-06-07,0.19300000369548798,0.19300000369548798,0.19300000369548798,0.19300000369548798,0.19300000369548798,0
2024-06-11,0.19300000369548798,0.19300000369548798,0.19300000369548798,0.19300000369548798,0.19300000369548798,0
2024-06-12,0.19300000369548798,0.19300000369548798,0.19300000369548798,0.19300000369548798,0.19300000369548798,0
2024-06-13,0.19300000369548798,0.19300000369548798,0.19300000369548798,0.19300000369548798,0.19300000369548798,0
2024-06-14,0.19300000369548798,0.19300000369548798,0.19300000369548798,0.19300000369548798,0.19300000369548798,0
2024-06-17,0.19300000369548798,0.19300000369548798,0.19300000369548798,0.19300000369548798,0.19300000369548798,0
2024-06-18,0.19300000369548798,0.19300000369548798,0.19300000369548798,0.19300000369548798,0.19300000369548798,0
2024-06-19,0.19300000369548798,0.19300000369548798,0.19300000369548798,0.19300000369548798,0.19300000369548798,0
2024-06-20,0.19300000369548798,0.19300000369548798,0.19300000369548798,0.19300000369548798,0.19300000369548798,0
2024-06-21,0.19300000369548798,0.19300000369548798,0.19300000369548798,0.19300000369548798,0.19300000369548798,0
2024-06-24,0.19300000369548798,0.19300000369548798,0.19300000369548798,0.19300000369548798,0.19300000369548798,0
2024-06-25,0.19300000369548798,0.19300000369548798,0.19300000369548798,0.19300000369548798,0.19300000369548798,0
2024-06-26,0.19300000369548798,0.19300000369548798,0.19300000369548798,0.19300000369548798,0.19300000369548798,0
2024-06-27,0.19300000369548798,0.19300000369548798,0.19300000369548798,0.19300000369548798,0.19300000369548798,0
2024-06-28,0.19300000369548798,0.19300000369548798,0.19300000369548798,0.19300000369548798,0.19300000369548798,0
2024-07-02,0.19300000369548798,0.19300000369548798,0.19300000369548798,0.19300000369548798,0.19300000369548798,0
2024-07-03,0.19300000369548798,0.19300000369548798,0.19300000369548798,0.19300000369548798,0.19300000369548798,0
2024-07-04,0.19300000369548798,0.19300000369548798,0.19300000369548798,0.19300000369548798,0.19300000369548798,0
2024-07-08,0.19300000369548798,0.19300000369548798,0.19300000369548798,0.19300000369548798,0.19300000369548798,0
2024-07-09,0.19300000369548798,0.19300000369548798,0.19300000369548798,0.19300000369548798,0.19300000369548798,0
2024-07-10,0.19300000369548798,0.19300000369548798,0.19300000369548798,0.19300000369548798,0.19300000369548798,0
2024-07-11,0.19300000369548798,0.19300000369548798,0.19300000369548798,0.19300000369548798,0.19300000369548798,0
2024-07-12,0.19300000369548798,0.19300000369548798,0.19300000369548798,0.19300000369548798,0.19300000369548798,0
2024-07-15,0.19300000369548798,0.19300000369548798,0.19300000369548798,0.19300000369548798,0.19300000369548798,0
2024-07-16,0.19300000369548798,0.19300000369548798,0.19300000369548798,0.19300000369548798,0.19300000369548798,0
2024-07-17,0.19300000369548798,0.19300000369548798,0.19300000369548798,0.19300000369548798,0.19300000369548798,0
2024-07-18,0.19300000369548798,0.19300000369548798,0.19300000369548798,0.19300000369548798,0.19300000369548798,0
2024-07-19,0.19300000369548798,0.19300000369548798,0.19300000369548798,0.19300000369548798,0.19300000369548798,0
2024-07-22,0.19300000369548798,0.19300000369548798,0.19300000369548798,0.19300000369548798,0.19300000369548798,0
2024-07-23,0.19300000369548798,0.19300000369548798,0.19300000369548798,0.19300000369548798,0.19300000369548798,0
2024-07-24,0.19300000369548798,0.19300000369548798,0.19300000369548798,0.19300000369548798,0.19300000369548798,0
2024-07-25,0.19300000369548798,0.19300000369548798,0.19300000369548798,0.19300000369548798,0.19300000369548798,0
2024-07-26,0.19300000369548798,0.19300000369548798,0.19300000369548798,0.19300000369548798,0.19300000369548798,0
2024-07-29,0.19300000369548798,0.19300000369548798,0.19300000369548798,0.19300000369548798,0.19300000369548798,0
2024-07-30,0.19300000369548798,0.19300000369548798,0.19300000369548798,0.19300000369548798,0.19300000369548798,0
2024-07-31,0.19300000369548798,0.19300000369548798,0.19300000369548798,0.19300000369548798,0.19300000369548798,0
2024-08-01,0.19300000369548798,0.19300000369548798,0.19300000369548798,0.19300000369548798,0.19300000369548798,0
2024-08-02,0.19300000369548798,0.19300000369548798,0.19300000369548798,0.19300000369548798,0.19300000369548798,0
2024-08-05,0.19300000369548798,0.19300000369548798,0.19300000369548798,0.19300000369548798,0.19300000369548798,0
2024-08-06,0.19300000369548798,0.19300000369548798,0.19300000369548798,0.19300000369548798,0.19300000369548798,0
2024-08-07,0.19300000369548798,0.19300000369548798,0.19300000369548798,0.19300000369548798,0.19300000369548798,0
2024-08-08,0.19300000369548798,0.19300000369548798,0.19300000369548798,0.19300000369548798,0.19300000369548798,0
2024-08-09,0.19300000369548798,0.19300000369548798,0.19300000369548798,0.19300000369548798,0.19300000369548798,0
2024-08-12,0.19300000369548798,0.19300000369548798,0.19300000369548798,0.19300000369548798,0.19300000369548798,0
2024-08-13,0.19300000369548798,0.19300000369548798,0.19300000369548798,0.19300000369548798,0.19300000369548798,0
2024-08-14,0.19300000369548798,0.19300000369548798,0.19300000369548798,0.19300000369548798,0.19300000369548798,0
2024-08-15,0.19300000369548798,0.19300000369548798,0.19300000369548798,0.19300000369548798,0.19300000369548798,0
2024-08-16,0.19300000369548798,0.19300000369548798,0.19300000369548798,0.19300000369548798,0.19300000369548798,0
2024-08-19,0.19300000369548798,0.19300000369548798,0.19300000369548798,0.19300000369548798,0.19300000369548798,0
2024-08-20,0.19300000369548798,0.19300000369548798,0.19300000369548798,0.19300000369548798,0.19300000369548798,0
2024-08-21,0.19300000369548798,0.19300000369548798,0.19300000369548798,0.19300000369548798,0.19300000369548798,0
2024-08-22,0.19300000369548798,0.19300000369548798,0.19300000369548798,0.19300000369548798,0.19300000369548798,0
2024-08-23,0.19300000369548798,0.19300000369548798,0.19300000369548798,0.19300000369548798,0.19300000369548798,0
2024-08-26,0.19300000369548798,0.19300000369548798,0.19300000369548798,0.19300000369548798,0.19300000369548798,0
2024-08-27,0.19300000369548798,0.19300000369548798,0.19300000369548798,0.19300000369548798,0.19300000369548798,0
2024-08-28,0.19300000369548798,0.19300000369548798,0.19300000369548798,0.19300000369548798,0.19300000369548798,0
2024-08-29,0.19300000369548798,0.19300000369548798,0.19300000369548798,0.19300000369548798,0.19300000369548798,0
2024-08-30,0.19300000369548798,0.19300000369548798,0.19300000369548798,0.19300000369548798,0.19300000369548798,0
2024-09-02,0.19300000369548798,0.19300000369548798,0.19300000369548798,0.19300000369548798,0.19300000369548798,0
2024-09-03,0.19300000369548798,0.19300000369548798,0.19300000369548798,0.19300000369548798,0.19300000369548798,0
2024-09-04,0.19300000369548798,0.19300000369548798,0.19300000369548798,0.19300000369548798,0.19300000369548798,0
2024-09-05,0.19300000369548798,0.19300000369548798,0.19300000369548798,0.19300000369548798,0.19300000369548798,0
2024-09-09,0.19300000369548798,0.19300000369548798,0.19300000369548798,0.19300000369548798,0.19300000369548798,0
2024-09-10,0.19300000369548798,0.19300000369548798,0.19300000369548798,0.19300000369548798,0.19300000369548798,0
2024-09-11,0.19300000369548798,0.19300000369548798,0.19300000369548798,0.19300000369548798,0.19300000369548798,0
2024-09-12,0.19300000369548798,0.19300000369548798,0.19300000369548798,0.19300000369548798,0.19300000369548798,0
2024-09-13,0.19300000369548798,0.19300000369548798,0.19300000369548798,0.19300000369548798,0.19300000369548798,0
2024-09-16,0.19300000369548798,0.19300000369548798,0.19300000369548798,0.19300000369548798,0.19300000369548798,0
2024-09-17,0.19300000369548798,0.19300000369548798,0.19300000369548798,0.19300000369548798,0.19300000369548798,0
2024-09-19,0.19300000369548798,0.19300000369548798,0.19300000369548798,0.19300000369548798,0.19300000369548798,0
2024-09-20,0.19300000369548798,0.19300000369548798,0.19300000369548798,0.19300000369548798,0.19300000369548798,0
2024-09-23,0.19300000369548798,0.19300000369548798,0.19300000369548798,0.19300000369548798,0.19300000369548798,0
2024-09-24,0.19300000369548798,0.19300000369548798,0.19300000369548798,0.19300000369548798,0.19300000369548798,0
2024-09-25,0.19300000369548798,0.19300000369548798,0.19300000369548798,0.19300000369548798,0.19300000369548798,0
2024-09-26,0.19300000369548798,0.19300000369548798,0.19300000369548798,0.19300000369548798,0.19300000369548798,0
2024-09-27,0.19300000369548798,0.19300000369548798,0.19300000369548798,0.19300000369548798,0.19300000369548798,0
2024-09-30,0.19300000369548798,0.19300000369548798,0.19300000369548798,0.19300000369548798,0.19300000369548798,0
2024-10-02,0.19300000369548798,0.19300000369548798,0.19300000369548798,0.19300000369548798,0.19300000369548798,0
2024-10-03,0.19300000369548798,0.19300000369548798,0.19300000369548798,0.19300000369548798,0.19300000369548798,0
2024-10-04,0.19300000369548798,0.19300000369548798,0.19300000369548798,0.19300000369548798,0.19300000369548798,0
2024-10-07,0.19300000369548798,0.19300000369548798,0.19300000369548798,0.19300000369548798,0.19300000369548798,0
2024-10-08,0.19300000369548798,0.19300000369548798,0.19300000369548798,0.19300000369548798,0.19300000369548798,0
2024-10-09,0.19300000369548798,0.19300000369548798,0.19300000369548798,0.19300000369548798,0.19300000369548798,0
2024-10-10,0.19300000369548798,0.19300000369548798,0.19300000369548798,0.19300000369548798,0.19300000369548798,0
2024-10-14,0.19300000369548798,0.19300000369548798,0.19300000369548798,0.19300000369548798,0.19300000369548798,0
2024-10-15,0.19300000369548798,0.19300000369548798,0.19300000369548798,0.19300000369548798,0.19300000369548798,0
2024-10-16,0.19300000369548798,0.19300000369548798,0.19300000369548798,0.19300000369548798,0.19300000369548798,0
