Date,Open,High,Low,Close,Adj Close,Volume
2021-07-15,3.059999942779541,3.140000104904175,3.059999942779541,3.059999942779541,2.993133306503296,20649000
2021-07-16,3.059999942779541,3.069999933242798,3.059999942779541,3.059999942779541,2.993133306503296,2765000
2021-07-19,3.059999942779541,3.069999933242798,3.059999942779541,3.059999942779541,2.993133306503296,1250000
2021-07-20,3.059999942779541,3.0799999237060547,3.059999942779541,3.059999942779541,2.993133306503296,695000
2021-07-21,3.059999942779541,3.0899999141693115,3.059999942779541,3.059999942779541,2.993133306503296,664000
2021-07-22,3.0799999237060547,3.0799999237060547,3.059999942779541,3.059999942779541,2.993133306503296,214000
2021-07-23,3.059999942779541,3.059999942779541,3.059999942779541,3.059999942779541,2.993133306503296,202000
2021-07-26,3.059999942779541,3.069999933242798,3.059999942779541,3.059999942779541,2.993133306503296,655000
2021-07-27,3.059999942779541,3.059999942779541,3.059999942779541,3.059999942779541,2.993133306503296,625000
2021-07-28,3.059999942779541,3.069999933242798,3.059999942779541,3.069999933242798,3.0029149055480957,266000
2021-07-29,3.069999933242798,3.069999933242798,3.059999942779541,3.059999942779541,2.993133306503296,306000
2021-07-30,3.059999942779541,3.069999933242798,3.059999942779541,3.059999942779541,2.993133306503296,144000
2021-08-02,3.059999942779541,3.059999942779541,3.059999942779541,3.059999942779541,2.993133306503296,85000
2021-08-03,3.059999942779541,3.069999933242798,3.059999942779541,3.059999942779541,2.993133306503296,168000
2021-08-04,3.059999942779541,3.059999942779541,3.059999942779541,3.059999942779541,2.993133306503296,250000
2021-08-05,3.059999942779541,3.059999942779541,3.059999942779541,3.059999942779541,2.993133306503296,82000
2021-08-06,3.059999942779541,3.369999885559082,3.059999942779541,3.190000057220459,3.1202926635742188,384000
2021-08-09,3.190000057220459,3.25,3.109999895095825,3.200000047683716,3.1300742626190186,410000
2021-08-10,3.140000104904175,3.309999942779541,3.140000104904175,3.299999952316284,3.227888822555542,769000
2021-08-11,3.299999952316284,3.4800000190734863,3.259999990463257,3.4700000286102295,3.394174098968506,759000
2021-08-12,3.4700000286102295,3.549999952316284,3.3299999237060547,3.4000000953674316,3.3257038593292236,350000
2021-08-13,3.3299999237060547,3.440000057220459,3.3299999237060547,3.359999895095825,3.2865777015686035,332000
2021-08-16,3.2899999618530273,3.4000000953674316,3.2899999618530273,3.319999933242798,3.2474517822265625,186000
2021-08-17,3.319999933242798,3.4000000953674316,3.309999942779541,3.3299999237060547,3.2572333812713623,905000
2021-08-18,3.3299999237060547,3.369999885559082,3.309999942779541,3.369999885559082,3.2963593006134033,629000
2021-08-19,3.369999885559082,3.380000114440918,3.299999952316284,3.299999952316284,3.227888822555542,837000
2021-08-20,3.299999952316284,3.359999895095825,3.200000047683716,3.2699999809265137,3.198544502258301,597000
2021-08-23,3.2699999809265137,3.450000047683716,3.2699999809265137,3.369999885559082,3.2963593006134033,1274000
2021-08-24,3.3499999046325684,3.819999933242798,3.3499999046325684,3.5,3.423518657684326,1071000
2021-08-25,3.509999990463257,3.569999933242798,3.4100000858306885,3.440000057220459,3.3648297786712646,628000
2021-08-26,3.3499999046325684,3.430000066757202,3.3499999046325684,3.4000000953674316,3.3257038593292236,653000
2021-08-27,3.4000000953674316,3.5299999713897705,3.369999885559082,3.369999885559082,3.2963593006134033,1207000
2021-08-30,3.369999885559082,3.390000104904175,3.2899999618530273,3.299999952316284,3.227888822555542,536000
2021-08-31,3.369999885559082,3.4600000381469727,3.299999952316284,3.440000057220459,3.3648297786712646,444000
2021-09-01,3.440000057220459,3.490000009536743,3.390000104904175,3.450000047683716,3.3746111392974854,426000
2021-09-02,3.440000057220459,3.5999999046325684,3.369999885559082,3.369999885559082,3.2963593006134033,309000
2021-09-03,3.359999895095825,3.390000104904175,3.3499999046325684,3.3499999046325684,3.276796340942383,266000
2021-09-06,3.359999895095825,3.4100000858306885,3.3299999237060547,3.4000000953674316,3.3257038593292236,434000
2021-09-07,3.4000000953674316,3.4000000953674316,3.309999942779541,3.380000114440918,3.306140899658203,437000
2021-09-08,3.380000114440918,3.380000114440918,3.25,3.2699999809265137,3.198544502258301,939000
2021-09-09,3.2300000190734863,3.2799999713897705,3.200000047683716,3.200000047683716,3.1300742626190186,248000
2021-09-10,3.200000047683716,3.299999952316284,3.190000057220459,3.299999952316284,3.227888822555542,689000
2021-09-13,3.2699999809265137,3.2799999713897705,3.25,3.259999990463257,3.188762903213501,334000
2021-09-14,3.259999990463257,3.299999952316284,3.180000066757202,3.180000066757202,3.110511302947998,351000
2021-09-15,3.180000066757202,3.180000066757202,3.1500000953674316,3.1600000858306885,3.0909483432769775,488000
2021-09-16,3.1600000858306885,3.25,3.0799999237060547,3.25,3.1789815425872803,652000
2021-09-17,3.25,3.4700000286102295,3.25,3.390000104904175,3.315922260284424,1190000
2021-09-20,3.380000114440918,3.380000114440918,3.299999952316284,3.3499999046325684,3.276796340942383,197000
2021-09-21,3.3499999046325684,3.380000114440918,3.3399999141693115,3.380000114440918,3.306140899658203,382000
2021-09-23,3.319999933242798,3.799999952316284,3.319999933242798,3.4700000286102295,3.394174098968506,832000
2021-09-24,3.4700000286102295,3.5399999618530273,3.359999895095825,3.359999895095825,3.2865777015686035,510000
2021-09-27,3.4000000953674316,3.4000000953674316,3.2899999618530273,3.299999952316284,3.227888822555542,472000
2021-09-28,3.309999942779541,3.5,3.309999942779541,3.450000047683716,3.3746111392974854,723000
2021-09-29,3.440000057220459,3.5,3.380000114440918,3.5,3.423518657684326,1027000
2021-09-30,3.5,3.5,3.3499999046325684,3.380000114440918,3.306140899658203,592000
2021-10-04,3.3499999046325684,3.390000104904175,3.3499999046325684,3.3499999046325684,3.276796340942383,892000
2021-10-05,3.3499999046325684,3.369999885559082,3.3399999141693115,3.359999895095825,3.2865777015686035,895000
2021-10-06,3.359999895095825,3.369999885559082,3.309999942779541,3.319999933242798,3.2474517822265625,901000
2021-10-07,3.319999933242798,3.3399999141693115,3.309999942779541,3.309999942779541,3.237670421600342,919000
2021-10-08,3.309999942779541,3.4100000858306885,3.309999942779541,3.390000104904175,3.315922260284424,893000
2021-10-11,3.390000104904175,3.5,3.390000104904175,3.4100000858306885,3.3354852199554443,947000
2021-10-12,3.4100000858306885,3.4700000286102295,3.4000000953674316,3.430000066757202,3.355048179626465,980000
2021-10-15,3.390000104904175,3.4000000953674316,3.3299999237060547,3.3299999237060547,3.2572333812713623,1026000
2021-10-18,3.3299999237060547,3.390000104904175,3.319999933242798,3.369999885559082,3.2963593006134033,896000
2021-10-19,3.359999895095825,3.4100000858306885,3.359999895095825,3.380000114440918,3.306140899658203,1191000
2021-10-20,3.390000104904175,3.390000104904175,3.309999942779541,3.309999942779541,3.237670421600342,933000
2021-10-21,3.309999942779541,3.4000000953674316,3.2899999618530273,3.309999942779541,3.237670421600342,1040000
2021-10-22,3.309999942779541,3.380000114440918,3.309999942779541,3.319999933242798,3.2474517822265625,924000
2021-10-25,3.319999933242798,3.369999885559082,3.299999952316284,3.3399999141693115,3.267014741897583,911000
2021-10-26,3.3299999237060547,3.359999895095825,3.2899999618530273,3.3499999046325684,3.276796340942383,945000
2021-10-27,3.3499999046325684,3.3499999046325684,3.299999952316284,3.309999942779541,3.237670421600342,923000
2021-10-28,3.299999952316284,3.299999952316284,3.259999990463257,3.2899999618530273,3.2181074619293213,935000
2021-10-29,3.2899999618530273,3.2899999618530273,3.240000009536743,3.240000009536743,3.1691999435424805,948000
2021-11-01,3.240000009536743,3.2799999713897705,3.2200000286102295,3.240000009536743,3.1691999435424805,113000
2021-11-02,3.2300000190734863,3.240000009536743,3.119999885559082,3.119999885559082,3.0518221855163574,269000
2021-11-03,3.119999885559082,3.180000066757202,3.0799999237060547,3.0899999141693115,3.022477626800537,327000
2021-11-04,3.0799999237060547,3.200000047683716,3.0799999237060547,3.180000066757202,3.110511302947998,234000
2021-11-05,3.1700000762939453,3.1700000762939453,3.119999885559082,3.0999999046325684,3.032259225845337,288000
2021-11-08,3.0899999141693115,3.390000104904175,3.0899999141693115,3.140000104904175,3.071385383605957,418000
2021-11-09,3.0799999237060547,3.140000104904175,3.059999942779541,3.140000104904175,3.071385383605957,275000
2021-11-10,3.140000104904175,3.1500000953674316,3.049999952316284,3.0899999141693115,3.022477626800537,330000
2021-11-11,3.0799999237060547,3.0799999237060547,2.9700000286102295,3.069999933242798,3.0029149055480957,211000
2021-11-12,3.059999942779541,3.0799999237060547,3.059999942779541,3.059999942779541,2.993133306503296,413000
2021-11-15,3.0899999141693115,3.319999933242798,3.0799999237060547,3.0999999046325684,3.032259225845337,489000
2021-11-16,3.0899999141693115,3.130000114440918,3.0799999237060547,3.109999895095825,3.0420405864715576,260000
2021-11-17,3.0799999237060547,3.0999999046325684,3.0799999237060547,3.0999999046325684,3.032259225845337,329000
2021-11-18,3.0799999237060547,3.0799999237060547,3.059999942779541,3.059999942779541,2.993133306503296,169000
2021-11-19,3.0199999809265137,3.069999933242798,2.940000057220459,3.059999942779541,2.993133306503296,173000
2021-11-22,3.069999933242798,3.0899999141693115,3.059999942779541,3.0899999141693115,3.022477626800537,264000
2021-11-23,3.069999933242798,3.0799999237060547,3.0,3.059999942779541,2.993133306503296,305000
2021-11-24,3.0799999237060547,3.0899999141693115,3.0399999618530273,3.059999942779541,2.993133306503296,330000
2021-11-25,3.0899999141693115,3.0899999141693115,3.059999942779541,3.059999942779541,2.993133306503296,269000
2021-11-26,3.059999942779541,3.119999885559082,3.059999942779541,3.059999942779541,2.993133306503296,271000
2021-11-29,3.0899999141693115,3.0899999141693115,3.059999942779541,3.059999942779541,2.993133306503296,275000
2021-11-30,3.049999952316284,3.109999895095825,3.0299999713897705,3.0799999237060547,3.0126962661743164,266000
2021-12-01,3.0799999237060547,3.119999885559082,3.059999942779541,3.059999942779541,2.993133306503296,275000
2021-12-02,3.059999942779541,3.0999999046325684,3.0399999618530273,3.059999942779541,2.993133306503296,281000
2021-12-03,3.059999942779541,3.109999895095825,3.0399999618530273,3.059999942779541,2.993133306503296,254000
2021-12-06,3.059999942779541,3.059999942779541,3.059999942779541,3.059999942779541,2.993133306503296,0
2021-12-07,3.0199999809265137,3.0899999141693115,2.9800000190734863,3.0799999237060547,3.0126962661743164,232000
2021-12-08,3.0899999141693115,3.0899999141693115,3.059999942779541,3.0799999237060547,3.0126962661743164,160000
2021-12-09,3.069999933242798,3.069999933242798,3.059999942779541,3.059999942779541,2.993133306503296,188000
2021-12-10,3.059999942779541,3.059999942779541,2.9600000381469727,3.009999990463257,2.944226026535034,274000
2021-12-13,3.049999952316284,3.049999952316284,2.869999885559082,3.0,2.9344444274902344,310000
2021-12-14,3.0,3.059999942779541,2.9200000762939453,3.059999942779541,2.993133306503296,291000
2021-12-15,3.049999952316284,3.0799999237060547,3.0,3.0799999237060547,3.0126962661743164,228000
2021-12-16,3.049999952316284,3.059999942779541,2.9600000381469727,3.059999942779541,2.993133306503296,260000
2021-12-17,3.059999942779541,3.069999933242798,2.9000000953674316,3.059999942779541,2.993133306503296,325000
2021-12-20,2.9200000762939453,3.059999942779541,2.9100000858306885,3.059999942779541,2.993133306503296,308000
2021-12-21,3.049999952316284,3.059999942779541,2.950000047683716,3.059999942779541,2.993133306503296,312000
2021-12-22,3.0399999618530273,3.059999942779541,2.9800000190734863,3.059999942779541,2.993133306503296,234000
2021-12-23,3.059999942779541,3.069999933242798,2.990000009536743,3.059999942779541,2.993133306503296,300000
2021-12-24,3.069999933242798,3.069999933242798,3.069999933242798,3.069999933242798,3.0029149055480957,0
2021-12-28,3.069999933242798,3.1600000858306885,3.059999942779541,3.0799999237060547,3.0126962661743164,200000
2021-12-29,3.069999933242798,3.069999933242798,2.9700000286102295,3.049999952316284,2.983351945877075,321000
2021-12-30,3.0399999618530273,3.069999933242798,2.990000009536743,3.069999933242798,3.0029149055480957,276000
2021-12-31,3.0199999809265137,3.0199999809265137,3.0199999809265137,3.0199999809265137,2.954007387161255,0
2022-01-03,3.049999952316284,3.059999942779541,3.0199999809265137,3.059999942779541,2.993133306503296,276000
2022-01-04,3.059999942779541,3.140000104904175,3.059999942779541,3.119999885559082,3.0518221855163574,242000
2022-01-05,3.109999895095825,3.109999895095825,3.009999990463257,3.069999933242798,3.0029149055480957,615000
2022-01-06,3.0,3.059999942779541,3.0,3.059999942779541,2.993133306503296,1327000
2022-01-07,3.069999933242798,3.069999933242798,3.059999942779541,3.069999933242798,3.0029149055480957,96000
2022-01-10,3.069999933242798,3.180000066757202,3.059999942779541,3.059999942779541,2.993133306503296,154000
2022-01-11,3.049999952316284,3.0799999237060547,3.009999990463257,3.0799999237060547,3.0126962661743164,135000
2022-01-12,3.0799999237060547,3.0999999046325684,3.0399999618530273,3.0999999046325684,3.032259225845337,130000
2022-01-13,3.0999999046325684,3.0999999046325684,3.0899999141693115,3.0899999141693115,3.022477626800537,238000
2022-01-14,3.0899999141693115,3.0899999141693115,3.0199999809265137,3.049999952316284,2.983351945877075,195000
2022-01-17,3.0399999618530273,3.059999942779541,3.009999990463257,3.059999942779541,2.993133306503296,175000
2022-01-18,3.069999933242798,3.1600000858306885,3.0299999713897705,3.109999895095825,3.0420405864715576,128000
2022-01-19,3.119999885559082,3.119999885559082,3.0299999713897705,3.059999942779541,2.993133306503296,111000
2022-01-20,3.0799999237060547,3.0799999237060547,3.049999952316284,3.059999942779541,2.993133306503296,113000
2022-01-21,3.069999933242798,3.0799999237060547,3.049999952316284,3.0799999237060547,3.0126962661743164,122000
2022-01-24,3.0299999713897705,3.069999933242798,3.009999990463257,3.069999933242798,3.0029149055480957,275000
2022-01-25,3.0,3.059999942779541,2.990000009536743,3.059999942779541,2.993133306503296,310000
2022-01-26,3.049999952316284,3.049999952316284,3.0199999809265137,3.0299999713897705,2.9637889862060547,276000
2022-01-27,3.0399999618530273,3.109999895095825,3.0299999713897705,3.109999895095825,3.0420405864715576,294000
2022-01-28,3.069999933242798,3.0799999237060547,3.059999942779541,3.069999933242798,3.0029149055480957,12163000
2022-01-31,3.059999942779541,3.059999942779541,3.059999942779541,3.059999942779541,2.993133306503296,0
2022-02-04,3.069999933242798,3.119999885559082,3.069999933242798,3.109999895095825,3.0420405864715576,258000
2022-02-07,3.119999885559082,3.119999885559082,3.0899999141693115,3.0899999141693115,3.022477626800537,262000
2022-02-08,3.0799999237060547,3.0799999237060547,3.069999933242798,3.069999933242798,3.0029149055480957,269000
2022-02-09,3.069999933242798,3.0999999046325684,2.9800000190734863,3.069999933242798,3.0029149055480957,269000
2022-02-10,3.069999933242798,3.0899999141693115,3.0199999809265137,3.069999933242798,3.0029149055480957,295000
2022-02-11,3.059999942779541,3.059999942779541,3.049999952316284,3.059999942779541,2.993133306503296,265000
2022-02-14,3.059999942779541,3.0799999237060547,3.059999942779541,3.0799999237060547,3.0126962661743164,271000
2022-02-15,3.0899999141693115,3.0899999141693115,3.049999952316284,3.069999933242798,3.0029149055480957,260000
2022-02-16,3.069999933242798,3.0799999237060547,3.009999990463257,3.0799999237060547,3.0126962661743164,273000
2022-02-17,3.0799999237060547,3.0999999046325684,3.069999933242798,3.069999933242798,3.0029149055480957,257000
2022-02-18,3.0799999237060547,3.0799999237060547,3.049999952316284,3.059999942779541,2.993133306503296,263000
2022-02-21,3.049999952316284,3.0799999237060547,3.0,3.0799999237060547,3.0126962661743164,272000
2022-02-22,3.069999933242798,3.069999933242798,3.0,3.059999942779541,2.993133306503296,266000
2022-02-23,3.069999933242798,3.0799999237060547,3.0399999618530273,3.059999942779541,2.993133306503296,274000
2022-02-24,3.049999952316284,3.069999933242798,2.990000009536743,3.059999942779541,2.993133306503296,291000
2022-02-25,3.049999952316284,3.0899999141693115,3.0,3.059999942779541,2.993133306503296,300000
2022-02-28,3.0199999809265137,3.059999942779541,3.0,3.059999942779541,2.993133306503296,316000
2022-03-01,3.0199999809265137,3.059999942779541,3.009999990463257,3.059999942779541,2.993133306503296,308000
2022-03-02,3.009999990463257,3.069999933242798,3.009999990463257,3.069999933242798,3.0029149055480957,306000
2022-03-03,3.069999933242798,3.069999933242798,3.0299999713897705,3.059999942779541,2.993133306503296,285000
2022-03-04,3.049999952316284,3.059999942779541,3.0199999809265137,3.059999942779541,2.993133306503296,294000
2022-03-07,3.049999952316284,3.059999942779541,3.0199999809265137,3.059999942779541,2.993133306503296,271000
2022-03-08,3.0299999713897705,3.059999942779541,3.0199999809265137,3.059999942779541,2.993133306503296,339000
2022-03-09,3.0299999713897705,3.059999942779541,3.0199999809265137,3.059999942779541,2.993133306503296,308000
2022-03-10,3.059999942779541,3.059999942779541,3.0199999809265137,3.059999942779541,2.993133306503296,206000
2022-03-11,3.0299999713897705,3.059999942779541,3.0299999713897705,3.059999942779541,2.993133306503296,231000
2022-03-14,3.059999942779541,3.059999942779541,3.059999942779541,3.059999942779541,2.993133306503296,0
2022-03-15,3.059999942779541,3.059999942779541,3.009999990463257,3.059999942779541,2.993133306503296,173000
2022-03-16,3.059999942779541,3.0799999237060547,3.0399999618530273,3.0799999237060547,3.0126962661743164,177000
2022-03-17,3.0799999237060547,3.0799999237060547,3.0299999713897705,3.059999942779541,2.993133306503296,258000
2022-03-18,3.049999952316284,3.109999895095825,3.049999952316284,3.059999942779541,2.993133306503296,264000
2022-03-21,3.069999933242798,3.0999999046325684,3.049999952316284,3.0799999237060547,3.0126962661743164,254000
2022-03-22,3.059999942779541,3.069999933242798,3.049999952316284,3.059999942779541,2.993133306503296,264000
2022-03-23,3.059999942779541,3.0899999141693115,3.049999952316284,3.0899999141693115,3.022477626800537,277000
2022-03-24,3.049999952316284,3.069999933242798,3.0299999713897705,3.059999942779541,2.993133306503296,263000
2022-03-25,3.059999942779541,3.069999933242798,3.0399999618530273,3.059999942779541,2.993133306503296,269000
2022-03-28,3.049999952316284,3.059999942779541,3.0199999809265137,3.059999942779541,2.993133306503296,290000
2022-03-29,3.049999952316284,3.059999942779541,3.0399999618530273,3.059999942779541,2.993133306503296,21326000
2022-03-30,3.069999933242798,3.119999885559082,3.059999942779541,3.119999885559082,3.0518221855163574,282000
2022-03-31,3.059999942779541,3.119999885559082,3.059999942779541,3.069999933242798,3.0029149055480957,265000
2022-04-01,3.059999942779541,3.0799999237060547,3.059999942779541,3.059999942779541,2.993133306503296,2474000
2022-04-04,3.059999942779541,3.0899999141693115,3.059999942779541,3.0799999237060547,3.0126962661743164,262000
2022-04-06,3.069999933242798,3.069999933242798,3.0299999713897705,3.069999933242798,3.0029149055480957,270000
2022-04-07,3.059999942779541,3.069999933242798,3.0399999618530273,3.059999942779541,2.993133306503296,264000
2022-04-08,3.059999942779541,3.069999933242798,3.059999942779541,3.069999933242798,3.0029149055480957,285000
2022-04-11,3.059999942779541,3.059999942779541,3.0199999809265137,3.059999942779541,2.993133306503296,293000
2022-04-12,3.059999942779541,3.059999942779541,3.0,3.059999942779541,2.993133306503296,291000
2022-04-13,3.049999952316284,3.059999942779541,2.9800000190734863,3.059999942779541,2.993133306503296,503000
2022-04-14,3.059999942779541,3.0799999237060547,3.009999990463257,3.0799999237060547,3.0126962661743164,277000
2022-04-19,3.0199999809265137,3.069999933242798,3.009999990463257,3.059999942779541,2.993133306503296,339000
2022-04-20,3.059999942779541,3.0899999141693115,3.0299999713897705,3.059999942779541,2.993133306503296,316000
2022-04-21,3.059999942779541,3.059999942779541,3.009999990463257,3.059999942779541,2.993133306503296,332000
2022-04-22,3.049999952316284,3.059999942779541,3.0199999809265137,3.059999942779541,2.993133306503296,316000
2022-04-25,3.059999942779541,3.059999942779541,3.0199999809265137,3.059999942779541,2.993133306503296,327000
2022-04-26,3.059999942779541,3.180000066757202,3.0299999713897705,3.059999942779541,2.993133306503296,245000
2022-04-27,3.059999942779541,3.059999942779541,2.890000104904175,2.890000104904175,2.826848268508911,280000
2022-04-28,2.9700000286102295,2.990000009536743,2.819999933242798,2.930000066757202,2.865974187850952,154000
2022-04-29,2.930000066757202,2.930000066757202,2.8499999046325684,2.8499999046325684,2.787722110748291,26000
2022-05-03,2.890000104904175,2.890000104904175,2.799999952316284,2.799999952316284,2.7388148307800293,30000
2022-05-04,2.700000047683716,3.0,2.5,3.0,2.9344444274902344,145000
2022-05-05,2.9600000381469727,2.9600000381469727,2.9600000381469727,2.9600000381469727,2.8953185081481934,0
2022-05-06,2.9200000762939453,2.9200000762939453,2.9200000762939453,2.9200000762939453,2.8561928272247314,0
2022-05-10,2.930000066757202,2.930000066757202,2.930000066757202,2.930000066757202,2.865974187850952,0
2022-05-11,2.930000066757202,2.930000066757202,2.680000066757202,2.8499999046325684,2.787722110748291,59000
2022-05-12,2.7300000190734863,2.799999952316284,2.549999952316284,2.799999952316284,2.7388148307800293,298000
2022-05-13,2.75,2.799999952316284,2.630000114440918,2.799999952316284,2.7388148307800293,176000
2022-05-16,2.75,2.7799999713897705,2.630000114440918,2.7799999713897705,2.719251871109009,346000
2022-05-17,2.6500000953674316,2.75,2.6500000953674316,2.6500000953674316,2.592092752456665,482000
2022-05-18,2.6500000953674316,2.6700000762939453,2.630000114440918,2.630000114440918,2.5725297927856445,175000
2022-05-19,2.619999885559082,2.700000047683716,2.619999885559082,2.700000047683716,2.6410000324249268,198000
2022-05-20,2.700000047683716,2.759999990463257,2.619999885559082,2.75,2.6899075508117676,211000
2022-05-23,2.75,2.8499999046325684,2.6500000953674316,2.819999933242798,2.75837779045105,56000
2022-05-24,2.809999942779541,2.859999895095825,2.700000047683716,2.859999895095825,2.797503709793091,104000
2022-05-25,3.0,3.0,2.880000114440918,2.950000047683716,2.8855371475219727,24000
2022-05-26,2.940000057220459,3.009999990463257,2.9100000858306885,2.990000009536743,2.9246630668640137,54000
2022-05-27,2.990000009536743,3.049999952316284,2.950000047683716,2.950000047683716,2.8855371475219727,40000
2022-05-30,2.940000057220459,2.990000009536743,2.869999885559082,2.950000047683716,2.8855371475219727,42000
2022-05-31,2.9600000381469727,2.9600000381469727,2.9600000381469727,2.9600000381469727,2.8953185081481934,0
2022-06-01,2.950000047683716,2.950000047683716,2.9200000762939453,2.930000066757202,2.865974187850952,25000
2022-06-02,2.9100000858306885,2.950000047683716,2.880000114440918,2.930000066757202,2.865974187850952,43000
2022-06-06,2.950000047683716,2.990000009536743,2.9000000953674316,2.990000009536743,2.9246630668640137,36000
2022-06-07,2.950000047683716,2.950000047683716,2.950000047683716,2.950000047683716,2.8855371475219727,0
2022-06-08,2.990000009536743,3.0,2.9700000286102295,2.990000009536743,2.9246630668640137,54000
2022-06-09,2.9800000190734863,3.009999990463257,2.8499999046325684,2.9200000762939453,2.8561928272247314,128000
2022-06-10,2.9700000286102295,2.9700000286102295,2.880000114440918,2.880000114440918,2.8170669078826904,20000
2022-06-13,2.9100000858306885,2.9200000762939453,2.869999885559082,2.9000000953674316,2.836629867553711,51000
2022-06-14,2.880000114440918,2.9100000858306885,2.880000114440918,2.880000114440918,2.8170669078826904,48000
2022-06-15,2.9000000953674316,2.940000057220459,2.9000000953674316,2.940000057220459,2.875755548477173,13000
2022-06-16,2.9000000953674316,2.9000000953674316,2.9000000953674316,2.9000000953674316,2.836629867553711,0
2022-06-17,2.9000000953674316,2.990000009536743,2.799999952316284,2.880000114440918,2.8170669078826904,79000
2022-06-20,2.880000114440918,2.890000104904175,2.6500000953674316,2.8499999046325684,2.787722110748291,95000
2022-06-21,2.890000104904175,2.890000104904175,2.7899999618530273,2.880000114440918,2.8170669078826904,28000
2022-06-22,2.880000114440918,2.880000114440918,2.880000114440918,2.880000114440918,2.8170669078826904,0
2022-06-23,2.9000000953674316,2.9000000953674316,2.700000047683716,2.880000114440918,2.8170669078826904,35000
2022-06-24,2.9000000953674316,2.9000000953674316,2.880000114440918,2.880000114440918,2.8170669078826904,48000
2022-06-27,2.930000066757202,2.930000066757202,2.880000114440918,2.880000114440918,2.8170669078826904,26000
2022-06-28,2.9000000953674316,2.9100000858306885,2.859999895095825,2.859999895095825,2.797503709793091,65000
2022-06-29,2.9100000858306885,2.9100000858306885,2.8399999141693115,2.8399999141693115,2.7779407501220703,23000
2022-06-30,2.9200000762939453,2.9200000762939453,2.8299999237060547,2.880000114440918,2.8170669078826904,31000
2022-07-04,2.869999885559082,2.890000104904175,2.809999942779541,2.890000104904175,2.826848268508911,31000
2022-07-05,2.930000066757202,2.950000047683716,2.8299999237060547,2.8299999237060547,2.7681591510772705,26000
2022-07-06,2.8299999237060547,2.890000104904175,2.700000047683716,2.8399999141693115,2.7779407501220703,57000
2022-07-07,2.880000114440918,2.890000104904175,2.8399999141693115,2.890000104904175,2.826848268508911,29000
2022-07-08,2.890000104904175,2.9000000953674316,2.8499999046325684,2.869999885559082,2.8072850704193115,46000
2022-07-11,2.890000104904175,2.9000000953674316,2.8499999046325684,2.859999895095825,2.797503709793091,38000
2022-07-12,2.8499999046325684,3.059999942779541,2.819999933242798,2.950000047683716,2.8855371475219727,1095000
2022-07-13,2.940000057220459,3.0199999809265137,2.700000047683716,2.700000047683716,2.6410000324249268,3941000
2022-07-14,2.809999942779541,2.990000009536743,2.700000047683716,2.75,2.75,3196000
2022-07-15,2.8399999141693115,2.950000047683716,2.700000047683716,2.799999952316284,2.799999952316284,24662000
2022-07-18,2.7899999618530273,2.890000104904175,2.6600000858306885,2.7699999809265137,2.7699999809265137,77000
2022-07-19,2.8399999141693115,2.9700000286102295,2.759999990463257,2.9200000762939453,2.9200000762939453,23836000
2022-07-20,2.9200000762939453,2.9800000190734863,2.819999933242798,2.9700000286102295,2.9700000286102295,4815000
2022-07-21,3.0,3.0299999713897705,2.9100000858306885,3.0199999809265137,3.0199999809265137,4084000
2022-07-22,3.0199999809265137,3.0299999713897705,2.880000114440918,3.0299999713897705,3.0299999713897705,145000
2022-07-25,3.0299999713897705,3.059999942779541,3.0,3.0,3.0,8695000
2022-07-26,2.940000057220459,3.0,2.940000057220459,3.0,3.0,4000
2022-07-27,3.0,3.0,3.0,3.0,3.0,0
2022-07-28,3.0,3.0,3.0,3.0,3.0,0
2022-07-29,3.0,3.0,3.0,3.0,3.0,6000
2022-08-01,3.0,3.0,3.0,3.0,3.0,0
2022-08-02,3.0,3.0,3.0,3.0,3.0,0
2022-08-03,3.0,3.0,3.0,3.0,3.0,0
2022-08-04,3.0,3.0,3.0,3.0,3.0,0
2022-08-05,3.0,3.0,3.0,3.0,3.0,0
2022-08-08,3.0,3.0,3.0,3.0,3.0,0
2022-08-09,3.0,3.0,3.0,3.0,3.0,0
2022-08-10,3.0,3.0,3.0,3.0,3.0,0
2022-08-11,3.0,3.0,3.0,3.0,3.0,0
2022-08-12,3.0,3.0,3.0,3.0,3.0,0
2022-08-15,2.940000057220459,2.940000057220459,2.940000057220459,2.940000057220459,2.940000057220459,0
2022-08-16,2.940000057220459,2.940000057220459,2.940000057220459,2.940000057220459,2.940000057220459,0
2022-08-17,2.8499999046325684,2.8499999046325684,2.8499999046325684,2.8499999046325684,2.8499999046325684,3000
2022-08-18,3.0,3.0,2.9700000286102295,2.990000009536743,2.990000009536743,2128000
2022-08-19,2.9800000190734863,2.9800000190734863,2.9800000190734863,2.9800000190734863,2.9800000190734863,2548000
2022-08-22,3.0,3.009999990463257,3.0,3.009999990463257,3.009999990463257,140000
2022-08-23,3.009999990463257,3.009999990463257,3.009999990463257,3.009999990463257,3.009999990463257,0
2022-08-24,3.0,3.0,2.75,2.9200000762939453,2.9200000762939453,60000
2022-08-25,2.950000047683716,3.0,2.950000047683716,2.990000009536743,2.990000009536743,5000
2022-08-26,3.0,3.0,2.930000066757202,2.990000009536743,2.990000009536743,1321000
2022-08-29,3.0,3.0899999141693115,2.9100000858306885,2.9200000762939453,2.9200000762939453,1629000
2022-08-30,2.9200000762939453,2.9200000762939453,2.9200000762939453,2.9200000762939453,2.9200000762939453,0
2022-08-31,3.0,3.0,3.0,3.0,3.0,0
2022-09-01,3.0,3.0,3.0,3.0,3.0,0
2022-09-02,2.990000009536743,3.0,2.759999990463257,2.890000104904175,2.890000104904175,62000
2022-09-05,2.890000104904175,2.9800000190734863,2.890000104904175,2.9800000190734863,2.9800000190734863,2000
2022-09-06,2.9800000190734863,2.9800000190734863,2.9800000190734863,2.9800000190734863,2.9800000190734863,0
2022-09-07,2.8499999046325684,3.0,2.799999952316284,3.0,3.0,17000
2022-09-08,3.0,3.0,3.0,3.0,3.0,0
2022-09-09,2.9000000953674316,3.0,2.9000000953674316,2.990000009536743,2.990000009536743,12000
2022-09-13,3.009999990463257,3.009999990463257,2.940000057220459,2.990000009536743,2.990000009536743,3000
2022-09-14,3.0,3.0,2.799999952316284,3.0,3.0,716000
2022-09-15,3.0,3.009999990463257,2.890000104904175,3.0,3.0,2649000
2022-09-16,3.0,3.0299999713897705,2.8499999046325684,3.0299999713897705,3.0299999713897705,12000
2022-09-19,3.0299999713897705,3.0299999713897705,3.0299999713897705,3.0299999713897705,3.0299999713897705,120000
2022-09-20,3.0,3.0399999618530273,3.0,3.0399999618530273,3.0399999618530273,5000
2022-09-21,2.950000047683716,2.950000047683716,2.950000047683716,2.950000047683716,2.950000047683716,1000
2022-09-22,2.950000047683716,2.950000047683716,2.950000047683716,2.950000047683716,2.950000047683716,0
2022-09-23,2.950000047683716,2.950000047683716,2.8399999141693115,2.950000047683716,2.950000047683716,6000
2022-09-26,2.9800000190734863,2.9800000190734863,2.9800000190734863,2.9800000190734863,2.9800000190734863,0
2022-09-27,2.9800000190734863,3.0,2.9700000286102295,2.9800000190734863,2.9800000190734863,6697000
2022-09-28,2.9800000190734863,3.0199999809265137,2.8499999046325684,2.8499999046325684,2.8499999046325684,5000
2022-09-29,3.0,3.0,2.869999885559082,2.880000114440918,2.880000114440918,3606000
2022-09-30,2.6700000762939453,3.009999990463257,2.6700000762939453,3.009999990463257,3.009999990463257,2494000
2022-10-03,3.0,3.0,3.0,3.0,3.0,0
2022-10-05,3.0,3.0,3.0,3.0,3.0,8000
2022-10-06,2.990000009536743,2.990000009536743,2.990000009536743,2.990000009536743,2.990000009536743,0
2022-10-07,2.930000066757202,2.990000009536743,2.930000066757202,2.990000009536743,2.990000009536743,10000
2022-10-10,2.9000000953674316,2.950000047683716,2.8299999237060547,2.950000047683716,2.950000047683716,41000
2022-10-11,2.859999895095825,2.950000047683716,2.859999895095825,2.950000047683716,2.950000047683716,58000
2022-10-12,2.9100000858306885,2.9100000858306885,2.8399999141693115,2.8399999141693115,2.8399999141693115,18000
2022-10-13,2.9200000762939453,2.9200000762939453,2.8299999237060547,2.9000000953674316,2.9000000953674316,46000
2022-10-14,2.8299999237060547,2.9000000953674316,2.8299999237060547,2.9000000953674316,2.9000000953674316,56000
2022-10-17,2.8399999141693115,2.890000104904175,2.8399999141693115,2.859999895095825,2.859999895095825,60000
2022-10-18,2.8399999141693115,3.0,2.799999952316284,2.799999952316284,2.799999952316284,8000
2022-10-19,2.819999933242798,2.819999933242798,2.819999933242798,2.819999933242798,2.819999933242798,0
2022-10-20,2.819999933242798,2.819999933242798,2.799999952316284,2.799999952316284,2.799999952316284,9000
2022-10-21,2.7799999713897705,2.799999952316284,2.690000057220459,2.7200000286102295,2.7200000286102295,19000
2022-10-24,2.7200000286102295,2.7200000286102295,2.7200000286102295,2.7200000286102295,2.7200000286102295,0
2022-10-25,2.7200000286102295,2.7200000286102295,2.7200000286102295,2.7200000286102295,2.7200000286102295,0
2022-10-26,2.7200000286102295,2.7200000286102295,2.7200000286102295,2.7200000286102295,2.7200000286102295,0
2022-10-27,2.7200000286102295,2.7200000286102295,2.7200000286102295,2.7200000286102295,2.7200000286102295,0
2022-10-28,2.7300000190734863,2.799999952316284,2.7300000190734863,2.8299999237060547,2.8299999237060547,6000
2022-10-31,2.7899999618530273,2.890000104904175,2.7899999618530273,2.9000000953674316,2.9000000953674316,43000
2022-11-01,2.8499999046325684,2.950000047683716,2.8499999046325684,2.950000047683716,2.950000047683716,70000
2022-11-02,2.950000047683716,2.950000047683716,2.950000047683716,2.950000047683716,2.950000047683716,0
2022-11-03,2.950000047683716,2.950000047683716,2.950000047683716,2.950000047683716,2.950000047683716,0
2022-11-04,2.799999952316284,2.9000000953674316,2.7899999618530273,2.9000000953674316,2.9000000953674316,125000
2022-11-07,2.9000000953674316,2.9000000953674316,2.740000009536743,2.890000104904175,2.890000104904175,152000
2022-11-08,2.869999885559082,2.869999885559082,2.869999885559082,2.869999885559082,2.869999885559082,0
2022-11-09,2.7899999618530273,2.809999942779541,2.759999990463257,2.809999942779541,2.809999942779541,75000
2022-11-10,2.700000047683716,2.700000047683716,2.700000047683716,2.700000047683716,2.700000047683716,0
2022-11-11,2.7100000381469727,2.8499999046325684,2.700000047683716,2.8499999046325684,2.8499999046325684,68000
2022-11-14,2.8499999046325684,2.9100000858306885,2.7899999618530273,2.8499999046325684,2.8499999046325684,241000
2022-11-15,2.8499999046325684,3.059999942779541,2.8499999046325684,2.9000000953674316,2.9000000953674316,17000
2022-11-16,2.8499999046325684,3.0,2.8499999046325684,3.0,3.0,31000
2022-11-17,2.930000066757202,2.9800000190734863,2.930000066757202,2.9800000190734863,2.9800000190734863,13000
2022-11-18,2.9800000190734863,2.9800000190734863,2.740000009536743,2.950000047683716,2.950000047683716,4000
2022-11-21,2.950000047683716,2.950000047683716,2.950000047683716,2.950000047683716,2.950000047683716,0
2022-11-22,2.940000057220459,2.940000057220459,2.940000057220459,2.940000057220459,2.940000057220459,0
2022-11-23,2.990000009536743,2.990000009536743,2.7300000190734863,2.9700000286102295,2.9700000286102295,7000
2022-11-24,2.9600000381469727,2.9600000381469727,2.7699999809265137,2.950000047683716,2.950000047683716,11000
2022-11-25,2.950000047683716,2.950000047683716,2.950000047683716,2.950000047683716,2.950000047683716,0
2022-11-28,2.940000057220459,2.940000057220459,2.8299999237060547,2.8299999237060547,2.8299999237060547,6000
2022-11-29,2.9000000953674316,2.9000000953674316,2.9000000953674316,2.9000000953674316,2.9000000953674316,10000
2022-11-30,2.9200000762939453,2.9200000762939453,2.9200000762939453,2.9200000762939453,2.9200000762939453,1000
2022-12-01,2.9200000762939453,2.940000057220459,2.9200000762939453,2.9200000762939453,2.9200000762939453,8000
2022-12-02,2.9000000953674316,3.0,2.680000066757202,2.880000114440918,2.880000114440918,102000
2022-12-05,2.9000000953674316,2.9000000953674316,2.809999942779541,2.9000000953674316,2.9000000953674316,14000
2022-12-06,2.809999942779541,2.9200000762939453,2.809999942779541,2.9200000762939453,2.9200000762939453,5000
2022-12-07,2.880000114440918,2.880000114440918,2.880000114440918,2.880000114440918,2.880000114440918,0
2022-12-08,2.9000000953674316,2.9000000953674316,2.880000114440918,2.880000114440918,2.880000114440918,4000
2022-12-09,2.880000114440918,2.890000104904175,2.880000114440918,2.890000104904175,2.890000104904175,2000
2022-12-12,2.890000104904175,2.930000066757202,2.890000104904175,2.930000066757202,2.930000066757202,8000
2022-12-13,2.940000057220459,2.940000057220459,2.940000057220459,2.940000057220459,2.940000057220459,0
2022-12-14,2.940000057220459,2.940000057220459,2.8299999237060547,2.9000000953674316,2.9000000953674316,13000
2022-12-15,2.9000000953674316,2.9000000953674316,2.9000000953674316,2.9000000953674316,2.9000000953674316,3000
2022-12-16,2.9000000953674316,2.9000000953674316,2.9000000953674316,2.9000000953674316,2.9000000953674316,0
2022-12-19,2.799999952316284,2.869999885559082,2.7899999618530273,2.869999885559082,2.869999885559082,12000
2022-12-20,2.7899999618530273,2.880000114440918,2.7699999809265137,2.8499999046325684,2.8499999046325684,22000
2022-12-21,2.9000000953674316,2.869999885559082,2.7799999713897705,2.8499999046325684,2.8499999046325684,8132000
2022-12-22,2.869999885559082,2.869999885559082,2.869999885559082,2.869999885559082,2.869999885559082,0
2022-12-23,2.890000104904175,2.890000104904175,2.890000104904175,2.890000104904175,2.890000104904175,0
2022-12-28,2.9000000953674316,2.9000000953674316,2.890000104904175,2.890000104904175,2.890000104904175,2000
2022-12-29,2.9000000953674316,2.9000000953674316,2.809999942779541,2.809999942779541,2.809999942779541,3000
2022-12-30,2.859999895095825,2.890000104904175,2.7699999809265137,2.890000104904175,2.890000104904175,1398000
2023-01-03,2.9000000953674316,2.9000000953674316,2.9000000953674316,2.9000000953674316,2.9000000953674316,2000
2023-01-04,2.890000104904175,2.890000104904175,2.819999933242798,2.869999885559082,2.869999885559082,4000
2023-01-05,2.869999885559082,2.990000009536743,2.8399999141693115,2.9700000286102295,2.9700000286102295,697000
2023-01-06,2.9800000190734863,2.990000009536743,2.9800000190734863,2.9800000190734863,2.9800000190734863,4000
2023-01-09,2.9000000953674316,2.9800000190734863,2.8299999237060547,2.9800000190734863,2.9800000190734863,4000
2023-01-10,2.950000047683716,2.950000047683716,2.950000047683716,2.950000047683716,2.950000047683716,0
2023-01-11,2.9000000953674316,2.9000000953674316,2.9000000953674316,2.9000000953674316,2.9000000953674316,0
2023-01-12,2.940000057220459,2.940000057220459,2.940000057220459,2.940000057220459,2.940000057220459,0
2023-01-13,2.9600000381469727,2.9600000381469727,2.9000000953674316,2.9000000953674316,2.9000000953674316,3000
2023-01-16,2.8299999237060547,2.8299999237060547,2.7100000381469727,2.7699999809265137,2.7699999809265137,120000
2023-01-17,2.690000057220459,2.7100000381469727,2.619999885559082,2.700000047683716,2.700000047683716,18000
2023-01-18,2.619999885559082,2.759999990463257,2.549999952316284,2.740000009536743,2.740000009536743,24000
2023-01-19,2.7200000286102295,2.7200000286102295,2.7200000286102295,2.7200000286102295,2.7200000286102295,1000
2023-01-20,2.7200000286102295,2.7200000286102295,2.700000047683716,2.700000047683716,2.700000047683716,2000
2023-01-26,2.6500000953674316,2.700000047683716,2.5999999046325684,2.690000057220459,2.690000057220459,6000
2023-01-27,2.6600000858306885,2.690000057220459,2.5999999046325684,2.690000057220459,2.690000057220459,6000
2023-01-30,2.680000066757202,2.7200000286102295,2.5799999237060547,2.7200000286102295,2.7200000286102295,9000
2023-01-31,2.75,2.75,2.7200000286102295,2.7200000286102295,2.7200000286102295,2000
2023-02-01,2.7100000381469727,2.7100000381469727,2.7100000381469727,2.7100000381469727,2.7100000381469727,2000
2023-02-02,2.7799999713897705,2.7799999713897705,2.7799999713897705,2.7799999713897705,2.7799999713897705,1000
2023-02-03,2.799999952316284,2.799999952316284,2.640000104904175,2.7200000286102295,2.7200000286102295,25000
2023-02-06,2.619999885559082,2.700000047683716,2.619999885559082,2.6500000953674316,2.6500000953674316,36000
2023-02-07,2.6500000953674316,2.690000057220459,2.6500000953674316,2.690000057220459,2.690000057220459,2000
2023-02-08,2.690000057220459,2.7300000190734863,2.690000057220459,2.7300000190734863,2.7300000190734863,3000
2023-02-09,2.7300000190734863,2.7300000190734863,2.7300000190734863,2.7300000190734863,2.7300000190734863,0
2023-02-10,2.7300000190734863,2.7300000190734863,2.7300000190734863,2.7300000190734863,2.7300000190734863,0
2023-02-13,2.619999885559082,2.7100000381469727,2.619999885559082,2.6700000762939453,2.6700000762939453,7000
2023-02-14,2.630000114440918,2.700000047683716,2.630000114440918,2.700000047683716,2.700000047683716,5000
2023-02-15,2.640000104904175,2.6700000762939453,2.609999895095825,2.6700000762939453,2.6700000762939453,3000
2023-02-16,2.6600000858306885,2.700000047683716,2.6600000858306885,2.700000047683716,2.700000047683716,5000
2023-02-17,2.700000047683716,2.700000047683716,2.700000047683716,2.700000047683716,2.700000047683716,0
2023-02-20,2.5999999046325684,2.7799999713897705,2.5999999046325684,2.7799999713897705,2.7799999713897705,8000
2023-02-21,2.880000114440918,2.9700000286102295,2.630000114440918,2.880000114440918,2.880000114440918,5000
2023-02-22,2.799999952316284,2.9000000953674316,2.799999952316284,2.9000000953674316,2.9000000953674316,4000
2023-02-23,2.9000000953674316,2.9000000953674316,2.9000000953674316,2.9000000953674316,2.9000000953674316,0
2023-02-24,2.890000104904175,2.890000104904175,2.890000104904175,2.890000104904175,2.890000104904175,0
2023-02-27,2.7899999618530273,2.7899999618530273,2.680000066757202,2.75,2.75,5000
2023-02-28,2.799999952316284,2.799999952316284,2.6600000858306885,2.7899999618530273,2.7899999618530273,5000
2023-03-01,2.8299999237060547,2.890000104904175,2.700000047683716,2.880000114440918,2.880000114440918,4000
2023-03-02,2.869999885559082,2.880000114440918,2.869999885559082,2.880000114440918,2.880000114440918,4000
2023-03-03,2.7899999618530273,2.9100000858306885,2.700000047683716,2.7899999618530273,2.7899999618530273,82000
2023-03-06,2.75,2.890000104904175,2.6500000953674316,2.890000104904175,2.890000104904175,17000
2023-03-07,2.880000114440918,2.880000114440918,2.880000114440918,2.880000114440918,2.880000114440918,0
2023-03-08,2.9000000953674316,2.9000000953674316,2.9000000953674316,2.9000000953674316,2.9000000953674316,2000
2023-03-09,2.7799999713897705,2.869999885559082,2.75,2.859999895095825,2.859999895095825,36000
2023-03-10,2.75,2.7899999618530273,2.7100000381469727,2.7100000381469727,2.7100000381469727,32000
2023-03-13,2.7100000381469727,2.799999952316284,2.7300000190734863,2.799999952316284,2.799999952316284,5000
2023-03-14,2.75,2.75,2.700000047683716,2.700000047683716,2.700000047683716,8000
2023-03-15,2.75,2.7699999809265137,2.609999895095825,2.7699999809265137,2.7699999809265137,8000
2023-03-16,2.7799999713897705,2.7799999713897705,2.640000104904175,2.759999990463257,2.759999990463257,5000
2023-03-17,2.759999990463257,2.7899999618530273,2.690000057220459,2.75,2.75,5000
2023-03-20,2.75,2.75,2.75,2.75,2.75,0
2023-03-21,2.7799999713897705,2.7799999713897705,2.7799999713897705,2.7799999713897705,2.7799999713897705,1000
2023-03-22,2.7699999809265137,2.7699999809265137,2.640000104904175,2.7300000190734863,2.7300000190734863,3000
2023-03-23,2.7300000190734863,2.7300000190734863,2.640000104904175,2.700000047683716,2.700000047683716,8000
2023-03-24,2.700000047683716,2.700000047683716,2.700000047683716,2.700000047683716,2.700000047683716,2000
2023-03-27,2.700000047683716,2.7100000381469727,2.6500000953674316,2.7100000381469727,2.7100000381469727,3000
2023-03-28,2.7100000381469727,2.7100000381469727,2.7100000381469727,2.7100000381469727,2.7100000381469727,1000
2023-03-29,2.75,2.75,2.75,2.75,2.75,1000
2023-03-30,2.75,2.75,2.75,2.75,2.75,0
2023-03-31,2.75,2.75,2.75,2.75,2.75,0
2023-04-03,2.75,2.75,2.75,2.75,2.75,0
2023-04-04,2.75,2.75,2.75,2.75,2.75,0
2023-04-06,2.75,2.9100000858306885,2.6600000858306885,2.9000000953674316,2.9000000953674316,3959000
2023-04-11,2.890000104904175,2.890000104904175,2.890000104904175,2.890000104904175,2.890000104904175,0
2023-04-12,2.890000104904175,2.890000104904175,2.890000104904175,2.890000104904175,2.890000104904175,0
2023-04-13,2.890000104904175,2.890000104904175,2.890000104904175,2.890000104904175,2.890000104904175,0
2023-04-14,2.890000104904175,2.930000066757202,2.6700000762939453,2.930000066757202,2.930000066757202,3887000
2023-04-17,2.940000057220459,2.940000057220459,2.6600000858306885,2.6600000858306885,2.6600000858306885,59000
2023-04-18,2.759999990463257,2.759999990463257,2.619999885559082,2.759999990463257,2.759999990463257,4000
2023-04-19,2.75,2.75,2.75,2.75,2.75,0
2023-04-20,2.75,2.75,2.75,2.75,2.75,0
2023-04-21,2.680000066757202,2.7100000381469727,2.5899999141693115,2.7100000381469727,2.7100000381469727,7000
2023-04-24,2.7100000381469727,2.7100000381469727,2.7100000381469727,2.7100000381469727,2.7100000381469727,0
2023-04-25,2.7100000381469727,2.7100000381469727,2.7100000381469727,2.7100000381469727,2.7100000381469727,0
2023-04-26,2.7200000286102295,2.7200000286102295,2.609999895095825,2.7200000286102295,2.7200000286102295,8000
2023-04-27,2.7200000286102295,2.7300000190734863,2.609999895095825,2.700000047683716,2.700000047683716,424000
2023-04-28,2.700000047683716,2.700000047683716,2.700000047683716,2.700000047683716,2.700000047683716,0
2023-05-02,2.700000047683716,2.700000047683716,2.700000047683716,2.700000047683716,2.700000047683716,0
2023-05-03,2.700000047683716,2.700000047683716,2.700000047683716,2.700000047683716,2.700000047683716,0
2023-05-04,2.630000114440918,2.680000066757202,2.5999999046325684,2.680000066757202,2.680000066757202,11000
2023-05-05,2.630000114440918,2.700000047683716,2.619999885559082,2.700000047683716,2.700000047683716,7000
2023-05-08,2.700000047683716,2.700000047683716,2.700000047683716,2.700000047683716,2.700000047683716,0
2023-05-09,2.640000104904175,2.680000066757202,2.5999999046325684,2.680000066757202,2.680000066757202,7000
2023-05-10,2.690000057220459,2.700000047683716,2.619999885559082,2.690000057220459,2.690000057220459,7000
2023-05-11,2.690000057220459,2.740000009536743,2.6500000953674316,2.740000009536743,2.740000009536743,3000
2023-05-12,2.6600000858306885,2.6600000858306885,2.630000114440918,2.630000114440918,2.630000114440918,7000
2023-05-15,2.630000114440918,2.799999952316284,2.619999885559082,2.799999952316284,2.799999952316284,7802000
2023-05-16,2.8499999046325684,2.869999885559082,2.680000066757202,2.799999952316284,2.799999952316284,5097000
2023-05-17,2.819999933242798,2.819999933242798,2.640000104904175,2.75,2.75,7000
2023-05-18,2.740000009536743,2.740000009536743,2.740000009536743,2.740000009536743,2.740000009536743,0
2023-05-19,2.740000009536743,2.740000009536743,2.740000009536743,2.740000009536743,2.740000009536743,0
2023-05-22,2.6600000858306885,2.7200000286102295,2.6500000953674316,2.7200000286102295,2.7200000286102295,4000
2023-05-23,2.7200000286102295,2.7200000286102295,2.7200000286102295,2.7200000286102295,2.7200000286102295,0
2023-05-24,2.7200000286102295,2.7200000286102295,2.7200000286102295,2.7200000286102295,2.7200000286102295,0
2023-05-25,2.7100000381469727,2.7100000381469727,2.7100000381469727,2.7100000381469727,2.7100000381469727,0
2023-05-29,2.7100000381469727,2.7100000381469727,2.7100000381469727,2.7100000381469727,2.7100000381469727,0
2023-05-30,2.7100000381469727,2.7100000381469727,2.7100000381469727,2.7100000381469727,2.7100000381469727,0
2023-05-31,2.7100000381469727,2.7100000381469727,2.7100000381469727,2.7100000381469727,2.7100000381469727,0
2023-06-01,2.7100000381469727,2.7100000381469727,2.7100000381469727,2.7100000381469727,2.7100000381469727,0
2023-06-02,2.7699999809265137,2.7699999809265137,2.7699999809265137,2.7699999809265137,2.7699999809265137,1000
2023-06-05,2.7699999809265137,2.7699999809265137,2.6500000953674316,2.6500000953674316,2.6500000953674316,5000
2023-06-06,2.6700000762939453,2.6700000762939453,2.6700000762939453,2.6700000762939453,2.6700000762939453,0
2023-06-07,2.619999885559082,2.7799999713897705,2.5999999046325684,2.7799999713897705,2.7799999713897705,19000
2023-06-08,2.7699999809265137,2.7699999809265137,2.7699999809265137,2.7699999809265137,2.7699999809265137,1000
2023-06-09,2.7699999809265137,2.7699999809265137,2.7699999809265137,2.7699999809265137,2.7699999809265137,0
2023-06-12,2.799999952316284,2.799999952316284,2.799999952316284,2.799999952316284,2.799999952316284,1000
2023-06-13,2.7799999713897705,2.7799999713897705,2.630000114440918,2.7100000381469727,2.7100000381469727,3000
2023-06-14,2.6600000858306885,2.690000057220459,2.6600000858306885,2.690000057220459,2.690000057220459,3000
2023-06-15,2.690000057220459,2.690000057220459,2.690000057220459,2.690000057220459,2.690000057220459,0
2023-06-16,2.7100000381469727,2.700000047683716,2.6500000953674316,2.700000047683716,2.700000047683716,478000
2023-06-19,2.700000047683716,2.700000047683716,2.700000047683716,2.700000047683716,2.700000047683716,0
2023-06-20,2.6500000953674316,2.6500000953674316,2.630000114440918,2.630000114440918,2.630000114440918,3000
2023-06-21,2.690000057220459,2.690000057220459,2.690000057220459,2.690000057220459,2.690000057220459,0
2023-06-23,2.619999885559082,2.6700000762939453,2.619999885559082,2.6700000762939453,2.6700000762939453,3000
2023-06-26,2.5199999809265137,2.6500000953674316,2.5,2.6500000953674316,2.6500000953674316,10000
2023-06-27,2.6600000858306885,2.740000009536743,2.6600000858306885,2.740000009536743,2.740000009536743,6000
2023-06-28,2.740000009536743,2.759999990463257,2.630000114440918,2.759999990463257,2.759999990463257,5000
2023-06-29,2.609999895095825,2.680000066757202,2.559999942779541,2.5899999141693115,2.5899999141693115,36000
2023-06-30,2.6500000953674316,2.680000066757202,2.5799999237060547,2.680000066757202,2.680000066757202,11000
2023-07-03,2.5999999046325684,2.680000066757202,2.5799999237060547,2.619999885559082,2.619999885559082,94000
2023-07-04,2.6500000953674316,2.700000047683716,2.5799999237060547,2.5799999237060547,2.5799999237060547,2836000
2023-07-05,2.5799999237060547,2.6700000762939453,2.5799999237060547,2.5999999046325684,2.5999999046325684,29000
2023-07-06,2.5999999046325684,2.5999999046325684,2.5999999046325684,2.5999999046325684,2.5999999046325684,0
2023-07-07,2.5999999046325684,2.5999999046325684,2.5999999046325684,2.5999999046325684,2.5999999046325684,0
2023-07-10,2.5999999046325684,2.5999999046325684,2.5999999046325684,2.5999999046325684,2.5999999046325684,0
2023-07-11,2.5999999046325684,2.5999999046325684,2.5999999046325684,2.5999999046325684,2.5999999046325684,0
2023-07-12,2.619999885559082,2.690000057220459,2.5799999237060547,2.5999999046325684,2.5999999046325684,2150000
2023-07-13,2.630000114440918,2.6500000953674316,2.559999942779541,2.609999895095825,2.609999895095825,3192000
2023-07-14,2.609999895095825,2.609999895095825,2.609999895095825,2.609999895095825,2.609999895095825,0
2023-07-18,2.609999895095825,2.609999895095825,2.609999895095825,2.609999895095825,2.609999895095825,0
2023-07-19,2.609999895095825,2.609999895095825,2.609999895095825,2.609999895095825,2.609999895095825,0
2023-07-20,2.609999895095825,2.609999895095825,2.559999942779541,2.569999933242798,2.569999933242798,1658000
2023-07-21,2.559999942779541,2.6600000858306885,2.559999942779541,2.619999885559082,2.619999885559082,2660000
2023-07-24,2.619999885559082,2.619999885559082,2.619999885559082,2.619999885559082,2.619999885559082,0
2023-07-25,2.619999885559082,2.619999885559082,2.619999885559082,2.619999885559082,2.619999885559082,0
2023-07-26,2.619999885559082,2.619999885559082,2.569999933242798,2.569999933242798,2.569999933242798,10000
2023-07-27,2.569999933242798,2.569999933242798,2.569999933242798,2.569999933242798,2.569999933242798,3000
2023-07-28,2.569999933242798,2.569999933242798,2.569999933242798,2.569999933242798,2.569999933242798,0
2023-07-31,2.569999933242798,2.569999933242798,2.569999933242798,2.569999933242798,2.569999933242798,1000
2023-08-01,2.559999942779541,2.559999942779541,2.559999942779541,2.559999942779541,2.559999942779541,0
2023-08-02,2.549999952316284,2.549999952316284,2.549999952316284,2.549999952316284,2.549999952316284,3000
2023-08-03,2.549999952316284,2.549999952316284,2.549999952316284,2.549999952316284,2.549999952316284,0
2023-08-04,2.549999952316284,2.549999952316284,2.549999952316284,2.549999952316284,2.549999952316284,3000
2023-08-07,2.549999952316284,2.549999952316284,2.549999952316284,2.549999952316284,2.549999952316284,0
2023-08-08,2.549999952316284,2.549999952316284,2.549999952316284,2.549999952316284,2.549999952316284,0
2023-08-09,2.549999952316284,2.549999952316284,2.549999952316284,2.549999952316284,2.549999952316284,0
2023-08-10,2.549999952316284,2.549999952316284,2.549999952316284,2.549999952316284,2.549999952316284,0
2023-08-11,2.549999952316284,2.549999952316284,2.549999952316284,2.549999952316284,2.549999952316284,0
2023-08-14,2.549999952316284,2.549999952316284,2.549999952316284,2.549999952316284,2.549999952316284,0
2023-08-15,2.549999952316284,2.549999952316284,2.549999952316284,2.549999952316284,2.549999952316284,0
2023-08-16,2.549999952316284,2.549999952316284,2.549999952316284,2.549999952316284,2.549999952316284,0
2023-08-17,2.549999952316284,2.549999952316284,2.549999952316284,2.549999952316284,2.549999952316284,1000
2023-08-18,2.549999952316284,2.549999952316284,2.549999952316284,2.549999952316284,2.549999952316284,0
2023-08-21,2.549999952316284,2.549999952316284,2.549999952316284,2.549999952316284,2.549999952316284,0
2023-08-22,2.549999952316284,2.549999952316284,2.549999952316284,2.549999952316284,2.549999952316284,0
2023-08-23,2.549999952316284,2.549999952316284,2.549999952316284,2.549999952316284,2.549999952316284,0
2023-08-24,2.549999952316284,2.549999952316284,2.549999952316284,2.549999952316284,2.549999952316284,0
2023-08-25,2.549999952316284,2.549999952316284,2.549999952316284,2.549999952316284,2.549999952316284,0
2023-08-28,2.549999952316284,2.549999952316284,2.549999952316284,2.549999952316284,2.549999952316284,0
2023-08-29,2.549999952316284,2.559999942779541,2.559999942779541,2.559999942779541,2.559999942779541,5000
2023-08-30,2.559999942779541,2.559999942779541,2.559999942779541,2.559999942779541,2.559999942779541,0
2023-08-31,2.5,2.5,2.5,2.5,2.5,0
2023-09-04,2.6500000953674316,2.6500000953674316,2.6500000953674316,2.640000104904175,2.640000104904175,1000
2023-09-05,2.5999999046325684,2.5999999046325684,2.5999999046325684,2.5999999046325684,2.5999999046325684,0
2023-09-06,2.4000000953674316,2.6500000953674316,2.4000000953674316,2.5199999809265137,2.5199999809265137,6000
2023-09-07,2.5799999237060547,2.619999885559082,2.490000009536743,2.5999999046325684,2.5999999046325684,2105000
2023-09-11,2.5799999237060547,2.5799999237060547,2.5799999237060547,2.5799999237060547,2.5799999237060547,0
2023-09-12,2.569999933242798,2.569999933242798,2.569999933242798,2.569999933242798,2.569999933242798,0
2023-09-13,2.559999942779541,2.559999942779541,2.4600000381469727,2.549999952316284,2.549999952316284,3000
2023-09-14,2.5399999618530273,2.5399999618530273,2.5399999618530273,2.5399999618530273,2.5399999618530273,0
2023-09-15,2.5299999713897705,2.5299999713897705,2.5299999713897705,2.5299999713897705,2.5299999713897705,0
2023-09-18,2.5199999809265137,2.5199999809265137,2.5199999809265137,2.5199999809265137,2.5199999809265137,0
2023-09-19,2.5,2.509999990463257,2.430000066757202,2.509999990463257,2.509999990463257,3000
2023-09-20,2.509999990463257,2.509999990463257,2.509999990463257,2.509999990463257,2.509999990463257,0
2023-09-21,2.5,2.5,2.5,2.5,2.5,0
2023-09-22,2.430000066757202,2.4700000286102295,2.299999952316284,2.380000114440918,2.380000114440918,19000
2023-09-25,2.5,2.5,2.5,2.5,2.5,1000
2023-09-26,2.490000009536743,2.490000009536743,2.490000009536743,2.490000009536743,2.490000009536743,0
2023-09-27,2.490000009536743,2.490000009536743,2.490000009536743,2.490000009536743,2.490000009536743,0
2023-09-28,2.359999895095825,2.4800000190734863,2.359999895095825,2.4800000190734863,2.4800000190734863,3000
2023-09-29,2.4700000286102295,2.4700000286102295,2.4700000286102295,2.4700000286102295,2.4700000286102295,0
2023-10-03,2.4600000381469727,2.4600000381469727,2.4600000381469727,2.4600000381469727,2.4600000381469727,0
2023-10-04,2.430000066757202,2.450000047683716,2.369999885559082,2.450000047683716,2.450000047683716,7000
2023-10-05,2.440000057220459,2.440000057220459,2.440000057220459,2.440000057220459,2.440000057220459,0
2023-10-06,2.3499999046325684,2.390000104904175,2.299999952316284,2.390000104904175,2.390000104904175,5000
2023-10-09,2.4200000762939453,2.4200000762939453,2.4200000762939453,2.4200000762939453,2.4200000762939453,1000
2023-10-10,2.299999952316284,2.4100000858306885,2.299999952316284,2.4100000858306885,2.4100000858306885,16000
2023-10-11,2.3299999237060547,2.369999885559082,2.200000047683716,2.369999885559082,2.369999885559082,14000
2023-10-12,2.5,2.5,2.5,2.4800000190734863,2.4800000190734863,1000
2023-10-13,2.5199999809265137,2.5199999809265137,2.5199999809265137,2.490000009536743,2.490000009536743,1000
2023-10-16,2.4800000190734863,2.4800000190734863,2.4800000190734863,2.4800000190734863,2.4800000190734863,0
2023-10-17,2.4800000190734863,2.490000009536743,2.2699999809265137,2.450000047683716,2.450000047683716,10000
2023-10-18,2.5299999713897705,2.5299999713897705,2.5299999713897705,2.5299999713897705,2.5299999713897705,1000
2023-10-19,2.509999990463257,2.509999990463257,2.509999990463257,2.509999990463257,2.509999990463257,0
2023-10-20,2.309999942779541,2.3499999046325684,2.2100000381469727,2.319999933242798,2.319999933242798,19000
2023-10-24,2.2799999713897705,2.2799999713897705,2.140000104904175,2.2799999713897705,2.2799999713897705,5000
2023-10-25,2.2899999618530273,2.309999942779541,2.140000104904175,2.309999942779541,2.309999942779541,2362000
2023-10-26,2.319999933242798,2.3299999237060547,2.200000047683716,2.309999942779541,2.309999942779541,27000
2023-10-27,2.309999942779541,2.319999933242798,2.2799999713897705,2.319999933242798,2.319999933242798,10000
2023-10-30,2.299999952316284,2.3299999237060547,2.259999990463257,2.3299999237060547,2.3299999237060547,10000
2023-10-31,2.3299999237060547,2.3299999237060547,2.3299999237060547,2.3299999237060547,2.3299999237060547,7000
2023-11-01,2.319999933242798,2.319999933242798,2.240000009536743,2.299999952316284,2.299999952316284,8000
2023-11-02,2.309999942779541,2.319999933242798,2.309999942779541,2.319999933242798,2.319999933242798,7000
2023-11-03,2.319999933242798,2.319999933242798,2.319999933242798,2.319999933242798,2.319999933242798,3000
2023-11-06,2.319999933242798,2.3299999237060547,2.299999952316284,2.319999933242798,2.319999933242798,13000
2023-11-07,2.319999933242798,2.3299999237060547,2.319999933242798,2.319999933242798,2.319999933242798,8000
2023-11-08,2.319999933242798,2.319999933242798,2.299999952316284,2.299999952316284,2.299999952316284,11000
2023-11-09,2.299999952316284,2.299999952316284,2.299999952316284,2.299999952316284,2.299999952316284,0
2023-11-10,2.309999942779541,2.309999942779541,2.299999952316284,2.299999952316284,2.299999952316284,3000
2023-11-13,2.299999952316284,2.299999952316284,2.299999952316284,2.299999952316284,2.299999952316284,2000
2023-11-14,2.299999952316284,2.299999952316284,2.299999952316284,2.299999952316284,2.299999952316284,0
2023-11-15,2.299999952316284,2.299999952316284,2.299999952316284,2.299999952316284,2.299999952316284,1000
2023-11-16,2.299999952316284,2.299999952316284,2.299999952316284,2.299999952316284,2.299999952316284,0
2023-11-17,2.299999952316284,2.390000104904175,2.299999952316284,2.390000104904175,2.390000104904175,11000
2023-11-20,2.390000104904175,2.390000104904175,2.390000104904175,2.390000104904175,2.390000104904175,1000
2023-11-21,2.390000104904175,2.390000104904175,2.390000104904175,2.390000104904175,2.390000104904175,0
2023-11-22,2.4000000953674316,2.4000000953674316,2.299999952316284,2.4000000953674316,2.4000000953674316,5000
2023-11-23,2.4000000953674316,2.4000000953674316,2.4000000953674316,2.4000000953674316,2.4000000953674316,0
2023-11-24,2.4100000858306885,2.4100000858306885,2.4100000858306885,2.4100000858306885,2.4100000858306885,1000
2023-11-27,2.4100000858306885,2.4100000858306885,2.4100000858306885,2.4100000858306885,2.4100000858306885,0
2023-11-28,2.4100000858306885,2.4100000858306885,2.4100000858306885,2.4100000858306885,2.4100000858306885,0
2023-11-29,2.4200000762939453,2.4200000762939453,2.4200000762939453,2.4200000762939453,2.4200000762939453,3000
2023-11-30,2.4200000762939453,2.4200000762939453,2.4200000762939453,2.4200000762939453,2.4200000762939453,0
2023-12-01,2.4200000762939453,2.4200000762939453,2.4200000762939453,2.4200000762939453,2.4200000762939453,1000
2023-12-04,2.490000009536743,2.490000009536743,2.490000009536743,2.490000009536743,2.490000009536743,2000
2023-12-05,2.490000009536743,2.490000009536743,2.490000009536743,2.490000009536743,2.490000009536743,0
2023-12-06,2.490000009536743,2.490000009536743,2.490000009536743,2.490000009536743,2.490000009536743,0
2023-12-07,2.299999952316284,2.490000009536743,2.299999952316284,2.490000009536743,2.490000009536743,2000
2023-12-08,2.490000009536743,2.490000009536743,2.490000009536743,2.490000009536743,2.490000009536743,0
2023-12-11,2.490000009536743,2.490000009536743,2.490000009536743,2.490000009536743,2.490000009536743,0
2023-12-12,2.490000009536743,2.5,2.490000009536743,2.490000009536743,2.490000009536743,4000
2023-12-13,2.490000009536743,2.490000009536743,2.490000009536743,2.490000009536743,2.490000009536743,0
2023-12-14,2.5,2.5999999046325684,2.5,2.5799999237060547,2.5799999237060547,5000
2023-12-15,2.5799999237060547,2.5799999237060547,2.5799999237060547,2.5799999237060547,2.5799999237060547,0
2023-12-18,2.5799999237060547,2.5799999237060547,2.5799999237060547,2.5799999237060547,2.5799999237060547,0
2023-12-19,2.5799999237060547,2.5799999237060547,2.5799999237060547,2.5799999237060547,2.5799999237060547,0
2023-12-20,2.5799999237060547,2.5799999237060547,2.5799999237060547,2.5799999237060547,2.5799999237060547,0
2023-12-21,2.5799999237060547,2.5799999237060547,2.5799999237060547,2.5799999237060547,2.5799999237060547,0
2023-12-22,2.569999933242798,2.569999933242798,2.569999933242798,2.569999933242798,2.569999933242798,0
2023-12-27,2.569999933242798,2.569999933242798,2.569999933242798,2.569999933242798,2.569999933242798,0
2023-12-28,2.2699999809265137,2.2699999809265137,2.2699999809265137,2.2699999809265137,2.2699999809265137,1000
2023-12-29,2.2799999713897705,2.490000009536743,2.299999952316284,2.299999952316284,2.299999952316284,7000
2024-01-02,2.4000000953674316,2.4000000953674316,2.4000000953674316,2.4000000953674316,2.4000000953674316,0
2024-01-03,2.1500000953674316,2.450000047683716,2.1500000953674316,2.4000000953674316,2.4000000953674316,2000
2024-01-04,2.4000000953674316,2.4000000953674316,2.4000000953674316,2.4000000953674316,2.4000000953674316,0
2024-01-05,2.390000104904175,2.450000047683716,2.390000104904175,2.450000047683716,2.450000047683716,5000
2024-01-08,2.450000047683716,2.450000047683716,2.450000047683716,2.450000047683716,2.450000047683716,0
2024-01-09,2.240000009536743,2.430000066757202,2.240000009536743,2.4200000762939453,2.4200000762939453,3000
2024-01-10,2.4000000953674316,2.4000000953674316,2.4000000953674316,2.4000000953674316,2.4000000953674316,0
2024-01-11,2.390000104904175,2.390000104904175,2.390000104904175,2.390000104904175,2.390000104904175,0
2024-01-12,2.380000114440918,2.380000114440918,2.380000114440918,2.380000114440918,2.380000114440918,0
2024-01-15,2.380000114440918,2.380000114440918,2.380000114440918,2.380000114440918,2.380000114440918,0
2024-01-16,2.369999885559082,2.369999885559082,2.369999885559082,2.369999885559082,2.369999885559082,0
2024-01-17,2.369999885559082,2.369999885559082,2.369999885559082,2.369999885559082,2.369999885559082,0
2024-01-18,2.25,2.25,2.0,2.069999933242798,2.069999933242798,16000
2024-01-19,2.069999933242798,2.200000047683716,2.069999933242798,2.0899999141693115,2.0899999141693115,3000
2024-01-22,2.0,2.0,2.0,2.0,2.0,0
2024-01-23,2.200000047683716,2.200000047683716,2.0,2.0,2.0,2000
2024-01-24,2.0,2.0,2.0,2.0,2.0,0
2024-01-25,2.0,2.0,2.0,2.0,2.0,0
2024-01-26,2.0,2.0,2.0,2.0,2.0,0
2024-01-29,2.299999952316284,2.299999952316284,2.299999952316284,2.299999952316284,2.299999952316284,1000
2024-01-30,2.4000000953674316,2.4000000953674316,2.4000000953674316,2.4000000953674316,2.4000000953674316,1000
2024-01-31,2.4000000953674316,2.4000000953674316,2.4000000953674316,2.4000000953674316,2.4000000953674316,0
2024-02-01,2.390000104904175,2.390000104904175,2.390000104904175,2.390000104904175,2.390000104904175,0
2024-02-02,1.2100000381469727,2.299999952316284,1.2100000381469727,2.299999952316284,2.299999952316284,9000
2024-02-05,2.299999952316284,2.299999952316284,2.299999952316284,2.299999952316284,2.299999952316284,4000
2024-02-06,2.299999952316284,2.299999952316284,2.299999952316284,2.299999952316284,2.299999952316284,0
2024-02-07,2.0,2.0,2.0,2.0,2.0,0
2024-02-08,2.0,2.0,2.0,2.0,2.0,0
2024-02-09,2.0,2.0,2.0,2.0,2.0,0
2024-02-14,2.200000047683716,2.200000047683716,2.200000047683716,2.200000047683716,2.200000047683716,0
2024-02-15,2.200000047683716,2.200000047683716,2.200000047683716,2.200000047683716,2.200000047683716,0
2024-02-16,2.2899999618530273,2.2899999618530273,2.2899999618530273,2.2899999618530273,2.2899999618530273,0
2024-02-19,2.0,2.0,2.0,2.0,2.0,0
2024-02-20,2.0,2.0,2.0,2.0,2.0,0
2024-02-21,2.0,2.0,2.0,2.0,2.0,0
2024-02-22,2.0,2.0,2.0,2.0,2.0,0
2024-02-23,2.0,2.0,2.0,2.0,2.0,0
2024-02-26,2.0,2.0,2.0,2.0,2.0,0
2024-02-27,2.0,2.0,2.0,2.0,2.0,0
2024-02-28,2.0,2.0,2.0,2.0,2.0,0
2024-02-29,1.9800000190734863,1.9900000095367432,1.9800000190734863,1.9900000095367432,1.9900000095367432,2000
2024-03-01,1.9900000095367432,1.9900000095367432,1.9900000095367432,1.9900000095367432,1.9900000095367432,0
2024-03-04,1.9900000095367432,1.9900000095367432,1.9900000095367432,1.9900000095367432,1.9900000095367432,0
2024-03-05,1.9900000095367432,1.9900000095367432,1.9900000095367432,1.9900000095367432,1.9900000095367432,0
2024-03-06,1.9900000095367432,1.9900000095367432,1.9900000095367432,1.9900000095367432,1.9900000095367432,0
2024-03-07,1.9900000095367432,1.9900000095367432,1.9900000095367432,1.9900000095367432,1.9900000095367432,0
2024-03-08,1.9900000095367432,1.9900000095367432,1.9900000095367432,1.9900000095367432,1.9900000095367432,0
2024-03-11,1.9900000095367432,1.9900000095367432,1.9900000095367432,1.9900000095367432,1.9900000095367432,0
2024-03-12,1.9900000095367432,1.9900000095367432,1.9900000095367432,1.9900000095367432,1.9900000095367432,0
2024-03-13,1.9900000095367432,1.9900000095367432,1.9900000095367432,1.9900000095367432,1.9900000095367432,0
2024-03-14,1.9900000095367432,1.9900000095367432,1.9900000095367432,1.9900000095367432,1.9900000095367432,0
2024-03-15,1.899999976158142,1.899999976158142,1.899999976158142,1.899999976158142,1.899999976158142,0
2024-03-18,1.899999976158142,1.899999976158142,1.899999976158142,1.899999976158142,1.899999976158142,0
2024-03-19,1.850000023841858,1.850000023841858,1.850000023841858,1.850000023841858,1.850000023841858,2000
2024-03-20,1.7899999618530273,1.9800000190734863,1.7899999618530273,1.9800000190734863,1.9800000190734863,21000
2024-03-21,1.8200000524520874,1.8200000524520874,1.7899999618530273,1.7899999618530273,1.7899999618530273,3000
2024-03-22,1.7899999618530273,1.7899999618530273,1.7899999618530273,1.7899999618530273,1.7899999618530273,0
2024-03-25,1.7899999618530273,1.7899999618530273,1.7899999618530273,1.7899999618530273,1.7899999618530273,0
2024-03-26,1.8200000524520874,1.8200000524520874,1.7100000381469727,1.7799999713897705,1.7799999713897705,6000
2024-03-27,1.7799999713897705,1.7799999713897705,1.7799999713897705,1.7799999713897705,1.7799999713897705,3000
2024-03-28,2.0,2.0,2.0,2.0,2.0,3781000
2024-04-02,1.9900000095367432,2.0,1.7699999809265137,1.9800000190734863,1.9800000190734863,5992000
2024-04-03,1.9800000190734863,1.9800000190734863,1.9800000190734863,1.9800000190734863,1.9800000190734863,0
2024-04-05,1.9800000190734863,1.9800000190734863,1.9800000190734863,1.9800000190734863,1.9800000190734863,0
2024-04-08,1.9800000190734863,1.9800000190734863,1.9800000190734863,1.9800000190734863,1.9800000190734863,0
2024-04-09,1.9800000190734863,1.9800000190734863,1.9800000190734863,1.9800000190734863,1.9800000190734863,0
2024-04-10,1.9700000286102295,1.9700000286102295,1.9700000286102295,1.9700000286102295,1.9700000286102295,0
2024-04-11,1.9700000286102295,1.9700000286102295,1.9700000286102295,1.9700000286102295,1.9700000286102295,0
2024-04-12,1.9700000286102295,1.9700000286102295,1.9700000286102295,1.9700000286102295,1.9700000286102295,0
2024-04-15,1.9700000286102295,1.9700000286102295,1.9700000286102295,1.9700000286102295,1.9700000286102295,0
2024-04-16,1.9700000286102295,1.9700000286102295,1.9700000286102295,1.9700000286102295,1.9700000286102295,0
2024-04-17,1.9600000381469727,1.9600000381469727,1.9600000381469727,1.9600000381469727,1.9600000381469727,0
2024-04-18,1.9600000381469727,1.9600000381469727,1.9600000381469727,1.9600000381469727,1.9600000381469727,0
2024-04-19,1.9600000381469727,1.9600000381469727,1.9600000381469727,1.9600000381469727,1.9600000381469727,0
2024-04-22,1.9600000381469727,1.9600000381469727,1.9600000381469727,1.9600000381469727,1.9600000381469727,0
2024-04-23,1.9500000476837158,1.9500000476837158,1.9500000476837158,1.9500000476837158,1.9500000476837158,0
2024-04-24,1.9500000476837158,1.9500000476837158,1.9500000476837158,1.9500000476837158,1.9500000476837158,0
2024-04-25,1.940000057220459,1.940000057220459,1.940000057220459,1.940000057220459,1.940000057220459,2000
2024-04-26,1.940000057220459,1.940000057220459,1.940000057220459,1.940000057220459,1.940000057220459,0
2024-04-29,1.940000057220459,1.940000057220459,1.940000057220459,1.940000057220459,1.940000057220459,0
2024-04-30,1.940000057220459,1.940000057220459,1.940000057220459,1.940000057220459,1.940000057220459,0
2024-05-02,1.940000057220459,1.940000057220459,1.940000057220459,1.940000057220459,1.940000057220459,0
2024-05-03,1.8899999856948853,1.899999976158142,1.8899999856948853,1.899999976158142,1.899999976158142,4000
2024-05-06,1.899999976158142,1.899999976158142,1.899999976158142,1.899999976158142,1.899999976158142,0
2024-05-07,1.899999976158142,1.899999976158142,1.899999976158142,1.899999976158142,1.899999976158142,0
2024-05-08,1.899999976158142,1.899999976158142,1.899999976158142,1.899999976158142,1.899999976158142,0
2024-05-09,1.899999976158142,1.899999976158142,1.899999976158142,1.899999976158142,1.899999976158142,0
2024-05-10,1.899999976158142,1.899999976158142,1.899999976158142,1.899999976158142,1.899999976158142,0
2024-05-13,1.899999976158142,1.899999976158142,1.899999976158142,1.899999976158142,1.899999976158142,0
2024-05-14,1.899999976158142,1.899999976158142,1.899999976158142,1.899999976158142,1.899999976158142,0
2024-05-16,1.899999976158142,1.9500000476837158,1.8899999856948853,1.9500000476837158,1.9500000476837158,4305000
2024-05-17,1.9500000476837158,1.9500000476837158,1.9500000476837158,1.9500000476837158,1.9500000476837158,0
2024-05-20,1.7100000381469727,1.9199999570846558,1.7100000381469727,1.9199999570846558,1.9199999570846558,25000
2024-05-21,1.8899999856948853,1.8899999856948853,1.8899999856948853,1.8899999856948853,1.8899999856948853,0
2024-05-22,1.8799999952316284,1.8799999952316284,1.8799999952316284,1.8799999952316284,1.8799999952316284,0
2024-05-23,1.8700000047683716,1.8700000047683716,1.8700000047683716,1.8700000047683716,1.8700000047683716,0
2024-05-24,1.8700000047683716,1.8700000047683716,1.8700000047683716,1.8700000047683716,1.8700000047683716,0
2024-05-27,1.8700000047683716,1.8700000047683716,1.8700000047683716,1.8700000047683716,1.8700000047683716,0
2024-05-28,1.6799999475479126,1.8200000524520874,1.6799999475479126,1.8200000524520874,1.8200000524520874,13000
2024-05-29,1.7000000476837158,1.899999976158142,1.7000000476837158,1.809999942779541,1.809999942779541,19000
2024-05-30,1.809999942779541,1.9900000095367432,1.7699999809265137,1.899999976158142,1.899999976158142,5435000
2024-05-31,1.9199999570846558,1.9199999570846558,1.9199999570846558,1.9199999570846558,1.9199999570846558,0
2024-06-03,1.7999999523162842,1.7999999523162842,1.7999999523162842,1.7999999523162842,1.7999999523162842,0
2024-06-04,1.7899999618530273,1.7899999618530273,1.7899999618530273,1.7899999618530273,1.7899999618530273,0
2024-06-05,1.7599999904632568,1.7999999523162842,1.7200000286102295,1.7999999523162842,1.7999999523162842,16000
2024-06-06,1.840000033378601,1.840000033378601,1.840000033378601,1.840000033378601,1.840000033378601,0
2024-06-07,1.8300000429153442,1.8300000429153442,1.8300000429153442,1.8300000429153442,1.8300000429153442,0
2024-06-11,1.7100000381469727,1.7200000286102295,1.7100000381469727,1.7200000286102295,1.7200000286102295,3000
2024-06-12,1.7000000476837158,1.7799999713897705,1.7000000476837158,1.7000000476837158,1.7000000476837158,4000
2024-06-13,1.7000000476837158,1.7000000476837158,1.7000000476837158,1.7000000476837158,1.7000000476837158,0
2024-06-14,1.7000000476837158,1.7000000476837158,1.7000000476837158,1.7000000476837158,1.7000000476837158,0
2024-06-17,1.7000000476837158,1.7000000476837158,1.7000000476837158,1.7000000476837158,1.7000000476837158,0
2024-06-18,1.7400000095367432,1.7400000095367432,1.7400000095367432,1.7400000095367432,1.7400000095367432,1000
2024-06-19,1.7400000095367432,1.7400000095367432,1.7400000095367432,1.7400000095367432,1.7400000095367432,0
2024-06-20,1.7000000476837158,1.7000000476837158,1.7000000476837158,1.7000000476837158,1.7000000476837158,0
2024-06-21,1.7000000476837158,1.7000000476837158,1.7000000476837158,1.7000000476837158,1.7000000476837158,0
2024-06-24,1.6699999570846558,1.7000000476837158,1.6699999570846558,1.7000000476837158,1.7000000476837158,3000
2024-06-25,1.7000000476837158,1.7000000476837158,1.7000000476837158,1.7000000476837158,1.7000000476837158,0
2024-06-26,1.7000000476837158,1.7000000476837158,1.7000000476837158,1.7000000476837158,1.7000000476837158,0
2024-06-27,1.7000000476837158,1.7000000476837158,1.7000000476837158,1.7000000476837158,1.7000000476837158,0
2024-06-28,1.7000000476837158,1.7000000476837158,1.7000000476837158,1.7000000476837158,1.7000000476837158,0
2024-07-02,1.7000000476837158,1.7000000476837158,1.7000000476837158,1.7000000476837158,1.7000000476837158,0
2024-07-03,1.7000000476837158,1.7000000476837158,1.7000000476837158,1.7000000476837158,1.7000000476837158,0
2024-07-04,1.690000057220459,1.75,1.690000057220459,1.75,1.75,5000
2024-07-08,1.690000057220459,1.690000057220459,1.690000057220459,1.690000057220459,1.690000057220459,0
2024-07-09,1.600000023841858,1.690000057220459,1.600000023841858,1.75,1.75,4000
2024-07-10,1.75,1.75,1.75,1.75,1.75,0
2024-07-11,1.5099999904632568,1.7000000476837158,1.5099999904632568,1.7000000476837158,1.7000000476837158,11000
2024-07-12,1.5700000524520874,1.690000057220459,1.5700000524520874,1.649999976158142,1.649999976158142,12000
2024-07-15,1.5399999618530273,1.850000023841858,1.5399999618530273,1.600000023841858,1.600000023841858,42000
2024-07-16,1.8300000429153442,1.8300000429153442,1.6100000143051147,1.8200000524520874,1.8200000524520874,17000
2024-07-17,1.8200000524520874,1.8200000524520874,1.8200000524520874,1.8200000524520874,1.8200000524520874,0
2024-07-18,1.8200000524520874,1.8200000524520874,1.8200000524520874,1.8200000524520874,1.8200000524520874,0
2024-07-19,1.8200000524520874,1.8200000524520874,1.8200000524520874,1.8200000524520874,1.8200000524520874,0
2024-07-22,1.899999976158142,1.899999976158142,1.899999976158142,1.899999976158142,1.899999976158142,1000
2024-07-23,1.899999976158142,1.899999976158142,1.899999976158142,1.899999976158142,1.899999976158142,0
2024-07-24,1.899999976158142,1.899999976158142,1.899999976158142,1.899999976158142,1.899999976158142,0
2024-07-25,1.899999976158142,1.899999976158142,1.899999976158142,1.899999976158142,1.899999976158142,0
2024-07-26,1.690000057220459,1.690000057220459,1.690000057220459,1.690000057220459,1.690000057220459,0
2024-07-29,1.690000057220459,1.690000057220459,1.690000057220459,1.690000057220459,1.690000057220459,0
2024-07-30,1.6299999952316284,1.8700000047683716,1.6299999952316284,1.6299999952316284,1.6299999952316284,4000
2024-07-31,1.7699999809265137,1.7699999809265137,1.7699999809265137,1.7699999809265137,1.7699999809265137,0
2024-08-01,1.7699999809265137,1.7699999809265137,1.7699999809265137,1.7699999809265137,1.7699999809265137,0
2024-08-02,1.7599999904632568,1.7599999904632568,1.7599999904632568,1.7599999904632568,1.7599999904632568,0
2024-08-05,1.7400000095367432,1.7400000095367432,1.7400000095367432,1.7400000095367432,1.7400000095367432,0
2024-08-06,1.7400000095367432,1.7400000095367432,1.7400000095367432,1.7400000095367432,1.7400000095367432,0
2024-08-07,1.7200000286102295,1.7200000286102295,1.7200000286102295,1.7200000286102295,1.7200000286102295,0
2024-08-08,1.690000057220459,1.690000057220459,1.690000057220459,1.690000057220459,1.690000057220459,0
2024-08-09,1.690000057220459,1.690000057220459,1.690000057220459,1.690000057220459,1.690000057220459,0
2024-08-12,1.690000057220459,1.690000057220459,1.690000057220459,1.690000057220459,1.690000057220459,0
2024-08-13,1.6299999952316284,1.8200000524520874,1.600000023841858,1.7200000286102295,1.7200000286102295,20000
2024-08-14,1.7300000190734863,1.7300000190734863,1.7300000190734863,1.7300000190734863,1.7300000190734863,0
2024-08-15,1.6100000143051147,1.7100000381469727,1.5099999904632568,1.5299999713897705,1.5299999713897705,47000
2024-08-16,1.5199999809265137,1.6699999570846558,1.5199999809265137,1.6399999856948853,1.6399999856948853,31000
2024-08-19,1.600000023841858,1.6699999570846558,1.600000023841858,1.6699999570846558,1.6699999570846558,6000
2024-08-20,1.6699999570846558,1.6699999570846558,1.6699999570846558,1.6699999570846558,1.6699999570846558,0
2024-08-21,1.559999942779541,1.7200000286102295,1.559999942779541,1.649999976158142,1.649999976158142,7000
2024-08-22,1.649999976158142,1.649999976158142,1.649999976158142,1.649999976158142,1.649999976158142,0
2024-08-23,1.6399999856948853,1.6399999856948853,1.6399999856948853,1.6399999856948853,1.6399999856948853,0
2024-08-26,1.6399999856948853,1.6399999856948853,1.6399999856948853,1.6399999856948853,1.6399999856948853,0
2024-08-27,1.559999942779541,1.6699999570846558,1.559999942779541,1.6699999570846558,1.6699999570846558,3000
2024-08-28,1.6699999570846558,1.6699999570846558,1.6699999570846558,1.6699999570846558,1.6699999570846558,0
2024-08-29,1.6699999570846558,1.6699999570846558,1.6699999570846558,1.6699999570846558,1.6699999570846558,0
2024-08-30,1.6699999570846558,1.6699999570846558,1.6699999570846558,1.6699999570846558,1.6699999570846558,0
2024-09-02,1.6699999570846558,1.6699999570846558,1.6699999570846558,1.6699999570846558,1.6699999570846558,0
2024-09-03,1.6299999952316284,1.6299999952316284,1.6299999952316284,1.6299999952316284,1.6299999952316284,0
2024-09-04,1.6299999952316284,1.6299999952316284,1.6299999952316284,1.6299999952316284,1.6299999952316284,0
2024-09-05,1.6299999952316284,1.6299999952316284,1.6299999952316284,1.6299999952316284,1.6299999952316284,0
2024-09-09,1.6299999952316284,1.6299999952316284,1.6299999952316284,1.6299999952316284,1.6299999952316284,0
2024-09-10,1.6200000047683716,1.6200000047683716,1.6200000047683716,1.6200000047683716,1.6200000047683716,0
2024-09-11,1.5700000524520874,1.6100000143051147,1.5700000524520874,1.6100000143051147,1.6100000143051147,2000
2024-09-12,1.600000023841858,1.600000023841858,1.600000023841858,1.600000023841858,1.600000023841858,0
2024-09-13,1.600000023841858,1.600000023841858,1.600000023841858,1.600000023841858,1.600000023841858,0
2024-09-16,1.600000023841858,1.600000023841858,1.600000023841858,1.600000023841858,1.600000023841858,0
2024-09-17,1.600000023841858,1.600000023841858,1.600000023841858,1.600000023841858,1.600000023841858,0
2024-09-19,1.600000023841858,1.600000023841858,1.600000023841858,1.600000023841858,1.600000023841858,0
2024-09-20,1.600000023841858,1.600000023841858,1.600000023841858,1.600000023841858,1.600000023841858,0
2024-09-23,1.600000023841858,1.600000023841858,1.600000023841858,1.600000023841858,1.600000023841858,0
2024-09-24,1.600000023841858,1.600000023841858,1.600000023841858,1.600000023841858,1.600000023841858,0
2024-09-25,1.6100000143051147,1.6100000143051147,1.6100000143051147,1.6100000143051147,1.6100000143051147,0
2024-09-26,1.6100000143051147,1.6100000143051147,1.6100000143051147,1.6100000143051147,1.6100000143051147,0
2024-09-27,1.6100000143051147,1.6100000143051147,1.6100000143051147,1.6100000143051147,1.6100000143051147,0
2024-09-30,1.5,1.6100000143051147,1.5,1.649999976158142,1.649999976158142,8000
2024-10-02,1.600000023841858,1.600000023841858,1.559999942779541,1.5700000524520874,1.5700000524520874,5000
2024-10-03,1.5499999523162842,1.6399999856948853,1.5299999713897705,1.6399999856948853,1.6399999856948853,5000
2024-10-04,1.6399999856948853,1.6399999856948853,1.6399999856948853,1.6399999856948853,1.6399999856948853,0
2024-10-07,1.6399999856948853,1.6399999856948853,1.6399999856948853,1.6399999856948853,1.6399999856948853,0
2024-10-08,1.600000023841858,1.600000023841858,1.600000023841858,1.600000023841858,1.600000023841858,0
2024-10-09,1.5399999618530273,1.600000023841858,1.5399999618530273,1.600000023841858,1.600000023841858,5000
