Date,Open,High,Low,Close,Adj Close,Volume
2003-12-23,0.3916659951210022,0.49583300948143005,0.3916659951210022,0.4749999940395355,0.25358396768569946,4916436000
2003-12-24,0.4833329916000366,0.5,0.4708330035209656,0.5,0.266930490732193,1192546800
2003-12-25,0.5,0.5,0.5,0.5,0.266930490732193,0
2003-12-26,0.5,0.5,0.5,0.5,0.266930490732193,0
2003-12-29,0.5,0.5291659832000732,0.4791660010814667,0.5291659832000732,0.28250113129615784,965220000
2003-12-30,0.5416659712791443,0.5666660070419312,0.5,0.5041660070419312,0.2691546678543091,1289904000
2003-12-31,0.5041660070419312,0.5291659832000732,0.4916659891605377,0.512499988079071,0.2736038565635681,448896000
2004-01-01,0.512499988079071,0.512499988079071,0.512499988079071,0.512499988079071,0.2736038565635681,0
2004-01-02,0.5208330154418945,0.5333330035209656,0.5041660070419312,0.5166659951210022,0.27582788467407227,487692000
2004-01-05,0.5208330154418945,0.5249999761581421,0.5,0.512499988079071,0.2736038565635681,440292000
2004-01-06,0.5249999761581421,0.5249999761581421,0.5,0.5041660070419312,0.2691546678543091,353976000
2004-01-07,0.5041660070419312,0.5333330035209656,0.5,0.5166659951210022,0.27582788467407227,380940000
2004-01-08,0.5166659951210022,0.5249999761581421,0.5041660070419312,0.5166659951210022,0.27582788467407227,205632000
2004-01-09,0.5166659951210022,0.5208330154418945,0.4916659891605377,0.49583300948143005,0.26470592617988586,228180000
2004-01-12,0.49583300948143005,0.49583300948143005,0.4625000059604645,0.46666601300239563,0.24913479387760162,261768000
2004-01-13,0.46666601300239563,0.4708330035209656,0.42500001192092896,0.44999998807907104,0.2402375191450119,310536000
2004-01-14,0.4458329975605011,0.4833329916000366,0.4458329975605011,0.4833329916000366,0.2580326199531555,192768000
2004-01-15,0.4833329916000366,0.4916659891605377,0.46666601300239563,0.4708330035209656,0.2513594329357147,130128000
2004-01-16,0.4708330035209656,0.4708330035209656,0.44999998807907104,0.4625000059604645,0.24691081047058105,111048000
2004-01-19,0.45833298563957214,0.46666601300239563,0.44166600704193115,0.46666601300239563,0.24913479387760162,79440000
2004-01-20,0.4708330035209656,0.49583300948143005,0.46666601300239563,0.4916659891605377,0.26248136162757874,174672000
2004-01-21,0.4916659891605377,0.5,0.4916659891605377,0.5,0.266930490732193,84504000
2004-01-22,0.5,0.5,0.5,0.5,0.266930490732193,0
2004-01-23,0.5,0.5,0.5,0.5,0.266930490732193,0
2004-01-26,0.5041660070419312,0.5041660070419312,0.4791660010814667,0.48750001192092896,0.2602572739124298,95472000
2004-01-27,0.48750001192092896,0.48750001192092896,0.4708330035209656,0.4791660010814667,0.2558080852031708,42576000
2004-01-28,0.4791660010814667,0.4791660010814667,0.46666601300239563,0.46666601300239563,0.24913479387760162,35052000
2004-01-29,0.4625000059604645,0.4791660010814667,0.4541659951210022,0.4708330035209656,0.2513594329357147,60708000
2004-01-30,0.46666601300239563,0.4708330035209656,0.45833298563957214,0.45833298563957214,0.24468612670898438,49236000
2004-02-02,0.4541659951210022,0.4541659951210022,0.44166600704193115,0.44166600704193115,0.2357882261276245,79164000
2004-02-03,0.44166600704193115,0.45833298563957214,0.4291659891605377,0.45833298563957214,0.24468612670898438,46092000
2004-02-04,0.45833298563957214,0.45833298563957214,0.44166600704193115,0.44999998807907104,0.2402375191450119,37848000
2004-02-05,0.4541659951210022,0.4541659951210022,0.4375,0.44166600704193115,0.2357882261276245,35592000
2004-02-06,0.4458329975605011,0.4541659951210022,0.4375,0.44999998807907104,0.2402375191450119,39672000
2004-02-09,0.45833298563957214,0.46666601300239563,0.45833298563957214,0.46666601300239563,0.24913479387760162,46980000
2004-02-10,0.46666601300239563,0.4708330035209656,0.4541659951210022,0.4541659951210022,0.24246154725551605,48204000
2004-02-11,0.4625000059604645,0.4791660010814667,0.45833298563957214,0.46666601300239563,0.24913479387760162,102816000
2004-02-12,0.46666601300239563,0.4708330035209656,0.45833298563957214,0.4625000059604645,0.24691081047058105,35448000
2004-02-13,0.48750001192092896,0.4916659891605377,0.4791660010814667,0.4833329916000366,0.2580326199531555,223320000
2004-02-16,0.49583300948143005,0.5041660070419312,0.48750001192092896,0.49583300948143005,0.26470592617988586,158016000
2004-02-17,0.5,0.5,0.48750001192092896,0.4916659891605377,0.26248136162757874,65088000
2004-02-18,0.5,0.5,0.48750001192092896,0.48750001192092896,0.2602572739124298,78720000
2004-02-19,0.48750001192092896,0.4916659891605377,0.4749999940395355,0.4749999940395355,0.25358396768569946,35544000
2004-02-20,0.4749999940395355,0.4833329916000366,0.4708330035209656,0.4708330035209656,0.2513594329357147,36048000
2004-02-23,0.4708330035209656,0.4791660010814667,0.4625000059604645,0.4749999940395355,0.25358396768569946,49008000
2004-02-24,0.4749999940395355,0.4749999940395355,0.4708330035209656,0.4708330035209656,0.2513594329357147,36192000
2004-02-25,0.4708330035209656,0.4749999940395355,0.45833298563957214,0.4625000059604645,0.24691081047058105,36744000
2004-02-26,0.4625000059604645,0.4749999940395355,0.45833298563957214,0.4625000059604645,0.24691081047058105,33912000
2004-02-27,0.46666601300239563,0.4791660010814667,0.4625000059604645,0.4749999940395355,0.25358396768569946,74652000
2004-03-01,0.4708330035209656,0.4749999940395355,0.4625000059604645,0.4625000059604645,0.24691081047058105,40800000
2004-03-02,0.4708330035209656,0.4791660010814667,0.4625000059604645,0.4749999940395355,0.25358396768569946,75000000
2004-03-03,0.4708330035209656,0.4749999940395355,0.4625000059604645,0.4708330035209656,0.2513594329357147,27624000
2004-03-04,0.4708330035209656,0.4708330035209656,0.4625000059604645,0.4708330035209656,0.2513594329357147,59016000
2004-03-05,0.4708330035209656,0.4749999940395355,0.46666601300239563,0.46666601300239563,0.24913479387760162,43944000
2004-03-08,0.4749999940395355,0.4749999940395355,0.45833298563957214,0.45833298563957214,0.24468612670898438,75528000
2004-03-09,0.46666601300239563,0.46666601300239563,0.4541659951210022,0.4541659951210022,0.24246154725551605,51504000
2004-03-10,0.4541659951210022,0.4541659951210022,0.4375,0.4375,0.23356425762176514,81024000
2004-03-11,0.4375,0.4375,0.4166660010814667,0.4208329916000366,0.22466637194156647,175224000
2004-03-12,0.4166660010814667,0.43333300948143005,0.4000000059604645,0.43333300948143005,0.23133961856365204,83256000
2004-03-15,0.4375,0.4458329975605011,0.43333300948143005,0.4458329975605011,0.2380128800868988,66216000
2004-03-16,0.4375,0.4458329975605011,0.43333300948143005,0.4458329975605011,0.2380128800868988,31752000
2004-03-17,0.4458329975605011,0.4458329975605011,0.4375,0.44166600704193115,0.2357882261276245,24240000
2004-03-18,0.4458329975605011,0.4458329975605011,0.4208329916000366,0.42500001192092896,0.22689096629619598,58512012
2004-03-19,0.43333300948143005,0.43333300948143005,0.4208329916000366,0.4291659891605377,0.22911494970321655,64512000
2004-03-22,0.4208329916000366,0.4208329916000366,0.4124999940395355,0.4166660010814667,0.22244174778461456,20184000
2004-03-23,0.4208329916000366,0.4375,0.4166660010814667,0.4291659891605377,0.22911494970321655,47640000
2004-03-24,0.43333300948143005,0.44166600704193115,0.43333300948143005,0.44166600704193115,0.2357882261276245,29304000
2004-03-25,0.4458329975605011,0.4458329975605011,0.4291659891605377,0.4375,0.23356425762176514,23592000
2004-03-26,0.44166600704193115,0.44166600704193115,0.4291659891605377,0.4375,0.23356425762176514,35688000
2004-03-29,0.4375,0.4375,0.4291659891605377,0.43333300948143005,0.23133961856365204,12096000
2004-03-30,0.4291659891605377,0.4375,0.4291659891605377,0.43333300948143005,0.23133961856365204,12840000
2004-03-31,0.4375,0.4791660010814667,0.43333300948143005,0.4708330035209656,0.2513594329357147,93096000
2004-04-01,0.4708330035209656,0.4749999940395355,0.44999998807907104,0.4625000059604645,0.24691081047058105,40130484
2004-04-02,0.4625000059604645,0.4791660010814667,0.4625000059604645,0.4708330035209656,0.2513594329357147,143784000
2004-04-05,0.4708330035209656,0.4708330035209656,0.4708330035209656,0.4708330035209656,0.2513594329357147,0
2004-04-06,0.5375000238418579,0.5375000238418579,0.5,0.5249999761581421,0.2802771031856537,383892000
2004-04-07,0.5249999761581421,0.5291659832000732,0.5166659951210022,0.5208330154418945,0.2780524790287018,174552000
2004-04-08,0.5208330154418945,0.5291659832000732,0.5166659951210022,0.5249999761581421,0.2802771031856537,117540000
2004-04-09,0.5249999761581421,0.5249999761581421,0.5249999761581421,0.5249999761581421,0.2802771031856537,0
2004-04-12,0.5249999761581421,0.5249999761581421,0.5249999761581421,0.5249999761581421,0.2802771031856537,0
2004-04-13,0.5416659712791443,0.5416659712791443,0.5208330154418945,0.5333330035209656,0.28472569584846497,119964000
2004-04-14,0.5208330154418945,0.5249999761581421,0.48750001192092896,0.49583300948143005,0.26470592617988586,163776000
2004-04-15,0.4916659891605377,0.5,0.48750001192092896,0.4916659891605377,0.26248136162757874,88824000
2004-04-16,0.49583300948143005,0.512499988079071,0.4916659891605377,0.5041660070419312,0.2691546678543091,53052000
2004-04-19,0.5083330273628235,0.512499988079071,0.4916659891605377,0.4916659891605377,0.26248136162757874,55848000
2004-04-20,0.5,0.5041660070419312,0.4625000059604645,0.4708330035209656,0.2513594329357147,104424000
2004-04-21,0.4625000059604645,0.4625000059604645,0.4375,0.44166600704193115,0.2357882261276245,107208000
2004-04-22,0.4541659951210022,0.45833298563957214,0.4208329916000366,0.4291659891605377,0.22911494970321655,91584000
2004-04-23,0.44999998807907104,0.4625000059604645,0.4375,0.45833298563957214,0.24468612670898438,94080000
2004-04-26,0.45833298563957214,0.45833298563957214,0.4208329916000366,0.44166600704193115,0.2423991858959198,22380000
2004-04-27,0.44999998807907104,0.4708330035209656,0.44166600704193115,0.45833298563957214,0.25154656171798706,30036000
2004-04-28,0.45833298563957214,0.46666601300239563,0.4541659951210022,0.4541659951210022,0.2492595613002777,15408000
2004-04-29,0.43333300948143005,0.43333300948143005,0.4166660010814667,0.4291659891605377,0.2355388104915619,33210000
2004-04-30,0.4166660010814667,0.4291659891605377,0.4124999940395355,0.42500001192092896,0.2332524210214615,23292000
2004-05-03,0.4166660010814667,0.44166600704193115,0.4166660010814667,0.42500001192092896,0.2332524210214615,6036000
2004-05-04,0.42500001192092896,0.4458329975605011,0.42500001192092896,0.44166600704193115,0.2423991858959198,11220000
2004-05-05,0.44166600704193115,0.4541659951210022,0.4375,0.44999998807907104,0.24697312712669373,37524000
2004-05-06,0.4541659951210022,0.46666601300239563,0.44999998807907104,0.4625000059604645,0.253833532333374,37152000
2004-05-07,0.4625000059604645,0.4625000059604645,0.4458329975605011,0.44999998807907104,0.24697312712669373,9672000
2004-05-10,0.4208329916000366,0.43333300948143005,0.4166660010814667,0.4208329916000366,0.23096542060375214,38352000
2004-05-11,0.4208329916000366,0.4291659891605377,0.4124999940395355,0.42500001192092896,0.2332524210214615,10176000
2004-05-12,0.43333300948143005,0.44166600704193115,0.42500001192092896,0.4291659891605377,0.2355388104915619,14460000
2004-05-13,0.43333300948143005,0.43333300948143005,0.4124999940395355,0.4208329916000366,0.23096542060375214,19380000
2004-05-14,0.42500001192092896,0.42500001192092896,0.40416601300239563,0.4083330035209656,0.22410506010055542,15480000
2004-05-17,0.4083330035209656,0.4083330035209656,0.33333298563957214,0.36250001192092896,0.19895054399967194,65352000
2004-05-18,0.3583329916000366,0.37916600704193115,0.3499999940395355,0.3583329916000366,0.19666357338428497,22428000
2004-05-19,0.36250001192092896,0.3833329975605011,0.36250001192092896,0.375,0.20581090450286865,41196000
2004-05-20,0.375,0.39583298563957214,0.3666659891605377,0.3916659951210022,0.21495778858661652,28032000
2004-05-21,0.3916659951210022,0.4083330035209656,0.3833329975605011,0.4000000059604645,0.21953168511390686,12984000
2004-05-24,0.4124999940395355,0.4124999940395355,0.3916659951210022,0.40416601300239563,0.22181811928749084,21381600
2004-05-25,0.40416601300239563,0.4083330035209656,0.3916659951210022,0.39583298563957214,0.2172447144985199,12084000
2004-05-26,0.39583298563957214,0.39583298563957214,0.39583298563957214,0.39583298563957214,0.2172447144985199,0
2004-05-27,0.4166660010814667,0.43333300948143005,0.4083330035209656,0.4291659891605377,0.2355388104915619,40128000
2004-05-28,0.4375,0.4625000059604645,0.4375,0.4375,0.2401127964258194,78780000
2004-05-31,0.4375,0.44999998807907104,0.4166660010814667,0.4375,0.2401127964258194,12102666
2004-06-01,0.4458329975605011,0.4458329975605011,0.4208329916000366,0.4208329916000366,0.23096542060375214,15129600
2004-06-02,0.42500001192092896,0.4375,0.42500001192092896,0.4291659891605377,0.2355388104915619,11148000
2004-06-03,0.4375,0.4375,0.4000000059604645,0.4124999940395355,0.22639204561710358,21780000
2004-06-04,0.4083330035209656,0.4208329916000366,0.4083330035209656,0.4166660010814667,0.22867846488952637,6648000
2004-06-07,0.42500001192092896,0.44999998807907104,0.42500001192092896,0.4458329975605011,0.24468612670898438,24000000
2004-06-08,0.4458329975605011,0.44999998807907104,0.43333300948143005,0.4375,0.2401127964258194,9036000
2004-06-09,0.4375,0.4375,0.4291659891605377,0.4375,0.2401127964258194,5256000
2004-06-10,0.4375,0.4375,0.42500001192092896,0.4291659891605377,0.2355388104915619,4416000
2004-06-11,0.43333300948143005,0.43333300948143005,0.4291659891605377,0.43333300948143005,0.23782579600811005,6258000
2004-06-14,0.44166600704193115,0.44166600704193115,0.4166660010814667,0.42500001192092896,0.2332524210214615,10668000
2004-06-15,0.4208329916000366,0.42500001192092896,0.4124999940395355,0.42500001192092896,0.2332524210214615,7608000
2004-06-16,0.42500001192092896,0.43333300948143005,0.42500001192092896,0.4291659891605377,0.2355388104915619,7716000
2004-06-17,0.4291659891605377,0.4291659891605377,0.4124999940395355,0.4208329916000366,0.23096542060375214,10872000
2004-06-18,0.4166660010814667,0.4166660010814667,0.3916659951210022,0.4000000059604645,0.21953168511390686,22212000
2004-06-21,0.4000000059604645,0.4124999940395355,0.39583298563957214,0.4083330035209656,0.22410506010055542,5676000
2004-06-22,0.4083330035209656,0.4083330035209656,0.4083330035209656,0.4083330035209656,0.22410506010055542,0
2004-06-23,0.4083330035209656,0.4208329916000366,0.4083330035209656,0.4166660010814667,0.22867846488952637,7692000
2004-06-24,0.4166660010814667,0.4458329975605011,0.4166660010814667,0.4458329975605011,0.24468612670898438,38160000
2004-06-25,0.44999998807907104,0.44999998807907104,0.42500001192092896,0.43333300948143005,0.23782579600811005,22992000
2004-06-28,0.4291659891605377,0.43333300948143005,0.4208329916000366,0.43333300948143005,0.23782579600811005,21156000
2004-06-29,0.4291659891605377,0.44166600704193115,0.42500001192092896,0.4375,0.2401127964258194,22440000
2004-06-30,0.44166600704193115,0.44166600704193115,0.43333300948143005,0.44166600704193115,0.2423991858959198,45469200
2004-07-01,0.44166600704193115,0.44166600704193115,0.44166600704193115,0.44166600704193115,0.2423991858959198,0
2004-07-02,0.44166600704193115,0.44166600704193115,0.4291659891605377,0.4375,0.2401127964258194,19812000
2004-07-05,0.4375,0.4375,0.4375,0.4375,0.2401127964258194,0
2004-07-06,0.44166600704193115,0.44166600704193115,0.4291659891605377,0.43333300948143005,0.23782579600811005,35628600
2004-07-07,0.43333300948143005,0.4375,0.42500001192092896,0.4291659891605377,0.2355388104915619,47508000
2004-07-08,0.44166600704193115,0.4458329975605011,0.4291659891605377,0.4375,0.2401127964258194,48180000
2004-07-09,0.4375,0.45833298563957214,0.4375,0.4541659951210022,0.2492595613002777,70476000
2004-07-12,0.45833298563957214,0.45833298563957214,0.4375,0.44999998807907104,0.24697312712669373,14988000
2004-07-13,0.44999998807907104,0.44999998807907104,0.43333300948143005,0.4375,0.2401127964258194,25264200
2004-07-14,0.4458329975605011,0.4458329975605011,0.42500001192092896,0.43333300948143005,0.23782579600811005,8196000
2004-07-15,0.43333300948143005,0.43333300948143005,0.4208329916000366,0.42500001192092896,0.2332524210214615,5832000
2004-07-16,0.42500001192092896,0.43333300948143005,0.42500001192092896,0.43333300948143005,0.23782579600811005,2136000
2004-07-19,0.4375,0.4458329975605011,0.43333300948143005,0.44166600704193115,0.2423991858959198,37437000
2004-07-20,0.4375,0.4375,0.42500001192092896,0.4375,0.2401127964258194,32952000
2004-07-21,0.44166600704193115,0.44166600704193115,0.4291659891605377,0.4291659891605377,0.2355388104915619,11520000
2004-07-22,0.4291659891605377,0.43333300948143005,0.42500001192092896,0.42500001192092896,0.2332524210214615,13428000
2004-07-23,0.42500001192092896,0.42500001192092896,0.4166660010814667,0.42500001192092896,0.2332524210214615,13260000
2004-07-26,0.4166660010814667,0.4208329916000366,0.4124999940395355,0.4166660010814667,0.22867846488952637,8964000
2004-07-27,0.4166660010814667,0.4208329916000366,0.4124999940395355,0.4166660010814667,0.22867846488952637,11532000
2004-07-28,0.4166660010814667,0.42500001192092896,0.4124999940395355,0.4124999940395355,0.22639204561710358,9384000
2004-07-29,0.4124999940395355,0.4166660010814667,0.40416601300239563,0.4083330035209656,0.22410506010055542,22932000
2004-07-30,0.4166660010814667,0.4166660010814667,0.4083330035209656,0.4083330035209656,0.22410506010055542,6096000
2004-08-02,0.4166660010814667,0.4166660010814667,0.4000000059604645,0.4000000059604645,0.21953168511390686,32076000
2004-08-03,0.4083330035209656,0.4083330035209656,0.3833329975605011,0.39583298563957214,0.2172447144985199,23868000
2004-08-04,0.3916659951210022,0.3916659951210022,0.37916600704193115,0.38749998807907104,0.21267125010490417,21480000
2004-08-05,0.38749998807907104,0.39583298563957214,0.3833329975605011,0.38749998807907104,0.21267125010490417,17532000
2004-08-06,0.38749998807907104,0.38749998807907104,0.37916600704193115,0.3833329975605011,0.2103842943906784,17736000
2004-08-09,0.3833329975605011,0.3916659951210022,0.3833329975605011,0.3916659951210022,0.21495778858661652,10392000
2004-08-10,0.3916659951210022,0.39583298563957214,0.3833329975605011,0.3833329975605011,0.2103842943906784,7896000
2004-08-11,0.3833329975605011,0.3916659951210022,0.375,0.37916600704193115,0.20809729397296906,15444000
2004-08-12,0.375,0.37916600704193115,0.3666659891605377,0.375,0.20581090450286865,22512000
2004-08-13,0.375,0.375,0.3666659891605377,0.375,0.20581090450286865,24432000
2004-08-16,0.3666659891605377,0.37083300948143005,0.3666659891605377,0.37083300948143005,0.20352399349212646,7500000
2004-08-17,0.375,0.37916600704193115,0.37083300948143005,0.37083300948143005,0.20352399349212646,6876000
2004-08-18,0.375,0.375,0.37083300948143005,0.375,0.20581090450286865,11772000
2004-08-19,0.3833329975605011,0.39583298563957214,0.37916600704193115,0.38749998807907104,0.21267125010490417,24720000
2004-08-20,0.39583298563957214,0.4083330035209656,0.3916659951210022,0.40416601300239563,0.22181811928749084,33648000
2004-08-23,0.4166660010814667,0.4291659891605377,0.4083330035209656,0.4124999940395355,0.22639204561710358,35665200
2004-08-24,0.4083330035209656,0.4083330035209656,0.3833329975605011,0.3916659951210022,0.21495778858661652,27312000
2004-08-25,0.39583298563957214,0.40416601300239563,0.3916659951210022,0.39583298563957214,0.2172447144985199,40692000
2004-08-26,0.4000000059604645,0.40416601300239563,0.3916659951210022,0.4000000059604645,0.21953168511390686,14628000
2004-08-27,0.4083330035209656,0.4083330035209656,0.3916659951210022,0.4000000059604645,0.21953168511390686,7740000
2004-08-30,0.4000000059604645,0.40416601300239563,0.38749998807907104,0.4000000059604645,0.21953168511390686,6000000
2004-08-31,0.4000000059604645,0.4000000059604645,0.3916659951210022,0.3916659951210022,0.21495778858661652,5412000
2004-09-01,0.4000000059604645,0.40416601300239563,0.3916659951210022,0.4000000059604645,0.21953168511390686,20052000
2004-09-02,0.4000000059604645,0.4000000059604645,0.3916659951210022,0.39583298563957214,0.2172447144985199,6828000
2004-09-03,0.4000000059604645,0.4000000059604645,0.38749998807907104,0.39583298563957214,0.2172447144985199,7452000
2004-09-06,0.38749998807907104,0.39583298563957214,0.38749998807907104,0.39583298563957214,0.2172447144985199,8304000
2004-09-07,0.39583298563957214,0.39583298563957214,0.38749998807907104,0.38749998807907104,0.21267125010490417,23052000
2004-09-08,0.3916659951210022,0.40416601300239563,0.3916659951210022,0.4000000059604645,0.21953168511390686,28944000
2004-09-09,0.39583298563957214,0.39583298563957214,0.38749998807907104,0.38749998807907104,0.21267125010490417,10620000
2004-09-10,0.3916659951210022,0.39583298563957214,0.38749998807907104,0.3916659951210022,0.21495778858661652,5616000
2004-09-13,0.39583298563957214,0.39583298563957214,0.38749998807907104,0.38749998807907104,0.21267125010490417,9492000
2004-09-14,0.39583298563957214,0.39583298563957214,0.3916659951210022,0.39583298563957214,0.2172447144985199,15072000
2004-09-15,0.39583298563957214,0.4083330035209656,0.3916659951210022,0.4000000059604645,0.21953168511390686,35400000
2004-09-16,0.4000000059604645,0.4166660010814667,0.4000000059604645,0.4166660010814667,0.22867846488952637,41028000
2004-09-17,0.4166660010814667,0.42500001192092896,0.4166660010814667,0.42500001192092896,0.2332524210214615,50160000
2004-09-20,0.4291659891605377,0.4375,0.4124999940395355,0.4375,0.2401127964258194,87264000
2004-09-21,0.4375,0.4375,0.42500001192092896,0.4375,0.2401127964258194,46068000
2004-09-22,0.43333300948143005,0.44999998807907104,0.43333300948143005,0.43333300948143005,0.23782579600811005,69744000
2004-09-23,0.43333300948143005,0.4458329975605011,0.42500001192092896,0.4458329975605011,0.24468612670898438,36092400
2004-09-24,0.44166600704193115,0.4458329975605011,0.43333300948143005,0.44166600704193115,0.2423991858959198,32484000
2004-09-27,0.44166600704193115,0.44166600704193115,0.42500001192092896,0.4375,0.2401127964258194,8952000
2004-09-28,0.4375,0.4375,0.4208329916000366,0.42500001192092896,0.2332524210214615,14196000
2004-09-29,0.42500001192092896,0.42500001192092896,0.42500001192092896,0.42500001192092896,0.2332524210214615,0
2004-09-30,0.42500001192092896,0.4375,0.42500001192092896,0.43333300948143005,0.23782579600811005,30981000
2004-10-01,0.43333300948143005,0.43333300948143005,0.43333300948143005,0.43333300948143005,0.23782579600811005,0
2004-10-04,0.4458329975605011,0.4458329975605011,0.4375,0.4375,0.2401127964258194,51450000
2004-10-05,0.44166600704193115,0.44166600704193115,0.43333300948143005,0.43333300948143005,0.23782579600811005,31428000
2004-10-06,0.44166600704193115,0.44166600704193115,0.4291659891605377,0.4291659891605377,0.2355388104915619,26160000
2004-10-07,0.43333300948143005,0.45833298563957214,0.4291659891605377,0.45833298563957214,0.25154656171798706,72900000
2004-10-08,0.4541659951210022,0.4749999940395355,0.44999998807907104,0.4708330035209656,0.2584068477153778,193656000
2004-10-11,0.4749999940395355,0.49583300948143005,0.4708330035209656,0.48750001192092896,0.26755422353744507,180012000
2004-10-12,0.4916659891605377,0.4916659891605377,0.4708330035209656,0.4791660010814667,0.26298028230667114,79476000
2004-10-13,0.4833329916000366,0.4833329916000366,0.44999998807907104,0.44999998807907104,0.24697312712669373,64800000
2004-10-14,0.44999998807907104,0.45833298563957214,0.4208329916000366,0.4541659951210022,0.2492595613002777,56844000
2004-10-15,0.44999998807907104,0.46666601300239563,0.44166600704193115,0.4625000059604645,0.253833532333374,21408000
2004-10-18,0.4625000059604645,0.46666601300239563,0.4541659951210022,0.46666601300239563,0.2561199367046356,15660000
2004-10-19,0.46666601300239563,0.46666601300239563,0.45833298563957214,0.4625000059604645,0.253833532333374,11856000
2004-10-20,0.46666601300239563,0.4749999940395355,0.4541659951210022,0.4749999940395355,0.2606937885284424,48732000
2004-10-21,0.4749999940395355,0.5041660070419312,0.4749999940395355,0.5041660070419312,0.2767010033130646,273900000
2004-10-22,0.5041660070419312,0.5041660070419312,0.5041660070419312,0.5041660070419312,0.2767010033130646,0
2004-10-25,0.49583300948143005,0.5,0.48750001192092896,0.49583300948143005,0.272127628326416,102444000
2004-10-26,0.5,0.5166659951210022,0.4916659891605377,0.5166659951210022,0.2835613489151001,115080000
2004-10-27,0.5166659951210022,0.5166659951210022,0.5041660070419312,0.512499988079071,0.2812749743461609,44568000
2004-10-28,0.5083330273628235,0.5083330273628235,0.48750001192092896,0.49583300948143005,0.272127628326416,57720000
2004-10-29,0.4791660010814667,0.5041660070419312,0.4749999940395355,0.5041660070419312,0.2767010033130646,31764000
2004-11-01,0.5,0.5083330273628235,0.5,0.5041660070419312,0.2767010033130646,31644000
2004-11-02,0.5,0.5041660070419312,0.4916659891605377,0.49583300948143005,0.272127628326416,40740000
2004-11-03,0.4916659891605377,0.4916659891605377,0.4749999940395355,0.4749999940395355,0.2606937885284424,39312000
2004-11-04,0.48750001192092896,0.49583300948143005,0.4833329916000366,0.4833329916000366,0.26526719331741333,24408000
2004-11-05,0.4916659891605377,0.5041660070419312,0.4916659891605377,0.5,0.2744145691394806,40188000
2004-11-08,0.512499988079071,0.5166659951210022,0.5041660070419312,0.5041660070419312,0.2767010033130646,52560000
2004-11-09,0.5083330273628235,0.512499988079071,0.49583300948143005,0.5041660070419312,0.2767010033130646,45756000
2004-11-10,0.5083330273628235,0.512499988079071,0.5,0.5083330273628235,0.27898794412612915,27696000
2004-11-11,0.5083330273628235,0.512499988079071,0.5041660070419312,0.512499988079071,0.2812749743461609,64668000
2004-11-12,0.5166659951210022,0.5333330035209656,0.512499988079071,0.5249999761581421,0.288135290145874,161652000
2004-11-15,0.5333330035209656,0.5583329796791077,0.5333330035209656,0.550000011920929,0.30185598134994507,137700000
2004-11-16,0.550000011920929,0.5583329796791077,0.5375000238418579,0.5416659712791443,0.2972820997238159,74922000
2004-11-17,0.550000011920929,0.5833330154418945,0.5458329916000366,0.5791659951210022,0.31786322593688965,154560000
2004-11-18,0.5916659832000732,0.6000000238418579,0.5874999761581421,0.6000000238418579,0.3292975127696991,123696000
2004-11-19,0.5916659832000732,0.5958330035209656,0.5791659951210022,0.5916659832000732,0.3247235417366028,60024000
2004-11-22,0.6041659712791443,0.6083329916000366,0.5958330035209656,0.6083329916000366,0.33387091755867004,45324000
2004-11-23,0.6083329916000366,0.6333330273628235,0.6083329916000366,0.6291660070419312,0.34530457854270935,58692000
2004-11-24,0.6333330273628235,0.6416659951210022,0.625,0.625,0.34301817417144775,61512000
2004-11-25,0.625,0.6333330273628235,0.6041659712791443,0.6083329916000366,0.33387091755867004,30372000
2004-11-26,0.6166660189628601,0.6333330273628235,0.6166660189628601,0.6291660070419312,0.34530457854270935,46236000
2004-11-29,0.6333330273628235,0.6458330154418945,0.625,0.6291660070419312,0.34530457854270935,58980000
2004-11-30,0.6291660070419312,0.6333330273628235,0.6041659712791443,0.612500011920929,0.336157888174057,62148000
2004-12-01,0.6083329916000366,0.6083329916000366,0.5833330154418945,0.5916659832000732,0.3247235417366028,93564000
2004-12-02,0.6000000238418579,0.625,0.6000000238418579,0.625,0.34301817417144775,64920000
2004-12-03,0.6083329916000366,0.6083329916000366,0.5833330154418945,0.6000000238418579,0.3292975127696991,63661800
2004-12-06,0.6083329916000366,0.612500011920929,0.6000000238418579,0.6000000238418579,0.3292975127696991,23078400
2004-12-07,0.6000000238418579,0.6041659712791443,0.5791659951210022,0.5874999761581421,0.3224371373653412,54384000
2004-12-08,0.5833330154418945,0.5833330154418945,0.5416659712791443,0.5458329916000366,0.2995690703392029,86328000
2004-12-09,0.5375000238418579,0.5625,0.5333330035209656,0.5541660189628601,0.30414247512817383,54252000
2004-12-10,0.550000011920929,0.5541660189628601,0.5416659712791443,0.5458329916000366,0.2995690703392029,24900000
2004-12-13,0.5458329916000366,0.5666660070419312,0.5416659712791443,0.5583329796791077,0.3064294755458832,30276000
2004-12-14,0.5666660070419312,0.574999988079071,0.5541660189628601,0.5541660189628601,0.30414247512817383,40764000
2004-12-15,0.5625,0.5625,0.5541660189628601,0.5625,0.30871644616127014,22326000
2004-12-16,0.5708330273628235,0.5958330035209656,0.5666660070419312,0.5958330035209656,0.32701051235198975,271524000
2004-12-17,0.5958330035209656,0.5958330035209656,0.574999988079071,0.5833330154418945,0.320150226354599,29964000
2004-12-20,0.5833330154418945,0.5916659832000732,0.5708330273628235,0.5916659832000732,0.3247235417366028,22536000
2004-12-21,0.5958330035209656,0.5958330035209656,0.5791659951210022,0.5874999761581421,0.3224371373653412,19326000
2004-12-22,0.5916659832000732,0.5958330035209656,0.5833330154418945,0.5916659832000732,0.3247235417366028,30303612
2004-12-23,0.5916659832000732,0.6000000238418579,0.5833330154418945,0.5916659832000732,0.3247235417366028,17316000
2004-12-24,0.5916659832000732,0.6000000238418579,0.5874999761581421,0.5958330035209656,0.32701051235198975,12024000
2004-12-27,0.5958330035209656,0.5958330035209656,0.5958330035209656,0.5958330035209656,0.32701051235198975,0
2004-12-28,0.6000000238418579,0.6083329916000366,0.6000000238418579,0.6041659712791443,0.3315839171409607,22440000
2004-12-29,0.6083329916000366,0.6083329916000366,0.5874999761581421,0.5874999761581421,0.3224371373653412,18816000
2004-12-30,0.5916659832000732,0.5916659832000732,0.5708330273628235,0.574999988079071,0.3155767619609833,30936000
2004-12-31,0.5874999761581421,0.5874999761581421,0.5791659951210022,0.5874999761581421,0.3224371373653412,10476000
2005-01-03,0.5874999761581421,0.5874999761581421,0.5666660070419312,0.574999988079071,0.3155767619609833,14052000
2005-01-04,0.5625,0.5625,0.5416659712791443,0.5416659712791443,0.2972820997238159,67164000
2005-01-05,0.5333330035209656,0.5333330035209656,0.5,0.5083330273628235,0.27898794412612915,109020000
2005-01-06,0.5,0.5166659951210022,0.48750001192092896,0.5041660070419312,0.2767010033130646,63876000
2005-01-07,0.5041660070419312,0.5166659951210022,0.48750001192092896,0.512499988079071,0.2812749743461609,37104000
2005-01-10,0.5083330273628235,0.5166659951210022,0.5,0.512499988079071,0.2812749743461609,50340000
2005-01-11,0.512499988079071,0.5416659712791443,0.512499988079071,0.5375000238418579,0.29499563574790955,58896000
2005-01-12,0.5416659712791443,0.5458329916000366,0.5249999761581421,0.5291659832000732,0.29042166471481323,21864000
2005-01-13,0.5416659712791443,0.5458329916000366,0.5291659832000732,0.5333330035209656,0.29270872473716736,30192000
2005-01-14,0.5333330035209656,0.5333330035209656,0.512499988079071,0.5166659951210022,0.2835613489151001,29616000
2005-01-17,0.5249999761581421,0.5249999761581421,0.512499988079071,0.5249999761581421,0.288135290145874,8592000
2005-01-18,0.5249999761581421,0.5249999761581421,0.5166659951210022,0.5208330154418945,0.28584831953048706,10200000
2005-01-19,0.5249999761581421,0.5291659832000732,0.5208330154418945,0.5291659832000732,0.29042166471481323,10296000
2005-01-20,0.5291659832000732,0.5291659832000732,0.5166659951210022,0.5208330154418945,0.28584831953048706,6084000
2005-01-21,0.5208330154418945,0.5208330154418945,0.5083330273628235,0.5166659951210022,0.2835613489151001,14688000
2005-01-24,0.5249999761581421,0.5249999761581421,0.5166659951210022,0.5249999761581421,0.288135290145874,30852000
2005-01-25,0.5249999761581421,0.5625,0.5249999761581421,0.5583329796791077,0.3064294755458832,54516000
2005-01-26,0.550000011920929,0.5541660189628601,0.5416659712791443,0.5458329916000366,0.2995690703392029,12222000
2005-01-27,0.550000011920929,0.5708330273628235,0.550000011920929,0.5666660070419312,0.31100282073020935,43212000
2005-01-28,0.5708330273628235,0.5708330273628235,0.550000011920929,0.5541660189628601,0.30414247512817383,48444000
2005-01-31,0.5583329796791077,0.5708330273628235,0.5541660189628601,0.5708330273628235,0.3132898509502411,20508000
2005-02-01,0.5666660070419312,0.5708330273628235,0.5583329796791077,0.5666660070419312,0.31100282073020935,26808000
2005-02-02,0.5666660070419312,0.5708330273628235,0.5583329796791077,0.5666660070419312,0.31100282073020935,20970000
2005-02-03,0.5708330273628235,0.5708330273628235,0.5583329796791077,0.5666660070419312,0.31100282073020935,42612000
2005-02-04,0.5541660189628601,0.5625,0.550000011920929,0.5583329796791077,0.3064294755458832,19068000
2005-02-07,0.550000011920929,0.5625,0.5291659832000732,0.550000011920929,0.30185598134994507,12576000
2005-02-08,0.550000011920929,0.550000011920929,0.5458329916000366,0.5458329916000366,0.2995690703392029,4224000
2005-02-14,0.5625,0.5708330273628235,0.5625,0.5708330273628235,0.3132898509502411,30600000
2005-02-15,0.574999988079071,0.5874999761581421,0.5708330273628235,0.5874999761581421,0.3224371373653412,61219284
2005-02-16,0.5874999761581421,0.5874999761581421,0.5791659951210022,0.5791659951210022,0.31786322593688965,21018000
2005-02-17,0.5833330154418945,0.5833330154418945,0.5583329796791077,0.5666660070419312,0.31100282073020935,33696000
2005-02-18,0.5666660070419312,0.5708330273628235,0.5625,0.5625,0.30871644616127014,12912000
2005-02-21,0.5666660070419312,0.5708330273628235,0.5625,0.5666660070419312,0.31100282073020935,12960000
2005-02-22,0.5666660070419312,0.574999988079071,0.5666660070419312,0.574999988079071,0.3155767619609833,23148000
2005-02-23,0.5958330035209656,0.5958330035209656,0.5791659951210022,0.5916659832000732,0.3247235417366028,76980000
2005-02-24,0.5916659832000732,0.5916659832000732,0.5833330154418945,0.5874999761581421,0.3224371373653412,22242000
2005-02-25,0.574999988079071,0.5874999761581421,0.574999988079071,0.5833330154418945,0.320150226354599,33816000
2005-02-28,0.5916659832000732,0.6000000238418579,0.5916659832000732,0.6000000238418579,0.3292975127696991,28296000
2005-03-01,0.5958330035209656,0.6000000238418579,0.5916659832000732,0.6000000238418579,0.3292975127696991,30852000
2005-03-02,0.5958330035209656,0.5958330035209656,0.574999988079071,0.574999988079071,0.3155767619609833,13824000
2005-03-03,0.574999988079071,0.5833330154418945,0.5708330273628235,0.5833330154418945,0.320150226354599,6672000
2005-03-04,0.574999988079071,0.5833330154418945,0.550000011920929,0.5583329796791077,0.3064294755458832,16260000
2005-03-07,0.5666660070419312,0.5666660070419312,0.550000011920929,0.5583329796791077,0.3064294755458832,28584000
2005-03-08,0.5625,0.5625,0.5541660189628601,0.5583329796791077,0.3064294755458832,19738200
2005-03-09,0.5833330154418945,0.5833330154418945,0.5625,0.574999988079071,0.3155767619609833,146580000
2005-03-10,0.574999988079071,0.5874999761581421,0.5708330273628235,0.5874999761581421,0.3224371373653412,37914000
2005-03-11,0.5916659832000732,0.5958330035209656,0.5833330154418945,0.5916659832000732,0.3247235417366028,47004000
2005-03-14,0.5916659832000732,0.5958330035209656,0.5874999761581421,0.5916659832000732,0.3247235417366028,14463000
2005-03-15,0.5916659832000732,0.5916659832000732,0.574999988079071,0.5791659951210022,0.31786322593688965,15936000
2005-03-16,0.5833330154418945,0.5874999761581421,0.5708330273628235,0.5874999761581421,0.3224371373653412,13620000
2005-03-17,0.5874999761581421,0.5916659832000732,0.5791659951210022,0.5833330154418945,0.320150226354599,19764000
2005-03-18,0.5833330154418945,0.5833330154418945,0.5708330273628235,0.5708330273628235,0.3132898509502411,27828000
2005-03-21,0.5666660070419312,0.5791659951210022,0.5666660070419312,0.5708330273628235,0.3132898509502411,9780000
2005-03-22,0.5666660070419312,0.5666660070419312,0.5416659712791443,0.5541660189628601,0.30414247512817383,35616000
2005-03-23,0.5375000238418579,0.550000011920929,0.5291659832000732,0.5375000238418579,0.29499563574790955,28848000
2005-03-24,0.5333330035209656,0.5333330035209656,0.5249999761581421,0.5291659832000732,0.29042166471481323,23412000
2005-03-29,0.5333330035209656,0.5333330035209656,0.5249999761581421,0.5291659832000732,0.29042166471481323,13944000
2005-03-30,0.5249999761581421,0.5375000238418579,0.5166659951210022,0.5333330035209656,0.29270872473716736,32640000
2005-03-31,0.5333330035209656,0.5416659712791443,0.5291659832000732,0.5291659832000732,0.29042166471481323,6180000
2005-04-01,0.5291659832000732,0.5375000238418579,0.5249999761581421,0.5333330035209656,0.29270872473716736,27264000
2005-04-04,0.5333330035209656,0.5333330035209656,0.512499988079071,0.5166659951210022,0.2835613489151001,52803000
2005-04-06,0.5208330154418945,0.5416659712791443,0.5208330154418945,0.5208330154418945,0.28584831953048706,59640000
2005-04-07,0.5208330154418945,0.5333330035209656,0.5208330154418945,0.5333330035209656,0.29270872473716736,24540000
2005-04-08,0.5249999761581421,0.5333330035209656,0.5166659951210022,0.5333330035209656,0.29270872473716736,39576000
2005-04-11,0.5291659832000732,0.5375000238418579,0.5291659832000732,0.5291659832000732,0.29042166471481323,33924000
2005-04-12,0.5375000238418579,0.550000011920929,0.5333330035209656,0.5375000238418579,0.29499563574790955,49164000
2005-04-13,0.550000011920929,0.550000011920929,0.5416659712791443,0.5416659712791443,0.2972820997238159,12432858
2005-04-14,0.5458329916000366,0.5458329916000366,0.5333330035209656,0.5375000238418579,0.29499563574790955,18720000
2005-04-15,0.5249999761581421,0.5249999761581421,0.512499988079071,0.512499988079071,0.2812749743461609,79596000
2005-04-18,0.5,0.5041660070419312,0.4916659891605377,0.49583300948143005,0.272127628326416,101892000
2005-04-19,0.5083330273628235,0.5208330154418945,0.5083330273628235,0.5166659951210022,0.2835613489151001,26028000
2005-04-20,0.5291659832000732,0.5333330035209656,0.5249999761581421,0.5291659832000732,0.29042166471481323,25572000
2005-04-21,0.5291659832000732,0.5333330035209656,0.5208330154418945,0.5333330035209656,0.29270872473716736,19260000
2005-04-22,0.5416659712791443,0.5416659712791443,0.5333330035209656,0.5416659712791443,0.2972820997238159,18432000
2005-04-25,0.5458329916000366,0.550000011920929,0.5416659712791443,0.5458329916000366,0.2995690703392029,27396000
2005-04-26,0.5433329939842224,0.550000011920929,0.5366659760475159,0.550000011920929,0.31136345863342285,14322000
2005-04-27,0.5533329844474792,0.5733330249786377,0.550000011920929,0.5733330249786377,0.32457274198532104,27726000
2005-04-28,0.5733330249786377,0.5799999833106995,0.5533329844474792,0.5566660165786743,0.31513717770576477,22722000
2005-04-29,0.5566660165786743,0.5600000023841858,0.550000011920929,0.5533329844474792,0.3132503926753998,10710000
2005-05-03,0.550000011920929,0.5566660165786743,0.550000011920929,0.550000011920929,0.31136345863342285,3459000
2005-05-04,0.5533329844474792,0.5600000023841858,0.550000011920929,0.5600000023841858,0.3170246481895447,5196000
2005-05-05,0.5600000023841858,0.5733330249786377,0.5600000023841858,0.5699999928474426,0.3226858377456665,24846000
2005-05-06,0.5699999928474426,0.5733330249786377,0.5633329749107361,0.5666660070419312,0.320798397064209,17286000
2005-05-09,0.5666660070419312,0.5699999928474426,0.5566660165786743,0.5600000023841858,0.3170246481895447,9576000
2005-05-10,0.5600000023841858,0.5666660070419312,0.5566660165786743,0.5633329749107361,0.3189115524291992,3342000
2005-05-11,0.5666660070419312,0.5666660070419312,0.5533329844474792,0.5600000023841858,0.3170246481895447,1602000
2005-05-12,0.5600000023841858,0.5666660070419312,0.5566660165786743,0.5600000023841858,0.3170246481895447,5904000
2005-05-13,0.5600000023841858,0.5600000023841858,0.526665985584259,0.5299999713897705,0.30004116892814636,17898000
2005-05-17,0.5366659760475159,0.5366659760475159,0.4966660141944885,0.5066660046577454,0.28683149814605713,23556000
2005-05-18,0.5166659951210022,0.5233330130577087,0.4866659939289093,0.5033329725265503,0.28494465351104736,26748000
2005-05-19,0.5033329725265503,0.5166659951210022,0.5033329725265503,0.5133330225944519,0.2906057834625244,8370000
2005-05-20,0.5199999809265137,0.5199999809265137,0.5133330225944519,0.5133330225944519,0.2906057834625244,4194000
2005-05-23,0.5166659951210022,0.5166659951210022,0.5033329725265503,0.5099999904632568,0.2887188792228699,5238000
2005-05-24,0.5166659951210022,0.5166659951210022,0.5099999904632568,0.5133330225944519,0.2906057834625244,3146406
2005-05-25,0.5166659951210022,0.5166659951210022,0.5033329725265503,0.5033329725265503,0.28494465351104736,5748000
2005-05-26,0.5033329725265503,0.5199999809265137,0.5,0.5166659951210022,0.2924925982952118,9426000
2005-05-27,0.5199999809265137,0.5366659760475159,0.5199999809265137,0.5299999713897705,0.30004116892814636,25266000
2005-05-30,0.5333330035209656,0.5466660261154175,0.526665985584259,0.5433329939842224,0.30758917331695557,20250000
2005-05-31,0.5466660261154175,0.5466660261154175,0.5233330130577087,0.5299999713897705,0.30004116892814636,15648000
2005-06-01,0.5333330035209656,0.5400000214576721,0.5166659951210022,0.5366659760475159,0.30381494760513306,23364000
2005-06-02,0.5199999809265137,0.5366659760475159,0.5199999809265137,0.5366659760475159,0.30381494760513306,9276000
2005-06-03,0.5366659760475159,0.5366659760475159,0.5233330130577087,0.5299999713897705,0.30004116892814636,4260000
2005-06-06,0.5299999713897705,0.5400000214576721,0.526665985584259,0.5400000214576721,0.30570241808891296,11616000
2005-06-07,0.5433329939842224,0.5566660165786743,0.5433329939842224,0.5533329844474792,0.3132503926753998,35391000
2005-06-08,0.5533329844474792,0.576665997505188,0.5533329844474792,0.5733330249786377,0.32457274198532104,54373014
2005-06-09,0.5733330249786377,0.5799999833106995,0.5566660165786743,0.5566660165786743,0.31513717770576477,15573000
2005-06-10,0.5633329749107361,0.5633329749107361,0.5533329844474792,0.5533329844474792,0.3132503926753998,10422000
2005-06-13,0.5600000023841858,0.5633329749107361,0.5566660165786743,0.5633329749107361,0.3189115524291992,7241880
2005-06-14,0.5666660070419312,0.5833330154418945,0.5633329749107361,0.5799999833106995,0.32834696769714355,51456000
2005-06-15,0.576665997505188,0.5799999833106995,0.5633329749107361,0.5633329749107361,0.3189115524291992,11317500
2005-06-16,0.5733330249786377,0.5733330249786377,0.5633329749107361,0.5699999928474426,0.3226858377456665,5898000
2005-06-17,0.5866659879684448,0.6033329963684082,0.5799999833106995,0.5966659784317017,0.3377818465232849,100608030
2005-06-20,0.6033329963684082,0.6233329772949219,0.6000000238418579,0.6200000047683716,0.3509916365146637,45768000
2005-06-21,0.6233329772949219,0.6233329772949219,0.6033329963684082,0.6066660284996033,0.34344300627708435,23766000
2005-06-22,0.6166660189628601,0.6266660094261169,0.6100000143051147,0.6166660189628601,0.34910422563552856,25179000
2005-06-23,0.6200000047683716,0.6200000047683716,0.6033329963684082,0.6033329963684082,0.3415561020374298,9114000
2005-06-24,0.5933330059051514,0.6000000238418579,0.5866659879684448,0.6000000238418579,0.3396693170070648,67302000
2005-06-27,0.6033329963684082,0.6033329963684082,0.5899999737739563,0.5933330059051514,0.33589500188827515,28308000
2005-06-28,0.5933330059051514,0.5933330059051514,0.5733330249786377,0.576665997505188,0.3264595866203308,32276400
2005-06-29,0.5733330249786377,0.5733330249786377,0.5566660165786743,0.5600000023841858,0.3170246481895447,40002000
2005-06-30,0.5600000023841858,0.576665997505188,0.5600000023841858,0.576665997505188,0.3264595866203308,31998000
2005-07-04,0.5633329749107361,0.5633329749107361,0.5433329939842224,0.550000011920929,0.31136345863342285,38603100
2005-07-05,0.5433329939842224,0.5466660261154175,0.5333330035209656,0.5333330035209656,0.3019281029701233,43783920
2005-07-06,0.5333330035209656,0.5466660261154175,0.5333330035209656,0.5333330035209656,0.3019281029701233,25434000
2005-07-07,0.5366659760475159,0.5433329939842224,0.5299999713897705,0.5366659760475159,0.30381494760513306,19002000
2005-07-08,0.5400000214576721,0.550000011920929,0.5400000214576721,0.5433329939842224,0.30758917331695557,21276000
2005-07-11,0.5433329939842224,0.550000011920929,0.5433329939842224,0.5466660261154175,0.3094761073589325,11994000
2005-07-12,0.550000011920929,0.5566660165786743,0.550000011920929,0.550000011920929,0.31136345863342285,14088000
2005-07-13,0.550000011920929,0.5600000023841858,0.5466660261154175,0.5600000023841858,0.3170246481895447,28410000
2005-07-14,0.5600000023841858,0.5666660070419312,0.5533329844474792,0.5600000023841858,0.3170246481895447,35820000
2005-07-15,0.5600000023841858,0.5600000023841858,0.5466660261154175,0.5566660165786743,0.31513717770576477,12102000
2005-07-18,0.5566660165786743,0.5566660165786743,0.5466660261154175,0.5533329844474792,0.3132503926753998,14256000
2005-07-19,0.5533329844474792,0.5533329844474792,0.5433329939842224,0.5466660261154175,0.3094761073589325,10086000
2005-07-20,0.5466660261154175,0.5633329749107361,0.5433329939842224,0.5466660261154175,0.3094761073589325,33042000
2005-07-21,0.5533329844474792,0.5633329749107361,0.550000011920929,0.5600000023841858,0.3170246481895447,23907240
2005-07-22,0.5699999928474426,0.5866659879684448,0.5699999928474426,0.5799999833106995,0.32834696769714355,85560000
2005-07-25,0.5866659879684448,0.5866659879684448,0.5633329749107361,0.5699999928474426,0.3226858377456665,76194000
2005-07-26,0.5600000023841858,0.5666660070419312,0.5533329844474792,0.5533329844474792,0.3132503926753998,15882000
2005-07-27,0.5533329844474792,0.5566660165786743,0.5433329939842224,0.5466660261154175,0.3094761073589325,34722000
2005-07-28,0.5566660165786743,0.5566660165786743,0.5366659760475159,0.550000011920929,0.31136345863342285,46644000
2005-07-29,0.5533329844474792,0.5566660165786743,0.5433329939842224,0.550000011920929,0.31136345863342285,34097880
2005-08-01,0.550000011920929,0.550000011920929,0.5433329939842224,0.5466660261154175,0.3094761073589325,26214000
2005-08-02,0.550000011920929,0.5566660165786743,0.5466660261154175,0.550000011920929,0.31136345863342285,81174000
2005-08-03,0.5566660165786743,0.5699999928474426,0.550000011920929,0.5666660070419312,0.320798397064209,93486000
2005-08-04,0.5699999928474426,0.576665997505188,0.5600000023841858,0.5633329749107361,0.3189115524291992,57192000
2005-08-05,0.5666660070419312,0.5699999928474426,0.5600000023841858,0.5666660070419312,0.320798397064209,44466000
2005-08-08,0.5733330249786377,0.5933330059051514,0.5733330249786377,0.5933330059051514,0.33589500188827515,92178000
2005-08-09,0.5966659784317017,0.6000000238418579,0.5866659879684448,0.5899999737739563,0.33400818705558777,51720000
2005-08-10,0.5866659879684448,0.5899999737739563,0.5666660070419312,0.5733330249786377,0.32457274198532104,22074000
2005-08-11,0.5799999833106995,0.5833330154418945,0.576665997505188,0.5833330154418945,0.3302339017391205,62058000
2005-08-12,0.5966659784317017,0.6466659903526306,0.5966659784317017,0.6433330178260803,0.3642008304595947,301992000
2005-08-15,0.6433330178260803,0.6833329796791077,0.6399999856948853,0.675000011920929,0.3821278512477875,140670000
2005-08-16,0.6666659712791443,0.675000011920929,0.6433330178260803,0.675000011920929,0.3821278512477875,89190000
2005-08-17,0.675000011920929,0.6916660070419312,0.6666659712791443,0.6833329796791077,0.3868454098701477,64494000
2005-08-18,0.6666659712791443,0.675000011920929,0.6466659903526306,0.6499999761581421,0.36797502636909485,122196000
2005-08-19,0.6399999856948853,0.663332998752594,0.6299999952316284,0.6499999761581421,0.36797502636909485,56424000
2005-08-22,0.6533330082893372,0.675000011920929,0.6533330082893372,0.675000011920929,0.3821278512477875,25098000
2005-08-23,0.675000011920929,0.675000011920929,0.6600000262260437,0.6666659712791443,0.37740999460220337,26028000
2005-08-24,0.663332998752594,0.6666659712791443,0.6533330082893372,0.663332998752594,0.3755231499671936,32121000
2005-08-25,0.6600000262260437,0.663332998752594,0.6466659903526306,0.6499999761581421,0.36797502636909485,18180000
2005-08-26,0.6566659808158875,0.6600000262260437,0.6366659998893738,0.6499999761581421,0.36797502636909485,19644000
2005-08-29,0.6533330082893372,0.6533330082893372,0.6433330178260803,0.6466659903526306,0.3660876452922821,8130000
2005-08-30,0.6466659903526306,0.6533330082893372,0.6433330178260803,0.6499999761581421,0.36797502636909485,19002000
2005-08-31,0.6433330178260803,0.6433330178260803,0.6100000143051147,0.6166660189628601,0.34910422563552856,72969000
2005-09-01,0.6200000047683716,0.6433330178260803,0.6166660189628601,0.6433330178260803,0.3642008304595947,16776000
2005-09-02,0.6600000262260437,0.6833329796791077,0.6600000262260437,0.675000011920929,0.3821278512477875,57168000
2005-09-05,0.6833329796791077,0.699999988079071,0.6833329796791077,0.6916660070419312,0.39156287908554077,33378000
2005-09-06,0.699999988079071,0.699999988079071,0.6833329796791077,0.6916660070419312,0.39156287908554077,32412000
2005-09-07,0.6916660070419312,0.699999988079071,0.675000011920929,0.6916660070419312,0.39156287908554077,13906500
2005-09-08,0.675000011920929,0.6916660070419312,0.6666659712791443,0.675000011920929,0.3821278512477875,14341854
2005-09-09,0.6833329796791077,0.7083330154418945,0.6833329796791077,0.6833329796791077,0.3868454098701477,31873530
2005-09-12,0.699999988079071,0.7083330154418945,0.6916660070419312,0.699999988079071,0.39628085494041443,12258000
2005-09-13,0.6833329796791077,0.6833329796791077,0.6666659712791443,0.675000011920929,0.3821278512477875,24978000
2005-09-14,0.6666659712791443,0.6833329796791077,0.6666659712791443,0.6833329796791077,0.3868454098701477,19110000
2005-09-15,0.6916660070419312,0.699999988079071,0.6833329796791077,0.699999988079071,0.39628085494041443,19758000
2005-09-16,0.699999988079071,0.75,0.699999988079071,0.75,0.42458656430244446,94560000
2005-09-20,0.7833330035209656,0.824999988079071,0.7666659951210022,0.7749999761581421,0.4387393891811371,123684240
2005-09-21,0.800000011920929,0.800000011920929,0.7749999761581421,0.7833330035209656,0.4434569776058197,41622060
2005-09-22,0.800000011920929,0.8083329796791077,0.7916659712791443,0.800000011920929,0.4528924226760864,64614000
2005-09-23,0.7916659712791443,0.7916659712791443,0.7666659951210022,0.7916659712791443,0.4481744170188904,38394000
2005-09-26,0.8083329796791077,0.8083329796791077,0.7749999761581421,0.7916659712791443,0.4481744170188904,16296600
2005-09-27,0.7833330035209656,0.7833330035209656,0.75,0.7749999761581421,0.4387393891811371,27810000
2005-09-28,0.7666659951210022,0.800000011920929,0.75,0.800000011920929,0.4528924226760864,41748000
2005-09-29,0.8166660070419312,0.8500000238418579,0.8083329796791077,0.8416659832000732,0.4764801561832428,71556000
2005-09-30,0.8416659832000732,0.8500000238418579,0.8166660070419312,0.8166660070419312,0.4623272716999054,29538000
2005-10-03,0.8166660070419312,0.824999988079071,0.800000011920929,0.8166660070419312,0.4623272716999054,14358000
2005-10-04,0.824999988079071,0.875,0.8166660070419312,0.8583329916000366,0.4859157204627991,39588000
2005-10-05,0.8666660189628601,0.8666660189628601,0.8416659832000732,0.8583329916000366,0.4859157204627991,22122000
2005-10-06,0.8583329916000366,0.8583329916000366,0.8166660070419312,0.8166660070419312,0.4623272716999054,28020000
2005-10-07,0.8416659832000732,0.8666660189628601,0.8416659832000732,0.8583329916000366,0.4859157204627991,20580000
2005-10-10,0.8583329916000366,0.9083330035209656,0.8583329916000366,0.8916659951210022,0.5047858953475952,38400000
2005-10-12,0.9166659712791443,0.925000011920929,0.8833330273628235,0.9083330035209656,0.5142214298248291,51378000
2005-10-13,0.8999999761581421,0.9083330035209656,0.8833330273628235,0.9083330035209656,0.5142214298248291,17459370
2005-10-14,0.8999999761581421,0.8999999761581421,0.8583329916000366,0.8916659951210022,0.5047858953475952,40479000
2005-10-17,0.8833330273628235,0.8833330273628235,0.8333330154418945,0.8416659832000732,0.4764801561832428,47094000
2005-10-18,0.8583329916000366,0.8833330273628235,0.8500000238418579,0.8583329916000366,0.4859157204627991,28443000
2005-10-19,0.8416659832000732,0.8416659832000732,0.7916659712791443,0.8083329796791077,0.4576098620891571,71754000
2005-10-20,0.800000011920929,0.8166660070419312,0.7916659712791443,0.7916659712791443,0.4481744170188904,34416000
2005-10-21,0.7833330035209656,0.824999988079071,0.7666659951210022,0.7916659712791443,0.4481744170188904,41211591
2005-10-24,0.800000011920929,0.8166660070419312,0.7916659712791443,0.800000011920929,0.4528924226760864,22620000
2005-10-25,0.8166660070419312,0.8333330154418945,0.7916659712791443,0.800000011920929,0.4528924226760864,29058000
2005-10-26,0.8333330154418945,0.8333330154418945,0.7833330035209656,0.800000011920929,0.4528924226760864,65730000
2005-10-27,0.7916659712791443,0.8333330154418945,0.7916659712791443,0.8333330154418945,0.47176265716552734,29064000
2005-10-28,0.824999988079071,0.8333330154418945,0.8166660070419312,0.824999988079071,0.46704530715942383,18324000
2005-10-31,0.824999988079071,0.8333330154418945,0.8083329796791077,0.8166660070419312,0.4623272716999054,24306000
2005-11-01,0.8083329796791077,0.8166660070419312,0.7916659712791443,0.800000011920929,0.4528924226760864,27964200
2005-11-02,0.7916659712791443,0.7916659712791443,0.7250000238418579,0.7666659951210022,0.4340214133262634,85767600
2005-11-03,0.7749999761581421,0.8083329796791077,0.7749999761581421,0.800000011920929,0.4528924226760864,25320000
2005-11-04,0.800000011920929,0.8083329796791077,0.7833330035209656,0.7916659712791443,0.4481744170188904,22440000
2005-11-07,0.7666659951210022,0.7666659951210022,0.7250000238418579,0.7333329916000366,0.4151511788368225,84588000
2005-11-08,0.7416660189628601,0.75,0.7083330154418945,0.7250000238418579,0.41043367981910706,43512000
2005-11-09,0.7416660189628601,0.7583330273628235,0.7333329916000366,0.75,0.42458656430244446,26448261
2005-11-10,0.7833330035209656,0.7833330035209656,0.7583330273628235,0.7749999761581421,0.4387393891811371,23280000
2005-11-11,0.7749999761581421,0.7749999761581421,0.75,0.7583330273628235,0.4293040931224823,26856000
2005-11-14,0.7666659951210022,0.7833330035209656,0.7583330273628235,0.7833330035209656,0.4434569776058197,37566000
2005-11-15,0.7833330035209656,0.7833330035209656,0.7666659951210022,0.7749999761581421,0.4387393891811371,15738000
2005-11-16,0.7749999761581421,0.824999988079071,0.7666659951210022,0.8166660070419312,0.4623272716999054,51702000
2005-11-17,0.8583329916000366,0.875,0.8500000238418579,0.8583329916000366,0.4859157204627991,69877500
2005-11-18,0.8833330273628235,0.9083330035209656,0.875,0.8833330273628235,0.5000684857368469,67770000
2005-11-21,0.8916659951210022,0.8999999761581421,0.8666660189628601,0.8833330273628235,0.5000684857368469,39828000
2005-11-22,0.8999999761581421,0.9083330035209656,0.875,0.8916659951210022,0.5047858953475952,50781000
2005-11-23,0.8999999761581421,0.9083330035209656,0.8916659951210022,0.9083330035209656,0.5142214298248291,30438000
2005-11-24,0.8999999761581421,0.9166659712791443,0.8916659951210022,0.9166659712791443,0.5189388990402222,42198000
2005-11-25,0.9083330035209656,0.9166659712791443,0.8999999761581421,0.9083330035209656,0.5142214298248291,12126000
2005-11-28,0.9166659712791443,0.9583330154418945,0.9083330035209656,0.9416660070419312,0.53309166431427,51927000
2005-11-29,0.949999988079071,0.949999988079071,0.8999999761581421,0.9166659712791443,0.5189388990402222,38794500
2005-11-30,0.8999999761581421,0.8999999761581421,0.8833330273628235,0.8833330273628235,0.5000684857368469,38082000
2005-12-01,0.875,0.8999999761581421,0.8666660189628601,0.8916659951210022,0.5047858953475952,26790000
2005-12-02,0.9166659712791443,0.9416660070419312,0.9083330035209656,0.9083330035209656,0.5142214298248291,59907000
2005-12-05,0.925000011920929,0.925000011920929,0.9083330035209656,0.925000011920929,0.5236569046974182,17157000
2005-12-06,0.9333329796791077,0.9333329796791077,0.9166659712791443,0.925000011920929,0.5236569046974182,30024000
2005-12-07,0.9333329796791077,0.9666659832000732,0.925000011920929,0.9333329796791077,0.5283743143081665,80358000
2005-12-08,0.9583330154418945,0.9833329916000366,0.949999988079071,0.9750000238418579,0.5519626140594482,40190250
2005-12-09,0.9916660189628601,1.016666054725647,0.9916660189628601,1.0,0.5661154389381409,72948000
2005-12-12,1.0333329439163208,1.100000023841858,1.024999976158142,1.0833330154418945,0.6132915616035461,87387000
2005-12-13,1.0583330392837524,1.0666660070419312,1.0083329677581787,1.024999976158142,0.5802684426307678,50262546
2005-12-14,1.0083329677581787,1.0333329439163208,1.0,1.024999976158142,0.5802684426307678,49668000
2005-12-15,1.016666054725647,1.0333329439163208,1.0,1.024999976158142,0.5802684426307678,24624000
2005-12-16,1.024999976158142,1.0750000476837158,1.016666054725647,1.0583330392837524,0.5991387367248535,58554000
2005-12-19,1.0583330392837524,1.141666054725647,1.0583330392837524,1.1333329677581787,0.6415972709655762,39222000
2005-12-20,1.1333329677581787,1.141666054725647,1.1083329916000366,1.125,0.6368800401687622,25263600
2005-12-21,1.100000023841858,1.100000023841858,1.0583330392837524,1.0916659832000732,0.6180090308189392,45945000
2005-12-22,1.0833330154418945,1.1333329677581787,1.0833330154418945,1.125,0.6368800401687622,31353060
2005-12-23,1.1083329916000366,1.149999976158142,1.1083329916000366,1.125,0.6368800401687622,15012000
2005-12-28,1.1333329677581787,1.1583329439163208,1.1333329677581787,1.149999976158142,0.6510328054428101,15876000
2005-12-29,1.149999976158142,1.1583329439163208,1.141666054725647,1.149999976158142,0.6510328054428101,25242000
2005-12-30,1.149999976158142,1.149999976158142,1.125,1.1333329677581787,0.6415972709655762,8502000
2006-01-03,1.149999976158142,1.2000000476837158,1.1333329677581787,1.2000000476837158,0.6793386340141296,21645000
2006-01-04,1.225000023841858,1.3333330154418945,1.225000023841858,1.274999976158142,0.7217971682548523,84819000
2006-01-05,1.2583329677581787,1.2999999523162842,1.2583329677581787,1.274999976158142,0.7217971682548523,58979940
2006-01-06,1.266666054725647,1.291666030883789,1.2583329677581787,1.291666030883789,0.7312321662902832,33642000
2006-01-09,1.3333330154418945,1.391666054725647,1.3333330154418945,1.3583329916000366,0.7689734101295471,52332000
2006-01-10,1.3833329677581787,1.3833329677581787,1.2999999523162842,1.2999999523162842,0.7359500527381897,59274000
2006-01-11,1.291666030883789,1.3333330154418945,1.274999976158142,1.2999999523162842,0.7359500527381897,43570500
2006-01-12,1.3583329916000366,1.3833329677581787,1.2999999523162842,1.2999999523162842,0.7359500527381897,57639000
2006-01-13,1.3166660070419312,1.3166660070419312,1.2583329677581787,1.291666030883789,0.7312321662902832,83625000
2006-01-16,1.3250000476837158,1.3333330154418945,1.3083330392837524,1.3333330154418945,0.7548206448554993,81540000
2006-01-17,1.3333330154418945,1.3583329916000366,1.2999999523162842,1.3166660070419312,0.745384931564331,112887000
2006-01-18,1.3166660070419312,1.3250000476837158,1.2833329439163208,1.3083330392837524,0.7406675219535828,41493000
2006-01-19,1.291666030883789,1.3833329677581787,1.291666030883789,1.375,0.7784087061882019,61890000
2006-01-20,1.416666030883789,1.4249999523162842,1.375,1.391666054725647,0.7878437638282776,61953600
2006-01-23,1.3833329677581787,1.391666054725647,1.350000023841858,1.391666054725647,0.7878437638282776,28512000
2006-01-24,1.391666054725647,1.399999976158142,1.375,1.3833329677581787,0.783126175403595,19708500
2006-01-25,1.3833329677581787,1.399999976158142,1.3666659593582153,1.3833329677581787,0.783126175403595,27519000
2006-01-26,1.399999976158142,1.399999976158142,1.375,1.3833329677581787,0.783126175403595,18801000
2006-01-27,1.3833329677581787,1.4833329916000366,1.3833329677581787,1.4833329916000366,0.8397377729415894,57456000
2006-02-01,1.5499999523162842,1.649999976158142,1.4916659593582153,1.625,0.9199378490447998,73672500
2006-02-02,1.666666030883789,1.7333329916000366,1.641666054725647,1.6583329439163208,0.9388079643249512,79651200
2006-02-03,1.6583329439163208,1.7000000476837158,1.649999976158142,1.6833330392837524,0.9529609084129333,42511200
2006-02-06,1.6833330392837524,1.7333329916000366,1.6583329439163208,1.7333329916000366,0.9812664985656738,30041322
2006-02-07,1.7333329916000366,1.7999999523162842,1.7000000476837158,1.7166659832000732,0.9718314409255981,52998000
2006-02-08,1.5916659832000732,1.6166659593582153,1.5583330392837524,1.6083329916000366,0.9105020761489868,174534000
2006-02-09,1.641666054725647,1.649999976158142,1.6166659593582153,1.625,0.9199378490447998,56280000
2006-02-10,1.6583329439163208,1.666666030883789,1.6083329916000366,1.6333329677581787,0.9246552586555481,50523300
2006-02-13,1.600000023841858,1.600000023841858,1.5333329439163208,1.541666030883789,0.872761070728302,55512000
2006-02-14,1.4916659593582153,1.524999976158142,1.4583330154418945,1.524999976158142,0.8633260726928711,105147000
2006-02-15,1.5499999523162842,1.5916659832000732,1.5499999523162842,1.5583330392837524,0.8821963667869568,59508000
2006-02-16,1.5499999523162842,1.5499999523162842,1.5,1.5083329677581787,0.853890597820282,47268000
2006-02-17,1.5333329439163208,1.5499999523162842,1.5083329677581787,1.5083329677581787,0.853890597820282,24558000
2006-02-20,1.541666030883789,1.600000023841858,1.541666030883789,1.5833330154418945,0.8963494300842285,61776000
2006-02-21,1.6083329916000366,1.6166659593582153,1.5750000476837158,1.5750000476837158,0.891632080078125,29496300
2006-02-22,1.5750000476837158,1.6083329916000366,1.5750000476837158,1.5916659832000732,0.9010666608810425,48399000
2006-02-23,1.6166659593582153,1.6166659593582153,1.5833330154418945,1.5833330154418945,0.8963494300842285,20946000
2006-02-24,1.5666660070419312,1.5750000476837158,1.516666054725647,1.5333329439163208,0.8680436611175537,35700000
2006-02-27,1.5833330154418945,1.600000023841858,1.5750000476837158,1.600000023841858,0.9057848453521729,36366000
2006-02-28,1.5583330392837524,1.5750000476837158,1.5333329439163208,1.541666030883789,0.872761070728302,26202000
2006-03-01,1.5499999523162842,1.5916659832000732,1.541666030883789,1.5666660070419312,0.8869139552116394,26901000
2006-03-02,1.5666660070419312,1.5833330154418945,1.5666660070419312,1.5666660070419312,0.8869139552116394,19968000
2006-03-03,1.600000023841858,1.649999976158142,1.5916659832000732,1.6333329677581787,0.9246552586555481,59652000
2006-03-06,1.649999976158142,1.7000000476837158,1.6166659593582153,1.6833330392837524,0.9529609084129333,71046000
2006-03-07,1.641666054725647,1.641666054725647,1.600000023841858,1.6083329916000366,0.9105020761489868,72684000
2006-03-08,1.5666660070419312,1.5916659832000732,1.516666054725647,1.5499999523162842,0.8774787783622742,68286000
2006-03-09,1.5333329439163208,1.5499999523162842,1.5083329677581787,1.5333329439163208,0.8680436611175537,40572000
2006-03-10,1.541666030883789,1.5583330392837524,1.524999976158142,1.524999976158142,0.8633260726928711,18729000
2006-03-13,1.5333329439163208,1.541666030883789,1.5083329677581787,1.5333329439163208,0.8680436611175537,31320000
2006-03-14,1.5333329439163208,1.541666030883789,1.4916659593582153,1.4916659593582153,0.8444551229476929,37632000
2006-03-15,1.5333329439163208,1.5833330154418945,1.5333329439163208,1.5666660070419312,0.8869139552116394,34731000
2006-03-16,1.5666660070419312,1.5916659832000732,1.5583330392837524,1.5666660070419312,0.8869139552116394,34902000
2006-03-17,1.5833330154418945,1.5916659832000732,1.541666030883789,1.5666660070419312,0.8869139552116394,14192886
2006-03-20,1.5666660070419312,1.600000023841858,1.5666660070419312,1.5833330154418945,0.8963494300842285,16148886
2006-03-21,1.5833330154418945,1.5833330154418945,1.5499999523162842,1.5750000476837158,0.891632080078125,10530000
2006-03-22,1.5750000476837158,1.5833330154418945,1.5333329439163208,1.541666030883789,0.872761070728302,19206000
2006-03-23,1.524999976158142,1.5499999523162842,1.524999976158142,1.541666030883789,0.872761070728302,12190188
2006-03-24,1.541666030883789,1.5833330154418945,1.541666030883789,1.5750000476837158,0.891632080078125,19158000
2006-03-27,1.6166659593582153,1.7000000476837158,1.6083329916000366,1.6833330392837524,0.9529609084129333,65885412
2006-03-28,1.7166659832000732,1.75,1.666666030883789,1.7166659832000732,0.9718314409255981,74642910
2006-03-29,1.7000000476837158,1.7000000476837158,1.641666054725647,1.7000000476837158,0.9623964428901672,22887000
2006-03-30,1.7833329439163208,1.8666659593582153,1.7333329916000366,1.8666659593582153,1.056748628616333,139974960
2006-03-31,1.9666659832000732,2.049999952316284,1.9500000476837158,2.0333330631256104,1.1511011123657227,147882588
2006-04-03,2.0999999046325684,2.25,2.0999999046325684,2.233333110809326,1.2643247842788696,91146000
2006-04-04,2.233333110809326,2.3166658878326416,2.116666078567505,2.183332920074463,1.2360187768936157,82862100
2006-04-06,2.233333110809326,2.3333330154418945,2.233333110809326,2.3166658878326416,1.3115003108978271,60846000
2006-04-07,2.366666078567505,2.416666030883789,2.299999952316284,2.299999952316284,1.3020656108856201,49347000
2006-04-10,2.2666659355163574,2.2666659355163574,2.200000047683716,2.2666659355163574,1.2831945419311523,55116000
2006-04-11,2.299999952316284,2.3833329677581787,2.299999952316284,2.3499999046325684,1.330371379852295,57720000
2006-04-12,2.2666659355163574,2.9666659832000732,2.2666659355163574,2.450000047683716,1.4029024839401245,154752150
2006-04-13,2.450000047683716,2.666666030883789,2.450000047683716,2.5833330154418945,1.4792509078979492,67656000
2006-04-18,2.916666030883789,2.933332920074463,2.733333110809326,2.9000000953674316,1.6605783700942993,79644750
2006-04-19,2.983333110809326,3.1333329677581787,2.9666659832000732,3.0666658878326416,1.7560139894485474,91773000
2006-04-20,3.2666659355163574,3.299999952316284,3.2166659832000732,3.2666659355163574,1.8705369234085083,85723500
2006-04-21,2.933332920074463,3.0333330631256104,2.8333330154418945,2.9000000953674316,1.6605783700942993,167967375
2006-04-24,3.0666658878326416,3.0999999046325684,2.933332920074463,2.950000047683716,1.6892094612121582,96103500
2006-04-25,2.8833329677581787,2.916666030883789,2.7166659832000732,2.8166658878326416,1.6128606796264648,87372900
2006-04-26,2.916666030883789,3.0,2.8166658878326416,2.983333110809326,1.7082959413528442,73000500
2006-04-27,3.0833330154418945,3.0999999046325684,3.0,3.0166659355163574,1.7273828983306885,52659000
2006-04-28,2.700000047683716,2.916666030883789,2.666666030883789,2.9000000953674316,1.6605783700942993,54354
2006-05-02,3.116666078567505,3.1500000953674316,3.0333330631256104,3.0999999046325684,1.7751007080078125,57262500
2006-05-03,3.200000047683716,3.2166659832000732,3.1333329677581787,3.1500000953674316,1.8037325143814087,39099000
2006-05-04,3.1333329677581787,3.1333329677581787,3.0166659355163574,3.049999952316284,1.7464704513549805,33112542
2006-05-08,3.166666030883789,3.183332920074463,3.116666078567505,3.1333329677581787,1.794188141822815,46609500
2006-05-09,3.1333329677581787,3.1500000953674316,3.049999952316284,3.0999999046325684,1.7751007080078125,28487503
2006-05-10,3.25,3.2666659355163574,3.183332920074463,3.183332920074463,1.8228188753128052,56817000
2006-05-11,3.200000047683716,3.2166659832000732,3.1333329677581787,3.166666030883789,1.8132754564285278,48573340
2006-05-12,3.166666030883789,3.299999952316284,3.116666078567505,3.1333329677581787,1.794188141822815,67239387
2006-05-15,3.0,3.0999999046325684,2.933332920074463,2.950000047683716,1.6892094612121582,48913500
2006-05-16,2.7666659355163574,2.799999952316284,2.666666030883789,2.7166659832000732,1.5555990934371948,96030000
2006-05-17,2.799999952316284,2.983333110809326,2.799999952316284,2.9666659832000732,1.6987524032592773,131070000
2006-05-18,2.8333330154418945,2.866666078567505,2.75,2.8499999046325684,1.6319477558135986,92809009
2006-05-19,2.8333330154418945,2.983333110809326,2.7666659355163574,2.916666030883789,1.6701217889785767,55120401
2006-05-22,2.733333110809326,2.75,2.4666659832000732,2.5,1.4315330982208252,74635500
2006-05-23,2.5333330631256104,2.7166659832000732,2.5333330631256104,2.616666078567505,1.4983378648757935,80950812
2006-05-24,2.7166659832000732,2.75,2.5666658878326416,2.6333329677581787,1.5078814029693604,41835000
2006-05-25,2.433332920074463,2.5333330631256104,2.3499999046325684,2.4000000953674316,1.3742719888687134,54005910
2006-05-26,2.549999952316284,2.5999999046325684,2.5,2.5333330631256104,1.4506200551986694,52555500
2006-05-29,2.5833330154418945,2.5833330154418945,2.5,2.5666658878326416,1.4697072505950928,21644742
2006-05-30,2.5666658878326416,2.8166658878326416,2.5166659355163574,2.7833330631256104,1.593773603439331,63846000
2006-06-01,2.6500000953674316,2.700000047683716,2.5999999046325684,2.6333329677581787,1.5078814029693604,47973000
2006-06-02,2.5999999046325684,2.6333329677581787,2.5333330631256104,2.6333329677581787,1.5078814029693604,30844500
2006-06-05,2.7166659832000732,2.733333110809326,2.6500000953674316,2.700000047683716,1.546055793762207,18978000
2006-06-06,2.6500000953674316,2.683332920074463,2.5999999046325684,2.683332920074463,1.5365121364593506,24607500
2006-06-07,2.6333329677581787,2.6333329677581787,2.5166659355163574,2.5999999046325684,1.4887943267822266,27306943
2006-06-08,2.5333330631256104,2.5333330631256104,2.3333330154418945,2.416666030883789,1.3838151693344116,60106950
2006-06-09,2.3499999046325684,2.366666078567505,2.2666659355163574,2.299999952316284,1.3170104026794434,54205950
2006-06-12,2.2666659355163574,2.3333330154418945,2.200000047683716,2.233333110809326,1.2788362503051758,29400093
2006-06-13,2.183332920074463,2.183332920074463,2.0,2.0166659355163574,1.1547696590423584,36605409
2006-06-14,1.8666659593582153,2.116666078567505,1.8666659593582153,2.0833330154418945,1.1929442882537842,61869000
2006-06-15,2.1333329677581787,2.2833330631256104,2.1333329677581787,2.233333110809326,1.2788362503051758,61063950
2006-06-16,2.4000000953674316,2.450000047683716,2.3499999046325684,2.433332920074463,1.393358588218689,66366300
2006-06-19,2.366666078567505,2.366666078567505,2.1500000953674316,2.183332920074463,1.2502057552337646,113294998
2006-06-20,2.116666078567505,2.1500000953674316,2.0166659355163574,2.0666658878326416,1.183400273323059,98568001
2006-06-21,2.116666078567505,2.183332920074463,2.0833330154418945,2.116666078567505,1.2120312452316284,79813500
2006-06-22,2.299999952316284,2.299999952316284,2.2166659832000732,2.2166659832000732,1.2692923545837402,75964734
2006-06-23,2.1500000953674316,2.233333110809326,2.1500000953674316,2.233333110809326,1.2788362503051758,25905000
2006-06-26,2.25,2.299999952316284,2.2166659832000732,2.2666659355163574,1.297922968864441,20172
2006-06-27,2.3333330154418945,2.450000047683716,2.3333330154418945,2.4000000953674316,1.3742719888687134,78480000
2006-06-28,2.3166658878326416,2.3833329677581787,2.299999952316284,2.3833329677581787,1.3647280931472778,47389909
2006-06-29,2.3833329677581787,2.433332920074463,2.3499999046325684,2.3833329677581787,1.3647280931472778,53436000
2006-06-30,2.5333330631256104,2.5833330154418945,2.5,2.5833330154418945,1.4792509078979492,93944910
2006-07-03,2.6500000953674316,2.75,2.6500000953674316,2.75,1.5746867656707764,69920250
2006-07-04,2.7666659355163574,2.799999952316284,2.666666030883789,2.7166659832000732,1.5555990934371948,45162000
2006-07-05,2.7666659355163574,2.7833330631256104,2.666666030883789,2.666666030883789,1.5269687175750732,41530500
2006-07-06,2.683332920074463,2.7666659355163574,2.6333329677581787,2.75,1.5746867656707764,47490750
2006-07-07,2.799999952316284,2.799999952316284,2.75,2.799999952316284,1.6033172607421875,42732000
2006-07-10,2.75,2.8166658878326416,2.733333110809326,2.7833330631256104,1.593773603439331,33618000
2006-07-11,2.733333110809326,2.799999952316284,2.700000047683716,2.7666659355163574,1.5842297077178955,34005000
2006-07-12,2.866666078567505,2.9666659832000732,2.8333330154418945,2.8333330154418945,1.6224039793014526,60360306
2006-07-13,2.866666078567505,2.9000000953674316,2.700000047683716,2.75,1.5746867656707764,45490500
2006-07-14,2.733333110809326,2.7833330631256104,2.7166659832000732,2.7833330631256104,1.593773603439331,40747500
2006-07-17,2.8166658878326416,2.8333330154418945,2.7666659355163574,2.7666659355163574,1.5842297077178955,24531000
2006-07-18,2.700000047683716,2.7166659832000732,2.6333329677581787,2.683332920074463,1.5365121364593506,44799000
2006-07-19,2.666666030883789,2.666666030883789,2.5999999046325684,2.6333329677581787,1.5078814029693604,35553000
2006-07-20,2.733333110809326,2.7666659355163574,2.7166659832000732,2.7166659832000732,1.5555990934371948,24590073
2006-07-21,2.683332920074463,2.700000047683716,2.6500000953674316,2.700000047683716,1.546055793762207,21411000
2006-07-24,2.6600000858306885,2.6933329105377197,2.6266660690307617,2.6466660499572754,1.5155161619186401,21825450
2006-07-25,2.640000104904175,2.7066659927368164,2.640000104904175,2.680000066757202,1.534603476524353,24159000
2006-07-26,2.680000066757202,2.680000066757202,2.5933330059051514,2.619999885559082,1.5002467632293701,29949000
2006-07-27,2.5933330059051514,2.6466660499572754,2.5799999237060547,2.6333329677581787,1.5078814029693604,49773000
2006-07-28,2.6866660118103027,2.6866660118103027,2.6333329677581787,2.6333329677581787,1.5078814029693604,32094000
2006-07-31,2.666666030883789,2.7799999713897705,2.640000104904175,2.759999990463257,1.5804128646850586,50628900
2006-08-01,2.72666597366333,2.7666659355163574,2.7200000286102295,2.740000009536743,1.5689606666564941,18870000
2006-08-02,2.7733330726623535,2.799999952316284,2.7666659355163574,2.7733330726623535,1.5880476236343384,17191500
2006-08-03,2.799999952316284,2.799999952316284,2.72666597366333,2.759999990463257,1.5804128646850586,22167000
2006-08-04,2.733333110809326,2.786665916442871,2.7133328914642334,2.75333309173584,1.5765951871871948,17658000
2006-08-07,2.75333309173584,2.799999952316284,2.75333309173584,2.793333053588867,1.5994998216629028,18267000
2006-08-08,2.8333330154418945,2.8333330154418945,2.6866660118103027,2.7200000286102295,1.5575082302093506,41097000
2006-08-09,2.6600000858306885,2.6600000858306885,2.5733330249786377,2.6333329677581787,1.5078814029693604,69259500
2006-08-10,2.6333329677581787,2.740000009536743,2.6266660690307617,2.6866660118103027,1.5384207963943481,35721000
2006-08-11,2.6866660118103027,2.6866660118103027,2.6466660499572754,2.6866660118103027,1.5384207963943481,13650000
2006-08-14,2.6866660118103027,2.6866660118103027,2.640000104904175,2.6600000858306885,1.5231512784957886,15921000
2006-08-15,2.619999885559082,2.640000104904175,2.5999999046325684,2.5999999046325684,1.4887943267822266,23745000
2006-08-16,2.5999999046325684,2.640000104904175,2.5999999046325684,2.6266660690307617,1.5040639638900757,19638000
2006-08-17,2.6266660690307617,2.6933329105377197,2.6266660690307617,2.6333329677581787,1.5078814029693604,24293700
2006-08-18,2.5999999046325684,2.6266660690307617,2.5666658878326416,2.5999999046325684,1.4887943267822266,22461000
2006-08-21,2.5999999046325684,2.6333329677581787,2.5799999237060547,2.5866661071777344,1.4811593294143677,12945000
2006-08-22,2.6333329677581787,2.6466660499572754,2.5999999046325684,2.619999885559082,1.5002467632293701,9474000
2006-08-23,2.619999885559082,2.619999885559082,2.5866661071777344,2.613332986831665,1.496429443359375,10350000
2006-08-24,2.613332986831665,2.613332986831665,2.5733330249786377,2.613332986831665,1.496429443359375,14784000
2006-08-25,2.606666088104248,2.6266660690307617,2.5799999237060547,2.5933330059051514,1.4849766492843628,15148500
2006-08-28,2.5666658878326416,2.5799999237060547,2.380000114440918,2.4200000762939453,1.3857245445251465,65175000
2006-08-29,2.4066660404205322,2.5199999809265137,2.4066660404205322,2.5199999809265137,1.4429856538772583,37842000
2006-08-30,2.5066659450531006,2.5133330821990967,2.4600000381469727,2.4666659832000732,1.4124456644058228,16308000
2006-08-31,2.493333101272583,2.5066659450531006,2.4466660022735596,2.4533329010009766,1.404810905456543,18703711
2006-09-01,2.4733328819274902,2.5,2.4666659832000732,2.4733328819274902,1.416263222694397,14250000
2006-09-04,2.5,2.5999999046325684,2.5,2.5933330059051514,1.4849766492843628,32176500
2006-09-05,2.5999999046325684,2.613332986831665,2.546665906906128,2.5666658878326416,1.4697072505950928,14595000
2006-09-06,2.6333329677581787,2.666666030883789,2.619999885559082,2.6466660499572754,1.5155161619186401,55107000
2006-09-07,2.5999999046325684,2.640000104904175,2.5733330249786377,2.619999885559082,1.5002467632293701,18810000
2006-09-08,2.5866661071777344,2.606666088104248,2.553333044052124,2.5999999046325684,1.4887943267822266,21519000
2006-09-11,2.553333044052124,2.553333044052124,2.4466660022735596,2.4800000190734863,1.4200810194015503,43059000
2006-09-12,2.380000114440918,2.4466660022735596,2.373332977294922,2.440000057220459,1.397176742553711,48399000
2006-09-13,2.433332920074463,2.4800000190734863,2.413332939147949,2.4666659832000732,1.4124456644058228,29607000
2006-09-14,2.4800000190734863,2.5199999809265137,2.4600000381469727,2.4800000190734863,1.4200810194015503,24832500
2006-09-15,2.426666021347046,2.4666659832000732,2.4200000762939453,2.4466660022735596,1.4009935855865479,36927750
2006-09-18,2.4666659832000732,2.5,2.4533329010009766,2.493333101272583,1.4277156591415405,23775000
2006-09-19,2.5066659450531006,2.5733330249786377,2.5,2.5733330249786377,1.473525047302246,38862000
2006-09-20,2.5066659450531006,2.553333044052124,2.5066659450531006,2.553333044052124,1.4620723724365234,34383000
2006-09-21,2.5333330631256104,2.5799999237060547,2.5066659450531006,2.5199999809265137,1.4429856538772583,38481000
2006-09-22,2.5199999809265137,2.5999999046325684,2.5199999809265137,2.5799999237060547,1.4773423671722412,52209000
2006-09-25,2.5933330059051514,2.619999885559082,2.5866661071777344,2.613332986831665,1.496429443359375,30927000
2006-09-26,2.619999885559082,2.619999885559082,2.4733328819274902,2.5066659450531006,1.4353501796722412,29001000
2006-09-27,2.5199999809265137,2.546665906906128,2.4533329010009766,2.5333330631256104,1.4506200551986694,21511200
2006-09-28,2.5799999237060547,2.606666088104248,2.5799999237060547,2.5933330059051514,1.4849766492843628,19965000
2006-09-29,2.5933330059051514,2.606666088104248,2.5399999618530273,2.5799999237060547,1.4773423671722412,16522500
2006-10-03,2.5333330631256104,2.559999942779541,2.5199999809265137,2.559999942779541,1.4658899307250977,25494000
2006-10-04,2.433332920074463,2.486665964126587,2.4200000762939453,2.440000057220459,1.397176742553711,89262948
2006-10-05,2.4666659832000732,2.4733328819274902,2.433332920074463,2.4466660022735596,1.4009935855865479,43050000
2006-10-06,2.486665964126587,2.493333101272583,2.4733328819274902,2.486665964126587,1.4238978624343872,33003000
2006-10-09,2.4666659832000732,2.5266659259796143,2.4666659832000732,2.5133330821990967,1.4391679763793945,27651000
2006-10-10,2.5333330631256104,2.5666658878326416,2.5266659259796143,2.546665906906128,1.4582548141479492,26233500
2006-10-11,2.5199999809265137,2.5333330631256104,2.486665964126587,2.5133330821990967,1.4391679763793945,17361000
2006-10-12,2.546665906906128,2.5666658878326416,2.5266659259796143,2.5333330631256104,1.4506200551986694,37251000
2006-10-13,2.5733330249786377,2.5799999237060547,2.553333044052124,2.559999942779541,1.4658899307250977,40194000
2006-10-16,2.6333329677581787,2.6533329486846924,2.613332986831665,2.6333329677581787,1.5078814029693604,64209000
2006-10-17,2.666666030883789,2.8333330154418945,2.6600000858306885,2.799999952316284,1.6033172607421875,160895370
2006-10-18,2.7666659355163574,2.8333330154418945,2.7066659927368164,2.8266661167144775,1.6185863018035889,64062000
2006-10-19,2.8266661167144775,2.933332920074463,2.8266661167144775,2.933332920074463,1.6796655654907227,117392481
2006-10-20,2.986665964126587,3.1533329486846924,2.9533329010009766,3.0799999237060547,1.7636489868164062,239213341
2006-10-23,3.0399999618530273,3.0399999618530273,2.933332920074463,2.9600000381469727,1.6949353218078613,152631000
2006-10-24,2.9200000762939453,3.0199999809265137,2.873332977294922,3.0066659450531006,1.7216572761535645,54348000
2006-10-25,3.0333330631256104,3.059999942779541,2.986665964126587,2.993333101272583,1.7140222787857056,25029000
2006-10-26,3.0333330631256104,3.0733330249786377,3.0,3.0333330631256104,1.736926794052124,31074000
2006-10-27,3.0266659259796143,3.0666658878326416,2.9066660404205322,2.926666021347046,1.6758477687835693,30178333
2006-10-31,3.0,3.0399999618530273,2.9800000190734863,3.0133330821990967,1.7254745960235596,22113000
2006-11-01,3.0399999618530273,3.1266660690307617,3.0399999618530273,3.0799999237060547,1.7636489868164062,23671203
2006-11-02,3.200000047683716,3.200000047683716,3.106666088104248,3.1266660690307617,1.7903705835342407,32586000
2006-11-03,3.166666030883789,3.180000066757202,3.059999942779541,3.0999999046325684,1.7751007080078125,39727500
2006-11-06,3.0866661071777344,3.140000104904175,3.053333044052124,3.119999885559082,1.7865533828735352,25146000
2006-11-07,3.1600000858306885,3.1600000858306885,3.0933330059051514,3.1266660690307617,1.7903705835342407,22227000
2006-11-08,3.1333329677581787,3.166666030883789,3.113332986831665,3.140000104904175,1.7980055809020996,27292950
2006-11-09,3.1333329677581787,3.1600000858306885,3.113332986831665,3.1533329486846924,1.805640459060669,28570500
2006-11-10,3.2666659355163574,3.2666659355163574,3.200000047683716,3.22666597366333,1.847631812095642,66582424
2006-11-13,3.200000047683716,3.22666597366333,3.1533329486846924,3.2066659927368164,1.836179494857788,32898000
2006-11-14,3.200000047683716,3.2200000286102295,3.1266660690307617,3.173332929611206,1.8170926570892334,36731325
2006-11-15,3.1333329677581787,3.2066659927368164,3.119999885559082,3.2066659927368164,1.836179494857788,19948500
2006-11-16,3.166666030883789,3.2133328914642334,3.1466660499572754,3.173332929611206,1.8170926570892334,27094500
2006-11-17,3.173332929611206,3.200000047683716,3.140000104904175,3.1933329105377197,1.8285446166992188,16369500
2006-11-20,3.140000104904175,3.2133328914642334,3.0999999046325684,3.1333329677581787,1.794188141822815,56013000
2006-11-21,3.119999885559082,3.173332929611206,3.119999885559082,3.1466660499572754,1.8018229007720947,22044000
2006-11-22,3.200000047683716,3.299999952316284,3.1933329105377197,3.2799999713897705,1.878171443939209,51334098
2006-11-23,3.319999933242798,3.4000000953674316,3.299999952316284,3.3266661167144775,1.904893398284912,41913000
2006-11-24,3.319999933242798,3.3866660594940186,3.313333034515381,3.346666097640991,1.9163457155227661,32016000
2006-11-27,3.4066660404205322,3.553333044052124,3.4066660404205322,3.5399999618530273,2.0270516872406006,61074
2006-11-28,3.5999999046325684,3.619999885559082,3.4000000953674316,3.426666021347046,1.9621546268463135,75225675
2006-11-29,3.5,3.5399999618530273,3.486665964126587,3.5133330821990967,2.0117812156677246,34225350
2006-11-30,3.5733330249786377,3.5999999046325684,3.5066659450531006,3.546665906906128,2.0308680534362793,24378000
2006-12-01,3.6600000858306885,3.733333110809326,3.640000104904175,3.6533329486846924,2.091946840286255,49144500
2006-12-04,3.72666597366333,3.733333110809326,3.673332929611206,3.7066659927368164,2.122486114501953,25349652
2006-12-05,3.799999952316284,3.799999952316284,3.733333110809326,3.759999990463257,2.1530258655548096,30786087
2006-12-06,3.7133328914642334,3.7133328914642334,3.5799999237060547,3.666666030883789,2.099581003189087,37617522
2006-12-07,3.5999999046325684,3.6266660690307617,3.5399999618530273,3.5999999046325684,2.061408042907715,37713000
2006-12-08,3.6266660690307617,3.6600000858306885,3.5333330631256104,3.5333330631256104,2.023233413696289,48496539
2006-12-11,3.4800000190734863,3.5,3.426666021347046,3.4666659832000732,1.9850586652755737,45930975
2006-12-12,3.4800000190734863,3.546665906906128,3.4800000190734863,3.5066659450531006,2.0079636573791504,28468587
2006-12-13,3.5133330821990967,3.5199999809265137,3.3399999141693115,3.4000000953674316,1.9468849897384644,43485000
2006-12-14,3.3933329582214355,3.486665964126587,3.3933329582214355,3.486665964126587,1.9965113401412964,24630348
2006-12-15,3.4666659832000732,3.5266659259796143,3.433332920074463,3.4533329010009766,1.9774245023727417,19059342
2006-12-18,3.426666021347046,3.426666021347046,3.3399999141693115,3.426666021347046,1.9621546268463135,32385087
2006-12-19,3.440000057220459,3.440000057220459,3.299999952316284,3.319999933242798,1.9010764360427856,47313000
2006-12-20,3.4000000953674316,3.433332920074463,3.373332977294922,3.3866660594940186,1.9392496347427368,36133800
2006-12-21,3.4066660404205322,3.4533329010009766,3.4000000953674316,3.440000057220459,1.9697895050048828,22733250
2006-12-22,3.440000057220459,3.4666659832000732,3.4000000953674316,3.413332939147949,1.9545197486877441,17239500
2006-12-27,3.4466660022735596,3.4666659832000732,3.4000000953674316,3.433332920074463,1.965971827507019,24021435
2006-12-28,3.4533329010009766,3.553333044052124,3.433332920074463,3.546665906906128,2.0308680534362793,27516549
2006-12-29,3.546665906906128,3.6333329677581787,3.546665906906128,3.613332986831665,2.069042205810547,34122000
2007-01-02,3.6600000858306885,3.673332929611206,3.619999885559082,3.6466660499572754,2.0881295204162598,20535174
2007-01-03,3.733333110809326,3.733333110809326,3.5666658878326416,3.6333329677581787,2.0804948806762695,26360400
2007-01-04,3.5333330631256104,3.553333044052124,3.433332920074463,3.4800000190734863,1.9926942586898804,41186250
2007-01-05,3.366666078567505,3.4533329010009766,3.3399999141693115,3.413332939147949,1.9545197486877441,25813200
2007-01-08,3.22666597366333,3.259999990463257,3.1466660499572754,3.180000066757202,1.8209099769592285,77306700
2007-01-09,3.200000047683716,3.259999990463257,3.1600000858306885,3.1866660118103027,1.8247274160385132,55658565
2007-01-10,3.1600000858306885,3.2133328914642334,3.1466660499572754,3.1533329486846924,1.805640459060669,38118000
2007-01-11,3.1466660499572754,3.180000066757202,3.0799999237060547,3.1466660499572754,1.8018229007720947,31543069
2007-01-12,3.1866660118103027,3.200000047683716,3.053333044052124,3.059999942779541,1.7521964311599731,40749522
2007-01-15,3.1866660118103027,3.2466659545898438,3.166666030883789,3.233333110809326,1.8514493703842163,47388000
2007-01-16,3.2466659545898438,3.3266661167144775,3.2466659545898438,3.3266661167144775,1.904893398284912,47547000
2007-01-17,3.299999952316284,3.299999952316284,3.2200000286102295,3.22666597366333,1.847631812095642,20509500
2007-01-18,3.293333053588867,3.319999933242798,3.233333110809326,3.3066658973693848,1.8934407234191895,23640348
2007-01-19,3.25333309173584,3.25333309173584,3.200000047683716,3.2066659927368164,1.836179494857788,37488000
2007-01-22,3.25333309173584,3.293333053588867,3.233333110809326,3.2466659545898438,1.8590843677520752,31461900
2007-01-23,3.2666659355163574,3.2666659355163574,3.2133328914642334,3.240000009536743,1.85526704788208,20967000
2007-01-24,3.346666097640991,3.3866660594940186,3.3066658973693848,3.3399999141693115,1.91252863407135,43659783
2007-01-25,3.380000114440918,3.3866660594940186,3.2666659355163574,3.3066658973693848,1.8934407234191895,21900000
2007-01-26,3.2799999713897705,3.2799999713897705,3.2133328914642334,3.2200000286102295,1.8438149690628052,23649000
2007-01-29,3.2466659545898438,3.2666659355163574,3.2133328914642334,3.2133328914642334,1.8399972915649414,8604784
2007-01-30,3.25333309173584,3.293333053588867,3.233333110809326,3.286665916442871,1.8819888830184937,22342500
2007-01-31,3.3333330154418945,3.3399999141693115,3.173332929611206,3.233333110809326,1.8514493703842163,31948935
2007-02-01,3.293333053588867,3.299999952316284,3.1866660118103027,3.240000009536743,1.85526704788208,20003739
2007-02-02,3.4533329010009766,3.4600000381469727,3.353332996368408,3.4066660404205322,1.9507023096084595,76182609
2007-02-05,3.413332939147949,3.413332939147949,3.413332939147949,3.413332939147949,1.9545197486877441,0
2007-02-06,3.4000000953674316,3.4733328819274902,3.2666659355163574,3.3266661167144775,1.904893398284912,66620361
2007-02-07,3.353332996368408,3.5,3.3399999141693115,3.5,2.0041465759277344,60642174
2007-02-08,3.5333330631256104,3.5799999237060547,3.4666659832000732,3.5733330249786377,2.046137809753418,73497000
2007-02-09,3.5999999046325684,3.606666088104248,3.5133330821990967,3.5666658878326416,2.0423202514648438,33516261
2007-02-12,3.5666658878326416,3.606666088104248,3.5266659259796143,3.5799999237060547,2.0499556064605713,24478500
2007-02-13,3.5733330249786377,3.5733330249786377,3.4200000762939453,3.433332920074463,1.965971827507019,33704250
2007-02-14,3.5133330821990967,3.5399999618530273,3.4466660022735596,3.5266659259796143,2.019415855407715,22009761
2007-02-15,3.5399999618530273,3.5666658878326416,3.5266659259796143,3.5399999618530273,2.0270516872406006,26718783
2007-02-16,3.5399999618530273,3.5666658878326416,3.4733328819274902,3.5199999809265137,2.015598773956299,16488000
2007-02-21,3.486665964126587,3.493333101272583,3.426666021347046,3.493333101272583,2.00032901763916,30162087
2007-02-22,3.5666658878326416,3.613332986831665,3.559999942779541,3.5866661071777344,2.0537726879119873,33120000
2007-02-23,3.5999999046325684,3.5999999046325684,3.5199999809265137,3.546665906906128,2.0308680534362793,20258250
2007-02-26,3.5933330059051514,3.813333034515381,3.5799999237060547,3.799999952316284,2.1759302616119385,102600000
2007-02-27,3.8333330154418945,3.933332920074463,3.5999999046325684,3.7066659927368164,2.122486114501953,72058944
2007-02-28,3.200000047683716,3.5666658878326416,3.173332929611206,3.486665964126587,1.9965113401412964,73229325
2007-03-01,3.5199999809265137,3.5199999809265137,3.286665916442871,3.3333330154418945,1.9087107181549072,60943524
2007-03-02,3.233333110809326,3.4066660404205322,3.2066659927368164,3.2733330726623535,1.8743544816970825,59397000
2007-03-05,3.173332929611206,3.173332929611206,2.8333330154418945,2.8399999141693115,1.626221776008606,84689580
2007-03-06,2.866666078567505,3.0399999618530273,2.853332996368408,3.0199999809265137,1.7292920351028442,94837500
2007-03-07,3.0333330631256104,3.166666030883789,3.0199999809265137,3.0666658878326416,1.7560139894485474,55086450
2007-03-08,3.119999885559082,3.3333330154418945,3.0733330249786377,3.286665916442871,1.8819888830184937,59901000
2007-03-09,3.4000000953674316,3.4466660022735596,3.299999952316284,3.3333330154418945,1.9087107181549072,79203174
2007-03-12,3.546665906906128,3.546665906906128,3.373332977294922,3.426666021347046,1.9621546268463135,48887427
2007-03-13,3.433332920074463,3.4533329010009766,3.346666097640991,3.3933329582214355,1.943068027496338,25908016
2007-03-14,3.2200000286102295,3.2200000286102295,3.119999885559082,3.200000047683716,1.8323630094528198,55245702
2007-03-15,3.2666659355163574,3.286665916442871,3.173332929611206,3.1933329105377197,1.8285446166992188,25899000
2007-03-16,3.200000047683716,3.25333309173584,3.173332929611206,3.173332929611206,1.8170926570892334,29172000
2007-03-19,3.200000047683716,3.233333110809326,3.166666030883789,3.1933329105377197,1.8285446166992188,20427000
2007-03-20,3.2666659355163574,3.2666659355163574,3.2133328914642334,3.2466659545898438,1.8590843677520752,15882000
2007-03-21,3.259999990463257,3.346666097640991,3.25333309173584,3.3333330154418945,1.9087107181549072,26710698
2007-03-22,3.4533329010009766,3.4600000381469727,3.3866660594940186,3.440000057220459,1.9697895050048828,36971784
2007-03-23,3.4533329010009766,3.5333330631256104,3.4066660404205322,3.5133330821990967,2.0117812156677246,50571174
2007-03-26,3.5199999809265137,3.6266660690307617,3.5199999809265137,3.619999885559082,2.0728602409362793,47407608
2007-03-27,3.6333329677581787,3.6466660499572754,3.5333330631256104,3.546665906906128,2.0308680534362793,38751000
2007-03-28,3.5999999046325684,3.5999999046325684,3.4466660022735596,3.5799999237060547,2.0499556064605713,27148500
2007-03-29,2.880000114440918,3.0399999618530273,2.853332996368408,3.0399999618530273,1.7704161405563354,107475082
2007-03-30,3.0333330631256104,3.0866661071777344,3.0,3.0333330631256104,1.7665334939956665,42554700
2007-04-02,3.046665906906128,3.0666658878326416,3.0,3.0066659450531006,1.751003384590149,24521136
2007-04-03,3.059999942779541,3.059999942779541,3.0199999809265137,3.0199999809265137,1.7587685585021973,17691750
2007-04-04,3.0999999046325684,3.1533329486846924,3.053333044052124,3.119999885559082,1.8170057535171509,53965500
2007-04-10,3.1266660690307617,3.22666597366333,3.1266660690307617,3.200000047683716,1.8635962009429932,43889662
2007-04-11,3.2200000286102295,3.233333110809326,3.166666030883789,3.233333110809326,1.8830082416534424,28728412
2007-04-12,3.2066659927368164,3.2133328914642334,3.140000104904175,3.1866660118103027,1.855830430984497,13551805
2007-04-13,3.2466659545898438,3.2799999713897705,3.1866660118103027,3.259999990463257,1.8985387086868286,38392614
2007-04-16,3.2733330726623535,3.2799999713897705,3.1866660118103027,3.2066659927368164,1.867478370666504,31837500
2007-04-17,3.1866660118103027,3.259999990463257,3.173332929611206,3.22666597366333,1.8791255950927734,33161086
2007-04-18,3.25333309173584,3.25333309173584,3.180000066757202,3.240000009536743,1.8868908882141113,28033500
2007-04-19,3.200000047683716,3.200000047683716,3.053333044052124,3.113332986831665,1.813123345375061,57385125
2007-04-20,3.166666030883789,3.166666030883789,2.9533329010009766,3.0,1.7471210956573486,100847250
2007-04-23,3.0133330821990967,3.0666658878326416,3.0133330821990967,3.046665906906128,1.7742979526519775,34362000
2007-04-24,3.0199999809265137,3.053333044052124,3.0066659450531006,3.0399999618530273,1.7704161405563354,14666250
2007-04-25,3.0199999809265137,3.0333330631256104,2.986665964126587,3.0,1.7471210956573486,28313250
2007-04-26,2.9800000190734863,3.0799999237060547,2.9800000190734863,3.0666658878326416,1.785946011543274,23554500
2007-04-27,3.0,3.0133330821990967,2.9533329010009766,2.993333101272583,1.7432385683059692,33898500
2007-04-30,2.993333101272583,3.0799999237060547,2.9200000762939453,3.053333044052124,1.7781810760498047,20727000
2007-05-02,3.0399999618530273,3.0933330059051514,2.986665964126587,3.0199999809265137,1.7587685585021973,25975500
2007-05-03,3.0666658878326416,3.0666658878326416,3.0,3.0199999809265137,1.7587685585021973,15793350
2007-05-04,3.0266659259796143,3.0733330249786377,2.9533329010009766,2.9600000381469727,1.723826289176941,63292500
2007-05-07,3.0,3.053333044052124,3.0,3.053333044052124,1.7781810760498047,25404061
2007-05-08,3.046665906906128,3.053333044052124,3.0133330821990967,3.0399999618530273,1.7704161405563354,17342250
2007-05-09,3.059999942779541,3.059999942779541,3.0,3.0133330821990967,1.754886269569397,13587973
2007-05-10,2.993333101272583,3.0266659259796143,2.9666659832000732,3.0,1.7471210956573486,19092000
2007-05-11,2.933332920074463,2.9666659832000732,2.913332939147949,2.913332939147949,1.6966487169265747,44605690
2007-05-14,2.986665964126587,3.059999942779541,2.940000057220459,3.0133330821990967,1.754886269569397,41205082
2007-05-15,3.0,3.0399999618530273,2.9666659832000732,3.0133330821990967,1.754886269569397,29838424
2007-05-16,2.993333101272583,3.0199999809265137,2.9600000381469727,3.0133330821990967,1.754886269569397,39206248
2007-05-17,3.0333330631256104,3.0333330631256104,2.9200000762939453,2.940000057220459,1.7121788263320923,47001750
2007-05-18,2.9200000762939453,2.933332920074463,2.9066660404205322,2.926666021347046,1.7044132947921753,25365750
2007-05-21,2.9066660404205322,2.940000057220459,2.9000000953674316,2.9200000762939453,1.7005313634872437,30107250
2007-05-22,2.9200000762939453,2.940000057220459,2.9000000953674316,2.933332920074463,1.7082959413528442,26166375
2007-05-23,2.9533329010009766,2.9533329010009766,2.9000000953674316,2.913332939147949,1.6966487169265747,25893750
2007-05-25,2.8333330154418945,2.873332977294922,2.813333034515381,2.8399999141693115,1.6539417505264282,58165650
2007-05-28,2.846666097640991,2.853332996368408,2.793333053588867,2.8066658973693848,1.634528636932373,29646750
2007-05-29,2.8066658973693848,2.8066658973693848,2.72666597366333,2.786665916442871,1.6228808164596558,28651350
2007-05-30,2.733333110809326,2.740000009536743,2.673332929611206,2.700000047683716,1.5724087953567505,62123388
2007-05-31,2.700000047683716,2.759999990463257,2.6866660118103027,2.75333309173584,1.603468894958496,60270453
2007-06-01,2.75333309173584,2.799999952316284,2.75333309173584,2.7799999713897705,1.6189991235733032,85661634
2007-06-04,2.846666097640991,2.9800000190734863,2.8399999141693115,2.9733328819274902,1.7315908670425415,169667506
2007-06-05,3.0,3.0733330249786377,2.9733328819274902,3.059999942779541,1.7820632457733154,144103282
2007-06-06,3.046665906906128,3.113332986831665,3.0199999809265137,3.0799999237060547,1.7937109470367432,67282500
2007-06-07,3.059999942779541,3.106666088104248,2.993333101272583,3.0933330059051514,1.8014757633209229,63059250
2007-06-08,3.0199999809265137,3.0333330631256104,2.9600000381469727,3.0,1.7471210956573486,58171125
2007-06-11,2.993333101272583,3.0399999618530273,2.933332920074463,3.0333330631256104,1.7665334939956665,47841018
2007-06-12,3.0399999618530273,3.0933330059051514,3.0,3.0733330249786377,1.7898286581039429,50495250
2007-06-13,3.053333044052124,3.0866661071777344,3.0066659450531006,3.0866661071777344,1.7975934743881226,32528041
2007-06-14,3.0999999046325684,3.119999885559082,3.046665906906128,3.059999942779541,1.7820632457733154,33216750
2007-06-15,3.0799999237060547,3.113332986831665,3.0399999618530273,3.106666088104248,1.8092409372329712,52237846
2007-06-18,3.1266660690307617,3.1866660118103027,3.119999885559082,3.119999885559082,1.8170057535171509,81177000
2007-06-20,3.1533329486846924,3.259999990463257,3.1533329486846924,3.200000047683716,1.8635962009429932,97448313
2007-06-21,3.2066659927368164,3.2666659355163574,3.200000047683716,3.25333309173584,1.894655704498291,74054175
2007-06-22,3.259999990463257,3.259999990463257,3.1333329677581787,3.2200000286102295,1.8752431869506836,59008326
2007-06-25,3.1866660118103027,3.2200000286102295,3.0666658878326416,3.0866661071777344,1.7975934743881226,53432515
2007-06-26,3.0933330059051514,3.1466660499572754,3.0399999618530273,3.106666088104248,1.8092409372329712,50016375
2007-06-27,3.0666658878326416,3.0666658878326416,2.9600000381469727,3.046665906906128,1.7742979526519775,53020500
2007-06-28,3.059999942779541,3.059999942779541,3.059999942779541,3.059999942779541,1.7820632457733154,0
2007-06-29,3.1533329486846924,3.1866660118103027,3.0399999618530273,3.0733330249786377,1.7898286581039429,61538250
2007-07-03,3.0999999046325684,3.25333309173584,3.0999999046325684,3.25333309173584,1.894655704498291,115288423
2007-07-04,3.259999990463257,3.259999990463257,3.1600000858306885,3.200000047683716,1.8635962009429932,82331250
2007-07-05,3.200000047683716,3.233333110809326,3.166666030883789,3.166666030883789,1.8441829681396484,51490437
2007-07-06,3.173332929611206,3.2200000286102295,3.0999999046325684,3.200000047683716,1.8635962009429932,53596500
2007-07-09,3.2200000286102295,3.4066660404205322,3.2200000286102295,3.353332996368408,1.9528932571411133,131141250
2007-07-10,3.4000000953674316,3.426666021347046,3.353332996368408,3.4000000953674316,1.9800708293914795,146886990
2007-07-11,3.4000000953674316,3.5333330631256104,3.353332996368408,3.4533329010009766,2.0111303329467773,112875637
2007-07-12,3.5333330631256104,3.6600000858306885,3.5133330821990967,3.5399999618530273,2.06160306930542,187791433
2007-07-13,3.5666658878326416,3.666666030883789,3.5666658878326416,3.5933330059051514,2.092662811279297,101291250
2007-07-16,3.5866661071777344,3.6533329486846924,3.440000057220459,3.4466660022735596,2.0072476863861084,85027810
2007-07-17,3.4666659832000732,3.546665906906128,3.4600000381469727,3.4800000190734863,2.026660203933716,59069625
2007-07-18,3.4666659832000732,3.493333101272583,3.299999952316284,3.313333034515381,1.929598331451416,135578250
2007-07-19,3.4000000953674316,3.5399999618530273,3.4000000953674316,3.4466660022735596,2.0072476863861084,121247250
2007-07-20,3.5333330631256104,3.880000114440918,3.5333330631256104,3.866666078567505,2.251845121383667,292491675
2007-07-23,3.880000114440918,4.239999771118164,3.8266661167144775,4.093332767486572,2.3838491439819336,188955562
2007-07-24,4.099999904632568,4.2133331298828125,3.9600000381469727,4.106666088104248,2.3916144371032715,99200785
2007-07-25,3.9466660022735596,4.133333206176758,3.933332920074463,4.059999942779541,2.3644373416900635,66355717
2007-07-26,4.013332843780518,4.166666030883789,4.00666618347168,4.066666126251221,2.368319511413574,71871996
2007-07-27,3.9000000953674316,3.9466660022735596,3.733333110809326,3.933332920074463,2.2906699180603027,112320750
2007-07-30,3.866666078567505,3.940000057220459,3.75333309173584,3.940000057220459,2.294552803039551,78495894
2007-07-31,3.986665964126587,4.106666088104248,3.9733328819274902,4.066666126251221,2.368319511413574,49696704
2007-08-01,4.059999942779541,4.059999942779541,3.813333034515381,3.873332977294922,2.2557272911071777,81684300
2007-08-02,3.9466660022735596,3.9466660022735596,3.700000047683716,3.7799999713897705,2.2013726234436035,75755550
2007-08-03,3.866666078567505,3.986665964126587,3.7733330726623535,3.9466660022735596,2.2984347343444824,58901250
2007-08-06,3.9000000953674316,3.9466660022735596,3.8066658973693848,3.853332996368408,2.244079828262329,47581500
2007-08-07,3.933332920074463,3.9666659832000732,3.793333053588867,3.793333053588867,2.2091379165649414,36666450
2007-08-08,3.866666078567505,4.133333206176758,3.813333034515381,4.113333225250244,2.3954970836639404,64762500
2007-08-09,4.133333206176758,4.233333110809326,4.046666145324707,4.073332786560059,2.372201919555664,53520300
2007-08-10,3.813333034515381,3.9200000762939453,3.8066658973693848,3.859999895095825,2.247962474822998,36346932
2007-08-13,3.986665964126587,3.986665964126587,3.866666078567505,3.9000000953674316,2.2712578773498535,35975733
2007-08-14,3.933332920074463,3.9533329010009766,3.880000114440918,3.9000000953674316,2.2712578773498535,25603950
2007-08-15,3.8333330154418945,3.853332996368408,3.666666030883789,3.759999990463257,2.189725160598755,60108000
2007-08-16,3.2666659355163574,3.5333330631256104,3.2666659355163574,3.426666021347046,1.9955999851226807,124404000
2007-08-17,3.366666078567505,3.4000000953674316,2.7200000286102295,3.1933329105377197,1.8597133159637451,146584500
2007-08-20,3.4000000953674316,3.4666659832000732,3.373332977294922,3.4666659832000732,2.018895387649536,101913780
2007-08-21,3.606666088104248,3.7066659927368164,3.440000057220459,3.5066659450531006,2.0421903133392334,83111925
2007-08-22,3.5333330631256104,3.666666030883789,3.5,3.666666030883789,2.1353697776794434,45092400
2007-08-23,3.933332920074463,3.9733328819274902,3.7666659355163574,3.8333330154418945,2.2324330806732178,61104078
2007-08-24,3.799999952316284,3.866666078567505,3.666666030883789,3.859999895095825,2.247962474822998,33309000
2007-08-27,4.0,4.133333206176758,3.9733328819274902,4.099999904632568,2.387732744216919,92429250
2007-08-28,4.166666030883789,4.3933329582214355,3.986665964126587,4.1533331871032715,2.418792486190796,157782750
2007-08-29,3.8933329582214355,4.199999809265137,3.8333330154418945,4.179999828338623,2.4343221187591553,116298750
2007-08-30,4.300000190734863,4.5,4.266665935516357,4.300000190734863,2.504207134246826,105711165
2007-08-31,4.400000095367432,4.666666030883789,4.3333330154418945,4.586666107177734,2.6711535453796387,128347446
2007-09-03,4.586666107177734,5.026666164398193,4.466666221618652,4.940000057220459,2.8769259452819824,156444300
2007-09-04,4.933332920074463,4.986666202545166,4.78000020980835,4.926665782928467,2.8691606521606445,95479650
2007-09-05,5.0,5.320000171661377,4.980000019073486,5.246665954589844,3.05552077293396,140621197
2007-09-06,5.099999904632568,5.47333288192749,5.099999904632568,5.326665878295898,3.1021101474761963,104278500
2007-09-07,5.480000019073486,5.633333206176758,5.3333330154418945,5.360000133514404,3.121523380279541,83842875
2007-09-10,5.293333053588867,6.019999980926514,5.199999809265137,5.8933329582214355,3.4321231842041016,120334687
2007-09-11,5.880000114440918,6.326665878295898,5.880000114440918,6.159999847412109,3.5874218940734863,139060390
2007-09-12,6.566666126251221,6.646666049957275,6.206665992736816,6.300000190734863,3.6689553260803223,97143948
2007-09-13,6.260000228881836,6.2733330726623535,5.906665802001953,6.119999885559082,3.564126491546631,84175387
2007-09-14,6.0,6.166666030883789,6.0,6.053332805633545,3.525301933288574,65904270
2007-09-17,6.093332767486572,6.599999904632568,6.093332767486572,6.586666107177734,3.8359007835388184,91025550
2007-09-18,6.599999904632568,6.880000114440918,6.480000019073486,6.533332824707031,3.8048410415649414,108111781
2007-09-19,6.97333288192749,7.0,6.733333110809326,6.986666202545166,4.068850517272949,115254609
2007-09-20,6.986666202545166,7.706665992736816,6.986666202545166,7.706665992736816,4.488159656524658,117112629
2007-09-21,7.733333110809326,8.973333358764648,7.733333110809326,8.479999542236328,4.938529014587402,169245000
2007-09-24,9.680000305175781,9.733332633972168,8.399999618530273,8.533332824707031,4.9695892333984375,115939500
2007-09-25,8.226666450500488,8.399999618530273,7.800000190734863,7.97333288192749,4.643460273742676,159192000
2007-09-27,7.97333288192749,8.026665687561035,7.400000095367432,7.800000190734863,4.542515754699707,181665613
2007-09-28,8.066665649414062,8.520000457763672,8.013333320617676,8.053333282470703,4.6900506019592285,160230765
2007-10-02,8.600000381469727,9.09333324432373,8.533332824707031,8.786665916442871,5.117123126983643,154791025
2007-10-03,8.479999542236328,8.746665954589844,7.866665840148926,8.10666561126709,4.721108436584473,159741345
2007-10-04,7.8933329582214355,7.933332920074463,7.293333053588867,7.400000095367432,4.309565544128418,166479750
2007-10-05,7.933332920074463,8.0,7.6533331871032715,7.97333288192749,4.643460273742676,133360558
2007-10-08,8.386666297912598,8.466666221618652,7.466666221618652,7.519999980926514,4.37945032119751,132987000
2007-10-09,7.3333330154418945,7.906665802001953,7.266665935516357,7.826665878295898,4.558045387268066,82946400
2007-10-10,8.333333015441895,8.333333015441895,7.666666030883789,7.7733330726623535,4.526984691619873,80380057
2007-10-11,7.813333034515381,8.239999771118164,7.813333034515381,8.199999809265137,4.775465488433838,101103438
2007-10-12,8.319999694824219,8.520000457763672,7.9466657638549805,8.426666259765625,4.907469749450684,205620750
2007-10-15,8.640000343322754,9.15999984741211,8.466666221618652,8.986665725708008,5.233597278594971,144342000
2007-10-16,9.0,9.640000343322754,8.94666576385498,9.133333206176758,5.319012641906738,199717573
2007-10-17,8.933333396911621,9.266666412353516,8.800000190734863,9.0,5.241364002227783,91766895
2007-10-18,9.333333015441895,9.333333015441895,8.813332557678223,8.920000076293945,5.194773197174072,85638000
2007-10-22,8.199999809265137,8.800000190734863,8.133333206176758,8.333333015441895,4.853114604949951,92974506
2007-10-23,8.333333015441895,8.733332633972168,8.0,8.69333267211914,5.062768936157227,78256548
2007-10-24,8.866665840148926,9.026665687561035,8.319999694824219,8.41333293914795,4.8997039794921875,74020014
2007-10-25,8.600000381469727,8.666666030883789,8.199999809265137,8.466666221618652,4.930764675140381,44406663
2007-10-26,8.680000305175781,8.800000190734863,8.50666618347168,8.706665992736816,5.070532321929932,56551777
2007-10-29,9.039999961853027,9.306666374206543,9.039999961853027,9.266666412353516,5.396662712097168,108626517
2007-10-30,9.333333015441895,9.41333293914795,9.119999885559082,9.186665534973145,5.350072860717773,80780061
2007-10-31,8.880000114440918,8.986665725708008,8.786665916442871,8.866665840148926,5.163713455200195,58811823
2007-11-01,9.266666412353516,9.333333015441895,8.933333396911621,8.973333358764648,5.225834369659424,72293310
2007-11-02,8.626666069030762,8.800000190734863,8.4399995803833,8.626666069030762,5.023943901062012,60043884
2007-11-05,8.613332748413086,8.800000190734863,8.026665687561035,8.15999984741211,4.752169609069824,63742305
2007-11-06,8.333333015441895,8.533332824707031,7.733333110809326,8.493332862854004,4.94629430770874,75748084
2007-11-07,8.84000015258789,8.893333435058594,8.533332824707031,8.733332633972168,5.086064338684082,80313495
2007-11-08,8.333333015441895,8.880000114440918,8.333333015441895,8.760000228881836,5.101594924926758,89922729
2007-11-09,8.680000305175781,8.866665840148926,8.466666221618652,8.466666221618652,4.930764675140381,53919483
2007-11-12,8.133333206176758,8.239999771118164,7.666666030883789,7.746665954589844,4.5114545822143555,87258577
2007-11-13,7.066666126251221,7.346665859222412,6.613333225250244,6.840000152587891,3.9834370613098145,172806180
2007-11-14,6.746665954589844,7.466666221618652,6.746665954589844,7.453332901000977,4.340625286102295,97272792
2007-11-15,7.50666618347168,7.666666030883789,7.346665859222412,7.586666107177734,4.418275833129883,88975557
2007-11-16,7.599999904632568,7.599999904632568,7.066666126251221,7.400000095367432,4.309565544128418,63740052
2007-11-19,7.400000095367432,7.519999980926514,7.146666049957275,7.22666597366333,4.208621025085449,35455360
2007-11-20,6.866665840148926,7.199999809265137,6.533332824707031,7.026666164398193,4.092146396636963,113517888
2007-11-21,6.960000038146973,7.199999809265137,6.786665916442871,6.800000190734863,3.960141658782959,53630097
2007-11-22,6.599999904632568,6.866665840148926,6.340000152587891,6.380000114440918,3.7155442237854004,79177126
2007-11-23,6.599999904632568,6.633333206176758,6.300000190734863,6.360000133514404,3.7038967609405518,50756076
2007-11-26,6.800000190734863,7.373332977294922,6.706665992736816,7.199999809265137,4.193090438842773,149967024
2007-11-27,7.3333330154418945,7.3333330154418945,6.866665840148926,7.013332843780518,4.084381103515625,53319000
2007-11-28,7.013332843780518,7.133333206176758,6.9466657638549805,6.9466657638549805,4.045555591583252,29446731
2007-11-29,7.199999809265137,7.533332824707031,7.133333206176758,7.346665859222412,4.278505325317383,66540438
2007-11-30,7.599999904632568,7.6533331871032715,7.426665782928467,7.519999980926514,4.37945032119751,45009637
2007-12-03,7.533332824707031,7.586666107177734,7.413332939147949,7.533332824707031,4.387215614318848,41380927
2007-12-04,7.360000133514404,7.493332862854004,7.266665935516357,7.360000133514404,4.286270618438721,30146382
2007-12-05,7.413332939147949,7.666666030883789,7.400000095367432,7.666666030883789,4.4648661613464355,36475165
2007-12-06,7.800000190734863,7.853332996368408,7.480000019073486,7.599999904632568,4.426040172576904,48343281
2007-12-07,7.800000190734863,7.800000190734863,7.346665859222412,7.3866658210754395,4.3018012046813965,47502622
2007-12-10,7.986666202545166,7.986666202545166,7.106666088104248,7.146666049957275,4.162030220031738,36433248
2007-12-11,7.3333330154418945,7.400000095367432,7.199999809265137,7.320000171661377,4.262976169586182,26292748
2007-12-12,7.053332805633545,7.2133331298828125,7.026666164398193,7.093332767486572,4.130971431732178,34667217
2007-12-13,6.8933329582214355,7.373332977294922,6.800000190734863,6.826665878295898,3.9756710529327393,62584812
2007-12-14,6.786665916442871,7.0,6.760000228881836,6.8933329582214355,4.014495849609375,42236440
2007-12-17,6.933332920074463,6.933332920074463,6.573332786560059,6.593332767486572,3.8397841453552246,42953224
2007-12-18,6.47333288192749,6.526666164398193,6.233333110809326,6.466666221618652,3.7660164833068848,56216442
2007-12-19,6.340000152587891,6.626666069030762,6.25333309173584,6.426665782928467,3.7427213191986084,32903458
2007-12-20,6.3933329582214355,6.599999904632568,6.3333330154418945,6.599999904632568,3.8436665534973145,23712064
2007-12-21,6.586666107177734,6.986666202545166,6.586666107177734,6.8933329582214355,4.014495849609375,32447446
2007-12-24,7.266665935516357,8.066665649414062,7.25333309173584,7.960000038146973,4.635695457458496,129200418
2007-12-27,6.853332996368408,8.626666069030762,6.853332996368408,7.800000190734863,4.542515754699707,152220960
2007-12-28,8.466666221618652,8.466666221618652,7.573332786560059,7.7733330726623535,4.526984691619873,65044692
2007-12-31,8.133333206176758,8.133333206176758,7.933332920074463,8.066665649414062,4.69781494140625,33966477
2008-01-02,7.7733330726623535,8.453332901000977,7.7733330726623535,8.213333129882812,4.783229351043701,65075058
2008-01-03,8.239999771118164,8.586666107177734,8.199999809265137,8.359999656677246,4.8686442375183105,97292652
2008-01-04,8.533332824707031,9.0,8.533332824707031,8.94666576385498,5.21030330657959,144019668
2008-01-07,8.800000190734863,8.800000190734863,8.493332862854004,8.666666030883789,5.047238349914551,90339360
2008-01-08,8.666666030883789,8.84000015258789,8.373332977294922,8.533332824707031,4.9695892333984375,66501759
2008-01-09,8.800000190734863,8.853333473205566,8.626666069030762,8.733332633972168,5.086064338684082,88691238
2008-01-10,8.800000190734863,8.853333473205566,8.50666618347168,8.613332748413086,5.016178607940674,60091909
2008-01-11,8.760000228881836,8.84000015258789,8.533332824707031,8.5600004196167,4.985119342803955,57510823
2008-01-14,8.720000267028809,8.720000267028809,8.41333293914795,8.586666107177734,5.0006489753723145,34843051
2008-01-15,8.666666030883789,8.826665878295898,8.453332901000977,8.800000190734863,5.1248884201049805,103082199
2008-01-16,8.333333015441895,8.399999618530273,7.733333110809326,7.786665916442871,4.534749984741211,90141279
2008-01-17,7.666666030883789,7.826665878295898,7.133333206176758,7.613333225250244,4.433804988861084,84842136
2008-01-18,7.599999904632568,7.599999904632568,7.0,7.186666011810303,4.185325622558594,120581436
2008-01-21,7.50666618347168,7.50666618347168,6.733333110809326,6.786665916442871,3.952376365661621,68171052
2008-01-22,5.866665840148926,6.053332805633545,5.366665840148926,5.880000114440918,3.4243576526641846,215804560
2008-01-23,5.440000057220459,6.733333110809326,5.440000057220459,6.366665840148926,3.7077789306640625,139815012
2008-01-24,6.599999904632568,6.760000228881836,6.300000190734863,6.360000133514404,3.7038967609405518,80886259
2008-01-25,6.340000152587891,6.986666202545166,6.340000152587891,6.920000076293945,4.030026912689209,130386792
2008-01-28,6.986666202545166,7.133333206176758,6.566666126251221,6.639999866485596,3.866961717605591,75207909
2008-01-29,6.880000114440918,6.960000038146973,6.666666030883789,6.706665992736816,3.9057865142822266,42668655
2008-01-30,6.786665916442871,6.920000076293945,6.1533331871032715,6.25333309173584,3.6417765617370605,81295933
2008-01-31,6.206665992736816,6.300000190734863,5.586666107177734,6.1533331871032715,3.583540201187134,108014242
2008-02-01,5.701333045959473,6.486666202545166,5.701333045959473,6.480000019073486,3.7737817764282227,66571782
2008-02-04,6.626666069030762,6.880000114440918,6.599999904632568,6.800000190734863,3.960141658782959,71458914
2008-02-05,6.599999904632568,6.599999904632568,6.420000076293945,6.433332920074463,3.74660325050354,58091215
2008-02-06,6.0,6.066666126251221,5.866665840148926,6.066666126251221,3.533066987991333,71901843
2008-02-11,6.0,6.260000228881836,5.940000057220459,6.0,3.4942421913146973,55648705
2008-02-12,6.133333206176758,6.1533331871032715,6.046666145324707,6.1533331871032715,3.583540201187134,24843030
2008-02-13,6.293333053588867,6.293333053588867,6.0,6.073332786560059,3.536949872970581,40340404
2008-02-14,6.199999809265137,6.260000228881836,5.906665802001953,5.906665802001953,3.4398865699768066,52283689
2008-02-15,6.113333225250244,6.22666597366333,5.97333288192749,6.22666597366333,3.626246690750122,45591166
2008-02-18,6.3333330154418945,6.373332977294922,6.186666011810303,6.266665935516357,3.6495416164398193,28075557
2008-02-19,6.320000171661377,6.50666618347168,6.2133331298828125,6.50666618347168,3.789311408996582,35434500
2008-02-20,6.786665916442871,6.800000190734863,6.513332843780518,6.613333225250244,3.8514318466186523,91863315
2008-02-21,6.800000190734863,6.920000076293945,6.7733330726623535,6.826665878295898,3.9756710529327393,77007508
2008-02-22,6.866665840148926,7.026666164398193,6.71999979019165,6.933332920074463,4.0377912521362305,65942943
2008-02-25,7.066666126251221,7.066666126251221,6.746665954589844,6.800000190734863,3.960141658782959,28188615
2008-02-26,6.6533331871032715,6.6533331871032715,6.206665992736816,6.50666618347168,3.789311408996582,126226404
2008-02-27,6.626666069030762,7.079999923706055,6.626666069030762,7.079999923706055,4.12320613861084,93408382
2008-02-28,7.066666126251221,7.306665897369385,6.933332920074463,7.026666164398193,4.092146396636963,79957210
2008-02-29,6.8933329582214355,7.306665897369385,6.8933329582214355,7.146666049957275,4.162030220031738,51325383
2008-03-03,6.97333288192749,7.239999771118164,6.853332996368408,7.119999885559082,4.146501541137695,40704322
2008-03-04,7.133333206176758,7.266665935516357,6.800000190734863,6.853332996368408,3.9912004470825195,64668744
2008-03-05,6.800000190734863,6.880000114440918,6.5,6.6533331871032715,3.8747262954711914,47359798
2008-03-06,6.840000152587891,7.013332843780518,6.7733330726623535,6.906665802001953,4.022260665893555,40466734
2008-03-07,6.599999904632568,6.840000152587891,6.566666126251221,6.746665954589844,3.9290807247161865,42838036
2008-03-10,6.6533331871032715,6.6533331871032715,6.00666618347168,6.47333288192749,3.7698984146118164,78661020
2008-03-11,6.3333330154418945,6.486666202545166,6.293333053588867,6.460000038146973,3.7621352672576904,43386856
2008-03-12,6.599999904632568,6.666666030883789,6.50666618347168,6.599999904632568,3.8436665534973145,31457788
2008-03-13,6.533332824707031,6.599999904632568,6.233333110809326,6.293333053588867,3.665071487426758,29407009
2008-03-14,6.3333330154418945,6.5,6.139999866485596,6.173333168029785,3.595187187194824,41538268
2008-03-17,6.0,6.00666618347168,5.739999771118164,5.840000152587891,3.4010627269744873,87655935
2008-03-18,5.800000190734863,5.826665878295898,4.586666107177734,5.293333053588867,3.082698106765747,173457021
2008-03-19,5.326665878295898,5.433332920074463,4.693333148956299,4.993332862854004,2.907986640930176,140389182
2008-03-20,5.013332843780518,5.013332843780518,4.0,4.326665878295898,2.5197362899780273,195112416
2008-03-25,4.406665802001953,4.626666069030762,4.300000190734863,4.626666069030762,2.6944494247436523,89605485
2008-03-26,4.406665802001953,4.960000038146973,4.406665802001953,4.71999979019165,2.7488040924072266,61386546
2008-03-27,4.800000190734863,4.9466657638549805,4.706665992736816,4.913332939147949,2.861396312713623,52815132
2008-03-28,4.933332920074463,5.25333309173584,4.8933329582214355,5.25333309173584,3.05940318107605,78504862
2008-03-31,5.019999980926514,5.119999885559082,4.913332939147949,4.926665782928467,2.8691606521606445,43580527
2008-04-01,4.960000038146973,4.986666202545166,4.573332786560059,4.599999904632568,2.6789190769195557,77936371
2008-04-02,4.960000038146973,4.960000038146973,4.400000095367432,4.566666126251221,2.659506320953369,125559816
2008-04-03,4.599999904632568,4.786665916442871,4.599999904632568,4.78000020980835,2.7837467193603516,57930244
2008-04-07,4.778666019439697,5.3333330154418945,4.778666019439697,5.3333330154418945,3.105992555618286,131318496
2008-04-08,5.033332824707031,5.980000019073486,5.033332824707031,5.733333110809326,3.3389430046081543,187409064
2008-04-09,5.633333206176758,5.72666597366333,5.233333110809326,5.3333330154418945,3.105992555618286,97422312
2008-04-10,5.5,5.533332824707031,5.260000228881836,5.2733330726623535,3.0710508823394775,52695934
2008-04-11,5.306665897369385,5.380000114440918,5.246665954589844,5.293333053588867,3.082698106765747,46102648
2008-04-14,5.513332843780518,5.513332843780518,4.97333288192749,4.986666202545166,2.9041032791137695,34357311
2008-04-15,4.993332862854004,5.113333225250244,4.993332862854004,5.073332786560059,2.954576253890991,36431646
2008-04-16,5.133333206176758,5.133333206176758,4.933332920074463,4.960000038146973,2.8885741233825684,24819715
2008-04-17,5.199999809265137,5.199999809265137,5.046666145324707,5.079999923706055,2.958458423614502,32734125
2008-04-18,5.0,5.066666126251221,4.8933329582214355,4.906665802001953,2.857513427734375,27175525
2008-04-21,4.993332862854004,5.059999942779541,4.673333168029785,4.739999771118164,2.760451316833496,66223303
2008-04-22,5.026666164398193,5.026666164398193,4.553332805633545,4.793333053588867,2.7915115356445312,78114516
2008-04-23,4.800000190734863,5.106666088104248,4.800000190734863,5.066666126251221,2.950692892074585,70396119
2008-04-24,5.139999866485596,5.353332996368408,5.093332767486572,5.286665916442871,3.078815460205078,111716955
2008-04-25,5.3333330154418945,5.693333148956299,4.906665802001953,5.066666126251221,2.950692892074585,221702983
2008-04-28,5.689332962036133,5.689332962036133,4.813333034515381,4.840000152587891,2.8186895847320557,90171324
2008-04-29,4.840000152587891,4.906665802001953,4.699999809265137,4.806665897369385,2.799276351928711,60433446
2008-04-30,4.760000228881836,4.806665897369385,4.706665992736816,4.733333110809326,2.7565689086914062,48051306
2008-05-02,4.673333168029785,4.793333053588867,4.673333168029785,4.733333110809326,2.7565689086914062,58474032
2008-05-05,4.793333053588867,4.8933329582214355,4.71999979019165,4.739999771118164,2.760451316833496,95280783
2008-05-06,4.75333309173584,4.97333288192749,4.75333309173584,4.97333288192749,2.8963379859924316,79365687
2008-05-07,5.00666618347168,5.033332824707031,4.760000228881836,4.813333034515381,2.8031585216522217,57669477
2008-05-08,4.846665859222412,4.846665859222412,4.699999809265137,4.733333110809326,2.7565689086914062,46957405
2008-05-09,4.72666597366333,4.786665916442871,4.633333206176758,4.646666049957275,2.7060964107513428,44933118
2008-05-13,4.666666030883789,4.7133331298828125,4.579999923706055,4.6533331871032715,2.7099790573120117,23906451
2008-05-14,4.599999904632568,4.599999904632568,4.486666202545166,4.546666145324707,2.647859573364258,57082131
2008-05-15,4.539999961853027,4.586666107177734,4.466666221618652,4.5,2.6206820011138916,43320723
2008-05-16,4.579999923706055,4.7733330726623535,4.573332786560059,4.760000228881836,2.772099494934082,61184973
2008-05-19,4.933332920074463,5.133333206176758,4.8333330154418945,5.119999885559082,2.981753349304199,124877757
2008-05-20,5.086666107177734,5.119999885559082,4.820000171661377,4.953332901000977,2.884690999984741,78161545
2008-05-21,5.0,5.2733330726623535,4.933332920074463,5.25333309173584,3.05940318107605,167054785
2008-05-22,5.179999828338623,5.373332977294922,5.093332767486572,5.099999904632568,2.9701061248779297,111004635
2008-05-23,5.099999904632568,5.186666011810303,4.940000057220459,5.039999961853027,2.935164213180542,61074799
2008-05-26,5.319333076477051,5.319333076477051,4.866665840148926,5.133333206176758,2.9895191192626953,66880368
2008-05-27,5.199999809265137,5.28000020980835,5.133333206176758,5.193333148956299,3.024461030960083,56764500
2008-05-28,5.363999843597412,5.363999843597412,5.0,5.173333168029785,3.012813091278076,27679104
2008-05-29,5.246665954589844,5.2733330726623535,4.880000114440918,4.933332920074463,2.873044013977051,51581947
2008-05-30,4.933332920074463,4.933332920074463,4.766665935516357,4.926665782928467,2.8691606521606445,46061637
2008-06-02,4.933332920074463,5.166666030883789,4.906665802001953,5.106666088104248,2.9739880561828613,39222184
2008-06-03,5.099999904632568,5.099999904632568,4.966666221618652,5.00666618347168,2.9157512187957764,38360203
2008-06-04,4.933332920074463,5.0,4.866665840148926,4.866665840148926,2.8342180252075195,25618714
2008-06-05,4.866665840148926,4.913332939147949,4.78000020980835,4.8333330154418945,2.8148064613342285,34277896
2008-06-06,4.866665840148926,4.9466657638549805,4.866665840148926,4.900000095367432,2.8536317348480225,28670527
2008-06-10,4.800000190734863,4.900000095367432,4.693333148956299,4.746665954589844,2.764333724975586,44627046
2008-06-11,4.606666088104248,4.786665916442871,4.606666088104248,4.679999828338623,2.725508451461792,35146156
2008-06-12,4.666666030883789,4.666666030883789,4.526666164398193,4.633333206176758,2.698331356048584,41570038
2008-06-13,4.5,4.599999904632568,4.420000076293945,4.420000076293945,2.574092388153076,30740854
2008-06-16,4.400000095367432,4.559999942779541,4.366665840148926,4.466666221618652,2.601269006729126,29882749
2008-06-17,4.466666221618652,4.533332824707031,4.433332920074463,4.493332862854004,2.6167986392974854,18339219
2008-06-18,4.566666126251221,4.599999904632568,4.466666221618652,4.586666107177734,2.6711535453796387,27489339
2008-06-19,4.559999942779541,4.559999942779541,4.3333330154418945,4.406665802001953,2.566326141357422,33166804
2008-06-20,4.406665802001953,4.519999980926514,4.3333330154418945,4.366665840148926,2.543032169342041,28512615
2008-06-23,4.306665897369385,4.433332920074463,4.306665897369385,4.3333330154418945,2.5236191749572754,26275116
2008-06-24,4.133333206176758,4.406665802001953,4.133333206176758,4.186666011810303,2.438204526901245,51830784
2008-06-25,4.199999809265137,4.320000171661377,4.106666088104248,4.193333148956299,2.442086696624756,26531874
2008-06-26,4.166666030883789,4.193333148956299,4.0,4.013332843780518,2.337259531021118,40474989
2008-06-27,4.033332824707031,4.179999828338623,3.913332939147949,4.139999866485596,2.411027431488037,92031697
2008-06-30,3.9666659832000732,4.420000076293945,3.9666659832000732,4.420000076293945,2.574092388153076,61007058
2008-07-02,4.364665985107422,4.659999847412109,4.364665985107422,4.579999923706055,2.6672720909118652,80586534
2008-07-03,4.573332786560059,4.573332786560059,4.186666011810303,4.266665935516357,2.517778158187866,59946441
2008-07-04,4.186666011810303,4.3333330154418945,4.173333168029785,4.22666597366333,2.4941742420196533,25839189
2008-07-07,4.199999809265137,4.373332977294922,4.139999866485596,4.3333330154418945,2.557119131088257,28890603
2008-07-08,4.300000190734863,4.300000190734863,4.099999904632568,4.199999809265137,2.478438138961792,24810144
2008-07-09,4.199999809265137,4.3333330154418945,4.133333206176758,4.166666030883789,2.458767890930176,58287931
2008-07-10,4.093332767486572,4.28000020980835,4.093332767486572,4.193333148956299,2.474504232406616,38978106
2008-07-11,4.2733330726623535,4.326665878295898,4.186666011810303,4.313333034515381,2.545316219329834,50999745
2008-07-14,4.400000095367432,4.639999866485596,4.3866658210754395,4.539999961853027,2.679074287414551,104791674
2008-07-15,4.553332805633545,4.573332786560059,4.340000152587891,4.433332920074463,2.616128921508789,52552971
2008-07-16,4.466666221618652,4.813333034515381,4.440000057220459,4.686666011810303,2.7656216621398926,121156674
2008-07-17,4.766665935516357,4.820000171661377,4.573332786560059,4.733333110809326,2.7931604385375977,53208244
2008-07-18,4.733333110809326,4.760000228881836,4.553332805633545,4.646666049957275,2.7420175075531006,31547140
2008-07-21,4.746665954589844,4.800000190734863,4.646666049957275,4.699999809265137,2.7734909057617188,32205234
2008-07-22,4.733333110809326,4.760000228881836,4.6533331871032715,4.71999979019165,2.785292863845825,27247500
2008-07-23,4.706665992736816,4.7133331298828125,4.480000019073486,4.606666088104248,2.718414306640625,48842640
2008-07-24,4.47333288192749,4.553332805633545,4.460000038146973,4.486666202545166,2.647601842880249,39745267
2008-07-25,4.440000057220459,4.453332901000977,4.199999809265137,4.266665935516357,2.517778158187866,62501169
2008-07-28,4.28000020980835,4.3933329582214355,4.28000020980835,4.286665916442871,2.5295803546905518,21924187
2008-07-29,4.159999847412109,4.25333309173584,4.139999866485596,4.2133331298828125,2.4863064289093018,28876050
2008-07-30,4.293333053588867,4.306665897369385,4.166666030883789,4.173333168029785,2.4627020359039307,50458800
2008-07-31,4.166666030883789,4.21999979019165,4.099999904632568,4.133333206176758,2.4390978813171387,58367250
2008-08-01,4.099999904632568,4.119999885559082,3.9666659832000732,4.0,2.360417604446411,92005500
2008-08-04,4.00666618347168,4.039999961853027,3.9800000190734863,4.013332843780518,2.3682851791381836,30535950
2008-08-05,3.9200000762939453,3.9200000762939453,3.4666659832000732,3.559999942779541,2.100771427154541,171877200
2008-08-06,3.559999942779541,3.559999942779541,3.559999942779541,3.559999942779541,2.100771427154541,0
2008-08-07,3.559999942779541,3.5866661071777344,3.426666021347046,3.5333330631256104,2.0850353240966797,46149600
2008-08-08,3.4666659832000732,3.5,3.3333330154418945,3.3333330154418945,1.9670143127441406,39749700
2008-08-11,3.3066658973693848,3.3399999141693115,3.0999999046325684,3.200000047683716,1.8883342742919922,57216000
2008-08-12,3.0333330631256104,3.1866660118103027,2.9733328819274902,3.0133330821990967,1.7781810760498047,58516650
2008-08-13,2.9066660404205322,3.059999942779541,2.9066660404205322,3.0133330821990967,1.7781810760498047,45014700
2008-08-14,3.0066659450531006,3.4000000953674316,3.0066659450531006,3.366666078567505,1.9866844415664673,114459768
2008-08-15,3.200000047683716,3.25333309173584,3.119999885559082,3.1333329677581787,1.8489934206008911,70436700
2008-08-18,3.0933330059051514,3.1933329105377197,3.0666658878326416,3.1466660499572754,1.8568613529205322,28323420
2008-08-19,3.1266660690307617,3.1933329105377197,3.0,3.0,1.7703131437301636,24899389
2008-08-20,3.119999885559082,3.313333034515381,3.0799999237060547,3.313333034515381,1.9552127122879028,37692505
2008-08-21,3.3333330154418945,3.373332977294922,3.173332929611206,3.2200000286102295,1.9001365900039673,29006584
2008-08-22,3.2200000286102295,3.2200000286102295,3.2200000286102295,3.2200000286102295,1.9001365900039673,0
2008-08-25,3.233333110809326,3.3866660594940186,3.22666597366333,3.359999895095825,1.9827505350112915,35111500
2008-08-26,3.319999933242798,3.366666078567505,3.25333309173584,3.3333330154418945,1.9670143127441406,16830321
2008-08-27,3.3333330154418945,3.486665964126587,3.3266661167144775,3.486665964126587,2.0574965476989746,38195739
2008-08-28,3.5,3.5199999809265137,3.373332977294922,3.4200000762939453,2.0181570053100586,33295992
2008-08-29,3.5266659259796143,3.5866661071777344,3.493333101272583,3.559999942779541,2.100771427154541,35017386
2008-09-01,3.5,3.5133330821990967,3.373332977294922,3.4466660022735596,2.03389310836792,22723252
2008-09-02,3.366666078567505,3.4000000953674316,3.106666088104248,3.233333110809326,1.908003807067871,59979000
2008-09-03,3.166666030883789,3.166666030883789,3.0,3.0133330821990967,1.7781810760498047,41175468
2008-09-04,2.9066660404205322,3.0933330059051514,2.9066660404205322,3.0799999237060547,1.8175209760665894,39068536
2008-09-05,2.873332977294922,2.9600000381469727,2.846666097640991,2.9000000953674316,1.7113028764724731,36766735
2008-09-08,3.200000047683716,3.200000047683716,2.9200000762939453,3.0199999809265137,1.7821153402328491,42638632
2008-09-09,2.933332920074463,3.0199999809265137,2.859999895095825,2.859999895095825,1.687698483467102,30185908
2008-09-10,2.853332996368408,2.853332996368408,2.5399999618530273,2.5933330059051514,1.5303373336791992,96691188
2008-09-11,2.4666659832000732,2.5199999809265137,2.319999933242798,2.3399999141693115,1.380843997001648,63005463
2008-09-12,2.3399999141693115,2.426666021347046,2.3333330154418945,2.346666097640991,1.3847780227661133,33157158
2008-09-16,2.346666097640991,2.359999895095825,2.1866660118103027,2.1866660118103027,1.290360927581787,83054595
2008-09-17,2.259999990463257,2.293333053588867,2.0733330249786377,2.1533329486846924,1.270691156387329,72901399
2008-09-18,2.1600000858306885,2.6600000858306885,2.1600000858306885,2.5999999046325684,1.5342713594436646,226467168
2008-09-19,2.353332996368408,2.819999933242798,2.353332996368408,2.6933329105377197,1.5893474817276,150898704
2008-09-22,2.5999999046325684,2.7799999713897705,2.546665906906128,2.6533329486846924,1.565743327140808,99481578
2008-09-23,2.7733330726623535,2.853332996368408,2.6533329486846924,2.793333053588867,1.6483581066131592,126927972
2008-09-24,2.7466659545898438,2.8266661167144775,2.5999999046325684,2.819999933242798,1.66409432888031,61827753
2008-09-25,2.8333330154418945,2.8866660594940186,2.819999933242798,2.8333330154418945,1.6719621419906616,34803103
2008-09-26,2.8333330154418945,2.8333330154418945,2.6866660118103027,2.7666659355163574,1.6326215267181396,30171426
2008-09-29,2.8066658973693848,2.819999933242798,2.5133330821990967,2.5133330821990967,1.4831290245056152,43583163
2008-09-30,2.353332996368408,2.5866661071777344,2.259999990463257,2.5866661071777344,1.5264027118682861,107818368
2008-10-02,2.4733328819274902,2.6333329677581787,2.4066660404205322,2.6266660690307617,1.5500071048736572,28472325
2008-10-03,2.4666659832000732,2.5733330249786377,2.440000057220459,2.553333044052124,1.5067329406738281,34621110
2008-10-06,2.3866660594940186,2.5133330821990967,2.2066659927368164,2.2133328914642334,1.306097388267517,44820172
2008-10-08,2.240665912628174,2.240665912628174,2.0666658878326416,2.0666658878326416,1.2195485830307007,65822028
2008-10-09,2.22666597366333,2.22666597366333,2.106666088104248,2.1266660690307617,1.2549548149108887,73966200
2008-10-10,2.286665916442871,2.286665916442871,1.899999976158142,2.1333329677581787,1.258889079093933,76546800
2008-10-13,1.9800000190734863,2.2466659545898438,1.9333330392837524,2.2466659545898438,1.325767159461975,53461956
2008-10-14,2.200000047683716,2.4000000953674316,2.173332929611206,2.2066659927368164,1.3021633625030518,66289248
2008-10-15,2.0999999046325684,2.180000066757202,2.0333330631256104,2.0666658878326416,1.2195485830307007,47059002
2008-10-16,2.0713329315185547,2.0713329315185547,1.8466659784317017,1.8666659593582153,1.1015276908874512,56036016
2008-10-17,1.8666659593582153,1.8666659593582153,1.666666030883789,1.72666597366333,1.0189129114151,71992845
2008-10-20,1.6733330488204956,1.766666054725647,1.613332986831665,1.7466659545898438,1.0307151079177856,55789194
2008-10-21,1.773332953453064,1.7933330535888672,1.6533329486846924,1.6533329486846924,0.9756389260292053,30441441
2008-10-22,1.613332986831665,1.6399999856948853,1.399999976158142,1.4333330392837524,0.8458160161972046,64048710
2008-10-23,1.3866660594940186,1.3866660594940186,1.1466660499572754,1.266666054725647,0.7474653124809265,108776676
2008-10-24,1.253999948501587,1.253999948501587,1.0066659450531006,1.059999942779541,0.6255106329917908,118658100
2008-10-27,1.100000023841858,1.1333329677581787,0.9266660213470459,0.9466660022735596,0.5586318373680115,82654419
2008-10-28,1.0666660070419312,1.0666660070419312,0.9399999976158142,1.0,0.5901044011116028,117170988
2008-10-29,1.0286660194396973,1.1399999856948853,1.0286660194396973,1.0933330059051514,0.6451804637908936,100451904
2008-10-30,1.053333044052124,1.4199999570846558,1.053333044052124,1.4199999570846558,0.837948203086853,158428416
2008-10-31,1.4199999570846558,1.7000000476837158,1.2466659545898438,1.5333329439163208,0.9048266410827637,226044216
2008-11-03,1.4033329486846924,1.7200000286102295,1.4033329486846924,1.6933330297470093,0.9992431402206421,80423946
2008-11-04,1.6333329677581787,1.766666054725647,1.5333329439163208,1.613332986831665,0.9520348310470581,48791604
2008-11-05,1.613332986831665,1.8200000524520874,1.613332986831665,1.666666030883789,0.9835067391395569,88828092
2008-11-06,1.5266660451889038,1.6200000047683716,1.4466660022735596,1.5,0.8851565718650818,50081664
2008-11-07,1.3799999952316284,1.6333329677581787,1.3733329772949219,1.5466660261154175,0.9126943945884705,60557589
2008-11-10,1.6333329677581787,1.7866660356521606,1.6266659498214722,1.766666054725647,1.0425174236297607,59168323
2008-11-11,1.6866660118103027,1.7799999713897705,1.5866659879684448,1.6466660499572754,0.9717047214508057,55055440
2008-11-12,1.6466660499572754,1.6733330488204956,1.5266660451889038,1.5666660070419312,0.9244963526725769,46412506
2008-11-13,1.5753329992294312,1.5753329992294312,1.3666659593582153,1.3799999952316284,0.814344048500061,100686000
2008-11-14,1.3733329772949219,1.5333329439163208,1.3733329772949219,1.440000057220459,0.849750280380249,110932008
2008-11-17,1.5,1.5466660261154175,1.440000057220459,1.5266660451889038,0.9008922576904297,56411884
2008-11-18,1.486665964126587,1.5,1.3666659593582153,1.3799999952316284,0.814344048500061,51514066
2008-11-19,1.4199999570846558,1.4733330011367798,1.3933329582214355,1.4333330392837524,0.8458160161972046,35045586
2008-11-20,1.3933329582214355,1.486665964126587,1.3600000143051147,1.4066660404205322,0.8300796747207642,73486707
2008-11-21,1.3666659593582153,1.5333329439163208,1.3466659784317017,1.4933329820632935,0.8812224268913269,77585539
2008-11-24,1.399999976158142,1.6200000047683716,1.399999976158142,1.5399999618530273,0.9087604880332947,71711646
2008-11-25,1.6933330297470093,1.7200000286102295,1.6266659498214722,1.6333329677581787,0.9638370275497437,105587617
2008-11-26,1.6733330488204956,1.7333329916000366,1.6533329486846924,1.72666597366333,1.0189129114151,67366996
2008-11-27,1.7866660356521606,1.8533329963684082,1.7333329916000366,1.7933330535888672,1.0582536458969116,97056444
2008-11-28,1.8466659784317017,1.899999976158142,1.8133330345153809,1.8666659593582153,1.1015276908874512,54761250
2008-12-01,1.899999976158142,2.0866661071777344,1.8333330154418945,2.0666658878326416,1.2195485830307007,80947320
2008-12-02,1.8799999952316284,1.8866660594940186,1.8133330345153809,1.8200000524520874,1.0739901065826416,100849000
2008-12-03,1.8866660594940186,1.9533330202102661,1.8866660594940186,1.9133330583572388,1.1290661096572876,60977989
2008-12-04,1.9333330392837524,1.9600000381469727,1.8533329963684082,1.8666659593582153,1.1015276908874512,42130921
2008-12-05,1.8666659593582153,1.9800000190734863,1.8600000143051147,1.9800000190734863,1.16840660572052,45450681
2008-12-08,2.0,2.200000047683716,2.0,2.200000047683716,1.2982298135757446,86970219
2008-12-09,2.0,2.366666078567505,2.0,2.2666659355163574,1.3375697135925293,76712358
2008-12-10,2.2666659355163574,2.700000047683716,2.2666659355163574,2.666666030883789,1.5736111402511597,100110262
2008-12-11,2.666666030883789,2.993333101272583,2.6466660499572754,2.926666021347046,1.7270382642745972,182216836
2008-12-12,2.700000047683716,2.986665964126587,2.5066659450531006,2.666666030883789,1.5736111402511597,192684120
2008-12-15,2.9000000953674316,2.933332920074463,2.6600000858306885,2.75333309173584,1.6247544288635254,78111810
2008-12-16,2.733333110809326,2.926666021347046,2.72666597366333,2.859999895095825,1.687698483467102,53242612
2008-12-17,3.0,3.1266660690307617,2.986665964126587,3.0866661071777344,1.821455478668213,90710716
2008-12-18,3.140000104904175,3.3333330154418945,3.140000104904175,3.286665916442871,1.9394757747650146,88001092
2008-12-19,3.180000066757202,3.200000047683716,3.0333330631256104,3.1333329677581787,1.8489934206008911,90688063
2008-12-22,3.1333329677581787,3.180000066757202,2.7666659355163574,2.8333330154418945,1.6719621419906616,95284858
2008-12-23,2.9006659984588623,2.9006659984588623,2.5399999618530273,2.640000104904175,1.5578755140304565,76073316
2008-12-24,2.5999999046325684,2.813333034515381,2.546665906906128,2.793333053588867,1.6483581066131592,39545211
2008-12-29,2.640000104904175,3.0266659259796143,2.640000104904175,3.0266659259796143,1.7860487699508667,58334790
2008-12-30,3.0733330249786377,3.1333329677581787,3.0,3.1266660690307617,1.8450591564178467,57663301
2008-12-31,3.166666030883789,3.2133328914642334,3.119999885559082,3.1333329677581787,1.8489934206008911,32658165
2009-01-02,3.173332929611206,3.2066659927368164,3.140000104904175,3.173332929611206,1.8725976943969727,30115894
2009-01-05,3.2733330726623535,3.3266661167144775,3.180000066757202,3.3266661167144775,1.9630800485610962,51694108
2009-01-06,3.233333110809326,3.2733330726623535,3.1266660690307617,3.233333110809326,1.908003807067871,59612469
2009-01-07,3.299999952316284,3.3066658973693848,3.0999999046325684,3.173332929611206,1.8725976943969727,60584782
2009-01-08,3.0733330249786377,3.0733330249786377,2.853332996368408,2.913332939147949,1.7191705703735352,79482112
2009-01-09,2.7666659355163574,3.0266659259796143,2.7666659355163574,2.9666659832000732,1.7506424188613892,51170256
2009-01-12,2.933332920074463,2.933332920074463,2.733333110809326,2.7466659545898438,1.6208192110061646,49419486
2009-01-13,2.640000104904175,2.7799999713897705,2.5866661071777344,2.6533329486846924,1.565743327140808,58545087
2009-01-14,2.740000009536743,2.819999933242798,2.6866660118103027,2.7799999713897705,1.6404900550842285,29418715
2009-01-15,2.606666088104248,2.7200000286102295,2.559999942779541,2.7200000286102295,1.6050840616226196,42207199
2009-01-16,2.6459999084472656,2.8333330154418945,2.6459999084472656,2.759999990463257,1.628688097000122,19910272
2009-01-19,2.7066659927368164,2.9000000953674316,2.7066659927368164,2.846666097640991,1.6798299551010132,24711894
2009-01-20,2.700000047683716,2.8399999141693115,2.6533329486846924,2.7466659545898438,1.6208192110061646,31760250
2009-01-21,2.793333053588867,2.853332996368408,2.640000104904175,2.740000009536743,1.6168855428695679,60883500
2009-01-22,2.799999952316284,2.799999952316284,2.640000104904175,2.6533329486846924,1.565743327140808,40228932
2009-01-23,2.5733330249786377,2.6266660690307617,2.4800000190734863,2.5133330821990967,1.4831290245056152,53985639
2009-01-29,2.6533329486846924,2.666666030883789,2.553333044052124,2.5799999237060547,1.5224692821502686,43062228
2009-01-30,2.6333329677581787,2.813333034515381,2.5399999618530273,2.7799999713897705,1.6404900550842285,74050602
2009-02-02,2.866666078567505,2.9533329010009766,2.8066658973693848,2.813333034515381,1.6601600646972656,78538089
2009-02-03,2.846666097640991,2.866666078567505,2.7200000286102295,2.759999990463257,1.628688097000122,32103447
2009-02-04,2.8266661167144775,2.8399999141693115,2.7666659355163574,2.8066658973693848,1.6562256813049316,39395049
2009-02-05,2.700000047683716,3.0066659450531006,2.700000047683716,2.933332920074463,1.7309726476669312,80698320
2009-02-06,3.0666658878326416,3.0933330059051514,2.940000057220459,3.0733330249786377,1.8135873079299927,60315603
2009-02-09,3.119999885559082,3.173332929611206,3.0399999618530273,3.1466660499572754,1.8568613529205322,57238897
2009-02-10,3.1266660690307617,3.1266660690307617,3.0,3.0066659450531006,1.7742466926574707,68210824
2009-02-11,3.0399999618530273,3.2466659545898438,3.0066659450531006,3.233333110809326,1.908003807067871,84054529
2009-02-12,3.3266661167144775,3.413332939147949,3.240000009536743,3.3333330154418945,1.9670143127441406,162764199
2009-02-13,3.3333330154418945,3.346666097640991,3.1866660118103027,3.240000009536743,1.9119385480880737,57760059
2009-02-16,3.233333110809326,3.233333110809326,3.0666658878326416,3.0866661071777344,1.821455478668213,65779896
2009-02-17,3.0,3.3066658973693848,2.9666659832000732,3.2666659355163574,1.9276740550994873,101008440
2009-02-18,3.3333330154418945,3.3333330154418945,3.22666597366333,3.299999952316284,1.9473445415496826,58375668
2009-02-19,3.2733330726623535,3.366666078567505,3.2200000286102295,3.313333034515381,1.9552127122879028,69630690
2009-02-20,3.233333110809326,3.233333110809326,3.0399999618530273,3.1333329677581787,1.8489934206008911,67659574
2009-02-23,3.2133328914642334,3.293333053588867,3.1333329677581787,3.2733330726623535,1.9316080808639526,75648408
2009-02-24,3.25333309173584,3.2733330726623535,3.0999999046325684,3.22666597366333,1.9040696620941162,50806225
2009-02-25,3.22666597366333,3.22666597366333,3.106666088104248,3.166666030883789,1.8686634302139282,46142937
2009-02-26,3.1333329677581787,3.1466660499572754,2.853332996368408,2.913332939147949,1.7191705703735352,72296314
2009-02-27,2.799999952316284,2.913332939147949,2.759999990463257,2.7799999713897705,1.6404900550842285,63782287
2009-03-02,2.733333110809326,2.9000000953674316,2.6933329105377197,2.8399999141693115,1.675896406173706,60461980
2009-03-03,2.7200000286102295,2.873332977294922,2.7066659927368164,2.7733330726623535,1.6365556716918945,35964045
2009-03-04,2.733333110809326,3.0266659259796143,2.733333110809326,2.933332920074463,1.7309726476669312,43991560
2009-03-05,3.0,3.0666658878326416,2.8333330154418945,2.866666078567505,1.6916320323944092,39569485
2009-03-06,2.933332920074463,3.0133330821990967,2.8866660594940186,2.940000057220459,1.7349069118499756,53021671
2009-03-09,3.0,3.0199999809265137,2.9200000762939453,2.9666659832000732,1.7506424188613892,33034372
2009-03-10,2.880000114440918,3.0,2.846666097640991,2.933332920074463,1.7309726476669312,29157394
2009-03-11,3.0333330631256104,3.059999942779541,2.9066660404205322,3.0,1.7703131437301636,52998172
2009-03-12,2.933332920074463,3.059999942779541,2.933332920074463,2.986665964126587,1.7624448537826538,24504777
2009-03-13,3.053333044052124,3.0733330249786377,3.0,3.059999942779541,1.805719256401062,42357720
2009-03-16,3.059999942779541,3.2133328914642334,3.059999942779541,3.2133328914642334,1.8962016105651855,43141387
2009-03-17,3.1933329105377197,3.200000047683716,3.0799999237060547,3.1466660499572754,1.8568613529205322,46476604
2009-03-18,3.119999885559082,3.1600000858306885,3.0333330631256104,3.0799999237060547,1.8175209760665894,38487589
2009-03-19,3.166666030883789,3.3866660594940186,3.140000104904175,3.366666078567505,1.9866844415664673,151489663
2009-03-20,3.25333309173584,3.9200000762939453,3.25333309173584,3.9200000762939453,2.3132095336914062,238455360
2009-03-23,3.8066658973693848,4.173333168029785,3.799999952316284,4.093332767486572,2.4154930114746094,160578556
2009-03-24,4.039999961853027,4.039999961853027,3.740000009536743,3.8266661167144775,2.258132219314575,121181518
2009-03-25,3.733333110809326,4.026666164398193,3.6333329677581787,3.8933329582214355,2.2974727153778076,145576539
2009-03-26,3.933332920074463,4.00666618347168,3.8933329582214355,3.926666021347046,2.317142963409424,74082046
2009-03-27,4.0,4.093332767486572,3.9200000762939453,3.9600000381469727,2.33681321144104,83487654
2009-03-30,3.933332920074463,3.933332920074463,3.5999999046325684,3.640000104904175,2.147980213165283,90265338
2009-03-31,3.6533329486846924,3.7733330726623535,3.606666088104248,3.680000066757202,2.171583652496338,50826745
2009-04-01,3.7200000286102295,3.7466659545898438,3.5666658878326416,3.5866661071777344,2.1165072917938232,42819255
2009-04-02,3.700000047683716,3.813333034515381,3.6466660499572754,3.8066658973693848,2.2463302612304688,69731619
2009-04-03,3.613332986831665,3.666666030883789,3.5,3.5799999237060547,2.1125736236572266,106656615
2009-04-06,3.6600000858306885,3.6600000858306885,3.380000114440918,3.4800000190734863,2.0535635948181152,108173730
2009-04-07,3.5199999809265137,3.666666030883789,3.493333101272583,3.546665906906128,2.0929033756256104,107602554
2009-04-08,3.5999999046325684,3.666666030883789,3.5399999618530273,3.6466660499572754,2.151913642883301,82827355
2009-04-09,3.7133328914642334,3.866666078567505,3.7133328914642334,3.786665916442871,2.276139736175537,142301587
2009-04-14,3.866666078567505,3.9733328819274902,3.866666078567505,3.9600000381469727,2.3803298473358154,74658138
2009-04-15,3.9000000953674316,4.139999866485596,3.866666078567505,4.113333225250244,2.47249698638916,109664472
2009-04-16,4.199999809265137,4.353332996368408,4.073332786560059,4.260000228881836,2.5606579780578613,161421459
2009-04-17,4.300000190734863,4.300000190734863,4.019999980926514,4.113333225250244,2.47249698638916,334369689
2009-04-20,3.993333101272583,4.033332824707031,3.846666097640991,3.933332920074463,2.36430025100708,85727584
2009-04-21,3.933332920074463,4.093332767486572,3.9200000762939453,3.9466660022735596,2.372314691543579,88072992
2009-04-22,3.986665964126587,3.993333101272583,3.7133328914642334,3.759999990463257,2.260110378265381,71967186
2009-04-23,3.8933329582214355,3.9000000953674316,3.740000009536743,3.873332977294922,2.3282346725463867,49863115
2009-04-24,3.9533329010009766,4.186666011810303,3.933332920074463,4.1533331871032715,2.4965410232543945,91745860
2009-04-27,4.159999847412109,4.199999809265137,3.940000057220459,4.026666164398193,2.4204018115997314,66004369
2009-04-28,3.993333101272583,4.019999980926514,3.7733330726623535,3.859999895095825,2.3202199935913086,45438769
2009-04-29,3.859999895095825,4.053332805633545,3.859999895095825,4.026666164398193,2.4204018115997314,34173337
2009-04-30,4.086666107177734,4.146666049957275,3.926666021347046,4.0,2.4043734073638916,38824005
2009-05-04,4.046666145324707,4.133333206176758,4.0,4.133333206176758,2.4845190048217773,43821744
2009-05-05,4.25333309173584,4.260000228881836,4.099999904632568,4.119999885559082,2.4765045642852783,44836090
2009-05-06,4.119999885559082,4.199999809265137,4.013332843780518,4.146666049957275,2.4925336837768555,57183000
2009-05-07,4.233333110809326,4.28000020980835,4.00666618347168,4.113333225250244,2.47249698638916,68318647
2009-05-08,4.186666011810303,4.3933329582214355,4.113333225250244,4.3866658210754395,2.6367955207824707,79911943
2009-05-11,4.366665840148926,4.400000095367432,4.106666088104248,4.1533331871032715,2.4965410232543945,60738750
2009-05-12,4.246665954589844,4.246665954589844,4.066666126251221,4.193333148956299,2.520585060119629,34855212
2009-05-13,4.300000190734863,4.5,4.25333309173584,4.420000076293945,2.656832695007324,75109615
2009-05-14,4.300000190734863,4.340000152587891,4.179999828338623,4.25333309173584,2.556650400161743,49956594
2009-05-15,4.3866658210754395,4.3866658210754395,4.193333148956299,4.22666597366333,2.540620803833008,42688998
2009-05-18,4.173333168029785,4.326665878295898,4.1533331871032715,4.320000171661377,2.5967235565185547,31057282
2009-05-19,4.360000133514404,4.360000133514404,4.22666597366333,4.28000020980835,2.5726797580718994,53874118
2009-05-20,4.293333053588867,4.306665897369385,4.146666049957275,4.193333148956299,2.520585060119629,70608033
2009-05-21,4.293333053588867,4.50666618347168,4.266665935516357,4.426665782928467,2.660839319229126,116052972
2009-05-22,4.3206658363342285,4.633333206176758,4.3206658363342285,4.400000095367432,2.644810914993286,86893518
2009-05-25,4.50666618347168,4.566666126251221,4.426665782928467,4.493332862854004,2.7009119987487793,44466927
2009-05-26,4.493332862854004,4.533332824707031,4.320000171661377,4.326665878295898,2.6007301807403564,39488505
2009-05-27,4.3933329582214355,4.5,4.3933329582214355,4.453332901000977,2.6768689155578613,37992577
2009-05-29,4.566666126251221,4.699999809265137,4.533332824707031,4.673333168029785,2.809109926223755,95886894
2009-06-01,4.78000020980835,5.326665878295898,4.7733330726623535,5.306665897369385,3.1898014545440674,118964851
2009-06-02,4.599999904632568,5.320000171661377,4.599999904632568,4.960000038146973,2.9814229011535645,82988928
2009-06-03,5.113333225250244,5.3333330154418945,5.073332786560059,5.233333110809326,3.1457221508026123,66025572
2009-06-04,5.066666126251221,5.1533331871032715,4.966666221618652,5.139999866485596,3.0896198749542236,57188317
2009-06-05,5.300000190734863,5.3333330154418945,5.113333225250244,5.126666069030762,3.0816047191619873,45748915
2009-06-08,4.966666221618652,5.166666030883789,4.866665840148926,4.940000057220459,2.9694013595581055,65709000
2009-06-09,5.013332843780518,5.033332824707031,4.72666597366333,4.786665916442871,2.877232789993286,39937719
2009-06-10,4.8933329582214355,5.046666145324707,4.866665840148926,5.026666164398193,3.021496295928955,38332081
2009-06-11,4.873332977294922,4.966666221618652,4.873332977294922,4.940000057220459,2.9694013595581055,25327759
2009-06-12,4.97333288192749,5.026666164398193,4.739999771118164,4.813333034515381,2.893263101577759,39280806
2009-06-15,4.706665992736816,4.75333309173584,4.679999828338623,4.7133331298828125,2.8331527709960938,52339498
2009-06-16,4.633333206176758,4.673333168029785,4.433332920074463,4.553332805633545,2.7369778156280518,96046344
2009-06-17,4.599999904632568,4.666666030883789,4.5,4.599999904632568,2.765028953552246,38594656
2009-06-18,4.619999885559082,4.659999847412109,4.406665802001953,4.426665782928467,2.660839319229126,46759764
2009-06-19,4.426665782928467,4.50666618347168,4.413332939147949,4.460000038146973,2.6808764934539795,29938138
2009-06-22,4.413332939147949,4.566666126251221,4.3866658210754395,4.413332939147949,2.652825355529785,34552551
2009-06-23,4.193333148956299,4.3333330154418945,4.133333206176758,4.233333110809326,2.544628381729126,45426154
2009-06-24,4.233333110809326,4.553332805633545,4.233333110809326,4.460000038146973,2.6808764934539795,33835648
2009-06-25,4.573332786560059,4.573332786560059,4.413332939147949,4.440000057220459,2.6688544750213623,31376917
2009-06-26,4.566666126251221,4.800000190734863,4.513332843780518,4.760000228881836,2.8612046241760254,59976250
2009-06-29,4.686666011810303,4.766665935516357,4.546666145324707,4.579999923706055,2.7530078887939453,34992034
2009-06-30,4.666666030883789,4.766665935516357,4.606666088104248,4.673333168029785,2.809109926223755,40981173
2009-07-02,4.760000228881836,4.766665935516357,4.573332786560059,4.619999885559082,2.7770509719848633,43039984
2009-07-03,4.533332824707031,4.626666069030762,4.4466657638549805,4.546666145324707,2.732970952987671,27669763
2009-07-06,4.466666221618652,4.533332824707031,4.3866658210754395,4.3933329582214355,2.640803337097168,31529100
2009-07-07,4.3333330154418945,4.433332920074463,4.293333053588867,4.306665897369385,2.5887084007263184,37173649
2009-07-08,4.199999809265137,4.553332805633545,4.199999809265137,4.480000019073486,2.6928982734680176,52269171
2009-07-09,4.466666221618652,4.466666221618652,4.286665916442871,4.400000095367432,2.644810914993286,75931131
2009-07-10,4.460000038146973,4.519999980926514,4.366665840148926,4.440000057220459,2.6688544750213623,83841309
2009-07-13,4.3333330154418945,4.3933329582214355,4.28000020980835,4.313333034515381,2.592715263366699,31698498
2009-07-14,4.400000095367432,4.4466657638549805,4.3333330154418945,4.406665802001953,2.648817300796509,25582072
2009-07-15,4.4466657638549805,4.666666030883789,4.426665782928467,4.639999866485596,2.7890729904174805,49245534
2009-07-16,4.826665878295898,4.846665859222412,4.679999828338623,4.786665916442871,2.877232789993286,97450852
2009-07-17,4.71999979019165,4.786665916442871,4.693333148956299,4.71999979019165,2.837161064147949,26399443
2009-07-20,4.800000190734863,4.926665782928467,4.793333053588867,4.926665782928467,2.9613864421844482,52511959
2009-07-21,5.0,5.039999961853027,4.840000152587891,5.019999980926514,3.017488718032837,58166121
2009-07-22,5.033332824707031,5.046666145324707,4.800000190734863,4.853332996368408,2.9173059463500977,29116303
2009-07-23,4.993332862854004,5.053332805633545,4.913332939147949,5.039999961853027,3.029510259628296,33858039
2009-07-24,4.966666221618652,5.053332805633545,4.800000190734863,4.993332862854004,3.0014591217041016,48533961
2009-07-27,4.993332862854004,5.233333110809326,4.920000076293945,5.166666030883789,3.1056487560272217,70222648
2009-07-28,5.173333168029785,5.179999828338623,5.053332805633545,5.119999885559082,3.0775980949401855,54241329
2009-07-29,4.940000057220459,4.993332862854004,4.7133331298828125,4.826665878295898,2.9012768268585205,60555750
2009-07-30,4.766665935516357,4.866665840148926,4.7133331298828125,4.766665935516357,2.865211009979248,41164362
2009-07-31,4.866665840148926,4.926665782928467,4.813333034515381,4.820000171661377,2.8972699642181396,28303423
2009-08-03,4.940000057220459,5.166666030883789,4.940000057220459,5.1533331871032715,3.0976345539093018,70985385
2009-08-04,5.233333110809326,5.300000190734863,5.059999942779541,5.146666049957275,3.0936269760131836,51267378
2009-08-05,5.266665935516357,5.306665897369385,5.0,5.126666069030762,3.0816047191619873,69675679
2009-08-06,5.119999885559082,5.133333206176758,4.9466657638549805,5.126666069030762,3.0816047191619873,29976841
2009-08-07,5.133333206176758,5.133333206176758,4.766665935516357,4.860000133514404,2.921314001083374,46758892
2009-08-10,4.860000133514404,4.933332920074463,4.766665935516357,4.826665878295898,2.9012768268585205,39796701
2009-08-11,4.766665935516357,4.866665840148926,4.766665935516357,4.820000171661377,2.8972699642181396,21341250
2009-08-12,4.686666011810303,4.746665954589844,4.666666030883789,4.71999979019165,2.837161064147949,46696890
2009-08-13,4.786665916442871,4.793333053588867,4.633333206176758,4.639999866485596,2.7890729904174805,56590710
2009-08-14,4.666666030883789,4.766665935516357,4.619999885559082,4.666666030883789,2.8051016330718994,31484565
2009-08-17,4.566666126251221,4.566666126251221,4.3333330154418945,4.373332977294922,2.62878155708313,85112998
2009-08-18,4.320000171661377,4.460000038146973,4.22666597366333,4.3866658210754395,2.6367955207824707,70369264
2009-08-19,4.400000095367432,4.460000038146973,4.233333110809326,4.2733330726623535,2.568671703338623,46785541
2009-08-20,4.420000076293945,4.50666618347168,4.3333330154418945,4.466666221618652,2.6848835945129395,43280526
2009-08-21,4.466666221618652,4.613333225250244,4.433332920074463,4.47333288192749,2.6888906955718994,28701552
2009-08-24,4.659999847412109,4.659999847412109,4.573332786560059,4.613333225250244,2.7730438709259033,37748526
2009-08-25,4.539999961853027,4.566666126251221,4.466666221618652,4.519999980926514,2.716942310333252,35793831
2009-08-26,4.539999961853027,4.586666107177734,4.50666618347168,4.519999980926514,2.716942310333252,14241724
2009-08-27,4.480000019073486,4.480000019073486,4.353332996368408,4.380000114440918,2.632789134979248,39766174
2009-08-28,4.400000095367432,4.433332920074463,4.306665897369385,4.373332977294922,2.62878155708313,28908042
2009-08-31,4.239999771118164,4.366665840148926,4.21999979019165,4.320000171661377,2.5967235565185547,53133199
2009-09-01,4.346665859222412,4.413332939147949,4.2733330726623535,4.293333053588867,2.580693483352661,29986887
2009-09-02,4.239999771118164,4.313333034515381,4.193333148956299,4.22666597366333,2.540620803833008,40690953
2009-09-03,4.50666618347168,4.626666069030762,4.486666202545166,4.586666107177734,2.7570149898529053,93847750
2009-09-04,4.793333053588867,4.8333330154418945,4.673333168029785,4.686666011810303,2.8171231746673584,90688852
2009-09-07,4.7733330726623535,4.793333053588867,4.699999809265137,4.786665916442871,2.877232789993286,37292518
2009-09-08,4.800000190734863,5.266665935516357,4.800000190734863,5.159999847412109,3.1016414165496826,170195229
2009-09-09,5.133333206176758,5.146666049957275,4.933332920074463,5.00666618347168,3.009474277496338,99782622
2009-09-10,5.013332843780518,5.046666145324707,4.933332920074463,4.97333288192749,2.9894378185272217,53679904
2009-09-11,5.033332824707031,5.193333148956299,5.0,5.113333225250244,3.073591470718384,64423893
2009-09-14,5.073332786560059,5.286665916442871,5.033332824707031,5.059999942779541,3.041531801223755,76081251
2009-09-15,4.960000038146973,5.1533331871032715,4.960000038146973,5.039999961853027,3.029510259628296,21767890
2009-09-16,5.159999847412109,5.433332920074463,5.126666069030762,5.433332920074463,3.2659404277801514,153195688
2009-09-17,5.466666221618652,5.453332901000977,5.579999923706055,5.6533331871032715,3.3981807231903076,138297120
2009-09-18,5.466666221618652,5.466666221618652,5.293333053588867,5.313333034515381,3.1938090324401855,69185983
2009-09-21,5.266665935516357,5.3333330154418945,5.199999809265137,5.25333309173584,3.1577441692352295,33760908
2009-09-22,5.3333330154418945,5.5,5.306665897369385,5.406665802001953,3.249910593032837,65088601
2009-09-23,5.413332939147949,5.480000019073486,5.373332977294922,5.3933329582214355,3.241896867752075,30003009
2009-09-24,5.366665840148926,5.420000076293945,5.133333206176758,5.286665916442871,3.1777796745300293,60644103
2009-09-25,5.146666049957275,5.146666049957275,4.986666202545166,5.133333206176758,3.0856127738952637,65478363
2009-09-28,4.933332920074463,5.059999942779541,4.933332920074463,4.980000019073486,2.9934449195861816,34386931
2009-09-29,5.059999942779541,5.126666069030762,5.0,5.039999961853027,3.029510259628296,23449824
2009-09-30,5.019999980926514,5.133333206176758,5.019999980926514,5.073332786560059,3.049546718597412,26104995
2009-10-02,4.966666221618652,4.966666221618652,4.853332996368408,4.8933329582214355,2.941350221633911,31462752
2009-10-05,4.920000076293945,5.0,4.8866658210754395,4.97333288192749,2.9894378185272217,21566191
2009-10-06,5.079999923706055,5.300000190734863,5.079999923706055,5.286665916442871,3.1777796745300293,48269494
2009-10-07,5.579999923706055,5.593332767486572,5.493332862854004,5.50666618347168,3.310020923614502,79268272
2009-10-08,5.586666107177734,5.599999904632568,5.440000057220459,5.593332767486572,3.3621151447296143,60539940
2009-10-09,5.633333206176758,5.6533331871032715,5.50666618347168,5.526666164398193,3.322042226791382,58155261
2009-10-12,5.593332767486572,5.593332767486572,5.313333034515381,5.3333330154418945,3.2058308124542236,30493500
2009-10-13,5.466666221618652,5.493332862854004,5.433332920074463,5.466666221618652,3.2859764099121094,28574128
2009-10-14,5.579999923706055,5.586666107177734,5.526666164398193,5.586666107177734,3.3581080436706543,37189713
2009-10-15,5.599999904632568,5.599999904632568,5.373332977294922,5.400000095367432,3.2459042072296143,44536810
2009-10-16,5.400000095367432,5.440000057220459,5.3333330154418945,5.420000076293945,3.2579259872436523,56005500
2009-10-19,5.3933329582214355,5.579999923706055,5.366665840148926,5.573332786560059,3.3500936031341553,31102230
2009-10-20,5.599999904632568,5.606666088104248,5.486666202545166,5.513332843780518,3.314028024673462,31043230
2009-10-21,5.513332843780518,5.553332805633545,5.433332920074463,5.533332824707031,3.326049566268921,18415989
2009-10-22,5.47333288192749,5.5,5.353332996368408,5.3933329582214355,3.241896867752075,41447572
2009-10-23,5.400000095367432,5.526666164398193,5.400000095367432,5.493332862854004,3.3020055294036865,27750000
2009-10-27,5.340000152587891,5.366665840148926,5.266665935516357,5.346665859222412,3.2138454914093018,40971444
2009-10-28,5.2733330726623535,5.3333330154418945,5.239999771118164,5.266665935516357,3.1657583713531494,26313360
2009-10-29,5.106666088104248,5.113333225250244,4.966666221618652,5.053332805633545,3.037524700164795,87482467
2009-10-30,5.199999809265137,5.233333110809326,5.099999904632568,5.113333225250244,3.073591470718384,39206655
2009-11-02,5.00666618347168,5.126666069030762,4.9466657638549805,5.106666088104248,3.069582462310791,28480849
2009-11-03,5.233333110809326,5.320000171661377,5.166666030883789,5.179999828338623,3.1136631965637207,35727012
2009-11-04,5.426665782928467,5.493332862854004,5.366665840148926,5.47333288192749,3.2899839878082275,70905147
2009-11-05,5.466666221618652,5.526666164398193,5.420000076293945,5.50666618347168,3.310020923614502,40463421
2009-11-06,5.5,5.533332824707031,5.413332939147949,5.440000057220459,3.2699480056762695,25628814
2009-11-09,5.460000038146973,5.666666030883789,5.460000038146973,5.659999847412109,3.4021880626678467,73297959
2009-11-10,5.693333148956299,5.71999979019165,5.513332843780518,5.533332824707031,3.326049566268921,47008323
2009-11-11,5.626666069030762,5.626666069030762,5.553332805633545,5.586666107177734,3.3581080436706543,19475353
2009-11-12,5.633333206176758,5.659999847412109,5.47333288192749,5.513332843780518,3.314028024673462,23884375
2009-11-13,5.466666221618652,5.639999866485596,5.433332920074463,5.546666145324707,3.3340635299682617,34797166
2009-11-16,5.593332767486572,5.8866658210754395,5.586666107177734,5.880000114440918,3.5344290733337402,76762917
2009-11-17,5.866665840148926,5.8933329582214355,5.75333309173584,5.820000171661377,3.498363733291626,29111136
2009-11-18,5.900000095367432,5.900000095367432,5.666666030883789,5.686666011810303,3.418217182159424,25755352
2009-11-19,5.666666030883789,5.760000228881836,5.6533331871032715,5.72666597366333,3.4422607421875,15005490
2009-11-20,5.706665992736816,5.706665992736816,5.526666164398193,5.599999904632568,3.3661227226257324,35250267
2009-11-23,5.793333053588867,5.913332939147949,5.75333309173584,5.866665840148926,3.5264134407043457,59554425
2009-11-24,5.866665840148926,5.933332920074463,5.706665992736816,5.820000171661377,3.498363733291626,29995039
2009-11-25,5.840000152587891,6.099999904632568,5.786665916442871,6.033332824707031,3.6265957355499268,48634807
2009-11-26,6.133333206176758,6.21999979019165,5.906665802001953,6.0,3.606560468673706,50360748
2009-11-27,5.866665840148926,5.8933329582214355,5.406665802001953,5.413332939147949,3.253918409347534,97372561
2009-11-30,5.413332939147949,5.413332939147949,5.413332939147949,5.413332939147949,3.253918409347534,0
2009-12-01,5.639999866485596,5.846665859222412,5.639999866485596,5.766665935516357,3.466304302215576,80181555
2009-12-02,5.966666221618652,6.046666145324707,5.926665782928467,5.960000038146973,3.582517147064209,63634072
2009-12-03,6.066666126251221,6.066666126251221,5.8933329582214355,5.913332939147949,3.554464817047119,36308989
2009-12-04,5.8333330154418945,5.900000095367432,5.78000020980835,5.8333330154418945,3.5063769817352295,30083896
2009-12-07,5.586666107177734,5.599999904632568,5.486666202545166,5.533332824707031,3.326049566268921,109637665
2009-12-08,5.533332824707031,5.593332767486572,5.5,5.50666618347168,3.310020923614502,56808877
2009-12-09,5.50666618347168,5.586666107177734,5.373332977294922,5.413332939147949,3.253918409347534,44414862
2009-12-10,5.460000038146973,5.526666164398193,5.366665840148926,5.466666221618652,3.2859764099121094,22627672
2009-12-11,5.526666164398193,5.566666126251221,5.466666221618652,5.493332862854004,3.3020055294036865,26657995
2009-12-14,5.433332920074463,5.613333225250244,5.340000152587891,5.559999942779541,3.342078924179077,29709733
2009-12-15,5.533332824707031,5.559999942779541,5.406665802001953,5.4466657638549805,3.273953914642334,26852361
2009-12-16,5.50666618347168,5.50666618347168,5.300000190734863,5.340000152587891,3.209838628768921,39652951
2009-12-17,5.433332920074463,5.47333288192749,5.233333110809326,5.2733330726623535,3.1697657108306885,31133403
2009-12-18,5.159999847412109,5.22666597366333,5.019999980926514,5.066666126251221,3.0455400943756104,62210808
2009-12-21,5.086666107177734,5.400000095367432,4.866665840148926,4.8866658210754395,2.937342643737793,55127832
2009-12-22,4.933332920074463,4.993332862854004,4.820000171661377,4.913332939147949,2.95337176322937,29922211
2009-12-23,4.993332862854004,4.993332862854004,4.840000152587891,4.966666221618652,2.9854304790496826,23362587
2009-12-24,5.066666126251221,5.166666030883789,5.019999980926514,5.146666049957275,3.0936269760131836,27273213
2009-12-28,5.186666011810303,5.266665935516357,5.133333206176758,5.139999866485596,3.0896198749542236,29312920
2009-12-29,5.139999866485596,5.159999847412109,5.013332843780518,5.059999942779541,3.041531801223755,22934331
2009-12-30,5.033332824707031,5.059999942779541,4.8866658210754395,4.906665802001953,2.94936466217041,52527028
2009-12-31,4.8933329582214355,4.97333288192749,4.8933329582214355,4.9466657638549805,2.9734079837799072,26974683
2010-01-04,4.933332920074463,4.980000019073486,4.900000095367432,4.9466657638549805,2.9734079837799072,23201811
2010-01-05,5.099999904632568,5.579999923706055,5.099999904632568,5.5,3.306013345718384,157388080
2010-01-06,5.493332862854004,5.633333206176758,5.360000133514404,5.5,3.306013345718384,64443058
2010-01-07,5.646666049957275,5.666666030883789,5.353332996368408,5.400000095367432,3.2459042072296143,61924014
2010-01-08,5.293333053588867,5.433332920074463,5.206665992736816,5.239999771118164,3.149728536605835,62998713
2010-01-11,5.400000095367432,5.460000038146973,5.306665897369385,5.353332996368408,3.21785306930542,40689300
2010-01-12,5.353332996368408,5.3866658210754395,5.2733330726623535,5.326665878295898,3.2018239498138428,40595874
2010-01-13,5.179999828338623,5.179999828338623,5.099999904632568,5.146666049957275,3.0936269760131836,78813361
2010-01-14,5.1533331871032715,5.21999979019165,5.073332786560059,5.106666088104248,3.069582462310791,54152976
2010-01-15,5.133333206176758,5.173333168029785,4.953332901000977,4.986666202545166,2.9974515438079834,72234000
2010-01-18,4.953332901000977,5.019999980926514,4.866665840148926,4.986666202545166,2.9974515438079834,47914761
2010-01-19,4.97333288192749,5.026666164398193,4.8866658210754395,4.986666202545166,2.9974515438079834,62709327
2010-01-20,4.986666202545166,5.026666164398193,4.866665840148926,4.953332901000977,2.9774158000946045,46214250
2010-01-21,4.786665916442871,4.873332977294922,4.739999771118164,4.75333309173584,2.8571972846984863,62536681
2010-01-22,4.7133331298828125,4.7133331298828125,4.533332824707031,4.686666011810303,2.8171231746673584,68538750
2010-01-25,4.586666107177734,4.686666011810303,4.546666145324707,4.666666030883789,2.8051016330718994,36979386
2010-01-26,4.599999904632568,4.6533331871032715,4.5,4.526666164398193,2.7209486961364746,39028257
2010-01-27,4.546666145324707,4.579999923706055,4.366665840148926,4.3933329582214355,2.640803337097168,42848527
2010-01-28,4.373332977294922,4.493332862854004,4.313333034515381,4.326665878295898,2.6007301807403564,54847819
2010-01-29,4.25333309173584,4.300000190734863,4.166666030883789,4.233333110809326,2.544628381729126,49638931
2010-02-01,4.146666049957275,4.326665878295898,4.139999866485596,4.293333053588867,2.580693483352661,40852806
2010-02-02,4.466666221618652,4.553332805633545,4.400000095367432,4.420000076293945,2.656832695007324,54176122
2010-02-03,4.533332824707031,4.546666145324707,4.4466657638549805,4.493332862854004,2.7009119987487793,45708729
2010-02-04,4.486666202545166,4.486666202545166,4.400000095367432,4.440000057220459,2.6688544750213623,24821824
2010-02-05,4.246665954589844,4.246665954589844,4.093332767486572,4.139999866485596,2.4885263442993164,78384991
2010-02-08,4.133333206176758,4.179999828338623,4.026666164398193,4.073332786560059,2.448453664779663,42623298
2010-02-09,4.066666126251221,4.159999847412109,4.033332824707031,4.106666088104248,2.4684898853302,37393606
2010-02-10,4.146666049957275,4.21999979019165,4.146666049957275,4.179999828338623,2.51257061958313,29799318
2010-02-11,4.21999979019165,4.3333330154418945,4.21999979019165,4.28000020980835,2.5726797580718994,24215056
2010-02-12,4.340000152587891,4.4466657638549805,4.306665897369385,4.380000114440918,2.632789134979248,41789356
2010-02-17,4.533332824707031,4.553332805633545,4.493332862854004,4.5,2.7049198150634766,40176598
2010-02-18,4.5,4.50666618347168,4.413332939147949,4.420000076293945,2.656832695007324,22221436
2010-02-19,4.400000095367432,4.406665802001953,4.25333309173584,4.28000020980835,2.5726797580718994,32662837
2010-02-22,4.440000057220459,4.460000038146973,4.360000133514404,4.406665802001953,2.648817300796509,26363020
2010-02-23,4.400000095367432,4.50666618347168,4.3333330154418945,4.47333288192749,2.6888906955718994,23329917
2010-02-24,4.413332939147949,4.4466657638549805,4.360000133514404,4.426665782928467,2.660839319229126,18293169
2010-02-25,4.4466657638549805,4.47333288192749,4.286665916442871,4.340000152587891,2.6087450981140137,41656474
2010-02-26,4.400000095367432,4.440000057220459,4.353332996368408,4.426665782928467,2.660839319229126,17631843
2010-03-01,4.513332843780518,4.559999942779541,4.50666618347168,4.546666145324707,2.732970952987671,34078018
2010-03-02,4.599999904632568,4.599999904632568,4.50666618347168,4.526666164398193,2.7209486961364746,24192715
2010-03-03,4.553332805633545,4.619999885559082,4.546666145324707,4.586666107177734,2.7570149898529053,23327926
2010-03-04,4.633333206176758,4.633333206176758,4.493332862854004,4.533332824707031,2.724956512451172,20197681
2010-03-05,4.553332805633545,4.599999904632568,4.480000019073486,4.526666164398193,2.7209486961364746,29297172
2010-03-08,4.573332786560059,4.613333225250244,4.553332805633545,4.566666126251221,2.74499249458313,23164113
2010-03-09,4.546666145324707,4.566666126251221,4.5,4.553332805633545,2.7369778156280518,14107861
2010-03-10,4.5,4.533332824707031,4.440000057220459,4.460000038146973,2.6808764934539795,59456521
2010-03-11,4.4466657638549805,4.453332901000977,4.3333330154418945,4.373332977294922,2.62878155708313,75967105
2010-03-12,4.373332977294922,4.400000095367432,4.340000152587891,4.346665859222412,2.6127521991729736,32258497
2010-03-15,4.300000190734863,4.306665897369385,4.239999771118164,4.246665954589844,2.552642583847046,42473664
2010-03-16,4.266665935516357,4.300000190734863,4.21999979019165,4.233333110809326,2.544628381729126,32698864
2010-03-17,4.300000190734863,4.4466657638549805,4.286665916442871,4.433332920074463,2.664846658706665,84031102
2010-03-18,4.453332901000977,4.460000038146973,4.320000171661377,4.3333330154418945,2.6047379970550537,50001750
2010-03-19,4.3333330154418945,4.3866658210754395,4.266665935516357,4.320000171661377,2.5967235565185547,49743751
2010-03-22,4.266665935516357,4.2733330726623535,4.199999809265137,4.25333309173584,2.556650400161743,46123398
2010-03-23,4.266665935516357,4.320000171661377,4.2133331298828125,4.246665954589844,2.552642583847046,32057700
2010-03-24,4.260000228881836,4.293333053588867,4.199999809265137,4.206665992736816,2.5285985469818115,31216815
2010-03-25,4.146666049957275,4.159999847412109,4.079999923706055,4.099999904632568,2.4644827842712402,60053740
2010-03-26,4.086666107177734,4.193333148956299,4.086666107177734,4.166666030883789,2.5045547485351562,43534059
2010-03-29,4.193333148956299,4.233333110809326,4.159999847412109,4.206665992736816,2.5285985469818115,42416076
2010-03-30,4.133333206176758,4.186666011810303,4.073332786560059,4.173333168029785,2.5085628032684326,78719250
2010-03-31,4.133333206176758,4.146666049957275,4.066666126251221,4.079999923706055,2.452460527420044,99566403
2010-04-01,4.093332767486572,4.1533331871032715,4.093332767486572,4.139999866485596,2.4885263442993164,65697526
2010-04-07,4.199999809265137,4.266665935516357,4.199999809265137,4.239999771118164,2.548635721206665,94494780
2010-04-08,4.260000228881836,4.320000171661377,4.246665954589844,4.286665916442871,2.5766866207122803,56803213
2010-04-09,4.306665897369385,4.413332939147949,4.300000190734863,4.380000114440918,2.632789134979248,81792391
2010-04-12,4.426665782928467,4.480000019073486,4.420000076293945,4.426665782928467,2.660839319229126,75277854
2010-04-13,4.453332901000977,4.466666221618652,4.306665897369385,4.353332996368408,2.616760015487671,50873907
2010-04-14,4.346665859222412,4.366665840148926,4.28000020980835,4.353332996368408,2.616760015487671,30347680
2010-04-15,4.400000095367432,4.440000057220459,4.360000133514404,4.400000095367432,2.644810914993286,42518515
2010-04-16,4.3333330154418945,4.353332996368408,4.233333110809326,4.246665954589844,2.552642583847046,58842300
2010-04-19,4.186666011810303,4.2133331298828125,4.099999904632568,4.193333148956299,2.520585060119629,57997878
2010-04-20,4.186666011810303,4.246665954589844,4.166666030883789,4.22666597366333,2.540620803833008,33936712
2010-04-21,4.28000020980835,4.3333330154418945,4.246665954589844,4.313333034515381,2.592715263366699,50415723
2010-04-22,4.22666597366333,4.266665935516357,4.146666049957275,4.2133331298828125,2.5723648071289062,20088874
2010-04-23,4.199999809265137,4.2133331298828125,4.139999866485596,4.1533331871032715,2.535733699798584,23230608
2010-04-26,4.193333148956299,5.573332786560059,4.173333168029785,4.186666011810303,2.556083917617798,30252000
2010-04-27,4.139999866485596,4.186666011810303,4.099999904632568,4.113333225250244,2.511312246322632,49285078
2010-04-28,4.066666126251221,4.113333225250244,4.059999942779541,4.066666126251221,2.482820749282837,54747532
2010-04-29,4.099999904632568,4.113333225250244,4.053332805633545,4.066666126251221,2.482820749282837,25725199
2010-04-30,4.1533331871032715,4.1533331871032715,4.066666126251221,4.133333206176758,2.5235226154327393,26943229
2010-05-03,4.1533331871032715,4.1533331871032715,4.066666126251221,4.093332767486572,2.499101400375366,26821500
2010-05-04,4.133333206176758,4.146666049957275,4.033332824707031,4.066666126251221,2.482820749282837,34188750
2010-05-05,4.0,4.0,3.866666078567505,3.8866660594940186,2.372925281524658,61152778
2010-05-06,3.853332996368408,3.9600000381469727,3.759999990463257,3.8266661167144775,2.3362934589385986,47323713
2010-05-07,3.8333330154418945,4.099999904632568,3.8266661167144775,3.986665964126587,2.4339780807495117,90191250
2010-05-10,4.146666049957275,4.146666049957275,4.073332786560059,4.113333225250244,2.511312246322632,59378227
2010-05-11,4.113333225250244,4.1533331871032715,3.9666659832000732,4.026666164398193,2.4583988189697266,57259243
2010-05-12,4.186666011810303,4.186666011810303,4.1533331871032715,4.173333168029785,2.5479438304901123,78553557
2010-05-13,4.239999771118164,4.239999771118164,4.2133331298828125,4.2133331298828125,2.5723648071289062,48723943
2010-05-14,4.2133331298828125,4.246665954589844,4.106666088104248,4.139999866485596,2.527592658996582,23838000
2010-05-17,4.039999961853027,4.133333206176758,4.0,4.093332767486572,2.499101400375366,41696970
2010-05-18,4.199999809265137,4.199999809265137,4.059999942779541,4.166666030883789,2.5438733100891113,42513541
2010-05-19,4.078000068664551,4.099999904632568,4.0,4.00666618347168,2.4461889266967773,41203380
2010-05-20,3.9533329010009766,4.0,3.666666030883789,3.7733330726623535,2.303731918334961,90747000
2010-05-24,3.9566659927368164,3.9566659927368164,3.673332929611206,3.8333330154418945,2.3403635025024414,52144515
2010-05-25,3.6333329677581787,3.6333329677581787,3.5199999809265137,3.5266659259796143,2.153134346008301,66325515
2010-05-26,3.5933330059051514,3.6333329677581787,3.493333101272583,3.5799999237060547,2.1856963634490967,72737716
2010-05-27,3.5866661071777344,3.759999990463257,3.5399999618530273,3.733333110809326,2.279311180114746,42800686
2010-05-28,3.793333053588867,3.859999895095825,3.786665916442871,3.846666097640991,2.348504066467285,32500668
2010-05-31,3.8333330154418945,3.926666021347046,3.813333034515381,3.859999895095825,2.356644630432129,19424250
2010-06-01,3.7799999713897705,3.8333330154418945,3.733333110809326,3.75333309173584,2.2915210723876953,19590132
2010-06-02,3.740000009536743,3.8333330154418945,3.680000066757202,3.740000009536743,2.2833807468414307,22099041
2010-06-03,3.799999952316284,3.859999895095825,3.7466659545898438,3.759999990463257,2.295591354370117,31673322
2010-06-04,3.75333309173584,3.7799999713897705,3.7133328914642334,3.7666659355163574,2.299661874771118,9951871
2010-06-07,3.6866660118103027,3.6866660118103027,3.546665906906128,3.6466660499572754,2.226398229598999,34896907
2010-06-08,3.6533329486846924,3.733333110809326,3.640000104904175,3.72666597366333,2.275240421295166,30455325
2010-06-09,3.72666597366333,3.793333053588867,3.613332986831665,3.7066659927368164,2.2630298137664795,31095721
2010-06-10,3.6866660118103027,3.7799999713897705,3.6333329677581787,3.75333309173584,2.2915210723876953,19211716
2010-06-11,3.8266661167144775,3.8399999141693115,3.740000009536743,3.7466659545898438,2.2874505519866943,20506132
2010-06-14,3.8333330154418945,3.853332996368408,3.793333053588867,3.813333034515381,2.328153133392334,23260408
2010-06-15,3.8399999141693115,3.8399999141693115,3.740000009536743,3.819999933242798,2.332223415374756,12102669
2010-06-17,3.7666659355163574,3.8333330154418945,3.7666659355163574,3.793333053588867,2.3159422874450684,17880762
2010-06-18,3.8066658973693848,3.9600000381469727,3.799999952316284,3.913332939147949,2.3892061710357666,63119361
2010-06-21,3.986665964126587,4.133333206176758,3.933332920074463,4.106666088104248,2.507241725921631,72650247
2010-06-22,4.053332805633545,4.106666088104248,4.033332824707031,4.079999923706055,2.4909610748291016,27325318
2010-06-23,4.059999942779541,4.059999942779541,4.00666618347168,4.039999961853027,2.4665403366088867,25161481
2010-06-24,3.9733328819274902,4.066666126251221,3.9600000381469727,3.9733328819274902,2.425837755203247,24594921
2010-06-25,3.9533329010009766,4.033332824707031,3.8866660594940186,3.9200000762939453,2.3932766914367676,39480681
2010-06-28,3.9533329010009766,3.993333101272583,3.873332977294922,3.9000000953674316,2.381065607070923,20911339
2010-06-29,3.866666078567505,3.9000000953674316,3.7799999713897705,3.866666078567505,2.3607141971588135,36856725
2010-06-30,3.7799999713897705,3.926666021347046,3.7799999713897705,3.9066660404205322,2.3851356506347656,26873802
2010-07-02,3.8333330154418945,3.866666078567505,3.7666659355163574,3.7799999713897705,2.3078019618988037,39292002
2010-07-05,3.733333110809326,3.7799999713897705,3.666666030883789,3.6933329105377197,2.254889726638794,35686560
2010-07-06,3.666666030883789,3.733333110809326,3.613332986831665,3.7200000286102295,2.2711706161499023,33783543
2010-07-07,3.6933329105377197,3.700000047683716,3.619999885559082,3.673332929611206,2.242678642272949,21565014
2010-07-08,3.733333110809326,3.813333034515381,3.680000066757202,3.7133328914642334,2.267099618911743,26050641
2010-07-09,3.7466659545898438,3.759999990463257,3.6866660118103027,3.7200000286102295,2.2711706161499023,43487391
2010-07-12,3.7200000286102295,3.7200000286102295,3.7200000286102295,3.7200000286102295,2.2711706161499023,0
2010-07-13,3.5066659450531006,3.5266659259796143,3.2200000286102295,3.2666659355163574,1.9943968057632446,321336655
2010-07-14,3.299999952316284,3.3866660594940186,3.2799999713897705,3.3266661167144775,2.0310285091400146,198025206
2010-07-15,3.2733330726623535,3.299999952316284,3.2066659927368164,3.2133328914642334,1.9618349075317383,76655518
2010-07-16,3.1266660690307617,3.166666030883789,3.0133330821990967,3.0933330059051514,1.888572096824646,148850880
2010-07-19,3.0,3.053333044052124,2.9600000381469727,2.9800000190734863,1.8193787336349487,110875254
2010-07-20,2.933332920074463,3.2200000286102295,2.9066660404205322,3.200000047683716,1.9536948204040527,164054253
2010-07-21,3.2066659927368164,3.233333110809326,3.0733330249786377,3.173332929611206,1.9374141693115234,97173483
2010-07-22,3.1266660690307617,3.240000009536743,3.0799999237060547,3.2066659927368164,1.957764983177185,83714265
2010-07-23,3.259999990463257,3.346666097640991,3.233333110809326,3.3266661167144775,2.0310285091400146,131843896
2010-07-26,3.3266661167144775,3.3266661167144775,3.3266661167144775,3.3266661167144775,2.0310285091400146,0
2010-07-27,3.3266661167144775,3.3266661167144775,3.3266661167144775,3.3266661167144775,2.0310285091400146,0
2010-07-28,3.3066658973693848,3.4466660022735596,3.1866660118103027,3.426666021347046,2.0920817852020264,212755440
2010-07-29,3.359999895095825,3.4733328819274902,3.359999895095825,3.4000000953674316,2.075801372528076,68886037
2010-07-30,3.366666078567505,3.4066660404205322,3.313333034515381,3.3399999141693115,2.0391693115234375,44871429
2010-08-02,3.433332920074463,3.4533329010009766,3.366666078567505,3.426666021347046,2.0920817852020264,50474800
2010-08-03,3.4466660022735596,3.5133330821990967,3.426666021347046,3.4600000381469727,2.1124327182769775,86952663
2010-08-04,3.4600000381469727,3.606666088104248,3.4600000381469727,3.5733330249786377,2.1816258430480957,81445456
2010-08-05,3.606666088104248,3.606666088104248,3.5799999237060547,3.5999999046325684,2.197906732559204,41368470
2010-08-06,3.5866661071777344,3.606666088104248,3.486665964126587,3.5999999046325684,2.197906732559204,50967468
2010-08-09,3.6333329677581787,3.733333110809326,3.606666088104248,3.733333110809326,2.279311180114746,74280706
2010-08-10,3.6866660118103027,3.700000047683716,3.5999999046325684,3.640000104904175,2.222327947616577,57156394
2010-08-11,3.5999999046325684,3.673332929611206,3.4666659832000732,3.546665906906128,2.1653449535369873,63246532
2010-08-12,3.4800000190734863,3.5,3.413332939147949,3.4466660022735596,2.104292154312134,95995423
2010-08-13,3.486665964126587,3.5666658878326416,3.4666659832000732,3.559999942779541,2.173485517501831,54625377
2010-08-16,3.5266659259796143,3.606666088104248,3.5,3.5999999046325684,2.197906732559204,25431720
2010-08-17,3.5999999046325684,3.6600000858306885,3.5666658878326416,3.6600000858306885,2.2345385551452637,27856179
2010-08-18,3.6600000858306885,3.7133328914642334,3.6333329677581787,3.7066659927368164,2.2630298137664795,51603207
2010-08-19,3.7066659927368164,3.880000114440918,3.700000047683716,3.8399999141693115,2.3444337844848633,80008879
2010-08-20,3.8066658973693848,3.9000000953674316,3.733333110809326,3.846666097640991,2.348504066467285,67900005
2010-08-23,3.799999952316284,3.8399999141693115,3.700000047683716,3.733333110809326,2.279311180114746,37124191
2010-08-24,3.613332986831665,3.72666597366333,3.613332986831665,3.6933329105377197,2.254889726638794,22871424
2010-08-25,3.640000104904175,3.6933329105377197,3.606666088104248,3.619999885559082,2.2101175785064697,31342548
2010-08-26,3.6533329486846924,3.680000066757202,3.613332986831665,3.613332986831665,2.206047534942627,17626557
2010-08-27,3.6333329677581787,3.6333329677581787,3.4800000190734863,3.559999942779541,2.173485517501831,28960500
2010-08-30,3.5933330059051514,3.680000066757202,3.553333044052124,3.613332986831665,2.206047534942627,32638278
2010-08-31,3.5933330059051514,3.6333329677581787,3.546665906906128,3.5866661071777344,2.1897659301757812,23550996
2010-09-01,3.6533329486846924,3.7466659545898438,3.613332986831665,3.733333110809326,2.279311180114746,43823119
2010-09-02,3.7666659355163574,3.786665916442871,3.666666030883789,3.7799999713897705,2.3078019618988037,35434917
2010-09-03,3.7799999713897705,3.8066658973693848,3.7466659545898438,3.7799999713897705,2.3078019618988037,27587689
2010-09-06,3.8333330154418945,3.859999895095825,3.786665916442871,3.8266661167144775,2.3362934589385986,35866393
2010-09-07,3.846666097640991,3.9000000953674316,3.7666659355163574,3.9000000953674316,2.381065607070923,41768338
2010-09-08,3.8399999141693115,3.9000000953674316,3.8066658973693848,3.859999895095825,2.356644630432129,35694738
2010-09-09,3.8866660594940186,3.913332939147949,3.8066658973693848,3.853332996368408,2.352574110031128,33860289
2010-09-10,3.853332996368408,3.873332977294922,3.793333053588867,3.866666078567505,2.3607141971588135,30957375
2010-09-13,3.880000114440918,3.9466660022735596,3.873332977294922,3.9200000762939453,2.3932766914367676,29161945
2010-09-14,3.933332920074463,3.9600000381469727,3.846666097640991,3.913332939147949,2.3892061710357666,29584500
2010-09-15,3.993333101272583,4.019999980926514,3.9066660404205322,3.9666659832000732,2.421767473220825,37777974
2010-09-16,3.933332920074463,3.9666659832000732,3.859999895095825,3.8866660594940186,2.372925281524658,23824768
2010-09-17,3.9000000953674316,3.9600000381469727,3.9000000953674316,3.933332920074463,2.401416540145874,47570710
2010-09-20,3.940000057220459,3.986665964126587,3.933332920074463,3.9800000190734863,2.429908037185669,19222387
2010-09-21,4.0,4.013332843780518,3.933332920074463,3.9800000190734863,2.429908037185669,22539570
2010-09-22,3.940000057220459,3.9733328819274902,3.866666078567505,3.933332920074463,2.401416540145874,45113575
2010-09-24,3.813333034515381,3.8933329582214355,3.813333034515381,3.880000114440918,2.3688557147979736,37577467
2010-09-27,3.859999895095825,3.986665964126587,3.859999895095825,3.986665964126587,2.4339780807495117,48912436
2010-09-28,3.9466660022735596,4.00666618347168,3.926666021347046,3.9666659832000732,2.421767473220825,57946221
2010-09-29,4.019999980926514,4.179999828338623,4.00666618347168,4.1533331871032715,2.535733699798584,100759530
2010-09-30,4.173333168029785,4.426665782928467,4.1533331871032715,4.400000095367432,2.686331033706665,172552602
2010-10-04,4.400000095367432,4.400000095367432,4.400000095367432,4.400000095367432,2.686331033706665,0
2010-10-05,4.400000095367432,4.400000095367432,4.400000095367432,4.400000095367432,2.686331033706665,0
2010-10-06,4.400000095367432,4.400000095367432,4.400000095367432,4.400000095367432,2.686331033706665,0
2010-10-07,4.400000095367432,4.400000095367432,4.400000095367432,4.400000095367432,2.686331033706665,0
2010-10-08,4.413332939147949,4.980000019073486,4.413332939147949,4.9466657638549805,3.0200862884521484,358329048
2010-10-11,4.986666202545166,5.233333110809326,4.986666202545166,5.199999809265137,3.1747543811798096,184590751
2010-10-12,5.179999828338623,5.313333034515381,5.146666049957275,5.300000190734863,3.235807418823242,133106052
2010-10-13,5.326665878295898,5.3333330154418945,5.146666049957275,5.233333110809326,3.1951053142547607,85836841
2010-10-14,5.326665878295898,5.426665782928467,5.266665935516357,5.293333053588867,3.231736421585083,130565487
2010-10-15,5.266665935516357,5.3333330154418945,5.166666030883789,5.21999979019165,3.186964988708496,109803550
2010-10-18,5.166666030883789,5.21999979019165,4.933332920074463,4.97333288192749,3.036367654800415,114610368
2010-10-19,4.940000057220459,5.126666069030762,4.940000057220459,5.086666107177734,3.105560541152954,49547286
2010-10-20,4.900000095367432,5.0,4.820000171661377,4.966666221618652,3.0322976112365723,70534050
2010-10-21,5.0,5.019999980926514,4.926665782928467,4.966666221618652,3.0322976112365723,28780411
2010-10-22,4.920000076293945,5.0,4.840000152587891,4.913332939147949,2.9997358322143555,29325577
2010-10-25,4.906665802001953,5.300000190734863,4.906665802001953,5.206665992736816,3.1788244247436523,77714497
2010-10-26,5.266665935516357,5.2733330726623535,5.133333206176758,5.193333148956299,3.1706838607788086,32062945
2010-10-27,5.073332786560059,5.193333148956299,4.906665802001953,5.026666164398193,3.06892991065979,47016355
2010-10-28,5.0,5.066666126251221,4.933332920074463,4.953332901000977,3.0241568088531494,28676487
2010-10-29,5.0,5.066666126251221,4.8933329582214355,4.8933329582214355,2.987525701522827,37601250
2010-11-01,4.993332862854004,5.099999904632568,4.993332862854004,5.073332786560059,3.0974202156066895,37384320
2010-11-02,5.026666164398193,5.119999885559082,4.97333288192749,5.066666126251221,3.0933501720428467,30186937
2010-11-03,5.086666107177734,5.119999885559082,5.013332843780518,5.099999904632568,3.113701343536377,27423390
2010-11-04,5.119999885559082,5.1533331871032715,5.039999961853027,5.106666088104248,3.1177711486816406,48106633
2010-11-05,5.300000190734863,5.380000114440918,5.239999771118164,5.286665916442871,3.2276663780212402,114107776
2010-11-08,5.3333330154418945,5.380000114440918,5.266665935516357,5.320000171661377,3.2480180263519287,70839844
2010-11-09,5.340000152587891,5.480000019073486,5.300000190734863,5.380000114440918,3.2846500873565674,83905723
2010-11-10,5.3866658210754395,5.413332939147949,5.266665935516357,5.340000152587891,3.2602288722991943,58669419
2010-11-11,5.3866658210754395,5.533332824707031,5.346665859222412,5.513332843780518,3.366053819656372,96043879
2010-11-12,5.486666202545166,5.486666202545166,5.166666030883789,5.199999809265137,3.1747543811798096,107290686
2010-11-15,5.21999979019165,5.233333110809326,5.026666164398193,5.159999847412109,3.1503331661224365,57656415
2010-11-16,5.199999809265137,5.199999809265137,4.880000114440918,4.8933329582214355,2.987525701522827,65763000
2010-11-17,4.793333053588867,4.800000190734863,4.586666107177734,4.633333206176758,2.8287878036499023,105604050
2010-11-18,4.746665954589844,4.980000019073486,4.71999979019165,4.933332920074463,3.011946201324463,61531114
2010-11-19,4.920000076293945,4.966666221618652,4.813333034515381,4.913332939147949,2.9997358322143555,36198447
2010-11-22,4.900000095367432,5.039999961853027,4.806665897369385,5.00666618347168,3.0567190647125244,28537378
2010-11-23,4.926665782928467,4.960000038146973,4.8333330154418945,4.860000133514404,2.967174768447876,47003301
2010-11-24,4.933332920074463,4.980000019073486,4.793333053588867,4.8333330154418945,2.9508934020996094,55350871
2010-11-25,4.813333034515381,4.920000076293945,4.806665897369385,4.880000114440918,2.979384660720825,27228900
2010-11-26,4.8866658210754395,4.920000076293945,4.760000228881836,4.7733330726623535,2.914262056350708,26359555
2010-11-29,4.71999979019165,4.7733330726623535,4.673333168029785,4.760000228881836,2.9061214923858643,24596400
2010-11-30,4.760000228881836,4.900000095367432,4.686666011810303,4.860000133514404,2.967174768447876,49600275
2010-12-01,4.906665802001953,4.913332939147949,4.733333110809326,4.873332977294922,2.9753143787384033,55096239
2010-12-02,4.933332920074463,5.013332843780518,4.8933329582214355,4.933332920074463,3.011946201324463,34484689
2010-12-03,4.960000038146973,5.013332843780518,4.873332977294922,4.906665802001953,2.9956655502319336,38320072
2010-12-06,4.986666202545166,5.066666126251221,4.813333034515381,4.860000133514404,2.967174768447876,36623379
2010-12-07,4.933332920074463,5.086666107177734,4.880000114440918,5.059999942779541,3.0892794132232666,73048075
2010-12-08,5.039999961853027,5.039999961853027,4.906665802001953,4.966666221618652,3.0322976112365723,29754892
2010-12-09,4.933332920074463,4.986666202545166,4.853332996368408,4.920000076293945,3.0038058757781982,15613800
2010-12-10,4.873332977294922,4.933332920074463,4.8333330154418945,4.873332977294922,2.9753143787384033,24360600
2010-12-13,4.8333330154418945,4.913332939147949,4.7733330726623535,4.873332977294922,2.9753143787384033,22052557
2010-12-14,4.900000095367432,4.933332920074463,4.873332977294922,4.920000076293945,3.0038058757781982,16313859
2010-12-15,4.900000095367432,4.900000095367432,4.7733330726623535,4.820000171661377,2.942753314971924,26172255
2010-12-16,4.7733330726623535,4.813333034515381,4.659999847412109,4.699999809265137,2.8694896697998047,32704800
2010-12-17,4.639999866485596,4.733333110809326,4.633333206176758,4.733333110809326,2.8898401260375977,17178103
2010-12-20,4.733333110809326,4.733333110809326,4.553332805633545,4.71999979019165,2.881700277328491,22282407
2010-12-21,4.733333110809326,4.760000228881836,4.666666030883789,4.693333148956299,2.8654191493988037,20624878
2010-12-22,4.679999828338623,4.75333309173584,4.666666030883789,4.739999771118164,2.8939101696014404,24722466
2010-12-23,4.659999847412109,4.760000228881836,4.659999847412109,4.699999809265137,2.8694896697998047,8413179
2010-12-24,4.686666011810303,4.699999809265137,4.639999866485596,4.679999828338623,2.857278823852539,4581750
2010-12-28,4.566666126251221,4.566666126251221,4.50666618347168,4.559999942779541,2.784014940261841,21529560
2010-12-29,4.599999904632568,4.666666030883789,4.599999904632568,4.659999847412109,2.8450684547424316,12916675
2010-12-30,4.760000228881836,4.760000228881836,4.666666030883789,4.699999809265137,2.8694896697998047,20250702
2010-12-31,4.639999866485596,4.820000171661377,4.639999866485596,4.806665897369385,2.934612274169922,18576300
2011-01-03,4.8333330154418945,4.866665840148926,4.733333110809326,4.793333053588867,2.9264724254608154,14514580
2011-01-04,4.8333330154418945,4.840000152587891,4.786665916442871,4.8333330154418945,2.9508934020996094,22586445
2011-01-05,4.760000228881836,4.800000190734863,4.706665992736816,4.78000020980835,2.91833233833313,33025920
2011-01-06,4.733333110809326,4.7733330726623535,4.71999979019165,4.75333309173584,2.9020509719848633,19173274
2011-01-07,4.760000228881836,4.760000228881836,4.666666030883789,4.75333309173584,2.9020509719848633,32256775
2011-01-10,4.693333148956299,4.699999809265137,4.533332824707031,4.566666126251221,2.7880852222442627,53006317
2011-01-11,4.566666126251221,4.593332767486572,4.533332824707031,4.559999942779541,2.784014940261841,33994210
2011-01-12,4.559999942779541,4.613333225250244,4.539999961853027,4.579999923706055,2.7962257862091064,36569829
2011-01-13,4.626666069030762,4.626666069030762,4.539999961853027,4.573332786560059,2.7921550273895264,42883218
2011-01-14,4.539999961853027,4.586666107177734,4.519999980926514,4.533332824707031,2.7677342891693115,38461002
2011-01-17,4.526666164398193,4.579999923706055,4.466666221618652,4.466666221618652,2.727032423019409,29314792
2011-01-18,4.400000095367432,4.533332824707031,4.400000095367432,4.480000019073486,2.735172986984253,47103750
2011-01-19,4.50666618347168,4.50666618347168,4.4466657638549805,4.466666221618652,2.727032423019409,40039800
2011-01-20,4.433332920074463,4.460000038146973,4.306665897369385,4.340000152587891,2.6496987342834473,57996000
2011-01-21,4.300000190734863,4.320000171661377,4.22666597366333,4.266665935516357,2.604926109313965,54598185
2011-01-24,4.326665878295898,4.326665878295898,4.173333168029785,4.2133331298828125,2.5723648071289062,38719629
2011-01-25,4.25333309173584,4.25333309173584,4.099999904632568,4.146666049957275,2.531662702560425,51929208
2011-01-26,4.146666049957275,4.21999979019165,4.106666088104248,4.1533331871032715,2.535733699798584,25322664
2011-01-27,4.159999847412109,4.266665935516357,4.113333225250244,4.159999847412109,2.5398037433624268,33860485
2011-01-28,4.133333206176758,4.133333206176758,4.00666618347168,4.093332767486572,2.499101400375366,32877778
2011-01-31,4.086666107177734,4.133333206176758,4.066666126251221,4.106666088104248,2.507241725921631,32179231
2011-02-01,4.146666049957275,4.146666049957275,4.00666618347168,4.039999961853027,2.4665403366088867,25475008
2011-02-02,4.019999980926514,4.113333225250244,4.019999980926514,4.079999923706055,2.4909610748291016,25335780
2011-02-07,4.106666088104248,4.119999885559082,3.9466660022735596,3.986665964126587,2.4339780807495117,44422335
2011-02-08,3.9666659832000732,4.059999942779541,3.9666659832000732,4.026666164398193,2.4583988189697266,30415530
2011-02-09,4.026666164398193,4.073332786560059,3.926666021347046,3.9800000190734863,2.429908037185669,53363772
2011-02-10,3.940000057220459,3.940000057220459,3.873332977294922,3.8933329582214355,2.376995325088501,45453210
2011-02-11,3.866666078567505,3.933332920074463,3.759999990463257,3.859999895095825,2.356644630432129,54807129
2011-02-14,3.866666078567505,4.093332767486572,3.866666078567505,4.066666126251221,2.482820749282837,50621265
2011-02-15,4.019999980926514,4.126666069030762,3.986665964126587,4.073332786560059,2.4868907928466797,34738938
2011-02-16,4.099999904632568,4.099999904632568,4.00666618347168,4.073332786560059,2.4868907928466797,35166060
2011-02-17,4.073332786560059,4.099999904632568,4.013332843780518,4.093332767486572,2.499101400375366,22660966
2011-02-18,4.119999885559082,4.21999979019165,4.093332767486572,4.199999809265137,2.5642242431640625,53373409
2011-02-21,4.22666597366333,4.239999771118164,4.139999866485596,4.21999979019165,2.576435089111328,26882212
2011-02-22,4.326665878295898,4.3333330154418945,4.186666011810303,4.206665992736816,2.5682942867279053,62141715
2011-02-23,4.206665992736816,4.373332977294922,4.206665992736816,4.246665954589844,2.5927155017852783,58652913
2011-02-24,4.306665897369385,4.326665878295898,4.126666069030762,4.159999847412109,2.5398037433624268,44393628
2011-02-25,4.106666088104248,4.199999809265137,4.019999980926514,4.179999828338623,2.552014112472534,40661221
2011-02-28,4.133333206176758,4.266665935516357,4.133333206176758,4.260000228881836,2.6008565425872803,26139703
2011-03-01,4.21999979019165,4.266665935516357,4.179999828338623,4.22666597366333,2.580505132675171,20698176
2011-03-02,4.239999771118164,4.2733330726623535,4.21999979019165,4.239999771118164,2.5886454582214355,18794220
2011-03-03,4.25333309173584,4.373332977294922,4.239999771118164,4.2733330726623535,2.608996629714966,44546934
2011-03-04,4.3333330154418945,4.353332996368408,4.306665897369385,4.346665859222412,2.653769016265869,31671765
2011-03-07,4.346665859222412,4.413332939147949,4.346665859222412,4.400000095367432,2.686331033706665,44022201
2011-03-08,4.426665782928467,4.440000057220459,4.373332977294922,4.433332920074463,2.706681489944458,28967367
2011-03-09,4.440000057220459,4.453332901000977,4.366665840148926,4.413332939147949,2.6944708824157715,28524681
2011-03-10,4.433332920074463,4.440000057220459,4.346665859222412,4.406665802001953,2.6904003620147705,30458782
2011-03-11,4.340000152587891,4.340000152587891,4.2133331298828125,4.266665935516357,2.604926109313965,29996157
2011-03-14,4.300000190734863,4.366665840148926,4.233333110809326,4.340000152587891,2.6496987342834473,18829155
2011-03-15,4.3866658210754395,4.3866658210754395,4.079999923706055,4.193333148956299,2.560154676437378,42568194
2011-03-16,4.193333148956299,4.25333309173584,4.079999923706055,4.1533331871032715,2.535733699798584,21902529
2011-03-17,4.0,4.099999904632568,3.9466660022735596,3.9800000190734863,2.429908037185669,45833170
2011-03-18,4.066666126251221,4.066666126251221,3.933332920074463,3.9466660022735596,2.4095568656921387,40286194
2011-03-21,4.073332786560059,4.073332786560059,3.9666659832000732,4.0,2.4421191215515137,34276011
2011-03-22,4.00666618347168,4.073332786560059,3.986665964126587,4.046666145324707,2.470609664916992,37406524
2011-03-23,4.026666164398193,4.046666145324707,3.9733328819274902,3.993333101272583,2.4380483627319336,39572637
2011-03-24,4.053332805633545,4.086666107177734,4.013332843780518,4.053332805633545,2.474680185317993,29757450
2011-03-25,4.106666088104248,4.126666069030762,4.019999980926514,4.086666107177734,2.4950308799743652,27518365
2011-03-28,4.059999942779541,4.099999904632568,3.986665964126587,4.039999961853027,2.4665403366088867,26480385
2011-03-29,4.026666164398193,4.059999942779541,3.9733328819274902,4.053332805633545,2.474680185317993,22965709
2011-03-30,4.066666126251221,4.133333206176758,4.053332805633545,4.126666069030762,2.5194520950317383,19502743
2011-03-31,4.146666049957275,4.186666011810303,4.073332786560059,4.133333206176758,2.5235226154327393,32175000
2011-04-01,4.22666597366333,4.233333110809326,4.133333206176758,4.179999828338623,2.552014112472534,34795795
2011-04-04,4.179999828338623,4.199999809265137,4.099999904632568,4.173333168029785,2.5479438304901123,32022775
2011-04-06,4.260000228881836,4.3333330154418945,4.199999809265137,4.3333330154418945,2.6456289291381836,73904088
2011-04-07,4.346665859222412,4.353332996368408,4.21999979019165,4.28000020980835,2.613067388534546,65994423
2011-04-08,4.266665935516357,4.2733330726623535,4.159999847412109,4.179999828338623,2.552014112472534,52871040
2011-04-11,4.179999828338623,4.313333034515381,4.179999828338623,4.286665916442871,2.6171371936798096,43797811
2011-04-12,4.21999979019165,4.233333110809326,4.126666069030762,4.21999979019165,2.576435089111328,44382138
2011-04-13,4.246665954589844,4.246665954589844,4.133333206176758,4.179999828338623,2.552014112472534,25338828
2011-04-14,4.166666030883789,4.199999809265137,4.126666069030762,4.186666011810303,2.556083917617798,25837819
2011-04-15,4.233333110809326,4.2733330726623535,4.186666011810303,4.22666597366333,2.580505132675171,24141631
2011-04-18,4.193333148956299,4.2733330726623535,4.166666030883789,4.186666011810303,2.556083917617798,17508480
2011-04-19,4.193333148956299,4.233333110809326,4.146666049957275,4.173333168029785,2.5479438304901123,18029439
2011-04-20,4.199999809265137,4.246665954589844,4.166666030883789,4.233333110809326,2.584575653076172,23587297
2011-04-21,4.266665935516357,4.3866658210754395,4.25333309173584,4.346665859222412,2.653769016265869,69884833
2011-04-26,4.306665897369385,4.320000171661377,4.239999771118164,4.293333053588867,2.6212069988250732,36334942
2011-04-27,4.3333330154418945,4.353332996368408,4.206665992736816,4.233333110809326,2.584575653076172,30867894
2011-04-28,4.25333309173584,4.293333053588867,4.166666030883789,4.193333148956299,2.6011171340942383,32726799
2011-04-29,4.159999847412109,4.193333148956299,4.053332805633545,4.073332786560059,2.5266811847686768,40326115
2011-05-03,4.053332805633545,4.073332786560059,3.9600000381469727,4.00666618347168,2.485327959060669,50604231
2011-05-04,4.033332824707031,4.033332824707031,3.8066658973693848,3.9000000953674316,2.4191627502441406,67231276
2011-05-05,3.8333330154418945,3.9000000953674316,3.7799999713897705,3.880000114440918,2.4067575931549072,50547711
2011-05-06,3.8333330154418945,3.8399999141693115,3.7066659927368164,3.8333330154418945,2.377809524536133,60257206
2011-05-09,3.866666078567505,3.9533329010009766,3.8266661167144775,3.8866660594940186,2.4108920097351074,46069434
2011-05-11,3.8933329582214355,3.933332920074463,3.8399999141693115,3.880000114440918,2.4067575931549072,18162670
2011-05-12,3.866666078567505,3.866666078567505,3.733333110809326,3.793333053588867,2.3529977798461914,35959957
2011-05-13,3.8266661167144775,3.8266661167144775,3.673332929611206,3.7466659545898438,2.324049949645996,36734220
2011-05-16,3.666666030883789,3.700000047683716,3.6533329486846924,3.680000066757202,2.2826969623565674,33323431
2011-05-17,3.673332929611206,3.759999990463257,3.6600000858306885,3.733333110809326,2.3157801628112793,20421000
2011-05-18,3.6933329105377197,3.733333110809326,3.6933329105377197,3.72666597366333,2.3116445541381836,19345500
2011-05-19,3.75333309173584,3.799999952316284,3.700000047683716,3.740000009536743,2.3199150562286377,19498500
2011-05-20,3.733333110809326,3.7666659355163574,3.700000047683716,3.7066659927368164,2.2992379665374756,10161189
2011-05-23,3.6933329105377197,3.733333110809326,3.6266660690307617,3.640000104904175,2.257885456085205,23770500
2011-05-24,3.6333329677581787,3.6866660118103027,3.619999885559082,3.6600000858306885,2.2702910900115967,13931173
2011-05-25,3.6600000858306885,3.733333110809326,3.606666088104248,3.7066659927368164,2.2992379665374756,19534875
2011-05-26,3.799999952316284,3.866666078567505,3.759999990463257,3.819999933242798,2.369539260864258,37414692
2011-05-27,3.786665916442871,3.866666078567505,3.786665916442871,3.846666097640991,2.386080026626587,23669661
2011-05-30,3.846666097640991,3.866666078567505,3.8066658973693848,3.846666097640991,2.386080026626587,8599740
2011-05-31,3.866666078567505,3.940000057220459,3.866666078567505,3.926666021347046,2.435703992843628,31981485
2011-06-01,3.873332977294922,3.9666659832000732,3.866666078567505,3.913332939147949,2.427433490753174,27245521
2011-06-02,3.913332939147949,3.9200000762939453,3.8333330154418945,3.880000114440918,2.4067575931549072,12362157
2011-06-03,3.9000000953674316,3.913332939147949,3.799999952316284,3.813333034515381,2.365403890609741,15796009
2011-06-07,3.740000009536743,3.866666078567505,3.740000009536743,3.786665916442871,2.3488621711730957,15878922
2011-06-08,3.8066658973693848,3.853332996368408,3.786665916442871,3.8266661167144775,2.373674154281616,19050750
2011-06-09,3.8266661167144775,3.8399999141693115,3.75333309173584,3.8066658973693848,2.3612682819366455,25605750
2011-06-10,3.926666021347046,3.926666021347046,3.819999933242798,3.8399999141693115,2.3819448947906494,34270890
2011-06-13,3.9200000762939453,3.9200000762939453,3.809999942779541,3.880000114440918,2.4067575931549072,33985436
2011-06-14,3.7899999618530273,3.9100000858306885,3.7699999809265137,3.880000114440918,2.4067575931549072,25226941
2011-06-15,3.930000066757202,3.940000057220459,3.8499999046325684,3.8499999046325684,2.3881478309631348,23459630
2011-06-16,3.799999952316284,3.8499999046325684,3.619999885559082,3.680000066757202,2.2826969623565674,31666525
2011-06-17,3.7699999809265137,3.7699999809265137,3.559999942779541,3.6500000953674316,2.2640886306762695,28614000
2011-06-20,3.6500000953674316,3.7200000286102295,3.630000114440918,3.6600000858306885,2.2702910900115967,13509144
2011-06-21,3.7699999809265137,3.7699999809265137,3.690000057220459,3.7200000286102295,2.307509422302246,19156768
2011-06-22,3.7799999713897705,3.8299999237060547,3.7799999713897705,3.799999952316284,2.357133150100708,23899106
2011-06-23,3.8499999046325684,3.8499999046325684,3.75,3.7899999618530273,2.350930690765381,15348325
2011-06-24,3.869999885559082,3.9700000286102295,3.799999952316284,3.9000000953674316,2.4191627502441406,27678986
2011-06-27,3.890000104904175,4.010000228881836,3.859999895095825,3.9100000858306885,2.425366163253784,25270196
2011-06-28,3.9700000286102295,3.9700000286102295,3.8399999141693115,3.859999895095825,2.394351005554199,21692000
2011-06-29,3.859999895095825,3.9200000762939453,3.8299999237060547,3.859999895095825,2.394351005554199,15122777
2011-06-30,3.869999885559082,3.930000066757202,3.869999885559082,3.9000000953674316,2.4191627502441406,33816151
2011-07-04,3.9700000286102295,4.099999904632568,3.940000057220459,4.099999904632568,2.543222665786743,79479053
2011-07-05,4.050000190734863,4.150000095367432,4.03000020980835,4.079999923706055,2.5308165550231934,33312115
2011-07-06,4.079999923706055,4.130000114440918,4.019999980926514,4.079999923706055,2.5308165550231934,37592711
2011-07-07,4.099999904632568,4.139999866485596,4.079999923706055,4.110000133514404,2.5494258403778076,22256585
2011-07-08,4.150000095367432,4.199999809265137,4.139999866485596,4.179999828338623,2.592846393585205,39685940
2011-07-11,4.130000114440918,4.179999828338623,4.099999904632568,4.170000076293945,2.5866434574127197,33575275
2011-07-12,4.059999942779541,4.130000114440918,3.9200000762939453,3.9600000381469727,2.45638108253479,38530500
2011-07-13,4.090000152587891,4.179999828338623,4.039999961853027,4.159999847412109,2.5804407596588135,48924347
2011-07-14,4.199999809265137,4.449999809265137,4.199999809265137,4.389999866485596,2.723109483718872,119089327
2011-07-15,4.400000095367432,4.409999847412109,4.289999961853027,4.369999885559082,2.710702896118164,46166775
2011-07-18,4.369999885559082,4.449999809265137,4.329999923706055,4.440000057220459,2.754124164581299,52184259
2011-07-19,4.5,4.559999942779541,4.440000057220459,4.539999961853027,2.8161542415618896,76164945
2011-07-20,4.329999923706055,4.400000095367432,4.159999847412109,4.28000020980835,2.654876708984375,471334769
2011-07-21,4.309999942779541,4.380000114440918,4.230000019073486,4.320000171661377,2.6796884536743164,55151172
2011-07-22,4.329999923706055,4.380000114440918,4.199999809265137,4.239999771118164,2.630064010620117,64911854
2011-07-25,4.289999961853027,4.369999885559082,4.269999980926514,4.340000152587891,2.692094087600708,46710631
2011-07-26,4.289999961853027,4.380000114440918,4.289999961853027,4.360000133514404,2.7044999599456787,42232082
2011-07-27,4.360000133514404,4.460000038146973,4.320000171661377,4.369999885559082,2.710702896118164,38927033
2011-07-28,4.25,4.349999904632568,4.25,4.340000152587891,2.692094087600708,28177750
2011-07-29,4.260000228881836,4.329999923706055,4.190000057220459,4.210000038146973,2.6114556789398193,49352000
2011-08-01,4.260000228881836,4.360000133514404,4.239999771118164,4.320000171661377,2.6796884536743164,51802074
2011-08-02,4.260000228881836,4.329999923706055,4.239999771118164,4.260000228881836,2.642470359802246,24329250
2011-08-03,4.260000228881836,4.340000152587891,4.199999809265137,4.21999979019165,2.6176581382751465,49112503
2011-08-04,4.239999771118164,4.300000190734863,4.0,4.150000095367432,2.574237823486328,82579194
2011-08-05,3.7300000190734863,3.9000000953674316,3.6600000858306885,3.819999933242798,2.369539260864258,135912230
2011-08-08,3.75,3.8299999237060547,3.6500000953674316,3.799999952316284,2.357133150100708,93114568
2011-08-09,3.5999999046325684,3.6600000858306885,3.4200000762939453,3.4800000190734863,2.158637523651123,155389651
2011-08-10,3.559999942779541,3.799999952316284,3.559999942779541,3.7100000381469727,2.3013062477111816,135182421
2011-08-11,3.7200000286102295,3.890000104904175,3.6600000858306885,3.8299999237060547,2.375741720199585,82762190
2011-08-12,3.890000104904175,3.9700000286102295,3.819999933242798,3.8399999141693115,2.3819448947906494,92454186
2011-08-15,3.9000000953674316,3.9800000190734863,3.859999895095825,3.950000047683716,2.4501781463623047,28245004
2011-08-16,4.0,4.050000190734863,3.9200000762939453,3.940000057220459,2.4439749717712402,40632230
2011-08-17,4.0,4.019999980926514,3.9200000762939453,3.940000057220459,2.4439749717712402,26678247
2011-08-18,3.880000114440918,3.930000066757202,3.690000057220459,3.7799999713897705,2.344727039337158,39483456
2011-08-19,3.680000066757202,3.7899999618530273,3.680000066757202,3.7699999809265137,2.338524103164673,74518260
2011-08-22,3.880000114440918,3.9100000858306885,3.5299999713897705,3.6700000762939453,2.2764947414398193,82667710
2011-08-23,3.700000047683716,3.7799999713897705,3.6700000762939453,3.75,2.3261184692382812,48151062
2011-08-24,3.75,3.7699999809265137,3.6600000858306885,3.690000057220459,2.288900136947632,29503185
2011-08-25,3.7200000286102295,3.7300000190734863,3.5299999713897705,3.5799999237060547,2.220667600631714,37997825
2011-08-26,3.569999933242798,3.680000066757202,3.4600000381469727,3.4700000286102295,2.152434825897217,31293440
2011-08-29,3.5,3.559999942779541,3.4800000190734863,3.509999990463257,2.177246332168579,21084510
2011-08-30,3.549999952316284,3.640000104904175,3.5199999809265137,3.549999952316284,2.2020585536956787,38515257
2011-08-31,3.549999952316284,3.640000104904175,3.549999952316284,3.619999885559082,2.2454795837402344,32295876
2011-09-01,3.5999999046325684,3.7300000190734863,3.5899999141693115,3.5999999046325684,2.2330732345581055,51176297
2011-09-02,3.609999895095825,3.740000009536743,3.5399999618530273,3.559999942779541,2.208261489868164,43256148
2011-09-05,3.5399999618530273,3.5999999046325684,3.4200000762939453,3.430000066757202,2.1276228427886963,22542113
2011-09-06,3.4100000858306885,3.5299999713897705,3.4100000858306885,3.509999990463257,2.177246332168579,43805049
2011-09-07,3.509999990463257,3.5999999046325684,3.430000066757202,3.549999952316284,2.2020585536956787,39890194
2011-09-08,3.5999999046325684,3.5999999046325684,3.509999990463257,3.5199999809265137,2.1834495067596436,22556592
2011-09-09,3.5,3.549999952316284,3.4600000381469727,3.5,2.171043634414673,21733650
2011-09-12,3.3499999046325684,3.5,3.2200000286102295,3.319999933242798,2.05938982963562,36951404
2011-09-14,3.259999990463257,3.359999895095825,3.109999895095825,3.2200000286102295,1.9973602294921875,48479418
2011-09-15,3.319999933242798,3.380000114440918,3.2100000381469727,3.240000009536743,2.009766101837158,24053430
2011-09-16,3.319999933242798,3.369999885559082,3.2799999713897705,3.3499999046325684,2.077998638153076,29173229
2011-09-19,3.309999942779541,3.309999942779541,3.180000066757202,3.2300000190734863,2.003563404083252,24671055
2011-09-20,3.2300000190734863,3.25,3.0999999046325684,3.1500000953674316,1.953939437866211,15740763
2011-09-21,3.0999999046325684,3.130000114440918,2.9600000381469727,3.0399999618530273,1.8857064247131348,42840583
2011-09-22,2.9800000190734863,2.9800000190734863,2.700000047683716,2.700000047683716,1.6748052835464478,54896176
2011-09-23,2.6500000953674316,2.6500000953674316,2.3399999141693115,2.490000009536743,1.5445427894592285,95225195
2011-09-26,2.4000000953674316,2.4800000190734863,2.1500000953674316,2.2200000286102295,1.3770620822906494,108186952
2011-09-27,2.299999952316284,2.390000104904175,2.259999990463257,2.3499999046325684,1.4577008485794067,52182170
2011-09-28,2.440000057220459,2.4700000286102295,2.359999895095825,2.380000114440918,1.4763097763061523,41326955
2011-09-30,2.4100000858306885,2.450000047683716,2.259999990463257,2.2899999618530273,1.4204827547073364,55828054
2011-10-03,2.25,2.2699999809265137,2.130000114440918,2.1700000762939453,1.346047043800354,46740964
2011-10-04,2.200000047683716,2.25,1.9500000476837158,1.9600000381469727,1.2157846689224243,76156296
2011-10-06,2.119999885559082,2.1500000953674316,2.009999990463257,2.109999895095825,1.3088290691375732,86291952
2011-10-07,2.119999885559082,2.4700000286102295,2.049999952316284,2.4600000381469727,1.5259335041046143,76237560
2011-10-10,2.490000009536743,2.490000009536743,2.25,2.430000066757202,1.5073248147964478,41129263
2011-10-11,2.5999999046325684,2.7899999618530273,2.549999952316284,2.7799999713897705,1.7244288921356201,102455000
2011-10-12,2.700000047683716,3.059999942779541,2.6700000762939453,2.950000047683716,1.829879641532898,100905455
2011-10-13,3.109999895095825,3.2200000286102295,3.059999942779541,3.180000066757202,1.9725483655929565,71776218
2011-10-14,3.180000066757202,3.180000066757202,3.180000066757202,3.180000066757202,1.9725483655929565,0
2011-10-17,3.1500000953674316,3.190000057220459,3.0399999618530273,3.140000104904175,1.9477365016937256,36454930
2011-10-18,3.0,3.0799999237060547,2.9800000190734863,3.049999952316284,1.8919099569320679,55875700
2011-10-19,3.049999952316284,3.0999999046325684,3.0199999809265137,3.049999952316284,1.8919099569320679,23178230
2011-10-20,2.990000009536743,2.990000009536743,2.759999990463257,2.8499999046325684,1.7678500413894653,39206544
2011-10-21,2.8399999141693115,2.8499999046325684,2.75,2.759999990463257,1.7120229005813599,30872844
2011-10-24,2.869999885559082,3.109999895095825,2.8399999141693115,3.0999999046325684,1.9229240417480469,58914000
2011-10-25,3.1500000953674316,3.2699999809265137,3.1500000953674316,3.2100000381469727,1.9911576509475708,55059601
2011-10-26,3.1500000953674316,3.4200000762939453,3.0799999237060547,3.4200000762939453,2.121419906616211,44930057
2011-10-27,3.4200000762939453,3.640000104904175,3.4200000762939453,3.569999933242798,2.2144649028778076,72143336
2011-10-28,3.690000057220459,3.799999952316284,3.3399999141693115,3.4600000381469727,2.1462318897247314,70045562
2011-10-31,3.5299999713897705,3.6500000953674316,3.3299999237060547,3.369999885559082,2.090405225753784,25519608
2011-11-01,3.200000047683716,3.4000000953674316,3.1500000953674316,3.2799999713897705,2.0345780849456787,27256903
2011-11-02,3.190000057220459,3.4800000190734863,3.1600000858306885,3.4100000858306885,2.1152169704437256,34641039
2011-11-03,3.390000104904175,3.440000057220459,3.25,3.3399999141693115,2.07179594039917,32025000
2011-11-04,3.4700000286102295,3.5999999046325684,3.440000057220459,3.549999952316284,2.2020585536956787,42618584
2011-11-07,3.549999952316284,3.6700000762939453,3.4800000190734863,3.5799999237060547,2.220667600631714,20520250
2011-11-08,3.680000066757202,3.8399999141693115,3.680000066757202,3.7899999618530273,2.350930690765381,69095454
2011-11-09,3.8399999141693115,3.9200000762939453,3.740000009536743,3.8499999046325684,2.3881478309631348,47471362
2011-11-10,3.5999999046325684,3.6500000953674316,3.4800000190734863,3.490000009536743,2.1648409366607666,65093173
2011-11-11,3.559999942779541,3.559999942779541,3.380000114440918,3.5,2.171043634414673,42100371
2011-11-14,3.690000057220459,3.700000047683716,3.569999933242798,3.619999885559082,2.2454795837402344,36692942
2011-11-15,3.569999933242798,3.569999933242798,3.5,3.5299999713897705,2.189652919769287,19884865
2011-11-16,3.5799999237060547,3.5799999237060547,3.299999952316284,3.359999895095825,2.0842020511627197,51728706
2011-11-17,3.299999952316284,3.4100000858306885,3.25,3.3499999046325684,2.077998638153076,31844305
2011-11-18,3.2100000381469727,3.2899999618530273,3.180000066757202,3.240000009536743,2.009766101837158,25677071
2011-11-21,3.1600000858306885,3.190000057220459,3.0999999046325684,3.140000104904175,1.9477365016937256,16565754
2011-11-22,3.0999999046325684,3.130000114440918,3.0399999618530273,3.109999895095825,1.9291273355484009,30090592
2011-11-23,3.0899999141693115,3.130000114440918,3.049999952316284,3.0799999237060547,1.9105186462402344,27551000
2011-11-24,3.049999952316284,3.2100000381469727,3.049999952316284,3.1500000953674316,1.953939437866211,26098250
2011-11-25,3.069999933242798,3.1500000953674316,3.059999942779541,3.059999942779541,1.8981127738952637,13998500
2011-11-28,3.109999895095825,3.1500000953674316,3.0799999237060547,3.0999999046325684,1.9229240417480469,18042900
2011-11-29,3.130000114440918,3.4000000953674316,3.0999999046325684,3.3299999237060547,2.0655932426452637,50497000
2011-11-30,3.3299999237060547,3.390000104904175,3.2200000286102295,3.25,2.0159690380096436,37863680
2011-12-01,3.4800000190734863,3.569999933242798,3.4700000286102295,3.509999990463257,2.177246332168579,61198179
2011-12-02,3.569999933242798,3.5799999237060547,3.4100000858306885,3.5399999618530273,2.1958560943603516,31233963
2011-12-05,3.5299999713897705,3.559999942779541,3.450000047683716,3.5,2.171043634414673,23151142
2011-12-06,3.450000047683716,3.490000009536743,3.3299999237060547,3.3399999141693115,2.07179594039917,27404074
2011-12-07,3.450000047683716,3.559999942779541,3.390000104904175,3.5399999618530273,2.1958560943603516,29274096
2011-12-08,3.5,3.5399999618530273,3.4100000858306885,3.490000009536743,2.1648409366607666,18951250
2011-12-09,3.319999933242798,3.4200000762939453,3.319999933242798,3.359999895095825,2.0842020511627197,24345196
2011-12-12,3.4100000858306885,3.450000047683716,3.299999952316284,3.3399999141693115,2.07179594039917,21301768
2011-12-13,3.259999990463257,3.319999933242798,3.200000047683716,3.2300000190734863,2.003563404083252,39776162
2011-12-14,3.140000104904175,3.2799999713897705,3.109999895095825,3.130000114440918,1.9415333271026611,47783817
2011-12-15,3.0399999618530273,3.049999952316284,2.9000000953674316,3.009999990463257,1.8670977354049683,51079795
2011-12-16,2.930000066757202,3.0799999237060547,2.930000066757202,3.0199999809265137,1.8733009099960327,43566449
2011-12-19,2.950000047683716,3.009999990463257,2.9000000953674316,2.9600000381469727,1.8360823392868042,27208400
2011-12-20,2.9200000762939453,3.0199999809265137,2.9100000858306885,2.9100000858306885,1.805068016052246,22928121
2011-12-21,3.0,3.069999933242798,3.0,3.049999952316284,1.8919099569320679,29253022
2011-12-22,3.0,3.0199999809265137,2.950000047683716,2.9800000190734863,1.8484888076782227,23586819
2011-12-23,3.0299999713897705,3.0399999618530273,2.9800000190734863,3.0,1.8608946800231934,21380250
2011-12-28,2.930000066757202,2.940000057220459,2.869999885559082,2.930000066757202,1.817474126815796,17804718
2011-12-29,2.8399999141693115,2.9000000953674316,2.819999933242798,2.859999895095825,1.7740525007247925,28715000
2011-12-30,2.859999895095825,2.940000057220459,2.859999895095825,2.9200000762939453,1.8112709522247314,21645870
2012-01-03,3.0299999713897705,3.0299999713897705,2.9600000381469727,3.009999990463257,1.8670977354049683,24166244
2012-01-04,3.0999999046325684,3.0999999046325684,2.9600000381469727,2.9700000286102295,1.8422858715057373,22408927
2012-01-05,2.990000009536743,3.009999990463257,2.9100000858306885,2.930000066757202,1.817474126815796,24429331
2012-01-06,2.9800000190734863,2.9800000190734863,2.880000114440918,2.9000000953674316,1.7988649606704712,22241000
2012-01-09,2.9000000953674316,2.930000066757202,2.7799999713897705,2.930000066757202,1.817474126815796,47453457
2012-01-10,2.930000066757202,3.049999952316284,2.890000104904175,3.009999990463257,1.8670977354049683,57993232
2012-01-11,3.059999942779541,3.130000114440918,3.0399999618530273,3.119999885559082,1.9353300333023071,39996947
2012-01-12,3.1600000858306885,3.1700000762939453,3.0799999237060547,3.130000114440918,1.9415333271026611,30156970
2012-01-13,3.1700000762939453,3.1700000762939453,3.0799999237060547,3.130000114440918,1.9415333271026611,17348039
2012-01-16,3.069999933242798,3.109999895095825,3.0199999809265137,3.049999952316284,1.8919099569320679,14145167
2012-01-17,3.059999942779541,3.450000047683716,3.059999942779541,3.430000066757202,2.1276228427886963,66783974
2012-01-18,3.4600000381469727,3.4600000381469727,3.25,3.369999885559082,2.090405225753784,66300937
2012-01-19,3.4000000953674316,3.509999990463257,3.369999885559082,3.4000000953674316,2.1090142726898193,51919694
2012-01-20,3.430000066757202,3.4800000190734863,3.359999895095825,3.390000104904175,2.102810859680176,30507564
2012-01-26,3.5,3.5999999046325684,3.450000047683716,3.5799999237060547,2.220667600631714,66233101
2012-01-27,3.5799999237060547,3.6600000858306885,3.4800000190734863,3.5799999237060547,2.220667600631714,53077204
2012-01-30,3.4800000190734863,3.490000009536743,3.3299999237060547,3.430000066757202,2.1276228427886963,87788181
2012-01-31,3.450000047683716,3.5199999809265137,3.380000114440918,3.4100000858306885,2.1152169704437256,55824700
2012-02-01,3.450000047683716,3.5,3.4200000762939453,3.4800000190734863,2.158637523651123,30452149
2012-02-02,3.5399999618530273,3.7300000190734863,3.5199999809265137,3.7200000286102295,2.307509422302246,79687543
2012-02-03,3.630000114440918,3.809999942779541,3.630000114440918,3.7799999713897705,2.344727039337158,61787920
2012-02-06,3.9000000953674316,3.9000000953674316,3.640000104904175,3.700000047683716,2.2951037883758545,69076510
2012-02-07,3.6500000953674316,3.690000057220459,3.569999933242798,3.619999885559082,2.2454795837402344,37080635
2012-02-08,3.700000047683716,3.7699999809265137,3.619999885559082,3.740000009536743,2.3199150562286377,73707309
2012-02-09,3.700000047683716,3.7899999618530273,3.630000114440918,3.75,2.3261184692382812,52002760
2012-02-10,3.7699999809265137,3.819999933242798,3.700000047683716,3.7100000381469727,2.3013062477111816,65353475
2012-02-13,3.640000104904175,3.680000066757202,3.5799999237060547,3.640000104904175,2.257885456085205,50109321
2012-02-14,3.549999952316284,3.6700000762939453,3.4800000190734863,3.5199999809265137,2.1834495067596436,57313636
2012-02-15,3.5399999618530273,3.6600000858306885,3.5199999809265137,3.630000114440918,2.2516825199127197,40080841
2012-02-16,3.5799999237060547,3.5799999237060547,3.4800000190734863,3.5199999809265137,2.1834495067596436,58368619
2012-02-17,3.569999933242798,3.619999885559082,3.549999952316284,3.5999999046325684,2.2330732345581055,41310250
2012-02-20,3.6600000858306885,3.6600000858306885,3.490000009536743,3.5299999713897705,2.189652919769287,51897834
2012-02-21,3.549999952316284,3.5899999141693115,3.5,3.5799999237060547,2.220667600631714,19675810
2012-02-22,3.5999999046325684,3.6700000762939453,3.549999952316284,3.640000104904175,2.257885456085205,38310416
2012-02-23,3.619999885559082,3.7100000381469727,3.609999895095825,3.6500000953674316,2.2640886306762695,38597188
2012-02-24,3.6600000858306885,3.700000047683716,3.619999885559082,3.6700000762939453,2.2764947414398193,34675016
2012-02-27,3.6500000953674316,3.7200000286102295,3.609999895095825,3.630000114440918,2.2516825199127197,35030750
2012-02-28,3.700000047683716,3.700000047683716,3.609999895095825,3.6600000858306885,2.2702910900115967,25950875
2012-02-29,3.690000057220459,3.740000009536743,3.6600000858306885,3.7200000286102295,2.307509422302246,53715737
2012-03-01,3.609999895095825,3.6700000762939453,3.5999999046325684,3.619999885559082,2.2454795837402344,43720000
2012-03-02,3.640000104904175,3.700000047683716,3.619999885559082,3.700000047683716,2.2951037883758545,23558772
2012-03-05,3.680000066757202,3.680000066757202,3.559999942779541,3.5799999237060547,2.220667600631714,30814625
2012-03-06,3.509999990463257,3.5799999237060547,3.369999885559082,3.4000000953674316,2.1090142726898193,56485593
2012-03-07,3.4000000953674316,3.4600000381469727,3.299999952316284,3.3399999141693115,2.07179594039917,35252085
2012-03-08,3.380000114440918,3.4600000381469727,3.380000114440918,3.4000000953674316,2.1090142726898193,20712168
2012-03-09,3.430000066757202,3.490000009536743,3.4200000762939453,3.440000057220459,2.1338260173797607,22054750
2012-03-12,3.4800000190734863,3.5,3.4200000762939453,3.4600000381469727,2.1462318897247314,15853651
2012-03-13,3.4700000286102295,3.5,3.430000066757202,3.4700000286102295,2.152434825897217,9395755
2012-03-14,3.4800000190734863,3.569999933242798,3.319999933242798,3.3499999046325684,2.077998638153076,39241483
2012-03-15,3.390000104904175,3.390000104904175,3.200000047683716,3.2699999809265137,2.0283749103546143,73534907
2012-03-16,3.25,3.2699999809265137,3.200000047683716,3.2200000286102295,1.9973602294921875,45264832
2012-03-20,3.130000114440918,3.1500000953674316,3.0399999618530273,3.059999942779541,1.8981127738952637,69541640
2012-03-21,3.009999990463257,3.180000066757202,3.009999990463257,3.0899999141693115,1.9167219400405884,61554100
2012-03-22,3.049999952316284,3.119999885559082,3.049999952316284,3.069999933242798,1.904315710067749,34108500
2012-03-23,3.059999942779541,3.0899999141693115,3.0199999809265137,3.0899999141693115,1.9167219400405884,28821000
2012-03-26,3.119999885559082,3.1500000953674316,3.0299999713897705,3.0799999237060547,1.9105186462402344,30569104
2012-03-27,3.1600000858306885,3.200000047683716,3.1600000858306885,3.180000066757202,1.9725483655929565,27398697
2012-03-28,3.200000047683716,3.200000047683716,3.069999933242798,3.0999999046325684,1.9229240417480469,18099719
2012-03-29,3.119999885559082,3.119999885559082,3.0199999809265137,3.069999933242798,1.904315710067749,42637724
2012-03-30,3.0899999141693115,3.119999885559082,3.049999952316284,3.0799999237060547,1.9105186462402344,36923477
2012-04-02,3.0899999141693115,3.130000114440918,3.059999942779541,3.0999999046325684,1.9229240417480469,21188500
2012-04-03,3.0999999046325684,3.119999885559082,3.069999933242798,3.109999895095825,1.9291273355484009,30655158
2012-04-05,3.049999952316284,3.059999942779541,2.9700000286102295,3.049999952316284,1.8919099569320679,47194337
2012-04-10,3.0,3.0399999618530273,2.9800000190734863,3.0,1.8608946800231934,18107444
2012-04-11,2.9700000286102295,2.9800000190734863,2.9000000953674316,2.9700000286102295,1.8422858715057373,39794790
2012-04-12,2.9800000190734863,3.009999990463257,2.9600000381469727,2.990000009536743,1.8546916246414185,20716576
2012-04-13,3.0299999713897705,3.0799999237060547,3.0299999713897705,3.049999952316284,1.8919099569320679,29878611
2012-04-16,3.009999990463257,3.069999933242798,2.990000009536743,3.059999942779541,1.8981127738952637,14929273
2012-04-17,3.0799999237060547,3.0799999237060547,2.950000047683716,3.009999990463257,1.8670977354049683,25746400
2012-04-18,3.0399999618530273,3.0999999046325684,3.0199999809265137,3.059999942779541,1.8981127738952637,21648415
2012-04-19,3.0799999237060547,3.0899999141693115,3.0399999618530273,3.0899999141693115,1.9167219400405884,12581645
2012-04-20,3.0899999141693115,3.0999999046325684,3.049999952316284,3.0799999237060547,1.9105186462402344,6980073
2012-04-23,3.0799999237060547,3.0799999237060547,2.990000009536743,3.009999990463257,1.8670977354049683,20294829
2012-04-24,3.0,3.0,2.940000057220459,2.9600000381469727,1.8360823392868042,27709000
2012-04-25,2.9800000190734863,2.9800000190734863,2.890000104904175,2.9100000858306885,1.805068016052246,33857400
2012-04-26,2.9200000762939453,2.950000047683716,2.890000104904175,2.9000000953674316,1.7988649606704712,29490469
2012-04-27,2.880000114440918,2.9000000953674316,2.5899999141693115,2.630000114440918,1.6313843727111816,213525633
2012-04-30,2.6700000762939453,2.6700000762939453,2.5199999809265137,2.5299999713897705,1.5693540573120117,112647501
2012-05-02,2.549999952316284,2.7300000190734863,2.509999990463257,2.5999999046325684,1.6127753257751465,111656866
2012-05-03,2.5799999237060547,2.5899999141693115,2.549999952316284,2.569999933242798,1.59416663646698,52652642
2012-05-04,2.5299999713897705,2.559999942779541,2.5199999809265137,2.5299999713897705,1.5693540573120117,38943248
2012-05-07,2.5,2.509999990463257,2.450000047683716,2.4700000286102295,1.5321366786956787,52484866
2012-05-08,2.450000047683716,2.549999952316284,2.4200000762939453,2.430000066757202,1.5073248147964478,49048118
2012-05-09,2.4200000762939453,2.4200000762939453,2.299999952316284,2.319999933242798,1.439091682434082,81537988
2012-05-10,2.299999952316284,2.3499999046325684,2.2699999809265137,2.319999933242798,1.439091682434082,48094009
2012-05-11,2.319999933242798,2.3399999141693115,2.2699999809265137,2.319999933242798,1.439091682434082,44090354
2012-05-14,2.319999933242798,2.4200000762939453,2.319999933242798,2.3499999046325684,1.4577008485794067,37469689
2012-05-15,2.3399999141693115,2.450000047683716,2.319999933242798,2.430000066757202,1.5073248147964478,32577501
2012-05-16,2.3499999046325684,2.359999895095825,2.299999952316284,2.309999942779541,1.4328886270523071,66604345
2012-05-17,2.3299999237060547,2.4100000858306885,2.319999933242798,2.3499999046325684,1.4577008485794067,39980349
2012-05-18,2.3499999046325684,2.450000047683716,2.3299999237060547,2.430000066757202,1.5073248147964478,84698894
2012-05-21,2.4700000286102295,2.5399999618530273,2.440000057220459,2.509999990463257,1.5569486618041992,63508628
2012-05-22,2.549999952316284,2.569999933242798,2.509999990463257,2.5299999713897705,1.5693540573120117,30757711
2012-05-23,2.4800000190734863,2.490000009536743,2.440000057220459,2.4600000381469727,1.5259335041046143,33358745
2012-05-24,2.490000009536743,2.490000009536743,2.390000104904175,2.4200000762939453,1.5011218786239624,21308955
2012-05-25,2.4200000762939453,2.4200000762939453,2.3299999237060547,2.4100000858306885,1.4949185848236084,25826644
2012-05-28,2.4000000953674316,2.4600000381469727,2.390000104904175,2.4100000858306885,1.4949185848236084,17049136
2012-05-29,2.4100000858306885,2.5399999618530273,2.4100000858306885,2.5299999713897705,1.5693540573120117,37411762
2012-05-30,2.5,2.509999990463257,2.450000047683716,2.4600000381469727,1.5259335041046143,29484970
2012-05-31,2.4600000381469727,2.4600000381469727,2.4600000381469727,2.4600000381469727,1.5259335041046143,0
2012-06-01,2.4600000381469727,2.549999952316284,2.430000066757202,2.5299999713897705,1.5693540573120117,55108626
2012-06-04,2.5799999237060547,2.609999895095825,2.549999952316284,2.5899999141693115,1.606572151184082,79702804
2012-06-05,2.5799999237060547,2.6700000762939453,2.549999952316284,2.630000114440918,1.6313843727111816,56595814
2012-06-06,2.6500000953674316,2.819999933242798,2.6500000953674316,2.809999942779541,1.7430379390716553,119616033
2012-06-07,2.880000114440918,2.890000104904175,2.7200000286102295,2.759999990463257,1.7120229005813599,90993279
2012-06-08,2.6700000762939453,2.690000057220459,2.559999942779541,2.6600000858306885,1.7120230197906494,48028922
2012-06-11,2.7799999713897705,2.7799999713897705,2.7100000381469727,2.740000009536743,1.763512134552002,36962414
2012-06-12,2.680000066757202,2.740000009536743,2.6500000953674316,2.7300000190734863,1.7570760250091553,29033373
2012-06-13,2.7799999713897705,2.7799999713897705,2.700000047683716,2.740000009536743,1.763512134552002,23566459
2012-06-14,2.7100000381469727,2.75,2.690000057220459,2.7200000286102295,1.7506400346755981,16158353
2012-06-15,2.75,2.8399999141693115,2.740000009536743,2.819999933242798,1.8150018453598022,41263918
2012-06-18,2.8399999141693115,2.869999885559082,2.759999990463257,2.7899999618530273,1.795693278312683,26396100
2012-06-19,2.8299999237060547,2.8299999237060547,2.7899999618530273,2.809999942779541,1.8085657358169556,14303119
2012-06-20,2.869999885559082,2.869999885559082,2.7899999618530273,2.819999933242798,1.8150018453598022,16459062
2012-06-21,2.799999952316284,2.799999952316284,2.680000066757202,2.700000047683716,1.7377679347991943,38758707
2012-06-22,2.5899999141693115,2.6700000762939453,2.5799999237060547,2.5899999141693115,1.666969656944275,40256000
2012-06-25,2.5999999046325684,2.6600000858306885,2.559999942779541,2.569999933242798,1.6540976762771606,25625808
2012-06-26,2.5899999141693115,2.609999895095825,2.559999942779541,2.569999933242798,1.6540976762771606,11524000
2012-06-27,2.609999895095825,2.619999885559082,2.5299999713897705,2.549999952316284,1.6412248611450195,14343203
2012-06-28,2.5899999141693115,2.5999999046325684,2.5199999809265137,2.5299999713897705,1.628352403640747,19069313
2012-06-29,2.5299999713897705,2.619999885559082,2.5199999809265137,2.5999999046325684,1.6734060049057007,26627567
2012-07-03,2.619999885559082,2.6600000858306885,2.5799999237060547,2.630000114440918,1.6927145719528198,22671176
2012-07-04,2.6700000762939453,2.740000009536743,2.6700000762939453,2.690000057220459,1.7313315868377686,48669223
2012-07-05,2.690000057220459,2.7300000190734863,2.6500000953674316,2.7300000190734863,1.7570760250091553,16913224
2012-07-06,2.7200000286102295,2.740000009536743,2.690000057220459,2.7200000286102295,1.7506400346755981,23343736
2012-07-09,2.700000047683716,2.7100000381469727,2.609999895095825,2.680000066757202,1.7248954772949219,23404000
2012-07-10,2.700000047683716,2.700000047683716,2.619999885559082,2.640000104904175,1.699150800704956,19307722
2012-07-11,2.609999895095825,2.6500000953674316,2.569999933242798,2.5999999046325684,1.6734060049057007,26442090
2012-07-12,2.5899999141693115,2.5899999141693115,2.5,2.5,1.6090443134307861,28232111
2012-07-13,2.4800000190734863,2.5399999618530273,2.4800000190734863,2.509999990463257,1.6154804229736328,15272643
2012-07-16,2.5299999713897705,2.549999952316284,2.509999990463257,2.5199999809265137,1.6219165325164795,12335483
2012-07-17,2.5199999809265137,2.5799999237060547,2.5199999809265137,2.5299999713897705,1.628352403640747,17577957
2012-07-18,2.509999990463257,2.5399999618530273,2.440000057220459,2.4700000286102295,1.5897358655929565,20197523
2012-07-19,2.4800000190734863,2.5399999618530273,2.4800000190734863,2.5199999809265137,1.6219165325164795,22276546
2012-07-20,2.490000009536743,2.5199999809265137,2.490000009536743,2.5199999809265137,1.6219165325164795,11553496
2012-07-23,2.490000009536743,2.5,2.369999885559082,2.4000000953674316,1.544682264328003,37086691
2012-07-24,2.4000000953674316,2.4200000762939453,2.299999952316284,2.309999942779541,1.486756682395935,29958890
2012-07-25,2.2899999618530273,2.319999933242798,2.2300000190734863,2.2899999618530273,1.4738844633102417,41981462
2012-07-26,2.3499999046325684,2.369999885559082,2.3299999237060547,2.3399999141693115,1.5060652494430542,32994823
2012-07-27,2.390000104904175,2.450000047683716,2.369999885559082,2.4100000858306885,1.5511186122894287,34265832
2012-07-30,2.430000066757202,2.4600000381469727,2.390000104904175,2.440000057220459,1.5704269409179688,20994992
2012-07-31,2.4700000286102295,2.5,2.430000066757202,2.490000009536743,1.60260808467865,35918970
2012-08-01,2.450000047683716,2.5199999809265137,2.440000057220459,2.509999990463257,1.6154804229736328,24128404
2012-08-02,2.5,2.5199999809265137,2.4600000381469727,2.4700000286102295,1.5897358655929565,21535700
2012-08-03,2.4000000953674316,2.4800000190734863,2.4000000953674316,2.4600000381469727,1.5832992792129517,16254537
2012-08-06,2.5299999713897705,2.619999885559082,2.509999990463257,2.5999999046325684,1.6734060049057007,60386769
2012-08-07,2.5799999237060547,2.7100000381469727,2.5799999237060547,2.6600000858306885,1.7120230197906494,65577169
2012-08-08,2.640000104904175,2.6700000762939453,2.5899999141693115,2.630000114440918,1.6927145719528198,27933556
2012-08-09,2.630000114440918,2.690000057220459,2.609999895095825,2.680000066757202,1.7248954772949219,38901560
2012-08-10,2.619999885559082,2.6600000858306885,2.4700000286102295,2.609999895095825,1.6798419952392578,66244280
2012-08-13,2.630000114440918,2.6500000953674316,2.5,2.549999952316284,1.6412248611450195,65351666
2012-08-14,2.5999999046325684,2.5999999046325684,2.4800000190734863,2.5399999618530273,1.6347887516021729,32586000
2012-08-15,2.509999990463257,2.5299999713897705,2.4800000190734863,2.4800000190734863,1.5961717367172241,22980382
2012-08-16,2.509999990463257,2.509999990463257,2.490000009536743,2.490000009536743,1.60260808467865,14106500
2012-08-17,2.5299999713897705,2.5399999618530273,2.509999990463257,2.5299999713897705,1.628352403640747,18311000
2012-08-20,2.490000009536743,2.5299999713897705,2.490000009536743,2.509999990463257,1.6154804229736328,19739688
2012-08-21,2.509999990463257,2.609999895095825,2.5,2.5999999046325684,1.6734060049057007,29341250
2012-08-22,2.640000104904175,2.640000104904175,2.509999990463257,2.5299999713897705,1.628352403640747,62715886
2012-08-23,2.5799999237060547,2.7100000381469727,2.569999933242798,2.700000047683716,1.7377679347991943,112267425
2012-08-24,2.640000104904175,2.6600000858306885,2.619999885559082,2.630000114440918,1.6927145719528198,47969327
2012-08-27,2.6500000953674316,2.6600000858306885,2.569999933242798,2.5899999141693115,1.666969656944275,22929175
2012-08-28,2.569999933242798,2.5799999237060547,2.5,2.5299999713897705,1.628352403640747,45018800
2012-08-29,2.5199999809265137,2.5399999618530273,2.5,2.5,1.6090443134307861,24072348
2012-08-30,2.490000009536743,2.490000009536743,2.4200000762939453,2.430000066757202,1.5639909505844116,40599109
2012-08-31,2.4100000858306885,2.4600000381469727,2.4100000858306885,2.430000066757202,1.5639909505844116,19557910
2012-09-03,2.490000009536743,2.5799999237060547,2.4800000190734863,2.5199999809265137,1.6219165325164795,42636315
2012-09-04,2.5399999618530273,2.5799999237060547,2.490000009536743,2.5,1.6090443134307861,18739502
2012-09-05,2.4800000190734863,2.509999990463257,2.4000000953674316,2.440000057220459,1.5704269409179688,36171125
2012-09-06,2.490000009536743,2.559999942779541,2.4600000381469727,2.559999942779541,1.6476613283157349,37850508
2012-09-07,2.5799999237060547,2.5999999046325684,2.5299999713897705,2.5799999237060547,1.6605335474014282,54063122
2012-09-10,2.6600000858306885,2.700000047683716,2.640000104904175,2.700000047683716,1.7377679347991943,83642974
2012-09-11,2.6600000858306885,2.700000047683716,2.609999895095825,2.690000057220459,1.7313315868377686,39135000
2012-09-12,2.7100000381469727,2.75,2.680000066757202,2.7300000190734863,1.7570760250091553,51400637
2012-09-13,2.700000047683716,2.759999990463257,2.690000057220459,2.7300000190734863,1.7570760250091553,49768894
2012-09-14,2.8499999046325684,3.0799999237060547,2.8499999046325684,3.0399999618530273,1.9565973281860352,215377089
2012-09-17,3.0999999046325684,3.130000114440918,2.940000057220459,3.049999952316284,1.9630342721939087,90571286
2012-09-18,3.0,3.0199999809265137,2.9600000381469727,3.0199999809265137,1.9437257051467896,54931376
2012-09-19,3.0,3.200000047683716,3.0,3.190000057220459,2.053140640258789,106069146
2012-09-20,3.190000057220459,3.190000057220459,3.0399999618530273,3.069999933242798,1.9759066104888916,81608289
2012-09-21,3.0799999237060547,3.1700000762939453,3.0799999237060547,3.130000114440918,2.0145232677459717,67617735
2012-09-24,3.0999999046325684,3.119999885559082,3.069999933242798,3.119999885559082,2.008086681365967,42114196
2012-09-25,3.0999999046325684,3.130000114440918,3.049999952316284,3.109999895095825,2.0016512870788574,36555076
2012-09-26,3.049999952316284,3.0799999237060547,3.009999990463257,3.0299999713897705,1.9501616954803467,39839842
2012-09-27,3.0,3.109999895095825,2.9700000286102295,3.0799999237060547,1.9823423624038696,44046622
2012-09-28,3.130000114440918,3.1500000953674316,3.109999895095825,3.130000114440918,2.0145232677459717,51977482
2012-10-03,3.1500000953674316,3.1600000858306885,3.109999895095825,3.1600000858306885,2.03383207321167,31477681
2012-10-04,3.130000114440918,3.1600000858306885,3.119999885559082,3.1500000953674316,2.0273959636688232,26946030
2012-10-05,3.190000057220459,3.25,3.1700000762939453,3.240000009536743,2.0853214263916016,68072562
2012-10-08,3.190000057220459,3.190000057220459,3.0799999237060547,3.0899999141693115,1.9887787103652954,61690934
2012-10-09,3.119999885559082,3.1600000858306885,3.0899999141693115,3.0999999046325684,1.9952144622802734,40307815
2012-10-10,3.0999999046325684,3.1500000953674316,3.069999933242798,3.1500000953674316,2.0273959636688232,56982167
2012-10-11,3.0999999046325684,3.1700000762939453,3.0999999046325684,3.1700000762939453,2.0402679443359375,28277491
2012-10-12,3.1700000762939453,3.2100000381469727,3.1500000953674316,3.200000047683716,2.0595765113830566,47149787
2012-10-15,3.1600000858306885,3.200000047683716,3.109999895095825,3.1500000953674316,2.0273959636688232,35622030
2012-10-16,3.130000114440918,3.180000066757202,3.0999999046325684,3.1700000762939453,2.0402679443359375,40529100
2012-10-17,3.1700000762939453,3.240000009536743,3.1500000953674316,3.2200000286102295,2.072448968887329,55494447
2012-10-18,3.200000047683716,3.299999952316284,3.200000047683716,3.2300000190734863,2.078885555267334,59576199
2012-10-19,3.2200000286102295,3.240000009536743,3.1500000953674316,3.190000057220459,2.053140640258789,35250560
2012-10-22,3.130000114440918,3.200000047683716,3.119999885559082,3.180000066757202,2.0467045307159424,22867575
2012-10-24,3.119999885559082,3.2200000286102295,3.119999885559082,3.180000066757202,2.0467045307159424,19955553
2012-10-25,3.1500000953674316,3.200000047683716,3.119999885559082,3.180000066757202,2.0467045307159424,40697222
2012-10-26,3.140000104904175,3.190000057220459,3.009999990463257,3.0199999809265137,1.9437257051467896,59940673
2012-10-29,3.0,3.130000114440918,2.990000009536743,3.0999999046325684,1.9952144622802734,33409203
2012-10-30,3.0899999141693115,3.119999885559082,3.0399999618530273,3.119999885559082,2.008086681365967,25656318
2012-10-31,3.140000104904175,3.1500000953674316,3.0799999237060547,3.119999885559082,2.008086681365967,26827228
2012-11-01,3.0899999141693115,3.1700000762939453,3.0799999237060547,3.1500000953674316,2.0273959636688232,36781535
2012-11-02,3.1600000858306885,3.180000066757202,3.0999999046325684,3.140000104904175,2.0209598541259766,37792841
2012-11-05,3.0999999046325684,3.119999885559082,3.0399999618530273,3.069999933242798,1.9759066104888916,49933020
2012-11-06,3.0799999237060547,3.0999999046325684,3.049999952316284,3.0799999237060547,1.9823423624038696,21059400
2012-11-07,3.119999885559082,3.299999952316284,3.0899999141693115,3.2699999809265137,2.1046297550201416,133935205
2012-11-08,3.190000057220459,3.240000009536743,3.1700000762939453,3.190000057220459,2.053140640258789,62933979
2012-11-09,3.1700000762939453,3.259999990463257,3.1700000762939453,3.2300000190734863,2.078885555267334,56822211
2012-11-12,3.25,3.259999990463257,3.180000066757202,3.2100000381469727,2.0660130977630615,32816250
2012-11-13,3.2100000381469727,3.2300000190734863,3.119999885559082,3.1500000953674316,2.0273959636688232,40145234
2012-11-14,3.140000104904175,3.200000047683716,3.130000114440918,3.1700000762939453,2.0402679443359375,24610880
2012-11-15,3.140000104904175,3.140000104904175,3.0999999046325684,3.130000114440918,2.0145232677459717,46815638
2012-11-16,3.119999885559082,3.140000104904175,3.0799999237060547,3.0899999141693115,1.9887787103652954,21606950
2012-11-19,3.140000104904175,3.1500000953674316,3.0799999237060547,3.130000114440918,2.0145232677459717,19680362
2012-11-20,3.1700000762939453,3.200000047683716,3.109999895095825,3.119999885559082,2.008086681365967,36503148
2012-11-21,3.109999895095825,3.180000066757202,3.109999895095825,3.1500000953674316,2.0273959636688232,25143228
2012-11-22,3.1700000762939453,3.180000066757202,3.109999895095825,3.140000104904175,2.0209598541259766,25327633
2012-11-23,3.130000114440918,3.1700000762939453,3.119999885559082,3.130000114440918,2.0145232677459717,38216750
2012-11-26,3.1700000762939453,3.180000066757202,3.130000114440918,3.130000114440918,2.0145232677459717,33663735
2012-11-27,3.1500000953674316,3.1600000858306885,3.0999999046325684,3.109999895095825,2.0016512870788574,25665540
2012-11-28,3.0999999046325684,3.109999895095825,3.049999952316284,3.0999999046325684,1.9952144622802734,34250959
2012-11-29,3.0899999141693115,3.0999999046325684,3.049999952316284,3.0799999237060547,1.9823423624038696,32876613
2012-11-30,3.0799999237060547,3.130000114440918,3.0799999237060547,3.119999885559082,2.008086681365967,32825117
2012-12-03,3.0999999046325684,3.119999885559082,3.059999942779541,3.0899999141693115,1.9887787103652954,23965977
2012-12-04,3.069999933242798,3.0799999237060547,3.0399999618530273,3.059999942779541,1.9694702625274658,29433307
2012-12-05,3.0199999809265137,3.0799999237060547,3.0199999809265137,3.0399999618530273,1.9565973281860352,62449775
2012-12-06,3.059999942779541,3.0799999237060547,3.0399999618530273,3.059999942779541,1.9694702625274658,26121823
2012-12-07,3.0899999141693115,3.0999999046325684,3.049999952316284,3.069999933242798,1.9759066104888916,31986200
2012-12-10,3.049999952316284,3.0899999141693115,3.0399999618530273,3.0799999237060547,1.9823423624038696,31340959
2012-12-11,3.0999999046325684,3.0999999046325684,3.049999952316284,3.069999933242798,1.9759066104888916,29642680
2012-12-12,3.059999942779541,3.130000114440918,3.059999942779541,3.109999895095825,2.0016512870788574,66673228
2012-12-13,3.130000114440918,3.1500000953674316,3.0999999046325684,3.130000114440918,2.0145232677459717,70588828
2012-12-14,3.109999895095825,3.1700000762939453,3.0999999046325684,3.1500000953674316,2.0273959636688232,64878311
2012-12-17,3.1500000953674316,3.1500000953674316,3.0799999237060547,3.130000114440918,2.0145232677459717,42646593
2012-12-18,3.109999895095825,3.140000104904175,3.0799999237060547,3.119999885559082,2.008086681365967,44044345
2012-12-19,3.0999999046325684,3.140000104904175,3.0799999237060547,3.140000104904175,2.0209598541259766,36761241
2012-12-20,3.130000114440918,3.140000104904175,3.059999942779541,3.069999933242798,1.9759066104888916,39765200
2012-12-21,3.049999952316284,3.059999942779541,2.950000047683716,2.9600000381469727,1.9051079750061035,109615020
2012-12-24,2.9700000286102295,3.0399999618530273,2.9700000286102295,3.0299999713897705,1.9501616954803467,17153500
2012-12-27,3.0399999618530273,3.059999942779541,3.0199999809265137,3.0299999713897705,1.9501616954803467,18565764
2012-12-28,3.049999952316284,3.049999952316284,2.990000009536743,3.0299999713897705,1.9501616954803467,32766290
2012-12-31,3.0399999618530273,3.069999933242798,3.009999990463257,3.049999952316284,1.9630342721939087,23153000
2013-01-02,3.069999933242798,3.1600000858306885,3.069999933242798,3.130000114440918,2.0145232677459717,70586001
2013-01-03,3.1700000762939453,3.190000057220459,3.140000104904175,3.1600000858306885,2.03383207321167,62234130
2013-01-04,3.109999895095825,3.130000114440918,3.009999990463257,3.0799999237060547,1.9823423624038696,64330209
2013-01-07,3.059999942779541,3.109999895095825,3.049999952316284,3.0799999237060547,1.9823423624038696,57473433
2013-01-08,3.049999952316284,3.0799999237060547,3.049999952316284,3.059999942779541,1.9694702625274658,27977887
2013-01-09,3.049999952316284,3.0999999046325684,3.0399999618530273,3.0799999237060547,1.9823423624038696,28626393
2013-01-10,3.0799999237060547,3.0999999046325684,3.049999952316284,3.0799999237060547,1.9823423624038696,47946311
2013-01-11,3.119999885559082,3.140000104904175,3.069999933242798,3.0899999141693115,1.9887787103652954,36855637
2013-01-14,3.069999933242798,3.109999895095825,3.069999933242798,3.0899999141693115,1.9887787103652954,31613210
2013-01-15,3.069999933242798,3.109999895095825,3.059999942779541,3.0899999141693115,1.9887787103652954,30046506
2013-01-16,3.109999895095825,3.1600000858306885,3.0799999237060547,3.1600000858306885,2.03383207321167,74896753
2013-01-17,3.1600000858306885,3.1700000762939453,3.0899999141693115,3.140000104904175,2.0209598541259766,47296700
2013-01-18,3.1500000953674316,3.200000047683716,3.0999999046325684,3.180000066757202,2.0467045307159424,61540148
2013-01-21,3.180000066757202,3.200000047683716,3.1500000953674316,3.1600000858306885,2.03383207321167,27054344
2013-01-22,3.1600000858306885,3.190000057220459,3.1500000953674316,3.180000066757202,2.0467045307159424,25211283
2013-01-23,3.200000047683716,3.200000047683716,3.119999885559082,3.1500000953674316,2.0273959636688232,34994980
2013-01-24,3.119999885559082,3.140000104904175,3.0899999141693115,3.0899999141693115,1.9887787103652954,38197926
2013-01-25,3.0999999046325684,3.0999999046325684,3.0,3.009999990463257,1.9372894763946533,75034402
2013-01-28,2.990000009536743,3.0399999618530273,2.990000009536743,3.009999990463257,1.9372894763946533,52212680
2013-01-29,2.990000009536743,3.009999990463257,2.9800000190734863,3.0,1.930853009223938,46630293
2013-01-30,3.0,3.049999952316284,2.990000009536743,2.990000009536743,1.92441725730896,38149211
2013-01-31,2.990000009536743,3.0,2.9700000286102295,2.990000009536743,1.92441725730896,46537592
2013-02-01,2.9600000381469727,3.0,2.950000047683716,2.990000009536743,1.92441725730896,38340717
2013-02-04,3.0,3.009999990463257,2.950000047683716,2.9600000381469727,1.9051079750061035,43906090
2013-02-05,2.950000047683716,2.9600000381469727,2.9200000762939453,2.930000066757202,1.8858001232147217,39467593
2013-02-06,2.930000066757202,2.950000047683716,2.9000000953674316,2.9100000858306885,1.8729276657104492,47287123
2013-02-07,2.9000000953674316,2.9100000858306885,2.819999933242798,2.859999895095825,1.8407464027404785,44041250
2013-02-08,2.8299999237060547,2.859999895095825,2.819999933242798,2.819999933242798,1.8150018453598022,43103498
2013-02-14,2.8299999237060547,2.880000114440918,2.819999933242798,2.8399999141693115,1.8278741836547852,38166933
2013-02-15,2.8399999141693115,2.8499999046325684,2.7699999809265137,2.799999952316284,1.8021296262741089,57707881
2013-02-18,2.740000009536743,2.75,2.6700000762939453,2.690000057220459,1.7313315868377686,140648374
2013-02-19,2.700000047683716,2.7699999809265137,2.690000057220459,2.7100000381469727,1.744203805923462,79503286
2013-02-20,2.680000066757202,2.740000009536743,2.680000066757202,2.7300000190734863,1.7570760250091553,43215320
2013-02-21,2.630000114440918,2.6700000762939453,2.630000114440918,2.640000104904175,1.699150800704956,75753715
2013-02-22,2.640000104904175,2.6700000762939453,2.619999885559082,2.6700000762939453,1.7184593677520752,64311191
2013-02-25,2.680000066757202,2.690000057220459,2.640000104904175,2.6500000953674316,1.7055869102478027,23763525
2013-02-26,2.6600000858306885,2.6700000762939453,2.5899999141693115,2.609999895095825,1.6798419952392578,40676600
2013-02-27,2.6600000858306885,2.6700000762939453,2.630000114440918,2.6500000953674316,1.7055869102478027,63235989
2013-02-28,2.6600000858306885,2.7200000286102295,2.6500000953674316,2.6700000762939453,1.7184593677520752,44441038
2013-03-01,2.6700000762939453,2.6700000762939453,2.630000114440918,2.6500000953674316,1.7055869102478027,51247301
2013-03-04,2.609999895095825,2.819999933242798,2.5999999046325684,2.5999999046325684,1.6734060049057007,34659958
2013-03-05,2.630000114440918,2.6700000762939453,2.619999885559082,2.630000114440918,1.6927145719528198,29802915
2013-03-06,2.630000114440918,2.6500000953674316,2.559999942779541,2.569999933242798,1.6540976762771606,90072125
2013-03-07,2.5799999237060547,2.630000114440918,2.569999933242798,2.5999999046325684,1.6734060049057007,42633527
2013-03-08,2.630000114440918,2.6700000762939453,2.609999895095825,2.609999895095825,1.6798419952392578,37786760
2013-03-11,2.609999895095825,2.6600000858306885,2.609999895095825,2.619999885559082,1.6862781047821045,19487240
2013-03-12,2.619999885559082,2.6500000953674316,2.5799999237060547,2.5899999141693115,1.666969656944275,34873494
2013-03-13,2.5999999046325684,2.6500000953674316,2.5399999618530273,2.549999952316284,1.6412248611450195,46978276
2013-03-14,2.5199999809265137,2.549999952316284,2.5,2.509999990463257,1.6154804229736328,34817282
2013-03-15,2.5199999809265137,2.5799999237060547,2.5,2.549999952316284,1.6412248611450195,221614617
2013-03-18,2.5299999713897705,2.549999952316284,2.440000057220459,2.5,1.6090443134307861,95433742
2013-03-19,2.5299999713897705,2.5299999713897705,2.4600000381469727,2.4800000190734863,1.5961717367172241,25831474
2013-03-20,2.490000009536743,2.5899999141693115,2.4800000190734863,2.5799999237060547,1.6605335474014282,52175250
2013-03-21,2.549999952316284,2.5899999141693115,2.5299999713897705,2.559999942779541,1.6476613283157349,24406038
2013-03-22,2.559999942779541,2.609999895095825,2.549999952316284,2.569999933242798,1.6540976762771606,43649813
2013-03-25,2.619999885559082,2.630000114440918,2.569999933242798,2.5799999237060547,1.6605335474014282,16251750
2013-03-26,2.5799999237060547,2.5899999141693115,2.5299999713897705,2.5799999237060547,1.6605335474014282,17565000
2013-03-27,2.559999942779541,2.609999895095825,2.549999952316284,2.5899999141693115,1.666969656944275,17836294
2013-03-28,2.549999952316284,2.569999933242798,2.5199999809265137,2.559999942779541,1.6476613283157349,32276741
2013-04-02,2.5199999809265137,2.5899999141693115,2.5199999809265137,2.559999942779541,1.6476613283157349,17684101
2013-04-03,2.559999942779541,2.569999933242798,2.4700000286102295,2.509999990463257,1.6154804229736328,57523023
2013-04-05,2.4600000381469727,2.490000009536743,2.390000104904175,2.4100000858306885,1.5511186122894287,55006186
2013-04-08,2.4100000858306885,2.4700000286102295,2.4000000953674316,2.4600000381469727,1.5832992792129517,26032016
2013-04-09,2.4600000381469727,2.509999990463257,2.4600000381469727,2.5,1.6090443134307861,24494504
2013-04-10,2.5399999618530273,2.640000104904175,2.5199999809265137,2.5799999237060547,1.6605335474014282,62520047
2013-04-11,2.549999952316284,2.569999933242798,2.509999990463257,2.5399999618530273,1.6347887516021729,35552035
2013-04-12,2.5199999809265137,2.5299999713897705,2.4800000190734863,2.509999990463257,1.6154804229736328,18453975
2013-04-15,2.390000104904175,2.4000000953674316,2.2799999713897705,2.3299999237060547,1.4996291399002075,117319981
2013-04-16,2.2300000190734863,2.319999933242798,2.2100000381469727,2.2899999618530273,1.4738844633102417,84236189
2013-04-17,2.309999942779541,2.3299999237060547,2.259999990463257,2.2699999809265137,1.4610122442245483,35903525
2013-04-18,2.2200000286102295,2.259999990463257,2.2200000286102295,2.2300000190734863,1.435267448425293,54126349
2013-04-19,2.240000009536743,2.3299999237060547,2.240000009536743,2.2899999618530273,1.4738844633102417,54313091
2013-04-22,2.319999933242798,2.319999933242798,2.240000009536743,2.2699999809265137,1.4610122442245483,38903380
2013-04-23,2.2699999809265137,2.2899999618530273,2.2300000190734863,2.240000009536743,1.4417037963867188,29213853
2013-04-24,2.240000009536743,2.2899999618530273,2.2300000190734863,2.2699999809265137,1.4610122442245483,35626750
2013-04-25,2.299999952316284,2.4200000762939453,2.2799999713897705,2.380000114440918,1.5318101644515991,73788507
2013-04-26,2.4200000762939453,2.440000057220459,2.3399999141693115,2.3399999141693115,1.5060652494430542,43597000
2013-04-29,2.299999952316284,2.319999933242798,2.25,2.259999990463257,1.454576015472412,45482000
2013-04-30,2.259999990463257,2.299999952316284,2.259999990463257,2.2899999618530273,1.4738844633102417,29322348
2013-05-02,2.2899999618530273,2.2899999618530273,2.25,2.2699999809265137,1.4610122442245483,15775665
2013-05-03,2.2799999713897705,2.319999933242798,2.259999990463257,2.299999952316284,1.4803204536437988,50267470
2013-05-06,2.299999952316284,2.3299999237060547,2.2899999618530273,2.299999952316284,1.4803204536437988,34818426
2013-05-07,2.299999952316284,2.319999933242798,2.2799999713897705,2.309999942779541,1.486756682395935,32011236
2013-05-08,2.3399999141693115,2.3399999141693115,2.299999952316284,2.3299999237060547,1.4996291399002075,37582422
2013-05-09,2.3499999046325684,2.369999885559082,2.3299999237060547,2.359999895095825,1.518937587738037,35659610
2013-05-10,2.3499999046325684,2.359999895095825,2.309999942779541,2.3299999237060547,1.4996291399002075,31897825
2013-05-13,2.309999942779541,2.309999942779541,2.25,2.2699999809265137,1.4610122442245483,38611440
2013-05-14,2.25,2.2699999809265137,2.240000009536743,2.240000009536743,1.4417037963867188,33218042
2013-05-15,2.25,2.2699999809265137,2.2100000381469727,2.240000009536743,1.4417037963867188,38331702
2013-05-16,2.2200000286102295,2.2300000190734863,2.200000047683716,2.2100000381469727,1.4223952293395996,40520713
2013-05-20,2.200000047683716,2.2100000381469727,2.140000104904175,2.1700000762939453,1.3966504335403442,62734077
2013-05-21,2.200000047683716,2.200000047683716,2.1600000858306885,2.190000057220459,1.4095226526260376,37045921
2013-05-22,2.180000066757202,2.200000047683716,2.1500000953674316,2.190000057220459,1.4095226526260376,19848951
2013-05-23,2.1600000858306885,2.190000057220459,2.130000114440918,2.140000104904175,1.3773421049118042,44840020
2013-05-24,2.1500000953674316,2.1700000762939453,2.130000114440918,2.140000104904175,1.3773421049118042,28114300
2013-05-27,2.109999895095825,2.1700000762939453,2.109999895095825,2.130000114440918,1.3709056377410889,15875318
2013-05-28,2.130000114440918,2.1500000953674316,2.109999895095825,2.140000104904175,1.3773421049118042,30550650
2013-05-29,2.1500000953674316,2.1500000953674316,2.109999895095825,2.119999885559082,1.3644695281982422,33947788
2013-05-30,2.140000104904175,2.1500000953674316,2.0999999046325684,2.130000114440918,1.3709056377410889,53357846
2013-05-31,2.1600000858306885,2.180000066757202,2.130000114440918,2.1600000858306885,1.390214443206787,51673200
2013-06-03,2.1600000858306885,2.1600000858306885,2.0299999713897705,2.0799999237060547,1.338724970817566,66825136
2013-06-04,2.0999999046325684,2.1600000858306885,2.0799999237060547,2.140000104904175,1.3773421049118042,50126858
2013-06-05,2.140000104904175,2.140000104904175,2.0899999141693115,2.109999895095825,1.3580334186553955,32690115
2013-06-06,2.069999933242798,2.109999895095825,2.059999942779541,2.0899999141693115,1.345160961151123,32783724
2013-06-07,2.0999999046325684,2.119999885559082,2.069999933242798,2.0899999141693115,1.345160961151123,27569020
2013-06-10,2.009999990463257,2.0199999809265137,1.909999966621399,1.909999966621399,1.2910840511322021,49299859
2013-06-11,1.9199999570846558,1.940000057220459,1.7999999523162842,1.8200000524520874,1.2302476167678833,56184348
2013-06-13,1.840000033378601,1.8700000047683716,1.7799999713897705,1.8700000047683716,1.2640455961227417,49561106
2013-06-14,1.8700000047683716,1.899999976158142,1.7999999523162842,1.809999942779541,1.2234880924224854,31386726
2013-06-17,1.8200000524520874,1.840000033378601,1.7300000190734863,1.7699999809265137,1.1964497566223145,64576449
2013-06-18,1.75,1.7799999713897705,1.7300000190734863,1.7599999904632568,1.189690113067627,35763990
2013-06-19,1.7400000095367432,1.7599999904632568,1.7000000476837158,1.7100000381469727,1.1558921337127686,57358423
2013-06-20,1.6699999570846558,1.690000057220459,1.6100000143051147,1.6799999475479126,1.1356130838394165,110197582
2013-06-21,1.600000023841858,1.659999966621399,1.5700000524520874,1.5800000429153442,1.0680173635482788,143060476
2013-06-24,1.590000033378601,1.590000033378601,1.4900000095367432,1.4900000095367432,1.00718092918396,64784359
2013-06-25,1.4700000286102295,1.5099999904632568,1.3700000047683716,1.409999966621399,0.9531040787696838,175621878
2013-06-26,1.4199999570846558,1.440000057220459,1.399999976158142,1.4299999475479126,0.9666231870651245,106491365
2013-06-27,1.409999966621399,1.4600000381469727,1.3899999856948853,1.3899999856948853,0.9395846128463745,90720184
2013-06-28,1.399999976158142,1.4199999570846558,1.350000023841858,1.3700000047683716,0.9260655641555786,84314060
2013-07-02,1.4800000190734863,1.4800000190734863,1.4199999570846558,1.4600000381469727,0.986902117729187,102082127
2013-07-03,1.4600000381469727,1.4900000095367432,1.399999976158142,1.440000057220459,0.9733829498291016,88334573
2013-07-04,1.440000057220459,1.6399999856948853,1.4299999475479126,1.600000023841858,1.0815364122390747,108903762
2013-07-05,1.6299999952316284,1.6399999856948853,1.559999942779541,1.5800000429153442,1.0680173635482788,84871786
2013-07-08,1.4900000095367432,1.5199999809265137,1.399999976158142,1.4700000286102295,0.9936618208885193,173774631
2013-07-09,1.4900000095367432,1.5299999713897705,1.4800000190734863,1.5099999904632568,1.0206999778747559,46265214
2013-07-10,1.4900000095367432,1.5399999618530273,1.440000057220459,1.5199999809265137,1.0274596214294434,85363710
2013-07-11,1.5700000524520874,1.6200000047683716,1.5499999523162842,1.600000023841858,1.0815364122390747,90318650
2013-07-12,1.6299999952316284,1.6299999952316284,1.559999942779541,1.5700000524520874,1.0612577199935913,60220737
2013-07-15,1.590000033378601,1.649999976158142,1.590000033378601,1.6100000143051147,1.0882962942123413,56601109
2013-07-16,1.600000023841858,1.6100000143051147,1.5299999713897705,1.5499999523162842,1.0477383136749268,39950700
2013-07-17,1.5499999523162842,1.590000033378601,1.5399999618530273,1.559999942779541,1.0544980764389038,22309398
2013-07-18,1.559999942779541,1.5800000429153442,1.5399999618530273,1.559999942779541,1.0544980764389038,26710544
2013-07-19,1.5700000524520874,1.6799999475479126,1.5499999523162842,1.6399999856948853,1.1085748672485352,55106219
2013-07-22,1.6799999475479126,1.6799999475479126,1.6100000143051147,1.6399999856948853,1.1085748672485352,69915500
2013-07-23,1.6799999475479126,1.7799999713897705,1.6799999475479126,1.7699999809265137,1.1964497566223145,100374383
2013-07-24,1.7799999713897705,1.7999999523162842,1.7400000095367432,1.7899999618530273,1.2099690437316895,61326954
2013-07-25,1.75,1.7799999713897705,1.7300000190734863,1.7400000095367432,1.1761709451675415,37549607
2013-07-26,1.75,1.7799999713897705,1.7300000190734863,1.7400000095367432,1.1761709451675415,26644286
2013-07-29,1.7300000190734863,1.7400000095367432,1.659999966621399,1.690000057220459,1.1423730850219727,21853839
2013-07-30,1.7000000476837158,1.7200000286102295,1.6299999952316284,1.6399999856948853,1.1085748672485352,39860500
2013-07-31,1.6299999952316284,1.690000057220459,1.6299999952316284,1.659999966621399,1.1220940351486206,19552134
2013-08-01,1.690000057220459,1.7000000476837158,1.659999966621399,1.6799999475479126,1.1356130838394165,14371648
2013-08-02,1.659999966621399,1.690000057220459,1.6399999856948853,1.649999976158142,1.1153345108032227,22542660
2013-08-05,1.6699999570846558,1.7000000476837158,1.649999976158142,1.6699999570846558,1.128853678703308,24901378
2013-08-06,1.649999976158142,1.6699999570846558,1.6100000143051147,1.6299999952316284,1.1018154621124268,30161997
2013-08-07,1.600000023841858,1.6200000047683716,1.590000033378601,1.600000023841858,1.0815364122390747,37035306
2013-08-08,1.600000023841858,1.6399999856948853,1.600000023841858,1.6200000047683716,1.0950559377670288,14646113
2013-08-09,1.649999976158142,1.7100000381469727,1.6299999952316284,1.6799999475479126,1.1356130838394165,39932650
2013-08-12,1.7100000381469727,1.8700000047683716,1.7000000476837158,1.8600000143051147,1.2572863101959229,143995915
2013-08-13,1.850000023841858,1.8700000047683716,1.809999942779541,1.840000033378601,1.2437669038772583,60668977
2013-08-14,1.840000033378601,1.840000033378601,1.840000033378601,1.840000033378601,1.2437669038772583,0
2013-08-15,1.840000033378601,1.9199999570846558,1.7999999523162842,1.809999942779541,1.2234880924224854,128395315
2013-08-16,1.8600000143051147,1.8799999952316284,1.8300000429153442,1.850000023841858,1.250526785850525,55079561
2013-08-19,1.8600000143051147,1.8799999952316284,1.809999942779541,1.8200000524520874,1.2302476167678833,32279660
2013-08-20,1.8200000524520874,1.8300000429153442,1.7000000476837158,1.7200000286102295,1.162651538848877,77922228
2013-08-21,1.7100000381469727,1.7799999713897705,1.7100000381469727,1.75,1.1829307079315186,70418900
2013-08-22,1.7200000286102295,1.8300000429153442,1.7200000286102295,1.809999942779541,1.2234880924224854,39185819
2013-08-23,1.850000023841858,1.8700000047683716,1.7999999523162842,1.840000033378601,1.2437669038772583,48633083
2013-08-26,1.8700000047683716,1.909999966621399,1.8600000143051147,1.8700000047683716,1.2640455961227417,73240853
2013-08-27,1.8899999856948853,1.909999966621399,1.8600000143051147,1.8899999856948853,1.2775648832321167,43780755
2013-08-28,1.909999966621399,1.9900000095367432,1.899999976158142,1.9500000476837158,1.3181225061416626,132533331
2013-08-29,1.9500000476837158,1.9700000286102295,1.909999966621399,1.9299999475479126,1.3046035766601562,63260170
2013-08-30,1.940000057220459,1.9600000381469727,1.9199999570846558,1.9500000476837158,1.3181225061416626,67325811
2013-09-02,1.9500000476837158,1.9800000190734863,1.9299999475479126,1.9600000381469727,1.32488214969635,41396093
2013-09-03,1.940000057220459,1.9700000286102295,1.9299999475479126,1.9600000381469727,1.32488214969635,25245819
2013-09-04,1.9800000190734863,2.0,1.9600000381469727,1.9800000190734863,1.3384013175964355,45875155
2013-09-05,1.9700000286102295,1.9800000190734863,1.9500000476837158,1.9600000381469727,1.32488214969635,39291297
2013-09-06,1.940000057220459,1.9600000381469727,1.8899999856948853,1.899999976158142,1.2843247652053833,52337549
2013-09-09,1.9299999475479126,1.9500000476837158,1.9199999570846558,1.940000057220459,1.3113631010055542,21277905
2013-09-10,1.940000057220459,1.9500000476837158,1.9199999570846558,1.9299999475479126,1.3046035766601562,29431273
2013-09-11,1.899999976158142,1.909999966621399,1.8600000143051147,1.8799999952316284,1.2708052396774292,41371961
2013-09-12,1.8899999856948853,1.909999966621399,1.8300000429153442,1.850000023841858,1.250526785850525,40240630
2013-09-13,1.7999999523162842,1.8200000524520874,1.7599999904632568,1.8200000524520874,1.2302476167678833,69887633
2013-09-16,1.8700000047683716,1.8899999856948853,1.809999942779541,1.8899999856948853,1.2775648832321167,71895293
2013-09-17,1.8700000047683716,1.909999966621399,1.8300000429153442,1.850000023841858,1.250526785850525,57518680
2013-09-18,1.8700000047683716,1.8799999952316284,1.809999942779541,1.8300000429153442,1.2370071411132812,50010265
2013-09-19,1.9600000381469727,2.059999942779541,1.909999966621399,2.0199999809265137,1.3654398918151855,397790296
2013-09-23,1.9299999475479126,2.0,1.8899999856948853,1.9299999475479126,1.3046035766601562,105350272
2013-09-24,1.940000057220459,1.940000057220459,1.8899999856948853,1.899999976158142,1.2843247652053833,46697546
2013-09-25,1.899999976158142,1.9500000476837158,1.899999976158142,1.909999966621399,1.2910840511322021,34429786
2013-09-26,1.9299999475479126,1.940000057220459,1.909999966621399,1.909999966621399,1.2910840511322021,25612825
2013-09-27,1.8799999952316284,1.909999966621399,1.8799999952316284,1.8799999952316284,1.2708052396774292,22848033
2013-09-30,1.8799999952316284,1.8899999856948853,1.850000023841858,1.8600000143051147,1.2572863101959229,33083854
2013-10-02,1.809999942779541,1.8200000524520874,1.7799999713897705,1.7899999618530273,1.2099690437316895,87883320
2013-10-03,1.8300000429153442,1.8300000429153442,1.7999999523162842,1.8300000429153442,1.2370071411132812,42303910
2013-10-04,1.809999942779541,1.8200000524520874,1.7899999618530273,1.809999942779541,1.2234880924224854,42578209
2013-10-07,1.7999999523162842,1.7999999523162842,1.7599999904632568,1.7799999713897705,1.2032092809677124,49375835
2013-10-08,1.7699999809265137,1.809999942779541,1.7699999809265137,1.7999999523162842,1.2167285680770874,35019854
2013-10-09,1.7799999713897705,1.7899999618530273,1.7699999809265137,1.7899999618530273,1.2099690437316895,17375021
2013-10-10,1.7799999713897705,1.809999942779541,1.7599999904632568,1.7899999618530273,1.2099690437316895,27131763
2013-10-11,1.809999942779541,1.8200000524520874,1.7699999809265137,1.7699999809265137,1.1964497566223145,25230791
2013-10-15,1.7699999809265137,1.7799999713897705,1.7599999904632568,1.7799999713897705,1.2032092809677124,22442355
2013-10-16,1.7799999713897705,1.7899999618530273,1.7599999904632568,1.7799999713897705,1.2032092809677124,15893336
2013-10-17,1.7899999618530273,1.809999942779541,1.7699999809265137,1.7799999713897705,1.2032092809677124,13291426
2013-10-18,1.8200000524520874,1.840000033378601,1.7999999523162842,1.8300000429153442,1.2370071411132812,32374685
2013-10-21,1.8300000429153442,1.840000033378601,1.809999942779541,1.8300000429153442,1.2370071411132812,16823750
2013-10-22,1.8300000429153442,1.840000033378601,1.7899999618530273,1.809999942779541,1.2234880924224854,24135750
2013-10-23,1.8200000524520874,1.8600000143051147,1.7899999618530273,1.7899999618530273,1.2099690437316895,51831846
2013-10-24,1.7999999523162842,1.809999942779541,1.7799999713897705,1.7799999713897705,1.2032092809677124,32510242
2013-10-25,1.7999999523162842,1.809999942779541,1.7799999713897705,1.7999999523162842,1.2167285680770874,29108350
2013-10-28,1.809999942779541,1.8200000524520874,1.7799999713897705,1.7999999523162842,1.2167285680770874,25052519
2013-10-29,1.809999942779541,1.809999942779541,1.7799999713897705,1.7799999713897705,1.2032092809677124,24052377
2013-10-30,1.7999999523162842,1.7999999523162842,1.7400000095367432,1.7899999618530273,1.2099690437316895,35407773
2013-10-31,1.809999942779541,1.809999942779541,1.7699999809265137,1.7899999618530273,1.2099690437316895,31648840
2013-11-01,1.809999942779541,1.809999942779541,1.7799999713897705,1.7899999618530273,1.2099690437316895,17295835
2013-11-04,1.7999999523162842,1.809999942779541,1.7799999713897705,1.7999999523162842,1.2167285680770874,21661498
2013-11-05,1.7799999713897705,1.809999942779541,1.7799999713897705,1.7999999523162842,1.2167285680770874,17428029
2013-11-06,1.7999999523162842,1.7999999523162842,1.7799999713897705,1.7899999618530273,1.2099690437316895,19399338
2013-11-07,1.7699999809265137,1.7899999618530273,1.7599999904632568,1.7799999713897705,1.2032092809677124,15890464
2013-11-08,1.7699999809265137,1.7799999713897705,1.7300000190734863,1.7300000190734863,1.169411301612854,28432585
2013-11-11,1.7200000286102295,1.75,1.7100000381469727,1.75,1.1829307079315186,20775250
2013-11-12,1.7699999809265137,1.7699999809265137,1.7300000190734863,1.7599999904632568,1.189690113067627,13221235
2013-11-13,1.7400000095367432,1.7699999809265137,1.7200000286102295,1.7699999809265137,1.1964497566223145,42357498
2013-11-14,1.7699999809265137,1.7899999618530273,1.7599999904632568,1.7699999809265137,1.1964497566223145,18778123
2013-11-15,1.7899999618530273,1.840000033378601,1.7599999904632568,1.840000033378601,1.2437669038772583,38320733
2013-11-18,1.8600000143051147,1.8799999952316284,1.850000023841858,1.8700000047683716,1.2640455961227417,39616348
2013-11-19,1.8899999856948853,1.899999976158142,1.8200000524520874,1.850000023841858,1.250526785850525,31526645
2013-11-20,1.8600000143051147,1.8700000047683716,1.8200000524520874,1.840000033378601,1.2437669038772583,18189500
2013-11-21,1.8200000524520874,1.8200000524520874,1.7799999713897705,1.7999999523162842,1.2167285680770874,34372000
2013-11-22,1.809999942779541,1.8200000524520874,1.7899999618530273,1.7999999523162842,1.2167285680770874,25142923
2013-11-25,1.7999999523162842,1.8300000429153442,1.7999999523162842,1.809999942779541,1.2234880924224854,16567832
2013-11-26,1.809999942779541,1.8300000429153442,1.7899999618530273,1.7999999523162842,1.2167285680770874,27628735
2013-11-27,1.7899999618530273,1.809999942779541,1.7799999713897705,1.7999999523162842,1.2167285680770874,24138657
2013-11-28,1.809999942779541,1.809999942779541,1.7799999713897705,1.7899999618530273,1.2099690437316895,16854493
2013-11-29,1.7899999618530273,1.7999999523162842,1.7799999713897705,1.7999999523162842,1.2167285680770874,17096914
2013-12-02,1.7799999713897705,1.8200000524520874,1.7799999713897705,1.7899999618530273,1.2099690437316895,20644729
2013-12-03,1.7699999809265137,1.7799999713897705,1.75,1.7599999904632568,1.189690113067627,32737114
2013-12-04,1.75,1.7699999809265137,1.7200000286102295,1.7599999904632568,1.189690113067627,69474971
2013-12-05,1.7899999618530273,1.7899999618530273,1.7599999904632568,1.7699999809265137,1.1964497566223145,20955494
2013-12-06,1.75,1.7799999713897705,1.75,1.7599999904632568,1.189690113067627,27402302
2013-12-09,1.7699999809265137,1.7899999618530273,1.7100000381469727,1.7400000095367432,1.1761709451675415,23961990
2013-12-10,1.7599999904632568,1.7799999713897705,1.75,1.7799999713897705,1.2032092809677124,24575373
2013-12-11,1.809999942779541,1.8200000524520874,1.75,1.7599999904632568,1.189690113067627,41969957
2013-12-12,1.7599999904632568,1.7699999809265137,1.7300000190734863,1.7300000190734863,1.169411301612854,17838685
2013-12-13,1.7200000286102295,1.7699999809265137,1.7100000381469727,1.7200000286102295,1.162651538848877,32663944
2013-12-16,1.7000000476837158,1.7599999904632568,1.7000000476837158,1.7599999904632568,1.189690113067627,35738250
2013-12-17,1.7699999809265137,1.7699999809265137,1.7200000286102295,1.7200000286102295,1.162651538848877,37962610
2013-12-18,1.7100000381469727,1.7799999713897705,1.7100000381469727,1.7699999809265137,1.1964497566223145,40483182
2013-12-19,1.75,1.7599999904632568,1.7000000476837158,1.7200000286102295,1.162651538848877,35217190
2013-12-20,1.690000057220459,1.7100000381469727,1.6100000143051147,1.6399999856948853,1.1085748672485352,95794546
2013-12-23,1.6399999856948853,1.7100000381469727,1.6299999952316284,1.7100000381469727,1.1558921337127686,33639403
2013-12-24,1.690000057220459,1.7300000190734863,1.6799999475479126,1.7100000381469727,1.1558921337127686,14750563
2013-12-27,1.7000000476837158,1.7200000286102295,1.690000057220459,1.7000000476837158,1.149132490158081,16539098
2013-12-30,1.7200000286102295,1.7300000190734863,1.6699999570846558,1.6799999475479126,1.1356130838394165,17374500
2013-12-31,1.6699999570846558,1.7000000476837158,1.649999976158142,1.659999966621399,1.1220940351486206,25120796
2014-01-02,1.6699999570846558,1.7000000476837158,1.649999976158142,1.6799999475479126,1.1356130838394165,38558250
2014-01-03,1.690000057220459,1.7200000286102295,1.6699999570846558,1.7200000286102295,1.162651538848877,64117938
2014-01-06,1.7100000381469727,1.7599999904632568,1.7000000476837158,1.7300000190734863,1.169411301612854,47745450
2014-01-07,1.7200000286102295,1.7599999904632568,1.7100000381469727,1.7300000190734863,1.169411301612854,32284215
2014-01-08,1.7100000381469727,1.7300000190734863,1.6799999475479126,1.7000000476837158,1.149132490158081,33074275
2014-01-09,1.6799999475479126,1.7100000381469727,1.6699999570846558,1.6799999475479126,1.1356130838394165,14739188
2014-01-10,1.6699999570846558,1.7000000476837158,1.659999966621399,1.690000057220459,1.1423730850219727,40045849
2014-01-13,1.7100000381469727,1.7300000190734863,1.7000000476837158,1.7000000476837158,1.149132490158081,29853076
2014-01-14,1.690000057220459,1.7300000190734863,1.690000057220459,1.7100000381469727,1.1558921337127686,13881750
2014-01-15,1.7000000476837158,1.7300000190734863,1.690000057220459,1.690000057220459,1.1423730850219727,18282953
2014-01-16,1.690000057220459,1.690000057220459,1.6699999570846558,1.690000057220459,1.1423730850219727,17091380
2014-01-17,1.6799999475479126,1.690000057220459,1.6699999570846558,1.6799999475479126,1.1356130838394165,31616951
2014-01-20,1.6799999475479126,1.7400000095367432,1.6799999475479126,1.7000000476837158,1.149132490158081,47555153
2014-01-21,1.7100000381469727,1.7200000286102295,1.690000057220459,1.7000000476837158,1.149132490158081,16187051
2014-01-22,1.7200000286102295,1.7200000286102295,1.6799999475479126,1.7000000476837158,1.149132490158081,21256245
2014-01-23,1.690000057220459,1.7000000476837158,1.6699999570846558,1.6799999475479126,1.1356130838394165,21399172
2014-01-24,1.7000000476837158,1.7200000286102295,1.7000000476837158,1.7100000381469727,1.1558921337127686,30215201
2014-01-27,1.7200000286102295,1.7699999809265137,1.7000000476837158,1.7599999904632568,1.189690113067627,71196500
2014-01-28,1.7300000190734863,1.7400000095367432,1.6799999475479126,1.7100000381469727,1.1558921337127686,51857135
2014-01-29,1.7300000190734863,1.7300000190734863,1.690000057220459,1.7000000476837158,1.149132490158081,20194213
2014-01-30,1.6799999475479126,1.690000057220459,1.6699999570846558,1.6799999475479126,1.1356130838394165,16719907
2014-02-04,1.649999976158142,1.649999976158142,1.600000023841858,1.6100000143051147,1.0882962942123413,50088061
2014-02-05,1.6200000047683716,1.6399999856948853,1.590000033378601,1.600000023841858,1.0815364122390747,28103806
2014-02-06,1.590000033378601,1.600000023841858,1.5700000524520874,1.5700000524520874,1.0612577199935913,28571041
2014-02-07,1.5700000524520874,1.6399999856948853,1.559999942779541,1.6399999856948853,1.1085748672485352,41550612
2014-02-10,1.6399999856948853,1.649999976158142,1.600000023841858,1.6100000143051147,1.0882962942123413,25350000
2014-02-11,1.6399999856948853,1.75,1.6399999856948853,1.7400000095367432,1.1761709451675415,86361699
2014-02-12,1.7400000095367432,1.7699999809265137,1.7200000286102295,1.7599999904632568,1.189690113067627,52930309
2014-02-13,1.75,1.8200000524520874,1.7400000095367432,1.809999942779541,1.2234880924224854,75649000
2014-02-14,1.840000033378601,1.850000023841858,1.809999942779541,1.8200000524520874,1.2302476167678833,44430156
2014-02-17,1.8600000143051147,1.8700000047683716,1.7999999523162842,1.809999942779541,1.2234880924224854,43611334
2014-02-18,1.8200000524520874,1.8200000524520874,1.7799999713897705,1.7999999523162842,1.2167285680770874,21928990
2014-02-19,1.7899999618530273,1.809999942779541,1.7599999904632568,1.7999999523162842,1.2167285680770874,18697833
2014-02-20,1.7599999904632568,1.7899999618530273,1.7400000095367432,1.7599999904632568,1.189690113067627,27965500
2014-02-21,1.75,1.7899999618530273,1.7200000286102295,1.7300000190734863,1.169411301612854,27677816
2014-02-24,1.75,1.75,1.7100000381469727,1.75,1.1829307079315186,18354000
2014-02-25,1.7699999809265137,1.7799999713897705,1.7300000190734863,1.75,1.1829307079315186,16828481
2014-02-26,1.7400000095367432,1.7599999904632568,1.6799999475479126,1.75,1.1829307079315186,40899000
2014-02-27,1.7100000381469727,1.7300000190734863,1.7000000476837158,1.7100000381469727,1.1558921337127686,23254797
2014-02-28,1.690000057220459,1.7100000381469727,1.6799999475479126,1.690000057220459,1.1423730850219727,31233063
2014-03-03,1.7200000286102295,1.75,1.7000000476837158,1.7400000095367432,1.1761709451675415,32464092
2014-03-04,1.75,1.809999942779541,1.7400000095367432,1.7799999713897705,1.2032092809677124,70090478
2014-03-05,1.7699999809265137,1.7799999713897705,1.7400000095367432,1.7400000095367432,1.1761709451675415,16166654
2014-03-06,1.75,1.7699999809265137,1.7300000190734863,1.7400000095367432,1.1761709451675415,28456750
2014-03-07,1.7300000190734863,1.7599999904632568,1.7300000190734863,1.7300000190734863,1.169411301612854,22308582
2014-03-10,1.7300000190734863,1.7400000095367432,1.6699999570846558,1.7000000476837158,1.149132490158081,38623830
2014-03-11,1.7200000286102295,1.7200000286102295,1.6799999475479126,1.7000000476837158,1.149132490158081,15572367
2014-03-12,1.7000000476837158,1.7000000476837158,1.649999976158142,1.6799999475479126,1.1356130838394165,35868161
2014-03-13,1.690000057220459,1.7200000286102295,1.6699999570846558,1.6799999475479126,1.1356130838394165,19987394
2014-03-14,1.6699999570846558,1.7000000476837158,1.649999976158142,1.6799999475479126,1.1356130838394165,27920292
2014-03-17,1.7000000476837158,1.7200000286102295,1.6699999570846558,1.6699999570846558,1.128853678703308,20531532
2014-03-18,1.6799999475479126,1.6799999475479126,1.6399999856948853,1.649999976158142,1.1153345108032227,18950315
2014-03-19,1.649999976158142,1.649999976158142,1.6100000143051147,1.6399999856948853,1.1085748672485352,33060000
2014-03-20,1.6100000143051147,1.6200000047683716,1.600000023841858,1.600000023841858,1.0815364122390747,29385427
2014-03-21,1.590000033378601,1.6699999570846558,1.590000033378601,1.659999966621399,1.1220940351486206,56980704
2014-03-24,1.649999976158142,1.659999966621399,1.6200000047683716,1.6399999856948853,1.1085748672485352,26453570
2014-03-25,1.6299999952316284,1.6699999570846558,1.6100000143051147,1.6399999856948853,1.1085748672485352,18015962
2014-03-26,1.659999966621399,1.659999966621399,1.6399999856948853,1.659999966621399,1.1220940351486206,12926095
2014-03-27,1.6399999856948853,1.649999976158142,1.6299999952316284,1.6299999952316284,1.1018154621124268,18908735
2014-03-28,1.6200000047683716,1.659999966621399,1.6200000047683716,1.659999966621399,1.1220940351486206,22584516
2014-03-31,1.649999976158142,1.659999966621399,1.6299999952316284,1.649999976158142,1.1153345108032227,28509000
2014-04-01,1.6200000047683716,1.659999966621399,1.6200000047683716,1.649999976158142,1.1153345108032227,14743368
2014-04-02,1.6699999570846558,1.6699999570846558,1.6299999952316284,1.659999966621399,1.1220940351486206,23275045
2014-04-03,1.6799999475479126,1.7200000286102295,1.6699999570846558,1.7000000476837158,1.149132490158081,30281500
2014-04-04,1.690000057220459,1.7300000190734863,1.659999966621399,1.7100000381469727,1.1558921337127686,28606137
2014-04-07,1.7000000476837158,1.7100000381469727,1.690000057220459,1.7100000381469727,1.1558921337127686,18354732
2014-04-08,1.690000057220459,1.7300000190734863,1.690000057220459,1.690000057220459,1.1423730850219727,22675500
2014-04-09,1.6799999475479126,1.7200000286102295,1.6799999475479126,1.7200000286102295,1.162651538848877,24651350
2014-04-10,1.7000000476837158,1.9600000381469727,1.7000000476837158,1.8899999856948853,1.2775648832321167,165967102
2014-04-11,1.899999976158142,1.9800000190734863,1.899999976158142,1.9800000190734863,1.3384013175964355,160706265
2014-04-14,1.9500000476837158,1.9700000286102295,1.899999976158142,1.9199999570846558,1.2978436946868896,48521610
2014-04-15,1.940000057220459,1.9500000476837158,1.8600000143051147,1.8700000047683716,1.2640455961227417,28069043
2014-04-16,1.8300000429153442,1.899999976158142,1.8300000429153442,1.8899999856948853,1.2775648832321167,28794725
2014-04-17,1.8799999952316284,1.899999976158142,1.8700000047683716,1.8899999856948853,1.2775648832321167,11140465
2014-04-22,1.8600000143051147,1.8899999856948853,1.850000023841858,1.8799999952316284,1.2708052396774292,18516254
2014-04-23,1.8600000143051147,1.8799999952316284,1.850000023841858,1.8700000047683716,1.2640455961227417,7303107
2014-04-24,1.8700000047683716,1.899999976158142,1.8700000047683716,1.8899999856948853,1.2775648832321167,20886381
2014-04-25,1.899999976158142,1.899999976158142,1.8600000143051147,1.8700000047683716,1.2640455961227417,17464500
2014-04-28,1.899999976158142,1.909999966621399,1.8700000047683716,1.899999976158142,1.2843247652053833,31020453
2014-04-29,1.899999976158142,1.899999976158142,1.850000023841858,1.8799999952316284,1.2708052396774292,19701361
2014-04-30,1.850000023841858,1.899999976158142,1.850000023841858,1.8899999856948853,1.2775648832321167,24423106
2014-05-02,1.899999976158142,1.899999976158142,1.8600000143051147,1.8600000143051147,1.2572863101959229,15357006
2014-05-05,1.8899999856948853,1.899999976158142,1.8700000047683716,1.8799999952316284,1.2708052396774292,13091009
2014-05-07,1.8799999952316284,1.899999976158142,1.8700000047683716,1.8799999952316284,1.2708052396774292,16915365
2014-05-08,1.8899999856948853,1.8899999856948853,1.809999942779541,1.8200000524520874,1.2302476167678833,19439870
2014-05-09,1.8300000429153442,1.8600000143051147,1.8200000524520874,1.840000033378601,1.2437669038772583,20520607
2014-05-12,1.8300000429153442,1.850000023841858,1.809999942779541,1.8200000524520874,1.2302476167678833,17507554
2014-05-13,1.7999999523162842,1.850000023841858,1.7999999523162842,1.850000023841858,1.250526785850525,12101611
2014-05-14,1.850000023841858,1.8600000143051147,1.809999942779541,1.840000033378601,1.2437669038772583,16576238
2014-05-15,1.850000023841858,1.850000023841858,1.809999942779541,1.809999942779541,1.2234880924224854,18017258
2014-05-16,1.7899999618530273,1.7899999618530273,1.7000000476837158,1.7400000095367432,1.1761709451675415,54300588
2014-05-19,1.7100000381469727,1.7300000190734863,1.690000057220459,1.7300000190734863,1.169411301612854,30230469
2014-05-20,1.7400000095367432,1.7400000095367432,1.7000000476837158,1.7100000381469727,1.1558921337127686,13510445
2014-05-21,1.7300000190734863,1.7400000095367432,1.7000000476837158,1.7400000095367432,1.1761709451675415,14703533
2014-05-22,1.7400000095367432,1.7899999618530273,1.7300000190734863,1.7699999809265137,1.1964497566223145,19279378
2014-05-23,1.75,1.7899999618530273,1.75,1.7599999904632568,1.189690113067627,17564000
2014-05-26,1.7699999809265137,1.7899999618530273,1.7599999904632568,1.7899999618530273,1.2099690437316895,14562000
2014-05-27,1.7899999618530273,1.7899999618530273,1.7599999904632568,1.7899999618530273,1.2099690437316895,11360663
2014-05-28,1.7999999523162842,1.840000033378601,1.7799999713897705,1.7899999618530273,1.2099690437316895,34717554
2014-05-29,1.8200000524520874,1.840000033378601,1.7699999809265137,1.7799999713897705,1.2032092809677124,25173225
2014-05-30,1.75,1.8200000524520874,1.75,1.7899999618530273,1.2099690437316895,22703942
2014-06-03,1.8200000524520874,1.8300000429153442,1.7899999618530273,1.7999999523162842,1.2167285680770874,28321391
2014-06-04,1.7799999713897705,1.7899999618530273,1.7000000476837158,1.7000000476837158,1.2171374559402466,41145837
2014-06-05,1.7000000476837158,1.7400000095367432,1.690000057220459,1.7100000381469727,1.2242969274520874,55545499
2014-06-06,1.7300000190734863,1.75,1.659999966621399,1.6799999475479126,1.2028181552886963,195385500
2014-06-09,1.690000057220459,1.690000057220459,1.659999966621399,1.659999966621399,1.1884987354278564,33345669
2014-06-10,1.659999966621399,1.6799999475479126,1.649999976158142,1.6699999570846558,1.1956586837768555,20017750
2014-06-11,1.659999966621399,1.690000057220459,1.649999976158142,1.690000057220459,1.2099778652191162,20770681
2014-06-12,1.690000057220459,1.7300000190734863,1.6799999475479126,1.7200000286102295,1.2314567565917969,32120821
2014-06-13,1.7300000190734863,1.7400000095367432,1.7100000381469727,1.7300000190734863,1.2386162281036377,22387337
2014-06-16,1.7300000190734863,1.7599999904632568,1.7000000476837158,1.75,1.252935528755188,32712457
2014-06-17,1.7400000095367432,1.75,1.690000057220459,1.7000000476837158,1.2171374559402466,17808750
2014-06-18,1.7000000476837158,1.7300000190734863,1.690000057220459,1.7200000286102295,1.2314567565917969,11981997
2014-06-19,1.7200000286102295,1.7200000286102295,1.690000057220459,1.690000057220459,1.2099778652191162,11968000
2014-06-20,1.7300000190734863,1.7699999809265137,1.7200000286102295,1.75,1.252935528755188,42930183
2014-06-23,1.7400000095367432,1.75,1.7200000286102295,1.7300000190734863,1.2386162281036377,11721042
2014-06-24,1.7300000190734863,1.75,1.7200000286102295,1.7400000095367432,1.2457759380340576,11219406
2014-06-25,1.7300000190734863,1.75,1.7200000286102295,1.7400000095367432,1.2457759380340576,18702021
2014-06-26,1.75,1.7599999904632568,1.7300000190734863,1.7400000095367432,1.2457759380340576,11719035
2014-06-27,1.7400000095367432,1.75,1.7300000190734863,1.75,1.252935528755188,9504143
2014-06-30,1.75,1.7699999809265137,1.7300000190734863,1.7599999904632568,1.2600953578948975,13713750
2014-07-02,1.7599999904632568,1.7899999618530273,1.7400000095367432,1.7599999904632568,1.2600953578948975,24281986
2014-07-03,1.7599999904632568,1.7999999523162842,1.75,1.7999999523162842,1.2887336015701294,31178479
2014-07-04,1.7799999713897705,1.809999942779541,1.7699999809265137,1.7999999523162842,1.2887336015701294,11749378
2014-07-07,1.7999999523162842,1.809999942779541,1.7699999809265137,1.7699999809265137,1.2672548294067383,9477950
2014-07-08,1.7799999713897705,1.7899999618530273,1.7599999904632568,1.7599999904632568,1.2600953578948975,11864279
2014-07-09,1.75,1.7799999713897705,1.7400000095367432,1.7699999809265137,1.2672548294067383,21758652
2014-07-10,1.75,1.7899999618530273,1.75,1.7799999713897705,1.2744144201278687,32755911
2014-07-11,1.75,1.7799999713897705,1.75,1.7699999809265137,1.2672548294067383,25687528
2014-07-14,1.7599999904632568,1.8300000429153442,1.7599999904632568,1.809999942779541,1.2958931922912598,57361898
2014-07-15,1.7999999523162842,1.809999942779541,1.7699999809265137,1.809999942779541,1.2958931922912598,18008873
2014-07-16,1.7899999618530273,1.7999999523162842,1.7699999809265137,1.7999999523162842,1.2887336015701294,14126478
2014-07-17,1.7999999523162842,1.7999999523162842,1.7699999809265137,1.7999999523162842,1.2887336015701294,9378999
2014-07-18,1.7999999523162842,1.8200000524520874,1.7599999904632568,1.7999999523162842,1.2887336015701294,31781924
2014-07-21,1.7999999523162842,1.7999999523162842,1.7599999904632568,1.7799999713897705,1.2744144201278687,14060758
2014-07-22,1.7799999713897705,1.8200000524520874,1.7699999809265137,1.8200000524520874,1.3030529022216797,25752995
2014-07-23,1.7999999523162842,1.9500000476837158,1.7999999523162842,1.909999966621399,1.3674895763397217,63095363
2014-07-24,1.899999976158142,1.940000057220459,1.8899999856948853,1.9199999570846558,1.374649167060852,40203210
2014-07-25,1.940000057220459,1.9600000381469727,1.909999966621399,1.940000057220459,1.3889684677124023,27145420
2014-07-28,1.9600000381469727,2.009999990463257,1.940000057220459,1.9800000190734863,1.4176069498062134,60316760
2014-07-29,2.0,2.0,1.940000057220459,1.9700000286102295,1.4104477167129517,26231570
2014-07-30,1.9700000286102295,1.9800000190734863,1.899999976158142,1.9199999570846558,1.374649167060852,22966141
2014-07-31,1.9199999570846558,2.0299999713897705,1.899999976158142,2.0199999809265137,1.446245789527893,91427325
2014-08-01,1.9800000190734863,1.9900000095367432,1.9500000476837158,1.9600000381469727,1.4032877683639526,27989214
2014-08-04,1.9800000190734863,2.009999990463257,1.9700000286102295,2.009999990463257,1.4390859603881836,22738996
2014-08-05,2.0,2.009999990463257,1.9600000381469727,1.9800000190734863,1.4176069498062134,15696475
2014-08-06,1.9800000190734863,2.069999933242798,1.9600000381469727,2.049999952316284,1.4677244424819946,52991969
2014-08-07,2.049999952316284,2.1500000953674316,2.0399999618530273,2.049999952316284,1.4677244424819946,79508915
2014-08-08,2.059999942779541,2.0999999046325684,1.9700000286102295,2.059999942779541,1.4748841524124146,92964216
2014-08-11,2.059999942779541,2.130000114440918,2.0399999618530273,2.119999885559082,1.5178419351577759,37474854
2014-08-12,2.119999885559082,2.1500000953674316,2.0899999141693115,2.1500000953674316,1.539320945739746,22720379
2014-08-13,2.140000104904175,2.1600000858306885,2.0999999046325684,2.1500000953674316,1.539320945739746,28600207
2014-08-14,2.1600000858306885,2.1600000858306885,2.0999999046325684,2.119999885559082,1.5178419351577759,13926745
2014-08-15,2.119999885559082,2.140000104904175,2.0799999237060547,2.140000104904175,1.5321613550186157,21518083
2014-08-18,2.140000104904175,2.1600000858306885,2.109999895095825,2.109999895095825,1.510682225227356,22571689
2014-08-19,2.109999895095825,2.119999885559082,2.049999952316284,2.069999933242798,1.482043743133545,27778259
2014-08-20,2.059999942779541,2.069999933242798,2.0399999618530273,2.069999933242798,1.482043743133545,22875693
2014-08-21,2.059999942779541,2.059999942779541,2.009999990463257,2.009999990463257,1.4390859603881836,18890670
2014-08-22,2.009999990463257,2.049999952316284,2.009999990463257,2.049999952316284,1.4677244424819946,16341250
2014-08-25,2.049999952316284,2.049999952316284,1.9800000190734863,1.9900000095367432,1.4247667789459229,17583000
2014-08-26,2.0,2.0199999809265137,1.9900000095367432,2.009999990463257,1.4390859603881836,11520750
2014-08-27,2.0,2.0299999713897705,1.9900000095367432,2.009999990463257,1.4390859603881836,15517500
2014-08-28,2.009999990463257,2.0399999618530273,1.9900000095367432,2.009999990463257,1.4390859603881836,16661294
2014-08-29,2.0199999809265137,2.0199999809265137,1.9900000095367432,2.0199999809265137,1.446245789527893,16771500
2014-09-01,2.009999990463257,2.0299999713897705,1.9600000381469727,1.9700000286102295,1.4104477167129517,25537696
2014-09-02,1.9700000286102295,2.0,1.9500000476837158,1.9900000095367432,1.4247667789459229,22306700
2014-09-03,1.9800000190734863,2.009999990463257,1.9700000286102295,1.9900000095367432,1.4247667789459229,25173174
2014-09-04,1.9900000095367432,2.0399999618530273,1.9900000095367432,2.0299999713897705,1.4534051418304443,28197770
2014-09-05,2.0299999713897705,2.059999942779541,2.009999990463257,2.059999942779541,1.4748841524124146,23033700
2014-09-08,2.059999942779541,2.069999933242798,2.0299999713897705,2.0399999618530273,1.4605647325515747,13836035
2014-09-10,2.0199999809265137,2.0399999618530273,1.9900000095367432,2.0,1.4319263696670532,17091700
2014-09-11,2.0,2.0199999809265137,1.9700000286102295,1.9900000095367432,1.4247667789459229,23952247
2014-09-12,1.9800000190734863,2.0,1.940000057220459,1.9500000476837158,1.3961280584335327,34594153
2014-09-15,1.9500000476837158,1.9700000286102295,1.940000057220459,1.9500000476837158,1.3961280584335327,18681592
2014-09-16,1.9500000476837158,2.0299999713897705,1.9299999475479126,1.9700000286102295,1.4104477167129517,22937550
2014-09-17,1.9600000381469727,1.9900000095367432,1.9600000381469727,1.9700000286102295,1.4104477167129517,17683436
2014-09-18,1.9600000381469727,1.9700000286102295,1.940000057220459,1.9600000381469727,1.4032877683639526,18897562
2014-09-19,1.9600000381469727,1.9800000190734863,1.9500000476837158,1.9500000476837158,1.3961280584335327,21623135
2014-09-22,1.9600000381469727,1.9700000286102295,1.940000057220459,1.9600000381469727,1.4032877683639526,21401028
2014-09-23,1.9500000476837158,1.9600000381469727,1.9299999475479126,1.940000057220459,1.3889684677124023,14845679
2014-09-24,1.9500000476837158,1.9700000286102295,1.940000057220459,1.9500000476837158,1.3961280584335327,14516019
2014-09-25,1.9600000381469727,1.9800000190734863,1.9500000476837158,1.9600000381469727,1.4032877683639526,10284612
2014-09-26,1.9500000476837158,1.9600000381469727,1.9299999475479126,1.9299999475479126,1.381808876991272,14961504
2014-09-29,1.9299999475479126,1.940000057220459,1.8700000047683716,1.940000057220459,1.3889684677124023,19591000
2014-09-30,1.9299999475479126,1.9299999475479126,1.8799999952316284,1.8899999856948853,1.3531702756881714,23279913
2014-10-03,1.8899999856948853,1.909999966621399,1.840000033378601,1.8700000047683716,1.3388510942459106,22637517
2014-10-06,1.8799999952316284,1.909999966621399,1.8700000047683716,1.909999966621399,1.3674895763397217,15043870
2014-10-07,1.909999966621399,1.940000057220459,1.899999976158142,1.9299999475479126,1.381808876991272,9719821
2014-10-08,1.909999966621399,1.9199999570846558,1.8899999856948853,1.899999976158142,1.3603302240371704,15780000
2014-10-09,1.909999966621399,1.9500000476837158,1.899999976158142,1.9500000476837158,1.3961280584335327,15229784
2014-10-10,1.9299999475479126,1.9299999475479126,1.8899999856948853,1.9199999570846558,1.374649167060852,30232204
2014-10-13,1.899999976158142,1.940000057220459,1.8899999856948853,1.9199999570846558,1.374649167060852,9799976
2014-10-14,1.9299999475479126,1.9500000476837158,1.909999966621399,1.9299999475479126,1.381808876991272,11368320
2014-10-15,1.909999966621399,1.940000057220459,1.909999966621399,1.9299999475479126,1.381808876991272,12919592
2014-10-16,1.940000057220459,1.9900000095367432,1.899999976158142,1.9199999570846558,1.374649167060852,33595376
2014-10-17,1.909999966621399,1.940000057220459,1.8799999952316284,1.909999966621399,1.3674895763397217,30747620
2014-10-20,1.909999966621399,1.9500000476837158,1.899999976158142,1.9299999475479126,1.381808876991272,19239627
2014-10-21,1.940000057220459,1.940000057220459,1.909999966621399,1.909999966621399,1.3674895763397217,10384615
2014-10-22,1.9199999570846558,1.940000057220459,1.899999976158142,1.9299999475479126,1.381808876991272,15149250
2014-10-23,1.9199999570846558,1.9199999570846558,1.899999976158142,1.899999976158142,1.3603302240371704,6826000
2014-10-24,1.9199999570846558,1.9199999570846558,1.8899999856948853,1.909999966621399,1.3674895763397217,9981750
2014-10-27,1.9299999475479126,1.9299999475479126,1.8600000143051147,1.8700000047683716,1.3388510942459106,14180714
2014-10-28,1.8799999952316284,1.9500000476837158,1.8600000143051147,1.9299999475479126,1.381808876991272,40991250
2014-10-29,1.9600000381469727,1.9700000286102295,1.9500000476837158,1.9700000286102295,1.4104477167129517,19649480
2014-10-30,1.9700000286102295,1.9900000095367432,1.9600000381469727,1.9800000190734863,1.4176069498062134,18875600
2014-10-31,1.9800000190734863,2.0199999809265137,1.9500000476837158,1.9900000095367432,1.4247667789459229,25670302
2014-11-03,1.9800000190734863,2.0,1.9700000286102295,2.0,1.4319263696670532,14676612
2014-11-04,1.9900000095367432,2.0,1.9800000190734863,1.9900000095367432,1.4247667789459229,20532159
2014-11-05,1.9900000095367432,2.0,1.9500000476837158,1.9800000190734863,1.4176069498062134,17436071
2014-11-06,1.9500000476837158,1.9700000286102295,1.9199999570846558,1.9600000381469727,1.4032877683639526,29728056
2014-11-07,1.9600000381469727,1.9700000286102295,1.9299999475479126,1.9500000476837158,1.3961280584335327,24873351
2014-11-10,2.009999990463257,2.130000114440918,2.0,2.0999999046325684,1.503522515296936,105694706
2014-11-11,2.0999999046325684,2.190000057220459,2.069999933242798,2.130000114440918,1.5250016450881958,76262016
2014-11-12,2.0899999141693115,2.180000066757202,2.0899999141693115,2.1600000858306885,1.546480417251587,42649849
2014-11-13,2.1500000953674316,2.200000047683716,2.130000114440918,2.190000057220459,1.5679594278335571,50100630
2014-11-14,2.180000066757202,2.200000047683716,2.1500000953674316,2.190000057220459,1.5679594278335571,36674847
2014-11-17,2.240000009536743,2.25,2.049999952316284,2.059999942779541,1.4748841524124146,70092453
2014-11-18,2.069999933242798,2.0899999141693115,1.9700000286102295,1.9900000095367432,1.4247667789459229,79637730
2014-11-19,2.0199999809265137,2.049999952316284,2.0,2.009999990463257,1.4390859603881836,38425665
2014-11-20,2.0199999809265137,2.0399999618530273,1.9800000190734863,1.9900000095367432,1.4247667789459229,18935750
2014-11-21,2.0199999809265137,2.0299999713897705,2.0,2.0199999809265137,1.446245789527893,13494698
2014-11-24,2.059999942779541,2.0799999237060547,2.0299999713897705,2.059999942779541,1.4748841524124146,25860433
2014-11-25,2.069999933242798,2.140000104904175,2.0399999618530273,2.109999895095825,1.510682225227356,53095544
2014-11-26,2.140000104904175,2.140000104904175,2.0799999237060547,2.109999895095825,1.510682225227356,29199845
2014-11-27,2.0999999046325684,2.140000104904175,2.0999999046325684,2.0999999046325684,1.503522515296936,22617300
2014-11-28,2.0999999046325684,2.109999895095825,2.059999942779541,2.069999933242798,1.482043743133545,19913662
2014-12-01,2.0399999618530273,2.049999952316284,1.9800000190734863,1.9900000095367432,1.4247667789459229,33089469
2014-12-02,2.0199999809265137,2.0799999237060547,2.009999990463257,2.059999942779541,1.4748841524124146,33520174
2014-12-03,2.069999933242798,2.140000104904175,2.059999942779541,2.0899999141693115,1.4963630437850952,57623093
2014-12-04,2.0899999141693115,2.130000114440918,2.0799999237060547,2.119999885559082,1.5178419351577759,32540704
2014-12-05,2.119999885559082,2.140000104904175,2.059999942779541,2.0899999141693115,1.4963630437850952,35354695
2014-12-08,2.0799999237060547,2.0999999046325684,2.0299999713897705,2.0799999237060547,1.4892035722732544,25514750
2014-12-09,2.069999933242798,2.1600000858306885,2.0399999618530273,2.0799999237060547,1.4892035722732544,58974192
2014-12-10,2.0999999046325684,2.1500000953674316,2.0999999046325684,2.130000114440918,1.5250016450881958,36975836
2014-12-11,2.119999885559082,2.140000104904175,2.0799999237060547,2.0899999141693115,1.4963630437850952,20985691
2014-12-12,2.109999895095825,2.140000104904175,2.0799999237060547,2.0999999046325684,1.503522515296936,25363810
2014-12-15,2.119999885559082,2.130000114440918,2.0899999141693115,2.109999895095825,1.510682225227356,25574447
2014-12-16,2.0799999237060547,2.119999885559082,2.0799999237060547,2.109999895095825,1.510682225227356,21136694
2014-12-17,2.0799999237060547,2.0899999141693115,2.0299999713897705,2.069999933242798,1.482043743133545,30280206
2014-12-18,2.0999999046325684,2.109999895095825,2.059999942779541,2.0899999141693115,1.4963630437850952,26119534
2014-12-19,2.0899999141693115,2.240000009536743,2.0799999237060547,2.1700000762939453,1.5536401271820068,160396137
2014-12-22,2.1500000953674316,2.2200000286102295,2.1500000953674316,2.190000057220459,1.5679594278335571,46140557
2014-12-23,2.200000047683716,2.200000047683716,2.119999885559082,2.130000114440918,1.5250016450881958,24978738
2014-12-24,2.130000114440918,2.1600000858306885,2.119999885559082,2.140000104904175,1.5321613550186157,18191321
2014-12-29,2.1600000858306885,2.240000009536743,2.140000104904175,2.2200000286102295,1.5894383192062378,37049298
2014-12-30,2.190000057220459,2.2100000381469727,2.1500000953674316,2.1700000762939453,1.5536401271820068,18876416
2014-12-31,2.1700000762939453,2.2100000381469727,2.1700000762939453,2.200000047683716,1.5751190185546875,14439819
2015-01-02,2.2100000381469727,2.2200000286102295,2.1700000762939453,2.2100000381469727,1.5822786092758179,14560511
2015-01-05,2.180000066757202,2.319999933242798,2.180000066757202,2.2899999618530273,1.6395556926727295,64594282
2015-01-06,2.2799999713897705,2.4000000953674316,2.2799999713897705,2.309999942779541,1.6538747549057007,65100486
2015-01-07,2.299999952316284,2.4200000762939453,2.299999952316284,2.359999895095825,1.6896733045578003,55222264
2015-01-08,2.4100000858306885,2.450000047683716,2.380000114440918,2.450000047683716,1.7541096210479736,60578894
2015-01-09,2.440000057220459,2.4800000190734863,2.4200000762939453,2.440000057220459,1.7469501495361328,41300990
2015-01-12,2.450000047683716,2.4600000381469727,2.380000114440918,2.4100000858306885,1.7254712581634521,31203756
2015-01-13,2.4100000858306885,2.4800000190734863,2.4000000953674316,2.4700000286102295,1.7684290409088135,37477942
2015-01-14,2.4800000190734863,2.4800000190734863,2.319999933242798,2.3299999237060547,1.6681941747665405,68070032
2015-01-15,2.319999933242798,2.3399999141693115,2.259999990463257,2.2799999713897705,1.63239586353302,52973796
2015-01-16,2.3399999141693115,2.4100000858306885,2.3399999141693115,2.359999895095825,1.6896733045578003,58126971
2015-01-19,2.4000000953674316,2.440000057220459,2.3499999046325684,2.4000000953674316,1.7183114290237427,72944142
2015-01-20,2.4000000953674316,2.430000066757202,2.369999885559082,2.4000000953674316,1.7183114290237427,36220579
2015-01-21,2.440000057220459,2.5399999618530273,2.4200000762939453,2.5199999809265137,1.8042269945144653,100821580
2015-01-22,2.5199999809265137,2.5899999141693115,2.4600000381469727,2.549999952316284,1.8257057666778564,70397932
2015-01-23,2.5899999141693115,2.6500000953674316,2.5799999237060547,2.619999885559082,1.8758233785629272,77677313
2015-01-26,2.640000104904175,2.640000104904175,2.5,2.609999895095825,1.8686637878417969,44052863
2015-01-27,2.549999952316284,2.569999933242798,2.490000009536743,2.5,1.7899079322814941,39224000
2015-01-28,2.5399999618530273,2.559999942779541,2.5,2.509999990463257,1.797067642211914,30620870
2015-01-29,2.509999990463257,2.5199999809265137,2.4100000858306885,2.430000066757202,1.739790439605713,54079583
2015-01-30,2.4100000858306885,2.4600000381469727,2.3299999237060547,2.3499999046325684,1.6825134754180908,102014519
2015-02-02,2.4800000190734863,2.490000009536743,2.4100000858306885,2.450000047683716,1.7541096210479736,24436628
2015-02-03,2.4700000286102295,2.4700000286102295,2.4200000762939453,2.440000057220459,1.7469501495361328,12832557
2015-02-04,2.4000000953674316,2.4200000762939453,2.359999895095825,2.369999885559082,1.696832537651062,19829277
2015-02-05,2.3299999237060547,2.440000057220459,2.299999952316284,2.319999933242798,1.6610344648361206,71260227
2015-02-06,2.3499999046325684,2.369999885559082,2.2799999713897705,2.2899999618530273,1.6395556926727295,26524640
2015-02-09,2.299999952316284,2.309999942779541,2.25,2.2799999713897705,1.63239586353302,24371982
2015-02-10,2.299999952316284,2.319999933242798,2.2699999809265137,2.2899999618530273,1.6395556926727295,24630907
2015-02-11,2.299999952316284,2.299999952316284,2.2799999713897705,2.2899999618530273,1.6395556926727295,16499210
2015-02-12,2.299999952316284,2.3299999237060547,2.2799999713897705,2.299999952316284,1.6467149257659912,26617132
2015-02-13,2.299999952316284,2.3399999141693115,2.2899999618530273,2.309999942779541,1.6538747549057007,14756233
2015-02-16,2.299999952316284,2.369999885559082,2.2799999713897705,2.299999952316284,1.6467149257659912,19660000
2015-02-17,2.319999933242798,2.319999933242798,2.259999990463257,2.259999990463257,1.6180768013000488,17213250
2015-02-18,2.240000009536743,2.2799999713897705,2.2300000190734863,2.2699999809265137,1.6252365112304688,12035000
2015-02-23,2.259999990463257,2.2799999713897705,2.2300000190734863,2.2699999809265137,1.6252365112304688,14789902
2015-02-24,2.259999990463257,2.299999952316284,2.2300000190734863,2.240000009536743,1.6037577390670776,20691065
2015-02-25,2.25,2.2799999713897705,2.2300000190734863,2.2699999809265137,1.6252365112304688,42768000
2015-02-26,2.25,2.380000114440918,2.240000009536743,2.359999895095825,1.6896733045578003,61189000
2015-02-27,2.319999933242798,2.359999895095825,2.299999952316284,2.299999952316284,1.6467149257659912,19908880
2015-03-02,2.309999942779541,2.3499999046325684,2.2699999809265137,2.299999952316284,1.6467149257659912,32470750
2015-03-03,2.309999942779541,2.319999933242798,2.2799999713897705,2.299999952316284,1.6467149257659912,21054512
2015-03-04,2.299999952316284,2.309999942779541,2.2699999809265137,2.299999952316284,1.6467149257659912,20994607
2015-03-05,2.299999952316284,2.3499999046325684,2.2699999809265137,2.2799999713897705,1.63239586353302,25891281
2015-03-06,2.299999952316284,2.319999933242798,2.259999990463257,2.309999942779541,1.6538747549057007,18787710
2015-03-09,2.2799999713897705,2.2899999618530273,2.2200000286102295,2.2300000190734863,1.5965979099273682,36041194
2015-03-10,2.2300000190734863,2.259999990463257,2.140000104904175,2.1700000762939453,1.5536401271820068,43554294
2015-03-11,2.130000114440918,2.1600000858306885,2.119999885559082,2.140000104904175,1.5321613550186157,28114936
2015-03-12,2.1600000858306885,2.1700000762939453,2.109999895095825,2.1700000762939453,1.5536401271820068,35011232
2015-03-13,2.1500000953674316,2.1600000858306885,2.109999895095825,2.130000114440918,1.5250016450881958,19762428
2015-03-16,2.0999999046325684,2.130000114440918,2.0999999046325684,2.119999885559082,1.5178419351577759,18263102
2015-03-17,2.119999885559082,2.140000104904175,2.0999999046325684,2.140000104904175,1.5321613550186157,22608320
2015-03-18,2.1500000953674316,2.1700000762939453,2.109999895095825,2.140000104904175,1.5321613550186157,28203673
2015-03-19,2.1600000858306885,2.2200000286102295,2.119999885559082,2.1700000762939453,1.5536401271820068,31342762
2015-03-20,2.190000057220459,2.2200000286102295,2.140000104904175,2.190000057220459,1.5679594278335571,70703666
2015-03-23,2.2200000286102295,2.25,2.140000104904175,2.1600000858306885,1.546480417251587,39420990
2015-03-24,2.180000066757202,2.3299999237060547,2.1500000953674316,2.319999933242798,1.6610344648361206,85862214
2015-03-25,2.319999933242798,2.359999895095825,2.2899999618530273,2.319999933242798,1.6610344648361206,54994842
2015-03-26,2.2899999618530273,2.319999933242798,2.2699999809265137,2.2699999809265137,1.6252365112304688,18678284
2015-03-27,2.25,2.2799999713897705,2.240000009536743,2.259999990463257,1.6180768013000488,22618713
2015-03-30,2.309999942779541,2.430000066757202,2.309999942779541,2.4000000953674316,1.7183114290237427,72693843
2015-03-31,2.4800000190734863,2.5799999237060547,2.4000000953674316,2.4600000381469727,1.761269211769104,58825493
2015-04-01,2.4800000190734863,2.4800000190734863,2.4000000953674316,2.4600000381469727,1.761269211769104,29340492
2015-04-02,2.5,2.619999885559082,2.490000009536743,2.619999885559082,1.8758233785629272,83064478
2015-04-08,2.619999885559082,2.9000000953674316,2.619999885559082,2.890000104904175,2.0691332817077637,170061278
2015-04-09,3.0,3.299999952316284,2.9000000953674316,2.9600000381469727,2.119250535964966,214352437
2015-04-10,3.0,3.140000104904175,2.940000057220459,3.130000114440918,2.240964651107788,150841997
2015-04-13,3.069999933242798,3.200000047683716,3.049999952316284,3.180000066757202,2.2767629623413086,109643168
2015-04-14,3.119999885559082,3.259999990463257,3.0999999046325684,3.1600000858306885,2.262443780899048,103037702
2015-04-15,3.200000047683716,3.25,3.119999885559082,3.130000114440918,2.240964651107788,112395909
2015-04-16,3.109999895095825,3.2300000190734863,3.0799999237060547,3.1700000762939453,2.2696030139923096,113952132
2015-04-17,3.1500000953674316,3.2200000286102295,3.140000104904175,3.1700000762939453,2.2696030139923096,78087470
2015-04-20,3.130000114440918,3.2699999809265137,2.869999885559082,3.009999990463257,2.1550493240356445,104300370
2015-04-21,3.0,3.0399999618530273,2.869999885559082,2.990000009536743,2.1407296657562256,70983144
2015-04-22,2.990000009536743,2.990000009536743,2.990000009536743,2.990000009536743,2.1407296657562256,0
2015-04-23,2.990000009536743,2.990000009536743,2.990000009536743,2.990000009536743,2.1407296657562256,0
2015-04-24,2.990000009536743,2.990000009536743,2.990000009536743,2.990000009536743,2.1407296657562256,0
2015-04-27,2.990000009536743,2.990000009536743,2.990000009536743,2.990000009536743,2.1407296657562256,0
2015-04-28,2.990000009536743,2.990000009536743,2.990000009536743,2.990000009536743,2.1407296657562256,0
2015-04-29,2.990000009536743,2.990000009536743,2.990000009536743,2.990000009536743,2.1407296657562256,0
2015-04-30,2.990000009536743,2.990000009536743,2.990000009536743,2.990000009536743,2.1407296657562256,0
2015-05-04,2.990000009536743,2.990000009536743,2.990000009536743,2.990000009536743,2.1407296657562256,0
2015-05-05,2.990000009536743,2.990000009536743,2.990000009536743,2.990000009536743,2.1407296657562256,0
2015-05-06,2.990000009536743,2.990000009536743,2.990000009536743,2.990000009536743,2.1407296657562256,0
2015-05-07,2.990000009536743,2.990000009536743,2.990000009536743,2.990000009536743,2.1407296657562256,0
2015-05-08,2.990000009536743,2.990000009536743,2.990000009536743,2.990000009536743,2.1407296657562256,0
2015-05-11,2.990000009536743,2.990000009536743,2.990000009536743,2.990000009536743,2.1407296657562256,0
2015-05-12,2.990000009536743,2.990000009536743,2.990000009536743,2.990000009536743,2.1407296657562256,0
2015-05-13,2.990000009536743,2.990000009536743,2.990000009536743,2.990000009536743,2.1407296657562256,0
2015-05-14,2.990000009536743,2.990000009536743,2.990000009536743,2.990000009536743,2.1407296657562256,0
2015-05-15,2.990000009536743,2.990000009536743,2.990000009536743,2.990000009536743,2.1407296657562256,0
2015-05-18,2.990000009536743,2.990000009536743,2.990000009536743,2.990000009536743,2.1407296657562256,0
2015-05-19,2.990000009536743,2.990000009536743,2.990000009536743,2.990000009536743,2.1407296657562256,0
2015-05-20,2.990000009536743,2.990000009536743,2.990000009536743,2.990000009536743,2.1407296657562256,0
2015-05-21,2.990000009536743,2.990000009536743,2.990000009536743,2.990000009536743,2.1407296657562256,0
2015-05-22,2.990000009536743,2.990000009536743,2.990000009536743,2.990000009536743,2.1407296657562256,0
2015-05-26,2.990000009536743,2.990000009536743,2.990000009536743,2.990000009536743,2.1407296657562256,0
2015-05-27,3.240000009536743,3.619999885559082,3.200000047683716,3.4800000190734863,2.4915518760681152,352033438
2015-05-28,3.5,3.609999895095825,3.380000114440918,3.4100000858306885,2.441434383392334,153801944
2015-05-29,3.5,3.559999942779541,3.4000000953674316,3.4600000381469727,2.4772324562072754,167914824
2015-06-01,3.490000009536743,3.630000114440918,3.2899999618530273,3.490000009536743,2.498711585998535,174996212
2015-06-02,3.490000009536743,3.5,3.380000114440918,3.380000114440918,2.4199557304382324,48654358
2015-06-03,3.4000000953674316,3.4000000953674316,3.2200000286102295,3.2300000190734863,2.312561273574829,53931856
2015-06-04,3.2200000286102295,3.25,3.049999952316284,3.130000114440918,2.240964651107788,60724153
2015-06-05,3.0799999237060547,3.200000047683716,3.0799999237060547,3.0999999046325684,2.2194857597351074,46868239
2015-06-08,3.0799999237060547,3.140000104904175,3.009999990463257,3.119999885559082,2.2338051795959473,51692309
2015-06-09,3.0299999713897705,3.0899999141693115,2.9100000858306885,2.9600000381469727,2.19045090675354,35438904
2015-06-10,2.9000000953674316,2.950000047683716,2.799999952316284,2.869999885559082,2.123849868774414,62016500
2015-06-11,2.9100000858306885,2.930000066757202,2.7799999713897705,2.809999942779541,2.0794482231140137,47192180
2015-06-12,2.809999942779541,2.880000114440918,2.7799999713897705,2.859999895095825,2.1164491176605225,26938100
2015-06-15,2.8499999046325684,2.890000104904175,2.799999952316284,2.819999933242798,2.0868492126464844,26041441
2015-06-16,2.7899999618530273,2.819999933242798,2.6500000953674316,2.6600000858306885,1.9684456586837769,41042250
2015-06-17,2.690000057220459,2.7200000286102295,2.609999895095825,2.680000066757202,1.983246088027954,36712034
2015-06-18,2.6700000762939453,2.7899999618530273,2.6700000762939453,2.700000047683716,1.9980469942092896,25878911
2015-06-19,2.819999933242798,2.819999933242798,2.640000104904175,2.7300000190734863,2.020246744155884,97795060
2015-06-22,2.6700000762939453,2.7300000190734863,2.630000114440918,2.6600000858306885,1.9684456586837769,28945166
2015-06-23,2.6700000762939453,2.75,2.6700000762939453,2.740000009536743,2.0276472568511963,24649607
2015-06-24,2.7100000381469727,2.8399999141693115,2.700000047683716,2.799999952316284,2.0720484256744385,24733433
2015-06-25,2.799999952316284,2.859999895095825,2.799999952316284,2.819999933242798,2.0868492126464844,26334667
2015-06-26,2.8399999141693115,2.8399999141693115,2.6600000858306885,2.690000057220459,1.9906467199325562,30246839
2015-06-29,2.700000047683716,2.759999990463257,2.5,2.619999885559082,1.938844919204712,46857603
2015-06-30,2.549999952316284,2.740000009536743,2.5199999809265137,2.7300000190734863,2.020246744155884,42915344
2015-07-02,2.7300000190734863,2.7300000190734863,2.5399999618530273,2.549999952316284,1.8870437145233154,44333833
2015-07-03,2.549999952316284,2.5899999141693115,2.440000057220459,2.509999990463257,1.8574434518814087,29338368
2015-07-06,2.509999990463257,2.5899999141693115,2.1700000762939453,2.380000114440918,1.7612411975860596,58900871
2015-07-07,2.299999952316284,2.3399999141693115,2.0999999046325684,2.200000047683716,1.6280381679534912,49348713
2015-07-08,2.0999999046325684,2.0999999046325684,1.8700000047683716,2.0,1.480034589767456,115370016
2015-07-09,2.0,2.2300000190734863,1.9600000381469727,2.200000047683716,1.6280381679534912,94917392
2015-07-10,2.240000009536743,2.3499999046325684,2.2200000286102295,2.319999933242798,1.7168400287628174,61378500
2015-07-13,2.319999933242798,2.369999885559082,2.2699999809265137,2.3399999141693115,1.7316402196884155,39726245
2015-07-14,2.3399999141693115,2.4200000762939453,2.299999952316284,2.319999933242798,1.7168400287628174,43899450
2015-07-15,2.369999885559082,2.369999885559082,2.2699999809265137,2.309999942779541,1.7094396352767944,41888160
2015-07-16,2.2699999809265137,2.3399999141693115,2.259999990463257,2.319999933242798,1.7168400287628174,21250008
2015-07-17,2.2899999618530273,2.4000000953674316,2.2899999618530273,2.380000114440918,1.7612411975860596,22285400
2015-07-20,2.3499999046325684,2.3499999046325684,2.180000066757202,2.2300000190734863,1.6502386331558228,61196150
2015-07-21,2.200000047683716,2.2699999809265137,2.180000066757202,2.25,1.6650387048721313,26874871
2015-07-22,2.2200000286102295,2.25,2.190000057220459,2.240000009536743,1.6576387882232666,14011179
2015-07-23,2.1600000858306885,2.299999952316284,2.1600000858306885,2.299999952316284,1.7020395994186401,27405700
2015-07-24,2.259999990463257,2.2899999618530273,2.200000047683716,2.2100000381469727,1.635438323020935,31897130
2015-07-27,2.200000047683716,2.2300000190734863,2.109999895095825,2.140000104904175,1.5836371183395386,43841833
2015-07-28,2.119999885559082,2.140000104904175,2.0,2.009999990463257,1.4874348640441895,44727750
2015-07-29,2.059999942779541,2.130000114440918,2.049999952316284,2.119999885559082,1.5688365697860718,30531150
2015-07-30,2.119999885559082,2.1600000858306885,2.069999933242798,2.0799999237060547,1.539236068725586,23624500
2015-07-31,2.0799999237060547,2.0899999141693115,2.0399999618530273,2.0799999237060547,1.539236068725586,21109192
2015-08-03,2.0899999141693115,2.0899999141693115,2.0199999809265137,2.0399999618530273,1.5096352100372314,13568675
2015-08-04,2.0199999809265137,2.059999942779541,2.009999990463257,2.049999952316284,1.5170354843139648,20914750
2015-08-05,2.0299999713897705,2.069999933242798,2.0199999809265137,2.0299999713897705,1.502234935760498,22674972
2015-08-06,2.0399999618530273,2.0799999237060547,2.009999990463257,2.059999942779541,1.5244355201721191,18322500
2015-08-07,2.059999942779541,2.130000114440918,2.059999942779541,2.109999895095825,1.561436414718628,22453288
2015-08-10,2.130000114440918,2.200000047683716,2.109999895095825,2.190000057220459,1.6206377744674683,27714250
2015-08-11,2.25,2.319999933242798,2.2200000286102295,2.2899999618530273,1.6946394443511963,67552884
2015-08-12,2.2899999618530273,2.309999942779541,2.200000047683716,2.2799999713897705,1.687239170074463,45945741
2015-08-13,2.319999933242798,2.369999885559082,2.2799999713897705,2.2899999618530273,1.6946394443511963,38567265
2015-08-14,2.2899999618530273,2.2899999618530273,2.2100000381469727,2.2200000286102295,1.642838478088379,23889750
2015-08-17,2.2300000190734863,2.259999990463257,2.200000047683716,2.240000009536743,1.6576387882232666,12436151
2015-08-18,2.259999990463257,2.2899999618530273,2.1500000953674316,2.180000066757202,1.613237977027893,24851000
2015-08-19,2.180000066757202,2.240000009536743,2.0999999046325684,2.2100000381469727,1.635438323020935,20290624
2015-08-20,2.2100000381469727,2.309999942779541,2.140000104904175,2.140000104904175,1.5836371183395386,30753375
2015-08-21,2.140000104904175,2.2699999809265137,2.140000104904175,2.200000047683716,1.6280381679534912,58138083
2015-08-24,2.0899999141693115,2.0999999046325684,1.9800000190734863,2.0199999809265137,1.4948350191116333,70388034
2015-08-25,1.940000057220459,2.0299999713897705,1.8200000524520874,1.8799999952316284,1.3912322521209717,57548146
2015-08-26,1.9199999570846558,1.940000057220459,1.809999942779541,1.840000033378601,1.3616316318511963,55743197
2015-08-27,1.8799999952316284,1.9299999475479126,1.850000023841858,1.8700000047683716,1.383832335472107,41222809
2015-08-28,1.9500000476837158,2.0399999618530273,1.940000057220459,1.9900000095367432,1.4726343154907227,44973063
2015-08-31,1.9800000190734863,2.0199999809265137,1.899999976158142,2.0,1.480034589767456,27544399
2015-09-01,1.9800000190734863,2.0,1.9199999570846558,1.9500000476837158,1.4430336952209473,17601707
2015-09-02,1.899999976158142,1.9900000095367432,1.8799999952316284,1.899999976158142,1.406032919883728,29272854
2015-09-04,1.9199999570846558,1.9199999570846558,1.840000033378601,1.8799999952316284,1.3912322521209717,21910965
2015-09-07,1.840000033378601,1.9800000190734863,1.840000033378601,1.9299999475479126,1.42823326587677,22621750
2015-09-08,1.899999976158142,1.9900000095367432,1.8899999856948853,1.9800000190734863,1.4652339220046997,14554994
2015-09-09,2.0199999809265137,2.059999942779541,2.0,2.049999952316284,1.5170354843139648,28797972
2015-09-10,2.069999933242798,2.0799999237060547,1.9800000190734863,2.059999942779541,1.5244355201721191,21360378
2015-09-11,2.059999942779541,2.059999942779541,1.9199999570846558,1.9500000476837158,1.4430336952209473,40677440
2015-09-14,1.9800000190734863,1.9800000190734863,1.899999976158142,1.9500000476837158,1.4430336952209473,46383711
2015-09-15,1.9500000476837158,1.9600000381469727,1.9199999570846558,1.9500000476837158,1.4430336952209473,17056825
2015-09-16,1.9500000476837158,2.0,1.9500000476837158,1.9700000286102295,1.457834005355835,25773900
2015-09-17,2.009999990463257,2.0799999237060547,1.9800000190734863,2.0399999618530273,1.5096352100372314,44980000
2015-09-18,2.0999999046325684,2.1500000953674316,2.069999933242798,2.140000104904175,1.5836371183395386,68454592
2015-09-21,2.200000047683716,2.200000047683716,2.109999895095825,2.190000057220459,1.6206377744674683,36100958
2015-09-22,2.190000057220459,2.190000057220459,2.0899999141693115,2.0899999141693115,1.5466361045837402,24950057
2015-09-23,2.0799999237060547,2.0799999237060547,2.0,2.009999990463257,1.4874348640441895,23402897
2015-09-24,2.0,2.069999933242798,2.0,2.059999942779541,1.5244355201721191,21321000
2015-09-25,2.1500000953674316,2.1500000953674316,2.0199999809265137,2.0199999809265137,1.4948350191116333,24100000
2015-09-29,2.0,2.0,1.899999976158142,1.9299999475479126,1.42823326587677,24683305
2015-09-30,1.9600000381469727,2.0299999713897705,1.9600000381469727,2.0199999809265137,1.4948350191116333,21298704
2015-10-02,2.0399999618530273,2.0799999237060547,2.0,2.059999942779541,1.5244355201721191,22943441
2015-10-05,2.0999999046325684,2.1500000953674316,2.0899999141693115,2.1500000953674316,1.591037392616272,26723400
2015-10-06,2.190000057220459,2.190000057220459,2.119999885559082,2.119999885559082,1.5688365697860718,17909500
2015-10-07,2.130000114440918,2.240000009536743,2.130000114440918,2.240000009536743,1.6576387882232666,34423006
2015-10-08,2.259999990463257,2.2799999713897705,2.140000104904175,2.1700000762939453,1.6058377027511597,22770562
2015-10-09,2.190000057220459,2.2300000190734863,2.1500000953674316,2.2300000190734863,1.6502386331558228,26970278
2015-10-12,2.240000009536743,2.299999952316284,2.240000009536743,2.299999952316284,1.7020395994186401,29835938
2015-10-13,2.2899999618530273,2.2899999618530273,2.2300000190734863,2.2699999809265137,1.6798394918441772,19909821
2015-10-14,2.2799999713897705,2.319999933242798,2.25,2.2899999618530273,1.6946394443511963,21698669
2015-10-15,2.3399999141693115,2.440000057220459,2.3299999237060547,2.4000000953674316,1.7760411500930786,50357137
2015-10-16,2.380000114440918,2.4000000953674316,2.2699999809265137,2.3399999141693115,1.7316402196884155,35738391
2015-10-19,2.319999933242798,2.319999933242798,2.25,2.2899999618530273,1.6946394443511963,17099267
2015-10-20,2.2799999713897705,2.2899999618530273,2.2100000381469727,2.2799999713897705,1.687239170074463,29365358
2015-10-22,2.2200000286102295,2.25,2.180000066757202,2.2100000381469727,1.635438323020935,39683000
2015-10-23,2.240000009536743,2.240000009536743,2.1600000858306885,2.190000057220459,1.6206377744674683,40441602
2015-10-26,2.2100000381469727,2.240000009536743,2.109999895095825,2.140000104904175,1.5836371183395386,35423100
2015-10-27,2.130000114440918,2.1500000953674316,2.0899999141693115,2.140000104904175,1.5836371183395386,15366692
2015-10-28,2.130000114440918,2.1700000762939453,2.109999895095825,2.1600000858306885,1.5984374284744263,14154201
2015-10-29,2.130000114440918,2.190000057220459,2.109999895095825,2.180000066757202,1.613237977027893,31157600
2015-10-30,2.109999895095825,2.1500000953674316,2.0799999237060547,2.0899999141693115,1.5466361045837402,25967931
2015-11-02,2.059999942779541,2.0999999046325684,2.0399999618530273,2.059999942779541,1.5244355201721191,17403700
2015-11-03,2.059999942779541,2.0799999237060547,2.0399999618530273,2.0799999237060547,1.539236068725586,12196839
2015-11-04,2.059999942779541,2.119999885559082,2.049999952316284,2.119999885559082,1.5688365697860718,34941634
2015-11-05,2.0999999046325684,2.109999895095825,2.049999952316284,2.059999942779541,1.5244355201721191,29301250
2015-11-06,2.049999952316284,2.0899999141693115,2.049999952316284,2.0799999237060547,1.539236068725586,17480750
2015-11-09,2.059999942779541,2.0799999237060547,2.049999952316284,2.059999942779541,1.5244355201721191,20126665
2015-11-10,2.0399999618530273,2.059999942779541,2.0199999809265137,2.0399999618530273,1.5096352100372314,42020410
2015-11-11,2.049999952316284,2.059999942779541,2.0199999809265137,2.0299999713897705,1.502234935760498,54699261
2015-11-12,2.0399999618530273,2.069999933242798,2.009999990463257,2.0199999809265137,1.4948350191116333,46476715
2015-11-13,2.009999990463257,2.0199999809265137,1.9500000476837158,1.9500000476837158,1.4430336952209473,49230278
2015-11-16,1.9500000476837158,1.9700000286102295,1.899999976158142,1.909999966621399,1.4134330749511719,63393000
2015-11-17,1.9199999570846558,1.9600000381469727,1.9199999570846558,1.9299999475479126,1.42823326587677,31266756
2015-11-18,1.909999966621399,1.9299999475479126,1.899999976158142,1.909999966621399,1.4134330749511719,31019778
2015-11-19,1.940000057220459,1.9600000381469727,1.909999966621399,1.9500000476837158,1.4430336952209473,44714081
2015-11-20,1.9500000476837158,1.9800000190734863,1.9299999475479126,1.9600000381469727,1.4504340887069702,15507000
2015-11-23,1.9600000381469727,1.9700000286102295,1.899999976158142,1.9199999570846558,1.4208332300186157,32440500
2015-11-24,1.909999966621399,1.940000057220459,1.899999976158142,1.9299999475479126,1.42823326587677,32468902
2015-11-25,1.940000057220459,1.9800000190734863,1.9299999475479126,1.9500000476837158,1.4430336952209473,23726243
2015-11-26,1.9500000476837158,1.9600000381469727,1.9199999570846558,1.940000057220459,1.435633659362793,17972182
2015-11-27,1.9600000381469727,1.9600000381469727,1.9199999570846558,1.9199999570846558,1.4208332300186157,20665071
2015-11-30,1.899999976158142,1.9600000381469727,1.899999976158142,1.940000057220459,1.435633659362793,47335700
2015-12-01,1.9600000381469727,1.9700000286102295,1.9299999475479126,1.9600000381469727,1.4504340887069702,24128839
2015-12-02,1.9500000476837158,1.9600000381469727,1.940000057220459,1.940000057220459,1.435633659362793,14421485
2015-12-03,1.940000057220459,1.9800000190734863,1.9299999475479126,1.9700000286102295,1.457834005355835,11313588
2015-12-04,1.940000057220459,1.9700000286102295,1.940000057220459,1.9500000476837158,1.4430336952209473,12479000
2015-12-07,1.9900000095367432,2.130000114440918,1.9800000190734863,2.069999933242798,1.531835675239563,68319750
2015-12-08,2.049999952316284,2.059999942779541,1.9900000095367432,2.0,1.480034589767456,20719376
2015-12-09,2.0,2.0299999713897705,1.9800000190734863,2.0199999809265137,1.4948350191116333,27987250
2015-12-10,2.0199999809265137,2.0299999713897705,1.940000057220459,1.940000057220459,1.435633659362793,21490128
2015-12-11,1.9500000476837158,1.9500000476837158,1.899999976158142,1.899999976158142,1.406032919883728,29312349
2015-12-14,1.8899999856948853,1.9600000381469727,1.8600000143051147,1.940000057220459,1.435633659362793,32502835
2015-12-15,1.9299999475479126,1.9700000286102295,1.9199999570846558,1.9299999475479126,1.42823326587677,18818668
2015-12-16,1.9199999570846558,2.009999990463257,1.9199999570846558,1.9800000190734863,1.4652339220046997,23903090
2015-12-17,2.0,2.0299999713897705,1.9800000190734863,2.0,1.480034589767456,20022981
2015-12-18,1.9800000190734863,1.9800000190734863,1.899999976158142,1.909999966621399,1.4134330749511719,36779646
2015-12-21,1.9199999570846558,1.9500000476837158,1.909999966621399,1.9299999475479126,1.42823326587677,18296504
2015-12-22,1.9500000476837158,1.9900000095367432,1.940000057220459,1.9800000190734863,1.4652339220046997,21614174
2015-12-23,1.9700000286102295,2.0,1.9500000476837158,1.9800000190734863,1.4652339220046997,19158116
2015-12-24,1.9800000190734863,2.009999990463257,1.9800000190734863,1.9900000095367432,1.4726343154907227,7363349
2015-12-28,2.0,2.059999942779541,1.9600000381469727,2.0199999809265137,1.4948350191116333,38191203
2015-12-29,2.0199999809265137,2.059999942779541,2.009999990463257,2.049999952316284,1.5170354843139648,12025450
2015-12-30,2.0399999618530273,2.059999942779541,2.0199999809265137,2.0299999713897705,1.502234935760498,17949963
2015-12-31,2.0299999713897705,2.0399999618530273,2.0199999809265137,2.0299999713897705,1.502234935760498,5605200
2016-01-04,2.0399999618530273,2.049999952316284,1.9600000381469727,1.9800000190734863,1.4652339220046997,33440544
2016-01-05,1.9900000095367432,2.0399999618530273,1.9800000190734863,2.0299999713897705,1.502234935760498,35221060
2016-01-06,2.0199999809265137,2.069999933242798,2.009999990463257,2.059999942779541,1.5244355201721191,31802900
2016-01-07,2.049999952316284,2.059999942779541,1.9800000190734863,2.009999990463257,1.4874348640441895,0
2016-01-08,2.0199999809265137,2.059999942779541,2.0,2.0199999809265137,1.4948350191116333,29876613
2016-01-11,2.0199999809265137,2.059999942779541,1.9299999475479126,1.940000057220459,1.435633659362793,34474714
2016-01-12,1.940000057220459,1.9600000381469727,1.909999966621399,1.9199999570846558,1.4208332300186157,18682283
2016-01-13,1.9199999570846558,1.9700000286102295,1.909999966621399,1.909999966621399,1.4134330749511719,22894027
2016-01-14,1.899999976158142,1.9600000381469727,1.8799999952316284,1.940000057220459,1.435633659362793,21300324
2016-01-15,1.940000057220459,1.9800000190734863,1.809999942779541,1.8600000143051147,1.376432180404663,29066615
2016-01-18,1.8200000524520874,1.8799999952316284,1.7999999523162842,1.8200000524520874,1.3468315601348877,26387884
2016-01-19,1.840000033378601,1.8899999856948853,1.809999942779541,1.8799999952316284,1.3912322521209717,23144200
2016-01-20,1.8700000047683716,1.8700000047683716,1.7699999809265137,1.7899999618530273,1.324630856513977,30035252
2016-01-21,1.840000033378601,1.840000033378601,1.7100000381469727,1.7200000286102295,1.2728298902511597,35839891
2016-01-22,1.7599999904632568,1.7799999713897705,1.7300000190734863,1.7599999904632568,1.302430510520935,18704022
2016-01-25,1.7699999809265137,1.840000033378601,1.7699999809265137,1.809999942779541,1.3394311666488647,22962250
2016-01-26,1.7999999523162842,1.8200000524520874,1.6799999475479126,1.7300000190734863,1.2802298069000244,34513000
2016-01-27,1.7699999809265137,1.7899999618530273,1.7000000476837158,1.7300000190734863,1.2802298069000244,35236696
2016-01-28,1.75,1.7699999809265137,1.6699999570846558,1.7100000381469727,1.2654294967651367,25876000
2016-01-29,1.7200000286102295,1.7599999904632568,1.6699999570846558,1.75,1.2950303554534912,27198901
2016-02-01,1.7699999809265137,1.7699999809265137,1.7100000381469727,1.7200000286102295,1.2728298902511597,15237465
2016-02-02,1.75,1.7699999809265137,1.7200000286102295,1.7300000190734863,1.2802298069000244,16329625
2016-02-03,1.7200000286102295,1.7300000190734863,1.690000057220459,1.7100000381469727,1.2654294967651367,13374767
2016-02-04,1.75,1.9199999570846558,1.75,1.850000023841858,1.3690319061279297,47081597
2016-02-05,1.8899999856948853,2.0199999809265137,1.8799999952316284,1.9700000286102295,1.457834005355835,63501285
2016-02-11,2.0,2.140000104904175,1.8899999856948853,2.130000114440918,1.5762368440628052,94670483
2016-02-12,2.3299999237060547,2.359999895095825,2.200000047683716,2.2799999713897705,1.687239170074463,102850653
2016-02-15,2.200000047683716,2.319999933242798,2.1700000762939453,2.2799999713897705,1.687239170074463,141727611
2016-02-16,2.2300000190734863,2.259999990463257,2.200000047683716,2.2100000381469727,1.635438323020935,73803213
2016-02-17,2.1600000858306885,2.2300000190734863,2.1500000953674316,2.2200000286102295,1.642838478088379,63674174
2016-02-18,2.2100000381469727,2.2300000190734863,2.140000104904175,2.190000057220459,1.6206377744674683,41108133
2016-02-19,2.2300000190734863,2.319999933242798,2.2100000381469727,2.2799999713897705,1.687239170074463,93358422
2016-02-22,2.2799999713897705,2.2799999713897705,2.190000057220459,2.200000047683716,1.6280381679534912,35737376
2016-02-23,2.180000066757202,2.3399999141693115,2.180000066757202,2.3299999237060547,1.7242401838302612,63670904
2016-02-24,2.4000000953674316,2.4200000762939453,2.2899999618530273,2.319999933242798,1.7168400287628174,74725723
2016-02-25,2.319999933242798,2.380000114440918,2.259999990463257,2.319999933242798,1.7168400287628174,66670284
2016-02-26,2.319999933242798,2.380000114440918,2.299999952316284,2.3499999046325684,1.7390406131744385,44614449
2016-02-29,2.3499999046325684,2.359999895095825,2.240000009536743,2.3299999237060547,1.7242401838302612,30747199
2016-03-01,2.369999885559082,2.490000009536743,2.3499999046325684,2.490000009536743,1.8426432609558105,82043286
2016-03-02,2.430000066757202,2.5199999809265137,2.4100000858306885,2.5,1.8500434160232544,64174089
2016-03-03,2.509999990463257,2.6600000858306885,2.5,2.559999942779541,1.8944441080093384,65392536
2016-03-04,2.680000066757202,2.680000066757202,2.619999885559082,2.6700000762939453,1.975846529006958,75018560
2016-03-07,2.690000057220459,2.700000047683716,2.630000114440918,2.680000066757202,1.983246088027954,80934638
2016-03-08,2.6500000953674316,2.680000066757202,2.5999999046325684,2.6500000953674316,1.9610463380813599,35449582
2016-03-09,2.569999933242798,2.569999933242798,2.4000000953674316,2.4800000190734863,1.8352431058883667,92960413
2016-03-10,2.490000009536743,2.5199999809265137,2.4100000858306885,2.440000057220459,1.805642008781433,48253566
2016-03-11,2.619999885559082,2.619999885559082,2.5299999713897705,2.569999933242798,1.9018443822860718,39786544
2016-03-14,2.5299999713897705,2.549999952316284,2.450000047683716,2.5,1.8500434160232544,49007572
2016-03-15,2.450000047683716,2.5299999713897705,2.4100000858306885,2.490000009536743,1.8426432609558105,58282127
2016-03-16,2.4800000190734863,2.5,2.450000047683716,2.4600000381469727,1.8204421997070312,21047708
2016-03-17,2.5399999618530273,2.5899999141693115,2.509999990463257,2.549999952316284,1.8870437145233154,42684789
2016-03-18,2.549999952316284,2.609999895095825,2.509999990463257,2.549999952316284,1.8870437145233154,97347816
2016-03-21,2.559999942779541,2.5799999237060547,2.440000057220459,2.4700000286102295,1.8278428316116333,34618271
2016-03-22,2.4600000381469727,2.5399999618530273,2.4200000762939453,2.5299999713897705,1.8722435235977173,35296655
2016-03-23,2.490000009536743,2.509999990463257,2.4100000858306885,2.4200000762939453,1.790842056274414,27826071
2016-03-24,2.3399999141693115,2.4200000762939453,2.309999942779541,2.380000114440918,1.7612411975860596,44047094
2016-03-29,2.3499999046325684,2.4200000762939453,2.3499999046325684,2.380000114440918,1.7612411975860596,22033750
2016-03-30,2.4800000190734863,2.509999990463257,2.4200000762939453,2.490000009536743,1.8426432609558105,33822257
2016-03-31,2.450000047683716,2.450000047683716,2.359999895095825,2.4000000953674316,1.7760411500930786,41545733
2016-04-01,2.4000000953674316,2.4200000762939453,2.369999885559082,2.4200000762939453,1.790842056274414,18707438
2016-04-05,2.4000000953674316,2.4000000953674316,2.309999942779541,2.359999895095825,1.7464410066604614,40213114
2016-04-06,2.390000104904175,2.390000104904175,2.299999952316284,2.309999942779541,1.7094396352767944,25082700
2016-04-07,2.309999942779541,2.3399999141693115,2.2799999713897705,2.3299999237060547,1.7242401838302612,30154344
2016-04-08,2.3399999141693115,2.369999885559082,2.319999933242798,2.3499999046325684,1.7390406131744385,18695156
2016-04-11,2.359999895095825,2.5199999809265137,2.359999895095825,2.5,1.8500434160232544,51436980
2016-04-12,2.549999952316284,2.559999942779541,2.4800000190734863,2.5199999809265137,1.8648432493209839,24749749
2016-04-13,2.549999952316284,2.549999952316284,2.4800000190734863,2.5,1.8500434160232544,27195830
2016-04-14,2.4700000286102295,2.4800000190734863,2.369999885559082,2.4000000953674316,1.7760411500930786,49463675
2016-04-15,2.369999885559082,2.4100000858306885,2.3499999046325684,2.4100000858306885,1.7834416627883911,25515709
2016-04-18,2.369999885559082,2.430000066757202,2.369999885559082,2.4200000762939453,1.790842056274414,15187708
2016-04-19,2.4100000858306885,2.5,2.390000104904175,2.4800000190734863,1.8352431058883667,28073107
2016-04-20,2.5,2.5299999713897705,2.430000066757202,2.4600000381469727,1.8204421997070312,27562586
2016-04-21,2.440000057220459,2.5299999713897705,2.440000057220459,2.509999990463257,1.8574434518814087,31082750
2016-04-22,2.4700000286102295,2.490000009536743,2.430000066757202,2.4700000286102295,1.8278428316116333,20082958
2016-04-25,2.4600000381469727,2.4700000286102295,2.359999895095825,2.440000057220459,1.805642008781433,19842677
2016-04-26,2.4700000286102295,2.4800000190734863,2.4000000953674316,2.450000047683716,1.8130422830581665,15427661
2016-04-27,2.450000047683716,2.5199999809265137,2.450000047683716,2.5199999809265137,1.8648432493209839,32401860
2016-04-28,2.509999990463257,2.5299999713897705,2.4800000190734863,2.5299999713897705,1.8722435235977173,44288744
2016-04-29,2.549999952316284,2.640000104904175,2.549999952316284,2.569999933242798,1.9018443822860718,54254404
2016-05-03,2.619999885559082,2.6600000858306885,2.569999933242798,2.5999999046325684,1.9240447282791138,61333794
2016-05-04,2.569999933242798,2.569999933242798,2.490000009536743,2.509999990463257,1.8574434518814087,44671546
2016-05-05,2.5,2.5199999809265137,2.4800000190734863,2.509999990463257,1.8574434518814087,19009500
2016-05-06,2.5199999809265137,2.5199999809265137,2.430000066757202,2.4600000381469727,1.8204421997070312,28998641
2016-05-09,2.509999990463257,2.5999999046325684,2.5,2.569999933242798,1.9018443822860718,38453650
2016-05-10,2.490000009536743,2.559999942779541,2.490000009536743,2.5299999713897705,1.8722435235977173,20196130
2016-05-11,2.5299999713897705,2.5999999046325684,2.509999990463257,2.5999999046325684,1.9240447282791138,26072415
2016-05-12,2.569999933242798,2.5899999141693115,2.549999952316284,2.569999933242798,1.9018443822860718,12500145
2016-05-13,2.549999952316284,2.549999952316284,2.4600000381469727,2.4700000286102295,1.8278428316116333,19306490
2016-05-16,2.4600000381469727,2.5,2.430000066757202,2.490000009536743,1.8426432609558105,15008668
2016-05-17,2.4800000190734863,2.569999933242798,2.4700000286102295,2.5399999618530273,1.8796439170837402,15771853
2016-05-18,2.5199999809265137,2.5399999618530273,2.4800000190734863,2.4800000190734863,1.8352431058883667,16792400
2016-05-19,2.450000047683716,2.450000047683716,2.3299999237060547,2.369999885559082,1.7538408041000366,46729658
2016-05-20,2.3499999046325684,2.4000000953674316,2.3299999237060547,2.3399999141693115,1.7316402196884155,19412604
2016-05-23,2.3299999237060547,2.359999895095825,2.309999942779541,2.3299999237060547,1.7242401838302612,16877176
2016-05-24,2.319999933242798,2.3299999237060547,2.25,2.2699999809265137,1.6798394918441772,29586512
2016-05-25,2.240000009536743,2.299999952316284,2.240000009536743,2.2699999809265137,1.6798394918441772,15476833
2016-05-26,2.2699999809265137,2.3299999237060547,2.25,2.25,1.6650387048721313,20591220
2016-05-27,2.259999990463257,2.2699999809265137,2.2200000286102295,2.2300000190734863,1.6502386331558228,28110970
2016-05-30,2.2200000286102295,2.2300000190734863,2.190000057220459,2.2200000286102295,1.642838478088379,12137031
2016-05-31,2.2200000286102295,2.259999990463257,2.2200000286102295,2.240000009536743,1.6576387882232666,29778534
2016-06-01,2.25,2.2699999809265137,2.240000009536743,2.259999990463257,1.6724392175674438,13638000
2016-06-02,2.25,2.259999990463257,2.240000009536743,2.259999990463257,1.6724392175674438,10901044
2016-06-03,2.259999990463257,2.259999990463257,2.2100000381469727,2.2300000190734863,1.6502386331558228,23601976
2016-06-06,2.359999895095825,2.390000104904175,2.299999952316284,2.3299999237060547,1.7242401838302612,36771891
2016-06-07,2.3499999046325684,2.440000057220459,2.3299999237060547,2.369999885559082,1.7538408041000366,39110191
2016-06-08,2.3499999046325684,2.359999895095825,2.2699999809265137,2.2799999713897705,1.687239170074463,23347188
2016-06-10,2.3399999141693115,2.3499999046325684,2.2799999713897705,2.2799999713897705,1.687239170074463,43608725
2016-06-13,2.309999942779541,2.309999942779541,2.25,2.299999952316284,1.7020395994186401,46276767
2016-06-14,2.299999952316284,2.299999952316284,2.259999990463257,2.2899999618530273,1.6946394443511963,42795895
2016-06-15,2.2899999618530273,2.309999942779541,2.2799999713897705,2.2899999618530273,1.6946394443511963,27443237
2016-06-16,2.309999942779541,2.509999990463257,2.2899999618530273,2.5,1.8500434160232544,118125433
2016-06-17,2.4200000762939453,2.5,2.369999885559082,2.4600000381469727,1.8204421997070312,124097388
2016-06-20,2.4800000190734863,2.5299999713897705,2.4000000953674316,2.4100000858306885,1.7834416627883911,38941795
2016-06-21,2.4100000858306885,2.430000066757202,2.380000114440918,2.390000104904175,1.7686413526535034,26963536
2016-06-22,2.3399999141693115,2.3499999046325684,2.2899999618530273,2.3499999046325684,1.7920856475830078,16818741
2016-06-23,2.3399999141693115,2.380000114440918,2.319999933242798,2.3499999046325684,1.7920856475830078,17426732
2016-06-24,2.430000066757202,2.549999952316284,2.3399999141693115,2.450000047683716,1.8683446645736694,185312068
2016-06-27,2.5,2.5399999618530273,2.4800000190734863,2.509999990463257,1.9140998125076294,73368237
2016-06-28,2.509999990463257,2.5299999713897705,2.4700000286102295,2.4800000190734863,1.8912224769592285,36138326
2016-06-29,2.490000009536743,2.5199999809265137,2.4800000190734863,2.5,1.906474232673645,31457618
2016-06-30,2.5199999809265137,2.5899999141693115,2.509999990463257,2.5899999141693115,1.9751068353652954,51178874
2016-07-04,2.640000104904175,2.740000009536743,2.5999999046325684,2.740000009536743,2.0894956588745117,122337941
2016-07-05,2.7100000381469727,2.7300000190734863,2.6600000858306885,2.700000047683716,2.0589919090270996,64535434
2016-07-06,2.759999990463257,2.8299999237060547,2.7300000190734863,2.809999942779541,2.1428768634796143,101732749
2016-07-07,2.7899999618530273,2.9800000190734863,2.7899999618530273,2.930000066757202,2.2343876361846924,119249777
2016-07-08,2.869999885559082,2.9600000381469727,2.8499999046325684,2.9100000858306885,2.2191359996795654,48155028
2016-07-11,2.950000047683716,3.0899999141693115,2.930000066757202,3.0199999809265137,2.303020715713501,123032085
2016-07-12,3.0199999809265137,3.049999952316284,2.950000047683716,2.9800000190734863,2.272516965866089,62259267
2016-07-13,2.9100000858306885,3.049999952316284,2.8499999046325684,3.0399999618530273,2.318272113800049,86513396
2016-07-14,3.049999952316284,3.0999999046325684,2.950000047683716,2.9700000286102295,2.2648911476135254,68363572
2016-07-15,2.950000047683716,3.0,2.950000047683716,2.990000009536743,2.2801432609558105,36786700
2016-07-18,2.9600000381469727,2.9700000286102295,2.859999895095825,2.950000047683716,2.2496395111083984,51929935
2016-07-19,2.950000047683716,2.9700000286102295,2.9000000953674316,2.940000057220459,2.242013454437256,26841054
2016-07-20,2.950000047683716,2.950000047683716,2.819999933242798,2.869999885559082,2.188632011413574,37152189
2016-07-21,2.7899999618530273,2.869999885559082,2.7899999618530273,2.859999895095825,2.1810061931610107,48620963
2016-07-22,2.9000000953674316,2.950000047683716,2.859999895095825,2.890000104904175,2.2038843631744385,37116499
2016-07-25,2.8399999141693115,2.8499999046325684,2.7899999618530273,2.809999942779541,2.1428768634796143,25231790
2016-07-26,2.799999952316284,2.869999885559082,2.7799999713897705,2.869999885559082,2.188632011413574,29621024
2016-07-27,2.869999885559082,2.869999885559082,2.7699999809265137,2.819999933242798,2.1505024433135986,22303100
2016-07-28,2.880000114440918,2.9600000381469727,2.880000114440918,2.950000047683716,2.2496395111083984,41374750
2016-07-29,2.940000057220459,2.950000047683716,2.819999933242798,2.819999933242798,2.1505024433135986,36093296
2016-08-01,2.9100000858306885,2.9600000381469727,2.880000114440918,2.9200000762939453,2.226761817932129,26992051
2016-08-02,2.9200000762939453,2.9200000762939453,2.9200000762939453,2.9200000762939453,2.226761817932129,0
2016-08-03,2.9800000190734863,2.990000009536743,2.950000047683716,2.990000009536743,2.2801432609558105,30354675
2016-08-04,2.9700000286102295,2.9700000286102295,2.880000114440918,2.930000066757202,2.2343876361846924,18985028
2016-08-05,2.9600000381469727,2.9800000190734863,2.940000057220459,2.9800000190734863,2.272516965866089,14839863
2016-08-08,2.890000104904175,2.940000057220459,2.880000114440918,2.930000066757202,2.2343876361846924,20820020
2016-08-09,2.9100000858306885,2.950000047683716,2.9000000953674316,2.9200000762939453,2.226761817932129,11765250
2016-08-10,2.950000047683716,3.0,2.9200000762939453,3.0,2.287768840789795,27530117
2016-08-11,2.9800000190734863,3.0199999809265137,2.9700000286102295,3.009999990463257,2.2953948974609375,32142400
2016-08-12,2.990000009536743,3.0399999618530273,2.9100000858306885,2.950000047683716,2.2496395111083984,30089719
2016-08-15,2.9600000381469727,2.9600000381469727,2.869999885559082,2.890000104904175,2.2038843631744385,31365716
2016-08-16,2.9000000953674316,2.930000066757202,2.8399999141693115,2.930000066757202,2.2343876361846924,33326464
2016-08-17,2.9000000953674316,2.9200000762939453,2.859999895095825,2.890000104904175,2.2038843631744385,23619959
2016-08-18,2.9100000858306885,2.930000066757202,2.859999895095825,2.890000104904175,2.2038843631744385,16401082
2016-08-19,2.9000000953674316,2.9000000953674316,2.8499999046325684,2.869999885559082,2.188632011413574,8564931
2016-08-22,2.8499999046325684,2.859999895095825,2.7699999809265137,2.819999933242798,2.1505024433135986,26317377
2016-08-23,2.7899999618530273,2.8399999141693115,2.7699999809265137,2.8399999141693115,2.165754556655884,17496687
2016-08-24,2.8399999141693115,2.8399999141693115,2.7699999809265137,2.7799999713897705,2.119999408721924,15032437
2016-08-25,2.75,2.7699999809265137,2.700000047683716,2.7300000190734863,2.0818700790405273,21601420
2016-08-26,2.740000009536743,2.7899999618530273,2.7200000286102295,2.740000009536743,2.0894956588745117,18935187
2016-08-29,2.7200000286102295,2.7300000190734863,2.690000057220459,2.7200000286102295,2.0742437839508057,20471687
2016-08-30,2.7300000190734863,2.75,2.700000047683716,2.700000047683716,2.0589919090270996,17828615
2016-08-31,2.700000047683716,2.700000047683716,2.559999942779541,2.5799999237060547,1.967481255531311,51047349
2016-09-01,2.559999942779541,2.5899999141693115,2.5399999618530273,2.569999933242798,1.959855556488037,22060001
2016-09-02,2.5899999141693115,2.6600000858306885,2.5799999237060547,2.609999895095825,1.9903591871261597,27478091
2016-09-05,2.630000114440918,2.690000057220459,2.619999885559082,2.6500000953674316,2.020862579345703,23654263
2016-09-06,2.6600000858306885,2.680000066757202,2.640000104904175,2.6700000762939453,2.036114454269409,14732882
2016-09-07,2.7300000190734863,2.759999990463257,2.680000066757202,2.690000057220459,2.051365852355957,43191944
2016-09-08,2.690000057220459,2.7100000381469727,2.5999999046325684,2.6600000858306885,2.0284886360168457,26537913
2016-09-09,2.6500000953674316,2.690000057220459,2.640000104904175,2.6600000858306885,2.0284886360168457,31043749
2016-09-12,2.5899999141693115,2.619999885559082,2.5399999618530273,2.5799999237060547,1.967481255531311,35868787
2016-09-13,2.630000114440918,2.630000114440918,2.4700000286102295,2.509999990463257,1.9140998125076294,45374699
2016-09-14,2.4800000190734863,2.5199999809265137,2.440000057220459,2.4800000190734863,1.8912224769592285,39871328
2016-09-15,2.4700000286102295,2.5799999237060547,2.4700000286102295,2.549999952316284,1.944603681564331,28130394
2016-09-19,2.5399999618530273,2.5899999141693115,2.5299999713897705,2.559999942779541,1.9522298574447632,25077949
2016-09-20,2.559999942779541,2.5799999237060547,2.509999990463257,2.5199999809265137,1.921726107597351,25522345
2016-09-21,2.5399999618530273,2.5899999141693115,2.5299999713897705,2.559999942779541,1.9522298574447632,21078567
2016-09-22,2.619999885559082,2.6700000762939453,2.5999999046325684,2.5999999046325684,1.9827327728271484,33642392
2016-09-23,2.640000104904175,2.6500000953674316,2.5399999618530273,2.559999942779541,1.9522298574447632,28017828
2016-09-26,2.5799999237060547,2.5799999237060547,2.5,2.5399999618530273,1.9369776248931885,15437289
2016-09-27,2.5299999713897705,2.549999952316284,2.490000009536743,2.5199999809265137,1.921726107597351,15104284
2016-09-28,2.490000009536743,2.5,2.4600000381469727,2.490000009536743,1.898848295211792,19252250
2016-09-29,2.5299999713897705,2.5299999713897705,2.490000009536743,2.490000009536743,1.898848295211792,11784386
2016-09-30,2.4800000190734863,2.559999942779541,2.4800000190734863,2.490000009536743,1.898848295211792,19320996
2016-10-03,2.490000009536743,2.5399999618530273,2.490000009536743,2.5199999809265137,1.921726107597351,8292627
2016-10-04,2.5,2.549999952316284,2.5,2.5299999713897705,1.9293516874313354,6989238
2016-10-05,2.440000057220459,2.4700000286102295,2.390000104904175,2.4700000286102295,1.8835963010787964,47452096
2016-10-06,2.4700000286102295,2.4800000190734863,2.4200000762939453,2.4200000762939453,1.8454669713974,30443142
2016-10-07,2.4200000762939453,2.440000057220459,2.369999885559082,2.390000104904175,1.82258939743042,43158766
2016-10-11,2.4000000953674316,2.440000057220459,2.359999895095825,2.4100000858306885,1.8378409147262573,31169102
2016-10-12,2.4000000953674316,2.4000000953674316,2.319999933242798,2.369999885559082,1.8073370456695557,41789000
2016-10-13,2.369999885559082,2.4100000858306885,2.3399999141693115,2.359999895095825,1.7997111082077026,23866190
2016-10-14,2.369999885559082,2.390000104904175,2.369999885559082,2.380000114440918,1.814963459968567,16134622
2016-10-17,2.390000104904175,2.390000104904175,2.3399999141693115,2.359999895095825,1.7997111082077026,28327250
2016-10-18,2.359999895095825,2.4200000762939453,2.3499999046325684,2.4100000858306885,1.8378409147262573,19752538
2016-10-19,2.4200000762939453,2.450000047683716,2.390000104904175,2.4000000953674316,1.8302149772644043,17902000
2016-10-20,2.430000066757202,2.509999990463257,2.4200000762939453,2.4200000762939453,1.8454669713974,49443877
2016-10-21,2.4200000762939453,2.4200000762939453,2.4200000762939453,2.4200000762939453,1.8454669713974,0
2016-10-24,2.4100000858306885,2.450000047683716,2.390000104904175,2.440000057220459,1.860718846321106,25442000
2016-10-25,2.440000057220459,2.450000047683716,2.390000104904175,2.4200000762939453,1.8454669713974,26991607
2016-10-26,2.440000057220459,2.5199999809265137,2.440000057220459,2.5,1.906474232673645,55258750
2016-10-27,2.4600000381469727,2.4800000190734863,2.430000066757202,2.450000047683716,1.8683446645736694,21308814
2016-10-28,2.450000047683716,2.4600000381469727,2.390000104904175,2.430000066757202,1.8530925512313843,25255236
2016-10-31,2.450000047683716,2.5,2.430000066757202,2.440000057220459,1.860718846321106,27487954
2016-11-01,2.4800000190734863,2.490000009536743,2.440000057220459,2.4700000286102295,1.8835963010787964,30853896
2016-11-02,2.5299999713897705,2.609999895095825,2.5199999809265137,2.609999895095825,1.9903591871261597,96131450
2016-11-03,2.609999895095825,2.6500000953674316,2.5899999141693115,2.609999895095825,1.9903591871261597,59566358
2016-11-04,2.609999895095825,2.630000114440918,2.5399999618530273,2.5999999046325684,1.9827327728271484,35585988
2016-11-07,2.559999942779541,2.609999895095825,2.5399999618530273,2.559999942779541,1.9522298574447632,33277392
2016-11-08,2.5299999713897705,2.609999895095825,2.5299999713897705,2.609999895095825,1.9903591871261597,27514230
2016-11-09,2.559999942779541,2.809999942779541,2.5399999618530273,2.740000009536743,2.0894956588745117,225413830
2016-11-10,2.630000114440918,2.7300000190734863,2.630000114440918,2.690000057220459,2.051365852355957,60278325
2016-11-11,2.630000114440918,2.8399999141693115,2.5899999141693115,2.7899999618530273,2.127624988555908,89837559
2016-11-14,2.5999999046325684,2.7300000190734863,2.5799999237060547,2.6700000762939453,2.036114454269409,78941001
2016-11-15,2.6600000858306885,2.7200000286102295,2.5799999237060547,2.619999885559082,1.9979844093322754,51789527
2016-11-16,2.630000114440918,2.690000057220459,2.619999885559082,2.630000114440918,2.005610466003418,35864000
2016-11-17,2.640000104904175,2.6500000953674316,2.5799999237060547,2.609999895095825,1.9903591871261597,20836790
2016-11-18,2.5899999141693115,2.5899999141693115,2.4800000190734863,2.5299999713897705,1.9293516874313354,54235517
2016-11-21,2.5199999809265137,2.5799999237060547,2.509999990463257,2.5399999618530273,1.9369776248931885,16174185
2016-11-22,2.549999952316284,2.609999895095825,2.549999952316284,2.569999933242798,1.959855556488037,24558000
2016-11-23,2.5799999237060547,2.5999999046325684,2.569999933242798,2.569999933242798,1.959855556488037,12640280
2016-11-24,2.490000009536743,2.5799999237060547,2.490000009536743,2.509999990463257,1.9140998125076294,53503750
2016-11-25,2.509999990463257,2.609999895095825,2.5,2.609999895095825,1.9903591871261597,38863000
2016-11-28,2.630000114440918,2.7200000286102295,2.609999895095825,2.6700000762939453,2.036114454269409,59047245
2016-11-29,2.680000066757202,2.7100000381469727,2.619999885559082,2.6500000953674316,2.020862579345703,36313000
2016-11-30,2.6500000953674316,2.680000066757202,2.5799999237060547,2.5999999046325684,1.9827327728271484,43325228
2016-12-01,2.5999999046325684,2.640000104904175,2.5799999237060547,2.5999999046325684,1.9827327728271484,29752961
2016-12-02,2.5899999141693115,2.619999885559082,2.509999990463257,2.5399999618530273,1.9369776248931885,73816480
2016-12-05,2.5399999618530273,2.559999942779541,2.5,2.5299999713897705,1.9293516874313354,31436618
2016-12-06,2.5199999809265137,2.5799999237060547,2.5199999809265137,2.569999933242798,1.959855556488037,33171000
2016-12-07,2.5799999237060547,2.5799999237060547,2.5399999618530273,2.569999933242798,1.959855556488037,17353367
2016-12-08,2.569999933242798,2.630000114440918,2.569999933242798,2.619999885559082,1.9979844093322754,24472836
2016-12-09,2.5999999046325684,2.609999895095825,2.5399999618530273,2.5799999237060547,1.967481255531311,30980983
2016-12-12,2.5299999713897705,2.5899999141693115,2.5,2.5199999809265137,1.921726107597351,28513000
2016-12-13,2.559999942779541,2.559999942779541,2.5,2.509999990463257,1.9140998125076294,20810587
2016-12-14,2.5199999809265137,2.5999999046325684,2.509999990463257,2.5799999237060547,1.967481255531311,31445410
2016-12-15,2.5199999809265137,2.5399999618530273,2.4600000381469727,2.5,1.906474232673645,36755185
2016-12-16,2.4600000381469727,2.490000009536743,2.4000000953674316,2.4000000953674316,1.8302149772644043,51259882
2016-12-19,2.4100000858306885,2.4600000381469727,2.369999885559082,2.4600000381469727,1.8759701251983643,34503003
2016-12-20,2.450000047683716,2.450000047683716,2.380000114440918,2.4100000858306885,1.8378409147262573,18809163
2016-12-21,2.390000104904175,2.4200000762939453,2.380000114440918,2.4000000953674316,1.8302149772644043,13357460
2016-12-22,2.380000114440918,2.4000000953674316,2.3399999141693115,2.359999895095825,1.7997111082077026,19158556
2016-12-23,2.3499999046325684,2.369999885559082,2.319999933242798,2.319999933242798,1.7692078351974487,16168000
2016-12-28,2.3399999141693115,2.4000000953674316,2.3299999237060547,2.4000000953674316,1.8302149772644043,17441909
2016-12-29,2.4000000953674316,2.4800000190734863,2.4000000953674316,2.4700000286102295,1.8835963010787964,30249028
2016-12-30,2.509999990463257,2.5299999713897705,2.490000009536743,2.5,1.906474232673645,25644764
2017-01-03,2.5,2.5399999618530273,2.4800000190734863,2.509999990463257,1.9140998125076294,17014140
2017-01-04,2.5399999618530273,2.549999952316284,2.5,2.549999952316284,1.944603681564331,16750125
2017-01-05,2.549999952316284,2.609999895095825,2.5299999713897705,2.5999999046325684,1.9827327728271484,44387508
2017-01-06,2.619999885559082,2.640000104904175,2.569999933242798,2.5799999237060547,1.967481255531311,20246455
2017-01-09,2.5799999237060547,2.5899999141693115,2.509999990463257,2.5399999618530273,1.9369776248931885,22873000
2017-01-10,2.549999952316284,2.5999999046325684,2.549999952316284,2.5899999141693115,1.9751068353652954,27256500
2017-01-11,2.5899999141693115,2.6700000762939453,2.5899999141693115,2.609999895095825,1.9903591871261597,36911947
2017-01-12,2.609999895095825,2.640000104904175,2.5899999141693115,2.640000104904175,2.0132367610931396,25860582
2017-01-13,2.6500000953674316,2.6500000953674316,2.5899999141693115,2.619999885559082,1.9979844093322754,10846491
2017-01-16,2.619999885559082,2.6500000953674316,2.5999999046325684,2.640000104904175,2.0132367610931396,25319304
2017-01-17,2.619999885559082,2.680000066757202,2.609999895095825,2.6600000858306885,2.0284886360168457,22898043
2017-01-18,2.690000057220459,2.7300000190734863,2.6700000762939453,2.690000057220459,2.051365852355957,37543920
2017-01-19,2.680000066757202,2.680000066757202,2.619999885559082,2.640000104904175,2.0132367610931396,18616332
2017-01-20,2.619999885559082,2.6700000762939453,2.619999885559082,2.640000104904175,2.0132367610931396,10135545
2017-01-23,2.6700000762939453,2.7100000381469727,2.6500000953674316,2.690000057220459,2.051365852355957,27654000
2017-01-24,2.690000057220459,2.7799999713897705,2.690000057220459,2.7699999809265137,2.112373113632202,37829757
2017-01-25,2.759999990463257,2.7699999809265137,2.6500000953674316,2.6600000858306885,2.0284886360168457,31186917
2017-01-26,2.6700000762939453,2.680000066757202,2.630000114440918,2.6500000953674316,2.020862579345703,21661528
2017-01-27,2.640000104904175,2.6700000762939453,2.619999885559082,2.619999885559082,1.9979844093322754,8602500
2017-02-01,2.75,2.75,2.6600000858306885,2.680000066757202,2.043740749359131,23528101
2017-02-02,2.680000066757202,2.7200000286102295,2.680000066757202,2.7100000381469727,2.066617965698242,16580795
2017-02-03,2.7300000190734863,2.75,2.700000047683716,2.740000009536743,2.0894956588745117,22461416
2017-02-06,2.75,2.819999933242798,2.7300000190734863,2.809999942779541,2.1428768634796143,44701263
2017-02-07,2.8299999237060547,2.890000104904175,2.819999933242798,2.880000114440918,2.196258068084717,55957373
2017-02-08,2.880000114440918,2.9100000858306885,2.819999933242798,2.890000104904175,2.2038843631744385,60338218
2017-02-09,2.9000000953674316,2.9800000190734863,2.9000000953674316,2.930000066757202,2.2343876361846924,58788447
2017-02-10,2.880000114440918,2.940000057220459,2.8499999046325684,2.869999885559082,2.188632011413574,36322250
2017-02-13,2.9100000858306885,3.0199999809265137,2.9000000953674316,2.9100000858306885,2.2191359996795654,52017159
2017-02-14,2.9000000953674316,2.9200000762939453,2.880000114440918,2.890000104904175,2.2038843631744385,22375983
2017-02-15,2.9100000858306885,2.9100000858306885,2.7699999809265137,2.799999952316284,2.135251045227051,45405739
2017-02-16,2.8499999046325684,2.880000114440918,2.799999952316284,2.8399999141693115,2.165754556655884,40738988
2017-02-17,2.859999895095825,2.890000104904175,2.809999942779541,2.859999895095825,2.1810061931610107,35738210
2017-02-20,2.859999895095825,2.880000114440918,2.8399999141693115,2.8399999141693115,2.165754556655884,12587847
2017-02-21,2.8499999046325684,2.880000114440918,2.8399999141693115,2.8499999046325684,2.1733803749084473,17720131
2017-02-22,2.8499999046325684,2.930000066757202,2.8499999046325684,2.9100000858306885,2.2191359996795654,29255714
2017-02-23,2.9100000858306885,2.9600000381469727,2.859999895095825,2.880000114440918,2.196258068084717,26470484
2017-02-24,2.930000066757202,2.9600000381469727,2.869999885559082,2.880000114440918,2.196258068084717,42278826
2017-02-27,2.9000000953674316,2.9200000762939453,2.8499999046325684,2.869999885559082,2.188632011413574,19634789
2017-02-28,2.869999885559082,2.930000066757202,2.8299999237060547,2.930000066757202,2.2343876361846924,42837500
2017-03-01,2.9100000858306885,2.9200000762939453,2.869999885559082,2.880000114440918,2.196258068084717,37710345
2017-03-02,2.9000000953674316,2.9200000762939453,2.8499999046325684,2.880000114440918,2.196258068084717,24413750
2017-03-03,2.8399999141693115,2.8499999046325684,2.7200000286102295,2.759999990463257,2.1047475337982178,51146172
2017-03-06,2.759999990463257,2.799999952316284,2.700000047683716,2.7899999618530273,2.127624988555908,24647774
2017-03-07,2.7699999809265137,2.8299999237060547,2.759999990463257,2.7699999809265137,2.112373113632202,24692601
2017-03-08,2.7799999713897705,2.8399999141693115,2.759999990463257,2.7899999618530273,2.127624988555908,30866910
2017-03-09,2.7799999713897705,2.819999933242798,2.7300000190734863,2.7799999713897705,2.119999408721924,61057565
2017-03-10,2.75,2.819999933242798,2.7300000190734863,2.7699999809265137,2.112373113632202,37599739
2017-03-13,2.759999990463257,2.940000057220459,2.759999990463257,2.9000000953674316,2.211510181427002,55613929
2017-03-14,2.9200000762939453,2.940000057220459,2.869999885559082,2.9100000858306885,2.2191359996795654,28557669
2017-03-15,2.890000104904175,2.950000047683716,2.869999885559082,2.950000047683716,2.2496395111083984,37751307
2017-03-16,3.0,3.109999895095825,2.990000009536743,3.109999895095825,2.3716535568237305,114394226
2017-03-17,3.0999999046325684,3.180000066757202,3.049999952316284,3.1700000762939453,2.4174091815948486,108465074
2017-03-20,3.109999895095825,3.1600000858306885,3.049999952316284,3.0899999141693115,2.3564016819000244,30244155
2017-03-21,3.0799999237060547,3.1500000953674316,3.069999933242798,3.130000114440918,2.3869054317474365,23919285
2017-03-22,3.130000114440918,3.140000104904175,3.0399999618530273,3.0999999046325684,2.364027738571167,31205937
2017-03-23,3.0899999141693115,3.109999895095825,3.059999942779541,3.0899999141693115,2.3564016819000244,22075300
2017-03-24,3.0799999237060547,3.109999895095825,3.049999952316284,3.069999933242798,2.3411505222320557,19965483
2017-03-27,3.0999999046325684,3.0999999046325684,2.930000066757202,2.9800000190734863,2.272516965866089,54131171
2017-03-28,2.9800000190734863,3.0,2.930000066757202,2.9600000381469727,2.257265567779541,34237100
2017-03-29,3.0,3.0199999809265137,2.950000047683716,2.9800000190734863,2.272516965866089,27273115
2017-03-30,2.9700000286102295,2.9800000190734863,2.890000104904175,2.940000057220459,2.242013454437256,17409386
2017-03-31,2.9600000381469727,2.9600000381469727,2.869999885559082,2.880000114440918,2.196258068084717,19281541
2017-04-03,2.9100000858306885,2.990000009536743,2.890000104904175,2.9800000190734863,2.272516965866089,15181050
2017-04-05,2.990000009536743,3.009999990463257,2.9200000762939453,3.0,2.287768840789795,19316000
2017-04-06,2.9800000190734863,3.0,2.9600000381469727,2.9800000190734863,2.272516965866089,16221220
2017-04-07,2.940000057220459,3.119999885559082,2.940000057220459,3.0399999618530273,2.318272113800049,68608791
2017-04-10,3.0199999809265137,3.0399999618530273,2.930000066757202,2.950000047683716,2.2496395111083984,28963968
2017-04-11,2.940000057220459,3.0399999618530273,2.930000066757202,3.0,2.287768840789795,35841527
2017-04-12,3.0799999237060547,3.0999999046325684,3.0,3.0399999618530273,2.318272113800049,34110333
2017-04-13,3.069999933242798,3.0999999046325684,3.0199999809265137,3.059999942779541,2.333523988723755,45978082
2017-04-18,3.0299999713897705,3.059999942779541,2.890000104904175,2.930000066757202,2.2343876361846924,52225880
2017-04-19,2.9800000190734863,3.009999990463257,2.8399999141693115,2.869999885559082,2.188632011413574,62702749
2017-04-20,2.8299999237060547,2.880000114440918,2.809999942779541,2.880000114440918,2.196258068084717,23803799
2017-04-21,2.8499999046325684,2.890000104904175,2.8299999237060547,2.869999885559082,2.188632011413574,16585800
2017-04-24,2.859999895095825,2.869999885559082,2.7899999618530273,2.809999942779541,2.1428768634796143,27443850
2017-04-25,2.8299999237060547,2.8299999237060547,2.799999952316284,2.8299999237060547,2.1581287384033203,10191500
2017-04-26,2.799999952316284,2.809999942779541,2.7699999809265137,2.7899999618530273,2.127624988555908,30760250
2017-04-27,2.799999952316284,2.8299999237060547,2.759999990463257,2.7799999713897705,2.119999408721924,23373400
2017-04-28,2.7799999713897705,2.7799999713897705,2.740000009536743,2.75,2.0971217155456543,28908362
2017-05-02,2.75,2.759999990463257,2.690000057220459,2.7200000286102295,2.0742437839508057,23273487
2017-05-04,2.700000047683716,2.700000047683716,2.630000114440918,2.6500000953674316,2.020862579345703,43888734
2017-05-05,2.630000114440918,2.640000104904175,2.509999990463257,2.5899999141693115,1.9751068353652954,67142825
2017-05-08,2.5799999237060547,2.5899999141693115,2.509999990463257,2.569999933242798,1.959855556488037,45916102
2017-05-09,2.5899999141693115,2.5999999046325684,2.549999952316284,2.5899999141693115,1.9751068353652954,33443971
2017-05-10,2.5799999237060547,2.609999895095825,2.509999990463257,2.5299999713897705,1.9293516874313354,52797000
2017-05-11,2.5299999713897705,2.5899999141693115,2.509999990463257,2.559999942779541,1.9522298574447632,44831150
2017-05-12,2.569999933242798,2.5899999141693115,2.569999933242798,2.5899999141693115,1.9751068353652954,22859732
2017-05-15,2.5899999141693115,2.5999999046325684,2.569999933242798,2.5899999141693115,1.9751068353652954,15651845
2017-05-16,2.5999999046325684,2.630000114440918,2.5799999237060547,2.5999999046325684,1.9827327728271484,29682000
2017-05-17,2.609999895095825,2.6600000858306885,2.5999999046325684,2.640000104904175,2.0132367610931396,28951141
2017-05-18,2.700000047683716,2.7100000381469727,2.5899999141693115,2.5999999046325684,1.9827327728271484,60628239
2017-05-19,2.569999933242798,2.5999999046325684,2.559999942779541,2.5999999046325684,1.9827327728271484,15921161
2017-05-22,2.5999999046325684,2.609999895095825,2.549999952316284,2.5799999237060547,1.967481255531311,19244992
2017-05-23,2.5999999046325684,2.619999885559082,2.5399999618530273,2.549999952316284,1.944603681564331,32667540
2017-05-24,2.549999952316284,2.569999933242798,2.5199999809265137,2.549999952316284,1.944603681564331,21067577
2017-05-25,2.549999952316284,2.5999999046325684,2.5299999713897705,2.569999933242798,1.959855556488037,9916011
2017-05-26,2.569999933242798,2.609999895095825,2.549999952316284,2.5899999141693115,1.9751068353652954,14219622
2017-05-29,2.609999895095825,2.630000114440918,2.5899999141693115,2.5999999046325684,1.9827327728271484,15231381
2017-05-31,2.5999999046325684,2.619999885559082,2.5399999618530273,2.559999942779541,1.9522298574447632,47527944
2017-06-01,2.559999942779541,2.5899999141693115,2.559999942779541,2.569999933242798,1.959855556488037,13870912
2017-06-02,2.559999942779541,2.5799999237060547,2.5399999618530273,2.569999933242798,1.959855556488037,12213889
2017-06-05,2.5999999046325684,2.5999999046325684,2.549999952316284,2.549999952316284,1.944603681564331,16914123
2017-06-06,2.549999952316284,2.569999933242798,2.5199999809265137,2.559999942779541,1.9522298574447632,26337376
2017-06-07,2.5999999046325684,2.630000114440918,2.569999933242798,2.609999895095825,1.9903591871261597,51810250
2017-06-08,2.5999999046325684,2.5999999046325684,2.569999933242798,2.5799999237060547,1.967481255531311,11416000
2017-06-09,2.569999933242798,2.5899999141693115,2.5199999809265137,2.569999933242798,1.959855556488037,29459000
2017-06-12,2.559999942779541,2.559999942779541,2.509999990463257,2.5199999809265137,1.921726107597351,24048000
2017-06-13,2.5199999809265137,2.630000114440918,2.5199999809265137,2.5999999046325684,1.9827327728271484,47814685
2017-06-14,2.5799999237060547,2.640000104904175,2.5799999237060547,2.640000104904175,2.0132367610931396,22124210
2017-06-15,2.5999999046325684,2.640000104904175,2.569999933242798,2.609999895095825,1.9903591871261597,25626690
2017-06-16,2.5999999046325684,2.619999885559082,2.549999952316284,2.5899999141693115,1.9751068353652954,46644855
2017-06-19,2.5799999237060547,2.619999885559082,2.5399999618530273,2.5999999046325684,1.9827327728271484,13977444
2017-06-20,2.5999999046325684,2.640000104904175,2.5899999141693115,2.5999999046325684,1.9827327728271484,20646987
2017-06-21,2.5799999237060547,2.630000114440918,2.5799999237060547,2.619999885559082,1.9979844093322754,11917526
2017-06-22,2.609999895095825,2.640000104904175,2.5899999141693115,2.619999885559082,1.9979844093322754,27056700
2017-06-23,2.5999999046325684,2.619999885559082,2.5999999046325684,2.609999895095825,1.9903591871261597,20576924
2017-06-26,2.609999895095825,2.6600000858306885,2.5999999046325684,2.619999885559082,1.9979844093322754,24786710
2017-06-27,2.609999895095825,2.640000104904175,2.609999895095825,2.619999885559082,1.9979844093322754,15094435
2017-06-28,2.619999885559082,2.619999885559082,2.569999933242798,2.5799999237060547,1.967481255531311,29323600
2017-06-29,2.5799999237060547,2.609999895095825,2.559999942779541,2.5799999237060547,1.967481255531311,29820478
2017-06-30,2.5799999237060547,2.609999895095825,2.559999942779541,2.5799999237060547,1.967481255531311,21910798
2017-07-03,2.5799999237060547,2.619999885559082,2.5799999237060547,2.5999999046325684,1.9827327728271484,15413476
2017-07-04,2.5399999618530273,2.569999933242798,2.4800000190734863,2.5199999809265137,1.9738622903823853,25017000
2017-07-05,2.5199999809265137,2.5299999713897705,2.4800000190734863,2.509999990463257,1.9660298824310303,14352398
2017-07-06,2.509999990463257,2.559999942779541,2.509999990463257,2.5299999713897705,1.9816949367523193,28995474
2017-07-07,2.509999990463257,2.5399999618530273,2.509999990463257,2.5199999809265137,1.9738622903823853,14339923
2017-07-10,2.5199999809265137,2.559999942779541,2.5,2.509999990463257,1.9660298824310303,23657699
2017-07-11,2.5199999809265137,2.5199999809265137,2.490000009536743,2.509999990463257,1.9660298824310303,21374469
2017-07-12,2.509999990463257,2.5199999809265137,2.4800000190734863,2.5,1.958196759223938,30870285
2017-07-13,2.5,2.569999933242798,2.490000009536743,2.5299999713897705,1.9816949367523193,53333200
2017-07-14,2.509999990463257,2.549999952316284,2.5,2.5299999713897705,1.9816949367523193,28809165
2017-07-17,2.549999952316284,2.609999895095825,2.5199999809265137,2.5899999141693115,2.0286917686462402,55763393
2017-07-18,2.609999895095825,2.7200000286102295,2.5899999141693115,2.700000047683716,2.1148524284362793,88959446
2017-07-19,2.75,2.869999885559082,2.75,2.8499999046325684,2.232344388961792,116048550
2017-07-20,2.8499999046325684,2.8499999046325684,2.7699999809265137,2.819999933242798,2.208845853805542,42658741
2017-07-21,2.880000114440918,2.880000114440918,2.7200000286102295,2.75,2.1540169715881348,50045600
2017-07-24,2.759999990463257,2.7699999809265137,2.6700000762939453,2.7100000381469727,2.122685670852661,46854750
2017-07-25,2.7200000286102295,2.7200000286102295,2.6700000762939453,2.690000057220459,2.1070199012756348,27976055
2017-07-26,2.759999990463257,2.809999942779541,2.740000009536743,2.740000009536743,2.146183729171753,77878677
2017-07-27,2.7699999809265137,2.809999942779541,2.740000009536743,2.740000009536743,2.146183729171753,38965680
2017-07-28,2.7300000190734863,2.75,2.680000066757202,2.680000066757202,2.099186897277832,22537793
2017-07-31,2.700000047683716,2.890000104904175,2.700000047683716,2.8299999237060547,2.2166786193847656,91375774
2017-08-01,2.8299999237060547,2.880000114440918,2.8299999237060547,2.8399999141693115,2.2245113849639893,40749979
2017-08-02,2.8399999141693115,2.9200000762939453,2.7799999713897705,2.859999895095825,2.2401771545410156,55103109
2017-08-03,2.859999895095825,2.859999895095825,2.7699999809265137,2.7899999618530273,2.18534779548645,42117254
2017-08-04,2.809999942779541,2.9200000762939453,2.7799999713897705,2.890000104904175,2.2636754512786865,62015534
2017-08-07,2.890000104904175,2.9700000286102295,2.8299999237060547,2.950000047683716,2.3106725215911865,66463600
2017-08-08,2.9200000762939453,3.049999952316284,2.9200000762939453,2.9700000286102295,2.3263378143310547,100747750
2017-08-09,2.990000009536743,3.0799999237060547,2.990000009536743,3.059999942779541,2.3968329429626465,77399132
2017-08-10,3.0799999237060547,3.0999999046325684,2.950000047683716,2.990000009536743,2.342003345489502,65052048
2017-08-11,2.9700000286102295,3.0199999809265137,2.8399999141693115,2.869999885559082,2.2480099201202393,66642502
2017-08-14,2.869999885559082,2.940000057220459,2.8499999046325684,2.869999885559082,2.2480099201202393,28821000
2017-08-15,2.8499999046325684,2.869999885559082,2.7799999713897705,2.809999942779541,2.2010133266448975,33847791
2017-08-16,2.809999942779541,2.8299999237060547,2.740000009536743,2.7899999618530273,2.18534779548645,28477051
2017-08-17,2.859999895095825,2.950000047683716,2.8399999141693115,2.8499999046325684,2.232344388961792,43662750
2017-08-18,2.859999895095825,2.859999895095825,2.809999942779541,2.8399999141693115,2.2245113849639893,30628635
2017-08-21,2.859999895095825,2.859999895095825,2.759999990463257,2.819999933242798,2.208845853805542,21330250
2017-08-22,2.9000000953674316,2.9000000953674316,2.8299999237060547,2.8499999046325684,2.232344388961792,32229720
2017-08-23,2.8499999046325684,2.8499999046325684,2.8499999046325684,2.8499999046325684,2.232344388961792,0
2017-08-24,2.880000114440918,2.9000000953674316,2.819999933242798,2.8399999141693115,2.2245113849639893,25810127
2017-08-25,2.8299999237060547,2.859999895095825,2.799999952316284,2.819999933242798,2.208845853805542,30920956
2017-08-28,2.8499999046325684,2.890000104904175,2.8399999141693115,2.859999895095825,2.2401771545410156,21790466
2017-08-29,2.9200000762939453,2.9700000286102295,2.880000114440918,2.950000047683716,2.3106725215911865,55315425
2017-08-30,2.930000066757202,2.9800000190734863,2.890000104904175,2.9100000858306885,2.279341459274292,31030868
2017-08-31,2.9100000858306885,2.9200000762939453,2.859999895095825,2.869999885559082,2.2480099201202393,21474762
2017-09-01,2.9100000858306885,3.0199999809265137,2.890000104904175,2.990000009536743,2.342003345489502,143754603
2017-09-04,3.0299999713897705,3.0899999141693115,2.990000009536743,3.0299999713897705,2.3733341693878174,136700721
2017-09-05,3.0799999237060547,3.109999895095825,3.009999990463257,3.059999942779541,2.3968329429626465,69950058
2017-09-06,3.0899999141693115,3.130000114440918,3.0299999713897705,3.0299999713897705,2.3733341693878174,68048455
2017-09-07,3.049999952316284,3.049999952316284,2.950000047683716,2.9600000381469727,2.31850528717041,41070875
2017-09-08,2.990000009536743,3.069999933242798,2.9800000190734863,3.009999990463257,2.3576691150665283,45252831
2017-09-11,2.9600000381469727,3.0,2.930000066757202,2.9600000381469727,2.31850528717041,32632951
2017-09-12,2.940000057220459,2.9800000190734863,2.9100000858306885,2.9600000381469727,2.31850528717041,49872905
2017-09-13,2.9100000858306885,2.9800000190734863,2.9100000858306885,2.9600000381469727,2.31850528717041,17278494
2017-09-14,2.950000047683716,2.9600000381469727,2.869999885559082,2.890000104904175,2.2636754512786865,46489482
2017-09-15,2.930000066757202,2.930000066757202,2.859999895095825,2.880000114440918,2.255842924118042,46007245
2017-09-18,2.859999895095825,2.880000114440918,2.819999933242798,2.8499999046325684,2.232344388961792,45492961
2017-09-19,2.819999933242798,2.890000104904175,2.819999933242798,2.859999895095825,2.2401771545410156,30008134
2017-09-20,2.8499999046325684,2.930000066757202,2.8499999046325684,2.9200000762939453,2.2871739864349365,61325833
2017-09-21,2.890000104904175,2.890000104904175,2.8299999237060547,2.8399999141693115,2.2245113849639893,57913973
2017-09-22,2.8299999237060547,2.8399999141693115,2.7799999713897705,2.819999933242798,2.208845853805542,36550913
2017-09-25,2.799999952316284,2.819999933242798,2.7100000381469727,2.75,2.1540169715881348,45878357
2017-09-26,2.799999952316284,2.799999952316284,2.7300000190734863,2.7300000190734863,2.1383509635925293,35398792
2017-09-27,2.7300000190734863,2.740000009536743,2.700000047683716,2.7300000190734863,2.1383509635925293,25197559
2017-09-28,2.7200000286102295,2.7200000286102295,2.6700000762939453,2.6700000762939453,2.0913543701171875,33002487
2017-09-29,2.680000066757202,2.7200000286102295,2.680000066757202,2.680000066757202,2.099186897277832,23023301
2017-10-03,2.6700000762939453,2.740000009536743,2.6600000858306885,2.7100000381469727,2.122685670852661,13969070
2017-10-04,2.7100000381469727,2.7699999809265137,2.7100000381469727,2.759999990463257,2.161849021911621,19412891
2017-10-06,2.7300000190734863,2.799999952316284,2.7300000190734863,2.759999990463257,2.161849021911621,11783583
2017-10-09,2.7799999713897705,2.799999952316284,2.759999990463257,2.759999990463257,2.161849021911621,21681800
2017-10-10,2.7799999713897705,2.799999952316284,2.7300000190734863,2.740000009536743,2.146183729171753,25695750
2017-10-11,2.7200000286102295,2.7799999713897705,2.7200000286102295,2.7799999713897705,2.1775147914886475,23331294
2017-10-12,2.759999990463257,2.7699999809265137,2.7100000381469727,2.75,2.1540169715881348,30522570
2017-10-13,2.75,2.819999933242798,2.75,2.799999952316284,2.1931803226470947,34439496
2017-10-16,2.809999942779541,2.9000000953674316,2.7799999713897705,2.880000114440918,2.255842924118042,69880925
2017-10-17,2.869999885559082,2.9000000953674316,2.8499999046325684,2.8499999046325684,2.232344388961792,38236588
2017-10-18,2.8499999046325684,2.859999895095825,2.799999952316284,2.809999942779541,2.2010133266448975,24367516
2017-10-19,2.799999952316284,2.8299999237060547,2.759999990463257,2.7799999713897705,2.1775147914886475,32213984
2017-10-20,2.7899999618530273,2.8299999237060547,2.7799999713897705,2.819999933242798,2.208845853805542,30848955
2017-10-23,2.819999933242798,2.8299999237060547,2.7899999618530273,2.799999952316284,2.1931803226470947,13631000
2017-10-24,2.799999952316284,2.9000000953674316,2.7899999618530273,2.859999895095825,2.2401771545410156,67781100
2017-10-25,2.8499999046325684,2.859999895095825,2.8299999237060547,2.859999895095825,2.2401771545410156,18532400
2017-10-26,2.8299999237060547,2.8399999141693115,2.7699999809265137,2.7799999713897705,2.1775147914886475,42634200
2017-10-27,2.7799999713897705,2.7799999713897705,2.680000066757202,2.7100000381469727,2.122685670852661,78182163
2017-10-30,2.7100000381469727,2.7300000190734863,2.6600000858306885,2.6700000762939453,2.0913543701171875,38456000
2017-10-31,2.690000057220459,2.7100000381469727,2.6600000858306885,2.700000047683716,2.1148524284362793,30581540
2017-11-01,2.700000047683716,2.7300000190734863,2.6500000953674316,2.680000066757202,2.099186897277832,59520440
2017-11-02,2.690000057220459,2.740000009536743,2.680000066757202,2.700000047683716,2.1148524284362793,25950807
2017-11-03,2.7300000190734863,2.75,2.680000066757202,2.680000066757202,2.099186897277832,48749509
2017-11-06,2.690000057220459,2.700000047683716,2.6600000858306885,2.6700000762939453,2.0913543701171875,19695950
2017-11-07,2.690000057220459,2.7100000381469727,2.680000066757202,2.690000057220459,2.1070199012756348,29141904
2017-11-08,2.690000057220459,2.740000009536743,2.6700000762939453,2.690000057220459,2.1070199012756348,22226583
2017-11-09,2.690000057220459,2.7200000286102295,2.680000066757202,2.7100000381469727,2.122685670852661,20746768
2017-11-10,2.7100000381469727,2.7300000190734863,2.680000066757202,2.690000057220459,2.1070199012756348,17432190
2017-11-13,2.690000057220459,2.690000057220459,2.5899999141693115,2.630000114440918,2.060023069381714,61631922
2017-11-14,2.630000114440918,2.6600000858306885,2.630000114440918,2.630000114440918,2.060023069381714,17708980
2017-11-15,2.630000114440918,2.6600000858306885,2.5999999046325684,2.609999895095825,2.0443575382232666,17093164
2017-11-16,2.609999895095825,2.619999885559082,2.569999933242798,2.5899999141693115,2.0286917686462402,25804482
2017-11-17,2.5899999141693115,2.609999895095825,2.559999942779541,2.569999933242798,2.013026237487793,19698933
2017-11-20,2.5899999141693115,2.609999895095825,2.5399999618530273,2.559999942779541,2.0051934719085693,19837884
2017-11-21,2.569999933242798,2.569999933242798,2.490000009536743,2.5199999809265137,1.9738622903823853,74708702
2017-11-22,2.5299999713897705,2.5999999046325684,2.490000009536743,2.5,1.958196759223938,91283230
2017-11-23,2.5399999618530273,2.7100000381469727,2.5299999713897705,2.640000104904175,2.0678555965423584,118198630
2017-11-24,2.6600000858306885,2.7200000286102295,2.619999885559082,2.6600000858306885,2.0835211277008057,47038284
2017-11-27,2.6700000762939453,2.680000066757202,2.619999885559082,2.630000114440918,2.060023069381714,25420772
2017-11-28,2.6500000953674316,2.700000047683716,2.619999885559082,2.680000066757202,2.099186897277832,30663230
2017-11-29,2.680000066757202,2.740000009536743,2.6500000953674316,2.700000047683716,2.1148524284362793,38237672
2017-11-30,2.690000057220459,2.740000009536743,2.6600000858306885,2.7100000381469727,2.122685670852661,64279277
2017-12-01,2.700000047683716,2.700000047683716,2.630000114440918,2.6500000953674316,2.0756888389587402,22734945
2017-12-04,2.6600000858306885,2.680000066757202,2.640000104904175,2.6500000953674316,2.0756888389587402,17120418
2017-12-05,2.6700000762939453,2.6700000762939453,2.609999895095825,2.630000114440918,2.060023069381714,15887218
2017-12-06,2.630000114440918,2.630000114440918,2.5,2.5299999713897705,1.9816949367523193,80682766
2017-12-07,2.5399999618530273,2.569999933242798,2.5,2.5299999713897705,1.9816949367523193,38411129
2017-12-08,2.509999990463257,2.549999952316284,2.5,2.5299999713897705,1.9816949367523193,20427860
2017-12-11,2.5299999713897705,2.549999952316284,2.509999990463257,2.5199999809265137,1.9738622903823853,41094750
2017-12-12,2.5199999809265137,2.559999942779541,2.5199999809265137,2.5199999809265137,1.9738622903823853,32546169
2017-12-13,2.5299999713897705,2.5399999618530273,2.490000009536743,2.5199999809265137,1.9738622903823853,31225211
2017-12-14,2.5399999618530273,2.630000114440918,2.5399999618530273,2.569999933242798,2.013026237487793,51610269
2017-12-15,2.5799999237060547,2.5999999046325684,2.559999942779541,2.5999999046325684,2.0365242958068848,65019905
2017-12-18,2.5999999046325684,2.630000114440918,2.5999999046325684,2.609999895095825,2.0443575382232666,20084881
2017-12-19,2.619999885559082,2.7200000286102295,2.619999885559082,2.690000057220459,2.1070199012756348,46062960
2017-12-20,2.6700000762939453,2.680000066757202,2.640000104904175,2.6500000953674316,2.0756888389587402,12403222
2017-12-21,2.6700000762939453,2.7100000381469727,2.6700000762939453,2.700000047683716,2.1148524284362793,21528010
2017-12-22,2.700000047683716,2.8299999237060547,2.690000057220459,2.7699999809265137,2.169682025909424,70111561
2017-12-27,2.799999952316284,2.9100000858306885,2.799999952316284,2.869999885559082,2.2480099201202393,90781597
2017-12-28,2.890000104904175,3.0399999618530273,2.869999885559082,3.0,2.3498363494873047,208566716
2017-12-29,3.0199999809265137,3.059999942779541,2.9200000762939453,2.950000047683716,2.3106725215911865,146405726
2018-01-02,3.0199999809265137,3.140000104904175,3.0,3.140000104904175,2.4594953060150146,135894529
2018-01-03,3.140000104904175,3.259999990463257,3.109999895095825,3.109999895095825,2.4359967708587646,116389026
2018-01-04,3.0999999046325684,3.259999990463257,3.059999942779541,3.25,2.5456559658050537,100904908
2018-01-05,3.2300000190734863,3.369999885559082,3.2200000286102295,3.259999990463257,2.5534884929656982,101444525
2018-01-08,3.259999990463257,3.5,3.2300000190734863,3.450000047683716,2.7023117542266846,122703289
2018-01-09,3.450000047683716,3.4800000190734863,3.3299999237060547,3.440000057220459,2.694478988647461,89519774
2018-01-10,3.4000000953674316,3.549999952316284,3.380000114440918,3.4700000286102295,2.7179770469665527,71764968
2018-01-11,3.490000009536743,3.490000009536743,3.369999885559082,3.4000000953674316,2.6631479263305664,62854379
2018-01-12,3.450000047683716,3.5399999618530273,3.4200000762939453,3.4700000286102295,2.7179770469665527,76563664
2018-01-15,3.490000009536743,3.549999952316284,3.3299999237060547,3.380000114440918,2.64748215675354,109480987
2018-01-16,3.380000114440918,3.490000009536743,3.369999885559082,3.390000104904175,2.6553146839141846,64572364
2018-01-17,3.4000000953674316,3.430000066757202,3.1700000762939453,3.190000057220459,2.498659133911133,160867198
2018-01-18,3.2100000381469727,3.359999895095825,3.1700000762939453,3.309999942779541,2.5926525592803955,95663629
2018-01-19,3.3299999237060547,3.359999895095825,3.2699999809265137,3.3399999141693115,2.6161508560180664,41741665
2018-01-22,3.309999942779541,3.450000047683716,3.309999942779541,3.4100000858306885,2.670980453491211,55150790
2018-01-23,3.4000000953674316,3.4800000190734863,3.369999885559082,3.4600000381469727,2.710144281387329,69718663
2018-01-24,3.5,3.509999990463257,3.319999933242798,3.4800000190734863,2.7258100509643555,96301278
2018-01-25,3.609999895095825,3.8399999141693115,3.5999999046325684,3.7699999809265137,2.952960729598999,203843797
2018-01-26,3.690000057220459,3.8399999141693115,3.6500000953674316,3.759999990463257,2.9451279640197754,107679144
2018-01-29,3.7699999809265137,4.039999961853027,3.7699999809265137,3.940000057220459,3.08611798286438,144253843
2018-01-30,3.869999885559082,3.950000047683716,3.7699999809265137,3.7799999713897705,2.9607937335968018,91723953
2018-01-31,3.740000009536743,3.9800000190734863,3.619999885559082,3.940000057220459,3.08611798286438,156548777
2018-02-01,3.940000057220459,3.9800000190734863,3.7200000286102295,3.7699999809265137,2.952960729598999,131847978
2018-02-02,3.799999952316284,4.159999847412109,3.690000057220459,4.159999847412109,3.2584388256073,162675714
2018-02-05,3.930000066757202,4.369999885559082,3.880000114440918,4.289999961853027,3.3602659702301025,252239996
2018-02-06,4.050000190734863,4.320000171661377,3.880000114440918,3.9800000190734863,3.1174490451812744,233932707
2018-02-07,4.179999828338623,4.199999809265137,3.619999885559082,3.619999885559082,2.8354692459106445,189744344
2018-02-08,3.509999990463257,3.640000104904175,3.380000114440918,3.450000047683716,2.7023117542266846,208132622
2018-02-09,3.25,3.359999895095825,3.200000047683716,3.3299999237060547,2.6083176136016846,160142769
2018-02-12,3.390000104904175,3.440000057220459,3.309999942779541,3.3299999237060547,2.6083176136016846,126484195
2018-02-13,3.450000047683716,3.5,3.369999885559082,3.4200000762939453,2.6788136959075928,47963466
2018-02-14,3.5,3.6500000953674316,3.440000057220459,3.6500000953674316,2.8589675426483154,64768671
2018-02-15,3.809999942779541,3.9700000286102295,3.7899999618530273,3.9200000762939453,3.0704526901245117,80519656
2018-02-20,3.890000104904175,3.890000104904175,3.6700000762939453,3.7300000190734863,2.9216296672821045,50141768
2018-02-21,3.7200000286102295,3.859999895095825,3.6700000762939453,3.8299999237060547,2.999957323074341,41928546
2018-02-22,3.759999990463257,3.940000057220459,3.7100000381469727,3.8399999141693115,3.0077903270721436,106130673
2018-02-23,3.9100000858306885,3.9200000762939453,3.819999933242798,3.880000114440918,3.039121389389038,47338968
2018-02-26,3.9800000190734863,4.059999942779541,3.859999895095825,4.0,3.133114814758301,63827945
2018-02-27,3.990000009536743,4.03000020980835,3.7100000381469727,3.75,2.937295436859131,86573430
2018-02-28,3.680000066757202,3.7200000286102295,3.569999933242798,3.5999999046325684,2.819803476333618,102317271
2018-03-01,3.5899999141693115,3.7300000190734863,3.549999952316284,3.700000047683716,2.8981313705444336,57194006
2018-03-02,3.609999895095825,3.6500000953674316,3.559999942779541,3.619999885559082,2.8354692459106445,45382000
2018-03-05,3.6500000953674316,3.690000057220459,3.509999990463257,3.5399999618530273,2.7728066444396973,41653599
2018-03-06,3.609999895095825,3.690000057220459,3.5199999809265137,3.6600000858306885,2.866800308227539,29101200
2018-03-07,3.6600000858306885,3.7799999713897705,3.5399999618530273,3.559999942779541,2.7884724140167236,73429500
2018-03-08,3.609999895095825,3.9100000858306885,3.5999999046325684,3.869999885559082,3.0312888622283936,131825000
2018-03-09,3.869999885559082,3.890000104904175,3.700000047683716,3.759999990463257,2.9451279640197754,52062950
2018-03-12,3.8399999141693115,3.9100000858306885,3.75,3.859999895095825,3.023455858230591,52417625
2018-03-13,3.8299999237060547,3.9200000762939453,3.799999952316284,3.8399999141693115,3.0077903270721436,30745238
2018-03-14,3.8299999237060547,3.9200000762939453,3.7699999809265137,3.890000104904175,3.04695463180542,54340790
2018-03-15,3.8499999046325684,3.9700000286102295,3.8499999046325684,3.930000066757202,3.0782852172851562,56869379
2018-03-16,3.940000057220459,3.940000057220459,3.8299999237060547,3.869999885559082,3.0312888622283936,78152594
2018-03-19,3.8399999141693115,3.8499999046325684,3.690000057220459,3.7799999713897705,2.9607937335968018,57479250
2018-03-20,3.759999990463257,3.7799999713897705,3.680000066757202,3.740000009536743,2.9294626712799072,31473250
2018-03-21,3.7200000286102295,3.8399999141693115,3.700000047683716,3.7100000381469727,2.905963897705078,38901600
2018-03-22,3.7799999713897705,3.809999942779541,3.700000047683716,3.7100000381469727,2.905963897705078,36555378
2018-03-23,3.5999999046325684,3.630000114440918,3.390000104904175,3.5299999713897705,2.7649736404418945,120320001
2018-03-26,3.559999942779541,3.680000066757202,3.509999990463257,3.5999999046325684,2.819803476333618,65696477
2018-03-27,3.680000066757202,3.700000047683716,3.609999895095825,3.619999885559082,2.8354692459106445,36186194
2018-03-28,3.5799999237060547,3.630000114440918,3.450000047683716,3.490000009536743,2.733642578125,50859224
2018-03-29,3.5,3.549999952316284,3.4100000858306885,3.509999990463257,2.7493081092834473,41800453
2018-04-03,3.5299999713897705,3.549999952316284,3.450000047683716,3.5199999809265137,2.75714111328125,44439199
2018-04-04,3.5199999809265137,3.5999999046325684,3.4600000381469727,3.4600000381469727,2.710144281387329,28907945
2018-04-06,3.5299999713897705,3.549999952316284,3.4700000286102295,3.509999990463257,2.7493081092834473,19854332
2018-04-09,3.5299999713897705,3.619999885559082,3.4800000190734863,3.5799999237060547,2.804137945175171,43290850
2018-04-10,3.569999933242798,3.759999990463257,3.569999933242798,3.740000009536743,2.9294626712799072,60262465
2018-04-11,3.799999952316284,3.799999952316284,3.700000047683716,3.759999990463257,2.9451279640197754,41947967
2018-04-12,3.8299999237060547,3.8499999046325684,3.690000057220459,3.740000009536743,2.9294626712799072,53602396
2018-04-13,3.7300000190734863,3.75,3.609999895095825,3.690000057220459,2.89029860496521,34132427
2018-04-16,3.7100000381469727,3.7100000381469727,3.549999952316284,3.619999885559082,2.8354692459106445,30127000
2018-04-17,3.630000114440918,3.7200000286102295,3.569999933242798,3.690000057220459,2.89029860496521,53536278
2018-04-18,3.7100000381469727,3.7100000381469727,3.559999942779541,3.630000114440918,2.84330153465271,37180764
2018-04-19,3.700000047683716,3.8299999237060547,3.6600000858306885,3.7899999618530273,2.9686264991760254,63968403
2018-04-20,3.7699999809265137,3.7699999809265137,3.5999999046325684,3.630000114440918,2.84330153465271,44985861
2018-04-23,3.619999885559082,3.630000114440918,3.5799999237060547,3.609999895095825,2.8276360034942627,17386129
2018-04-24,3.619999885559082,3.630000114440918,3.5899999141693115,3.619999885559082,2.8354692459106445,26510387
2018-04-25,3.630000114440918,3.630000114440918,3.549999952316284,3.609999895095825,2.8276360034942627,22592713
2018-04-26,3.609999895095825,3.619999885559082,3.5399999618530273,3.5899999141693115,2.8119704723358154,21326160
2018-04-27,3.619999885559082,3.619999885559082,3.559999942779541,3.609999895095825,2.8276360034942627,9469372
2018-04-30,3.619999885559082,3.630000114440918,3.569999933242798,3.619999885559082,2.8354692459106445,10229602
2018-05-02,3.5799999237060547,3.5899999141693115,3.4800000190734863,3.5399999618530273,2.7728066444396973,34149455
2018-05-03,3.5399999618530273,3.5399999618530273,3.4800000190734863,3.5,2.741475820541382,22231840
2018-05-04,3.5299999713897705,3.5299999713897705,3.440000057220459,3.450000047683716,2.7023117542266846,21328000
2018-05-07,3.5,3.5,3.450000047683716,3.4800000190734863,2.7258100509643555,17604850
2018-05-08,3.509999990463257,3.559999942779541,3.490000009536743,3.5399999618530273,2.7728066444396973,15885050
2018-05-09,3.5299999713897705,3.559999942779541,3.490000009536743,3.509999990463257,2.7493081092834473,16365000
2018-05-10,3.5299999713897705,3.5899999141693115,3.5299999713897705,3.549999952316284,2.780639410018921,29789749
2018-05-11,3.5799999237060547,3.619999885559082,3.509999990463257,3.5199999809265137,2.75714111328125,28916372
2018-05-14,3.559999942779541,3.640000104904175,3.5399999618530273,3.5999999046325684,2.819803476333618,26698188
2018-05-15,3.630000114440918,3.630000114440918,3.549999952316284,3.5899999141693115,2.8119704723358154,17509261
2018-05-16,3.549999952316284,3.5799999237060547,3.509999990463257,3.569999933242798,2.79630446434021,19418389
2018-05-17,3.559999942779541,3.5999999046325684,3.5,3.5199999809265137,2.75714111328125,23880860
2018-05-18,3.5199999809265137,3.619999885559082,3.509999990463257,3.569999933242798,2.79630446434021,26122737
2018-05-21,3.549999952316284,3.549999952316284,3.4800000190734863,3.490000009536743,2.821469306945801,18922805
2018-05-23,3.509999990463257,3.5299999713897705,3.4600000381469727,3.4600000381469727,2.7972159385681152,24848548
2018-05-24,3.5,3.509999990463257,3.4600000381469727,3.490000009536743,2.821469306945801,9454300
2018-05-25,3.509999990463257,3.5199999809265137,3.359999895095825,3.390000104904175,2.7406249046325684,39954000
2018-05-28,3.4100000858306885,3.4200000762939453,3.2799999713897705,3.319999933242798,2.757234811782837,44321300
2018-05-29,3.319999933242798,3.3499999046325684,3.2799999713897705,3.299999952316284,2.7406249046325684,23474458
2018-05-30,3.319999933242798,3.319999933242798,3.140000104904175,3.25,2.6991007328033447,57889496
2018-05-31,3.2899999618530273,3.309999942779541,3.25,3.2699999809265137,2.715710163116455,79050079
2018-06-01,3.2799999713897705,3.299999952316284,3.2200000286102295,3.259999990463257,2.7074053287506104,24514615
2018-06-04,3.299999952316284,3.3399999141693115,3.25,3.319999933242798,2.757234811782837,31955000
2018-06-05,3.3499999046325684,3.3499999046325684,3.2799999713897705,3.3299999237060547,2.7655398845672607,13436400
2018-06-06,3.380000114440918,3.5199999809265137,3.3499999046325684,3.490000009536743,2.898418664932251,60009000
2018-06-07,3.5299999713897705,3.5999999046325684,3.509999990463257,3.5299999713897705,2.931638240814209,44599463
2018-06-08,3.5299999713897705,3.5799999237060547,3.4700000286102295,3.509999990463257,2.9150283336639404,18297000
2018-06-11,3.559999942779541,3.619999885559082,3.5199999809265137,3.5899999141693115,2.9814674854278564,39735857
2018-06-12,3.619999885559082,3.6500000953674316,3.559999942779541,3.5799999237060547,2.973163366317749,28386510
2018-06-13,3.5199999809265137,3.569999933242798,3.490000009536743,3.5299999713897705,2.931638240814209,28761798
2018-06-14,3.549999952316284,3.5899999141693115,3.4800000190734863,3.5,2.906723737716675,16216578
2018-06-15,3.5199999809265137,3.5199999809265137,3.359999895095825,3.4100000858306885,2.831979274749756,71671255
2018-06-19,3.369999885559082,3.380000114440918,3.2300000190734863,3.2899999618530273,2.7323200702667236,64184689
2018-06-20,3.359999895095825,3.359999895095825,3.180000066757202,3.2100000381469727,2.6658806800842285,56371723
2018-06-21,3.2200000286102295,3.2799999713897705,3.0899999141693115,3.140000104904175,2.6077463626861572,44165021
2018-06-22,3.1500000953674316,3.2100000381469727,3.049999952316284,3.180000066757202,2.6409659385681152,30168000
2018-06-25,3.2100000381469727,3.2200000286102295,3.049999952316284,3.059999942779541,2.541306972503662,27847800
2018-06-26,3.0899999141693115,3.0999999046325684,2.9600000381469727,3.0299999713897705,2.5163917541503906,37600727
2018-06-27,3.0399999618530273,3.0899999141693115,2.930000066757202,2.940000057220459,2.44164776802063,33410013
2018-06-28,2.940000057220459,3.049999952316284,2.9100000858306885,2.9700000286102295,2.466562509536743,31238744
2018-06-29,2.940000057220459,3.0199999809265137,2.9200000762939453,3.0,2.4914772510528564,37951918
2018-07-03,2.9800000190734863,2.990000009536743,2.859999895095825,2.990000009536743,2.4831724166870117,34698961
2018-07-04,3.0199999809265137,3.049999952316284,2.9200000762939453,2.9600000381469727,2.4582574367523193,21289276
2018-07-05,2.9600000381469727,2.990000009536743,2.819999933242798,2.890000104904175,2.400123357772827,33282505
2018-07-06,2.9000000953674316,2.9200000762939453,2.7200000286102295,2.799999952316284,2.325378894805908,56610981
2018-07-09,2.8399999141693115,2.930000066757202,2.809999942779541,2.9000000953674316,2.408428192138672,36537100
2018-07-10,2.9200000762939453,3.009999990463257,2.9200000762939453,2.940000057220459,2.44164776802063,34148148
2018-07-11,2.869999885559082,2.880000114440918,2.7799999713897705,2.819999933242798,2.3419885635375977,31029246
2018-07-12,2.809999942779541,2.869999885559082,2.7799999713897705,2.8399999141693115,2.358598470687866,33521640
2018-07-13,2.859999895095825,2.880000114440918,2.75,2.799999952316284,2.325378894805908,27045834
2018-07-16,2.799999952316284,2.8399999141693115,2.75,2.809999942779541,2.333683729171753,13802000
2018-07-17,2.7899999618530273,2.809999942779541,2.75,2.7699999809265137,2.300464153289795,17166246
2018-07-18,2.7699999809265137,2.7799999713897705,2.680000066757202,2.7200000286102295,2.258939266204834,34842711
2018-07-19,2.740000009536743,2.759999990463257,2.6700000762939453,2.7100000381469727,2.2506346702575684,20684171
2018-07-20,2.7200000286102295,2.7200000286102295,2.5999999046325684,2.690000057220459,2.2340247631073,27799565
2018-07-23,2.7300000190734863,2.7899999618530273,2.690000057220459,2.740000009536743,2.2755494117736816,33110046
2018-07-24,2.75,2.9700000286102295,2.7200000286102295,2.9000000953674316,2.408428192138672,78382200
2018-07-25,2.9200000762939453,2.950000047683716,2.880000114440918,2.9100000858306885,2.4167330265045166,32825000
2018-07-26,2.940000057220459,2.9600000381469727,2.880000114440918,2.9100000858306885,2.4167330265045166,37527950
2018-07-27,2.9000000953674316,2.9100000858306885,2.8399999141693115,2.9100000858306885,2.4167330265045166,13950750
2018-07-30,2.890000104904175,2.950000047683716,2.869999885559082,2.9000000953674316,2.408428192138672,16029816
2018-07-31,2.869999885559082,2.9200000762939453,2.869999885559082,2.9000000953674316,2.408428192138672,14003657
2018-08-01,2.9000000953674316,2.940000057220459,2.8499999046325684,2.880000114440918,2.3918182849884033,18981797
2018-08-02,2.869999885559082,2.880000114440918,2.7699999809265137,2.809999942779541,2.333683729171753,23192000
2018-08-03,2.799999952316284,2.819999933242798,2.700000047683716,2.75,2.2838544845581055,20212890
2018-08-06,2.759999990463257,2.8299999237060547,2.740000009536743,2.7799999713897705,2.3087689876556396,16233126
2018-08-07,2.799999952316284,2.869999885559082,2.7200000286102295,2.8399999141693115,2.358598470687866,21537250
2018-08-08,2.8399999141693115,2.890000104904175,2.8299999237060547,2.8499999046325684,2.366903305053711,11758292
2018-08-09,2.8499999046325684,3.009999990463257,2.8499999046325684,2.9200000762939453,2.4250383377075195,35152405
2018-08-10,2.950000047683716,2.9600000381469727,2.859999895095825,2.940000057220459,2.44164776802063,16985004
2018-08-13,2.9000000953674316,2.9100000858306885,2.8299999237060547,2.869999885559082,2.3835129737854004,16979245
2018-08-14,2.880000114440918,2.880000114440918,2.759999990463257,2.799999952316284,2.325378894805908,30066800
2018-08-15,2.759999990463257,2.7799999713897705,2.6600000858306885,2.7100000381469727,2.2506346702575684,31040110
2018-08-16,2.6500000953674316,2.7200000286102295,2.630000114440918,2.6700000762939453,2.2174150943756104,26704472
2018-08-17,2.700000047683716,2.740000009536743,2.6500000953674316,2.6600000858306885,2.2091100215911865,12969711
2018-08-20,2.6600000858306885,2.7200000286102295,2.6500000953674316,2.680000066757202,2.225719690322876,16857233
2018-08-21,2.7200000286102295,2.7699999809265137,2.6600000858306885,2.740000009536743,2.2755494117736816,28675660
2018-08-22,2.759999990463257,2.7699999809265137,2.7100000381469727,2.75,2.2838544845581055,8752000
2018-08-23,2.7200000286102295,2.75,2.690000057220459,2.7100000381469727,2.2506346702575684,15322126
2018-08-24,2.7200000286102295,2.7200000286102295,2.6700000762939453,2.700000047683716,2.2423295974731445,12497100
2018-08-27,2.7899999618530273,2.890000104904175,2.7899999618530273,2.880000114440918,2.3918182849884033,47658770
2018-08-28,2.880000114440918,2.930000066757202,2.859999895095825,2.9000000953674316,2.408428192138672,18568509
2018-08-29,2.869999885559082,2.9700000286102295,2.8499999046325684,2.940000057220459,2.44164776802063,20098445
2018-08-30,2.9700000286102295,2.9800000190734863,2.890000104904175,2.940000057220459,2.44164776802063,18175218
2018-08-31,2.930000066757202,2.930000066757202,2.859999895095825,2.930000066757202,2.433342695236206,16332030
2018-09-03,2.880000114440918,2.930000066757202,2.859999895095825,2.890000104904175,2.400123357772827,9519624
2018-09-04,2.880000114440918,2.9200000762939453,2.869999885559082,2.869999885559082,2.3835129737854004,7447950
2018-09-05,2.859999895095825,2.880000114440918,2.799999952316284,2.819999933242798,2.3419885635375977,18912300
2018-09-06,2.8399999141693115,2.880000114440918,2.690000057220459,2.740000009536743,2.2755494117736816,33343683
2018-09-07,2.759999990463257,2.7899999618530273,2.700000047683716,2.7300000190734863,2.267244338989258,20898846
2018-09-10,2.7200000286102295,2.75,2.6500000953674316,2.680000066757202,2.225719690322876,23994600
2018-09-11,2.690000057220459,2.690000057220459,2.5899999141693115,2.619999885559082,2.175889730453491,34135774
2018-09-12,2.5999999046325684,2.630000114440918,2.569999933242798,2.5899999141693115,2.150975465774536,16404843
2018-09-13,2.640000104904175,2.680000066757202,2.609999895095825,2.6700000762939453,2.2174150943756104,22494827
2018-09-14,2.680000066757202,2.7100000381469727,2.6600000858306885,2.680000066757202,2.225719690322876,11435930
2018-09-17,2.6600000858306885,2.6700000762939453,2.619999885559082,2.6600000858306885,2.2091100215911865,12146000
2018-09-18,2.630000114440918,2.6700000762939453,2.5999999046325684,2.6600000858306885,2.2091100215911865,33735000
2018-09-19,2.7100000381469727,2.7699999809265137,2.690000057220459,2.740000009536743,2.2755494117736816,34427200
2018-09-20,2.75,2.880000114440918,2.75,2.869999885559082,2.3835129737854004,36043190
2018-09-21,2.9000000953674316,3.069999933242798,2.890000104904175,3.0,2.4914772510528564,75941214
2018-09-24,3.0399999618530273,3.0999999046325684,2.990000009536743,3.0199999809265137,2.508087396621704,21813000
2018-09-26,3.0,3.009999990463257,2.9000000953674316,2.940000057220459,2.44164776802063,34943500
2018-09-27,2.930000066757202,2.990000009536743,2.9000000953674316,2.9600000381469727,2.4582574367523193,17059504
2018-09-28,2.9700000286102295,3.009999990463257,2.9000000953674316,3.009999990463257,2.4997823238372803,21813220
2018-10-02,2.990000009536743,3.0299999713897705,2.940000057220459,2.9700000286102295,2.466562509536743,14028250
2018-10-03,3.0,3.0799999237060547,2.9600000381469727,3.069999933242798,2.5496115684509277,26429251
2018-10-04,3.049999952316284,3.069999933242798,2.9800000190734863,3.0299999713897705,2.5163917541503906,14307486
2018-10-05,2.990000009536743,3.009999990463257,2.9200000762939453,2.950000047683716,2.449953079223633,15201978
2018-10-08,2.940000057220459,2.9700000286102295,2.819999933242798,2.859999895095825,2.3752083778381348,31780826
2018-10-09,2.859999895095825,2.9200000762939453,2.819999933242798,2.859999895095825,2.3752083778381348,28177136
2018-10-10,2.890000104904175,2.950000047683716,2.819999933242798,2.8399999141693115,2.358598470687866,35365296
2018-10-11,2.75,2.7899999618530273,2.680000066757202,2.75,2.2838544845581055,57469015
2018-10-12,2.859999895095825,2.9200000762939453,2.8299999237060547,2.9000000953674316,2.408428192138672,53228598
2018-10-15,2.930000066757202,2.930000066757202,2.859999895095825,2.930000066757202,2.433342695236206,22837275
2018-10-16,2.930000066757202,2.9600000381469727,2.8299999237060547,2.859999895095825,2.3752083778381348,26340820
2018-10-18,2.880000114440918,2.9000000953674316,2.759999990463257,2.809999942779541,2.333683729171753,42739188
2018-10-19,2.8499999046325684,2.9000000953674316,2.759999990463257,2.859999895095825,2.3752083778381348,40264750
2018-10-22,2.9000000953674316,2.990000009536743,2.869999885559082,2.9600000381469727,2.4582574367523193,33988500
2018-10-23,2.9600000381469727,2.9700000286102295,2.869999885559082,2.950000047683716,2.449953079223633,24315750
2018-10-24,2.940000057220459,3.009999990463257,2.9100000858306885,2.930000066757202,2.433342695236206,25012295
2018-10-25,2.890000104904175,2.990000009536743,2.8399999141693115,2.9800000190734863,2.474867820739746,32601302
2018-10-26,2.9800000190734863,2.990000009536743,2.890000104904175,2.9100000858306885,2.4167330265045166,20632157
2018-10-29,2.9000000953674316,2.940000057220459,2.8499999046325684,2.940000057220459,2.44164776802063,20543628
2018-10-30,2.9200000762939453,2.9700000286102295,2.890000104904175,2.9200000762939453,2.4250383377075195,27072409
2018-10-31,2.9200000762939453,2.950000047683716,2.880000114440918,2.9100000858306885,2.4167330265045166,32192361
2018-11-01,2.9100000858306885,2.950000047683716,2.9000000953674316,2.9200000762939453,2.4250383377075195,23381942
2018-11-02,3.0199999809265137,3.0199999809265137,2.930000066757202,3.009999990463257,2.4997823238372803,65504215
2018-11-05,3.0,3.0199999809265137,2.9600000381469727,2.9800000190734863,2.474867820739746,26920000
2018-11-06,3.0,3.0199999809265137,2.9600000381469727,3.0199999809265137,2.508087396621704,28275500
2018-11-07,3.0199999809265137,3.059999942779541,2.9700000286102295,2.990000009536743,2.4831724166870117,26514108
2018-11-08,3.0199999809265137,3.0299999713897705,2.950000047683716,2.9700000286102295,2.466562509536743,14873250
2018-11-09,2.930000066757202,2.9600000381469727,2.880000114440918,2.930000066757202,2.433342695236206,21615377
2018-11-12,2.930000066757202,2.940000057220459,2.8499999046325684,2.880000114440918,2.3918182849884033,17327650
2018-11-13,2.869999885559082,2.890000104904175,2.8399999141693115,2.869999885559082,2.3835129737854004,16729687
2018-11-14,2.869999885559082,2.890000104904175,2.8299999237060547,2.8499999046325684,2.366903305053711,14868980
2018-11-15,2.859999895095825,2.890000104904175,2.809999942779541,2.8399999141693115,2.358598470687866,18413127
2018-11-16,2.859999895095825,2.890000104904175,2.8299999237060547,2.8499999046325684,2.366903305053711,19361292
2018-11-19,2.8499999046325684,2.9000000953674316,2.8499999046325684,2.890000104904175,2.400123357772827,17220924
2018-11-20,2.869999885559082,2.9100000858306885,2.8499999046325684,2.880000114440918,2.3918182849884033,15878000
2018-11-21,2.869999885559082,2.869999885559082,2.819999933242798,2.859999895095825,2.3752083778381348,13397000
2018-11-22,2.880000114440918,2.880000114440918,2.8399999141693115,2.8499999046325684,2.366903305053711,9104256
2018-11-23,2.859999895095825,2.869999885559082,2.809999942779541,2.8499999046325684,2.366903305053711,21198665
2018-11-26,2.8499999046325684,2.880000114440918,2.819999933242798,2.8399999141693115,2.358598470687866,15823000
2018-11-27,2.8299999237060547,2.859999895095825,2.819999933242798,2.8399999141693115,2.358598470687866,14778739
2018-11-28,2.869999885559082,2.869999885559082,2.809999942779541,2.8399999141693115,2.358598470687866,12214328
2018-11-29,2.869999885559082,2.9200000762939453,2.869999885559082,2.9200000762939453,2.4250383377075195,29152479
2018-11-30,2.9200000762939453,2.9600000381469727,2.9000000953674316,2.950000047683716,2.449953079223633,30374357
2018-12-03,2.9700000286102295,2.990000009536743,2.930000066757202,2.9700000286102295,2.466562509536743,20094332
2018-12-04,2.9600000381469727,2.9800000190734863,2.940000057220459,2.9700000286102295,2.466562509536743,16952618
2018-12-05,2.940000057220459,2.9800000190734863,2.9200000762939453,2.950000047683716,2.449953079223633,12878492
2018-12-06,2.9600000381469727,2.9600000381469727,2.880000114440918,2.9000000953674316,2.408428192138672,16425488
2018-12-07,2.930000066757202,2.930000066757202,2.880000114440918,2.890000104904175,2.400123357772827,13509000
2018-12-10,2.880000114440918,2.950000047683716,2.880000114440918,2.9100000858306885,2.4167330265045166,16880856
2018-12-11,2.9200000762939453,2.940000057220459,2.880000114440918,2.930000066757202,2.433342695236206,17286576
2018-12-12,2.940000057220459,2.950000047683716,2.9100000858306885,2.930000066757202,2.433342695236206,6903347
2018-12-13,2.940000057220459,3.0,2.9200000762939453,2.990000009536743,2.4831724166870117,17129657
2018-12-14,2.9800000190734863,2.990000009536743,2.940000057220459,2.9700000286102295,2.466562509536743,11203000
2018-12-17,2.990000009536743,3.0899999141693115,2.9600000381469727,3.049999952316284,2.533001661300659,46456821
2018-12-18,3.0799999237060547,3.1600000858306885,3.069999933242798,3.0899999141693115,2.5662214756011963,55875000
2018-12-19,3.069999933242798,3.1700000762939453,3.059999942779541,3.1500000953674316,2.616051197052002,47352846
2018-12-20,3.069999933242798,3.140000104904175,3.059999942779541,3.109999895095825,2.582831382751465,34455280
2018-12-21,3.140000104904175,3.1500000953674316,3.0399999618530273,3.069999933242798,2.5496115684509277,55983689
2018-12-24,3.069999933242798,3.0999999046325684,2.990000009536743,3.059999942779541,2.541306972503662,19775133
2018-12-27,3.0799999237060547,3.0799999237060547,2.9700000286102295,2.990000009536743,2.4831724166870117,15324057
2018-12-28,2.990000009536743,3.009999990463257,2.9800000190734863,2.990000009536743,2.4831724166870117,9798200
2018-12-31,2.990000009536743,2.990000009536743,2.9200000762939453,2.9700000286102295,2.466562509536743,7358102
2019-01-02,2.9700000286102295,2.9700000286102295,2.7100000381469727,2.819999933242798,2.3419885635375977,59875044
2019-01-03,2.819999933242798,2.8299999237060547,2.759999990463257,2.7899999618530273,2.3170738220214844,41759503
2019-01-04,2.799999952316284,2.8299999237060547,2.759999990463257,2.809999942779541,2.333683729171753,27513193
2019-01-07,2.809999942779541,2.819999933242798,2.7699999809265137,2.7899999618530273,2.3170738220214844,21307000
2019-01-08,2.799999952316284,2.809999942779541,2.75,2.759999990463257,2.292158842086792,18356989
2019-01-09,2.7699999809265137,2.819999933242798,2.759999990463257,2.7899999618530273,2.3170738220214844,13177303
2019-01-10,2.809999942779541,2.8299999237060547,2.7799999713897705,2.819999933242798,2.3419885635375977,19747980
2019-01-11,2.809999942779541,2.819999933242798,2.759999990463257,2.799999952316284,2.325378894805908,22126858
2019-01-14,2.7799999713897705,2.819999933242798,2.7699999809265137,2.7799999713897705,2.3087689876556396,11930250
2019-01-15,2.7799999713897705,2.809999942779541,2.7699999809265137,2.799999952316284,2.325378894805908,18599904
2019-01-16,2.799999952316284,2.809999942779541,2.690000057220459,2.75,2.2838544845581055,44548479
2019-01-17,2.759999990463257,2.7699999809265137,2.7200000286102295,2.740000009536743,2.2755494117736816,24499750
2019-01-18,2.740000009536743,2.759999990463257,2.7200000286102295,2.740000009536743,2.2755494117736816,21700500
2019-01-21,2.75,2.75,2.700000047683716,2.740000009536743,2.2755494117736816,30900518
2019-01-22,2.740000009536743,2.740000009536743,2.6600000858306885,2.7100000381469727,2.2506346702575684,31673750
2019-01-23,2.7100000381469727,2.7200000286102295,2.6700000762939453,2.700000047683716,2.2423295974731445,25022000
2019-01-24,2.7100000381469727,2.759999990463257,2.690000057220459,2.759999990463257,2.292158842086792,18391250
2019-01-25,2.7300000190734863,2.7799999713897705,2.7300000190734863,2.75,2.2838544845581055,16781744
2019-01-28,2.799999952316284,2.8299999237060547,2.759999990463257,2.809999942779541,2.333683729171753,31042450
2019-01-29,2.809999942779541,2.8399999141693115,2.7799999713897705,2.8299999237060547,2.3502936363220215,28331500
2019-01-30,2.8499999046325684,2.859999895095825,2.819999933242798,2.8499999046325684,2.366903305053711,15475867
2019-01-31,2.869999885559082,2.940000057220459,2.859999895095825,2.9200000762939453,2.4250383377075195,34562800
2019-02-01,2.9700000286102295,2.9700000286102295,2.9000000953674316,2.9700000286102295,2.466562509536743,31105257
2019-02-04,2.940000057220459,2.9800000190734863,2.930000066757202,2.950000047683716,2.449953079223633,11476399
2019-02-08,2.9000000953674316,2.9800000190734863,2.9000000953674316,2.9700000286102295,2.466562509536743,10665023
2019-02-11,2.9800000190734863,2.990000009536743,2.930000066757202,2.950000047683716,2.449953079223633,25695421
2019-02-12,2.950000047683716,2.9700000286102295,2.9200000762939453,2.950000047683716,2.449953079223633,25493825
2019-02-13,2.9600000381469727,3.0399999618530273,2.9600000381469727,3.0199999809265137,2.508087396621704,31073768
2019-02-14,3.0299999713897705,3.049999952316284,2.990000009536743,3.0399999618530273,2.5246968269348145,24855313
2019-02-15,3.049999952316284,3.0999999046325684,3.009999990463257,3.0199999809265137,2.508087396621704,34842579
2019-02-18,3.0299999713897705,3.2200000286102295,3.0299999713897705,3.190000057220459,2.649271011352539,66856501
2019-02-19,3.180000066757202,3.2200000286102295,3.130000114440918,3.140000104904175,2.6077463626861572,28040500
2019-02-20,3.2100000381469727,3.450000047683716,3.2100000381469727,3.4000000953674316,2.823674440383911,84543697
2019-02-21,3.3499999046325684,3.450000047683716,3.309999942779541,3.4000000953674316,2.823674440383911,60562144
2019-02-22,3.299999952316284,3.4000000953674316,3.2699999809265137,3.4000000953674316,2.823674440383911,42358520
2019-02-25,3.4000000953674316,3.569999933242798,3.390000104904175,3.5,2.906723737716675,66282481
2019-02-26,3.490000009536743,3.5299999713897705,3.4200000762939453,3.430000066757202,2.8485891819000244,37498300
2019-02-27,3.4100000858306885,3.450000047683716,3.369999885559082,3.430000066757202,2.8485891819000244,33960873
2019-02-28,3.4800000190734863,3.4800000190734863,3.299999952316284,3.359999895095825,2.790454626083374,37145059
2019-03-01,3.3499999046325684,3.4000000953674316,3.299999952316284,3.380000114440918,2.8070645332336426,27377260
2019-03-04,3.3399999141693115,3.380000114440918,3.2799999713897705,3.3499999046325684,2.78214955329895,23029750
2019-03-05,3.3299999237060547,3.3299999237060547,3.240000009536743,3.299999952316284,2.7406249046325684,25964000
2019-03-06,3.299999952316284,3.4000000953674316,3.2799999713897705,3.359999895095825,2.790454626083374,22999426
2019-03-07,3.3499999046325684,3.440000057220459,3.299999952316284,3.319999933242798,2.757234811782837,25895877
2019-03-08,3.319999933242798,3.319999933242798,3.190000057220459,3.190000057220459,2.649271011352539,29209062
2019-03-11,3.2300000190734863,3.25,3.1700000762939453,3.2100000381469727,2.6658806800842285,18239000
2019-03-12,3.2200000286102295,3.3299999237060547,3.2200000286102295,3.309999942779541,2.748929738998413,15974244
2019-03-13,3.299999952316284,3.309999942779541,3.2300000190734863,3.25,2.6991007328033447,15729123
2019-03-14,3.2899999618530273,3.3299999237060547,3.2100000381469727,3.2300000190734863,2.682490825653076,16811668
2019-03-15,3.240000009536743,3.2799999713897705,3.200000047683716,3.25,2.6991007328033447,35249550
2019-03-18,3.2699999809265137,3.2799999713897705,3.200000047683716,3.240000009536743,2.690795421600342,19953372
2019-03-19,3.25,3.299999952316284,3.2200000286102295,3.2300000190734863,2.682490825653076,17387000
2019-03-20,3.25,3.259999990463257,3.2100000381469727,3.2200000286102295,2.6741857528686523,17409017
2019-03-21,3.259999990463257,3.4100000858306885,3.25,3.4000000953674316,2.823674440383911,38992120
2019-03-22,3.3499999046325684,3.369999885559082,3.240000009536743,3.319999933242798,2.757234811782837,22079500
2019-03-25,3.299999952316284,3.299999952316284,3.200000047683716,3.25,2.6991007328033447,24300750
2019-03-26,3.240000009536743,3.380000114440918,3.240000009536743,3.299999952316284,2.7406249046325684,36922000
2019-03-27,3.309999942779541,3.319999933242798,3.2200000286102295,3.2799999713897705,2.7240149974823,23774037
2019-03-28,3.259999990463257,3.2799999713897705,3.240000009536743,3.240000009536743,2.690795421600342,17216275
2019-03-29,3.240000009536743,3.259999990463257,3.200000047683716,3.25,2.6991007328033447,21585600
2019-04-01,3.2899999618530273,3.4200000762939453,3.2799999713897705,3.369999885559082,2.7987594604492188,47413761
2019-04-02,3.4000000953674316,3.4000000953674316,3.3499999046325684,3.359999895095825,2.790454626083374,18493742
2019-04-03,3.380000114440918,3.4700000286102295,3.359999895095825,3.4700000286102295,2.8818087577819824,28778783
2019-04-04,3.4200000762939453,3.509999990463257,3.4200000762939453,3.5,2.906723737716675,41650772
2019-04-08,3.5,3.569999933242798,3.4200000762939453,3.569999933242798,2.964857816696167,53526168
2019-04-09,3.5999999046325684,3.5999999046325684,3.430000066757202,3.490000009536743,2.898418664932251,33367973
2019-04-10,3.5,3.5,3.430000066757202,3.450000047683716,2.865198850631714,16085150
2019-04-11,3.440000057220459,3.4600000381469727,3.3499999046325684,3.380000114440918,2.8070645332336426,24111998
2019-04-12,3.359999895095825,3.359999895095825,3.2899999618530273,3.3299999237060547,2.7655398845672607,20083300
2019-04-15,3.309999942779541,3.430000066757202,3.2899999618530273,3.3299999237060547,2.7655398845672607,24434382
2019-04-16,3.3299999237060547,3.450000047683716,3.2899999618530273,3.450000047683716,2.865198850631714,36785121
2019-04-17,3.390000104904175,3.440000057220459,3.319999933242798,3.430000066757202,2.8485891819000244,31540222
2019-04-18,3.4200000762939453,3.4700000286102295,3.369999885559082,3.390000104904175,2.8153693675994873,13279284
2019-04-23,3.369999885559082,3.380000114440918,3.2899999618530273,3.319999933242798,2.757234811782837,40942932
2019-04-24,3.299999952316284,3.359999895095825,3.2300000190734863,3.25,2.6991007328033447,21637000
2019-04-25,3.2300000190734863,3.2799999713897705,3.200000047683716,3.2200000286102295,2.6741857528686523,21625383
2019-04-26,3.2200000286102295,3.240000009536743,3.180000066757202,3.2200000286102295,2.6741857528686523,17742504
2019-04-29,3.2100000381469727,3.2100000381469727,3.119999885559082,3.1500000953674316,2.616051197052002,17668005
2019-04-30,3.1500000953674316,3.1500000953674316,3.059999942779541,3.059999942779541,2.541306972503662,23567278
2019-05-02,3.0399999618530273,3.0399999618530273,2.9100000858306885,2.9600000381469727,2.4582574367523193,26773500
2019-05-03,2.9700000286102295,2.9800000190734863,2.9000000953674316,2.950000047683716,2.449953079223633,10015000
2019-05-06,2.9200000762939453,2.9800000190734863,2.9000000953674316,2.940000057220459,2.44164776802063,43467632
2019-05-07,2.950000047683716,2.9800000190734863,2.869999885559082,2.930000066757202,2.433342695236206,35541950
2019-05-08,2.9000000953674316,2.950000047683716,2.890000104904175,2.9000000953674316,2.408428192138672,20120000
2019-05-09,2.9200000762939453,2.9200000762939453,2.8299999237060547,2.8399999141693115,2.358598470687866,22809790
2019-05-10,2.8399999141693115,2.9000000953674316,2.8399999141693115,2.8499999046325684,2.366903305053711,27621200
2019-05-14,2.8299999237060547,2.859999895095825,2.799999952316284,2.8299999237060547,2.3502936363220215,36454974
2019-05-15,2.8499999046325684,2.9100000858306885,2.8499999046325684,2.890000104904175,2.400123357772827,25896758
2019-05-16,2.890000104904175,2.9700000286102295,2.8299999237060547,2.890000104904175,2.400123357772827,22264366
2019-05-17,2.9100000858306885,2.9100000858306885,2.799999952316284,2.799999952316284,2.325378894805908,22730000
2019-05-20,2.799999952316284,2.799999952316284,2.7100000381469727,2.740000009536743,2.2755494117736816,28786010
2019-05-21,2.7699999809265137,2.8299999237060547,2.740000009536743,2.7799999713897705,2.3087689876556396,15207243
2019-05-22,2.809999942779541,2.819999933242798,2.7300000190734863,2.759999990463257,2.292158842086792,14381000
2019-05-23,2.7200000286102295,2.75,2.6700000762939453,2.690000057220459,2.2340247631073,30274000
2019-05-24,2.7300000190734863,2.7799999713897705,2.700000047683716,2.7300000190734863,2.267244338989258,29104298
2019-05-27,2.75,2.7799999713897705,2.7100000381469727,2.740000009536743,2.2755494117736816,13527500
2019-05-28,2.690000057220459,2.7200000286102295,2.6700000762939453,2.700000047683716,2.339510202407837,32013829
2019-05-29,2.700000047683716,2.7300000190734863,2.6700000762939453,2.7200000286102295,2.356839656829834,12314000
2019-05-30,2.7100000381469727,2.740000009536743,2.690000057220459,2.700000047683716,2.339510202407837,9697000
2019-05-31,2.7300000190734863,2.799999952316284,2.7200000286102295,2.7699999809265137,2.4001638889312744,22599742
2019-06-03,2.819999933242798,2.8299999237060547,2.7699999809265137,2.809999942779541,2.4348227977752686,31604193
2019-06-04,2.8299999237060547,2.880000114440918,2.7899999618530273,2.809999942779541,2.4348227977752686,23711246
2019-06-05,2.8299999237060547,2.8299999237060547,2.7699999809265137,2.799999952316284,2.4261584281921387,17454892
2019-06-06,2.799999952316284,2.8399999141693115,2.7699999809265137,2.799999952316284,2.4261584281921387,21196000
2019-06-10,2.8299999237060547,2.8399999141693115,2.740000009536743,2.75,2.3828344345092773,23974819
2019-06-11,2.75,2.819999933242798,2.740000009536743,2.7899999618530273,2.4174935817718506,26694653
2019-06-12,2.7899999618530273,2.880000114440918,2.759999990463257,2.869999885559082,2.486812114715576,30952448
2019-06-13,2.880000114440918,2.890000104904175,2.8499999046325684,2.880000114440918,2.4954771995544434,15377491
2019-06-14,2.9000000953674316,2.9700000286102295,2.880000114440918,2.930000066757202,2.538801431655884,36410958
2019-06-17,2.930000066757202,2.930000066757202,2.859999895095825,2.869999885559082,2.486812114715576,22529856
2019-06-18,2.9000000953674316,2.930000066757202,2.869999885559082,2.930000066757202,2.538801431655884,16966782
2019-06-19,2.990000009536743,2.990000009536743,2.9100000858306885,2.930000066757202,2.538801431655884,34611193
2019-06-20,3.009999990463257,3.180000066757202,3.0,3.180000066757202,2.755422830581665,82756050
2019-06-21,3.25,3.319999933242798,3.1500000953674316,3.190000057220459,2.764087677001953,93309282
2019-06-24,3.299999952316284,3.299999952316284,3.130000114440918,3.1500000953674316,2.7294280529022217,44593250
2019-06-25,3.180000066757202,3.319999933242798,3.180000066757202,3.2200000286102295,2.7900822162628174,78821975
2019-06-26,3.1700000762939453,3.2100000381469727,3.130000114440918,3.1500000953674316,2.7294280529022217,36381000
2019-06-27,3.1500000953674316,3.1700000762939453,3.130000114440918,3.1500000953674316,2.7294280529022217,15267176
2019-06-28,3.140000104904175,3.2300000190734863,3.140000104904175,3.1700000762939453,2.746757745742798,25292991
2019-07-02,3.119999885559082,3.1500000953674316,3.059999942779541,3.1500000953674316,2.7294280529022217,39912011
2019-07-03,3.259999990463257,3.299999952316284,3.130000114440918,3.1600000858306885,2.738093137741089,48214209
2019-07-04,3.1600000858306885,3.1700000762939453,3.0999999046325684,3.119999885559082,2.7034335136413574,25365000
2019-07-05,3.109999895095825,3.1600000858306885,3.109999895095825,3.140000104904175,2.7207634449005127,17490000
2019-07-08,3.109999895095825,3.140000104904175,3.059999942779541,3.140000104904175,2.7207634449005127,29862685
2019-07-09,3.119999885559082,3.119999885559082,3.0799999237060547,3.0999999046325684,2.6861038208007812,23085435
2019-07-10,3.119999885559082,3.130000114440918,3.0799999237060547,3.0999999046325684,2.6861038208007812,19266000
2019-07-11,3.180000066757202,3.2200000286102295,3.0999999046325684,3.130000114440918,2.7120985984802246,36116339
2019-07-12,3.130000114440918,3.130000114440918,3.069999933242798,3.0799999237060547,2.668774127960205,24070000
2019-07-15,3.0999999046325684,3.109999895095825,3.0399999618530273,3.0899999141693115,2.677438735961914,21151431
2019-07-16,3.0899999141693115,3.130000114440918,3.0899999141693115,3.0999999046325684,2.6861038208007812,19108250
2019-07-17,3.0899999141693115,3.119999885559082,3.059999942779541,3.0899999141693115,2.677438735961914,11546822
2019-07-18,3.140000104904175,3.1700000762939453,3.0999999046325684,3.130000114440918,2.7120985984802246,20636750
2019-07-19,3.200000047683716,3.2300000190734863,3.140000104904175,3.200000047683716,2.772752523422241,59580938
2019-07-22,3.1700000762939453,3.2200000286102295,3.1500000953674316,3.200000047683716,2.772752523422241,26124850
2019-07-23,3.180000066757202,3.2200000286102295,3.130000114440918,3.190000057220459,2.764087677001953,16180400
2019-07-24,3.1700000762939453,3.190000057220459,3.1500000953674316,3.1700000762939453,2.746757745742798,13124250
2019-07-25,3.190000057220459,3.2100000381469727,3.1600000858306885,3.2100000381469727,2.7814176082611084,15236705
2019-07-26,3.190000057220459,3.190000057220459,3.119999885559082,3.140000104904175,2.7207634449005127,15742771
2019-07-29,3.140000104904175,3.1600000858306885,3.0999999046325684,3.119999885559082,2.7034335136413574,23755102
2019-07-30,3.119999885559082,3.1600000858306885,3.109999895095825,3.140000104904175,2.7207634449005127,11358750
2019-07-31,3.2200000286102295,3.2200000286102295,3.130000114440918,3.1600000858306885,2.738093137741089,17305216
2019-08-01,3.069999933242798,3.0899999141693115,3.0399999618530273,3.059999942779541,2.651444435119629,50813247
2019-08-02,3.109999895095825,3.119999885559082,3.009999990463257,3.059999942779541,2.651444435119629,33324781
2019-08-05,3.059999942779541,3.1600000858306885,3.0399999618530273,3.0799999237060547,2.668774127960205,56644892
2019-08-06,3.109999895095825,3.140000104904175,2.950000047683716,3.0199999809265137,2.6167850494384766,51389750
2019-08-07,3.069999933242798,3.119999885559082,3.049999952316284,3.0899999141693115,2.677438735961914,41310896
2019-08-08,3.0999999046325684,3.1600000858306885,3.049999952316284,3.1500000953674316,2.7294280529022217,45270544
2019-08-09,3.1600000858306885,3.1600000858306885,3.0899999141693115,3.109999895095825,2.6947686672210693,37833299
2019-08-12,3.119999885559082,3.130000114440918,3.0199999809265137,3.0199999809265137,2.6167850494384766,26251000
2019-08-13,3.0299999713897705,3.1700000762939453,3.0199999809265137,3.1700000762939453,2.746757745742798,77231746
2019-08-14,3.109999895095825,3.130000114440918,3.0299999713897705,3.059999942779541,2.651444435119629,68396511
2019-08-15,3.0999999046325684,3.140000104904175,3.0199999809265137,3.0299999713897705,2.6254501342773438,66953698
2019-08-16,3.0399999618530273,3.0799999237060547,3.0299999713897705,3.0799999237060547,2.668774127960205,37969700
2019-08-19,3.0399999618530273,3.0899999141693115,3.0299999713897705,3.049999952316284,2.6427793502807617,30813344
2019-08-20,3.0399999618530273,3.0799999237060547,3.009999990463257,3.009999990463257,2.6081204414367676,29119522
2019-08-21,3.0299999713897705,3.0399999618530273,3.0,3.009999990463257,2.6081204414367676,20091721
2019-08-22,3.0299999713897705,3.0299999713897705,2.950000047683716,2.9800000190734863,2.582125425338745,21795454
2019-08-23,2.9600000381469727,2.9700000286102295,2.9000000953674316,2.9600000381469727,2.564795970916748,32960000
2019-08-26,3.0299999713897705,3.0299999713897705,2.930000066757202,2.940000057220459,2.547466278076172,30171072
2019-08-27,2.940000057220459,2.9600000381469727,2.880000114440918,2.880000114440918,2.4954771995544434,55934676
2019-08-28,2.9100000858306885,2.930000066757202,2.890000104904175,2.890000104904175,2.5041420459747314,22071404
2019-08-29,2.9000000953674316,2.950000047683716,2.8499999046325684,2.9200000762939453,2.5301365852355957,27769194
2019-08-30,2.930000066757202,3.0199999809265137,2.890000104904175,2.930000066757202,2.538801431655884,33595829
2019-09-02,2.940000057220459,2.940000057220459,2.869999885559082,2.890000104904175,2.5041420459747314,21983500
2019-09-03,2.880000114440918,2.9000000953674316,2.819999933242798,2.8399999141693115,2.460817813873291,20759100
2019-09-04,2.859999895095825,2.890000104904175,2.8399999141693115,2.859999895095825,2.478147268295288,24642528
2019-09-05,2.9000000953674316,2.940000057220459,2.8499999046325684,2.9000000953674316,2.5128071308135986,26762729
2019-09-06,2.9000000953674316,2.9000000953674316,2.7899999618530273,2.809999942779541,2.4348227977752686,39062921
2019-09-09,2.75,2.8399999141693115,2.75,2.799999952316284,2.4261584281921387,35671981
2019-09-10,2.7699999809265137,2.819999933242798,2.7699999809265137,2.819999933242798,2.4434878826141357,19000954
2019-09-11,2.819999933242798,2.8499999046325684,2.799999952316284,2.819999933242798,2.4434878826141357,14455406
2019-09-12,2.8399999141693115,2.880000114440918,2.819999933242798,2.8499999046325684,2.469482421875,13097159
2019-09-13,2.8499999046325684,2.930000066757202,2.819999933242798,2.9200000762939453,2.5301365852355957,23122960
2019-09-16,2.940000057220459,2.9800000190734863,2.890000104904175,2.930000066757202,2.538801431655884,36744775
2019-09-17,2.930000066757202,2.930000066757202,2.8499999046325684,2.880000114440918,2.4954771995544434,18997598
2019-09-18,2.9000000953674316,2.9100000858306885,2.8499999046325684,2.859999895095825,2.478147268295288,16314949
2019-09-19,2.869999885559082,2.869999885559082,2.799999952316284,2.8299999237060547,2.4521524906158447,20802744
2019-09-20,2.8299999237060547,2.8499999046325684,2.809999942779541,2.8499999046325684,2.469482421875,21229388
2019-09-23,2.859999895095825,2.869999885559082,2.759999990463257,2.8399999141693115,2.460817813873291,25564000
2019-09-24,2.8499999046325684,2.859999895095825,2.7899999618530273,2.809999942779541,2.4348227977752686,21198000
2019-09-25,2.8499999046325684,2.8499999046325684,2.7799999713897705,2.799999952316284,2.4261584281921387,20573541
2019-09-26,2.7899999618530273,2.799999952316284,2.75,2.759999990463257,2.3914988040924072,19486769
2019-09-27,2.740000009536743,2.75,2.690000057220459,2.7200000286102295,2.356839656829834,15720735
2019-09-30,2.690000057220459,2.7300000190734863,2.690000057220459,2.7100000381469727,2.348174571990967,8612148
2019-10-02,2.690000057220459,2.700000047683716,2.6700000762939453,2.700000047683716,2.339510202407837,14807028
2019-10-03,2.7100000381469727,2.7200000286102295,2.680000066757202,2.700000047683716,2.339510202407837,12102910
2019-10-04,2.700000047683716,2.7100000381469727,2.680000066757202,2.690000057220459,2.3308448791503906,9869000
2019-10-08,2.690000057220459,2.7300000190734863,2.6700000762939453,2.6700000762939453,2.3135154247283936,15756250
2019-10-09,2.680000066757202,2.700000047683716,2.6600000858306885,2.680000066757202,2.3221802711486816,18431623
2019-10-10,2.700000047683716,2.7100000381469727,2.6600000858306885,2.6700000762939453,2.3135154247283936,15291000
2019-10-11,2.680000066757202,2.740000009536743,2.680000066757202,2.7200000286102295,2.356839656829834,11747666
2019-10-14,2.7300000190734863,2.75,2.7100000381469727,2.7200000286102295,2.356839656829834,10946556
2019-10-15,2.7100000381469727,2.7200000286102295,2.690000057220459,2.700000047683716,2.339510202407837,8567562
2019-10-16,2.700000047683716,2.7100000381469727,2.640000104904175,2.6600000858306885,2.3048503398895264,15867170
2019-10-17,2.6600000858306885,2.6700000762939453,2.640000104904175,2.6700000762939453,2.3135154247283936,15989151
2019-10-18,2.690000057220459,2.690000057220459,2.6500000953674316,2.6500000953674316,2.2961857318878174,10450180
2019-10-21,2.6600000858306885,2.6700000762939453,2.630000114440918,2.6600000858306885,2.3048503398895264,12089500
2019-10-22,2.6600000858306885,2.6700000762939453,2.619999885559082,2.640000104904175,2.287520408630371,12759125
2019-10-23,2.630000114440918,2.640000104904175,2.619999885559082,2.630000114440918,2.278855800628662,9687058
2019-10-24,2.6500000953674316,2.6700000762939453,2.630000114440918,2.6700000762939453,2.3135154247283936,9573930
2019-10-25,2.680000066757202,2.7200000286102295,2.6600000858306885,2.700000047683716,2.339510202407837,20032000
2019-10-28,2.7100000381469727,2.759999990463257,2.700000047683716,2.75,2.3828344345092773,32626019
2019-10-29,2.759999990463257,2.7699999809265137,2.7200000286102295,2.740000009536743,2.374168872833252,16358292
2019-10-30,2.740000009536743,2.75,2.7200000286102295,2.740000009536743,2.374168872833252,15404500
2019-10-31,2.75,2.75,2.6700000762939453,2.7100000381469727,2.348174571990967,25067243
2019-11-01,2.7300000190734863,2.7699999809265137,2.700000047683716,2.75,2.3828344345092773,22933435
2019-11-04,2.7799999713897705,2.8499999046325684,2.7699999809265137,2.8299999237060547,2.4521524906158447,35770750
2019-11-05,2.8499999046325684,2.869999885559082,2.809999942779541,2.869999885559082,2.486812114715576,18617325
2019-11-06,2.8499999046325684,2.990000009536743,2.819999933242798,2.950000047683716,2.556131362915039,56052206
2019-11-07,2.9600000381469727,2.9800000190734863,2.9200000762939453,2.9600000381469727,2.564795970916748,26512690
2019-11-08,3.0,3.009999990463257,2.930000066757202,2.9600000381469727,2.564795970916748,30378516
2019-11-11,2.950000047683716,2.9600000381469727,2.880000114440918,2.950000047683716,2.556131362915039,33292788
2019-11-12,2.930000066757202,2.940000057220459,2.859999895095825,2.9000000953674316,2.5128071308135986,24661460
2019-11-13,2.9200000762939453,2.940000057220459,2.880000114440918,2.930000066757202,2.538801431655884,32554181
2019-11-14,2.950000047683716,2.950000047683716,2.8499999046325684,2.869999885559082,2.486812114715576,19260600
2019-11-15,2.9000000953674316,2.9000000953674316,2.799999952316284,2.8499999046325684,2.469482421875,21341870
2019-11-18,2.8499999046325684,2.859999895095825,2.7899999618530273,2.809999942779541,2.4348227977752686,18541698
2019-11-19,2.819999933242798,2.880000114440918,2.799999952316284,2.859999895095825,2.478147268295288,17744101
2019-11-20,2.859999895095825,2.9100000858306885,2.8299999237060547,2.880000114440918,2.4954771995544434,22738003
2019-11-21,2.869999885559082,2.880000114440918,2.809999942779541,2.859999895095825,2.478147268295288,16703000
2019-11-22,2.9000000953674316,2.9100000858306885,2.8399999141693115,2.880000114440918,2.4954771995544434,25560955
2019-11-25,2.9200000762939453,3.0299999713897705,2.880000114440918,2.990000009536743,2.5907907485961914,43921300
2019-11-26,3.009999990463257,3.0199999809265137,2.950000047683716,2.9700000286102295,2.573460817337036,32822486
2019-11-27,2.9800000190734863,3.009999990463257,2.950000047683716,2.9700000286102295,2.573460817337036,23829000
2019-11-28,2.950000047683716,2.9700000286102295,2.9100000858306885,2.9700000286102295,2.573460817337036,19027106
2019-11-29,2.940000057220459,2.950000047683716,2.880000114440918,2.930000066757202,2.538801431655884,12962238
2019-12-02,2.940000057220459,3.0299999713897705,2.9200000762939453,3.0199999809265137,2.6167850494384766,31019000
2019-12-03,3.0299999713897705,3.049999952316284,2.9700000286102295,3.0399999618530273,2.6341147422790527,27416152
2019-12-04,3.049999952316284,3.069999933242798,3.0,3.0299999713897705,2.6254501342773438,22759175
2019-12-05,3.0399999618530273,3.049999952316284,2.990000009536743,3.0199999809265137,2.6167850494384766,11745000
2019-12-06,3.009999990463257,3.0299999713897705,2.9800000190734863,3.0,2.5994553565979004,14639482
2019-12-09,3.0299999713897705,3.180000066757202,3.0199999809265137,3.119999885559082,2.7034335136413574,48396038
2019-12-10,3.180000066757202,3.2200000286102295,3.130000114440918,3.180000066757202,2.755422830581665,64416672
2019-12-11,3.200000047683716,3.2100000381469727,3.1700000762939453,3.180000066757202,2.755422830581665,39011262
2019-12-12,3.2200000286102295,3.299999952316284,3.2100000381469727,3.240000009536743,2.8074116706848145,57678582
2019-12-13,3.2799999713897705,3.3399999141693115,3.259999990463257,3.319999933242798,2.876730442047119,64610139
2019-12-16,3.3299999237060547,3.3299999237060547,3.2300000190734863,3.299999952316284,2.859400749206543,36314389
2019-12-17,3.299999952316284,3.319999933242798,3.2699999809265137,3.309999942779541,2.86806583404541,27973623
2019-12-18,3.309999942779541,3.319999933242798,3.259999990463257,3.299999952316284,2.859400749206543,29054366
2019-12-19,3.309999942779541,3.390000104904175,3.259999990463257,3.380000114440918,2.9287197589874268,47595887
2019-12-20,3.380000114440918,3.380000114440918,3.2699999809265137,3.2699999809265137,2.8334062099456787,41478342
2019-12-23,3.299999952316284,3.319999933242798,3.240000009536743,3.2799999713897705,2.8420708179473877,25517096
2019-12-24,3.2899999618530273,3.380000114440918,3.2699999809265137,3.309999942779541,2.86806583404541,16387750
2019-12-27,3.3399999141693115,3.7200000286102295,3.3399999141693115,3.7200000286102295,3.223324775695801,112150081
2019-12-30,3.7100000381469727,3.859999895095825,3.640000104904175,3.8399999141693115,3.3273024559020996,68914188
2019-12-31,3.799999952316284,3.890000104904175,3.7799999713897705,3.880000114440918,3.36196231842041,47657223
2020-01-02,3.9000000953674316,4.070000171661377,3.869999885559082,4.0,3.465940475463867,77579945
2020-01-03,4.03000020980835,4.079999923706055,3.950000047683716,4.050000190734863,3.509265184402466,52694697
2020-01-06,4.099999904632568,4.179999828338623,3.9200000762939453,4.099999904632568,3.552589178085327,74623378
2020-01-07,4.050000190734863,4.079999923706055,3.9800000190734863,4.019999980926514,3.4832699298858643,51924736
2020-01-08,4.079999923706055,4.190000057220459,4.010000228881836,4.079999923706055,3.535259485244751,60078213
2020-01-09,4.010000228881836,4.070000171661377,3.880000114440918,4.050000190734863,3.509265184402466,57081515
2020-01-10,4.059999942779541,4.059999942779541,3.880000114440918,3.950000047683716,3.4226162433624268,72645555
2020-01-13,3.990000009536743,4.019999980926514,3.930000066757202,4.0,3.465940475463867,28556689
2020-01-14,4.0,4.150000095367432,3.9600000381469727,4.079999923706055,3.535259485244751,44605940
2020-01-15,4.099999904632568,4.099999904632568,3.890000104904175,3.930000066757202,3.4052865505218506,33506766
2020-01-16,3.940000057220459,3.990000009536743,3.809999942779541,3.880000114440918,3.36196231842041,55740481
2020-01-17,3.880000114440918,3.940000057220459,3.859999895095825,3.940000057220459,3.4139511585235596,21044521
2020-01-20,3.950000047683716,3.9800000190734863,3.9100000858306885,3.930000066757202,3.4052865505218506,10826015
2020-01-21,3.930000066757202,3.930000066757202,3.75,3.8299999237060547,3.3186378479003906,36135500
2020-01-22,3.799999952316284,3.869999885559082,3.700000047683716,3.8499999046325684,3.335967779159546,17852800
2020-01-23,3.799999952316284,3.8499999046325684,3.6500000953674316,3.740000009536743,3.240654230117798,23415600
2020-01-24,3.740000009536743,3.7799999713897705,3.6700000762939453,3.7799999713897705,3.2753138542175293,5511521
2020-01-29,3.5799999237060547,3.6500000953674316,3.549999952316284,3.5899999141693115,3.1106815338134766,22171119
2020-01-30,3.569999933242798,3.6600000858306885,3.430000066757202,3.4600000381469727,2.9980387687683105,37639721
2020-01-31,3.430000066757202,3.5299999713897705,3.4000000953674316,3.4100000858306885,2.95471453666687,29398059
2020-02-03,3.3499999046325684,3.4000000953674316,3.240000009536743,3.2899999618530273,2.850736141204834,82703777
2020-02-04,3.319999933242798,3.450000047683716,3.2899999618530273,3.4100000858306885,2.95471453666687,50985834
2020-02-05,3.4800000190734863,3.4800000190734863,3.390000104904175,3.4100000858306885,2.95471453666687,36274250
2020-02-06,3.4600000381469727,3.5999999046325684,3.4000000953674316,3.5199999809265137,3.05002760887146,53146989
2020-02-07,3.5199999809265137,3.549999952316284,3.440000057220459,3.5399999618530273,3.067357301712036,24461676
2020-02-10,3.5199999809265137,3.559999942779541,3.440000057220459,3.5299999713897705,3.058692455291748,19204411
2020-02-11,3.5199999809265137,3.6600000858306885,3.5199999809265137,3.630000114440918,3.145341396331787,41897250
2020-02-12,3.6600000858306885,3.7200000286102295,3.619999885559082,3.690000057220459,3.1973299980163574,52371944
2020-02-13,3.7200000286102295,3.7799999713897705,3.690000057220459,3.7300000190734863,3.2319893836975098,44503170
2020-02-14,3.759999990463257,3.880000114440918,3.7100000381469727,3.8299999237060547,3.3186378479003906,58843000
2020-02-17,3.880000114440918,3.9200000762939453,3.799999952316284,3.890000104904175,3.3706274032592773,40683000
2020-02-18,3.890000104904175,3.930000066757202,3.75,3.8299999237060547,3.3186378479003906,38221250
2020-02-19,3.859999895095825,3.940000057220459,3.7899999618530273,3.9000000953674316,3.3792922496795654,41532782
2020-02-20,3.859999895095825,3.9200000762939453,3.809999942779541,3.8299999237060547,3.3186378479003906,28038200
2020-02-21,3.8499999046325684,3.9700000286102295,3.8499999046325684,3.880000114440918,3.36196231842041,43662256
2020-02-24,3.950000047683716,4.0,3.799999952316284,3.8499999046325684,3.335967779159546,41660326
2020-02-25,3.819999933242798,3.819999933242798,3.6600000858306885,3.6700000762939453,3.1800007820129395,48552786
2020-02-26,3.5999999046325684,3.690000057220459,3.559999942779541,3.640000104904175,3.154006004333496,36847620
2020-02-27,3.5999999046325684,3.700000047683716,3.5999999046325684,3.6600000858306885,3.171335458755493,23564979
2020-02-28,3.5999999046325684,3.5999999046325684,3.4700000286102295,3.5,3.0326976776123047,46861658
2020-03-02,3.4600000381469727,3.569999933242798,3.4000000953674316,3.5199999809265137,3.05002760887146,46650574
2020-03-03,3.569999933242798,3.640000104904175,3.509999990463257,3.509999990463257,3.0413625240325928,27823790
2020-03-04,3.5799999237060547,3.6600000858306885,3.5199999809265137,3.549999952316284,3.076022148132324,33441484
2020-03-05,3.549999952316284,3.559999942779541,3.450000047683716,3.5,3.0326976776123047,39147134
2020-03-06,3.5399999618530273,3.569999933242798,3.4600000381469727,3.4700000286102295,3.0067033767700195,24847139
2020-03-09,3.4000000953674316,3.4700000286102295,3.309999942779541,3.309999942779541,2.86806583404541,33331000
2020-03-10,3.299999952316284,3.3399999141693115,3.2200000286102295,3.2699999809265137,2.8334062099456787,38244216
2020-03-11,3.2799999713897705,3.319999933242798,3.2200000286102295,3.259999990463257,2.8247413635253906,27702422
2020-03-12,3.1500000953674316,3.1600000858306885,3.0799999237060547,3.0799999237060547,2.668774127960205,55697437
2020-03-13,2.75,3.059999942779541,2.75,3.0299999713897705,2.6254501342773438,67925463
2020-03-16,2.880000114440918,2.9700000286102295,2.690000057220459,2.7300000190734863,2.365504503250122,84416610
2020-03-17,2.7200000286102295,2.799999952316284,2.559999942779541,2.609999895095825,2.261525869369507,84708082
2020-03-18,2.690000057220459,2.7100000381469727,2.4200000762939453,2.4600000381469727,2.1315534114837646,79828728
2020-03-19,2.4000000953674316,2.490000009536743,2.299999952316284,2.359999895095825,2.0449044704437256,84659046
2020-03-20,2.390000104904175,2.680000066757202,2.359999895095825,2.6600000858306885,2.3048503398895264,65718756
2020-03-23,2.5199999809265137,2.619999885559082,2.430000066757202,2.549999952316284,2.2095370292663574,68671768
2020-03-24,2.799999952316284,2.859999895095825,2.7200000286102295,2.75,2.3828344345092773,67635512
2020-03-25,2.9200000762939453,3.0199999809265137,2.8499999046325684,2.9200000762939453,2.5301365852355957,59368017
2020-03-26,2.930000066757202,2.9600000381469727,2.819999933242798,2.880000114440918,2.4954771995544434,40735911
2020-03-27,2.9600000381469727,2.9800000190734863,2.8399999141693115,2.859999895095825,2.478147268295288,36691684
2020-03-30,2.740000009536743,2.9600000381469727,2.740000009536743,2.890000104904175,2.5041420459747314,43487905
2020-03-31,2.869999885559082,2.9800000190734863,2.8399999141693115,2.9200000762939453,2.5301365852355957,45092257
2020-04-01,2.859999895095825,2.950000047683716,2.809999942779541,2.8499999046325684,2.469482421875,43339303
2020-04-02,2.8499999046325684,2.9200000762939453,2.809999942779541,2.9200000762939453,2.5301365852355957,10105279
2020-04-03,2.9200000762939453,2.9600000381469727,2.869999885559082,2.940000057220459,2.547466278076172,15123849
2020-04-06,2.940000057220459,2.9600000381469727,2.869999885559082,2.9200000762939453,2.5301365852355957,9382000
2020-04-07,3.069999933242798,3.1600000858306885,3.009999990463257,3.119999885559082,2.7034335136413574,86173907
2020-04-08,3.049999952316284,3.140000104904175,3.0199999809265137,3.059999942779541,2.651444435119629,22955918
2020-04-09,3.069999933242798,3.140000104904175,3.0399999618530273,3.119999885559082,2.7034335136413574,28051198
2020-04-14,3.359999895095825,3.4000000953674316,3.2100000381469727,3.2899999618530273,2.850736141204834,64767275
2020-04-15,3.309999942779541,3.4200000762939453,3.259999990463257,3.259999990463257,2.8247413635253906,61937218
2020-04-16,3.200000047683716,3.3499999046325684,3.200000047683716,3.319999933242798,2.876730442047119,39869927
2020-04-17,3.3499999046325684,3.380000114440918,3.259999990463257,3.299999952316284,2.859400749206543,82628360
2020-04-20,3.299999952316284,3.359999895095825,3.259999990463257,3.3299999237060547,2.885395050048828,30081989
2020-04-21,3.3399999141693115,3.369999885559082,3.25,3.3399999141693115,2.8940603733062744,39118810
2020-04-22,3.299999952316284,3.3399999141693115,3.2300000190734863,3.319999933242798,2.876730442047119,44169951
2020-04-23,3.4200000762939453,3.4600000381469727,3.3499999046325684,3.4200000762939453,2.963379144668579,55772465
2020-04-24,3.4200000762939453,3.5399999618530273,3.4100000858306885,3.4800000190734863,3.0153682231903076,46860951
2020-04-27,3.2699999809265137,3.3399999141693115,3.200000047683716,3.309999942779541,2.86806583404541,139181387
2020-04-28,3.299999952316284,3.309999942779541,3.180000066757202,3.200000047683716,2.772752523422241,35363675
2020-04-29,3.2200000286102295,3.2699999809265137,3.1700000762939453,3.200000047683716,2.772752523422241,23322842
2020-05-04,3.1600000858306885,3.1600000858306885,3.049999952316284,3.130000114440918,2.7120985984802246,34116984
2020-05-05,3.109999895095825,3.2799999713897705,3.109999895095825,3.259999990463257,2.8247413635253906,26493460
2020-05-06,3.25,3.319999933242798,3.2100000381469727,3.259999990463257,2.8247413635253906,29710000
2020-05-07,3.2300000190734863,3.2699999809265137,3.180000066757202,3.2100000381469727,2.7814176082611084,23319349
2020-05-08,3.25,3.319999933242798,3.25,3.319999933242798,2.876730442047119,22423449
2020-05-11,3.319999933242798,3.3399999141693115,3.259999990463257,3.259999990463257,2.8247413635253906,23767950
2020-05-12,3.25,3.2799999713897705,3.1600000858306885,3.1600000858306885,2.738093137741089,19438077
2020-05-13,3.1600000858306885,3.200000047683716,3.140000104904175,3.180000066757202,2.755422830581665,17660533
2020-05-14,3.190000057220459,3.2200000286102295,3.140000104904175,3.1700000762939453,2.746757745742798,33281443
2020-05-15,3.200000047683716,3.2899999618530273,3.200000047683716,3.240000009536743,2.8074116706848145,40246000
2020-05-18,3.309999942779541,3.440000057220459,3.309999942779541,3.4000000953674316,2.946049213409424,61883698
2020-05-19,3.430000066757202,3.440000057220459,3.359999895095825,3.369999885559082,2.9200546741485596,27023796
2020-05-20,3.430000066757202,3.490000009536743,3.4200000762939453,3.4600000381469727,2.9980387687683105,28644862
2020-05-21,3.490000009536743,3.5,3.2799999713897705,3.3299999237060547,2.885395050048828,35614507
2020-05-22,3.359999895095825,3.359999895095825,3.119999885559082,3.180000066757202,2.755422830581665,36134291
2020-05-25,3.180000066757202,3.190000057220459,3.0899999141693115,3.119999885559082,2.7034335136413574,25839769
2020-05-26,3.1500000953674316,3.200000047683716,3.140000104904175,3.1500000953674316,2.7294280529022217,14111750
2020-05-27,3.130000114440918,3.1600000858306885,3.049999952316284,3.0999999046325684,2.6861038208007812,34665312
2020-05-28,3.119999885559082,3.190000057220459,3.0899999141693115,3.1600000858306885,2.738093137741089,24485510
2020-05-29,3.190000057220459,3.190000057220459,3.059999942779541,3.0999999046325684,2.6861038208007812,32918262
2020-06-01,3.1600000858306885,3.2300000190734863,3.130000114440918,3.190000057220459,2.764087677001953,31830589
2020-06-02,3.2100000381469727,3.2699999809265137,3.0799999237060547,3.140000104904175,2.7207634449005127,42809500
2020-06-03,3.2699999809265137,3.2699999809265137,3.130000114440918,3.1700000762939453,2.746757745742798,30579749
2020-06-04,3.130000114440918,3.180000066757202,3.109999895095825,3.180000066757202,2.755422830581665,27988907
2020-06-05,3.180000066757202,3.190000057220459,3.0999999046325684,3.140000104904175,2.7207634449005127,21919060
2020-06-08,3.1500000953674316,3.2699999809265137,3.1500000953674316,3.259999990463257,2.8247413635253906,50110800
2020-06-09,3.3299999237060547,3.369999885559082,3.2699999809265137,3.3499999046325684,2.9027249813079834,39988145
2020-06-10,3.3299999237060547,3.390000104904175,3.240000009536743,3.3499999046325684,2.9027249813079834,34794236
2020-06-11,3.430000066757202,3.4800000190734863,3.359999895095825,3.4100000858306885,2.95471453666687,38044527
2020-06-12,3.299999952316284,3.359999895095825,3.2799999713897705,3.359999895095825,2.999346971511841,22656898
2020-06-15,3.3399999141693115,3.359999895095825,3.1700000762939453,3.2100000381469727,2.865447998046875,33047606
2020-06-16,3.1500000953674316,3.25,3.1500000953674316,3.180000066757202,2.938927412033081,23000403
2020-06-17,3.180000066757202,3.2100000381469727,3.109999895095825,3.190000057220459,2.948169708251953,28985411
2020-06-18,3.2100000381469727,3.380000114440918,3.1700000762939453,3.359999895095825,3.1052815914154053,50127283
2020-06-19,3.369999885559082,3.4100000858306885,3.299999952316284,3.3499999046325684,3.0960402488708496,56869465
2020-06-22,3.5,3.5199999809265137,3.359999895095825,3.4200000762939453,3.160733699798584,47067230
2020-06-23,3.440000057220459,3.490000009536743,3.390000104904175,3.4800000190734863,3.2161850929260254,27215710
2020-06-24,3.5199999809265137,3.630000114440918,3.509999990463257,3.509999990463257,3.243910789489746,31131301
2020-06-26,3.5199999809265137,3.630000114440918,3.490000009536743,3.5299999713897705,3.262394428253174,28189253
2020-06-29,3.5299999713897705,3.5799999237060547,3.450000047683716,3.5399999618530273,3.271636486053467,32772222
2020-06-30,3.5999999046325684,3.619999885559082,3.5199999809265137,3.609999895095825,3.336329936981201,33920421
2020-07-02,3.680000066757202,3.819999933242798,3.640000104904175,3.759999990463257,3.474958658218384,61302745
2020-07-03,3.7799999713897705,3.8499999046325684,3.7100000381469727,3.809999942779541,3.5211682319641113,43771400
2020-07-06,3.8499999046325684,4.25,3.809999942779541,4.230000019073486,3.909327983856201,119191908
2020-07-07,4.25,4.489999771118164,4.150000095367432,4.179999828338623,3.8631186485290527,110434203
2020-07-08,4.289999961853027,4.679999828338623,4.230000019073486,4.659999847412109,4.3067307472229,118593946
2020-07-09,4.71999979019165,5.079999923706055,4.71999979019165,4.929999828338623,4.556262016296387,139735098
2020-07-10,4.849999904632568,4.920000076293945,4.71999979019165,4.75,4.389907360076904,101179969
2020-07-13,4.809999942779541,5.090000152587891,4.809999942779541,5.0,4.620955944061279,143736202
2020-07-14,4.889999866485596,4.909999847412109,4.679999828338623,4.800000190734863,4.436117649078369,63976809
2020-07-15,4.860000133514404,4.940000057220459,4.590000152587891,4.699999809265137,4.343697547912598,53757659
2020-07-16,4.599999904632568,4.699999809265137,4.389999866485596,4.409999847412109,4.075682640075684,56338662
2020-07-17,4.440000057220459,4.579999923706055,4.409999847412109,4.53000020980835,4.186585426330566,42525687
2020-07-20,4.579999923706055,4.739999771118164,4.460000038146973,4.699999809265137,4.343697547912598,40762359
2020-07-21,4.75,4.860000133514404,4.659999847412109,4.75,4.389907360076904,38021924
2020-07-22,4.949999809265137,5.070000171661377,4.789999961853027,4.820000171661377,4.454600811004639,78700101
2020-07-23,5.010000228881836,5.010000228881836,4.670000076293945,4.829999923706055,4.463842868804932,61357981
2020-07-24,4.840000152587891,4.849999904632568,4.599999904632568,4.679999828338623,4.325213432312012,53140800
2020-07-27,4.800000190734863,5.050000190734863,4.71999979019165,5.0,4.620955944061279,117607256
2020-07-28,5.179999828338623,5.289999961853027,4.679999828338623,4.71999979019165,4.362182140350342,155687068
2020-07-29,4.789999961853027,4.820000171661377,4.610000133514404,4.75,4.389907360076904,79347237
2020-07-30,4.789999961853027,4.800000190734863,4.550000190734863,4.599999904632568,4.251278400421143,60892482
2020-07-31,4.550000190734863,4.909999847412109,4.550000190734863,4.809999942779541,4.445358753204346,76975300
2020-08-03,4.800000190734863,4.849999904632568,4.690000057220459,4.75,4.389907360076904,41837586
2020-08-04,4.699999809265137,4.800000190734863,4.659999847412109,4.75,4.389907360076904,46667427
2020-08-05,5.0,5.079999923706055,4.860000133514404,4.940000057220459,4.56550407409668,43631420
2020-08-06,5.019999980926514,5.28000020980835,5.0,5.260000228881836,4.861245155334473,141175064
2020-08-07,5.28000020980835,5.489999771118164,5.170000076293945,5.449999809265137,5.03684139251709,120542394
2020-08-10,5.25,5.289999961853027,5.0,5.150000095367432,4.759584426879883,63156350
2020-08-11,5.139999866485596,5.139999866485596,4.880000114440918,4.909999847412109,4.537777423858643,66726459
2020-08-12,4.75,4.75,4.300000190734863,4.599999904632568,4.251278400421143,178961184
2020-08-13,4.630000114440918,4.730000019073486,4.46999979019165,4.579999923706055,4.232795238494873,64164262
2020-08-14,4.619999885559082,4.690000057220459,4.550000190734863,4.630000114440918,4.27900505065918,39472389
2020-08-17,4.670000076293945,4.849999904632568,4.630000114440918,4.829999923706055,4.463842868804932,48466491
2020-08-18,4.960000038146973,5.159999847412109,4.929999828338623,5.159999847412109,4.768825531005859,80794560
2020-08-19,5.099999904632568,5.199999809265137,5.0,5.090000152587891,4.7041335105896,30854500
2020-08-20,4.900000095367432,5.170000076293945,4.820000171661377,5.079999923706055,4.69489049911499,48175483
2020-08-21,5.139999866485596,5.190000057220459,4.949999809265137,4.989999771118164,4.611713409423828,32858647
2020-08-24,5.03000020980835,5.300000190734863,5.010000228881836,5.210000038146973,4.815035343170166,87290289
2020-08-25,5.199999809265137,5.329999923706055,5.099999904632568,5.320000171661377,4.916697025299072,46999620
2020-08-26,5.269999980926514,5.300000190734863,5.119999885559082,5.190000057220459,4.796551704406738,35388485
2020-08-27,5.300000190734863,5.349999904632568,5.170000076293945,5.25,4.85200309753418,27555619
2020-08-28,5.25,5.269999980926514,5.110000133514404,5.199999809265137,4.805793285369873,36021309
2020-08-31,5.389999866485596,5.690000057220459,5.25,5.289999961853027,4.888971328735352,126122604
2020-09-01,5.489999771118164,5.610000133514404,5.320000171661377,5.610000133514404,5.1847124099731445,82643630
2020-09-02,5.590000152587891,5.710000038146973,5.5,5.690000057220459,5.258647441864014,62589951
2020-09-03,5.699999809265137,5.900000095367432,5.570000171661377,5.800000190734863,5.360308647155762,91971145
2020-09-04,5.800000190734863,5.849999904632568,5.559999942779541,5.75,5.314099311828613,68562876
2020-09-07,5.75,6.0,5.730000019073486,5.75,5.314099311828613,88284892
2020-09-08,5.800000190734863,5.800000190734863,5.329999923706055,5.409999847412109,4.999873161315918,79459554
2020-09-09,5.429999828338623,5.53000020980835,5.159999847412109,5.21999979019165,4.824277400970459,67180814
2020-09-10,5.400000095367432,5.71999979019165,5.309999942779541,5.5,5.0830512046813965,79412580
2020-09-11,5.570000171661377,5.570000171661377,5.28000020980835,5.400000095367432,4.990631580352783,33295641
2020-09-14,5.449999809265137,5.730000019073486,5.389999866485596,5.590000152587891,5.166228294372559,43485052
2020-09-15,5.710000038146973,5.75,5.599999904632568,5.650000095367432,5.2216796875,26716373
2020-09-16,5.78000020980835,5.78000020980835,5.53000020980835,5.639999866485596,5.212437629699707,36873380
2020-09-17,5.599999904632568,5.670000076293945,5.420000076293945,5.570000171661377,5.147744655609131,30165000
2020-09-18,5.699999809265137,5.909999847412109,5.53000020980835,5.909999847412109,5.461968898773193,61269297
2020-09-21,5.900000095367432,5.96999979019165,5.75,5.800000190734863,5.360308647155762,50079792
2020-09-22,5.579999923706055,5.690000057220459,5.429999828338623,5.429999828338623,5.018356800079346,64674630
2020-09-23,5.480000019073486,5.539999961853027,5.269999980926514,5.349999904632568,4.944422245025635,36376848
2020-09-24,5.199999809265137,5.25,4.889999866485596,4.889999866485596,4.519294261932373,90230844
2020-09-25,5.0,5.079999923706055,4.900000095367432,4.949999809265137,4.5747456550598145,45334950
2020-09-28,5.019999980926514,5.070000171661377,4.849999904632568,4.920000076293945,4.547020435333252,24473331
2020-09-29,5.070000171661377,5.099999904632568,4.909999847412109,4.920000076293945,4.547020435333252,18927448
2020-09-30,5.0,5.039999961853027,4.820000171661377,4.900000095367432,4.528536319732666,26947232
2020-10-05,4.929999828338623,4.940000057220459,4.809999942779541,4.869999885559082,4.5008111000061035,12055186
2020-10-06,4.880000114440918,5.179999828338623,4.880000114440918,5.170000076293945,4.778067588806152,27588764
2020-10-07,5.070000171661377,5.159999847412109,4.949999809265137,5.159999847412109,4.768825531005859,24070332
2020-10-08,5.190000057220459,5.21999979019165,4.980000019073486,5.21999979019165,4.824277400970459,34339119
2020-10-09,5.199999809265137,5.380000114440918,5.179999828338623,5.230000019073486,4.83351993560791,50366017
2020-10-12,5.28000020980835,5.5,5.230000019073486,5.440000057220459,5.027600288391113,44205583
2020-10-14,5.269999980926514,5.46999979019165,5.260000228881836,5.46999979019165,5.055325031280518,30702499
2020-10-15,5.46999979019165,5.590000152587891,5.369999885559082,5.519999980926514,5.101534843444824,38700105
2020-10-16,5.599999904632568,5.679999828338623,5.579999923706055,5.610000133514404,5.1847124099731445,32325229
2020-10-19,5.599999904632568,5.75,5.510000228881836,5.510000228881836,5.092292785644531,47951214
2020-10-20,5.670000076293945,5.75,5.46999979019165,5.659999847412109,5.230920791625977,52195183
2020-10-21,5.860000133514404,5.909999847412109,5.809999942779541,5.860000133514404,5.415759563446045,40049231
2020-10-22,5.849999904632568,5.949999809265137,5.71999979019165,5.920000076293945,5.4712114334106445,35598135
2020-10-23,5.800000190734863,5.889999866485596,5.75,5.800000190734863,5.360308647155762,21501918
2020-10-27,5.849999904632568,5.900000095367432,5.75,5.829999923706055,5.388033866882324,26994198
2020-10-28,5.840000152587891,6.0,5.739999771118164,5.800000190734863,5.360308647155762,49439797
2020-10-29,5.639999866485596,5.800000190734863,5.599999904632568,5.760000228881836,5.323340892791748,25807366
2020-10-30,5.760000228881836,5.900000095367432,5.579999923706055,5.610000133514404,5.1847124099731445,37228488
2020-11-02,5.610000133514404,6.070000171661377,5.610000133514404,6.050000190734863,5.59135627746582,55740531
2020-11-03,5.949999809265137,6.429999828338623,5.949999809265137,6.210000038146973,5.739226341247559,68246132
2020-11-04,6.210000038146973,6.380000114440918,6.150000095367432,6.25,5.776194095611572,40397968
2020-11-05,6.329999923706055,6.380000114440918,6.130000114440918,6.260000228881836,5.785436153411865,47894609
2020-11-06,6.380000114440918,6.789999961853027,6.369999885559082,6.679999828338623,6.173595905303955,74531364
2020-11-09,6.760000228881836,6.980000019073486,6.670000076293945,6.900000095367432,6.376918792724609,53860914
2020-11-10,6.630000114440918,6.710000038146973,6.460000038146973,6.599999904632568,6.099660873413086,79999786
2020-11-11,6.559999942779541,6.599999904632568,6.329999923706055,6.449999809265137,5.961032390594482,55056521
2020-11-12,6.420000076293945,6.800000190734863,6.349999904632568,6.760000228881836,6.247531890869141,60001113
2020-11-13,6.840000152587891,6.840000152587891,6.5,6.579999923706055,6.0811767578125,47274332
2020-11-16,6.659999847412109,7.230000019073486,6.579999923706055,7.199999809265137,6.654175758361816,85754752
2020-11-17,7.199999809265137,7.309999942779541,7.059999942779541,7.110000133514404,6.570998668670654,57810299
2020-11-18,7.099999904632568,7.559999942779541,7.099999904632568,7.400000095367432,6.839013576507568,84474177
2020-11-19,7.400000095367432,7.400000095367432,7.190000057220459,7.230000019073486,6.681901454925537,46050759
2020-11-20,7.309999942779541,7.639999866485596,7.25,7.619999885559082,7.042336463928223,83596357
2020-11-23,7.710000038146973,8.180000305175781,7.639999866485596,8.039999961853027,7.430496692657471,105927092
2020-11-24,7.900000095367432,7.900000095367432,7.579999923706055,7.789999961853027,7.199448585510254,88065816
2020-11-25,7.840000152587891,8.119999885559082,7.130000114440918,7.289999961853027,6.7373528480529785,112356100
2020-11-26,7.420000076293945,7.710000038146973,7.309999942779541,7.639999866485596,7.060819625854492,58468866
2020-11-27,7.639999866485596,7.75,7.380000114440918,7.550000190734863,6.977643013000488,43694216
2020-11-30,7.579999923706055,8.0,7.389999866485596,7.730000019073486,7.1439971923828125,100062706
2020-12-01,7.730000019073486,7.920000076293945,7.659999847412109,7.840000152587891,7.2456583976745605,40044740
2020-12-02,8.010000228881836,8.25,7.769999980926514,7.860000133514404,7.26414155960083,52950462
2020-12-03,7.980000019073486,7.980000019073486,7.380000114440918,7.550000190734863,6.977643013000488,74357469
2020-12-04,7.579999923706055,7.809999942779541,7.550000190734863,7.75,7.162480354309082,42945350
2020-12-07,7.789999961853027,7.820000171661377,7.440000057220459,7.539999961853027,6.968400478363037,33672962
2020-12-08,7.599999904632568,7.730000019073486,7.5,7.590000152587891,7.014610767364502,25885294
2020-12-09,7.630000114440918,7.730000019073486,7.409999847412109,7.420000076293945,6.8574981689453125,29201569
2020-12-10,7.349999904632568,7.400000095367432,6.940000057220459,7.309999942779541,6.7558369636535645,32398000
2020-12-11,7.5,7.579999923706055,7.090000152587891,7.130000114440918,6.589482307434082,52938488
2020-12-14,7.159999847412109,7.389999866485596,6.940000057220459,7.320000171661377,6.765079021453857,39963014
2020-12-15,7.159999847412109,7.300000190734863,7.050000190734863,7.159999847412109,6.617208003997803,37794917
2020-12-16,7.289999961853027,7.349999904632568,7.130000114440918,7.289999961853027,6.7373528480529785,30898562
2020-12-17,7.340000152587891,7.789999961853027,7.239999771118164,7.769999980926514,7.180964469909668,56472168
2020-12-18,7.800000190734863,8.329999923706055,7.800000190734863,8.199999809265137,7.578366756439209,132558193
2020-12-21,8.279999732971191,8.550000190734863,8.15999984741211,8.460000038146973,7.818655967712402,66379970
2020-12-22,8.300000190734863,8.300000190734863,7.940000057220459,8.09000015258789,7.476706504821777,76330994
2020-12-23,7.989999771118164,8.109999656677246,7.78000020980835,8.079999923706055,7.467463493347168,36359214
2020-12-24,8.199999809265137,8.199999809265137,8.199999809265137,8.199999809265137,7.578366756439209,0
2020-12-28,8.319999694824219,8.890000343322754,8.319999694824219,8.649999618530273,7.9942522048950195,47130612
2020-12-29,8.649999618530273,8.75,8.300000190734863,8.40999984741211,7.772447109222412,36009394
2020-12-30,8.390000343322754,8.600000381469727,8.289999961853027,8.59000015258789,7.938801288604736,28959381
2020-12-31,8.770000457763672,8.770000457763672,8.770000457763672,8.770000457763672,8.105154991149902,0
2021-01-04,8.770000457763672,9.569999694824219,8.720000267028809,9.5,8.779814720153809,73041800
2021-01-05,9.399999618530273,9.760000228881836,9.279999732971191,9.430000305175781,8.715123176574707,50062025
2021-01-06,9.6899995803833,9.899999618530273,9.449999809265137,9.59000015258789,8.862992286682129,47419527
2021-01-07,9.649999618530273,10.15999984741211,9.350000381469727,9.949999809265137,9.195701599121094,66255472
2021-01-08,10.0,10.180000305175781,9.550000190734863,9.75,9.010863304138184,65249182
2021-01-11,9.520000457763672,9.859999656677246,9.09000015258789,9.3100004196167,8.604220390319824,94107964
2021-01-12,8.930000305175781,9.369999885559082,8.899999618530273,9.1899995803833,8.493315696716309,99043492
2021-01-13,9.229999542236328,9.6899995803833,8.899999618530273,9.050000190734863,8.363929748535156,77538841
2021-01-14,9.020000457763672,9.100000381469727,8.789999961853027,8.949999809265137,8.271509170532227,47901005
2021-01-15,9.109999656677246,9.25,8.789999961853027,9.239999771118164,8.539525985717773,61883085
2021-01-18,9.029999732971191,9.329999923706055,8.670000076293945,9.300000190734863,8.594977378845215,48459680
2021-01-19,9.449999809265137,9.6899995803833,9.050000190734863,9.260000228881836,8.55801010131836,50784065
2021-01-20,9.170000076293945,9.899999618530273,9.170000076293945,9.819999694824219,9.075554847717285,73142905
2021-01-21,9.920000076293945,10.420000076293945,9.819999694824219,10.020000457763672,9.260395050048828,72497884
2021-01-22,9.920000076293945,10.319999694824219,9.579999923706055,9.619999885559082,8.890717506408691,51739327
2021-01-25,9.619999885559082,10.199999809265137,9.399999618530273,10.039999961853027,9.278879165649414,55158198
2021-01-26,9.859999656677246,10.220000267028809,9.630000114440918,9.800000190734863,9.057072639465332,77033362
2021-01-27,9.90999984741211,9.90999984741211,9.260000228881836,9.539999961853027,8.816783905029297,58844548
2021-01-28,9.119999885559082,9.449999809265137,8.65999984741211,8.75,8.086670875549316,90700921
2021-01-29,9.020000457763672,9.3100004196167,8.470000267028809,8.640000343322754,7.985011577606201,84094320
2021-02-01,9.029999732971191,9.920000076293945,8.84000015258789,9.880000114440918,9.13100814819336,103797094
2021-02-02,9.970000267028809,10.399999618530273,9.75,10.100000381469727,9.334329605102539,69676725
2021-02-03,10.0,10.079999923706055,9.710000038146973,9.90999984741211,9.158732414245605,33082920
2021-02-04,9.90999984741211,9.90999984741211,9.289999961853027,9.489999771118164,8.770573616027832,45041562
2021-02-05,9.3100004196167,9.550000190734863,9.010000228881836,9.229999542236328,8.530282974243164,50965833
2021-02-08,9.489999771118164,10.199999809265137,9.470000267028809,10.039999961853027,9.278879165649414,62769822
2021-02-09,10.039999961853027,10.779999732971191,10.039999961853027,10.720000267028809,9.907328605651855,41363924
2021-02-10,10.760000228881836,11.5,10.65999984741211,11.479999542236328,10.609712600708008,52810545
2021-02-11,11.34000015258789,11.34000015258789,11.34000015258789,11.34000015258789,10.480326652526855,0
2021-02-16,11.720000267028809,13.579999923706055,11.720000267028809,13.359999656677246,12.34719181060791,72764664
2021-02-17,12.899999618530273,14.260000228881836,12.899999618530273,13.800000190734863,12.753837585449219,85718417
2021-02-18,13.600000381469727,15.0,13.600000381469727,13.680000305175781,12.642934799194336,202574932
2021-02-19,14.119999885559082,14.180000305175781,12.65999984741211,14.0,12.938675880432129,137266179
2021-02-22,15.380000114440918,16.239999771118164,14.319999694824219,14.579999923706055,13.474705696105957,230058453
2021-02-23,14.600000381469727,14.880000114440918,13.600000381469727,13.819999694824219,12.772320747375488,139862143
2021-02-24,14.0,14.5,12.0600004196167,12.460000038146973,11.515419960021973,191949786
2021-02-25,13.420000076293945,13.579999923706055,12.680000305175781,12.960000038146973,11.977516174316406,113371052
2021-02-26,12.0600004196167,12.460000038146973,11.239999771118164,11.5,10.628198623657227,213226265
2021-03-01,11.699999809265137,11.979999542236328,11.260000228881836,11.720000267028809,10.83151912689209,131854485
2021-03-02,12.0,12.0,11.0,11.140000343322754,10.295489311218262,125106595
2021-03-03,11.5,12.359999656677246,11.239999771118164,12.319999694824219,11.386033058166504,146729694
2021-03-04,11.899999618530273,11.960000038146973,10.619999885559082,10.720000267028809,9.907328605651855,145506288
2021-03-05,10.119999885559082,10.699999809265137,9.680000305175781,10.420000076293945,9.630070686340332,205199767
2021-03-08,10.920000076293945,11.100000381469727,9.869999885559082,9.979999542236328,9.223426818847656,120961305
2021-03-09,10.300000190734863,10.880000114440918,9.600000381469727,10.399999618530273,9.611586570739746,160576347
2021-03-10,10.84000015258789,10.84000015258789,10.239999771118164,10.4399995803833,9.648554801940918,85708192
2021-03-11,10.760000228881836,11.760000228881836,10.5600004196167,11.739999771118164,10.850003242492676,115758721
2021-03-12,12.0,12.100000381469727,10.819999694824219,10.899999618530273,10.07368278503418,86784299
2021-03-15,11.15999984741211,11.479999542236328,10.5600004196167,10.739999771118164,9.925811767578125,86738555
2021-03-16,10.979999542236328,11.100000381469727,10.420000076293945,11.100000381469727,10.25852108001709,56282681
2021-03-17,10.819999694824219,11.100000381469727,10.600000381469727,11.100000381469727,10.25852108001709,52078978
2021-03-18,11.579999923706055,11.739999771118164,11.100000381469727,11.180000305175781,10.332456588745117,57921829
2021-03-19,11.0,11.0,10.4399995803833,10.699999809265137,9.88884449005127,76192593
2021-03-22,10.5,10.779999732971191,10.319999694824219,10.680000305175781,9.870361328125,70312526
2021-03-23,10.819999694824219,10.84000015258789,9.979999542236328,10.0600004196167,9.297362327575684,65518257
2021-03-24,9.800000190734863,9.979999542236328,9.010000228881836,9.25,8.548768043518066,123158326
2021-03-25,9.329999923706055,9.779999732971191,9.109999656677246,9.569999694824219,8.844508171081543,75887791
2021-03-26,9.529999732971191,9.949999809265137,9.449999809265137,9.6899995803833,8.955410957336426,62907807
2021-03-29,9.859999656677246,10.0600004196167,9.600000381469727,9.770000457763672,9.02934741973877,42258103
2021-03-30,9.6899995803833,9.949999809265137,9.520000457763672,9.890000343322754,9.140250205993652,43352501
2021-03-31,9.859999656677246,9.859999656677246,9.3100004196167,9.5600004196167,8.835267066955566,66332090
2021-04-01,9.6899995803833,9.9399995803833,9.520000457763672,9.84000015258789,9.094040870666504,48412298
2021-04-07,10.119999885559082,10.220000267028809,9.859999656677246,10.140000343322754,9.371297836303711,66223154
2021-04-08,10.140000343322754,10.619999885559082,10.0600004196167,10.479999542236328,9.68552303314209,72006420
2021-04-09,10.680000305175781,10.680000305175781,10.260000228881836,10.4399995803833,9.648554801940918,50011007
2021-04-12,10.520000457763672,10.520000457763672,9.569999694824219,9.619999885559082,8.890717506408691,62348807
2021-04-13,9.449999809265137,9.819999694824219,9.449999809265137,9.619999885559082,8.890717506408691,35011986
2021-04-14,9.75,10.300000190734863,9.75,10.239999771118164,9.463716506958008,55762797
2021-04-15,10.359999656677246,10.640000343322754,10.0,10.640000343322754,9.833394050598145,64550692
2021-04-16,10.899999618530273,11.260000228881836,10.479999542236328,10.640000343322754,9.833394050598145,91645915
2021-04-19,10.800000190734863,11.15999984741211,10.399999618530273,11.0600004196167,10.221553802490234,70584779
2021-04-20,11.0600004196167,11.180000305175781,10.720000267028809,11.0600004196167,10.221553802490234,46812645
2021-04-21,10.800000190734863,11.0,10.479999542236328,10.920000076293945,10.092167854309082,51295025
2021-04-22,11.15999984741211,11.260000228881836,10.760000228881836,10.979999542236328,10.147618293762207,54513297
2021-04-23,10.9399995803833,11.260000228881836,10.699999809265137,11.260000228881836,10.406390190124512,47153941
2021-04-26,11.479999542236328,11.819999694824219,11.34000015258789,11.479999542236328,10.609712600708008,90204447
2021-04-27,11.880000114440918,11.880000114440918,11.359999656677246,11.539999961853027,10.66516399383545,66737019
2021-04-28,11.5,11.5,11.039999961853027,11.15999984741211,10.313972473144531,59506851
2021-04-29,11.300000190734863,11.720000267028809,11.140000343322754,11.640000343322754,10.757585525512695,61948394
2021-04-30,11.399999618530273,11.579999923706055,10.920000076293945,10.9399995803833,10.110650062561035,65037444
2021-05-03,10.9399995803833,11.020000457763672,10.5600004196167,10.819999694824219,9.999746322631836,21516833
2021-05-04,11.020000457763672,12.380000114440918,11.020000457763672,12.180000305175781,11.256647109985352,91890338
2021-05-05,12.100000381469727,12.539999961853027,11.859999656677246,12.15999984741211,11.238162994384766,49085890
2021-05-06,12.039999961853027,12.239999771118164,11.680000305175781,12.079999923706055,11.164229393005371,84177071
2021-05-07,12.4399995803833,12.680000305175781,12.079999923706055,12.300000190734863,11.367549896240234,137955504
2021-05-10,12.800000190734863,13.300000190734863,12.699999809265137,13.300000190734863,12.291741371154785,188944254
2021-05-11,12.899999618530273,12.920000076293945,11.899999618530273,12.279999732971191,11.349066734313965,160397250
2021-05-12,12.319999694824219,12.5600004196167,12.100000381469727,12.520000457763672,11.57087230682373,63337806
2021-05-13,11.9399995803833,12.15999984741211,11.600000381469727,11.619999885559082,10.739100456237793,121228222
2021-05-14,11.899999618530273,11.899999618530273,11.34000015258789,11.699999809265137,10.81303596496582,76474314
2021-05-17,11.979999542236328,12.380000114440918,11.800000190734863,12.319999694824219,11.386033058166504,90112327
2021-05-18,12.619999885559082,12.800000190734863,12.380000114440918,12.460000038146973,11.515419960021973,58390598
2021-05-20,11.600000381469727,11.760000228881836,11.15999984741211,11.760000228881836,10.868486404418945,96719377
2021-05-21,11.640000343322754,11.779999732971191,11.359999656677246,11.479999542236328,10.609712600708008,55174996
2021-05-24,11.34000015258789,11.600000381469727,11.020000457763672,11.100000381469727,10.25852108001709,73663624
2021-05-25,11.199999809265137,11.640000343322754,11.100000381469727,11.579999923706055,10.702133178710938,38029984
2021-05-26,11.680000305175781,11.920000076293945,11.479999542236328,11.800000190734863,10.905454635620117,45335529
2021-05-27,11.899999618530273,12.039999961853027,11.680000305175781,11.760000228881836,10.868486404418945,59120769
2021-05-28,12.0600004196167,12.4399995803833,11.920000076293945,12.020000457763672,11.108777046203613,62203740
2021-05-31,12.300000190734863,12.300000190734863,11.859999656677246,12.180000305175781,11.256647109985352,39651720
2021-06-01,12.199999809265137,12.399999618530273,11.960000038146973,12.34000015258789,11.404519081115723,42863646
2021-06-02,12.34000015258789,12.359999656677246,11.819999694824219,11.9399995803833,11.034841537475586,32032160
2021-06-03,11.979999542236328,12.100000381469727,11.779999732971191,11.84000015258789,10.942422866821289,22953111
2021-06-04,11.279999732971191,11.479999542236328,10.920000076293945,11.220000267028809,10.498035430908203,73253066
2021-06-07,11.4399995803833,11.739999771118164,11.220000267028809,11.520000457763672,10.778732299804688,32819605
2021-06-08,11.5600004196167,11.720000267028809,11.300000190734863,11.319999694824219,10.591599464416504,26407022
2021-06-09,11.319999694824219,11.5600004196167,11.199999809265137,11.5,10.760018348693848,26049781
2021-06-10,11.5,11.65999984741211,11.199999809265137,11.300000190734863,10.572888374328613,38670418
2021-06-11,11.380000114440918,11.600000381469727,11.140000343322754,11.5,10.760018348693848,31953344
2021-06-15,11.5,11.5,10.739999771118164,10.979999542236328,10.273478507995605,63171005
2021-06-16,10.880000114440918,10.880000114440918,9.869999885559082,9.989999771118164,9.347180366516113,150274630
2021-06-17,9.829999923706055,10.34000015258789,9.720000267028809,10.119999885559082,9.468815803527832,79617188
2021-06-18,9.720000267028809,10.020000457763672,9.619999885559082,9.949999809265137,9.309755325317383,120092097
2021-06-21,9.579999923706055,10.0,9.5600004196167,9.890000343322754,9.253616333007812,60514413
2021-06-22,10.079999923706055,10.300000190734863,9.930000305175781,10.239999771118164,9.581093788146973,82792313
2021-06-23,10.319999694824219,10.420000076293945,10.079999923706055,10.34000015258789,9.674660682678223,47328780
2021-06-24,10.460000038146973,10.460000038146973,10.100000381469727,10.260000228881836,9.599807739257812,51670174
2021-06-25,10.279999732971191,10.880000114440918,10.220000267028809,10.859999656677246,10.161199569702148,76315778
2021-06-28,10.979999542236328,11.0,10.399999618530273,10.5,9.824363708496094,51606308
2021-06-29,10.579999923706055,10.579999923706055,10.220000267028809,10.34000015258789,9.674660682678223,64947355
2021-06-30,10.380000114440918,10.520000457763672,10.300000190734863,10.4399995803833,9.76822566986084,40107398
2021-07-02,10.699999809265137,10.699999809265137,10.279999732971191,10.460000038146973,9.786938667297363,55062326
2021-07-05,10.600000381469727,10.800000190734863,10.460000038146973,10.680000305175781,9.992781639099121,39496680
2021-07-06,10.859999656677246,10.859999656677246,10.359999656677246,10.65999984741211,9.974068641662598,29697613
2021-07-07,10.319999694824219,10.779999732971191,10.319999694824219,10.779999732971191,10.086347579956055,33265267
2021-07-08,10.800000190734863,10.800000190734863,10.119999885559082,10.300000190734863,9.63723373413086,53107572
2021-07-09,10.34000015258789,10.760000228881836,10.119999885559082,10.619999885559082,9.936644554138184,56712474
2021-07-12,10.880000114440918,11.359999656677246,10.819999694824219,10.880000114440918,10.179913520812988,51016569
2021-07-13,10.9399995803833,11.100000381469727,10.760000228881836,10.859999656677246,10.161199569702148,42711599
2021-07-14,10.859999656677246,10.859999656677246,10.399999618530273,10.539999961853027,9.861790657043457,40955374
2021-07-15,10.539999961853027,10.880000114440918,10.319999694824219,10.84000015258789,10.142487525939941,45994194
2021-07-16,10.84000015258789,10.979999542236328,10.680000305175781,10.84000015258789,10.142487525939941,35796479
2021-07-19,10.779999732971191,10.920000076293945,10.539999961853027,10.640000343322754,9.955357551574707,26732521
2021-07-20,10.300000190734863,10.479999542236328,9.90999984741211,10.119999885559082,9.468815803527832,76271928
2021-07-21,10.180000305175781,10.319999694824219,10.020000457763672,10.199999809265137,9.543668746948242,27395026
2021-07-22,10.380000114440918,10.539999961853027,10.15999984741211,10.4399995803833,9.76822566986084,36048942
2021-07-23,10.479999542236328,11.100000381469727,10.479999542236328,10.579999923706055,9.899216651916504,65168568
2021-07-26,10.880000114440918,11.0600004196167,10.420000076293945,10.5,9.824363708496094,61761772
2021-07-27,10.800000190734863,11.65999984741211,10.520000457763672,11.0,10.292192459106445,150813813
2021-07-28,11.020000457763672,11.119999885559082,10.239999771118164,10.460000038146973,9.786938667297363,88731100
2021-07-29,10.680000305175781,10.899999618530273,10.479999542236328,10.899999618530273,10.198627471923828,63737241
2021-07-30,11.020000457763672,11.199999809265137,10.699999809265137,11.020000457763672,10.310904502868652,44990248
2021-08-02,11.279999732971191,11.800000190734863,10.899999618530273,11.699999809265137,10.947148323059082,85394924
2021-08-03,11.779999732971191,11.779999732971191,11.15999984741211,11.34000015258789,10.61031436920166,44924322
2021-08-04,11.359999656677246,11.5,11.100000381469727,11.380000114440918,10.64773941040039,25032749
2021-08-05,11.220000267028809,11.279999732971191,11.0,11.0600004196167,10.348331451416016,23849849
2021-08-06,11.279999732971191,11.539999961853027,11.039999961853027,11.460000038146973,10.7225923538208,38036271
2021-08-09,11.100000381469727,11.5600004196167,10.899999618530273,11.260000228881836,10.535462379455566,39088400
2021-08-10,11.279999732971191,11.34000015258789,10.920000076293945,11.0600004196167,10.348331451416016,39269756
2021-08-11,11.079999923706055,11.319999694824219,10.920000076293945,11.039999961853027,10.329617500305176,36699810
2021-08-12,11.15999984741211,11.699999809265137,11.0600004196167,11.539999961853027,10.797445297241211,75459560
2021-08-13,11.520000457763672,12.100000381469727,11.359999656677246,12.079999923706055,11.302698135375977,68685610
2021-08-16,12.180000305175781,12.760000228881836,11.800000190734863,11.920000076293945,11.152994155883789,54076488
2021-08-17,12.020000457763672,12.140000343322754,11.220000267028809,11.34000015258789,10.61031436920166,43165000
2021-08-18,11.119999885559082,11.4399995803833,10.960000038146973,11.260000228881836,10.535462379455566,45993896
2021-08-19,11.199999809265137,11.199999809265137,10.34000015258789,10.399999618530273,9.73079776763916,86008720
2021-08-20,10.359999656677246,10.359999656677246,9.600000381469727,9.8100004196167,9.178765296936035,125538066
2021-08-23,10.0600004196167,10.260000228881836,9.850000381469727,10.220000267028809,9.562381744384766,50600593
2021-08-24,10.5,10.739999771118164,10.220000267028809,10.34000015258789,9.674660682678223,44786683
2021-08-25,10.4399995803833,10.640000343322754,10.239999771118164,10.5,9.824363708496094,30562100
2021-08-26,10.479999542236328,10.760000228881836,10.279999732971191,10.319999694824219,9.6559476852417,30861322
2021-08-27,10.399999618530273,10.619999885559082,10.319999694824219,10.399999618530273,9.73079776763916,20427227
2021-08-30,10.5,11.15999984741211,10.5,11.039999961853027,10.329617500305176,57407350
2021-08-31,10.899999618530273,11.079999923706055,10.699999809265137,11.079999923706055,10.367044448852539,38188300
2021-09-01,11.100000381469727,11.199999809265137,10.520000457763672,10.680000305175781,9.992781639099121,52263474
2021-09-02,10.819999694824219,10.899999618530273,10.420000076293945,10.779999732971191,10.086347579956055,37581150
2021-09-03,10.9399995803833,11.300000190734863,10.800000190734863,11.0,10.292192459106445,33909950
2021-09-06,11.260000228881836,11.319999694824219,10.819999694824219,11.119999885559082,10.40446949005127,39906190
2021-09-07,11.199999809265137,11.220000267028809,10.979999542236328,11.0600004196167,10.348331451416016,25441562
2021-09-08,10.960000038146973,11.0600004196167,10.65999984741211,10.819999694824219,10.123772621154785,36346116
2021-09-09,10.680000305175781,11.380000114440918,10.619999885559082,11.220000267028809,10.498035430908203,65895892
2021-09-10,11.279999732971191,12.319999694824219,11.239999771118164,11.9399995803833,11.17170524597168,75082625
2021-09-13,12.0,12.600000381469727,12.0,12.399999618530273,11.602108001708984,105499676
2021-09-14,12.300000190734863,12.5,11.699999809265137,11.84000015258789,11.078140258789062,60740417
2021-09-15,11.720000267028809,11.920000076293945,11.5,11.739999771118164,10.984575271606445,26759999
2021-09-16,12.020000457763672,12.100000381469727,10.960000038146973,11.140000343322754,10.42318344116211,37048392
2021-09-17,10.779999732971191,10.84000015258789,10.420000076293945,10.640000343322754,9.955357551574707,73066800
2021-09-20,10.380000114440918,10.420000076293945,9.859999656677246,10.199999809265137,9.543668746948242,46700798
2021-09-21,10.0,10.260000228881836,9.960000038146973,10.199999809265137,9.543668746948242,18159499
2021-09-23,10.640000343322754,10.779999732971191,9.930000305175781,10.119999885559082,9.468815803527832,60653941
2021-09-24,9.979999542236328,10.199999809265137,9.920000076293945,9.960000038146973,9.319111824035645,40671012
2021-09-27,10.0,10.0600004196167,9.640000343322754,9.760000228881836,9.13198184967041,47136903
2021-09-28,9.800000190734863,9.989999771118164,9.609999656677246,9.829999923706055,9.197476387023926,32157900
2021-09-29,9.699999809265137,9.699999809265137,9.489999771118164,9.550000190734863,8.935494422912598,51826020
2021-09-30,9.460000038146973,9.699999809265137,9.390000343322754,9.619999885559082,9.000988006591797,33804136
2021-10-04,9.600000381469727,9.729999542236328,8.949999809265137,9.029999732971191,8.448953628540039,49091429
2021-10-05,8.899999618530273,9.5600004196167,8.899999618530273,9.399999618530273,8.795145988464355,38294675
2021-10-06,9.449999809265137,9.449999809265137,9.180000305175781,9.229999542236328,8.636083602905273,16638416
2021-10-07,9.369999885559082,9.510000228881836,9.220000267028809,9.460000038146973,8.851284980773926,24292570
2021-10-08,9.65999984741211,9.729999542236328,9.390000343322754,9.630000114440918,9.010345458984375,38877719
2021-10-11,10.0600004196167,10.520000457763672,9.960000038146973,10.300000190734863,9.63723373413086,90376274
2021-10-12,10.5,10.5600004196167,10.039999961853027,10.260000228881836,9.599807739257812,42631333
2021-10-15,10.699999809265137,11.720000267028809,10.600000381469727,11.039999961853027,10.329617500305176,103218142
2021-10-18,11.5,11.579999923706055,10.920000076293945,11.5,10.760018348693848,84284528
2021-10-19,11.5,11.800000190734863,11.260000228881836,11.739999771118164,10.984575271606445,39693988
2021-10-20,11.5600004196167,11.619999885559082,11.260000228881836,11.579999923706055,10.834870338439941,33805319
2021-10-21,11.739999771118164,11.859999656677246,11.279999732971191,11.359999656677246,10.629027366638184,39909142
2021-10-22,11.220000267028809,11.319999694824219,11.020000457763672,11.260000228881836,10.535462379455566,35676380
2021-10-25,11.300000190734863,11.460000038146973,11.020000457763672,11.399999618530273,10.66645336151123,20980656
2021-10-26,11.619999885559082,11.739999771118164,11.359999656677246,11.5600004196167,10.816158294677734,26503343
2021-10-27,11.5,11.5600004196167,11.020000457763672,11.140000343322754,10.42318344116211,23289128
2021-10-28,11.0,11.0600004196167,10.520000457763672,10.699999809265137,10.011495590209961,32847222
2021-10-29,10.739999771118164,11.039999961853027,10.600000381469727,10.84000015258789,10.142487525939941,28889580
2021-11-01,10.84000015258789,10.880000114440918,10.460000038146973,10.520000457763672,9.84307861328125,16988561
2021-11-02,10.520000457763672,10.720000267028809,10.100000381469727,10.300000190734863,9.63723373413086,32780200
2021-11-03,10.260000228881836,10.420000076293945,10.15999984741211,10.420000076293945,9.749513626098633,18109298
2021-11-04,10.460000038146973,10.460000038146973,10.15999984741211,10.380000114440918,9.712085723876953,15267046
2021-11-05,10.199999809265137,10.4399995803833,10.119999885559082,10.199999809265137,9.543668746948242,18506129
2021-11-08,10.420000076293945,10.739999771118164,10.300000190734863,10.720000267028809,10.030208587646484,42418900
2021-11-09,10.920000076293945,10.920000076293945,10.460000038146973,10.600000381469727,9.917930603027344,20377043
2021-11-10,10.600000381469727,10.619999885559082,10.220000267028809,10.579999923706055,9.899216651916504,23376722
2021-11-11,10.579999923706055,10.859999656677246,10.579999923706055,10.779999732971191,10.086347579956055,23143944
2021-11-12,11.0,11.119999885559082,10.760000228881836,10.800000190734863,10.105061531066895,17288923
2021-11-15,10.920000076293945,11.079999923706055,10.640000343322754,10.800000190734863,10.105061531066895,16471001
2021-11-16,10.739999771118164,10.859999656677246,10.520000457763672,10.819999694824219,10.123772621154785,25532406
2021-11-17,10.800000190734863,10.800000190734863,10.5,10.699999809265137,10.011495590209961,20819030
2021-11-18,10.680000305175781,10.84000015258789,10.579999923706055,10.720000267028809,10.030208587646484,25009646
2021-11-19,10.760000228881836,10.899999618530273,10.600000381469727,10.899999618530273,10.198627471923828,20958217
2021-11-22,10.859999656677246,10.960000038146973,10.739999771118164,10.899999618530273,10.198627471923828,26364058
2021-11-23,10.800000190734863,11.020000457763672,10.760000228881836,10.819999694824219,10.123772621154785,24872156
2021-11-24,10.920000076293945,10.979999542236328,10.479999542236328,10.5,9.824363708496094,16224959
2021-11-25,10.65999984741211,10.699999809265137,10.5,10.619999885559082,9.936644554138184,12177386
2021-11-26,10.5600004196167,10.699999809265137,10.220000267028809,10.279999732971191,9.618521690368652,17749157
2021-11-29,10.260000228881836,10.380000114440918,10.0,10.239999771118164,9.581093788146973,20202341
2021-11-30,10.420000076293945,10.4399995803833,10.140000343322754,10.359999656677246,9.69337272644043,38518264
2021-12-01,10.199999809265137,10.34000015258789,10.079999923706055,10.180000305175781,9.524956703186035,27809943
2021-12-02,10.079999923706055,10.119999885559082,9.880000114440918,10.0,9.356537818908691,37099564
2021-12-03,10.0,10.100000381469727,9.859999656677246,10.0600004196167,9.412677764892578,36416956
2021-12-06,9.979999542236328,10.119999885559082,9.819999694824219,9.970000267028809,9.328468322753906,24197022
2021-12-07,10.15999984741211,10.220000267028809,9.880000114440918,10.199999809265137,9.543668746948242,22923155
2021-12-08,10.260000228881836,10.34000015258789,10.100000381469727,10.199999809265137,9.543668746948242,30072349
2021-12-09,10.319999694824219,10.520000457763672,10.300000190734863,10.420000076293945,9.749513626098633,33093470
2021-12-10,10.300000190734863,10.359999656677246,10.0600004196167,10.100000381469727,9.450102806091309,19004392
2021-12-13,10.100000381469727,10.220000267028809,9.949999809265137,10.140000343322754,9.487529754638672,32991040
2021-12-14,10.140000343322754,10.140000343322754,9.680000305175781,9.739999771118164,9.11326789855957,37020831
2021-12-15,9.760000228881836,9.789999961853027,9.279999732971191,9.420000076293945,8.813858985900879,54675859
2021-12-16,9.420000076293945,9.609999656677246,9.3100004196167,9.539999961853027,8.92613697052002,33402379
2021-12-17,9.619999885559082,9.949999809265137,9.600000381469727,9.640000343322754,9.019702911376953,85893123
2021-12-20,9.739999771118164,9.739999771118164,9.289999961853027,9.319999694824219,8.720293045043945,25749665
2021-12-21,9.350000381469727,9.420000076293945,9.1899995803833,9.350000381469727,8.748363494873047,16115454
2021-12-22,9.390000343322754,9.460000038146973,9.3100004196167,9.369999885559082,8.767075538635254,13362089
2021-12-23,9.430000305175781,9.699999809265137,9.390000343322754,9.65999984741211,9.03841495513916,19638116
2021-12-24,9.680000305175781,9.800000190734863,9.40999984741211,9.5,8.888711929321289,6745476
2021-12-28,9.600000381469727,9.600000381469727,9.359999656677246,9.449999809265137,8.841928482055664,15006750
2021-12-29,9.4399995803833,9.4399995803833,9.199999809265137,9.279999732971191,8.682867050170898,13764525
2021-12-30,9.5,9.5,9.199999809265137,9.229999542236328,8.636083602905273,9370951
2021-12-31,9.229999542236328,9.399999618530273,9.199999809265137,9.279999732971191,8.682867050170898,12848000
2022-01-03,9.34000015258789,9.420000076293945,9.199999809265137,9.279999732971191,8.682867050170898,9830200
2022-01-04,9.34000015258789,9.34000015258789,9.0,9.119999885559082,8.533162117004395,34949878
2022-01-05,9.15999984741211,9.270000457763672,9.020000457763672,9.079999923706055,8.495736122131348,21665165
2022-01-06,9.069999694824219,9.15999984741211,8.680000305175781,8.930000305175781,8.355388641357422,50488632
2022-01-07,8.930000305175781,8.930000305175781,8.359999656677246,8.739999771118164,8.177614212036133,56457230
2022-01-10,8.770000457763672,9.100000381469727,8.619999885559082,9.100000381469727,8.514450073242188,32104008
2022-01-11,9.130000114440918,9.350000381469727,8.960000038146973,9.270000457763672,8.673511505126953,35649865
2022-01-12,9.369999885559082,9.760000228881836,9.369999885559082,9.720000267028809,9.094554901123047,36638053
2022-01-13,10.279999732971191,10.380000114440918,9.880000114440918,10.0,9.356537818908691,56547999
2022-01-14,9.949999809265137,9.979999542236328,9.699999809265137,9.930000305175781,9.291041374206543,15110136
2022-01-17,9.949999809265137,10.0600004196167,9.699999809265137,9.819999694824219,9.188119888305664,22370650
2022-01-18,9.829999923706055,10.199999809265137,9.819999694824219,10.0600004196167,9.412677764892578,21309499
2022-01-19,10.0600004196167,10.220000267028809,10.0,10.100000381469727,9.450102806091309,21027208
2022-01-20,10.359999656677246,10.520000457763672,10.220000267028809,10.5,9.824363708496094,54495625
2022-01-21,10.539999961853027,10.979999542236328,10.399999618530273,10.979999542236328,10.273478507995605,73958676
2022-01-24,10.800000190734863,11.0,10.579999923706055,10.720000267028809,10.030208587646484,35635299
2022-01-25,10.600000381469727,11.0,10.460000038146973,10.600000381469727,9.917930603027344,38285474
2022-01-26,10.760000228881836,10.84000015258789,10.5600004196167,10.720000267028809,10.030208587646484,18993441
2022-01-27,10.640000343322754,10.65999984741211,10.199999809265137,10.34000015258789,9.674660682678223,22709750
2022-01-28,10.239999771118164,10.399999618530273,9.850000381469727,10.079999923706055,9.431390762329102,18388800
2022-01-31,9.880000114440918,9.880000114440918,9.880000114440918,9.880000114440918,9.24425983428955,0
2022-02-04,10.380000114440918,10.399999618530273,10.0,10.380000114440918,9.712085723876953,17585892
2022-02-07,10.5600004196167,10.600000381469727,10.220000267028809,10.359999656677246,9.69337272644043,27568974
2022-02-08,10.420000076293945,10.5,10.079999923706055,10.199999809265137,9.543668746948242,39099996
2022-02-09,10.420000076293945,11.119999885559082,10.399999618530273,10.979999542236328,10.273478507995605,64201620
2022-02-10,11.319999694824219,11.65999984741211,11.199999809265137,11.619999885559082,10.872297286987305,69323324
2022-02-11,11.380000114440918,11.880000114440918,11.380000114440918,11.600000381469727,10.853583335876465,52031752
2022-02-14,11.640000343322754,11.84000015258789,11.5,11.739999771118164,10.984575271606445,35566637
2022-02-15,11.699999809265137,11.779999732971191,11.180000305175781,11.239999771118164,10.51674747467041,27013979
2022-02-16,11.260000228881836,11.539999961853027,11.199999809265137,11.539999961853027,10.797445297241211,18323848
2022-02-17,11.399999618530273,11.979999542236328,11.399999618530273,11.920000076293945,11.152994155883789,52105361
2022-02-18,12.0,12.079999923706055,11.720000267028809,11.899999618530273,11.134279251098633,37504658
2022-02-21,11.800000190734863,12.0600004196167,11.680000305175781,11.859999656677246,11.096853256225586,21507143
2022-02-22,11.9399995803833,11.979999542236328,11.600000381469727,11.760000228881836,11.003289222717285,32449050
2022-02-23,11.779999732971191,11.779999732971191,11.319999694824219,11.359999656677246,10.629027366638184,24884793
2022-02-24,11.359999656677246,11.800000190734863,11.180000305175781,11.380000114440918,10.64773941040039,54011863
2022-02-25,11.5,11.520000457763672,11.100000381469727,11.199999809265137,10.479323387145996,30162150
2022-02-28,11.34000015258789,11.65999984741211,11.180000305175781,11.579999923706055,10.834870338439941,34960968
2022-03-01,11.579999923706055,11.579999923706055,11.15999984741211,11.359999656677246,10.629027366638184,29840261
2022-03-02,11.5,12.0600004196167,11.5,11.84000015258789,11.078140258789062,62115769
2022-03-03,12.0,12.380000114440918,11.899999618530273,12.199999809265137,11.414976119995117,76980769
2022-03-04,12.180000305175781,12.260000228881836,11.84000015258789,12.0600004196167,11.283985137939453,42241455
2022-03-07,12.5,12.859999656677246,12.100000381469727,12.380000114440918,11.583394050598145,92445324
2022-03-08,12.199999809265137,12.199999809265137,11.380000114440918,11.760000228881836,11.003289222717285,58130383
2022-03-09,11.760000228881836,12.15999984741211,11.380000114440918,11.65999984741211,10.909723281860352,56904026
2022-03-10,11.479999542236328,11.699999809265137,10.960000038146973,11.640000343322754,10.891011238098145,52800857
2022-03-11,11.640000343322754,11.800000190734863,11.180000305175781,11.640000343322754,10.891011238098145,31516465
2022-03-14,11.600000381469727,11.600000381469727,10.539999961853027,10.739999771118164,10.048921585083008,57460793
2022-03-15,10.279999732971191,10.319999694824219,9.390000343322754,9.550000190734863,8.935494422912598,85004603
2022-03-16,9.739999771118164,10.420000076293945,9.529999732971191,10.300000190734863,9.63723373413086,50227906
2022-03-17,10.699999809265137,11.140000343322754,10.399999618530273,11.140000343322754,10.42318344116211,49967600
2022-03-18,11.0600004196167,11.319999694824219,10.760000228881836,11.199999809265137,10.479323387145996,85669677
2022-03-21,11.199999809265137,11.739999771118164,11.0,11.180000305175781,10.460609436035156,51816645
2022-03-22,11.34000015258789,11.739999771118164,11.180000305175781,11.699999809265137,10.947148323059082,47191242
2022-03-23,11.720000267028809,11.859999656677246,11.600000381469727,11.819999694824219,11.059428215026855,36201619
2022-03-24,11.800000190734863,12.380000114440918,11.800000190734863,12.260000228881836,11.471115112304688,71030448
2022-03-25,12.140000343322754,12.399999618530273,12.039999961853027,12.220000267028809,11.433690071105957,36205236
2022-03-28,12.300000190734863,12.319999694824219,11.84000015258789,12.260000228881836,11.471115112304688,25264591
2022-03-29,12.180000305175781,12.539999961853027,12.140000343322754,12.399999618530273,11.602108001708984,44597257
2022-03-30,12.479999542236328,12.479999542236328,11.979999542236328,12.100000381469727,11.321412086486816,37057593
2022-03-31,12.319999694824219,12.380000114440918,12.020000457763672,12.0600004196167,11.283985137939453,24135340
2022-04-01,12.239999771118164,12.5,12.100000381469727,12.479999542236328,11.676959037780762,31176050
2022-04-04,12.5,13.079999923706055,12.5,12.800000190734863,11.97636890411377,23361500
2022-04-06,12.720000267028809,12.720000267028809,12.34000015258789,12.5600004196167,11.751811981201172,46672087
2022-04-07,12.319999694824219,12.600000381469727,12.319999694824219,12.5,11.695672988891602,29467966
2022-04-08,12.520000457763672,13.0,12.520000457763672,13.0,12.163498878479004,34523596
2022-04-11,13.199999809265137,13.279999732971191,12.5600004196167,12.680000305175781,11.864090919494629,27020841
2022-04-12,12.84000015258789,12.84000015258789,12.319999694824219,12.680000305175781,11.864090919494629,33836631
2022-04-13,12.779999732971191,13.859999656677246,12.619999885559082,13.699999809265137,12.818456649780273,102717278
2022-04-14,14.0,14.180000305175781,13.699999809265137,13.880000114440918,12.9868745803833,44949658
2022-04-19,13.899999618530273,13.899999618530273,13.140000343322754,13.5600004196167,12.68746566772461,60091438
2022-04-20,13.399999618530273,13.399999618530273,12.420000076293945,12.479999542236328,11.676959037780762,49974631
2022-04-21,12.300000190734863,12.579999923706055,11.800000190734863,12.220000267028809,11.433690071105957,37641714
2022-04-22,11.899999618530273,12.399999618530273,11.720000267028809,12.359999656677246,11.564680099487305,43578799
2022-04-25,11.859999656677246,11.899999618530273,11.279999732971191,11.359999656677246,10.629027366638184,37069475
2022-04-26,11.420000076293945,11.460000038146973,10.600000381469727,10.84000015258789,10.142487525939941,62070250
2022-04-27,10.600000381469727,11.600000381469727,10.600000381469727,11.460000038146973,10.7225923538208,42717762
2022-04-28,11.699999809265137,11.699999809265137,11.239999771118164,11.460000038146973,10.7225923538208,40779977
2022-04-29,11.460000038146973,11.760000228881836,11.34000015258789,11.699999809265137,10.947148323059082,27601957
2022-05-03,11.300000190734863,11.380000114440918,10.819999694824219,11.100000381469727,10.385757446289062,36042641
2022-05-04,11.079999923706055,11.319999694824219,10.920000076293945,11.079999923706055,10.367044448852539,13469849
2022-05-05,11.399999618530273,11.619999885559082,11.119999885559082,11.359999656677246,10.629027366638184,32486470
2022-05-06,10.84000015258789,10.899999618530273,10.479999542236328,10.539999961853027,9.861790657043457,37217681
2022-05-10,9.640000343322754,9.960000038146973,9.529999732971191,9.890000343322754,9.253616333007812,81280639
2022-05-11,9.989999771118164,10.319999694824219,9.609999656677246,9.989999771118164,9.347180366516113,58874225
2022-05-12,9.649999618530273,9.9399995803833,9.529999732971191,9.600000381469727,8.982277870178223,35749449
2022-05-13,9.5,9.720000267028809,9.449999809265137,9.65999984741211,9.03841495513916,29229068
2022-05-16,9.739999771118164,9.859999656677246,9.600000381469727,9.760000228881836,9.13198184967041,15706581
2022-05-17,9.890000343322754,10.479999542236328,9.859999656677246,10.4399995803833,9.76822566986084,40664069
2022-05-18,10.5,10.5,10.119999885559082,10.279999732971191,9.618521690368652,27639729
2022-05-19,9.8100004196167,10.039999961853027,9.760000228881836,9.960000038146973,9.534850120544434,19499970
2022-05-20,10.199999809265137,10.479999542236328,10.119999885559082,10.359999656677246,9.917776107788086,24479226
2022-05-23,10.380000114440918,10.4399995803833,10.199999809265137,10.300000190734863,9.860337257385254,16856789
2022-05-24,10.34000015258789,10.460000038146973,9.960000038146973,10.0600004196167,9.630582809448242,22770832
2022-05-25,10.0600004196167,10.319999694824219,10.0600004196167,10.140000343322754,9.707168579101562,16378303
2022-05-26,10.300000190734863,10.300000190734863,9.979999542236328,10.199999809265137,9.764606475830078,17376278
2022-05-27,10.300000190734863,10.34000015258789,10.100000381469727,10.300000190734863,9.860337257385254,24509788
2022-05-30,10.5,10.5600004196167,10.279999732971191,10.380000114440918,9.936922073364258,18082393
2022-05-31,10.399999618530273,10.65999984741211,10.260000228881836,10.65999984741211,10.20496940612793,47489846
2022-06-01,10.65999984741211,10.65999984741211,10.100000381469727,10.34000015258789,9.89863109588623,29072337
2022-06-02,10.220000267028809,10.399999618530273,10.100000381469727,10.34000015258789,9.89863109588623,27730000
2022-06-06,10.579999923706055,11.0,10.5,11.0,10.530457496643066,38980745
2022-06-07,11.079999923706055,11.079999923706055,10.760000228881836,10.84000015258789,10.377286911010742,19209051
2022-06-08,11.0,11.039999961853027,10.779999732971191,11.0,10.530457496643066,24999537
2022-06-09,11.0,11.039999961853027,10.779999732971191,10.84000015258789,10.377286911010742,14902006
2022-06-10,10.699999809265137,10.779999732971191,10.5,10.720000267028809,10.262410163879395,24908376
2022-06-13,10.65999984741211,10.680000305175781,10.460000038146973,10.579999923706055,10.128385543823242,17085858
2022-06-14,10.460000038146973,10.539999961853027,10.199999809265137,10.420000076293945,9.975215911865234,25425460
2022-06-15,10.420000076293945,10.619999885559082,10.399999618530273,10.479999542236328,10.03265380859375,18549729
2022-06-16,10.600000381469727,10.600000381469727,10.199999809265137,10.300000190734863,9.860337257385254,15065427
2022-06-17,10.300000190734863,10.460000038146973,10.100000381469727,10.359999656677246,9.917776107788086,40186038
2022-06-20,10.220000267028809,10.239999771118164,9.770000457763672,9.90999984741211,9.486984252929688,35000920
2022-06-21,9.979999542236328,10.0600004196167,9.899999618530273,10.020000457763672,9.592289924621582,24384237
2022-06-22,10.079999923706055,10.079999923706055,9.649999618530273,9.6899995803833,9.276374816894531,40943210
2022-06-23,9.619999885559082,9.699999809265137,9.449999809265137,9.550000190734863,9.142352104187012,49845485
2022-06-24,9.520000457763672,9.520000457763672,9.279999732971191,9.319999694824219,8.92216968536377,62089507
2022-06-27,9.329999923706055,9.789999961853027,9.329999923706055,9.699999809265137,9.285948753356934,34926644
2022-06-28,9.670000076293945,9.920000076293945,9.520000457763672,9.880000114440918,9.458266258239746,29818634
2022-06-29,9.600000381469727,9.789999961853027,9.449999809265137,9.449999809265137,9.04662036895752,24952291
2022-06-30,9.380000114440918,9.699999809265137,9.380000114440918,9.609999656677246,9.199790954589844,34030405
2022-07-04,9.510000228881836,9.510000228881836,9.229999542236328,9.270000457763672,8.87430477142334,51427017
2022-07-05,9.289999961853027,9.550000190734863,9.270000457763672,9.319999694824219,8.92216968536377,26345044
2022-07-06,9.109999656677246,9.130000114440918,8.90999984741211,9.029999732971191,8.644547462463379,49321154
2022-07-07,8.960000038146973,9.109999656677246,8.859999656677246,9.020000457763672,8.634976387023926,26998227
2022-07-08,9.300000190734863,9.369999885559082,9.15999984741211,9.220000267028809,8.826438903808594,31996752
2022-07-11,9.270000457763672,9.289999961853027,8.90999984741211,8.9399995803833,8.558389663696289,30247552
2022-07-12,8.850000381469727,8.9399995803833,8.789999961853027,8.800000190734863,8.424365997314453,31155760
2022-07-13,8.6899995803833,8.8100004196167,8.5600004196167,8.770000457763672,8.395646095275879,21312459
2022-07-14,8.600000381469727,8.640000343322754,8.449999809265137,8.529999732971191,8.16589069366455,30167403
2022-07-15,8.399999618530273,8.470000267028809,8.079999923706055,8.1899995803833,7.840403079986572,53203653
2022-07-18,8.369999885559082,8.789999961853027,8.289999961853027,8.6899995803833,8.319062232971191,31197937
2022-07-19,8.5600004196167,8.6899995803833,8.479999542236328,8.59000015258789,8.223328590393066,29481649
2022-07-20,8.710000038146973,8.920000076293945,8.65999984741211,8.869999885559082,8.491377830505371,28456923
2022-07-21,8.800000190734863,8.90999984741211,8.640000343322754,8.6899995803833,8.319062232971191,34501298
2022-07-22,8.899999618530273,8.90999984741211,8.680000305175781,8.819999694824219,8.443511962890625,25393945
2022-07-25,8.819999694824219,8.920000076293945,8.739999771118164,8.859999656677246,8.481804847717285,16804132
2022-07-26,8.869999885559082,9.199999809265137,8.869999885559082,9.140000343322754,8.74985408782959,26690500
2022-07-27,9.25,9.25,8.90999984741211,8.979999542236328,8.596681594848633,20319776
2022-07-28,9.010000228881836,9.329999923706055,9.010000228881836,9.270000457763672,8.87430477142334,37588005
2022-07-29,9.489999771118164,9.489999771118164,9.0600004196167,9.1899995803833,8.797718048095703,22400303
2022-08-01,9.239999771118164,9.279999732971191,8.970000267028809,9.09000015258789,8.701987266540527,13177360
2022-08-02,8.960000038146973,8.989999771118164,8.6899995803833,8.770000457763672,8.395646095275879,19548291
2022-08-03,8.800000190734863,8.930000305175781,8.720000267028809,8.800000190734863,8.424365997314453,21305345
2022-08-04,8.819999694824219,8.859999656677246,8.6899995803833,8.84000015258789,8.462658882141113,19444801
2022-08-05,8.960000038146973,9.109999656677246,8.930000305175781,9.100000381469727,8.711560249328613,17271082
2022-08-08,9.130000114440918,9.140000343322754,8.979999542236328,9.039999961853027,8.654121398925781,17013846
2022-08-09,9.15999984741211,9.199999809265137,9.029999732971191,9.140000343322754,8.74985408782959,17888687
2022-08-10,9.199999809265137,9.279999732971191,9.029999732971191,9.09000015258789,8.701987266540527,14558971
2022-08-11,9.300000190734863,9.350000381469727,9.199999809265137,9.34000015258789,8.941314697265625,28077768
2022-08-12,9.399999618530273,9.520000457763672,9.3100004196167,9.5,9.094486236572266,29798002
2022-08-15,9.5,9.630000114440918,9.079999923706055,9.199999809265137,8.807291030883789,34725138
2022-08-16,9.130000114440918,9.300000190734863,9.039999961853027,9.289999961853027,8.893449783325195,26130723
2022-08-17,9.350000381469727,9.350000381469727,9.0600004196167,9.210000038146973,8.816864013671875,20636890
2022-08-18,9.199999809265137,9.199999809265137,8.970000267028809,9.029999732971191,8.644547462463379,20496301
2022-08-19,9.0,9.119999885559082,8.970000267028809,9.039999961853027,8.654121398925781,10088073
2022-08-22,9.010000228881836,9.329999923706055,8.960000038146973,9.260000228881836,8.864730834960938,29139755
2022-08-23,9.229999542236328,9.300000190734863,9.069999694824219,9.199999809265137,8.807291030883789,15779160
2022-08-24,9.25,9.34000015258789,8.829999923706055,8.890000343322754,8.51052474975586,27623752
2022-08-25,8.8100004196167,9.289999961853027,8.8100004196167,9.289999961853027,8.893449783325195,19518544
2022-08-26,9.3100004196167,9.460000038146973,9.289999961853027,9.420000076293945,9.017901420593262,25046719
2022-08-29,9.25,9.25,9.010000228881836,9.15999984741211,8.768999099731445,17972800
2022-08-30,9.119999885559082,9.15999984741211,8.960000038146973,9.020000457763672,8.634976387023926,23112485
2022-08-31,8.949999809265137,9.029999732971191,8.779999732971191,8.9399995803833,8.558389663696289,32633104
2022-09-01,8.829999923706055,8.869999885559082,8.630000114440918,8.630000114440918,8.261622428894043,22352199
2022-09-02,8.630000114440918,8.630000114440918,8.359999656677246,8.390000343322754,8.031867027282715,36507283
2022-09-05,8.359999656677246,8.470000267028809,8.289999961853027,8.430000305175781,8.070160865783691,16167128
2022-09-06,8.430000305175781,8.819999694824219,8.430000305175781,8.760000228881836,8.386073112487793,15654758
2022-09-07,8.630000114440918,8.850000381469727,8.569999694824219,8.699999809265137,8.328634262084961,18330348
2022-09-08,8.710000038146973,9.050000190734863,8.710000038146973,8.869999885559082,8.491377830505371,25960059
2022-09-09,8.899999618530273,9.300000190734863,8.899999618530273,9.270000457763672,8.87430477142334,38284870
2022-09-13,9.229999542236328,9.4399995803833,9.199999809265137,9.300000190734863,8.903023719787598,23472018
2022-09-14,9.020000457763672,9.09000015258789,8.899999618530273,9.0600004196167,8.673267364501953,22622628
2022-09-15,9.050000190734863,9.119999885559082,8.880000114440918,9.050000190734863,8.663694381713867,26621475
2022-09-16,8.90999984741211,9.0,8.5,8.770000457763672,8.395646095275879,50500948
2022-09-19,8.789999961853027,8.789999961853027,8.529999732971191,8.59000015258789,8.223328590393066,11173652
2022-09-20,8.670000076293945,8.800000190734863,8.609999656677246,8.699999809265137,8.328634262084961,22192054
2022-09-21,8.65999984741211,8.680000305175781,8.529999732971191,8.619999885559082,8.25204849243164,10554510
2022-09-22,8.59000015258789,8.680000305175781,8.4399995803833,8.5600004196167,8.194611549377441,27511277
2022-09-23,8.5600004196167,8.600000381469727,8.380000114440918,8.380000114440918,8.022294998168945,19693697
2022-09-26,8.279999732971191,8.279999732971191,7.409999847412109,7.630000114440918,7.30430793762207,70430133
2022-09-27,7.510000228881836,7.71999979019165,7.340000152587891,7.670000076293945,7.342600345611572,33491210
2022-09-28,7.699999809265137,7.699999809265137,7.179999828338623,7.199999809265137,6.892662525177002,53962210
2022-09-29,7.449999809265137,7.639999866485596,7.349999904632568,7.489999771118164,7.170283794403076,39066678
2022-09-30,7.449999809265137,7.849999904632568,7.449999809265137,7.650000095367432,7.323454856872559,34275406
2022-10-03,7.650000095367432,7.849999904632568,7.510000228881836,7.730000019073486,7.400040149688721,23519126
2022-10-05,8.180000305175781,8.460000038146973,8.109999656677246,8.319999694824219,7.9648542404174805,38893995
2022-10-06,8.260000228881836,8.4399995803833,8.210000038146973,8.350000381469727,7.993575096130371,13360487
2022-10-07,8.260000228881836,8.34000015258789,8.119999885559082,8.119999885559082,7.7733917236328125,17755956
2022-10-10,7.909999847412109,7.920000076293945,7.670000076293945,7.789999961853027,7.4574785232543945,31914432
2022-10-11,7.769999980926514,7.78000020980835,7.570000171661377,7.639999866485596,7.3138813972473145,30026825
2022-10-12,7.599999904632568,7.849999904632568,7.53000020980835,7.789999961853027,7.4574785232543945,23906319
2022-10-13,7.789999961853027,7.840000152587891,7.579999923706055,7.619999885559082,7.294734954833984,17938626
2022-10-14,7.769999980926514,7.78000020980835,7.650000095367432,7.739999771118164,7.409612655639648,17266194
2022-10-17,7.619999885559082,7.880000114440918,7.559999942779541,7.840000152587891,7.505344390869141,20871783
2022-10-18,7.960000038146973,7.960000038146973,7.710000038146973,7.75,7.419185638427734,19353277
2022-10-19,7.760000228881836,7.880000114440918,7.590000152587891,7.610000133514404,7.285161972045898,25305661
2022-10-20,7.599999904632568,7.739999771118164,7.420000076293945,7.670000076293945,7.342600345611572,34961312
2022-10-21,7.739999771118164,7.820000171661377,7.659999847412109,7.730000019073486,7.400040149688721,26318273
2022-10-24,7.980000019073486,7.980000019073486,7.449999809265137,7.539999961853027,7.2181501388549805,35067181
2022-10-25,7.539999961853027,7.670000076293945,7.429999828338623,7.639999866485596,7.3138813972473145,34390861
2022-10-26,7.599999904632568,7.75,7.5,7.590000152587891,7.266016006469727,24302167
2022-10-27,7.800000190734863,8.239999771118164,7.800000190734863,8.0600004196167,7.715953826904297,43002865
2022-10-28,8.0600004196167,8.0600004196167,7.710000038146973,7.820000171661377,7.4861979484558105,25753685
2022-10-31,7.699999809265137,7.75,7.480000019073486,7.5,7.1798577308654785,36980524
2022-11-01,7.590000152587891,7.889999866485596,7.519999980926514,7.849999904632568,7.514917373657227,28600718
2022-11-02,7.889999866485596,8.09000015258789,7.820000171661377,8.0600004196167,7.715953826904297,22239370
2022-11-03,7.769999980926514,7.880000114440918,7.699999809265137,7.849999904632568,7.514917373657227,27974922
2022-11-04,7.880000114440918,8.229999542236328,7.800000190734863,8.09000015258789,7.744672775268555,34598904
2022-11-07,8.649999618530273,9.09000015258789,8.569999694824219,8.920000076293945,8.539243698120117,89299766
2022-11-08,8.920000076293945,9.020000457763672,8.779999732971191,8.930000305175781,8.548816680908203,30087483
2022-11-09,9.109999656677246,9.449999809265137,9.109999656677246,9.1899995803833,8.797718048095703,57953381
2022-11-10,9.020000457763672,9.149999618530273,8.920000076293945,9.079999923706055,8.692413330078125,32009513
2022-11-11,9.8100004196167,10.100000381469727,9.720000267028809,10.079999923706055,9.649727821350098,113811360
2022-11-14,10.479999542236328,10.5,9.9399995803833,10.100000381469727,9.668874740600586,63454088
2022-11-15,10.100000381469727,10.359999656677246,9.899999618530273,10.34000015258789,9.89863109588623,45746683
2022-11-16,10.300000190734863,10.399999618530273,10.140000343322754,10.279999732971191,9.841191291809082,45868932
2022-11-17,10.220000267028809,10.239999771118164,9.720000267028809,9.84000015258789,9.41997241973877,61786712
2022-11-18,9.779999732971191,9.890000343322754,9.600000381469727,9.8100004196167,9.391254425048828,46707900
2022-11-21,9.600000381469727,9.640000343322754,9.3100004196167,9.449999809265137,9.04662036895752,31264317
2022-11-22,9.420000076293945,9.75,9.420000076293945,9.510000228881836,9.104058265686035,25199764
2022-11-23,9.550000190734863,9.770000457763672,9.550000190734863,9.640000343322754,9.228509902954102,22759839
2022-11-24,9.789999961853027,9.989999771118164,9.699999809265137,9.850000381469727,9.429546356201172,26081482
2022-11-25,9.850000381469727,10.039999961853027,9.800000190734863,9.949999809265137,9.525277137756348,22602203
2022-11-28,9.5600004196167,9.779999732971191,9.380000114440918,9.739999771118164,9.324240684509277,40741297
2022-11-29,9.720000267028809,10.039999961853027,9.640000343322754,10.0,9.573143005371094,33913864
2022-11-30,10.100000381469727,10.15999984741211,9.899999618530273,10.140000343322754,9.707168579101562,32655308
2022-12-01,10.5,10.859999656677246,10.319999694824219,10.600000381469727,10.14753246307373,61511485
2022-12-02,10.800000190734863,10.859999656677246,10.4399995803833,10.579999923706055,10.128385543823242,33325854
2022-12-05,10.819999694824219,11.039999961853027,10.720000267028809,10.979999542236328,10.511311531066895,36034879
2022-12-06,10.800000190734863,11.039999961853027,10.760000228881836,10.9399995803833,10.473017692565918,27396844
2022-12-07,10.84000015258789,10.979999542236328,10.420000076293945,10.4399995803833,9.99436092376709,33314558
2022-12-08,10.5,10.819999694824219,10.5,10.680000305175781,10.224116325378418,42305190
2022-12-09,10.739999771118164,11.300000190734863,10.739999771118164,11.260000228881836,10.779359817504883,31392938
2022-12-12,11.039999961853027,11.079999923706055,10.65999984741211,10.699999809265137,10.243263244628906,28041779
2022-12-13,10.600000381469727,10.84000015258789,10.600000381469727,10.720000267028809,10.262410163879395,19489324
2022-12-14,10.960000038146973,11.119999885559082,10.819999694824219,10.859999656677246,10.396432876586914,25193157
2022-12-15,10.859999656677246,10.9399995803833,10.579999923706055,10.739999771118164,10.28155517578125,19920809
2022-12-16,10.619999885559082,10.800000190734863,10.520000457763672,10.699999809265137,10.243263244628906,47519967
2022-12-19,10.739999771118164,10.84000015258789,10.399999618530273,10.600000381469727,10.14753246307373,19149333
2022-12-20,10.4399995803833,10.5600004196167,10.220000267028809,10.359999656677246,9.917776107788086,18260704
2022-12-21,10.5600004196167,10.859999656677246,10.5,10.699999809265137,10.243263244628906,18433390
2022-12-22,10.800000190734863,10.819999694824219,10.579999923706055,10.640000343322754,10.18582534790039,11757120
2022-12-23,10.619999885559082,10.619999885559082,10.380000114440918,10.460000038146973,10.013507843017578,11079000
2022-12-28,10.579999923706055,10.819999694824219,10.520000457763672,10.739999771118164,10.28155517578125,19435890
2022-12-29,10.579999923706055,10.720000267028809,10.460000038146973,10.5,10.051799774169922,13966955
2022-12-30,10.640000343322754,10.699999809265137,10.579999923706055,10.579999923706055,10.128385543823242,17104725
2023-01-03,10.5,11.319999694824219,10.5,11.239999771118164,10.760211944580078,32004529
2023-01-04,11.180000305175781,11.300000190734863,10.880000114440918,11.140000343322754,10.664481163024902,21147662
2023-01-05,11.260000228881836,11.5,11.220000267028809,11.34000015258789,10.855944633483887,39560177
2023-01-06,11.539999961853027,11.539999961853027,11.180000305175781,11.34000015258789,10.855944633483887,26054429
2023-01-09,11.619999885559082,12.5,11.619999885559082,12.5,11.966428756713867,59947860
2023-01-10,12.399999618530273,12.5600004196167,12.239999771118164,12.420000076293945,11.889842987060547,28972861
2023-01-11,12.5,12.720000267028809,12.359999656677246,12.460000038146973,11.928135871887207,30655230
2023-01-12,12.460000038146973,12.859999656677246,12.319999694824219,12.460000038146973,11.928135871887207,33088032
2023-01-13,12.539999961853027,12.760000228881836,12.319999694824219,12.479999542236328,11.947282791137695,41658501
2023-01-16,12.479999542236328,12.779999732971191,12.279999732971191,12.479999542236328,11.947282791137695,36716932
2023-01-17,12.300000190734863,12.359999656677246,11.880000114440918,12.119999885559082,11.602649688720703,45751367
2023-01-18,12.079999923706055,12.300000190734863,12.079999923706055,12.279999732971191,11.755819320678711,30895693
2023-01-19,12.34000015258789,12.619999885559082,12.279999732971191,12.579999923706055,12.043013572692871,27603307
2023-01-20,12.720000267028809,13.180000305175781,12.699999809265137,13.020000457763672,12.464232444763184,34294819
2023-01-26,13.199999809265137,13.5,12.960000038146973,13.359999656677246,12.789718627929688,22426835
2023-01-27,13.420000076293945,13.479999542236328,13.119999885559082,13.4399995803833,12.866304397583008,12214543
2023-01-30,13.260000228881836,13.300000190734863,12.699999809265137,12.760000228881836,12.215331077575684,67272814
2023-01-31,12.779999732971191,13.020000457763672,12.739999771118164,12.899999618530273,12.349353790283203,38859459
2023-02-01,13.079999923706055,13.460000038146973,12.9399995803833,13.399999618530273,12.828012466430664,30865775
2023-02-02,13.319999694824219,13.399999618530273,13.020000457763672,13.0600004196167,12.502525329589844,27401747
2023-02-03,12.9399995803833,12.979999542236328,12.699999809265137,12.920000076293945,12.368500709533691,31608298
2023-02-06,12.600000381469727,12.600000381469727,12.0,12.260000228881836,11.736673355102539,47124840
2023-02-07,12.199999809265137,12.479999542236328,12.180000305175781,12.319999694824219,11.794112205505371,33786637
2023-02-08,12.319999694824219,12.420000076293945,12.0600004196167,12.140000343322754,11.621795654296875,24938630
2023-02-09,12.0,12.220000267028809,11.960000038146973,12.15999984741211,11.64094066619873,28242664
2023-02-10,12.140000343322754,12.140000343322754,11.800000190734863,11.899999618530273,11.392040252685547,20606125
2023-02-13,11.899999618530273,12.100000381469727,11.720000267028809,12.0,11.487771987915039,12272488
2023-02-14,12.0,12.479999542236328,12.0,12.4399995803833,11.908988952636719,26482955
2023-02-15,12.5,12.65999984741211,12.15999984741211,12.279999732971191,11.755819320678711,28473153
2023-02-16,12.399999618530273,12.420000076293945,11.9399995803833,12.079999923706055,11.564356803894043,28888392
2023-02-17,12.180000305175781,12.399999618530273,12.0600004196167,12.15999984741211,11.64094066619873,11988172
2023-02-20,12.15999984741211,12.479999542236328,12.15999984741211,12.399999618530273,11.870697975158691,12026122
2023-02-21,12.539999961853027,13.039999961853027,12.420000076293945,12.819999694824219,12.2727689743042,42471552
2023-02-22,12.800000190734863,12.9399995803833,12.619999885559082,12.699999809265137,12.157891273498535,31315595
2023-02-23,12.720000267028809,12.800000190734863,12.579999923706055,12.699999809265137,12.157891273498535,16014608
2023-02-24,12.579999923706055,12.600000381469727,12.119999885559082,12.199999809265137,11.679234504699707,24925414
2023-02-27,11.84000015258789,12.079999923706055,11.760000228881836,11.84000015258789,11.334601402282715,34398247
2023-02-28,11.9399995803833,12.0600004196167,11.65999984741211,11.84000015258789,11.334601402282715,36043383
2023-03-01,11.880000114440918,12.579999923706055,11.880000114440918,12.539999961853027,12.004721641540527,37441617
2023-03-02,12.460000038146973,12.920000076293945,12.399999618530273,12.739999771118164,12.196184158325195,34610473
2023-03-03,12.859999656677246,12.859999656677246,12.520000457763672,12.699999809265137,12.157891273498535,13463513
2023-03-06,12.819999694824219,12.819999694824219,12.399999618530273,12.680000305175781,12.13874626159668,14199137
2023-03-07,12.539999961853027,12.739999771118164,12.399999618530273,12.539999961853027,12.004721641540527,19360501
2023-03-08,12.359999656677246,12.359999656677246,11.920000076293945,12.279999732971191,11.755819320678711,28000600
2023-03-09,12.260000228881836,12.300000190734863,11.859999656677246,11.920000076293945,11.411187171936035,23050900
2023-03-10,11.699999809265137,11.899999618530273,11.680000305175781,11.760000228881836,11.258016586303711,33545379
2023-03-13,11.9399995803833,12.800000190734863,11.9399995803833,12.600000381469727,12.06216049194336,39631349
2023-03-14,12.899999618530273,13.260000228881836,12.520000457763672,12.619999885559082,12.081306457519531,32340205
2023-03-15,12.65999984741211,12.720000267028809,12.399999618530273,12.420000076293945,11.889842987060547,24700440
2023-03-16,12.220000267028809,12.359999656677246,11.800000190734863,11.899999618530273,11.392040252685547,31861319
2023-03-17,11.960000038146973,12.180000305175781,11.880000114440918,12.039999961853027,11.5260648727417,47786776
2023-03-20,12.34000015258789,12.640000343322754,12.34000015258789,12.520000457763672,11.985575675964355,43399512
2023-03-21,12.520000457763672,12.619999885559082,12.260000228881836,12.4399995803833,11.908988952636719,17050903
2023-03-22,12.4399995803833,12.539999961853027,12.279999732971191,12.380000114440918,11.851551055908203,20645086
2023-03-23,12.539999961853027,13.119999885559082,12.380000114440918,13.0600004196167,12.502525329589844,42256505
2023-03-24,13.0,13.079999923706055,12.720000267028809,12.800000190734863,12.253623008728027,20016159
2023-03-27,12.920000076293945,13.0,12.460000038146973,12.600000381469727,12.06216049194336,29724223
2023-03-28,12.760000228881836,12.960000038146973,12.619999885559082,12.880000114440918,12.330208778381348,22134931
2023-03-29,13.180000305175781,13.260000228881836,12.760000228881836,12.859999656677246,12.311060905456543,19463491
2023-03-30,12.9399995803833,13.100000381469727,12.640000343322754,13.020000457763672,12.464232444763184,22575979
2023-03-31,13.079999923706055,13.300000190734863,13.020000457763672,13.119999885559082,12.559964179992676,32528164
2023-04-03,13.199999809265137,13.220000267028809,12.640000343322754,12.739999771118164,12.196184158325195,27469157
2023-04-04,12.699999809265137,12.979999542236328,12.640000343322754,12.84000015258789,12.291916847229004,23230869
2023-04-06,12.899999618530273,13.600000381469727,12.819999694824219,13.520000457763672,12.942890167236328,57025399
2023-04-11,13.479999542236328,14.15999984741211,13.300000190734863,14.0600004196167,13.459839820861816,42137710
2023-04-12,14.100000381469727,14.380000114440918,13.9399995803833,14.100000381469727,13.498132705688477,49806815
2023-04-13,13.899999618530273,14.380000114440918,13.800000190734863,14.140000343322754,13.53642463684082,36032192
2023-04-14,14.479999542236328,14.800000190734863,14.34000015258789,14.539999961853027,13.919350624084473,48859365
2023-04-17,14.199999809265137,14.5,14.039999961853027,14.380000114440918,13.766180038452148,28154848
2023-04-18,14.239999771118164,14.579999923706055,14.199999809265137,14.359999656677246,13.747034072875977,46293769
2023-04-19,14.199999809265137,14.600000381469727,14.180000305175781,14.279999732971191,13.670448303222656,36680762
2023-04-20,14.119999885559082,14.220000267028809,13.720000267028809,14.0,13.402400016784668,42080218
2023-04-21,13.960000038146973,14.0,13.34000015258789,13.5,12.92374324798584,54773651
2023-04-24,13.319999694824219,13.65999984741211,12.880000114440918,13.15999984741211,12.59825611114502,48889962
2023-04-25,13.15999984741211,13.300000190734863,12.880000114440918,13.039999961853027,12.483378410339355,42485076
2023-04-26,12.899999618530273,13.039999961853027,12.680000305175781,12.979999542236328,12.425939559936523,25890688
2023-04-27,13.0,13.359999656677246,12.779999732971191,13.180000305175781,12.617403030395508,28358688
2023-04-28,13.180000305175781,13.420000076293945,13.119999885559082,13.220000267028809,12.655695915222168,46759558
2023-05-02,13.359999656677246,13.5600004196167,13.020000457763672,13.359999656677246,12.789718627929688,20241545
2023-05-03,13.699999809265137,13.899999618530273,13.479999542236328,13.619999885559082,13.038620948791504,17778132
2023-05-04,14.0,14.300000190734863,13.680000305175781,13.680000305175781,13.096060752868652,47480880
2023-05-05,13.880000114440918,13.9399995803833,13.300000190734863,13.619999885559082,13.038620948791504,29478546
2023-05-08,13.5,13.640000343322754,13.199999809265137,13.4399995803833,12.866304397583008,28178997
2023-05-09,13.34000015258789,13.420000076293945,12.920000076293945,13.0,12.445085525512695,31074368
2023-05-10,13.0,13.15999984741211,12.579999923706055,12.739999771118164,12.196184158325195,40780046
2023-05-11,12.619999885559082,12.699999809265137,12.15999984741211,12.420000076293945,11.889842987060547,38126882
2023-05-12,12.359999656677246,12.359999656677246,11.319999694824219,11.359999656677246,10.875090599060059,82352475
2023-05-15,11.5600004196167,11.619999885559082,11.239999771118164,11.579999923706055,11.085699081420898,44470409
2023-05-16,11.479999542236328,11.739999771118164,11.380000114440918,11.720000267028809,11.21972370147705,36156075
2023-05-17,11.680000305175781,11.680000305175781,11.319999694824219,11.380000114440918,10.89423656463623,18333639
2023-05-18,11.380000114440918,11.699999809265137,11.300000190734863,11.399999618530273,10.913382530212402,20042121
2023-05-19,11.279999732971191,11.359999656677246,11.0,11.319999694824219,10.836796760559082,18847018
2023-05-22,11.34000015258789,11.420000076293945,11.180000305175781,11.260000228881836,10.779359817504883,13126719
2023-05-23,11.199999809265137,11.34000015258789,10.960000038146973,11.0600004196167,10.587896347045898,23707856
2023-05-24,10.920000076293945,11.279999732971191,10.920000076293945,11.119999885559082,10.64533519744873,25868855
2023-05-25,11.100000381469727,11.100000381469727,10.640000343322754,10.819999694824219,10.358139991760254,19816494
2023-05-29,10.800000190734863,11.15999984741211,10.800000190734863,10.859999656677246,10.396432876586914,22777533
2023-05-30,10.65999984741211,10.960000038146973,10.460000038146973,10.579999923706055,10.340473175048828,27098883
2023-05-31,10.579999923706055,10.720000267028809,10.380000114440918,10.619999885559082,10.379568099975586,55463701
2023-06-01,10.699999809265137,11.180000305175781,10.65999984741211,10.84000015258789,10.594588279724121,35186714
2023-06-02,10.960000038146973,11.680000305175781,10.960000038146973,11.4399995803833,11.18100357055664,142417881
2023-06-05,11.420000076293945,11.4399995803833,11.0600004196167,11.300000190734863,11.044173240661621,50728893
2023-06-06,11.399999618530273,11.600000381469727,11.279999732971191,11.399999618530273,11.1419095993042,25910534
2023-06-07,11.380000114440918,11.600000381469727,11.380000114440918,11.4399995803833,11.18100357055664,13199909
2023-06-08,11.260000228881836,11.579999923706055,11.119999885559082,11.5,11.239645004272461,18942363
2023-06-09,11.720000267028809,11.9399995803833,11.539999961853027,11.619999885559082,11.356927871704102,17062335
2023-06-12,11.65999984741211,11.65999984741211,11.5,11.579999923706055,11.31783390045166,9314115
2023-06-13,11.579999923706055,11.640000343322754,11.479999542236328,11.619999885559082,11.356927871704102,18242299
2023-06-14,11.619999885559082,12.079999923706055,11.5600004196167,11.819999694824219,11.552400588989258,27275366
2023-06-15,11.880000114440918,11.979999542236328,11.520000457763672,11.979999542236328,11.70877742767334,34985959
2023-06-16,12.0,12.359999656677246,12.0,12.319999694824219,12.041080474853516,49516598
2023-06-19,12.300000190734863,12.300000190734863,11.979999542236328,12.100000381469727,11.826061248779297,18073590
2023-06-20,11.960000038146973,12.079999923706055,11.800000190734863,11.979999542236328,11.70877742767334,19850649
2023-06-21,11.699999809265137,12.0600004196167,11.619999885559082,11.899999618530273,11.630589485168457,24426784
2023-06-23,11.859999656677246,11.979999542236328,11.699999809265137,11.800000190734863,11.532854080200195,29760693
2023-06-26,11.800000190734863,11.859999656677246,11.539999961853027,11.699999809265137,11.435117721557617,21334186
2023-06-27,11.699999809265137,12.039999961853027,11.5600004196167,11.899999618530273,11.630589485168457,25656877
2023-06-28,11.699999809265137,11.859999656677246,11.600000381469727,11.819999694824219,11.552400588989258,15603078
2023-06-29,11.739999771118164,11.739999771118164,11.420000076293945,11.539999961853027,11.278738975524902,23510908
2023-06-30,11.539999961853027,11.579999923706055,11.380000114440918,11.5,11.239645004272461,18203264
2023-07-03,11.5600004196167,12.180000305175781,11.5600004196167,12.020000457763672,11.747873306274414,33385504
2023-07-04,12.15999984741211,12.260000228881836,11.859999656677246,11.979999542236328,11.70877742767334,14524556
2023-07-05,11.979999542236328,12.100000381469727,11.880000114440918,12.0,11.728325843811035,12066162
2023-07-06,11.880000114440918,11.880000114440918,11.539999961853027,11.619999885559082,11.356927871704102,23531330
2023-07-07,11.399999618530273,11.579999923706055,11.15999984741211,11.460000038146973,11.200550079345703,25465948
2023-07-10,11.5600004196167,11.800000190734863,11.399999618530273,11.4399995803833,11.18100357055664,20425395
2023-07-11,11.640000343322754,11.9399995803833,11.640000343322754,11.800000190734863,11.532854080200195,21207709
2023-07-12,12.0,12.0,11.739999771118164,11.979999542236328,11.70877742767334,22118000
2023-07-13,12.380000114440918,12.920000076293945,12.34000015258789,12.619999885559082,12.334288597106934,62820064
2023-07-14,12.880000114440918,12.960000038146973,12.699999809265137,12.800000190734863,12.510213851928711,31164275
2023-07-18,12.5600004196167,12.739999771118164,12.380000114440918,12.65999984741211,12.373383522033691,35032437
2023-07-19,12.819999694824219,12.859999656677246,12.600000381469727,12.640000343322754,12.353836059570312,24175495
2023-07-20,12.680000305175781,13.039999961853027,12.640000343322754,12.739999771118164,12.451571464538574,22766346
2023-07-21,12.720000267028809,12.899999618530273,12.520000457763672,12.739999771118164,12.451571464538574,11373456
2023-07-24,12.800000190734863,12.800000190734863,12.399999618530273,12.479999542236328,12.197457313537598,12487823
2023-07-25,12.979999542236328,13.199999809265137,12.920000076293945,13.140000343322754,12.842516899108887,25857068
2023-07-26,13.180000305175781,13.5,13.0,13.479999542236328,13.17481803894043,29534593
2023-07-27,13.5,13.5,13.15999984741211,13.319999694824219,13.018441200256348,27257000
2023-07-28,13.0,13.15999984741211,12.720000267028809,12.960000038146973,12.666590690612793,29246110
2023-07-31,13.479999542236328,13.5600004196167,13.119999885559082,13.359999656677246,13.057535171508789,31303006
2023-08-01,13.399999618530273,13.779999732971191,13.279999732971191,13.319999694824219,13.018441200256348,19427871
2023-08-02,13.0600004196167,13.239999771118164,12.960000038146973,12.979999542236328,12.686139106750488,23734175
2023-08-03,12.979999542236328,12.979999542236328,12.699999809265137,12.720000267028809,12.432024955749512,17126159
2023-08-04,12.720000267028809,13.180000305175781,12.720000267028809,12.899999618530273,12.607950210571289,17387151
2023-08-07,12.760000228881836,12.9399995803833,12.680000305175781,12.800000190734863,12.510213851928711,19787955
2023-08-08,12.779999732971191,13.140000343322754,12.600000381469727,12.920000076293945,12.627496719360352,24764824
2023-08-09,12.720000267028809,13.100000381469727,12.720000267028809,12.9399995803833,12.64704418182373,14690520
2023-08-10,12.880000114440918,12.960000038146973,12.779999732971191,12.880000114440918,12.58840274810791,10593221
2023-08-11,12.880000114440918,12.880000114440918,12.5,12.619999885559082,12.334288597106934,12311200
2023-08-14,12.300000190734863,12.460000038146973,12.0600004196167,12.4399995803833,12.158363342285156,31169725
2023-08-15,12.420000076293945,12.460000038146973,12.119999885559082,12.279999732971191,12.001985549926758,25699459
2023-08-16,12.079999923706055,12.180000305175781,11.979999542236328,12.119999885559082,11.845608711242676,11582180
2023-08-17,11.880000114440918,12.260000228881836,11.680000305175781,12.180000305175781,11.904250144958496,27296463
2023-08-18,12.180000305175781,12.399999618530273,11.9399995803833,11.9399995803833,11.669683456420898,13950836
2023-08-21,11.760000228881836,11.9399995803833,11.65999984741211,11.760000228881836,11.493759155273438,32829049
2023-08-22,11.699999809265137,12.260000228881836,11.699999809265137,12.239999771118164,11.962891578674316,40598661
2023-08-23,12.220000267028809,12.319999694824219,12.0,12.100000381469727,11.826061248779297,28307300
2023-08-24,12.4399995803833,12.65999984741211,12.300000190734863,12.479999542236328,12.197457313537598,31382466
2023-08-25,12.479999542236328,12.479999542236328,12.140000343322754,12.239999771118164,11.962891578674316,11601081
2023-08-28,12.5,12.699999809265137,11.84000015258789,11.979999542236328,11.70877742767334,17787219
2023-08-29,11.880000114440918,12.300000190734863,11.84000015258789,12.079999923706055,11.806513786315918,15963023
2023-08-30,12.399999618530273,12.460000038146973,12.180000305175781,12.359999656677246,12.080174446105957,21945162
2023-08-31,12.699999809265137,12.699999809265137,12.220000267028809,12.34000015258789,12.060628890991211,22014207
2023-09-04,12.680000305175781,13.380000114440918,12.680000305175781,13.34000015258789,13.037988662719727,58844051
2023-09-05,13.260000228881836,13.260000228881836,12.920000076293945,12.979999542236328,12.686139106750488,20713560
2023-09-06,12.720000267028809,13.100000381469727,12.720000267028809,13.020000457763672,12.725234031677246,37033669
2023-09-07,12.84000015258789,12.880000114440918,12.65999984741211,12.720000267028809,12.432024955749512,21560355
2023-09-11,12.5600004196167,12.920000076293945,12.420000076293945,12.779999732971191,12.490666389465332,17330144
2023-09-12,12.760000228881836,12.819999694824219,12.539999961853027,12.579999923706055,12.295194625854492,14347122
2023-09-13,12.579999923706055,12.699999809265137,12.479999542236328,12.520000457763672,12.236552238464355,12992633
2023-09-14,12.479999542236328,12.9399995803833,12.479999542236328,12.800000190734863,12.510213851928711,21840300
2023-09-15,13.180000305175781,13.4399995803833,13.020000457763672,13.15999984741211,12.862062454223633,38458612
2023-09-18,13.140000343322754,13.140000343322754,12.819999694824219,12.9399995803833,12.64704418182373,13551246
2023-09-19,12.9399995803833,13.220000267028809,12.899999618530273,13.220000267028809,12.920705795288086,14342332
2023-09-20,13.0,13.260000228881836,13.0,13.180000305175781,12.881611824035645,18587601
2023-09-21,12.880000114440918,13.0600004196167,12.800000190734863,12.859999656677246,12.568855285644531,11778990
2023-09-22,12.720000267028809,12.880000114440918,12.520000457763672,12.819999694824219,12.529760360717773,15756124
2023-09-25,12.640000343322754,12.880000114440918,12.520000457763672,12.600000381469727,12.314742088317871,15788543
2023-09-26,12.699999809265137,12.699999809265137,12.260000228881836,12.380000114440918,12.099722862243652,21239624
2023-09-27,12.319999694824219,12.380000114440918,12.079999923706055,12.119999885559082,11.845608711242676,18099230
2023-09-28,12.119999885559082,12.220000267028809,11.720000267028809,11.819999694824219,11.552400588989258,38487202
2023-09-29,11.819999694824219,12.079999923706055,11.760000228881836,11.979999542236328,11.70877742767334,16203786
2023-10-03,11.600000381469727,11.640000343322754,11.319999694824219,11.539999961853027,11.278738975524902,18422157
2023-10-04,11.460000038146973,11.479999542236328,11.239999771118164,11.399999618530273,11.1419095993042,13330940
2023-10-05,11.399999618530273,11.399999618530273,11.199999809265137,11.279999732971191,11.024625778198242,12039377
2023-10-06,11.199999809265137,11.460000038146973,11.199999809265137,11.380000114440918,11.12236213684082,10730936
2023-10-09,11.5,12.020000457763672,11.460000038146973,11.800000190734863,11.532854080200195,19226025
2023-10-10,11.800000190734863,12.15999984741211,11.800000190734863,11.920000076293945,11.650136947631836,13987626
2023-10-11,11.979999542236328,12.100000381469727,11.819999694824219,11.899999618530273,11.630589485168457,20400855
2023-10-12,11.960000038146973,12.239999771118164,11.960000038146973,12.020000457763672,11.747873306274414,13032937
2023-10-13,11.84000015258789,12.0,11.779999732971191,11.819999694824219,11.552400588989258,10244385
2023-10-16,12.119999885559082,12.239999771118164,11.739999771118164,11.760000228881836,11.493759155273438,16139113
2023-10-17,11.880000114440918,11.9399995803833,11.760000228881836,11.819999694824219,11.552400588989258,11581910
2023-10-18,11.960000038146973,11.979999542236328,11.739999771118164,11.800000190734863,11.532854080200195,13436367
2023-10-19,11.640000343322754,11.760000228881836,11.5600004196167,11.699999809265137,11.435117721557617,16489101
2023-10-20,11.640000343322754,11.800000190734863,11.4399995803833,11.619999885559082,11.356927871704102,18736209
2023-10-24,11.34000015258789,11.619999885559082,11.300000190734863,11.5600004196167,11.298287391662598,21536284
2023-10-25,11.880000114440918,12.100000381469727,11.760000228881836,11.819999694824219,11.552400588989258,20619067
2023-10-26,11.859999656677246,11.859999656677246,11.5600004196167,11.699999809265137,11.435117721557617,13814114
2023-10-27,11.760000228881836,11.880000114440918,11.619999885559082,11.819999694824219,11.552400588989258,12338325
2023-10-30,11.800000190734863,12.380000114440918,11.800000190734863,12.260000228881836,11.982439994812012,21637306
2023-10-31,12.220000267028809,12.239999771118164,12.020000457763672,12.15999984741211,11.884702682495117,15441066
2023-11-01,12.119999885559082,12.15999984741211,11.800000190734863,11.9399995803833,11.669683456420898,13301280
2023-11-02,12.0600004196167,12.180000305175781,11.9399995803833,12.0,11.728325843811035,11739074
2023-11-03,12.079999923706055,12.100000381469727,11.779999732971191,11.979999542236328,11.70877742767334,25172396
2023-11-06,12.0600004196167,12.220000267028809,11.760000228881836,11.880000114440918,11.611042022705078,21599856
2023-11-07,11.800000190734863,12.020000457763672,11.680000305175781,11.9399995803833,11.669683456420898,15250223
2023-11-08,11.800000190734863,11.899999618530273,11.579999923706055,11.65999984741211,11.39602279663086,19506090
2023-11-09,11.65999984741211,11.779999732971191,11.5,11.739999771118164,11.474211692810059,29362673
2023-11-10,11.65999984741211,11.739999771118164,11.4399995803833,11.5,11.239645004272461,10225658
2023-11-13,11.600000381469727,11.680000305175781,11.420000076293945,11.65999984741211,11.39602279663086,9281060
2023-11-14,11.680000305175781,11.680000305175781,11.5,11.520000457763672,11.259193420410156,7754743
2023-11-15,11.819999694824219,12.119999885559082,11.819999694824219,12.119999885559082,11.845608711242676,30884278
2023-11-16,12.0,12.100000381469727,11.779999732971191,11.979999542236328,11.70877742767334,14306288
2023-11-17,11.979999542236328,12.079999923706055,11.739999771118164,11.779999732971191,11.5133056640625,16547453
2023-11-20,11.899999618530273,11.9399995803833,11.699999809265137,11.880000114440918,11.611042022705078,15088466
2023-11-21,11.880000114440918,12.260000228881836,11.880000114440918,12.100000381469727,11.826061248779297,20903625
2023-11-22,12.100000381469727,12.199999809265137,12.039999961853027,12.180000305175781,11.904250144958496,16624908
2023-11-23,12.15999984741211,12.15999984741211,11.84000015258789,12.039999961853027,11.767419815063477,11075000
2023-11-24,12.039999961853027,12.039999961853027,11.779999732971191,11.84000015258789,11.571948051452637,15624983
2023-11-27,11.960000038146973,12.020000457763672,11.720000267028809,11.819999694824219,11.552400588989258,12994941
2023-11-28,11.859999656677246,11.880000114440918,11.65999984741211,11.800000190734863,11.532854080200195,17367040
2023-11-29,12.020000457763672,12.300000190734863,12.0,12.220000267028809,11.943345069885254,41248572
2023-11-30,12.279999732971191,12.460000038146973,12.180000305175781,12.380000114440918,12.099722862243652,37211976
2023-12-01,12.239999771118164,12.34000015258789,12.119999885559082,12.140000343322754,11.865156173706055,10712652
2023-12-04,12.5600004196167,12.920000076293945,12.479999542236328,12.600000381469727,12.314742088317871,55301606
2023-12-05,12.4399995803833,12.5,12.100000381469727,12.180000305175781,11.904250144958496,37093734
2023-12-06,12.15999984741211,12.260000228881836,11.84000015258789,12.180000305175781,11.904250144958496,19249667
2023-12-07,12.039999961853027,12.0600004196167,11.760000228881836,12.0,11.728325843811035,22776618
2023-12-08,12.0,12.0,11.600000381469727,11.640000343322754,11.376476287841797,25362085
2023-12-11,11.520000457763672,11.739999771118164,11.420000076293945,11.65999984741211,11.39602279663086,23507216
2023-12-12,11.5,11.699999809265137,11.4399995803833,11.619999885559082,11.410693168640137,17519545
2023-12-13,11.600000381469727,11.600000381469727,11.359999656677246,11.4399995803833,11.23393440246582,28698850
2023-12-14,11.84000015258789,11.979999542236328,11.239999771118164,11.34000015258789,11.135736465454102,62503960
2023-12-15,11.5600004196167,12.039999961853027,11.539999961853027,11.899999618530273,11.685648918151855,73505263
2023-12-18,11.800000190734863,11.960000038146973,11.699999809265137,11.920000076293945,11.705288887023926,30202227
2023-12-19,11.920000076293945,11.960000038146973,11.699999809265137,11.9399995803833,11.72492790222168,18967473
2023-12-20,12.100000381469727,12.359999656677246,12.0,12.300000190734863,12.078444480895996,40935345
2023-12-21,12.100000381469727,12.420000076293945,12.020000457763672,12.300000190734863,12.078444480895996,22215916
2023-12-22,12.300000190734863,12.539999961853027,12.260000228881836,12.399999618530273,12.176642417907715,28672562
2023-12-27,12.4399995803833,12.739999771118164,12.359999656677246,12.699999809265137,12.47123908996582,29290083
2023-12-28,12.800000190734863,13.020000457763672,12.720000267028809,12.800000190734863,12.569437980651855,32561200
2023-12-29,12.619999885559082,12.779999732971191,12.619999885559082,12.720000267028809,12.49087905883789,18165248
2024-01-02,12.699999809265137,12.920000076293945,12.520000457763672,12.859999656677246,12.62835693359375,21928217
2024-01-03,12.65999984741211,12.819999694824219,12.579999923706055,12.739999771118164,12.510519027709961,16097226
2024-01-04,12.699999809265137,12.699999809265137,12.460000038146973,12.640000343322754,12.412320137023926,18266174
2024-01-05,12.600000381469727,12.819999694824219,12.520000457763672,12.600000381469727,12.373041152954102,14237389
2024-01-08,12.600000381469727,12.739999771118164,12.380000114440918,12.460000038146973,12.235562324523926,14648906
2024-01-09,12.4399995803833,12.619999885559082,12.380000114440918,12.5,12.27484130859375,12224223
2024-01-10,12.5,12.600000381469727,12.34000015258789,12.420000076293945,12.196282386779785,11579821
2024-01-11,12.420000076293945,12.479999542236328,12.220000267028809,12.220000267028809,11.999885559082031,13681505
2024-01-12,12.199999809265137,12.420000076293945,12.140000343322754,12.319999694824219,12.09808349609375,12966962
2024-01-15,12.399999618530273,12.399999618530273,12.199999809265137,12.359999656677246,12.137362480163574,10594972
2024-01-16,12.239999771118164,12.420000076293945,12.100000381469727,12.140000343322754,11.921326637268066,13266912
2024-01-17,12.020000457763672,12.100000381469727,11.359999656677246,11.420000076293945,11.214295387268066,47881905
2024-01-18,11.319999694824219,11.520000457763672,11.119999885559082,11.420000076293945,11.214295387268066,32268574
2024-01-19,11.319999694824219,11.619999885559082,11.279999732971191,11.460000038146973,11.253575325012207,20478885
2024-01-22,11.300000190734863,11.460000038146973,10.880000114440918,11.079999923706055,10.88041877746582,44139814
2024-01-23,10.899999618530273,11.180000305175781,10.699999809265137,11.039999961853027,10.841140747070312,31738197
2024-01-24,11.239999771118164,11.619999885559082,11.039999961853027,11.5600004196167,11.351774215698242,41588712
2024-01-25,11.5600004196167,12.460000038146973,11.5,12.359999656677246,12.137362480163574,59695672
2024-01-26,12.15999984741211,12.220000267028809,11.979999542236328,12.020000457763672,11.803488731384277,29682574
2024-01-29,12.0600004196167,12.199999809265137,12.020000457763672,12.100000381469727,11.882046699523926,13662886
2024-01-30,12.0,12.100000381469727,11.680000305175781,11.720000267028809,11.508892059326172,22378226
2024-01-31,11.720000267028809,11.84000015258789,11.520000457763672,11.579999923706055,11.371413230895996,23450929
2024-02-01,11.699999809265137,11.880000114440918,11.399999618530273,11.779999732971191,11.56781005859375,22531855
2024-02-02,11.859999656677246,12.199999809265137,11.760000228881836,11.880000114440918,11.666009902954102,20330565
2024-02-05,11.699999809265137,11.739999771118164,11.520000457763672,11.5600004196167,11.351774215698242,23546624
2024-02-06,11.5600004196167,11.720000267028809,11.5,11.680000305175781,11.469612121582031,28584000
2024-02-07,11.680000305175781,11.960000038146973,11.619999885559082,11.680000305175781,11.469612121582031,22679221
2024-02-08,11.600000381469727,11.800000190734863,11.579999923706055,11.600000381469727,11.391053199768066,21011520
2024-02-09,11.479999542236328,11.520000457763672,11.220000267028809,11.460000038146973,11.253575325012207,5454216
2024-02-14,11.239999771118164,11.5,11.0,11.399999618530273,11.194655418395996,10503768
2024-02-15,11.479999542236328,11.479999542236328,11.220000267028809,11.420000076293945,11.214295387268066,13490638
2024-02-16,11.5,11.760000228881836,11.460000038146973,11.739999771118164,11.528531074523926,17111375
2024-02-19,11.739999771118164,12.359999656677246,11.680000305175781,12.34000015258789,12.117724418640137,36981680
2024-02-20,12.319999694824219,12.600000381469727,12.199999809265137,12.399999618530273,12.176642417907715,23269463
2024-02-21,12.34000015258789,12.859999656677246,12.279999732971191,12.739999771118164,12.510519027709961,27321106
2024-02-22,12.739999771118164,13.079999923706055,12.619999885559082,13.039999961853027,12.80511474609375,28538000
2024-02-23,12.960000038146973,13.460000038146973,12.920000076293945,13.420000076293945,13.17827033996582,39621013
2024-02-26,13.380000114440918,13.5,12.979999542236328,13.100000381469727,12.864034652709961,32787134
2024-02-27,12.979999542236328,13.15999984741211,12.800000190734863,13.100000381469727,12.864034652709961,21554285
2024-02-28,13.100000381469727,13.180000305175781,12.699999809265137,12.720000267028809,12.49087905883789,24673369
2024-02-29,12.720000267028809,12.880000114440918,12.619999885559082,12.65999984741211,12.43195915222168,26909997
2024-03-01,12.600000381469727,12.899999618530273,12.520000457763672,12.84000015258789,12.608717918395996,23883839
2024-03-04,13.119999885559082,13.279999732971191,12.9399995803833,13.100000381469727,12.864034652709961,23279087
2024-03-05,12.960000038146973,13.539999961853027,12.880000114440918,13.279999732971191,13.040791511535645,40767887
2024-03-06,13.300000190734863,14.140000343322754,13.300000190734863,14.100000381469727,13.84602165222168,47763153
2024-03-07,14.199999809265137,14.84000015258789,14.199999809265137,14.5600004196167,14.297736167907715,55873357
2024-03-08,14.720000267028809,14.819999694824219,14.319999694824219,14.680000305175781,14.415574073791504,31068146
2024-03-11,14.9399995803833,15.119999885559082,14.4399995803833,14.600000381469727,14.337015151977539,29262331
2024-03-12,14.680000305175781,14.760000228881836,14.34000015258789,14.4399995803833,14.17989730834961,26269057
2024-03-13,14.199999809265137,14.979999542236328,14.199999809265137,14.9399995803833,14.670889854431152,35771628
2024-03-14,15.479999542236328,15.979999542236328,15.300000190734863,15.460000038146973,15.181524276733398,58370050
2024-03-15,15.220000267028809,15.9399995803833,15.119999885559082,15.859999656677246,15.574318885803223,61894022
2024-03-18,15.699999809265137,15.819999694824219,15.359999656677246,15.600000381469727,15.319002151489258,26047703
2024-03-19,15.5,15.760000228881836,15.239999771118164,15.359999656677246,15.083325386047363,32898105
2024-03-20,15.239999771118164,15.279999732971191,14.84000015258789,15.239999771118164,14.965486526489258,35940338
2024-03-21,15.859999656677246,16.0,15.539999961853027,15.640000343322754,15.358282089233398,34467389
2024-03-22,15.579999923706055,15.579999923706055,14.880000114440918,15.220000267028809,14.945847511291504,30198089
2024-03-25,14.880000114440918,15.65999984741211,14.84000015258789,15.4399995803833,15.161884307861328,49546585
2024-03-26,15.5,15.5,14.819999694824219,15.039999961853027,14.769088745117188,45014548
2024-03-27,14.9399995803833,15.539999961853027,14.899999618530273,15.34000015258789,15.063685417175293,27819649
2024-03-28,15.300000190734863,15.899999618530273,15.119999885559082,15.619999885559082,15.338642120361328,31806770
2024-04-02,16.31999969482422,16.780000686645508,16.020000457763672,16.219999313354492,15.927833557128906,46253710
2024-04-03,16.34000015258789,16.899999618530273,16.31999969482422,16.81999969482422,16.517026901245117,57967598
2024-04-05,16.81999969482422,17.020000457763672,16.579999923706055,16.780000686645508,16.47774887084961,34687394
2024-04-08,16.979999542236328,17.479999542236328,16.68000030517578,16.760000228881836,16.45810890197754,51570836
2024-04-09,16.579999923706055,16.959999084472656,16.5,16.799999237060547,16.497385025024414,52856685
2024-04-10,16.799999237060547,17.899999618530273,16.799999237060547,17.68000030517578,17.361536026000977,67059483
2024-04-11,17.600000381469727,18.239999771118164,17.299999237060547,17.760000228881836,17.440095901489258,60025381
2024-04-12,18.079999923706055,18.219999313354492,17.719999313354492,17.84000015258789,17.518653869628906,42281589
2024-04-15,17.579999923706055,17.899999618530273,17.420000076293945,17.739999771118164,17.420455932617188,48168349
2024-04-16,17.68000030517578,18.0,17.15999984741211,17.34000015258789,17.027660369873047,51679015
2024-04-17,17.299999237060547,17.559999465942383,17.079999923706055,17.360000610351562,17.047300338745117,36670832
2024-04-18,17.299999237060547,17.780000686645508,17.200000762939453,17.700000762939453,17.38117790222168,36784185
2024-04-19,17.700000762939453,18.34000015258789,17.5,17.739999771118164,17.420455932617188,45188264
2024-04-22,17.799999237060547,18.020000457763672,16.739999771118164,16.860000610351562,16.556306838989258,56000694
2024-04-23,16.559999465942383,16.860000610351562,16.139999389648438,16.34000015258789,16.045673370361328,80583584
2024-04-24,16.399999618530273,17.040000915527344,16.360000610351562,16.979999542236328,16.674144744873047,47881480
2024-04-25,16.979999542236328,17.139999389648438,16.540000915527344,17.059999465942383,16.752702713012695,30444717
2024-04-26,17.020000457763672,17.739999771118164,17.020000457763672,17.6200008392334,17.3026180267334,50170017
2024-04-29,17.600000381469727,17.600000381469727,17.100000381469727,17.459999084472656,17.145498275756836,36091199
2024-04-30,17.600000381469727,17.780000686645508,17.18000030517578,17.299999237060547,16.988380432128906,58099207
2024-05-02,17.1200008392334,17.760000228881836,16.959999084472656,17.420000076293945,17.106220245361328,24783615
2024-05-03,17.31999969482422,17.459999084472656,17.1200008392334,17.239999771118164,16.929462432861328,27505583
2024-05-06,17.219999313354492,17.299999237060547,16.639999389648438,17.280000686645508,16.96874237060547,41159237
2024-05-07,17.559999465942383,17.68000030517578,17.100000381469727,17.260000228881836,16.949100494384766,26661162
2024-05-08,17.059999465942383,17.3799991607666,16.920000076293945,17.200000762939453,16.890182495117188,28146167
2024-05-09,17.34000015258789,17.739999771118164,17.059999465942383,17.559999465942383,17.243698120117188,28079088
2024-05-10,17.8799991607666,18.1200008392334,17.6200008392334,18.1200008392334,17.793611526489258,39547360
2024-05-13,17.860000610351562,18.15999984741211,17.700000762939453,18.139999389648438,17.813249588012695,32177567
2024-05-14,18.15999984741211,18.65999984741211,18.139999389648438,18.3799991607666,18.048925399780273,40096094
2024-05-16,18.920000076293945,18.979999542236328,18.299999237060547,18.459999084472656,18.127485275268555,43176550
2024-05-17,18.600000381469727,18.760000228881836,18.1200008392334,18.739999771118164,18.402442932128906,41106084
2024-05-20,19.459999084472656,20.100000381469727,19.239999771118164,19.65999984741211,19.305871963500977,72196921
2024-05-21,19.579999923706055,19.700000762939453,18.219999313354492,18.520000457763672,18.392162322998047,64527930
2024-05-22,18.600000381469727,18.84000015258789,18.040000915527344,18.139999389648438,18.01478385925293,42643524
2024-05-23,17.600000381469727,17.860000610351562,17.18000030517578,17.479999542236328,17.359338760375977,48849156
2024-05-24,17.420000076293945,17.68000030517578,17.280000686645508,17.479999542236328,17.359338760375977,25925659
2024-05-27,17.31999969482422,18.15999984741211,17.260000228881836,18.059999465942383,17.935335159301758,36034591
2024-05-28,18.079999923706055,18.3799991607666,17.899999618530273,18.0,17.875749588012695,24999760
2024-05-29,17.979999542236328,18.360000610351562,17.65999984741211,17.959999084472656,17.83602523803711,49072385
2024-05-30,17.700000762939453,17.940000534057617,16.799999237060547,16.979999542236328,16.862791061401367,92096397
2024-05-31,17.139999389648438,17.3799991607666,16.440000534057617,16.540000915527344,16.42582893371582,64132858
2024-06-03,16.65999984741211,17.059999465942383,16.5,16.760000228881836,16.644309997558594,35307627
2024-06-04,16.799999237060547,17.0,16.600000381469727,16.700000762939453,16.58472442626953,48359376
2024-06-05,16.34000015258789,16.600000381469727,16.059999465942383,16.399999618530273,16.286794662475586,39212684
2024-06-06,16.799999237060547,17.260000228881836,16.719999313354492,17.040000915527344,16.922378540039062,53073676
2024-06-07,17.459999084472656,17.559999465942383,17.020000457763672,17.5,17.379201889038086,131222154
2024-06-11,17.0,17.079999923706055,16.440000534057617,16.639999389648438,16.525136947631836,74737355
2024-06-12,16.520000457763672,16.940000534057617,16.520000457763672,16.700000762939453,16.58472442626953,43830198
2024-06-13,16.899999618530273,17.059999465942383,16.139999389648438,16.3799991607666,16.266931533813477,58061923
2024-06-14,16.139999389648438,16.739999771118164,16.040000915527344,16.540000915527344,16.42582893371582,44021285
2024-06-17,16.5,16.719999313354492,16.239999771118164,16.31999969482422,16.207345962524414,41939877
2024-06-18,16.0,16.1200008392334,15.5600004196167,16.079999923706055,15.969003677368164,230106612
2024-06-19,16.1200008392334,16.760000228881836,16.079999923706055,16.540000915527344,16.42582893371582,94605448
2024-06-20,16.540000915527344,16.899999618530273,16.5,16.65999984741211,16.545000076293945,48661099
2024-06-21,16.84000015258789,16.959999084472656,16.3799991607666,16.440000534057617,16.326519012451172,62373858
2024-06-24,16.040000915527344,16.760000228881836,16.020000457763672,16.760000228881836,16.644309997558594,46641668
2024-06-25,16.700000762939453,16.81999969482422,16.34000015258789,16.6200008392334,16.505277633666992,41997851
2024-06-26,16.579999923706055,16.579999923706055,16.18000030517578,16.399999618530273,16.286794662475586,42893787
2024-06-27,16.219999313354492,16.280000686645508,15.819999694824219,15.960000038146973,15.849832534790039,53387218
2024-06-28,15.880000114440918,16.6200008392334,15.800000190734863,16.479999542236328,16.366241455078125,46455274
2024-07-02,16.81999969482422,16.920000076293945,16.440000534057617,16.6200008392334,16.505277633666992,43390687
2024-07-03,16.6200008392334,17.0,16.479999542236328,16.920000076293945,16.803205490112305,31851139
2024-07-04,17.31999969482422,17.799999237060547,17.280000686645508,17.31999969482422,17.200443267822266,54716255
2024-07-08,17.799999237060547,17.959999084472656,17.5,17.520000457763672,17.399065017700195,35219840
2024-07-09,17.540000915527344,17.959999084472656,17.540000915527344,17.84000015258789,17.716854095458984,49357778
2024-07-10,17.719999313354492,17.920000076293945,17.079999923706055,17.260000228881836,17.140859603881836,42158126
2024-07-11,17.459999084472656,17.81999969482422,17.399999618530273,17.6200008392334,17.498374938964844,34247808
2024-07-12,18.0,18.18000030517578,17.360000610351562,17.579999923706055,17.458648681640625,31190508
2024-07-15,17.739999771118164,18.0,17.5,17.68000030517578,17.557960510253906,34652693
2024-07-16,17.579999923706055,18.0,17.440000534057617,17.780000686645508,17.657270431518555,39224673
2024-07-17,18.280000686645508,18.280000686645508,16.780000686645508,16.959999084472656,16.842927932739258,71600060
2024-07-18,16.799999237060547,17.079999923706055,16.579999923706055,16.959999084472656,16.842927932739258,34777143
2024-07-19,16.579999923706055,16.579999923706055,16.020000457763672,16.31999969482422,16.207345962524414,67131291
2024-07-22,16.31999969482422,16.3799991607666,15.859999656677246,16.200000762939453,16.088176727294922,32069115
2024-07-23,16.219999313354492,16.3799991607666,15.579999923706055,15.739999771118164,15.63135051727295,51516791
2024-07-24,15.800000190734863,15.819999694824219,15.5600004196167,15.699999809265137,15.591626167297363,28605859
2024-07-25,15.600000381469727,15.619999885559082,14.720000267028809,14.899999618530273,14.797148704528809,86308105
2024-07-26,15.0,15.380000114440918,14.960000038146973,15.239999771118164,15.134801864624023,55784514
2024-07-29,15.399999618530273,15.779999732971191,15.260000228881836,15.5,15.393007278442383,58046292
2024-07-30,15.5,15.5,15.140000343322754,15.220000267028809,15.114940643310547,38422950
2024-07-31,15.220000267028809,16.020000457763672,15.220000267028809,15.859999656677246,15.750521659851074,55397682
2024-08-01,16.079999923706055,16.299999237060547,15.800000190734863,15.9399995803833,15.9399995803833,39309671
2024-08-02,15.479999542236328,15.579999923706055,15.180000305175781,15.5600004196167,15.5600004196167,52958176
2024-08-05,15.279999732971191,15.65999984741211,14.960000038146973,15.199999809265137,15.199999809265137,63386447
2024-08-06,15.180000305175781,15.380000114440918,14.720000267028809,14.800000190734863,14.800000190734863,48564784
2024-08-07,14.800000190734863,15.220000267028809,14.720000267028809,15.0600004196167,15.0600004196167,25071340
2024-08-08,15.0600004196167,15.0600004196167,14.739999771118164,14.9399995803833,14.9399995803833,34052532
2024-08-09,15.119999885559082,15.539999961853027,15.100000381469727,15.199999809265137,15.199999809265137,37371466
2024-08-12,15.140000343322754,15.34000015258789,15.020000457763672,15.300000190734863,15.300000190734863,31940396
2024-08-13,15.5600004196167,15.65999984741211,15.239999771118164,15.399999618530273,15.399999618530273,31041078
2024-08-14,15.399999618530273,15.539999961853027,15.119999885559082,15.359999656677246,15.359999656677246,31377874
2024-08-15,15.319999694824219,15.579999923706055,15.020000457763672,15.359999656677246,15.359999656677246,27871022
2024-08-16,15.600000381469727,16.079999923706055,15.600000381469727,15.779999732971191,15.779999732971191,40354993
2024-08-19,15.960000038146973,16.31999969482422,15.899999618530273,16.059999465942383,16.059999465942383,34142717
2024-08-20,16.100000381469727,16.219999313354492,15.819999694824219,16.0,16.0,22182418
2024-08-21,15.800000190734863,16.059999465942383,15.760000228881836,16.0,16.0,31506422
2024-08-22,16.0,16.139999389648438,15.720000267028809,16.040000915527344,16.040000915527344,23763580
2024-08-23,15.800000190734863,16.059999465942383,15.760000228881836,15.979999542236328,15.979999542236328,24698359
2024-08-26,16.280000686645508,16.5,16.040000915527344,16.31999969482422,16.31999969482422,41254846
2024-08-27,16.139999389648438,16.360000610351562,15.960000038146973,16.200000762939453,16.200000762939453,29621749
2024-08-28,16.18000030517578,16.219999313354492,15.619999885559082,15.800000190734863,15.800000190734863,35182053
2024-08-29,15.600000381469727,16.0,15.520000457763672,15.979999542236328,15.979999542236328,24389496
2024-08-30,16.0,16.18000030517578,15.680000305175781,15.819999694824219,15.819999694824219,56281678
2024-09-02,15.760000228881836,15.760000228881836,15.300000190734863,15.579999923706055,15.579999923706055,34140120
2024-09-03,15.5,15.5600004196167,15.239999771118164,15.279999732971191,15.279999732971191,18011338
2024-09-04,15.020000457763672,15.020000457763672,14.300000190734863,14.34000015258789,14.34000015258789,90469371
2024-09-05,14.5,14.680000305175781,14.180000305175781,14.34000015258789,14.34000015258789,38709907
2024-09-09,14.100000381469727,14.119999885559082,13.5600004196167,13.819999694824219,13.819999694824219,81651897
2024-09-10,13.699999809265137,13.920000076293945,13.699999809265137,13.819999694824219,13.819999694824219,35759078
2024-09-11,13.920000076293945,13.920000076293945,13.520000457763672,13.779999732971191,13.779999732971191,32517487
2024-09-12,13.979999542236328,14.119999885559082,13.600000381469727,13.960000038146973,13.960000038146973,31937416
2024-09-13,14.359999656677246,14.680000305175781,14.239999771118164,14.5,14.5,66815127
2024-09-16,14.5,14.739999771118164,14.420000076293945,14.739999771118164,14.739999771118164,16160209
2024-09-17,14.779999732971191,15.199999809265137,14.779999732971191,15.100000381469727,15.100000381469727,36120103
2024-09-19,15.079999923706055,15.539999961853027,14.699999809265137,15.479999542236328,15.479999542236328,75943860
2024-09-20,15.539999961853027,16.040000915527344,15.399999618530273,15.920000076293945,15.920000076293945,82964084
2024-09-23,15.920000076293945,16.18000030517578,15.800000190734863,16.0,16.0,46906921
2024-09-24,16.399999618530273,16.81999969482422,16.260000228881836,16.739999771118164,16.739999771118164,77651289
2024-09-25,17.079999923706055,17.5,16.959999084472656,17.040000915527344,17.040000915527344,99939337
2024-09-26,17.3799991607666,17.68000030517578,16.899999618530273,17.600000381469727,17.600000381469727,98865919
2024-09-27,18.31999969482422,18.34000015258789,17.079999923706055,17.600000381469727,17.600000381469727,131717187
2024-09-30,17.920000076293945,18.15999984741211,17.200000762939453,17.65999984741211,17.65999984741211,118622325
2024-10-02,17.84000015258789,18.459999084472656,17.559999465942383,18.399999618530273,18.399999618530273,68540091
2024-10-03,18.31999969482422,18.31999969482422,17.399999618530273,18.020000457763672,18.020000457763672,50576000
