Date,Open,High,Low,Close,Adj Close,Volume
2006-03-23,1.625,1.6749999523162842,1.600000023841858,1.662500023841858,0.9686517715454102,760316000
2006-03-24,1.6749999523162842,1.850000023841858,1.6749999523162842,1.8250000476837158,1.0633320808410645,549668000
2006-03-27,1.837499976158142,1.9249999523162842,1.8250000476837158,1.912500023841858,1.1143134832382202,237392000
2006-03-28,1.9249999523162842,1.9249999523162842,1.8250000476837158,1.850000023841858,1.0778981447219849,206764000
2006-03-29,1.837499976158142,1.8875000476837158,1.7999999523162842,1.875,1.092464566230774,140036000
2006-03-30,1.8875000476837158,1.899999976158142,1.837499976158142,1.850000023841858,1.0778981447219849,73678000
2006-03-31,1.875,1.875,1.8125,1.837499976158142,1.0706149339675903,69444000
2006-04-03,1.837499976158142,1.9249999523162842,1.8250000476837158,1.9249999523162842,1.1215968132019043,141112000
2006-04-04,1.912500023841858,1.975000023841858,1.875,1.8875000476837158,1.099747657775879,137696800
2006-04-06,1.912500023841858,1.9249999523162842,1.8624999523162842,1.875,1.092464566230774,91792000
2006-04-07,1.8875000476837158,1.8875000476837158,1.8250000476837158,1.837499976158142,1.0706149339675903,61154200
2006-04-10,1.837499976158142,1.8875000476837158,1.837499976158142,1.850000023841858,1.0778981447219849,61938000
2006-04-11,1.875,1.8875000476837158,1.850000023841858,1.850000023841858,1.0778981447219849,40360000
2006-04-12,1.8624999523162842,1.875,1.7999999523162842,1.8125,1.05604887008667,57820000
2006-04-13,1.8125,1.850000023841858,1.8125,1.837499976158142,1.0706149339675903,31886498
2006-04-18,1.837499976158142,1.837499976158142,1.725000023841858,1.787500023841858,1.0414828062057495,98200000
2006-04-19,1.7999999523162842,1.8125,1.7000000476837158,1.725000023841858,1.005067229270935,71536000
2006-04-20,1.712499976158142,1.837499976158142,1.649999976158142,1.8125,1.05604887008667,162770000
2006-04-21,1.7999999523162842,1.7999999523162842,1.725000023841858,1.7625000476837158,1.0269163846969604,53840000
2006-04-24,1.774999976158142,1.787500023841858,1.649999976158142,1.6875,0.9832178354263306,91992000
2006-04-25,1.6875,1.6875,1.537500023841858,1.6124999523162842,0.9395192861557007,77467800
2006-04-26,1.6124999523162842,1.6124999523162842,1.537500023841858,1.5750000476837158,0.917669951915741,55987132
2006-04-27,1.587499976158142,1.649999976158142,1.5625,1.6124999523162842,0.9395192861557007,50392000
2006-04-28,1.625,1.625,1.5,1.600000023841858,0.9322361350059509,48212000
2006-05-02,1.6124999523162842,1.625,1.5750000476837158,1.587499976158142,0.9249534606933594,18588668
2006-05-03,1.600000023841858,1.625,1.587499976158142,1.6124999523162842,0.9395192861557007,26020000
2006-05-04,1.6124999523162842,1.6124999523162842,1.587499976158142,1.6124999523162842,0.9395192861557007,13124000
2006-05-08,1.625,1.625,1.587499976158142,1.600000023841858,0.9322361350059509,22336000
2006-05-09,1.600000023841858,1.6124999523162842,1.5625,1.5750000476837158,0.917669951915741,15764000
2006-05-10,1.5750000476837158,1.600000023841858,1.524999976158142,1.5499999523162842,0.903103768825531,24432000
2006-05-11,1.5625,1.5625,1.524999976158142,1.5499999523162842,0.903103768825531,17704000
2006-05-12,1.5125000476837158,1.587499976158142,1.5125000476837158,1.5499999523162842,0.903103768825531,22236000
2006-05-15,1.524999976158142,1.537500023841858,1.5125000476837158,1.537500023841858,0.8958207964897156,14272000
2006-05-16,1.537500023841858,1.537500023841858,1.4249999523162842,1.475000023841858,0.8594053983688354,36036000
2006-05-17,1.475000023841858,1.5,1.4375,1.475000023841858,0.8594053983688354,25074000
2006-05-18,1.399999976158142,1.4375,1.3875000476837158,1.4375,0.8487187623977661,17116000
2006-05-19,1.4375,1.4874999523162842,1.4375,1.4500000476837158,0.8560991287231445,21968000
2006-05-22,1.462499976158142,1.475000023841858,1.2374999523162842,1.25,0.7380164265632629,36148000
2006-05-23,1.2625000476837158,1.2999999523162842,1.212499976158142,1.2374999523162842,0.7306361794471741,37420000
2006-05-24,1.25,1.2625000476837158,1.212499976158142,1.25,0.7380164265632629,24496000
2006-05-25,1.2374999523162842,1.2374999523162842,1.2000000476837158,1.2000000476837158,0.7084956169128418,10216000
2006-05-26,1.225000023841858,1.225000023841858,1.2000000476837158,1.225000023841858,0.7232560515403748,9696000
2006-05-29,1.225000023841858,1.25,1.212499976158142,1.212499976158142,0.7158758044242859,6168000
2006-05-30,1.212499976158142,1.2625000476837158,1.2000000476837158,1.2625000476837158,0.745396614074707,13232000
2006-06-01,1.2374999523162842,1.25,1.1875,1.2374999523162842,0.7306361794471741,23240000
2006-06-02,1.2374999523162842,1.274999976158142,1.225000023841858,1.25,0.7380164265632629,16484000
2006-06-05,1.274999976158142,1.350000023841858,1.2625000476837158,1.337499976158142,0.7896774411201477,22448000
2006-06-06,1.3125,1.399999976158142,1.2999999523162842,1.375,0.8118179440498352,26544000
2006-06-07,1.375,1.412500023841858,1.3624999523162842,1.3875000476837158,0.8191980123519897,20852000
2006-06-08,1.3624999523162842,1.3624999523162842,1.274999976158142,1.350000023841858,0.7970577478408813,21736000
2006-06-09,1.337499976158142,1.337499976158142,1.2625000476837158,1.3125,0.7749171853065491,19184000
2006-06-12,1.287500023841858,1.3250000476837158,1.274999976158142,1.3125,0.7749171853065491,4572000
2006-06-13,1.287500023841858,1.2999999523162842,1.25,1.2625000476837158,0.745396614074707,12600
2006-06-14,1.2625000476837158,1.274999976158142,1.225000023841858,1.25,0.7380164265632629,6520000
2006-06-15,1.25,1.274999976158142,1.2374999523162842,1.25,0.7380164265632629,3612000
2006-06-16,1.274999976158142,1.2999999523162842,1.2625000476837158,1.274999976158142,0.7527768015861511,9156000
2006-06-19,1.274999976158142,1.274999976158142,1.212499976158142,1.225000023841858,0.7232560515403748,6724000
2006-06-20,1.212499976158142,1.225000023841858,1.1875,1.2000000476837158,0.7084956169128418,11864000
2006-06-21,1.2000000476837158,1.212499976158142,1.1875,1.2000000476837158,0.7084956169128418,4776000
2006-06-22,1.2000000476837158,1.225000023841858,1.162500023841858,1.1749999523162842,0.6937352418899536,18004000
2006-06-23,1.1749999523162842,1.1749999523162842,1.087499976158142,1.1375000476837158,0.6715948581695557,31636000
2006-06-26,1.125,1.125,1.0750000476837158,1.125,0.6642146706581116,21840
2006-06-27,1.162500023841858,1.1875,1.162500023841858,1.1749999523162842,0.6937352418899536,23580000
2006-06-28,1.1375000476837158,1.2000000476837158,1.1375000476837158,1.1875,0.7011156678199768,11464000
2006-06-29,1.1875,1.25,1.1749999523162842,1.225000023841858,0.7232560515403748,24536000
2006-06-30,1.2625000476837158,1.287500023841858,1.2374999523162842,1.287500023841858,0.7601568698883057,21764000
2006-07-03,1.2999999523162842,1.3125,1.274999976158142,1.287500023841858,0.7601568698883057,14624000
2006-07-04,1.2999999523162842,1.3250000476837158,1.2999999523162842,1.3250000476837158,0.7822973728179932,14632000
2006-07-05,1.3125,1.3125,1.274999976158142,1.287500023841858,0.7601568698883057,5868000
2006-07-06,1.274999976158142,1.3875000476837158,1.25,1.3875000476837158,0.8191980123519897,36636000
2006-07-07,1.399999976158142,1.4249999523162842,1.375,1.3875000476837158,0.8191980123519897,36096000
2006-07-10,1.375,1.399999976158142,1.350000023841858,1.3875000476837158,0.8191980123519897,14948000
2006-07-11,1.399999976158142,1.399999976158142,1.337499976158142,1.350000023841858,0.7970577478408813,10200000
2006-07-12,1.3624999523162842,1.4375,1.3624999523162842,1.4375,0.8487187623977661,35848000
2006-07-13,1.4249999523162842,1.4375,1.3875000476837158,1.3875000476837158,0.8191980123519897,17116000
2006-07-14,1.350000023841858,1.462499976158142,1.350000023841858,1.4249999523162842,0.8413386940956116,28114000
2006-07-17,1.412500023841858,1.412500023841858,1.375,1.3875000476837158,0.8191980123519897,9180000
2006-07-18,1.3875000476837158,1.399999976158142,1.3624999523162842,1.3624999523162842,0.8044377565383911,5148000
2006-07-19,1.375,1.3875000476837158,1.2999999523162842,1.3125,0.7749171853065491,10230800
2006-07-20,1.350000023841858,1.4249999523162842,1.350000023841858,1.3875000476837158,0.8191980123519897,29876000
2006-07-21,1.375,1.3875000476837158,1.3624999523162842,1.3875000476837158,0.8191980123519897,3112000
2006-07-24,1.375,1.375,1.350000023841858,1.3550000190734863,0.8000097870826721,3916000
2006-07-25,1.375,1.375,1.3250000476837158,1.3250000476837158,0.7822973728179932,11812000
2006-07-26,1.3350000381469727,1.3450000286102295,1.2999999523162842,1.315000057220459,0.7763931751251221,10772000
2006-07-27,1.3200000524520874,1.3300000429153442,1.309999942779541,1.3200000524520874,0.7793452143669128,7404000
2006-07-28,1.3350000381469727,1.350000023841858,1.284999966621399,1.2999999523162842,0.7675370573997498,8580600
2006-07-31,1.309999942779541,1.3250000476837158,1.3049999475479126,1.3250000476837158,0.7822973728179932,4316000
2006-08-01,1.3350000381469727,1.3350000381469727,1.3049999475479126,1.309999942779541,0.7734410166740417,4644000
2006-08-02,1.309999942779541,1.340000033378601,1.309999942779541,1.340000033378601,0.7911534905433655,5480000
2006-08-03,1.340000033378601,1.3700000047683716,1.3250000476837158,1.3700000047683716,0.8088659644126892,8792000
2006-08-04,1.3700000047683716,1.3849999904632568,1.3600000143051147,1.3700000047683716,0.8088659644126892,9036000
2006-08-07,1.3849999904632568,1.4049999713897705,1.3849999904632568,1.399999976158142,0.8265783190727234,12756000
2006-08-08,1.409999966621399,1.409999966621399,1.3849999904632568,1.399999976158142,0.8265783190727234,5920000
2006-08-09,1.399999976158142,1.399999976158142,1.3799999952316284,1.3949999809265137,0.8236259818077087,3432000
2006-08-10,1.3849999904632568,1.4149999618530273,1.3799999952316284,1.3799999952316284,0.8147701025009155,11488000
2006-08-11,1.3799999952316284,1.3899999856948853,1.3600000143051147,1.3600000143051147,0.8029618263244629,8608000
2006-08-14,1.3700000047683716,1.3700000047683716,1.340000033378601,1.350000023841858,0.7970577478408813,4936000
2006-08-15,1.350000023841858,1.350000023841858,1.3300000429153442,1.350000023841858,0.7970577478408813,3660000
2006-08-16,1.3600000143051147,1.3949999809265137,1.3600000143051147,1.3949999809265137,0.8236259818077087,8560000
2006-08-17,1.399999976158142,1.409999966621399,1.375,1.399999976158142,0.8265783190727234,8552000
2006-08-18,1.3899999856948853,1.4149999618530273,1.3899999856948853,1.4049999713897705,0.8295302987098694,9244000
2006-08-21,1.3899999856948853,1.3899999856948853,1.350000023841858,1.3700000047683716,0.8088659644126892,3824000
2006-08-22,1.3650000095367432,1.399999976158142,1.3650000095367432,1.399999976158142,0.8265783190727234,4948000
2006-08-23,1.399999976158142,1.4049999713897705,1.3799999952316284,1.399999976158142,0.8265783190727234,8344000
2006-08-24,1.3899999856948853,1.399999976158142,1.375,1.3849999904632568,0.8177221417427063,4668000
2006-08-25,1.3799999952316284,1.3849999904632568,1.3600000143051147,1.3650000095367432,0.8059139847755432,4940000
2006-08-28,1.3700000047683716,1.375,1.3600000143051147,1.3700000047683716,0.8088659644126892,1188000
2006-08-29,1.2999999523162842,1.3849999904632568,1.25,1.375,0.8118179440498352,46020000
2006-08-30,1.3700000047683716,1.4299999475479126,1.3450000286102295,1.4249999523162842,0.8413386940956116,35396000
2006-08-31,1.440000057220459,1.4800000190734863,1.3849999904632568,1.4700000286102295,0.8679074645042419,21012000
2006-09-01,1.4800000190734863,1.5499999523162842,1.4550000429153442,1.5449999570846558,0.9121881127357483,40936000
2006-09-04,1.5499999523162842,1.600000023841858,1.5449999570846558,1.590000033378601,0.93875652551651,31520000
2006-09-05,1.5850000381469727,1.5850000381469727,1.524999976158142,1.5499999523162842,0.9151400327682495,12390000
2006-09-06,1.5499999523162842,1.565000057220459,1.5149999856948853,1.5399999618530273,0.9092360734939575,9173512
2006-09-07,1.590000033378601,1.7000000476837158,1.5750000476837158,1.684999942779541,0.9948460459709167,81228000
2006-09-08,1.684999942779541,1.7350000143051147,1.684999942779541,1.7000000476837158,1.003702163696289,41114020
2006-09-11,1.7000000476837158,1.7050000429153442,1.6050000190734863,1.649999976158142,0.9741815328598022,19264000
2006-09-12,1.659999966621399,1.659999966621399,1.6150000095367432,1.6299999952316284,0.9623734354972839,22390200
2006-09-13,1.6549999713897705,1.690000057220459,1.6549999713897705,1.690000057220459,0.9977979063987732,14776000
2006-09-14,1.684999942779541,1.7300000190734863,1.684999942779541,1.7300000190734863,1.0214146375656128,27999326
2006-09-15,1.725000023841858,1.7899999618530273,1.690000057220459,1.7699999809265137,1.045031189918518,36700000
2006-09-18,1.75,1.774999976158142,1.7300000190734863,1.7549999952316284,1.0361748933792114,16804000
2006-09-19,1.7599999904632568,1.8049999475479126,1.75,1.7999999523162842,1.0627434253692627,27164000
2006-09-20,1.784999966621399,1.850000023841858,1.7799999713897705,1.8450000286102295,1.089312195777893,34692000
2006-09-21,1.850000023841858,1.8600000143051147,1.8049999475479126,1.815000057220459,1.0715999603271484,22784000
2006-09-22,1.8049999475479126,1.875,1.8049999475479126,1.8600000143051147,1.0981683731079102,29448000
2006-09-25,1.8600000143051147,1.8700000047683716,1.840000033378601,1.850000023841858,1.0922642946243286,15428000
2006-09-26,1.840000033378601,1.8600000143051147,1.75,1.8350000381469727,1.083407998085022,37330000
2006-09-27,1.8250000476837158,1.8550000190734863,1.8200000524520874,1.8450000286102295,1.089312195777893,21496000
2006-09-28,1.850000023841858,1.9199999570846558,1.850000023841858,1.8949999809265137,1.1188325881958008,50752000
2006-09-29,1.8949999809265137,1.9049999713897705,1.840000033378601,1.8899999856948853,1.1158808469772339,11740000
2006-10-03,1.8849999904632568,1.8849999904632568,1.850000023841858,1.8550000190734863,1.0952163934707642,4154000
2006-10-04,1.8600000143051147,1.8650000095367432,1.809999942779541,1.8300000429153442,1.0804557800292969,7890000
2006-10-05,1.8300000429153442,1.840000033378601,1.809999942779541,1.8200000524520874,1.0745519399642944,23160000
2006-10-06,1.8200000524520874,1.8200000524520874,1.725000023841858,1.8049999475479126,1.0656954050064087,30648000
2006-10-09,1.7599999904632568,1.7649999856948853,1.7050000429153442,1.7350000143051147,1.0243666172027588,34952000
2006-10-10,1.7350000143051147,1.7649999856948853,1.7200000286102295,1.7400000095367432,1.0273188352584839,12944000
2006-10-11,1.7400000095367432,1.8650000095367432,1.7400000095367432,1.850000023841858,1.0922642946243286,29508000
2006-10-12,1.9500000476837158,2.059999942779541,1.9500000476837158,2.0199999809265137,1.1926343441009521,90048000
2006-10-13,2.0450000762939453,2.059999942779541,1.9500000476837158,1.965000033378601,1.1601617336273193,26276000
2006-10-16,2.0,2.0350000858306885,1.9600000381469727,1.9600000381469727,1.1572096347808838,8080000
2006-10-17,1.975000023841858,2.059999942779541,1.9550000429153442,2.009999990463257,1.1867303848266602,15684000
2006-10-18,2.0299999713897705,2.115000009536743,2.0299999713897705,2.0850000381469727,1.2310112714767456,26536000
2006-10-19,2.0999999046325684,2.259999990463257,2.0899999141693115,2.2149999141693115,1.3077647686004639,44564000
2006-10-20,2.2249999046325684,2.2899999618530273,2.200000047683716,2.244999885559082,1.3254776000976562,39352000
2006-10-23,2.2750000953674316,2.2750000953674316,2.184999942779541,2.200000047683716,1.2989088296890259,20528000
2006-10-24,2.25,2.25,2.1050000190734863,2.125,1.25462806224823,19400000
2006-10-25,2.1500000953674316,2.2200000286102295,2.134999990463257,2.2100000381469727,1.3048131465911865,18308000
2006-10-26,2.2249999046325684,2.244999885559082,2.1449999809265137,2.234999895095825,1.319573163986206,14496000
2006-10-27,2.234999895095825,2.234999895095825,2.1500000953674316,2.190000057220459,1.2930046319961548,15399400
2006-10-31,2.184999942779541,2.184999942779541,2.119999885559082,2.1700000762939453,1.2811963558197021,18580000
2006-11-01,2.1649999618530273,2.315000057220459,2.1649999618530273,2.259999990463257,1.3343335390090942,30204000
2006-11-02,2.259999990463257,2.380000114440918,2.234999895095825,2.365000009536743,1.3963266611099243,46692000
2006-11-03,2.359999895095825,2.365000009536743,2.2799999713897705,2.2850000858306885,1.349094033241272,14972000
2006-11-06,2.2850000858306885,2.2850000858306885,2.234999895095825,2.259999990463257,1.3343335390090942,19372000
2006-11-07,2.2750000953674316,2.4049999713897705,2.244999885559082,2.3499999046325684,1.3874704837799072,35704000
2006-11-08,2.3499999046325684,2.3949999809265137,2.309999942779541,2.325000047683716,1.3727105855941772,30648000
2006-11-09,2.3499999046325684,2.380000114440918,2.3299999237060547,2.3450000286102295,1.3845186233520508,12520000
2006-11-10,2.325000047683716,2.325000047683716,2.174999952316284,2.184999942779541,1.2900526523590088,66912000
2006-11-13,2.200000047683716,2.200000047683716,2.0799999237060547,2.1700000762939453,1.2811963558197021,22028000
2006-11-14,2.200000047683716,2.2699999809265137,2.190000057220459,2.240000009536743,1.3225256204605103,18056020
2006-11-15,2.2699999809265137,2.2899999618530273,2.184999942779541,2.2100000381469727,1.3048131465911865,11264000
2006-11-16,2.200000047683716,2.240000009536743,2.140000104904175,2.1500000953674316,1.269388198852539,8020000
2006-11-17,2.140000104904175,2.265000104904175,2.134999990463257,2.265000104904175,1.3372857570648193,21368000
2006-11-20,2.2899999618530273,2.325000047683716,2.2149999141693115,2.265000104904175,1.3372857570648193,25188400
2006-11-21,2.2950000762939453,2.299999952316284,2.194999933242798,2.2100000381469727,1.3048131465911865,10440000
2006-11-22,2.2100000381469727,2.3350000381469727,2.194999933242798,2.315000057220459,1.3668063879013062,20112000
2006-11-23,2.369999885559082,2.4149999618530273,2.3350000381469727,2.365000009536743,1.3963266611099243,27836000
2006-11-24,2.3550000190734863,2.5,2.3550000190734863,2.444999933242798,1.4435601234436035,33557000
2006-11-27,2.4549999237060547,2.5250000953674316,2.450000047683716,2.4800000190734863,1.4642248153686523,16260000
2006-11-28,2.4649999141693115,2.4649999141693115,2.319999933242798,2.319999933242798,1.3697580099105835,18416000
2006-11-29,2.4600000381469727,2.5399999618530273,2.4000000953674316,2.4200000762939453,1.4287997484207153,31452000
2006-11-30,2.4749999046325684,2.634999990463257,2.450000047683716,2.625,1.5498343706130981,23968000
2006-12-01,2.615000009536743,2.7149999141693115,2.555000066757202,2.619999885559082,1.5468820333480835,27660000
2006-12-04,2.609999895095825,2.615000009536743,2.5250000953674316,2.565000057220459,1.5144096612930298,11360000
2006-12-05,2.569999933242798,2.6500000953674316,2.569999933242798,2.615000009536743,1.543930172920227,6164000
2006-12-06,2.6500000953674316,2.674999952316284,2.5350000858306885,2.619999885559082,1.5468820333480835,9780000
2006-12-07,2.575000047683716,2.7249999046325684,2.575000047683716,2.6449999809265137,1.5616425275802612,17112000
2006-12-08,2.6449999809265137,2.6500000953674316,2.5350000858306885,2.555000066757202,1.5085055828094482,9828000
2006-12-11,2.559999942779541,2.615000009536743,2.4700000286102295,2.5399999618530273,1.4996492862701416,7148000
2006-12-12,2.5399999618530273,2.5999999046325684,2.5250000953674316,2.569999933242798,1.5173618793487549,2952000
2006-12-13,2.5899999141693115,2.5950000286102295,2.5,2.569999933242798,1.5173618793487549,8240000
2006-12-14,2.5850000381469727,2.6700000762939453,2.5799999237060547,2.6700000762939453,1.576403021812439,10612000
2006-12-15,2.680000066757202,2.7249999046325684,2.5999999046325684,2.630000114440918,1.5527863502502441,10655600
2006-12-18,2.619999885559082,2.6649999618530273,2.5850000381469727,2.5950000286102295,1.5321218967437744,4544000
2006-12-19,2.5950000286102295,2.6500000953674316,2.559999942779541,2.5950000286102295,1.5321218967437744,6088000
2006-12-20,2.5999999046325684,2.609999895095825,2.5350000858306885,2.549999952316284,1.5055536031723022,11694000
2006-12-21,2.575000047683716,2.575000047683716,2.4649999141693115,2.5199999809265137,1.487841010093689,16468000
2006-12-22,2.5199999809265137,2.5250000953674316,2.4649999141693115,2.505000114440918,1.4789849519729614,4900000
2006-12-27,2.5,2.509999990463257,2.430000066757202,2.509999990463257,1.4819365739822388,9936000
2006-12-28,2.5,2.549999952316284,2.484999895095825,2.509999990463257,1.4819365739822388,4284000
2006-12-29,2.509999990463257,2.5450000762939453,2.5,2.515000104904175,1.484889030456543,1832000
2007-01-02,2.515000104904175,2.6500000953674316,2.494999885559082,2.630000114440918,1.5527863502502441,7972000
2007-01-03,2.634999990463257,2.75,2.634999990463257,2.744999885559082,1.6206839084625244,20168000
2007-01-04,2.759999990463257,2.8499999046325684,2.609999895095825,2.734999895095825,1.6147797107696533,21674480
2007-01-05,2.700000047683716,2.7850000858306885,2.6050000190734863,2.634999990463257,1.5557385683059692,10192000
2007-01-08,2.674999952316284,2.674999952316284,2.575000047683716,2.5999999046325684,1.5350741147994995,4548000
2007-01-09,2.625,2.625,2.5250000953674316,2.575000047683716,1.5203137397766113,4472000
2007-01-10,2.549999952316284,2.5999999046325684,2.515000104904175,2.5850000381469727,1.5262179374694824,9540000
2007-01-11,2.549999952316284,2.609999895095825,2.549999952316284,2.5799999237060547,1.5232657194137573,4540000
2007-01-12,2.5999999046325684,2.640000104904175,2.559999942779541,2.625,1.5498343706130981,2976000
2007-01-15,2.625,2.7750000953674316,2.625,2.740000009536743,1.6177319288253784,24376000
2007-01-16,2.75,2.759999990463257,2.734999895095825,2.740000009536743,1.6177319288253784,13350000
2007-01-17,2.759999990463257,2.8949999809265137,2.759999990463257,2.890000104904175,1.7062939405441284,28218000
2007-01-18,2.890000104904175,3.1500000953674316,2.890000104904175,3.0850000381469727,1.8214244842529297,34410000
2007-01-19,3.0999999046325684,3.2049999237060547,3.049999952316284,3.069999933242798,1.8125683069229126,30060000
2007-01-22,3.109999895095825,3.184999942779541,3.0899999141693115,3.1649999618530273,1.8686572313308716,19186000
2007-01-23,3.1500000953674316,3.244999885559082,3.125,3.174999952316284,1.8745619058609009,12468000
2007-01-24,3.119999885559082,3.259999990463257,3.119999885559082,3.1700000762939453,1.8716096878051758,11624000
2007-01-25,3.1700000762939453,3.1700000762939453,2.950000047683716,2.9649999141693115,1.7505745887756348,29740000
2007-01-26,2.924999952316284,2.9800000190734863,2.759999990463257,2.9749999046325684,1.756479024887085,25822000
2007-01-29,2.9800000190734863,3.0999999046325684,2.9749999046325684,2.990000009536743,1.7653350830078125,24492000
2007-01-30,2.994999885559082,3.055000066757202,2.9700000286102295,2.9700000286102295,1.7535269260406494,8568310
2007-01-31,3.049999952316284,3.1549999713897705,3.0250000953674316,3.055000066757202,1.803712248802185,10968000
2007-02-01,3.049999952316284,3.0799999237060547,2.950000047683716,2.9749999046325684,1.756479024887085,6968000
2007-02-02,3.0,3.0999999046325684,3.0,3.0999999046325684,1.830280065536499,9572000
2007-02-05,3.1500000953674316,3.240000009536743,3.0899999141693115,3.2049999237060547,1.8922739028930664,11380000
2007-02-06,3.2049999237060547,3.450000047683716,3.200000047683716,3.440000057220459,2.0310213565826416,12060000
2007-02-07,3.444999933242798,3.450000047683716,3.2799999713897705,3.325000047683716,1.9631233215332031,4916000
2007-02-08,3.4000000953674316,3.4000000953674316,3.25,3.299999952316284,1.9483630657196045,8882000
2007-02-09,3.3499999046325684,3.4600000381469727,3.309999942779541,3.4000000953674316,2.007404327392578,9155400
2007-02-12,3.430000066757202,3.430000066757202,3.3450000286102295,3.3450000286102295,1.9749318361282349,10956000
2007-02-13,3.4000000953674316,3.4000000953674316,3.25,3.325000047683716,1.9631233215332031,4536000
2007-02-14,3.325000047683716,3.384999990463257,3.2850000858306885,3.3450000286102295,1.9749318361282349,28416000
2007-02-15,3.3499999046325684,3.4200000762939453,3.3499999046325684,3.369999885559082,1.9896920919418335,20040000
2007-02-16,3.369999885559082,3.369999885559082,3.2750000953674316,3.3499999046325684,1.97788405418396,5018000
2007-02-21,3.359999895095825,3.4100000858306885,3.315000057220459,3.4100000858306885,2.013308525085449,1976000
2007-02-22,3.3499999046325684,3.4000000953674316,3.3499999046325684,3.390000104904175,2.001500368118286,1364000
2007-02-23,3.4000000953674316,3.424999952316284,3.325000047683716,3.4100000858306885,2.013308525085449,4288000
2007-02-26,3.450000047683716,3.450000047683716,3.384999990463257,3.424999952316284,2.022164821624756,3520000
2007-02-27,3.4000000953674316,3.4549999237060547,3.309999942779541,3.384999990463257,1.9985482692718506,5144000
2007-02-28,3.119999885559082,3.2750000953674316,2.9000000953674316,3.2049999237060547,1.8922739028930664,35018000
2007-03-01,3.200000047683716,3.2300000190734863,3.125,3.200000047683716,1.8893218040466309,20990000
2007-03-02,3.1649999618530273,3.1649999618530273,2.950000047683716,3.0399999618530273,1.7948559522628784,22783080
2007-03-05,2.9000000953674316,2.9000000953674316,2.450000047683716,2.7200000286102295,1.6059236526489258,45242000
2007-03-06,2.700000047683716,2.7850000858306885,2.625,2.6649999618530273,1.5734506845474243,16904000
2007-03-07,2.7149999141693115,2.990000009536743,2.7149999141693115,2.805000066757202,1.656109094619751,21531200
2007-03-08,2.8550000190734863,3.049999952316284,2.8550000190734863,2.9600000381469727,1.7476228475570679,6636000
2007-03-09,2.9749999046325684,3.3399999141693115,2.9749999046325684,3.180000066757202,1.87751305103302,12754290
2007-03-12,3.174999952316284,3.25,3.1449999809265137,3.1649999618530273,1.8686572313308716,24200782
2007-03-13,3.1500000953674316,3.190000057220459,3.140000104904175,3.174999952316284,1.8745619058609009,16244000
2007-03-14,3.075000047683716,3.075000047683716,2.8499999046325684,2.9600000381469727,1.7476228475570679,9544000
2007-03-15,3.069999933242798,3.1449999809265137,3.049999952316284,3.140000104904175,1.853897213935852,7426000
2007-03-16,3.1700000762939453,3.1700000762939453,3.069999933242798,3.0799999237060547,1.818472146987915,4348000
2007-03-19,3.049999952316284,3.0850000381469727,3.0,3.0399999618530273,1.7948559522628784,5864000
2007-03-20,3.049999952316284,3.119999885559082,3.049999952316284,3.119999885559082,1.8420884609222412,5632000
2007-03-21,3.130000114440918,3.140000104904175,3.055000066757202,3.109999895095825,1.8361842632293701,1592000
2007-03-22,3.115000009536743,3.2799999713897705,3.115000009536743,3.2300000190734863,1.9070340394973755,14224000
2007-03-23,3.174999952316284,3.2750000953674316,3.174999952316284,3.25,1.9188425540924072,20880000
2007-03-26,3.200000047683716,3.3399999141693115,3.200000047683716,3.25,1.9188425540924072,5844000
2007-03-27,3.25,3.25,3.184999942779541,3.240000009536743,1.9129383563995361,2464000
2007-03-28,3.2149999141693115,3.2249999046325684,3.1600000858306885,3.184999942779541,1.8804655075073242,1162000
2007-03-29,3.1500000953674316,3.2750000953674316,3.1500000953674316,3.259999990463257,1.9247468709945679,5260000
2007-03-30,3.259999990463257,3.5,3.244999885559082,3.450000047683716,2.0369253158569336,11420000
2007-04-02,3.450000047683716,3.4800000190734863,3.3499999046325684,3.384999990463257,1.9985482692718506,1304000
2007-04-03,3.450000047683716,3.490000009536743,3.434999942779541,3.4800000190734863,2.0546376705169678,1640000
2007-04-04,3.4800000190734863,3.799999952316284,3.4800000190734863,3.7899999618530273,2.2376651763916016,10616000
2007-04-10,3.890000104904175,3.890000104904175,3.6500000953674316,3.7950000762939453,2.240617513656616,3830000
2007-04-11,3.799999952316284,3.805000066757202,3.7249999046325684,3.755000114440918,2.217001438140869,12524000
2007-04-12,3.75,3.75,3.684999942779541,3.700000047683716,2.1845285892486572,4924000
2007-04-13,3.700000047683716,3.755000114440918,3.700000047683716,3.7300000190734863,2.2022411823272705,5556000
2007-04-16,3.8450000286102295,4.150000095367432,3.755000114440918,3.940000057220459,2.3262274265289307,7264000
2007-04-17,3.940000057220459,3.940000057220459,3.940000057220459,3.940000057220459,2.3262274265289307,0
2007-04-18,3.940000057220459,3.940000057220459,3.940000057220459,3.940000057220459,2.3262274265289307,0
2007-04-19,4.03000020980835,4.190000057220459,4.0,4.175000190734863,2.4649744033813477,21388000
2007-04-20,4.199999809265137,4.309999942779541,4.175000190734863,4.199999809265137,2.4797346591949463,16732000
2007-04-23,4.275000095367432,4.349999904632568,4.224999904632568,4.324999809265137,2.553536891937256,6648000
2007-04-24,4.400000095367432,4.400000095367432,4.175000190734863,4.175000190734863,2.4649744033813477,3844000
2007-04-25,4.224999904632568,4.304999828338623,3.934999942779541,4.304999828338623,2.5417282581329346,8658000
2007-04-26,4.349999904632568,4.559999942779541,4.309999942779541,4.474999904632568,2.6420981884002686,7508000
2007-04-27,4.46999979019165,4.46999979019165,4.215000152587891,4.25,2.50925612449646,16398000
2007-04-30,4.25,4.260000228881836,4.119999885559082,4.210000038146973,2.4856390953063965,3824000
2007-05-02,4.210000038146973,4.349999904632568,4.210000038146973,4.324999809265137,2.553536891937256,5200000
2007-05-03,4.349999904632568,4.735000133514404,4.349999904632568,4.679999828338623,2.7631332874298096,25560000
2007-05-04,4.599999904632568,5.099999904632568,4.545000076293945,4.909999847412109,2.898928642272949,15154000
2007-05-07,4.925000190734863,5.349999904632568,4.925000190734863,5.170000076293945,3.052435874938965,11802000
2007-05-08,5.25,5.300000190734863,4.980000019073486,5.0,2.9520657062530518,6850000
2007-05-09,5.0,5.150000095367432,4.980000019073486,5.090000152587891,3.0052027702331543,4756000
2007-05-10,5.300000190734863,5.5,5.159999847412109,5.300000190734863,3.1291894912719727,6800096
2007-05-11,5.150000095367432,5.449999809265137,5.099999904632568,5.360000133514404,3.164613962173462,3356000
2007-05-14,5.5,5.5,5.260000228881836,5.449999809265137,3.227505922317505,14370000
2007-05-15,5.349999904632568,5.5,5.199999809265137,5.349999904632568,3.168285608291626,7388000
2007-05-16,5.440000057220459,5.440000057220459,4.949999809265137,5.119999885559082,3.0320792198181152,6696000
2007-05-17,5.199999809265137,5.519999980926514,5.199999809265137,5.369999885559082,3.1801300048828125,9572000
2007-05-18,5.349999904632568,5.349999904632568,5.150000095367432,5.199999809265137,3.0794551372528076,3624000
2007-05-21,5.099999904632568,5.400000095367432,5.070000171661377,5.110000133514404,3.0261571407318115,9040000
2007-05-22,5.099999904632568,5.300000190734863,5.03000020980835,5.28000020980835,3.126831531524658,9022000
2007-05-23,5.269999980926514,5.650000095367432,5.110000133514404,5.599999904632568,3.3163363933563232,14325904
2007-05-25,5.349999904632568,5.510000228881836,5.239999771118164,5.510000228881836,3.2630388736724854,20923694
2007-05-28,5.510000228881836,5.900000095367432,5.510000228881836,5.789999961853027,3.428854465484619,8624000
2007-05-29,5.800000190734863,5.900000095367432,5.579999923706055,5.730000019073486,3.3933231830596924,7638000
2007-05-30,5.630000114440918,5.659999847412109,5.409999847412109,5.46999979019165,3.239349842071533,17060000
2007-05-31,5.5,5.699999809265137,5.409999847412109,5.650000095367432,3.3459463119506836,11612000
2007-06-01,5.75,5.789999961853027,5.650000095367432,5.75,3.4051668643951416,8165654
2007-06-04,5.75,5.75,5.46999979019165,5.550000190734863,3.2867259979248047,9148000
2007-06-05,5.5,5.550000190734863,5.300000190734863,5.5,3.2571160793304443,13276000
2007-06-06,5.340000152587891,5.599999904632568,5.340000152587891,5.559999942779541,3.2926480770111084,9188000
2007-06-07,5.539999961853027,5.599999904632568,5.309999942779541,5.570000171661377,3.298570156097412,7984000
2007-06-08,5.5,5.5,5.349999904632568,5.440000057220459,3.221583843231201,9208000
2007-06-11,5.5,5.550000190734863,5.389999866485596,5.5,3.2571160793304443,10420000
2007-06-12,5.449999809265137,5.550000190734863,5.429999828338623,5.440000057220459,3.221583843231201,4002000
2007-06-13,5.300000190734863,5.599999904632568,5.300000190734863,5.550000190734863,3.2867259979248047,13748000
2007-06-14,5.650000095367432,5.75,5.550000190734863,5.739999771118164,3.399245262145996,7440000
2007-06-15,5.739999771118164,5.869999885559082,5.730000019073486,5.860000133514404,3.470309257507324,6246000
2007-06-18,5.889999866485596,6.510000228881836,5.889999866485596,6.400000095367432,3.7900986671447754,12028000
2007-06-20,6.210000038146973,6.75,6.210000038146973,6.650000095367432,3.9381494522094727,9948000
2007-06-21,6.650000095367432,6.650000095367432,6.449999809265137,6.5,3.8493194580078125,13392000
2007-06-22,6.400000095367432,7.260000228881836,6.400000095367432,7.25,4.293471336364746,10258000
2007-06-25,7.059999942779541,7.550000190734863,7.0,7.389999866485596,4.376379489898682,11258000
2007-06-26,7.400000095367432,7.590000152587891,7.289999961853027,7.349999904632568,4.352691173553467,12171840
2007-06-27,7.300000190734863,7.630000114440918,7.300000190734863,7.559999942779541,4.477054119110107,12662000
2007-06-28,7.5,7.940000057220459,7.5,7.849999904632568,4.6487932205200195,8916000
2007-06-29,7.960000038146973,8.739999771118164,7.960000038146973,8.59000015258789,5.0870232582092285,25470000
2007-07-03,8.579999923706055,9.25,8.010000228881836,9.25,5.477877140045166,19788000
2007-07-04,9.25,9.300000190734863,8.640000343322754,9.0,5.329826354980469,19224000
2007-07-05,8.949999809265137,9.5,8.869999885559082,9.149999618530273,5.418656349182129,12480000
2007-07-06,9.130000114440918,9.130000114440918,8.720000267028809,8.850000381469727,5.240997314453125,9168000
2007-07-09,8.890000343322754,9.25,8.710000038146973,8.75,5.181775093078613,11922000
2007-07-10,8.710000038146973,8.739999771118164,8.220000267028809,8.319999694824219,4.927128314971924,16162000
2007-07-11,7.949999809265137,8.1899995803833,7.949999809265137,8.020000457763672,4.749467372894287,13258000
2007-07-12,7.949999809265137,8.380000114440918,7.949999809265137,8.0,4.73762321472168,12434160
2007-07-13,8.079999923706055,8.350000381469727,7.960000038146973,7.96999979019165,4.719857692718506,11113000
2007-07-16,8.0,8.34000015258789,7.960000038146973,8.229999542236328,4.873830318450928,18224000
2007-07-17,8.220000267028809,8.4399995803833,8.1899995803833,8.239999771118164,4.879751682281494,12984000
2007-07-18,8.329999923706055,8.75,8.220000267028809,8.710000038146973,5.158087253570557,11120000
2007-07-19,8.75,8.75,8.289999961853027,8.449999809265137,5.004115104675293,12728000
2007-07-20,8.5,8.680000305175781,8.359999656677246,8.390000343322754,4.968583106994629,11972000
2007-07-23,8.390000343322754,8.4399995803833,8.09000015258789,8.229999542236328,4.873830318450928,22238400
2007-07-24,8.199999809265137,8.640000343322754,8.199999809265137,8.609999656677246,5.098867893218994,19024000
2007-07-25,8.5,8.739999771118164,8.329999923706055,8.739999771118164,5.175854206085205,6832000
2007-07-26,8.760000228881836,8.899999618530273,8.470000267028809,8.529999732971191,5.0514912605285645,9386000
2007-07-27,8.050000190734863,8.289999961853027,7.650000095367432,8.119999885559082,4.808688163757324,22546000
2007-07-30,7.989999771118164,8.140000343322754,7.800000190734863,8.100000381469727,4.796844482421875,10834000
2007-07-31,8.140000343322754,8.399999618530273,8.140000343322754,8.300000190734863,4.915284633636475,8097600
2007-08-01,8.449999809265137,9.5,8.40999984741211,8.449999809265137,5.004115104675293,50638000
2007-08-02,8.880000114440918,9.399999618530273,8.699999809265137,9.109999656677246,5.3949689865112305,43672000
2007-08-03,9.399999618530273,9.399999618530273,8.989999771118164,9.260000228881836,5.483799934387207,16223508
2007-08-06,9.260000228881836,9.270000457763672,8.550000190734863,9.050000190734863,5.359435558319092,10038000
2007-08-07,9.25,9.279999732971191,8.880000114440918,8.949999809265137,5.300216197967529,12604000
2007-08-08,9.100000381469727,9.270000457763672,8.970000267028809,9.149999618530273,5.418656349182129,23322000
2007-08-09,9.149999618530273,9.989999771118164,9.149999618530273,9.869999885559082,5.845042705535889,17924000
2007-08-10,9.25,9.25,8.300000190734863,8.5,5.033725738525391,4836000
2007-08-13,8.600000381469727,8.65999984741211,7.869999885559082,7.929999828338623,4.696168899536133,41870000
2007-08-14,7.78000020980835,7.980000019073486,7.539999961853027,7.889999866485596,4.672482013702393,64876000
2007-08-15,7.699999809265137,7.800000190734863,7.389999866485596,7.489999771118164,4.435600757598877,32250000
2007-08-16,7.0,7.150000095367432,6.769999980926514,7.090000152587891,4.198718547821045,53612000
2007-08-17,6.900000095367432,7.489999771118164,6.800000190734863,7.489999771118164,4.435600757598877,54846000
2007-08-20,7.900000095367432,8.710000038146973,7.690000057220459,8.460000038146973,5.010036945343018,60435400
2007-08-21,8.75,8.770000457763672,8.380000114440918,8.380000114440918,4.962660789489746,38035028
2007-08-22,8.510000228881836,8.649999618530273,8.319999694824219,8.399999618530273,4.974503993988037,11608000
2007-08-23,8.699999809265137,9.0,8.600000381469727,8.989999771118164,5.323904514312744,44106886
2007-08-24,8.979999542236328,9.350000381469727,8.770000457763672,9.239999771118164,5.471954345703125,13960000
2007-08-27,9.390000343322754,10.600000381469727,9.390000343322754,10.25,6.070079803466797,18376000
2007-08-28,9.899999618530273,9.899999618530273,9.100000381469727,9.1899995803833,5.4423441886901855,34698000
2007-08-29,8.75,9.770000457763672,8.65999984741211,9.75,5.773979187011719,30264000
2007-08-30,10.0,10.475000381469727,9.75,9.9399995803833,5.8864970207214355,19422000
2007-08-31,9.949999809265137,11.300000190734863,9.9399995803833,10.800000190734863,6.395791530609131,34334750
2007-09-03,10.899999618530273,11.149999618530273,10.5,11.024999618530273,6.529036998748779,15862620
2007-09-04,11.0,11.225000381469727,10.875,11.100000381469727,6.573451995849609,5968000
2007-09-05,11.100000381469727,11.149999618530273,10.149999618530273,10.699999809265137,6.336571216583252,26448000
2007-09-06,10.25,10.524999618530273,10.050000190734863,10.475000381469727,6.203326225280762,13648000
2007-09-07,10.300000190734863,10.600000381469727,10.300000190734863,10.524999618530273,6.232936382293701,5444000
2007-09-10,10.100000381469727,11.0,10.100000381469727,10.725000381469727,6.351377487182617,5864000
2007-09-11,10.75,10.75,10.125,10.399999618530273,6.158910274505615,12024000
2007-09-12,10.5,10.824999809265137,10.25,10.399999618530273,6.158910274505615,5195996
2007-09-13,10.324999809265137,10.600000381469727,10.199999809265137,10.324999809265137,6.114495277404785,6600440
2007-09-14,10.350000381469727,10.850000381469727,10.149999618530273,10.699999809265137,6.336571216583252,9864000
2007-09-17,10.600000381469727,11.149999618530273,10.5,10.875,6.440207004547119,7532000
2007-09-18,10.625,10.850000381469727,10.600000381469727,10.649999618530273,6.30695915222168,3300696
2007-09-19,10.75,11.699999809265137,10.75,11.199999809265137,6.6326727867126465,12088000
2007-09-20,11.100000381469727,11.75,11.100000381469727,11.550000190734863,6.839942932128906,6661600
2007-09-21,11.5,13.149999618530273,11.5,12.774999618530273,7.5653910636901855,14938000
2007-09-24,13.100000381469727,13.600000381469727,12.225000381469727,12.350000381469727,7.313706398010254,11760000
2007-09-25,12.449999809265137,12.449999809265137,12.0,12.350000381469727,7.313706398010254,5373284
2007-09-27,12.75,13.149999618530273,12.024999618530273,12.949999809265137,7.669029235839844,14697276
2007-09-28,12.949999809265137,13.0,12.550000190734863,12.800000190734863,7.580197334289551,4578000
2007-10-02,13.024999618530273,13.774999618530273,12.524999618530273,13.75,8.142792701721191,12225490
2007-10-03,13.75,14.050000190734863,13.100000381469727,13.5,7.9947404861450195,11254602
2007-10-04,13.0,13.0,11.850000381469727,12.149999618530273,7.19526481628418,16558000
2007-10-05,13.0,13.350000381469727,12.25,12.75,7.550587177276611,48322288
2007-10-08,13.25,13.375,12.300000190734863,12.600000381469727,7.461756229400635,15068000
2007-10-09,12.725000381469727,12.725000381469727,12.199999809265137,12.600000381469727,7.461756229400635,12644358
2007-10-10,13.5,15.0,13.399999618530273,14.649999618530273,8.675771713256836,33260642
2007-10-11,15.0,16.600000381469727,15.0,15.199999809265137,9.001484870910645,21317400
2007-10-12,15.350000381469727,16.200000762939453,14.600000381469727,15.449999809265137,9.149535179138184,19911000
2007-10-15,15.5,15.5,14.399999618530273,15.0,8.883044242858887,15450000
2007-10-16,14.449999809265137,14.850000381469727,14.149999618530273,14.425000190734863,8.542526245117188,11314502
2007-10-17,14.125,15.399999618530273,14.125,15.300000190734863,9.060705184936523,13602000
2007-10-18,15.649999618530273,16.25,15.175000190734863,15.350000381469727,9.090314865112305,10191000
2007-10-22,14.5,14.675000190734863,14.375,14.5,8.586942672729492,15488840
2007-10-23,14.5,15.25,14.475000381469727,15.25,9.031096458435059,12196000
2007-10-24,15.600000381469727,15.600000381469727,14.75,15.074999809265137,8.927460670471191,7258258
2007-10-25,14.949999809265137,15.0,14.449999809265137,14.75,8.734992027282715,8172026
2007-10-26,14.75,15.5,14.75,15.5,9.179144859313965,12118000
2007-10-29,15.850000381469727,16.899999618530273,15.425000190734863,16.174999237060547,9.57888412475586,18837000
2007-10-30,16.375,16.700000762939453,16.174999237060547,16.375,9.697321891784668,10540000
2007-10-31,16.5,17.450000762939453,16.5,16.950000762939453,10.03783893585205,14344000
2007-11-01,17.049999237060547,19.024999618530273,17.049999237060547,17.924999237060547,10.615238189697266,11066632
2007-11-02,17.475000381469727,17.75,17.200000762939453,17.25,10.215499877929688,10727000
2007-11-05,16.899999618530273,16.899999618530273,15.324999809265137,15.625,9.253172874450684,16856000
2007-11-06,15.600000381469727,16.5,14.5,16.075000762939453,9.51966381072998,22886178
2007-11-07,16.5,17.924999237060547,16.424999237060547,16.600000381469727,9.83056926727295,19722000
2007-11-08,15.899999618530273,17.200000762939453,15.600000381469727,16.649999618530273,9.860177040100098,9207984
2007-11-09,16.5,16.950000762939453,15.25,15.899999618530273,9.416028022766113,18930000
2007-11-12,15.0,15.149999618530273,13.774999618530273,14.600000381469727,8.646163940429688,24934000
2007-11-13,14.100000381469727,14.5,12.949999809265137,13.449999809265137,7.965129375457764,25316000
2007-11-14,13.449999809265137,15.25,13.449999809265137,15.050000190734863,8.912653923034668,21400002
2007-11-15,15.100000381469727,15.600000381469727,14.800000190734863,15.324999809265137,9.075510025024414,11390000
2007-11-16,15.199999809265137,15.199999809265137,14.675000190734863,14.774999618530273,8.749798774719238,14904000
2007-11-19,14.75,15.5,14.550000190734863,15.324999809265137,9.075510025024414,15095000
2007-11-20,14.5,16.700000762939453,14.5,16.25,9.623298645019531,21412000
2007-11-21,15.712499618530273,16.950000762939453,15.712499618530273,16.5,9.771347045898438,28009400
2007-11-22,16.934499740600586,16.934499740600586,15.324999809265137,15.5,9.179144859313965,17328800
2007-11-23,15.475000381469727,15.925000190734863,13.800000190734863,14.024999618530273,8.305646896362305,24057600
2007-11-26,14.5,15.300000190734863,14.5,15.149999618530273,8.971874237060547,11173000
2007-11-27,14.75,16.024999618530273,14.600000381469727,15.300000190734863,9.060705184936523,10195552
2007-11-28,15.550000190734863,16.274999618530273,15.550000190734863,16.100000381469727,9.534467697143555,19183164
2007-11-29,16.5,16.649999618530273,15.399999618530273,15.475000381469727,9.16434097290039,14006412
2007-11-30,15.949999809265137,17.049999237060547,15.699999809265137,16.875,9.993425369262695,35348386
2007-12-03,17.299999237060547,17.850000381469727,16.975000381469727,17.25,10.215499877929688,11000000
2007-12-04,17.5,17.5,16.375,16.700000762939453,9.889788627624512,7191196
2007-12-05,16.649999618530273,17.75,16.399999618530273,17.575000762939453,10.407967567443848,7843000
2007-12-06,17.625,18.350000381469727,16.924999237060547,17.225000381469727,10.200693130493164,13194450
2007-12-07,17.5,17.950000762939453,17.0,17.25,10.215499877929688,8906000
2007-12-10,17.450000762939453,17.5,16.274999618530273,16.424999237060547,9.726932525634766,7089592
2007-12-11,16.924999237060547,16.924999237060547,15.649999618530273,16.25,9.623298645019531,16238000
2007-12-12,15.899999618530273,16.350000381469727,15.574999809265137,15.725000381469727,9.312392234802246,10483016
2007-12-13,15.5,15.975000381469727,13.75,13.75,8.142792701721191,18334000
2007-12-14,13.574999809265137,14.175000190734863,13.25,13.800000190734863,8.172401428222656,14700000
2007-12-17,13.850000381469727,13.850000381469727,11.600000381469727,12.899999618530273,7.639416217803955,18219916
2007-12-18,12.899999618530273,13.600000381469727,12.024999618530273,13.375,7.920715808868408,15176950
2007-12-19,13.375,14.550000190734863,13.375,14.100000381469727,8.350061416625977,16912000
2007-12-20,13.975000381469727,14.574999809265137,13.850000381469727,14.475000381469727,8.572137832641602,5854000
2007-12-21,14.899999618530273,14.899999618530273,14.199999809265137,14.800000190734863,8.764604568481445,10166000
2007-12-24,14.75,16.0,14.75,15.25,9.031096458435059,6616000
2007-12-27,15.324999809265137,15.5,14.75,14.824999809265137,8.779409408569336,3544000
2007-12-28,14.699999809265137,14.75,14.399999618530273,14.625,8.660968780517578,4195000
2007-12-31,14.699999809265137,15.75,14.225000381469727,15.225000381469727,9.016289710998535,6579548
2008-01-02,15.050000190734863,15.725000381469727,15.050000190734863,15.25,9.031096458435059,6296000
2008-01-03,15.5,15.5,14.5,14.975000381469727,8.86823844909668,4509096
2008-01-04,15.0,15.024999618530273,14.425000190734863,14.5,8.586942672729492,8549880
2008-01-07,14.25,14.350000381469727,13.649999618530273,14.024999618530273,8.305646896362305,10532000
2008-01-08,14.175000190734863,14.850000381469727,14.175000190734863,14.725000381469727,8.72018814086914,11623528
2008-01-09,14.625,14.725000381469727,14.0,14.399999618530273,8.527722358703613,11862574
2008-01-10,14.449999809265137,15.175000190734863,14.449999809265137,14.899999618530273,8.823823928833008,8687190
2008-01-11,15.225000381469727,15.5,14.350000381469727,14.75,8.734992027282715,5624000
2008-01-14,15.449999809265137,15.449999809265137,14.5,14.800000190734863,8.764604568481445,4478834
2008-01-15,15.0,15.199999809265137,14.550000190734863,14.574999809265137,8.63135814666748,7886000
2008-01-16,14.300000190734863,14.300000190734863,12.75,13.600000381469727,8.053961753845215,21478000
2008-01-17,13.475000381469727,13.475000381469727,11.550000190734863,12.324999809265137,7.298901081085205,28184000
2008-01-18,12.399999618530273,12.800000190734863,10.550000190734863,12.350000381469727,7.313706398010254,26956000
2008-01-21,12.25,12.699999809265137,11.324999809265137,11.5,6.810333728790283,10149904
2008-01-22,12.026000022888184,12.026000022888184,8.699999809265137,9.5600004196167,5.661461353302002,41315240
2008-01-23,9.600000381469727,10.449999809265137,8.460000038146973,9.520000457763672,5.637772083282471,35268560
2008-01-24,9.5,9.59000015258789,8.899999618530273,9.520000457763672,5.637772083282471,16786100
2008-01-25,9.363499641418457,10.699999809265137,9.363499641418457,10.475000381469727,6.203326225280762,19403760
2008-01-28,10.5,10.5,9.850000381469727,10.100000381469727,5.981250286102295,13880000
2008-01-29,10.300000190734863,10.574999809265137,9.760000228881836,10.0,5.922028541564941,14227504
2008-01-30,10.300000190734863,10.300000190734863,9.029999732971191,9.100000381469727,5.389047145843506,14924000
2008-01-31,9.069999694824219,9.609999656677246,7.699999809265137,8.75,5.181775093078613,54760000
2008-02-01,8.949999809265137,9.300000190734863,8.550000190734863,9.010000228881836,5.335749626159668,59612000
2008-02-04,8.899999618530273,11.274999618530273,8.899999618530273,10.399999618530273,6.158910274505615,46795900
2008-02-05,10.475000381469727,11.949999809265137,10.25,10.774999618530273,6.380987167358398,43233400
2008-02-06,10.199999809265137,10.899999618530273,10.074999809265137,10.399999618530273,6.158910274505615,31834000
2008-02-11,10.5,11.100000381469727,9.899999618530273,9.9399995803833,5.8864970207214355,14432000
2008-02-12,10.25,10.399999618530273,9.869999885559082,9.899999618530273,5.862808704376221,16588000
2008-02-13,10.225000381469727,10.475000381469727,9.989999771118164,10.100000381469727,5.981250286102295,11388000
2008-02-14,10.5,11.25,10.425000190734863,11.225000381469727,6.647478103637695,21512954
2008-02-15,11.149999618530273,12.149999618530273,10.699999809265137,11.875,7.032411575317383,24616000
2008-02-18,12.274999618530273,13.0,12.0,12.024999618530273,7.121238708496094,21336000
2008-02-19,12.399999618530273,12.625,12.125,12.5,7.402536869049072,16040000
2008-02-20,12.5,12.975000381469727,11.475000381469727,11.75,6.958385467529297,26458000
2008-02-21,11.850000381469727,12.375,11.774999618530273,11.975000381469727,7.091629505157471,17130000
2008-02-22,11.899999618530273,12.25,11.75,11.774999618530273,6.973188877105713,5828000
2008-02-25,12.25,12.25,11.774999618530273,11.850000381469727,7.017605781555176,6160000
2008-02-26,12.149999618530273,12.149999618530273,11.649999618530273,11.975000381469727,7.091629505157471,6268000
2008-02-27,11.850000381469727,12.425000190734863,11.850000381469727,12.399999618530273,7.343315124511719,11423156
2008-02-28,12.399999618530273,12.600000381469727,12.050000190734863,12.399999618530273,7.343315124511719,9836000
2008-02-29,12.399999618530273,12.949999809265137,12.324999809265137,12.524999618530273,7.417341709136963,15636000
2008-03-03,12.510000228881836,12.800000190734863,11.925000190734863,12.425000190734863,7.358121871948242,16853780
2008-03-04,12.449999809265137,12.725000381469727,12.149999618530273,12.25,7.254485130310059,20145072
2008-03-05,12.25,12.399999618530273,11.574999809265137,11.649999618530273,6.899163722991943,17773072
2008-03-06,11.699999809265137,12.100000381469727,11.675000190734863,11.675000190734863,6.913968563079834,18969072
2008-03-07,11.600000381469727,11.600000381469727,9.979999542236328,10.324999809265137,6.114495277404785,29663216
2008-03-10,10.024999618530273,10.024999618530273,8.949999809265137,9.75,5.773979187011719,57710000
2008-03-11,9.3100004196167,9.819999694824219,9.220000267028809,9.739999771118164,5.768056392669678,22875636
2008-03-12,10.25,10.574999809265137,9.649999618530273,9.880000114440918,5.8509650230407715,32173790
2008-03-13,9.5,9.899999618530273,9.109999656677246,9.180000305175781,5.436423301696777,20190298
2008-03-14,9.350000381469727,9.449999809265137,8.460000038146973,8.460000038146973,5.010036945343018,14989250
2008-03-17,8.1899995803833,8.199999809265137,7.75,7.980000019073486,4.725780010223389,14699790
2008-03-18,7.849999904632568,8.0,6.46999979019165,7.230000019073486,4.281627178192139,50592000
2008-03-19,7.599999904632568,8.420000076293945,7.599999904632568,7.710000038146973,4.565884113311768,29000000
2008-03-20,7.940999984741211,7.940999984741211,7.0,7.550000190734863,4.471132278442383,30992860
2008-03-25,7.519999980926514,9.0,7.519999980926514,8.680000305175781,5.140321731567383,29597200
2008-03-26,9.0,9.199999809265137,8.350000381469727,8.75,5.181775093078613,14776000
2008-03-27,8.399999618530273,8.84000015258789,8.260000228881836,8.710000038146973,5.158087253570557,10350994
2008-03-28,8.600000381469727,9.600000381469727,8.600000381469727,9.510000228881836,5.631849765777588,14953726
2008-03-31,9.5,9.949999809265137,9.100000381469727,9.170000076293945,5.4305009841918945,20038800
2008-04-01,9.952500343322754,9.952500343322754,8.5,8.819999694824219,5.223228931427002,31996000
2008-04-02,8.830499649047852,9.550000190734863,8.830499649047852,9.5,5.62592887878418,27990000
2008-04-03,9.5,9.989999771118164,9.149999618530273,9.989999771118164,5.916107177734375,28128000
2008-04-07,10.0,10.125,9.5,10.125,5.996054649353027,27968920
2008-04-08,10.100000381469727,10.300000190734863,9.65999984741211,9.75,5.773979187011719,9496000
2008-04-09,9.9399995803833,9.9399995803833,9.15999984741211,9.40999984741211,5.572630405426025,16628996
2008-04-10,9.210000038146973,9.420000076293945,8.640000343322754,8.9399995803833,5.2942938804626465,28312000
2008-04-11,9.079999923706055,9.109999656677246,8.539999961853027,8.649999618530273,5.122555732727051,29166000
2008-04-14,8.399999618530273,8.600000381469727,8.109999656677246,8.130000114440918,4.814609050750732,16608000
2008-04-15,8.130000114440918,8.34000015258789,7.75,8.050000190734863,4.767233848571777,14457600
2008-04-16,8.149999618530273,8.470000267028809,8.149999618530273,8.210000038146973,4.861985683441162,15326000
2008-04-17,8.4399995803833,8.739999771118164,8.350000381469727,8.550000190734863,5.063335418701172,23006964
2008-04-18,8.5,8.5,7.400000095367432,7.489999771118164,4.435600757598877,43352000
2008-04-21,7.880000114440918,7.980000019073486,7.630000114440918,7.739999771118164,4.583651542663574,26824572
2008-04-22,7.699999809265137,8.180000305175781,7.519999980926514,8.119999885559082,4.808688163757324,21320000
2008-04-23,8.149999618530273,8.949999809265137,8.050000190734863,8.869999885559082,5.252840042114258,47214000
2008-04-24,9.25,9.600000381469727,9.15999984741211,9.550000190734863,5.655538082122803,35746366
2008-04-25,10.149999618530273,10.149999618530273,9.329999923706055,9.5600004196167,5.661461353302002,25776000
2008-04-28,9.59000015258789,9.789999961853027,9.130000114440918,9.319999694824219,5.519331455230713,12876000
2008-04-29,9.34000015258789,9.65999984741211,9.25,9.640000343322754,5.708835601806641,30716728
2008-04-30,9.890000343322754,9.890000343322754,9.489999771118164,9.609999656677246,5.691070079803467,24148000
2008-05-02,10.149999618530273,10.149999618530273,9.850000381469727,9.920000076293945,5.8746538162231445,29356000
2008-05-05,10.0,10.0,9.710000038146973,9.920000076293945,5.8746538162231445,17736000
2008-05-06,9.850000381469727,9.869999885559082,9.600000381469727,9.8100004196167,5.809510707855225,18318000
2008-05-07,9.869999885559082,9.899999618530273,9.09000015258789,9.1899995803833,5.4423441886901855,27006000
2008-05-08,9.010000228881836,9.100000381469727,8.59000015258789,8.8100004196167,5.217309474945068,30108000
2008-05-09,8.819999694824219,9.0,8.649999618530273,8.729999542236328,5.169930934906006,13112000
2008-05-13,9.239999771118164,9.59000015258789,9.170000076293945,9.390000343322754,5.560786724090576,44388000
2008-05-14,9.5,9.630000114440918,9.279999732971191,9.479999542236328,5.614083766937256,22375472
2008-05-15,9.75,9.789999961853027,9.380000114440918,9.65999984741211,5.730654716491699,23699320
2008-05-16,9.779999732971191,9.979999542236328,9.6899995803833,9.880000114440918,5.861166477203369,20764680
2008-05-19,10.375,11.0,10.375,10.875,6.451435565948486,39874220
2008-05-20,10.75,10.774999618530273,9.819999694824219,9.979999542236328,5.92048978805542,49446000
2008-05-21,10.75,10.75,9.369999885559082,9.760000228881836,5.789977550506592,38406000
2008-05-22,9.380000114440918,9.510000228881836,9.25,9.460000038146973,5.612008094787598,12516000
2008-05-23,9.449999809265137,9.449999809265137,9.029999732971191,9.050000190734863,5.368781089782715,18090596
2008-05-26,8.699999809265137,8.800000190734863,8.550000190734863,8.600000381469727,5.10182523727417,20417488
2008-05-27,8.359999656677246,8.9399995803833,8.359999656677246,8.720000267028809,5.173013687133789,12994752
2008-05-28,8.75,8.949999809265137,8.6899995803833,8.75,5.190810203552246,7279162
2008-05-29,8.899999618530273,8.979999542236328,8.789999961853027,8.859999656677246,5.265995979309082,12170000
2008-05-30,8.859999656677246,9.449999809265137,8.75,9.449999809265137,5.616666316986084,15634758
2008-06-02,9.390000343322754,9.489999771118164,9.199999809265137,9.390000343322754,5.581005573272705,9763624
2008-06-03,9.329999923706055,9.329999923706055,8.9399995803833,9.180000305175781,5.456190586090088,12896000
2008-06-04,9.0,9.1899995803833,8.850000381469727,8.899999618530273,5.289771556854248,9472000
2008-06-05,8.890000343322754,8.890000343322754,8.359999656677246,8.359999656677246,4.968818664550781,19097400
2008-06-06,8.520000457763672,8.800000190734863,8.420000076293945,8.449999809265137,5.022311210632324,19184000
2008-06-10,8.0,8.220000267028809,7.800000190734863,7.869999885559082,4.677584171295166,27012400
2008-06-11,7.800000190734863,8.0,7.619999885559082,7.949999809265137,4.725132942199707,13366000
2008-06-12,7.75,7.75,7.559999942779541,7.699999809265137,4.57654333114624,24236000
2008-06-13,7.659999847412109,7.739999771118164,7.550000190734863,7.599999904632568,4.5171074867248535,13942000
2008-06-16,7.650000095367432,7.980000019073486,7.619999885559082,7.909999847412109,4.701358318328857,8448620
2008-06-17,8.050000190734863,8.619999885559082,8.020000457763672,8.59000015258789,5.105520725250244,33761080
2008-06-18,8.649999618530273,9.119999885559082,8.470000267028809,8.989999771118164,5.343263149261475,26382000
2008-06-19,8.385499954223633,8.930000305175781,8.385499954223633,8.5,5.052028656005859,15556000
2008-06-20,8.4399995803833,8.6899995803833,8.270000457763672,8.420000076293945,5.00447940826416,12820000
2008-06-23,8.350000381469727,8.399999618530273,8.050000190734863,8.1899995803833,4.8677778244018555,9830858
2008-06-24,8.25,8.319999694824219,7.900000095367432,8.069999694824219,4.796455383300781,12004000
2008-06-25,8.119999885559082,8.300000190734863,8.0,8.09000015258789,4.808341979980469,6712000
2008-06-26,8.149999618530273,8.149999618530273,7.849999904632568,7.900000095367432,4.6954145431518555,11444000
2008-06-27,7.550000190734863,7.699999809265137,7.449999809265137,7.599999904632568,4.5171074867248535,13526000
2008-06-30,7.699999809265137,7.829999923706055,7.369999885559082,7.5,4.457672119140625,23770000
2008-07-02,7.150000095367432,7.349999904632568,6.849999904632568,6.940000057220459,4.124831676483154,32468000
2008-07-03,6.829999923706055,7.210000038146973,6.639999866485596,6.980000019073486,4.148606300354004,28488198
2008-07-04,6.900000095367432,7.380000114440918,6.900000095367432,7.300000190734863,4.33880090713501,13978000
2008-07-07,7.300000190734863,7.75,7.300000190734863,7.699999809265137,4.57654333114624,7248000
2008-07-08,7.360000133514404,7.650000095367432,7.260000228881836,7.610000133514404,4.523052215576172,18308000
2008-07-09,7.414000034332275,8.140000343322754,7.414000034332275,8.0,4.754849910736084,14520892
2008-07-10,8.895999908447266,8.895999908447266,7.800000190734863,8.09000015258789,4.808341979980469,17970000
2008-07-11,8.050000190734863,8.199999809265137,7.789999961853027,8.199999809265137,4.873721599578857,18296000
2008-07-14,8.079999923706055,8.300000190734863,8.069999694824219,8.09000015258789,4.808341979980469,9068000
2008-07-15,7.75,7.849999904632568,7.599999904632568,7.619999885559082,4.528994560241699,21268000
2008-07-16,7.619999885559082,7.889999866485596,7.369999885559082,7.820000171661377,4.647866249084473,15184000
2008-07-17,8.100000381469727,8.239999771118164,7.840000152587891,8.0,4.754849910736084,15330242
2008-07-18,7.75,8.220000267028809,7.699999809265137,7.900000095367432,4.6954145431518555,9805344
2008-07-21,8.050000190734863,8.199999809265137,7.630000114440918,7.670000076293945,4.558712959289551,21610000
2008-07-22,7.670000076293945,7.670000076293945,7.300000190734863,7.340000152587891,4.362575054168701,23706000
2008-07-23,7.599999904632568,7.800000190734863,7.420000076293945,7.800000190734863,4.635979652404785,22154000
2008-07-24,8.100000381469727,8.270000457763672,7.920000076293945,7.960000038146973,4.731075763702393,21256438
2008-07-25,7.739999771118164,7.900000095367432,7.550000190734863,7.650000095367432,4.546826362609863,14932000
2008-07-28,7.650000095367432,7.829999923706055,7.559999942779541,7.650000095367432,4.546826362609863,8316860
2008-07-29,7.449999809265137,7.579999923706055,7.400000095367432,7.53000020980835,4.4755024909973145,8520000
2008-07-30,7.730000019073486,7.739999771118164,7.590000152587891,7.610000133514404,4.523052215576172,6479600
2008-07-31,7.670000076293945,7.739999771118164,7.5,7.590000152587891,4.51116418838501,10212000
2008-08-01,7.449999809265137,7.53000020980835,7.28000020980835,7.510000228881836,4.463615894317627,7003800
2008-08-04,7.5,7.5,7.309999942779541,7.369999885559082,4.380405902862549,6372000
2008-08-05,7.159999847412109,7.320000171661377,6.78000020980835,6.929999828338623,4.118889808654785,24708000
2008-08-06,6.929999828338623,6.929999828338623,6.929999828338623,6.929999828338623,4.118889808654785,0
2008-08-07,6.929999828338623,7.449999809265137,6.5,6.619999885559082,3.934638500213623,18160676
2008-08-08,6.619999885559082,6.639999866485596,6.349999904632568,6.480000019073486,3.851428508758545,24796400
2008-08-11,6.510000228881836,6.599999904632568,6.099999904632568,6.099999904632568,3.625572443008423,17719600
2008-08-12,6.25,6.440000057220459,6.03000020980835,6.300000190734863,3.7444441318511963,14878000
2008-08-13,6.300000190734863,6.300000190734863,5.559999942779541,5.900000095367432,3.5067026615142822,26865200
2008-08-14,6.300000190734863,6.300000190734863,5.769999980926514,6.03000020980835,3.583967924118042,27594820
2008-08-15,5.949999809265137,6.03000020980835,5.769999980926514,5.769999980926514,3.4294354915618896,9433400
2008-08-18,5.75,5.96999979019165,5.159999847412109,5.28000020980835,3.1382012367248535,17792000
2008-08-19,5.199999809265137,5.199999809265137,5.010000228881836,5.050000190734863,3.0014991760253906,21360000
2008-08-20,5.25,6.059999942779541,5.199999809265137,6.050000190734863,3.595855951309204,40832000
2008-08-21,5.070000171661377,6.139999866485596,5.070000171661377,5.900000095367432,3.5067026615142822,23064000
2008-08-22,5.900000095367432,5.900000095367432,5.900000095367432,5.900000095367432,3.5067026615142822,0
2008-08-25,6.099999904632568,6.46999979019165,6.090000152587891,6.320000171661377,3.7563321590423584,19715316
2008-08-26,6.269999980926514,6.28000020980835,6.119999885559082,6.199999809265137,3.6850085258483887,12144000
2008-08-27,6.190000057220459,6.349999904632568,5.920000076293945,6.25,3.714726686477661,40580000
2008-08-28,6.210000038146973,6.369999885559082,6.119999885559082,6.21999979019165,3.6968960762023926,24724128
2008-08-29,6.349999904632568,6.570000171661377,5.960000038146973,6.110000133514404,3.631516933441162,45945056
2008-09-01,6.099999904632568,6.099999904632568,5.849999904632568,5.869999885559082,3.488870859146118,20940532
2008-09-02,5.880000114440918,5.949999809265137,5.550000190734863,5.829999923706055,3.465097665786743,26526000
2008-09-03,5.900000095367432,5.900000095367432,5.659999847412109,5.670000076293945,3.3700003623962402,26985400
2008-09-04,5.650000095367432,5.760000228881836,5.170000076293945,5.269999980926514,3.1322574615478516,16040000
2008-09-05,5.0,5.230000019073486,4.800000190734863,5.230000019073486,3.108483076095581,23562266
2008-09-08,5.550000190734863,5.590000152587891,5.179999828338623,5.289999961853027,3.1441445350646973,26372000
2008-09-09,5.289999961853027,5.389999866485596,5.0,5.0,2.9717814922332764,20636000
2008-09-10,4.949999809265137,5.150000095367432,4.860000133514404,4.929999828338623,2.9301764965057373,25431944
2008-09-11,5.119999885559082,5.119999885559082,4.434999942779541,4.53000020980835,2.692434072494507,35147264
2008-09-12,5.119999885559082,5.119999885559082,4.449999809265137,4.590000152587891,2.728095293045044,30759800
2008-09-16,4.349999904632568,4.949999809265137,4.25,4.565000057220459,2.713236093521118,27527532
2008-09-17,4.849999904632568,4.849999904632568,3.994999885559082,4.244999885559082,2.5230422019958496,21136504
2008-09-18,4.150000095367432,4.829999923706055,3.990000009536743,4.599999904632568,2.7340383529663086,41098800
2008-09-19,4.5,5.429999828338623,4.5,5.429999828338623,3.227354049682617,40562580
2008-09-22,5.1519999504089355,6.0,5.1519999504089355,5.440000057220459,3.2332987785339355,43194000
2008-09-23,5.400000095367432,5.400000095367432,5.03000020980835,5.050000190734863,3.0014991760253906,15249160
2008-09-24,5.202499866485596,5.202499866485596,4.75,4.769999980926514,2.8350791931152344,16836000
2008-09-25,4.650000095367432,4.934999942779541,4.650000095367432,4.764999866485596,2.8321070671081543,7600000
2008-09-26,4.875,4.875,4.525000095367432,4.650000095367432,2.7637569904327393,12180000
2008-09-29,4.710000038146973,4.775000095367432,4.440000057220459,4.440000057220459,2.638942241668701,18112000
2008-09-30,4.5904998779296875,4.5904998779296875,3.9800000190734863,4.360000133514404,2.591393232345581,28212000
2008-10-02,4.239999771118164,4.824999809265137,4.239999771118164,4.710000038146973,2.7994179725646973,41889488
2008-10-03,4.59499979019165,4.940000057220459,4.400000095367432,4.724999904632568,2.808333158493042,19274234
2008-10-06,4.855000019073486,4.855000019073486,4.184999942779541,4.184999942779541,2.4873809814453125,14796000
2008-10-08,4.184999942779541,4.184999942779541,3.2100000381469727,3.2100000381469727,1.9078837633132935,54768000
2008-10-09,3.299999952316284,3.4200000762939453,2.9000000953674316,3.009999990463257,1.7890121936798096,46611476
2008-10-10,2.890000104904175,2.890000104904175,2.190000057220459,2.299999952316284,1.3670191764831543,73647616
2008-10-13,2.0999999046325684,2.734999895095825,2.0999999046325684,2.549999952316284,1.5156084299087524,87531760
2008-10-14,2.805000066757202,2.9749999046325684,2.680000066757202,2.759999990463257,1.64042329788208,68852000
2008-10-15,2.7249999046325684,2.7249999046325684,2.365000009536743,2.365000009536743,1.4056525230407715,52250520
2008-10-16,2.499000072479248,2.499000072479248,1.9199999570846558,2.015000104904175,1.1976280212402344,63060000
2008-10-17,1.975000023841858,2.0299999713897705,1.7699999809265137,1.815000057220459,1.0787568092346191,37364000
2008-10-20,1.75,2.0950000286102295,1.75,2.0250000953674316,1.2035717964172363,56753200
2008-10-21,1.8899999856948853,2.0999999046325684,1.7799999713897705,1.815000057220459,1.0787568092346191,53960000
2008-10-22,1.8995000123977661,1.8995000123977661,1.4550000429153442,1.4800000190734863,0.8796471953392029,74514000
2008-10-23,1.375,1.3799999952316284,1.159999966621399,1.2300000190734863,0.7310580611228943,125226000
2008-10-24,1.1799999475479126,1.315000057220459,1.0149999856948853,1.0499999523162842,0.6240741014480591,134054964
2008-10-27,1.0499999523162842,1.1299999952316284,0.800000011920929,0.8500000238418579,0.5052029490470886,101863998
2008-10-28,0.8700000047683716,0.9549999833106995,0.7300000190734863,0.925000011920929,0.5497795343399048,106592000
2008-10-29,0.9449999928474426,1.1200000047683716,0.9300000071525574,1.0,0.5943562388420105,135782768
2008-10-30,1.100000023841858,1.899999976158142,1.0800000429153442,1.850000023841858,1.0995590686798096,228400200
2008-10-31,1.840000033378601,2.315000057220459,1.6399999856948853,2.1649999618530273,1.2867810726165771,181304720
2008-11-03,2.0850000381469727,2.299999952316284,1.899999976158142,1.899999976158142,1.1292768716812134,98591104
2008-11-04,1.9199999570846558,2.059999942779541,1.8650000095367432,1.934999942779541,1.150079369544983,54348000
2008-11-05,2.0950000286102295,2.125,2.005000114440918,2.0450000762939453,1.2154587507247925,62144200
2008-11-06,2.0450000762939453,2.0450000762939453,1.815000057220459,1.8700000047683716,1.1114461421966553,78260000
2008-11-07,1.7699999809265137,2.0850000381469727,1.7549999952316284,2.0199999809265137,1.2005999088287354,111038000
2008-11-10,2.375,2.875,2.3499999046325684,2.875,1.708774209022522,238966000
2008-11-11,2.8499999046325684,3.424999952316284,2.755000114440918,2.869999885559082,1.705802321434021,244470000
2008-11-12,2.875,3.075000047683716,2.7899999618530273,2.9000000953674316,1.7236334085464478,123263944
2008-11-13,2.700000047683716,2.8399999141693115,2.5999999046325684,2.625,1.560185194015503,109574000
2008-11-14,2.575000047683716,2.869999885559082,2.575000047683716,2.6649999618530273,1.5839595794677734,78419000
2008-11-17,2.7149999141693115,2.805000066757202,2.6050000190734863,2.7149999141693115,1.6136770248413086,49827200
2008-11-18,2.674999952316284,2.690000057220459,2.140000104904175,2.2249999046325684,1.322442889213562,133684000
2008-11-19,2.240000009536743,2.265000104904175,2.0950000286102295,2.109999895095825,1.2540916204452515,77472000
2008-11-20,1.9500000476837158,2.069999933242798,1.9149999618530273,1.940000057220459,1.1530511379241943,70980000
2008-11-21,1.850000023841858,2.4000000953674316,1.840000033378601,2.4000000953674316,1.4264551401138306,154261800
2008-11-24,2.299999952316284,2.575000047683716,2.2750000953674316,2.299999952316284,1.3670191764831543,114586000
2008-11-25,2.4749999046325684,2.515000104904175,2.240000009536743,2.2699999809265137,1.3491886854171753,68262000
2008-11-26,2.2899999618530273,2.384999990463257,2.2899999618530273,2.3450000286102295,1.3937655687332153,48482000
2008-11-27,2.5799999237060547,2.6600000858306885,2.4549999237060547,2.575000047683716,1.5304673910140991,144598082
2008-11-28,2.575000047683716,2.7899999618530273,2.569999933242798,2.7899999618530273,1.658253788948059,97835200
2008-12-01,2.765000104904175,3.055000066757202,2.765000104904175,2.934999942779541,1.744435429573059,113425360
2008-12-02,2.740000009536743,3.059999942779541,2.700000047683716,3.059999942779541,1.818730115890503,132703450
2008-12-03,3.200000047683716,3.3450000286102295,3.1600000858306885,3.325000047683716,1.9762344360351562,120992000
2008-12-04,3.450000047683716,3.5,3.075000047683716,3.0999999046325684,1.8425042629241943,151535578
2008-12-05,3.130000114440918,3.4800000190734863,3.130000114440918,3.4749999046325684,2.065387487411499,105456000
2008-12-08,3.680000066757202,4.0,3.680000066757202,4.0,2.377424955368042,126432000
2008-12-09,4.005000114440918,4.289999961853027,3.875,4.045000076293945,2.4041709899902344,135301346
2008-12-10,4.150000095367432,4.199999809265137,3.884999990463257,4.099999904632568,2.4368607997894287,95488300
2008-12-11,4.045000076293945,4.150000095367432,3.7750000953674316,3.7950000762939453,2.255582094192505,73712728
2008-12-12,3.7950000762939453,3.994999885559082,3.505000114440918,3.5850000381469727,2.130767345428467,125192600
2008-12-15,3.8350000381469727,3.924999952316284,3.6050000190734863,3.640000104904175,2.163456916809082,52056000
2008-12-16,3.924999952316284,3.950000047683716,3.5999999046325684,3.950000047683716,2.3477072715759277,90288096
2008-12-17,4.139999866485596,4.539999961853027,4.099999904632568,4.505000114440918,2.677574872970581,191304800
2008-12-18,4.650000095367432,4.739999771118164,4.505000114440918,4.650000095367432,2.7637569904327393,106434280
2008-12-19,4.550000190734863,4.945000171661377,4.5,4.625,2.7488975524902344,90105000
2008-12-22,4.610000133514404,4.75,4.400000095367432,4.400000095367432,2.6151676177978516,55208608
2008-12-23,4.440000057220459,4.494999885559082,4.184999942779541,4.289999961853027,2.549787998199463,74470408
2008-12-24,4.150000095367432,4.545000076293945,4.150000095367432,4.460000038146973,2.6508283615112305,44905700
2008-12-29,4.474999904632568,4.675000190734863,4.380000114440918,4.599999904632568,2.7340383529663086,39840000
2008-12-30,4.675000190734863,4.699999809265137,4.510000228881836,4.650000095367432,2.7637569904327393,44584000
2008-12-31,4.735000133514404,4.809999942779541,4.630000114440918,4.65500020980835,2.7667288780212402,41938150
2009-01-02,4.695000171661377,4.755000114440918,4.650000095367432,4.71999979019165,2.805361032485962,29492000
2009-01-05,4.78000020980835,4.824999809265137,4.605000019073486,4.724999904632568,2.808333158493042,45482000
2009-01-06,4.730000019073486,4.835000038146973,4.630000114440918,4.699999809265137,2.7934744358062744,51929584
2009-01-07,4.795000076293945,4.824999809265137,4.449999809265137,4.474999904632568,2.6597445011138916,55569486
2009-01-08,4.400000095367432,4.434999942779541,4.019999980926514,4.025000095367432,2.392284393310547,82973070
2009-01-09,4.150000095367432,4.289999961853027,4.099999904632568,4.289999961853027,2.549787998199463,53512000
2009-01-12,4.199999809265137,4.239999771118164,4.099999904632568,4.125,2.4517197608947754,31690000
2009-01-13,4.050000190734863,4.195000171661377,3.759999990463257,3.8499999046325684,2.28827166557312,63260000
2009-01-14,3.990000009536743,4.085000038146973,3.865000009536743,3.924999952316284,2.332848072052002,68396000
2009-01-15,3.6500000953674316,3.890000104904175,3.6500000953674316,3.875,2.3031303882598877,43798000
2009-01-16,3.9700000286102295,4.114999771118164,3.9000000953674316,4.105000019073486,2.4398324489593506,44760000
2009-01-19,4.199999809265137,4.275000095367432,4.119999885559082,4.269999980926514,2.5379011631011963,46516000
2009-01-20,4.010000228881836,4.474999904632568,4.010000228881836,4.275000095367432,2.5408730506896973,55961364
2009-01-21,4.199999809265137,4.364999771118164,4.085000038146973,4.125,2.4517197608947754,42919600
2009-01-22,4.199999809265137,4.25,4.034999847412109,4.099999904632568,2.4368607997894287,35968090
2009-01-23,4.059999942779541,4.099999904632568,3.9000000953674316,4.050000190734863,2.4071435928344727,30814000
2009-01-29,4.304999828338623,4.320000171661377,4.199999809265137,4.224999904632568,2.511155605316162,40102000
2009-01-30,4.150000095367432,4.364999771118164,4.144999980926514,4.324999809265137,2.5705904960632324,32022800
2009-02-02,4.320000171661377,4.324999809265137,4.074999809265137,4.079999923706055,2.424973487854004,33212000
2009-02-03,4.150000095367432,4.175000190734863,4.010000228881836,4.039999961853027,2.4011998176574707,26349800
2009-02-04,4.125,4.329999923706055,4.125,4.320000171661377,2.5676193237304688,47370474
2009-02-05,4.349999904632568,4.599999904632568,4.329999923706055,4.335000038146973,2.5765347480773926,88364000
2009-02-06,4.686999797821045,4.686999797821045,4.099999904632568,4.510000228881836,2.680546760559082,169316000
2009-02-09,4.590000152587891,4.599999904632568,4.304999828338623,4.375,2.6003081798553467,95539664
2009-02-10,4.349999904632568,4.565000057220459,4.324999809265137,4.539999961853027,2.6983773708343506,72008200
2009-02-11,4.434999942779541,4.5,4.340000152587891,4.465000152587891,2.6538007259368896,50024000
2009-02-12,4.400000095367432,4.565000057220459,4.355000019073486,4.429999828338623,2.632997989654541,90246064
2009-02-13,4.525000095367432,4.550000190734863,4.449999809265137,4.485000133514404,2.6656880378723145,25044000
2009-02-16,4.525000095367432,4.775000095367432,4.429999828338623,4.775000095367432,2.8380510807037354,84945410
2009-02-17,4.75,4.875,4.619999885559082,4.724999904632568,2.808333158493042,97554608
2009-02-18,4.675000190734863,4.715000152587891,4.5,4.65500020980835,2.7667288780212402,68365746
2009-02-19,4.565000057220459,4.739999771118164,4.545000076293945,4.670000076293945,2.7756433486938477,40964908
2009-02-20,4.545000076293945,4.605000019073486,4.375,4.400000095367432,2.6151676177978516,49652000
2009-02-23,4.349999904632568,4.5,4.269999980926514,4.5,2.67460298538208,32256000
2009-02-24,4.369999885559082,4.590000152587891,4.340000152587891,4.400000095367432,2.6151676177978516,40282400
2009-02-25,4.480000019073486,4.545000076293945,4.414999961853027,4.489999771118164,2.6686596870422363,24851000
2009-02-26,4.5,4.585000038146973,4.409999847412109,4.425000190734863,2.630026340484619,32792224
2009-02-27,4.454999923706055,4.525000095367432,4.349999904632568,4.5,2.67460298538208,44628204
2009-03-02,4.409999847412109,4.440000057220459,4.139999866485596,4.275000095367432,2.5408730506896973,56916970
2009-03-03,4.179999828338623,4.510000228881836,4.175000190734863,4.449999809265137,2.644885778427124,58128584
2009-03-04,4.400000095367432,4.724999904632568,4.360000133514404,4.650000095367432,2.7637569904327393,63908000
2009-03-05,4.739999771118164,4.739999771118164,4.505000114440918,4.505000114440918,2.677574872970581,44700000
2009-03-06,4.400000095367432,4.525000095367432,4.360000133514404,4.440000057220459,2.638942241668701,36722000
2009-03-09,4.449999809265137,4.46999979019165,4.340000152587891,4.340000152587891,2.5795059204101562,22588000
2009-03-10,4.409999847412109,4.59499979019165,4.375,4.579999923706055,2.722151279449463,45896800
2009-03-11,4.699999809265137,4.735000133514404,4.599999904632568,4.630000114440918,2.7518694400787354,45988000
2009-03-12,4.630000114440918,4.650000095367432,4.485000133514404,4.630000114440918,2.7518694400787354,29981666
2009-03-13,4.699999809265137,4.949999809265137,4.699999809265137,4.949999809265137,2.942063570022583,70072612
2009-03-16,5.050000190734863,5.5,5.050000190734863,5.5,3.2689597606658936,78949212
2009-03-17,5.5,5.550000190734863,5.300000190734863,5.300000190734863,3.1500885486602783,42115306
2009-03-18,5.400000095367432,5.619999885559082,5.400000095367432,5.5,3.2689597606658936,34308696
2009-03-19,5.599999904632568,5.789999961853027,5.489999771118164,5.670000076293945,3.3700003623962402,40721460
2009-03-20,5.670000076293945,5.739999771118164,5.519999980926514,5.599999904632568,3.3283944129943848,19238574
2009-03-23,5.800000190734863,6.230000019073486,5.690000057220459,6.210000038146973,3.6909525394439697,27960488
2009-03-24,6.25,6.300000190734863,5.949999809265137,6.099999904632568,3.625572443008423,31313770
2009-03-25,5.96999979019165,6.159999847412109,5.670000076293945,5.820000171661377,3.459153652191162,49732830
2009-03-26,6.0,6.199999809265137,5.900000095367432,6.159999847412109,3.6612348556518555,40523800
2009-03-27,6.099999904632568,6.440000057220459,6.019999980926514,6.230000019073486,3.7028400897979736,36931360
2009-03-30,6.110000133514404,6.130000114440918,5.75,5.769999980926514,3.4294354915618896,24522000
2009-03-31,5.900000095367432,5.909999847412109,5.579999923706055,5.739999771118164,3.411604642868042,26229334
2009-04-01,5.880000114440918,5.920000076293945,5.5,5.639999866485596,3.3521692752838135,34034704
2009-04-02,5.849999904632568,6.230000019073486,5.820000171661377,6.159999847412109,3.6612348556518555,74281266
2009-04-03,6.150000095367432,6.389999866485596,5.909999847412109,6.25,3.714726686477661,30323458
2009-04-06,6.449999809265137,6.710000038146973,6.179999828338623,6.25,3.714726686477661,29593000
2009-04-07,6.25,6.539999961853027,6.230000019073486,6.329999923706055,3.7622759342193604,24772134
2009-04-08,6.300000190734863,6.300000190734863,5.900000095367432,5.989999771118164,3.5601940155029297,36823592
2009-04-09,6.119999885559082,6.239999771118164,6.059999942779541,6.139999866485596,3.6493473052978516,17125938
2009-04-14,6.300000190734863,6.650000095367432,6.28000020980835,6.630000114440918,3.940582513809204,35610714
2009-04-15,6.389999866485596,6.710000038146973,6.369999885559082,6.679999828338623,3.9702987670898438,22678412
2009-04-16,6.849999904632568,6.849999904632568,6.489999771118164,6.579999923706055,3.910865068435669,23397320
2009-04-17,6.650000095367432,6.829999923706055,6.489999771118164,6.610000133514404,3.928694486618042,17065506
2009-04-20,6.53000020980835,6.679999828338623,6.289999961853027,6.650000095367432,3.9524688720703125,16558000
2009-04-21,6.329999923706055,6.610000133514404,6.329999923706055,6.489999771118164,3.857372283935547,17658530
2009-04-22,6.710000038146973,7.25,6.699999809265137,6.940000057220459,4.124831676483154,77423066
2009-04-23,6.730000019073486,7.840000152587891,6.730000019073486,7.5,4.457672119140625,70239232
2009-04-24,7.53000020980835,7.659999847412109,7.25,7.329999923706055,4.356631278991699,39404200
2009-04-27,7.150000095367432,7.199999809265137,6.940000057220459,7.03000020980835,4.178323745727539,41897526
2009-04-28,7.130000114440918,7.329999923706055,6.809999942779541,7.059999942779541,4.196155071258545,46241052
2009-04-29,7.150000095367432,7.610000133514404,7.119999885559082,7.570000171661377,4.499277114868164,54137750
2009-04-30,7.385000228881836,8.460000038146973,7.385000228881836,8.220000267028809,4.885608196258545,72561064
2009-05-04,8.630000114440918,8.979999542236328,8.600000381469727,8.869999885559082,5.271939754486084,40726202
2009-05-05,9.0,9.100000381469727,8.460000038146973,8.5,5.052028656005859,33982000
2009-05-06,8.350000381469727,8.65999984741211,8.239999771118164,8.420000076293945,5.00447940826416,45345400
2009-05-07,8.600000381469727,8.6899995803833,8.300000190734863,8.34000015258789,4.9569315910339355,32751660
2009-05-08,8.489999771118164,8.579999923706055,8.25,8.430000305175781,5.0104241371154785,73274000
2009-05-11,8.449999809265137,8.600000381469727,8.010000228881836,8.100000381469727,4.814287185668945,39914922
2009-05-12,8.100000381469727,8.470000267028809,7.909999847412109,8.380000114440918,4.980705261230469,38686014
2009-05-13,8.350000381469727,8.829999923706055,8.34000015258789,8.699999809265137,5.170899868011475,51625040
2009-05-14,8.399999618530273,8.5,8.289999961853027,8.40999984741211,4.998535633087158,24592340
2009-05-15,8.699999809265137,8.720000267028809,8.510000228881836,8.600000381469727,5.111464023590088,21551948
2009-05-18,8.40999984741211,8.75,8.25,8.680000305175781,5.1590118408203125,20602490
2009-05-19,8.899999618530273,9.0600004196167,8.550000190734863,8.789999961853027,5.224392414093018,29246200
2009-05-20,8.789999961853027,8.930000305175781,8.579999923706055,8.84000015258789,5.254109859466553,20252000
2009-05-21,8.640000343322754,8.800000190734863,8.510000228881836,8.579999923706055,5.099575996398926,14886572
2009-05-22,8.5,8.539999961853027,8.039999961853027,8.300000190734863,4.933157444000244,31620228
2009-05-25,8.300000190734863,8.4399995803833,8.199999809265137,8.34000015258789,4.970405578613281,19540000
2009-05-26,8.399999618530273,8.399999618530273,7.96999979019165,8.0,4.76777458190918,39422820
2009-05-27,8.199999809265137,8.25,7.949999809265137,8.069999694824219,4.809493541717529,38904178
2009-05-29,8.25,8.550000190734863,8.149999618530273,8.449999809265137,5.0359625816345215,43776000
2009-06-01,8.75,8.979999542236328,8.649999618530273,8.890000343322754,5.298190116882324,43670312
2009-06-02,9.039999961853027,9.039999961853027,8.4399995803833,8.489999771118164,5.059800624847412,30692364
2009-06-03,8.640000343322754,8.699999809265137,8.40999984741211,8.529999732971191,5.083640098571777,28128800
2009-06-04,8.520000457763672,8.75,8.350000381469727,8.65999984741211,5.161114692687988,29441692
2009-06-05,8.850000381469727,9.25,8.710000038146973,9.220000267028809,5.4948601722717285,60861458
2009-06-08,9.220000267028809,9.220000267028809,8.699999809265137,8.8100004196167,5.250512599945068,36563826
2009-06-09,8.75,8.899999618530273,8.270000457763672,8.329999923706055,4.964445114135742,47637506
2009-06-10,8.329999923706055,8.550000190734863,8.039999961853027,8.529999732971191,5.083640098571777,48258226
2009-06-11,8.279999732971191,8.460000038146973,8.210000038146973,8.260000228881836,4.922727584838867,43795200
2009-06-12,8.34000015258789,8.520000457763672,8.119999885559082,8.239999771118164,4.9108076095581055,36394512
2009-06-15,8.199999809265137,8.399999618530273,8.180000305175781,8.210000038146973,4.892928600311279,21284000
2009-06-16,8.0,8.100000381469727,7.650000095367432,7.920000076293945,4.720097541809082,43893400
2009-06-17,7.75,7.809999942779541,7.480000019073486,7.590000152587891,4.523426532745361,42700290
2009-06-18,7.599999904632568,7.670000076293945,7.349999904632568,7.409999847412109,4.4161505699157715,43648522
2009-06-19,7.590000152587891,7.820000171661377,7.420000076293945,7.809999942779541,4.654540061950684,32174000
2009-06-22,7.809999942779541,7.880000114440918,7.53000020980835,7.630000114440918,4.547265529632568,18321352
2009-06-23,7.25,7.5,7.159999847412109,7.25,4.320796012878418,32287452
2009-06-24,7.25,7.619999885559082,7.110000133514404,7.579999923706055,4.5174665451049805,30756230
2009-06-25,7.840000152587891,7.989999771118164,7.650000095367432,7.889999866485596,4.7022175788879395,34426000
2009-06-26,8.09000015258789,8.09000015258789,7.75,7.809999942779541,4.654540061950684,29364000
2009-06-29,7.880000114440918,7.880000114440918,7.5,7.630000114440918,4.547265529632568,26608200
2009-06-30,7.800000190734863,7.800000190734863,7.449999809265137,7.510000228881836,4.4757490158081055,19075716
2009-07-02,7.690000057220459,7.730000019073486,7.300000190734863,7.429999828338623,4.428070545196533,39657612
2009-07-03,7.210000038146973,7.380000114440918,7.150000095367432,7.210000038146973,4.2969560623168945,39956436
2009-07-06,7.199999809265137,7.199999809265137,7.039999961853027,7.090000152587891,4.225440979003906,28614580
2009-07-07,7.010000228881836,7.25,6.900000095367432,7.010000228881836,4.177762508392334,40394768
2009-07-08,6.900000095367432,7.300000190734863,6.900000095367432,7.170000076293945,4.273118495941162,80392000
2009-07-09,7.300000190734863,7.989999771118164,7.199999809265137,7.960000038146973,4.743936061859131,124269164
2009-07-10,7.909999847412109,7.940000057220459,7.449999809265137,7.539999961853027,4.493628025054932,64734000
2009-07-13,7.579999923706055,7.840000152587891,7.539999961853027,7.639999866485596,4.553224563598633,45706200
2009-07-14,7.849999904632568,7.949999809265137,7.699999809265137,7.809999942779541,4.654540061950684,42206088
2009-07-15,7.869999885559082,7.96999979019165,7.730000019073486,7.909999847412109,4.714137077331543,34677754
2009-07-16,8.079999923706055,8.329999923706055,7.940000057220459,8.239999771118164,4.9108076095581055,74849760
2009-07-17,8.34000015258789,8.600000381469727,8.25,8.579999923706055,5.113438129425049,50031260
2009-07-20,8.649999618530273,8.829999923706055,8.270000457763672,8.579999923706055,5.113438129425049,38896000
2009-07-21,8.699999809265137,8.699999809265137,8.40999984741211,8.579999923706055,5.113438129425049,29740000
2009-07-22,8.579999923706055,8.829999923706055,8.569999694824219,8.619999885559082,5.1372761726379395,31492588
2009-07-23,8.75,8.779999732971191,8.600000381469727,8.65999984741211,5.161114692687988,14720576
2009-07-24,8.75,8.75,8.5,8.520000457763672,5.0776801109313965,30228702
2009-07-27,8.619999885559082,8.970000267028809,8.550000190734863,8.859999656677246,5.280309677124023,29643862
2009-07-28,8.899999618530273,8.979999542236328,8.680000305175781,8.930000305175781,5.322028160095215,25836018
2009-07-29,8.789999961853027,8.9399995803833,8.100000381469727,8.40999984741211,5.012122631072998,39236000
2009-07-30,8.359999656677246,8.579999923706055,8.109999656677246,8.34000015258789,4.970405578613281,25375194
2009-07-31,8.5,8.579999923706055,8.399999618530273,8.4399995803833,5.030002117156982,15610000
2009-08-03,8.5,9.079999923706055,8.390000343322754,9.029999732971191,5.381625652313232,62414000
2009-08-04,9.229999542236328,9.34000015258789,9.020000457763672,9.220000267028809,5.4948601722717285,59390568
2009-08-05,9.069999694824219,9.3100004196167,8.869999885559082,8.899999618530273,5.304149627685547,34014198
2009-08-06,8.84000015258789,9.0,8.59000015258789,8.800000190734863,5.244551658630371,21236000
2009-08-07,8.550000190734863,8.609999656677246,8.430000305175781,8.4399995803833,5.030002117156982,18381300
2009-08-10,8.6899995803833,8.6899995803833,8.399999618530273,8.489999771118164,5.059800624847412,16019236
2009-08-11,8.25,8.600000381469727,8.25,8.460000038146973,5.041922092437744,14872000
2009-08-12,8.460000038146973,8.460000038146973,8.199999809265137,8.25,4.916768550872803,13952042
2009-08-13,8.380000114440918,8.460000038146973,8.229999542236328,8.25,4.916768550872803,11953800
2009-08-14,8.300000190734863,8.369999885559082,8.020000457763672,8.170000076293945,4.869089603424072,10496000
2009-08-17,8.0,8.0,7.559999942779541,7.579999923706055,4.5174665451049805,31068240
2009-08-18,7.559999942779541,7.800000190734863,7.400000095367432,7.739999771118164,4.612821578979492,21575104
2009-08-19,7.849999904632568,7.889999866485596,7.420000076293945,7.590000152587891,4.523426532745361,27235642
2009-08-20,7.78000020980835,8.300000190734863,7.75,8.279999732971191,4.9346466064453125,26398002
2009-08-21,8.329999923706055,8.529999732971191,8.199999809265137,8.220000267028809,4.89888858795166,44954000
2009-08-24,8.470000267028809,8.640000343322754,8.319999694824219,8.619999885559082,5.1372761726379395,23192392
2009-08-25,8.359999656677246,8.569999694824219,8.359999656677246,8.520000457763672,5.0776801109313965,9198000
2009-08-26,8.699999809265137,8.800000190734863,8.529999732971191,8.710000038146973,5.190915107727051,22384668
2009-08-27,8.550000190734863,8.550000190734863,8.119999885559082,8.170000076293945,4.869089603424072,50585000
2009-08-28,8.199999809265137,8.399999618530273,7.96999979019165,8.289999961853027,4.940606594085693,27481886
2009-08-31,8.4399995803833,8.4399995803833,7.900000095367432,8.1899995803833,4.881009101867676,14850000
2009-09-01,8.25,8.25,7.960000038146973,8.109999656677246,4.8333306312561035,20392076
2009-09-02,8.029999732971191,8.079999923706055,7.909999847412109,7.940000057220459,4.732016563415527,13526800
2009-09-03,7.929999828338623,8.270000457763672,7.909999847412109,8.180000305175781,4.8750505447387695,20522000
2009-09-04,8.239999771118164,8.649999618530273,8.239999771118164,8.529999732971191,5.083640098571777,26571446
2009-09-07,8.489999771118164,8.789999961853027,8.489999771118164,8.710000038146973,5.190915107727051,17327200
2009-09-08,8.699999809265137,9.020000457763672,8.6899995803833,8.789999961853027,5.238592624664307,24322000
2009-09-09,8.800000190734863,8.960000038146973,8.520000457763672,8.600000381469727,5.1253581047058105,21108144
2009-09-10,8.649999618530273,8.850000381469727,8.449999809265137,8.579999923706055,5.113438129425049,27591400
2009-09-11,8.5,8.800000190734863,8.449999809265137,8.680000305175781,5.173035144805908,14213990
2009-09-14,8.449999809265137,8.529999732971191,8.399999618530273,8.460000038146973,5.041922092437744,20917090
2009-09-15,8.460000038146973,8.630000114440918,8.390000343322754,8.550000190734863,5.095559597015381,8829628
2009-09-16,8.649999618530273,8.90999984741211,8.600000381469727,8.850000381469727,5.274350643157959,30246000
2009-09-17,9.100000381469727,9.489999771118164,8.979999542236328,9.420000076293945,5.6140546798706055,56170400
2009-09-18,9.390000343322754,9.600000381469727,9.319999694824219,9.489999771118164,5.655773639678955,37157620
2009-09-21,9.5,9.699999809265137,9.270000457763672,9.329999923706055,5.5604166984558105,22293312
2009-09-22,9.34000015258789,9.5600004196167,9.34000015258789,9.460000038146973,5.6378936767578125,14385930
2009-09-23,9.5,9.819999694824219,9.1899995803833,9.789999961853027,5.834564685821533,31702066
2009-09-24,9.510000228881836,9.520000457763672,8.949999809265137,9.0,5.363746166229248,57844488
2009-09-25,8.819999694824219,9.399999618530273,8.819999694824219,9.300000190734863,5.542539119720459,22068000
2009-09-28,9.180000305175781,9.25,8.850000381469727,9.010000228881836,5.369706630706787,18996646
2009-09-29,9.239999771118164,9.270000457763672,9.149999618530273,9.1899995803833,5.476981163024902,9277276
2009-09-30,9.0600004196167,9.220000267028809,9.039999961853027,9.119999885559082,5.435263156890869,13377988
2009-10-02,8.829999923706055,8.850000381469727,8.699999809265137,8.720000267028809,5.196875095367432,22462908
2009-10-05,8.65999984741211,8.949999809265137,8.649999618530273,8.890000343322754,5.298190116882324,21098000
2009-10-06,8.949999809265137,9.100000381469727,8.829999923706055,8.899999618530273,5.304149627685547,15449068
2009-10-07,9.0,9.100000381469727,9.0,9.0600004196167,5.399504661560059,9000000
2009-10-08,9.149999618530273,9.1899995803833,8.970000267028809,9.109999656677246,5.4293036460876465,6698680
2009-10-09,9.199999809265137,9.359999656677246,9.149999618530273,9.3100004196167,5.548498153686523,22946136
2009-10-12,9.25,9.34000015258789,9.09000015258789,9.119999885559082,5.435263156890869,3854000
2009-10-13,9.149999618530273,9.34000015258789,8.890000343322754,8.979999542236328,5.351827621459961,16263068
2009-10-14,9.100000381469727,9.149999618530273,8.899999618530273,8.989999771118164,5.357787132263184,15321000
2009-10-15,9.229999542236328,9.25,8.9399995803833,9.0,5.363746166229248,17255360
2009-10-16,9.100000381469727,9.100000381469727,8.800000190734863,8.960000038146973,5.339907646179199,17186000
2009-10-19,9.050000190734863,9.149999618530273,8.829999923706055,8.899999618530273,5.304149627685547,25889044
2009-10-20,8.899999618530273,9.010000228881836,8.75,8.779999732971191,5.232633113861084,27333000
2009-10-21,8.75,8.930000305175781,8.699999809265137,8.899999618530273,5.304149627685547,18586234
2009-10-22,8.899999618530273,8.899999618530273,8.630000114440918,8.670000076293945,5.167076110839844,25304000
2009-10-23,8.789999961853027,8.850000381469727,8.529999732971191,8.640000343322754,5.149197101593018,26620000
2009-10-27,8.430000305175781,8.819999694824219,8.430000305175781,8.619999885559082,5.1372761726379395,20146356
2009-10-28,8.600000381469727,8.75,8.460000038146973,8.5,5.065761089324951,19283170
2009-10-29,8.25,8.40999984741211,8.210000038146973,8.319999694824219,4.958485126495361,29455770
2009-10-30,8.5,8.600000381469727,8.300000190734863,8.529999732971191,5.083640098571777,26599992
2009-11-02,8.199999809265137,8.34000015258789,8.029999732971191,8.300000190734863,4.946566581726074,19989600
2009-11-03,8.25,8.449999809265137,8.149999618530273,8.15999984741211,4.86313009262085,15174442
2009-11-04,8.15999984741211,8.329999923706055,8.15999984741211,8.199999809265137,4.886969089508057,11575270
2009-11-05,8.199999809265137,8.260000228881836,8.149999618530273,8.199999809265137,4.886969089508057,8123990
2009-11-06,8.390000343322754,8.399999618530273,8.1899995803833,8.289999961853027,4.940606594085693,22814804
2009-11-09,8.3100004196167,8.5,8.239999771118164,8.390000343322754,5.000203609466553,24868008
2009-11-10,8.489999771118164,8.489999771118164,8.140000343322754,8.270000457763672,4.92868709564209,24253682
2009-11-11,8.279999732971191,8.329999923706055,8.170000076293945,8.300000190734863,4.946566581726074,13485576
2009-11-12,8.300000190734863,8.34000015258789,8.0600004196167,8.09000015258789,4.821412563323975,24247996
2009-11-13,8.119999885559082,8.399999618530273,8.119999885559082,8.359999656677246,4.982325077056885,40395600
2009-11-16,8.449999809265137,8.489999771118164,8.300000190734863,8.449999809265137,5.0359625816345215,33016630
2009-11-17,8.449999809265137,8.5,8.260000228881836,8.3100004196167,4.952525615692139,16178000
2009-11-18,8.300000190734863,8.479999542236328,8.15999984741211,8.260000228881836,4.922727584838867,41316000
2009-11-19,8.210000038146973,8.270000457763672,8.119999885559082,8.15999984741211,4.86313009262085,17683044
2009-11-20,8.100000381469727,8.220000267028809,8.029999732971191,8.199999809265137,4.886969089508057,24714668
2009-11-23,8.199999809265137,8.279999732971191,8.15999984741211,8.270000457763672,4.92868709564209,10150024
2009-11-24,8.180000305175781,8.350000381469727,8.119999885559082,8.199999809265137,4.886969089508057,13781564
2009-11-25,8.119999885559082,8.1899995803833,8.050000190734863,8.15999984741211,4.86313009262085,17788880
2009-11-26,8.010000228881836,8.109999656677246,7.960000038146973,7.989999771118164,4.761814594268799,24742000
2009-11-27,7.699999809265137,7.820000171661377,7.369999885559082,7.489999771118164,4.463829517364502,48465758
2009-11-30,7.610000133514404,7.909999847412109,7.320000171661377,7.460000038146973,4.445949554443359,43226800
2009-12-01,7.460000038146973,8.170000076293945,7.460000038146973,8.15999984741211,4.86313009262085,71798000
2009-12-02,8.399999618530273,8.890000343322754,8.380000114440918,8.699999809265137,5.18495512008667,126097870
2009-12-03,8.770000457763672,8.779999732971191,8.510000228881836,8.65999984741211,5.161114692687988,28213048
2009-12-04,8.550000190734863,8.609999656677246,8.399999618530273,8.579999923706055,5.113438129425049,17391544
2009-12-07,8.649999618530273,8.75,8.539999961853027,8.619999885559082,5.1372761726379395,14076106
2009-12-08,8.6899995803833,8.6899995803833,8.34000015258789,8.399999618530273,5.006163597106934,18787636
2009-12-09,8.289999961853027,8.399999618530273,8.100000381469727,8.119999885559082,4.839291572570801,21986800
2009-12-10,8.119999885559082,8.25,7.949999809265137,8.079999923706055,4.815452575683594,20123864
2009-12-11,8.100000381469727,8.260000228881836,8.100000381469727,8.1899995803833,4.881009101867676,19876230
2009-12-14,8.229999542236328,8.350000381469727,8.010000228881836,8.239999771118164,4.9108076095581055,17103590
2009-12-15,8.289999961853027,8.420000076293945,8.220000267028809,8.329999923706055,4.964445114135742,23535032
2009-12-16,8.460000038146973,8.460000038146973,8.0,8.100000381469727,4.8273725509643555,23079010
2009-12-17,8.149999618530273,8.149999618530273,7.699999809265137,7.769999980926514,4.630701065063477,23920912
2009-12-18,7.650000095367432,7.71999979019165,7.440000057220459,7.53000020980835,4.487668037414551,25353424
2009-12-21,7.650000095367432,7.650000095367432,7.480000019073486,7.519999980926514,4.48170804977417,13174298
2009-12-22,7.5,7.739999771118164,7.5,7.550000190734863,4.499587535858154,10268692
2009-12-23,7.599999904632568,7.730000019073486,7.519999980926514,7.699999809265137,4.588983058929443,14562640
2009-12-24,7.800000190734863,7.71999979019165,7.760000228881836,7.800000190734863,4.648581027984619,6438400
2009-12-28,7.849999904632568,7.989999771118164,7.739999771118164,7.900000095367432,4.70817756652832,10233000
2009-12-29,7.989999771118164,8.1899995803833,7.889999866485596,8.100000381469727,4.8273725509643555,23532788
2009-12-30,8.050000190734863,8.050000190734863,7.840000152587891,7.920000076293945,4.720097541809082,17617278
2009-12-31,7.980000019073486,8.079999923706055,7.929999828338623,8.029999732971191,4.785653114318848,5758000
2010-01-04,7.949999809265137,8.100000381469727,7.809999942779541,7.920000076293945,4.720097541809082,12806000
2010-01-05,8.010000228881836,8.079999923706055,7.900000095367432,8.0,4.76777458190918,23351840
2010-01-06,8.0,8.069999694824219,7.710000038146973,7.800000190734863,4.648581027984619,49476000
2010-01-07,7.769999980926514,7.800000190734863,7.579999923706055,7.639999866485596,4.553224563598633,44068284
2010-01-08,7.75,7.96999979019165,7.699999809265137,7.75,4.618782043457031,45902114
2010-01-11,7.920000076293945,7.940000057220459,7.75,7.840000152587891,4.672418594360352,18587218
2010-01-12,7.860000133514404,7.860000133514404,7.699999809265137,7.78000020980835,4.636661529541016,19532000
2010-01-13,7.639999866485596,7.639999866485596,7.440000057220459,7.449999809265137,4.4399895668029785,44111800
2010-01-14,7.46999979019165,7.539999961853027,7.320000171661377,7.340000152587891,4.374433517456055,29926350
2010-01-15,7.329999923706055,7.329999923706055,7.079999923706055,7.179999828338623,4.279077053070068,52590968
2010-01-18,7.119999885559082,7.119999885559082,6.949999809265137,7.0,4.171802043914795,54149842
2010-01-19,7.010000228881836,7.010000228881836,7.309999942779541,7.340000152587891,4.374433517456055,43312584
2010-01-20,7.300000190734863,7.349999904632568,7.019999980926514,7.059999942779541,4.207561492919922,34869428
2010-01-21,6.960000038146973,7.269999980926514,6.909999847412109,6.980000019073486,4.159882545471191,43034000
2010-01-22,6.710000038146973,6.800000190734863,6.409999847412109,6.769999980926514,4.03472900390625,61978294
2010-01-25,6.730000019073486,6.789999961853027,6.579999923706055,6.75,4.022810459136963,28329880
2010-01-26,6.980000019073486,6.989999771118164,6.400000095367432,6.449999809265137,3.8440184593200684,69768880
2010-01-27,6.489999771118164,6.639999866485596,6.300000190734863,6.349999904632568,3.784420967102051,42695820
2010-01-28,6.5,6.53000020980835,6.300000190734863,6.360000133514404,3.7903809547424316,29413308
2010-01-29,6.320000171661377,6.570000171661377,6.300000190734863,6.46999979019165,3.855937957763672,37089970
2010-02-01,6.579999923706055,7.199999809265137,6.53000020980835,7.190000057220459,4.285037517547607,102919504
2010-02-02,7.260000228881836,7.389999866485596,6.869999885559082,6.900000095367432,4.112205982208252,63265200
2010-02-03,7.03000020980835,7.099999904632568,6.840000152587891,7.070000171661377,4.213520050048828,36907820
2010-02-04,6.940000057220459,7.0,6.639999866485596,6.659999847412109,3.9691731929779053,48369800
2010-02-05,6.320000171661377,6.460000038146973,6.309999942779541,6.369999885559082,3.796340227127075,35702000
2010-02-08,6.369999885559082,6.619999885559082,6.349999904632568,6.460000038146973,3.849977493286133,22870996
2010-02-09,6.440000057220459,6.570000171661377,6.340000152587891,6.53000020980835,3.891695976257324,22737940
2010-02-10,6.639999866485596,6.840000152587891,6.579999923706055,6.760000228881836,4.028769493103027,25577900
2010-02-11,6.71999979019165,6.900000095367432,6.659999847412109,6.760000228881836,4.028769493103027,22161880
2010-02-12,6.809999942779541,6.809999942779541,6.610000133514404,6.670000076293945,3.9751319885253906,20795886
2010-02-17,6.769999980926514,6.829999923706055,6.639999866485596,6.699999809265137,3.993011951446533,16877400
2010-02-18,6.650000095367432,6.739999771118164,6.590000152587891,6.699999809265137,3.993011951446533,10408000
2010-02-19,6.690000057220459,6.690000057220459,6.510000228881836,6.550000190734863,3.9036152362823486,13553596
2010-02-22,6.690000057220459,6.75,6.570000171661377,6.599999904632568,3.9334137439727783,7854490
2010-02-23,6.579999923706055,6.650000095367432,6.449999809265137,6.650000095367432,3.963212490081787,16499978
2010-02-24,6.550000190734863,6.71999979019165,6.480000019073486,6.679999828338623,3.981091260910034,10817550
2010-02-25,6.710000038146973,6.869999885559082,6.599999904632568,6.610000133514404,3.93937349319458,18716000
2010-02-26,6.639999866485596,6.789999961853027,6.639999866485596,6.679999828338623,3.981091260910034,19898000
2010-03-01,6.75,7.059999942779541,6.730000019073486,7.039999961853027,4.195641994476318,31102000
2010-03-02,7.099999904632568,7.199999809265137,7.0,7.179999828338623,4.279077053070068,49962540
2010-03-03,7.150000095367432,7.150000095367432,6.960000038146973,7.070000171661377,4.213520050048828,24313292
2010-03-04,7.070000171661377,7.25,7.010000228881836,7.050000190734863,4.201601505279541,46172000
2010-03-05,7.199999809265137,7.239999771118164,7.099999904632568,7.230000019073486,4.308876991271973,31640560
2010-03-08,7.269999980926514,7.420000076293945,7.269999980926514,7.360000133514404,4.386352062225342,20005530
2010-03-09,7.360000133514404,7.519999980926514,7.320000171661377,7.480000019073486,4.457869052886963,37012590
2010-03-10,7.5,7.539999961853027,7.380000114440918,7.480000019073486,4.457869052886963,20839000
2010-03-11,7.5,7.5,7.329999923706055,7.400000095367432,4.410192012786865,18168000
2010-03-12,7.449999809265137,7.449999809265137,7.260000228881836,7.380000114440918,4.398271560668945,11840000
2010-03-15,7.300000190734863,7.360000133514404,7.130000114440918,7.159999847412109,4.267158508300781,15331200
2010-03-16,7.170000076293945,7.239999771118164,7.050000190734863,7.070000171661377,4.213520050048828,11997200
2010-03-17,7.110000133514404,7.329999923706055,7.099999904632568,7.269999980926514,4.332715034484863,12441418
2010-03-18,7.329999923706055,7.329999923706055,7.119999885559082,7.190000057220459,4.285037517547607,10212400
2010-03-19,7.179999828338623,7.239999771118164,7.090000152587891,7.170000076293945,4.273118495941162,12341400
2010-03-22,7.110000133514404,7.110000133514404,6.960000038146973,6.980000019073486,4.159882545471191,16305608
2010-03-23,6.980000019073486,7.150000095367432,6.980000019073486,7.03000020980835,4.1896820068359375,9614000
2010-03-24,7.159999847412109,7.489999771118164,7.150000095367432,7.28000020980835,4.338675498962402,37382112
2010-03-25,7.260000228881836,7.260000228881836,7.110000133514404,7.139999866485596,4.255239009857178,16128504
2010-03-26,7.070000171661377,7.269999980926514,7.070000171661377,7.25,4.320796012878418,16208672
2010-03-29,7.289999961853027,7.340000152587891,7.179999828338623,7.21999979019165,4.302916526794434,11935964
2010-03-30,7.25,7.489999771118164,7.21999979019165,7.480000019073486,4.457869052886963,44178724
2010-03-31,7.5,7.679999828338623,7.480000019073486,7.519999980926514,4.48170804977417,45267426
2010-04-01,7.630000114440918,7.929999828338623,7.550000190734863,7.900000095367432,4.70817756652832,79390470
2010-04-07,7.949999809265137,8.100000381469727,7.840000152587891,7.989999771118164,4.761814594268799,36621044
2010-04-08,7.949999809265137,8.100000381469727,7.880000114440918,7.940000057220459,4.732016563415527,17782816
2010-04-09,7.949999809265137,8.050000190734863,7.809999942779541,7.980000019073486,4.755855560302734,30576496
2010-04-12,8.029999732971191,8.079999923706055,7.639999866485596,7.679999828338623,4.57706356048584,27764342
2010-04-13,7.699999809265137,7.900000095367432,7.309999942779541,7.400000095367432,4.410192012786865,36123428
2010-04-14,7.46999979019165,7.599999904632568,7.429999828338623,7.53000020980835,4.487668037414551,13190000
2010-04-15,7.650000095367432,7.730000019073486,7.53000020980835,7.550000190734863,4.499587535858154,14181920
2010-04-16,7.599999904632568,7.599999904632568,7.409999847412109,7.599999904632568,4.529386043548584,14095396
2010-04-19,7.300000190734863,7.360000133514404,6.920000076293945,7.010000228881836,4.177762508392334,59814150
2010-04-20,7.03000020980835,7.059999942779541,6.920000076293945,6.960000038146973,4.1479644775390625,31560400
2010-04-21,7.150000095367432,7.150000095367432,7.050000190734863,7.070000171661377,4.213520050048828,25160000
2010-04-22,7.079999923706055,7.079999923706055,6.920000076293945,6.960000038146973,4.1479644775390625,25611640
2010-04-23,6.949999809265137,6.949999809265137,6.599999904632568,6.639999866485596,3.9572532176971436,62596000
2010-04-26,6.699999809265137,6.760000228881836,6.519999980926514,6.619999885559082,3.94533371925354,39786000
2010-04-27,6.639999866485596,6.639999866485596,6.510000228881836,6.559999942779541,3.9095754623413086,18312000
2010-04-28,6.349999904632568,6.449999809265137,6.320000171661377,6.420000076293945,3.826139450073242,40026178
2010-04-29,6.420000076293945,6.559999942779541,6.369999885559082,6.409999847412109,3.8201792240142822,28233734
2010-04-30,6.539999961853027,6.550000190734863,6.320000171661377,6.489999771118164,3.8678572177886963,34696298
2010-05-03,6.369999885559082,6.449999809265137,6.300000190734863,6.309999942779541,3.760582447052002,21672000
2010-05-04,6.389999866485596,6.400000095367432,6.099999904632568,6.110000133514404,3.641388177871704,26746246
2010-05-05,5.96999979019165,5.96999979019165,5.699999809265137,5.710000038146973,3.4029996395111084,64989000
2010-05-06,5.650000095367432,5.699999809265137,5.320000171661377,5.429999828338623,3.236126661300659,56835052
2010-05-07,5.230000019073486,5.590000152587891,5.199999809265137,5.239999771118164,3.122892379760742,95283200
2010-05-10,5.449999809265137,5.889999866485596,5.449999809265137,5.849999904632568,3.486435651779175,104388948
2010-05-11,5.801000118255615,5.960000038146973,5.650000095367432,5.789999961853027,3.450676441192627,62858340
2010-05-12,5.773499965667725,5.860000133514404,5.699999809265137,5.760000228881836,3.43279767036438,23314318
2010-05-13,5.929999828338623,6.230000019073486,5.800000190734863,6.099999904632568,3.635427474975586,51660626
2010-05-14,5.989999771118164,6.130000114440918,5.880000114440918,5.909999847412109,3.522193431854248,49104000
2010-05-17,5.699999809265137,5.75,5.590000152587891,5.630000114440918,3.3753104209899902,28308540
2010-05-18,5.630000114440918,5.840000152587891,5.630000114440918,5.75,3.447253465652466,22036000
2010-05-19,5.599999904632568,5.679999828338623,5.440000057220459,5.510000228881836,3.303367853164673,26424100
2010-05-20,5.650000095367432,5.809999942779541,5.510000228881836,5.699999809265137,3.4172775745391846,46985000
2010-05-24,5.860000133514404,6.090000152587891,5.800000190734863,6.039999961853027,3.621114730834961,47088680
2010-05-25,6.039999961853027,6.039999961853027,5.579999923706055,5.610000133514404,3.3633201122283936,53456000
2010-05-26,5.699999809265137,5.949999809265137,5.639999866485596,5.889999866485596,3.531186103820801,42702644
2010-05-27,5.78000020980835,6.25,5.739999771118164,6.130000114440918,3.6750714778900146,43297878
2010-05-28,6.300000190734863,6.369999885559082,6.159999847412109,6.230000019073486,3.7350246906280518,34192508
2010-05-31,6.25,6.349999904632568,6.210000038146973,6.349999904632568,3.80696702003479,28640000
2010-06-01,6.309999942779541,6.329999923706055,6.059999942779541,6.090000152587891,3.6510908603668213,22304000
2010-06-02,6.090000152587891,6.099999904632568,5.900000095367432,5.929999828338623,3.555166721343994,25914000
2010-06-03,6.119999885559082,6.179999828338623,6.019999980926514,6.059999942779541,3.6331050395965576,16846840
2010-06-04,6.110000133514404,6.179999828338623,6.010000228881836,6.110000133514404,3.6630818843841553,10092986
2010-06-07,5.809999942779541,6.010000228881836,5.789999961853027,5.989999771118164,3.5911381244659424,22476000
2010-06-08,5.989999771118164,6.03000020980835,5.889999866485596,5.980000019073486,3.5851433277130127,12446000
2010-06-09,5.980000019073486,6.090000152587891,5.820000171661377,5.900000095367432,3.537182092666626,11788000
2010-06-10,5.800000190734863,5.909999847412109,5.789999961853027,5.829999923706055,3.4952142238616943,14820474
2010-06-11,5.980000019073486,6.03000020980835,5.909999847412109,5.909999847412109,3.5431761741638184,9439710
2010-06-14,6.050000190734863,6.059999942779541,5.960000038146973,6.010000228881836,3.6031293869018555,11110062
2010-06-15,6.039999961853027,6.050000190734863,5.909999847412109,6.039999961853027,3.621114730834961,12033878
2010-06-17,6.079999923706055,6.099999904632568,6.019999980926514,6.079999923706055,3.6450955867767334,7458000
2010-06-18,6.070000171661377,6.179999828338623,5.929999828338623,6.03000020980835,3.615119457244873,11990558
2010-06-21,6.139999866485596,6.400000095367432,6.139999866485596,6.389999866485596,3.8309473991394043,35290006
2010-06-22,6.300000190734863,6.420000076293945,6.269999980926514,6.380000114440918,3.8249523639678955,18276000
2010-06-23,6.349999904632568,6.440000057220459,6.309999942779541,6.400000095367432,3.836942434310913,15606100
2010-06-24,6.380000114440918,6.5,6.340000152587891,6.400000095367432,3.836942434310913,13722000
2010-06-25,6.349999904632568,6.5,6.349999904632568,6.480000019073486,3.884903907775879,22340000
2010-06-28,6.460000038146973,6.579999923706055,6.460000038146973,6.5,3.896894693374634,9902472
2010-06-29,6.5,6.550000190734863,6.260000228881836,6.300000190734863,3.7769908905029297,19333600
2010-06-30,6.139999866485596,6.300000190734863,6.139999866485596,6.269999980926514,3.759005069732666,18848836
2010-07-02,6.150000095367432,6.21999979019165,6.0,6.010000228881836,3.6031293869018555,18221130
2010-07-05,6.0,6.090000152587891,5.900000095367432,5.920000076293945,3.5491714477539062,15327180
2010-07-06,5.920000076293945,6.110000133514404,5.920000076293945,6.099999904632568,3.6570863723754883,20291000
2010-07-07,6.050000190734863,6.070000171661377,6.0,6.059999942779541,3.6331050395965576,7259464
2010-07-08,6.239999771118164,6.239999771118164,6.070000171661377,6.110000133514404,3.6630818843841553,14135500
2010-07-09,6.099999904632568,6.420000076293945,6.079999923706055,6.309999942779541,3.7829856872558594,25760780
2010-07-12,6.449999809265137,6.670000076293945,6.389999866485596,6.619999885559082,3.968837022781372,46497472
2010-07-13,6.539999961853027,6.639999866485596,6.380000114440918,6.449999809265137,3.8669180870056152,28266676
2010-07-14,6.599999904632568,6.650000095367432,6.369999885559082,6.429999828338623,3.8549277782440186,22714000
2010-07-15,6.400000095367432,6.550000190734863,6.349999904632568,6.409999847412109,3.842937707901001,18086480
2010-07-16,6.400000095367432,6.449999809265137,6.340000152587891,6.389999866485596,3.8309473991394043,12789958
2010-07-19,6.300000190734863,6.329999923706055,6.239999771118164,6.300000190734863,3.7769908905029297,15180000
2010-07-20,6.340000152587891,6.639999866485596,6.300000190734863,6.610000133514404,3.9628419876098633,27242756
2010-07-21,6.650000095367432,6.670000076293945,6.550000190734863,6.659999847412109,3.9928181171417236,27951478
2010-07-22,6.650000095367432,6.820000171661377,6.599999904632568,6.760000228881836,4.052771091461182,25456400
2010-07-23,6.900000095367432,7.25,6.849999904632568,7.239999771118164,4.340541362762451,107583948
2010-07-26,7.269999980926514,7.300000190734863,6.96999979019165,7.090000152587891,4.250613212585449,23214684
2010-07-27,7.090000152587891,7.119999885559082,6.949999809265137,7.079999923706055,4.2446184158325195,17202684
2010-07-28,7.050000190734863,7.389999866485596,7.019999980926514,7.269999980926514,4.358527183532715,36552042
2010-07-29,7.300000190734863,7.449999809265137,7.170000076293945,7.329999923706055,4.394498825073242,25111004
2010-07-30,7.300000190734863,7.429999828338623,7.25,7.329999923706055,4.394498825073242,15310000
2010-08-02,7.400000095367432,7.559999942779541,7.400000095367432,7.53000020980835,4.514403343200684,26937168
2010-08-03,7.599999904632568,7.639999866485596,7.360000133514404,7.429999828338623,4.454450607299805,31864622
2010-08-04,7.440000057220459,7.590000152587891,7.380000114440918,7.46999979019165,4.478431701660156,23935404
2010-08-05,7.53000020980835,7.53000020980835,7.400000095367432,7.420000076293945,4.448454856872559,13320862
2010-08-06,7.449999809265137,7.46999979019165,7.199999809265137,7.360000133514404,4.412484169006348,27891602
2010-08-09,7.360000133514404,7.5,7.360000133514404,7.449999809265137,4.466440677642822,15307948
2010-08-10,7.440000057220459,7.480000019073486,7.21999979019165,7.300000190734863,4.37651252746582,20938000
2010-08-11,7.21999979019165,7.369999885559082,7.0,7.070000171661377,4.238623142242432,20616000
2010-08-12,6.900000095367432,6.960000038146973,6.800000190734863,6.920000076293945,4.148694038391113,39246180
2010-08-13,6.880000114440918,7.050000190734863,6.800000190734863,6.96999979019165,4.178670406341553,17712000
2010-08-16,6.96999979019165,6.96999979019165,6.769999980926514,6.849999904632568,4.106727600097656,30074000
2010-08-17,6.860000133514404,6.929999828338623,6.849999904632568,6.909999847412109,4.142699718475342,13838000
2010-08-18,6.920000076293945,7.409999847412109,6.920000076293945,7.25,4.346536636352539,64646000
2010-08-19,7.300000190734863,7.46999979019165,7.25,7.440000057220459,4.460446357727051,30067932
2010-08-20,7.340000152587891,7.400000095367432,7.28000020980835,7.380000114440918,4.424474239349365,15724378
2010-08-23,7.329999923706055,7.5,7.239999771118164,7.389999866485596,4.430469036102295,18233386
2010-08-24,7.340000152587891,7.480000019073486,7.260000228881836,7.309999942779541,4.382507801055908,28752648
2010-08-25,7.199999809265137,7.21999979019165,7.0,7.019999980926514,4.208645820617676,41515850
2010-08-26,7.0,7.079999923706055,6.949999809265137,6.989999771118164,4.19066047668457,21421564
2010-08-27,6.949999809265137,7.019999980926514,6.929999828338623,6.940000057220459,4.160684585571289,13588000
2010-08-30,7.010000228881836,7.210000038146973,7.010000228881836,7.130000114440918,4.274594783782959,19224458
2010-08-31,7.0,7.119999885559082,6.949999809265137,7.110000133514404,4.262603282928467,13248000
2010-09-01,7.110000133514404,7.400000095367432,7.110000133514404,7.329999923706055,4.394498825073242,28628942
2010-09-02,7.429999828338623,7.599999904632568,7.349999904632568,7.519999980926514,4.508408069610596,42951812
2010-09-03,7.559999942779541,7.630000114440918,7.380000114440918,7.409999847412109,4.442460536956787,40732572
2010-09-06,7.550000190734863,7.599999904632568,7.420000076293945,7.539999961853027,4.520397663116455,22717544
2010-09-07,7.599999904632568,7.849999904632568,7.550000190734863,7.800000190734863,4.676274299621582,51108994
2010-09-08,7.710000038146973,7.900000095367432,7.639999866485596,7.710000038146973,4.622317314147949,34400400
2010-09-09,7.75,8.0600004196167,7.730000019073486,7.800000190734863,4.676274299621582,33894874
2010-09-10,7.949999809265137,7.949999809265137,7.75,7.840000152587891,4.700254917144775,14224040
2010-09-13,7.989999771118164,8.180000305175781,7.980000019073486,8.130000114440918,4.87411642074585,37750000
2010-09-14,8.270000457763672,8.579999923706055,8.25,8.5600004196167,5.131910800933838,65730394
2010-09-15,8.149999618530273,8.199999809265137,8.050000190734863,8.09000015258789,4.850135803222656,78426380
2010-09-16,8.100000381469727,8.3100004196167,8.0600004196167,8.270000457763672,4.95805025100708,56453976
2010-09-17,8.34000015258789,8.779999732971191,8.319999694824219,8.729999542236328,5.233829975128174,94815718
2010-09-20,8.800000190734863,8.800000190734863,8.5,8.539999961853027,5.11992073059082,41113786
2010-09-21,8.65999984741211,8.75,8.569999694824219,8.670000076293945,5.1978583335876465,38848000
2010-09-22,8.699999809265137,8.720000267028809,8.600000381469727,8.65999984741211,5.191863536834717,25698558
2010-09-24,8.699999809265137,8.699999809265137,8.40999984741211,8.510000228881836,5.101934909820557,31769600
2010-09-27,8.670000076293945,8.979999542236328,8.619999885559082,8.90999984741211,5.341742515563965,33850764
2010-09-28,8.779999732971191,8.90999984741211,8.59000015258789,8.649999618530273,5.185866832733154,28496000
2010-09-29,8.800000190734863,8.880000114440918,8.670000076293945,8.720000267028809,5.227834224700928,30724578
2010-09-30,8.729999542236328,9.100000381469727,8.630000114440918,9.09000015258789,5.449657917022705,44093514
2010-10-04,9.100000381469727,9.529999732971191,9.0,9.100000381469727,5.455653190612793,71220696
2010-10-05,9.0,9.289999961853027,8.960000038146973,9.25,5.545581817626953,31859216
2010-10-06,9.449999809265137,9.520000457763672,9.390000343322754,9.399999618530273,5.6355085372924805,42360500
2010-10-07,9.470000267028809,9.470000267028809,9.239999771118164,9.25,5.545581817626953,15091066
2010-10-08,9.25,9.300000190734863,9.029999732971191,9.079999923706055,5.443662643432617,14618018
2010-10-11,9.130000114440918,9.399999618530273,9.130000114440918,9.199999809265137,5.515605449676514,13298000
2010-10-12,9.199999809265137,9.300000190734863,9.020000457763672,9.050000190734863,5.42567777633667,19520000
2010-10-13,9.319999694824219,9.989999771118164,9.319999694824219,9.960000038146973,5.9712419509887695,70681524
2010-10-14,10.149999618530273,10.425000190734863,10.0,10.274999618530273,6.160091400146484,66625000
2010-10-15,10.399999618530273,10.925000190734863,10.100000381469727,10.375,6.220043659210205,37435444
2010-10-18,10.425000190734863,10.5,9.960000038146973,10.0,5.995223045349121,28742708
2010-10-19,10.149999618530273,10.524999618530273,10.100000381469727,10.524999618530273,6.309971809387207,34106000
2010-10-20,10.024999618530273,10.199999809265137,9.8100004196167,9.989999771118164,5.989226818084717,72028000
2010-10-21,10.100000381469727,10.274999618530273,9.899999618530273,10.024999618530273,6.010211944580078,41761000
2010-10-22,10.074999809265137,10.125,9.90999984741211,9.949999809265137,5.965245723724365,45125200
2010-10-25,10.0,10.199999809265137,9.890000343322754,10.100000381469727,6.055174827575684,19882700
2010-10-26,10.274999618530273,10.274999618530273,9.890000343322754,10.050000190734863,6.025199890136719,21258000
2010-10-27,9.899999618530273,10.0,9.399999618530273,9.520000457763672,5.707452297210693,48324122
2010-10-28,9.65999984741211,9.6899995803833,9.40999984741211,9.489999771118164,5.6894659996032715,23862014
2010-10-29,9.479999542236328,9.649999618530273,9.40999984741211,9.449999809265137,5.665485858917236,20743512
2010-11-01,9.550000190734863,9.75,9.550000190734863,9.6899995803833,5.809371471405029,26032000
2010-11-02,9.75,9.979999542236328,9.65999984741211,9.930000305175781,5.953256607055664,18473026
2010-11-03,10.100000381469727,10.175000190734863,9.949999809265137,10.074999809265137,6.040187835693359,21294500
2010-11-04,10.074999809265137,10.25,9.930000305175781,10.100000381469727,6.055174827575684,18290000
2010-11-05,10.399999618530273,10.399999618530273,10.199999809265137,10.225000381469727,6.130115032196045,15216000
2010-11-08,10.149999618530273,10.399999618530273,10.024999618530273,10.050000190734863,6.025199890136719,14422312
2010-11-09,10.050000190734863,10.175000190734863,9.970000267028809,10.050000190734863,6.025199890136719,15482600
2010-11-10,9.890000343322754,10.0,9.770000457763672,9.779999732971191,5.863327980041504,21889202
2010-11-11,9.8100004196167,10.0,9.800000190734863,9.880000114440918,5.923280715942383,11924910
2010-11-12,9.619999885559082,9.710000038146973,9.25,9.380000114440918,5.623518943786621,37967614
2010-11-15,9.449999809265137,9.449999809265137,9.020000457763672,9.050000190734863,5.42567777633667,42204800
2010-11-16,9.050000190734863,9.3100004196167,8.90999984741211,9.0,5.395700931549072,28112376
2010-11-17,8.899999618530273,8.90999984741211,8.5600004196167,8.600000381469727,5.1558918952941895,44068558
2010-11-18,8.729999542236328,9.109999656677246,8.710000038146973,9.079999923706055,5.443662643432617,31441572
2010-11-19,9.079999923706055,9.199999809265137,8.729999542236328,9.010000228881836,5.40169620513916,26720446
2010-11-22,9.0,9.140000343322754,8.8100004196167,9.010000228881836,5.40169620513916,14816032
2010-11-23,8.880000114440918,8.979999542236328,8.680000305175781,8.6899995803833,5.209848403930664,21840078
2010-11-24,8.770000457763672,8.890000343322754,8.609999656677246,8.699999809265137,5.21584415435791,19363960
2010-11-25,8.760000228881836,9.050000190734863,8.670000076293945,8.8100004196167,5.281791687011719,30755916
2010-11-26,8.75,8.829999923706055,8.510000228881836,8.609999656677246,5.161886692047119,24597234
2010-11-29,8.529999732971191,8.770000457763672,8.4399995803833,8.680000305175781,5.203853607177734,15250340
2010-11-30,8.739999771118164,9.0,8.699999809265137,8.949999809265137,5.365725040435791,44064602
2010-12-01,9.039999961853027,9.210000038146973,8.880000114440918,9.130000114440918,5.473639011383057,38321852
2010-12-02,9.350000381469727,9.4399995803833,8.789999961853027,8.859999656677246,5.311768054962158,47121070
2010-12-03,9.100000381469727,9.1899995803833,8.899999618530273,8.960000038146973,5.371719837188721,35220300
2010-12-06,9.109999656677246,9.279999732971191,9.020000457763672,9.039999961853027,5.419681549072266,23408806
2010-12-07,8.960000038146973,9.029999732971191,8.774999618530273,8.949999809265137,5.365725040435791,29686000
2010-12-08,8.869999885559082,8.979999542236328,8.739999771118164,8.819999694824219,5.287786483764648,27382044
2010-12-09,8.829999923706055,8.930000305175781,8.5600004196167,8.619999885559082,5.167881488800049,30042000
2010-12-10,8.5,8.619999885559082,8.350000381469727,8.550000190734863,5.125916004180908,24584798
2010-12-13,8.59000015258789,8.699999809265137,8.40999984741211,8.59000015258789,5.149896621704102,18588200
2010-12-14,8.75,8.960000038146973,8.680000305175781,8.9399995803833,5.359729766845703,43404000
2010-12-15,9.149999618530273,9.239999771118164,8.970000267028809,8.989999771118164,5.389705657958984,64034374
2010-12-16,8.989999771118164,9.199999809265137,8.90999984741211,8.9399995803833,5.359729766845703,61903210
2010-12-17,9.0600004196167,9.119999885559082,9.0,9.09000015258789,5.449657917022705,29742200
2010-12-20,9.0600004196167,9.09000015258789,8.699999809265137,8.869999885559082,5.31776237487793,18052100
2010-12-21,8.949999809265137,9.0600004196167,8.869999885559082,8.970000267028809,5.37771463394165,16651340
2010-12-22,8.989999771118164,9.100000381469727,8.869999885559082,8.930000305175781,5.353734016418457,9482000
2010-12-23,8.949999809265137,8.979999542236328,8.800000190734863,8.859999656677246,5.311768054962158,11969390
2010-12-24,8.899999618530273,8.899999618530273,8.779999732971191,8.8100004196167,5.281791687011719,4252850
2010-12-28,8.710000038146973,8.869999885559082,8.670000076293945,8.729999542236328,5.233829975128174,7088800
2010-12-29,8.75,8.8100004196167,8.6899995803833,8.779999732971191,5.263805866241455,13232332
2010-12-30,8.779999732971191,8.859999656677246,8.65999984741211,8.850000381469727,5.305772304534912,9306000
2010-12-31,8.850000381469727,8.949999809265137,8.770000457763672,8.90999984741211,5.341742515563965,14349530
2011-01-03,8.920000076293945,9.170000076293945,8.84000015258789,9.130000114440918,5.473639011383057,15786558
2011-01-04,9.220000267028809,9.699999809265137,9.1899995803833,9.619999885559082,5.7674031257629395,55473360
2011-01-05,9.520000457763672,10.0,9.520000457763672,9.890000343322754,5.929275989532471,54006892
2011-01-06,9.960000038146973,10.0,9.6899995803833,9.989999771118164,5.989226818084717,25712680
2011-01-07,9.890000343322754,10.5,9.8100004196167,9.989999771118164,5.989226818084717,54187492
2011-01-10,10.274999618530273,10.300000190734863,9.829999923706055,9.9399995803833,5.959249973297119,27019998
2011-01-11,10.100000381469727,10.300000190734863,9.960000038146973,10.25,6.145103454589844,25539200
2011-01-12,10.175000190734863,10.399999618530273,10.175000190734863,10.300000190734863,6.175080299377441,19282200
2011-01-13,10.399999618530273,10.550000190734863,9.960000038146973,10.0,5.995223045349121,50055922
2011-01-14,9.9399995803833,9.9399995803833,9.680000305175781,9.739999771118164,5.839345932006836,26579600
2011-01-17,9.729999542236328,9.75,9.350000381469727,9.4399995803833,5.65949010848999,40903834
2011-01-18,9.4399995803833,9.710000038146973,9.270000457763672,9.460000038146973,5.671480655670166,24631194
2011-01-19,9.550000190734863,9.729999542236328,9.449999809265137,9.670000076293945,5.797379493713379,18286000
2011-01-20,9.710000038146973,9.710000038146973,9.359999656677246,9.460000038146973,5.671480655670166,28750000
2011-01-21,9.449999809265137,9.5600004196167,9.369999885559082,9.399999618530273,5.6355085372924805,15270000
2011-01-24,9.369999885559082,9.420000076293945,9.170000076293945,9.319999694824219,5.58754825592041,17168982
2011-01-25,9.300000190734863,9.630000114440918,9.300000190734863,9.489999771118164,5.6894659996032715,20086102
2011-01-26,9.489999771118164,9.850000381469727,9.489999771118164,9.729999542236328,5.8333516120910645,37582624
2011-01-27,9.720000267028809,9.960000038146973,9.649999618530273,9.729999542236328,5.8333516120910645,14414572
2011-01-28,9.84000015258789,9.84000015258789,9.600000381469727,9.619999885559082,5.7674031257629395,12537484
2011-01-31,9.460000038146973,9.779999732971191,9.430000305175781,9.699999809265137,5.815365314483643,19038000
2011-02-01,9.699999809265137,9.789999961853027,9.520000457763672,9.699999809265137,5.815365314483643,17356800
2011-02-02,9.770000457763672,9.899999618530273,9.5600004196167,9.84000015258789,5.899299144744873,14050000
2011-02-07,9.930000305175781,9.930000305175781,9.609999656677246,9.680000305175781,5.803376197814941,17183628
2011-02-08,9.619999885559082,9.640000343322754,9.3100004196167,9.430000305175781,5.653494358062744,28882902
2011-02-09,9.399999618530273,9.449999809265137,9.0,9.050000190734863,5.42567777633667,42297658
2011-02-10,9.010000228881836,9.050000190734863,8.800000190734863,8.800000190734863,5.275796890258789,41974642
2011-02-11,8.789999961853027,9.039999961853027,8.739999771118164,8.960000038146973,5.371719837188721,34071560
2011-02-14,9.109999656677246,9.65999984741211,9.109999656677246,9.5600004196167,5.731432914733887,49716000
2011-02-15,9.470000267028809,9.760000228881836,9.449999809265137,9.5600004196167,5.731432914733887,27685158
2011-02-16,9.5600004196167,9.779999732971191,9.430000305175781,9.75,5.845341682434082,22631096
2011-02-17,9.699999809265137,9.890000343322754,9.619999885559082,9.8100004196167,5.881314754486084,27145116
2011-02-18,9.819999694824219,9.880000114440918,9.640000343322754,9.770000457763672,5.857332706451416,21838000
2011-02-21,9.699999809265137,9.75,9.5600004196167,9.710000038146973,5.821361064910889,21648000
2011-02-22,9.550000190734863,9.550000190734863,9.40999984741211,9.460000038146973,5.671480655670166,19880000
2011-02-23,9.479999542236328,9.649999618530273,9.369999885559082,9.510000228881836,5.701457500457764,12416828
2011-02-24,9.420000076293945,9.619999885559082,9.130000114440918,9.229999542236328,5.533590316772461,22586966
2011-02-25,9.25,9.470000267028809,9.25,9.430000305175781,5.653494358062744,10411560
2011-02-28,9.350000381469727,9.640000343322754,9.350000381469727,9.5600004196167,5.731432914733887,31154552
2011-03-01,9.75,10.100000381469727,9.710000038146973,10.050000190734863,6.025199890136719,61016408
2011-03-02,9.869999885559082,10.0,9.779999732971191,10.0,5.995223045349121,28304000
2011-03-03,10.149999618530273,10.699999809265137,10.125,10.649999618530273,6.384912014007568,76877408
2011-03-04,10.800000190734863,11.100000381469727,10.725000381469727,10.949999809265137,6.564767360687256,61362850
2011-03-07,10.925000190734863,11.100000381469727,10.550000190734863,10.625,6.369924068450928,30799418
2011-03-08,10.875,10.899999618530273,10.649999618530273,10.850000381469727,6.504817008972168,21430000
2011-03-09,11.0,11.75,10.949999809265137,11.725000381469727,7.029397964477539,73359298
2011-03-10,11.550000190734863,11.550000190734863,11.0,11.225000381469727,6.729637145996094,61321136
2011-03-11,11.0,11.699999809265137,10.925000190734863,11.300000190734863,6.774601459503174,40908000
2011-03-14,11.350000381469727,11.649999618530273,11.324999809265137,11.524999618530273,6.909494876861572,19620174
2011-03-15,11.350000381469727,11.699999809265137,10.925000190734863,11.649999618530273,6.984434127807617,42949512
2011-03-16,11.899999618530273,12.100000381469727,11.75,11.824999809265137,7.08935022354126,43843776
2011-03-17,11.649999618530273,11.75,11.149999618530273,11.225000381469727,6.729637145996094,32082200
2011-03-18,11.399999618530273,11.675000190734863,11.375,11.550000190734863,6.924482822418213,21434936
2011-03-21,11.600000381469727,12.0,11.600000381469727,11.975000381469727,7.179279804229736,26442000
2011-03-22,12.149999618530273,12.625,11.875,12.574999809265137,7.538992404937744,38012086
2011-03-23,12.649999618530273,12.649999618530273,12.300000190734863,12.350000381469727,7.404101371765137,17647870
2011-03-24,12.550000190734863,12.975000381469727,12.5,12.524999618530273,7.509016990661621,48739162
2011-03-25,12.75,13.25,12.75,12.925000190734863,7.7488250732421875,28101486
2011-03-28,13.100000381469727,13.225000381469727,12.75,12.800000190734863,7.673884868621826,27429200
2011-03-29,12.899999618530273,13.199999809265137,12.625,13.050000190734863,7.823765277862549,34925466
2011-03-30,13.300000190734863,13.75,13.225000381469727,13.75,8.243431091308594,34562620
2011-03-31,14.300000190734863,14.899999618530273,14.149999618530273,14.274999618530273,8.558180809020996,83190244
2011-04-01,14.324999809265137,14.5,13.824999809265137,14.024999618530273,8.40830135345459,58734394
2011-04-04,14.024999618530273,14.649999618530273,14.024999618530273,14.199999809265137,8.513215065002441,47819000
2011-04-06,14.475000381469727,14.625,14.324999809265137,14.449999809265137,8.663098335266113,47013960
2011-04-07,14.449999809265137,15.074999809265137,14.199999809265137,14.949999809265137,8.962857246398926,56155586
2011-04-08,14.925000190734863,15.024999618530273,14.300000190734863,14.350000381469727,8.603143692016602,53529544
2011-04-11,14.225000381469727,14.449999809265137,14.024999618530273,14.125,8.468252182006836,40824880
2011-04-12,14.0,14.574999809265137,13.899999618530273,14.175000190734863,8.498229026794434,50738166
2011-04-13,14.25,14.350000381469727,13.975000381469727,14.149999618530273,8.483240127563477,36488400
2011-04-14,14.175000190734863,14.425000190734863,14.050000190734863,14.125,8.468252182006836,22921676
2011-04-15,14.175000190734863,14.350000381469727,14.125,14.300000190734863,8.573168754577637,19350000
2011-04-18,14.425000190734863,14.800000190734863,14.149999618530273,14.625,8.768013000488281,32234268
2011-04-19,14.5,14.649999618530273,14.274999618530273,14.399999618530273,8.6331205368042,26930252
2011-04-20,14.5,14.725000381469727,14.5,14.725000381469727,8.827966690063477,19374000
2011-04-21,14.899999618530273,15.75,14.800000190734863,15.5,9.292596817016602,47390318
2011-04-26,15.550000190734863,16.399999618530273,15.375,16.325000762939453,9.787202835083008,36678646
2011-04-27,16.5,16.700000762939453,15.75,15.850000381469727,9.502429008483887,46501194
2011-04-28,16.049999237060547,16.225000381469727,15.324999809265137,15.725000381469727,9.427488327026367,57126412
2011-04-29,15.739999771118164,16.600000381469727,15.220000267028809,16.360000610351562,9.866537094116211,46465000
2011-05-03,16.579999923706055,16.68000030517578,15.760000228881836,15.920000076293945,9.601179122924805,31218468
2011-05-04,15.979999542236328,15.979999542236328,14.899999618530273,15.239999771118164,9.19107723236084,53857675
2011-05-05,15.300000190734863,15.699999809265137,15.100000381469727,15.300000190734863,9.227261543273926,30481149
2011-05-06,15.239999771118164,15.680000305175781,15.119999885559082,15.640000343322754,9.432312965393066,29780833
2011-05-09,15.84000015258789,16.299999237060547,15.699999809265137,16.18000030517578,9.757981300354004,29049269
2011-05-11,16.459999084472656,16.520000457763672,16.219999313354492,16.459999084472656,9.926844596862793,25703000
2011-05-12,16.15999984741211,16.65999984741211,16.15999984741211,16.280000686645508,9.818290710449219,17113000
2011-05-13,16.34000015258789,16.399999618530273,15.600000381469727,15.800000190734863,9.528804779052734,26141684
2011-05-16,15.600000381469727,15.680000305175781,14.920000076293945,15.220000267028809,9.179015159606934,32827670
2011-05-17,14.859999656677246,15.0,14.420000076293945,15.0,9.04633617401123,50213046
2011-05-18,14.739999771118164,15.15999984741211,14.5600004196167,14.84000015258789,8.949841499328613,45814000
2011-05-19,15.0,15.039999961853027,14.579999923706055,14.600000381469727,8.805100440979004,38475000
2011-05-20,14.699999809265137,14.739999771118164,14.039999961853027,14.199999809265137,8.563864707946777,40903029
2011-05-23,14.119999885559082,14.539999961853027,14.020000457763672,14.100000381469727,8.503555297851562,46083440
2011-05-24,14.0,14.600000381469727,14.0,14.579999923706055,8.793038368225098,27927228
2011-05-25,14.399999618530273,14.680000305175781,14.180000305175781,14.640000343322754,8.829224586486816,32074300
2011-05-26,14.899999618530273,14.899999618530273,14.239999771118164,14.760000228881836,8.901594161987305,28510000
2011-05-27,14.84000015258789,15.300000190734863,14.640000343322754,15.279999732971191,9.21519947052002,38564485
2011-05-30,15.359999656677246,15.720000267028809,15.100000381469727,15.520000457763672,9.359941482543945,31073000
2011-05-31,15.65999984741211,15.880000114440918,15.239999771118164,15.800000190734863,9.528804779052734,29142764
2011-06-01,16.100000381469727,16.100000381469727,15.739999771118164,15.800000190734863,9.528804779052734,13953997
2011-06-02,15.300000190734863,15.579999923706055,15.220000267028809,15.539999961853027,9.372003555297852,11159593
2011-06-03,15.460000038146973,15.680000305175781,14.899999618530273,15.180000305175781,9.154892921447754,17906249
2011-06-07,15.199999809265137,15.420000076293945,14.899999618530273,15.180000305175781,9.154892921447754,13591868
2011-06-08,15.0,15.119999885559082,14.739999771118164,14.84000015258789,8.949841499328613,17804000
2011-06-09,14.720000267028809,14.800000190734863,14.119999885559082,14.359999656677246,8.660357475280762,60407000
2011-06-10,14.220000267028809,14.34000015258789,13.800000190734863,14.0,8.44324779510498,41185848
2011-06-13,13.619999885559082,13.760000228881836,13.119999885559082,13.579999923706055,8.189948081970215,60804593
2011-06-14,13.4399995803833,14.460000038146973,13.140000343322754,14.300000190734863,8.624175071716309,64547256
2011-06-15,14.479999542236328,14.600000381469727,13.920000076293945,14.0,8.44324779510498,66751320
2011-06-16,13.600000381469727,13.760000228881836,13.4399995803833,13.699999809265137,8.262319564819336,42335919
2011-06-17,13.579999923706055,13.600000381469727,13.15999984741211,13.239999771118164,7.984898090362549,34702860
2011-06-20,13.319999694824219,13.600000381469727,12.539999961853027,12.579999923706055,7.586860179901123,72766800
2011-06-21,12.920000076293945,13.579999923706055,12.899999618530273,13.520000457763672,8.153763771057129,57370080
2011-06-22,13.899999618530273,14.520000457763672,13.899999618530273,14.460000038146973,8.720667839050293,76954532
2011-06-23,14.399999618530273,14.819999694824219,14.0,14.800000190734863,8.925718307495117,55360100
2011-06-24,15.0,15.4399995803833,14.9399995803833,15.399999618530273,9.28757095336914,55280144
2011-06-27,15.239999771118164,15.920000076293945,15.220000267028809,15.899999618530273,9.589115142822266,39894970
2011-06-28,16.0,16.100000381469727,15.079999923706055,15.5,9.347880363464355,46447599
2011-06-29,15.699999809265137,15.800000190734863,15.319999694824219,15.4399995803833,9.311695098876953,21371743
2011-06-30,15.5,15.640000343322754,15.180000305175781,15.260000228881836,9.203137397766113,25324746
2011-07-04,15.65999984741211,16.280000686645508,15.65999984741211,16.239999771118164,9.794167518615723,48179388
2011-07-05,16.280000686645508,16.559999465942383,16.079999923706055,16.31999969482422,9.842412948608398,31353918
2011-07-06,16.31999969482422,16.520000457763672,16.1200008392334,16.260000228881836,9.806228637695312,25228400
2011-07-07,16.5,17.079999923706055,16.299999237060547,16.959999084472656,10.228389739990234,42149020
2011-07-08,17.079999923706055,17.579999923706055,16.959999084472656,17.18000030517578,10.36107063293457,42598749
2011-07-11,17.219999313354492,17.479999542236328,17.100000381469727,17.280000686645508,10.421380043029785,29497681
2011-07-12,17.0,17.0,16.239999771118164,16.299999237060547,9.830352783203125,57898478
2011-07-13,16.6200008392334,17.079999923706055,16.600000381469727,17.059999465942383,10.288698196411133,30129310
2011-07-14,17.139999389648438,17.34000015258789,16.84000015258789,17.100000381469727,10.312824249267578,20962128
2011-07-15,17.0,17.420000076293945,16.520000457763672,16.6200008392334,10.023340225219727,34830733
2011-07-18,16.6200008392334,17.0,16.399999618530273,16.700000762939453,10.071586608886719,19872700
2011-07-19,16.799999237060547,16.799999237060547,15.479999542236328,16.360000610351562,9.866537094116211,52774508
2011-07-20,16.600000381469727,16.68000030517578,16.299999237060547,16.440000534057617,9.914783477783203,20091569
2011-07-21,16.719999313354492,16.739999771118164,15.880000114440918,16.0,9.64942455291748,33433010
2011-07-22,16.299999237060547,16.700000762939453,16.18000030517578,16.6200008392334,10.023340225219727,35432000
2011-07-25,16.299999237060547,16.65999984741211,16.299999237060547,16.520000457763672,9.963031768798828,22582692
2011-07-26,16.399999618530273,16.8799991607666,16.34000015258789,16.780000686645508,10.119833946228027,21993800
2011-07-27,16.65999984741211,16.860000610351562,16.5,16.600000381469727,10.011280059814453,25729048
2011-07-28,16.360000610351562,16.420000076293945,16.059999465942383,16.34000015258789,9.854474067687988,37323000
2011-07-29,16.280000686645508,16.280000686645508,15.640000343322754,15.65999984741211,9.444375038146973,45965954
2011-08-01,16.200000762939453,16.200000762939453,15.600000381469727,15.720000267028809,9.480560302734375,45749500
2011-08-02,15.479999542236328,15.579999923706055,15.079999923706055,15.140000343322754,9.130767822265625,37009200
2011-08-03,14.5,15.0600004196167,14.15999984741211,14.899999618530273,8.9860258102417,66978800
2011-08-04,15.199999809265137,15.739999771118164,15.199999809265137,15.359999656677246,9.263447761535645,83853949
2011-08-05,14.300000190734863,15.039999961853027,14.199999809265137,14.899999618530273,8.9860258102417,78219373
2011-08-08,15.0,15.0,13.579999923706055,14.420000076293945,8.69654369354248,76088020
2011-08-09,13.300000190734863,14.880000114440918,13.239999771118164,14.0,8.44324779510498,96089770
2011-08-10,14.619999885559082,14.859999656677246,13.819999694824219,14.119999885559082,8.515618324279785,57075518
2011-08-11,13.5,13.699999809265137,13.100000381469727,13.34000015258789,8.045208930969238,88494394
2011-08-12,13.699999809265137,13.720000267028809,12.739999771118164,12.960000038146973,7.816033840179443,88305372
2011-08-15,13.279999732971191,14.079999923706055,13.220000267028809,14.0,8.44324779510498,63178132
2011-08-16,14.380000114440918,14.720000267028809,14.220000267028809,14.279999732971191,8.612112998962402,60939703
2011-08-17,14.399999618530273,14.640000343322754,14.0600004196167,14.15999984741211,8.539741516113281,27646970
2011-08-18,14.199999809265137,14.260000228881836,13.239999771118164,13.260000228881836,7.996960163116455,51362485
2011-08-19,12.699999809265137,12.739999771118164,12.0,12.020000457763672,7.249130725860596,116361300
2011-08-22,12.0,12.460000038146973,10.5,11.5,6.9355244636535645,113289151
2011-08-23,11.5,12.260000228881836,10.800000190734863,12.220000267028809,7.369750022888184,66731036
2011-08-24,12.800000190734863,12.800000190734863,11.819999694824219,11.960000038146973,7.212945461273193,71264903
2011-08-25,12.300000190734863,12.479999542236328,11.9399995803833,12.0,7.2370686531066895,35406174
2011-08-26,11.880000114440918,12.199999809265137,11.5,11.539999961853027,6.959647178649902,33267172
2011-08-29,11.960000038146973,12.239999771118164,11.779999732971191,12.0,7.2370686531066895,39115010
2011-08-30,12.399999618530273,12.800000190734863,12.300000190734863,12.579999923706055,7.586860179901123,46766515
2011-08-31,12.699999809265137,13.119999885559082,12.640000343322754,13.100000381469727,7.900467872619629,45002545
2011-09-01,13.420000076293945,13.760000228881836,13.319999694824219,13.359999656677246,8.057268142700195,61944422
2011-09-02,13.260000228881836,13.279999732971191,12.619999885559082,12.699999809265137,7.659230709075928,47780845
2011-09-05,12.380000114440918,12.380000114440918,11.600000381469727,11.640000343322754,7.019956588745117,72028314
2011-09-06,11.100000381469727,11.140000343322754,10.520000457763672,10.65999984741211,6.428929805755615,179830300
2011-09-07,10.779999732971191,10.960000038146973,10.239999771118164,10.4399995803833,6.296248912811279,106278380
2011-09-08,10.65999984741211,10.859999656677246,10.4399995803833,10.600000381469727,6.392744541168213,61440382
2011-09-09,10.640000343322754,10.760000228881836,10.140000343322754,10.199999809265137,6.151508808135986,45851238
2011-09-12,9.5600004196167,9.619999885559082,8.930000305175781,9.0600004196167,5.463987350463867,91821970
2011-09-14,9.399999618530273,9.420000076293945,8.229999542236328,8.630000114440918,5.204658508300781,137556992
2011-09-15,8.819999694824219,9.220000267028809,8.619999885559082,8.890000343322754,5.361462593078613,95760289
2011-09-16,9.25,9.319999694824219,9.020000457763672,9.130000114440918,5.506203651428223,75581438
2011-09-19,9.050000190734863,9.050000190734863,8.270000457763672,8.289999961853027,4.999608039855957,62617710
2011-09-20,8.289999961853027,8.359999656677246,7.429999828338623,7.869999885559082,4.746311187744141,117565586
2011-09-21,7.730000019073486,8.239999771118164,7.369999885559082,7.840000152587891,4.728218078613281,137614000
2011-09-22,7.5,7.78000020980835,7.300000190734863,7.400000095367432,4.462859153747559,102332019
2011-09-23,7.300000190734863,7.449999809265137,7.019999980926514,7.239999771118164,4.366364479064941,153923547
2011-09-26,7.199999809265137,7.329999923706055,6.389999866485596,6.440000057220459,3.8838932514190674,105960600
2011-09-27,6.78000020980835,7.480000019073486,6.699999809265137,7.340000152587891,4.426673889160156,161117613
2011-09-28,7.349999904632568,7.880000114440918,7.309999942779541,7.590000152587891,4.577446460723877,136313875
2011-09-30,7.400000095367432,7.489999771118164,6.699999809265137,6.730000019073486,4.0587897300720215,114797031
2011-10-03,6.340000152587891,6.380000114440918,5.900000095367432,6.0,3.6185343265533447,81307600
2011-10-04,6.0,6.179999828338623,5.510000228881836,5.650000095367432,3.4074528217315674,123112336
2011-10-06,6.179999828338623,6.28000020980835,5.920000076293945,6.190000057220459,3.733121395111084,80972008
2011-10-07,6.120999813079834,7.28000020980835,6.440000057220459,7.260000228881836,4.378427028656006,145826496
2011-10-10,7.309999942779541,7.400000095367432,6.849999904632568,7.119999885559082,4.293993949890137,78392819
2011-10-11,7.599999904632568,7.829999923706055,7.460000038146973,7.639999866485596,4.60759973526001,99993001
2011-10-12,7.460000038146973,8.430000305175781,7.360000133514404,8.350000381469727,5.035793304443359,117988864
2011-10-13,8.800000190734863,9.170000076293945,8.779999732971191,9.149999618530273,5.5182647705078125,131579243
2011-10-14,8.880000114440918,8.920000076293945,8.479999542236328,8.600000381469727,5.18656587600708,80534110
2011-10-17,9.029999732971191,9.630000114440918,8.989999771118164,9.5600004196167,5.765531539916992,101496198
2011-10-18,8.829999923706055,8.899999618530273,8.420000076293945,8.5,5.126256465911865,105815722
2011-10-19,8.899999618530273,9.1899995803833,8.350000381469727,8.479999542236328,5.114194869995117,91519171
2011-10-20,8.15999984741211,8.170000076293945,7.579999923706055,7.980000019073486,4.812650203704834,118058256
2011-10-21,7.980000019073486,8.260000228881836,7.789999961853027,7.849999904632568,4.734248638153076,100329617
2011-10-24,8.260000228881836,8.34000015258789,8.039999961853027,8.119999885559082,4.897083759307861,137383194
2011-10-25,8.100000381469727,8.279999732971191,7.730000019073486,8.020000457763672,4.8367743492126465,78399157
2011-10-26,7.71999979019165,8.8100004196167,7.619999885559082,8.739999771118164,5.270998954772949,168280154
2011-10-27,8.789999961853027,10.020000457763672,8.770000457763672,9.930000305175781,5.988674640655518,197096701
2011-10-28,10.520000457763672,10.920000076293945,9.8100004196167,9.880000114440918,5.958519458770752,153646636
2011-10-31,9.800000190734863,10.460000038146973,9.649999618530273,10.239999771118164,6.175632953643799,103089231
2011-11-01,9.779999732971191,10.600000381469727,9.670000076293945,9.960000038146973,6.0067667961120605,114023234
2011-11-02,9.510000228881836,10.5,9.510000228881836,10.5,6.332435131072998,133127691
2011-11-03,10.199999809265137,10.84000015258789,10.100000381469727,10.260000228881836,6.187694072723389,121455489
2011-11-04,10.979999542236328,11.0,10.539999961853027,10.680000305175781,6.4409918785095215,77825755
2011-11-07,10.65999984741211,11.15999984741211,10.579999923706055,10.720000267028809,6.465115547180176,61793192
2011-11-08,10.960000038146973,11.0,10.460000038146973,10.579999923706055,6.380682468414307,45887747
2011-11-09,10.880000114440918,10.960000038146973,10.539999961853027,10.760000228881836,6.489237308502197,54710000
2011-11-10,10.020000457763672,10.34000015258789,9.819999694824219,9.890000343322754,5.964550971984863,75493099
2011-11-11,9.989999771118164,10.15999984741211,9.8100004196167,9.9399995803833,5.99470329284668,46251822
2011-11-14,10.300000190734863,10.5600004196167,10.199999809265137,10.359999656677246,6.248003005981445,45526570
2011-11-15,10.140000343322754,10.279999732971191,9.979999542236328,10.100000381469727,6.091198921203613,38675571
2011-11-16,10.140000343322754,10.15999984741211,9.59000015258789,9.869999885559082,5.952489376068115,38372802
2011-11-17,9.550000190734863,10.0,9.550000190734863,9.84000015258789,5.934396266937256,30566266
2011-11-18,9.699999809265137,9.729999542236328,9.380000114440918,9.420000076293945,5.681098461151123,38037357
2011-11-21,9.199999809265137,9.229999542236328,8.600000381469727,8.649999618530273,5.216719150543213,78603409
2011-11-22,8.699999809265137,9.149999618530273,8.630000114440918,9.100000381469727,5.488110542297363,52058926
2011-11-23,8.850000381469727,9.119999885559082,8.84000015258789,9.0,5.427802562713623,42475440
2011-11-24,8.979999542236328,9.5600004196167,8.760000228881836,9.529999732971191,5.747439384460449,73606000
2011-11-25,9.350000381469727,9.449999809265137,8.960000038146973,8.979999542236328,5.415740013122559,37353500
2011-11-28,9.220000267028809,9.40999984741211,9.199999809265137,9.260000228881836,5.5846052169799805,33458747
2011-11-29,9.399999618530273,9.470000267028809,9.229999542236328,9.279999732971191,5.59666633605957,34395354
2011-11-30,9.199999809265137,9.260000228881836,8.75,8.770000457763672,5.289091110229492,50728297
2011-12-01,10.0,10.319999694824219,9.699999809265137,10.180000305175781,6.139448165893555,134716829
2011-12-02,10.100000381469727,10.319999694824219,9.960000038146973,10.100000381469727,6.091198921203613,46142530
2011-12-05,10.140000343322754,10.539999961853027,10.0600004196167,10.260000228881836,6.187694072723389,41182529
2011-12-06,10.0600004196167,10.220000267028809,9.819999694824219,9.960000038146973,6.0067667961120605,33060949
2011-12-07,10.100000381469727,10.199999809265137,9.920000076293945,10.0600004196167,6.067076683044434,29712000
2011-12-08,9.880000114440918,10.119999885559082,9.859999656677246,10.0,6.030890464782715,14837743
2011-12-09,9.600000381469727,9.760000228881836,9.520000457763672,9.640000343322754,5.813777923583984,38615081
2011-12-12,9.850000381469727,9.949999809265137,9.350000381469727,9.390000343322754,5.6630048751831055,36756800
2011-12-13,9.100000381469727,9.229999542236328,9.050000190734863,9.119999885559082,5.500172138214111,50078337
2011-12-14,8.899999618530273,9.09000015258789,8.75,8.8100004196167,5.3132147789001465,57074864
2011-12-15,8.65999984741211,8.779999732971191,8.600000381469727,8.680000305175781,5.234813213348389,52079205
2011-12-16,8.720000267028809,9.119999885559082,8.720000267028809,8.989999771118164,5.421771049499512,51221530
2011-12-19,8.770000457763672,8.819999694824219,8.5600004196167,8.739999771118164,5.270998954772949,30537407
2011-12-20,8.789999961853027,8.989999771118164,8.699999809265137,8.720000267028809,5.258936882019043,16388139
2011-12-21,9.0,9.050000190734863,8.890000343322754,8.949999809265137,5.397646903991699,24361160
2011-12-22,8.949999809265137,9.039999961853027,8.829999923706055,8.979999542236328,5.415740013122559,12034391
2011-12-23,9.100000381469727,9.239999771118164,8.979999542236328,9.140000343322754,5.512233734130859,29128000
2011-12-28,9.020000457763672,9.050000190734863,8.850000381469727,8.960000038146973,5.4036784172058105,12180411
2011-12-29,8.789999961853027,8.920000076293945,8.720000267028809,8.829999923706055,5.3252763748168945,18658400
2011-12-30,8.84000015258789,8.90999984741211,8.800000190734863,8.819999694824219,5.319245338439941,12163014
2012-01-03,8.920000076293945,9.010000228881836,8.880000114440918,9.0,5.427802562713623,15168066
2012-01-04,9.09000015258789,9.130000114440918,8.619999885559082,8.65999984741211,5.222751140594482,34001461
2012-01-05,8.680000305175781,8.720000267028809,8.149999618530273,8.270000457763672,4.987546920776367,66017111
2012-01-06,8.140000343322754,8.149999618530273,7.599999904632568,7.789999961853027,4.698063373565674,108138537
2012-01-09,7.800000190734863,8.069999694824219,7.449999809265137,8.0600004196167,4.860898017883301,110879822
2012-01-10,8.069999694824219,8.390000343322754,7.980000019073486,8.3100004196167,5.011670112609863,87286000
2012-01-11,8.319999694824219,8.479999542236328,8.1899995803833,8.399999618530273,5.065947532653809,59112000
2012-01-12,8.319999694824219,8.539999961853027,8.140000343322754,8.34000015258789,5.0297627449035645,44144531
2012-01-13,8.40999984741211,8.520000457763672,8.34000015258789,8.420000076293945,5.078010559082031,36467000
2012-01-16,8.319999694824219,8.369999885559082,8.100000381469727,8.1899995803833,4.939299583435059,24893650
2012-01-17,8.3100004196167,9.100000381469727,8.25,9.079999923706055,5.476048469543457,102480241
2012-01-18,8.979999542236328,9.1899995803833,8.800000190734863,9.15999984741211,5.524296283721924,65900784
2012-01-19,9.300000190734863,9.600000381469727,9.229999542236328,9.59000015258789,5.783624172210693,79129402
2012-01-20,9.699999809265137,9.75,9.430000305175781,9.569999694824219,5.771562099456787,47945384
2012-01-26,9.770000457763672,10.279999732971191,9.670000076293945,10.220000267028809,6.163570404052734,75221049
2012-01-27,10.15999984741211,10.199999809265137,9.880000114440918,10.100000381469727,6.091198921203613,35788345
2012-01-30,9.970000267028809,9.970000267028809,9.399999618530273,9.4399995803833,5.693160533905029,49022209
2012-01-31,9.579999923706055,9.720000267028809,9.15999984741211,9.380000114440918,5.656975746154785,71069405
2012-02-01,9.430000305175781,9.59000015258789,9.119999885559082,9.239999771118164,5.572542190551758,46951377
2012-02-02,9.449999809265137,9.649999618530273,9.25,9.600000381469727,5.7896552085876465,65508231
2012-02-03,9.539999961853027,9.680000305175781,9.449999809265137,9.539999961853027,5.753469944000244,31389504
2012-02-06,9.710000038146973,9.720000267028809,9.350000381469727,9.479999542236328,5.717283725738525,44832381
2012-02-07,9.520000457763672,9.59000015258789,9.289999961853027,9.369999885559082,5.65094518661499,21625472
2012-02-08,9.420000076293945,10.199999809265137,9.420000076293945,10.180000305175781,6.139448165893555,104207271
2012-02-09,10.020000457763672,10.720000267028809,9.920000076293945,10.4399995803833,6.296248912811279,128301304
2012-02-10,10.460000038146973,10.600000381469727,9.960000038146973,10.020000457763672,6.042952537536621,93260572
2012-02-13,9.869999885559082,10.239999771118164,9.850000381469727,9.880000114440918,5.958519458770752,56554745
2012-02-14,9.880000114440918,9.979999542236328,9.710000038146973,9.84000015258789,5.934396266937256,40122433
2012-02-15,9.819999694824219,10.539999961853027,9.819999694824219,10.520000457763672,6.344496726989746,97534555
2012-02-16,10.399999618530273,10.779999732971191,10.300000190734863,10.600000381469727,6.392744541168213,88428450
2012-02-17,10.800000190734863,10.960000038146973,10.460000038146973,10.619999885559082,6.404804706573486,49340788
2012-02-20,10.979999542236328,11.239999771118164,10.800000190734863,10.960000038146973,6.6098551750183105,96956147
2012-02-21,10.979999542236328,11.140000343322754,10.640000343322754,10.979999542236328,6.621917724609375,65677982
2012-02-22,10.84000015258789,11.359999656677246,10.800000190734863,11.0600004196167,6.670165061950684,62042024
2012-02-23,10.899999618530273,11.079999923706055,10.800000190734863,10.960000038146973,6.6098551750183105,35621667
2012-02-24,11.359999656677246,11.479999542236328,11.119999885559082,11.300000190734863,6.814905643463135,86672687
2012-02-27,11.300000190734863,11.579999923706055,11.119999885559082,11.239999771118164,6.778720855712891,35155000
2012-02-28,11.380000114440918,11.479999542236328,11.039999961853027,11.319999694824219,6.826967239379883,31769459
2012-02-29,11.319999694824219,11.460000038146973,11.15999984741211,11.220000267028809,6.766659259796143,35340400
2012-03-01,11.119999885559082,11.199999809265137,10.520000457763672,10.619999885559082,6.404804706573486,68834752
2012-03-02,10.800000190734863,10.9399995803833,10.739999771118164,10.800000190734863,6.51336145401001,47115253
2012-03-05,10.920000076293945,10.920000076293945,10.399999618530273,10.5,6.332435131072998,47522517
2012-03-06,10.5,10.5,9.739999771118164,9.800000190734863,5.910272598266602,115743852
2012-03-07,9.520000457763672,9.989999771118164,9.5,9.859999656677246,5.9464592933654785,73768845
2012-03-08,9.930000305175781,10.199999809265137,9.880000114440918,10.180000305175781,6.139448165893555,60897938
2012-03-09,10.279999732971191,10.319999694824219,10.119999885559082,10.140000343322754,6.115323066711426,40222961
2012-03-12,10.100000381469727,10.300000190734863,9.869999885559082,10.100000381469727,6.091198921203613,36728432
2012-03-13,10.199999809265137,10.220000267028809,9.920000076293945,10.0600004196167,6.067076683044434,31479630
2012-03-14,10.260000228881836,10.300000190734863,9.800000190734863,9.869999885559082,5.952489376068115,60915907
2012-03-15,9.899999618530273,9.979999542236328,9.699999809265137,9.760000228881836,5.886148452758789,35532414
2012-03-16,9.739999771118164,9.930000305175781,9.710000038146973,9.800000190734863,5.910272598266602,22774330
2012-03-20,9.640000343322754,9.640000343322754,9.1899995803833,9.279999732971191,5.59666633605957,56422361
2012-03-21,9.279999732971191,9.380000114440918,8.899999618530273,9.130000114440918,5.506203651428223,60140789
2012-03-22,9.130000114440918,9.220000267028809,8.84000015258789,8.970000267028809,5.409708499908447,56861106
2012-03-23,8.84000015258789,8.970000267028809,8.710000038146973,8.920000076293945,5.379554271697998,39277064
2012-03-26,9.0,9.039999961853027,8.699999809265137,8.779999732971191,5.295122146606445,33851630
2012-03-27,8.960000038146973,9.350000381469727,8.960000038146973,9.319999694824219,5.620790004730225,97079625
2012-03-28,9.220000267028809,9.270000457763672,9.039999961853027,9.119999885559082,5.500172138214111,40500000
2012-03-29,9.220000267028809,9.630000114440918,9.180000305175781,9.600000381469727,5.7896552085876465,111003427
2012-03-30,9.5,9.949999809265137,9.479999542236328,9.789999961853027,5.904240608215332,58897800
2012-04-02,9.930000305175781,10.15999984741211,9.859999656677246,10.140000343322754,6.115323066711426,73819590
2012-04-03,10.319999694824219,10.579999923706055,10.180000305175781,10.479999542236328,6.320373058319092,76291469
2012-04-05,10.100000381469727,10.619999885559082,10.0,10.479999542236328,6.320373058319092,58598066
2012-04-10,10.460000038146973,10.739999771118164,10.380000114440918,10.380000114440918,6.260065078735352,73646215
2012-04-11,10.100000381469727,10.399999618530273,10.039999961853027,10.34000015258789,6.235940456390381,47931947
2012-04-12,10.4399995803833,10.739999771118164,10.420000076293945,10.699999809265137,6.453052520751953,72510983
2012-04-13,11.0600004196167,11.100000381469727,10.899999618530273,11.079999923706055,6.68222713470459,78786390
2012-04-16,10.899999618530273,10.960000038146973,10.739999771118164,10.899999618530273,6.573670864105225,42230093
2012-04-17,10.899999618530273,10.920000076293945,10.100000381469727,10.359999656677246,6.248003005981445,82488507
2012-04-18,10.600000381469727,10.600000381469727,10.140000343322754,10.180000305175781,6.139448165893555,66736764
2012-04-19,10.119999885559082,10.420000076293945,10.100000381469727,10.380000114440918,6.260065078735352,43519610
2012-04-20,10.239999771118164,10.600000381469727,10.15999984741211,10.460000038146973,6.308311462402344,41861961
2012-04-23,10.420000076293945,10.539999961853027,10.220000267028809,10.260000228881836,6.187694072723389,19238000
2012-04-24,10.300000190734863,10.4399995803833,10.119999885559082,10.300000190734863,6.211817741394043,20333271
2012-04-25,10.4399995803833,10.479999542236328,10.319999694824219,10.420000076293945,6.2841877937316895,20541000
2012-04-26,10.5,10.600000381469727,10.260000228881836,10.399999618530273,6.272126197814941,33457182
2012-04-27,10.579999923706055,10.600000381469727,10.34000015258789,10.479999542236328,6.320373058319092,23787000
2012-04-30,10.5600004196167,10.600000381469727,10.34000015258789,10.479999542236328,6.320373058319092,26061643
2012-05-02,10.5600004196167,10.5600004196167,10.279999732971191,10.34000015258789,6.235940456390381,25923368
2012-05-03,10.279999732971191,10.319999694824219,10.039999961853027,10.119999885559082,6.103261947631836,46199000
2012-05-04,10.0,10.079999923706055,9.880000114440918,9.920000076293945,5.982643127441406,46351426
2012-05-07,9.600000381469727,9.699999809265137,9.539999961853027,9.600000381469727,5.7896552085876465,49260100
2012-05-08,9.710000038146973,9.829999923706055,9.569999694824219,9.649999618530273,5.819809436798096,31698932
2012-05-09,9.5,9.539999961853027,9.25,9.319999694824219,5.620790004730225,62792700
2012-05-10,9.130000114440918,9.199999809265137,8.960000038146973,9.050000190734863,5.457956790924072,114117511
2012-05-11,8.899999618530273,8.960000038146973,8.800000190734863,8.9399995803833,5.391616344451904,77410687
2012-05-14,9.0600004196167,9.0600004196167,8.739999771118164,8.75,5.277028560638428,70476664
2012-05-15,8.739999771118164,9.239999771118164,8.65999984741211,9.220000267028809,5.560481071472168,67211955
2012-05-16,8.949999809265137,8.970000267028809,8.729999542236328,8.8100004196167,5.3132147789001465,75124876
2012-05-17,8.84000015258789,9.0,8.75,8.770000457763672,5.289091110229492,41840288
2012-05-18,8.5,9.100000381469727,8.399999618530273,9.039999961853027,5.451925277709961,89337500
2012-05-21,9.100000381469727,9.199999809265137,8.720000267028809,8.84000015258789,5.331307411193848,48862948
2012-05-22,9.0,9.199999809265137,9.0,9.130000114440918,5.506203651428223,49331000
2012-05-23,8.989999771118164,9.239999771118164,8.899999618530273,9.09000015258789,5.48207950592041,44076149
2012-05-24,9.149999618530273,9.5600004196167,9.119999885559082,9.390000343322754,5.6630048751831055,98117497
2012-05-25,9.239999771118164,9.420000076293945,9.0,9.1899995803833,5.672264575958252,57484000
2012-05-28,9.180000305175781,9.489999771118164,9.119999885559082,9.470000267028809,5.845086097717285,46809000
2012-05-29,9.449999809265137,9.800000190734863,9.430000305175781,9.779999732971191,6.036425590515137,69629574
2012-05-30,9.75,9.75,9.460000038146973,9.619999885559082,5.937668800354004,46208000
2012-05-31,9.399999618530273,9.579999923706055,9.279999732971191,9.420000076293945,5.814224720001221,51344740
2012-06-01,9.3100004196167,9.5,9.170000076293945,9.220000267028809,5.690781116485596,38655561
2012-06-04,8.949999809265137,8.970000267028809,8.800000190734863,8.890000343322754,5.487098693847656,44370672
2012-06-05,9.039999961853027,9.140000343322754,8.859999656677246,8.869999885559082,5.474753379821777,24722814
2012-06-06,9.039999961853027,9.100000381469727,8.949999809265137,9.050000190734863,5.5858540534973145,26963822
2012-06-07,9.239999771118164,9.289999961853027,8.880000114440918,8.890000343322754,5.487098693847656,35412315
2012-06-08,9.0,9.039999961853027,8.720000267028809,8.899999618530273,5.493269920349121,45838300
2012-06-11,9.1899995803833,9.210000038146973,9.039999961853027,9.069999694824219,5.598197937011719,23913485
2012-06-12,8.899999618530273,9.25,8.890000343322754,9.170000076293945,5.659919738769531,29542393
2012-06-13,9.170000076293945,9.34000015258789,9.020000457763672,9.329999923706055,5.758676052093506,40289740
2012-06-14,9.1899995803833,9.270000457763672,9.039999961853027,9.069999694824219,5.598197937011719,17968000
2012-06-15,9.149999618530273,9.199999809265137,9.109999656677246,9.170000076293945,5.659919738769531,23528083
2012-06-18,9.369999885559082,9.479999542236328,9.180000305175781,9.1899995803833,5.672264575958252,29488880
2012-06-19,9.1899995803833,9.260000228881836,9.119999885559082,9.15999984741211,5.653748035430908,22152391
2012-06-20,9.220000267028809,9.239999771118164,9.130000114440918,9.170000076293945,5.659919738769531,14844646
2012-06-21,9.170000076293945,9.229999542236328,8.899999618530273,8.970000267028809,5.53647518157959,26729344
2012-06-22,8.829999923706055,8.949999809265137,8.8100004196167,8.890000343322754,5.487098693847656,25136200
2012-06-25,8.890000343322754,8.930000305175781,8.760000228881836,8.770000457763672,5.413031578063965,29218399
2012-06-26,8.819999694824219,8.829999923706055,8.699999809265137,8.729999542236328,5.388342380523682,25469100
2012-06-27,8.75,8.90999984741211,8.710000038146973,8.720000267028809,5.382170677185059,23137000
2012-06-28,8.770000457763672,8.800000190734863,8.25,8.270000457763672,5.104421615600586,82941038
2012-06-29,8.25,8.380000114440918,8.039999961853027,8.289999961853027,5.116764545440674,52654657
2012-07-03,8.34000015258789,8.350000381469727,8.109999656677246,8.149999618530273,5.0303544998168945,45896400
2012-07-04,8.149999618530273,8.569999694824219,8.149999618530273,8.420000076293945,5.197004318237305,93677887
2012-07-05,8.380000114440918,8.399999618530273,8.210000038146973,8.270000457763672,5.104421615600586,39706414
2012-07-06,8.350000381469727,8.460000038146973,8.270000457763672,8.369999885559082,5.166142463684082,33676000
2012-07-09,8.279999732971191,8.329999923706055,8.100000381469727,8.210000038146973,5.06738805770874,32361849
2012-07-10,8.229999542236328,8.229999542236328,8.010000228881836,8.100000381469727,4.99949312210083,34202343
2012-07-11,8.0600004196167,8.34000015258789,7.849999904632568,8.119999885559082,5.011838436126709,65012300
2012-07-12,8.119999885559082,8.119999885559082,7.960000038146973,7.989999771118164,4.931599140167236,41694800
2012-07-13,8.0600004196167,8.220000267028809,8.0,8.149999618530273,5.0303544998168945,30716399
2012-07-16,8.260000228881836,8.260000228881836,8.050000190734863,8.069999694824219,4.980976104736328,24668144
2012-07-17,8.100000381469727,8.220000267028809,7.949999809265137,8.039999961853027,4.962459564208984,35759510
2012-07-18,8.010000228881836,8.0600004196167,7.78000020980835,7.820000171661377,4.8266706466674805,52389407
2012-07-19,7.849999904632568,7.96999979019165,7.760000228881836,7.820000171661377,4.8266706466674805,27510286
2012-07-20,7.820000171661377,7.829999923706055,7.579999923706055,7.650000095367432,4.721743583679199,44552486
2012-07-23,7.429999828338623,7.5,7.329999923706055,7.380000114440918,4.555093765258789,42023584
2012-07-24,7.380000114440918,7.460000038146973,7.119999885559082,7.25,4.474854946136475,39828189
2012-07-25,7.239999771118164,7.380000114440918,7.070000171661377,7.170000076293945,4.425477504730225,43306832
2012-07-26,7.199999809265137,7.320000171661377,7.099999904632568,7.119999885559082,4.394616603851318,31142244
2012-07-27,7.25,7.460000038146973,7.25,7.380000114440918,4.555093765258789,36929798
2012-07-30,7.489999771118164,7.570000171661377,7.349999904632568,7.46999979019165,4.6106438636779785,31181600
2012-07-31,7.449999809265137,7.610000133514404,7.380000114440918,7.590000152587891,4.68471097946167,31287318
2012-08-01,7.519999980926514,8.020000457763672,7.5,8.0,4.937770366668701,69293945
2012-08-02,8.010000228881836,8.229999542236328,7.880000114440918,8.050000190734863,4.968632221221924,69150448
2012-08-03,7.940000057220459,8.039999961853027,7.800000190734863,8.029999732971191,4.956287384033203,45814381
2012-08-06,8.25,8.279999732971191,8.119999885559082,8.119999885559082,5.011838436126709,29017093
2012-08-07,8.140000343322754,8.329999923706055,8.079999923706055,8.25,5.092075824737549,42096116
2012-08-08,8.300000190734863,8.359999656677246,8.050000190734863,8.170000076293945,5.042698860168457,29404986
2012-08-09,8.199999809265137,8.399999618530273,8.199999809265137,8.359999656677246,5.159971237182617,46550228
2012-08-10,8.359999656677246,8.40999984741211,8.180000305175781,8.210000038146973,5.06738805770874,26826000
2012-08-13,8.25,8.25,7.949999809265137,7.96999979019165,4.919253826141357,40465400
2012-08-14,8.100000381469727,8.100000381469727,7.710000038146973,7.880000114440918,4.863704204559326,64414470
2012-08-15,7.800000190734863,7.880000114440918,7.730000019073486,7.760000228881836,4.789638042449951,30954884
2012-08-16,7.809999942779541,7.849999904632568,7.760000228881836,7.789999961853027,4.808154582977295,25398000
2012-08-17,7.880000114440918,7.940000057220459,7.820000171661377,7.900000095367432,4.876048564910889,12972000
2012-08-20,7.900000095367432,8.140000343322754,7.809999942779541,8.119999885559082,5.011838436126709,27753102
2012-08-21,8.149999618530273,8.359999656677246,8.09000015258789,8.34000015258789,5.1476263999938965,65883354
2012-08-22,8.319999694824219,8.350000381469727,8.180000305175781,8.1899995803833,5.0550432205200195,42935000
2012-08-23,8.239999771118164,8.329999923706055,8.210000038146973,8.220000267028809,5.073559761047363,22693795
2012-08-24,8.010000228881836,8.050000190734863,7.800000190734863,7.840000152587891,4.839015483856201,70012130
2012-08-27,7.889999866485596,7.889999866485596,7.519999980926514,7.53000020980835,4.647677898406982,75510000
2012-08-28,7.53000020980835,7.670000076293945,7.510000228881836,7.590000152587891,4.68471097946167,29444800
2012-08-29,7.639999866485596,7.639999866485596,7.320000171661377,7.340000152587891,4.530405521392822,46957513
2012-08-30,7.210000038146973,7.349999904632568,7.170000076293945,7.289999961853027,4.4995436668396,25064673
2012-08-31,7.25,7.349999904632568,7.230000019073486,7.260000228881836,4.481027603149414,21815132
2012-09-03,7.25,7.46999979019165,7.179999828338623,7.369999885559082,4.54892110824585,21728000
2012-09-04,7.269999980926514,7.480000019073486,7.269999980926514,7.409999847412109,4.573610782623291,23000215
2012-09-05,7.329999923706055,7.329999923706055,7.110000133514404,7.179999828338623,4.431649208068848,45200021
2012-09-06,7.199999809265137,7.269999980926514,7.110000133514404,7.239999771118164,4.468682289123535,27608335
2012-09-07,7.460000038146973,7.920000076293945,7.440000057220459,7.880000114440918,4.863704204559326,137540226
2012-09-10,8.0,8.180000305175781,7.809999942779541,7.860000133514404,4.85136079788208,76145887
2012-09-11,7.800000190734863,7.949999809265137,7.710000038146973,7.889999866485596,4.869876384735107,49233833
2012-09-12,7.980000019073486,8.100000381469727,7.840000152587891,8.069999694824219,4.980976104736328,71274774
2012-09-13,8.050000190734863,8.199999809265137,7.96999979019165,8.0600004196167,4.9748053550720215,66530054
2012-09-14,8.3100004196167,8.390000343322754,8.260000228881836,8.329999923706055,5.141454219818115,95293756
2012-09-17,8.5600004196167,8.680000305175781,8.40999984741211,8.460000038146973,5.221693515777588,105324713
2012-09-18,8.34000015258789,8.430000305175781,8.199999809265137,8.260000228881836,5.098248481750488,44347424
2012-09-19,8.279999732971191,8.550000190734863,8.260000228881836,8.539999961853027,5.271070957183838,42768495
2012-09-20,8.510000228881836,8.609999656677246,8.270000457763672,8.300000190734863,5.12293815612793,46366891
2012-09-21,8.390000343322754,8.5,8.380000114440918,8.40999984741211,5.190830707550049,38924383
2012-09-24,8.3100004196167,8.600000381469727,8.279999732971191,8.539999961853027,5.271070957183838,42748880
2012-09-25,8.569999694824219,8.699999809265137,8.529999732971191,8.6899995803833,5.363653659820557,52735062
2012-09-26,8.529999732971191,8.600000381469727,8.359999656677246,8.380000114440918,5.17231559753418,48056252
2012-09-27,8.399999618530273,8.5600004196167,8.350000381469727,8.539999961853027,5.271070957183838,32316181
2012-09-28,8.5,8.640000343322754,8.460000038146973,8.569999694824219,5.289587020874023,28507316
2012-10-03,8.640000343322754,8.779999732971191,8.569999694824219,8.630000114440918,5.326620101928711,32061648
2012-10-04,8.600000381469727,8.670000076293945,8.5600004196167,8.59000015258789,5.301931381225586,22448980
2012-10-05,8.649999618530273,8.729999542236328,8.579999923706055,8.6899995803833,5.363653659820557,34401815
2012-10-08,8.619999885559082,8.65999984741211,8.420000076293945,8.430000305175781,5.203176498413086,32442302
2012-10-09,8.449999809265137,8.619999885559082,8.25,8.329999923706055,5.141454219818115,51986813
2012-10-10,8.289999961853027,8.5,8.260000228881836,8.430000305175781,5.203176498413086,22759483
2012-10-11,8.390000343322754,8.539999961853027,8.369999885559082,8.510000228881836,5.252553939819336,32189809
2012-10-12,8.550000190734863,8.75,8.539999961853027,8.600000381469727,5.308104038238525,40640302
2012-10-15,8.65999984741211,8.729999542236328,8.5600004196167,8.65999984741211,5.345137596130371,29285050
2012-10-16,8.729999542236328,8.729999542236328,8.579999923706055,8.630000114440918,5.326620101928711,24500000
2012-10-17,8.75,8.779999732971191,8.649999618530273,8.710000038146973,5.375998020172119,44565211
2012-10-18,8.970000267028809,9.390000343322754,8.899999618530273,9.34000015258789,5.764848232269287,166517502
2012-10-19,9.479999542236328,9.600000381469727,9.380000114440918,9.460000038146973,5.838914394378662,104726350
2012-10-22,9.359999656677246,9.779999732971191,9.359999656677246,9.75,6.017908573150635,73176425
2012-10-24,9.699999809265137,9.850000381469727,9.520000457763672,9.550000190734863,5.894464492797852,82347908
2012-10-25,9.579999923706055,9.649999618530273,9.260000228881836,9.470000267028809,5.845086097717285,53879580
2012-10-26,9.4399995803833,9.4399995803833,9.130000114440918,9.170000076293945,5.659919738769531,55637738
2012-10-29,9.239999771118164,9.59000015258789,9.109999656677246,9.539999961853027,5.888291835784912,63214020
2012-10-30,9.609999656677246,9.75,9.460000038146973,9.649999618530273,5.956186294555664,64125800
2012-10-31,9.819999694824219,9.890000343322754,9.680000305175781,9.880000114440918,6.098147392272949,63117692
2012-11-01,9.920000076293945,10.460000038146973,9.8100004196167,10.380000114440918,6.406758785247803,147665759
2012-11-02,10.579999923706055,10.699999809265137,10.420000076293945,10.520000457763672,6.493168830871582,71875372
2012-11-05,10.699999809265137,10.779999732971191,10.539999961853027,10.5600004196167,6.517858028411865,47150363
2012-11-06,10.5600004196167,10.779999732971191,10.399999618530273,10.600000381469727,6.542547225952148,42424360
2012-11-07,10.65999984741211,10.779999732971191,10.520000457763672,10.699999809265137,6.6042680740356445,32378023
2012-11-08,10.399999618530273,10.619999885559082,10.300000190734863,10.319999694824219,6.369723796844482,40353932
2012-11-09,10.220000267028809,10.479999542236328,10.119999885559082,10.300000190734863,6.3573808670043945,45542352
2012-11-12,10.239999771118164,10.34000015258789,9.739999771118164,9.789999961853027,6.042596340179443,90192141
2012-11-13,9.729999542236328,9.770000457763672,9.449999809265137,9.460000038146973,5.838914394378662,64041839
2012-11-14,9.460000038146973,9.789999961853027,9.430000305175781,9.569999694824219,5.906808376312256,55412570
2012-11-15,9.399999618530273,9.729999542236328,9.390000343322754,9.460000038146973,5.838914394378662,50195180
2012-11-16,9.680000305175781,9.680000305175781,9.420000076293945,9.520000457763672,5.875947952270508,25174000
2012-11-19,9.600000381469727,9.640000343322754,9.430000305175781,9.569999694824219,5.906808376312256,21643696
2012-11-20,9.6899995803833,9.739999771118164,9.399999618530273,9.430000305175781,5.820396900177002,24494000
2012-11-21,9.539999961853027,9.65999984741211,9.430000305175781,9.649999618530273,5.956186294555664,24717640
2012-11-22,9.670000076293945,9.720000267028809,9.569999694824219,9.609999656677246,5.931497097015381,25871800
2012-11-23,9.640000343322754,9.930000305175781,9.640000343322754,9.859999656677246,6.085803508758545,34141000
2012-11-26,10.0,10.0,9.6899995803833,9.710000038146973,5.99321985244751,31818000
2012-11-27,9.770000457763672,9.84000015258789,9.59000015258789,9.609999656677246,5.931497097015381,28998527
2012-11-28,9.640000343322754,9.880000114440918,9.520000457763672,9.819999694824219,6.061113357543945,49213000
2012-11-29,9.869999885559082,9.960000038146973,9.75,9.779999732971191,6.036425590515137,28318112
2012-11-30,9.779999732971191,10.199999809265137,9.779999732971191,10.119999885559082,6.246281147003174,69358877
2012-12-03,10.239999771118164,10.359999656677246,9.979999542236328,9.989999771118164,6.166040897369385,48378475
2012-12-04,10.020000457763672,10.279999732971191,9.869999885559082,10.180000305175781,6.2833147048950195,27416792
2012-12-05,10.279999732971191,10.5600004196167,10.199999809265137,10.539999961853027,6.505514144897461,62490490
2012-12-06,10.600000381469727,10.65999984741211,10.359999656677246,10.579999923706055,6.530202865600586,40356505
2012-12-07,10.800000190734863,11.199999809265137,10.760000228881836,11.039999961853027,6.81412410736084,121922305
2012-12-10,11.260000228881836,11.34000015258789,11.020000457763672,11.180000305175781,6.9005351066589355,38112382
2012-12-11,11.319999694824219,11.359999656677246,11.039999961853027,11.180000305175781,6.9005351066589355,42542995
2012-12-12,11.15999984741211,11.34000015258789,11.079999923706055,11.260000228881836,6.9499125480651855,34631930
2012-12-13,11.279999732971191,11.300000190734863,10.979999542236328,11.100000381469727,6.851158618927002,32848458
2012-12-14,11.0,11.479999542236328,11.0,11.460000038146973,7.073356628417969,54120185
2012-12-17,11.399999618530273,11.739999771118164,11.399999618530273,11.579999923706055,7.147422790527344,38571429
2012-12-18,11.640000343322754,11.699999809265137,11.220000267028809,11.479999542236328,7.085702419281006,38729145
2012-12-19,11.600000381469727,11.699999809265137,11.479999542236328,11.579999923706055,7.147422790527344,36279440
2012-12-20,11.4399995803833,11.539999961853027,11.260000228881836,11.34000015258789,6.999290466308594,26749222
2012-12-21,11.300000190734863,11.380000114440918,11.15999984741211,11.239999771118164,6.937568187713623,22466000
2012-12-24,11.239999771118164,11.359999656677246,11.199999809265137,11.319999694824219,6.986945629119873,8714168
2012-12-27,11.5600004196167,11.640000343322754,11.359999656677246,11.380000114440918,7.023979187011719,17817014
2012-12-28,11.5,11.5,11.239999771118164,11.319999694824219,6.986945629119873,16125386
2012-12-31,11.199999809265137,11.359999656677246,11.15999984741211,11.34000015258789,6.999290466308594,7770400
2013-01-02,11.539999961853027,11.779999732971191,11.460000038146973,11.739999771118164,7.246179580688477,39699432
2013-01-03,11.800000190734863,12.199999809265137,11.680000305175781,12.039999961853027,7.431346416473389,52340075
2013-01-04,11.960000038146973,12.15999984741211,11.800000190734863,12.140000343322754,7.493068695068359,25752867
2013-01-07,12.239999771118164,12.5,12.15999984741211,12.479999542236328,7.70292329788208,32213796
2013-01-08,12.479999542236328,12.539999961853027,12.0,12.079999923706055,7.456035137176514,34437588
2013-01-09,12.100000381469727,12.300000190734863,12.039999961853027,12.119999885559082,7.4807233810424805,24654887
2013-01-10,12.199999809265137,12.479999542236328,12.119999885559082,12.239999771118164,7.554789066314697,24213174
2013-01-11,12.380000114440918,12.380000114440918,11.819999694824219,11.920000076293945,7.357280254364014,29417802
2013-01-14,11.859999656677246,12.0,11.760000228881836,11.880000114440918,7.332591533660889,22899554
2013-01-15,11.84000015258789,12.100000381469727,11.779999732971191,11.819999694824219,7.29555606842041,26576300
2013-01-16,11.859999656677246,11.899999618530273,11.5600004196167,11.640000343322754,7.184456825256348,32268789
2013-01-17,11.739999771118164,11.84000015258789,11.460000038146973,11.779999732971191,7.270867824554443,21030000
2013-01-18,11.899999618530273,12.100000381469727,11.880000114440918,11.9399995803833,7.369622230529785,28526528
2013-01-21,11.9399995803833,12.15999984741211,11.84000015258789,12.140000343322754,7.493068695068359,22690432
2013-01-22,12.039999961853027,12.239999771118164,12.0,12.199999809265137,7.530101776123047,27949254
2013-01-23,12.15999984741211,12.260000228881836,11.800000190734863,12.0,7.406656742095947,25087784
2013-01-24,11.859999656677246,12.119999885559082,11.800000190734863,11.819999694824219,7.29555606842041,25211000
2013-01-25,11.979999542236328,11.979999542236328,11.619999885559082,11.760000228881836,7.258523464202881,22727600
2013-01-28,11.739999771118164,12.100000381469727,11.739999771118164,12.0600004196167,7.443690299987793,35389200
2013-01-29,12.119999885559082,12.260000228881836,12.0600004196167,12.239999771118164,7.554789066314697,31646191
2013-01-30,12.279999732971191,12.420000076293945,12.180000305175781,12.359999656677246,7.6288557052612305,39741300
2013-01-31,12.399999618530273,12.479999542236328,12.180000305175781,12.380000114440918,7.641201496124268,33584100
2013-02-01,12.34000015258789,12.5,12.119999885559082,12.479999542236328,7.70292329788208,34715011
2013-02-04,12.600000381469727,12.800000190734863,12.5600004196167,12.699999809265137,7.838711738586426,44678651
2013-02-05,12.399999618530273,12.579999923706055,12.34000015258789,12.4399995803833,7.678234100341797,22247446
2013-02-06,12.520000457763672,12.5600004196167,12.300000190734863,12.420000076293945,7.665890693664551,22992428
2013-02-07,12.399999618530273,12.4399995803833,12.0600004196167,12.180000305175781,7.517756938934326,30265920
2013-02-08,12.100000381469727,12.380000114440918,11.819999694824219,12.180000305175781,7.517756938934326,26456512
2013-02-14,12.279999732971191,12.5,12.279999732971191,12.359999656677246,7.6288557052612305,16489400
2013-02-15,12.300000190734863,12.5600004196167,12.260000228881836,12.460000038146973,7.690579414367676,11702887
2013-02-18,12.479999542236328,12.520000457763672,12.220000267028809,12.359999656677246,7.6288557052612305,11437478
2013-02-19,12.260000228881836,12.4399995803833,11.920000076293945,11.920000076293945,7.357280254364014,29442180
2013-02-20,11.899999618530273,12.140000343322754,11.739999771118164,12.0,7.406656742095947,35978159
2013-02-21,11.84000015258789,11.859999656677246,11.520000457763672,11.65999984741211,7.196800231933594,36749175
2013-02-22,11.4399995803833,11.760000228881836,11.300000190734863,11.600000381469727,7.159768581390381,25079000
2013-02-25,11.680000305175781,11.800000190734863,11.5,11.5600004196167,7.1350789070129395,16592398
2013-02-26,11.460000038146973,11.539999961853027,11.039999961853027,11.220000267028809,6.925224304199219,42061290
2013-02-27,11.260000228881836,11.520000457763672,11.220000267028809,11.479999542236328,7.085702419281006,21102840
2013-02-28,11.699999809265137,11.899999618530273,11.640000343322754,11.84000015258789,7.307900905609131,30235990
2013-03-01,11.760000228881836,12.199999809265137,11.760000228881836,12.140000343322754,7.493068695068359,39302395
2013-03-04,12.199999809265137,12.199999809265137,11.5600004196167,11.760000228881836,7.258523464202881,44499529
2013-03-05,11.880000114440918,11.9399995803833,11.619999885559082,11.800000190734863,7.283213138580322,27297906
2013-03-06,12.0,12.180000305175781,11.960000038146973,12.140000343322754,7.493068695068359,25818086
2013-03-07,12.140000343322754,12.15999984741211,11.9399995803833,12.079999923706055,7.456035137176514,14470619
2013-03-08,12.199999809265137,12.380000114440918,12.140000343322754,12.180000305175781,7.517756938934326,26256102
2013-03-11,12.180000305175781,12.220000267028809,11.800000190734863,11.859999656677246,7.320244789123535,24918264
2013-03-12,11.859999656677246,12.100000381469727,11.699999809265137,11.760000228881836,7.258523464202881,26844554
2013-03-13,11.899999618530273,11.899999618530273,11.300000190734863,11.380000114440918,7.023979187011719,41466232
2013-03-14,11.199999809265137,11.619999885559082,11.180000305175781,11.579999923706055,7.147422790527344,44295843
2013-03-15,11.65999984741211,11.680000305175781,10.779999732971191,10.779999732971191,6.653645992279053,94350911
2013-03-18,10.520000457763672,10.520000457763672,9.960000038146973,10.199999809265137,6.295659065246582,102236876
2013-03-19,10.220000267028809,10.600000381469727,10.220000267028809,10.460000038146973,6.456136226654053,39954063
2013-03-20,10.5,10.9399995803833,10.399999618530273,10.84000015258789,6.690680027008057,36316830
2013-03-21,11.0,11.199999809265137,10.800000190734863,10.9399995803833,6.752401828765869,35760000
2013-03-22,10.800000190734863,11.0600004196167,10.720000267028809,10.960000038146973,6.764745712280273,21285293
2013-03-25,10.699999809265137,10.760000228881836,10.239999771118164,10.359999656677246,6.394413948059082,71431105
2013-03-26,10.180000305175781,10.199999809265137,10.039999961853027,10.119999885559082,6.246281147003174,48711928
2013-03-27,10.100000381469727,10.260000228881836,9.899999618530273,9.949999809265137,6.141351699829102,63960278
2013-03-28,9.800000190734863,9.880000114440918,9.4399995803833,9.770000457763672,6.0302534103393555,75268023
2013-04-02,9.630000114440918,10.079999923706055,9.619999885559082,9.670000076293945,5.968530178070068,32533236
2013-04-03,9.670000076293945,9.699999809265137,9.40999984741211,9.5,5.863603115081787,45476691
2013-04-05,9.510000228881836,9.510000228881836,8.9399995803833,9.020000457763672,5.5673370361328125,88186144
2013-04-08,8.979999542236328,9.140000343322754,8.8100004196167,8.960000038146973,5.530304431915283,89819169
2013-04-09,9.0600004196167,9.520000457763672,9.0600004196167,9.479999542236328,5.851258277893066,70277446
2013-04-10,9.619999885559082,9.699999809265137,9.40999984741211,9.59000015258789,5.919152736663818,53394500
2013-04-11,9.739999771118164,9.880000114440918,9.609999656677246,9.640000343322754,5.950014114379883,38270210
2013-04-12,9.649999618530273,9.720000267028809,9.470000267028809,9.489999771118164,5.857430458068848,21240267
2013-04-15,9.399999618530273,9.420000076293945,9.09000015258789,9.15999984741211,5.653748035430908,50413595
2013-04-16,8.979999542236328,9.59000015258789,8.9399995803833,9.430000305175781,5.820396900177002,47915845
2013-04-17,9.5600004196167,9.5600004196167,9.300000190734863,9.380000114440918,5.789536476135254,37299058
2013-04-18,9.220000267028809,9.5,9.199999809265137,9.329999923706055,5.758676052093506,21478000
2013-04-19,9.380000114440918,9.9399995803833,9.380000114440918,9.90999984741211,6.116663932800293,57692035
2013-04-22,10.119999885559082,10.34000015258789,9.979999542236328,10.0600004196167,6.209248065948486,55795654
2013-04-23,10.020000457763672,10.039999961853027,9.609999656677246,9.670000076293945,5.968530178070068,48044200
2013-04-24,9.829999923706055,9.920000076293945,9.770000457763672,9.8100004196167,6.054943084716797,27702000
2013-04-25,9.979999542236328,10.0600004196167,9.699999809265137,9.710000038146973,5.99321985244751,50979000
2013-04-26,9.789999961853027,9.8100004196167,9.600000381469727,9.640000343322754,5.950014114379883,31589111
2013-04-29,9.420000076293945,9.449999809265137,9.260000228881836,9.3100004196167,5.746331214904785,46382000
2013-04-30,9.350000381469727,9.399999618530273,9.100000381469727,9.15999984741211,5.653748035430908,57226048
2013-05-02,9.079999923706055,9.130000114440918,8.949999809265137,8.970000267028809,5.53647518157959,67993000
2013-05-03,9.050000190734863,9.220000267028809,8.979999542236328,9.0,5.554993152618408,55338948
2013-05-06,9.180000305175781,9.220000267028809,9.069999694824219,9.079999923706055,5.6043701171875,51693255
2013-05-07,9.079999923706055,9.430000305175781,9.020000457763672,9.399999618530273,5.801880359649658,66577930
2013-05-08,9.479999542236328,9.630000114440918,9.449999809265137,9.520000457763672,5.875947952270508,55298256
2013-05-09,9.59000015258789,9.640000343322754,9.359999656677246,9.5,5.863603115081787,32707989
2013-05-10,9.470000267028809,9.5600004196167,9.300000190734863,9.40999984741211,5.808053493499756,36868321
2013-05-13,9.350000381469727,9.380000114440918,9.199999809265137,9.210000038146973,5.684609413146973,34185376
2013-05-14,9.210000038146973,9.289999961853027,9.0600004196167,9.09000015258789,5.610542297363281,36808565
2013-05-15,9.170000076293945,9.300000190734863,9.100000381469727,9.130000114440918,5.635231971740723,25781530
2013-05-16,9.119999885559082,9.1899995803833,9.0600004196167,9.09000015258789,5.610542297363281,25106484
2013-05-20,9.170000076293945,9.270000457763672,9.09000015258789,9.260000228881836,5.715470314025879,38156600
2013-05-21,9.199999809265137,9.270000457763672,9.130000114440918,9.1899995803833,5.672264575958252,17895600
2013-05-22,9.1899995803833,9.279999732971191,9.100000381469727,9.130000114440918,5.635231971740723,22200324
2013-05-23,9.100000381469727,9.180000305175781,9.0,9.020000457763672,5.5673370361328125,43140000
2013-05-24,9.010000228881836,9.079999923706055,8.75,8.819999694824219,5.443892002105713,82316435
2013-05-27,8.710000038146973,8.829999923706055,8.699999809265137,8.75,5.400686740875244,50492084
2013-05-28,8.630000114440918,8.720000267028809,8.5,8.6899995803833,5.460380554199219,53250979
2013-05-29,8.649999618530273,8.699999809265137,8.5,8.510000228881836,5.347277641296387,41131668
2013-05-30,8.5,8.59000015258789,8.199999809265137,8.279999732971191,5.202755928039551,49504123
2013-05-31,8.260000228881836,8.390000343322754,8.199999809265137,8.279999732971191,5.202755928039551,34451287
2013-06-03,8.180000305175781,8.34000015258789,8.100000381469727,8.100000381469727,5.089653015136719,32663619
2013-06-04,7.980000019073486,7.980000019073486,7.800000190734863,7.869999885559082,4.945131778717041,75597111
2013-06-05,7.769999980926514,8.119999885559082,7.75,8.100000381469727,5.089653015136719,53475039
2013-06-06,8.100000381469727,8.170000076293945,7.929999828338623,8.0,5.026817321777344,25636000
2013-06-07,8.039999961853027,8.119999885559082,7.849999904632568,7.989999771118164,5.020534038543701,23942069
2013-06-10,8.039999961853027,8.100000381469727,7.699999809265137,7.809999942779541,4.907431125640869,34986000
2013-06-11,7.75,7.789999961853027,7.489999771118164,7.559999942779541,4.75034236907959,63380795
2013-06-13,7.25,7.539999961853027,7.210000038146973,7.480000019073486,4.700074672698975,55540479
2013-06-14,7.510000228881836,7.610000133514404,7.320000171661377,7.369999885559082,4.630955219268799,37410306
2013-06-17,7.369999885559082,7.519999980926514,7.349999904632568,7.369999885559082,4.630955219268799,25960922
2013-06-18,7.380000114440918,7.449999809265137,7.199999809265137,7.300000190734863,4.586971282958984,46618248
2013-06-19,7.320000171661377,7.329999923706055,7.150000095367432,7.159999847412109,4.499001502990723,40838120
2013-06-20,7.079999923706055,7.119999885559082,7.0,7.019999980926514,4.411032676696777,55076005
2013-06-21,6.900000095367432,7.139999866485596,6.699999809265137,7.03000020980835,4.417316436767578,66408188
2013-06-24,6.920000076293945,7.0,6.699999809265137,6.730000019073486,4.228810787200928,48456478
2013-06-25,6.730000019073486,6.940000057220459,6.400000095367432,6.800000190734863,4.272794723510742,74923928
2013-06-26,6.909999847412109,7.03000020980835,6.840000152587891,6.929999828338623,4.354480743408203,39661680
2013-06-27,7.010000228881836,7.199999809265137,6.860000133514404,6.920000076293945,4.348197937011719,47519528
2013-06-28,6.960000038146973,7.079999923706055,6.900000095367432,6.949999809265137,4.36704683303833,38441995
2013-07-02,6.949999809265137,7.019999980926514,6.559999942779541,6.630000114440918,4.165975093841553,59803383
2013-07-03,6.599999904632568,6.630000114440918,6.239999771118164,6.260000228881836,3.9334843158721924,59153233
2013-07-04,6.300000190734863,6.420000076293945,6.239999771118164,6.25,3.92720103263855,58199570
2013-07-05,6.360000133514404,6.75,6.360000133514404,6.610000133514404,4.153408050537109,70513087
2013-07-08,6.480000019073486,6.480000019073486,6.25,6.309999942779541,3.964901924133301,59738809
2013-07-09,6.349999904632568,6.349999904632568,6.070000171661377,6.190000057220459,3.889500379562378,47131500
2013-07-10,6.199999809265137,6.389999866485596,6.139999866485596,6.369999885559082,4.002603530883789,38054282
2013-07-11,6.519999980926514,6.800000190734863,6.480000019073486,6.760000228881836,4.247661113739014,72718245
2013-07-12,6.849999904632568,7.099999904632568,6.78000020980835,6.889999866485596,4.329346656799316,77994284
2013-07-15,6.909999847412109,7.119999885559082,6.909999847412109,6.96999979019165,4.379614353179932,54338007
2013-07-16,7.0,7.010000228881836,6.679999828338623,6.690000057220459,4.203676700592041,54070036
2013-07-17,6.789999961853027,7.050000190734863,6.730000019073486,6.929999828338623,4.354480743408203,53789212
2013-07-18,6.900000095367432,6.940000057220459,6.78000020980835,6.829999923706055,4.291645050048828,29799300
2013-07-19,6.849999904632568,6.920000076293945,6.760000228881836,6.820000171661377,4.285362243652344,31474000
2013-07-22,6.920000076293945,6.920000076293945,6.690000057220459,6.809999942779541,4.279077529907227,20951000
2013-07-23,6.889999866485596,7.090000152587891,6.849999904632568,7.090000152587891,4.455016613006592,56817542
2013-07-24,7.079999923706055,7.179999828338623,7.0,7.159999847412109,4.499001502990723,36980400
2013-07-25,7.159999847412109,7.480000019073486,7.139999866485596,7.460000038146973,4.687507629394531,82876345
2013-07-26,7.5,7.690000057220459,7.320000171661377,7.420000076293945,4.662373065948486,59193000
2013-07-29,7.360000133514404,7.360000133514404,7.099999904632568,7.190000057220459,4.517852306365967,45716082
2013-07-30,7.170000076293945,7.199999809265137,6.920000076293945,7.090000152587891,4.455016613006592,40084000
2013-07-31,7.090000152587891,7.239999771118164,7.0,7.0,4.398465633392334,28244772
2013-08-01,7.099999904632568,7.320000171661377,7.099999904632568,7.309999942779541,4.593254566192627,35826160
2013-08-02,7.409999847412109,7.449999809265137,7.190000057220459,7.21999979019165,4.536702632904053,29667347
2013-08-05,7.21999979019165,7.429999828338623,7.21999979019165,7.320000171661377,4.599538326263428,21549728
2013-08-06,7.210000038146973,7.300000190734863,7.059999942779541,7.260000228881836,4.5618367195129395,26297691
2013-08-07,7.199999809265137,7.340000152587891,7.099999904632568,7.119999885559082,4.473866939544678,33025116
2013-08-08,7.179999828338623,7.230000019073486,7.079999923706055,7.119999885559082,4.473866939544678,22598459
2013-08-09,7.159999847412109,7.269999980926514,7.119999885559082,7.260000228881836,4.5618367195129395,23443731
2013-08-12,7.289999961853027,7.71999979019165,7.28000020980835,7.710000038146973,4.844595432281494,114006048
2013-08-13,7.739999771118164,7.949999809265137,7.610000133514404,7.820000171661377,4.913713455200195,77761854
2013-08-14,7.820000171661377,7.820000171661377,7.820000171661377,7.820000171661377,4.913713455200195,0
2013-08-15,7.880000114440918,8.079999923706055,7.809999942779541,7.840000152587891,4.926280975341797,72214932
2013-08-16,7.690000057220459,7.980000019073486,7.590000152587891,7.840000152587891,4.926280975341797,77411506
2013-08-19,7.800000190734863,7.960000038146973,7.739999771118164,7.809999942779541,4.907431125640869,24560180
2013-08-20,7.789999961853027,7.920000076293945,7.510000228881836,7.590000152587891,4.769193649291992,51716128
2013-08-21,7.619999885559082,7.650000095367432,7.340000152587891,7.619999885559082,4.788043975830078,40621462
2013-08-22,7.46999979019165,7.679999828338623,7.429999828338623,7.650000095367432,4.806894302368164,32968434
2013-08-23,7.760000228881836,7.840000152587891,7.5,7.619999885559082,4.788043975830078,38728004
2013-08-26,7.460000038146973,7.46999979019165,7.170000076293945,7.190000057220459,4.517852306365967,120543588
2013-08-27,7.159999847412109,7.269999980926514,7.070000171661377,7.159999847412109,4.499001502990723,43469724
2013-08-28,7.059999942779541,7.130000114440918,7.0,7.03000020980835,4.417316436767578,40688493
2013-08-29,7.090000152587891,7.190000057220459,7.070000171661377,7.179999828338623,4.511569023132324,31230040
2013-08-30,7.159999847412109,7.190000057220459,7.010000228881836,7.130000114440918,4.480151176452637,21518415
2013-09-02,7.230000019073486,7.380000114440918,7.230000019073486,7.300000190734863,4.586971282958984,30833621
2013-09-03,7.369999885559082,7.550000190734863,7.349999904632568,7.5,4.712640762329102,49620741
2013-09-04,7.400000095367432,7.489999771118164,7.360000133514404,7.400000095367432,4.649806022644043,25250460
2013-09-05,7.5,7.539999961853027,7.440000057220459,7.480000019073486,4.700074672698975,37190317
2013-09-06,7.480000019073486,7.5,7.400000095367432,7.460000038146973,4.687507629394531,22125387
2013-09-09,7.53000020980835,7.699999809265137,7.5,7.659999847412109,4.813177585601807,48411351
2013-09-10,7.710000038146973,7.900000095367432,7.710000038146973,7.900000095367432,4.963982582092285,67441640
2013-09-11,7.949999809265137,7.989999771118164,7.679999828338623,7.710000038146973,4.844595432281494,58866545
2013-09-12,7.760000228881836,8.069999694824219,7.75,7.989999771118164,5.020534038543701,77184875
2013-09-13,7.96999979019165,7.980000019073486,7.71999979019165,7.849999904632568,4.9325642585754395,44020131
2013-09-16,8.0,8.050000190734863,7.829999923706055,7.940000057220459,4.989116668701172,33145000
2013-09-17,7.929999828338623,7.929999828338623,7.699999809265137,7.760000228881836,4.876013278961182,32276308
2013-09-18,7.800000190734863,7.820000171661377,7.710000038146973,7.78000020980835,4.888580322265625,13102598
2013-09-19,7.949999809265137,8.0,7.820000171661377,7.849999904632568,4.9325642585754395,34001598
2013-09-23,7.800000190734863,7.900000095367432,7.75,7.78000020980835,4.888580322265625,14719160
2013-09-24,7.809999942779541,7.849999904632568,7.590000152587891,7.679999828338623,4.825744152069092,29860380
2013-09-25,7.699999809265137,7.769999980926514,7.599999904632568,7.610000133514404,4.781760215759277,18882000
2013-09-26,7.630000114440918,7.75,7.519999980926514,7.630000114440918,4.794327735900879,23065365
2013-09-27,7.699999809265137,7.710000038146973,7.550000190734863,7.579999923706055,4.762909412384033,21605413
2013-09-30,7.539999961853027,7.550000190734863,7.409999847412109,7.449999809265137,4.681224346160889,26808175
2013-10-02,7.550000190734863,7.550000190734863,7.400000095367432,7.449999809265137,4.681224346160889,20059554
2013-10-03,7.53000020980835,7.639999866485596,7.5,7.610000133514404,4.781760215759277,12698142
2013-10-04,7.590000152587891,7.679999828338623,7.5,7.670000076293945,4.819461345672607,14096000
2013-10-07,7.699999809265137,7.699999809265137,7.53000020980835,7.559999942779541,4.75034236907959,16368000
2013-10-08,7.53000020980835,7.679999828338623,7.519999980926514,7.630000114440918,4.794327735900879,17279205
2013-10-09,7.550000190734863,7.829999923706055,7.519999980926514,7.760000228881836,4.876013278961182,30590000
2013-10-10,7.789999961853027,7.829999923706055,7.619999885559082,7.730000019073486,4.8571624755859375,15383473
2013-10-11,7.829999923706055,7.880000114440918,7.789999961853027,7.820000171661377,4.913713455200195,27312155
2013-10-15,7.900000095367432,7.949999809265137,7.690000057220459,7.820000171661377,4.913713455200195,21418739
2013-10-16,7.800000190734863,7.800000190734863,7.699999809265137,7.739999771118164,4.863446235656738,16890400
2013-10-17,7.820000171661377,7.900000095367432,7.679999828338623,7.710000038146973,4.844595432281494,36101900
2013-10-18,7.769999980926514,7.800000190734863,7.650000095367432,7.710000038146973,4.844595432281494,19002335
2013-10-21,7.71999979019165,7.769999980926514,7.659999847412109,7.690000057220459,4.832027912139893,15611000
2013-10-22,7.690000057220459,7.71999979019165,7.610000133514404,7.679999828338623,4.825744152069092,13846000
2013-10-23,7.71999979019165,7.769999980926514,7.46999979019165,7.489999771118164,4.706358432769775,34702000
2013-10-24,7.480000019073486,7.550000190734863,7.380000114440918,7.420000076293945,4.662373065948486,20113000
2013-10-25,7.380000114440918,7.429999828338623,7.210000038146973,7.21999979019165,4.536702632904053,39786901
2013-10-28,7.21999979019165,7.340000152587891,7.21999979019165,7.289999961853027,4.580687999725342,18542651
2013-10-29,7.440000057220459,7.449999809265137,7.25,7.289999961853027,4.580687999725342,39579741
2013-10-30,7.340000152587891,7.420000076293945,7.260000228881836,7.400000095367432,4.649806022644043,43371749
2013-10-31,7.340000152587891,7.650000095367432,7.340000152587891,7.579999923706055,4.762909412384033,52279515
2013-11-01,7.849999904632568,7.900000095367432,7.699999809265137,7.730000019073486,4.8571624755859375,78921520
2013-11-04,7.789999961853027,7.789999961853027,7.670000076293945,7.75,4.869729995727539,25393000
2013-11-05,7.789999961853027,7.789999961853027,7.610000133514404,7.699999809265137,4.838311672210693,26358528
2013-11-06,7.710000038146973,7.710000038146973,7.599999904632568,7.639999866485596,4.800610065460205,21101599
2013-11-07,7.650000095367432,7.670000076293945,7.46999979019165,7.489999771118164,4.706358432769775,23983586
2013-11-08,7.400000095367432,7.480000019073486,7.360000133514404,7.449999809265137,4.681224346160889,23693581
2013-11-11,7.449999809265137,7.659999847412109,7.369999885559082,7.579999923706055,4.762909412384033,19237580
2013-11-12,7.53000020980835,7.599999904632568,7.449999809265137,7.5,4.712640762329102,11306199
2013-11-13,7.409999847412109,7.449999809265137,7.340000152587891,7.360000133514404,4.624671936035156,20931617
2013-11-14,7.409999847412109,7.489999771118164,7.400000095367432,7.449999809265137,4.681224346160889,11059184
2013-11-15,7.489999771118164,7.650000095367432,7.489999771118164,7.599999904632568,4.775476455688477,20577942
2013-11-18,7.739999771118164,8.140000343322754,7.71999979019165,8.039999961853027,5.051952362060547,122015910
2013-11-19,8.020000457763672,8.15999984741211,7.920000076293945,8.100000381469727,5.089653015136719,123818174
2013-11-20,8.149999618530273,8.430000305175781,8.09000015258789,8.390000343322754,5.27187442779541,84168518
2013-11-21,8.350000381469727,8.350000381469727,8.15999984741211,8.220000267028809,5.165055274963379,53319581
2013-11-22,8.329999923706055,8.479999542236328,8.25,8.3100004196167,5.221607208251953,47767305
2013-11-25,8.430000305175781,8.699999809265137,8.350000381469727,8.680000305175781,5.454097270965576,92462440
2013-11-26,8.579999923706055,8.640000343322754,8.430000305175781,8.470000267028809,5.3221435546875,51592878
2013-11-27,8.510000228881836,8.800000190734863,8.449999809265137,8.739999771118164,5.491797924041748,76213040
2013-11-28,8.850000381469727,9.0,8.600000381469727,8.680000305175781,5.454097270965576,60880484
2013-11-29,8.670000076293945,8.739999771118164,8.600000381469727,8.670000076293945,5.447813510894775,19228159
2013-12-02,8.670000076293945,8.850000381469727,8.609999656677246,8.6899995803833,5.460380554199219,32121780
2013-12-03,8.649999618530273,9.020000457763672,8.600000381469727,8.989999771118164,5.648886203765869,72534104
2013-12-04,8.869999885559082,9.050000190734863,8.800000190734863,8.930000305175781,5.611185073852539,50285968
2013-12-05,8.899999618530273,9.0600004196167,8.859999656677246,9.010000228881836,5.6614532470703125,41451552
2013-12-06,8.949999809265137,9.020000457763672,8.9399995803833,8.960000038146973,5.630035877227783,31041148
2013-12-09,9.039999961853027,9.140000343322754,8.84000015258789,8.859999656677246,5.56719970703125,31153708
2013-12-10,8.869999885559082,8.880000114440918,8.510000228881836,8.630000114440918,5.422679424285889,38438209
2013-12-11,8.600000381469727,8.600000381469727,8.300000190734863,8.319999694824219,5.227890491485596,42316000
2013-12-12,8.319999694824219,8.5,8.270000457763672,8.329999923706055,5.234173774719238,31614200
2013-12-13,8.300000190734863,8.5,8.149999618530273,8.380000114440918,5.265591621398926,30655133
2013-12-16,8.380000114440918,8.520000457763672,8.279999732971191,8.329999923706055,5.234173774719238,17983494
2013-12-17,8.399999618530273,8.529999732971191,8.380000114440918,8.510000228881836,5.347277641296387,31292964
2013-12-18,8.520000457763672,8.710000038146973,8.399999618530273,8.6899995803833,5.460380554199219,34893712
2013-12-19,8.75,8.800000190734863,8.279999732971191,8.430000305175781,5.297008991241455,51986920
2013-12-20,8.390000343322754,8.479999542236328,8.109999656677246,8.210000038146973,5.158771514892578,37465154
2013-12-23,8.260000228881836,8.399999618530273,8.130000114440918,8.170000076293945,5.133636951446533,18960201
2013-12-24,8.180000305175781,8.359999656677246,8.100000381469727,8.34000015258789,5.240457057952881,18476375
2013-12-27,8.270000457763672,8.399999618530273,8.260000228881836,8.279999732971191,5.202755928039551,12529450
2013-12-30,8.380000114440918,8.380000114440918,8.199999809265137,8.229999542236328,5.1713385581970215,10157422
2013-12-31,8.25,8.380000114440918,8.229999542236328,8.34000015258789,5.240457057952881,9046000
2014-01-02,8.390000343322754,8.399999618530273,8.119999885559082,8.180000305175781,5.139921188354492,19469000
2014-01-03,8.050000190734863,8.0600004196167,7.840000152587891,7.940000057220459,4.989116668701172,34792000
2014-01-06,7.900000095367432,7.900000095367432,7.619999885559082,7.699999809265137,4.838311672210693,29951581
2014-01-07,7.699999809265137,7.860000133514404,7.630000114440918,7.78000020980835,4.888580322265625,19051600
2014-01-08,7.860000133514404,7.940000057220459,7.78000020980835,7.849999904632568,4.9325642585754395,17669836
2014-01-09,7.800000190734863,7.880000114440918,7.650000095367432,7.699999809265137,4.838311672210693,24301862
2014-01-10,7.639999866485596,7.679999828338623,7.550000190734863,7.639999866485596,4.800610065460205,24435701
2014-01-13,7.690000057220459,7.78000020980835,7.610000133514404,7.650000095367432,4.806894302368164,17365584
2014-01-14,7.550000190734863,7.630000114440918,7.5,7.579999923706055,4.762909412384033,17753550
2014-01-15,7.849999904632568,8.15999984741211,7.849999904632568,8.149999618530273,5.121070384979248,71317033
2014-01-16,8.1899995803833,8.1899995803833,7.840000152587891,7.889999866485596,4.957698822021484,27226001
2014-01-17,7.809999942779541,8.079999923706055,7.71999979019165,7.829999923706055,4.919997692108154,37580743
2014-01-20,7.71999979019165,7.75,7.619999885559082,7.690000057220459,4.832027912139893,22967865
2014-01-21,7.739999771118164,7.820000171661377,7.690000057220459,7.699999809265137,4.838311672210693,21544058
2014-01-22,7.71999979019165,7.949999809265137,7.679999828338623,7.860000133514404,4.93884801864624,15662448
2014-01-23,7.96999979019165,8.0,7.760000228881836,7.78000020980835,4.888580322265625,18615990
2014-01-24,7.699999809265137,7.940000057220459,7.659999847412109,7.769999980926514,4.882297039031982,15958000
2014-01-27,7.510000228881836,7.659999847412109,7.429999828338623,7.619999885559082,4.788043975830078,26182486
2014-01-28,7.619999885559082,7.659999847412109,7.400000095367432,7.480000019073486,4.700074672698975,36229952
2014-01-29,7.559999942779541,7.619999885559082,7.460000038146973,7.510000228881836,4.7189249992370605,16813236
2014-01-30,7.329999923706055,7.510000228881836,7.329999923706055,7.5,4.712640762329102,11446000
2014-02-04,7.329999923706055,7.369999885559082,7.260000228881836,7.340000152587891,4.612105369567871,20791483
2014-02-05,7.360000133514404,7.489999771118164,7.28000020980835,7.289999961853027,4.580687999725342,21448139
2014-02-06,7.349999904632568,7.630000114440918,7.300000190734863,7.510000228881836,4.7189249992370605,32660704
2014-02-07,7.579999923706055,7.849999904632568,7.409999847412109,7.78000020980835,4.888580322265625,42873280
2014-02-10,7.849999904632568,7.880000114440918,7.75,7.769999980926514,4.882297039031982,18701983
2014-02-11,7.639999866485596,7.789999961853027,7.639999866485596,7.699999809265137,4.838311672210693,15345246
2014-02-12,7.710000038146973,7.960000038146973,7.690000057220459,7.889999866485596,4.957698822021484,38634280
2014-02-13,7.920000076293945,7.920000076293945,7.760000228881836,7.800000190734863,4.901146411895752,16076483
2014-02-14,7.860000133514404,7.96999979019165,7.789999961853027,7.840000152587891,4.926280975341797,12286077
2014-02-17,7.849999904632568,7.929999828338623,7.75,7.789999961853027,4.894863128662109,11168000
2014-02-18,7.760000228881836,7.760000228881836,7.570000171661377,7.730000019073486,4.8571624755859375,14482987
2014-02-19,7.75,7.849999904632568,7.739999771118164,7.75,4.869729995727539,14018000
2014-02-20,7.650000095367432,7.840000152587891,7.570000171661377,7.71999979019165,4.8508782386779785,17215115
2014-02-21,7.78000020980835,7.78000020980835,7.610000133514404,7.659999847412109,4.813177585601807,14569256
2014-02-24,7.659999847412109,7.659999847412109,7.349999904632568,7.429999828338623,4.668656826019287,31840056
2014-02-25,7.5,7.53000020980835,7.329999923706055,7.400000095367432,4.649806022644043,13415126
2014-02-26,7.300000190734863,7.480000019073486,7.269999980926514,7.409999847412109,4.6560893058776855,19716825
2014-02-27,7.369999885559082,7.409999847412109,7.320000171661377,7.389999866485596,4.6435227394104,19167176
2014-02-28,7.320000171661377,7.53000020980835,7.320000171661377,7.400000095367432,4.649806022644043,22568504
2014-03-03,7.300000190734863,7.429999828338623,7.28000020980835,7.340000152587891,4.612105369567871,12228000
2014-03-04,7.300000190734863,7.349999904632568,7.25,7.300000190734863,4.586971282958984,22250000
2014-03-05,7.380000114440918,7.380000114440918,7.210000038146973,7.230000019073486,4.542985916137695,16461554
2014-03-06,7.210000038146973,7.309999942779541,7.130000114440918,7.210000038146973,4.530419826507568,21693636
2014-03-07,7.21999979019165,7.320000171661377,7.159999847412109,7.21999979019165,4.536702632904053,15380325
2014-03-10,7.130000114440918,7.130000114440918,6.980000019073486,7.070000171661377,4.442450046539307,36654300
2014-03-11,7.090000152587891,7.090000152587891,6.929999828338623,7.039999961853027,4.4235992431640625,14870412
2014-03-12,6.880000114440918,6.980000019073486,6.650000095367432,6.820000171661377,4.285362243652344,35088445
2014-03-13,6.880000114440918,7.0,6.800000190734863,6.849999904632568,4.30421257019043,14747858
2014-03-14,6.789999961853027,6.96999979019165,6.730000019073486,6.820000171661377,4.285362243652344,17226196
2014-03-17,6.71999979019165,7.079999923706055,6.71999979019165,7.0,4.398465633392334,15508511
2014-03-18,7.099999904632568,7.170000076293945,7.010000228881836,7.070000171661377,4.442450046539307,18081954
2014-03-19,7.059999942779541,7.150000095367432,7.010000228881836,7.130000114440918,4.480151176452637,9373052
2014-03-20,7.0,7.25,7.0,7.119999885559082,4.473866939544678,20703486
2014-03-21,7.179999828338623,7.329999923706055,7.150000095367432,7.239999771118164,4.549269199371338,31235882
2014-03-24,7.199999809265137,7.440000057220459,7.179999828338623,7.380000114440918,4.637238502502441,21254905
2014-03-25,7.349999904632568,7.5,7.340000152587891,7.429999828338623,4.668656826019287,20831198
2014-03-26,7.489999771118164,7.570000171661377,7.369999885559082,7.389999866485596,4.6435227394104,22703773
2014-03-27,7.5,7.579999923706055,7.440000057220459,7.5,4.712640762329102,33175278
2014-03-28,7.599999904632568,7.78000020980835,7.550000190734863,7.75,4.869729995727539,46957783
2014-03-31,7.809999942779541,7.949999809265137,7.679999828338623,7.78000020980835,4.888580322265625,36593538
2014-04-01,7.820000171661377,7.880000114440918,7.739999771118164,7.820000171661377,4.913713455200195,20350172
2014-04-02,7.880000114440918,7.989999771118164,7.75,7.889999866485596,4.957698822021484,36607446
2014-04-03,8.050000190734863,8.380000114440918,8.0,8.149999618530273,5.121070384979248,76686612
2014-04-04,8.260000228881836,8.260000228881836,7.920000076293945,8.100000381469727,5.089653015136719,32407272
2014-04-07,8.020000457763672,8.109999656677246,7.940000057220459,8.020000457763672,5.039384841918945,20561380
2014-04-08,8.029999732971191,8.270000457763672,8.029999732971191,8.149999618530273,5.121070384979248,27025602
2014-04-09,8.220000267028809,8.25,7.96999979019165,8.020000457763672,5.039384841918945,27317113
2014-04-10,8.079999923706055,8.420000076293945,7.920000076293945,8.100000381469727,5.089653015136719,50504737
2014-04-11,8.0600004196167,8.220000267028809,8.020000457763672,8.15999984741211,5.127353668212891,28765489
2014-04-14,8.180000305175781,8.25,7.96999979019165,8.069999694824219,5.070802688598633,20701680
2014-04-15,8.140000343322754,8.199999809265137,7.909999847412109,7.960000038146973,5.001683235168457,21033500
2014-04-16,7.989999771118164,8.170000076293945,7.909999847412109,7.940000057220459,4.989116668701172,22182000
2014-04-17,8.0,8.109999656677246,7.940000057220459,7.96999979019165,5.007966995239258,19968311
2014-04-22,7.900000095367432,7.900000095367432,7.510000228881836,7.760000228881836,4.876013278961182,27386640
2014-04-23,7.800000190734863,7.800000190734863,7.630000114440918,7.659999847412109,4.813177585601807,16412000
2014-04-24,7.78000020980835,7.78000020980835,7.599999904632568,7.639999866485596,4.800610065460205,15467000
2014-04-25,7.570000171661377,7.659999847412109,7.449999809265137,7.480000019073486,4.700074672698975,28642900
2014-04-28,7.389999866485596,7.53000020980835,7.349999904632568,7.409999847412109,4.6560893058776855,18513996
2014-04-29,7.389999866485596,7.46999979019165,7.25,7.380000114440918,4.637238502502441,16838020
2014-04-30,7.440000057220459,7.480000019073486,7.239999771118164,7.329999923706055,4.60582160949707,23934564
2014-05-02,7.519999980926514,7.519999980926514,7.28000020980835,7.320000171661377,4.599538326263428,17916565
2014-05-05,7.349999904632568,7.409999847412109,7.199999809265137,7.239999771118164,4.549269199371338,16845937
2014-05-07,7.239999771118164,7.260000228881836,7.03000020980835,7.090000152587891,4.455016613006592,28121618
2014-05-08,7.170000076293945,7.21999979019165,7.110000133514404,7.159999847412109,4.499001502990723,18406391
2014-05-09,7.179999828338623,7.210000038146973,7.099999904632568,7.139999866485596,4.486435413360596,14466621
2014-05-12,7.159999847412109,7.239999771118164,7.0,7.170000076293945,4.505285739898682,16580909
2014-05-13,7.179999828338623,7.309999942779541,7.159999847412109,7.230000019073486,4.542985916137695,14547592
2014-05-14,7.300000190734863,7.46999979019165,7.179999828338623,7.360000133514404,4.624671936035156,31101385
2014-05-15,7.369999885559082,7.380000114440918,7.21999979019165,7.239999771118164,4.549269199371338,16150718
2014-05-16,7.199999809265137,7.230000019073486,7.130000114440918,7.159999847412109,4.499001502990723,22842761
2014-05-19,7.099999904632568,7.139999866485596,7.059999942779541,7.130000114440918,4.480151176452637,10928317
2014-05-20,7.159999847412109,7.179999828338623,7.010000228881836,7.010000228881836,4.404748916625977,32014879
2014-05-21,6.940000057220459,7.090000152587891,6.789999961853027,7.019999980926514,4.411032676696777,32163135
2014-05-22,7.050000190734863,7.139999866485596,7.03000020980835,7.090000152587891,4.455016613006592,42439245
2014-05-23,7.079999923706055,7.21999979019165,7.050000190734863,7.130000114440918,4.480151176452637,28280000
2014-05-26,7.150000095367432,7.260000228881836,7.139999866485596,7.25,4.555553436279297,19783000
2014-05-27,7.28000020980835,7.28000020980835,7.179999828338623,7.25,4.555553436279297,19280434
2014-05-28,7.110000133514404,7.130000114440918,7.019999980926514,7.090000152587891,4.582180500030518,32399331
2014-05-29,7.059999942779541,7.119999885559082,6.949999809265137,6.989999771118164,4.517551422119141,27230003
2014-05-30,7.010000228881836,7.119999885559082,6.960000038146973,7.010000228881836,4.530477523803711,22476429
2014-06-03,7.150000095367432,7.150000095367432,7.019999980926514,7.070000171661377,4.5692548751831055,30477307
2014-06-04,7.099999904632568,7.139999866485596,7.019999980926514,7.03000020980835,4.543403625488281,15759663
2014-06-05,7.019999980926514,7.099999904632568,6.980000019073486,7.090000152587891,4.582180500030518,9176813
2014-06-06,7.119999885559082,7.119999885559082,7.019999980926514,7.039999961853027,4.549866199493408,11958000
2014-06-09,7.059999942779541,7.090000152587891,7.010000228881836,7.019999980926514,4.536940574645996,9675755
2014-06-10,7.070000171661377,7.090000152587891,6.989999771118164,7.070000171661377,4.5692548751831055,19110147
2014-06-11,7.070000171661377,7.090000152587891,7.0,7.03000020980835,4.543403625488281,17505640
2014-06-12,7.010000228881836,7.090000152587891,7.010000228881836,7.079999923706055,4.575717926025391,10782756
2014-06-13,7.039999961853027,7.079999923706055,7.010000228881836,7.039999961853027,4.549866199493408,20236231
2014-06-16,7.03000020980835,7.079999923706055,7.010000228881836,7.019999980926514,4.536940574645996,18609457
2014-06-17,7.019999980926514,7.039999961853027,6.909999847412109,6.940000057220459,4.4852375984191895,22378183
2014-06-18,6.940000057220459,6.980000019073486,6.889999866485596,6.920000076293945,4.4723124504089355,17957389
2014-06-19,6.920000076293945,7.0,6.760000228881836,6.820000171661377,4.407683372497559,40196400
2014-06-20,6.800000190734863,6.880000114440918,6.699999809265137,6.809999942779541,4.401218891143799,24984016
2014-06-23,6.800000190734863,6.900000095367432,6.78000020980835,6.809999942779541,4.401218891143799,22586662
2014-06-24,6.829999923706055,6.909999847412109,6.800000190734863,6.849999904632568,4.4270710945129395,17204546
2014-06-25,6.849999904632568,6.889999866485596,6.809999942779541,6.849999904632568,4.4270710945129395,11269549
2014-06-26,6.829999923706055,6.889999866485596,6.800000190734863,6.849999904632568,4.4270710945129395,7242000
2014-06-27,6.849999904632568,6.869999885559082,6.769999980926514,6.809999942779541,4.401218891143799,13345160
2014-06-30,6.809999942779541,6.869999885559082,6.789999961853027,6.829999923706055,4.414145469665527,8386097
2014-07-02,6.949999809265137,7.099999904632568,6.909999847412109,7.090000152587891,4.582180500030518,50585508
2014-07-03,7.150000095367432,7.28000020980835,7.110000133514404,7.260000228881836,4.692049026489258,41997737
2014-07-04,7.289999961853027,7.380000114440918,7.269999980926514,7.28000020980835,4.70497465133667,23469513
2014-07-07,7.269999980926514,7.300000190734863,7.179999828338623,7.190000057220459,4.6468095779418945,16433870
2014-07-08,7.150000095367432,7.239999771118164,7.150000095367432,7.190000057220459,4.6468095779418945,12065550
2014-07-09,7.139999866485596,7.150000095367432,7.03000020980835,7.070000171661377,4.5692548751831055,19206816
2014-07-10,7.130000114440918,7.139999866485596,7.039999961853027,7.130000114440918,4.6080322265625,17256250
2014-07-11,7.039999961853027,7.139999866485596,7.039999961853027,7.119999885559082,4.601568698883057,12424229
2014-07-14,7.159999847412109,7.28000020980835,7.110000133514404,7.199999809265137,4.6532721519470215,21254079
2014-07-15,7.349999904632568,7.570000171661377,7.260000228881836,7.559999942779541,4.8859357833862305,83587526
2014-07-16,7.650000095367432,7.929999828338623,7.650000095367432,7.800000190734863,5.041044235229492,134598860
2014-07-17,7.78000020980835,7.849999904632568,7.659999847412109,7.75,5.008730888366699,38728570
2014-07-18,7.650000095367432,7.739999771118164,7.599999904632568,7.639999866485596,4.937638282775879,25865431
2014-07-21,7.699999809265137,7.699999809265137,7.489999771118164,7.510000228881836,4.853621482849121,24141359
2014-07-22,7.5,7.679999828338623,7.5,7.630000114440918,4.93117618560791,32624400
2014-07-23,7.679999828338623,7.789999961853027,7.650000095367432,7.75,5.008730888366699,36510072
2014-07-24,7.710000038146973,7.800000190734863,7.630000114440918,7.789999961853027,5.034581661224365,33954120
2014-07-25,7.789999961853027,7.909999847412109,7.71999979019165,7.889999866485596,5.099210262298584,37483780
2014-07-28,7.900000095367432,8.029999732971191,7.889999866485596,7.960000038146973,5.144450664520264,45020043
2014-07-29,8.039999961853027,8.039999961853027,7.820000171661377,7.880000114440918,5.092748165130615,25597839
2014-07-30,7.920000076293945,7.96999979019165,7.75,7.809999942779541,5.047508239746094,35686262
2014-07-31,7.889999866485596,7.909999847412109,7.730000019073486,7.800000190734863,5.041044235229492,19935471
2014-08-01,7.639999866485596,7.789999961853027,7.610000133514404,7.670000076293945,4.957027435302734,21527538
2014-08-04,7.739999771118164,7.920000076293945,7.670000076293945,7.829999923706055,5.060433864593506,27942418
2014-08-05,7.800000190734863,7.860000133514404,7.730000019073486,7.78000020980835,5.028119087219238,20499738
2014-08-06,7.699999809265137,7.789999961853027,7.519999980926514,7.760000228881836,5.015193462371826,14433872
2014-08-07,7.690000057220459,7.800000190734863,7.630000114440918,7.650000095367432,4.944101810455322,14308381
2014-08-08,7.650000095367432,7.670000076293945,7.460000038146973,7.539999961853027,4.87300968170166,28652302
2014-08-11,7.610000133514404,7.699999809265137,7.610000133514404,7.650000095367432,4.944101810455322,15045195
2014-08-12,7.650000095367432,7.710000038146973,7.579999923706055,7.650000095367432,4.944101810455322,13775828
2014-08-13,7.679999828338623,7.769999980926514,7.599999904632568,7.75,5.008730888366699,21224054
2014-08-14,7.75,7.75,7.650000095367432,7.679999828338623,4.963490009307861,16306387
2014-08-15,7.730000019073486,7.800000190734863,7.690000057220459,7.730000019073486,4.995804786682129,21817268
2014-08-18,7.75,7.75,7.570000171661377,7.630000114440918,4.93117618560791,22198956
2014-08-19,7.650000095367432,7.679999828338623,7.579999923706055,7.630000114440918,4.93117618560791,12175879
2014-08-20,7.630000114440918,7.659999847412109,7.570000171661377,7.590000152587891,4.905324935913086,10702000
2014-08-21,7.590000152587891,7.590000152587891,7.460000038146973,7.510000228881836,4.853621482849121,21560000
2014-08-22,7.46999979019165,7.619999885559082,7.46999979019165,7.53000020980835,4.866547107696533,13524829
2014-08-25,7.510000228881836,7.53000020980835,7.420000076293945,7.449999809265137,4.814844608306885,22878382
2014-08-26,7.460000038146973,7.53000020980835,7.179999828338623,7.28000020980835,4.70497465133667,49844108
2014-08-27,7.260000228881836,7.309999942779541,7.199999809265137,7.25,4.685586452484131,28189204
2014-08-28,7.25,7.269999980926514,7.099999904632568,7.150000095367432,4.620957374572754,26766800
2014-08-29,7.110000133514404,7.150000095367432,7.079999923706055,7.119999885559082,4.601568698883057,29078041
2014-09-01,7.130000114440918,7.139999866485596,7.070000171661377,7.110000133514404,4.5951056480407715,13421000
2014-09-02,7.190000057220459,7.480000019073486,7.170000076293945,7.400000095367432,4.782529354095459,63364967
2014-09-03,7.409999847412109,7.75,7.389999866485596,7.690000057220459,4.9699530601501465,76642126
2014-09-04,7.659999847412109,7.829999923706055,7.619999885559082,7.710000038146973,4.982879161834717,31729259
2014-09-05,7.730000019073486,7.78000020980835,7.619999885559082,7.710000038146973,4.982879161834717,31308718
2014-09-08,7.75,7.760000228881836,7.679999828338623,7.710000038146973,4.982879161834717,15779228
2014-09-10,7.599999904632568,7.599999904632568,7.400000095367432,7.489999771118164,4.840696334838867,26229952
2014-09-11,7.510000228881836,7.539999961853027,7.409999847412109,7.480000019073486,4.834232807159424,16183792
2014-09-12,7.480000019073486,7.5,7.389999866485596,7.440000057220459,4.808380603790283,18073334
2014-09-15,7.389999866485596,7.46999979019165,7.380000114440918,7.429999828338623,4.8019185066223145,10609279
2014-09-16,7.420000076293945,7.449999809265137,7.329999923706055,7.349999904632568,4.750215530395508,12380903
2014-09-17,7.409999847412109,7.53000020980835,7.360000133514404,7.400000095367432,4.782529354095459,13785552
2014-09-18,7.360000133514404,7.369999885559082,7.28000020980835,7.369999885559082,4.763140678405762,12530537
2014-09-19,7.400000095367432,7.489999771118164,7.300000190734863,7.349999904632568,4.750215530395508,16486741
2014-09-22,7.289999961853027,7.320000171661377,7.130000114440918,7.230000019073486,4.672660827636719,26264000
2014-09-23,7.199999809265137,7.289999961853027,7.139999866485596,7.230000019073486,4.672660827636719,15254000
2014-09-24,7.199999809265137,7.360000133514404,7.159999847412109,7.289999961853027,4.711438179016113,16132100
2014-09-25,7.28000020980835,7.349999904632568,7.199999809265137,7.21999979019165,4.666197776794434,15301132
2014-09-26,7.179999828338623,7.25,7.150000095367432,7.190000057220459,4.6468095779418945,17762236
2014-09-29,7.099999904632568,7.139999866485596,6.960000038146973,7.130000114440918,4.6080322265625,31175438
2014-09-30,7.050000190734863,7.070000171661377,6.929999828338623,7.039999961853027,4.549866199493408,32446929
2014-10-03,6.989999771118164,7.199999809265137,6.909999847412109,7.099999904632568,4.588643550872803,26339375
2014-10-06,7.099999904632568,7.21999979019165,7.03000020980835,7.130000114440918,4.6080322265625,17062813
2014-10-07,7.159999847412109,7.210000038146973,7.130000114440918,7.190000057220459,4.6468095779418945,10700904
2014-10-08,7.099999904632568,7.230000019073486,7.090000152587891,7.210000038146973,4.659735679626465,11693690
2014-10-09,7.210000038146973,7.25,7.079999923706055,7.150000095367432,4.620957374572754,36233991
2014-10-10,7.03000020980835,7.130000114440918,7.03000020980835,7.090000152587891,4.582180500030518,25488582
2014-10-13,7.03000020980835,7.090000152587891,6.960000038146973,7.050000190734863,4.556329250335693,26377903
2014-10-14,7.0,7.110000133514404,6.96999979019165,6.980000019073486,4.511088848114014,31300865
2014-10-15,6.989999771118164,7.099999904632568,6.96999979019165,7.039999961853027,4.549866199493408,16740000
2014-10-16,7.010000228881836,7.059999942779541,6.949999809265137,7.019999980926514,4.536940574645996,19504000
2014-10-17,7.039999961853027,7.079999923706055,6.900000095367432,7.050000190734863,4.556329250335693,20993571
2014-10-20,7.099999904632568,7.179999828338623,7.03000020980835,7.059999942779541,4.562792778015137,13328627
2014-10-21,7.050000190734863,7.099999904632568,7.0,7.03000020980835,4.543403625488281,15966073
2014-10-22,7.050000190734863,7.119999885559082,7.03000020980835,7.050000190734863,4.556329250335693,18513371
2014-10-23,6.989999771118164,7.079999923706055,6.989999771118164,7.050000190734863,4.556329250335693,10816479
2014-10-24,7.03000020980835,7.059999942779541,6.989999771118164,7.010000228881836,4.530477523803711,10043871
2014-10-27,7.079999923706055,7.079999923706055,6.909999847412109,7.0,4.524014472961426,10545559
2014-10-28,6.949999809265137,7.119999885559082,6.949999809265137,7.090000152587891,4.582180500030518,36550280
2014-10-29,7.150000095367432,7.25,7.150000095367432,7.21999979019165,4.666197776794434,27514000
2014-10-30,7.25,7.25,7.130000114440918,7.170000076293945,4.633883953094482,11954100
2014-10-31,7.210000038146973,7.28000020980835,7.170000076293945,7.190000057220459,4.6468095779418945,19833952
2014-11-03,7.199999809265137,7.25,7.150000095367432,7.179999828338623,4.640346527099609,10001200
2014-11-04,7.139999866485596,7.340000152587891,7.119999885559082,7.28000020980835,4.70497465133667,28881249
2014-11-05,7.300000190734863,7.369999885559082,7.230000019073486,7.289999961853027,4.711438179016113,19411058
2014-11-06,7.329999923706055,7.340000152587891,7.179999828338623,7.320000171661377,4.7308268547058105,15671922
2014-11-07,7.320000171661377,7.400000095367432,7.25,7.28000020980835,4.70497465133667,14408464
2014-11-10,7.389999866485596,7.440000057220459,7.320000171661377,7.380000114440918,4.769603729248047,30471855
2014-11-11,7.400000095367432,7.420000076293945,7.239999771118164,7.289999961853027,4.711438179016113,13754678
2014-11-12,7.28000020980835,7.380000114440918,7.230000019073486,7.300000190734863,4.717901229858398,10228999
2014-11-13,7.289999961853027,7.380000114440918,7.260000228881836,7.340000152587891,4.743752956390381,11808326
2014-11-14,7.309999942779541,7.400000095367432,7.289999961853027,7.380000114440918,4.769603729248047,12058000
2014-11-17,7.440000057220459,7.440000057220459,7.21999979019165,7.260000228881836,4.692049026489258,12080000
2014-11-18,7.260000228881836,7.28000020980835,7.130000114440918,7.179999828338623,4.640346527099609,9678339
2014-11-19,7.119999885559082,7.25,7.110000133514404,7.159999847412109,4.627420425415039,7815545
2014-11-20,7.230000019073486,7.230000019073486,7.110000133514404,7.159999847412109,4.627420425415039,10772440
2014-11-21,7.130000114440918,7.21999979019165,7.110000133514404,7.199999809265137,4.6532721519470215,9243625
2014-11-24,7.599999904632568,7.599999904632568,7.460000038146973,7.46999979019165,4.827769756317139,63718720
2014-11-25,7.510000228881836,7.510000228881836,7.400000095367432,7.400000095367432,4.782529354095459,16766170
2014-11-26,7.400000095367432,7.579999923706055,7.400000095367432,7.539999961853027,4.87300968170166,18701946
2014-11-27,7.599999904632568,7.659999847412109,7.449999809265137,7.489999771118164,4.840696334838867,16444640
2014-11-28,7.46999979019165,7.619999885559082,7.409999847412109,7.579999923706055,4.898861408233643,31581548
2014-12-01,7.579999923706055,7.579999923706055,7.360000133514404,7.420000076293945,4.795455455780029,19657279
2014-12-02,7.46999979019165,7.5,7.389999866485596,7.460000038146973,4.821307182312012,15284504
2014-12-03,7.460000038146973,7.71999979019165,7.409999847412109,7.429999828338623,4.8019185066223145,37598930
2014-12-04,7.440000057220459,7.619999885559082,7.440000057220459,7.590000152587891,4.905324935913086,43077288
2014-12-05,7.639999866485596,7.679999828338623,7.46999979019165,7.559999942779541,4.8859357833862305,38646637
2014-12-08,7.519999980926514,7.619999885559082,7.460000038146973,7.550000190734863,4.879473686218262,21095554
2014-12-09,7.46999979019165,7.849999904632568,7.369999885559082,7.449999809265137,4.814844608306885,69130024
2014-12-10,7.429999828338623,7.519999980926514,7.380000114440918,7.440000057220459,4.808380603790283,32541879
2014-12-11,7.349999904632568,7.429999828338623,7.329999923706055,7.400000095367432,4.782529354095459,19269539
2014-12-12,7.46999979019165,7.510000228881836,7.349999904632568,7.369999885559082,4.763140678405762,10177985
2014-12-15,7.320000171661377,7.400000095367432,7.289999961853027,7.380000114440918,4.769603729248047,9299571
2014-12-16,7.300000190734863,7.320000171661377,7.159999847412109,7.230000019073486,4.672660827636719,21211482
2014-12-17,7.28000020980835,7.309999942779541,7.170000076293945,7.210000038146973,4.659735679626465,16264601
2014-12-18,7.230000019073486,7.369999885559082,7.230000019073486,7.28000020980835,4.70497465133667,12626786
2014-12-19,7.400000095367432,7.420000076293945,7.210000038146973,7.289999961853027,4.711438179016113,16324425
2014-12-22,7.320000171661377,7.429999828338623,7.269999980926514,7.300000190734863,4.717901229858398,27365700
2014-12-23,7.300000190734863,7.389999866485596,7.28000020980835,7.28000020980835,4.70497465133667,13678661
2014-12-24,7.369999885559082,7.369999885559082,7.230000019073486,7.239999771118164,4.679123401641846,7163255
2014-12-29,7.329999923706055,7.420000076293945,7.300000190734863,7.349999904632568,4.750215530395508,13684046
2014-12-30,7.389999866485596,7.599999904632568,7.360000133514404,7.460000038146973,4.821307182312012,40126037
2014-12-31,7.460000038146973,7.559999942779541,7.460000038146973,7.539999961853027,4.87300968170166,9666800
2015-01-02,7.510000228881836,7.800000190734863,7.510000228881836,7.78000020980835,5.028119087219238,44810697
2015-01-05,7.710000038146973,8.050000190734863,7.670000076293945,7.980000019073486,5.157376289367676,90691056
2015-01-06,7.880000114440918,7.940000057220459,7.75,7.909999847412109,5.112137317657471,34027208
2015-01-07,7.849999904632568,7.960000038146973,7.809999942779541,7.849999904632568,5.07335901260376,24605701
2015-01-08,7.980000019073486,8.079999923706055,7.769999980926514,7.909999847412109,5.112137317657471,40364929
2015-01-09,7.920000076293945,8.050000190734863,7.800000190734863,7.860000133514404,5.079822063446045,44294004
2015-01-12,7.849999904632568,7.929999828338623,7.690000057220459,7.809999942779541,5.047508239746094,25615900
2015-01-13,7.730000019073486,7.840000152587891,7.690000057220459,7.78000020980835,5.028119087219238,19974135
2015-01-14,7.840000152587891,7.840000152587891,7.650000095367432,7.730000019073486,4.995804786682129,15234000
2015-01-15,7.699999809265137,7.809999942779541,7.659999847412109,7.78000020980835,5.028119087219238,22614760
2015-01-16,7.730000019073486,7.739999771118164,7.590000152587891,7.670000076293945,4.957027435302734,17063444
2015-01-19,7.75,7.75,7.25,7.460000038146973,4.821307182312012,33145379
2015-01-20,7.599999904632568,7.690000057220459,7.460000038146973,7.559999942779541,4.8859357833862305,21750764
2015-01-21,7.590000152587891,7.690000057220459,7.53000020980835,7.650000095367432,4.944101810455322,16852222
2015-01-22,7.619999885559082,7.769999980926514,7.619999885559082,7.679999828338623,4.963490009307861,22282768
2015-01-23,7.730000019073486,7.880000114440918,7.579999923706055,7.710000038146973,4.982879161834717,32071525
2015-01-26,7.71999979019165,7.71999979019165,7.599999904632568,7.659999847412109,4.950564384460449,11469668
2015-01-27,7.659999847412109,7.659999847412109,7.519999980926514,7.610000133514404,4.91825008392334,23256357
2015-01-28,7.559999942779541,7.610000133514404,7.519999980926514,7.599999904632568,4.911787033081055,12210366
2015-01-29,7.550000190734863,7.550000190734863,7.349999904632568,7.510000228881836,4.853621482849121,23724456
2015-01-30,7.559999942779541,7.559999942779541,7.420000076293945,7.489999771118164,4.840696334838867,12005777
2015-02-02,7.380000114440918,7.429999828338623,7.309999942779541,7.400000095367432,4.782529354095459,22305345
2015-02-03,7.400000095367432,7.46999979019165,7.320000171661377,7.420000076293945,4.795455455780029,12075004
2015-02-04,7.480000019073486,7.5,7.400000095367432,7.409999847412109,4.788991928100586,14459852
2015-02-05,7.5,7.610000133514404,7.349999904632568,7.400000095367432,4.782529354095459,20829708
2015-02-06,7.380000114440918,7.460000038146973,7.340000152587891,7.400000095367432,4.782529354095459,12645709
2015-02-09,7.349999904632568,7.480000019073486,7.340000152587891,7.380000114440918,4.769603729248047,6774722
2015-02-10,7.340000152587891,7.429999828338623,7.320000171661377,7.389999866485596,4.77606725692749,6027300
2015-02-11,7.409999847412109,7.440000057220459,7.340000152587891,7.369999885559082,4.763140678405762,7643647
2015-02-12,7.340000152587891,7.5,7.320000171661377,7.460000038146973,4.821307182312012,14287300
2015-02-13,7.5,7.550000190734863,7.460000038146973,7.5,4.847157955169678,6425472
2015-02-16,7.449999809265137,7.539999961853027,7.420000076293945,7.519999980926514,4.860084056854248,6636611
2015-02-17,7.550000190734863,7.559999942779541,7.449999809265137,7.489999771118164,4.840696334838867,7533159
2015-02-18,7.510000228881836,7.550000190734863,7.449999809265137,7.510000228881836,4.853621482849121,4425150
2015-02-23,7.429999828338623,7.550000190734863,7.420000076293945,7.53000020980835,4.866547107696533,9283538
2015-02-24,7.519999980926514,7.579999923706055,7.460000038146973,7.489999771118164,4.840696334838867,5613593
2015-02-25,7.539999961853027,7.610000133514404,7.480000019073486,7.599999904632568,4.911787033081055,13086630
2015-02-26,7.639999866485596,7.679999828338623,7.46999979019165,7.619999885559082,4.924713134765625,17228000
2015-02-27,7.630000114440918,7.630000114440918,7.539999961853027,7.590000152587891,4.905324935913086,10084173
2015-03-02,7.699999809265137,7.699999809265137,7.559999942779541,7.610000133514404,4.91825008392334,13716007
2015-03-03,7.590000152587891,7.599999904632568,7.380000114440918,7.460000038146973,4.821307182312012,15837936
2015-03-04,7.380000114440918,7.449999809265137,7.300000190734863,7.300000190734863,4.717901229858398,19486286
2015-03-05,7.300000190734863,7.380000114440918,7.260000228881836,7.289999961853027,4.711438179016113,15467466
2015-03-06,7.380000114440918,7.380000114440918,7.269999980926514,7.300000190734863,4.717901229858398,9707430
2015-03-09,7.230000019073486,7.320000171661377,7.210000038146973,7.25,4.685586452484131,9595012
2015-03-10,7.21999979019165,7.340000152587891,7.21999979019165,7.289999961853027,4.711438179016113,10309896
2015-03-11,7.269999980926514,7.320000171661377,7.179999828338623,7.21999979019165,4.666197776794434,13752824
2015-03-12,7.239999771118164,7.369999885559082,7.21999979019165,7.239999771118164,4.679123401641846,7900304
2015-03-13,7.21999979019165,7.320000171661377,7.21999979019165,7.289999961853027,4.711438179016113,9225031
2015-03-16,7.170000076293945,7.320000171661377,7.170000076293945,7.260000228881836,4.692049026489258,11727841
2015-03-17,7.300000190734863,7.349999904632568,7.28000020980835,7.300000190734863,4.717901229858398,11154843
2015-03-18,7.380000114440918,7.480000019073486,7.300000190734863,7.440000057220459,4.808380603790283,24113287
2015-03-19,7.5,7.579999923706055,7.480000019073486,7.559999942779541,4.8859357833862305,24872216
2015-03-20,7.599999904632568,7.639999866485596,7.559999942779541,7.579999923706055,4.898861408233643,17906000
2015-03-23,7.650000095367432,7.650000095367432,7.519999980926514,7.590000152587891,4.905324935913086,12042239
2015-03-24,7.559999942779541,7.590000152587891,7.46999979019165,7.489999771118164,4.840696334838867,15446640
2015-03-25,7.539999961853027,7.539999961853027,7.369999885559082,7.389999866485596,4.77606725692749,18094750
2015-03-26,7.389999866485596,7.550000190734863,7.309999942779541,7.449999809265137,4.814844608306885,19574487
2015-03-27,7.480000019073486,7.550000190734863,7.449999809265137,7.510000228881836,4.853621482849121,10566047
2015-03-30,7.650000095367432,7.75,7.510000228881836,7.670000076293945,4.957027435302734,38935931
2015-03-31,7.800000190734863,8.0,7.710000038146973,7.71999979019165,4.9893412590026855,51680093
2015-04-01,7.769999980926514,7.869999885559082,7.769999980926514,7.800000190734863,5.041044235229492,18223371
2015-04-02,7.900000095367432,7.940000057220459,7.829999923706055,7.880000114440918,5.092748165130615,29845935
2015-04-08,8.039999961853027,8.489999771118164,8.0,8.479999542236328,5.480519771575928,97787707
2015-04-09,8.800000190734863,9.470000267028809,8.680000305175781,8.729999542236328,5.642092704772949,119691515
2015-04-10,9.0,9.149999618530273,8.739999771118164,8.989999771118164,5.810127258300781,73250672
2015-04-13,9.100000381469727,9.819999694824219,9.100000381469727,9.65999984741211,6.243141174316406,144683623
2015-04-14,9.289999961853027,9.739999771118164,9.010000228881836,9.109999656677246,5.887681007385254,81659600
2015-04-15,9.149999618530273,9.300000190734863,8.829999923706055,8.899999618530273,5.7519612312316895,71745220
2015-04-16,8.899999618530273,9.229999542236328,8.819999694824219,9.149999618530273,5.913533687591553,50845688
2015-04-17,9.300000190734863,9.65999984741211,9.15999984741211,9.430000305175781,6.094493865966797,76354736
2015-04-20,9.399999618530273,9.600000381469727,8.949999809265137,8.960000038146973,5.790738582611084,66763902
2015-04-21,9.199999809265137,9.289999961853027,9.039999961853027,9.170000076293945,5.926459789276123,36654307
2015-04-22,9.25,9.539999961853027,9.199999809265137,9.5,6.139734745025635,46298176
2015-04-23,9.640000343322754,9.850000381469727,9.479999542236328,9.550000190734863,6.172048568725586,64644869
2015-04-24,9.600000381469727,9.699999809265137,9.220000267028809,9.600000381469727,6.204362392425537,39556536
2015-04-27,9.699999809265137,9.800000190734863,9.619999885559082,9.739999771118164,6.294842720031738,40537860
2015-04-28,9.699999809265137,9.789999961853027,9.399999618530273,9.59000015258789,6.19789981842041,30646351
2015-04-29,9.600000381469727,9.619999885559082,9.380000114440918,9.390000343322754,6.0686421394348145,36378730
2015-04-30,9.300000190734863,9.520000457763672,9.239999771118164,9.4399995803833,6.100956916809082,54432231
2015-05-04,9.25,9.550000190734863,9.25,9.40999984741211,6.081567764282227,43880923
2015-05-05,9.539999961853027,9.550000190734863,9.069999694824219,9.09000015258789,5.874755859375,46020139
2015-05-06,9.069999694824219,9.130000114440918,8.600000381469727,8.739999771118164,5.648555278778076,60273831
2015-05-07,8.579999923706055,8.619999885559082,8.350000381469727,8.5,5.493446350097656,44141825
2015-05-08,8.579999923706055,8.75,8.5,8.699999809265137,5.6227030754089355,33138663
2015-05-11,8.899999618530273,8.920000076293945,8.609999656677246,8.739999771118164,5.648555278778076,25288239
2015-05-12,8.729999542236328,8.739999771118164,8.539999961853027,8.600000381469727,5.558075904846191,26408562
2015-05-13,8.600000381469727,8.600000381469727,8.40999984741211,8.470000267028809,5.474058151245117,28207353
2015-05-14,8.510000228881836,8.800000190734863,8.470000267028809,8.670000076293945,5.6033148765563965,42204329
2015-05-15,8.8100004196167,8.859999656677246,8.65999984741211,8.75,5.655018329620361,34955828
2015-05-18,8.800000190734863,8.800000190734863,8.5,8.699999809265137,5.6227030754089355,22496827
2015-05-19,8.739999771118164,8.859999656677246,8.649999618530273,8.800000190734863,5.6873321533203125,33976695
2015-05-20,8.90999984741211,8.90999984741211,8.6899995803833,8.729999542236328,5.642092704772949,15801145
2015-05-21,8.789999961853027,8.789999961853027,8.579999923706055,8.579999923706055,5.545149803161621,15772750
2015-05-22,8.609999656677246,8.779999732971191,8.600000381469727,8.729999542236328,5.642092704772949,16141939
2015-05-26,8.979999542236328,9.149999618530273,8.800000190734863,8.829999923706055,5.70672082901001,30328027
2015-05-27,8.75,8.800000190734863,8.609999656677246,8.619999885559082,5.706257343292236,15934863
2015-05-28,8.550000190734863,8.729999542236328,8.210000038146973,8.34000015258789,5.520903587341309,43211211
2015-05-29,8.40999984741211,8.479999542236328,8.210000038146973,8.270000457763672,5.4745659828186035,29401731
2015-06-01,8.270000457763672,8.4399995803833,8.180000305175781,8.359999656677246,5.534142971038818,21641315
2015-06-02,8.399999618530273,8.430000305175781,8.140000343322754,8.180000305175781,5.414987564086914,24149599
2015-06-03,8.149999618530273,8.300000190734863,8.109999656677246,8.119999885559082,5.375268936157227,16183892
2015-06-04,8.15999984741211,8.199999809265137,7.909999847412109,8.100000381469727,5.362029075622559,39632239
2015-06-05,8.010000228881836,8.15999984741211,7.909999847412109,7.980000019073486,5.282590866088867,21548128
2015-06-08,7.909999847412109,8.0,7.860000133514404,7.949999809265137,5.262732028961182,20422849
2015-06-09,7.809999942779541,7.920000076293945,7.659999847412109,7.710000038146973,5.103857517242432,35688047
2015-06-10,7.739999771118164,7.889999866485596,7.650000095367432,7.730000019073486,5.117096900939941,27373000
2015-06-11,7.840000152587891,7.840000152587891,7.599999904632568,7.699999809265137,5.0972371101379395,21363329
2015-06-12,7.699999809265137,7.880000114440918,7.619999885559082,7.820000171661377,5.1766743659973145,33565235
2015-06-15,7.820000171661377,7.820000171661377,7.659999847412109,7.75,5.130336761474609,12815198
2015-06-16,7.78000020980835,7.78000020980835,7.5,7.539999961853027,4.9913201332092285,26483879
2015-06-17,7.53000020980835,7.710000038146973,7.480000019073486,7.599999904632568,5.031039237976074,21472236
2015-06-18,7.510000228881836,7.75,7.5,7.53000020980835,4.984700679779053,18635541
2015-06-19,7.599999904632568,7.690000057220459,7.409999847412109,7.510000228881836,4.971461296081543,16482207
2015-06-22,7.510000228881836,7.619999885559082,7.429999828338623,7.5,4.964840888977051,16324083
2015-06-23,7.519999980926514,7.679999828338623,7.510000228881836,7.610000133514404,5.037659168243408,30446863
2015-06-24,7.610000133514404,7.71999979019165,7.579999923706055,7.679999828338623,5.0839972496032715,33673125
2015-06-25,7.659999847412109,7.659999847412109,7.53000020980835,7.590000152587891,5.024420261383057,22876373
2015-06-26,7.550000190734863,7.550000190734863,7.320000171661377,7.409999847412109,4.9052629470825195,29805413
2015-06-29,7.400000095367432,7.409999847412109,7.059999942779541,7.25,4.799346923828125,42712968
2015-06-30,7.340000152587891,7.380000114440918,7.110000133514404,7.329999923706055,4.852304935455322,25504386
2015-07-02,7.110000133514404,7.309999942779541,7.090000152587891,7.170000076293945,4.746388912200928,21879071
2015-07-03,7.159999847412109,7.25,7.039999961853027,7.130000114440918,4.71990966796875,26217800
2015-07-06,7.179999828338623,7.230000019073486,6.639999866485596,6.840000152587891,4.527935981750488,52688839
2015-07-07,6.860000133514404,6.860000133514404,6.400000095367432,6.449999809265137,4.269763469696045,51185406
2015-07-08,6.199999809265137,6.25,5.690000057220459,5.849999904632568,3.8725757598876953,87648366
2015-07-09,6.139999866485596,6.449999809265137,5.900000095367432,6.380000114440918,4.223425388336182,52457700
2015-07-10,6.409999847412109,6.679999828338623,6.340000152587891,6.489999771118164,4.2962422370910645,52531468
2015-07-13,6.489999771118164,6.690000057220459,6.329999923706055,6.659999847412109,4.408779144287109,31200091
2015-07-14,6.510000228881836,6.670000076293945,6.369999885559082,6.449999809265137,4.269763469696045,28900932
2015-07-15,6.510000228881836,6.550000190734863,6.230000019073486,6.320000171661377,4.183706760406494,19932493
2015-07-16,6.199999809265137,6.380000114440918,6.159999847412109,6.300000190734863,4.170466899871826,15293500
2015-07-17,6.309999942779541,6.5,6.309999942779541,6.46999979019165,4.283003807067871,18873000
2015-07-20,6.449999809265137,6.570000171661377,6.309999942779541,6.389999866485596,4.230043888092041,17686814
2015-07-21,6.389999866485596,6.449999809265137,6.300000190734863,6.360000133514404,4.210186004638672,15131999
2015-07-22,6.300000190734863,6.389999866485596,6.150000095367432,6.190000057220459,4.097649574279785,29408279
2015-07-23,6.230000019073486,6.400000095367432,6.199999809265137,6.389999866485596,4.230043888092041,31086500
2015-07-24,6.320000171661377,6.409999847412109,6.25,6.300000190734863,4.170466899871826,19303166
2015-07-27,6.239999771118164,6.239999771118164,5.920000076293945,5.949999809265137,3.938774347305298,46189402
2015-07-28,5.900000095367432,6.110000133514404,5.760000228881836,5.820000171661377,3.8527169227600098,35235450
2015-07-29,5.889999866485596,5.96999979019165,5.809999942779541,5.900000095367432,3.9056754112243652,16927850
2015-07-30,5.909999847412109,6.03000020980835,5.849999904632568,5.909999847412109,3.91229510307312,18354680
2015-07-31,5.960000038146973,6.010000228881836,5.820000171661377,5.869999885559082,3.8858163356781006,13740776
2015-08-03,5.840000152587891,6.039999961853027,5.71999979019165,5.940000057220459,3.932154417037964,15988968
2015-08-04,5.96999979019165,6.059999942779541,5.869999885559082,5.960000038146973,3.9453940391540527,18717393
2015-08-05,5.960000038146973,6.389999866485596,5.960000038146973,6.320000171661377,4.183706760406494,55354259
2015-08-06,6.320000171661377,6.489999771118164,6.239999771118164,6.480000019073486,4.289623260498047,45550143
2015-08-07,6.349999904632568,6.550000190734863,6.300000190734863,6.420000076293945,4.249904155731201,36485718
2015-08-10,6.409999847412109,6.679999828338623,6.239999771118164,6.559999942779541,4.342581272125244,44222018
2015-08-11,6.650000095367432,6.869999885559082,6.519999980926514,6.619999885559082,4.382299900054932,51596171
2015-08-12,6.550000190734863,6.559999942779541,6.300000190734863,6.440000057220459,4.263144016265869,27707137
2015-08-13,6.5,6.630000114440918,6.360000133514404,6.559999942779541,4.342581272125244,26926100
2015-08-14,6.429999828338623,6.480000019073486,6.260000228881836,6.340000152587891,4.196946144104004,28268695
2015-08-17,6.25,6.369999885559082,6.150000095367432,6.300000190734863,4.170466899871826,16491200
2015-08-18,6.309999942779541,6.449999809265137,6.190000057220459,6.340000152587891,4.196946144104004,28417086
2015-08-19,6.289999961853027,6.429999828338623,6.159999847412109,6.260000228881836,4.14398717880249,19494446
2015-08-20,6.260000228881836,6.260000228881836,5.909999847412109,6.0,3.9718735218048096,29381411
2015-08-21,5.78000020980835,5.949999809265137,5.730000019073486,5.840000152587891,3.865957021713257,26723344
2015-08-24,5.579999923706055,5.690000057220459,5.289999961853027,5.389999866485596,3.568066358566284,39494251
2015-08-25,5.21999979019165,5.360000133514404,4.239999771118164,4.590000152587891,3.038483142852783,143351661
2015-08-26,4.599999904632568,4.699999809265137,4.369999885559082,4.380000114440918,2.899467706680298,91767339
2015-08-27,4.539999961853027,4.619999885559082,4.480000019073486,4.570000171661377,3.0252439975738525,66664373
2015-08-28,4.670000076293945,4.800000190734863,4.579999923706055,4.579999923706055,3.031863212585449,56507670
2015-08-31,4.639999866485596,4.650000095367432,4.360000133514404,4.519999980926514,2.9921443462371826,33382720
2015-09-01,4.570000171661377,4.570000171661377,4.25,4.300000190734863,2.8465094566345215,36276770
2015-09-02,4.289999961853027,4.289999961853027,4.099999904632568,4.110000133514404,2.720733165740967,44799767
2015-09-04,4.099999904632568,4.239999771118164,4.059999942779541,4.150000095367432,2.7472121715545654,30182487
2015-09-07,4.110000133514404,4.329999923706055,4.110000133514404,4.159999847412109,2.7538323402404785,19391556
2015-09-08,4.230000019073486,4.440000057220459,4.190000057220459,4.380000114440918,2.899467706680298,35240959
2015-09-09,4.449999809265137,4.679999828338623,4.449999809265137,4.650000095367432,3.07820200920105,45714286
2015-09-10,4.559999942779541,4.900000095367432,4.5,4.880000114440918,3.230456590652466,66003403
2015-09-11,4.949999809265137,5.119999885559082,4.800000190734863,4.809999942779541,3.1841182708740234,51113072
2015-09-14,4.900000095367432,4.989999771118164,4.699999809265137,4.760000228881836,3.15101957321167,20034769
2015-09-15,4.809999942779541,4.809999942779541,4.639999866485596,4.670000076293945,3.0914413928985596,15668925
2015-09-16,4.71999979019165,4.849999904632568,4.690000057220459,4.730000019073486,3.131160259246826,26167537
2015-09-17,4.789999961853027,4.900000095367432,4.75,4.760000228881836,3.15101957321167,31359975
2015-09-18,4.760000228881836,4.900000095367432,4.760000228881836,4.860000133514404,3.217217445373535,19917428
2015-09-21,4.75,4.849999904632568,4.710000038146973,4.760000228881836,3.15101957321167,15441076
2015-09-22,4.760000228881836,4.860000133514404,4.670000076293945,4.679999828338623,3.0980613231658936,23241982
2015-09-23,4.619999885559082,4.679999828338623,4.380000114440918,4.53000020980835,2.9987642765045166,36762615
2015-09-24,4.559999942779541,4.610000133514404,4.480000019073486,4.510000228881836,2.985524892807007,19928438
2015-09-25,4.510000228881836,4.699999809265137,4.510000228881836,4.670000076293945,3.0914413928985596,22258567
2015-09-29,4.440000057220459,4.550000190734863,4.409999847412109,4.449999809265137,2.945805788040161,26744740
2015-09-30,4.460000038146973,4.570000171661377,4.429999828338623,4.460000038146973,2.952425956726074,19744960
2015-10-02,4.559999942779541,4.849999904632568,4.53000020980835,4.820000171661377,3.1907382011413574,32807117
2015-10-05,4.900000095367432,5.0,4.739999771118164,4.800000190734863,3.1774983406066895,21137303
2015-10-06,4.889999866485596,4.889999866485596,4.760000228881836,4.820000171661377,3.1907382011413574,13527374
2015-10-07,4.769999980926514,4.949999809265137,4.730000019073486,4.929999828338623,3.2635560035705566,25264680
2015-10-08,4.929999828338623,5.0,4.809999942779541,4.960000038146973,3.2834150791168213,18879194
2015-10-09,5.03000020980835,5.150000095367432,5.019999980926514,5.090000152587891,3.3694727420806885,24864254
2015-10-12,5.130000114440918,5.300000190734863,5.130000114440918,5.25,3.4753894805908203,22280209
2015-10-13,5.260000228881836,5.260000228881836,5.079999923706055,5.170000076293945,3.422430992126465,17706915
2015-10-14,5.059999942779541,5.119999885559082,5.019999980926514,5.050000190734863,3.3429934978485107,17080652
2015-10-15,5.099999904632568,5.21999979019165,5.079999923706055,5.150000095367432,3.409191370010376,17439404
2015-10-16,5.230000019073486,5.28000020980835,5.110000133514404,5.150000095367432,3.409191370010376,23530589
2015-10-19,5.199999809265137,5.210000038146973,5.110000133514404,5.170000076293945,3.422430992126465,11595448
2015-10-20,5.119999885559082,5.150000095367432,5.03000020980835,5.079999923706055,3.3628523349761963,9381324
2015-10-22,4.96999979019165,4.96999979019165,4.760000228881836,4.829999923706055,3.1973583698272705,34358000
2015-10-23,4.909999847412109,4.949999809265137,4.860000133514404,4.920000076293945,3.2569358348846436,17659948
2015-10-26,5.0,5.050000190734863,4.900000095367432,4.980000019073486,3.296654224395752,12375286
2015-10-27,5.0,5.0,4.860000133514404,4.920000076293945,3.2569358348846436,11772716
2015-10-28,4.909999847412109,4.909999847412109,4.760000228881836,4.820000171661377,3.1907382011413574,12523233
2015-10-29,4.900000095367432,4.909999847412109,4.820000171661377,4.840000152587891,3.2039778232574463,12657169
2015-10-30,4.869999885559082,4.900000095367432,4.769999980926514,4.849999904632568,3.210597276687622,13731002
2015-11-02,4.699999809265137,4.760000228881836,4.599999904632568,4.639999866485596,3.0715818405151367,23802000
2015-11-03,4.75,4.789999961853027,4.630000114440918,4.659999847412109,3.0848212242126465,15399838
2015-11-04,4.659999847412109,4.829999923706055,4.630000114440918,4.699999809265137,3.111300468444824,19472847
2015-11-05,4.690000057220459,4.730000019073486,4.659999847412109,4.690000057220459,3.1046810150146484,16979226
2015-11-06,4.639999866485596,4.679999828338623,4.599999904632568,4.630000114440918,3.064962387084961,18084705
2015-11-09,4.519999980926514,4.619999885559082,4.519999980926514,4.550000190734863,3.0120041370391846,17169471
2015-11-10,4.5,4.519999980926514,4.409999847412109,4.460000038146973,2.952425956726074,26527879
2015-11-11,4.440000057220459,4.440000057220459,4.329999923706055,4.360000133514404,2.886228084564209,45330263
2015-11-12,4.340000152587891,4.449999809265137,4.28000020980835,4.380000114440918,2.899467706680298,34844000
2015-11-13,4.340000152587891,4.349999904632568,4.230000019073486,4.28000020980835,2.8332695960998535,23313802
2015-11-16,4.210000038146973,4.239999771118164,4.159999847412109,4.199999809265137,2.780311107635498,19554539
2015-11-17,4.309999942779541,4.309999942779541,4.190000057220459,4.210000038146973,2.786931037902832,17812247
2015-11-18,4.190000057220459,4.25,4.099999904632568,4.179999828338623,2.767071485519409,13289410
2015-11-19,4.21999979019165,4.28000020980835,4.199999809265137,4.239999771118164,2.8067901134490967,13715820
2015-11-20,4.25,4.489999771118164,4.210000038146973,4.480000019073486,2.965665340423584,30614816
2015-11-23,4.489999771118164,4.570000171661377,4.340000152587891,4.389999866485596,2.9060869216918945,29045276
2015-11-24,4.420000076293945,4.420000076293945,4.260000228881836,4.309999942779541,2.853128671646118,12260192
2015-11-25,4.349999904632568,4.349999904632568,4.199999809265137,4.210000038146973,2.786931037902832,21544002
2015-11-26,4.239999771118164,4.300000190734863,4.170000076293945,4.210000038146973,2.786931037902832,12681311
2015-11-27,4.25,4.25,4.110000133514404,4.159999847412109,2.7538323402404785,30001741
2015-11-30,4.159999847412109,4.21999979019165,4.099999904632568,4.159999847412109,2.7538323402404785,28832963
2015-12-01,4.230000019073486,4.230000019073486,4.119999885559082,4.130000114440918,2.7339727878570557,30248044
2015-12-02,4.170000076293945,4.320000171661377,4.119999885559082,4.25,2.8134102821350098,42009908
2015-12-03,4.210000038146973,4.239999771118164,4.150000095367432,4.179999828338623,2.767071485519409,16973900
2015-12-04,4.130000114440918,4.150000095367432,4.099999904632568,4.099999904632568,2.714113235473633,20732229
2015-12-07,4.110000133514404,4.170000076293945,4.050000190734863,4.070000171661377,2.694253921508789,23447074
2015-12-08,4.079999923706055,4.079999923706055,3.859999895095825,3.930000066757202,2.601577043533325,32895904
2015-12-09,3.799999952316284,3.9200000762939453,3.799999952316284,3.859999895095825,2.5552382469177246,18377360
2015-12-10,3.859999895095825,3.880000114440918,3.6500000953674316,3.690000057220459,2.442701816558838,45720853
2015-12-11,3.7300000190734863,3.740000009536743,3.549999952316284,3.619999885559082,2.3963632583618164,32515529
2015-12-14,3.5,3.640000104904175,3.4200000762939453,3.630000114440918,2.4029831886291504,19329184
2015-12-15,3.6700000762939453,3.6700000762939453,3.549999952316284,3.569999933242798,2.363264799118042,25009750
2015-12-16,3.640000104904175,3.6500000953674316,3.5799999237060547,3.5899999141693115,2.3765041828155518,16557826
2015-12-17,3.6500000953674316,3.740000009536743,3.5999999046325684,3.6500000953674316,2.4162230491638184,18203600
2015-12-18,3.630000114440918,3.6700000762939453,3.569999933242798,3.6500000953674316,2.4162230491638184,14540872
2015-12-21,3.569999933242798,3.8499999046325684,3.559999942779541,3.819999933242798,2.528759002685547,22894643
2015-12-22,3.799999952316284,3.940000057220459,3.799999952316284,3.809999942779541,2.522139549255371,18197546
2015-12-23,3.8399999141693115,3.9200000762939453,3.799999952316284,3.890000104904175,2.5750977993011475,14450320
2015-12-24,3.9700000286102295,3.9700000286102295,3.9200000762939453,3.940000057220459,2.608196973800659,5448000
2015-12-28,3.940000057220459,3.9800000190734863,3.8399999141693115,3.859999895095825,2.5552382469177246,10718020
2015-12-29,3.819999933242798,3.890000104904175,3.809999942779541,3.8499999046325684,2.5486185550689697,8466660
2015-12-30,3.9000000953674316,3.9000000953674316,3.7300000190734863,3.740000009536743,2.4758009910583496,12274046
2015-12-31,3.7699999809265137,3.7699999809265137,3.700000047683716,3.7200000286102295,2.4625611305236816,7602000
2016-01-04,3.7100000381469727,3.7300000190734863,3.569999933242798,3.619999885559082,2.3963632583618164,29508359
2016-01-05,3.619999885559082,3.640000104904175,3.430000066757202,3.5399999618530273,2.343405246734619,48582232
2016-01-06,3.5,3.5399999618530273,3.440000057220459,3.5,2.3169260025024414,22097348
2016-01-07,3.5,3.5,3.5,3.5,2.3169260025024414,0
2016-01-08,3.559999942779541,3.5799999237060547,3.4200000762939453,3.549999952316284,2.350025177001953,35062812
2016-01-11,3.5,3.509999990463257,3.299999952316284,3.3299999237060547,2.2043895721435547,49511785
2016-01-12,3.369999885559082,3.4100000858306885,3.299999952316284,3.319999933242798,2.197770118713379,17250670
2016-01-13,3.359999895095825,3.440000057220459,3.299999952316284,3.3399999141693115,2.2110095024108887,20295971
2016-01-14,3.2799999713897705,3.3499999046325684,3.2300000190734863,3.3399999141693115,2.2110095024108887,19981932
2016-01-15,3.309999942779541,3.369999885559082,3.190000057220459,3.2200000286102295,2.1315720081329346,21934286
2016-01-18,3.190000057220459,3.2799999713897705,3.140000104904175,3.200000047683716,2.1183323860168457,20277084
2016-01-19,3.200000047683716,3.3499999046325684,3.190000057220459,3.3299999237060547,2.2043895721435547,22538000
2016-01-20,3.2799999713897705,3.2899999618530273,3.069999933242798,3.1500000953674316,2.085233449935913,31232842
2016-01-21,3.1600000858306885,3.25,3.049999952316284,3.069999933242798,2.0322749614715576,20453000
2016-01-22,3.180000066757202,3.2899999618530273,3.130000114440918,3.1600000858306885,2.091853380203247,30146708
2016-01-25,3.2200000286102295,3.2699999809265137,3.200000047683716,3.2300000190734863,2.1381914615631104,18824000
2016-01-26,3.3299999237060547,3.369999885559082,3.119999885559082,3.1700000762939453,2.098473072052002,54503000
2016-01-27,3.2799999713897705,3.299999952316284,3.1500000953674316,3.200000047683716,2.1183323860168457,24338000
2016-01-28,3.180000066757202,3.240000009536743,3.119999885559082,3.180000066757202,2.105093002319336,17219240
2016-01-29,3.200000047683716,3.2699999809265137,3.140000104904175,3.2200000286102295,2.1315720081329346,16688228
2016-02-01,3.2200000286102295,3.240000009536743,3.180000066757202,3.2100000381469727,2.1249520778656006,15720000
2016-02-02,3.190000057220459,3.2200000286102295,3.130000114440918,3.190000057220459,2.111712694168091,13134795
2016-02-03,3.130000114440918,3.140000104904175,2.9700000286102295,3.069999933242798,2.0322749614715576,24231104
2016-02-04,3.069999933242798,3.130000114440918,3.0299999713897705,3.069999933242798,2.0322749614715576,12382179
2016-02-05,3.059999942779541,3.190000057220459,3.059999942779541,3.1500000953674316,2.085233449935913,12195758
2016-02-11,3.0,3.119999885559082,2.9700000286102295,3.049999952316284,2.0190351009368896,14276771
2016-02-12,3.0299999713897705,3.0999999046325684,2.9800000190734863,3.009999990463257,1.9925563335418701,18873457
2016-02-15,3.049999952316284,3.180000066757202,3.049999952316284,3.1500000953674316,2.085233449935913,28118279
2016-02-16,3.180000066757202,3.299999952316284,3.1700000762939453,3.25,2.1514315605163574,25066105
2016-02-17,3.2799999713897705,3.440000057220459,3.2699999809265137,3.390000104904175,2.2441086769104004,31076445
2016-02-18,3.509999990463257,3.5799999237060547,3.4700000286102295,3.490000009536743,2.3103063106536865,25947210
2016-02-19,3.490000009536743,3.5899999141693115,3.4800000190734863,3.549999952316284,2.350025177001953,15089359
2016-02-22,3.5999999046325684,3.6500000953674316,3.509999990463257,3.559999942779541,2.356644630432129,12068000
2016-02-23,3.559999942779541,3.5799999237060547,3.4600000381469727,3.5,2.3169260025024414,13392000
2016-02-24,3.5,3.5,3.359999895095825,3.4800000190734863,2.3036863803863525,14727643
2016-02-25,3.5199999809265137,3.569999933242798,3.390000104904175,3.440000057220459,2.277207374572754,18304112
2016-02-26,3.5999999046325684,3.619999885559082,3.440000057220459,3.4800000190734863,2.3036863803863525,20506925
2016-02-29,3.5,3.5,3.4000000953674316,3.440000057220459,2.277207374572754,12996879
2016-03-01,3.490000009536743,3.680000066757202,3.440000057220459,3.6600000858306885,2.4228427410125732,34482727
2016-03-02,3.680000066757202,3.9200000762939453,3.680000066757202,3.8399999141693115,2.5419986248016357,46457336
2016-03-03,3.869999885559082,3.9700000286102295,3.7899999618530273,3.859999895095825,2.5552382469177246,24641159
2016-03-04,3.940000057220459,3.940000057220459,3.8499999046325684,3.9000000953674316,2.5817172527313232,38514737
2016-03-07,3.930000066757202,3.9800000190734863,3.8399999141693115,3.8399999141693115,2.5419986248016357,26173626
2016-03-08,3.8399999141693115,3.9200000762939453,3.799999952316284,3.9000000953674316,2.5817172527313232,29604041
2016-03-09,3.8299999237060547,3.859999895095825,3.700000047683716,3.75,2.4824204444885254,23075961
2016-03-10,3.7799999713897705,3.859999895095825,3.640000104904175,3.690000057220459,2.442701816558838,20632409
2016-03-11,3.700000047683716,3.8299999237060547,3.6700000762939453,3.8299999237060547,2.535378932952881,22139691
2016-03-14,3.8499999046325684,3.9600000381469727,3.8399999141693115,3.8499999046325684,2.5486185550689697,26951826
2016-03-15,3.819999933242798,3.869999885559082,3.759999990463257,3.7899999618530273,2.5088999271392822,11747002
2016-03-16,3.8499999046325684,3.8499999046325684,3.759999990463257,3.809999942779541,2.522139549255371,13629599
2016-03-17,3.859999895095825,3.930000066757202,3.8299999237060547,3.9000000953674316,2.5817172527313232,16417639
2016-03-18,3.930000066757202,4.019999980926514,3.869999885559082,3.9600000381469727,2.621436357498169,32291162
2016-03-21,3.9600000381469727,3.9600000381469727,3.8499999046325684,3.869999885559082,2.5618581771850586,17745000
2016-03-22,3.869999885559082,3.869999885559082,3.75,3.799999952316284,2.515519618988037,29650080
2016-03-23,3.799999952316284,3.819999933242798,3.7300000190734863,3.799999952316284,2.515519618988037,11938961
2016-03-24,3.7300000190734863,3.7799999713897705,3.6600000858306885,3.740000009536743,2.4758009910583496,21611360
2016-03-29,3.7799999713897705,3.7799999713897705,3.509999990463257,3.5299999713897705,2.3367857933044434,33581919
2016-03-30,3.5899999141693115,3.619999885559082,3.490000009536743,3.5399999618530273,2.343405246734619,32253101
2016-03-31,3.569999933242798,3.609999895095825,3.5399999618530273,3.5999999046325684,2.3831238746643066,32921421
2016-04-01,3.6500000953674316,3.690000057220459,3.569999933242798,3.640000104904175,2.4096028804779053,26226000
2016-04-05,3.5999999046325684,3.75,3.5799999237060547,3.7200000286102295,2.4625611305236816,31945468
2016-04-06,3.7200000286102295,3.7699999809265137,3.700000047683716,3.740000009536743,2.4758009910583496,16050527
2016-04-07,3.7799999713897705,3.7799999713897705,3.690000057220459,3.759999990463257,2.4890403747558594,14847556
2016-04-08,3.700000047683716,3.799999952316284,3.6700000762939453,3.7899999618530273,2.5088999271392822,13004881
2016-04-11,3.7200000286102295,4.110000133514404,3.700000047683716,4.110000133514404,2.720733165740967,53038970
2016-04-12,4.099999904632568,4.239999771118164,4.079999923706055,4.199999809265137,2.780311107635498,40316840
2016-04-13,4.25,4.400000095367432,4.21999979019165,4.360000133514404,2.886228084564209,60504273
2016-04-14,4.480000019073486,4.53000020980835,4.329999923706055,4.420000076293945,2.9259467124938965,43289897
2016-04-15,4.440000057220459,4.449999809265137,4.269999980926514,4.340000152587891,2.87298846244812,22755853
2016-04-18,4.289999961853027,4.320000171661377,4.230000019073486,4.309999942779541,2.853128671646118,16401758
2016-04-19,4.380000114440918,4.440000057220459,4.320000171661377,4.389999866485596,2.9060869216918945,24920397
2016-04-20,4.489999771118164,4.489999771118164,4.300000190734863,4.389999866485596,2.9060869216918945,23391075
2016-04-21,4.420000076293945,4.460000038146973,4.300000190734863,4.329999923706055,2.866368532180786,16014553
2016-04-22,4.309999942779541,4.309999942779541,4.099999904632568,4.170000076293945,2.7604517936706543,22260516
2016-04-25,4.099999904632568,4.159999847412109,4.050000190734863,4.110000133514404,2.720733165740967,17349404
2016-04-26,4.179999828338623,4.179999828338623,3.9600000381469727,4.039999961853027,2.6743946075439453,24024442
2016-04-27,4.059999942779541,4.090000152587891,3.9800000190734863,4.070000171661377,2.694253921508789,9132598
2016-04-28,4.119999885559082,4.159999847412109,4.019999980926514,4.050000190734863,2.6810145378112793,11518865
2016-04-29,4.019999980926514,4.110000133514404,3.930000066757202,4.019999980926514,2.6611552238464355,15055620
2016-05-03,4.050000190734863,4.050000190734863,3.940000057220459,4.010000228881836,2.6545355319976807,30572079
2016-05-04,4.03000020980835,4.070000171661377,3.869999885559082,3.9100000858306885,2.5883371829986572,20959867
2016-05-05,3.8499999046325684,3.9200000762939453,3.7699999809265137,3.7899999618530273,2.5088999271392822,22232257
2016-05-06,3.7899999618530273,3.809999942779541,3.6500000953674316,3.6700000762939453,2.4294626712799072,24724000
2016-05-09,3.759999990463257,3.759999990463257,3.559999942779541,3.569999933242798,2.363264799118042,24744379
2016-05-10,3.569999933242798,3.640000104904175,3.509999990463257,3.5399999618530273,2.343405246734619,24525516
2016-05-11,3.5799999237060547,3.619999885559082,3.5,3.5299999713897705,2.3367857933044434,17385956
2016-05-12,3.549999952316284,3.609999895095825,3.5,3.569999933242798,2.363264799118042,15186900
2016-05-13,3.559999942779541,3.569999933242798,3.4600000381469727,3.490000009536743,2.3103063106536865,12145357
2016-05-16,3.440000057220459,3.5399999618530273,3.3299999237060547,3.5,2.3169260025024414,14269062
2016-05-17,3.5199999809265137,3.559999942779541,3.490000009536743,3.5399999618530273,2.343405246734619,12057346
2016-05-18,3.5,3.5,3.4100000858306885,3.430000066757202,2.270587682723999,11292933
2016-05-19,3.430000066757202,3.490000009536743,3.4000000953674316,3.4200000762939453,2.263967990875244,8818000
2016-05-20,3.380000114440918,3.4700000286102295,3.380000114440918,3.4200000762939453,2.263967990875244,7339429
2016-05-23,3.4600000381469727,3.5299999713897705,3.4100000858306885,3.440000057220459,2.277207374572754,7615357
2016-05-24,3.4800000190734863,3.4800000190734863,3.4000000953674316,3.430000066757202,2.270587682723999,6447433
2016-05-25,3.509999990463257,3.6500000953674316,3.509999990463257,3.609999895095825,2.3897435665130615,23854000
2016-05-26,3.609999895095825,3.640000104904175,3.5199999809265137,3.549999952316284,2.350025177001953,12974197
2016-05-27,3.549999952316284,3.6500000953674316,3.509999990463257,3.5799999237060547,2.3698842525482178,13253654
2016-05-30,3.5799999237060547,3.5899999141693115,3.5,3.5199999809265137,2.3301656246185303,15971849
2016-05-31,3.5,3.619999885559082,3.4700000286102295,3.5299999713897705,2.3662285804748535,28750284
2016-06-01,3.549999952316284,3.5899999141693115,3.450000047683716,3.4700000286102295,2.326009511947632,12803758
2016-06-02,3.490000009536743,3.5199999809265137,3.4200000762939453,3.450000047683716,2.312603235244751,10379758
2016-06-03,3.4700000286102295,3.490000009536743,3.430000066757202,3.4700000286102295,2.326009511947632,11796287
2016-06-06,3.5,3.559999942779541,3.450000047683716,3.549999952316284,2.3796353340148926,14406000
2016-06-07,3.5899999141693115,3.7200000286102295,3.5799999237060547,3.700000047683716,2.4801831245422363,28676678
2016-06-08,3.6700000762939453,3.759999990463257,3.6500000953674316,3.7300000190734863,2.5002925395965576,15148661
2016-06-10,3.740000009536743,3.740000009536743,3.5999999046325684,3.609999895095825,2.4198544025421143,15809958
2016-06-13,3.5199999809265137,3.549999952316284,3.380000114440918,3.440000057220459,2.3059000968933105,23504848
2016-06-14,3.4100000858306885,3.4600000381469727,3.3499999046325684,3.359999895095825,2.252274513244629,17843405
2016-06-15,3.3299999237060547,3.4000000953674316,3.319999933242798,3.359999895095825,2.252274513244629,15694312
2016-06-16,3.3399999141693115,3.359999895095825,3.240000009536743,3.299999952316284,2.212054967880249,22542770
2016-06-17,3.3399999141693115,3.380000114440918,3.319999933242798,3.369999885559082,2.2589776515960693,7660642
2016-06-20,3.430000066757202,3.450000047683716,3.369999885559082,3.440000057220459,2.3059000968933105,9917758
2016-06-21,3.440000057220459,3.4600000381469727,3.3499999046325684,3.4100000858306885,2.2857906818389893,11171500
2016-06-22,3.369999885559082,3.450000047683716,3.369999885559082,3.4100000858306885,2.2857906818389893,10211648
2016-06-23,3.430000066757202,3.4800000190734863,3.390000104904175,3.4700000286102295,2.326009511947632,9754632
2016-06-24,3.390000104904175,3.5,3.2100000381469727,3.3299999237060547,2.2321646213531494,26651320
2016-06-27,3.2799999713897705,3.380000114440918,3.2799999713897705,3.3499999046325684,2.2455708980560303,13070000
2016-06-28,3.299999952316284,3.299999952316284,3.2300000190734863,3.2799999713897705,2.1986489295959473,19653060
2016-06-29,3.299999952316284,3.380000114440918,3.299999952316284,3.3499999046325684,2.2455708980560303,13694458
2016-06-30,3.390000104904175,3.4200000762939453,3.359999895095825,3.380000114440918,2.265681028366089,10521748
2016-07-04,3.4100000858306885,3.5199999809265137,3.390000104904175,3.4800000190734863,2.3327126502990723,20055670
2016-07-05,3.5,3.5899999141693115,3.450000047683716,3.4600000381469727,2.3193063735961914,20815550
2016-07-06,3.450000047683716,3.450000047683716,3.359999895095825,3.4000000953674316,2.2790870666503906,11141718
2016-07-07,3.450000047683716,3.4800000190734863,3.4200000762939453,3.430000066757202,2.29919695854187,9631516
2016-07-08,3.4200000762939453,3.430000066757202,3.3499999046325684,3.4000000953674316,2.2790870666503906,6870254
2016-07-11,3.4800000190734863,3.490000009536743,3.430000066757202,3.4600000381469727,2.3193063735961914,9060490
2016-07-12,3.490000009536743,3.630000114440918,3.4600000381469727,3.5999999046325684,2.413151264190674,30071469
2016-07-13,3.6500000953674316,3.700000047683716,3.609999895095825,3.640000104904175,2.4399640560150146,23448012
2016-07-14,3.6700000762939453,3.7200000286102295,3.5999999046325684,3.700000047683716,2.4801831245422363,21761494
2016-07-15,3.7300000190734863,3.759999990463257,3.6700000762939453,3.740000009536743,2.506995677947998,27280000
2016-07-18,3.7200000286102295,3.799999952316284,3.700000047683716,3.7699999809265137,2.5271055698394775,19025339
2016-07-19,3.7699999809265137,3.7699999809265137,3.640000104904175,3.6600000858306885,2.4533700942993164,11990960
2016-07-20,3.6600000858306885,3.700000047683716,3.630000114440918,3.6500000953674316,2.446667432785034,7784000
2016-07-21,3.6500000953674316,3.7100000381469727,3.630000114440918,3.680000066757202,2.4667768478393555,13996045
2016-07-22,3.630000114440918,3.6700000762939453,3.5899999141693115,3.619999885559082,2.4265575408935547,13785989
2016-07-25,3.6500000953674316,3.6500000953674316,3.559999942779541,3.619999885559082,2.4265575408935547,11342708
2016-07-26,3.5899999141693115,3.75,3.5799999237060547,3.619999885559082,2.4265575408935547,17869370
2016-07-27,3.680000066757202,3.690000057220459,3.5999999046325684,3.6600000858306885,2.4533700942993164,15062668
2016-07-28,3.630000114440918,3.630000114440918,3.559999942779541,3.609999895095825,2.4198544025421143,14185892
2016-07-29,3.619999885559082,3.619999885559082,3.509999990463257,3.559999942779541,2.386338472366333,17591100
2016-08-01,3.609999895095825,3.640000104904175,3.559999942779541,3.5899999141693115,2.4064478874206543,10998506
2016-08-02,3.5899999141693115,3.5899999141693115,3.5899999141693115,3.5899999141693115,2.4064478874206543,0
2016-08-03,3.549999952316284,3.5799999237060547,3.450000047683716,3.509999990463257,2.3528225421905518,13976723
2016-08-04,3.5399999618530273,3.569999933242798,3.5,3.5299999713897705,2.3662285804748535,10965655
2016-08-05,3.549999952316284,3.640000104904175,3.549999952316284,3.630000114440918,2.433260679244995,20793200
2016-08-08,3.6700000762939453,3.759999990463257,3.6500000953674316,3.7300000190734863,2.5002925395965576,23935150
2016-08-09,3.7699999809265137,3.7699999809265137,3.690000057220459,3.7300000190734863,2.5002925395965576,12567758
2016-08-10,3.75,3.75,3.6500000953674316,3.680000066757202,2.4667768478393555,15068000
2016-08-11,3.690000057220459,3.7200000286102295,3.640000104904175,3.6700000762939453,2.460073709487915,22162128
2016-08-12,3.7100000381469727,3.759999990463257,3.680000066757202,3.7200000286102295,2.4935896396636963,24592675
2016-08-15,3.700000047683716,3.759999990463257,3.6500000953674316,3.7300000190734863,2.5002925395965576,51401924
2016-08-16,3.75,3.8399999141693115,3.7300000190734863,3.740000009536743,2.506995677947998,39444208
2016-08-17,3.759999990463257,3.7699999809265137,3.630000114440918,3.6600000858306885,2.4533700942993164,27922569
2016-08-18,3.680000066757202,3.7100000381469727,3.609999895095825,3.630000114440918,2.433260679244995,26793900
2016-08-19,3.6500000953674316,3.7100000381469727,3.6500000953674316,3.6700000762939453,2.460073709487915,39592049
2016-08-22,3.7100000381469727,3.819999933242798,3.559999942779541,3.819999933242798,2.560621738433838,51018000
2016-08-23,3.799999952316284,4.0,3.680000066757202,3.8399999141693115,2.5740280151367188,121575996
2016-08-24,3.869999885559082,3.9000000953674316,3.759999990463257,3.7899999618530273,2.5405120849609375,47417552
2016-08-25,3.799999952316284,3.809999942779541,3.7200000286102295,3.75,2.5136992931365967,21113320
2016-08-26,3.7699999809265137,3.809999942779541,3.7300000190734863,3.809999942779541,2.5539183616638184,17412000
2016-08-29,3.799999952316284,3.799999952316284,3.7300000190734863,3.7699999809265137,2.5271055698394775,33756000
2016-08-30,3.7799999713897705,3.799999952316284,3.609999895095825,3.619999885559082,2.4265575408935547,62771060
2016-08-31,3.619999885559082,3.6600000858306885,3.5,3.5,2.3461191654205322,49688648
2016-09-01,3.5,3.5199999809265137,3.4600000381469727,3.4600000381469727,2.3193063735961914,36032800
2016-09-02,3.5,3.509999990463257,3.4200000762939453,3.4800000190734863,2.3327126502990723,164334443
2016-09-05,3.5199999809265137,3.619999885559082,3.5199999809265137,3.5999999046325684,2.413151264190674,57042044
2016-09-06,3.5999999046325684,3.640000104904175,3.549999952316284,3.5899999141693115,2.4064478874206543,47331023
2016-09-07,3.5999999046325684,3.619999885559082,3.5799999237060547,3.5899999141693115,2.4064478874206543,26632078
2016-09-08,3.619999885559082,3.619999885559082,3.569999933242798,3.5899999141693115,2.4064478874206543,23634145
2016-09-09,3.609999895095825,3.700000047683716,3.609999895095825,3.630000114440918,2.433260679244995,56908835
2016-09-12,3.5799999237060547,3.5799999237060547,3.5,3.5,2.3461191654205322,29499544
2016-09-13,3.5299999713897705,3.559999942779541,3.450000047683716,3.450000047683716,2.312603235244751,22966102
2016-09-14,3.4800000190734863,3.490000009536743,3.4100000858306885,3.430000066757202,2.29919695854187,17912300
2016-09-15,3.450000047683716,3.4800000190734863,3.4100000858306885,3.450000047683716,2.312603235244751,18047450
2016-09-19,3.450000047683716,3.4700000286102295,3.4200000762939453,3.4700000286102295,2.326009511947632,23257080
2016-09-20,3.4700000286102295,3.4800000190734863,3.4200000762939453,3.4200000762939453,2.2924938201904297,13816000
2016-09-21,3.450000047683716,3.4700000286102295,3.380000114440918,3.430000066757202,2.29919695854187,18938000
2016-09-22,3.4600000381469727,3.559999942779541,3.450000047683716,3.4600000381469727,2.3193063735961914,28802500
2016-09-23,3.490000009536743,3.490000009536743,3.4100000858306885,3.440000057220459,2.3059000968933105,13321397
2016-09-26,3.440000057220459,3.4600000381469727,3.3499999046325684,3.369999885559082,2.2589776515960693,24082768
2016-09-27,3.369999885559082,3.390000104904175,3.3299999237060547,3.3399999141693115,2.238868236541748,32568000
2016-09-28,3.359999895095825,3.390000104904175,3.319999933242798,3.380000114440918,2.265681028366089,12980000
2016-09-29,3.390000104904175,3.430000066757202,3.380000114440918,3.4100000858306885,2.2857906818389893,17836000
2016-09-30,3.380000114440918,3.440000057220459,3.3499999046325684,3.440000057220459,2.3059000968933105,18446000
2016-10-03,3.4700000286102295,3.5,3.4000000953674316,3.5,2.3461191654205322,27484000
2016-10-04,3.5,3.5399999618530273,3.4700000286102295,3.5,2.3461191654205322,15217777
2016-10-05,3.509999990463257,3.5799999237060547,3.509999990463257,3.5399999618530273,2.372931957244873,24153514
2016-10-06,3.559999942779541,3.630000114440918,3.559999942779541,3.630000114440918,2.433260679244995,31930219
2016-10-07,3.5999999046325684,3.630000114440918,3.5199999809265137,3.559999942779541,2.386338472366333,22103680
2016-10-11,3.559999942779541,3.5999999046325684,3.4700000286102295,3.5,2.3461191654205322,17992000
2016-10-12,3.4700000286102295,3.509999990463257,3.369999885559082,3.440000057220459,2.3059000968933105,30187503
2016-10-13,3.440000057220459,3.4600000381469727,3.380000114440918,3.390000104904175,2.2723841667175293,15986736
2016-10-14,3.430000066757202,3.440000057220459,3.4000000953674316,3.430000066757202,2.29919695854187,15566000
2016-10-17,3.440000057220459,3.450000047683716,3.4000000953674316,3.4100000858306885,2.2857906818389893,7400000
2016-10-18,3.430000066757202,3.5,3.4200000762939453,3.4800000190734863,2.3327126502990723,17359000
2016-10-19,3.490000009536743,3.5199999809265137,3.440000057220459,3.4800000190734863,2.3327126502990723,11454073
2016-10-20,3.5199999809265137,3.5199999809265137,3.4600000381469727,3.4600000381469727,2.3193063735961914,17886985
2016-10-21,3.4600000381469727,3.4600000381469727,3.4600000381469727,3.4600000381469727,2.3193063735961914,0
2016-10-24,3.4600000381469727,3.559999942779541,3.4600000381469727,3.5399999618530273,2.372931957244873,23444300
2016-10-25,3.549999952316284,3.640000104904175,3.549999952316284,3.640000104904175,2.4399640560150146,43997408
2016-10-26,3.630000114440918,3.630000114440918,3.569999933242798,3.609999895095825,2.4198544025421143,18890000
2016-10-27,3.630000114440918,3.630000114440918,3.549999952316284,3.5799999237060547,2.399744987487793,8869000
2016-10-28,3.559999942779541,3.609999895095825,3.5299999713897705,3.5299999713897705,2.3662285804748535,15222807
2016-10-31,3.5299999713897705,3.569999933242798,3.4600000381469727,3.549999952316284,2.3796353340148926,11898390
2016-11-01,3.569999933242798,3.619999885559082,3.5399999618530273,3.5999999046325684,2.413151264190674,15974000
2016-11-02,3.5799999237060547,3.619999885559082,3.5399999618530273,3.5399999618530273,2.372931957244873,14057820
2016-11-03,3.559999942779541,3.619999885559082,3.5299999713897705,3.569999933242798,2.3930416107177734,12002476
2016-11-04,3.5799999237060547,3.640000104904175,3.5799999237060547,3.630000114440918,2.433260679244995,19116552
2016-11-07,3.630000114440918,3.799999952316284,3.609999895095825,3.759999990463257,2.520402193069458,44265846
2016-11-08,3.7699999809265137,3.8399999141693115,3.7699999809265137,3.8299999237060547,2.567324638366699,46604524
2016-11-09,3.8299999237060547,3.890000104904175,3.6600000858306885,3.8299999237060547,2.567324638366699,64594938
2016-11-10,3.859999895095825,3.9800000190734863,3.859999895095825,3.9600000381469727,2.654466390609741,49693494
2016-11-11,3.9200000762939453,4.159999847412109,3.9100000858306885,4.130000114440918,2.768420696258545,63810640
2016-11-14,4.099999904632568,4.230000019073486,3.9800000190734863,3.990000009536743,2.6745760440826416,68342963
2016-11-15,3.990000009536743,4.039999961853027,3.9100000858306885,3.9600000381469727,2.654466390609741,29140580
2016-11-16,3.9800000190734863,4.019999980926514,3.930000066757202,3.9800000190734863,2.667872667312622,14245579
2016-11-17,4.010000228881836,4.010000228881836,3.8399999141693115,3.9000000953674316,2.6142470836639404,32874068
2016-11-18,3.880000114440918,3.9000000953674316,3.819999933242798,3.880000114440918,2.6008408069610596,21665176
2016-11-21,3.859999895095825,3.940000057220459,3.8499999046325684,3.880000114440918,2.6008408069610596,9075215
2016-11-22,3.9100000858306885,4.0,3.9000000953674316,3.9200000762939453,2.6276538372039795,14432000
2016-11-23,3.9200000762939453,3.990000009536743,3.880000114440918,3.880000114440918,2.6008408069610596,12533133
2016-11-24,3.9000000953674316,3.940000057220459,3.8399999141693115,3.930000066757202,2.63435697555542,15216000
2016-11-25,3.950000047683716,4.130000114440918,3.9000000953674316,4.130000114440918,2.768420696258545,27424029
2016-11-28,4.130000114440918,4.170000076293945,4.050000190734863,4.090000152587891,2.741607904434204,22477940
2016-11-29,4.099999904632568,4.139999866485596,4.039999961853027,4.039999961853027,2.7080917358398438,20490540
2016-11-30,4.039999961853027,4.099999904632568,3.9200000762939453,3.9200000762939453,2.6276538372039795,41580880
2016-12-01,3.9800000190734863,4.03000020980835,3.940000057220459,4.010000228881836,2.6879825592041016,16368105
2016-12-02,4.019999980926514,4.070000171661377,3.9700000286102295,3.990000009536743,2.6745760440826416,13565440
2016-12-05,3.9800000190734863,4.039999961853027,3.9200000762939453,3.950000047683716,2.647763252258301,16541795
2016-12-06,4.0,4.0,3.9100000858306885,3.9100000858306885,2.620950222015381,14558200
2016-12-07,3.950000047683716,4.03000020980835,3.930000066757202,3.990000009536743,2.6745760440826416,17824000
2016-12-08,4.039999961853027,4.070000171661377,3.9600000381469727,4.019999980926514,2.694685697555542,19000682
2016-12-09,4.010000228881836,4.090000152587891,4.0,4.070000171661377,2.728201150894165,19169164
2016-12-12,4.099999904632568,4.150000095367432,3.9600000381469727,3.990000009536743,2.6745760440826416,14575616
2016-12-13,3.990000009536743,4.070000171661377,3.9700000286102295,4.0,2.681278944015503,23322325
2016-12-14,4.050000190734863,4.059999942779541,3.950000047683716,3.9600000381469727,2.654466390609741,15860044
2016-12-15,3.950000047683716,3.950000047683716,3.740000009536743,3.809999942779541,2.5539183616638184,31674482
2016-12-16,3.8299999237060547,3.9000000953674316,3.7799999713897705,3.880000114440918,2.6008408069610596,14172028
2016-12-19,3.880000114440918,3.880000114440918,3.7899999618530273,3.799999952316284,2.547215223312378,7860887
2016-12-20,3.8299999237060547,3.8499999046325684,3.759999990463257,3.7799999713897705,2.533808946609497,9950762
2016-12-21,3.75,3.8399999141693115,3.75,3.799999952316284,2.547215223312378,10406400
2016-12-22,3.799999952316284,3.819999933242798,3.7200000286102295,3.7300000190734863,2.5002925395965576,21590353
2016-12-23,3.7300000190734863,3.75,3.6500000953674316,3.690000057220459,2.473479986190796,10256900
2016-12-28,3.700000047683716,3.740000009536743,3.6600000858306885,3.700000047683716,2.4801831245422363,14186289
2016-12-29,3.680000066757202,3.7699999809265137,3.680000066757202,3.7300000190734863,2.5002925395965576,9339198
2016-12-30,3.75,3.7799999713897705,3.7300000190734863,3.7699999809265137,2.5271055698394775,4944600
2017-01-03,3.7799999713897705,3.809999942779541,3.7200000286102295,3.809999942779541,2.5539183616638184,5673001
2017-01-04,3.8399999141693115,3.8399999141693115,3.759999990463257,3.809999942779541,2.5539183616638184,8471305
2017-01-05,3.809999942779541,3.880000114440918,3.7899999618530273,3.8399999141693115,2.5740280151367188,20537530
2017-01-06,3.8399999141693115,3.9100000858306885,3.819999933242798,3.8499999046325684,2.5807313919067383,9461158
2017-01-09,3.869999885559082,3.9100000858306885,3.8399999141693115,3.8499999046325684,2.5807313919067383,10859288
2017-01-10,3.880000114440918,3.9200000762939453,3.8399999141693115,3.9100000858306885,2.620950222015381,13708000
2017-01-11,3.930000066757202,4.130000114440918,3.9000000953674316,4.070000171661377,2.728201150894165,41953184
2017-01-12,4.070000171661377,4.090000152587891,3.930000066757202,3.950000047683716,2.647763252258301,20380071
2017-01-13,3.950000047683716,4.010000228881836,3.930000066757202,4.0,2.681278944015503,9182972
2017-01-16,4.0,4.0,3.8499999046325684,3.890000104904175,2.6075439453125,17816000
2017-01-17,3.9100000858306885,3.9200000762939453,3.8399999141693115,3.859999895095825,2.5874340534210205,12814000
2017-01-18,3.859999895095825,3.9700000286102295,3.859999895095825,3.9600000381469727,2.654466390609741,22758319
2017-01-19,3.950000047683716,4.079999923706055,3.9200000762939453,4.050000190734863,2.7147953510284424,37373494
2017-01-20,4.070000171661377,4.119999885559082,4.019999980926514,4.03000020980835,2.7013890743255615,31581058
2017-01-23,4.059999942779541,4.28000020980835,4.039999961853027,4.28000020980835,2.8689684867858887,74519192
2017-01-24,4.300000190734863,4.650000095367432,4.269999980926514,4.650000095367432,3.1169867515563965,92306982
2017-01-25,4.690000057220459,4.71999979019165,4.489999771118164,4.539999961853027,3.0432517528533936,46698325
2017-01-26,4.53000020980835,4.619999885559082,4.53000020980835,4.53000020980835,3.0365488529205322,20841180
2017-01-27,4.510000228881836,4.650000095367432,4.510000228881836,4.559999942779541,3.0566580295562744,11317896
2017-02-01,4.519999980926514,4.699999809265137,4.489999771118164,4.659999847412109,3.123690128326416,22618000
2017-02-02,4.690000057220459,4.760000228881836,4.619999885559082,4.619999885559082,3.096877336502075,15418470
2017-02-03,4.679999828338623,4.789999961853027,4.630000114440918,4.75,3.184018850326538,43885208
2017-02-06,4.75,4.789999961853027,4.610000133514404,4.659999847412109,3.123690128326416,26717606
2017-02-07,4.659999847412109,4.710000038146973,4.599999904632568,4.679999828338623,3.137096405029297,18114647
2017-02-08,4.690000057220459,5.21999979019165,4.579999923706055,5.210000038146973,3.492366075515747,97332035
2017-02-09,5.28000020980835,5.400000095367432,5.21999979019165,5.28000020980835,3.5392887592315674,104852198
2017-02-10,5.300000190734863,5.329999923706055,5.150000095367432,5.269999980926514,3.532585382461548,44804221
2017-02-13,5.300000190734863,5.380000114440918,5.150000095367432,5.28000020980835,3.5392887592315674,40303550
2017-02-14,5.230000019073486,5.380000114440918,5.150000095367432,5.309999942779541,3.5593979358673096,39891332
2017-02-15,5.320000171661377,5.429999828338623,5.269999980926514,5.28000020980835,3.5392887592315674,45911118
2017-02-16,5.28000020980835,5.349999904632568,5.079999923706055,5.199999809265137,3.4856631755828857,50835069
2017-02-17,5.099999904632568,5.179999828338623,4.960000038146973,5.010000228881836,3.358302354812622,48277465
2017-02-20,5.010000228881836,5.230000019073486,5.0,5.230000019073486,3.505772590637207,33022620
2017-02-21,5.21999979019165,5.289999961853027,5.150000095367432,5.199999809265137,3.4856631755828857,33714658
2017-02-22,5.210000038146973,5.659999847412109,5.210000038146973,5.659999847412109,3.7940104007720947,81567180
2017-02-23,5.599999904632568,5.889999866485596,5.46999979019165,5.599999904632568,3.7537906169891357,53871069
2017-02-24,5.599999904632568,5.619999885559082,5.349999904632568,5.389999866485596,3.613023281097412,47192102
2017-02-27,5.449999809265137,5.559999942779541,5.300000190734863,5.489999771118164,3.680055856704712,33163380
2017-02-28,5.539999961853027,5.789999961853027,5.489999771118164,5.659999847412109,3.7940104007720947,61009914
2017-03-01,5.730000019073486,5.75,5.550000190734863,5.699999809265137,3.8208227157592773,35961110
2017-03-02,5.78000020980835,5.920000076293945,5.579999923706055,5.590000152587891,3.7470874786376953,52171309
2017-03-03,5.599999904632568,5.599999904632568,5.369999885559082,5.429999828338623,3.639836072921753,33244226
2017-03-06,5.5,5.570000171661377,5.420000076293945,5.519999980926514,3.700165033340454,27289971
2017-03-07,5.46999979019165,5.550000190734863,5.440000057220459,5.480000019073486,3.6733527183532715,20811639
2017-03-08,5.5,5.53000020980835,5.429999828338623,5.480000019073486,3.6733527183532715,26090888
2017-03-09,5.46999979019165,5.46999979019165,5.130000114440918,5.179999828338623,3.4722561836242676,70537191
2017-03-10,5.210000038146973,5.25,5.059999942779541,5.199999809265137,3.4856631755828857,46141570
2017-03-13,5.21999979019165,5.460000038146973,5.199999809265137,5.349999904632568,3.5862109661102295,75445030
2017-03-14,5.389999866485596,5.460000038146973,5.360000133514404,5.449999809265137,3.653242349624634,26179310
2017-03-15,5.420000076293945,5.800000190734863,5.380000114440918,5.739999771118164,3.847635269165039,72258600
2017-03-16,5.829999923706055,5.940000057220459,5.699999809265137,5.789999961853027,3.8811511993408203,40717481
2017-03-17,5.800000190734863,5.809999942779541,5.619999885559082,5.630000114440918,3.7739007472991943,53741128
2017-03-20,5.690000057220459,5.829999923706055,5.519999980926514,5.760000228881836,3.861042022705078,47294400
2017-03-21,5.739999771118164,5.739999771118164,5.510000228881836,5.539999961853027,3.713571548461914,75578715
2017-03-22,5.380000114440918,5.550000190734863,5.349999904632568,5.5,3.686758518218994,37386789
2017-03-23,5.539999961853027,5.630000114440918,5.460000038146973,5.510000228881836,3.693462371826172,18107674
2017-03-24,5.550000190734863,5.550000190734863,5.349999904632568,5.449999809265137,3.653242349624634,29348586
2017-03-27,5.329999923706055,5.340000152587891,5.010000228881836,5.090000152587891,3.411928176879883,72032400
2017-03-28,5.179999828338623,5.179999828338623,4.989999771118164,5.0,3.3515989780426025,46661503
2017-03-29,5.070000171661377,5.139999866485596,5.0,5.119999885559082,3.432037353515625,29211292
2017-03-30,5.119999885559082,5.119999885559082,4.909999847412109,5.010000228881836,3.358302354812622,26603216
2017-03-31,5.039999961853027,5.119999885559082,4.980000019073486,5.0,3.3515989780426025,20882248
2017-04-03,5.150000095367432,5.659999847412109,5.150000095367432,5.369999885559082,3.599616765975952,95941550
2017-04-05,5.559999942779541,5.690000057220459,5.360000133514404,5.480000019073486,3.6733527183532715,71317125
2017-04-06,5.480000019073486,5.489999771118164,5.340000152587891,5.400000095367432,3.6197266578674316,23399183
2017-04-07,5.420000076293945,5.449999809265137,5.25,5.380000114440918,3.60632061958313,22442000
2017-04-10,5.400000095367432,5.46999979019165,5.320000171661377,5.320000171661377,3.56610107421875,17535282
2017-04-11,5.320000171661377,5.409999847412109,5.25,5.349999904632568,3.5862109661102295,19493715
2017-04-12,5.349999904632568,5.460000038146973,5.309999942779541,5.460000038146973,3.6599462032318115,27214620
2017-04-13,5.449999809265137,5.489999771118164,5.380000114440918,5.389999866485596,3.613023281097412,13276600
2017-04-18,5.409999847412109,5.409999847412109,5.21999979019165,5.239999771118164,3.5124754905700684,17828273
2017-04-19,5.25,5.429999828338623,5.150000095367432,5.420000076293945,3.6331329345703125,32273476
2017-04-20,5.409999847412109,5.460000038146973,5.320000171661377,5.389999866485596,3.613023281097412,13682610
2017-04-21,5.440000057220459,5.539999961853027,5.349999904632568,5.389999866485596,3.613023281097412,21550602
2017-04-24,5.449999809265137,5.460000038146973,5.130000114440918,5.159999847412109,3.4588496685028076,35647924
2017-04-25,5.199999809265137,5.230000019073486,5.099999904632568,5.21999979019165,3.4990694522857666,27022710
2017-04-26,5.25,5.289999961853027,5.119999885559082,5.150000095367432,3.4521470069885254,22405248
2017-04-27,5.159999847412109,5.170000076293945,5.070000171661377,5.090000152587891,3.411928176879883,26066677
2017-04-28,5.079999923706055,5.179999828338623,5.079999923706055,5.179999828338623,3.4722561836242676,22121473
2017-05-02,5.179999828338623,5.179999828338623,4.949999809265137,4.989999771118164,3.344895601272583,37893578
2017-05-04,4.989999771118164,4.989999771118164,4.739999771118164,4.75,3.184018850326538,58532052
2017-05-05,4.670000076293945,4.71999979019165,4.5,4.53000020980835,3.0365488529205322,63601855
2017-05-08,4.539999961853027,4.590000152587891,4.480000019073486,4.570000171661377,3.063361883163452,26072278
2017-05-09,4.550000190734863,4.800000190734863,4.449999809265137,4.789999961853027,3.210831880569458,60984342
2017-05-10,4.789999961853027,4.789999961853027,4.53000020980835,4.590000152587891,3.076767683029175,37549450
2017-05-11,4.590000152587891,4.639999866485596,4.550000190734863,4.619999885559082,3.096877336502075,22579790
2017-05-12,4.599999904632568,4.610000133514404,4.519999980926514,4.559999942779541,3.0566580295562744,10390561
2017-05-15,4.599999904632568,4.679999828338623,4.579999923706055,4.659999847412109,3.123690128326416,18002000
2017-05-16,4.650000095367432,4.650000095367432,4.349999904632568,4.420000076293945,2.962813377380371,62446120
2017-05-17,4.380000114440918,4.409999847412109,4.28000020980835,4.320000171661377,2.8957815170288086,36872160
2017-05-18,4.25,4.420000076293945,4.21999979019165,4.329999923706055,2.902484893798828,30379000
2017-05-19,4.380000114440918,4.480000019073486,4.320000171661377,4.400000095367432,2.9494071006774902,24992344
2017-05-22,4.409999847412109,4.5,4.329999923706055,4.389999866485596,2.94270396232605,18214944
2017-05-23,4.329999923706055,4.429999828338623,4.329999923706055,4.400000095367432,2.9494071006774902,19627408
2017-05-24,4.400000095367432,4.429999828338623,4.360000133514404,4.420000076293945,2.962813377380371,11419159
2017-05-25,4.429999828338623,4.5,4.380000114440918,4.449999809265137,2.9829227924346924,19490776
2017-05-26,4.489999771118164,4.53000020980835,4.449999809265137,4.480000019073486,3.0030319690704346,14713126
2017-05-29,4.5,4.510000228881836,4.400000095367432,4.440000057220459,2.97622013092041,13453109
2017-05-31,4.380000114440918,4.400000095367432,4.300000190734863,4.329999923706055,2.9308695793151855,24599655
2017-06-01,4.28000020980835,4.340000152587891,4.230000019073486,4.320000171661377,2.924100399017334,22640014
2017-06-02,4.340000152587891,4.380000114440918,4.260000228881836,4.309999942779541,2.9173316955566406,12929850
2017-06-05,4.340000152587891,4.360000133514404,4.239999771118164,4.260000228881836,2.883488178253174,23748729
2017-06-06,4.269999980926514,4.369999885559082,4.260000228881836,4.340000152587891,2.9376380443573,19164115
2017-06-07,4.349999904632568,4.739999771118164,4.340000152587891,4.679999828338623,3.1677753925323486,90869718
2017-06-08,4.690000057220459,4.699999809265137,4.550000190734863,4.639999866485596,3.140700340270996,29301400
2017-06-09,4.650000095367432,4.650000095367432,4.510000228881836,4.570000171661377,3.0933194160461426,31889101
2017-06-12,4.559999942779541,4.559999942779541,4.420000076293945,4.5,3.045938014984131,40265296
2017-06-13,4.5,4.670000076293945,4.440000057220459,4.630000114440918,3.133931875228882,52597865
2017-06-14,4.639999866485596,4.650000095367432,4.53000020980835,4.630000114440918,3.133931875228882,41186034
2017-06-15,4.599999904632568,4.619999885559082,4.510000228881836,4.570000171661377,3.0933194160461426,27050078
2017-06-16,4.590000152587891,4.630000114440918,4.460000038146973,4.559999942779541,3.086550235748291,30478376
2017-06-19,4.559999942779541,4.570000171661377,4.440000057220459,4.449999809265137,3.012094020843506,24300532
2017-06-20,4.460000038146973,4.460000038146973,4.369999885559082,4.409999847412109,2.9850189685821533,18797853
2017-06-21,4.400000095367432,4.599999904632568,4.360000133514404,4.449999809265137,3.012094020843506,17612988
2017-06-22,4.460000038146973,4.489999771118164,4.349999904632568,4.360000133514404,2.9511756896972656,26802000
2017-06-23,4.360000133514404,4.400000095367432,4.309999942779541,4.329999923706055,2.9308695793151855,23400282
2017-06-26,4.309999942779541,4.440000057220459,4.309999942779541,4.389999866485596,2.9714818000793457,23307660
2017-06-27,4.400000095367432,4.429999828338623,4.340000152587891,4.400000095367432,2.978250503540039,9631120
2017-06-28,4.380000114440918,4.46999979019165,4.340000152587891,4.400000095367432,2.978250503540039,13951076
2017-06-29,4.429999828338623,4.480000019073486,4.420000076293945,4.449999809265137,3.012094020843506,12917398
2017-06-30,4.420000076293945,4.670000076293945,4.409999847412109,4.639999866485596,3.140700340270996,60560737
2017-07-03,4.639999866485596,4.71999979019165,4.550000190734863,4.659999847412109,3.154237747192383,19358457
2017-07-04,4.679999828338623,4.78000020980835,4.550000190734863,4.599999904632568,3.1136252880096436,19606000
2017-07-05,4.630000114440918,4.699999809265137,4.590000152587891,4.699999809265137,3.1813127994537354,22969591
2017-07-06,4.679999828338623,4.710000038146973,4.599999904632568,4.650000095367432,3.1474692821502686,12716947
2017-07-07,4.619999885559082,4.690000057220459,4.510000228881836,4.690000057220459,3.174544095993042,20192540
2017-07-10,4.690000057220459,4.800000190734863,4.590000152587891,4.619999885559082,3.1271629333496094,27173882
2017-07-11,4.619999885559082,4.690000057220459,4.539999961853027,4.539999961853027,3.0730130672454834,20878317
2017-07-12,4.559999942779541,4.650000095367432,4.550000190734863,4.579999923706055,3.100087881088257,16919783
2017-07-13,4.570000171661377,4.800000190734863,4.570000171661377,4.800000190734863,3.2490005493164062,48870276
2017-07-14,4.800000190734863,4.96999979019165,4.800000190734863,4.869999885559082,3.2963814735412598,40744971
2017-07-17,4.949999809265137,5.039999961853027,4.809999942779541,4.829999923706055,3.2693068981170654,38769310
2017-07-18,4.809999942779541,4.909999847412109,4.760000228881836,4.900000095367432,3.316687822341919,17982826
2017-07-19,5.0,5.079999923706055,4.900000095367432,5.010000228881836,3.3911445140838623,52675542
2017-07-20,5.059999942779541,5.079999923706055,4.909999847412109,4.96999979019165,3.3640692234039307,38685961
2017-07-21,4.940000057220459,4.960000038146973,4.860000133514404,4.869999885559082,3.2963814735412598,32876860
2017-07-24,4.869999885559082,4.880000114440918,4.71999979019165,4.78000020980835,3.2354633808135986,44741000
2017-07-25,4.78000020980835,4.789999961853027,4.619999885559082,4.71999979019165,3.194850444793701,23202796
2017-07-26,4.760000228881836,4.820000171661377,4.659999847412109,4.710000038146973,3.188081741333008,33152000
2017-07-27,4.75,4.75,4.630000114440918,4.670000076293945,3.1610071659088135,24858148
2017-07-28,4.679999828338623,4.690000057220459,4.570000171661377,4.639999866485596,3.140700340270996,22644000
2017-07-31,4.670000076293945,4.78000020980835,4.639999866485596,4.769999980926514,3.228693962097168,24997818
2017-08-01,4.789999961853027,4.800000190734863,4.679999828338623,4.699999809265137,3.1813127994537354,23562105
2017-08-02,4.71999979019165,4.820000171661377,4.619999885559082,4.75,3.2151565551757812,41444322
2017-08-03,4.739999771118164,4.789999961853027,4.679999828338623,4.690000057220459,3.174544095993042,22856209
2017-08-04,4.670000076293945,4.760000228881836,4.670000076293945,4.679999828338623,3.1677753925323486,16773056
2017-08-07,4.760000228881836,5.119999885559082,4.75,5.099999904632568,3.4520630836486816,130907794
2017-08-08,5.159999847412109,5.360000133514404,5.150000095367432,5.170000076293945,3.4994442462921143,77890000
2017-08-09,5.170000076293945,5.28000020980835,5.159999847412109,5.25,3.5535948276519775,62781027
2017-08-10,5.25,5.25,4.989999771118164,5.159999847412109,3.4926750659942627,46983710
2017-08-11,4.989999771118164,5.059999942779541,4.869999885559082,4.880000114440918,3.3031506538391113,44073846
2017-08-14,4.949999809265137,4.96999979019165,4.849999904632568,4.920000076293945,3.3302254676818848,19819823
2017-08-15,4.96999979019165,4.96999979019165,4.809999942779541,4.849999904632568,3.282844066619873,18664000
2017-08-16,4.840000152587891,4.940000057220459,4.78000020980835,4.940000057220459,3.3437631130218506,18861108
2017-08-17,4.949999809265137,4.989999771118164,4.800000190734863,4.889999866485596,3.3099191188812256,26944000
2017-08-18,4.829999923706055,4.880000114440918,4.75,4.840000152587891,3.276075839996338,11441000
2017-08-21,4.860000133514404,4.900000095367432,4.800000190734863,4.849999904632568,3.282844066619873,13762715
2017-08-22,4.889999866485596,5.0,4.849999904632568,4.929999828338623,3.336994171142578,24687075
2017-08-23,4.929999828338623,4.929999828338623,4.929999828338623,4.929999828338623,3.336994171142578,0
2017-08-24,4.980000019073486,4.980000019073486,4.829999923706055,4.849999904632568,3.282844066619873,25330272
2017-08-25,4.840000152587891,4.949999809265137,4.840000152587891,4.880000114440918,3.3031506538391113,26294423
2017-08-28,4.900000095367432,4.920000076293945,4.769999980926514,4.800000190734863,3.2490005493164062,33609291
2017-08-29,4.809999942779541,4.860000133514404,4.760000228881836,4.789999961853027,3.242231845855713,20773820
2017-08-30,4.800000190734863,4.900000095367432,4.78000020980835,4.880000114440918,3.3031506538391113,30218000
2017-08-31,4.869999885559082,4.940000057220459,4.860000133514404,4.920000076293945,3.3302254676818848,21792630
2017-09-01,4.920000076293945,5.059999942779541,4.900000095367432,4.989999771118164,3.3776063919067383,34840107
2017-09-04,4.989999771118164,5.019999980926514,4.909999847412109,4.960000038146973,3.3573005199432373,22242902
2017-09-05,4.940000057220459,5.079999923706055,4.940000057220459,4.980000019073486,3.370838165283203,19248197
2017-09-06,4.929999828338623,5.03000020980835,4.929999828338623,5.019999980926514,3.3979127407073975,30566794
2017-09-07,5.019999980926514,5.019999980926514,5.019999980926514,5.019999980926514,3.3979127407073975,0
2017-09-08,5.019999980926514,5.019999980926514,5.019999980926514,5.019999980926514,3.3979127407073975,0
2017-09-11,5.150000095367432,5.210000038146973,4.840000152587891,4.920000076293945,3.3302254676818848,105850103
2017-09-12,4.940000057220459,5.090000152587891,4.940000057220459,5.03000020980835,3.40468168258667,46280315
2017-09-13,5.059999942779541,5.679999828338623,5.050000190734863,5.659999847412109,3.831113576889038,190981624
2017-09-14,5.659999847412109,5.800000190734863,5.46999979019165,5.550000190734863,3.7566568851470947,100575980
2017-09-15,5.550000190734863,5.590000152587891,5.400000095367432,5.550000190734863,3.7566568851470947,50499593
2017-09-18,5.579999923706055,5.789999961853027,5.539999961853027,5.730000019073486,3.8784942626953125,74648093
2017-09-19,5.769999980926514,5.769999980926514,5.489999771118164,5.519999980926514,3.7363502979278564,43549674
2017-09-20,5.519999980926514,5.630000114440918,5.5,5.519999980926514,3.7363502979278564,37067139
2017-09-21,5.539999961853027,5.769999980926514,5.519999980926514,5.75,3.8920323848724365,66454590
2017-09-22,5.71999979019165,5.909999847412109,5.570000171661377,5.869999885559082,3.973256826400757,78404232
2017-09-25,5.840000152587891,5.900000095367432,5.5,5.5,3.722813129425049,66338099
2017-09-26,5.5,5.650000095367432,5.460000038146973,5.489999771118164,3.7160441875457764,46579084
2017-09-27,5.519999980926514,5.570000171661377,5.480000019073486,5.510000228881836,3.7295823097229004,18507152
2017-09-28,5.510000228881836,5.519999980926514,5.380000114440918,5.409999847412109,3.6618943214416504,41783152
2017-09-29,5.429999828338623,5.440000057220459,5.28000020980835,5.409999847412109,3.6618943214416504,33388400
2017-10-03,5.480000019073486,5.650000095367432,5.460000038146973,5.599999904632568,3.7905004024505615,32787333
2017-10-04,5.630000114440918,5.659999847412109,5.480000019073486,5.550000190734863,3.7566568851470947,24808000
2017-10-06,5.579999923706055,5.599999904632568,5.46999979019165,5.510000228881836,3.7295823097229004,20001636
2017-10-09,5.559999942779541,5.619999885559082,5.5,5.570000171661377,3.7701942920684814,33983853
2017-10-10,5.610000133514404,5.650000095367432,5.53000020980835,5.579999923706055,3.7769625186920166,23881384
2017-10-11,5.579999923706055,5.599999904632568,5.510000228881836,5.599999904632568,3.7905004024505615,36505560
2017-10-12,5.599999904632568,5.630000114440918,5.5,5.570000171661377,3.7701942920684814,33771622
2017-10-13,5.559999942779541,5.579999923706055,5.519999980926514,5.570000171661377,3.7701942920684814,25881130
2017-10-16,5.610000133514404,5.909999847412109,5.599999904632568,5.849999904632568,3.959719657897949,80654640
2017-10-17,5.869999885559082,5.929999828338623,5.699999809265137,5.739999771118164,3.8852624893188477,29318778
2017-10-18,5.710000038146973,5.860000133514404,5.639999866485596,5.860000133514404,3.9664878845214844,29571092
2017-10-19,5.869999885559082,6.210000038146973,5.869999885559082,6.019999980926514,4.0747880935668945,167810911
2017-10-20,6.090000152587891,6.71999979019165,6.090000152587891,6.679999828338623,4.521525859832764,161425681
2017-10-23,6.800000190734863,7.0,6.610000133514404,6.920000076293945,4.683975696563721,106758540
2017-10-24,6.840000152587891,7.090000152587891,6.619999885559082,6.659999847412109,4.507987976074219,101982155
2017-10-25,6.75,7.010000228881836,6.739999771118164,6.889999866485596,4.663669586181641,48703410
2017-10-26,6.820000171661377,6.940000057220459,6.679999828338623,6.760000228881836,4.575675964355469,28333351
2017-10-27,6.800000190734863,6.869999885559082,6.53000020980835,6.599999904632568,4.467375755310059,43567370
2017-10-30,6.679999828338623,6.739999771118164,6.449999809265137,6.46999979019165,4.379382133483887,35328162
2017-10-31,6.5,6.610000133514404,6.440000057220459,6.579999923706055,4.45383882522583,33197765
2017-11-01,6.639999866485596,6.650000095367432,6.360000133514404,6.429999828338623,4.352306842803955,50915117
2017-11-02,6.460000038146973,6.53000020980835,6.340000152587891,6.449999809265137,4.365844249725342,30227868
2017-11-03,6.480000019073486,6.550000190734863,6.360000133514404,6.5,4.399687767028809,21075357
2017-11-06,6.53000020980835,6.53000020980835,6.260000228881836,6.369999885559082,4.311694622039795,27049712
2017-11-07,6.420000076293945,6.460000038146973,6.320000171661377,6.420000076293945,4.345538139343262,21233937
2017-11-08,6.389999866485596,6.710000038146973,6.389999866485596,6.630000114440918,4.487681865692139,55324349
2017-11-09,6.639999866485596,6.800000190734863,6.46999979019165,6.53000020980835,4.419994831085205,40418120
2017-11-10,6.53000020980835,6.690000057220459,6.519999980926514,6.639999866485596,4.494450569152832,25266922
2017-11-13,6.619999885559082,6.679999828338623,6.53000020980835,6.559999942779541,4.440300464630127,20458924
2017-11-14,6.570000171661377,6.940000057220459,6.550000190734863,6.889999866485596,4.663669586181641,67523916
2017-11-15,6.75,6.949999809265137,6.650000095367432,6.71999979019165,4.548600673675537,28858107
2017-11-16,6.769999980926514,7.070000171661377,6.650000095367432,7.050000190734863,4.771969318389893,74263549
2017-11-17,7.119999885559082,7.440000057220459,7.039999961853027,7.28000020980835,4.9276509284973145,130482834
2017-11-20,7.28000020980835,7.380000114440918,7.059999942779541,7.190000057220459,4.866731643676758,43607380
2017-11-21,7.269999980926514,7.320000171661377,6.909999847412109,7.059999942779541,4.778738021850586,59457548
2017-11-22,7.079999923706055,7.210000038146973,6.900000095367432,6.989999771118164,4.731357097625732,44763959
2017-11-23,6.960000038146973,7.28000020980835,6.960000038146973,7.010000228881836,4.744894504547119,37086751
2017-11-24,7.110000133514404,7.199999809265137,7.010000228881836,7.039999961853027,4.765200138092041,28055545
2017-11-27,7.099999904632568,7.170000076293945,6.769999980926514,6.809999942779541,4.609519004821777,37609440
2017-11-28,6.800000190734863,7.210000038146973,6.690000057220459,7.210000038146973,4.880269527435303,47956651
2017-11-29,7.25,7.550000190734863,7.179999828338623,7.510000228881836,5.083332538604736,94339587
2017-11-30,7.400000095367432,7.489999771118164,7.159999847412109,7.179999828338623,4.8599629402160645,42320542
2017-12-01,7.25,7.289999961853027,6.889999866485596,7.050000190734863,4.771969318389893,33071107
2017-12-04,7.110000133514404,7.300000190734863,7.050000190734863,7.059999942779541,4.778738021850586,36364790
2017-12-05,7.0,7.139999866485596,6.940000057220459,6.940000057220459,4.697513103485107,20842000
2017-12-06,6.960000038146973,7.0,6.260000228881836,6.369999885559082,4.311694622039795,89688556
2017-12-07,6.389999866485596,6.53000020980835,6.210000038146973,6.25,4.230469226837158,62444369
2017-12-08,6.360000133514404,6.570000171661377,6.210000038146973,6.53000020980835,4.419994831085205,29469588
2017-12-11,6.599999904632568,6.78000020980835,6.599999904632568,6.760000228881836,4.575675964355469,31575346
2017-12-12,6.760000228881836,6.840000152587891,6.539999961853027,6.570000171661377,4.44706916809082,21984379
2017-12-13,6.670000076293945,6.71999979019165,6.510000228881836,6.659999847412109,4.507987976074219,24529770
2017-12-14,6.710000038146973,6.829999923706055,6.670000076293945,6.71999979019165,4.548600673675537,16313726
2017-12-15,6.739999771118164,6.739999771118164,6.260000228881836,6.269999980926514,4.244006633758545,53712780
2017-12-18,6.309999942779541,6.510000228881836,6.309999942779541,6.409999847412109,4.338769435882568,23966994
2017-12-19,6.460000038146973,6.579999923706055,6.409999847412109,6.489999771118164,4.392919063568115,15205087
2017-12-20,6.449999809265137,6.489999771118164,6.28000020980835,6.349999904632568,4.298157215118408,29894409
2017-12-21,6.360000133514404,6.619999885559082,6.360000133514404,6.559999942779541,4.440300464630127,30267270
2017-12-22,6.599999904632568,6.690000057220459,6.519999980926514,6.630000114440918,4.487681865692139,20467633
2017-12-27,6.630000114440918,6.860000133514404,6.619999885559082,6.710000038146973,4.541831970214844,21608657
2017-12-28,6.760000228881836,6.880000114440918,6.699999809265137,6.760000228881836,4.575675964355469,15948926
2017-12-29,6.820000171661377,7.03000020980835,6.71999979019165,6.989999771118164,4.731357097625732,33020722
2018-01-02,6.980000019073486,7.420000076293945,6.980000019073486,7.409999847412109,5.015644550323486,72829634
2018-01-03,7.480000019073486,7.769999980926514,7.380000114440918,7.679999828338623,5.198400974273682,85732348
2018-01-04,7.730000019073486,7.960000038146973,7.619999885559082,7.829999923706055,5.29993200302124,78619161
2018-01-05,7.880000114440918,7.949999809265137,7.809999942779541,7.900000095367432,5.347313404083252,39894591
2018-01-08,7.900000095367432,8.539999961853027,7.900000095367432,8.390000343322754,5.678982734680176,130018697
2018-01-09,8.449999809265137,8.460000038146973,8.119999885559082,8.199999809265137,5.550375461578369,49129337
2018-01-10,8.210000038146973,8.40999984741211,8.109999656677246,8.3100004196167,5.624832630157471,47263745
2018-01-11,8.170000076293945,8.210000038146973,7.5,7.659999847412109,5.184863090515137,127781779
2018-01-12,7.739999771118164,7.980000019073486,7.679999828338623,7.929999828338623,5.367619037628174,96868669
2018-01-15,8.0,8.130000114440918,7.679999828338623,7.75,5.245781898498535,52651572
2018-01-16,7.800000190734863,7.929999828338623,7.730000019073486,7.849999904632568,5.313469409942627,36204166
2018-01-17,7.849999904632568,8.029999732971191,7.769999980926514,7.840000152587891,5.306701183319092,63516673
2018-01-18,7.949999809265137,7.960000038146973,7.550000190734863,7.659999847412109,5.184863090515137,54490403
2018-01-19,7.730000019073486,7.900000095367432,7.599999904632568,7.829999923706055,5.29993200302124,59394840
2018-01-22,7.789999961853027,7.920000076293945,7.730000019073486,7.849999904632568,5.313469409942627,39169039
2018-01-23,7.949999809265137,8.25,7.929999828338623,8.0600004196167,5.455613613128662,60737983
2018-01-24,8.119999885559082,8.180000305175781,7.880000114440918,8.0600004196167,5.455613613128662,36091194
2018-01-25,8.100000381469727,8.329999923706055,7.909999847412109,8.199999809265137,5.550375461578369,51528265
2018-01-26,8.279999732971191,8.489999771118164,8.170000076293945,8.319999694824219,5.631600379943848,50048896
2018-01-29,8.289999961853027,8.779999732971191,8.229999542236328,8.600000381469727,5.8211259841918945,86061591
2018-01-30,8.529999732971191,8.760000228881836,8.350000381469727,8.420000076293945,5.699288368225098,44434606
2018-01-31,8.319999694824219,8.420000076293945,8.119999885559082,8.359999656677246,5.658675670623779,36886109
2018-02-01,8.5600004196167,8.569999694824219,8.210000038146973,8.260000228881836,5.5909881591796875,39779450
2018-02-02,8.369999885559082,8.600000381469727,8.09000015258789,8.579999923706055,5.80758810043335,46269969
2018-02-05,8.210000038146973,8.5,8.199999809265137,8.279999732971191,5.604526042938232,41807834
2018-02-06,7.880000114440918,8.039999961853027,7.489999771118164,7.519999980926514,5.0901007652282715,86149261
2018-02-07,7.900000095367432,7.900000095367432,7.150000095367432,7.21999979019165,4.887037754058838,64311895
2018-02-08,7.329999923706055,7.480000019073486,7.050000190734863,7.139999866485596,4.832888603210449,43702886
2018-02-09,6.739999771118164,6.739999771118164,6.309999942779541,6.550000190734863,4.433532238006592,96008196
2018-02-12,6.800000190734863,6.800000190734863,6.550000190734863,6.679999828338623,4.521525859832764,52923114
2018-02-13,6.820000171661377,7.150000095367432,6.820000171661377,6.900000095367432,4.670437812805176,43699419
2018-02-14,6.920000076293945,7.150000095367432,6.909999847412109,7.150000095367432,4.839657306671143,43443441
2018-02-15,7.300000190734863,7.480000019073486,7.260000228881836,7.389999866485596,5.0021071434021,21881277
2018-02-20,7.400000095367432,7.579999923706055,7.199999809265137,7.5,5.076563358306885,24484880
2018-02-21,7.53000020980835,7.800000190734863,7.380000114440918,7.78000020980835,5.266088485717773,35238087
2018-02-22,7.699999809265137,7.880000114440918,7.570000171661377,7.570000171661377,5.1239447593688965,53420093
2018-02-23,7.710000038146973,7.989999771118164,7.699999809265137,7.960000038146973,5.387925624847412,48406538
2018-02-26,8.079999923706055,8.199999809265137,7.849999904632568,7.949999809265137,5.381157398223877,36226077
2018-02-27,8.0600004196167,8.149999618530273,7.599999904632568,7.610000133514404,5.15101957321167,48078362
2018-02-28,7.449999809265137,7.880000114440918,7.429999828338623,7.769999980926514,5.259319305419922,50223872
2018-03-01,7.710000038146973,7.889999866485596,7.599999904632568,7.840000152587891,5.306701183319092,26248583
2018-03-02,7.579999923706055,7.699999809265137,7.550000190734863,7.550000190734863,5.11040735244751,26728641
2018-03-05,7.550000190734863,7.679999828338623,7.150000095367432,7.150000095367432,4.839657306671143,45847506
2018-03-06,7.320000171661377,7.420000076293945,7.210000038146973,7.360000133514404,4.9818010330200195,31685415
2018-03-07,7.28000020980835,7.480000019073486,7.139999866485596,7.170000076293945,4.853194713592529,23091971
2018-03-08,7.260000228881836,7.369999885559082,7.199999809265137,7.300000190734863,4.941188812255859,18897493
2018-03-09,7.320000171661377,7.71999979019165,7.320000171661377,7.71999979019165,5.225475311279297,57699458
2018-03-12,7.849999904632568,8.079999923706055,7.809999942779541,8.0600004196167,5.455613613128662,69992627
2018-03-13,8.039999961853027,8.239999771118164,7.949999809265137,8.050000190734863,5.4488444328308105,45185793
2018-03-14,7.940000057220459,8.399999618530273,7.860000133514404,8.350000381469727,5.651906967163086,60194770
2018-03-15,8.300000190734863,8.420000076293945,8.25,8.359999656677246,5.658675670623779,41046905
2018-03-16,8.319999694824219,8.529999732971191,8.319999694824219,8.380000114440918,5.672214031219482,45128428
2018-03-19,8.5,8.5,8.1899995803833,8.220000267028809,5.563913822174072,35926096
2018-03-20,8.199999809265137,8.289999961853027,8.010000228881836,8.25,5.5842204093933105,36427609
2018-03-21,8.279999732971191,8.380000114440918,7.960000038146973,7.980000019073486,5.401463508605957,37195043
2018-03-22,8.020000457763672,8.119999885559082,7.829999923706055,7.920000076293945,5.360851287841797,29169221
2018-03-23,7.590000152587891,7.730000019073486,7.360000133514404,7.449999809265137,5.04271936416626,59332742
2018-03-26,7.400000095367432,7.96999979019165,7.300000190734863,7.96999979019165,5.394694805145264,59936746
2018-03-27,8.010000228881836,8.239999771118164,8.010000228881836,8.239999771118164,5.577450752258301,64004722
2018-03-28,8.100000381469727,8.260000228881836,8.029999732971191,8.100000381469727,5.482689380645752,67167507
2018-03-29,8.229999542236328,8.579999923706055,8.0600004196167,8.520000457763672,5.766976356506348,108733838
2018-04-03,8.399999618530273,9.15999984741211,8.300000190734863,9.15999984741211,6.200175762176514,110471310
2018-04-04,9.180000305175781,9.329999923706055,8.75,8.800000190734863,5.956501007080078,54886047
2018-04-06,8.880000114440918,9.180000305175781,8.829999923706055,9.100000381469727,6.159563064575195,41283162
2018-04-09,9.079999923706055,9.15999984741211,8.859999656677246,9.069999694824219,6.139257431030273,38832414
2018-04-10,9.199999809265137,9.529999732971191,9.15999984741211,9.40999984741211,6.369393825531006,68981754
2018-04-11,9.520000457763672,9.649999618530273,9.180000305175781,9.289999961853027,6.2881693840026855,63524808
2018-04-12,9.25,9.25,8.960000038146973,9.0600004196167,6.13248872756958,41085704
2018-04-13,9.199999809265137,9.460000038146973,9.0,9.050000190734863,6.125720024108887,66180000
2018-04-16,9.100000381469727,9.100000381469727,8.529999732971191,8.800000190734863,5.956501007080078,86920350
2018-04-17,8.890000343322754,9.130000114440918,8.729999542236328,8.880000114440918,6.010651111602783,52641785
2018-04-18,9.119999885559082,9.149999618530273,8.569999694824219,8.6899995803833,5.882044792175293,55184779
2018-04-19,8.75,8.890000343322754,8.630000114440918,8.770000457763672,5.936194896697998,34671832
2018-04-20,8.779999732971191,8.8100004196167,8.319999694824219,8.380000114440918,5.672214031219482,49665588
2018-04-23,8.399999618530273,8.600000381469727,8.289999961853027,8.350000381469727,5.651906967163086,32081587
2018-04-24,8.449999809265137,8.930000305175781,8.4399995803833,8.930000305175781,6.044495105743408,48455574
2018-04-25,8.800000190734863,8.880000114440918,8.630000114440918,8.699999809265137,5.88881254196167,38932700
2018-04-26,8.819999694824219,8.930000305175781,8.520000457763672,8.65999984741211,5.861739158630371,37437828
2018-04-27,8.899999618530273,9.079999923706055,8.819999694824219,8.869999885559082,6.003881931304932,34413357
2018-04-30,8.90999984741211,9.390000343322754,8.899999618530273,9.279999732971191,6.281400680541992,48710260
2018-05-02,9.270000457763672,9.289999961853027,8.850000381469727,8.899999618530273,6.024188041687012,35591917
2018-05-03,8.75,9.050000190734863,8.670000076293945,8.819999694824219,5.970037937164307,30514307
2018-05-04,8.84000015258789,8.960000038146973,8.760000228881836,8.880000114440918,6.010651111602783,42246682
2018-05-07,9.0,9.0,8.760000228881836,8.84000015258789,5.983575820922852,31739264
2018-05-08,8.899999618530273,9.079999923706055,8.8100004196167,8.850000381469727,5.990345001220703,30009762
2018-05-09,8.850000381469727,8.979999542236328,8.75,8.819999694824219,5.970037937164307,35743754
2018-05-10,8.890000343322754,8.930000305175781,8.760000228881836,8.869999885559082,6.003881931304932,34326396
2018-05-11,8.9399995803833,8.970000267028809,8.829999923706055,8.859999656677246,5.99711275100708,24690891
2018-05-14,8.930000305175781,9.140000343322754,8.859999656677246,9.130000114440918,6.179869651794434,33309073
2018-05-15,9.140000343322754,9.319999694824219,9.130000114440918,9.319999694824219,6.308475494384766,41859151
2018-05-16,9.350000381469727,9.430000305175781,9.15999984741211,9.380000114440918,6.349088191986084,31341358
2018-05-17,9.470000267028809,9.489999771118164,9.149999618530273,9.149999618530273,6.1934075355529785,20784255
2018-05-18,9.239999771118164,9.25,9.0600004196167,9.239999771118164,6.254325866699219,23331823
2018-05-21,9.300000190734863,9.4399995803833,9.260000228881836,9.270000457763672,6.274633407592773,21683592
2018-05-23,9.380000114440918,9.40999984741211,9.170000076293945,9.260000228881836,6.267863750457764,34124929
2018-05-24,9.300000190734863,9.300000190734863,8.970000267028809,9.0600004196167,6.13248872756958,35498625
2018-05-25,9.100000381469727,9.239999771118164,8.989999771118164,9.020000457763672,6.105413436889648,35453698
2018-05-28,9.130000114440918,9.130000114440918,8.949999809265137,9.029999732971191,6.112181663513184,15428812
2018-05-29,9.140000343322754,9.319999694824219,9.020000457763672,9.109999656677246,6.166331768035889,33664420
2018-05-30,9.0,9.010000228881836,8.5600004196167,8.579999923706055,5.80758810043335,54485371
2018-05-31,8.6899995803833,8.979999542236328,8.680000305175781,8.979999542236328,6.078338623046875,54873249
2018-06-01,8.930000305175781,8.970000267028809,8.710000038146973,8.84000015258789,5.983575820922852,25034747
2018-06-04,8.859999656677246,9.329999923706055,8.859999656677246,9.260000228881836,6.267863750457764,48146633
2018-06-05,9.300000190734863,9.329999923706055,9.100000381469727,9.170000076293945,6.206944942474365,13316954
2018-06-06,9.229999542236328,9.5,9.15999984741211,9.460000038146973,6.403238773345947,61082318
2018-06-07,9.600000381469727,9.829999923706055,9.399999618530273,9.630000114440918,6.518307209014893,56448740
2018-06-08,9.680000305175781,9.880000114440918,9.65999984741211,9.770000457763672,6.613070487976074,41851156
2018-06-11,9.84000015258789,10.0600004196167,9.699999809265137,9.800000190734863,6.633375644683838,58130323
2018-06-12,9.800000190734863,9.850000381469727,9.470000267028809,9.630000114440918,6.518307209014893,36666393
2018-06-13,9.600000381469727,9.789999961853027,9.529999732971191,9.550000190734863,6.464158058166504,31696706
2018-06-14,9.539999961853027,9.800000190734863,9.449999809265137,9.520000457763672,6.443850994110107,16639298
2018-06-15,9.5,9.739999771118164,9.390000343322754,9.5,6.514168739318848,33141432
2018-06-19,9.350000381469727,9.420000076293945,8.75,8.9399995803833,6.130176067352295,47248814
2018-06-20,9.079999923706055,9.149999618530273,8.699999809265137,8.890000343322754,6.095891952514648,28406801
2018-06-21,9.079999923706055,9.289999961853027,8.720000267028809,8.800000190734863,6.034177780151367,36566565
2018-06-22,8.800000190734863,8.899999618530273,8.680000305175781,8.819999694824219,6.047891139984131,25396120
2018-06-25,8.899999618530273,9.029999732971191,8.390000343322754,8.420000076293945,5.773611068725586,39683419
2018-06-26,8.420000076293945,8.5,7.670000076293945,7.840000152587891,5.375904083251953,90816535
2018-06-27,7.920000076293945,8.069999694824219,7.179999828338623,7.21999979019165,4.950767993927002,77913554
2018-06-28,7.28000020980835,7.380000114440918,7.050000190734863,7.170000076293945,4.916483402252197,48250332
2018-06-29,7.25,7.769999980926514,7.25,7.769999980926514,5.32790470123291,60061458
2018-07-03,7.559999942779541,7.579999923706055,7.119999885559082,7.389999866485596,5.067337989807129,57857600
2018-07-04,7.369999885559082,7.429999828338623,7.070000171661377,7.139999866485596,4.8959126472473145,39186465
2018-07-05,7.130000114440918,7.289999961853027,6.880000114440918,7.0,4.799914360046387,33118498
2018-07-06,7.0,7.25,6.900000095367432,7.110000133514404,4.875341415405273,31267330
2018-07-09,7.329999923706055,7.610000133514404,7.269999980926514,7.5,5.142765522003174,47846286
2018-07-10,7.699999809265137,7.840000152587891,7.599999904632568,7.670000076293945,5.259334087371826,48227998
2018-07-11,7.329999923706055,7.619999885559082,7.309999942779541,7.539999961853027,5.170193672180176,28127634
2018-07-12,7.619999885559082,7.730000019073486,7.429999828338623,7.619999885559082,5.225049018859863,62714594
2018-07-13,7.849999904632568,7.860000133514404,7.590000152587891,7.690000057220459,5.273048400878906,28671351
2018-07-16,7.75,7.75,7.409999847412109,7.5,5.142765522003174,20218500
2018-07-17,7.599999904632568,7.650000095367432,7.329999923706055,7.380000114440918,5.06048059463501,29717811
2018-07-18,7.480000019073486,7.559999942779541,7.25,7.28000020980835,4.991910934448242,20640768
2018-07-19,7.409999847412109,7.53000020980835,7.340000152587891,7.380000114440918,5.06048059463501,25050056
2018-07-20,7.380000114440918,7.590000152587891,7.079999923706055,7.510000228881836,5.149622440338135,39578806
2018-07-23,7.460000038146973,7.849999904632568,7.409999847412109,7.710000038146973,5.2867631912231445,52849280
2018-07-24,8.170000076293945,8.399999618530273,8.09000015258789,8.319999694824219,5.705040454864502,88244259
2018-07-25,8.449999809265137,8.449999809265137,8.130000114440918,8.25,5.657042026519775,40715921
2018-07-26,8.319999694824219,8.479999542236328,8.09000015258789,8.210000038146973,5.629613399505615,23685662
2018-07-27,8.210000038146973,8.600000381469727,8.149999618530273,8.550000190734863,5.8627519607543945,44968905
2018-07-30,8.520000457763672,8.899999618530273,8.4399995803833,8.6899995803833,5.958750247955322,50945391
2018-07-31,8.649999618530273,8.699999809265137,8.430000305175781,8.510000228881836,5.835324287414551,33015155
2018-08-01,8.680000305175781,8.899999618530273,8.260000228881836,8.329999923706055,5.711898326873779,48289559
2018-08-02,8.3100004196167,8.359999656677246,7.889999866485596,8.1899995803833,5.615899085998535,58816220
2018-08-03,8.25,8.25,7.840000152587891,7.949999809265137,5.45133113861084,30774767
2018-08-06,8.020000457763672,8.210000038146973,7.820000171661377,7.880000114440918,5.403331756591797,30563197
2018-08-07,7.840000152587891,8.170000076293945,7.670000076293945,8.109999656677246,5.5610432624816895,35439200
2018-08-08,8.239999771118164,8.529999732971191,8.140000343322754,8.34000015258789,5.718754768371582,46842778
2018-08-09,8.359999656677246,8.489999771118164,8.260000228881836,8.380000114440918,5.746183395385742,23641497
2018-08-10,8.470000267028809,8.539999961853027,8.220000267028809,8.300000190734863,5.69132661819458,23895480
2018-08-13,8.170000076293945,8.229999542236328,8.010000228881836,8.1899995803833,5.615899085998535,28456449
2018-08-14,8.260000228881836,8.430000305175781,8.119999885559082,8.25,5.657042026519775,33210720
2018-08-15,8.210000038146973,8.25,7.840000152587891,7.889999866485596,5.410189151763916,50694264
2018-08-16,7.699999809265137,7.949999809265137,7.550000190734863,7.710000038146973,5.2867631912231445,42023919
2018-08-17,7.880000114440918,7.949999809265137,7.5,7.519999980926514,5.1564788818359375,37144766
2018-08-20,7.559999942779541,7.840000152587891,7.510000228881836,7.710000038146973,5.2867631912231445,34312320
2018-08-21,7.75,7.96999979019165,7.659999847412109,7.940000057220459,5.444474220275879,22650846
2018-08-22,7.980000019073486,8.109999656677246,7.869999885559082,8.010000228881836,5.492473125457764,18131449
2018-08-23,8.09000015258789,8.1899995803833,7.900000095367432,8.1899995803833,5.615899085998535,21104712
2018-08-24,8.100000381469727,8.149999618530273,7.980000019073486,8.149999618530273,5.588471412658691,19135150
2018-08-27,8.149999618530273,8.34000015258789,7.920000076293945,8.010000228881836,5.492473125457764,54192850
2018-08-28,8.050000190734863,8.09000015258789,7.659999847412109,7.769999980926514,5.32790470123291,67169729
2018-08-29,7.71999979019165,7.929999828338623,7.71999979019165,7.800000190734863,5.348475933074951,26034455
2018-08-30,7.75,7.880000114440918,7.559999942779541,7.599999904632568,5.211335182189941,25991122
2018-08-31,7.460000038146973,7.519999980926514,7.25,7.340000152587891,5.033052921295166,67847716
2018-09-03,7.369999885559082,7.389999866485596,7.159999847412109,7.269999980926514,4.985054016113281,20462763
2018-09-04,7.260000228881836,7.440000057220459,7.159999847412109,7.360000133514404,5.046767234802246,24229242
2018-09-05,7.389999866485596,7.409999847412109,7.210000038146973,7.210000038146973,4.943911552429199,25448079
2018-09-06,7.230000019073486,7.349999904632568,7.070000171661377,7.150000095367432,4.902769565582275,28136222
2018-09-07,7.150000095367432,7.289999961853027,7.070000171661377,7.159999847412109,4.909626007080078,20520786
2018-09-10,7.150000095367432,7.150000095367432,6.480000019073486,6.550000190734863,4.4913482666015625,75422143
2018-09-11,6.559999942779541,6.650000095367432,6.320000171661377,6.369999885559082,4.367921829223633,42114716
2018-09-12,6.489999771118164,6.539999961853027,6.239999771118164,6.289999961853027,4.313065528869629,33033356
2018-09-13,6.420000076293945,6.53000020980835,6.320000171661377,6.5,4.457062721252441,29178199
2018-09-14,6.550000190734863,6.579999923706055,6.360000133514404,6.510000228881836,4.4639201164245605,28314329
2018-09-17,6.449999809265137,6.460000038146973,6.329999923706055,6.429999828338623,4.409063816070557,12048210
2018-09-18,6.369999885559082,6.800000190734863,6.320000171661377,6.71999979019165,4.607917308807373,63666303
2018-09-19,6.849999904632568,6.869999885559082,6.699999809265137,6.730000019073486,4.614774703979492,32193335
2018-09-20,6.800000190734863,6.840000152587891,6.610000133514404,6.730000019073486,4.614774703979492,27454198
2018-09-21,6.809999942779541,7.110000133514404,6.809999942779541,7.079999923706055,4.854770183563232,62215599
2018-09-24,7.099999904632568,7.099999904632568,6.710000038146973,6.809999942779541,4.66963005065918,23689286
2018-09-26,6.809999942779541,7.050000190734863,6.809999942779541,6.900000095367432,4.7313432693481445,32456930
2018-09-27,6.889999866485596,7.039999961853027,6.849999904632568,6.900000095367432,4.7313432693481445,14518400
2018-09-28,6.909999847412109,7.019999980926514,6.769999980926514,6.949999809265137,4.765628337860107,33398215
2018-10-02,6.96999979019165,7.019999980926514,6.71999979019165,6.75,4.628488540649414,30099598
2018-10-03,6.71999979019165,6.929999828338623,6.659999847412109,6.889999866485596,4.724486827850342,12405476
2018-10-04,6.860000133514404,6.880000114440918,6.559999942779541,6.610000133514404,4.5324907302856445,25192558
2018-10-05,6.610000133514404,6.789999961853027,6.579999923706055,6.690000057220459,4.58734655380249,21849682
2018-10-08,6.75,6.769999980926514,6.320000171661377,6.340000152587891,4.347350597381592,30212296
2018-10-09,6.400000095367432,6.460000038146973,6.119999885559082,6.190000057220459,4.244495391845703,39548920
2018-10-10,6.25,6.429999828338623,6.239999771118164,6.239999771118164,4.278779983520508,28405890
2018-10-11,6.010000228881836,6.070000171661377,5.909999847412109,5.909999847412109,4.052499294281006,30629750
2018-10-12,5.949999809265137,6.179999828338623,5.920000076293945,6.150000095367432,4.217066764831543,30660841
2018-10-15,6.170000076293945,6.309999942779541,6.119999885559082,6.159999847412109,4.223924160003662,19394375
2018-10-16,6.300000190734863,6.409999847412109,6.050000190734863,6.150000095367432,4.217066764831543,34126684
2018-10-18,6.179999828338623,6.21999979019165,6.010000228881836,6.079999923706055,4.169067859649658,28884648
2018-10-19,5.949999809265137,6.320000171661377,5.909999847412109,6.300000190734863,4.319922924041748,37715747
2018-10-22,6.389999866485596,6.5,6.260000228881836,6.389999866485596,4.3816351890563965,31755492
2018-10-23,6.380000114440918,6.389999866485596,6.019999980926514,6.019999980926514,4.127925872802734,34446181
2018-10-24,6.03000020980835,6.110000133514404,5.690000057220459,5.730000019073486,3.929072380065918,64189153
2018-10-25,5.5,5.599999904632568,5.269999980926514,5.53000020980835,3.7919318675994873,52614608
2018-10-26,5.599999904632568,5.650000095367432,5.320000171661377,5.360000133514404,3.6753628253936768,30542805
2018-10-29,5.429999828338623,5.519999980926514,5.329999923706055,5.380000114440918,3.6890769004821777,22288734
2018-10-30,5.409999847412109,5.420000076293945,5.199999809265137,5.25,3.599936008453369,23510550
2018-10-31,5.300000190734863,5.610000133514404,5.300000190734863,5.599999904632568,3.839931011199951,49417070
2018-11-01,5.949999809265137,6.210000038146973,5.849999904632568,5.96999979019165,4.09364128112793,67741998
2018-11-02,6.28000020980835,6.480000019073486,6.179999828338623,6.360000133514404,4.361064434051514,63950443
2018-11-05,6.110000133514404,6.329999923706055,6.110000133514404,6.199999809265137,4.251352310180664,28464157
2018-11-06,6.300000190734863,6.300000190734863,6.179999828338623,6.269999980926514,4.299351692199707,22256210
2018-11-07,6.260000228881836,6.5,6.179999828338623,6.25,4.285637378692627,28718350
2018-11-08,6.400000095367432,6.409999847412109,6.090000152587891,6.150000095367432,4.217066764831543,27502853
2018-11-09,6.090000152587891,6.239999771118164,6.039999961853027,6.130000114440918,4.203352928161621,20199350
2018-11-12,6.139999866485596,6.289999961853027,6.019999980926514,6.199999809265137,4.251352310180664,24541400
2018-11-13,6.0,6.25,6.0,6.21999979019165,4.265066146850586,11274070
2018-11-14,6.230000019073486,6.28000020980835,6.130000114440918,6.21999979019165,4.265066146850586,13056550
2018-11-15,6.269999980926514,6.380000114440918,6.190000057220459,6.320000171661377,4.333637237548828,17260293
2018-11-16,6.329999923706055,6.340000152587891,5.949999809265137,5.989999771118164,4.107354640960693,43309757
2018-11-19,5.949999809265137,6.059999942779541,5.71999979019165,5.889999866485596,4.038784503936768,62769484
2018-11-20,5.860000133514404,5.949999809265137,5.809999942779541,5.900000095367432,4.045642375946045,24544800
2018-11-21,5.769999980926514,5.96999979019165,5.769999980926514,5.940000057220459,4.073070049285889,11872902
2018-11-22,5.96999979019165,5.96999979019165,5.849999904632568,5.96999979019165,4.09364128112793,11644035
2018-11-23,5.980000019073486,5.989999771118164,5.809999942779541,5.860000133514404,4.018213748931885,12493950
2018-11-26,5.900000095367432,5.940000057220459,5.789999961853027,5.849999904632568,4.011356830596924,23296000
2018-11-27,5.889999866485596,5.949999809265137,5.800000190734863,5.889999866485596,4.038784503936768,20601712
2018-11-28,5.929999828338623,5.96999979019165,5.849999904632568,5.960000038146973,4.086784362792969,20036629
2018-11-29,6.039999961853027,6.230000019073486,5.989999771118164,6.019999980926514,4.127925872802734,36648807
2018-11-30,6.019999980926514,6.150000095367432,6.0,6.090000152587891,4.175925254821777,30296469
2018-12-03,6.199999809265137,6.349999904632568,6.179999828338623,6.21999979019165,4.265066146850586,40911259
2018-12-04,6.230000019073486,6.25,5.989999771118164,6.110000133514404,4.189639568328857,34625660
2018-12-05,5.96999979019165,6.070000171661377,5.960000038146973,6.0,4.1142120361328125,22308464
2018-12-06,5.980000019073486,5.980000019073486,5.809999942779541,5.840000152587891,4.004499912261963,19788934
2018-12-07,5.889999866485596,5.900000095367432,5.730000019073486,5.730000019073486,3.929072380065918,18680642
2018-12-10,5.659999847412109,5.75,5.429999828338623,5.559999942779541,3.8125033378601074,31515017
2018-12-11,5.550000190734863,5.610000133514404,5.460000038146973,5.539999961853027,3.7987892627716064,14224949
2018-12-12,5.599999904632568,5.630000114440918,5.46999979019165,5.489999771118164,3.7645041942596436,22911714
2018-12-13,5.550000190734863,5.829999923706055,5.519999980926514,5.739999771118164,3.935929298400879,29113971
2018-12-14,5.699999809265137,5.760000228881836,5.590000152587891,5.659999847412109,3.8810737133026123,17937861
2018-12-17,5.650000095367432,5.75,5.559999942779541,5.710000038146973,3.915358304977417,17041996
2018-12-18,5.630000114440918,5.730000019073486,5.559999942779541,5.650000095367432,3.8742165565490723,14799654
2018-12-19,5.699999809265137,5.699999809265137,5.510000228881836,5.559999942779541,3.8125033378601074,18252875
2018-12-20,5.539999961853027,5.570000171661377,5.289999961853027,5.329999923706055,3.6547913551330566,31035700
2018-12-21,5.289999961853027,5.289999961853027,5.099999904632568,5.239999771118164,3.593078374862671,27176744
2018-12-24,5.150000095367432,5.21999979019165,5.099999904632568,5.179999828338623,3.551935911178589,7426729
2018-12-27,5.21999979019165,5.309999942779541,5.150000095367432,5.170000076293945,3.545079469680786,17902361
2018-12-28,5.199999809265137,5.230000019073486,5.110000133514404,5.199999809265137,3.565650701522827,16412204
2018-12-31,5.320000171661377,5.409999847412109,5.25,5.360000133514404,3.6753628253936768,10022200
2019-01-02,5.309999942779541,5.329999923706055,5.099999904632568,5.190000057220459,3.558793783187866,20875164
2019-01-03,5.139999866485596,5.210000038146973,5.050000190734863,5.059999942779541,3.4696521759033203,12952000
2019-01-04,5.050000190734863,5.139999866485596,4.960000038146973,5.099999904632568,3.4970805644989014,20499424
2019-01-07,5.230000019073486,5.239999771118164,5.099999904632568,5.159999847412109,3.538221836090088,16307283
2019-01-08,5.190000057220459,5.199999809265137,5.059999942779541,5.110000133514404,3.503937244415283,13714785
2019-01-09,5.190000057220459,5.369999885559082,5.150000095367432,5.230000019073486,3.586221694946289,31211010
2019-01-10,5.28000020980835,5.28000020980835,5.170000076293945,5.239999771118164,3.593078374862671,12775450
2019-01-11,5.329999923706055,5.400000095367432,5.260000228881836,5.380000114440918,3.6890769004821777,22941260
2019-01-14,5.380000114440918,5.46999979019165,5.320000171661377,5.460000038146973,3.7439332008361816,30046011
2019-01-15,5.519999980926514,5.71999979019165,5.489999771118164,5.71999979019165,3.922215223312378,39255144
2019-01-16,5.730000019073486,5.880000114440918,5.659999847412109,5.809999942779541,3.9839284420013428,32536267
2019-01-17,5.860000133514404,5.889999866485596,5.710000038146973,5.829999923706055,3.9976425170898438,23045470
2019-01-18,5.860000133514404,5.889999866485596,5.75,5.800000190734863,3.97707200050354,28238030
2019-01-21,5.840000152587891,5.849999904632568,5.71999979019165,5.840000152587891,4.004499912261963,27652250
2019-01-22,5.840000152587891,5.840000152587891,5.650000095367432,5.739999771118164,3.935929298400879,20990653
2019-01-23,5.739999771118164,5.840000152587891,5.670000076293945,5.820000171661377,3.990786075592041,17808850
2019-01-24,5.840000152587891,5.869999885559082,5.769999980926514,5.869999885559082,4.025071144104004,27590479
2019-01-25,5.900000095367432,5.940000057220459,5.840000152587891,5.929999828338623,4.0662126541137695,26981460
2019-01-28,5.96999979019165,6.050000190734863,5.840000152587891,5.96999979019165,4.09364128112793,28601656
2019-01-29,5.900000095367432,6.03000020980835,5.849999904632568,6.019999980926514,4.127925872802734,16795029
2019-01-30,6.03000020980835,6.039999961853027,5.929999828338623,6.0,4.1142120361328125,17990010
2019-01-31,6.099999904632568,6.239999771118164,6.019999980926514,6.230000019073486,4.271924018859863,41958774
2019-02-01,6.289999961853027,6.300000190734863,6.139999866485596,6.260000228881836,4.292494773864746,15468951
2019-02-04,6.239999771118164,6.289999961853027,6.139999866485596,6.25,4.285637378692627,5773222
2019-02-08,6.199999809265137,6.239999771118164,6.059999942779541,6.190000057220459,4.244495391845703,15590472
2019-02-11,6.199999809265137,6.239999771118164,6.119999885559082,6.159999847412109,4.223924160003662,17205140
2019-02-12,6.199999809265137,6.199999809265137,6.099999904632568,6.150000095367432,4.217066764831543,20172810
2019-02-13,6.199999809265137,6.5,6.170000076293945,6.440000057220459,4.415921211242676,52798176
2019-02-14,6.400000095367432,6.5,6.269999980926514,6.389999866485596,4.3816351890563965,24962231
2019-02-15,6.340000152587891,6.349999904632568,6.170000076293945,6.199999809265137,4.251352310180664,18156434
2019-02-18,6.369999885559082,6.389999866485596,6.28000020980835,6.289999961853027,4.313065528869629,14594046
2019-02-19,6.309999942779541,6.5,6.28000020980835,6.329999923706055,4.340493679046631,18870869
2019-02-20,6.409999847412109,6.449999809265137,6.309999942779541,6.449999809265137,4.422778129577637,19331450
2019-02-21,6.400000095367432,6.570000171661377,6.369999885559082,6.5,4.457062721252441,28407890
2019-02-22,6.46999979019165,6.53000020980835,6.369999885559082,6.519999980926514,4.4707770347595215,19673626
2019-02-25,6.610000133514404,6.78000020980835,6.539999961853027,6.559999942779541,4.498205184936523,48041650
2019-02-26,6.539999961853027,6.550000190734863,6.340000152587891,6.360000133514404,4.361064434051514,52137500
2019-02-27,6.340000152587891,6.369999885559082,6.239999771118164,6.260000228881836,4.292494773864746,28528599
2019-02-28,6.320000171661377,6.389999866485596,6.159999847412109,6.25,4.285637378692627,27574827
2019-03-01,6.289999961853027,6.53000020980835,6.269999980926514,6.5,4.457062721252441,50726125
2019-03-04,6.53000020980835,6.78000020980835,6.489999771118164,6.769999980926514,4.642202377319336,77111865
2019-03-05,6.739999771118164,6.820000171661377,6.579999923706055,6.760000228881836,4.635345458984375,35674591
2019-03-06,6.809999942779541,6.949999809265137,6.710000038146973,6.840000152587891,4.690202236175537,34995623
2019-03-07,6.75,6.820000171661377,6.699999809265137,6.789999961853027,4.655917167663574,38697209
2019-03-08,6.679999828338623,6.71999979019165,6.400000095367432,6.429999828338623,4.409063816070557,107189178
2019-03-11,6.389999866485596,6.519999980926514,6.230000019073486,6.360000133514404,4.361064434051514,58805705
2019-03-12,6.400000095367432,6.5,6.349999904632568,6.360000133514404,4.361064434051514,29619699
2019-03-13,6.349999904632568,6.409999847412109,6.230000019073486,6.260000228881836,4.292494773864746,25814903
2019-03-14,6.28000020980835,6.360000133514404,6.210000038146973,6.210000038146973,4.258209705352783,24393518
2019-03-15,6.210000038146973,6.349999904632568,6.199999809265137,6.300000190734863,4.319922924041748,23284519
2019-03-18,6.059999942779541,6.059999942779541,5.869999885559082,6.039999961853027,4.1416401863098145,94875893
2019-03-19,6.079999923706055,6.21999979019165,6.010000228881836,6.130000114440918,4.203352928161621,53400238
2019-03-20,6.110000133514404,6.179999828338623,5.900000095367432,6.039999961853027,4.1416401863098145,51770489
2019-03-21,6.090000152587891,6.320000171661377,6.070000171661377,6.260000228881836,4.292494773864746,48407701
2019-03-22,6.349999904632568,6.369999885559082,6.21999979019165,6.349999904632568,4.354207992553711,32074629
2019-03-25,6.099999904632568,6.139999866485596,5.920000076293945,5.980000019073486,4.100497722625732,75407900
2019-03-26,6.059999942779541,6.079999923706055,5.869999885559082,5.900000095367432,4.045642375946045,37962648
2019-03-27,5.920000076293945,6.019999980926514,5.800000190734863,5.96999979019165,4.09364128112793,53550445
2019-03-28,6.010000228881836,6.159999847412109,5.949999809265137,6.119999885559082,4.19649600982666,64659574
2019-03-29,6.119999885559082,6.190000057220459,6.03000020980835,6.190000057220459,4.244495391845703,50275229
2019-04-01,6.28000020980835,6.519999980926514,6.28000020980835,6.489999771118164,4.4502058029174805,85592094
2019-04-02,6.599999904632568,6.699999809265137,6.510000228881836,6.630000114440918,4.546204090118408,63097575
2019-04-03,6.690000057220459,6.940000057220459,6.630000114440918,6.900000095367432,4.7313432693481445,65375610
2019-04-04,6.940000057220459,7.090000152587891,6.809999942779541,6.840000152587891,4.690202236175537,86217700
2019-04-08,7.0,7.360000133514404,6.920000076293945,7.349999904632568,5.039909839630127,89738756
2019-04-09,7.380000114440918,7.550000190734863,7.28000020980835,7.309999942779541,5.012481212615967,64872110
2019-04-10,7.269999980926514,7.590000152587891,7.269999980926514,7.539999961853027,5.170193672180176,59584352
2019-04-11,7.550000190734863,7.579999923706055,7.320000171661377,7.349999904632568,5.039909839630127,40972931
2019-04-12,7.349999904632568,7.570000171661377,7.28000020980835,7.519999980926514,5.1564788818359375,40630100
2019-04-15,7.699999809265137,7.889999866485596,7.53000020980835,7.599999904632568,5.211335182189941,65094819
2019-04-16,7.679999828338623,7.699999809265137,7.409999847412109,7.570000171661377,5.190764427185059,45325472
2019-04-17,7.510000228881836,7.590000152587891,7.360000133514404,7.510000228881836,5.149622440338135,39695979
2019-04-18,7.5,7.570000171661377,7.380000114440918,7.449999809265137,5.108479976654053,31178393
2019-04-23,7.110000133514404,7.239999771118164,6.690000057220459,7.139999866485596,4.8959126472473145,82263637
2019-04-24,7.21999979019165,7.360000133514404,7.170000076293945,7.349999904632568,5.039909839630127,37427097
2019-04-25,7.269999980926514,7.360000133514404,7.03000020980835,7.050000190734863,4.834198951721191,42599512
2019-04-26,7.119999885559082,7.320000171661377,7.050000190734863,7.300000190734863,5.005625247955322,41971120
2019-04-29,7.300000190734863,7.389999866485596,7.159999847412109,7.369999885559082,5.053623676300049,33245778
2019-04-30,7.480000019073486,7.480000019073486,7.179999828338623,7.369999885559082,5.053623676300049,39759595
2019-05-02,7.199999809265137,7.309999942779541,7.159999847412109,7.25,4.971339225769043,25791487
2019-05-03,7.210000038146973,7.300000190734863,7.170000076293945,7.260000228881836,4.978196620941162,16951650
2019-05-06,6.940000057220459,7.050000190734863,6.739999771118164,6.880000114440918,4.717630386352539,57817860
2019-05-07,6.929999828338623,7.070000171661377,6.829999923706055,6.900000095367432,4.7313432693481445,48605106
2019-05-08,6.760000228881836,6.829999923706055,6.599999904632568,6.619999885559082,4.5393476486206055,51911723
2019-05-09,6.630000114440918,6.679999828338623,6.429999828338623,6.519999980926514,4.4707770347595215,36470323
2019-05-10,6.650000095367432,6.730000019073486,6.429999828338623,6.670000076293945,4.573632717132568,36722693
2019-05-14,6.349999904632568,6.559999942779541,6.349999904632568,6.440000057220459,4.415921211242676,38510737
2019-05-15,6.519999980926514,6.550000190734863,6.409999847412109,6.409999847412109,4.395349979400635,30361120
2019-05-16,6.409999847412109,6.570000171661377,6.369999885559082,6.539999961853027,4.484490871429443,34820038
2019-05-17,6.579999923706055,6.579999923706055,6.260000228881836,6.269999980926514,4.299351692199707,40900808
2019-05-20,6.300000190734863,6.369999885559082,6.059999942779541,6.139999866485596,4.21021032333374,35788535
2019-05-21,6.150000095367432,6.329999923706055,6.099999904632568,6.210000038146973,4.258209705352783,26148392
2019-05-22,6.289999961853027,6.320000171661377,6.139999866485596,6.139999866485596,4.21021032333374,22219011
2019-05-23,6.150000095367432,6.190000057220459,5.980000019073486,6.0,4.1142120361328125,48514621
2019-05-24,6.090000152587891,6.170000076293945,6.039999961853027,6.070000171661377,4.1622114181518555,30237153
2019-05-27,6.070000171661377,6.099999904632568,5.960000038146973,6.079999923706055,4.169067859649658,28430193
2019-05-28,6.010000228881836,6.119999885559082,5.909999847412109,6.039999961853027,4.286062717437744,36928500
2019-05-29,5.980000019073486,6.130000114440918,5.960000038146973,6.03000020980835,4.278966903686523,29305610
2019-05-30,6.070000171661377,6.070000171661377,5.960000038146973,6.010000228881836,4.264774799346924,19437150
2019-05-31,6.03000020980835,6.119999885559082,5.980000019073486,6.03000020980835,4.278966903686523,25317875
2019-06-03,6.050000190734863,6.079999923706055,5.96999979019165,6.03000020980835,4.278966903686523,19417700
2019-06-04,6.050000190734863,6.079999923706055,5.860000133514404,5.860000133514404,4.158332347869873,22456113
2019-06-05,6.0,6.050000190734863,5.940000057220459,6.03000020980835,4.278966903686523,19804145
2019-06-06,6.0,6.03000020980835,5.900000095367432,5.929999828338623,4.208005428314209,20147000
2019-06-10,6.039999961853027,6.110000133514404,5.960000038146973,6.019999980926514,4.2718706130981445,58595710
2019-06-11,6.070000171661377,6.5,6.010000228881836,6.449999809265137,4.577004432678223,92810238
2019-06-12,6.400000095367432,6.5,6.320000171661377,6.400000095367432,4.541523456573486,28422505
2019-06-13,6.389999866485596,6.420000076293945,6.230000019073486,6.400000095367432,4.541523456573486,27295662
2019-06-14,6.349999904632568,6.489999771118164,6.349999904632568,6.360000133514404,4.513138771057129,34174204
2019-06-17,6.360000133514404,6.53000020980835,6.329999923706055,6.449999809265137,4.577004432678223,29211356
2019-06-18,6.449999809265137,6.650000095367432,6.400000095367432,6.619999885559082,4.697638511657715,36344913
2019-06-19,6.840000152587891,6.960000038146973,6.699999809265137,6.739999771118164,4.782792091369629,29153887
2019-06-20,6.829999923706055,6.880000114440918,6.710000038146973,6.849999904632568,4.860849380493164,23565720
2019-06-21,6.809999942779541,6.869999885559082,6.659999847412109,6.71999979019165,4.768599510192871,32604274
2019-06-24,6.710000038146973,6.789999961853027,6.619999885559082,6.639999866485596,4.711830139160156,26823198
2019-06-25,6.690000057220459,6.690000057220459,6.559999942779541,6.590000152587891,4.676350116729736,20128939
2019-06-26,6.590000152587891,6.760000228881836,6.519999980926514,6.75,4.78988790512085,32775312
2019-06-27,6.78000020980835,6.829999923706055,6.710000038146973,6.789999961853027,4.818273067474365,77215175
2019-06-28,6.820000171661377,6.909999847412109,6.769999980926514,6.849999904632568,4.860849380493164,56522488
2019-07-02,6.940000057220459,7.150000095367432,6.880000114440918,7.039999961853027,4.995675563812256,95917117
2019-07-03,7.039999961853027,7.179999828338623,6.960000038146973,7.079999923706055,5.024060249328613,61537755
2019-07-04,7.010000228881836,7.369999885559082,7.010000228881836,7.199999809265137,5.109213829040527,42646751
2019-07-05,7.25,7.5,7.190000057220459,7.440000057220459,5.279521465301514,65086623
2019-07-08,7.429999828338623,7.440000057220459,7.159999847412109,7.320000171661377,5.194367408752441,41562785
2019-07-09,7.340000152587891,7.449999809265137,7.289999961853027,7.389999866485596,5.244040489196777,32675357
2019-07-10,7.420000076293945,7.579999923706055,7.260000228881836,7.329999923706055,5.201463222503662,38993640
2019-07-11,7.360000133514404,7.409999847412109,7.260000228881836,7.300000190734863,5.18017578125,19665135
2019-07-12,7.340000152587891,7.429999828338623,7.269999980926514,7.320000171661377,5.194367408752441,29258227
2019-07-15,7.429999828338623,7.429999828338623,7.130000114440918,7.179999828338623,5.0950212478637695,52067979
2019-07-16,7.130000114440918,7.170000076293945,6.96999979019165,7.090000152587891,5.031156539916992,64849742
2019-07-17,7.079999923706055,7.309999942779541,7.039999961853027,7.269999980926514,5.158886909484863,38373430
2019-07-18,7.199999809265137,7.260000228881836,7.019999980926514,7.079999923706055,5.024060249328613,29225830
2019-07-19,7.079999923706055,7.329999923706055,7.079999923706055,7.230000019073486,5.130502700805664,36042094
2019-07-22,7.239999771118164,7.289999961853027,7.03000020980835,7.070000171661377,5.016963958740234,23293628
2019-07-23,7.099999904632568,7.150000095367432,7.039999961853027,7.119999885559082,5.052444934844971,16489259
2019-07-24,7.099999904632568,7.190000057220459,6.989999771118164,7.03000020980835,4.988580226898193,32164251
2019-07-25,7.039999961853027,7.139999866485596,7.010000228881836,7.039999961853027,4.995675563812256,26582941
2019-07-26,7.010000228881836,7.139999866485596,7.0,7.050000190734863,5.002771854400635,19838286
2019-07-29,7.050000190734863,7.190000057220459,7.03000020980835,7.150000095367432,5.073733329772949,30736937
2019-07-30,7.150000095367432,7.300000190734863,7.139999866485596,7.179999828338623,5.0950212478637695,18103237
2019-07-31,7.079999923706055,7.119999885559082,6.940000057220459,6.960000038146973,4.938906669616699,27053316
2019-08-01,6.849999904632568,6.940000057220459,6.78000020980835,6.880000114440918,4.882138252258301,36451941
2019-08-02,6.739999771118164,6.75,6.550000190734863,6.650000095367432,4.718926429748535,48841516
2019-08-05,6.550000190734863,6.570000171661377,6.360000133514404,6.46999979019165,4.591196537017822,36532530
2019-08-06,6.21999979019165,6.420000076293945,6.090000152587891,6.400000095367432,4.541523456573486,50638855
2019-08-07,6.420000076293945,6.480000019073486,6.300000190734863,6.369999885559082,4.520235061645508,20056009
2019-08-08,6.449999809265137,6.630000114440918,6.409999847412109,6.510000228881836,4.61958122253418,36332350
2019-08-09,6.559999942779541,6.659999847412109,6.420000076293945,6.429999828338623,4.562811851501465,16036393
2019-08-12,6.480000019073486,6.519999980926514,6.369999885559082,6.440000057220459,4.569908142089844,12334497
2019-08-13,6.380000114440918,6.420000076293945,6.199999809265137,6.289999961853027,4.463465690612793,19074183
2019-08-14,6.380000114440918,6.429999828338623,6.21999979019165,6.269999980926514,4.449274063110352,19097775
2019-08-15,6.139999866485596,6.440000057220459,6.130000114440918,6.340000152587891,4.498946666717529,27626770
2019-08-16,6.320000171661377,6.420000076293945,6.289999961853027,6.380000114440918,4.527331352233887,28430677
2019-08-19,6.429999828338623,6.670000076293945,6.429999828338623,6.599999904632568,4.683445930480957,30524238
2019-08-20,6.5,6.849999904632568,6.5,6.78000020980835,4.811176776885986,35799684
2019-08-21,6.789999961853027,6.900000095367432,6.699999809265137,6.829999923706055,4.846656799316406,21652950
2019-08-22,6.900000095367432,7.050000190734863,6.829999923706055,6.880000114440918,4.882138252258301,30016173
2019-08-23,6.849999904632568,6.940000057220459,6.730000019073486,6.920000076293945,4.9105224609375,19660266
2019-08-26,6.650000095367432,6.760000228881836,6.590000152587891,6.690000057220459,4.747311592102051,46382854
2019-08-27,6.800000190734863,6.849999904632568,6.690000057220459,6.75,4.78988790512085,30711110
2019-08-28,6.829999923706055,6.900000095367432,6.690000057220459,6.739999771118164,4.782792091369629,17947100
2019-08-29,6.739999771118164,6.760000228881836,6.5,6.630000114440918,4.7047343254089355,29784230
2019-08-30,6.75,6.820000171661377,6.610000133514404,6.71999979019165,4.768599510192871,50863910
2019-09-02,6.699999809265137,6.800000190734863,6.619999885559082,6.75,4.78988790512085,20694550
2019-09-03,6.739999771118164,6.849999904632568,6.639999866485596,6.679999828338623,4.740215301513672,19657573
2019-09-04,6.71999979019165,6.949999809265137,6.699999809265137,6.889999866485596,4.8892340660095215,46567843
2019-09-05,6.889999866485596,7.179999828338623,6.889999866485596,7.119999885559082,5.052444934844971,58189990
2019-09-06,7.130000114440918,7.269999980926514,7.079999923706055,7.260000228881836,5.151790618896484,57893963
2019-09-09,7.360000133514404,7.360000133514404,7.139999866485596,7.25,5.1446943283081055,25739403
2019-09-10,7.309999942779541,7.349999904632568,7.179999828338623,7.239999771118164,5.137598514556885,20921887
2019-09-11,7.260000228881836,7.309999942779541,7.21999979019165,7.300000190734863,5.18017578125,14523998
2019-09-12,7.309999942779541,7.380000114440918,7.28000020980835,7.329999923706055,5.201463222503662,14332313
2019-09-13,7.300000190734863,7.380000114440918,7.210000038146973,7.380000114440918,5.236944198608398,15706930
2019-09-16,7.329999923706055,7.46999979019165,7.239999771118164,7.389999866485596,5.244040489196777,25245373
2019-09-17,7.389999866485596,7.389999866485596,7.199999809265137,7.25,5.1446943283081055,24084604
2019-09-18,7.309999942779541,7.329999923706055,7.119999885559082,7.170000076293945,5.087925434112549,23332913
2019-09-19,7.239999771118164,7.25,7.110000133514404,7.159999847412109,5.08082914352417,20440371
2019-09-20,7.239999771118164,7.25,7.119999885559082,7.199999809265137,5.109213829040527,25958400
2019-09-23,7.239999771118164,7.239999771118164,7.010000228881836,7.079999923706055,5.024060249328613,20530875
2019-09-24,7.150000095367432,7.21999979019165,7.070000171661377,7.150000095367432,5.073733329772949,20860250
2019-09-25,7.170000076293945,7.170000076293945,6.989999771118164,7.039999961853027,4.995675563812256,24153485
2019-09-26,7.139999866485596,7.139999866485596,7.03000020980835,7.099999904632568,5.038252830505371,21521553
2019-09-27,7.119999885559082,7.119999885559082,6.929999828338623,7.0,4.967291355133057,14216669
2019-09-30,6.900000095367432,7.099999904632568,6.900000095367432,7.039999961853027,4.995675563812256,16021700
2019-10-02,7.0,7.050000190734863,6.909999847412109,6.96999979019165,4.946002960205078,12702450
2019-10-03,6.920000076293945,6.940000057220459,6.78000020980835,6.840000152587891,4.853753566741943,24001012
2019-10-04,6.889999866485596,6.889999866485596,6.769999980926514,6.860000133514404,4.867945671081543,17028515
2019-10-08,6.900000095367432,7.050000190734863,6.800000190734863,6.829999923706055,4.846656799316406,22134278
2019-10-09,6.829999923706055,6.900000095367432,6.78000020980835,6.809999942779541,4.832464694976807,18155222
2019-10-10,6.800000190734863,6.980000019073486,6.78000020980835,6.860000133514404,4.867945671081543,18727257
2019-10-11,6.96999979019165,7.179999828338623,6.940000057220459,7.110000133514404,5.045348644256592,33687365
2019-10-14,7.119999885559082,7.199999809265137,7.050000190734863,7.079999923706055,5.024060249328613,20277050
2019-10-15,7.119999885559082,7.119999885559082,6.889999866485596,6.949999809265137,4.93181037902832,21943549
2019-10-16,6.989999771118164,7.03000020980835,6.920000076293945,7.0,4.967291355133057,15961643
2019-10-17,6.900000095367432,7.050000190734863,6.869999885559082,6.980000019073486,4.953098773956299,23505850
2019-10-18,6.980000019073486,7.019999980926514,6.849999904632568,6.880000114440918,4.882138252258301,22714983
2019-10-21,6.909999847412109,6.909999847412109,6.760000228881836,6.860000133514404,4.867945671081543,17874194
2019-10-22,6.880000114440918,6.909999847412109,6.789999961853027,6.820000171661377,4.8395609855651855,16131523
2019-10-23,6.889999866485596,6.940000057220459,6.829999923706055,6.849999904632568,4.860849380493164,20977550
2019-10-24,6.909999847412109,6.920000076293945,6.840000152587891,6.920000076293945,4.9105224609375,15292752
2019-10-25,6.860000133514404,6.860000133514404,6.78000020980835,6.800000190734863,4.825368881225586,20687620
2019-10-28,6.889999866485596,6.889999866485596,6.710000038146973,6.769999980926514,4.804080009460449,17469176
2019-10-29,6.860000133514404,6.869999885559082,6.71999979019165,6.739999771118164,4.782792091369629,22426560
2019-10-30,6.730000019073486,6.739999771118164,6.619999885559082,6.659999847412109,4.726022720336914,22993792
2019-10-31,6.679999828338623,6.739999771118164,6.570000171661377,6.619999885559082,4.697638511657715,25128668
2019-11-01,6.739999771118164,6.920000076293945,6.71999979019165,6.889999866485596,4.8892340660095215,33418802
2019-11-04,6.929999828338623,7.199999809265137,6.900000095367432,7.190000057220459,5.102117538452148,40221089
2019-11-05,7.170000076293945,7.260000228881836,7.119999885559082,7.230000019073486,5.130502700805664,24203431
2019-11-06,7.199999809265137,7.340000152587891,7.199999809265137,7.289999961853027,5.173079490661621,22883333
2019-11-07,7.239999771118164,7.380000114440918,7.210000038146973,7.349999904632568,5.21565580368042,23948994
2019-11-08,7.380000114440918,7.440000057220459,7.309999942779541,7.400000095367432,5.251136779785156,23821544
2019-11-11,7.289999961853027,7.340000152587891,7.110000133514404,7.150000095367432,5.073733329772949,34523399
2019-11-12,7.199999809265137,7.239999771118164,7.070000171661377,7.210000038146973,5.116310119628906,21764978
2019-11-13,7.050000190734863,7.130000114440918,7.010000228881836,7.03000020980835,4.988580226898193,25536900
2019-11-14,7.039999961853027,7.159999847412109,6.920000076293945,6.980000019073486,4.953098773956299,24342217
2019-11-15,7.059999942779541,7.059999942779541,6.880000114440918,6.909999847412109,4.903425693511963,11979059
2019-11-18,7.010000228881836,7.099999904632568,6.860000133514404,7.039999961853027,4.995675563812256,16423468
2019-11-19,7.090000152587891,7.239999771118164,7.010000228881836,7.179999828338623,5.0950212478637695,25039770
2019-11-20,7.150000095367432,7.309999942779541,7.139999866485596,7.190000057220459,5.102117538452148,22881506
2019-11-21,7.119999885559082,7.349999904632568,7.099999904632568,7.25,5.1446943283081055,24809562
2019-11-22,7.25,7.590000152587891,7.21999979019165,7.400000095367432,5.251136779785156,48693047
2019-11-25,7.519999980926514,7.880000114440918,7.420000076293945,7.860000133514404,5.577558517456055,70967964
2019-11-26,7.929999828338623,7.980000019073486,7.75,7.829999923706055,5.556270599365234,41996071
2019-11-27,7.800000190734863,7.929999828338623,7.760000228881836,7.800000190734863,5.534981727600098,19880876
2019-11-28,7.71999979019165,7.920000076293945,7.710000038146973,7.78000020980835,5.520789623260498,17438651
2019-11-29,7.710000038146973,7.739999771118164,7.5,7.559999942779541,5.364675045013428,28153025
2019-12-02,7.699999809265137,7.739999771118164,7.599999904632568,7.690000057220459,5.4569244384765625,28427900
2019-12-03,7.559999942779541,7.630000114440918,7.429999828338623,7.619999885559082,5.407250881195068,28979400
2019-12-04,7.599999904632568,7.599999904632568,7.349999904632568,7.400000095367432,5.251136779785156,27962334
2019-12-05,7.5,7.5,7.300000190734863,7.420000076293945,5.265328884124756,32180468
2019-12-06,7.480000019073486,7.53000020980835,7.309999942779541,7.400000095367432,5.251136779785156,79938957
2019-12-09,7.480000019073486,7.550000190734863,7.369999885559082,7.380000114440918,5.236944198608398,37872023
2019-12-10,7.380000114440918,7.460000038146973,7.329999923706055,7.440000057220459,5.279521465301514,21224251
2019-12-11,7.389999866485596,7.639999866485596,7.389999866485596,7.559999942779541,5.364675045013428,24089407
2019-12-12,7.610000133514404,7.769999980926514,7.559999942779541,7.570000171661377,5.371771335601807,32229008
2019-12-13,7.670000076293945,7.710000038146973,7.579999923706055,7.650000095367432,5.428540229797363,31548791
2019-12-16,7.690000057220459,7.840000152587891,7.579999923706055,7.800000190734863,5.534981727600098,35446530
2019-12-17,7.869999885559082,7.869999885559082,7.730000019073486,7.789999961853027,5.527885437011719,25149708
2019-12-18,7.820000171661377,7.840000152587891,7.730000019073486,7.800000190734863,5.534981727600098,17728044
2019-12-19,7.760000228881836,7.809999942779541,7.599999904632568,7.650000095367432,5.428540229797363,19284254
2019-12-20,7.670000076293945,7.730000019073486,7.579999923706055,7.659999847412109,5.435636043548584,29093832
2019-12-23,7.639999866485596,7.860000133514404,7.579999923706055,7.789999961853027,5.527885437011719,32209157
2019-12-24,7.730000019073486,7.900000095367432,7.730000019073486,7.840000152587891,5.563366413116455,14992260
2019-12-27,8.0,8.199999809265137,7.940000057220459,8.119999885559082,5.762058258056641,41229222
2019-12-30,8.140000343322754,8.609999656677246,8.140000343322754,8.520000457763672,6.045904159545898,58307969
2019-12-31,8.470000267028809,8.729999542236328,8.4399995803833,8.699999809265137,6.173633098602295,26297478
2020-01-02,8.739999771118164,9.119999885559082,8.739999771118164,9.0,6.386517524719238,49464568
2020-01-03,9.050000190734863,9.050000190734863,8.779999732971191,8.869999885559082,6.294267654418945,30748478
2020-01-06,8.850000381469727,9.010000228881836,8.770000457763672,8.90999984741211,6.3226518630981445,28281662
2020-01-07,9.079999923706055,9.140000343322754,8.9399995803833,8.989999771118164,6.379420757293701,36759980
2020-01-08,8.8100004196167,8.949999809265137,8.729999542236328,8.770000457763672,6.223306655883789,38085170
2020-01-09,8.9399995803833,9.079999923706055,8.829999923706055,9.0,6.386517524719238,30102044
2020-01-10,9.0,9.010000228881836,8.850000381469727,8.949999809265137,6.351036548614502,20832040
2020-01-13,8.989999771118164,9.050000190734863,8.729999542236328,8.800000190734863,6.244594573974609,39670138
2020-01-14,8.869999885559082,9.0,8.770000457763672,8.979999542236328,6.3723249435424805,31385701
2020-01-15,9.010000228881836,9.100000381469727,8.960000038146973,9.069999694824219,6.436190128326416,42509435
2020-01-16,9.069999694824219,9.100000381469727,8.949999809265137,9.09000015258789,6.450382232666016,25565849
2020-01-17,9.100000381469727,9.430000305175781,9.010000228881836,9.430000305175781,6.691651344299316,43915802
2020-01-20,9.3100004196167,9.5600004196167,9.300000190734863,9.300000190734863,6.599401473999023,26852870
2020-01-21,9.199999809265137,9.239999771118164,8.729999542236328,8.739999771118164,6.202017784118652,45494220
2020-01-22,8.779999732971191,8.9399995803833,8.600000381469727,8.880000114440918,6.301363945007324,25776551
2020-01-23,8.729999542236328,8.739999771118164,8.34000015258789,8.569999694824219,6.081383228302002,33373123
2020-01-24,8.569999694824219,8.569999694824219,8.4399995803833,8.539999961853027,6.060095310211182,5999402
2020-01-29,8.109999656677246,8.260000228881836,8.039999961853027,8.0600004196167,5.719481468200684,29596440
2020-01-30,8.050000190734863,8.149999618530273,7.690000057220459,7.75,5.4995012283325195,33807850
2020-01-31,7.800000190734863,7.900000095367432,7.510000228881836,7.510000228881836,5.329194068908691,34626993
2020-02-03,7.449999809265137,7.739999771118164,7.28000020980835,7.670000076293945,5.442731857299805,61191345
2020-02-04,7.78000020980835,7.989999771118164,7.690000057220459,7.929999828338623,5.627231121063232,46542408
2020-02-05,7.96999979019165,8.140000343322754,7.809999942779541,7.889999866485596,5.598846912384033,37948587
2020-02-06,7.960000038146973,8.130000114440918,7.820000171661377,8.029999732971191,5.698192119598389,27677435
2020-02-07,8.050000190734863,8.079999923706055,7.829999923706055,7.909999847412109,5.613039493560791,24498298
2020-02-10,7.960000038146973,8.399999618530273,7.760000228881836,8.390000343322754,5.953653812408447,47546000
2020-02-11,8.40999984741211,8.569999694824219,8.329999923706055,8.460000038146973,6.003326416015625,27257651
2020-02-12,8.460000038146973,8.609999656677246,8.420000076293945,8.520000457763672,6.045904159545898,27379492
2020-02-13,8.600000381469727,8.760000228881836,8.5,8.670000076293945,6.152345180511475,34591246
2020-02-14,8.680000305175781,9.029999732971191,8.680000305175781,9.020000457763672,6.400709629058838,44730634
2020-02-17,9.029999732971191,9.3100004196167,8.989999771118164,9.25,6.563920021057129,46697525
2020-02-18,9.25,9.260000228881836,8.880000114440918,8.890000343322754,6.308460712432861,36621450
2020-02-19,8.920000076293945,9.270000457763672,8.899999618530273,9.109999656677246,6.464574337005615,33356185
2020-02-20,9.1899995803833,9.199999809265137,8.979999542236328,9.010000228881836,6.393613815307617,24737409
2020-02-21,8.949999809265137,9.109999656677246,8.90999984741211,8.920000076293945,6.32974910736084,22594450
2020-02-24,8.84000015258789,8.970000267028809,8.630000114440918,8.729999542236328,6.194921016693115,38082006
2020-02-25,8.630000114440918,8.770000457763672,8.4399995803833,8.600000381469727,6.102672100067139,32130150
2020-02-26,8.380000114440918,9.119999885559082,8.380000114440918,8.84000015258789,6.272979259490967,49191646
2020-02-27,8.800000190734863,9.319999694824219,8.800000190734863,9.270000457763672,6.578114032745361,57616558
2020-02-28,9.020000457763672,9.5,8.960000038146973,9.010000228881836,6.393613815307617,57133354
2020-03-02,9.0600004196167,10.100000381469727,9.0600004196167,9.930000305175781,7.046457290649414,119320651
2020-03-03,10.079999923706055,10.180000305175781,9.65999984741211,9.699999809265137,6.883245944976807,57373528
2020-03-04,9.800000190734863,9.890000343322754,9.609999656677246,9.729999542236328,6.904534816741943,38092644
2020-03-05,9.880000114440918,10.020000457763672,9.779999732971191,9.899999618530273,7.025169372558594,58006261
2020-03-06,9.8100004196167,9.850000381469727,9.579999923706055,9.600000381469727,6.812285423278809,35313792
2020-03-09,9.180000305175781,9.40999984741211,8.829999923706055,8.829999923706055,6.26588249206543,101629772
2020-03-10,8.890000343322754,9.260000228881836,8.550000190734863,8.9399995803833,6.343940734863281,61854755
2020-03-11,9.010000228881836,9.0600004196167,8.729999542236328,8.779999732971191,6.230402946472168,37519401
2020-03-12,8.600000381469727,8.670000076293945,8.319999694824219,8.390000343322754,5.953653812408447,54825932
2020-03-13,7.840000152587891,8.34000015258789,7.659999847412109,8.260000228881836,5.861403942108154,73247417
2020-03-16,8.029999732971191,8.140000343322754,7.5,7.699999809265137,5.464020729064941,62336153
2020-03-17,7.710000038146973,7.849999904632568,7.210000038146973,7.46999979019165,5.300809383392334,65942453
2020-03-18,7.449999809265137,7.800000190734863,6.980000019073486,7.0,4.967291355133057,86212838
2020-03-19,6.880000114440918,7.079999923706055,6.380000114440918,6.679999828338623,4.740215301513672,94178169
2020-03-20,6.78000020980835,7.53000020980835,6.78000020980835,7.400000095367432,5.251136779785156,81917591
2020-03-23,6.909999847412109,7.75,6.880000114440918,7.5,5.3220977783203125,88189199
2020-03-24,8.100000381469727,8.180000305175781,7.800000190734863,8.100000381469727,5.747866153717041,76007546
2020-03-25,8.399999618530273,8.569999694824219,7.980000019073486,8.199999809265137,5.818826675415039,85670927
2020-03-26,8.180000305175781,8.420000076293945,8.09000015258789,8.210000038146973,5.825922966003418,35302608
2020-03-27,8.449999809265137,8.449999809265137,8.210000038146973,8.260000228881836,5.861403942108154,44453730
2020-03-30,8.119999885559082,8.449999809265137,8.079999923706055,8.239999771118164,5.8472113609313965,25445725
2020-03-31,8.399999618530273,8.569999694824219,8.329999923706055,8.470000267028809,6.010422229766846,35766499
2020-04-01,8.4399995803833,8.619999885559082,8.199999809265137,8.279999732971191,5.875596046447754,37575627
2020-04-02,8.109999656677246,8.399999618530273,8.100000381469727,8.399999618530273,5.96074914932251,14369336
2020-04-03,8.319999694824219,8.350000381469727,8.180000305175781,8.300000190734863,5.8897881507873535,12447516
2020-04-06,8.430000305175781,8.5,8.140000343322754,8.479999542236328,6.017518043518066,19263738
2020-04-07,8.65999984741211,9.199999809265137,8.510000228881836,9.149999618530273,6.492959499359131,63948702
2020-04-08,9.0,9.210000038146973,8.9399995803833,9.0,6.386517524719238,29173620
2020-04-09,9.15999984741211,9.329999923706055,9.050000190734863,9.170000076293945,6.507152080535889,23836300
2020-04-14,9.239999771118164,9.489999771118164,9.149999618530273,9.329999923706055,6.620689868927002,27157607
2020-04-15,9.3100004196167,9.399999618530273,8.970000267028809,9.0,6.386517524719238,29086946
2020-04-16,8.960000038146973,9.3100004196167,8.9399995803833,9.079999923706055,6.443286418914795,26031055
2020-04-17,9.25,9.40999984741211,9.1899995803833,9.270000457763672,6.578114032745361,26277590
2020-04-20,9.350000381469727,9.550000190734863,9.300000190734863,9.34000015258789,6.627786636352539,23685335
2020-04-21,9.399999618530273,9.399999618530273,9.109999656677246,9.1899995803833,6.521343231201172,30053857
2020-04-22,9.119999885559082,9.600000381469727,9.119999885559082,9.510000228881836,6.748419284820557,28530113
2020-04-23,9.550000190734863,9.84000015258789,9.4399995803833,9.449999809265137,6.705842971801758,20291589
2020-04-24,9.40999984741211,9.510000228881836,9.220000267028809,9.220000267028809,6.542632579803467,17324296
2020-04-27,9.350000381469727,9.5600004196167,9.270000457763672,9.460000038146973,6.712939739227295,17413952
2020-04-28,9.420000076293945,9.460000038146973,9.289999961853027,9.399999618530273,6.67036247253418,13198335
2020-04-29,9.399999618530273,9.75,9.369999885559082,9.75,6.918727397918701,22053686
2020-05-04,9.4399995803833,9.479999542236328,9.199999809265137,9.229999542236328,6.549727916717529,19492126
2020-05-05,9.350000381469727,9.479999542236328,9.199999809265137,9.300000190734863,6.599401473999023,7758222
2020-05-06,9.329999923706055,9.460000038146973,9.170000076293945,9.300000190734863,6.599401473999023,29073193
2020-05-07,9.430000305175781,9.6899995803833,9.350000381469727,9.569999694824219,6.79099702835083,22046265
2020-05-08,9.619999885559082,9.880000114440918,9.520000457763672,9.859999656677246,6.996784687042236,33419312
2020-05-11,9.899999618530273,10.239999771118164,9.899999618530273,9.930000305175781,7.046457290649414,35242652
2020-05-12,9.949999809265137,10.079999923706055,9.640000343322754,9.680000305175781,6.869054794311523,36855027
2020-05-13,9.579999923706055,9.970000267028809,9.470000267028809,9.770000457763672,6.932919979095459,32587692
2020-05-14,9.609999656677246,9.760000228881836,9.390000343322754,9.479999542236328,6.7271318435668945,47450195
2020-05-15,9.600000381469727,9.770000457763672,9.5,9.649999618530273,6.8477654457092285,16668342
2020-05-18,9.699999809265137,9.960000038146973,9.670000076293945,9.890000343322754,7.018074035644531,34621580
2020-05-19,10.140000343322754,10.239999771118164,9.779999732971191,9.789999961853027,6.947112560272217,28345341
2020-05-20,9.800000190734863,9.859999656677246,9.539999961853027,9.640000343322754,6.840670108795166,26771512
2020-05-21,9.630000114440918,9.720000267028809,9.470000267028809,9.539999961853027,6.769708156585693,19994907
2020-05-22,9.430000305175781,9.460000038146973,8.850000381469727,9.0600004196167,6.429094314575195,52151220
2020-05-25,8.949999809265137,9.149999618530273,8.739999771118164,9.140000343322754,6.48586368560791,25617964
2020-05-26,8.899999618530273,9.09000015258789,8.670000076293945,8.829999923706055,6.539504528045654,23679350
2020-05-27,8.84000015258789,9.0,8.630000114440918,8.739999771118164,6.472850322723389,18461500
2020-05-28,8.600000381469727,8.890000343322754,8.529999732971191,8.649999618530273,6.406196117401123,18681814
2020-05-29,8.550000190734863,8.739999771118164,8.529999732971191,8.699999809265137,6.443226337432861,30275574
2020-06-01,8.84000015258789,9.050000190734863,8.8100004196167,9.039999961853027,6.69503116607666,22079598
2020-06-02,9.0,9.069999694824219,8.90999984741211,9.050000190734863,6.702436923980713,15578790
2020-06-03,9.079999923706055,9.210000038146973,9.050000190734863,9.100000381469727,6.739467144012451,20011014
2020-06-04,9.180000305175781,9.229999542236328,8.90999984741211,9.130000114440918,6.761684894561768,32439895
2020-06-05,9.0600004196167,9.220000267028809,8.84000015258789,8.960000038146973,6.635782241821289,28283365
2020-06-08,9.0,9.020000457763672,8.680000305175781,8.789999961853027,6.509881496429443,47053838
2020-06-09,8.800000190734863,9.020000457763672,8.720000267028809,8.84000015258789,6.546910762786865,25477699
2020-06-10,8.899999618530273,9.279999732971191,8.869999885559082,9.199999809265137,6.813526630401611,49361309
2020-06-11,9.130000114440918,9.239999771118164,8.850000381469727,8.930000305175781,6.613564968109131,30213027
2020-06-12,8.699999809265137,8.84000015258789,8.619999885559082,8.829999923706055,6.539504528045654,37041905
2020-06-15,8.829999923706055,8.829999923706055,8.449999809265137,8.529999732971191,6.317324638366699,45143157
2020-06-16,8.65999984741211,8.880000114440918,8.65999984741211,8.770000457763672,6.495068550109863,24451008
2020-06-17,8.699999809265137,8.899999618530273,8.699999809265137,8.859999656677246,6.561722278594971,19429600
2020-06-18,8.869999885559082,8.869999885559082,8.710000038146973,8.779999732971191,6.502474784851074,23258845
2020-06-19,8.699999809265137,8.84000015258789,8.630000114440918,8.699999809265137,6.443226337432861,30623451
2020-06-22,8.630000114440918,8.75,8.489999771118164,8.569999694824219,6.34694766998291,27862456
2020-06-23,8.579999923706055,8.579999923706055,8.350000381469727,8.5,6.295106887817383,17074822
2020-06-24,8.460000038146973,8.5600004196167,8.329999923706055,8.350000381469727,6.184016227722168,23970754
2020-06-26,8.319999694824219,8.479999542236328,8.170000076293945,8.220000267028809,6.087738513946533,19222079
2020-06-29,8.15999984741211,8.300000190734863,7.949999809265137,8.079999923706055,5.984053611755371,39088198
2020-06-30,8.109999656677246,8.25,8.050000190734863,8.25,6.10995626449585,29463764
2020-07-02,8.279999732971191,8.770000457763672,8.279999732971191,8.770000457763672,6.495068550109863,51734421
2020-07-03,8.84000015258789,8.850000381469727,8.640000343322754,8.760000228881836,6.487663269042969,25915883
2020-07-06,8.9399995803833,9.25,8.829999923706055,9.25,6.85055685043335,55120311
2020-07-07,9.3100004196167,9.390000343322754,8.960000038146973,9.010000228881836,6.672813415527344,38590816
2020-07-08,9.020000457763672,9.170000076293945,8.880000114440918,8.970000267028809,6.643188953399658,35255858
2020-07-09,9.0,9.0,8.789999961853027,8.850000381469727,6.554316997528076,36185471
2020-07-10,8.789999961853027,8.84000015258789,8.420000076293945,8.5600004196167,6.339542865753174,44716491
2020-07-13,8.630000114440918,8.960000038146973,8.510000228881836,8.850000381469727,6.554316997528076,33745355
2020-07-14,8.850000381469727,9.050000190734863,8.649999618530273,8.859999656677246,6.561722278594971,29505311
2020-07-15,8.979999542236328,9.039999961853027,8.579999923706055,8.720000267028809,6.458039283752441,29516152
2020-07-16,8.680000305175781,8.800000190734863,8.470000267028809,8.470000267028809,6.27288818359375,32442550
2020-07-17,8.479999542236328,8.600000381469727,8.40999984741211,8.550000190734863,6.332136631011963,33413592
2020-07-20,8.600000381469727,9.90999984741211,8.600000381469727,9.739999771118164,7.213451385498047,129924333
2020-07-21,10.0,10.020000457763672,9.359999656677246,9.770000457763672,7.23567008972168,61539536
2020-07-22,9.800000190734863,9.979999542236328,9.350000381469727,9.380000114440918,6.946835517883301,48780585
2020-07-23,9.489999771118164,9.699999809265137,9.220000267028809,9.4399995803833,6.991271018981934,28893668
2020-07-24,9.34000015258789,9.579999923706055,9.0,9.100000381469727,6.739467144012451,35719891
2020-07-27,10.100000381469727,10.65999984741211,9.899999618530273,10.020000457763672,7.420820236206055,155356381
2020-07-28,10.239999771118164,10.539999961853027,10.0600004196167,10.34000015258789,7.657811641693115,62648243
2020-07-29,10.34000015258789,11.180000305175781,10.239999771118164,10.9399995803833,8.102170944213867,86587442
2020-07-30,11.079999923706055,11.979999542236328,11.079999923706055,11.960000038146973,8.857584953308105,102158288
2020-07-31,12.079999923706055,12.319999694824219,11.699999809265137,12.020000457763672,8.902022361755371,60039283
2020-08-03,12.279999732971191,12.800000190734863,12.220000267028809,12.640000343322754,9.361194610595703,70517610
2020-08-04,12.699999809265137,12.800000190734863,12.0600004196167,12.119999885559082,8.976080894470215,56980950
2020-08-05,12.119999885559082,12.520000457763672,12.079999923706055,12.359999656677246,9.153825759887695,34641552
2020-08-06,12.359999656677246,12.600000381469727,12.100000381469727,12.520000457763672,9.272321701049805,36962898
2020-08-07,12.460000038146973,13.619999885559082,12.15999984741211,13.520000457763672,10.012923240661621,89001370
2020-08-10,13.880000114440918,14.079999923706055,12.399999618530273,12.399999618530273,9.183448791503906,122245628
2020-08-11,12.579999923706055,13.0,12.319999694824219,12.579999923706055,9.316758155822754,68425426
2020-08-12,12.4399995803833,12.5,11.260000228881836,11.579999923706055,8.576156616210938,91110855
2020-08-13,11.779999732971191,11.779999732971191,11.140000343322754,11.260000228881836,8.339164733886719,76547688
2020-08-14,11.300000190734863,11.65999984741211,11.199999809265137,11.300000190734863,8.368788719177246,41111138
2020-08-17,11.420000076293945,12.319999694824219,11.359999656677246,12.0,8.88720989227295,65481982
2020-08-18,12.15999984741211,12.260000228881836,11.920000076293945,12.0600004196167,8.931645393371582,37488696
2020-08-19,12.199999809265137,12.199999809265137,11.680000305175781,11.760000228881836,8.709465026855469,24601854
2020-08-20,11.800000190734863,11.800000190734863,11.4399995803833,11.579999923706055,8.576156616210938,36876870
2020-08-21,11.600000381469727,11.739999771118164,11.5,11.600000381469727,8.590970039367676,18427294
2020-08-24,11.800000190734863,12.140000343322754,11.699999809265137,12.020000457763672,8.902022361755371,35388349
2020-08-25,12.020000457763672,12.100000381469727,11.680000305175781,11.720000267028809,8.679841041564941,32149410
2020-08-26,11.65999984741211,11.859999656677246,11.460000038146973,11.520000457763672,8.531721115112305,26526607
2020-08-27,11.579999923706055,11.579999923706055,10.720000267028809,11.319999694824219,8.383601188659668,62480238
2020-08-28,11.380000114440918,11.619999885559082,11.15999984741211,11.220000267028809,8.309541702270508,30202599
2020-08-31,11.199999809265137,11.640000343322754,10.899999618530273,10.899999618530273,8.072547912597656,53686385
2020-09-01,11.100000381469727,11.300000190734863,10.960000038146973,11.079999923706055,8.205856323242188,32684159
2020-09-02,11.100000381469727,11.100000381469727,10.600000381469727,10.720000267028809,7.939239978790283,50169219
2020-09-03,10.819999694824219,11.399999618530273,10.720000267028809,10.960000038146973,8.116984367370605,46592345
2020-09-04,10.800000190734863,11.15999984741211,10.760000228881836,11.140000343322754,8.25029182434082,25520504
2020-09-07,11.239999771118164,11.420000076293945,10.920000076293945,10.960000038146973,8.116984367370605,25492168
2020-09-08,11.15999984741211,11.180000305175781,10.65999984741211,10.84000015258789,8.028112411499023,29458758
2020-09-09,10.680000305175781,10.819999694824219,10.479999542236328,10.520000457763672,7.791119575500488,24188959
2020-09-10,10.720000267028809,10.800000190734863,10.479999542236328,10.579999923706055,7.835556507110596,21067467
2020-09-11,10.579999923706055,10.800000190734863,10.479999542236328,10.680000305175781,7.909616470336914,17130286
2020-09-14,10.779999732971191,10.979999542236328,10.600000381469727,10.84000015258789,8.028112411499023,28185612
2020-09-15,10.739999771118164,10.800000190734863,10.5,10.680000305175781,7.909616470336914,20435813
2020-09-16,10.699999809265137,11.100000381469727,10.680000305175781,10.859999656677246,8.042923927307129,23413974
2020-09-17,10.859999656677246,11.0,10.600000381469727,10.699999809265137,7.924428462982178,17166278
2020-09-18,10.779999732971191,10.84000015258789,10.5600004196167,10.720000267028809,7.939239978790283,27570179
2020-09-21,10.720000267028809,10.819999694824219,10.260000228881836,10.279999732971191,7.613376140594482,27653148
2020-09-22,10.380000114440918,10.460000038146973,10.199999809265137,10.260000228881836,7.598564147949219,15529546
2020-09-23,10.260000228881836,10.399999618530273,10.119999885559082,10.279999732971191,7.613376140594482,14670266
2020-09-24,10.100000381469727,10.220000267028809,9.930000305175781,10.079999923706055,7.465256214141846,20378338
2020-09-25,10.199999809265137,10.239999771118164,9.880000114440918,9.930000305175781,7.354165554046631,17999522
2020-09-28,9.989999771118164,10.119999885559082,9.880000114440918,9.949999809265137,7.368978023529053,15176650
2020-09-29,9.949999809265137,10.079999923706055,9.729999542236328,9.75,7.220857620239258,11028073
2020-09-30,9.899999618530273,10.140000343322754,9.75,9.779999732971191,7.243075370788574,15445570
2020-10-05,10.0,10.079999923706055,9.65999984741211,9.720000267028809,7.198639392852783,14472209
2020-10-06,9.8100004196167,10.079999923706055,9.789999961853027,10.079999923706055,7.465256214141846,11545478
2020-10-07,10.039999961853027,10.079999923706055,9.800000190734863,10.020000457763672,7.420820236206055,11489680
2020-10-08,10.0600004196167,10.199999809265137,9.84000015258789,10.140000343322754,7.5096917152404785,16701785
2020-10-09,10.199999809265137,10.220000267028809,9.880000114440918,10.0,7.406008243560791,28625142
2020-10-12,10.039999961853027,10.199999809265137,10.020000457763672,10.119999885559082,7.494879722595215,18947971
2020-10-14,10.15999984741211,10.199999809265137,9.449999809265137,9.75,7.220857620239258,49206609
2020-10-15,9.699999809265137,10.300000190734863,9.699999809265137,9.920000076293945,7.34675931930542,35578856
2020-10-16,10.0600004196167,10.300000190734863,9.960000038146973,10.119999885559082,7.494879722595215,24713886
2020-10-19,10.479999542236328,10.479999542236328,9.819999694824219,9.859999656677246,7.302323818206787,24904144
2020-10-20,9.869999885559082,9.970000267028809,9.760000228881836,9.890000343322754,7.32454252243042,12309727
2020-10-21,9.670000076293945,9.779999732971191,9.550000190734863,9.670000076293945,7.161609649658203,24605400
2020-10-22,9.680000305175781,9.680000305175781,9.270000457763672,9.470000267028809,7.013490200042725,27338132
2020-10-23,9.460000038146973,9.489999771118164,9.109999656677246,9.199999809265137,6.813526630401611,30060434
2020-10-27,9.180000305175781,9.199999809265137,8.90999984741211,9.0600004196167,6.709842681884766,34085837
2020-10-28,9.149999618530273,9.170000076293945,8.84000015258789,8.890000343322754,6.58394193649292,22167500
2020-10-29,8.760000228881836,9.130000114440918,8.760000228881836,8.90999984741211,6.598752498626709,26516952
2020-10-30,8.90999984741211,8.979999542236328,8.729999542236328,8.890000343322754,6.58394193649292,27668257
2020-11-02,9.069999694824219,9.6899995803833,9.029999732971191,9.350000381469727,6.924617290496826,45683852
2020-11-03,9.420000076293945,9.619999885559082,9.34000015258789,9.489999771118164,7.028300762176514,24192949
2020-11-04,9.3100004196167,9.729999542236328,9.3100004196167,9.609999656677246,7.117172718048096,25891072
2020-11-05,9.8100004196167,10.100000381469727,9.710000038146973,10.039999961853027,7.43563175201416,40003461
2020-11-06,10.140000343322754,10.300000190734863,9.9399995803833,10.020000457763672,7.420820236206055,29352322
2020-11-09,10.180000305175781,10.260000228881836,10.0,10.140000343322754,7.5096917152404785,21575858
2020-11-10,10.300000190734863,10.300000190734863,9.850000381469727,9.970000267028809,7.383790016174316,25367424
2020-11-11,9.930000305175781,11.119999885559082,9.880000114440918,11.039999961853027,8.17623233795166,81049564
2020-11-12,11.100000381469727,11.140000343322754,10.539999961853027,10.960000038146973,8.116984367370605,46335911
2020-11-13,10.739999771118164,10.819999694824219,10.319999694824219,10.600000381469727,7.850369453430176,38641494
2020-11-16,10.800000190734863,11.079999923706055,10.640000343322754,10.920000076293945,8.087360382080078,28107783
2020-11-17,11.079999923706055,11.539999961853027,10.899999618530273,11.220000267028809,8.309541702270508,50025410
2020-11-18,11.279999732971191,11.279999732971191,10.960000038146973,11.199999809265137,8.29472827911377,20290839
2020-11-19,11.100000381469727,11.100000381469727,10.760000228881836,10.899999618530273,8.072547912597656,17216300
2020-11-20,11.0,11.0,10.65999984741211,10.880000114440918,8.05773639678955,22188697
2020-11-23,10.779999732971191,11.34000015258789,10.760000228881836,11.300000190734863,8.368788719177246,36963795
2020-11-24,11.380000114440918,11.539999961853027,11.039999961853027,11.0600004196167,8.191043853759766,30056644
2020-11-25,11.279999732971191,11.300000190734863,10.520000457763672,10.600000381469727,7.850369453430176,36465616
2020-11-26,10.619999885559082,10.779999732971191,10.539999961853027,10.699999809265137,7.924428462982178,12080121
2020-11-27,10.699999809265137,10.9399995803833,10.619999885559082,10.84000015258789,8.028112411499023,10792408
2020-11-30,10.84000015258789,11.0,10.180000305175781,10.180000305175781,7.539316177368164,62689479
2020-12-01,10.300000190734863,10.619999885559082,10.279999732971191,10.399999618530273,7.702248573303223,19443414
2020-12-02,10.479999542236328,10.760000228881836,10.279999732971191,10.300000190734863,7.628188133239746,14485059
2020-12-03,10.319999694824219,10.539999961853027,10.100000381469727,10.5,7.776308536529541,23248490
2020-12-04,10.5,10.5,10.119999885559082,10.220000267028809,7.568939685821533,29090862
2020-12-07,10.180000305175781,10.180000305175781,9.729999542236328,9.800000190734863,7.25788688659668,41953262
2020-12-08,9.989999771118164,9.989999771118164,9.59000015258789,9.65999984741211,7.15420389175415,27479412
2020-12-09,9.65999984741211,9.75,9.489999771118164,9.529999732971191,7.057925224304199,19769568
2020-12-10,9.5,9.5600004196167,9.329999923706055,9.470000267028809,7.013490200042725,21425375
2020-12-11,9.569999694824219,9.699999809265137,9.329999923706055,9.40999984741211,6.969052314758301,21439684
2020-12-14,9.359999656677246,9.449999809265137,9.220000267028809,9.319999694824219,6.902398586273193,21105950
2020-12-15,9.289999961853027,9.390000343322754,9.069999694824219,9.220000267028809,6.828339099884033,27211969
2020-12-16,9.1899995803833,9.569999694824219,9.180000305175781,9.329999923706055,6.909804821014404,23114224
2020-12-17,9.359999656677246,9.779999732971191,9.329999923706055,9.619999885559082,7.124578952789307,31782997
2020-12-18,9.619999885559082,9.869999885559082,9.489999771118164,9.640000343322754,7.1393914222717285,35523658
2020-12-21,9.640000343322754,9.640000343322754,9.149999618530273,9.25,6.85055685043335,34896217
2020-12-22,9.25,9.25,8.979999542236328,9.119999885559082,6.754278659820557,29898092
2020-12-23,9.15999984741211,9.170000076293945,8.899999618530273,8.979999542236328,6.650594711303711,24271216
2020-12-24,8.960000038146973,8.960000038146973,8.960000038146973,8.960000038146973,6.635782241821289,0
2020-12-28,8.899999618530273,9.100000381469727,8.699999809265137,8.75,6.4802565574646,45801300
2020-12-29,8.819999694824219,9.010000228881836,8.760000228881836,8.979999542236328,6.650594711303711,22497531
2020-12-30,9.020000457763672,9.0600004196167,8.899999618530273,9.020000457763672,6.680218696594238,18763653
2020-12-31,9.350000381469727,9.350000381469727,9.350000381469727,9.350000381469727,6.924617290496826,0
2021-01-04,9.319999694824219,9.350000381469727,8.84000015258789,8.979999542236328,6.650594711303711,45315431
2021-01-05,9.0,9.050000190734863,8.819999694824219,8.989999771118164,6.658000469207764,27506047
2021-01-06,9.0,9.699999809265137,8.90999984741211,9.649999618530273,7.146797180175781,75589003
2021-01-07,9.760000228881836,9.899999618530273,9.5,9.859999656677246,7.302323818206787,57778189
2021-01-08,9.989999771118164,10.119999885559082,9.739999771118164,9.819999694824219,7.272698879241943,46544296
2021-01-11,9.920000076293945,9.979999542236328,9.449999809265137,9.59000015258789,7.10236120223999,39463761
2021-01-12,9.649999618530273,10.359999656677246,9.569999694824219,10.260000228881836,7.598564147949219,59178308
2021-01-13,10.380000114440918,10.5,10.020000457763672,10.199999809265137,7.554128170013428,45319700
2021-01-14,10.260000228881836,10.399999618530273,9.9399995803833,10.039999961853027,7.43563175201416,36432367
2021-01-15,9.960000038146973,10.0,9.630000114440918,9.789999961853027,7.250482082366943,34406631
2021-01-18,9.869999885559082,10.199999809265137,9.649999618530273,10.100000381469727,7.480068206787109,38260501
2021-01-19,10.260000228881836,10.779999732971191,10.079999923706055,10.65999984741211,7.894804000854492,88869315
2021-01-20,10.600000381469727,10.739999771118164,10.199999809265137,10.300000190734863,7.628188133239746,55624336
2021-01-21,10.380000114440918,10.5,10.079999923706055,10.420000076293945,7.71705961227417,40400047
2021-01-22,10.279999732971191,10.380000114440918,9.970000267028809,9.970000267028809,7.383790016174316,41562829
2021-01-25,9.970000267028809,10.0600004196167,9.720000267028809,9.789999961853027,7.250482082366943,33073252
2021-01-26,9.789999961853027,9.789999961853027,9.40999984741211,9.550000190734863,7.072737216949463,39740643
2021-01-27,9.5600004196167,9.819999694824219,9.350000381469727,9.800000190734863,7.25788688659668,31664727
2021-01-28,9.520000457763672,9.600000381469727,9.359999656677246,9.390000343322754,6.9542412757873535,36401977
2021-01-29,9.59000015258789,9.65999984741211,9.220000267028809,9.289999961853027,6.880180835723877,41878304
2021-02-01,9.220000267028809,9.6899995803833,9.220000267028809,9.479999542236328,7.020895004272461,20637403
2021-02-02,9.670000076293945,10.039999961853027,9.569999694824219,9.729999542236328,7.206045150756836,45830923
2021-02-03,9.65999984741211,9.920000076293945,9.65999984741211,9.770000457763672,7.23567008972168,24742501
2021-02-04,9.699999809265137,9.760000228881836,9.449999809265137,9.720000267028809,7.198639392852783,26675814
2021-02-05,9.699999809265137,9.899999618530273,9.579999923706055,9.770000457763672,7.23567008972168,22840105
2021-02-08,10.0,10.399999618530273,9.899999618530273,9.989999771118164,7.39860200881958,44680076
2021-02-09,10.0,10.300000190734863,9.859999656677246,10.140000343322754,7.5096917152404785,23224291
2021-02-10,10.279999732971191,10.4399995803833,10.039999961853027,10.039999961853027,7.43563175201416,19834690
2021-02-11,10.0600004196167,10.0600004196167,10.0600004196167,10.0600004196167,7.450443744659424,0
2021-02-16,10.039999961853027,10.460000038146973,10.039999961853027,10.34000015258789,7.657811641693115,21018499
2021-02-17,10.399999618530273,10.739999771118164,10.279999732971191,10.640000343322754,7.8799920082092285,28134011
2021-02-18,10.680000305175781,10.739999771118164,10.279999732971191,10.319999694824219,7.642998695373535,36937970
2021-02-19,10.359999656677246,12.100000381469727,10.199999809265137,11.84000015258789,8.768712997436523,147498429
2021-02-22,12.100000381469727,12.680000305175781,11.84000015258789,12.15999984741211,9.005705833435059,120680395
2021-02-23,11.920000076293945,12.5,11.800000190734863,11.979999542236328,8.872396469116211,59789094
2021-02-24,12.100000381469727,13.180000305175781,11.720000267028809,11.9399995803833,8.8427734375,130517132
2021-02-25,12.399999618530273,13.0,12.119999885559082,12.520000457763672,9.272321701049805,79742899
2021-02-26,11.9399995803833,12.5,11.699999809265137,11.760000228881836,8.709465026855469,74279466
2021-03-01,12.140000343322754,12.300000190734863,11.720000267028809,12.0,8.88720989227295,37002281
2021-03-02,12.180000305175781,13.100000381469727,12.140000343322754,12.579999923706055,9.316758155822754,76693756
2021-03-03,13.199999809265137,13.300000190734863,11.720000267028809,12.0600004196167,8.931645393371582,123151355
2021-03-04,11.899999618530273,12.4399995803833,11.699999809265137,11.739999771118164,8.694653511047363,74768161
2021-03-05,11.5,11.5,10.239999771118164,10.699999809265137,7.924428462982178,163868735
2021-03-08,10.899999618530273,11.260000228881836,10.5600004196167,10.600000381469727,7.850369453430176,65367613
2021-03-09,10.539999961853027,10.9399995803833,10.359999656677246,10.539999961853027,7.80593204498291,52046043
2021-03-10,10.739999771118164,10.800000190734863,10.15999984741211,10.399999618530273,7.702248573303223,51524280
2021-03-11,10.479999542236328,11.079999923706055,10.479999542236328,11.039999961853027,8.17623233795166,46741152
2021-03-12,11.180000305175781,11.300000190734863,10.880000114440918,10.979999542236328,8.131796836853027,40234002
2021-03-15,11.079999923706055,11.380000114440918,11.020000457763672,11.15999984741211,8.265104293823242,42350655
2021-03-16,11.239999771118164,11.279999732971191,10.699999809265137,11.020000457763672,8.161421775817871,29567461
2021-03-17,11.0,11.15999984741211,10.859999656677246,11.079999923706055,8.205856323242188,17509477
2021-03-18,11.15999984741211,11.399999618530273,11.020000457763672,11.079999923706055,8.205856323242188,24536635
2021-03-19,10.9399995803833,11.100000381469727,10.479999542236328,10.680000305175781,7.909616470336914,44913376
2021-03-22,10.699999809265137,11.039999961853027,10.619999885559082,10.84000015258789,8.028112411499023,27227547
2021-03-23,10.9399995803833,11.020000457763672,10.399999618530273,10.539999961853027,7.80593204498291,27227237
2021-03-24,10.420000076293945,10.520000457763672,10.15999984741211,10.260000228881836,7.598564147949219,29017268
2021-03-25,10.319999694824219,10.460000038146973,10.0600004196167,10.399999618530273,7.702248573303223,21283492
2021-03-26,10.520000457763672,10.539999961853027,10.199999809265137,10.319999694824219,7.642998695373535,26809186
2021-03-29,10.539999961853027,11.140000343322754,10.539999961853027,11.039999961853027,8.17623233795166,52786740
2021-03-30,11.020000457763672,11.460000038146973,10.9399995803833,11.319999694824219,8.383601188659668,50706281
2021-03-31,11.34000015258789,11.4399995803833,10.9399995803833,11.220000267028809,8.309541702270508,37167202
2021-04-01,11.220000267028809,11.4399995803833,11.0600004196167,11.260000228881836,8.339164733886719,31825890
2021-04-07,11.460000038146973,12.0600004196167,11.220000267028809,11.920000076293945,8.827960968017578,45918141
2021-04-08,11.979999542236328,12.180000305175781,11.720000267028809,12.0,8.88720989227295,34790186
2021-04-09,12.0,12.4399995803833,11.899999618530273,12.140000343322754,8.990894317626953,40402082
2021-04-12,12.140000343322754,12.199999809265137,11.479999542236328,11.640000343322754,8.620593070983887,42684872
2021-04-13,11.640000343322754,11.899999618530273,11.539999961853027,11.640000343322754,8.620593070983887,15979386
2021-04-14,11.739999771118164,11.9399995803833,11.5600004196167,11.9399995803833,8.8427734375,19778367
2021-04-15,11.84000015258789,11.859999656677246,11.5,11.84000015258789,8.768712997436523,21920746
2021-04-16,11.880000114440918,11.979999542236328,11.65999984741211,11.899999618530273,8.813148498535156,21249888
2021-04-19,11.800000190734863,12.34000015258789,11.600000381469727,12.100000381469727,8.96126937866211,26084250
2021-04-20,12.399999618530273,12.399999618530273,11.800000190734863,11.800000190734863,8.739089965820312,31634436
2021-04-21,11.699999809265137,11.899999618530273,11.600000381469727,11.779999732971191,8.724276542663574,17649790
2021-04-22,11.84000015258789,12.359999656677246,11.800000190734863,12.260000228881836,9.079764366149902,36915908
2021-04-23,12.279999732971191,12.359999656677246,12.039999961853027,12.239999771118164,9.064952850341797,37369574
2021-04-26,12.239999771118164,12.260000228881836,11.84000015258789,11.9399995803833,8.8427734375,22259629
2021-04-27,11.920000076293945,11.979999542236328,11.399999618530273,11.619999885559082,8.605780601501465,41894208
2021-04-28,11.640000343322754,11.640000343322754,11.239999771118164,11.319999694824219,8.383601188659668,41614019
2021-04-29,11.4399995803833,11.479999542236328,11.220000267028809,11.460000038146973,8.487284660339355,18876738
2021-04-30,11.420000076293945,11.4399995803833,11.220000267028809,11.260000228881836,8.339164733886719,14567467
2021-05-03,11.199999809265137,11.260000228881836,10.720000267028809,11.079999923706055,8.205856323242188,26266798
2021-05-04,11.079999923706055,11.239999771118164,10.979999542236328,11.140000343322754,8.25029182434082,9998464
2021-05-05,11.039999961853027,11.239999771118164,11.0,11.119999885559082,8.235481262207031,9925609
2021-05-06,11.15999984741211,11.380000114440918,10.9399995803833,11.100000381469727,8.22066879272461,29700950
2021-05-07,11.119999885559082,11.460000038146973,10.960000038146973,11.199999809265137,8.29472827911377,30304608
2021-05-10,11.399999618530273,11.5600004196167,11.15999984741211,11.460000038146973,8.487284660339355,25342814
2021-05-11,11.460000038146973,11.460000038146973,11.0,11.260000228881836,8.339164733886719,26925912
2021-05-12,11.119999885559082,11.239999771118164,10.739999771118164,10.899999618530273,8.072547912597656,47538213
2021-05-13,10.680000305175781,10.739999771118164,10.520000457763672,10.579999923706055,7.835556507110596,32495284
2021-05-14,10.680000305175781,10.800000190734863,10.4399995803833,10.539999961853027,7.80593204498291,26770732
2021-05-17,10.619999885559082,10.760000228881836,10.600000381469727,10.619999885559082,7.865179538726807,23082997
2021-05-18,10.239999771118164,10.380000114440918,10.15999984741211,10.260000228881836,8.02670669555664,24292178
2021-05-20,10.220000267028809,10.220000267028809,9.819999694824219,10.140000343322754,7.932827949523926,49215888
2021-05-21,10.020000457763672,10.220000267028809,10.020000457763672,10.079999923706055,7.885887145996094,12521549
2021-05-24,10.079999923706055,10.15999984741211,9.970000267028809,10.0600004196167,7.870240688323975,15555451
2021-05-25,10.100000381469727,10.260000228881836,10.039999961853027,10.119999885559082,7.917181015014648,18563272
2021-05-26,10.180000305175781,10.34000015258789,10.100000381469727,10.140000343322754,7.932827949523926,15552610
2021-05-27,10.140000343322754,10.539999961853027,10.079999923706055,10.34000015258789,8.089293479919434,37323182
2021-05-28,10.220000267028809,10.5,10.220000267028809,10.279999732971191,8.042353630065918,22505545
2021-05-31,10.239999771118164,10.399999618530273,10.180000305175781,10.380000114440918,8.120587348937988,18204750
2021-06-01,10.34000015258789,10.5600004196167,10.220000267028809,10.380000114440918,8.120587348937988,21700810
2021-06-02,10.399999618530273,10.579999923706055,10.220000267028809,10.300000190734863,8.058000564575195,16905661
2021-06-03,10.300000190734863,10.359999656677246,10.079999923706055,10.119999885559082,7.917181015014648,22107543
2021-06-04,10.119999885559082,10.15999984741211,9.949999809265137,10.0,7.823301792144775,23890505
2021-06-07,10.0,10.140000343322754,9.949999809265137,10.039999961853027,7.854594707489014,13665286
2021-06-08,10.140000343322754,10.15999984741211,9.84000015258789,9.970000267028809,7.799831867218018,23437730
2021-06-09,9.920000076293945,10.020000457763672,9.869999885559082,9.930000305175781,7.768537998199463,16676842
2021-06-10,9.930000305175781,10.039999961853027,9.84000015258789,9.850000381469727,7.705951690673828,17900976
2021-06-11,9.869999885559082,10.020000457763672,9.819999694824219,9.899999618530273,7.745068073272705,15286380
2021-06-15,9.930000305175781,9.930000305175781,9.600000381469727,9.739999771118164,7.6198954582214355,28421392
2021-06-16,9.680000305175781,9.770000457763672,9.600000381469727,9.649999618530273,7.549485683441162,19430024
2021-06-17,9.600000381469727,9.600000381469727,9.380000114440918,9.479999542236328,7.416489601135254,29369312
2021-06-18,9.40999984741211,9.470000267028809,9.130000114440918,9.220000267028809,7.213084697723389,36387110
2021-06-21,9.220000267028809,9.329999923706055,8.970000267028809,9.050000190734863,7.080087661743164,40410625
2021-06-22,9.119999885559082,9.270000457763672,9.0,9.079999923706055,7.103557586669922,21544631
2021-06-23,9.079999923706055,9.199999809265137,9.010000228881836,9.130000114440918,7.142674446105957,16624486
2021-06-24,9.130000114440918,9.229999542236328,9.029999732971191,9.220000267028809,7.213084697723389,17807000
2021-06-25,9.239999771118164,9.399999618530273,9.199999809265137,9.319999694824219,7.291316509246826,22977892
2021-06-28,9.3100004196167,9.479999542236328,9.199999809265137,9.300000190734863,7.275670528411865,17378371
2021-06-29,9.300000190734863,9.479999542236328,8.970000267028809,9.079999923706055,7.103557586669922,35783418
2021-06-30,9.119999885559082,9.350000381469727,9.069999694824219,9.119999885559082,7.13485050201416,37924679
2021-07-02,9.130000114440918,9.319999694824219,9.010000228881836,9.029999732971191,7.064440727233887,36555379
2021-07-05,9.0600004196167,9.149999618530273,8.890000343322754,8.920000076293945,6.978384971618652,23244082
2021-07-06,8.920000076293945,8.979999542236328,8.8100004196167,8.859999656677246,6.9314446449279785,14546159
2021-07-07,8.850000381469727,8.970000267028809,8.800000190734863,8.930000305175781,6.986208438873291,16870366
2021-07-08,8.970000267028809,9.09000015258789,8.789999961853027,8.8100004196167,6.89232873916626,23539240
2021-07-09,8.880000114440918,8.880000114440918,8.649999618530273,8.84000015258789,6.915798187255859,22168677
2021-07-12,8.920000076293945,9.079999923706055,8.800000190734863,8.84000015258789,6.915798187255859,23857731
2021-07-13,8.899999618530273,8.970000267028809,8.699999809265137,8.779999732971191,6.868858337402344,31755713
2021-07-14,8.829999923706055,8.84000015258789,8.510000228881836,8.630000114440918,6.751509189605713,35929409
2021-07-15,8.619999885559082,8.920000076293945,8.420000076293945,8.869999885559082,6.939268112182617,27164755
2021-07-16,8.899999618530273,9.020000457763672,8.800000190734863,8.930000305175781,6.986208438873291,25802669
2021-07-19,9.020000457763672,9.050000190734863,8.779999732971191,8.90999984741211,6.9705610275268555,22058586
2021-07-20,8.699999809265137,8.989999771118164,8.699999809265137,8.979999542236328,7.025323867797852,20769802
2021-07-21,9.020000457763672,9.279999732971191,9.010000228881836,9.050000190734863,7.080087661743164,26135650
2021-07-22,9.100000381469727,9.59000015258789,9.020000457763672,9.359999656677246,7.322609901428223,42157939
2021-07-23,9.390000343322754,9.789999961853027,9.369999885559082,9.399999618530273,7.353902816772461,51097525
2021-07-26,9.430000305175781,9.430000305175781,9.029999732971191,9.100000381469727,7.119204044342041,33911538
2021-07-27,9.09000015258789,9.289999961853027,8.260000228881836,8.529999732971191,6.673275947570801,69318727
2021-07-28,8.600000381469727,8.6899995803833,8.210000038146973,8.3100004196167,6.501163482666016,54361717
2021-07-29,8.489999771118164,8.579999923706055,8.279999732971191,8.369999885559082,6.548103332519531,31830385
2021-07-30,8.390000343322754,8.479999542236328,8.289999961853027,8.399999618530273,6.571572780609131,24182518
2021-08-02,8.5,9.34000015258789,8.270000457763672,9.3100004196167,7.283493518829346,56489391
2021-08-03,9.34000015258789,9.729999542236328,9.229999542236328,9.430000305175781,7.377373695373535,44216807
2021-08-04,9.449999809265137,9.930000305175781,9.300000190734863,9.770000457763672,7.643365383148193,59194469
2021-08-05,9.59000015258789,9.920000076293945,9.569999694824219,9.6899995803833,7.580779075622559,31656552
2021-08-06,9.680000305175781,9.890000343322754,9.600000381469727,9.710000038146973,7.596425533294678,27370683
2021-08-09,9.710000038146973,10.399999618530273,9.630000114440918,10.100000381469727,7.901534557342529,65460280
2021-08-10,10.399999618530273,10.399999618530273,9.90999984741211,10.199999809265137,7.979767322540283,33175941
2021-08-11,10.260000228881836,10.600000381469727,10.239999771118164,10.399999618530273,8.13623332977295,54741160
2021-08-12,10.260000228881836,10.5,10.039999961853027,10.119999885559082,7.917181015014648,38197194
2021-08-13,10.039999961853027,10.100000381469727,9.920000076293945,10.0600004196167,7.870240688323975,22020099
2021-08-16,10.220000267028809,10.579999923706055,10.199999809265137,10.260000228881836,8.02670669555664,47860465
2021-08-17,10.300000190734863,10.479999542236328,10.079999923706055,10.220000267028809,7.995413303375244,30545616
2021-08-18,10.199999809265137,10.359999656677246,10.020000457763672,10.220000267028809,7.995413303375244,22443640
2021-08-19,10.220000267028809,10.279999732971191,9.8100004196167,9.899999618530273,7.745068073272705,30451035
2021-08-20,9.859999656677246,9.859999656677246,9.220000267028809,9.84000015258789,7.6981282234191895,42786989
2021-08-23,9.869999885559082,9.960000038146973,9.630000114440918,9.779999732971191,7.65118932723999,18626759
2021-08-24,9.869999885559082,10.100000381469727,9.739999771118164,9.800000190734863,7.666835308074951,21189770
2021-08-25,9.829999923706055,10.239999771118164,9.670000076293945,10.039999961853027,7.854594707489014,39182370
2021-08-26,10.15999984741211,10.199999809265137,9.760000228881836,9.899999618530273,7.745068073272705,17628700
2021-08-27,9.90999984741211,10.0600004196167,9.779999732971191,9.800000190734863,7.666835308074951,14514090
2021-08-30,10.4399995803833,10.460000038146973,10.0,10.199999809265137,7.979767322540283,53439850
2021-08-31,10.279999732971191,10.760000228881836,10.260000228881836,10.640000343322754,8.323992729187012,76852583
2021-09-01,10.760000228881836,11.800000190734863,10.579999923706055,11.359999656677246,8.887269973754883,104447830
2021-09-02,11.5,11.680000305175781,11.260000228881836,11.600000381469727,9.075030326843262,54508093
2021-09-03,11.65999984741211,12.0600004196167,11.600000381469727,11.979999542236328,9.372314453125,66922154
2021-09-06,12.020000457763672,12.5,12.0,12.380000114440918,9.685246467590332,54446728
2021-09-07,12.380000114440918,12.4399995803833,12.039999961853027,12.319999694824219,9.638306617736816,27335728
2021-09-08,12.260000228881836,12.380000114440918,11.920000076293945,12.119999885559082,9.481841087341309,41357388
2021-09-09,11.920000076293945,12.680000305175781,11.920000076293945,12.520000457763672,9.79477310180664,67310383
2021-09-10,12.5,13.579999923706055,12.279999732971191,12.880000114440918,10.076412200927734,77469784
2021-09-13,12.899999618530273,13.140000343322754,12.479999542236328,12.619999885559082,9.873006820678711,56870926
2021-09-14,12.880000114440918,12.880000114440918,12.020000457763672,12.479999542236328,9.763479232788086,47342557
2021-09-15,12.479999542236328,12.479999542236328,11.920000076293945,12.100000381469727,9.466194152832031,40304803
2021-09-16,12.0,12.319999694824219,11.600000381469727,11.819999694824219,9.247142791748047,40006487
2021-09-17,11.680000305175781,12.100000381469727,11.619999885559082,12.100000381469727,9.466194152832031,25751075
2021-09-20,12.300000190734863,12.380000114440918,11.359999656677246,11.619999885559082,9.090676307678223,32060850
2021-09-21,11.399999618530273,11.699999809265137,11.220000267028809,11.619999885559082,9.090676307678223,21045839
2021-09-23,11.779999732971191,12.119999885559082,11.5,11.720000267028809,9.168909072875977,45110792
2021-09-24,11.720000267028809,11.779999732971191,10.819999694824219,10.9399995803833,8.558691024780273,54265619
2021-09-27,10.9399995803833,11.15999984741211,10.520000457763672,10.640000343322754,8.323992729187012,53858353
2021-09-28,10.859999656677246,11.199999809265137,10.739999771118164,10.960000038146973,8.574338912963867,34725170
2021-09-29,10.859999656677246,10.960000038146973,10.520000457763672,10.619999885559082,8.308345794677734,15526850
2021-09-30,10.5,10.539999961853027,10.279999732971191,10.539999961853027,8.245759963989258,28022337
2021-10-04,10.4399995803833,10.5600004196167,10.100000381469727,10.5600004196167,8.261406898498535,15051940
2021-10-05,10.460000038146973,10.539999961853027,10.119999885559082,10.199999809265137,7.979767322540283,15035692
2021-10-06,10.220000267028809,10.279999732971191,9.979999542236328,10.020000457763672,7.8389482498168945,15215378
2021-10-07,10.079999923706055,10.5600004196167,10.079999923706055,10.5600004196167,8.261406898498535,24875800
2021-10-08,10.5600004196167,10.5600004196167,10.220000267028809,10.239999771118164,8.011059761047363,24227682
2021-10-11,10.319999694824219,10.479999542236328,10.100000381469727,10.15999984741211,7.948474407196045,25119350
2021-10-12,10.199999809265137,10.420000076293945,10.020000457763672,10.119999885559082,7.917181015014648,20737469
2021-10-15,10.119999885559082,10.279999732971191,9.600000381469727,9.819999694824219,7.68248176574707,62086078
2021-10-18,9.869999885559082,10.15999984741211,9.850000381469727,10.15999984741211,7.948474407196045,24091396
2021-10-19,10.279999732971191,10.399999618530273,10.180000305175781,10.399999618530273,8.13623332977295,23250676
2021-10-20,10.399999618530273,10.399999618530273,10.039999961853027,10.140000343322754,7.932827949523926,19060630
2021-10-21,10.15999984741211,10.380000114440918,10.0600004196167,10.260000228881836,8.02670669555664,22201009
2021-10-22,10.260000228881836,10.579999923706055,10.119999885559082,10.399999618530273,8.13623332977295,20563012
2021-10-25,10.239999771118164,10.279999732971191,10.020000457763672,10.180000305175781,7.9641218185424805,18790030
2021-10-26,10.260000228881836,10.279999732971191,9.9399995803833,10.0,7.823301792144775,24758453
2021-10-27,10.079999923706055,10.079999923706055,9.65999984741211,9.729999542236328,7.6120710372924805,32954100
2021-10-28,9.699999809265137,9.779999732971191,9.520000457763672,9.699999809265137,7.588602066040039,22232877
2021-10-29,9.699999809265137,9.789999961853027,9.619999885559082,9.779999732971191,7.65118932723999,21569163
2021-11-01,9.770000457763672,9.770000457763672,9.149999618530273,9.210000038146973,7.205260276794434,44279708
2021-11-02,9.279999732971191,9.399999618530273,9.0,9.0600004196167,7.087911605834961,26744197
2021-11-03,9.0600004196167,9.199999809265137,8.949999809265137,9.050000190734863,7.080087661743164,18058701
2021-11-04,9.039999961853027,9.100000381469727,8.970000267028809,9.010000228881836,7.048795223236084,17808043
2021-11-05,9.010000228881836,9.09000015258789,8.739999771118164,8.880000114440918,6.947091579437256,23401815
2021-11-08,8.949999809265137,9.069999694824219,8.819999694824219,8.949999809265137,7.001854419708252,24738000
2021-11-09,9.010000228881836,9.109999656677246,8.859999656677246,8.930000305175781,6.986208438873291,11470015
2021-11-10,8.930000305175781,8.949999809265137,8.600000381469727,8.819999694824219,6.900152206420898,36296698
2021-11-11,8.819999694824219,9.529999732971191,8.680000305175781,9.359999656677246,7.322609901428223,36851694
2021-11-12,9.510000228881836,9.510000228881836,9.119999885559082,9.140000343322754,7.150497913360596,26322044
2021-11-15,9.140000343322754,9.170000076293945,8.9399995803833,9.09000015258789,7.1113810539245605,15444682
2021-11-16,9.100000381469727,9.130000114440918,8.930000305175781,8.989999771118164,7.033147811889648,19239688
2021-11-17,9.0,9.029999732971191,8.869999885559082,8.949999809265137,7.001854419708252,13580983
2021-11-18,8.8100004196167,8.930000305175781,8.609999656677246,8.850000381469727,6.923622131347656,17637231
2021-11-19,8.850000381469727,9.119999885559082,8.850000381469727,9.050000190734863,7.080087661743164,21536653
2021-11-22,9.079999923706055,9.09000015258789,8.800000190734863,8.850000381469727,6.923622131347656,19832836
2021-11-23,8.979999542236328,9.039999961853027,8.819999694824219,8.930000305175781,6.986208438873291,18864108
2021-11-24,8.880000114440918,9.0,8.84000015258789,8.979999542236328,7.025323867797852,16818815
2021-11-25,8.920000076293945,9.050000190734863,8.850000381469727,8.979999542236328,7.025323867797852,15881909
2021-11-26,8.899999618530273,8.9399995803833,8.729999542236328,8.789999961853027,6.876681804656982,15244983
2021-11-29,8.699999809265137,8.760000228881836,8.600000381469727,8.649999618530273,6.767155170440674,15182007
2021-11-30,8.640000343322754,8.75,8.420000076293945,8.420000076293945,6.587219715118408,40817402
2021-12-01,8.4399995803833,8.670000076293945,8.399999618530273,8.489999771118164,6.641982555389404,23367802
2021-12-02,8.489999771118164,8.880000114440918,8.449999809265137,8.760000228881836,6.853211879730225,19142472
2021-12-03,8.829999923706055,8.989999771118164,8.720000267028809,8.960000038146973,7.009677886962891,19795469
2021-12-06,8.890000343322754,9.220000267028809,8.850000381469727,8.949999809265137,7.001854419708252,24207087
2021-12-07,9.149999618530273,9.289999961853027,9.010000228881836,9.210000038146973,7.205260276794434,34282900
2021-12-08,9.279999732971191,9.329999923706055,9.100000381469727,9.279999732971191,7.26002311706543,23266558
2021-12-09,9.350000381469727,9.470000267028809,9.260000228881836,9.329999923706055,7.299139976501465,19001120
2021-12-10,9.359999656677246,9.359999656677246,9.050000190734863,9.130000114440918,7.142674446105957,19090728
2021-12-13,9.25,9.859999656677246,9.25,9.619999885559082,7.526015758514404,55107006
2021-12-14,9.579999923706055,9.609999656677246,9.199999809265137,9.260000228881836,7.2443766593933105,21603076
2021-12-15,9.3100004196167,9.430000305175781,9.210000038146973,9.359999656677246,7.322609901428223,11134960
2021-12-16,9.3100004196167,9.460000038146973,9.149999618530273,9.460000038146973,7.400843143463135,21387953
2021-12-17,9.510000228881836,9.779999732971191,9.399999618530273,9.569999694824219,7.486899375915527,26857273
2021-12-20,9.5,9.579999923706055,9.15999984741211,9.239999771118164,7.228729724884033,15436511
2021-12-21,9.319999694824219,9.619999885559082,9.289999961853027,9.489999771118164,7.424313068389893,10593266
2021-12-22,9.579999923706055,9.65999984741211,9.359999656677246,9.59000015258789,7.5025458335876465,12702045
2021-12-23,9.640000343322754,9.779999732971191,9.5600004196167,9.680000305175781,7.57295560836792,16776167
2021-12-24,9.739999771118164,9.760000228881836,9.600000381469727,9.649999618530273,7.549485683441162,9614376
2021-12-28,9.65999984741211,9.75,9.5,9.609999656677246,7.518191814422607,17797050
2021-12-29,9.6899995803833,9.6899995803833,9.449999809265137,9.520000457763672,7.44778299331665,6018950
2021-12-30,9.539999961853027,9.539999961853027,9.289999961853027,9.399999618530273,7.353902816772461,13578868
2021-12-31,9.460000038146973,9.600000381469727,9.430000305175781,9.5600004196167,7.479076385498047,4947542
2022-01-03,9.479999542236328,9.760000228881836,9.479999542236328,9.609999656677246,7.518191814422607,10198136
2022-01-04,9.609999656677246,9.729999542236328,9.479999542236328,9.5600004196167,7.479076385498047,28028445
2022-01-05,9.5600004196167,9.649999618530273,9.4399995803833,9.520000457763672,7.44778299331665,20067430
2022-01-06,9.579999923706055,10.0600004196167,9.470000267028809,10.039999961853027,7.854594707489014,68296689
2022-01-07,10.140000343322754,10.819999694824219,9.960000038146973,10.739999771118164,8.402225494384766,97131398
2022-01-10,10.880000114440918,10.880000114440918,10.4399995803833,10.619999885559082,8.308345794677734,34792749
2022-01-11,10.640000343322754,11.119999885559082,10.600000381469727,10.800000190734863,8.449166297912598,42194803
2022-01-12,10.960000038146973,11.0,10.579999923706055,10.720000267028809,8.386579513549805,20997019
2022-01-13,10.720000267028809,10.739999771118164,10.279999732971191,10.399999618530273,8.13623332977295,33032302
2022-01-14,10.359999656677246,10.420000076293945,10.100000381469727,10.34000015258789,8.089293479919434,30680476
2022-01-17,10.199999809265137,10.420000076293945,10.039999961853027,10.100000381469727,7.901534557342529,27953792
2022-01-18,10.100000381469727,10.319999694824219,9.930000305175781,10.279999732971191,8.042353630065918,40227664
2022-01-19,10.399999618530273,10.880000114440918,10.399999618530273,10.800000190734863,8.449166297912598,48931726
2022-01-20,10.880000114440918,10.979999542236328,10.539999961853027,10.819999694824219,8.464812278747559,34402328
2022-01-21,10.779999732971191,10.859999656677246,10.479999542236328,10.739999771118164,8.402225494384766,24017843
2022-01-24,10.760000228881836,10.800000190734863,10.539999961853027,10.640000343322754,8.323992729187012,13073429
2022-01-25,10.600000381469727,10.640000343322754,10.180000305175781,10.359999656677246,8.104939460754395,24689480
2022-01-26,10.279999732971191,10.4399995803833,10.180000305175781,10.279999732971191,8.042353630065918,24078888
2022-01-27,10.180000305175781,10.239999771118164,9.930000305175781,10.119999885559082,7.917181015014648,20106400
2022-01-28,10.119999885559082,10.119999885559082,9.739999771118164,9.949999809265137,7.784184455871582,14781689
2022-01-31,10.079999923706055,10.079999923706055,10.079999923706055,10.079999923706055,7.885887145996094,0
2022-02-04,10.239999771118164,10.4399995803833,10.119999885559082,10.380000114440918,8.120587348937988,10081536
2022-02-07,10.380000114440918,10.779999732971191,10.359999656677246,10.699999809265137,8.370932579040527,28547248
2022-02-08,10.779999732971191,10.84000015258789,10.460000038146973,10.739999771118164,8.402225494384766,24900606
2022-02-09,10.779999732971191,10.899999618530273,10.640000343322754,10.760000228881836,8.417872428894043,21811906
2022-02-10,10.84000015258789,11.5,10.84000015258789,11.5,8.996796607971191,71527036
2022-02-11,11.460000038146973,11.600000381469727,11.279999732971191,11.34000015258789,8.871623992919922,30801177
2022-02-14,11.239999771118164,11.579999923706055,10.899999618530273,10.979999542236328,8.589984893798828,21614243
2022-02-15,11.020000457763672,11.0600004196167,10.739999771118164,10.859999656677246,8.496105194091797,17777297
2022-02-16,11.0,11.180000305175781,10.859999656677246,11.140000343322754,8.715158462524414,17837734
2022-02-17,11.15999984741211,11.180000305175781,10.800000190734863,11.0,8.605631828308105,16834850
2022-02-18,10.84000015258789,11.260000228881836,10.84000015258789,11.140000343322754,8.715158462524414,21448280
2022-02-21,11.039999961853027,11.079999923706055,10.880000114440918,11.039999961853027,8.636923789978027,12898706
2022-02-22,10.960000038146973,11.0,10.640000343322754,10.960000038146973,8.574338912963867,17206950
2022-02-23,10.979999542236328,10.979999542236328,10.65999984741211,10.699999809265137,8.370932579040527,15727919
2022-02-24,10.600000381469727,10.65999984741211,10.180000305175781,10.399999618530273,8.13623332977295,28543611
2022-02-25,10.380000114440918,10.539999961853027,9.979999542236328,10.119999885559082,7.917181015014648,33856061
2022-02-28,10.020000457763672,10.180000305175781,9.8100004196167,10.020000457763672,7.8389482498168945,34658159
2022-03-01,10.020000457763672,10.260000228881836,9.930000305175781,10.239999771118164,8.011059761047363,19114184
2022-03-02,10.140000343322754,10.239999771118164,9.960000038146973,10.039999961853027,7.854594707489014,14858175
2022-03-03,10.100000381469727,10.399999618530273,10.020000457763672,10.359999656677246,8.104939460754395,24307401
2022-03-04,10.0600004196167,10.239999771118164,10.0,10.079999923706055,7.885887145996094,17958833
2022-03-07,9.949999809265137,10.079999923706055,9.819999694824219,10.0,7.823301792144775,26846720
2022-03-08,9.930000305175781,9.970000267028809,9.350000381469727,9.470000267028809,7.408666610717773,38899193
2022-03-09,9.470000267028809,9.649999618530273,8.960000038146973,9.3100004196167,7.283493518829346,26543786
2022-03-10,9.5600004196167,9.600000381469727,9.239999771118164,9.380000114440918,7.338256359100342,14888001
2022-03-11,9.170000076293945,9.1899995803833,8.949999809265137,9.079999923706055,7.103557586669922,34663926
2022-03-14,8.970000267028809,8.970000267028809,8.34000015258789,8.4399995803833,6.602866172790527,53973289
2022-03-15,8.229999542236328,8.319999694824219,7.320000171661377,7.539999961853027,5.898768901824951,85283249
2022-03-16,7.800000190734863,8.34000015258789,7.519999980926514,8.329999923706055,6.516809940338135,66531995
2022-03-17,8.720000267028809,9.25,8.600000381469727,9.220000267028809,7.213084697723389,65920885
2022-03-18,9.09000015258789,9.329999923706055,8.90999984741211,9.270000457763672,7.252200603485107,31087885
2022-03-21,9.380000114440918,9.399999618530273,8.760000228881836,8.880000114440918,6.947091579437256,33111167
2022-03-22,8.75,9.119999885559082,8.75,9.100000381469727,7.119204044342041,23588548
2022-03-23,9.170000076293945,9.239999771118164,8.960000038146973,9.029999732971191,7.064440727233887,31943684
2022-03-24,8.930000305175781,9.220000267028809,8.920000076293945,9.069999694824219,7.095733642578125,24028647
2022-03-25,9.100000381469727,9.180000305175781,8.880000114440918,9.020000457763672,7.0566182136535645,19285600
2022-03-28,9.3100004196167,9.34000015258789,9.010000228881836,9.079999923706055,7.103557586669922,46879280
2022-03-29,9.09000015258789,9.130000114440918,8.930000305175781,8.979999542236328,7.025323867797852,27089700
2022-03-30,9.149999618530273,9.75,9.069999694824219,9.65999984741211,7.557308197021484,58374285
2022-03-31,9.770000457763672,9.880000114440918,9.609999656677246,9.739999771118164,7.6198954582214355,24704651
2022-04-01,9.699999809265137,10.100000381469727,9.619999885559082,10.079999923706055,7.885887145996094,33562319
2022-04-04,10.180000305175781,10.739999771118164,10.15999984741211,10.619999885559082,8.308345794677734,42077081
2022-04-06,10.619999885559082,11.0600004196167,10.380000114440918,10.680000305175781,8.35528564453125,67887793
2022-04-07,10.680000305175781,10.800000190734863,10.4399995803833,10.5,8.214466094970703,38019985
2022-04-08,10.460000038146973,10.880000114440918,10.460000038146973,10.760000228881836,8.417872428894043,54417017
2022-04-11,10.680000305175781,10.680000305175781,10.279999732971191,10.399999618530273,8.13623332977295,39565620
2022-04-12,10.399999618530273,10.5600004196167,10.15999984741211,10.420000076293945,8.15187931060791,31148766
2022-04-13,10.359999656677246,10.460000038146973,10.199999809265137,10.359999656677246,8.104939460754395,21798113
2022-04-14,10.460000038146973,10.680000305175781,10.399999618530273,10.619999885559082,8.308345794677734,28372061
2022-04-19,10.399999618530273,10.5600004196167,10.199999809265137,10.319999694824219,8.073647499084473,27631860
2022-04-20,10.319999694824219,10.34000015258789,9.75,9.8100004196167,7.674659252166748,40150836
2022-04-21,9.770000457763672,9.960000038146973,9.569999694824219,9.670000076293945,7.565133094787598,21528373
2022-04-22,9.600000381469727,9.899999618530273,9.40999984741211,9.8100004196167,7.674659252166748,26636604
2022-04-25,9.569999694824219,9.6899995803833,9.380000114440918,9.420000076293945,7.36954927444458,28426094
2022-04-26,9.449999809265137,9.6899995803833,9.399999618530273,9.470000267028809,7.408666610717773,16613405
2022-04-27,9.649999618530273,10.279999732971191,9.630000114440918,10.180000305175781,7.9641218185424805,65941957
2022-04-28,10.34000015258789,10.600000381469727,10.180000305175781,10.579999923706055,8.277052879333496,39754837
2022-04-29,10.65999984741211,10.65999984741211,10.140000343322754,10.5600004196167,8.261406898498535,28051695
2022-05-03,10.4399995803833,10.539999961853027,10.0600004196167,10.460000038146973,8.183173179626465,17917426
2022-05-04,10.399999618530273,10.579999923706055,10.300000190734863,10.4399995803833,8.167526245117188,7848792
2022-05-05,10.5600004196167,10.5600004196167,10.260000228881836,10.420000076293945,8.15187931060791,16194051
2022-05-06,10.180000305175781,10.279999732971191,10.039999961853027,10.180000305175781,7.9641218185424805,29483300
2022-05-10,9.859999656677246,9.949999809265137,9.600000381469727,9.899999618530273,7.745068073272705,23787150
2022-05-11,9.899999618530273,9.989999771118164,9.779999732971191,9.800000190734863,7.666835308074951,21123452
2022-05-12,9.779999732971191,9.779999732971191,9.5,9.569999694824219,7.486899375915527,19550586
2022-05-13,9.600000381469727,9.739999771118164,9.5,9.649999618530273,7.549485683441162,16792239
2022-05-16,9.720000267028809,9.970000267028809,9.510000228881836,9.609999656677246,7.518191814422607,13052888
2022-05-17,9.680000305175781,9.760000228881836,9.550000190734863,9.619999885559082,7.526015758514404,18019444
2022-05-18,9.720000267028809,9.729999542236328,9.510000228881836,9.630000114440918,7.533839225769043,18346722
2022-05-19,9.489999771118164,9.619999885559082,9.420000076293945,9.550000190734863,7.471252918243408,16733190
2022-05-20,9.649999618530273,9.880000114440918,9.59000015258789,9.739999771118164,7.6198954582214355,21887962
2022-05-23,9.789999961853027,9.9399995803833,9.680000305175781,9.8100004196167,7.674659252166748,14208061
2022-05-24,9.8100004196167,9.850000381469727,9.479999542236328,9.5,7.432136535644531,26736178
2022-05-25,9.5,9.770000457763672,9.5,9.6899995803833,7.580779075622559,16994352
2022-05-26,9.789999961853027,9.829999923706055,9.640000343322754,9.770000457763672,7.643365383148193,19836541
2022-05-27,9.899999618530273,9.920000076293945,9.609999656677246,9.75,7.627718448638916,22013003
2022-05-30,9.829999923706055,9.829999923706055,9.699999809265137,9.720000267028809,7.604249000549316,19046834
2022-05-31,9.699999809265137,9.90999984741211,9.65999984741211,9.90999984741211,7.752892017364502,72934506
2022-06-01,9.300000190734863,9.300000190734863,9.09000015258789,9.239999771118164,7.8758015632629395,33507246
2022-06-02,9.270000457763672,9.270000457763672,8.300000190734863,8.319999694824219,7.091630935668945,147751185
2022-06-06,8.300000190734863,8.3100004196167,7.849999904632568,7.940000057220459,6.767735004425049,107295264
2022-06-07,7.940000057220459,8.279999732971191,7.929999828338623,8.25,7.031965732574463,43523134
2022-06-08,8.300000190734863,8.4399995803833,8.1899995803833,8.380000114440918,7.142772674560547,46087948
2022-06-09,8.390000343322754,8.680000305175781,8.390000343322754,8.649999618530273,7.3729095458984375,55192500
2022-06-10,8.460000038146973,8.75,8.420000076293945,8.550000190734863,7.2876739501953125,48176873
2022-06-13,8.40999984741211,8.5,8.300000190734863,8.34000015258789,7.108678817749023,27785723
2022-06-14,8.25,8.3100004196167,8.100000381469727,8.239999771118164,7.02344274520874,22414625
2022-06-15,8.319999694824219,8.460000038146973,8.229999542236328,8.229999542236328,7.014918804168701,23649796
2022-06-16,8.270000457763672,8.289999961853027,8.029999732971191,8.079999923706055,6.8870649337768555,23700043
2022-06-17,8.0,8.020000457763672,7.929999828338623,7.980000019073486,6.801828861236572,58862567
2022-06-20,8.0,8.140000343322754,7.900000095367432,8.0600004196167,6.870018005371094,30954808
2022-06-21,8.109999656677246,8.1899995803833,8.0600004196167,8.100000381469727,6.904112339019775,21278641
2022-06-22,8.109999656677246,8.149999618530273,7.989999771118164,8.010000228881836,6.827400207519531,25116552
2022-06-23,8.0,8.140000343322754,7.980000019073486,8.069999694824219,6.878540992736816,14933719
2022-06-24,8.079999923706055,8.109999656677246,7.96999979019165,8.0,6.818876266479492,23275907
2022-06-27,8.0600004196167,8.279999732971191,8.010000228881836,8.199999809265137,6.9893479347229,35501250
2022-06-28,8.140000343322754,8.25,8.109999656677246,8.25,7.031965732574463,20619924
2022-06-29,8.1899995803833,8.420000076293945,8.140000343322754,8.319999694824219,7.091630935668945,25049800
2022-06-30,8.319999694824219,8.449999809265137,8.300000190734863,8.380000114440918,7.142772674560547,31892881
2022-07-04,8.449999809265137,8.800000190734863,8.390000343322754,8.739999771118164,7.44962215423584,53872625
2022-07-05,8.819999694824219,8.930000305175781,8.640000343322754,8.670000076293945,7.389956951141357,24138993
2022-07-06,8.710000038146973,8.729999542236328,8.300000190734863,8.420000076293945,7.176867485046387,28094966
2022-07-07,8.359999656677246,8.5600004196167,8.34000015258789,8.5600004196167,7.296197891235352,14502439
2022-07-08,8.739999771118164,8.84000015258789,8.619999885559082,8.779999732971191,7.4837164878845215,33281662
2022-07-11,8.649999618530273,8.739999771118164,8.529999732971191,8.649999618530273,7.3729095458984375,17101289
2022-07-12,8.539999961853027,8.8100004196167,8.5,8.640000343322754,7.364387035369873,18739685
2022-07-13,8.5600004196167,8.649999618530273,8.420000076293945,8.460000038146973,7.21096134185791,16700054
2022-07-14,8.420000076293945,8.420000076293945,7.940000057220459,8.180000305175781,6.972301006317139,53536791
2022-07-15,8.100000381469727,8.130000114440918,7.960000038146973,7.980000019073486,6.801828861236572,27824996
2022-07-18,7.980000019073486,8.199999809265137,7.929999828338623,8.15999984741211,6.955253601074219,21803915
2022-07-19,8.149999618530273,8.279999732971191,8.100000381469727,8.239999771118164,7.02344274520874,20243725
2022-07-20,8.319999694824219,8.4399995803833,8.279999732971191,8.289999961853027,7.066060543060303,26504206
2022-07-21,8.34000015258789,8.449999809265137,8.050000190734863,8.380000114440918,7.142772674560547,42552616
2022-07-22,8.390000343322754,8.40999984741211,7.710000038146973,7.760000228881836,6.614309787750244,76158900
2022-07-25,7.800000190734863,7.940000057220459,7.730000019073486,7.789999961853027,6.639880657196045,19706450
2022-07-26,7.800000190734863,8.09000015258789,7.78000020980835,8.039999961853027,6.852970600128174,17293296
2022-07-27,8.300000190734863,8.300000190734863,7.949999809265137,8.010000228881836,6.827400207519531,11758948
2022-07-28,8.039999961853027,8.069999694824219,7.909999847412109,8.010000228881836,6.827400207519531,11281532
2022-07-29,7.920000076293945,8.0,7.809999942779541,7.880000114440918,6.716593265533447,23773150
2022-08-01,7.880000114440918,7.880000114440918,7.71999979019165,7.760000228881836,6.614309787750244,14845454
2022-08-02,7.650000095367432,7.710000038146973,7.400000095367432,7.489999771118164,6.384172439575195,27662163
2022-08-03,7.480000019073486,7.559999942779541,7.320000171661377,7.380000114440918,6.2904133796691895,17092262
2022-08-04,7.400000095367432,7.5,7.400000095367432,7.46999979019165,6.367125511169434,10967255
2022-08-05,7.489999771118164,7.769999980926514,7.449999809265137,7.769999980926514,6.622833251953125,9278798
2022-08-08,7.699999809265137,7.849999904632568,7.679999828338623,7.730000019073486,6.588739395141602,7961200
2022-08-09,7.78000020980835,7.840000152587891,7.699999809265137,7.78000020980835,6.631357192993164,7271817
2022-08-10,7.820000171661377,7.820000171661377,7.480000019073486,7.559999942779541,6.443837642669678,10619850
2022-08-11,7.699999809265137,7.769999980926514,7.610000133514404,7.75,6.605786323547363,9360031
2022-08-12,7.75,7.809999942779541,7.690000057220459,7.75,6.605786323547363,9721532
2022-08-15,7.690000057220459,7.769999980926514,7.559999942779541,7.610000133514404,6.486456394195557,11145663
2022-08-16,7.670000076293945,7.980000019073486,7.670000076293945,7.889999866485596,6.725116729736328,20171264
2022-08-17,7.940000057220459,8.0,7.809999942779541,7.980000019073486,6.801828861236572,14494492
2022-08-18,8.0,8.0,7.760000228881836,7.849999904632568,6.691021919250488,12000000
2022-08-19,7.849999904632568,8.029999732971191,7.789999961853027,7.960000038146973,6.7847819328308105,15138297
2022-08-22,7.860000133514404,8.0600004196167,7.860000133514404,7.989999771118164,6.810352325439453,16257830
2022-08-23,7.949999809265137,8.0,7.809999942779541,7.909999847412109,6.74216365814209,17950848
2022-08-24,7.909999847412109,7.909999847412109,7.289999961853027,7.510000228881836,6.401220321655273,38224736
2022-08-25,7.539999961853027,7.670000076293945,7.429999828338623,7.590000152587891,6.469408988952637,22761933
2022-08-26,7.650000095367432,7.75,7.550000190734863,7.71999979019165,6.5802154541015625,18787080
2022-08-29,7.579999923706055,7.579999923706055,7.400000095367432,7.46999979019165,6.367125511169434,20878661
2022-08-30,7.489999771118164,7.519999980926514,7.360000133514404,7.409999847412109,6.31598424911499,16694990
2022-08-31,7.349999904632568,7.519999980926514,7.320000171661377,7.440000057220459,6.341554641723633,15898478
2022-09-01,7.389999866485596,7.840000152587891,7.380000114440918,7.690000057220459,6.55464506149292,27464535
2022-09-02,7.659999847412109,7.789999961853027,7.46999979019165,7.539999961853027,6.426790714263916,18403205
2022-09-05,7.510000228881836,7.539999961853027,7.369999885559082,7.5,6.392696380615234,17786325
2022-09-06,7.5,7.579999923706055,7.440000057220459,7.46999979019165,6.367125511169434,14326160
2022-09-07,7.53000020980835,7.53000020980835,7.380000114440918,7.420000076293945,6.324507713317871,16392314
2022-09-08,7.539999961853027,7.539999961853027,7.179999828338623,7.210000038146973,6.145512580871582,24669090
2022-09-09,7.269999980926514,7.599999904632568,7.239999771118164,7.559999942779541,6.443837642669678,37253725
2022-09-13,7.559999942779541,7.699999809265137,7.449999809265137,7.599999904632568,6.477932453155518,12883342
2022-09-14,7.5,7.53000020980835,7.380000114440918,7.400000095367432,6.307460784912109,16329935
2022-09-15,7.400000095367432,7.800000190734863,7.400000095367432,7.570000171661377,6.452361583709717,32887745
2022-09-16,7.449999809265137,7.53000020980835,7.199999809265137,7.210000038146973,6.145512580871582,35626749
2022-09-19,7.28000020980835,7.28000020980835,6.849999904632568,6.980000019073486,5.949469566345215,27955864
2022-09-20,7.0,7.03000020980835,6.760000228881836,6.809999942779541,5.804568290710449,27514552
2022-09-21,6.800000190734863,6.800000190734863,6.46999979019165,6.510000228881836,5.548861026763916,29452875
2022-09-22,6.349999904632568,6.559999942779541,6.21999979019165,6.449999809265137,5.497718811035156,39189506
2022-09-23,6.449999809265137,6.650000095367432,6.380000114440918,6.400000095367432,5.455101013183594,35332847
2022-09-26,6.349999904632568,6.449999809265137,6.260000228881836,6.329999923706055,5.395435333251953,15708352
2022-09-27,6.329999923706055,6.460000038146973,6.28000020980835,6.400000095367432,5.455101013183594,17087836
2022-09-28,6.309999942779541,6.360000133514404,5.900000095367432,5.940000057220459,5.063015460968018,43848894
2022-09-29,6.050000190734863,6.099999904632568,5.800000190734863,5.900000095367432,5.028921604156494,19005635
2022-09-30,5.769999980926514,6.070000171661377,5.769999980926514,6.010000228881836,5.122681140899658,12490866
2022-10-03,5.809999942779541,6.309999942779541,5.809999942779541,6.239999771118164,5.318723201751709,14955006
2022-10-05,6.449999809265137,6.579999923706055,6.340000152587891,6.519999980926514,5.557384490966797,14017098
2022-10-06,6.599999904632568,6.599999904632568,6.480000019073486,6.5,5.540337085723877,4703030
2022-10-07,6.449999809265137,6.449999809265137,6.210000038146973,6.28000020980835,5.352818012237549,7003900
2022-10-10,6.150000095367432,6.269999980926514,6.079999923706055,6.079999923706055,5.182345867156982,12703558
2022-10-11,5.940000057220459,5.940000057220459,5.480000019073486,5.670000076293945,4.832878589630127,37758885
2022-10-12,5.630000114440918,5.739999771118164,5.53000020980835,5.599999904632568,4.7732133865356445,17420901
2022-10-13,5.610000133514404,5.710000038146973,5.519999980926514,5.539999961853027,4.722071647644043,16163453
2022-10-14,5.650000095367432,5.829999923706055,5.630000114440918,5.639999866485596,4.807307720184326,18872204
2022-10-17,5.650000095367432,5.769999980926514,5.590000152587891,5.670000076293945,4.832878589630127,11687859
2022-10-18,5.800000190734863,5.820000171661377,5.679999828338623,5.769999980926514,4.91811466217041,9642859
2022-10-19,5.769999980926514,5.849999904632568,5.610000133514404,5.619999885559082,4.790260314941406,8084528
2022-10-20,5.599999904632568,5.670000076293945,5.480000019073486,5.579999923706055,4.756165981292725,17997468
2022-10-21,5.519999980926514,5.730000019073486,5.519999980926514,5.639999866485596,4.807307720184326,9456316
2022-10-24,5.639999866485596,5.650000095367432,5.210000038146973,5.230000019073486,4.457840442657471,25700194
2022-10-25,5.130000114440918,5.320000171661377,5.079999923706055,5.190000057220459,4.423746109008789,25418264
2022-10-26,5.260000228881836,5.289999961853027,5.139999866485596,5.21999979019165,4.449316501617432,20357263
2022-10-27,5.309999942779541,5.460000038146973,5.199999809265137,5.239999771118164,4.466363430023193,14003400
2022-10-28,5.21999979019165,5.21999979019165,4.760000228881836,4.880000114440918,4.159514904022217,33708890
2022-10-31,4.900000095367432,4.900000095367432,4.489999771118164,4.559999942779541,3.8867592811584473,38788140
2022-11-01,4.510000228881836,5.0,4.510000228881836,5.0,4.261797904968262,37673458
2022-11-02,4.989999771118164,5.099999904632568,4.860000133514404,5.059999942779541,4.312939167022705,17657357
2022-11-03,4.909999847412109,5.010000228881836,4.869999885559082,4.929999828338623,4.202132225036621,12730588
2022-11-04,4.949999809265137,5.460000038146973,4.929999828338623,5.409999847412109,4.611265182495117,32611665
2022-11-07,5.409999847412109,5.610000133514404,5.389999866485596,5.510000228881836,4.6965012550354,17525125
2022-11-08,5.559999942779541,5.590000152587891,5.369999885559082,5.480000019073486,4.6709303855896,9340047
2022-11-09,5.389999866485596,5.590000152587891,5.349999904632568,5.389999866485596,4.594217777252197,18226130
2022-11-10,5.21999979019165,5.28000020980835,5.110000133514404,5.210000038146973,4.440793037414551,14866616
2022-11-11,5.480000019073486,5.900000095367432,5.460000038146973,5.849999904632568,4.986302852630615,47147278
2022-11-14,6.260000228881836,6.400000095367432,6.050000190734863,6.119999885559082,5.216440200805664,91984090
2022-11-15,6.179999828338623,6.550000190734863,6.079999923706055,6.53000020980835,5.5659074783325195,54713508
2022-11-16,6.400000095367432,6.53000020980835,6.21999979019165,6.28000020980835,5.352818012237549,37074245
2022-11-17,6.179999828338623,6.300000190734863,5.849999904632568,6.090000152587891,5.1908698081970215,34843796
2022-11-18,6.159999847412109,6.199999809265137,5.980000019073486,6.019999980926514,5.131204128265381,16622449
2022-11-21,6.019999980926514,6.019999980926514,5.75,5.949999809265137,5.071538925170898,18586078
2022-11-22,5.949999809265137,6.199999809265137,5.789999961853027,6.110000133514404,5.207917213439941,35878651
2022-11-23,6.059999942779541,6.349999904632568,6.059999942779541,6.260000228881836,5.335770606994629,24459850
2022-11-24,6.360000133514404,6.460000038146973,6.300000190734863,6.420000076293945,5.472148418426514,22438048
2022-11-25,6.360000133514404,6.480000019073486,6.340000152587891,6.449999809265137,5.497718811035156,23777634
2022-11-28,6.300000190734863,6.449999809265137,6.099999904632568,6.360000133514404,5.421006679534912,25302442
2022-11-29,6.5,6.829999923706055,6.480000019073486,6.789999961853027,5.7875213623046875,33862962
2022-11-30,6.829999923706055,6.909999847412109,6.690000057220459,6.860000133514404,5.84718656539917,29284945
2022-12-01,7.0,7.019999980926514,6.78000020980835,6.800000190734863,5.796045303344727,22924816
2022-12-02,6.840000152587891,6.860000133514404,6.599999904632568,6.699999809265137,5.710808753967285,22347392
2022-12-05,6.760000228881836,6.949999809265137,6.71999979019165,6.880000114440918,5.864233493804932,31733576
2022-12-06,6.869999885559082,6.929999828338623,6.699999809265137,6.800000190734863,5.796045303344727,20947692
2022-12-07,6.760000228881836,6.760000228881836,6.449999809265137,6.449999809265137,5.497718811035156,25173076
2022-12-08,6.46999979019165,6.599999904632568,6.460000038146973,6.579999923706055,5.60852575302124,23223301
2022-12-09,6.639999866485596,7.150000095367432,6.599999904632568,7.079999923706055,6.03470516204834,41735150
2022-12-12,7.0,7.050000190734863,6.820000171661377,6.860000133514404,5.84718656539917,20362658
2022-12-13,6.920000076293945,6.920000076293945,6.75,6.78000020980835,5.778997898101807,15540391
2022-12-14,6.880000114440918,6.889999866485596,6.619999885559082,6.869999885559082,5.855710029602051,21528891
2022-12-15,6.809999942779541,6.840000152587891,6.420000076293945,6.639999866485596,5.659667015075684,31546997
2022-12-16,6.510000228881836,6.829999923706055,6.510000228881836,6.800000190734863,5.796045303344727,21463277
2022-12-19,6.800000190734863,6.840000152587891,6.550000190734863,6.590000152587891,5.617049694061279,22850599
2022-12-20,6.519999980926514,6.570000171661377,6.369999885559082,6.489999771118164,5.531813144683838,16094414
2022-12-21,6.46999979019165,6.579999923706055,6.420000076293945,6.489999771118164,5.531813144683838,12393706
2022-12-22,6.489999771118164,6.639999866485596,6.440000057220459,6.550000190734863,5.5829548835754395,17973082
2022-12-23,6.5,6.559999942779541,6.429999828338623,6.510000228881836,5.548861026763916,9127892
2022-12-28,6.599999904632568,6.599999904632568,6.389999866485596,6.460000038146973,5.506242752075195,30764100
2022-12-29,6.409999847412109,6.579999923706055,6.28000020980835,6.510000228881836,5.548861026763916,26777070
2022-12-30,6.579999923706055,6.610000133514404,6.400000095367432,6.409999847412109,5.463624477386475,12887013
2023-01-03,6.420000076293945,6.610000133514404,6.230000019073486,6.53000020980835,5.5659074783325195,24459160
2023-01-04,6.539999961853027,6.820000171661377,6.519999980926514,6.809999942779541,5.804568290710449,27749992
2023-01-05,6.900000095367432,6.900000095367432,6.699999809265137,6.789999961853027,5.7875213623046875,16761210
2023-01-06,6.860000133514404,6.980000019073486,6.760000228881836,6.920000076293945,5.8983283042907715,20836567
2023-01-09,6.96999979019165,7.110000133514404,6.940000057220459,7.090000152587891,6.043229103088379,25388178
2023-01-10,7.159999847412109,7.179999828338623,6.989999771118164,7.010000228881836,5.975040435791016,10495718
2023-01-11,7.079999923706055,7.079999923706055,6.889999866485596,6.929999828338623,5.906851768493652,19404182
2023-01-12,6.949999809265137,7.019999980926514,6.849999904632568,6.900000095367432,5.881280899047852,23234387
2023-01-13,6.929999828338623,7.130000114440918,6.929999828338623,7.079999923706055,6.03470516204834,15652579
2023-01-16,7.119999885559082,7.119999885559082,6.880000114440918,7.079999923706055,6.03470516204834,20671250
2023-01-17,7.079999923706055,7.079999923706055,6.909999847412109,7.019999980926514,5.9835638999938965,14860404
2023-01-18,7.0,7.110000133514404,6.889999866485596,6.940000057220459,5.915374755859375,16353921
2023-01-19,6.920000076293945,7.039999961853027,6.880000114440918,7.039999961853027,6.000610828399658,13496952
2023-01-20,7.039999961853027,7.25,7.010000228881836,7.230000019073486,6.162559509277344,16909598
2023-01-26,7.119999885559082,7.199999809265137,6.960000038146973,7.119999885559082,6.06879997253418,23557834
2023-01-27,7.119999885559082,7.440000057220459,7.119999885559082,7.420000076293945,6.324507713317871,26771348
2023-01-30,7.400000095367432,7.400000095367432,7.050000190734863,7.059999942779541,6.017658233642578,26699054
2023-01-31,7.099999904632568,7.199999809265137,7.03000020980835,7.179999828338623,6.119941234588623,28858670
2023-02-01,7.199999809265137,7.349999904632568,7.159999847412109,7.320000171661377,6.239272117614746,23366264
2023-02-02,7.360000133514404,7.360000133514404,7.25,7.309999942779541,6.230748176574707,18276487
2023-02-03,7.269999980926514,7.309999942779541,7.070000171661377,7.119999885559082,6.06879997253418,20427980
2023-02-06,7.039999961853027,7.039999961853027,6.860000133514404,6.989999771118164,5.957993030548096,16549166
2023-02-07,6.989999771118164,7.170000076293945,6.96999979019165,6.980000019073486,5.949469566345215,17956213
2023-02-08,6.96999979019165,7.090000152587891,6.96999979019165,7.050000190734863,6.009134769439697,14121397
2023-02-09,7.0,7.21999979019165,7.0,7.139999866485596,6.085846900939941,13820285
2023-02-10,7.159999847412109,7.170000076293945,7.019999980926514,7.070000171661377,6.026182174682617,7605102
2023-02-13,7.019999980926514,7.179999828338623,6.909999847412109,7.119999885559082,6.06879997253418,10729445
2023-02-14,7.099999904632568,7.190000057220459,7.059999942779541,7.070000171661377,6.026182174682617,7574039
2023-02-15,7.070000171661377,7.179999828338623,7.019999980926514,7.059999942779541,6.017658233642578,13736989
2023-02-16,7.059999942779541,7.199999809265137,7.019999980926514,7.070000171661377,6.026182174682617,15034761
2023-02-17,7.03000020980835,7.150000095367432,7.03000020980835,7.130000114440918,6.0773234367370605,10727149
2023-02-20,7.130000114440918,7.570000171661377,7.079999923706055,7.519999980926514,6.409743785858154,68194370
2023-02-21,7.53000020980835,7.710000038146973,7.53000020980835,7.579999923706055,6.460885047912598,44420434
2023-02-22,7.550000190734863,7.579999923706055,7.480000019073486,7.550000190734863,6.435314655303955,28461930
2023-02-23,7.550000190734863,7.739999771118164,7.519999980926514,7.630000114440918,6.503503322601318,25342104
2023-02-24,7.570000171661377,7.610000133514404,7.320000171661377,7.349999904632568,6.264842510223389,21122474
2023-02-27,7.300000190734863,7.329999923706055,7.03000020980835,7.070000171661377,6.026182174682617,21698930
2023-02-28,7.059999942779541,7.170000076293945,6.909999847412109,6.949999809265137,5.923898220062256,27421049
2023-03-01,6.980000019073486,7.260000228881836,6.949999809265137,7.25,6.1796064376831055,15213489
2023-03-02,7.230000019073486,7.440000057220459,7.179999828338623,7.429999828338623,6.333031177520752,16007676
2023-03-03,7.489999771118164,7.570000171661377,7.400000095367432,7.550000190734863,6.435314655303955,24734219
2023-03-06,7.550000190734863,7.639999866485596,7.400000095367432,7.590000152587891,6.469408988952637,29824338
2023-03-07,7.610000133514404,7.769999980926514,7.5,7.579999923706055,6.460885047912598,32504436
2023-03-08,7.5,7.5,7.300000190734863,7.480000019073486,6.375649452209473,23944015
2023-03-09,7.480000019073486,7.539999961853027,7.300000190734863,7.340000152587891,6.256319046020508,15414372
2023-03-10,7.239999771118164,7.300000190734863,7.139999866485596,7.179999828338623,6.119941234588623,18020028
2023-03-13,7.230000019073486,7.480000019073486,7.21999979019165,7.460000038146973,6.358602046966553,20402492
2023-03-14,7.460000038146973,7.519999980926514,7.190000057220459,7.28000020980835,6.205177307128906,20567681
2023-03-15,7.340000152587891,7.340000152587891,7.179999828338623,7.21999979019165,6.154035568237305,21397358
2023-03-16,7.170000076293945,7.28000020980835,7.070000171661377,7.099999904632568,6.05175256729126,10681310
2023-03-17,7.150000095367432,7.380000114440918,7.139999866485596,7.239999771118164,6.171082496643066,30624702
2023-03-20,7.230000019073486,7.309999942779541,7.079999923706055,7.139999866485596,6.085846900939941,12188000
2023-03-21,7.25,7.25,7.010000228881836,7.090000152587891,6.043229103088379,15549094
2023-03-22,7.159999847412109,7.199999809265137,6.960000038146973,6.989999771118164,5.957993030548096,19279945
2023-03-23,6.980000019073486,7.050000190734863,6.860000133514404,7.050000190734863,6.009134769439697,24827073
2023-03-24,7.050000190734863,7.050000190734863,6.909999847412109,6.929999828338623,5.906851768493652,9585352
2023-03-27,6.869999885559082,6.869999885559082,6.199999809265137,6.340000152587891,5.403959274291992,65033369
2023-03-28,6.380000114440918,6.46999979019165,6.300000190734863,6.440000057220459,5.489195346832275,21666609
2023-03-29,6.5,6.510000228881836,6.260000228881836,6.380000114440918,5.438054084777832,28948632
2023-03-30,6.380000114440918,6.5,6.28000020980835,6.46999979019165,5.514765739440918,20339270
2023-03-31,6.46999979019165,6.570000171661377,6.440000057220459,6.440000057220459,5.489195346832275,24092042
2023-04-03,6.440000057220459,6.539999961853027,6.369999885559082,6.5,5.540337085723877,21296163
2023-04-04,6.550000190734863,6.550000190734863,6.380000114440918,6.5,5.540337085723877,19607198
2023-04-06,6.489999771118164,6.489999771118164,6.260000228881836,6.340000152587891,5.403959274291992,28460427
2023-04-11,6.349999904632568,6.570000171661377,6.340000152587891,6.559999942779541,5.59147834777832,22898760
2023-04-12,6.559999942779541,6.599999904632568,6.460000038146973,6.510000228881836,5.548861026763916,15268175
2023-04-13,6.489999771118164,6.489999771118164,6.360000133514404,6.440000057220459,5.489195346832275,20064005
2023-04-14,6.449999809265137,6.590000152587891,6.389999866485596,6.550000190734863,5.5829548835754395,26224255
2023-04-17,6.150000095367432,6.150000095367432,5.789999961853027,6.039999961853027,5.148251533508301,95913269
2023-04-18,6.039999961853027,6.119999885559082,5.960000038146973,6.050000190734863,5.156774997711182,25016407
2023-04-19,6.039999961853027,6.070000171661377,5.980000019073486,6.0,5.114157199859619,20020138
2023-04-20,6.0,6.059999942779541,5.949999809265137,6.0,5.114157199859619,27997270
2023-04-21,6.0,6.079999923706055,5.980000019073486,5.989999771118164,5.10563325881958,22420372
2023-04-24,5.989999771118164,6.03000020980835,5.949999809265137,5.989999771118164,5.10563325881958,20089771
2023-04-25,6.0,6.010000228881836,5.800000190734863,5.840000152587891,4.977779865264893,28543266
2023-04-26,5.840000152587891,5.840000152587891,5.599999904632568,5.760000228881836,4.909591197967529,39744224
2023-04-27,5.760000228881836,5.829999923706055,5.659999847412109,5.769999980926514,4.91811466217041,16529226
2023-04-28,5.760000228881836,5.929999828338623,5.71999979019165,5.860000133514404,4.994826793670654,24474058
2023-05-02,5.929999828338623,5.960000038146973,5.710000038146973,5.800000190734863,4.943685531616211,29044945
2023-05-03,5.369999885559082,5.400000095367432,5.179999828338623,5.269999980926514,4.851714134216309,21006022
2023-05-04,5.269999980926514,5.409999847412109,5.25,5.320000171661377,4.8977460861206055,16773291
2023-05-05,5.389999866485596,5.440000057220459,5.320000171661377,5.400000095367432,4.971395969390869,25695700
2023-05-08,5.409999847412109,5.699999809265137,5.409999847412109,5.659999847412109,5.21075963973999,29336222
2023-05-09,5.71999979019165,6.0,5.710000038146973,5.869999885559082,5.4040913581848145,55730300
2023-05-10,5.929999828338623,6.059999942779541,5.829999923706055,5.880000114440918,5.4132981300354,33343600
2023-05-11,5.900000095367432,5.960000038146973,5.809999942779541,5.889999866485596,5.42250394821167,19019963
2023-05-12,5.829999923706055,5.849999904632568,5.539999961853027,5.599999904632568,5.155521869659424,27250317
2023-05-15,5.619999885559082,5.78000020980835,5.590000152587891,5.630000114440918,5.183140754699707,49105853
2023-05-16,5.679999828338623,5.679999828338623,5.480000019073486,5.53000020980835,5.09107780456543,14412973
2023-05-17,5.53000020980835,5.53000020980835,5.329999923706055,5.360000133514404,4.934571266174316,23967000
2023-05-18,5.429999828338623,5.440000057220459,5.329999923706055,5.360000133514404,4.934571266174316,20450564
2023-05-19,5.369999885559082,5.369999885559082,5.010000228881836,5.050000190734863,4.649176120758057,41738020
2023-05-22,5.050000190734863,5.099999904632568,4.949999809265137,5.039999961853027,4.639969825744629,17724627
2023-05-23,5.039999961853027,5.079999923706055,4.880000114440918,4.889999866485596,4.501875400543213,22694618
2023-05-24,4.880000114440918,4.889999866485596,4.769999980926514,4.860000133514404,4.47425651550293,19662797
2023-05-25,4.849999904632568,4.849999904632568,4.650000095367432,4.699999809265137,4.326955795288086,26780022
2023-05-29,4.760000228881836,4.769999980926514,4.599999904632568,4.630000114440918,4.262511730194092,23922016
2023-05-30,4.630000114440918,4.639999866485596,4.46999979019165,4.550000190734863,4.188861846923828,23945869
2023-05-31,4.550000190734863,4.550000190734863,4.360000133514404,4.429999828338623,4.078385829925537,38985455
2023-06-01,4.429999828338623,4.480000019073486,4.349999904632568,4.420000076293945,4.069180011749268,22053886
2023-06-02,4.460000038146973,4.789999961853027,4.460000038146973,4.739999771118164,4.363780975341797,35722500
2023-06-05,4.75,4.820000171661377,4.630000114440918,4.650000095367432,4.280924320220947,13797927
2023-06-06,4.690000057220459,4.820000171661377,4.619999885559082,4.639999866485596,4.2717180252075195,29335339
2023-06-07,4.699999809265137,4.809999942779541,4.570000171661377,4.579999923706055,4.216480255126953,17716550
2023-06-08,4.599999904632568,4.849999904632568,4.590000152587891,4.829999923706055,4.4466376304626465,22247287
2023-06-09,4.889999866485596,4.889999866485596,4.739999771118164,4.760000228881836,4.382193565368652,10860000
2023-06-12,4.760000228881836,4.809999942779541,4.679999828338623,4.769999980926514,4.39139986038208,14340850
2023-06-13,4.78000020980835,4.880000114440918,4.679999828338623,4.840000152587891,4.455843925476074,14809165
2023-06-14,4.840000152587891,4.909999847412109,4.809999942779541,4.860000133514404,4.47425651550293,9884488
2023-06-15,4.860000133514404,4.940000057220459,4.789999961853027,4.920000076293945,4.529494285583496,12163873
2023-06-16,4.929999828338623,5.170000076293945,4.929999828338623,5.099999904632568,4.695207118988037,28648583
2023-06-19,5.0,5.079999923706055,4.949999809265137,5.0,4.603144645690918,9365887
2023-06-20,5.010000228881836,5.010000228881836,4.800000190734863,4.820000171661377,4.437431335449219,16354614
2023-06-21,4.800000190734863,4.820000171661377,4.639999866485596,4.78000020980835,4.400606155395508,11978115
2023-06-23,4.900000095367432,4.900000095367432,4.650000095367432,4.730000019073486,4.354574680328369,8536000
2023-06-26,4.730000019073486,4.820000171661377,4.639999866485596,4.690000057220459,4.317749500274658,16512000
2023-06-27,4.710000038146973,4.940000057220459,4.690000057220459,4.900000095367432,4.511081695556641,14560088
2023-06-28,4.909999847412109,4.920000076293945,4.820000171661377,4.889999866485596,4.501875400543213,6058020
2023-06-29,4.929999828338623,4.929999828338623,4.809999942779541,4.820000171661377,4.437431335449219,11255014
2023-06-30,4.849999904632568,4.909999847412109,4.800000190734863,4.820000171661377,4.437431335449219,8399000
2023-07-03,4.820000171661377,4.929999828338623,4.820000171661377,4.920000076293945,4.529494285583496,9375806
2023-07-04,4.920000076293945,4.920000076293945,4.829999923706055,4.880000114440918,4.492669105529785,7295835
2023-07-05,4.849999904632568,4.860000133514404,4.739999771118164,4.760000228881836,4.382193565368652,12370000
2023-07-06,4.760000228881836,4.760000228881836,4.650000095367432,4.699999809265137,4.326955795288086,14199832
2023-07-07,4.659999847412109,4.739999771118164,4.53000020980835,4.590000152587891,4.225687026977539,18123313
2023-07-10,4.630000114440918,4.630000114440918,4.46999979019165,4.46999979019165,4.115211009979248,15604875
2023-07-11,4.519999980926514,4.590000152587891,4.360000133514404,4.360000133514404,4.013942241668701,32016107
2023-07-12,4.360000133514404,4.420000076293945,4.289999961853027,4.400000095367432,4.050767421722412,15905961
2023-07-13,4.449999809265137,4.519999980926514,4.369999885559082,4.480000019073486,4.124417304992676,21324565
2023-07-14,4.480000019073486,4.5,4.420000076293945,4.46999979019165,4.115211009979248,6286075
2023-07-18,4.46999979019165,4.46999979019165,4.349999904632568,4.369999885559082,4.023148059844971,11615322
2023-07-19,4.349999904632568,4.449999809265137,4.300000190734863,4.440000057220459,4.087592601776123,15202892
2023-07-20,4.46999979019165,4.5,4.389999866485596,4.440000057220459,4.087592601776123,14887474
2023-07-21,4.409999847412109,4.480000019073486,4.380000114440918,4.400000095367432,4.050767421722412,9272888
2023-07-24,4.420000076293945,4.429999828338623,4.230000019073486,4.269999980926514,3.9310853481292725,22268179
2023-07-25,4.400000095367432,4.610000133514404,4.400000095367432,4.590000152587891,4.225687026977539,40417522
2023-07-26,4.599999904632568,4.599999904632568,4.489999771118164,4.519999980926514,4.161242485046387,15731392
2023-07-27,4.5,4.670000076293945,4.5,4.659999847412109,4.290130615234375,20087200
2023-07-28,4.610000133514404,4.75,4.579999923706055,4.739999771118164,4.363780975341797,14779160
2023-07-31,4.840000152587891,5.0,4.840000152587891,4.900000095367432,4.511081695556641,47944794
2023-08-01,4.909999847412109,4.920000076293945,4.769999980926514,4.800000190734863,4.419018745422363,14630519
2023-08-02,4.849999904632568,4.989999771118164,4.769999980926514,4.800000190734863,4.419018745422363,19373794
2023-08-03,4.840000152587891,4.920000076293945,4.75,4.820000171661377,4.437431335449219,12211848
2023-08-04,4.920000076293945,4.980000019073486,4.829999923706055,4.860000133514404,4.47425651550293,19182484
2023-08-07,4.860000133514404,4.940000057220459,4.650000095367432,4.679999828338623,4.3085432052612305,17870434
2023-08-08,4.679999828338623,4.699999809265137,4.559999942779541,4.570000171661377,4.207274436950684,14660850
2023-08-09,4.519999980926514,4.559999942779541,4.5,4.559999942779541,4.198067665100098,14096022
2023-08-10,4.559999942779541,4.559999942779541,4.460000038146973,4.46999979019165,4.115211009979248,10446023
2023-08-11,4.460000038146973,4.46999979019165,4.320000171661377,4.369999885559082,4.023148059844971,16392963
2023-08-14,4.349999904632568,4.349999904632568,4.239999771118164,4.309999942779541,3.9679105281829834,13792615
2023-08-15,4.309999942779541,4.340000152587891,4.260000228881836,4.309999942779541,3.9679105281829834,8042309
2023-08-16,4.300000190734863,4.320000171661377,4.190000057220459,4.269999980926514,3.9310853481292725,16063910
2023-08-17,4.289999961853027,4.289999961853027,4.139999866485596,4.21999979019165,3.885053873062134,13400069
2023-08-18,4.210000038146973,4.289999961853027,4.159999847412109,4.179999828338623,3.848228693008423,9000450
2023-08-21,4.230000019073486,4.230000019073486,4.050000190734863,4.050000190734863,3.7285473346710205,22075481
2023-08-22,4.099999904632568,4.170000076293945,4.039999961853027,4.139999866485596,3.811403512954712,15990581
2023-08-23,4.110000133514404,4.119999885559082,4.03000020980835,4.039999961853027,3.7193408012390137,13299750
2023-08-24,4.079999923706055,4.110000133514404,4.010000228881836,4.03000020980835,3.710134744644165,16512267
2023-08-25,4.019999980926514,4.150000095367432,4.010000228881836,4.119999885559082,3.7929909229278564,15286100
2023-08-28,4.289999961853027,4.289999961853027,4.039999961853027,4.059999942779541,3.737753391265869,15285437
2023-08-29,4.059999942779541,4.159999847412109,3.990000009536743,4.159999847412109,3.8298161029815674,15496500
2023-08-30,4.159999847412109,4.190000057220459,4.110000133514404,4.130000114440918,3.8021974563598633,13605450
2023-08-31,4.110000133514404,4.139999866485596,3.990000009536743,3.990000009536743,3.673309326171875,31178000
2023-09-04,4.110000133514404,4.420000076293945,4.050000190734863,4.389999866485596,4.041560649871826,44882466
2023-09-05,4.389999866485596,4.389999866485596,4.28000020980835,4.320000171661377,3.9771170616149902,10565950
2023-09-06,4.28000020980835,4.389999866485596,4.21999979019165,4.329999923706055,3.986323118209839,17400850
2023-09-07,4.349999904632568,4.369999885559082,4.190000057220459,4.199999809265137,3.8666412830352783,11038664
2023-09-11,4.199999809265137,4.199999809265137,4.070000171661377,4.170000076293945,3.839022636413574,17400702
2023-09-12,4.210000038146973,4.210000038146973,4.079999923706055,4.119999885559082,3.7929909229278564,9280926
2023-09-13,4.190000057220459,4.199999809265137,4.070000171661377,4.079999923706055,3.7561659812927246,16265450
2023-09-14,4.079999923706055,4.130000114440918,4.050000190734863,4.059999942779541,3.737753391265869,11262407
2023-09-15,4.070000171661377,4.210000038146973,4.070000171661377,4.190000057220459,3.8574352264404297,20241436
2023-09-18,4.210000038146973,4.210000038146973,4.070000171661377,4.099999904632568,3.774578332901001,7825746
2023-09-19,4.099999904632568,4.230000019073486,4.059999942779541,4.199999809265137,3.8666412830352783,13600000
2023-09-20,4.199999809265137,4.21999979019165,4.130000114440918,4.139999866485596,3.811403512954712,9536000
2023-09-21,4.139999866485596,4.159999847412109,4.050000190734863,4.050000190734863,3.7285473346710205,12752120
2023-09-22,4.050000190734863,4.170000076293945,4.0,4.170000076293945,3.839022636413574,15589612
2023-09-25,4.119999885559082,4.159999847412109,4.059999942779541,4.070000171661377,3.746959686279297,13862610
2023-09-26,4.059999942779541,4.119999885559082,3.9700000286102295,3.990000009536743,3.673309326171875,15012490
2023-09-27,3.990000009536743,4.099999904632568,3.990000009536743,4.050000190734863,3.7285473346710205,12682746
2023-09-28,4.010000228881836,4.110000133514404,4.010000228881836,4.059999942779541,3.737753391265869,11012850
2023-09-29,4.099999904632568,4.119999885559082,4.010000228881836,4.110000133514404,3.783784866333008,3627937
2023-10-03,4.119999885559082,4.119999885559082,3.9100000858306885,3.930000066757202,3.6180715560913086,8237000
2023-10-04,3.930000066757202,3.930000066757202,3.7799999713897705,3.859999895095825,3.5536274909973145,7185100
2023-10-05,3.869999885559082,3.9000000953674316,3.809999942779541,3.859999895095825,3.5536274909973145,3577549
2023-10-06,3.9200000762939453,3.9700000286102295,3.9000000953674316,3.930000066757202,3.6180715560913086,4523669
2023-10-09,3.940000057220459,3.950000047683716,3.890000104904175,3.9100000858306885,3.5996592044830322,4509971
2023-10-10,3.9200000762939453,4.03000020980835,3.809999942779541,3.819999933242798,3.5168023109436035,12910321
2023-10-11,3.9000000953674316,3.940000057220459,3.8499999046325684,3.890000104904175,3.5812466144561768,16161967
2023-10-12,3.890000104904175,4.039999961853027,3.869999885559082,3.940000057220459,3.6272778511047363,22645685
2023-10-13,3.9100000858306885,3.9100000858306885,3.819999933242798,3.8299999237060547,3.5260086059570312,11811448
2023-10-16,3.880000114440918,3.880000114440918,3.7799999713897705,3.7799999713897705,3.4799771308898926,7117158
2023-10-17,3.7799999713897705,3.809999942779541,3.759999990463257,3.7699999809265137,3.470771074295044,8343000
2023-10-18,3.7699999809265137,3.7699999809265137,3.5799999237060547,3.609999895095825,3.3234703540802,23522646
2023-10-19,3.5899999141693115,3.5899999141693115,3.450000047683716,3.450000047683716,3.1761698722839355,24753530
2023-10-20,3.4200000762939453,3.5299999713897705,3.390000104904175,3.440000057220459,3.166963577270508,15795162
2023-10-24,3.4000000953674316,3.4200000762939453,3.3399999141693115,3.380000114440918,3.1117258071899414,13847400
2023-10-25,3.549999952316284,3.690000057220459,3.549999952316284,3.630000114440918,3.3418829441070557,37234170
2023-10-26,3.5999999046325684,3.640000104904175,3.440000057220459,3.5399999618530273,3.259026288986206,21837420
2023-10-27,3.5,3.740000009536743,3.5,3.6600000858306885,3.369501829147339,19451685
2023-10-30,3.6600000858306885,3.809999942779541,3.630000114440918,3.799999952316284,3.498389720916748,22768376
2023-10-31,3.7899999618530273,3.880000114440918,3.7100000381469727,3.7200000286102295,3.4247395992279053,22028678
2023-11-01,3.7200000286102295,3.799999952316284,3.690000057220459,3.7300000190734863,3.433945894241333,13666000
2023-11-02,3.759999990463257,3.7899999618530273,3.690000057220459,3.690000057220459,3.397120714187622,12035100
2023-11-03,3.690000057220459,3.819999933242798,3.690000057220459,3.799999952316284,3.498389720916748,13882085
2023-11-06,3.799999952316284,3.9000000953674316,3.7799999713897705,3.880000114440918,3.572040319442749,18255239
2023-11-07,3.890000104904175,3.890000104904175,3.75,3.7699999809265137,3.470771074295044,14299099
2023-11-08,3.7100000381469727,3.7899999618530273,3.700000047683716,3.75,3.4523584842681885,9201078
2023-11-09,3.759999990463257,3.7699999809265137,3.680000066757202,3.690000057220459,3.397120714187622,9495988
2023-11-10,3.690000057220459,3.700000047683716,3.5999999046325684,3.619999885559082,3.332676649093628,6335045
2023-11-13,3.630000114440918,3.630000114440918,3.509999990463257,3.569999933242798,3.2866451740264893,15338835
2023-11-14,3.5899999141693115,3.630000114440918,3.549999952316284,3.5999999046325684,3.3142640590667725,5957900
2023-11-15,3.680000066757202,3.869999885559082,3.680000066757202,3.869999885559082,3.562833786010742,24729714
2023-11-16,3.869999885559082,3.869999885559082,3.759999990463257,3.7899999618530273,3.4891834259033203,8204656
2023-11-17,3.759999990463257,3.799999952316284,3.680000066757202,3.700000047683716,3.40632700920105,6318000
2023-11-20,3.7100000381469727,3.819999933242798,3.690000057220459,3.7899999618530273,3.4891834259033203,13190000
2023-11-21,3.799999952316284,3.890000104904175,3.7100000381469727,3.7200000286102295,3.4247395992279053,16378349
2023-11-22,3.700000047683716,3.740000009536743,3.680000066757202,3.7200000286102295,3.4247395992279053,8206850
2023-11-23,3.7200000286102295,3.8299999237060547,3.6600000858306885,3.819999933242798,3.5168023109436035,16321650
2023-11-24,3.819999933242798,3.819999933242798,3.680000066757202,3.7100000381469727,3.4155333042144775,10219700
2023-11-27,3.690000057220459,3.690000057220459,3.5899999141693115,3.619999885559082,3.332676649093628,12016000
2023-11-28,3.619999885559082,3.640000104904175,3.5399999618530273,3.549999952316284,3.268232583999634,11615800
2023-11-29,3.569999933242798,3.5999999046325684,3.4700000286102295,3.490000009536743,3.2129948139190674,11867200
2023-11-30,3.4800000190734863,3.5299999713897705,3.4100000858306885,3.4800000190734863,3.2037885189056396,18257448
2023-12-01,3.509999990463257,3.559999942779541,3.440000057220459,3.5,3.222201108932495,8711164
2023-12-04,3.4700000286102295,3.5199999809265137,3.430000066757202,3.440000057220459,3.166963577270508,15558996
2023-12-05,3.430000066757202,3.450000047683716,3.380000114440918,3.4000000953674316,3.130138397216797,10024850
2023-12-06,3.4100000858306885,3.5,3.4000000953674316,3.490000009536743,3.2129948139190674,10601484
2023-12-07,3.4700000286102295,3.4700000286102295,3.3399999141693115,3.3499999046325684,3.084106683731079,18491488
2023-12-08,3.3499999046325684,3.390000104904175,3.319999933242798,3.3399999141693115,3.0749003887176514,11234758
2023-12-11,3.3399999141693115,3.3399999141693115,3.180000066757202,3.259999990463257,3.0012502670288086,27922221
2023-12-12,3.2899999618530273,3.319999933242798,3.200000047683716,3.309999942779541,3.0472817420959473,12519647
2023-12-13,3.299999952316284,3.299999952316284,3.1700000762939453,3.190000057220459,2.9368062019348145,21512750
2023-12-14,3.2200000286102295,3.2799999713897705,3.1700000762939453,3.190000057220459,2.9368062019348145,16468382
2023-12-15,3.25,3.380000114440918,3.240000009536743,3.299999952316284,3.0380754470825195,37640794
2023-12-18,3.2899999618530273,3.2899999618530273,3.190000057220459,3.2200000286102295,2.9644250869750977,13478819
2023-12-19,3.2200000286102295,3.2200000286102295,3.0899999141693115,3.130000114440918,2.881568670272827,16494400
2023-12-20,3.180000066757202,3.200000047683716,3.130000114440918,3.140000104904175,2.890774965286255,5672690
2023-12-21,3.109999895095825,3.190000057220459,3.109999895095825,3.180000066757202,2.9275999069213867,8109044
2023-12-22,3.180000066757202,3.2100000381469727,3.119999885559082,3.140000104904175,2.890774965286255,10317353
2023-12-27,3.1500000953674316,3.1700000762939453,3.0799999237060547,3.1600000858306885,2.9091873168945312,9477540
2023-12-28,3.1500000953674316,3.319999933242798,3.1500000953674316,3.2899999618530273,3.028869152069092,13834439
2023-12-29,3.259999990463257,3.3499999046325684,3.25,3.3399999141693115,3.0749003887176514,12369172
2024-01-02,3.369999885559082,3.390000104904175,3.259999990463257,3.299999952316284,3.0380754470825195,6981821
2024-01-03,3.2799999713897705,3.309999942779541,3.2300000190734863,3.25,2.992043972015381,5797000
2024-01-04,3.25,3.309999942779541,3.2100000381469727,3.240000009536743,2.982837677001953,5331618
2024-01-05,3.2100000381469727,3.2899999618530273,3.180000066757202,3.2100000381469727,2.95521879196167,9922440
2024-01-08,3.200000047683716,3.2200000286102295,3.0799999237060547,3.109999895095825,2.8631558418273926,17243571
2024-01-09,3.109999895095825,3.109999895095825,3.0399999618530273,3.049999952316284,2.807918071746826,14503311
2024-01-10,3.0399999618530273,3.049999952316284,2.9800000190734863,3.0,2.7618865966796875,21351372
2024-01-11,3.0,3.0899999141693115,2.9700000286102295,3.059999942779541,2.817124366760254,14952474
2024-01-12,3.059999942779541,3.140000104904175,3.049999952316284,3.0799999237060547,2.8355369567871094,11406886
2024-01-15,3.0799999237060547,3.0799999237060547,3.0799999237060547,3.0799999237060547,2.8355369567871094,0
2024-01-16,3.069999933242798,3.0999999046325684,2.9700000286102295,3.0299999713897705,2.7895054817199707,14979150
2024-01-17,3.0399999618530273,3.0399999618530273,2.859999895095825,2.869999885559082,2.642204761505127,26230394
2024-01-18,2.880000114440918,2.890000104904175,2.809999942779541,2.869999885559082,2.642204761505127,23964308
2024-01-19,2.869999885559082,2.880000114440918,2.740000009536743,2.759999990463257,2.540935754776001,25312176
2024-01-22,2.759999990463257,2.7699999809265137,2.5899999141693115,2.609999895095825,2.402841329574585,32496130
2024-01-23,2.609999895095825,2.75,2.569999933242798,2.7200000286102295,2.50411057472229,35958910
2024-01-24,2.7699999809265137,2.8299999237060547,2.690000057220459,2.809999942779541,2.5869672298431396,29664484
2024-01-25,2.8399999141693115,2.950000047683716,2.7899999618530273,2.950000047683716,2.715855360031128,29299717
2024-01-26,2.950000047683716,3.0199999809265137,2.890000104904175,2.9100000858306885,2.679030179977417,20197582
2024-01-29,2.930000066757202,3.0299999713897705,2.930000066757202,2.950000047683716,2.715855360031128,16842000
2024-01-30,2.930000066757202,2.950000047683716,2.809999942779541,2.819999933242798,2.5961735248565674,12168405
2024-01-31,2.819999933242798,2.890000104904175,2.740000009536743,2.75,2.5317294597625732,14381080
2024-02-01,2.7799999713897705,2.8299999237060547,2.680000066757202,2.759999990463257,2.540935754776001,16121650
2024-02-02,2.809999942779541,2.880000114440918,2.7300000190734863,2.7899999618530273,2.568554639816284,20939582
2024-02-05,2.799999952316284,2.8299999237060547,2.680000066757202,2.7699999809265137,2.5501420497894287,16719632
2024-02-06,2.7899999618530273,2.890000104904175,2.7699999809265137,2.890000104904175,2.6606175899505615,22514018
2024-02-07,2.9200000762939453,2.940000057220459,2.799999952316284,2.819999933242798,2.5961735248565674,17686896
2024-02-08,2.819999933242798,2.9000000953674316,2.7899999618530273,2.880000114440918,2.651411294937134,18638512
2024-02-09,2.75,2.75,2.75,2.75,2.5317294597625732,0
2024-02-14,2.740000009536743,2.740000009536743,2.619999885559082,2.7100000381469727,2.4949042797088623,10410250
2024-02-15,2.700000047683716,2.7100000381469727,2.640000104904175,2.7100000381469727,2.4949042797088623,7826294
2024-02-16,2.7200000286102295,2.930000066757202,2.7200000286102295,2.930000066757202,2.6974427700042725,18719982
2024-02-19,2.9100000858306885,2.9200000762939453,2.819999933242798,2.859999895095825,2.632998466491699,13152184
2024-02-20,2.8299999237060547,2.930000066757202,2.8299999237060547,2.930000066757202,2.6974427700042725,14478400
2024-02-21,2.9100000858306885,3.119999885559082,2.869999885559082,3.049999952316284,2.807918071746826,30872481
2024-02-22,3.0999999046325684,3.1600000858306885,3.0199999809265137,3.1500000953674316,2.8999810218811035,21451450
2024-02-23,3.130000114440918,3.180000066757202,3.0799999237060547,3.0999999046325684,2.853949546813965,19055587
2024-02-26,3.069999933242798,3.119999885559082,3.0299999713897705,3.049999952316284,2.807918071746826,18489123
2024-02-27,3.049999952316284,3.0899999141693115,2.9800000190734863,3.0799999237060547,2.8355369567871094,14259572
2024-02-28,3.0799999237060547,3.0899999141693115,2.940000057220459,2.9600000381469727,2.7250616550445557,18318585
2024-02-29,2.9600000381469727,3.0299999713897705,2.940000057220459,2.950000047683716,2.715855360031128,26386506
2024-03-01,2.950000047683716,3.0,2.890000104904175,2.9600000381469727,2.7250616550445557,17711230
2024-03-04,2.9800000190734863,2.9800000190734863,2.8499999046325684,2.880000114440918,2.651411294937134,32553174
2024-03-05,2.8399999141693115,2.880000114440918,2.7799999713897705,2.7899999618530273,2.568554639816284,20480517
2024-03-06,2.7899999618530273,2.880000114440918,2.759999990463257,2.869999885559082,2.642204761505127,18493868
2024-03-07,2.869999885559082,2.940000057220459,2.819999933242798,2.8399999141693115,2.614586114883423,18858363
2024-03-08,2.8399999141693115,2.9000000953674316,2.8399999141693115,2.880000114440918,2.651411294937134,16804208
2024-03-11,2.859999895095825,2.9200000762939453,2.8299999237060547,2.9100000858306885,2.679030179977417,21757347
2024-03-12,2.9200000762939453,3.0199999809265137,2.869999885559082,3.009999990463257,2.7710928916931152,34905830
2024-03-13,3.009999990463257,3.009999990463257,2.880000114440918,2.880000114440918,2.651411294937134,35954410
2024-03-14,2.890000104904175,2.9100000858306885,2.809999942779541,2.8299999237060547,2.605379819869995,39247497
2024-03-15,2.819999933242798,2.8299999237060547,2.740000009536743,2.799999952316284,2.577760934829712,64657597
2024-03-18,2.809999942779541,2.869999885559082,2.7899999618530273,2.8499999046325684,2.6237924098968506,29970731
2024-03-19,2.8299999237060547,2.8399999141693115,2.75,2.75,2.5317294597625732,28226142
2024-03-20,2.75,2.759999990463257,2.700000047683716,2.7200000286102295,2.50411057472229,26310025
2024-03-21,2.75,2.819999933242798,2.7300000190734863,2.7699999809265137,2.5501420497894287,27993754
2024-03-22,2.7699999809265137,2.7899999618530273,2.690000057220459,2.7300000190734863,2.5133168697357178,25024393
2024-03-25,2.7200000286102295,2.759999990463257,2.6700000762939453,2.7300000190734863,2.5133168697357178,20509723
2024-03-26,2.7300000190734863,2.75,2.680000066757202,2.7100000381469727,2.4949042797088623,26532289
2024-03-27,2.7100000381469727,2.7300000190734863,2.680000066757202,2.680000066757202,2.467285633087158,14462560
2024-03-28,2.680000066757202,2.7100000381469727,2.6600000858306885,2.690000057220459,2.476491689682007,21660758
2024-04-02,2.7799999713897705,3.0999999046325684,2.7799999713897705,3.0799999237060547,2.8355369567871094,99299921
2024-04-03,3.0899999141693115,3.109999895095825,3.0,3.069999933242798,2.8263306617736816,32690088
2024-04-05,3.059999942779541,3.0899999141693115,2.9800000190734863,3.0399999618530273,2.7987117767333984,20264131
2024-04-08,3.009999990463257,3.0899999141693115,3.0,3.009999990463257,2.7710928916931152,24014033
2024-04-09,3.0,3.130000114440918,3.0,3.0999999046325684,2.853949546813965,27594521
2024-04-10,3.0899999141693115,3.140000104904175,3.069999933242798,3.119999885559082,2.8723621368408203,27570883
2024-04-11,3.0999999046325684,3.140000104904175,3.069999933242798,3.130000114440918,2.881568670272827,15477333
2024-04-12,3.119999885559082,3.130000114440918,3.0,3.0,2.7618865966796875,18144433
2024-04-15,3.0,3.0999999046325684,2.950000047683716,3.0299999713897705,2.7895054817199707,22651055
2024-04-16,3.0199999809265137,3.059999942779541,2.9800000190734863,2.9800000190734863,2.743474245071411,19357850
2024-04-17,2.9800000190734863,3.0299999713897705,2.9700000286102295,3.0199999809265137,2.780299186706543,16010616
2024-04-18,2.9100000858306885,2.9100000858306885,2.7300000190734863,2.7699999809265137,2.5501420497894287,63150994
2024-04-19,2.7699999809265137,2.809999942779541,2.7200000286102295,2.7300000190734863,2.5133168697357178,28186923
2024-04-22,2.75,2.8399999141693115,2.75,2.809999942779541,2.5869672298431396,19121341
2024-04-23,2.8399999141693115,2.8499999046325684,2.799999952316284,2.819999933242798,2.5961735248565674,15817951
2024-04-24,2.859999895095825,2.890000104904175,2.819999933242798,2.890000104904175,2.6606175899505615,14831412
2024-04-25,2.890000104904175,2.950000047683716,2.859999895095825,2.9200000762939453,2.6882364749908447,25676850
2024-04-26,2.9200000762939453,3.0199999809265137,2.9200000762939453,3.0199999809265137,2.780299186706543,36526318
2024-04-29,3.0799999237060547,3.190000057220459,3.0399999618530273,3.1500000953674316,2.8999810218811035,51006100
2024-04-30,3.1600000858306885,3.1700000762939453,3.0,3.049999952316284,2.807918071746826,45561581
2024-05-02,3.0399999618530273,3.180000066757202,2.9800000190734863,3.180000066757202,2.9275999069213867,36306721
2024-05-03,3.0,3.0199999809265137,2.859999895095825,2.890000104904175,2.890000104904175,41783250
2024-05-06,2.890000104904175,2.950000047683716,2.869999885559082,2.9200000762939453,2.9200000762939453,36806831
2024-05-07,2.9100000858306885,2.990000009536743,2.9000000953674316,2.9700000286102295,2.9700000286102295,29375155
2024-05-08,2.990000009536743,3.049999952316284,2.9000000953674316,2.9100000858306885,2.9100000858306885,34773468
2024-05-09,2.9100000858306885,3.119999885559082,2.9100000858306885,3.109999895095825,3.109999895095825,45653575
2024-05-10,3.180000066757202,3.4100000858306885,3.1600000858306885,3.390000104904175,3.390000104904175,90796420
2024-05-13,3.4000000953674316,3.4000000953674316,3.2200000286102295,3.2899999618530273,3.2899999618530273,60930713
2024-05-14,3.2899999618530273,3.3299999237060547,3.190000057220459,3.2300000190734863,3.2300000190734863,37895530
2024-05-16,3.299999952316284,3.5999999046325684,3.2699999809265137,3.549999952316284,3.549999952316284,103059162
2024-05-17,3.609999895095825,3.609999895095825,3.390000104904175,3.5799999237060547,3.5799999237060547,66874330
2024-05-20,3.5999999046325684,3.680000066757202,3.5199999809265137,3.5799999237060547,3.5799999237060547,49307414
2024-05-21,3.5799999237060547,3.609999895095825,3.450000047683716,3.4800000190734863,3.4800000190734863,38050746
2024-05-22,3.4800000190734863,3.630000114440918,3.450000047683716,3.5199999809265137,3.5199999809265137,38741989
2024-05-23,3.490000009536743,3.509999990463257,3.3499999046325684,3.369999885559082,3.369999885559082,32225025
2024-05-24,3.319999933242798,3.4000000953674316,3.2899999618530273,3.309999942779541,3.309999942779541,21556944
2024-05-27,3.299999952316284,3.380000114440918,3.2799999713897705,3.369999885559082,3.369999885559082,26454332
2024-05-28,3.380000114440918,3.430000066757202,3.309999942779541,3.3399999141693115,3.3399999141693115,17728850
2024-05-29,3.309999942779541,3.359999895095825,3.25,3.25,3.25,24387700
2024-05-30,3.25,3.309999942779541,3.180000066757202,3.2300000190734863,3.2300000190734863,28042588
2024-05-31,3.25,3.259999990463257,3.0999999046325684,3.130000114440918,3.130000114440918,77133748
2024-06-03,3.1600000858306885,3.2200000286102295,3.0999999046325684,3.140000104904175,3.140000104904175,31230673
2024-06-04,3.140000104904175,3.2300000190734863,3.0999999046325684,3.190000057220459,3.190000057220459,39321733
2024-06-05,3.190000057220459,3.200000047683716,3.059999942779541,3.0899999141693115,3.0899999141693115,49080000
2024-06-06,3.0999999046325684,3.140000104904175,3.009999990463257,3.0399999618530273,3.0399999618530273,42548500
2024-06-07,3.0399999618530273,3.0999999046325684,3.0199999809265137,3.0799999237060547,3.0799999237060547,63586620
2024-06-11,3.059999942779541,3.0799999237060547,2.950000047683716,2.990000009536743,2.990000009536743,30978705
2024-06-12,2.9700000286102295,2.9800000190734863,2.9000000953674316,2.9100000858306885,2.9100000858306885,33544021
2024-06-13,2.9200000762939453,2.9700000286102295,2.880000114440918,2.9100000858306885,2.9100000858306885,30308000
2024-06-14,2.9100000858306885,2.930000066757202,2.869999885559082,2.880000114440918,2.880000114440918,29911141
2024-06-17,2.880000114440918,2.880000114440918,2.8299999237060547,2.8299999237060547,2.8299999237060547,19282700
2024-06-18,2.8299999237060547,2.890000104904175,2.819999933242798,2.8499999046325684,2.8499999046325684,14038552
2024-06-19,2.8499999046325684,2.9600000381469727,2.8499999046325684,2.940000057220459,2.940000057220459,18068776
2024-06-20,2.950000047683716,2.9600000381469727,2.890000104904175,2.9100000858306885,2.9100000858306885,21693633
2024-06-21,2.9100000858306885,2.9100000858306885,2.8499999046325684,2.869999885559082,2.869999885559082,25774088
2024-06-24,2.869999885559082,2.869999885559082,2.7799999713897705,2.819999933242798,2.819999933242798,21901577
2024-06-25,2.799999952316284,2.890000104904175,2.799999952316284,2.8399999141693115,2.8399999141693115,27453550
2024-06-26,2.8399999141693115,2.8399999141693115,2.799999952316284,2.809999942779541,2.809999942779541,18524300
2024-06-27,2.809999942779541,2.8299999237060547,2.740000009536743,2.759999990463257,2.759999990463257,27713300
2024-06-28,2.759999990463257,2.8399999141693115,2.7300000190734863,2.799999952316284,2.799999952316284,16378050
2024-07-02,2.809999942779541,2.9100000858306885,2.809999942779541,2.880000114440918,2.880000114440918,19415150
2024-07-03,2.869999885559082,3.0199999809265137,2.869999885559082,3.0,3.0,28531500
2024-07-04,3.0199999809265137,3.049999952316284,2.990000009536743,3.0199999809265137,3.0199999809265137,20306823
2024-07-08,3.069999933242798,3.069999933242798,2.9800000190734863,3.049999952316284,3.049999952316284,15046000
2024-07-09,2.9000000953674316,2.930000066757202,2.619999885559082,2.630000114440918,2.630000114440918,140211366
2024-07-10,2.630000114440918,2.6700000762939453,2.559999942779541,2.569999933242798,2.569999933242798,41697117
2024-07-11,2.619999885559082,2.7200000286102295,2.609999895095825,2.700000047683716,2.700000047683716,23666408
2024-07-12,2.7100000381469727,2.740000009536743,2.6700000762939453,2.7100000381469727,2.7100000381469727,24601252
2024-07-15,2.7100000381469727,2.7300000190734863,2.680000066757202,2.690000057220459,2.690000057220459,13395937
2024-07-16,2.690000057220459,2.690000057220459,2.619999885559082,2.640000104904175,2.640000104904175,19267614
2024-07-17,2.6500000953674316,2.7300000190734863,2.6500000953674316,2.680000066757202,2.680000066757202,15690981
2024-07-18,2.680000066757202,2.7100000381469727,2.640000104904175,2.690000057220459,2.690000057220459,18441033
2024-07-19,2.680000066757202,2.680000066757202,2.5799999237060547,2.5999999046325684,2.5999999046325684,25856239
2024-07-22,2.5999999046325684,2.619999885559082,2.5799999237060547,2.5899999141693115,2.5899999141693115,12202562
2024-07-23,2.609999895095825,2.619999885559082,2.5299999713897705,2.549999952316284,2.549999952316284,26524000
2024-07-24,2.569999933242798,2.5999999046325684,2.5399999618530273,2.549999952316284,2.549999952316284,12623569
2024-07-25,2.549999952316284,2.559999942779541,2.509999990463257,2.509999990463257,2.509999990463257,13922720
2024-07-26,2.5399999618530273,2.569999933242798,2.509999990463257,2.5199999809265137,2.5199999809265137,10116945
2024-07-29,2.5299999713897705,2.569999933242798,2.5299999713897705,2.5299999713897705,2.5299999713897705,12988008
2024-07-30,2.5299999713897705,2.5399999618530273,2.490000009536743,2.509999990463257,2.509999990463257,20614265
2024-07-31,2.509999990463257,2.609999895095825,2.509999990463257,2.5899999141693115,2.5899999141693115,20760659
2024-08-01,2.609999895095825,2.6500000953674316,2.509999990463257,2.509999990463257,2.509999990463257,21661081
2024-08-02,2.5,2.509999990463257,2.4700000286102295,2.4800000190734863,2.4800000190734863,20832460
2024-08-05,2.4800000190734863,2.509999990463257,2.4100000858306885,2.440000057220459,2.440000057220459,23404381
2024-08-06,2.450000047683716,2.549999952316284,2.450000047683716,2.5299999713897705,2.5299999713897705,26487550
2024-08-07,2.5299999713897705,2.549999952316284,2.4800000190734863,2.5,2.5,14950153
2024-08-08,2.5199999809265137,2.5399999618530273,2.4800000190734863,2.490000009536743,2.490000009536743,11426609
2024-08-09,2.5,2.5299999713897705,2.490000009536743,2.5,2.5,12889940
2024-08-12,2.490000009536743,2.5,2.450000047683716,2.4700000286102295,2.4700000286102295,9357504
2024-08-13,2.450000047683716,2.4700000286102295,2.4100000858306885,2.4600000381469727,2.4600000381469727,19511488
2024-08-14,2.450000047683716,2.4600000381469727,2.369999885559082,2.380000114440918,2.380000114440918,29759666
2024-08-15,2.380000114440918,2.4100000858306885,2.3499999046325684,2.380000114440918,2.380000114440918,16500821
2024-08-16,2.380000114440918,2.4000000953674316,2.3499999046325684,2.369999885559082,2.369999885559082,19940000
2024-08-19,2.380000114440918,2.4100000858306885,2.369999885559082,2.380000114440918,2.380000114440918,15697846
2024-08-20,2.380000114440918,2.4000000953674316,2.319999933242798,2.319999933242798,2.319999933242798,20703492
2024-08-21,2.319999933242798,2.319999933242798,2.259999990463257,2.259999990463257,2.259999990463257,31596912
2024-08-22,2.259999990463257,2.299999952316284,2.259999990463257,2.299999952316284,2.299999952316284,30541300
2024-08-23,2.2899999618530273,2.3399999141693115,2.25,2.319999933242798,2.319999933242798,15472190
2024-08-26,2.3299999237060547,2.430000066757202,2.3299999237060547,2.4100000858306885,2.4100000858306885,23037970
2024-08-27,2.4000000953674316,2.4000000953674316,2.3299999237060547,2.4000000953674316,2.4000000953674316,15259073
2024-08-28,2.380000114440918,2.380000114440918,2.2300000190734863,2.240000009536743,2.240000009536743,46951650
2024-08-29,2.240000009536743,2.259999990463257,2.2100000381469727,2.240000009536743,2.240000009536743,27275681
2024-08-30,2.2200000286102295,2.3299999237060547,2.2100000381469727,2.25,2.25,52821807
2024-09-02,2.25,2.25,2.2100000381469727,2.2200000286102295,2.2200000286102295,20386161
2024-09-03,2.2200000286102295,2.2799999713897705,2.2200000286102295,2.2699999809265137,2.2699999809265137,27863526
2024-09-04,2.259999990463257,2.259999990463257,2.200000047683716,2.2200000286102295,2.2200000286102295,32052000
2024-09-05,2.2200000286102295,2.240000009536743,2.2100000381469727,2.2100000381469727,2.2100000381469727,31087494
2024-09-09,2.2100000381469727,2.2100000381469727,2.119999885559082,2.130000114440918,2.130000114440918,34303372
2024-09-10,2.130000114440918,2.130000114440918,2.069999933242798,2.069999933242798,2.069999933242798,26993900
2024-09-11,2.0899999141693115,2.0899999141693115,2.0399999618530273,2.059999942779541,2.059999942779541,28567271
2024-09-12,2.049999952316284,2.119999885559082,2.049999952316284,2.0899999141693115,2.0899999141693115,30164500
2024-09-13,2.0799999237060547,2.130000114440918,2.059999942779541,2.069999933242798,2.069999933242798,16102082
2024-09-16,2.069999933242798,2.0899999141693115,2.009999990463257,2.0899999141693115,2.0899999141693115,18118002
2024-09-17,2.0999999046325684,2.130000114440918,2.069999933242798,2.109999895095825,2.109999895095825,15561629
2024-09-19,2.109999895095825,2.1700000762939453,2.0999999046325684,2.1600000858306885,2.1600000858306885,24436784
2024-09-20,2.1700000762939453,2.200000047683716,2.140000104904175,2.190000057220459,2.190000057220459,33076073
2024-09-23,2.200000047683716,2.240000009536743,2.1700000762939453,2.200000047683716,2.200000047683716,26418234
2024-09-24,2.2200000286102295,2.3399999141693115,2.2200000286102295,2.3299999237060547,2.3299999237060547,60969566
2024-09-25,2.390000104904175,2.569999933242798,2.390000104904175,2.430000066757202,2.430000066757202,77006393
2024-09-26,2.430000066757202,2.700000047683716,2.430000066757202,2.690000057220459,2.690000057220459,103494639
2024-09-27,2.799999952316284,2.950000047683716,2.759999990463257,2.930000066757202,2.930000066757202,192552750
2024-09-30,3.109999895095825,3.5199999809265137,3.109999895095825,3.4200000762939453,3.4200000762939453,257537697
2024-10-02,3.4800000190734863,3.8399999141693115,3.369999885559082,3.759999990463257,3.759999990463257,130054091
2024-10-03,3.8499999046325684,3.8499999046325684,3.319999933242798,3.490000009536743,3.490000009536743,96671196
2024-10-04,3.490000009536743,3.8299999237060547,3.4200000762939453,3.819999933242798,3.819999933242798,95576820
2024-10-07,3.990000009536743,4.070000171661377,3.8499999046325684,4.059999942779541,4.059999942779541,118572269
2024-10-08,4.059999942779541,4.059999942779541,3.180000066757202,3.2799999713897705,3.2799999713897705,195921350
2024-10-09,3.299999952316284,3.380000114440918,2.799999952316284,2.9800000190734863,2.9800000190734863,197628141
2024-10-10,3.109999895095825,3.299999952316284,3.009999990463257,3.1600000858306885,3.1600000858306885,99518613
2024-10-14,3.190000057220459,3.25,3.049999952316284,3.0899999141693115,3.0899999141693115,57227335
2024-10-15,3.0999999046325684,3.109999895095825,2.880000114440918,2.9000000953674316,2.9000000953674316,67452945
2024-10-16,2.950000047683716,3.2200000286102295,2.930000066757202,3.130000114440918,3.130000114440918,102058892
2024-10-17,3.190000057220459,3.190000057220459,2.9000000953674316,2.940000057220459,2.940000057220459,79894681
2024-10-18,2.950000047683716,3.1700000762939453,2.9200000762939453,3.109999895095825,3.109999895095825,60842422
2024-10-21,3.1500000953674316,3.1600000858306885,3.059999942779541,3.0999999046325684,3.0999999046325684,30078716
2024-10-22,3.059999942779541,3.1700000762939453,3.049999952316284,3.119999885559082,3.119999885559082,29069100
2024-10-23,3.130000114440918,3.25,3.0999999046325684,3.1600000858306885,3.1600000858306885,40174148
2024-10-24,3.140000104904175,3.1600000858306885,3.069999933242798,3.069999933242798,3.069999933242798,18480524
2024-10-25,3.0799999237060547,3.2100000381469727,3.0799999237060547,3.200000047683716,3.200000047683716,36477206
2024-10-28,3.2200000286102295,3.440000057220459,3.180000066757202,3.390000104904175,3.390000104904175,62492624
2024-10-29,3.4000000953674316,3.4100000858306885,3.299999952316284,3.3299999237060547,3.3299999237060547,28126877
2024-10-30,3.319999933242798,3.369999885559082,3.2300000190734863,3.259999990463257,3.259999990463257,23044168
2024-10-31,3.25,3.390000104904175,3.2200000286102295,3.309999942779541,3.309999942779541,31438201
2024-11-01,3.319999933242798,3.369999885559082,3.2699999809265137,3.309999942779541,3.309999942779541,17192598
2024-11-04,3.319999933242798,3.3399999141693115,3.200000047683716,3.3399999141693115,3.3399999141693115,22184523
2024-11-05,3.2899999618530273,3.4700000286102295,3.2899999618530273,3.4200000762939453,3.4200000762939453,36300574
2024-11-06,3.440000057220459,3.549999952316284,3.390000104904175,3.4700000286102295,3.4700000286102295,42058722
2024-11-07,3.4600000381469727,3.7200000286102295,3.4600000381469727,3.7100000381469727,3.7100000381469727,72347162
2024-11-08,3.740000009536743,3.7899999618530273,3.5999999046325684,3.6500000953674316,3.6500000953674316,55094909
2024-11-11,3.549999952316284,3.609999895095825,3.450000047683716,3.4600000381469727,3.4600000381469727,29608008
2024-11-12,3.4600000381469727,3.5199999809265137,3.319999933242798,3.3399999141693115,3.3399999141693115,30681002
2024-11-13,3.319999933242798,3.3499999046325684,3.25,3.359999895095825,3.359999895095825,19834500
