Date,Open,High,Low,Close,Adj Close,Volume
2018-07-16,1.350000023841858,1.3899999856948853,1.2999999523162842,1.2999999523162842,1.186208963394165,25236000
2018-07-17,1.3200000524520874,1.3300000429153442,1.2899999618530273,1.2899999618530273,1.17708420753479,7936000
2018-07-18,1.2999999523162842,1.3600000143051147,1.2899999618530273,1.309999942779541,1.195333480834961,4126000
2018-07-19,1.2899999618530273,1.340000033378601,1.25,1.25,1.1405855417251587,4684000
2018-07-20,1.25,1.2899999618530273,1.25,1.2599999904632568,1.1497105360031128,570000
2018-07-23,1.2599999904632568,1.2799999713897705,1.25,1.2599999904632568,1.1497105360031128,612000
2018-07-24,1.2599999904632568,1.2799999713897705,1.2599999904632568,1.2599999904632568,1.1497105360031128,780000
2018-07-25,1.2699999809265137,1.2799999713897705,1.25,1.25,1.1405855417251587,120000
2018-07-26,1.2599999904632568,1.2799999713897705,1.25,1.2599999904632568,1.1497105360031128,282000
2018-07-27,1.2599999904632568,1.3200000524520874,1.2599999904632568,1.2899999618530273,1.17708420753479,1002000
2018-07-30,1.2899999618530273,1.3200000524520874,1.2799999713897705,1.2799999713897705,1.1679595708847046,76000
2018-07-31,1.2799999713897705,1.2899999618530273,1.2699999809265137,1.2699999809265137,1.1588348150253296,224000
2018-08-01,1.2799999713897705,1.2999999523162842,1.2799999713897705,1.2999999523162842,1.186208963394165,1532000
2018-08-02,1.2699999809265137,1.2799999713897705,1.25,1.2599999904632568,1.1497105360031128,312000
2018-08-03,1.2799999713897705,1.2999999523162842,1.2599999904632568,1.2999999523162842,1.186208963394165,276000
2018-08-06,1.2899999618530273,1.2999999523162842,1.2599999904632568,1.2599999904632568,1.1497105360031128,160000
2018-08-07,1.2599999904632568,1.2899999618530273,1.2599999904632568,1.2899999618530273,1.17708420753479,1152000
2018-08-08,1.2899999618530273,1.2899999618530273,1.2599999904632568,1.2799999713897705,1.1679595708847046,122000
2018-08-09,1.2599999904632568,1.2999999523162842,1.25,1.2999999523162842,1.186208963394165,582000
2018-08-10,1.2999999523162842,1.2999999523162842,1.2599999904632568,1.2899999618530273,1.17708420753479,130000
2018-08-13,1.2799999713897705,1.2899999618530273,1.2599999904632568,1.2699999809265137,1.1588348150253296,162000
2018-08-14,1.2599999904632568,1.2599999904632568,1.2599999904632568,1.2599999904632568,1.1497105360031128,106000
2018-08-15,1.2599999904632568,1.2599999904632568,1.2599999904632568,1.2599999904632568,1.1497105360031128,114000
2018-08-16,1.25,1.2599999904632568,1.25,1.2599999904632568,1.1497105360031128,90000
2018-08-17,1.2799999713897705,1.2799999713897705,1.2799999713897705,1.2799999713897705,1.1679595708847046,0
2018-08-20,1.2599999904632568,1.2599999904632568,1.25,1.2599999904632568,1.1497105360031128,84000
2018-08-21,1.25,1.2599999904632568,1.25,1.2599999904632568,1.1497105360031128,156000
2018-08-22,1.2699999809265137,1.2699999809265137,1.25,1.2699999809265137,1.1588348150253296,204000
2018-08-23,1.2599999904632568,1.2599999904632568,1.2599999904632568,1.2599999904632568,1.1497105360031128,390000
2018-08-24,1.25,1.2999999523162842,1.25,1.2999999523162842,1.195698618888855,1106000
2018-08-27,1.2599999904632568,1.2999999523162842,1.2599999904632568,1.2999999523162842,1.195698618888855,72000
2018-08-28,1.2999999523162842,1.2999999523162842,1.2999999523162842,1.2999999523162842,1.195698618888855,0
2018-08-29,1.2999999523162842,1.2999999523162842,1.2999999523162842,1.2999999523162842,1.195698618888855,0
2018-08-30,1.2999999523162842,1.309999942779541,1.2899999618530273,1.2999999523162842,1.195698618888855,336000
2018-08-31,1.2699999809265137,1.2999999523162842,1.2699999809265137,1.2699999809265137,1.1681054830551147,66000
2018-09-03,1.2599999904632568,1.2599999904632568,1.2599999904632568,1.2599999904632568,1.1589078903198242,44000
2018-09-04,1.2899999618530273,1.2899999618530273,1.2899999618530273,1.2899999618530273,1.186500906944275,0
2018-09-05,1.2599999904632568,1.2599999904632568,1.25,1.25,1.1497104167938232,290000
2018-09-06,1.25,1.2699999809265137,1.25,1.2599999904632568,1.1589078903198242,132000
2018-09-07,1.25,1.2599999904632568,1.25,1.25,1.1497104167938232,86000
2018-09-10,1.25,1.25,1.25,1.25,1.1497104167938232,172000
2018-09-11,1.25,1.25,1.25,1.25,1.1497104167938232,78000
2018-09-12,1.2599999904632568,1.2599999904632568,1.2599999904632568,1.2599999904632568,1.1589078903198242,100000
2018-09-13,1.2599999904632568,1.2899999618530273,1.25,1.2599999904632568,1.1589078903198242,214000
2018-09-14,1.25,1.2599999904632568,1.25,1.2599999904632568,1.1589078903198242,412000
2018-09-17,1.2599999904632568,1.2599999904632568,1.2599999904632568,1.2599999904632568,1.1589078903198242,0
2018-09-18,1.2699999809265137,1.2999999523162842,1.2599999904632568,1.2599999904632568,1.1589078903198242,172000
2018-09-19,1.2599999904632568,1.2599999904632568,1.2599999904632568,1.2599999904632568,1.1589078903198242,0
2018-09-20,1.2599999904632568,1.2699999809265137,1.2599999904632568,1.2699999809265137,1.1681054830551147,20000
2018-09-21,1.2599999904632568,1.2599999904632568,1.2599999904632568,1.2599999904632568,1.1589078903198242,0
2018-09-24,1.25,1.350000023841858,1.25,1.2999999523162842,1.195698618888855,84000
2018-09-26,1.2899999618530273,1.2899999618530273,1.2599999904632568,1.2599999904632568,1.1589078903198242,144000
2018-09-27,1.2599999904632568,1.2599999904632568,1.2599999904632568,1.2599999904632568,1.1589078903198242,2000
2018-09-28,1.2599999904632568,1.2599999904632568,1.25,1.2599999904632568,1.1589078903198242,54000
2018-10-02,1.2599999904632568,1.2599999904632568,1.25,1.25,1.1497104167938232,60000
2018-10-03,1.2899999618530273,1.2899999618530273,1.2899999618530273,1.2899999618530273,1.186500906944275,0
2018-10-04,1.2699999809265137,1.2699999809265137,1.25,1.2599999904632568,1.1589078903198242,152000
2018-10-05,1.2699999809265137,1.2699999809265137,1.25,1.25,1.1497104167938232,3312000
2018-10-08,1.25,1.2899999618530273,1.25,1.2699999809265137,1.1681054830551147,600000
2018-10-09,1.2699999809265137,1.2699999809265137,1.2699999809265137,1.2699999809265137,1.1681054830551147,0
2018-10-10,1.2799999713897705,1.2799999713897705,1.2799999713897705,1.2799999713897705,1.1773031949996948,0
2018-10-11,1.2599999904632568,1.2599999904632568,1.25,1.25,1.1497104167938232,256000
2018-10-12,1.2599999904632568,1.2599999904632568,1.2599999904632568,1.2599999904632568,1.1589078903198242,20000
2018-10-15,1.2599999904632568,1.2599999904632568,1.2599999904632568,1.2599999904632568,1.1589078903198242,10000
2018-10-16,1.2599999904632568,1.2599999904632568,1.2599999904632568,1.2599999904632568,1.1589078903198242,74000
2018-10-18,1.2599999904632568,1.2599999904632568,1.2599999904632568,1.2599999904632568,1.1589078903198242,0
2018-10-19,1.2599999904632568,1.2699999809265137,1.2599999904632568,1.2699999809265137,1.1681054830551147,16000
2018-10-22,1.2699999809265137,1.2699999809265137,1.2699999809265137,1.2699999809265137,1.1681054830551147,0
2018-10-23,1.25,1.25,1.25,1.25,1.1497104167938232,92000
2018-10-24,1.2599999904632568,1.2699999809265137,1.25,1.25,1.1497104167938232,148000
2018-10-25,1.2599999904632568,1.2599999904632568,1.25,1.25,1.1497104167938232,400000
2018-10-26,1.25,1.2999999523162842,1.25,1.2799999713897705,1.1773031949996948,612000
2018-10-29,1.2599999904632568,1.2599999904632568,1.2599999904632568,1.2599999904632568,1.1589078903198242,0
2018-10-30,1.25,1.2599999904632568,1.2599999904632568,1.2599999904632568,1.1589078903198242,382000
2018-10-31,1.2799999713897705,1.2699999809265137,1.2599999904632568,1.2599999904632568,1.1589078903198242,864000
2018-11-01,1.2699999809265137,1.2699999809265137,1.2699999809265137,1.2699999809265137,1.1681054830551147,20000
2018-11-02,1.2599999904632568,1.2599999904632568,1.25,1.25,1.1497104167938232,96000
2018-11-05,1.25,1.2599999904632568,1.25,1.2599999904632568,1.1589078903198242,40000
2018-11-06,1.25,1.2599999904632568,1.25,1.2599999904632568,1.1589078903198242,2156000
2018-11-07,1.25,1.2599999904632568,1.25,1.2599999904632568,1.1589078903198242,1060000
2018-11-08,1.25,1.25,1.25,1.25,1.1497104167938232,96000
2018-11-09,1.25,1.25,1.25,1.25,1.1497104167938232,0
2018-11-12,1.2599999904632568,1.2599999904632568,1.25,1.2599999904632568,1.1589078903198242,8000
2018-11-13,1.2699999809265137,1.2699999809265137,1.2699999809265137,1.2699999809265137,1.1681054830551147,0
2018-11-14,1.2599999904632568,1.2699999809265137,1.2599999904632568,1.2699999809265137,1.1681054830551147,18000
2018-11-15,1.2999999523162842,1.2999999523162842,1.25,1.2599999904632568,1.1589078903198242,98000
2018-11-16,1.2599999904632568,1.2599999904632568,1.2599999904632568,1.2599999904632568,1.1589078903198242,0
2018-11-19,1.2599999904632568,1.2599999904632568,1.2599999904632568,1.2599999904632568,1.1589078903198242,0
2018-11-20,1.2899999618530273,1.2999999523162842,1.2599999904632568,1.2599999904632568,1.1589078903198242,100000
2018-11-21,1.25,1.25,1.25,1.25,1.1497104167938232,42000
2018-11-22,1.25,1.2599999904632568,1.25,1.2599999904632568,1.1589078903198242,406000
2018-11-23,1.2599999904632568,1.2599999904632568,1.2599999904632568,1.2599999904632568,1.1589078903198242,0
2018-11-26,1.2599999904632568,1.2599999904632568,1.2599999904632568,1.2599999904632568,1.1589078903198242,0
2018-11-27,1.2599999904632568,1.2599999904632568,1.2599999904632568,1.2599999904632568,1.1589078903198242,0
2018-11-28,1.2599999904632568,1.2599999904632568,1.2599999904632568,1.2599999904632568,1.1589078903198242,10000
2018-11-29,1.2599999904632568,1.2599999904632568,1.25,1.25,1.1497104167938232,92000
2018-11-30,1.25,1.25,1.25,1.25,1.1497104167938232,18000
2018-12-03,1.25,1.25,1.25,1.25,1.1497104167938232,24000
2018-12-04,1.25,1.25,1.25,1.25,1.1497104167938232,0
2018-12-05,1.25,1.25,1.25,1.25,1.1497104167938232,0
2018-12-06,1.2599999904632568,1.2599999904632568,1.2599999904632568,1.2599999904632568,1.1589078903198242,222000
2018-12-07,1.2599999904632568,1.2599999904632568,1.2599999904632568,1.2599999904632568,1.1589078903198242,0
2018-12-10,1.25,1.25,1.25,1.25,1.1497104167938232,0
2018-12-11,1.2599999904632568,1.25,1.25,1.25,1.1497104167938232,52000
2018-12-12,1.2599999904632568,1.2599999904632568,1.2599999904632568,1.2599999904632568,1.1589078903198242,20000
2018-12-13,1.25,1.2699999809265137,1.25,1.2699999809265137,1.1681054830551147,166000
2018-12-14,1.25,1.2599999904632568,1.25,1.2599999904632568,1.1589078903198242,932000
2018-12-17,1.2599999904632568,1.2599999904632568,1.2599999904632568,1.2599999904632568,1.1589078903198242,0
2018-12-18,1.2599999904632568,1.2799999713897705,1.2599999904632568,1.2799999713897705,1.1773031949996948,254000
2018-12-19,1.2599999904632568,1.2599999904632568,1.25,1.25,1.1497104167938232,106000
2018-12-20,1.2899999618530273,1.2899999618530273,1.2899999618530273,1.2899999618530273,1.186500906944275,0
2018-12-21,1.2899999618530273,1.309999942779541,1.2799999713897705,1.2999999523162842,1.195698618888855,258000
2018-12-24,1.309999942779541,1.309999942779541,1.309999942779541,1.309999942779541,1.2048962116241455,116000
2018-12-27,1.309999942779541,1.309999942779541,1.309999942779541,1.309999942779541,1.2048962116241455,0
2018-12-28,1.2599999904632568,1.2599999904632568,1.25,1.2599999904632568,1.1589078903198242,34000
2018-12-31,1.2599999904632568,1.2599999904632568,1.2599999904632568,1.2599999904632568,1.1589078903198242,0
2019-01-02,1.25,1.25,1.25,1.25,1.1497104167938232,0
2019-01-03,1.2699999809265137,1.2699999809265137,1.2699999809265137,1.2699999809265137,1.1681054830551147,0
2019-01-04,1.25,1.2699999809265137,1.25,1.2699999809265137,1.1681054830551147,14000
2019-01-07,1.2699999809265137,1.2699999809265137,1.2699999809265137,1.2699999809265137,1.1681054830551147,0
2019-01-08,1.2699999809265137,1.2699999809265137,1.2699999809265137,1.2699999809265137,1.1681054830551147,0
2019-01-09,1.25,1.25,1.25,1.25,1.1497104167938232,0
2019-01-10,1.25,1.25,1.25,1.25,1.1497104167938232,0
2019-01-11,1.25,1.25,1.25,1.25,1.1497104167938232,0
2019-01-14,1.25,1.25,1.25,1.25,1.1497104167938232,0
2019-01-15,1.25,1.25,1.25,1.25,1.1497104167938232,36000
2019-01-16,1.25,1.25,1.25,1.25,1.1497104167938232,0
2019-01-17,1.25,1.25,1.25,1.25,1.1497104167938232,52000
2019-01-18,1.25,1.25,1.25,1.25,1.1497104167938232,100000
2019-01-21,1.25,1.25,1.25,1.25,1.1497104167938232,0
2019-01-22,1.2599999904632568,1.2599999904632568,1.2599999904632568,1.2599999904632568,1.1589078903198242,0
2019-01-23,1.25,1.25,1.25,1.25,1.1497104167938232,34000
2019-01-24,1.2599999904632568,1.2599999904632568,1.2599999904632568,1.2599999904632568,1.1589078903198242,0
2019-01-25,1.2899999618530273,1.4900000095367432,1.2899999618530273,1.3600000143051147,1.2508846521377563,730000
2019-01-28,1.309999942779541,1.309999942779541,1.309999942779541,1.309999942779541,1.2048962116241455,10000
2019-01-29,1.309999942779541,1.309999942779541,1.309999942779541,1.309999942779541,1.2048962116241455,86000
2019-01-30,1.309999942779541,1.309999942779541,1.309999942779541,1.309999942779541,1.2048962116241455,0
2019-01-31,1.309999942779541,1.309999942779541,1.309999942779541,1.309999942779541,1.2048962116241455,0
2019-02-01,1.2599999904632568,1.2899999618530273,1.2599999904632568,1.2799999713897705,1.1773031949996948,234000
2019-02-04,1.2799999713897705,1.2799999713897705,1.2799999713897705,1.2799999713897705,1.1773031949996948,0
2019-02-08,1.2799999713897705,1.2799999713897705,1.2799999713897705,1.2799999713897705,1.1773031949996948,0
2019-02-11,1.2799999713897705,1.2799999713897705,1.2799999713897705,1.2799999713897705,1.1773031949996948,0
2019-02-12,1.2799999713897705,1.2799999713897705,1.2799999713897705,1.2799999713897705,1.1773031949996948,0
2019-02-13,1.2999999523162842,1.309999942779541,1.2999999523162842,1.309999942779541,1.2048962116241455,184000
2019-02-14,1.309999942779541,1.309999942779541,1.309999942779541,1.309999942779541,1.2048962116241455,0
2019-02-15,1.309999942779541,1.309999942779541,1.309999942779541,1.309999942779541,1.2048962116241455,0
2019-02-18,1.309999942779541,1.309999942779541,1.2999999523162842,1.2999999523162842,1.195698618888855,4000
2019-02-19,1.2999999523162842,1.2999999523162842,1.2999999523162842,1.2999999523162842,1.195698618888855,0
2019-02-20,1.3200000524520874,1.3300000429153442,1.309999942779541,1.3300000429153442,1.2232917547225952,144000
2019-02-21,1.3300000429153442,1.350000023841858,1.3300000429153442,1.350000023841858,1.2416870594024658,206000
2019-02-22,1.350000023841858,1.350000023841858,1.350000023841858,1.350000023841858,1.2416870594024658,104000
2019-02-25,1.350000023841858,1.3799999952316284,1.350000023841858,1.3799999952316284,1.269279956817627,448000
2019-02-26,1.3700000047683716,1.3700000047683716,1.3700000047683716,1.3700000047683716,1.2600822448730469,10000
2019-02-27,1.340000033378601,1.340000033378601,1.340000033378601,1.340000033378601,1.2324894666671753,0
2019-02-28,1.2899999618530273,1.2899999618530273,1.2899999618530273,1.2899999618530273,1.186500906944275,0
2019-03-01,1.2699999809265137,1.2699999809265137,1.2699999809265137,1.2699999809265137,1.1681054830551147,0
2019-03-04,1.3600000143051147,1.3600000143051147,1.3600000143051147,1.3600000143051147,1.2508846521377563,0
2019-03-05,1.350000023841858,1.350000023841858,1.350000023841858,1.350000023841858,1.2416870594024658,0
2019-03-06,1.350000023841858,1.350000023841858,1.350000023841858,1.350000023841858,1.2416870594024658,0
2019-03-07,1.350000023841858,1.350000023841858,1.350000023841858,1.350000023841858,1.2416870594024658,0
2019-03-08,1.2999999523162842,1.2999999523162842,1.2799999713897705,1.2799999713897705,1.1773031949996948,20000
2019-03-11,1.3300000429153442,1.3300000429153442,1.2999999523162842,1.2999999523162842,1.195698618888855,314000
2019-03-12,1.2999999523162842,1.309999942779541,1.2999999523162842,1.309999942779541,1.2048962116241455,582000
2019-03-13,1.3700000047683716,1.3700000047683716,1.2999999523162842,1.2999999523162842,1.195698618888855,212000
2019-03-14,1.2999999523162842,1.2999999523162842,1.2999999523162842,1.2999999523162842,1.195698618888855,2000
2019-03-15,1.2999999523162842,1.2999999523162842,1.2999999523162842,1.2999999523162842,1.195698618888855,0
2019-03-18,1.309999942779541,1.3600000143051147,1.309999942779541,1.3600000143051147,1.2508846521377563,20000
2019-03-19,1.3700000047683716,1.3700000047683716,1.3700000047683716,1.3700000047683716,1.2600822448730469,0
2019-03-20,1.3700000047683716,1.3700000047683716,1.3700000047683716,1.3700000047683716,1.2600822448730469,0
2019-03-21,1.3700000047683716,1.3700000047683716,1.3700000047683716,1.3700000047683716,1.2600822448730469,40000
2019-03-22,1.3700000047683716,1.3700000047683716,1.3700000047683716,1.3700000047683716,1.2600822448730469,0
2019-03-25,1.3700000047683716,1.3700000047683716,1.3700000047683716,1.3700000047683716,1.2600822448730469,0
2019-03-26,1.3700000047683716,1.3700000047683716,1.3700000047683716,1.3700000047683716,1.2600822448730469,0
2019-03-27,1.3700000047683716,1.3700000047683716,1.3700000047683716,1.3700000047683716,1.2600822448730469,0
2019-03-28,1.3700000047683716,1.3700000047683716,1.3700000047683716,1.3700000047683716,1.2600822448730469,0
2019-03-29,1.3700000047683716,1.3700000047683716,1.3700000047683716,1.3700000047683716,1.2600822448730469,0
2019-04-01,1.3700000047683716,1.3700000047683716,1.3700000047683716,1.3700000047683716,1.2600822448730469,0
2019-04-02,1.3600000143051147,1.3600000143051147,1.3600000143051147,1.3600000143051147,1.2508846521377563,0
2019-04-03,1.3600000143051147,1.3600000143051147,1.3600000143051147,1.3600000143051147,1.2508846521377563,0
2019-04-04,1.340000033378601,1.340000033378601,1.340000033378601,1.340000033378601,1.2324894666671753,0
2019-04-08,1.3200000524520874,1.340000033378601,1.3200000524520874,1.340000033378601,1.2324894666671753,54000
2019-04-09,1.2999999523162842,1.2999999523162842,1.2799999713897705,1.2999999523162842,1.195698618888855,90000
2019-04-10,1.2599999904632568,1.2599999904632568,1.2599999904632568,1.2599999904632568,1.1589078903198242,0
2019-04-11,1.2699999809265137,1.2699999809265137,1.2699999809265137,1.2699999809265137,1.1681054830551147,0
2019-04-12,1.2599999904632568,1.2599999904632568,1.25,1.25,1.1497104167938232,128000
2019-04-15,1.2899999618530273,1.2899999618530273,1.2899999618530273,1.2899999618530273,1.186500906944275,0
2019-04-16,1.2899999618530273,1.2899999618530273,1.2899999618530273,1.2899999618530273,1.186500906944275,0
2019-04-17,1.2899999618530273,1.2899999618530273,1.2899999618530273,1.2899999618530273,1.186500906944275,0
2019-04-18,1.25,1.25,1.25,1.25,1.1497104167938232,0
2019-04-23,1.25,1.25,1.25,1.25,1.1497104167938232,0
2019-04-24,1.25,1.25,1.25,1.25,1.1497104167938232,90000
2019-04-25,1.25,1.25,1.25,1.25,1.1497104167938232,10000
2019-04-26,1.25,1.25,1.25,1.25,1.1497104167938232,0
2019-04-29,1.25,1.25,1.25,1.25,1.1497104167938232,0
2019-04-30,1.25,1.25,1.25,1.25,1.1497104167938232,0
2019-05-02,1.25,1.25,1.25,1.25,1.1497104167938232,0
2019-05-03,1.25,1.25,1.25,1.25,1.1497104167938232,0
2019-05-06,1.25,1.25,1.25,1.25,1.1497104167938232,0
2019-05-07,1.25,1.25,1.25,1.25,1.1497104167938232,0
2019-05-08,1.2599999904632568,1.2599999904632568,1.2599999904632568,1.2599999904632568,1.1589078903198242,0
2019-05-09,1.2599999904632568,1.2599999904632568,1.25,1.25,1.1497104167938232,4000
2019-05-10,1.25,1.3700000047683716,1.25,1.2599999904632568,1.1589078903198242,462000
2019-05-14,1.2799999713897705,1.3799999952316284,1.2599999904632568,1.2699999809265137,1.1681054830551147,19960000
2019-05-15,1.2999999523162842,1.2999999523162842,1.2699999809265137,1.2699999809265137,1.1681054830551147,30000
2019-05-16,1.2699999809265137,1.2699999809265137,1.2699999809265137,1.2699999809265137,1.1820670366287231,0
2019-05-17,1.2699999809265137,1.2699999809265137,1.2699999809265137,1.2699999809265137,1.1820670366287231,0
2019-05-20,1.2999999523162842,1.2999999523162842,1.2999999523162842,1.2999999523162842,1.2099897861480713,0
2019-05-21,1.2999999523162842,1.2999999523162842,1.2999999523162842,1.2999999523162842,1.2099897861480713,0
2019-05-22,1.2999999523162842,1.2999999523162842,1.2999999523162842,1.2999999523162842,1.2099897861480713,0
2019-05-23,1.2999999523162842,1.2999999523162842,1.2999999523162842,1.2999999523162842,1.2099897861480713,0
2019-05-24,1.2999999523162842,1.2999999523162842,1.2999999523162842,1.2999999523162842,1.2099897861480713,0
2019-05-27,1.2599999904632568,1.2999999523162842,1.2599999904632568,1.2999999523162842,1.2099897861480713,4000
2019-05-28,1.2899999618530273,1.2899999618530273,1.2899999618530273,1.2899999618530273,1.200682282447815,0
2019-05-29,1.2899999618530273,1.2899999618530273,1.2899999618530273,1.2899999618530273,1.200682282447815,0
2019-05-30,1.2899999618530273,1.2899999618530273,1.2899999618530273,1.2899999618530273,1.200682282447815,0
2019-05-31,1.2599999904632568,1.2599999904632568,1.25,1.25,1.1634516716003418,60000
2019-06-03,1.25,1.25,1.25,1.25,1.1634516716003418,0
2019-06-04,1.25,1.25,1.25,1.25,1.1634516716003418,0
2019-06-05,1.25,1.25,1.25,1.25,1.1634516716003418,0
2019-06-06,1.2599999904632568,1.2599999904632568,1.2599999904632568,1.2599999904632568,1.1727595329284668,0
2019-06-10,1.2599999904632568,1.2599999904632568,1.2599999904632568,1.2599999904632568,1.1727595329284668,0
2019-06-11,1.25,1.25,1.25,1.25,1.1634516716003418,14000
2019-06-12,1.25,1.25,1.25,1.25,1.1634516716003418,0
2019-06-13,1.25,1.25,1.25,1.25,1.1634516716003418,0
2019-06-14,1.2799999713897705,1.309999942779541,1.25,1.25,1.1634516716003418,338000
2019-06-17,1.2799999713897705,1.309999942779541,1.2599999904632568,1.2599999904632568,1.1727595329284668,344000
2019-06-18,1.2799999713897705,1.2799999713897705,1.2599999904632568,1.2599999904632568,1.1727595329284668,34000
2019-06-19,1.2599999904632568,1.2599999904632568,1.2599999904632568,1.2599999904632568,1.1727595329284668,0
2019-06-20,1.2599999904632568,1.2599999904632568,1.25,1.25,1.1634516716003418,152000
2019-06-21,1.25,1.25,1.25,1.25,1.1634516716003418,0
2019-06-24,1.2799999713897705,1.2799999713897705,1.2599999904632568,1.2599999904632568,1.1727595329284668,12000
2019-06-25,1.2899999618530273,1.2899999618530273,1.2899999618530273,1.2899999618530273,1.200682282447815,0
2019-06-26,1.2899999618530273,1.2899999618530273,1.2899999618530273,1.2899999618530273,1.200682282447815,0
2019-06-27,1.3600000143051147,1.3600000143051147,1.3600000143051147,1.3600000143051147,1.2658357620239258,2000
2019-06-28,1.2799999713897705,1.2799999713897705,1.2799999713897705,1.2799999713897705,1.1913745403289795,0
2019-07-02,1.2599999904632568,1.2599999904632568,1.2599999904632568,1.2599999904632568,1.1727595329284668,10000
2019-07-03,1.2599999904632568,1.2599999904632568,1.2599999904632568,1.2599999904632568,1.1727595329284668,0
2019-07-04,1.2599999904632568,1.2599999904632568,1.2599999904632568,1.2599999904632568,1.1727595329284668,0
2019-07-05,1.2599999904632568,1.2599999904632568,1.2599999904632568,1.2599999904632568,1.1727595329284668,0
2019-07-08,1.2599999904632568,1.2599999904632568,1.2599999904632568,1.2599999904632568,1.1727595329284668,0
2019-07-09,1.2699999809265137,1.2699999809265137,1.2699999809265137,1.2699999809265137,1.1820670366287231,10000
2019-07-10,1.2699999809265137,1.2699999809265137,1.2699999809265137,1.2699999809265137,1.1820670366287231,6000
2019-07-11,1.2699999809265137,1.2699999809265137,1.2699999809265137,1.2699999809265137,1.1820670366287231,0
2019-07-12,1.2599999904632568,1.2599999904632568,1.25,1.25,1.1634516716003418,154000
2019-07-15,1.25,1.25,1.25,1.25,1.1634516716003418,0
2019-07-16,1.25,1.25,1.25,1.25,1.1634516716003418,0
2019-07-17,1.2799999713897705,1.2799999713897705,1.2599999904632568,1.2599999904632568,1.1727595329284668,20000
2019-07-18,1.2699999809265137,1.2699999809265137,1.2699999809265137,1.2699999809265137,1.1820670366287231,12000
2019-07-19,1.2699999809265137,1.2699999809265137,1.2699999809265137,1.2699999809265137,1.1820670366287231,0
2019-07-22,1.2699999809265137,1.2699999809265137,1.25,1.2599999904632568,1.1727595329284668,86000
2019-07-23,1.2799999713897705,1.2799999713897705,1.2599999904632568,1.2599999904632568,1.1727595329284668,38000
2019-07-24,1.2799999713897705,1.2799999713897705,1.2799999713897705,1.2799999713897705,1.1913745403289795,0
2019-07-25,1.2799999713897705,1.2799999713897705,1.2799999713897705,1.2799999713897705,1.1913745403289795,0
2019-07-26,1.2799999713897705,1.2799999713897705,1.2799999713897705,1.2799999713897705,1.1913745403289795,0
2019-07-29,1.2699999809265137,1.2699999809265137,1.2599999904632568,1.2599999904632568,1.1727595329284668,50000
2019-07-30,1.2899999618530273,1.2899999618530273,1.2599999904632568,1.2599999904632568,1.1727595329284668,66000
2019-07-31,1.2599999904632568,1.2599999904632568,1.25,1.25,1.1634516716003418,100000
2019-08-01,1.2799999713897705,1.2799999713897705,1.25,1.25,1.1634516716003418,122000
2019-08-02,1.2699999809265137,1.2699999809265137,1.2599999904632568,1.2599999904632568,1.1727595329284668,86000
2019-08-05,1.2699999809265137,1.2699999809265137,1.2599999904632568,1.2599999904632568,1.1727595329284668,170000
2019-08-06,1.2699999809265137,1.2699999809265137,1.2599999904632568,1.2599999904632568,1.1727595329284668,96000
2019-08-07,1.25,1.25,1.25,1.25,1.1634516716003418,88000
2019-08-08,1.2699999809265137,1.2699999809265137,1.2599999904632568,1.2599999904632568,1.1727595329284668,56000
2019-08-09,1.2699999809265137,1.2699999809265137,1.2599999904632568,1.2599999904632568,1.1727595329284668,70000
2019-08-12,1.2699999809265137,1.2699999809265137,1.2599999904632568,1.2599999904632568,1.1727595329284668,142000
2019-08-13,1.2799999713897705,1.2799999713897705,1.2599999904632568,1.2599999904632568,1.1727595329284668,190000
2019-08-14,1.2799999713897705,1.2799999713897705,1.25,1.25,1.1634516716003418,206000
2019-08-15,1.2799999713897705,1.2899999618530273,1.2599999904632568,1.2599999904632568,1.1727595329284668,24000
2019-08-16,1.2699999809265137,1.2699999809265137,1.25,1.25,1.1634516716003418,340000
2019-08-19,1.2699999809265137,1.2699999809265137,1.25,1.25,1.1747289896011353,280000
2019-08-20,1.2699999809265137,1.25,1.25,1.25,1.1747289896011353,2090000
2019-08-21,1.2599999904632568,1.2599999904632568,1.25,1.25,1.1747289896011353,140000
2019-08-22,1.2699999809265137,1.2699999809265137,1.25,1.25,1.1747289896011353,200000
2019-08-23,1.2699999809265137,1.2699999809265137,1.25,1.25,1.1747289896011353,64000
2019-08-26,1.2699999809265137,1.2699999809265137,1.25,1.25,1.1747289896011353,160000
2019-08-27,1.2599999904632568,1.2799999713897705,1.25,1.25,1.1747289896011353,136000
2019-08-28,1.2599999904632568,1.2699999809265137,1.25,1.25,1.1747289896011353,66000
2019-08-29,1.2799999713897705,1.2799999713897705,1.25,1.2599999904632568,1.1841270923614502,48000
2019-08-30,1.2599999904632568,1.2799999713897705,1.25,1.25,1.1747289896011353,230000
2019-09-02,1.25,1.25,1.25,1.25,1.1747289896011353,0
2019-09-03,1.25,1.25,1.25,1.25,1.1747289896011353,0
2019-09-04,1.25,1.25,1.25,1.25,1.1747289896011353,0
2019-09-05,1.2699999809265137,1.2799999713897705,1.2599999904632568,1.2599999904632568,1.1841270923614502,166000
2019-09-06,1.2799999713897705,1.2799999713897705,1.2599999904632568,1.2599999904632568,1.1841270923614502,180000
2019-09-09,1.25,1.2699999809265137,1.2699999809265137,1.2699999809265137,1.193524718284607,70000
2019-09-10,1.2699999809265137,1.2699999809265137,1.2599999904632568,1.2599999904632568,1.1841270923614502,54000
2019-09-11,1.2699999809265137,1.2699999809265137,1.2599999904632568,1.2599999904632568,1.1841270923614502,104000
2019-09-12,1.2699999809265137,1.2699999809265137,1.2599999904632568,1.2599999904632568,1.1841270923614502,96000
2019-09-13,1.2699999809265137,1.2699999809265137,1.25,1.25,1.1747289896011353,130000
2019-09-16,1.25,1.25,1.25,1.25,1.1747289896011353,0
2019-09-17,1.2699999809265137,1.2699999809265137,1.25,1.25,1.1747289896011353,64000
2019-09-18,1.2699999809265137,1.2699999809265137,1.25,1.25,1.1747289896011353,180000
2019-09-19,1.2699999809265137,1.2699999809265137,1.25,1.25,1.1747289896011353,136000
2019-09-20,1.2599999904632568,1.2799999713897705,1.25,1.25,1.1747289896011353,146000
2019-09-23,1.2599999904632568,1.2599999904632568,1.25,1.25,1.1747289896011353,136000
2019-09-24,1.2699999809265137,1.2699999809265137,1.25,1.25,1.1747289896011353,82000
2019-09-25,1.3200000524520874,1.3200000524520874,1.3200000524520874,1.3200000524520874,1.2405140399932861,0
2019-09-26,1.25,1.25,1.25,1.25,1.1747289896011353,72000
2019-09-27,1.2599999904632568,1.2699999809265137,1.25,1.25,1.1747289896011353,124000
2019-09-30,1.2599999904632568,1.2599999904632568,1.25,1.25,1.1747289896011353,128000
2019-10-02,1.2599999904632568,1.2599999904632568,1.2599999904632568,1.2599999904632568,1.1841270923614502,0
2019-10-03,1.2599999904632568,1.2599999904632568,1.2599999904632568,1.2599999904632568,1.1841270923614502,0
2019-10-04,1.25,1.25,1.25,1.25,1.1747289896011353,0
2019-10-08,1.25,1.25,1.25,1.25,1.1747289896011353,0
2019-10-09,1.2699999809265137,1.2899999618530273,1.2699999809265137,1.2699999809265137,1.193524718284607,48000
2019-10-10,1.25,1.2599999904632568,1.25,1.25,1.1747289896011353,114000
2019-10-11,1.2599999904632568,1.2599999904632568,1.2599999904632568,1.2599999904632568,1.1841270923614502,0
2019-10-14,1.2599999904632568,1.2599999904632568,1.25,1.25,1.1747289896011353,20000
2019-10-15,1.309999942779541,1.309999942779541,1.2599999904632568,1.2599999904632568,1.1841270923614502,174000
2019-10-16,1.2599999904632568,1.2599999904632568,1.2599999904632568,1.2599999904632568,1.1841270923614502,0
2019-10-17,1.2599999904632568,1.2599999904632568,1.2599999904632568,1.2599999904632568,1.1841270923614502,0
2019-10-18,1.2799999713897705,1.2899999618530273,1.2799999713897705,1.2799999713897705,1.2029227018356323,28000
2019-10-21,1.2799999713897705,1.2799999713897705,1.2799999713897705,1.2799999713897705,1.2029227018356323,0
2019-10-22,1.2699999809265137,1.2699999809265137,1.2699999809265137,1.2699999809265137,1.193524718284607,0
2019-10-23,1.25,1.25,1.25,1.25,1.1747289896011353,4000
2019-10-24,1.25,1.25,1.25,1.25,1.1747289896011353,6000
2019-10-25,1.25,1.25,1.25,1.25,1.1747289896011353,0
2019-10-28,1.25,1.25,1.25,1.25,1.1747289896011353,0
2019-10-29,1.2599999904632568,1.2599999904632568,1.2599999904632568,1.2599999904632568,1.1841270923614502,40000
2019-10-30,1.2699999809265137,1.2699999809265137,1.25,1.25,1.1747289896011353,290000
2019-10-31,1.2599999904632568,1.2599999904632568,1.2599999904632568,1.2599999904632568,1.1841270923614502,0
2019-11-01,1.25,1.25,1.25,1.25,1.1747289896011353,60000
2019-11-04,1.2599999904632568,1.2599999904632568,1.2599999904632568,1.2599999904632568,1.1841270923614502,0
2019-11-05,1.2599999904632568,1.2599999904632568,1.25,1.25,1.1747289896011353,212000
2019-11-06,1.2599999904632568,1.2599999904632568,1.2599999904632568,1.2599999904632568,1.1841270923614502,0
2019-11-07,1.2599999904632568,1.2599999904632568,1.2599999904632568,1.2599999904632568,1.1841270923614502,0
2019-11-08,1.2599999904632568,1.2599999904632568,1.2599999904632568,1.2599999904632568,1.1841270923614502,0
2019-11-11,1.25,1.25,1.25,1.25,1.1747289896011353,0
2019-11-12,1.2599999904632568,1.2599999904632568,1.2599999904632568,1.2599999904632568,1.1841270923614502,0
2019-11-13,1.2599999904632568,1.2599999904632568,1.2599999904632568,1.2599999904632568,1.1841270923614502,0
2019-11-14,1.2599999904632568,1.2599999904632568,1.2599999904632568,1.2599999904632568,1.1841270923614502,0
2019-11-15,1.2599999904632568,1.2599999904632568,1.2599999904632568,1.2599999904632568,1.1841270923614502,0
2019-11-18,1.2599999904632568,1.2599999904632568,1.2599999904632568,1.2599999904632568,1.1841270923614502,0
2019-11-19,1.2599999904632568,1.2599999904632568,1.2599999904632568,1.2599999904632568,1.1841270923614502,0
2019-11-20,1.25,1.25,1.25,1.25,1.1747289896011353,20000
2019-11-21,1.25,1.25,1.25,1.25,1.1747289896011353,34000
2019-11-22,1.2599999904632568,1.2599999904632568,1.2599999904632568,1.2599999904632568,1.1841270923614502,0
2019-11-25,1.25,1.25,1.25,1.25,1.1747289896011353,6000
2019-11-26,1.25,1.25,1.25,1.25,1.1747289896011353,0
2019-11-27,1.25,1.25,1.25,1.25,1.1747289896011353,0
2019-11-28,1.25,1.25,1.25,1.25,1.1747289896011353,0
2019-11-29,1.25,1.25,1.25,1.25,1.1747289896011353,0
2019-12-02,1.25,1.25,1.25,1.25,1.1747289896011353,32000
2019-12-03,1.2599999904632568,1.2599999904632568,1.2599999904632568,1.2599999904632568,1.1841270923614502,0
2019-12-04,1.2599999904632568,1.2599999904632568,1.2599999904632568,1.2599999904632568,1.1841270923614502,0
2019-12-05,1.2599999904632568,1.2599999904632568,1.2599999904632568,1.2599999904632568,1.1841270923614502,0
2019-12-06,1.2599999904632568,1.2599999904632568,1.2599999904632568,1.2599999904632568,1.1841270923614502,0
2019-12-09,1.2599999904632568,1.2599999904632568,1.2599999904632568,1.2599999904632568,1.1841270923614502,0
2019-12-10,1.25,1.25,1.25,1.25,1.1747289896011353,20000
2019-12-11,1.25,1.25,1.25,1.25,1.1747289896011353,0
2019-12-12,1.25,1.25,1.25,1.25,1.1747289896011353,0
2019-12-13,1.25,1.25,1.25,1.25,1.1747289896011353,0
2019-12-16,1.25,1.25,1.25,1.25,1.1747289896011353,0
2019-12-17,1.2599999904632568,1.2599999904632568,1.2599999904632568,1.2599999904632568,1.1841270923614502,0
2019-12-18,1.2599999904632568,1.2599999904632568,1.2599999904632568,1.2599999904632568,1.1841270923614502,0
2019-12-19,1.2599999904632568,1.2599999904632568,1.25,1.25,1.1747289896011353,18000
2019-12-20,1.25,1.25,1.25,1.25,1.1747289896011353,0
2019-12-23,1.2599999904632568,1.2599999904632568,1.2599999904632568,1.2599999904632568,1.1841270923614502,0
2019-12-24,1.2599999904632568,1.2599999904632568,1.2599999904632568,1.2599999904632568,1.1841270923614502,0
2019-12-27,1.25,1.25,1.25,1.25,1.1747289896011353,6000
2019-12-30,1.25,1.25,1.25,1.25,1.1747289896011353,0
2019-12-31,1.25,1.25,1.25,1.25,1.1747289896011353,0
2020-01-02,1.25,1.25,1.25,1.25,1.1747289896011353,485250
2020-01-03,1.2599999904632568,1.2599999904632568,1.25,1.25,1.1747289896011353,18000
2020-01-06,1.2599999904632568,1.2599999904632568,1.25,1.25,1.1747289896011353,22000
2020-01-07,1.25,1.25,1.25,1.25,1.1747289896011353,0
2020-01-08,1.2599999904632568,1.2599999904632568,1.25,1.25,1.1747289896011353,24000
2020-01-09,1.25,1.2699999809265137,1.25,1.2699999809265137,1.193524718284607,34000
2020-01-10,1.2699999809265137,1.2699999809265137,1.2699999809265137,1.2699999809265137,1.193524718284607,0
2020-01-13,1.25,1.25,1.25,1.25,1.1747289896011353,12000
2020-01-14,1.25,1.25,1.25,1.25,1.1747289896011353,16000
2020-01-15,1.25,1.25,1.25,1.25,1.1747289896011353,0
2020-01-16,1.25,1.25,1.25,1.25,1.1747289896011353,0
2020-01-17,1.2599999904632568,1.2599999904632568,1.25,1.25,1.1747289896011353,120000
2020-01-20,1.2599999904632568,1.2599999904632568,1.25,1.25,1.1747289896011353,226000
2020-01-21,1.2599999904632568,1.2599999904632568,1.25,1.25,1.1747289896011353,112000
2020-01-22,1.25,1.2599999904632568,1.25,1.25,1.1747289896011353,206000
2020-01-23,1.2599999904632568,1.2599999904632568,1.2599999904632568,1.2599999904632568,1.1841270923614502,0
2020-01-24,1.2599999904632568,1.2599999904632568,1.2599999904632568,1.2599999904632568,1.1841270923614502,50000
2020-01-29,1.2599999904632568,1.2599999904632568,1.2599999904632568,1.2599999904632568,1.1841270923614502,70000
2020-01-30,1.25,1.25,1.25,1.25,1.1747289896011353,54000
2020-01-31,1.25,1.2599999904632568,1.25,1.25,1.1747289896011353,264000
2020-02-03,1.25,1.25,1.25,1.25,1.1747289896011353,0
2020-02-04,1.25,1.25,1.25,1.25,1.1747289896011353,0
2020-02-05,1.2599999904632568,1.2599999904632568,1.2599999904632568,1.2599999904632568,1.1841270923614502,6000
2020-02-06,1.2599999904632568,1.2599999904632568,1.2599999904632568,1.2599999904632568,1.1841270923614502,0
2020-02-07,1.2599999904632568,1.2599999904632568,1.2599999904632568,1.2599999904632568,1.1841270923614502,0
2020-02-10,1.2599999904632568,1.2599999904632568,1.2599999904632568,1.2599999904632568,1.1841270923614502,0
2020-02-11,1.2599999904632568,1.2599999904632568,1.25,1.25,1.1747289896011353,114000
2020-02-12,1.2599999904632568,1.2599999904632568,1.25,1.25,1.1747289896011353,174000
2020-02-13,1.25,1.25,1.25,1.25,1.1747289896011353,0
2020-02-14,1.25,1.25,1.25,1.25,1.1747289896011353,0
2020-02-17,1.25,1.25,1.25,1.25,1.1747289896011353,0
2020-02-18,1.25,1.25,1.25,1.25,1.1747289896011353,0
2020-02-19,1.25,1.25,1.25,1.25,1.1747289896011353,40000
2020-02-20,1.25,1.25,1.25,1.25,1.1747289896011353,0
2020-02-21,1.2699999809265137,1.2699999809265137,1.2599999904632568,1.2699999809265137,1.193524718284607,122000
2020-02-24,1.2699999809265137,1.2699999809265137,1.2699999809265137,1.2699999809265137,1.193524718284607,0
2020-02-25,1.2599999904632568,1.2599999904632568,1.2599999904632568,1.2599999904632568,1.1841270923614502,0
2020-02-26,1.2599999904632568,1.2599999904632568,1.2599999904632568,1.2599999904632568,1.1841270923614502,0
2020-02-27,1.2599999904632568,1.2599999904632568,1.2599999904632568,1.2599999904632568,1.1841270923614502,0
2020-02-28,1.2599999904632568,1.2599999904632568,1.2599999904632568,1.2599999904632568,1.1841270923614502,0
2020-03-02,1.2699999809265137,1.3200000524520874,1.2699999809265137,1.3200000524520874,1.2405140399932861,50000
2020-03-03,1.25,1.25,1.25,1.25,1.1747289896011353,0
2020-03-04,1.25,1.25,1.25,1.25,1.1747289896011353,0
2020-03-05,1.25,1.25,1.25,1.25,1.1747289896011353,14000
2020-03-06,1.25,1.25,1.25,1.25,1.1747289896011353,0
2020-03-09,1.25,1.25,1.25,1.25,1.1747289896011353,2000
2020-03-10,1.25,1.25,1.25,1.25,1.1747289896011353,10000
2020-03-11,1.25,1.25,1.25,1.25,1.1747289896011353,0
2020-03-12,1.25,1.25,1.25,1.25,1.1747289896011353,2000
2020-03-13,1.25,1.25,1.25,1.25,1.1747289896011353,0
2020-03-16,1.25,1.25,1.25,1.25,1.1747289896011353,50000
2020-03-17,1.25,1.25,1.25,1.25,1.1747289896011353,0
2020-03-18,1.25,1.25,1.25,1.25,1.1747289896011353,0
2020-03-19,1.25,1.25,1.25,1.25,1.1747289896011353,114000
2020-03-20,1.2599999904632568,1.2599999904632568,1.2599999904632568,1.2599999904632568,1.1841270923614502,0
2020-03-23,1.25,1.25,1.25,1.25,1.1747289896011353,62000
2020-03-24,1.25,1.25,1.25,1.25,1.1747289896011353,0
2020-03-25,1.25,1.25,1.25,1.25,1.1747289896011353,0
2020-03-26,1.2599999904632568,1.2599999904632568,1.2599999904632568,1.2599999904632568,1.1841270923614502,122000
2020-03-27,1.25,1.2599999904632568,1.2599999904632568,1.2599999904632568,1.1841270923614502,100000
2020-03-30,1.2599999904632568,1.2599999904632568,1.2599999904632568,1.2599999904632568,1.1841270923614502,0
2020-03-31,1.2599999904632568,1.2599999904632568,1.2599999904632568,1.2599999904632568,1.1841270923614502,0
2020-04-01,1.25,1.25,1.25,1.25,1.1747289896011353,746000
2020-04-02,1.2599999904632568,1.2599999904632568,1.2599999904632568,1.2599999904632568,1.1841270923614502,0
2020-04-03,1.2599999904632568,1.2599999904632568,1.2599999904632568,1.2599999904632568,1.1841270923614502,0
2020-04-06,1.2599999904632568,1.2599999904632568,1.2599999904632568,1.2599999904632568,1.1841270923614502,0
2020-04-07,1.2599999904632568,1.2599999904632568,1.2599999904632568,1.2599999904632568,1.1841270923614502,340000
2020-04-08,1.2599999904632568,1.2599999904632568,1.2599999904632568,1.2599999904632568,1.1841270923614502,0
2020-04-09,1.2599999904632568,1.2599999904632568,1.2599999904632568,1.2599999904632568,1.1841270923614502,0
2020-04-14,1.2599999904632568,1.2599999904632568,1.2599999904632568,1.2599999904632568,1.1841270923614502,0
2020-04-15,1.2599999904632568,1.2599999904632568,1.2599999904632568,1.2599999904632568,1.1841270923614502,0
2020-04-16,1.2599999904632568,1.2599999904632568,1.2599999904632568,1.2599999904632568,1.1841270923614502,0
2020-04-17,1.25,1.25,1.25,1.25,1.1747289896011353,16000
2020-04-20,1.25,1.25,1.25,1.25,1.1747289896011353,0
2020-04-21,1.25,1.25,1.25,1.25,1.1747289896011353,0
2020-04-22,1.25,1.25,1.25,1.25,1.1747289896011353,0
2020-04-23,1.25,1.25,1.25,1.25,1.1747289896011353,0
2020-04-24,1.25,1.25,1.25,1.25,1.1747289896011353,0
2020-04-27,1.25,1.25,1.25,1.25,1.1747289896011353,0
2020-04-28,1.2599999904632568,1.2599999904632568,1.2599999904632568,1.2599999904632568,1.1841270923614502,0
2020-04-29,1.2599999904632568,1.2599999904632568,1.2599999904632568,1.2599999904632568,1.1841270923614502,0
2020-05-04,1.2599999904632568,1.2599999904632568,1.2599999904632568,1.2599999904632568,1.1841270923614502,0
2020-05-05,1.2599999904632568,1.2599999904632568,1.2599999904632568,1.2599999904632568,1.1841270923614502,576000
2020-05-06,1.2599999904632568,1.2599999904632568,1.2599999904632568,1.2599999904632568,1.1841270923614502,0
2020-05-07,1.25,1.25,1.25,1.25,1.1747289896011353,0
2020-05-08,1.25,1.25,1.25,1.25,1.1747289896011353,0
2020-05-11,1.25,1.25,1.25,1.25,1.1747289896011353,0
2020-05-12,1.25,1.25,1.25,1.25,1.1747289896011353,0
2020-05-13,1.25,1.25,1.25,1.25,1.1747289896011353,0
2020-05-14,1.2599999904632568,1.2599999904632568,1.2599999904632568,1.2599999904632568,1.1841270923614502,400000
2020-05-15,1.2599999904632568,1.2599999904632568,1.2599999904632568,1.2599999904632568,1.1841270923614502,0
2020-05-18,1.2599999904632568,1.2599999904632568,1.2599999904632568,1.2599999904632568,1.1841270923614502,0
2020-05-19,1.2599999904632568,1.2599999904632568,1.2599999904632568,1.2599999904632568,1.1841270923614502,0
2020-05-20,1.2599999904632568,1.2599999904632568,1.2599999904632568,1.2599999904632568,1.1841270923614502,0
2020-05-21,1.2599999904632568,1.2599999904632568,1.2599999904632568,1.2599999904632568,1.1841270923614502,0
2020-05-22,1.2599999904632568,1.2599999904632568,1.2599999904632568,1.2599999904632568,1.1841270923614502,0
2020-05-25,1.2599999904632568,1.2599999904632568,1.2599999904632568,1.2599999904632568,1.1841270923614502,0
2020-05-26,1.2599999904632568,1.2599999904632568,1.2599999904632568,1.2599999904632568,1.1841270923614502,0
2020-05-27,1.25,1.25,1.25,1.25,1.1747289896011353,0
2020-05-28,1.25,1.25,1.25,1.25,1.1747289896011353,0
2020-05-29,1.25,1.25,1.25,1.25,1.1747289896011353,0
2020-06-01,1.25,1.25,1.25,1.25,1.1899607181549072,0
2020-06-02,1.25,1.25,1.25,1.25,1.1899607181549072,0
2020-06-03,1.25,1.25,1.25,1.25,1.1899607181549072,2000
2020-06-04,1.25,1.25,1.25,1.25,1.1899607181549072,0
2020-06-05,1.25,1.25,1.25,1.25,1.1899607181549072,4000
2020-06-08,1.25,1.25,1.25,1.25,1.1899607181549072,0
2020-06-09,1.2599999904632568,1.2599999904632568,1.2599999904632568,1.2599999904632568,1.199480414390564,0
2020-06-10,1.2599999904632568,1.2599999904632568,1.2599999904632568,1.2599999904632568,1.199480414390564,0
2020-06-11,1.2599999904632568,1.2599999904632568,1.2599999904632568,1.2599999904632568,1.199480414390564,0
2020-06-12,1.2599999904632568,1.2599999904632568,1.2599999904632568,1.2599999904632568,1.199480414390564,0
2020-06-15,1.2599999904632568,1.2599999904632568,1.2599999904632568,1.2599999904632568,1.199480414390564,0
2020-06-16,1.25,1.25,1.25,1.25,1.1899607181549072,4000
2020-06-17,1.25,1.25,1.25,1.25,1.1899607181549072,2000
2020-06-18,1.25,1.25,1.25,1.25,1.1899607181549072,0
2020-06-19,1.25,1.25,1.25,1.25,1.1899607181549072,0
2020-06-22,1.25,1.25,1.25,1.25,1.1899607181549072,0
2020-06-23,1.25,1.25,1.25,1.25,1.1899607181549072,0
2020-06-24,1.25,1.25,1.25,1.25,1.1899607181549072,0
2020-06-26,1.25,1.25,1.25,1.25,1.1899607181549072,0
2020-06-29,1.25,1.25,1.25,1.25,1.1899607181549072,0
2020-06-30,1.25,1.25,1.25,1.25,1.1899607181549072,10000
2020-07-02,1.25,1.25,1.25,1.25,1.1899607181549072,0
2020-07-03,1.25,1.25,1.25,1.25,1.1899607181549072,0
2020-07-06,1.25,1.25,1.25,1.25,1.1899607181549072,0
2020-07-07,1.25,1.25,1.25,1.25,1.1899607181549072,0
2020-07-08,1.25,1.25,1.25,1.25,1.1899607181549072,0
2020-07-09,1.25,1.25,1.25,1.25,1.1899607181549072,0
2020-07-10,1.25,1.25,1.25,1.25,1.1899607181549072,0
2020-07-13,1.25,1.25,1.25,1.25,1.1899607181549072,0
2020-07-14,1.25,1.25,1.25,1.25,1.1899607181549072,2000
2020-07-15,1.25,1.25,1.25,1.25,1.1899607181549072,0
2020-07-16,1.25,1.25,1.25,1.25,1.1899607181549072,0
2020-07-17,1.25,1.25,1.25,1.25,1.1899607181549072,0
2020-07-20,1.25,1.25,1.25,1.25,1.1899607181549072,50000
2020-07-21,1.25,1.25,1.25,1.25,1.1899607181549072,0
2020-07-22,1.25,1.25,1.25,1.25,1.1899607181549072,0
2020-07-23,1.25,1.25,1.25,1.25,1.1899607181549072,0
2020-07-24,1.25,1.25,1.25,1.25,1.1899607181549072,0
2020-07-27,1.25,1.25,1.25,1.25,1.1899607181549072,0
2020-07-28,1.25,1.25,1.25,1.25,1.1899607181549072,0
2020-07-29,1.25,1.25,1.25,1.25,1.1899607181549072,0
2020-07-30,1.25,1.25,1.25,1.25,1.1899607181549072,0
2020-07-31,1.25,1.25,1.25,1.25,1.1899607181549072,0
2020-08-03,1.25,1.25,1.25,1.25,1.1899607181549072,0
2020-08-04,1.25,1.25,1.25,1.25,1.1899607181549072,0
2020-08-05,1.2699999809265137,1.2799999713897705,1.2799999713897705,1.2799999713897705,1.2185194492340088,26000
2020-08-06,1.2799999713897705,1.2799999713897705,1.2799999713897705,1.2799999713897705,1.2185194492340088,0
2020-08-07,1.2799999713897705,1.2799999713897705,1.2799999713897705,1.2799999713897705,1.2185194492340088,0
2020-08-10,1.2799999713897705,1.2799999713897705,1.2799999713897705,1.2799999713897705,1.2185194492340088,0
2020-08-11,1.2799999713897705,1.2799999713897705,1.2799999713897705,1.2799999713897705,1.2185194492340088,0
2020-08-12,1.2799999713897705,1.2799999713897705,1.2799999713897705,1.2799999713897705,1.2185194492340088,0
2020-08-13,1.2799999713897705,1.2799999713897705,1.2799999713897705,1.2799999713897705,1.2185194492340088,0
2020-08-14,1.2799999713897705,1.2799999713897705,1.2799999713897705,1.2799999713897705,1.2185194492340088,0
2020-08-17,1.2799999713897705,1.2799999713897705,1.2799999713897705,1.2799999713897705,1.2185194492340088,0
2020-08-18,1.2669999599456787,1.2669999599456787,1.2669999599456787,1.2669999599456787,1.2185194492340088,0
2020-08-19,1.2599999904632568,1.2599999904632568,1.2599999904632568,1.2599999904632568,1.211787462234497,3000000
2020-08-20,1.2599999904632568,1.2599999904632568,1.2599999904632568,1.2599999904632568,1.211787462234497,3000000
2020-08-21,1.2599999904632568,1.2599999904632568,1.2599999904632568,1.2599999904632568,1.211787462234497,0
2020-08-24,1.2599999904632568,1.2599999904632568,1.2599999904632568,1.2599999904632568,1.211787462234497,0
2020-08-25,1.2599999904632568,1.2599999904632568,1.2599999904632568,1.2599999904632568,1.211787462234497,0
2020-08-26,1.2599999904632568,1.2599999904632568,1.2599999904632568,1.2599999904632568,1.211787462234497,0
2020-08-27,1.2599999904632568,1.2599999904632568,1.2599999904632568,1.2599999904632568,1.211787462234497,0
2020-08-28,1.2599999904632568,1.2599999904632568,1.2599999904632568,1.2599999904632568,1.211787462234497,0
2020-08-31,1.25,1.25,1.25,1.25,1.2021701335906982,100000
2020-09-01,1.25,1.25,1.25,1.25,1.2021701335906982,0
2020-09-02,1.25,1.25,1.25,1.25,1.2021701335906982,0
2020-09-03,1.25,1.25,1.25,1.25,1.2021701335906982,0
2020-09-04,1.25,1.25,1.25,1.25,1.2021701335906982,0
2020-09-07,1.25,1.25,1.25,1.25,1.2021701335906982,0
2020-09-08,1.25,1.25,1.25,1.25,1.2021701335906982,0
2020-09-09,1.25,1.25,1.25,1.25,1.2021701335906982,0
2020-09-10,1.25,1.25,1.25,1.25,1.2021701335906982,0
2020-09-11,1.25,1.25,1.25,1.25,1.2021701335906982,0
2020-09-14,1.25,1.25,1.25,1.25,1.2021701335906982,180000
2020-09-15,1.25,1.25,1.25,1.25,1.2021701335906982,0
2020-09-16,1.25,1.25,1.25,1.25,1.2021701335906982,2000
2020-09-17,1.25,1.25,1.25,1.25,1.2021701335906982,0
2020-09-18,1.25,1.25,1.25,1.25,1.2021701335906982,0
2020-09-21,1.25,1.25,1.25,1.25,1.2021701335906982,0
2020-09-22,1.25,1.25,1.25,1.25,1.2021701335906982,0
2020-09-23,1.25,1.25,1.25,1.25,1.2021701335906982,0
2020-09-24,1.25,1.25,1.25,1.25,1.2021701335906982,2000
2020-09-25,1.25,1.25,1.25,1.25,1.2021701335906982,0
2020-09-28,1.25,1.25,1.25,1.25,1.2021701335906982,0
2020-09-29,1.25,1.25,1.25,1.25,1.2021701335906982,0
2020-09-30,1.25,1.25,1.25,1.25,1.2021701335906982,0
2020-10-05,1.25,1.25,1.25,1.25,1.2021701335906982,0
2020-10-06,1.25,1.25,1.25,1.25,1.2021701335906982,0
2020-10-07,1.25,1.25,1.25,1.25,1.2021701335906982,0
2020-10-08,1.25,1.25,1.25,1.25,1.2021701335906982,0
2020-10-09,1.25,1.25,1.25,1.25,1.2021701335906982,0
2020-10-12,1.25,1.25,1.25,1.25,1.2021701335906982,0
2020-10-14,1.25,1.25,1.25,1.25,1.2021701335906982,0
2020-10-15,1.25,1.25,1.25,1.25,1.2021701335906982,0
2020-10-16,1.2999999523162842,1.350000023841858,1.25,1.2999999523162842,1.2502567768096924,32000
2020-10-19,1.2999999523162842,1.2999999523162842,1.2999999523162842,1.2999999523162842,1.2502567768096924,0
2020-10-20,1.2999999523162842,1.2999999523162842,1.2999999523162842,1.2999999523162842,1.2502567768096924,0
2020-10-21,1.2999999523162842,1.2999999523162842,1.2999999523162842,1.2999999523162842,1.2502567768096924,118000
2020-10-22,1.2999999523162842,1.2999999523162842,1.2999999523162842,1.2999999523162842,1.2502567768096924,46000
2020-10-23,1.2599999904632568,1.2599999904632568,1.2599999904632568,1.2599999904632568,1.211787462234497,0
2020-10-27,1.25,1.25,1.25,1.25,1.2021701335906982,0
2020-10-28,1.2699999809265137,1.350000023841858,1.2599999904632568,1.2599999904632568,1.211787462234497,684000
2020-10-29,1.2699999809265137,1.2699999809265137,1.2699999809265137,1.2699999809265137,1.2214046716690063,0
2020-10-30,1.2699999809265137,1.2699999809265137,1.2699999809265137,1.2699999809265137,1.2214046716690063,50000
2020-11-02,1.2699999809265137,1.2699999809265137,1.2699999809265137,1.2699999809265137,1.2214046716690063,0
2020-11-03,1.2699999809265137,1.2699999809265137,1.2699999809265137,1.2699999809265137,1.2214046716690063,0
2020-11-04,1.2699999809265137,1.2699999809265137,1.2699999809265137,1.2699999809265137,1.2214046716690063,0
2020-11-05,1.2799999713897705,1.309999942779541,1.2599999904632568,1.309999942779541,1.2598742246627808,2600000
2020-11-06,1.3200000524520874,1.3200000524520874,1.3200000524520874,1.3200000524520874,1.2694917917251587,0
2020-11-09,1.3200000524520874,1.3200000524520874,1.3200000524520874,1.3200000524520874,1.2694917917251587,0
2020-11-10,1.3200000524520874,1.3200000524520874,1.3200000524520874,1.3200000524520874,1.2694917917251587,0
2020-11-11,1.3200000524520874,1.3200000524520874,1.3200000524520874,1.3200000524520874,1.2694917917251587,0
2020-11-12,1.3200000524520874,1.3200000524520874,1.3200000524520874,1.3200000524520874,1.2694917917251587,0
2020-11-13,1.3200000524520874,1.3200000524520874,1.3200000524520874,1.3200000524520874,1.2694917917251587,0
2020-11-16,1.3200000524520874,1.3200000524520874,1.3200000524520874,1.3200000524520874,1.2694917917251587,0
2020-11-17,1.2599999904632568,1.3200000524520874,1.25,1.3200000524520874,1.2694917917251587,24000
2020-11-18,1.3200000524520874,1.3200000524520874,1.3200000524520874,1.3200000524520874,1.2694917917251587,0
2020-11-19,1.3200000524520874,1.3200000524520874,1.3200000524520874,1.3200000524520874,1.2694917917251587,100000
2020-11-20,1.3200000524520874,1.3200000524520874,1.3200000524520874,1.3200000524520874,1.2694917917251587,0
2020-11-23,1.3200000524520874,1.3200000524520874,1.3200000524520874,1.3200000524520874,1.2694917917251587,0
2020-11-24,1.3200000524520874,1.3200000524520874,1.3200000524520874,1.3200000524520874,1.2694917917251587,70000
2020-11-25,1.3200000524520874,1.3200000524520874,1.3200000524520874,1.3200000524520874,1.2694917917251587,0
2020-11-26,1.3200000524520874,1.3200000524520874,1.3200000524520874,1.3200000524520874,1.2694917917251587,0
2020-11-27,1.3200000524520874,1.3200000524520874,1.3200000524520874,1.3200000524520874,1.2694917917251587,0
2020-11-30,1.3200000524520874,1.3200000524520874,1.3200000524520874,1.3200000524520874,1.2694917917251587,0
2020-12-01,1.3200000524520874,1.3200000524520874,1.3200000524520874,1.3200000524520874,1.2694917917251587,0
2020-12-02,1.3200000524520874,1.3200000524520874,1.3200000524520874,1.3200000524520874,1.2694917917251587,0
2020-12-03,1.3200000524520874,1.3200000524520874,1.3200000524520874,1.3200000524520874,1.2694917917251587,0
2020-12-04,1.3200000524520874,1.3200000524520874,1.3200000524520874,1.3200000524520874,1.2694917917251587,0
2020-12-07,1.3200000524520874,1.3200000524520874,1.3200000524520874,1.3200000524520874,1.2694917917251587,0
2020-12-08,1.3200000524520874,1.3200000524520874,1.3200000524520874,1.3200000524520874,1.2694917917251587,0
2020-12-09,1.2699999809265137,1.2699999809265137,1.2699999809265137,1.2699999809265137,1.2214046716690063,0
2020-12-10,1.2699999809265137,1.2699999809265137,1.2699999809265137,1.2699999809265137,1.2214046716690063,0
2020-12-11,1.2699999809265137,1.2699999809265137,1.2699999809265137,1.2699999809265137,1.2214046716690063,0
2020-12-14,1.2699999809265137,1.2699999809265137,1.2599999904632568,1.2599999904632568,1.211787462234497,16000
2020-12-15,1.2599999904632568,1.2599999904632568,1.2599999904632568,1.2599999904632568,1.211787462234497,0
2020-12-16,1.2599999904632568,1.2599999904632568,1.2599999904632568,1.2599999904632568,1.211787462234497,0
2020-12-17,1.2599999904632568,1.2599999904632568,1.2599999904632568,1.2599999904632568,1.211787462234497,0
2020-12-18,1.2799999713897705,1.2699999809265137,1.2599999904632568,1.2599999904632568,1.211787462234497,36000
2020-12-21,1.2599999904632568,1.2599999904632568,1.2599999904632568,1.2599999904632568,1.211787462234497,0
2020-12-22,1.2599999904632568,1.2599999904632568,1.2599999904632568,1.2599999904632568,1.211787462234497,0
2020-12-23,1.2599999904632568,1.2599999904632568,1.2599999904632568,1.2599999904632568,1.211787462234497,0
2020-12-24,1.2599999904632568,1.2599999904632568,1.2599999904632568,1.2599999904632568,1.211787462234497,0
2020-12-28,1.2899999618530273,1.2899999618530273,1.2799999713897705,1.2799999713897705,1.2310221195220947,52000
2020-12-29,1.2599999904632568,1.2599999904632568,1.2599999904632568,1.2599999904632568,1.211787462234497,1916000
2020-12-30,1.2599999904632568,1.2599999904632568,1.2599999904632568,1.2599999904632568,1.211787462234497,0
2020-12-31,1.2799999713897705,1.2799999713897705,1.2799999713897705,1.2799999713897705,1.2310221195220947,0
2021-01-04,1.2599999904632568,1.2599999904632568,1.25,1.25,1.2021701335906982,10000
2021-01-05,1.25,1.25,1.25,1.25,1.2021701335906982,0
2021-01-06,1.25,1.25,1.25,1.25,1.2021701335906982,0
2021-01-07,1.25,1.25,1.25,1.25,1.2021701335906982,0
2021-01-08,1.25,1.25,1.25,1.25,1.2021701335906982,14000
2021-01-11,1.25,1.25,1.25,1.25,1.2021701335906982,28000
2021-01-12,1.25,1.25,1.25,1.25,1.2021701335906982,2000
2021-01-13,1.25,1.25,1.25,1.25,1.2021701335906982,0
2021-01-14,1.2599999904632568,1.2599999904632568,1.2599999904632568,1.2599999904632568,1.211787462234497,0
2021-01-15,1.2699999809265137,1.2699999809265137,1.2699999809265137,1.2699999809265137,1.2214046716690063,0
2021-01-18,1.2699999809265137,1.2699999809265137,1.2699999809265137,1.2699999809265137,1.2214046716690063,0
2021-01-19,1.2699999809265137,1.2699999809265137,1.2699999809265137,1.2699999809265137,1.2214046716690063,0
2021-01-20,1.2799999713897705,1.2799999713897705,1.25,1.25,1.2021701335906982,30000
2021-01-21,1.25,1.25,1.25,1.25,1.2021701335906982,0
2021-01-22,1.25,1.25,1.25,1.25,1.2021701335906982,0
2021-01-25,1.25,1.25,1.25,1.25,1.2021701335906982,0
2021-01-26,1.25,1.25,1.25,1.25,1.2021701335906982,0
2021-01-27,1.25,1.25,1.25,1.25,1.2021701335906982,0
2021-01-28,1.25,1.25,1.25,1.25,1.2021701335906982,0
2021-01-29,1.25,1.25,1.25,1.25,1.2021701335906982,8000
2021-02-01,1.25,1.25,1.25,1.25,1.2021701335906982,2000
2021-02-02,1.25,1.25,1.25,1.25,1.2021701335906982,0
2021-02-03,1.25,1.25,1.25,1.25,1.2021701335906982,0
2021-02-04,1.25,1.25,1.25,1.25,1.2021701335906982,0
2021-02-05,1.2799999713897705,1.2799999713897705,1.2599999904632568,1.2599999904632568,1.211787462234497,12000
2021-02-08,1.25,1.25,1.25,1.25,1.2021701335906982,0
2021-02-09,1.25,1.25,1.25,1.25,1.2021701335906982,30000
2021-02-10,1.25,1.25,1.25,1.25,1.2021701335906982,0
2021-02-11,1.25,1.25,1.25,1.25,1.2021701335906982,0
2021-02-16,1.25,1.25,1.25,1.25,1.2021701335906982,0
2021-02-17,1.2799999713897705,1.2799999713897705,1.2799999713897705,1.2799999713897705,1.2310221195220947,26000
2021-02-18,1.2799999713897705,1.2799999713897705,1.2799999713897705,1.2799999713897705,1.2310221195220947,0
2021-02-19,1.2799999713897705,1.2799999713897705,1.2799999713897705,1.2799999713897705,1.2310221195220947,40000
2021-02-22,1.2799999713897705,1.2799999713897705,1.2799999713897705,1.2799999713897705,1.2310221195220947,0
2021-02-23,1.2799999713897705,1.2799999713897705,1.25,1.25,1.2021701335906982,40000
2021-02-24,1.2699999809265137,1.2799999713897705,1.2599999904632568,1.2799999713897705,1.2310221195220947,40000
2021-02-25,1.2799999713897705,1.2799999713897705,1.2699999809265137,1.2799999713897705,1.2310221195220947,150000
2021-02-26,1.2599999904632568,1.2599999904632568,1.25,1.25,1.2021701335906982,20000
2021-03-01,1.2599999904632568,1.2599999904632568,1.2599999904632568,1.2599999904632568,1.211787462234497,0
2021-03-02,1.2699999809265137,1.2699999809265137,1.2599999904632568,1.2599999904632568,1.211787462234497,106000
2021-03-03,1.25,1.25,1.25,1.25,1.2021701335906982,60000
2021-03-04,1.2599999904632568,1.2599999904632568,1.2599999904632568,1.2599999904632568,1.211787462234497,0
2021-03-05,1.2599999904632568,1.2599999904632568,1.2599999904632568,1.2599999904632568,1.211787462234497,0
2021-03-08,1.2599999904632568,1.2599999904632568,1.2599999904632568,1.2599999904632568,1.211787462234497,0
2021-03-09,1.2599999904632568,1.2699999809265137,1.2599999904632568,1.2599999904632568,1.211787462234497,1036000
2021-03-10,1.2599999904632568,1.2599999904632568,1.2599999904632568,1.2599999904632568,1.211787462234497,0
2021-03-11,1.2599999904632568,1.2599999904632568,1.2599999904632568,1.2599999904632568,1.211787462234497,0
2021-03-12,1.2599999904632568,1.2599999904632568,1.2599999904632568,1.2599999904632568,1.211787462234497,0
2021-03-15,1.2699999809265137,1.2699999809265137,1.2599999904632568,1.2599999904632568,1.211787462234497,46000
2021-03-16,1.2699999809265137,1.2699999809265137,1.2599999904632568,1.2599999904632568,1.211787462234497,30000
2021-03-17,1.2599999904632568,1.2599999904632568,1.2599999904632568,1.2599999904632568,1.211787462234497,20000
2021-03-18,1.2699999809265137,1.2699999809265137,1.2599999904632568,1.2599999904632568,1.211787462234497,38000
2021-03-19,1.2699999809265137,1.2699999809265137,1.2699999809265137,1.2699999809265137,1.2214046716690063,74000
2021-03-22,1.2699999809265137,1.2699999809265137,1.2699999809265137,1.2699999809265137,1.2214046716690063,0
2021-03-23,1.2699999809265137,1.2699999809265137,1.2599999904632568,1.2599999904632568,1.211787462234497,90000
2021-03-24,1.2599999904632568,1.2599999904632568,1.2599999904632568,1.2599999904632568,1.211787462234497,0
2021-03-25,1.2599999904632568,1.2599999904632568,1.25,1.25,1.2021701335906982,730000
2021-03-26,1.2699999809265137,1.2699999809265137,1.2699999809265137,1.2699999809265137,1.2214046716690063,50000
2021-03-29,1.2699999809265137,1.2699999809265137,1.2699999809265137,1.2699999809265137,1.2214046716690063,246000
2021-03-30,1.2699999809265137,1.2699999809265137,1.2699999809265137,1.2699999809265137,1.2214046716690063,40000
2021-03-31,1.2699999809265137,1.2699999809265137,1.2699999809265137,1.2699999809265137,1.2214046716690063,200000
2021-04-01,1.2699999809265137,1.2699999809265137,1.2699999809265137,1.2699999809265137,1.2214046716690063,0
2021-04-07,1.2799999713897705,1.2799999713897705,1.2799999713897705,1.2799999713897705,1.2310221195220947,0
2021-04-08,1.2899999618530273,1.2899999618530273,1.2899999618530273,1.2899999618530273,1.2406394481658936,0
2021-04-09,1.2899999618530273,1.2899999618530273,1.2899999618530273,1.2899999618530273,1.2406394481658936,0
2021-04-12,1.2799999713897705,1.2799999713897705,1.2799999713897705,1.2799999713897705,1.2310221195220947,0
2021-04-13,1.2899999618530273,1.2899999618530273,1.2899999618530273,1.2899999618530273,1.2406394481658936,0
2021-04-14,1.309999942779541,1.3300000429153442,1.309999942779541,1.3300000429153442,1.2791091203689575,24000
2021-04-15,1.309999942779541,1.309999942779541,1.309999942779541,1.309999942779541,1.2598742246627808,0
2021-04-16,1.309999942779541,1.6799999475479126,1.309999942779541,1.649999976158142,1.5868645906448364,3364000
2021-04-19,1.600000023841858,1.600000023841858,1.399999976158142,1.5499999523162842,1.4906909465789795,84000
2021-04-20,1.5499999523162842,1.5499999523162842,1.5499999523162842,1.5499999523162842,1.4906909465789795,30000
2021-04-21,1.5499999523162842,1.5499999523162842,1.5499999523162842,1.5499999523162842,1.4906909465789795,0
2021-04-22,1.5499999523162842,1.7599999904632568,1.5499999523162842,1.7000000476837158,1.6349513530731201,259698
2021-04-23,1.75,1.899999976158142,1.75,1.899999976158142,1.8272985219955444,990000
2021-04-26,1.8899999856948853,2.1500000953674316,1.7999999523162842,2.049999952316284,1.9715588092803955,1552000
2021-04-27,2.049999952316284,2.0999999046325684,1.7999999523162842,2.009999990463257,1.9330897331237793,184000
2021-04-28,2.009999990463257,2.009999990463257,2.0,2.0,1.9234721660614014,34000
2021-04-29,2.0999999046325684,2.1500000953674316,2.0999999046325684,2.1500000953674316,2.067732572555542,260000
2021-04-30,2.1500000953674316,2.1500000953674316,2.1500000953674316,2.1500000953674316,2.067732572555542,0
2021-05-03,2.1500000953674316,2.1500000953674316,2.1500000953674316,2.1500000953674316,2.067732572555542,0
2021-05-04,2.1500000953674316,2.1500000953674316,2.1500000953674316,2.1500000953674316,2.067732572555542,0
2021-05-05,2.1500000953674316,2.1500000953674316,2.140000104904175,2.140000104904175,2.058115005493164,24000
2021-05-06,2.0,2.0,2.0,2.0,1.9234721660614014,0
2021-05-07,2.0,2.0,2.0,2.0,1.9234721660614014,0
2021-05-10,1.909999966621399,2.0,1.899999976158142,2.0,1.9234721660614014,68000
2021-05-11,2.0,2.0,2.0,2.0,1.9234721660614014,0
2021-05-12,2.0,2.049999952316284,2.0,2.049999952316284,1.9715588092803955,76000
2021-05-13,2.049999952316284,2.049999952316284,2.049999952316284,2.049999952316284,1.9715588092803955,0
2021-05-14,2.049999952316284,2.049999952316284,2.049999952316284,2.049999952316284,1.9715588092803955,0
2021-05-17,1.9500000476837158,2.049999952316284,1.9500000476837158,2.049999952316284,1.9715588092803955,14000
2021-05-18,1.9500000476837158,1.9800000190734863,1.9500000476837158,1.9800000190734863,1.9042373895645142,32000
2021-05-20,2.049999952316284,2.049999952316284,2.049999952316284,2.049999952316284,1.9715588092803955,4000
2021-05-21,1.940000057220459,1.9500000476837158,1.940000057220459,1.9500000476837158,1.8753854036331177,40000
2021-05-24,2.0,2.0,2.0,2.0,1.9234721660614014,2000
2021-05-25,2.0,2.0,2.0,2.0,1.9234721660614014,0
2021-05-26,1.9199999570846558,1.9199999570846558,1.9199999570846558,1.9199999570846558,1.8465332984924316,0
2021-05-27,1.9199999570846558,1.9199999570846558,1.9199999570846558,1.9199999570846558,1.8465332984924316,20000
2021-05-28,1.9199999570846558,1.9199999570846558,1.9199999570846558,1.9199999570846558,1.8465332984924316,0
2021-05-31,1.9199999570846558,1.9199999570846558,1.899999976158142,1.899999976158142,1.8436223268508911,252000
2021-06-01,1.899999976158142,1.9199999570846558,1.899999976158142,1.899999976158142,1.8436223268508911,100000
2021-06-02,1.7999999523162842,1.899999976158142,1.7999999523162842,1.899999976158142,1.8436223268508911,20000
2021-06-03,1.850000023841858,1.850000023841858,1.7999999523162842,1.8200000524520874,1.7659960985183716,780000
2021-06-04,1.809999942779541,1.809999942779541,1.809999942779541,1.809999942779541,1.756292700767517,0
2021-06-07,1.7999999523162842,1.7999999523162842,1.7999999523162842,1.7999999523162842,1.7465896606445312,0
2021-06-08,1.7999999523162842,1.7999999523162842,1.7999999523162842,1.7999999523162842,1.7465896606445312,16000
2021-06-09,1.7999999523162842,1.7999999523162842,1.7999999523162842,1.7999999523162842,1.7465896606445312,6000
2021-06-10,2.0199999809265137,2.0199999809265137,2.0199999809265137,2.0199999809265137,1.9600615501403809,20000
2021-06-11,2.0199999809265137,2.0199999809265137,2.0199999809265137,2.0199999809265137,1.9600615501403809,0
2021-06-15,2.0199999809265137,2.0199999809265137,2.0199999809265137,2.0199999809265137,1.9600615501403809,0
2021-06-16,2.0199999809265137,2.0199999809265137,2.0199999809265137,2.0199999809265137,1.9600615501403809,0
2021-06-17,2.0199999809265137,2.0199999809265137,2.0199999809265137,2.0199999809265137,1.9600615501403809,0
2021-06-18,2.0,2.0,2.0,2.0,1.9406551122665405,10000
2021-06-21,2.0,2.0,2.0,2.0,1.9406551122665405,0
2021-06-22,2.0,2.0,2.0,2.0,1.9406551122665405,0
2021-06-23,1.9900000095367432,1.9900000095367432,1.9299999475479126,1.9299999475479126,1.8727320432662964,194000
2021-06-24,1.9299999475479126,1.9500000476837158,1.9299999475479126,1.9500000476837158,1.8921388387680054,64000
2021-06-25,1.9500000476837158,1.9500000476837158,1.9500000476837158,1.9500000476837158,1.8921388387680054,0
2021-06-28,1.9500000476837158,1.9500000476837158,1.9500000476837158,1.9500000476837158,1.8921388387680054,0
2021-06-29,1.899999976158142,1.899999976158142,1.899999976158142,1.899999976158142,1.8436223268508911,2000
2021-06-30,1.899999976158142,1.899999976158142,1.899999976158142,1.899999976158142,1.8436223268508911,0
2021-07-02,1.899999976158142,1.899999976158142,1.899999976158142,1.899999976158142,1.8436223268508911,0
2021-07-05,1.899999976158142,1.899999976158142,1.899999976158142,1.899999976158142,1.8436223268508911,0
2021-07-06,1.899999976158142,1.899999976158142,1.899999976158142,1.899999976158142,1.8436223268508911,0
2021-07-07,1.899999976158142,1.899999976158142,1.899999976158142,1.899999976158142,1.8436223268508911,0
2021-07-08,1.899999976158142,1.899999976158142,1.899999976158142,1.899999976158142,1.8436223268508911,0
2021-07-09,1.899999976158142,1.899999976158142,1.899999976158142,1.899999976158142,1.8436223268508911,0
2021-07-12,1.899999976158142,1.899999976158142,1.899999976158142,1.899999976158142,1.8436223268508911,0
2021-07-13,2.0999999046325684,2.140000104904175,2.0999999046325684,2.140000104904175,2.0765011310577393,4000
2021-07-14,2.130000114440918,2.130000114440918,2.130000114440918,2.130000114440918,2.0667977333068848,0
2021-07-15,2.130000114440918,2.130000114440918,2.130000114440918,2.130000114440918,2.0667977333068848,0
2021-07-16,2.130000114440918,2.130000114440918,2.130000114440918,2.130000114440918,2.0667977333068848,0
2021-07-19,2.130000114440918,2.130000114440918,2.130000114440918,2.130000114440918,2.0667977333068848,0
2021-07-20,2.119999885559082,2.119999885559082,2.119999885559082,2.119999885559082,2.0570943355560303,0
2021-07-21,2.119999885559082,2.140000104904175,2.119999885559082,2.130000114440918,2.0667977333068848,596000
2021-07-22,2.0999999046325684,2.119999885559082,2.0999999046325684,2.0999999046325684,2.0376875400543213,214000
2021-07-23,2.059999942779541,2.059999942779541,2.059999942779541,2.059999942779541,1.9988746643066406,0
2021-07-26,2.059999942779541,2.059999942779541,2.059999942779541,2.059999942779541,1.9988746643066406,0
2021-07-27,2.049999952316284,2.049999952316284,2.0199999809265137,2.0199999809265137,1.9600615501403809,40000
2021-07-28,2.009999990463257,2.009999990463257,2.0,2.0,1.9406551122665405,10000
2021-07-29,2.1500000953674316,2.1600000858306885,1.9199999570846558,2.1600000858306885,2.095907688140869,492000
2021-07-30,2.1600000858306885,2.240000009536743,2.1600000858306885,2.240000009536743,2.1735336780548096,54000
2021-08-02,2.240000009536743,2.440000057220459,2.240000009536743,2.440000057220459,2.3675992488861084,34000
2021-08-03,2.240000009536743,2.440000057220459,2.240000009536743,2.440000057220459,2.3675992488861084,76000
2021-08-04,2.4600000381469727,2.4600000381469727,2.440000057220459,2.440000057220459,2.3675992488861084,110000
2021-08-05,2.430000066757202,2.430000066757202,2.430000066757202,2.430000066757202,2.357895851135254,0
2021-08-06,2.4000000953674316,2.430000066757202,2.430000066757202,2.430000066757202,2.357895851135254,120000
2021-08-09,2.440000057220459,2.440000057220459,2.440000057220459,2.440000057220459,2.3675992488861084,26000
2021-08-10,2.440000057220459,2.440000057220459,2.3299999237060547,2.3299999237060547,2.2608630657196045,30000
2021-08-11,2.3399999141693115,2.3399999141693115,2.319999933242798,2.319999933242798,2.25115966796875,34000
2021-08-12,2.299999952316284,2.299999952316284,2.299999952316284,2.299999952316284,2.23175311088562,4000
2021-08-13,2.299999952316284,2.299999952316284,2.299999952316284,2.299999952316284,2.23175311088562,0
2021-08-16,2.299999952316284,2.299999952316284,2.299999952316284,2.299999952316284,2.23175311088562,0
2021-08-17,2.25,2.25,2.25,2.25,2.183236598968506,0
2021-08-18,2.25,2.25,2.25,2.25,2.183236598968506,0
2021-08-19,2.25,2.25,2.25,2.25,2.1959242820739746,2000
2021-08-20,2.25,2.25,2.25,2.25,2.1959242820739746,0
2021-08-23,2.259999990463257,2.259999990463257,2.25,2.25,2.1959242820739746,8000
2021-08-24,2.25,2.25,2.25,2.25,2.1959242820739746,0
2021-08-25,2.25,2.25,2.25,2.25,2.1959242820739746,0
2021-08-26,2.259999990463257,2.259999990463257,2.200000047683716,2.200000047683716,2.1471261978149414,36000
2021-08-27,2.200000047683716,2.25,2.200000047683716,2.200000047683716,2.1471261978149414,76000
2021-08-30,2.200000047683716,2.200000047683716,2.200000047683716,2.200000047683716,2.1471261978149414,0
2021-08-31,2.200000047683716,2.200000047683716,2.200000047683716,2.200000047683716,2.1471261978149414,0
2021-09-01,2.200000047683716,2.200000047683716,2.200000047683716,2.200000047683716,2.1471261978149414,2000
2021-09-02,2.2100000381469727,2.2100000381469727,2.009999990463257,2.200000047683716,2.1471261978149414,180000
2021-09-03,2.200000047683716,2.200000047683716,2.200000047683716,2.200000047683716,2.1471261978149414,0
2021-09-06,2.299999952316284,2.2200000286102295,2.2200000286102295,2.2200000286102295,2.1666455268859863,50000
2021-09-07,2.2200000286102295,2.2200000286102295,2.2200000286102295,2.2200000286102295,2.1666455268859863,0
2021-09-08,2.2200000286102295,2.2300000190734863,2.2200000286102295,2.2200000286102295,2.1666455268859863,66000
2021-09-09,2.2200000286102295,2.2200000286102295,2.2200000286102295,2.2200000286102295,2.1666455268859863,10000
2021-09-10,2.2200000286102295,2.2200000286102295,2.2200000286102295,2.2200000286102295,2.1666455268859863,0
2021-09-13,2.2200000286102295,2.2200000286102295,2.2200000286102295,2.2200000286102295,2.1666455268859863,0
2021-09-14,2.2200000286102295,2.2200000286102295,2.2200000286102295,2.2200000286102295,2.1666455268859863,0
2021-09-15,2.2200000286102295,2.2200000286102295,2.2200000286102295,2.2200000286102295,2.1666455268859863,0
2021-09-16,2.25,2.25,2.25,2.25,2.1959242820739746,200000
2021-09-17,2.25,2.25,2.25,2.25,2.1959242820739746,0
2021-09-20,2.259999990463257,2.259999990463257,2.259999990463257,2.259999990463257,2.205684185028076,6000
2021-09-21,2.259999990463257,2.259999990463257,2.259999990463257,2.259999990463257,2.205684185028076,0
2021-09-23,2.2100000381469727,2.2100000381469727,2.2100000381469727,2.2100000381469727,2.156886100769043,2000
2021-09-24,2.2100000381469727,2.2100000381469727,2.2100000381469727,2.2100000381469727,2.156886100769043,0
2021-09-27,2.200000047683716,2.200000047683716,2.200000047683716,2.200000047683716,2.1471261978149414,2000
2021-09-28,2.200000047683716,2.200000047683716,2.200000047683716,2.200000047683716,2.1471261978149414,0
2021-09-29,2.200000047683716,2.200000047683716,2.200000047683716,2.200000047683716,2.1471261978149414,0
2021-09-30,2.200000047683716,2.200000047683716,2.200000047683716,2.200000047683716,2.1471261978149414,0
2021-10-04,2.200000047683716,2.200000047683716,2.200000047683716,2.200000047683716,2.1471261978149414,0
2021-10-05,2.119999885559082,2.119999885559082,2.0999999046325684,2.0999999046325684,2.0495290756225586,24000
2021-10-06,2.0999999046325684,2.0999999046325684,2.0999999046325684,2.0999999046325684,2.0495290756225586,0
2021-10-07,2.0999999046325684,2.0999999046325684,2.0999999046325684,2.0999999046325684,2.0495290756225586,0
2021-10-08,2.0999999046325684,2.0999999046325684,2.0999999046325684,2.0999999046325684,2.0495290756225586,0
2021-10-11,2.0999999046325684,2.0999999046325684,2.0,2.0,1.9519329071044922,22000
2021-10-12,2.009999990463257,2.009999990463257,2.009999990463257,2.009999990463257,1.9616926908493042,0
2021-10-15,2.0399999618530273,2.0399999618530273,2.0399999618530273,2.0399999618530273,1.990971565246582,14000
2021-10-18,2.0399999618530273,2.0399999618530273,2.0399999618530273,2.0399999618530273,1.990971565246582,0
2021-10-19,2.0399999618530273,2.0399999618530273,2.0399999618530273,2.0399999618530273,1.990971565246582,0
2021-10-20,2.240000009536743,2.240000009536743,2.240000009536743,2.240000009536743,2.1861648559570312,14000
2021-10-21,2.240000009536743,2.240000009536743,2.240000009536743,2.240000009536743,2.1861648559570312,0
2021-10-22,2.240000009536743,2.240000009536743,2.240000009536743,2.240000009536743,2.1861648559570312,0
2021-10-25,2.240000009536743,2.240000009536743,2.240000009536743,2.240000009536743,2.1861648559570312,0
2021-10-26,2.240000009536743,2.240000009536743,2.240000009536743,2.240000009536743,2.1861648559570312,0
2021-10-27,2.240000009536743,2.240000009536743,2.240000009536743,2.240000009536743,2.1861648559570312,0
2021-10-28,2.240000009536743,2.240000009536743,2.240000009536743,2.240000009536743,2.1861648559570312,34000
2021-10-29,2.240000009536743,2.240000009536743,2.240000009536743,2.240000009536743,2.1861648559570312,0
2021-11-01,2.240000009536743,2.240000009536743,2.240000009536743,2.240000009536743,2.1861648559570312,0
2021-11-02,2.240000009536743,2.240000009536743,2.240000009536743,2.240000009536743,2.1861648559570312,0
2021-11-03,2.240000009536743,2.240000009536743,2.240000009536743,2.240000009536743,2.1861648559570312,0
2021-11-04,2.240000009536743,2.240000009536743,2.240000009536743,2.240000009536743,2.1861648559570312,0
2021-11-05,2.240000009536743,2.240000009536743,2.240000009536743,2.240000009536743,2.1861648559570312,0
2021-11-08,2.240000009536743,2.240000009536743,2.240000009536743,2.240000009536743,2.1861648559570312,0
2021-11-09,2.240000009536743,2.240000009536743,2.240000009536743,2.240000009536743,2.1861648559570312,0
2021-11-10,2.240000009536743,2.240000009536743,2.240000009536743,2.240000009536743,2.1861648559570312,0
2021-11-11,2.240000009536743,2.240000009536743,2.240000009536743,2.240000009536743,2.1861648559570312,0
2021-11-12,2.240000009536743,2.240000009536743,2.240000009536743,2.240000009536743,2.1861648559570312,0
2021-11-15,2.240000009536743,2.240000009536743,2.240000009536743,2.240000009536743,2.1861648559570312,0
2021-11-16,2.240000009536743,2.240000009536743,2.240000009536743,2.240000009536743,2.1861648559570312,0
2021-11-17,2.240000009536743,2.240000009536743,2.240000009536743,2.240000009536743,2.1861648559570312,0
2021-11-18,2.240000009536743,2.240000009536743,2.240000009536743,2.240000009536743,2.1861648559570312,0
2021-11-19,2.299999952316284,2.299999952316284,2.299999952316284,2.299999952316284,2.244722604751587,30000
2021-11-22,2.299999952316284,2.299999952316284,2.299999952316284,2.299999952316284,2.244722604751587,0
2021-11-23,2.299999952316284,2.299999952316284,2.299999952316284,2.299999952316284,2.244722604751587,0
2021-11-24,2.299999952316284,2.299999952316284,2.299999952316284,2.299999952316284,2.244722604751587,0
2021-11-25,2.299999952316284,2.3499999046325684,2.299999952316284,2.3499999046325684,2.293520927429199,24000
2021-11-26,2.3499999046325684,2.3499999046325684,2.3499999046325684,2.3499999046325684,2.293520927429199,0
2021-11-29,2.3499999046325684,2.3499999046325684,2.3499999046325684,2.3499999046325684,2.293520927429199,0
2021-11-30,2.3499999046325684,2.3499999046325684,2.3499999046325684,2.3499999046325684,2.293520927429199,0
2021-12-01,2.3499999046325684,2.3499999046325684,2.3499999046325684,2.3499999046325684,2.293520927429199,0
2021-12-02,2.3499999046325684,2.3499999046325684,2.3499999046325684,2.3499999046325684,2.293520927429199,0
2021-12-03,2.3499999046325684,2.3499999046325684,2.3499999046325684,2.3499999046325684,2.293520927429199,0
2021-12-06,2.3499999046325684,2.3499999046325684,2.3499999046325684,2.3499999046325684,2.293520927429199,0
2021-12-07,2.3499999046325684,2.3499999046325684,2.3499999046325684,2.3499999046325684,2.293520927429199,0
2021-12-08,2.3499999046325684,2.3499999046325684,2.3499999046325684,2.3499999046325684,2.293520927429199,0
2021-12-09,2.3499999046325684,2.3499999046325684,2.3499999046325684,2.3499999046325684,2.293520927429199,0
2021-12-10,2.3499999046325684,2.3499999046325684,2.3499999046325684,2.3499999046325684,2.293520927429199,0
2021-12-13,2.3499999046325684,2.3499999046325684,2.3499999046325684,2.3499999046325684,2.293520927429199,0
2021-12-14,2.3499999046325684,2.3499999046325684,2.3499999046325684,2.3499999046325684,2.293520927429199,0
2021-12-15,2.299999952316284,2.299999952316284,2.299999952316284,2.299999952316284,2.244722604751587,0
2021-12-16,2.299999952316284,2.299999952316284,2.299999952316284,2.299999952316284,2.244722604751587,24000
2021-12-17,2.299999952316284,2.299999952316284,2.299999952316284,2.299999952316284,2.244722604751587,0
2021-12-20,2.0999999046325684,2.0999999046325684,2.0999999046325684,2.0999999046325684,2.0495290756225586,0
2021-12-21,2.0999999046325684,2.0999999046325684,2.0999999046325684,2.0999999046325684,2.0495290756225586,0
2021-12-22,2.0999999046325684,2.0999999046325684,2.0999999046325684,2.0999999046325684,2.0495290756225586,0
2021-12-23,2.0999999046325684,2.0999999046325684,2.0999999046325684,2.0999999046325684,2.0495290756225586,0
2021-12-24,2.0999999046325684,2.0999999046325684,2.0999999046325684,2.0999999046325684,2.0495290756225586,0
2021-12-28,2.0999999046325684,2.0999999046325684,2.0999999046325684,2.0999999046325684,2.0495290756225586,0
2021-12-29,2.0999999046325684,2.0999999046325684,2.0999999046325684,2.0999999046325684,2.0495290756225586,0
2021-12-30,2.2899999618530273,2.2899999618530273,2.2899999618530273,2.2899999618530273,2.2349631786346436,12000
2021-12-31,2.2899999618530273,2.2899999618530273,2.2899999618530273,2.2899999618530273,2.2349631786346436,0
2022-01-03,2.2899999618530273,2.2899999618530273,2.2899999618530273,2.2899999618530273,2.2349631786346436,0
2022-01-04,2.2899999618530273,2.2899999618530273,2.2899999618530273,2.2899999618530273,2.2349631786346436,0
2022-01-05,2.2899999618530273,2.2899999618530273,2.2899999618530273,2.2899999618530273,2.2349631786346436,0
2022-01-06,2.2899999618530273,2.2899999618530273,2.2899999618530273,2.2899999618530273,2.2349631786346436,0
2022-01-07,2.2899999618530273,2.2899999618530273,2.2899999618530273,2.2899999618530273,2.2349631786346436,0
2022-01-10,2.2899999618530273,2.2899999618530273,2.2899999618530273,2.2899999618530273,2.2349631786346436,0
2022-01-11,2.2899999618530273,2.2899999618530273,2.2899999618530273,2.2899999618530273,2.2349631786346436,0
2022-01-12,2.2899999618530273,2.2899999618530273,2.2899999618530273,2.2899999618530273,2.2349631786346436,0
2022-01-13,2.2899999618530273,2.2899999618530273,2.2899999618530273,2.2899999618530273,2.2349631786346436,0
2022-01-14,2.2899999618530273,2.2899999618530273,2.2899999618530273,2.2899999618530273,2.2349631786346436,0
2022-01-17,2.2899999618530273,2.2899999618530273,2.2899999618530273,2.2899999618530273,2.2349631786346436,0
2022-01-18,2.2899999618530273,2.2899999618530273,2.2899999618530273,2.2899999618530273,2.2349631786346436,0
2022-01-19,2.2899999618530273,2.2899999618530273,2.2899999618530273,2.2899999618530273,2.2349631786346436,0
2022-01-20,2.2899999618530273,2.2899999618530273,2.2899999618530273,2.2899999618530273,2.2349631786346436,0
2022-01-21,2.2899999618530273,2.2899999618530273,2.2899999618530273,2.2899999618530273,2.2349631786346436,0
2022-01-24,2.2899999618530273,2.2899999618530273,2.2899999618530273,2.2899999618530273,2.2349631786346436,0
2022-01-25,2.2899999618530273,2.2899999618530273,2.2899999618530273,2.2899999618530273,2.2349631786346436,0
2022-01-26,2.2899999618530273,2.2899999618530273,2.2899999618530273,2.2899999618530273,2.2349631786346436,0
2022-01-27,2.2899999618530273,2.2899999618530273,2.2899999618530273,2.2899999618530273,2.2349631786346436,0
2022-01-28,2.2899999618530273,2.2899999618530273,2.2899999618530273,2.2899999618530273,2.2349631786346436,0
2022-01-31,2.2899999618530273,2.2899999618530273,2.2899999618530273,2.2899999618530273,2.2349631786346436,0
2022-02-04,2.2899999618530273,2.2899999618530273,2.2899999618530273,2.2899999618530273,2.2349631786346436,0
2022-02-07,2.2899999618530273,2.2899999618530273,2.2899999618530273,2.2899999618530273,2.2349631786346436,0
2022-02-08,2.3499999046325684,2.4200000762939453,2.3499999046325684,2.4200000762939453,2.3618388175964355,80000
2022-02-09,2.4200000762939453,2.4200000762939453,2.4200000762939453,2.4200000762939453,2.3618388175964355,0
2022-02-10,2.440000057220459,2.4600000381469727,2.380000114440918,2.380000114440918,2.322800397872925,50000
2022-02-11,2.380000114440918,2.380000114440918,2.380000114440918,2.3499999046325684,2.293520927429199,30000
2022-02-14,2.2100000381469727,2.2100000381469727,2.2100000381469727,2.2100000381469727,2.156886100769043,0
2022-02-15,2.2100000381469727,2.2100000381469727,2.2100000381469727,2.2100000381469727,2.156886100769043,0
2022-02-16,2.2100000381469727,2.2100000381469727,2.2100000381469727,2.2100000381469727,2.156886100769043,0
2022-02-17,2.2100000381469727,2.25,2.0999999046325684,2.25,2.1959242820739746,34000
2022-02-18,2.240000009536743,2.240000009536743,2.240000009536743,2.240000009536743,2.1861648559570312,0
2022-02-21,2.240000009536743,2.240000009536743,2.240000009536743,2.240000009536743,2.1861648559570312,0
2022-02-22,2.240000009536743,2.240000009536743,2.240000009536743,2.240000009536743,2.1861648559570312,0
2022-02-23,2.190000057220459,2.190000057220459,2.190000057220459,2.190000057220459,2.137366771697998,8000
2022-02-24,2.190000057220459,2.190000057220459,2.190000057220459,2.190000057220459,2.137366771697998,0
2022-02-25,2.190000057220459,2.190000057220459,2.190000057220459,2.190000057220459,2.137366771697998,0
2022-02-28,2.190000057220459,2.190000057220459,2.190000057220459,2.190000057220459,2.137366771697998,0
2022-03-01,2.190000057220459,2.380000114440918,2.190000057220459,2.380000114440918,2.322800397872925,20000
2022-03-02,2.380000114440918,2.380000114440918,2.380000114440918,2.380000114440918,2.322800397872925,0
2022-03-03,2.3299999237060547,2.3299999237060547,2.3299999237060547,2.3299999237060547,2.2740018367767334,16000
2022-03-04,2.380000114440918,2.380000114440918,2.299999952316284,2.299999952316284,2.244722604751587,20000
2022-03-07,2.2799999713897705,2.2799999713897705,2.2799999713897705,2.2799999713897705,2.225203275680542,18000
2022-03-08,2.2200000286102295,2.2200000286102295,2.2100000381469727,2.2100000381469727,2.156886100769043,32000
2022-03-09,2.2100000381469727,2.2100000381469727,2.2100000381469727,2.2100000381469727,2.156886100769043,0
2022-03-10,2.2300000190734863,2.2300000190734863,2.2300000190734863,2.2300000190734863,2.176405191421509,0
2022-03-11,2.2300000190734863,2.2300000190734863,2.2300000190734863,2.2300000190734863,2.176405191421509,0
2022-03-14,2.2300000190734863,2.2300000190734863,2.2300000190734863,2.2300000190734863,2.176405191421509,0
2022-03-15,2.2300000190734863,2.2300000190734863,2.1500000953674316,2.1500000953674316,2.098327875137329,60000
2022-03-16,2.1700000762939453,2.1700000762939453,2.1600000858306885,2.1600000858306885,2.1080877780914307,50000
2022-03-17,2.190000057220459,2.190000057220459,2.190000057220459,2.190000057220459,2.137366771697998,0
2022-03-18,2.2200000286102295,2.2200000286102295,2.2200000286102295,2.2200000286102295,2.1666455268859863,0
2022-03-21,2.2200000286102295,2.2200000286102295,2.2200000286102295,2.2200000286102295,2.1666455268859863,0
2022-03-22,2.2300000190734863,2.2300000190734863,2.2300000190734863,2.2300000190734863,2.176405191421509,0
2022-03-23,2.2699999809265137,2.2699999809265137,2.2699999809265137,2.2699999809265137,2.2154436111450195,0
2022-03-24,2.240000009536743,2.25,2.240000009536743,2.25,2.1959242820739746,50000
2022-03-25,2.25,2.25,2.2300000190734863,2.2300000190734863,2.176405191421509,30000
2022-03-28,2.2899999618530273,2.2899999618530273,2.2899999618530273,2.2899999618530273,2.2349631786346436,0
2022-03-29,2.2899999618530273,2.2899999618530273,2.2699999809265137,2.2699999809265137,2.2154436111450195,26000
2022-03-30,2.2699999809265137,2.2699999809265137,2.2699999809265137,2.2699999809265137,2.2154436111450195,0
2022-03-31,2.2699999809265137,2.2699999809265137,2.2699999809265137,2.2699999809265137,2.2154436111450195,0
2022-04-01,2.2799999713897705,2.2799999713897705,2.259999990463257,2.259999990463257,2.205684185028076,24000
2022-04-04,2.259999990463257,2.259999990463257,2.259999990463257,2.259999990463257,2.205684185028076,0
2022-04-06,2.259999990463257,2.259999990463257,2.259999990463257,2.259999990463257,2.205684185028076,0
2022-04-07,2.259999990463257,2.259999990463257,2.259999990463257,2.259999990463257,2.205684185028076,0
2022-04-08,2.2899999618530273,2.2899999618530273,2.2799999713897705,2.2799999713897705,2.225203275680542,20000
2022-04-11,2.2799999713897705,2.2799999713897705,2.2799999713897705,2.2799999713897705,2.225203275680542,0
2022-04-12,2.200000047683716,2.200000047683716,2.200000047683716,2.200000047683716,2.1471261978149414,0
2022-04-13,2.200000047683716,2.200000047683716,2.200000047683716,2.200000047683716,2.1471261978149414,0
2022-04-14,2.200000047683716,2.200000047683716,2.200000047683716,2.200000047683716,2.1471261978149414,0
2022-04-19,2.200000047683716,2.200000047683716,2.200000047683716,2.200000047683716,2.1471261978149414,0
2022-04-20,2.200000047683716,2.200000047683716,2.200000047683716,2.200000047683716,2.1471261978149414,2000
2022-04-21,2.200000047683716,2.200000047683716,2.200000047683716,2.200000047683716,2.1471261978149414,0
2022-04-22,2.200000047683716,2.200000047683716,2.200000047683716,2.200000047683716,2.1471261978149414,0
2022-04-25,2.200000047683716,2.200000047683716,2.200000047683716,2.200000047683716,2.1471261978149414,0
2022-04-26,2.1700000762939453,2.1700000762939453,2.1700000762939453,2.1700000762939453,2.117847442626953,0
2022-04-27,2.1700000762939453,2.1700000762939453,2.1700000762939453,2.1700000762939453,2.117847442626953,0
2022-04-28,2.1700000762939453,2.1700000762939453,2.1700000762939453,2.1700000762939453,2.117847442626953,0
2022-04-29,2.1600000858306885,2.1700000762939453,2.1600000858306885,2.1700000762939453,2.117847442626953,38000
2022-05-03,2.1700000762939453,2.1700000762939453,2.1700000762939453,2.1700000762939453,2.117847442626953,0
2022-05-04,2.1700000762939453,2.1700000762939453,2.1700000762939453,2.1700000762939453,2.117847442626953,0
2022-05-05,2.1700000762939453,2.1700000762939453,2.1700000762939453,2.1700000762939453,2.117847442626953,0
2022-05-06,2.1700000762939453,2.1700000762939453,2.1700000762939453,2.1700000762939453,2.117847442626953,0
2022-05-10,2.1700000762939453,2.1700000762939453,2.1700000762939453,2.1700000762939453,2.117847442626953,0
2022-05-11,2.009999990463257,2.009999990463257,2.0,2.009999990463257,1.9616926908493042,110000
2022-05-12,2.049999952316284,2.1700000762939453,2.049999952316284,2.1700000762939453,2.117847442626953,4000
2022-05-13,2.1700000762939453,2.1700000762939453,2.1700000762939453,2.1700000762939453,2.117847442626953,0
2022-05-16,2.1700000762939453,2.1700000762939453,2.1700000762939453,2.1700000762939453,2.117847442626953,0
2022-05-17,2.1700000762939453,2.1700000762939453,2.1700000762939453,2.1700000762939453,2.117847442626953,0
2022-05-18,2.119999885559082,2.119999885559082,2.119999885559082,2.119999885559082,2.0690486431121826,0
2022-05-19,2.0,2.0,2.0,2.0,1.9519329071044922,90000
2022-05-20,2.0299999713897705,2.049999952316284,2.0,2.0,1.9519329071044922,134000
2022-05-23,2.0,2.0,2.0,2.0,1.9519329071044922,0
2022-05-24,2.0,2.0,2.0,2.0,1.9519329071044922,0
2022-05-25,2.0,2.0,2.0,2.0,1.9519329071044922,0
2022-05-26,2.0,2.0,2.0,2.0,1.9519329071044922,0
2022-05-27,2.0,2.0,2.0,2.0,1.9519329071044922,0
2022-05-30,2.0,2.0,2.0,2.0,1.9676743745803833,108000
2022-05-31,2.0,2.0,2.0,2.0,1.9676743745803833,0
2022-06-01,2.0,2.0,2.0,2.0,1.9676743745803833,0
2022-06-02,2.0,2.0,2.0,2.0,1.9676743745803833,0
2022-06-06,2.0,2.0,2.0,2.0,1.9676743745803833,0
2022-06-07,2.0,2.0,2.0,2.0,1.9676743745803833,0
2022-06-08,2.0,2.0,2.0,2.0,1.9676743745803833,116000
2022-06-09,2.0,2.0,2.0,2.0,1.9676743745803833,0
2022-06-10,2.0,2.0,2.0,2.0,1.9676743745803833,0
2022-06-13,2.0,2.0,2.0,2.0,1.9676743745803833,0
2022-06-14,2.0,2.0,2.0,2.0,1.9676743745803833,0
2022-06-15,2.0,2.0,2.0,2.0,1.9676743745803833,0
2022-06-16,2.0,2.0,2.0,2.0,1.9676743745803833,34000
2022-06-17,2.0,2.0,2.0,2.0,1.9676743745803833,0
2022-06-20,2.0,2.0,2.0,2.0,1.9676743745803833,0
2022-06-21,2.0,2.0,2.0,2.0,1.9676743745803833,0
2022-06-22,2.0,2.0,2.0,2.0,1.9676743745803833,0
2022-06-23,2.0,2.0,2.0,2.0,1.9676743745803833,0
2022-06-24,2.0,2.0,2.0,2.0,1.9676743745803833,474000
2022-06-27,2.0,2.0,2.0,2.0,1.9676743745803833,0
2022-06-28,2.0,2.0,2.0,2.0,1.9676743745803833,0
2022-06-29,2.0,2.0,2.0,2.0,1.9676743745803833,0
2022-06-30,2.0,2.0,2.0,2.0,1.9676743745803833,0
2022-07-04,2.0,2.0,2.0,2.0,1.9676743745803833,0
2022-07-05,2.0,2.0,2.0,2.0,1.9676743745803833,0
2022-07-06,2.0,2.0,2.0,2.0,1.9676743745803833,0
2022-07-07,2.0,2.0,2.0,2.0,1.9676743745803833,0
2022-07-08,2.0,2.0,2.0,2.0,1.9676743745803833,0
2022-07-11,2.0,2.0,2.0,2.0,1.9676743745803833,0
2022-07-12,2.0,2.0,2.0,2.0,1.9676743745803833,0
2022-07-13,2.0,2.0,2.0,2.0,1.9676743745803833,0
2022-07-14,2.0,2.0,2.0,2.0,1.9676743745803833,0
2022-07-15,2.0,2.0,2.0,2.0,1.9676743745803833,0
2022-07-18,2.0,2.0,2.0,2.0,1.9676743745803833,0
2022-07-19,2.0,2.0,2.0,2.0,1.9676743745803833,0
2022-07-20,2.0,2.0,2.0,2.0,1.9676743745803833,0
2022-07-21,2.0,2.0,2.0,2.0,1.9676743745803833,0
2022-07-22,2.009999990463257,2.009999990463257,2.009999990463257,2.009999990463257,1.9775128364562988,0
2022-07-25,2.009999990463257,2.009999990463257,2.009999990463257,2.009999990463257,1.9775128364562988,0
2022-07-26,2.009999990463257,2.009999990463257,2.009999990463257,2.009999990463257,1.9775128364562988,0
2022-07-27,2.009999990463257,2.009999990463257,2.009999990463257,2.009999990463257,1.9775128364562988,0
2022-07-28,2.009999990463257,2.009999990463257,2.009999990463257,2.009999990463257,1.9775128364562988,0
2022-07-29,2.009999990463257,2.009999990463257,2.009999990463257,2.009999990463257,1.9775128364562988,0
2022-08-01,2.25,2.25,2.25,2.25,2.2136332988739014,2000
2022-08-02,2.25,2.25,2.25,2.25,2.2136332988739014,0
2022-08-03,2.25,2.25,2.25,2.25,2.2136332988739014,0
2022-08-04,2.1500000953674316,2.1500000953674316,2.1500000953674316,2.1500000953674316,2.1152498722076416,0
2022-08-05,2.0999999046325684,2.0999999046325684,2.0999999046325684,2.0999999046325684,2.0660576820373535,0
2022-08-08,2.0999999046325684,2.0999999046325684,2.0999999046325684,2.0999999046325684,2.0660576820373535,0
2022-08-09,2.0999999046325684,2.0999999046325684,2.0999999046325684,2.0999999046325684,2.0660576820373535,0
2022-08-10,2.0999999046325684,2.0999999046325684,2.0999999046325684,2.0999999046325684,2.0660576820373535,0
2022-08-11,2.0999999046325684,2.0999999046325684,2.0999999046325684,2.0999999046325684,2.0660576820373535,0
2022-08-12,2.0999999046325684,2.0999999046325684,2.0999999046325684,2.0999999046325684,2.0660576820373535,0
2022-08-15,2.0999999046325684,2.0999999046325684,2.0999999046325684,2.0999999046325684,2.0660576820373535,0
2022-08-16,2.0999999046325684,2.0999999046325684,2.0999999046325684,2.0999999046325684,2.0660576820373535,0
2022-08-17,2.049999952316284,2.059999942779541,2.0,2.0399999618530273,2.0070278644561768,40000
2022-08-18,2.0999999046325684,2.0999999046325684,2.0999999046325684,2.0999999046325684,2.07623553276062,0
2022-08-19,2.0999999046325684,2.0999999046325684,2.0999999046325684,2.0999999046325684,2.07623553276062,0
2022-08-22,2.0999999046325684,2.0999999046325684,2.0999999046325684,2.0999999046325684,2.07623553276062,0
2022-08-23,2.0999999046325684,2.0999999046325684,2.0999999046325684,2.0999999046325684,2.07623553276062,0
2022-08-24,2.0999999046325684,2.0999999046325684,2.0999999046325684,2.0999999046325684,2.07623553276062,0
2022-08-25,2.0999999046325684,2.0999999046325684,2.0999999046325684,2.0999999046325684,2.07623553276062,0
2022-08-26,2.0999999046325684,2.0999999046325684,2.0999999046325684,2.0999999046325684,2.07623553276062,0
2022-08-29,2.0999999046325684,2.0999999046325684,2.0999999046325684,2.0999999046325684,2.07623553276062,0
2022-08-30,2.0999999046325684,2.0999999046325684,2.0999999046325684,2.0999999046325684,2.07623553276062,0
2022-08-31,2.0999999046325684,2.0999999046325684,2.0999999046325684,2.0999999046325684,2.07623553276062,0
2022-09-01,2.0999999046325684,2.0999999046325684,2.0999999046325684,2.0999999046325684,2.07623553276062,0
2022-09-02,2.0999999046325684,2.0999999046325684,2.0999999046325684,2.0999999046325684,2.07623553276062,0
2022-09-05,2.0999999046325684,2.0999999046325684,2.0999999046325684,2.0999999046325684,2.07623553276062,0
2022-09-06,2.0999999046325684,2.0999999046325684,2.0999999046325684,2.0999999046325684,2.07623553276062,0
2022-09-07,2.0999999046325684,2.0999999046325684,2.0999999046325684,2.0999999046325684,2.07623553276062,0
2022-09-08,2.0999999046325684,2.0999999046325684,2.0999999046325684,2.0999999046325684,2.07623553276062,0
2022-09-09,2.0999999046325684,2.0999999046325684,2.0999999046325684,2.0999999046325684,2.07623553276062,0
2022-09-13,2.0999999046325684,2.0999999046325684,2.0999999046325684,2.0999999046325684,2.07623553276062,0
2022-09-14,2.0999999046325684,2.0999999046325684,2.0999999046325684,2.0999999046325684,2.07623553276062,0
2022-09-15,2.0999999046325684,2.0999999046325684,2.0999999046325684,2.0999999046325684,2.07623553276062,0
2022-09-16,2.0999999046325684,2.0999999046325684,2.0999999046325684,2.0999999046325684,2.07623553276062,0
2022-09-19,2.0999999046325684,2.0999999046325684,2.0999999046325684,2.0999999046325684,2.07623553276062,0
2022-09-20,2.0999999046325684,2.0999999046325684,2.0999999046325684,2.0999999046325684,2.07623553276062,0
2022-09-21,2.0999999046325684,2.0999999046325684,2.0999999046325684,2.0999999046325684,2.07623553276062,0
2022-09-22,2.0999999046325684,2.0999999046325684,2.0999999046325684,2.0999999046325684,2.07623553276062,0
2022-09-23,2.0999999046325684,2.0999999046325684,2.0999999046325684,2.0999999046325684,2.07623553276062,0
2022-09-26,2.0999999046325684,2.0999999046325684,2.0999999046325684,2.0999999046325684,2.07623553276062,0
2022-09-27,2.0999999046325684,2.0999999046325684,2.0999999046325684,2.0999999046325684,2.07623553276062,0
2022-09-28,2.0999999046325684,2.0999999046325684,2.0999999046325684,2.0999999046325684,2.07623553276062,0
2022-09-29,2.0999999046325684,2.0999999046325684,2.0999999046325684,2.0999999046325684,2.07623553276062,0
2022-09-30,2.0999999046325684,2.0999999046325684,2.0999999046325684,2.0999999046325684,2.07623553276062,0
2022-10-03,2.0999999046325684,2.0999999046325684,2.0999999046325684,2.0999999046325684,2.07623553276062,0
2022-10-05,2.0999999046325684,2.0999999046325684,2.0999999046325684,2.0999999046325684,2.07623553276062,0
2022-10-06,2.0999999046325684,2.0999999046325684,2.0999999046325684,2.0999999046325684,2.07623553276062,8000
2022-10-07,2.0999999046325684,2.0999999046325684,2.0999999046325684,2.0999999046325684,2.07623553276062,0
2022-10-10,2.0999999046325684,2.0999999046325684,2.0999999046325684,2.0999999046325684,2.07623553276062,0
2022-10-11,2.0999999046325684,2.0999999046325684,2.0999999046325684,2.0999999046325684,2.07623553276062,0
2022-10-12,2.0999999046325684,2.0999999046325684,2.0999999046325684,2.0999999046325684,2.07623553276062,0
2022-10-13,2.0999999046325684,2.0999999046325684,2.0999999046325684,2.0999999046325684,2.07623553276062,0
2022-10-14,2.0999999046325684,2.0999999046325684,2.0999999046325684,2.0999999046325684,2.07623553276062,0
2022-10-17,2.0999999046325684,2.0999999046325684,2.0999999046325684,2.0999999046325684,2.07623553276062,0
2022-10-18,2.0999999046325684,2.0999999046325684,2.0999999046325684,2.0999999046325684,2.07623553276062,0
2022-10-19,2.0999999046325684,2.0999999046325684,2.0999999046325684,2.0999999046325684,2.07623553276062,0
2022-10-20,2.0999999046325684,2.0999999046325684,2.0999999046325684,2.0999999046325684,2.07623553276062,0
2022-10-21,2.0999999046325684,2.0999999046325684,2.0999999046325684,2.0999999046325684,2.07623553276062,0
2022-10-24,2.049999952316284,2.049999952316284,2.049999952316284,2.049999952316284,2.026801347732544,0
2022-10-25,2.049999952316284,2.049999952316284,2.049999952316284,2.049999952316284,2.026801347732544,8000
2022-10-26,2.0299999713897705,2.0299999713897705,2.0299999713897705,2.009999990463257,1.9872541427612305,8000
2022-10-27,2.009999990463257,2.009999990463257,2.009999990463257,2.009999990463257,1.9872541427612305,18000
2022-10-28,2.009999990463257,2.009999990463257,2.0,2.0,1.9773672819137573,66000
2022-10-31,2.0,2.0,2.0,2.0,1.9773672819137573,0
2022-11-01,2.0,2.0,2.0,2.0,1.9773672819137573,0
2022-11-02,2.0,2.0,2.0,2.0,1.9773672819137573,0
2022-11-03,2.0,2.0,2.0,2.0,1.9773672819137573,0
2022-11-04,2.0,2.0,2.0,2.0,1.9773672819137573,0
2022-11-07,2.0299999713897705,2.0299999713897705,2.0299999713897705,2.0299999713897705,2.0070278644561768,0
2022-11-08,2.0299999713897705,2.0299999713897705,2.0299999713897705,2.0299999713897705,2.0070278644561768,0
2022-11-09,2.0299999713897705,2.0299999713897705,2.0299999713897705,2.0299999713897705,2.0070278644561768,8000
2022-11-10,2.0299999713897705,2.0299999713897705,2.0299999713897705,2.0299999713897705,2.0070278644561768,10000
2022-11-11,2.0299999713897705,2.0299999713897705,2.0299999713897705,2.0299999713897705,2.0070278644561768,0
2022-11-14,2.0299999713897705,2.0299999713897705,2.0299999713897705,2.0299999713897705,2.0070278644561768,0
2022-11-15,2.009999990463257,2.0299999713897705,2.0299999713897705,2.0299999713897705,2.0070278644561768,2000
2022-11-16,2.0299999713897705,2.0299999713897705,2.0299999713897705,2.0299999713897705,2.0070278644561768,0
2022-11-17,2.0299999713897705,2.0299999713897705,2.0299999713897705,2.0299999713897705,2.0070278644561768,0
2022-11-18,2.0299999713897705,2.0299999713897705,2.0299999713897705,2.0299999713897705,2.0070278644561768,0
2022-11-21,2.0299999713897705,2.0299999713897705,2.0299999713897705,2.0299999713897705,2.0070278644561768,0
2022-11-22,2.0299999713897705,2.0299999713897705,2.0299999713897705,2.0299999713897705,2.0070278644561768,0
2022-11-23,2.0299999713897705,2.0299999713897705,2.0299999713897705,2.0299999713897705,2.0070278644561768,0
2022-11-24,2.0299999713897705,2.0299999713897705,2.0299999713897705,2.0299999713897705,2.0070278644561768,0
2022-11-25,2.0299999713897705,2.0299999713897705,2.0299999713897705,2.0299999713897705,2.0070278644561768,0
2022-11-28,2.0299999713897705,2.0299999713897705,2.0299999713897705,2.0299999713897705,2.0070278644561768,0
2022-11-29,2.0299999713897705,2.0299999713897705,2.0299999713897705,2.0299999713897705,2.0070278644561768,0
2022-11-30,2.0299999713897705,2.0299999713897705,2.0299999713897705,2.0299999713897705,2.0070278644561768,0
2022-12-01,2.0299999713897705,2.0299999713897705,2.0299999713897705,2.0299999713897705,2.0070278644561768,0
2022-12-02,2.0299999713897705,2.0299999713897705,2.0299999713897705,2.0299999713897705,2.0070278644561768,0
2022-12-05,2.0299999713897705,2.0299999713897705,2.0299999713897705,2.0299999713897705,2.0070278644561768,0
2022-12-06,2.0299999713897705,2.0299999713897705,2.0299999713897705,2.0299999713897705,2.0070278644561768,0
2022-12-07,2.0299999713897705,2.0299999713897705,2.0299999713897705,2.0299999713897705,2.0070278644561768,0
2022-12-08,2.0299999713897705,2.0299999713897705,2.0299999713897705,2.0299999713897705,2.0070278644561768,0
2022-12-09,2.0299999713897705,2.0299999713897705,2.0299999713897705,2.0299999713897705,2.0070278644561768,0
2022-12-12,2.0299999713897705,2.0299999713897705,2.0299999713897705,2.0299999713897705,2.0070278644561768,0
2022-12-13,2.009999990463257,2.0299999713897705,2.0299999713897705,2.0299999713897705,2.0070278644561768,4000
2022-12-14,2.0299999713897705,2.0299999713897705,2.0299999713897705,2.0299999713897705,2.0070278644561768,0
2022-12-15,2.0299999713897705,2.0299999713897705,2.0299999713897705,2.0299999713897705,2.0070278644561768,0
2022-12-16,2.0299999713897705,2.0299999713897705,2.0299999713897705,2.0299999713897705,2.0070278644561768,0
2022-12-19,2.0299999713897705,2.0299999713897705,2.0299999713897705,2.0299999713897705,2.0070278644561768,0
2022-12-20,2.0299999713897705,2.0299999713897705,2.0299999713897705,2.0299999713897705,2.0070278644561768,0
2022-12-21,2.0299999713897705,2.0299999713897705,2.0299999713897705,2.0299999713897705,2.0070278644561768,0
2022-12-22,2.0299999713897705,2.0299999713897705,2.0299999713897705,2.0299999713897705,2.0070278644561768,0
2022-12-23,2.0299999713897705,2.0299999713897705,2.0299999713897705,2.0299999713897705,2.0070278644561768,0
2022-12-28,2.0299999713897705,2.0299999713897705,2.0299999713897705,2.0299999713897705,2.0070278644561768,0
2022-12-29,2.0299999713897705,2.0299999713897705,2.0299999713897705,2.0299999713897705,2.0070278644561768,0
2022-12-30,2.0299999713897705,2.0299999713897705,2.0299999713897705,2.0299999713897705,2.0070278644561768,0
2023-01-03,2.0299999713897705,2.0299999713897705,2.0299999713897705,2.0299999713897705,2.0070278644561768,0
2023-01-04,2.0299999713897705,2.0299999713897705,2.0299999713897705,2.0299999713897705,2.0070278644561768,0
2023-01-05,2.0299999713897705,2.0299999713897705,2.0299999713897705,2.0299999713897705,2.0070278644561768,0
2023-01-06,2.0299999713897705,2.0299999713897705,2.0299999713897705,2.0299999713897705,2.0070278644561768,0
2023-01-09,2.0299999713897705,2.0299999713897705,2.0299999713897705,2.0299999713897705,2.0070278644561768,0
2023-01-10,2.0299999713897705,2.0299999713897705,2.0299999713897705,2.0299999713897705,2.0070278644561768,0
2023-01-11,2.0299999713897705,2.0299999713897705,2.0299999713897705,2.0299999713897705,2.0070278644561768,0
2023-01-12,2.0299999713897705,2.0299999713897705,2.0299999713897705,2.0299999713897705,2.0070278644561768,0
2023-01-13,2.0299999713897705,2.0299999713897705,2.0299999713897705,2.0299999713897705,2.0070278644561768,0
2023-01-16,2.0299999713897705,2.0299999713897705,2.0299999713897705,2.0299999713897705,2.0070278644561768,0
2023-01-17,2.0299999713897705,2.0299999713897705,2.0299999713897705,2.0299999713897705,2.0070278644561768,0
2023-01-18,2.0299999713897705,2.0299999713897705,2.0299999713897705,2.0299999713897705,2.0070278644561768,0
2023-01-19,2.0299999713897705,2.0299999713897705,2.0299999713897705,2.0299999713897705,2.0070278644561768,0
2023-01-20,2.0299999713897705,2.0299999713897705,2.0299999713897705,2.0299999713897705,2.0070278644561768,0
2023-01-26,2.0299999713897705,2.0299999713897705,2.0299999713897705,2.0299999713897705,2.0070278644561768,0
2023-01-27,2.0299999713897705,2.0299999713897705,2.0299999713897705,2.0299999713897705,2.0070278644561768,0
2023-01-30,2.0299999713897705,2.130000114440918,2.0299999713897705,2.130000114440918,2.105896234512329,42000
2023-01-31,2.130000114440918,2.130000114440918,2.130000114440918,2.130000114440918,2.105896234512329,0
2023-02-01,2.130000114440918,7.010000228881836,2.130000114440918,7.010000228881836,6.930672645568848,18000
2023-02-02,3.0,3.0,2.049999952316284,2.2799999713897705,2.2541987895965576,260000
2023-02-03,2.059999942779541,2.1700000762939453,2.059999942779541,2.1700000762939453,2.1454436779022217,486000
2023-02-06,2.1500000953674316,2.5999999046325684,2.1500000953674316,2.25,2.2245383262634277,38000
2023-02-07,2.1500000953674316,2.1500000953674316,2.140000104904175,2.140000104904175,2.1157829761505127,14000
2023-02-08,2.140000104904175,2.140000104904175,2.119999885559082,2.119999885559082,2.0960094928741455,4000
2023-02-09,2.119999885559082,2.119999885559082,2.119999885559082,2.119999885559082,2.0960094928741455,0
2023-02-10,2.119999885559082,2.119999885559082,2.119999885559082,2.119999885559082,2.0960094928741455,0
2023-02-13,2.0999999046325684,2.0999999046325684,2.0999999046325684,2.0999999046325684,2.07623553276062,2000
2023-02-14,2.299999952316284,2.299999952316284,2.299999952316284,2.299999952316284,2.273972511291504,0
2023-02-15,2.299999952316284,2.299999952316284,2.299999952316284,2.299999952316284,2.273972511291504,0
2023-02-16,2.299999952316284,2.299999952316284,2.299999952316284,2.299999952316284,2.273972511291504,0
2023-02-17,2.299999952316284,2.299999952316284,2.299999952316284,2.299999952316284,2.273972511291504,0
2023-02-20,2.380000114440918,2.380000114440918,2.380000114440918,2.380000114440918,2.35306715965271,2000
2023-02-21,2.5799999237060547,2.5799999237060547,2.1600000858306885,2.1600000858306885,2.135556936264038,40000
2023-02-22,2.1600000858306885,2.1600000858306885,2.1600000858306885,2.1600000858306885,2.135556936264038,0
2023-02-23,2.180000066757202,2.180000066757202,2.180000066757202,2.180000066757202,2.1553304195404053,0
2023-02-24,2.180000066757202,2.180000066757202,2.180000066757202,2.180000066757202,2.1553304195404053,0
2023-02-27,2.180000066757202,2.180000066757202,2.180000066757202,2.180000066757202,2.1553304195404053,0
2023-02-28,2.180000066757202,2.180000066757202,2.180000066757202,2.180000066757202,2.1553304195404053,0
2023-03-01,2.180000066757202,2.180000066757202,2.180000066757202,2.180000066757202,2.1553304195404053,0
2023-03-02,2.180000066757202,2.180000066757202,2.180000066757202,2.180000066757202,2.1553304195404053,0
2023-03-03,2.180000066757202,2.180000066757202,2.180000066757202,2.180000066757202,2.1553304195404053,0
2023-03-06,2.1500000953674316,2.1500000953674316,2.1500000953674316,2.1500000953674316,2.1256699562072754,0
2023-03-07,2.1500000953674316,2.1500000953674316,2.1500000953674316,2.1500000953674316,2.1256699562072754,0
2023-03-08,2.1500000953674316,2.1500000953674316,2.1500000953674316,2.1500000953674316,2.1256699562072754,0
2023-03-09,2.1500000953674316,2.1500000953674316,2.1500000953674316,2.1500000953674316,2.1256699562072754,0
2023-03-10,2.1500000953674316,2.1500000953674316,2.1500000953674316,2.1500000953674316,2.1256699562072754,0
2023-03-13,2.0999999046325684,2.0999999046325684,2.0999999046325684,2.0999999046325684,2.07623553276062,2000
2023-03-14,2.0999999046325684,2.0999999046325684,2.0999999046325684,2.0999999046325684,2.07623553276062,0
2023-03-15,2.0999999046325684,2.0999999046325684,2.0999999046325684,2.0999999046325684,2.07623553276062,0
2023-03-16,2.0999999046325684,2.0999999046325684,2.0999999046325684,2.0999999046325684,2.07623553276062,0
2023-03-17,2.0999999046325684,2.0999999046325684,2.0999999046325684,2.0999999046325684,2.07623553276062,0
2023-03-20,2.0999999046325684,2.0999999046325684,2.0999999046325684,2.0999999046325684,2.07623553276062,2000
2023-03-21,2.0999999046325684,2.0999999046325684,2.0999999046325684,2.0999999046325684,2.07623553276062,0
2023-03-22,2.0999999046325684,2.0999999046325684,2.0999999046325684,2.0999999046325684,2.07623553276062,0
2023-03-23,2.0999999046325684,2.0999999046325684,2.0999999046325684,2.0999999046325684,2.07623553276062,0
2023-03-24,2.0999999046325684,2.0999999046325684,2.0999999046325684,2.0999999046325684,2.07623553276062,0
2023-03-27,2.0999999046325684,2.0999999046325684,2.0999999046325684,2.0999999046325684,2.07623553276062,0
2023-03-28,2.0999999046325684,2.0999999046325684,2.0999999046325684,2.0999999046325684,2.07623553276062,0
2023-03-29,2.0999999046325684,2.0999999046325684,2.0999999046325684,2.0999999046325684,2.07623553276062,0
2023-03-30,2.0999999046325684,2.0999999046325684,2.0999999046325684,2.0999999046325684,2.07623553276062,0
2023-03-31,2.0999999046325684,2.0999999046325684,2.0999999046325684,2.0999999046325684,2.07623553276062,0
2023-04-03,2.0999999046325684,2.0999999046325684,2.0999999046325684,2.0999999046325684,2.07623553276062,0
2023-04-04,2.0999999046325684,2.0999999046325684,2.0999999046325684,2.0999999046325684,2.07623553276062,16000
2023-04-06,2.109999895095825,2.109999895095825,2.109999895095825,2.109999895095825,2.086122512817383,0
2023-04-11,2.109999895095825,2.109999895095825,2.109999895095825,2.109999895095825,2.086122512817383,0
2023-04-12,2.109999895095825,2.109999895095825,2.109999895095825,2.109999895095825,2.086122512817383,0
2023-04-13,2.109999895095825,2.109999895095825,2.109999895095825,2.109999895095825,2.086122512817383,0
2023-04-14,2.109999895095825,2.109999895095825,2.109999895095825,2.109999895095825,2.086122512817383,0
2023-04-17,2.109999895095825,2.109999895095825,2.109999895095825,2.109999895095825,2.086122512817383,0
2023-04-18,2.109999895095825,2.109999895095825,2.109999895095825,2.109999895095825,2.086122512817383,0
2023-04-19,2.109999895095825,2.109999895095825,2.109999895095825,2.109999895095825,2.086122512817383,0
2023-04-20,2.109999895095825,2.109999895095825,2.109999895095825,2.109999895095825,2.086122512817383,0
2023-04-21,2.0999999046325684,2.0999999046325684,2.0999999046325684,2.0999999046325684,2.07623553276062,0
2023-04-24,2.0999999046325684,2.0999999046325684,2.0999999046325684,2.0999999046325684,2.07623553276062,0
2023-04-25,2.0999999046325684,2.0999999046325684,2.0999999046325684,2.0999999046325684,2.07623553276062,0
2023-04-26,2.0999999046325684,2.0999999046325684,2.0999999046325684,2.0999999046325684,2.07623553276062,0
2023-04-27,2.0999999046325684,2.0999999046325684,2.0999999046325684,2.0999999046325684,2.07623553276062,0
2023-04-28,2.0999999046325684,2.0999999046325684,2.0999999046325684,2.0999999046325684,2.07623553276062,0
2023-05-02,2.0999999046325684,2.0999999046325684,2.0999999046325684,2.0999999046325684,2.07623553276062,0
2023-05-03,2.0999999046325684,2.0999999046325684,2.0999999046325684,2.0999999046325684,2.07623553276062,12000
2023-05-04,2.0999999046325684,2.0999999046325684,2.0999999046325684,2.0999999046325684,2.07623553276062,0
2023-05-05,2.0999999046325684,2.0999999046325684,2.0999999046325684,2.0999999046325684,2.07623553276062,50000
2023-05-08,2.109999895095825,2.109999895095825,2.109999895095825,2.109999895095825,2.086122512817383,0
2023-05-09,2.109999895095825,2.109999895095825,2.109999895095825,2.109999895095825,2.086122512817383,0
2023-05-10,2.109999895095825,2.109999895095825,2.109999895095825,2.109999895095825,2.086122512817383,0
2023-05-11,2.109999895095825,2.109999895095825,2.109999895095825,2.109999895095825,2.086122512817383,0
2023-05-12,2.109999895095825,2.109999895095825,2.109999895095825,2.109999895095825,2.086122512817383,0
2023-05-15,2.109999895095825,2.109999895095825,2.109999895095825,2.109999895095825,2.086122512817383,0
2023-05-16,2.109999895095825,2.109999895095825,2.109999895095825,2.109999895095825,2.086122512817383,0
2023-05-17,2.109999895095825,2.109999895095825,2.109999895095825,2.109999895095825,2.086122512817383,0
2023-05-18,2.109999895095825,2.109999895095825,2.109999895095825,2.109999895095825,2.086122512817383,0
2023-05-19,2.130000114440918,2.130000114440918,2.130000114440918,2.130000114440918,2.105896234512329,2000
2023-05-22,2.130000114440918,2.130000114440918,2.130000114440918,2.130000114440918,2.105896234512329,0
2023-05-23,2.130000114440918,2.130000114440918,2.130000114440918,2.130000114440918,2.105896234512329,0
2023-05-24,2.130000114440918,2.130000114440918,2.130000114440918,2.130000114440918,2.105896234512329,0
2023-05-25,2.130000114440918,2.130000114440918,2.130000114440918,2.130000114440918,2.105896234512329,0
2023-05-29,2.130000114440918,2.130000114440918,2.130000114440918,2.130000114440918,2.105896234512329,0
2023-05-30,2.130000114440918,2.130000114440918,2.130000114440918,2.130000114440918,2.105896234512329,0
2023-05-31,2.118000030517578,2.118000030517578,2.118000030517578,2.118000030517578,2.105896234512329,0
2023-06-01,2.118000030517578,2.118000030517578,2.118000030517578,2.118000030517578,2.105896234512329,0
2023-06-02,2.118000030517578,2.118000030517578,2.118000030517578,2.118000030517578,2.105896234512329,0
2023-06-05,2.118000030517578,2.118000030517578,2.118000030517578,2.118000030517578,2.105896234512329,0
2023-06-06,2.118000030517578,2.118000030517578,2.118000030517578,2.118000030517578,2.105896234512329,0
2023-06-07,2.118000030517578,2.118000030517578,2.118000030517578,2.118000030517578,2.105896234512329,0
2023-06-08,2.118000030517578,2.118000030517578,2.118000030517578,2.118000030517578,2.105896234512329,0
2023-06-09,2.118000030517578,2.118000030517578,2.118000030517578,2.118000030517578,2.105896234512329,0
2023-06-12,2.118000030517578,2.118000030517578,2.118000030517578,2.118000030517578,2.105896234512329,0
2023-06-13,2.118000030517578,2.118000030517578,2.118000030517578,2.118000030517578,2.105896234512329,0
2023-06-14,2.109999895095825,2.109999895095825,2.109999895095825,2.109999895095825,2.0979418754577637,0
2023-06-15,2.109999895095825,2.109999895095825,2.109999895095825,2.109999895095825,2.0979418754577637,0
2023-06-16,2.109999895095825,2.109999895095825,2.109999895095825,2.109999895095825,2.0979418754577637,0
2023-06-19,2.109999895095825,2.109999895095825,2.109999895095825,2.109999895095825,2.0979418754577637,0
2023-06-20,2.109999895095825,2.109999895095825,2.109999895095825,2.109999895095825,2.0979418754577637,0
2023-06-21,2.0999999046325684,2.0999999046325684,2.0999999046325684,2.0999999046325684,2.087999105453491,0
2023-06-23,2.0999999046325684,2.0999999046325684,2.0999999046325684,2.0999999046325684,2.087999105453491,0
2023-06-26,2.0999999046325684,2.0999999046325684,2.0999999046325684,2.0999999046325684,2.087999105453491,56000
2023-06-27,2.0999999046325684,2.0999999046325684,2.0999999046325684,2.0999999046325684,2.087999105453491,0
2023-06-28,2.0999999046325684,2.0999999046325684,2.0999999046325684,2.0999999046325684,2.087999105453491,0
2023-06-29,2.0999999046325684,2.0999999046325684,2.0999999046325684,2.0999999046325684,2.087999105453491,0
2023-06-30,2.0999999046325684,2.0999999046325684,2.0999999046325684,2.0999999046325684,2.087999105453491,0
2023-07-03,2.0999999046325684,2.0999999046325684,2.0999999046325684,2.0999999046325684,2.087999105453491,0
2023-07-04,2.0999999046325684,2.0999999046325684,2.0999999046325684,2.0999999046325684,2.087999105453491,0
2023-07-05,2.0999999046325684,2.0999999046325684,2.0999999046325684,2.0999999046325684,2.087999105453491,110000
2023-07-06,2.0999999046325684,2.0999999046325684,2.0999999046325684,2.0999999046325684,2.087999105453491,0
2023-07-07,2.0999999046325684,2.0999999046325684,2.0999999046325684,2.0999999046325684,2.087999105453491,0
2023-07-10,2.0999999046325684,2.0999999046325684,2.0999999046325684,2.0999999046325684,2.087999105453491,0
2023-07-11,2.0999999046325684,2.0999999046325684,2.0999999046325684,2.0999999046325684,2.087999105453491,0
2023-07-12,2.0999999046325684,2.0999999046325684,2.0999999046325684,2.0999999046325684,2.087999105453491,0
2023-07-13,2.0999999046325684,2.0999999046325684,2.0999999046325684,2.0999999046325684,2.087999105453491,0
2023-07-14,2.0999999046325684,2.0999999046325684,2.0999999046325684,2.0999999046325684,2.087999105453491,0
2023-07-18,2.0999999046325684,2.0999999046325684,2.0999999046325684,2.0999999046325684,2.087999105453491,0
2023-07-19,2.0999999046325684,2.0999999046325684,2.0999999046325684,2.0999999046325684,2.087999105453491,0
2023-07-20,2.0999999046325684,2.0999999046325684,2.0999999046325684,2.0999999046325684,2.087999105453491,0
2023-07-21,2.0999999046325684,2.0999999046325684,2.0999999046325684,2.0999999046325684,2.087999105453491,0
2023-07-24,2.0999999046325684,2.0999999046325684,2.0999999046325684,2.0999999046325684,2.087999105453491,0
2023-07-25,2.0999999046325684,2.0999999046325684,2.0999999046325684,2.0999999046325684,2.087999105453491,0
2023-07-26,2.0999999046325684,2.0999999046325684,2.0999999046325684,2.0999999046325684,2.087999105453491,0
2023-07-27,2.0999999046325684,2.0999999046325684,2.0999999046325684,2.0999999046325684,2.087999105453491,0
2023-07-28,2.0999999046325684,2.0999999046325684,2.0999999046325684,2.0999999046325684,2.087999105453491,0
2023-07-31,2.0999999046325684,2.0999999046325684,2.0999999046325684,2.0999999046325684,2.087999105453491,0
2023-08-01,2.0999999046325684,2.0999999046325684,2.0999999046325684,2.0999999046325684,2.087999105453491,0
2023-08-02,2.0999999046325684,2.0999999046325684,2.0999999046325684,2.0999999046325684,2.087999105453491,0
2023-08-03,2.0999999046325684,2.0999999046325684,2.0999999046325684,2.0999999046325684,2.087999105453491,0
2023-08-04,2.0999999046325684,2.0999999046325684,2.0999999046325684,2.0999999046325684,2.087999105453491,0
2023-08-07,2.0999999046325684,2.0999999046325684,2.0999999046325684,2.0999999046325684,2.087999105453491,0
2023-08-08,2.0999999046325684,2.0999999046325684,2.0999999046325684,2.0999999046325684,2.087999105453491,0
2023-08-09,2.0999999046325684,2.0999999046325684,2.0999999046325684,2.0999999046325684,2.087999105453491,0
2023-08-10,2.0999999046325684,2.0999999046325684,2.0999999046325684,2.0999999046325684,2.087999105453491,0
2023-08-11,2.0999999046325684,2.0999999046325684,2.0999999046325684,2.0999999046325684,2.087999105453491,0
2023-08-14,2.0999999046325684,2.0999999046325684,2.0999999046325684,2.0999999046325684,2.087999105453491,8000
2023-08-15,2.0999999046325684,2.0999999046325684,2.0999999046325684,2.0999999046325684,2.087999105453491,0
2023-08-16,2.0999999046325684,2.0999999046325684,2.0999999046325684,2.0999999046325684,2.087999105453491,124000
2023-08-17,2.0999999046325684,2.0999999046325684,2.0999999046325684,2.0999999046325684,2.0959837436676025,0
2023-08-18,2.0999999046325684,2.0999999046325684,2.0999999046325684,2.0999999046325684,2.0959837436676025,0
2023-08-21,2.0999999046325684,2.0999999046325684,2.0999999046325684,2.0999999046325684,2.0959837436676025,0
2023-08-22,2.0999999046325684,2.0999999046325684,2.0999999046325684,2.0999999046325684,2.0959837436676025,0
2023-08-23,2.0999999046325684,2.0999999046325684,2.0999999046325684,2.0999999046325684,2.0959837436676025,0
2023-08-24,2.0999999046325684,2.0999999046325684,2.0999999046325684,2.0999999046325684,2.0959837436676025,0
2023-08-25,2.0999999046325684,2.0999999046325684,2.0999999046325684,2.0999999046325684,2.0959837436676025,0
2023-08-28,2.0999999046325684,2.0999999046325684,2.0999999046325684,2.0999999046325684,2.0959837436676025,0
2023-08-29,2.0999999046325684,2.0999999046325684,2.0999999046325684,2.0999999046325684,2.0959837436676025,0
2023-08-30,2.0999999046325684,2.0999999046325684,2.0999999046325684,2.0999999046325684,2.0959837436676025,0
2023-08-31,2.0999999046325684,2.0999999046325684,2.0999999046325684,2.0999999046325684,2.0959837436676025,0
2023-09-04,2.0999999046325684,2.0999999046325684,2.0999999046325684,2.0999999046325684,2.0959837436676025,0
2023-09-05,2.0999999046325684,2.0999999046325684,2.0999999046325684,2.0999999046325684,2.0959837436676025,0
2023-09-06,2.0999999046325684,2.0999999046325684,2.0999999046325684,2.0999999046325684,2.0959837436676025,0
2023-09-07,2.0999999046325684,2.0999999046325684,2.0999999046325684,2.0999999046325684,2.0959837436676025,0
2023-09-11,2.0999999046325684,2.0999999046325684,2.0999999046325684,2.0999999046325684,2.0959837436676025,0
2023-09-12,2.0999999046325684,2.0999999046325684,2.0999999046325684,2.0999999046325684,2.0959837436676025,0
2023-09-13,2.0999999046325684,2.0999999046325684,2.0999999046325684,2.0999999046325684,2.0959837436676025,0
2023-09-14,2.0999999046325684,2.0999999046325684,2.0999999046325684,2.0999999046325684,2.0959837436676025,0
2023-09-15,2.0999999046325684,2.0999999046325684,2.0999999046325684,2.0999999046325684,2.0959837436676025,0
2023-09-18,2.0999999046325684,2.0999999046325684,2.0999999046325684,2.0999999046325684,2.0959837436676025,0
2023-09-19,2.109999895095825,2.109999895095825,2.109999895095825,2.109999895095825,2.105964422225952,6000
2023-09-20,2.0999999046325684,2.0999999046325684,2.0999999046325684,2.0999999046325684,2.0959837436676025,0
2023-09-21,2.0999999046325684,2.0999999046325684,2.0999999046325684,2.0999999046325684,2.0959837436676025,2000
2023-09-22,2.0999999046325684,2.0999999046325684,2.0999999046325684,2.0999999046325684,2.0959837436676025,0
2023-09-25,2.0999999046325684,2.0999999046325684,2.0999999046325684,2.0999999046325684,2.0959837436676025,0
2023-09-26,2.0999999046325684,2.0999999046325684,2.0999999046325684,2.0999999046325684,2.0959837436676025,0
2023-09-27,2.0999999046325684,2.0999999046325684,2.0999999046325684,2.0999999046325684,2.0959837436676025,0
2023-09-28,2.0999999046325684,2.0999999046325684,2.0999999046325684,2.0999999046325684,2.0959837436676025,0
2023-09-29,2.0999999046325684,2.0999999046325684,2.0999999046325684,2.0999999046325684,2.0959837436676025,0
2023-10-03,2.0999999046325684,2.0999999046325684,2.0999999046325684,2.0999999046325684,2.0959837436676025,0
2023-10-04,2.0999999046325684,2.0999999046325684,2.0999999046325684,2.0999999046325684,2.0959837436676025,0
2023-10-05,2.0999999046325684,2.0999999046325684,2.0999999046325684,2.0999999046325684,2.0959837436676025,0
2023-10-06,2.0999999046325684,2.0999999046325684,2.0999999046325684,2.0999999046325684,2.0959837436676025,0
2023-10-09,2.0999999046325684,2.0999999046325684,2.0999999046325684,2.0999999046325684,2.0959837436676025,0
2023-10-10,2.0999999046325684,2.0999999046325684,2.0999999046325684,2.0999999046325684,2.0959837436676025,0
2023-10-11,2.0999999046325684,2.0999999046325684,2.0999999046325684,2.0999999046325684,2.0959837436676025,0
2023-10-12,2.0999999046325684,2.0999999046325684,2.0999999046325684,2.0999999046325684,2.0959837436676025,0
2023-10-13,2.0999999046325684,2.0999999046325684,2.0999999046325684,2.0999999046325684,2.0959837436676025,0
2023-10-16,2.0999999046325684,2.0999999046325684,2.0999999046325684,2.0999999046325684,2.0959837436676025,0
2023-10-17,2.0999999046325684,2.0999999046325684,2.0999999046325684,2.0999999046325684,2.0959837436676025,0
2023-10-18,2.0999999046325684,2.0999999046325684,2.0999999046325684,2.0999999046325684,2.0959837436676025,0
2023-10-19,2.0999999046325684,2.0999999046325684,2.0999999046325684,2.0999999046325684,2.0959837436676025,0
2023-10-20,2.0999999046325684,2.1500000953674316,2.0999999046325684,2.0999999046325684,2.0959837436676025,108000
2023-10-24,2.0999999046325684,2.0999999046325684,2.0999999046325684,2.0999999046325684,2.0959837436676025,0
2023-10-25,2.0999999046325684,2.0999999046325684,2.0999999046325684,2.0999999046325684,2.0959837436676025,2000
2023-10-26,2.0999999046325684,2.0999999046325684,2.0999999046325684,2.0999999046325684,2.0959837436676025,0
2023-10-27,2.0999999046325684,2.0999999046325684,2.0999999046325684,2.0999999046325684,2.0959837436676025,0
2023-10-30,2.0999999046325684,2.0999999046325684,2.0999999046325684,2.0999999046325684,2.0959837436676025,0
2023-10-31,2.0999999046325684,2.0999999046325684,2.0999999046325684,2.0999999046325684,2.0959837436676025,0
2023-11-01,2.0999999046325684,2.0999999046325684,2.0999999046325684,2.0999999046325684,2.0959837436676025,0
2023-11-02,2.0999999046325684,2.0999999046325684,2.0999999046325684,2.0999999046325684,2.0959837436676025,0
2023-11-03,2.0999999046325684,2.0999999046325684,2.0999999046325684,2.0999999046325684,2.0959837436676025,0
2023-11-06,2.0999999046325684,2.0999999046325684,2.0999999046325684,2.0999999046325684,2.0959837436676025,0
2023-11-07,2.0999999046325684,2.0999999046325684,2.0999999046325684,2.0999999046325684,2.0959837436676025,0
2023-11-08,2.0999999046325684,2.0999999046325684,2.0999999046325684,2.0999999046325684,2.0959837436676025,0
2023-11-09,2.0999999046325684,2.0999999046325684,2.0999999046325684,2.0999999046325684,2.0959837436676025,0
2023-11-10,2.0999999046325684,2.0999999046325684,2.0999999046325684,2.0999999046325684,2.0959837436676025,0
2023-11-13,2.0999999046325684,2.0999999046325684,2.0999999046325684,2.0999999046325684,2.0959837436676025,0
2023-11-14,2.0999999046325684,2.0999999046325684,2.0999999046325684,2.0999999046325684,2.0959837436676025,0
2023-11-15,2.0999999046325684,2.0999999046325684,2.0999999046325684,2.0999999046325684,2.0959837436676025,6000
2023-11-16,2.0999999046325684,2.0999999046325684,2.0999999046325684,2.0999999046325684,2.0959837436676025,300000
2023-11-17,2.0999999046325684,2.0999999046325684,2.0999999046325684,2.0999999046325684,2.0959837436676025,0
2023-11-20,2.0999999046325684,2.0999999046325684,2.009999990463257,2.009999990463257,2.0061559677124023,222000
2023-11-21,2.0,2.0,2.0,2.0,1.9961750507354736,0
2023-11-22,2.009999990463257,2.009999990463257,2.009999990463257,2.009999990463257,2.0061559677124023,0
2023-11-23,2.0199999809265137,2.0199999809265137,2.0199999809265137,2.0199999809265137,2.016136646270752,0
2023-11-24,2.0199999809265137,2.0399999618530273,2.0199999809265137,2.0399999618530273,2.0360984802246094,20000
2023-11-27,2.180000066757202,2.9000000953674316,2.180000066757202,2.6500000953674316,2.6449317932128906,350000
2023-11-28,2.799999952316284,2.799999952316284,2.359999895095825,2.5,2.4952187538146973,82000
2023-11-29,2.5,2.5,2.490000009536743,2.490000009536743,2.4852378368377686,54000
2023-11-30,2.430000066757202,2.7200000286102295,2.430000066757202,2.7200000286102295,2.7147979736328125,23700
2023-12-01,3.009999990463257,3.700000047683716,2.7699999809265137,2.8499999046325684,2.8445491790771484,506000
2023-12-04,3.0399999618530273,3.130000114440918,2.890000104904175,2.9000000953674316,2.894454002380371,300000
2023-12-05,3.0,3.0999999046325684,2.9000000953674316,3.0999999046325684,3.09407114982605,156000
2023-12-06,3.0999999046325684,3.5,3.119999885559082,3.200000047683716,3.193880081176758,142000
2023-12-07,3.299999952316284,3.819999933242798,3.299999952316284,3.759999990463257,3.7528090476989746,580000
2023-12-08,3.759999990463257,3.940000057220459,3.690000057220459,3.740000009536743,3.732847213745117,260000
2023-12-11,3.549999952316284,3.619999885559082,3.200000047683716,3.2100000381469727,3.2038607597351074,152000
2023-12-12,3.0999999046325684,3.0999999046325684,3.0999999046325684,3.0999999046325684,3.09407114982605,0
2023-12-13,3.190000057220459,3.309999942779541,3.1700000762939453,3.200000047683716,3.193880081176758,12000
2023-12-14,3.309999942779541,3.309999942779541,3.0,3.190000057220459,3.183899164199829,90000
2023-12-15,3.0,3.059999942779541,3.0,3.0,2.994262456893921,98000
2023-12-18,3.0,3.0999999046325684,3.0,3.0999999046325684,3.09407114982605,58000
2023-12-19,3.119999885559082,3.1500000953674316,3.059999942779541,3.140000104904175,3.1339948177337646,64000
2023-12-20,3.1500000953674316,3.1500000953674316,3.140000104904175,3.140000104904175,3.1339948177337646,24000
2023-12-21,3.0999999046325684,3.1500000953674316,3.0999999046325684,3.0999999046325684,3.09407114982605,70000
2023-12-22,3.059999942779541,3.0999999046325684,3.0,3.0999999046325684,3.09407114982605,104000
2023-12-27,3.0,3.0999999046325684,3.0,3.0999999046325684,3.09407114982605,54000
2023-12-28,3.0,3.0999999046325684,3.0,3.049999952316284,3.0441668033599854,32000
2023-12-29,3.0999999046325684,3.299999952316284,3.059999942779541,3.200000047683716,3.193880081176758,184000
2024-01-02,3.25,3.299999952316284,3.0799999237060547,3.1500000953674316,3.1439757347106934,220000
2024-01-03,3.069999933242798,3.200000047683716,3.059999942779541,3.180000066757202,3.1739182472229004,102000
2024-01-04,3.1500000953674316,3.180000066757202,3.0999999046325684,3.109999895095825,3.1040520668029785,72000
2024-01-05,3.1600000858306885,3.200000047683716,3.0999999046325684,3.0999999046325684,3.09407114982605,64000
2024-01-08,3.0799999237060547,3.140000104904175,3.0199999809265137,3.0199999809265137,3.0142242908477783,44000
2024-01-09,3.009999990463257,3.0899999141693115,3.0,3.0899999141693115,3.084090232849121,44000
2024-01-10,3.0,3.069999933242798,3.0,3.069999933242798,3.0641286373138428,112000
2024-01-11,3.059999942779541,3.119999885559082,3.049999952316284,3.119999885559082,3.114032745361328,58000
2024-01-12,3.0999999046325684,3.0999999046325684,3.0,3.0,2.994262456893921,90000
2024-01-15,3.0,3.0,3.0,3.0,2.994262456893921,0
2024-01-16,3.0,3.0,3.0,3.0,2.994262456893921,0
2024-01-17,3.0,3.0,3.0,3.0,2.994262456893921,24000
2024-01-18,3.0,3.0,3.0,3.0,2.994262456893921,26000
2024-01-19,3.0199999809265137,3.0799999237060547,3.0199999809265137,3.0799999237060547,3.0741095542907715,20000
2024-01-22,3.0799999237060547,3.0799999237060547,3.0799999237060547,3.0799999237060547,3.0741095542907715,0
2024-01-23,3.0799999237060547,3.0799999237060547,3.0799999237060547,3.0799999237060547,3.0741095542907715,22000
2024-01-24,3.0,3.0799999237060547,3.0,3.0799999237060547,3.0741095542907715,16000
2024-01-25,3.0799999237060547,3.0999999046325684,3.0799999237060547,3.0999999046325684,3.09407114982605,8000
2024-01-26,3.0,3.0,3.0,3.0,2.994262456893921,6000
2024-01-29,3.0999999046325684,3.0999999046325684,3.0999999046325684,3.0999999046325684,3.09407114982605,0
2024-01-30,3.119999885559082,3.119999885559082,3.119999885559082,3.119999885559082,3.114032745361328,54000
2024-01-31,3.0,3.119999885559082,3.0,3.119999885559082,3.114032745361328,6000
2024-02-01,3.119999885559082,3.119999885559082,3.0,3.0,2.994262456893921,36000
2024-02-02,3.0899999141693115,3.0899999141693115,3.0899999141693115,3.0899999141693115,3.084090232849121,0
2024-02-05,3.009999990463257,3.009999990463257,3.009999990463257,3.009999990463257,3.0042433738708496,2000
2024-02-06,3.009999990463257,3.009999990463257,3.009999990463257,3.009999990463257,3.0042433738708496,8000
2024-02-07,3.009999990463257,3.009999990463257,3.009999990463257,3.009999990463257,3.0042433738708496,0
2024-02-08,3.009999990463257,3.009999990463257,3.009999990463257,3.009999990463257,3.0042433738708496,0
2024-02-09,3.009999990463257,3.009999990463257,3.009999990463257,3.009999990463257,3.0042433738708496,0
2024-02-14,3.0999999046325684,3.0999999046325684,3.0999999046325684,3.0999999046325684,3.09407114982605,0
2024-02-15,3.0999999046325684,3.200000047683716,3.0999999046325684,3.200000047683716,3.193880081176758,16000
2024-02-16,3.200000047683716,3.200000047683716,3.200000047683716,3.200000047683716,3.193880081176758,0
2024-02-19,3.190000057220459,3.190000057220459,3.190000057220459,3.190000057220459,3.183899164199829,0
2024-02-20,3.190000057220459,3.190000057220459,3.190000057220459,3.190000057220459,3.183899164199829,4000
2024-02-21,3.190000057220459,3.190000057220459,3.190000057220459,3.190000057220459,3.183899164199829,2000
2024-02-22,3.1700000762939453,3.1700000762939453,3.1700000762939453,3.1700000762939453,3.163937568664551,0
2024-02-23,3.1600000858306885,3.1600000858306885,3.1600000858306885,3.1600000858306885,3.153956651687622,62000
2024-02-26,3.180000066757202,3.180000066757202,3.180000066757202,3.180000066757202,3.1739182472229004,24000
2024-02-27,3.180000066757202,3.2200000286102295,3.180000066757202,3.2200000286102295,3.2138419151306152,50000
2024-02-28,3.2799999713897705,3.369999885559082,3.2799999713897705,3.2799999713897705,3.2737271785736084,90000
2024-02-29,3.0199999809265137,3.299999952316284,3.009999990463257,3.299999952316284,3.2936885356903076,42000
2024-03-01,3.0999999046325684,3.0999999046325684,3.0999999046325684,3.0999999046325684,3.09407114982605,4000
2024-03-04,3.0999999046325684,3.0999999046325684,3.0999999046325684,3.0999999046325684,3.09407114982605,0
2024-03-05,3.0999999046325684,3.0999999046325684,3.0999999046325684,3.0999999046325684,3.09407114982605,8000
2024-03-06,3.0999999046325684,3.0999999046325684,3.0999999046325684,3.0999999046325684,3.09407114982605,4000
2024-03-07,3.059999942779541,3.0899999141693115,3.0,3.0,2.994262456893921,180000
2024-03-08,3.0299999713897705,3.0299999713897705,3.0,3.0199999809265137,3.0142242908477783,30000
2024-03-11,3.0999999046325684,3.0999999046325684,3.0799999237060547,3.0799999237060547,3.0741095542907715,20000
2024-03-12,3.0799999237060547,3.2799999713897705,3.069999933242798,3.2799999713897705,3.2737271785736084,110000
2024-03-13,3.299999952316284,3.299999952316284,3.109999895095825,3.109999895095825,3.1040520668029785,84000
2024-03-14,3.0799999237060547,3.0899999141693115,3.0799999237060547,3.0899999141693115,3.084090232849121,8000
2024-03-15,3.0,3.0,2.799999952316284,2.809999942779541,2.804625988006592,212000
2024-03-18,2.880000114440918,3.0199999809265137,2.8499999046325684,2.8499999046325684,2.8445491790771484,426000
2024-03-19,2.9000000953674316,2.9000000953674316,2.809999942779541,2.809999942779541,2.804625988006592,24000
2024-03-20,2.9000000953674316,2.819999933242798,2.799999952316284,2.799999952316284,2.794645071029663,24000
2024-03-21,2.8399999141693115,2.9200000762939453,2.8399999141693115,2.880000114440918,2.8744921684265137,46000
2024-03-22,2.819999933242798,2.950000047683716,2.819999933242798,2.950000047683716,2.9443583488464355,52000
2024-03-25,2.9200000762939453,2.9200000762939453,2.8399999141693115,2.8399999141693115,2.834568500518799,52000
2024-03-26,2.950000047683716,3.0,2.950000047683716,3.0,2.994262456893921,78000
2024-03-27,3.0,3.0999999046325684,3.0,3.0999999046325684,3.09407114982605,254000
2024-03-28,3.0999999046325684,3.0999999046325684,2.950000047683716,3.049999952316284,3.0441668033599854,70000
2024-04-02,3.0999999046325684,3.180000066757202,3.0999999046325684,3.180000066757202,3.1739182472229004,40000
2024-04-03,3.1500000953674316,3.3499999046325684,3.1500000953674316,3.299999952316284,3.2936885356903076,30000
2024-04-05,3.5,3.559999942779541,3.4000000953674316,3.559999942779541,3.5531914234161377,88000
2024-04-08,3.559999942779541,3.619999885559082,3.5299999713897705,3.5299999713897705,3.5232489109039307,88000
2024-04-09,3.5,3.5,3.5,3.5,3.4933061599731445,0
2024-04-10,3.5,3.5,3.4800000190734863,3.5,3.4933061599731445,46000
2024-04-11,3.490000009536743,3.9200000762939453,3.490000009536743,3.799999952316284,3.7927324771881104,193968
2024-04-12,3.799999952316284,3.8299999237060547,3.5799999237060547,3.819999933242798,3.8126943111419678,124000
2024-04-15,3.8499999046325684,3.8499999046325684,3.8399999141693115,3.8399999141693115,3.832656145095825,10000
2024-04-16,3.7200000286102295,3.799999952316284,3.700000047683716,3.7899999618530273,3.7827515602111816,40000
2024-04-17,3.740000009536743,3.740000009536743,3.740000009536743,3.740000009536743,3.732847213745117,0
2024-04-18,3.740000009536743,3.740000009536743,3.740000009536743,3.740000009536743,3.732847213745117,0
2024-04-19,3.5,3.5199999809265137,3.5,3.5,3.4933061599731445,24000
2024-04-22,3.5,3.5899999141693115,3.4200000762939453,3.549999952316284,3.543210744857788,142000
2024-04-23,3.450000047683716,3.450000047683716,3.4000000953674316,3.4000000953674316,3.3934977054595947,56000
2024-04-24,3.369999885559082,3.490000009536743,3.369999885559082,3.490000009536743,3.483325481414795,6000
2024-04-25,3.490000009536743,3.490000009536743,3.490000009536743,3.490000009536743,3.483325481414795,0
2024-04-26,3.5,3.549999952316284,3.5,3.5399999618530273,3.5332295894622803,32000
2024-04-29,3.490000009536743,3.549999952316284,3.490000009536743,3.549999952316284,3.543210744857788,22000
2024-04-30,3.5,3.549999952316284,3.4000000953674316,3.4100000858306885,3.4034783840179443,424000
2024-05-02,3.4100000858306885,3.4100000858306885,3.2799999713897705,3.2899999618530273,3.283707857131958,12000
2024-05-03,3.299999952316284,3.299999952316284,3.109999895095825,3.25,3.2437844276428223,160000
2024-05-06,3.200000047683716,3.200000047683716,3.200000047683716,3.200000047683716,3.193880081176758,12000
2024-05-07,3.1600000858306885,3.1600000858306885,3.1500000953674316,3.1500000953674316,3.1439757347106934,54000
2024-05-08,3.25,3.25,3.25,3.25,3.2437844276428223,2000
2024-05-09,3.180000066757202,3.180000066757202,3.1600000858306885,3.1600000858306885,3.153956651687622,8000
2024-05-10,3.1600000858306885,3.1600000858306885,3.1600000858306885,3.1600000858306885,3.153956651687622,0
2024-05-13,3.1500000953674316,3.240000009536743,3.1500000953674316,3.200000047683716,3.193880081176758,64000
2024-05-14,3.1600000858306885,3.309999942779541,3.1600000858306885,3.1600000858306885,3.153956651687622,12000
2024-05-16,3.180000066757202,3.309999942779541,3.1600000858306885,3.1600000858306885,3.153956651687622,250000
2024-05-17,3.2200000286102295,3.2200000286102295,3.1600000858306885,3.1600000858306885,3.153956651687622,10000
2024-05-20,3.1600000858306885,3.299999952316284,3.1600000858306885,3.1600000858306885,3.153956651687622,36000
2024-05-21,3.200000047683716,3.200000047683716,3.1500000953674316,3.180000066757202,3.1739182472229004,90000
2024-05-22,3.180000066757202,3.1500000953674316,3.1500000953674316,3.1500000953674316,3.1439757347106934,16000
2024-05-23,3.1500000953674316,3.1600000858306885,3.1500000953674316,3.1600000858306885,3.153956651687622,6000
2024-05-24,3.190000057220459,3.190000057220459,3.190000057220459,3.190000057220459,3.183899164199829,4000
2024-05-27,3.1600000858306885,3.190000057220459,3.190000057220459,3.190000057220459,3.183899164199829,2000
2024-05-28,3.1700000762939453,3.1700000762939453,3.1500000953674316,3.1500000953674316,3.1439757347106934,16000
2024-05-29,3.1500000953674316,3.1700000762939453,3.1500000953674316,3.1700000762939453,3.163937568664551,68000
2024-05-30,3.1700000762939453,3.1700000762939453,3.1700000762939453,3.1700000762939453,3.163937568664551,0
2024-05-31,3.1700000762939453,3.1700000762939453,3.1700000762939453,3.1700000762939453,3.163937568664551,0
2024-06-03,3.1700000762939453,3.180000066757202,3.1500000953674316,3.180000066757202,3.1739182472229004,36000
2024-06-04,3.1500000953674316,3.1500000953674316,3.1500000953674316,3.1500000953674316,3.1439757347106934,10000
2024-06-05,3.1500000953674316,3.1500000953674316,3.1500000953674316,3.1500000953674316,3.1489739418029785,20000
2024-06-06,3.1500000953674316,3.1500000953674316,3.1500000953674316,3.1500000953674316,3.1489739418029785,50000
2024-06-07,3.1500000953674316,3.1500000953674316,3.1500000953674316,3.1500000953674316,3.1489739418029785,0
2024-06-11,3.1700000762939453,3.1700000762939453,3.1500000953674316,3.1700000762939453,3.1689674854278564,14000
2024-06-12,3.1700000762939453,3.1700000762939453,3.1700000762939453,3.1700000762939453,3.1689674854278564,0
2024-06-13,3.1700000762939453,3.1700000762939453,3.1700000762939453,3.1700000762939453,3.1689674854278564,0
2024-06-14,3.1700000762939453,3.1700000762939453,3.1700000762939453,3.1700000762939453,3.1689674854278564,0
2024-06-17,3.1500000953674316,3.180000066757202,3.1500000953674316,3.180000066757202,3.178964138031006,64000
2024-06-18,3.180000066757202,3.180000066757202,3.180000066757202,3.180000066757202,3.178964138031006,0
2024-06-19,3.1500000953674316,3.1500000953674316,3.1500000953674316,3.1500000953674316,3.1489739418029785,8000
2024-06-20,3.1500000953674316,3.1500000953674316,3.1500000953674316,3.1500000953674316,3.1489739418029785,186000
2024-06-21,3.1500000953674316,3.1500000953674316,3.1500000953674316,3.1500000953674316,3.1489739418029785,0
2024-06-24,3.140000104904175,3.140000104904175,3.140000104904175,3.140000104904175,3.138977289199829,0
2024-06-25,3.1500000953674316,3.1500000953674316,3.1500000953674316,3.1500000953674316,3.1489739418029785,0
2024-06-26,3.1500000953674316,3.180000066757202,3.1500000953674316,3.180000066757202,3.178964138031006,100000
2024-06-27,3.180000066757202,3.180000066757202,3.180000066757202,3.180000066757202,3.178964138031006,0
2024-06-28,3.180000066757202,3.180000066757202,3.180000066757202,3.180000066757202,3.178964138031006,0
2024-07-02,3.1700000762939453,3.1700000762939453,3.1700000762939453,3.1700000762939453,3.1689674854278564,0
2024-07-03,3.1600000858306885,3.1600000858306885,3.1600000858306885,3.1600000858306885,3.158970832824707,0
2024-07-04,3.1500000953674316,3.180000066757202,3.1500000953674316,3.1600000858306885,3.158970832824707,4000
2024-07-08,3.1500000953674316,3.1500000953674316,3.1500000953674316,3.1500000953674316,3.1489739418029785,0
2024-07-09,3.1500000953674316,3.1500000953674316,3.1500000953674316,3.1500000953674316,3.1489739418029785,0
2024-07-10,3.1500000953674316,3.1500000953674316,3.1500000953674316,3.1500000953674316,3.1489739418029785,0
2024-07-11,3.1500000953674316,3.1500000953674316,3.1500000953674316,3.1500000953674316,3.1489739418029785,0
2024-07-12,3.1500000953674316,3.1500000953674316,3.1500000953674316,3.1500000953674316,3.1489739418029785,0
2024-07-15,3.1500000953674316,3.1500000953674316,3.1500000953674316,3.1500000953674316,3.1489739418029785,0
2024-07-16,3.1500000953674316,3.1500000953674316,3.1500000953674316,3.1500000953674316,3.1489739418029785,0
2024-07-17,3.109999895095825,3.109999895095825,3.109999895095825,3.109999895095825,3.1089868545532227,0
2024-07-18,3.109999895095825,3.109999895095825,3.109999895095825,3.109999895095825,3.1089868545532227,0
2024-07-19,3.0999999046325684,3.0999999046325684,3.0999999046325684,3.0999999046325684,3.0989902019500732,0
2024-07-22,3.0999999046325684,3.0999999046325684,3.0999999046325684,3.0999999046325684,3.0989902019500732,0
2024-07-23,3.0999999046325684,3.0999999046325684,3.0999999046325684,3.0999999046325684,3.0989902019500732,28000
2024-07-24,3.0999999046325684,3.0999999046325684,3.0999999046325684,3.0999999046325684,3.0989902019500732,0
2024-07-25,3.0999999046325684,3.0999999046325684,3.0999999046325684,3.0999999046325684,3.0989902019500732,0
2024-07-26,3.0999999046325684,3.0999999046325684,3.0999999046325684,3.0999999046325684,3.0989902019500732,0
2024-07-29,3.0999999046325684,3.0999999046325684,3.0999999046325684,3.0999999046325684,3.0989902019500732,0
2024-07-30,3.0999999046325684,3.0999999046325684,3.0999999046325684,3.0999999046325684,3.0989902019500732,0
2024-07-31,3.0999999046325684,3.0999999046325684,3.0999999046325684,3.0999999046325684,3.0989902019500732,0
2024-08-01,3.0999999046325684,3.0999999046325684,3.0999999046325684,3.0999999046325684,3.0989902019500732,0
2024-08-02,3.1700000762939453,3.1700000762939453,3.0999999046325684,3.130000114440918,3.1289806365966797,22000
2024-08-05,3.0999999046325684,3.0999999046325684,3.0999999046325684,3.0999999046325684,3.0989902019500732,200000
2024-08-06,3.0899999141693115,3.0899999141693115,3.0899999141693115,3.0899999141693115,3.0889933109283447,0
2024-08-07,3.0799999237060547,3.109999895095825,3.0799999237060547,3.0899999141693115,3.0889933109283447,26000
2024-08-08,3.119999885559082,3.119999885559082,3.119999885559082,3.119999885559082,3.118983507156372,0
2024-08-09,3.0999999046325684,3.119999885559082,3.119999885559082,3.0999999046325684,3.0989902019500732,6000
2024-08-12,3.0999999046325684,3.0999999046325684,3.0999999046325684,3.0999999046325684,3.0989902019500732,0
2024-08-13,3.0999999046325684,3.0999999046325684,3.0999999046325684,3.0999999046325684,3.0989902019500732,0
2024-08-14,3.0999999046325684,3.0999999046325684,3.0999999046325684,3.0999999046325684,3.0989902019500732,0
2024-08-15,3.0899999141693115,3.0899999141693115,3.0899999141693115,3.0899999141693115,3.0889933109283447,0
2024-08-16,3.0899999141693115,3.069999933242798,3.069999933242798,3.069999933242798,3.069000005722046,36000
2024-08-19,3.069999933242798,3.069999933242798,3.069999933242798,3.069999933242798,3.069000005722046,0
2024-08-20,3.069999933242798,3.069999933242798,3.069999933242798,3.069999933242798,3.069000005722046,62000
2024-08-21,3.069999933242798,3.069999933242798,3.069999933242798,3.069999933242798,3.069000005722046,0
2024-08-22,3.069999933242798,3.069999933242798,3.069999933242798,3.069999933242798,3.069999933242798,0
2024-08-23,3.049999952316284,3.049999952316284,3.0199999809265137,3.049999952316284,3.049999952316284,50970
2024-08-26,3.0199999809265137,3.0199999809265137,3.0199999809265137,3.0199999809265137,3.0199999809265137,3790
2024-08-27,3.0199999809265137,3.0199999809265137,3.0199999809265137,3.0199999809265137,3.0199999809265137,0
2024-08-28,3.0299999713897705,3.0299999713897705,3.0299999713897705,3.0299999713897705,3.0299999713897705,0
2024-08-29,3.0299999713897705,3.0299999713897705,3.0299999713897705,3.0299999713897705,3.0299999713897705,0
2024-08-30,3.0299999713897705,3.0299999713897705,3.0299999713897705,3.0299999713897705,3.0299999713897705,0
2024-09-02,3.0299999713897705,3.0299999713897705,3.0299999713897705,3.0299999713897705,3.0299999713897705,0
2024-09-03,3.0199999809265137,3.0199999809265137,3.0199999809265137,3.0199999809265137,3.0199999809265137,16000
2024-09-04,3.0199999809265137,3.0199999809265137,3.0199999809265137,3.0199999809265137,3.0199999809265137,0
2024-09-05,3.0199999809265137,3.0199999809265137,3.0199999809265137,3.0199999809265137,3.0199999809265137,0
2024-09-09,3.0199999809265137,3.0199999809265137,3.0199999809265137,3.0199999809265137,3.0199999809265137,0
2024-09-10,3.0199999809265137,3.0199999809265137,3.0199999809265137,3.0199999809265137,3.0199999809265137,0
2024-09-11,3.0199999809265137,3.0199999809265137,3.0199999809265137,3.0199999809265137,3.0199999809265137,40000
2024-09-12,3.0199999809265137,3.0199999809265137,3.0199999809265137,3.0199999809265137,3.0199999809265137,0
2024-09-13,3.0199999809265137,3.0199999809265137,3.0199999809265137,3.0199999809265137,3.0199999809265137,0
2024-09-16,3.0199999809265137,3.0199999809265137,3.0199999809265137,3.0199999809265137,3.0199999809265137,0
2024-09-17,3.0199999809265137,3.0199999809265137,3.0199999809265137,3.0199999809265137,3.0199999809265137,0
2024-09-19,3.0199999809265137,3.0199999809265137,3.0199999809265137,3.0199999809265137,3.0199999809265137,0
2024-09-20,3.0199999809265137,3.0199999809265137,3.0199999809265137,3.0199999809265137,3.0199999809265137,0
2024-09-23,3.0199999809265137,3.0199999809265137,3.0199999809265137,3.0199999809265137,3.0199999809265137,100000
2024-09-24,3.0299999713897705,3.0299999713897705,3.0299999713897705,3.0299999713897705,3.0299999713897705,0
2024-09-25,3.0299999713897705,3.0299999713897705,3.0299999713897705,3.0299999713897705,3.0299999713897705,0
2024-09-26,3.0199999809265137,3.0299999713897705,3.0199999809265137,3.0299999713897705,3.0299999713897705,326000
2024-09-27,3.0299999713897705,3.0999999046325684,3.0299999713897705,3.0999999046325684,3.0999999046325684,22000
2024-09-30,3.049999952316284,3.0999999046325684,3.049999952316284,3.0999999046325684,3.0999999046325684,140000
2024-10-02,3.0999999046325684,3.9600000381469727,3.0999999046325684,3.3399999141693115,3.3399999141693115,182000
2024-10-03,3.4000000953674316,3.4000000953674316,3.049999952316284,3.130000114440918,3.130000114440918,224000
2024-10-04,3.140000104904175,3.180000066757202,3.0999999046325684,3.180000066757202,3.180000066757202,86000
2024-10-07,3.200000047683716,3.259999990463257,3.180000066757202,3.25,3.25,90000
2024-10-08,3.3499999046325684,3.3499999046325684,3.0999999046325684,3.0999999046325684,3.0999999046325684,130000
2024-10-09,3.0999999046325684,3.0999999046325684,3.0999999046325684,3.0999999046325684,3.0999999046325684,0
2024-10-10,3.0999999046325684,3.200000047683716,3.0999999046325684,3.200000047683716,3.200000047683716,50000
2024-10-14,3.0999999046325684,3.1600000858306885,3.0999999046325684,3.1600000858306885,3.1600000858306885,100000
2024-10-15,3.190000057220459,3.190000057220459,3.190000057220459,3.190000057220459,3.190000057220459,0
2024-10-16,3.0999999046325684,3.2799999713897705,3.0999999046325684,3.2799999713897705,3.2799999713897705,38000
2024-10-17,3.2699999809265137,3.2699999809265137,3.2699999809265137,3.2699999809265137,3.2699999809265137,0
2024-10-18,3.25,3.25,3.25,3.25,3.25,0
2024-10-21,3.200000047683716,3.200000047683716,3.119999885559082,3.119999885559082,3.119999885559082,22000
2024-10-22,3.119999885559082,3.119999885559082,3.109999895095825,3.109999895095825,3.109999895095825,52000
2024-10-23,3.109999895095825,3.109999895095825,3.109999895095825,3.109999895095825,3.109999895095825,0
2024-10-24,3.119999885559082,3.119999885559082,3.119999885559082,3.119999885559082,3.119999885559082,0
2024-10-25,3.119999885559082,3.119999885559082,3.119999885559082,3.119999885559082,3.119999885559082,0
2024-10-28,3.119999885559082,3.119999885559082,3.119999885559082,3.119999885559082,3.119999885559082,0
2024-10-29,3.109999895095825,3.109999895095825,3.0999999046325684,3.109999895095825,3.109999895095825,44000
2024-10-30,3.180000066757202,3.109999895095825,3.0999999046325684,3.109999895095825,3.109999895095825,2000
2024-10-31,3.2300000190734863,3.2300000190734863,3.2300000190734863,3.2300000190734863,3.2300000190734863,0
