Date,Adj Close,Close,High,Low,Open,Volume
1984-12-07,239.3000030517578,239.3000030517578,239.60000610351562,239.3000030517578,239.60000610351562,58350000
1984-12-10,250.1999969482422,250.1999969482422,250.1999969482422,237.6999969482422,238.1999969482422,58760000
1984-12-11,238.8000030517578,238.8000030517578,238.8000030517578,238.5,238.60000610351562,63130000
1984-12-12,238.5,238.5,238.89999389648438,238.39999389648438,238.89999389648438,62960000
1984-12-13,238.10000610351562,238.10000610351562,238.39999389648438,238.10000610351562,238.10000610351562,60210000
1984-12-14,239.0,239.0,239.0,238.0,238.0,62970000
1984-12-17,238.5,238.5,238.6999969482422,238.3000030517578,238.6999969482422,63480000
1984-12-18,243.3000030517578,243.3000030517578,243.3000030517578,240.39999389648438,240.39999389648438,87710000
1984-12-19,245.39999389648438,245.39999389648438,245.39999389648438,244.89999389648438,245.3000030517578,85980000
1984-12-20,244.5,244.5,244.89999389648438,244.39999389648438,244.89999389648438,71630000
1984-12-21,244.8000030517578,244.8000030517578,244.8000030517578,243.6999969482422,244.3000030517578,68670000
1984-12-24,245.8000030517578,245.8000030517578,245.8000030517578,245.10000610351562,245.10000610351562,38840000
1984-12-26,246.60000610351562,246.60000610351562,246.60000610351562,245.8000030517578,246.0,47580000
1984-12-27,245.39999389648438,245.39999389648438,246.10000610351562,245.39999389648438,246.10000610351562,60370000
1984-12-28,245.89999389648438,245.89999389648438,245.89999389648438,245.3000030517578,245.3000030517578,70610000
1984-12-31,247.10000610351562,247.10000610351562,247.10000610351562,246.1999969482422,246.1999969482422,80120000
1985-01-02,245.89999389648438,245.89999389648438,247.10000610351562,245.89999389648438,247.10000610351562,48210000
1985-01-03,246.39999389648438,246.39999389648438,246.6999969482422,246.0,246.0,52250000
1985-01-04,246.10000610351562,246.10000610351562,246.10000610351562,245.8000030517578,246.10000610351562,55800000
1985-01-07,245.89999389648438,245.89999389648438,246.1999969482422,245.89999389648438,246.0,53200000
1985-01-08,246.0,246.0,246.39999389648438,246.0,246.10000610351562,64850000
1985-01-09,247.3000030517578,247.3000030517578,247.3000030517578,246.10000610351562,246.10000610351562,66670000
1985-01-10,250.6999969482422,250.6999969482422,250.6999969482422,247.89999389648438,247.89999389648438,81590000
1985-01-11,252.1999969482422,252.1999969482422,252.1999969482422,251.60000610351562,251.6999969482422,71520000
1985-01-14,255.5,255.5,255.5,252.6999969482422,252.6999969482422,73320000
1985-01-15,257.79998779296875,257.79998779296875,258.0,257.29998779296875,257.29998779296875,90780000
1985-01-16,260.20001220703125,260.20001220703125,260.20001220703125,259.1000061035156,259.1000061035156,89770000
1985-01-17,261.20001220703125,261.20001220703125,261.20001220703125,260.5,260.6000061035156,86990000
1985-01-18,263.1000061035156,263.1000061035156,263.1000061035156,262.0,262.1000061035156,78280000
1985-01-21,266.3999938964844,266.3999938964844,266.3999938964844,263.8999938964844,263.8999938964844,85470000
1985-01-22,268.3999938964844,268.3999938964844,269.0,268.3999938964844,268.3999938964844,107300000
1985-01-23,270.70001220703125,270.70001220703125,270.70001220703125,268.79998779296875,268.79998779296875,100900000
1985-01-24,272.29998779296875,272.29998779296875,272.8999938964844,272.0,272.0,108600000
1985-01-25,274.0,274.0,274.0,272.5,272.6000061035156,86510000
1985-01-28,275.0,275.0,275.6000061035156,274.6000061035156,275.0,90740000
1985-01-29,276.20001220703125,276.20001220703125,276.20001220703125,274.79998779296875,274.79998779296875,88320000
1985-01-30,278.6000061035156,278.6000061035156,278.79998779296875,278.3999938964844,278.70001220703125,108700000
1985-01-31,278.70001220703125,278.70001220703125,278.8999938964844,278.20001220703125,278.20001220703125,92290000
1985-02-01,278.3999938964844,278.3999938964844,278.5,277.8999938964844,277.8999938964844,85330000
1985-02-04,280.79998779296875,280.79998779296875,280.79998779296875,278.79998779296875,278.79998779296875,88440000
1985-02-05,282.6000061035156,282.6000061035156,282.70001220703125,281.79998779296875,281.79998779296875,98950000
1985-02-06,284.5,284.5,284.70001220703125,283.79998779296875,283.79998779296875,102300000
1985-02-07,287.1000061035156,287.1000061035156,287.1000061035156,285.5,285.5,110230000
1985-02-08,288.3999938964844,288.3999938964844,288.3999938964844,287.6000061035156,287.79998779296875,103400000
1985-02-11,287.3999938964844,287.3999938964844,288.6000061035156,287.1000061035156,288.6000061035156,95950000
1985-02-12,286.6000061035156,286.6000061035156,286.79998779296875,286.29998779296875,286.29998779296875,89270000
1985-02-13,288.29998779296875,288.29998779296875,288.29998779296875,286.3999938964844,286.70001220703125,113300000
1985-02-14,288.3999938964844,288.3999938964844,289.29998779296875,288.3999938964844,289.1000061035156,124300000
1985-02-15,287.70001220703125,287.70001220703125,288.3999938964844,287.70001220703125,288.1000061035156,81510000
1985-02-19,286.8999938964844,286.8999938964844,287.1000061035156,286.6000061035156,286.6000061035156,67910000
1985-02-20,287.29998779296875,287.29998779296875,287.6000061035156,286.70001220703125,286.70001220703125,83750000
1985-02-21,287.0,287.0,287.20001220703125,286.8999938964844,287.20001220703125,84140000
1985-02-22,286.20001220703125,286.20001220703125,286.8999938964844,286.0,286.8999938964844,79640000
1985-02-25,284.0,284.0,284.70001220703125,283.5,284.70001220703125,88170000
1985-02-26,285.0,285.0,285.0,283.70001220703125,284.0,82930000
1985-02-27,284.1000061035156,284.1000061035156,285.29998779296875,284.1000061035156,285.29998779296875,85230000
1985-02-28,284.20001220703125,284.20001220703125,284.20001220703125,283.70001220703125,283.70001220703125,78100000
1985-03-01,287.20001220703125,287.20001220703125,287.20001220703125,285.1000061035156,285.1000061035156,92100000
1985-03-04,287.1000061035156,287.1000061035156,287.79998779296875,287.0,287.6000061035156,74330000
1985-03-05,287.1000061035156,287.1000061035156,287.5,286.6000061035156,287.29998779296875,78170000
1985-03-06,285.5,285.5,287.5,285.3999938964844,286.8999938964844,77640000
1985-03-07,283.20001220703125,283.20001220703125,285.3999938964844,282.79998779296875,283.8999938964844,78390000
1985-03-08,282.3999938964844,282.3999938964844,283.20001220703125,282.20001220703125,282.3999938964844,78090000
1985-03-11,281.20001220703125,281.20001220703125,282.3999938964844,280.8999938964844,281.8999938964844,68960000
1985-03-12,281.3999938964844,281.3999938964844,281.5,280.6000061035156,280.8999938964844,71050000
1985-03-13,278.20001220703125,278.20001220703125,281.5,278.0,281.0,80220000
1985-03-14,277.5,277.5,278.20001220703125,276.8999938964844,277.0,72640000
1985-03-15,278.0,278.0,278.29998779296875,277.3999938964844,277.5,68930000
1985-03-18,277.1000061035156,277.1000061035156,278.5,277.1000061035156,278.29998779296875,68690000
1985-03-19,278.8999938964844,278.8999938964844,279.0,277.1000061035156,277.20001220703125,85720000
1985-03-20,278.79998779296875,278.79998779296875,279.3999938964844,278.20001220703125,279.0,87320000
1985-03-21,279.0,279.0,279.3999938964844,278.70001220703125,279.1000061035156,77900000
1985-03-22,278.8999938964844,278.8999938964844,279.6000061035156,278.70001220703125,279.29998779296875,83910000
1985-03-25,276.29998779296875,276.29998779296875,278.8999938964844,276.1000061035156,277.70001220703125,64310000
1985-03-26,276.20001220703125,276.20001220703125,276.3999938964844,275.6000061035156,276.29998779296875,70930000
1985-03-27,277.6000061035156,277.6000061035156,277.79998779296875,276.20001220703125,277.1000061035156,77710000
1985-03-28,278.20001220703125,278.20001220703125,278.6000061035156,277.6000061035156,278.29998779296875,78630000
1985-03-29,279.20001220703125,279.20001220703125,279.20001220703125,278.20001220703125,278.29998779296875,75670000
1985-04-01,280.29998779296875,280.29998779296875,280.3999938964844,279.20001220703125,279.5,67200000
1985-04-02,279.70001220703125,279.70001220703125,281.1000061035156,279.6000061035156,280.8999938964844,73260000
1985-04-03,277.8999938964844,277.8999938964844,279.79998779296875,277.5,279.29998779296875,77040000
1985-04-04,277.3999938964844,277.3999938964844,278.0,276.79998779296875,277.3999938964844,67350000
1985-04-08,276.5,276.5,277.8999938964844,276.29998779296875,277.0,63480000
1985-04-09,276.6000061035156,276.6000061035156,276.79998779296875,276.20001220703125,276.3999938964844,67420000
1985-04-10,278.79998779296875,278.79998779296875,279.0,276.6000061035156,277.70001220703125,77940000
1985-04-11,280.1000061035156,280.1000061035156,280.70001220703125,278.79998779296875,280.1000061035156,81650000
1985-04-12,280.6000061035156,280.6000061035156,280.70001220703125,280.1000061035156,280.3999938964844,70690000
1985-04-15,281.1000061035156,281.1000061035156,281.20001220703125,280.6000061035156,280.70001220703125,65110000
1985-04-16,282.29998779296875,282.29998779296875,282.29998779296875,281.1000061035156,281.6000061035156,75640000
1985-04-17,283.29998779296875,283.29998779296875,283.3999938964844,282.29998779296875,282.8999938964844,73800000
1985-04-18,283.1000061035156,283.1000061035156,284.0,283.0,283.8999938964844,75710000
1985-04-19,282.79998779296875,282.79998779296875,283.1000061035156,282.29998779296875,282.70001220703125,75570000
1985-04-22,281.79998779296875,281.79998779296875,282.79998779296875,281.20001220703125,282.3999938964844,63970000
1985-04-23,282.6000061035156,282.6000061035156,282.6000061035156,281.29998779296875,281.3999938964844,77720000
1985-04-24,283.1000061035156,283.1000061035156,283.3999938964844,282.6000061035156,283.1000061035156,64540000
1985-04-25,284.0,284.0,284.0,282.8999938964844,283.1000061035156,68520000
1985-04-26,284.1000061035156,284.1000061035156,284.79998779296875,284.0,284.70001220703125,67830000
1985-04-29,282.1000061035156,282.1000061035156,284.1000061035156,282.0,283.6000061035156,73130000
1985-04-30,280.6000061035156,280.6000061035156,282.1000061035156,279.79998779296875,281.1000061035156,78880000
1985-05-01,279.6000061035156,279.6000061035156,280.70001220703125,279.5,280.5,66020000
1985-05-02,279.0,279.0,279.6000061035156,278.79998779296875,279.29998779296875,65830000
1985-05-03,280.29998779296875,280.29998779296875,280.29998779296875,279.0,279.29998779296875,65590000
1985-05-06,279.8999938964844,279.8999938964844,280.5,279.70001220703125,280.3999938964844,59310000
1985-05-07,280.8999938964844,280.8999938964844,281.1000061035156,279.8999938964844,280.20001220703125,70940000
1985-05-08,281.1000061035156,281.1000061035156,281.1000061035156,280.5,280.8999938964844,76850000
1985-05-09,283.29998779296875,283.29998779296875,283.29998779296875,281.0,281.8999938964844,80740000
1985-05-10,287.5,287.5,287.5,283.29998779296875,285.29998779296875,95510000
1985-05-13,288.1000061035156,288.1000061035156,288.20001220703125,287.5,288.0,73380000
1985-05-14,287.70001220703125,287.70001220703125,288.6000061035156,287.1000061035156,288.3999938964844,85150000
1985-05-15,288.5,288.5,289.0,287.6000061035156,287.79998779296875,78300000
1985-05-16,289.79998779296875,289.79998779296875,289.79998779296875,288.29998779296875,288.70001220703125,74320000
1985-05-17,291.70001220703125,291.70001220703125,291.70001220703125,289.70001220703125,290.1000061035156,78350000
1985-05-20,294.5,294.5,294.70001220703125,294.0,294.0,93610000
1985-05-21,293.8999938964844,293.8999938964844,294.79998779296875,293.79998779296875,293.8999938964844,85270000
1985-05-22,293.0,293.0,294.20001220703125,292.6000061035156,293.29998779296875,78580000
1985-05-23,292.20001220703125,292.20001220703125,293.1000061035156,291.8999938964844,292.8999938964844,83570000
1985-05-24,292.1000061035156,292.1000061035156,292.20001220703125,291.6000061035156,291.79998779296875,60290000
1985-05-28,290.8999938964844,290.8999938964844,292.6000061035156,290.70001220703125,292.1000061035156,65440000
1985-05-29,290.6000061035156,290.6000061035156,291.0,290.29998779296875,290.70001220703125,74200000
1985-05-30,289.8999938964844,289.8999938964844,290.8999938964844,289.5,290.6000061035156,77010000
1985-05-31,290.79998779296875,290.79998779296875,290.79998779296875,289.79998779296875,289.8999938964844,85010000
1985-06-03,290.6000061035156,290.6000061035156,291.79998779296875,290.3999938964844,291.3999938964844,73390000
1985-06-04,291.0,291.0,291.1000061035156,290.1000061035156,290.29998779296875,72290000
1985-06-05,291.79998779296875,291.79998779296875,291.8999938964844,291.0,291.70001220703125,89120000
1985-06-06,291.8999938964844,291.8999938964844,291.8999938964844,290.8999938964844,291.1000061035156,81590000
1985-06-07,291.0,291.0,292.20001220703125,290.8999938964844,291.8999938964844,79160000
1985-06-10,290.70001220703125,290.70001220703125,291.1000061035156,290.1000061035156,290.5,64520000
1985-06-11,290.5,290.5,291.3999938964844,290.29998779296875,291.29998779296875,81400000
1985-06-12,289.70001220703125,289.70001220703125,290.70001220703125,289.6000061035156,290.1000061035156,74860000
1985-06-13,286.8999938964844,286.8999938964844,289.70001220703125,286.70001220703125,288.79998779296875,80180000
1985-06-14,288.0,288.0,288.0,286.79998779296875,286.8999938964844,74810000
1985-06-17,287.3999938964844,287.3999938964844,288.1000061035156,286.8999938964844,287.5,60260000
1985-06-18,287.8999938964844,287.8999938964844,288.1000061035156,287.29998779296875,287.8999938964844,82670000
1985-06-19,288.20001220703125,288.20001220703125,288.70001220703125,287.8999938964844,288.29998779296875,80280000
1985-06-20,287.3999938964844,287.3999938964844,288.29998779296875,287.0,287.79998779296875,76890000
1985-06-21,288.70001220703125,288.70001220703125,288.70001220703125,287.20001220703125,287.5,83950000
1985-06-24,290.0,290.0,290.1000061035156,288.20001220703125,288.3999938964844,65640000
1985-06-25,292.29998779296875,292.29998779296875,292.79998779296875,290.0,291.1000061035156,92420000
1985-06-26,293.3999938964844,293.3999938964844,293.3999938964844,292.29998779296875,293.0,91000000
1985-06-27,295.29998779296875,295.29998779296875,295.3999938964844,293.3999938964844,294.3999938964844,91360000
1985-06-28,296.20001220703125,296.20001220703125,296.20001220703125,295.29998779296875,295.6000061035156,86790000
1985-07-01,296.5,296.5,296.5,295.5,295.8999938964844,68530000
1985-07-02,296.8999938964844,296.8999938964844,297.29998779296875,296.3999938964844,297.0,80750000
1985-07-03,297.29998779296875,297.29998779296875,297.3999938964844,296.79998779296875,297.0,77840000
1985-07-05,298.6000061035156,298.6000061035156,298.70001220703125,297.29998779296875,297.79998779296875,43670000
1985-07-08,297.79998779296875,297.79998779296875,298.70001220703125,297.5,298.29998779296875,63570000
1985-07-09,297.20001220703125,297.20001220703125,298.0,296.70001220703125,297.70001220703125,75220000
1985-07-10,298.5,298.5,298.5,297.1000061035156,297.6000061035156,77150000
1985-07-11,300.5,300.5,300.5,298.5,299.5,87780000
1985-07-12,302.3999938964844,302.3999938964844,302.3999938964844,300.5,301.20001220703125,78650000
1985-07-15,303.0,303.0,303.20001220703125,301.79998779296875,302.0,69170000
1985-07-16,305.20001220703125,305.20001220703125,305.20001220703125,303.0,303.70001220703125,84630000
1985-07-17,307.79998779296875,307.79998779296875,307.8999938964844,305.20001220703125,307.1000061035156,113800000
1985-07-18,306.8999938964844,306.8999938964844,307.8999938964844,306.70001220703125,307.20001220703125,94350000
1985-07-19,307.79998779296875,307.79998779296875,307.79998779296875,306.70001220703125,306.79998779296875,85710000
1985-07-22,306.79998779296875,306.79998779296875,307.79998779296875,306.29998779296875,306.8999938964844,69770000
1985-07-23,306.20001220703125,306.20001220703125,307.8999938964844,306.1000061035156,307.3999938964844,95330000
1985-07-24,303.70001220703125,303.70001220703125,305.3999938964844,302.8999938964844,305.0,93790000
1985-07-25,304.3999938964844,304.3999938964844,304.6000061035156,303.6000061035156,303.70001220703125,88630000
1985-07-26,304.6000061035156,304.6000061035156,304.6000061035156,304.20001220703125,304.5,84260000
1985-07-29,300.8999938964844,300.8999938964844,304.70001220703125,300.8999938964844,303.6000061035156,76340000
1985-07-30,300.6000061035156,300.6000061035156,300.8999938964844,300.1000061035156,300.6000061035156,77220000
1985-07-31,301.29998779296875,301.29998779296875,301.29998779296875,300.1000061035156,301.0,83280000
1985-08-01,304.0,304.0,304.1000061035156,301.20001220703125,302.6000061035156,90020000
1985-08-02,304.5,304.5,304.6000061035156,304.0,304.29998779296875,78560000
1985-08-05,302.1000061035156,302.1000061035156,304.5,301.79998779296875,303.20001220703125,75520000
1985-08-06,300.20001220703125,300.20001220703125,302.3999938964844,300.20001220703125,302.1000061035156,80050000
1985-08-07,298.20001220703125,298.20001220703125,300.20001220703125,298.0,298.6000061035156,78420000
1985-08-08,298.70001220703125,298.70001220703125,298.70001220703125,297.79998779296875,298.3999938964844,77690000
1985-08-09,299.1000061035156,299.1000061035156,299.20001220703125,298.6000061035156,299.1000061035156,71670000
1985-08-12,298.29998779296875,298.29998779296875,299.29998779296875,298.29998779296875,298.6000061035156,64360000
1985-08-13,297.0,297.0,298.3999938964844,296.79998779296875,298.20001220703125,80520000
1985-08-14,297.6000061035156,297.6000061035156,297.70001220703125,296.8999938964844,297.1000061035156,73000000
1985-08-15,297.6000061035156,297.6000061035156,298.29998779296875,297.29998779296875,298.20001220703125,82050000
1985-08-16,296.5,296.5,297.70001220703125,296.3999938964844,297.0,72960000
1985-08-19,295.6000061035156,295.6000061035156,296.5,295.6000061035156,296.20001220703125,65640000
1985-08-20,296.3999938964844,296.3999938964844,296.3999938964844,295.6000061035156,296.1000061035156,76390000
1985-08-21,297.70001220703125,297.70001220703125,297.70001220703125,296.3999938964844,296.8999938964844,82650000
1985-08-22,296.8999938964844,296.8999938964844,297.8999938964844,296.70001220703125,297.79998779296875,78180000
1985-08-23,296.70001220703125,296.70001220703125,296.8999938964844,296.5,296.79998779296875,70250000
1985-08-26,296.29998779296875,296.29998779296875,296.79998779296875,296.0,296.20001220703125,59200000
1985-08-27,296.0,296.0,296.29998779296875,295.6000061035156,295.79998779296875,67940000
1985-08-28,297.0,297.0,297.0,295.1000061035156,296.3999938964844,74320000
1985-08-29,297.29998779296875,297.29998779296875,297.29998779296875,296.8999938964844,297.1000061035156,71930000
1985-08-30,297.70001220703125,297.70001220703125,297.70001220703125,297.0,297.20001220703125,64680000
1985-09-03,296.6000061035156,296.6000061035156,297.70001220703125,296.20001220703125,297.29998779296875,65070000
1985-09-04,295.6000061035156,295.6000061035156,296.70001220703125,295.3999938964844,296.29998779296875,77410000
1985-09-05,295.29998779296875,295.29998779296875,295.70001220703125,295.0,295.20001220703125,70830000
1985-09-06,296.20001220703125,296.20001220703125,296.20001220703125,295.29998779296875,295.5,69820000
1985-09-09,296.1000061035156,296.1000061035156,296.29998779296875,295.6000061035156,295.70001220703125,64370000
1985-09-10,294.5,294.5,296.29998779296875,294.29998779296875,296.20001220703125,77160000
1985-09-11,291.3999938964844,291.3999938964844,294.5,291.1000061035156,293.3999938964844,71580000
1985-09-12,289.8999938964844,289.8999938964844,291.3999938964844,289.6000061035156,290.1000061035156,71550000
1985-09-13,287.20001220703125,287.20001220703125,289.8999938964844,286.8999938964844,289.29998779296875,71970000
1985-09-16,285.3999938964844,285.3999938964844,287.20001220703125,285.20001220703125,286.3999938964844,48240000
1985-09-17,281.1000061035156,281.1000061035156,285.3999938964844,280.79998779296875,285.0,74440000
1985-09-18,281.0,281.0,281.1000061035156,279.5,279.8999938964844,83350000
1985-09-19,283.6000061035156,283.6000061035156,283.6000061035156,281.0,281.70001220703125,81380000
1985-09-20,284.3999938964844,284.3999938964844,285.0,283.6000061035156,284.8999938964844,76220000
1985-09-23,286.1000061035156,286.1000061035156,286.20001220703125,284.29998779296875,285.8999938964844,72250000
1985-09-24,284.1000061035156,284.1000061035156,286.1000061035156,283.8999938964844,285.5,71130000
1985-09-25,281.79998779296875,281.79998779296875,284.1000061035156,281.5,283.29998779296875,57360000
1985-09-26,280.20001220703125,280.20001220703125,281.79998779296875,279.5,280.29998779296875,63720000
1985-09-30,280.29998779296875,280.29998779296875,280.70001220703125,279.79998779296875,280.5,67140000
1985-10-01,281.79998779296875,281.79998779296875,281.79998779296875,280.29998779296875,280.6000061035156,76580000
1985-10-02,281.20001220703125,281.20001220703125,282.5,281.0,282.1000061035156,82320000
1985-10-03,281.3999938964844,281.3999938964844,281.5,280.5,280.70001220703125,73650000
1985-10-04,280.5,280.5,281.3999938964844,280.1000061035156,280.6000061035156,73950000
1985-10-07,278.29998779296875,278.29998779296875,280.5,278.0,279.29998779296875,64320000
1985-10-08,277.0,277.0,278.29998779296875,276.6000061035156,277.29998779296875,72050000
1985-10-09,278.29998779296875,278.29998779296875,278.5,277.0,277.8999938964844,78100000
1985-10-10,279.3999938964844,279.3999938964844,279.3999938964844,277.79998779296875,277.8999938964844,77420000
1985-10-11,281.79998779296875,281.79998779296875,281.79998779296875,279.3999938964844,279.8999938964844,79110000
1985-10-14,284.29998779296875,284.29998779296875,284.29998779296875,281.79998779296875,282.5,61560000
1985-10-15,285.0,285.0,285.3999938964844,284.29998779296875,285.29998779296875,85680000
1985-10-16,286.70001220703125,286.70001220703125,286.70001220703125,284.8999938964844,285.70001220703125,87560000
1985-10-17,288.29998779296875,288.29998779296875,288.6000061035156,286.70001220703125,287.3999938964844,95470000
1985-10-18,288.3999938964844,288.3999938964844,288.70001220703125,288.0,288.6000061035156,90440000
1985-10-21,287.70001220703125,287.70001220703125,288.5,287.70001220703125,288.29998779296875,71400000
1985-10-22,288.5,288.5,288.70001220703125,287.5,287.79998779296875,78870000
1985-10-23,289.79998779296875,289.79998779296875,289.79998779296875,288.5,289.29998779296875,101100000
1985-10-24,290.6000061035156,290.6000061035156,290.8999938964844,289.79998779296875,290.3999938964844,95430000
1985-10-25,289.5,289.5,290.70001220703125,289.20001220703125,290.0,82920000
1985-10-28,289.20001220703125,289.20001220703125,289.5,288.6000061035156,288.70001220703125,65730000
1985-10-29,291.1000061035156,291.1000061035156,291.20001220703125,289.20001220703125,290.0,81700000
1985-10-30,292.29998779296875,292.29998779296875,292.29998779296875,291.1000061035156,291.79998779296875,98020000
1985-10-31,292.5,292.5,292.79998779296875,292.0,292.79998779296875,84960000
1985-11-01,294.1000061035156,294.1000061035156,294.20001220703125,292.5,293.0,90090000
1985-11-04,294.20001220703125,294.20001220703125,295.1000061035156,294.0,294.70001220703125,75340000
1985-11-05,295.29998779296875,295.29998779296875,295.29998779296875,295.1000061035156,295.29998779296875,87680000
1985-11-06,296.70001220703125,296.70001220703125,296.79998779296875,295.29998779296875,296.29998779296875,93500000
1985-11-07,297.5,297.5,297.6000061035156,296.70001220703125,297.3999938964844,88640000
1985-11-08,300.0,300.0,300.1000061035156,297.5,298.0,86760000
1985-11-11,302.29998779296875,302.29998779296875,302.3999938964844,300.0,300.5,80390000
1985-11-12,304.3999938964844,304.3999938964844,304.6000061035156,302.29998779296875,303.5,108300000
1985-11-13,303.8999938964844,303.8999938964844,304.6000061035156,303.6000061035156,304.0,93210000
1985-11-14,305.20001220703125,305.20001220703125,305.20001220703125,303.5,303.79998779296875,98040000
1985-11-15,306.20001220703125,306.20001220703125,306.5,305.20001220703125,305.79998779296875,95270000
1985-11-18,306.1000061035156,306.1000061035156,306.29998779296875,305.79998779296875,306.1000061035156,82210000
1985-11-19,306.8999938964844,306.8999938964844,307.29998779296875,306.1000061035156,307.0,101800000
1985-11-20,307.0,307.0,307.29998779296875,306.79998779296875,307.1000061035156,97600000
1985-11-21,309.29998779296875,309.29998779296875,309.29998779296875,307.0,308.1000061035156,119900000
1985-11-22,310.79998779296875,310.79998779296875,310.8999938964844,309.20001220703125,310.20001220703125,104200000
1985-11-25,309.79998779296875,309.79998779296875,311.0,309.3999938964844,310.1000061035156,83430000
1985-11-26,310.5,310.5,310.70001220703125,309.5,309.6000061035156,93630000
1985-11-27,313.0,313.0,313.0,310.3999938964844,311.6000061035156,103300000
1985-11-29,314.0,314.0,314.0,313.20001220703125,313.70001220703125,57590000
1985-12-02,313.0,313.0,314.3999938964844,312.70001220703125,313.8999938964844,85760000
1985-12-03,313.1000061035156,313.1000061035156,313.20001220703125,312.29998779296875,312.70001220703125,84540000
1985-12-04,316.70001220703125,316.70001220703125,316.70001220703125,313.1000061035156,313.8999938964844,117200000
1985-12-05,318.20001220703125,318.20001220703125,319.6000061035156,316.79998779296875,318.20001220703125,141500000
1985-12-06,316.6000061035156,316.6000061035156,318.20001220703125,316.3999938964844,316.6000061035156,110800000
1985-12-09,316.8999938964844,316.8999938964844,317.1000061035156,316.3999938964844,316.79998779296875,104800000
1985-12-10,317.29998779296875,317.29998779296875,317.5,316.6000061035156,316.79998779296875,111800000
1985-12-11,318.8999938964844,318.8999938964844,318.8999938964844,317.29998779296875,317.70001220703125,126500000
1985-12-12,320.6000061035156,320.6000061035156,320.70001220703125,318.8999938964844,320.3999938964844,117300000
1985-12-13,324.0,324.0,324.1000061035156,320.6000061035156,322.1000061035156,131700000
1985-12-16,325.20001220703125,325.20001220703125,325.6000061035156,324.0,324.70001220703125,115300000
1985-12-17,323.29998779296875,323.29998779296875,325.20001220703125,323.1000061035156,323.8999938964844,121000000
1985-12-18,322.5,322.5,323.3999938964844,322.20001220703125,323.20001220703125,115100000
1985-12-19,322.70001220703125,322.70001220703125,322.70001220703125,322.20001220703125,322.3999938964844,114900000
1985-12-20,323.1000061035156,323.1000061035156,323.29998779296875,322.5,322.79998779296875,115800000
1985-12-23,321.6000061035156,321.6000061035156,323.20001220703125,321.1000061035156,322.5,99410000
1985-12-24,320.20001220703125,320.20001220703125,321.6000061035156,319.70001220703125,320.3999938964844,64280000
1985-12-26,320.29998779296875,320.29998779296875,320.29998779296875,319.70001220703125,320.20001220703125,53900000
1985-12-27,322.79998779296875,322.79998779296875,322.79998779296875,320.79998779296875,321.79998779296875,74910000
1985-12-30,323.1000061035156,323.1000061035156,323.20001220703125,322.20001220703125,323.0,92820000
1985-12-31,324.8999938964844,324.8999938964844,324.8999938964844,323.20001220703125,323.6000061035156,112700000
1986-01-02,325.0,325.0,325.6000061035156,324.79998779296875,325.0,75810000
1986-01-03,325.70001220703125,325.70001220703125,325.70001220703125,324.79998779296875,325.20001220703125,89180000
1986-01-06,326.0,326.0,326.20001220703125,325.29998779296875,325.5,99240000
1986-01-07,329.70001220703125,329.70001220703125,329.79998779296875,326.0,327.5,127500000
1986-01-08,328.1000061035156,328.1000061035156,331.70001220703125,328.1000061035156,331.20001220703125,140000000
1986-01-09,323.0,323.0,327.8999938964844,322.1000061035156,325.5,119400000
1986-01-10,324.3999938964844,324.3999938964844,324.79998779296875,323.0,324.3999938964844,98500000
1986-01-13,324.20001220703125,324.20001220703125,324.29998779296875,323.6000061035156,323.79998779296875,89490000
1986-01-14,324.79998779296875,324.79998779296875,325.6000061035156,324.20001220703125,325.20001220703125,102900000
1986-01-15,328.20001220703125,328.20001220703125,328.20001220703125,324.70001220703125,325.8999938964844,118700000
1986-01-16,330.0,330.0,330.1000061035156,328.6000061035156,328.8999938964844,123900000
1986-01-17,330.70001220703125,330.70001220703125,331.1000061035156,330.0,330.29998779296875,112800000
1986-01-20,329.5,329.5,330.70001220703125,329.0,329.1000061035156,89430000
1986-01-21,328.5,328.5,330.0,328.0,329.5,110700000
1986-01-22,326.79998779296875,326.79998779296875,329.0,326.70001220703125,328.5,107600000
1986-01-23,326.70001220703125,326.70001220703125,326.79998779296875,325.70001220703125,325.8999938964844,111100000
1986-01-24,328.8999938964844,328.8999938964844,328.8999938964844,326.70001220703125,327.6000061035156,118300000
1986-01-27,330.20001220703125,330.20001220703125,330.29998779296875,328.79998779296875,329.3999938964844,110500000
1986-01-28,332.6000061035156,332.6000061035156,332.70001220703125,330.20001220703125,331.3999938964844,115400000
1986-01-29,334.70001220703125,334.70001220703125,335.79998779296875,332.70001220703125,334.79998779296875,132100000
1986-01-30,334.29998779296875,334.29998779296875,335.29998779296875,334.20001220703125,334.8999938964844,109000000
1986-01-31,335.79998779296875,335.79998779296875,335.79998779296875,333.8999938964844,334.3999938964844,109300000
1986-02-03,337.5,337.5,337.5,335.79998779296875,336.1000061035156,107600000
1986-02-04,337.8999938964844,337.8999938964844,339.20001220703125,337.20001220703125,338.6000061035156,125300000
1986-02-05,338.8999938964844,338.8999938964844,338.8999938964844,337.70001220703125,338.20001220703125,105300000
1986-02-06,340.79998779296875,340.79998779296875,340.8999938964844,338.79998779296875,339.70001220703125,119700000
1986-02-07,342.20001220703125,342.20001220703125,342.20001220703125,339.70001220703125,340.1000061035156,111100000
1986-02-10,344.0,344.0,344.1000061035156,342.20001220703125,343.20001220703125,107400000
1986-02-11,344.8999938964844,344.8999938964844,345.29998779296875,344.20001220703125,344.3999938964844,113300000
1986-02-12,346.29998779296875,346.29998779296875,346.29998779296875,344.8999938964844,345.5,122200000
1986-02-13,347.8999938964844,347.8999938964844,348.0,346.29998779296875,346.8999938964844,128600000
1986-02-14,350.20001220703125,350.20001220703125,350.20001220703125,347.8999938964844,348.79998779296875,122400000
1986-02-18,352.3999938964844,352.3999938964844,352.3999938964844,350.20001220703125,350.79998779296875,126000000
1986-02-19,352.1000061035156,352.1000061035156,353.29998779296875,352.0,353.20001220703125,136900000
1986-02-20,353.1000061035156,353.1000061035156,353.20001220703125,351.6000061035156,352.1000061035156,146700000
1986-02-21,355.6499938964844,355.6499938964844,355.6499938964844,355.6499938964844,355.6499938964844,146700000
1986-02-24,355.29998779296875,355.29998779296875,356.29998779296875,355.29998779296875,355.70001220703125,127900000
1986-02-25,354.8999938964844,354.8999938964844,355.6000061035156,354.0,355.3999938964844,118900000
1986-02-26,355.29998779296875,355.29998779296875,355.6000061035156,354.6000061035156,355.0,124200000
1986-02-27,358.1000061035156,358.1000061035156,358.1000061035156,355.29998779296875,355.8999938964844,124700000
1986-02-28,359.5,359.5,359.79998779296875,359.20001220703125,359.5,130600000
1986-03-03,359.79998779296875,359.79998779296875,360.5,359.5,360.0,119600000
1986-03-04,362.0,362.0,362.1000061035156,359.79998779296875,360.8999938964844,135000000
1986-03-05,359.79998779296875,359.79998779296875,361.0,359.1000061035156,360.0,117400000
1986-03-06,361.5,361.5,361.70001220703125,359.79998779296875,360.8999938964844,120300000
1986-03-07,362.20001220703125,362.20001220703125,362.5,361.5,362.3999938964844,125600000
1986-03-10,363.8999938964844,363.8999938964844,364.0,362.29998779296875,363.20001220703125,112900000
1986-03-11,367.3999938964844,367.3999938964844,367.5,363.8999938964844,365.29998779296875,134800000
1986-03-12,369.70001220703125,369.70001220703125,370.29998779296875,367.29998779296875,368.8999938964844,154900000
1986-03-13,370.3999938964844,370.3999938964844,370.3999938964844,368.70001220703125,369.29998779296875,140100000
1986-03-14,371.79998779296875,371.79998779296875,371.8999938964844,370.3999938964844,371.1000061035156,152200000
1986-03-17,370.0,370.0,371.8999938964844,369.20001220703125,370.20001220703125,129500000
1986-03-18,371.5,371.5,371.5,370.0,371.0,139500000
1986-03-19,371.70001220703125,371.70001220703125,372.70001220703125,371.5,372.3999938964844,136900000
1986-03-20,372.70001220703125,372.70001220703125,372.79998779296875,371.70001220703125,372.70001220703125,151400000
1986-03-21,372.6000061035156,372.6000061035156,373.6000061035156,372.20001220703125,373.1000061035156,132900000
1986-03-24,370.70001220703125,370.70001220703125,372.6000061035156,370.20001220703125,372.29998779296875,109600000
1986-03-25,369.29998779296875,369.29998779296875,370.79998779296875,368.8999938964844,369.79998779296875,110000000
1986-03-26,370.6000061035156,370.6000061035156,370.6000061035156,369.20001220703125,369.70001220703125,127100000
1986-03-27,373.29998779296875,373.29998779296875,373.5,370.6000061035156,372.29998779296875,136400000
1986-03-31,374.70001220703125,374.70001220703125,374.70001220703125,373.20001220703125,373.8999938964844,109800000
1986-04-01,374.20001220703125,374.20001220703125,375.79998779296875,373.8999938964844,375.79998779296875,125300000
1986-04-02,374.1000061035156,374.1000061035156,374.20001220703125,372.1000061035156,372.3999938964844,119900000
1986-04-03,374.5,374.5,376.1000061035156,374.1000061035156,375.1000061035156,119000000
1986-04-04,372.20001220703125,372.20001220703125,374.6000061035156,372.1000061035156,373.79998779296875,111700000
1986-04-07,369.1000061035156,369.1000061035156,372.29998779296875,368.0,370.0,107400000
1986-04-08,373.1000061035156,373.1000061035156,373.1000061035156,369.1000061035156,370.79998779296875,117900000
1986-04-09,374.20001220703125,374.20001220703125,375.20001220703125,373.1000061035156,374.6000061035156,131000000
1986-04-10,377.20001220703125,377.20001220703125,377.20001220703125,374.20001220703125,374.70001220703125,128500000
1986-04-11,378.8999938964844,378.8999938964844,379.29998779296875,377.20001220703125,379.20001220703125,129700000
1986-04-14,380.79998779296875,380.79998779296875,380.79998779296875,378.8999938964844,379.3999938964844,118100000
1986-04-15,381.70001220703125,381.70001220703125,381.70001220703125,380.29998779296875,381.1000061035156,125100000
1986-04-16,387.6000061035156,387.6000061035156,387.70001220703125,381.79998779296875,384.6000061035156,148900000
1986-04-17,390.0,390.0,390.1000061035156,387.70001220703125,388.79998779296875,156000000
1986-04-18,390.1000061035156,390.1000061035156,390.79998779296875,390.0,390.1000061035156,144700000
1986-04-21,391.0,391.0,391.29998779296875,390.0,390.3999938964844,129100000
1986-04-22,390.5,390.5,392.3999938964844,390.20001220703125,392.20001220703125,145400000
1986-04-23,389.1000061035156,389.1000061035156,390.5,388.29998779296875,389.3999938964844,125000000
1986-04-24,391.5,391.5,391.6000061035156,389.1000061035156,390.0,143100000
1986-04-25,392.29998779296875,392.29998779296875,392.5,391.5,392.29998779296875,133300000
1986-04-28,391.3999938964844,391.3999938964844,393.0,390.70001220703125,392.5,110200000
1986-04-29,389.20001220703125,389.20001220703125,392.0,388.79998779296875,391.5,124300000
1986-04-30,383.20001220703125,383.20001220703125,389.29998779296875,383.1000061035156,387.29998779296875,121000000
1986-05-01,381.70001220703125,381.70001220703125,383.20001220703125,381.5,383.20001220703125,114300000
1986-05-02,383.20001220703125,383.20001220703125,383.79998779296875,381.70001220703125,383.0,102600000
1986-05-05,386.0,386.0,386.1000061035156,383.20001220703125,384.29998779296875,99190000
1986-05-06,386.29998779296875,386.29998779296875,387.20001220703125,386.0,386.79998779296875,108500000
1986-05-07,385.29998779296875,385.29998779296875,386.29998779296875,384.0,385.79998779296875,116000000
1986-05-08,387.3999938964844,387.3999938964844,387.5,385.3999938964844,386.5,110500000
1986-05-09,389.1000061035156,389.1000061035156,389.1000061035156,386.79998779296875,387.29998779296875,115900000
1986-05-12,388.1000061035156,388.1000061035156,389.20001220703125,387.79998779296875,388.70001220703125,101500000
1986-05-13,386.70001220703125,386.70001220703125,388.20001220703125,386.0,387.29998779296875,107600000
1986-05-14,387.29998779296875,387.29998779296875,387.70001220703125,386.0,387.5,111900000
1986-05-15,385.6000061035156,385.6000061035156,387.6000061035156,385.3999938964844,387.5,108000000
1986-05-16,384.70001220703125,384.70001220703125,386.1000061035156,384.20001220703125,384.70001220703125,103800000
1986-05-19,383.70001220703125,383.70001220703125,385.0,383.6000061035156,384.20001220703125,92730000
1986-05-20,385.29998779296875,385.29998779296875,385.29998779296875,383.20001220703125,383.5,116600000
1986-05-21,386.1000061035156,386.1000061035156,386.70001220703125,385.20001220703125,386.6000061035156,137500000
1986-05-22,389.6000061035156,389.6000061035156,389.70001220703125,386.0,386.79998779296875,143900000
1986-05-23,391.8999938964844,391.8999938964844,392.0,389.6000061035156,390.8999938964844,115100000
1986-05-27,394.8999938964844,394.8999938964844,394.8999938964844,391.8999938964844,393.29998779296875,111800000
1986-05-28,397.20001220703125,397.20001220703125,397.20001220703125,395.0,396.6000061035156,131500000
1986-05-29,398.0,398.0,398.1000061035156,396.3999938964844,396.8999938964844,130400000
1986-05-30,400.20001220703125,400.20001220703125,400.3999938964844,398.0,398.79998779296875,133000000
1986-06-02,399.3999938964844,399.3999938964844,401.29998779296875,399.29998779296875,400.70001220703125,110600000
1986-06-03,399.5,399.5,399.5,398.29998779296875,398.6000061035156,120300000
1986-06-04,399.1000061035156,399.1000061035156,400.79998779296875,398.5,400.0,122700000
1986-06-05,400.0,400.0,400.0,399.1000061035156,399.3999938964844,125600000
1986-06-06,400.29998779296875,400.29998779296875,400.79998779296875,400.0,400.6000061035156,120600000
1986-06-09,394.70001220703125,394.70001220703125,400.3999938964844,394.6000061035156,398.79998779296875,115000000
1986-06-10,392.79998779296875,392.79998779296875,394.79998779296875,391.79998779296875,392.8999938964844,119800000
1986-06-11,395.3999938964844,395.3999938964844,395.5,392.79998779296875,393.70001220703125,124900000
1986-06-12,396.5,396.5,396.8999938964844,395.5,396.20001220703125,130100000
1986-06-13,399.6000061035156,399.6000061035156,399.70001220703125,396.6000061035156,398.20001220703125,139300000
1986-06-16,398.5,398.5,400.5,398.20001220703125,399.6000061035156,118400000
1986-06-17,396.29998779296875,396.29998779296875,399.3999938964844,396.20001220703125,398.8999938964844,119100000
1986-06-18,395.20001220703125,395.20001220703125,396.3999938964844,393.8999938964844,394.79998779296875,125400000
1986-06-19,396.3999938964844,396.3999938964844,397.0,395.20001220703125,395.8999938964844,111300000
1986-06-20,396.8999938964844,396.8999938964844,396.8999938964844,395.8999938964844,396.0,127600000
1986-06-23,396.79998779296875,396.79998779296875,397.5,396.5,396.8999938964844,113500000
1986-06-24,398.8999938964844,398.8999938964844,399.0,396.79998779296875,397.70001220703125,112900000
1986-06-25,402.20001220703125,402.20001220703125,402.6000061035156,399.6000061035156,401.5,124200000
1986-06-26,402.8999938964844,402.8999938964844,402.8999938964844,402.0,402.20001220703125,138300000
1986-06-27,403.6000061035156,403.6000061035156,403.6000061035156,402.8999938964844,403.1000061035156,128500000
1986-06-30,405.5,405.5,405.5,403.5,404.20001220703125,121300000
1986-07-01,407.6000061035156,407.6000061035156,407.79998779296875,405.5,407.0,132800000
1986-07-02,409.5,409.5,409.6000061035156,407.6000061035156,408.29998779296875,136300000
1986-07-03,411.20001220703125,411.20001220703125,411.20001220703125,409.5,410.0,104000000
1986-07-07,401.0,401.0,411.29998779296875,400.8999938964844,409.0,112100000
1986-07-08,390.70001220703125,390.70001220703125,400.8999938964844,389.79998779296875,394.20001220703125,137200000
1986-07-09,393.3999938964844,393.3999938964844,393.5,390.6000061035156,391.3999938964844,120200000
1986-07-10,392.0,392.0,394.70001220703125,390.8999938964844,393.20001220703125,107300000
1986-07-11,391.6000061035156,391.6000061035156,392.8999938964844,391.29998779296875,392.3999938964844,104600000
1986-07-14,384.79998779296875,384.79998779296875,391.6000061035156,384.6000061035156,388.1000061035156,108600000
1986-07-15,378.70001220703125,378.70001220703125,384.79998779296875,378.20001220703125,382.8999938964844,132700000
1986-07-16,379.70001220703125,379.70001220703125,380.79998779296875,378.70001220703125,380.0,115800000
1986-07-17,381.6000061035156,381.6000061035156,381.70001220703125,379.70001220703125,380.8999938964844,112200000
1986-07-18,381.1000061035156,381.1000061035156,381.79998779296875,379.6000061035156,380.3999938964844,110900000
1986-07-21,379.5,379.5,381.20001220703125,379.29998779296875,380.0,81760000
1986-07-22,379.8999938964844,379.8999938964844,380.3999938964844,379.1000061035156,379.5,95850000
1986-07-23,379.8999938964844,379.8999938964844,380.5,379.70001220703125,379.70001220703125,101600000
1986-07-24,378.70001220703125,378.70001220703125,380.70001220703125,378.70001220703125,380.1000061035156,113500000
1986-07-25,379.79998779296875,379.79998779296875,379.8999938964844,378.70001220703125,379.1000061035156,95040000
1986-07-28,374.79998779296875,374.79998779296875,380.1000061035156,374.6000061035156,379.79998779296875,89130000
1986-07-29,372.0,372.0,374.79998779296875,371.8999938964844,372.8999938964844,97720000
1986-07-30,370.79998779296875,370.79998779296875,372.1000061035156,369.1000061035156,370.70001220703125,103100000
1986-07-31,371.3999938964844,371.3999938964844,371.6000061035156,370.79998779296875,371.5,98640000
1986-08-01,370.70001220703125,370.70001220703125,372.70001220703125,370.6000061035156,372.5,99370000
1986-08-04,366.70001220703125,366.70001220703125,370.6000061035156,365.70001220703125,367.8999938964844,81420000
1986-08-05,366.79998779296875,366.79998779296875,367.6000061035156,366.6000061035156,366.8999938964844,101900000
1986-08-06,364.70001220703125,364.70001220703125,367.0,364.3999938964844,365.8999938964844,93740000
1986-08-07,365.1000061035156,365.1000061035156,365.6000061035156,364.3999938964844,364.8999938964844,101600000
1986-08-08,365.79998779296875,365.79998779296875,366.3999938964844,365.1000061035156,365.8999938964844,100100000
1986-08-11,369.8999938964844,369.8999938964844,370.0,365.8999938964844,367.70001220703125,94150000
1986-08-12,373.29998779296875,373.29998779296875,373.3999938964844,369.8999938964844,371.5,110600000
1986-08-13,376.8999938964844,376.8999938964844,377.1000061035156,373.29998779296875,374.6000061035156,121300000
1986-08-14,379.5,379.5,379.5,377.8999938964844,377.8999938964844,110800000
1986-08-15,380.20001220703125,380.20001220703125,380.29998779296875,379.3999938964844,379.3999938964844,98770000
1986-08-18,379.29998779296875,379.29998779296875,380.5,378.70001220703125,379.1000061035156,85400000
1986-08-19,378.79998779296875,378.79998779296875,379.3999938964844,378.29998779296875,378.70001220703125,111400000
1986-08-20,380.8999938964844,380.8999938964844,381.0,378.79998779296875,379.20001220703125,113900000
1986-08-21,381.20001220703125,381.20001220703125,382.29998779296875,380.79998779296875,381.6000061035156,111900000
1986-08-22,381.5,381.5,381.70001220703125,380.6000061035156,381.0,101300000
1986-08-25,379.29998779296875,379.29998779296875,381.6000061035156,379.20001220703125,379.79998779296875,74800000
1986-08-26,380.5,380.5,380.5,379.1000061035156,380.1000061035156,98840000
1986-08-27,381.70001220703125,381.70001220703125,381.70001220703125,380.5,381.6000061035156,103000000
1986-08-28,382.3999938964844,382.3999938964844,382.5,381.29998779296875,381.70001220703125,105000000
1986-08-29,382.8999938964844,382.8999938964844,383.20001220703125,382.29998779296875,383.0,82250000
1986-09-02,380.1000061035156,380.1000061035156,384.0,380.0,382.79998779296875,97580000
1986-09-03,378.8999938964844,378.8999938964844,380.20001220703125,378.20001220703125,379.0,97000000
1986-09-04,381.0,381.0,381.20001220703125,378.8999938964844,379.20001220703125,102500000
1986-09-05,378.3999938964844,378.3999938964844,381.5,378.20001220703125,380.6000061035156,111400000
1986-09-08,372.0,372.0,378.3999938964844,371.70001220703125,374.79998779296875,97240000
1986-09-09,369.6000061035156,369.6000061035156,372.70001220703125,369.29998779296875,372.1000061035156,120100000
1986-09-10,366.79998779296875,366.79998779296875,369.6000061035156,366.6000061035156,368.1000061035156,115600000
1986-09-11,353.29998779296875,353.29998779296875,366.79998779296875,353.29998779296875,362.79998779296875,138100000
1986-09-12,346.79998779296875,346.79998779296875,353.20001220703125,346.29998779296875,346.5,139800000
1986-09-15,345.8999938964844,345.8999938964844,347.70001220703125,345.20001220703125,347.3999938964844,102900000
1986-09-16,343.70001220703125,343.70001220703125,345.8999938964844,342.29998779296875,342.70001220703125,104900000
1986-09-17,346.8999938964844,346.8999938964844,347.3999938964844,343.70001220703125,345.3999938964844,105200000
1986-09-18,348.6000061035156,348.6000061035156,349.29998779296875,346.8999938964844,348.1000061035156,99960000
1986-09-19,349.3999938964844,349.3999938964844,349.5,347.79998779296875,348.29998779296875,104000000
1986-09-22,352.6000061035156,352.6000061035156,352.6000061035156,349.3999938964844,350.3999938964844,89030000
1986-09-23,353.3999938964844,353.3999938964844,353.79998779296875,352.5,353.6000061035156,109500000
1986-09-24,354.5,354.5,354.70001220703125,353.3999938964844,354.3999938964844,98110000
1986-09-25,351.5,351.5,354.79998779296875,350.29998779296875,354.5,102500000
1986-09-26,351.6000061035156,351.6000061035156,351.8999938964844,350.20001220703125,351.0,84590000
1986-09-29,347.79998779296875,347.79998779296875,351.6000061035156,347.1000061035156,348.8999938964844,82370000
1986-09-30,350.70001220703125,350.70001220703125,350.70001220703125,347.79998779296875,349.1000061035156,100800000
1986-10-01,352.29998779296875,352.29998779296875,352.8999938964844,351.20001220703125,352.5,102000000
1986-10-02,352.6000061035156,352.6000061035156,352.70001220703125,351.6000061035156,352.20001220703125,91590000
1986-10-03,352.79998779296875,352.79998779296875,354.0,352.20001220703125,353.5,98250000
1986-10-06,353.20001220703125,353.20001220703125,353.20001220703125,352.6000061035156,353.0,75450000
1986-10-07,352.3999938964844,352.3999938964844,353.70001220703125,352.1000061035156,352.3999938964844,86080000
1986-10-08,352.8999938964844,352.8999938964844,352.8999938964844,351.3999938964844,351.8999938964844,90040000
1986-10-09,353.1000061035156,353.1000061035156,353.8999938964844,352.79998779296875,353.6000061035156,93880000
1986-10-10,353.5,353.5,353.70001220703125,352.6000061035156,353.1000061035156,83590000
1986-10-13,354.1000061035156,354.1000061035156,354.1000061035156,353.1000061035156,353.3999938964844,45530000
1986-10-14,353.79998779296875,353.79998779296875,354.6000061035156,353.5,354.20001220703125,92240000
1986-10-15,355.70001220703125,355.70001220703125,355.70001220703125,353.70001220703125,354.5,103000000
1986-10-16,356.3999938964844,356.3999938964844,356.70001220703125,355.6000061035156,356.29998779296875,63830000
1986-10-17,355.70001220703125,355.70001220703125,356.6000061035156,355.29998779296875,355.70001220703125,91980000
1986-10-20,353.5,353.5,355.79998779296875,353.1000061035156,354.1000061035156,78460000
1986-10-21,353.1000061035156,353.1000061035156,353.79998779296875,352.3999938964844,353.0,88550000
1986-10-22,353.8999938964844,353.8999938964844,354.0,353.1000061035156,353.6000061035156,98110000
1986-10-23,356.20001220703125,356.20001220703125,356.20001220703125,353.8999938964844,354.79998779296875,123200000
1986-10-24,356.70001220703125,356.70001220703125,356.8999938964844,356.20001220703125,356.6000061035156,114500000
1986-10-27,356.6000061035156,356.6000061035156,356.8999938964844,355.70001220703125,356.1000061035156,93910000
1986-10-28,357.20001220703125,357.20001220703125,357.79998779296875,356.5,357.1000061035156,102400000
1986-10-29,358.5,358.5,358.5,356.8999938964844,357.29998779296875,106100000
1986-10-30,361.1000061035156,361.1000061035156,361.20001220703125,358.5,360.79998779296875,123500000
1986-10-31,360.79998779296875,360.79998779296875,361.6000061035156,360.0,361.3999938964844,106700000
1986-11-03,361.1000061035156,361.1000061035156,361.1000061035156,360.6000061035156,361.0,111200000
1986-11-04,361.8999938964844,361.8999938964844,362.0,360.6000061035156,361.20001220703125,140300000
1986-11-05,362.1000061035156,362.1000061035156,362.5,362.1000061035156,362.1000061035156,167200000
1986-11-06,361.20001220703125,361.20001220703125,362.29998779296875,360.6000061035156,362.0,112300000
1986-11-07,361.0,361.0,361.20001220703125,360.20001220703125,361.0,99320000
1986-11-10,360.0,360.0,361.1000061035156,359.29998779296875,359.6000061035156,100800000
1986-11-11,361.29998779296875,361.29998779296875,361.3999938964844,360.0,360.79998779296875,97330000
1986-11-12,361.20001220703125,361.20001220703125,362.0,360.70001220703125,361.3999938964844,108000000
1986-11-13,358.0,358.0,361.20001220703125,358.0,360.6000061035156,115300000
1986-11-14,358.5,358.5,358.6000061035156,357.5,358.1000061035156,102200000
1986-11-17,357.1000061035156,357.1000061035156,358.70001220703125,356.8999938964844,357.29998779296875,91310000
1986-11-18,352.6000061035156,352.6000061035156,357.29998779296875,352.5,356.79998779296875,118400000
1986-11-19,349.79998779296875,349.79998779296875,352.6000061035156,349.1000061035156,350.6000061035156,111200000
1986-11-20,352.20001220703125,352.20001220703125,352.20001220703125,349.79998779296875,351.0,114500000
1986-11-21,354.70001220703125,354.70001220703125,354.70001220703125,352.20001220703125,353.20001220703125,106800000
1986-11-24,356.1000061035156,356.1000061035156,356.6000061035156,354.6000061035156,355.8999938964844,96860000
1986-11-25,357.0,357.0,357.0,356.0,356.20001220703125,113800000
1986-11-26,358.20001220703125,358.20001220703125,358.20001220703125,356.8999938964844,357.3999938964844,106000000
1986-11-28,359.6000061035156,359.6000061035156,359.6000061035156,358.1000061035156,358.6000061035156,61950000
1986-12-01,357.8999938964844,357.8999938964844,359.6000061035156,356.79998779296875,357.3999938964844,97830000
1986-12-02,360.70001220703125,360.70001220703125,360.70001220703125,357.8999938964844,359.29998779296875,130900000
1986-12-03,363.0,363.0,363.3999938964844,360.70001220703125,361.79998779296875,134400000
1986-12-04,364.1000061035156,364.1000061035156,364.5,363.1000061035156,364.0,128000000
1986-12-05,363.0,363.0,364.70001220703125,362.6000061035156,364.5,133300000
1986-12-08,361.0,361.0,363.0,360.20001220703125,362.0,110600000
1986-12-09,359.0,359.0,361.1000061035156,358.8999938964844,360.1000061035156,116300000
1986-12-10,359.1000061035156,359.1000061035156,359.1000061035156,358.20001220703125,358.3999938964844,115200000
1986-12-11,357.70001220703125,357.70001220703125,359.3999938964844,357.1000061035156,358.8999938964844,123800000
1986-12-12,355.8999938964844,355.8999938964844,357.70001220703125,355.6000061035156,356.70001220703125,108400000
1986-12-15,353.0,353.0,355.8999938964844,352.5,353.6000061035156,115300000
1986-12-16,353.79998779296875,353.79998779296875,354.1000061035156,352.79998779296875,353.5,142300000
1986-12-17,352.29998779296875,352.29998779296875,353.8999938964844,352.0,353.6000061035156,127400000
1986-12-18,351.3999938964844,351.3999938964844,352.20001220703125,351.1000061035156,351.8999938964844,133000000
1986-12-19,352.20001220703125,352.20001220703125,352.20001220703125,351.0,351.6000061035156,129000000
1986-12-22,351.29998779296875,351.29998779296875,352.20001220703125,350.3999938964844,351.29998779296875,119800000
1986-12-23,348.79998779296875,348.79998779296875,351.6000061035156,348.29998779296875,350.6000061035156,148100000
1986-12-24,349.6000061035156,349.6000061035156,349.6000061035156,349.0,349.0,82120000
1986-12-26,349.8999938964844,349.8999938964844,350.0,349.5,349.70001220703125,44040000
1986-12-29,348.0,348.0,350.1000061035156,347.79998779296875,349.1000061035156,102000000
1986-12-30,347.29998779296875,347.29998779296875,348.1000061035156,347.0,347.3999938964844,126400000
1986-12-31,348.79998779296875,348.79998779296875,348.8999938964844,347.20001220703125,347.8999938964844,140700000
1987-01-02,353.20001220703125,353.20001220703125,353.20001220703125,348.79998779296875,351.29998779296875,63220000
1987-01-05,361.20001220703125,361.20001220703125,361.29998779296875,353.29998779296875,356.20001220703125,110600000
1987-01-06,366.0,366.0,366.0,361.20001220703125,364.20001220703125,137900000
1987-01-07,372.3999938964844,372.3999938964844,372.5,360.0,368.20001220703125,154500000
1987-01-08,377.5,377.5,377.6000061035156,372.5,375.29998779296875,157900000
1987-01-09,380.70001220703125,380.70001220703125,380.79998779296875,377.5,377.79998779296875,143800000
1987-01-12,385.5,385.5,385.5,380.70001220703125,382.0,152900000
1987-01-13,386.3999938964844,386.3999938964844,386.6000061035156,384.8999938964844,385.5,143400000
1987-01-14,390.0,390.0,390.0,386.3999938964844,387.29998779296875,172400000
1987-01-15,392.6000061035156,392.6000061035156,393.6000061035156,389.8999938964844,392.0,189500000
1987-01-16,389.8999938964844,389.8999938964844,392.70001220703125,389.0,389.8999938964844,156200000
1987-01-19,392.6000061035156,392.6000061035156,392.6000061035156,388.3999938964844,388.6000061035156,134000000
1987-01-20,392.1000061035156,392.1000061035156,394.6000061035156,391.70001220703125,393.5,182800000
1987-01-21,389.6000061035156,389.6000061035156,392.0,389.20001220703125,389.8999938964844,156500000
1987-01-22,393.20001220703125,393.20001220703125,393.20001220703125,388.6000061035156,389.0,162600000
1987-01-23,392.20001220703125,392.20001220703125,396.20001220703125,392.0,394.79998779296875,261900000
1987-01-26,388.0,388.0,392.20001220703125,387.6000061035156,388.70001220703125,115700000
1987-01-27,390.79998779296875,390.79998779296875,391.1000061035156,387.8999938964844,389.70001220703125,130900000
1987-01-28,392.0,392.0,392.1000061035156,390.70001220703125,390.79998779296875,152900000
1987-01-29,391.0,391.0,393.29998779296875,390.5,393.0,150700000
1987-01-30,392.1000061035156,392.1000061035156,392.1000061035156,389.79998779296875,390.1000061035156,154300000
1987-02-02,397.20001220703125,397.20001220703125,397.20001220703125,392.0,393.79998779296875,149100000
1987-02-03,399.3999938964844,399.3999938964844,399.3999938964844,397.20001220703125,398.6000061035156,172100000
1987-02-04,403.1000061035156,403.1000061035156,403.20001220703125,399.29998779296875,399.8999938964844,178100000
1987-02-05,405.6000061035156,405.6000061035156,406.29998779296875,403.1000061035156,405.29998779296875,186400000
1987-02-06,406.8999938964844,406.8999938964844,407.29998779296875,405.70001220703125,406.6000061035156,167300000
1987-02-09,405.79998779296875,405.79998779296875,407.0,405.29998779296875,406.3999938964844,139100000
1987-02-10,403.5,403.5,406.0,402.6000061035156,404.79998779296875,143200000
1987-02-11,408.29998779296875,408.29998779296875,408.29998779296875,403.5,404.6000061035156,149500000
1987-02-12,409.20001220703125,409.20001220703125,410.20001220703125,408.29998779296875,409.6000061035156,168000000
1987-02-13,412.5,412.5,412.6000061035156,408.8999938964844,409.20001220703125,154500000
1987-02-17,418.20001220703125,418.20001220703125,418.20001220703125,412.5,414.79998779296875,172000000
1987-02-18,417.1000061035156,417.1000061035156,418.79998779296875,416.29998779296875,418.79998779296875,195400000
1987-02-19,417.0,417.0,417.3999938964844,415.70001220703125,417.29998779296875,163200000
1987-02-20,417.20001220703125,417.20001220703125,417.29998779296875,416.1000061035156,416.3999938964844,155700000
1987-02-23,415.20001220703125,415.20001220703125,417.29998779296875,413.1000061035156,414.20001220703125,140100000
1987-02-24,417.3999938964844,417.3999938964844,417.6000061035156,414.8999938964844,415.0,133200000
1987-02-25,421.0,421.0,421.1000061035156,417.3999938964844,419.3999938964844,158000000
1987-02-26,422.8999938964844,422.8999938964844,423.29998779296875,420.6000061035156,421.3999938964844,155400000
1987-02-27,425.0,425.0,425.0,422.79998779296875,423.8999938964844,149400000
1987-03-02,423.8999938964844,423.8999938964844,426.3999938964844,423.79998779296875,425.0,134600000
1987-03-03,423.6000061035156,423.6000061035156,424.0,422.8999938964844,423.3999938964844,139900000
1987-03-04,426.70001220703125,426.70001220703125,426.79998779296875,423.5,425.3999938964844,155700000
1987-03-05,429.0,429.0,429.79998779296875,426.79998779296875,429.0,170400000
1987-03-06,429.5,429.5,429.6000061035156,428.20001220703125,428.29998779296875,148600000
1987-03-09,426.79998779296875,426.79998779296875,429.5,425.8999938964844,426.79998779296875,118900000
1987-03-10,429.3999938964844,429.3999938964844,429.3999938964844,426.5,427.8999938964844,141300000
1987-03-11,431.3999938964844,431.3999938964844,431.8999938964844,429.5,431.3999938964844,155800000
1987-03-12,432.5,432.5,432.6000061035156,431.0,431.29998779296875,156400000
1987-03-13,432.0,432.0,433.5,431.70001220703125,432.5,158300000
1987-03-16,430.8999938964844,430.8999938964844,432.1000061035156,430.1000061035156,430.29998779296875,131300000
1987-03-17,434.79998779296875,434.79998779296875,434.79998779296875,430.8999938964844,432.3999938964844,153900000
1987-03-18,434.8999938964844,434.8999938964844,437.29998779296875,434.5,436.29998779296875,160900000
1987-03-19,437.0,437.0,437.1000061035156,435.1000061035156,435.29998779296875,151000000
1987-03-20,439.6000061035156,439.6000061035156,439.8999938964844,437.0,439.1000061035156,172900000
1987-03-23,438.0,438.0,440.0,438.0,439.6000061035156,146300000
1987-03-24,438.1000061035156,438.1000061035156,438.29998779296875,436.3999938964844,437.1000061035156,165100000
1987-03-25,437.5,437.5,438.20001220703125,436.3999938964844,436.5,153000000
1987-03-26,438.70001220703125,438.70001220703125,439.29998779296875,437.5,438.20001220703125,156100000
1987-03-27,436.6000061035156,436.6000061035156,439.70001220703125,436.6000061035156,439.3999938964844,152400000
1987-03-30,427.1000061035156,427.1000061035156,436.79998779296875,426.8999938964844,427.8999938964844,141700000
1987-03-31,430.1000061035156,430.1000061035156,430.1000061035156,427.1000061035156,427.79998779296875,140500000
1987-04-01,428.29998779296875,428.29998779296875,429.8999938964844,424.6000061035156,426.29998779296875,143300000
1987-04-02,432.1000061035156,432.1000061035156,432.1000061035156,430.3999938964844,431.1000061035156,150200000
1987-04-03,437.3999938964844,437.3999938964844,437.3999938964844,432.1000061035156,433.29998779296875,170500000
1987-04-06,437.6000061035156,437.6000061035156,439.20001220703125,436.79998779296875,438.1000061035156,150700000
1987-04-07,434.0,434.0,437.8999938964844,434.0,437.5,169100000
1987-04-08,434.8999938964844,434.8999938964844,435.3999938964844,433.8999938964844,434.6000061035156,153700000
1987-04-09,432.0,432.0,435.29998779296875,431.1000061035156,433.8999938964844,158800000
1987-04-10,430.8999938964844,430.8999938964844,432.1000061035156,430.29998779296875,431.1000061035156,148300000
1987-04-13,423.70001220703125,423.70001220703125,430.8999938964844,423.70001220703125,427.79998779296875,134900000
1987-04-14,413.20001220703125,413.20001220703125,423.6000061035156,412.5,417.1000061035156,165400000
1987-04-15,416.0,416.0,416.5,413.20001220703125,415.6000061035156,145900000
1987-04-16,419.5,419.5,420.20001220703125,416.29998779296875,418.70001220703125,139000000
1987-04-20,417.70001220703125,417.70001220703125,420.29998779296875,417.6000061035156,418.79998779296875,110300000
1987-04-21,418.6000061035156,418.6000061035156,418.6000061035156,414.20001220703125,414.5,130900000
1987-04-22,418.20001220703125,418.20001220703125,420.1000061035156,418.0,419.8999938964844,133300000
1987-04-23,417.3999938964844,417.3999938964844,418.5,416.20001220703125,417.70001220703125,138100000
1987-04-24,412.6000061035156,412.6000061035156,417.3999938964844,412.3999938964844,415.8999938964844,130700000
1987-04-27,409.70001220703125,409.70001220703125,412.70001220703125,407.3999938964844,407.8999938964844,137700000
1987-04-28,411.8999938964844,411.8999938964844,412.5,409.70001220703125,412.20001220703125,130200000
1987-04-29,414.20001220703125,414.20001220703125,414.79998779296875,412.0,414.1000061035156,141000000
1987-04-30,417.79998779296875,417.79998779296875,417.8999938964844,414.20001220703125,415.6000061035156,145000000
1987-05-01,418.3999938964844,418.3999938964844,418.8999938964844,417.3999938964844,418.6000061035156,184300000
1987-05-04,418.5,418.5,418.79998779296875,417.20001220703125,418.6000061035156,122200000
1987-05-05,422.3999938964844,422.3999938964844,422.5,418.5,420.5,145300000
1987-05-06,422.3999938964844,422.3999938964844,423.3999938964844,421.70001220703125,422.70001220703125,174000000
1987-05-07,422.6000061035156,422.6000061035156,423.1000061035156,422.29998779296875,422.79998779296875,151800000
1987-05-08,423.20001220703125,423.20001220703125,423.5,422.5,423.29998779296875,136900000
1987-05-11,422.20001220703125,422.20001220703125,424.79998779296875,422.20001220703125,424.6000061035156,136700000
1987-05-12,420.5,420.5,420.6000061035156,419.70001220703125,420.5,141300000
1987-05-13,421.8999938964844,421.8999938964844,422.0,420.5,421.3999938964844,136100000
1987-05-14,422.70001220703125,422.70001220703125,423.0,421.8999938964844,422.20001220703125,138500000
1987-05-15,418.8999938964844,418.8999938964844,422.70001220703125,418.79998779296875,421.70001220703125,145700000
1987-05-18,413.5,413.5,415.20001220703125,412.0,415.20001220703125,129400000
1987-05-19,408.20001220703125,408.20001220703125,414.20001220703125,407.70001220703125,413.70001220703125,147100000
1987-05-20,406.6000061035156,406.6000061035156,407.20001220703125,404.5,404.70001220703125,145600000
1987-05-21,408.5,408.5,408.8999938964844,406.6000061035156,408.29998779296875,137100000
1987-05-22,407.3999938964844,407.3999938964844,409.1000061035156,407.1000061035156,408.3999938964844,112700000
1987-05-26,411.3999938964844,411.3999938964844,411.5,407.3999938964844,409.29998779296875,112800000
1987-05-27,412.6000061035156,412.6000061035156,412.8999938964844,411.3999938964844,411.8999938964844,121500000
1987-05-28,414.3999938964844,414.3999938964844,414.3999938964844,412.6000061035156,413.3999938964844,130900000
1987-05-29,416.5,416.5,416.79998779296875,414.3999938964844,416.6000061035156,133800000
1987-06-01,415.0,415.0,416.5,414.70001220703125,415.5,133100000
1987-06-02,413.6000061035156,413.6000061035156,415.1000061035156,413.5,414.29998779296875,130200000
1987-06-03,415.8999938964844,415.8999938964844,416.1000061035156,415.29998779296875,415.29998779296875,141000000
1987-06-04,417.3999938964844,417.3999938964844,417.5,415.79998779296875,415.8999938964844,152000000
1987-06-05,417.79998779296875,417.79998779296875,418.29998779296875,417.20001220703125,417.5,176200000
1987-06-08,419.3999938964844,419.3999938964844,419.3999938964844,417.29998779296875,417.79998779296875,117000000
1987-06-09,421.70001220703125,421.70001220703125,421.70001220703125,420.3999938964844,420.8999938964844,139300000
1987-06-10,422.79998779296875,422.79998779296875,424.29998779296875,422.6000061035156,423.20001220703125,172700000
1987-06-11,423.3999938964844,423.3999938964844,423.79998779296875,422.3999938964844,423.3999938964844,152600000
1987-06-12,425.3999938964844,425.3999938964844,425.70001220703125,424.3999938964844,425.0,161200000
1987-06-15,425.3999938964844,425.3999938964844,426.70001220703125,424.79998779296875,426.5,155500000
1987-06-16,427.5,427.5,427.6000061035156,424.8999938964844,425.20001220703125,170600000
1987-06-17,428.3999938964844,428.3999938964844,428.79998779296875,427.5,427.8999938964844,171000000
1987-06-18,429.0,429.0,429.0,427.3999938964844,428.1000061035156,158500000
1987-06-19,429.1000061035156,429.1000061035156,429.6000061035156,428.5,429.29998779296875,153600000
1987-06-22,429.29998779296875,429.29998779296875,429.8999938964844,428.8999938964844,429.3999938964844,132700000
1987-06-23,428.0,428.0,429.8999938964844,427.5,429.29998779296875,154300000
1987-06-24,427.29998779296875,427.29998779296875,428.5,426.8999938964844,428.3999938964844,140300000
1987-06-25,427.20001220703125,427.20001220703125,428.20001220703125,427.0,427.8999938964844,149800000
1987-06-26,426.70001220703125,426.70001220703125,427.20001220703125,425.5,426.5,145700000
1987-06-29,426.5,426.5,427.1000061035156,426.20001220703125,426.6000061035156,123200000
1987-06-30,424.70001220703125,424.70001220703125,426.79998779296875,423.8999938964844,426.1000061035156,144400000
1987-07-01,424.5,424.5,425.0,424.20001220703125,424.5,213800000
1987-07-02,425.8999938964844,425.8999938964844,426.20001220703125,425.1000061035156,425.3999938964844,186000000
1987-07-06,425.1000061035156,425.1000061035156,426.8999938964844,424.8999938964844,425.8999938964844,139400000
1987-07-07,424.6000061035156,424.6000061035156,425.79998779296875,424.20001220703125,425.3999938964844,195500000
1987-07-08,424.8999938964844,424.8999938964844,425.20001220703125,423.70001220703125,424.1000061035156,194900000
1987-07-09,425.6000061035156,425.6000061035156,426.5,425.0,425.79998779296875,153100000
1987-07-10,426.0,426.0,426.1000061035156,425.0,425.29998779296875,131900000
1987-07-13,426.5,426.5,426.79998779296875,425.1000061035156,425.5,127300000
1987-07-14,431.1000061035156,431.1000061035156,431.1000061035156,427.5,428.29998779296875,160200000
1987-07-15,431.20001220703125,431.20001220703125,432.1000061035156,430.0,430.8999938964844,153900000
1987-07-16,433.20001220703125,433.20001220703125,433.29998779296875,431.20001220703125,431.79998779296875,158600000
1987-07-17,434.1000061035156,434.1000061035156,434.5,433.20001220703125,434.1000061035156,152900000
1987-07-20,431.6000061035156,431.6000061035156,433.1000061035156,431.3999938964844,432.79998779296875,130300000
1987-07-21,429.3999938964844,429.3999938964844,431.79998779296875,429.20001220703125,431.3999938964844,156200000
1987-07-22,429.29998779296875,429.29998779296875,429.8999938964844,428.5,429.20001220703125,154100000
1987-07-23,427.6000061035156,427.6000061035156,429.5,426.8999938964844,428.70001220703125,153400000
1987-07-24,429.1000061035156,429.1000061035156,429.20001220703125,427.6000061035156,428.6000061035156,147300000
1987-07-27,428.8999938964844,428.8999938964844,429.29998779296875,428.3999938964844,428.6000061035156,112000000
1987-07-28,430.0,430.0,430.0,428.8999938964844,429.8999938964844,125900000
1987-07-29,431.20001220703125,431.20001220703125,431.20001220703125,430.0,430.29998779296875,136000000
1987-07-30,433.6000061035156,433.6000061035156,433.70001220703125,431.20001220703125,432.6000061035156,154200000
1987-07-31,434.8999938964844,434.8999938964844,434.8999938964844,433.5,434.0,142600000
1987-08-03,433.1000061035156,433.1000061035156,435.0,433.0,433.29998779296875,133500000
1987-08-04,432.79998779296875,432.79998779296875,433.29998779296875,431.20001220703125,432.3999938964844,140400000
1987-08-05,436.29998779296875,436.29998779296875,436.29998779296875,432.70001220703125,434.5,151800000
1987-08-06,440.79998779296875,440.79998779296875,440.79998779296875,436.79998779296875,437.1000061035156,149700000
1987-08-07,443.6000061035156,443.6000061035156,444.3999938964844,442.79998779296875,442.79998779296875,165300000
1987-08-10,446.29998779296875,446.29998779296875,446.29998779296875,443.5,443.79998779296875,130800000
1987-08-11,449.3999938964844,449.3999938964844,449.3999938964844,447.79998779296875,448.1000061035156,185400000
1987-08-12,449.20001220703125,449.20001220703125,450.29998779296875,448.6000061035156,448.79998779296875,172100000
1987-08-13,451.6000061035156,451.6000061035156,451.79998779296875,450.0,450.70001220703125,160200000
1987-08-14,451.6000061035156,451.6000061035156,451.6000061035156,450.0,450.3999938964844,147700000
1987-08-17,451.70001220703125,451.70001220703125,452.1000061035156,450.79998779296875,451.3999938964844,126300000
1987-08-18,446.79998779296875,446.79998779296875,450.0,446.1000061035156,449.8999938964844,147500000
1987-08-19,448.0,448.0,448.0,446.1000061035156,446.6000061035156,134100000
1987-08-20,452.79998779296875,452.79998779296875,452.79998779296875,448.79998779296875,449.79998779296875,158200000
1987-08-21,455.20001220703125,455.20001220703125,455.20001220703125,453.70001220703125,454.20001220703125,166200000
1987-08-24,453.79998779296875,453.79998779296875,454.20001220703125,453.3999938964844,453.79998779296875,144400000
1987-08-25,455.1000061035156,455.1000061035156,455.6000061035156,453.79998779296875,454.5,144600000
1987-08-26,455.29998779296875,455.29998779296875,455.79998779296875,454.79998779296875,455.1000061035156,151300000
1987-08-27,455.79998779296875,455.79998779296875,455.79998779296875,454.29998779296875,455.79998779296875,139700000
1987-08-28,453.29998779296875,453.29998779296875,455.0,453.0,453.79998779296875,153900000
1987-08-31,455.0,455.0,455.0,452.20001220703125,452.79998779296875,132900000
1987-09-01,452.5,452.5,456.29998779296875,452.5,455.5,173800000
1987-09-02,448.8999938964844,448.8999938964844,452.5,448.1000061035156,450.20001220703125,145500000
1987-09-03,448.3999938964844,448.3999938964844,450.79998779296875,447.20001220703125,450.3999938964844,147100000
1987-09-04,446.5,446.5,449.0,446.29998779296875,447.3999938964844,131600000
1987-09-08,437.6000061035156,437.6000061035156,443.0,436.0,442.5,145500000
1987-09-09,439.20001220703125,439.20001220703125,439.29998779296875,437.6000061035156,438.8999938964844,134300000
1987-09-10,443.5,443.5,443.5,442.0,442.0,158300000
1987-09-11,446.20001220703125,446.20001220703125,446.20001220703125,443.5,443.8999938964844,158200000
1987-09-14,445.5,445.5,445.79998779296875,444.8999938964844,445.70001220703125,130300000
1987-09-15,441.8999938964844,441.8999938964844,443.6000061035156,441.70001220703125,443.29998779296875,135500000
1987-09-16,440.8999938964844,440.8999938964844,442.6000061035156,440.79998779296875,441.6000061035156,141800000
1987-09-17,440.79998779296875,440.79998779296875,441.5,439.79998779296875,440.5,154600000
1987-09-18,440.8999938964844,440.8999938964844,441.8999938964844,440.6000061035156,440.79998779296875,151400000
1987-09-21,436.0,436.0,441.70001220703125,436.0,441.5,153900000
1987-09-22,437.8999938964844,437.8999938964844,437.8999938964844,434.8999938964844,435.0,157200000
1987-09-23,440.70001220703125,440.70001220703125,440.70001220703125,439.6000061035156,439.6000061035156,168300000
1987-09-24,441.20001220703125,441.20001220703125,442.3999938964844,440.8999938964844,441.8999938964844,121200000
1987-09-25,441.8999938964844,441.8999938964844,441.8999938964844,440.70001220703125,440.8999938964844,129800000
1987-09-28,442.29998779296875,442.29998779296875,444.0,441.8999938964844,443.3999938964844,137000000
1987-09-29,442.20001220703125,442.20001220703125,443.1000061035156,441.3999938964844,442.3999938964844,155100000
1987-09-30,444.29998779296875,444.29998779296875,444.29998779296875,441.5,441.5,162500000
1987-10-01,448.5,448.5,448.5,445.29998779296875,446.20001220703125,164800000
1987-10-02,451.6000061035156,451.6000061035156,451.6000061035156,448.5,449.70001220703125,163300000
1987-10-05,453.6000061035156,453.6000061035156,453.70001220703125,451.6000061035156,452.5,145700000
1987-10-06,447.5,447.5,451.8999938964844,447.5,451.79998779296875,158500000
1987-10-07,444.6000061035156,444.6000061035156,445.5,443.20001220703125,444.8999938964844,152000000
1987-10-08,440.0,440.0,445.5,439.0,444.5,157800000
1987-10-09,438.3999938964844,438.3999938964844,441.0,438.20001220703125,440.70001220703125,145300000
1987-10-12,433.0,433.0,434.3999938964844,431.3999938964844,434.3999938964844,117800000
1987-10-13,434.79998779296875,434.79998779296875,435.3999938964844,432.5,434.29998779296875,131800000
1987-10-14,428.29998779296875,428.29998779296875,432.79998779296875,427.6000061035156,432.3999938964844,145600000
1987-10-15,422.5,422.5,426.29998779296875,422.3999938964844,424.3999938964844,159800000
1987-10-16,406.29998779296875,406.29998779296875,418.6000061035156,406.20001220703125,418.3999938964844,195900000
1987-10-19,360.20001220703125,360.20001220703125,404.79998779296875,360.20001220703125,394.5,222900000
1987-10-20,327.79998779296875,327.79998779296875,351.3999938964844,326.6000061035156,351.3999938964844,284100000
1987-10-21,351.8999938964844,351.8999938964844,352.29998779296875,343.70001220703125,343.70001220703125,288100000
1987-10-22,336.1000061035156,336.1000061035156,341.79998779296875,335.70001220703125,339.8999938964844,249800000
1987-10-23,328.5,328.5,331.1000061035156,328.0,330.20001220703125,177000000
1987-10-26,298.8999938964844,298.8999938964844,312.79998779296875,298.8999938964844,312.79998779296875,190500000
1987-10-27,296.29998779296875,296.29998779296875,306.8999938964844,296.1000061035156,304.3999938964844,207300000
1987-10-28,291.8999938964844,291.8999938964844,293.29998779296875,288.5,289.5,202200000
1987-10-29,307.1000061035156,307.1000061035156,307.20001220703125,296.8999938964844,297.1000061035156,205900000
1987-10-30,323.29998779296875,323.29998779296875,323.3999938964844,306.20001220703125,320.3999938964844,208100000
1987-11-02,328.29998779296875,328.29998779296875,328.5,324.20001220703125,325.3999938964844,138000000
1987-11-03,320.70001220703125,320.70001220703125,324.29998779296875,317.6000061035156,324.20001220703125,139200000
1987-11-04,320.1000061035156,320.1000061035156,321.1000061035156,316.1000061035156,317.8999938964844,123600000
1987-11-05,326.20001220703125,326.20001220703125,326.3999938964844,322.1000061035156,322.79998779296875,141000000
1987-11-06,326.3999938964844,326.3999938964844,328.79998779296875,326.20001220703125,327.3999938964844,141540000
1987-11-09,320.3999938964844,320.3999938964844,321.3999938964844,319.1000061035156,321.1000061035156,115500000
1987-11-10,315.20001220703125,315.20001220703125,316.0,314.6000061035156,314.8999938964844,139550000
1987-11-11,317.79998779296875,317.79998779296875,319.5,317.20001220703125,319.1000061035156,120700000
1987-11-12,324.0,324.0,324.79998779296875,322.79998779296875,323.3999938964844,150770000
1987-11-13,323.0,323.0,324.1000061035156,322.6000061035156,323.20001220703125,120190000
1987-11-16,322.3999938964844,322.3999938964844,325.70001220703125,321.70001220703125,325.20001220703125,111780000
1987-11-17,316.79998779296875,316.79998779296875,320.0,315.8999938964844,318.5,126830000
1987-11-18,318.20001220703125,318.20001220703125,318.79998779296875,315.79998779296875,317.3999938964844,126150000
1987-11-19,313.8999938964844,313.8999938964844,318.5,313.8999938964844,318.1000061035156,127980000
1987-11-20,312.5,312.5,313.8999938964844,309.70001220703125,311.1000061035156,126090000
1987-11-23,313.1000061035156,313.1000061035156,313.1000061035156,311.79998779296875,312.20001220703125,94070000
1987-11-24,316.70001220703125,316.70001220703125,317.5,315.1000061035156,315.6000061035156,128920000
1987-11-25,317.79998779296875,317.79998779296875,317.79998779296875,316.29998779296875,317.29998779296875,113250000
1987-11-27,316.5,316.5,317.79998779296875,316.29998779296875,317.20001220703125,64780000
1987-11-30,305.20001220703125,305.20001220703125,307.29998779296875,301.6000061035156,307.29998779296875,147450000
1987-12-01,305.20001220703125,305.20001220703125,307.29998779296875,304.6000061035156,306.3999938964844,111850000
1987-12-02,305.20001220703125,305.20001220703125,305.6000061035156,304.20001220703125,304.5,109080000
1987-12-03,298.79998779296875,298.79998779296875,303.8999938964844,298.6000061035156,303.3999938964844,129430000
1987-12-04,292.8999938964844,292.8999938964844,295.79998779296875,291.8999938964844,295.79998779296875,136530000
1987-12-07,294.79998779296875,294.79998779296875,294.8999938964844,292.8999938964844,293.70001220703125,118330000
1987-12-08,298.0,298.0,298.0,294.79998779296875,295.29998779296875,137730000
1987-12-09,302.0,302.0,302.0,298.0,299.3999938964844,82530000
1987-12-10,300.79998779296875,300.79998779296875,302.70001220703125,298.5,298.6000061035156,150020000
1987-12-11,302.6000061035156,302.6000061035156,302.6000061035156,300.70001220703125,301.29998779296875,118030000
1987-12-14,309.3999938964844,309.3999938964844,309.5,304.6000061035156,305.5,144970000
1987-12-15,312.70001220703125,312.70001220703125,312.70001220703125,309.29998779296875,312.20001220703125,153250000
1987-12-16,319.29998779296875,319.29998779296875,319.3999938964844,311.8999938964844,312.0,149250000
1987-12-17,319.5,319.5,321.5,319.20001220703125,320.79998779296875,166810000
1987-12-18,326.8999938964844,326.8999938964844,327.0,320.0,321.79998779296875,149040000
1987-12-21,328.70001220703125,328.70001220703125,328.70001220703125,326.79998779296875,327.8999938964844,142830000
1987-12-22,327.29998779296875,327.29998779296875,327.70001220703125,325.3999938964844,326.29998779296875,149020000
1987-12-23,331.5,331.5,331.6000061035156,328.29998779296875,329.1000061035156,164080000
1987-12-24,333.20001220703125,333.20001220703125,333.20001220703125,331.29998779296875,332.20001220703125,82010000
1987-12-28,325.6000061035156,325.6000061035156,326.5,324.5,326.5,115520000
1987-12-29,325.5,325.5,325.70001220703125,324.1000061035156,325.1000061035156,120080000
1987-12-30,329.70001220703125,329.70001220703125,329.79998779296875,328.3999938964844,328.3999938964844,152920000
1987-12-31,330.5,330.5,330.5,327.20001220703125,327.70001220703125,160400000
1988-01-04,338.5,338.5,338.6000061035156,334.5,335.1000061035156,110820000
1988-01-05,344.1000061035156,344.1000061035156,345.79998779296875,343.5,344.20001220703125,149490000
1988-01-06,346.70001220703125,346.70001220703125,346.79998779296875,344.1000061035156,345.0,135580000
1988-01-07,349.70001220703125,349.70001220703125,349.70001220703125,344.79998779296875,345.79998779296875,137040000
1988-01-08,338.5,338.5,348.29998779296875,338.3999938964844,347.6000061035156,144060000
1988-01-11,336.20001220703125,336.20001220703125,336.29998779296875,332.5,333.20001220703125,128750000
1988-01-12,332.0,332.0,333.0,329.0,332.70001220703125,120350000
1988-01-13,332.70001220703125,332.70001220703125,333.3999938964844,329.79998779296875,330.29998779296875,115670000
1988-01-14,334.20001220703125,334.20001220703125,334.8999938964844,333.70001220703125,334.5,101510000
1988-01-15,340.1000061035156,340.1000061035156,341.5,340.0,340.6000061035156,134160000
1988-01-18,340.5,340.5,340.6000061035156,339.5,340.3999938964844,90990000
1988-01-19,340.3999938964844,340.3999938964844,341.1000061035156,338.8999938964844,339.6000061035156,107300000
1988-01-20,333.70001220703125,333.70001220703125,340.0,333.1000061035156,338.1000061035156,133500000
1988-01-21,334.29998779296875,334.29998779296875,334.79998779296875,332.1000061035156,332.5,124560000
1988-01-22,337.6000061035156,337.6000061035156,337.6000061035156,335.29998779296875,336.5,149160000
1988-01-25,340.5,340.5,340.79998779296875,337.6000061035156,338.5,106860000
1988-01-26,339.20001220703125,339.20001220703125,340.6000061035156,339.1000061035156,339.70001220703125,102910000
1988-01-27,339.79998779296875,339.79998779296875,340.79998779296875,339.29998779296875,340.6000061035156,113440000
1988-01-28,342.3999938964844,342.3999938964844,342.5,339.79998779296875,341.3999938964844,123670000
1988-01-29,344.70001220703125,344.70001220703125,344.70001220703125,342.3999938964844,343.79998779296875,135420000
1988-02-01,346.20001220703125,346.20001220703125,347.6000061035156,345.70001220703125,346.20001220703125,117620000
1988-02-02,347.20001220703125,347.20001220703125,347.20001220703125,345.1000061035156,345.5,113510000
1988-02-03,343.70001220703125,343.70001220703125,348.0,343.70001220703125,347.5,130350000
1988-02-04,344.70001220703125,344.70001220703125,345.20001220703125,343.5,344.6000061035156,121510000
1988-02-05,345.79998779296875,345.79998779296875,346.70001220703125,344.70001220703125,346.6000061035156,121130000
1988-02-08,344.5,344.5,345.79998779296875,343.5,343.70001220703125,120070000
1988-02-09,345.0,345.0,345.1000061035156,343.79998779296875,344.3999938964844,107210000
1988-02-10,349.29998779296875,349.29998779296875,349.5,345.0,346.5,128850000
1988-02-11,351.0,351.0,351.6000061035156,349.29998779296875,349.8999938964844,138900000
1988-02-12,353.29998779296875,353.29998779296875,353.29998779296875,352.29998779296875,352.29998779296875,112800000
1988-02-16,354.70001220703125,354.70001220703125,354.79998779296875,352.6000061035156,352.79998779296875,105060000
1988-02-17,355.29998779296875,355.29998779296875,356.79998779296875,354.70001220703125,356.5,132370000
1988-02-18,355.6000061035156,355.6000061035156,356.29998779296875,354.79998779296875,354.8999938964844,132410000
1988-02-19,357.1000061035156,357.1000061035156,357.20001220703125,355.3999938964844,355.70001220703125,128710000
1988-02-22,360.0,360.0,360.1000061035156,357.1000061035156,357.3999938964844,129210000
1988-02-23,361.1000061035156,361.1000061035156,361.1000061035156,359.79998779296875,360.79998779296875,129250000
1988-02-24,363.1000061035156,363.1000061035156,363.3999938964844,360.8999938964844,361.5,132960000
1988-02-25,363.6000061035156,363.6000061035156,366.5,363.0,364.79998779296875,154010000
1988-02-26,363.3999938964844,363.3999938964844,363.70001220703125,362.3999938964844,362.70001220703125,112060000
1988-02-29,367.0,367.0,367.0,363.3999938964844,363.70001220703125,124880000
1988-03-01,367.29998779296875,367.29998779296875,368.0,366.70001220703125,367.3999938964844,136830000
1988-03-02,370.3999938964844,370.3999938964844,370.6000061035156,369.20001220703125,369.5,146080000
1988-03-03,372.0,372.0,372.70001220703125,370.29998779296875,371.3999938964844,144210000
1988-03-04,373.3999938964844,373.3999938964844,373.3999938964844,370.3999938964844,371.8999938964844,141220000
1988-03-07,374.5,374.5,374.6000061035156,372.8999938964844,373.70001220703125,121980000
1988-03-08,376.8999938964844,376.8999938964844,377.6000061035156,374.5,375.70001220703125,159150000
1988-03-09,380.29998779296875,380.29998779296875,380.70001220703125,378.8999938964844,379.70001220703125,158670000
1988-03-10,376.79998779296875,376.79998779296875,382.0,376.70001220703125,381.70001220703125,160230000
1988-03-11,375.5,375.5,377.0,373.20001220703125,375.5,126600000
1988-03-14,376.70001220703125,376.70001220703125,376.70001220703125,375.5,376.3999938964844,108110000
1988-03-15,376.6000061035156,376.6000061035156,377.1000061035156,375.6000061035156,376.8999938964844,130430000
1988-03-16,378.5,378.5,378.6000061035156,376.20001220703125,377.0,141860000
1988-03-17,380.70001220703125,380.70001220703125,380.8999938964844,378.6000061035156,380.3999938964844,161050000
1988-03-18,381.6000061035156,381.6000061035156,382.6000061035156,380.70001220703125,381.70001220703125,189120000
1988-03-21,378.6000061035156,378.6000061035156,379.6000061035156,377.70001220703125,378.6000061035156,121870000
1988-03-22,379.79998779296875,379.79998779296875,379.8999938964844,378.6000061035156,379.1000061035156,121650000
1988-03-23,380.1000061035156,380.1000061035156,380.3999938964844,379.0,380.1000061035156,147140000
1988-03-24,375.6000061035156,375.6000061035156,379.1000061035156,374.6000061035156,377.6000061035156,148910000
1988-03-25,372.5,372.5,376.0,372.20001220703125,375.8999938964844,116480000
1988-03-28,370.3999938964844,370.3999938964844,370.5,368.70001220703125,369.0,109040000
1988-03-29,373.0,373.0,373.3999938964844,371.3999938964844,372.0,118230000
1988-03-30,371.79998779296875,371.79998779296875,374.29998779296875,371.79998779296875,373.70001220703125,121490000
1988-03-31,374.6000061035156,374.6000061035156,374.6000061035156,370.6000061035156,371.3999938964844,124530000
1988-04-04,371.8999938964844,371.8999938964844,374.6000061035156,371.5,373.70001220703125,95130000
1988-04-05,373.3999938964844,373.3999938964844,373.3999938964844,371.6000061035156,373.0,118620000
1988-04-06,377.70001220703125,377.70001220703125,377.70001220703125,373.29998779296875,373.79998779296875,137610000
1988-04-07,378.8999938964844,378.8999938964844,379.79998779296875,377.70001220703125,378.3999938964844,133520000
1988-04-08,381.79998779296875,381.79998779296875,381.8999938964844,378.8999938964844,379.79998779296875,134450000
1988-04-11,382.5,382.5,383.20001220703125,381.6000061035156,381.8999938964844,122850000
1988-04-12,383.3999938964844,383.3999938964844,383.5,382.29998779296875,382.6000061035156,123380000
1988-04-13,383.3999938964844,383.3999938964844,384.29998779296875,382.0,382.8999938964844,130220000
1988-04-14,374.5,374.5,380.0,374.5,378.79998779296875,142050000
1988-04-15,373.8999938964844,373.8999938964844,374.5,369.79998779296875,371.3999938964844,130170000
1988-04-18,375.1000061035156,375.1000061035156,375.1000061035156,372.29998779296875,372.5,102010000
1988-04-19,376.8999938964844,376.8999938964844,379.1000061035156,376.1000061035156,377.0,128540000
1988-04-20,374.20001220703125,374.20001220703125,375.8999938964844,373.8999938964844,374.70001220703125,133540000
1988-04-21,373.20001220703125,373.20001220703125,375.79998779296875,372.79998779296875,375.1000061035156,142430000
1988-04-22,374.0,374.0,374.1000061035156,373.0,373.1000061035156,124360000
1988-04-25,375.29998779296875,375.29998779296875,375.6000061035156,374.1000061035156,374.3999938964844,105110000
1988-04-26,377.79998779296875,377.79998779296875,378.0,376.29998779296875,377.0,125730000
1988-04-27,378.70001220703125,378.70001220703125,378.8999938964844,377.79998779296875,378.70001220703125,122370000
1988-04-28,378.79998779296875,378.79998779296875,379.20001220703125,377.8999938964844,378.70001220703125,128810000
1988-04-29,379.20001220703125,379.20001220703125,379.20001220703125,377.0,377.70001220703125,121340000
1988-05-02,379.70001220703125,379.70001220703125,379.79998779296875,378.70001220703125,379.0,97810000
1988-05-03,382.20001220703125,382.20001220703125,382.70001220703125,379.70001220703125,380.70001220703125,131060000
1988-05-04,381.6000061035156,381.6000061035156,383.1000061035156,381.5,382.20001220703125,134210000
1988-05-05,379.5,379.5,380.5,379.20001220703125,379.8999938964844,121240000
1988-05-06,379.3999938964844,379.3999938964844,380.6000061035156,379.20001220703125,380.20001220703125,122740000
1988-05-09,376.29998779296875,376.29998779296875,378.3999938964844,375.70001220703125,377.70001220703125,100930000
1988-05-10,375.3999938964844,375.3999938964844,376.5,374.29998779296875,375.3999938964844,115330000
1988-05-11,369.20001220703125,369.20001220703125,369.8999938964844,368.3999938964844,369.79998779296875,118750000
1988-05-12,370.20001220703125,370.20001220703125,370.29998779296875,369.20001220703125,369.79998779296875,102730000
1988-05-13,372.5,372.5,372.5,371.20001220703125,372.20001220703125,104090000
1988-05-16,373.3999938964844,373.3999938964844,373.3999938964844,372.0,372.70001220703125,98240000
1988-05-17,372.29998779296875,372.29998779296875,376.20001220703125,372.29998779296875,374.20001220703125,124540000
1988-05-18,367.0,367.0,372.29998779296875,366.3999938964844,371.3999938964844,141870000
1988-05-19,366.29998779296875,366.29998779296875,367.0,362.79998779296875,363.20001220703125,144790000
1988-05-20,366.0,366.0,367.29998779296875,365.70001220703125,365.8999938964844,173610000
1988-05-23,363.29998779296875,363.29998779296875,366.0,362.3999938964844,364.20001220703125,120640000
1988-05-24,365.20001220703125,365.20001220703125,365.20001220703125,363.29998779296875,363.79998779296875,109730000
1988-05-25,365.70001220703125,365.70001220703125,366.3999938964844,365.1000061035156,366.1000061035156,116050000
1988-05-26,367.29998779296875,367.29998779296875,367.29998779296875,365.5,366.20001220703125,94670000
1988-05-27,366.70001220703125,366.70001220703125,367.29998779296875,366.20001220703125,366.5,87910000
1988-05-31,370.29998779296875,370.29998779296875,370.3999938964844,366.5,367.70001220703125,106400000
1988-06-01,374.79998779296875,374.79998779296875,375.0,372.70001220703125,372.70001220703125,136780000
1988-06-02,374.70001220703125,374.70001220703125,375.70001220703125,373.8999938964844,374.70001220703125,125750000
1988-06-03,376.8999938964844,376.8999938964844,377.1000061035156,374.70001220703125,375.20001220703125,119370000
1988-06-06,379.29998779296875,379.29998779296875,379.3999938964844,376.79998779296875,378.0,109970000
1988-06-07,379.29998779296875,379.29998779296875,380.3999938964844,378.79998779296875,379.79998779296875,140750000
1988-06-08,383.3999938964844,383.3999938964844,383.3999938964844,379.29998779296875,380.3999938964844,155800000
1988-06-09,384.6000061035156,384.6000061035156,384.70001220703125,382.8999938964844,383.8999938964844,143300000
1988-06-10,386.29998779296875,386.29998779296875,386.79998779296875,384.3999938964844,384.79998779296875,145320000
1988-06-13,386.79998779296875,386.79998779296875,386.8999938964844,385.6000061035156,385.79998779296875,128470000
1988-06-14,388.5,388.5,389.70001220703125,387.79998779296875,389.3999938964844,174860000
1988-06-15,389.1000061035156,389.1000061035156,389.1000061035156,387.6000061035156,387.6000061035156,160720000
1988-06-16,387.1000061035156,387.1000061035156,389.1000061035156,386.5,387.70001220703125,146080000
1988-06-17,386.8999938964844,386.8999938964844,387.8999938964844,386.5,387.79998779296875,146400000
1988-06-20,386.0,386.0,386.70001220703125,385.0,385.3999938964844,109700000
1988-06-21,387.79998779296875,387.79998779296875,387.79998779296875,385.8999938964844,386.5,154460000
1988-06-22,390.5,390.5,390.6000061035156,387.79998779296875,390.0,173950000
1988-06-23,391.0,391.0,391.1000061035156,390.29998779296875,390.3999938964844,164030000
1988-06-24,391.6000061035156,391.6000061035156,391.79998779296875,390.6000061035156,390.70001220703125,138470000
1988-06-27,389.0,389.0,391.6000061035156,388.8999938964844,390.29998779296875,102790000
1988-06-28,391.70001220703125,391.70001220703125,391.70001220703125,388.5,389.70001220703125,131230000
1988-06-29,391.70001220703125,391.70001220703125,392.8999938964844,390.79998779296875,392.79998779296875,147850000
1988-06-30,394.70001220703125,394.70001220703125,394.79998779296875,391.6000061035156,391.79998779296875,139990000
1988-07-01,394.70001220703125,394.70001220703125,395.1000061035156,394.0,394.20001220703125,117380000
1988-07-05,396.1000061035156,396.1000061035156,396.1000061035156,393.70001220703125,394.3999938964844,109020000
1988-07-06,395.5,395.5,397.5,395.1000061035156,396.8999938964844,147640000
1988-07-07,395.3999938964844,395.3999938964844,395.6000061035156,393.70001220703125,394.8999938964844,140790000
1988-07-08,394.29998779296875,394.29998779296875,395.3999938964844,393.8999938964844,394.79998779296875,126640000
1988-07-11,394.20001220703125,394.20001220703125,394.79998779296875,393.8999938964844,394.29998779296875,106610000
1988-07-12,393.5,393.5,394.70001220703125,392.0,394.1000061035156,132950000
1988-07-13,393.6000061035156,393.6000061035156,394.20001220703125,392.3999938964844,393.6000061035156,132720000
1988-07-14,394.70001220703125,394.70001220703125,394.70001220703125,393.29998779296875,393.79998779296875,138290000
1988-07-15,395.0,395.0,395.0,393.79998779296875,394.0,136380000
1988-07-18,394.79998779296875,394.79998779296875,395.20001220703125,393.5,395.0,122670000
1988-07-19,391.29998779296875,391.29998779296875,394.79998779296875,390.70001220703125,393.29998779296875,149980000
1988-07-20,391.6000061035156,391.6000061035156,392.0,390.70001220703125,391.0,141370000
1988-07-21,388.8999938964844,388.8999938964844,391.6000061035156,388.70001220703125,389.5,132760000
1988-07-22,387.3999938964844,387.3999938964844,388.8999938964844,386.20001220703125,387.79998779296875,203220000
1988-07-25,387.1000061035156,387.1000061035156,387.3999938964844,386.29998779296875,387.0,96960000
1988-07-26,385.79998779296875,385.79998779296875,387.1000061035156,385.5,386.29998779296875,111190000
1988-07-27,383.29998779296875,383.29998779296875,386.29998779296875,383.1000061035156,385.6000061035156,125970000
1988-07-28,384.1000061035156,384.1000061035156,384.1000061035156,382.1000061035156,382.3999938964844,116260000
1988-07-29,387.29998779296875,387.29998779296875,387.29998779296875,384.1000061035156,385.29998779296875,120830000
1988-08-01,388.0,388.0,388.5,387.29998779296875,387.6000061035156,105970000
1988-08-02,387.79998779296875,387.79998779296875,388.79998779296875,386.79998779296875,387.79998779296875,124470000
1988-08-03,388.5,388.5,388.5,387.20001220703125,387.6000061035156,123640000
1988-08-04,388.8999938964844,388.8999938964844,389.5,388.3999938964844,388.79998779296875,114650000
1988-08-05,387.70001220703125,387.70001220703125,388.8999938964844,387.3999938964844,388.20001220703125,106260000
1988-08-08,387.70001220703125,387.70001220703125,388.5,387.6000061035156,387.8999938964844,102460000
1988-08-09,384.20001220703125,384.20001220703125,387.8999938964844,383.29998779296875,385.20001220703125,127820000
1988-08-10,378.5,378.5,384.29998779296875,378.5,382.29998779296875,136660000
1988-08-11,379.1000061035156,379.1000061035156,379.5,378.1000061035156,378.79998779296875,132890000
1988-08-12,379.0,379.0,379.20001220703125,378.29998779296875,378.5,109200000
1988-08-15,374.1000061035156,374.1000061035156,379.0,373.8999938964844,377.3999938964844,112600000
1988-08-16,375.70001220703125,375.70001220703125,376.20001220703125,372.20001220703125,373.5,128920000
1988-08-17,376.20001220703125,376.20001220703125,377.1000061035156,375.1000061035156,377.0,123850000
1988-08-18,377.20001220703125,377.20001220703125,377.79998779296875,376.20001220703125,376.5,115770000
1988-08-19,377.3999938964844,377.3999938964844,378.1000061035156,376.79998779296875,377.70001220703125,118380000
1988-08-22,373.70001220703125,373.70001220703125,377.5,373.5,376.0,97680000
1988-08-23,373.5,373.5,373.8999938964844,372.6000061035156,373.29998779296875,110110000
1988-08-24,376.0,376.0,376.20001220703125,373.20001220703125,374.5,110070000
1988-08-25,374.0,374.0,374.1000061035156,374.0,374.1000061035156,102790000
1988-08-26,374.3999938964844,374.3999938964844,374.6000061035156,373.8999938964844,374.29998779296875,91610000
1988-08-29,376.20001220703125,376.20001220703125,376.3999938964844,374.3999938964844,375.5,83490000
1988-08-30,376.5,376.5,376.6000061035156,375.70001220703125,375.79998779296875,94550000
1988-08-31,376.6000061035156,376.6000061035156,377.5,375.1000061035156,376.6000061035156,117140000
1988-09-01,373.0,373.0,376.6000061035156,372.20001220703125,374.20001220703125,106380000
1988-09-02,376.5,376.5,376.70001220703125,373.0,374.70001220703125,96340000
1988-09-06,377.29998779296875,377.29998779296875,377.6000061035156,376.29998779296875,377.0,86990000
1988-09-07,378.0,378.0,378.29998779296875,376.8999938964844,378.0,117820000
1988-09-08,379.70001220703125,379.70001220703125,379.70001220703125,377.0,377.70001220703125,116620000
1988-09-09,381.6000061035156,381.6000061035156,381.79998779296875,378.5,378.5,124810000
1988-09-12,382.1000061035156,382.1000061035156,382.8999938964844,381.6000061035156,382.1000061035156,82510000
1988-09-13,382.3999938964844,382.3999938964844,382.3999938964844,381.0,381.20001220703125,99120000
1988-09-14,383.8999938964844,383.8999938964844,384.5,382.3999938964844,383.5,131060000
1988-09-15,382.70001220703125,382.70001220703125,384.0,382.6000061035156,383.6000061035156,113730000
1988-09-16,383.8999938964844,383.8999938964844,384.0,382.3999938964844,382.8999938964844,113490000
1988-09-19,383.3999938964844,383.3999938964844,384.0,381.5,382.5,99840000
1988-09-20,384.1000061035156,384.1000061035156,384.1000061035156,383.0,383.6000061035156,114660000
1988-09-21,384.8999938964844,384.8999938964844,385.0,384.0,384.29998779296875,99950000
1988-09-22,384.8999938964844,384.8999938964844,385.6000061035156,384.1000061035156,384.6000061035156,134260000
1988-09-23,385.0,385.0,385.20001220703125,384.0,384.29998779296875,141370000
1988-09-26,382.79998779296875,382.79998779296875,385.1000061035156,382.6000061035156,384.20001220703125,92750000
1988-09-27,382.20001220703125,382.20001220703125,382.8999938964844,382.1000061035156,382.5,103770000
1988-09-28,383.29998779296875,383.29998779296875,383.3999938964844,382.0,383.0,111720000
1988-09-29,386.1000061035156,386.1000061035156,386.1000061035156,383.29998779296875,384.5,121490000
1988-09-30,387.70001220703125,387.70001220703125,388.3999938964844,386.1000061035156,386.6000061035156,135440000
1988-10-03,384.5,384.5,387.70001220703125,383.3999938964844,384.70001220703125,107440000
1988-10-04,384.20001220703125,384.20001220703125,385.1000061035156,383.8999938964844,384.8999938964844,106220000
1988-10-05,384.5,384.5,384.6000061035156,383.1000061035156,383.6000061035156,131800000
1988-10-06,385.20001220703125,385.20001220703125,385.3999938964844,384.0,384.5,124210000
1988-10-07,385.70001220703125,385.70001220703125,385.70001220703125,384.1000061035156,384.3999938964844,154920000
1988-10-10,385.5,385.5,386.29998779296875,384.3999938964844,385.79998779296875,96830000
1988-10-11,385.29998779296875,385.29998779296875,386.0,384.0,385.6000061035156,120990000
1988-10-12,382.6000061035156,382.6000061035156,385.29998779296875,381.79998779296875,382.6000061035156,118420000
1988-10-13,383.5,383.5,383.70001220703125,381.79998779296875,383.5,112380000
1988-10-14,384.6000061035156,384.6000061035156,385.29998779296875,383.5,385.1000061035156,119120000
1988-10-17,385.0,385.0,385.29998779296875,384.3999938964844,384.8999938964844,99650000
1988-10-18,386.29998779296875,386.29998779296875,386.29998779296875,384.5,385.20001220703125,132330000
1988-10-19,385.79998779296875,385.79998779296875,388.20001220703125,385.3999938964844,387.70001220703125,142560000
1988-10-20,388.6000061035156,388.6000061035156,388.6000061035156,385.70001220703125,386.6000061035156,132680000
1988-10-21,388.6000061035156,388.6000061035156,388.6000061035156,387.70001220703125,387.8999938964844,138720000
1988-10-24,387.20001220703125,387.20001220703125,388.8999938964844,387.1000061035156,387.5,109630000
1988-10-25,386.1000061035156,386.1000061035156,387.3999938964844,385.70001220703125,386.6000061035156,111670000
1988-10-26,385.20001220703125,385.20001220703125,386.20001220703125,384.29998779296875,385.0,110410000
1988-10-27,381.79998779296875,381.79998779296875,385.20001220703125,380.70001220703125,382.29998779296875,122660000
1988-10-28,382.79998779296875,382.79998779296875,382.8999938964844,381.79998779296875,382.3999938964844,106010000
1988-10-31,382.5,382.5,382.8999938964844,381.20001220703125,381.6000061035156,97880000
1988-11-01,382.3999938964844,382.3999938964844,383.0,381.6000061035156,382.70001220703125,110350000
1988-11-02,381.79998779296875,381.79998779296875,382.3999938964844,380.79998779296875,381.3999938964844,121540000
1988-11-03,382.79998779296875,382.79998779296875,383.1000061035156,381.6000061035156,381.70001220703125,117140000
1988-11-04,381.0,381.0,382.79998779296875,380.70001220703125,382.0,105620000
1988-11-07,376.5,376.5,381.1000061035156,376.29998779296875,378.5,101420000
1988-11-08,378.79998779296875,378.79998779296875,379.1000061035156,376.5,377.8999938964844,113250000
1988-11-09,377.70001220703125,377.70001220703125,378.79998779296875,376.8999938964844,378.20001220703125,110400000
1988-11-10,378.3999938964844,378.3999938964844,378.5,377.3999938964844,377.3999938964844,105730000
1988-11-11,373.79998779296875,373.79998779296875,378.3999938964844,373.6000061035156,376.1000061035156,109680000
1988-11-14,372.3999938964844,372.3999938964844,374.0,371.6000061035156,371.79998779296875,100770000
1988-11-15,372.1000061035156,372.1000061035156,373.6000061035156,371.5,373.3999938964844,111880000
1988-11-16,367.79998779296875,367.79998779296875,372.29998779296875,367.6000061035156,370.0,127990000
1988-11-17,367.3999938964844,367.3999938964844,368.79998779296875,366.8999938964844,368.3999938964844,140150000
1988-11-18,367.6000061035156,367.6000061035156,367.8999938964844,366.70001220703125,366.79998779296875,103240000
1988-11-21,365.1000061035156,365.1000061035156,367.6000061035156,364.1000061035156,365.29998779296875,111930000
1988-11-22,365.3999938964844,365.3999938964844,365.3999938964844,364.0,365.20001220703125,117080000
1988-11-23,367.79998779296875,367.79998779296875,367.8999938964844,365.3999938964844,365.79998779296875,103660000
1988-11-25,366.3999938964844,366.3999938964844,367.70001220703125,365.70001220703125,366.1000061035156,50060000
1988-11-28,366.1000061035156,366.1000061035156,366.70001220703125,364.79998779296875,366.3999938964844,93800000
1988-11-29,368.20001220703125,368.20001220703125,368.20001220703125,365.8999938964844,366.3999938964844,104820000
1988-11-30,371.5,371.5,371.5,368.1000061035156,369.20001220703125,125340000
1988-12-01,373.8999938964844,373.8999938964844,374.0,371.20001220703125,372.1000061035156,123270000
1988-12-02,373.8999938964844,373.8999938964844,374.3999938964844,372.5,373.1000061035156,125020000
1988-12-05,375.6000061035156,375.6000061035156,376.1000061035156,373.8999938964844,374.8999938964844,118670000
1988-12-06,377.0,377.0,377.0,374.70001220703125,375.70001220703125,116060000
1988-12-07,376.3999938964844,376.3999938964844,377.20001220703125,376.1000061035156,377.0,122480000
1988-12-08,375.20001220703125,375.20001220703125,376.3999938964844,374.8999938964844,375.20001220703125,109870000
1988-12-09,375.20001220703125,375.20001220703125,375.6000061035156,374.79998779296875,375.0,113560000
1988-12-12,374.20001220703125,374.20001220703125,375.6000061035156,374.0,375.20001220703125,99220000
1988-12-13,373.0,373.0,374.20001220703125,372.5,373.3999938964844,114140000
1988-12-14,372.79998779296875,372.79998779296875,373.6000061035156,372.5,372.8999938964844,117740000
1988-12-15,373.0,373.0,373.5,372.5,373.29998779296875,111620000
1988-12-16,375.79998779296875,375.79998779296875,375.79998779296875,372.8999938964844,373.1000061035156,133140000
1988-12-19,376.3999938964844,376.3999938964844,376.5,375.5,375.6000061035156,131180000
1988-12-20,376.1000061035156,376.1000061035156,377.5,376.0,377.29998779296875,138500000
1988-12-21,375.6000061035156,375.6000061035156,376.29998779296875,374.8999938964844,376.1000061035156,137410000
1988-12-22,376.5,376.5,376.79998779296875,375.1000061035156,375.70001220703125,153140000
1988-12-23,377.29998779296875,377.29998779296875,377.3999938964844,376.5,376.70001220703125,77710000
1988-12-27,376.6000061035156,376.6000061035156,377.79998779296875,376.3999938964844,377.70001220703125,80780000
1988-12-28,376.79998779296875,376.79998779296875,376.79998779296875,375.6000061035156,376.5,105150000
1988-12-29,379.1000061035156,379.1000061035156,379.1000061035156,376.70001220703125,377.29998779296875,121140000
1988-12-30,381.3999938964844,381.3999938964844,381.3999938964844,378.8999938964844,379.6000061035156,136940000
1989-01-03,378.6000061035156,378.6000061035156,381.3999938964844,376.8999938964844,378.8999938964844,93660000
1989-01-04,382.79998779296875,382.79998779296875,382.8999938964844,378.6000061035156,379.29998779296875,121270000
1989-01-05,383.79998779296875,383.79998779296875,384.8999938964844,382.70001220703125,383.5,135040000
1989-01-06,384.70001220703125,384.70001220703125,384.79998779296875,383.79998779296875,384.3999938964844,123650000
1989-01-09,385.29998779296875,385.29998779296875,385.79998779296875,384.6000061035156,384.8999938964844,109930000
1989-01-10,384.6000061035156,384.6000061035156,385.6000061035156,384.0,385.5,113520000
1989-01-11,385.29998779296875,385.29998779296875,385.3999938964844,383.8999938964844,384.5,115770000
1989-01-12,387.0,387.0,387.5,385.29998779296875,385.79998779296875,135430000
1989-01-13,387.1000061035156,387.1000061035156,387.3999938964844,386.5,387.20001220703125,122860000
1989-01-16,387.3999938964844,387.3999938964844,388.1000061035156,386.70001220703125,387.0,105160000
1989-01-17,386.1000061035156,386.1000061035156,387.3999938964844,385.70001220703125,386.79998779296875,137760000
1989-01-18,388.8999938964844,388.8999938964844,389.0,385.5,386.0,140520000
1989-01-19,391.1000061035156,391.1000061035156,391.8999938964844,388.8999938964844,390.79998779296875,162300000
1989-01-20,391.70001220703125,391.70001220703125,392.1000061035156,390.79998779296875,391.1000061035156,152070000
1989-01-23,390.0,390.0,392.20001220703125,389.8999938964844,391.79998779296875,114020000
1989-01-24,392.0,392.0,392.20001220703125,389.79998779296875,390.1000061035156,132590000
1989-01-25,394.0,394.0,394.1000061035156,392.0,393.1000061035156,121590000
1989-01-26,397.1000061035156,397.1000061035156,397.1000061035156,393.3999938964844,393.8999938964844,141680000
1989-01-27,398.0,398.0,398.8999938964844,396.20001220703125,397.0,176200000
1989-01-30,399.20001220703125,399.20001220703125,399.20001220703125,397.8999938964844,398.5,123940000
1989-01-31,401.29998779296875,401.29998779296875,401.3999938964844,398.5,399.3999938964844,137050000
1989-02-01,403.20001220703125,403.20001220703125,403.20001220703125,401.5,401.79998779296875,152890000
1989-02-02,405.20001220703125,405.20001220703125,406.20001220703125,403.29998779296875,403.70001220703125,163790000
1989-02-03,406.3999938964844,406.3999938964844,406.3999938964844,404.6000061035156,405.3999938964844,143350000
1989-02-06,406.0,406.0,406.6000061035156,404.8999938964844,406.3999938964844,128290000
1989-02-07,409.20001220703125,409.20001220703125,409.70001220703125,405.8999938964844,406.79998779296875,156910000
1989-02-08,408.0,408.0,410.1000061035156,407.79998779296875,409.70001220703125,152730000
1989-02-09,406.3999938964844,406.3999938964844,408.29998779296875,405.8999938964844,406.5,146680000
1989-02-10,402.3999938964844,402.3999938964844,405.6000061035156,402.1000061035156,403.70001220703125,132730000
1989-02-13,401.29998779296875,401.29998779296875,402.0,400.29998779296875,400.6000061035156,114490000
1989-02-14,402.0,402.0,403.0,401.70001220703125,402.70001220703125,132880000
1989-02-15,404.20001220703125,404.20001220703125,404.20001220703125,401.8999938964844,402.5,123180000
1989-02-16,405.70001220703125,405.70001220703125,405.8999938964844,404.29998779296875,405.20001220703125,149250000
1989-02-17,407.20001220703125,407.20001220703125,407.79998779296875,405.5,405.79998779296875,114150000
1989-02-21,406.3999938964844,406.3999938964844,407.5,405.8999938964844,406.79998779296875,115230000
1989-02-22,402.5,402.5,406.0,401.3999938964844,405.0,129520000
1989-02-23,403.1000061035156,403.1000061035156,403.1000061035156,400.8999938964844,401.20001220703125,116860000
1989-02-24,400.0,400.0,403.1000061035156,399.70001220703125,402.8999938964844,122910000
1989-02-27,398.8999938964844,398.8999938964844,399.70001220703125,398.20001220703125,398.3999938964844,109400000
1989-02-28,399.70001220703125,399.70001220703125,400.3999938964844,399.0,399.20001220703125,122210000
1989-03-01,399.79998779296875,399.79998779296875,401.5,399.3999938964844,401.0,128730000
1989-03-02,402.5,402.5,402.6000061035156,400.0,400.5,129490000
1989-03-03,404.0,404.0,404.0,402.5,402.79998779296875,135990000
1989-03-06,406.29998779296875,406.29998779296875,406.29998779296875,404.5,405.20001220703125,122210000
1989-03-07,406.20001220703125,406.20001220703125,406.5,404.8999938964844,405.6000061035156,135930000
1989-03-08,406.3999938964844,406.3999938964844,407.3999938964844,405.70001220703125,406.0,150140000
1989-03-09,405.70001220703125,405.70001220703125,406.6000061035156,405.5,406.5,142060000
1989-03-10,405.8999938964844,405.8999938964844,405.8999938964844,404.20001220703125,404.29998779296875,133370000
1989-03-13,406.6000061035156,406.6000061035156,407.0,405.79998779296875,406.6000061035156,118380000
1989-03-14,406.0,406.0,407.20001220703125,405.70001220703125,406.79998779296875,137610000
1989-03-15,407.0,407.0,407.5,406.20001220703125,406.5,141230000
1989-03-16,409.5,409.5,409.79998779296875,407.0,407.3999938964844,150680000
1989-03-17,402.20001220703125,402.20001220703125,407.8999938964844,402.0,403.79998779296875,139350000
1989-03-20,398.5,398.5,401.79998779296875,397.79998779296875,400.5,119840000
1989-03-21,401.79998779296875,401.79998779296875,401.79998779296875,399.29998779296875,400.6000061035156,123730000
1989-03-22,400.6000061035156,400.6000061035156,401.6000061035156,399.70001220703125,401.0,136380000
1989-03-23,400.8999938964844,400.8999938964844,401.3999938964844,400.1000061035156,401.1000061035156,149180000
1989-03-27,400.6000061035156,400.6000061035156,401.0,400.1000061035156,400.3999938964844,98840000
1989-03-28,402.6000061035156,402.6000061035156,402.8999938964844,401.1000061035156,401.70001220703125,112550000
1989-03-29,403.70001220703125,403.70001220703125,403.70001220703125,402.29998779296875,403.20001220703125,122960000
1989-03-30,404.6000061035156,404.6000061035156,404.6000061035156,402.5,403.20001220703125,115610000
1989-03-31,406.70001220703125,406.70001220703125,406.79998779296875,404.79998779296875,405.6000061035156,125010000
1989-04-03,407.70001220703125,407.70001220703125,408.3999938964844,406.79998779296875,407.0,122530000
1989-04-04,407.20001220703125,407.20001220703125,407.6000061035156,406.5,407.0,139590000
1989-04-05,408.29998779296875,408.29998779296875,408.29998779296875,407.0,407.3999938964844,120750000
1989-04-06,408.20001220703125,408.20001220703125,408.3999938964844,407.0,407.8999938964844,114040000
1989-04-07,410.70001220703125,410.70001220703125,410.79998779296875,408.1000061035156,408.70001220703125,133580000
1989-04-10,411.1000061035156,411.1000061035156,411.3999938964844,410.3999938964844,411.20001220703125,109840000
1989-04-11,413.5,413.5,413.70001220703125,411.5,412.1000061035156,133270000
1989-04-12,415.70001220703125,415.70001220703125,416.1000061035156,414.0,414.6000061035156,161300000
1989-04-13,413.8999938964844,413.8999938964844,415.8999938964844,413.29998779296875,415.29998779296875,142990000
1989-04-14,417.70001220703125,417.70001220703125,417.70001220703125,414.70001220703125,415.8999938964844,144650000
1989-04-17,417.79998779296875,417.79998779296875,418.20001220703125,417.20001220703125,417.6000061035156,115220000
1989-04-18,420.70001220703125,420.70001220703125,420.79998779296875,418.70001220703125,419.70001220703125,153480000
1989-04-19,421.8999938964844,421.8999938964844,422.3999938964844,420.6000061035156,421.0,155010000
1989-04-20,421.5,421.5,422.29998779296875,419.6000061035156,421.6000061035156,141030000
1989-04-21,423.79998779296875,423.79998779296875,423.79998779296875,421.6000061035156,422.3999938964844,149470000
1989-04-24,423.20001220703125,423.20001220703125,423.6000061035156,422.6000061035156,423.0,98170000
1989-04-25,422.70001220703125,422.70001220703125,424.0,421.8999938964844,423.70001220703125,123650000
1989-04-26,423.3999938964844,423.3999938964844,423.3999938964844,422.5,422.5,136660000
1989-04-27,426.20001220703125,426.20001220703125,426.29998779296875,423.6000061035156,424.20001220703125,137410000
1989-04-28,427.6000061035156,427.6000061035156,427.6000061035156,425.6000061035156,426.29998779296875,129240000
1989-05-01,427.5,427.5,427.5,425.79998779296875,425.8999938964844,116720000
1989-05-02,428.0,428.0,428.70001220703125,427.3999938964844,427.6000061035156,140980000
1989-05-03,428.79998779296875,428.79998779296875,429.0,428.1000061035156,428.70001220703125,142490000
1989-05-04,429.20001220703125,429.20001220703125,430.1000061035156,428.70001220703125,429.0,146380000
1989-05-05,430.70001220703125,430.70001220703125,432.29998779296875,429.8999938964844,430.6000061035156,156070000
1989-05-08,429.29998779296875,429.29998779296875,430.79998779296875,428.1000061035156,430.5,129030000
1989-05-09,429.0,429.0,430.29998779296875,427.79998779296875,429.79998779296875,135650000
1989-05-10,429.6000061035156,429.6000061035156,429.70001220703125,428.5,428.8999938964844,129660000
1989-05-11,430.6000061035156,430.6000061035156,430.8999938964844,429.6000061035156,430.29998779296875,144990000
1989-05-12,434.79998779296875,434.79998779296875,434.8999938964844,432.0,434.29998779296875,166360000
1989-05-15,436.20001220703125,436.20001220703125,436.3999938964844,435.1000061035156,435.29998779296875,133660000
1989-05-16,435.70001220703125,435.70001220703125,436.20001220703125,434.6000061035156,435.79998779296875,143460000
1989-05-17,438.5,438.5,438.79998779296875,436.0,436.3999938964844,169990000
1989-05-18,439.79998779296875,439.79998779296875,439.79998779296875,438.3999938964844,438.5,163450000
1989-05-19,442.1000061035156,442.1000061035156,442.20001220703125,440.1000061035156,441.1000061035156,181960000
1989-05-22,441.79998779296875,441.79998779296875,443.20001220703125,441.0,442.6000061035156,124610000
1989-05-23,440.20001220703125,440.20001220703125,441.6000061035156,440.1000061035156,441.1000061035156,140960000
1989-05-24,441.5,441.5,441.5,439.29998779296875,439.8999938964844,122360000
1989-05-25,442.8999938964844,442.8999938964844,443.3999938964844,441.6000061035156,442.5,129160000
1989-05-26,445.20001220703125,445.20001220703125,445.20001220703125,443.0,443.6000061035156,116990000
1989-05-30,444.20001220703125,444.20001220703125,446.20001220703125,443.1000061035156,445.8999938964844,116130000
1989-05-31,446.20001220703125,446.20001220703125,446.20001220703125,443.79998779296875,444.3999938964844,123810000
1989-06-01,448.29998779296875,448.29998779296875,448.29998779296875,446.1000061035156,446.79998779296875,135870000
1989-06-02,451.6000061035156,451.6000061035156,451.70001220703125,448.5,449.79998779296875,163800000
1989-06-05,447.79998779296875,447.79998779296875,452.0,447.70001220703125,451.3999938964844,137730000
1989-06-06,448.0,448.0,448.79998779296875,446.6000061035156,447.79998779296875,142750000
1989-06-07,453.20001220703125,453.20001220703125,453.29998779296875,448.8999938964844,451.70001220703125,160220000
1989-06-08,454.0,454.0,454.6000061035156,453.5,454.1000061035156,155960000
1989-06-09,453.70001220703125,453.70001220703125,453.70001220703125,452.29998779296875,452.70001220703125,140440000
1989-06-12,453.3999938964844,453.3999938964844,453.6000061035156,451.5,453.0,125560000
1989-06-13,450.70001220703125,450.70001220703125,452.79998779296875,449.5,451.6000061035156,146950000
1989-06-14,450.6000061035156,450.6000061035156,451.6000061035156,449.79998779296875,451.0,131620000
1989-06-15,447.1000061035156,447.1000061035156,450.3999938964844,446.29998779296875,449.70001220703125,137500000
1989-06-16,447.20001220703125,447.20001220703125,447.20001220703125,445.29998779296875,446.29998779296875,132110000
1989-06-19,446.1000061035156,446.1000061035156,447.3999938964844,444.8999938964844,446.8999938964844,109590000
1989-06-20,444.6000061035156,444.6000061035156,446.8999938964844,444.6000061035156,446.6000061035156,137070000
1989-06-21,443.8999938964844,443.8999938964844,445.20001220703125,443.70001220703125,444.70001220703125,136400000
1989-06-22,445.29998779296875,445.29998779296875,445.29998779296875,443.5,443.70001220703125,132790000
1989-06-23,448.3999938964844,448.3999938964844,448.3999938964844,445.70001220703125,446.5,153150000
1989-06-26,447.29998779296875,447.29998779296875,449.0,447.20001220703125,448.6000061035156,109550000
1989-06-27,448.6000061035156,448.6000061035156,449.20001220703125,447.6000061035156,447.8999938964844,119020000
1989-06-28,444.8999938964844,444.8999938964844,448.20001220703125,444.0,447.6000061035156,127490000
1989-06-29,437.8999938964844,437.8999938964844,444.20001220703125,437.5,441.8999938964844,142030000
1989-06-30,435.29998779296875,435.29998779296875,437.8999938964844,431.70001220703125,436.1000061035156,137100000
1989-07-03,436.0,436.0,436.1000061035156,434.3999938964844,434.5,53200000
1989-07-05,436.8999938964844,436.8999938964844,437.1000061035156,435.0,435.5,94520000
1989-07-06,439.6000061035156,439.6000061035156,439.6000061035156,437.0,437.8999938964844,118050000
1989-07-07,442.3999938964844,442.3999938964844,443.1000061035156,439.79998779296875,440.0,120310000
1989-07-10,442.70001220703125,442.70001220703125,443.1000061035156,442.20001220703125,442.5,112740000
1989-07-11,444.5,444.5,444.8999938964844,443.29998779296875,444.29998779296875,142140000
1989-07-12,446.79998779296875,446.79998779296875,446.79998779296875,444.29998779296875,444.5,147260000
1989-07-13,447.8999938964844,447.8999938964844,448.0,446.3999938964844,446.5,130110000
1989-07-14,448.8999938964844,448.8999938964844,449.0,446.79998779296875,448.5,128850000
1989-07-17,449.8999938964844,449.8999938964844,450.0,448.20001220703125,449.0,107890000
1989-07-18,447.8999938964844,447.8999938964844,449.5,447.29998779296875,449.20001220703125,131880000
1989-07-19,451.20001220703125,451.20001220703125,451.20001220703125,448.3999938964844,448.8999938964844,159880000
1989-07-20,449.20001220703125,449.20001220703125,452.0,449.20001220703125,451.6000061035156,166620000
1989-07-21,449.29998779296875,449.29998779296875,449.79998779296875,447.79998779296875,448.20001220703125,144760000
1989-07-24,446.0,446.0,448.8999938964844,445.8999938964844,448.0,108060000
1989-07-25,446.5,446.5,448.5,445.8999938964844,447.29998779296875,127650000
1989-07-26,449.1000061035156,449.1000061035156,449.1000061035156,446.20001220703125,446.6000061035156,124470000
1989-07-27,452.5,452.5,452.6000061035156,449.79998779296875,450.5,140250000
1989-07-28,452.79998779296875,452.79998779296875,453.0,451.79998779296875,452.6000061035156,128900000
1989-07-31,453.79998779296875,453.79998779296875,453.79998779296875,451.8999938964844,452.29998779296875,111900000
1989-08-01,453.29998779296875,453.29998779296875,455.3999938964844,453.20001220703125,455.20001220703125,136880000
1989-08-02,454.1000061035156,454.1000061035156,454.1000061035156,452.3999938964844,453.0,130180000
1989-08-03,456.8999938964844,456.8999938964844,457.20001220703125,454.5,455.0,146010000
1989-08-04,457.3999938964844,457.3999938964844,457.79998779296875,455.3999938964844,456.6000061035156,133670000
1989-08-07,461.70001220703125,461.70001220703125,461.79998779296875,457.8999938964844,458.5,135250000
1989-08-08,463.29998779296875,463.29998779296875,463.3999938964844,461.5,462.5,160270000
1989-08-09,462.3999938964844,462.3999938964844,463.8999938964844,462.3999938964844,463.1000061035156,155690000
1989-08-10,463.6000061035156,463.6000061035156,464.0,461.0,461.5,134430000
1989-08-11,462.5,462.5,466.1000061035156,462.1000061035156,465.70001220703125,139260000
1989-08-14,460.0,460.0,462.0,459.79998779296875,461.20001220703125,144660000
1989-08-15,460.8999938964844,460.8999938964844,461.0,459.8999938964844,460.8999938964844,133490000
1989-08-16,460.79998779296875,460.79998779296875,462.20001220703125,460.20001220703125,462.0,129250000
1989-08-17,460.79998779296875,460.79998779296875,461.3999938964844,459.70001220703125,461.20001220703125,136320000
1989-08-18,462.0,462.0,462.1000061035156,460.70001220703125,461.3999938964844,134520000
1989-08-21,458.29998779296875,458.29998779296875,462.5,458.29998779296875,462.1000061035156,108620000
1989-08-22,458.3999938964844,458.3999938964844,458.3999938964844,456.5,457.1000061035156,119030000
1989-08-23,461.70001220703125,461.70001220703125,461.70001220703125,458.79998779296875,459.6000061035156,139690000
1989-08-24,465.8999938964844,465.8999938964844,466.0,462.0,463.0,144810000
1989-08-25,466.79998779296875,466.79998779296875,467.20001220703125,466.0,466.5,126730000
1989-08-28,467.20001220703125,467.20001220703125,467.20001220703125,465.5,466.20001220703125,100240000
1989-08-29,466.6000061035156,466.6000061035156,467.8999938964844,465.8999938964844,467.70001220703125,128610000
1989-08-30,468.29998779296875,468.29998779296875,468.5,466.6000061035156,466.79998779296875,121700000
1989-08-31,469.29998779296875,469.29998779296875,469.3999938964844,468.3999938964844,469.0,117760000
1989-09-01,471.29998779296875,471.29998779296875,471.5,469.6000061035156,469.8999938964844,113460000
1989-09-05,471.3999938964844,471.3999938964844,472.3999938964844,471.1000061035156,472.20001220703125,121140000
1989-09-06,469.29998779296875,469.29998779296875,471.1000061035156,467.6000061035156,469.70001220703125,136430000
1989-09-07,469.70001220703125,469.70001220703125,470.70001220703125,469.29998779296875,470.29998779296875,134000000
1989-09-08,471.29998779296875,471.29998779296875,471.5,468.3999938964844,470.0,130060000
1989-09-11,470.3999938964844,470.3999938964844,471.29998779296875,469.3999938964844,470.8999938964844,113490000
1989-09-12,471.8999938964844,471.8999938964844,472.1000061035156,470.3999938964844,470.70001220703125,151060000
1989-09-13,471.79998779296875,471.79998779296875,474.6000061035156,471.79998779296875,473.3999938964844,159940000
1989-09-14,468.79998779296875,468.79998779296875,471.79998779296875,468.70001220703125,471.1000061035156,142030000
1989-09-15,467.6000061035156,467.6000061035156,470.1000061035156,467.1000061035156,469.70001220703125,130920000
1989-09-18,466.8999938964844,466.8999938964844,467.3999938964844,466.0,467.1000061035156,105050000
1989-09-19,467.1000061035156,467.1000061035156,467.70001220703125,466.70001220703125,467.1000061035156,136710000
1989-09-20,466.70001220703125,466.70001220703125,467.6000061035156,466.20001220703125,467.29998779296875,137050000
1989-09-21,467.0,467.0,468.3999938964844,466.5,467.1000061035156,138620000
1989-09-22,468.1000061035156,468.1000061035156,468.20001220703125,466.5,467.1000061035156,148890000
1989-09-25,466.70001220703125,466.70001220703125,468.5,466.20001220703125,467.6000061035156,108090000
1989-09-26,467.79998779296875,467.79998779296875,468.3999938964844,466.70001220703125,466.8999938964844,123380000
1989-09-27,467.79998779296875,467.79998779296875,467.79998779296875,464.8999938964844,465.79998779296875,123180000
1989-09-28,471.1000061035156,471.1000061035156,471.20001220703125,468.20001220703125,468.8999938964844,133130000
1989-09-29,472.8999938964844,472.8999938964844,473.29998779296875,471.3999938964844,471.79998779296875,136380000
1989-10-02,475.20001220703125,475.20001220703125,475.20001220703125,472.3999938964844,472.79998779296875,108950000
1989-10-03,477.29998779296875,477.29998779296875,477.29998779296875,475.3999938964844,476.0,151200000
1989-10-04,479.29998779296875,479.29998779296875,479.5,477.3999938964844,477.6000061035156,164360000
1989-10-05,480.70001220703125,480.70001220703125,481.5,478.6000061035156,479.8999938964844,151090000
1989-10-06,483.6000061035156,483.6000061035156,483.8999938964844,481.6000061035156,482.29998779296875,155990000
1989-10-09,485.70001220703125,485.70001220703125,485.79998779296875,482.70001220703125,483.5,84270000
1989-10-10,484.1000061035156,484.1000061035156,487.5,483.20001220703125,487.0,136960000
1989-10-11,482.20001220703125,482.20001220703125,483.6000061035156,480.70001220703125,483.1000061035156,133010000
1989-10-12,482.20001220703125,482.20001220703125,483.3999938964844,482.1000061035156,482.70001220703125,130960000
1989-10-13,467.29998779296875,467.29998779296875,482.70001220703125,467.29998779296875,482.5,167710000
1989-10-16,461.0,461.0,463.1000061035156,447.1000061035156,448.8999938964844,242840000
1989-10-17,459.8999938964844,459.8999938964844,460.79998779296875,456.29998779296875,460.20001220703125,161470000
1989-10-18,463.29998779296875,463.29998779296875,463.29998779296875,457.8999938964844,458.70001220703125,147650000
1989-10-19,470.79998779296875,470.79998779296875,470.79998779296875,463.79998779296875,465.79998779296875,173460000
1989-10-20,470.70001220703125,470.70001220703125,471.29998779296875,468.79998779296875,470.8999938964844,158160000
1989-10-23,467.20001220703125,467.20001220703125,471.1000061035156,467.1000061035156,470.70001220703125,117180000
1989-10-24,461.70001220703125,461.70001220703125,466.6000061035156,458.70001220703125,464.79998779296875,152480000
1989-10-25,462.8999938964844,462.8999938964844,464.29998779296875,462.1000061035156,462.8999938964844,132120000
1989-10-26,458.20001220703125,458.20001220703125,462.1000061035156,458.1000061035156,461.8999938964844,128730000
1989-10-27,452.79998779296875,452.79998779296875,458.3999938964844,451.79998779296875,457.0,132790000
1989-10-30,451.3999938964844,451.3999938964844,454.29998779296875,450.79998779296875,453.70001220703125,101070000
1989-10-31,455.6000061035156,455.6000061035156,455.79998779296875,451.79998779296875,452.8999938964844,128020000
1989-11-01,456.6000061035156,456.6000061035156,457.29998779296875,455.6000061035156,456.20001220703125,118620000
1989-11-02,453.1000061035156,453.1000061035156,456.0,452.20001220703125,454.70001220703125,136000000
1989-11-03,453.0,453.0,454.0,452.1000061035156,452.79998779296875,110470000
1989-11-06,448.0,448.0,453.0,448.0,452.79998779296875,111080000
1989-11-07,449.3999938964844,449.3999938964844,449.3999938964844,446.79998779296875,447.0,130550000
1989-11-08,454.1000061035156,454.1000061035156,454.5,450.29998779296875,452.5,137900000
1989-11-09,454.1000061035156,454.1000061035156,454.8999938964844,453.5,454.70001220703125,126790000
1989-11-10,456.20001220703125,456.20001220703125,456.3999938964844,454.6000061035156,455.20001220703125,109050000
1989-11-13,455.8999938964844,455.8999938964844,456.8999938964844,454.79998779296875,456.79998779296875,109200000
1989-11-14,454.0,454.0,456.3999938964844,453.1000061035156,456.0,123770000
1989-11-15,455.79998779296875,455.79998779296875,455.8999938964844,453.1000061035156,454.79998779296875,133010000
1989-11-16,455.29998779296875,455.29998779296875,456.70001220703125,454.29998779296875,456.5,146640000
1989-11-17,456.70001220703125,456.70001220703125,457.1000061035156,454.79998779296875,455.0,121390000
1989-11-20,455.70001220703125,455.70001220703125,457.79998779296875,454.0,457.20001220703125,114920000
1989-11-21,454.1000061035156,454.1000061035156,456.1000061035156,453.1000061035156,455.70001220703125,124230000
1989-11-22,455.1000061035156,455.1000061035156,455.5,453.79998779296875,454.0,139770000
1989-11-24,456.6000061035156,456.6000061035156,456.70001220703125,455.5,456.29998779296875,53670000
1989-11-27,456.20001220703125,456.20001220703125,457.70001220703125,455.79998779296875,457.5,108180000
1989-11-28,456.70001220703125,456.70001220703125,457.1000061035156,456.0,456.29998779296875,125340000
1989-11-29,455.79998779296875,455.79998779296875,456.6000061035156,455.0,456.20001220703125,122010000
1989-11-30,456.1000061035156,456.1000061035156,456.70001220703125,454.8999938964844,455.1000061035156,129600000
1989-12-01,457.1000061035156,457.1000061035156,457.8999938964844,456.3999938964844,456.6000061035156,138470000
1989-12-04,458.29998779296875,458.29998779296875,458.29998779296875,457.0,457.5,113780000
1989-12-05,458.6000061035156,458.6000061035156,459.3999938964844,457.79998779296875,459.0,132020000
1989-12-06,456.70001220703125,456.70001220703125,458.79998779296875,456.1000061035156,458.29998779296875,143950000
1989-12-07,456.29998779296875,456.29998779296875,457.3999938964844,455.6000061035156,456.6000061035156,143980000
1989-12-08,456.20001220703125,456.20001220703125,457.0,455.8999938964844,456.70001220703125,128140000
1989-12-11,452.3999938964844,452.3999938964844,455.79998779296875,451.1000061035156,454.6000061035156,133390000
1989-12-12,450.3999938964844,450.3999938964844,452.5,449.6000061035156,451.79998779296875,150540000
1989-12-13,451.1000061035156,451.1000061035156,451.5,450.1000061035156,450.5,184660000
1989-12-14,447.5,447.5,451.1000061035156,446.79998779296875,449.3999938964844,144260000
1989-12-15,443.79998779296875,443.79998779296875,448.0,441.70001220703125,446.29998779296875,144390000
1989-12-18,436.0,436.0,443.8999938964844,434.8999938964844,443.6000061035156,146700000
1989-12-19,434.3999938964844,434.3999938964844,435.70001220703125,431.79998779296875,434.29998779296875,163630000
1989-12-20,436.8999938964844,436.8999938964844,436.8999938964844,434.6000061035156,435.70001220703125,152430000
1989-12-21,441.1000061035156,441.1000061035156,441.1000061035156,437.29998779296875,438.20001220703125,164280000
1989-12-22,444.6000061035156,444.6000061035156,445.1000061035156,441.20001220703125,441.79998779296875,110230000
1989-12-26,445.29998779296875,445.29998779296875,445.6000061035156,444.3999938964844,444.8999938964844,74490000
1989-12-27,448.79998779296875,448.79998779296875,448.79998779296875,445.79998779296875,446.29998779296875,115310000
1989-12-28,450.0,450.0,450.0,448.20001220703125,448.6000061035156,128970000
1989-12-29,454.79998779296875,454.79998779296875,454.79998779296875,450.1000061035156,450.8999938964844,164110000
1990-01-02,459.29998779296875,459.29998779296875,459.29998779296875,452.70001220703125,452.8999938964844,110720000
1990-01-03,460.8999938964844,460.8999938964844,461.6000061035156,460.0,461.1000061035156,152660000
1990-01-04,459.3999938964844,459.3999938964844,460.79998779296875,456.8999938964844,460.3999938964844,147950000
1990-01-05,458.20001220703125,458.20001220703125,459.3999938964844,457.79998779296875,457.8999938964844,137230000
1990-01-08,458.70001220703125,458.70001220703125,458.70001220703125,456.5,457.1000061035156,115500000
1990-01-09,456.79998779296875,456.79998779296875,459.6000061035156,456.6000061035156,459.20001220703125,131130000
1990-01-10,450.70001220703125,450.70001220703125,456.29998779296875,450.6000061035156,455.1000061035156,143890000
1990-01-11,448.8999938964844,448.8999938964844,452.5,448.79998779296875,451.70001220703125,133000000
1990-01-12,439.70001220703125,439.70001220703125,446.6000061035156,439.29998779296875,442.70001220703125,143500000
1990-01-15,436.6000061035156,436.6000061035156,439.3999938964844,436.3999938964844,438.20001220703125,108060000
1990-01-16,440.20001220703125,440.20001220703125,440.20001220703125,432.1000061035156,432.8999938964844,147590000
1990-01-17,438.70001220703125,438.70001220703125,442.5,438.5,440.5,139150000
1990-01-18,437.5,437.5,437.79998779296875,435.6000061035156,436.20001220703125,136330000
1990-01-19,440.8999938964844,440.8999938964844,441.20001220703125,439.20001220703125,440.5,152170000
1990-01-22,431.8999938964844,431.8999938964844,440.70001220703125,431.70001220703125,439.70001220703125,130490000
1990-01-23,430.3999938964844,430.3999938964844,433.79998779296875,428.8999938964844,432.5,141440000
1990-01-24,425.70001220703125,425.70001220703125,427.20001220703125,419.79998779296875,419.8999938964844,163430000
1990-01-25,425.20001220703125,425.20001220703125,429.0,425.1000061035156,428.29998779296875,130500000
1990-01-26,421.29998779296875,421.29998779296875,425.8999938964844,419.5,424.20001220703125,136340000
1990-01-29,418.1000061035156,418.1000061035156,422.8999938964844,416.5,422.79998779296875,118590000
1990-01-30,410.70001220703125,410.70001220703125,417.5,410.0,416.20001220703125,160160000
1990-01-31,415.79998779296875,415.79998779296875,415.8999938964844,411.29998779296875,412.20001220703125,148000000
1990-02-01,417.79998779296875,417.79998779296875,417.8999938964844,416.20001220703125,416.79998779296875,135470000
1990-02-02,422.20001220703125,422.20001220703125,423.29998779296875,417.6000061035156,418.79998779296875,135020000
1990-02-05,424.70001220703125,424.70001220703125,424.79998779296875,422.3999938964844,422.8999938964844,108350000
1990-02-06,424.0,424.0,425.20001220703125,422.20001220703125,425.0,119700000
1990-02-07,426.79998779296875,426.79998779296875,426.8999938964844,421.79998779296875,422.0,149300000
1990-02-08,427.29998779296875,427.29998779296875,430.20001220703125,427.1000061035156,428.79998779296875,140030000
1990-02-09,428.79998779296875,428.79998779296875,429.1000061035156,427.5,428.70001220703125,125330000
1990-02-12,426.3999938964844,426.3999938964844,428.79998779296875,425.79998779296875,428.79998779296875,113030000
1990-02-13,425.79998779296875,425.79998779296875,427.0,423.8999938964844,425.29998779296875,127230000
1990-02-14,426.6000061035156,426.6000061035156,427.20001220703125,425.5,426.79998779296875,139540000
1990-02-15,429.6000061035156,429.6000061035156,429.70001220703125,425.8999938964844,426.29998779296875,152380000
1990-02-16,429.0,429.0,430.8999938964844,428.8999938964844,430.0,120220000
1990-02-20,423.79998779296875,423.79998779296875,427.8999938964844,421.79998779296875,425.3999938964844,108280000
1990-02-21,421.5,421.5,421.8999938964844,418.3999938964844,418.8999938964844,120100000
1990-02-22,422.79998779296875,422.79998779296875,425.1000061035156,422.20001220703125,422.6000061035156,134870000
1990-02-23,419.5,419.5,421.5,418.1000061035156,421.1000061035156,117220000
1990-02-26,421.0,421.0,421.0,418.70001220703125,419.5,114600000
1990-02-27,422.6000061035156,422.6000061035156,423.5,421.3999938964844,422.1000061035156,130850000
1990-02-28,425.79998779296875,425.79998779296875,425.79998779296875,422.6000061035156,423.29998779296875,129400000
1990-03-01,427.20001220703125,427.20001220703125,427.70001220703125,424.5,425.29998779296875,134240000
1990-03-02,431.0,431.0,431.0,427.6000061035156,428.20001220703125,132370000
1990-03-05,430.20001220703125,430.20001220703125,431.20001220703125,429.3999938964844,430.79998779296875,111000000
1990-03-06,432.29998779296875,432.29998779296875,432.6000061035156,428.6000061035156,429.29998779296875,139150000
1990-03-07,432.5,432.5,433.5,432.1000061035156,433.1000061035156,167550000
1990-03-08,436.5,436.5,436.6000061035156,432.6000061035156,433.6000061035156,145730000
1990-03-09,436.79998779296875,436.79998779296875,437.1000061035156,435.3999938964844,437.0,135120000
1990-03-12,436.6000061035156,436.6000061035156,436.6000061035156,435.0,435.29998779296875,103840000
1990-03-13,434.6000061035156,434.6000061035156,437.0,434.6000061035156,436.1000061035156,123620000
1990-03-14,436.20001220703125,436.20001220703125,436.3999938964844,434.5,435.70001220703125,122180000
1990-03-15,438.1000061035156,438.1000061035156,438.3999938964844,436.29998779296875,436.70001220703125,128680000
1990-03-16,442.20001220703125,442.20001220703125,443.1000061035156,439.6000061035156,440.3999938964844,176040000
1990-03-19,442.8999938964844,442.8999938964844,442.8999938964844,439.0,440.3999938964844,129400000
1990-03-20,440.1000061035156,440.1000061035156,443.29998779296875,439.70001220703125,443.20001220703125,142220000
1990-03-21,439.29998779296875,439.29998779296875,440.8999938964844,439.20001220703125,439.6000061035156,131080000
1990-03-22,434.5,434.5,439.29998779296875,433.20001220703125,439.20001220703125,146220000
1990-03-23,437.29998779296875,437.29998779296875,437.79998779296875,435.20001220703125,436.1000061035156,130740000
1990-03-26,438.79998779296875,438.79998779296875,440.0,438.1000061035156,438.79998779296875,96280000
1990-03-27,439.5,439.5,439.70001220703125,437.0,437.70001220703125,106910000
1990-03-28,436.70001220703125,436.70001220703125,439.20001220703125,435.70001220703125,437.0,132260000
1990-03-29,435.3999938964844,435.3999938964844,436.70001220703125,434.6000061035156,436.20001220703125,124190000
1990-03-30,435.5,435.5,436.0,433.20001220703125,434.70001220703125,126630000
1990-04-02,433.20001220703125,433.20001220703125,434.1000061035156,430.79998779296875,431.6000061035156,111380000
1990-04-03,437.70001220703125,437.70001220703125,437.70001220703125,434.0,434.70001220703125,134750000
1990-04-04,435.3999938964844,435.3999938964844,438.29998779296875,434.8999938964844,438.20001220703125,138380000
1990-04-05,433.4200134277344,433.4200134277344,433.4200134277344,433.4200134277344,433.4200134277344,134240000
1990-04-06,430.8999938964844,430.8999938964844,433.8999938964844,430.6000061035156,433.0,136570000
1990-04-09,430.20001220703125,430.20001220703125,431.20001220703125,429.8999938964844,430.6000061035156,112370000
1990-04-10,431.8999938964844,431.8999938964844,432.1000061035156,429.8999938964844,430.0,129500000
1990-04-11,433.5,433.5,433.79998779296875,432.29998779296875,432.6000061035156,133820000
1990-04-12,436.29998779296875,436.29998779296875,436.79998779296875,434.29998779296875,435.1000061035156,141410000
1990-04-16,436.70001220703125,436.70001220703125,438.5,436.20001220703125,438.3999938964844,124650000
1990-04-17,435.3999938964844,435.3999938964844,435.8999938964844,433.5,434.0,136450000
1990-04-18,431.5,431.5,436.1000061035156,431.29998779296875,435.5,149750000
1990-04-19,429.0,429.0,431.0,428.8999938964844,430.20001220703125,145640000
1990-04-20,425.79998779296875,425.79998779296875,429.79998779296875,424.8999938964844,429.70001220703125,150320000
1990-04-23,420.1000061035156,420.1000061035156,425.29998779296875,418.20001220703125,423.3999938964844,125990000
1990-04-24,419.20001220703125,419.20001220703125,422.29998779296875,418.70001220703125,421.70001220703125,126790000
1990-04-25,420.6000061035156,420.6000061035156,420.70001220703125,419.20001220703125,420.0,121710000
1990-04-26,421.1000061035156,421.1000061035156,422.0,419.3999938964844,421.70001220703125,115930000
1990-04-27,418.0,418.0,421.3999938964844,417.5,420.6000061035156,116010000
1990-04-30,420.1000061035156,420.1000061035156,420.1000061035156,417.0,417.5,105790000
1990-05-01,421.8999938964844,421.8999938964844,422.20001220703125,420.70001220703125,422.0,124130000
1990-05-02,423.6000061035156,423.6000061035156,423.6000061035156,422.29998779296875,422.79998779296875,143260000
1990-05-03,425.3999938964844,425.3999938964844,426.6000061035156,424.3999938964844,425.0,160850000
1990-05-04,428.6000061035156,428.6000061035156,428.6000061035156,425.70001220703125,427.3999938964844,136810000
1990-05-07,431.20001220703125,431.20001220703125,431.6000061035156,429.1000061035156,429.29998779296875,122690000
1990-05-08,431.79998779296875,431.79998779296875,431.8999938964844,430.70001220703125,431.1000061035156,133840000
1990-05-09,431.29998779296875,431.29998779296875,431.8999938964844,430.5,431.3999938964844,146630000
1990-05-10,433.20001220703125,433.20001220703125,433.5,431.1000061035156,431.79998779296875,142490000
1990-05-11,438.1000061035156,438.1000061035156,438.20001220703125,433.79998779296875,434.5,167560000
1990-05-14,441.6000061035156,441.6000061035156,443.1000061035156,438.79998779296875,440.20001220703125,177170000
1990-05-15,442.5,442.5,442.6000061035156,440.0,441.0,162330000
1990-05-16,442.8999938964844,442.8999938964844,442.8999938964844,440.3999938964844,442.29998779296875,152490000
1990-05-17,445.70001220703125,445.70001220703125,445.70001220703125,443.3999938964844,445.0,171410000
1990-05-18,448.29998779296875,448.29998779296875,448.5,445.0,446.0,191410000
1990-05-21,452.8999938964844,452.8999938964844,452.8999938964844,448.3999938964844,448.8999938964844,169470000
1990-05-22,453.8999938964844,453.8999938964844,455.6000061035156,452.20001220703125,455.20001220703125,190160000
1990-05-23,456.8999938964844,456.8999938964844,456.8999938964844,453.20001220703125,453.79998779296875,188740000
1990-05-24,458.29998779296875,458.29998779296875,458.8999938964844,457.1000061035156,457.5,174330000
1990-05-25,453.70001220703125,453.70001220703125,456.20001220703125,453.0,454.6000061035156,152190000
1990-05-29,457.5,457.5,457.6000061035156,453.70001220703125,454.1000061035156,134000000
1990-05-30,458.79998779296875,458.79998779296875,459.79998779296875,457.70001220703125,459.3999938964844,169350000
1990-05-31,459.0,459.0,460.0,457.5,458.20001220703125,157260000
1990-06-01,462.1000061035156,462.1000061035156,462.5,459.5,459.5,168060000
1990-06-04,465.6000061035156,465.6000061035156,465.6000061035156,460.5,462.79998779296875,142170000
1990-06-05,464.6000061035156,464.6000061035156,467.6000061035156,464.0,467.20001220703125,173460000
1990-06-06,465.0,465.0,465.20001220703125,463.20001220703125,463.3999938964844,156520000
1990-06-07,464.1000061035156,464.1000061035156,466.6000061035156,462.3999938964844,465.79998779296875,151040000
1990-06-08,460.8999938964844,460.8999938964844,463.70001220703125,459.29998779296875,463.1000061035156,137900000
1990-06-11,462.79998779296875,462.79998779296875,462.79998779296875,458.5,459.3999938964844,112220000
1990-06-12,466.6000061035156,466.6000061035156,466.6000061035156,463.0,464.70001220703125,163290000
1990-06-13,468.8999938964844,468.8999938964844,469.3999938964844,467.0,467.3999938964844,163550000
1990-06-14,467.1000061035156,467.1000061035156,468.5,465.79998779296875,467.79998779296875,155170000
1990-06-15,467.6000061035156,467.6000061035156,468.29998779296875,466.20001220703125,466.79998779296875,168500000
1990-06-18,460.79998779296875,460.79998779296875,467.0,460.5,465.70001220703125,157650000
1990-06-19,460.5,460.5,461.0,458.70001220703125,459.79998779296875,142980000
1990-06-20,460.79998779296875,460.79998779296875,462.29998779296875,459.6000061035156,462.0,148090000
1990-06-21,461.29998779296875,461.29998779296875,461.29998779296875,459.20001220703125,460.29998779296875,144290000
1990-06-22,459.29998779296875,459.29998779296875,462.8999938964844,459.29998779296875,462.70001220703125,167540000
1990-06-25,455.6000061035156,455.6000061035156,459.70001220703125,455.5,459.1000061035156,113560000
1990-06-26,455.3999938964844,455.3999938964844,458.1000061035156,455.20001220703125,457.6000061035156,131620000
1990-06-27,456.8999938964844,456.8999938964844,457.1000061035156,453.20001220703125,454.29998779296875,137450000
1990-06-28,460.3999938964844,460.3999938964844,460.5,457.5,458.3999938964844,148820000
1990-06-29,462.29998779296875,462.29998779296875,462.5,460.70001220703125,461.1000061035156,158810000
1990-07-02,462.0,462.0,462.3999938964844,461.29998779296875,461.6000061035156,114150000
1990-07-03,461.79998779296875,461.79998779296875,461.79998779296875,460.79998779296875,461.20001220703125,131020000
1990-07-05,459.20001220703125,459.20001220703125,461.3999938964844,458.29998779296875,460.0,97760000
1990-07-06,460.5,460.5,460.70001220703125,457.6000061035156,458.70001220703125,101400000
1990-07-09,461.70001220703125,461.70001220703125,462.20001220703125,460.6000061035156,461.29998779296875,118500000
1990-07-10,461.0,461.0,462.70001220703125,460.70001220703125,461.8999938964844,142270000
1990-07-11,463.8999938964844,463.8999938964844,463.8999938964844,460.29998779296875,460.5,159030000
1990-07-12,467.20001220703125,467.20001220703125,467.20001220703125,463.29998779296875,464.8999938964844,153700000
1990-07-13,468.3999938964844,468.3999938964844,470.29998779296875,467.0,467.6000061035156,160590000
1990-07-16,469.6000061035156,469.6000061035156,470.1000061035156,468.1000061035156,468.70001220703125,138070000
1990-07-17,464.5,464.5,470.0,463.8999938964844,469.5,167810000
1990-07-18,460.79998779296875,460.79998779296875,464.20001220703125,459.79998779296875,463.20001220703125,158990000
1990-07-19,458.20001220703125,458.20001220703125,458.8999938964844,455.29998779296875,457.20001220703125,182560000
1990-07-20,455.29998779296875,455.29998779296875,459.70001220703125,455.1000061035156,459.6000061035156,174580000
1990-07-23,444.6000061035156,444.6000061035156,454.6000061035156,441.29998779296875,451.79998779296875,168880000
1990-07-24,442.6000061035156,442.6000061035156,445.79998779296875,438.20001220703125,444.5,160500000
1990-07-25,445.5,445.5,445.79998779296875,442.8999938964844,444.3999938964844,141600000
1990-07-26,445.3999938964844,445.3999938964844,447.0,444.3999938964844,446.0,136060000
1990-07-27,442.6000061035156,442.6000061035156,445.3999938964844,442.20001220703125,444.20001220703125,121800000
1990-07-30,439.3999938964844,439.3999938964844,441.8999938964844,436.8999938964844,439.29998779296875,120440000
1990-07-31,438.20001220703125,438.20001220703125,440.0,436.79998779296875,439.29998779296875,135150000
1990-08-01,435.8999938964844,435.8999938964844,438.6000061035156,435.1000061035156,437.70001220703125,128980000
1990-08-02,428.8999938964844,428.8999938964844,433.3999938964844,427.3999938964844,430.20001220703125,146540000
1990-08-03,417.5,417.5,428.29998779296875,408.1000061035156,423.5,203170000
1990-08-06,400.0,400.0,414.6000061035156,399.5,403.70001220703125,174810000
1990-08-07,402.1000061035156,402.1000061035156,406.6000061035156,401.1000061035156,401.1000061035156,165470000
1990-08-08,407.70001220703125,407.70001220703125,408.0,402.8999938964844,404.1000061035156,144850000
1990-08-09,413.0,413.0,413.20001220703125,408.5,409.70001220703125,129930000
1990-08-10,408.0,408.0,413.0,406.29998779296875,412.6000061035156,112030000
1990-08-13,408.29998779296875,408.29998779296875,408.5,404.1000061035156,404.79998779296875,87640000
1990-08-14,410.29998779296875,410.29998779296875,410.6000061035156,408.5,409.29998779296875,107490000
1990-08-15,411.5,411.5,413.29998779296875,410.8999938964844,412.79998779296875,105240000
1990-08-16,402.29998779296875,402.29998779296875,410.6000061035156,402.29998779296875,408.6000061035156,114900000
1990-08-17,393.5,393.5,400.5,389.70001220703125,396.3999938964844,146950000
1990-08-20,388.6000061035156,388.6000061035156,394.0,388.3999938964844,393.6000061035156,115470000
1990-08-21,379.70001220703125,379.70001220703125,386.70001220703125,375.79998779296875,380.6000061035156,166490000
1990-08-22,374.79998779296875,374.79998779296875,382.8999938964844,374.79998779296875,381.6000061035156,146100000
1990-08-23,360.20001220703125,360.20001220703125,372.3999938964844,359.70001220703125,363.79998779296875,202760000
1990-08-24,367.29998779296875,367.29998779296875,367.29998779296875,362.20001220703125,365.20001220703125,161080000
1990-08-27,381.29998779296875,381.29998779296875,382.20001220703125,370.0,377.5,129400000
1990-08-28,382.8999938964844,382.8999938964844,383.29998779296875,380.6000061035156,381.29998779296875,117800000
1990-08-29,381.79998779296875,381.79998779296875,383.5,380.5,381.6000061035156,118070000
1990-08-30,378.70001220703125,378.70001220703125,383.1000061035156,378.5,381.5,106300000
1990-08-31,381.20001220703125,381.20001220703125,381.29998779296875,377.29998779296875,378.29998779296875,79850000
1990-09-04,381.70001220703125,381.70001220703125,381.70001220703125,378.6000061035156,379.0,78140000
1990-09-05,382.3999938964844,382.3999938964844,383.20001220703125,381.20001220703125,383.0,89050000
1990-09-06,378.79998779296875,378.79998779296875,381.8999938964844,377.70001220703125,380.70001220703125,98730000
1990-09-07,380.3999938964844,380.3999938964844,380.6000061035156,376.6000061035156,376.79998779296875,103160000
1990-09-10,381.70001220703125,381.70001220703125,385.20001220703125,381.5,383.8999938964844,96260000
1990-09-11,379.5,379.5,381.70001220703125,378.1000061035156,380.6000061035156,100070000
1990-09-12,380.29998779296875,380.29998779296875,381.1000061035156,378.29998779296875,380.20001220703125,98470000
1990-09-13,376.20001220703125,376.20001220703125,381.6000061035156,375.79998779296875,380.29998779296875,105650000
1990-09-14,374.3999938964844,374.3999938964844,375.29998779296875,372.70001220703125,374.1000061035156,103490000
1990-09-17,374.1000061035156,374.1000061035156,374.70001220703125,372.70001220703125,373.6000061035156,94020000
1990-09-18,372.20001220703125,372.20001220703125,373.20001220703125,370.20001220703125,372.1000061035156,115070000
1990-09-19,371.70001220703125,371.70001220703125,373.79998779296875,371.6000061035156,373.20001220703125,120870000
1990-09-20,364.3999938964844,364.3999938964844,370.79998779296875,364.20001220703125,369.6000061035156,107920000
1990-09-21,362.29998779296875,362.29998779296875,364.20001220703125,360.3999938964844,362.8999938964844,124240000
1990-09-24,352.20001220703125,352.20001220703125,361.1000061035156,351.1000061035156,358.20001220703125,114830000
1990-09-25,354.79998779296875,354.79998779296875,354.79998779296875,351.6000061035156,353.29998779296875,109930000
1990-09-26,350.0,350.0,355.0,349.1000061035156,353.8999938964844,118710000
1990-09-27,341.20001220703125,341.20001220703125,352.5,340.29998779296875,351.29998779296875,153280000
1990-09-28,344.5,344.5,344.5,334.6000061035156,334.6000061035156,157510000
1990-10-01,354.70001220703125,354.70001220703125,354.70001220703125,346.29998779296875,349.0,124380000
1990-10-02,356.3999938964844,356.3999938964844,360.8999938964844,356.29998779296875,360.20001220703125,135810000
1990-10-03,351.5,351.5,356.20001220703125,351.20001220703125,355.1000061035156,106030000
1990-10-04,349.8999938964844,349.8999938964844,350.70001220703125,348.0,350.1000061035156,104990000
1990-10-05,347.3999938964844,347.3999938964844,349.79998779296875,343.20001220703125,344.3999938964844,109640000
1990-10-08,348.1000061035156,348.1000061035156,350.29998779296875,347.3999938964844,349.79998779296875,74910000
1990-10-09,339.1000061035156,339.1000061035156,346.6000061035156,338.6000061035156,344.8999938964844,109580000
1990-10-10,333.29998779296875,333.29998779296875,337.8999938964844,333.0,336.0,121040000
1990-10-11,325.6000061035156,325.6000061035156,334.0,324.29998779296875,331.5,140850000
1990-10-12,327.6000061035156,327.6000061035156,327.8999938964844,323.0,326.5,132330000
1990-10-15,329.5,329.5,330.1000061035156,325.8999938964844,329.5,104220000
1990-10-16,325.3999938964844,325.3999938964844,329.70001220703125,325.0,328.5,117130000
1990-10-17,326.79998779296875,326.79998779296875,328.0,324.1000061035156,325.1000061035156,121780000
1990-10-18,334.0,334.0,334.0,327.3999938964844,328.79998779296875,139290000
1990-10-19,337.3999938964844,337.3999938964844,338.79998779296875,335.79998779296875,338.3999938964844,159110000
1990-10-22,341.1000061035156,341.1000061035156,342.1000061035156,336.70001220703125,338.0,114670000
1990-10-23,341.1000061035156,341.1000061035156,342.6000061035156,340.0,340.3999938964844,120080000
1990-10-24,341.0,341.0,341.1000061035156,338.8999938964844,339.6000061035156,126730000
1990-10-25,339.70001220703125,339.70001220703125,342.20001220703125,338.3999938964844,341.70001220703125,104390000
1990-10-26,334.3999938964844,334.3999938964844,338.70001220703125,334.20001220703125,337.70001220703125,101500000
1990-10-29,330.79998779296875,330.79998779296875,335.3999938964844,330.3999938964844,334.5,92230000
1990-10-30,329.79998779296875,329.79998779296875,330.29998779296875,327.0,330.0,109010000
1990-10-31,329.79998779296875,329.79998779296875,331.5,328.8999938964844,330.3999938964844,118780000
1990-11-01,330.6000061035156,330.6000061035156,330.6000061035156,327.79998779296875,328.6000061035156,107950000
1990-11-02,336.5,336.5,336.6000061035156,331.0,331.6000061035156,112650000
1990-11-05,340.79998779296875,340.79998779296875,340.79998779296875,337.1000061035156,339.0,99000000
1990-11-06,340.5,340.5,342.70001220703125,340.20001220703125,341.70001220703125,110730000
1990-11-07,336.79998779296875,336.79998779296875,340.20001220703125,336.20001220703125,339.29998779296875,109800000
1990-11-08,336.3999938964844,336.3999938964844,338.29998779296875,335.5,335.8999938964844,106910000
1990-11-09,342.0,342.0,342.0,337.3999938964844,338.70001220703125,113350000
1990-11-12,351.5,351.5,351.5,343.29998779296875,344.79998779296875,119300000
1990-11-13,352.8999938964844,352.8999938964844,353.5,350.6000061035156,351.8999938964844,123370000
1990-11-14,356.8999938964844,356.8999938964844,356.8999938964844,352.1000061035156,353.1000061035156,130810000
1990-11-15,354.5,354.5,356.29998779296875,353.6000061035156,355.5,117970000
1990-11-16,350.8999938964844,350.8999938964844,354.0,349.1000061035156,351.8999938964844,131970000
1990-11-19,352.70001220703125,352.70001220703125,353.29998779296875,351.1000061035156,352.6000061035156,108260000
1990-11-20,348.29998779296875,348.29998779296875,353.3999938964844,348.0,352.1000061035156,126680000
1990-11-21,348.79998779296875,348.79998779296875,348.79998779296875,346.5,348.29998779296875,116670000
1990-11-23,349.0,349.0,349.70001220703125,348.5,348.79998779296875,69420000
1990-11-26,348.8999938964844,348.8999938964844,348.8999938964844,345.5,346.20001220703125,84730000
1990-11-27,354.1000061035156,354.1000061035156,354.1000061035156,349.6000061035156,350.0,114600000
1990-11-28,355.1000061035156,355.1000061035156,356.8999938964844,354.29998779296875,354.79998779296875,128590000
1990-11-29,355.79998779296875,355.79998779296875,355.79998779296875,353.20001220703125,353.8999938964844,114190000
1990-11-30,359.1000061035156,359.1000061035156,359.1000061035156,353.8999938964844,354.1000061035156,131280000
1990-12-03,361.29998779296875,361.29998779296875,362.20001220703125,359.79998779296875,361.1000061035156,123810000
1990-12-04,364.1000061035156,364.1000061035156,364.20001220703125,360.5,360.6000061035156,124850000
1990-12-05,370.8999938964844,370.8999938964844,371.0,364.0,364.8999938964844,148080000
1990-12-06,372.29998779296875,372.29998779296875,378.0,371.20001220703125,377.3999938964844,189440000
1990-12-07,371.5,371.5,372.0,369.1000061035156,371.70001220703125,124580000
1990-12-10,371.5,371.5,371.6000061035156,369.79998779296875,370.3999938964844,111250000
1990-12-11,368.0,368.0,370.8999938964844,367.79998779296875,369.79998779296875,128700000
1990-12-12,370.3999938964844,370.3999938964844,370.3999938964844,367.0,368.29998779296875,122300000
1990-12-13,371.5,371.5,371.70001220703125,370.1000061035156,370.79998779296875,122020000
1990-12-14,368.79998779296875,368.79998779296875,370.70001220703125,367.0,369.70001220703125,119500000
1990-12-17,365.70001220703125,365.70001220703125,367.3999938964844,364.6000061035156,364.70001220703125,111870000
1990-12-18,370.20001220703125,370.20001220703125,370.20001220703125,366.1000061035156,366.70001220703125,131980000
1990-12-19,371.20001220703125,371.20001220703125,371.6000061035156,370.20001220703125,370.70001220703125,146210000
1990-12-20,372.29998779296875,372.29998779296875,372.6000061035156,368.0,369.0,167400000
1990-12-21,373.6000061035156,373.6000061035156,373.79998779296875,371.6000061035156,372.20001220703125,147610000
1990-12-24,372.3999938964844,372.3999938964844,373.20001220703125,371.70001220703125,371.8999938964844,44210000
1990-12-26,372.3999938964844,372.3999938964844,373.29998779296875,371.70001220703125,372.70001220703125,72370000
1990-12-27,371.1000061035156,371.1000061035156,372.8999938964844,370.29998779296875,372.20001220703125,102720000
1990-12-28,371.20001220703125,371.20001220703125,371.29998779296875,369.3999938964844,369.6000061035156,132330000
1990-12-31,373.79998779296875,373.79998779296875,373.79998779296875,369.79998779296875,370.29998779296875,128870000
1991-01-02,372.20001220703125,372.20001220703125,373.5,371.79998779296875,373.0,92020000
1991-01-03,367.5,367.5,371.79998779296875,367.3999938964844,371.20001220703125,108390000
1991-01-04,367.20001220703125,367.20001220703125,367.8999938964844,365.8999938964844,366.5,103830000
1991-01-07,360.20001220703125,360.20001220703125,365.79998779296875,360.1000061035156,363.5,109460000
1991-01-08,359.0,359.0,360.5,358.20001220703125,359.1000061035156,111730000
1991-01-09,357.5,357.5,365.0,357.1000061035156,362.3999938964844,145780000
1991-01-10,361.8999938964844,361.8999938964844,361.8999938964844,358.29998779296875,358.8999938964844,110140000
1991-01-11,361.79998779296875,361.79998779296875,362.20001220703125,360.5,362.1000061035156,107650000
1991-01-14,355.79998779296875,355.79998779296875,358.70001220703125,353.0,355.20001220703125,101810000
1991-01-15,357.29998779296875,357.29998779296875,357.3999938964844,354.5,354.8999938964844,102570000
1991-01-16,365.20001220703125,365.20001220703125,365.20001220703125,357.6000061035156,358.6000061035156,122160000
1991-01-17,375.79998779296875,375.79998779296875,380.20001220703125,371.6000061035156,379.1000061035156,212350000
1991-01-18,377.0,377.0,377.1000061035156,371.79998779296875,373.1000061035156,138660000
1991-01-21,379.70001220703125,379.70001220703125,379.79998779296875,374.3999938964844,374.5,96960000
1991-01-22,379.0,379.0,381.6000061035156,378.29998779296875,380.1000061035156,131180000
1991-01-23,383.8999938964844,383.8999938964844,384.1000061035156,378.20001220703125,379.0,133840000
1991-01-24,391.29998779296875,391.29998779296875,391.79998779296875,384.8999938964844,386.70001220703125,176560000
1991-01-25,394.29998779296875,394.29998779296875,395.1000061035156,391.1000061035156,391.79998779296875,158790000
1991-01-28,396.79998779296875,396.79998779296875,397.6000061035156,393.6000061035156,394.5,128500000
1991-01-29,400.6000061035156,400.6000061035156,400.70001220703125,395.70001220703125,396.0,152060000
1991-01-30,408.5,408.5,408.5,400.3999938964844,401.8999938964844,202660000
1991-01-31,414.20001220703125,414.20001220703125,414.20001220703125,408.6000061035156,409.79998779296875,177260000
1991-02-01,417.70001220703125,417.70001220703125,418.8999938964844,413.5,415.1000061035156,168220000
1991-02-04,424.79998779296875,424.79998779296875,424.8999938964844,417.5,418.79998779296875,185940000
1991-02-05,432.20001220703125,432.20001220703125,432.20001220703125,425.3999938964844,427.20001220703125,208510000
1991-02-06,439.20001220703125,439.20001220703125,439.29998779296875,430.3999938964844,432.29998779296875,219590000
1991-02-07,435.0,435.0,442.5,433.29998779296875,439.1000061035156,245600000
1991-02-08,436.79998779296875,436.79998779296875,437.0,433.1000061035156,434.1000061035156,168190000
1991-02-11,444.1000061035156,444.1000061035156,444.20001220703125,444.1000061035156,444.1000061035156,184840000
1991-02-12,444.0,444.0,445.3999938964844,442.5,443.6000061035156,200740000
1991-02-13,448.0,448.0,448.0,442.79998779296875,443.79998779296875,176580000
1991-02-14,444.29998779296875,444.29998779296875,450.29998779296875,443.1000061035156,449.3999938964844,191670000
1991-02-15,448.70001220703125,448.70001220703125,449.1000061035156,445.3999938964844,447.8999938964844,155030000
1991-02-19,450.29998779296875,450.29998779296875,450.29998779296875,447.5,448.20001220703125,132890000
1991-02-20,446.0,446.0,449.5,445.79998779296875,447.29998779296875,142240000
1991-02-21,446.3999938964844,446.3999938964844,447.70001220703125,446.20001220703125,447.20001220703125,142810000
1991-02-22,449.0,449.0,453.0,446.3999938964844,447.79998779296875,177010000
1991-02-25,451.1000061035156,451.1000061035156,454.20001220703125,451.1000061035156,453.6000061035156,149260000
1991-02-26,447.70001220703125,447.70001220703125,449.70001220703125,446.3999938964844,448.3999938964844,130460000
1991-02-27,450.79998779296875,450.79998779296875,451.0,446.79998779296875,447.0,161920000
1991-02-28,453.1000061035156,453.1000061035156,453.5,450.29998779296875,452.79998779296875,171460000
1991-03-01,456.70001220703125,456.70001220703125,456.70001220703125,450.29998779296875,450.6000061035156,160530000
1991-03-04,461.1000061035156,461.1000061035156,461.3999938964844,457.20001220703125,458.1000061035156,149790000
1991-03-05,473.1000061035156,473.1000061035156,473.5,461.8999938964844,463.6000061035156,224880000
1991-03-06,473.79998779296875,473.79998779296875,478.5,473.70001220703125,478.0,283080000
1991-03-07,475.739990234375,475.739990234375,476.20001220703125,472.3999938964844,474.70001220703125,191890000
1991-03-08,475.1099853515625,475.1099853515625,478.79998779296875,475.1000061035156,478.20001220703125,187910000
1991-03-11,467.1499938964844,467.1499938964844,474.0,466.6000061035156,473.0,161250000
1991-03-12,461.3999938964844,461.3999938964844,467.1600036621094,461.1700134277344,465.6000061035156,162510000
1991-03-13,468.17999267578125,468.17999267578125,468.32000732421875,461.1199951171875,461.3299865722656,162950000
1991-03-14,467.7900085449219,467.7900085449219,472.5299987792969,466.739990234375,471.010009765625,199410000
1991-03-15,466.2900085449219,466.2900085449219,468.54998779296875,464.2799987792969,466.9800109863281,157720000
1991-03-18,466.2699890136719,466.2699890136719,468.0299987792969,463.5400085449219,465.75,138290000
1991-03-19,462.80999755859375,462.80999755859375,464.3599853515625,459.0400085449219,460.1700134277344,149340000
1991-03-20,466.0899963378906,466.0899963378906,466.1199951171875,461.8800048828125,462.2099914550781,161440000
1991-03-21,464.6000061035156,464.6000061035156,469.4100036621094,464.25,468.30999755859375,206920000
1991-03-22,464.1499938964844,464.1499938964844,464.7799987792969,463.0400085449219,464.30999755859375,168080000
1991-03-25,468.489990234375,468.489990234375,469.1000061035156,464.760009765625,465.29998779296875,148570000
1991-03-26,478.57000732421875,478.57000732421875,478.6400146484375,469.1000061035156,470.2799987792969,191970000
1991-03-27,482.3699951171875,482.3699951171875,482.95001220703125,479.3599853515625,481.3800048828125,194380000
1991-03-28,482.29998779296875,482.29998779296875,483.32000732421875,481.7699890136719,482.3399963378906,184300000
1991-04-01,480.8599853515625,480.8599853515625,481.6300048828125,479.1199951171875,480.17999267578125,126190000
1991-04-02,491.20001220703125,491.20001220703125,491.2200012207031,481.8500061035156,483.6499938964844,199630000
1991-04-03,495.04998779296875,495.04998779296875,496.3699951171875,492.2900085449219,493.3299865722656,229810000
1991-04-04,497.57000732421875,497.57000732421875,499.5,494.3399963378906,494.6400146484375,216110000
1991-04-05,495.7900085449219,495.7900085449219,499.239990234375,494.010009765625,498.5799865722656,200260000
1991-04-08,495.6499938964844,495.6499938964844,495.7699890136719,493.8900146484375,494.4700012207031,148930000
1991-04-09,492.4599914550781,492.4599914550781,497.44000244140625,491.9700012207031,497.44000244140625,170470000
1991-04-10,490.760009765625,490.760009765625,493.80999755859375,488.7900085449219,492.7300109863281,172700000
1991-04-11,499.30999755859375,499.30999755859375,499.489990234375,492.44000244140625,494.9100036621094,197910000
1991-04-12,501.6199951171875,501.6199951171875,502.2900085449219,498.510009765625,501.3999938964844,185850000
1991-04-15,500.8399963378906,500.8399963378906,501.2799987792969,497.7799987792969,500.0199890136719,167800000
1991-04-16,506.75,506.75,506.80999755859375,500.3599853515625,501.17999267578125,223450000
1991-04-17,511.30999755859375,511.30999755859375,512.6799926757812,508.0400085449219,509.6199951171875,267560000
1991-04-18,506.6199951171875,506.6199951171875,510.6000061035156,506.4599914550781,509.3599853515625,255530000
1991-04-19,501.19000244140625,501.19000244140625,505.45001220703125,500.510009765625,503.2799987792969,218010000
1991-04-22,494.3800048828125,494.3800048828125,500.1199951171875,493.07000732421875,497.7099914550781,153440000
1991-04-23,496.0799865722656,496.0799865722656,498.3599853515625,494.3800048828125,497.7300109863281,161550000
1991-04-24,498.45001220703125,498.45001220703125,498.6400146484375,496.1099853515625,496.4200134277344,158230000
1991-04-25,496.0299987792969,496.0299987792969,498.7900085449219,495.8599853515625,497.70001220703125,169580000
1991-04-26,494.6400146484375,494.6400146484375,495.2799987792969,492.29998779296875,493.1400146484375,149200000
1991-04-29,487.739990234375,487.739990234375,496.04998779296875,487.70001220703125,495.2799987792969,140300000
1991-04-30,484.7200012207031,484.7200012207031,487.489990234375,479.6300048828125,487.3800048828125,201470000
1991-05-01,487.8500061035156,487.8500061035156,487.8599853515625,481.4599914550781,481.94000244140625,185190000
1991-05-02,491.1300048828125,491.1300048828125,492.3299865722656,488.92999267578125,490.6400146484375,174790000
1991-05-03,492.1000061035156,492.1000061035156,492.1300048828125,489.7699890136719,490.57000732421875,142110000
1991-05-06,491.4800109863281,491.4800109863281,491.6300048828125,489.2900085449219,490.7799987792969,119580000
1991-05-07,491.510009765625,491.510009765625,494.04998779296875,491.3699951171875,493.69000244140625,156930000
1991-05-08,492.510009765625,492.510009765625,493.1700134277344,489.9200134277344,490.2799987792969,158510000
1991-05-09,497.80999755859375,497.80999755859375,497.94000244140625,493.5199890136719,494.9800109863281,179620000
1991-05-10,493.4200134277344,493.4200134277344,500.0199890136719,493.1700134277344,498.9700012207031,158350000
1991-05-13,493.92999267578125,493.92999267578125,495.3999938964844,491.6000061035156,494.2900085449219,126000000
1991-05-14,488.7900085449219,488.7900085449219,492.7799987792969,488.0899963378906,491.8500061035156,155030000
1991-05-15,478.0799865722656,478.0799865722656,487.5400085449219,476.5799865722656,486.1199951171875,186740000
1991-05-16,481.7699890136719,481.7699890136719,482.7300109863281,479.1499938964844,481.3599853515625,154270000
1991-05-17,481.3800048828125,481.3800048828125,481.510009765625,478.44000244140625,480.17999267578125,146200000
1991-05-20,480.1000061035156,480.1000061035156,481.8699951171875,479.32000732421875,480.5199890136719,125390000
1991-05-21,483.6000061035156,483.6000061035156,484.6499938964844,480.7200012207031,481.9599914550781,166460000
1991-05-22,487.2900085449219,487.2900085449219,487.94000244140625,484.5400085449219,485.9200134277344,161750000
1991-05-23,489.6000061035156,489.6000061035156,489.9599914550781,488.0299987792969,489.1300048828125,170850000
1991-05-24,492.6700134277344,492.6700134277344,492.7799987792969,490.0,490.92999267578125,128000000
1991-05-28,497.1700134277344,497.1700134277344,497.1700134277344,493.3800048828125,494.510009765625,126330000
1991-05-29,499.04998779296875,499.04998779296875,500.239990234375,497.1600036621094,497.760009765625,147630000
1991-05-30,503.19000244140625,503.19000244140625,503.7200012207031,498.92999267578125,499.29998779296875,150610000
1991-05-31,506.1099853515625,506.1099853515625,506.1199951171875,501.9800109863281,504.2300109863281,157380000
1991-06-03,507.1000061035156,507.1000061035156,507.4599914550781,504.3800048828125,505.8399963378906,142160000
1991-06-04,507.25,507.25,507.25,504.32000732421875,505.5299987792969,157150000
1991-06-05,505.20001220703125,505.20001220703125,508.0400085449219,504.760009765625,506.82000732421875,158310000
1991-06-06,502.94000244140625,502.94000244140625,505.9200134277344,502.6300048828125,505.5299987792969,161530000
1991-06-07,498.5400085449219,498.5400085449219,501.7900085449219,496.9100036621094,500.5799865722656,145820000
1991-06-10,495.8500061035156,495.8500061035156,498.8800048828125,495.4700012207031,498.3999938964844,113810000
1991-06-11,496.6199951171875,496.6199951171875,498.7300109863281,495.8800048828125,497.1600036621094,140320000
1991-06-12,491.04998779296875,491.04998779296875,495.6199951171875,489.04998779296875,493.6300048828125,156910000
1991-06-13,491.1400146484375,491.1400146484375,491.70001220703125,489.9100036621094,490.2699890136719,127700000
1991-06-14,495.07000732421875,495.07000732421875,495.2099914550781,491.9800109863281,493.95001220703125,135000000
1991-06-17,494.32000732421875,494.32000732421875,495.989990234375,494.17999267578125,494.760009765625,116600000
1991-06-18,491.5899963378906,491.5899963378906,494.67999267578125,490.8299865722656,494.20001220703125,145420000
1991-06-19,485.3599853515625,485.3599853515625,490.3299865722656,484.32000732421875,487.57000732421875,150830000
1991-06-20,485.8800048828125,485.8800048828125,486.29998779296875,482.6600036621094,483.7799987792969,143920000
1991-06-21,485.82000732421875,485.82000732421875,487.6700134277344,485.30999755859375,487.3699951171875,151130000
1991-06-24,475.2300109863281,475.2300109863281,484.7099914550781,475.1400146484375,482.7900085449219,124120000
1991-06-25,473.29998779296875,473.29998779296875,478.1199951171875,472.9800109863281,477.19000244140625,129030000
1991-06-26,473.0799865722656,473.0799865722656,473.7900085449219,470.9200134277344,472.3999938964844,136480000
1991-06-27,476.239990234375,476.239990234375,476.2799987792969,473.7900085449219,474.4200134277344,138910000
1991-06-28,475.9200134277344,475.9200134277344,476.42999267578125,470.9700012207031,475.75,160330000
1991-07-01,481.30999755859375,481.30999755859375,481.55999755859375,476.9700012207031,478.05999755859375,121930000
1991-07-02,478.7799987792969,478.7799987792969,480.9200134277344,478.6199951171875,480.7799987792969,136540000
1991-07-03,474.32000732421875,474.32000732421875,477.0299987792969,473.17999267578125,475.1499938964844,125020000
1991-07-05,474.04998779296875,474.04998779296875,475.0799865722656,473.2099914550781,474.1700134277344,56260000
1991-07-08,479.510009765625,479.510009765625,479.5199890136719,471.239990234375,471.8299865722656,121790000
1991-07-09,483.6400146484375,483.6400146484375,485.1099853515625,480.8699951171875,481.5899963378906,151480000
1991-07-10,487.1700134277344,487.1700134277344,489.2900085449219,484.3999938964844,484.3999938964844,171610000
1991-07-11,488.3699951171875,488.3699951171875,488.5,486.2099914550781,486.75,140030000
1991-07-12,492.7099914550781,492.7099914550781,492.7099914550781,488.1300048828125,490.1199951171875,155470000
1991-07-15,496.19000244140625,496.19000244140625,496.3299865722656,493.0799865722656,493.6400146484375,137950000
1991-07-16,493.6000061035156,493.6000061035156,497.3900146484375,493.6000061035156,496.70001220703125,156950000
1991-07-17,493.4200134277344,493.4200134277344,493.55999755859375,491.30999755859375,492.95001220703125,160940000
1991-07-18,496.79998779296875,496.79998779296875,496.95001220703125,493.8599853515625,494.1600036621094,171730000
1991-07-19,497.54998779296875,497.54998779296875,498.6700134277344,496.32000732421875,497.6300048828125,177000000
1991-07-22,494.989990234375,494.989990234375,497.55999755859375,494.4100036621094,497.44000244140625,127910000
1991-07-23,489.6499938964844,489.6499938964844,495.9800109863281,489.6499938964844,494.44000244140625,144700000
1991-07-24,487.4200134277344,487.4200134277344,490.25,487.4200134277344,487.8999938964844,147250000
1991-07-25,490.2799987792969,490.2799987792969,490.510009765625,487.5799865722656,487.8999938964844,134740000
1991-07-26,492.69000244140625,492.69000244140625,492.9700012207031,490.4800109863281,490.6199951171875,124560000
1991-07-29,493.3500061035156,493.3500061035156,493.510009765625,490.9800109863281,492.3500061035156,121670000
1991-07-30,498.2699890136719,498.2699890136719,498.2699890136719,494.2200012207031,495.05999755859375,152260000
1991-07-31,502.0400085449219,502.0400085449219,502.1300048828125,498.3399963378906,499.6199951171875,160320000
1991-08-01,504.1499938964844,504.1499938964844,504.29998779296875,501.7300109863281,502.2699890136719,160100000
1991-08-02,505.6700134277344,505.6700134277344,507.25,504.3299865722656,506.5199890136719,148490000
1991-08-05,502.6099853515625,502.6099853515625,505.010009765625,502.5,504.2900085449219,117090000
1991-08-06,505.20001220703125,505.20001220703125,505.3900146484375,501.489990234375,502.6600036621094,149720000
1991-08-07,507.4599914550781,507.4599914550781,507.6499938964844,505.6000061035156,506.7799987792969,177270000
1991-08-08,509.3900146484375,509.3900146484375,510.239990234375,507.8800048828125,508.45001220703125,161590000
1991-08-09,508.30999755859375,508.30999755859375,509.8999938964844,507.5899963378906,509.1499938964844,140780000
1991-08-12,510.0,510.0,510.2300109863281,507.2300109863281,507.6400146484375,114070000
1991-08-13,514.4000244140625,514.4000244140625,515.1900024414062,510.9100036621094,511.5199890136719,166820000
1991-08-14,517.6799926757812,517.6799926757812,517.9299926757812,515.2999877929688,516.22998046875,108730000
1991-08-15,515.6699829101562,515.6699829101562,518.4000244140625,515.3200073242188,517.77001953125,159480000
1991-08-16,512.469970703125,512.469970703125,515.8099975585938,510.8900146484375,514.72998046875,135100000
1991-08-19,497.6400146484375,497.6400146484375,504.9700012207031,487.0799865722656,489.3599853515625,161590000
1991-08-20,502.04998779296875,502.04998779296875,504.0,499.1000061035156,502.2799987792969,145430000
1991-08-21,517.969970703125,517.969970703125,517.969970703125,505.510009765625,510.6700134277344,192750000
1991-08-22,518.2999877929688,518.2999877929688,519.1400146484375,516.3400268554688,517.8499755859375,157460000
1991-08-23,521.0599975585938,521.0599975585938,521.4000244140625,516.260009765625,519.2100219726562,172120000
1991-08-26,521.3800048828125,521.3800048828125,521.469970703125,519.3400268554688,520.4299926757812,112280000
1991-08-27,521.75,521.75,522.219970703125,519.2899780273438,522.2000122070312,139670000
1991-08-28,526.2899780273438,526.2899780273438,526.2899780273438,521.8900146484375,522.4500122070312,165660000
1991-08-29,526.3900146484375,526.3900146484375,527.7100219726562,525.3400268554688,527.030029296875,158800000
1991-08-30,525.6799926757812,525.6799926757812,526.5,523.6300048828125,525.6400146484375,129400000
1991-09-03,520.9099731445312,520.9099731445312,526.530029296875,520.8699951171875,526.2999877929688,134330000
1991-09-04,517.9199829101562,517.9199829101562,521.5999755859375,517.2999877929688,520.7000122070312,154070000
1991-09-05,516.9299926757812,516.9299926757812,518.760009765625,516.4099731445312,517.8699951171875,167420000
1991-09-06,516.9400024414062,516.9400024414062,518.2899780273438,516.4400024414062,516.8599853515625,149330000
1991-09-09,518.0700073242188,518.0700073242188,518.0700073242188,516.3400268554688,516.47998046875,105850000
1991-09-10,511.2799987792969,511.2799987792969,518.25,511.04998779296875,516.4500122070312,146780000
1991-09-11,514.760009765625,514.760009765625,514.7999877929688,511.3500061035156,511.8999938964844,151800000
1991-09-12,521.1300048828125,521.1300048828125,521.1300048828125,516.760009765625,518.3599853515625,172800000
1991-09-13,516.7100219726562,516.7100219726562,521.5700073242188,516.1500244140625,520.2899780273438,166630000
1991-09-16,515.6799926757812,515.6799926757812,516.989990234375,514.1099853515625,516.3099975585938,137570000
1991-09-17,515.1699829101562,515.1699829101562,516.1699829101562,513.8900146484375,516.0800170898438,166960000
1991-09-18,518.5499877929688,518.5499877929688,518.719970703125,513.8200073242188,514.22998046875,133250000
1991-09-19,522.6699829101562,522.6699829101562,523.469970703125,519.1699829101562,519.739990234375,203950000
1991-09-20,527.1900024414062,527.1900024414062,528.1699829101562,523.97998046875,525.0700073242188,226510000
1991-09-23,524.6900024414062,524.6900024414062,526.4600219726562,524.1199951171875,526.260009765625,158860000
1991-09-24,526.469970703125,526.469970703125,526.5399780273438,523.0599975585938,525.5,179750000
1991-09-25,527.8200073242188,527.8200073242188,528.4199829101562,526.010009765625,526.5,178120000
1991-09-26,526.9400024414062,526.9400024414062,528.2899780273438,524.97998046875,525.22998046875,172340000
1991-09-27,524.47998046875,524.47998046875,529.2100219726562,523.9600219726562,529.1400146484375,168300000
1991-09-30,526.8800048828125,526.8800048828125,526.8800048828125,522.3800048828125,524.6199951171875,141030000
1991-10-01,528.510009765625,528.510009765625,528.8499755859375,525.8800048828125,527.1400146484375,162680000
1991-10-02,526.3300170898438,526.3300170898438,529.2100219726562,526.1400146484375,528.4600219726562,179610000
1991-10-03,520.510009765625,520.510009765625,525.75,519.8099975585938,524.530029296875,179370000
1991-10-04,520.4000244140625,520.4000244140625,522.6500244140625,519.9199829101562,520.3400268554688,151230000
1991-10-07,516.2000122070312,516.2000122070312,519.6300048828125,515.9400024414062,517.9400024414062,133850000
1991-10-08,517.25,517.25,517.25,514.8099975585938,515.72998046875,158960000
1991-10-09,513.8099975585938,513.8099975585938,517.22998046875,513.7999877929688,516.4299926757812,165400000
1991-10-10,515.9400024414062,515.9400024414062,516.4099731445312,513.2100219726562,514.47998046875,166800000
1991-10-11,519.0499877929688,519.0499877929688,519.1599731445312,517.1599731445312,517.969970703125,145010000
1991-10-14,525.6599731445312,525.6599731445312,525.6599731445312,519.7899780273438,521.02001953125,117080000
1991-10-15,534.1099853515625,534.1099853515625,534.1099853515625,526.6400146484375,526.760009765625,177930000
1991-10-16,540.9400024414062,540.9400024414062,540.9400024414062,525.6599731445312,535.219970703125,223330000
1991-10-17,536.27001953125,536.27001953125,539.8800048828125,535.3099975585938,538.1599731445312,226840000
1991-10-18,538.9000244140625,538.9000244140625,539.1500244140625,536.9199829101562,537.280029296875,212130000
1991-10-21,536.9600219726562,536.9600219726562,538.9500122070312,535.780029296875,538.3099975585938,158140000
1991-10-22,537.1400146484375,537.1400146484375,539.489990234375,536.8699951171875,539.3599853515625,180130000
1991-10-23,535.1699829101562,535.1699829101562,538.4199829101562,534.1400146484375,537.8900146484375,199760000
1991-10-24,528.75,528.75,535.4299926757812,527.6300048828125,533.9600219726562,199360000
1991-10-25,525.1300048828125,525.1300048828125,528.4000244140625,524.9299926757812,526.8099975585938,173950000
1991-10-28,529.4099731445312,529.4099731445312,529.4099731445312,526.5700073242188,526.5700073242188,145910000
1991-10-29,534.510009765625,534.510009765625,534.530029296875,529.8699951171875,531.0999755859375,182350000
1991-10-30,541.3200073242188,541.3200073242188,541.3499755859375,535.6099853515625,537.5499877929688,202590000
1991-10-31,542.97998046875,542.97998046875,543.010009765625,540.9600219726562,541.7899780273438,228520000
1991-11-01,540.9299926757812,540.9299926757812,543.6099853515625,539.8900146484375,542.1699829101562,205420000
1991-11-04,537.5,537.5,540.739990234375,536.6500244140625,539.0700073242188,154800000
1991-11-05,538.8200073242188,538.8200073242188,540.3699951171875,537.25,537.8300170898438,176980000
1991-11-06,539.47998046875,539.47998046875,540.7000122070312,537.8099975585938,539.27001953125,191180000
1991-11-07,545.280029296875,545.280029296875,545.489990234375,540.0700073242188,540.1799926757812,216080000
1991-11-08,548.0800170898438,548.0800170898438,549.260009765625,546.3800048828125,549.0399780273438,211430000
1991-11-11,550.7100219726562,550.7100219726562,551.1599731445312,548.6199951171875,549.1699829101562,153630000
1991-11-12,555.6799926757812,555.6799926757812,555.989990234375,551.9099731445312,553.4400024414062,214620000
1991-11-13,556.1699829101562,556.1699829101562,556.219970703125,550.9500122070312,551.8300170898438,208490000
1991-11-14,554.8400268554688,554.8400268554688,558.1599731445312,553.0,557.7100219726562,220530000
1991-11-15,531.2899780273438,531.2899780273438,554.52001953125,531.219970703125,551.6300048828125,255480000
1991-11-18,534.72998046875,534.72998046875,535.0800170898438,525.5599975585938,529.9400024414062,227150000
1991-11-19,523.469970703125,523.469970703125,533.4099731445312,516.3900146484375,529.3599853515625,219630000
1991-11-20,526.1199951171875,526.1199951171875,527.9199829101562,524.2000122070312,526.8300170898438,172910000
1991-11-21,530.3300170898438,530.3300170898438,530.4600219726562,526.1599731445312,526.969970703125,188910000
1991-11-22,526.4600219726562,526.4600219726562,530.8900146484375,524.0700073242188,530.25,167080000
1991-11-25,522.8800048828125,522.8800048828125,526.5800170898438,522.8800048828125,523.9199829101562,142320000
1991-11-26,522.22998046875,522.22998046875,525.1900024414062,517.97998046875,523.25,172790000
1991-11-27,522.780029296875,522.780029296875,522.8099975585938,521.3499755859375,522.0999755859375,134410000
1991-11-29,523.9000244140625,523.9000244140625,524.260009765625,521.7100219726562,522.0,66310000
1991-12-02,530.9099731445312,530.9099731445312,530.9099731445312,518.6300048828125,519.47998046875,145910000
1991-12-03,533.3400268554688,533.3400268554688,533.5999755859375,530.9400024414062,531.4500122070312,166380000
1991-12-04,535.280029296875,535.280029296875,536.0800170898438,533.2000122070312,533.75,167290000
1991-12-05,534.030029296875,534.030029296875,536.7000122070312,533.2100219726562,535.6799926757812,170630000
1991-12-06,536.2999877929688,536.2999877929688,537.530029296875,531.6300048828125,532.47998046875,171830000
1991-12-09,535.3499755859375,535.3499755859375,538.8099975585938,534.9000244140625,537.280029296875,155390000
1991-12-10,534.22998046875,534.22998046875,535.9299926757812,531.780029296875,534.9600219726562,157620000
1991-12-11,531.6400146484375,531.6400146484375,536.719970703125,529.219970703125,534.9500122070312,174440000
1991-12-12,536.02001953125,536.02001953125,536.0800170898438,532.3900146484375,533.3499755859375,168070000
1991-12-13,540.9000244140625,540.9000244140625,541.0599975585938,536.9000244140625,539.010009765625,178700000
1991-12-16,543.72998046875,543.72998046875,543.9199829101562,540.4500122070312,541.1300048828125,148400000
1991-12-17,539.7000122070312,539.7000122070312,544.0399780273438,539.5900268554688,543.030029296875,191120000
1991-12-18,539.8400268554688,539.8400268554688,540.2100219726562,537.25,538.0499877929688,176780000
1991-12-19,534.530029296875,534.530029296875,538.1599731445312,533.7000122070312,536.0599975585938,174580000
1991-12-20,535.760009765625,535.760009765625,539.8400268554688,535.6799926757812,538.260009765625,189260000
1991-12-23,543.9000244140625,543.9000244140625,543.9400024414062,535.3599853515625,535.8800048828125,184320000
1991-12-24,549.5599975585938,549.5599975585938,550.9000244140625,544.219970703125,545.4199829101562,133450000
1991-12-26,559.2999877929688,559.2999877929688,559.6900024414062,549.8300170898438,551.4299926757812,133280000
1991-12-27,565.7100219726562,565.7100219726562,566.5399780273438,560.1400146484375,562.0499877929688,163370000
1991-12-30,579.75,579.75,579.75,566.8599853515625,568.4099731445312,224080000
1991-12-31,586.3400268554688,586.3400268554688,586.3499755859375,578.4000244140625,584.77001953125,257460000
1992-01-02,586.4500122070312,586.4500122070312,586.4500122070312,576.1300048828125,580.0399780273438,181380000
1992-01-03,592.6500244140625,592.6500244140625,592.8300170898438,587.3300170898438,589.1799926757812,214200000
1992-01-06,597.9000244140625,597.9000244140625,598.010009765625,593.1300048828125,595.0800170898438,237720000
1992-01-07,602.2899780273438,602.2899780273438,602.5,594.3300170898438,595.3599853515625,262250000
1992-01-08,610.3200073242188,610.3200073242188,610.6799926757812,598.530029296875,601.0800170898438,315130000
1992-01-09,619.7999877929688,619.7999877929688,621.030029296875,611.5700073242188,614.4299926757812,327820000
1992-01-10,615.7000122070312,615.7000122070312,619.260009765625,610.5599975585938,618.7100219726562,259430000
1992-01-13,617.6300048828125,617.6300048828125,617.6300048828125,613.0999755859375,614.1400146484375,211900000
1992-01-14,625.75,625.75,625.760009765625,617.969970703125,618.22998046875,268060000
1992-01-15,630.8200073242188,630.8200073242188,631.3400268554688,625.1199951171875,627.9199829101562,293280000
1992-01-16,627.3400268554688,627.3400268554688,632.989990234375,625.4400024414062,631.7999877929688,302260000
1992-01-17,626.8499755859375,626.8499755859375,629.47998046875,625.1199951171875,628.1699829101562,282490000
1992-01-20,619.3800048828125,619.3800048828125,626.97998046875,619.260009765625,625.1199951171875,209690000
1992-01-21,604.8699951171875,604.8699951171875,611.7100219726562,604.8699951171875,608.9600219726562,265440000
1992-01-22,620.6799926757812,620.6799926757812,620.6900024414062,605.8099975585938,608.469970703125,251170000
1992-01-23,622.8599853515625,622.8599853515625,626.8499755859375,620.8300170898438,624.72998046875,274370000
1992-01-24,624.6799926757812,624.6799926757812,625.8599853515625,621.5399780273438,623.27001953125,240940000
1992-01-27,621.0,621.0,625.7999877929688,621.0,625.3800048828125,196450000
1992-01-28,621.2899780273438,621.2899780273438,623.3300170898438,619.0499877929688,622.4400024414062,320960000
1992-01-29,616.3099975585938,616.3099975585938,626.3200073242188,616.280029296875,621.9000244140625,248240000
1992-01-30,621.3699951171875,621.3699951171875,621.3699951171875,615.469970703125,615.8300170898438,216200000
1992-01-31,620.2100219726562,620.2100219726562,622.3699951171875,619.1199951171875,621.6099853515625,226160000
1992-02-03,623.4299926757812,623.4299926757812,623.8300170898438,619.77001953125,620.5700073242188,194610000
1992-02-04,631.0,631.0,631.2899780273438,624.4299926757812,626.1099853515625,226150000
1992-02-05,636.969970703125,636.969970703125,637.9400024414062,632.2899780273438,633.3900146484375,270110000
1992-02-06,637.6699829101562,637.6699829101562,640.75,636.25,638.9600219726562,244210000
1992-02-07,634.9500122070312,634.9500122070312,640.1599731445312,631.5599975585938,639.239990234375,238050000
1992-02-10,634.1300048828125,634.1300048828125,634.8800048828125,632.2100219726562,633.6199951171875,191600000
1992-02-11,633.3699951171875,633.3699951171875,635.1199951171875,631.8300170898438,634.4600219726562,214330000
1992-02-12,644.9199829101562,644.9199829101562,644.9199829101562,633.6300048828125,635.3099975585938,253450000
1992-02-13,639.0999755859375,639.0999755859375,646.0900268554688,638.3300170898438,646.0900268554688,217000000
1992-02-14,636.4299926757812,636.4299926757812,638.780029296875,635.8699951171875,637.469970703125,206290000
1992-02-18,626.4099731445312,626.4099731445312,637.25,626.4000244140625,636.2100219726562,218700000
1992-02-19,622.4099731445312,622.4099731445312,625.02001953125,619.1799926757812,621.5900268554688,248440000
1992-02-20,632.22998046875,632.22998046875,632.5800170898438,623.8300170898438,626.3200073242188,247090000
1992-02-21,629.75,629.75,633.989990234375,628.1599731445312,633.2999877929688,246850000
1992-02-24,624.9299926757812,624.9299926757812,630.5999755859375,624.3200073242188,628.9299926757812,172920000
1992-02-25,621.4000244140625,621.4000244140625,625.8099975585938,617.0800170898438,623.5499877929688,194500000
1992-02-26,632.4000244140625,632.4000244140625,632.5499877929688,623.02001953125,626.4199829101562,225090000
1992-02-27,633.9500122070312,633.9500122070312,636.3800048828125,633.8599853515625,636.0599975585938,205540000
1992-02-28,633.469970703125,633.469970703125,636.5399780273438,631.2899780273438,636.3400268554688,204640000
1992-03-02,635.469970703125,635.469970703125,635.469970703125,632.4000244140625,634.0399780273438,176940000
1992-03-03,634.25,634.25,637.2100219726562,634.0800170898438,634.9500122070312,204550000
1992-03-04,630.2899780273438,630.2899780273438,635.3099975585938,630.2899780273438,632.030029296875,212960000
1992-03-05,621.969970703125,621.969970703125,630.260009765625,620.989990234375,627.780029296875,221920000
1992-03-06,615.9500122070312,615.9500122070312,621.8900146484375,613.9500122070312,620.6099853515625,193070000
1992-03-09,615.8200073242188,615.8200073242188,618.0399780273438,615.469970703125,617.1799926757812,162120000
1992-03-10,623.4600219726562,623.4600219726562,624.2100219726562,617.3300170898438,618.6900024414062,200560000
1992-03-11,617.1400146484375,617.1400146484375,623.52001953125,616.52001953125,622.8800048828125,192150000
1992-03-12,615.9199829101562,615.9199829101562,617.75,612.25,616.0999755859375,189530000
1992-03-13,618.6199951171875,618.6199951171875,619.7999877929688,616.9000244140625,619.2999877929688,165610000
1992-03-16,617.9400024414062,617.9400024414062,618.9500122070312,615.27001953125,618.1099853515625,140850000
1992-03-17,623.27001953125,623.27001953125,623.4400024414062,619.1400146484375,620.2100219726562,173770000
1992-03-18,624.9400024414062,624.9400024414062,626.27001953125,624.0399780273438,625.510009765625,179270000
1992-03-19,625.9600219726562,625.9600219726562,627.3499755859375,625.3400268554688,627.010009765625,189970000
1992-03-20,624.280029296875,624.280029296875,626.6300048828125,623.6599731445312,625.8200073242188,191500000
1992-03-23,621.8300170898438,621.8300170898438,624.030029296875,621.719970703125,623.1699829101562,148860000
1992-03-24,618.6799926757812,618.6799926757812,623.9199829101562,617.3599853515625,622.8699951171875,186920000
1992-03-25,619.47998046875,619.47998046875,620.0399780273438,616.5399780273438,616.6500244140625,191950000
1992-03-26,615.4000244140625,615.4000244140625,621.72998046875,614.9500122070312,619.7999877929688,175500000
1992-03-27,604.6699829101562,604.6699829101562,614.6300048828125,602.530029296875,612.780029296875,203960000
1992-03-30,602.0700073242188,602.0700073242188,606.5599975585938,601.5800170898438,605.030029296875,154210000
1992-03-31,603.77001953125,603.77001953125,605.1599731445312,599.5999755859375,600.3499755859375,192050000
1992-04-01,602.0900268554688,602.0900268554688,602.3400268554688,597.6599731445312,598.6199951171875,180170000
1992-04-02,593.8200073242188,593.8200073242188,603.1699829101562,593.4199829101562,601.72998046875,194640000
1992-04-03,590.010009765625,590.010009765625,593.97998046875,587.9299926757812,592.8300170898438,193930000
1992-04-06,596.2899780273438,596.2899780273438,596.3900146484375,590.8800048828125,592.6799926757812,153120000
1992-04-07,581.6099853515625,581.6099853515625,597.969970703125,581.47998046875,596.1500244140625,210060000
1992-04-08,573.6799926757812,573.6799926757812,579.5999755859375,567.1500244140625,574.8900146484375,243470000
1992-04-09,586.75,586.75,586.75,575.4400024414062,575.8800048828125,198750000
1992-04-10,584.239990234375,584.239990234375,592.239990234375,584.0900268554688,590.5900268554688,175210000
1992-04-13,588.1500244140625,588.1500244140625,588.1500244140625,583.7000122070312,584.030029296875,128020000
1992-04-14,594.8099975585938,594.8099975585938,597.7899780273438,590.0999755859375,592.3400268554688,195600000
1992-04-15,600.030029296875,600.030029296875,600.6099853515625,596.25,599.6400146484375,218570000
1992-04-16,591.8099975585938,591.8099975585938,600.2100219726562,591.5999755859375,598.22998046875,198480000
1992-04-20,577.2000122070312,577.2000122070312,590.6900024414062,575.1099853515625,586.5,178050000
1992-04-21,575.0499877929688,575.0499877929688,579.0399780273438,573.0700073242188,576.6400146484375,201780000
1992-04-22,578.22998046875,578.22998046875,579.1300048828125,574.5399780273438,575.1599731445312,198890000
1992-04-23,576.0499877929688,576.0499877929688,581.0900268554688,571.989990234375,580.6699829101562,201880000
1992-04-24,572.8900146484375,572.8900146484375,576.8599853515625,571.989990234375,576.4099731445312,165970000
1992-04-27,566.9400024414062,566.9400024414062,572.4000244140625,566.9400024414062,571.239990234375,162140000
1992-04-28,560.3300170898438,560.3300170898438,566.969970703125,557.0599975585938,566.010009765625,187480000
1992-04-29,569.9400024414062,569.9400024414062,569.969970703125,561.780029296875,563.030029296875,180380000
1992-04-30,578.6799926757812,578.6799926757812,578.6900024414062,571.239990234375,571.8800048828125,180120000
1992-05-01,578.1400146484375,578.1400146484375,580.969970703125,575.3900146484375,579.72998046875,147290000
1992-05-04,583.5399780273438,583.5399780273438,584.3599853515625,579.2000122070312,581.280029296875,144230000
1992-05-05,588.0700073242188,588.0700073242188,588.9000244140625,583.8400268554688,584.4400024414062,169940000
1992-05-06,589.3599853515625,589.3599853515625,591.2100219726562,588.7100219726562,589.8599853515625,171420000
1992-05-07,587.1599731445312,587.1599731445312,590.1699829101562,586.3300170898438,589.4099731445312,170280000
1992-05-08,585.760009765625,585.760009765625,588.3800048828125,584.9199829101562,587.030029296875,154710000
1992-05-11,587.1300048828125,587.1300048828125,588.1400146484375,585.9199829101562,586.4500122070312,141070000
1992-05-12,583.9600219726562,583.9600219726562,588.4099731445312,582.530029296875,586.719970703125,162340000
1992-05-13,582.3800048828125,582.3800048828125,584.760009765625,582.1400146484375,583.2899780273438,171750000
1992-05-14,576.4600219726562,576.4600219726562,582.8499755859375,574.719970703125,580.5800170898438,185180000
1992-05-15,574.4299926757812,574.4299926757812,575.2100219726562,571.010009765625,572.5999755859375,142890000
1992-05-18,576.530029296875,576.530029296875,578.4299926757812,575.7999877929688,576.8200073242188,129350000
1992-05-19,578.0499877929688,578.0499877929688,578.280029296875,575.0399780273438,576.530029296875,156670000
1992-05-20,580.2899780273438,580.2899780273438,580.4199829101562,578.02001953125,578.97998046875,160230000
1992-05-21,579.0999755859375,579.0999755859375,580.5499877929688,577.3800048828125,579.1199951171875,175860000
1992-05-22,580.2999877929688,580.2999877929688,581.1699829101562,578.9600219726562,579.6400146484375,124860000
1992-05-26,575.6500244140625,575.6500244140625,580.4299926757812,575.27001953125,579.5800170898438,126740000
1992-05-27,577.3499755859375,577.3499755859375,577.77001953125,575.6699829101562,576.280029296875,138340000
1992-05-28,580.489990234375,580.489990234375,580.6400146484375,576.0999755859375,576.510009765625,153200000
1992-05-29,585.3099975585938,585.3099975585938,585.9600219726562,581.3400268554688,583.239990234375,188630000
1992-06-01,588.3699951171875,588.3699951171875,588.3800048828125,582.1300048828125,583.6699829101562,141570000
1992-06-02,589.1799926757812,589.1799926757812,590.25,587.6400146484375,589.2000122070312,164960000
1992-06-03,589.9299926757812,589.9299926757812,591.0700073242188,587.969970703125,588.1699829101562,171860000
1992-06-04,588.260009765625,588.260009765625,590.5599975585938,588.1400146484375,589.77001953125,168120000
1992-06-05,585.4299926757812,585.4299926757812,589.469970703125,584.22998046875,588.2100219726562,168390000
1992-06-08,582.010009765625,582.010009765625,585.3699951171875,581.5,584.7100219726562,129050000
1992-06-09,573.7999877929688,573.7999877929688,583.0399780273438,572.239990234375,581.3300170898438,182220000
1992-06-10,569.7100219726562,569.7100219726562,574.6900024414062,569.5900268554688,573.25,157030000
1992-06-11,567.6799926757812,567.6799926757812,569.75,566.7899780273438,567.6900024414062,160150000
1992-06-12,569.52001953125,569.52001953125,571.6400146484375,569.2100219726562,570.1699829101562,149510000
1992-06-15,569.010009765625,569.010009765625,570.719970703125,567.97998046875,568.47998046875,132360000
1992-06-16,564.0700073242188,564.0700073242188,569.6099853515625,564.0599975585938,569.0599975585938,163180000
1992-06-17,553.239990234375,553.239990234375,563.9099731445312,552.8599853515625,562.1799926757812,190570000
1992-06-18,549.1699829101562,549.1699829101562,553.4600219726562,548.5499877929688,552.1799926757812,187860000
1992-06-19,554.2000122070312,554.2000122070312,554.2999877929688,550.7999877929688,551.4199829101562,177570000
1992-06-22,549.72998046875,549.72998046875,553.2100219726562,546.010009765625,552.4000244140625,151190000
1992-06-23,553.3599853515625,553.3599853515625,554.9500122070312,551.6300048828125,553.2000122070312,165670000
1992-06-24,551.3900146484375,551.3900146484375,553.9000244140625,551.1500244140625,552.6199951171875,152330000
1992-06-25,548.2000122070312,548.2000122070312,552.8599853515625,546.22998046875,552.0900268554688,171220000
1992-06-26,547.8400268554688,547.8400268554688,548.219970703125,545.9500122070312,547.1900024414062,150110000
1992-06-29,558.7999877929688,558.7999877929688,558.8099975585938,549.030029296875,550.9199829101562,159520000
1992-06-30,563.5999755859375,563.5999755859375,563.97998046875,559.3200073242188,559.6699829101562,195190000
1992-07-01,568.989990234375,568.989990234375,569.0499877929688,563.239990234375,563.72998046875,186080000
1992-07-02,563.3499755859375,563.3499755859375,571.1900024414062,562.8300170898438,570.02001953125,194650000
1992-07-06,563.1699829101562,563.1699829101562,563.3300170898438,560.1799926757812,560.72998046875,134770000
1992-07-07,557.4099731445312,557.4099731445312,565.010009765625,556.9600219726562,564.3400268554688,174410000
1992-07-08,557.5700073242188,557.5700073242188,557.6199951171875,553.760009765625,556.0900268554688,161650000
1992-07-09,564.75,564.75,564.75,558.6400146484375,560.4099731445312,175840000
1992-07-10,567.7999877929688,567.7999877929688,568.5700073242188,564.5800170898438,566.6599731445312,151510000
1992-07-13,570.219970703125,570.219970703125,571.0800170898438,567.7100219726562,568.5599975585938,132930000
1992-07-14,575.2100219726562,575.2100219726562,575.3800048828125,570.6400146484375,571.1699829101562,167200000
1992-07-15,575.469970703125,575.469970703125,577.1400146484375,575.02001953125,575.8400268554688,169380000
1992-07-16,576.1900024414062,576.1900024414062,576.1900024414062,572.4099731445312,573.3900146484375,172690000
1992-07-17,570.52001953125,570.52001953125,574.5599975585938,567.739990234375,571.5499877929688,146770000
1992-07-20,564.280029296875,564.280029296875,567.3800048828125,560.760009765625,560.8499755859375,117830000
1992-07-21,568.6300048828125,568.6300048828125,569.2899780273438,565.77001953125,566.3099975585938,155320000
1992-07-22,563.8800048828125,563.8800048828125,567.3400268554688,563.6099853515625,566.1699829101562,168350000
1992-07-23,565.239990234375,565.239990234375,565.72998046875,563.5,564.8599853515625,164560000
1992-07-24,565.6099853515625,565.6099853515625,566.3400268554688,562.6300048828125,564.3400268554688,167790000
1992-07-27,564.72998046875,564.72998046875,565.9600219726562,564.1500244140625,565.9600219726562,128130000
1992-07-28,571.6300048828125,571.6300048828125,571.6500244140625,565.6799926757812,566.25,173310000
1992-07-29,577.489990234375,577.489990234375,577.5599975585938,572.72998046875,574.5599975585938,210940000
1992-07-30,578.7999877929688,578.7999877929688,578.8599853515625,575.9500122070312,576.6599731445312,168750000
1992-07-31,580.8300170898438,580.8300170898438,581.010009765625,577.8800048828125,579.6199951171875,168790000
1992-08-03,582.3599853515625,582.3599853515625,582.6300048828125,579.5700073242188,579.6199951171875,141300000
1992-08-04,581.3200073242188,581.3200073242188,583.8400268554688,580.3499755859375,583.8400268554688,168490000
1992-08-05,576.8699951171875,576.8699951171875,580.9299926757812,576.260009765625,579.1199951171875,163780000
1992-08-06,574.02001953125,574.02001953125,576.1300048828125,572.97998046875,575.22998046875,156830000
1992-08-07,573.739990234375,573.739990234375,576.72998046875,572.469970703125,573.1500244140625,149680000
1992-08-10,573.1400146484375,573.1400146484375,574.2999877929688,572.1799926757812,573.4400024414062,120450000
1992-08-11,571.5999755859375,571.5999755859375,574.5800170898438,570.030029296875,573.7100219726562,145140000
1992-08-12,570.8499755859375,570.8499755859375,573.0599975585938,570.7999877929688,572.4600219726562,144150000
1992-08-13,570.989990234375,570.989990234375,572.4400024414062,570.5700073242188,571.8699951171875,143180000
1992-08-14,573.1799926757812,573.1799926757812,573.1799926757812,571.0,571.0,145650000
1992-08-17,572.469970703125,572.469970703125,573.6099853515625,571.6699829101562,573.4199829101562,132560000
1992-08-18,570.8699951171875,570.8699951171875,572.4500122070312,570.1500244140625,571.0800170898438,140340000
1992-08-19,567.6099853515625,567.6099853515625,571.6799926757812,567.6099853515625,571.3200073242188,156140000
1992-08-20,567.8599853515625,567.8599853515625,568.5599975585938,565.97998046875,567.9199829101562,155490000
1992-08-21,563.7000122070312,563.7000122070312,570.6599731445312,562.4199829101562,570.1099853515625,167300000
1992-08-24,555.3900146484375,555.3900146484375,561.8900146484375,554.9400024414062,559.27001953125,138460000
1992-08-25,554.219970703125,554.219970703125,555.030029296875,550.3599853515625,554.6400146484375,152410000
1992-08-26,558.7999877929688,558.7999877929688,559.0399780273438,554.9299926757812,555.030029296875,145870000
1992-08-27,563.27001953125,563.27001953125,564.27001953125,561.1099853515625,562.5599975585938,155490000
1992-08-28,563.5599975585938,563.5599975585938,563.9000244140625,562.3099975585938,562.8099975585938,127110000
1992-08-31,563.1199951171875,563.1199951171875,564.0800170898438,561.3599853515625,562.8699951171875,133530000
1992-09-01,565.6099853515625,565.6099853515625,565.6400146484375,562.3599853515625,562.510009765625,156870000
1992-09-02,571.25,571.25,571.469970703125,565.739990234375,566.489990234375,170330000
1992-09-03,574.8800048828125,574.8800048828125,575.7899780273438,572.219970703125,572.47998046875,186500000
1992-09-04,573.4400024414062,573.4400024414062,574.760009765625,572.6500244140625,573.3599853515625,122380000
1992-09-08,571.1699829101562,571.1699829101562,573.0399780273438,569.510009765625,572.719970703125,123880000
1992-09-09,574.8900146484375,574.8900146484375,575.0399780273438,571.0,571.5599975585938,170290000
1992-09-10,581.239990234375,581.239990234375,581.27001953125,575.1300048828125,575.6799926757812,200940000
1992-09-11,583.010009765625,583.010009765625,584.010009765625,581.3599853515625,582.2100219726562,188330000
1992-09-14,594.2100219726562,594.2100219726562,594.2100219726562,586.1500244140625,587.989990234375,227000000
1992-09-15,587.8599853515625,587.8599853515625,592.530029296875,586.3900146484375,590.4500122070312,183010000
1992-09-16,585.8900146484375,585.8900146484375,588.030029296875,582.1599731445312,583.4000244140625,181510000
1992-09-17,587.8200073242188,587.8200073242188,589.2100219726562,586.7000122070312,587.77001953125,183160000
1992-09-18,589.1199951171875,589.1199951171875,589.1300048828125,586.510009765625,587.530029296875,199420000
1992-09-21,588.5800170898438,588.5800170898438,588.9000244140625,586.5900268554688,588.239990234375,159460000
1992-09-22,583.0,583.0,588.8599853515625,582.27001953125,588.4400024414062,204920000
1992-09-23,582.9600219726562,582.9600219726562,583.4299926757812,580.3400268554688,581.9299926757812,193240000
1992-09-24,585.9299926757812,585.9299926757812,586.0399780273438,583.5499877929688,584.469970703125,180690000
1992-09-25,577.2000122070312,577.2000122070312,586.5599975585938,574.739990234375,585.469970703125,198490000
1992-09-28,575.3400268554688,575.3400268554688,575.6300048828125,573.1400146484375,574.989990234375,124360000
1992-09-29,577.6300048828125,577.6300048828125,577.780029296875,574.7000122070312,575.0999755859375,158860000
1992-09-30,583.27001953125,583.27001953125,583.2899780273438,578.0800170898438,578.5399780273438,187130000
1992-10-01,578.3300170898438,578.3300170898438,582.47998046875,577.8300170898438,581.0800170898438,185130000
1992-10-02,571.6300048828125,571.6300048828125,578.1900024414062,571.4099731445312,576.5999755859375,169960000
1992-10-05,565.2100219726562,565.2100219726562,569.2100219726562,551.719970703125,565.6599731445312,223690000
1992-10-06,570.5499877929688,570.5499877929688,571.2999877929688,565.6199951171875,566.0800170898438,195540000
1992-10-07,569.2000122070312,569.2000122070312,573.7899780273438,568.8499755859375,572.22998046875,156520000
1992-10-08,573.8800048828125,573.8800048828125,574.5599975585938,570.4600219726562,571.760009765625,197850000
1992-10-09,570.52001953125,570.52001953125,574.1500244140625,569.5,571.739990234375,170240000
1992-10-12,573.8400268554688,573.8400268554688,573.9500122070312,570.8400268554688,571.4000244140625,127850000
1992-10-13,576.4400024414062,576.4400024414062,577.739990234375,574.1599731445312,574.52001953125,167560000
1992-10-14,576.219970703125,576.219970703125,578.3300170898438,574.739990234375,575.0399780273438,175690000
1992-10-15,578.6400146484375,578.6400146484375,578.6900024414062,573.8900146484375,576.02001953125,173780000
1992-10-16,582.6099853515625,582.6099853515625,582.6099853515625,577.6199951171875,577.6599731445312,183830000
1992-10-19,590.6699829101562,590.6699829101562,590.72998046875,582.3400268554688,583.1099853515625,198130000
1992-10-20,592.7000122070312,592.7000122070312,595.75,591.3900146484375,593.8699951171875,232360000
1992-10-21,597.1500244140625,597.1500244140625,597.3699951171875,593.1400146484375,594.25,222050000
1992-10-22,597.1199951171875,597.1199951171875,597.7100219726562,594.8900146484375,596.469970703125,229750000
1992-10-23,597.2999877929688,597.2999877929688,599.0900268554688,596.739990234375,598.25,229240000
1992-10-26,598.9199829101562,598.9199829101562,599.0,595.8200073242188,596.6199951171875,168800000
1992-10-27,596.9500122070312,596.9500122070312,600.4400024414062,595.0999755859375,598.5,202570000
1992-10-28,601.3900146484375,601.3900146484375,601.5399780273438,596.1199951171875,596.8099975585938,208600000
1992-10-29,605.8200073242188,605.8200073242188,606.3699951171875,602.6400146484375,603.260009765625,211470000
1992-10-30,605.1699829101562,605.1699829101562,606.5800170898438,602.4299926757812,605.989990234375,193080000
1992-11-02,607.5700073242188,607.5700073242188,607.5900268554688,603.6199951171875,603.760009765625,179350000
1992-11-03,604.5800170898438,604.5800170898438,608.3099975585938,603.5999755859375,606.6900024414062,187370000
1992-11-04,605.52001953125,605.52001953125,606.3099975585938,603.3099975585938,604.4400024414062,189530000
1992-11-05,614.0800170898438,614.0800170898438,614.1599731445312,605.3900146484375,605.9400024414062,238450000
1992-11-06,616.8200073242188,616.8200073242188,616.969970703125,612.7000122070312,614.0499877929688,229150000
1992-11-09,622.0499877929688,622.0499877929688,622.47998046875,616.010009765625,616.8400268554688,245430000
1992-11-10,627.760009765625,627.760009765625,628.1500244140625,622.72998046875,624.0999755859375,262160000
1992-11-11,634.9199829101562,634.9199829101562,635.1099853515625,628.260009765625,629.1799926757812,273240000
1992-11-12,634.3699951171875,634.3699951171875,637.0900268554688,633.3400268554688,636.02001953125,259470000
1992-11-13,637.1599731445312,637.1599731445312,637.1599731445312,633.0599975585938,634.0499877929688,201470000
1992-11-16,634.010009765625,634.010009765625,637.5399780273438,633.469970703125,635.6300048828125,188080000
1992-11-17,627.0700073242188,627.0700073242188,634.1500244140625,626.5499877929688,632.7999877929688,224320000
1992-11-18,634.8599853515625,634.8599853515625,635.0599975585938,627.1199951171875,627.1199951171875,233260000
1992-11-19,638.5700073242188,638.5700073242188,639.8400268554688,635.8400268554688,636.6500244140625,258250000
1992-11-20,642.5999755859375,642.5999755859375,642.9600219726562,638.6699829101562,639.0700073242188,248040000
1992-11-23,638.8400268554688,638.8400268554688,642.1599731445312,636.6400146484375,638.3699951171875,208140000
1992-11-24,645.9400024414062,645.9400024414062,646.5,639.8099975585938,639.8900146484375,244920000
1992-11-25,648.3300170898438,648.3300170898438,648.3300170898438,646.239990234375,647.3099975585938,222270000
1992-11-27,649.489990234375,649.489990234375,650.6400146484375,648.5700073242188,648.8099975585938,93930000
1992-11-30,652.72998046875,652.72998046875,652.75,648.8400268554688,650.739990234375,217800000
1992-12-01,653.9500122070312,653.9500122070312,654.27001953125,650.27001953125,650.5800170898438,237120000
1992-12-02,652.9099731445312,652.9099731445312,654.6900024414062,651.3699951171875,653.9000244140625,243180000
1992-12-03,656.3599853515625,656.3599853515625,656.8099975585938,651.3900146484375,652.260009765625,239030000
1992-12-04,661.5999755859375,661.5999755859375,661.9199829101562,656.8499755859375,658.0599975585938,261110000
1992-12-07,666.530029296875,666.530029296875,666.5499877929688,661.7999877929688,662.8400268554688,226270000
1992-12-08,667.1199951171875,667.1199951171875,667.97998046875,664.6300048828125,667.3800048828125,274700000
1992-12-09,663.9199829101562,663.9199829101562,667.6900024414062,662.4000244140625,664.8599853515625,269870000
1992-12-10,658.9299926757812,658.9299926757812,662.9600219726562,656.4299926757812,662.0399780273438,241350000
1992-12-11,655.7899780273438,655.7899780273438,657.4500122070312,654.6199951171875,656.260009765625,213170000
1992-12-14,654.72998046875,654.72998046875,657.0900268554688,654.6599731445312,656.3900146484375,194500000
1992-12-15,650.75,650.75,653.8900146484375,648.75,652.77001953125,248930000
1992-12-16,649.6300048828125,649.6300048828125,652.7899780273438,648.97998046875,651.219970703125,258270000
1992-12-17,658.4600219726562,658.4600219726562,658.52001953125,650.27001953125,651.489990234375,247940000
1992-12-18,661.2899780273438,661.2899780273438,662.2899780273438,659.4199829101562,659.8699951171875,244060000
1992-12-21,662.4600219726562,662.4600219726562,662.6300048828125,660.010009765625,660.780029296875,202910000
1992-12-22,660.8400268554688,660.8400268554688,664.1300048828125,658.4299926757812,663.739990234375,247700000
1992-12-23,662.9600219726562,662.9600219726562,662.969970703125,660.6900024414062,662.1199951171875,252890000
1992-12-24,665.8800048828125,665.8800048828125,665.97998046875,662.77001953125,663.1799926757812,106260000
1992-12-28,666.25,666.25,666.3900146484375,663.8699951171875,665.6599731445312,144070000
1992-12-29,669.010009765625,669.010009765625,671.1799926757812,666.9099731445312,667.2999877929688,199710000
1992-12-30,671.8499755859375,671.8499755859375,671.8599853515625,668.5700073242188,670.260009765625,193480000
1992-12-31,676.9500122070312,676.9500122070312,676.9500122070312,672.0999755859375,673.0,203190000
1993-01-04,671.7999877929688,671.7999877929688,676.780029296875,671.4199829101562,675.3099975585938,188870000
1993-01-05,674.3400268554688,674.3400268554688,674.3499755859375,670.510009765625,670.52001953125,229400000
1993-01-06,681.8499755859375,681.8499755859375,681.8900146484375,676.72998046875,678.4400024414062,270020000
1993-01-07,678.2100219726562,678.2100219726562,685.2999877929688,677.8200073242188,681.5599975585938,296930000
1993-01-08,677.2100219726562,677.2100219726562,677.8599853515625,672.6799926757812,677.1900024414062,232820000
1993-01-11,682.4000244140625,682.4000244140625,682.4400024414062,676.2000122070312,677.4600219726562,195740000
1993-01-12,679.4500122070312,679.4500122070312,682.9000244140625,677.0900268554688,681.4400024414062,233770000
1993-01-13,686.780029296875,686.780029296875,686.969970703125,677.6199951171875,679.2100219726562,244700000
1993-01-14,695.7000122070312,695.7000122070312,695.8099975585938,688.2000122070312,690.3200073242188,286960000
1993-01-15,697.1500244140625,697.1500244140625,699.22998046875,691.6799926757812,692.4600219726562,295440000
1993-01-18,698.1300048828125,698.1300048828125,698.2899780273438,694.4500122070312,694.6900024414062,240740000
1993-01-19,696.8099975585938,696.8099975585938,699.6699829101562,695.739990234375,698.3800048828125,277890000
1993-01-20,697.4400024414062,697.4400024414062,699.1900024414062,695.9400024414062,696.8200073242188,271320000
1993-01-21,700.77001953125,700.77001953125,701.0800170898438,695.5800170898438,696.47998046875,281330000
1993-01-22,701.6300048828125,701.6300048828125,703.7100219726562,700.3699951171875,700.5900268554688,294720000
1993-01-25,706.9500122070312,706.9500122070312,708.5,702.0,703.6599731445312,264590000
1993-01-26,707.1599731445312,707.1599731445312,711.030029296875,706.3599853515625,709.8800048828125,296340000
1993-01-27,697.9000244140625,697.9000244140625,707.02001953125,694.9600219726562,705.8200073242188,281720000
1993-01-28,694.6699829101562,694.6699829101562,697.6699829101562,692.9400024414062,695.3900146484375,267210000
1993-01-29,696.3400268554688,696.3400268554688,697.1799926757812,693.8400268554688,696.9600219726562,236950000
1993-02-01,701.77001953125,701.77001953125,702.1400146484375,696.77001953125,697.97998046875,213940000
1993-02-02,705.1199951171875,705.1199951171875,705.1300048828125,700.97998046875,702.25,254080000
1993-02-03,708.6699829101562,708.6699829101562,709.3400268554688,706.030029296875,707.6799926757812,291730000
1993-02-04,708.8499755859375,708.8499755859375,711.280029296875,706.739990234375,710.030029296875,284660000
1993-02-05,700.97998046875,700.97998046875,708.25,696.760009765625,706.8300170898438,293210000
1993-02-08,698.4400024414062,698.4400024414062,702.22998046875,697.5999755859375,701.4500122070312,222070000
1993-02-09,692.2100219726562,692.2100219726562,700.72998046875,691.2999877929688,697.4099731445312,276980000
1993-02-10,695.02001953125,695.02001953125,696.3499755859375,692.510009765625,695.010009765625,259410000
1993-02-11,695.8800048828125,695.8800048828125,697.530029296875,695.280029296875,696.989990234375,235770000
1993-02-12,690.5399780273438,690.5399780273438,696.6400146484375,690.4000244140625,696.0399780273438,214600000
1993-02-16,665.3900146484375,665.3900146484375,689.1699829101562,663.4199829101562,683.0399780273438,303720000
1993-02-17,659.4299926757812,659.4299926757812,665.8800048828125,655.719970703125,662.9500122070312,275520000
1993-02-18,662.4500122070312,662.4500122070312,669.0,657.219970703125,668.0,298620000
1993-02-19,663.6099853515625,663.6099853515625,666.1699829101562,661.1799926757812,664.7899780273438,243300000
1993-02-22,652.4199829101562,652.4199829101562,663.5,652.1900024414062,661.4000244140625,277440000
1993-02-23,651.4000244140625,651.4000244140625,654.9000244140625,647.7899780273438,651.780029296875,270920000
1993-02-24,662.4600219726562,662.4600219726562,662.6599731445312,649.3699951171875,651.3200073242188,280920000
1993-02-25,667.0700073242188,667.0700073242188,667.2000122070312,659.1199951171875,661.030029296875,259390000
1993-02-26,670.77001953125,670.77001953125,670.9400024414062,666.489990234375,667.6099853515625,217330000
1993-03-01,669.510009765625,669.510009765625,672.9400024414062,668.9000244140625,670.8800048828125,186040000
1993-03-02,677.719970703125,677.719970703125,677.8699951171875,668.739990234375,669.280029296875,207080000
1993-03-03,683.9199829101562,683.9199829101562,683.9199829101562,678.4299926757812,678.4299926757812,237380000
1993-03-04,680.72998046875,680.72998046875,683.2899780273438,677.5999755859375,679.7000122070312,232050000
1993-03-05,681.3699951171875,681.3699951171875,683.3499755859375,678.6599731445312,678.7999877929688,214240000
1993-03-08,687.22998046875,687.22998046875,687.719970703125,681.719970703125,682.9299926757812,219940000
1993-03-09,688.9600219726562,688.9600219726562,690.4299926757812,687.3900146484375,689.3200073242188,232270000
1993-03-10,692.8699951171875,692.8699951171875,693.0399780273438,688.0800170898438,688.5700073242188,245200000
1993-03-11,694.280029296875,694.280029296875,695.989990234375,693.4500122070312,693.8099975585938,247070000
1993-03-12,692.780029296875,692.780029296875,692.9000244140625,686.8900146484375,687.7899780273438,288300000
1993-03-15,695.2100219726562,695.2100219726562,695.5599975585938,693.1199951171875,693.8900146484375,187580000
1993-03-16,695.469970703125,695.469970703125,697.4099731445312,695.0700073242188,697.0499877929688,229270000
1993-03-17,687.4000244140625,687.4000244140625,694.9400024414062,686.6300048828125,693.3800048828125,245090000
1993-03-18,687.4099731445312,687.4099731445312,690.0399780273438,687.25,689.3800048828125,231710000
1993-03-19,682.719970703125,682.719970703125,689.8200073242188,682.719970703125,687.97998046875,235640000
1993-03-22,676.6199951171875,676.6199951171875,681.6199951171875,674.489990234375,677.7100219726562,213030000
1993-03-23,675.0399780273438,675.0399780273438,679.7999877929688,674.7999877929688,679.1500244140625,226150000
1993-03-24,674.3599853515625,674.3599853515625,676.5599975585938,671.6799926757812,674.9000244140625,243330000
1993-03-25,681.010009765625,681.010009765625,681.4600219726562,675.3099975585938,675.6699829101562,219300000
1993-03-26,681.5399780273438,681.5399780273438,683.739990234375,680.010009765625,682.9400024414062,204510000
1993-03-29,680.760009765625,680.760009765625,684.1099853515625,680.739990234375,681.280029296875,194480000
1993-03-30,686.25,686.25,686.25,682.010009765625,682.5499877929688,121570000
1993-03-31,690.1300048828125,690.1300048828125,692.5599975585938,687.7999877929688,689.47998046875,257920000
1993-04-01,686.6400146484375,686.6400146484375,691.1500244140625,685.9500122070312,690.8200073242188,246690000
1993-04-02,669.8499755859375,669.8499755859375,683.9000244140625,669.8300170898438,677.8499755859375,279260000
1993-04-05,670.7100219726562,670.7100219726562,671.6900024414062,667.3099975585938,669.739990234375,190840000
1993-04-06,664.1400146484375,664.1400146484375,673.6300048828125,663.9099731445312,672.5999755859375,217530000
1993-04-07,668.8800048828125,668.8800048828125,669.0800170898438,664.0,664.8499755859375,212540000
1993-04-08,666.3300170898438,666.3300170898438,669.3499755859375,665.2999877929688,668.1799926757812,220880000
1993-04-12,673.1199951171875,673.1199951171875,673.6699829101562,668.27001953125,670.3099975585938,214150000
1993-04-13,673.8300170898438,673.8300170898438,678.0599975585938,673.4099731445312,676.3699951171875,256950000
1993-04-14,673.9400024414062,673.9400024414062,674.25,672.2100219726562,672.8599853515625,243110000
1993-04-15,670.3200073242188,670.3200073242188,673.1300048828125,668.4000244140625,671.260009765625,246950000
1993-04-16,666.780029296875,666.780029296875,671.0800170898438,666.1799926757812,669.4400024414062,226780000
1993-04-19,663.030029296875,663.030029296875,667.219970703125,660.0800170898438,664.2000122070312,222850000
1993-04-20,661.969970703125,661.969970703125,664.1699829101562,657.8400268554688,663.7100219726562,251320000
1993-04-21,664.0399780273438,664.0399780273438,664.5900268554688,660.219970703125,663.1099853515625,248440000
1993-04-22,663.510009765625,663.510009765625,668.530029296875,662.3499755859375,663.3499755859375,263780000
1993-04-23,658.4099731445312,658.4099731445312,664.0800170898438,657.7999877929688,661.469970703125,243390000
1993-04-26,645.8699951171875,645.8699951171875,658.3300170898438,645.760009765625,656.7899780273438,212320000
1993-04-27,652.52001953125,652.52001953125,652.6500244140625,644.7100219726562,645.97998046875,236790000
1993-04-28,658.1599731445312,658.1599731445312,658.1699829101562,654.0399780273438,655.5399780273438,220510000
1993-04-29,658.4500122070312,658.4500122070312,658.7899780273438,654.3800048828125,657.6099853515625,204960000
1993-04-30,661.4199829101562,661.4199829101562,664.9199829101562,659.6799926757812,660.6799926757812,226960000
1993-05-03,666.7100219726562,666.7100219726562,666.739990234375,661.4299926757812,662.75,202330000
1993-05-04,678.1599731445312,678.1599731445312,678.3400268554688,669.3800048828125,671.4199829101562,268770000
1993-05-05,683.260009765625,683.260009765625,683.8099975585938,676.6199951171875,678.780029296875,289190000
1993-05-06,680.0399780273438,680.0399780273438,684.3800048828125,679.030029296875,683.760009765625,260220000
1993-05-07,681.4400024414062,681.4400024414062,682.4400024414062,679.4199829101562,680.3200073242188,226110000
1993-05-10,682.8200073242188,682.8200073242188,684.2000122070312,682.219970703125,682.47998046875,206450000
1993-05-11,683.0599975585938,683.0599975585938,683.3200073242188,680.2100219726562,681.030029296875,223270000
1993-05-12,681.6900024414062,681.6900024414062,683.0,680.6199951171875,681.7999877929688,246370000
1993-05-13,675.6400146484375,675.6400146484375,680.8599853515625,674.22998046875,677.9099731445312,262530000
1993-05-14,676.3699951171875,676.3699951171875,676.3800048828125,673.72998046875,674.8099975585938,229170000
1993-05-17,677.9600219726562,677.9600219726562,678.6900024414062,675.72998046875,678.4600219726562,209900000
1993-05-18,680.780029296875,680.780029296875,680.9500122070312,678.010009765625,680.2999877929688,277710000
1993-05-19,690.4299926757812,690.4299926757812,690.4600219726562,678.8900146484375,681.760009765625,318310000
1993-05-20,697.4299926757812,697.4299926757812,697.9000244140625,691.6300048828125,693.8800048828125,343230000
1993-05-21,694.2899780273438,694.2899780273438,696.8699951171875,692.47998046875,695.9600219726562,278180000
1993-05-24,694.6900024414062,694.6900024414062,696.3200073242188,691.280029296875,692.5499877929688,205220000
1993-05-25,695.0399780273438,695.0399780273438,695.0800170898438,692.719970703125,692.9299926757812,252570000
1993-05-26,704.0900268554688,704.0900268554688,704.0900268554688,694.7899780273438,695.739990234375,293390000
1993-05-27,704.5900268554688,704.5900268554688,707.0499877929688,703.5700073242188,706.3699951171875,277790000
1993-05-28,700.530029296875,700.530029296875,704.010009765625,695.1099853515625,701.1699829101562,235750000
1993-06-01,704.280029296875,704.280029296875,706.239990234375,700.0700073242188,700.9600219726562,236780000
1993-06-02,705.8599853515625,705.8599853515625,706.52001953125,702.9500122070312,705.1599731445312,274320000
1993-06-03,706.219970703125,706.219970703125,706.6300048828125,702.6799926757812,704.8200073242188,260080000
1993-06-04,702.010009765625,702.010009765625,704.5700073242188,701.0499877929688,703.3200073242188,251880000
1993-06-07,694.6099853515625,694.6099853515625,703.6900024414062,694.4500122070312,701.9099731445312,247860000
1993-06-08,687.739990234375,687.739990234375,693.1400146484375,686.1500244140625,691.4600219726562,262310000
1993-06-09,689.239990234375,689.239990234375,691.3900146484375,686.3499755859375,687.0,263050000
1993-06-10,688.0499877929688,688.0499877929688,689.510009765625,685.6900024414062,689.0999755859375,242280000
1993-06-11,693.1900024414062,693.1900024414062,693.6300048828125,690.25,693.6300048828125,235210000
1993-06-14,696.4099731445312,696.4099731445312,697.4600219726562,694.1500244140625,694.7100219726562,208430000
1993-06-15,697.3400268554688,697.3400268554688,699.52001953125,696.1300048828125,698.9600219726562,236790000
1993-06-16,696.25,696.25,698.27001953125,693.1799926757812,697.9500122070312,239900000
1993-06-17,695.9400024414062,695.9400024414062,697.1699829101562,694.4000244140625,696.3800048828125,245440000
1993-06-18,689.5900268554688,689.5900268554688,697.469970703125,689.5900268554688,696.1300048828125,249920000
1993-06-21,688.739990234375,688.739990234375,690.760009765625,687.0599975585938,688.5700073242188,208470000
1993-06-22,686.77001953125,686.77001953125,689.9000244140625,685.97998046875,688.6599731445312,258170000
1993-06-23,684.7899780273438,684.7899780273438,687.4600219726562,683.969970703125,686.6799926757812,259950000
1993-06-24,688.719970703125,688.719970703125,689.1300048828125,682.8900146484375,683.2999877929688,227150000
1993-06-25,694.8099975585938,694.8099975585938,695.6900024414062,689.6599731445312,689.9500122070312,219360000
1993-06-28,702.8400268554688,702.8400268554688,702.8400268554688,696.2100219726562,697.719970703125,227010000
1993-06-29,701.0700073242188,701.0700073242188,704.4299926757812,699.8699951171875,703.5700073242188,251050000
1993-06-30,703.9500122070312,703.9500122070312,705.4199829101562,702.1300048828125,703.6599731445312,265900000
1993-07-01,703.5900268554688,703.5900268554688,704.4199829101562,700.760009765625,702.010009765625,225790000
1993-07-02,704.489990234375,704.489990234375,704.6599731445312,701.6900024414062,702.3900146484375,182540000
1993-07-06,702.219970703125,702.219970703125,705.9199829101562,700.8800048828125,705.5,199370000
1993-07-07,698.7899780273438,698.7899780273438,700.1900024414062,697.3699951171875,697.6099853515625,236010000
1993-07-08,702.7100219726562,702.7100219726562,702.75,698.3099975585938,698.9299926757812,254670000
1993-07-09,705.8099975585938,705.8099975585938,705.9600219726562,701.5,701.7000122070312,213730000
1993-07-12,707.6699829101562,707.6699829101562,707.9299926757812,704.9600219726562,706.8400268554688,202520000
1993-07-13,708.469970703125,708.469970703125,709.0800170898438,707.1300048828125,707.6900024414062,256530000
1993-07-14,712.489990234375,712.489990234375,713.9600219726562,707.8699951171875,708.77001953125,290560000
1993-07-15,708.6900024414062,708.6900024414062,712.1799926757812,708.0900268554688,710.3400268554688,300220000
1993-07-16,699.72998046875,699.72998046875,707.9400024414062,698.8499755859375,705.4299926757812,282880000
1993-07-19,695.8300170898438,695.8300170898438,699.6400146484375,694.530029296875,699.3900146484375,239620000
1993-07-20,701.9000244140625,701.9000244140625,701.9600219726562,695.6599731445312,697.8599853515625,261650000
1993-07-21,700.0800170898438,700.0800170898438,701.4500122070312,698.6099853515625,700.0599975585938,255930000
1993-07-22,695.52001953125,695.52001953125,701.3900146484375,694.739990234375,700.8300170898438,256820000
1993-07-23,700.239990234375,700.239990234375,700.6400146484375,696.5399780273438,697.5900268554688,237580000
1993-07-26,704.5399780273438,704.5399780273438,705.4099731445312,700.530029296875,702.25,226150000
1993-07-27,701.0,701.0,704.989990234375,699.8200073242188,703.8599853515625,271490000
1993-07-28,705.5900268554688,705.5900268554688,705.6900024414062,701.5999755859375,701.77001953125,265340000
1993-07-29,707.239990234375,707.239990234375,708.6500244140625,706.2899780273438,706.719970703125,275200000
1993-07-30,704.7000122070312,704.7000122070312,706.5399780273438,702.3699951171875,703.3300170898438,256700000
1993-08-02,707.6599731445312,707.6599731445312,708.1199951171875,705.0599975585938,706.3800048828125,224350000
1993-08-03,709.010009765625,709.010009765625,709.8599853515625,707.8699951171875,709.27001953125,247520000
1993-08-04,713.7899780273438,713.7899780273438,713.969970703125,708.4400024414062,708.9600219726562,253380000
1993-08-05,715.5,715.5,715.8300170898438,713.8099975585938,715.2999877929688,269820000
1993-08-06,718.0800170898438,718.0800170898438,718.3599853515625,715.9099731445312,716.6099853515625,251110000
1993-08-09,718.489990234375,718.489990234375,720.9500122070312,717.4099731445312,717.5399780273438,236180000
1993-08-10,717.0800170898438,717.0800170898438,718.9000244140625,716.1400146484375,718.739990234375,260860000
1993-08-11,718.77001953125,718.77001953125,718.8099975585938,717.6500244140625,718.4199829101562,291800000
1993-08-12,717.1199951171875,717.1199951171875,721.510009765625,715.0800170898438,721.469970703125,271290000
1993-08-13,718.260009765625,718.260009765625,718.280029296875,716.5499877929688,717.6799926757812,233590000
1993-08-16,726.8900146484375,726.8900146484375,727.0,720.0,721.1799926757812,245600000
1993-08-17,731.010009765625,731.010009765625,731.02001953125,727.0999755859375,727.3099975585938,273530000
1993-08-18,734.8300170898438,734.8300170898438,737.2899780273438,732.97998046875,736.3499755859375,233180000
1993-08-19,730.47998046875,730.47998046875,734.3699951171875,730.010009765625,732.6599731445312,289170000
1993-08-20,730.9600219726562,730.9600219726562,731.3499755859375,729.0399780273438,729.9199829101562,260380000
1993-08-23,730.8599853515625,730.8599853515625,731.239990234375,729.3599853515625,729.9400024414062,226930000
1993-08-24,735.1400146484375,735.1400146484375,735.489990234375,730.6599731445312,731.9400024414062,283380000
1993-08-25,733.6599731445312,733.6599731445312,737.4500122070312,732.4099731445312,735.760009765625,327230000
1993-08-26,731.3900146484375,731.3900146484375,732.969970703125,727.6099853515625,730.4600219726562,290450000
1993-08-27,734.0700073242188,734.0700073242188,734.0900268554688,730.8800048828125,731.5399780273438,247340000
1993-08-30,737.3800048828125,737.3800048828125,738.4199829101562,734.6900024414062,735.5900268554688,225070000
1993-08-31,742.8400268554688,742.8400268554688,742.9099731445312,738.4199829101562,739.5,269900000
1993-09-01,746.1500244140625,746.1500244140625,746.4099731445312,742.2100219726562,743.6500244140625,281360000
1993-09-02,748.6500244140625,748.6500244140625,749.4000244140625,747.1900024414062,748.239990234375,294780000
1993-09-03,749.7100219726562,749.7100219726562,749.719970703125,746.6900024414062,747.8599853515625,218700000
1993-09-07,739.3499755859375,739.3499755859375,749.5399780273438,738.4199829101562,749.1799926757812,244220000
1993-09-08,730.72998046875,730.72998046875,737.5399780273438,724.47998046875,734.6199951171875,307520000
1993-09-09,737.7100219726562,737.7100219726562,737.8900146484375,731.6300048828125,732.1900024414062,265500000
1993-09-10,744.3099975585938,744.3099975585938,744.6300048828125,739.22998046875,740.3900146484375,254200000
1993-09-13,740.3200073242188,740.3200073242188,745.4199829101562,740.0800170898438,744.2100219726562,230330000
1993-09-14,732.6400146484375,732.6400146484375,737.4099731445312,729.6799926757812,734.27001953125,266750000
1993-09-15,739.5499877929688,739.5499877929688,739.6199951171875,730.47998046875,731.22998046875,285460000
1993-09-16,739.7999877929688,739.7999877929688,740.6500244140625,738.0700073242188,739.3499755859375,220150000
1993-09-17,740.1099853515625,740.1099853515625,741.5999755859375,736.8300170898438,739.1500244140625,263170000
1993-09-20,740.2100219726562,740.2100219726562,744.4099731445312,739.8800048828125,742.2899780273438,228850000
1993-09-21,733.5599975585938,733.5599975585938,741.5499877929688,730.1500244140625,740.3200073242188,284810000
1993-09-22,745.5399780273438,745.5399780273438,745.5399780273438,735.719970703125,737.8900146484375,289360000
1993-09-23,752.260009765625,752.260009765625,752.4000244140625,746.5499877929688,748.4400024414062,334040000
1993-09-24,754.6500244140625,754.6500244140625,754.6699829101562,751.780029296875,752.5599975585938,309990000
1993-09-27,759.9500122070312,759.9500122070312,760.0,756.4500122070312,757.9500122070312,266560000
1993-09-28,763.6599731445312,763.6599731445312,763.6799926757812,759.2100219726562,760.0,283400000
1993-09-29,763.1699829101562,763.1699829101562,766.5700073242188,762.219970703125,765.5800170898438,341320000
1993-09-30,762.780029296875,762.780029296875,763.02001953125,759.9000244140625,760.27001953125,306210000
1993-10-01,763.22998046875,763.22998046875,763.530029296875,761.1500244140625,761.6199951171875,290020000
1993-10-04,764.8400268554688,764.8400268554688,765.5,762.8800048828125,763.5499877929688,237500000
1993-10-05,762.27001953125,762.27001953125,767.4500122070312,759.6699829101562,766.4199829101562,306430000
1993-10-06,764.77001953125,764.77001953125,767.3599853515625,763.1099853515625,764.3800048828125,297940000
1993-10-07,762.489990234375,762.489990234375,765.5399780273438,761.27001953125,764.9000244140625,294190000
1993-10-08,764.27001953125,764.27001953125,765.0700073242188,758.9000244140625,763.530029296875,281400000
1993-10-11,767.6500244140625,767.6500244140625,767.8400268554688,764.469970703125,766.4400024414062,251120000
1993-10-12,772.4600219726562,772.4600219726562,772.8200073242188,770.22998046875,772.1799926757812,316310000
1993-10-13,778.969970703125,778.969970703125,779.010009765625,774.2000122070312,775.239990234375,415360000
1993-10-14,785.4099731445312,785.4099731445312,785.9500122070312,780.280029296875,782.27001953125,382750000
1993-10-15,787.4199829101562,787.4199829101562,791.2000122070312,785.5499877929688,788.1300048828125,368800000
1993-10-18,782.9099731445312,782.9099731445312,789.219970703125,782.5999755859375,788.1099853515625,343720000
1993-10-19,768.7100219726562,768.7100219726562,782.3300170898438,767.77001953125,781.1699829101562,378720000
1993-10-20,768.25,768.25,772.0900268554688,766.9600219726562,770.97998046875,336910000
1993-10-21,771.280029296875,771.280029296875,771.3300170898438,765.75,768.8800048828125,338570000
1993-10-22,772.6799926757812,772.6799926757812,776.8200073242188,771.260009765625,774.1900024414062,361740000
1993-10-25,769.75,769.75,774.3599853515625,767.7899780273438,774.1199951171875,284460000
1993-10-26,765.4600219726562,765.4600219726562,770.47998046875,763.0599975585938,768.3699951171875,295900000
1993-10-27,771.8800048828125,771.8800048828125,772.0800170898438,765.9299926757812,767.3499755859375,302150000
1993-10-28,773.489990234375,773.489990234375,776.7899780273438,770.8699951171875,772.5,312140000
1993-10-29,779.260009765625,779.260009765625,779.5800170898438,773.75,774.780029296875,304660000
1993-11-01,783.77001953125,783.77001953125,784.030029296875,779.2999877929688,780.3699951171875,273130000
1993-11-02,785.6599731445312,785.6599731445312,785.6599731445312,779.7999877929688,783.780029296875,324660000
1993-11-03,772.9500122070312,772.9500122070312,786.0999755859375,771.6500244140625,783.9500122070312,348810000
1993-11-04,757.260009765625,757.260009765625,772.5599975585938,756.5900268554688,770.010009765625,327880000
1993-11-05,762.989990234375,762.989990234375,762.989990234375,748.5900268554688,757.260009765625,333680000
1993-11-08,766.2100219726562,766.2100219726562,768.030029296875,761.3400268554688,763.9500122070312,253640000
1993-11-09,769.8400268554688,769.8400268554688,774.4199829101562,769.469970703125,773.0499877929688,316770000
1993-11-10,776.5,776.5,776.77001953125,770.010009765625,770.75,303850000
1993-11-11,778.97998046875,778.97998046875,780.8599853515625,777.4500122070312,779.260009765625,318740000
1993-11-12,779.3200073242188,779.3200073242188,780.7100219726562,777.9600219726562,779.719970703125,307750000
1993-11-15,772.4500122070312,772.4500122070312,780.02001953125,772.1500244140625,778.760009765625,271140000
1993-11-16,771.6900024414062,771.6900024414062,772.77001953125,767.1599731445312,771.7899780273438,312690000
1993-11-17,762.3599853515625,762.3599853515625,773.280029296875,761.280029296875,769.97998046875,359650000
1993-11-18,754.3400268554688,754.3400268554688,763.3099975585938,753.5800170898438,759.8400268554688,372060000
1993-11-19,751.5599975585938,751.5599975585938,755.3200073242188,750.219970703125,752.1799926757812,391110000
1993-11-22,738.1300048828125,738.1300048828125,749.3800048828125,737.6699829101562,746.27001953125,302140000
1993-11-23,746.8200073242188,746.8200073242188,746.8699951171875,740.1799926757812,742.9500122070312,279550000
1993-11-24,753.1799926757812,753.1799926757812,753.1900024414062,748.0900268554688,750.9400024414062,240370000
1993-11-26,754.8699951171875,754.8699951171875,755.02001953125,753.5999755859375,753.77001953125,80290000
1993-11-29,751.5399780273438,751.5399780273438,756.4000244140625,751.3900146484375,756.4000244140625,243130000
1993-11-30,754.3900146484375,754.3900146484375,755.1099853515625,748.6799926757812,751.010009765625,285840000
1993-12-01,763.8099975585938,763.8099975585938,764.239990234375,757.4000244140625,759.9000244140625,323880000
1993-12-02,766.72998046875,766.72998046875,766.72998046875,762.27001953125,765.4099731445312,299130000
1993-12-03,772.219970703125,772.219970703125,772.239990234375,768.5700073242188,768.72998046875,327870000
1993-12-06,771.0900268554688,771.0900268554688,771.4400024414062,765.6099853515625,767.510009765625,292660000
1993-12-07,769.3499755859375,769.3499755859375,771.9299926757812,767.77001953125,770.8800048828125,298840000
1993-12-08,767.8900146484375,767.8900146484375,768.1300048828125,765.989990234375,766.1599731445312,293440000
1993-12-09,761.489990234375,761.489990234375,766.4000244140625,760.510009765625,764.4199829101562,302790000
1993-12-10,760.739990234375,760.739990234375,761.8400268554688,758.0999755859375,760.3599853515625,308250000
1993-12-13,759.719970703125,759.719970703125,760.9500122070312,757.3099975585938,759.780029296875,270010000
1993-12-14,751.469970703125,751.469970703125,760.1799926757812,750.9600219726562,758.8599853515625,304880000
1993-12-15,752.969970703125,752.969970703125,753.1199951171875,750.2999877929688,751.260009765625,287600000
1993-12-16,755.530029296875,755.530029296875,756.3400268554688,753.2000122070312,754.8200073242188,286970000
1993-12-17,759.22998046875,759.22998046875,760.1199951171875,757.1699829101562,758.7100219726562,310630000
1993-12-20,760.1500244140625,760.1500244140625,760.5800170898438,758.5999755859375,759.6500244140625,266180000
1993-12-21,755.6300048828125,755.6300048828125,774.0399780273438,754.6300048828125,758.280029296875,291200000
1993-12-22,756.0700073242188,756.0700073242188,756.7000122070312,752.3400268554688,752.4500122070312,301660000
1993-12-23,758.7000122070312,758.7000122070312,759.1799926757812,756.8800048828125,757.6199951171875,246050000
1993-12-27,761.0599975585938,761.0599975585938,761.0900268554688,758.1500244140625,758.75,182550000
1993-12-28,764.5599975585938,764.5599975585938,764.5700073242188,760.25,761.0,247610000
1993-12-29,768.47998046875,768.47998046875,768.47998046875,763.5999755859375,764.0999755859375,266390000
1993-12-30,771.0800170898438,771.0800170898438,771.280029296875,767.7000122070312,768.6400146484375,262690000
1993-12-31,776.7999877929688,776.7999877929688,776.8699951171875,770.2899780273438,771.4199829101562,253850000
1994-01-03,770.760009765625,770.760009765625,777.2899780273438,768.4099731445312,774.1099853515625,253020000
1994-01-04,774.280029296875,774.280029296875,774.780029296875,771.02001953125,771.4299926757812,298600000
1994-01-05,778.0499877929688,778.0499877929688,778.2100219726562,773.6900024414062,775.22998046875,349880000
1994-01-06,780.4099731445312,780.4099731445312,781.2100219726562,778.25,780.3599853515625,349210000
1994-01-07,782.9400024414062,782.9400024414062,783.3900146484375,778.2000122070312,779.2899780273438,330060000
1994-01-10,786.6900024414062,786.6900024414062,787.489990234375,782.9199829101562,783.0499877929688,313350000
1994-01-11,785.52001953125,785.52001953125,787.3200073242188,784.3400268554688,785.9299926757812,321930000
1994-01-12,786.8699951171875,786.8699951171875,788.4299926757812,782.6799926757812,788.2000122070312,322540000
1994-01-13,787.8099975585938,787.8099975585938,787.8499755859375,783.969970703125,784.3599853515625,290110000
1994-01-14,792.3099975585938,792.3099975585938,793.1400146484375,788.780029296875,789.989990234375,299660000
1994-01-17,792.1799926757812,792.1799926757812,792.739990234375,790.8300170898438,791.6799926757812,243450000
1994-01-18,793.02001953125,793.02001953125,793.1699829101562,791.260009765625,791.9400024414062,319440000
1994-01-19,789.280029296875,789.280029296875,792.0800170898438,787.3200073242188,789.6400146484375,337870000
1994-01-20,793.030029296875,793.030029296875,793.030029296875,789.8400268554688,790.3200073242188,340170000
1994-01-21,794.280029296875,794.280029296875,794.6500244140625,792.5900268554688,794.3099975585938,349430000
1994-01-24,790.6500244140625,790.6500244140625,794.4199829101562,789.8800048828125,793.8900146484375,303880000
1994-01-25,786.3900146484375,786.3900146484375,791.2100219726562,783.530029296875,789.97998046875,352350000
1994-01-26,788.7999877929688,788.7999877929688,789.5,784.8699951171875,785.1300048828125,316490000
1994-01-27,792.8800048828125,792.8800048828125,793.3200073242188,788.4600219726562,789.1300048828125,314490000
1994-01-28,796.530029296875,796.530029296875,796.5399780273438,793.5999755859375,795.030029296875,347490000
1994-01-31,800.469970703125,800.469970703125,800.6300048828125,797.2000122070312,797.77001953125,329920000
1994-02-01,797.239990234375,797.239990234375,799.989990234375,794.9199829101562,798.4199829101562,339750000
1994-02-02,799.5700073242188,799.5700073242188,799.6900024414062,796.719970703125,796.9600219726562,334950000
1994-02-03,797.7899780273438,797.7899780273438,798.9099731445312,794.8499755859375,798.4400024414062,331620000
1994-02-04,777.280029296875,777.280029296875,797.8300170898438,777.1799926757812,797.239990234375,376030000
1994-02-07,779.2000122070312,779.2000122070312,779.3200073242188,767.2999877929688,770.6400146484375,370020000
1994-02-08,782.7000122070312,782.7000122070312,783.0800170898438,777.77001953125,780.27001953125,309940000
1994-02-09,786.530029296875,786.530029296875,787.52001953125,783.1199951171875,783.47998046875,330190000
1994-02-10,783.4199829101562,783.4199829101562,788.47998046875,782.719970703125,788.1500244140625,339290000
1994-02-11,781.3900146484375,781.3900146484375,783.1300048828125,778.3300170898438,781.030029296875,208190000
1994-02-14,785.4500122070312,785.4500122070312,785.8800048828125,782.1599731445312,783.6099853515625,282510000
1994-02-15,790.1199951171875,790.1199951171875,790.5800170898438,785.6199951171875,786.3800048828125,296640000
1994-02-16,792.6199951171875,792.6199951171875,793.4600219726562,790.25,792.6400146484375,338500000
1994-02-17,790.239990234375,790.239990234375,796.2100219726562,788.6900024414062,796.1400146484375,354810000
1994-02-18,788.8499755859375,788.8499755859375,792.3599853515625,784.9099731445312,791.469970703125,300630000
1994-02-22,791.1500244140625,791.1500244140625,791.2100219726562,785.8099975585938,787.4099731445312,263270000
1994-02-23,789.1099853515625,789.1099853515625,793.1199951171875,788.510009765625,792.6400146484375,295470000
1994-02-24,779.4400024414062,779.4400024414062,786.1799926757812,777.6900024414062,780.760009765625,348950000
1994-02-25,783.780029296875,783.780029296875,783.7999877929688,779.8300170898438,781.7100219726562,285650000
1994-02-28,792.5,792.5,792.9299926757812,785.6199951171875,788.239990234375,287550000
1994-03-01,788.6400146484375,788.6400146484375,793.4199829101562,783.5800170898438,792.0999755859375,307310000
1994-03-02,783.469970703125,783.469970703125,783.52001953125,772.030029296875,773.010009765625,326640000
1994-03-03,784.5800170898438,784.5800170898438,786.969970703125,783.7899780273438,784.5999755859375,318360000
1994-03-04,790.5499877929688,790.5499877929688,790.8800048828125,785.3599853515625,786.9000244140625,318180000
1994-03-07,795.0499877929688,795.0499877929688,795.7100219726562,792.0599975585938,793.6300048828125,303240000
1994-03-08,792.1199951171875,792.1199951171875,795.3599853515625,790.3599853515625,794.0900268554688,304660000
1994-03-09,793.0499877929688,793.0499877929688,794.760009765625,789.2899780273438,792.9600219726562,316900000
1994-03-10,789.0900268554688,789.0900268554688,795.0399780273438,787.010009765625,793.8699951171875,326790000
1994-03-11,789.2000122070312,789.2000122070312,789.6900024414062,786.2999877929688,786.6599731445312,279250000
1994-03-14,792.7999877929688,792.7999877929688,793.239990234375,789.7100219726562,790.469970703125,265500000
1994-03-15,793.52001953125,793.52001953125,795.6500244140625,792.4400024414062,794.4600219726562,303080000
1994-03-16,798.989990234375,798.989990234375,799.02001953125,794.4600219726562,794.8099975585938,338010000
1994-03-17,803.8499755859375,803.8499755859375,804.3099975585938,800.0599975585938,800.3900146484375,324270000
1994-03-18,803.9299926757812,803.9299926757812,804.4299926757812,799.1900024414062,799.2100219726562,311450000
1994-03-21,797.2999877929688,797.2999877929688,803.3900146484375,797.1199951171875,800.1599731445312,261550000
1994-03-22,796.3400268554688,796.3400268554688,797.489990234375,794.8599853515625,795.9099731445312,305230000
1994-03-23,797.510009765625,797.510009765625,799.2899780273438,796.280029296875,798.8800048828125,334150000
1994-03-24,786.6799926757812,786.6799926757812,796.8499755859375,783.280029296875,793.6500244140625,373500000
1994-03-25,783.4500122070312,783.4500122070312,787.6900024414062,783.3800048828125,785.8099975585938,281290000
1994-03-28,772.5,772.5,784.6400146484375,767.4600219726562,780.010009765625,300920000
1994-03-29,755.2899780273438,755.2899780273438,773.4099731445312,755.2899780273438,770.4099731445312,309560000
1994-03-30,744.9099731445312,744.9099731445312,753.27001953125,741.7999877929688,746.1300048828125,398190000
1994-03-31,743.4600219726562,743.4600219726562,747.7000122070312,731.8499755859375,743.9199829101562,413950000
1994-04-04,727.4099731445312,727.4099731445312,737.1300048828125,721.6099853515625,723.0599975585938,313720000
1994-04-05,750.9500122070312,750.9500122070312,751.0800170898438,731.9500122070312,739.5499877929688,330810000
1994-04-06,750.719970703125,750.719970703125,752.4500122070312,745.3900146484375,751.5499877929688,293820000
1994-04-07,755.1699829101562,755.1699829101562,755.2999877929688,750.4600219726562,750.969970703125,284690000
1994-04-08,748.7100219726562,748.7100219726562,755.3499755859375,746.0900268554688,753.22998046875,268820000
1994-04-11,748.1099853515625,748.1099853515625,749.4500122070312,746.27001953125,747.5,238170000
1994-04-12,739.219970703125,739.219970703125,747.8300170898438,738.02001953125,746.1699829101562,290760000
1994-04-13,727.3800048828125,727.3800048828125,741.5900268554688,723.9500122070312,740.47998046875,343360000
1994-04-14,727.3099975585938,727.3099975585938,730.7000122070312,721.5700073242188,727.3800048828125,313100000
1994-04-15,727.969970703125,727.969970703125,729.97998046875,726.8800048828125,728.219970703125,278920000
1994-04-18,720.4500122070312,720.4500122070312,731.280029296875,719.719970703125,731.1199951171875,246580000
1994-04-19,712.8499755859375,712.8499755859375,723.25,709.0999755859375,722.3499755859375,328190000
1994-04-20,705.52001953125,705.52001953125,717.719970703125,703.4000244140625,716.3200073242188,335340000
1994-04-21,718.739990234375,718.739990234375,718.739990234375,707.1099853515625,709.6199951171875,341230000
1994-04-22,722.5599975585938,722.5599975585938,724.22998046875,720.0700073242188,721.8400268554688,319540000
1994-04-25,730.7999877929688,730.7999877929688,731.1099853515625,723.5599975585938,723.8499755859375,238290000
1994-04-26,734.2100219726562,734.2100219726562,734.3800048828125,731.3099975585938,733.530029296875,285540000
1994-04-28,731.6900024414062,731.6900024414062,736.219970703125,730.9600219726562,736.030029296875,308690000
1994-04-29,733.8400268554688,733.8400268554688,734.3699951171875,728.5900268554688,729.72998046875,263810000
1994-05-02,740.6799926757812,740.6799926757812,740.9400024414062,732.719970703125,733.969970703125,254080000
1994-05-03,739.3699951171875,739.3699951171875,742.4600219726562,736.25,741.8499755859375,302080000
1994-05-04,740.2999877929688,740.2999877929688,741.4600219726562,737.4299926757812,739.3800048828125,278820000
1994-05-05,740.5499877929688,740.5499877929688,742.4299926757812,739.9199829101562,741.3599853515625,275370000
1994-05-06,732.8599853515625,732.8599853515625,737.4000244140625,730.02001953125,732.1900024414062,249510000
1994-05-09,722.9600219726562,722.9600219726562,731.72998046875,722.489990234375,729.9600219726562,223840000
1994-05-10,725.0,725.0,729.3300170898438,724.0800170898438,727.4000244140625,300040000
1994-05-11,717.0,717.0,725.5900268554688,716.6099853515625,724.5399780273438,312280000
1994-05-12,719.6099853515625,719.6099853515625,722.1599731445312,718.97998046875,721.1699829101562,270710000
1994-05-13,716.9199829101562,716.9199829101562,720.1400146484375,713.25,717.3200073242188,318730000
1994-05-16,711.9099731445312,711.9099731445312,716.9600219726562,711.0900268554688,715.22998046875,233560000
1994-05-17,711.52001953125,711.52001953125,712.1400146484375,703.8400268554688,708.4099731445312,318170000
1994-05-18,721.9000244140625,721.9000244140625,722.5800170898438,714.6199951171875,715.5,305490000
1994-05-19,727.3099975585938,727.3099975585938,728.9500122070312,722.52001953125,723.260009765625,335750000
1994-05-20,726.7000122070312,726.7000122070312,727.3300170898438,725.0599975585938,727.2100219726562,283620000
1994-05-23,724.9500122070312,724.9500122070312,728.1099853515625,723.02001953125,727.5999755859375,230700000
1994-05-24,731.469970703125,731.469970703125,732.02001953125,726.5800170898438,727.8900146484375,279570000
1994-05-25,732.0700073242188,732.0700073242188,732.9000244140625,727.510009765625,729.0599975585938,274180000
1994-05-26,731.6400146484375,731.6400146484375,734.4299926757812,730.1400146484375,733.8699951171875,276720000
1994-05-27,733.1400146484375,733.1400146484375,733.5900268554688,729.3699951171875,730.510009765625,205520000
1994-05-31,735.1900024414062,735.1900024414062,735.4199829101562,730.5,730.8300170898438,214430000
1994-06-01,735.52001953125,735.52001953125,735.989990234375,730.5700073242188,733.1799926757812,300340000
1994-06-02,739.5,739.5,739.72998046875,735.6300048828125,737.6500244140625,297820000
1994-06-03,742.3800048828125,742.3800048828125,743.6900024414062,729.739990234375,738.5999755859375,279000000
1994-06-06,743.4299926757812,743.4299926757812,744.9400024414062,741.9400024414062,743.2899780273438,288370000
1994-06-07,739.2999877929688,739.2999877929688,742.6699829101562,738.9500122070312,742.469970703125,255550000
1994-06-08,729.7899780273438,729.7899780273438,740.3300170898438,728.7000122070312,737.9600219726562,326070000
1994-06-09,728.8800048828125,728.8800048828125,730.4299926757812,727.1900024414062,730.1099853515625,283080000
1994-06-10,734.25,734.25,734.510009765625,729.8400268554688,730.0599975585938,254310000
1994-06-13,731.7000122070312,731.7000122070312,734.5399780273438,731.6400146484375,733.1300048828125,213110000
1994-06-14,735.97998046875,735.97998046875,736.4000244140625,733.52001953125,733.8900146484375,280890000
1994-06-15,735.8400268554688,735.8400268554688,738.3900146484375,734.4500122070312,738.0,265280000
1994-06-16,734.969970703125,734.969970703125,735.739990234375,733.2100219726562,733.4500122070312,255370000
1994-06-17,729.3499755859375,729.3499755859375,735.780029296875,728.8400268554688,735.4500122070312,278470000
1994-06-20,718.8499755859375,718.8499755859375,726.4500122070312,718.27001953125,726.4500122070312,234170000
1994-06-21,708.7899780273438,708.7899780273438,716.4199829101562,706.02001953125,716.4199829101562,296510000
1994-06-22,712.739990234375,712.739990234375,714.6699829101562,710.52001953125,710.52001953125,263700000
1994-06-23,700.8499755859375,700.8499755859375,714.010009765625,700.239990234375,712.9099731445312,310310000
1994-06-24,693.7899780273438,693.7899780273438,699.780029296875,693.2999877929688,699.780029296875,282460000
1994-06-27,702.6799926757812,702.6799926757812,702.9299926757812,690.9500122070312,694.1599731445312,241230000
1994-06-28,702.0499877929688,702.0499877929688,706.989990234375,698.4000244140625,704.1300048828125,260090000
1994-06-29,704.010009765625,704.010009765625,707.9600219726562,702.510009765625,702.5800170898438,268240000
1994-06-30,705.9600219726562,705.9600219726562,707.489990234375,702.1900024414062,705.75,281780000
1994-07-01,706.8499755859375,706.8499755859375,706.97998046875,703.4400024414062,706.2899780273438,201870000
1994-07-05,703.5900268554688,703.5900268554688,707.02001953125,703.260009765625,706.72998046875,200100000
1994-07-06,701.0,701.0,702.469970703125,699.4099731445312,702.469970703125,263050000
1994-07-07,706.530029296875,706.530029296875,706.5599975585938,700.8599853515625,701.47998046875,268580000
1994-07-08,707.4600219726562,707.4600219726562,709.1699829101562,703.6400146484375,705.5999755859375,257210000
1994-07-11,706.8300170898438,706.8300170898438,709.47998046875,703.0499877929688,708.4600219726562,225660000
1994-07-12,709.5900268554688,709.5900268554688,709.8300170898438,703.5,707.3200073242188,249600000
1994-07-13,719.3499755859375,719.3499755859375,719.530029296875,710.8800048828125,710.8800048828125,342160000
1994-07-14,721.5599975585938,721.5599975585938,725.1900024414062,720.3499755859375,720.3499755859375,351310000
1994-07-15,721.3599853515625,721.3599853515625,721.6400146484375,719.6900024414062,721.6400146484375,213820000
1994-07-18,722.6199951171875,722.6199951171875,722.6400146484375,720.1500244140625,722.2999877929688,249350000
1994-07-19,719.3200073242188,719.3200073242188,723.010009765625,719.0800170898438,722.7000122070312,300460000
1994-07-20,712.77001953125,712.77001953125,719.5700073242188,711.0800170898438,719.5700073242188,297630000
1994-07-21,715.030029296875,715.030029296875,715.030029296875,710.5499877929688,713.3200073242188,297470000
1994-07-22,716.6799926757812,716.6799926757812,717.1300048828125,713.9299926757812,716.760009765625,293720000
1994-07-25,716.8800048828125,716.8800048828125,716.8800048828125,714.6500244140625,716.6599731445312,216640000
1994-07-26,715.6599731445312,715.6599731445312,717.0999755859375,714.4299926757812,717.0999755859375,268550000
1994-07-27,712.1300048828125,712.1300048828125,716.3599853515625,712.010009765625,715.7999877929688,270680000
1994-07-28,712.4299926757812,712.4299926757812,714.3099975585938,711.8699951171875,712.0599975585938,267190000
1994-07-29,722.1599731445312,722.1599731445312,722.22998046875,713.9299926757812,713.9299926757812,300810000
1994-08-01,724.8499755859375,724.8499755859375,724.9099731445312,722.6699829101562,722.8400268554688,269660000
1994-08-02,724.7999877929688,724.7999877929688,728.1400146484375,723.6500244140625,725.3300170898438,309760000
1994-08-03,723.6900024414062,723.6900024414062,725.4099731445312,723.5,725.280029296875,285400000
1994-08-04,720.1799926757812,720.1799926757812,724.7999877929688,719.7999877929688,724.4099731445312,271130000
1994-08-05,718.6699829101562,718.6699829101562,718.9099731445312,715.9099731445312,718.6599731445312,230910000
1994-08-08,720.469970703125,720.469970703125,720.47998046875,717.0499877929688,717.72998046875,221810000
1994-08-09,722.6099853515625,722.6099853515625,722.6099853515625,719.75,720.4600219726562,267250000
1994-08-10,728.2000122070312,728.2000122070312,728.280029296875,722.8699951171875,722.8699951171875,326430000
1994-08-11,728.2000122070312,728.2000122070312,731.760009765625,724.9199829101562,727.6400146484375,321770000
1994-08-12,731.6099853515625,731.6099853515625,731.8900146484375,728.75,729.4299926757812,259460000
1994-08-15,732.8900146484375,732.8900146484375,733.4199829101562,730.6699829101562,732.1099853515625,243590000
1994-08-16,735.510009765625,735.510009765625,735.9099731445312,730.2999877929688,733.3900146484375,295560000
1994-08-17,742.6599731445312,742.6599731445312,742.72998046875,737.010009765625,737.010009765625,335310000
1994-08-18,742.1699829101562,742.1699829101562,744.7100219726562,740.1599731445312,742.27001953125,335280000
1994-08-19,742.4299926757812,742.4299926757812,743.8300170898438,739.5999755859375,743.4600219726562,282910000
1994-08-22,742.2899780273438,742.2899780273438,742.8300170898438,740.52001953125,741.760009765625,254750000
1994-08-23,747.97998046875,747.97998046875,749.5399780273438,743.1300048828125,743.3200073242188,333210000
1994-08-24,751.719970703125,751.719970703125,751.8400268554688,747.719970703125,748.1300048828125,323480000
1994-08-25,754.7999877929688,754.7999877929688,756.5399780273438,751.5700073242188,752.1900024414062,308290000
1994-08-26,762.9400024414062,762.9400024414062,764.5700073242188,756.5,756.5,316810000
1994-08-29,763.2100219726562,763.2100219726562,765.969970703125,762.9099731445312,763.4400024414062,284030000
1994-08-30,766.4600219726562,766.4600219726562,766.6300048828125,761.1500244140625,762.7000122070312,295140000
1994-08-31,765.6199951171875,765.6199951171875,767.5999755859375,764.5499877929688,765.72998046875,323990000
1994-09-01,758.9500122070312,758.9500122070312,763.0,757.4299926757812,763.0,321840000
1994-09-02,759.22998046875,759.22998046875,761.2000122070312,758.1400146484375,759.52001953125,236460000
1994-09-06,759.47998046875,759.47998046875,759.6500244140625,757.52001953125,759.010009765625,185150000
1994-09-07,764.280029296875,764.280029296875,765.1199951171875,760.0700073242188,760.510009765625,283770000
1994-09-08,769.2999877929688,769.2999877929688,769.4400024414062,764.7000122070312,764.739990234375,303060000
1994-09-09,763.72998046875,763.72998046875,766.2100219726562,761.469970703125,766.2100219726562,277410000
1994-09-12,760.010009765625,760.010009765625,763.7100219726562,759.0599975585938,763.5599975585938,223400000
1994-09-13,765.8300170898438,765.8300170898438,765.969970703125,761.8599853515625,761.8599853515625,283030000
1994-09-14,768.6099853515625,768.6099853515625,768.6400146484375,765.0499877929688,766.280029296875,293060000
1994-09-15,778.6599731445312,778.6599731445312,778.6599731445312,768.4099731445312,768.4099731445312,298230000
1994-09-16,777.9099731445312,777.9099731445312,779.5800170898438,773.9000244140625,777.72998046875,323300000
1994-09-19,776.719970703125,776.719970703125,779.0900268554688,776.4500122070312,778.1300048828125,261540000
1994-09-20,766.739990234375,766.739990234375,775.8200073242188,766.739990234375,775.8200073242188,305630000
1994-09-21,760.7100219726562,760.7100219726562,767.239990234375,758.0800170898438,767.1300048828125,322330000
1994-09-22,760.4400024414062,760.4400024414062,763.1300048828125,758.8300170898438,761.7999877929688,308590000
1994-09-23,757.4600219726562,757.4600219726562,762.239990234375,756.8200073242188,759.8800048828125,321030000
1994-09-26,755.6300048828125,755.6300048828125,756.9500122070312,752.489990234375,756.9500122070312,250460000
1994-09-27,755.3699951171875,755.3699951171875,756.1799926757812,753.3200073242188,755.1400146484375,273720000
1994-09-28,760.010009765625,760.010009765625,761.25,756.1199951171875,756.1199951171875,300240000
1994-09-29,759.3400268554688,759.3400268554688,760.1300048828125,756.3099975585938,759.7000122070312,284260000
1994-09-30,764.2899780273438,764.2899780273438,765.2100219726562,759.5399780273438,760.3400268554688,308100000
1994-10-03,760.8800048828125,760.8800048828125,764.47998046875,760.3300170898438,764.469970703125,244890000
1994-10-04,747.2999877929688,747.2999877929688,761.2000122070312,747.239990234375,761.0399780273438,332850000
1994-10-05,746.280029296875,746.280029296875,746.4600219726562,737.6199951171875,746.1900024414062,347710000
1994-10-06,744.1900024414062,744.1900024414062,749.0900268554688,743.6799926757812,747.9500122070312,270210000
1994-10-07,749.9600219726562,749.9600219726562,750.1099853515625,745.22998046875,745.22998046875,275060000
1994-10-10,756.8099975585938,756.8099975585938,756.9199829101562,751.3300170898438,751.3300170898438,230260000
1994-10-11,765.5700073242188,765.5700073242188,766.1799926757812,758.3699951171875,758.3699951171875,367590000
1994-10-12,767.0,767.0,767.8800048828125,764.7999877929688,765.3200073242188,331570000
1994-10-13,767.8900146484375,767.8900146484375,774.739990234375,767.52001953125,770.0999755859375,372980000
1994-10-14,767.0800170898438,767.0800170898438,768.8400268554688,764.72998046875,768.3499755859375,298120000
1994-10-17,765.780029296875,765.780029296875,767.9299926757812,765.0499877929688,767.0700073242188,290370000
1994-10-18,764.8099975585938,764.8099975585938,767.4199829101562,763.5599975585938,766.739990234375,308800000
1994-10-19,770.6199951171875,770.6199951171875,771.1900024414062,764.2100219726562,765.4500122070312,343840000
1994-10-20,768.239990234375,768.239990234375,772.5399780273438,765.489990234375,771.8300170898438,356180000
1994-10-21,765.3800048828125,765.3800048828125,767.4400024414062,763.3900146484375,767.4400024414062,354230000
1994-10-24,761.2100219726562,761.2100219726562,767.1900024414062,760.5,766.219970703125,283980000
1994-10-25,758.260009765625,758.260009765625,758.3699951171875,754.469970703125,757.22998046875,292610000
1994-10-26,763.239990234375,763.239990234375,763.239990234375,759.0700073242188,759.0700073242188,317600000
1994-10-27,767.469970703125,767.469970703125,767.489990234375,763.780029296875,763.780029296875,315000000
1994-10-28,776.1500244140625,776.1500244140625,776.1500244140625,766.969970703125,767.780029296875,378500000
1994-10-31,777.489990234375,777.489990234375,778.8099975585938,774.5,775.8699951171875,313240000
1994-11-01,772.1900024414062,772.1900024414062,776.25,770.9500122070312,776.25,318760000
1994-11-02,771.8200073242188,771.8200073242188,776.8599853515625,771.1900024414062,772.260009765625,360020000
1994-11-03,772.0999755859375,772.0999755859375,773.530029296875,770.8800048828125,772.6099853515625,311390000
1994-11-04,766.0800170898438,766.0800170898438,773.510009765625,766.0800170898438,772.7000122070312,280880000
1994-11-07,762.3099975585938,762.3099975585938,766.219970703125,762.010009765625,766.219970703125,246170000
1994-11-08,767.5399780273438,767.5399780273438,767.6400146484375,762.6099853515625,762.6099853515625,298660000
1994-11-09,767.25,767.25,774.4000244140625,765.8800048828125,770.77001953125,311110000
1994-11-10,764.3800048828125,764.3800048828125,768.760009765625,763.97998046875,766.5,267750000
1994-11-11,762.1199951171875,762.1199951171875,765.1300048828125,761.469970703125,763.9400024414062,273270000
1994-11-14,768.1400146484375,768.1400146484375,768.1799926757812,763.6099853515625,763.6099853515625,263820000
1994-11-15,769.02001953125,769.02001953125,771.780029296875,766.8599853515625,768.72998046875,320350000
1994-11-16,769.6400146484375,769.6400146484375,770.9000244140625,768.4199829101562,769.72998046875,309770000
1994-11-17,765.8400268554688,765.8400268554688,771.0599975585938,763.8499755859375,770.3499755859375,351200000
1994-11-18,764.6699829101562,764.6699829101562,767.4099731445312,762.9600219726562,766.5700073242188,303800000
1994-11-21,757.739990234375,757.739990234375,768.0,757.5800170898438,767.030029296875,302150000
1994-11-22,741.2100219726562,741.2100219726562,756.5700073242188,741.2000122070312,756.5700073242188,353750000
1994-11-23,736.7000122070312,736.7000122070312,738.3300170898438,728.780029296875,738.3300170898438,346560000
1994-11-25,742.52001953125,742.52001953125,742.5700073242188,737.219970703125,737.219970703125,98590000
1994-11-28,745.72998046875,745.72998046875,746.2100219726562,742.9600219726562,743.0800170898438,239300000
1994-11-29,751.47998046875,751.47998046875,751.7000122070312,745.8800048828125,746.469970703125,305110000
1994-11-30,750.3200073242188,750.3200073242188,754.2899780273438,748.739990234375,751.4400024414062,325710000
1994-12-01,740.6099853515625,740.6099853515625,749.2000122070312,739.9400024414062,748.8300170898438,275730000
1994-12-02,745.02001953125,745.02001953125,745.1199951171875,739.280029296875,741.989990234375,259950000
1994-12-05,745.7100219726562,745.7100219726562,747.8099975585938,744.72998046875,745.530029296875,247520000
1994-12-06,741.22998046875,741.22998046875,745.25,740.27001953125,744.6099853515625,286350000
1994-12-07,734.27001953125,734.27001953125,740.239990234375,733.5900268554688,740.239990234375,272250000
1994-12-08,719.1199951171875,719.1199951171875,735.6900024414062,718.0800170898438,734.739990234375,331750000
1994-12-09,719.0499877929688,719.0499877929688,719.4199829101562,710.9400024414062,719.260009765625,334170000
1994-12-12,719.1199951171875,719.1199951171875,720.989990234375,712.47998046875,719.239990234375,260890000
1994-12-13,719.489990234375,719.489990234375,720.6099853515625,718.02001953125,719.9199829101562,263990000
1994-12-14,725.6699829101562,725.6699829101562,725.6699829101562,719.0999755859375,719.0999755859375,328510000
1994-12-15,730.6799926757812,730.6799926757812,730.7000122070312,727.0399780273438,727.0399780273438,342970000
1994-12-16,729.0700073242188,729.0700073242188,732.02001953125,729.0599975585938,730.8300170898438,321460000
1994-12-19,727.8900146484375,727.8900146484375,729.1599731445312,726.6599731445312,728.75,280080000
1994-12-20,728.510009765625,728.510009765625,730.72998046875,726.260009765625,729.5700073242188,325500000
1994-12-21,737.1199951171875,737.1199951171875,737.1300048828125,729.719970703125,729.719970703125,349600000
1994-12-22,739.3400268554688,739.3400268554688,739.52001953125,737.260009765625,737.260009765625,358680000
1994-12-23,742.1900024414062,742.1900024414062,743.1699829101562,739.0,739.030029296875,216530000
1994-12-27,746.1900024414062,746.1900024414062,746.2000122070312,743.5999755859375,743.5999755859375,229080000
1994-12-28,742.4600219726562,742.4600219726562,746.5499877929688,740.7899780273438,746.3900146484375,261260000
1994-12-29,749.530029296875,749.530029296875,749.6699829101562,742.6799926757812,742.969970703125,290960000
1994-12-30,751.9600219726562,751.9600219726562,751.97998046875,746.8699951171875,749.260009765625,332500000
1995-01-03,743.5800170898438,743.5800170898438,751.3099975585938,743.530029296875,751.3099975585938,248750000
1995-01-04,745.8400268554688,745.8400268554688,746.4199829101562,740.469970703125,744.77001953125,290350000
1995-01-05,745.6599731445312,745.6599731445312,748.5,745.1300048828125,746.8699951171875,297510000
1995-01-06,749.6900024414062,749.6900024414062,750.72998046875,745.760009765625,746.27001953125,312920000
1995-01-09,752.0900268554688,752.0900268554688,752.8400268554688,750.0999755859375,750.1900024414062,267090000
1995-01-10,756.52001953125,756.52001953125,759.219970703125,754.27001953125,754.27001953125,353510000
1995-01-11,755.739990234375,755.739990234375,760.0499877929688,751.7000122070312,758.1400146484375,329520000
1995-01-12,756.510009765625,756.510009765625,757.0499877929688,754.6500244140625,755.6599731445312,302230000
1995-01-13,762.1599731445312,762.1599731445312,762.3200073242188,757.280029296875,758.3599853515625,313630000
1995-01-16,768.1599731445312,768.1599731445312,769.1300048828125,762.1900024414062,762.2999877929688,301370000
1995-01-17,772.1400146484375,772.1400146484375,772.1599731445312,768.4000244140625,769.1699829101562,337330000
1995-01-18,772.3800048828125,772.3800048828125,774.3099975585938,769.1799926757812,773.010009765625,348330000
1995-01-19,768.5499877929688,768.5499877929688,772.3400268554688,768.3200073242188,772.3400268554688,331830000
1995-01-20,762.0499877929688,762.0499877929688,768.1199951171875,759.3200073242188,767.989990234375,342170000
1995-01-23,759.510009765625,759.510009765625,759.5800170898438,753.8099975585938,759.3200073242188,276420000
1995-01-24,763.2000122070312,763.2000122070312,763.3300170898438,759.8200073242188,760.52001953125,298330000
1995-01-25,760.97998046875,760.97998046875,763.3400268554688,757.1900024414062,759.6900024414062,313100000
1995-01-26,757.5599975585938,757.5599975585938,762.3200073242188,757.5599975585938,761.0499877929688,295060000
1995-01-27,758.9099731445312,758.9099731445312,760.4199829101562,756.8499755859375,758.8599853515625,309380000
1995-01-30,751.8300170898438,751.8300170898438,760.5700073242188,751.489990234375,759.6300048828125,259470000
1995-01-31,755.2000122070312,755.2000122070312,755.7999877929688,751.0499877929688,752.8499755859375,301430000
1995-02-01,758.3099975585938,758.3099975585938,762.3300170898438,756.6799926757812,756.6799926757812,309930000
1995-02-02,763.6400146484375,763.6400146484375,763.6599731445312,758.1599731445312,758.1599731445312,294260000
1995-02-03,772.0599975585938,772.0599975585938,773.9400024414062,766.510009765625,766.510009765625,379850000
1995-02-06,778.8499755859375,778.8499755859375,779.1099853515625,772.8200073242188,772.8200073242188,298480000
1995-02-07,778.969970703125,778.969970703125,780.9299926757812,776.969970703125,779.7899780273438,320970000
1995-02-08,783.77001953125,783.77001953125,784.030029296875,779.22998046875,780.1900024414062,349420000
1995-02-09,785.4400024414062,785.4400024414062,787.8900146484375,784.969970703125,785.0399780273438,381420000
1995-02-10,790.4299926757812,790.4299926757812,790.8200073242188,786.4099731445312,786.4099731445312,359380000
1995-02-13,789.4199829101562,789.4199829101562,792.0900268554688,788.719970703125,789.7000122070312,300360000
1995-02-14,790.6199951171875,790.6199951171875,791.5,788.6699829101562,790.1400146484375,345250000
1995-02-15,795.6300048828125,795.6300048828125,795.6300048828125,789.739990234375,790.760009765625,382290000
1995-02-16,793.3099975585938,793.3099975585938,796.02001953125,790.97998046875,796.02001953125,343990000
1995-02-17,786.969970703125,786.969970703125,791.989990234375,786.8300170898438,791.989990234375,294510000
1995-02-21,784.6199951171875,784.6199951171875,788.25,784.1500244140625,787.72998046875,272620000
1995-02-22,787.9299926757812,787.9299926757812,788.260009765625,783.510009765625,783.9600219726562,302200000
1995-02-23,791.3499755859375,791.3499755859375,794.5,789.260009765625,789.260009765625,356980000
1995-02-24,791.0800170898438,791.0800170898438,791.7999877929688,787.1199951171875,790.7999877929688,318540000
1995-02-27,784.5,784.5,790.8099975585938,783.72998046875,789.5499877929688,272260000
1995-02-28,793.72998046875,793.72998046875,794.010009765625,784.719970703125,785.530029296875,323350000
1995-03-01,791.8699951171875,791.8699951171875,795.2899780273438,791.8699951171875,794.3300170898438,336510000
1995-03-02,793.6799926757812,793.6799926757812,793.6900024414062,790.719970703125,792.4000244140625,297340000
1995-03-03,798.7899780273438,798.7899780273438,798.7999877929688,792.22998046875,793.2100219726562,313590000
1995-03-06,797.77001953125,797.77001953125,797.7899780273438,791.7000122070312,796.530029296875,265110000
1995-03-07,791.3300170898438,791.3300170898438,798.3099975585938,790.3499755859375,797.8699951171875,336760000
1995-03-08,795.8099975585938,795.8099975585938,795.8099975585938,791.510009765625,793.0499877929688,313150000
1995-03-09,796.239990234375,796.239990234375,797.9299926757812,793.3200073242188,796.47998046875,319470000
1995-03-10,802.219970703125,802.219970703125,802.219970703125,795.780029296875,795.9600219726562,330320000
1995-03-13,802.3099975585938,802.3099975585938,804.6199951171875,801.3699951171875,802.219970703125,281070000
1995-03-14,808.239990234375,808.239990234375,809.1799926757812,804.4600219726562,804.4600219726562,347170000
1995-03-15,807.3800048828125,807.3800048828125,808.6900024414062,804.8400268554688,807.97998046875,335510000
1995-03-16,809.3400268554688,809.3400268554688,809.5900268554688,806.7999877929688,807.1799926757812,340150000
1995-03-17,808.3300170898438,808.3300170898438,811.22998046875,807.3400268554688,811.030029296875,315350000
1995-03-20,810.489990234375,810.489990234375,810.6599731445312,807.4000244140625,808.3499755859375,277410000
1995-03-21,809.780029296875,809.780029296875,814.2100219726562,808.8800048828125,811.0599975585938,336150000
1995-03-22,809.0999755859375,809.0999755859375,809.4299926757812,806.7000122070312,808.6500244140625,315140000
1995-03-23,811.3900146484375,811.3900146484375,813.3300170898438,808.9000244140625,809.2999877929688,350790000
1995-03-24,818.6599731445312,818.6599731445312,818.6699829101562,812.8699951171875,812.9600219726562,402890000
1995-03-27,822.6300048828125,822.6300048828125,822.6599731445312,817.2899780273438,817.8800048828125,315230000
1995-03-28,826.1400146484375,826.1400146484375,826.1699829101562,821.5700073242188,822.9099731445312,350240000
1995-03-29,819.1599731445312,819.1599731445312,829.9199829101562,817.239990234375,826.0999755859375,410380000
1995-03-30,816.8599853515625,816.8599853515625,822.239990234375,811.22998046875,820.6500244140625,363320000
1995-03-31,817.2100219726562,817.2100219726562,817.22998046875,806.5,813.239990234375,347850000
1995-04-03,818.0499877929688,818.0499877929688,818.280029296875,812.25,816.0599975585938,273920000
1995-04-04,813.719970703125,813.719970703125,820.47998046875,813.5800170898438,817.0599975585938,365640000
1995-04-05,816.3200073242188,816.3200073242188,816.3200073242188,810.8900146484375,813.6799926757812,348890000
1995-04-06,813.7999877929688,813.7999877929688,818.1599731445312,813.52001953125,816.9299926757812,348320000
1995-04-07,814.6900024414062,814.6900024414062,816.1900024414062,811.5599975585938,814.8400268554688,331460000
1995-04-10,821.260009765625,821.260009765625,821.3599853515625,813.9000244140625,814.4400024414062,300920000
1995-04-11,824.8300170898438,824.8300170898438,825.739990234375,821.6900024414062,824.1199951171875,355650000
1995-04-12,828.530029296875,828.530029296875,828.5599975585938,823.6900024414062,825.489990234375,345180000
1995-04-13,832.6400146484375,832.6400146484375,832.9000244140625,828.8599853515625,829.0599975585938,359830000
1995-04-17,830.8200073242188,830.8200073242188,839.5,829.9099731445312,835.1500244140625,366500000
1995-04-18,825.739990234375,825.739990234375,834.4500122070312,825.010009765625,833.3699951171875,377080000
1995-04-19,816.5499877929688,816.5499877929688,825.22998046875,812.75,825.0700073242188,453960000
1995-04-20,819.010009765625,819.010009765625,819.0999755859375,813.9500122070312,817.8900146484375,408860000
1995-04-21,823.4400024414062,823.4400024414062,823.6699829101562,820.4299926757812,821.3900146484375,394510000
1995-04-24,828.9099731445312,828.9099731445312,829.47998046875,821.530029296875,823.25,318700000
1995-04-25,831.280029296875,831.280029296875,832.0700073242188,828.6900024414062,829.6199951171875,375490000
1995-04-26,836.9099731445312,836.9099731445312,836.9099731445312,829.1699829101562,830.469970703125,392410000
1995-04-27,840.9500122070312,840.9500122070312,842.6199951171875,837.1500244140625,837.1500244140625,417550000
1995-04-28,843.97998046875,843.97998046875,844.4199829101562,837.4500122070312,841.6599731445312,375830000
1995-05-01,841.6300048828125,841.6300048828125,846.4199829101562,841.6300048828125,844.719970703125,315660000
1995-05-02,841.7899780273438,841.7899780273438,842.8200073242188,839.4299926757812,841.9299926757812,348490000
1995-05-03,850.260009765625,850.260009765625,850.27001953125,842.75,842.75,398810000
1995-05-04,846.75,846.75,856.7899780273438,846.0700073242188,851.5,421000000
1995-05-05,843.530029296875,843.530029296875,850.7899780273438,842.5700073242188,849.0700073242188,331890000
1995-05-08,849.2899780273438,849.2899780273438,849.8400268554688,842.760009765625,843.47998046875,320160000
1995-05-09,848.1699829101562,848.1699829101562,851.8900146484375,845.3599853515625,850.4199829101562,381750000
1995-05-10,847.6199951171875,847.6199951171875,851.989990234375,845.75,850.47998046875,380030000
1995-05-11,853.8300170898438,853.8300170898438,853.8400268554688,846.1300048828125,847.1199951171875,390710000
1995-05-12,858.9400024414062,858.9400024414062,859.8800048828125,852.52001953125,853.739990234375,404570000
1995-05-15,863.0599975585938,863.0599975585938,863.3900146484375,857.97998046875,859.739990234375,350040000
1995-05-16,868.25,868.25,868.8599853515625,862.5599975585938,863.3900146484375,382100000
1995-05-17,871.9299926757812,871.9299926757812,874.510009765625,869.5,869.5,404110000
1995-05-18,864.0599975585938,864.0599975585938,874.4400024414062,864.0499877929688,872.530029296875,388180000
1995-05-19,864.5700073242188,864.5700073242188,864.8300170898438,858.6599731445312,862.280029296875,337190000
1995-05-22,871.1799926757812,871.1799926757812,871.5800170898438,865.4199829101562,865.5700073242188,344140000
1995-05-23,879.6400146484375,879.6400146484375,879.6599731445312,872.010009765625,872.010009765625,414920000
1995-05-24,877.97998046875,877.97998046875,885.9199829101562,875.989990234375,882.9000244140625,439210000
1995-05-25,877.3200073242188,877.3200073242188,878.760009765625,871.6500244140625,877.739990234375,381560000
1995-05-26,871.8699951171875,871.8699951171875,876.260009765625,870.0399780273438,876.260009765625,302720000
1995-05-30,858.7000122070312,858.7000122070312,873.7000122070312,857.739990234375,872.77001953125,320360000
1995-05-31,864.5800170898438,864.5800170898438,864.5800170898438,851.719970703125,859.1699829101562,376150000
1995-06-01,868.8200073242188,868.8200073242188,870.2100219726562,864.2100219726562,865.6699829101562,354420000
1995-06-02,872.969970703125,872.969970703125,875.1199951171875,863.8400268554688,867.1199951171875,351970000
1995-06-05,882.8499755859375,882.8499755859375,884.1799926757812,875.25,875.25,372350000
1995-06-06,879.4000244140625,879.4000244140625,885.8300170898438,879.4000244140625,882.8300170898438,387500000
1995-06-07,881.5800170898438,881.5800170898438,883.0599975585938,878.3200073242188,880.4099731445312,378420000
1995-06-08,886.1300048828125,886.1300048828125,886.2999877929688,882.1799926757812,882.1799926757812,378560000
1995-06-09,884.3800048828125,884.3800048828125,885.7899780273438,880.47998046875,885.719970703125,382600000
1995-06-12,887.97998046875,887.97998046875,889.3300170898438,885.5499877929688,885.5499877929688,352760000
1995-06-13,894.22998046875,894.22998046875,894.22998046875,890.0499877929688,890.510009765625,402980000
1995-06-14,895.719970703125,895.719970703125,896.280029296875,891.02001953125,892.260009765625,421450000
1995-06-15,902.6799926757812,902.6799926757812,903.8599853515625,896.3300170898438,896.3300170898438,412280000
1995-06-16,908.6500244140625,908.6500244140625,908.6500244140625,904.1400146484375,904.3699951171875,403210000
1995-06-19,922.0900268554688,922.0900268554688,922.0900268554688,909.8400268554688,909.9000244140625,407000000
1995-06-20,929.8300170898438,929.8300170898438,929.8499755859375,924.010009765625,924.1099853515625,444490000
1995-06-21,929.1900024414062,929.1900024414062,933.75,926.0,931.6099853515625,455280000
1995-06-22,940.0900268554688,940.0900268554688,941.1699829101562,931.260009765625,941.1699829101562,474080000
1995-06-23,938.8699951171875,938.8699951171875,940.0999755859375,936.72998046875,938.6500244140625,447260000
1995-06-26,926.97998046875,926.97998046875,939.1400146484375,926.7899780273438,938.3300170898438,384980000
1995-06-27,919.5599975585938,919.5599975585938,928.6199951171875,918.8900146484375,925.1900024414062,417490000
1995-06-28,920.52001953125,920.52001953125,921.989990234375,913.02001953125,918.0800170898438,395320000
1995-06-29,926.8099975585938,926.8099975585938,927.780029296875,919.8800048828125,921.0399780273438,368600000
1995-06-30,933.4500122070312,933.4500122070312,934.030029296875,928.02001953125,928.02001953125,402140000
1995-07-03,934.530029296875,934.530029296875,935.3300170898438,931.989990234375,933.989990234375,130770000
1995-07-05,941.8200073242188,941.8200073242188,943.47998046875,937.0499877929688,937.0499877929688,370320000
1995-07-06,952.9299926757812,952.9299926757812,953.0,942.5900268554688,943.3200073242188,425540000
1995-07-07,969.760009765625,969.760009765625,969.77001953125,952.6400146484375,952.9000244140625,512200000
1995-07-10,976.6300048828125,976.6300048828125,977.8400268554688,970.1099853515625,970.4099731445312,457320000
1995-07-11,970.219970703125,970.219970703125,975.530029296875,970.2000122070312,975.3900146484375,443750000
1995-07-12,988.6300048828125,988.6300048828125,988.7100219726562,975.77001953125,975.9000244140625,514470000
1995-07-13,994.1500244140625,994.1500244140625,999.5900268554688,988.25,989.27001953125,530100000
1995-07-14,999.3300170898438,999.3300170898438,999.3300170898438,984.2899780273438,988.9600219726562,433600000
1995-07-17,1005.8900146484375,1005.8900146484375,1007.1799926757812,1000.72998046875,1000.72998046875,466420000
1995-07-18,988.530029296875,988.530029296875,1006.6500244140625,987.239990234375,1005.6500244140625,483650000
1995-07-19,952.8699951171875,952.8699951171875,988.530029296875,936.969970703125,988.530029296875,597910000
1995-07-20,960.5700073242188,960.5700073242188,961.5499877929688,952.0599975585938,955.969970703125,480830000
1995-07-21,961.77001953125,961.77001953125,967.510009765625,957.9500122070312,959.25,468690000
1995-07-24,978.5700073242188,978.5700073242188,978.7100219726562,964.1199951171875,964.1199951171875,404090000
1995-07-25,993.75,993.75,994.72998046875,983.6400146484375,984.010009765625,499930000
1995-07-26,1000.1799926757812,1000.1799926757812,1002.5700073242188,996.77001953125,996.77001953125,483900000
1995-07-27,1010.6599731445312,1010.6599731445312,1011.8400268554688,1002.4299926757812,1002.4299926757812,508520000
1995-07-28,1005.280029296875,1005.280029296875,1010.989990234375,1003.280029296875,1009.989990234375,458560000
1995-07-31,1001.2100219726562,1001.2100219726562,1023.030029296875,995.760009765625,1006.4299926757812,385570000
1995-08-01,991.1099853515625,991.1099853515625,1001.719970703125,986.1699829101562,1001.5700073242188,436320000
1995-08-02,983.75,983.75,1001.3300170898438,983.530029296875,995.1099853515625,486330000
1995-08-03,982.7000122070312,982.7000122070312,982.97998046875,970.8099975585938,980.1699829101562,451900000
1995-08-04,991.0900268554688,991.0900268554688,991.4600219726562,983.7999877929688,983.7999877929688,378860000
1995-08-07,995.219970703125,995.219970703125,997.1599731445312,992.780029296875,992.780029296875,362450000
1995-08-08,997.1199951171875,997.1199951171875,999.6900024414062,995.0499877929688,997.3099975585938,403670000
1995-08-09,1005.0999755859375,1005.0999755859375,1005.9299926757812,1002.6699829101562,1003.4000244140625,476490000
1995-08-10,1000.6099853515625,1000.6099853515625,1007.0399780273438,998.8800048828125,1005.8599853515625,452260000
1995-08-11,1004.1099853515625,1004.1099853515625,1006.5399780273438,999.52001953125,1004.0800170898438,375760000
1995-08-14,1012.4400024414062,1012.4400024414062,1012.4400024414062,1003.3499755859375,1004.1900024414062,371320000
1995-08-15,1012.3699951171875,1012.3699951171875,1015.8300170898438,1007.1799926757812,1014.5900268554688,424440000
1995-08-16,1025.75,1025.75,1025.760009765625,1015.6400146484375,1016.1900024414062,472040000
1995-08-17,1029.239990234375,1029.239990234375,1030.510009765625,1023.9199829101562,1026.3900146484375,496820000
1995-08-18,1031.280029296875,1031.280029296875,1034.1300048828125,1028.47998046875,1032.6300048828125,470540000
1995-08-21,1019.7000122070312,1019.7000122070312,1035.18994140625,1017.739990234375,1033.02001953125,437980000
1995-08-22,1025.2900390625,1025.2900390625,1025.56005859375,1016.3900146484375,1021.47998046875,466030000
1995-08-23,1028.18994140625,1028.18994140625,1029.4599609375,1024.6500244140625,1027.3299560546875,430810000
1995-08-24,1020.9299926757812,1020.9299926757812,1029.22998046875,1019.2000122070312,1028.260009765625,449460000
1995-08-25,1019.969970703125,1019.969970703125,1022.72998046875,1019.0700073242188,1021.530029296875,383360000
1995-08-28,1008.1500244140625,1008.1500244140625,1021.489990234375,1008.0,1020.7000122070312,397790000
1995-08-29,1003.6400146484375,1003.6400146484375,1007.989990234375,989.47998046875,1007.8599853515625,470640000
1995-08-30,1012.6099853515625,1012.6099853515625,1012.739990234375,1006.9600219726562,1006.9600219726562,401840000
1995-08-31,1020.1099853515625,1020.1099853515625,1020.6400146484375,1013.6500244140625,1013.8800048828125,375820000
1995-09-01,1019.469970703125,1019.469970703125,1020.5999755859375,1016.9299926757812,1019.4199829101562,292450000
1995-09-05,1039.300048828125,1039.300048828125,1039.300048828125,1021.72998046875,1021.72998046875,387000000
1995-09-06,1044.280029296875,1044.280029296875,1046.3299560546875,1040.6700439453125,1040.6700439453125,464050000
1995-09-07,1051.0799560546875,1051.0799560546875,1053.97998046875,1047.75,1048.47998046875,489860000
1995-09-08,1060.030029296875,1060.030029296875,1060.0400390625,1048.1300048828125,1052.5799560546875,464600000
1995-09-11,1066.56005859375,1066.56005859375,1068.1700439453125,1060.469970703125,1060.469970703125,441840000
1995-09-12,1065.0,1065.0,1070.22998046875,1064.1199951171875,1068.699951171875,467930000
1995-09-13,1067.4000244140625,1067.4000244140625,1069.8199462890625,1062.9000244140625,1065.3399658203125,498920000
1995-09-14,1066.9599609375,1066.9599609375,1069.6300048828125,1063.719970703125,1068.22998046875,484610000
1995-09-15,1051.0999755859375,1051.0999755859375,1062.93994140625,1047.699951171875,1062.93994140625,520200000
1995-09-18,1050.1800537109375,1050.1800537109375,1052.1600341796875,1041.6800537109375,1052.0,406980000
1995-09-19,1060.3199462890625,1060.3199462890625,1060.6600341796875,1049.010009765625,1049.010009765625,466680000
1995-09-20,1065.0899658203125,1065.0899658203125,1066.949951171875,1063.4200439453125,1063.4200439453125,514820000
1995-09-21,1058.510009765625,1058.510009765625,1063.800048828125,1054.6300048828125,1062.72998046875,469690000
1995-09-22,1053.3900146484375,1053.3900146484375,1055.6800537109375,1048.0400390625,1055.6800537109375,439040000
1995-09-25,1046.1500244140625,1046.1500244140625,1053.9100341796875,1042.6400146484375,1053.530029296875,312670000
1995-09-26,1038.050048828125,1038.050048828125,1052.8800048828125,1038.0400390625,1048.0400390625,426670000
1995-09-27,1026.5400390625,1026.5400390625,1035.0,1008.4400024414062,1035.0,523530000
1995-09-28,1047.050048828125,1047.050048828125,1047.06005859375,1028.489990234375,1028.489990234375,448420000
1995-09-29,1043.5400390625,1043.5400390625,1051.4000244140625,1040.239990234375,1047.7900390625,463580000
1995-10-02,1027.5699462890625,1027.5699462890625,1043.0400390625,1027.1600341796875,1041.3900146484375,393760000
1995-10-03,1020.4500122070312,1020.4500122070312,1028.6600341796875,1012.25,1027.989990234375,456000000
1995-10-04,1002.27001953125,1002.27001953125,1017.0399780273438,1001.7100219726562,1017.0399780273438,386390000
1995-10-05,1014.2000122070312,1014.2000122070312,1014.2100219726562,1000.030029296875,1002.0700073242188,456560000
1995-10-06,1012.0399780273438,1012.0399780273438,1022.8099975585938,1011.4000244140625,1017.9400024414062,450010000
1995-10-09,984.739990234375,984.739990234375,1006.8099975585938,982.3599853515625,1006.8099975585938,403570000
1995-10-10,983.469970703125,983.469970703125,984.4600219726562,959.3599853515625,978.6400146484375,532680000
1995-10-11,1001.5700073242188,1001.5700073242188,1001.5800170898438,990.8699951171875,992.6300048828125,454220000
1995-10-12,1015.6300048828125,1015.6300048828125,1015.6400146484375,1003.5800170898438,1003.5800170898438,421760000
1995-10-13,1018.3800048828125,1018.3800048828125,1024.3199462890625,1018.1599731445312,1020.3300170898438,425540000
1995-10-16,1018.1300048828125,1018.1300048828125,1021.4500122070312,1016.510009765625,1018.3300170898438,325980000
1995-10-17,1035.43994140625,1035.43994140625,1035.43994140625,1018.739990234375,1021.530029296875,434620000
1995-10-18,1045.3699951171875,1045.3699951171875,1050.6500244140625,1042.780029296875,1045.3199462890625,544550000
1995-10-19,1046.969970703125,1046.969970703125,1047.8199462890625,1039.4000244140625,1042.800048828125,470890000
1995-10-20,1039.530029296875,1039.530029296875,1048.010009765625,1036.8599853515625,1046.6400146484375,428030000
1995-10-23,1036.9200439453125,1036.9200439453125,1038.050048828125,1031.27001953125,1035.280029296875,368550000
1995-10-24,1039.239990234375,1039.239990234375,1042.1300048828125,1038.1800537109375,1039.530029296875,445690000
1995-10-25,1026.469970703125,1026.469970703125,1040.9300537109375,1026.43994140625,1040.0999755859375,456100000
1995-10-26,1017.5700073242188,1017.5700073242188,1027.530029296875,1007.4400024414062,1026.199951171875,479020000
1995-10-27,1025.550048828125,1025.550048828125,1025.56005859375,1012.5399780273438,1016.4099731445312,440320000
1995-10-30,1039.68994140625,1039.68994140625,1040.1500244140625,1028.1700439453125,1028.1700439453125,416390000
1995-10-31,1036.06005859375,1036.06005859375,1046.030029296875,1035.9300537109375,1043.5699462890625,469860000
1995-11-01,1040.5,1040.5,1040.6099853515625,1034.3900146484375,1037.300048828125,437200000
1995-11-02,1057.3199462890625,1057.3199462890625,1057.3299560546875,1041.9599609375,1042.1099853515625,499400000
1995-11-03,1065.6600341796875,1065.6600341796875,1065.6600341796875,1056.5400390625,1059.1500244140625,451920000
1995-11-06,1062.1400146484375,1062.1400146484375,1067.800048828125,1061.449951171875,1065.6300048828125,390760000
1995-11-07,1043.9000244140625,1043.9000244140625,1058.989990234375,1038.6300048828125,1058.989990234375,519030000
1995-11-08,1047.93994140625,1047.93994140625,1053.77001953125,1044.969970703125,1046.0,476910000
1995-11-09,1065.5899658203125,1065.5899658203125,1065.6400146484375,1057.030029296875,1057.030029296875,478190000
1995-11-10,1063.8699951171875,1063.8699951171875,1068.81005859375,1060.9300537109375,1063.719970703125,473140000
1995-11-13,1058.4599609375,1058.4599609375,1065.780029296875,1057.3399658203125,1063.2099609375,395980000
1995-11-14,1040.6199951171875,1040.6199951171875,1054.760009765625,1040.6199951171875,1054.1400146484375,447250000
1995-11-15,1041.8499755859375,1041.8499755859375,1045.93994140625,1033.2099609375,1044.1600341796875,459390000
1995-11-16,1044.47998046875,1044.47998046875,1048.93994140625,1037.1700439453125,1038.3299560546875,492420000
1995-11-17,1045.030029296875,1045.030029296875,1046.9300537109375,1042.22998046875,1045.27001953125,477980000
1995-11-20,1029.469970703125,1029.469970703125,1049.8900146484375,1029.469970703125,1048.0699462890625,438110000
1995-11-21,1024.989990234375,1024.989990234375,1029.239990234375,1016.5800170898438,1029.239990234375,537910000
1995-11-22,1021.239990234375,1021.239990234375,1031.260009765625,1021.239990234375,1027.3599853515625,418960000
1995-11-24,1030.1700439453125,1030.1700439453125,1030.1800537109375,1022.8400268554688,1022.8400268554688,136100000
1995-11-27,1029.3199462890625,1029.3199462890625,1037.8199462890625,1029.0699462890625,1034.0,439220000
1995-11-28,1050.050048828125,1050.050048828125,1050.06005859375,1029.510009765625,1030.6500244140625,497080000
1995-11-29,1057.5699462890625,1057.5699462890625,1057.5799560546875,1049.550048828125,1052.6800537109375,534400000
1995-11-30,1059.199951171875,1059.199951171875,1061.8800048828125,1056.010009765625,1056.77001953125,542960000
1995-12-01,1055.31005859375,1055.31005859375,1060.8299560546875,1053.25,1060.6600341796875,495080000
1995-12-04,1069.7900390625,1069.7900390625,1072.300048828125,1056.9300537109375,1057.949951171875,505030000
1995-12-05,1065.8900146484375,1065.8900146484375,1074.8499755859375,1064.1400146484375,1071.239990234375,567380000
1995-12-06,1061.72998046875,1061.72998046875,1069.800048828125,1055.469970703125,1067.8599853515625,567670000
1995-12-07,1053.1700439453125,1053.1700439453125,1061.8900146484375,1048.27001953125,1061.8900146484375,491230000
1995-12-08,1062.4100341796875,1062.4100341796875,1062.43994140625,1052.2900390625,1056.4300537109375,455910000
1995-12-11,1061.5,1061.5,1065.72998046875,1061.47998046875,1064.6800537109375,423760000
1995-12-12,1052.0699462890625,1052.0699462890625,1061.97998046875,1051.75,1061.97998046875,463860000
1995-12-13,1056.5400390625,1056.5400390625,1058.5999755859375,1053.02001953125,1054.4599609375,484120000
1995-12-14,1038.18994140625,1038.18994140625,1058.3399658203125,1038.1700439453125,1057.030029296875,565700000
1995-12-15,1030.47998046875,1030.47998046875,1041.760009765625,1028.219970703125,1041.1099853515625,581830000
1995-12-18,1002.5599975585938,1002.5599975585938,1029.1199951171875,1001.530029296875,1029.1199951171875,576640000
1995-12-19,1026.4100341796875,1026.4100341796875,1026.4100341796875,1004.72998046875,1005.4299926757812,564330000
1995-12-20,1025.27001953125,1025.27001953125,1036.280029296875,1025.030029296875,1032.510009765625,567890000
1995-12-21,1040.6400146484375,1040.6400146484375,1040.6500244140625,1030.239990234375,1030.239990234375,532800000
1995-12-22,1046.8900146484375,1046.8900146484375,1046.8900146484375,1041.47998046875,1041.47998046875,420600000
1995-12-26,1049.3699951171875,1049.3699951171875,1049.6300048828125,1045.5699462890625,1047.56005859375,332770000
1995-12-27,1048.1300048828125,1048.1300048828125,1051.27001953125,1046.050048828125,1049.9000244140625,384320000
1995-12-28,1042.219970703125,1042.219970703125,1044.3800048828125,1039.56005859375,1044.3800048828125,449670000
1995-12-29,1052.1300048828125,1052.1300048828125,1052.1800537109375,1040.25,1042.260009765625,541910000
1996-01-02,1058.6500244140625,1058.6500244140625,1058.8800048828125,1048.469970703125,1052.8299560546875,399620000
1996-01-03,1046.260009765625,1046.260009765625,1058.9200439453125,1045.3199462890625,1056.3599853515625,506550000
1996-01-04,1029.8199462890625,1029.8199462890625,1047.6400146484375,1021.5700073242188,1047.199951171875,629970000
1996-01-05,1033.469970703125,1033.469970703125,1033.469970703125,1017.6900024414062,1022.4099731445312,548130000
1996-01-08,1032.3699951171875,1032.3699951171875,1035.6199951171875,1031.3399658203125,1034.93994140625,142690000
1996-01-09,998.8099975585938,998.8099975585938,1031.6099853515625,997.6599731445312,1031.6099853515625,545790000
1996-01-10,990.2100219726562,990.2100219726562,1003.239990234375,987.97998046875,991.9299926757812,603420000
1996-01-11,1011.0999755859375,1011.0999755859375,1011.0999755859375,998.2899780273438,999.9199829101562,513200000
1996-01-12,1008.22998046875,1008.22998046875,1014.9099731445312,1001.9199829101562,1013.260009765625,485300000
1996-01-15,988.5700073242188,988.5700073242188,1010.239990234375,988.5700073242188,1009.9600219726562,422660000
1996-01-16,995.8699951171875,995.8699951171875,995.8800048828125,977.7899780273438,994.3099975585938,561850000
1996-01-17,998.2999877929688,998.2999877929688,1006.239990234375,986.3200073242188,987.280029296875,613690000
1996-01-18,1007.239990234375,1007.239990234375,1007.4299926757812,999.469970703125,1003.3699951171875,536760000
1996-01-19,1018.4500122070312,1018.4500122070312,1019.52001953125,1009.0499877929688,1009.5999755859375,571120000
1996-01-22,1029.43994140625,1029.43994140625,1029.469970703125,1019.1400146484375,1019.719970703125,484430000
1996-01-23,1028.0400390625,1028.0400390625,1031.6099853515625,1027.2900390625,1029.530029296875,533870000
1996-01-24,1043.4599609375,1043.4599609375,1043.4599609375,1032.68994140625,1032.68994140625,593000000
1996-01-25,1035.949951171875,1035.949951171875,1046.0,1035.25,1045.1700439453125,582810000
1996-01-26,1040.9599609375,1040.9599609375,1040.969970703125,1032.260009765625,1034.7099609375,513610000
1996-01-29,1042.510009765625,1042.510009765625,1044.489990234375,1039.8699951171875,1042.530029296875,434380000
1996-01-30,1051.300048828125,1051.300048828125,1052.300048828125,1045.3499755859375,1045.3499755859375,542190000
1996-01-31,1059.7900390625,1059.7900390625,1059.81005859375,1048.1400146484375,1052.2099609375,561170000
1996-02-01,1069.4599609375,1069.4599609375,1069.4599609375,1057.8199462890625,1058.260009765625,583070000
1996-02-02,1072.1099853515625,1072.1099853515625,1076.3199462890625,1069.9000244140625,1071.6500244140625,561260000
1996-02-05,1083.3399658203125,1083.3399658203125,1083.3599853515625,1070.800048828125,1072.949951171875,512040000
1996-02-06,1089.0799560546875,1089.0799560546875,1090.5999755859375,1084.0,1084.0799560546875,589490000
1996-02-07,1084.8800048828125,1084.8800048828125,1089.97998046875,1081.260009765625,1088.8699951171875,611640000
1996-02-08,1093.1700439453125,1093.1700439453125,1093.510009765625,1080.6500244140625,1084.9300537109375,556580000
1996-02-09,1094.5999755859375,1094.5999755859375,1098.8499755859375,1089.969970703125,1093.3900146484375,552650000
1996-02-12,1095.3800048828125,1095.3800048828125,1098.93994140625,1094.6600341796875,1094.8399658203125,494040000
1996-02-13,1087.219970703125,1087.219970703125,1093.760009765625,1079.93994140625,1084.449951171875,525250000
1996-02-14,1088.030029296875,1088.030029296875,1093.43994140625,1083.8299560546875,1089.5999755859375,515890000
1996-02-15,1090.5400390625,1090.5400390625,1092.260009765625,1086.6700439453125,1087.5899658203125,493760000
1996-02-16,1090.7099609375,1090.7099609375,1092.010009765625,1085.6199951171875,1091.3900146484375,459680000
1996-02-20,1083.239990234375,1083.239990234375,1088.949951171875,1080.030029296875,1085.52001953125,459680000
1996-02-21,1096.8499755859375,1096.8499755859375,1096.93994140625,1084.9599609375,1085.1199951171875,485810000
1996-02-22,1117.1099853515625,1117.1099853515625,1117.530029296875,1100.1700439453125,1100.1700439453125,641140000
1996-02-23,1117.7900390625,1117.7900390625,1121.8900146484375,1109.1500244140625,1118.5999755859375,583520000
1996-02-26,1113.050048828125,1113.050048828125,1119.0999755859375,1111.0899658203125,1116.530029296875,473800000
1996-02-27,1106.1700439453125,1106.1700439453125,1115.3900146484375,1105.1700439453125,1114.1300048828125,514460000
1996-02-28,1107.550048828125,1107.550048828125,1114.9200439453125,1106.6700439453125,1109.5999755859375,543440000
1996-02-29,1100.050048828125,1100.050048828125,1105.4599609375,1098.0899658203125,1102.1700439453125,533230000
1996-03-01,1086.0799560546875,1086.0799560546875,1100.2900390625,1082.969970703125,1098.93994140625,587170000
1996-03-04,1084.8800048828125,1084.8800048828125,1091.77001953125,1083.260009765625,1088.9100341796875,474380000
1996-03-05,1096.81005859375,1096.81005859375,1096.8199462890625,1083.239990234375,1084.239990234375,491900000
1996-03-06,1091.8199462890625,1091.8199462890625,1099.0699462890625,1091.8199462890625,1096.8900146484375,532540000
1996-03-07,1093.1199951171875,1093.1199951171875,1095.3699951171875,1090.47998046875,1092.77001953125,509360000
1996-03-08,1063.72998046875,1063.72998046875,1081.300048828125,1057.8699951171875,1080.8199462890625,583640000
1996-03-11,1080.5,1080.5,1080.6400146484375,1064.6400146484375,1065.0,457880000
1996-03-12,1073.050048828125,1073.050048828125,1078.719970703125,1066.0400390625,1078.719970703125,459340000
1996-03-13,1088.6400146484375,1088.6400146484375,1089.030029296875,1077.989990234375,1079.9100341796875,482340000
1996-03-14,1091.0699462890625,1091.0699462890625,1096.449951171875,1090.8699951171875,1090.8699951171875,512870000
1996-03-15,1099.5899658203125,1099.5899658203125,1099.6600341796875,1089.8399658203125,1092.68994140625,514420000
1996-03-18,1114.4200439453125,1114.4200439453125,1114.4300537109375,1102.780029296875,1102.780029296875,498780000
1996-03-19,1112.5,1112.5,1119.8399658203125,1110.280029296875,1118.02001953125,520590000
1996-03-20,1101.8199462890625,1101.8199462890625,1111.75,1099.4200439453125,1110.739990234375,529620000
1996-03-21,1099.7900390625,1099.7900390625,1104.0999755859375,1098.760009765625,1102.6400146484375,499240000
1996-03-22,1102.219970703125,1102.219970703125,1103.4000244140625,1096.22998046875,1101.8199462890625,475630000
1996-03-25,1087.0899658203125,1087.0899658203125,1107.0899658203125,1087.030029296875,1104.31005859375,476710000
1996-03-26,1088.3499755859375,1088.3499755859375,1090.1700439453125,1079.9000244140625,1085.1199951171875,544620000
1996-03-27,1093.8800048828125,1093.8800048828125,1098.760009765625,1089.7099609375,1091.3399658203125,500520000
1996-03-28,1094.8299560546875,1094.8299560546875,1096.719970703125,1089.77001953125,1091.0899658203125,483210000
1996-03-29,1101.4000244140625,1101.4000244140625,1105.3399658203125,1097.6800537109375,1097.6800537109375,514090000
1996-04-01,1106.5699462890625,1106.5699462890625,1107.2900390625,1102.93994140625,1105.77001953125,463880000
1996-04-02,1111.2900390625,1111.2900390625,1111.4300537109375,1106.8499755859375,1107.97998046875,492190000
1996-04-03,1115.8499755859375,1115.8499755859375,1115.9000244140625,1106.6300048828125,1109.7099609375,529750000
1996-04-04,1118.2099609375,1118.2099609375,1119.3499755859375,1114.72998046875,1116.050048828125,503890000
1996-04-08,1105.6600341796875,1105.6600341796875,1106.6700439453125,1093.6600341796875,1106.3199462890625,517700000
1996-04-09,1109.1500244140625,1109.1500244140625,1115.1400146484375,1107.3399658203125,1111.260009765625,561670000
1996-04-10,1105.280029296875,1105.280029296875,1117.68994140625,1105.0999755859375,1108.97998046875,556310000
1996-04-11,1097.1400146484375,1097.1400146484375,1108.699951171875,1092.43994140625,1105.1500244140625,534300000
1996-04-12,1100.93994140625,1100.93994140625,1101.6800537109375,1096.18994140625,1098.6099853515625,483760000
1996-04-15,1110.43994140625,1110.43994140625,1110.489990234375,1102.68994140625,1102.800048828125,461860000
1996-04-16,1124.9200439453125,1124.9200439453125,1124.9200439453125,1117.5899658203125,1118.3199462890625,613920000
1996-04-17,1120.8699951171875,1120.8699951171875,1126.530029296875,1118.280029296875,1124.3499755859375,577800000
1996-04-18,1136.300048828125,1136.300048828125,1142.8599853515625,1124.81005859375,1124.81005859375,577320000
1996-04-19,1138.699951171875,1138.699951171875,1143.31005859375,1137.699951171875,1141.989990234375,593120000
1996-04-22,1153.5,1153.5,1153.52001953125,1143.0799560546875,1143.0799560546875,582590000
1996-04-23,1166.760009765625,1166.760009765625,1166.77001953125,1153.449951171875,1155.31005859375,650190000
1996-04-24,1176.8299560546875,1176.8299560546875,1176.8499755859375,1170.3199462890625,1171.43994140625,728620000
1996-04-25,1184.1700439453125,1184.1700439453125,1184.18994140625,1174.3499755859375,1177.989990234375,720790000
1996-04-26,1186.8900146484375,1186.8900146484375,1188.8900146484375,1183.0899658203125,1184.780029296875,643300000
1996-04-29,1188.199951171875,1188.199951171875,1188.8599853515625,1184.050048828125,1186.6700439453125,553980000
1996-04-30,1190.52001953125,1190.52001953125,1190.8699951171875,1185.5799560546875,1189.4000244140625,604790000
1996-05-01,1199.6600341796875,1199.6600341796875,1200.18994140625,1190.1500244140625,1190.47998046875,654270000
1996-05-02,1178.3299560546875,1178.3299560546875,1199.760009765625,1178.239990234375,1199.760009765625,646950000
1996-05-03,1184.5999755859375,1184.5999755859375,1193.469970703125,1181.489990234375,1184.43994140625,705220000
1996-05-06,1186.31005859375,1186.31005859375,1189.8499755859375,1179.050048828125,1186.8299560546875,680150000
1996-05-07,1182.6700439453125,1182.6700439453125,1189.68994140625,1181.300048828125,1188.4300537109375,806500000
1996-05-08,1183.4300537109375,1183.4300537109375,1183.43994140625,1163.2099609375,1180.739990234375,756920000
1996-05-09,1187.8199462890625,1187.8199462890625,1189.8399658203125,1184.7900390625,1184.8499755859375,635710000
1996-05-10,1202.760009765625,1202.760009765625,1202.780029296875,1193.1600341796875,1193.1600341796875,606020000
1996-05-13,1221.8699951171875,1221.8699951171875,1221.8699951171875,1204.030029296875,1204.3299560546875,595270000
1996-05-14,1234.489990234375,1234.489990234375,1234.9599609375,1226.0699462890625,1226.0699462890625,690200000
1996-05-15,1233.56005859375,1233.56005859375,1242.9200439453125,1233.4100341796875,1236.27001953125,687990000
1996-05-16,1239.31005859375,1239.31005859375,1239.31005859375,1225.3900146484375,1228.969970703125,620950000
1996-05-17,1241.8800048828125,1241.8800048828125,1243.300048828125,1240.739990234375,1242.0999755859375,630660000
1996-05-20,1248.1099853515625,1248.1099853515625,1249.260009765625,1243.27001953125,1246.0,589730000
1996-05-21,1244.4200439453125,1244.4200439453125,1252.81005859375,1244.4200439453125,1250.47998046875,690480000
1996-05-22,1247.3800048828125,1247.3800048828125,1248.4300537109375,1240.7900390625,1243.449951171875,693400000
1996-05-23,1248.6500244140625,1248.6500244140625,1252.3699951171875,1245.52001953125,1249.18994140625,757950000
1996-05-24,1247.800048828125,1247.800048828125,1251.72998046875,1247.1600341796875,1249.9000244140625,610280000
1996-05-28,1236.300048828125,1236.300048828125,1251.22998046875,1235.8599853515625,1249.5999755859375,643130000
1996-05-29,1225.6300048828125,1225.6300048828125,1238.43994140625,1222.9599609375,1237.010009765625,636100000
1996-05-30,1233.47998046875,1233.47998046875,1235.469970703125,1222.949951171875,1226.8800048828125,605030000
1996-05-31,1243.4300537109375,1243.4300537109375,1243.739990234375,1235.56005859375,1238.969970703125,607690000
1996-06-03,1238.72998046875,1238.72998046875,1243.3499755859375,1238.1199951171875,1242.5400390625,525170000
1996-06-04,1243.6800537109375,1243.6800537109375,1244.8599853515625,1240.199951171875,1242.06005859375,645710000
1996-06-05,1249.1500244140625,1249.1500244140625,1249.8499755859375,1241.8499755859375,1242.72998046875,649940000
1996-06-06,1232.52001953125,1232.52001953125,1254.1199951171875,1232.52001953125,1252.0,673890000
1996-06-07,1229.760009765625,1229.760009765625,1229.780029296875,1206.530029296875,1222.0999755859375,600980000
1996-06-10,1230.0400390625,1230.0400390625,1233.550048828125,1229.1400146484375,1231.5,476470000
1996-06-11,1230.760009765625,1230.760009765625,1237.4000244140625,1230.06005859375,1233.449951171875,554300000
1996-06-12,1235.469970703125,1235.469970703125,1240.780029296875,1234.6199951171875,1235.8499755859375,543980000
1996-06-13,1225.6500244140625,1225.6500244140625,1236.760009765625,1222.02001953125,1236.239990234375,564470000
1996-06-14,1213.1800537109375,1213.1800537109375,1225.5699462890625,1213.1800537109375,1225.1500244140625,509880000
1996-06-17,1207.6400146484375,1207.6400146484375,1217.1300048828125,1207.030029296875,1215.300048828125,448160000
1996-06-18,1183.0799560546875,1183.0799560546875,1207.260009765625,1182.47998046875,1207.260009765625,621350000
1996-06-19,1179.27001953125,1179.27001953125,1187.949951171875,1177.7099609375,1185.3299560546875,600610000
1996-06-20,1167.3399658203125,1167.3399658203125,1182.3900146484375,1152.7900390625,1181.4000244140625,669830000
1996-06-21,1175.43994140625,1175.43994140625,1176.1099853515625,1171.1600341796875,1174.31005859375,540110000
1996-06-24,1182.9000244140625,1182.9000244140625,1185.3900146484375,1176.4200439453125,1177.9300537109375,500470000
1996-06-25,1172.5799560546875,1172.5799560546875,1186.3299560546875,1172.4599609375,1185.449951171875,553660000
1996-06-26,1153.2900390625,1153.2900390625,1171.3699951171875,1147.75,1171.3699951171875,605340000
1996-06-27,1166.010009765625,1166.010009765625,1166.1800537109375,1148.3299560546875,1153.699951171875,566010000
1996-06-28,1185.02001953125,1185.02001953125,1185.0400390625,1171.6099853515625,1171.6099853515625,628770000
1996-07-01,1197.449951171875,1197.449951171875,1198.0400390625,1185.6400146484375,1185.6400146484375,501850000
1996-07-02,1191.1500244140625,1191.1500244140625,1196.9000244140625,1191.1400146484375,1196.9000244140625,517630000
1996-07-03,1181.5999755859375,1181.5999755859375,1191.4000244140625,1180.8900146484375,1191.300048828125,499320000
1996-07-05,1158.3499755859375,1158.3499755859375,1172.81005859375,1158.3399658203125,1172.81005859375,216200000
1996-07-08,1148.8199462890625,1148.8199462890625,1160.97998046875,1148.3599853515625,1157.68994140625,446400000
1996-07-09,1153.5899658203125,1153.5899658203125,1157.1500244140625,1152.280029296875,1154.780029296875,486900000
1996-07-10,1141.18994140625,1141.18994140625,1154.0799560546875,1132.6300048828125,1153.239990234375,538010000
1996-07-11,1106.3599853515625,1106.3599853515625,1141.219970703125,1094.219970703125,1141.18994140625,694930000
1996-07-12,1103.489990234375,1103.489990234375,1113.3299560546875,1095.3599853515625,1111.719970703125,541540000
1996-07-15,1060.18994140625,1060.18994140625,1103.5,1059.3599853515625,1102.52001953125,587010000
1996-07-16,1053.469970703125,1053.469970703125,1065.3299560546875,1008.4400024414062,1056.1500244140625,877330000
1996-07-17,1086.6500244140625,1086.6500244140625,1087.6600341796875,1053.469970703125,1070.77001953125,701140000
1996-07-18,1109.8199462890625,1109.8199462890625,1109.8599853515625,1086.6500244140625,1093.739990234375,640340000
1996-07-19,1097.6800537109375,1097.6800537109375,1109.8199462890625,1092.239990234375,1106.8499755859375,531610000
1996-07-22,1081.3900146484375,1081.3900146484375,1097.699951171875,1067.8499755859375,1096.280029296875,419110000
1996-07-23,1049.0699462890625,1049.0699462890625,1085.72998046875,1047.8900146484375,1084.6099853515625,598040000
1996-07-24,1042.3699951171875,1042.3699951171875,1049.06005859375,1017.6400146484375,1030.5,678050000
1996-07-25,1062.3900146484375,1062.3900146484375,1062.4000244140625,1041.8900146484375,1049.7900390625,541900000
1996-07-26,1079.43994140625,1079.43994140625,1079.6300048828125,1062.3900146484375,1065.8399658203125,473140000
1996-07-29,1066.469970703125,1066.469970703125,1082.1400146484375,1066.300048828125,1079.2099609375,417780000
1996-07-30,1071.949951171875,1071.949951171875,1075.5699462890625,1063.199951171875,1072.469970703125,418470000
1996-07-31,1080.5899658203125,1080.5899658203125,1082.1199951171875,1070.989990234375,1073.6600341796875,481220000
1996-08-01,1098.8499755859375,1098.8499755859375,1098.9200439453125,1080.4100341796875,1081.3399658203125,500640000
1996-08-02,1124.9200439453125,1124.9200439453125,1125.97998046875,1098.8499755859375,1109.02001953125,577240000
1996-08-05,1120.530029296875,1120.530029296875,1129.22998046875,1120.0400390625,1127.9100341796875,394230000
1996-08-06,1128.8699951171875,1128.8699951171875,1128.8900146484375,1113.8699951171875,1118.0999755859375,450040000
1996-08-07,1141.1099853515625,1141.1099853515625,1141.4000244140625,1128.1800537109375,1132.8800048828125,534140000
1996-08-08,1137.510009765625,1137.510009765625,1141.1199951171875,1136.260009765625,1139.1500244140625,470100000
1996-08-09,1137.27001953125,1137.27001953125,1141.300048828125,1132.0400390625,1134.0999755859375,457370000
1996-08-12,1138.27001953125,1138.27001953125,1139.800048828125,1130.1600341796875,1136.68994140625,366740000
1996-08-13,1126.1500244140625,1126.1500244140625,1138.280029296875,1123.9200439453125,1135.4599609375,405240000
1996-08-14,1133.510009765625,1133.510009765625,1133.760009765625,1126.1500244140625,1127.93994140625,428620000
1996-08-15,1134.68994140625,1134.68994140625,1136.0400390625,1129.6300048828125,1132.0400390625,457750000
1996-08-16,1133.6500244140625,1133.6500244140625,1137.77001953125,1132.469970703125,1135.77001953125,420750000
1996-08-19,1130.9100341796875,1130.9100341796875,1135.1099853515625,1128.989990234375,1133.9200439453125,350170000
1996-08-20,1124.6700439453125,1124.6700439453125,1132.7900390625,1124.5899658203125,1132.0,406170000
1996-08-21,1126.8399658203125,1126.8399658203125,1128.81005859375,1118.6199951171875,1122.1700439453125,416540000
1996-08-22,1143.9599609375,1143.9599609375,1143.9599609375,1126.8199462890625,1129.97998046875,495050000
1996-08-23,1143.050048828125,1143.050048828125,1146.8199462890625,1140.4200439453125,1142.8299560546875,434320000
1996-08-26,1139.219970703125,1139.219970703125,1144.3599853515625,1137.2900390625,1144.3599853515625,422090000
1996-08-27,1149.02001953125,1149.02001953125,1149.0400390625,1141.7099609375,1141.7099609375,491130000
1996-08-28,1153.8800048828125,1153.8800048828125,1153.9000244140625,1150.1099853515625,1150.1099853515625,461520000
1996-08-29,1145.030029296875,1145.030029296875,1152.8599853515625,1143.760009765625,1152.8599853515625,419990000
1996-08-30,1141.5,1141.5,1148.489990234375,1139.0,1147.7099609375,336610000
1996-09-03,1142.2900390625,1142.2900390625,1142.3599853515625,1123.1400146484375,1133.300048828125,394510000
1996-09-04,1143.8199462890625,1143.8199462890625,1145.81005859375,1140.5400390625,1143.6400146484375,439820000
1996-09-05,1125.6600341796875,1125.6600341796875,1139.3499755859375,1125.6600341796875,1139.3499755859375,461970000
1996-09-06,1139.3900146484375,1139.3900146484375,1141.56005859375,1128.760009765625,1128.760009765625,471020000
1996-09-09,1148.7099609375,1148.7099609375,1149.1500244140625,1140.7900390625,1140.7900390625,437010000
1996-09-10,1149.4300537109375,1149.4300537109375,1150.8499755859375,1144.3699951171875,1149.1600341796875,479130000
1996-09-11,1153.949951171875,1153.949951171875,1154.3900146484375,1143.9000244140625,1145.77001953125,487020000
1996-09-12,1165.81005859375,1165.81005859375,1166.7900390625,1151.6600341796875,1156.280029296875,543500000
1996-09-13,1188.6700439453125,1188.6700439453125,1188.6800537109375,1175.8499755859375,1175.8499755859375,638560000
1996-09-16,1193.9599609375,1193.9599609375,1199.5899658203125,1190.0400390625,1190.0400390625,575520000
1996-09-17,1203.31005859375,1203.31005859375,1205.280029296875,1187.5,1204.0400390625,632220000
1996-09-18,1205.7099609375,1205.7099609375,1213.3900146484375,1196.9100341796875,1201.1800537109375,552930000
1996-09-19,1212.0899658203125,1212.0899658203125,1213.1300048828125,1203.3599853515625,1204.6700439453125,563280000
1996-09-20,1219.68994140625,1219.68994140625,1221.030029296875,1210.18994140625,1213.800048828125,590560000
1996-09-23,1211.469970703125,1211.469970703125,1216.68994140625,1207.800048828125,1216.68994140625,366280000
1996-09-24,1215.27001953125,1215.27001953125,1220.510009765625,1210.760009765625,1210.9599609375,583420000
1996-09-25,1224.6600341796875,1224.6600341796875,1224.6600341796875,1219.6600341796875,1219.6600341796875,622590000
1996-09-26,1227.97998046875,1227.97998046875,1237.260009765625,1222.719970703125,1228.2900390625,721820000
1996-09-27,1230.050048828125,1230.050048828125,1231.5799560546875,1226.5899658203125,1229.68994140625,561540000
1996-09-30,1226.9200439453125,1226.9200439453125,1233.9599609375,1226.0899658203125,1229.1400146484375,524290000
1996-10-01,1221.510009765625,1221.510009765625,1227.43994140625,1214.5999755859375,1223.72998046875,542530000
1996-10-02,1236.1099853515625,1236.1099853515625,1236.1300048828125,1221.510009765625,1224.010009765625,576590000
1996-10-03,1233.0899658203125,1233.0899658203125,1239.1099853515625,1232.949951171875,1237.25,575390000
1996-10-04,1247.56005859375,1247.56005859375,1247.5699462890625,1240.1199951171875,1240.1199951171875,562730000
1996-10-07,1250.8699951171875,1250.8699951171875,1252.5899658203125,1246.9000244140625,1247.1400146484375,480670000
1996-10-08,1240.1500244140625,1240.1500244140625,1256.719970703125,1239.8499755859375,1253.4100341796875,561770000
1996-10-09,1237.97998046875,1237.97998046875,1249.5699462890625,1235.469970703125,1247.550048828125,566240000
1996-10-10,1236.969970703125,1236.969970703125,1243.1400146484375,1232.6400146484375,1235.1300048828125,579110000
1996-10-11,1248.27001953125,1248.27001953125,1248.5,1241.969970703125,1241.969970703125,526810000
1996-10-14,1256.3599853515625,1256.3599853515625,1256.81005859375,1250.6700439453125,1250.6700439453125,438410000
1996-10-15,1258.0999755859375,1258.0999755859375,1269.6199951171875,1252.5400390625,1267.56005859375,571220000
1996-10-16,1250.989990234375,1250.989990234375,1256.72998046875,1244.93994140625,1256.72998046875,546750000
1996-10-17,1241.9599609375,1241.9599609375,1255.6600341796875,1241.9599609375,1253.5799560546875,580140000
1996-10-18,1242.47998046875,1242.47998046875,1243.3299560546875,1238.239990234375,1242.9200439453125,545880000
1996-10-21,1236.4100341796875,1236.4100341796875,1253.3199462890625,1233.8499755859375,1241.949951171875,489140000
1996-10-22,1220.0,1220.0,1236.4100341796875,1215.47998046875,1233.1700439453125,600390000
1996-10-23,1227.8800048828125,1227.8800048828125,1228.3299560546875,1215.0799560546875,1219.02001953125,549810000
1996-10-24,1227.0,1227.0,1235.6700439453125,1226.6099853515625,1230.9200439453125,541760000
1996-10-25,1222.5999755859375,1222.5999755859375,1230.3699951171875,1222.3800048828125,1227.1300048828125,551670000
1996-10-28,1215.8900146484375,1215.8900146484375,1229.6300048828125,1215.719970703125,1225.3900146484375,502500000
1996-10-29,1203.050048828125,1203.050048828125,1222.1300048828125,1202.3599853515625,1219.93994140625,549440000
1996-10-30,1206.22998046875,1206.22998046875,1208.050048828125,1203.050048828125,1206.0,537520000
1996-10-31,1221.510009765625,1221.510009765625,1221.6099853515625,1206.22998046875,1209.0400390625,567370000
1996-11-01,1221.780029296875,1221.780029296875,1224.8199462890625,1218.27001953125,1223.719970703125,544420000
1996-11-04,1220.47998046875,1220.47998046875,1224.1199951171875,1218.22998046875,1223.469970703125,436620000
1996-11-05,1229.0699462890625,1229.0699462890625,1231.739990234375,1223.0999755859375,1223.0999755859375,567880000
1996-11-06,1245.489990234375,1245.489990234375,1245.5,1228.6199951171875,1230.800048828125,621940000
1996-11-07,1254.1400146484375,1254.1400146484375,1256.7900390625,1243.6300048828125,1245.6500244140625,651200000
1996-11-08,1257.510009765625,1257.510009765625,1257.6199951171875,1248.719970703125,1254.3199462890625,543610000
1996-11-11,1262.6700439453125,1262.6700439453125,1262.77001953125,1256.4300537109375,1258.239990234375,435160000
1996-11-12,1256.530029296875,1256.530029296875,1268.5999755859375,1255.5899658203125,1267.3800048828125,593410000
1996-11-13,1260.719970703125,1260.719970703125,1261.9000244140625,1254.3299560546875,1259.72998046875,574950000
1996-11-14,1270.3599853515625,1270.3599853515625,1270.9000244140625,1256.8900146484375,1260.949951171875,602310000
1996-11-15,1261.800048828125,1261.800048828125,1274.760009765625,1257.550048828125,1273.06005859375,613020000
1996-11-18,1254.5699462890625,1254.5699462890625,1263.2900390625,1250.2099609375,1263.0799560546875,492940000
1996-11-19,1262.6199951171875,1262.6199951171875,1262.93994140625,1252.969970703125,1253.8599853515625,547460000
1996-11-20,1264.93994140625,1264.93994140625,1272.4599609375,1261.760009765625,1264.77001953125,558920000
1996-11-21,1258.0799560546875,1258.0799560546875,1268.6199951171875,1256.010009765625,1267.75,569870000
1996-11-22,1274.3599853515625,1274.3599853515625,1274.6600341796875,1262.8599853515625,1262.8599853515625,669240000
1996-11-25,1280.3699951171875,1280.3699951171875,1281.219970703125,1272.449951171875,1275.4100341796875,622820000
1996-11-26,1281.199951171875,1281.199951171875,1283.8800048828125,1271.5400390625,1281.699951171875,627420000
1996-11-27,1287.3199462890625,1287.3199462890625,1287.4200439453125,1279.1500244140625,1281.97998046875,493290000
1996-11-29,1292.6099853515625,1292.6099853515625,1293.75,1287.3199462890625,1287.969970703125,207100000
1996-12-02,1299.8199462890625,1299.8199462890625,1299.8199462890625,1287.010009765625,1294.780029296875,515460000
1996-12-03,1300.3699951171875,1300.3699951171875,1313.3800048828125,1299.3499755859375,1303.6800537109375,681120000
1996-12-04,1297.02001953125,1297.02001953125,1303.27001953125,1288.6300048828125,1300.9200439453125,626420000
1996-12-05,1300.1199951171875,1300.1199951171875,1303.4300537109375,1296.72998046875,1299.550048828125,602410000
1996-12-06,1287.6800537109375,1287.6800537109375,1293.8699951171875,1258.8900146484375,1275.9000244140625,644540000
1996-12-09,1316.27001953125,1316.27001953125,1316.31005859375,1287.6500244140625,1296.1800537109375,574010000
1996-12-10,1312.550048828125,1312.550048828125,1328.949951171875,1312.280029296875,1325.1500244140625,676520000
1996-12-11,1309.1199951171875,1309.1199951171875,1312.550048828125,1291.510009765625,1300.8499755859375,628970000
1996-12-12,1298.3299560546875,1298.3299560546875,1324.3800048828125,1298.280029296875,1320.550048828125,581260000
1996-12-13,1284.9100341796875,1284.9100341796875,1298.3900146484375,1281.4300537109375,1291.4000244140625,553660000
1996-12-16,1260.97998046875,1260.97998046875,1292.239990234375,1257.780029296875,1289.719970703125,518000000
1996-12-17,1266.3199462890625,1266.3199462890625,1266.6199951171875,1251.030029296875,1255.280029296875,613230000
1996-12-18,1285.3800048828125,1285.3800048828125,1285.7099609375,1266.3800048828125,1274.510009765625,617600000
1996-12-19,1295.8599853515625,1295.8599853515625,1296.9300537109375,1285.3800048828125,1292.8299560546875,645670000
1996-12-20,1288.56005859375,1288.56005859375,1304.56005859375,1286.760009765625,1303.030029296875,628630000
1996-12-23,1279.52001953125,1279.52001953125,1291.280029296875,1276.9300537109375,1290.6800537109375,483680000
1996-12-24,1287.6300048828125,1287.6300048828125,1287.6300048828125,1277.81005859375,1280.56005859375,261250000
1996-12-26,1294.5699462890625,1294.5699462890625,1294.6600341796875,1287.5699462890625,1289.739990234375,384560000
1996-12-27,1291.3800048828125,1291.3800048828125,1297.1500244140625,1291.06005859375,1296.1800537109375,390280000
1996-12-30,1287.75,1287.75,1297.010009765625,1287.699951171875,1295.1800537109375,559630000
1996-12-31,1291.030029296875,1291.030029296875,1291.8800048828125,1285.449951171875,1289.239990234375,666010000
1997-01-02,1280.699951171875,1280.699951171875,1293.6300048828125,1272.3399658203125,1292.6500244140625,492350000
1997-01-03,1310.6800537109375,1310.6800537109375,1310.8399658203125,1280.699951171875,1288.02001953125,519140000
1997-01-06,1316.4000244140625,1316.4000244140625,1321.469970703125,1310.6300048828125,1314.3399658203125,588140000
1997-01-07,1327.72998046875,1327.72998046875,1327.8199462890625,1312.0799560546875,1316.9100341796875,577740000
1997-01-08,1320.3499755859375,1320.3499755859375,1330.77001953125,1319.93994140625,1329.5999755859375,666490000
1997-01-09,1326.199951171875,1326.199951171875,1327.239990234375,1320.3299560546875,1325.22998046875,621950000
1997-01-10,1332.02001953125,1332.02001953125,1332.02001953125,1311.780029296875,1317.3800048828125,659530000
1997-01-13,1330.9100341796875,1330.9100341796875,1337.77001953125,1328.7099609375,1335.449951171875,612090000
1997-01-14,1346.3599853515625,1346.3599853515625,1349.010009765625,1330.9100341796875,1337.3800048828125,629070000
1997-01-15,1333.530029296875,1333.530029296875,1347.8399658203125,1333.4100341796875,1347.699951171875,681170000
1997-01-16,1340.4599609375,1340.4599609375,1347.3900146484375,1333.530029296875,1340.1400146484375,712970000
1997-01-17,1349.050048828125,1349.050048828125,1350.530029296875,1339.800048828125,1340.6099853515625,673120000
1997-01-20,1364.280029296875,1364.280029296875,1365.6199951171875,1349.050048828125,1351.1400146484375,592380000
1997-01-21,1376.969970703125,1376.969970703125,1377.489990234375,1360.6099853515625,1363.43994140625,681850000
1997-01-22,1388.06005859375,1388.06005859375,1388.06005859375,1373.300048828125,1377.8499755859375,720790000
1997-01-23,1378.3699951171875,1378.3699951171875,1400.530029296875,1378.22998046875,1393.1500244140625,795360000
1997-01-24,1363.8299560546875,1363.8299560546875,1379.949951171875,1360.47998046875,1375.5999755859375,721430000
1997-01-27,1352.81005859375,1352.81005859375,1368.0,1352.1800537109375,1367.4100341796875,537780000
1997-01-28,1354.3699951171875,1354.3699951171875,1370.68994140625,1349.280029296875,1365.9100341796875,658960000
1997-01-29,1355.1700439453125,1355.1700439453125,1360.760009765625,1349.5400390625,1359.3199462890625,599260000
1997-01-30,1371.02001953125,1371.02001953125,1371.030029296875,1360.6300048828125,1362.050048828125,653640000
1997-01-31,1379.8499755859375,1379.8499755859375,1381.969970703125,1374.97998046875,1374.97998046875,679190000
1997-02-03,1376.050048828125,1376.050048828125,1384.510009765625,1374.5699462890625,1383.969970703125,537540000
1997-02-04,1373.75,1373.75,1377.780029296875,1362.81005859375,1376.699951171875,606160000
1997-02-05,1348.43994140625,1348.43994140625,1375.050048828125,1339.6400146484375,1373.949951171875,680460000
1997-02-06,1346.4000244140625,1346.4000244140625,1351.7099609375,1340.5400390625,1351.1099853515625,623490000
1997-02-07,1357.7099609375,1357.7099609375,1360.530029296875,1346.2900390625,1354.9100341796875,644310000
1997-02-10,1335.3399658203125,1335.3399658203125,1362.2099609375,1335.3399658203125,1360.4599609375,629500000
1997-02-11,1331.510009765625,1331.510009765625,1342.7099609375,1319.68994140625,1342.1099853515625,650980000
1997-02-12,1358.9599609375,1358.9599609375,1358.969970703125,1336.5699462890625,1337.47998046875,669230000
1997-02-13,1370.81005859375,1370.81005859375,1373.75,1358.949951171875,1364.52001953125,730410000
1997-02-14,1367.18994140625,1367.18994140625,1373.0400390625,1364.239990234375,1370.25,587210000
1997-02-18,1365.7900390625,1365.7900390625,1370.3199462890625,1358.050048828125,1369.1600341796875,563710000
1997-02-19,1365.5799560546875,1365.5799560546875,1370.4300537109375,1362.3699951171875,1366.3399658203125,616100000
1997-02-20,1347.4000244140625,1347.4000244140625,1365.6199951171875,1345.6199951171875,1362.6199951171875,609670000
1997-02-21,1334.3199462890625,1334.3199462890625,1347.77001953125,1332.050048828125,1346.4599609375,612770000
1997-02-24,1345.0799560546875,1345.0799560546875,1345.3399658203125,1325.1600341796875,1328.4000244140625,574060000
1997-02-25,1347.68994140625,1347.68994140625,1355.6700439453125,1342.6800537109375,1349.81005859375,700880000
1997-02-26,1340.550048828125,1340.550048828125,1351.969970703125,1333.239990234375,1350.1700439453125,640940000
1997-02-27,1312.6600341796875,1312.6600341796875,1340.949951171875,1312.5899658203125,1339.6199951171875,673500000
1997-02-28,1309.0,1309.0,1313.9000244140625,1296.8800048828125,1310.969970703125,686880000
1997-03-03,1311.1800537109375,1311.1800537109375,1311.9599609375,1301.8299560546875,1306.2099609375,531980000
1997-03-04,1317.3699951171875,1317.3699951171875,1330.0400390625,1316.199951171875,1316.199951171875,597100000
1997-03-05,1329.0899658203125,1329.0899658203125,1329.280029296875,1320.72998046875,1322.3800048828125,660100000
1997-03-06,1315.4300537109375,1315.4300537109375,1332.3399658203125,1314.9000244140625,1331.4599609375,641410000
1997-03-07,1311.800048828125,1311.800048828125,1324.22998046875,1308.9599609375,1319.739990234375,636330000
1997-03-10,1322.719970703125,1322.719970703125,1322.719970703125,1306.7900390625,1312.719970703125,562650000
1997-03-11,1316.760009765625,1316.760009765625,1326.0799560546875,1314.4200439453125,1323.9100341796875,573770000
1997-03-12,1304.1300048828125,1304.1300048828125,1314.969970703125,1300.77001953125,1314.969970703125,564220000
1997-03-13,1293.280029296875,1293.280029296875,1307.6600341796875,1291.699951171875,1302.47998046875,553470000
1997-03-14,1292.969970703125,1292.969970703125,1303.0,1291.8599853515625,1299.72998046875,589900000
1997-03-17,1279.4300537109375,1279.4300537109375,1292.969970703125,1265.1700439453125,1289.3599853515625,580850000
1997-03-18,1269.3399658203125,1269.3399658203125,1283.010009765625,1264.52001953125,1282.5999755859375,540270000
1997-03-19,1249.2900390625,1249.2900390625,1264.3499755859375,1239.760009765625,1264.3499755859375,704760000
1997-03-20,1259.260009765625,1259.260009765625,1262.6600341796875,1243.0400390625,1252.530029296875,632060000
1997-03-21,1254.0699462890625,1254.0699462890625,1267.280029296875,1253.7099609375,1263.6099853515625,571120000
1997-03-24,1242.6400146484375,1242.6400146484375,1251.0699462890625,1230.9599609375,1251.0699462890625,594970000
1997-03-25,1248.06005859375,1248.06005859375,1253.8699951171875,1241.52001953125,1247.1099853515625,544050000
1997-03-26,1269.0799560546875,1269.0799560546875,1269.0799560546875,1248.06005859375,1252.8699951171875,591610000
1997-03-27,1249.510009765625,1249.510009765625,1277.3599853515625,1241.239990234375,1274.8299560546875,579950000
1997-03-31,1221.699951171875,1221.699951171875,1246.3499755859375,1220.4000244140625,1246.3499755859375,583640000
1997-04-01,1216.9300537109375,1216.9300537109375,1222.260009765625,1206.719970703125,1211.280029296875,599440000
1997-04-02,1201.0,1201.0,1217.43994140625,1199.4100341796875,1217.43994140625,583250000
1997-04-03,1213.760009765625,1213.760009765625,1213.77001953125,1196.219970703125,1199.1199951171875,580490000
1997-04-04,1236.72998046875,1236.72998046875,1236.72998046875,1206.510009765625,1208.6500244140625,667640000
1997-04-07,1251.3499755859375,1251.3499755859375,1256.1199951171875,1245.8299560546875,1245.8299560546875,568270000
1997-04-08,1257.3699951171875,1257.3699951171875,1257.4000244140625,1245.5699462890625,1253.050048828125,522450000
1997-04-09,1249.4300537109375,1249.4300537109375,1267.4100341796875,1248.43994140625,1263.949951171875,564040000
1997-04-10,1235.77001953125,1235.77001953125,1248.31005859375,1235.5699462890625,1248.31005859375,520770000
1997-04-11,1206.9000244140625,1206.9000244140625,1224.3499755859375,1206.9000244140625,1224.3499755859375,533990000
1997-04-14,1216.4100341796875,1216.4100341796875,1216.4200439453125,1199.6800537109375,1209.0400390625,471240000
1997-04-15,1212.8800048828125,1212.8800048828125,1228.5,1205.9300537109375,1221.949951171875,572050000
1997-04-16,1210.27001953125,1210.27001953125,1215.43994140625,1202.77001953125,1209.3299560546875,575510000
1997-04-17,1217.0699462890625,1217.0699462890625,1224.1400146484375,1210.27001953125,1214.0999755859375,600610000
1997-04-18,1222.5699462890625,1222.5699462890625,1233.010009765625,1217.0699462890625,1232.4599609375,574960000
1997-04-21,1203.949951171875,1203.949951171875,1223.4200439453125,1202.5999755859375,1221.97998046875,546340000
1997-04-22,1212.739990234375,1212.739990234375,1212.739990234375,1194.1600341796875,1205.22998046875,619440000
1997-04-23,1227.1400146484375,1227.1400146484375,1228.3299560546875,1213.0400390625,1214.6400146484375,584320000
1997-04-24,1228.0999755859375,1228.0999755859375,1242.1600341796875,1227.9300537109375,1238.0,586820000
1997-04-25,1209.2900390625,1209.2900390625,1228.27001953125,1209.18994140625,1224.4200439453125,497290000
1997-04-28,1217.030029296875,1217.030029296875,1220.0799560546875,1203.969970703125,1211.8699951171875,453000000
1997-04-29,1242.6300048828125,1242.6300048828125,1242.6400146484375,1233.25,1233.25,573420000
1997-04-30,1260.760009765625,1260.760009765625,1263.989990234375,1237.81005859375,1238.949951171875,657060000
1997-05-01,1270.5,1270.5,1273.0,1260.93994140625,1263.9300537109375,615620000
1997-05-02,1305.3299560546875,1305.3299560546875,1305.3800048828125,1275.510009765625,1275.510009765625,723590000
1997-05-05,1339.239990234375,1339.239990234375,1339.8599853515625,1311.699951171875,1311.699951171875,835140000
1997-05-06,1328.300048828125,1328.300048828125,1334.449951171875,1324.25,1334.449951171875,741910000
1997-05-07,1322.9100341796875,1322.9100341796875,1333.56005859375,1319.75,1321.8299560546875,610710000
1997-05-08,1330.8299560546875,1330.8299560546875,1337.739990234375,1316.050048828125,1317.760009765625,620050000
1997-05-09,1335.050048828125,1335.050048828125,1343.010009765625,1325.6099853515625,1338.800048828125,544810000
1997-05-12,1344.18994140625,1344.18994140625,1345.1099853515625,1339.050048828125,1339.050048828125,529710000
1997-05-13,1333.5899658203125,1333.5899658203125,1346.219970703125,1332.0999755859375,1343.8299560546875,578610000
1997-05-14,1335.550048828125,1335.550048828125,1339.97998046875,1328.0699462890625,1337.3399658203125,612480000
1997-05-15,1353.5799560546875,1353.5799560546875,1353.97998046875,1334.9200439453125,1335.56005859375,595400000
1997-05-16,1340.72998046875,1340.72998046875,1347.530029296875,1339.93994140625,1347.530029296875,562760000
1997-05-19,1341.239990234375,1341.239990234375,1344.9100341796875,1335.949951171875,1343.3199462890625,451060000
1997-05-20,1363.8800048828125,1363.8800048828125,1363.8900146484375,1338.4200439453125,1342.1700439453125,531940000
1997-05-21,1373.75,1373.75,1380.9000244140625,1373.1500244140625,1373.1500244140625,654890000
1997-05-22,1372.5999755859375,1372.5999755859375,1378.260009765625,1366.760009765625,1376.1800537109375,551360000
1997-05-23,1389.719970703125,1389.719970703125,1389.75,1377.72998046875,1377.72998046875,539440000
1997-05-27,1409.2099609375,1409.2099609375,1409.3900146484375,1386.8299560546875,1388.0,634040000
1997-05-28,1410.1800537109375,1410.1800537109375,1414.260009765625,1403.72998046875,1411.6500244140625,646840000
1997-05-29,1403.0400390625,1403.0400390625,1414.25,1401.8499755859375,1412.489990234375,611460000
1997-05-30,1400.3199462890625,1400.3199462890625,1403.25,1352.6500244140625,1355.800048828125,713770000
1997-06-02,1404.7900390625,1404.7900390625,1408.489990234375,1394.719970703125,1407.0699462890625,555220000
1997-06-03,1384.9100341796875,1384.9100341796875,1397.489990234375,1384.6700439453125,1397.489990234375,586410000
1997-06-04,1379.6700439453125,1379.6700439453125,1392.989990234375,1375.449951171875,1387.4599609375,594220000
1997-06-05,1390.050048828125,1390.050048828125,1393.7900390625,1385.739990234375,1385.739990234375,560950000
1997-06-06,1404.8399658203125,1404.8399658203125,1405.2900390625,1387.6300048828125,1390.1300048828125,586010000
1997-06-09,1412.0400390625,1412.0400390625,1416.77001953125,1410.68994140625,1410.68994140625,558860000
1997-06-10,1401.68994140625,1401.68994140625,1415.6600341796875,1398.219970703125,1410.31005859375,664990000
1997-06-11,1407.8499755859375,1407.8499755859375,1408.010009765625,1394.43994140625,1401.1400146484375,623700000
1997-06-12,1411.3199462890625,1411.3199462890625,1414.6300048828125,1399.6700439453125,1404.530029296875,630230000
1997-06-13,1423.030029296875,1423.030029296875,1426.72998046875,1410.760009765625,1411.7099609375,593870000
1997-06-16,1431.949951171875,1431.949951171875,1432.0,1421.739990234375,1423.739990234375,500070000
1997-06-17,1443.1099853515625,1443.1099853515625,1445.5999755859375,1426.260009765625,1429.6400146484375,618760000
1997-06-18,1432.4300537109375,1432.4300537109375,1433.469970703125,1428.8399658203125,1433.469970703125,588340000
1997-06-19,1447.1400146484375,1447.1400146484375,1448.449951171875,1432.4300537109375,1433.3599853515625,651740000
1997-06-20,1447.0999755859375,1447.0999755859375,1453.3900146484375,1444.4200439453125,1447.449951171875,612260000
1997-06-23,1434.3199462890625,1434.3199462890625,1451.0699462890625,1433.3299560546875,1444.8399658203125,553910000
1997-06-24,1452.4300537109375,1452.4300537109375,1452.6800537109375,1443.9300537109375,1443.9300537109375,630080000
1997-06-25,1446.239990234375,1446.239990234375,1467.2900390625,1439.0999755859375,1453.8800048828125,672870000
1997-06-26,1436.3800048828125,1436.3800048828125,1447.8199462890625,1435.0999755859375,1442.5,612940000
1997-06-27,1438.1500244140625,1438.1500244140625,1444.949951171875,1436.3800048828125,1441.2900390625,548480000
1997-06-30,1442.0699462890625,1442.0699462890625,1448.6800537109375,1432.0699462890625,1439.469970703125,637020000
1997-07-01,1438.25,1438.25,1444.1199951171875,1432.4200439453125,1442.6500244140625,589030000
1997-07-02,1455.6099853515625,1455.6099853515625,1455.800048828125,1437.1500244140625,1443.239990234375,622390000
1997-07-03,1467.6099853515625,1467.6099853515625,1469.3599853515625,1464.0699462890625,1464.0699462890625,371760000
1997-07-07,1470.739990234375,1470.739990234375,1477.25,1466.5699462890625,1472.6099853515625,546110000
1997-07-08,1485.0999755859375,1485.0999755859375,1485.1600341796875,1469.93994140625,1471.449951171875,635390000
1997-07-09,1486.6300048828125,1486.6300048828125,1494.8900146484375,1483.2099609375,1491.8399658203125,707870000
1997-07-10,1490.9300537109375,1490.9300537109375,1491.969970703125,1476.2099609375,1485.6700439453125,637320000
1997-07-11,1502.6199951171875,1502.6199951171875,1503.31005859375,1485.31005859375,1489.7099609375,651460000
1997-07-14,1523.8800048828125,1523.8800048828125,1523.8800048828125,1506.969970703125,1506.969970703125,677580000
1997-07-15,1542.1099853515625,1542.1099853515625,1543.18994140625,1523.8800048828125,1534.5699462890625,726930000
1997-07-16,1580.6300048828125,1580.6300048828125,1581.449951171875,1561.4100341796875,1561.4100341796875,836200000
1997-07-17,1568.8499755859375,1568.8499755859375,1582.6300048828125,1564.5699462890625,1581.25,750890000
1997-07-18,1547.989990234375,1547.989990234375,1559.5,1535.739990234375,1559.5,668550000
1997-07-21,1536.22998046875,1536.22998046875,1549.22998046875,1530.22998046875,1548.0999755859375,535710000
1997-07-22,1563.8599853515625,1563.8599853515625,1564.010009765625,1538.550048828125,1539.0,647960000
1997-07-23,1567.6500244140625,1567.6500244140625,1578.030029296875,1562.3699951171875,1571.3299560546875,693280000
1997-07-24,1569.1300048828125,1569.1300048828125,1571.030029296875,1553.22998046875,1565.8699951171875,742100000
1997-07-25,1569.5799560546875,1569.5799560546875,1576.949951171875,1561.4200439453125,1571.68994140625,666600000
1997-07-28,1563.530029296875,1563.530029296875,1574.1300048828125,1560.510009765625,1573.0899658203125,589500000
1997-07-29,1572.3199462890625,1572.3199462890625,1572.3199462890625,1557.56005859375,1560.469970703125,632300000
1997-07-30,1588.050048828125,1588.050048828125,1589.81005859375,1570.7900390625,1573.1300048828125,724950000
1997-07-31,1593.81005859375,1593.81005859375,1595.760009765625,1585.0899658203125,1591.56005859375,677690000
1997-08-01,1594.3299560546875,1594.3299560546875,1599.030029296875,1580.5,1594.6700439453125,584020000
1997-08-04,1605.449951171875,1605.449951171875,1605.739990234375,1593.0899658203125,1593.0899658203125,593300000
1997-08-05,1621.530029296875,1621.530029296875,1621.77001953125,1587.25,1610.2099609375,731870000
1997-08-06,1630.43994140625,1630.43994140625,1635.030029296875,1617.2099609375,1623.239990234375,780350000
1997-08-07,1624.1800537109375,1624.1800537109375,1638.260009765625,1623.800048828125,1637.1400146484375,747460000
1997-08-08,1598.52001953125,1598.52001953125,1614.8599853515625,1586.5999755859375,1612.3699951171875,691650000
1997-08-11,1586.739990234375,1586.739990234375,1601.0899658203125,1570.5,1599.1600341796875,613980000
1997-08-12,1576.239990234375,1576.239990234375,1601.1500244140625,1575.8900146484375,1592.6500244140625,637480000
1997-08-13,1583.4000244140625,1583.4000244140625,1597.47998046875,1571.5899658203125,1594.25,648370000
1997-08-14,1586.68994140625,1586.68994140625,1591.5699462890625,1577.949951171875,1587.1199951171875,575880000
1997-08-15,1562.030029296875,1562.030029296875,1583.27001953125,1561.8499755859375,1583.27001953125,540240000
1997-08-18,1569.52001953125,1569.52001953125,1569.530029296875,1545.1300048828125,1563.449951171875,545600000
1997-08-19,1600.7099609375,1600.7099609375,1600.719970703125,1579.3800048828125,1579.3800048828125,654020000
1997-08-20,1628.699951171875,1628.699951171875,1628.81005859375,1599.1099853515625,1603.2900390625,713530000
1997-08-21,1607.3599853515625,1607.3599853515625,1628.800048828125,1605.8199462890625,1626.8800048828125,703630000
1997-08-22,1598.68994140625,1598.68994140625,1607.3599853515625,1574.77001953125,1581.6800537109375,628780000
1997-08-25,1601.5699462890625,1601.5699462890625,1610.9000244140625,1596.3800048828125,1601.1099853515625,567740000
1997-08-26,1591.300048828125,1591.300048828125,1601.93994140625,1591.0400390625,1596.0400390625,664840000
1997-08-27,1595.5400390625,1595.5400390625,1598.25,1583.1199951171875,1593.72998046875,635430000
1997-08-28,1581.3199462890625,1581.3199462890625,1586.0999755859375,1572.0899658203125,1586.0999755859375,664030000
1997-08-29,1587.3199462890625,1587.3199462890625,1591.3199462890625,1578.969970703125,1580.0,498240000
1997-09-02,1618.0899658203125,1618.0899658203125,1618.3800048828125,1595.0699462890625,1595.0699462890625,583880000
1997-09-03,1618.239990234375,1618.239990234375,1629.4000244140625,1616.4000244140625,1619.9599609375,652520000
1997-09-04,1624.6300048828125,1624.6300048828125,1625.989990234375,1616.550048828125,1618.0,669770000
1997-09-05,1635.77001953125,1635.77001953125,1639.9000244140625,1633.010009765625,1633.010009765625,644380000
1997-09-08,1645.3499755859375,1645.3499755859375,1648.699951171875,1641.719970703125,1641.719970703125,648040000
1997-09-09,1656.219970703125,1656.219970703125,1659.3699951171875,1645.0400390625,1646.5899658203125,711410000
1997-09-10,1639.25,1639.25,1655.6700439453125,1639.1600341796875,1655.6700439453125,724200000
1997-09-11,1639.8599853515625,1639.8599853515625,1640.8900146484375,1620.52001953125,1635.31005859375,708040000
1997-09-12,1649.3299560546875,1649.3299560546875,1649.8900146484375,1633.6500244140625,1642.97998046875,690960000
1997-09-15,1634.9200439453125,1634.9200439453125,1654.739990234375,1634.760009765625,1649.760009765625,663570000
1997-09-16,1668.5999755859375,1668.5999755859375,1669.1800537109375,1643.7900390625,1643.7900390625,745330000
1997-09-17,1666.469970703125,1666.469970703125,1675.68994140625,1662.530029296875,1673.6600341796875,770020000
1997-09-18,1670.02001953125,1670.02001953125,1680.1800537109375,1667.7099609375,1671.5699462890625,718240000
1997-09-19,1680.3599853515625,1680.3599853515625,1680.3699951171875,1666.9100341796875,1668.8699951171875,679860000
1997-09-22,1689.449951171875,1689.449951171875,1697.3199462890625,1684.31005859375,1684.31005859375,703720000
1997-09-23,1697.3599853515625,1697.3599853515625,1697.3599853515625,1686.3800048828125,1691.97998046875,755210000
1997-09-24,1687.4100341796875,1687.4100341796875,1702.489990234375,1686.52001953125,1700.68994140625,784480000
1997-09-25,1678.8900146484375,1678.8900146484375,1688.81005859375,1675.56005859375,1685.780029296875,732460000
1997-09-26,1682.239990234375,1682.239990234375,1689.1800537109375,1677.68994140625,1686.0,678780000
1997-09-29,1694.97998046875,1694.97998046875,1695.530029296875,1680.6199951171875,1685.300048828125,635550000
1997-09-30,1685.68994140625,1685.68994140625,1694.010009765625,1685.510009765625,1691.1800537109375,779730000
1997-10-01,1690.300048828125,1690.300048828125,1696.6300048828125,1680.760009765625,1690.7900390625,970680000
1997-10-02,1702.4100341796875,1702.4100341796875,1702.9300537109375,1692.1099853515625,1693.3399658203125,704980000
1997-10-03,1715.8699951171875,1715.8699951171875,1726.5899658203125,1706.22998046875,1718.1700439453125,765240000
1997-10-06,1721.9100341796875,1721.9100341796875,1724.469970703125,1716.5999755859375,1722.3900146484375,715450000
1997-10-07,1737.27001953125,1737.27001953125,1739.8599853515625,1725.8499755859375,1725.8499755859375,777300000
1997-10-08,1741.77001953125,1741.77001953125,1741.81005859375,1727.5799560546875,1739.9100341796875,786410000
1997-10-09,1745.8499755859375,1745.8499755859375,1748.780029296875,1731.3399658203125,1734.989990234375,780590000
1997-10-10,1739.030029296875,1739.030029296875,1745.8499755859375,1736.1099853515625,1739.199951171875,707020000
1997-10-13,1742.1199951171875,1742.1199951171875,1747.8499755859375,1739.030029296875,1744.8800048828125,653120000
1997-10-14,1732.7900390625,1732.7900390625,1747.050048828125,1723.280029296875,1744.8299560546875,749290000
1997-10-15,1723.3699951171875,1723.3699951171875,1732.7900390625,1713.9100341796875,1715.300048828125,816140000
1997-10-16,1699.6600341796875,1699.6600341796875,1732.530029296875,1691.9200439453125,1730.8499755859375,833830000
1997-10-17,1666.8499755859375,1666.8499755859375,1699.6600341796875,1645.8699951171875,1699.6600341796875,921830000
1997-10-20,1685.449951171875,1685.449951171875,1686.449951171875,1666.780029296875,1675.1600341796875,683660000
1997-10-21,1712.5400390625,1712.5400390625,1712.9000244140625,1699.760009765625,1699.760009765625,789340000
1997-10-22,1708.0799560546875,1708.0799560546875,1717.300048828125,1704.8299560546875,1716.489990234375,774910000
1997-10-23,1671.25,1671.25,1708.0799560546875,1662.989990234375,1708.0799560546875,818880000
1997-10-24,1650.9200439453125,1650.9200439453125,1691.5999755859375,1642.68994140625,1686.0699462890625,936240000
1997-10-27,1532.75,1532.75,1650.9200439453125,1531.56005859375,1650.9200439453125,906360000
1997-10-28,1603.02001953125,1603.02001953125,1603.219970703125,1465.8399658203125,1484.719970703125,1395000000
1997-10-29,1602.75,1602.75,1626.239990234375,1596.93994140625,1614.5899658203125,900600000
1997-10-30,1570.4100341796875,1570.4100341796875,1596.219970703125,1564.6500244140625,1572.8900146484375,754110000
1997-10-31,1593.6099853515625,1593.6099853515625,1599.7099609375,1570.4100341796875,1594.1199951171875,710010000
1997-11-03,1629.97998046875,1629.97998046875,1630.1600341796875,1609.6199951171875,1609.6199951171875,642760000
1997-11-04,1631.1500244140625,1631.1500244140625,1634.489990234375,1622.2099609375,1627.239990234375,631090000
1997-11-05,1637.3299560546875,1637.3299560546875,1644.4200439453125,1634.1199951171875,1639.93994140625,695500000
1997-11-06,1623.43994140625,1623.43994140625,1638.1400146484375,1622.3599853515625,1638.1400146484375,629490000
1997-11-07,1602.4000244140625,1602.4000244140625,1623.4300537109375,1587.31005859375,1597.27001953125,673200000
1997-11-10,1590.719970703125,1590.719970703125,1616.8199462890625,1589.760009765625,1609.77001953125,589740000
1997-11-11,1584.8599853515625,1584.8599853515625,1596.1800537109375,1580.52001953125,1594.449951171875,567560000
1997-11-12,1541.7099609375,1541.7099609375,1584.8599853515625,1540.5899658203125,1584.8599853515625,706290000
1997-11-13,1559.25,1559.25,1559.25,1508.4100341796875,1554.7900390625,772650000
1997-11-14,1583.510009765625,1583.510009765625,1585.43994140625,1565.6800537109375,1565.6800537109375,705390000
1997-11-17,1614.1099853515625,1614.1099853515625,1631.4599609375,1583.469970703125,1601.949951171875,652880000
1997-11-18,1600.43994140625,1600.43994140625,1616.4200439453125,1600.199951171875,1614.6700439453125,575210000
1997-11-19,1601.219970703125,1601.219970703125,1603.1099853515625,1594.050048828125,1596.2900390625,552580000
1997-11-20,1626.56005859375,1626.56005859375,1627.47998046875,1607.6600341796875,1607.6600341796875,687990000
1997-11-21,1620.75,1620.75,1654.4300537109375,1616.3900146484375,1636.5799560546875,679100000
1997-11-24,1586.989990234375,1586.989990234375,1620.75,1584.56005859375,1612.93994140625,556720000
1997-11-25,1589.0400390625,1589.0400390625,1596.56005859375,1580.27001953125,1593.300048828125,642000000
1997-11-26,1594.5,1594.5,1597.7900390625,1591.550048828125,1593.5699462890625,517560000
1997-11-28,1600.550048828125,1600.550048828125,1604.239990234375,1595.8399658203125,1595.8399658203125,209930000
1997-12-01,1630.719970703125,1630.719970703125,1630.719970703125,1608.56005859375,1608.56005859375,610620000
1997-12-02,1606.3699951171875,1606.3699951171875,1625.47998046875,1605.1199951171875,1625.47998046875,650360000
1997-12-03,1615.1300048828125,1615.1300048828125,1615.1400146484375,1591.050048828125,1603.989990234375,717890000
1997-12-04,1613.4200439453125,1613.4200439453125,1624.6400146484375,1610.6800537109375,1621.719970703125,695120000
1997-12-05,1633.9000244140625,1633.9000244140625,1633.9100341796875,1606.9200439453125,1608.030029296875,663220000
1997-12-08,1651.5400390625,1651.5400390625,1652.8399658203125,1639.0,1639.3900146484375,634420000
1997-12-09,1620.550048828125,1620.550048828125,1636.969970703125,1619.8299560546875,1636.969970703125,802080000
1997-12-10,1596.6099853515625,1596.6099853515625,1621.18994140625,1585.1500244140625,1611.8800048828125,741630000
1997-12-11,1558.5400390625,1558.5400390625,1596.5999755859375,1550.760009765625,1577.550048828125,823740000
1997-12-12,1536.5799560546875,1536.5799560546875,1567.8199462890625,1533.6199951171875,1564.06005859375,760430000
1997-12-15,1536.56005859375,1536.56005859375,1542.719970703125,1515.68994140625,1540.4100341796875,792570000
1997-12-16,1553.0,1553.0,1561.1800537109375,1539.0699462890625,1541.25,784930000
1997-12-17,1547.3699951171875,1547.3699951171875,1568.5400390625,1546.56005859375,1563.530029296875,757460000
1997-12-18,1523.18994140625,1523.18994140625,1549.550048828125,1516.4100341796875,1548.6700439453125,740420000
1997-12-19,1524.739990234375,1524.739990234375,1525.8800048828125,1486.510009765625,1506.8599853515625,794540000
1997-12-22,1532.06005859375,1532.06005859375,1544.449951171875,1526.8199462890625,1533.4599609375,627100000
1997-12-23,1509.9100341796875,1509.9100341796875,1533.1099853515625,1509.25,1531.5999755859375,614300000
1997-12-24,1499.530029296875,1499.530029296875,1518.2099609375,1497.6700439453125,1516.6600341796875,312170000
1997-12-26,1511.3800048828125,1511.3800048828125,1511.3800048828125,1501.1500244140625,1501.1500244140625,204700000
1997-12-29,1537.449951171875,1537.449951171875,1537.489990234375,1521.7900390625,1521.7900390625,645090000
1997-12-30,1565.030029296875,1565.030029296875,1565.47998046875,1539.550048828125,1539.550048828125,758360000
1997-12-31,1570.3499755859375,1570.3499755859375,1580.72998046875,1560.93994140625,1565.8699951171875,795460000
1998-01-02,1581.530029296875,1581.530029296875,1581.530029296875,1563.77001953125,1574.0999755859375,434140000
1998-01-05,1594.1199951171875,1594.1199951171875,1602.510009765625,1582.989990234375,1585.77001953125,681560000
1998-01-06,1580.1400146484375,1580.1400146484375,1594.1199951171875,1576.260009765625,1588.0699462890625,635700000
1998-01-07,1561.699951171875,1561.699951171875,1580.1400146484375,1547.52001953125,1574.010009765625,691340000
1998-01-08,1555.5400390625,1555.5400390625,1566.56005859375,1550.699951171875,1555.9100341796875,645050000
1998-01-09,1503.219970703125,1503.219970703125,1555.6600341796875,1497.3699951171875,1555.5400390625,813460000
1998-01-12,1507.5799560546875,1507.5799560546875,1507.719970703125,1465.6099853515625,1482.010009765625,698330000
1998-01-13,1541.6300048828125,1541.6300048828125,1542.1800537109375,1519.6199951171875,1519.6199951171875,742030000
1998-01-14,1548.760009765625,1548.760009765625,1550.7099609375,1535.97998046875,1549.800048828125,691680000
1998-01-15,1547.06005859375,1547.06005859375,1554.8499755859375,1541.2900390625,1545.8199462890625,659450000
1998-01-16,1562.8800048828125,1562.8800048828125,1564.9599609375,1557.68994140625,1557.68994140625,701230000
1998-01-20,1590.1400146484375,1590.1400146484375,1590.1400146484375,1567.800048828125,1567.800048828125,715490000
1998-01-21,1587.9200439453125,1587.9200439453125,1590.47998046875,1578.4300537109375,1583.4000244140625,716850000
1998-01-22,1576.510009765625,1576.510009765625,1585.050048828125,1573.280029296875,1577.8800048828125,660500000
1998-01-23,1575.9300537109375,1575.9300537109375,1584.949951171875,1568.1800537109375,1582.52001953125,647390000
1998-01-26,1561.4599609375,1561.4599609375,1579.31005859375,1556.9100341796875,1578.3299560546875,588240000
1998-01-27,1578.9000244140625,1578.9000244140625,1580.0400390625,1559.260009765625,1562.22998046875,680550000
1998-01-28,1610.8199462890625,1610.8199462890625,1611.5,1586.489990234375,1586.489990234375,777610000
1998-01-29,1619.489990234375,1619.489990234375,1629.5400390625,1608.3499755859375,1609.0799560546875,827970000
1998-01-30,1619.3599853515625,1619.3599853515625,1628.199951171875,1615.4200439453125,1624.530029296875,729510000
1998-02-02,1652.8900146484375,1652.8900146484375,1653.93994140625,1640.06005859375,1640.06005859375,808120000
1998-02-03,1666.3399658203125,1666.3399658203125,1666.5400390625,1649.31005859375,1654.22998046875,764140000
1998-02-04,1680.43994140625,1680.43994140625,1681.1700439453125,1661.1099853515625,1663.4599609375,820450000
1998-02-05,1676.9000244140625,1676.9000244140625,1701.199951171875,1675.0999755859375,1692.219970703125,865990000
1998-02-06,1694.3499755859375,1694.3499755859375,1694.56005859375,1675.4000244140625,1675.510009765625,753820000
1998-02-09,1690.4300537109375,1690.4300537109375,1701.5799560546875,1686.2099609375,1699.9200439453125,688620000
1998-02-10,1709.0400390625,1709.0400390625,1713.5400390625,1692.1099853515625,1692.2900390625,835560000
1998-02-11,1708.550048828125,1708.550048828125,1714.1500244140625,1703.780029296875,1708.989990234375,760090000
1998-02-12,1714.3399658203125,1714.3399658203125,1714.6199951171875,1692.3699951171875,1702.8900146484375,769560000
1998-02-13,1710.4200439453125,1710.4200439453125,1715.1099853515625,1707.5999755859375,1709.4000244140625,683180000
1998-02-17,1703.4300537109375,1703.4300537109375,1723.4000244140625,1700.9100341796875,1721.02001953125,691970000
1998-02-18,1715.72998046875,1715.72998046875,1715.739990234375,1701.3599853515625,1702.7900390625,687480000
1998-02-19,1727.010009765625,1727.010009765625,1730.8800048828125,1717.469970703125,1723.9000244140625,738870000
1998-02-20,1728.1300048828125,1728.1300048828125,1731.8399658203125,1713.8399658203125,1731.8399658203125,745760000
1998-02-23,1751.760009765625,1751.760009765625,1751.760009765625,1735.5699462890625,1744.2099609375,731710000
1998-02-24,1738.7099609375,1738.7099609375,1757.9599609375,1738.7099609375,1755.75,774920000
1998-02-25,1766.47998046875,1766.47998046875,1766.6600341796875,1746.72998046875,1746.8399658203125,845060000
1998-02-26,1777.1099853515625,1777.1099853515625,1777.1300048828125,1763.8599853515625,1766.7099609375,782680000
1998-02-27,1770.510009765625,1770.510009765625,1783.739990234375,1769.989990234375,1778.02001953125,816160000
1998-03-02,1758.5400390625,1758.5400390625,1781.0699462890625,1756.93994140625,1778.719970703125,747030000
1998-03-03,1757.1400146484375,1757.1400146484375,1757.1800537109375,1741.1500244140625,1748.9599609375,783120000
1998-03-04,1759.699951171875,1759.699951171875,1762.3199462890625,1748.5699462890625,1750.47998046875,731200000
1998-03-05,1711.9200439453125,1711.9200439453125,1714.5899658203125,1708.47998046875,1714.5899658203125,874260000
1998-03-06,1753.489990234375,1753.489990234375,1753.489990234375,1722.5899658203125,1722.5899658203125,791520000
1998-03-09,1725.1600341796875,1725.1600341796875,1747.93994140625,1725.1600341796875,1747.93994140625,739340000
1998-03-10,1748.510009765625,1748.510009765625,1748.6600341796875,1741.5799560546875,1741.5799560546875,799920000
1998-03-11,1756.8499755859375,1756.8499755859375,1763.4000244140625,1756.030029296875,1756.030029296875,838450000
1998-03-12,1764.06005859375,1764.06005859375,1766.22998046875,1749.780029296875,1763.7099609375,756150000
1998-03-13,1771.6600341796875,1771.6600341796875,1780.9000244140625,1768.6199951171875,1775.010009765625,752290000
1998-03-16,1788.1800537109375,1788.1800537109375,1788.4000244140625,1779.4100341796875,1779.4100341796875,690210000
1998-03-17,1779.300048828125,1779.300048828125,1788.81005859375,1769.9300537109375,1787.93994140625,799940000
1998-03-18,1788.280029296875,1788.280029296875,1788.739990234375,1768.780029296875,1772.739990234375,757120000
1998-03-19,1799.97998046875,1799.97998046875,1799.97998046875,1789.550048828125,1789.550048828125,789290000
1998-03-20,1789.1600341796875,1789.1600341796875,1807.030029296875,1788.8599853515625,1803.280029296875,756320000
1998-03-23,1792.510009765625,1792.510009765625,1798.3199462890625,1783.18994140625,1784.949951171875,731510000
1998-03-24,1812.43994140625,1812.43994140625,1813.449951171875,1796.8399658203125,1796.8399658203125,803810000
1998-03-25,1824.510009765625,1824.510009765625,1840.8299560546875,1812.760009765625,1837.6199951171875,871650000
1998-03-26,1828.5400390625,1828.5400390625,1832.5999755859375,1816.02001953125,1822.239990234375,725070000
1998-03-27,1823.6199951171875,1823.6199951171875,1839.760009765625,1818.47998046875,1837.1099853515625,738420000
1998-03-30,1818.699951171875,1818.699951171875,1826.6300048828125,1814.4100341796875,1823.7900390625,655780000
1998-03-31,1835.6800537109375,1835.6800537109375,1839.77001953125,1818.6099853515625,1823.47998046875,841000000
1998-04-01,1847.6600341796875,1847.6600341796875,1848.949951171875,1826.1199951171875,1838.1500244140625,835580000
1998-04-02,1852.9599609375,1852.9599609375,1858.2099609375,1845.719970703125,1847.9599609375,918090000
1998-04-03,1855.4000244140625,1855.4000244140625,1865.800048828125,1850.6300048828125,1857.3499755859375,863080000
1998-04-06,1829.1400146484375,1829.1400146484375,1861.1199951171875,1828.719970703125,1859.239990234375,761070000
1998-04-07,1798.7099609375,1798.7099609375,1823.5400390625,1788.739990234375,1823.5400390625,776480000
1998-04-08,1807.010009765625,1807.010009765625,1816.3299560546875,1798.3499755859375,1801.1099853515625,719600000
1998-04-09,1820.239990234375,1820.239990234375,1821.75,1814.43994140625,1814.510009765625,755840000
1998-04-13,1824.949951171875,1824.949951171875,1826.97998046875,1810.260009765625,1824.0699462890625,631850000
1998-04-14,1843.030029296875,1843.030029296875,1844.760009765625,1825.4000244140625,1825.4000244140625,777690000
1998-04-15,1863.260009765625,1863.260009765625,1866.9200439453125,1852.8900146484375,1852.8900146484375,901950000
1998-04-16,1858.239990234375,1858.239990234375,1863.3399658203125,1849.0999755859375,1857.27001953125,854830000
1998-04-17,1866.5999755859375,1866.5999755859375,1866.8299560546875,1849.5799560546875,1854.5,811930000
1998-04-20,1887.1400146484375,1887.1400146484375,1888.0,1869.010009765625,1869.010009765625,808730000
1998-04-21,1903.8699951171875,1903.8699951171875,1904.1800537109375,1882.699951171875,1894.989990234375,938570000
1998-04-22,1917.6099853515625,1917.6099853515625,1931.8299560546875,1907.4599609375,1907.4599609375,1026050000
1998-04-23,1881.3900146484375,1881.3900146484375,1913.1400146484375,1880.1700439453125,1913.1400146484375,891510000
1998-04-24,1868.9599609375,1868.9599609375,1891.72998046875,1860.260009765625,1878.5699462890625,806250000
1998-04-27,1820.31005859375,1820.31005859375,1868.9599609375,1804.1400146484375,1868.9599609375,796370000
1998-04-28,1831.77001953125,1831.77001953125,1848.8900146484375,1820.300048828125,1842.489990234375,782220000
1998-04-29,1851.6400146484375,1851.6400146484375,1854.22998046875,1837.1700439453125,1837.1700439453125,792740000
1998-04-30,1868.4100341796875,1868.4100341796875,1874.4599609375,1868.1199951171875,1868.1199951171875,842050000
1998-05-01,1873.43994140625,1873.43994140625,1875.52001953125,1864.43994140625,1871.81005859375,774600000
1998-05-04,1878.8599853515625,1878.8599853515625,1890.800048828125,1873.4300537109375,1880.1199951171875,770840000
1998-05-05,1864.9100341796875,1864.9100341796875,1876.260009765625,1862.9200439453125,1876.260009765625,767370000
1998-05-06,1856.6800537109375,1856.6800537109375,1874.1099853515625,1855.5999755859375,1872.5899658203125,752820000
1998-05-07,1835.1400146484375,1835.1400146484375,1859.5699462890625,1835.0899658203125,1858.4100341796875,716270000
1998-05-08,1864.3699951171875,1864.3699951171875,1864.7099609375,1832.1700439453125,1832.1700439453125,718440000
1998-05-11,1848.0699462890625,1848.0699462890625,1877.6500244140625,1847.97998046875,1870.010009765625,723610000
1998-05-12,1860.1600341796875,1860.1600341796875,1860.1600341796875,1839.2099609375,1847.43994140625,735840000
1998-05-13,1866.1800537109375,1866.1800537109375,1871.77001953125,1866.1800537109375,1869.8499755859375,783840000
1998-05-14,1865.3599853515625,1865.3599853515625,1878.5,1854.2099609375,1857.77001953125,741310000
1998-05-15,1846.77001953125,1846.77001953125,1870.75,1844.719970703125,1869.3599853515625,755970000
1998-05-18,1831.6199951171875,1831.6199951171875,1850.6300048828125,1822.56005859375,1838.530029296875,685930000
1998-05-19,1845.8699951171875,1845.8699951171875,1849.550048828125,1840.6199951171875,1840.6199951171875,678040000
1998-05-20,1831.75,1831.75,1852.27001953125,1827.489990234375,1850.1600341796875,674390000
1998-05-21,1820.989990234375,1820.989990234375,1840.760009765625,1817.8900146484375,1834.489990234375,681880000
1998-05-22,1805.0,1805.0,1834.239990234375,1801.6199951171875,1810.8199462890625,637350000
1998-05-26,1778.0899658203125,1778.0899658203125,1817.9200439453125,1777.6800537109375,1813.530029296875,676260000
1998-05-27,1781.0999755859375,1781.0999755859375,1781.300048828125,1742.050048828125,1759.6300048828125,793890000
1998-05-28,1794.6199951171875,1794.6199951171875,1796.72998046875,1775.4300537109375,1782.75,644880000
1998-05-29,1778.8699951171875,1778.8699951171875,1803.0699462890625,1778.0899658203125,1800.3299560546875,664240000
1998-06-01,1746.8199462890625,1746.8199462890625,1779.3399658203125,1741.0999755859375,1770.3699951171875,645550000
1998-06-02,1761.7900390625,1761.7900390625,1764.8399658203125,1746.8199462890625,1757.9200439453125,701070000
1998-06-03,1742.31005859375,1742.31005859375,1774.5799560546875,1742.010009765625,1771.18994140625,727000000
1998-06-04,1769.949951171875,1769.949951171875,1769.949951171875,1753.3299560546875,1753.3299560546875,725200000
1998-06-05,1782.9200439453125,1782.9200439453125,1782.9200439453125,1766.31005859375,1772.9000244140625,679590000
1998-06-08,1787.77001953125,1787.77001953125,1791.5400390625,1778.5400390625,1783.469970703125,610090000
1998-06-09,1800.760009765625,1800.760009765625,1801.0400390625,1786.9100341796875,1787.6600341796875,709090000
1998-06-10,1773.25,1773.25,1797.199951171875,1773.25,1791.25,707460000
1998-06-11,1749.75,1749.75,1779.8800048828125,1747.510009765625,1776.6099853515625,718210000
1998-06-12,1745.050048828125,1745.050048828125,1748.4599609375,1715.7099609375,1748.4599609375,745640000
1998-06-15,1715.75,1715.75,1745.050048828125,1715.0400390625,1726.5699462890625,629030000
1998-06-16,1753.1199951171875,1753.1199951171875,1753.31005859375,1715.75,1728.739990234375,680420000
1998-06-17,1776.4000244140625,1776.4000244140625,1787.06005859375,1762.18994140625,1762.18994140625,830790000
1998-06-18,1772.699951171875,1772.699951171875,1778.449951171875,1767.949951171875,1776.3499755859375,721700000
1998-06-19,1781.2900390625,1781.2900390625,1785.25,1773.9000244140625,1783.6300048828125,712690000
1998-06-22,1805.8199462890625,1805.8199462890625,1807.56005859375,1777.22998046875,1782.56005859375,645910000
1998-06-23,1844.5699462890625,1844.5699462890625,1844.5799560546875,1806.3499755859375,1813.239990234375,807790000
1998-06-24,1877.760009765625,1877.760009765625,1878.56005859375,1837.1600341796875,1858.3599853515625,927390000
1998-06-25,1863.25,1863.25,1894.7099609375,1860.4000244140625,1886.3299560546875,838580000
1998-06-26,1869.530029296875,1869.530029296875,1872.22998046875,1862.75,1865.3499755859375,614630000
1998-06-29,1891.0799560546875,1891.0799560546875,1891.6700439453125,1880.5899658203125,1880.5899658203125,659280000
1998-06-30,1894.739990234375,1894.739990234375,1898.6199951171875,1878.8699951171875,1882.72998046875,862200000
1998-07-01,1914.4599609375,1914.4599609375,1914.4599609375,1893.06005859375,1904.239990234375,857360000
1998-07-02,1894.0,1894.0,1908.9599609375,1891.0999755859375,1908.75,793330000
1998-07-06,1909.469970703125,1909.469970703125,1909.8699951171875,1893.31005859375,1898.6300048828125,691810000
1998-07-07,1908.1099853515625,1908.1099853515625,1912.260009765625,1897.3399658203125,1912.260009765625,806450000
1998-07-08,1935.3900146484375,1935.3900146484375,1935.9000244140625,1906.6099853515625,1909.4100341796875,841820000
1998-07-09,1939.8199462890625,1939.8199462890625,1951.0699462890625,1931.989990234375,1935.550048828125,844840000
1998-07-10,1943.0400390625,1943.0400390625,1943.8900146484375,1925.1199951171875,1938.9599609375,709610000
1998-07-13,1965.530029296875,1965.530029296875,1965.719970703125,1946.6300048828125,1948.3199462890625,776950000
1998-07-14,1968.4100341796875,1968.4100341796875,1979.6400146484375,1963.6199951171875,1972.68994140625,843960000
1998-07-15,1994.5400390625,1994.5400390625,1994.989990234375,1926.43994140625,1974.56005859375,920300000
1998-07-16,2000.56005859375,2000.56005859375,2004.9200439453125,1982.47998046875,2000.9000244140625,904820000
1998-07-17,2008.760009765625,2008.760009765625,2010.6099853515625,1994.4000244140625,2005.5799560546875,798320000
1998-07-20,2014.25,2014.25,2022.4000244140625,2006.3299560546875,2013.47998046875,722060000
1998-07-21,1979.1400146484375,1979.1400146484375,2028.1800537109375,1977.6199951171875,2018.4599609375,854220000
1998-07-22,1969.75,1969.75,1980.4200439453125,1950.77001953125,1969.0999755859375,828750000
1998-07-23,1935.219970703125,1935.219970703125,1981.050048828125,1935.219970703125,1970.8299560546875,868000000
1998-07-24,1930.989990234375,1930.989990234375,1974.3299560546875,1909.56005859375,1947.8599853515625,805610000
1998-07-27,1933.260009765625,1933.260009765625,1933.300048828125,1887.47998046875,1916.31005859375,715580000
1998-07-28,1896.530029296875,1896.530029296875,1937.9300537109375,1893.3399658203125,1931.8299560546875,803040000
1998-07-29,1881.489990234375,1881.489990234375,1915.0400390625,1878.1600341796875,1908.27001953125,730540000
1998-07-30,1919.5799560546875,1919.5799560546875,1919.6400146484375,1890.1400146484375,1897.030029296875,739540000
1998-07-31,1872.3900146484375,1872.3900146484375,1920.6600341796875,1871.719970703125,1920.0899658203125,740540000
1998-08-03,1851.0999755859375,1851.0999755859375,1870.6500244140625,1849.8699951171875,1869.719970703125,655140000
1998-08-04,1785.6400146484375,1785.6400146484375,1869.8199462890625,1784.4000244140625,1863.77001953125,914990000
1998-08-05,1788.199951171875,1788.199951171875,1804.5999755859375,1750.81005859375,1790.1500244140625,902440000
1998-08-06,1829.510009765625,1829.510009765625,1829.510009765625,1776.8199462890625,1777.8800048828125,782280000
1998-08-07,1846.77001953125,1846.77001953125,1864.9000244140625,1838.06005859375,1842.47998046875,810860000
1998-08-10,1839.2099609375,1839.2099609375,1850.0999755859375,1834.8800048828125,1847.2099609375,547010000
1998-08-11,1792.699951171875,1792.699951171875,1801.6700439453125,1775.239990234375,1801.6700439453125,732920000
1998-08-12,1825.530029296875,1825.530029296875,1826.489990234375,1809.6700439453125,1809.6700439453125,713640000
1998-08-13,1802.5400390625,1802.5400390625,1831.489990234375,1802.43994140625,1820.530029296875,636440000
1998-08-14,1790.18994140625,1790.18994140625,1818.0,1782.3699951171875,1815.739990234375,669100000
1998-08-17,1818.0400390625,1818.0400390625,1818.1199951171875,1778.550048828125,1784.9100341796875,626440000
1998-08-18,1855.1199951171875,1855.1199951171875,1858.219970703125,1826.8800048828125,1826.8800048828125,751830000
1998-08-19,1842.68994140625,1842.68994140625,1874.31005859375,1840.77001953125,1872.3800048828125,735600000
1998-08-20,1832.449951171875,1832.449951171875,1843.199951171875,1828.9300537109375,1835.1199951171875,651590000
1998-08-21,1797.6099853515625,1797.6099853515625,1816.47998046875,1767.1099853515625,1816.47998046875,785140000
1998-08-24,1790.8199462890625,1790.8199462890625,1815.239990234375,1787.949951171875,1803.77001953125,588240000
1998-08-25,1798.1700439453125,1798.1700439453125,1818.030029296875,1786.75,1807.1199951171875,688040000
1998-08-26,1768.1300048828125,1768.1300048828125,1783.489990234375,1762.4200439453125,1776.9100341796875,685860000
1998-08-27,1686.4100341796875,1686.4100341796875,1742.1300048828125,1673.6099853515625,1742.1300048828125,959260000
1998-08-28,1639.6800537109375,1639.6800537109375,1699.2099609375,1624.0,1690.0699462890625,905540000
1998-08-31,1499.25,1499.25,1655.18994140625,1498.72998046875,1646.75,1003780000
1998-09-01,1575.0899658203125,1575.0899658203125,1577.510009765625,1475.489990234375,1509.010009765625,1258680000
1998-09-02,1592.8499755859375,1592.8499755859375,1627.0899658203125,1590.02001953125,1590.02001953125,938300000
1998-09-03,1571.8599853515625,1571.8599853515625,1594.550048828125,1552.27001953125,1572.43994140625,752250000
1998-09-04,1566.52001953125,1566.52001953125,1593.9200439453125,1543.8599853515625,1586.3299560546875,623410000
1998-09-08,1660.8599853515625,1660.8599853515625,1660.9200439453125,1566.52001953125,1566.52001953125,780330000
1998-09-09,1624.550048828125,1624.550048828125,1680.7099609375,1624.550048828125,1658.5,695170000
1998-09-10,1585.3299560546875,1585.3299560546875,1624.5400390625,1568.22998046875,1624.5400390625,762920000
1998-09-11,1641.6400146484375,1641.6400146484375,1642.0799560546875,1585.280029296875,1599.800048828125,706720000
1998-09-14,1665.68994140625,1665.68994140625,1677.9000244140625,1641.6400146484375,1660.31005859375,686720000
1998-09-15,1678.1099853515625,1678.1099853515625,1678.239990234375,1651.9100341796875,1658.6500244140625,664830000
1998-09-16,1689.9100341796875,1689.9100341796875,1693.800048828125,1672.3199462890625,1684.030029296875,716800000
1998-09-17,1646.25,1646.25,1689.9100341796875,1637.050048828125,1646.18994140625,683670000
1998-09-18,1663.77001953125,1663.77001953125,1664.6199951171875,1644.4599609375,1658.0799560546875,647160000
1998-09-21,1680.4300537109375,1680.4300537109375,1680.4300537109375,1615.3299560546875,1630.1099853515625,548670000
1998-09-22,1697.800048828125,1697.800048828125,1702.93994140625,1680.4300537109375,1693.530029296875,755180000
1998-09-23,1760.27001953125,1760.27001953125,1760.3499755859375,1697.81005859375,1711.6700439453125,932780000
1998-09-24,1720.3399658203125,1720.3399658203125,1768.3599853515625,1713.77001953125,1753.18994140625,814080000
1998-09-25,1743.5899658203125,1743.5899658203125,1744.06005859375,1697.6400146484375,1705.489990234375,700230000
1998-09-28,1739.219970703125,1739.219970703125,1769.7099609375,1725.6500244140625,1757.9000244140625,696680000
1998-09-29,1734.050048828125,1734.050048828125,1750.0999755859375,1719.949951171875,1745.4000244140625,781710000
1998-09-30,1693.8399658203125,1693.8399658203125,1734.050048828125,1686.0999755859375,1716.7099609375,737760000
1998-10-01,1612.3299560546875,1612.3299560546875,1693.8399658203125,1606.6099853515625,1663.300048828125,856960000
1998-10-02,1614.97998046875,1614.97998046875,1623.4200439453125,1569.06005859375,1609.449951171875,871450000
1998-10-05,1536.68994140625,1536.68994140625,1614.97998046875,1511.1500244140625,1591.1700439453125,877180000
1998-10-06,1510.8900146484375,1510.8900146484375,1577.8699951171875,1500.5999755859375,1570.5,887180000
1998-10-07,1462.6099853515625,1462.6099853515625,1523.030029296875,1449.06005859375,1504.5799560546875,940230000
1998-10-08,1419.1199951171875,1419.1199951171875,1462.5999755859375,1343.8699951171875,1420.93994140625,1209510000
1998-10-09,1492.489990234375,1492.489990234375,1493.5400390625,1419.1099853515625,1447.3399658203125,892830000
1998-10-12,1546.0799560546875,1546.0799560546875,1560.25,1492.489990234375,1528.489990234375,764820000
1998-10-13,1509.449951171875,1509.449951171875,1547.050048828125,1504.699951171875,1541.1300048828125,663540000
1998-10-14,1540.969970703125,1540.969970703125,1553.0,1496.5899658203125,1502.1800537109375,750050000
1998-10-15,1611.010009765625,1611.010009765625,1611.4300537109375,1538.5899658203125,1541.800048828125,841670000
1998-10-16,1620.949951171875,1620.949951171875,1634.739990234375,1611.02001953125,1625.239990234375,977090000
1998-10-19,1648.72998046875,1648.72998046875,1649.5400390625,1613.8499755859375,1618.1400146484375,840920000
1998-10-20,1639.18994140625,1639.18994140625,1688.1600341796875,1638.530029296875,1661.8299560546875,1087340000
1998-10-21,1674.75,1674.75,1675.4000244140625,1635.5899658203125,1657.75,831480000
1998-10-22,1702.6400146484375,1702.6400146484375,1702.72998046875,1659.6700439453125,1672.030029296875,894000000
1998-10-23,1693.8599853515625,1693.8599853515625,1710.6500244140625,1690.31005859375,1699.18994140625,826670000
1998-10-26,1724.97998046875,1724.97998046875,1725.3399658203125,1693.8599853515625,1706.1800537109375,815570000
1998-10-27,1717.6300048828125,1717.6300048828125,1769.0400390625,1717.219970703125,1740.8399658203125,965910000
1998-10-28,1737.3499755859375,1737.3499755859375,1738.3699951171875,1708.4000244140625,1710.280029296875,783820000
1998-10-29,1757.18994140625,1757.18994140625,1758.1400146484375,1729.2900390625,1734.9599609375,899640000
1998-10-30,1771.3900146484375,1771.3900146484375,1781.6300048828125,1766.050048828125,1768.699951171875,920010000
1998-11-02,1800.9100341796875,1800.9100341796875,1801.27001953125,1771.4000244140625,1783.7099609375,889150000
1998-11-03,1788.4300537109375,1788.4300537109375,1800.9200439453125,1779.3800048828125,1798.280029296875,889000000
1998-11-04,1823.5699462890625,1823.5699462890625,1828.43994140625,1788.2099609375,1807.8800048828125,1050450000
1998-11-05,1837.0999755859375,1837.0999755859375,1838.5,1808.0799560546875,1812.68994140625,918930000
1998-11-06,1856.56005859375,1856.56005859375,1857.949951171875,1833.75,1834.800048828125,937630000
1998-11-09,1861.050048828125,1861.050048828125,1867.5,1843.97998046875,1857.6500244140625,845730000
1998-11-10,1865.6199951171875,1865.6199951171875,1875.5699462890625,1847.010009765625,1859.22998046875,910480000
1998-11-11,1862.1099853515625,1862.1099853515625,1892.5400390625,1859.3599853515625,1888.219970703125,935350000
1998-11-12,1851.06005859375,1851.06005859375,1862.1099853515625,1843.5400390625,1853.239990234375,804300000
1998-11-13,1847.989990234375,1847.989990234375,1859.969970703125,1842.52001953125,1843.6700439453125,804340000
1998-11-16,1861.6800537109375,1861.6800537109375,1877.8499755859375,1844.0699462890625,1868.43994140625,754180000
1998-11-17,1878.52001953125,1878.52001953125,1887.530029296875,1845.81005859375,1857.5999755859375,823450000
1998-11-18,1897.43994140625,1897.43994140625,1898.239990234375,1848.18994140625,1878.260009765625,899110000
1998-11-19,1919.6800537109375,1919.6800537109375,1930.3399658203125,1897.4200439453125,1904.0,981680000
1998-11-20,1928.2099609375,1928.2099609375,1936.0999755859375,1915.75,1935.6500244140625,871040000
1998-11-23,1977.4200439453125,1977.4200439453125,1977.81005859375,1928.199951171875,1937.8199462890625,951040000
1998-11-24,1965.8800048828125,1965.8800048828125,1988.449951171875,1965.3800048828125,1972.9100341796875,996810000
1998-11-25,1985.2099609375,1985.2099609375,1985.2099609375,1957.97998046875,1973.6400146484375,815540000
1998-11-27,2016.43994140625,2016.43994140625,2016.52001953125,1985.2099609375,1994.9100341796875,512930000
1998-11-30,1949.5400390625,1949.5400390625,2025.0400390625,1949.5400390625,2023.6600341796875,1106520000
1998-12-01,2003.75,2003.75,2003.8800048828125,1924.1500244140625,1928.510009765625,1026050000
1998-12-02,1995.2099609375,1995.2099609375,2005.7900390625,1973.199951171875,1995.9599609375,982390000
1998-12-03,1954.3299560546875,1954.3299560546875,2012.7900390625,1954.31005859375,1995.2900390625,1040490000
1998-12-04,2003.1600341796875,2003.1600341796875,2003.1600341796875,1975.06005859375,1984.3900146484375,890580000
1998-12-07,2040.6400146484375,2040.6400146484375,2040.8800048828125,2007.3499755859375,2009.97998046875,810730000
1998-12-08,2034.75,2034.75,2060.97998046875,2018.1500244140625,2042.5999755859375,918890000
1998-12-09,2050.419921875,2050.419921875,2052.7099609375,2031.8800048828125,2045.1600341796875,855750000
1998-12-10,2015.9599609375,2015.9599609375,2058.3701171875,2015.719970703125,2051.590087890625,870690000
1998-12-11,2029.31005859375,2029.31005859375,2035.030029296875,2004.989990234375,2012.8699951171875,783340000
1998-12-14,1966.9200439453125,1966.9200439453125,2029.3599853515625,1962.06005859375,2013.4300537109375,742440000
1998-12-15,2012.5999755859375,2012.5999755859375,2012.6500244140625,1981.260009765625,1984.9100341796875,766690000
1998-12-16,2009.3599853515625,2009.3599853515625,2027.18994140625,1996.8399658203125,2023.3199462890625,840980000
1998-12-17,2043.8800048828125,2043.8800048828125,2043.8900146484375,2014.780029296875,2014.780029296875,791620000
1998-12-18,2086.139892578125,2086.139892578125,2086.139892578125,2055.830078125,2057.77001953125,901530000
1998-12-21,2138.030029296875,2138.030029296875,2143.81005859375,2104.18994140625,2107.239990234375,958380000
1998-12-22,2120.97998046875,2120.97998046875,2144.610107421875,2105.5400390625,2144.219970703125,906740000
1998-12-23,2172.5400390625,2172.5400390625,2172.570068359375,2134.260009765625,2149.280029296875,965290000
1998-12-24,2163.0400390625,2163.0400390625,2171.300048828125,2162.669921875,2171.300048828125,443630000
1998-12-28,2180.300048828125,2180.300048828125,2190.110107421875,2163.0400390625,2178.239990234375,861880000
1998-12-29,2181.77001953125,2181.77001953125,2186.14990234375,2161.830078125,2184.429931640625,911180000
1998-12-30,2166.949951171875,2166.949951171875,2196.639892578125,2160.929931640625,2181.340087890625,919770000
1998-12-31,2192.68994140625,2192.68994140625,2200.6298828125,2165.739990234375,2169.3798828125,886630000
1999-01-04,2208.050048828125,2208.050048828125,2233.570068359375,2192.679931640625,2207.5400390625,936660000
1999-01-05,2251.27001953125,2251.27001953125,2251.77001953125,2206.489990234375,2207.75,948350000
1999-01-06,2320.860107421875,2320.860107421875,2320.949951171875,2286.1298828125,2286.1298828125,1252650000
1999-01-07,2326.090087890625,2326.090087890625,2333.699951171875,2284.239990234375,2293.27001953125,1200900000
1999-01-08,2344.409912109375,2344.409912109375,2369.550048828125,2314.949951171875,2363.800048828125,1286690000
1999-01-11,2384.590087890625,2384.590087890625,2384.719970703125,2348.239990234375,2373.969970703125,1140930000
1999-01-12,2320.75,2320.75,2396.300048828125,2320.2099609375,2395.89990234375,1107300000
1999-01-13,2316.81005859375,2316.81005859375,2353.330078125,2205.68994140625,2222.280029296875,1195470000
1999-01-14,2276.820068359375,2276.820068359375,2338.2900390625,2276.360107421875,2337.31005859375,1012270000
1999-01-15,2348.199951171875,2348.199951171875,2348.719970703125,2276.820068359375,2292.300048828125,1001160000
1999-01-19,2408.169921875,2408.169921875,2408.429931640625,2348.199951171875,2390.929931640625,1057490000
1999-01-20,2415.489990234375,2415.489990234375,2474.3798828125,2414.81005859375,2451.429931640625,1280980000
1999-01-21,2344.719970703125,2344.719970703125,2403.52001953125,2335.75,2403.52001953125,1083860000
1999-01-22,2338.8798828125,2338.8798828125,2365.110107421875,2303.820068359375,2309.340087890625,1014740000
1999-01-25,2369.31005859375,2369.31005859375,2369.68994140625,2328.739990234375,2363.47998046875,870960000
1999-01-26,2433.409912109375,2433.409912109375,2434.3701171875,2384.6298828125,2388.969970703125,1030160000
1999-01-27,2407.139892578125,2407.139892578125,2464.1201171875,2406.780029296875,2455.25,1034480000
1999-01-28,2477.340087890625,2477.340087890625,2477.469970703125,2407.139892578125,2442.52001953125,1013890000
1999-01-29,2505.889892578125,2505.889892578125,2506.679931640625,2454.7099609375,2486.280029296875,1057120000
1999-02-01,2510.090087890625,2510.090087890625,2533.43994140625,2500.35009765625,2522.3798828125,957110000
1999-02-02,2463.419921875,2463.419921875,2512.1201171875,2442.929931640625,2512.1201171875,963710000
1999-02-03,2493.409912109375,2493.409912109375,2493.580078125,2448.550048828125,2453.22998046875,1057010000
1999-02-04,2410.070068359375,2410.070068359375,2496.52001953125,2409.989990234375,2496.489990234375,1099190000
1999-02-05,2373.6201171875,2373.6201171875,2421.429931640625,2346.820068359375,2419.929931640625,1013740000
1999-02-08,2404.919921875,2404.919921875,2414.97998046875,2358.050048828125,2405.31005859375,881780000
1999-02-09,2310.7900390625,2310.7900390625,2403.949951171875,2310.639892578125,2403.949951171875,909780000
1999-02-10,2309.5,2309.5,2338.14990234375,2289.89990234375,2304.25,915620000
1999-02-11,2405.550048828125,2405.550048828125,2405.760009765625,2326.18994140625,2339.02001953125,961760000
1999-02-12,2321.889892578125,2321.889892578125,2379.0,2319.739990234375,2375.989990234375,837560000
1999-02-16,2313.8701171875,2313.8701171875,2368.409912109375,2300.52001953125,2361.219970703125,819240000
1999-02-17,2248.909912109375,2248.909912109375,2304.719970703125,2242.27001953125,2277.580078125,902780000
1999-02-18,2260.550048828125,2260.550048828125,2273.080078125,2224.2099609375,2269.030029296875,859910000
1999-02-19,2283.60009765625,2283.60009765625,2291.409912109375,2260.550048828125,2276.610107421875,813480000
1999-02-22,2342.010009765625,2342.010009765625,2342.409912109375,2275.60009765625,2293.330078125,843510000
1999-02-23,2376.35009765625,2376.35009765625,2386.47998046875,2342.010009765625,2360.679931640625,912110000
1999-02-24,2339.3798828125,2339.3798828125,2405.2900390625,2338.89990234375,2389.75,931090000
1999-02-25,2326.820068359375,2326.820068359375,2339.3798828125,2286.909912109375,2329.389892578125,858700000
1999-02-26,2288.030029296875,2288.030029296875,2326.820068359375,2277.179931640625,2320.489990234375,901170000
1999-03-01,2295.179931640625,2295.179931640625,2300.820068359375,2264.320068359375,2286.830078125,770800000
1999-03-02,2259.030029296875,2259.030029296875,2317.570068359375,2257.070068359375,2303.6201171875,894020000
1999-03-03,2265.199951171875,2265.199951171875,2280.969970703125,2235.18994140625,2274.0400390625,864380000
1999-03-04,2292.889892578125,2292.889892578125,2311.179931640625,2250.6298828125,2286.2900390625,889430000
1999-03-05,2337.110107421875,2337.110107421875,2339.2099609375,2292.889892578125,2329.580078125,859200000
1999-03-08,2397.6201171875,2397.6201171875,2398.18994140625,2353.739990234375,2357.320068359375,970750000
1999-03-09,2392.93994140625,2392.93994140625,2433.3701171875,2385.52001953125,2396.52001953125,1032900000
1999-03-10,2406.0,2406.0,2408.949951171875,2378.81005859375,2407.10009765625,936670000
1999-03-11,2412.25,2412.25,2437.389892578125,2391.550048828125,2419.1201171875,1033580000
1999-03-12,2381.530029296875,2381.530029296875,2412.25,2362.8701171875,2411.47998046875,918410000
1999-03-15,2431.43994140625,2431.43994140625,2431.449951171875,2375.830078125,2392.5400390625,851480000
1999-03-16,2439.27001953125,2439.27001953125,2450.010009765625,2423.81005859375,2437.97998046875,977210000
1999-03-17,2428.969970703125,2428.969970703125,2441.719970703125,2419.85009765625,2440.219970703125,854320000
1999-03-18,2462.9599609375,2462.9599609375,2463.010009765625,2423.5400390625,2425.360107421875,937430000
1999-03-19,2421.27001953125,2421.27001953125,2480.6298828125,2420.2099609375,2480.389892578125,1054880000
1999-03-22,2395.93994140625,2395.93994140625,2430.85009765625,2395.2900390625,2428.389892578125,874200000
1999-03-23,2322.840087890625,2322.840087890625,2395.93994140625,2319.9599609375,2388.0400390625,976000000
1999-03-24,2365.280029296875,2365.280029296875,2365.35009765625,2305.639892578125,2326.6298828125,856520000
1999-03-25,2434.800048828125,2434.800048828125,2434.889892578125,2399.719970703125,2399.719970703125,939490000
1999-03-26,2419.169921875,2419.169921875,2445.719970703125,2410.4599609375,2425.050048828125,831140000
1999-03-29,2492.840087890625,2492.840087890625,2492.840087890625,2419.169921875,2442.590087890625,876200000
1999-03-30,2480.2900390625,2480.2900390625,2506.7900390625,2477.6201171875,2492.169921875,896110000
1999-03-31,2461.39990234375,2461.39990234375,2520.6298828125,2458.77001953125,2508.340087890625,1101200000
1999-04-01,2493.3701171875,2493.3701171875,2502.4599609375,2460.239990234375,2493.070068359375,848680000
1999-04-05,2560.06005859375,2560.06005859375,2560.10009765625,2515.699951171875,2523.97998046875,977920000
1999-04-06,2563.169921875,2563.169921875,2582.3701171875,2544.0400390625,2555.47998046875,1113990000
1999-04-07,2544.429931640625,2544.429931640625,2596.25,2511.389892578125,2594.780029296875,1272750000
1999-04-08,2573.389892578125,2573.389892578125,2573.969970703125,2514.27001953125,2553.449951171875,1145880000
1999-04-09,2593.050048828125,2593.050048828125,2599.199951171875,2561.510009765625,2574.97998046875,1091380000
1999-04-12,2598.81005859375,2598.81005859375,2606.239990234375,2526.840087890625,2530.989990234375,1143330000
1999-04-13,2583.5,2583.5,2632.510009765625,2575.050048828125,2626.85009765625,1341700000
1999-04-14,2507.280029296875,2507.280029296875,2628.18994140625,2507.280029296875,2621.52001953125,1416190000
1999-04-15,2521.77001953125,2521.77001953125,2536.340087890625,2443.02001953125,2535.18994140625,1233960000
1999-04-16,2484.0400390625,2484.0400390625,2528.510009765625,2476.929931640625,2528.510009765625,1027070000
1999-04-19,2345.610107421875,2345.610107421875,2501.7099609375,2341.35009765625,2501.7099609375,1200990000
1999-04-20,2409.639892578125,2409.639892578125,2409.780029296875,2329.8701171875,2355.260009765625,1143740000
1999-04-21,2489.080078125,2489.080078125,2489.840087890625,2404.7099609375,2428.889892578125,1125280000
1999-04-22,2561.610107421875,2561.610107421875,2561.7900390625,2525.260009765625,2551.1298828125,1110460000
1999-04-23,2590.68994140625,2590.68994140625,2603.10009765625,2538.0,2563.8701171875,1049670000
1999-04-26,2652.050048828125,2652.050048828125,2661.510009765625,2615.72998046875,2617.090087890625,1050470000
1999-04-27,2602.409912109375,2602.409912109375,2677.760009765625,2602.1298828125,2671.570068359375,1132010000
1999-04-28,2550.3701171875,2550.3701171875,2610.909912109375,2544.89990234375,2601.1298828125,1000820000
1999-04-29,2528.43994140625,2528.43994140625,2553.10009765625,2500.75,2544.929931640625,1005650000
1999-04-30,2542.860107421875,2542.860107421875,2578.06005859375,2488.39990234375,2565.8701171875,994460000
1999-05-03,2535.580078125,2535.580078125,2549.10009765625,2512.3701171875,2546.330078125,866010000
1999-05-04,2485.1201171875,2485.1201171875,2557.2099609375,2482.489990234375,2535.81005859375,921730000
1999-05-05,2534.449951171875,2534.449951171875,2534.449951171875,2430.64990234375,2498.14990234375,1038730000
1999-05-06,2472.280029296875,2472.280029296875,2546.360107421875,2464.570068359375,2532.409912109375,909640000
1999-05-07,2503.6201171875,2503.6201171875,2507.719970703125,2462.27001953125,2499.530029296875,867050000
1999-05-10,2526.389892578125,2526.389892578125,2536.110107421875,2500.739990234375,2516.840087890625,831130000
1999-05-11,2566.679931640625,2566.679931640625,2574.3701171875,2542.419921875,2553.02001953125,954690000
1999-05-12,2606.5400390625,2606.5400390625,2610.330078125,2548.239990234375,2584.570068359375,1032500000
1999-05-13,2582.0,2582.0,2632.739990234375,2581.75,2621.739990234375,1069560000
1999-05-14,2527.860107421875,2527.860107421875,2558.590087890625,2519.530029296875,2549.330078125,936350000
1999-05-17,2561.840087890625,2561.840087890625,2561.85009765625,2494.510009765625,2517.260009765625,787680000
1999-05-18,2558.360107421875,2558.360107421875,2576.429931640625,2543.320068359375,2569.590087890625,862100000
1999-05-19,2577.39990234375,2577.39990234375,2577.929931640625,2540.3798828125,2568.43994140625,964350000
1999-05-20,2542.22998046875,2542.22998046875,2587.330078125,2542.22998046875,2585.4599609375,1004770000
1999-05-21,2520.139892578125,2520.139892578125,2553.760009765625,2509.239990234375,2551.419921875,889330000
1999-05-24,2453.659912109375,2453.659912109375,2529.300048828125,2444.889892578125,2529.300048828125,919880000
1999-05-25,2380.89990234375,2380.89990234375,2466.169921875,2379.610107421875,2454.6298828125,1048510000
1999-05-26,2427.179931640625,2427.179931640625,2427.179931640625,2339.1201171875,2407.860107421875,1099420000
1999-05-27,2419.14990234375,2419.14990234375,2440.080078125,2400.93994140625,2421.10009765625,834390000
1999-05-28,2470.52001953125,2470.52001953125,2470.639892578125,2412.110107421875,2427.830078125,681570000
1999-06-01,2412.030029296875,2412.030029296875,2470.530029296875,2411.969970703125,2467.510009765625,743680000
1999-06-02,2432.409912109375,2432.409912109375,2436.570068359375,2364.590087890625,2411.320068359375,895580000
1999-06-03,2403.320068359375,2403.320068359375,2444.0400390625,2402.2900390625,2440.75,819310000
1999-06-04,2478.340087890625,2478.340087890625,2478.340087890625,2419.4599609375,2419.4599609375,885690000
1999-06-07,2524.2099609375,2524.2099609375,2528.050048828125,2478.340087890625,2490.830078125,874770000
1999-06-08,2474.56005859375,2474.56005859375,2534.47998046875,2472.050048828125,2526.110107421875,847720000
1999-06-09,2519.35009765625,2519.35009765625,2519.570068359375,2491.7099609375,2495.1201171875,841720000
1999-06-10,2484.6201171875,2484.6201171875,2523.489990234375,2468.580078125,2504.239990234375,796410000
1999-06-11,2447.8798828125,2447.8798828125,2506.18994140625,2442.8701171875,2495.590087890625,755120000
1999-06-14,2398.31005859375,2398.31005859375,2456.169921875,2397.1201171875,2453.22998046875,835470000
1999-06-15,2414.669921875,2414.669921875,2434.52001953125,2397.39990234375,2403.469970703125,837020000
1999-06-16,2517.830078125,2517.830078125,2517.85009765625,2414.659912109375,2465.010009765625,1026530000
1999-06-17,2544.14990234375,2544.14990234375,2549.989990234375,2494.280029296875,2500.35009765625,892380000
1999-06-18,2563.43994140625,2563.43994140625,2564.43994140625,2524.81005859375,2524.81005859375,978110000
1999-06-21,2630.280029296875,2630.280029296875,2630.280029296875,2563.43994140625,2578.199951171875,903880000
1999-06-22,2580.260009765625,2580.260009765625,2642.360107421875,2580.260009765625,2618.340087890625,1002260000
1999-06-23,2598.1201171875,2598.1201171875,2598.1298828125,2557.4599609375,2569.39990234375,950570000
1999-06-24,2553.989990234375,2553.989990234375,2598.1298828125,2550.139892578125,2596.7099609375,911730000
1999-06-25,2552.64990234375,2552.64990234375,2587.14990234375,2542.360107421875,2573.0,767890000
1999-06-28,2602.43994140625,2602.43994140625,2602.449951171875,2554.949951171875,2568.469970703125,761900000
1999-06-29,2642.110107421875,2642.110107421875,2642.110107421875,2594.320068359375,2602.97998046875,952190000
1999-06-30,2686.1201171875,2686.1201171875,2696.8701171875,2621.06005859375,2639.7900390625,1328060000
1999-07-01,2706.179931640625,2706.179931640625,2711.760009765625,2658.260009765625,2692.9599609375,1093090000
1999-07-02,2741.02001953125,2741.02001953125,2741.02001953125,2711.8798828125,2712.89990234375,850020000
1999-07-06,2736.780029296875,2736.780029296875,2787.169921875,2733.6298828125,2760.010009765625,1135620000
1999-07-07,2743.0400390625,2743.0400390625,2748.820068359375,2724.3701171875,2742.330078125,1033750000
1999-07-08,2771.860107421875,2771.860107421875,2775.52001953125,2731.1201171875,2744.47998046875,1048380000
1999-07-09,2793.070068359375,2793.070068359375,2793.260009765625,2767.3701171875,2785.340087890625,927180000
1999-07-12,2790.43994140625,2790.43994140625,2812.35009765625,2774.77001953125,2805.080078125,981370000
1999-07-13,2778.22998046875,2778.22998046875,2782.25,2755.840087890625,2768.820068359375,995390000
1999-07-14,2818.1298828125,2818.1298828125,2818.139892578125,2771.2099609375,2796.6201171875,1071090000
1999-07-15,2839.3701171875,2839.3701171875,2840.030029296875,2813.52001953125,2828.610107421875,1119320000
1999-07-16,2864.47998046875,2864.47998046875,2871.89990234375,2839.3701171875,2851.52001953125,1052960000
1999-07-19,2830.2900390625,2830.2900390625,2874.919921875,2829.889892578125,2874.610107421875,945950000
1999-07-20,2732.179931640625,2732.179931640625,2806.3701171875,2728.81005859375,2806.3701171875,1081290000
1999-07-21,2761.77001953125,2761.77001953125,2769.60009765625,2728.3701171875,2742.830078125,1019080000
1999-07-22,2684.43994140625,2684.43994140625,2749.050048828125,2679.35009765625,2749.050048828125,1038620000
1999-07-23,2692.39990234375,2692.39990234375,2708.8701171875,2668.429931640625,2700.860107421875,922040000
1999-07-26,2619.18994140625,2619.18994140625,2666.659912109375,2619.080078125,2656.300048828125,843850000
1999-07-27,2679.330078125,2679.330078125,2685.0400390625,2650.179931640625,2658.260009765625,997520000
1999-07-28,2705.840087890625,2705.840087890625,2709.760009765625,2660.6201171875,2684.0400390625,964880000
1999-07-29,2640.010009765625,2640.010009765625,2705.840087890625,2627.800048828125,2663.9599609375,917000000
1999-07-30,2638.489990234375,2638.489990234375,2676.449951171875,2631.8701171875,2657.830078125,877260000
1999-08-02,2623.6298828125,2623.6298828125,2670.81005859375,2617.219970703125,2638.31005859375,754220000
1999-08-03,2587.989990234375,2587.989990234375,2649.2099609375,2564.25,2647.81005859375,1013500000
1999-08-04,2540.0,2540.0,2604.110107421875,2538.8798828125,2590.199951171875,964170000
1999-08-05,2565.830078125,2565.830078125,2565.830078125,2474.409912109375,2539.239990234375,1167110000
1999-08-06,2547.969970703125,2547.969970703125,2592.330078125,2535.6298828125,2552.030029296875,813730000
1999-08-09,2518.97998046875,2518.97998046875,2563.719970703125,2517.4599609375,2562.050048828125,748210000
1999-08-10,2490.110107421875,2490.110107421875,2521.64990234375,2442.219970703125,2513.139892578125,978230000
1999-08-11,2564.97998046875,2564.97998046875,2565.14990234375,2490.110107421875,2532.5400390625,911460000
1999-08-12,2549.489990234375,2549.489990234375,2586.10009765625,2548.510009765625,2567.2099609375,916770000
1999-08-13,2637.81005859375,2637.81005859375,2637.820068359375,2590.169921875,2590.169921875,934220000
1999-08-16,2645.280029296875,2645.280029296875,2661.14990234375,2623.050048828125,2644.669921875,781570000
1999-08-17,2671.22998046875,2671.22998046875,2680.0,2631.340087890625,2674.469970703125,898390000
1999-08-18,2657.72998046875,2657.72998046875,2683.14990234375,2657.389892578125,2671.1298828125,1045290000
1999-08-19,2621.429931640625,2621.429931640625,2657.739990234375,2612.280029296875,2637.739990234375,868280000
1999-08-20,2648.330078125,2648.330078125,2648.409912109375,2620.2099609375,2635.050048828125,795140000
1999-08-23,2719.570068359375,2719.570068359375,2719.909912109375,2648.330078125,2670.699951171875,915630000
1999-08-24,2752.3701171875,2752.3701171875,2777.0,2708.06005859375,2708.800048828125,1032160000
1999-08-25,2805.60009765625,2805.60009765625,2810.10009765625,2750.719970703125,2772.820068359375,1035950000
1999-08-26,2774.6201171875,2774.6201171875,2819.89990234375,2774.110107421875,2808.419921875,1100060000
1999-08-27,2758.89990234375,2758.89990234375,2795.179931640625,2752.47998046875,2792.469970703125,806090000
1999-08-30,2712.68994140625,2712.68994140625,2769.070068359375,2703.10009765625,2763.830078125,795940000
1999-08-31,2739.35009765625,2739.35009765625,2739.89990234375,2671.669921875,2717.260009765625,970590000
1999-09-01,2750.800048828125,2750.800048828125,2768.550048828125,2739.110107421875,2752.330078125,919330000
1999-09-02,2734.239990234375,2734.239990234375,2750.820068359375,2698.179931640625,2716.14990234375,836160000
1999-09-03,2843.110107421875,2843.110107421875,2843.110107421875,2734.239990234375,2793.659912109375,910410000
1999-09-07,2837.260009765625,2837.260009765625,2860.159912109375,2833.02001953125,2840.1201171875,911230000
1999-09-08,2808.739990234375,2808.739990234375,2851.1201171875,2806.60009765625,2824.02001953125,1005950000
1999-09-09,2852.02001953125,2852.02001953125,2852.0400390625,2807.949951171875,2826.60009765625,1029970000
1999-09-10,2887.06005859375,2887.06005859375,2897.530029296875,2855.280029296875,2880.72998046875,1129430000
1999-09-13,2844.77001953125,2844.77001953125,2883.360107421875,2844.760009765625,2879.780029296875,984440000
1999-09-14,2868.2900390625,2868.2900390625,2870.260009765625,2837.929931640625,2843.530029296875,1013000000
1999-09-15,2814.169921875,2814.169921875,2888.89990234375,2813.25,2887.22998046875,1059050000
1999-09-16,2806.719970703125,2806.719970703125,2820.840087890625,2756.030029296875,2820.840087890625,960310000
1999-09-17,2869.6201171875,2869.6201171875,2869.64990234375,2824.18994140625,2825.860107421875,1005060000
1999-09-20,2886.14990234375,2886.14990234375,2890.719970703125,2858.7900390625,2877.530029296875,803340000
1999-09-21,2821.10009765625,2821.10009765625,2863.56005859375,2819.68994140625,2863.56005859375,1035910000
1999-09-22,2858.159912109375,2858.159912109375,2858.18994140625,2802.179931640625,2832.10009765625,1029880000
1999-09-23,2749.830078125,2749.830078125,2880.10009765625,2741.93994140625,2879.89990234375,1170630000
1999-09-24,2740.409912109375,2740.409912109375,2746.780029296875,2684.699951171875,2728.22998046875,1152000000
1999-09-27,2761.75,2761.75,2794.159912109375,2758.9599609375,2781.419921875,942310000
1999-09-28,2756.25,2756.25,2763.75,2694.739990234375,2752.239990234375,1103400000
1999-09-29,2730.27001953125,2730.27001953125,2772.429931640625,2728.89990234375,2756.25,1121110000
1999-09-30,2746.159912109375,2746.159912109375,2765.409912109375,2717.889892578125,2744.35009765625,1210570000
1999-10-01,2736.85009765625,2736.85009765625,2739.77001953125,2698.010009765625,2729.0400390625,973610000
1999-10-04,2795.969970703125,2795.969970703125,2795.989990234375,2747.68994140625,2751.5400390625,914660000
1999-10-05,2799.669921875,2799.669921875,2833.9599609375,2765.3701171875,2795.969970703125,1193260000
1999-10-06,2857.2099609375,2857.2099609375,2857.429931640625,2822.60009765625,2822.60009765625,1170050000
1999-10-07,2860.699951171875,2860.699951171875,2886.199951171875,2847.179931640625,2874.75,1216890000
1999-10-08,2886.570068359375,2886.570068359375,2886.590087890625,2825.860107421875,2861.719970703125,1035030000
1999-10-11,2915.949951171875,2915.949951171875,2920.72998046875,2890.5400390625,2890.72998046875,873260000
1999-10-12,2872.429931640625,2872.429931640625,2923.320068359375,2869.43994140625,2921.409912109375,1004090000
1999-10-13,2801.27001953125,2801.27001953125,2864.219970703125,2787.860107421875,2834.93994140625,1004720000
1999-10-14,2806.840087890625,2806.840087890625,2821.68994140625,2766.4599609375,2816.02001953125,1015490000
1999-10-15,2731.830078125,2731.830078125,2763.0400390625,2704.280029296875,2748.10009765625,1074740000
1999-10-18,2689.14990234375,2689.14990234375,2730.489990234375,2632.010009765625,2726.300048828125,997350000
1999-10-19,2688.179931640625,2688.179931640625,2729.300048828125,2674.89990234375,2725.570068359375,1093110000
1999-10-20,2788.1298828125,2788.1298828125,2788.1298828125,2728.0,2745.6201171875,1053700000
1999-10-21,2801.949951171875,2801.949951171875,2805.070068359375,2724.739990234375,2727.739990234375,1123220000
1999-10-22,2816.52001953125,2816.52001953125,2843.60009765625,2807.5400390625,2827.22998046875,1175300000
1999-10-25,2815.949951171875,2815.949951171875,2832.659912109375,2793.5400390625,2813.2900390625,933190000
1999-10-26,2811.469970703125,2811.469970703125,2859.919921875,2811.199951171875,2851.989990234375,1067420000
1999-10-27,2802.52001953125,2802.52001953125,2812.5,2768.8701171875,2811.93994140625,1075340000
1999-10-28,2875.219970703125,2875.219970703125,2875.47998046875,2830.080078125,2832.81005859375,1249160000
1999-10-29,2966.429931640625,2966.429931640625,2978.6298828125,2919.3701171875,2919.3701171875,1441380000
1999-11-01,2967.64990234375,2967.64990234375,2997.89990234375,2967.6298828125,2970.929931640625,1076080000
1999-11-02,2981.6298828125,2981.6298828125,3014.840087890625,2971.679931640625,2984.429931640625,1248540000
1999-11-03,3028.510009765625,3028.510009765625,3040.93994140625,3011.93994140625,3021.530029296875,1339050000
1999-11-04,3055.949951171875,3055.949951171875,3077.409912109375,3030.31005859375,3067.080078125,1364610000
1999-11-05,3102.2900390625,3102.2900390625,3118.06005859375,3081.4599609375,3100.1298828125,1346320000
1999-11-08,3143.969970703125,3143.969970703125,3148.199951171875,3068.860107421875,3072.0400390625,1300800000
1999-11-09,3125.0400390625,3125.0400390625,3174.81005859375,3099.219970703125,3172.989990234375,1470420000
1999-11-10,3155.9599609375,3155.9599609375,3186.570068359375,3122.0400390625,3126.090087890625,1433250000
1999-11-11,3197.2900390625,3197.2900390625,3201.3798828125,3169.0400390625,3186.409912109375,1382840000
1999-11-12,3221.14990234375,3221.14990234375,3222.989990234375,3124.77001953125,3220.97998046875,1409070000
1999-11-15,3219.5400390625,3219.5400390625,3236.35009765625,3214.580078125,3230.260009765625,1283340000
1999-11-16,3295.52001953125,3295.52001953125,3295.52001953125,3235.199951171875,3242.919921875,1486980000
1999-11-17,3269.389892578125,3269.389892578125,3324.239990234375,3268.85009765625,3308.8798828125,1652650000
1999-11-18,3347.110107421875,3347.110107421875,3347.110107421875,3288.679931640625,3301.489990234375,1592920000
1999-11-19,3369.25,3369.25,3373.0,3335.6298828125,3351.75,1422350000
1999-11-22,3392.56005859375,3392.56005859375,3400.22998046875,3357.679931640625,3399.06005859375,1374760000
1999-11-23,3342.8701171875,3342.8701171875,3411.22998046875,3320.669921875,3408.679931640625,1456310000
1999-11-24,3420.5,3420.5,3420.5,3328.030029296875,3351.659912109375,1290550000
1999-11-26,3447.81005859375,3447.81005859375,3469.35009765625,3444.1298828125,3455.139892578125,730780000
1999-11-29,3421.3701171875,3421.3701171875,3468.320068359375,3421.360107421875,3458.1298828125,1543750000
1999-11-30,3336.159912109375,3336.159912109375,3424.610107421875,3326.530029296875,3424.610107421875,1548680000
1999-12-01,3353.7099609375,3353.7099609375,3375.800048828125,3321.570068359375,3341.10009765625,1434310000
1999-12-02,3452.780029296875,3452.780029296875,3452.780029296875,3371.85009765625,3371.85009765625,1458170000
1999-12-03,3520.6298828125,3520.6298828125,3553.56005859375,3507.300048828125,3507.300048828125,1539060000
1999-12-06,3546.010009765625,3546.010009765625,3570.909912109375,3507.719970703125,3531.239990234375,1373230000
1999-12-07,3586.919921875,3586.919921875,3589.06005859375,3532.409912109375,3573.300048828125,1564600000
1999-12-08,3586.080078125,3586.080078125,3625.469970703125,3579.510009765625,3588.820068359375,1676620000
1999-12-09,3594.169921875,3594.169921875,3647.550048828125,3514.909912109375,3643.570068359375,1787570000
1999-12-10,3620.239990234375,3620.239990234375,3636.64990234375,3560.909912109375,3633.550048828125,1594040000
1999-12-13,3658.169921875,3658.169921875,3668.159912109375,3597.97998046875,3624.669921875,1582860000
1999-12-14,3571.659912109375,3571.659912109375,3669.85009765625,3571.260009765625,3669.2099609375,1596410000
1999-12-15,3621.949951171875,3621.949951171875,3621.97998046875,3503.699951171875,3546.72998046875,1648290000
1999-12-16,3715.06005859375,3715.06005859375,3715.25,3666.22998046875,3669.22998046875,1430310000
1999-12-17,3753.06005859375,3753.06005859375,3796.800048828125,3742.679931640625,3792.22998046875,1572710000
1999-12-20,3783.8701171875,3783.8701171875,3801.929931640625,3747.7900390625,3782.06005859375,1324450000
1999-12-21,3911.14990234375,3911.14990234375,3911.169921875,3785.780029296875,3798.25,1486980000
1999-12-22,3937.300048828125,3937.300048828125,3948.47998046875,3878.06005859375,3935.489990234375,1473570000
1999-12-23,3969.43994140625,3969.43994140625,4001.6298828125,3958.169921875,3966.4599609375,1272680000
1999-12-27,3975.3798828125,3975.3798828125,4001.89990234375,3902.35009765625,4001.89990234375,1154650000
1999-12-28,3972.110107421875,3972.110107421875,4022.510009765625,3943.0400390625,3977.8798828125,1237130000
1999-12-29,4041.4599609375,4041.4599609375,4041.5400390625,3987.8798828125,3990.5400390625,1158430000
1999-12-30,4036.8701171875,4036.8701171875,4090.610107421875,4026.18994140625,4079.030029296875,1107160000
1999-12-31,4069.31005859375,4069.31005859375,4082.3701171875,4032.330078125,4056.989990234375,762980000
2000-01-03,4131.14990234375,4131.14990234375,4192.18994140625,3989.7099609375,4186.18994140625,1510070000
2000-01-04,3901.68994140625,3901.68994140625,4073.25,3898.22998046875,4020.0,1511840000
2000-01-05,3877.5400390625,3877.5400390625,3924.2099609375,3734.8701171875,3854.35009765625,1735670000
2000-01-06,3727.1298828125,3727.1298828125,3868.760009765625,3715.6201171875,3834.43994140625,1598320000
2000-01-07,3882.6201171875,3882.6201171875,3882.669921875,3711.090087890625,3711.090087890625,1634930000
2000-01-10,4049.669921875,4049.669921875,4072.360107421875,3958.830078125,4002.22998046875,1691710000
2000-01-11,3921.18994140625,3921.18994140625,4066.659912109375,3904.820068359375,4031.3798828125,1694460000
2000-01-12,3850.02001953125,3850.02001953125,3950.97998046875,3834.530029296875,3950.949951171875,1525900000
2000-01-13,3957.2099609375,3957.2099609375,3957.469970703125,3858.219970703125,3915.139892578125,1476970000
2000-01-14,4064.27001953125,4064.27001953125,4091.949951171875,4045.719970703125,4045.719970703125,1656630000
2000-01-18,4130.81005859375,4130.81005859375,4148.0,4053.2099609375,4059.64990234375,1585230000
2000-01-19,4151.2900390625,4151.2900390625,4164.64990234375,4084.72998046875,4116.27001953125,1652210000
2000-01-20,4189.509765625,4189.509765625,4227.35009765625,4143.60986328125,4205.06005859375,1851300000
2000-01-21,4235.39990234375,4235.39990234375,4238.0,4168.2998046875,4236.64990234375,1923680000
2000-01-24,4096.080078125,4096.080078125,4303.14990234375,4095.31005859375,4290.3798828125,1989050000
2000-01-25,4167.41015625,4167.41015625,4167.6298828125,4028.510009765625,4124.75,1743630000
2000-01-26,4069.909912109375,4069.909912109375,4174.72021484375,4069.909912109375,4174.72021484375,1717000000
2000-01-27,4039.56005859375,4039.56005859375,4140.08984375,3973.590087890625,4120.5,1798460000
2000-01-28,3887.070068359375,3887.070068359375,4048.31005859375,3856.22998046875,4010.139892578125,1616370000
2000-01-31,3940.35009765625,3940.35009765625,3940.4599609375,3748.030029296875,3873.840087890625,1507630000
2000-02-01,4051.97998046875,4051.97998046875,4053.159912109375,3911.840087890625,3961.070068359375,1398240000
2000-02-02,4073.9599609375,4073.9599609375,4125.75,4051.43994140625,4059.030029296875,1527880000
2000-02-03,4210.97998046875,4210.97998046875,4211.06005859375,4085.530029296875,4134.64990234375,1722330000
2000-02-04,4244.14013671875,4244.14013671875,4294.83984375,4229.2001953125,4242.14990234375,1751450000
2000-02-07,4321.77001953125,4321.77001953125,4321.9599609375,4244.740234375,4274.02978515625,1625540000
2000-02-08,4427.5,4427.5,4428.47998046875,4370.009765625,4370.009765625,1971180000
2000-02-09,4363.240234375,4363.240234375,4460.759765625,4362.740234375,4460.18017578125,1775590000
2000-02-10,4485.6298828125,4485.6298828125,4485.669921875,4357.68994140625,4390.16015625,1813590000
2000-02-11,4395.4501953125,4395.4501953125,4489.7900390625,4360.5400390625,4489.330078125,1738590000
2000-02-14,4418.5498046875,4418.5498046875,4435.9599609375,4355.5400390625,4434.3798828125,1600850000
2000-02-15,4420.77001953125,4420.77001953125,4440.6201171875,4291.10009765625,4415.52001953125,1708930000
2000-02-16,4427.64990234375,4427.64990234375,4477.64013671875,4413.66015625,4427.18994140625,1782130000
2000-02-17,4548.919921875,4548.919921875,4553.14013671875,4444.75,4483.009765625,2008440000
2000-02-18,4411.740234375,4411.740234375,4564.4501953125,4404.60986328125,4563.72021484375,1898410000
2000-02-22,4382.1201171875,4382.1201171875,4443.93994140625,4291.009765625,4432.830078125,1772290000
2000-02-23,4550.330078125,4550.330078125,4567.97021484375,4401.3798828125,4406.8798828125,1892800000
2000-02-24,4617.64990234375,4617.64990234375,4620.02978515625,4495.2001953125,4583.89013671875,1944050000
2000-02-25,4590.5,4590.5,4662.93017578125,4576.18994140625,4618.830078125,1825500000
2000-02-28,4577.85009765625,4577.85009765625,4626.72021484375,4466.419921875,4575.06982421875,1798070000
2000-02-29,4696.68994140625,4696.68994140625,4698.4599609375,4637.169921875,4646.64013671875,2088840000
2000-03-01,4784.080078125,4784.080078125,4796.89990234375,4732.81982421875,4732.81982421875,2232340000
2000-03-02,4754.509765625,4754.509765625,4829.009765625,4705.4501953125,4816.81005859375,2137080000
2000-03-03,4914.7900390625,4914.7900390625,4914.7900390625,4813.81982421875,4846.009765625,2136530000
2000-03-06,4904.85009765625,4904.85009765625,4980.14990234375,4887.8798828125,4935.64990234375,2015580000
2000-03-07,4847.83984375,4847.83984375,5006.77978515625,4829.8798828125,4991.97021484375,2156410000
2000-03-08,4897.259765625,4897.259765625,4923.14013671875,4722.14013671875,4920.85986328125,2020130000
2000-03-09,5046.85986328125,5046.85986328125,5047.9599609375,4857.56982421875,4913.080078125,2006810000
2000-03-10,5048.6201171875,5048.6201171875,5132.52001953125,5039.35009765625,5060.33984375,1992170000
2000-03-13,4907.240234375,4907.240234375,5027.72998046875,4839.259765625,4879.02978515625,1736270000
2000-03-14,4706.6298828125,4706.6298828125,5013.490234375,4706.60986328125,4997.31005859375,1977820000
2000-03-15,4582.6201171875,4582.6201171875,4758.43994140625,4553.919921875,4758.43994140625,1937800000
2000-03-16,4717.39013671875,4717.39013671875,4717.759765625,4455.10009765625,4658.43994140625,2041510000
2000-03-17,4798.1298828125,4798.1298828125,4805.93994140625,4702.02978515625,4702.02978515625,1691530000
2000-03-20,4610.0,4610.0,4822.7001953125,4610.0,4812.14013671875,1539860000
2000-03-21,4711.68017578125,4711.68017578125,4712.240234375,4467.52978515625,4589.52001953125,1753310000
2000-03-22,4864.75,4864.75,4900.419921875,4736.89990234375,4750.5400390625,1769510000
2000-03-23,4940.60986328125,4940.60986328125,4975.66015625,4865.10009765625,4874.169921875,1714160000
2000-03-24,4963.02978515625,4963.02978515625,5078.85986328125,4902.830078125,4986.5400390625,1688970000
2000-03-27,4958.56005859375,4958.56005859375,5022.22998046875,4946.60986328125,4994.419921875,1380380000
2000-03-28,4833.89013671875,4833.89013671875,4952.93017578125,4833.89013671875,4939.0498046875,1490090000
2000-03-29,4644.669921875,4644.669921875,4860.02001953125,4641.009765625,4860.02001953125,1738270000
2000-03-30,4457.89013671875,4457.89013671875,4683.8798828125,4355.68994140625,4540.43994140625,1925860000
2000-03-31,4572.830078125,4572.830078125,4606.47998046875,4381.3798828125,4550.2099609375,2118100000
2000-04-03,4223.68017578125,4223.68017578125,4572.83984375,4193.10009765625,4494.89013671875,1739920000
2000-04-04,4148.89013671875,4148.89013671875,4283.4501953125,3649.110107421875,4283.4501953125,2889100000
2000-04-05,4169.22021484375,4169.22021484375,4286.8798828125,4009.090087890625,4025.89990234375,1947700000
2000-04-06,4267.56005859375,4267.56005859375,4324.08984375,4196.509765625,4266.7998046875,1746450000
2000-04-07,4446.4501953125,4446.4501953125,4446.4501953125,4323.18017578125,4354.1298828125,1563430000
2000-04-10,4188.2001953125,4188.2001953125,4475.2001953125,4188.169921875,4475.2001953125,1446140000
2000-04-11,4055.89990234375,4055.89990234375,4182.9599609375,4009.52001953125,4094.610107421875,1679390000
2000-04-12,3769.6298828125,3769.6298828125,4077.919921875,3769.169921875,4050.320068359375,1921090000
2000-04-13,3676.780029296875,3676.780029296875,3914.679931640625,3676.669921875,3839.56005859375,1951500000
2000-04-14,3321.2900390625,3321.2900390625,3615.639892578125,3265.97998046875,3597.43994140625,2555780000
2000-04-17,3539.159912109375,3539.159912109375,3539.77001953125,3227.0400390625,3232.93994140625,2482830000
2000-04-18,3793.570068359375,3793.570068359375,3794.969970703125,3563.830078125,3596.14990234375,2152720000
2000-04-19,3706.409912109375,3706.409912109375,3851.56005859375,3698.330078125,3832.64990234375,1760270000
2000-04-20,3643.8798828125,3643.8798828125,3751.330078125,3599.679931640625,3735.080078125,1422730000
2000-04-24,3482.47998046875,3482.47998046875,3496.820068359375,3345.25,3466.68994140625,1540710000
2000-04-25,3711.22998046875,3711.22998046875,3711.570068359375,3583.919921875,3592.72998046875,1622910000
2000-04-26,3630.090087890625,3630.090087890625,3777.080078125,3629.360107421875,3728.989990234375,1592830000
2000-04-27,3774.030029296875,3774.030029296875,3774.110107421875,3513.760009765625,3519.1298828125,1548760000
2000-04-28,3860.659912109375,3860.659912109375,3873.85009765625,3810.06005859375,3830.610107421875,1583710000
2000-05-01,3958.080078125,3958.080078125,3982.3798828125,3899.7099609375,3930.179931640625,1500610000
2000-05-02,3785.449951171875,3785.449951171875,3948.6298828125,3784.5400390625,3927.919921875,1438040000
2000-05-03,3707.31005859375,3707.31005859375,3759.2099609375,3592.7900390625,3755.300048828125,1480050000
2000-05-04,3720.239990234375,3720.239990234375,3762.469970703125,3679.429931640625,3723.27001953125,1287850000
2000-05-05,3816.820068359375,3816.820068359375,3818.39990234375,3694.280029296875,3694.280029296875,1197290000
2000-05-08,3669.3798828125,3669.3798828125,3765.219970703125,3669.110107421875,3758.4599609375,1142710000
2000-05-09,3585.010009765625,3585.010009765625,3708.739990234375,3540.820068359375,3704.85009765625,1454780000
2000-05-10,3384.72998046875,3384.72998046875,3531.47998046875,3367.06005859375,3525.02001953125,1580110000
2000-05-11,3499.580078125,3499.580078125,3502.530029296875,3389.8701171875,3450.06005859375,1370230000
2000-05-12,3529.06005859375,3529.06005859375,3619.68994140625,3523.199951171875,3546.239990234375,1220040000
2000-05-15,3607.64990234375,3607.64990234375,3607.77001953125,3445.1298828125,3533.2099609375,1155810000
2000-05-16,3717.570068359375,3717.570068359375,3729.1201171875,3626.989990234375,3674.889892578125,1495270000
2000-05-17,3644.9599609375,3644.9599609375,3690.820068359375,3616.27001953125,3649.5400390625,1227380000
2000-05-18,3538.7099609375,3538.7099609375,3663.840087890625,3538.7099609375,3660.239990234375,1258610000
2000-05-19,3390.39990234375,3390.39990234375,3506.179931640625,3381.72998046875,3480.6298828125,1366930000
2000-05-22,3364.2099609375,3364.2099609375,3390.949951171875,3172.64990234375,3390.949951171875,1615480000
2000-05-23,3164.550048828125,3164.550048828125,3389.60009765625,3163.969970703125,3346.659912109375,1330440000
2000-05-24,3270.610107421875,3270.610107421875,3276.18994140625,3042.659912109375,3155.139892578125,2087980000
2000-05-25,3205.35009765625,3205.35009765625,3365.840087890625,3194.590087890625,3308.510009765625,1561840000
2000-05-26,3205.110107421875,3205.110107421875,3256.6298828125,3150.780029296875,3215.280029296875,1069440000
2000-05-30,3459.47998046875,3459.47998046875,3460.239990234375,3286.5400390625,3286.5400390625,1457360000
2000-05-31,3400.909912109375,3400.909912109375,3501.510009765625,3399.6201171875,3428.25,1533730000
2000-06-01,3582.5,3582.5,3583.27001953125,3459.85009765625,3471.949951171875,1580240000
2000-06-02,3813.3798828125,3813.3798828125,3814.5,3728.949951171875,3728.949951171875,1903210000
2000-06-05,3821.760009765625,3821.760009765625,3875.659912109375,3765.60009765625,3773.239990234375,1455960000
2000-06-06,3756.3701171875,3756.3701171875,3884.010009765625,3749.179931640625,3825.97998046875,1603060000
2000-06-07,3839.260009765625,3839.260009765625,3839.3701171875,3725.8701171875,3766.550048828125,1431220000
2000-06-08,3825.56005859375,3825.56005859375,3890.02001953125,3797.409912109375,3886.0400390625,1399250000
2000-06-09,3874.840087890625,3874.840087890625,3893.669921875,3847.7099609375,3892.75,1268720000
2000-06-12,3767.909912109375,3767.909912109375,3892.050048828125,3767.8798828125,3892.050048828125,1281000000
2000-06-13,3851.06005859375,3851.06005859375,3851.429931640625,3695.35009765625,3743.909912109375,1398790000
2000-06-14,3797.409912109375,3797.409912109375,3883.340087890625,3797.0,3875.0400390625,1400300000
2000-06-15,3845.739990234375,3845.739990234375,3849.93994140625,3763.739990234375,3802.18994140625,1426630000
2000-06-16,3860.56005859375,3860.56005859375,3883.14990234375,3822.340087890625,3877.070068359375,1501190000
2000-06-19,3989.830078125,3989.830078125,3990.7900390625,3818.64990234375,3818.64990234375,1411400000
2000-06-20,4013.360107421875,4013.360107421875,4050.580078125,3982.22998046875,4003.090087890625,1694520000
2000-06-21,4064.010009765625,4064.010009765625,4073.159912109375,3961.300048828125,3965.3701171875,1541900000
2000-06-22,3936.840087890625,3936.840087890625,4073.72998046875,3936.840087890625,4073.72998046875,1639540000
2000-06-23,3845.340087890625,3845.340087890625,3957.679931640625,3830.22998046875,3950.050048828125,1344960000
2000-06-26,3912.1201171875,3912.1201171875,3935.1201171875,3852.409912109375,3884.64990234375,1316960000
2000-06-27,3858.9599609375,3858.9599609375,3945.75,3858.949951171875,3904.39990234375,1476020000
2000-06-28,3940.340087890625,3940.340087890625,3974.47998046875,3872.169921875,3877.77001953125,1660130000
2000-06-29,3877.22998046875,3877.22998046875,3929.10009765625,3838.85009765625,3900.2900390625,1550990000
2000-06-30,3966.110107421875,3966.110107421875,3967.489990234375,3889.330078125,3889.510009765625,2066390000
2000-07-03,3991.929931640625,3991.929931640625,3995.85009765625,3942.929931640625,3950.590087890625,600810000
2000-07-05,3863.10009765625,3863.10009765625,3950.18994140625,3859.199951171875,3949.760009765625,1342600000
2000-07-06,3960.570068359375,3960.570068359375,3961.10009765625,3820.340087890625,3872.909912109375,1482480000
2000-07-07,4023.199951171875,4023.199951171875,4054.050048828125,3960.81005859375,3978.3798828125,1486480000
2000-07-10,3980.2900390625,3980.2900390625,4028.5400390625,3976.199951171875,3993.6201171875,1395950000
2000-07-11,3956.419921875,3956.419921875,4029.300048828125,3936.75,3970.419921875,1714500000
2000-07-12,4099.58984375,4099.58984375,4103.64990234375,4001.72998046875,4024.590087890625,1775980000
2000-07-13,4174.85986328125,4174.85986328125,4193.240234375,4111.16015625,4128.81005859375,1881560000
2000-07-14,4246.18017578125,4246.18017578125,4252.22021484375,4174.60009765625,4221.7998046875,1678610000
2000-07-17,4274.669921875,4274.669921875,4289.06005859375,4215.85986328125,4243.5498046875,1584500000
2000-07-18,4177.169921875,4177.169921875,4237.85009765625,4161.89013671875,4233.490234375,1501970000
2000-07-19,4055.6298828125,4055.6298828125,4159.39013671875,4047.429931640625,4154.3701171875,1445310000
2000-07-20,4184.56005859375,4184.56005859375,4184.56005859375,4106.6298828125,4106.6298828125,1719880000
2000-07-21,4094.449951171875,4094.449951171875,4163.33984375,4093.760009765625,4154.0,1545940000
2000-07-24,3981.570068359375,3981.570068359375,4125.7998046875,3976.510009765625,4109.64990234375,1460690000
2000-07-25,4029.570068359375,4029.570068359375,4034.800048828125,3955.360107421875,4015.409912109375,1471000000
2000-07-26,3987.719970703125,3987.719970703125,4002.699951171875,3906.550048828125,3998.030029296875,1754760000
2000-07-27,3842.22998046875,3842.22998046875,3954.9599609375,3841.6201171875,3938.139892578125,1791100000
2000-07-28,3663.0,3663.0,3867.800048828125,3642.280029296875,3855.10009765625,1769410000
2000-07-31,3766.989990234375,3766.989990234375,3767.889892578125,3615.7900390625,3692.429931640625,1512580000
2000-08-01,3685.52001953125,3685.52001953125,3766.919921875,3682.449951171875,3760.949951171875,1341460000
2000-08-02,3658.4599609375,3658.4599609375,3753.949951171875,3651.81005859375,3684.1201171875,1476820000
2000-08-03,3759.8798828125,3759.8798828125,3761.070068359375,3521.139892578125,3554.679931640625,1828860000
2000-08-04,3787.360107421875,3787.360107421875,3846.97998046875,3751.219970703125,3812.31005859375,1438850000
2000-08-07,3862.989990234375,3862.989990234375,3870.260009765625,3795.610107421875,3819.3798828125,1319680000
2000-08-08,3848.550048828125,3848.550048828125,3893.050048828125,3839.580078125,3850.8701171875,1461590000
2000-08-09,3853.5,3853.5,3936.4599609375,3849.77001953125,3915.260009765625,1517650000
2000-08-10,3759.989990234375,3759.989990234375,3847.2900390625,3759.989990234375,3843.580078125,1349670000
2000-08-11,3789.469970703125,3789.469970703125,3789.97998046875,3686.860107421875,3741.6201171875,1333260000
2000-08-14,3849.68994140625,3849.68994140625,3850.27001953125,3767.3701171875,3804.68994140625,1232060000
2000-08-15,3851.659912109375,3851.659912109375,3888.919921875,3831.9599609375,3846.830078125,1353620000
2000-08-16,3861.199951171875,3861.199951171875,3914.840087890625,3844.169921875,3878.580078125,1401380000
2000-08-17,3940.8701171875,3940.8701171875,3947.050048828125,3857.75,3858.8798828125,1440370000
2000-08-18,3930.340087890625,3930.340087890625,3980.260009765625,3925.949951171875,3958.699951171875,1447920000
2000-08-21,3953.14990234375,3953.14990234375,3985.6201171875,3917.93994140625,3966.22998046875,1269330000
2000-08-22,3958.2099609375,3958.2099609375,4011.14990234375,3957.85009765625,3970.159912109375,1413190000
2000-08-23,4011.010009765625,4011.010009765625,4011.760009765625,3902.110107421875,3935.510009765625,1461790000
2000-08-24,4053.280029296875,4053.280029296875,4055.43994140625,4004.77001953125,4020.989990234375,1546950000
2000-08-25,4042.679931640625,4042.679931640625,4083.1201171875,4025.590087890625,4049.840087890625,1285820000
2000-08-28,4070.590087890625,4070.590087890625,4097.330078125,4048.010009765625,4049.179931640625,1373010000
2000-08-29,4082.169921875,4082.169921875,4093.8798828125,4056.260009765625,4074.2099609375,1489470000
2000-08-30,4103.81005859375,4103.81005859375,4115.990234375,4065.820068359375,4076.5,1537020000
2000-08-31,4206.35009765625,4206.35009765625,4208.72998046875,4127.18994140625,4127.18994140625,1903150000
2000-09-01,4234.330078125,4234.330078125,4259.8701171875,4192.89013671875,4252.14990234375,1472940000
2000-09-05,4143.18017578125,4143.18017578125,4206.509765625,4143.18017578125,4205.93994140625,1668120000
2000-09-06,4013.340087890625,4013.340087890625,4136.83984375,4013.340087890625,4136.83984375,1757190000
2000-09-07,4098.35009765625,4098.35009765625,4105.5400390625,4035.1201171875,4047.02001953125,1634610000
2000-09-08,3978.409912109375,3978.409912109375,4081.9599609375,3977.469970703125,4081.9599609375,1508550000
2000-09-11,3896.35009765625,3896.35009765625,4008.4599609375,3880.68994140625,3961.159912109375,1483670000
2000-09-12,3849.510009765625,3849.510009765625,3958.360107421875,3834.340087890625,3925.419921875,1596640000
2000-09-13,3893.889892578125,3893.889892578125,3895.81005859375,3794.2900390625,3794.919921875,1656550000
2000-09-14,3913.860107421875,3913.860107421875,3984.330078125,3897.179931640625,3963.10009765625,1699480000
2000-09-15,3835.22998046875,3835.22998046875,3905.090087890625,3806.8798828125,3905.090087890625,1777540000
2000-09-18,3726.52001953125,3726.52001953125,3862.320068359375,3702.5400390625,3838.6298828125,1613970000
2000-09-19,3865.639892578125,3865.639892578125,3865.85009765625,3740.64990234375,3766.0400390625,1707400000
2000-09-20,3897.43994140625,3897.43994140625,3913.8701171875,3795.080078125,3863.080078125,1802040000
2000-09-21,3828.8701171875,3828.8701171875,3892.39990234375,3813.1201171875,3864.60009765625,1616010000
2000-09-22,3803.760009765625,3803.760009765625,3803.760009765625,3614.659912109375,3616.159912109375,2164340000
2000-09-25,3741.219970703125,3741.219970703125,3868.110107421875,3737.5,3852.530029296875,1774680000
2000-09-26,3689.10009765625,3689.10009765625,3795.7900390625,3677.72998046875,3762.64990234375,1825900000
2000-09-27,3656.300048828125,3656.300048828125,3750.610107421875,3622.659912109375,3740.6201171875,1948200000
2000-09-28,3778.320068359375,3778.320068359375,3778.3798828125,3626.550048828125,3638.93994140625,2001450000
2000-09-29,3672.820068359375,3672.820068359375,3751.330078125,3670.31005859375,3749.27001953125,2018050000
2000-10-02,3568.89990234375,3568.89990234375,3714.47998046875,3559.840087890625,3714.47998046875,1799220000
2000-10-03,3455.830078125,3455.830078125,3639.2900390625,3454.64990234375,3624.929931640625,1958840000
2000-10-04,3523.10009765625,3523.10009765625,3532.429931640625,3382.530029296875,3440.60009765625,2129330000
2000-10-05,3472.10009765625,3472.10009765625,3549.010009765625,3459.580078125,3499.9599609375,1872960000
2000-10-06,3361.010009765625,3361.010009765625,3505.81005859375,3314.909912109375,3477.699951171875,1870690000
2000-10-09,3355.56005859375,3355.56005859375,3376.919921875,3233.18994140625,3352.14990234375,1437770000
2000-10-10,3240.5400390625,3240.5400390625,3383.39990234375,3229.010009765625,3326.889892578125,1874430000
2000-10-11,3168.489990234375,3168.489990234375,3258.239990234375,3103.530029296875,3152.330078125,2340450000
2000-10-12,3074.679931640625,3074.679931640625,3249.110107421875,3071.25,3241.260009765625,2128660000
2000-10-13,3316.77001953125,3316.77001953125,3316.969970703125,3054.550048828125,3054.550048828125,2070750000
2000-10-16,3290.280029296875,3290.280029296875,3339.85009765625,3262.3701171875,3315.47998046875,1788600000
2000-10-17,3213.9599609375,3213.9599609375,3348.610107421875,3173.679931640625,3335.39990234375,1936790000
2000-10-18,3171.56005859375,3171.56005859375,3257.81005859375,3026.110107421875,3106.949951171875,2519920000
2000-10-19,3418.60009765625,3418.60009765625,3423.449951171875,3314.889892578125,3330.25,2343470000
2000-10-20,3483.139892578125,3483.139892578125,3535.110107421875,3401.8798828125,3402.9599609375,2171490000
2000-10-23,3468.68994140625,3468.68994140625,3523.68994140625,3432.43994140625,3483.3798828125,1690110000
2000-10-24,3419.7900390625,3419.7900390625,3526.7099609375,3401.050048828125,3495.449951171875,1880860000
2000-10-25,3229.570068359375,3229.570068359375,3376.330078125,3210.739990234375,3347.239990234375,2170930000
2000-10-26,3272.179931640625,3272.179931640625,3286.2900390625,3081.360107421875,3245.39990234375,2292490000
2000-10-27,3278.360107421875,3278.360107421875,3362.260009765625,3231.6298828125,3320.68994140625,1963390000
2000-10-30,3191.39990234375,3191.39990234375,3279.719970703125,3149.239990234375,3243.8798828125,1741440000
2000-10-31,3369.6298828125,3369.6298828125,3379.080078125,3223.43994140625,3223.43994140625,2146420000
2000-11-01,3333.389892578125,3333.389892578125,3396.719970703125,3289.4599609375,3316.510009765625,2024380000
2000-11-02,3429.02001953125,3429.02001953125,3433.159912109375,3370.02001953125,3387.280029296875,2226920000
2000-11-03,3451.580078125,3451.580078125,3468.590087890625,3401.77001953125,3447.320068359375,1846200000
2000-11-06,3416.2099609375,3416.2099609375,3480.010009765625,3412.97998046875,3469.35009765625,1608520000
2000-11-07,3415.7900390625,3415.7900390625,3435.1298828125,3360.260009765625,3399.280029296875,1700120000
2000-11-08,3231.699951171875,3231.699951171875,3429.1201171875,3231.280029296875,3426.2900390625,1678000000
2000-11-09,3200.35009765625,3200.35009765625,3230.0,3087.06005859375,3174.89990234375,1942770000
2000-11-10,3028.989990234375,3028.989990234375,3141.35009765625,3028.919921875,3122.110107421875,1779930000
2000-11-13,2966.719970703125,2966.719970703125,3063.31005859375,2859.389892578125,2956.090087890625,2048330000
2000-11-14,3138.27001953125,3138.27001953125,3145.300048828125,3059.8798828125,3069.81005859375,1785310000
2000-11-15,3165.489990234375,3165.489990234375,3208.949951171875,3104.570068359375,3137.610107421875,1705940000
2000-11-16,3031.8798828125,3031.8798828125,3175.6298828125,3031.760009765625,3121.800048828125,1523710000
2000-11-17,3027.18994140625,3027.18994140625,3090.969970703125,2967.169921875,3044.449951171875,1760850000
2000-11-20,2875.639892578125,2875.639892578125,2949.5,2860.489990234375,2943.110107421875,1716290000
2000-11-21,2871.449951171875,2871.449951171875,2921.800048828125,2845.169921875,2892.030029296875,1749380000
2000-11-22,2755.340087890625,2755.340087890625,2872.639892578125,2754.139892578125,2828.139892578125,1885130000
2000-11-24,2904.3798828125,2904.3798828125,2904.4599609375,2820.909912109375,2823.47998046875,781600000
2000-11-27,2880.489990234375,2880.489990234375,2998.75,2874.7099609375,2979.929931640625,1706570000
2000-11-28,2734.97998046875,2734.97998046875,2891.39990234375,2734.4599609375,2873.72998046875,1919970000
2000-11-29,2706.929931640625,2706.929931640625,2770.179931640625,2642.889892578125,2748.179931640625,2055720000
2000-11-30,2597.929931640625,2597.929931640625,2641.75,2523.0400390625,2599.0400390625,2736270000
2000-12-01,2645.2900390625,2645.2900390625,2749.06005859375,2604.27001953125,2644.090087890625,2221970000
2000-12-04,2615.75,2615.75,2671.179931640625,2567.179931640625,2662.56005859375,1860480000
2000-12-05,2889.800048828125,2889.800048828125,2889.800048828125,2694.409912109375,2702.719970703125,2474670000
2000-12-06,2796.5,2796.5,2916.199951171875,2781.239990234375,2878.8701171875,2308280000
2000-12-07,2752.659912109375,2752.659912109375,2794.530029296875,2707.9599609375,2748.2900390625,1756810000
2000-12-08,2917.429931640625,2917.429931640625,2929.949951171875,2844.929931640625,2857.929931640625,2328650000
2000-12-11,3015.10009765625,3015.10009765625,3028.75,2901.47998046875,2936.60009765625,2447760000
2000-12-12,2931.77001953125,2931.77001953125,3002.530029296875,2930.989990234375,2994.06005859375,1919030000
2000-12-13,2822.77001953125,2822.77001953125,3001.719970703125,2814.1298828125,2996.570068359375,2042250000
2000-12-14,2728.510009765625,2728.510009765625,2847.3701171875,2727.260009765625,2820.47998046875,1770640000
2000-12-15,2653.27001953125,2653.27001953125,2697.929931640625,2596.030029296875,2688.659912109375,2770690000
2000-12-18,2624.52001953125,2624.52001953125,2726.199951171875,2597.469970703125,2698.719970703125,2065990000
2000-12-19,2511.7099609375,2511.7099609375,2696.610107421875,2509.760009765625,2617.06005859375,2317200000
2000-12-20,2332.780029296875,2332.780029296875,2432.830078125,2312.510009765625,2410.9599609375,2855150000
2000-12-21,2340.1201171875,2340.1201171875,2423.7099609375,2288.159912109375,2310.2099609375,2686970000
2000-12-22,2517.02001953125,2517.02001953125,2517.929931640625,2397.669921875,2397.669921875,2235410000
2000-12-26,2493.52001953125,2493.52001953125,2548.75,2436.18994140625,2518.2900390625,1558700000
2000-12-27,2539.35009765625,2539.35009765625,2539.52001953125,2450.219970703125,2471.330078125,2002650000
2000-12-28,2557.760009765625,2557.760009765625,2571.52001953125,2514.56005859375,2517.89990234375,2192130000
2000-12-29,2470.52001953125,2470.52001953125,2577.02001953125,2456.5400390625,2552.679931640625,2531760000
2001-01-02,2291.860107421875,2291.860107421875,2474.159912109375,2273.070068359375,2474.159912109375,1918930000
2001-01-03,2616.68994140625,2616.68994140625,2618.030029296875,2251.7099609375,2254.56005859375,3188000000
2001-01-04,2566.830078125,2566.830078125,2644.800048828125,2549.830078125,2593.9599609375,2610680000
2001-01-05,2407.64990234375,2407.64990234375,2574.6201171875,2395.389892578125,2573.110107421875,2104670000
2001-01-08,2395.919921875,2395.919921875,2397.06005859375,2299.64990234375,2388.719970703125,1850590000
2001-01-09,2441.300048828125,2441.300048828125,2474.159912109375,2406.080078125,2424.68994140625,1975130000
2001-01-10,2524.179931640625,2524.179931640625,2525.280029296875,2376.489990234375,2392.7099609375,2470350000
2001-01-11,2640.570068359375,2640.570068359375,2661.929931640625,2495.010009765625,2495.590087890625,2842640000
2001-01-12,2626.5,2626.5,2699.8701171875,2589.6298828125,2639.56005859375,2518850000
2001-01-16,2618.550048828125,2618.550048828125,2638.219970703125,2576.949951171875,2631.489990234375,2073940000
2001-01-17,2682.780029296875,2682.780029296875,2756.6298828125,2668.47998046875,2710.530029296875,2819190000
2001-01-18,2768.489990234375,2768.489990234375,2769.97998046875,2661.260009765625,2696.739990234375,2558710000
2001-01-19,2770.3798828125,2770.3798828125,2841.25,2752.06005859375,2838.360107421875,2697190000
2001-01-22,2757.909912109375,2757.909912109375,2789.6298828125,2722.9599609375,2759.10009765625,2037140000
2001-01-23,2840.389892578125,2840.389892578125,2845.389892578125,2736.280029296875,2759.260009765625,2278470000
2001-01-24,2859.14990234375,2859.14990234375,2892.360107421875,2828.320068359375,2850.739990234375,2567320000
2001-01-25,2754.280029296875,2754.280029296875,2849.56005859375,2753.3701171875,2836.35009765625,2298150000
2001-01-26,2781.300048828125,2781.300048828125,2785.6201171875,2686.64990234375,2705.389892578125,2268800000
2001-01-29,2838.340087890625,2838.340087890625,2840.02001953125,2742.5,2757.2900390625,1970130000
2001-01-30,2838.35009765625,2838.35009765625,2861.7099609375,2817.1298828125,2845.010009765625,2073590000
2001-01-31,2772.72998046875,2772.72998046875,2872.469970703125,2772.35009765625,2848.110107421875,2277310000
2001-02-01,2782.7900390625,2782.7900390625,2796.889892578125,2742.43994140625,2771.570068359375,1776260000
2001-02-02,2660.5,2660.5,2791.580078125,2660.110107421875,2782.929931640625,1706900000
2001-02-05,2643.2099609375,2643.2099609375,2656.02001953125,2596.72998046875,2639.64990234375,1648760000
2001-02-06,2664.489990234375,2664.489990234375,2705.590087890625,2640.22998046875,2641.909912109375,1788920000
2001-02-07,2607.820068359375,2607.820068359375,2636.070068359375,2554.760009765625,2615.93994140625,2056920000
2001-02-08,2562.06005859375,2562.06005859375,2651.840087890625,2562.02001953125,2625.780029296875,1852360000
2001-02-09,2470.969970703125,2470.969970703125,2542.6201171875,2455.8701171875,2542.239990234375,1881910000
2001-02-12,2489.659912109375,2489.659912109375,2508.27001953125,2435.360107421875,2458.64990234375,1751220000
2001-02-13,2427.719970703125,2427.719970703125,2554.64990234375,2427.469970703125,2510.840087890625,1728550000
2001-02-14,2491.39990234375,2491.39990234375,2493.110107421875,2388.39990234375,2437.679931640625,1987350000
2001-02-15,2552.909912109375,2552.909912109375,2593.090087890625,2536.6298828125,2536.6298828125,2106930000
2001-02-16,2425.3798828125,2425.3798828125,2457.64990234375,2397.429931640625,2444.60009765625,1892200000
2001-02-20,2318.35009765625,2318.35009765625,2442.989990234375,2317.77001953125,2439.570068359375,1878340000
2001-02-21,2268.93994140625,2268.93994140625,2353.510009765625,2257.14990234375,2281.7900390625,2019740000
2001-02-22,2244.9599609375,2244.9599609375,2291.68994140625,2185.909912109375,2272.1298828125,2483470000
2001-02-23,2262.510009765625,2262.510009765625,2264.679931640625,2156.2900390625,2221.27001953125,2237910000
2001-02-26,2308.5,2308.5,2309.72998046875,2238.639892578125,2287.8798828125,1739060000
2001-02-27,2207.820068359375,2207.820068359375,2300.179931640625,2206.719970703125,2286.639892578125,1808540000
2001-02-28,2151.830078125,2151.830078125,2238.06005859375,2127.5,2223.8798828125,2082700000
2001-03-01,2183.3701171875,2183.3701171875,2184.409912109375,2071.030029296875,2126.300048828125,2256880000
2001-03-02,2117.6298828125,2117.6298828125,2197.85009765625,2091.550048828125,2111.22998046875,2374100000
2001-03-05,2142.919921875,2142.919921875,2163.090087890625,2127.9599609375,2142.75,1495750000
2001-03-06,2204.429931640625,2204.429931640625,2243.780029296875,2202.699951171875,2204.300048828125,1986380000
2001-03-07,2223.919921875,2223.919921875,2243.75,2201.409912109375,2241.22998046875,1774410000
2001-03-08,2168.72998046875,2168.72998046875,2219.8701171875,2161.409912109375,2211.300048828125,1759140000
2001-03-09,2052.780029296875,2052.780029296875,2124.110107421875,2041.780029296875,2124.110107421875,1962120000
2001-03-12,1923.3800048828125,1923.3800048828125,2004.0899658203125,1922.780029296875,2001.6800537109375,2149820000
2001-03-13,2014.780029296875,2014.780029296875,2015.3499755859375,1932.6300048828125,1948.699951171875,2096420000
2001-03-14,1972.0899658203125,1972.0899658203125,2028.530029296875,1933.4000244140625,1948.56005859375,2147220000
2001-03-15,1940.7099609375,1940.7099609375,2030.72998046875,1939.3800048828125,2023.7900390625,1963770000
2001-03-16,1890.9100341796875,1890.9100341796875,1940.7099609375,1877.68994140625,1914.5799560546875,2102270000
2001-03-19,1951.1800537109375,1951.1800537109375,1953.0799560546875,1867.5799560546875,1901.449951171875,1774570000
2001-03-20,1857.43994140625,1857.43994140625,1974.1400146484375,1857.4100341796875,1964.449951171875,2016500000
2001-03-21,1830.22998046875,1830.22998046875,1896.2099609375,1820.75,1862.739990234375,2109190000
2001-03-22,1897.699951171875,1897.699951171875,1898.0999755859375,1794.2099609375,1845.3399658203125,2504770000
2001-03-23,1928.6800537109375,1928.6800537109375,1952.9200439453125,1891.989990234375,1938.9100341796875,2284560000
2001-03-26,1918.489990234375,1918.489990234375,1960.6800537109375,1909.4200439453125,1957.7099609375,1719620000
2001-03-27,1972.22998046875,1972.22998046875,1979.75,1907.1600341796875,1922.699951171875,1951410000
2001-03-28,1854.1300048828125,1854.1300048828125,1925.300048828125,1852.9599609375,1925.300048828125,2072260000
2001-03-29,1820.5699462890625,1820.5699462890625,1876.739990234375,1802.760009765625,1838.43994140625,2079050000
2001-03-30,1840.260009765625,1840.260009765625,1855.5799560546875,1794.300048828125,1830.4200439453125,2139050000
2001-04-02,1782.969970703125,1782.969970703125,1852.489990234375,1769.6600341796875,1835.219970703125,1848350000
2001-04-03,1673.0,1673.0,1759.010009765625,1660.9200439453125,1758.1800537109375,2573410000
2001-04-04,1638.800048828125,1638.800048828125,1698.2099609375,1619.5799560546875,1668.3699951171875,2465470000
2001-04-05,1785.0,1785.0,1785.72998046875,1706.0999755859375,1709.9100341796875,2333000000
2001-04-06,1720.3599853515625,1720.3599853515625,1756.1099853515625,1700.199951171875,1756.1099853515625,1835720000
2001-04-09,1745.7099609375,1745.7099609375,1757.3800048828125,1710.760009765625,1739.6600341796875,1448830000
2001-04-10,1852.030029296875,1852.030029296875,1868.0999755859375,1771.6800537109375,1771.6800537109375,2203460000
2001-04-11,1898.949951171875,1898.949951171875,1948.0799560546875,1884.949951171875,1929.9300537109375,2372010000
2001-04-12,1961.4300537109375,1961.4300537109375,1961.5699462890625,1868.760009765625,1881.18994140625,1902800000
2001-04-16,1909.5699462890625,1909.5699462890625,1946.9200439453125,1891.8800048828125,1934.699951171875,1571910000
2001-04-17,1923.219970703125,1923.219970703125,1941.5699462890625,1869.3399658203125,1872.3499755859375,1900580000
2001-04-18,2079.43994140625,2079.43994140625,2129.31005859375,1995.9100341796875,2005.06005859375,3195650000
2001-04-19,2182.139892578125,2182.139892578125,2182.139892578125,2082.239990234375,2100.8798828125,2788870000
2001-04-20,2163.409912109375,2163.409912109375,2202.860107421875,2135.320068359375,2171.89990234375,2544420000
2001-04-23,2059.320068359375,2059.320068359375,2118.77001953125,2046.8399658203125,2118.360107421875,1845630000
2001-04-24,2016.6099853515625,2016.6099853515625,2095.889892578125,2012.3699951171875,2055.320068359375,1983330000
2001-04-25,2059.800048828125,2059.800048828125,2066.969970703125,2000.8299560546875,2013.4200439453125,1978940000
2001-04-26,2034.8800048828125,2034.8800048828125,2095.830078125,2032.3800048828125,2086.0400390625,2028800000
2001-04-27,2075.679931640625,2075.679931640625,2082.639892578125,2046.7099609375,2070.239990234375,1801600000
2001-04-30,2116.239990234375,2116.239990234375,2159.080078125,2097.580078125,2113.110107421875,2027180000
2001-05-01,2168.239990234375,2168.239990234375,2168.419921875,2088.610107421875,2116.239990234375,1922520000
2001-05-02,2220.60009765625,2220.60009765625,2232.659912109375,2175.1298828125,2205.25,2584140000
2001-05-03,2146.199951171875,2146.199951171875,2183.070068359375,2129.070068359375,2183.070068359375,2010880000
2001-05-04,2191.530029296875,2191.530029296875,2191.929931640625,2089.22998046875,2102.610107421875,2057110000
2001-05-07,2173.570068359375,2173.570068359375,2215.3701171875,2166.510009765625,2194.0400390625,1749600000
2001-05-08,2198.77001953125,2198.77001953125,2210.449951171875,2165.3701171875,2209.010009765625,1892280000
2001-05-09,2156.6298828125,2156.6298828125,2189.030029296875,2141.429931640625,2162.300048828125,1793520000
2001-05-10,2128.860107421875,2128.860107421875,2197.030029296875,2128.68994140625,2195.52001953125,1741690000
2001-05-11,2107.429931640625,2107.429931640625,2140.3701171875,2097.360107421875,2130.739990234375,1430930000
2001-05-14,2081.919921875,2081.919921875,2105.3798828125,2052.409912109375,2105.360107421875,1338540000
2001-05-15,2085.580078125,2085.580078125,2125.320068359375,2077.5,2086.97998046875,1710620000
2001-05-16,2166.43994140625,2166.43994140625,2171.219970703125,2057.989990234375,2067.60009765625,2078580000
2001-05-17,2193.679931640625,2193.679931640625,2216.360107421875,2167.719970703125,2170.010009765625,2154310000
2001-05-18,2198.8798828125,2198.8798828125,2205.64990234375,2172.47998046875,2182.56005859375,1792620000
2001-05-21,2305.590087890625,2305.590087890625,2305.72998046875,2198.139892578125,2201.449951171875,2311480000
2001-05-22,2313.85009765625,2313.85009765625,2328.050048828125,2291.909912109375,2319.179931640625,2314800000
2001-05-23,2243.47998046875,2243.47998046875,2299.75,2243.4599609375,2299.75,1886790000
2001-05-24,2282.02001953125,2282.02001953125,2282.18994140625,2226.260009765625,2250.0400390625,1864570000
2001-05-25,2251.030029296875,2251.030029296875,2282.429931640625,2242.860107421875,2281.179931640625,1385410000
2001-05-29,2175.5400390625,2175.5400390625,2239.919921875,2170.580078125,2239.919921875,1621060000
2001-05-30,2084.5,2084.5,2137.669921875,2077.97998046875,2136.949951171875,1991230000
2001-05-31,2110.489990234375,2110.489990234375,2140.070068359375,2092.47998046875,2092.530029296875,1833070000
2001-06-01,2149.43994140625,2149.43994140625,2157.800048828125,2101.260009765625,2131.1201171875,1555300000
2001-06-04,2155.929931640625,2155.929931640625,2174.159912109375,2136.6298828125,2164.699951171875,1320350000
2001-06-05,2233.659912109375,2233.659912109375,2244.22998046875,2167.239990234375,2167.31005859375,1845100000
2001-06-06,2217.72998046875,2217.72998046875,2249.719970703125,2204.8798828125,2239.860107421875,1771940000
2001-06-07,2264.0,2264.0,2264.580078125,2205.85009765625,2208.030029296875,1660520000
2001-06-08,2215.10009765625,2215.10009765625,2263.75,2202.27001953125,2263.75,1437730000
2001-06-11,2170.780029296875,2170.780029296875,2205.409912109375,2150.75,2205.409912109375,1418630000
2001-06-12,2169.949951171875,2169.949951171875,2184.199951171875,2105.260009765625,2133.56005859375,1713560000
2001-06-13,2121.659912109375,2121.659912109375,2187.159912109375,2121.3798828125,2175.6201171875,1546790000
2001-06-14,2044.0699462890625,2044.0699462890625,2101.050048828125,2043.3599853515625,2100.739990234375,1763760000
2001-06-15,2028.4300537109375,2028.4300537109375,2048.320068359375,1992.3900146484375,2017.800048828125,2109340000
2001-06-18,1988.6300048828125,1988.6300048828125,2046.6300048828125,1987.1700439453125,2035.3399658203125,1567770000
2001-06-19,1992.6600341796875,1992.6600341796875,2057.18994140625,1978.25,2046.0400390625,1980650000
2001-06-20,2031.239990234375,2031.239990234375,2032.6700439453125,1973.699951171875,1974.1099853515625,2110760000
2001-06-21,2058.760009765625,2058.760009765625,2077.429931640625,2014.3299560546875,2026.300048828125,2180500000
2001-06-22,2034.8399658203125,2034.8399658203125,2074.830078125,2028.0699462890625,2062.0,1714580000
2001-06-25,2050.8701171875,2050.8701171875,2060.06005859375,2026.4000244140625,2054.340087890625,1481730000
2001-06-26,2064.6201171875,2064.6201171875,2068.14990234375,2017.3399658203125,2022.8599853515625,1657380000
2001-06-27,2074.739990234375,2074.739990234375,2084.39990234375,2048.8798828125,2068.2900390625,1716400000
2001-06-28,2125.4599609375,2125.4599609375,2157.320068359375,2096.8798828125,2096.8798828125,1952960000
2001-06-29,2160.5400390625,2160.5400390625,2180.110107421875,2118.110107421875,2129.889892578125,2071630000
2001-07-02,2148.719970703125,2148.719970703125,2181.050048828125,2140.64990234375,2156.760009765625,1513420000
2001-07-03,2140.800048828125,2140.800048828125,2148.179931640625,2123.75,2137.10009765625,868430000
2001-07-05,2080.110107421875,2080.110107421875,2130.9599609375,2079.830078125,2122.889892578125,1290680000
2001-07-06,2004.1600341796875,2004.1600341796875,2060.72998046875,2001.8199462890625,2060.72998046875,1441420000
2001-07-09,2026.7099609375,2026.7099609375,2038.1700439453125,2000.0799560546875,2010.969970703125,1399630000
2001-07-10,1962.7900390625,1962.7900390625,2045.1199951171875,1960.1500244140625,2043.6099853515625,1663970000
2001-07-11,1972.0400390625,1972.0400390625,1975.7900390625,1934.6700439453125,1954.719970703125,1770290000
2001-07-12,2075.739990234375,2075.739990234375,2080.1298828125,2031.8399658203125,2033.219970703125,1888690000
2001-07-13,2084.7900390625,2084.7900390625,2105.14990234375,2055.56005859375,2068.219970703125,1561760000
2001-07-16,2029.1199951171875,2029.1199951171875,2091.679931640625,2025.4100341796875,2078.530029296875,1489350000
2001-07-17,2067.320068359375,2067.320068359375,2067.43994140625,2006.800048828125,2017.469970703125,1695690000
2001-07-18,2016.1700439453125,2016.1700439453125,2056.06005859375,2003.949951171875,2035.0899658203125,1738120000
2001-07-19,2046.5899658203125,2046.5899658203125,2079.330078125,2027.1099853515625,2042.3199462890625,1906220000
2001-07-20,2029.3699951171875,2029.3699951171875,2035.52001953125,2009.56005859375,2015.22998046875,1642120000
2001-07-23,1988.56005859375,1988.56005859375,2047.8499755859375,1987.510009765625,2043.8399658203125,1356540000
2001-07-24,1959.239990234375,1959.239990234375,1994.030029296875,1939.280029296875,1980.3699951171875,1601500000
2001-07-25,1984.3199462890625,1984.3199462890625,1984.97998046875,1942.5799560546875,1962.6800537109375,1675490000
2001-07-26,2022.9599609375,2022.9599609375,2025.8800048828125,1963.2099609375,1980.030029296875,1765390000
2001-07-27,2029.0699462890625,2029.0699462890625,2039.1500244140625,2009.93994140625,2020.5799560546875,1583800000
2001-07-30,2017.8399658203125,2017.8399658203125,2039.010009765625,2009.93994140625,2034.1099853515625,1338230000
2001-07-31,2027.1300048828125,2027.1300048828125,2057.10009765625,2014.06005859375,2023.969970703125,1621790000
2001-08-01,2068.3798828125,2068.3798828125,2078.360107421875,2045.1300048828125,2051.56005859375,1784220000
2001-08-02,2087.3798828125,2087.3798828125,2103.159912109375,2061.75,2092.52001953125,1675930000
2001-08-03,2066.330078125,2066.330078125,2079.14990234375,2047.6199951171875,2079.14990234375,1245120000
2001-08-06,2034.260009765625,2034.260009765625,2053.60009765625,2032.510009765625,2047.8599853515625,1106550000
2001-08-07,2027.7900390625,2027.7900390625,2043.47998046875,2013.75,2026.8399658203125,1318020000
2001-08-08,1966.3599853515625,1966.3599853515625,2038.6400146484375,1958.6700439453125,2015.75,1661690000
2001-08-09,1963.3199462890625,1963.3199462890625,1971.6099853515625,1941.239990234375,1962.47998046875,1457150000
2001-08-10,1956.469970703125,1956.469970703125,1967.030029296875,1915.989990234375,1957.3399658203125,1372690000
2001-08-13,1982.25,1982.25,1986.3299560546875,1951.4599609375,1963.0400390625,1147040000
2001-08-14,1964.530029296875,1964.530029296875,1998.5899658203125,1961.530029296875,1990.8299560546875,1231860000
2001-08-15,1918.8900146484375,1918.8900146484375,1975.1800537109375,1918.739990234375,1964.199951171875,1463930000
2001-08-16,1930.3199462890625,1930.3199462890625,1930.4599609375,1879.0699462890625,1899.9000244140625,1613790000
2001-08-17,1867.010009765625,1867.010009765625,1903.72998046875,1862.760009765625,1895.4200439453125,1301510000
2001-08-20,1881.3499755859375,1881.3499755859375,1881.6199951171875,1854.9599609375,1866.2900390625,1165790000
2001-08-21,1831.300048828125,1831.300048828125,1893.3900146484375,1831.280029296875,1883.43994140625,1325960000
2001-08-22,1860.010009765625,1860.010009765625,1860.02001953125,1817.699951171875,1851.75,1550540000
2001-08-23,1842.969970703125,1842.969970703125,1883.47998046875,1842.510009765625,1857.52001953125,1456290000
2001-08-24,1916.800048828125,1916.800048828125,1916.8299560546875,1857.72998046875,1863.3199462890625,1495650000
2001-08-27,1912.4100341796875,1912.4100341796875,1933.93994140625,1897.6300048828125,1912.699951171875,1195290000
2001-08-28,1864.97998046875,1864.97998046875,1916.280029296875,1864.719970703125,1912.6700439453125,1433940000
2001-08-29,1843.1700439453125,1843.1700439453125,1879.760009765625,1833.6500244140625,1875.43994140625,1466700000
2001-08-30,1791.6800537109375,1791.6800537109375,1833.2900390625,1777.1099853515625,1817.18994140625,1734810000
2001-08-31,1805.4300537109375,1805.4300537109375,1817.719970703125,1782.0999755859375,1784.260009765625,1232880000
2001-09-04,1770.780029296875,1770.780029296875,1836.18994140625,1770.760009765625,1802.2900390625,1536580000
2001-09-05,1759.010009765625,1759.010009765625,1782.5,1715.8599853515625,1771.75,1950580000
2001-09-06,1705.6400146484375,1705.6400146484375,1753.8299560546875,1702.9200439453125,1736.199951171875,1887800000
2001-09-07,1687.699951171875,1687.699951171875,1724.5699462890625,1676.4200439453125,1694.02001953125,1712760000
2001-09-10,1695.3800048828125,1695.3800048828125,1702.1199951171875,1669.93994140625,1673.780029296875,1612970000
2001-09-17,1579.550048828125,1579.550048828125,1629.0999755859375,1579.280029296875,1613.8299560546875,2254620000
2001-09-18,1555.0799560546875,1555.0799560546875,1605.06005859375,1548.8499755859375,1591.77001953125,1864980000
2001-09-19,1527.800048828125,1527.800048828125,1568.219970703125,1451.31005859375,1560.52001953125,2464030000
2001-09-20,1470.9300537109375,1470.9300537109375,1513.239990234375,1467.0999755859375,1494.93994140625,2804660000
2001-09-21,1423.18994140625,1423.18994140625,1454.0400390625,1387.06005859375,1395.7900390625,2588150000
2001-09-24,1499.4000244140625,1499.4000244140625,1507.510009765625,1459.469970703125,1459.469970703125,2052290000
2001-09-25,1501.6400146484375,1501.6400146484375,1528.3299560546875,1480.68994140625,1505.52001953125,2181960000
2001-09-26,1464.0400390625,1464.0400390625,1516.1199951171875,1458.3399658203125,1514.760009765625,1760620000
2001-09-27,1460.7099609375,1460.7099609375,1465.699951171875,1418.1500244140625,1456.800048828125,2043090000
2001-09-28,1498.800048828125,1498.800048828125,1499.5799560546875,1466.780029296875,1472.56005859375,2114360000
2001-10-01,1480.4599609375,1480.4599609375,1491.449951171875,1458.4100341796875,1491.449951171875,1505140000
2001-10-02,1492.3299560546875,1492.3299560546875,1504.239990234375,1473.1300048828125,1479.010009765625,1784730000
2001-10-03,1580.81005859375,1580.81005859375,1595.47998046875,1473.219970703125,1479.27001953125,2713300000
2001-10-04,1597.31005859375,1597.31005859375,1641.56005859375,1581.0799560546875,1602.5999755859375,2558580000
2001-10-05,1605.300048828125,1605.300048828125,1608.760009765625,1548.81005859375,1586.4000244140625,1836380000
2001-10-08,1605.949951171875,1605.949951171875,1621.1099853515625,1574.6500244140625,1582.9300537109375,1417520000
2001-10-09,1570.18994140625,1570.18994140625,1607.199951171875,1565.969970703125,1604.1099853515625,1527430000
2001-10-10,1626.260009765625,1626.260009765625,1626.989990234375,1558.81005859375,1563.9599609375,1857510000
2001-10-11,1701.469970703125,1701.469970703125,1701.47998046875,1649.550048828125,1649.550048828125,2532940000
2001-10-12,1703.4000244140625,1703.4000244140625,1707.4300537109375,1651.239990234375,1690.2099609375,2185970000
2001-10-15,1696.31005859375,1696.31005859375,1698.239990234375,1663.780029296875,1684.0400390625,1586210000
2001-10-16,1722.0699462890625,1722.0699462890625,1722.8499755859375,1690.5400390625,1704.75,1843310000
2001-10-17,1646.3399658203125,1646.3399658203125,1754.010009765625,1646.3399658203125,1752.93994140625,2292410000
2001-10-18,1652.719970703125,1652.719970703125,1668.0,1634.719970703125,1648.68994140625,1793870000
2001-10-19,1671.31005859375,1671.31005859375,1675.199951171875,1628.239990234375,1644.489990234375,1591110000
2001-10-22,1708.0799560546875,1708.0799560546875,1708.0899658203125,1660.219970703125,1666.0799560546875,1530830000
2001-10-23,1704.43994140625,1704.43994140625,1739.469970703125,1695.219970703125,1720.5400390625,1839490000
2001-10-24,1731.5400390625,1731.5400390625,1736.1700439453125,1697.68994140625,1707.52001953125,1895000000
2001-10-25,1775.469970703125,1775.469970703125,1775.510009765625,1683.6099853515625,1708.489990234375,2259620000
2001-10-26,1768.9599609375,1768.9599609375,1792.8699951171875,1763.0,1763.780029296875,1999200000
2001-10-29,1699.52001953125,1699.52001953125,1767.969970703125,1699.4000244140625,1763.4200439453125,1659170000
2001-10-30,1667.4100341796875,1667.4100341796875,1686.6800537109375,1646.300048828125,1682.300048828125,1778560000
2001-10-31,1690.199951171875,1690.199951171875,1721.68994140625,1677.7099609375,1690.1199951171875,1897610000
2001-11-01,1746.300048828125,1746.300048828125,1746.6500244140625,1683.989990234375,1705.52001953125,1784910000
2001-11-02,1745.72998046875,1745.72998046875,1759.6500244140625,1726.6099853515625,1741.3699951171875,1643860000
2001-11-05,1793.6500244140625,1793.6500244140625,1801.550048828125,1768.2900390625,1768.2900390625,1734250000
2001-11-06,1835.0799560546875,1835.0799560546875,1835.489990234375,1777.9100341796875,1786.9200439453125,1945510000
2001-11-07,1837.530029296875,1837.530029296875,1868.31005859375,1820.280029296875,1821.0400390625,2065810000
2001-11-08,1827.77001953125,1827.77001953125,1888.3900146484375,1816.56005859375,1855.6800537109375,2300720000
2001-11-09,1828.47998046875,1828.47998046875,1838.3800048828125,1809.2900390625,1824.72998046875,1524360000
2001-11-12,1840.1300048828125,1840.1300048828125,1848.0,1782.47998046875,1826.25,1594470000
2001-11-13,1892.1099853515625,1892.1099853515625,1893.9200439453125,1867.27001953125,1871.469970703125,2189000000
2001-11-14,1903.18994140625,1903.18994140625,1922.449951171875,1875.27001953125,1910.449951171875,2175590000
2001-11-15,1900.5699462890625,1900.5699462890625,1922.1199951171875,1882.8399658203125,1891.3599853515625,2025550000
2001-11-16,1898.5799560546875,1898.5799560546875,1908.2099609375,1882.530029296875,1903.47998046875,1714140000
2001-11-19,1934.4200439453125,1934.4200439453125,1934.699951171875,1905.3599853515625,1912.47998046875,1924900000
2001-11-20,1880.510009765625,1880.510009765625,1930.2099609375,1877.7900390625,1926.469970703125,1988580000
2001-11-21,1875.050048828125,1875.050048828125,1884.489990234375,1853.6700439453125,1873.5999755859375,1577590000
2001-11-23,1903.199951171875,1903.199951171875,1905.5799560546875,1873.6400146484375,1878.9100341796875,569820000
2001-11-26,1941.22998046875,1941.22998046875,1941.31005859375,1906.8900146484375,1914.530029296875,1734130000
2001-11-27,1935.969970703125,1935.969970703125,1965.0899658203125,1902.8900146484375,1931.5899658203125,2137420000
2001-11-28,1887.969970703125,1887.969970703125,1941.7900390625,1887.969970703125,1921.5999755859375,1905150000
2001-11-29,1933.260009765625,1933.260009765625,1933.4599609375,1889.2900390625,1898.6300048828125,1957120000
2001-11-30,1930.5799560546875,1930.5799560546875,1941.93994140625,1916.72998046875,1929.2900390625,1831850000
2001-12-03,1904.9000244140625,1904.9000244140625,1925.3499755859375,1898.97998046875,1915.1300048828125,1496760000
2001-12-04,1963.0999755859375,1963.0999755859375,1963.219970703125,1913.9200439453125,1917.6600341796875,1908630000
2001-12-05,2046.8399658203125,2046.8399658203125,2056.81005859375,1980.300048828125,1980.300048828125,2777500000
2001-12-06,2054.27001953125,2054.27001953125,2065.68994140625,2037.6400146484375,2045.219970703125,2212470000
2001-12-07,2021.260009765625,2021.260009765625,2046.989990234375,2002.3399658203125,2043.6800537109375,1916720000
2001-12-10,1992.1199951171875,1992.1199951171875,2036.5400390625,1989.6800537109375,2007.6700439453125,1679480000
2001-12-11,2001.9300537109375,2001.9300537109375,2032.6300048828125,1995.0899658203125,2009.9300537109375,1965200000
2001-12-12,2011.3800048828125,2011.3800048828125,2022.760009765625,1975.6500244140625,2007.47998046875,1895290000
2001-12-13,1946.510009765625,1946.510009765625,1985.7900390625,1945.2900390625,1979.8399658203125,2095820000
2001-12-14,1953.1700439453125,1953.1700439453125,1965.739990234375,1934.5999755859375,1945.1800537109375,1900020000
2001-12-17,1987.449951171875,1987.449951171875,1994.47998046875,1950.93994140625,1950.93994140625,1840920000
2001-12-18,2004.760009765625,2004.760009765625,2010.9100341796875,1989.81005859375,1998.3599853515625,1852020000
2001-12-19,1982.8900146484375,1982.8900146484375,2007.760009765625,1971.0699462890625,1981.6500244140625,1919850000
2001-12-20,1918.5400390625,1918.5400390625,1972.3199462890625,1918.5,1969.0,2043110000
2001-12-21,1945.8299560546875,1945.8299560546875,1954.469970703125,1931.8699951171875,1941.550048828125,2359670000
2001-12-24,1944.47998046875,1944.47998046875,1953.9000244140625,1942.0699462890625,1946.8399658203125,564380000
2001-12-26,1960.699951171875,1960.699951171875,1983.8399658203125,1948.77001953125,1948.77001953125,1127350000
2001-12-27,1976.4200439453125,1976.4200439453125,1982.72998046875,1962.1199951171875,1967.3199462890625,1241060000
2001-12-28,1987.260009765625,1987.260009765625,2002.719970703125,1982.3699951171875,1985.7099609375,1328290000
2001-12-31,1950.4000244140625,1950.4000244140625,1989.1700439453125,1950.4000244140625,1984.31005859375,1414840000
2002-01-02,1979.25,1979.25,1979.260009765625,1936.56005859375,1965.1800537109375,1517670000
2002-01-03,2044.27001953125,2044.27001953125,2044.56005859375,1987.06005859375,1987.06005859375,2209630000
2002-01-04,2059.3798828125,2059.3798828125,2077.889892578125,2033.56005859375,2061.830078125,2205610000
2002-01-07,2037.0999755859375,2037.0999755859375,2081.090087890625,2036.8599853515625,2075.239990234375,2121110000
2002-01-08,2055.739990234375,2055.739990234375,2060.22998046875,2027.3399658203125,2039.4200439453125,1873670000
2002-01-09,2044.8900146484375,2044.8900146484375,2098.8798828125,2034.0899658203125,2074.320068359375,2321450000
2002-01-10,2047.239990234375,2047.239990234375,2055.889892578125,2026.050048828125,2045.1300048828125,1761640000
2002-01-11,2022.4599609375,2022.4599609375,2058.77001953125,2018.6800537109375,2049.5,1625530000
2002-01-14,1990.739990234375,1990.739990234375,2018.4200439453125,1979.93994140625,2012.5899658203125,1801650000
2002-01-15,2000.9100341796875,2000.9100341796875,2011.25,1977.280029296875,1994.8800048828125,1675150000
2002-01-16,1944.43994140625,1944.43994140625,1981.81005859375,1944.3199462890625,1976.4200439453125,1917270000
2002-01-17,1985.8199462890625,1985.8199462890625,1985.8299560546875,1954.06005859375,1968.699951171875,1893110000
2002-01-18,1930.3399658203125,1930.3399658203125,1964.739990234375,1922.699951171875,1943.56005859375,1693010000
2002-01-22,1882.530029296875,1882.530029296875,1947.4100341796875,1882.1400146484375,1946.8699951171875,1817220000
2002-01-23,1922.3800048828125,1922.3800048828125,1925.1500244140625,1879.239990234375,1889.530029296875,1871120000
2002-01-24,1942.5799560546875,1942.5799560546875,1959.9300537109375,1936.3399658203125,1937.6700439453125,1907870000
2002-01-25,1937.699951171875,1937.699951171875,1951.7900390625,1923.06005859375,1929.1500244140625,1655310000
2002-01-28,1943.9100341796875,1943.9100341796875,1958.9599609375,1925.4300537109375,1951.1199951171875,1482080000
2002-01-29,1892.989990234375,1892.989990234375,1959.050048828125,1883.489990234375,1947.0899658203125,1875380000
2002-01-30,1913.43994140625,1913.43994140625,1913.6600341796875,1851.489990234375,1897.72998046875,2066970000
2002-01-31,1934.030029296875,1934.030029296875,1935.1700439453125,1906.9000244140625,1924.56005859375,1803530000
2002-02-01,1911.239990234375,1911.239990234375,1942.1500244140625,1901.2099609375,1928.8299560546875,1710000000
2002-02-04,1855.530029296875,1855.530029296875,1907.5799560546875,1849.1300048828125,1907.5799560546875,1779030000
2002-02-05,1838.52001953125,1838.52001953125,1867.93994140625,1828.6700439453125,1844.6199951171875,2106870000
2002-02-06,1812.7099609375,1812.7099609375,1853.1300048828125,1805.010009765625,1853.1300048828125,2105480000
2002-02-07,1782.1099853515625,1782.1099853515625,1824.0699462890625,1781.72998046875,1809.4300537109375,1998300000
2002-02-08,1818.8800048828125,1818.8800048828125,1818.8800048828125,1772.1500244140625,1794.050048828125,1794710000
2002-02-11,1846.6600341796875,1846.6600341796875,1846.9300537109375,1815.3800048828125,1816.93994140625,1564830000
2002-02-12,1834.2099609375,1834.2099609375,1852.219970703125,1817.1300048828125,1829.530029296875,1621680000
2002-02-13,1859.1600341796875,1859.1600341796875,1862.4200439453125,1844.1199951171875,1844.7900390625,1600740000
2002-02-14,1843.3699951171875,1843.3699951171875,1877.739990234375,1840.780029296875,1863.469970703125,1679410000
2002-02-15,1805.199951171875,1805.199951171875,1847.0699462890625,1801.6700439453125,1844.8900146484375,1624720000
2002-02-19,1750.6099853515625,1750.6099853515625,1791.010009765625,1745.050048828125,1790.93994140625,1749170000
2002-02-20,1775.5699462890625,1775.5699462890625,1777.1800537109375,1729.199951171875,1762.4300537109375,1918210000
2002-02-21,1716.239990234375,1716.239990234375,1769.3699951171875,1716.239990234375,1763.8199462890625,1833750000
2002-02-22,1724.5400390625,1724.5400390625,1736.47998046875,1696.550048828125,1718.699951171875,1839340000
2002-02-25,1769.8800048828125,1769.8800048828125,1776.6099853515625,1730.9100341796875,1731.4300537109375,1666850000
2002-02-26,1766.8599853515625,1766.8599853515625,1788.75,1750.3599853515625,1777.5400390625,1670530000
2002-02-27,1751.8800048828125,1751.8800048828125,1793.72998046875,1741.47998046875,1783.2900390625,1823440000
2002-02-28,1731.489990234375,1731.489990234375,1773.199951171875,1728.6500244140625,1759.3299560546875,1935630000
2002-03-01,1802.739990234375,1802.739990234375,1802.8900146484375,1742.0799560546875,1745.489990234375,1902520000
2002-03-04,1859.3199462890625,1859.3199462890625,1859.719970703125,1789.719970703125,1799.6800537109375,2297630000
2002-03-05,1866.2900390625,1866.2900390625,1886.1500244140625,1849.75,1854.7099609375,2074650000
2002-03-06,1890.4000244140625,1890.4000244140625,1891.8299560546875,1841.31005859375,1859.280029296875,1907080000
2002-03-07,1881.6300048828125,1881.6300048828125,1910.699951171875,1865.06005859375,1903.239990234375,1898190000
2002-03-08,1929.6700439453125,1929.6700439453125,1935.0899658203125,1908.0899658203125,1908.0899658203125,2059420000
2002-03-11,1929.489990234375,1929.489990234375,1946.22998046875,1905.9300537109375,1919.72998046875,1763950000
2002-03-12,1897.1199951171875,1897.1199951171875,1899.010009765625,1879.4200439453125,1888.6800537109375,1750150000
2002-03-13,1862.030029296875,1862.030029296875,1886.27001953125,1858.449951171875,1879.969970703125,1664240000
2002-03-14,1854.1400146484375,1854.1400146484375,1873.010009765625,1851.3800048828125,1863.0999755859375,1492130000
2002-03-15,1868.300048828125,1868.300048828125,1871.3900146484375,1845.9300537109375,1854.3399658203125,1698800000
2002-03-18,1877.06005859375,1877.06005859375,1893.260009765625,1861.1099853515625,1882.72998046875,1547190000
2002-03-19,1880.8699951171875,1880.8699951171875,1891.510009765625,1873.1700439453125,1881.1300048828125,1521620000
2002-03-20,1832.8699951171875,1832.8699951171875,1861.7900390625,1832.8699951171875,1860.280029296875,1554640000
2002-03-21,1868.8299560546875,1868.8299560546875,1870.1600341796875,1825.989990234375,1835.2099609375,1601590000
2002-03-22,1851.3900146484375,1851.3900146484375,1873.3199462890625,1848.1500244140625,1865.1800537109375,1504960000
2002-03-25,1812.489990234375,1812.489990234375,1863.050048828125,1812.4200439453125,1855.6500244140625,1429310000
2002-03-26,1824.1700439453125,1824.1700439453125,1843.9599609375,1807.469970703125,1808.8699951171875,1662170000
2002-03-27,1826.75,1826.75,1832.010009765625,1811.6400146484375,1817.219970703125,1624230000
2002-03-28,1845.3499755859375,1845.3499755859375,1852.8499755859375,1833.3299560546875,1836.25,1664900000
2002-04-01,1862.6199951171875,1862.6199951171875,1865.3699951171875,1817.25,1834.5899658203125,1554790000
2002-04-02,1804.4000244140625,1804.4000244140625,1839.3699951171875,1804.4000244140625,1836.030029296875,1701240000
2002-04-03,1784.3499755859375,1784.3499755859375,1813.3599853515625,1770.6099853515625,1809.5899658203125,1704190000
2002-04-04,1789.75,1789.75,1800.8299560546875,1770.1600341796875,1776.530029296875,1731670000
2002-04-05,1770.030029296875,1770.030029296875,1803.2099609375,1769.949951171875,1796.9200439453125,1508100000
2002-04-08,1785.8699951171875,1785.8699951171875,1786.4000244140625,1733.8399658203125,1741.0999755859375,1599200000
2002-04-09,1742.5699462890625,1742.5699462890625,1795.6199951171875,1742.4000244140625,1789.1400146484375,1662760000
2002-04-10,1767.0699462890625,1767.0699462890625,1772.0,1733.68994140625,1751.5699462890625,1965420000
2002-04-11,1725.239990234375,1725.239990234375,1762.280029296875,1724.1500244140625,1757.010009765625,1707140000
2002-04-12,1756.18994140625,1756.18994140625,1756.3299560546875,1728.52001953125,1738.9599609375,1532480000
2002-04-15,1753.780029296875,1753.780029296875,1769.0400390625,1740.6099853515625,1761.949951171875,1327230000
2002-04-16,1816.7900390625,1816.7900390625,1816.9100341796875,1779.2900390625,1779.2900390625,1791490000
2002-04-17,1810.6700439453125,1810.6700439453125,1832.010009765625,1804.6500244140625,1829.5799560546875,1931060000
2002-04-18,1802.4300537109375,1802.4300537109375,1818.7900390625,1778.0999755859375,1806.280029296875,1866140000
2002-04-19,1796.8299560546875,1796.8299560546875,1816.6199951171875,1795.27001953125,1816.3499755859375,1681640000
2002-04-22,1758.6800537109375,1758.6800537109375,1779.1800537109375,1747.6500244140625,1779.1800537109375,1703120000
2002-04-23,1730.2900390625,1730.2900390625,1762.93994140625,1723.9300537109375,1757.9200439453125,1957900000
2002-04-24,1713.3399658203125,1713.3399658203125,1746.52001953125,1711.1099853515625,1739.1300048828125,1923230000
2002-04-25,1713.699951171875,1713.699951171875,1724.010009765625,1697.27001953125,1705.800048828125,1971760000
2002-04-26,1663.8900146484375,1663.8900146484375,1728.52001953125,1663.780029296875,1722.8299560546875,1893790000
2002-04-29,1656.9300537109375,1656.9300537109375,1678.56005859375,1640.969970703125,1668.52001953125,1842550000
2002-04-30,1688.22998046875,1688.22998046875,1697.030029296875,1652.9300537109375,1655.02001953125,2091610000
2002-05-01,1677.530029296875,1677.530029296875,1687.56005859375,1643.239990234375,1683.760009765625,2189110000
2002-05-02,1644.8199462890625,1644.8199462890625,1695.0699462890625,1640.800048828125,1673.719970703125,2060340000
2002-05-03,1613.030029296875,1613.030029296875,1643.8699951171875,1605.969970703125,1643.1700439453125,1990950000
2002-05-06,1578.47998046875,1578.47998046875,1622.8299560546875,1577.9300537109375,1611.050048828125,1776080000
2002-05-07,1573.8199462890625,1573.8199462890625,1594.5699462890625,1560.2900390625,1589.5799560546875,2139130000
2002-05-08,1696.2900390625,1696.2900390625,1696.3499755859375,1625.72998046875,1625.72998046875,2403240000
2002-05-09,1650.489990234375,1650.489990234375,1692.5799560546875,1650.4599609375,1684.43994140625,1788460000
2002-05-10,1600.8499755859375,1600.8499755859375,1657.449951171875,1599.6400146484375,1657.1800537109375,1839130000
2002-05-13,1652.5400390625,1652.5400390625,1653.0999755859375,1602.5999755859375,1611.260009765625,1648780000
2002-05-14,1719.050048828125,1719.050048828125,1722.6600341796875,1691.4200439453125,1694.1500244140625,2603120000
2002-05-15,1725.56005859375,1725.56005859375,1759.3299560546875,1694.3399658203125,1705.449951171875,2266100000
2002-05-16,1730.43994140625,1730.43994140625,1734.7099609375,1713.81005859375,1723.68994140625,1644660000
2002-05-17,1741.3900146484375,1741.3900146484375,1754.219970703125,1723.06005859375,1745.1700439453125,1648910000
2002-05-20,1701.5899658203125,1701.5899658203125,1726.8900146484375,1696.1099853515625,1726.780029296875,1429300000
2002-05-21,1664.1800537109375,1664.1800537109375,1717.9300537109375,1660.219970703125,1708.5699462890625,1660880000
2002-05-22,1673.449951171875,1673.449951171875,1676.6400146484375,1643.9599609375,1654.3399658203125,1734730000
2002-05-23,1697.6300048828125,1697.6300048828125,1697.77001953125,1651.8900146484375,1678.4200439453125,1762570000
2002-05-24,1661.489990234375,1661.489990234375,1681.0999755859375,1658.780029296875,1680.6600341796875,1210890000
2002-05-28,1652.1700439453125,1652.1700439453125,1671.3499755859375,1632.75,1670.3499755859375,1319250000
2002-05-29,1624.3900146484375,1624.3900146484375,1644.2900390625,1624.31005859375,1639.27001953125,1418900000
2002-05-30,1631.9200439453125,1631.9200439453125,1637.6500244140625,1607.300048828125,1613.4200439453125,1585850000
2002-05-31,1615.72998046875,1615.72998046875,1651.469970703125,1615.6199951171875,1641.0999755859375,1682430000
2002-06-03,1562.56005859375,1562.56005859375,1621.5,1561.1700439453125,1613.5,1623120000
2002-06-04,1578.1199951171875,1578.1199951171875,1587.7900390625,1548.31005859375,1559.25,1881400000
2002-06-05,1595.260009765625,1595.260009765625,1595.4200439453125,1563.550048828125,1580.06005859375,1632920000
2002-06-06,1554.8800048828125,1554.8800048828125,1584.06005859375,1550.719970703125,1583.6500244140625,1630260000
2002-06-07,1535.47998046875,1535.47998046875,1549.1700439453125,1495.81005859375,1500.1500244140625,2111740000
2002-06-10,1530.68994140625,1530.68994140625,1551.800048828125,1526.9599609375,1536.97998046875,1518260000
2002-06-11,1497.1800537109375,1497.1800537109375,1547.5,1496.6600341796875,1542.1600341796875,1697040000
2002-06-12,1519.1199951171875,1519.1199951171875,1519.1600341796875,1474.56005859375,1491.3599853515625,2057320000
2002-06-13,1496.8800048828125,1496.8800048828125,1526.4100341796875,1495.6400146484375,1512.22998046875,1566910000
2002-06-14,1504.739990234375,1504.739990234375,1507.010009765625,1445.43994140625,1471.969970703125,1827730000
2002-06-17,1553.2900390625,1553.2900390625,1555.0699462890625,1519.260009765625,1519.6500244140625,1591840000
2002-06-18,1542.9599609375,1542.9599609375,1567.989990234375,1542.77001953125,1544.18994140625,1589760000
2002-06-19,1496.8299560546875,1496.8299560546875,1538.3599853515625,1496.0799560546875,1531.050048828125,1726700000
2002-06-20,1464.75,1464.75,1503.010009765625,1461.5899658203125,1494.800048828125,1709470000
2002-06-21,1440.9599609375,1440.9599609375,1480.050048828125,1435.8499755859375,1456.6099853515625,1962900000
2002-06-24,1460.3399658203125,1460.3399658203125,1476.56005859375,1414.68994140625,1429.56005859375,2050610000
2002-06-25,1423.989990234375,1423.989990234375,1475.5799560546875,1419.25,1472.18994140625,1880680000
2002-06-26,1429.3299560546875,1429.3299560546875,1436.5699462890625,1375.530029296875,1379.8699951171875,2061740000
2002-06-27,1459.199951171875,1459.199951171875,1459.4100341796875,1412.9599609375,1446.3699951171875,1942590000
2002-06-28,1463.2099609375,1463.2099609375,1486.25,1454.7099609375,1454.97998046875,2575240000
2002-07-01,1403.800048828125,1403.800048828125,1459.8399658203125,1402.510009765625,1457.0400390625,2320650000
2002-07-02,1357.8199462890625,1357.8199462890625,1396.25,1356.030029296875,1395.3699951171875,2722550000
2002-07-03,1380.1700439453125,1380.1700439453125,1380.3800048828125,1336.06005859375,1348.6099853515625,2661060000
2002-07-05,1448.3599853515625,1448.3599853515625,1448.6600341796875,1401.030029296875,1401.030029296875,1120960000
2002-07-08,1405.6099853515625,1405.6099853515625,1452.56005859375,1401.280029296875,1439.8499755859375,1708150000
2002-07-09,1381.1199951171875,1381.1199951171875,1415.31005859375,1379.5699462890625,1405.3699951171875,1704220000
2002-07-10,1346.010009765625,1346.010009765625,1396.949951171875,1345.219970703125,1396.6700439453125,1846320000
2002-07-11,1374.4300537109375,1374.4300537109375,1375.5799560546875,1323.5899658203125,1339.6500244140625,2298330000
2002-07-12,1373.5,1373.5,1402.449951171875,1363.1099853515625,1391.300048828125,2009340000
2002-07-15,1382.6199951171875,1382.6199951171875,1382.699951171875,1315.300048828125,1365.7900390625,2117700000
2002-07-16,1375.260009765625,1375.260009765625,1407.5899658203125,1364.8800048828125,1371.9100341796875,2379260000
2002-07-17,1397.25,1397.25,1426.280029296875,1370.2099609375,1408.0999755859375,2338390000
2002-07-18,1356.949951171875,1356.949951171875,1395.2900390625,1356.800048828125,1390.4100341796875,1842360000
2002-07-19,1319.1500244140625,1319.1500244140625,1350.2099609375,1309.93994140625,1336.3900146484375,2396800000
2002-07-22,1282.6500244140625,1282.6500244140625,1332.0999755859375,1272.4599609375,1309.8399658203125,2014410000
2002-07-23,1229.050048828125,1229.050048828125,1295.5899658203125,1228.8800048828125,1287.5899658203125,2238890000
2002-07-24,1290.22998046875,1290.22998046875,1290.4000244140625,1192.4200439453125,1203.8800048828125,2167790000
2002-07-25,1240.0799560546875,1240.0799560546875,1289.719970703125,1220.9300537109375,1277.1600341796875,2353210000
2002-07-26,1262.1199951171875,1262.1199951171875,1264.6700439453125,1234.4599609375,1250.719970703125,1691540000
2002-07-29,1335.25,1335.25,1335.25,1286.5400390625,1286.81005859375,1944170000
2002-07-30,1344.18994140625,1344.18994140625,1354.47998046875,1313.489990234375,1322.989990234375,1728270000
2002-07-31,1328.260009765625,1328.260009765625,1335.7900390625,1307.010009765625,1331.8199462890625,1633300000
2002-08-01,1280.0,1280.0,1326.0999755859375,1276.8800048828125,1322.469970703125,1548860000
2002-08-02,1247.9200439453125,1247.9200439453125,1282.06005859375,1235.5699462890625,1279.0999755859375,1419790000
2002-08-05,1206.010009765625,1206.010009765625,1247.8399658203125,1205.6800537109375,1243.3800048828125,1336720000
2002-08-06,1259.550048828125,1259.550048828125,1279.5699462890625,1224.800048828125,1224.800048828125,1535110000
2002-08-07,1280.9000244140625,1280.9000244140625,1298.1199951171875,1243.489990234375,1290.22998046875,1542880000
2002-08-08,1316.52001953125,1316.52001953125,1316.52001953125,1263.31005859375,1278.3399658203125,1523000000
2002-08-09,1306.1199951171875,1306.1199951171875,1322.0699462890625,1290.77001953125,1301.8299560546875,1313750000
2002-08-12,1306.8399658203125,1306.8399658203125,1311.4300537109375,1286.9100341796875,1293.8800048828125,1054220000
2002-08-13,1269.280029296875,1269.280029296875,1324.4300537109375,1268.989990234375,1300.72998046875,1570660000
2002-08-14,1334.300048828125,1334.300048828125,1334.31005859375,1265.18994140625,1273.93994140625,1629290000
2002-08-15,1345.010009765625,1345.010009765625,1350.9200439453125,1322.1099853515625,1339.5999755859375,1642850000
2002-08-16,1361.010009765625,1361.010009765625,1368.68994140625,1325.989990234375,1333.260009765625,1389180000
2002-08-19,1394.5400390625,1394.5400390625,1397.06005859375,1359.1400146484375,1362.2900390625,1489490000
2002-08-20,1376.5899658203125,1376.5899658203125,1389.8399658203125,1370.97998046875,1384.469970703125,1396290000
2002-08-21,1409.25,1409.25,1410.8800048828125,1378.0899658203125,1389.56005859375,1508530000
2002-08-22,1422.949951171875,1422.949951171875,1426.760009765625,1398.8299560546875,1410.75,1654080000
2002-08-23,1380.6199951171875,1380.6199951171875,1411.75,1377.6400146484375,1411.75,1365830000
2002-08-26,1391.739990234375,1391.739990234375,1394.239990234375,1360.4300537109375,1387.199951171875,1261360000
2002-08-27,1347.780029296875,1347.780029296875,1396.4000244140625,1346.2099609375,1395.0400390625,1432360000
2002-08-28,1314.3800048828125,1314.3800048828125,1340.010009765625,1312.25,1339.4200439453125,1351500000
2002-08-29,1335.77001953125,1335.77001953125,1345.3699951171875,1295.7900390625,1304.2099609375,1435190000
2002-08-30,1314.8499755859375,1314.8499755859375,1337.9200439453125,1314.68994140625,1326.050048828125,1089820000
2002-09-03,1263.8399658203125,1263.8399658203125,1302.6700439453125,1263.22998046875,1302.6700439453125,1394260000
2002-09-04,1292.31005859375,1292.31005859375,1294.6500244140625,1261.0,1268.6500244140625,1493510000
2002-09-05,1251.0,1251.0,1274.760009765625,1251.0,1274.760009765625,1520290000
2002-09-06,1295.300048828125,1295.300048828125,1304.02001953125,1280.27001953125,1280.27001953125,1320380000
2002-09-09,1304.5999755859375,1304.5999755859375,1310.3299560546875,1270.72998046875,1286.75,1247540000
2002-09-10,1320.0899658203125,1320.0899658203125,1322.4300537109375,1299.530029296875,1306.1300048828125,1441490000
2002-09-11,1315.449951171875,1315.449951171875,1347.27001953125,1314.9599609375,1328.3499755859375,1075670000
2002-09-12,1279.6800537109375,1279.6800537109375,1305.719970703125,1279.0899658203125,1305.719970703125,1192760000
2002-09-13,1291.4000244140625,1291.4000244140625,1292.3599853515625,1270.5899658203125,1272.93994140625,1265530000
2002-09-16,1275.8800048828125,1275.8800048828125,1292.72998046875,1267.68994140625,1286.8499755859375,1097330000
2002-09-17,1259.93994140625,1259.93994140625,1298.5,1258.8499755859375,1292.9100341796875,1500330000
2002-09-18,1252.1300048828125,1252.1300048828125,1263.9000244140625,1233.0799560546875,1244.52001953125,1570950000
2002-09-19,1216.449951171875,1216.449951171875,1242.9100341796875,1216.18994140625,1233.93994140625,1521130000
2002-09-20,1221.0899658203125,1221.0899658203125,1232.9599609375,1216.239990234375,1229.469970703125,1796000000
2002-09-23,1184.9300537109375,1184.9300537109375,1209.719970703125,1177.4100341796875,1209.1300048828125,1443330000
2002-09-24,1182.1700439453125,1182.1700439453125,1200.449951171875,1169.0400390625,1170.949951171875,1666020000
2002-09-25,1222.2900390625,1222.2900390625,1227.22998046875,1184.1199951171875,1195.5999755859375,1691640000
2002-09-26,1221.6099853515625,1221.6099853515625,1239.6199951171875,1206.9100341796875,1231.8499755859375,1664160000
2002-09-27,1199.1600341796875,1199.1600341796875,1235.0799560546875,1198.1199951171875,1213.77001953125,1444460000
2002-09-30,1172.06005859375,1172.06005859375,1190.739990234375,1160.0699462890625,1187.47998046875,1682900000
2002-10-01,1213.719970703125,1213.719970703125,1214.010009765625,1160.7099609375,1180.260009765625,1707860000
2002-10-02,1187.300048828125,1187.300048828125,1222.719970703125,1183.760009765625,1208.030029296875,1763700000
2002-10-03,1165.56005859375,1165.56005859375,1197.9599609375,1164.510009765625,1183.1099853515625,1647320000
2002-10-04,1139.9000244140625,1139.9000244140625,1175.75,1135.27001953125,1174.5799560546875,1587030000
2002-10-07,1119.4000244140625,1119.4000244140625,1145.7900390625,1113.3599853515625,1135.7900390625,1409850000
2002-10-08,1129.219970703125,1129.219970703125,1144.1300048828125,1109.6400146484375,1129.8199462890625,1836990000
2002-10-09,1114.1099853515625,1114.1099853515625,1135.8900146484375,1112.0799560546875,1117.1400146484375,1755730000
2002-10-10,1163.3699951171875,1163.3699951171875,1165.8299560546875,1108.489990234375,1116.760009765625,1837940000
2002-10-11,1210.469970703125,1210.469970703125,1220.1199951171875,1179.9000244140625,1179.9000244140625,1915390000
2002-10-14,1220.530029296875,1220.530029296875,1221.5999755859375,1193.4200439453125,1198.5,1204240000
2002-10-15,1282.43994140625,1282.43994140625,1282.739990234375,1259.8699951171875,1259.8699951171875,2009640000
2002-10-16,1232.4200439453125,1232.4200439453125,1253.6099853515625,1229.06005859375,1239.5400390625,1585220000
2002-10-17,1272.2900390625,1272.2900390625,1283.2099609375,1263.4599609375,1272.260009765625,1822740000
2002-10-18,1287.8599853515625,1287.8599853515625,1288.0799560546875,1253.43994140625,1270.1300048828125,1665970000
2002-10-21,1309.6700439453125,1309.6700439453125,1312.530029296875,1267.760009765625,1276.760009765625,1572970000
2002-10-22,1292.800048828125,1292.800048828125,1307.5999755859375,1280.6600341796875,1285.5400390625,1723340000
2002-10-23,1320.22998046875,1320.22998046875,1320.25,1279.4599609375,1288.239990234375,1598320000
2002-10-24,1298.7099609375,1298.7099609375,1330.989990234375,1296.5400390625,1325.0799560546875,1944060000
2002-10-25,1331.1300048828125,1331.1300048828125,1331.3299560546875,1297.1700439453125,1297.3299560546875,1470040000
2002-10-28,1315.8299560546875,1315.8299560546875,1346.2099609375,1310.6300048828125,1345.719970703125,1636190000
2002-10-29,1300.5400390625,1300.5400390625,1318.9300537109375,1279.18994140625,1313.1400146484375,1598410000
2002-10-30,1326.72998046875,1326.72998046875,1334.6300048828125,1300.550048828125,1307.489990234375,1675530000
2002-10-31,1329.75,1329.75,1347.5799560546875,1323.0899658203125,1330.72998046875,1761680000
2002-11-01,1360.699951171875,1360.699951171875,1360.8299560546875,1313.719970703125,1320.949951171875,1842870000
2002-11-04,1396.5400390625,1396.5400390625,1420.030029296875,1388.6800537109375,1394.5699462890625,2372480000
2002-11-05,1401.1700439453125,1401.1700439453125,1401.3699951171875,1379.3299560546875,1386.8699951171875,1704780000
2002-11-06,1418.989990234375,1418.989990234375,1419.0400390625,1386.52001953125,1408.219970703125,2189420000
2002-11-07,1376.7099609375,1376.7099609375,1400.0799560546875,1371.469970703125,1397.5400390625,1758820000
2002-11-08,1359.280029296875,1359.280029296875,1389.77001953125,1354.280029296875,1376.3699951171875,1603460000
2002-11-11,1319.18994140625,1319.18994140625,1355.0999755859375,1319.0699462890625,1355.0999755859375,1267420000
2002-11-12,1349.56005859375,1349.56005859375,1367.969970703125,1328.0799560546875,1328.0799560546875,1559650000
2002-11-13,1361.3299560546875,1361.3299560546875,1371.739990234375,1334.1300048828125,1342.219970703125,1901380000
2002-11-14,1411.52001953125,1411.52001953125,1411.6300048828125,1378.93994140625,1378.93994140625,1756210000
2002-11-15,1411.1400146484375,1411.1400146484375,1413.530029296875,1386.1400146484375,1396.1099853515625,1700890000
2002-11-18,1393.68994140625,1393.68994140625,1425.4200439453125,1393.6600341796875,1422.5400390625,1766300000
2002-11-19,1374.510009765625,1374.510009765625,1394.9300537109375,1367.760009765625,1387.1099853515625,1620330000
2002-11-20,1419.3499755859375,1419.3499755859375,1419.6400146484375,1375.4100341796875,1375.68994140625,1771370000
2002-11-21,1467.550048828125,1467.550048828125,1468.719970703125,1430.0799560546875,1431.1300048828125,2441730000
2002-11-22,1468.739990234375,1468.739990234375,1475.3499755859375,1449.5,1453.050048828125,1960160000
2002-11-25,1481.9000244140625,1481.9000244140625,1486.93994140625,1461.1300048828125,1470.6400146484375,1952400000
2002-11-26,1444.4300537109375,1444.4300537109375,1478.72998046875,1441.1199951171875,1473.22998046875,1927670000
2002-11-27,1487.93994140625,1487.93994140625,1491.449951171875,1462.6199951171875,1463.27001953125,1734500000
2002-11-29,1478.780029296875,1478.780029296875,1497.43994140625,1478.719970703125,1495.81005859375,841810000
2002-12-02,1484.780029296875,1484.780029296875,1521.43994140625,1474.5899658203125,1507.93994140625,1925550000
2002-12-03,1448.9599609375,1448.9599609375,1474.68994140625,1445.22998046875,1474.68994140625,1651510000
2002-12-04,1430.3499755859375,1430.3499755859375,1444.1800537109375,1412.9200439453125,1427.050048828125,1886070000
2002-12-05,1410.75,1410.75,1445.949951171875,1410.5799560546875,1444.739990234375,1462340000
2002-12-06,1422.43994140625,1422.43994140625,1430.3900146484375,1391.0999755859375,1395.1800537109375,1529800000
2002-12-09,1367.1400146484375,1367.1400146484375,1411.4000244140625,1367.0699462890625,1411.4000244140625,1496820000
2002-12-10,1390.760009765625,1390.760009765625,1397.8399658203125,1373.8900146484375,1374.56005859375,1470250000
2002-12-11,1396.5899658203125,1396.5899658203125,1407.1500244140625,1377.7099609375,1382.0999755859375,1423880000
2002-12-12,1399.550048828125,1399.550048828125,1411.68994140625,1388.510009765625,1407.02001953125,1408220000
2002-12-13,1362.4200439453125,1362.4200439453125,1387.7099609375,1362.4200439453125,1387.7099609375,1371410000
2002-12-16,1400.3299560546875,1400.3299560546875,1400.489990234375,1365.6600341796875,1367.739990234375,1406210000
2002-12-17,1392.050048828125,1392.050048828125,1408.1600341796875,1385.3699951171875,1396.3299560546875,1336750000
2002-12-18,1361.510009765625,1361.510009765625,1380.6300048828125,1355.550048828125,1380.6300048828125,1529600000
2002-12-19,1354.0999755859375,1354.0999755859375,1384.5799560546875,1346.1800537109375,1358.6099853515625,1654540000
2002-12-20,1363.050048828125,1363.050048828125,1370.7900390625,1358.800048828125,1364.18994140625,1992120000
2002-12-23,1381.68994140625,1381.68994140625,1384.2900390625,1358.2900390625,1359.9200439453125,1193060000
2002-12-24,1372.469970703125,1372.469970703125,1382.9300537109375,1372.3800048828125,1375.9599609375,523880000
2002-12-26,1367.8900146484375,1367.8900146484375,1392.5799560546875,1363.6099853515625,1375.1400146484375,812310000
2002-12-27,1348.31005859375,1348.31005859375,1369.2099609375,1346.6500244140625,1363.6400146484375,804960000
2002-12-30,1339.5400390625,1339.5400390625,1353.3800048828125,1329.6400146484375,1349.4300537109375,1076580000
2002-12-31,1335.510009765625,1335.510009765625,1345.1099853515625,1327.18994140625,1336.8299560546875,1166770000
2003-01-02,1384.8499755859375,1384.8499755859375,1384.9100341796875,1336.97998046875,1346.9300537109375,1287540000
2003-01-03,1387.0799560546875,1387.0799560546875,1389.43994140625,1374.6099853515625,1382.3599853515625,1149590000
2003-01-06,1421.3199462890625,1421.3199462890625,1428.6500244140625,1390.0899658203125,1390.18994140625,1567690000
2003-01-07,1431.5699462890625,1431.5699462890625,1442.260009765625,1416.22998046875,1424.260009765625,1755760000
2003-01-08,1401.0699462890625,1401.0699462890625,1424.1199951171875,1399.06005859375,1423.2900390625,1457010000
2003-01-09,1438.4599609375,1438.4599609375,1445.0899658203125,1414.469970703125,1414.469970703125,1685990000
2003-01-10,1447.719970703125,1447.719970703125,1457.449951171875,1418.7900390625,1423.6199951171875,1652320000
2003-01-13,1446.0400390625,1446.0400390625,1467.3499755859375,1436.97998046875,1461.72998046875,1376040000
2003-01-14,1460.989990234375,1460.989990234375,1461.1199951171875,1442.6300048828125,1445.0699462890625,1329340000
2003-01-15,1438.800048828125,1438.800048828125,1463.989990234375,1435.2900390625,1461.0400390625,1513080000
2003-01-16,1423.75,1423.75,1449.1300048828125,1420.1099853515625,1440.56005859375,1366550000
2003-01-17,1376.18994140625,1376.18994140625,1401.3699951171875,1376.1800537109375,1401.3699951171875,1433840000
2003-01-21,1364.25,1364.25,1386.7099609375,1364.25,1380.4300537109375,1355410000
2003-01-22,1359.47998046875,1359.47998046875,1379.6099853515625,1358.22998046875,1361.010009765625,1477520000
2003-01-23,1388.27001953125,1388.27001953125,1393.6700439453125,1365.1099853515625,1377.5,1566510000
2003-01-24,1342.1400146484375,1342.1400146484375,1382.3499755859375,1340.219970703125,1382.3499755859375,1568350000
2003-01-27,1325.27001953125,1325.27001953125,1349.8299560546875,1320.3199462890625,1329.81005859375,1440300000
2003-01-28,1342.1800537109375,1342.1800537109375,1346.5,1321.43994140625,1335.4300537109375,1406660000
2003-01-29,1358.06005859375,1358.06005859375,1363.31005859375,1320.3499755859375,1335.9000244140625,1507590000
2003-01-30,1322.3499755859375,1322.3499755859375,1363.0799560546875,1322.06005859375,1360.550048828125,1446130000
2003-01-31,1320.9100341796875,1320.9100341796875,1331.0400390625,1303.6400146484375,1308.0999755859375,1554810000
2003-02-03,1323.7900390625,1323.7900390625,1335.760009765625,1318.0,1324.739990234375,1256550000
2003-02-04,1306.1500244140625,1306.1500244140625,1310.47998046875,1292.199951171875,1310.47998046875,1368150000
2003-02-05,1301.5,1301.5,1332.8199462890625,1299.3499755859375,1314.6700439453125,1367130000
2003-02-06,1301.72998046875,1301.72998046875,1310.510009765625,1291.469970703125,1298.699951171875,1219320000
2003-02-07,1282.469970703125,1282.469970703125,1314.52001953125,1278.5400390625,1310.9200439453125,1228850000
2003-02-10,1296.6800537109375,1296.6800537109375,1298.5699462890625,1275.18994140625,1286.510009765625,1216440000
2003-02-11,1295.4599609375,1295.4599609375,1315.0400390625,1285.77001953125,1301.5400390625,1296190000
2003-02-12,1278.969970703125,1278.969970703125,1301.1099853515625,1278.739990234375,1292.0799560546875,1231070000
2003-02-13,1277.43994140625,1277.43994140625,1281.3199462890625,1261.7900390625,1280.9200439453125,1310440000
2003-02-14,1310.1700439453125,1310.1700439453125,1310.3699951171875,1279.6600341796875,1283.4100341796875,1315410000
2003-02-18,1346.5400390625,1346.5400390625,1346.9200439453125,1319.52001953125,1319.989990234375,1303930000
2003-02-19,1334.3199462890625,1334.3199462890625,1344.5899658203125,1322.1199951171875,1343.3699951171875,1179700000
2003-02-20,1331.22998046875,1331.22998046875,1344.2900390625,1329.0899658203125,1339.699951171875,1320410000
2003-02-21,1349.02001953125,1349.02001953125,1352.0699462890625,1316.0400390625,1331.3299560546875,1342440000
2003-02-24,1322.3800048828125,1322.3800048828125,1343.0899658203125,1321.43994140625,1342.5,1222480000
2003-02-25,1328.97998046875,1328.97998046875,1331.3499755859375,1291.9599609375,1307.3900146484375,1395960000
2003-02-26,1303.6800537109375,1303.6800537109375,1331.469970703125,1302.8299560546875,1323.010009765625,1207090000
2003-02-27,1323.93994140625,1323.93994140625,1331.7900390625,1305.56005859375,1312.1300048828125,1238110000
2003-02-28,1337.52001953125,1337.52001953125,1342.72998046875,1325.1500244140625,1327.8699951171875,1354370000
2003-03-03,1320.2900390625,1320.2900390625,1353.31005859375,1316.8499755859375,1344.2099609375,1253490000
2003-03-04,1307.77001953125,1307.77001953125,1321.8900146484375,1307.27001953125,1320.280029296875,1221830000
2003-03-05,1314.4000244140625,1314.4000244140625,1317.68994140625,1302.050048828125,1305.280029296875,1360590000
2003-03-06,1302.8900146484375,1302.8900146484375,1312.6099853515625,1299.81005859375,1306.0699462890625,1262310000
2003-03-07,1305.2900390625,1305.2900390625,1310.530029296875,1280.719970703125,1285.300048828125,1436040000
2003-03-10,1278.3699951171875,1278.3699951171875,1299.550048828125,1277.1800537109375,1295.4599609375,1119970000
2003-03-11,1271.469970703125,1271.469970703125,1288.989990234375,1269.47998046875,1280.72998046875,1251740000
2003-03-12,1279.239990234375,1279.239990234375,1279.5899658203125,1253.219970703125,1266.989990234375,1533600000
2003-03-13,1340.77001953125,1340.77001953125,1340.780029296875,1290.5899658203125,1297.739990234375,1789080000
2003-03-14,1340.3299560546875,1340.3299560546875,1352.8399658203125,1329.969970703125,1344.260009765625,1611050000
2003-03-17,1392.27001953125,1392.27001953125,1392.4100341796875,1326.280029296875,1329.949951171875,1886510000
2003-03-18,1400.550048828125,1400.550048828125,1400.550048828125,1378.8299560546875,1392.0,1632220000
2003-03-19,1397.0699462890625,1397.0699462890625,1401.239990234375,1378.5699462890625,1396.27001953125,1694670000
2003-03-20,1402.77001953125,1402.77001953125,1411.4100341796875,1371.9000244140625,1385.6600341796875,1596740000
2003-03-21,1421.8399658203125,1421.8399658203125,1425.72998046875,1403.1500244140625,1422.06005859375,1911550000
2003-03-24,1369.780029296875,1369.780029296875,1392.4000244140625,1368.3699951171875,1390.0400390625,1317380000
2003-03-25,1391.010009765625,1391.010009765625,1400.1400146484375,1369.3199462890625,1374.2099609375,1437240000
2003-03-26,1387.449951171875,1387.449951171875,1397.93994140625,1383.3499755859375,1390.27001953125,1418520000
2003-03-27,1384.25,1384.25,1392.4599609375,1369.31005859375,1375.9000244140625,1441300000
2003-03-28,1369.5999755859375,1369.5999755859375,1384.8199462890625,1367.8900146484375,1375.260009765625,1364880000
2003-03-31,1341.1700439453125,1341.1700439453125,1357.0,1336.6099853515625,1351.6099853515625,1596280000
2003-04-01,1348.300048828125,1348.300048828125,1356.3699951171875,1338.22998046875,1347.5400390625,1412110000
2003-04-02,1396.719970703125,1396.719970703125,1400.8599853515625,1374.7099609375,1374.7099609375,1609690000
2003-04-03,1396.5799560546875,1396.5799560546875,1412.0799560546875,1389.949951171875,1404.989990234375,1445510000
2003-04-04,1383.510009765625,1383.510009765625,1400.969970703125,1378.219970703125,1400.969970703125,1366800000
2003-04-07,1389.510009765625,1389.510009765625,1430.1099853515625,1389.510009765625,1425.22998046875,1516080000
2003-04-08,1382.93994140625,1382.93994140625,1392.52001953125,1376.5999755859375,1388.530029296875,1312770000
2003-04-09,1356.739990234375,1356.739990234375,1393.3699951171875,1356.5999755859375,1385.280029296875,1312000000
2003-04-10,1365.6099853515625,1365.6099853515625,1368.1099853515625,1351.0999755859375,1359.4300537109375,1235410000
2003-04-11,1358.8499755859375,1358.8499755859375,1387.3299560546875,1353.739990234375,1379.47998046875,1237570000
2003-04-14,1384.949951171875,1384.949951171875,1386.5,1359.3199462890625,1361.3499755859375,1173640000
2003-04-15,1391.010009765625,1391.010009765625,1394.030029296875,1376.030029296875,1381.6700439453125,1295900000
2003-04-16,1394.719970703125,1394.719970703125,1418.52001953125,1391.989990234375,1411.699951171875,1551600000
2003-04-17,1425.5,1425.5,1425.5,1393.1300048828125,1395.6199951171875,1644000000
2003-04-21,1424.3699951171875,1424.3699951171875,1432.0799560546875,1413.7099609375,1425.9599609375,1271170000
2003-04-22,1451.3599853515625,1451.3599853515625,1452.3399658203125,1414.4000244140625,1417.0,1614310000
2003-04-23,1466.1600341796875,1466.1600341796875,1468.0799560546875,1447.6500244140625,1453.949951171875,1818020000
2003-04-24,1457.22998046875,1457.22998046875,1465.9200439453125,1448.050048828125,1453.22998046875,1661540000
2003-04-25,1434.5400390625,1434.5400390625,1452.1700439453125,1432.02001953125,1451.1300048828125,1515730000
2003-04-28,1462.239990234375,1462.239990234375,1465.4000244140625,1435.3499755859375,1437.8599853515625,1477750000
2003-04-29,1471.300048828125,1471.300048828125,1482.489990234375,1459.47998046875,1468.030029296875,1670600000
2003-04-30,1464.31005859375,1464.31005859375,1472.68994140625,1459.0400390625,1467.8399658203125,1619230000
2003-05-01,1472.56005859375,1472.56005859375,1478.8499755859375,1451.3199462890625,1463.0,1473860000
2003-05-02,1502.8800048828125,1502.8800048828125,1504.219970703125,1469.8399658203125,1470.0899658203125,1826120000
2003-05-05,1504.0400390625,1504.0400390625,1519.699951171875,1502.6600341796875,1508.31005859375,1932030000
2003-05-06,1523.7099609375,1523.7099609375,1531.8199462890625,1503.31005859375,1503.4200439453125,2139720000
2003-05-07,1506.760009765625,1506.760009765625,1523.9100341796875,1503.06005859375,1513.47998046875,1927720000
2003-05-08,1489.68994140625,1489.68994140625,1504.0400390625,1486.9100341796875,1492.489990234375,1619000000
2003-05-09,1520.1500244140625,1520.1500244140625,1520.1500244140625,1500.0999755859375,1500.6500244140625,1545190000
2003-05-12,1541.4000244140625,1541.4000244140625,1544.4100341796875,1512.719970703125,1518.52001953125,1796940000
2003-05-13,1539.6800537109375,1539.6800537109375,1548.5899658203125,1529.56005859375,1533.1400146484375,1856230000
2003-05-14,1534.9000244140625,1534.9000244140625,1549.93994140625,1526.1400146484375,1545.8800048828125,1816790000
2003-05-15,1551.3800048828125,1551.3800048828125,1552.97998046875,1536.030029296875,1541.4300537109375,1982130000
2003-05-16,1538.530029296875,1538.530029296875,1550.43994140625,1534.3499755859375,1544.8399658203125,1783450000
2003-05-19,1492.77001953125,1492.77001953125,1536.0400390625,1492.4599609375,1530.3800048828125,1684210000
2003-05-20,1491.0899658203125,1491.0899658203125,1505.1800537109375,1480.1300048828125,1498.050048828125,1699750000
2003-05-21,1489.8699951171875,1489.8699951171875,1490.8199462890625,1478.1500244140625,1488.27001953125,1588960000
2003-05-22,1507.550048828125,1507.550048828125,1512.800048828125,1489.0799560546875,1493.3900146484375,1783870000
2003-05-23,1510.0899658203125,1510.0899658203125,1514.489990234375,1501.3800048828125,1506.6400146484375,1448770000
2003-05-27,1556.68994140625,1556.68994140625,1558.280029296875,1504.219970703125,1504.8699951171875,1932760000
2003-05-28,1563.239990234375,1563.239990234375,1571.8499755859375,1553.699951171875,1560.1099853515625,2042270000
2003-05-29,1574.949951171875,1574.949951171875,1591.260009765625,1564.1400146484375,1565.3800048828125,2228880000
2003-05-30,1595.9100341796875,1595.9100341796875,1599.9200439453125,1582.52001953125,1583.22998046875,2314660000
2003-06-02,1590.75,1590.75,1620.7900390625,1586.47998046875,1612.0999755859375,2517530000
2003-06-03,1603.56005859375,1603.56005859375,1603.739990234375,1584.699951171875,1589.719970703125,2067880000
2003-06-04,1634.6500244140625,1634.6500244140625,1638.5699462890625,1603.1700439453125,1604.8399658203125,2515710000
2003-06-05,1646.010009765625,1646.010009765625,1646.010009765625,1613.989990234375,1620.7900390625,2449080000
2003-06-06,1627.4200439453125,1627.4200439453125,1684.06005859375,1625.1800537109375,1670.030029296875,2962610000
2003-06-09,1603.969970703125,1603.969970703125,1625.6099853515625,1597.3199462890625,1623.0,1856700000
2003-06-10,1627.6700439453125,1627.6700439453125,1627.77001953125,1606.0799560546875,1611.1700439453125,1791650000
2003-06-11,1646.02001953125,1646.02001953125,1647.5699462890625,1612.219970703125,1625.0,1932200000
2003-06-12,1653.6199951171875,1653.6199951171875,1661.1199951171875,1640.1199951171875,1653.050048828125,1790700000
2003-06-13,1626.489990234375,1626.489990234375,1660.4300537109375,1624.1199951171875,1656.6099853515625,1813140000
2003-06-16,1666.5799560546875,1666.5799560546875,1667.77001953125,1629.5899658203125,1633.800048828125,1912560000
2003-06-17,1668.43994140625,1668.43994140625,1674.0899658203125,1656.5699462890625,1673.0999755859375,1968630000
2003-06-18,1677.1400146484375,1677.1400146484375,1685.0400390625,1653.25,1663.030029296875,2082080000
2003-06-19,1648.6400146484375,1648.6400146484375,1686.0999755859375,1646.7900390625,1677.050048828125,1957720000
2003-06-20,1644.719970703125,1644.719970703125,1660.469970703125,1638.9300537109375,1657.31005859375,1767110000
2003-06-23,1610.75,1610.75,1643.2099609375,1601.449951171875,1642.3299560546875,1694940000
2003-06-24,1605.6099853515625,1605.6099853515625,1622.469970703125,1598.25,1605.68994140625,1619510000
2003-06-25,1602.6600341796875,1602.6600341796875,1629.969970703125,1600.280029296875,1608.5,1563620000
2003-06-26,1634.010009765625,1634.010009765625,1636.1500244140625,1606.469970703125,1611.31005859375,1560860000
2003-06-27,1625.260009765625,1625.260009765625,1653.739990234375,1621.25,1636.030029296875,1553940000
2003-06-30,1622.800048828125,1622.800048828125,1643.6800537109375,1621.43994140625,1634.8599853515625,1792820000
2003-07-01,1640.1300048828125,1640.1300048828125,1641.77001953125,1598.9200439453125,1617.300048828125,1711820000
2003-07-02,1678.72998046875,1678.72998046875,1678.77001953125,1648.1300048828125,1648.1300048828125,1866650000
2003-07-03,1663.4599609375,1663.4599609375,1683.77001953125,1660.949951171875,1665.949951171875,944910000
2003-07-07,1720.7099609375,1720.7099609375,1721.25,1685.4100341796875,1685.4100341796875,1836380000
2003-07-08,1746.4599609375,1746.4599609375,1747.43994140625,1713.760009765625,1715.989990234375,2018490000
2003-07-09,1747.4599609375,1747.4599609375,1758.1800537109375,1735.300048828125,1743.6600341796875,2113620000
2003-07-10,1715.8599853515625,1715.8599853515625,1735.1300048828125,1707.489990234375,1731.3499755859375,1733800000
2003-07-11,1733.9300537109375,1733.9300537109375,1737.4100341796875,1720.97998046875,1720.97998046875,1516880000
2003-07-14,1754.8199462890625,1754.8199462890625,1776.0999755859375,1748.8800048828125,1757.4300537109375,1973180000
2003-07-15,1753.2099609375,1753.2099609375,1771.780029296875,1742.0999755859375,1769.949951171875,1915630000
2003-07-16,1747.969970703125,1747.969970703125,1767.9000244140625,1734.1400146484375,1766.3499755859375,1920560000
2003-07-17,1698.02001953125,1698.02001953125,1729.5899658203125,1693.469970703125,1727.760009765625,1912680000
2003-07-18,1708.5,1708.5,1714.8399658203125,1688.8199462890625,1709.0899658203125,1602890000
2003-07-21,1681.4100341796875,1681.4100341796875,1706.2900390625,1675.1800537109375,1706.1500244140625,1459310000
2003-07-22,1706.0999755859375,1706.0999755859375,1710.3399658203125,1686.1500244140625,1695.02001953125,1749720000
2003-07-23,1719.1800537109375,1719.1800537109375,1720.0400390625,1695.199951171875,1710.8199462890625,1834980000
2003-07-24,1701.4200439453125,1701.4200439453125,1740.800048828125,1700.2900390625,1732.18994140625,1901240000
2003-07-25,1730.699951171875,1730.699951171875,1730.9100341796875,1685.8900146484375,1703.5799560546875,1587980000
2003-07-28,1735.3599853515625,1735.3599853515625,1740.5899658203125,1726.239990234375,1734.6800537109375,1535820000
2003-07-29,1731.3699951171875,1731.3699951171875,1744.5999755859375,1713.2099609375,1740.27001953125,1703800000
2003-07-30,1720.9100341796875,1720.9100341796875,1733.4000244140625,1717.0699462890625,1731.5699462890625,1513760000
2003-07-31,1735.02001953125,1735.02001953125,1757.3699951171875,1728.3399658203125,1735.469970703125,1858470000
2003-08-01,1715.6199951171875,1715.6199951171875,1733.1400146484375,1714.010009765625,1731.6300048828125,1484040000
2003-08-04,1714.06005859375,1714.06005859375,1723.27001953125,1687.77001953125,1714.8399658203125,1573410000
2003-08-05,1673.5,1673.5,1711.1099853515625,1671.0400390625,1710.68994140625,1743380000
2003-08-06,1652.6800537109375,1652.6800537109375,1675.4599609375,1648.4200439453125,1664.260009765625,1862270000
2003-08-07,1652.1800537109375,1652.1800537109375,1658.4300537109375,1641.739990234375,1651.4599609375,1638040000
2003-08-08,1644.030029296875,1644.030029296875,1662.780029296875,1640.8800048828125,1659.06005859375,1336330000
2003-08-11,1661.510009765625,1661.510009765625,1668.06005859375,1646.5899658203125,1646.949951171875,1203780000
2003-08-12,1687.010009765625,1687.010009765625,1687.47998046875,1660.6600341796875,1666.6099853515625,1329840000
2003-08-13,1686.6099853515625,1686.6099853515625,1695.8299560546875,1681.31005859375,1693.3599853515625,1449200000
2003-08-14,1700.3399658203125,1700.3399658203125,1700.3399658203125,1681.52001953125,1688.1300048828125,1311570000
2003-08-15,1702.010009765625,1702.010009765625,1705.3299560546875,1693.8800048828125,1697.75,703950000
2003-08-18,1739.489990234375,1739.489990234375,1739.5899658203125,1706.9300537109375,1707.1700439453125,1476310000
2003-08-19,1761.1099853515625,1761.1099853515625,1761.6300048828125,1737.3699951171875,1747.0,1724390000
2003-08-20,1760.5400390625,1760.5400390625,1768.52001953125,1747.010009765625,1749.0799560546875,1506760000
2003-08-21,1777.550048828125,1777.550048828125,1783.6400146484375,1762.969970703125,1771.3900146484375,1722470000
2003-08-22,1765.3199462890625,1765.3199462890625,1812.489990234375,1765.300048828125,1804.81005859375,1705200000
2003-08-25,1764.31005859375,1764.31005859375,1768.1199951171875,1752.1199951171875,1763.780029296875,1117840000
2003-08-26,1770.6500244140625,1770.6500244140625,1771.219970703125,1737.1500244140625,1756.0799560546875,1382860000
2003-08-27,1782.1300048828125,1782.1300048828125,1783.1199951171875,1764.6300048828125,1767.780029296875,1349730000
2003-08-28,1800.1800537109375,1800.1800537109375,1800.6500244140625,1772.97998046875,1787.77001953125,1466510000
2003-08-29,1810.449951171875,1810.449951171875,1813.8199462890625,1794.8299560546875,1796.0999755859375,1206180000
2003-09-02,1841.47998046875,1841.47998046875,1841.47998046875,1804.300048828125,1817.9200439453125,1773780000
2003-09-03,1852.9000244140625,1852.9000244140625,1863.550048828125,1846.510009765625,1852.469970703125,2333120000
2003-09-04,1868.969970703125,1868.969970703125,1870.0,1848.949951171875,1853.1199951171875,1886580000
2003-09-05,1858.239990234375,1858.239990234375,1879.699951171875,1850.68994140625,1861.2900390625,1952040000
2003-09-08,1888.6199951171875,1888.6199951171875,1888.6500244140625,1863.8800048828125,1863.8800048828125,2032940000
2003-09-09,1873.4300537109375,1873.4300537109375,1886.27001953125,1867.81005859375,1883.0,2220160000
2003-09-10,1823.81005859375,1823.81005859375,1859.2099609375,1823.81005859375,1859.2099609375,2001600000
2003-09-11,1846.0899658203125,1846.0899658203125,1852.5999755859375,1819.4200439453125,1830.43994140625,1748050000
2003-09-12,1855.030029296875,1855.030029296875,1855.0400390625,1821.97998046875,1833.969970703125,1713770000
2003-09-15,1845.699951171875,1845.699951171875,1861.81005859375,1843.7900390625,1857.1199951171875,1463950000
2003-09-16,1887.25,1887.25,1887.8699951171875,1848.4100341796875,1848.4100341796875,1788770000
2003-09-17,1883.0999755859375,1883.0999755859375,1894.739990234375,1876.239990234375,1884.1800537109375,1903800000
2003-09-18,1909.550048828125,1909.550048828125,1910.510009765625,1874.300048828125,1880.9100341796875,2011010000
2003-09-19,1905.699951171875,1905.699951171875,1913.739990234375,1895.9300537109375,1913.739990234375,1885000000
2003-09-22,1874.6199951171875,1874.6199951171875,1881.4200439453125,1866.8800048828125,1881.4200439453125,1720080000
2003-09-23,1901.719970703125,1901.719970703125,1901.72998046875,1875.1500244140625,1877.43994140625,1868800000
2003-09-24,1843.699951171875,1843.699951171875,1904.1300048828125,1843.4300537109375,1903.81005859375,2207970000
2003-09-25,1817.239990234375,1817.239990234375,1856.219970703125,1817.199951171875,1849.3900146484375,2033060000
2003-09-26,1792.0699462890625,1792.0699462890625,1821.5699462890625,1792.06005859375,1816.75,1841530000
2003-09-29,1824.56005859375,1824.56005859375,1824.5899658203125,1786.5699462890625,1801.550048828125,1666930000
2003-09-30,1786.93994140625,1786.93994140625,1812.81005859375,1783.4599609375,1812.81005859375,1864240000
2003-10-01,1832.25,1832.25,1832.25,1796.0899658203125,1797.0699462890625,1821740000
2003-10-02,1836.219970703125,1836.219970703125,1842.550048828125,1823.6400146484375,1828.93994140625,1604090000
2003-10-03,1880.5699462890625,1880.5699462890625,1891.6199951171875,1864.5400390625,1864.5400390625,2014580000
2003-10-06,1893.4599609375,1893.4599609375,1894.219970703125,1876.0,1884.6400146484375,1375810000
2003-10-07,1907.8499755859375,1907.8499755859375,1907.8800048828125,1878.5899658203125,1882.9200439453125,1840280000
2003-10-08,1893.780029296875,1893.780029296875,1914.3299560546875,1888.530029296875,1913.6400146484375,1801870000
2003-10-09,1911.9000244140625,1911.9000244140625,1936.9300537109375,1899.2099609375,1916.949951171875,2083460000
2003-10-10,1915.31005859375,1915.31005859375,1921.1400146484375,1905.489990234375,1915.52001953125,1464990000
2003-10-13,1933.530029296875,1933.530029296875,1940.969970703125,1921.9599609375,1924.06005859375,1498730000
2003-10-14,1943.18994140625,1943.18994140625,1943.3299560546875,1922.8199462890625,1929.52001953125,1757290000
2003-10-15,1939.0999755859375,1939.0999755859375,1966.8699951171875,1933.030029296875,1966.3800048828125,2017190000
2003-10-16,1950.1400146484375,1950.1400146484375,1951.760009765625,1930.280029296875,1931.989990234375,1765870000
2003-10-17,1912.3599853515625,1912.3599853515625,1949.68994140625,1910.239990234375,1947.199951171875,1747150000
2003-10-20,1925.1400146484375,1925.1400146484375,1925.1600341796875,1905.3900146484375,1913.7900390625,1537390000
2003-10-21,1940.9000244140625,1940.9000244140625,1944.3399658203125,1922.780029296875,1929.31005859375,1735740000
2003-10-22,1898.0699462890625,1898.0699462890625,1923.3299560546875,1897.3599853515625,1923.3299560546875,1711460000
2003-10-23,1885.510009765625,1885.510009765625,1893.199951171875,1874.1099853515625,1879.1199951171875,1937090000
2003-10-24,1865.5899658203125,1865.5899658203125,1866.4300537109375,1841.6199951171875,1863.3199462890625,1957040000
2003-10-27,1882.9100341796875,1882.9100341796875,1890.6600341796875,1873.6199951171875,1876.030029296875,1518680000
2003-10-28,1932.260009765625,1932.260009765625,1932.260009765625,1892.4300537109375,1893.280029296875,2076260000
2003-10-29,1936.56005859375,1936.56005859375,1937.3699951171875,1923.56005859375,1925.6099853515625,1968120000
2003-10-30,1932.68994140625,1932.68994140625,1957.530029296875,1929.77001953125,1955.5899658203125,2158840000
2003-10-31,1932.2099609375,1932.2099609375,1942.6800537109375,1928.6700439453125,1938.219970703125,1833200000
2003-11-03,1967.699951171875,1967.699951171875,1969.260009765625,1941.31005859375,1941.31005859375,2089430000
2003-11-04,1957.969970703125,1957.969970703125,1971.3800048828125,1953.6400146484375,1961.449951171875,2081990000
2003-11-05,1959.3699951171875,1959.3699951171875,1966.1500244140625,1938.219970703125,1957.0,2018140000
2003-11-06,1976.3699951171875,1976.3699951171875,1977.9100341796875,1953.3399658203125,1971.27001953125,2141830000
2003-11-07,1970.739990234375,1970.739990234375,1992.27001953125,1968.81005859375,1986.56005859375,1957330000
2003-11-10,1941.6400146484375,1941.6400146484375,1973.0799560546875,1939.72998046875,1972.0999755859375,1750150000
2003-11-11,1930.75,1930.75,1944.010009765625,1923.5,1938.8499755859375,1637810000
2003-11-12,1973.1099853515625,1973.1099853515625,1973.1099853515625,1935.8599853515625,1935.969970703125,1837190000
2003-11-13,1967.3499755859375,1967.3499755859375,1970.4000244140625,1956.4100341796875,1964.4300537109375,1871860000
2003-11-14,1930.260009765625,1930.260009765625,1977.7900390625,1930.260009765625,1966.8699951171875,1829730000
2003-11-17,1909.6099853515625,1909.6099853515625,1919.22998046875,1890.719970703125,1919.010009765625,1861100000
2003-11-18,1881.75,1881.75,1926.0,1881.75,1919.449951171875,1898710000
2003-11-19,1899.6500244140625,1899.6500244140625,1903.4300537109375,1880.31005859375,1886.1800537109375,1798010000
2003-11-20,1881.9200439453125,1881.9200439453125,1916.550048828125,1880.9100341796875,1886.6300048828125,1799100000
2003-11-21,1893.8800048828125,1893.8800048828125,1896.4100341796875,1878.0699462890625,1891.8399658203125,1621590000
2003-11-24,1947.1400146484375,1947.1400146484375,1947.1400146484375,1907.2900390625,1907.2900390625,1791020000
2003-11-25,1943.0400390625,1943.0400390625,1956.199951171875,1942.02001953125,1948.3599853515625,1836350000
2003-11-26,1953.31005859375,1953.31005859375,1960.31005859375,1930.6300048828125,1954.280029296875,1524790000
2003-11-28,1960.260009765625,1960.260009765625,1963.06005859375,1950.2099609375,1950.2099609375,703800000
2003-12-01,1989.8199462890625,1989.8199462890625,1989.8199462890625,1968.5400390625,1972.969970703125,1840020000
2003-12-02,1980.0699462890625,1980.0699462890625,1996.0799560546875,1978.22998046875,1986.800048828125,1802760000
2003-12-03,1960.25,1960.25,2000.9200439453125,1960.1300048828125,1989.1400146484375,2241590000
2003-12-04,1968.800048828125,1968.800048828125,1971.25,1942.6700439453125,1966.9200439453125,2114230000
2003-12-05,1937.8199462890625,1937.8199462890625,1960.3900146484375,1935.5799560546875,1949.260009765625,1665920000
2003-12-08,1948.8499755859375,1948.8499755859375,1948.93994140625,1926.93994140625,1937.47998046875,1583730000
2003-12-09,1908.3199462890625,1908.3199462890625,1956.969970703125,1906.8399658203125,1955.5,1813530000
2003-12-10,1904.6500244140625,1904.6500244140625,1916.0,1887.4599609375,1912.239990234375,1946310000
2003-12-11,1942.3199462890625,1942.3199462890625,1945.9200439453125,1903.9300537109375,1904.47998046875,1807550000
2003-12-12,1949.0,1949.0,1949.02001953125,1931.0999755859375,1947.260009765625,1457100000
2003-12-15,1918.260009765625,1918.260009765625,1979.780029296875,1918.260009765625,1978.77001953125,1815500000
2003-12-16,1924.2900390625,1924.2900390625,1927.0899658203125,1901.6600341796875,1918.06005859375,1811430000
2003-12-17,1921.3299560546875,1921.3299560546875,1926.0,1910.239990234375,1922.2099609375,1501340000
2003-12-18,1956.1800537109375,1956.1800537109375,1957.6800537109375,1924.6199951171875,1924.6199951171875,1714080000
2003-12-19,1951.02001953125,1951.02001953125,1963.280029296875,1939.56005859375,1963.280029296875,1844570000
2003-12-22,1955.800048828125,1955.800048828125,1958.739990234375,1941.6199951171875,1946.18994140625,1283590000
2003-12-23,1974.780029296875,1974.780029296875,1974.780029296875,1952.43994140625,1954.030029296875,1321000000
2003-12-24,1969.22998046875,1969.22998046875,1974.31005859375,1964.8800048828125,1969.7099609375,642630000
2003-12-26,1973.1400146484375,1973.1400146484375,1979.739990234375,1970.3699951171875,1970.3699951171875,530810000
2003-12-29,2006.47998046875,2006.47998046875,2006.47998046875,1976.9300537109375,1976.9300537109375,1413210000
2003-12-30,2009.8800048828125,2009.8800048828125,2010.1300048828125,1997.8199462890625,2003.97998046875,1544270000
2003-12-31,2003.3699951171875,2003.3699951171875,2015.22998046875,1996.6199951171875,2010.6400146484375,1775710000
2004-01-02,2006.6800537109375,2006.6800537109375,2022.3699951171875,1999.77001953125,2011.0799560546875,1666780000
2004-01-05,2047.3599853515625,2047.3599853515625,2047.3599853515625,2020.780029296875,2020.780029296875,2362910000
2004-01-06,2057.3701171875,2057.3701171875,2061.5400390625,2039.6300048828125,2044.550048828125,2273220000
2004-01-07,2077.679931640625,2077.679931640625,2078.090087890625,2047.02001953125,2056.75,2294280000
2004-01-08,2100.25,2100.25,2100.25,2078.050048828125,2089.60009765625,2683950000
2004-01-09,2086.919921875,2086.919921875,2113.330078125,2077.090087890625,2083.639892578125,2482760000
2004-01-12,2111.780029296875,2111.780029296875,2112.52001953125,2085.14990234375,2093.5400390625,2284010000
2004-01-13,2096.43994140625,2096.43994140625,2114.909912109375,2080.2900390625,2113.110107421875,2385700000
2004-01-14,2111.1298828125,2111.1298828125,2111.72998046875,2094.320068359375,2104.2900390625,2099970000
2004-01-15,2109.080078125,2109.080078125,2121.610107421875,2088.10009765625,2101.860107421875,2235590000
2004-01-16,2140.4599609375,2140.4599609375,2140.469970703125,2119.35009765625,2126.1201171875,2614390000
2004-01-20,2147.97998046875,2147.97998046875,2149.85009765625,2130.199951171875,2149.030029296875,2574190000
2004-01-21,2142.449951171875,2142.449951171875,2150.110107421875,2120.199951171875,2139.330078125,2421860000
2004-01-22,2119.010009765625,2119.010009765625,2152.1201171875,2119.010009765625,2146.320068359375,2353370000
2004-01-23,2123.8701171875,2123.8701171875,2138.409912109375,2108.449951171875,2124.760009765625,2253910000
2004-01-26,2153.830078125,2153.830078125,2153.830078125,2115.340087890625,2120.56005859375,1946050000
2004-01-27,2116.0400390625,2116.0400390625,2152.75,2116.0400390625,2148.050048828125,2151260000
2004-01-28,2077.3701171875,2077.3701171875,2128.0,2073.14990234375,2125.02001953125,2319550000
2004-01-29,2068.22998046875,2068.22998046875,2087.330078125,2041.0699462890625,2085.5400390625,2637760000
2004-01-30,2066.14990234375,2066.14990234375,2078.8798828125,2058.5400390625,2068.360107421875,1931180000
2004-02-02,2063.14990234375,2063.14990234375,2085.489990234375,2053.7900390625,2072.1298828125,1915680000
2004-02-03,2066.2099609375,2066.2099609375,2071.43994140625,2057.330078125,2061.280029296875,1844840000
2004-02-04,2014.1400146484375,2014.1400146484375,2044.6800537109375,2013.9200439453125,2042.8299560546875,2267580000
2004-02-05,2019.56005859375,2019.56005859375,2031.3900146484375,2012.7900390625,2024.47998046875,1956030000
2004-02-06,2064.010009765625,2064.010009765625,2064.010009765625,2025.9100341796875,2025.9599609375,1855510000
2004-02-09,2060.570068359375,2060.570068359375,2074.27001953125,2060.43994140625,2069.2900390625,1745350000
2004-02-10,2075.330078125,2075.330078125,2075.330078125,2060.43994140625,2061.10009765625,1656760000
2004-02-11,2089.659912109375,2089.659912109375,2089.659912109375,2064.77001953125,2072.89990234375,2185700000
2004-02-12,2073.610107421875,2073.610107421875,2091.219970703125,2072.06005859375,2084.02001953125,1937690000
2004-02-13,2053.56005859375,2053.56005859375,2085.7099609375,2049.760009765625,2080.169921875,1818020000
2004-02-17,2080.35009765625,2080.35009765625,2084.719970703125,2068.010009765625,2068.419921875,1618060000
2004-02-18,2076.469970703125,2076.469970703125,2088.510009765625,2072.18994140625,2084.22998046875,1781240000
2004-02-19,2045.9599609375,2045.9599609375,2094.919921875,2045.9599609375,2091.7099609375,2065540000
2004-02-20,2037.9300537109375,2037.9300537109375,2052.360107421875,2022.7900390625,2052.1298828125,1914330000
2004-02-23,2007.52001953125,2007.52001953125,2045.0999755859375,1999.5899658203125,2044.4100341796875,1953330000
2004-02-24,2005.43994140625,2005.43994140625,2018.0699462890625,1991.050048828125,2000.75,2069420000
2004-02-25,2022.97998046875,2022.97998046875,2024.199951171875,2007.72998046875,2010.5899658203125,1707140000
2004-02-26,2032.5699462890625,2032.5699462890625,2037.1700439453125,2012.8299560546875,2018.9100341796875,1752840000
2004-02-27,2029.8199462890625,2029.8199462890625,2044.77001953125,2018.8299560546875,2036.6700439453125,1871780000
2004-03-01,2057.800048828125,2057.800048828125,2057.800048828125,2032.6400146484375,2036.9200439453125,1697920000
2004-03-02,2039.6500244140625,2039.6500244140625,2064.39990234375,2039.6500244140625,2056.3798828125,1871950000
2004-03-03,2033.3599853515625,2033.3599853515625,2039.31005859375,2020.2900390625,2037.1099853515625,1814850000
2004-03-04,2055.110107421875,2055.110107421875,2055.1201171875,2031.8399658203125,2034.72998046875,1799070000
2004-03-05,2047.6300048828125,2047.6300048828125,2069.02001953125,2034.1800537109375,2037.3299560546875,2045230000
2004-03-08,2008.780029296875,2008.780029296875,2058.25,2008.780029296875,2052.070068359375,2044260000
2004-03-09,1995.1600341796875,1995.1600341796875,2011.8299560546875,1987.2900390625,2008.75,2105450000
2004-03-10,1964.1500244140625,1964.1500244140625,2007.25,1963.1300048828125,1997.1099853515625,2159820000
2004-03-11,1943.8900146484375,1943.8900146484375,1982.5799560546875,1943.8900146484375,1953.5899658203125,2191370000
2004-03-12,1984.72998046875,1984.72998046875,1984.72998046875,1959.489990234375,1961.0,1707130000
2004-03-15,1939.199951171875,1939.199951171875,1977.780029296875,1939.199951171875,1977.780029296875,1723290000
2004-03-16,1943.0899658203125,1943.0899658203125,1961.989990234375,1927.68994140625,1952.780029296875,1963640000
2004-03-17,1976.760009765625,1976.760009765625,1980.31005859375,1956.52001953125,1956.52001953125,1678770000
2004-03-18,1962.43994140625,1962.43994140625,1972.31005859375,1947.56005859375,1971.260009765625,1677760000
2004-03-19,1940.469970703125,1940.469970703125,1970.1500244140625,1940.469970703125,1964.969970703125,1645680000
2004-03-22,1909.9000244140625,1909.9000244140625,1929.280029296875,1897.6300048828125,1929.02001953125,1982240000
2004-03-23,1901.800048828125,1901.800048828125,1928.6099853515625,1898.93994140625,1923.22998046875,1835180000
2004-03-24,1909.47998046875,1909.47998046875,1922.510009765625,1896.9100341796875,1908.0400390625,1839440000
2004-03-25,1967.1700439453125,1967.1700439453125,1967.1700439453125,1923.219970703125,1923.219970703125,1968620000
2004-03-26,1960.02001953125,1960.02001953125,1976.760009765625,1960.02001953125,1963.52001953125,1579820000
2004-03-29,1992.5699462890625,1992.5699462890625,1996.22998046875,1975.4300537109375,1975.4300537109375,1706000000
2004-03-30,2000.6300048828125,2000.6300048828125,2000.6800537109375,1981.43994140625,1985.6700439453125,1598550000
2004-03-31,1994.219970703125,1994.219970703125,2004.0,1985.0400390625,2001.0899658203125,1861460000
2004-04-01,2015.010009765625,2015.010009765625,2019.0899658203125,1996.449951171875,1996.449951171875,1833430000
2004-04-02,2057.169921875,2057.169921875,2057.169921875,2037.18994140625,2046.050048828125,2183740000
2004-04-05,2079.1201171875,2079.1201171875,2079.1201171875,2054.340087890625,2055.989990234375,1736300000
2004-04-06,2059.89990234375,2059.89990234375,2068.27001953125,2053.320068359375,2064.1298828125,1811100000
2004-04-07,2050.239990234375,2050.239990234375,2060.43994140625,2038.739990234375,2055.610107421875,1774960000
2004-04-08,2052.8798828125,2052.8798828125,2075.330078125,2046.0999755859375,2074.580078125,1694140000
2004-04-12,2065.47998046875,2065.47998046875,2069.449951171875,2057.639892578125,2057.639892578125,1501360000
2004-04-13,2030.0799560546875,2030.0799560546875,2073.419921875,2026.199951171875,2072.949951171875,1953240000
2004-04-14,2024.8499755859375,2024.8499755859375,2040.1500244140625,2013.97998046875,2018.3599853515625,1832200000
2004-04-15,2002.1700439453125,2002.1700439453125,2031.8399658203125,1989.2099609375,2026.52001953125,1956010000
2004-04-16,1995.739990234375,1995.739990234375,2007.1700439453125,1982.1400146484375,2002.4300537109375,1870420000
2004-04-19,2020.4300537109375,2020.4300537109375,2020.449951171875,1991.1400146484375,1995.3699951171875,1672830000
2004-04-20,1978.6300048828125,1978.6300048828125,2032.4100341796875,1978.6300048828125,2022.6199951171875,1921740000
2004-04-21,1995.6300048828125,1995.6300048828125,1995.9100341796875,1973.25,1987.219970703125,2053970000
2004-04-22,2032.9100341796875,2032.9100341796875,2035.3900146484375,1991.469970703125,1992.6500244140625,2147870000
2004-04-23,2049.77001953125,2049.77001953125,2051.75,2034.47998046875,2045.9200439453125,1927300000
2004-04-26,2036.77001953125,2036.77001953125,2059.080078125,2031.75,2052.25,1727680000
2004-04-27,2032.530029296875,2032.530029296875,2053.570068359375,2027.6400146484375,2040.530029296875,1971610000
2004-04-28,1989.5400390625,1989.5400390625,2026.43994140625,1985.5400390625,2026.43994140625,2037420000
2004-04-29,1958.780029296875,1958.780029296875,1998.5,1946.0999755859375,1987.47998046875,2371070000
2004-04-30,1920.1500244140625,1920.1500244140625,1965.8900146484375,1919.3900146484375,1962.489990234375,2174730000
2004-05-03,1938.719970703125,1938.719970703125,1954.6199951171875,1926.0899658203125,1928.719970703125,1932490000
2004-05-04,1950.47998046875,1950.47998046875,1969.969970703125,1933.5999755859375,1942.3699951171875,1857530000
2004-05-05,1957.260009765625,1957.260009765625,1967.3299560546875,1948.510009765625,1954.989990234375,1586660000
2004-05-06,1937.739990234375,1937.739990234375,1949.550048828125,1923.300048828125,1945.8699951171875,1750770000
2004-05-07,1917.9599609375,1917.9599609375,1957.239990234375,1917.9599609375,1931.8599853515625,1637090000
2004-05-10,1896.0699462890625,1896.0699462890625,1907.97998046875,1880.3199462890625,1904.72998046875,1895630000
2004-05-11,1931.3499755859375,1931.3499755859375,1931.47998046875,1909.5,1909.5,1645220000
2004-05-12,1925.5899658203125,1925.5899658203125,1927.22998046875,1878.77001953125,1924.3199462890625,1887780000
2004-05-13,1926.030029296875,1926.030029296875,1937.8699951171875,1914.0999755859375,1918.6300048828125,1558620000
2004-05-14,1904.25,1904.25,1927.25,1897.5699462890625,1922.469970703125,1526360000
2004-05-17,1876.6400146484375,1876.6400146484375,1887.739990234375,1865.4000244140625,1881.06005859375,1528890000
2004-05-18,1897.8199462890625,1897.8199462890625,1903.3900146484375,1890.949951171875,1892.2900390625,1435100000
2004-05-19,1898.1700439453125,1898.1700439453125,1936.0400390625,1898.1600341796875,1917.5799560546875,1834960000
2004-05-20,1896.5899658203125,1896.5899658203125,1912.02001953125,1890.1800537109375,1902.780029296875,1540900000
2004-05-21,1912.0899658203125,1912.0899658203125,1918.0799560546875,1899.8499755859375,1910.0400390625,1376620000
2004-05-24,1922.97998046875,1922.97998046875,1934.4100341796875,1915.56005859375,1924.8699951171875,1422080000
2004-05-25,1964.6500244140625,1964.6500244140625,1966.6800537109375,1913.72998046875,1920.93994140625,1770600000
2004-05-26,1976.1500244140625,1976.1500244140625,1976.1600341796875,1957.5799560546875,1961.1600341796875,1591030000
2004-05-27,1984.5,1984.5,1991.8699951171875,1969.0400390625,1982.77001953125,1641260000
2004-05-28,1986.739990234375,1986.739990234375,1990.81005859375,1976.699951171875,1985.5400390625,1233190000
2004-06-01,1990.77001953125,1990.77001953125,1991.2900390625,1972.7099609375,1978.52001953125,1459030000
2004-06-02,1988.97998046875,1988.97998046875,1998.3199462890625,1978.7099609375,1995.1800537109375,1520120000
2004-06-03,1960.260009765625,1960.260009765625,1983.8599853515625,1960.260009765625,1983.8599853515625,1526670000
2004-06-04,1978.6199951171875,1978.6199951171875,1995.5,1978.0400390625,1982.6500244140625,1417600000
2004-06-07,2020.6199951171875,2020.6199951171875,2020.6199951171875,1991.4200439453125,1991.6700439453125,1485300000
2004-06-08,2023.530029296875,2023.530029296875,2023.5400390625,2008.300048828125,2010.719970703125,1464790000
2004-06-09,1990.6099853515625,1990.6099853515625,2019.219970703125,1989.989990234375,2015.0400390625,1520200000
2004-06-10,1999.8699951171875,1999.8699951171875,2000.989990234375,1988.8900146484375,1996.800048828125,1345640000
2004-06-14,1969.989990234375,1969.989990234375,1987.8299560546875,1963.47998046875,1987.75,1402630000
2004-06-15,1995.5999755859375,1995.5999755859375,2006.5799560546875,1982.4100341796875,1982.4100341796875,1527280000
2004-06-16,1998.22998046875,1998.22998046875,2002.0699462890625,1990.5699462890625,1997.0999755859375,1353130000
2004-06-17,1983.6700439453125,1983.6700439453125,1993.9300537109375,1976.25,1993.68994140625,1449920000
2004-06-18,1986.72998046875,1986.72998046875,2000.4100341796875,1973.9100341796875,1977.77001953125,1697770000
2004-06-21,1974.3800048828125,1974.3800048828125,1995.06005859375,1972.4300537109375,1990.8199462890625,1363000000
2004-06-22,1994.1500244140625,1994.1500244140625,1994.8699951171875,1964.530029296875,1975.510009765625,1660890000
2004-06-23,2020.97998046875,2020.97998046875,2023.22998046875,1990.780029296875,1992.050048828125,1803560000
2004-06-24,2015.5699462890625,2015.5699462890625,2032.2099609375,2013.780029296875,2020.1099853515625,1685690000
2004-06-25,2025.469970703125,2025.469970703125,2033.8699951171875,2015.5699462890625,2016.739990234375,1972100000
2004-06-28,2019.8199462890625,2019.8199462890625,2039.9300537109375,2013.72998046875,2038.97998046875,1611080000
2004-06-29,2034.9300537109375,2034.9300537109375,2037.5999755859375,2017.3499755859375,2017.3499755859375,1581530000
2004-06-30,2047.7900390625,2047.7900390625,2055.64990234375,2031.8800048828125,2038.3399658203125,1754160000
2004-07-01,2015.550048828125,2015.550048828125,2045.530029296875,2006.6700439453125,2045.530029296875,1739310000
2004-07-02,2006.6600341796875,2006.6600341796875,2014.739990234375,1996.6099853515625,2014.0899658203125,1200230000
2004-07-06,1963.4300537109375,1963.4300537109375,1995.4000244140625,1958.68994140625,1994.699951171875,1927550000
2004-07-07,1966.0799560546875,1966.0799560546875,1976.9200439453125,1960.780029296875,1961.219970703125,1762310000
2004-07-08,1935.3199462890625,1935.3199462890625,1964.47998046875,1934.5699462890625,1951.7900390625,1789150000
2004-07-09,1946.3299560546875,1946.3299560546875,1961.1099853515625,1940.219970703125,1946.489990234375,1388750000
2004-07-12,1936.9200439453125,1936.9200439453125,1941.239990234375,1921.4000244140625,1936.1700439453125,1504000000
2004-07-13,1931.6600341796875,1931.6600341796875,1945.1700439453125,1930.5899658203125,1940.31005859375,1499660000
2004-07-14,1914.8800048828125,1914.8800048828125,1937.6800537109375,1908.97998046875,1913.72998046875,1461800000
2004-07-15,1912.7099609375,1912.7099609375,1925.760009765625,1910.1300048828125,1920.1400146484375,1669940000
2004-07-16,1883.1500244140625,1883.1500244140625,1926.18994140625,1882.9300537109375,1926.18994140625,2099400000
2004-07-19,1883.8299560546875,1883.8299560546875,1893.800048828125,1870.1400146484375,1889.06005859375,1774620000
2004-07-20,1917.0699462890625,1917.0699462890625,1917.0699462890625,1885.800048828125,1886.68994140625,1628240000
2004-07-21,1874.3699951171875,1874.3699951171875,1933.030029296875,1874.3699951171875,1933.02001953125,2109750000
2004-07-22,1889.06005859375,1889.06005859375,1892.97998046875,1853.5799560546875,1872.4300537109375,1964570000
2004-07-23,1849.0899658203125,1849.0899658203125,1874.4599609375,1846.550048828125,1874.4599609375,1697910000
2004-07-26,1839.02001953125,1839.02001953125,1860.1199951171875,1829.06005859375,1852.4200439453125,1667060000
2004-07-27,1869.0999755859375,1869.0999755859375,1872.1700439453125,1843.0400390625,1844.280029296875,1769400000
2004-07-28,1858.260009765625,1858.260009765625,1869.0,1832.1199951171875,1861.3699951171875,1847380000
2004-07-29,1881.06005859375,1881.06005859375,1885.010009765625,1867.6199951171875,1871.5400390625,1703350000
2004-07-30,1887.3599853515625,1887.3599853515625,1896.31005859375,1876.31005859375,1878.5400390625,1507320000
2004-08-02,1892.0899658203125,1892.0899658203125,1893.1300048828125,1869.6600341796875,1874.9300537109375,1533970000
2004-08-03,1859.4200439453125,1859.4200439453125,1887.5699462890625,1859.1700439453125,1887.1400146484375,1494480000
2004-08-04,1855.06005859375,1855.06005859375,1864.800048828125,1842.199951171875,1850.780029296875,1659390000
2004-08-05,1821.6300048828125,1821.6300048828125,1859.77001953125,1820.2099609375,1856.989990234375,1574660000
2004-08-06,1776.8900146484375,1776.8900146484375,1806.280029296875,1775.5699462890625,1805.949951171875,1692260000
2004-08-09,1774.6400146484375,1774.6400146484375,1787.43994140625,1774.47998046875,1782.3499755859375,1263490000
2004-08-10,1808.699951171875,1808.699951171875,1808.699951171875,1782.260009765625,1782.300048828125,1468460000
2004-08-11,1782.4200439453125,1782.4200439453125,1786.6500244140625,1760.5,1778.4300537109375,1794260000
2004-08-12,1752.489990234375,1752.489990234375,1774.6800537109375,1751.949951171875,1770.6800537109375,1632660000
2004-08-13,1757.219970703125,1757.219970703125,1768.6300048828125,1750.8199462890625,1762.4599609375,1347750000
2004-08-16,1782.8399658203125,1782.8399658203125,1789.489990234375,1759.5799560546875,1759.5799560546875,1289730000
2004-08-17,1795.25,1795.25,1804.5899658203125,1791.949951171875,1792.260009765625,1390280000
2004-08-18,1831.3699951171875,1831.3699951171875,1831.3699951171875,1784.5999755859375,1787.6600341796875,1575050000
2004-08-19,1819.8900146484375,1819.8900146484375,1829.1300048828125,1811.6800537109375,1825.9100341796875,1416730000
2004-08-20,1838.02001953125,1838.02001953125,1843.1199951171875,1815.9200439453125,1819.5400390625,1342650000
2004-08-23,1838.699951171875,1838.699951171875,1848.1199951171875,1835.1099853515625,1843.7900390625,1224660000
2004-08-24,1836.8900146484375,1836.8900146484375,1850.2900390625,1828.510009765625,1846.9300537109375,1301090000
2004-08-25,1860.719970703125,1860.719970703125,1861.7900390625,1830.300048828125,1836.719970703125,1320640000
2004-08-26,1852.9200439453125,1852.9200439453125,1860.3900146484375,1848.8800048828125,1855.77001953125,1183830000
2004-08-27,1862.0899658203125,1862.0899658203125,1866.25,1854.77001953125,1855.030029296875,1011070000
2004-08-30,1836.489990234375,1836.489990234375,1855.780029296875,1836.469970703125,1855.780029296875,1007640000
2004-08-31,1838.0999755859375,1838.0999755859375,1842.1500244140625,1819.6199951171875,1837.5400390625,1298910000
2004-09-01,1850.4100341796875,1850.4100341796875,1859.43994140625,1833.3299560546875,1833.3699951171875,1426350000
2004-09-02,1873.4300537109375,1873.4300537109375,1876.239990234375,1846.949951171875,1848.030029296875,1208770000
2004-09-03,1844.47998046875,1844.47998046875,1867.4599609375,1840.93994140625,1857.6099853515625,1244610000
2004-09-07,1858.56005859375,1858.56005859375,1865.4300537109375,1847.47998046875,1856.0,1320700000
2004-09-08,1850.6400146484375,1850.6400146484375,1870.0400390625,1850.050048828125,1855.25,1442540000
2004-09-09,1869.6500244140625,1869.6500244140625,1875.3900146484375,1849.3699951171875,1858.510009765625,1663790000
2004-09-10,1894.31005859375,1894.31005859375,1895.780029296875,1863.4599609375,1870.3299560546875,1606650000
2004-09-13,1910.3800048828125,1910.3800048828125,1919.2099609375,1897.72998046875,1900.1700439453125,1741080000
2004-09-14,1915.4000244140625,1915.4000244140625,1917.739990234375,1901.77001953125,1909.199951171875,1509260000
2004-09-15,1896.52001953125,1896.52001953125,1908.3800048828125,1892.0799560546875,1908.3800048828125,1575500000
2004-09-16,1904.0799560546875,1904.0799560546875,1914.3800048828125,1898.3599853515625,1898.8299560546875,1325500000
2004-09-17,1910.0899658203125,1910.0899658203125,1911.0,1896.6700439453125,1907.010009765625,1640370000
2004-09-20,1908.0699462890625,1908.0699462890625,1921.5,1900.239990234375,1903.02001953125,1565540000
2004-09-21,1921.1800537109375,1921.1800537109375,1925.8499755859375,1909.4300537109375,1913.1300048828125,1531560000
2004-09-22,1885.7099609375,1885.7099609375,1910.22998046875,1884.8499755859375,1910.22998046875,1588290000
2004-09-23,1886.4300537109375,1886.4300537109375,1894.6700439453125,1883.3199462890625,1887.02001953125,1396810000
2004-09-24,1879.47998046875,1879.47998046875,1897.4200439453125,1879.47998046875,1888.8900146484375,1360090000
2004-09-27,1859.8800048828125,1859.8800048828125,1871.93994140625,1858.8800048828125,1871.1600341796875,1316790000
2004-09-28,1869.8699951171875,1869.8699951171875,1873.8599853515625,1852.5899658203125,1865.8800048828125,1536980000
2004-09-29,1893.93994140625,1893.93994140625,1894.06005859375,1869.949951171875,1870.6099853515625,1637280000
2004-09-30,1896.8399658203125,1896.8399658203125,1902.25,1887.6800537109375,1892.5999755859375,1656620000
2004-10-01,1942.199951171875,1942.199951171875,1942.22998046875,1908.5699462890625,1909.5899658203125,1820300000
2004-10-04,1952.4000244140625,1952.4000244140625,1965.760009765625,1950.1700439453125,1954.5899658203125,1854970000
2004-10-05,1955.5,1955.5,1960.9000244140625,1946.8599853515625,1950.22998046875,1709600000
2004-10-06,1971.030029296875,1971.030029296875,1971.0400390625,1947.239990234375,1953.9100341796875,1922870000
2004-10-07,1948.52001953125,1948.52001953125,1970.260009765625,1948.030029296875,1967.3699951171875,1734970000
2004-10-08,1919.969970703125,1919.969970703125,1949.3399658203125,1917.719970703125,1940.6700439453125,1668940000
2004-10-11,1928.760009765625,1928.760009765625,1930.6600341796875,1920.760009765625,1924.4100341796875,1173820000
2004-10-12,1925.1700439453125,1925.1700439453125,1929.97998046875,1904.1099853515625,1913.699951171875,1508390000
2004-10-13,1920.530029296875,1920.530029296875,1948.010009765625,1914.4599609375,1944.9599609375,1776120000
2004-10-14,1903.02001953125,1903.02001953125,1921.8199462890625,1900.77001953125,1920.5799560546875,1590290000
2004-10-15,1911.5,1911.5,1923.9200439453125,1899.3299560546875,1907.9300537109375,1648280000
2004-10-18,1936.52001953125,1936.52001953125,1936.52001953125,1904.5,1909.780029296875,1505000000
2004-10-19,1922.9000244140625,1922.9000244140625,1952.8499755859375,1922.5999755859375,1944.4100341796875,1713330000
2004-10-20,1932.969970703125,1932.969970703125,1934.3199462890625,1910.8299560546875,1920.06005859375,1650470000
2004-10-21,1953.6199951171875,1953.6199951171875,1957.47998046875,1933.0,1940.1099853515625,2006000000
2004-10-22,1915.1400146484375,1915.1400146484375,1952.5400390625,1914.3900146484375,1952.3599853515625,1737960000
2004-10-25,1914.0400390625,1914.0400390625,1920.7099609375,1905.9100341796875,1911.0799560546875,1603830000
2004-10-26,1928.7900390625,1928.7900390625,1928.800048828125,1905.489990234375,1915.1500244140625,1812550000
2004-10-27,1969.989990234375,1969.989990234375,1971.280029296875,1926.25,1928.0,2075920000
2004-10-28,1975.739990234375,1975.739990234375,1980.3599853515625,1959.5699462890625,1963.3599853515625,1821820000
2004-10-29,1974.989990234375,1974.989990234375,1984.1800537109375,1963.8299560546875,1974.550048828125,1639950000
2004-11-01,1979.8699951171875,1979.8699951171875,1983.9100341796875,1969.3199462890625,1975.47998046875,1522820000
2004-11-02,1984.7900390625,1984.7900390625,2002.9300537109375,1978.6400146484375,1981.469970703125,1845080000
2004-11-03,2004.3299560546875,2004.3299560546875,2020.030029296875,1992.699951171875,2014.449951171875,1957400000
2004-11-04,2023.6300048828125,2023.6300048828125,2023.719970703125,1992.0699462890625,1998.1500244140625,1823490000
2004-11-05,2038.93994140625,2038.93994140625,2046.9200439453125,2025.6300048828125,2035.0400390625,1908970000
2004-11-08,2039.25,2039.25,2044.530029296875,2033.7900390625,2038.219970703125,1609270000
2004-11-09,2043.3299560546875,2043.3299560546875,2049.77001953125,2034.4100341796875,2039.030029296875,1692200000
2004-11-10,2034.56005859375,2034.56005859375,2047.25,2032.3699951171875,2039.5799560546875,1853460000
2004-11-11,2061.27001953125,2061.27001953125,2061.39990234375,2039.739990234375,2041.3399658203125,1764760000
2004-11-12,2085.340087890625,2085.340087890625,2085.340087890625,2056.409912109375,2065.320068359375,2004310000
2004-11-15,2094.090087890625,2094.090087890625,2094.1298828125,2078.840087890625,2082.590087890625,1888260000
2004-11-16,2078.6201171875,2078.6201171875,2087.300048828125,2073.35009765625,2087.070068359375,1901080000
2004-11-17,2099.679931640625,2099.679931640625,2112.179931640625,2090.719970703125,2090.93994140625,2223370000
2004-11-18,2104.280029296875,2104.280029296875,2105.389892578125,2089.47998046875,2096.18994140625,1915430000
2004-11-19,2070.6298828125,2070.6298828125,2102.60009765625,2070.6298828125,2100.449951171875,2033710000
2004-11-22,2085.18994140625,2085.18994140625,2085.18994140625,2052.800048828125,2066.340087890625,1897960000
2004-11-23,2084.280029296875,2084.280029296875,2092.02001953125,2068.97998046875,2082.469970703125,2057620000
2004-11-24,2102.5400390625,2102.5400390625,2103.800048828125,2090.199951171875,2091.7900390625,1638170000
2004-11-26,2101.969970703125,2101.969970703125,2110.3798828125,2101.81005859375,2101.81005859375,667760000
2004-11-29,2106.8701171875,2106.8701171875,2117.889892578125,2090.35009765625,2110.909912109375,1844330000
2004-11-30,2096.81005859375,2096.81005859375,2107.449951171875,2096.81005859375,2104.669921875,1878760000
2004-12-01,2138.22998046875,2138.22998046875,2138.320068359375,2104.580078125,2104.580078125,2281640000
2004-12-02,2143.570068359375,2143.570068359375,2156.139892578125,2131.64990234375,2133.949951171875,2401610000
2004-12-03,2147.9599609375,2147.9599609375,2164.6298828125,2145.719970703125,2153.2900390625,2410930000
2004-12-06,2151.25,2151.25,2157.429931640625,2138.2099609375,2145.429931640625,2150250000
2004-12-07,2114.659912109375,2114.659912109375,2161.300048828125,2114.64990234375,2154.1298828125,2671520000
2004-12-08,2126.110107421875,2126.110107421875,2130.760009765625,2110.570068359375,2118.139892578125,2390860000
2004-12-09,2129.010009765625,2129.010009765625,2134.22998046875,2097.860107421875,2109.550048828125,2284150000
2004-12-10,2128.070068359375,2128.070068359375,2134.60009765625,2120.330078125,2121.14990234375,1794840000
2004-12-13,2148.5,2148.5,2148.5,2132.18994140625,2141.199951171875,2070980000
2004-12-14,2159.840087890625,2159.840087890625,2163.5,2145.050048828125,2145.050048828125,2228670000
2004-12-15,2162.550048828125,2162.550048828125,2171.27001953125,2151.31005859375,2159.679931640625,2337590000
2004-12-16,2146.14990234375,2146.14990234375,2164.800048828125,2138.81005859375,2159.9599609375,2396220000
2004-12-17,2135.199951171875,2135.199951171875,2150.85009765625,2135.050048828125,2142.7099609375,2423080000
2004-12-20,2127.85009765625,2127.85009765625,2154.47998046875,2124.219970703125,2142.2099609375,1991460000
2004-12-21,2150.909912109375,2150.909912109375,2151.7099609375,2133.340087890625,2134.75,1972860000
2004-12-22,2157.030029296875,2157.030029296875,2163.47998046875,2145.179931640625,2145.989990234375,1802760000
2004-12-23,2160.6201171875,2160.6201171875,2168.780029296875,2153.31005859375,2153.31005859375,1430770000
2004-12-27,2154.219970703125,2154.219970703125,2171.93994140625,2147.590087890625,2168.820068359375,1478700000
2004-12-28,2177.18994140625,2177.18994140625,2177.18994140625,2156.530029296875,2156.75,1587550000
2004-12-29,2177.0,2177.0,2182.330078125,2170.989990234375,2170.989990234375,1503880000
2004-12-30,2178.340087890625,2178.340087890625,2182.3701171875,2176.39990234375,2177.469970703125,1403140000
2004-12-31,2175.43994140625,2175.43994140625,2185.56005859375,2174.6298828125,2178.97998046875,1366460000
2005-01-03,2152.14990234375,2152.14990234375,2191.60009765625,2148.719970703125,2184.75,2193130000
2005-01-04,2107.860107421875,2107.860107421875,2159.639892578125,2100.56005859375,2158.31005859375,2690460000
2005-01-05,2091.239990234375,2091.239990234375,2116.75,2091.239990234375,2102.89990234375,2375380000
2005-01-06,2090.0,2090.0,2103.89990234375,2088.030029296875,2098.510009765625,2174220000
2005-01-07,2088.610107421875,2088.610107421875,2103.389892578125,2076.68994140625,2099.949951171875,2191910000
2005-01-10,2097.0400390625,2097.0400390625,2111.429931640625,2086.659912109375,2087.6201171875,2098270000
2005-01-11,2079.6201171875,2079.6201171875,2090.6201171875,2072.6201171875,2089.070068359375,2210240000
2005-01-12,2092.530029296875,2092.530029296875,2093.43994140625,2066.7900390625,2089.699951171875,2257670000
2005-01-13,2070.56005859375,2070.56005859375,2094.800048828125,2067.93994140625,2093.5400390625,2111610000
2005-01-14,2087.909912109375,2087.909912109375,2088.580078125,2075.469970703125,2079.469970703125,2084860000
2005-01-18,2106.0400390625,2106.0400390625,2106.18994140625,2078.0400390625,2081.860107421875,1983840000
2005-01-19,2073.590087890625,2073.590087890625,2105.840087890625,2072.199951171875,2105.739990234375,2217700000
2005-01-20,2045.8800048828125,2045.8800048828125,2065.590087890625,2045.8800048828125,2056.3798828125,2231360000
2005-01-21,2034.27001953125,2034.27001953125,2058.0,2032.8800048828125,2053.14990234375,2043770000
2005-01-24,2008.699951171875,2008.699951171875,2043.969970703125,2008.6800537109375,2040.1300048828125,2134680000
2005-01-25,2019.949951171875,2019.949951171875,2037.1800537109375,2017.5799560546875,2022.0799560546875,2003630000
2005-01-26,2046.0899658203125,2046.0899658203125,2049.340087890625,2028.18994140625,2034.68994140625,2105070000
2005-01-27,2047.1500244140625,2047.1500244140625,2053.93994140625,2036.0899658203125,2042.77001953125,2106220000
2005-01-28,2035.8299560546875,2035.8299560546875,2055.1298828125,2024.3599853515625,2052.5400390625,2098150000
2005-01-31,2062.409912109375,2062.409912109375,2063.179931640625,2053.469970703125,2053.469970703125,1823800000
2005-02-01,2068.699951171875,2068.699951171875,2071.52001953125,2058.659912109375,2063.27001953125,1904570000
2005-02-02,2075.06005859375,2075.06005859375,2079.580078125,2064.199951171875,2074.06005859375,1965550000
2005-02-03,2057.639892578125,2057.639892578125,2066.929931640625,2049.25,2065.43994140625,1962750000
2005-02-04,2086.659912109375,2086.659912109375,2086.719970703125,2056.2900390625,2056.469970703125,1941510000
2005-02-07,2082.030029296875,2082.030029296875,2091.169921875,2075.409912109375,2086.550048828125,1698460000
2005-02-08,2086.679931640625,2086.679931640625,2095.639892578125,2080.419921875,2082.110107421875,1943560000
2005-02-09,2052.550048828125,2052.550048828125,2089.3798828125,2051.0,2088.52001953125,1958810000
2005-02-10,2053.10009765625,2053.10009765625,2059.64990234375,2040.0400390625,2058.530029296875,2085500000
2005-02-11,2076.659912109375,2076.659912109375,2081.47998046875,2039.719970703125,2048.9599609375,2163630000
2005-02-14,2082.909912109375,2082.909912109375,2085.1201171875,2074.81005859375,2076.75,1639640000
2005-02-15,2089.2099609375,2089.2099609375,2103.449951171875,2081.4599609375,2083.639892578125,2071590000
2005-02-16,2087.429931640625,2087.429931640625,2093.3701171875,2079.3701171875,2082.4599609375,1865070000
2005-02-17,2061.340087890625,2061.340087890625,2093.679931640625,2061.340087890625,2088.669921875,1950460000
2005-02-18,2058.6201171875,2058.6201171875,2068.889892578125,2056.199951171875,2065.14990234375,1614160000
2005-02-22,2030.3199462890625,2030.3199462890625,2064.669921875,2030.1700439453125,2046.1800537109375,2056220000
2005-02-23,2031.25,2031.25,2040.8399658203125,2024.6400146484375,2039.550048828125,1878450000
2005-02-24,2051.699951171875,2051.699951171875,2051.81005859375,2023.0,2028.4300537109375,2031880000
2005-02-25,2065.39990234375,2065.39990234375,2065.39990234375,2047.22998046875,2050.489990234375,1771200000
2005-02-28,2051.719970703125,2051.719970703125,2066.530029296875,2038.77001953125,2058.280029296875,2130140000
2005-03-01,2071.25,2071.25,2073.739990234375,2057.18994140625,2057.469970703125,1941180000
2005-03-02,2067.5,2067.5,2084.14990234375,2057.219970703125,2060.300048828125,2004470000
2005-03-03,2058.39990234375,2058.39990234375,2074.7099609375,2047.9200439453125,2073.330078125,1895880000
2005-03-04,2070.610107421875,2070.610107421875,2078.139892578125,2064.929931640625,2071.14990234375,1829190000
2005-03-07,2090.2099609375,2090.2099609375,2100.570068359375,2073.820068359375,2073.89990234375,1949190000
2005-03-08,2073.550048828125,2073.550048828125,2095.739990234375,2072.590087890625,2087.110107421875,1696700000
2005-03-09,2061.2900390625,2061.2900390625,2079.3701171875,2060.22998046875,2070.85009765625,1895520000
2005-03-10,2059.719970703125,2059.719970703125,2067.2099609375,2042.02001953125,2065.090087890625,1825790000
2005-03-11,2041.5999755859375,2041.5999755859375,2069.39990234375,2036.4100341796875,2063.56005859375,1792090000
2005-03-14,2051.0400390625,2051.0400390625,2051.0400390625,2037.4100341796875,2043.6400146484375,1707720000
2005-03-15,2034.97998046875,2034.97998046875,2059.070068359375,2034.4100341796875,2057.169921875,1838790000
2005-03-16,2015.75,2015.75,2037.9599609375,2011.6700439453125,2028.2900390625,1969690000
2005-03-17,2016.4200439453125,2016.4200439453125,2023.6700439453125,2010.52001953125,2016.9100341796875,1745120000
2005-03-18,2007.7900390625,2007.7900390625,2020.4000244140625,1999.97998046875,2018.4100341796875,2106980000
2005-03-21,2007.510009765625,2007.510009765625,2011.3900146484375,1993.760009765625,2008.1600341796875,1611000000
2005-03-22,1989.3399658203125,1989.3399658203125,2017.6600341796875,1988.8599853515625,2007.719970703125,1805950000
2005-03-23,1990.219970703125,1990.219970703125,1999.4300537109375,1985.219970703125,1985.489990234375,1741150000
2005-03-24,1991.06005859375,1991.06005859375,2008.6300048828125,1991.06005859375,1997.47998046875,1697930000
2005-03-28,1992.52001953125,1992.52001953125,2005.489990234375,1992.52001953125,1998.760009765625,1487620000
2005-03-29,1973.8800048828125,1973.8800048828125,2002.6500244140625,1968.5799560546875,1990.27001953125,1797840000
2005-03-30,2005.6700439453125,2005.6700439453125,2005.6700439453125,1980.0699462890625,1980.0699462890625,1753610000
2005-03-31,1999.22998046875,1999.22998046875,2006.6199951171875,1994.800048828125,2005.7099609375,1686970000
2005-04-01,1984.81005859375,1984.81005859375,2014.72998046875,1982.18994140625,2009.0899658203125,1869690000
2005-04-04,1991.0699462890625,1991.0699462890625,1995.800048828125,1972.0699462890625,1983.81005859375,1589310000
2005-04-05,1999.3199462890625,1999.3199462890625,2002.3499755859375,1991.8800048828125,1994.3800048828125,1647510000
2005-04-06,1999.1400146484375,1999.1400146484375,2017.0799560546875,1996.9100341796875,2004.25,1746400000
2005-04-07,2018.7900390625,2018.7900390625,2018.7900390625,1998.1400146484375,1999.6099853515625,1714270000
2005-04-08,1999.3499755859375,1999.3499755859375,2021.8199462890625,1999.3299560546875,2018.4200439453125,1516340000
2005-04-11,1992.1199951171875,1992.1199951171875,2006.239990234375,1991.2099609375,2004.1600341796875,1382490000
2005-04-12,2005.4000244140625,2005.4000244140625,2007.239990234375,1970.010009765625,1988.3299560546875,1931870000
2005-04-13,1974.3699951171875,1974.3699951171875,2001.300048828125,1972.0999755859375,2000.4599609375,1705450000
2005-04-14,1946.7099609375,1946.7099609375,1975.4200439453125,1946.5799560546875,1974.1800537109375,1930060000
2005-04-15,1908.1500244140625,1908.1500244140625,1940.1500244140625,1906.7099609375,1932.9599609375,2314620000
2005-04-18,1912.9200439453125,1912.9200439453125,1921.68994140625,1904.27001953125,1906.4300537109375,1840360000
2005-04-19,1932.3599853515625,1932.3599853515625,1933.2099609375,1918.1500244140625,1922.8199462890625,1792830000
2005-04-20,1913.760009765625,1913.760009765625,1945.5999755859375,1912.3499755859375,1944.6400146484375,2004950000
2005-04-21,1962.4100341796875,1962.4100341796875,1962.4100341796875,1928.52001953125,1931.8499755859375,1951490000
2005-04-22,1932.18994140625,1932.18994140625,1953.77001953125,1921.3800048828125,1953.5799560546875,1802730000
2005-04-25,1950.780029296875,1950.780029296875,1954.8699951171875,1938.449951171875,1942.02001953125,1442420000
2005-04-26,1927.43994140625,1927.43994140625,1958.5799560546875,1927.43994140625,1943.75,1670040000
2005-04-27,1930.4300537109375,1930.4300537109375,1937.1500244140625,1913.1400146484375,1919.4200439453125,1764210000
2005-04-28,1904.1800537109375,1904.1800537109375,1927.31005859375,1904.0799560546875,1922.030029296875,1861340000
2005-04-29,1921.6500244140625,1921.6500244140625,1921.77001953125,1889.8299560546875,1917.6400146484375,2039550000
2005-05-02,1928.6500244140625,1928.6500244140625,1933.4200439453125,1916.030029296875,1923.22998046875,1547750000
2005-05-03,1933.0699462890625,1933.0699462890625,1944.530029296875,1924.780029296875,1924.780029296875,1868140000
2005-05-04,1962.22998046875,1962.22998046875,1963.260009765625,1935.239990234375,1937.7900390625,1877820000
2005-05-05,1961.800048828125,1961.800048828125,1969.2900390625,1951.489990234375,1960.3800048828125,1719880000
2005-05-06,1967.3499755859375,1967.3499755859375,1973.5,1960.760009765625,1972.6600341796875,1511120000
2005-05-09,1979.6700439453125,1979.6700439453125,1979.6700439453125,1960.27001953125,1967.739990234375,1441010000
2005-05-10,1962.77001953125,1962.77001953125,1971.25,1957.2900390625,1968.0799560546875,1595520000
2005-05-11,1971.550048828125,1971.550048828125,1972.52001953125,1943.8900146484375,1966.06005859375,1716160000
2005-05-12,1963.8800048828125,1963.8800048828125,1982.199951171875,1956.449951171875,1970.800048828125,1783430000
2005-05-13,1976.780029296875,1976.780029296875,1990.0,1964.77001953125,1978.280029296875,1878980000
2005-05-16,1994.4300537109375,1994.4300537109375,1994.469970703125,1973.6700439453125,1976.3800048828125,1390290000
2005-05-17,2004.1500244140625,2004.1500244140625,2004.1500244140625,1980.93994140625,1986.1600341796875,1520510000
2005-05-18,2030.6500244140625,2030.6500244140625,2034.300048828125,2007.199951171875,2008.6300048828125,1957880000
2005-05-19,2042.5799560546875,2042.5799560546875,2042.6800537109375,2030.050048828125,2032.0899658203125,1700580000
2005-05-20,2046.4200439453125,2046.4200439453125,2046.4200439453125,2033.3499755859375,2040.6300048828125,1492720000
2005-05-23,2056.64990234375,2056.64990234375,2062.949951171875,2045.68994140625,2045.68994140625,1620130000
2005-05-24,2061.6201171875,2061.6201171875,2062.52001953125,2049.77001953125,2052.280029296875,1695940000
2005-05-25,2050.1201171875,2050.1201171875,2055.780029296875,2041.949951171875,2055.780029296875,1493000000
2005-05-26,2071.239990234375,2071.239990234375,2072.5400390625,2057.800048828125,2057.989990234375,1596460000
2005-05-27,2075.72998046875,2075.72998046875,2076.800048828125,2064.989990234375,2068.530029296875,1237350000
2005-05-31,2068.219970703125,2068.219970703125,2076.010009765625,2065.02001953125,2073.919921875,1578740000
2005-06-01,2087.860107421875,2087.860107421875,2095.5400390625,2067.22998046875,2067.22998046875,1779710000
2005-06-02,2097.800048828125,2097.800048828125,2097.800048828125,2081.68994140625,2081.68994140625,1746620000
2005-06-03,2071.429931640625,2071.429931640625,2095.989990234375,2069.169921875,2094.179931640625,1637900000
2005-06-06,2075.760009765625,2075.760009765625,2078.610107421875,2066.360107421875,2072.360107421875,1477150000
2005-06-07,2067.159912109375,2067.159912109375,2095.9599609375,2067.139892578125,2079.06005859375,1846530000
2005-06-08,2060.179931640625,2060.179931640625,2074.610107421875,2057.580078125,2073.2099609375,1602540000
2005-06-09,2076.909912109375,2076.909912109375,2077.469970703125,2052.9599609375,2059.580078125,1666670000
2005-06-10,2063.0,2063.0,2076.25,2055.93994140625,2076.25,1449380000
2005-06-13,2068.9599609375,2068.9599609375,2078.260009765625,2058.719970703125,2059.9599609375,1432130000
2005-06-14,2069.0400390625,2069.0400390625,2074.780029296875,2064.080078125,2068.0400390625,1405850000
2005-06-15,2074.919921875,2074.919921875,2079.1298828125,2053.389892578125,2076.72998046875,1672670000
2005-06-16,2089.14990234375,2089.14990234375,2089.510009765625,2073.2900390625,2076.27001953125,1793020000
2005-06-17,2090.110107421875,2090.110107421875,2098.530029296875,2085.239990234375,2098.330078125,1993280000
2005-06-20,2088.1298828125,2088.1298828125,2096.77001953125,2076.419921875,2081.050048828125,1408110000
2005-06-21,2091.070068359375,2091.070068359375,2095.68994140625,2083.590087890625,2087.6298828125,1557480000
2005-06-22,2092.030029296875,2092.030029296875,2102.75,2083.760009765625,2097.050048828125,1668440000
2005-06-23,2070.659912109375,2070.659912109375,2106.570068359375,2070.570068359375,2093.909912109375,2009480000
2005-06-24,2053.27001953125,2053.27001953125,2071.52001953125,2050.760009765625,2070.330078125,2151000000
2005-06-27,2045.199951171875,2045.199951171875,2054.469970703125,2039.68994140625,2050.300048828125,1448300000
2005-06-28,2069.889892578125,2069.889892578125,2072.580078125,2050.97998046875,2051.77001953125,1584200000
2005-06-29,2068.889892578125,2068.889892578125,2076.02001953125,2066.449951171875,2074.43994140625,1640360000
2005-06-30,2056.9599609375,2056.9599609375,2076.159912109375,2056.239990234375,2072.050048828125,1731500000
2005-07-01,2057.3701171875,2057.3701171875,2064.81005859375,2053.06005859375,2060.969970703125,1176200000
2005-07-05,2078.75,2078.75,2079.60009765625,2052.10009765625,2052.10009765625,1440300000
2005-07-06,2068.64990234375,2068.64990234375,2084.760009765625,2068.419921875,2076.89990234375,1592080000
2005-07-07,2075.659912109375,2075.659912109375,2076.429931640625,2050.300048828125,2050.7099609375,1617860000
2005-07-08,2112.8798828125,2112.8798828125,2113.909912109375,2076.530029296875,2077.89990234375,1685280000
2005-07-11,2135.429931640625,2135.429931640625,2135.68994140625,2115.570068359375,2115.97998046875,1770800000
2005-07-12,2143.14990234375,2143.14990234375,2149.780029296875,2128.820068359375,2132.510009765625,1657520000
2005-07-13,2144.110107421875,2144.110107421875,2146.56005859375,2136.3701171875,2142.60009765625,1540000000
2005-07-14,2152.820068359375,2152.820068359375,2164.179931640625,2148.610107421875,2156.56005859375,1872310000
2005-07-15,2156.780029296875,2156.780029296875,2160.639892578125,2145.179931640625,2152.699951171875,1534960000
2005-07-18,2144.8701171875,2144.8701171875,2153.52001953125,2144.780029296875,2151.840087890625,1307270000
2005-07-19,2173.179931640625,2173.179931640625,2173.8701171875,2154.360107421875,2156.77001953125,1632670000
2005-07-20,2188.570068359375,2188.570068359375,2191.090087890625,2158.090087890625,2158.969970703125,1957070000
2005-07-21,2178.60009765625,2178.60009765625,2193.18994140625,2171.97998046875,2191.77001953125,2034880000
2005-07-22,2179.739990234375,2179.739990234375,2182.639892578125,2165.43994140625,2176.139892578125,1660360000
2005-07-25,2166.739990234375,2166.739990234375,2186.4599609375,2165.929931640625,2179.0400390625,1523020000
2005-07-26,2175.989990234375,2175.989990234375,2181.139892578125,2167.090087890625,2170.60009765625,1651840000
2005-07-27,2186.219970703125,2186.219970703125,2187.14990234375,2167.8798828125,2178.72998046875,1750070000
2005-07-28,2198.43994140625,2198.43994140625,2198.52001953125,2183.27001953125,2188.2900390625,1683870000
2005-07-29,2184.830078125,2184.830078125,2201.389892578125,2184.429931640625,2195.469970703125,1613950000
2005-08-01,2195.3798828125,2195.3798828125,2201.8701171875,2189.080078125,2191.489990234375,1492680000
2005-08-02,2218.14990234375,2218.14990234375,2219.0,2197.7900390625,2197.7900390625,1735020000
2005-08-03,2216.81005859375,2216.81005859375,2219.909912109375,2209.39990234375,2211.090087890625,1752440000
2005-08-04,2191.320068359375,2191.320068359375,2209.3701171875,2190.300048828125,2208.330078125,1591380000
2005-08-05,2177.909912109375,2177.909912109375,2195.10009765625,2175.909912109375,2189.419921875,1471740000
2005-08-08,2164.389892578125,2164.389892578125,2185.56005859375,2163.5,2182.989990234375,1431010000
2005-08-09,2174.18994140625,2174.18994140625,2181.27001953125,2167.8798828125,2170.43994140625,1460470000
2005-08-10,2157.81005859375,2157.81005859375,2185.909912109375,2152.820068359375,2178.070068359375,1817680000
2005-08-11,2174.550048828125,2174.550048828125,2174.550048828125,2156.969970703125,2158.300048828125,1582090000
2005-08-12,2156.89990234375,2156.89990234375,2161.070068359375,2144.60009765625,2158.93994140625,1551410000
2005-08-15,2167.0400390625,2167.0400390625,2173.659912109375,2147.85009765625,2153.7099609375,1380460000
2005-08-16,2137.06005859375,2137.06005859375,2161.4599609375,2136.489990234375,2160.969970703125,1540320000
2005-08-17,2145.14990234375,2145.14990234375,2153.0400390625,2137.179931640625,2139.360107421875,1518010000
2005-08-18,2136.080078125,2136.080078125,2146.489990234375,2133.080078125,2139.39990234375,1391780000
2005-08-19,2135.56005859375,2135.56005859375,2143.919921875,2134.989990234375,2138.739990234375,1205270000
2005-08-22,2141.409912109375,2141.409912109375,2151.840087890625,2129.4599609375,2140.949951171875,1351650000
2005-08-23,2137.25,2137.25,2145.7099609375,2131.02001953125,2142.2900390625,1341270000
2005-08-24,2128.909912109375,2128.909912109375,2156.1298828125,2127.300048828125,2133.169921875,1718580000
2005-08-25,2134.3701171875,2134.3701171875,2138.4599609375,2129.4599609375,2131.300048828125,1307580000
2005-08-26,2120.77001953125,2120.77001953125,2133.169921875,2118.0400390625,2132.969970703125,1261130000
2005-08-29,2137.64990234375,2137.64990234375,2139.39990234375,2112.25,2112.43994140625,1268560000
2005-08-30,2129.760009765625,2129.760009765625,2132.2099609375,2118.27001953125,2130.8798828125,1436400000
2005-08-31,2152.090087890625,2152.090087890625,2152.090087890625,2124.080078125,2130.81005859375,1631780000
2005-09-01,2147.89990234375,2147.89990234375,2157.320068359375,2142.320068359375,2150.030029296875,1623320000
2005-09-02,2141.070068359375,2141.070068359375,2152.219970703125,2139.280029296875,2150.52001953125,1130450000
2005-09-06,2166.860107421875,2166.860107421875,2167.10009765625,2147.31005859375,2147.31005859375,1403190000
2005-09-07,2172.030029296875,2172.030029296875,2172.389892578125,2158.610107421875,2164.139892578125,1480820000
2005-09-08,2166.030029296875,2166.030029296875,2173.85009765625,2161.2900390625,2165.719970703125,1578070000
2005-09-09,2175.510009765625,2175.510009765625,2177.22998046875,2164.409912109375,2168.89990234375,1617540000
2005-09-12,2182.830078125,2182.830078125,2186.830078125,2175.22998046875,2176.469970703125,1723540000
2005-09-13,2171.75,2171.75,2185.889892578125,2167.830078125,2177.949951171875,1724570000
2005-09-14,2149.330078125,2149.330078125,2174.010009765625,2149.18994140625,2173.6201171875,1698250000
2005-09-15,2146.14990234375,2146.14990234375,2155.75,2142.72998046875,2153.75,1744660000
2005-09-16,2160.35009765625,2160.35009765625,2160.830078125,2146.7900390625,2153.75,2269030000
2005-09-19,2145.260009765625,2145.260009765625,2159.489990234375,2139.889892578125,2157.3701171875,1604140000
2005-09-20,2131.330078125,2131.330078125,2162.139892578125,2127.47998046875,2149.43994140625,1845670000
2005-09-21,2106.639892578125,2106.639892578125,2129.9599609375,2106.639892578125,2129.64990234375,1772370000
2005-09-22,2110.780029296875,2110.780029296875,2114.590087890625,2093.06005859375,2104.389892578125,1692930000
2005-09-23,2116.840087890625,2116.840087890625,2121.050048828125,2099.949951171875,2105.3701171875,1604120000
2005-09-26,2121.4599609375,2121.4599609375,2132.60009765625,2112.27001953125,2127.89990234375,1502410000
2005-09-27,2116.419921875,2116.419921875,2125.89990234375,2109.050048828125,2123.64990234375,1658660000
2005-09-28,2115.39990234375,2115.39990234375,2127.489990234375,2109.75,2122.18994140625,1703850000
2005-09-29,2141.219970703125,2141.219970703125,2141.429931640625,2107.699951171875,2114.969970703125,1801520000
2005-09-30,2151.68994140625,2151.68994140625,2151.68994140625,2138.22998046875,2140.169921875,1610970000
2005-10-03,2155.429931640625,2155.429931640625,2162.7900390625,2152.590087890625,2152.699951171875,1794420000
2005-10-04,2139.360107421875,2139.360107421875,2167.0,2139.0,2156.260009765625,2005300000
2005-10-05,2103.02001953125,2103.02001953125,2139.60009765625,2103.02001953125,2139.159912109375,1923900000
2005-10-06,2084.080078125,2084.080078125,2110.830078125,2069.0400390625,2104.919921875,2107360000
2005-10-07,2090.35009765625,2090.35009765625,2097.419921875,2082.43994140625,2091.1201171875,1444780000
2005-10-10,2078.919921875,2078.919921875,2093.22998046875,2078.110107421875,2091.679931640625,1379210000
2005-10-11,2061.090087890625,2061.090087890625,2085.610107421875,2058.18994140625,2084.3798828125,1851960000
2005-10-12,2037.469970703125,2037.469970703125,2064.659912109375,2032.7900390625,2055.43994140625,2014750000
2005-10-13,2047.219970703125,2047.219970703125,2051.22998046875,2025.5799560546875,2033.8599853515625,1777590000
2005-10-14,2064.830078125,2064.830078125,2064.949951171875,2042.5400390625,2054.5,1555430000
2005-10-17,2070.300048828125,2070.300048828125,2071.25,2054.18994140625,2065.5400390625,1266030000
2005-10-18,2056.0,2056.0,2072.5,2055.9599609375,2069.320068359375,1460730000
2005-10-19,2091.239990234375,2091.239990234375,2091.239990234375,2042.030029296875,2048.659912109375,1893300000
2005-10-20,2068.110107421875,2068.110107421875,2096.429931640625,2058.52001953125,2088.0400390625,1797930000
2005-10-21,2082.2099609375,2082.2099609375,2091.43994140625,2074.199951171875,2083.840087890625,1770700000
2005-10-24,2115.830078125,2115.830078125,2115.8798828125,2083.97998046875,2089.510009765625,1551470000
2005-10-25,2109.449951171875,2109.449951171875,2116.419921875,2094.7900390625,2109.550048828125,1599120000
2005-10-26,2100.050048828125,2100.050048828125,2121.360107421875,2098.14990234375,2104.02001953125,1832000000
2005-10-27,2063.81005859375,2063.81005859375,2098.0400390625,2063.81005859375,2095.85009765625,1718600000
2005-10-28,2089.8798828125,2089.8798828125,2089.8798828125,2064.919921875,2073.85009765625,1886560000
2005-10-31,2120.300048828125,2120.300048828125,2125.72998046875,2094.3701171875,2094.3701171875,1869760000
2005-11-01,2114.050048828125,2114.050048828125,2121.25,2108.860107421875,2109.889892578125,1903230000
2005-11-02,2144.31005859375,2144.31005859375,2144.56005859375,2110.8701171875,2110.949951171875,2173290000
2005-11-03,2160.219970703125,2160.219970703125,2169.97998046875,2153.199951171875,2157.300048828125,2346250000
2005-11-04,2169.429931640625,2169.429931640625,2172.679931640625,2156.60009765625,2165.10009765625,1699610000
2005-11-07,2178.239990234375,2178.239990234375,2182.090087890625,2165.820068359375,2174.25,1621120000
2005-11-08,2172.070068359375,2172.070068359375,2180.7900390625,2166.25,2172.3701171875,1599370000
2005-11-09,2175.81005859375,2175.81005859375,2182.89990234375,2166.159912109375,2171.22998046875,1594180000
2005-11-10,2196.679931640625,2196.679931640625,2196.75,2162.64990234375,2175.02001953125,1938030000
2005-11-11,2202.469970703125,2202.469970703125,2205.360107421875,2198.260009765625,2198.260009765625,1454900000
2005-11-14,2200.949951171875,2200.949951171875,2206.8798828125,2197.1201171875,2203.7900390625,1385360000
2005-11-15,2186.739990234375,2186.739990234375,2204.68994140625,2181.919921875,2199.389892578125,1684810000
2005-11-16,2187.929931640625,2187.929931640625,2191.18994140625,2176.5400390625,2189.4599609375,1721760000
2005-11-17,2220.4599609375,2220.4599609375,2220.4599609375,2194.659912109375,2195.47998046875,1809860000
2005-11-18,2227.070068359375,2227.070068359375,2234.300048828125,2218.81005859375,2232.360107421875,1993850000
2005-11-21,2241.669921875,2241.669921875,2242.300048828125,2219.25,2226.6201171875,1661890000
2005-11-22,2253.56005859375,2253.56005859375,2257.77001953125,2232.739990234375,2235.300048828125,1856560000
2005-11-23,2259.97998046875,2259.97998046875,2269.300048828125,2250.39990234375,2251.3701171875,1585710000
2005-11-25,2263.010009765625,2263.010009765625,2264.1298828125,2256.449951171875,2262.429931640625,635420000
2005-11-28,2239.3701171875,2239.3701171875,2264.06005859375,2239.340087890625,2263.550048828125,1559380000
2005-11-29,2232.7099609375,2232.7099609375,2253.25,2232.5400390625,2247.699951171875,1753540000
2005-11-30,2232.820068359375,2232.820068359375,2243.409912109375,2230.18994140625,2232.5,1876080000
2005-12-01,2267.169921875,2267.169921875,2269.389892578125,2244.7099609375,2244.85009765625,2010420000
2005-12-02,2273.3701171875,2273.3701171875,2273.610107421875,2261.1298828125,2266.169921875,1758510000
2005-12-05,2257.639892578125,2257.639892578125,2269.47998046875,2250.840087890625,2269.070068359375,1659920000
2005-12-06,2260.760009765625,2260.760009765625,2278.159912109375,2259.3701171875,2267.760009765625,1788200000
2005-12-07,2252.010009765625,2252.010009765625,2264.909912109375,2244.6201171875,2263.2900390625,1733530000
2005-12-08,2246.4599609375,2246.4599609375,2261.610107421875,2233.739990234375,2254.800048828125,1908360000
2005-12-09,2256.72998046875,2256.72998046875,2258.669921875,2241.030029296875,2247.280029296875,1658570000
2005-12-12,2260.949951171875,2260.949951171875,2266.139892578125,2253.43994140625,2263.969970703125,1679280000
2005-12-13,2265.0,2265.0,2271.85009765625,2254.919921875,2256.60009765625,1873980000
2005-12-14,2262.590087890625,2262.590087890625,2270.43994140625,2254.43994140625,2261.93994140625,1676210000
2005-12-15,2260.6298828125,2260.6298828125,2267.550048828125,2247.320068359375,2266.050048828125,1804630000
2005-12-16,2252.47998046875,2252.47998046875,2263.889892578125,2251.669921875,2262.080078125,2294480000
2005-12-19,2222.739990234375,2222.739990234375,2256.030029296875,2221.7900390625,2254.639892578125,1745530000
2005-12-20,2222.419921875,2222.419921875,2231.02001953125,2213.52001953125,2223.56005859375,1702920000
2005-12-21,2231.659912109375,2231.659912109375,2241.93994140625,2225.18994140625,2227.530029296875,1630030000
2005-12-22,2246.489990234375,2246.489990234375,2247.090087890625,2232.570068359375,2233.7900390625,1498880000
2005-12-23,2249.419921875,2249.419921875,2254.7099609375,2245.580078125,2249.409912109375,978370000
2005-12-27,2226.889892578125,2226.889892578125,2259.679931640625,2226.6201171875,2253.050048828125,1250500000
2005-12-28,2228.93994140625,2228.93994140625,2233.5400390625,2221.409912109375,2230.360107421875,1221540000
2005-12-29,2218.159912109375,2218.159912109375,2232.889892578125,2216.97998046875,2229.60009765625,1185350000
2005-12-30,2205.320068359375,2205.320068359375,2209.969970703125,2200.510009765625,2209.030029296875,1284050000
2006-01-03,2243.739990234375,2243.739990234375,2249.679931640625,2189.909912109375,2216.530029296875,1998300000
2006-01-04,2263.4599609375,2263.4599609375,2265.280029296875,2246.070068359375,2246.9599609375,1887560000
2006-01-05,2276.8701171875,2276.8701171875,2277.56005859375,2264.5,2264.929931640625,1891750000
2006-01-06,2305.6201171875,2305.6201171875,2306.719970703125,2281.010009765625,2289.2099609375,2233640000
2006-01-09,2318.68994140625,2318.68994140625,2322.6298828125,2303.1298828125,2306.179931640625,1949140000
2006-01-10,2320.320068359375,2320.320068359375,2320.320068359375,2303.929931640625,2306.219970703125,1978160000
2006-01-11,2331.360107421875,2331.360107421875,2332.919921875,2316.489990234375,2321.409912109375,2380600000
2006-01-12,2316.68994140625,2316.68994140625,2330.31005859375,2313.219970703125,2327.169921875,2011460000
2006-01-13,2317.0400390625,2317.0400390625,2321.699951171875,2308.159912109375,2317.739990234375,1784410000
2006-01-17,2302.68994140625,2302.68994140625,2305.8701171875,2294.050048828125,2302.56005859375,1702260000
2006-01-18,2279.639892578125,2279.639892578125,2285.93994140625,2264.080078125,2265.5,2276900000
2006-01-19,2301.81005859375,2301.81005859375,2311.7099609375,2289.820068359375,2291.68994140625,2308150000
2006-01-20,2247.699951171875,2247.699951171875,2300.72998046875,2245.199951171875,2300.360107421875,2348140000
2006-01-23,2248.469970703125,2248.469970703125,2256.239990234375,2241.02001953125,2255.31005859375,1902480000
2006-01-24,2265.25,2265.25,2269.43994140625,2256.030029296875,2256.1298828125,2067470000
2006-01-25,2260.64990234375,2260.64990234375,2275.300048828125,2253.06005859375,2275.300048828125,2188120000
2006-01-26,2283.0,2283.0,2284.070068359375,2264.85009765625,2274.85009765625,2404920000
2006-01-27,2304.22998046875,2304.22998046875,2314.360107421875,2289.469970703125,2293.3701171875,2331690000
2006-01-30,2306.780029296875,2306.780029296875,2313.97998046875,2304.75,2306.239990234375,1900730000
2006-01-31,2305.820068359375,2305.820068359375,2311.830078125,2292.949951171875,2305.820068359375,2235900000
2006-02-01,2310.56005859375,2310.56005859375,2311.570068359375,2292.22998046875,2294.110107421875,2274610000
2006-02-02,2281.570068359375,2281.570068359375,2308.050048828125,2277.300048828125,2306.570068359375,2307830000
2006-02-03,2262.580078125,2262.580078125,2274.6201171875,2255.989990234375,2268.429931640625,2230020000
2006-02-06,2258.800048828125,2258.800048828125,2265.81005859375,2249.75,2263.1201171875,1769530000
2006-02-07,2244.9599609375,2244.9599609375,2265.5400390625,2239.510009765625,2255.93994140625,2117180000
2006-02-08,2266.97998046875,2266.97998046875,2268.719970703125,2246.97998046875,2260.219970703125,2181770000
2006-02-09,2255.8701171875,2255.8701171875,2284.52001953125,2254.260009765625,2273.77001953125,2321310000
2006-02-10,2261.8798828125,2261.8798828125,2266.43994140625,2235.409912109375,2255.77001953125,2017730000
2006-02-13,2239.81005859375,2239.81005859375,2254.31005859375,2232.679931640625,2252.0400390625,1662000000
2006-02-14,2262.169921875,2262.169921875,2266.820068359375,2237.469970703125,2243.5400390625,1805300000
2006-02-15,2276.429931640625,2276.429931640625,2277.1298828125,2255.10009765625,2259.0400390625,1783050000
2006-02-16,2294.6298828125,2294.6298828125,2294.6298828125,2278.06005859375,2281.8798828125,1940470000
2006-02-17,2282.360107421875,2282.360107421875,2291.760009765625,2279.6298828125,2291.72998046875,1948640000
2006-02-21,2262.9599609375,2262.9599609375,2284.820068359375,2256.75,2283.52001953125,1747180000
2006-02-22,2283.169921875,2283.169921875,2287.989990234375,2259.169921875,2264.68994140625,1824110000
2006-02-23,2279.320068359375,2279.320068359375,2293.739990234375,2271.820068359375,2279.590087890625,1754200000
2006-02-24,2287.0400390625,2287.0400390625,2287.860107421875,2272.780029296875,2278.27001953125,1583980000
2006-02-27,2307.179931640625,2307.179931640625,2313.530029296875,2291.239990234375,2291.47998046875,1714420000
2006-02-28,2281.389892578125,2281.389892578125,2305.6201171875,2276.739990234375,2300.9599609375,2120560000
2006-03-01,2314.639892578125,2314.639892578125,2315.949951171875,2285.639892578125,2288.14990234375,2190420000
2006-03-02,2311.110107421875,2311.110107421875,2316.929931640625,2299.760009765625,2305.530029296875,2089100000
2006-03-03,2302.60009765625,2302.60009765625,2324.919921875,2297.090087890625,2299.10009765625,2389040000
2006-03-06,2286.030029296875,2286.030029296875,2309.510009765625,2281.3701171875,2306.659912109375,2112280000
2006-03-07,2268.3798828125,2268.3798828125,2280.080078125,2259.639892578125,2280.080078125,1908310000
2006-03-08,2267.4599609375,2267.4599609375,2275.1298828125,2248.64990234375,2260.8701171875,2084040000
2006-03-09,2249.719970703125,2249.719970703125,2279.280029296875,2249.56005859375,2272.260009765625,1957560000
2006-03-10,2262.0400390625,2262.0400390625,2266.989990234375,2239.5400390625,2251.81005859375,1752700000
2006-03-13,2267.030029296875,2267.030029296875,2280.199951171875,2263.679931640625,2269.43994140625,1649550000
2006-03-14,2295.89990234375,2295.89990234375,2296.919921875,2264.239990234375,2264.25,1911750000
2006-03-15,2311.840087890625,2311.840087890625,2312.489990234375,2293.06005859375,2301.169921875,2090520000
2006-03-16,2299.56005859375,2299.56005859375,2323.7900390625,2299.550048828125,2319.110107421875,2344240000
2006-03-17,2306.47998046875,2306.47998046875,2310.840087890625,2294.5,2306.169921875,2540120000
2006-03-20,2314.110107421875,2314.110107421875,2317.1298828125,2305.590087890625,2311.929931640625,1943820000
2006-03-21,2294.22998046875,2294.22998046875,2332.949951171875,2292.550048828125,2312.89990234375,2360430000
2006-03-22,2303.35009765625,2303.35009765625,2305.43994140625,2282.3798828125,2283.389892578125,2116220000
2006-03-23,2300.14990234375,2300.14990234375,2305.169921875,2287.89990234375,2300.169921875,1963750000
2006-03-24,2312.820068359375,2312.820068359375,2316.14990234375,2300.3701171875,2304.739990234375,1928040000
2006-03-27,2315.580078125,2315.580078125,2319.929931640625,2310.02001953125,2312.469970703125,1850220000
2006-03-28,2304.4599609375,2304.4599609375,2327.830078125,2299.56005859375,2315.610107421875,1997510000
2006-03-29,2337.780029296875,2337.780029296875,2344.669921875,2308.409912109375,2309.93994140625,2375300000
2006-03-30,2340.820068359375,2340.820068359375,2353.139892578125,2330.840087890625,2340.22998046875,2160810000
2006-03-31,2339.7900390625,2339.7900390625,2348.889892578125,2334.5400390625,2345.530029296875,1851620000
2006-04-03,2336.739990234375,2336.739990234375,2357.530029296875,2334.60009765625,2352.239990234375,1952960000
2006-04-04,2345.360107421875,2345.360107421875,2350.699951171875,2332.669921875,2337.949951171875,2082320000
2006-04-05,2359.75,2359.75,2361.909912109375,2341.659912109375,2349.820068359375,2027440000
2006-04-06,2361.169921875,2361.169921875,2366.56005859375,2347.639892578125,2358.919921875,2141860000
2006-04-07,2339.02001953125,2339.02001953125,2375.449951171875,2336.7099609375,2367.320068359375,2002360000
2006-04-10,2333.27001953125,2333.27001953125,2343.590087890625,2326.469970703125,2340.389892578125,1840950000
2006-04-11,2310.35009765625,2310.35009765625,2339.7900390625,2302.18994140625,2337.8798828125,2098780000
2006-04-12,2314.679931640625,2314.679931640625,2318.050048828125,2308.330078125,2309.389892578125,1536510000
2006-04-13,2326.110107421875,2326.110107421875,2333.030029296875,2310.1201171875,2314.320068359375,1516980000
2006-04-17,2311.159912109375,2311.159912109375,2332.669921875,2299.419921875,2325.56005859375,1776170000
2006-04-18,2356.139892578125,2356.139892578125,2357.4599609375,2318.27001953125,2318.27001953125,2252800000
2006-04-19,2370.8798828125,2370.8798828125,2370.929931640625,2350.0400390625,2358.8701171875,2077690000
2006-04-20,2362.550048828125,2362.550048828125,2375.5400390625,2354.070068359375,2368.739990234375,2125120000
2006-04-21,2342.860107421875,2342.860107421875,2371.64990234375,2333.5,2371.64990234375,2326080000
2006-04-24,2333.3798828125,2333.3798828125,2338.780029296875,2324.280029296875,2338.780029296875,2008130000
2006-04-25,2330.300048828125,2330.300048828125,2338.5400390625,2321.639892578125,2338.5400390625,2301780000
2006-04-26,2333.6298828125,2333.6298828125,2342.8798828125,2327.72998046875,2333.570068359375,2084230000
2006-04-27,2344.949951171875,2344.949951171875,2361.889892578125,2315.1201171875,2324.6298828125,2573560000
2006-04-28,2322.570068359375,2322.570068359375,2337.280029296875,2317.469970703125,2321.610107421875,2501760000
2006-05-01,2304.7900390625,2304.7900390625,2334.68994140625,2300.25,2329.7900390625,2076120000
2006-05-02,2309.840087890625,2309.840087890625,2313.929931640625,2302.800048828125,2311.72998046875,2070740000
2006-05-03,2303.969970703125,2303.969970703125,2312.60009765625,2295.030029296875,2311.199951171875,2127260000
2006-05-04,2323.89990234375,2323.89990234375,2326.820068359375,2307.3798828125,2307.3798828125,2054110000
2006-05-05,2342.570068359375,2342.570068359375,2344.3701171875,2332.679931640625,2335.9599609375,1989260000
2006-05-08,2344.989990234375,2344.989990234375,2352.56005859375,2339.4599609375,2342.409912109375,1726260000
2006-05-09,2338.25,2338.25,2343.6201171875,2334.169921875,2339.7099609375,1845230000
2006-05-10,2320.739990234375,2320.739990234375,2338.25,2314.449951171875,2332.820068359375,2014270000
2006-05-11,2272.699951171875,2272.699951171875,2319.60009765625,2270.510009765625,2319.080078125,2446770000
2006-05-12,2243.780029296875,2243.780029296875,2264.18994140625,2243.320068359375,2263.969970703125,2289510000
2006-05-15,2238.52001953125,2238.52001953125,2245.179931640625,2220.5,2234.010009765625,2006700000
2006-05-16,2229.1298828125,2229.1298828125,2243.739990234375,2222.800048828125,2239.0,1996620000
2006-05-17,2195.800048828125,2195.800048828125,2222.3798828125,2193.8701171875,2214.89990234375,2337800000
2006-05-18,2180.320068359375,2180.320068359375,2212.949951171875,2180.280029296875,2205.3701171875,2022640000
2006-05-19,2193.8798828125,2193.8798828125,2198.659912109375,2164.5400390625,2183.340087890625,2514380000
2006-05-22,2172.860107421875,2172.860107421875,2184.570068359375,2156.669921875,2178.14990234375,2269960000
2006-05-23,2158.760009765625,2158.760009765625,2199.56005859375,2158.760009765625,2188.3798828125,2131750000
2006-05-24,2169.169921875,2169.169921875,2179.840087890625,2135.81005859375,2159.830078125,2597020000
2006-05-25,2198.239990234375,2198.239990234375,2198.580078125,2174.239990234375,2182.429931640625,2028960000
2006-05-26,2210.3701171875,2210.3701171875,2210.489990234375,2196.699951171875,2205.89990234375,1540700000
2006-05-30,2164.739990234375,2164.739990234375,2202.570068359375,2164.739990234375,2202.570068359375,1718660000
2006-05-31,2178.8798828125,2178.8798828125,2185.330078125,2165.7900390625,2171.4599609375,2119060000
2006-06-01,2219.860107421875,2219.860107421875,2219.860107421875,2177.800048828125,2179.820068359375,2078740000
2006-06-02,2219.409912109375,2219.409912109375,2233.8798828125,2203.72998046875,2229.840087890625,1933380000
2006-06-05,2169.6201171875,2169.6201171875,2219.409912109375,2169.39990234375,2212.35009765625,1733250000
2006-06-06,2162.780029296875,2162.780029296875,2176.469970703125,2144.199951171875,2174.280029296875,2089540000
2006-06-07,2151.800048828125,2151.800048828125,2184.43994140625,2150.68994140625,2166.580078125,1913870000
2006-06-08,2145.320068359375,2145.320068359375,2151.800048828125,2100.429931640625,2141.590087890625,2948100000
2006-06-09,2135.06005859375,2135.06005859375,2163.2099609375,2133.469970703125,2151.919921875,1754740000
2006-06-12,2091.320068359375,2091.320068359375,2138.679931640625,2091.320068359375,2137.469970703125,1887720000
2006-06-13,2072.469970703125,2072.469970703125,2108.360107421875,2067.739990234375,2089.8798828125,2594500000
2006-06-14,2086.0,2086.0,2091.93994140625,2065.110107421875,2075.550048828125,2090140000
2006-06-15,2144.14990234375,2144.14990234375,2147.909912109375,2086.0,2098.3701171875,2201490000
2006-06-16,2129.949951171875,2129.949951171875,2144.14990234375,2122.780029296875,2140.510009765625,2428150000
2006-06-19,2110.419921875,2110.419921875,2138.77001953125,2104.3798828125,2136.60009765625,1681580000
2006-06-20,2107.06005859375,2107.06005859375,2126.719970703125,2103.77001953125,2110.919921875,1572100000
2006-06-21,2141.199951171875,2141.199951171875,2152.56005859375,2107.06005859375,2109.219970703125,1854850000
2006-06-22,2122.97998046875,2122.97998046875,2141.199951171875,2113.590087890625,2138.969970703125,1644700000
2006-06-23,2121.469970703125,2121.469970703125,2137.429931640625,2110.81005859375,2120.300048828125,1614510000
2006-06-26,2133.669921875,2133.669921875,2135.7099609375,2121.469970703125,2126.4599609375,1392940000
2006-06-27,2100.25,2100.25,2139.429931640625,2098.760009765625,2134.580078125,1788170000
2006-06-28,2111.840087890625,2111.840087890625,2112.6201171875,2090.780029296875,2105.93994140625,1591310000
2006-06-29,2174.3798828125,2174.3798828125,2174.3798828125,2111.840087890625,2121.5,2165390000
2006-06-30,2172.090087890625,2172.090087890625,2183.47998046875,2164.669921875,2181.469970703125,2458840000
2006-07-03,2190.429931640625,2190.429931640625,2190.43994140625,2172.090087890625,2177.909912109375,788200000
2006-07-05,2153.340087890625,2153.340087890625,2190.429931640625,2147.1201171875,2174.68994140625,1586970000
2006-07-06,2155.090087890625,2155.090087890625,2168.5400390625,2148.2099609375,2156.300048828125,1585090000
2006-07-07,2130.06005859375,2130.06005859375,2155.090087890625,2126.639892578125,2146.889892578125,1759870000
2006-07-10,2116.929931640625,2116.929931640625,2142.360107421875,2109.179931640625,2135.9599609375,1561790000
2006-07-11,2128.860107421875,2128.860107421875,2129.469970703125,2095.68994140625,2110.419921875,1971500000
2006-07-12,2090.239990234375,2090.239990234375,2128.860107421875,2090.22998046875,2121.7099609375,1776520000
2006-07-13,2054.110107421875,2054.110107421875,2090.239990234375,2054.10009765625,2076.389892578125,2022040000
2006-07-14,2037.3499755859375,2037.3499755859375,2056.530029296875,2027.1099853515625,2053.8798828125,1779960000
2006-07-17,2037.719970703125,2037.719970703125,2050.64990234375,2028.300048828125,2034.760009765625,1504880000
2006-07-18,2043.219970703125,2043.219970703125,2052.530029296875,2012.780029296875,2043.1800537109375,1996880000
2006-07-19,2080.7099609375,2080.7099609375,2086.070068359375,2037.0999755859375,2037.6800537109375,2304740000
2006-07-20,2039.4200439453125,2039.4200439453125,2084.239990234375,2038.7099609375,2083.830078125,1951450000
2006-07-21,2020.3900146484375,2020.3900146484375,2035.780029296875,2014.0699462890625,2035.260009765625,2346890000
2006-07-24,2061.840087890625,2061.840087890625,2061.840087890625,2030.489990234375,2030.489990234375,1975870000
2006-07-25,2073.89990234375,2073.89990234375,2080.110107421875,2055.340087890625,2060.3798828125,1913710000
2006-07-26,2070.4599609375,2070.4599609375,2083.9599609375,2053.639892578125,2066.4599609375,2073310000
2006-07-27,2054.469970703125,2054.469970703125,2093.139892578125,2052.02001953125,2082.570068359375,2120100000
2006-07-28,2094.139892578125,2094.139892578125,2094.949951171875,2065.06005859375,2065.280029296875,1803290000
2006-07-31,2091.469970703125,2091.469970703125,2098.239990234375,2082.6201171875,2087.860107421875,1582270000
2006-08-01,2061.989990234375,2061.989990234375,2080.340087890625,2052.75,2080.340087890625,1663070000
2006-08-02,2078.81005859375,2078.81005859375,2089.0,2069.580078125,2069.909912109375,1755730000
2006-08-03,2092.340087890625,2092.340087890625,2099.81005859375,2060.909912109375,2064.56005859375,1818790000
2006-08-04,2085.050048828125,2085.050048828125,2119.010009765625,2068.800048828125,2107.830078125,1832040000
2006-08-07,2072.5,2072.5,2079.449951171875,2064.93994140625,2079.449951171875,1428170000
2006-08-08,2060.85009765625,2060.85009765625,2083.89990234375,2054.1298828125,2079.52001953125,1889440000
2006-08-09,2060.280029296875,2060.280029296875,2097.760009765625,2056.77001953125,2085.56005859375,2074060000
2006-08-10,2071.739990234375,2071.739990234375,2076.35009765625,2048.219970703125,2052.97998046875,1730320000
2006-08-11,2057.7099609375,2057.7099609375,2066.22998046875,2049.840087890625,2066.22998046875,1423530000
2006-08-14,2069.0400390625,2069.0400390625,2092.659912109375,2067.68994140625,2073.010009765625,1480120000
2006-08-15,2115.010009765625,2115.010009765625,2115.010009765625,2089.60009765625,2092.489990234375,1755660000
2006-08-16,2149.5400390625,2149.5400390625,2149.5400390625,2120.110107421875,2127.06005859375,2474760000
2006-08-17,2157.610107421875,2157.610107421875,2168.110107421875,2141.56005859375,2144.300048828125,1919020000
2006-08-18,2163.949951171875,2163.949951171875,2165.469970703125,2138.449951171875,2157.139892578125,1683790000
2006-08-21,2147.75,2147.75,2153.530029296875,2140.81005859375,2151.909912109375,1314000000
2006-08-22,2150.02001953125,2150.02001953125,2162.679931640625,2140.6298828125,2145.31005859375,1555940000
2006-08-23,2134.659912109375,2134.659912109375,2160.110107421875,2126.75,2152.909912109375,1457180000
2006-08-24,2137.110107421875,2137.110107421875,2144.330078125,2122.64990234375,2142.340087890625,1404360000
2006-08-25,2140.2900390625,2140.2900390625,2152.919921875,2129.25,2132.169921875,1282510000
2006-08-28,2160.699951171875,2160.699951171875,2164.219970703125,2139.570068359375,2140.52001953125,1333860000
2006-08-29,2172.300048828125,2172.300048828125,2173.8798828125,2145.219970703125,2161.9599609375,1580990000
2006-08-30,2185.72998046875,2185.72998046875,2188.550048828125,2167.47998046875,2175.070068359375,1620030000
2006-08-31,2183.75,2183.75,2193.340087890625,2181.77001953125,2189.169921875,1700210000
2006-09-01,2193.159912109375,2193.159912109375,2198.580078125,2182.929931640625,2194.56005859375,1325540000
2006-09-05,2205.699951171875,2205.699951171875,2207.550048828125,2184.419921875,2192.93994140625,1732460000
2006-09-06,2167.840087890625,2167.840087890625,2190.260009765625,2167.6298828125,2189.699951171875,1797080000
2006-09-07,2155.2900390625,2155.2900390625,2174.800048828125,2149.360107421875,2160.050048828125,1847190000
2006-09-08,2165.7900390625,2165.7900390625,2168.43994140625,2154.550048828125,2160.02001953125,1457220000
2006-09-11,2173.25,2173.25,2180.389892578125,2147.43994140625,2152.1201171875,1694280000
2006-09-12,2215.820068359375,2215.820068359375,2217.280029296875,2174.610107421875,2174.610107421875,2007990000
2006-09-13,2227.669921875,2227.669921875,2229.179931640625,2211.139892578125,2214.800048828125,1860530000
2006-09-14,2228.72998046875,2228.72998046875,2230.969970703125,2218.860107421875,2221.72998046875,1826600000
2006-09-15,2235.590087890625,2235.590087890625,2247.159912109375,2227.719970703125,2243.280029296875,2455870000
2006-09-18,2235.75,2235.75,2247.469970703125,2228.52001953125,2232.989990234375,1914200000
2006-09-19,2222.3701171875,2222.3701171875,2239.860107421875,2202.929931640625,2239.860107421875,2079920000
2006-09-20,2252.889892578125,2252.889892578125,2257.280029296875,2242.110107421875,2242.110107421875,2164940000
2006-09-21,2237.75,2237.75,2261.469970703125,2232.889892578125,2257.5400390625,1993110000
2006-09-22,2218.929931640625,2218.929931640625,2233.550048828125,2210.1298828125,2233.550048828125,1646540000
2006-09-25,2249.070068359375,2249.070068359375,2253.449951171875,2212.02001953125,2227.3701171875,1833860000
2006-09-26,2261.340087890625,2261.340087890625,2261.780029296875,2243.669921875,2247.719970703125,2011140000
2006-09-27,2263.389892578125,2263.389892578125,2271.0,2254.3701171875,2256.169921875,2039100000
2006-09-28,2270.02001953125,2270.02001953125,2273.1201171875,2252.909912109375,2266.929931640625,1805260000
2006-09-29,2258.429931640625,2258.429931640625,2273.300048828125,2257.97998046875,2273.300048828125,1812120000
2006-10-02,2237.60009765625,2237.60009765625,2262.669921875,2235.679931640625,2257.0,1769170000
2006-10-03,2243.64990234375,2243.64990234375,2251.860107421875,2224.2099609375,2233.010009765625,1946800000
2006-10-04,2290.949951171875,2290.949951171875,2290.97998046875,2239.260009765625,2239.8798828125,2190280000
2006-10-05,2306.340087890625,2306.340087890625,2306.35009765625,2287.610107421875,2289.530029296875,1911090000
2006-10-06,2299.989990234375,2299.989990234375,2306.280029296875,2289.989990234375,2296.14990234375,1672470000
2006-10-09,2311.77001953125,2311.77001953125,2317.419921875,2295.25,2297.820068359375,1485280000
2006-10-10,2315.429931640625,2315.429931640625,2319.06005859375,2302.239990234375,2314.1201171875,1760360000
2006-10-11,2308.27001953125,2308.27001953125,2322.070068359375,2292.2900390625,2304.669921875,1995600000
2006-10-12,2346.179931640625,2346.179931640625,2346.2900390625,2318.280029296875,2318.280029296875,2003960000
2006-10-13,2357.2900390625,2357.2900390625,2360.22998046875,2341.39990234375,2344.699951171875,1940530000
2006-10-16,2363.840087890625,2363.840087890625,2368.110107421875,2358.010009765625,2359.18994140625,1823620000
2006-10-17,2344.949951171875,2344.949951171875,2354.070068359375,2329.800048828125,2354.070068359375,2125950000
2006-10-18,2337.14990234375,2337.14990234375,2362.090087890625,2330.489990234375,2355.419921875,2130750000
2006-10-19,2340.93994140625,2340.93994140625,2345.239990234375,2324.429931640625,2332.5400390625,2000690000
2006-10-20,2342.300048828125,2342.300048828125,2349.360107421875,2329.1298828125,2340.93994140625,1922070000
2006-10-23,2355.56005859375,2355.56005859375,2364.199951171875,2330.610107421875,2338.14990234375,1823480000
2006-10-24,2344.840087890625,2344.840087890625,2356.030029296875,2335.909912109375,2352.489990234375,1856880000
2006-10-25,2356.590087890625,2356.590087890625,2359.760009765625,2338.64990234375,2346.77001953125,2100780000
2006-10-26,2379.10009765625,2379.10009765625,2379.2900390625,2347.8798828125,2361.090087890625,2339540000
2006-10-27,2350.6201171875,2350.6201171875,2377.340087890625,2347.070068359375,2375.169921875,2268950000
2006-10-30,2363.77001953125,2363.77001953125,2371.06005859375,2341.030029296875,2347.2099609375,1724180000
2006-10-31,2366.7099609375,2366.7099609375,2374.639892578125,2355.949951171875,2368.75,1922150000
2006-11-01,2334.35009765625,2334.35009765625,2375.530029296875,2330.570068359375,2373.489990234375,2027020000
2006-11-02,2334.02001953125,2334.02001953125,2339.1298828125,2320.840087890625,2324.47998046875,1887310000
2006-11-03,2330.7900390625,2330.7900390625,2343.97998046875,2316.820068359375,2339.0400390625,1830050000
2006-11-06,2365.949951171875,2365.949951171875,2371.81005859375,2341.659912109375,2341.659912109375,1892250000
2006-11-07,2375.8798828125,2375.8798828125,2391.340087890625,2363.639892578125,2366.010009765625,2088770000
2006-11-08,2384.93994140625,2384.93994140625,2393.469970703125,2358.43994140625,2363.919921875,2076020000
2006-11-09,2376.010009765625,2376.010009765625,2401.330078125,2370.60009765625,2399.280029296875,2380240000
2006-11-10,2389.719970703125,2389.719970703125,2389.719970703125,2373.6201171875,2378.260009765625,1680460000
2006-11-13,2406.3798828125,2406.3798828125,2408.909912109375,2387.8798828125,2389.52001953125,1720810000
2006-11-14,2430.659912109375,2430.659912109375,2430.830078125,2394.6201171875,2408.050048828125,1926370000
2006-11-15,2442.75,2442.75,2452.56005859375,2429.679931640625,2430.139892578125,2103870000
2006-11-16,2449.06005859375,2449.06005859375,2453.35009765625,2438.0400390625,2447.090087890625,2038830000
2006-11-17,2445.860107421875,2445.860107421875,2445.860107421875,2431.7900390625,2439.6298828125,1732400000
2006-11-20,2452.719970703125,2452.719970703125,2457.139892578125,2437.840087890625,2441.159912109375,1697480000
2006-11-21,2454.840087890625,2454.840087890625,2456.60009765625,2445.0400390625,2454.64990234375,1660270000
2006-11-22,2465.97998046875,2465.97998046875,2467.199951171875,2450.639892578125,2463.2099609375,1573120000
2006-11-24,2460.260009765625,2460.260009765625,2468.419921875,2449.320068359375,2449.72998046875,681510000
2006-11-27,2405.919921875,2405.919921875,2454.639892578125,2405.889892578125,2454.169921875,1950300000
2006-11-28,2412.610107421875,2412.610107421875,2414.080078125,2390.10009765625,2397.320068359375,1958630000
2006-11-29,2432.22998046875,2432.22998046875,2436.610107421875,2414.800048828125,2422.909912109375,1903430000
2006-11-30,2431.77001953125,2431.77001953125,2441.35009765625,2419.22998046875,2430.75,2134200000
2006-12-01,2413.2099609375,2413.2099609375,2434.389892578125,2392.949951171875,2430.75,2040520000
2006-12-04,2448.389892578125,2448.389892578125,2455.669921875,2420.60009765625,2420.919921875,1954530000
2006-12-05,2452.3798828125,2452.3798828125,2459.510009765625,2445.139892578125,2455.699951171875,1990600000
2006-12-06,2445.860107421875,2445.860107421875,2451.860107421875,2436.469970703125,2447.5400390625,1889000000
2006-12-07,2427.68994140625,2427.68994140625,2454.909912109375,2427.68994140625,2449.639892578125,2051030000
2006-12-08,2437.360107421875,2437.360107421875,2447.030029296875,2416.77001953125,2423.669921875,1840600000
2006-12-11,2442.860107421875,2442.860107421875,2453.219970703125,2429.969970703125,2437.360107421875,1813340000
2006-12-12,2431.60009765625,2431.60009765625,2444.719970703125,2419.320068359375,2443.030029296875,1927540000
2006-12-13,2432.409912109375,2432.409912109375,2444.1201171875,2423.8701171875,2444.1201171875,1782430000
2006-12-14,2453.85009765625,2453.85009765625,2461.31005859375,2435.75,2435.75,1889510000
2006-12-15,2457.199951171875,2457.199951171875,2470.02001953125,2455.239990234375,2467.360107421875,2324650000
2006-12-18,2435.570068359375,2435.570068359375,2470.949951171875,2428.659912109375,2462.429931640625,1936350000
2006-12-19,2429.550048828125,2429.550048828125,2437.330078125,2408.85009765625,2420.080078125,1960720000
2006-12-20,2427.610107421875,2427.610107421875,2443.340087890625,2426.409912109375,2432.0,1749530000
2006-12-21,2415.85009765625,2415.85009765625,2433.1298828125,2408.989990234375,2430.139892578125,1732880000
2006-12-22,2401.179931640625,2401.179931640625,2416.489990234375,2400.719970703125,2415.97998046875,1306530000
2006-12-26,2413.510009765625,2413.510009765625,2414.2099609375,2397.679931640625,2398.219970703125,1016200000
2006-12-27,2431.219970703125,2431.219970703125,2432.72998046875,2418.780029296875,2418.780029296875,1216260000
2006-12-28,2425.570068359375,2425.570068359375,2432.47998046875,2420.909912109375,2425.320068359375,1237530000
2006-12-29,2415.2900390625,2415.2900390625,2437.3798828125,2413.429931640625,2423.030029296875,1413920000
2007-01-03,2423.159912109375,2423.159912109375,2454.6201171875,2394.659912109375,2429.719970703125,2435280000
2007-01-04,2453.429931640625,2453.429931640625,2460.510009765625,2413.75,2423.820068359375,2104210000
2007-01-05,2434.25,2434.25,2445.070068359375,2420.590087890625,2445.070068359375,2060360000
2007-01-08,2438.199951171875,2438.199951171875,2445.6298828125,2421.1298828125,2435.25,1905620000
2007-01-09,2443.830078125,2443.830078125,2449.8701171875,2423.56005859375,2443.260009765625,2144160000
2007-01-10,2459.330078125,2459.330078125,2461.340087890625,2427.89990234375,2434.0400390625,2274210000
2007-01-11,2484.85009765625,2484.85009765625,2489.4599609375,2463.389892578125,2464.889892578125,2436270000
2007-01-12,2502.820068359375,2502.820068359375,2502.820068359375,2481.5400390625,2481.719970703125,2175810000
2007-01-16,2497.780029296875,2497.780029296875,2508.929931640625,2493.919921875,2504.56005859375,2139550000
2007-01-17,2479.419921875,2479.419921875,2496.929931640625,2475.830078125,2487.889892578125,2273880000
2007-01-18,2443.2099609375,2443.2099609375,2475.800048828125,2438.110107421875,2475.330078125,2456180000
2007-01-19,2451.31005859375,2451.31005859375,2453.7900390625,2435.679931640625,2437.6298828125,2037890000
2007-01-22,2431.070068359375,2431.070068359375,2454.659912109375,2422.919921875,2454.5,1900860000
2007-01-23,2431.409912109375,2431.409912109375,2447.030029296875,2425.97998046875,2428.260009765625,2001100000
2007-01-24,2466.280029296875,2466.280029296875,2466.280029296875,2440.820068359375,2443.010009765625,2202040000
2007-01-25,2434.239990234375,2434.239990234375,2470.510009765625,2430.56005859375,2469.27001953125,2202280000
2007-01-26,2435.489990234375,2435.489990234375,2443.43994140625,2418.610107421875,2441.10009765625,2067080000
2007-01-29,2441.090087890625,2441.090087890625,2451.830078125,2431.31005859375,2434.639892578125,1915400000
2007-01-30,2448.639892578125,2448.639892578125,2451.0,2437.419921875,2446.659912109375,1769600000
2007-01-31,2463.929931640625,2463.929931640625,2471.199951171875,2433.760009765625,2443.330078125,2186710000
2007-02-01,2468.3798828125,2468.3798828125,2481.3798828125,2458.7099609375,2474.080078125,2170040000
2007-02-02,2475.8798828125,2475.8798828125,2478.409912109375,2466.56005859375,2474.18994140625,1876770000
2007-02-05,2470.60009765625,2470.60009765625,2481.570068359375,2466.179931640625,2475.030029296875,1875310000
2007-02-06,2471.489990234375,2471.489990234375,2478.239990234375,2454.60009765625,2475.780029296875,2113710000
2007-02-07,2490.5,2490.5,2495.27001953125,2475.570068359375,2483.72998046875,2198410000
2007-02-08,2488.669921875,2488.669921875,2492.409912109375,2477.7099609375,2484.5,1995880000
2007-02-09,2459.820068359375,2459.820068359375,2496.52001953125,2453.43994140625,2491.64990234375,2186590000
2007-02-12,2450.3798828125,2450.3798828125,2460.6298828125,2444.679931640625,2460.6298828125,1840250000
2007-02-13,2459.8798828125,2459.8798828125,2464.56005859375,2452.169921875,2455.25,1821390000
2007-02-14,2488.3798828125,2488.3798828125,2494.510009765625,2468.0400390625,2468.0400390625,2173580000
2007-02-15,2497.10009765625,2497.10009765625,2498.3701171875,2485.510009765625,2489.840087890625,1949670000
2007-02-16,2496.31005859375,2496.31005859375,2497.919921875,2482.659912109375,2491.47998046875,1887430000
2007-02-20,2513.0400390625,2513.0400390625,2514.219970703125,2479.919921875,2491.75,2165590000
2007-02-21,2518.419921875,2518.419921875,2518.419921875,2500.9599609375,2503.5400390625,2012450000
2007-02-22,2524.93994140625,2524.93994140625,2531.419921875,2509.06005859375,2523.360107421875,1850960000
2007-02-23,2515.10009765625,2515.10009765625,2522.840087890625,2506.949951171875,2522.530029296875,2012220000
2007-02-26,2504.52001953125,2504.52001953125,2525.97998046875,2492.5400390625,2525.0400390625,1912480000
2007-02-27,2407.860107421875,2407.860107421875,2470.919921875,2402.360107421875,2468.739990234375,3037380000
2007-02-28,2416.14990234375,2416.14990234375,2431.860107421875,2395.35009765625,2411.889892578125,2620450000
2007-03-01,2404.2099609375,2404.2099609375,2419.14990234375,2359.43994140625,2377.179931640625,2710750000
2007-03-02,2368.0,2368.0,2401.260009765625,2368.0,2389.860107421875,2352790000
2007-03-05,2340.679931640625,2340.679931640625,2377.840087890625,2340.39990234375,2368.0,2291680000
2007-03-06,2385.139892578125,2385.139892578125,2390.139892578125,2361.27001953125,2363.14990234375,2121430000
2007-03-07,2374.639892578125,2374.639892578125,2388.780029296875,2371.919921875,2382.64990234375,1959330000
2007-03-08,2387.72998046875,2387.72998046875,2402.199951171875,2382.0,2396.550048828125,1989910000
2007-03-09,2387.550048828125,2387.550048828125,2404.800048828125,2375.570068359375,2403.1298828125,1875050000
2007-03-12,2402.2900390625,2402.2900390625,2404.02001953125,2384.389892578125,2385.139892578125,1637980000
2007-03-13,2350.570068359375,2350.570068359375,2395.97998046875,2350.570068359375,2388.860107421875,2235000000
2007-03-14,2371.739990234375,2371.739990234375,2371.739990234375,2331.570068359375,2350.93994140625,2255630000
2007-03-15,2378.699951171875,2378.699951171875,2382.6201171875,2367.739990234375,2371.02001953125,1690430000
2007-03-16,2372.659912109375,2372.659912109375,2385.320068359375,2364.360107421875,2376.820068359375,2031650000
2007-03-19,2394.409912109375,2394.409912109375,2399.800048828125,2381.550048828125,2384.659912109375,1650970000
2007-03-20,2408.2099609375,2408.2099609375,2412.639892578125,2393.18994140625,2394.820068359375,1761940000
2007-03-21,2455.919921875,2455.919921875,2455.919921875,2405.389892578125,2415.5400390625,2158740000
2007-03-22,2451.739990234375,2451.739990234375,2457.3701171875,2442.510009765625,2457.06005859375,1887290000
2007-03-23,2448.929931640625,2448.929931640625,2459.9599609375,2447.81005859375,2451.830078125,1634470000
2007-03-26,2455.6298828125,2455.6298828125,2455.6298828125,2428.0,2451.60009765625,1817870000
2007-03-27,2437.429931640625,2437.429931640625,2450.030029296875,2435.18994140625,2448.919921875,1708060000
2007-03-28,2417.10009765625,2417.10009765625,2434.320068359375,2413.090087890625,2427.18994140625,1868310000
2007-03-29,2417.8798828125,2417.8798828125,2433.0400390625,2396.830078125,2432.5,1926070000
2007-03-30,2421.639892578125,2421.639892578125,2432.199951171875,2403.010009765625,2419.909912109375,1998550000
2007-04-02,2422.260009765625,2422.260009765625,2427.93994140625,2409.0400390625,2425.360107421875,1784170000
2007-04-03,2450.330078125,2450.330078125,2456.169921875,2432.300048828125,2432.300048828125,1932030000
2007-04-04,2458.68994140625,2458.68994140625,2461.489990234375,2448.68994140625,2451.93994140625,1933300000
2007-04-05,2471.340087890625,2471.340087890625,2471.340087890625,2455.60009765625,2457.64990234375,1537800000
2007-04-09,2469.179931640625,2469.179931640625,2478.679931640625,2464.570068359375,2478.02001953125,1714880000
2007-04-10,2477.610107421875,2477.610107421875,2479.4599609375,2468.030029296875,2468.1298828125,1834530000
2007-04-11,2459.31005859375,2459.31005859375,2478.510009765625,2452.050048828125,2477.760009765625,1957970000
2007-04-12,2480.320068359375,2480.320068359375,2480.409912109375,2448.7099609375,2455.719970703125,1905500000
2007-04-13,2491.93994140625,2491.93994140625,2491.93994140625,2468.22998046875,2479.68994140625,1834320000
2007-04-16,2518.330078125,2518.330078125,2519.030029296875,2500.550048828125,2500.550048828125,1779410000
2007-04-17,2516.949951171875,2516.949951171875,2522.070068359375,2510.60009765625,2519.1201171875,1900920000
2007-04-18,2510.5,2510.5,2518.2099609375,2499.64990234375,2507.340087890625,2046760000
2007-04-19,2505.35009765625,2505.35009765625,2515.949951171875,2490.340087890625,2497.219970703125,2112920000
2007-04-20,2526.389892578125,2526.389892578125,2532.239990234375,2515.239990234375,2525.22998046875,2084270000
2007-04-23,2523.669921875,2523.669921875,2531.39990234375,2518.469970703125,2525.77001953125,1928530000
2007-04-24,2524.5400390625,2524.5400390625,2529.47998046875,2509.260009765625,2528.389892578125,2220610000
2007-04-25,2547.889892578125,2547.889892578125,2551.389892578125,2523.840087890625,2533.5400390625,2644120000
2007-04-26,2554.4599609375,2554.4599609375,2560.639892578125,2544.1201171875,2551.489990234375,2406090000
2007-04-27,2557.2099609375,2557.2099609375,2562.989990234375,2550.10009765625,2554.47998046875,2078160000
2007-04-30,2525.090087890625,2525.090087890625,2558.75,2525.090087890625,2558.050048828125,2080710000
2007-05-01,2531.530029296875,2531.530029296875,2532.3701171875,2510.570068359375,2529.949951171875,2351750000
2007-05-02,2557.840087890625,2557.840087890625,2562.780029296875,2531.9599609375,2531.9599609375,2073150000
2007-05-03,2565.4599609375,2565.4599609375,2569.800048828125,2555.840087890625,2560.85009765625,2137140000
2007-05-04,2572.14990234375,2572.14990234375,2577.9599609375,2561.72998046875,2574.5,2214130000
2007-05-07,2570.949951171875,2570.949951171875,2580.06005859375,2569.219970703125,2572.639892578125,1652300000
2007-05-08,2571.75,2571.75,2571.75,2551.14990234375,2563.179931640625,1897750000
2007-05-09,2576.340087890625,2576.340087890625,2579.97998046875,2555.7099609375,2557.6298828125,2104220000
2007-05-10,2533.739990234375,2533.739990234375,2570.72998046875,2533.1201171875,2564.800048828125,2237610000
2007-05-11,2562.219970703125,2562.219970703125,2562.449951171875,2539.669921875,2541.659912109375,1725550000
2007-05-14,2546.43994140625,2546.43994140625,2568.929931640625,2537.919921875,2564.050048828125,1941450000
2007-05-15,2525.2900390625,2525.2900390625,2557.780029296875,2523.830078125,2544.669921875,2187760000
2007-05-16,2547.419921875,2547.419921875,2547.419921875,2519.35009765625,2532.7099609375,2061050000
2007-05-17,2539.3798828125,2539.3798828125,2547.7099609375,2535.469970703125,2544.320068359375,1924890000
2007-05-18,2558.449951171875,2558.449951171875,2559.030029296875,2540.669921875,2548.070068359375,1996930000
2007-05-21,2578.7900390625,2578.7900390625,2587.8701171875,2560.85009765625,2560.929931640625,1974220000
2007-05-22,2588.02001953125,2588.02001953125,2593.030029296875,2573.949951171875,2580.0400390625,1943950000
2007-05-23,2577.050048828125,2577.050048828125,2600.93994140625,2576.22998046875,2592.6201171875,2011060000
2007-05-24,2537.919921875,2537.919921875,2585.72998046875,2531.280029296875,2577.2099609375,2350850000
2007-05-25,2557.18994140625,2557.18994140625,2560.030029296875,2544.4599609375,2547.409912109375,1559700000
2007-05-29,2572.06005859375,2572.06005859375,2576.360107421875,2558.39990234375,2561.0400390625,1651000000
2007-05-30,2592.590087890625,2592.590087890625,2592.590087890625,2551.679931640625,2556.169921875,1969150000
2007-05-31,2604.52001953125,2604.52001953125,2607.89990234375,2594.2900390625,2599.469970703125,2286850000
2007-06-01,2613.919921875,2613.919921875,2626.39990234375,2608.68994140625,2614.010009765625,1880030000
2007-06-04,2618.2900390625,2618.2900390625,2619.75,2604.85009765625,2606.050048828125,1947220000
2007-06-05,2611.22998046875,2611.22998046875,2613.31005859375,2595.010009765625,2611.159912109375,2182810000
2007-06-06,2587.179931640625,2587.179931640625,2599.56005859375,2578.81005859375,2599.56005859375,2163430000
2007-06-07,2541.3798828125,2541.3798828125,2585.72998046875,2541.3798828125,2577.3701171875,2716240000
2007-06-08,2573.5400390625,2573.5400390625,2573.739990234375,2534.969970703125,2541.139892578125,1908130000
2007-06-11,2572.14990234375,2572.14990234375,2584.820068359375,2566.840087890625,2569.639892578125,1614980000
2007-06-12,2549.77001953125,2549.77001953125,2576.889892578125,2547.989990234375,2560.409912109375,2047210000
2007-06-13,2582.31005859375,2582.31005859375,2582.31005859375,2556.719970703125,2558.469970703125,2086610000
2007-06-14,2599.409912109375,2599.409912109375,2604.760009765625,2583.929931640625,2584.139892578125,1936220000
2007-06-15,2626.7099609375,2626.7099609375,2630.510009765625,2620.719970703125,2625.330078125,2420750000
2007-06-18,2626.60009765625,2626.60009765625,2631.449951171875,2617.659912109375,2631.340087890625,1717120000
2007-06-19,2626.760009765625,2626.760009765625,2631.300048828125,2612.419921875,2620.31005859375,1871880000
2007-06-20,2599.9599609375,2599.9599609375,2634.60009765625,2599.6298828125,2632.199951171875,2793260000
2007-06-21,2616.9599609375,2616.9599609375,2618.5400390625,2586.050048828125,2597.64990234375,2562640000
2007-06-22,2588.9599609375,2588.9599609375,2612.75,2583.239990234375,2610.360107421875,3240350000
2007-06-25,2577.080078125,2577.080078125,2605.8701171875,2568.5,2590.590087890625,2039010000
2007-06-26,2574.159912109375,2574.159912109375,2590.889892578125,2566.340087890625,2589.219970703125,2100330000
2007-06-27,2605.35009765625,2605.35009765625,2605.919921875,2560.449951171875,2563.830078125,2020260000
2007-06-28,2608.3701171875,2608.3701171875,2624.60009765625,2604.60009765625,2606.139892578125,1923410000
2007-06-29,2603.22998046875,2603.22998046875,2626.56005859375,2590.090087890625,2619.93994140625,2168420000
2007-07-02,2632.300048828125,2632.300048828125,2632.300048828125,2614.840087890625,2617.389892578125,1853840000
2007-07-03,2644.949951171875,2644.949951171875,2644.949951171875,2635.0,2636.7099609375,1089120000
2007-07-05,2656.64990234375,2656.64990234375,2658.010009765625,2637.780029296875,2646.300048828125,1694530000
2007-07-06,2666.510009765625,2666.510009765625,2667.969970703125,2649.050048828125,2656.300048828125,1597110000
2007-07-09,2670.02001953125,2670.02001953125,2672.590087890625,2660.64990234375,2668.989990234375,1895200000
2007-07-10,2639.159912109375,2639.159912109375,2662.550048828125,2637.659912109375,2657.8701171875,2229340000
2007-07-11,2651.7900390625,2651.7900390625,2652.340087890625,2631.889892578125,2637.1201171875,2014260000
2007-07-12,2701.72998046875,2701.72998046875,2701.72998046875,2662.52001953125,2662.760009765625,2166350000
2007-07-13,2707.0,2707.0,2707.639892578125,2694.090087890625,2696.9599609375,1729190000
2007-07-16,2697.330078125,2697.330078125,2712.1298828125,2693.7099609375,2703.39990234375,1751060000
2007-07-17,2712.2900390625,2712.2900390625,2719.93994140625,2701.56005859375,2702.10009765625,2158690000
2007-07-18,2699.489990234375,2699.489990234375,2699.8701171875,2674.260009765625,2695.280029296875,2257380000
2007-07-19,2720.0400390625,2720.0400390625,2724.739990234375,2710.840087890625,2716.659912109375,2177500000
2007-07-20,2687.60009765625,2687.60009765625,2710.320068359375,2674.639892578125,2709.989990234375,2335920000
2007-07-23,2690.580078125,2690.580078125,2705.030029296875,2688.409912109375,2698.489990234375,2034080000
2007-07-24,2639.860107421875,2639.860107421875,2682.39990234375,2634.030029296875,2673.699951171875,2463270000
2007-07-25,2648.169921875,2648.169921875,2665.81005859375,2628.14990234375,2660.18994140625,2482250000
2007-07-26,2599.340087890625,2599.340087890625,2632.4599609375,2563.81005859375,2620.75,3392140000
2007-07-27,2562.239990234375,2562.239990234375,2608.989990234375,2562.06005859375,2599.8701171875,2705290000
2007-07-30,2583.280029296875,2583.280029296875,2592.0,2552.31005859375,2568.139892578125,2291710000
2007-07-31,2546.27001953125,2546.27001953125,2607.449951171875,2545.89990234375,2606.320068359375,2789130000
2007-08-01,2553.8701171875,2553.8701171875,2557.110107421875,2515.81005859375,2538.5,2912270000
2007-08-02,2575.97998046875,2575.97998046875,2579.280029296875,2553.139892578125,2557.590087890625,2456970000
2007-08-03,2511.25,2511.25,2575.580078125,2511.1201171875,2572.919921875,2504430000
2007-08-06,2547.330078125,2547.330078125,2547.330078125,2491.9599609375,2524.8701171875,2815560000
2007-08-07,2561.60009765625,2561.60009765625,2577.81005859375,2523.43994140625,2532.780029296875,2704030000
2007-08-08,2612.97998046875,2612.97998046875,2627.75,2582.60009765625,2582.60009765625,3542890000
2007-08-09,2556.489990234375,2556.489990234375,2615.929931640625,2556.489990234375,2573.030029296875,3593450000
2007-08-10,2544.889892578125,2544.889892578125,2569.25,2503.159912109375,2529.5400390625,3202570000
2007-08-13,2542.239990234375,2542.239990234375,2572.510009765625,2541.35009765625,2566.60009765625,2154750000
2007-08-14,2499.1201171875,2499.1201171875,2552.489990234375,2499.1201171875,2549.260009765625,1982860000
2007-08-15,2458.830078125,2458.830078125,2520.389892578125,2457.889892578125,2492.760009765625,2259870000
2007-08-16,2451.070068359375,2451.070068359375,2460.5,2386.68994140625,2440.909912109375,3279620000
2007-08-17,2505.030029296875,2505.030029296875,2524.9599609375,2466.360107421875,2510.3798828125,2580340000
2007-08-20,2508.590087890625,2508.590087890625,2516.31005859375,2487.43994140625,2511.070068359375,1656440000
2007-08-21,2521.300048828125,2521.300048828125,2529.659912109375,2500.659912109375,2502.31005859375,1677080000
2007-08-22,2552.800048828125,2552.800048828125,2554.89990234375,2533.739990234375,2542.989990234375,1787060000
2007-08-23,2541.699951171875,2541.699951171875,2565.35009765625,2530.570068359375,2562.409912109375,1622880000
2007-08-24,2576.68994140625,2576.68994140625,2576.68994140625,2534.639892578125,2539.64990234375,1624860000
2007-08-27,2561.25,2561.25,2573.830078125,2557.47998046875,2570.409912109375,1314030000
2007-08-28,2500.639892578125,2500.639892578125,2548.06005859375,2500.550048828125,2546.389892578125,1562800000
2007-08-29,2563.159912109375,2563.159912109375,2563.159912109375,2512.60009765625,2518.820068359375,1649720000
2007-08-30,2565.300048828125,2565.300048828125,2587.860107421875,2542.47998046875,2545.080078125,1704910000
2007-08-31,2596.360107421875,2596.360107421875,2603.110107421875,2579.7900390625,2596.18994140625,1536640000
2007-09-04,2630.239990234375,2630.239990234375,2644.449951171875,2596.3798828125,2596.3798828125,1863090000
2007-09-05,2605.949951171875,2605.949951171875,2621.5400390625,2596.699951171875,2618.280029296875,1921820000
2007-09-06,2614.320068359375,2614.320068359375,2620.889892578125,2595.52001953125,2615.739990234375,1795220000
2007-09-07,2565.699951171875,2565.699951171875,2584.280029296875,2556.590087890625,2581.47998046875,1906520000
2007-09-10,2559.110107421875,2559.110107421875,2588.8798828125,2536.929931640625,2581.780029296875,1771430000
2007-09-11,2597.469970703125,2597.469970703125,2598.93994140625,2572.860107421875,2573.280029296875,1743730000
2007-09-12,2592.070068359375,2592.070068359375,2612.179931640625,2590.3798828125,2592.830078125,1888570000
2007-09-13,2601.06005859375,2601.06005859375,2612.699951171875,2589.409912109375,2607.1298828125,1666510000
2007-09-14,2602.179931640625,2602.179931640625,2603.6298828125,2577.72998046875,2582.14990234375,1586580000
2007-09-17,2581.659912109375,2581.659912109375,2596.090087890625,2575.360107421875,2594.0400390625,1407780000
2007-09-18,2651.659912109375,2651.659912109375,2651.659912109375,2583.139892578125,2592.9599609375,2083620000
2007-09-19,2666.47998046875,2666.47998046875,2683.02001953125,2654.89990234375,2665.889892578125,2183810000
2007-09-20,2654.2900390625,2654.2900390625,2669.429931640625,2648.070068359375,2659.580078125,1751460000
2007-09-21,2671.219970703125,2671.219970703125,2678.68994140625,2666.320068359375,2670.75,2268300000
2007-09-24,2667.949951171875,2667.949951171875,2692.159912109375,2660.52001953125,2676.419921875,1848950000
2007-09-25,2683.449951171875,2683.449951171875,2683.919921875,2656.330078125,2658.530029296875,1910890000
2007-09-26,2699.030029296875,2699.030029296875,2709.22998046875,2689.590087890625,2696.530029296875,1984010000
2007-09-27,2709.590087890625,2709.590087890625,2712.7900390625,2702.02001953125,2711.820068359375,1745070000
2007-09-28,2701.5,2701.5,2716.75,2692.02001953125,2709.64990234375,1929890000
2007-10-01,2740.989990234375,2740.989990234375,2743.530029296875,2704.25,2704.25,1914080000
2007-10-02,2747.110107421875,2747.110107421875,2747.110107421875,2732.68994140625,2740.64990234375,1740460000
2007-10-03,2729.429931640625,2729.429931640625,2746.139892578125,2721.22998046875,2734.320068359375,1851090000
2007-10-04,2733.570068359375,2733.570068359375,2735.52001953125,2718.050048828125,2735.389892578125,1695520000
2007-10-05,2780.320068359375,2780.320068359375,2784.929931640625,2749.85009765625,2754.679931640625,2012860000
2007-10-08,2787.3701171875,2787.3701171875,2787.3701171875,2771.60009765625,2777.719970703125,1496610000
2007-10-09,2803.909912109375,2803.909912109375,2806.409912109375,2784.52001953125,2793.949951171875,1865120000
2007-10-10,2811.610107421875,2811.610107421875,2813.669921875,2795.97998046875,2805.43994140625,1916630000
2007-10-11,2772.199951171875,2772.199951171875,2834.0,2757.760009765625,2824.550048828125,2508690000
2007-10-12,2805.679931640625,2805.679931640625,2806.179931640625,2778.2900390625,2779.7900390625,1957790000
2007-10-15,2780.050048828125,2780.050048828125,2811.659912109375,2764.679931640625,2809.169921875,1967120000
2007-10-16,2763.909912109375,2763.909912109375,2781.800048828125,2759.429931640625,2770.030029296875,2038520000
2007-10-17,2792.669921875,2792.669921875,2803.9599609375,2755.260009765625,2801.659912109375,2400080000
2007-10-18,2799.31005859375,2799.31005859375,2803.260009765625,2770.110107421875,2778.31005859375,1973010000
2007-10-19,2725.159912109375,2725.159912109375,2799.320068359375,2725.159912109375,2799.320068359375,2371650000
2007-10-22,2753.929931640625,2753.929931640625,2755.469970703125,2698.139892578125,2705.860107421875,1958710000
2007-10-23,2799.260009765625,2799.260009765625,2799.260009765625,2758.530029296875,2775.52001953125,2335770000
2007-10-24,2774.760009765625,2774.760009765625,2781.9599609375,2720.300048828125,2775.330078125,2739680000
2007-10-25,2750.860107421875,2750.860107421875,2787.2900390625,2733.080078125,2777.590087890625,2753360000
2007-10-26,2804.18994140625,2804.18994140625,2810.31005859375,2776.530029296875,2806.52001953125,2583680000
2007-10-29,2817.43994140625,2817.43994140625,2825.3701171875,2805.25,2815.159912109375,2014730000
2007-10-30,2816.7099609375,2816.7099609375,2828.820068359375,2803.669921875,2807.320068359375,2121930000
2007-10-31,2859.1201171875,2859.1201171875,2861.510009765625,2815.669921875,2827.800048828125,2534530000
2007-11-01,2794.830078125,2794.830078125,2835.6298828125,2793.169921875,2835.0,2528410000
2007-11-02,2810.3798828125,2810.3798828125,2817.030029296875,2773.820068359375,2812.7900390625,2426050000
2007-11-05,2795.179931640625,2795.179931640625,2807.510009765625,2771.909912109375,2782.800048828125,2092590000
2007-11-06,2825.179931640625,2825.179931640625,2825.469970703125,2780.219970703125,2809.81005859375,2482160000
2007-11-07,2748.760009765625,2748.760009765625,2810.18994140625,2748.31005859375,2798.449951171875,2491180000
2007-11-08,2696.0,2696.0,2753.050048828125,2648.030029296875,2748.39990234375,3461810000
2007-11-09,2627.93994140625,2627.93994140625,2668.7900390625,2624.429931640625,2648.9599609375,2955790000
2007-11-12,2584.1298828125,2584.1298828125,2643.0,2583.0,2619.409912109375,2820740000
2007-11-13,2673.64990234375,2673.64990234375,2673.64990234375,2613.3701171875,2613.3701171875,2662780000
2007-11-14,2644.320068359375,2644.320068359375,2698.35009765625,2636.320068359375,2698.030029296875,2420260000
2007-11-15,2618.510009765625,2618.510009765625,2652.64990234375,2601.389892578125,2636.27001953125,2289480000
2007-11-16,2637.239990234375,2637.239990234375,2640.030029296875,2596.590087890625,2631.81005859375,2515680000
2007-11-19,2593.3798828125,2593.3798828125,2628.14990234375,2583.260009765625,2622.43994140625,2188010000
2007-11-20,2596.81005859375,2596.81005859375,2633.820068359375,2554.320068359375,2603.530029296875,2607370000
2007-11-21,2562.14990234375,2562.14990234375,2597.169921875,2542.699951171875,2570.530029296875,2034730000
2007-11-23,2596.60009765625,2596.60009765625,2601.550048828125,2567.580078125,2578.989990234375,804330000
2007-11-26,2540.989990234375,2540.989990234375,2613.68994140625,2539.81005859375,2599.820068359375,2019400000
2007-11-27,2580.800048828125,2580.800048828125,2585.929931640625,2546.3701171875,2557.97998046875,2166930000
2007-11-28,2662.909912109375,2662.909912109375,2667.929931640625,2606.860107421875,2607.330078125,2518580000
2007-11-29,2668.1298828125,2668.1298828125,2675.2099609375,2648.489990234375,2653.360107421875,2157170000
2007-11-30,2660.9599609375,2660.9599609375,2696.239990234375,2642.25,2693.610107421875,2571340000
2007-12-03,2637.1298828125,2637.1298828125,2667.820068359375,2636.9599609375,2654.909912109375,1994710000
2007-12-04,2619.830078125,2619.830078125,2636.010009765625,2613.830078125,2620.340087890625,2044740000
2007-12-05,2666.360107421875,2666.360107421875,2671.719970703125,2647.409912109375,2648.9599609375,2258840000
2007-12-06,2709.030029296875,2709.030029296875,2709.10009765625,2664.7099609375,2665.8701171875,1970680000
2007-12-07,2706.159912109375,2706.159912109375,2711.9599609375,2695.9599609375,2710.330078125,1855070000
2007-12-10,2718.949951171875,2718.949951171875,2727.840087890625,2706.590087890625,2710.72998046875,1776540000
2007-12-11,2652.35009765625,2652.35009765625,2734.820068359375,2650.219970703125,2723.090087890625,2195200000
2007-12-12,2671.139892578125,2671.139892578125,2712.590087890625,2638.820068359375,2703.260009765625,2311900000
2007-12-13,2668.489990234375,2668.489990234375,2670.330078125,2641.570068359375,2651.449951171875,2143760000
2007-12-14,2635.739990234375,2635.739990234375,2671.8798828125,2634.75,2647.679931640625,1902390000
2007-12-17,2574.4599609375,2574.4599609375,2626.3701171875,2574.4599609375,2623.22998046875,1873110000
2007-12-18,2596.030029296875,2596.030029296875,2604.3798828125,2553.989990234375,2597.590087890625,1982590000
2007-12-19,2601.010009765625,2601.010009765625,2609.72998046875,2583.320068359375,2593.330078125,1835920000
2007-12-20,2640.860107421875,2640.860107421875,2640.8798828125,2605.2099609375,2628.1201171875,1960470000
2007-12-21,2691.989990234375,2691.989990234375,2691.989990234375,2671.590087890625,2676.85009765625,2508800000
2007-12-24,2713.5,2713.5,2715.77001953125,2694.35009765625,2694.35009765625,778620000
2007-12-26,2724.409912109375,2724.409912109375,2727.550048828125,2698.47998046875,2702.820068359375,1241830000
2007-12-27,2676.7900390625,2676.7900390625,2717.1201171875,2675.889892578125,2715.02001953125,2324820000
2007-12-28,2674.4599609375,2674.4599609375,2697.77001953125,2661.7900390625,2693.360107421875,1338850000
2007-12-31,2652.280029296875,2652.280029296875,2668.610107421875,2646.090087890625,2663.780029296875,1454550000
2008-01-02,2609.6298828125,2609.6298828125,2661.5,2597.81005859375,2653.909912109375,2076690000
2008-01-03,2602.679931640625,2602.679931640625,2624.27001953125,2592.179931640625,2611.9599609375,1970200000
2008-01-04,2504.64990234375,2504.64990234375,2571.080078125,2502.679931640625,2571.080078125,2516310000
2008-01-07,2499.4599609375,2499.4599609375,2521.6201171875,2471.22998046875,2514.14990234375,2600100000
2008-01-08,2440.510009765625,2440.510009765625,2527.419921875,2440.510009765625,2506.969970703125,2566480000
2008-01-09,2474.550048828125,2474.550048828125,2474.550048828125,2407.389892578125,2443.85009765625,2821160000
2008-01-10,2488.52001953125,2488.52001953125,2503.550048828125,2446.800048828125,2452.1201171875,2640400000
2008-01-11,2439.93994140625,2439.93994140625,2473.949951171875,2428.85009765625,2471.860107421875,2355490000
2008-01-14,2478.300048828125,2478.300048828125,2483.1298828125,2455.340087890625,2470.8701171875,2134230000
2008-01-15,2417.590087890625,2417.590087890625,2455.2900390625,2412.469970703125,2449.0400390625,2390120000
2008-01-16,2394.590087890625,2394.590087890625,2429.580078125,2361.219970703125,2390.56005859375,3397330000
2008-01-17,2346.89990234375,2346.89990234375,2416.510009765625,2343.64990234375,2405.739990234375,2785930000
2008-01-18,2340.02001953125,2340.02001953125,2384.2099609375,2323.2900390625,2365.56005859375,2991360000
2008-01-22,2292.27001953125,2292.27001953125,2318.60009765625,2221.199951171875,2221.199951171875,3161430000
2008-01-23,2316.409912109375,2316.409912109375,2320.1298828125,2202.5400390625,2226.77001953125,3650250000
2008-01-24,2360.919921875,2360.919921875,2361.889892578125,2326.3701171875,2328.860107421875,2928900000
2008-01-25,2326.199951171875,2326.199951171875,2408.219970703125,2322.56005859375,2402.800048828125,2599410000
2008-01-28,2349.909912109375,2349.909912109375,2349.909912109375,2306.639892578125,2324.85009765625,2033860000
2008-01-29,2358.06005859375,2358.06005859375,2362.110107421875,2332.0,2360.429931640625,2160040000
2008-01-30,2349.0,2349.0,2396.0,2343.8798828125,2346.360107421875,2618850000
2008-01-31,2389.860107421875,2389.860107421875,2403.4599609375,2313.52001953125,2317.110107421875,2813420000
2008-02-01,2413.360107421875,2413.360107421875,2419.22998046875,2374.5,2392.580078125,3060180000
2008-02-04,2382.85009765625,2382.85009765625,2413.419921875,2382.090087890625,2413.419921875,2050940000
2008-02-05,2309.570068359375,2309.570068359375,2359.429931640625,2309.570068359375,2344.81005859375,2501820000
2008-02-06,2278.75,2278.75,2338.27001953125,2277.27001953125,2327.179931640625,2362020000
2008-02-07,2293.030029296875,2293.030029296875,2318.52001953125,2252.64990234375,2259.6201171875,2946360000
2008-02-08,2304.85009765625,2304.85009765625,2318.669921875,2280.27001953125,2290.5,2229330000
2008-02-11,2320.06005859375,2320.06005859375,2326.22998046875,2294.419921875,2310.75,2072270000
2008-02-12,2320.0400390625,2320.0400390625,2349.550048828125,2305.830078125,2333.31005859375,2183530000
2008-02-13,2373.929931640625,2373.929931640625,2373.929931640625,2338.909912109375,2347.219970703125,2174670000
2008-02-14,2332.5400390625,2332.5400390625,2376.219970703125,2328.590087890625,2376.219970703125,2267580000
2008-02-15,2321.800048828125,2321.800048828125,2329.169921875,2305.81005859375,2320.580078125,1999540000
2008-02-19,2306.199951171875,2306.199951171875,2352.7900390625,2300.10009765625,2348.97998046875,1988690000
2008-02-20,2327.10009765625,2327.10009765625,2331.699951171875,2291.239990234375,2292.820068359375,2258180000
2008-02-21,2299.780029296875,2299.780029296875,2353.7900390625,2294.77001953125,2344.080078125,2277540000
2008-02-22,2303.35009765625,2303.35009765625,2308.760009765625,2265.360107421875,2306.610107421875,2324450000
2008-02-25,2327.47998046875,2327.47998046875,2333.7099609375,2294.3798828125,2303.409912109375,2152880000
2008-02-26,2344.989990234375,2344.989990234375,2361.10009765625,2311.320068359375,2314.419921875,2263650000
2008-02-27,2353.780029296875,2353.780029296875,2363.52001953125,2326.340087890625,2329.159912109375,2216540000
2008-02-28,2331.570068359375,2331.570068359375,2352.8798828125,2324.469970703125,2342.56005859375,2032040000
2008-02-29,2271.47998046875,2271.47998046875,2311.22998046875,2264.969970703125,2309.06005859375,2405360000
2008-03-03,2258.60009765625,2258.60009765625,2275.75,2240.300048828125,2271.260009765625,2145070000
2008-03-04,2260.280029296875,2260.280029296875,2266.3701171875,2221.090087890625,2244.2099609375,2669980000
2008-03-05,2272.81005859375,2272.81005859375,2290.010009765625,2254.199951171875,2266.489990234375,2209090000
2008-03-06,2220.5,2220.5,2272.199951171875,2219.330078125,2265.669921875,2165090000
2008-03-07,2212.489990234375,2212.489990234375,2242.5,2186.929931640625,2204.47998046875,2386980000
2008-03-10,2169.340087890625,2169.340087890625,2216.889892578125,2168.669921875,2211.139892578125,2101010000
2008-03-11,2255.760009765625,2255.760009765625,2255.760009765625,2192.5,2209.64990234375,2526040000
2008-03-12,2243.8701171875,2243.8701171875,2282.610107421875,2241.3798828125,2259.969970703125,2077140000
2008-03-13,2263.610107421875,2263.610107421875,2272.550048828125,2199.3798828125,2219.280029296875,2419220000
2008-03-14,2212.489990234375,2212.489990234375,2277.110107421875,2191.75,2271.2099609375,2547310000
2008-03-17,2177.010009765625,2177.010009765625,2200.530029296875,2155.419921875,2166.93994140625,2338210000
2008-03-18,2268.260009765625,2268.260009765625,2268.260009765625,2206.81005859375,2215.610107421875,2411630000
2008-03-19,2209.9599609375,2209.9599609375,2280.89990234375,2209.9599609375,2272.1201171875,2265420000
2008-03-20,2258.110107421875,2258.110107421875,2258.110107421875,2208.1201171875,2220.5,2764480000
2008-03-24,2326.75,2326.75,2336.699951171875,2268.199951171875,2268.199951171875,2312600000
2008-03-25,2341.050048828125,2341.050048828125,2346.780029296875,2312.06005859375,2329.159912109375,2099060000
2008-03-26,2324.360107421875,2324.360107421875,2331.179931640625,2306.489990234375,2328.6201171875,1915210000
2008-03-27,2280.830078125,2280.830078125,2315.909912109375,2280.469970703125,2315.0400390625,2038770000
2008-03-28,2261.179931640625,2261.179931640625,2304.7099609375,2256.8701171875,2291.320068359375,1785770000
2008-03-31,2279.10009765625,2279.10009765625,2289.699951171875,2260.590087890625,2265.14990234375,1788360000
2008-04-01,2362.75,2362.75,2362.75,2305.39990234375,2306.510009765625,2160120000
2008-04-02,2361.39990234375,2361.39990234375,2381.2099609375,2347.780029296875,2363.419921875,1996680000
2008-04-03,2363.300048828125,2363.300048828125,2373.989990234375,2339.3798828125,2347.909912109375,1993480000
2008-04-04,2370.97998046875,2370.97998046875,2391.929931640625,2351.760009765625,2366.909912109375,1977560000
2008-04-07,2364.830078125,2364.830078125,2390.0400390625,2359.5400390625,2386.6201171875,1730020000
2008-04-08,2348.760009765625,2348.760009765625,2359.39990234375,2337.840087890625,2353.580078125,1635290000
2008-04-09,2322.1201171875,2322.1201171875,2353.5400390625,2311.449951171875,2351.93994140625,1922050000
2008-04-10,2351.699951171875,2351.699951171875,2363.909912109375,2324.389892578125,2326.780029296875,2159000000
2008-04-11,2290.239990234375,2290.239990234375,2328.449951171875,2286.18994140625,2327.699951171875,1902540000
2008-04-14,2275.820068359375,2275.820068359375,2296.72998046875,2274.909912109375,2287.02001953125,1626710000
2008-04-15,2286.0400390625,2286.0400390625,2291.1201171875,2266.2900390625,2287.429931640625,1884750000
2008-04-16,2350.110107421875,2350.110107421875,2352.2099609375,2313.419921875,2313.419921875,2128770000
2008-04-17,2341.830078125,2341.830078125,2348.31005859375,2327.659912109375,2347.320068359375,1779300000
2008-04-18,2402.969970703125,2402.969970703125,2412.780029296875,2383.239990234375,2394.52001953125,2190920000
2008-04-21,2408.0400390625,2408.0400390625,2410.969970703125,2389.820068359375,2393.070068359375,1601280000
2008-04-22,2376.93994140625,2376.93994140625,2397.169921875,2361.669921875,2397.1201171875,1941680000
2008-04-23,2405.2099609375,2405.2099609375,2412.530029296875,2382.77001953125,2391.639892578125,2181580000
2008-04-24,2428.919921875,2428.919921875,2447.280029296875,2383.760009765625,2408.25,2337160000
2008-04-25,2422.929931640625,2422.929931640625,2427.090087890625,2391.14990234375,2424.679931640625,1956260000
2008-04-28,2424.39990234375,2424.39990234375,2437.0,2416.89990234375,2422.6298828125,1724680000
2008-04-29,2426.10009765625,2426.10009765625,2435.3798828125,2412.10009765625,2420.0,1769030000
2008-04-30,2412.800048828125,2412.800048828125,2451.18994140625,2406.3701171875,2434.199951171875,2127390000
2008-05-01,2480.7099609375,2480.7099609375,2480.7099609375,2416.489990234375,2416.489990234375,2344770000
2008-05-02,2476.989990234375,2476.989990234375,2499.139892578125,2461.4599609375,2499.139892578125,2279510000
2008-05-05,2464.1201171875,2464.1201171875,2486.050048828125,2458.1201171875,2475.31005859375,2085110000
2008-05-06,2483.31005859375,2483.31005859375,2488.830078125,2445.3701171875,2455.110107421875,2097260000
2008-05-07,2438.489990234375,2438.489990234375,2496.64990234375,2435.760009765625,2483.030029296875,2238810000
2008-05-08,2451.239990234375,2451.239990234375,2462.510009765625,2436.610107421875,2450.010009765625,2031770000
2008-05-09,2445.52001953125,2445.52001953125,2455.330078125,2429.030029296875,2432.550048828125,1711510000
2008-05-12,2488.489990234375,2488.489990234375,2490.219970703125,2446.360107421875,2454.64990234375,1769330000
2008-05-13,2495.1201171875,2495.1201171875,2498.070068359375,2472.580078125,2491.02001953125,1895250000
2008-05-14,2496.699951171875,2496.699951171875,2528.39990234375,2493.580078125,2503.280029296875,2129270000
2008-05-15,2533.72998046875,2533.72998046875,2535.18994140625,2492.949951171875,2496.43994140625,2176320000
2008-05-16,2528.85009765625,2528.85009765625,2537.409912109375,2504.179931640625,2537.409912109375,2286090000
2008-05-19,2516.090087890625,2516.090087890625,2551.469970703125,2505.60009765625,2530.820068359375,2269590000
2008-05-20,2492.260009765625,2492.260009765625,2506.18994140625,2479.3701171875,2505.860107421875,1991010000
2008-05-21,2448.27001953125,2448.27001953125,2508.89990234375,2444.989990234375,2497.389892578125,2166450000
2008-05-22,2464.580078125,2464.580078125,2474.530029296875,2448.840087890625,2454.739990234375,1932080000
2008-05-23,2444.669921875,2444.669921875,2456.0,2430.360107421875,2454.139892578125,1734070000
2008-05-27,2481.239990234375,2481.239990234375,2482.080078125,2448.580078125,2450.52001953125,1742710000
2008-05-28,2486.699951171875,2486.699951171875,2493.3798828125,2465.590087890625,2491.5,1792750000
2008-05-29,2508.320068359375,2508.320068359375,2522.139892578125,2485.919921875,2486.090087890625,1956100000
2008-05-30,2522.659912109375,2522.659912109375,2530.159912109375,2510.64990234375,2519.139892578125,2153350000
2008-06-02,2491.530029296875,2491.530029296875,2516.3701171875,2471.409912109375,2514.820068359375,1972760000
2008-06-03,2480.47998046875,2480.47998046875,2513.889892578125,2460.56005859375,2500.5,2148040000
2008-06-04,2503.139892578125,2503.139892578125,2518.7099609375,2471.52001953125,2473.030029296875,2153510000
2008-06-05,2549.93994140625,2549.93994140625,2549.93994140625,2504.570068359375,2509.489990234375,2254760000
2008-06-06,2474.56005859375,2474.56005859375,2529.969970703125,2474.56005859375,2528.52001953125,2192240000
2008-06-09,2459.4599609375,2459.4599609375,2485.0,2429.300048828125,2483.219970703125,2084630000
2008-06-10,2448.93994140625,2448.93994140625,2466.280029296875,2432.469970703125,2436.75,2081430000
2008-06-11,2394.010009765625,2394.010009765625,2446.280029296875,2394.010009765625,2444.93994140625,2065810000
2008-06-12,2404.35009765625,2404.35009765625,2432.8798828125,2388.489990234375,2414.4599609375,2276640000
2008-06-13,2454.5,2454.5,2454.5,2417.010009765625,2423.050048828125,2106050000
2008-06-16,2474.780029296875,2474.780029296875,2479.949951171875,2441.239990234375,2443.1298828125,1871720000
2008-06-17,2457.72998046875,2457.72998046875,2483.18994140625,2456.780029296875,2481.199951171875,1798050000
2008-06-18,2429.7099609375,2429.7099609375,2449.179931640625,2422.9599609375,2444.9599609375,2030700000
2008-06-19,2462.06005859375,2462.06005859375,2469.14990234375,2412.3701171875,2427.169921875,2294540000
2008-06-20,2406.090087890625,2406.090087890625,2441.9599609375,2394.260009765625,2441.9599609375,2570320000
2008-06-23,2385.739990234375,2385.739990234375,2419.68994140625,2384.56005859375,2416.550048828125,1916230000
2008-06-24,2368.280029296875,2368.280029296875,2394.860107421875,2352.10009765625,2375.800048828125,2195920000
2008-06-25,2401.260009765625,2401.260009765625,2421.25,2376.2900390625,2376.820068359375,2153970000
2008-06-26,2321.3701171875,2321.3701171875,2366.159912109375,2321.3701171875,2365.860107421875,2300840000
2008-06-27,2315.6298828125,2315.6298828125,2329.93994140625,2290.590087890625,2319.6201171875,3403540000
2008-06-30,2292.97998046875,2292.97998046875,2325.489990234375,2292.97998046875,2312.419921875,2096400000
2008-07-01,2304.969970703125,2304.969970703125,2306.909912109375,2255.7900390625,2274.239990234375,2653890000
2008-07-02,2251.4599609375,2251.4599609375,2317.199951171875,2251.300048828125,2311.570068359375,2376300000
2008-07-03,2245.3798828125,2245.3798828125,2262.9599609375,2227.800048828125,2261.739990234375,1423670000
2008-07-07,2243.320068359375,2243.320068359375,2276.5400390625,2214.159912109375,2263.68994140625,2363990000
2008-07-08,2294.43994140625,2294.43994140625,2294.43994140625,2233.989990234375,2244.89990234375,2462380000
2008-07-09,2234.889892578125,2234.889892578125,2296.030029296875,2234.590087890625,2290.6298828125,2285560000
2008-07-10,2257.85009765625,2257.85009765625,2267.669921875,2223.0400390625,2239.949951171875,2300880000
2008-07-11,2239.080078125,2239.080078125,2265.860107421875,2203.25,2233.3798828125,2340180000
2008-07-14,2212.8701171875,2212.8701171875,2266.43994140625,2207.0,2262.860107421875,1997990000
2008-07-15,2215.7099609375,2215.7099609375,2249.1201171875,2167.2900390625,2197.179931640625,2798410000
2008-07-16,2284.85009765625,2284.85009765625,2284.85009765625,2205.7099609375,2219.27001953125,2425020000
2008-07-17,2312.300048828125,2312.300048828125,2320.77001953125,2274.27001953125,2296.570068359375,2570670000
2008-07-18,2282.780029296875,2282.780029296875,2293.179931640625,2269.550048828125,2286.919921875,2225800000
2008-07-21,2279.530029296875,2279.530029296875,2300.320068359375,2270.280029296875,2290.75,1859410000
2008-07-22,2303.9599609375,2303.9599609375,2303.9599609375,2252.840087890625,2256.320068359375,2510310000
2008-07-23,2325.8798828125,2325.8798828125,2350.090087890625,2300.199951171875,2305.110107421875,2730180000
2008-07-24,2280.110107421875,2280.110107421875,2329.2099609375,2278.909912109375,2329.2099609375,2499920000
2008-07-25,2310.530029296875,2310.530029296875,2312.60009765625,2282.6298828125,2294.68994140625,2045130000
2008-07-28,2264.219970703125,2264.219970703125,2317.75,2258.6201171875,2307.18994140625,1931230000
2008-07-29,2319.6201171875,2319.6201171875,2320.179931640625,2274.3701171875,2274.610107421875,2274090000
2008-07-30,2329.719970703125,2329.719970703125,2342.8798828125,2299.97998046875,2329.010009765625,2280940000
2008-07-31,2325.550048828125,2325.550048828125,2353.389892578125,2309.639892578125,2311.330078125,2316510000
2008-08-01,2310.9599609375,2310.9599609375,2328.949951171875,2286.409912109375,2326.830078125,2312140000
2008-08-04,2285.56005859375,2285.56005859375,2309.75,2280.929931640625,2309.75,2010200000
2008-08-05,2349.830078125,2349.830078125,2349.830078125,2303.6298828125,2308.139892578125,2324730000
2008-08-06,2378.3701171875,2378.3701171875,2385.77001953125,2333.530029296875,2349.169921875,2228710000
2008-08-07,2355.72998046875,2355.72998046875,2386.43994140625,2351.320068359375,2362.7900390625,2189120000
2008-08-08,2414.10009765625,2414.10009765625,2416.39990234375,2352.0400390625,2356.840087890625,2189630000
2008-08-11,2439.949951171875,2439.949951171875,2461.64990234375,2402.530029296875,2407.550048828125,2272240000
2008-08-12,2430.610107421875,2430.610107421875,2447.159912109375,2421.090087890625,2434.260009765625,2052610000
2008-08-13,2428.6201171875,2428.6201171875,2443.43994140625,2404.030029296875,2424.320068359375,1995490000
2008-08-14,2453.669921875,2453.669921875,2461.14990234375,2414.409912109375,2414.409912109375,1835830000
2008-08-15,2452.52001953125,2452.52001953125,2473.199951171875,2441.050048828125,2463.10009765625,1742180000
2008-08-18,2416.97998046875,2416.97998046875,2456.9599609375,2404.409912109375,2456.9599609375,1632610000
2008-08-19,2384.360107421875,2384.360107421875,2410.9599609375,2376.669921875,2404.949951171875,1716280000
2008-08-20,2389.080078125,2389.080078125,2408.679931640625,2372.340087890625,2396.580078125,1746470000
2008-08-21,2380.3798828125,2380.3798828125,2387.719970703125,2360.389892578125,2371.5400390625,1562430000
2008-08-22,2414.7099609375,2414.7099609375,2417.6298828125,2390.340087890625,2390.340087890625,1365910000
2008-08-25,2365.590087890625,2365.590087890625,2399.72998046875,2362.199951171875,2399.72998046875,2366920000
2008-08-26,2361.969970703125,2361.969970703125,2377.0400390625,2345.7900390625,2364.31005859375,1256980000
2008-08-27,2382.4599609375,2382.4599609375,2395.02001953125,2358.929931640625,2362.860107421875,1540700000
2008-08-28,2411.639892578125,2411.639892578125,2412.840087890625,2388.550048828125,2390.110107421875,1582680000
2008-08-29,2367.52001953125,2367.52001953125,2393.489990234375,2360.909912109375,2388.669921875,1559030000
2008-09-02,2349.239990234375,2349.239990234375,2413.110107421875,2338.3701171875,2402.110107421875,2010580000
2008-09-03,2333.72998046875,2333.72998046875,2357.429931640625,2320.909912109375,2346.81005859375,2062140000
2008-09-04,2259.0400390625,2259.0400390625,2317.320068359375,2259.0400390625,2315.179931640625,2332320000
2008-09-05,2255.8798828125,2255.8798828125,2264.35009765625,2216.989990234375,2241.6201171875,2261030000
2008-09-08,2269.760009765625,2269.760009765625,2303.889892578125,2236.969970703125,2296.179931640625,2566300000
2008-09-09,2209.81005859375,2209.81005859375,2285.5400390625,2209.81005859375,2269.929931640625,2590590000
2008-09-10,2228.699951171875,2228.699951171875,2247.6298828125,2209.590087890625,2232.2099609375,2250360000
2008-09-11,2258.219970703125,2258.219970703125,2259.25,2191.530029296875,2199.030029296875,2269670000
2008-09-12,2261.27001953125,2261.27001953125,2268.830078125,2228.0,2239.25,1973590000
2008-09-15,2179.909912109375,2179.909912109375,2244.8798828125,2179.909912109375,2202.280029296875,2697820000
2008-09-16,2207.89990234375,2207.89990234375,2214.2900390625,2145.169921875,2149.64990234375,3187630000
2008-09-17,2098.85009765625,2098.85009765625,2183.25,2098.85009765625,2177.580078125,3102010000
2008-09-18,2199.10009765625,2199.10009765625,2201.7099609375,2070.219970703125,2137.419921875,3867290000
2008-09-19,2273.89990234375,2273.89990234375,2318.429931640625,2239.72998046875,2303.89990234375,3898230000
2008-09-22,2178.97998046875,2178.97998046875,2266.449951171875,2178.97998046875,2265.77001953125,1881160000
2008-09-23,2153.330078125,2153.330078125,2209.6201171875,2151.77001953125,2190.7099609375,1974180000
2008-09-24,2155.679931640625,2155.679931640625,2179.929931640625,2147.360107421875,2167.550048828125,1818170000
2008-09-25,2186.570068359375,2186.570068359375,2210.739990234375,2167.06005859375,2172.260009765625,1846330000
2008-09-26,2183.340087890625,2183.340087890625,2187.530029296875,2136.85009765625,2144.06005859375,1949200000
2008-09-29,1983.72998046875,1983.72998046875,2152.68994140625,1983.72998046875,2147.159912109375,2808100000
2008-09-30,2091.8798828125,2091.8798828125,2094.31005859375,2015.9300537109375,2033.68994140625,2376240000
2008-10-01,2069.39990234375,2069.39990234375,2083.199951171875,2046.06005859375,2075.10009765625,1899330000
2008-10-02,1976.719970703125,1976.719970703125,2056.429931640625,1975.0,2052.510009765625,2173750000
2008-10-03,1947.3900146484375,1947.3900146484375,2046.81005859375,1947.18994140625,2005.9200439453125,2501480000
2008-10-06,1862.9599609375,1862.9599609375,1905.010009765625,1777.02001953125,1898.6300048828125,3502250000
2008-10-07,1754.8800048828125,1754.8800048828125,1886.3499755859375,1754.8800048828125,1867.969970703125,2825810000
2008-10-08,1740.3299560546875,1740.3299560546875,1806.8900146484375,1706.8599853515625,1710.9599609375,3516070000
2008-10-09,1645.1199951171875,1645.1199951171875,1787.4100341796875,1634.8800048828125,1766.25,2622310000
2008-10-10,1649.510009765625,1649.510009765625,1690.77001953125,1542.449951171875,1590.77001953125,4164090000
2008-10-13,1844.25,1844.25,1844.25,1715.739990234375,1734.5999755859375,2665690000
2008-10-14,1779.010009765625,1779.010009765625,1896.949951171875,1752.8900146484375,1894.8699951171875,2912850000
2008-10-15,1628.3299560546875,1628.3299560546875,1761.22998046875,1628.3299560546875,1754.6199951171875,2540180000
2008-10-16,1717.7099609375,1717.7099609375,1717.719970703125,1565.719970703125,1644.550048828125,3331040000
2008-10-17,1711.2900390625,1711.2900390625,1782.5799560546875,1670.280029296875,1678.780029296875,2711030000
2008-10-20,1770.030029296875,1770.030029296875,1770.050048828125,1698.010009765625,1735.1300048828125,2021750000
2008-10-21,1696.6800537109375,1696.6800537109375,1768.5400390625,1695.1199951171875,1741.8399658203125,2099810000
2008-10-22,1615.75,1615.75,1678.7099609375,1587.219970703125,1671.22998046875,2560810000
2008-10-23,1603.9100341796875,1603.9100341796875,1645.5,1533.550048828125,1621.1099853515625,3104700000
2008-10-24,1552.030029296875,1552.030029296875,1584.27001953125,1493.7900390625,1493.7900390625,2691940000
2008-10-27,1505.9000244140625,1505.9000244140625,1574.5400390625,1503.81005859375,1528.1199951171875,2224430000
2008-10-28,1649.469970703125,1649.469970703125,1649.469970703125,1504.1300048828125,1552.239990234375,2777540000
2008-10-29,1657.2099609375,1657.2099609375,1705.510009765625,1622.010009765625,1643.97998046875,2748720000
2008-10-30,1698.52001953125,1698.52001953125,1712.56005859375,1658.449951171875,1698.4300537109375,2504420000
2008-10-31,1720.949951171875,1720.949951171875,1742.5400390625,1673.3199462890625,1684.7099609375,2437120000
2008-11-03,1726.3299560546875,1726.3299560546875,1738.530029296875,1713.3900146484375,1718.8900146484375,1770880000
2008-11-04,1780.1199951171875,1780.1199951171875,1785.8399658203125,1739.81005859375,1761.0899658203125,2306350000
2008-11-05,1681.6400146484375,1681.6400146484375,1764.4300537109375,1679.18994140625,1757.010009765625,2092410000
2008-11-06,1608.699951171875,1608.699951171875,1676.9200439453125,1603.8699951171875,1659.5699462890625,2367880000
2008-11-07,1647.4000244140625,1647.4000244140625,1654.25,1615.510009765625,1629.68994140625,1886230000
2008-11-10,1616.739990234375,1616.739990234375,1680.6700439453125,1603.3299560546875,1680.6700439453125,1674900000
2008-11-11,1580.9000244140625,1580.9000244140625,1612.4200439453125,1563.949951171875,1598.5899658203125,1909080000
2008-11-12,1499.2099609375,1499.2099609375,1562.780029296875,1499.2099609375,1555.1700439453125,2120870000
2008-11-13,1596.699951171875,1596.699951171875,1596.699951171875,1428.5400390625,1503.06005859375,3009550000
2008-11-14,1516.8499755859375,1516.8499755859375,1587.760009765625,1513.0899658203125,1560.5899658203125,2243750000
2008-11-17,1482.050048828125,1482.050048828125,1526.9599609375,1481.699951171875,1494.739990234375,1831540000
2008-11-18,1483.27001953125,1483.27001953125,1498.4200439453125,1429.9200439453125,1488.9300537109375,2349230000
2008-11-19,1386.4200439453125,1386.4200439453125,1493.050048828125,1386.4200439453125,1479.1300048828125,2372880000
2008-11-20,1316.1199951171875,1316.1199951171875,1414.4300537109375,1314.9000244140625,1373.77001953125,3147650000
2008-11-21,1384.3499755859375,1384.3499755859375,1384.3499755859375,1295.47998046875,1346.77001953125,3071280000
2008-11-24,1472.02001953125,1472.02001953125,1480.4100341796875,1397.18994140625,1409.719970703125,2553620000
2008-11-25,1464.72998046875,1464.72998046875,1486.219970703125,1430.4000244140625,1472.02001953125,2457510000
2008-11-26,1532.0999755859375,1532.0999755859375,1532.0999755859375,1441.2099609375,1441.2099609375,1980020000
2008-11-28,1535.5699462890625,1535.5699462890625,1535.5699462890625,1512.4100341796875,1517.949951171875,787580000
2008-12-01,1398.0699462890625,1398.0699462890625,1496.239990234375,1398.0699462890625,1496.0899658203125,1904470000
2008-12-02,1449.800048828125,1449.800048828125,1450.8299560546875,1399.8800048828125,1423.8499755859375,2056730000
2008-12-03,1492.3800048828125,1492.3800048828125,1493.06005859375,1414.0400390625,1416.030029296875,2240150000
2008-12-04,1445.56005859375,1445.56005859375,1500.949951171875,1426.4100341796875,1465.77001953125,2020110000
2008-12-05,1509.31005859375,1509.31005859375,1510.3900146484375,1404.800048828125,1426.9300537109375,2177720000
2008-12-08,1571.739990234375,1571.739990234375,1583.81005859375,1536.7099609375,1541.43994140625,2290810000
2008-12-09,1547.3399658203125,1547.3399658203125,1602.9200439453125,1538.25,1546.5400390625,2246470000
2008-12-10,1565.47998046875,1565.47998046875,1584.1600341796875,1542.0799560546875,1563.6600341796875,1955600000
2008-12-11,1507.8800048828125,1507.8800048828125,1568.6099853515625,1501.699951171875,1548.469970703125,2018190000
2008-12-12,1540.719970703125,1540.719970703125,1543.0400390625,1478.030029296875,1482.550048828125,1869900000
2008-12-15,1508.3399658203125,1508.3399658203125,1544.1600341796875,1491.3599853515625,1544.1600341796875,1677890000
2008-12-16,1589.8900146484375,1589.8900146484375,1589.8900146484375,1526.0,1526.06005859375,2180960000
2008-12-17,1579.31005859375,1579.31005859375,1598.3299560546875,1560.050048828125,1568.8800048828125,2111370000
2008-12-18,1552.3699951171875,1552.3699951171875,1591.699951171875,1535.3800048828125,1583.1700439453125,2092320000
2008-12-19,1564.3199462890625,1564.3199462890625,1593.3499755859375,1557.050048828125,1572.75,2651440000
2008-12-22,1532.3499755859375,1532.3499755859375,1563.7900390625,1503.6600341796875,1562.1700439453125,1629320000
2008-12-23,1521.5400390625,1521.5400390625,1548.43994140625,1512.5400390625,1539.3699951171875,1331050000
2008-12-24,1524.9000244140625,1524.9000244140625,1527.22998046875,1516.1500244140625,1525.1500244140625,490990000
2008-12-26,1530.239990234375,1530.239990234375,1532.1300048828125,1518.969970703125,1531.199951171875,592760000
2008-12-29,1510.3199462890625,1510.3199462890625,1530.9200439453125,1493.449951171875,1529.5400390625,1186240000
2008-12-30,1550.699951171875,1550.699951171875,1550.699951171875,1517.260009765625,1521.1800537109375,1374180000
2008-12-31,1577.030029296875,1577.030029296875,1586.81005859375,1548.8800048828125,1550.8699951171875,1521220000
2009-01-02,1632.2099609375,1632.2099609375,1636.030029296875,1571.97998046875,1578.8699951171875,1438410000
2009-01-05,1628.030029296875,1628.030029296875,1640.4599609375,1604.6300048828125,1621.47998046875,1816580000
2009-01-06,1652.3800048828125,1652.3800048828125,1665.6300048828125,1636.25,1642.3699951171875,2137640000
2009-01-07,1599.06005859375,1599.06005859375,1625.3699951171875,1588.199951171875,1621.6300048828125,2020170000
2009-01-08,1617.010009765625,1617.010009765625,1617.010009765625,1584.280029296875,1590.25,1968160000
2009-01-09,1571.5899658203125,1571.5899658203125,1617.260009765625,1569.8699951171875,1617.050048828125,1907390000
2009-01-12,1538.7900390625,1538.7900390625,1573.4599609375,1528.0,1573.449951171875,1763590000
2009-01-13,1546.4599609375,1546.4599609375,1557.949951171875,1527.469970703125,1537.4200439453125,1965570000
2009-01-14,1489.6400146484375,1489.6400146484375,1528.6500244140625,1485.260009765625,1521.7099609375,1919980000
2009-01-15,1511.8399658203125,1511.8399658203125,1521.5799560546875,1456.719970703125,1489.4599609375,2507870000
2009-01-16,1529.3299560546875,1529.3299560546875,1538.8199462890625,1490.3499755859375,1532.469970703125,2235070000
2009-01-20,1440.8599853515625,1440.8599853515625,1521.8499755859375,1440.8599853515625,1520.760009765625,1989610000
2009-01-21,1507.0699462890625,1507.0699462890625,1507.52001953125,1444.9000244140625,1466.4000244140625,2120080000
2009-01-22,1465.489990234375,1465.489990234375,1492.469970703125,1444.0799560546875,1470.8499755859375,2286190000
2009-01-23,1477.2900390625,1477.2900390625,1495.27001953125,1434.0799560546875,1440.780029296875,2210840000
2009-01-26,1489.4599609375,1489.4599609375,1514.3800048828125,1470.81005859375,1479.97998046875,1815400000
2009-01-27,1504.9000244140625,1504.9000244140625,1513.2099609375,1488.81005859375,1494.1199951171875,1784110000
2009-01-28,1558.3399658203125,1558.3399658203125,1568.3299560546875,1530.030029296875,1530.47998046875,2122250000
2009-01-29,1507.8399658203125,1507.8399658203125,1537.8399658203125,1505.699951171875,1537.469970703125,1932100000
2009-01-30,1476.4200439453125,1476.4200439453125,1523.449951171875,1472.510009765625,1519.4599609375,2054590000
2009-02-02,1494.4300537109375,1494.4300537109375,1502.719970703125,1460.510009765625,1460.8499755859375,1987080000
2009-02-03,1516.300048828125,1516.300048828125,1521.2099609375,1479.4200439453125,1499.5899658203125,2049840000
2009-02-04,1515.050048828125,1515.050048828125,1549.6400146484375,1508.8699951171875,1517.18994140625,2197050000
2009-02-05,1546.239990234375,1546.239990234375,1554.3699951171875,1495.52001953125,1498.5899658203125,2511750000
2009-02-06,1591.7099609375,1591.7099609375,1594.260009765625,1545.8499755859375,1547.0,2389530000
2009-02-09,1591.56005859375,1591.56005859375,1598.22998046875,1576.0999755859375,1590.739990234375,1906940000
2009-02-10,1524.72998046875,1524.72998046875,1598.5,1520.56005859375,1578.02001953125,2443370000
2009-02-11,1530.5,1530.5,1542.8399658203125,1509.3499755859375,1531.5799560546875,2236450000
2009-02-12,1541.7099609375,1541.7099609375,1542.510009765625,1495.3399658203125,1510.1700439453125,2428250000
2009-02-13,1534.3599853515625,1534.3599853515625,1552.5699462890625,1530.050048828125,1539.719970703125,1990190000
2009-02-17,1470.6600341796875,1470.6600341796875,1492.8199462890625,1467.7900390625,1489.1199951171875,2335370000
2009-02-18,1467.969970703125,1467.969970703125,1487.9200439453125,1454.4599609375,1480.6500244140625,2029710000
2009-02-19,1442.8199462890625,1442.8199462890625,1485.1400146484375,1442.530029296875,1478.550048828125,1991000000
2009-02-20,1441.22998046875,1441.22998046875,1454.3900146484375,1416.9599609375,1427.030029296875,2526040000
2009-02-23,1387.719970703125,1387.719970703125,1452.5799560546875,1386.6800537109375,1452.5799560546875,1977740000
2009-02-24,1441.8299560546875,1441.8299560546875,1445.0699462890625,1395.1099853515625,1399.3699951171875,2339660000
2009-02-25,1425.4300537109375,1425.4300537109375,1453.6600341796875,1404.5400390625,1428.760009765625,2345380000
2009-02-26,1391.469970703125,1391.469970703125,1444.8299560546875,1391.469970703125,1436.8499755859375,2301990000
2009-02-27,1377.8399658203125,1377.8399658203125,1401.969970703125,1372.4200439453125,1376.56005859375,2393280000
2009-03-02,1322.8499755859375,1322.8499755859375,1372.0,1322.1300048828125,1356.1300048828125,2033110000
2009-03-03,1321.010009765625,1321.010009765625,1346.8800048828125,1312.97998046875,1341.4200439453125,2338880000
2009-03-04,1353.739990234375,1353.739990234375,1370.2900390625,1333.8800048828125,1340.3800048828125,2305180000
2009-03-05,1299.5899658203125,1299.5899658203125,1342.8599853515625,1298.3299560546875,1332.3800048828125,2325840000
2009-03-06,1293.8499755859375,1293.8499755859375,1320.510009765625,1268.5400390625,1310.5899658203125,2443820000
2009-03-09,1268.6400146484375,1268.6400146484375,1316.1500244140625,1265.52001953125,1284.8399658203125,2037130000
2009-03-10,1358.280029296875,1358.280029296875,1358.280029296875,1288.949951171875,1288.949951171875,2359730000
2009-03-11,1371.6400146484375,1371.6400146484375,1385.2900390625,1352.5999755859375,1364.800048828125,2169050000
2009-03-12,1426.0999755859375,1426.0999755859375,1427.550048828125,1355.050048828125,1367.780029296875,2392770000
2009-03-13,1431.5,1431.5,1433.97998046875,1408.260009765625,1427.030029296875,2022170000
2009-03-16,1404.02001953125,1404.02001953125,1445.27001953125,1402.47998046875,1445.27001953125,2099460000
2009-03-17,1462.1099853515625,1462.1099853515625,1462.1099853515625,1405.3199462890625,1409.6700439453125,2073230000
2009-03-18,1491.219970703125,1491.219970703125,1507.4000244140625,1448.6700439453125,1454.43994140625,2764950000
2009-03-19,1483.47998046875,1483.47998046875,1509.06005859375,1475.489990234375,1509.06005859375,2323510000
2009-03-20,1457.27001953125,1457.27001953125,1501.780029296875,1448.780029296875,1488.1500244140625,2394470000
2009-03-23,1555.77001953125,1555.77001953125,1555.77001953125,1482.1500244140625,1491.260009765625,2172590000
2009-03-24,1516.52001953125,1516.52001953125,1546.2099609375,1515.6300048828125,1535.6800537109375,2009530000
2009-03-25,1528.949951171875,1528.949951171875,1554.25,1487.93994140625,1527.5899658203125,2431180000
2009-03-26,1587.0,1587.0,1587.0,1545.2099609375,1549.4000244140625,2535050000
2009-03-27,1545.199951171875,1545.199951171875,1569.2099609375,1543.4300537109375,1564.1199951171875,2071670000
2009-03-30,1501.800048828125,1501.800048828125,1517.06005859375,1484.97998046875,1516.7900390625,2020200000
2009-03-31,1528.5899658203125,1528.5899658203125,1554.469970703125,1518.010009765625,1518.699951171875,2157410000
2009-04-01,1551.5999755859375,1551.5999755859375,1553.030029296875,1498.5400390625,1504.8699951171875,2256580000
2009-04-02,1602.6300048828125,1602.6300048828125,1623.3399658203125,1576.8199462890625,1579.969970703125,2833600000
2009-04-03,1621.8699951171875,1621.8699951171875,1621.8699951171875,1593.050048828125,1609.050048828125,2113380000
2009-04-06,1606.7099609375,1606.7099609375,1607.5999755859375,1580.6500244140625,1602.239990234375,1998090000
2009-04-07,1561.6099853515625,1561.6099853515625,1588.0,1559.4599609375,1585.5799560546875,1854700000
2009-04-08,1590.6600341796875,1590.6600341796875,1595.969970703125,1567.219970703125,1576.9300537109375,1837900000
2009-04-09,1652.5400390625,1652.5400390625,1652.5400390625,1616.25,1618.8299560546875,2165450000
2009-04-13,1653.31005859375,1653.31005859375,1660.8299560546875,1630.5400390625,1641.6099853515625,1824530000
2009-04-14,1625.719970703125,1625.719970703125,1651.280029296875,1618.0400390625,1637.5,2253650000
2009-04-15,1626.800048828125,1626.800048828125,1627.719970703125,1599.1099853515625,1613.56005859375,2042600000
2009-04-16,1670.43994140625,1670.43994140625,1676.1700439453125,1628.0799560546875,1645.52001953125,2390620000
2009-04-17,1673.0699462890625,1673.0699462890625,1682.239990234375,1653.8399658203125,1665.5999755859375,2418440000
2009-04-20,1608.2099609375,1608.2099609375,1643.3199462890625,1606.8599853515625,1641.3499755859375,3061850000
2009-04-21,1643.8499755859375,1643.8499755859375,1643.8499755859375,1598.9300537109375,1599.030029296875,2422990000
2009-04-22,1646.1199951171875,1646.1199951171875,1679.8199462890625,1624.72998046875,1630.1400146484375,2657480000
2009-04-23,1652.2099609375,1652.2099609375,1654.8499755859375,1625.8800048828125,1651.469970703125,2463500000
2009-04-24,1694.2900390625,1694.2900390625,1702.8699951171875,1657.489990234375,1666.4300537109375,2547150000
2009-04-27,1679.4100341796875,1679.4100341796875,1700.530029296875,1670.489990234375,1672.8699951171875,2203700000
2009-04-28,1673.81005859375,1673.81005859375,1690.06005859375,1661.4000244140625,1668.260009765625,2080410000
2009-04-29,1711.93994140625,1711.93994140625,1726.68994140625,1687.2900390625,1688.6600341796875,2385720000
2009-04-30,1717.300048828125,1717.300048828125,1753.6099853515625,1710.0699462890625,1732.469970703125,2871300000
2009-05-01,1719.199951171875,1719.199951171875,1728.0999755859375,1703.52001953125,1719.2900390625,2165930000
2009-05-04,1763.56005859375,1763.56005859375,1763.56005859375,1729.31005859375,1733.7099609375,2524800000
2009-05-05,1754.1199951171875,1754.1199951171875,1759.4200439453125,1735.3699951171875,1757.260009765625,2538290000
2009-05-06,1759.0999755859375,1759.0999755859375,1770.2900390625,1730.969970703125,1768.68994140625,2966510000
2009-05-07,1716.239990234375,1716.239990234375,1773.1300048828125,1702.5400390625,1772.0999755859375,3299360000
2009-05-08,1739.0,1739.0,1747.4100341796875,1711.010009765625,1733.5,3206310000
2009-05-11,1731.239990234375,1731.239990234375,1747.969970703125,1705.8699951171875,1713.6500244140625,2543450000
2009-05-12,1715.9200439453125,1715.9200439453125,1743.52001953125,1695.8699951171875,1742.8599853515625,2475150000
2009-05-13,1664.18994140625,1664.18994140625,1697.760009765625,1664.18994140625,1696.800048828125,2356410000
2009-05-14,1689.2099609375,1689.2099609375,1701.219970703125,1667.93994140625,1672.47998046875,2162620000
2009-05-15,1680.1400146484375,1680.1400146484375,1703.449951171875,1676.56005859375,1687.489990234375,2057500000
2009-05-18,1732.3599853515625,1732.3599853515625,1732.3599853515625,1689.550048828125,1696.8199462890625,2023250000
2009-05-19,1734.5400390625,1734.5400390625,1750.050048828125,1719.9200439453125,1727.0,2076390000
2009-05-20,1727.8399658203125,1727.8399658203125,1767.469970703125,1722.3199462890625,1743.5999755859375,2261780000
2009-05-21,1695.25,1695.25,1719.5799560546875,1677.77001953125,1709.8299560546875,2206610000
2009-05-22,1692.010009765625,1692.010009765625,1711.97998046875,1682.239990234375,1702.06005859375,1619520000
2009-05-26,1750.4300537109375,1750.4300537109375,1751.469970703125,1677.5400390625,1677.719970703125,2095650000
2009-05-27,1731.0799560546875,1731.0799560546875,1768.219970703125,1728.9599609375,1745.56005859375,2118100000
2009-05-28,1751.7900390625,1751.7900390625,1754.949951171875,1714.47998046875,1744.22998046875,2189090000
2009-05-29,1774.3299560546875,1774.3299560546875,1774.3299560546875,1742.989990234375,1756.260009765625,2465310000
2009-06-01,1828.6800537109375,1828.6800537109375,1833.1800537109375,1792.800048828125,1796.0899658203125,2600340000
2009-06-02,1836.800048828125,1836.800048828125,1846.6500244140625,1815.8299560546875,1821.219970703125,2611690000
2009-06-03,1825.9200439453125,1825.9200439453125,1828.0899658203125,1806.510009765625,1825.5999755859375,2246950000
2009-06-04,1850.02001953125,1850.02001953125,1850.0400390625,1825.6199951171875,1829.8399658203125,2468840000
2009-06-05,1849.4200439453125,1849.4200439453125,1865.949951171875,1834.6300048828125,1864.02001953125,2310590000
2009-06-08,1842.4000244140625,1842.4000244140625,1857.800048828125,1818.5899658203125,1836.8699951171875,1972980000
2009-06-09,1860.1300048828125,1860.1300048828125,1869.52001953125,1846.260009765625,1850.47998046875,2140370000
2009-06-10,1853.0799560546875,1853.0799560546875,1872.699951171875,1827.6099853515625,1872.010009765625,2347870000
2009-06-11,1862.3699951171875,1862.3699951171875,1879.9200439453125,1854.75,1854.75,2463860000
2009-06-12,1858.800048828125,1858.800048828125,1858.800048828125,1833.3900146484375,1852.4300537109375,2013560000
2009-06-15,1816.3800048828125,1816.3800048828125,1838.3299560546875,1803.0699462890625,1837.93994140625,2154700000
2009-06-16,1796.1800537109375,1796.1800537109375,1831.1800537109375,1795.550048828125,1825.199951171875,2227700000
2009-06-17,1808.06005859375,1808.06005859375,1824.199951171875,1785.3399658203125,1799.219970703125,2523180000
2009-06-18,1807.719970703125,1807.719970703125,1816.5999755859375,1795.739990234375,1809.0400390625,2067830000
2009-06-19,1827.469970703125,1827.469970703125,1837.5799560546875,1817.0699462890625,1824.989990234375,2864420000
2009-06-22,1766.18994140625,1766.18994140625,1810.5799560546875,1765.8499755859375,1809.530029296875,2318970000
2009-06-23,1764.9200439453125,1764.9200439453125,1777.5799560546875,1753.780029296875,1771.4200439453125,2152480000
2009-06-24,1792.3399658203125,1792.3399658203125,1807.0799560546875,1780.25,1780.8800048828125,2150570000
2009-06-25,1829.5400390625,1829.5400390625,1829.6700439453125,1779.1800537109375,1783.18994140625,2227980000
2009-06-26,1838.219970703125,1838.219970703125,1840.97998046875,1816.8399658203125,1819.1600341796875,3989940000
2009-06-29,1844.06005859375,1844.06005859375,1854.0899658203125,1825.030029296875,1842.0899658203125,1981450000
2009-06-30,1835.0400390625,1835.0400390625,1854.68994140625,1824.949951171875,1845.469970703125,2044980000
2009-07-01,1845.719970703125,1845.719970703125,1861.6199951171875,1843.7900390625,1846.1199951171875,1971050000
2009-07-02,1796.52001953125,1796.52001953125,1823.9100341796875,1795.949951171875,1823.68994140625,1923070000
2009-07-06,1787.4000244140625,1787.4000244140625,1793.4200439453125,1770.1099853515625,1783.5,1970530000
2009-07-07,1746.1700439453125,1746.1700439453125,1788.969970703125,1745.3800048828125,1787.43994140625,2027240000
2009-07-08,1747.1700439453125,1747.1700439453125,1757.6700439453125,1727.050048828125,1756.0,2467520000
2009-07-09,1752.550048828125,1752.550048828125,1763.6300048828125,1747.43994140625,1756.969970703125,1868280000
2009-07-10,1756.030029296875,1756.030029296875,1764.1099853515625,1738.260009765625,1744.6099853515625,1658010000
2009-07-13,1793.2099609375,1793.2099609375,1793.2099609375,1736.949951171875,1761.030029296875,1899410000
2009-07-14,1799.72998046875,1799.72998046875,1800.72998046875,1782.8499755859375,1790.699951171875,1856910000
2009-07-15,1862.9000244140625,1862.9000244140625,1863.2900390625,1824.31005859375,1827.6099853515625,2543340000
2009-07-16,1885.030029296875,1885.030029296875,1887.8900146484375,1854.699951171875,1856.050048828125,2072730000
2009-07-17,1886.6099853515625,1886.6099853515625,1887.3399658203125,1873.81005859375,1880.31005859375,1876760000
2009-07-20,1909.2900390625,1909.2900390625,1909.8900146484375,1890.0,1896.989990234375,2046350000
2009-07-21,1916.199951171875,1916.199951171875,1917.4599609375,1892.1700439453125,1917.3900146484375,2205230000
2009-07-22,1926.3800048828125,1926.3800048828125,1934.6099853515625,1907.25,1908.8299560546875,2306340000
2009-07-23,1973.5999755859375,1973.5999755859375,1979.3399658203125,1924.77001953125,1924.9599609375,3021430000
2009-07-24,1965.9599609375,1965.9599609375,1966.260009765625,1937.6400146484375,1943.22998046875,2232920000
2009-07-27,1967.8900146484375,1967.8900146484375,1971.3800048828125,1946.949951171875,1964.6199951171875,2141690000
2009-07-28,1975.510009765625,1975.510009765625,1978.4300537109375,1947.8900146484375,1957.260009765625,2206850000
2009-07-29,1967.760009765625,1967.760009765625,1970.6500244140625,1953.3599853515625,1965.3199462890625,2072650000
2009-07-30,1984.300048828125,1984.300048828125,2009.81005859375,1980.0799560546875,1986.2099609375,2525670000
2009-07-31,1978.5,1978.5,1995.050048828125,1977.6500244140625,1980.719970703125,2190380000
2009-08-03,2008.6099853515625,2008.6099853515625,2008.6099853515625,1985.8800048828125,1998.3499755859375,2155720000
2009-08-04,2011.31005859375,2011.31005859375,2015.5899658203125,1993.739990234375,1996.3800048828125,2235010000
2009-08-05,1993.050048828125,1993.050048828125,2014.449951171875,1980.6800537109375,2014.449951171875,2353550000
2009-08-06,1973.1600341796875,1973.1600341796875,2004.3699951171875,1967.6800537109375,1999.2099609375,2408400000
2009-08-07,2000.25,2000.25,2012.3299560546875,1984.5,1997.0,2323980000
2009-08-10,1992.239990234375,1992.239990234375,1999.550048828125,1979.3900146484375,1991.43994140625,1844700000
2009-08-11,1969.72998046875,1969.72998046875,1986.8499755859375,1962.0799560546875,1985.06005859375,1915530000
2009-08-12,1998.719970703125,1998.719970703125,2015.260009765625,1970.25,1970.949951171875,2140190000
2009-08-13,2009.3499755859375,2009.3499755859375,2013.4300537109375,1986.8699951171875,2009.27001953125,2084370000
2009-08-14,1985.52001953125,1985.52001953125,2006.72998046875,1969.6800537109375,2005.7900390625,1923410000
2009-08-17,1930.8399658203125,1930.8399658203125,1949.22998046875,1929.6400146484375,1949.22998046875,1924190000
2009-08-18,1955.9200439453125,1955.9200439453125,1958.7099609375,1935.3299560546875,1940.550048828125,1749420000
2009-08-19,1969.239990234375,1969.239990234375,1972.3199462890625,1931.9100341796875,1933.3900146484375,1977750000
2009-08-20,1989.219970703125,1989.219970703125,1992.219970703125,1965.68994140625,1967.5699462890625,1958470000
2009-08-21,2020.9000244140625,2020.9000244140625,2021.8599853515625,1994.3299560546875,2000.1500244140625,2259140000
2009-08-24,2017.97998046875,2017.97998046875,2036.030029296875,2012.0,2026.1099853515625,2046370000
2009-08-25,2024.22998046875,2024.22998046875,2040.5899658203125,2019.1700439453125,2025.5899658203125,1936980000
2009-08-26,2024.4300537109375,2024.4300537109375,2034.31005859375,2013.52001953125,2021.300048828125,2037560000
2009-08-27,2027.72998046875,2027.72998046875,2029.27001953125,1993.030029296875,2021.31005859375,2140540000
2009-08-28,2028.77001953125,2028.77001953125,2059.47998046875,2017.4200439453125,2050.530029296875,2340180000
2009-08-31,2009.06005859375,2009.06005859375,2013.6500244140625,1997.530029296875,2011.1400146484375,2256210000
2009-09-01,1968.8900146484375,1968.8900146484375,2034.780029296875,1965.47998046875,2001.300048828125,2778570000
2009-09-02,1967.0699462890625,1967.0699462890625,1976.3499755859375,1958.510009765625,1960.0699462890625,1974330000
2009-09-03,1983.199951171875,1983.199951171875,1983.3699951171875,1958.0400390625,1975.8499755859375,1853450000
2009-09-04,2018.780029296875,2018.780029296875,2018.9200439453125,1982.050048828125,1986.97998046875,1722150000
2009-09-08,2037.77001953125,2037.77001953125,2038.6300048828125,2023.030029296875,2034.739990234375,2037180000
2009-09-09,2060.389892578125,2060.389892578125,2066.340087890625,2033.469970703125,2038.9200439453125,2493930000
2009-09-10,2084.02001953125,2084.02001953125,2084.02001953125,2055.489990234375,2059.47998046875,2451330000
2009-09-11,2080.89990234375,2080.89990234375,2088.929931640625,2070.02001953125,2083.340087890625,2318050000
2009-09-14,2091.780029296875,2091.780029296875,2091.780029296875,2065.800048828125,2066.14990234375,2157600000
2009-09-15,2102.639892578125,2102.639892578125,2106.929931640625,2086.159912109375,2090.330078125,2372990000
2009-09-16,2133.14990234375,2133.14990234375,2133.14990234375,2102.860107421875,2110.06005859375,2707080000
2009-09-17,2126.75,2126.75,2140.60009765625,2118.5,2129.419921875,2615780000
2009-09-18,2132.860107421875,2132.860107421875,2138.820068359375,2120.699951171875,2134.85009765625,3023010000
2009-09-21,2138.0400390625,2138.0400390625,2142.409912109375,2118.47998046875,2121.340087890625,2408860000
2009-09-22,2146.300048828125,2146.300048828125,2150.679931640625,2137.389892578125,2150.02001953125,2490480000
2009-09-23,2131.419921875,2131.419921875,2167.699951171875,2130.340087890625,2152.429931640625,2683250000
2009-09-24,2107.610107421875,2107.610107421875,2142.489990234375,2097.10009765625,2140.06005859375,2607280000
2009-09-25,2090.919921875,2090.919921875,2106.989990234375,2085.35009765625,2095.840087890625,2363930000
2009-09-28,2130.739990234375,2130.739990234375,2140.0400390625,2101.429931640625,2101.919921875,1890030000
2009-09-29,2124.0400390625,2124.0400390625,2141.39990234375,2116.6298828125,2131.669921875,2062970000
2009-09-30,2122.419921875,2122.419921875,2137.8701171875,2092.300048828125,2131.300048828125,2640660000
2009-10-01,2057.47998046875,2057.47998046875,2112.89990234375,2057.47998046875,2111.77001953125,2708170000
2009-10-02,2048.110107421875,2048.110107421875,2064.14990234375,2040.72998046875,2040.8399658203125,2448110000
2009-10-05,2068.14990234375,2068.14990234375,2074.780029296875,2049.0400390625,2056.52001953125,2156250000
2009-10-06,2103.570068359375,2103.570068359375,2111.1298828125,2079.489990234375,2080.39990234375,2413450000
2009-10-07,2110.330078125,2110.330078125,2110.330078125,2095.93994140625,2099.06005859375,2220910000
2009-10-08,2123.929931640625,2123.929931640625,2139.64990234375,2116.06005859375,2124.68994140625,2366950000
2009-10-09,2139.280029296875,2139.280029296875,2139.6201171875,2118.0400390625,2120.0,1936850000
2009-10-12,2139.139892578125,2139.139892578125,2155.919921875,2128.389892578125,2145.6298828125,1784280000
2009-10-13,2139.889892578125,2139.889892578125,2146.35009765625,2128.43994140625,2138.699951171875,2020110000
2009-10-14,2172.22998046875,2172.22998046875,2173.949951171875,2157.47998046875,2165.830078125,2348620000
2009-10-15,2173.2900390625,2173.2900390625,2173.2900390625,2158.2900390625,2164.330078125,2140090000
2009-10-16,2156.800048828125,2156.800048828125,2164.72998046875,2142.8798828125,2164.72998046875,2209950000
2009-10-19,2176.320068359375,2176.320068359375,2180.110107421875,2150.419921875,2162.409912109375,1970440000
2009-10-20,2163.469970703125,2163.469970703125,2181.159912109375,2151.77001953125,2180.429931640625,2110580000
2009-10-21,2150.72998046875,2150.72998046875,2190.639892578125,2148.409912109375,2160.780029296875,2565680000
2009-10-22,2165.2900390625,2165.2900390625,2169.169921875,2130.699951171875,2146.719970703125,2265230000
2009-10-23,2154.469970703125,2154.469970703125,2190.47998046875,2149.35009765625,2186.639892578125,2441920000
2009-10-26,2141.85009765625,2141.85009765625,2183.610107421875,2136.919921875,2158.81005859375,2316210000
2009-10-27,2116.090087890625,2116.090087890625,2148.8798828125,2110.909912109375,2144.14990234375,2384620000
2009-10-28,2059.610107421875,2059.610107421875,2111.840087890625,2057.39990234375,2103.360107421875,2769570000
2009-10-29,2097.550048828125,2097.550048828125,2101.330078125,2071.300048828125,2077.0400390625,2301370000
2009-10-30,2045.1099853515625,2045.1099853515625,2095.090087890625,2040.2099609375,2091.56005859375,2610280000
2009-11-02,2049.199951171875,2049.199951171875,2069.489990234375,2024.27001953125,2047.4200439453125,2408320000
2009-11-03,2057.320068359375,2057.320068359375,2057.320068359375,2031.25,2034.0899658203125,2061050000
2009-11-04,2055.52001953125,2055.52001953125,2081.10009765625,2053.0,2067.56005859375,2217520000
2009-11-05,2105.320068359375,2105.320068359375,2105.320068359375,2075.610107421875,2078.830078125,2209690000
2009-11-06,2112.43994140625,2112.43994140625,2117.6201171875,2088.239990234375,2089.489990234375,1829150000
2009-11-09,2154.06005859375,2154.06005859375,2154.06005859375,2128.14990234375,2128.4599609375,2004700000
2009-11-10,2151.080078125,2151.080078125,2160.639892578125,2141.27001953125,2147.239990234375,1997240000
2009-11-11,2166.89990234375,2166.89990234375,2177.909912109375,2155.25,2166.530029296875,1851790000
2009-11-12,2149.02001953125,2149.02001953125,2179.18994140625,2145.830078125,2166.97998046875,2212370000
2009-11-13,2167.8798828125,2167.8798828125,2172.050048828125,2145.919921875,2156.679931640625,1876220000
2009-11-16,2197.85009765625,2197.85009765625,2205.320068359375,2177.0,2177.31005859375,2105020000
2009-11-17,2203.780029296875,2203.780029296875,2203.780029296875,2185.550048828125,2190.1201171875,1887240000
2009-11-18,2193.139892578125,2193.139892578125,2200.14990234375,2180.169921875,2199.8701171875,1990220000
2009-11-19,2156.820068359375,2156.820068359375,2176.510009765625,2141.590087890625,2176.3701171875,2208700000
2009-11-20,2146.0400390625,2146.0400390625,2150.080078125,2137.06005859375,2145.070068359375,1962760000
2009-11-23,2176.010009765625,2176.010009765625,2189.5,2168.77001953125,2168.949951171875,1840170000
2009-11-24,2169.179931640625,2169.179931640625,2175.14990234375,2155.219970703125,2174.68994140625,1858490000
2009-11-25,2176.050048828125,2176.050048828125,2178.6201171875,2170.06005859375,2174.0,1398610000
2009-11-27,2138.43994140625,2138.43994140625,2155.409912109375,2113.989990234375,2115.9599609375,971990000
2009-11-30,2144.60009765625,2144.60009765625,2146.929931640625,2120.699951171875,2135.929931640625,1986050000
2009-12-01,2175.81005859375,2175.81005859375,2182.239990234375,2162.22998046875,2162.22998046875,2151300000
2009-12-02,2185.030029296875,2185.030029296875,2198.550048828125,2177.820068359375,2178.510009765625,2068920000
2009-12-03,2173.139892578125,2173.139892578125,2203.75,2172.0400390625,2190.419921875,2001660000
2009-12-04,2194.35009765625,2194.35009765625,2214.389892578125,2169.659912109375,2203.75,2305950000
2009-12-07,2189.610107421875,2189.610107421875,2201.419921875,2183.1298828125,2191.35009765625,1878980000
2009-12-08,2172.989990234375,2172.989990234375,2187.18994140625,2160.429931640625,2174.719970703125,1981800000
2009-12-09,2183.72998046875,2183.72998046875,2185.699951171875,2155.9599609375,2170.02001953125,1906210000
2009-12-10,2190.860107421875,2190.860107421875,2202.840087890625,2187.080078125,2194.89990234375,1946370000
2009-12-11,2190.31005859375,2190.31005859375,2202.39990234375,2179.510009765625,2200.9599609375,1754430000
2009-12-14,2212.10009765625,2212.10009765625,2212.56005859375,2193.199951171875,2202.31005859375,1841890000
2009-12-15,2201.050048828125,2201.050048828125,2217.6298828125,2197.760009765625,2203.5400390625,1946960000
2009-12-16,2206.909912109375,2206.909912109375,2220.4599609375,2203.330078125,2210.35009765625,2022440000
2009-12-17,2180.050048828125,2180.050048828125,2198.510009765625,2178.050048828125,2193.5,1904840000
2009-12-18,2211.68994140625,2211.68994140625,2213.179931640625,2190.68994140625,2197.570068359375,2848410000
2009-12-21,2237.659912109375,2237.659912109375,2242.219970703125,2224.0400390625,2224.0400390625,1808830000
2009-12-22,2252.669921875,2252.669921875,2253.72998046875,2241.330078125,2242.610107421875,1724200000
2009-12-23,2269.639892578125,2269.639892578125,2271.330078125,2253.669921875,2257.2099609375,1582900000
2009-12-24,2285.68994140625,2285.68994140625,2285.889892578125,2273.39990234375,2273.949951171875,632650000
2009-12-28,2291.080078125,2291.080078125,2295.800048828125,2280.56005859375,2290.0400390625,1232130000
2009-12-29,2288.39990234375,2288.39990234375,2294.75,2286.570068359375,2293.93994140625,1177710000
2009-12-30,2291.280029296875,2291.280029296875,2293.02001953125,2280.159912109375,2284.56005859375,1312670000
2009-12-31,2269.14990234375,2269.14990234375,2293.590087890625,2269.110107421875,2292.919921875,1237820000
2010-01-04,2308.419921875,2308.419921875,2311.14990234375,2294.409912109375,2294.409912109375,1931380000
2010-01-05,2308.7099609375,2308.7099609375,2313.72998046875,2295.6201171875,2307.27001953125,2367860000
2010-01-06,2301.090087890625,2301.090087890625,2314.070068359375,2295.679931640625,2307.7099609375,2253340000
2010-01-07,2300.050048828125,2300.050048828125,2301.300048828125,2285.219970703125,2298.090087890625,2270050000
2010-01-08,2317.169921875,2317.169921875,2317.60009765625,2290.610107421875,2292.239990234375,2145390000
2010-01-11,2312.409912109375,2312.409912109375,2326.280029296875,2302.2099609375,2324.780029296875,2077890000
2010-01-12,2282.31005859375,2282.31005859375,2298.85009765625,2272.699951171875,2297.280029296875,2368320000
2010-01-13,2307.89990234375,2307.89990234375,2313.030029296875,2274.1201171875,2289.4599609375,2318350000
2010-01-14,2316.739990234375,2316.739990234375,2322.56005859375,2303.2900390625,2303.31005859375,2254170000
2010-01-15,2287.989990234375,2287.989990234375,2322.5400390625,2279.199951171875,2316.97998046875,2637770000
2010-01-19,2320.39990234375,2320.39990234375,2320.39990234375,2290.679931640625,2291.02001953125,2045290000
2010-01-20,2291.25,2291.25,2304.469970703125,2268.679931640625,2304.31005859375,2351890000
2010-01-21,2265.699951171875,2265.699951171875,2308.97998046875,2259.820068359375,2298.22998046875,2877800000
2010-01-22,2205.2900390625,2205.2900390625,2262.27001953125,2200.3701171875,2255.760009765625,2817620000
2010-01-25,2210.800048828125,2210.800048828125,2223.219970703125,2201.169921875,2220.2900390625,2134350000
2010-01-26,2203.72998046875,2203.72998046875,2227.889892578125,2195.43994140625,2203.43994140625,2361260000
2010-01-27,2221.409912109375,2221.409912109375,2225.669921875,2192.590087890625,2200.300048828125,2492880000
2010-01-28,2179.0,2179.0,2220.8701171875,2166.89990234375,2220.31005859375,2829640000
2010-01-29,2147.35009765625,2147.35009765625,2202.840087890625,2140.340087890625,2198.260009765625,3090580000
2010-02-01,2171.199951171875,2171.199951171875,2171.199951171875,2152.260009765625,2155.81005859375,2234140000
2010-02-02,2190.06005859375,2190.06005859375,2193.659912109375,2161.469970703125,2171.659912109375,2468470000
2010-02-03,2190.909912109375,2190.909912109375,2194.530029296875,2176.75,2181.010009765625,2303350000
2010-02-04,2125.429931640625,2125.429931640625,2178.25,2125.429931640625,2176.389892578125,2801390000
2010-02-05,2141.1201171875,2141.1201171875,2142.27001953125,2100.169921875,2131.919921875,2811100000
2010-02-08,2126.050048828125,2126.050048828125,2152.639892578125,2125.110107421875,2140.10009765625,2036280000
2010-02-09,2150.8701171875,2150.8701171875,2166.159912109375,2132.580078125,2153.10009765625,2296420000
2010-02-10,2147.8701171875,2147.8701171875,2156.360107421875,2131.080078125,2147.4599609375,2059940000
2010-02-11,2177.409912109375,2177.409912109375,2179.5400390625,2134.139892578125,2145.090087890625,2141260000
2010-02-12,2183.530029296875,2183.530029296875,2184.570068359375,2151.989990234375,2157.68994140625,2236180000
2010-02-16,2214.18994140625,2214.18994140625,2214.18994140625,2189.179931640625,2200.3798828125,2072850000
2010-02-17,2226.2900390625,2226.2900390625,2226.320068359375,2212.780029296875,2222.8701171875,2103530000
2010-02-18,2241.7099609375,2241.7099609375,2243.5,2221.139892578125,2223.219970703125,2076820000
2010-02-19,2243.8701171875,2243.8701171875,2249.800048828125,2228.929931640625,2233.330078125,2166660000
2010-02-22,2242.030029296875,2242.030029296875,2251.679931640625,2235.64990234375,2250.919921875,1976290000
2010-02-23,2213.43994140625,2213.43994140625,2239.800048828125,2205.699951171875,2238.010009765625,2310910000
2010-02-24,2235.89990234375,2235.89990234375,2241.68994140625,2221.280029296875,2222.39990234375,2155810000
2010-02-25,2234.219970703125,2234.219970703125,2236.2099609375,2198.72998046875,2208.6201171875,2300530000
2010-02-26,2238.260009765625,2238.260009765625,2242.830078125,2222.22998046875,2234.43994140625,2283430000
2010-03-01,2273.570068359375,2273.570068359375,2274.02001953125,2247.330078125,2247.39990234375,2504940000
2010-03-02,2280.7900390625,2280.7900390625,2292.489990234375,2275.35009765625,2279.070068359375,2831870000
2010-03-03,2280.679931640625,2280.679931640625,2293.320068359375,2275.25,2284.820068359375,2603510000
2010-03-04,2292.31005859375,2292.31005859375,2293.159912109375,2273.6298828125,2282.570068359375,2186020000
2010-03-05,2326.35009765625,2326.35009765625,2327.030029296875,2301.10009765625,2304.010009765625,2411880000
2010-03-08,2332.2099609375,2332.2099609375,2335.429931640625,2326.110107421875,2326.25,2312310000
2010-03-09,2340.679931640625,2340.679931640625,2353.070068359375,2325.739990234375,2325.780029296875,2620360000
2010-03-10,2358.949951171875,2358.949951171875,2361.659912109375,2340.68994140625,2340.949951171875,2554740000
2010-03-11,2368.4599609375,2368.4599609375,2368.4599609375,2347.530029296875,2351.110107421875,2256790000
2010-03-12,2367.659912109375,2367.659912109375,2376.280029296875,2358.080078125,2376.070068359375,2098780000
2010-03-15,2362.2099609375,2362.2099609375,2367.39990234375,2345.989990234375,2361.919921875,1956170000
2010-03-16,2378.010009765625,2378.010009765625,2378.840087890625,2360.669921875,2367.320068359375,2201880000
2010-03-17,2389.090087890625,2389.090087890625,2400.090087890625,2381.469970703125,2381.64990234375,2281410000
2010-03-18,2391.280029296875,2391.280029296875,2393.8701171875,2383.260009765625,2387.5400390625,2173060000
2010-03-19,2374.409912109375,2374.409912109375,2396.919921875,2364.530029296875,2391.199951171875,3055760000
2010-03-22,2395.39990234375,2395.39990234375,2401.2099609375,2358.0,2360.35009765625,2448130000
2010-03-23,2415.239990234375,2415.239990234375,2416.510009765625,2390.0400390625,2397.89990234375,2465230000
2010-03-24,2398.760009765625,2398.760009765625,2408.639892578125,2396.919921875,2406.719970703125,2436100000
2010-03-25,2397.409912109375,2397.409912109375,2432.25,2397.360107421875,2415.239990234375,2704870000
2010-03-26,2395.1298828125,2395.1298828125,2412.919921875,2384.68994140625,2406.72998046875,2367930000
2010-03-29,2404.360107421875,2404.360107421875,2411.179931640625,2398.39990234375,2403.77001953125,1967850000
2010-03-30,2410.68994140625,2410.68994140625,2417.360107421875,2395.800048828125,2406.68994140625,2147270000
2010-03-31,2397.9599609375,2397.9599609375,2415.43994140625,2395.340087890625,2402.97998046875,2368690000
2010-04-01,2402.580078125,2402.580078125,2423.429931640625,2383.77001953125,2411.679931640625,2340270000
2010-04-05,2429.530029296875,2429.530029296875,2429.610107421875,2403.8798828125,2409.47998046875,2130340000
2010-04-06,2436.81005859375,2436.81005859375,2443.5,2417.77001953125,2420.330078125,2220390000
2010-04-07,2431.159912109375,2431.159912109375,2442.27001953125,2418.72998046875,2433.10009765625,2984850000
2010-04-08,2436.81005859375,2436.81005859375,2441.1201171875,2413.739990234375,2423.989990234375,2428900000
2010-04-09,2454.050048828125,2454.050048828125,2454.1201171875,2432.929931640625,2441.31005859375,2215530000
2010-04-12,2457.8701171875,2457.8701171875,2463.169921875,2450.14990234375,2455.39990234375,2161650000
2010-04-13,2465.989990234375,2465.989990234375,2467.93994140625,2445.260009765625,2454.949951171875,2665420000
2010-04-14,2504.860107421875,2504.860107421875,2504.860107421875,2480.429931640625,2481.800048828125,3143270000
2010-04-15,2515.68994140625,2515.68994140625,2517.820068359375,2502.510009765625,2503.409912109375,2840660000
2010-04-16,2481.260009765625,2481.260009765625,2510.06005859375,2467.679931640625,2505.3798828125,2960950000
2010-04-19,2480.110107421875,2480.110107421875,2487.669921875,2451.719970703125,2477.800048828125,2223650000
2010-04-20,2500.31005859375,2500.31005859375,2501.25,2480.699951171875,2492.719970703125,2157100000
2010-04-21,2504.610107421875,2504.610107421875,2510.5,2490.18994140625,2506.610107421875,2715900000
2010-04-22,2519.070068359375,2519.070068359375,2521.02001953125,2468.260009765625,2483.52001953125,2800840000
2010-04-23,2530.14990234375,2530.14990234375,2530.14990234375,2507.60009765625,2514.85009765625,2517010000
2010-04-26,2522.949951171875,2522.949951171875,2535.280029296875,2521.510009765625,2529.85009765625,2491040000
2010-04-27,2471.469970703125,2471.469970703125,2525.699951171875,2466.530029296875,2512.580078125,2864810000
2010-04-28,2471.72998046875,2471.72998046875,2484.14990234375,2456.6298828125,2483.030029296875,2755190000
2010-04-29,2511.919921875,2511.919921875,2513.68994140625,2483.5,2487.330078125,3069640000
2010-04-30,2461.18994140625,2461.18994140625,2514.3701171875,2461.090087890625,2509.989990234375,2841130000
2010-05-03,2498.739990234375,2498.739990234375,2503.0,2472.320068359375,2472.320068359375,2398370000
2010-05-04,2424.25,2424.25,2465.550048828125,2411.280029296875,2465.550048828125,3052590000
2010-05-05,2402.2900390625,2402.2900390625,2421.050048828125,2382.070068359375,2395.2099609375,3041480000
2010-05-06,2319.639892578125,2319.639892578125,2407.7900390625,2185.75,2391.2099609375,4553600000
2010-05-07,2265.639892578125,2265.639892578125,2330.64990234375,2228.06005859375,2308.7099609375,4227720000
2010-05-10,2374.669921875,2374.669921875,2379.8701171875,2349.39990234375,2365.969970703125,2871800000
2010-05-11,2375.31005859375,2375.31005859375,2405.260009765625,2345.5,2347.699951171875,2548840000
2010-05-12,2425.02001953125,2425.02001953125,2426.469970703125,2384.68994140625,2388.639892578125,2351900000
2010-05-13,2394.360107421875,2394.360107421875,2434.2900390625,2387.590087890625,2416.360107421875,2375250000
2010-05-14,2346.85009765625,2346.85009765625,2374.530029296875,2323.6298828125,2373.8798828125,2653020000
2010-05-17,2354.22998046875,2354.22998046875,2364.64990234375,2304.280029296875,2352.77001953125,2434480000
2010-05-18,2317.260009765625,2317.260009765625,2374.909912109375,2309.219970703125,2372.840087890625,2490310000
2010-05-19,2298.3701171875,2298.3701171875,2324.989990234375,2270.6201171875,2307.780029296875,2646160000
2010-05-20,2204.010009765625,2204.010009765625,2253.0400390625,2203.5,2245.56005859375,3420420000
2010-05-21,2229.0400390625,2229.0400390625,2243.0,2165.7900390625,2169.580078125,3389670000
2010-05-24,2213.550048828125,2213.550048828125,2244.669921875,2212.3701171875,2220.60009765625,2150020000
2010-05-25,2210.949951171875,2210.949951171875,2211.93994140625,2140.530029296875,2157.449951171875,2946380000
2010-05-26,2195.8798828125,2195.8798828125,2257.330078125,2190.43994140625,2226.239990234375,3077300000
2010-05-27,2277.679931640625,2277.679931640625,2278.3701171875,2239.719970703125,2244.820068359375,2408220000
2010-05-28,2257.0400390625,2257.0400390625,2277.10009765625,2241.52001953125,2275.18994140625,2165590000
2010-06-01,2222.330078125,2222.330078125,2277.389892578125,2220.889892578125,2244.7900390625,2167810000
2010-06-02,2281.070068359375,2281.070068359375,2281.070068359375,2221.070068359375,2234.590087890625,2190140000
2010-06-03,2303.030029296875,2303.030029296875,2307.469970703125,2274.8798828125,2285.760009765625,2249050000
2010-06-04,2219.169921875,2219.169921875,2278.580078125,2212.300048828125,2257.050048828125,2342480000
2010-06-07,2173.89990234375,2173.89990234375,2232.889892578125,2172.25,2226.60009765625,2256670000
2010-06-08,2170.570068359375,2170.570068359375,2183.10009765625,2139.4599609375,2176.070068359375,2696580000
2010-06-09,2158.85009765625,2158.85009765625,2208.64990234375,2152.669921875,2184.780029296875,2325060000
2010-06-10,2218.7099609375,2218.7099609375,2219.64990234375,2185.97998046875,2188.7099609375,2187840000
2010-06-11,2243.60009765625,2243.60009765625,2243.60009765625,2196.909912109375,2199.39990234375,1877120000
2010-06-14,2243.9599609375,2243.9599609375,2278.9599609375,2242.0,2263.659912109375,1951910000
2010-06-15,2305.8798828125,2305.8798828125,2307.97998046875,2256.43994140625,2256.47998046875,2289060000
2010-06-16,2305.929931640625,2305.929931640625,2317.75,2290.260009765625,2293.56005859375,1936400000
2010-06-17,2307.159912109375,2307.159912109375,2318.27001953125,2288.590087890625,2316.590087890625,1821680000
2010-06-18,2309.800048828125,2309.800048828125,2321.989990234375,2301.47998046875,2308.93994140625,2037230000
2010-06-21,2289.090087890625,2289.090087890625,2341.110107421875,2277.72998046875,2341.110107421875,1910700000
2010-06-22,2261.800048828125,2261.800048828125,2313.719970703125,2259.590087890625,2296.830078125,1934450000
2010-06-23,2254.22998046875,2254.22998046875,2271.739990234375,2236.989990234375,2264.409912109375,1929450000
2010-06-24,2217.419921875,2217.419921875,2247.419921875,2213.5,2246.199951171875,2064360000
2010-06-25,2223.47998046875,2223.47998046875,2240.8798828125,2205.919921875,2224.72998046875,3540350000
2010-06-28,2220.64990234375,2220.64990234375,2241.639892578125,2208.3701171875,2227.429931640625,1876740000
2010-06-29,2135.179931640625,2135.179931640625,2185.300048828125,2122.669921875,2183.919921875,2827090000
2010-06-30,2109.239990234375,2109.239990234375,2153.360107421875,2105.260009765625,2134.030029296875,2221560000
2010-07-01,2101.360107421875,2101.360107421875,2117.93994140625,2061.139892578125,2110.75,2717070000
2010-07-02,2091.7900390625,2091.7900390625,2110.659912109375,2077.7099609375,2105.5,1672320000
2010-07-06,2093.8798828125,2093.8798828125,2136.300048828125,2077.77001953125,2122.280029296875,2173030000
2010-07-07,2159.469970703125,2159.469970703125,2159.7900390625,2098.110107421875,2099.659912109375,2199500000
2010-07-08,2175.39990234375,2175.39990234375,2181.300048828125,2150.18994140625,2174.9599609375,2034030000
2010-07-09,2196.449951171875,2196.449951171875,2196.949951171875,2170.760009765625,2174.199951171875,1592610000
2010-07-12,2198.360107421875,2198.360107421875,2213.389892578125,2183.52001953125,2194.1201171875,1767970000
2010-07-13,2242.030029296875,2242.030029296875,2248.159912109375,2212.969970703125,2221.25,2278480000
2010-07-14,2249.840087890625,2249.840087890625,2260.330078125,2235.14990234375,2246.989990234375,2213010000
2010-07-15,2249.080078125,2249.080078125,2253.330078125,2218.919921875,2247.760009765625,2011600000
2010-07-16,2179.050048828125,2179.050048828125,2236.659912109375,2177.510009765625,2231.7099609375,2195150000
2010-07-19,2198.22998046875,2198.22998046875,2201.2900390625,2171.199951171875,2185.81005859375,1735090000
2010-07-20,2222.489990234375,2222.489990234375,2222.610107421875,2159.949951171875,2165.35009765625,1933270000
2010-07-21,2187.330078125,2187.330078125,2236.3701171875,2183.219970703125,2236.1298828125,2222030000
2010-07-22,2245.889892578125,2245.889892578125,2251.419921875,2216.0400390625,2216.0400390625,2213220000
2010-07-23,2269.469970703125,2269.469970703125,2269.469970703125,2227.5,2234.340087890625,2410600000
2010-07-26,2296.429931640625,2296.429931640625,2296.429931640625,2262.9599609375,2271.6201171875,2164280000
2010-07-27,2288.25,2288.25,2307.60009765625,2280.719970703125,2306.6201171875,2065390000
2010-07-28,2264.56005859375,2264.56005859375,2292.239990234375,2257.760009765625,2284.6201171875,1848520000
2010-07-29,2251.68994140625,2251.68994140625,2282.93994140625,2228.52001953125,2279.070068359375,2324590000
2010-07-30,2254.699951171875,2254.699951171875,2264.81005859375,2218.610107421875,2227.2900390625,2138610000
2010-08-02,2295.360107421875,2295.360107421875,2299.239990234375,2274.27001953125,2283.320068359375,1953200000
2010-08-03,2283.52001953125,2283.52001953125,2295.030029296875,2272.330078125,2291.75,1997030000
2010-08-04,2303.570068359375,2303.570068359375,2305.070068359375,2283.2099609375,2291.090087890625,2021980000
2010-08-05,2293.06005859375,2293.06005859375,2298.860107421875,2281.679931640625,2291.219970703125,1774300000
2010-08-06,2288.469970703125,2288.469970703125,2291.14990234375,2253.919921875,2267.419921875,1876630000
2010-08-09,2305.68994140625,2305.68994140625,2309.429931640625,2289.030029296875,2298.81005859375,1614580000
2010-08-10,2277.169921875,2277.169921875,2290.510009765625,2261.5,2280.06005859375,2039590000
2010-08-11,2208.6298828125,2208.6298828125,2236.929931640625,2204.93994140625,2236.929931640625,2274460000
2010-08-12,2190.27001953125,2190.27001953125,2197.969970703125,2163.070068359375,2164.639892578125,2189680000
2010-08-13,2173.47998046875,2173.47998046875,2190.27001953125,2173.47998046875,2183.090087890625,1605040000
2010-08-16,2181.8701171875,2181.8701171875,2193.840087890625,2155.659912109375,2161.31005859375,1627620000
2010-08-17,2209.43994140625,2209.43994140625,2225.080078125,2193.419921875,2197.090087890625,1736870000
2010-08-18,2215.699951171875,2215.699951171875,2228.89990234375,2196.110107421875,2205.300048828125,1654560000
2010-08-19,2178.949951171875,2178.949951171875,2211.72998046875,2168.739990234375,2204.800048828125,2094800000
2010-08-20,2179.760009765625,2179.760009765625,2182.669921875,2159.5400390625,2172.260009765625,1898500000
2010-08-23,2159.6298828125,2159.6298828125,2200.52001953125,2159.43994140625,2188.340087890625,1665900000
2010-08-24,2123.760009765625,2123.760009765625,2144.199951171875,2113.7099609375,2131.0,2141650000
2010-08-25,2141.5400390625,2141.5400390625,2148.35009765625,2102.260009765625,2109.14990234375,2019480000
2010-08-26,2118.68994140625,2118.68994140625,2154.320068359375,2116.820068359375,2148.489990234375,1804510000
2010-08-27,2153.6298828125,2153.6298828125,2154.989990234375,2099.2900390625,2134.159912109375,2134550000
2010-08-30,2119.969970703125,2119.969970703125,2154.469970703125,2119.929931640625,2145.760009765625,1585200000
2010-08-31,2114.030029296875,2114.030029296875,2128.89990234375,2101.52001953125,2109.760009765625,2084110000
2010-09-01,2176.840087890625,2176.840087890625,2177.5,2141.949951171875,2142.75,2133970000
2010-09-02,2200.010009765625,2200.010009765625,2200.010009765625,2173.7099609375,2178.989990234375,1680590000
2010-09-03,2233.75,2233.75,2235.570068359375,2213.56005859375,2227.9599609375,1647790000
2010-09-07,2208.889892578125,2208.889892578125,2231.280029296875,2206.6201171875,2227.260009765625,1685240000
2010-09-08,2228.8701171875,2228.8701171875,2237.419921875,2215.89990234375,2216.070068359375,2018210000
2010-09-09,2236.199951171875,2236.199951171875,2251.97998046875,2229.800048828125,2251.090087890625,1706650000
2010-09-10,2242.47998046875,2242.47998046875,2246.60009765625,2229.1201171875,2239.080078125,1692470000
2010-09-13,2285.7099609375,2285.7099609375,2289.489990234375,2263.68994140625,2263.800048828125,1937630000
2010-09-14,2289.77001953125,2289.77001953125,2302.570068359375,2274.570068359375,2281.31005859375,2079030000
2010-09-15,2301.320068359375,2301.320068359375,2304.60009765625,2276.320068359375,2283.169921875,2067130000
2010-09-16,2303.25,2303.25,2304.949951171875,2288.7099609375,2297.510009765625,1809280000
2010-09-17,2315.610107421875,2315.610107421875,2320.3701171875,2301.820068359375,2318.419921875,2432480000
2010-09-20,2355.830078125,2355.830078125,2358.89990234375,2317.889892578125,2322.800048828125,1989520000
2010-09-21,2349.35009765625,2349.35009765625,2366.760009765625,2341.820068359375,2355.27001953125,2125100000
2010-09-22,2334.550048828125,2334.550048828125,2355.909912109375,2323.550048828125,2339.909912109375,2170210000
2010-09-23,2327.080078125,2327.080078125,2353.7900390625,2316.110107421875,2316.7099609375,1923110000
2010-09-24,2381.219970703125,2381.219970703125,2381.219970703125,2353.5,2356.260009765625,1993380000
2010-09-27,2369.77001953125,2369.77001953125,2386.010009765625,2368.64990234375,2379.72998046875,1873120000
2010-09-28,2379.590087890625,2379.590087890625,2383.669921875,2339.5,2373.1298828125,2125730000
2010-09-29,2376.56005859375,2376.56005859375,2382.14990234375,2366.18994140625,2372.3701171875,2077930000
2010-09-30,2368.6201171875,2368.6201171875,2400.06005859375,2354.219970703125,2390.9599609375,2418300000
2010-10-01,2370.75,2370.75,2389.449951171875,2359.320068359375,2386.820068359375,1932650000
2010-10-04,2344.52001953125,2344.52001953125,2370.8701171875,2332.4599609375,2362.25,1901980000
2010-10-05,2399.830078125,2399.830078125,2402.419921875,2366.06005859375,2368.52001953125,2203470000
2010-10-06,2380.659912109375,2380.659912109375,2399.1298828125,2368.429931640625,2395.159912109375,2103800000
2010-10-07,2383.669921875,2383.669921875,2392.739990234375,2368.25,2391.6298828125,1846240000
2010-10-08,2401.909912109375,2401.909912109375,2406.669921875,2370.530029296875,2384.760009765625,2000980000
2010-10-11,2402.330078125,2402.330078125,2413.030029296875,2397.570068359375,2403.4599609375,1539990000
2010-10-12,2417.919921875,2417.919921875,2421.7900390625,2379.389892578125,2397.699951171875,1960920000
2010-10-13,2441.22998046875,2441.22998046875,2452.5400390625,2426.52001953125,2432.550048828125,2294450000
2010-10-14,2435.3798828125,2435.3798828125,2445.85009765625,2422.070068359375,2441.2099609375,2014540000
2010-10-15,2468.77001953125,2468.77001953125,2468.77001953125,2438.030029296875,2461.699951171875,2232810000
2010-10-18,2480.659912109375,2480.659912109375,2480.949951171875,2462.550048828125,2470.1201171875,1724710000
2010-10-19,2436.949951171875,2436.949951171875,2462.93994140625,2422.139892578125,2442.2099609375,2241840000
2010-10-20,2457.389892578125,2457.389892578125,2469.719970703125,2441.070068359375,2443.199951171875,2016770000
2010-10-21,2459.669921875,2459.669921875,2482.139892578125,2436.340087890625,2470.719970703125,2135480000
2010-10-22,2479.389892578125,2479.389892578125,2479.389892578125,2459.429931640625,2461.60009765625,1648180000
2010-10-25,2490.85009765625,2490.85009765625,2507.030029296875,2490.110107421875,2491.6201171875,1746320000
2010-10-26,2497.2900390625,2497.2900390625,2503.030029296875,2470.1201171875,2476.510009765625,1914350000
2010-10-27,2503.260009765625,2503.260009765625,2505.35009765625,2478.010009765625,2484.090087890625,2013240000
2010-10-28,2507.3701171875,2507.3701171875,2516.199951171875,2489.760009765625,2516.159912109375,1998340000
2010-10-29,2507.409912109375,2507.409912109375,2517.5,2505.860107421875,2505.989990234375,2068700000
2010-11-01,2504.840087890625,2504.840087890625,2532.3701171875,2491.4599609375,2520.449951171875,1904790000
2010-11-02,2533.52001953125,2533.52001953125,2534.8798828125,2518.2900390625,2525.93994140625,1914980000
2010-11-03,2540.27001953125,2540.27001953125,2541.419921875,2511.31005859375,2532.830078125,1990410000
2010-11-04,2577.340087890625,2577.340087890625,2579.6201171875,2564.050048828125,2569.27001953125,2492050000
2010-11-05,2578.97998046875,2578.97998046875,2582.179931640625,2568.780029296875,2577.6298828125,2092850000
2010-11-08,2580.050048828125,2580.050048828125,2583.300048828125,2566.780029296875,2570.860107421875,1799330000
2010-11-09,2562.97998046875,2562.97998046875,2592.93994140625,2552.929931640625,2587.080078125,2157370000
2010-11-10,2578.780029296875,2578.780029296875,2578.780029296875,2545.4599609375,2564.31005859375,1998930000
2010-11-11,2555.52001953125,2555.52001953125,2559.989990234375,2524.1201171875,2534.239990234375,2559980000
2010-11-12,2518.2099609375,2518.2099609375,2552.239990234375,2506.39990234375,2540.469970703125,2191790000
2010-11-15,2513.820068359375,2513.820068359375,2534.56005859375,2512.2900390625,2529.02001953125,1852210000
2010-11-16,2469.840087890625,2469.840087890625,2503.2900390625,2459.7900390625,2494.2099609375,2234090000
2010-11-17,2476.010009765625,2476.010009765625,2486.159912109375,2467.18994140625,2471.27001953125,1816260000
2010-11-18,2514.39990234375,2514.39990234375,2526.830078125,2502.5,2504.409912109375,2046660000
2010-11-19,2518.1201171875,2518.1201171875,2520.93994140625,2499.919921875,2510.7900390625,1839670000
2010-11-22,2532.02001953125,2532.02001953125,2532.02001953125,2501.300048828125,2509.389892578125,1850570000
2010-11-23,2494.949951171875,2494.949951171875,2510.090087890625,2483.159912109375,2504.2099609375,1892260000
2010-11-24,2543.1201171875,2543.1201171875,2545.409912109375,2519.889892578125,2519.889892578125,1634640000
2010-11-26,2534.56005859375,2534.56005859375,2541.489990234375,2522.39990234375,2525.909912109375,623980000
2010-11-29,2525.219970703125,2525.219970703125,2531.030029296875,2496.830078125,2522.239990234375,1683260000
2010-11-30,2498.22998046875,2498.22998046875,2510.7099609375,2488.610107421875,2497.1201171875,2317480000
2010-12-01,2549.429931640625,2549.429931640625,2558.2900390625,2535.18994140625,2535.18994140625,2109940000
2010-12-02,2579.35009765625,2579.35009765625,2580.590087890625,2551.820068359375,2553.679931640625,2038130000
2010-12-03,2591.4599609375,2591.4599609375,2593.679931640625,2567.8798828125,2569.02001953125,1810400000
2010-12-06,2594.919921875,2594.919921875,2599.18994140625,2584.090087890625,2591.280029296875,1617030000
2010-12-07,2598.489990234375,2598.489990234375,2623.60009765625,2597.449951171875,2623.14990234375,1906290000
2010-12-08,2609.159912109375,2609.159912109375,2612.3701171875,2592.889892578125,2604.570068359375,1763460000
2010-12-09,2616.669921875,2616.669921875,2624.840087890625,2606.239990234375,2623.14990234375,1924980000
2010-12-10,2637.5400390625,2637.5400390625,2639.409912109375,2615.419921875,2623.280029296875,1736730000
2010-12-13,2624.909912109375,2624.909912109375,2645.7900390625,2624.56005859375,2645.35009765625,1835330000
2010-12-14,2627.719970703125,2627.719970703125,2636.85009765625,2621.050048828125,2631.340087890625,1853270000
2010-12-15,2617.219970703125,2617.219970703125,2643.110107421875,2613.14990234375,2625.81005859375,1863980000
2010-12-16,2637.31005859375,2637.31005859375,2639.679931640625,2613.719970703125,2620.56005859375,1735290000
2010-12-17,2642.969970703125,2642.969970703125,2651.35009765625,2637.080078125,2643.35009765625,2421830000
2010-12-20,2649.56005859375,2649.56005859375,2658.800048828125,2634.56005859375,2651.97998046875,1707950000
2010-12-21,2667.610107421875,2667.610107421875,2669.010009765625,2655.949951171875,2658.93994140625,1647550000
2010-12-22,2671.47998046875,2671.47998046875,2675.260009765625,2666.6298828125,2669.0,1614040000
2010-12-23,2665.60009765625,2665.60009765625,2671.6298828125,2661.169921875,2667.419921875,1270290000
2010-12-27,2667.27001953125,2667.27001953125,2670.570068359375,2645.3798828125,2657.090087890625,1097100000
2010-12-28,2662.8798828125,2662.8798828125,2673.02001953125,2658.2099609375,2671.85009765625,1130200000
2010-12-29,2666.929931640625,2666.929931640625,2671.22998046875,2664.510009765625,2667.179931640625,1122150000
2010-12-30,2662.97998046875,2662.97998046875,2671.110107421875,2661.830078125,2665.679931640625,1074350000
2010-12-31,2652.8701171875,2652.8701171875,2662.389892578125,2649.0400390625,2660.580078125,1026600000
2011-01-03,2691.52001953125,2691.52001953125,2704.860107421875,2676.340087890625,2676.64990234375,1919660000
2011-01-04,2681.25,2681.25,2700.8798828125,2663.639892578125,2699.860107421875,2015440000
2011-01-05,2702.199951171875,2702.199951171875,2702.199951171875,2671.889892578125,2673.909912109375,2060750000
2011-01-06,2709.889892578125,2709.889892578125,2712.35009765625,2697.72998046875,2704.3798828125,2095490000
2011-01-07,2703.169921875,2703.169921875,2715.9599609375,2676.360107421875,2712.75,1976220000
2011-01-10,2707.800048828125,2707.800048828125,2712.320068359375,2682.25,2691.469970703125,1868870000
2011-01-11,2716.830078125,2716.830078125,2722.75,2706.580078125,2719.60009765625,1893100000
2011-01-12,2737.330078125,2737.330078125,2737.330078125,2722.320068359375,2731.449951171875,1873960000
2011-01-13,2735.2900390625,2735.2900390625,2742.429931640625,2727.139892578125,2734.929931640625,1923900000
2011-01-14,2755.300048828125,2755.300048828125,2755.300048828125,2729.6201171875,2732.47998046875,2020210000
2011-01-18,2765.85009765625,2765.85009765625,2766.169921875,2744.260009765625,2744.800048828125,2020190000
2011-01-19,2725.360107421875,2725.360107421875,2764.35009765625,2717.7900390625,2762.81005859375,2130930000
2011-01-20,2704.2900390625,2704.2900390625,2714.10009765625,2686.590087890625,2712.39990234375,2323250000
2011-01-21,2689.5400390625,2689.5400390625,2722.739990234375,2688.530029296875,2716.919921875,1916960000
2011-01-24,2717.550048828125,2717.550048828125,2719.72998046875,2687.969970703125,2693.030029296875,1871300000
2011-01-25,2719.25,2719.25,2719.340087890625,2697.510009765625,2704.25,1936120000
2011-01-26,2739.5,2739.5,2746.030029296875,2717.6298828125,2724.52001953125,2031410000
2011-01-27,2755.280029296875,2755.280029296875,2763.639892578125,2740.300048828125,2745.159912109375,2020550000
2011-01-28,2686.889892578125,2686.889892578125,2755.280029296875,2679.570068359375,2755.280029296875,2371140000
2011-01-31,2700.080078125,2700.080078125,2706.300048828125,2676.8701171875,2693.300048828125,1952310000
2011-02-01,2751.18994140625,2751.18994140625,2755.969970703125,2716.639892578125,2717.610107421875,2255990000
2011-02-02,2749.56005859375,2749.56005859375,2758.510009765625,2743.760009765625,2744.679931640625,2024600000
2011-02-03,2753.8798828125,2753.8798828125,2757.5400390625,2725.780029296875,2746.739990234375,1941260000
2011-02-04,2769.300048828125,2769.300048828125,2769.699951171875,2747.860107421875,2755.85009765625,1956710000
2011-02-07,2783.989990234375,2783.989990234375,2796.5,2772.81005859375,2773.260009765625,1768090000
2011-02-08,2797.050048828125,2797.050048828125,2797.050048828125,2776.35009765625,2782.409912109375,1803010000
2011-02-09,2789.070068359375,2789.070068359375,2798.909912109375,2780.889892578125,2791.1298828125,1930820000
2011-02-10,2790.449951171875,2790.449951171875,2791.429931640625,2762.340087890625,2764.760009765625,2497540000
2011-02-11,2809.43994140625,2809.43994140625,2810.56005859375,2778.2099609375,2783.159912109375,2066700000
2011-02-14,2817.179931640625,2817.179931640625,2819.8701171875,2808.27001953125,2810.18994140625,1964780000
2011-02-15,2804.35009765625,2804.35009765625,2813.1298828125,2798.830078125,2809.02001953125,2006220000
2011-02-16,2825.56005859375,2825.56005859375,2828.18994140625,2811.52001953125,2815.090087890625,2276980000
2011-02-17,2831.580078125,2831.580078125,2835.199951171875,2815.080078125,2816.1201171875,1939320000
2011-02-18,2833.949951171875,2833.949951171875,2840.510009765625,2823.64990234375,2833.35009765625,2109460000
2011-02-22,2756.419921875,2756.419921875,2808.179931640625,2752.75,2795.43994140625,2262100000
2011-02-23,2722.989990234375,2722.989990234375,2761.699951171875,2705.5400390625,2755.199951171875,2479150000
2011-02-24,2737.89990234375,2737.89990234375,2745.2900390625,2707.800048828125,2726.590087890625,2065290000
2011-02-25,2781.050048828125,2781.050048828125,2781.1201171875,2751.81005859375,2752.159912109375,1867820000
2011-02-28,2782.27001953125,2782.27001953125,2798.429931640625,2767.610107421875,2791.280029296875,2009500000
2011-03-01,2737.409912109375,2737.409912109375,2791.22998046875,2730.719970703125,2791.080078125,2212860000
2011-03-02,2748.070068359375,2748.070068359375,2763.949951171875,2734.080078125,2735.050048828125,1986900000
2011-03-03,2798.739990234375,2798.739990234375,2802.320068359375,2774.47998046875,2774.47998046875,1990380000
2011-03-04,2784.669921875,2784.669921875,2798.070068359375,2768.1201171875,2797.639892578125,1897900000
2011-03-07,2745.6298828125,2745.6298828125,2794.820068359375,2724.510009765625,2793.18994140625,2189970000
2011-03-08,2765.77001953125,2765.77001953125,2775.409912109375,2729.85009765625,2745.22998046875,1835540000
2011-03-09,2751.719970703125,2751.719970703125,2761.77001953125,2737.679931640625,2756.340087890625,1996700000
2011-03-10,2701.02001953125,2701.02001953125,2721.2099609375,2695.080078125,2719.2900390625,2363330000
2011-03-11,2715.610107421875,2715.610107421875,2724.610107421875,2689.409912109375,2689.64990234375,1851810000
2011-03-14,2700.969970703125,2700.969970703125,2715.219970703125,2682.090087890625,2695.659912109375,1782070000
2011-03-15,2667.330078125,2667.330078125,2680.570068359375,2618.5,2619.39990234375,2359830000
2011-03-16,2616.820068359375,2616.820068359375,2669.27001953125,2603.5,2652.919921875,2596000000
2011-03-17,2636.050048828125,2636.050048828125,2660.5,2634.169921875,2656.080078125,1994360000
2011-03-18,2643.669921875,2643.669921875,2665.56005859375,2639.760009765625,2665.5400390625,1986900000
2011-03-21,2692.090087890625,2692.090087890625,2699.699951171875,2674.989990234375,2675.469970703125,1751060000
2011-03-22,2683.8701171875,2683.8701171875,2695.4599609375,2679.409912109375,2692.1298828125,1657430000
2011-03-23,2698.300048828125,2698.300048828125,2704.300048828125,2660.169921875,2677.56005859375,1769950000
2011-03-24,2736.419921875,2736.419921875,2740.389892578125,2703.419921875,2715.8798828125,1954180000
2011-03-25,2743.06005859375,2743.06005859375,2762.550048828125,2740.169921875,2746.340087890625,1857570000
2011-03-28,2730.679931640625,2730.679931640625,2754.6298828125,2730.679931640625,2752.330078125,1669260000
2011-03-29,2756.889892578125,2756.889892578125,2756.889892578125,2720.18994140625,2727.830078125,1631160000
2011-03-30,2776.7900390625,2776.7900390625,2779.949951171875,2763.77001953125,2772.360107421875,1818410000
2011-03-31,2781.070068359375,2781.070068359375,2783.97998046875,2769.52001953125,2774.22998046875,1896420000
2011-04-01,2789.60009765625,2789.60009765625,2802.6298828125,2779.7099609375,2796.669921875,2090120000
2011-04-04,2789.18994140625,2789.18994140625,2799.72998046875,2778.8701171875,2796.260009765625,1705920000
2011-04-05,2791.18994140625,2791.18994140625,2806.199951171875,2785.27001953125,2787.780029296875,1954520000
2011-04-06,2799.820068359375,2799.820068359375,2815.550048828125,2786.800048828125,2808.110107421875,1996750000
2011-04-07,2796.139892578125,2796.139892578125,2813.219970703125,2781.1298828125,2799.590087890625,1806900000
2011-04-08,2780.419921875,2780.419921875,2808.56005859375,2771.419921875,2806.2900390625,1650810000
2011-04-11,2771.510009765625,2771.510009765625,2792.949951171875,2760.840087890625,2789.489990234375,2053190000
2011-04-12,2744.7900390625,2744.7900390625,2760.6201171875,2737.070068359375,2755.889892578125,1818610000
2011-04-13,2761.52001953125,2761.52001953125,2772.050048828125,2744.85009765625,2762.68994140625,1744940000
2011-04-14,2760.219970703125,2760.219970703125,2762.179931640625,2733.679931640625,2743.1201171875,1717650000
2011-04-15,2764.64990234375,2764.64990234375,2769.2900390625,2743.75,2752.8701171875,1785050000
2011-04-18,2735.3798828125,2735.3798828125,2737.4599609375,2706.5,2731.219970703125,1786230000
2011-04-19,2744.969970703125,2744.969970703125,2746.179931640625,2727.1201171875,2741.35009765625,1675970000
2011-04-20,2802.510009765625,2802.510009765625,2802.989990234375,2785.97998046875,2788.840087890625,2094470000
2011-04-21,2820.159912109375,2820.159912109375,2820.77001953125,2808.550048828125,2820.77001953125,2094470000
2011-04-25,2825.8798828125,2825.8798828125,2826.260009765625,2813.199951171875,2820.280029296875,1480600000
2011-04-26,2847.5400390625,2847.5400390625,2856.610107421875,2829.0,2832.47998046875,2057740000
2011-04-27,2869.8798828125,2869.8798828125,2870.800048828125,2842.610107421875,2853.8798828125,2071380000
2011-04-28,2872.530029296875,2872.530029296875,2874.590087890625,2859.6201171875,2862.820068359375,1983630000
2011-04-29,2873.5400390625,2873.5400390625,2876.830078125,2863.0400390625,2869.739990234375,2455650000
2011-05-02,2864.080078125,2864.080078125,2887.75,2859.840087890625,2881.280029296875,2062630000
2011-05-03,2841.6201171875,2841.6201171875,2861.949951171875,2825.5,2859.300048828125,2214380000
2011-05-04,2828.22998046875,2828.22998046875,2848.159912109375,2808.7900390625,2842.919921875,2209580000
2011-05-05,2814.719970703125,2814.719970703125,2845.85009765625,2804.820068359375,2812.840087890625,2227690000
2011-05-06,2827.56005859375,2827.56005859375,2859.25,2818.64990234375,2840.7099609375,2043740000
2011-05-09,2843.25,2843.25,2850.389892578125,2823.669921875,2828.239990234375,1649110000
2011-05-10,2871.889892578125,2871.889892578125,2873.639892578125,2850.010009765625,2851.909912109375,2018000000
2011-05-11,2845.06005859375,2845.06005859375,2874.610107421875,2829.679931640625,2867.159912109375,2258770000
2011-05-12,2863.0400390625,2863.0400390625,2865.860107421875,2819.3701171875,2833.669921875,2209650000
2011-05-13,2828.469970703125,2828.469970703125,2861.510009765625,2827.510009765625,2859.699951171875,1917050000
2011-05-16,2782.31005859375,2782.31005859375,2828.139892578125,2779.5400390625,2815.89990234375,2066020000
2011-05-17,2783.2099609375,2783.2099609375,2783.610107421875,2759.2900390625,2769.169921875,2220440000
2011-05-18,2815.0,2815.0,2817.14990234375,2780.830078125,2782.64990234375,1875150000
2011-05-19,2823.31005859375,2823.31005859375,2828.409912109375,2805.1201171875,2824.050048828125,1753390000
2011-05-20,2803.320068359375,2803.320068359375,2821.43994140625,2796.27001953125,2815.9599609375,1780140000
2011-05-23,2758.89990234375,2758.89990234375,2770.510009765625,2750.639892578125,2761.9599609375,1795680000
2011-05-24,2746.159912109375,2746.159912109375,2767.5,2744.010009765625,2766.699951171875,1875370000
2011-05-25,2761.3798828125,2761.3798828125,2771.3798828125,2739.85009765625,2739.989990234375,1894510000
2011-05-26,2782.919921875,2782.919921875,2787.330078125,2756.06005859375,2756.31005859375,1904400000
2011-05-27,2796.860107421875,2796.860107421875,2801.14990234375,2788.2900390625,2789.02001953125,1641320000
2011-05-31,2835.300048828125,2835.300048828125,2835.340087890625,2808.60009765625,2824.25,2450090000
2011-06-01,2769.18994140625,2769.18994140625,2834.050048828125,2767.6298828125,2829.389892578125,2254850000
2011-06-02,2773.31005859375,2773.31005859375,2784.570068359375,2759.169921875,2773.760009765625,1919030000
2011-06-03,2732.780029296875,2732.780029296875,2762.56005859375,2730.6298828125,2740.489990234375,1936400000
2011-06-06,2702.56005859375,2702.56005859375,2736.659912109375,2702.199951171875,2728.31005859375,1878150000
2011-06-07,2701.56005859375,2701.56005859375,2723.320068359375,2701.169921875,2712.7900390625,1847300000
2011-06-08,2675.3798828125,2675.3798828125,2698.080078125,2671.090087890625,2693.68994140625,2089320000
2011-06-09,2684.8701171875,2684.8701171875,2696.68994140625,2670.02001953125,2678.52001953125,1704960000
2011-06-10,2643.72998046875,2643.72998046875,2676.719970703125,2641.639892578125,2675.10009765625,1972000000
2011-06-13,2639.68994140625,2639.68994140625,2657.77001953125,2629.610107421875,2649.300048828125,1847050000
2011-06-14,2678.719970703125,2678.719970703125,2685.64990234375,2662.72998046875,2662.72998046875,1701300000
2011-06-15,2631.4599609375,2631.4599609375,2669.75,2625.860107421875,2653.169921875,1982430000
2011-06-16,2623.699951171875,2623.699951171875,2642.64990234375,2599.860107421875,2631.97998046875,1958250000
2011-06-17,2616.47998046875,2616.47998046875,2648.5400390625,2608.989990234375,2646.2900390625,2393690000
2011-06-20,2629.659912109375,2629.659912109375,2636.550048828125,2607.739990234375,2608.050048828125,1625850000
2011-06-21,2687.260009765625,2687.260009765625,2688.5,2634.0400390625,2640.330078125,1882490000
2011-06-22,2669.18994140625,2669.18994140625,2693.22998046875,2668.35009765625,2677.179931640625,1617370000
2011-06-23,2686.75,2686.75,2688.070068359375,2627.469970703125,2638.60009765625,2060450000
2011-06-24,2652.889892578125,2652.889892578125,2682.409912109375,2647.4599609375,2681.10009765625,2842870000
2011-06-27,2688.280029296875,2688.280029296875,2697.340087890625,2647.550048828125,2653.070068359375,1710740000
2011-06-28,2729.31005859375,2729.31005859375,2729.93994140625,2692.449951171875,2694.260009765625,1682590000
2011-06-29,2740.489990234375,2740.489990234375,2746.6201171875,2722.260009765625,2736.760009765625,1804490000
2011-06-30,2773.52001953125,2773.52001953125,2776.56005859375,2749.110107421875,2749.3701171875,1859130000
2011-07-01,2816.030029296875,2816.030029296875,2818.18994140625,2769.06005859375,2775.080078125,1646380000
2011-07-05,2825.77001953125,2825.77001953125,2828.530029296875,2810.0,2817.8701171875,1556620000
2011-07-06,2834.02001953125,2834.02001953125,2838.85009765625,2812.800048828125,2821.419921875,1639490000
2011-07-07,2872.659912109375,2872.659912109375,2878.93994140625,2853.89990234375,2856.25,1873710000
2011-07-08,2859.81005859375,2859.81005859375,2860.02001953125,2831.159912109375,2841.2900390625,1612120000
2011-07-11,2802.6201171875,2802.6201171875,2841.1201171875,2795.5400390625,2828.10009765625,1765920000
2011-07-12,2781.909912109375,2781.909912109375,2807.570068359375,2780.159912109375,2798.75,2015410000
2011-07-13,2796.919921875,2796.919921875,2825.860107421875,2789.570068359375,2800.8798828125,1885510000
2011-07-14,2762.669921875,2762.669921875,2817.3798828125,2755.89990234375,2804.820068359375,1946500000
2011-07-15,2789.800048828125,2789.800048828125,2790.159912109375,2768.280029296875,2787.330078125,1804380000
2011-07-18,2765.110107421875,2765.110107421875,2783.760009765625,2743.7900390625,2777.610107421875,1752220000
2011-07-19,2826.52001953125,2826.52001953125,2828.64990234375,2790.97998046875,2790.97998046875,1882760000
2011-07-20,2814.22998046875,2814.22998046875,2839.64990234375,2808.179931640625,2839.389892578125,1863670000
2011-07-21,2834.429931640625,2834.429931640625,2847.409912109375,2807.7099609375,2818.7900390625,2284150000
2011-07-22,2858.830078125,2858.830078125,2862.719970703125,2830.580078125,2834.4599609375,1665220000
2011-07-25,2842.800048828125,2842.800048828125,2859.39990234375,2828.909912109375,2832.110107421875,1613240000
2011-07-26,2839.9599609375,2839.9599609375,2851.719970703125,2832.27001953125,2842.739990234375,1739980000
2011-07-27,2764.7900390625,2764.7900390625,2823.860107421875,2761.0,2823.6201171875,2367470000
2011-07-28,2766.25,2766.25,2800.110107421875,2757.85009765625,2765.610107421875,2067020000
2011-07-29,2756.3798828125,2756.3798828125,2780.580078125,2724.989990234375,2736.669921875,2301210000
2011-08-01,2744.610107421875,2744.610107421875,2796.239990234375,2716.300048828125,2791.449951171875,2209790000
2011-08-02,2669.239990234375,2669.239990234375,2745.8701171875,2668.679931640625,2728.2900390625,2377250000
2011-08-03,2693.070068359375,2693.070068359375,2695.3701171875,2621.669921875,2673.969970703125,2601310000
2011-08-04,2556.389892578125,2556.389892578125,2653.7900390625,2556.3798828125,2648.3798828125,3272990000
2011-08-05,2532.409912109375,2532.409912109375,2592.0400390625,2464.8701171875,2580.300048828125,3750150000
2011-08-08,2357.68994140625,2357.68994140625,2489.389892578125,2357.68994140625,2447.300048828125,3987990000
2011-08-09,2482.52001953125,2482.52001953125,2483.659912109375,2331.64990234375,2402.1298828125,3803050000
2011-08-10,2381.050048828125,2381.050048828125,2461.280029296875,2378.080078125,2425.550048828125,3397010000
2011-08-11,2492.679931640625,2492.679931640625,2516.389892578125,2399.56005859375,2415.5400390625,3134140000
2011-08-12,2507.97998046875,2507.97998046875,2524.090087890625,2481.5,2507.010009765625,2232470000
2011-08-15,2555.199951171875,2555.199951171875,2555.199951171875,2514.52001953125,2522.0400390625,1945850000
2011-08-16,2523.449951171875,2523.449951171875,2546.739990234375,2494.550048828125,2526.47998046875,2074370000
2011-08-17,2511.47998046875,2511.47998046875,2549.110107421875,2488.090087890625,2527.7900390625,1913320000
2011-08-18,2380.429931640625,2380.429931640625,2437.010009765625,2362.969970703125,2436.3798828125,2775580000
2011-08-19,2341.840087890625,2341.840087890625,2415.179931640625,2338.659912109375,2353.320068359375,2385300000
2011-08-22,2345.3798828125,2345.3798828125,2397.340087890625,2337.280029296875,2396.8798828125,1957230000
2011-08-23,2446.06005859375,2446.06005859375,2446.06005859375,2349.080078125,2360.949951171875,2147270000
2011-08-24,2467.68994140625,2467.68994140625,2470.800048828125,2420.47998046875,2437.47998046875,1888640000
2011-08-25,2419.6298828125,2419.6298828125,2482.89990234375,2415.239990234375,2470.9599609375,1789230000
2011-08-26,2479.85009765625,2479.85009765625,2486.0400390625,2385.27001953125,2408.7900390625,1852130000
2011-08-29,2562.110107421875,2562.110107421875,2562.580078125,2510.1298828125,2510.989990234375,1615510000
2011-08-30,2576.110107421875,2576.110107421875,2589.530029296875,2534.679931640625,2547.070068359375,1871800000
2011-08-31,2579.4599609375,2579.4599609375,2611.580078125,2557.739990234375,2589.75,1995490000
2011-09-01,2546.0400390625,2546.0400390625,2604.5,2543.56005859375,2583.340087890625,1742440000
2011-09-02,2480.330078125,2480.330078125,2512.780029296875,2469.35009765625,2497.280029296875,1571530000
2011-09-06,2473.830078125,2473.830078125,2477.77001953125,2414.31005859375,2417.610107421875,1737170000
2011-09-07,2548.93994140625,2548.93994140625,2548.93994140625,2507.52001953125,2511.5,1791480000
2011-09-08,2529.139892578125,2529.139892578125,2568.449951171875,2520.800048828125,2533.81005859375,1979990000
2011-09-09,2467.989990234375,2467.989990234375,2518.39990234375,2452.929931640625,2508.1201171875,2054190000
2011-09-12,2495.090087890625,2495.090087890625,2495.360107421875,2438.39990234375,2442.860107421875,1980350000
2011-09-13,2532.14990234375,2532.14990234375,2537.39990234375,2494.070068359375,2502.590087890625,1931390000
2011-09-14,2572.550048828125,2572.550048828125,2600.780029296875,2519.800048828125,2548.449951171875,2323770000
2011-09-15,2607.070068359375,2607.070068359375,2608.949951171875,2569.780029296875,2595.449951171875,1967730000
2011-09-16,2622.31005859375,2622.31005859375,2627.280029296875,2600.9599609375,2607.1201171875,2703730000
2011-09-19,2612.830078125,2612.830078125,2627.340087890625,2564.4599609375,2584.35009765625,1891770000
2011-09-20,2590.239990234375,2590.239990234375,2643.3701171875,2589.52001953125,2623.889892578125,1914990000
2011-09-21,2538.18994140625,2538.18994140625,2613.2900390625,2537.4599609375,2601.06005859375,2172030000
2011-09-22,2455.669921875,2455.669921875,2494.31005859375,2420.22998046875,2466.06005859375,2919330000
2011-09-23,2483.22998046875,2483.22998046875,2490.719970703125,2438.280029296875,2438.6298828125,1975200000
2011-09-26,2516.68994140625,2516.68994140625,2518.909912109375,2446.1201171875,2496.97998046875,1982710000
2011-09-27,2546.830078125,2546.830078125,2590.93994140625,2532.64990234375,2560.780029296875,2095620000
2011-09-28,2491.580078125,2491.580078125,2569.7900390625,2491.070068359375,2557.860107421875,1929310000
2011-09-29,2480.760009765625,2480.760009765625,2538.969970703125,2433.580078125,2535.52001953125,2290370000
2011-09-30,2415.39990234375,2415.39990234375,2468.97998046875,2415.070068359375,2444.77001953125,2041370000
2011-10-03,2335.830078125,2335.830078125,2430.8798828125,2335.22998046875,2401.18994140625,2547690000
2011-10-04,2404.820068359375,2404.820068359375,2406.669921875,2298.889892578125,2312.679931640625,3040940000
2011-10-05,2460.510009765625,2460.510009765625,2466.5,2380.9599609375,2398.3701171875,2472400000
2011-10-06,2506.820068359375,2506.820068359375,2507.43994140625,2446.719970703125,2459.050048828125,2249140000
2011-10-07,2479.35009765625,2479.35009765625,2512.139892578125,2468.60009765625,2509.610107421875,2084900000
2011-10-10,2566.050048828125,2566.050048828125,2566.050048828125,2519.780029296875,2522.719970703125,1574750000
2011-10-11,2583.030029296875,2583.030029296875,2587.280029296875,2551.93994140625,2554.699951171875,1661400000
2011-10-12,2604.72998046875,2604.72998046875,2629.489990234375,2602.31005859375,2606.610107421875,1967190000
2011-10-13,2620.239990234375,2620.239990234375,2625.219970703125,2588.7099609375,2595.050048828125,1675220000
2011-10-14,2667.85009765625,2667.85009765625,2667.85009765625,2636.0,2655.22998046875,1664350000
2011-10-17,2614.919921875,2614.919921875,2658.25,2606.909912109375,2653.320068359375,1675210000
2011-10-18,2657.429931640625,2657.429931640625,2667.570068359375,2586.31005859375,2614.050048828125,1931690000
2011-10-19,2604.0400390625,2604.0400390625,2651.8798828125,2597.77001953125,2642.889892578125,1980180000
2011-10-20,2598.6201171875,2598.6201171875,2606.389892578125,2557.169921875,2605.419921875,2040180000
2011-10-21,2637.4599609375,2637.4599609375,2646.919921875,2611.110107421875,2630.300048828125,2019950000
2011-10-24,2699.43994140625,2699.43994140625,2703.070068359375,2643.93994140625,2644.830078125,1884450000
2011-10-25,2638.419921875,2638.419921875,2685.8798828125,2633.93994140625,2685.860107421875,1777770000
2011-10-26,2650.669921875,2650.669921875,2666.2900390625,2598.739990234375,2660.419921875,2118650000
2011-10-27,2738.6298828125,2738.6298828125,2753.3701171875,2694.27001953125,2720.590087890625,2810680000
2011-10-28,2737.14990234375,2737.14990234375,2742.27001953125,2723.030029296875,2724.030029296875,1838530000
2011-10-31,2684.409912109375,2684.409912109375,2716.699951171875,2684.1298828125,2705.889892578125,1772560000
2011-11-01,2606.9599609375,2606.9599609375,2638.60009765625,2597.159912109375,2607.31005859375,2294220000
2011-11-02,2639.97998046875,2639.97998046875,2648.4599609375,2613.739990234375,2637.56005859375,1921790000
2011-11-03,2697.969970703125,2697.969970703125,2699.840087890625,2628.219970703125,2666.2099609375,2106240000
2011-11-04,2686.14990234375,2686.14990234375,2693.669921875,2655.1201171875,2678.159912109375,1930750000
2011-11-07,2695.25,2695.25,2697.02001953125,2649.06005859375,2683.3798828125,1712700000
2011-11-08,2727.489990234375,2727.489990234375,2730.389892578125,2680.929931640625,2712.080078125,1850270000
2011-11-09,2621.64990234375,2621.64990234375,2672.340087890625,2617.929931640625,2662.56005859375,2144160000
2011-11-10,2625.14990234375,2625.14990234375,2652.39990234375,2601.7900390625,2652.010009765625,1892390000
2011-11-11,2678.75,2678.75,2684.669921875,2649.85009765625,2653.530029296875,1602640000
2011-11-14,2657.219970703125,2657.219970703125,2682.1298828125,2647.47998046875,2671.110107421875,1401710000
2011-11-15,2686.199951171875,2686.199951171875,2695.8701171875,2644.0,2647.909912109375,1706960000
2011-11-16,2639.610107421875,2639.610107421875,2688.860107421875,2637.909912109375,2661.090087890625,1950030000
2011-11-17,2587.989990234375,2587.989990234375,2637.47998046875,2576.219970703125,2637.3701171875,2197320000
2011-11-18,2572.5,2572.5,2595.840087890625,2567.14990234375,2595.02001953125,1755360000
2011-11-21,2523.139892578125,2523.139892578125,2539.8701171875,2500.889892578125,2535.340087890625,2048520000
2011-11-22,2521.280029296875,2521.280029296875,2534.39990234375,2499.18994140625,2517.639892578125,1792060000
2011-11-23,2460.080078125,2460.080078125,2503.3798828125,2460.080078125,2501.179931640625,1707770000
2011-11-25,2441.510009765625,2441.510009765625,2477.030029296875,2441.47998046875,2453.030029296875,691750000
2011-11-28,2527.340087890625,2527.340087890625,2531.320068359375,2507.719970703125,2509.6298828125,1626060000
2011-11-29,2515.510009765625,2515.510009765625,2542.4599609375,2508.27001953125,2529.110107421875,1623550000
2011-11-30,2620.340087890625,2620.340087890625,2620.340087890625,2582.489990234375,2586.389892578125,2440960000
2011-12-01,2626.199951171875,2626.199951171875,2636.080078125,2611.47998046875,2615.669921875,1826860000
2011-12-02,2626.929931640625,2626.929931640625,2659.22998046875,2625.070068359375,2650.800048828125,1662730000
2011-12-05,2655.760009765625,2655.760009765625,2674.530029296875,2641.590087890625,2666.469970703125,1686660000
2011-12-06,2649.56005859375,2649.56005859375,2663.6298828125,2639.179931640625,2655.02001953125,1491130000
2011-12-07,2649.2099609375,2649.2099609375,2660.239990234375,2612.800048828125,2638.610107421875,1658010000
2011-12-08,2596.3798828125,2596.3798828125,2645.919921875,2592.550048828125,2633.300048828125,1845640000
2011-12-09,2646.85009765625,2646.85009765625,2653.4599609375,2603.179931640625,2603.179931640625,1664710000
2011-12-12,2612.260009765625,2612.260009765625,2617.320068359375,2591.419921875,2617.320068359375,1572600000
2011-12-13,2579.27001953125,2579.27001953125,2639.739990234375,2568.43994140625,2629.669921875,1752320000
2011-12-14,2539.31005859375,2539.31005859375,2568.43994140625,2525.8798828125,2566.2099609375,1793960000
2011-12-15,2541.010009765625,2541.010009765625,2565.93994140625,2536.580078125,2565.929931640625,1748400000
2011-12-16,2555.330078125,2555.330078125,2585.419921875,2548.0,2554.6201171875,2664690000
2011-12-19,2523.139892578125,2523.139892578125,2570.64990234375,2518.010009765625,2564.070068359375,1560110000
2011-12-20,2603.72998046875,2603.72998046875,2604.52001953125,2566.8701171875,2567.25,1835720000
2011-12-21,2577.969970703125,2577.969970703125,2590.610107421875,2544.659912109375,2589.77001953125,1853710000
2011-12-22,2599.449951171875,2599.449951171875,2601.989990234375,2581.919921875,2584.330078125,1515610000
2011-12-23,2618.639892578125,2618.639892578125,2618.840087890625,2599.889892578125,2607.429931640625,960940000
2011-12-27,2625.199951171875,2625.199951171875,2633.340087890625,2610.77001953125,2613.510009765625,945590000
2011-12-28,2589.97998046875,2589.97998046875,2626.340087890625,2586.85009765625,2626.18994140625,1069930000
2011-12-29,2613.739990234375,2613.739990234375,2614.8701171875,2593.0400390625,2596.330078125,1011380000
2011-12-30,2605.14990234375,2605.14990234375,2616.4599609375,2604.60009765625,2610.22998046875,1056790000
2012-01-03,2648.719970703125,2648.719970703125,2665.89990234375,2641.97998046875,2657.389892578125,1636850000
2012-01-04,2648.360107421875,2648.360107421875,2653.179931640625,2627.22998046875,2639.89990234375,1670530000
2012-01-05,2669.860107421875,2669.860107421875,2673.56005859375,2631.22998046875,2642.570068359375,1836410000
2012-01-06,2674.219970703125,2674.219970703125,2682.1201171875,2658.830078125,2671.169921875,1683090000
2012-01-09,2676.56005859375,2676.56005859375,2683.780029296875,2662.9599609375,2682.97998046875,1768080000
2012-01-10,2702.5,2702.5,2712.5,2694.330078125,2704.419921875,1809500000
2012-01-11,2710.760009765625,2710.760009765625,2714.2900390625,2690.72998046875,2695.77001953125,1699660000
2012-01-12,2724.699951171875,2724.699951171875,2726.429931640625,2697.320068359375,2716.8701171875,1669550000
2012-01-13,2710.669921875,2710.669921875,2712.929931640625,2689.580078125,2707.409912109375,1655960000
2012-01-17,2728.080078125,2728.080078125,2742.72998046875,2721.030029296875,2736.340087890625,1664210000
2012-01-18,2769.7099609375,2769.7099609375,2769.7099609375,2730.050048828125,2731.159912109375,1968940000
2012-01-19,2788.330078125,2788.330078125,2793.35009765625,2777.169921875,2779.739990234375,1959950000
2012-01-20,2786.699951171875,2786.699951171875,2787.199951171875,2775.8701171875,2776.0400390625,1949660000
2012-01-23,2784.169921875,2784.169921875,2804.989990234375,2769.820068359375,2786.2099609375,1652940000
2012-01-24,2786.639892578125,2786.639892578125,2788.3798828125,2766.340087890625,2771.580078125,1620690000
2012-01-25,2818.31005859375,2818.31005859375,2822.7900390625,2788.949951171875,2803.22998046875,1918040000
2012-01-26,2805.280029296875,2805.280029296875,2834.300048828125,2794.780029296875,2828.780029296875,1998970000
2012-01-27,2816.550048828125,2816.550048828125,2821.550048828125,2797.239990234375,2797.659912109375,1707350000
2012-01-30,2811.93994140625,2811.93994140625,2816.85009765625,2782.43994140625,2790.39990234375,1668970000
2012-01-31,2813.840087890625,2813.840087890625,2830.449951171875,2798.77001953125,2825.760009765625,1786550000
2012-02-01,2848.27001953125,2848.27001953125,2855.72998046875,2825.18994140625,2830.10009765625,2125720000
2012-02-02,2859.679931640625,2859.679931640625,2868.22998046875,2849.39990234375,2854.10009765625,1913430000
2012-02-03,2905.659912109375,2905.659912109375,2908.1298828125,2885.840087890625,2888.949951171875,2152890000
2012-02-06,2901.989990234375,2901.989990234375,2903.030029296875,2887.330078125,2892.52001953125,1684490000
2012-02-07,2904.080078125,2904.080078125,2910.27001953125,2885.169921875,2895.909912109375,1784580000
2012-02-08,2915.860107421875,2915.860107421875,2918.260009765625,2892.7099609375,2906.590087890625,1981150000
2012-02-09,2927.22998046875,2927.22998046875,2930.679931640625,2904.510009765625,2922.4599609375,2153090000
2012-02-10,2903.8798828125,2903.8798828125,2910.97998046875,2895.10009765625,2902.0,1787640000
2012-02-13,2931.389892578125,2931.389892578125,2933.929931640625,2913.889892578125,2926.2099609375,1619980000
2012-02-14,2931.830078125,2931.830078125,2932.080078125,2911.60009765625,2921.699951171875,1881630000
2012-02-15,2915.830078125,2915.830078125,2958.18994140625,2911.330078125,2943.419921875,2038980000
2012-02-16,2959.85009765625,2959.85009765625,2961.3798828125,2912.719970703125,2915.669921875,1945230000
2012-02-17,2951.780029296875,2951.780029296875,2962.780029296875,2941.550048828125,2958.219970703125,1973900000
2012-02-21,2948.570068359375,2948.570068359375,2965.050048828125,2934.070068359375,2957.300048828125,1821540000
2012-02-22,2933.169921875,2933.169921875,2950.3701171875,2929.679931640625,2942.77001953125,1706310000
2012-02-23,2956.97998046875,2956.97998046875,2958.419921875,2922.9599609375,2933.159912109375,1768390000
2012-02-24,2963.75,2963.75,2970.8798828125,2958.820068359375,2963.1298828125,1643180000
2012-02-27,2966.159912109375,2966.159912109375,2976.080078125,2933.300048828125,2945.8701171875,1763650000
2012-02-28,2986.760009765625,2986.760009765625,2988.590087890625,2966.610107421875,2969.25,1812490000
2012-02-29,2966.889892578125,2966.889892578125,3000.110107421875,2961.77001953125,2991.669921875,2170190000
2012-03-01,2988.969970703125,2988.969970703125,2996.3701171875,2974.590087890625,2979.110107421875,1903690000
2012-03-02,2976.18994140625,2976.18994140625,2995.969970703125,2968.0,2986.080078125,1755130000
2012-03-05,2950.47998046875,2950.47998046875,2973.929931640625,2940.52001953125,2969.72998046875,1679030000
2012-03-06,2910.320068359375,2910.320068359375,2921.77001953125,2900.280029296875,2917.52001953125,1870720000
2012-03-07,2935.68994140625,2935.68994140625,2940.280029296875,2920.5400390625,2922.570068359375,1589360000
2012-03-08,2970.419921875,2970.419921875,2976.050048828125,2945.72998046875,2954.39990234375,1619740000
2012-03-09,2988.340087890625,2988.340087890625,2993.97998046875,2973.9599609375,2975.090087890625,1580560000
2012-03-12,2983.659912109375,2983.659912109375,2994.10009765625,2973.64990234375,2989.050048828125,1341660000
2012-03-13,3039.8798828125,3039.8798828125,3039.889892578125,2996.4599609375,3003.7099609375,1709900000
2012-03-14,3040.72998046875,3040.72998046875,3051.3701171875,3024.72998046875,3042.2099609375,1662300000
2012-03-15,3056.3701171875,3056.3701171875,3059.81005859375,3037.820068359375,3048.580078125,1677540000
2012-03-16,3055.260009765625,3055.260009765625,3060.820068359375,3047.68994140625,3058.489990234375,2088610000
2012-03-19,3078.320068359375,3078.320068359375,3087.10009765625,3050.889892578125,3057.239990234375,1548400000
2012-03-20,3074.14990234375,3074.14990234375,3078.719970703125,3050.820068359375,3060.929931640625,1508580000
2012-03-21,3075.320068359375,3075.320068359375,3090.080078125,3069.090087890625,3077.43994140625,1552400000
2012-03-22,3063.320068359375,3063.320068359375,3068.5,3050.699951171875,3055.0,1524800000
2012-03-23,3067.919921875,3067.919921875,3070.929931640625,3044.669921875,3066.3701171875,1428940000
2012-03-26,3122.570068359375,3122.570068359375,3122.570068359375,3090.050048828125,3090.52001953125,1627520000
2012-03-27,3120.35009765625,3120.35009765625,3134.169921875,3119.030029296875,3124.06005859375,1662460000
2012-03-28,3104.9599609375,3104.9599609375,3130.56005859375,3086.929931640625,3123.840087890625,1765680000
2012-03-29,3095.360107421875,3095.360107421875,3099.800048828125,3069.81005859375,3087.25,1756160000
2012-03-30,3091.570068359375,3091.570068359375,3111.550048828125,3079.050048828125,3110.969970703125,1833130000
2012-04-02,3119.699951171875,3119.699951171875,3123.030029296875,3079.780029296875,3085.93994140625,1768210000
2012-04-03,3113.570068359375,3113.570068359375,3128.25,3097.409912109375,3119.64990234375,1804950000
2012-04-04,3068.090087890625,3068.090087890625,3086.35009765625,3052.580078125,3085.4599609375,1813150000
2012-04-05,3080.5,3080.5,3083.3798828125,3061.139892578125,3061.75,1548040000
2012-04-09,3047.080078125,3047.080078125,3058.760009765625,3032.219970703125,3037.280029296875,1371140000
2012-04-10,2991.219970703125,2991.219970703125,3055.199951171875,2987.0,3044.669921875,1953600000
2012-04-11,3016.4599609375,3016.4599609375,3030.510009765625,3008.75,3020.14990234375,1540890000
2012-04-12,3055.550048828125,3055.550048828125,3059.260009765625,3020.43994140625,3023.110107421875,1480340000
2012-04-13,3011.330078125,3011.330078125,3045.419921875,3010.77001953125,3045.080078125,1483850000
2012-04-16,2988.39990234375,2988.39990234375,3027.570068359375,2975.8701171875,3027.570068359375,1594320000
2012-04-17,3042.820068359375,3042.820068359375,3052.760009765625,2999.489990234375,3002.02001953125,1555070000
2012-04-18,3031.449951171875,3031.449951171875,3045.0400390625,3023.909912109375,3031.820068359375,1599470000
2012-04-19,3007.56005859375,3007.56005859375,3058.719970703125,2994.93994140625,3028.199951171875,1991120000
2012-04-20,3000.449951171875,3000.449951171875,3034.68994140625,2999.010009765625,3023.72998046875,1935880000
2012-04-23,2970.449951171875,2970.449951171875,2973.3798828125,2946.0400390625,2969.0,1767360000
2012-04-24,2961.60009765625,2961.60009765625,2979.080078125,2950.3798828125,2967.3701171875,1690840000
2012-04-25,3029.6298828125,3029.6298828125,3031.409912109375,3010.570068359375,3013.64990234375,1721330000
2012-04-26,3050.610107421875,3050.610107421875,3056.77001953125,3027.7900390625,3029.6201171875,1763510000
2012-04-27,3069.199951171875,3069.199951171875,3076.43994140625,3043.300048828125,3060.340087890625,1777750000
2012-04-30,3046.360107421875,3046.360107421875,3063.659912109375,3043.25,3060.06005859375,1633170000
2012-05-01,3050.43994140625,3050.43994140625,3085.39990234375,3041.6201171875,3044.7900390625,1854230000
2012-05-02,3059.85009765625,3059.85009765625,3061.469970703125,3028.93994140625,3035.070068359375,1825190000
2012-05-03,3024.300048828125,3024.300048828125,3061.3798828125,3016.199951171875,3061.1298828125,1869130000
2012-05-04,2956.340087890625,2956.340087890625,3001.47998046875,2956.340087890625,3001.14990234375,1944010000
2012-05-07,2957.760009765625,2957.760009765625,2970.199951171875,2939.2099609375,2940.409912109375,1740430000
2012-05-08,2946.27001953125,2946.27001953125,2952.64990234375,2900.06005859375,2939.360107421875,2175840000
2012-05-09,2934.7099609375,2934.7099609375,2948.77001953125,2900.179931640625,2912.409912109375,2047090000
2012-05-10,2933.639892578125,2933.639892578125,2950.2099609375,2923.139892578125,2950.2099609375,2004150000
2012-05-11,2933.820068359375,2933.820068359375,2960.3798828125,2918.739990234375,2919.35009765625,1735380000
2012-05-14,2902.580078125,2902.580078125,2924.889892578125,2898.89990234375,2907.780029296875,1683460000
2012-05-15,2893.760009765625,2893.760009765625,2930.679931640625,2889.389892578125,2902.300048828125,1826210000
2012-05-16,2874.0400390625,2874.0400390625,2913.89990234375,2872.25,2904.669921875,1933900000
2012-05-17,2813.68994140625,2813.68994140625,2879.219970703125,2813.68994140625,2874.7099609375,2016980000
2012-05-18,2778.7900390625,2778.7900390625,2827.280029296875,2774.449951171875,2814.429931640625,2692450000
2012-05-21,2847.2099609375,2847.2099609375,2848.830078125,2774.760009765625,2782.550048828125,1870420000
2012-05-22,2839.080078125,2839.080078125,2867.340087890625,2823.219970703125,2853.8701171875,1861850000
2012-05-23,2850.1201171875,2850.1201171875,2855.35009765625,2795.5,2832.169921875,1929640000
2012-05-24,2839.3798828125,2839.3798828125,2858.239990234375,2817.6201171875,2856.550048828125,1750290000
2012-05-25,2837.530029296875,2837.530029296875,2846.31005859375,2829.760009765625,2839.739990234375,1282680000
2012-05-29,2870.989990234375,2870.989990234375,2882.830078125,2846.679931640625,2853.27001953125,221430000
2012-05-30,2837.360107421875,2837.360107421875,2847.27001953125,2825.639892578125,2847.27001953125,1671040000
2012-05-31,2827.340087890625,2827.340087890625,2842.429931640625,2801.9599609375,2837.3701171875,2180130000
2012-06-01,2747.47998046875,2747.47998046875,2810.1298828125,2747.239990234375,2810.1298828125,1966370000
2012-06-04,2760.010009765625,2760.010009765625,2769.929931640625,2726.679931640625,2747.610107421875,1755750000
2012-06-05,2778.110107421875,2778.110107421875,2781.969970703125,2749.340087890625,2749.35009765625,1625600000
2012-06-06,2844.719970703125,2844.719970703125,2844.719970703125,2796.22998046875,2796.22998046875,1761050000
2012-06-07,2831.02001953125,2831.02001953125,2873.590087890625,2827.820068359375,2872.050048828125,1655370000
2012-06-08,2858.419921875,2858.419921875,2860.93994140625,2814.800048828125,2823.820068359375,1390260000
2012-06-11,2809.72998046875,2809.72998046875,2882.9599609375,2806.89990234375,2882.489990234375,1480220000
2012-06-12,2843.070068359375,2843.070068359375,2843.669921875,2802.3798828125,2815.840087890625,1594310000
2012-06-13,2818.610107421875,2818.610107421875,2853.169921875,2810.590087890625,2838.1201171875,1602080000
2012-06-14,2836.330078125,2836.330078125,2842.31005859375,2807.550048828125,2820.6298828125,1633370000
2012-06-15,2872.800048828125,2872.800048828125,2874.3798828125,2837.93994140625,2839.39990234375,2020100000
2012-06-18,2895.330078125,2895.330078125,2903.030029296875,2853.860107421875,2872.489990234375,1586190000
2012-06-19,2929.760009765625,2929.760009765625,2940.22998046875,2908.449951171875,2909.8701171875,1835480000
2012-06-20,2930.449951171875,2930.449951171875,2942.280029296875,2910.0,2932.9599609375,1563080000
2012-06-21,2859.090087890625,2859.090087890625,2930.929931640625,2857.10009765625,2929.14990234375,1822200000
2012-06-22,2892.419921875,2892.419921875,2894.35009765625,2863.929931640625,2866.169921875,3544010000
2012-06-25,2836.159912109375,2836.159912109375,2863.889892578125,2829.22998046875,2863.889892578125,1514430000
2012-06-26,2854.06005859375,2854.06005859375,2862.14990234375,2832.02001953125,2845.39990234375,1623160000
2012-06-27,2875.320068359375,2875.320068359375,2882.39990234375,2860.1298828125,2862.1298828125,1668580000
2012-06-28,2849.489990234375,2849.489990234375,2855.739990234375,2818.18994140625,2853.889892578125,1795850000
2012-06-29,2935.050048828125,2935.050048828125,2935.1298828125,2895.60009765625,2902.43994140625,2021190000
2012-07-02,2951.22998046875,2951.22998046875,2951.22998046875,2925.7099609375,2938.409912109375,1845240000
2012-07-03,2976.080078125,2976.080078125,2976.080078125,2948.39990234375,2950.81005859375,1009330000
2012-07-05,2976.1201171875,2976.1201171875,2987.93994140625,2958.300048828125,2970.3701171875,1423990000
2012-07-06,2937.330078125,2937.330078125,2957.5,2921.3701171875,2955.199951171875,1437420000
2012-07-09,2931.77001953125,2931.77001953125,2942.989990234375,2919.0400390625,2934.489990234375,1455500000
2012-07-10,2902.330078125,2902.330078125,2953.469970703125,2891.419921875,2945.35009765625,1725730000
2012-07-11,2887.97998046875,2887.97998046875,2905.510009765625,2866.530029296875,2898.77001953125,1635120000
2012-07-12,2866.18994140625,2866.18994140625,2876.320068359375,2837.719970703125,2867.080078125,1719460000
2012-07-13,2908.469970703125,2908.469970703125,2913.280029296875,2873.389892578125,2874.06005859375,1373620000
2012-07-16,2896.93994140625,2896.93994140625,2910.199951171875,2888.010009765625,2903.030029296875,1414470000
2012-07-17,2910.0400390625,2910.0400390625,2916.610107421875,2871.64990234375,2911.4599609375,1774160000
2012-07-18,2942.60009765625,2942.60009765625,2951.300048828125,2902.949951171875,2904.239990234375,1817040000
2012-07-19,2965.89990234375,2965.89990234375,2976.219970703125,2952.419921875,2961.7099609375,1735920000
2012-07-20,2925.300048828125,2925.300048828125,2957.02001953125,2925.300048828125,2957.02001953125,1810420000
2012-07-23,2890.14990234375,2890.14990234375,2898.050048828125,2852.8798828125,2877.510009765625,1607140000
2012-07-24,2862.989990234375,2862.989990234375,2896.56005859375,2847.219970703125,2894.949951171875,1748410000
2012-07-25,2854.239990234375,2854.239990234375,2870.219970703125,2839.760009765625,2856.780029296875,1784150000
2012-07-26,2893.25,2893.25,2905.570068359375,2876.010009765625,2896.679931640625,1981520000
2012-07-27,2958.090087890625,2958.090087890625,2961.8701171875,2900.97998046875,2906.5,2102610000
2012-07-30,2945.840087890625,2945.840087890625,2970.300048828125,2939.0400390625,2959.070068359375,1483990000
2012-07-31,2939.52001953125,2939.52001953125,2959.6201171875,2938.409912109375,2945.080078125,1801440000
2012-08-01,2920.2099609375,2920.2099609375,2958.280029296875,2917.780029296875,2956.719970703125,1722530000
2012-08-02,2909.77001953125,2909.77001953125,2934.64990234375,2890.85009765625,2900.4599609375,1822620000
2012-08-03,2967.89990234375,2967.89990234375,2977.409912109375,2945.81005859375,2951.280029296875,1730210000
2012-08-06,2989.909912109375,2989.909912109375,3000.239990234375,2974.22998046875,2978.159912109375,1528260000
2012-08-07,3015.860107421875,3015.860107421875,3028.610107421875,3002.090087890625,3002.659912109375,1899240000
2012-08-08,3011.25,3011.25,3018.89990234375,3002.409912109375,3003.77001953125,1874580000
2012-08-09,3018.639892578125,3018.639892578125,3022.68994140625,3007.300048828125,3009.860107421875,1677970000
2012-08-10,3020.860107421875,3020.860107421875,3020.860107421875,3003.3798828125,3008.830078125,1556460000
2012-08-13,3022.52001953125,3022.52001953125,3023.030029296875,2999.1201171875,3018.27001953125,1353380000
2012-08-14,3016.97998046875,3016.97998046875,3034.159912109375,3009.929931640625,3032.669921875,1567830000
2012-08-15,3030.929931640625,3030.929931640625,3032.06005859375,3013.330078125,3013.330078125,1536730000
2012-08-16,3062.389892578125,3062.389892578125,3067.43994140625,3033.280029296875,3037.179931640625,1937430000
2012-08-17,3076.590087890625,3076.590087890625,3076.719970703125,3060.14990234375,3067.110107421875,1640640000
2012-08-20,3076.2099609375,3076.2099609375,3076.2099609375,3059.89990234375,3072.659912109375,1451550000
2012-08-21,3067.260009765625,3067.260009765625,3100.5400390625,3058.739990234375,3085.25,1574220000
2012-08-22,3073.669921875,3073.669921875,3080.72998046875,3053.429931640625,3059.93994140625,1459130000
2012-08-23,3053.39990234375,3053.39990234375,3070.340087890625,3045.52001953125,3065.820068359375,1383860000
2012-08-24,3069.7900390625,3069.7900390625,3076.800048828125,3042.219970703125,3045.219970703125,1349740000
2012-08-27,3073.18994140625,3073.18994140625,3085.81005859375,3068.1298828125,3083.6201171875,1383530000
2012-08-28,3077.139892578125,3077.139892578125,3083.18994140625,3063.64990234375,3069.39990234375,1364740000
2012-08-29,3081.18994140625,3081.18994140625,3087.239990234375,3067.6201171875,3078.050048828125,1282900000
2012-08-30,3048.7099609375,3048.7099609375,3067.5400390625,3045.919921875,3066.72998046875,1216640000
2012-08-31,3066.9599609375,3066.9599609375,3078.52001953125,3040.590087890625,3069.639892578125,1394760000
2012-09-04,3075.06005859375,3075.06005859375,3082.260009765625,3040.239990234375,3063.25,1505960000
2012-09-05,3069.27001953125,3069.27001953125,3082.75,3062.5400390625,3072.580078125,1495030000
2012-09-06,3135.81005859375,3135.81005859375,3135.81005859375,3087.669921875,3087.93994140625,1918900000
2012-09-07,3136.419921875,3136.419921875,3139.610107421875,3128.169921875,3133.219970703125,1740640000
2012-09-10,3104.02001953125,3104.02001953125,3133.889892578125,3102.760009765625,3131.340087890625,1575370000
2012-09-11,3104.530029296875,3104.530029296875,3117.860107421875,3099.10009765625,3105.02001953125,1586250000
2012-09-12,3114.31005859375,3114.31005859375,3120.1201171875,3098.820068359375,3115.330078125,1689140000
2012-09-13,3155.830078125,3155.830078125,3167.6298828125,3112.6201171875,3117.659912109375,1870050000
2012-09-14,3183.949951171875,3183.949951171875,3195.669921875,3164.260009765625,3166.239990234375,1984720000
2012-09-17,3178.669921875,3178.669921875,3183.39990234375,3168.6298828125,3183.39990234375,1485390000
2012-09-18,3177.800048828125,3177.800048828125,3179.3701171875,3169.409912109375,3173.6201171875,1707200000
2012-09-19,3182.6201171875,3182.6201171875,3189.35009765625,3170.2900390625,3179.0400390625,1850920000
2012-09-20,3175.9599609375,3175.9599609375,3178.449951171875,3156.4599609375,3166.840087890625,1809130000
2012-09-21,3179.9599609375,3179.9599609375,3196.929931640625,3178.090087890625,3194.860107421875,2526250000
2012-09-24,3160.780029296875,3160.780029296875,3167.739990234375,3150.7099609375,3155.35009765625,1704860000
2012-09-25,3117.72998046875,3117.72998046875,3176.300048828125,3117.72998046875,3170.3701171875,1975470000
2012-09-26,3093.699951171875,3093.699951171875,3114.5400390625,3080.280029296875,3113.39990234375,1738010000
2012-09-27,3136.60009765625,3136.60009765625,3142.02001953125,3098.4599609375,3105.8701171875,1691800000
2012-09-28,3116.22998046875,3116.22998046875,3132.510009765625,3109.909912109375,3125.31005859375,1864640000
2012-10-01,3113.530029296875,3113.530029296875,3146.989990234375,3103.889892578125,3130.31005859375,1758170000
2012-10-02,3120.0400390625,3120.0400390625,3131.639892578125,3101.639892578125,3127.72998046875,1609570000
2012-10-03,3135.22998046875,3135.22998046875,3142.360107421875,3115.0400390625,3130.85009765625,1704050000
2012-10-04,3149.4599609375,3149.4599609375,3153.47998046875,3132.56005859375,3142.3798828125,1585190000
2012-10-05,3136.18994140625,3136.18994140625,3171.4599609375,3130.760009765625,3161.2099609375,1607940000
2012-10-08,3112.35009765625,3112.35009765625,3125.489990234375,3107.570068359375,3121.330078125,1186260000
2012-10-09,3065.02001953125,3065.02001953125,3108.010009765625,3062.52001953125,3108.010009765625,1645740000
2012-10-10,3051.780029296875,3051.780029296875,3071.570068359375,3046.780029296875,3066.25,1788970000
2012-10-11,3049.409912109375,3049.409912109375,3078.080078125,3047.139892578125,3075.889892578125,1595020000
2012-10-12,3044.110107421875,3044.110107421875,3061.77001953125,3039.580078125,3049.080078125,1524840000
2012-10-15,3064.179931640625,3064.179931640625,3066.31005859375,3037.27001953125,3053.2099609375,1563440000
2012-10-16,3101.169921875,3101.169921875,3102.969970703125,3070.25,3073.2099609375,1736930000
2012-10-17,3104.1201171875,3104.1201171875,3112.449951171875,3088.050048828125,3091.3798828125,1770920000
2012-10-18,3072.8701171875,3072.8701171875,3102.56005859375,3065.239990234375,3097.77001953125,2043290000
2012-10-19,3005.6201171875,3005.6201171875,3066.56005859375,3000.27001953125,3066.56005859375,2225580000
2012-10-22,3016.9599609375,3016.9599609375,3020.610107421875,2995.780029296875,3005.919921875,1654130000
2012-10-23,2990.4599609375,2990.4599609375,3006.590087890625,2974.070068359375,2989.43994140625,1830840000
2012-10-24,2981.699951171875,2981.699951171875,3012.949951171875,2978.72998046875,3011.820068359375,1967000000
2012-10-25,2986.1201171875,2986.1201171875,3007.7099609375,2975.97998046875,3005.0400390625,1922660000
2012-10-26,2987.949951171875,2987.949951171875,2999.139892578125,2961.159912109375,2986.050048828125,1839700000
2012-10-31,2977.22998046875,2977.22998046875,2989.699951171875,2964.93994140625,2986.85009765625,1806780000
2012-11-01,3020.06005859375,3020.06005859375,3021.93994140625,2984.219970703125,2987.5400390625,1880140000
2012-11-02,2982.1298828125,2982.1298828125,3033.85009765625,2981.68994140625,3033.85009765625,1834590000
2012-11-05,2999.659912109375,2999.659912109375,3004.8701171875,2975.85009765625,2983.030029296875,1496210000
2012-11-06,3011.929931640625,3011.929931640625,3024.43994140625,2998.929931640625,3003.7099609375,1782430000
2012-11-07,2937.2900390625,2937.2900390625,2977.81005859375,2926.7900390625,2976.4599609375,2059690000
2012-11-08,2895.580078125,2895.580078125,2949.699951171875,2895.580078125,2942.090087890625,1876420000
2012-11-09,2904.8701171875,2904.8701171875,2931.110107421875,2889.81005859375,2892.570068359375,1802580000
2012-11-12,2904.25,2904.25,2920.010009765625,2896.550048828125,2916.3798828125,1379240000
2012-11-13,2883.889892578125,2883.889892578125,2909.0,2877.06005859375,2880.77001953125,1816260000
2012-11-14,2846.81005859375,2846.81005859375,2900.10009765625,2842.860107421875,2896.81005859375,2106590000
2012-11-15,2836.93994140625,2836.93994140625,2855.639892578125,2826.75,2847.840087890625,2010300000
2012-11-16,2853.1298828125,2853.1298828125,2859.570068359375,2810.800048828125,2838.89990234375,2187730000
2012-11-19,2916.070068359375,2916.070068359375,2916.070068359375,2884.75,2886.0,1767240000
2012-11-20,2916.679931640625,2916.679931640625,2919.9599609375,2893.3798828125,2910.72998046875,1588750000
2012-11-21,2926.550048828125,2926.550048828125,2928.169921875,2912.419921875,2919.139892578125,1430060000
2012-11-23,2966.85009765625,2966.85009765625,2967.18994140625,2940.679931640625,2943.6201171875,792750000
2012-11-26,2976.780029296875,2976.780029296875,2976.929931640625,2951.72998046875,2961.02001953125,1641710000
2012-11-27,2967.7900390625,2967.7900390625,2985.320068359375,2965.1298828125,2974.56005859375,1763320000
2012-11-28,2991.780029296875,2991.780029296875,2992.169921875,2935.8798828125,2952.02001953125,1725550000
2012-11-29,3012.030029296875,3012.030029296875,3017.179931640625,2996.300048828125,3005.409912109375,1758440000
2012-11-30,3010.239990234375,3010.239990234375,3014.25,2999.719970703125,3013.25,2194240000
2012-12-03,3002.199951171875,3002.199951171875,3030.280029296875,2999.570068359375,3029.2099609375,1667330000
2012-12-04,2996.68994140625,2996.68994140625,3002.89990234375,2980.929931640625,3000.43994140625,1781760000
2012-12-05,2973.699951171875,2973.699951171875,2994.72998046875,2958.260009765625,2993.199951171875,1800820000
2012-12-06,2989.27001953125,2989.27001953125,2996.530029296875,2962.02001953125,2967.989990234375,1713460000
2012-12-07,2978.0400390625,2978.0400390625,3003.27001953125,2968.820068359375,2999.68994140625,1613570000
2012-12-10,2986.9599609375,2986.9599609375,2997.639892578125,2971.56005859375,2973.18994140625,1528430000
2012-12-11,3022.300048828125,3022.300048828125,3033.139892578125,3003.820068359375,3005.429931640625,1921860000
2012-12-12,3013.81005859375,3013.81005859375,3035.18994140625,3008.489990234375,3033.929931640625,1756220000
2012-12-13,2992.159912109375,2992.159912109375,3026.510009765625,2982.6298828125,3007.830078125,1833990000
2012-12-14,2971.330078125,2971.330078125,2985.330078125,2963.800048828125,2976.949951171875,1786980000
2012-12-17,3010.60009765625,3010.60009765625,3011.219970703125,2973.5400390625,2975.5,1911420000
2012-12-18,3054.530029296875,3054.530029296875,3056.64990234375,3016.39990234375,3020.820068359375,2022130000
2012-12-19,3044.360107421875,3044.360107421875,3061.820068359375,3044.360107421875,3059.030029296875,1933270000
2012-12-20,3050.389892578125,3050.389892578125,3053.530029296875,3034.14990234375,3050.300048828125,1691190000
2012-12-21,3021.010009765625,3021.010009765625,3022.18994140625,2995.1298828125,2998.60009765625,2843090000
2012-12-24,3012.60009765625,3012.60009765625,3016.179931640625,3008.530029296875,3013.889892578125,614230000
2012-12-26,2990.159912109375,2990.159912109375,3018.64990234375,2983.35009765625,3013.1298828125,1059190000
2012-12-27,2985.909912109375,2985.909912109375,2993.659912109375,2951.0400390625,2989.8701171875,1342790000
2012-12-28,2960.31005859375,2960.31005859375,2985.469970703125,2959.3701171875,2965.1201171875,1143530000
2012-12-31,3019.510009765625,3019.510009765625,3021.409912109375,2953.52001953125,2955.449951171875,1557230000
2013-01-02,3112.260009765625,3112.260009765625,3112.64990234375,3083.489990234375,3091.330078125,2111300000
2013-01-03,3100.570068359375,3100.570068359375,3118.179931640625,3092.280029296875,3108.489990234375,1769420000
2013-01-04,3101.659912109375,3101.659912109375,3108.43994140625,3090.81005859375,3100.8798828125,1745140000
2013-01-07,3098.81005859375,3098.81005859375,3102.35009765625,3083.8798828125,3089.169921875,1702540000
2013-01-08,3091.81005859375,3091.81005859375,3103.389892578125,3076.60009765625,3098.4599609375,1744380000
2013-01-09,3105.81005859375,3105.81005859375,3111.219970703125,3096.340087890625,3099.64990234375,1732510000
2013-01-10,3121.760009765625,3121.760009765625,3127.719970703125,3098.469970703125,3125.639892578125,1754240000
2013-01-11,3125.6298828125,3125.6298828125,3126.590087890625,3114.10009765625,3122.1201171875,1772600000
2013-01-14,3117.5,3117.5,3123.47998046875,3104.080078125,3113.64990234375,1876050000
2013-01-15,3110.780029296875,3110.780029296875,3112.2900390625,3093.320068359375,3101.06005859375,1852870000
2013-01-16,3117.5400390625,3117.5400390625,3124.64990234375,3106.7900390625,3110.719970703125,1692380000
2013-01-17,3136.0,3136.0,3144.050048828125,3125.7900390625,3130.489990234375,1766510000
2013-01-18,3134.7099609375,3134.7099609375,3134.72998046875,3119.199951171875,3127.909912109375,1860070000
2013-01-22,3143.179931640625,3143.179931640625,3143.179931640625,3121.5400390625,3135.6298828125,1790730000
2013-01-23,3153.669921875,3153.669921875,3161.06005859375,3149.739990234375,3155.820068359375,1698190000
2013-01-24,3130.3798828125,3130.3798828125,3153.56005859375,3124.449951171875,3125.669921875,2046990000
2013-01-25,3149.7099609375,3149.7099609375,3156.199951171875,3135.860107421875,3140.64990234375,1920250000
2013-01-28,3154.300048828125,3154.300048828125,3161.830078125,3144.889892578125,3152.169921875,1935590000
2013-01-29,3153.659912109375,3153.659912109375,3156.93994140625,3133.110107421875,3149.6201171875,2050670000
2013-01-30,3142.31005859375,3142.31005859375,3164.06005859375,3135.830078125,3157.429931640625,2014350000
2013-01-31,3142.1298828125,3142.1298828125,3154.179931640625,3136.820068359375,3140.669921875,2190840000
2013-02-01,3179.10009765625,3179.10009765625,3183.139892578125,3154.909912109375,3162.93994140625,2012930000
2013-02-04,3131.169921875,3131.169921875,3169.6298828125,3130.570068359375,3161.719970703125,1874750000
2013-02-05,3171.580078125,3171.580078125,3178.52001953125,3136.820068359375,3140.89990234375,2150080000
2013-02-06,3168.47998046875,3168.47998046875,3174.820068359375,3157.35009765625,3159.3798828125,2002740000
2013-02-07,3165.1298828125,3165.1298828125,3170.419921875,3135.97998046875,3167.43994140625,1955960000
2013-02-08,3193.8701171875,3193.8701171875,3196.889892578125,3177.179931640625,3178.06005859375,1816480000
2013-02-11,3192.0,3192.0,3194.010009765625,3182.18994140625,3192.530029296875,1551370000
2013-02-12,3186.489990234375,3186.489990234375,3196.919921875,3184.840087890625,3190.72998046875,1786800000
2013-02-13,3196.8798828125,3196.8798828125,3205.52001953125,3187.06005859375,3195.340087890625,1822450000
2013-02-14,3198.659912109375,3198.659912109375,3202.330078125,3182.389892578125,3182.739990234375,1924900000
2013-02-15,3192.030029296875,3192.030029296875,3206.2099609375,3184.030029296875,3202.840087890625,1858670000
2013-02-19,3213.590087890625,3213.590087890625,3213.60009765625,3194.919921875,3197.4599609375,1843840000
2013-02-20,3164.409912109375,3164.409912109375,3213.25,3163.949951171875,3211.989990234375,2001800000
2013-02-21,3131.489990234375,3131.489990234375,3155.18994140625,3118.6201171875,3154.8798828125,2052630000
2013-02-22,3161.820068359375,3161.820068359375,3161.820068359375,3139.550048828125,3149.090087890625,1581500000
2013-02-25,3116.25,3116.25,3186.25,3116.25,3180.590087890625,1930990000
2013-02-26,3129.64990234375,3129.64990234375,3135.570068359375,3105.360107421875,3126.22998046875,1847750000
2013-02-27,3162.260009765625,3162.260009765625,3177.800048828125,3127.27001953125,3129.719970703125,1727260000
2013-02-28,3160.18994140625,3160.18994140625,3182.60009765625,3159.719970703125,3161.429931640625,2022530000
2013-03-01,3169.739990234375,3169.739990234375,3171.5,3129.39990234375,3143.5400390625,1870250000
2013-03-04,3182.030029296875,3182.030029296875,3182.27001953125,3154.7900390625,3159.4599609375,1718290000
2013-03-05,3224.1298828125,3224.1298828125,3227.31005859375,3200.27001953125,3200.3798828125,1891510000
2013-03-06,3222.3701171875,3222.3701171875,3233.43994140625,3217.669921875,3233.31005859375,1764020000
2013-03-07,3232.090087890625,3232.090087890625,3235.10009765625,3221.469970703125,3224.5,1675640000
2013-03-08,3244.3701171875,3244.3701171875,3248.699951171875,3227.889892578125,3245.85009765625,1611700000
2013-03-11,3252.8701171875,3252.8701171875,3252.8701171875,3233.669921875,3237.739990234375,1628500000
2013-03-12,3242.320068359375,3242.320068359375,3249.780029296875,3229.919921875,3244.85009765625,1673740000
2013-03-13,3245.1201171875,3245.1201171875,3251.449951171875,3230.6201171875,3243.0400390625,1577280000
2013-03-14,3258.929931640625,3258.929931640625,3258.929931640625,3250.239990234375,3253.0,1651650000
2013-03-15,3249.070068359375,3249.070068359375,3260.6201171875,3242.64990234375,3260.4599609375,2305230000
2013-03-18,3237.590087890625,3237.590087890625,3249.3701171875,3211.10009765625,3215.7099609375,1550510000
2013-03-19,3229.10009765625,3229.10009765625,3252.60009765625,3205.419921875,3246.699951171875,1690680000
2013-03-20,3254.18994140625,3254.18994140625,3257.989990234375,3240.89990234375,3251.909912109375,1599120000
2013-03-21,3222.60009765625,3222.60009765625,3237.570068359375,3215.68994140625,3228.169921875,1692260000
2013-03-22,3245.0,3245.0,3247.93994140625,3230.860107421875,3235.300048828125,1681360000
2013-03-25,3235.300048828125,3235.300048828125,3263.6298828125,3222.47998046875,3255.85009765625,1666010000
2013-03-26,3252.47998046875,3252.47998046875,3252.929931640625,3239.919921875,3249.949951171875,1444500000
2013-03-27,3256.52001953125,3256.52001953125,3258.260009765625,3227.02001953125,3230.760009765625,1420130000
2013-03-28,3267.52001953125,3267.52001953125,3270.300048828125,3253.2099609375,3257.320068359375,1636800000
2013-04-01,3239.169921875,3239.169921875,3270.22998046875,3230.570068359375,3268.6298828125,1481360000
2013-04-02,3254.860107421875,3254.860107421875,3267.929931640625,3245.409912109375,3252.550048828125,1580800000
2013-04-03,3218.60009765625,3218.60009765625,3260.14990234375,3210.389892578125,3257.3798828125,1813910000
2013-04-04,3224.97998046875,3224.97998046875,3226.239990234375,3206.02001953125,3219.110107421875,1475720000
2013-04-05,3203.860107421875,3203.860107421875,3206.2099609375,3168.8798828125,3174.0,1594090000
2013-04-08,3222.25,3222.25,3222.260009765625,3195.570068359375,3207.14990234375,1323520000
2013-04-09,3237.860107421875,3237.860107421875,3249.949951171875,3215.02001953125,3229.81005859375,1498130000
2013-04-10,3297.25,3297.25,3299.159912109375,3245.800048828125,3246.06005859375,1769870000
2013-04-11,3300.159912109375,3300.159912109375,3306.949951171875,3287.739990234375,3289.590087890625,1829170000
2013-04-12,3294.949951171875,3294.949951171875,3296.5,3271.02001953125,3292.389892578125,1471180000
2013-04-15,3216.489990234375,3216.489990234375,3283.39990234375,3213.4599609375,3277.580078125,1779320000
2013-04-16,3264.6298828125,3264.6298828125,3265.840087890625,3231.449951171875,3239.050048828125,1515400000
2013-04-17,3204.669921875,3204.669921875,3236.97998046875,3186.080078125,3236.25,1902730000
2013-04-18,3166.360107421875,3166.360107421875,3212.969970703125,3154.9599609375,3212.239990234375,1766000000
2013-04-19,3206.06005859375,3206.06005859375,3210.030029296875,3168.330078125,3169.320068359375,1738850000
2013-04-22,3233.550048828125,3233.550048828125,3241.159912109375,3198.739990234375,3217.39990234375,1628340000
2013-04-23,3269.330078125,3269.330078125,3275.889892578125,3241.52001953125,3252.800048828125,1684770000
2013-04-24,3269.64990234375,3269.64990234375,3277.1201171875,3255.43994140625,3262.2099609375,1738590000
2013-04-25,3289.989990234375,3289.989990234375,3301.280029296875,3279.2900390625,3279.820068359375,2012230000
2013-04-26,3279.260009765625,3279.260009765625,3287.47998046875,3268.030029296875,3284.070068359375,1721970000
2013-04-29,3307.02001953125,3307.02001953125,3315.330078125,3289.419921875,3290.31005859375,1594110000
2013-04-30,3328.7900390625,3328.7900390625,3328.7900390625,3298.580078125,3308.050048828125,1984270000
2013-05-01,3299.1298828125,3299.1298828125,3330.02001953125,3296.5,3325.35009765625,1884600000
2013-05-02,3340.6201171875,3340.6201171875,3344.89990234375,3305.81005859375,3306.14990234375,1757480000
2013-05-03,3378.6298828125,3378.6298828125,3388.1201171875,3370.300048828125,3371.409912109375,1745570000
2013-05-06,3392.969970703125,3392.969970703125,3396.2099609375,3381.43994140625,3382.330078125,1500410000
2013-05-07,3396.6298828125,3396.6298828125,3402.239990234375,3381.0400390625,3398.840087890625,1709800000
2013-05-08,3413.27001953125,3413.27001953125,3413.27001953125,3389.800048828125,3394.889892578125,1756400000
2013-05-09,3409.169921875,3409.169921875,3428.5400390625,3403.429931640625,3408.93994140625,1826220000
2013-05-10,3436.580078125,3436.580078125,3436.60009765625,3411.590087890625,3414.840087890625,1689730000
2013-05-13,3438.7900390625,3438.7900390625,3447.10009765625,3426.669921875,3429.530029296875,1615510000
2013-05-14,3462.610107421875,3462.610107421875,3468.669921875,3439.719970703125,3439.719970703125,1820520000
2013-05-15,3471.6201171875,3471.6201171875,3475.47998046875,3452.31005859375,3455.669921875,1843910000
2013-05-16,3465.239990234375,3465.239990234375,3485.949951171875,3462.239990234375,3473.159912109375,1945760000
2013-05-17,3498.969970703125,3498.969970703125,3499.199951171875,3473.0400390625,3483.409912109375,1828610000
2013-05-20,3496.429931640625,3496.429931640625,3509.409912109375,3488.1298828125,3490.4599609375,1745260000
2013-05-21,3502.1201171875,3502.1201171875,3512.14990234375,3486.8798828125,3495.4599609375,1776780000
2013-05-22,3463.300048828125,3463.300048828125,3532.0400390625,3446.9599609375,3503.47998046875,2179330000
2013-05-23,3459.419921875,3459.419921875,3467.1298828125,3422.510009765625,3426.070068359375,1820670000
2013-05-24,3459.139892578125,3459.139892578125,3459.469970703125,3429.31005859375,3438.280029296875,1449210000
2013-05-28,3488.889892578125,3488.889892578125,3514.800048828125,3475.389892578125,3497.89990234375,1748070000
2013-05-29,3467.52001953125,3467.52001953125,3479.530029296875,3450.39990234375,3471.669921875,1794650000
2013-05-30,3491.300048828125,3491.300048828125,3503.820068359375,3473.0400390625,3473.2099609375,1737320000
2013-05-31,3455.909912109375,3455.909912109375,3500.669921875,3455.840087890625,3478.219970703125,1968270000
2013-06-03,3465.3701171875,3465.3701171875,3465.840087890625,3419.389892578125,3460.760009765625,2054100000
2013-06-04,3445.260009765625,3445.260009765625,3482.75,3430.02001953125,3467.02001953125,1871640000
2013-06-05,3401.47998046875,3401.47998046875,3446.14990234375,3397.909912109375,3432.85009765625,1813890000
2013-06-06,3424.050048828125,3424.050048828125,3424.050048828125,3378.239990234375,3404.409912109375,1802700000
2013-06-07,3469.219970703125,3469.219970703125,3471.72998046875,3429.429931640625,3437.840087890625,1646810000
2013-06-10,3473.77001953125,3473.77001953125,3484.81005859375,3465.5400390625,3475.679931640625,1556520000
2013-06-11,3436.949951171875,3436.949951171875,3466.570068359375,3426.570068359375,3436.6201171875,1560370000
2013-06-12,3400.429931640625,3400.429931640625,3459.179931640625,3395.909912109375,3458.139892578125,1630200000
2013-06-13,3445.360107421875,3445.360107421875,3451.030029296875,3387.610107421875,3398.5400390625,1584740000
2013-06-14,3423.56005859375,3423.56005859375,3448.39990234375,3419.320068359375,3442.31005859375,1458030000
2013-06-17,3452.1298828125,3452.1298828125,3468.56005859375,3436.340087890625,3449.969970703125,1581830000
2013-06-18,3482.179931640625,3482.179931640625,3488.31005859375,3456.090087890625,3456.2900390625,1675090000
2013-06-19,3443.199951171875,3443.199951171875,3485.449951171875,3443.199951171875,3483.590087890625,1649200000
2013-06-20,3364.639892578125,3364.639892578125,3412.93994140625,3355.929931640625,3405.139892578125,2041500000
2013-06-21,3357.25,3357.25,3377.300048828125,3326.860107421875,3367.81005859375,2921900000
2013-06-24,3320.760009765625,3320.760009765625,3344.659912109375,3294.949951171875,3326.3798828125,2030960000
2013-06-25,3347.889892578125,3347.889892578125,3358.31005859375,3327.68994140625,3350.590087890625,1657280000
2013-06-26,3376.219970703125,3376.219970703125,3383.699951171875,3365.47998046875,3375.699951171875,1671280000
2013-06-27,3401.860107421875,3401.860107421875,3412.7900390625,3395.409912109375,3395.7900390625,1689800000
2013-06-28,3403.25,3403.25,3422.199951171875,3382.75,3389.300048828125,3630410000
2013-07-01,3434.489990234375,3434.489990234375,3454.429931640625,3430.31005859375,3430.47998046875,1586750000
2013-07-02,3433.39990234375,3433.39990234375,3453.2900390625,3415.22998046875,3430.68994140625,1685190000
2013-07-03,3443.669921875,3443.669921875,3455.419921875,3417.8798828125,3420.27001953125,935980000
2013-07-05,3479.3798828125,3479.3798828125,3479.4599609375,3441.780029296875,3468.47998046875,1254400000
2013-07-08,3484.830078125,3484.830078125,3495.510009765625,3475.389892578125,3493.81005859375,1521720000
2013-07-09,3504.260009765625,3504.260009765625,3508.81005859375,3484.7900390625,3501.25,1633520000
2013-07-10,3520.760009765625,3520.760009765625,3522.989990234375,3502.0,3502.110107421875,1567340000
2013-07-11,3578.300048828125,3578.300048828125,3579.2900390625,3552.52001953125,3557.7900390625,1744210000
2013-07-12,3600.080078125,3600.080078125,3600.080078125,3576.570068359375,3579.580078125,1615820000
2013-07-15,3607.489990234375,3607.489990234375,3609.590087890625,3591.5400390625,3601.090087890625,1449130000
2013-07-16,3598.5,3598.5,3611.35009765625,3589.64990234375,3611.0,1590540000
2013-07-17,3610.0,3610.0,3615.7900390625,3600.68994140625,3608.1298828125,1564340000
2013-07-18,3611.280029296875,3611.280029296875,3624.5400390625,3607.090087890625,3610.030029296875,1719390000
2013-07-19,3587.610107421875,3587.610107421875,3589.050048828125,3578.570068359375,3581.89990234375,1785460000
2013-07-22,3600.389892578125,3600.389892578125,3601.919921875,3587.4599609375,3599.8701171875,1507010000
2013-07-23,3579.27001953125,3579.27001953125,3606.699951171875,3576.9599609375,3606.699951171875,1620350000
2013-07-24,3579.60009765625,3579.60009765625,3606.280029296875,3573.530029296875,3605.260009765625,1856660000
2013-07-25,3605.18994140625,3605.18994140625,3606.18994140625,3579.199951171875,3589.4599609375,2203970000
2013-07-26,3613.159912109375,3613.159912109375,3613.330078125,3581.260009765625,3584.85009765625,1796060000
2013-07-29,3599.139892578125,3599.139892578125,3618.860107421875,3592.800048828125,3604.2900390625,1545720000
2013-07-30,3616.469970703125,3616.469970703125,3629.1201171875,3606.330078125,3612.360107421875,1763580000
2013-07-31,3626.3701171875,3626.3701171875,3649.35009765625,3624.77001953125,3627.659912109375,1942380000
2013-08-01,3675.739990234375,3675.739990234375,3678.5,3653.739990234375,3654.179931640625,1863290000
2013-08-02,3689.590087890625,3689.590087890625,3689.590087890625,3663.8798828125,3671.110107421875,1683270000
2013-08-05,3692.949951171875,3692.949951171875,3694.18994140625,3681.340087890625,3682.669921875,1471860000
2013-08-06,3665.77001953125,3665.77001953125,3690.320068359375,3654.669921875,3685.389892578125,1444200000
2013-08-07,3654.010009765625,3654.010009765625,3663.199951171875,3633.590087890625,3658.530029296875,1659780000
2013-08-08,3669.1201171875,3669.1201171875,3675.7099609375,3649.639892578125,3672.2099609375,1702950000
2013-08-09,3660.110107421875,3660.110107421875,3677.830078125,3649.68994140625,3664.27001953125,1546570000
2013-08-12,3669.949951171875,3669.949951171875,3673.510009765625,3645.389892578125,3645.780029296875,1422420000
2013-08-13,3684.43994140625,3684.43994140625,3691.06005859375,3648.820068359375,3675.3701171875,1644730000
2013-08-14,3669.27001953125,3669.27001953125,3686.550048828125,3668.739990234375,3683.969970703125,1589370000
2013-08-15,3606.1201171875,3606.1201171875,3626.77001953125,3600.9599609375,3625.360107421875,1742510000
2013-08-16,3602.780029296875,3602.780029296875,3621.4599609375,3598.64990234375,3603.780029296875,1520430000
2013-08-19,3589.090087890625,3589.090087890625,3623.47998046875,3589.030029296875,3601.8798828125,1381050000
2013-08-20,3613.590087890625,3613.590087890625,3625.260009765625,3593.139892578125,3596.77001953125,1308280000
2013-08-21,3599.7900390625,3599.7900390625,3630.22998046875,3589.02001953125,3603.679931640625,1438510000
2013-08-22,3638.7099609375,3638.7099609375,3639.2099609375,3613.929931640625,3614.139892578125,927400000
2013-08-23,3657.7900390625,3657.7900390625,3660.659912109375,3643.860107421875,3659.2099609375,1499890000
2013-08-26,3657.570068359375,3657.570068359375,3684.219970703125,3652.260009765625,3661.81005859375,1404230000
2013-08-27,3578.52001953125,3578.52001953125,3629.949951171875,3573.570068359375,3616.06005859375,1640040000
2013-08-28,3593.35009765625,3593.35009765625,3607.360107421875,3578.800048828125,3579.110107421875,1370650000
2013-08-29,3620.300048828125,3620.300048828125,3635.840087890625,3587.070068359375,3587.070068359375,1344900000
2013-08-30,3589.8701171875,3589.8701171875,3621.780029296875,3581.050048828125,3621.590087890625,1328320000
2013-09-03,3612.610107421875,3612.610107421875,3637.06005859375,3593.6201171875,3622.639892578125,1628810000
2013-09-04,3649.0400390625,3649.0400390625,3651.780029296875,3612.219970703125,3619.050048828125,1855980000
2013-09-05,3658.780029296875,3658.780029296875,3665.010009765625,3651.169921875,3652.43994140625,1550180000
2013-09-06,3660.010009765625,3660.010009765625,3677.070068359375,3618.77001953125,3672.820068359375,1647310000
2013-09-09,3706.179931640625,3706.179931640625,3708.419921875,3675.1201171875,3675.1201171875,1664290000
2013-09-10,3729.02001953125,3729.02001953125,3729.3798828125,3716.43994140625,3724.669921875,1842570000
2013-09-11,3725.010009765625,3725.010009765625,3726.590087890625,3704.219970703125,3710.7900390625,1722380000
2013-09-12,3715.969970703125,3715.969970703125,3731.840087890625,3713.080078125,3724.530029296875,1653860000
2013-09-13,3722.179931640625,3722.179931640625,3724.72998046875,3701.8798828125,3723.27001953125,1460190000
2013-09-16,3717.85009765625,3717.85009765625,3756.239990234375,3712.469970703125,3755.0,1542500000
2013-09-17,3745.699951171875,3745.699951171875,3747.080078125,3724.260009765625,3725.31005859375,1338800000
2013-09-18,3783.639892578125,3783.639892578125,3790.699951171875,3737.68994140625,3751.2900390625,1828820000
2013-09-19,3789.3798828125,3789.3798828125,3798.159912109375,3781.590087890625,3794.699951171875,1775980000
2013-09-20,3774.72998046875,3774.72998046875,3798.760009765625,3774.110107421875,3796.280029296875,2711270000
2013-09-23,3765.2900390625,3765.2900390625,3787.139892578125,3745.5400390625,3786.840087890625,1728620000
2013-09-24,3768.25,3768.25,3789.85009765625,3753.0400390625,3771.60009765625,1810950000
2013-09-25,3761.10009765625,3761.10009765625,3782.919921875,3754.93994140625,3772.590087890625,1821790000
2013-09-26,3787.429931640625,3787.429931640625,3795.719970703125,3772.800048828125,3774.949951171875,1817960000
2013-09-27,3781.590087890625,3781.590087890625,3788.35009765625,3762.669921875,3767.889892578125,1699720000
2013-09-30,3771.47998046875,3771.47998046875,3780.969970703125,3734.739990234375,3737.60009765625,1895760000
2013-10-01,3817.97998046875,3817.97998046875,3817.97998046875,3774.179931640625,3774.179931640625,1843320000
2013-10-02,3815.02001953125,3815.02001953125,3819.280029296875,3788.449951171875,3793.110107421875,1792980000
2013-10-03,3774.340087890625,3774.340087890625,3816.9599609375,3753.169921875,3809.89990234375,1884340000
2013-10-04,3807.75,3807.75,3812.860107421875,3773.39990234375,3774.719970703125,1549600000
2013-10-07,3770.3798828125,3770.3798828125,3800.080078125,3769.75,3776.639892578125,1475990000
2013-10-08,3694.830078125,3694.830078125,3772.489990234375,3694.14990234375,3772.219970703125,2087580000
2013-10-09,3677.780029296875,3677.780029296875,3702.14990234375,3650.030029296875,3701.6201171875,2242700000
2013-10-10,3760.75,3760.75,3764.719970703125,3721.110107421875,3721.580078125,1902410000
2013-10-11,3791.8701171875,3791.8701171875,3794.3701171875,3751.3798828125,3753.219970703125,1750350000
2013-10-14,3815.280029296875,3815.280029296875,3816.409912109375,3766.280029296875,3767.489990234375,1455160000
2013-10-15,3794.010009765625,3794.010009765625,3824.43994140625,3789.679931640625,3810.719970703125,1745560000
2013-10-16,3839.429931640625,3839.429931640625,3840.47998046875,3814.14990234375,3815.0,1744000000
2013-10-17,3863.14990234375,3863.14990234375,3863.489990234375,3821.429931640625,3822.85009765625,1975140000
2013-10-18,3914.280029296875,3914.280029296875,3914.929931640625,3882.06005859375,3893.360107421875,1943090000
2013-10-21,3920.050048828125,3920.050048828125,3931.449951171875,3909.909912109375,3922.64990234375,1674470000
2013-10-22,3929.570068359375,3929.570068359375,3947.669921875,3904.06005859375,3935.5400390625,1890500000
2013-10-23,3907.070068359375,3907.070068359375,3911.639892578125,3887.669921875,3907.300048828125,1915030000
2013-10-24,3928.9599609375,3928.9599609375,3932.60009765625,3907.5400390625,3911.610107421875,2054350000
2013-10-25,3943.360107421875,3943.360107421875,3961.10009765625,3927.5,3955.97998046875,2225780000
2013-10-28,3940.1298828125,3940.1298828125,3947.580078125,3927.090087890625,3942.56005859375,1904810000
2013-10-29,3952.340087890625,3952.340087890625,3957.1201171875,3934.93994140625,3954.340087890625,1897380000
2013-10-30,3930.6201171875,3930.6201171875,3966.7099609375,3919.139892578125,3962.39990234375,1923000000
2013-10-31,3919.7099609375,3919.7099609375,3945.0400390625,3909.260009765625,3924.340087890625,2139650000
2013-11-01,3922.0400390625,3922.0400390625,3938.47998046875,3904.199951171875,3932.449951171875,1949460000
2013-11-04,3936.590087890625,3936.590087890625,3937.5,3919.4599609375,3932.60009765625,1817880000
2013-11-05,3939.860107421875,3939.860107421875,3947.27001953125,3909.6298828125,3925.06005859375,1934630000
2013-11-06,3931.949951171875,3931.949951171875,3955.969970703125,3920.909912109375,3952.179931640625,2020160000
2013-11-07,3857.330078125,3857.330078125,3938.330078125,3855.070068359375,3935.81005859375,2303320000
2013-11-08,3919.22998046875,3919.22998046875,3919.22998046875,3869.1201171875,3871.239990234375,1981740000
2013-11-11,3919.7900390625,3919.7900390625,3925.340087890625,3904.719970703125,3913.639892578125,1595340000
2013-11-12,3919.919921875,3919.919921875,3922.27001953125,3902.669921875,3907.820068359375,1776860000
2013-11-13,3965.580078125,3965.580078125,3965.580078125,3899.31005859375,3899.3798828125,1827220000
2013-11-14,3972.739990234375,3972.739990234375,3975.889892578125,3949.010009765625,3956.469970703125,1965350000
2013-11-15,3985.969970703125,3985.969970703125,3985.969970703125,3969.219970703125,3978.27001953125,1899150000
2013-11-18,3949.070068359375,3949.070068359375,3994.969970703125,3942.85009765625,3990.06005859375,1829870000
2013-11-19,3931.550048828125,3931.550048828125,3960.43994140625,3923.469970703125,3945.97998046875,1747840000
2013-11-20,3921.27001953125,3921.27001953125,3952.080078125,3911.610107421875,3940.97998046875,1721160000
2013-11-21,3969.159912109375,3969.159912109375,3970.909912109375,3936.820068359375,3938.110107421875,1684250000
2013-11-22,3991.64990234375,3991.64990234375,3991.659912109375,3973.0,3977.31005859375,1730280000
2013-11-25,3994.570068359375,3994.570068359375,4007.090087890625,3987.159912109375,4004.3701171875,1795760000
2013-11-26,4017.75,4017.75,4026.989990234375,3989.489990234375,3996.699951171875,1907680000
2013-11-27,4044.75,4044.75,4045.81005859375,4023.64990234375,4026.919921875,1477020000
2013-11-29,4059.889892578125,4059.889892578125,4069.699951171875,4055.449951171875,4057.159912109375,853500000
2013-12-02,4045.260009765625,4045.260009765625,4068.489990234375,4040.8798828125,4065.659912109375,1680380000
2013-12-03,4037.199951171875,4037.199951171875,4050.080078125,4022.1201171875,4038.989990234375,1875010000
2013-12-04,4038.0,4038.0,4051.739990234375,4004.760009765625,4020.330078125,1886970000
2013-12-05,4033.169921875,4033.169921875,4043.7099609375,4025.260009765625,4037.989990234375,1880950000
2013-12-06,4062.52001953125,4062.52001953125,4069.860107421875,4042.35009765625,4069.860107421875,1727130000
2013-12-09,4068.75,4068.75,4081.780029296875,4063.5,4073.75,1717120000
2013-12-10,4060.489990234375,4060.489990234375,4074.010009765625,4056.489990234375,4061.169921875,1864860000
2013-12-11,4003.81005859375,4003.81005859375,4065.080078125,3998.919921875,4061.669921875,1923520000
2013-12-12,3998.39990234375,3998.39990234375,4013.5400390625,3993.570068359375,4004.75,1893270000
2013-12-13,4000.97998046875,4000.97998046875,4017.449951171875,3992.2900390625,4015.530029296875,1615340000
2013-12-16,4029.52001953125,4029.52001953125,4043.0,4019.139892578125,4019.3701171875,1943830000
2013-12-17,4023.679931640625,4023.679931640625,4034.68994140625,4011.580078125,4028.8798828125,1861130000
2013-12-18,4070.06005859375,4070.06005859375,4070.3798828125,3979.590087890625,4024.669921875,2178330000
2013-12-19,4058.139892578125,4058.139892578125,4063.699951171875,4045.409912109375,4059.340087890625,1813050000
2013-12-20,4104.740234375,4104.740234375,4111.93017578125,4064.72998046875,4064.889892578125,3510420000
2013-12-23,4148.89990234375,4148.89990234375,4149.31005859375,4127.72021484375,4136.14990234375,1779400000
2013-12-24,4155.419921875,4155.419921875,4155.6201171875,4147.14990234375,4150.64013671875,802270000
2013-12-26,4167.18017578125,4167.18017578125,4169.97021484375,4158.58984375,4164.2099609375,1180670000
2013-12-27,4156.58984375,4156.58984375,4175.35986328125,4153.64013671875,4173.35986328125,1255020000
2013-12-30,4154.2001953125,4154.2001953125,4158.72998046875,4142.18017578125,4153.580078125,1349470000
2013-12-31,4176.58984375,4176.58984375,4177.72998046875,4160.77001953125,4161.509765625,1401140000
2014-01-02,4143.06982421875,4143.06982421875,4160.9599609375,4131.7900390625,4160.02978515625,1738820000
2014-01-03,4131.91015625,4131.91015625,4152.9599609375,4124.9599609375,4148.56005859375,1667480000
2014-01-06,4113.68017578125,4113.68017578125,4139.77978515625,4103.75,4137.02978515625,2292840000
2014-01-07,4153.18017578125,4153.18017578125,4158.18017578125,4126.47998046875,4128.56982421875,2278220000
2014-01-08,4165.60986328125,4165.60986328125,4171.75,4145.0,4154.27978515625,2345220000
2014-01-09,4156.18994140625,4156.18994140625,4182.740234375,4142.7001953125,4179.0400390625,2214770000
2014-01-10,4174.669921875,4174.669921875,4174.68017578125,4142.2099609375,4168.93994140625,2143070000
2014-01-13,4113.2998046875,4113.2998046875,4179.47021484375,4097.990234375,4167.41015625,2322240000
2014-01-14,4183.02001953125,4183.02001953125,4183.83984375,4125.81005859375,4129.60009765625,2034180000
2014-01-15,4214.8798828125,4214.8798828125,4218.7900390625,4195.97998046875,4196.52978515625,2101870000
2014-01-16,4218.68994140625,4218.68994140625,4219.27978515625,4204.16015625,4209.58984375,2005850000
2014-01-17,4197.580078125,4197.580078125,4217.240234375,4187.31005859375,4207.81982421875,2150370000
2014-01-21,4225.759765625,4225.759765625,4227.93017578125,4193.169921875,4222.97998046875,2034030000
2014-01-22,4243.0,4243.0,4246.5498046875,4225.52001953125,4234.580078125,2026910000
2014-01-23,4218.8798828125,4218.8798828125,4224.43994140625,4192.27978515625,4224.35986328125,2191980000
2014-01-24,4128.169921875,4128.169921875,4197.93017578125,4128.169921875,4194.97021484375,2489470000
2014-01-27,4083.610107421875,4083.610107421875,4136.4599609375,4052.6298828125,4132.22021484375,2398280000
2014-01-28,4097.9599609375,4097.9599609375,4099.81005859375,4067.68994140625,4067.860107421875,2091180000
2014-01-29,4051.429931640625,4051.429931640625,4091.27001953125,4044.760009765625,4060.610107421875,2231850000
2014-01-30,4123.1298828125,4123.1298828125,4135.83984375,4094.169921875,4098.81005859375,2168410000
2014-01-31,4103.8798828125,4103.8798828125,4124.919921875,4067.610107421875,4068.6298828125,2300570000
2014-02-03,3996.9599609375,3996.9599609375,4113.5498046875,3989.949951171875,4105.06005859375,2617030000
2014-02-04,4031.52001953125,4031.52001953125,4044.199951171875,4004.580078125,4019.43994140625,2173360000
2014-02-05,4011.550048828125,4011.550048828125,4026.280029296875,3968.18994140625,4015.5,2168360000
2014-02-06,4057.1201171875,4057.1201171875,4064.06005859375,4022.169921875,4022.659912109375,1942700000
2014-02-07,4125.85986328125,4125.85986328125,4126.509765625,4069.929931640625,4081.820068359375,2055850000
2014-02-10,4148.169921875,4148.169921875,4148.2998046875,4122.60986328125,4125.1201171875,1811970000
2014-02-11,4191.0498046875,4191.0498046875,4198.509765625,4153.10009765625,4154.66015625,1993950000
2014-02-12,4201.2900390625,4201.2900390625,4212.60986328125,4190.39013671875,4196.85009765625,2035890000
2014-02-13,4240.669921875,4240.669921875,4240.669921875,4170.47021484375,4171.580078125,2249990000
2014-02-14,4244.02001953125,4244.02001953125,4250.91015625,4225.75,4237.0,1881510000
2014-02-18,4272.77978515625,4272.77978515625,4277.330078125,4243.56005859375,4253.7099609375,1886210000
2014-02-19,4237.9501953125,4237.9501953125,4274.2900390625,4232.3798828125,4260.740234375,1956720000
2014-02-20,4267.5498046875,4267.5498046875,4272.33984375,4226.75,4241.4599609375,1992780000
2014-02-21,4263.41015625,4263.41015625,4284.85009765625,4261.6298828125,4282.169921875,2138250000
2014-02-24,4292.97021484375,4292.97021484375,4311.1298828125,4272.10986328125,4273.31982421875,2161300000
2014-02-25,4287.58984375,4287.58984375,4307.509765625,4275.7998046875,4298.47998046875,2137150000
2014-02-26,4292.06005859375,4292.06005859375,4316.81982421875,4278.5400390625,4300.4501953125,2108270000
2014-02-27,4318.93017578125,4318.93017578125,4322.4599609375,4284.77978515625,4291.47021484375,2049160000
2014-02-28,4308.1201171875,4308.1201171875,4342.58984375,4275.60986328125,4323.52001953125,2617730000
2014-03-03,4277.2998046875,4277.2998046875,4284.14990234375,4239.64990234375,4261.419921875,2077500000
2014-03-04,4351.97021484375,4351.97021484375,4357.2099609375,4327.5400390625,4327.85009765625,2477850000
2014-03-05,4357.97021484375,4357.97021484375,4362.5,4344.14990234375,4352.759765625,2215980000
2014-03-06,4352.1298828125,4352.1298828125,4371.7099609375,4341.0,4368.81005859375,2136260000
2014-03-07,4336.22021484375,4336.22021484375,4371.39013671875,4319.14990234375,4370.97998046875,2175560000
2014-03-10,4334.4501953125,4334.4501953125,4339.93017578125,4307.83984375,4332.6201171875,2111610000
2014-03-11,4307.18994140625,4307.18994140625,4354.43017578125,4295.47021484375,4342.93017578125,2477780000
2014-03-12,4323.330078125,4323.330078125,4323.330078125,4270.22021484375,4288.60009765625,2131880000
2014-03-13,4260.419921875,4260.419921875,4339.89990234375,4242.9501953125,4338.259765625,2383600000
2014-03-14,4245.39990234375,4245.39990234375,4272.33984375,4241.93994140625,4250.4501953125,2196890000
2014-03-17,4279.9501953125,4279.9501953125,4301.27978515625,4273.009765625,4274.22021484375,1810410000
2014-03-18,4333.31005859375,4333.31005859375,4334.66015625,4284.10986328125,4286.22021484375,1962890000
2014-03-19,4307.60009765625,4307.60009765625,4334.2998046875,4283.5400390625,4331.4599609375,1992750000
2014-03-20,4319.2900390625,4319.2900390625,4329.60986328125,4287.41015625,4297.990234375,1847270000
2014-03-21,4276.7900390625,4276.7900390625,4344.39013671875,4268.33984375,4339.89990234375,3245740000
2014-03-24,4226.39013671875,4226.39013671875,4289.490234375,4190.60986328125,4289.490234375,2434650000
2014-03-25,4234.27001953125,4234.27001953125,4274.31982421875,4203.64013671875,4252.64990234375,2270760000
2014-03-26,4173.580078125,4173.580078125,4263.06982421875,4173.580078125,4254.97998046875,2455460000
2014-03-27,4151.22998046875,4151.22998046875,4186.1298828125,4131.81005859375,4169.35009765625,2270650000
2014-03-28,4155.759765625,4155.759765625,4203.490234375,4144.68994140625,4163.18017578125,2029840000
2014-03-31,4198.990234375,4198.990234375,4212.97021484375,4180.5400390625,4185.6298828125,2090850000
2014-04-01,4268.0400390625,4268.0400390625,4268.2001953125,4218.77001953125,4219.8701171875,2153130000
2014-04-02,4276.4599609375,4276.4599609375,4286.08984375,4258.85986328125,4281.60986328125,2187100000
2014-04-03,4237.740234375,4237.740234375,4284.68994140625,4216.56982421875,4282.18017578125,2067370000
2014-04-04,4127.72998046875,4127.72998046875,4267.06005859375,4118.7099609375,4263.93994140625,2621270000
2014-04-07,4079.75,4079.75,4133.68017578125,4052.139892578125,4110.919921875,2554680000
2014-04-08,4112.990234375,4112.990234375,4120.240234375,4066.110107421875,4085.179931640625,2198900000
2014-04-09,4183.89990234375,4183.89990234375,4185.18994140625,4121.169921875,4129.6298828125,1957560000
2014-04-10,4054.110107421875,4054.110107421875,4182.60986328125,4042.760009765625,4181.2099609375,2421210000
2014-04-11,3999.72998046875,3999.72998046875,4067.219970703125,3991.639892578125,4015.070068359375,2264480000
2014-04-14,4022.68994140625,4022.68994140625,4050.7900390625,3986.5,4038.06005859375,1890480000
2014-04-15,4034.159912109375,4034.159912109375,4054.800048828125,3946.030029296875,4032.6298828125,2413110000
2014-04-16,4086.22998046875,4086.22998046875,4086.280029296875,4038.81005859375,4066.820068359375,1863110000
2014-04-17,4095.52001953125,4095.52001953125,4110.4599609375,4064.699951171875,4080.300048828125,1954720000
2014-04-21,4121.5498046875,4121.5498046875,4121.5498046875,4081.909912109375,4105.3701171875,1544440000
2014-04-22,4161.4599609375,4161.4599609375,4170.72021484375,4131.60986328125,4132.06005859375,1875930000
2014-04-23,4126.97021484375,4126.97021484375,4161.43994140625,4125.41015625,4160.89990234375,1794760000
2014-04-24,4148.33984375,4148.33984375,4177.16015625,4107.52001953125,4174.60986328125,2130870000
2014-04-25,4075.56005859375,4075.56005859375,4126.97998046875,4068.10009765625,4125.16015625,2087140000
2014-04-28,4074.39990234375,4074.39990234375,4111.58984375,4014.169921875,4091.81005859375,2348320000
2014-04-29,4103.5400390625,4103.5400390625,4111.4501953125,4070.25,4089.510009765625,1911240000
2014-04-30,4114.56005859375,4114.56005859375,4116.14013671875,4070.6298828125,4085.18994140625,2151400000
2014-05-01,4127.4501953125,4127.4501953125,4149.56005859375,4105.60986328125,4121.25,2077040000
2014-05-02,4123.89990234375,4123.89990234375,4145.06005859375,4115.89013671875,4138.6298828125,1844790000
2014-05-05,4138.06005859375,4138.06005859375,4138.33984375,4086.35009765625,4099.25,1561170000
2014-05-06,4080.760009765625,4080.760009765625,4132.4599609375,4080.760009765625,4128.22021484375,1850610000
2014-05-07,4067.669921875,4067.669921875,4091.030029296875,4021.050048828125,4085.489990234375,2486030000
2014-05-08,4051.5,4051.5,4109.2001953125,4039.909912109375,4053.280029296875,2411940000
2014-05-09,4071.8701171875,4071.8701171875,4071.8701171875,4025.239990234375,4043.43994140625,1976160000
2014-05-12,4143.85986328125,4143.85986328125,4146.5400390625,4092.090087890625,4092.840087890625,1880020000
2014-05-13,4130.169921875,4130.169921875,4155.1298828125,4128.009765625,4144.89990234375,1923480000
2014-05-14,4100.6298828125,4100.6298828125,4132.330078125,4093.830078125,4122.080078125,1764430000
2014-05-15,4069.2900390625,4069.2900390625,4098.25,4035.9599609375,4096.52978515625,2083030000
2014-05-16,4090.590087890625,4090.590087890625,4091.159912109375,4044.27001953125,4070.35009765625,1741070000
2014-05-19,4125.81005859375,4125.81005859375,4128.47021484375,4075.699951171875,4080.330078125,1601400000
2014-05-20,4096.89013671875,4096.89013671875,4124.85986328125,4080.610107421875,4121.10986328125,1797910000
2014-05-21,4131.5400390625,4131.5400390625,4133.60986328125,4103.60986328125,4105.9599609375,1703500000
2014-05-22,4154.33984375,4154.33984375,4164.85009765625,4131.47021484375,4136.08984375,1835810000
2014-05-23,4185.81005859375,4185.81005859375,4186.580078125,4148.2998046875,4159.77978515625,1536610000
2014-05-27,4237.06982421875,4237.06982421875,4237.06982421875,4204.72021484375,4206.43994140625,1812330000
2014-05-28,4225.080078125,4225.080078125,4238.169921875,4216.89013671875,4234.9599609375,1785140000
2014-05-29,4247.9501953125,4247.9501953125,4247.9501953125,4228.9599609375,4238.0400390625,1714000000
2014-05-30,4242.6201171875,4242.6201171875,4252.080078125,4221.9501953125,4251.490234375,1903660000
2014-06-02,4237.2001953125,4237.2001953125,4247.9599609375,4207.60986328125,4247.9599609375,1631310000
2014-06-03,4234.080078125,4234.080078125,4240.35009765625,4215.7998046875,4222.0400390625,1718640000
2014-06-04,4251.64013671875,4251.64013671875,4256.18994140625,4216.22998046875,4222.2099609375,1610090000
2014-06-05,4296.22998046875,4296.22998046875,4299.5,4241.68017578125,4259.1201171875,1926750000
2014-06-06,4321.39990234375,4321.39990234375,4322.509765625,4305.740234375,4312.759765625,1616650000
2014-06-09,4336.240234375,4336.240234375,4346.740234375,4320.27978515625,4324.35009765625,1783060000
2014-06-10,4338.0,4338.0,4338.8701171875,4319.93017578125,4329.2001953125,1787120000
2014-06-11,4331.93017578125,4331.93017578125,4338.2099609375,4315.490234375,4322.919921875,1778460000
2014-06-12,4297.6298828125,4297.6298828125,4328.35009765625,4284.52978515625,4323.10986328125,1908190000
2014-06-13,4310.64990234375,4310.64990234375,4317.669921875,4288.41015625,4315.31005859375,1754560000
2014-06-16,4321.10009765625,4321.10009765625,4326.89013671875,4296.259765625,4303.93017578125,1675120000
2014-06-17,4337.22998046875,4337.22998046875,4346.1201171875,4311.14990234375,4316.009765625,1814360000
2014-06-18,4362.83984375,4362.83984375,4365.10009765625,4320.5400390625,4341.18017578125,1860660000
2014-06-19,4359.330078125,4359.330078125,4372.18017578125,4339.60986328125,4370.14013671875,1845460000
2014-06-20,4368.0400390625,4368.0400390625,4368.7998046875,4354.02978515625,4365.3701171875,2721380000
2014-06-23,4368.68017578125,4368.68017578125,4371.81005859375,4358.68017578125,4368.9599609375,1712930000
2014-06-24,4350.35009765625,4350.35009765625,4399.8701171875,4342.89990234375,4367.89990234375,2014700000
2014-06-25,4379.759765625,4379.759765625,4383.5498046875,4339.41015625,4341.81982421875,1722820000
2014-06-26,4379.0498046875,4379.0498046875,4379.7998046875,4347.4501953125,4379.43994140625,1554070000
2014-06-27,4397.93017578125,4397.93017578125,4398.85009765625,4371.60009765625,4371.7998046875,3964930000
2014-06-30,4408.18017578125,4408.18017578125,4417.4599609375,4396.58984375,4398.3701171875,1848110000
2014-07-01,4458.64990234375,4458.64990234375,4471.60009765625,4424.43017578125,4424.7099609375,1942550000
2014-07-02,4457.72998046875,4457.72998046875,4466.919921875,4450.8701171875,4457.85986328125,1599480000
2014-07-03,4485.93017578125,4485.93017578125,4485.93017578125,4463.85009765625,4472.89013671875,1001730000
2014-07-07,4451.52978515625,4451.52978515625,4478.02001953125,4447.60009765625,4477.740234375,1691390000
2014-07-08,4391.4599609375,4391.4599609375,4443.56005859375,4372.0400390625,4442.8701171875,2221820000
2014-07-09,4419.02978515625,4419.02978515625,4421.93017578125,4388.009765625,4403.02978515625,1736960000
2014-07-10,4396.2001953125,4396.2001953125,4415.85009765625,4351.0400390625,4352.0400390625,1682920000
2014-07-11,4415.490234375,4415.490234375,4417.16015625,4389.2900390625,4401.0498046875,1511250000
2014-07-14,4440.419921875,4440.419921875,4451.60009765625,4432.9501953125,4441.39013671875,1579660000
2014-07-15,4416.39013671875,4416.39013671875,4451.93017578125,4389.7001953125,4444.91015625,1772030000
2014-07-16,4425.97021484375,4425.97021484375,4448.8701171875,4419.7099609375,4446.169921875,2059340000
2014-07-17,4363.4501953125,4363.4501953125,4425.3798828125,4352.22998046875,4411.52001953125,2055240000
2014-07-18,4432.14990234375,4432.14990234375,4434.43994140625,4378.22021484375,4379.93994140625,1823580000
2014-07-21,4424.7001953125,4424.7001953125,4432.419921875,4404.509765625,4421.2001953125,1557820000
2014-07-22,4456.02001953125,4456.02001953125,4464.1298828125,4443.35009765625,4444.93994140625,1724440000
2014-07-23,4473.7001953125,4473.7001953125,4480.72998046875,4457.9501953125,4468.16015625,1909810000
2014-07-24,4472.10986328125,4472.10986328125,4485.5,4465.93994140625,4481.60986328125,1935090000
2014-07-25,4449.56005859375,4449.56005859375,4457.9501953125,4430.43017578125,4448.06005859375,1711430000
2014-07-28,4444.91015625,4444.91015625,4455.39013671875,4413.919921875,4451.1201171875,1783250000
2014-07-29,4442.7001953125,4442.7001953125,4470.97021484375,4441.02978515625,4456.06982421875,2090810000
2014-07-30,4462.89990234375,4462.89990234375,4476.06005859375,4444.509765625,4468.43994140625,1872430000
2014-07-31,4369.77001953125,4369.77001953125,4430.7998046875,4367.14990234375,4421.2900390625,2273380000
2014-08-01,4352.64013671875,4352.64013671875,4385.0498046875,4324.02001953125,4363.39013671875,2050340000
2014-08-04,4383.89013671875,4383.89013671875,4395.3798828125,4343.02978515625,4365.6201171875,1677400000
2014-08-05,4352.83984375,4352.83984375,4383.02001953125,4333.580078125,4364.58984375,1916180000
2014-08-06,4355.0498046875,4355.0498046875,4378.990234375,4325.0400390625,4326.27978515625,1819310000
2014-08-07,4334.97021484375,4334.97021484375,4379.7001953125,4321.89013671875,4373.25,1866330000
2014-08-08,4370.89990234375,4370.89990234375,4373.1201171875,4327.8701171875,4340.8798828125,1759060000
2014-08-11,4401.330078125,4401.330078125,4415.77978515625,4384.14990234375,4387.3798828125,1537880000
2014-08-12,4389.25,4389.25,4407.080078125,4371.83984375,4394.68994140625,1560220000
2014-08-13,4434.1298828125,4434.1298828125,4434.31005859375,4403.64013671875,4407.8701171875,1611690000
2014-08-14,4453.0,4453.0,4453.0,4433.93994140625,4438.1298828125,1549820000
2014-08-15,4464.93017578125,4464.93017578125,4482.47021484375,4427.1298828125,4479.64013671875,1799460000
2014-08-18,4508.31005859375,4508.31005859375,4509.16015625,4486.43994140625,4490.52978515625,1571100000
2014-08-19,4527.509765625,4527.509765625,4528.91015625,4513.919921875,4514.259765625,1556560000
2014-08-20,4526.47998046875,4526.47998046875,4533.009765625,4515.72998046875,4517.75,1502290000
2014-08-21,4532.10009765625,4532.10009765625,4534.0,4513.81005859375,4526.72021484375,1421730000
2014-08-22,4538.5498046875,4538.5498046875,4547.240234375,4521.77001953125,4534.8701171875,1311810000
2014-08-25,4557.35009765625,4557.35009765625,4571.14013671875,4547.77978515625,4563.72021484375,1384620000
2014-08-26,4570.64013671875,4570.64013671875,4575.58984375,4556.77978515625,4563.81005859375,1469620000
2014-08-27,4569.6201171875,4569.6201171875,4575.81005859375,4561.83984375,4574.35009765625,1389470000
2014-08-28,4557.7001953125,4557.7001953125,4565.9599609375,4546.6201171875,4552.5498046875,1309580000
2014-08-29,4580.27001953125,4580.27001953125,4580.27001953125,4553.77978515625,4571.759765625,1352830000
2014-09-02,4598.18994140625,4598.18994140625,4598.64013671875,4576.81005859375,4592.419921875,1859080000
2014-09-03,4572.56005859375,4572.56005859375,4610.14013671875,4565.3798828125,4610.14013671875,1897450000
2014-09-04,4562.2900390625,4562.2900390625,4603.14990234375,4553.31005859375,4581.52001953125,1728700000
2014-09-05,4582.89990234375,4582.89990234375,4583.0,4542.740234375,4560.6298828125,1641830000
2014-09-08,4592.2900390625,4592.2900390625,4600.39990234375,4570.22998046875,4579.06005859375,1670210000
2014-09-09,4552.2900390625,4552.2900390625,4599.02978515625,4544.43994140625,4588.830078125,1956550000
2014-09-10,4586.52001953125,4586.52001953125,4587.10009765625,4544.83984375,4554.14990234375,1808650000
2014-09-11,4591.81005859375,4591.81005859375,4591.81005859375,4559.75,4567.64013671875,1704850000
2014-09-12,4567.60009765625,4567.60009765625,4590.080078125,4555.68017578125,4588.77001953125,1784170000
2014-09-15,4518.89990234375,4518.89990234375,4567.47021484375,4506.72998046875,4567.4501953125,1940520000
2014-09-16,4552.759765625,4552.759765625,4558.240234375,4499.8701171875,4502.10986328125,1879350000
2014-09-17,4562.18994140625,4562.18994140625,4582.39990234375,4539.35986328125,4553.9599609375,1796710000
2014-09-18,4593.43017578125,4593.43017578125,4593.97998046875,4572.6201171875,4575.740234375,1774840000
2014-09-19,4579.7900390625,4579.7900390625,4610.56982421875,4563.43994140625,4606.1298828125,3178490000
2014-09-22,4527.68994140625,4527.68994140625,4568.8701171875,4513.1201171875,4568.4501953125,1881520000
2014-09-23,4508.68994140625,4508.68994140625,4536.02978515625,4508.419921875,4511.31982421875,1847730000
2014-09-24,4555.22021484375,4555.22021484375,4557.27001953125,4500.1298828125,4514.919921875,1765260000
2014-09-25,4466.75,4466.75,4546.93017578125,4466.64013671875,4540.81982421875,1939610000
2014-09-26,4512.18994140625,4512.18994140625,4515.75,4475.47998046875,4476.47998046875,1637480000
2014-09-29,4505.85009765625,4505.85009765625,4515.240234375,4464.43994140625,4465.83984375,1737750000
2014-09-30,4493.39013671875,4493.39013671875,4522.06005859375,4483.91015625,4512.64013671875,2200380000
2014-10-01,4422.08984375,4422.08984375,4486.7900390625,4409.2998046875,4486.64990234375,2312630000
2014-10-02,4430.2001953125,4430.2001953125,4441.9501953125,4367.740234375,4421.25,2165500000
2014-10-03,4475.6201171875,4475.6201171875,4488.06982421875,4445.72021484375,4456.81005859375,1777640000
2014-10-06,4454.7998046875,4454.7998046875,4496.259765625,4444.10009765625,4492.39990234375,1828240000
2014-10-07,4385.2001953125,4385.2001953125,4441.759765625,4385.14990234375,4433.91015625,2111360000
2014-10-08,4468.58984375,4468.58984375,4473.72998046875,4355.33984375,4385.7001953125,2451630000
2014-10-09,4378.33984375,4378.33984375,4464.1298828125,4377.27978515625,4458.2900390625,2264220000
2014-10-10,4276.240234375,4276.240234375,4380.509765625,4276.240234375,4354.6298828125,2765750000
2014-10-13,4213.66015625,4213.66015625,4303.81982421875,4212.8701171875,4274.91015625,2467830000
2014-10-14,4227.169921875,4227.169921875,4281.33984375,4212.81982421875,4246.22998046875,2496120000
2014-10-15,4215.31982421875,4215.31982421875,4231.5400390625,4116.60009765625,4154.10009765625,3058740000
2014-10-16,4217.39013671875,4217.39013671875,4246.009765625,4131.64990234375,4133.25,2591940000
2014-10-17,4258.43994140625,4258.43994140625,4296.10986328125,4241.669921875,4275.08984375,2260070000
2014-10-20,4316.06982421875,4316.06982421875,4316.8701171875,4248.22021484375,4254.16015625,1717370000
2014-10-21,4419.47998046875,4419.47998046875,4419.47998046875,4356.10009765625,4359.169921875,1997580000
2014-10-22,4382.85009765625,4382.85009765625,4435.85986328125,4381.27978515625,4429.16015625,1967020000
2014-10-23,4452.7900390625,4452.7900390625,4475.5498046875,4421.56005859375,4427.43994140625,1952380000
2014-10-24,4483.72021484375,4483.72021484375,4486.259765625,4445.85009765625,4459.4599609375,1754300000
2014-10-27,4485.93017578125,4485.93017578125,4489.60009765625,4450.2900390625,4469.02001953125,1585580000
2014-10-28,4564.2900390625,4564.2900390625,4564.2900390625,4505.10986328125,4505.72998046875,1966920000
2014-10-29,4549.22998046875,4549.22998046875,4564.43994140625,4517.02001953125,4551.3701171875,2184050000
2014-10-30,4566.14013671875,4566.14013671875,4575.5,4521.7900390625,4532.10009765625,2034960000
2014-10-31,4630.740234375,4630.740234375,4641.509765625,4616.580078125,4639.4501953125,2424360000
2014-11-03,4638.91015625,4638.91015625,4654.18994140625,4627.419921875,4633.7099609375,2033000000
2014-11-04,4623.64013671875,4623.64013671875,4635.9501953125,4594.919921875,4623.77001953125,1939320000
2014-11-05,4620.72021484375,4620.72021484375,4650.39013671875,4607.72998046875,4649.47021484375,2001870000
2014-11-06,4638.47021484375,4638.47021484375,4639.169921875,4604.759765625,4616.77978515625,1986820000
2014-11-07,4632.52978515625,4632.52978515625,4638.7998046875,4606.81005859375,4636.89013671875,1978830000
2014-11-10,4651.6201171875,4651.6201171875,4653.3798828125,4626.490234375,4635.10009765625,1830010000
2014-11-11,4660.56005859375,4660.56005859375,4661.22998046875,4640.240234375,4649.18994140625,1663690000
2014-11-12,4675.14013671875,4675.14013671875,4678.580078125,4643.77978515625,4644.6298828125,1773060000
2014-11-13,4680.14013671875,4680.14013671875,4703.10009765625,4664.27001953125,4681.56005859375,1857580000
2014-11-14,4688.5400390625,4688.5400390625,4688.740234375,4664.31005859375,4679.85009765625,1739950000
2014-11-17,4671.0,4671.0,4689.52978515625,4655.2001953125,4678.43994140625,1695070000
2014-11-18,4702.43994140625,4702.43994140625,4709.830078125,4674.2998046875,4674.83984375,1655760000
2014-11-19,4675.7099609375,4675.7099609375,4696.2001953125,4655.72021484375,4694.77978515625,1641560000
2014-11-20,4701.8701171875,4701.8701171875,4702.97021484375,4653.330078125,4655.2001953125,1667330000
2014-11-21,4712.97021484375,4712.97021484375,4751.60009765625,4700.72998046875,4751.009765625,1854340000
2014-11-24,4754.89013671875,4754.89013671875,4755.02001953125,4723.6201171875,4725.169921875,1568130000
2014-11-25,4758.25,4758.25,4774.52001953125,4749.919921875,4762.39013671875,1720140000
2014-11-26,4787.31982421875,4787.31982421875,4788.0,4757.47998046875,4760.22998046875,1362930000
2014-11-28,4791.6298828125,4791.6298828125,4810.85986328125,4786.72021484375,4797.10009765625,998600000
2014-12-01,4727.35009765625,4727.35009765625,4782.06982421875,4724.6201171875,4777.72998046875,1893600000
2014-12-02,4755.81005859375,4755.81005859375,4761.6298828125,4729.759765625,4732.97021484375,1839170000
2014-12-03,4774.47021484375,4774.47021484375,4781.3701171875,4745.14013671875,4761.31005859375,1734510000
2014-12-04,4769.43994140625,4769.43994140625,4785.41015625,4753.7099609375,4772.0,1724090000
2014-12-05,4780.759765625,4780.759765625,4788.97998046875,4769.64013671875,4776.580078125,1767100000
2014-12-08,4740.68994140625,4740.68994140625,4793.240234375,4722.91015625,4769.759765625,1966770000
2014-12-09,4766.47021484375,4766.47021484375,4768.41015625,4674.3798828125,4685.2001953125,1950330000
2014-12-10,4684.02001953125,4684.02001953125,4766.64013671875,4679.25,4754.419921875,1850810000
2014-12-11,4708.16015625,4708.16015625,4759.8798828125,4699.43017578125,4704.64990234375,1873050000
2014-12-12,4653.60009765625,4653.60009765625,4707.919921875,4653.60009765625,4665.35009765625,1888870000
2014-12-15,4605.16015625,4605.16015625,4690.580078125,4592.43017578125,4679.669921875,2143610000
2014-12-16,4547.830078125,4547.830078125,4645.18994140625,4547.31005859375,4572.7900390625,2231670000
2014-12-17,4644.31005859375,4644.31005859375,4651.89990234375,4550.7001953125,4556.89990234375,2279930000
2014-12-18,4748.39990234375,4748.39990234375,4748.39990234375,4697.08984375,4712.39013671875,2172260000
2014-12-19,4765.3798828125,4765.3798828125,4782.1298828125,4738.2900390625,4752.60009765625,3287920000
2014-12-22,4781.419921875,4781.419921875,4781.93017578125,4757.7998046875,4759.0400390625,1720070000
2014-12-23,4765.419921875,4765.419921875,4798.06005859375,4761.39013671875,4798.02978515625,1590820000
2014-12-24,4773.47021484375,4773.47021484375,4787.56982421875,4768.669921875,4770.1201171875,729750000
2014-12-26,4806.85986328125,4806.85986328125,4814.9501953125,4787.85009765625,4788.06005859375,930220000
2014-12-29,4806.91015625,4806.91015625,4813.72021484375,4798.89990234375,4801.259765625,1227740000
2014-12-30,4777.43994140625,4777.43994140625,4803.89013671875,4772.8798828125,4793.60986328125,1269200000
2014-12-31,4736.0498046875,4736.0498046875,4806.43017578125,4734.10986328125,4790.52978515625,1515600000
2015-01-02,4726.81005859375,4726.81005859375,4777.009765625,4698.10986328125,4760.240234375,1435150000
2015-01-05,4652.56982421875,4652.56982421875,4702.77001953125,4641.4599609375,4700.33984375,1794470000
2015-01-06,4592.740234375,4592.740234375,4667.330078125,4567.58984375,4666.85009765625,2167320000
2015-01-07,4650.47021484375,4650.47021484375,4652.72021484375,4613.89990234375,4626.83984375,1957950000
2015-01-08,4736.18994140625,4736.18994140625,4741.3798828125,4688.02001953125,4689.5400390625,2105450000
2015-01-09,4704.06982421875,4704.06982421875,4744.7099609375,4681.240234375,4744.47021484375,1715830000
2015-01-12,4664.7099609375,4664.7099609375,4715.81005859375,4650.64990234375,4714.06982421875,1861960000
2015-01-13,4661.5,4661.5,4751.33984375,4624.27978515625,4708.740234375,2162180000
2015-01-14,4639.31982421875,4639.31982421875,4655.3701171875,4595.97998046875,4610.759765625,2073810000
2015-01-15,4570.81982421875,4570.81982421875,4663.9599609375,4567.39013671875,4657.4599609375,1976260000
2015-01-16,4634.3798828125,4634.3798828125,4635.81982421875,4563.10986328125,4566.3798828125,1970520000
2015-01-20,4654.85009765625,4654.85009765625,4665.64990234375,4601.10009765625,4655.83984375,1835040000
2015-01-21,4667.419921875,4667.419921875,4692.4599609375,4629.58984375,4641.9501953125,1847420000
2015-01-22,4750.39990234375,4750.39990234375,4752.60009765625,4644.56982421875,4690.93017578125,1996550000
2015-01-23,4757.8798828125,4757.8798828125,4771.18017578125,4737.9501953125,4748.18994140625,1653830000
2015-01-26,4771.759765625,4771.759765625,4774.18017578125,4734.2001953125,4752.35986328125,1717510000
2015-01-27,4681.5,4681.5,4721.8701171875,4659.830078125,4698.22998046875,1954160000
2015-01-28,4637.990234375,4637.990234375,4742.06005859375,4637.47998046875,4740.68994140625,2118680000
2015-01-29,4683.41015625,4683.41015625,4688.41015625,4601.759765625,4635.72998046875,2110710000
2015-01-30,4635.240234375,4635.240234375,4703.81005859375,4631.10009765625,4671.2099609375,2264230000
2015-02-02,4676.68994140625,4676.68994140625,4676.68994140625,4580.4599609375,4650.60009765625,2006450000
2015-02-03,4727.740234375,4727.740234375,4727.740234375,4670.81982421875,4693.25,2153520000
2015-02-04,4716.7001953125,4716.7001953125,4744.330078125,4697.7900390625,4699.81005859375,2212960000
2015-02-05,4765.10009765625,4765.10009765625,4767.3798828125,4722.7998046875,4729.64990234375,2036590000
2015-02-06,4744.39990234375,4744.39990234375,4787.18017578125,4731.22021484375,4768.83984375,2034060000
2015-02-09,4726.009765625,4726.009765625,4749.47021484375,4719.60986328125,4723.72998046875,1654680000
2015-02-10,4787.64013671875,4787.64013671875,4793.27001953125,4737.1201171875,4754.6298828125,1773730000
2015-02-11,4801.18017578125,4801.18017578125,4810.35986328125,4780.1298828125,4788.3701171875,1793630000
2015-02-12,4857.60986328125,4857.60986328125,4857.60986328125,4823.56982421875,4828.080078125,2075470000
2015-02-13,4893.83984375,4893.83984375,4893.83984375,4860.1201171875,4869.72998046875,1942240000
2015-02-17,4899.27001953125,4899.27001953125,4901.89013671875,4880.64013671875,4889.990234375,1751490000
2015-02-18,4906.35986328125,4906.35986328125,4907.5,4885.60009765625,4890.83984375,1684800000
2015-02-19,4924.7001953125,4924.7001953125,4929.52978515625,4900.6298828125,4901.509765625,1592890000
2015-02-20,4955.97021484375,4955.97021484375,4957.02001953125,4905.58984375,4919.77978515625,1761140000
2015-02-23,4960.97021484375,4960.97021484375,4960.97021484375,4939.56005859375,4953.10009765625,1754850000
2015-02-24,4968.1201171875,4968.1201171875,4971.18017578125,4945.14013671875,4956.2099609375,1834890000
2015-02-25,4967.14013671875,4967.14013671875,4984.240234375,4956.0,4960.35986328125,1848560000
2015-02-26,4987.89013671875,4987.89013671875,4989.10986328125,4955.509765625,4969.27001953125,1905550000
2015-02-27,4963.52978515625,4963.52978515625,4989.25,4960.8701171875,4985.02978515625,1955590000
2015-03-02,5008.10009765625,5008.10009765625,5008.56982421875,4972.009765625,4973.43017578125,1931110000
2015-03-03,4979.89990234375,4979.89990234375,4996.66015625,4956.06982421875,4990.7001953125,2018900000
2015-03-04,4967.14013671875,4967.14013671875,4973.31982421875,4938.89990234375,4961.240234375,1824830000
2015-03-05,4982.81005859375,4982.81005859375,4993.52001953125,4963.10009765625,4979.9501953125,1724200000
2015-03-06,4927.3701171875,4927.3701171875,4982.93017578125,4918.6298828125,4967.240234375,1918220000
2015-03-09,4942.43994140625,4942.43994140625,4950.47021484375,4920.81982421875,4936.080078125,1696510000
2015-03-10,4859.7900390625,4859.7900390625,4903.43994140625,4859.7900390625,4899.509765625,1876010000
2015-03-11,4849.93994140625,4849.93994140625,4876.08984375,4846.7900390625,4866.93994140625,1846020000
2015-03-12,4893.2900390625,4893.2900390625,4895.7998046875,4853.2001953125,4853.97998046875,1855110000
2015-03-13,4871.759765625,4871.759765625,4904.47021484375,4842.7998046875,4885.5400390625,1851410000
2015-03-16,4929.509765625,4929.509765625,4929.93994140625,4889.08984375,4897.27001953125,1713480000
2015-03-17,4937.43017578125,4937.43017578125,4944.91015625,4907.02001953125,4912.64990234375,1724370000
2015-03-18,4982.830078125,4982.830078125,5001.56982421875,4907.72021484375,4926.830078125,1983570000
2015-03-19,4992.3798828125,4992.3798828125,5000.02001953125,4979.93994140625,4982.02001953125,1674970000
2015-03-20,5026.419921875,5026.419921875,5042.14013671875,5020.06982421875,5033.47021484375,2825670000
2015-03-23,5010.97021484375,5010.97021484375,5031.39013671875,5010.97021484375,5020.60009765625,1608880000
2015-03-24,4994.72998046875,4994.72998046875,5032.47998046875,4994.56005859375,5010.10009765625,1611670000
2015-03-25,4876.52001953125,4876.52001953125,5006.759765625,4876.52001953125,5002.830078125,2219520000
2015-03-26,4863.35986328125,4863.35986328125,4889.2099609375,4825.93017578125,4835.7099609375,2004960000
2015-03-27,4891.22021484375,4891.22021484375,4899.259765625,4859.66015625,4863.740234375,1678650000
2015-03-30,4947.43994140625,4947.43994140625,4948.4599609375,4921.1201171875,4921.77978515625,1778520000
2015-03-31,4900.8798828125,4900.8798828125,4940.8701171875,4899.31005859375,4925.91015625,1837660000
2015-04-01,4880.22998046875,4880.22998046875,4899.3798828125,4844.39013671875,4894.35986328125,1874960000
2015-04-02,4886.93994140625,4886.93994140625,4901.330078125,4872.9599609375,4885.41015625,1563670000
2015-04-06,4917.31982421875,4917.31982421875,4929.6201171875,4852.91015625,4855.93994140625,1737560000
2015-04-07,4910.22998046875,4910.22998046875,4948.8798828125,4909.77001953125,4917.5,1572940000
2015-04-08,4950.81982421875,4950.81982421875,4956.72021484375,4914.14990234375,4914.14990234375,1714210000
2015-04-09,4974.56005859375,4974.56005859375,4975.93017578125,4928.10986328125,4950.83984375,1729750000
2015-04-10,4995.97998046875,4995.97998046875,4996.080078125,4970.02001953125,4977.02978515625,1494240000
2015-04-13,4988.25,4988.25,5024.25,4985.9599609375,5001.5498046875,1544190000
2015-04-14,4977.2900390625,4977.2900390625,4996.81982421875,4952.009765625,4988.81982421875,1571360000
2015-04-15,5011.02001953125,5011.02001953125,5021.18994140625,4989.240234375,4992.6201171875,1795530000
2015-04-16,5007.7900390625,5007.7900390625,5016.0,4996.0,4999.35986328125,1662850000
2015-04-17,4931.81005859375,4931.81005859375,4974.08984375,4912.330078125,4966.10986328125,1985190000
2015-04-20,4994.60009765625,4994.60009765625,5000.2001953125,4952.68017578125,4958.06982421875,1646340000
2015-04-21,5014.10009765625,5014.10009765625,5028.22021484375,5009.509765625,5023.9599609375,1721260000
2015-04-22,5035.169921875,5035.169921875,5040.64990234375,4992.6201171875,5026.56982421875,1696380000
2015-04-23,5056.06005859375,5056.06005859375,5073.08984375,5019.2900390625,5020.22021484375,1858620000
2015-04-24,5092.080078125,5092.080078125,5100.3701171875,5081.2099609375,5096.33984375,1895150000
2015-04-27,5060.25,5060.25,5119.830078125,5053.5400390625,5104.35986328125,2172470000
2015-04-28,5055.419921875,5055.419921875,5075.2998046875,5006.27978515625,5063.259765625,2032500000
2015-04-29,5023.64013671875,5023.64013671875,5053.83984375,4999.830078125,5028.4501953125,1871300000
2015-04-30,4941.419921875,4941.419921875,5015.9599609375,4921.5498046875,4996.990234375,2269290000
2015-05-01,5005.39013671875,5005.39013671875,5005.39013671875,4962.740234375,4966.31982421875,1854400000
2015-05-04,5016.93017578125,5016.93017578125,5043.6201171875,5013.02001953125,5018.35009765625,1668200000
2015-05-05,4939.330078125,4939.330078125,5008.27001953125,4934.33984375,5000.2001953125,2069490000
2015-05-06,4919.64013671875,4919.64013671875,4965.10009765625,4888.169921875,4956.7001953125,2144620000
2015-05-07,4945.5400390625,4945.5400390625,4957.1201171875,4914.52978515625,4917.75,2042960000
2015-05-08,5003.5498046875,5003.5498046875,5014.330078125,4989.259765625,4991.6298828125,1978760000
2015-05-11,4993.56982421875,4993.56982421875,5017.3798828125,4992.02001953125,5003.259765625,1731390000
2015-05-12,4976.18994140625,4976.18994140625,4995.5,4931.60009765625,4966.43994140625,1705870000
2015-05-13,4981.68994140625,4981.68994140625,5012.97021484375,4977.490234375,4991.419921875,1672260000
2015-05-14,5050.7998046875,5050.7998046875,5051.72021484375,4999.64990234375,5016.68017578125,1741970000
2015-05-15,5048.2900390625,5048.2900390625,5062.64990234375,5034.83984375,5059.14990234375,1667260000
2015-05-18,5078.43994140625,5078.43994140625,5084.5,5037.5400390625,5040.919921875,1643870000
2015-05-19,5070.02978515625,5070.02978515625,5087.35009765625,5062.7998046875,5080.43994140625,1750980000
2015-05-20,5071.740234375,5071.740234375,5097.52001953125,5050.2099609375,5072.43994140625,1786830000
2015-05-21,5090.7900390625,5090.7900390625,5098.22998046875,5062.509765625,5065.93994140625,1683670000
2015-05-22,5089.35986328125,5089.35986328125,5103.83984375,5085.18994140625,5085.39013671875,1544920000
2015-05-26,5032.75,5032.75,5081.169921875,5016.740234375,5076.91015625,1731950000
2015-05-27,5106.58984375,5106.58984375,5111.5400390625,5039.3701171875,5047.85986328125,1809550000
2015-05-28,5097.97998046875,5097.97998046875,5106.64990234375,5080.25,5096.33984375,1741420000
2015-05-29,5070.02978515625,5070.02978515625,5099.39990234375,5057.58984375,5093.10009765625,2024170000
2015-06-01,5082.93017578125,5082.93017578125,5099.009765625,5045.669921875,5094.93994140625,1902120000
2015-06-02,5076.52001953125,5076.52001953125,5100.02001953125,5047.35009765625,5063.47021484375,1729750000
2015-06-03,5099.22998046875,5099.22998046875,5114.60009765625,5084.990234375,5098.47998046875,1852680000
2015-06-04,5059.1201171875,5059.1201171875,5101.10986328125,5046.2900390625,5078.22021484375,1813960000
2015-06-05,5068.4599609375,5068.4599609375,5074.97998046875,5025.52001953125,5057.0400390625,1842890000
2015-06-08,5021.6298828125,5021.6298828125,5069.0,5014.06005859375,5066.64990234375,1712210000
2015-06-09,5013.8701171875,5013.8701171875,5027.02001953125,4974.6201171875,5013.1298828125,1754340000
2015-06-10,5076.68994140625,5076.68994140625,5086.66015625,5024.169921875,5029.41015625,1792980000
2015-06-11,5082.509765625,5082.509765625,5101.39013671875,5075.0498046875,5088.259765625,1623950000
2015-06-12,5051.10009765625,5051.10009765625,5067.9599609375,5043.240234375,5060.240234375,1428900000
2015-06-15,5029.97021484375,5029.97021484375,5035.3701171875,4985.93994140625,5011.7900390625,1790280000
2015-06-16,5055.5498046875,5055.5498046875,5063.06005859375,5022.56005859375,5023.580078125,1654820000
2015-06-17,5064.8798828125,5064.8798828125,5080.10986328125,5042.25,5067.68017578125,1712820000
2015-06-18,5132.9501953125,5132.9501953125,5143.31982421875,5082.02978515625,5082.06005859375,1877920000
2015-06-19,5117.0,5117.0,5140.169921875,5113.93994140625,5139.77001953125,2468310000
2015-06-22,5153.97021484375,5153.97021484375,5162.1298828125,5142.77978515625,5147.8701171875,1619970000
2015-06-23,5160.08984375,5160.08984375,5163.41015625,5139.330078125,5161.68017578125,1613540000
2015-06-24,5122.41015625,5122.41015625,5164.35986328125,5121.64013671875,5151.3798828125,1628800000
2015-06-25,5112.18994140625,5112.18994140625,5141.7099609375,5102.16015625,5139.47998046875,1614760000
2015-06-26,5080.509765625,5080.509765625,5121.47021484375,5060.81982421875,5113.259765625,3843810000
2015-06-29,4958.47021484375,4958.47021484375,5051.009765625,4956.22998046875,5021.2099609375,2025580000
2015-06-30,4986.8701171875,4986.8701171875,5008.759765625,4968.259765625,5000.14990234375,2034430000
2015-07-01,5013.1201171875,5013.1201171875,5038.5498046875,4994.4599609375,5029.0498046875,1814560000
2015-07-02,5009.2099609375,5009.2099609375,5027.47021484375,4990.740234375,5024.2998046875,1490810000
2015-07-06,4991.93994140625,4991.93994140625,5020.7099609375,4960.93017578125,4963.7998046875,1741500000
2015-07-07,4997.4599609375,4997.4599609375,5001.990234375,4902.2099609375,4993.759765625,2132080000
2015-07-08,4909.759765625,4909.759765625,4965.4501953125,4901.509765625,4953.97998046875,1931520000
2015-07-09,4922.39990234375,4922.39990234375,4982.18994140625,4920.39990234375,4976.14990234375,1861600000
2015-07-10,4997.7001953125,4997.7001953125,5008.0498046875,4966.509765625,4981.240234375,1590230000
2015-07-13,5071.509765625,5071.509765625,5074.81005859375,5036.68017578125,5037.27001953125,1694140000
2015-07-14,5104.89013671875,5104.89013671875,5116.52001953125,5075.1201171875,5077.1201171875,1682660000
2015-07-15,5098.93994140625,5098.93994140625,5125.31982421875,5088.1201171875,5111.10986328125,1691350000
2015-07-16,5163.18017578125,5163.18017578125,5163.18017578125,5128.56005859375,5138.18017578125,1823530000
2015-07-17,5210.14013671875,5210.14013671875,5210.16015625,5183.22998046875,5196.10986328125,1854450000
2015-07-20,5218.85986328125,5218.85986328125,5231.93994140625,5201.490234375,5223.18017578125,1814180000
2015-07-21,5208.1201171875,5208.1201171875,5229.0,5196.2998046875,5219.2001953125,1774570000
2015-07-22,5171.77001953125,5171.77001953125,5184.740234375,5145.77978515625,5146.02978515625,2035730000
2015-07-23,5146.41015625,5146.41015625,5197.0,5137.64013671875,5180.330078125,2003310000
2015-07-24,5088.6298828125,5088.6298828125,5167.5400390625,5084.509765625,5166.91015625,2004380000
2015-07-27,5039.77978515625,5039.77978515625,5072.8798828125,5032.68994140625,5055.919921875,1942520000
2015-07-28,5089.2099609375,5089.2099609375,5097.68994140625,5025.60986328125,5063.43994140625,2025110000
2015-07-29,5111.72998046875,5111.72998046875,5117.83984375,5080.0400390625,5097.85986328125,1890350000
2015-07-30,5128.77978515625,5128.77978515625,5135.64990234375,5070.6201171875,5100.2998046875,1908480000
2015-07-31,5128.27978515625,5128.27978515625,5155.02001953125,5122.3701171875,5148.18017578125,1926360000
2015-08-03,5115.3798828125,5115.3798828125,5143.080078125,5082.31982421875,5134.33984375,1790080000
2015-08-04,5105.5498046875,5105.5498046875,5125.89990234375,5092.4599609375,5110.9599609375,1819700000
2015-08-05,5139.93994140625,5139.93994140625,5175.259765625,5131.85986328125,5132.77001953125,2041490000
2015-08-06,5056.43994140625,5056.43994140625,5149.93017578125,5035.41015625,5146.6298828125,2290950000
2015-08-07,5043.5400390625,5043.5400390625,5055.56005859375,5006.14990234375,5043.97021484375,2008360000
2015-08-10,5101.7998046875,5101.7998046875,5112.47021484375,5081.10986328125,5081.72021484375,1784930000
2015-08-11,5036.7900390625,5036.7900390625,5089.330078125,5013.4501953125,5069.16015625,1912340000
2015-08-12,5044.39013671875,5044.39013671875,5055.75,4945.7900390625,4994.52001953125,2089460000
2015-08-13,5033.56005859375,5033.56005859375,5071.4599609375,5029.60986328125,5050.93994140625,1632340000
2015-08-14,5048.240234375,5048.240234375,5051.89013671875,5012.60986328125,5025.919921875,1487630000
2015-08-17,5091.7001953125,5091.7001953125,5092.68994140625,5022.419921875,5032.33984375,1510790000
2015-08-18,5059.35009765625,5059.35009765625,5085.14013671875,5054.97021484375,5082.169921875,1501540000
2015-08-19,5019.0498046875,5019.0498046875,5060.93017578125,4992.85009765625,5039.02978515625,1785420000
2015-08-20,4877.490234375,4877.490234375,4986.509765625,4877.490234375,4973.490234375,2087000000
2015-08-21,4706.0400390625,4706.0400390625,4856.75,4706.0400390625,4801.0400390625,2768540000
2015-08-24,4526.25,4526.25,4694.89990234375,4292.14013671875,4351.60986328125,3508840000
2015-08-25,4506.490234375,4506.490234375,4689.5400390625,4506.10009765625,4687.27001953125,2612800000
2015-08-26,4697.5400390625,4697.5400390625,4703.97021484375,4530.02978515625,4633.509765625,2631660000
2015-08-27,4812.7099609375,4812.7099609375,4818.7099609375,4721.7900390625,4761.0498046875,2368880000
2015-08-28,4828.31982421875,4828.31982421875,4836.77978515625,4788.3798828125,4792.10986328125,1936540000
2015-08-31,4776.509765625,4776.509765625,4824.60986328125,4763.419921875,4798.68017578125,1839010000
2015-09-01,4636.10009765625,4636.10009765625,4722.1298828125,4614.91015625,4673.60986328125,2253750000
2015-09-02,4749.97998046875,4749.97998046875,4749.97998046875,4659.41015625,4704.419921875,1929080000
2015-09-03,4733.5,4733.5,4800.18017578125,4721.91015625,4763.10009765625,1803320000
2015-09-04,4683.919921875,4683.919921875,4712.669921875,4657.81982421875,4670.35009765625,1574720000
2015-09-08,4811.93017578125,4811.93017578125,4815.0400390625,4754.89013671875,4769.72021484375,1765600000
2015-09-09,4756.52978515625,4756.52978515625,4862.8798828125,4746.72998046875,4856.27001953125,1963750000
2015-09-10,4796.25,4796.25,4826.330078125,4746.52001953125,4749.9599609375,1845770000
2015-09-11,4822.33984375,4822.33984375,4822.33984375,4763.14990234375,4770.72998046875,1686190000
2015-09-14,4805.759765625,4805.759765625,4832.0,4791.080078125,4831.97998046875,1467740000
2015-09-15,4860.52001953125,4860.52001953125,4872.35009765625,4802.08984375,4819.31982421875,1587460000
2015-09-16,4889.240234375,4889.240234375,4893.43994140625,4848.14990234375,4860.43017578125,1666380000
2015-09-17,4893.9501953125,4893.9501953125,4960.8701171875,4880.5,4884.10986328125,1891510000
2015-09-18,4827.22998046875,4827.22998046875,4878.7099609375,4819.08984375,4828.7099609375,3272150000
2015-09-21,4828.9501953125,4828.9501953125,4881.4599609375,4795.91015625,4851.97998046875,2021530000
2015-09-22,4756.72021484375,4756.72021484375,4776.27978515625,4716.91015625,4762.2900390625,2042880000
2015-09-23,4752.740234375,4752.740234375,4780.64013671875,4735.1298828125,4764.68994140625,1606330000
2015-09-24,4734.47998046875,4734.47998046875,4746.2099609375,4670.1201171875,4717.89013671875,1995820000
2015-09-25,4686.5,4686.5,4785.22021484375,4659.47998046875,4782.41015625,2050530000
2015-09-28,4543.97021484375,4543.97021484375,4665.2099609375,4529.41015625,4665.06005859375,2387610000
2015-09-29,4517.31982421875,4517.31982421875,4596.06005859375,4487.06005859375,4551.0400390625,2293450000
2015-09-30,4620.16015625,4620.16015625,4620.16015625,4559.18017578125,4574.3798828125,2398350000
2015-10-01,4627.080078125,4627.080078125,4628.22998046875,4559.2099609375,4624.4599609375,2133990000
2015-10-02,4707.77978515625,4707.77978515625,4707.77978515625,4552.33984375,4566.1298828125,2183320000
2015-10-05,4781.259765625,4781.259765625,4785.91015625,4740.240234375,4742.1298828125,2005320000
2015-10-06,4748.35986328125,4748.35986328125,4783.3701171875,4711.7900390625,4767.6298828125,2085020000
2015-10-07,4791.14990234375,4791.14990234375,4791.14990234375,4728.7099609375,4775.0498046875,2149890000
2015-10-08,4810.7900390625,4810.7900390625,4819.06982421875,4737.93017578125,4775.06005859375,1984230000
2015-10-09,4830.47021484375,4830.47021484375,4841.3798828125,4804.58984375,4817.27978515625,1804260000
2015-10-12,4838.64013671875,4838.64013671875,4846.740234375,4818.169921875,4839.7900390625,1343820000
2015-10-13,4796.60986328125,4796.60986328125,4858.27978515625,4793.919921875,4809.240234375,1565060000
2015-10-14,4782.85009765625,4782.85009765625,4820.08984375,4771.6201171875,4801.35009765625,1902460000
2015-10-15,4870.10009765625,4870.10009765625,4870.10009765625,4795.2900390625,4799.43017578125,1942900000
2015-10-16,4886.68994140625,4886.68994140625,4886.9501953125,4851.27978515625,4872.35986328125,1855290000
2015-10-19,4905.47021484375,4905.47021484375,4915.490234375,4865.830078125,4873.5400390625,1619920000
2015-10-20,4880.97021484375,4880.97021484375,4909.3701171875,4866.60009765625,4900.02001953125,1711700000
2015-10-21,4840.1201171875,4840.1201171875,4904.85009765625,4836.4599609375,4903.97998046875,1895390000
2015-10-22,4920.0498046875,4920.0498046875,4926.990234375,4861.7998046875,4875.9599609375,2156040000
2015-10-23,5031.85986328125,5031.85986328125,5048.5498046875,4999.5400390625,5024.3798828125,2178270000
2015-10-26,5034.7001953125,5034.7001953125,5045.16015625,5012.740234375,5030.7998046875,1758690000
2015-10-27,5030.14990234375,5030.14990234375,5040.080078125,5009.06982421875,5018.990234375,1986840000
2015-10-28,5095.68994140625,5095.68994140625,5095.68994140625,5019.60009765625,5040.3798828125,2141130000
2015-10-29,5074.27001953125,5074.27001953125,5084.6298828125,5066.89013671875,5071.0400390625,1928310000
2015-10-30,5053.75,5053.75,5085.22021484375,5053.75,5079.759765625,2016390000
2015-11-02,5127.14990234375,5127.14990234375,5130.509765625,5061.47021484375,5065.64013671875,1888180000
2015-11-03,5145.1298828125,5145.1298828125,5163.47021484375,5109.68017578125,5114.31005859375,2028630000
2015-11-04,5142.47998046875,5142.47998046875,5162.56982421875,5122.77978515625,5155.6201171875,2096110000
2015-11-05,5127.740234375,5127.740234375,5154.85986328125,5098.490234375,5144.14990234375,2054490000
2015-11-06,5147.1201171875,5147.1201171875,5147.1201171875,5092.8701171875,5124.0400390625,2066430000
2015-11-09,5095.2998046875,5095.2998046875,5133.43994140625,5066.10009765625,5128.93994140625,1850770000
2015-11-10,5083.240234375,5083.240234375,5086.8798828125,5051.22021484375,5068.5498046875,1906120000
2015-11-11,5067.02001953125,5067.02001953125,5111.18994140625,5066.68017578125,5098.1298828125,1672340000
2015-11-12,5005.080078125,5005.080078125,5062.490234375,5004.4599609375,5043.10009765625,1820930000
2015-11-13,4927.8798828125,4927.8798828125,4989.06005859375,4925.35009765625,4980.85986328125,2001050000
2015-11-16,4984.6201171875,4984.6201171875,4984.91015625,4908.66015625,4916.14013671875,1819190000
2015-11-17,4986.02001953125,4986.02001953125,5023.4501953125,4975.740234375,4991.7099609375,1861710000
2015-11-18,5075.2001953125,5075.2001953125,5078.7998046875,5001.669921875,5004.60009765625,2017390000
2015-11-19,5073.64013671875,5073.64013671875,5092.4599609375,5067.27001953125,5078.669921875,1794110000
2015-11-20,5104.919921875,5104.919921875,5112.4599609375,5094.31982421875,5096.9599609375,1766630000
2015-11-23,5102.47998046875,5102.47998046875,5128.080078125,5084.85009765625,5106.72021484375,1668280000
2015-11-24,5102.81005859375,5102.81005859375,5110.75,5050.14013671875,5070.66015625,1956920000
2015-11-25,5116.14013671875,5116.14013671875,5124.08984375,5101.18017578125,5106.8701171875,1539300000
2015-11-27,5127.52001953125,5127.52001953125,5134.35009765625,5108.509765625,5121.93017578125,781730000
2015-11-30,5108.669921875,5108.669921875,5141.35986328125,5098.7001953125,5139.580078125,2244550000
2015-12-01,5156.31005859375,5156.31005859375,5156.31005859375,5120.169921875,5129.64013671875,2035570000
2015-12-02,5123.22021484375,5123.22021484375,5176.77001953125,5117.14990234375,5158.81982421875,2060340000
2015-12-03,5037.52978515625,5037.52978515625,5144.60009765625,5011.72021484375,5143.16015625,2088100000
2015-12-04,5142.27001953125,5142.27001953125,5147.0,5043.490234375,5050.93017578125,1897490000
2015-12-07,5101.81005859375,5101.81005859375,5139.77978515625,5082.22998046875,5139.4599609375,1952690000
2015-12-08,5098.240234375,5098.240234375,5111.72998046875,5045.72998046875,5050.52001953125,1871450000
2015-12-09,5022.8701171875,5022.8701171875,5106.3701171875,5000.1201171875,5077.2099609375,2003450000
2015-12-10,5045.169921875,5045.169921875,5075.64990234375,5019.31005859375,5026.2998046875,1746520000
2015-12-11,4933.47021484375,4933.47021484375,4996.18994140625,4928.669921875,4979.77001953125,2084950000
2015-12-14,4952.22998046875,4952.22998046875,4953.60009765625,4871.58984375,4932.60986328125,2216060000
2015-12-15,4995.35986328125,4995.35986328125,5026.5400390625,4986.990234375,4991.2099609375,2054710000
2015-12-16,5071.1298828125,5071.1298828125,5078.990234375,4992.6298828125,5033.47998046875,2036610000
2015-12-17,5002.5498046875,5002.5498046875,5088.580078125,5002.5498046875,5087.169921875,1897220000
2015-12-18,4923.080078125,4923.080078125,4996.490234375,4921.330078125,4982.580078125,3765210000
2015-12-21,4968.919921875,4968.919921875,4968.919921875,4928.93017578125,4957.52978515625,1673400000
2015-12-22,5001.10986328125,5001.10986328125,5007.77001953125,4964.080078125,4988.68017578125,1556670000
2015-12-23,5045.93017578125,5045.93017578125,5046.08984375,5020.43994140625,5025.5498046875,1591490000
2015-12-24,5048.490234375,5048.490234375,5063.27978515625,5043.64990234375,5046.18994140625,706880000
2015-12-28,5040.990234375,5040.990234375,5041.27001953125,4999.06982421875,5032.2900390625,1310650000
2015-12-29,5107.93994140625,5107.93994140625,5116.990234375,5065.89013671875,5066.52001953125,1383470000
2015-12-30,5065.85009765625,5065.85009765625,5102.35009765625,5065.68017578125,5101.18017578125,1247530000
2015-12-31,5007.41015625,5007.41015625,5058.06005859375,5007.009765625,5047.0400390625,1437480000
2016-01-04,4903.08984375,4903.08984375,4903.08984375,4846.97998046875,4897.64990234375,2218420000
2016-01-05,4891.43017578125,4891.43017578125,4926.72998046875,4872.740234375,4917.83984375,1927380000
2016-01-06,4835.759765625,4835.759765625,4866.0400390625,4804.68994140625,4813.759765625,2168620000
2016-01-07,4689.43017578125,4689.43017578125,4788.02001953125,4688.169921875,4736.39990234375,2552590000
2016-01-08,4643.6298828125,4643.6298828125,4742.56982421875,4637.85009765625,4722.02001953125,2288750000
2016-01-11,4637.990234375,4637.990234375,4683.02001953125,4573.77978515625,4673.43994140625,2391110000
2016-01-12,4685.919921875,4685.919921875,4714.7998046875,4618.02978515625,4681.5400390625,2147470000
2016-01-13,4526.06005859375,4526.06005859375,4713.97998046875,4517.56005859375,4706.02001953125,2533200000
2016-01-14,4615.0,4615.0,4650.5498046875,4470.58984375,4545.3701171875,2565560000
2016-01-15,4488.419921875,4488.419921875,4520.4501953125,4419.41015625,4464.3701171875,2818630000
2016-01-19,4476.9501953125,4476.9501953125,4550.56982421875,4430.77001953125,4548.0498046875,2394550000
2016-01-20,4471.68994140625,4471.68994140625,4514.919921875,4313.39013671875,4405.22021484375,3204130000
2016-01-21,4472.06005859375,4472.06005859375,4537.14990234375,4432.02001953125,4480.7001953125,2447750000
2016-01-22,4591.18017578125,4591.18017578125,4591.18017578125,4540.27001953125,4557.39013671875,2153340000
2016-01-25,4518.490234375,4518.490234375,4590.43994140625,4514.77978515625,4574.58984375,2028880000
2016-01-26,4567.669921875,4567.669921875,4583.2099609375,4503.52978515625,4537.0400390625,1981180000
2016-01-27,4468.169921875,4468.169921875,4568.85009765625,4450.830078125,4548.8701171875,2115710000
2016-01-28,4506.68017578125,4506.68017578125,4533.81005859375,4447.5,4533.81005859375,2322310000
2016-01-29,4613.9501953125,4613.9501953125,4613.9501953125,4511.2998046875,4512.08984375,2617550000
2016-02-01,4620.3701171875,4620.3701171875,4636.93017578125,4565.3701171875,4587.58984375,1983340000
2016-02-02,4516.9501953125,4516.9501953125,4589.89990234375,4503.1201171875,4588.68994140625,2185180000
2016-02-03,4504.240234375,4504.240234375,4547.31982421875,4424.47021484375,4543.81982421875,2466190000
2016-02-04,4509.56005859375,4509.56005859375,4545.52001953125,4463.990234375,4492.47998046875,2200930000
2016-02-05,4363.14013671875,4363.14013671875,4493.18994140625,4350.3701171875,4491.47998046875,2489280000
2016-02-08,4283.75,4283.75,4301.52978515625,4212.81005859375,4288.02001953125,2702070000
2016-02-09,4268.759765625,4268.759765625,4329.60986328125,4222.47998046875,4224.8701171875,2465790000
2016-02-10,4283.58984375,4283.58984375,4369.6201171875,4280.72998046875,4318.27978515625,2448380000
2016-02-11,4266.83984375,4266.83984375,4293.22021484375,4209.759765625,4218.81005859375,2812330000
2016-02-12,4337.509765625,4337.509765625,4340.1298828125,4274.14990234375,4307.2900390625,1983190000
2016-02-16,4435.9599609375,4435.9599609375,4435.9599609375,4376.52001953125,4397.9501953125,2117920000
2016-02-17,4534.06005859375,4534.06005859375,4540.77978515625,4463.509765625,4471.66015625,2296440000
2016-02-18,4487.5400390625,4487.5400390625,4548.47021484375,4482.77001953125,4548.10009765625,1955870000
2016-02-19,4504.43017578125,4504.43017578125,4513.14990234375,4455.10009765625,4464.669921875,1903770000
2016-02-22,4570.60986328125,4570.60986328125,4576.47021484375,4546.5498046875,4548.31005859375,1794020000
2016-02-23,4503.580078125,4503.580078125,4558.06005859375,4500.93994140625,4550.0498046875,1777750000
2016-02-24,4542.60986328125,4542.60986328125,4547.64013671875,4425.72021484375,4453.93017578125,1978180000
2016-02-25,4582.2001953125,4582.2001953125,4582.2001953125,4516.89013671875,4554.72998046875,1667840000
2016-02-26,4590.47021484375,4590.47021484375,4618.85009765625,4580.77978515625,4615.14013671875,1814920000
2016-02-29,4557.9501953125,4557.9501953125,4619.89990234375,4557.4599609375,4585.2998046875,2065260000
2016-03-01,4689.60009765625,4689.60009765625,4689.60009765625,4581.75,4596.009765625,2080150000
2016-03-02,4703.419921875,4703.419921875,4703.580078125,4665.93017578125,4683.7998046875,1912510000
2016-03-03,4707.419921875,4707.419921875,4707.72021484375,4674.4599609375,4698.3798828125,1936290000
2016-03-04,4717.02001953125,4717.02001953125,4746.64990234375,4687.93994140625,4715.759765625,2171230000
2016-03-07,4708.25,4708.25,4731.18994140625,4674.81982421875,4690.8798828125,2084390000
2016-03-08,4648.81982421875,4648.81982421875,4695.0400390625,4642.85986328125,4676.22021484375,1993060000
2016-03-09,4674.3798828125,4674.3798828125,4676.47021484375,4642.419921875,4666.419921875,1789550000
2016-03-10,4662.16015625,4662.16015625,4716.14013671875,4607.990234375,4691.2001953125,1936470000
2016-03-11,4748.47021484375,4748.47021484375,4748.7900390625,4700.91015625,4712.3798828125,1801790000
2016-03-14,4750.27978515625,4750.27978515625,4762.27001953125,4731.509765625,4733.39013671875,1615100000
2016-03-15,4728.669921875,4728.669921875,4735.27001953125,4712.06982421875,4731.14013671875,1692420000
2016-03-16,4763.97021484375,4763.97021484375,4774.77978515625,4716.4501953125,4717.8798828125,1781060000
2016-03-17,4774.990234375,4774.990234375,4788.08984375,4737.97021484375,4752.6201171875,1907190000
2016-03-18,4795.64990234375,4795.64990234375,4804.580078125,4772.41015625,4784.6298828125,2829040000
2016-03-21,4808.8701171875,4808.8701171875,4814.85009765625,4785.3798828125,4787.31005859375,1609230000
2016-03-22,4821.66015625,4821.66015625,4835.60009765625,4781.7099609375,4783.60009765625,1596200000
2016-03-23,4768.85986328125,4768.85986328125,4816.669921875,4765.3701171875,4813.8701171875,1732630000
2016-03-24,4773.5,4773.5,4773.5,4734.77001953125,4743.35986328125,1590990000
2016-03-28,4766.7900390625,4766.7900390625,4787.39013671875,4760.009765625,4785.25,1381000000
2016-03-29,4846.6201171875,4846.6201171875,4849.31005859375,4749.77978515625,4756.5498046875,1806490000
2016-03-30,4869.2900390625,4869.2900390625,4899.14013671875,4859.35009765625,4875.4599609375,1717820000
2016-03-31,4869.85009765625,4869.85009765625,4891.2998046875,4864.41015625,4869.56982421875,1774270000
2016-04-01,4914.5400390625,4914.5400390625,4917.08984375,4832.06005859375,4842.5498046875,1812250000
2016-04-04,4891.7998046875,4891.7998046875,4917.75,4885.169921875,4911.2099609375,1705730000
2016-04-05,4843.93017578125,4843.93017578125,4872.7001953125,4838.6201171875,4855.89990234375,1726010000
2016-04-06,4920.72021484375,4920.72021484375,4921.509765625,4849.27978515625,4849.580078125,1761770000
2016-04-07,4848.3701171875,4848.3701171875,4901.490234375,4831.490234375,4893.56982421875,1908940000
2016-04-08,4850.68994140625,4850.68994140625,4892.60009765625,4835.35986328125,4883.990234375,1588830000
2016-04-11,4833.39990234375,4833.39990234375,4897.5498046875,4833.39990234375,4873.39013671875,1545540000
2016-04-12,4872.08984375,4872.08984375,4879.60009765625,4808.91015625,4838.81982421875,1759280000
2016-04-13,4947.419921875,4947.419921875,4951.91015625,4903.60009765625,4904.7900390625,1936450000
2016-04-14,4945.89013671875,4945.89013671875,4961.2998046875,4931.81005859375,4947.6201171875,1645810000
2016-04-15,4938.22021484375,4938.22021484375,4950.43017578125,4925.4599609375,4938.830078125,1684790000
2016-04-18,4960.02001953125,4960.02001953125,4960.7900390625,4915.6298828125,4919.35986328125,1672260000
2016-04-19,4940.330078125,4940.330078125,4968.669921875,4915.52001953125,4968.2998046875,1824250000
2016-04-20,4948.1298828125,4948.1298828125,4969.31982421875,4928.2900390625,4941.990234375,1781340000
2016-04-21,4945.89013671875,4945.89013671875,4966.60986328125,4932.64013671875,4949.1201171875,1758190000
2016-04-22,4906.22998046875,4906.22998046875,4921.66015625,4872.02001953125,4898.240234375,2018930000
2016-04-25,4895.7900390625,4895.7900390625,4904.8701171875,4878.3701171875,4891.47998046875,1582270000
2016-04-26,4888.27978515625,4888.27978515625,4915.0,4875.419921875,4903.81005859375,1825020000
2016-04-27,4863.14013671875,4863.14013671875,4872.91015625,4826.3798828125,4855.3798828125,1938780000
2016-04-28,4805.2900390625,4805.2900390625,4889.16015625,4796.31982421875,4857.60009765625,2161400000
2016-04-29,4775.35986328125,4775.35986328125,4807.89013671875,4740.83984375,4805.7900390625,2376460000
2016-05-02,4817.58984375,4817.58984375,4821.56982421875,4768.27978515625,4786.5498046875,1880460000
2016-05-03,4763.22021484375,4763.22021484375,4791.43017578125,4749.7099609375,4780.8798828125,1984340000
2016-05-04,4725.64013671875,4725.64013671875,4751.64013671875,4713.91015625,4735.27978515625,1950800000
2016-05-05,4717.08984375,4717.08984375,4744.5498046875,4709.75,4742.419921875,1888350000
2016-05-06,4736.16015625,4736.16015625,4736.16015625,4684.27978515625,4695.89990234375,1860800000
2016-05-09,4750.2099609375,4750.2099609375,4771.93994140625,4735.06005859375,4736.35009765625,1625100000
2016-05-10,4809.8798828125,4809.8798828125,4811.2998046875,4758.2001953125,4768.91015625,1760120000
2016-05-11,4760.68994140625,4760.68994140625,4812.18994140625,4760.35986328125,4799.2998046875,1859110000
2016-05-12,4737.330078125,4737.330078125,4779.4599609375,4710.169921875,4778.18994140625,1930450000
2016-05-13,4717.68017578125,4717.68017578125,4759.2900390625,4708.259765625,4731.06982421875,1698030000
2016-05-16,4775.4599609375,4775.4599609375,4791.25,4724.72998046875,4728.85986328125,1741510000
2016-05-17,4715.72998046875,4715.72998046875,4776.14990234375,4703.39013671875,4768.85009765625,1925230000
2016-05-18,4739.1201171875,4739.1201171875,4762.27978515625,4704.490234375,4705.77978515625,1934100000
2016-05-19,4712.52978515625,4712.52978515625,4735.27001953125,4678.3798828125,4717.35986328125,1805890000
2016-05-20,4769.56005859375,4769.56005859375,4781.7001953125,4729.0,4729.43994140625,1970520000
2016-05-23,4765.77978515625,4765.77978515625,4792.64013671875,4763.91015625,4771.56982421875,1865110000
2016-05-24,4861.06005859375,4861.06005859375,4865.990234375,4792.6298828125,4792.85009765625,1942280000
2016-05-25,4894.89013671875,4894.89013671875,4905.4501953125,4872.419921875,4877.18017578125,1784420000
2016-05-26,4901.77001953125,4901.77001953125,4909.3798828125,4887.27001953125,4897.77978515625,1606250000
2016-05-27,4933.5,4933.5,4933.5,4902.5,4904.0498046875,1505020000
2016-05-31,4948.0498046875,4948.0498046875,4951.4501953125,4923.02978515625,4938.47998046875,2285350000
2016-06-01,4952.25,4952.25,4958.97998046875,4923.2001953125,4928.97021484375,1797090000
2016-06-02,4971.35986328125,4971.35986328125,4971.35986328125,4924.22998046875,4941.25,1729050000
2016-06-03,4942.52001953125,4942.52001953125,4958.64990234375,4909.2099609375,4958.10009765625,1697840000
2016-06-06,4968.7099609375,4968.7099609375,4980.14013671875,4944.8701171875,4950.4599609375,1663840000
2016-06-07,4961.75,4961.75,4979.3798828125,4960.27978515625,4972.1298828125,1747760000
2016-06-08,4974.64013671875,4974.64013671875,4979.66015625,4956.7900390625,4970.009765625,1692640000
2016-06-09,4958.6201171875,4958.6201171875,4965.490234375,4940.5498046875,4954.14990234375,1632340000
2016-06-10,4894.5498046875,4894.5498046875,4917.919921875,4880.60986328125,4915.14990234375,1822200000
2016-06-13,4848.43994140625,4848.43994140625,4894.85009765625,4844.93994140625,4868.509765625,1888300000
2016-06-14,4843.5498046875,4843.5498046875,4863.009765625,4811.93017578125,4836.669921875,1919710000
2016-06-15,4834.93017578125,4834.93017578125,4868.16015625,4830.330078125,4855.080078125,1802200000
2016-06-16,4844.919921875,4844.919921875,4847.85986328125,4778.77978515625,4809.68994140625,1851770000
2016-06-17,4800.33984375,4800.33984375,4835.02001953125,4792.33984375,4835.02001953125,2638220000
2016-06-20,4837.2099609375,4837.2099609375,4882.14990234375,4834.509765625,4856.68994140625,1779560000
2016-06-21,4843.759765625,4843.759765625,4852.18994140625,4826.58984375,4845.080078125,1698080000
2016-06-22,4833.31982421875,4833.31982421875,4875.93017578125,4830.0,4846.68017578125,1682220000
2016-06-23,4910.0400390625,4910.0400390625,4910.0400390625,4859.39990234375,4872.18994140625,1738570000
2016-06-24,4707.97998046875,4707.97998046875,4798.22021484375,4698.419921875,4715.7900390625,4411040000
2016-06-27,4594.43994140625,4594.43994140625,4665.0400390625,4574.25,4664.43017578125,2659650000
2016-06-28,4691.8701171875,4691.8701171875,4692.97998046875,4643.93017578125,4643.93017578125,2074090000
2016-06-29,4779.25,4779.25,4787.58984375,4732.33984375,4732.93017578125,2116550000
2016-06-30,4842.669921875,4842.669921875,4843.10986328125,4774.52001953125,4793.75,2171180000
2016-07-01,4862.56982421875,4862.56982421875,4880.169921875,4837.169921875,4837.18017578125,1745130000
2016-07-05,4822.89990234375,4822.89990234375,4839.1298828125,4797.2900390625,4837.06005859375,1690340000
2016-07-06,4859.16015625,4859.16015625,4861.0498046875,4786.009765625,4799.31982421875,1876090000
2016-07-07,4876.81005859375,4876.81005859375,4889.009765625,4853.68017578125,4867.47021484375,1672770000
2016-07-08,4956.759765625,4956.759765625,4959.0,4901.27001953125,4906.66015625,1947260000
2016-07-11,4988.64013671875,4988.64013671875,5002.5,4976.5400390625,4976.5400390625,1718450000
2016-07-12,5022.81982421875,5022.81982421875,5032.10009765625,5009.68017578125,5017.990234375,1866280000
2016-07-13,5005.72998046875,5005.72998046875,5036.3798828125,5002.81982421875,5036.31982421875,1650820000
2016-07-14,5034.06005859375,5034.06005859375,5045.18017578125,5025.14990234375,5041.9501953125,1641170000
2016-07-15,5029.58984375,5029.58984375,5044.81005859375,5018.52001953125,5041.18994140625,1610300000
2016-07-18,5055.77978515625,5055.77978515625,5063.52978515625,5030.1298828125,5034.990234375,1585570000
2016-07-19,5036.3701171875,5036.3701171875,5052.240234375,5028.240234375,5038.22021484375,1694740000
2016-07-20,5089.93017578125,5089.93017578125,5098.25,5053.919921875,5061.60009765625,1877330000
2016-07-21,5073.89990234375,5073.89990234375,5102.77978515625,5061.10986328125,5093.97021484375,1880310000
2016-07-22,5100.16015625,5100.16015625,5103.52001953125,5064.10986328125,5078.1201171875,1639000000
2016-07-25,5097.6298828125,5097.6298828125,5100.72021484375,5082.66015625,5096.990234375,1770620000
2016-07-26,5110.0498046875,5110.0498046875,5122.2998046875,5084.18017578125,5095.60986328125,2038060000
2016-07-27,5139.81005859375,5139.81005859375,5151.06005859375,5120.66015625,5143.83984375,2122250000
2016-07-28,5154.97998046875,5154.97998046875,5160.16015625,5130.75,5144.81982421875,1950910000
2016-07-29,5162.1298828125,5162.1298828125,5175.81005859375,5140.0498046875,5162.14990234375,2072640000
2016-08-01,5184.2001953125,5184.2001953125,5199.1298828125,5158.93017578125,5167.419921875,1866590000
2016-08-02,5137.72998046875,5137.72998046875,5181.02001953125,5109.7998046875,5177.52978515625,2142010000
2016-08-03,5159.740234375,5159.740234375,5159.740234375,5128.43994140625,5133.240234375,1909470000
2016-08-04,5166.25,5166.25,5174.0,5145.39013671875,5158.02001953125,1930000000
2016-08-05,5221.1201171875,5221.1201171875,5227.22998046875,5186.25,5190.7099609375,2017720000
2016-08-08,5213.14013671875,5213.14013671875,5228.39990234375,5202.18017578125,5223.5400390625,1624450000
2016-08-09,5225.47998046875,5225.47998046875,5238.5400390625,5214.9501953125,5216.2099609375,1664320000
2016-08-10,5204.580078125,5204.580078125,5227.9599609375,5193.7998046875,5227.9501953125,1651240000
2016-08-11,5228.39990234375,5228.39990234375,5235.2900390625,5211.25,5222.14990234375,1511670000
2016-08-12,5232.89013671875,5232.89013671875,5233.33984375,5215.5498046875,5219.66015625,1501620000
2016-08-15,5262.02001953125,5262.02001953125,5271.35986328125,5241.14013671875,5242.18017578125,1533170000
2016-08-16,5227.10986328125,5227.10986328125,5248.259765625,5226.77978515625,5247.9599609375,1698390000
2016-08-17,5228.66015625,5228.66015625,5230.08984375,5197.22998046875,5228.43994140625,1747890000
2016-08-18,5240.14990234375,5240.14990234375,5243.169921875,5221.83984375,5226.4501953125,1659080000
2016-08-19,5238.3798828125,5238.3798828125,5245.81005859375,5217.64990234375,5229.8701171875,1632740000
2016-08-22,5244.60009765625,5244.60009765625,5252.1298828125,5224.6298828125,5231.4599609375,1560210000
2016-08-23,5260.080078125,5260.080078125,5275.740234375,5257.89990234375,5265.77978515625,1547050000
2016-08-24,5217.68994140625,5217.68994140625,5262.990234375,5205.64013671875,5254.419921875,1714780000
2016-08-25,5212.2001953125,5212.2001953125,5230.58984375,5201.64013671875,5207.60986328125,1511890000
2016-08-26,5218.919921875,5218.919921875,5253.39013671875,5191.85986328125,5219.0498046875,1591060000
2016-08-29,5232.330078125,5232.330078125,5245.1201171875,5222.33984375,5223.7998046875,1416640000
2016-08-30,5222.990234375,5222.990234375,5241.6201171875,5205.60986328125,5229.8798828125,1561020000
2016-08-31,5213.22021484375,5213.22021484375,5219.89013671875,5191.18017578125,5216.419921875,1761770000
2016-09-01,5227.2099609375,5227.2099609375,5229.93994140625,5189.35986328125,5218.27978515625,1592520000
2016-09-02,5249.89990234375,5249.89990234375,5263.39013671875,5231.02001953125,5249.66015625,1474200000
2016-09-06,5275.91015625,5275.91015625,5275.91015625,5244.0,5260.0,1777940000
2016-09-07,5283.93017578125,5283.93017578125,5287.60986328125,5261.919921875,5274.22998046875,1878460000
2016-09-08,5259.47998046875,5259.47998046875,5271.009765625,5248.41015625,5269.9599609375,1839790000
2016-09-09,5125.91015625,5125.91015625,5225.93017578125,5125.91015625,5217.9501953125,2208690000
2016-09-12,5211.89013671875,5211.89013671875,5217.8798828125,5097.7998046875,5098.02978515625,2007610000
2016-09-13,5155.25,5155.25,5195.02978515625,5131.27001953125,5181.14013671875,2071460000
2016-09-14,5173.77001953125,5173.77001953125,5201.33984375,5159.5498046875,5160.2099609375,1902680000
2016-09-15,5249.68994140625,5249.68994140625,5254.77978515625,5176.25,5178.10009765625,1950940000
2016-09-16,5244.56982421875,5244.56982421875,5248.60009765625,5218.97021484375,5238.7099609375,3013860000
2016-09-19,5235.02978515625,5235.02978515625,5281.06982421875,5222.91015625,5263.5498046875,1792650000
2016-09-20,5241.35009765625,5241.35009765625,5265.18017578125,5235.419921875,5256.18994140625,1697530000
2016-09-21,5295.18017578125,5295.18017578125,5299.39990234375,5233.93994140625,5263.64990234375,2001890000
2016-09-22,5339.52001953125,5339.52001953125,5342.8798828125,5320.93017578125,5323.259765625,1914550000
2016-09-23,5305.75,5305.75,5329.7099609375,5301.6298828125,5327.43017578125,1762700000
2016-09-26,5257.490234375,5257.490234375,5282.27001953125,5254.9599609375,5275.72998046875,1672190000
2016-09-27,5305.7099609375,5305.7099609375,5306.81005859375,5251.31982421875,5254.18017578125,1754700000
2016-09-28,5318.5498046875,5318.5498046875,5320.6201171875,5284.83984375,5312.72998046875,1788240000
2016-09-29,5269.14990234375,5269.14990234375,5317.0,5254.52001953125,5311.31005859375,1946150000
2016-09-30,5312.0,5312.0,5325.8798828125,5277.8798828125,5288.8701171875,2063260000
2016-10-03,5300.8701171875,5300.8701171875,5308.60009765625,5281.9501953125,5300.2900390625,1606460000
2016-10-04,5289.66015625,5289.66015625,5323.60009765625,5271.7001953125,5313.490234375,1711810000
2016-10-05,5316.02001953125,5316.02001953125,5330.81005859375,5304.06005859375,5305.27978515625,1755640000
2016-10-06,5306.85009765625,5306.85009765625,5315.72998046875,5281.47021484375,5306.58984375,1655480000
2016-10-07,5292.39990234375,5292.39990234375,5315.64990234375,5266.7998046875,5314.919921875,1647330000
2016-10-10,5328.669921875,5328.669921875,5340.52001953125,5317.72998046875,5318.4599609375,1365600000
2016-10-11,5246.7900390625,5246.7900390625,5321.81982421875,5227.43017578125,5321.81982421875,1822980000
2016-10-12,5239.02001953125,5239.02001953125,5257.18017578125,5228.77001953125,5247.91015625,1567930000
2016-10-13,5213.330078125,5213.330078125,5228.259765625,5169.759765625,5200.2998046875,1737720000
2016-10-14,5214.16015625,5214.16015625,5258.8798828125,5213.3701171875,5241.259765625,1593610000
2016-10-17,5199.81982421875,5199.81982421875,5219.97998046875,5196.02978515625,5213.68994140625,1427060000
2016-10-18,5243.83984375,5243.83984375,5264.27001953125,5239.43994140625,5255.31982421875,1476970000
2016-10-19,5246.41015625,5246.41015625,5253.830078125,5234.25,5240.330078125,1548910000
2016-10-20,5241.830078125,5241.830078125,5252.10009765625,5216.0498046875,5238.2001953125,1745270000
2016-10-21,5257.39990234375,5257.39990234375,5259.1298828125,5225.759765625,5238.64990234375,1651490000
2016-10-24,5309.830078125,5309.830078125,5311.5,5289.22998046875,5290.31005859375,1533370000
2016-10-25,5283.39990234375,5283.39990234375,5310.27001953125,5278.56982421875,5306.47021484375,1580830000
2016-10-26,5250.27001953125,5250.27001953125,5280.85009765625,5237.0498046875,5256.39990234375,1732300000
2016-10-27,5215.97021484375,5215.97021484375,5274.1201171875,5211.75,5272.18994140625,1926820000
2016-10-28,5190.10009765625,5190.10009765625,5232.35009765625,5178.759765625,5203.7001953125,1911810000
2016-10-31,5189.14013671875,5189.14013671875,5206.7099609375,5186.56005859375,5205.08984375,1709060000
2016-11-01,5153.580078125,5153.580078125,5201.1298828125,5112.31982421875,5199.77001953125,1880920000
2016-11-02,5105.56982421875,5105.56982421875,5156.7001953125,5097.56005859375,5147.27978515625,2124990000
2016-11-03,5058.41015625,5058.41015625,5115.06005859375,5053.52001953125,5104.7001953125,2113730000
2016-11-04,5046.3701171875,5046.3701171875,5087.509765625,5034.41015625,5034.41015625,2020130000
2016-11-07,5166.169921875,5166.169921875,5169.41015625,5122.77001953125,5128.990234375,1916620000
2016-11-08,5193.490234375,5193.490234375,5214.169921875,5145.2998046875,5154.990234375,1739440000
2016-11-09,5251.06982421875,5251.06982421875,5258.990234375,5143.85986328125,5143.85986328125,2827570000
2016-11-10,5208.7998046875,5208.7998046875,5302.68017578125,5145.31982421875,5283.47998046875,2986760000
2016-11-11,5237.10986328125,5237.10986328125,5241.080078125,5179.64013671875,5191.81982421875,2290080000
2016-11-14,5218.39990234375,5218.39990234375,5247.169921875,5192.0498046875,5246.330078125,2371900000
2016-11-15,5275.6201171875,5275.6201171875,5287.06005859375,5236.25,5241.35009765625,2159180000
2016-11-16,5294.580078125,5294.580078125,5299.6298828125,5251.8798828125,5253.740234375,2066130000
2016-11-17,5333.97021484375,5333.97021484375,5334.0498046875,5288.16015625,5295.06982421875,2084710000
2016-11-18,5321.509765625,5321.509765625,5346.7998046875,5315.52978515625,5340.97021484375,1865770000
2016-11-21,5368.85986328125,5368.85986328125,5369.830078125,5334.16015625,5336.77978515625,1748170000
2016-11-22,5386.35009765625,5386.35009765625,5392.259765625,5365.60009765625,5384.75,1890410000
2016-11-23,5380.68017578125,5380.68017578125,5380.68017578125,5350.68017578125,5366.5498046875,1617700000
2016-11-25,5398.919921875,5398.919921875,5398.919921875,5379.27978515625,5388.490234375,768080000
2016-11-28,5368.81005859375,5368.81005859375,5396.27001953125,5364.91015625,5387.919921875,1630150000
2016-11-29,5379.919921875,5379.919921875,5403.85986328125,5360.56005859375,5370.97998046875,1791760000
2016-11-30,5323.68017578125,5323.68017578125,5393.14990234375,5323.68017578125,5391.35009765625,2056060000
2016-12-01,5251.10986328125,5251.10986328125,5326.33984375,5238.2099609375,5323.8798828125,2269790000
2016-12-02,5255.64990234375,5255.64990234375,5274.5400390625,5239.27001953125,5249.02001953125,1851030000
2016-12-05,5308.89013671875,5308.89013671875,5321.08984375,5269.56982421875,5283.580078125,1800570000
2016-12-06,5333.0,5333.0,5333.990234375,5299.93994140625,5317.740234375,1977480000
2016-12-07,5393.759765625,5393.759765625,5397.93017578125,5307.31005859375,5322.669921875,2125370000
2016-12-08,5417.35986328125,5417.35986328125,5425.52001953125,5389.10009765625,5394.14990234375,2236580000
2016-12-09,5444.5,5444.5,5450.16015625,5427.1201171875,5436.10986328125,2042340000
2016-12-12,5412.5400390625,5412.5400390625,5434.89990234375,5394.419921875,5428.22021484375,1931840000
2016-12-13,5463.830078125,5463.830078125,5486.75,5430.72021484375,5433.56982421875,2094860000
2016-12-14,5436.669921875,5436.669921875,5476.25,5425.72998046875,5465.68994140625,1976570000
2016-12-15,5456.85009765625,5456.85009765625,5485.1201171875,5439.39013671875,5443.509765625,2101320000
2016-12-16,5437.16015625,5437.16015625,5474.580078125,5426.009765625,5467.81982421875,3281480000
2016-12-19,5457.43994140625,5457.43994140625,5483.419921875,5436.5400390625,5441.2001953125,1688680000
2016-12-20,5483.93994140625,5483.93994140625,5489.47021484375,5471.7099609375,5473.52978515625,1679630000
2016-12-21,5471.43017578125,5471.43017578125,5486.259765625,5465.31005859375,5482.6298828125,1496850000
2016-12-22,5447.419921875,5447.419921875,5472.009765625,5432.77001953125,5472.009765625,1585470000
2016-12-23,5462.68994140625,5462.68994140625,5462.68994140625,5441.759765625,5441.759765625,1144900000
2016-12-27,5487.43994140625,5487.43994140625,5512.3701171875,5469.60986328125,5470.759765625,1219050000
2016-12-28,5438.56005859375,5438.56005859375,5498.91015625,5434.7001953125,5497.43994140625,1326660000
2016-12-29,5432.08984375,5432.08984375,5450.6298828125,5415.18017578125,5437.509765625,1266350000
2016-12-30,5383.1201171875,5383.1201171875,5441.89990234375,5371.89013671875,5440.169921875,1551690000
2017-01-03,5429.080078125,5429.080078125,5452.56982421875,5397.990234375,5425.6201171875,1887670000
2017-01-04,5477.0,5477.0,5482.35009765625,5440.240234375,5440.91015625,1885490000
2017-01-05,5487.93994140625,5487.93994140625,5495.85009765625,5464.35986328125,5474.39013671875,1799170000
2017-01-06,5521.06005859375,5521.06005859375,5536.52001953125,5482.81005859375,5499.080078125,1711870000
2017-01-09,5531.81982421875,5531.81982421875,5541.080078125,5517.14013671875,5527.580078125,1887740000
2017-01-10,5551.81982421875,5551.81982421875,5564.25,5528.10986328125,5536.5400390625,1798610000
2017-01-11,5563.64990234375,5563.64990234375,5564.080078125,5524.02978515625,5550.72021484375,1960830000
2017-01-12,5547.490234375,5547.490234375,5550.669921875,5496.81982421875,5542.56005859375,1805840000
2017-01-13,5574.1201171875,5574.1201171875,5584.259765625,5557.2001953125,5557.56982421875,1611260000
2017-01-17,5538.72998046875,5538.72998046875,5557.0498046875,5527.22021484375,5555.16015625,1759440000
2017-01-18,5555.64990234375,5555.64990234375,5555.97998046875,5534.77001953125,5546.93994140625,1686260000
2017-01-19,5540.080078125,5540.080078125,5571.52978515625,5528.3701171875,5560.60986328125,1809900000
2017-01-20,5555.330078125,5555.330078125,5574.35009765625,5542.22998046875,5556.8701171875,1750340000
2017-01-23,5552.93994140625,5552.93994140625,5564.14013671875,5522.68994140625,5546.64013671875,1652370000
2017-01-24,5600.9599609375,5600.9599609375,5606.52978515625,5558.490234375,5568.27001953125,1808560000
2017-01-25,5656.33984375,5656.33984375,5658.58984375,5634.330078125,5635.85986328125,1964040000
2017-01-26,5655.18017578125,5655.18017578125,5669.60986328125,5647.64990234375,5666.27978515625,1837020000
2017-01-27,5660.77978515625,5660.77978515625,5667.4501953125,5643.89990234375,5664.8798828125,1669190000
2017-01-30,5613.7099609375,5613.7099609375,5636.08984375,5578.759765625,5635.85986328125,1782380000
2017-01-31,5614.7900390625,5614.7900390625,5615.14990234375,5576.08984375,5592.8701171875,2047460000
2017-02-01,5642.64990234375,5642.64990234375,5662.10986328125,5621.02978515625,5654.509765625,2239570000
2017-02-02,5636.2001953125,5636.2001953125,5656.009765625,5616.39990234375,5627.14990234375,2077010000
2017-02-03,5666.77001953125,5666.77001953125,5666.83984375,5647.580078125,5650.72998046875,1792330000
2017-02-06,5663.5498046875,5663.5498046875,5668.2001953125,5650.259765625,5656.9501953125,1736140000
2017-02-07,5674.22021484375,5674.22021484375,5689.60009765625,5664.81982421875,5674.85986328125,1922030000
2017-02-08,5682.4501953125,5682.4501953125,5686.9599609375,5649.39013671875,5662.9501953125,1947100000
2017-02-09,5715.18017578125,5715.18017578125,5722.7099609375,5685.14990234375,5688.02001953125,1948120000
2017-02-10,5734.1298828125,5734.1298828125,5743.43017578125,5717.419921875,5726.169921875,1867270000
2017-02-13,5763.9599609375,5763.9599609375,5770.990234375,5751.919921875,5753.18994140625,1843480000
2017-02-14,5782.56982421875,5782.56982421875,5783.08984375,5748.740234375,5756.509765625,1952370000
2017-02-15,5819.43994140625,5819.43994140625,5821.9501953125,5776.7001953125,5777.89990234375,2094140000
2017-02-16,5814.89990234375,5814.89990234375,5835.14990234375,5796.7099609375,5823.009765625,1945600000
2017-02-17,5838.580078125,5838.580078125,5838.580078125,5800.7998046875,5807.31005859375,1879030000
2017-02-21,5865.9501953125,5865.9501953125,5867.89013671875,5847.5,5850.2001953125,1940110000
2017-02-22,5860.6298828125,5860.6298828125,5864.419921875,5848.27978515625,5857.56005859375,1874710000
2017-02-23,5835.509765625,5835.509765625,5866.9599609375,5809.5498046875,5866.81982421875,1881490000
2017-02-24,5845.31005859375,5845.31005859375,5845.31005859375,5800.5498046875,5802.330078125,1684650000
2017-02-27,5861.89990234375,5861.89990234375,5861.89990234375,5827.0,5835.0400390625,1882610000
2017-02-28,5825.43994140625,5825.43994140625,5855.06982421875,5817.22021484375,5852.7900390625,2303390000
2017-03-01,5904.02978515625,5904.02978515625,5911.7900390625,5865.7900390625,5874.85986328125,2220350000
2017-03-02,5861.22021484375,5861.22021484375,5897.009765625,5856.2998046875,5897.009765625,2043610000
2017-03-03,5870.75,5870.75,5870.75,5841.47021484375,5854.27001953125,1853600000
2017-03-06,5849.18017578125,5849.18017578125,5857.740234375,5827.4599609375,5846.419921875,1774040000
2017-03-07,5833.93017578125,5833.93017578125,5859.77001953125,5826.31982421875,5836.1201171875,1825510000
2017-03-08,5837.5498046875,5837.5498046875,5860.6298828125,5832.6298828125,5838.43994140625,1813080000
2017-03-09,5838.81005859375,5838.81005859375,5852.5400390625,5812.080078125,5834.669921875,1886780000
2017-03-10,5861.72998046875,5861.72998046875,5872.60009765625,5835.43994140625,5867.16015625,1999440000
2017-03-13,5875.77978515625,5875.77978515625,5877.43017578125,5860.830078125,5863.47998046875,1812460000
2017-03-14,5856.81982421875,5856.81982421875,5860.5,5831.8798828125,5860.06982421875,1664870000
2017-03-15,5900.0498046875,5900.0498046875,5911.2001953125,5858.16015625,5869.97998046875,1955400000
2017-03-16,5900.759765625,5900.759765625,5911.47998046875,5887.240234375,5907.85986328125,1770640000
2017-03-17,5901.0,5901.0,5912.60986328125,5890.419921875,5898.580078125,3189970000
2017-03-20,5901.52978515625,5901.52978515625,5915.1201171875,5888.1201171875,5898.81005859375,1736790000
2017-03-21,5793.830078125,5793.830078125,5928.06005859375,5790.72998046875,5923.419921875,2199920000
2017-03-22,5821.64013671875,5821.64013671875,5825.669921875,5781.7998046875,5790.58984375,1860290000
2017-03-23,5817.68994140625,5817.68994140625,5842.81982421875,5806.97998046875,5812.31005859375,1746990000
2017-03-24,5828.740234375,5828.740234375,5858.9501953125,5807.830078125,5839.330078125,1855040000
2017-03-27,5840.3701171875,5840.3701171875,5849.2001953125,5769.39013671875,5776.330078125,1673060000
2017-03-28,5875.14013671875,5875.14013671875,5888.7001953125,5828.85986328125,5836.5,1823600000
2017-03-29,5897.5498046875,5897.5498046875,5900.8701171875,5870.93017578125,5875.35009765625,1722190000
2017-03-30,5914.33984375,5914.33984375,5916.77001953125,5894.0,5896.14990234375,1732100000
2017-03-31,5911.740234375,5911.740234375,5927.81005859375,5901.77001953125,5905.6298828125,1905150000
2017-04-03,5894.68017578125,5894.68017578125,5928.93017578125,5867.72998046875,5917.31982421875,1852990000
2017-04-04,5898.60986328125,5898.60986328125,5901.39013671875,5878.759765625,5878.759765625,1795260000
2017-04-05,5864.47998046875,5864.47998046875,5936.39013671875,5856.259765625,5911.919921875,2208600000
2017-04-06,5878.9501953125,5878.9501953125,5889.580078125,5856.22021484375,5870.52001953125,1849790000
2017-04-07,5877.81005859375,5877.81005859375,5892.06982421875,5855.509765625,5873.93994140625,1703730000
2017-04-10,5880.93017578125,5880.93017578125,5907.85009765625,5865.56005859375,5883.43017578125,1633190000
2017-04-11,5866.77001953125,5866.77001953125,5878.93994140625,5819.2900390625,5871.16015625,1830760000
2017-04-12,5836.16015625,5836.16015625,5868.08984375,5830.43994140625,5863.58984375,1666570000
2017-04-13,5805.14990234375,5805.14990234375,5856.5400390625,5805.14990234375,5828.3701171875,1587150000
2017-04-17,5856.7900390625,5856.7900390625,5856.7900390625,5818.2001953125,5821.5498046875,1383550000
2017-04-18,5849.47021484375,5849.47021484375,5860.0400390625,5828.56982421875,5838.58984375,1610230000
2017-04-19,5863.02978515625,5863.02978515625,5894.68017578125,5856.33984375,5874.43017578125,1754240000
2017-04-20,5916.77978515625,5916.77978515625,5926.22998046875,5880.2001953125,5887.8701171875,1751490000
2017-04-21,5910.52001953125,5910.52001953125,5919.22998046875,5899.43017578125,5919.02001953125,1736420000
2017-04-24,5983.81982421875,5983.81982421875,5989.919921875,5970.25,5979.9599609375,1842880000
2017-04-25,6025.490234375,6025.490234375,6036.02001953125,6002.64990234375,6004.16015625,1898120000
2017-04-26,6025.22998046875,6025.22998046875,6040.89013671875,6021.72021484375,6028.1201171875,1899570000
2017-04-27,6048.93994140625,6048.93994140625,6050.7001953125,6031.58984375,6038.47021484375,1883610000
2017-04-28,6047.60986328125,6047.60986328125,6074.0400390625,6040.7099609375,6072.8701171875,2005870000
2017-05-01,6091.60009765625,6091.60009765625,6100.72998046875,6061.35009765625,6067.56005859375,1763100000
2017-05-02,6095.3701171875,6095.3701171875,6102.72021484375,6081.56005859375,6102.509765625,2162610000
2017-05-03,6072.5498046875,6072.5498046875,6076.9599609375,6053.27978515625,6075.0400390625,2152850000
2017-05-04,6075.33984375,6075.33984375,6080.81982421875,6054.330078125,6075.06005859375,2059820000
2017-05-05,6100.759765625,6100.759765625,6100.759765625,6067.16015625,6091.68994140625,1903040000
2017-05-08,6102.66015625,6102.66015625,6106.1201171875,6083.06005859375,6100.66015625,1912030000
2017-05-09,6120.58984375,6120.58984375,6133.0,6107.58984375,6111.81982421875,2005820000
2017-05-10,6129.14013671875,6129.14013671875,6131.64013671875,6103.8701171875,6121.64013671875,2111850000
2017-05-11,6115.9599609375,6115.9599609375,6120.2001953125,6075.68017578125,6110.0498046875,1952650000
2017-05-12,6121.22998046875,6121.22998046875,6122.83984375,6105.419921875,6119.27001953125,1749010000
2017-05-15,6149.669921875,6149.669921875,6153.0400390625,6124.7900390625,6128.10986328125,1865450000
2017-05-16,6169.8701171875,6169.8701171875,6170.16015625,6139.10009765625,6160.52001953125,2006980000
2017-05-17,6011.240234375,6011.240234375,6122.8701171875,6009.47998046875,6108.6201171875,2355460000
2017-05-18,6055.1298828125,6055.1298828125,6073.4501953125,5996.81005859375,5998.4599609375,2134610000
2017-05-19,6083.7001953125,6083.7001953125,6106.5498046875,6070.22998046875,6070.22998046875,1908030000
2017-05-22,6133.6201171875,6133.6201171875,6135.919921875,6097.240234375,6098.25,1728190000
2017-05-23,6138.7099609375,6138.7099609375,6150.91015625,6121.7900390625,6149.5498046875,1709140000
2017-05-24,6163.02001953125,6163.02001953125,6166.08984375,6139.330078125,6154.18017578125,1672380000
2017-05-25,6205.259765625,6205.259765625,6217.33984375,6174.52001953125,6183.02001953125,1775750000
2017-05-26,6210.18994140625,6210.18994140625,6211.52001953125,6196.66015625,6207.0400390625,1573200000
2017-05-30,6203.18994140625,6203.18994140625,6217.1298828125,6200.41015625,6204.18017578125,1690930000
2017-05-31,6198.52001953125,6198.52001953125,6221.990234375,6164.06982421875,6221.6298828125,2212130000
2017-06-01,6246.830078125,6246.830078125,6247.06982421875,6200.4501953125,6215.91015625,1946000000
2017-06-02,6305.7998046875,6305.7998046875,6308.759765625,6253.77001953125,6261.58984375,1825450000
2017-06-05,6295.68017578125,6295.68017578125,6310.6201171875,6292.14990234375,6305.47021484375,1742160000
2017-06-06,6275.06005859375,6275.06005859375,6304.2099609375,6269.8701171875,6281.8798828125,1893110000
2017-06-07,6297.3798828125,6297.3798828125,6302.77978515625,6267.18017578125,6290.43994140625,1827220000
2017-06-08,6321.759765625,6321.759765625,6324.06005859375,6282.93017578125,6311.72998046875,2134350000
2017-06-09,6207.919921875,6207.919921875,6341.7001953125,6137.68017578125,6330.25,3154590000
2017-06-12,6175.4599609375,6175.4599609375,6183.81005859375,6110.669921875,6153.56005859375,2588860000
2017-06-13,6220.3701171875,6220.3701171875,6226.41015625,6180.0400390625,6206.1201171875,2063930000
2017-06-14,6194.89013671875,6194.89013671875,6237.52978515625,6153.5498046875,6237.4599609375,1949040000
2017-06-15,6165.5,6165.5,6170.14990234375,6107.85009765625,6127.0498046875,1870010000
2017-06-16,6151.759765625,6151.759765625,6161.56005859375,6125.5,6154.27978515625,3133000000
2017-06-19,6239.009765625,6239.009765625,6243.31005859375,6194.0,6196.85009765625,1989290000
2017-06-20,6188.02978515625,6188.02978515625,6234.009765625,6186.93994140625,6229.6201171875,2580440000
2017-06-21,6233.9501953125,6233.9501953125,6236.66015625,6200.85986328125,6202.75,2408800000
2017-06-22,6236.68994140625,6236.68994140625,6257.68017578125,6221.9599609375,6239.14990234375,2177430000
2017-06-23,6265.25,6265.25,6269.3701171875,6218.77978515625,6234.35009765625,4164310000
2017-06-26,6247.14990234375,6247.14990234375,6303.4501953125,6233.43017578125,6292.72998046875,2155460000
2017-06-27,6146.6201171875,6146.6201171875,6234.31982421875,6146.6201171875,6227.89990234375,2189250000
2017-06-28,6234.41015625,6234.41015625,6238.2900390625,6144.7998046875,6173.10009765625,2077390000
2017-06-29,6144.35009765625,6144.35009765625,6216.60009765625,6087.81005859375,6215.490234375,2410510000
2017-06-30,6140.419921875,6140.419921875,6170.6298828125,6129.0400390625,6166.83984375,2011720000
2017-07-03,6110.06005859375,6110.06005859375,6177.35986328125,6106.1201171875,6173.2900390625,1091030000
2017-07-05,6150.85986328125,6150.85986328125,6163.6201171875,6100.419921875,6122.06005859375,1874040000
2017-07-06,6089.4599609375,6089.4599609375,6127.97998046875,6081.9599609375,6109.60009765625,1993290000
2017-07-07,6153.080078125,6153.080078125,6164.93994140625,6111.2099609375,6111.2099609375,1712490000
2017-07-10,6176.39013671875,6176.39013671875,6191.27001953125,6141.830078125,6156.02978515625,1681270000
2017-07-11,6193.2998046875,6193.2998046875,6200.580078125,6149.8701171875,6171.25,1812560000
2017-07-12,6261.169921875,6261.169921875,6265.64013671875,6236.81982421875,6238.89990234375,1827740000
2017-07-13,6274.43994140625,6274.43994140625,6281.4501953125,6251.259765625,6269.10009765625,1806160000
2017-07-14,6312.47021484375,6312.47021484375,6321.759765625,6278.7001953125,6289.080078125,1615440000
2017-07-17,6314.43017578125,6314.43017578125,6330.97021484375,6307.33984375,6320.35009765625,1563390000
2017-07-18,6344.31005859375,6344.31005859375,6344.5498046875,6291.06982421875,6304.81982421875,1773220000
2017-07-19,6385.0400390625,6385.0400390625,6387.72998046875,6362.18994140625,6363.240234375,1867470000
2017-07-20,6390.0,6390.0,6398.259765625,6365.68017578125,6396.4599609375,1850000000
2017-07-21,6387.75,6387.75,6388.77978515625,6365.1201171875,6383.0498046875,1807110000
2017-07-24,6410.81005859375,6410.81005859375,6417.7001953125,6380.60986328125,6387.81982421875,1748140000
2017-07-25,6412.169921875,6412.169921875,6425.4501953125,6396.8701171875,6407.58984375,1930840000
2017-07-26,6422.75,6422.75,6432.3798828125,6416.2998046875,6425.93017578125,1996680000
2017-07-27,6382.18994140625,6382.18994140625,6460.83984375,6318.6201171875,6459.759765625,2501400000
2017-07-28,6374.68017578125,6374.68017578125,6379.7001953125,6337.22021484375,6350.27001953125,1877100000
2017-07-31,6348.1201171875,6348.1201171875,6396.58984375,6338.7900390625,6394.68994140625,1898830000
2017-08-01,6362.93994140625,6362.93994140625,6375.75,6345.75,6372.16015625,1821780000
2017-08-02,6362.64990234375,6362.64990234375,6394.2099609375,6313.43017578125,6393.10009765625,2115870000
2017-08-03,6340.33984375,6340.33984375,6368.52978515625,6331.14013671875,6366.240234375,2124100000
2017-08-04,6351.56005859375,6351.56005859375,6361.490234375,6329.72998046875,6350.7900390625,1908930000
2017-08-07,6383.77001953125,6383.77001953125,6386.02978515625,6356.22998046875,6361.06005859375,1704010000
2017-08-08,6370.4599609375,6370.4599609375,6423.35009765625,6355.8798828125,6373.330078125,1931490000
2017-08-09,6352.330078125,6352.330078125,6355.0400390625,6309.43994140625,6322.919921875,2037810000
2017-08-10,6216.8701171875,6216.8701171875,6318.27978515625,6214.41015625,6312.64990234375,2214990000
2017-08-11,6256.56005859375,6256.56005859375,6266.89013671875,6216.18994140625,6222.18017578125,1799780000
2017-08-14,6340.22998046875,6340.22998046875,6346.830078125,6305.5498046875,6306.10986328125,1702570000
2017-08-15,6333.009765625,6333.009765625,6350.740234375,6324.75,6350.509765625,1582560000
2017-08-16,6345.10986328125,6345.10986328125,6374.56005859375,6330.27001953125,6348.10986328125,1809070000
2017-08-17,6221.91015625,6221.91015625,6334.22998046875,6221.91015625,6322.72021484375,2052940000
2017-08-18,6216.52978515625,6216.52978515625,6254.22021484375,6193.3798828125,6222.4599609375,1968470000
2017-08-21,6213.1298828125,6213.1298828125,6226.93017578125,6177.18994140625,6216.31982421875,1582990000
2017-08-22,6297.47998046875,6297.47998046875,6302.83984375,6241.2099609375,6241.2099609375,1599760000
2017-08-23,6278.41015625,6278.41015625,6291.2998046875,6263.2900390625,6263.47021484375,1535320000
2017-08-24,6271.330078125,6271.330078125,6302.85009765625,6244.56982421875,6294.81982421875,1618660000
2017-08-25,6265.64013671875,6265.64013671875,6308.72021484375,6257.10009765625,6293.81005859375,1445590000
2017-08-28,6283.02001953125,6283.02001953125,6292.259765625,6267.85009765625,6286.009765625,1565110000
2017-08-29,6301.89013671875,6301.89013671875,6311.259765625,6228.72998046875,6228.89990234375,1639810000
2017-08-30,6368.31005859375,6368.31005859375,6374.47021484375,6303.56982421875,6308.68017578125,1717060000
2017-08-31,6428.66015625,6428.66015625,6435.27001953125,6383.580078125,6385.7998046875,1889500000
2017-09-01,6435.330078125,6435.330078125,6449.64990234375,6417.8701171875,6442.169921875,1489120000
2017-09-05,6375.56982421875,6375.56982421875,6426.509765625,6334.58984375,6414.81982421875,1889620000
2017-09-06,6393.31005859375,6393.31005859375,6407.39990234375,6356.2001953125,6394.35009765625,1902720000
2017-09-07,6397.8701171875,6397.8701171875,6413.06982421875,6379.81005859375,6402.93994140625,2000910000
2017-09-08,6360.18994140625,6360.18994140625,6391.41015625,6354.9599609375,6389.64990234375,1786070000
2017-09-11,6432.259765625,6432.259765625,6439.10986328125,6410.7099609375,6411.18017578125,1819310000
2017-09-12,6454.27978515625,6454.27978515625,6455.02978515625,6429.5400390625,6448.81005859375,1747620000
2017-09-13,6460.18994140625,6460.18994140625,6460.419921875,6433.2001953125,6440.72021484375,1944630000
2017-09-14,6429.080078125,6429.080078125,6455.31982421875,6424.0400390625,6439.4599609375,1817840000
2017-09-15,6448.47021484375,6448.47021484375,6464.27001953125,6419.64990234375,6426.16015625,2827910000
2017-09-18,6454.64013671875,6454.64013671875,6477.77001953125,6438.41015625,6460.10009765625,1881900000
2017-09-19,6461.31982421875,6461.31982421875,6467.7900390625,6446.75,6465.56982421875,1816080000
2017-09-20,6456.0400390625,6456.0400390625,6466.0498046875,6414.22998046875,6459.740234375,2083580000
2017-09-21,6422.68994140625,6422.68994140625,6448.56982421875,6405.2998046875,6448.56982421875,1779600000
2017-09-22,6426.919921875,6426.919921875,6429.5400390625,6400.81005859375,6401.43994140625,1648690000
2017-09-25,6370.58984375,6370.58984375,6408.0498046875,6343.9599609375,6403.10986328125,2061150000
2017-09-26,6380.16015625,6380.16015625,6405.0,6364.56982421875,6391.85009765625,1935990000
2017-09-27,6453.259765625,6453.259765625,6472.64990234375,6405.35986328125,6414.3701171875,2068400000
2017-09-28,6453.4501953125,6453.4501953125,6456.22998046875,6427.66015625,6437.9599609375,1882790000
2017-09-29,6495.9599609375,6495.9599609375,6497.97998046875,6454.85986328125,6461.27978515625,1970720000
2017-10-02,6516.72021484375,6516.72021484375,6527.22021484375,6484.14013671875,6506.080078125,1984400000
2017-10-03,6531.7099609375,6531.7099609375,6532.18017578125,6509.7099609375,6523.740234375,1972760000
2017-10-04,6534.6298828125,6534.6298828125,6546.4599609375,6513.1201171875,6521.9599609375,1941470000
2017-10-05,6585.35986328125,6585.35986328125,6587.2099609375,6547.64990234375,6552.8701171875,1888970000
2017-10-06,6590.18017578125,6590.18017578125,6590.18017578125,6566.83984375,6566.9501953125,1752170000
2017-10-09,6579.72998046875,6579.72998046875,6599.33984375,6572.43994140625,6597.3701171875,1494160000
2017-10-10,6587.25,6587.25,6608.2998046875,6561.77978515625,6602.490234375,1802480000
2017-10-11,6603.5498046875,6603.5498046875,6604.2099609375,6577.990234375,6586.72998046875,1837860000
2017-10-12,6591.509765625,6591.509765625,6613.5,6586.31982421875,6594.759765625,2020330000
2017-10-13,6605.7998046875,6605.7998046875,6616.580078125,6602.2001953125,6613.2099609375,1761700000
2017-10-16,6624.0,6624.0,6632.5,6607.02978515625,6622.5498046875,1632240000
2017-10-17,6623.66015625,6623.66015625,6628.60009765625,6613.2099609375,6621.419921875,1653160000
2017-10-18,6624.22021484375,6624.22021484375,6635.52001953125,6613.5498046875,6634.259765625,1738060000
2017-10-19,6605.06982421875,6605.06982421875,6605.2900390625,6558.52978515625,6583.7001953125,1847020000
2017-10-20,6629.0498046875,6629.0498046875,6640.02978515625,6622.919921875,6633.3701171875,1812220000
2017-10-23,6586.830078125,6586.830078125,6641.56982421875,6581.14990234375,6641.56982421875,1813080000
2017-10-24,6598.43017578125,6598.43017578125,6611.89990234375,6582.06005859375,6598.60986328125,1852610000
2017-10-25,6563.89013671875,6563.89013671875,6600.64013671875,6517.93017578125,6587.22021484375,2205790000
2017-10-26,6556.77001953125,6556.77001953125,6582.759765625,6550.02978515625,6567.58984375,2125640000
2017-10-27,6701.259765625,6701.259765625,6708.1298828125,6625.77978515625,6635.02978515625,2414520000
2017-10-30,6698.9599609375,6698.9599609375,6727.39013671875,6677.14990234375,6693.77001953125,2015920000
2017-10-31,6727.669921875,6727.669921875,6737.75,6705.7900390625,6713.7099609375,2054220000
2017-11-01,6716.52978515625,6716.52978515625,6759.66015625,6691.47998046875,6758.64013671875,2074230000
2017-11-02,6714.93994140625,6714.93994140625,6719.97021484375,6677.5498046875,6709.39013671875,2282300000
2017-11-03,6764.43994140625,6764.43994140625,6765.14013671875,6712.93017578125,6737.08984375,2203880000
2017-11-06,6786.43994140625,6786.43994140625,6790.669921875,6763.169921875,6763.2998046875,2173120000
2017-11-07,6767.77978515625,6767.77978515625,6795.52001953125,6750.35009765625,6785.43994140625,2209280000
2017-11-08,6789.1201171875,6789.1201171875,6791.64990234375,6753.33984375,6764.85009765625,2121340000
2017-11-09,6750.0498046875,6750.0498046875,6758.93017578125,6687.27978515625,6737.4501953125,2243500000
2017-11-10,6750.93994140625,6750.93994140625,6757.33984375,6727.35009765625,6736.39013671875,1979120000
2017-11-13,6757.60009765625,6757.60009765625,6766.2998046875,6723.43017578125,6727.39013671875,1976460000
2017-11-14,6737.8701171875,6737.8701171875,6743.6298828125,6709.27001953125,6733.8701171875,1988230000
2017-11-15,6706.2099609375,6706.2099609375,6725.31982421875,6667.31005859375,6700.68017578125,1923730000
2017-11-16,6793.2900390625,6793.2900390625,6806.669921875,6742.33984375,6742.33984375,2020380000
2017-11-17,6782.7900390625,6782.7900390625,6797.75,6777.43017578125,6794.4501953125,2009220000
2017-11-20,6790.7099609375,6790.7099609375,6795.830078125,6779.490234375,6789.27978515625,1811750000
2017-11-21,6862.47998046875,6862.47998046875,6862.66015625,6820.02001953125,6820.5498046875,1891960000
2017-11-22,6867.35986328125,6867.35986328125,6874.52001953125,6859.27978515625,6869.52978515625,1589150000
2017-11-24,6889.16015625,6889.16015625,6890.02001953125,6873.740234375,6878.10986328125,872110000
2017-11-27,6878.52001953125,6878.52001953125,6897.43017578125,6867.89013671875,6889.91015625,1781550000
2017-11-28,6912.35986328125,6912.35986328125,6914.18994140625,6866.2099609375,6893.72021484375,2003840000
2017-11-29,6824.39013671875,6824.39013671875,6908.330078125,6793.9501953125,6907.27978515625,2456990000
2017-11-30,6873.97021484375,6873.97021484375,6888.64990234375,6838.47998046875,6852.7998046875,2468530000
2017-12-01,6847.58984375,6847.58984375,6872.169921875,6737.16015625,6844.0400390625,2302140000
2017-12-04,6775.3701171875,6775.3701171875,6899.22998046875,6770.68994140625,6897.1298828125,2427170000
2017-12-05,6762.2099609375,6762.2099609375,6836.4501953125,6752.31982421875,6759.14013671875,2085760000
2017-12-06,6776.3798828125,6776.3798828125,6787.419921875,6734.1298828125,6742.06982421875,1901770000
2017-12-07,6812.83984375,6812.83984375,6829.2900390625,6778.2001953125,6785.740234375,1953740000
2017-12-08,6840.080078125,6840.080078125,6870.47998046875,6831.60986328125,6859.9501953125,1825640000
2017-12-11,6875.080078125,6875.080078125,6879.7998046875,6844.8798828125,6847.64013671875,1836780000
2017-12-12,6862.31982421875,6862.31982421875,6884.7998046875,6856.2998046875,6872.7099609375,1872810000
2017-12-13,6875.7998046875,6875.7998046875,6897.6201171875,6871.8701171875,6880.41015625,1931090000
2017-12-14,6856.52978515625,6856.52978515625,6901.1298828125,6851.6298828125,6887.3798828125,1990090000
2017-12-15,6936.580078125,6936.580078125,6945.81982421875,6871.4501953125,6871.5498046875,3529590000
2017-12-18,6994.759765625,6994.759765625,7003.89013671875,6975.5400390625,6980.39990234375,2150580000
2017-12-19,6963.85009765625,6963.85009765625,6995.8798828125,6951.490234375,6991.25,2084190000
2017-12-20,6960.9599609375,6960.9599609375,6991.25,6935.419921875,6991.25,1888140000
2017-12-21,6965.35986328125,6965.35986328125,6992.6298828125,6961.2099609375,6972.8798828125,1827410000
2017-12-22,6959.9599609375,6959.9599609375,6962.259765625,6944.4501953125,6958.02001953125,1541880000
2017-12-26,6936.25,6936.25,6942.14013671875,6915.56005859375,6928.919921875,1301000000
2017-12-27,6939.33984375,6939.33984375,6955.3798828125,6931.33984375,6941.4501953125,1411010000
2017-12-28,6950.16015625,6950.16015625,6954.7998046875,6936.75,6953.3798828125,1319870000
2017-12-29,6903.39013671875,6903.39013671875,6954.97998046875,6903.39013671875,6952.60986328125,1575290000
2018-01-02,7006.89990234375,7006.89990234375,7006.91015625,6924.080078125,6937.64990234375,1929700000
2018-01-03,7065.52978515625,7065.52978515625,7069.14990234375,7016.7001953125,7017.06982421875,2173130000
2018-01-04,7077.91015625,7077.91015625,7098.0498046875,7072.3798828125,7089.5,2103220000
2018-01-05,7136.56005859375,7136.56005859375,7137.0400390625,7097.080078125,7105.740234375,2024000000
2018-01-08,7157.39013671875,7157.39013671875,7161.35009765625,7124.08984375,7135.3798828125,2055010000
2018-01-09,7163.580078125,7163.580078125,7181.14013671875,7148.2998046875,7174.18994140625,2155810000
2018-01-10,7153.56982421875,7153.56982421875,7154.240234375,7111.52001953125,7129.830078125,2132430000
2018-01-11,7211.77978515625,7211.77978515625,7211.77978515625,7163.22998046875,7168.72998046875,2015170000
2018-01-12,7261.06005859375,7261.06005859375,7265.259765625,7205.18017578125,7208.169921875,1986600000
2018-01-16,7223.68994140625,7223.68994140625,7330.330078125,7205.93017578125,7307.18994140625,2399790000
2018-01-17,7298.27978515625,7298.27978515625,7309.35986328125,7229.31982421875,7257.77001953125,2245910000
2018-01-18,7296.0498046875,7296.0498046875,7313.89013671875,7276.10986328125,7293.64990234375,2037410000
2018-01-19,7336.3798828125,7336.3798828125,7336.3798828125,7297.27978515625,7312.0,2005470000
2018-01-22,7408.02978515625,7408.02978515625,7408.02978515625,7332.81005859375,7338.0400390625,2118310000
2018-01-23,7460.2900390625,7460.2900390625,7465.39013671875,7423.18017578125,7424.9501953125,2135840000
2018-01-24,7415.06005859375,7415.06005859375,7486.31982421875,7376.75,7474.16015625,2287320000
2018-01-25,7411.16015625,7411.16015625,7458.52978515625,7388.580078125,7457.9501953125,2081380000
2018-01-26,7505.77001953125,7505.77001953125,7505.77001953125,7431.22021484375,7448.330078125,2080700000
2018-01-29,7466.509765625,7466.509765625,7500.60986328125,7455.5498046875,7484.47021484375,2114420000
2018-01-30,7402.47998046875,7402.47998046875,7433.64990234375,7373.990234375,7388.89013671875,2183420000
2018-01-31,7411.47998046875,7411.47998046875,7453.990234375,7381.1201171875,7443.25,2428990000
2018-02-01,7385.85986328125,7385.85986328125,7441.08984375,7362.27978515625,7377.169921875,2311180000
2018-02-02,7240.9501953125,7240.9501953125,7364.43017578125,7238.18017578125,7347.58984375,2607160000
2018-02-05,6967.52978515625,6967.52978515625,7277.35986328125,6967.52978515625,7165.9599609375,3143210000
2018-02-06,7115.8798828125,7115.8798828125,7126.5498046875,6824.81982421875,6837.56005859375,3148270000
2018-02-07,7051.97998046875,7051.97998046875,7170.33984375,7051.52978515625,7086.2001953125,2380020000
2018-02-08,6777.16015625,6777.16015625,7073.990234375,6776.77001953125,7067.2998046875,2730740000
2018-02-09,6874.490234375,6874.490234375,6917.009765625,6630.669921875,6863.33984375,3165330000
2018-02-12,6981.9599609375,6981.9599609375,7023.6201171875,6879.68994140625,6936.68017578125,2250650000
2018-02-13,7013.509765625,7013.509765625,7025.68017578125,6938.16015625,6942.16015625,1830320000
2018-02-14,7143.6201171875,7143.6201171875,7152.0498046875,6977.06982421875,6979.240234375,2217630000
2018-02-15,7256.43017578125,7256.43017578125,7256.93017578125,7130.39013671875,7200.75,2124060000
2018-02-16,7239.47021484375,7239.47021484375,7303.259765625,7226.3798828125,7236.509765625,2037710000
2018-02-20,7234.31005859375,7234.31005859375,7295.9501953125,7206.0,7209.02978515625,1921870000
2018-02-21,7218.22998046875,7218.22998046875,7338.64013671875,7218.10986328125,7258.47998046875,1956120000
2018-02-22,7210.08984375,7210.08984375,7280.93017578125,7194.83984375,7252.4599609375,1927580000
2018-02-23,7337.39013671875,7337.39013671875,7337.830078125,7232.5,7261.35009765625,1887540000
2018-02-26,7421.4599609375,7421.4599609375,7421.85009765625,7360.25,7373.2998046875,1876560000
2018-02-27,7330.35009765625,7330.35009765625,7438.08984375,7330.35009765625,7416.169921875,2162250000
2018-02-28,7273.009765625,7273.009765625,7386.7998046875,7273.009765625,7371.41015625,2384940000
2018-03-01,7180.56005859375,7180.56005859375,7307.85009765625,7117.66015625,7274.75,2499010000
2018-03-02,7257.8701171875,7257.8701171875,7267.18994140625,7084.830078125,7099.5400390625,2291480000
2018-03-05,7330.7099609375,7330.7099609375,7350.06982421875,7205.31005859375,7222.89013671875,2076870000
2018-03-06,7372.009765625,7372.009765625,7378.02978515625,7319.68017578125,7366.60986328125,2132920000
2018-03-07,7396.64990234375,7396.64990234375,7403.7900390625,7311.740234375,7311.740234375,2198610000
2018-03-08,7427.9501953125,7427.9501953125,7435.009765625,7391.5,7422.77001953125,2277740000
2018-03-09,7560.81005859375,7560.81005859375,7560.81005859375,7469.02978515625,7475.97998046875,2310050000
2018-03-12,7588.31982421875,7588.31982421875,7609.10009765625,7563.43994140625,7581.0400390625,2314480000
2018-03-13,7511.009765625,7511.009765625,7637.27001953125,7492.97998046875,7627.52001953125,2459220000
2018-03-14,7496.81005859375,7496.81005859375,7544.89013671875,7473.89990234375,7539.77978515625,2112950000
2018-03-15,7481.740234375,7481.740234375,7525.43994140625,7463.18994140625,7509.240234375,2008290000
2018-03-16,7481.990234375,7481.990234375,7514.2099609375,7473.68017578125,7504.3701171875,3089970000
2018-03-19,7344.240234375,7344.240234375,7421.22998046875,7285.27001953125,7419.2001953125,2352810000
2018-03-20,7364.2998046875,7364.2998046875,7380.740234375,7331.240234375,7353.25,1976000000
2018-03-21,7345.2900390625,7345.2900390625,7415.66015625,7325.35009765625,7347.5,1999230000
2018-03-22,7166.68017578125,7166.68017578125,7303.18994140625,7164.3798828125,7257.5498046875,2370970000
2018-03-23,6992.669921875,6992.669921875,7194.31005859375,6992.669921875,7170.68017578125,2455760000
2018-03-26,7220.5400390625,7220.5400390625,7225.830078125,7022.33984375,7125.2001953125,2341370000
2018-03-27,7008.81005859375,7008.81005859375,7255.5400390625,6963.68017578125,7255.47021484375,2347480000
2018-03-28,6949.22998046875,6949.22998046875,7036.08984375,6901.06982421875,6978.2998046875,2551950000
2018-03-29,7063.4501953125,7063.4501953125,7120.4599609375,6935.77978515625,6984.66015625,2593390000
2018-04-02,6870.1201171875,6870.1201171875,7044.7099609375,6805.9599609375,7016.169921875,2402670000
2018-04-03,6941.27978515625,6941.27978515625,6963.7099609375,6835.22998046875,6924.35009765625,2330900000
2018-04-04,7042.10986328125,7042.10986328125,7059.2900390625,6811.77001953125,6811.77001953125,2261580000
2018-04-05,7076.5498046875,7076.5498046875,7112.3798828125,7036.6201171875,7099.25,2153030000
2018-04-06,6915.10986328125,6915.10986328125,7066.64013671875,6877.759765625,6999.56982421875,2359780000
2018-04-09,6950.33984375,6950.33984375,7074.9501953125,6944.9599609375,6971.4501953125,2089220000
2018-04-10,7094.2998046875,7094.2998046875,7117.97998046875,7014.8798828125,7060.990234375,2252020000
2018-04-11,7069.02978515625,7069.02978515625,7128.5400390625,7055.0,7055.0,1882090000
2018-04-12,7140.25,7140.25,7166.0,7105.08984375,7112.02001953125,2027080000
2018-04-13,7106.64990234375,7106.64990234375,7183.6201171875,7078.14013671875,7179.6201171875,1768160000
2018-04-16,7156.27978515625,7156.27978515625,7178.509765625,7115.85009765625,7153.8701171875,1800450000
2018-04-17,7281.10009765625,7281.10009765625,7298.58984375,7206.5498046875,7215.1201171875,1935380000
2018-04-18,7295.240234375,7295.240234375,7319.580078125,7259.89990234375,7292.3798828125,1908700000
2018-04-19,7238.06005859375,7238.06005859375,7277.4501953125,7215.169921875,7258.60986328125,1982090000
2018-04-20,7146.1298828125,7146.1298828125,7222.990234375,7123.490234375,7220.64013671875,1935160000
2018-04-23,7128.60009765625,7128.60009765625,7195.72021484375,7094.43017578125,7173.990234375,1744480000
2018-04-24,7007.35009765625,7007.35009765625,7171.669921875,6961.52001953125,7160.77001953125,2154270000
2018-04-25,7003.740234375,7003.740234375,7030.740234375,6926.97021484375,7009.990234375,2055840000
2018-04-26,7118.68017578125,7118.68017578125,7143.93994140625,7055.66015625,7080.490234375,2141220000
2018-04-27,7119.7998046875,7119.7998046875,7197.14990234375,7083.9501953125,7195.52001953125,2050350000
2018-04-30,7066.27001953125,7066.27001953125,7169.7998046875,7065.41015625,7133.9501953125,1998570000
2018-05-01,7130.7001953125,7130.7001953125,7133.27001953125,7036.18017578125,7053.64990234375,1932660000
2018-05-02,7100.89990234375,7100.89990234375,7169.4599609375,7094.72021484375,7138.4501953125,2157860000
2018-05-03,7088.14990234375,7088.14990234375,7112.58984375,6991.14013671875,7065.02978515625,2355780000
2018-05-04,7209.6201171875,7209.6201171875,7228.259765625,7057.89013671875,7065.669921875,2040520000
2018-05-07,7265.2099609375,7265.2099609375,7291.740234375,7235.759765625,7241.81982421875,1950650000
2018-05-08,7266.89990234375,7266.89990234375,7278.81005859375,7224.7001953125,7255.33984375,2070970000
2018-05-09,7339.91015625,7339.91015625,7344.7998046875,7259.0498046875,7281.52978515625,2250260000
2018-05-10,7404.97021484375,7404.97021484375,7414.14990234375,7353.6298828125,7355.89990234375,2250450000
2018-05-11,7402.8798828125,7402.8798828125,7417.669921875,7372.259765625,7393.97021484375,2085350000
2018-05-14,7411.31982421875,7411.31982421875,7458.419921875,7401.89013671875,7429.4501953125,2085850000
2018-05-15,7351.6298828125,7351.6298828125,7363.52001953125,7320.97021484375,7361.2998046875,2120380000
2018-05-16,7398.2998046875,7398.2998046875,7413.31982421875,7356.16015625,7356.22021484375,2103060000
2018-05-17,7382.47021484375,7382.47021484375,7425.39013671875,7350.4599609375,7379.580078125,1958970000
2018-05-18,7354.33984375,7354.33984375,7381.16015625,7343.97021484375,7364.33984375,1982190000
2018-05-21,7394.0400390625,7394.0400390625,7431.830078125,7368.2099609375,7406.33984375,1997220000
2018-05-22,7378.4599609375,7378.4599609375,7432.52978515625,7370.330078125,7420.85009765625,1927420000
2018-05-23,7425.9599609375,7425.9599609375,7426.77978515625,7334.6201171875,7335.02978515625,1997090000
2018-05-24,7424.43017578125,7424.43017578125,7435.3798828125,7357.5,7421.990234375,2035460000
2018-05-25,7433.85009765625,7433.85009765625,7452.85009765625,7415.580078125,7422.2001953125,1771950000
2018-05-29,7396.58984375,7396.58984375,7435.1298828125,7354.2900390625,7398.509765625,2095380000
2018-05-30,7462.4501953125,7462.4501953125,7473.81005859375,7423.669921875,7428.41015625,2058300000
2018-05-31,7442.1201171875,7442.1201171875,7492.419921875,7431.41015625,7455.580078125,2533360000
2018-06-01,7554.330078125,7554.330078125,7557.3798828125,7487.22998046875,7487.66015625,2212330000
2018-06-04,7606.4599609375,7606.4599609375,7607.169921875,7561.2001953125,7570.080078125,2152170000
2018-06-05,7637.85986328125,7637.85986328125,7644.47998046875,7602.3798828125,7621.35986328125,2063270000
2018-06-06,7689.240234375,7689.240234375,7691.64990234375,7622.31005859375,7652.7998046875,2198100000
2018-06-07,7635.06982421875,7635.06982421875,7697.41015625,7597.66015625,7697.41015625,2339720000
2018-06-08,7645.509765625,7645.509765625,7653.580078125,7595.14013671875,7607.740234375,1949810000
2018-06-11,7659.93017578125,7659.93017578125,7677.2900390625,7642.8701171875,7647.240234375,1959360000
2018-06-12,7703.7900390625,7703.7900390625,7708.25,7669.52978515625,7673.8701171875,2019890000
2018-06-13,7695.7001953125,7695.7001953125,7748.9599609375,7686.64990234375,7713.89990234375,2197830000
2018-06-14,7761.0400390625,7761.0400390625,7768.60009765625,7723.52978515625,7723.52978515625,2193630000
2018-06-15,7746.3798828125,7746.3798828125,7755.72021484375,7704.33984375,7725.02978515625,3049870000
2018-06-18,7747.02978515625,7747.02978515625,7749.35986328125,7676.830078125,7692.9599609375,2102660000
2018-06-19,7725.58984375,7725.58984375,7727.41015625,7635.72998046875,7658.47021484375,2283340000
2018-06-20,7781.509765625,7781.509765625,7806.60009765625,7755.47998046875,7764.14990234375,2316420000
2018-06-21,7712.9501953125,7712.9501953125,7803.4501953125,7699.2001953125,7800.2998046875,2349640000
2018-06-22,7692.81982421875,7692.81982421875,7739.7099609375,7679.1201171875,7739.68994140625,3956300000
2018-06-25,7532.009765625,7532.009765625,7639.72998046875,7477.72998046875,7631.1201171875,2423190000
2018-06-26,7561.6298828125,7561.6298828125,7597.490234375,7527.0,7553.740234375,2068870000
2018-06-27,7445.080078125,7445.080078125,7610.669921875,7444.169921875,7586.330078125,2319650000
2018-06-28,7503.68017578125,7503.68017578125,7526.06982421875,7419.56005859375,7438.10986328125,2208870000
2018-06-29,7510.2998046875,7510.2998046875,7573.58984375,7502.9501953125,7544.1298828125,2208820000
2018-07-02,7567.68994140625,7567.68994140625,7568.10009765625,7443.10009765625,7451.89990234375,1777880000
2018-07-03,7502.669921875,7502.669921875,7594.330078125,7498.5,7593.6298828125,1171420000
2018-07-05,7586.43017578125,7586.43017578125,7589.18994140625,7511.43017578125,7550.66015625,1754690000
2018-07-06,7688.39013671875,7688.39013671875,7695.81005859375,7588.64990234375,7595.93017578125,1718600000
2018-07-09,7756.2001953125,7756.2001953125,7757.27978515625,7702.06005859375,7731.740234375,1844440000
2018-07-10,7759.2001953125,7759.2001953125,7777.47998046875,7731.97998046875,7770.6298828125,1735230000
2018-07-11,7716.60986328125,7716.60986328125,7748.16015625,7696.580078125,7698.509765625,1768480000
2018-07-12,7823.919921875,7823.919921875,7825.669921875,7746.759765625,7752.7099609375,1930830000
2018-07-13,7825.97998046875,7825.97998046875,7843.52001953125,7803.33984375,7827.6201171875,1727500000
2018-07-16,7805.72021484375,7805.72021484375,7838.81982421875,7791.97998046875,7831.740234375,1739360000
2018-07-17,7855.1201171875,7855.1201171875,7867.14990234375,7749.60986328125,7751.97021484375,1752210000
2018-07-18,7854.43994140625,7854.43994140625,7863.77001953125,7822.830078125,7859.43017578125,1881110000
2018-07-19,7825.2998046875,7825.2998046875,7849.85009765625,7811.14990234375,7829.7998046875,1886300000
2018-07-20,7820.2001953125,7820.2001953125,7860.25,7815.85986328125,7843.080078125,1796530000
2018-07-23,7841.8701171875,7841.8701171875,7846.759765625,7776.5498046875,7806.93017578125,1668270000
2018-07-24,7840.77001953125,7840.77001953125,7928.7900390625,7814.330078125,7914.35009765625,2021890000
2018-07-25,7932.240234375,7932.240234375,7933.31005859375,7838.759765625,7839.08984375,1943820000
2018-07-26,7852.18017578125,7852.18017578125,7881.2998046875,7834.080078125,7848.0400390625,2289370000
2018-07-27,7737.419921875,7737.419921875,7889.75,7698.9599609375,7889.75,2193410000
2018-07-30,7630.0,7630.0,7740.259765625,7604.240234375,7735.27001953125,2154140000
2018-07-31,7671.7900390625,7671.7900390625,7709.490234375,7614.83984375,7654.58984375,2208610000
2018-08-01,7707.2900390625,7707.2900390625,7732.68017578125,7670.7099609375,7701.81982421875,2228950000
2018-08-02,7802.68994140625,7802.68994140625,7808.85009765625,7659.52001953125,7659.52001953125,2115490000
2018-08-03,7812.009765625,7812.009765625,7824.06005859375,7783.2998046875,7819.22998046875,2035870000
2018-08-06,7859.68017578125,7859.68017578125,7859.68017578125,7801.8798828125,7809.5400390625,2245300000
2018-08-07,7883.66015625,7883.66015625,7898.2001953125,7868.64990234375,7878.6201171875,2206400000
2018-08-08,7888.330078125,7888.330078125,7901.68994140625,7864.4599609375,7880.0,2098100000
2018-08-09,7891.77978515625,7891.77978515625,7923.35009765625,7881.06005859375,7886.52001953125,2048170000
2018-08-10,7839.10986328125,7839.10986328125,7866.18994140625,7818.3701171875,7834.7099609375,2107530000
2018-08-13,7819.7099609375,7819.7099609375,7888.66015625,7814.27001953125,7848.0,1934100000
2018-08-14,7870.89013671875,7870.89013671875,7878.22998046875,7815.5,7847.8798828125,1938840000
2018-08-15,7774.1201171875,7774.1201171875,7832.66015625,7732.68994140625,7810.02001953125,2294100000
2018-08-16,7806.52001953125,7806.52001953125,7849.669921875,7795.740234375,7826.9501953125,1991410000
2018-08-17,7816.330078125,7816.330078125,7830.77978515625,7752.68017578125,7786.64013671875,1850770000
2018-08-20,7821.009765625,7821.009765625,7837.14013671875,7787.89990234375,7834.3701171875,1709500000
2018-08-21,7859.169921875,7859.169921875,7897.68017578125,7836.7900390625,7840.08984375,1788860000
2018-08-22,7889.10009765625,7889.10009765625,7897.6298828125,7840.83984375,7844.0400390625,1669240000
2018-08-23,7878.4599609375,7878.4599609375,7926.31982421875,7866.52978515625,7886.47021484375,1888600000
2018-08-24,7945.97998046875,7945.97998046875,7949.7099609375,7907.10009765625,7907.81005859375,1892990000
2018-08-27,8017.89990234375,8017.89990234375,8024.93994140625,7976.60009765625,7989.64013671875,2333790000
2018-08-28,8030.0400390625,8030.0400390625,8046.31005859375,8009.58984375,8039.009765625,1980270000
2018-08-29,8109.68994140625,8109.68994140625,8113.56005859375,8042.10009765625,8044.33984375,1909880000
2018-08-30,8088.35986328125,8088.35986328125,8133.2998046875,8069.56982421875,8094.2001953125,2022720000
2018-08-31,8109.5400390625,8109.5400390625,8119.81982421875,8079.31005859375,8079.31005859375,1906900000
2018-09-04,8091.25,8091.25,8104.06982421875,8042.14013671875,8087.9501953125,2238710000
2018-09-05,7995.169921875,7995.169921875,8077.83984375,7962.35009765625,8073.52978515625,2602810000
2018-09-06,7922.72998046875,7922.72998046875,8001.97021484375,7885.490234375,7998.27001953125,2375380000
2018-09-07,7902.5400390625,7902.5400390625,7962.52978515625,7873.93017578125,7878.7900390625,2158930000
2018-09-10,7924.16015625,7924.16015625,7945.02978515625,7890.39013671875,7939.56982421875,2055430000
2018-09-11,7972.47021484375,7972.47021484375,7986.31982421875,7880.919921875,7894.8701171875,2345080000
2018-09-12,7954.22998046875,7954.22998046875,7965.39013671875,7884.0498046875,7958.8701171875,2372320000
2018-09-13,8013.7099609375,8013.7099609375,8037.509765625,7989.85009765625,7999.93017578125,2332930000
2018-09-14,8010.0400390625,8010.0400390625,8040.830078125,7979.77978515625,8026.16015625,2069380000
2018-09-17,7895.7900390625,7895.7900390625,8002.77978515625,7890.06982421875,7992.2099609375,2303600000
2018-09-18,7956.10986328125,7956.10986328125,7986.10009765625,7901.009765625,7903.56982421875,2328260000
2018-09-19,7950.0400390625,7950.0400390625,7976.1201171875,7917.72998046875,7962.5498046875,2167720000
2018-09-20,8028.22998046875,8028.22998046875,8039.06005859375,7986.41015625,7993.52978515625,2306580000
2018-09-21,7986.9599609375,7986.9599609375,8057.259765625,7979.669921875,8041.68994140625,3729890000
2018-09-24,7993.25,7993.25,7997.89990234375,7912.47021484375,7939.3798828125,2433260000
2018-09-25,8007.47021484375,8007.47021484375,8014.1201171875,7979.2900390625,8001.58984375,2328660000
2018-09-26,7990.3701171875,7990.3701171875,8067.02978515625,7982.759765625,8011.68017578125,2342370000
2018-09-27,8041.97021484375,8041.97021484375,8071.56005859375,8017.91015625,8021.22021484375,2073930000
2018-09-28,8046.35009765625,8046.35009765625,8065.06005859375,8015.8701171875,8024.5,2342120000
2018-10-01,8037.2998046875,8037.2998046875,8107.3798828125,8019.77001953125,8091.5,2299520000
2018-10-02,7999.5498046875,7999.5498046875,8054.14990234375,7983.990234375,8024.47021484375,2416800000
2018-10-03,8025.08984375,8025.08984375,8053.93017578125,8012.02978515625,8034.64990234375,3095630000
2018-10-04,7879.509765625,7879.509765625,7997.169921875,7833.16015625,7993.330078125,3302690000
2018-10-05,7788.4501953125,7788.4501953125,7902.669921875,7715.97021484375,7874.759765625,2699370000
2018-10-08,7735.9501953125,7735.9501953125,7797.31982421875,7654.83984375,7747.10009765625,2259300000
2018-10-09,7738.02001953125,7738.02001953125,7799.75,7718.9501953125,7728.509765625,2466440000
2018-10-10,7422.0498046875,7422.0498046875,7701.2001953125,7420.56005859375,7694.080078125,3111680000
2018-10-11,7329.06005859375,7329.06005859375,7493.2099609375,7274.0400390625,7388.06982421875,3154520000
2018-10-12,7496.89013671875,7496.89013671875,7516.68994140625,7368.330078125,7507.83984375,2674210000
2018-10-15,7430.740234375,7430.740234375,7500.93017578125,7400.06982421875,7473.330078125,2167000000
2018-10-16,7645.490234375,7645.490234375,7658.14013671875,7493.43994140625,7501.77978515625,2639760000
2018-10-17,7642.7001953125,7642.7001953125,7670.490234375,7563.08984375,7669.259765625,2385070000
2018-10-18,7485.14013671875,7485.14013671875,7616.85986328125,7452.4599609375,7616.47021484375,2567980000
2018-10-19,7449.02978515625,7449.02978515625,7582.89013671875,7428.2998046875,7530.16015625,2547790000
2018-10-22,7468.6298828125,7468.6298828125,7520.5400390625,7424.740234375,7486.740234375,2301010000
2018-10-23,7437.5400390625,7437.5400390625,7472.580078125,7260.1298828125,7328.5498046875,2752010000
2018-10-24,7108.39990234375,7108.39990234375,7435.68994140625,7099.0,7423.2099609375,2959560000
2018-10-25,7318.33984375,7318.33984375,7364.81982421875,7178.5400390625,7197.490234375,2788090000
2018-10-26,7167.2099609375,7167.2099609375,7283.31982421875,7057.0,7125.18017578125,2971530000
2018-10-29,7050.2900390625,7050.2900390625,7295.60986328125,6922.830078125,7272.419921875,2711900000
2018-10-30,7161.64990234375,7161.64990234375,7166.83984375,7001.47998046875,7017.8701171875,2699220000
2018-10-31,7305.89990234375,7305.89990234375,7368.490234375,7270.6298828125,7276.6201171875,2918880000
2018-11-01,7434.06005859375,7434.06005859375,7435.8798828125,7286.5,7327.81982421875,2728760000
2018-11-02,7356.990234375,7356.990234375,7466.52978515625,7298.68017578125,7424.02001953125,2899670000
2018-11-05,7328.85009765625,7328.85009765625,7349.22998046875,7255.8798828125,7344.080078125,2186310000
2018-11-06,7375.9599609375,7375.9599609375,7400.64013671875,7320.89013671875,7326.06982421875,2300920000
2018-11-07,7570.75,7570.75,7572.93017578125,7435.8701171875,7446.08984375,2687410000
2018-11-08,7530.8798828125,7530.8798828125,7566.93017578125,7499.7099609375,7544.169921875,2475160000
2018-11-09,7406.89990234375,7406.89990234375,7474.33984375,7349.47998046875,7468.509765625,2426750000
2018-11-12,7200.8701171875,7200.8701171875,7371.08984375,7193.77001953125,7364.0498046875,2305340000
2018-11-13,7200.8701171875,7200.8701171875,7319.1201171875,7182.85986328125,7230.68994140625,2361240000
2018-11-14,7136.39013671875,7136.39013671875,7285.56982421875,7101.169921875,7265.39013671875,2566210000
2018-11-15,7259.02978515625,7259.02978515625,7274.259765625,7072.35986328125,7112.830078125,2523500000
2018-11-16,7247.8701171875,7247.8701171875,7274.85986328125,7171.7001953125,7193.60009765625,2466980000
2018-11-19,7028.47998046875,7028.47998046875,7224.1201171875,7011.39990234375,7217.240234375,2381430000
2018-11-20,6908.81982421875,6908.81982421875,6994.75,6830.759765625,6867.43017578125,2672250000
2018-11-21,6972.25,6972.25,7029.93017578125,6951.6201171875,6985.509765625,1867840000
2018-11-23,6938.97998046875,6938.97998046875,6987.89013671875,6919.16015625,6919.52001953125,958950000
2018-11-26,7081.85009765625,7081.85009765625,7083.93017578125,7003.1201171875,7026.5,2036910000
2018-11-27,7082.7001953125,7082.7001953125,7105.14013671875,7014.35986328125,7041.22998046875,2076790000
2018-11-28,7291.58984375,7291.58984375,7292.7099609375,7090.97998046875,7135.080078125,2413120000
2018-11-29,7273.080078125,7273.080078125,7319.9599609375,7217.68994140625,7267.3701171875,2018190000
2018-11-30,7330.5400390625,7330.5400390625,7332.7900390625,7255.68017578125,7279.2998046875,2547970000
2018-12-03,7441.509765625,7441.509765625,7486.509765625,7392.22021484375,7486.1298828125,2643150000
2018-12-04,7158.43017578125,7158.43017578125,7421.10986328125,7150.10986328125,7407.9501953125,2655720000
2018-12-06,7188.259765625,7188.259765625,7189.52001953125,6984.33984375,7017.0498046875,2857650000
2018-12-07,6969.25,6969.25,7205.3701171875,6945.27001953125,7163.490234375,2504680000
2018-12-10,7020.52001953125,7020.52001953125,7047.6201171875,6878.990234375,6959.6298828125,2380270000
2018-12-11,7031.830078125,7031.830078125,7129.830078125,6983.009765625,7121.66015625,2286810000
2018-12-12,7098.31005859375,7098.31005859375,7197.2900390625,7096.56005859375,7127.0,2427080000
2018-12-13,7070.330078125,7070.330078125,7154.64013671875,7034.81982421875,7135.27978515625,2162210000
2018-12-14,6910.66015625,6910.66015625,7027.169921875,6898.990234375,6986.3701171875,2218330000
2018-12-17,6753.72998046875,6753.72998046875,6931.81005859375,6710.009765625,6886.4599609375,2697400000
2018-12-18,6783.91015625,6783.91015625,6847.27001953125,6733.7099609375,6809.81982421875,2623270000
2018-12-19,6636.830078125,6636.830078125,6868.85986328125,6586.5,6777.58984375,2919140000
2018-12-20,6528.41015625,6528.41015625,6666.2001953125,6447.91015625,6607.759765625,3282440000
2018-12-21,6332.990234375,6332.990234375,6586.68017578125,6304.6298828125,6573.490234375,4571670000
2018-12-24,6192.919921875,6192.919921875,6355.18017578125,6190.169921875,6278.490234375,1647440000
2018-12-26,6554.35986328125,6554.35986328125,6555.52978515625,6214.33984375,6257.85986328125,2572890000
2018-12-27,6579.490234375,6579.490234375,6583.009765625,6336.97021484375,6457.18994140625,2449110000
2018-12-28,6584.52001953125,6584.52001953125,6684.18017578125,6529.22021484375,6616.7900390625,2216250000
2018-12-31,6635.27978515625,6635.27978515625,6659.9599609375,6570.06005859375,6649.52001953125,2109320000
2019-01-02,6665.93994140625,6665.93994140625,6693.7099609375,6506.8798828125,6506.91015625,2261800000
2019-01-03,6463.5,6463.5,6600.2099609375,6457.1298828125,6584.77001953125,2631550000
2019-01-04,6738.85986328125,6738.85986328125,6760.68994140625,6554.240234375,6567.14013671875,2596150000
2019-01-07,6823.47021484375,6823.47021484375,6855.60009765625,6741.39990234375,6757.52978515625,2523450000
2019-01-08,6897.0,6897.0,6909.580078125,6795.85986328125,6893.43994140625,2407340000
2019-01-09,6957.080078125,6957.080078125,6985.22021484375,6899.56005859375,6923.06005859375,2434500000
2019-01-10,6986.06982421875,6986.06982421875,6991.3701171875,6877.080078125,6908.64990234375,2190110000
2019-01-11,6971.47998046875,6971.47998046875,6975.64990234375,6933.60009765625,6947.4599609375,2074310000
2019-01-14,6905.919921875,6905.919921875,6936.22021484375,6887.47998046875,6908.02978515625,1960780000
2019-01-15,7023.830078125,7023.830078125,7025.85009765625,6928.1201171875,6931.39013671875,2066090000
2019-01-16,7034.68994140625,7034.68994140625,7079.6298828125,7028.1201171875,7033.75,2163730000
2019-01-17,7084.4599609375,7084.4599609375,7113.9501953125,7003.6201171875,7010.1298828125,2149280000
2019-01-18,7157.22998046875,7157.22998046875,7185.3798828125,7096.6201171875,7134.10009765625,2459920000
2019-01-22,7020.35986328125,7020.35986328125,7110.16015625,6979.81005859375,7109.56982421875,2397660000
2019-01-23,7025.77001953125,7025.77001953125,7084.85009765625,6953.22998046875,7061.64990234375,2288090000
2019-01-24,7073.4599609375,7073.4599609375,7078.9599609375,7029.9501953125,7042.25,2419110000
2019-01-25,7164.85986328125,7164.85986328125,7174.56005859375,7111.08984375,7128.18017578125,2446550000
2019-01-28,7085.68017578125,7085.68017578125,7086.2998046875,7034.25,7075.009765625,2448790000
2019-01-29,7028.2900390625,7028.2900390625,7092.2900390625,7011.47021484375,7087.490234375,2106370000
2019-01-30,7183.080078125,7183.080078125,7201.31005859375,7065.56982421875,7094.7900390625,2569410000
2019-01-31,7281.740234375,7281.740234375,7303.1201171875,7205.9501953125,7208.169921875,2947490000
2019-02-01,7263.8701171875,7263.8701171875,7299.93994140625,7243.41015625,7256.3701171875,2398800000
2019-02-04,7347.5400390625,7347.5400390625,7348.22998046875,7261.06982421875,7266.27978515625,2106030000
2019-02-05,7402.080078125,7402.080078125,7408.68017578125,7355.35986328125,7356.33984375,2284960000
2019-02-06,7375.27978515625,7375.27978515625,7410.77001953125,7346.72021484375,7400.43994140625,2179400000
2019-02-07,7288.35009765625,7288.35009765625,7336.740234375,7235.0498046875,7316.5,2310700000
2019-02-08,7298.2001953125,7298.2001953125,7299.43994140625,7225.14013671875,7232.2998046875,2102520000
2019-02-11,7307.89990234375,7307.89990234375,7343.56005859375,7290.02978515625,7327.3701171875,1908490000
2019-02-12,7414.6201171875,7414.6201171875,7419.43017578125,7349.7998046875,7358.85009765625,2140130000
2019-02-13,7420.3798828125,7420.3798828125,7461.66015625,7413.83984375,7437.4599609375,2103840000
2019-02-14,7426.9501953125,7426.9501953125,7454.419921875,7375.7099609375,7390.25,2117500000
2019-02-15,7472.41015625,7472.41015625,7477.27978515625,7440.259765625,7468.56982421875,2263640000
2019-02-19,7486.77001953125,7486.77001953125,7507.7900390625,7450.27001953125,7450.75,2124140000
2019-02-20,7489.06982421875,7489.06982421875,7513.7001953125,7455.25,7490.31005859375,2202670000
2019-02-21,7459.7099609375,7459.7099609375,7485.75,7430.89013671875,7475.41015625,2144680000
2019-02-22,7527.5400390625,7527.5400390625,7527.5400390625,7479.009765625,7481.6298828125,2428560000
2019-02-25,7554.4599609375,7554.4599609375,7602.68994140625,7551.60986328125,7585.2998046875,2399410000
2019-02-26,7549.2998046875,7549.2998046875,7573.22021484375,7524.31005859375,7535.2900390625,2305760000
2019-02-27,7554.509765625,7554.509765625,7562.2900390625,7485.39013671875,7526.419921875,2430790000
2019-02-28,7532.52978515625,7532.52978515625,7561.89990234375,7516.47998046875,7533.31005859375,2676790000
2019-03-01,7595.35009765625,7595.35009765625,7603.0400390625,7540.75,7587.4501953125,2490920000
2019-03-04,7577.56982421875,7577.56982421875,7643.66015625,7501.56005859375,7636.6201171875,2582090000
2019-03-05,7576.35986328125,7576.35986328125,7598.66015625,7543.5400390625,7582.2900390625,2166670000
2019-03-06,7505.919921875,7505.919921875,7579.02001953125,7499.8701171875,7575.3798828125,2256550000
2019-03-07,7421.4599609375,7421.4599609375,7489.080078125,7397.18994140625,7483.7900390625,2462690000
2019-03-08,7408.14013671875,7408.14013671875,7411.52001953125,7332.919921875,7334.35009765625,2260950000
2019-03-11,7558.06005859375,7558.06005859375,7558.22998046875,7442.39990234375,7442.56005859375,2248460000
2019-03-12,7591.02978515625,7591.02978515625,7611.1298828125,7560.4599609375,7571.85009765625,2171620000
2019-03-13,7643.41015625,7643.41015625,7677.06982421875,7619.4599609375,7621.3798828125,2379260000
2019-03-14,7630.91015625,7630.91015625,7653.10009765625,7627.02001953125,7644.7900390625,2198900000
2019-03-15,7688.52978515625,7688.52978515625,7714.9599609375,7652.0400390625,7658.41015625,3451860000
2019-03-18,7714.47998046875,7714.47998046875,7737.669921875,7677.740234375,7696.3798828125,2302140000
2019-03-19,7723.9501953125,7723.9501953125,7767.89013671875,7699.14990234375,7747.39990234375,2457920000
2019-03-20,7728.97021484375,7728.97021484375,7779.240234375,7674.0400390625,7721.9501953125,2464230000
2019-03-21,7838.9599609375,7838.9599609375,7850.10986328125,7705.43017578125,7705.43017578125,2502810000
2019-03-22,7642.669921875,7642.669921875,7817.830078125,7642.56982421875,7800.25,2504740000
2019-03-25,7637.5400390625,7637.5400390625,7662.3798828125,7579.2900390625,7618.97998046875,2162490000
2019-03-26,7691.52001953125,7691.52001953125,7738.169921875,7649.2099609375,7700.0,2080350000
2019-03-27,7643.3798828125,7643.3798828125,7712.83984375,7582.08984375,7702.0498046875,2244070000
2019-03-28,7669.169921875,7669.169921875,7689.16015625,7619.81982421875,7660.06982421875,1922150000
2019-03-29,7729.31982421875,7729.31982421875,7733.6201171875,7688.509765625,7726.7099609375,2311790000
2019-04-01,7828.91015625,7828.91015625,7831.4501953125,7777.08984375,7800.240234375,2230050000
2019-04-02,7848.68994140625,7848.68994140625,7854.919921875,7811.27978515625,7824.60986328125,2123250000
2019-04-03,7895.5498046875,7895.5498046875,7938.259765625,7870.89990234375,7891.18017578125,2509630000
2019-04-04,7891.77978515625,7891.77978515625,7917.64990234375,7844.9599609375,7894.259765625,2152640000
2019-04-05,7938.68994140625,7938.68994140625,7940.4501953125,7909.14013671875,7914.509765625,2157050000
2019-04-08,7953.8798828125,7953.8798828125,7955.89990234375,7891.85009765625,7924.89013671875,2075550000
2019-04-09,7909.27978515625,7909.27978515625,7945.5498046875,7897.60986328125,7924.77001953125,2078800000
2019-04-10,7964.240234375,7964.240234375,7965.330078125,7916.89990234375,7922.72998046875,2012290000
2019-04-11,7947.35986328125,7947.35986328125,7975.2001953125,7933.41015625,7975.2001953125,1969480000
2019-04-12,7984.16015625,7984.16015625,7992.08984375,7952.60986328125,7984.14990234375,1968900000
2019-04-15,7976.009765625,7976.009765625,7993.330078125,7933.56982421875,7987.16015625,1827710000
2019-04-16,8000.22998046875,8000.22998046875,8017.56005859375,7978.81005859375,8000.56982421875,2102740000
2019-04-17,7996.080078125,7996.080078125,8052.39990234375,7973.3798828125,8044.97021484375,2317330000
2019-04-18,7998.06005859375,7998.06005859375,8002.31005859375,7950.97021484375,7998.4501953125,2124630000
2019-04-22,8015.27001953125,8015.27001953125,8017.14990234375,7965.89990234375,7969.3701171875,1790990000
2019-04-23,8120.81982421875,8120.81982421875,8128.8701171875,8023.81005859375,8026.75,2099410000
2019-04-24,8102.009765625,8102.009765625,8139.5498046875,8101.7001953125,8122.8798828125,2043310000
2019-04-25,8118.68017578125,8118.68017578125,8151.83984375,8075.41015625,8150.85009765625,2073370000
2019-04-26,8146.39990234375,8146.39990234375,8146.419921875,8060.89013671875,8100.27978515625,1982560000
2019-04-29,8161.85009765625,8161.85009765625,8176.080078125,8136.41015625,8147.64990234375,1781860000
2019-04-30,8095.39013671875,8095.39013671875,8124.60986328125,8050.5498046875,8104.91015625,2131850000
2019-05-01,8049.64013671875,8049.64013671875,8146.0,8048.22998046875,8132.93017578125,2273540000
2019-05-02,8036.77001953125,8036.77001953125,8094.06005859375,7976.77001953125,8046.47998046875,2211530000
2019-05-03,8164.0,8164.0,8164.7099609375,8084.7998046875,8092.8798828125,2081080000
2019-05-06,8123.2900390625,8123.2900390625,8135.5400390625,7981.85009765625,7981.85009765625,1979650000
2019-05-07,7963.759765625,7963.759765625,8070.97021484375,7899.02001953125,8043.52001953125,2397600000
2019-05-08,7943.31982421875,7943.31982421875,8004.490234375,7923.35009765625,7946.240234375,2214680000
2019-05-09,7910.58984375,7910.58984375,7929.77978515625,7796.16015625,7853.2099609375,2549500000
2019-05-10,7916.93994140625,7916.93994140625,7949.33984375,7759.33984375,7881.31005859375,2421470000
2019-05-13,7647.02001953125,7647.02001953125,7760.830078125,7627.22021484375,7720.06982421875,2484820000
2019-05-14,7734.490234375,7734.490234375,7776.2001953125,7665.2998046875,7689.66015625,2103140000
2019-05-15,7822.14990234375,7822.14990234375,7838.72021484375,7682.240234375,7682.7998046875,2014080000
2019-05-16,7898.0498046875,7898.0498046875,7946.22998046875,7826.669921875,7832.580078125,2168720000
2019-05-17,7816.27978515625,7816.27978515625,7918.7099609375,7810.35009765625,7829.02978515625,2176380000
2019-05-20,7702.3798828125,7702.3798828125,7747.27001953125,7678.35009765625,7714.06005859375,2130700000
2019-05-21,7785.72021484375,7785.72021484375,7804.43994140625,7752.919921875,7765.56982421875,2000130000
2019-05-22,7750.83984375,7750.83984375,7786.330078125,7738.35009765625,7749.7998046875,1884660000
2019-05-23,7628.27978515625,7628.27978515625,7665.14990234375,7585.31982421875,7660.72021484375,2270530000
2019-05-24,7637.009765625,7637.009765625,7694.14990234375,7631.25,7675.56982421875,1685230000
2019-05-28,7607.35009765625,7607.35009765625,7693.740234375,7603.759765625,7655.66015625,2378470000
2019-05-29,7547.31005859375,7547.31005859375,7581.10986328125,7503.93994140625,7553.02001953125,2282120000
2019-05-30,7567.72021484375,7567.72021484375,7595.89990234375,7527.66015625,7565.4599609375,1875180000
2019-05-31,7453.14990234375,7453.14990234375,7506.85986328125,7448.22998046875,7470.9501953125,2239420000
2019-06-03,7333.02001953125,7333.02001953125,7457.66015625,7292.22021484375,7441.2099609375,2580670000
2019-06-04,7527.1201171875,7527.1201171875,7529.5,7385.02001953125,7413.93994140625,2374130000
2019-06-05,7575.47998046875,7575.47998046875,7589.47021484375,7498.169921875,7585.68017578125,2139290000
2019-06-06,7615.5498046875,7615.5498046875,7634.1201171875,7546.22021484375,7582.240234375,2093470000
2019-06-07,7742.10009765625,7742.10009765625,7767.02001953125,7647.91015625,7652.97021484375,2074120000
2019-06-10,7823.169921875,7823.169921875,7895.43994140625,7795.759765625,7798.8701171875,2042340000
2019-06-11,7822.56982421875,7822.56982421875,7909.990234375,7798.6298828125,7901.0400390625,2121150000
2019-06-12,7792.72021484375,7792.72021484375,7819.16015625,7773.97021484375,7803.1298828125,1978930000
2019-06-13,7837.1298828125,7837.1298828125,7848.35986328125,7813.60009765625,7822.56005859375,1848360000
2019-06-14,7796.66015625,7796.66015625,7819.2099609375,7778.1201171875,7807.18994140625,1808370000
2019-06-17,7845.02001953125,7845.02001953125,7865.97998046875,7812.60986328125,7819.43017578125,1950550000
2019-06-18,7953.8798828125,7953.8798828125,8005.2099609375,7911.669921875,7920.97998046875,2250550000
2019-06-19,7987.31982421875,7987.31982421875,7998.58984375,7930.3798828125,7970.259765625,2027520000
2019-06-20,8051.33984375,8051.33984375,8088.8798828125,7996.8701171875,8087.4501953125,2108250000
2019-06-21,8031.7099609375,8031.7099609375,8073.02001953125,8011.2001953125,8028.68994140625,2909540000
2019-06-24,8005.7001953125,8005.7001953125,8047.56005859375,8004.6298828125,8040.580078125,2073470000
2019-06-25,7884.72021484375,7884.72021484375,8007.31005859375,7879.14990234375,8005.27001953125,2132550000
2019-06-26,7909.97021484375,7909.97021484375,7974.27978515625,7903.06982421875,7933.919921875,2122730000
2019-06-27,7967.759765625,7967.759765625,7976.580078125,7935.47021484375,7939.35986328125,2083920000
2019-06-28,8006.240234375,8006.240234375,8010.14990234375,7961.4599609375,7988.759765625,4101490000
2019-07-01,8091.16015625,8091.16015625,8150.4501953125,8059.2900390625,8145.85009765625,2219030000
2019-07-02,8109.08984375,8109.08984375,8109.3701171875,8063.10986328125,8086.64990234375,1956590000
2019-07-03,8170.22998046875,8170.22998046875,8170.22998046875,8122.33984375,8129.56982421875,1548240000
2019-07-05,8161.7900390625,8161.7900390625,8171.97021484375,8093.66015625,8123.27978515625,1690700000
2019-07-08,8098.3798828125,8098.3798828125,8161.7900390625,8078.39013671875,8112.91015625,1957160000
2019-07-09,8141.72998046875,8141.72998046875,8146.97998046875,8061.31982421875,8061.41015625,1871430000
2019-07-10,8202.5302734375,8202.5302734375,8228.599609375,8160.56005859375,8183.18994140625,2066640000
2019-07-11,8196.0400390625,8196.0400390625,8226.1796875,8171.6298828125,8219.2802734375,1970690000
2019-07-12,8244.1396484375,8244.1396484375,8245.66015625,8201.51953125,8209.2001953125,1835960000
2019-07-15,8258.1904296875,8258.1904296875,8264.7802734375,8236.26953125,8263.1796875,1790770000
2019-07-16,8222.7998046875,8222.7998046875,8259.75,8204.23046875,8251.66015625,1947010000
2019-07-17,8185.2099609375,8185.2099609375,8230.669921875,8184.66015625,8224.0,1887120000
2019-07-18,8207.240234375,8207.240234375,8215.580078125,8135.1201171875,8151.759765625,2063790000
2019-07-19,8146.490234375,8146.490234375,8245.7802734375,8144.6298828125,8241.33984375,1893050000
2019-07-22,8204.1396484375,8204.1396484375,8218.419921875,8171.5400390625,8171.990234375,1860440000
2019-07-23,8251.400390625,8251.400390625,8251.830078125,8193.8896484375,8242.5,1845050000
2019-07-24,8321.5,8321.5,8321.8095703125,8226.5,8227.3603515625,1953670000
2019-07-25,8238.5400390625,8238.5400390625,8295.9501953125,8233.400390625,8294.6796875,2058090000
2019-07-26,8330.2099609375,8330.2099609375,8339.6396484375,8291.1201171875,8294.2998046875,1975110000
2019-07-29,8293.330078125,8293.330078125,8325.2802734375,8247.3701171875,8325.099609375,1882980000
2019-07-30,8273.6103515625,8273.6103515625,8295.4599609375,8228.01953125,8231.76953125,1893610000
2019-07-31,8175.419921875,8175.419921875,8299.830078125,8110.02001953125,8290.7998046875,2679230000
2019-08-01,8111.1201171875,8111.1201171875,8311.0400390625,8080.52001953125,8190.56005859375,2815420000
2019-08-02,8004.06982421875,8004.06982421875,8068.7998046875,7953.669921875,8056.419921875,2262550000
2019-08-05,7726.0400390625,7726.0400390625,7836.4501953125,7662.89990234375,7823.330078125,2661780000
2019-08-06,7833.27001953125,7833.27001953125,7845.009765625,7739.56982421875,7804.509765625,2217620000
2019-08-07,7862.830078125,7862.830078125,7881.3798828125,7702.419921875,7747.27001953125,2470170000
2019-08-08,8039.16015625,8039.16015625,8041.1201171875,7896.14990234375,7921.58984375,2442950000
2019-08-09,7959.14013671875,7959.14013671875,8020.56005859375,7910.35009765625,7997.18994140625,2221180000
2019-08-12,7863.41015625,7863.41015625,7924.990234375,7833.7900390625,7907.490234375,2068920000
2019-08-13,8016.35986328125,8016.35986328125,8065.240234375,7851.580078125,7852.3701171875,2353570000
2019-08-14,7773.93994140625,7773.93994140625,7900.27978515625,7762.8701171875,7877.330078125,2543670000
2019-08-15,7766.6201171875,7766.6201171875,7805.93017578125,7716.5498046875,7790.2001953125,2190810000
2019-08-16,7895.990234375,7895.990234375,7907.52001953125,7828.35009765625,7828.35009765625,2018710000
2019-08-19,8002.81005859375,8002.81005859375,8026.75,7895.990234375,8006.18017578125,1946440000
2019-08-20,7948.56005859375,7948.56005859375,8010.580078125,7948.08984375,7989.35986328125,1750730000
2019-08-21,8020.2099609375,8020.2099609375,8036.93994140625,7998.5,8017.06982421875,1721410000
2019-08-22,7991.39013671875,7991.39013671875,8048.580078125,7937.1201171875,8038.7900390625,1780760000
2019-08-23,7751.77001953125,7751.77001953125,8005.33984375,7730.77001953125,7943.64990234375,2214370000
2019-08-26,7853.740234375,7853.740234375,7856.0400390625,7789.0498046875,7829.580078125,1691990000
2019-08-27,7826.9501953125,7826.9501953125,7916.830078125,7795.18017578125,7908.77978515625,1914930000
2019-08-28,7856.8798828125,7856.8798828125,7866.8701171875,7766.669921875,7798.35009765625,1663450000
2019-08-29,7973.39013671875,7973.39013671875,7992.2900390625,7925.830078125,7945.77978515625,1703760000
2019-08-30,7962.8798828125,7962.8798828125,8017.91015625,7914.740234375,8015.16015625,1668110000
2019-09-03,7874.16015625,7874.16015625,7940.3701171875,7847.31982421875,7906.43994140625,1938780000
2019-09-04,7976.8798828125,7976.8798828125,7981.41015625,7928.93994140625,7949.81005859375,1893740000
2019-09-05,8116.830078125,8116.830078125,8134.419921875,8061.2900390625,8061.2900390625,2108700000
2019-09-06,8103.06982421875,8103.06982421875,8134.39013671875,8098.52001953125,8125.580078125,1878730000
2019-09-09,8087.43994140625,8087.43994140625,8131.66015625,8052.33984375,8130.91015625,2186660000
2019-09-10,8084.16015625,8084.16015625,8086.52978515625,8001.68017578125,8049.97998046875,2366080000
2019-09-11,8169.68017578125,8169.68017578125,8169.68017578125,8081.56005859375,8091.68017578125,2322610000
2019-09-12,8194.4697265625,8194.4697265625,8243.7998046875,8176.72998046875,8206.580078125,2228100000
2019-09-13,8176.7099609375,8176.7099609375,8210.2001953125,8165.47021484375,8190.56982421875,1984570000
2019-09-16,8153.5400390625,8153.5400390625,8165.330078125,8121.25,8121.64013671875,1876540000
2019-09-17,8186.02001953125,8186.02001953125,8188.22998046875,8139.81982421875,8148.64990234375,1857350000
2019-09-18,8177.39013671875,8177.39013671875,8179.8701171875,8086.22021484375,8174.6201171875,2045590000
2019-09-19,8182.8798828125,8182.8798828125,8237.4296875,8174.31982421875,8193.58984375,1818430000
2019-09-20,8117.669921875,8117.669921875,8202.8203125,8086.16015625,8184.8798828125,3363230000
2019-09-23,8112.4599609375,8112.4599609375,8135.81005859375,8085.33984375,8106.490234375,1781750000
2019-09-24,7993.6298828125,7993.6298828125,8158.830078125,7969.64990234375,8147.22998046875,2310940000
2019-09-25,8077.3798828125,8077.3798828125,8095.0,7935.56982421875,7990.66015625,2022080000
2019-09-26,8030.66015625,8030.66015625,8072.10986328125,7991.02001953125,8070.1201171875,1886310000
2019-09-27,7939.6298828125,7939.6298828125,8051.830078125,7890.27978515625,8047.10986328125,2041250000
2019-09-30,7999.33984375,7999.33984375,8012.16015625,7949.6298828125,7964.08984375,1809050000
2019-10-01,7908.68017578125,7908.68017578125,8062.5,7906.2900390625,8026.830078125,2250500000
2019-10-02,7785.25,7785.25,7852.7001953125,7744.9599609375,7851.1298828125,2503630000
2019-10-03,7872.259765625,7872.259765625,7872.259765625,7700.0,7787.02001953125,2157220000
2019-10-04,7982.47021484375,7982.47021484375,7986.6201171875,7899.39013671875,7908.43994140625,1748000000
2019-10-07,7956.2900390625,7956.2900390625,8013.31005859375,7942.080078125,7956.41015625,1759580000
2019-10-08,7823.77978515625,7823.77978515625,7921.8798828125,7823.72998046875,7898.27001953125,1943700000
2019-10-09,7903.740234375,7903.740234375,7930.919921875,7873.52001953125,7895.9599609375,1563500000
2019-10-10,7950.77978515625,7950.77978515625,7982.83984375,7899.81005859375,7904.56005859375,1793470000
2019-10-11,8057.0400390625,8057.0400390625,8115.7998046875,8046.7998046875,8047.33984375,2184790000
2019-10-14,8048.64990234375,8048.64990234375,8069.85009765625,8036.41015625,8044.35009765625,1423700000
2019-10-15,8148.7099609375,8148.7099609375,8166.18017578125,8071.81005859375,8074.85009765625,1841660000
2019-10-16,8124.18017578125,8124.18017578125,8146.14990234375,8103.3798828125,8119.81005859375,1900010000
2019-10-17,8156.85009765625,8156.85009765625,8183.64013671875,8131.25,8176.91015625,1864020000
2019-10-18,8089.5400390625,8089.5400390625,8157.35986328125,8045.3701171875,8149.85009765625,2020020000
2019-10-21,8162.990234375,8162.990234375,8164.14013671875,8117.259765625,8137.419921875,1756640000
2019-10-22,8104.2998046875,8104.2998046875,8194.6201171875,8101.97998046875,8188.1201171875,1850870000
2019-10-23,8119.7900390625,8119.7900390625,8122.8798828125,8078.35009765625,8090.240234375,1822180000
2019-10-24,8185.7998046875,8185.7998046875,8187.83984375,8137.66015625,8180.0400390625,1893620000
2019-10-25,8243.1201171875,8243.1201171875,8249.9697265625,8150.58984375,8150.58984375,1911580000
2019-10-28,8325.990234375,8325.990234375,8335.5595703125,8285.26953125,8285.76953125,1959920000
2019-10-29,8276.849609375,8276.849609375,8319.2900390625,8275.1396484375,8313.349609375,1842720000
2019-10-30,8303.98046875,8303.98046875,8315.5,8241.7001953125,8284.2802734375,1936060000
2019-10-31,8292.3603515625,8292.3603515625,8321.7998046875,8248.8095703125,8314.3798828125,2276140000
2019-11-01,8386.400390625,8386.400390625,8386.75,8326.5595703125,8335.0498046875,2071350000
2019-11-04,8433.2001953125,8433.2001953125,8451.3701171875,8421.2998046875,8445.5,2166830000
2019-11-05,8434.6796875,8434.6796875,8457.3896484375,8421.0498046875,8446.6201171875,2327420000
2019-11-06,8410.6298828125,8410.6298828125,8426.5703125,8379.330078125,8426.5703125,2342570000
2019-11-07,8434.51953125,8434.51953125,8483.16015625,8415.8701171875,8455.1103515625,2403680000
2019-11-08,8475.3095703125,8475.3095703125,8475.5703125,8405.8896484375,8422.669921875,1982140000
2019-11-11,8464.2802734375,8464.2802734375,8467.2900390625,8425.48046875,8431.259765625,1719300000
2019-11-12,8486.08984375,8486.08984375,8514.83984375,8462.990234375,8471.0703125,2001440000
2019-11-13,8482.099609375,8482.099609375,8496.900390625,8451.33984375,8455.01953125,2180010000
2019-11-14,8479.01953125,8479.01953125,8485.3603515625,8441.580078125,8461.0595703125,2113840000
2019-11-15,8540.830078125,8540.830078125,8540.830078125,8506.7998046875,8524.48046875,2199480000
2019-11-18,8549.9404296875,8549.9404296875,8559.7802734375,8503.6201171875,8529.16015625,2053260000
2019-11-19,8570.66015625,8570.66015625,8589.759765625,8536.73046875,8578.01953125,2094030000
2019-11-20,8526.73046875,8526.73046875,8578.26953125,8468.6298828125,8543.5703125,2608780000
2019-11-21,8506.2099609375,8506.2099609375,8530.73046875,8487.2900390625,8527.8701171875,2073720000
2019-11-22,8519.8798828125,8519.8798828125,8535.4599609375,8477.490234375,8530.5400390625,1885730000
2019-11-25,8632.490234375,8632.490234375,8633.150390625,8559.650390625,8559.650390625,2262750000
2019-11-26,8647.9296875,8647.9296875,8659.73046875,8625.6201171875,8635.400390625,2439370000
2019-11-27,8705.1796875,8705.1796875,8705.91015625,8662.580078125,8669.58984375,1748520000
2019-11-29,8665.4697265625,8665.4697265625,8697.3203125,8664.0400390625,8682.009765625,1099090000
2019-12-02,8567.990234375,8567.990234375,8672.83984375,8540.16015625,8672.83984375,2240300000
2019-12-03,8520.6396484375,8520.6396484375,8523.98046875,8435.400390625,8460.7197265625,2318760000
2019-12-04,8566.669921875,8566.669921875,8584.8798828125,8552.3798828125,8557.4501953125,2158870000
2019-12-05,8570.7001953125,8570.7001953125,8588.8896484375,8541.919921875,8587.9296875,2133380000
2019-12-06,8656.5302734375,8656.5302734375,8665.4404296875,8630.580078125,8634.25,2057020000
2019-12-09,8621.830078125,8621.830078125,8678.849609375,8619.76953125,8650.8603515625,2123870000
2019-12-10,8616.1796875,8616.1796875,8650.759765625,8600.8203125,8623.5595703125,2058760000
2019-12-11,8654.0498046875,8654.0498046875,8658.48046875,8622.3603515625,8631.1201171875,1982080000
2019-12-12,8717.3203125,8717.3203125,8745.8203125,8633.599609375,8645.3603515625,2396400000
2019-12-13,8734.8798828125,8734.8798828125,8768.8701171875,8697.580078125,8713.91015625,2219630000
2019-12-16,8814.23046875,8814.23046875,8833.4501953125,8789.76953125,8791.3095703125,2368050000
2019-12-17,8823.3603515625,8823.3603515625,8831.990234375,8804.599609375,8829.4697265625,2382450000
2019-12-18,8827.740234375,8827.740234375,8848.759765625,8820.419921875,8834.650390625,2742330000
2019-12-19,8887.2197265625,8887.2197265625,8888.1298828125,8838.9697265625,8838.9697265625,2446890000
2019-12-20,8924.9599609375,8924.9599609375,8931.91015625,8901.8701171875,8911.83984375,3830200000
2019-12-23,8945.650390625,8945.650390625,8956.6396484375,8934.5498046875,8950.2001953125,2028670000
2019-12-24,8952.8798828125,8952.8798828125,8957.1201171875,8934.3603515625,8955.009765625,1014530000
2019-12-26,9022.3896484375,9022.3896484375,9022.4599609375,8968.4599609375,8970.2099609375,1639960000
2019-12-27,9006.6201171875,9006.6201171875,9052.0,8987.3203125,9049.4697265625,1833740000
2019-12-30,8945.990234375,8945.990234375,9006.3603515625,8909.1904296875,9004.4501953125,2051320000
2019-12-31,8972.599609375,8972.599609375,8975.3603515625,8912.76953125,8918.740234375,2186830000
2020-01-02,9092.1904296875,9092.1904296875,9093.4296875,9010.8896484375,9039.4599609375,2862700000
2020-01-03,9020.76953125,9020.76953125,9065.759765625,8976.4296875,8976.4296875,2586520000
2020-01-06,9071.4697265625,9071.4697265625,9072.41015625,8943.5,8943.5,2810450000
2020-01-07,9068.580078125,9068.580078125,9091.9296875,9042.5498046875,9076.6396484375,2381740000
2020-01-08,9129.240234375,9129.240234375,9168.8896484375,9059.3798828125,9068.0302734375,2472620000
2020-01-09,9203.4296875,9203.4296875,9215.9501953125,9158.5,9202.26953125,2540960000
2020-01-10,9178.8603515625,9178.8603515625,9235.2001953125,9164.66015625,9232.9501953125,2382900000
2020-01-13,9273.9296875,9273.9296875,9274.490234375,9193.0595703125,9213.7197265625,2536820000
2020-01-14,9251.330078125,9251.330078125,9298.330078125,9226.490234375,9270.6103515625,2553160000
2020-01-15,9258.7001953125,9258.7001953125,9298.8203125,9231.1396484375,9253.759765625,2443220000
2020-01-16,9357.1298828125,9357.1298828125,9357.919921875,9301.3203125,9313.4501953125,2312110000
2020-01-17,9388.9404296875,9388.9404296875,9393.48046875,9346.8095703125,9392.3701171875,2542540000
2020-01-21,9370.8095703125,9370.8095703125,9397.580078125,9350.2001953125,9361.0703125,2686610000
2020-01-22,9383.76953125,9383.76953125,9439.2900390625,9375.1298828125,9413.6103515625,2454580000
2020-01-23,9402.48046875,9402.48046875,9409.2001953125,9334.1298828125,9377.7197265625,2465850000
2020-01-24,9314.91015625,9314.91015625,9451.4296875,9273.23046875,9446.2099609375,2622970000
2020-01-27,9139.3095703125,9139.3095703125,9185.4501953125,9088.0400390625,9092.4599609375,2593910000
2020-01-28,9269.6796875,9269.6796875,9288.8701171875,9182.330078125,9201.8203125,2169020000
2020-01-29,9275.16015625,9275.16015625,9329.1201171875,9249.0400390625,9318.259765625,2234620000
2020-01-30,9298.9296875,9298.9296875,9303.0,9185.1796875,9211.150390625,2345370000
2020-01-31,9150.9404296875,9150.9404296875,9324.7998046875,9123.2197265625,9324.330078125,2696090000
2020-02-03,9273.400390625,9273.400390625,9299.849609375,9188.5498046875,9190.7197265625,2427320000
2020-02-04,9467.9697265625,9467.9697265625,9485.3798828125,9374.0498046875,9398.3896484375,2447340000
2020-02-05,9508.6796875,9508.6796875,9574.9404296875,9454.9296875,9574.099609375,2470240000
2020-02-06,9572.150390625,9572.150390625,9575.66015625,9505.6796875,9540.98046875,2313860000
2020-02-07,9520.509765625,9520.509765625,9570.08984375,9496.5302734375,9526.6396484375,2243720000
2020-02-10,9628.3896484375,9628.3896484375,9628.66015625,9493.6298828125,9493.6298828125,2187520000
2020-02-11,9638.9404296875,9638.9404296875,9714.740234375,9617.2099609375,9680.8896484375,2450070000
2020-02-12,9725.9599609375,9725.9599609375,9728.76953125,9666.6904296875,9688.599609375,2366510000
2020-02-13,9711.9697265625,9711.9697265625,9748.3203125,9650.01953125,9657.0400390625,2254870000
2020-02-14,9731.1796875,9731.1796875,9746.3603515625,9693.0498046875,9728.900390625,2226720000
2020-02-18,9732.740234375,9732.740234375,9747.6796875,9675.7998046875,9679.0400390625,2279420000
2020-02-19,9817.1796875,9817.1796875,9838.3701171875,9777.099609375,9782.8095703125,2470860000
2020-02-20,9750.9697265625,9750.9697265625,9820.8603515625,9636.9404296875,9799.2001953125,2745730000
2020-02-21,9576.58984375,9576.58984375,9715.9501953125,9542.330078125,9708.009765625,2750160000
2020-02-24,9221.2802734375,9221.2802734375,9322.8798828125,9166.009765625,9188.4404296875,3188590000
2020-02-25,8965.6103515625,8965.6103515625,9315.259765625,8940.490234375,9301.2001953125,3595520000
2020-02-26,8980.7802734375,8980.7802734375,9148.3203125,8927.7998046875,9011.5498046875,3587950000
2020-02-27,8566.48046875,8566.48046875,8904.1103515625,8562.0498046875,8744.0302734375,4559900000
2020-02-28,8567.3701171875,8567.3701171875,8591.8203125,8264.16015625,8269.740234375,5320020000
2020-03-02,8952.169921875,8952.169921875,8952.8095703125,8543.349609375,8667.1396484375,4249020000
2020-03-03,8684.08984375,8684.08984375,9070.3203125,8602.8896484375,8965.099609375,4336700000
2020-03-04,9018.08984375,9018.08984375,9019.9599609375,8757.66015625,8834.099609375,3634760000
2020-03-05,8738.58984375,8738.58984375,8921.080078125,8677.3896484375,8790.08984375,3763860000
2020-03-06,8575.6201171875,8575.6201171875,8612.3603515625,8375.1298828125,8469.01953125,4292730000
2020-03-09,7950.68017578125,7950.68017578125,8243.3095703125,7943.16015625,7957.93017578125,4554110000
2020-03-10,8344.25,8344.25,8347.400390625,7930.43017578125,8219.759765625,4447260000
2020-03-11,7952.0498046875,7952.0498046875,8181.35986328125,7850.9501953125,8136.25,4302610000
2020-03-12,7201.7998046875,7201.7998046875,7712.330078125,7194.669921875,7398.580078125,5099350000
2020-03-13,7874.8798828125,7874.8798828125,7875.93017578125,7219.08984375,7610.39013671875,4701070000
2020-03-16,6904.58984375,6904.58984375,7422.2001953125,6882.85986328125,7392.72998046875,4618120000
2020-03-17,7334.77978515625,7334.77978515625,7406.22998046875,6828.91015625,7072.0,4920210000
2020-03-18,6989.83984375,6989.83984375,7182.830078125,6686.35986328125,6902.31982421875,4935000000
2020-03-19,7150.580078125,7150.580078125,7341.3798828125,6858.3798828125,6996.4501953125,4778490000
2020-03-20,6879.52001953125,6879.52001953125,7354.43994140625,6854.669921875,7248.06982421875,5260300000
2020-03-23,6860.669921875,6860.669921875,6984.93994140625,6631.419921875,6847.27978515625,4348410000
2020-03-24,7417.85986328125,7417.85986328125,7418.3701171875,7169.85986328125,7196.14990234375,4441080000
2020-03-25,7384.2998046875,7384.2998046875,7671.2099609375,7276.39990234375,7421.35986328125,4683630000
2020-03-26,7797.5400390625,7797.5400390625,7809.830078125,7462.2099609375,7462.2099609375,4014670000
2020-03-27,7502.3798828125,7502.3798828125,7716.240234375,7491.14013671875,7554.25,3989120000
2020-03-30,7774.14990234375,7774.14990234375,7784.35009765625,7539.97021484375,7583.4599609375,3870770000
2020-03-31,7700.10009765625,7700.10009765625,7880.31005859375,7642.85986328125,7740.06005859375,4078960000
2020-04-01,7360.580078125,7360.580078125,7566.3701171875,7301.97998046875,7459.5,3700040000
2020-04-02,7487.31005859375,7487.31005859375,7501.7001953125,7307.9501953125,7317.4501953125,3622170000
2020-04-03,7373.080078125,7373.080078125,7518.72021484375,7288.10986328125,7477.27001953125,3294260000
2020-04-06,7913.240234375,7913.240234375,7938.330078125,7617.7900390625,7660.169921875,3849130000
2020-04-07,7887.259765625,7887.259765625,8146.43017578125,7881.22021484375,8129.990234375,4085960000
2020-04-08,8090.89990234375,8090.89990234375,8114.43017578125,7901.93994140625,7975.72021484375,3487440000
2020-04-09,8153.580078125,8153.580078125,8227.91015625,8072.31982421875,8169.009765625,4145460000
2020-04-13,8192.419921875,8192.419921875,8200.4404296875,8035.9501953125,8127.68994140625,3184660000
2020-04-14,8515.740234375,8515.740234375,8531.1103515625,8338.080078125,8353.2099609375,3767410000
2020-04-15,8393.1796875,8393.1796875,8464.66015625,8308.7900390625,8355.9599609375,3347920000
2020-04-16,8532.3603515625,8532.3603515625,8560.16015625,8393.26953125,8479.1103515625,4057800000
2020-04-17,8650.1396484375,8650.1396484375,8670.2998046875,8531.6904296875,8667.48046875,4348310000
2020-04-20,8560.73046875,8560.73046875,8684.91015625,8553.3798828125,8553.3798828125,3827370000
2020-04-21,8263.23046875,8263.23046875,8480.2900390625,8215.6904296875,8460.6904296875,3788180000
2020-04-22,8495.3798828125,8495.3798828125,8537.3095703125,8404.5400390625,8434.5498046875,3041520000
2020-04-23,8494.75,8494.75,8635.23046875,8475.2001953125,8528.83984375,3759890000
2020-04-24,8634.51953125,8634.51953125,8642.9296875,8464.419921875,8530.080078125,3696020000
2020-04-27,8730.16015625,8730.16015625,8754.5703125,8697.3701171875,8717.98046875,3694980000
2020-04-28,8607.73046875,8607.73046875,8830.5703125,8600.7001953125,8825.6904296875,3730350000
2020-04-29,8914.7099609375,8914.7099609375,8957.26953125,8765.009765625,8802.7001953125,4407140000
2020-04-30,8889.5498046875,8889.5498046875,8926.1103515625,8825.830078125,8911.01953125,4335660000
2020-05-01,8604.9501953125,8604.9501953125,8754.4599609375,8566.83984375,8681.2900390625,3741300000
2020-05-04,8710.7099609375,8710.7099609375,8715.8203125,8537.830078125,8555.3203125,3443140000
2020-05-05,8809.1201171875,8809.1201171875,8909.9599609375,8781.3095703125,8809.66015625,3933550000
2020-05-06,8854.3896484375,8854.3896484375,8933.25,8819.3701171875,8874.7001953125,3656750000
2020-05-07,8979.66015625,8979.66015625,9015.990234375,8932.8603515625,8973.7802734375,3787220000
2020-05-08,9121.3203125,9121.3203125,9125.98046875,9018.2099609375,9056.8896484375,3813630000
2020-05-11,9192.33984375,9192.33984375,9241.919921875,9053.169921875,9054.91015625,3925450000
2020-05-12,9002.5498046875,9002.5498046875,9250.9599609375,9000.0703125,9225.150390625,4336510000
2020-05-13,8863.169921875,8863.169921875,9074.16015625,8752.6796875,9006.0498046875,4273210000
2020-05-14,8943.7197265625,8943.7197265625,8945.7099609375,8705.25,8788.0400390625,3965970000
2020-05-15,9014.5595703125,9014.5595703125,9018.400390625,8821.3798828125,8839.990234375,4240690000
2020-05-18,9234.830078125,9234.830078125,9267.2197265625,9154.349609375,9177.150390625,4341820000
2020-05-19,9185.099609375,9185.099609375,9317.25,9183.25,9227.4599609375,4193550000
2020-05-20,9375.7802734375,9375.7802734375,9392.8203125,9304.2001953125,9305.6201171875,4315500000
2020-05-21,9284.8798828125,9284.8798828125,9405.25,9254.849609375,9375.1904296875,3745270000
2020-05-22,9324.58984375,9324.58984375,9328.2802734375,9239.41015625,9278.5498046875,3668070000
2020-05-26,9340.2197265625,9340.2197265625,9501.2099609375,9333.16015625,9501.2099609375,4448950000
2020-05-27,9412.3603515625,9412.3603515625,9414.6201171875,9144.2802734375,9346.1201171875,4489110000
2020-05-28,9368.990234375,9368.990234375,9523.6396484375,9345.2802734375,9392.990234375,4113660000
2020-05-29,9489.8701171875,9489.8701171875,9505.5498046875,9324.73046875,9382.349609375,4742290000
2020-06-01,9552.0498046875,9552.0498046875,9571.2802734375,9462.3203125,9471.419921875,3847770000
2020-06-02,9608.3798828125,9608.3798828125,9611.2197265625,9472.080078125,9566.5302734375,3990080000
2020-06-03,9682.91015625,9682.91015625,9707.7802734375,9627.169921875,9651.8603515625,4679030000
2020-06-04,9615.8095703125,9615.8095703125,9716.1396484375,9560.41015625,9649.650390625,6141320000
2020-06-05,9814.080078125,9814.080078125,9845.6904296875,9685.349609375,9703.5400390625,6607730000
2020-06-08,9924.75,9924.75,9927.1298828125,9780.6103515625,9823.4404296875,6197330000
2020-06-09,9953.75,9953.75,10002.5,9863.26953125,9867.1904296875,5319450000
2020-06-10,10020.349609375,10020.349609375,10086.8896484375,9962.580078125,10012.3203125,5170860000
2020-06-11,9492.73046875,9492.73046875,9868.080078125,9491.3095703125,9791.240234375,5300850000
2020-06-12,9588.8095703125,9588.8095703125,9768.6396484375,9413.6201171875,9715.8701171875,4388990000
2020-06-15,9726.01953125,9726.01953125,9756.0703125,9403.0,9426.900390625,4476010000
2020-06-16,9895.8701171875,9895.8701171875,9963.6298828125,9748.3798828125,9949.7802734375,4669320000
2020-06-17,9910.5302734375,9910.5302734375,9991.2099609375,9891.8095703125,9943.3095703125,4279700000
2020-06-18,9943.0498046875,9943.0498046875,9959.2001953125,9885.66015625,9892.48046875,4335320000
2020-06-19,9946.1201171875,9946.1201171875,10053.91015625,9872.9404296875,10042.1298828125,6093830000
2020-06-22,10056.48046875,10056.48046875,10059.6103515625,9916.599609375,9945.490234375,4506960000
2020-06-23,10131.3701171875,10131.3701171875,10221.849609375,10112.4404296875,10130.830078125,5755170000
2020-06-24,9909.169921875,9909.169921875,10137.5,9842.2197265625,10092.919921875,5589130000
2020-06-25,10017.0,10017.0,10023.2802734375,9810.4697265625,9899.3603515625,4779640000
2020-06-26,9757.2197265625,9757.2197265625,10000.669921875,9749.0703125,9995.1201171875,7309380000
2020-06-29,9874.150390625,9874.150390625,9877.33984375,9663.6103515625,9771.7197265625,4336290000
2020-06-30,10058.76953125,10058.76953125,10085.58984375,9863.669921875,9875.2900390625,4510190000
2020-07-01,10154.6298828125,10154.6298828125,10197.1904296875,10048.0400390625,10063.669921875,4624430000
2020-07-02,10207.6298828125,10207.6298828125,10310.3603515625,10194.0595703125,10268.669921875,4038920000
2020-07-06,10433.650390625,10433.650390625,10462.0498046875,10354.98046875,10360.3798828125,4570260000
2020-07-07,10343.8896484375,10343.8896484375,10518.98046875,10337.98046875,10412.4599609375,4337130000
2020-07-08,10492.5,10492.5,10494.6298828125,10350.9599609375,10409.349609375,4030210000
2020-07-09,10547.75,10547.75,10578.099609375,10379.91015625,10563.7197265625,4013180000
2020-07-10,10617.4404296875,10617.4404296875,10622.349609375,10447.009765625,10545.91015625,3537510000
2020-07-13,10390.83984375,10390.83984375,10824.7802734375,10368.0400390625,10729.919921875,4851880000
2020-07-14,10488.580078125,10488.580078125,10497.830078125,10182.4599609375,10310.25,4461770000
2020-07-15,10550.490234375,10550.490234375,10604.669921875,10420.5400390625,10576.7197265625,4647070000
2020-07-16,10473.830078125,10473.830078125,10499.7900390625,10364.3896484375,10443.8701171875,4277760000
2020-07-17,10503.1904296875,10503.1904296875,10532.6201171875,10421.2099609375,10500.51953125,4361480000
2020-07-20,10767.08984375,10767.08984375,10783.7998046875,10488.0400390625,10526.01953125,4314630000
2020-07-21,10680.3603515625,10680.3603515625,10839.9296875,10650.4599609375,10837.8798828125,5350750000
2020-07-22,10706.1298828125,10706.1298828125,10745.3203125,10627.4501953125,10687.580078125,4128960000
2020-07-23,10461.419921875,10461.419921875,10728.1201171875,10407.8701171875,10689.5,4501540000
2020-07-24,10363.1796875,10363.1796875,10418.75,10217.3095703125,10294.41015625,4233390000
2020-07-27,10536.26953125,10536.26953125,10546.4404296875,10399.8603515625,10421.7001953125,4244570000
2020-07-28,10402.08984375,10402.08984375,10523.6396484375,10397.8701171875,10509.2001953125,3894660000
2020-07-29,10542.9404296875,10542.9404296875,10567.91015625,10464.0,10474.7001953125,4009640000
2020-07-30,10587.8095703125,10587.8095703125,10609.58984375,10412.08984375,10450.1201171875,4185810000
2020-07-31,10745.26953125,10745.26953125,10747.7998046875,10557.7001953125,10741.4697265625,4438730000
2020-08-03,10902.7998046875,10902.7998046875,10927.5595703125,10831.150390625,10848.6396484375,4203890000
2020-08-04,10941.169921875,10941.169921875,10941.91015625,10852.900390625,10897.8896484375,4016520000
2020-08-05,10998.400390625,10998.400390625,11002.1103515625,10943.7197265625,10967.8701171875,4160740000
2020-08-06,11108.0703125,11108.0703125,11121.1904296875,10963.41015625,10989.98046875,4120000000
2020-08-07,11010.98046875,11010.98046875,11126.0400390625,10920.3701171875,11072.5302734375,4263930000
2020-08-10,10968.3603515625,10968.3603515625,11040.240234375,10849.4599609375,11033.73046875,4048420000
2020-08-11,10782.8203125,10782.8203125,10989.419921875,10762.7099609375,10942.66015625,4331770000
2020-08-12,11012.240234375,11012.240234375,11036.7197265625,10877.16015625,10878.1201171875,3745230000
2020-08-13,11042.5,11042.5,11124.849609375,11007.5,11026.8603515625,3480470000
2020-08-14,11019.2998046875,11019.2998046875,11058.4404296875,10972.0595703125,11042.240234375,3514260000
2020-08-17,11129.73046875,11129.73046875,11144.5302734375,11080.2998046875,11083.25,3214870000
2020-08-18,11210.83984375,11210.83984375,11230.6201171875,11103.830078125,11170.75,3228590000
2020-08-19,11146.4599609375,11146.4599609375,11257.419921875,11132.099609375,11214.7998046875,3496480000
2020-08-20,11264.9501953125,11264.9501953125,11283.6201171875,11090.0302734375,11096.400390625,4215130000
2020-08-21,11311.7998046875,11311.7998046875,11326.2099609375,11245.4404296875,11258.4404296875,3929290000
2020-08-24,11379.7197265625,11379.7197265625,11462.0498046875,11297.5302734375,11449.25,3907310000
2020-08-25,11466.4697265625,11466.4697265625,11468.259765625,11343.0400390625,11370.23046875,3475280000
2020-08-26,11665.0595703125,11665.0595703125,11672.0498046875,11507.4599609375,11516.6201171875,3471520000
2020-08-27,11625.33984375,11625.33984375,11730.009765625,11551.009765625,11688.1904296875,3547400000
2020-08-28,11695.6298828125,11695.6298828125,11708.76953125,11634.76953125,11689.2802734375,3012980000
2020-08-31,11775.4599609375,11775.4599609375,11829.83984375,11697.419921875,11718.8095703125,3612050000
2020-09-01,11939.669921875,11939.669921875,11945.7197265625,11794.7802734375,11850.9599609375,3511060000
2020-09-02,12056.4404296875,12056.4404296875,12074.0595703125,11836.1796875,12047.259765625,3982360000
2020-09-03,11458.099609375,11458.099609375,11894.400390625,11361.3603515625,11861.900390625,4465010000
2020-09-04,11313.1298828125,11313.1298828125,11531.1796875,10875.8701171875,11396.240234375,4284440000
2020-09-08,10847.6904296875,10847.6904296875,11131.5,10837.2001953125,10900.7001953125,3905420000
2020-09-09,11141.5595703125,11141.5595703125,11217.6904296875,10970.4501953125,11064.759765625,3550660000
2020-09-10,10919.58984375,10919.58984375,11299.5302734375,10875.01953125,11235.5302734375,3840010000
2020-09-11,10853.5498046875,10853.5498046875,11033.0400390625,10728.0302734375,11010.0703125,3630250000
2020-09-14,11056.650390625,11056.650390625,11118.2900390625,10982.259765625,11010.1396484375,3737610000
2020-09-15,11190.3203125,11190.3203125,11244.4599609375,11127.98046875,11193.9599609375,3786110000
2020-09-16,11050.4697265625,11050.4697265625,11245.419921875,11046.4296875,11222.080078125,3678020000
2020-09-17,10910.2802734375,10910.2802734375,10974.4501953125,10783.8095703125,10796.0498046875,3740110000
2020-09-18,10793.2802734375,10793.2802734375,10977.6796875,10639.9501953125,10973.4501953125,5759090000
2020-09-21,10778.7998046875,10778.7998046875,10782.740234375,10519.490234375,10610.1396484375,3900970000
2020-09-22,10963.6396484375,10963.6396484375,10979.650390625,10737.51953125,10873.2998046875,3515440000
2020-09-23,10632.990234375,10632.990234375,10962.0302734375,10612.91015625,10950.8203125,4097320000
2020-09-24,10672.26953125,10672.26953125,10799.5498046875,10520.2197265625,10551.01953125,4086360000
2020-09-25,10913.5595703125,10913.5595703125,10939.5498046875,10639.98046875,10680.4599609375,3785270000
2020-09-28,11117.5302734375,11117.5302734375,11120.7900390625,11019.1396484375,11084.3798828125,3591740000
2020-09-29,11085.25,11085.25,11153.23046875,11065.6298828125,11109.0,3389040000
2020-09-30,11167.509765625,11167.509765625,11277.9599609375,11092.900390625,11092.900390625,4260630000
2020-10-01,11326.509765625,11326.509765625,11344.1298828125,11240.5302734375,11291.990234375,4005900000
2020-10-02,11075.01953125,11075.01953125,11244.8701171875,11033.6904296875,11082.5302734375,3731510000
2020-10-05,11332.490234375,11332.490234375,11335.2099609375,11162.51953125,11169.1103515625,3623920000
2020-10-06,11154.599609375,11154.599609375,11392.41015625,11124.4501953125,11314.5302734375,4390960000
2020-10-07,11364.599609375,11364.599609375,11380.5595703125,11258.349609375,11271.6796875,3910770000
2020-10-08,11420.98046875,11420.98046875,11448.23046875,11384.330078125,11443.349609375,3507570000
2020-10-09,11579.9404296875,11579.9404296875,11581.23046875,11476.66015625,11487.599609375,3504230000
2020-10-12,11876.259765625,11876.259765625,11965.5400390625,11704.1298828125,11732.330078125,3885030000
2020-10-13,11863.900390625,11863.900390625,11946.98046875,11821.830078125,11901.759765625,3634130000
2020-10-14,11768.73046875,11768.73046875,11939.919921875,11714.349609375,11889.0703125,3410410000
2020-10-15,11713.8701171875,11713.8701171875,11740.6796875,11559.099609375,11559.8798828125,3325270000
2020-10-16,11671.5595703125,11671.5595703125,11827.419921875,11648.5302734375,11761.830078125,3166980000
2020-10-19,11478.8798828125,11478.8798828125,11778.1103515625,11454.5703125,11732.33984375,3477410000
2020-10-20,11516.490234375,11516.490234375,11632.8896484375,11471.23046875,11531.830078125,3510040000
2020-10-21,11484.6904296875,11484.6904296875,11613.7900390625,11476.080078125,11530.3896484375,3467310000
2020-10-22,11506.009765625,11506.009765625,11548.76953125,11369.2900390625,11526.9697265625,3434040000
2020-10-23,11548.2802734375,11548.2802734375,11548.849609375,11434.8603515625,11536.009765625,3145570000
2020-10-26,11358.9404296875,11358.9404296875,11545.6298828125,11221.0595703125,11440.6396484375,3205100000
2020-10-27,11431.349609375,11431.349609375,11465.0595703125,11361.8603515625,11409.33984375,3104770000
2020-10-28,11004.8701171875,11004.8701171875,11249.9501953125,10999.0703125,11230.900390625,3930690000
2020-10-29,11185.58984375,11185.58984375,11287.6298828125,11030.1904296875,11064.4697265625,3244190000
2020-10-30,10911.58984375,10911.58984375,11129.8095703125,10822.5703125,11103.4697265625,3671600000
2020-11-02,10957.6103515625,10957.6103515625,11071.080078125,10830.9501953125,11010.4501953125,3209000000
2020-11-03,11160.5703125,11160.5703125,11213.919921875,11004.83984375,11038.66015625,3216580000
2020-11-04,11590.7802734375,11590.7802734375,11663.3095703125,11394.2099609375,11443.76953125,3620760000
2020-11-05,11890.9296875,11890.9296875,11924.2802734375,11784.150390625,11816.330078125,3848160000
2020-11-06,11895.23046875,11895.23046875,11920.5400390625,11737.1298828125,11869.900390625,4183220000
2020-11-09,11713.7802734375,11713.7802734375,12108.0703125,11703.490234375,12046.66015625,5863900000
2020-11-10,11553.8603515625,11553.8603515625,11665.8701171875,11424.6103515625,11622.4404296875,4736560000
2020-11-11,11786.4296875,11786.4296875,11793.5703125,11638.900390625,11656.650390625,3854680000
2020-11-12,11709.58984375,11709.58984375,11847.83984375,11666.3701171875,11802.5,3886670000
2020-11-13,11829.2900390625,11829.2900390625,11849.7900390625,11715.51953125,11794.9404296875,3654230000
2020-11-16,11924.1298828125,11924.1298828125,11937.7197265625,11814.8896484375,11847.1103515625,4172570000
2020-11-17,11899.33984375,11899.33984375,11950.1796875,11852.41015625,11913.349609375,4145030000
2020-11-18,11801.599609375,11801.599609375,11942.490234375,11799.9599609375,11896.0595703125,4731420000
2020-11-19,11904.7099609375,11904.7099609375,11912.6298828125,11760.98046875,11779.0400390625,5385190000
2020-11-20,11854.9697265625,11854.9697265625,11935.4697265625,11852.509765625,11892.7001953125,5350970000
2020-11-23,11880.6298828125,11880.6298828125,11949.330078125,11796.5302734375,11916.759765625,5473250000
2020-11-24,12036.7900390625,12036.7900390625,12049.8798828125,11863.4501953125,11939.330078125,6339580000
2020-11-25,12094.400390625,12094.400390625,12114.76953125,12020.9501953125,12053.8896484375,4448640000
2020-11-27,12205.849609375,12205.849609375,12236.23046875,12154.5703125,12159.1796875,3401830000
2020-11-30,12198.740234375,12198.740234375,12244.650390625,12027.16015625,12224.25,7760390000
2020-12-01,12355.1103515625,12355.1103515625,12405.7900390625,12263.9296875,12313.3603515625,6512420000
2020-12-02,12349.3701171875,12349.3701171875,12360.0595703125,12217.349609375,12285.75,5194960000
2020-12-03,12377.1796875,12377.1796875,12439.01953125,12356.990234375,12369.259765625,5209980000
2020-12-04,12464.23046875,12464.23046875,12464.23046875,12376.4404296875,12399.3203125,5086900000
2020-12-07,12519.9501953125,12519.9501953125,12536.23046875,12460.5498046875,12461.0,4771820000
2020-12-08,12582.76953125,12582.76953125,12594.5400390625,12453.2099609375,12503.169921875,4809480000
2020-12-09,12338.9501953125,12338.9501953125,12607.1396484375,12290.7802734375,12591.6904296875,5168450000
2020-12-10,12405.8095703125,12405.8095703125,12431.5595703125,12214.740234375,12247.5498046875,4518580000
2020-12-11,12377.8701171875,12377.8701171875,12383.5,12246.76953125,12336.7900390625,4292680000
2020-12-14,12440.0400390625,12440.0400390625,12543.0,12432.7099609375,12447.4404296875,4491930000
2020-12-15,12595.0595703125,12595.0595703125,12596.1298828125,12465.419921875,12543.259765625,4423650000
2020-12-16,12658.1904296875,12658.1904296875,12687.3203125,12566.3798828125,12611.0400390625,4592700000
2020-12-17,12764.75,12764.75,12765.25,12696.349609375,12730.7802734375,5029830000
2020-12-18,12755.6396484375,12755.6396484375,12809.599609375,12654.599609375,12804.9296875,7125800000
2020-12-21,12742.51953125,12742.51953125,12751.26953125,12525.2197265625,12596.1396484375,5192860000
2020-12-22,12807.919921875,12807.919921875,12840.5703125,12695.3095703125,12785.2197265625,5811850000
2020-12-23,12771.1103515625,12771.1103515625,12841.919921875,12758.669921875,12834.9404296875,7100250000
2020-12-24,12804.73046875,12804.73046875,12833.5498046875,12767.6396484375,12791.5400390625,3305960000
2020-12-28,12899.419921875,12899.419921875,12930.8896484375,12827.4501953125,12914.6396484375,5109140000
2020-12-29,12850.2197265625,12850.2197265625,12973.330078125,12821.9599609375,12965.3896484375,4726920000
2020-12-30,12870.0,12870.0,12924.9296875,12857.759765625,12906.509765625,5343010000
2020-12-31,12888.2802734375,12888.2802734375,12902.0703125,12821.23046875,12877.08984375,4815840000
2021-01-04,12698.4501953125,12698.4501953125,12958.7197265625,12543.240234375,12958.51953125,6636170000
2021-01-05,12818.9599609375,12818.9599609375,12828.26953125,12665.650390625,12665.650390625,6971860000
2021-01-06,12740.7900390625,12740.7900390625,12909.6298828125,12649.990234375,12666.150390625,7689880000
2021-01-07,13067.48046875,13067.48046875,13090.91015625,12867.33984375,12867.33984375,6841480000
2021-01-08,13201.98046875,13201.98046875,13208.08984375,13036.5498046875,13160.2197265625,7289390000
2021-01-11,13036.4296875,13036.4296875,13138.26953125,12999.509765625,13048.7802734375,6960470000
2021-01-12,13072.4296875,13072.4296875,13105.0400390625,12963.919921875,13062.0595703125,7264070000
2021-01-13,13128.9501953125,13128.9501953125,13171.150390625,13051.0595703125,13088.009765625,7104810000
2021-01-14,13112.6396484375,13112.6396484375,13220.16015625,13098.41015625,13174.75,6734100000
2021-01-15,12998.5,12998.5,13139.830078125,12949.759765625,13099.900390625,6458360000
2021-01-19,13197.1796875,13197.1796875,13206.8603515625,13078.7001953125,13132.73046875,6297860000
2021-01-20,13457.25,13457.25,13486.1298828125,13329.76953125,13342.5498046875,6820990000
2021-01-21,13530.91015625,13530.91015625,13560.349609375,13454.0703125,13521.48046875,7258640000
2021-01-22,13543.0595703125,13543.0595703125,13567.1396484375,13463.66015625,13474.8095703125,5972750000
2021-01-25,13635.990234375,13635.990234375,13728.98046875,13368.6796875,13681.2099609375,7193710000
2021-01-26,13626.0595703125,13626.0595703125,13702.6904296875,13603.1904296875,13681.7197265625,6849600000
2021-01-27,13270.599609375,13270.599609375,13538.419921875,13192.91015625,13486.580078125,11621190000
2021-01-28,13337.16015625,13337.16015625,13507.6396484375,13316.51953125,13323.2900390625,9959270000
2021-01-29,13070.6904296875,13070.6904296875,13322.0,12985.0498046875,13284.7197265625,7872250000
2021-02-01,13403.3896484375,13403.3896484375,13431.4599609375,13132.4697265625,13226.1796875,7092520000
2021-02-02,13612.7802734375,13612.7802734375,13652.7001953125,13535.8603515625,13543.099609375,7325270000
2021-02-03,13610.5400390625,13610.5400390625,13723.830078125,13585.33984375,13718.3095703125,7546940000
2021-02-04,13777.740234375,13777.740234375,13778.419921875,13631.6201171875,13674.0595703125,7295370000
2021-02-05,13856.2998046875,13856.2998046875,13878.16015625,13761.66015625,13824.8798828125,6792910000
2021-02-08,13987.6396484375,13987.6396484375,13987.740234375,13894.150390625,13937.0595703125,8564530000
2021-02-09,14007.7001953125,14007.7001953125,14044.9501953125,13966.5498046875,13966.8203125,8766770000
2021-02-10,13972.5302734375,13972.5302734375,14109.1201171875,13845.4697265625,14093.349609375,10785930000
2021-02-11,14025.76953125,14025.76953125,14058.91015625,13916.849609375,14045.2099609375,10916780000
2021-02-12,14095.4697265625,14095.4697265625,14102.0400390625,13937.7099609375,13979.2099609375,7416940000
2021-02-16,14047.5,14047.5,14175.1201171875,13995.4501953125,14152.2099609375,7722100000
2021-02-17,13965.490234375,13965.490234375,13976.4296875,13804.259765625,13911.650390625,7280500000
2021-02-18,13865.3603515625,13865.3603515625,13905.9599609375,13714.349609375,13814.669921875,6499420000
2021-02-19,13874.4599609375,13874.4599609375,13985.580078125,13842.599609375,13929.2001953125,6737820000
2021-02-22,13533.0498046875,13533.0498046875,13757.0595703125,13530.9599609375,13714.2001953125,6483740000
2021-02-23,13465.2001953125,13465.2001953125,13526.08984375,13003.98046875,13262.6103515625,7516510000
2021-02-24,13597.9697265625,13597.9697265625,13607.3603515625,13286.58984375,13400.25,5886230000
2021-02-25,13119.4296875,13119.4296875,13602.8603515625,13066.3798828125,13512.6396484375,6390380000
2021-02-26,13192.349609375,13192.349609375,13368.0595703125,13024.5302734375,13232.900390625,5906110000
2021-03-01,13588.830078125,13588.830078125,13596.58984375,13362.66015625,13406.16015625,5079530000
2021-03-02,13358.7900390625,13358.7900390625,13601.330078125,13352.0,13599.4501953125,4948140000
2021-03-03,12997.75,12997.75,13372.51953125,12995.0703125,13336.25,5529980000
2021-03-04,12723.4697265625,12723.4697265625,13068.7099609375,12553.9599609375,12953.990234375,7864380000
2021-03-05,12920.150390625,12920.150390625,12941.2099609375,12397.0498046875,12860.0400390625,7725200000
2021-03-08,12609.16015625,12609.16015625,13001.0,12599.23046875,12904.259765625,6010230000
2021-03-09,13073.8203125,13073.8203125,13151.5400390625,12882.490234375,12923.0703125,6345560000
2021-03-10,13068.830078125,13068.830078125,13277.1103515625,13035.4404296875,13234.73046875,6023880000
2021-03-11,13398.669921875,13398.669921875,13433.6201171875,13246.330078125,13273.3095703125,6008850000
2021-03-12,13319.8603515625,13319.8603515625,13324.6904296875,13158.7197265625,13222.8095703125,5497210000
2021-03-15,13459.7099609375,13459.7099609375,13460.349609375,13272.5,13323.4697265625,5972370000
2021-03-16,13471.5703125,13471.5703125,13620.7099609375,13397.080078125,13523.169921875,5493890000
2021-03-17,13525.2001953125,13525.2001953125,13595.0,13272.6904296875,13336.91015625,5536110000
2021-03-18,13116.169921875,13116.169921875,13384.4599609375,13101.919921875,13349.2001953125,5739720000
2021-03-19,13215.240234375,13215.240234375,13252.3701171875,13039.4501953125,13119.900390625,7630590000
2021-03-22,13377.5400390625,13377.5400390625,13455.6396484375,13278.7802734375,13278.7802734375,5321760000
2021-03-23,13227.7001953125,13227.7001953125,13405.150390625,13202.4296875,13381.4296875,5675010000
2021-03-24,12961.8896484375,12961.8896484375,13292.919921875,12961.349609375,13289.240234375,6248650000
2021-03-25,12977.6796875,12977.6796875,13021.8603515625,12786.8095703125,12844.580078125,5634290000
2021-03-26,13138.73046875,13138.73046875,13149.5498046875,12878.7197265625,12996.0302734375,5224360000
2021-03-29,13059.650390625,13059.650390625,13143.41015625,12968.16015625,13103.9697265625,4965090000
2021-03-30,13045.3896484375,13045.3896484375,13075.75,12922.5703125,13008.7998046875,4721950000
2021-03-31,13246.8701171875,13246.8701171875,13325.5400390625,13118.3798828125,13122.5703125,5004720000
2021-04-01,13480.1103515625,13480.1103515625,13487.080078125,13404.1796875,13414.3203125,4576480000
2021-04-05,13705.58984375,13705.58984375,13720.580078125,13582.759765625,13594.900390625,4459000000
2021-04-06,13698.3798828125,13698.3798828125,13776.7099609375,13674.2802734375,13681.669921875,4073710000
2021-04-07,13688.83984375,13688.83984375,13733.0302734375,13653.58984375,13675.2998046875,4098740000
2021-04-08,13829.3095703125,13829.3095703125,13830.1396484375,13758.7099609375,13796.8896484375,4153600000
2021-04-09,13900.1904296875,13900.1904296875,13905.41015625,13748.349609375,13787.01953125,3926110000
2021-04-12,13850.0,13850.0,13877.0,13783.9501953125,13854.4404296875,4250900000
2021-04-13,13996.099609375,13996.099609375,14011.509765625,13902.4501953125,13902.4501953125,4219360000
2021-04-14,13857.83984375,13857.83984375,14033.6298828125,13839.0400390625,14004.080078125,4120770000
2021-04-15,14038.759765625,14038.759765625,14049.1298828125,13970.419921875,13983.23046875,4406880000
2021-04-16,14052.33984375,14052.33984375,14062.5,13977.0498046875,14059.1103515625,4427780000
2021-04-19,13914.76953125,13914.76953125,14041.7900390625,13842.5703125,13984.580078125,4379610000
2021-04-20,13786.26953125,13786.26953125,13927.669921875,13698.669921875,13894.4599609375,4245120000
2021-04-21,13950.2197265625,13950.2197265625,13951.349609375,13706.8603515625,13745.76953125,3999620000
2021-04-22,13818.41015625,13818.41015625,14015.8701171875,13771.0400390625,13952.5703125,4420820000
2021-04-23,14016.8095703125,14016.8095703125,14062.740234375,13856.830078125,13861.3701171875,4355100000
2021-04-26,14138.7802734375,14138.7802734375,14154.0302734375,14019.5,14052.3798828125,4506210000
2021-04-27,14090.2197265625,14090.2197265625,14171.240234375,14064.2802734375,14170.91015625,4691460000
2021-04-28,14051.0302734375,14051.0302734375,14133.650390625,14034.7001953125,14082.7802734375,4559710000
2021-04-29,14082.5498046875,14082.5498046875,14211.5703125,13952.7998046875,14204.509765625,4928030000
2021-04-30,13962.6796875,13962.6796875,14084.759765625,13941.6298828125,13970.73046875,4792460000
2021-05-03,13895.1201171875,13895.1201171875,14042.1201171875,13881.509765625,14031.76953125,4761430000
2021-05-04,13633.5,13633.5,13795.5703125,13485.58984375,13774.509765625,5879730000
2021-05-05,13582.419921875,13582.419921875,13753.0498046875,13553.9296875,13731.1298828125,4535690000
2021-05-06,13632.83984375,13632.83984375,13635.73046875,13439.3896484375,13557.830078125,5021400000
2021-05-07,13752.240234375,13752.240234375,13828.6201171875,13690.75,13723.08984375,4391100000
2021-05-10,13401.8603515625,13401.8603515625,13687.9296875,13401.740234375,13687.58984375,4818670000
2021-05-11,13389.4296875,13389.4296875,13423.3095703125,13107.669921875,13115.849609375,4738390000
2021-05-12,13031.6796875,13031.6796875,13288.6103515625,13002.5400390625,13215.490234375,4752930000
2021-05-13,13124.990234375,13124.990234375,13247.8701171875,13007.240234375,13150.9404296875,4698110000
2021-05-14,13429.98046875,13429.98046875,13460.8798828125,13242.9697265625,13255.650390625,4022610000
2021-05-17,13379.0498046875,13379.0498046875,13399.169921875,13265.400390625,13368.7998046875,3997780000
2021-05-18,13303.6396484375,13303.6396484375,13485.33984375,13299.9296875,13416.900390625,4301300000
2021-05-19,13299.740234375,13299.740234375,13304.6103515625,13072.23046875,13078.1904296875,4333520000
2021-05-20,13535.740234375,13535.740234375,13563.51953125,13355.7099609375,13356.6298828125,3990760000
2021-05-21,13470.990234375,13470.990234375,13616.580078125,13463.259765625,13616.1904296875,3733940000
2021-05-24,13661.169921875,13661.169921875,13708.849609375,13551.009765625,13557.2099609375,3509470000
2021-05-25,13657.169921875,13657.169921875,13751.1396484375,13631.7998046875,13721.5400390625,4128990000
2021-05-26,13738.0,13738.0,13750.16015625,13679.58984375,13693.9404296875,4264500000
2021-05-27,13736.2802734375,13736.2802734375,13776.51953125,13701.6298828125,13742.58984375,5087180000
2021-05-28,13748.740234375,13748.740234375,13820.8701171875,13747.6103515625,13792.0498046875,4447940000
2021-06-01,13736.48046875,13736.48046875,13836.169921875,13678.76953125,13829.0595703125,4186280000
2021-06-02,13756.330078125,13756.330078125,13775.8896484375,13689.740234375,13743.240234375,5097630000
2021-06-03,13614.509765625,13614.509765625,13684.1298828125,13548.9296875,13655.75,5396250000
2021-06-04,13814.490234375,13814.490234375,13826.8203125,13692.009765625,13697.25,4360710000
2021-06-07,13881.7197265625,13881.7197265625,13889.1103515625,13784.8896484375,13802.8203125,4639210000
2021-06-08,13924.91015625,13924.91015625,13981.7197265625,13831.98046875,13946.3203125,5958410000
2021-06-09,13911.75,13911.75,14003.5,13906.4501953125,13980.23046875,5640490000
2021-06-10,14020.330078125,14020.330078125,14031.1904296875,13904.400390625,13933.8798828125,4919880000
2021-06-11,14069.419921875,14069.419921875,14069.419921875,14006.58984375,14030.849609375,4157580000
2021-06-14,14174.1396484375,14174.1396484375,14175.4501953125,14056.669921875,14083.4697265625,4415160000
2021-06-15,14072.8603515625,14072.8603515625,14171.01953125,14052.16015625,14166.6396484375,4554580000
2021-06-16,14039.6796875,14039.6796875,14129.6904296875,13903.73046875,14085.5498046875,4683030000
2021-06-17,14161.349609375,14161.349609375,14196.2099609375,13998.9296875,13999.1298828125,4558280000
2021-06-18,14030.3798828125,14030.3798828125,14129.2197265625,14009.0400390625,14096.9296875,6126070000
2021-06-21,14141.48046875,14141.48046875,14150.7802734375,13960.0400390625,14047.419921875,4562010000
2021-06-22,14253.26953125,14253.26953125,14269.76953125,14121.0,14138.2900390625,4433140000
2021-06-23,14271.73046875,14271.73046875,14317.66015625,14246.2998046875,14263.3798828125,4417470000
2021-06-24,14369.7099609375,14369.7099609375,14414.4599609375,14333.7001953125,14357.26953125,4324620000
2021-06-25,14360.3896484375,14360.3896484375,14409.080078125,14337.650390625,14400.8095703125,7468090000
2021-06-28,14500.509765625,14500.509765625,14505.1904296875,14417.2001953125,14417.8095703125,4283000000
2021-06-29,14528.330078125,14528.330078125,14535.9697265625,14471.3798828125,14509.1904296875,4901300000
2021-06-30,14503.9501953125,14503.9501953125,14526.8095703125,14478.0595703125,14509.849609375,5293810000
2021-07-01,14522.3798828125,14522.3798828125,14533.5498046875,14439.400390625,14493.6904296875,4410470000
2021-07-02,14639.330078125,14639.330078125,14649.1103515625,14555.33984375,14582.98046875,3751420000
2021-07-06,14663.6396484375,14663.6396484375,14687.0,14529.7998046875,14661.5498046875,4489540000
2021-07-07,14665.0595703125,14665.0595703125,14755.330078125,14580.7900390625,14753.41015625,4605630000
2021-07-08,14559.7802734375,14559.7802734375,14610.0595703125,14371.58984375,14409.2001953125,4575010000
2021-07-09,14701.919921875,14701.919921875,14710.2001953125,14552.259765625,14578.4296875,3826500000
2021-07-12,14733.240234375,14733.240234375,14761.080078125,14672.6298828125,14743.8603515625,3897090000
2021-07-13,14677.650390625,14677.650390625,14803.6796875,14660.1904296875,14715.1298828125,4583460000
2021-07-14,14644.9501953125,14644.9501953125,14790.5498046875,14632.9501953125,14780.900390625,4496220000
2021-07-15,14543.1298828125,14543.1298828125,14650.3701171875,14451.7998046875,14635.7802734375,4512550000
2021-07-16,14427.240234375,14427.240234375,14623.01953125,14413.3203125,14597.509765625,4069530000
2021-07-19,14274.98046875,14274.98046875,14313.599609375,14178.66015625,14235.98046875,4537130000
2021-07-20,14498.8798828125,14498.8798828125,14555.75,14271.23046875,14330.4599609375,4652450000
2021-07-21,14631.9501953125,14631.9501953125,14633.1396484375,14498.650390625,14508.75,4098520000
2021-07-22,14684.599609375,14684.599609375,14694.1904296875,14617.8701171875,14652.7197265625,3597540000
2021-07-23,14836.990234375,14836.990234375,14846.0595703125,14698.76953125,14753.0595703125,3997250000
2021-07-26,14840.7099609375,14840.7099609375,14863.650390625,14790.490234375,14821.0302734375,4437090000
2021-07-27,14660.580078125,14660.580078125,14811.080078125,14503.759765625,14807.9501953125,4329230000
2021-07-28,14762.580078125,14762.580078125,14798.8798828125,14645.6298828125,14715.66015625,4268210000
2021-07-29,14778.259765625,14778.259765625,14833.740234375,14761.3798828125,14771.169921875,3928640000
2021-07-30,14672.6796875,14672.6796875,14728.7802734375,14615.849609375,14615.849609375,3645050000
2021-08-02,14681.0703125,14681.0703125,14770.41015625,14665.669921875,14758.599609375,3746130000
2021-08-03,14761.2900390625,14761.2900390625,14762.599609375,14584.08984375,14713.990234375,4141370000
2021-08-04,14780.5302734375,14780.5302734375,14812.3701171875,14734.1201171875,14747.2099609375,4337330000
2021-08-05,14895.1201171875,14895.1201171875,14896.4697265625,14776.0302734375,14794.080078125,4107300000
2021-08-06,14835.759765625,14835.759765625,14890.1796875,14788.58984375,14864.2197265625,4173090000
2021-08-09,14860.1796875,14860.1796875,14883.8095703125,14802.6904296875,14855.759765625,4111640000
2021-08-10,14788.08984375,14788.08984375,14894.6103515625,14754.48046875,14887.75,3991770000
2021-08-11,14765.1396484375,14765.1396484375,14842.5,14692.41015625,14834.3798828125,4002340000
2021-08-12,14816.259765625,14816.259765625,14824.3095703125,14698.9404296875,14751.3603515625,4049000000
2021-08-13,14822.900390625,14822.900390625,14850.6103515625,14797.2197265625,14825.0703125,4061070000
2021-08-16,14793.759765625,14793.759765625,14794.6796875,14610.01953125,14771.5302734375,3973920000
2021-08-17,14656.1796875,14656.1796875,14716.9501953125,14550.8798828125,14670.5595703125,4168880000
2021-08-18,14525.91015625,14525.91015625,14697.25,14516.2998046875,14636.240234375,3841840000
2021-08-19,14541.7900390625,14541.7900390625,14610.759765625,14423.16015625,14423.16015625,4191490000
2021-08-20,14714.66015625,14714.66015625,14722.16015625,14571.5302734375,14571.5302734375,3886340000
2021-08-23,14942.650390625,14942.650390625,14963.4697265625,14776.98046875,14776.98046875,3906780000
2021-08-24,15019.7998046875,15019.7998046875,15034.8896484375,14965.5400390625,14978.1396484375,3809750000
2021-08-25,15041.8603515625,15041.8603515625,15059.4296875,15011.580078125,15039.0302734375,3654150000
2021-08-26,14945.8095703125,14945.8095703125,15059.6298828125,14939.5595703125,15025.169921875,3630900000
2021-08-27,15129.5,15129.5,15144.48046875,14966.51953125,14969.76953125,4048610000
2021-08-30,15265.8896484375,15265.8896484375,15288.080078125,15165.1201171875,15165.9404296875,4061760000
2021-08-31,15259.240234375,15259.240234375,15278.9599609375,15202.669921875,15262.8798828125,4188020000
2021-09-01,15309.3798828125,15309.3798828125,15379.5,15302.1103515625,15308.98046875,4271690000
2021-09-02,15331.1796875,15331.1796875,15380.0703125,15285.349609375,15358.4697265625,4050510000
2021-09-03,15363.51953125,15363.51953125,15375.5595703125,15283.669921875,15313.41015625,3706990000
2021-09-07,15374.330078125,15374.330078125,15403.4404296875,15343.2802734375,15375.98046875,4014250000
2021-09-08,15286.6396484375,15286.6396484375,15360.349609375,15206.6103515625,15360.349609375,4131560000
2021-09-09,15248.25,15248.25,15352.3798828125,15245.169921875,15296.0595703125,4031140000
2021-09-10,15115.490234375,15115.490234375,15349.4697265625,15111.3095703125,15332.919921875,4587150000
2021-09-13,15105.580078125,15105.580078125,15215.4404296875,15030.849609375,15211.4296875,4723370000
2021-09-14,15037.759765625,15037.759765625,15181.1904296875,15008.2998046875,15168.4501953125,4593140000
2021-09-15,15161.5302734375,15161.5302734375,15174.3798828125,14984.6796875,15071.33984375,4465140000
2021-09-16,15181.919921875,15181.919921875,15205.5,15047.1396484375,15120.08984375,3701500000
2021-09-17,15043.9697265625,15043.9697265625,15166.5595703125,14998.73046875,15163.3603515625,6709540000
2021-09-20,14713.900390625,14713.900390625,14841.8203125,14530.0703125,14758.1396484375,4879490000
2021-09-21,14746.400390625,14746.400390625,14847.0302734375,14696.4697265625,14803.3603515625,4083010000
2021-09-22,14896.849609375,14896.849609375,14950.1201171875,14767.009765625,14800.58984375,4252490000
2021-09-23,15052.240234375,15052.240234375,15085.4404296875,14932.509765625,14960.0,4196130000
2021-09-24,15047.7001953125,15047.7001953125,15067.5595703125,14946.5703125,14961.6103515625,3992150000
2021-09-27,14969.9697265625,14969.9697265625,15003.16015625,14864.9599609375,14954.1796875,4650790000
2021-09-28,14546.6796875,14546.6796875,14817.740234375,14539.8798828125,14787.2099609375,4989510000
2021-09-29,14512.4404296875,14512.4404296875,14676.6201171875,14493.669921875,14614.8798828125,5294600000
2021-09-30,14448.580078125,14448.580078125,14632.3603515625,14444.2998046875,14582.599609375,5950950000
2021-10-01,14566.7001953125,14566.7001953125,14606.8203125,14324.009765625,14494.9296875,4710720000
2021-10-04,14255.48046875,14255.48046875,14499.740234375,14181.6904296875,14493.1201171875,4557110000
2021-10-05,14433.830078125,14433.830078125,14508.650390625,14299.7802734375,14312.8603515625,4176390000
2021-10-06,14501.91015625,14501.91015625,14509.5498046875,14259.0703125,14289.4501953125,4465910000
2021-10-07,14654.01953125,14654.01953125,14755.7197265625,14615.1396484375,14631.7998046875,3984180000
2021-10-08,14579.5400390625,14579.5400390625,14699.91015625,14569.6796875,14694.7197265625,3571380000
2021-10-11,14486.2001953125,14486.2001953125,14665.990234375,14482.6201171875,14540.080078125,3539540000
2021-10-12,14465.919921875,14465.919921875,14552.7099609375,14441.599609375,14539.08984375,4063830000
2021-10-13,14571.6396484375,14571.6396484375,14589.2802734375,14471.8798828125,14537.169921875,4053580000
2021-10-14,14823.4296875,14823.4296875,14827.5595703125,14699.51953125,14717.5,4262400000
2021-10-15,14897.33984375,14897.33984375,14904.98046875,14847.9599609375,14891.240234375,4494440000
2021-10-18,15021.8095703125,15021.8095703125,15026.6796875,14833.2802734375,14839.740234375,4167740000
2021-10-19,15129.08984375,15129.08984375,15137.849609375,15049.73046875,15073.1298828125,4483400000
2021-10-20,15121.6796875,15121.6796875,15178.3896484375,15071.150390625,15160.0,4117050000
2021-10-21,15215.7001953125,15215.7001953125,15222.25,15094.1396484375,15104.7998046875,4961860000
2021-10-22,15090.2001953125,15090.2001953125,15193.009765625,15021.01953125,15158.0703125,5775770000
2021-10-25,15226.7099609375,15226.7099609375,15259.6298828125,15070.75,15142.919921875,5750200000
2021-10-26,15235.7099609375,15235.7099609375,15384.0,15198.23046875,15317.5,7173230000
2021-10-27,15235.83984375,15235.83984375,15364.5400390625,15235.83984375,15276.0,6130110000
2021-10-28,15448.1201171875,15448.1201171875,15452.2998046875,15290.3095703125,15304.740234375,5714890000
2021-10-29,15498.3896484375,15498.3896484375,15504.1201171875,15323.2900390625,15323.2900390625,5338290000
2021-11-01,15595.919921875,15595.919921875,15598.9501953125,15470.8203125,15541.259765625,5273950000
2021-11-02,15649.599609375,15649.599609375,15656.599609375,15569.26953125,15583.98046875,5129370000
2021-11-03,15811.580078125,15811.580078125,15821.5703125,15616.4404296875,15658.51953125,5325110000
2021-11-04,15940.3095703125,15940.3095703125,15966.08984375,15827.66015625,15849.740234375,5297250000
2021-11-05,15971.58984375,15971.58984375,16053.3896484375,15900.7802734375,16003.5595703125,5566400000
2021-11-08,15982.3603515625,15982.3603515625,16038.23046875,15961.8095703125,15995.7197265625,5723650000
2021-11-09,15886.5400390625,15886.5400390625,16035.2099609375,15836.6796875,16024.1298828125,5574660000
2021-11-10,15622.7099609375,15622.7099609375,15867.240234375,15543.6796875,15753.83984375,5369110000
2021-11-11,15704.2802734375,15704.2802734375,15768.0302734375,15695.76953125,15752.080078125,4570460000
2021-11-12,15860.9599609375,15860.9599609375,15874.5703125,15705.3798828125,15752.6201171875,5446540000
2021-11-15,15853.849609375,15853.849609375,15918.4501953125,15778.3095703125,15894.8203125,5020180000
2021-11-16,15973.8603515625,15973.8603515625,15989.6103515625,15825.0,15840.3203125,5533020000
2021-11-17,15921.5703125,15921.5703125,15998.5703125,15909.3896484375,15973.6201171875,5049320000
2021-11-18,15993.7099609375,15993.7099609375,16010.8798828125,15848.830078125,15973.3896484375,5391360000
2021-11-19,16057.4404296875,16057.4404296875,16121.1201171875,16017.23046875,16042.16015625,4875310000
2021-11-22,15854.759765625,15854.759765625,16212.23046875,15851.0400390625,16120.919921875,5567830000
2021-11-23,15775.1396484375,15775.1396484375,15895.8603515625,15601.4599609375,15809.5,5434380000
2021-11-24,15845.23046875,15845.23046875,15848.5595703125,15591.3603515625,15677.8798828125,4197090000
2021-11-26,15491.66015625,15491.66015625,15731.5400390625,15456.08984375,15664.3798828125,3502170000
2021-11-29,15782.830078125,15782.830078125,15833.1103515625,15644.6103515625,15719.419921875,4836230000
2021-11-30,15537.6904296875,15537.6904296875,15828.2001953125,15451.3896484375,15716.5,6631470000
2021-12-01,15254.0498046875,15254.0498046875,15816.8203125,15243.9296875,15752.26953125,6320260000
2021-12-02,15381.3203125,15381.3203125,15444.5400390625,15150.1201171875,15181.8203125,5418340000
2021-12-03,15085.4697265625,15085.4697265625,15470.3603515625,14931.0595703125,15428.7099609375,5900290000
2021-12-06,15225.150390625,15225.150390625,15281.990234375,14931.6103515625,15117.6298828125,5115230000
2021-12-07,15686.919921875,15686.919921875,15720.08984375,15507.66015625,15510.91015625,5116490000
2021-12-08,15786.990234375,15786.990234375,15792.6396484375,15618.8798828125,15690.650390625,4615390000
2021-12-09,15517.3701171875,15517.3701171875,15796.0498046875,15511.1201171875,15720.5400390625,4515600000
2021-12-10,15630.599609375,15630.599609375,15677.599609375,15477.849609375,15629.58984375,4426210000
2021-12-13,15413.2802734375,15413.2802734375,15637.0595703125,15408.25,15621.26953125,4573920000
2021-12-14,15237.6396484375,15237.6396484375,15317.5498046875,15097.349609375,15215.9599609375,4865990000
2021-12-15,15565.580078125,15565.580078125,15575.759765625,15055.23046875,15230.7099609375,5343920000
2021-12-16,15180.4296875,15180.4296875,15633.1904296875,15119.490234375,15629.080078125,4906480000
2021-12-17,15169.6796875,15169.6796875,15288.7802734375,14960.3701171875,15036.76953125,7668770000
2021-12-20,14980.9404296875,14980.9404296875,15007.2998046875,14860.0400390625,14933.0,4602640000
2021-12-21,15341.08984375,15341.08984375,15349.0595703125,15015.0302734375,15140.4296875,4581720000
2021-12-22,15521.8896484375,15521.8896484375,15525.9697265625,15303.0595703125,15319.16015625,4107900000
2021-12-23,15653.3701171875,15653.3701171875,15697.98046875,15528.91015625,15544.7900390625,3935010000
2021-12-27,15871.259765625,15871.259765625,15871.400390625,15696.830078125,15696.830078125,3743920000
2021-12-28,15781.7197265625,15781.7197265625,15901.4697265625,15757.0703125,15895.2001953125,3648500000
2021-12-29,15766.2197265625,15766.2197265625,15821.8095703125,15679.849609375,15794.919921875,3714380000
2021-12-30,15741.5595703125,15741.5595703125,15868.08984375,15729.16015625,15758.98046875,3750920000
2021-12-31,15644.9697265625,15644.9697265625,15777.4296875,15643.9404296875,15722.91015625,3392580000
2022-01-03,15832.7998046875,15832.7998046875,15832.7998046875,15644.08984375,15732.5,4429960000
2022-01-04,15622.7197265625,15622.7197265625,15852.1396484375,15512.41015625,15852.1396484375,5131110000
2022-01-05,15100.169921875,15100.169921875,15586.2998046875,15095.1796875,15547.16015625,5031850000
2022-01-06,15080.8603515625,15080.8603515625,15198.4501953125,14914.8701171875,15024.150390625,4790820000
2022-01-07,14935.900390625,14935.900390625,15171.01953125,14877.6298828125,15095.7197265625,4238070000
2022-01-10,14942.830078125,14942.830078125,14953.849609375,14530.23046875,14751.7802734375,5317180000
2022-01-11,15153.4501953125,15153.4501953125,15158.7099609375,14837.6298828125,14919.259765625,4390710000
2022-01-12,15188.3896484375,15188.3896484375,15319.0302734375,15117.2900390625,15263.099609375,4338530000
2022-01-13,14806.8095703125,14806.8095703125,15259.7099609375,14782.240234375,15245.0400390625,4302020000
2022-01-14,14893.75,14893.75,14897.6796875,14689.4296875,14708.01953125,4374020000
2022-01-18,14506.900390625,14506.900390625,14740.5400390625,14482.9404296875,14681.830078125,5060790000
2022-01-19,14340.259765625,14340.259765625,14658.8896484375,14331.650390625,14582.2197265625,4665340000
2022-01-20,14154.01953125,14154.01953125,14642.0302734375,14140.7802734375,14462.849609375,5102050000
2022-01-21,13768.919921875,13768.919921875,14171.7197265625,13764.240234375,14046.2197265625,5870830000
2022-01-24,13855.1298828125,13855.1298828125,13876.6103515625,13094.650390625,13481.5,6998770000
2022-01-25,13539.2900390625,13539.2900390625,13781.6201171875,13414.1396484375,13610.8701171875,5019380000
2022-01-26,13542.1201171875,13542.1201171875,14002.650390625,13392.1904296875,13871.76953125,5771140000
2022-01-27,13352.7802734375,13352.7802734375,13765.91015625,13322.66015625,13710.990234375,5177380000
2022-01-28,13770.5703125,13770.5703125,13771.91015625,13236.5595703125,13436.7099609375,4971930000
2022-01-31,14239.8798828125,14239.8798828125,14242.900390625,13767.7099609375,13812.1904296875,5124940000
2022-02-01,14346.0,14346.0,14358.6904296875,14070.76953125,14277.4296875,4671850000
2022-02-02,14417.5498046875,14417.5498046875,14504.8203125,14264.650390625,14494.4697265625,4673140000
2022-02-03,13878.8203125,13878.8203125,14207.8896484375,13851.740234375,14045.830078125,4326300000
2022-02-04,14098.009765625,14098.009765625,14222.759765625,13850.3896484375,13958.48046875,4121340000
2022-02-07,14015.669921875,14015.669921875,14236.3095703125,13974.099609375,14118.7900390625,4268730000
2022-02-08,14194.4501953125,14194.4501953125,14226.48046875,13934.7802734375,13984.4296875,4293770000
2022-02-09,14490.3701171875,14490.3701171875,14490.7197265625,14330.8701171875,14368.16015625,4729730000
2022-02-10,14185.6396484375,14185.6396484375,14509.5595703125,14118.2001953125,14228.6796875,5212510000
2022-02-11,13791.150390625,13791.150390625,14246.7001953125,13733.16015625,14213.6201171875,5237320000
2022-02-14,13790.919921875,13790.919921875,13921.7099609375,13664.759765625,13768.9697265625,4347350000
2022-02-15,14139.759765625,14139.759765625,14142.490234375,13976.2900390625,13997.1796875,4416840000
2022-02-16,14124.08984375,14124.08984375,14163.73046875,13931.990234375,14038.919921875,4238560000
2022-02-17,13716.7197265625,13716.7197265625,14020.8203125,13704.7001953125,14004.1904296875,4278370000
2022-02-18,13548.0703125,13548.0703125,13762.400390625,13465.5595703125,13735.400390625,4501940000
2022-02-22,13381.51953125,13381.51953125,13618.7197265625,13249.650390625,13424.3603515625,4849170000
2022-02-23,13037.490234375,13037.490234375,13533.7802734375,13032.169921875,13511.75,4639330000
2022-02-24,13473.58984375,13473.58984375,13486.1103515625,12587.8798828125,12587.8798828125,6180200000
2022-02-25,13694.6201171875,13694.6201171875,13696.8603515625,13358.2900390625,13485.259765625,4628720000
2022-02-28,13751.400390625,13751.400390625,13810.6396484375,13549.900390625,13570.830078125,5928130000
2022-03-01,13532.4599609375,13532.4599609375,13777.0400390625,13441.3203125,13716.7001953125,6131350000
2022-03-02,13752.01953125,13752.01953125,13796.5498046875,13493.91015625,13597.5302734375,5246390000
2022-03-03,13537.9404296875,13537.9404296875,13837.58984375,13472.6396484375,13837.58984375,5092580000
2022-03-04,13313.4404296875,13313.4404296875,13486.7099609375,13224.98046875,13455.23046875,5343900000
2022-03-07,12830.9599609375,12830.9599609375,13353.2802734375,12828.01953125,13328.3603515625,6195370000
2022-03-08,12795.5498046875,12795.5498046875,13159.4404296875,12670.080078125,12800.0400390625,6683960000
2022-03-09,13255.5498046875,13255.5498046875,13301.16015625,13039.7900390625,13113.7001953125,5396550000
2022-03-10,13129.9599609375,13129.9599609375,13163.5,12946.2802734375,13098.349609375,5071250000
2022-03-11,12843.8095703125,12843.8095703125,13239.349609375,12830.3701171875,13229.76953125,5288210000
2022-03-14,12581.2197265625,12581.2197265625,12918.009765625,12555.349609375,12795.1201171875,5876710000
2022-03-15,12948.6201171875,12948.6201171875,12973.8798828125,12616.58984375,12685.23046875,5440100000
2022-03-16,13436.5498046875,13436.5498046875,13440.1201171875,12992.2001953125,13119.3701171875,6552210000
2022-03-17,13614.7802734375,13614.7802734375,13620.7998046875,13317.1396484375,13360.7197265625,5612090000
2022-03-18,13893.83984375,13893.83984375,13899.2802734375,13528.0595703125,13564.6298828125,8149290000
2022-03-21,13838.4599609375,13838.4599609375,13945.8095703125,13682.5498046875,13860.3896484375,5673940000
2022-03-22,14108.8203125,14108.8203125,14141.0703125,13857.2900390625,13866.4296875,5445100000
2022-03-23,13922.599609375,13922.599609375,14152.1396484375,13921.650390625,13990.349609375,5024230000
2022-03-24,14191.83984375,14191.83984375,14193.5498046875,13897.2001953125,14001.3203125,5149520000
2022-03-25,14169.2998046875,14169.2998046875,14218.759765625,14010.7900390625,14194.7197265625,5585100000
2022-03-28,14354.900390625,14354.900390625,14356.0,14101.33984375,14177.2099609375,5129500000
2022-03-29,14619.6396484375,14619.6396484375,14646.900390625,14419.400390625,14500.3896484375,6060890000
2022-03-30,14442.26953125,14442.26953125,14609.25,14383.4501953125,14558.58984375,5479200000
2022-03-31,14220.51953125,14220.51953125,14456.740234375,14217.7197265625,14444.7802734375,5453890000
2022-04-01,14261.5,14261.5,14306.9404296875,14131.8095703125,14269.5302734375,5002790000
2022-04-04,14532.5498046875,14532.5498046875,14534.3798828125,14286.4501953125,14304.349609375,4630100000
2022-04-05,14204.169921875,14204.169921875,14500.2900390625,14169.1201171875,14490.259765625,4727710000
2022-04-06,13888.8203125,13888.8203125,14032.83984375,13788.900390625,14002.580078125,5360420000
2022-04-07,13897.2998046875,13897.2998046875,13978.25,13689.23046875,13861.490234375,4856090000
2022-04-08,13711.0,13711.0,13866.0595703125,13693.6904296875,13830.4697265625,4574080000
2022-04-11,13411.9599609375,13411.9599609375,13585.080078125,13401.3896484375,13547.2900390625,4946680000
2022-04-12,13371.5703125,13371.5703125,13685.9501953125,13317.740234375,13584.6904296875,4991720000
2022-04-13,13643.58984375,13643.58984375,13679.4296875,13353.66015625,13373.1201171875,4909720000
2022-04-14,13351.080078125,13351.080078125,13662.9296875,13345.2197265625,13647.4296875,4642240000
2022-04-18,13332.3603515625,13332.3603515625,13414.26953125,13222.0302734375,13319.3896484375,4365230000
2022-04-19,13619.66015625,13619.66015625,13643.9697265625,13281.2197265625,13312.4404296875,4562840000
2022-04-20,13453.0703125,13453.0703125,13678.5498046875,13426.1298828125,13665.3798828125,4678930000
2022-04-21,13174.650390625,13174.650390625,13710.7001953125,13140.830078125,13623.7001953125,5233110000
2022-04-22,12839.2900390625,12839.2900390625,13212.599609375,12828.01953125,13168.7998046875,4475090000
2022-04-25,13004.849609375,13004.849609375,13011.4501953125,12722.58984375,12749.169921875,4845160000
2022-04-26,12490.740234375,12490.740234375,12918.0400390625,12490.740234375,12918.0400390625,5168160000
2022-04-27,12488.9296875,12488.9296875,12703.7900390625,12430.900390625,12500.8798828125,4810720000
2022-04-28,12871.5302734375,12871.5302734375,12948.51953125,12487.8603515625,12712.8603515625,5067150000
2022-04-29,12334.6396484375,12334.6396484375,12861.830078125,12315.740234375,12710.419921875,4733070000
2022-05-02,12536.01953125,12536.01953125,12542.5400390625,12202.41015625,12331.6904296875,4918240000
2022-05-03,12563.759765625,12563.759765625,12645.830078125,12460.990234375,12511.4599609375,4547280000
2022-05-04,12964.8603515625,12964.8603515625,12985.009765625,12367.01953125,12574.73046875,5498050000
2022-05-05,12317.6904296875,12317.6904296875,12787.51953125,12183.5595703125,12787.51953125,5308920000
2022-05-06,12144.66015625,12144.66015625,12358.419921875,11990.150390625,12246.830078125,5324480000
2022-05-09,11623.25,11623.25,11990.6103515625,11574.9404296875,11923.0302734375,5939140000
2022-05-10,11737.669921875,11737.669921875,11944.9404296875,11566.2802734375,11900.33984375,6218260000
2022-05-11,11364.240234375,11364.240234375,11844.509765625,11339.1796875,11645.5703125,6152370000
2022-05-12,11370.9599609375,11370.9599609375,11547.330078125,11108.759765625,11199.25,6679470000
2022-05-13,11805.0,11805.0,11856.7099609375,11510.259765625,11555.9697265625,5894020000
2022-05-16,11662.7900390625,11662.7900390625,11804.58984375,11627.5302734375,11727.1396484375,4930250000
2022-05-17,11984.51953125,11984.51953125,11988.4296875,11754.2802734375,11905.5703125,5093960000
2022-05-18,11418.150390625,11418.150390625,11826.2197265625,11381.6904296875,11790.6796875,5064120000
2022-05-19,11388.5,11388.5,11562.8203125,11313.3095703125,11364.400390625,5154410000
2022-05-20,11354.6201171875,11354.6201171875,11552.2099609375,11035.6904296875,11542.669921875,5434370000
2022-05-23,11535.26953125,11535.26953125,11552.0703125,11304.5595703125,11396.2802734375,4552200000
2022-05-24,11264.4501953125,11264.4501953125,11351.6103515625,11092.48046875,11326.4404296875,4724430000
2022-05-25,11434.740234375,11434.740234375,11511.900390625,11211.849609375,11225.0302734375,4519690000
2022-05-26,11740.650390625,11740.650390625,11796.9697265625,11406.16015625,11409.83984375,4672620000
2022-05-27,12131.1298828125,12131.1298828125,12131.66015625,11856.8203125,11869.6904296875,4793900000
2022-05-31,12081.3896484375,12081.3896484375,12190.080078125,11942.5,12137.5400390625,6045500000
2022-06-01,11994.4599609375,11994.4599609375,12237.9404296875,11901.4296875,12176.8896484375,4719900000
2022-06-02,12316.900390625,12316.900390625,12320.1201171875,11901.4501953125,11945.5703125,4445840000
2022-06-03,12012.73046875,12012.73046875,12167.4404296875,11966.6201171875,12097.1201171875,4130040000
2022-06-06,12061.3701171875,12061.3701171875,12245.400390625,12004.2001953125,12200.330078125,4647010000
2022-06-07,12175.23046875,12175.23046875,12194.8603515625,11888.6103515625,11925.8095703125,4411240000
2022-06-08,12086.26953125,12086.26953125,12235.7802734375,12052.7001953125,12147.2802734375,4708980000
2022-06-09,11754.23046875,11754.23046875,12115.0595703125,11751.98046875,12016.4697265625,5408460000
2022-06-10,11340.01953125,11340.01953125,11569.150390625,11328.26953125,11543.8798828125,5152020000
2022-06-13,10809.23046875,10809.23046875,11071.48046875,10775.1396484375,10986.849609375,5937320000
2022-06-14,10828.349609375,10828.349609375,10926.8095703125,10733.0400390625,10897.4296875,4819890000
2022-06-15,11099.150390625,11099.150390625,11244.259765625,10866.3896484375,10968.400390625,5368500000
2022-06-16,10646.099609375,10646.099609375,10831.0703125,10565.1396484375,10806.01953125,5696630000
2022-06-17,10798.349609375,10798.349609375,10884.7099609375,10638.7197265625,10697.5498046875,7452830000
2022-06-21,11069.2998046875,11069.2998046875,11164.990234375,10974.0498046875,10974.0498046875,5226260000
2022-06-22,11053.080078125,11053.080078125,11216.76953125,10938.0595703125,10941.9501953125,5238180000
2022-06-23,11232.1904296875,11232.1904296875,11260.26953125,11046.2802734375,11137.6796875,5258200000
2022-06-24,11607.6201171875,11607.6201171875,11613.23046875,11337.7802734375,11351.3095703125,9468130000
2022-06-27,11524.5498046875,11524.5498046875,11677.490234375,11487.0703125,11661.01953125,5047860000
2022-06-28,11181.5400390625,11181.5400390625,11635.849609375,11177.6796875,11542.240234375,5433220000
2022-06-29,11177.8896484375,11177.8896484375,11226.330078125,11072.1904296875,11160.2197265625,5650860000
2022-06-30,11028.740234375,11028.740234375,11160.919921875,10850.009765625,11048.25,5654520000
2022-07-01,11127.849609375,11127.849609375,11132.5498046875,10922.7099609375,11006.830078125,4865730000
2022-07-05,11322.240234375,11322.240234375,11323.8896484375,10911.4501953125,10964.1796875,5053570000
2022-07-06,11361.849609375,11361.849609375,11443.150390625,11250.3203125,11337.900390625,4851170000
2022-07-07,11621.349609375,11621.349609375,11644.4697265625,11412.8798828125,11422.599609375,4685050000
2022-07-08,11635.3095703125,11635.3095703125,11689.7001953125,11479.76953125,11503.6103515625,4526570000
2022-07-11,11372.599609375,11372.599609375,11541.099609375,11348.0595703125,11524.490234375,4362910000
2022-07-12,11264.73046875,11264.73046875,11483.169921875,11207.080078125,11420.8896484375,4317860000
2022-07-13,11247.580078125,11247.580078125,11325.669921875,11031.26953125,11056.5498046875,4433060000
2022-07-14,11251.1904296875,11251.1904296875,11279.9697265625,11005.9296875,11151.2099609375,4481070000
2022-07-15,11452.419921875,11452.419921875,11454.6904296875,11295.330078125,11379.3603515625,4369060000
2022-07-18,11360.0498046875,11360.0498046875,11629.0302734375,11322.83984375,11561.6396484375,5057920000
2022-07-19,11713.150390625,11713.150390625,11721.2197265625,11448.9697265625,11515.0,5302740000
2022-07-20,11897.650390625,11897.650390625,11939.9599609375,11703.3603515625,11726.08984375,5467080000
2022-07-21,12059.6103515625,12059.6103515625,12060.58984375,11812.7197265625,11914.150390625,4680930000
2022-07-22,11834.1103515625,11834.1103515625,12093.01953125,11767.1904296875,12025.3701171875,4721880000
2022-07-25,11782.669921875,11782.669921875,11855.1103515625,11707.5302734375,11837.9599609375,4346520000
2022-07-26,11562.5703125,11562.5703125,11711.3095703125,11533.3701171875,11701.5302734375,4349760000
2022-07-27,12032.419921875,12032.419921875,12081.73046875,11718.3798828125,11756.1904296875,4588480000
2022-07-28,12162.58984375,12162.58984375,12179.08984375,11886.669921875,12036.48046875,4924950000
2022-07-29,12390.6904296875,12390.6904296875,12426.259765625,12181.1298828125,12239.6904296875,4907410000
2022-08-01,12368.98046875,12368.98046875,12499.7197265625,12271.98046875,12317.9599609375,4396390000
2022-08-02,12348.759765625,12348.759765625,12503.33984375,12260.48046875,12287.669921875,4792140000
2022-08-03,12668.16015625,12668.16015625,12699.6396484375,12425.2099609375,12433.8701171875,5667990000
2022-08-04,12720.580078125,12720.580078125,12736.1904296875,12600.7802734375,12675.0400390625,5451470000
2022-08-05,12657.5498046875,12657.5498046875,12720.4404296875,12525.76953125,12538.7998046875,4911300000
2022-08-08,12644.4599609375,12644.4599609375,12855.150390625,12597.75,12703.7197265625,5238600000
2022-08-09,12493.9296875,12493.9296875,12582.91015625,12438.8603515625,12557.490234375,5307340000
2022-08-10,12854.7998046875,12854.7998046875,12861.4404296875,12698.6103515625,12793.4404296875,5196210000
2022-08-11,12779.91015625,12779.91015625,13026.240234375,12760.08984375,12944.8203125,5815960000
2022-08-12,13047.1904296875,13047.1904296875,13047.1904296875,12821.2197265625,12866.3095703125,4782610000
2022-08-15,13128.0498046875,13128.0498046875,13146.0595703125,12993.7802734375,12996.6298828125,4476040000
2022-08-16,13102.5498046875,13102.5498046875,13181.08984375,12979.240234375,13082.6396484375,5028410000
2022-08-17,12938.1201171875,12938.1201171875,13053.509765625,12863.009765625,12968.6298828125,5229520000
2022-08-18,12965.33984375,12965.33984375,13002.66015625,12873.490234375,12937.7900390625,4724350000
2022-08-19,12705.2197265625,12705.2197265625,12859.009765625,12674.8701171875,12832.26953125,4628170000
2022-08-22,12381.5703125,12381.5703125,12538.5498046875,12353.73046875,12523.16015625,4270980000
2022-08-23,12381.2998046875,12381.2998046875,12490.849609375,12352.0302734375,12380.3701171875,3836180000
2022-08-24,12431.5302734375,12431.5302734375,12504.330078125,12350.16015625,12375.150390625,3917170000
2022-08-25,12639.26953125,12639.26953125,12641.259765625,12471.98046875,12506.3701171875,4323470000
2022-08-26,12141.7099609375,12141.7099609375,12655.83984375,12141.51953125,12630.580078125,4530000000
2022-08-29,12017.669921875,12017.669921875,12124.8701171875,11981.419921875,12021.0498046875,4209850000
2022-08-30,11883.1396484375,11883.1396484375,12101.849609375,11790.01953125,12093.0595703125,4681520000
2022-08-31,11816.2001953125,11816.2001953125,12027.4296875,11814.169921875,11972.5595703125,4952010000
2022-09-01,11785.1298828125,11785.1298828125,11798.3701171875,11546.51953125,11707.4404296875,4792890000
2022-09-02,11630.8603515625,11630.8603515625,11945.91015625,11573.509765625,11899.1396484375,4257410000
2022-09-06,11544.91015625,11544.91015625,11679.4296875,11471.5,11643.0302734375,4622940000
2022-09-07,11791.900390625,11791.900390625,11819.0703125,11555.080078125,11559.3798828125,4445640000
2022-09-08,11862.1298828125,11862.1298828125,11896.73046875,11660.5302734375,11679.8603515625,4329910000
2022-09-09,12112.3095703125,12112.3095703125,12132.669921875,11958.6103515625,11958.6103515625,4401590000
2022-09-12,12266.41015625,12266.41015625,12270.1904296875,12169.2802734375,12174.9404296875,4146680000
2022-09-13,11633.5703125,11633.5703125,11957.9697265625,11604.4296875,11908.8095703125,5188380000
2022-09-14,11719.6796875,11719.6796875,11746.830078125,11602.759765625,11680.41015625,4861530000
2022-09-15,11552.3603515625,11552.3603515625,11760.73046875,11497.1103515625,11633.240234375,4805910000
2022-09-16,11448.400390625,11448.400390625,11460.4296875,11316.919921875,11401.2099609375,7451840000
2022-09-19,11535.01953125,11535.01953125,11538.1298828125,11337.830078125,11338.5703125,4168670000
2022-09-20,11425.0498046875,11425.0498046875,11520.990234375,11343.7197265625,11440.1396484375,4028100000
2022-09-21,11220.1904296875,11220.1904296875,11613.5703125,11218.990234375,11466.2099609375,4471000000
2022-09-22,11066.8095703125,11066.8095703125,11203.76953125,11024.6396484375,11167.3798828125,4916470000
2022-09-23,10867.9296875,10867.9296875,10958.2900390625,10732.7197265625,10952.6904296875,5134350000
2022-09-26,10802.919921875,10802.919921875,11024.0,10789.0498046875,10833.3798828125,4697730000
2022-09-27,10829.5,10829.5,11040.98046875,10741.01953125,10955.2900390625,4445050000
2022-09-28,11051.6396484375,11051.6396484375,11101.5,10776.33984375,10817.51953125,4556100000
2022-09-29,10737.509765625,10737.509765625,10899.4697265625,10623.2197265625,10894.4404296875,4516630000
2022-09-30,10575.6201171875,10575.6201171875,10883.0400390625,10572.330078125,10697.7099609375,4649710000
2022-10-03,10815.4296875,10815.4296875,10875.4599609375,10577.8896484375,10659.009765625,4415440000
2022-10-04,11176.41015625,11176.41015625,11189.9599609375,11044.0400390625,11054.7197265625,5004780000
2022-10-05,11148.6396484375,11148.6396484375,11210.3203125,10910.759765625,11022.669921875,4091860000
2022-10-06,11073.3095703125,11073.3095703125,11230.4404296875,11051.26953125,11129.0400390625,4423320000
2022-10-07,10652.400390625,10652.400390625,10891.9296875,10608.51953125,10877.2802734375,4634190000
2022-10-10,10542.099609375,10542.099609375,10669.9296875,10449.0400390625,10659.9501953125,3989640000
2022-10-11,10426.1904296875,10426.1904296875,10608.83984375,10351.98046875,10484.3701171875,4738840000
2022-10-12,10417.099609375,10417.099609375,10494.5302734375,10372.2099609375,10437.0,4091030000
2022-10-13,10649.150390625,10649.150390625,10697.7099609375,10088.830078125,10131.8203125,5300080000
2022-10-14,10321.3896484375,10321.3896484375,10766.6904296875,10308.8095703125,10742.8095703125,4393000000
2022-10-17,10675.7998046875,10675.7998046875,10696.58984375,10569.6904296875,10575.650390625,4439190000
2022-10-18,10772.400390625,10772.400390625,10972.9697265625,10670.1201171875,10963.990234375,5047360000
2022-10-19,10680.509765625,10680.509765625,10808.0400390625,10592.8798828125,10689.3095703125,4955090000
2022-10-20,10614.83984375,10614.83984375,10837.2998046875,10574.5498046875,10657.41015625,4628010000
2022-10-21,10859.7197265625,10859.7197265625,10875.7197265625,10542.4296875,10576.0400390625,4706440000
2022-10-24,10952.6103515625,10952.6103515625,10983.51953125,10713.330078125,10867.0703125,4808710000
2022-10-25,11199.1201171875,11199.1201171875,11210.3798828125,10996.9697265625,10996.9697265625,5141760000
2022-10-26,10970.990234375,10970.990234375,11205.83984375,10948.3798828125,10969.01953125,5224440000
2022-10-27,10792.669921875,10792.669921875,10998.73046875,10780.5,10971.9501953125,4773520000
2022-10-28,11102.4501953125,11102.4501953125,11117.0400390625,10766.2001953125,10766.2001953125,4731940000
2022-10-31,10988.150390625,10988.150390625,11047.9404296875,10914.009765625,11028.4296875,4753740000
2022-11-01,10890.849609375,10890.849609375,11156.349609375,10881.1904296875,11154.740234375,4677520000
2022-11-02,10524.7998046875,10524.7998046875,10993.240234375,10522.900390625,10885.009765625,5436420000
2022-11-03,10342.9404296875,10342.9404296875,10486.009765625,10319.5400390625,10399.4501953125,5102190000
2022-11-04,10475.25,10475.25,10553.6298828125,10262.9296875,10548.1396484375,5453750000
2022-11-07,10564.51953125,10564.51953125,10587.9599609375,10428.91015625,10516.9404296875,4456690000
2022-11-08,10616.2001953125,10616.2001953125,10745.6396484375,10472.73046875,10611.5302734375,5134500000
2022-11-09,10353.169921875,10353.169921875,10564.9697265625,10344.009765625,10528.4501953125,4977460000
2022-11-10,11114.150390625,11114.150390625,11119.1201171875,10779.9501953125,10869.169921875,6433000000
2022-11-11,11323.330078125,11323.330078125,11352.4296875,11069.830078125,11124.75,5867750000
2022-11-14,11196.2197265625,11196.2197265625,11350.1201171875,11167.169921875,11233.900390625,5004060000
2022-11-15,11358.41015625,11358.41015625,11492.6201171875,11241.150390625,11474.8203125,5617310000
2022-11-16,11183.66015625,11183.66015625,11286.099609375,11162.919921875,11260.099609375,4585190000
2022-11-17,11144.9599609375,11144.9599609375,11198.83984375,11006.2099609375,11008.669921875,4354360000
2022-11-18,11146.0595703125,11146.0595703125,11259.4404296875,11059.16015625,11257.009765625,4175420000
2022-11-21,11024.509765625,11024.509765625,11128.7802734375,10999.75,11091.009765625,3977130000
2022-11-22,11174.41015625,11174.41015625,11179.8701171875,10975.66015625,11058.5595703125,4186360000
2022-11-23,11285.3203125,11285.3203125,11310.8203125,11174.6103515625,11174.6103515625,4431530000
2022-11-25,11226.3603515625,11226.3603515625,11261.5703125,11206.3798828125,11231.0,2184080000
2022-11-28,11049.5,11049.5,11217.75,11020.6904296875,11147.5703125,4271360000
2022-11-29,10983.7802734375,10983.7802734375,11086.01953125,10944.3701171875,11060.01953125,4592830000
2022-11-30,11468.0,11468.0,11468.4697265625,10966.5302734375,10995.2001953125,6653460000
2022-12-01,11482.4501953125,11482.4501953125,11546.76953125,11378.75,11475.169921875,5158120000
2022-12-02,11461.5,11461.5,11492.3203125,11296.7197265625,11308.3798828125,4523010000
2022-12-05,11239.9404296875,11239.9404296875,11425.509765625,11193.01953125,11380.990234375,4510030000
2022-12-06,11014.8896484375,11014.8896484375,11241.419921875,10956.2001953125,11228.419921875,4713330000
2022-12-07,10958.5498046875,10958.5498046875,11039.8095703125,10910.6201171875,10963.9501953125,4343860000
2022-12-08,11082.0,11082.0,11119.16015625,10939.4697265625,11011.330078125,4281800000
2022-12-09,11004.6201171875,11004.6201171875,11138.7001953125,10999.259765625,11038.169921875,4337440000
2022-12-12,11143.740234375,11143.740234375,11144.669921875,10984.8203125,11015.48046875,4829990000
2022-12-13,11256.8095703125,11256.8095703125,11571.6396484375,11160.5400390625,11542.83984375,6126890000
2022-12-14,11170.8896484375,11170.8896484375,11352.08984375,11065.240234375,11248.08984375,5485150000
2022-12-15,10810.5302734375,10810.5302734375,11029.5703125,10775.6103515625,11012.6201171875,5536070000
2022-12-16,10705.41015625,10705.41015625,10833.240234375,10642.099609375,10767.6298828125,7968170000
2022-12-19,10546.0302734375,10546.0302734375,10713.9697265625,10497.5498046875,10707.4404296875,4631820000
2022-12-20,10547.1103515625,10547.1103515625,10609.4599609375,10446.8203125,10490.8896484375,4707190000
2022-12-21,10709.3701171875,10709.3701171875,10753.5703125,10569.2001953125,10592.0,4401420000
2022-12-22,10476.1201171875,10476.1201171875,10599.33984375,10313.3203125,10586.4599609375,5125070000
2022-12-23,10497.8603515625,10497.8603515625,10514.759765625,10361.8203125,10437.75,3544680000
2022-12-27,10353.23046875,10353.23046875,10472.3203125,10340.73046875,10462.1904296875,3827290000
2022-12-28,10213.2900390625,10213.2900390625,10414.8203125,10207.4697265625,10339.2001953125,3842970000
2022-12-29,10478.08984375,10478.08984375,10502.080078125,10301.0595703125,10321.4599609375,4154100000
2022-12-30,10466.48046875,10466.48046875,10468.3095703125,10324.7001953125,10368.3701171875,3959030000
2023-01-03,10386.98046875,10386.98046875,10613.0595703125,10309.16015625,10562.0595703125,4780650000
2023-01-04,10458.759765625,10458.759765625,10515.2197265625,10337.6396484375,10467.8203125,5085380000
2023-01-05,10305.240234375,10305.240234375,10393.2197265625,10295.25,10390.3095703125,4764270000
2023-01-06,10569.2900390625,10569.2900390625,10604.1396484375,10265.0400390625,10363.9599609375,5199780000
2023-01-09,10635.650390625,10635.650390625,10807.259765625,10619.1201171875,10662.099609375,5132190000
2023-01-10,10742.6298828125,10742.6298828125,10743.669921875,10589.58984375,10607.7197265625,4710680000
2023-01-11,10931.669921875,10931.669921875,10932.4404296875,10762.73046875,10794.990234375,5284390000
2023-01-12,11001.099609375,11001.099609375,11027.75,10797.1201171875,10969.259765625,5681240000
2023-01-13,11079.16015625,11079.16015625,11084.009765625,10900.16015625,10906.3701171875,5077990000
2023-01-17,11095.1103515625,11095.1103515625,11145.4404296875,11024.7197265625,11070.0,5138410000
2023-01-18,10957.009765625,10957.009765625,11223.41015625,10952.0498046875,11170.9501953125,5288630000
2023-01-19,10852.26953125,10852.26953125,10932.51953125,10804.5703125,10890.400390625,4660800000
2023-01-20,11140.4296875,11140.4296875,11143.169921875,10885.650390625,10924.66015625,5980110000
2023-01-23,11364.41015625,11364.41015625,11405.5,11144.0302734375,11171.9404296875,5997810000
2023-01-24,11334.26953125,11334.26953125,11378.150390625,11282.650390625,11302.9296875,5670860000
2023-01-25,11313.3603515625,11313.3603515625,11334.2197265625,11069.1796875,11146.5302734375,5485570000
2023-01-26,11512.41015625,11512.41015625,11516.0498046875,11341.1904296875,11458.400390625,5732890000
2023-01-27,11621.7099609375,11621.7099609375,11691.8896484375,11470.26953125,11470.4697265625,6243800000
2023-01-30,11393.8095703125,11393.8095703125,11553.3095703125,11388.5400390625,11512.33984375,5122320000
2023-01-31,11584.5498046875,11584.5498046875,11586.009765625,11398.3701171875,11398.580078125,5695150000
2023-02-01,11816.3203125,11816.3203125,11904.01953125,11500.330078125,11573.1396484375,6336040000
2023-02-02,12200.8203125,12200.8203125,12269.5498046875,12024.1396484375,12065.150390625,7038210000
2023-02-03,12006.9501953125,12006.9501953125,12231.3095703125,11946.8603515625,11946.8603515625,5954490000
2023-02-06,11887.4501953125,11887.4501953125,11973.41015625,11843.490234375,11904.41015625,5538350000
2023-02-07,12113.7900390625,12113.7900390625,12150.2197265625,11836.7802734375,11891.25,5720240000
2023-02-08,11910.51953125,11910.51953125,12096.3896484375,11890.08984375,12069.1201171875,5052870000
2023-02-09,11789.580078125,11789.580078125,12070.9599609375,11745.1103515625,12069.099609375,5536290000
2023-02-10,11718.1201171875,11718.1201171875,11775.7998046875,11630.5400390625,11714.599609375,4885030000
2023-02-13,11891.7900390625,11891.7900390625,11910.919921875,11719.73046875,11759.08984375,4752880000
2023-02-14,11960.150390625,11960.150390625,11999.849609375,11760.5595703125,11808.2001953125,5032430000
2023-02-15,12070.58984375,12070.58984375,12071.2900390625,11876.8203125,11905.1201171875,5056640000
2023-02-16,11855.830078125,11855.830078125,12040.33984375,11853.3603515625,11896.3095703125,5159410000
2023-02-17,11787.26953125,11787.26953125,11803.2197265625,11673.2099609375,11777.5,4925230000
2023-02-21,11492.2998046875,11492.2998046875,11684.1396484375,11491.1796875,11640.3701171875,5002540000
2023-02-22,11507.0703125,11507.0703125,11582.51953125,11445.169921875,11517.2001953125,4671270000
2023-02-23,11590.400390625,11590.400390625,11638.98046875,11432.580078125,11636.9296875,4714580000
2023-02-24,11394.9404296875,11394.9404296875,11434.3603515625,11334.4697265625,11404.1796875,4432650000
2023-02-27,11466.98046875,11466.98046875,11565.23046875,11444.599609375,11517.1904296875,4494000000
2023-02-28,11455.5400390625,11455.5400390625,11548.23046875,11435.3896484375,11451.0498046875,5340950000
2023-03-01,11379.48046875,11379.48046875,11479.0,11349.8701171875,11447.580078125,4927530000
2023-03-02,11462.98046875,11462.98046875,11487.58984375,11273.6103515625,11273.76953125,5313760000
2023-03-03,11689.009765625,11689.009765625,11699.6298828125,11514.740234375,11524.650390625,5102210000
2023-03-06,11675.740234375,11675.740234375,11827.919921875,11667.48046875,11736.8701171875,4982880000
2023-03-07,11530.330078125,11530.330078125,11705.9599609375,11512.0302734375,11670.98046875,5422820000
2023-03-08,11576.0,11576.0,11601.23046875,11487.75,11553.08984375,5085970000
2023-03-09,11338.349609375,11338.349609375,11667.1201171875,11319.98046875,11578.3095703125,5061790000
2023-03-10,11138.8896484375,11138.8896484375,11373.8095703125,11093.8603515625,11325.3603515625,6193500000
2023-03-13,11188.83984375,11188.83984375,11326.73046875,10982.7998046875,11041.4599609375,6201490000
2023-03-14,11428.150390625,11428.150390625,11467.01953125,11284.9296875,11357.73046875,5533120000
2023-03-15,11434.0498046875,11434.0498046875,11447.900390625,11238.4404296875,11291.169921875,5912430000
2023-03-16,11717.2802734375,11717.2802734375,11733.7998046875,11365.490234375,11384.8701171875,5498920000
2023-03-17,11630.509765625,11630.509765625,11773.1103515625,11562.6298828125,11696.33984375,7903090000
2023-03-20,11675.5400390625,11675.5400390625,11695.5498046875,11550.6904296875,11614.3896484375,4970630000
2023-03-21,11860.1103515625,11860.1103515625,11879.16015625,11724.91015625,11764.7900390625,4829870000
2023-03-22,11669.9599609375,11669.9599609375,12013.990234375,11666.849609375,11857.5,4981590000
2023-03-23,11787.400390625,11787.400390625,11962.6904296875,11684.51953125,11811.3203125,4917460000
2023-03-24,11823.9599609375,11823.9599609375,11826.23046875,11670.669921875,11747.6201171875,4363650000
2023-03-27,11768.83984375,11768.83984375,11903.2099609375,11739.0498046875,11868.5400390625,4330320000
2023-03-28,11716.080078125,11716.080078125,11752.759765625,11635.0302734375,11752.759765625,4036910000
2023-03-29,11926.240234375,11926.240234375,11941.599609375,11823.349609375,11855.58984375,4493540000
2023-03-30,12013.4697265625,12013.4697265625,12044.7900390625,11953.3701171875,12010.4501953125,4738880000
2023-03-31,12221.91015625,12221.91015625,12227.9296875,12030.4404296875,12031.5400390625,5521150000
2023-04-03,12189.4501953125,12189.4501953125,12196.33984375,12086.51953125,12146.08984375,4816440000
2023-04-04,12126.330078125,12126.330078125,12224.6796875,12081.8095703125,12208.490234375,4298760000
2023-04-05,11996.8603515625,11996.8603515625,12086.75,11931.849609375,12081.759765625,4378590000
2023-04-06,12087.9599609375,12087.9599609375,12098.5,11898.3603515625,11939.080078125,3862800000
2023-04-10,12084.3603515625,12084.3603515625,12084.9501953125,11924.2001953125,11975.1298828125,4334070000
2023-04-11,12031.8798828125,12031.8798828125,12091.26953125,12011.400390625,12080.240234375,4676960000
2023-04-12,11929.33984375,11929.33984375,12134.5,11916.5400390625,12110.8701171875,4909770000
2023-04-13,12166.26953125,12166.26953125,12178.7998046875,11995.9404296875,11997.419921875,4942990000
2023-04-14,12123.4697265625,12123.4697265625,12205.7197265625,12026.5498046875,12117.91015625,4655740000
2023-04-17,12157.7197265625,12157.7197265625,12159.01953125,12064.099609375,12108.23046875,4823180000
2023-04-18,12153.41015625,12153.41015625,12245.4296875,12110.23046875,12234.5595703125,4851810000
2023-04-19,12157.23046875,12157.23046875,12191.099609375,12060.169921875,12063.6796875,4972700000
2023-04-20,12059.5595703125,12059.5595703125,12155.9599609375,12011.9501953125,12039.080078125,4590530000
2023-04-21,12072.4599609375,12072.4599609375,12097.150390625,11986.8203125,12046.0302734375,4868050000
2023-04-24,12037.2001953125,12037.2001953125,12103.580078125,11960.2998046875,12053.4697265625,4854050000
2023-04-25,11799.16015625,11799.16015625,11990.4599609375,11798.76953125,11968.8095703125,4806020000
2023-04-26,11854.349609375,11854.349609375,11967.990234375,11833.0703125,11913.23046875,5281970000
2023-04-27,12142.240234375,12142.240234375,12154.009765625,11950.919921875,11972.150390625,5253710000
2023-04-28,12226.580078125,12226.580078125,12227.7197265625,12082.5703125,12117.5400390625,5331380000
2023-05-01,12212.599609375,12212.599609375,12261.3203125,12181.080078125,12210.0498046875,5168430000
2023-05-02,12080.509765625,12080.509765625,12206.580078125,12015.23046875,12198.01953125,5501410000
2023-05-03,12025.330078125,12025.330078125,12212.5498046875,12022.4599609375,12097.0400390625,5782160000
2023-05-04,11966.400390625,11966.400390625,12033.150390625,11925.3701171875,11997.33984375,4745780000
2023-05-05,12235.41015625,12235.41015625,12264.830078125,12065.7197265625,12073.0302734375,4574790000
2023-05-08,12256.919921875,12256.919921875,12264.990234375,12178.259765625,12231.6796875,4216360000
2023-05-09,12179.5498046875,12179.5498046875,12216.1298828125,12174.0595703125,12195.7802734375,4126780000
2023-05-10,12306.4404296875,12306.4404296875,12337.6904296875,12180.8603515625,12286.66015625,4948260000
2023-05-11,12328.509765625,12328.509765625,12347.3798828125,12255.4404296875,12321.259765625,4489490000
2023-05-12,12284.740234375,12284.740234375,12364.650390625,12209.580078125,12350.51953125,4170000000
2023-05-15,12365.2099609375,12365.2099609375,12376.400390625,12263.349609375,12301.169921875,3979290000
2023-05-16,12343.0498046875,12343.0498046875,12403.8095703125,12324.51953125,12327.0498046875,4067510000
2023-05-17,12500.5703125,12500.5703125,12514.0703125,12335.01953125,12388.580078125,4501820000
2023-05-18,12688.83984375,12688.83984375,12698.5,12512.259765625,12513.8701171875,4532890000
2023-05-19,12657.900390625,12657.900390625,12731.73046875,12624.0595703125,12709.4599609375,3935780000
2023-05-22,12720.7802734375,12720.7802734375,12756.23046875,12655.259765625,12664.4404296875,4278920000
2023-05-23,12560.25,12560.25,12709.740234375,12554.4296875,12652.8798828125,4347440000
2023-05-24,12484.16015625,12484.16015625,12529.6298828125,12415.849609375,12481.8896484375,4088270000
2023-05-25,12698.08984375,12698.08984375,12736.919921875,12604.8896484375,12706.4404296875,4651640000
2023-05-26,12975.6904296875,12975.6904296875,13001.91015625,12729.740234375,12736.419921875,4434070000
2023-05-30,13017.4296875,13017.4296875,13154.2900390625,12968.1201171875,13109.099609375,4843470000
2023-05-31,12935.2900390625,12935.2900390625,13029.080078125,12889.3701171875,12968.3798828125,5905760000
2023-06-01,13100.98046875,13100.98046875,13141.830078125,12903.6298828125,12944.4599609375,4610310000
2023-06-02,13240.76953125,13240.76953125,13256.2099609375,13125.8603515625,13190.48046875,4426760000
2023-06-05,13229.4296875,13229.4296875,13330.650390625,13194.9501953125,13238.48046875,4344280000
2023-06-06,13276.419921875,13276.419921875,13306.2099609375,13165.650390625,13199.58984375,4810910000
2023-06-07,13104.900390625,13104.900390625,13361.900390625,13089.48046875,13295.259765625,5270600000
2023-06-08,13238.51953125,13238.51953125,13248.599609375,13101.1796875,13113.26953125,4280160000
2023-06-09,13259.1396484375,13259.1396484375,13385.9501953125,13229.330078125,13312.3896484375,4412710000
2023-06-12,13461.919921875,13461.919921875,13465.91015625,13302.580078125,13326.3701171875,4722680000
2023-06-13,13573.3203125,13573.3203125,13594.400390625,13473.1904296875,13566.5302734375,5522100000
2023-06-14,13626.48046875,13626.48046875,13661.740234375,13455.990234375,13570.5595703125,5772550000
2023-06-15,13782.8203125,13782.8203125,13828.169921875,13561.3701171875,13572.8798828125,5667520000
2023-06-16,13689.5703125,13689.5703125,13864.0595703125,13680.9501953125,13859.0703125,8076530000
2023-06-20,13667.2900390625,13667.2900390625,13711.1796875,13561.83984375,13642.2900390625,5237710000
2023-06-21,13502.2001953125,13502.2001953125,13638.5703125,13460.9404296875,13620.8701171875,5194640000
2023-06-22,13630.6103515625,13630.6103515625,13631.849609375,13441.5595703125,13443.41015625,4499550000
2023-06-23,13492.51953125,13492.51953125,13572.1904296875,13442.650390625,13484.099609375,7734500000
2023-06-26,13335.7802734375,13335.7802734375,13573.5703125,13334.419921875,13468.740234375,4430600000
2023-06-27,13555.669921875,13555.669921875,13578.7998046875,13366.9697265625,13389.25,5053660000
2023-06-28,13591.75,13591.75,13654.1396484375,13495.73046875,13506.01953125,4533270000
2023-06-29,13591.330078125,13591.330078125,13618.5302734375,13540.259765625,13592.3603515625,4388140000
2023-06-30,13787.919921875,13787.919921875,13816.6796875,13716.16015625,13719.98046875,4661120000
2023-07-03,13816.76953125,13816.76953125,13839.08984375,13773.41015625,13798.7001953125,2902300000
2023-07-05,13791.650390625,13791.650390625,13844.5,13764.25,13772.099609375,5339340000
2023-07-06,13679.0400390625,13679.0400390625,13689.51953125,13567.25,13653.169921875,6113080000
2023-07-07,13660.7197265625,13660.7197265625,13804.509765625,13656.73046875,13668.0703125,5098120000
2023-07-10,13685.48046875,13685.48046875,13692.41015625,13584.8701171875,13645.3701171875,5275390000
2023-07-11,13760.7001953125,13760.7001953125,13774.830078125,13643.3203125,13709.8095703125,4840950000
2023-07-12,13918.9599609375,13918.9599609375,13963.4501953125,13842.1298828125,13915.6396484375,5230620000
2023-07-13,14138.5703125,14138.5703125,14163.7998046875,14012.240234375,14021.150390625,5183560000
2023-07-14,14113.7001953125,14113.7001953125,14232.1103515625,14081.9599609375,14166.66015625,5366890000
2023-07-17,14244.9501953125,14244.9501953125,14274.41015625,14138.009765625,14149.919921875,4593160000
2023-07-18,14353.6396484375,14353.6396484375,14396.6904296875,14176.1103515625,14212.25,4824070000
2023-07-19,14358.01953125,14358.01953125,14446.5498046875,14317.08984375,14398.5302734375,5112420000
2023-07-20,14063.3095703125,14063.3095703125,14309.919921875,14030.6201171875,14273.2900390625,5128020000
2023-07-21,14032.8095703125,14032.8095703125,14179.009765625,14020.4501953125,14148.1796875,5254180000
2023-07-24,14058.8701171875,14058.8701171875,14110.150390625,13997.1298828125,14081.6298828125,4083070000
2023-07-25,14144.5595703125,14144.5595703125,14201.91015625,14092.51953125,14093.240234375,3812470000
2023-07-26,14127.2802734375,14127.2802734375,14187.349609375,14041.9501953125,14123.51953125,4322000000
2023-07-27,14050.1103515625,14050.1103515625,14360.2001953125,14006.9296875,14319.16015625,5115840000
2023-07-28,14316.66015625,14316.66015625,14344.349609375,14188.099609375,14199.830078125,4453520000
2023-07-31,14346.01953125,14346.01953125,14370.91015625,14292.75,14337.900390625,4934440000
2023-08-01,14283.91015625,14283.91015625,14309.2099609375,14215.6396484375,14274.9296875,4633770000
2023-08-02,13973.4501953125,13973.4501953125,14133.849609375,13914.8095703125,14132.73046875,5481960000
2023-08-03,13959.7197265625,13959.7197265625,14032.2802734375,13881.349609375,13899.759765625,6036970000
2023-08-04,13909.240234375,13909.240234375,14119.2197265625,13897.9296875,14025.9599609375,5349450000
2023-08-07,13994.400390625,13994.400390625,13997.150390625,13864.919921875,13972.4501953125,4892330000
2023-08-08,13884.3203125,13884.3203125,13899.740234375,13769.33984375,13875.4501953125,5284550000
2023-08-09,13722.01953125,13722.01953125,13898.5400390625,13698.3896484375,13897.6103515625,5591360000
2023-08-10,13737.990234375,13737.990234375,13947.16015625,13686.509765625,13818.25,5299080000
2023-08-11,13644.849609375,13644.849609375,13720.330078125,13609.98046875,13633.650390625,4638880000
2023-08-14,13788.330078125,13788.330078125,13789.16015625,13582.490234375,13599.0,4272020000
2023-08-15,13631.0498046875,13631.0498046875,13774.98046875,13611.9404296875,13760.48046875,4473320000
2023-08-16,13474.6298828125,13474.6298828125,13644.3203125,13473.0302734375,13593.169921875,6243760000
2023-08-17,13316.9296875,13316.9296875,13535.08984375,13303.4501953125,13527.2998046875,5280180000
2023-08-18,13290.7802734375,13290.7802734375,13335.8701171875,13161.759765625,13190.01953125,4801910000
2023-08-21,13497.58984375,13497.58984375,13516.8603515625,13325.58984375,13347.259765625,4363070000
2023-08-22,13505.8701171875,13505.8701171875,13598.76953125,13484.3798828125,13593.9501953125,4282430000
2023-08-23,13721.0302734375,13721.0302734375,13757.0,13532.4296875,13532.4296875,4127850000
2023-08-24,13463.9697265625,13463.9697265625,13834.6904296875,13462.83984375,13834.3095703125,4383820000
2023-08-25,13590.650390625,13590.650390625,13633.419921875,13376.349609375,13514.3701171875,3970060000
2023-08-28,13705.1298828125,13705.1298828125,13735.98046875,13626.6396484375,13695.3603515625,3666680000
2023-08-29,13943.759765625,13943.759765625,13959.8095703125,13677.0595703125,13687.23046875,4748180000
2023-08-30,14019.3095703125,14019.3095703125,14050.8203125,13924.2001953125,13961.76953125,4364600000
2023-08-31,14034.9697265625,14034.9697265625,14114.669921875,14010.48046875,14041.5400390625,4568610000
2023-09-01,14031.8095703125,14031.8095703125,14149.6201171875,13982.419921875,14129.9599609375,4033960000
2023-09-05,14020.9501953125,14020.9501953125,14060.849609375,13945.650390625,13994.5400390625,4379790000
2023-09-06,13872.4697265625,13872.4697265625,14001.9501953125,13802.419921875,13988.8095703125,4215320000
2023-09-07,13748.830078125,13748.830078125,13774.6298828125,13642.4697265625,13675.1103515625,4320830000
2023-09-08,13761.5302734375,13761.5302734375,13843.3701171875,13733.1796875,13754.7099609375,4160360000
2023-09-11,13917.8896484375,13917.8896484375,13937.4697265625,13805.1298828125,13884.0302734375,4538870000
2023-09-12,13773.6103515625,13773.6103515625,13913.599609375,13763.6904296875,13858.9404296875,4595490000
2023-09-13,13813.58984375,13813.58984375,13868.5703125,13733.8203125,13773.669921875,4840310000
2023-09-14,13926.0498046875,13926.0498046875,13957.5703125,13810.66015625,13889.759765625,4649010000
2023-09-15,13708.330078125,13708.330078125,13895.75,13684.240234375,13889.2001953125,8162210000
2023-09-18,13710.240234375,13710.240234375,13751.2802734375,13663.4599609375,13669.9599609375,4855880000
2023-09-19,13678.1904296875,13678.1904296875,13705.150390625,13578.8701171875,13649.4404296875,4453460000
2023-09-20,13469.1298828125,13469.1298828125,13727.8095703125,13467.2802734375,13710.259765625,4782440000
2023-09-21,13223.98046875,13223.98046875,13362.23046875,13222.5595703125,13328.0595703125,5014890000
2023-09-22,13211.8095703125,13211.8095703125,13353.2197265625,13200.6396484375,13287.169921875,4302700000
2023-09-25,13271.3203125,13271.3203125,13277.830078125,13132.0,13172.5400390625,4100290000
2023-09-26,13063.6103515625,13063.6103515625,13199.1298828125,13033.400390625,13180.9599609375,4693540000
2023-09-27,13092.849609375,13092.849609375,13156.3701171875,12963.16015625,13115.3603515625,4841410000
2023-09-28,13201.2802734375,13201.2802734375,13270.9697265625,13025.1103515625,13043.3701171875,4648390000
2023-09-29,13219.3203125,13219.3203125,13382.98046875,13177.08984375,13337.7099609375,5138500000
2023-10-02,13307.76953125,13307.76953125,13364.0302734375,13204.080078125,13217.98046875,4554700000
2023-10-03,13059.4697265625,13059.4697265625,13280.0400390625,13008.599609375,13229.6796875,4684310000
2023-10-04,13236.009765625,13236.009765625,13258.759765625,13072.509765625,13092.919921875,4308070000
2023-10-05,13219.830078125,13219.830078125,13251.1796875,13087.5703125,13228.1201171875,4167470000
2023-10-06,13431.33984375,13431.33984375,13472.26953125,13099.0302734375,13127.6796875,4309420000
2023-10-09,13484.240234375,13484.240234375,13509.2998046875,13277.48046875,13326.2197265625,3835930000
2023-10-10,13562.83984375,13562.83984375,13659.6298828125,13491.8095703125,13505.8095703125,4301350000
2023-10-11,13659.6796875,13659.6796875,13671.1103515625,13549.2900390625,13619.2099609375,4160440000
2023-10-12,13574.2197265625,13574.2197265625,13714.1396484375,13491.5595703125,13672.4697265625,4858620000
2023-10-13,13407.23046875,13407.23046875,13619.5400390625,13361.849609375,13613.58984375,4251550000
2023-10-16,13567.98046875,13567.98046875,13598.0498046875,13447.169921875,13453.8095703125,4308690000
2023-10-17,13533.75,13533.75,13602.25,13364.740234375,13419.8701171875,4417640000
2023-10-18,13314.2998046875,13314.2998046875,13499.740234375,13275.2998046875,13439.6796875,4617140000
2023-10-19,13186.1796875,13186.1796875,13404.73046875,13157.330078125,13354.7998046875,5014790000
2023-10-20,12983.8095703125,12983.8095703125,13177.349609375,12977.4296875,13157.76953125,4622840000
2023-10-23,13018.330078125,13018.330078125,13143.2197265625,12848.830078125,12930.849609375,4669060000
2023-10-24,13139.8701171875,13139.8701171875,13170.3896484375,13022.849609375,13084.990234375,4604720000
2023-10-25,12821.2197265625,12821.2197265625,13042.51953125,12804.2998046875,13039.8603515625,4599850000
2023-10-26,12595.6103515625,12595.6103515625,12818.1396484375,12543.8603515625,12768.9697265625,4894900000
2023-10-27,12643.009765625,12643.009765625,12772.4296875,12600.5703125,12718.6904296875,4172100000
2023-10-30,12789.48046875,12789.48046875,12842.9599609375,12691.5595703125,12750.4697265625,4149320000
2023-10-31,12851.240234375,12851.240234375,12859.400390625,12697.0400390625,12786.6201171875,4315630000
2023-11-01,13061.4697265625,13061.4697265625,13072.419921875,12875.2001953125,12887.0595703125,4545120000
2023-11-02,13294.1904296875,13294.1904296875,13302.1796875,13177.6396484375,13230.490234375,4962950000
2023-11-03,13478.2802734375,13478.2802734375,13520.2802734375,13344.73046875,13362.849609375,4918750000
2023-11-06,13518.7802734375,13518.7802734375,13551.6201171875,13435.990234375,13514.080078125,4345850000
2023-11-07,13639.8603515625,13639.8603515625,13675.4599609375,13516.5595703125,13555.7900390625,4354460000
2023-11-08,13650.41015625,13650.41015625,13684.8701171875,13573.580078125,13660.2197265625,4685550000
2023-11-09,13521.4501953125,13521.4501953125,13697.8203125,13506.01953125,13693.7001953125,5313970000
2023-11-10,13798.1103515625,13798.1103515625,13802.5302734375,13556.349609375,13571.1904296875,4722140000
2023-11-13,13767.740234375,13767.740234375,13805.1103515625,13687.7802734375,13745.9599609375,4349590000
2023-11-14,14094.3798828125,14094.3798828125,14124.0595703125,14003.1396484375,14015.3701171875,5332490000
2023-11-15,14103.83984375,14103.83984375,14194.3603515625,14060.7001953125,14147.26953125,5063830000
2023-11-16,14113.669921875,14113.669921875,14130.4501953125,14033.7900390625,14066.8798828125,4545180000
2023-11-17,14125.48046875,14125.48046875,14154.3203125,14063.9296875,14101.4404296875,4408640000
2023-11-20,14284.5302734375,14284.5302734375,14309.7998046875,14134.2001953125,14134.75,4561810000
2023-11-21,14199.98046875,14199.98046875,14237.5,14146.3095703125,14217.23046875,4128600000
2023-11-22,14265.8603515625,14265.8603515625,14359.6103515625,14226.6298828125,14283.8203125,3855240000
2023-11-24,14250.849609375,14250.849609375,14270.2802734375,14214.1298828125,14238.0400390625,2541840000
2023-11-27,14241.01953125,14241.01953125,14305.7099609375,14205.240234375,14239.3095703125,4205880000
2023-11-28,14281.759765625,14281.759765625,14303.66015625,14195.7197265625,14224.6298828125,4474400000
2023-11-29,14258.490234375,14258.490234375,14423.2197265625,14247.8896484375,14367.1103515625,4890220000
2023-11-30,14226.2197265625,14226.2197265625,14289.2001953125,14127.0498046875,14265.0498046875,5678070000
2023-12-01,14305.0302734375,14305.0302734375,14311.9501953125,14135.0,14181.349609375,5607000000
2023-12-04,14185.490234375,14185.490234375,14197.51953125,14058.51953125,14168.66015625,6270020000
2023-12-05,14229.91015625,14229.91015625,14285.66015625,14121.759765625,14126.400390625,6179120000
2023-12-06,14146.7099609375,14146.7099609375,14327.6298828125,14138.509765625,14325.6201171875,5167030000
2023-12-07,14339.990234375,14339.990234375,14353.1103515625,14220.8701171875,14230.4296875,5694310000
2023-12-08,14403.9697265625,14403.9697265625,14416.919921875,14264.9599609375,14279.4599609375,5430840000
2023-12-11,14432.490234375,14432.490234375,14436.080078125,14324.5703125,14340.1298828125,5607820000
2023-12-12,14533.400390625,14533.400390625,14533.400390625,14385.3896484375,14423.009765625,4950100000
2023-12-13,14733.9599609375,14733.9599609375,14743.5498046875,14517.51953125,14555.6796875,6732040000
2023-12-14,14761.5595703125,14761.5595703125,14855.6201171875,14642.23046875,14798.7197265625,8033170000
2023-12-15,14813.919921875,14813.919921875,14848.400390625,14753.16015625,14797.4599609375,8377630000
2023-12-18,14904.8095703125,14904.8095703125,14938.0400390625,14811.8203125,14814.01953125,5866080000
2023-12-19,15003.2197265625,15003.2197265625,15003.7998046875,14921.599609375,14923.01953125,5757180000
2023-12-20,14777.9404296875,14777.9404296875,15069.2900390625,14776.2900390625,14973.3603515625,6294700000
2023-12-21,14963.8701171875,14963.8701171875,14970.8095703125,14837.4697265625,14923.1396484375,5465640000
2023-12-22,14992.9697265625,14992.9697265625,15047.1904296875,14927.1201171875,15006.1796875,4796600000
2023-12-26,15074.5703125,15074.5703125,15101.1796875,15024.0595703125,15028.6904296875,6120600000
2023-12-27,15099.1796875,15099.1796875,15114.080078125,15051.669921875,15089.66015625,7480170000
2023-12-28,15095.1396484375,15095.1396484375,15150.0703125,15087.2197265625,15142.08984375,5090570000
2023-12-29,15011.349609375,15011.349609375,15111.41015625,14955.3701171875,15099.2001953125,5441060000
2024-01-02,14765.9404296875,14765.9404296875,14887.7998046875,14682.3798828125,14873.7001953125,5791170000
2024-01-03,14592.2099609375,14592.2099609375,14694.580078125,14577.4404296875,14641.4697265625,5449950000
2024-01-04,14510.2998046875,14510.2998046875,14632.76953125,14504.7802734375,14532.23046875,5289220000
2024-01-05,14524.0703125,14524.0703125,14625.1904296875,14477.5703125,14500.1103515625,5232820000
2024-01-08,14843.76953125,14843.76953125,14846.900390625,14560.2001953125,14564.4697265625,6337770000
2024-01-09,14857.7099609375,14857.7099609375,14894.3203125,14716.7099609375,14744.1298828125,5068410000
2024-01-10,14969.650390625,14969.650390625,14998.2001953125,14842.7001953125,14877.7001953125,4404590000
2024-01-11,14970.1904296875,14970.1904296875,15063.6103515625,14800.3798828125,15020.9501953125,5044690000
2024-01-12,14972.759765625,14972.759765625,15047.25,14931.8798828125,15001.009765625,4958940000
2024-01-16,14944.349609375,14944.349609375,15004.349609375,14863.8095703125,14908.259765625,6386180000
2024-01-17,14855.6201171875,14855.6201171875,14865.759765625,14706.23046875,14814.76953125,5181740000
2024-01-18,15055.650390625,15055.650390625,15066.8095703125,14911.1103515625,14994.51953125,5587440000
2024-01-19,15310.9697265625,15310.9697265625,15310.9697265625,15087.2001953125,15122.3798828125,5604950000
2024-01-22,15360.2900390625,15360.2900390625,15438.849609375,15333.6298828125,15393.0498046875,5456240000
2024-01-23,15425.9404296875,15425.9404296875,15432.349609375,15337.23046875,15391.41015625,5207680000
2024-01-24,15481.919921875,15481.919921875,15629.0703125,15468.91015625,15560.6103515625,4983210000
2024-01-25,15510.5,15510.5,15597.25,15430.6796875,15555.6201171875,5281570000
2024-01-26,15455.3603515625,15455.3603515625,15538.83984375,15433.0400390625,15474.849609375,4510530000
2024-01-29,15628.0400390625,15628.0400390625,15630.580078125,15449.8701171875,15470.66015625,4979310000
2024-01-30,15509.900390625,15509.900390625,15619.23046875,15484.669921875,15604.080078125,4719240000
2024-01-31,15164.009765625,15164.009765625,15405.5595703125,15158.490234375,15324.1904296875,5875610000
2024-02-01,15361.6396484375,15361.6396484375,15372.1298828125,15208.8798828125,15254.01953125,5046920000
2024-02-02,15628.9501953125,15628.9501953125,15664.2099609375,15366.7802734375,15403.16015625,4800690000
2024-02-05,15597.6796875,15597.6796875,15637.8798828125,15471.6796875,15613.990234375,4831020000
2024-02-06,15609.0,15609.0,15652.75,15515.25,15638.1904296875,4759640000
2024-02-07,15756.6396484375,15756.6396484375,15770.6796875,15645.8095703125,15690.349609375,4567580000
2024-02-08,15793.7099609375,15793.7099609375,15813.26953125,15739.1796875,15762.23046875,5675850000
2024-02-09,15990.66015625,15990.66015625,16007.2900390625,15831.759765625,15842.3798828125,5797260000
2024-02-12,15942.5498046875,15942.5498046875,16080.0703125,15917.8701171875,15980.6201171875,5458490000
2024-02-13,15655.599609375,15655.599609375,15770.419921875,15551.4404296875,15598.8798828125,5599860000
2024-02-14,15859.150390625,15859.150390625,15865.509765625,15683.9404296875,15781.7099609375,5092660000
2024-02-15,15906.169921875,15906.169921875,15911.2197265625,15779.7197265625,15865.2998046875,6049100000
2024-02-16,15775.650390625,15775.650390625,15917.41015625,15752.01953125,15910.4296875,5223800000
2024-02-20,15630.7802734375,15630.7802734375,15730.4697265625,15508.5,15679.83984375,5595700000
2024-02-21,15580.8701171875,15580.8701171875,15583.6796875,15451.650390625,15532.1201171875,4845740000
2024-02-22,16041.6201171875,16041.6201171875,16061.8203125,15869.240234375,15904.48046875,5653930000
2024-02-23,15996.8203125,15996.8203125,16134.2197265625,15954.5,16094.7998046875,5077910000
2024-02-26,15976.25,15976.25,16054.900390625,15973.900390625,16014.4501953125,5417630000
2024-02-27,16035.2998046875,16035.2998046875,16046.099609375,15940.509765625,16013.98046875,5423020000
2024-02-28,15947.740234375,15947.740234375,16003.5595703125,15924.7197265625,15969.1396484375,5581690000
2024-02-29,16091.919921875,16091.919921875,16115.9599609375,15931.7001953125,16059.33984375,6265340000
2024-03-01,16274.9404296875,16274.9404296875,16302.240234375,16096.599609375,16109.830078125,5457910000
2024-03-04,16207.509765625,16207.509765625,16289.0595703125,16199.0595703125,16264.2099609375,5725470000
2024-03-05,15939.58984375,15939.58984375,16087.5703125,15862.6298828125,16077.740234375,6356800000
2024-03-06,16031.5400390625,16031.5400390625,16128.5595703125,15956.66015625,16092.0,5511370000
2024-03-07,16273.3798828125,16273.3798828125,16309.01953125,16096.009765625,16147.3203125,5072790000
2024-03-08,16085.1103515625,16085.1103515625,16449.69921875,16059.5,16322.099609375,5411790000
2024-03-11,16019.26953125,16019.26953125,16085.9501953125,15978.0400390625,16052.6298828125,4917620000
2024-03-12,16265.6396484375,16265.6396484375,16275.4501953125,15992.98046875,16116.98046875,5100330000
2024-03-13,16177.76953125,16177.76953125,16233.2998046875,16143.33984375,16220.1103515625,4839000000
2024-03-14,16128.5302734375,16128.5302734375,16245.3203125,16039.6796875,16209.1904296875,5450980000
2024-03-15,15973.169921875,15973.169921875,16055.330078125,15925.91015625,16043.580078125,8261950000
2024-03-18,16103.4501953125,16103.4501953125,16247.58984375,16094.169921875,16154.919921875,5025040000
2024-03-19,16166.7900390625,16166.7900390625,16175.58984375,15951.8603515625,16031.9296875,4758740000
2024-03-20,16369.41015625,16369.41015625,16377.4404296875,16127.48046875,16185.759765625,5298380000
2024-03-21,16401.83984375,16401.83984375,16538.859375,16393.900390625,16517.240234375,5134740000
2024-03-22,16428.8203125,16428.8203125,16467.619140625,16361.0,16387.830078125,4339930000
2024-03-25,16384.470703125,16384.470703125,16441.169921875,16315.7197265625,16335.2998046875,4636940000
2024-03-26,16315.7001953125,16315.7001953125,16476.380859375,16312.9501953125,16446.849609375,5144260000
2024-03-27,16399.51953125,16399.51953125,16431.8203125,16279.169921875,16424.759765625,4768930000
2024-03-28,16379.4599609375,16379.4599609375,16420.919921875,16347.3798828125,16377.23046875,5174450000
2024-04-01,16396.830078125,16396.830078125,16490.650390625,16327.8896484375,16397.05078125,4798390000
2024-04-02,16240.4501953125,16240.4501953125,16251.41015625,16137.240234375,16199.240234375,4710280000
2024-04-03,16277.4599609375,16277.4599609375,16340.740234375,16169.3095703125,16178.7998046875,5151500000
2024-04-04,16049.080078125,16049.080078125,16468.0390625,16046.5595703125,16418.5703125,5368700000
2024-04-05,16248.51953125,16248.51953125,16326.5,16080.48046875,16095.400390625,4578130000
2024-04-08,16253.9599609375,16253.9599609375,16323.599609375,16220.7197265625,16285.1796875,4386700000
2024-04-09,16306.6396484375,16306.6396484375,16348.1796875,16141.150390625,16328.759765625,4869190000
2024-04-10,16170.3603515625,16170.3603515625,16200.099609375,16092.01953125,16104.009765625,5308250000
2024-04-11,16442.19921875,16442.19921875,16464.599609375,16154.650390625,16236.2001953125,4714750000
2024-04-12,16175.08984375,16175.08984375,16341.4599609375,16125.330078125,16293.0302734375,4552740000
2024-04-15,15885.01953125,15885.01953125,16295.26953125,15863.8798828125,16276.4697265625,4910550000
2024-04-16,15865.25,15865.25,15965.7900390625,15822.01953125,15856.3798828125,5001860000
2024-04-17,15683.3701171875,15683.3701171875,15957.0302734375,15654.509765625,15942.2900390625,4991470000
2024-04-18,15601.5,15601.5,15786.1201171875,15587.5,15705.6904296875,4932540000
2024-04-19,15282.009765625,15282.009765625,15576.7001953125,15222.7802734375,15547.099609375,5316010000
2024-04-22,15451.3095703125,15451.3095703125,15539.0,15265.66015625,15396.1298828125,4616730000
2024-04-23,15696.6396484375,15696.6396484375,15730.349609375,15510.58984375,15525.5498046875,4951670000
2024-04-24,15712.75,15712.75,15839.0,15634.4404296875,15805.599609375,4735870000
2024-04-25,15611.759765625,15611.759765625,15644.509765625,15343.91015625,15375.259765625,4743640000
2024-04-26,15927.900390625,15927.900390625,15981.0,15770.7197265625,15821.33984375,4694400000
2024-04-29,15983.080078125,15983.080078125,16021.490234375,15885.8896484375,16007.0,4972520000
2024-04-30,15657.8203125,15657.8203125,15979.3603515625,15655.669921875,15920.8896484375,5229400000
2024-05-01,15605.48046875,15605.48046875,15926.2197265625,15557.6396484375,15646.08984375,5277790000
2024-05-02,15840.9599609375,15840.9599609375,15862.7900390625,15604.73046875,15758.1103515625,4901610000
2024-05-03,16156.330078125,16156.330078125,16204.7099609375,16068.33984375,16147.48046875,4887310000
2024-05-06,16349.25,16349.25,16350.080078125,16197.8603515625,16208.5400390625,4460130000
2024-05-07,16332.5595703125,16332.5595703125,16397.390625,16303.83984375,16358.33984375,5041870000
2024-05-08,16302.759765625,16302.759765625,16341.650390625,16226.0703125,16226.0703125,4530190000
2024-05-09,16346.259765625,16346.259765625,16362.7900390625,16241.98046875,16323.740234375,4505120000
2024-05-10,16340.8701171875,16340.8701171875,16437.390625,16293.51953125,16389.01953125,4402110000
2024-05-13,16388.240234375,16388.240234375,16407.05078125,16334.8603515625,16400.310546875,4452750000
2024-05-14,16511.1796875,16511.1796875,16526.26953125,16386.4296875,16391.16015625,7270240000
2024-05-15,16742.390625,16742.390625,16749.740234375,16544.08984375,16601.140625,8538990000
2024-05-16,16698.3203125,16698.3203125,16797.830078125,16693.44921875,16738.109375,11932600000
2024-05-17,16685.970703125,16685.970703125,16726.41015625,16613.83984375,16708.490234375,9587280000
2024-05-20,16794.869140625,16794.869140625,16823.830078125,16695.689453125,16702.01953125,6861320000
2024-05-21,16832.619140625,16832.619140625,16839.01953125,16719.970703125,16736.099609375,6245090000
2024-05-22,16801.5390625,16801.5390625,16855.26953125,16712.08984375,16839.01953125,7277340000
2024-05-23,16736.029296875,16736.029296875,16996.390625,16678.369140625,16996.390625,7752800000
2024-05-24,16920.7890625,16920.7890625,16947.80078125,16771.580078125,16786.7890625,5836040000
2024-05-28,17019.880859375,17019.880859375,17032.66015625,16917.509765625,16988.310546875,6293380000
2024-05-29,16920.580078125,16920.580078125,16989.599609375,16873.970703125,16879.349609375,6652480000
2024-05-30,16737.080078125,16737.080078125,16900.4609375,16690.359375,16878.630859375,6659290000
2024-05-31,16735.01953125,16735.01953125,16789.26953125,16445.5390625,16771.900390625,6674090000
2024-06-03,16828.669921875,16828.669921875,16909.890625,16646.4296875,16865.69921875,5422040000
2024-06-04,16857.05078125,16857.05078125,16891.869140625,16750.390625,16823.880859375,4917350000
2024-06-05,17187.900390625,17187.900390625,17187.919921875,16955.560546875,16974.48046875,5325000000
2024-06-06,17173.119140625,17173.119140625,17235.73046875,17123.58984375,17204.869140625,4960580000
2024-06-07,17133.130859375,17133.130859375,17229.310546875,17090.0390625,17124.140625,4755650000
2024-06-10,17192.529296875,17192.529296875,17213.44921875,17057.33984375,17083.44921875,5207110000
2024-06-11,17343.55078125,17343.55078125,17345.05078125,17107.990234375,17160.419921875,5009220000
2024-06-12,17608.439453125,17608.439453125,17725.390625,17490.640625,17502.150390625,5560630000
2024-06-13,17667.560546875,17667.560546875,17741.80078125,17566.3203125,17715.26953125,4916020000
2024-06-14,17688.880859375,17688.880859375,17693.4296875,17590.80078125,17621.1796875,4973820000
2024-06-17,17857.01953125,17857.01953125,17935.990234375,17636.359375,17697.30078125,6061200000
2024-06-18,17862.23046875,17862.23046875,17890.51953125,17796.880859375,17856.759765625,5796180000
2024-06-20,17721.58984375,17721.58984375,17936.7890625,17650.689453125,17913.939453125,6289300000
2024-06-21,17689.359375,17689.359375,17787.33984375,17620.5703125,17681.009765625,8589160000
2024-06-24,17496.8203125,17496.8203125,17730.119140625,17494.01953125,17640.259765625,5503210000
2024-06-25,17717.650390625,17717.650390625,17734.33984375,17546.630859375,17572.16015625,4848280000
2024-06-26,17805.16015625,17805.16015625,17813.55078125,17687.0703125,17697.26953125,5294310000
2024-06-27,17858.6796875,17858.6796875,17892.779296875,17765.419921875,17793.94921875,5382060000
2024-06-28,17732.599609375,17732.599609375,18035.0,17723.830078125,17891.099609375,8960940000
2024-07-01,17879.30078125,17879.30078125,17894.279296875,17657.640625,17773.900390625,5189990000
2024-07-02,18028.759765625,18028.759765625,18031.2890625,17802.240234375,17808.0390625,4526550000
2024-07-03,18188.30078125,18188.30078125,18188.30078125,18016.119140625,18016.119140625,3713960000
2024-07-05,18352.759765625,18352.759765625,18366.310546875,18197.140625,18200.599609375,4851000000
2024-07-08,18403.740234375,18403.740234375,18416.939453125,18342.599609375,18371.859375,5286260000
2024-07-09,18429.2890625,18429.2890625,18511.890625,18381.599609375,18465.01953125,4839140000
2024-07-10,18647.44921875,18647.44921875,18655.189453125,18467.580078125,18512.08984375,5228240000
2024-07-11,18283.41015625,18283.41015625,18671.0703125,18238.779296875,18659.25,6366620000
2024-07-12,18398.44921875,18398.44921875,18556.73046875,18293.599609375,18303.640625,5845930000
2024-07-15,18472.5703125,18472.5703125,18641.529296875,18397.830078125,18485.91015625,5450350000
2024-07-16,18509.33984375,18509.33984375,18576.830078125,18386.0703125,18534.26953125,5812930000
2024-07-17,17996.919921875,17996.919921875,18223.240234375,17972.869140625,18188.189453125,6007280000
2024-07-18,17871.220703125,17871.220703125,18130.869140625,17759.5390625,18119.150390625,5977260000
2024-07-19,17726.939453125,17726.939453125,17935.140625,17691.4296875,17835.58984375,4992930000
2024-07-22,18007.5703125,18007.5703125,18040.990234375,17839.759765625,17923.650390625,5093620000
2024-07-23,17997.349609375,17997.349609375,18128.380859375,17968.099609375,17982.740234375,4938000000
2024-07-24,17342.41015625,17342.41015625,17747.060546875,17313.51953125,17733.91015625,6735560000
2024-07-25,17181.720703125,17181.720703125,17544.4609375,17033.9609375,17352.640625,6114350000
2024-07-26,17357.880859375,17357.880859375,17454.5703125,17239.990234375,17331.94921875,5281560000
2024-07-29,17370.19921875,17370.19921875,17535.3203125,17299.830078125,17444.390625,4897230000
2024-07-30,17147.419921875,17147.419921875,17468.560546875,17015.380859375,17424.099609375,5564310000
2024-07-31,17599.400390625,17599.400390625,17693.98046875,17438.599609375,17499.23046875,6292560000
2024-08-01,17194.150390625,17194.150390625,17791.580078125,17051.419921875,17647.029296875,6664550000
2024-08-02,16776.16015625,16776.16015625,16920.630859375,16582.7890625,16780.44921875,6313870000
2024-08-05,16200.080078125,16200.080078125,16453.4609375,15708.5400390625,15712.5302734375,6852190000
2024-08-06,16366.849609375,16366.849609375,16620.310546875,16137.650390625,16261.3603515625,5908930000
2024-08-07,16195.8095703125,16195.8095703125,16709.810546875,16179.5302734375,16622.310546875,5913620000
2024-08-08,16660.01953125,16660.01953125,16694.25,16262.9296875,16408.26953125,5815880000
2024-08-09,16745.30078125,16745.30078125,16789.220703125,16574.5703125,16636.51953125,5783410000
2024-08-12,16780.609375,16780.609375,16895.7890625,16699.390625,16793.640625,4890850000
2024-08-13,17187.609375,17187.609375,17192.7890625,16943.94921875,16944.740234375,5469160000
2024-08-14,17192.599609375,17192.599609375,17260.73046875,17032.169921875,17227.640625,4985480000
2024-08-15,17594.5,17594.5,17602.720703125,17375.41015625,17394.5390625,5478170000
2024-08-16,17631.720703125,17631.720703125,17674.650390625,17502.830078125,17516.400390625,5138150000
2024-08-19,17876.76953125,17876.76953125,17877.439453125,17585.580078125,17649.740234375,5564300000
2024-08-20,17816.939453125,17816.939453125,17932.529296875,17758.19921875,17849.08984375,5305260000
2024-08-21,17918.990234375,17918.990234375,17963.0703125,17790.98046875,17840.509765625,4765150000
2024-08-22,17619.349609375,17619.349609375,18017.689453125,17589.150390625,17993.720703125,5065360000
2024-08-23,17877.7890625,17877.7890625,17941.26953125,17700.26953125,17772.73046875,5380810000
2024-08-26,17725.76953125,17725.76953125,17909.08984375,17645.689453125,17867.849609375,5110940000
2024-08-27,17754.8203125,17754.8203125,17789.720703125,17573.369140625,17655.51953125,4362380000
2024-08-28,17556.029296875,17556.029296875,17759.939453125,17439.400390625,17738.80078125,5211920000
2024-08-29,17516.4296875,17516.4296875,17789.2109375,17482.599609375,17610.5703125,5727780000
2024-08-30,17713.619140625,17713.619140625,17720.380859375,17498.7890625,17650.490234375,5531150000
2024-09-03,17136.30078125,17136.30078125,17585.44921875,17057.7890625,17585.44921875,5813970000
2024-09-04,17084.30078125,17084.30078125,17232.650390625,16984.669921875,17015.7109375,5011820000
2024-09-05,17127.66015625,17127.66015625,17295.580078125,17035.0703125,17063.240234375,4983030000
2024-09-06,16690.830078125,16690.830078125,17166.5390625,16668.5703125,17137.619140625,5549030000
2024-09-09,16884.599609375,16884.599609375,16923.279296875,16732.83984375,16835.669921875,5132150000
2024-09-10,17025.880859375,17025.880859375,17036.0703125,16801.130859375,16949.640625,4963740000
2024-09-11,17395.529296875,17395.529296875,17420.23046875,16787.83984375,17061.41015625,6086930000
2024-09-12,17569.6796875,17569.6796875,17605.720703125,17338.3203125,17413.890625,4983120000
2024-09-13,17683.98046875,17683.98046875,17719.140625,17564.609375,17575.259765625,4802880000
2024-09-16,17592.130859375,17592.130859375,17618.400390625,17480.66015625,17573.69921875,4675530000
2024-09-17,17628.060546875,17628.060546875,17781.740234375,17544.640625,17707.01953125,4959520000
2024-09-18,17573.30078125,17573.30078125,17832.69921875,17556.4296875,17663.380859375,5611630000
2024-09-19,18013.98046875,18013.98046875,18099.9296875,17909.75,17980.890625,5574650000
2024-09-20,17948.3203125,17948.3203125,18024.33984375,17835.640625,17999.349609375,9914480000
2024-09-23,17974.26953125,17974.26953125,18021.580078125,17936.369140625,17994.91015625,5237310000
2024-09-24,18074.51953125,18074.51953125,18091.9609375,17863.380859375,18046.439453125,5347580000
2024-09-25,18082.2109375,18082.2109375,18155.0390625,18040.619140625,18050.359375,4858060000
2024-09-26,18190.2890625,18190.2890625,18327.33984375,18071.740234375,18327.33984375,5669210000
2024-09-27,18119.58984375,18119.58984375,18238.279296875,18069.1796875,18228.779296875,5367890000
2024-09-30,18189.169921875,18189.169921875,18198.16015625,17997.560546875,18069.830078125,5846150000
2024-10-01,17910.359375,17910.359375,18162.720703125,17779.76953125,18154.939453125,5879980000
2024-10-02,17925.119140625,17925.119140625,17978.580078125,17767.7890625,17867.119140625,5489040000
2024-10-03,17918.48046875,17918.48046875,18011.25,17826.419921875,17859.490234375,5208990000
2024-10-04,18137.849609375,18137.849609375,18145.279296875,17952.30078125,18130.419921875,5136070000
2024-10-07,17923.900390625,17923.900390625,18096.330078125,17900.0390625,18080.119140625,5240320000
2024-10-08,18182.919921875,18182.919921875,18203.0390625,17989.69921875,18017.9296875,5566510000
2024-10-09,18291.619140625,18291.619140625,18302.05078125,18133.01953125,18179.220703125,5228670000
2024-10-10,18282.05078125,18282.05078125,18333.390625,18154.1796875,18200.619140625,5855390000
2024-10-11,18342.939453125,18342.939453125,18375.529296875,18208.439453125,18217.73046875,5140440000
2024-10-14,18502.689453125,18502.689453125,18547.919921875,18423.599609375,18426.66015625,4894710000
2024-10-15,18315.58984375,18315.58984375,18564.25,18252.51953125,18515.970703125,6522700000
2024-10-16,18367.080078125,18367.080078125,18383.109375,18214.9609375,18333.2890625,5257570000
2024-10-17,18373.609375,18373.609375,18541.4609375,18368.7890625,18537.2109375,5806860000
2024-10-18,18489.55078125,18489.55078125,18524.330078125,18452.580078125,18466.009765625,5090190000
2024-10-21,18540.009765625,18540.009765625,18543.580078125,18377.630859375,18456.48046875,6092180000
2024-10-22,18579.76953125,18579.76953125,18620.7109375,18413.470703125,18451.859375,6407180000
2024-10-23,18276.650390625,18276.650390625,18509.189453125,18146.609375,18502.060546875,6245610000
2024-10-24,18415.490234375,18415.490234375,18435.369140625,18305.419921875,18384.16015625,5761280000
2024-10-25,18518.609375,18518.609375,18690.009765625,18487.060546875,18512.580078125,6100040000
2024-10-28,18567.189453125,18567.189453125,18671.009765625,18563.01953125,18648.25,5641660000
2024-10-29,18712.75,18712.75,18753.189453125,18509.58984375,18576.08984375,6881170000
2024-10-30,18607.9296875,18607.9296875,18785.5,18598.240234375,18731.689453125,6514690000
2024-10-31,18095.150390625,18095.150390625,18427.310546875,18083.94921875,18427.310546875,6411940000
2024-11-01,18239.919921875,18239.919921875,18363.939453125,18181.529296875,18189.669921875,5896470000
2024-11-04,18179.98046875,18179.98046875,18308.30078125,18112.830078125,18220.4296875,5762320000
2024-11-05,18439.169921875,18439.169921875,18449.6796875,18250.7109375,18250.7109375,7060340000
2024-11-06,18983.470703125,18983.470703125,19000.5,18730.2109375,18772.759765625,8138050000
2024-11-07,19269.4609375,19269.4609375,19301.69921875,19084.4296875,19084.4296875,9232670000
2024-11-08,19286.779296875,19286.779296875,19318.560546875,19224.4296875,19255.140625,7316010000
2024-11-11,19298.759765625,19298.759765625,19366.0703125,19193.2890625,19355.33984375,8087930000
2024-11-12,19281.400390625,19281.400390625,19343.05078125,19168.51953125,19289.810546875,7816410000
2024-11-13,19230.720703125,19230.720703125,19358.48046875,19191.130859375,19286.4609375,9623670000
2024-11-14,19107.650390625,19107.650390625,19275.80078125,19073.390625,19256.08984375,8680480000
2024-11-15,18680.119140625,18680.119140625,18936.75,18598.869140625,18929.919921875,8002270000
2024-11-18,18791.810546875,18791.810546875,18865.279296875,18672.30078125,18717.9296875,8455360000
2024-11-19,18987.470703125,18987.470703125,18992.080078125,18689.830078125,18699.7109375,7246610000
2024-11-20,18966.140625,18966.140625,18974.91015625,18724.390625,18971.310546875,7121670000
2024-11-21,18972.419921875,18972.419921875,19110.890625,18714.060546875,19072.779296875,7492540000
2024-11-22,19003.650390625,19003.650390625,19025.76953125,18899.48046875,18966.3203125,6575820000
2024-11-25,19054.83984375,19054.83984375,19208.6796875,18969.349609375,19140.58984375,7932980000
2024-11-26,19174.30078125,19174.30078125,19184.400390625,19100.73046875,19109.080078125,6411770000
2024-11-27,19060.48046875,19060.48046875,19133.109375,18937.19921875,19132.990234375,5619090000
2024-11-29,19218.169921875,19218.169921875,19245.490234375,19066.51953125,19087.470703125,4042550000
2024-12-02,19403.94921875,19403.94921875,19436.919921875,19255.4296875,19255.4296875,6370530000
2024-12-03,19480.91015625,19480.91015625,19486.150390625,19340.41015625,19364.33984375,6005160000
2024-12-04,19735.119140625,19735.119140625,19741.759765625,19575.400390625,19587.48046875,7870030000
2024-12-05,19700.259765625,19700.259765625,19790.029296875,19688.58984375,19756.400390625,7229510000
2024-12-06,19859.76953125,19859.76953125,19863.150390625,19734.419921875,19743.9609375,6787610000
