Date,Open,High,Low,Close,Adj Close,Volume
2021-05-26,25.100000381469727,25.84000015258789,25.100000381469727,25.600000381469727,19.78615951538086,1187482
2021-05-27,25.649999618530273,26.0,25.56999969482422,25.639999389648438,19.81707191467285,197189
2021-05-28,25.690000534057617,25.75,25.600000381469727,25.639999389648438,19.81707191467285,139863
2021-06-01,25.6200008392334,25.649999618530273,25.59000015258789,25.610000610351562,19.793886184692383,49532
2021-06-02,25.649999618530273,25.649999618530273,25.559999465942383,25.579999923706055,19.770700454711914,75889
2021-06-03,25.600000381469727,25.600000381469727,25.5,25.549999237060547,19.747512817382812,45218
2021-06-04,25.549999237060547,25.600000381469727,25.5,25.600000381469727,19.78615951538086,115123
2021-06-07,25.600000381469727,25.770999908447266,25.530000686645508,25.540000915527344,19.739784240722656,75128
2021-06-08,25.59000015258789,25.59000015258789,25.510000228881836,25.520000457763672,19.72432518005371,108066
2021-06-09,25.549999237060547,25.579999923706055,25.5,25.520000457763672,19.72432518005371,118026
2021-06-10,25.520000457763672,25.56999969482422,25.5,25.56999969482422,19.762968063354492,142157
2021-06-11,25.600000381469727,25.709999084472656,25.559999465942383,25.670000076293945,19.84026336669922,88288
2021-06-14,25.68000030517578,25.700000762939453,25.610000610351562,25.68000030517578,19.84798812866211,90324
2021-06-15,25.68000030517578,25.68000030517578,25.520000457763672,25.549999237060547,19.747512817382812,85568
2021-06-16,25.649999618530273,25.649999618530273,25.520000457763672,25.59000015258789,19.778432846069336,80164
2021-06-17,25.6200008392334,25.715999603271484,25.6200008392334,25.6299991607666,19.809343338012695,201321
2021-06-18,25.59000015258789,25.639999389648438,25.520000457763672,25.530000686645508,19.732051849365234,273641
2021-06-21,25.540000915527344,25.540000915527344,25.3799991607666,25.40999984741211,19.63930892944336,194337
2021-06-22,25.329999923706055,25.43000030517578,25.239999771118164,25.399999618530273,19.63157844543457,337825
2021-06-23,25.440000534057617,25.510000228881836,25.40999984741211,25.479999542236328,19.693408966064453,109858
2021-06-24,25.510000228881836,25.56999969482422,25.43000030517578,25.489999771118164,19.701139450073242,181729
2021-06-25,25.518199920654297,25.559999465942383,25.399999618530273,25.440000534057617,19.662494659423828,131705
2021-06-28,25.489999771118164,25.489999771118164,25.399999618530273,25.420000076293945,19.647035598754883,79200
2021-06-29,25.399999618530273,25.449899673461914,25.399999618530273,25.420000076293945,19.647035598754883,65833
2021-06-30,25.43000030517578,25.479999542236328,25.280000686645508,25.389999389648438,19.62384796142578,1214250
2021-07-01,25.3799991607666,25.440000534057617,25.3799991607666,25.43000030517578,19.654766082763672,94702
2021-07-02,25.459999084472656,25.459999084472656,25.40999984741211,25.420000076293945,19.647035598754883,37708
2021-07-06,25.420000076293945,25.530000686645508,25.399999618530273,25.420000076293945,19.647035598754883,89776
2021-07-07,25.479999542236328,25.520000457763672,25.43000030517578,25.450000762939453,19.670228958129883,134748
2021-07-08,25.3799991607666,25.499399185180664,25.3799991607666,25.459999084472656,19.67795181274414,273324
2021-07-09,25.5,25.610000610351562,25.479999542236328,25.600000381469727,19.78615951538086,66452
2021-07-12,25.639999389648438,25.700000762939453,25.600000381469727,25.639999389648438,19.81707191467285,44685
2021-07-13,25.649999618530273,25.649999618530273,25.5,25.549999237060547,19.747512817382812,50189
2021-07-14,25.3799991607666,25.450000762939453,25.329999923706055,25.43000030517578,19.85429573059082,31527
2021-07-15,25.43000030517578,25.51959991455078,25.40999984741211,25.5,19.908946990966797,26613
2021-07-16,25.520000457763672,25.549999237060547,25.440000534057617,25.440000534057617,19.862102508544922,47371
2021-07-19,25.389999389648438,25.518699645996094,25.37660026550293,25.479999542236328,19.893329620361328,18321
2021-07-20,25.510000228881836,25.520000457763672,25.469999313354492,25.489999771118164,19.901142120361328,19404
2021-07-21,25.4950008392334,25.569900512695312,25.472000122070312,25.520000457763672,19.924562454223633,17490
2021-07-22,25.5,25.530000686645508,25.450000762939453,25.5,19.908946990966797,36461
2021-07-23,25.5,25.549999237060547,25.43000030517578,25.520000457763672,19.924562454223633,34887
2021-07-26,25.520000457763672,25.579999923706055,25.459999084472656,25.540000915527344,19.94017791748047,12607
2021-07-27,25.549999237060547,25.56999969482422,25.5,25.540000915527344,19.94017791748047,14719
2021-07-28,25.510000228881836,25.579999923706055,25.510000228881836,25.579999923706055,19.97140884399414,14373
2021-07-29,25.599899291992188,25.616199493408203,25.549999237060547,25.56999969482422,19.96359634399414,8143
2021-07-30,25.600000381469727,25.610000610351562,25.550100326538086,25.600000381469727,19.987022399902344,13368
2021-08-02,25.612600326538086,25.6299991607666,25.579999923706055,25.600000381469727,19.987022399902344,35675
2021-08-03,25.6299991607666,25.649999618530273,25.600000381469727,25.639999389648438,20.01824951171875,15715
2021-08-04,25.600000381469727,25.6299991607666,25.549999237060547,25.600000381469727,19.987022399902344,20123
2021-08-05,25.590299606323242,25.700000762939453,25.590299606323242,25.670000076293945,20.041677474975586,19402
2021-08-06,25.65999984741211,25.68000030517578,25.56999969482422,25.68000030517578,20.049480438232422,25432
2021-08-09,25.68000030517578,25.68000030517578,25.639999389648438,25.68000030517578,20.049480438232422,6504
2021-08-10,25.68000030517578,25.68000030517578,25.600000381469727,25.649999618530273,20.026058197021484,17006
2021-08-11,25.649999618530273,25.65999984741211,25.544599533081055,25.610000610351562,19.994829177856445,23623
2021-08-12,25.597999572753906,25.639999389648438,25.520099639892578,25.600000381469727,19.987022399902344,16748
2021-08-13,25.600000381469727,25.6200008392334,25.530000686645508,25.610000610351562,19.994829177856445,8572
2021-08-16,25.579999923706055,25.610000610351562,25.510000228881836,25.610000610351562,19.994829177856445,12162
2021-08-17,25.489999771118164,25.6299991607666,25.40999984741211,25.520000457763672,19.924562454223633,27311
2021-08-18,25.520000457763672,25.520000457763672,25.43000030517578,25.5,19.908946990966797,17332
2021-08-19,25.579999923706055,25.579999923706055,25.489999771118164,25.549999237060547,19.94798469543457,3690
2021-08-20,25.507999420166016,25.579999923706055,25.489999771118164,25.56999969482422,19.96359634399414,12188
2021-08-23,25.490100860595703,25.59000015258789,25.490100860595703,25.549999237060547,19.94798469543457,10176
2021-08-24,25.577299118041992,25.579999923706055,25.510000228881836,25.549999237060547,19.94798469543457,12552
2021-08-25,25.533700942993164,25.559999465942383,25.5,25.549999237060547,19.94798469543457,14102
2021-08-26,25.479000091552734,25.549999237060547,25.469999313354492,25.54949951171875,19.947593688964844,4531
2021-08-27,25.524999618530273,25.540000915527344,25.511999130249023,25.540000915527344,19.94017791748047,13978
2021-08-30,25.530000686645508,25.530000686645508,25.520000457763672,25.530000686645508,19.9323673248291,7723
2021-08-31,25.510000228881836,25.540000915527344,25.509000778198242,25.530000686645508,19.9323673248291,12748
2021-09-01,25.530000686645508,25.549999237060547,25.520000457763672,25.530000686645508,19.9323673248291,31187
2021-09-02,25.600000381469727,25.600000381469727,25.516000747680664,25.530000686645508,19.9323673248291,25284
2021-09-03,25.520000457763672,25.549999237060547,25.5,25.530000686645508,19.9323673248291,28982
2021-09-07,25.530000686645508,25.6299991607666,25.510000228881836,25.600000381469727,19.987022399902344,35751
2021-09-08,25.610000610351562,25.6200008392334,25.469999313354492,25.530000686645508,19.9323673248291,10340
2021-09-09,25.52899932861328,25.530000686645508,25.489999771118164,25.530000686645508,19.9323673248291,22712
2021-09-10,25.600000381469727,25.799999237060547,25.521499633789062,25.649999618530273,20.026058197021484,101641
2021-09-13,25.600000381469727,25.6200008392334,25.520000457763672,25.549999237060547,19.94798469543457,24559
2021-09-14,25.510000228881836,25.579999923706055,25.508399963378906,25.540000915527344,19.94017791748047,13629
2021-09-15,25.5,25.559999465942383,25.5,25.540000915527344,19.94017791748047,9069
2021-09-16,25.540000915527344,25.549999237060547,25.489999771118164,25.5,19.908946990966797,34297
2021-09-17,25.56999969482422,25.57979965209961,25.489999771118164,25.540000915527344,19.94017791748047,22201
2021-09-20,25.489999771118164,25.5,25.43000030517578,25.450000762939453,19.86991310119629,11820
2021-09-21,25.530000686645508,25.530000686645508,25.459999084472656,25.530000686645508,19.9323673248291,19289
2021-09-22,25.5,25.549999237060547,25.469999313354492,25.549999237060547,19.94798469543457,13790
2021-09-23,25.549999237060547,25.549999237060547,25.510000228881836,25.530000686645508,19.9323673248291,8537
2021-09-24,25.5,25.530000686645508,25.479999542236328,25.520000457763672,19.924562454223633,12826
2021-09-27,25.520000457763672,25.59000015258789,25.479999542236328,25.530000686645508,19.9323673248291,20112
2021-09-28,25.510000228881836,25.549999237060547,25.400100708007812,25.459999084472656,19.877716064453125,8869
2021-09-29,25.549999237060547,25.565000534057617,25.5,25.540000915527344,19.94017791748047,14454
2021-09-30,25.549999237060547,25.549999237060547,25.479999542236328,25.5,19.908946990966797,35818
2021-10-01,25.530000686645508,25.530000686645508,25.40999984741211,25.420000076293945,19.846487045288086,53114
2021-10-04,25.43000030517578,25.43000030517578,25.360000610351562,25.399999618530273,19.83087158203125,24464
2021-10-05,25.420000076293945,25.489999771118164,25.350000381469727,25.399999618530273,19.83087158203125,48005
2021-10-06,25.479999542236328,25.479999542236328,25.350000381469727,25.420000076293945,19.846487045288086,54642
2021-10-07,25.5,25.5,25.3700008392334,25.40999984741211,19.838680267333984,32829
2021-10-08,25.420000076293945,25.43000030517578,25.40999984741211,25.420000076293945,19.846487045288086,17171
2021-10-11,25.489999771118164,25.489999771118164,25.420000076293945,25.450000762939453,19.86991310119629,12673
2021-10-12,25.440000534057617,25.459999084472656,25.3700008392334,25.40999984741211,19.838680267333984,69315
2021-10-13,25.399999618530273,25.56999969482422,25.399999618530273,25.530000686645508,19.9323673248291,67447
2021-10-14,25.139999389648438,25.280000686645508,25.139999389648438,25.200000762939453,19.986648559570312,33400
2021-10-15,25.190000534057617,25.25,24.979999542236328,25.049999237060547,19.8676815032959,50892
2021-10-18,25.059999465942383,25.170000076293945,25.020000457763672,25.1299991607666,19.93113136291504,21787
2021-10-19,25.100000381469727,25.145000457763672,25.049999237060547,25.079999923706055,19.891475677490234,35596
2021-10-20,25.09000015258789,25.1200008392334,25.040000915527344,25.079999923706055,19.891475677490234,30453
2021-10-21,25.100000381469727,25.1299991607666,25.086000442504883,25.1200008392334,19.923200607299805,24095
2021-10-22,25.1299991607666,25.15999984741211,25.060100555419922,25.1200008392334,19.923200607299805,30975
2021-10-25,25.1200008392334,25.1200008392334,25.040000915527344,25.110000610351562,19.91526985168457,28524
2021-10-26,25.139999389648438,25.139999389648438,25.07069969177246,25.100000381469727,19.90733528137207,14870
2021-10-27,25.139999389648438,25.239999771118164,25.1200008392334,25.139999389648438,19.939062118530273,21852
2021-10-28,25.149999618530273,25.189699172973633,25.139999389648438,25.170000076293945,19.962858200073242,21015
2021-10-29,25.18000030517578,25.18000030517578,25.139999389648438,25.18000030517578,19.97079086303711,24795
2021-11-01,25.170000076293945,25.219999313354492,25.149999618530273,25.209999084472656,19.994577407836914,34484
2021-11-02,25.219999313354492,25.25,25.195999145507812,25.25,20.026308059692383,20358
2021-11-03,25.25,25.280000686645508,25.25,25.270000457763672,20.04216957092285,20806
2021-11-04,25.25189971923828,25.299999237060547,25.239999771118164,25.270000457763672,20.04216957092285,27528
2021-11-05,25.299999237060547,25.299999237060547,25.219999313354492,25.299999237060547,20.065959930419922,32922
2021-11-08,25.299999237060547,25.379899978637695,25.239999771118164,25.270000457763672,20.04216957092285,13003
2021-11-09,25.299999237060547,25.520000457763672,25.239999771118164,25.3700008392334,20.12148094177246,74912
2021-11-10,25.3700008392334,25.43000030517578,25.25,25.350000381469727,20.10561752319336,30703
2021-11-11,25.31999969482422,25.354999542236328,25.299999237060547,25.31999969482422,20.081825256347656,17575
2021-11-12,25.334999084472656,25.3700008392334,25.270000457763672,25.31999969482422,20.081825256347656,7091
2021-11-15,25.350000381469727,25.350000381469727,25.209999084472656,25.280000686645508,20.050100326538086,13840
2021-11-16,25.34000015258789,25.34000015258789,25.271099090576172,25.299999237060547,20.065959930419922,6348
2021-11-17,25.267499923706055,25.350000381469727,25.267499923706055,25.350000381469727,20.10561752319336,14393
2021-11-18,25.290000915527344,25.350000381469727,25.280000686645508,25.350000381469727,20.10561752319336,9512
2021-11-19,25.348400115966797,25.350000381469727,25.34000015258789,25.350000381469727,20.10561752319336,6763
2021-11-22,25.350000381469727,25.358999252319336,25.172000885009766,25.229999542236328,20.01044273376465,31887
2021-11-23,25.200000762939453,25.299999237060547,24.950000762939453,25.100000381469727,19.90733528137207,46095
2021-11-24,25.15999984741211,25.15999984741211,25.1200008392334,25.15999984741211,19.954925537109375,4903
2021-11-26,25.100000381469727,25.149999618530273,25.049999237060547,25.100000381469727,19.90733528137207,7123
2021-11-29,25.110000610351562,25.200000762939453,25.110000610351562,25.165000915527344,19.958890914916992,4409
2021-11-30,25.18000030517578,25.18000030517578,24.989999771118164,24.989999771118164,19.820093154907227,23397
2021-12-01,25.199899673461914,25.199899673461914,25.030099868774414,25.139299392700195,19.938507080078125,14332
2021-12-02,25.15999984741211,25.200000762939453,25.100000381469727,25.149999618530273,19.94699478149414,14530
2021-12-03,25.200000762939453,25.200000762939453,25.165000915527344,25.189899444580078,19.978639602661133,4777
2021-12-06,25.049999237060547,25.209999084472656,25.049999237060547,25.200000762939453,19.986648559570312,17509
2021-12-07,25.200000762939453,25.219999313354492,25.06999969482422,25.190000534057617,19.978717803955078,27502
2021-12-08,25.18779945373535,25.26889991760254,25.150999069213867,25.200000762939453,19.986648559570312,6959
2021-12-09,25.191299438476562,25.200000762939453,25.189300537109375,25.200000762939453,19.986648559570312,11982
2021-12-10,25.163700103759766,25.200000762939453,25.1200008392334,25.200000762939453,19.986648559570312,11622
2021-12-13,25.15999984741211,25.200000762939453,25.15999984741211,25.200000762939453,19.986648559570312,14536
2021-12-14,25.199899673461914,25.204999923706055,25.06999969482422,25.18000030517578,19.97079086303711,9992
2021-12-15,25.079999923706055,25.1737003326416,25.079999923706055,25.1200008392334,19.923200607299805,6241
2021-12-16,25.1299991607666,25.200000762939453,25.104999542236328,25.200000762939453,19.986648559570312,4069
2021-12-17,25.15999984741211,25.25,25.15999984741211,25.200000762939453,19.986648559570312,27901
2021-12-20,25.200000762939453,25.219999313354492,25.18000030517578,25.200000762939453,19.986648559570312,5224
2021-12-21,25.209999084472656,25.209999084472656,25.15999984741211,25.200000762939453,19.986648559570312,9578
2021-12-22,25.190000534057617,25.273799896240234,25.190000534057617,25.190000534057617,19.978717803955078,8147
2021-12-23,25.299999237060547,25.299999237060547,25.219999313354492,25.239999771118164,20.01837730407715,18616
2021-12-27,25.299999237060547,25.299999237060547,25.18000030517578,25.25,20.026308059692383,14708
2021-12-28,25.290000915527344,25.309999465942383,25.21430015563965,25.309999465942383,20.073894500732422,5836
2021-12-29,25.264999389648438,25.309999465942383,25.219999313354492,25.299999237060547,20.065959930419922,9430
2021-12-30,25.299999237060547,25.309999465942383,25.290000915527344,25.299999237060547,20.065959930419922,14198
2021-12-31,25.299999237060547,25.350000381469727,25.299999237060547,25.350000381469727,20.10561752319336,9135
2022-01-03,25.30299949645996,25.3700008392334,25.30299949645996,25.350000381469727,20.10561752319336,11834
2022-01-04,25.317699432373047,25.350000381469727,25.239999771118164,25.299999237060547,20.065959930419922,10333
2022-01-05,25.200000762939453,25.3700008392334,25.200000762939453,25.290000915527344,20.05803108215332,26002
2022-01-06,25.280000686645508,25.3700008392334,25.25,25.341699600219727,20.099035263061523,9105
2022-01-07,25.3700008392334,25.489999771118164,25.280000686645508,25.405000686645508,20.149240493774414,12459
2022-01-10,25.3700008392334,25.43000030517578,25.3700008392334,25.43000030517578,20.169069290161133,9278
2022-01-11,25.350000381469727,25.440000534057617,25.31999969482422,25.440000534057617,20.176998138427734,22602
2022-01-12,25.385000228881836,25.479999542236328,25.3700008392334,25.479999542236328,20.208723068237305,11758
2022-01-13,25.15999984741211,25.170000076293945,25.1200008392334,25.15999984741211,19.954925537109375,25312
2022-01-14,25.149999618530273,25.170000076293945,25.11319923400879,25.149999618530273,19.94699478149414,34783
2022-01-18,25.11210060119629,25.112499237060547,25.060300827026367,25.110000610351562,19.91526985168457,15674
2022-01-19,25.139999389648438,25.139999389648438,25.059999465942383,25.1200008392334,19.923200607299805,9435
2022-01-20,25.15999984741211,25.15999984741211,25.059999465942383,25.09000015258789,19.899402618408203,6407
2022-01-21,25.049999237060547,25.149999618530273,25.049999237060547,25.149999618530273,19.94699478149414,15525
2022-01-24,25.079999923706055,25.15999984741211,25.045000076293945,25.100000381469727,19.90733528137207,23115
2022-01-25,25.049999237060547,25.209999084472656,25.040000915527344,25.209999084472656,19.994577407836914,14831
2022-01-26,25.139999389648438,25.139999389648438,25.059999465942383,25.079999923706055,19.891475677490234,7108
2022-01-27,25.099899291992188,25.10260009765625,24.854999542236328,24.940000534057617,19.780441284179688,18518
2022-01-28,24.999900817871094,25.079999923706055,24.8700008392334,25.0,19.828022003173828,20054
2022-01-31,24.950000762939453,25.001800537109375,24.649999618530273,24.75,19.629743576049805,91089
2022-02-01,24.8700008392334,24.8700008392334,24.530000686645508,24.610000610351562,19.518709182739258,26843
2022-02-02,24.75,24.75,24.420000076293945,24.510000228881836,19.439393997192383,16330
2022-02-03,24.399999618530273,24.56999969482422,24.355100631713867,24.440000534057617,19.383880615234375,12571
2022-02-04,24.559999465942383,24.559999465942383,24.399999618530273,24.43000030517578,19.375947952270508,6881
2022-02-07,24.450000762939453,24.450000762939453,23.89109992980957,23.979999542236328,19.019039154052734,44459
2022-02-08,23.760000228881836,23.969999313354492,23.450000762939453,23.479999542236328,18.622478485107422,35718
2022-02-09,23.600000381469727,23.600000381469727,23.280000686645508,23.389999389648438,18.55109977722168,31540
2022-02-10,23.25,23.25,22.8700008392334,22.899999618530273,18.1624698638916,23290
2022-02-11,22.850000381469727,22.895000457763672,22.799999237060547,22.84000015258789,18.114885330200195,21140
2022-02-14,22.81999969482422,22.899999618530273,22.81999969482422,22.8700008392334,18.138675689697266,13958
2022-02-15,22.8700008392334,23.170000076293945,22.8700008392334,23.170000076293945,18.376615524291992,23632
2022-02-16,23.149999618530273,23.31999969482422,22.829999923706055,23.309999465942383,18.487651824951172,23496
2022-02-17,23.06999969482422,23.31999969482422,22.75,22.969999313354492,18.217987060546875,35288
2022-02-18,22.829999923706055,23.5,22.829999923706055,23.5,18.638341903686523,17661
2022-02-22,23.200000762939453,23.510000228881836,23.190000534057617,23.260000228881836,18.447994232177734,21951
2022-02-23,23.54990005493164,23.54990005493164,23.110000610351562,23.219999313354492,18.41626739501953,9434
2022-02-24,23.110000610351562,23.420000076293945,22.864999771118164,23.309999465942383,18.487651824951172,54379
2022-02-25,23.229999542236328,23.445100784301758,23.1200008392334,23.31999969482422,18.49557876586914,80956
2022-02-28,23.299999237060547,23.469999313354492,23.079999923706055,23.1200008392334,18.336957931518555,36534
2022-03-01,23.149999618530273,23.25,22.799999237060547,23.030000686645508,18.265575408935547,17182
2022-03-02,23.030000686645508,23.06999969482422,22.889999389648438,22.950000762939453,18.202123641967773,14838
2022-03-03,23.0,23.0,22.75,22.899999618530273,18.1624698638916,16927
2022-03-04,22.790000915527344,22.96579933166504,22.5,22.610000610351562,17.932470321655273,29886
2022-03-07,22.610000610351562,22.61479949951172,22.030000686645508,22.030000686645508,17.472454071044922,17960
2022-03-08,21.90999984741211,21.954999923706055,21.307600021362305,21.3700008392334,16.948997497558594,50949
2022-03-09,21.530000686645508,22.299999237060547,21.450000762939453,22.100000381469727,17.527976989746094,63826
2022-03-10,22.0,22.58989906311035,21.860000610351562,22.450000762939453,17.805566787719727,38785
2022-03-11,22.350000381469727,22.350000381469727,21.899999618530273,21.899999618530273,17.369348526000977,28335
2022-03-14,21.90999984741211,22.0049991607666,20.889999389648438,20.969999313354492,16.631746292114258,55932
2022-03-15,21.139999389648438,21.964799880981445,21.100000381469727,21.5,17.05210304260254,36480
2022-03-16,21.75,21.760000228881836,21.420000076293945,21.649999618530273,17.17106819152832,13653
2022-03-17,21.81999969482422,22.100000381469727,21.790000915527344,21.790000915527344,17.282108306884766,29441
2022-03-18,21.90999984741211,22.1299991607666,21.790000915527344,21.950000762939453,17.409008026123047,16403
2022-03-21,21.969999313354492,22.059999465942383,21.600000381469727,21.790000915527344,17.282108306884766,38001
2022-03-22,21.854999542236328,21.950000762939453,21.700000762939453,21.889999389648438,17.361419677734375,26940
2022-03-23,21.889999389648438,22.070199966430664,21.795000076293945,22.0,17.44866371154785,18306
2022-03-24,22.040000915527344,22.29990005493164,22.020000457763672,22.020000457763672,17.464523315429688,29645
2022-03-25,22.0,22.159900665283203,22.0,22.049999237060547,17.488319396972656,14719
2022-03-28,22.170000076293945,22.299999237060547,22.15999984741211,22.225000381469727,17.62711524963379,18726
2022-03-29,22.239999771118164,22.399999618530273,22.049999237060547,22.235000610351562,17.635046005249023,32286
2022-03-30,22.3799991607666,22.489999771118164,22.27869987487793,22.3700008392334,17.74211883544922,10856
2022-03-31,22.3700008392334,22.510000228881836,22.34000015258789,22.5,17.8452205657959,32169
2022-04-01,22.3700008392334,22.510000228881836,22.315000534057617,22.40999984741211,17.773839950561523,8573
2022-04-04,22.520000457763672,23.21780014038086,22.520000457763672,23.040000915527344,18.273509979248047,19257
2022-04-05,23.2091007232666,23.329999923706055,23.059499740600586,23.140100479125977,18.3528995513916,14432
2022-04-06,23.0,23.170000076293945,23.0,23.049999237060547,18.28143882751465,8701
2022-04-07,23.088499069213867,23.48979949951172,22.97209930419922,23.149999618530273,18.360748291015625,12441
2022-04-08,23.1299991607666,23.350000381469727,23.110000610351562,23.299999237060547,18.479721069335938,12251
2022-04-11,23.25,23.25,22.8700008392334,22.925199508666992,18.182458877563477,5587
2022-04-12,23.1299991607666,23.360000610351562,22.901399612426758,23.225000381469727,18.420236587524414,23452
2022-04-13,22.899999618530273,23.049999237060547,22.75,22.790000915527344,18.39073371887207,5348
2022-04-14,22.809999465942383,23.0,22.809999465942383,22.959999084472656,18.527910232543945,34148
2022-04-18,22.850000381469727,23.0,22.76300048828125,22.76300048828125,18.36894416809082,19346
2022-04-19,22.739999771118164,22.827499389648438,22.64900016784668,22.681299209594727,18.303014755249023,6742
2022-04-20,22.68000030517578,22.700000762939453,22.399999618530273,22.399999618530273,18.07601547241211,12713
2022-04-21,22.544200897216797,22.6466007232666,22.5,22.530000686645508,18.180923461914062,13541
2022-04-22,22.819900512695312,22.989999771118164,22.3700008392334,22.719999313354492,18.334245681762695,21494
2022-04-25,22.950000762939453,22.950000762939453,22.40999984741211,22.649999618530273,18.27775764465332,5526
2022-04-26,22.700000762939453,23.0,22.5,22.700000762939453,18.31810760498047,5842
2022-04-27,22.541799545288086,22.829999923706055,22.53219985961914,22.540000915527344,18.188993453979492,2833
2022-04-28,22.719999313354492,22.940000534057617,22.5,22.700000762939453,18.31810760498047,30997
2022-04-29,22.549999237060547,22.55500030517578,21.790000915527344,22.239999771118164,17.946901321411133,65670
2022-05-02,22.239999771118164,22.57990074157715,21.899999618530273,21.93000030517578,17.696741104125977,45733
2022-05-03,21.93000030517578,22.239999771118164,21.600000381469727,21.799999237060547,17.59183692932129,19051
2022-05-04,21.899999618530273,22.199899673461914,21.75,22.199899673461914,17.914541244506836,5309
2022-05-05,22.18000030517578,22.199899673461914,21.049999237060547,21.3799991607666,17.252910614013672,23774
2022-05-06,21.3799991607666,21.999900817871094,21.260000228881836,21.504100799560547,17.353057861328125,10412
2022-05-09,21.309999465942383,21.34000015258789,21.18000030517578,21.219999313354492,17.123796463012695,10623
2022-05-10,21.25,21.414100646972656,21.020000457763672,21.200000762939453,17.10765838623047,22311
2022-05-11,21.149999618530273,21.329999923706055,21.037099838256836,21.149999618530273,17.06730842590332,13129
2022-05-12,21.225000381469727,21.327899932861328,21.0,21.13409996032715,17.054475784301758,17029
2022-05-13,21.049999237060547,21.139999389648438,20.8700008392334,21.049999237060547,16.98661231994629,18467
2022-05-16,21.100099563598633,21.170000076293945,20.900100708007812,21.170000076293945,17.08344841003418,17136
2022-05-17,21.229999542236328,21.270000457763672,21.09000015258789,21.09000015258789,17.018890380859375,14072
2022-05-18,21.149999618530273,21.149999618530273,20.850799560546875,20.8799991607666,16.849424362182617,17312
2022-05-19,20.75,20.899999618530273,20.75,20.770000457763672,16.760663986206055,7767
2022-05-20,20.790800094604492,20.790800094604492,20.649999618530273,20.770000457763672,16.760663986206055,10866
2022-05-23,20.697599411010742,20.850000381469727,20.697599411010742,20.70009994506836,16.704254150390625,10516
2022-05-24,20.709999084472656,20.770000457763672,20.582399368286133,20.649999618530273,16.66382598876953,15213
2022-05-25,20.865999221801758,21.01729965209961,20.559999465942383,21.01729965209961,16.960224151611328,19029
2022-05-26,21.25,21.290000915527344,21.100000381469727,21.239999771118164,17.139936447143555,12046
2022-05-27,21.610000610351562,21.700000762939453,21.309999465942383,21.68000030517578,17.4950008392334,10958
2022-05-31,22.889999389648438,22.889999389648438,21.5,22.010000228881836,17.76129913330078,34268
2022-06-01,21.950000762939453,22.14859962463379,21.893999099731445,22.0,17.75322914123535,7880
2022-06-02,21.93000030517578,21.93000030517578,21.80929946899414,21.885000228881836,17.660425186157227,3239
2022-06-03,22.059999465942383,22.25,21.829999923706055,22.239999771118164,17.946901321411133,9992
2022-06-06,22.200000762939453,22.330400466918945,21.89940071105957,22.100000381469727,17.83392906188965,3541
2022-06-07,22.309999465942383,22.309999465942383,22.145000457763672,22.225000381469727,17.934797286987305,4017
2022-06-08,22.121599197387695,22.459999084472656,22.120100021362305,22.18000030517578,17.898483276367188,11866
2022-06-09,22.39590072631836,22.489900588989258,21.825000762939453,22.040000915527344,17.78550910949707,17211
2022-06-10,22.0,22.1299991607666,21.549999237060547,21.700000762939453,17.511140823364258,6137
2022-06-13,21.549999237060547,21.559999465942383,20.700000762939453,20.780000686645508,16.768733978271484,21708
2022-06-14,21.45800018310547,21.45800018310547,20.15999984741211,20.200000762939453,16.300695419311523,21576
2022-06-15,20.90999984741211,21.0,20.200000762939453,20.600000381469727,16.62347412109375,5473
2022-06-16,20.5,20.5,20.100000381469727,20.219999313354492,16.316829681396484,14298
2022-06-17,20.351600646972656,20.990999221801758,19.770000457763672,19.850000381469727,16.01825523376465,38521
2022-06-21,19.850000381469727,20.429899215698242,19.75,19.799999237060547,15.977903366088867,21255
2022-06-22,20.100000381469727,20.1033992767334,19.70039939880371,19.756099700927734,15.942480087280273,10601
2022-06-23,20.279600143432617,20.279600143432617,19.760000228881836,20.0,16.139297485351562,11130
2022-06-24,20.42289924621582,20.600000381469727,20.097299575805664,20.600000381469727,16.62347412109375,12271
2022-06-27,20.25,20.3799991607666,20.25,20.3799991607666,16.445945739746094,953
2022-06-28,20.652000427246094,20.71660041809082,20.325000762939453,20.492000579833984,16.536327362060547,16772
2022-06-29,20.579999923706055,20.789899826049805,20.200000762939453,20.549999237060547,16.583133697509766,6606
2022-06-30,20.549999237060547,20.649999618530273,20.263900756835938,20.510000228881836,16.55084991455078,9686
2022-07-01,20.510000228881836,20.649900436401367,20.35300064086914,20.59000015258789,16.61540985107422,3019
2022-07-05,20.649999618530273,21.0,20.649900436401367,20.799999237060547,16.784870147705078,8924
2022-07-06,20.799999237060547,21.489900588989258,20.5,20.5,16.542781829833984,15398
2022-07-07,21.15999984741211,21.15999984741211,20.399999618530273,20.739999771118164,16.736454010009766,15505
2022-07-08,20.858299255371094,20.929899215698242,20.581499099731445,20.75,16.744524002075195,2163
2022-07-11,20.78499984741211,21.290199279785156,20.78499984741211,20.965900421142578,16.918750762939453,6285
2022-07-12,21.0,21.323999404907227,20.820100784301758,21.11989974975586,17.043018341064453,7225
2022-07-13,21.09000015258789,21.1200008392334,20.850099563598633,20.934999465942383,16.893814086914062,9325
2022-07-14,20.5,20.5,19.760099411010742,20.06999969482422,16.510007858276367,30551
2022-07-15,20.0,20.18000030517578,20.0,20.013999938964844,16.463937759399414,14705
2022-07-18,20.125,20.125,19.719999313354492,20.079999923706055,16.518234252929688,13242
2022-07-19,20.010000228881836,20.100000381469727,19.80430030822754,19.950000762939453,16.411293029785156,22019
2022-07-20,20.0,20.0,19.729999542236328,19.809999465942383,16.296125411987305,19032
2022-07-21,19.84000015258789,19.850000381469727,19.729999542236328,19.809999465942383,16.296125411987305,28405
2022-07-22,19.889999389648438,19.999900817871094,19.799999237060547,19.81999969482422,16.304353713989258,12071
2022-07-25,19.81999969482422,20.049999237060547,19.81999969482422,19.977699279785156,16.434080123901367,11324
2022-07-26,19.959999084472656,20.21339988708496,19.799999237060547,19.8799991607666,16.353708267211914,18934
2022-07-27,20.049999237060547,20.100000381469727,20.010000228881836,20.09000015258789,16.526456832885742,12443
2022-07-28,20.1299991607666,20.510000228881836,20.1299991607666,20.399999618530273,16.781471252441406,36295
2022-07-29,20.510000228881836,21.350000381469727,20.510000228881836,21.290000915527344,17.51360511779785,34705
2022-08-01,21.290000915527344,21.59000015258789,21.202800750732422,21.5,17.686359405517578,29481
2022-08-02,21.499900817871094,21.709999084472656,21.200000762939453,21.469999313354492,17.66167640686035,32558
2022-08-03,21.510000228881836,21.600000381469727,21.5,21.540000915527344,17.71925926208496,17284
2022-08-04,21.515399932861328,21.530000686645508,21.350000381469727,21.350000381469727,17.562963485717773,36470
2022-08-05,21.25,21.25,20.71500015258789,21.00830078125,17.28187370300293,12907
2022-08-08,21.209999084472656,21.450000762939453,20.899999618530273,21.350000381469727,17.562963485717773,21431
2022-08-09,21.32939910888672,21.420000076293945,21.110000610351562,21.219999313354492,17.45602035522461,4176
2022-08-10,21.325000762939453,21.5,21.11389923095703,21.11389923095703,17.36874008178711,8474
2022-08-11,21.452899932861328,21.499900817871094,20.93000030517578,21.219999313354492,17.45602035522461,16445
2022-08-12,21.100000381469727,21.209999084472656,21.0,21.190000534057617,17.431344985961914,26760
2022-08-15,21.190000534057617,21.790000915527344,21.190000534057617,21.75,17.892011642456055,22564
2022-08-16,21.75,21.989999771118164,21.639999389648438,21.989999771118164,18.089439392089844,10755
2022-08-17,21.719999313354492,22.0,21.549999237060547,21.56999969482422,17.74393653869629,21839
2022-08-18,21.5049991607666,21.559999465942383,21.302000045776367,21.389999389648438,17.59586524963379,4795
2022-08-19,21.25,21.25,21.09000015258789,21.09000015258789,17.34908103942871,4483
2022-08-22,21.09000015258789,21.139999389648438,21.010000228881836,21.079999923706055,17.34085464477539,11179
2022-08-23,21.110000610351562,21.360000610351562,20.6200008392334,20.700000762939453,17.028257369995117,10074
2022-08-24,20.700000762939453,21.364900588989258,20.700000762939453,21.079999923706055,17.34085464477539,12601
2022-08-25,21.0,21.280000686645508,21.0,21.190000534057617,17.431344985961914,11709
2022-08-26,21.200000762939453,21.34000015258789,21.200000762939453,21.2450008392334,17.476585388183594,9321
2022-08-29,21.125,21.125,20.760000228881836,20.760000228881836,17.077617645263672,2950
2022-08-30,20.799999237060547,20.889999389648438,20.660200119018555,20.700000762939453,17.028257369995117,7999
2022-08-31,20.647499084472656,20.67530059814453,20.5,20.5,16.863733291625977,4095
2022-09-01,20.799999237060547,20.799999237060547,20.61949920654297,20.780000686645508,17.094066619873047,6472
2022-09-02,20.52239990234375,20.72570037841797,20.520000457763672,20.614500045776367,16.95792579650879,5857
2022-09-06,20.737899780273438,20.737899780273438,20.260000228881836,20.350000381469727,16.740341186523438,5584
2022-09-07,20.309999465942383,20.704999923706055,20.309999465942383,20.329999923706055,16.723888397216797,2805
2022-09-08,20.329999923706055,20.61359977722168,20.329999923706055,20.524999618530273,16.88429832458496,1895
2022-09-09,20.600000381469727,20.649999618530273,20.550600051879883,20.595600128173828,16.94237518310547,2086
2022-09-12,20.97559928894043,20.97559928894043,20.700000762939453,20.700000762939453,17.028257369995117,4493
2022-09-13,20.645000457763672,20.700000762939453,20.579999923706055,20.579999923706055,16.929546356201172,3923
2022-09-14,20.579999923706055,20.600000381469727,20.40999984741211,20.40999984741211,16.789697647094727,4081
2022-09-15,20.369400024414062,20.450000762939453,20.250200271606445,20.3700008392334,16.75679588317871,9131
2022-09-16,20.329999923706055,20.430599212646484,20.049999237060547,20.25,16.658079147338867,4807
2022-09-19,20.239999771118164,20.239999771118164,19.770000457763672,19.790000915527344,16.27967071533203,13059
2022-09-20,19.700000762939453,20.239999771118164,19.700000762939453,19.829999923706055,16.312580108642578,3386
2022-09-21,19.93000030517578,20.170000076293945,19.80500030517578,19.80500030517578,16.292011260986328,3161
2022-09-22,19.760000228881836,19.8700008392334,19.559999465942383,19.799999237060547,16.28789710998535,7717
2022-09-23,19.706499099731445,19.706499099731445,18.850400924682617,19.1299991607666,15.73674201965332,21176
2022-09-26,19.280000686645508,19.280000686645508,18.826400756835938,18.969999313354492,15.605125427246094,12931
2022-09-27,18.959999084472656,19.416799545288086,18.927400588989258,19.260000228881836,15.8436861038208,5356
2022-09-28,19.3700008392334,19.597700119018555,19.049999237060547,19.280000686645508,15.860135078430176,9933
2022-09-29,19.15559959411621,19.59000015258789,19.038999557495117,19.59000015258789,16.115148544311523,18632
2022-09-30,20.0,20.0,19.1299991607666,19.440000534057617,15.991755485534668,38978
2022-10-03,19.600000381469727,19.860000610351562,19.586599349975586,19.860000610351562,16.33725929260254,8909
2022-10-04,19.799999237060547,19.799999237060547,19.450000762939453,19.5,16.041112899780273,53754
2022-10-05,19.3700008392334,19.639999389648438,19.299999237060547,19.299999237060547,15.876587867736816,16052
2022-10-06,19.290000915527344,19.290000915527344,19.106700897216797,19.290000915527344,15.868364334106445,7814
2022-10-07,19.049999237060547,19.219999313354492,18.729999542236328,18.999900817871094,15.629719734191895,15857
2022-10-10,19.229999542236328,19.229999542236328,18.600000381469727,18.769800186157227,15.440435409545898,6038
2022-10-11,18.88640022277832,19.204700469970703,18.730100631713867,18.730100631713867,15.407776832580566,5788
2022-10-12,18.920000076293945,18.949899673461914,18.65999984741211,18.670000076293945,15.35833740234375,22575
2022-10-13,18.559999465942383,18.60059928894043,17.899999618530273,17.93000030517578,15.071233749389648,33889
2022-10-14,18.049999237060547,18.049999237060547,17.81999969482422,17.899999618530273,15.046018600463867,6600
2022-10-17,17.969999313354492,17.969999313354492,17.100000381469727,17.579999923706055,14.77703857421875,54825
2022-10-18,17.650100708007812,17.935199737548828,17.299999237060547,17.329999923706055,14.566898345947266,24944
2022-10-19,17.299999237060547,17.299999237060547,17.0,17.0,14.28951358795166,20271
2022-10-20,17.075000762939453,17.075000762939453,16.510000228881836,16.510000228881836,13.877639770507812,14134
2022-10-21,16.5,16.717500686645508,16.110000610351562,16.188400268554688,13.607316017150879,26505
2022-10-24,16.11280059814453,16.200000762939453,16.0,16.139999389648438,13.566632270812988,39394
2022-10-25,16.270000457763672,16.645000457763672,16.139999389648438,16.5,13.869234085083008,57649
2022-10-26,16.600000381469727,17.09000015258789,16.399999618530273,16.56999969482422,13.928074836730957,39230
2022-10-27,16.600000381469727,16.989900588989258,16.549999237060547,16.75,14.079375267028809,20259
2022-10-28,16.922800064086914,17.896699905395508,16.922800064086914,17.799999237060547,14.961959838867188,11904
2022-10-31,17.6299991607666,18.705799102783203,17.354999542236328,17.479999542236328,14.692981719970703,50511
2022-11-01,17.700000762939453,18.675800323486328,17.290000915527344,17.290000915527344,14.533278465270996,11628
2022-11-02,17.790000915527344,17.790000915527344,17.174999237060547,17.219999313354492,14.474437713623047,23058
2022-11-03,17.450000762939453,17.450000762939453,17.0585994720459,17.270000457763672,14.516465187072754,4457
2022-11-04,17.899999618530273,18.139999389648438,17.510099411010742,17.850000381469727,15.00399112701416,25326
2022-11-07,17.934999465942383,18.020000457763672,17.649999618530273,17.790000915527344,14.953558921813965,11755
2022-11-08,17.799999237060547,18.549999237060547,17.799999237060547,18.31999969482422,15.399053573608398,8636
2022-11-09,18.399999618530273,19.1200008392334,17.610000610351562,17.65410041809082,14.839324951171875,19732
2022-11-10,18.299999237060547,18.610000610351562,17.985000610351562,18.165000915527344,15.268768310546875,13061
2022-11-11,18.989999771118164,19.200000762939453,18.209999084472656,18.924999237060547,15.907591819763184,3599
2022-11-14,19.102500915527344,19.102500915527344,18.29170036315918,18.600000381469727,15.634411811828613,6082
2022-11-15,19.110000610351562,19.3700008392334,18.479999542236328,18.709999084472656,15.726869583129883,25253
2022-11-16,19.516000747680664,19.516000747680664,18.60140037536621,19.045000076293945,16.008459091186523,5620
2022-11-17,18.900999069213867,19.025699615478516,18.200000762939453,18.5,15.55035400390625,5101
2022-11-18,18.75,18.839399337768555,18.0,18.264999389648438,15.352819442749023,15817
2022-11-21,18.399999618530273,18.700000762939453,18.030000686645508,18.280000686645508,15.36543083190918,56506
2022-11-22,18.466899871826172,18.700000762939453,18.149999618530273,18.31999969482422,15.399053573608398,20931
2022-11-23,18.420000076293945,18.5,18.25,18.475000381469727,15.529343605041504,16059
2022-11-25,18.475000381469727,18.475000381469727,18.475000381469727,18.475000381469727,15.529343605041504,0
2022-11-28,18.260099411010742,19.20210075378418,18.260099411010742,18.5,15.55035400390625,10530
2022-11-29,18.700000762939453,18.989999771118164,18.030000686645508,18.030000686645508,15.155290603637695,14879
2022-11-30,18.39940071105957,18.399999618530273,18.12019920349121,18.239999771118164,15.331808090209961,9433
2022-12-01,18.600000381469727,18.950000762939453,18.174999237060547,18.200000762939453,15.298184394836426,27779
2022-12-02,18.200000762939453,18.290000915527344,17.806299209594727,17.850000381469727,15.00399112701416,39598
2022-12-05,17.799999237060547,17.899999618530273,17.350000381469727,17.37969970703125,14.608671188354492,23155
2022-12-06,18.143600463867188,18.143600463867188,17.149999618530273,17.260000228881836,14.508058547973633,9916
2022-12-07,17.099599838256836,17.399999618530273,17.04010009765625,17.149999618530273,14.415597915649414,19894
2022-12-08,17.280000686645508,17.569900512695312,17.24530029296875,17.344999313354492,14.579505920410156,18101
2022-12-09,17.399999618530273,17.44659996032715,17.200000762939453,17.360000610351562,14.59211540222168,22674
2022-12-12,17.350000381469727,17.5,16.829999923706055,17.09000015258789,14.36516284942627,39151
2022-12-13,17.260000228881836,17.759899139404297,17.0,17.079999923706055,14.356760025024414,18840
2022-12-14,17.110000610351562,17.25,16.799999237060547,16.8799991607666,14.18864631652832,47840
2022-12-15,16.989999771118164,17.139999389648438,16.75,16.79560089111328,14.117704391479492,48552
2022-12-16,16.90999984741211,17.100000381469727,16.610000610351562,16.711000442504883,14.046591758728027,20143
2022-12-19,16.950000762939453,17.06999969482422,16.499900817871094,16.549999237060547,13.911261558532715,30161
2022-12-20,16.599899291992188,16.600000381469727,16.479999542236328,16.501100540161133,13.870158195495605,24900
2022-12-21,16.500099182128906,16.790000915527344,16.5,16.610000610351562,13.96169662475586,38074
2022-12-22,16.610000610351562,16.756200790405273,16.200000762939453,16.2549991607666,13.663296699523926,21712
2022-12-23,16.010000228881836,16.350000381469727,16.010000228881836,16.317699432373047,13.715999603271484,36498
2022-12-27,16.299999237060547,16.770000457763672,16.25,16.710500717163086,14.046173095703125,27122
2022-12-28,16.809999465942383,17.1200008392334,16.610000610351562,16.969999313354492,14.264297485351562,30655
2022-12-29,16.917499542236328,17.33989906311035,16.91010093688965,17.1200008392334,14.390381813049316,15967
2022-12-30,17.200000762939453,17.479999542236328,17.200000762939453,17.260000228881836,14.508058547973633,38544
2023-01-03,17.200000762939453,17.399999618530273,17.200000762939453,17.399999618530273,14.625737190246582,11892
2023-01-04,17.773099899291992,18.206100463867188,17.600000381469727,18.206100463867188,15.303314208984375,5584
2023-01-05,18.200000762939453,18.56170082092285,17.990999221801758,18.399499893188477,15.465877532958984,8503
2023-01-06,18.790000915527344,19.100000381469727,18.42009925842285,18.690000534057617,15.710058212280273,12915
2023-01-09,18.829999923706055,19.43000030517578,18.829999923706055,19.191999435424805,16.132017135620117,20681
2023-01-10,19.31999969482422,19.6200008392334,19.1200008392334,19.47640037536621,16.371076583862305,20559
2023-01-11,19.520000457763672,19.950000762939453,19.5,19.950000762939453,16.769166946411133,22254
2023-01-12,19.899999618530273,20.235000610351562,19.656099319458008,19.8799991607666,17.05086326599121,38326
2023-01-13,19.885000228881836,20.1299991607666,19.850000381469727,20.089500427246094,17.23055076599121,11395
2023-01-17,19.979999542236328,20.059999465942383,19.81439971923828,19.96500015258789,17.12376594543457,33703
2023-01-18,20.059999465942383,20.8700008392334,20.059999465942383,20.3799991607666,17.479707717895508,16761
2023-01-19,20.122400283813477,20.295000076293945,20.0,20.0,17.15378761291504,58850
2023-01-20,20.0,20.25,19.674999237060547,19.825000762939453,17.003692626953125,11468
2023-01-23,20.04990005493164,20.299999237060547,19.760099411010742,20.010000228881836,17.162363052368164,14535
2023-01-24,20.059999465942383,20.280000686645508,19.6200008392334,19.825000762939453,17.003692626953125,19220
2023-01-25,19.729999542236328,20.208099365234375,19.729999542236328,20.020000457763672,17.170940399169922,6700
2023-01-26,20.010000228881836,20.309900283813477,19.75,19.850000381469727,17.02513313293457,20415
2023-01-27,19.850000381469727,19.999900817871094,19.829999923706055,19.8799991607666,17.05086326599121,16818
2023-01-30,19.90999984741211,20.100000381469727,19.789400100708008,19.937999725341797,17.10060691833496,16746
2023-01-31,19.979999542236328,20.549999237060547,19.932899475097656,20.40999984741211,17.505435943603516,29337
2023-02-01,20.5,20.850000381469727,20.3799991607666,20.709999084472656,17.762744903564453,48084
2023-02-02,20.860000610351562,21.049999237060547,20.700000762939453,20.871000289916992,17.900833129882812,31073
2023-02-03,20.799999237060547,20.969900131225586,20.555700302124023,20.75,17.797054290771484,15173
2023-02-06,20.954099655151367,20.954099655151367,20.735000610351562,20.735000610351562,17.78418731689453,6978
2023-02-07,20.579999923706055,20.979999542236328,20.550100326538086,20.799999237060547,17.839935302734375,11632
2023-02-08,20.700000762939453,20.75,20.610000610351562,20.75,17.797054290771484,7678
2023-02-09,20.700000762939453,20.700000762939453,20.5,20.5049991607666,17.586915969848633,6439
2023-02-10,20.139999389648438,20.440000534057617,20.139999389648438,20.3799991607666,17.479707717895508,6056
2023-02-13,20.625,20.729999542236328,20.500099182128906,20.639999389648438,17.702707290649414,5861
2023-02-14,20.709999084472656,20.709999084472656,20.1200008392334,20.1200008392334,17.256710052490234,15866
2023-02-15,20.309999465942383,20.467300415039062,20.1205997467041,20.3656005859375,17.467357635498047,7344
2023-02-16,20.540000915527344,20.540000915527344,20.21419906616211,20.300100326538086,17.411176681518555,2957
2023-02-17,20.25,20.5,20.25,20.5,17.58262825012207,4437
2023-02-21,20.5,20.65999984741211,20.200000762939453,20.229999542236328,17.35105323791504,32413
2023-02-22,20.06999969482422,20.06999969482422,19.959999084472656,20.0,17.15378761291504,9530
2023-02-23,20.0,20.5,20.0,20.469999313354492,17.55689811706543,7988
2023-02-24,20.190000534057617,20.219999313354492,20.149999618530273,20.170000076293945,17.299592971801758,6235
2023-02-27,20.239999771118164,20.239999771118164,19.899999618530273,19.899999618530273,17.068017959594727,7572
2023-02-28,19.957300186157227,19.989999771118164,19.5,19.760000228881836,16.947940826416016,21601
2023-03-01,19.639999389648438,19.64080047607422,19.010000228881836,19.15999984741211,16.433326721191406,17986
2023-03-02,19.0,19.0,18.0,18.670000076293945,16.013059616088867,41567
2023-03-03,18.780500411987305,19.197399139404297,18.610000610351562,18.8700008392334,16.184595108032227,9870
2023-03-06,19.290000915527344,19.290000915527344,18.990400314331055,19.100000381469727,16.381868362426758,17544
2023-03-07,19.099899291992188,19.200000762939453,19.030000686645508,19.049999237060547,16.338979721069336,25657
2023-03-08,19.229900360107422,19.229999542236328,18.719999313354492,18.899799346923828,16.210155487060547,17201
2023-03-09,18.983999252319336,18.983999252319336,18.174999237060547,18.239999771118164,15.644251823425293,11142
2023-03-10,18.100000381469727,18.290000915527344,17.610000610351562,17.758699417114258,15.2314453125,27734
2023-03-13,17.6299991607666,18.0,17.299999237060547,17.40999984741211,14.932371139526367,38260
2023-03-14,17.739999771118164,18.020000457763672,16.375,16.600000381469727,14.237643241882324,125722
2023-03-15,16.489999771118164,16.959999084472656,16.299999237060547,16.649999618530273,14.280526161193848,35083
2023-03-16,16.5,17.0,16.47010040283203,16.514999389648438,14.164738655090332,55183
2023-03-17,16.639999389648438,16.639999389648438,16.200000762939453,16.25,13.93745231628418,38887
2023-03-20,16.510000228881836,17.481700897216797,16.510000228881836,16.920000076293945,14.512102127075195,27346
2023-03-21,17.15999984741211,17.15999984741211,16.838699340820312,16.969999313354492,14.554986000061035,39312
2023-03-22,17.100000381469727,17.200000762939453,16.80500030517578,16.80500030517578,14.413467407226562,28692
2023-03-23,17.239999771118164,17.239999771118164,16.649999618530273,16.690000534057617,14.314834594726562,20474
2023-03-24,16.71500015258789,16.71500015258789,16.5,16.54990005493164,14.194672584533691,26207
2023-03-27,16.649999618530273,17.0,16.610000610351562,17.0,14.580717086791992,32758
2023-03-28,16.989999771118164,17.0,16.920000076293945,16.991500854492188,14.573429107666016,3355
2023-03-29,17.040000915527344,17.3799991607666,17.0,17.139999389648438,14.70079231262207,24827
2023-03-30,17.239999771118164,17.34000015258789,16.915000915527344,17.229999542236328,14.777985572814941,19442
2023-03-31,17.290000915527344,17.450000762939453,16.610000610351562,17.450000762939453,14.966676712036133,20101
2023-04-03,17.450000762939453,18.100000381469727,17.362499237060547,18.049999237060547,15.481289863586426,32423
2023-04-04,18.170000076293945,18.33989906311035,17.750099182128906,18.010000228881836,15.446983337402344,25249
2023-04-05,18.1299991607666,18.1299991607666,17.89929962158203,18.0,15.438405990600586,25185
2023-04-06,17.965099334716797,18.16160011291504,17.747499465942383,18.15999984741211,15.57563591003418,10800
2023-04-10,18.1299991607666,18.1299991607666,17.799999237060547,17.928699493408203,15.377253532409668,17880
2023-04-11,18.049699783325195,18.850000381469727,17.8799991607666,18.399999618530273,15.781484603881836,76167
2023-04-12,18.290000915527344,18.799999237060547,18.280000686645508,18.520000457763672,15.884405136108398,27139
2023-04-13,18.110000610351562,18.260000228881836,17.399999618530273,17.809999465942383,15.611308097839355,28229
2023-04-14,17.670000076293945,17.780000686645508,17.350099563598633,17.476499557495117,15.318977355957031,11395
2023-04-17,17.670000076293945,17.700000762939453,17.010000228881836,17.489999771118164,15.33081340789795,23823
2023-04-18,17.459999084472656,18.06920051574707,17.31999969482422,17.6200008392334,15.44476318359375,12552
2023-04-19,17.799999237060547,17.799999237060547,17.155000686645508,17.350000381469727,15.208096504211426,15008
2023-04-20,17.635400772094727,17.63990020751953,17.33009910583496,17.489999771118164,15.33081340789795,3053
2023-04-21,17.600000381469727,17.600000381469727,17.090099334716797,17.25,15.120439529418945,17816
2023-04-24,17.260000228881836,17.531600952148438,17.25,17.520000457763672,15.357108116149902,13245
2023-04-25,17.59480094909668,17.659400939941406,17.299999237060547,17.541000366210938,15.375515937805176,9483
2023-04-26,17.719999313354492,17.790000915527344,17.68000030517578,17.68000030517578,15.497358322143555,4182
2023-04-27,17.75,17.75,17.540000915527344,17.540000915527344,15.374640464782715,7688
2023-04-28,17.674999237060547,18.100000381469727,17.672300338745117,17.920000076293945,15.70772647857666,33775
2023-05-01,17.920000076293945,18.08370018005371,17.470399856567383,17.470399856567383,15.313632011413574,8639
2023-05-02,17.709999084472656,18.049999237060547,17.520000457763672,17.700000762939453,15.514886856079102,18347
2023-05-03,17.989999771118164,17.989999771118164,17.670000076293945,17.700000762939453,15.514886856079102,24070
2023-05-04,17.31999969482422,17.3799991607666,17.128700256347656,17.34000015258789,15.199328422546387,9474
2023-05-05,17.56999969482422,17.715700149536133,17.350000381469727,17.540000915527344,15.374640464782715,14842
2023-05-08,17.649999618530273,17.736400604248047,17.53499984741211,17.700000762939453,15.514886856079102,21203
2023-05-09,17.670000076293945,17.72100067138672,17.420000076293945,17.450000762939453,15.295748710632324,6811
2023-05-10,18.049999237060547,18.049999237060547,17.3700008392334,17.451400756835938,15.296976089477539,8623
2023-05-11,17.530000686645508,17.760000228881836,17.49799919128418,17.5,15.339577674865723,20181
2023-05-12,17.38319969177246,17.739900588989258,17.309999465942383,17.520000457763672,15.357108116149902,14086
2023-05-15,17.5,17.739900588989258,17.310100555419922,17.34000015258789,15.199328422546387,18831
2023-05-16,17.31999969482422,17.40999984741211,16.79010009765625,16.809999465942383,14.734758377075195,17084
2023-05-17,16.889999389648438,17.190000534057617,16.889999389648438,17.149999618530273,15.032784461975098,11369
2023-05-18,17.350000381469727,17.350000381469727,17.040000915527344,17.18000030517578,15.059083938598633,6613
2023-05-19,17.27989959716797,17.27989959716797,17.016700744628906,17.100000381469727,14.988959312438965,7667
2023-05-22,17.149999618530273,17.270000457763672,17.020000457763672,17.020099639892578,14.918923377990723,11719
2023-05-23,16.860000610351562,17.450000762939453,16.860000610351562,17.399999618530273,15.251920700073242,15749
2023-05-24,17.020000457763672,17.521400451660156,17.020000457763672,17.520000457763672,15.357108116149902,16491
2023-05-25,17.239999771118164,17.451400756835938,17.239999771118164,17.25,15.120439529418945,2812
2023-05-26,17.110000610351562,17.260000228881836,17.110000610351562,17.149999618530273,15.032784461975098,9848
2023-05-30,17.399999618530273,17.56999969482422,17.31999969482422,17.440000534057617,15.286985397338867,12770
2023-05-31,17.40999984741211,18.3700008392334,17.404800415039062,18.25,15.996986389160156,71427
2023-06-01,18.049999237060547,18.31170082092285,17.90999984741211,17.90999984741211,15.69896125793457,21876
2023-06-02,17.93000030517578,18.360000610351562,17.905000686645508,18.290000915527344,16.032052993774414,15673
2023-06-05,18.290000915527344,18.489999771118164,18.200000762939453,18.280000686645508,16.023283004760742,23469
2023-06-06,18.270000457763672,18.489999771118164,18.270000457763672,18.399999618530273,16.12847137451172,6751
2023-06-07,18.440000534057617,18.489999771118164,18.159299850463867,18.469999313354492,16.18982696533203,5346
2023-06-08,18.44499969482422,18.449899673461914,18.399999618530273,18.399999618530273,16.12847137451172,4613
2023-06-09,18.250099182128906,18.450000762939453,18.250099182128906,18.389999389648438,16.11970329284668,3615
2023-06-12,18.299100875854492,18.43000030517578,18.299100875854492,18.43000030517578,16.154767990112305,1535
2023-06-13,18.530000686645508,18.530000686645508,18.170000076293945,18.420000076293945,16.145999908447266,6066
2023-06-14,18.549999237060547,18.549999237060547,17.90999984741211,18.239999771118164,15.988221168518066,12506
2023-06-15,18.380199432373047,18.380199432373047,17.899999618530273,17.899999618530273,15.69019603729248,12666
2023-06-16,18.06999969482422,18.249900817871094,18.030000686645508,18.084999084472656,15.85235595703125,9966
2023-06-20,18.147199630737305,18.200000762939453,17.780000686645508,17.93000030517578,15.716493606567383,16958
2023-06-21,18.139999389648438,18.25,18.097400665283203,18.209999084472656,15.961926460266113,9052
2023-06-22,18.24220085144043,18.25,18.200000762939453,18.200000762939453,15.953161239624023,9565
2023-06-23,18.219999313354492,18.25,18.18000030517578,18.219999313354492,15.97068977355957,4524
2023-06-26,18.200000762939453,18.260000228881836,18.18000030517578,18.18000030517578,15.935632705688477,11586
2023-06-27,18.139999389648438,18.25,18.079999923706055,18.190000534057617,15.9443941116333,7824
2023-06-28,18.34000015258789,18.34000015258789,18.100000381469727,18.1299991607666,15.891799926757812,9500
2023-06-29,18.149999618530273,18.270000457763672,18.139999389648438,18.25,15.996986389160156,12040
2023-06-30,18.260000228881836,18.444299697875977,18.260000228881836,18.299999237060547,16.040815353393555,20581
2023-07-03,18.389999389648438,18.549999237060547,18.309999465942383,18.549999237060547,16.259950637817383,15464
2023-07-05,18.549999237060547,18.600000381469727,18.280000686645508,18.420000076293945,16.145999908447266,16934
2023-07-06,18.280000686645508,18.51059913635254,18.100000381469727,18.3799991607666,16.110937118530273,18315
2023-07-07,18.5,18.600000381469727,18.25,18.559999465942383,16.26871681213379,9669
2023-07-10,18.600000381469727,18.649999618530273,18.5,18.559999465942383,16.26871681213379,21181
2023-07-11,18.649999618530273,18.739999771118164,18.559999465942383,18.739999771118164,16.426496505737305,35073
2023-07-12,18.829999923706055,18.899999618530273,18.600000381469727,18.790000915527344,16.470327377319336,38041
2023-07-13,18.530000686645508,18.649999618530273,18.479999542236328,18.59000015258789,16.64803123474121,37790
2023-07-14,18.729999542236328,18.75,18.360000610351562,18.579999923706055,16.639076232910156,25456
2023-07-17,18.6299991607666,18.6299991607666,17.610000610351562,18.299999237060547,16.38832664489746,28116
2023-07-18,18.399999618530273,18.700000762939453,18.399999618530273,18.690000534057617,16.737585067749023,11656
2023-07-19,18.799999237060547,18.799999237060547,18.489999771118164,18.770000457763672,16.809228897094727,10350
2023-07-20,18.670000076293945,18.850000381469727,18.5939998626709,18.780000686645508,16.81818389892578,20184
2023-07-21,18.84000015258789,18.850000381469727,18.520000457763672,18.559999465942383,16.621164321899414,9088
2023-07-24,18.559999465942383,18.850000381469727,18.5,18.850000381469727,16.880870819091797,9707
2023-07-25,18.75,18.8799991607666,18.654300689697266,18.8799991607666,16.90773582458496,4044
2023-07-26,18.889999389648438,19.450000762939453,18.709999084472656,18.790000915527344,16.8271427154541,36460
2023-07-27,18.920000076293945,19.424999237060547,18.850099563598633,19.0,17.015201568603516,21127
2023-07-28,19.0,19.200000762939453,18.899999618530273,19.18000030517578,17.1763973236084,36594
2023-07-31,19.170000076293945,19.170000076293945,18.979999542236328,19.049999237060547,17.05997657775879,14824
2023-08-01,18.989999771118164,19.100000381469727,18.799999237060547,18.959999084472656,16.979379653930664,13650
2023-08-02,18.8799991607666,18.959999084472656,18.75,18.959999084472656,16.979379653930664,11658
2023-08-03,18.75,19.0,18.75,19.0,17.015201568603516,4967
2023-08-04,19.049999237060547,19.049999237060547,18.780000686645508,19.049999237060547,17.05997657775879,23230
2023-08-07,19.06999969482422,19.100000381469727,18.75,18.760000228881836,16.800273895263672,19459
2023-08-08,18.719999313354492,18.790000915527344,18.600000381469727,18.780000686645508,16.81818389892578,9140
2023-08-09,18.760000228881836,19.049999237060547,18.760000228881836,19.049999237060547,17.05997657775879,2954
2023-08-10,18.700000762939453,19.149999618530273,18.700000762939453,18.799999237060547,16.83609390258789,6147
2023-08-11,18.718000411987305,18.799999237060547,18.540000915527344,18.700000762939453,16.74654197692871,11363
2023-08-14,18.559999465942383,18.75,18.530000686645508,18.739999771118164,16.78236198425293,10372
2023-08-15,18.71540069580078,18.71540069580078,18.510000228881836,18.65999984741211,16.710718154907227,7128
2023-08-16,18.65999984741211,18.65999984741211,18.450000762939453,18.479999542236328,16.549522399902344,10505
2023-08-17,18.56999969482422,18.56999969482422,18.280000686645508,18.479999542236328,16.549522399902344,7439
2023-08-18,18.299999237060547,18.350000381469727,17.979999542236328,18.170000076293945,16.27190589904785,23939
2023-08-21,18.079999923706055,18.860000610351562,17.940000534057617,18.59000015258789,16.64803123474121,11644
2023-08-22,18.43269920349121,18.43269920349121,18.170000076293945,18.239999771118164,16.334592819213867,7782
2023-08-23,18.09000015258789,18.82550048828125,18.09000015258789,18.44529914855957,16.518447875976562,4016
2023-08-24,18.75,18.75,18.450000762939453,18.68000030517578,16.72863006591797,4392
2023-08-25,18.68000030517578,18.68000030517578,18.68000030517578,18.68000030517578,16.72863006591797,0
2023-08-28,18.8799991607666,18.908199310302734,18.655000686645508,18.679899215698242,16.728540420532227,5471
2023-08-29,18.58099937438965,18.670000076293945,18.489999771118164,18.53499984741211,16.598777770996094,6137
2023-08-30,18.670000076293945,18.889999389648438,18.56999969482422,18.700000762939453,16.74654197692871,15303
2023-08-31,19.049999237060547,19.149999618530273,18.69529914855957,19.0,17.015201568603516,9883
2023-09-01,19.06999969482422,19.139999389648438,18.899999618530273,19.139999389648438,17.140575408935547,3610
2023-09-05,19.1299991607666,19.139999389648438,18.9950008392334,19.020000457763672,17.033111572265625,2559
2023-09-06,19.020000457763672,19.020000457763672,18.940000534057617,18.950000762939453,16.97042465209961,7998
2023-09-07,18.750099182128906,19.0,18.709999084472656,18.709999084472656,16.755495071411133,6949
2023-09-08,18.700000762939453,19.0,18.700000762939453,19.0,17.015201568603516,7428
2023-09-11,19.0,19.0,18.700700759887695,18.969999313354492,16.98833465576172,3707
2023-09-12,18.93000030517578,18.93000030517578,18.86199951171875,18.8700008392334,16.898780822753906,1651
2023-09-13,18.860000610351562,18.860000610351562,18.700000762939453,18.700000762939453,16.74654197692871,1037
2023-09-14,18.799999237060547,18.93160057067871,18.748699188232422,18.860000610351562,16.889827728271484,6312
2023-09-15,18.860000610351562,18.93000030517578,18.71500015258789,18.86989974975586,16.898693084716797,5328
2023-09-18,18.8700008392334,18.8700008392334,18.5,18.739999771118164,16.78236198425293,11700
2023-09-19,18.579999923706055,18.6299991607666,18.549999237060547,18.549999237060547,16.61220932006836,9771
2023-09-20,18.559999465942383,18.799999237060547,18.559999465942383,18.600000381469727,16.6569881439209,7715
2023-09-21,18.549999237060547,18.627700805664062,18.399999618530273,18.600000381469727,16.6569881439209,9692
2023-09-22,18.40999984741211,18.780000686645508,18.40999984741211,18.5,16.567432403564453,5263
2023-09-25,18.389999389648438,18.5,18.25,18.25,16.343547821044922,6238
2023-09-26,18.110000610351562,18.329999923706055,18.0,18.0,16.11966323852539,15233
2023-09-27,18.010000228881836,18.093000411987305,17.399999618530273,17.549999237060547,15.71667194366455,18431
2023-09-28,17.299999237060547,18.229999542236328,17.299999237060547,18.229999542236328,16.325637817382812,19270
2023-09-29,17.940000534057617,18.5,17.790000915527344,17.790000915527344,15.931604385375977,17644
2023-10-02,17.815000534057617,17.985000610351562,17.5,17.61669921875,15.776407241821289,14528
2023-10-03,17.450000762939453,17.674999237060547,17.06999969482422,17.399999618530273,15.582340240478516,25566
2023-10-04,17.1299991607666,17.459999084472656,17.1299991607666,17.3799991607666,15.564433097839355,10158
2023-10-05,17.700000762939453,17.700000762939453,17.209999084472656,17.25,15.44801139831543,19775
2023-10-06,17.347299575805664,17.549999237060547,17.18000030517578,17.200000762939453,15.403233528137207,21263
2023-10-09,17.450000762939453,17.504199981689453,17.11009979248047,17.1299991607666,15.340548515319824,23074
2023-10-10,17.299999237060547,17.389999389648438,17.184999465942383,17.239999771118164,15.439058303833008,37874
2023-10-11,17.399999618530273,17.690000534057617,17.34000015258789,17.34000015258789,15.528609275817871,22144
2023-10-12,17.18000030517578,17.3799991607666,17.0,17.0,15.582173347473145,21277
2023-10-13,17.219999313354492,17.260000228881836,16.95009994506836,16.969999313354492,15.55467414855957,12217
2023-10-16,17.18000030517578,17.18000030517578,16.91900062561035,16.979999542236328,15.563840866088867,17285
2023-10-17,16.950000762939453,17.25,16.690000534057617,16.690000534057617,15.298028945922852,18997
2023-10-18,16.899999618530273,16.950000762939453,16.43000030517578,16.700000762939453,15.307195663452148,20064
2023-10-19,16.709999084472656,16.799999237060547,16.410499572753906,16.600000381469727,15.215536117553711,18142
2023-10-20,16.700000762939453,16.75,16.540000915527344,16.700000762939453,15.307195663452148,6850
2023-10-23,16.760000228881836,16.780000686645508,16.5,16.5,15.123875617980957,9187
2023-10-24,16.459999084472656,16.59950065612793,16.299999237060547,16.510000228881836,15.133039474487305,14031
2023-10-25,16.559999465942383,16.670000076293945,16.329999923706055,16.450000762939453,15.078045845031738,12183
2023-10-26,16.420000076293945,16.5,16.229999542236328,16.229999542236328,14.87639331817627,23953
2023-10-27,16.549999237060547,16.549999237060547,16.0,16.030000686645508,14.693074226379395,62926
2023-10-30,16.030000686645508,16.31999969482422,16.030000686645508,16.100000381469727,14.75723648071289,26752
2023-10-31,16.229999542236328,16.34000015258789,16.049999237060547,16.049999237060547,14.711405754089355,34802
2023-11-01,16.06999969482422,16.399900436401367,15.899999618530273,15.920000076293945,14.592247009277344,68267
2023-11-02,16.290000915527344,16.299999237060547,16.010000228881836,16.170000076293945,14.821396827697754,108360
2023-11-03,16.31999969482422,16.489999771118164,16.11009979248047,16.229999542236328,14.87639331817627,39835
2023-11-06,16.229999542236328,16.309900283813477,16.079999923706055,16.09000015258789,14.748069763183594,45811
2023-11-07,16.280000686645508,16.5,16.239999771118164,16.34000015258789,14.97722053527832,16921
2023-11-08,16.514999389648438,16.84000015258789,16.3799991607666,16.559999465942383,15.17887020111084,21515
2023-11-09,16.690000534057617,16.75,16.5,16.5,15.123875617980957,19644
2023-11-10,16.674999237060547,16.780000686645508,16.59000015258789,16.6200008392334,15.233866691589355,17394
2023-11-13,16.700000762939453,16.799999237060547,16.459999084472656,16.56999969482422,15.188036918640137,21272
2023-11-14,16.799999237060547,16.9950008392334,16.673099517822266,16.790000915527344,15.389688491821289,30620
2023-11-15,16.75,17.149999618530273,16.75,17.0,15.582173347473145,38738
2023-11-16,17.149999618530273,17.149999618530273,16.280000686645508,16.459999084472656,15.087210655212402,157373
2023-11-17,16.5,16.549999237060547,16.149999618530273,16.170000076293945,14.821396827697754,56749
2023-11-20,16.149999618530273,16.399999618530273,16.06999969482422,16.209999084472656,14.858059883117676,66559
2023-11-21,16.179800033569336,16.469999313354492,16.179800033569336,16.299999237060547,14.94055461883545,216920
2023-11-22,16.34000015258789,16.49449920654297,16.223800659179688,16.459999084472656,15.087210655212402,18586
2023-11-24,16.510000228881836,16.639999389648438,16.459999084472656,16.639999389648438,15.252198219299316,6982
2023-11-27,16.600000381469727,16.773099899291992,16.530000686645508,16.6200008392334,15.233866691589355,19701
2023-11-28,16.700000762939453,16.809900283813477,16.614999771118164,16.760000228881836,15.362189292907715,13369
2023-11-29,16.889999389648438,16.934999465942383,16.74959945678711,16.799999237060547,15.398855209350586,12734
2023-11-30,17.0,17.000099182128906,16.559999465942383,16.559999465942383,15.17887020111084,50030
2023-12-01,16.65999984741211,17.299999237060547,16.65999984741211,17.299999237060547,15.85715389251709,26442
2023-12-04,17.280000686645508,17.450000762939453,17.1299991607666,17.290000915527344,15.847990036010742,41129
2023-12-05,17.290000915527344,17.399999618530273,17.110000610351562,17.110000610351562,15.682999610900879,11832
2023-12-06,17.18000030517578,17.295000076293945,17.100000381469727,17.100000381469727,15.673834800720215,35142
2023-12-07,17.149999618530273,17.389999389648438,17.079999923706055,17.079999923706055,15.655501365661621,34322
2023-12-08,16.969999313354492,17.360000610351562,16.969999313354492,17.098100662231445,15.672093391418457,12159
2023-12-11,17.06999969482422,17.389999389648438,17.06999969482422,17.15999984741211,15.728830337524414,14387
2023-12-12,17.420000076293945,17.459999084472656,17.100099563598633,17.260000228881836,15.820487976074219,22939
2023-12-13,17.350000381469727,17.649900436401367,17.149999618530273,17.360000610351562,15.912149429321289,57791
2023-12-14,17.59000015258789,17.749900817871094,17.224300384521484,17.6299991607666,16.159629821777344,85027
2023-12-15,17.729799270629883,17.899999618530273,17.510000228881836,17.600000381469727,16.13213539123535,33931
2023-12-18,17.84000015258789,17.989999771118164,17.579999923706055,17.860000610351562,16.37044906616211,20207
2023-12-19,17.857999801635742,18.149999618530273,17.857999801635742,18.110000610351562,16.599599838256836,39972
2023-12-20,18.200000762939453,18.389999389648438,17.920000076293945,17.920000076293945,16.425443649291992,28533
2023-12-21,18.100000381469727,18.399900436401367,17.799999237060547,18.299999237060547,16.773752212524414,16243
2023-12-22,18.197900772094727,18.299999237060547,18.0,18.059999465942383,16.553768157958984,34261
2023-12-26,18.059999465942383,18.099899291992188,17.809999465942383,17.81999969482422,16.333784103393555,24665
2023-12-27,17.899999618530273,18.024999618530273,17.649999618530273,17.729999542236328,16.25128936767578,59057
2023-12-28,17.739999771118164,18.0,17.729999542236328,17.850000381469727,16.361284255981445,29453
2023-12-29,17.770000457763672,17.920000076293945,17.649999618530273,17.649999618530273,16.177963256835938,33326
2024-01-02,17.729999542236328,18.75,17.700000762939453,18.389999389648438,16.856245040893555,73472
2024-01-03,18.290000915527344,18.315000534057617,17.90999984741211,17.90999984741211,16.416278839111328,67447
2024-01-04,17.93000030517578,18.350000381469727,17.8700008392334,17.989999771118164,16.489608764648438,46450
2024-01-05,18.020000457763672,18.239999771118164,17.65999984741211,17.780000686645508,16.297121047973633,72617
2024-01-08,17.850000381469727,18.149999618530273,17.829999923706055,18.149999618530273,16.636262893676758,44714
2024-01-09,18.190000534057617,18.389999389648438,18.030000686645508,18.290000915527344,16.764589309692383,22292
2024-01-10,18.280000686645508,18.450000762939453,18.15999984741211,18.15999984741211,16.645427703857422,77154
2024-01-11,17.950000762939453,17.950000762939453,17.70009994506836,17.84000015258789,16.718936920166016,23893
2024-01-12,17.899999618530273,17.979999542236328,17.6299991607666,17.81999969482422,16.700193405151367,30437
2024-01-16,17.809999465942383,17.940000534057617,17.690000534057617,17.81999969482422,16.700193405151367,42551
2024-01-17,17.81999969482422,17.850000381469727,17.68000030517578,17.788999557495117,16.671142578125,13825
2024-01-18,17.81999969482422,17.860000610351562,17.399999618530273,17.549999237060547,16.447158813476562,23471
2024-01-19,17.760000228881836,17.760000228881836,17.59000015258789,17.700000762939453,16.58773422241211,10949
2024-01-22,17.78499984741211,17.920000076293945,17.579999923706055,17.739999771118164,16.625221252441406,21621
2024-01-23,17.739999771118164,17.879899978637695,17.600000381469727,17.790000915527344,16.672080993652344,24347
2024-01-24,17.88990020751953,17.88990020751953,17.600000381469727,17.6299991607666,16.522132873535156,19793
2024-01-25,17.784799575805664,17.81999969482422,17.639999389648438,17.709999084472656,16.59710693359375,44847
2024-01-26,17.790000915527344,17.899999618530273,17.719999313354492,17.8799991607666,16.756423950195312,8094
2024-01-29,17.8700008392334,18.030000686645508,17.75,18.010000228881836,16.878253936767578,23954
2024-01-30,18.100000381469727,18.40999984741211,18.0,18.299999237060547,17.1500301361084,28231
2024-01-31,18.280000686645508,18.379499435424805,18.010000228881836,18.100000381469727,16.96259880065918,28943
2024-02-01,18.139400482177734,18.139400482177734,17.770000457763672,17.770000457763672,16.653335571289062,43287
2024-02-02,17.75,17.934999465942383,17.56999969482422,17.56999969482422,16.465904235839844,38695
2024-02-05,17.65999984741211,17.850000381469727,17.010000228881836,17.16990089416504,16.090946197509766,60989
2024-02-06,17.200000762939453,17.479999542236328,17.149999618530273,17.299999237060547,16.212871551513672,22753
2024-02-07,17.683300018310547,17.683300018310547,17.200199127197266,17.399999618530273,16.30658531188965,9390
2024-02-08,17.299999237060547,17.489999771118164,17.299999237060547,17.399999618530273,16.30658531188965,12637
2024-02-09,17.575000762939453,17.75,17.436899185180664,17.5,16.40030288696289,8484
2024-02-12,17.690000534057617,17.979999542236328,17.510000228881836,17.530000686645508,16.428417205810547,17664
2024-02-13,17.5,17.7450008392334,17.47249984741211,17.5,16.40030288696289,15474
2024-02-14,17.56999969482422,17.709999084472656,17.399999618530273,17.549999237060547,16.447158813476562,11361
2024-02-15,17.469999313354492,17.940000534057617,17.469999313354492,17.530000686645508,16.428417205810547,21816
2024-02-16,17.600000381469727,17.989999771118164,17.5,17.75,16.634592056274414,20242
2024-02-20,17.760000228881836,17.97249984741211,17.759300231933594,17.953899383544922,16.825679779052734,33686
2024-02-21,18.1200008392334,18.190000534057617,17.899999618530273,17.950000762939453,16.822025299072266,15306
2024-02-22,18.110000610351562,18.159900665283203,17.90999984741211,17.950000762939453,16.822025299072266,16397
2024-02-23,18.09819984436035,18.219900131225586,18.049999237060547,18.049999237060547,16.915740966796875,19596
2024-02-26,18.219999313354492,18.219999313354492,18.049999237060547,18.100000381469727,16.96259880065918,9585
2024-02-27,18.100000381469727,18.219999313354492,18.049999237060547,18.06999969482422,16.934484481811523,17588
2024-02-28,18.06999969482422,18.141300201416016,18.037900924682617,18.06999969482422,16.934484481811523,7142
2024-02-29,18.049999237060547,18.190000534057617,18.049999237060547,18.059999465942383,16.925111770629883,24350
2024-03-01,18.079999923706055,18.209999084472656,17.910200119018555,18.199600219726562,17.055940628051758,11601
2024-03-04,18.09000015258789,18.489999771118164,17.979999542236328,18.200000762939453,17.05631446838379,22118
2024-03-05,18.020000457763672,18.200000762939453,17.950000762939453,18.200000762939453,17.05631446838379,15021
2024-03-06,18.190000534057617,18.190000534057617,17.959999084472656,17.959999084472656,16.831396102905273,10511
2024-03-07,18.049999237060547,18.450000762939453,17.97719955444336,18.049999237060547,16.915740966796875,14626
2024-03-08,18.190000534057617,18.540000915527344,18.190000534057617,18.5,17.33746337890625,30667
2024-03-11,18.559999465942383,18.649999618530273,18.139999389648438,18.139999389648438,17.000083923339844,16618
2024-03-12,18.18000030517578,18.489999771118164,18.139999389648438,18.2549991607666,17.107858657836914,17188
2024-03-13,18.185199737548828,18.350000381469727,18.020000457763672,18.079999923706055,16.94385528564453,46270
2024-03-14,18.09000015258789,18.350000381469727,17.96299934387207,18.13450050354004,16.994932174682617,31963
2024-03-15,18.09000015258789,18.280000686645508,18.079999923706055,18.280000686645508,17.131288528442383,8368
2024-03-18,18.41699981689453,18.450000762939453,18.299999237060547,18.399999618530273,17.24374771118164,16782
2024-03-19,18.35379981994629,18.90999984741211,18.334999084472656,18.709999084472656,17.534265518188477,42856
2024-03-20,18.649999618530273,18.8799991607666,18.475000381469727,18.770000457763672,17.590497970581055,17083
2024-03-21,18.770000457763672,19.049999237060547,18.770000457763672,18.829999923706055,17.646724700927734,30559
2024-03-22,18.899999618530273,19.049999237060547,18.899999618530273,18.950000762939453,17.759183883666992,19063
2024-03-25,19.0,19.100000381469727,18.93000030517578,19.100000381469727,17.89975929260254,18045
2024-03-26,19.020000457763672,19.100000381469727,18.920000076293945,19.09000015258789,17.89038848876953,11684
2024-03-27,19.049999237060547,19.184999465942383,18.979999542236328,19.1299991607666,17.927873611450195,11263
2024-03-28,19.199899673461914,19.649999618530273,19.049999237060547,19.559999465942383,18.33085060119629,110184
2024-04-01,19.59000015258789,19.700000762939453,19.385000228881836,19.700000762939453,18.462055206298828,46179
2024-04-02,19.600000381469727,19.6200008392334,19.399999618530273,19.600000381469727,18.36833953857422,21490
2024-04-03,19.5,19.692899703979492,19.2549991607666,19.68000030517578,18.44331169128418,26101
2024-04-04,19.700000762939453,19.799999237060547,19.623699188232422,19.639999389648438,18.405824661254883,20779
2024-04-05,19.65999984741211,19.700000762939453,19.579999923706055,19.639999389648438,18.405824661254883,5952
2024-04-08,19.690000534057617,19.700000762939453,19.40999984741211,19.45009994506836,18.227859497070312,12636
2024-04-09,19.639999389648438,19.700000762939453,19.5,19.56999969482422,18.340225219726562,7403
2024-04-10,19.492399215698242,19.5,19.25,19.5,18.27462387084961,14391
2024-04-11,19.5,19.530000686645508,18.950000762939453,18.969999313354492,17.77792739868164,35934
2024-04-12,18.479999542236328,18.855499267578125,18.479999542236328,18.549999237060547,17.757287979125977,14535
2024-04-15,18.479999542236328,18.68000030517578,18.0,18.100000381469727,17.326519012451172,33895
2024-04-16,18.100099563598633,18.350000381469727,17.900100708007812,18.030000686645508,17.259510040283203,14035
2024-04-17,18.059999465942383,18.350000381469727,17.899999618530273,17.93000030517578,17.16378402709961,11863
2024-04-18,18.0,18.239999771118164,17.900100708007812,17.99519920349121,17.2261962890625,9479
2024-04-19,18.0,18.100000381469727,17.899999618530273,17.899999618530273,17.13506507873535,12030
2024-04-22,17.899999618530273,18.180700302124023,17.770000457763672,17.920000076293945,17.15420913696289,15581
2024-04-23,18.229999542236328,18.280000686645508,17.770000457763672,17.889999389648438,17.125492095947266,15434
2024-04-24,17.899999618530273,18.039600372314453,17.860000610351562,17.940000534057617,17.173357009887695,6162
2024-04-25,17.899999618530273,18.049999237060547,17.6200008392334,17.818700790405273,17.057239532470703,12242
2024-04-26,17.90089988708496,18.266799926757812,17.800100326538086,17.940000534057617,17.173357009887695,6050
2024-04-29,18.139999389648438,18.200000762939453,18.030000686645508,18.030000686645508,17.259510040283203,6254
2024-04-30,18.049999237060547,18.239999771118164,17.950000762939453,17.950000762939453,17.18292808532715,15012
2024-05-01,18.127500534057617,18.25,17.920000076293945,18.200000762939453,17.422245025634766,10891
2024-05-02,18.149999618530273,18.270000457763672,18.149999618530273,18.260000228881836,17.479679107666016,9452
2024-05-03,18.43000030517578,18.540000915527344,18.300100326538086,18.399999618530273,17.613698959350586,9253
2024-05-06,18.469999313354492,18.799999237060547,18.450000762939453,18.65999984741211,17.862586975097656,6703
2024-05-07,18.780000686645508,18.780000686645508,18.275100708007812,18.54360008239746,17.751161575317383,12692
2024-05-08,18.520000457763672,18.59000015258789,18.479999542236328,18.59000015258789,17.795578002929688,3689
2024-05-09,18.5,18.53190040588379,18.0,18.079999923706055,17.307373046875,18731
2024-05-10,18.079999923706055,18.225000381469727,17.899999618530273,18.11009979248047,17.3361873626709,20912
2024-05-13,18.049999237060547,18.350000381469727,18.049999237060547,18.350000381469727,17.56583595275879,7596
2024-05-14,18.489999771118164,18.639999389648438,18.350000381469727,18.420000076293945,17.632843017578125,13359
2024-05-15,18.600000381469727,18.639999389648438,18.500099182128906,18.600000381469727,17.805152893066406,7089
2024-05-16,18.459999084472656,18.600000381469727,18.459999084472656,18.600000381469727,17.805152893066406,10155
2024-05-17,18.649999618530273,18.649999618530273,18.399999618530273,18.489999771118164,17.699851989746094,12074
2024-05-20,18.564899444580078,18.73419952392578,18.450000762939453,18.5,17.70942497253418,8409
2024-05-21,18.649999618530273,18.799999237060547,18.3700008392334,18.5,17.70942497253418,16406
2024-05-22,18.394100189208984,18.5,18.299999237060547,18.299999237060547,17.51797103881836,10228
2024-05-23,18.299999237060547,18.742300033569336,18.0,18.040000915527344,17.26908302307129,22483
2024-05-24,18.020000457763672,18.25,18.0,18.15999984741211,17.383955001831055,12957
2024-05-28,18.200000762939453,18.489999771118164,18.100000381469727,18.350000381469727,17.56583595275879,13333
2024-05-29,18.256099700927734,18.350000381469727,18.100000381469727,18.100000381469727,17.326519012451172,3149
2024-05-30,18.100000381469727,18.395000457763672,18.07659912109375,18.1299991607666,17.355236053466797,22895
2024-05-31,18.229999542236328,18.299999237060547,18.100000381469727,18.100000381469727,17.326519012451172,11605
2024-06-03,18.18000030517578,18.687999725341797,18.18000030517578,18.5,17.70942497253418,12869
2024-06-04,18.700000762939453,18.83370018005371,18.5,18.83370018005371,18.02886390686035,30915
2024-06-05,18.93000030517578,18.93000030517578,18.5,18.649999618530273,17.853015899658203,10408
2024-06-06,18.649999618530273,18.799999237060547,18.649999618530273,18.725000381469727,17.924808502197266,8322
2024-06-07,18.68000030517578,18.68000030517578,18.5,18.53529930114746,17.743215560913086,4315
2024-06-10,18.709999084472656,18.709999084472656,18.399999618530273,18.489999771118164,17.699851989746094,6357
2024-06-11,18.56999969482422,18.600000381469727,18.5,18.56800079345703,17.774518966674805,3485
2024-06-12,18.649999618530273,18.860000610351562,18.620100021362305,18.84000015258789,18.034894943237305,16594
2024-06-13,18.899999618530273,18.899999618530273,18.549999237060547,18.700000762939453,17.900876998901367,4184
2024-06-14,18.559999465942383,18.600000381469727,18.530000686645508,18.599899291992188,17.805055618286133,6008
2024-06-17,18.700000762939453,18.790000915527344,18.58370018005371,18.58370018005371,17.789546966552734,8046
2024-06-18,18.600000381469727,18.600000381469727,18.57309913635254,18.574600219726562,17.780838012695312,2985
2024-06-20,18.5,18.530000686645508,18.441999435424805,18.498899459838867,17.708372116088867,10291
2024-06-21,18.479999542236328,18.825700759887695,18.40999984741211,18.450000762939453,17.661561965942383,12693
2024-06-24,18.345300674438477,18.645000457763672,18.345300674438477,18.575000762939453,17.781221389770508,6275
2024-06-25,18.520000457763672,18.600000381469727,18.421100616455078,18.600000381469727,17.805152893066406,9718
2024-06-26,18.478500366210938,18.899999618530273,18.478500366210938,18.69219970703125,17.893409729003906,6167
2024-06-27,18.8799991607666,18.894399642944336,18.701499938964844,18.729999542236328,17.929594039916992,7885
2024-06-28,18.709999084472656,18.809999465942383,18.479999542236328,18.489999771118164,17.699851989746094,13813
2024-07-01,18.56999969482422,18.889999389648438,18.540000915527344,18.549999237060547,17.757287979125977,4570
2024-07-02,18.600000381469727,18.824199676513672,18.600000381469727,18.76140022277832,17.95965576171875,9412
2024-07-03,18.939899444580078,18.940000534057617,18.829999923706055,18.899999618530273,18.092330932617188,8197
2024-07-05,18.950000762939453,19.18000030517578,18.899999618530273,19.15999984741211,18.34122085571289,13495
2024-07-08,19.290000915527344,19.43000030517578,19.169599533081055,19.25,18.4273738861084,14711
2024-07-09,19.344999313354492,19.40999984741211,19.200000762939453,19.3700008392334,18.542247772216797,10497
2024-07-10,19.3799991607666,19.5,19.3799991607666,19.469999313354492,18.637971878051758,8402
2024-07-11,19.459999084472656,19.474599838256836,19.341999053955078,19.420000076293945,18.59010887145996,25247
2024-07-12,19.470199584960938,19.6200008392334,16.5,17.17340087890625,16.439516067504883,294056
2024-07-15,17.059999465942383,17.540000915527344,16.760000228881836,17.510000228881836,17.159854888916016,104149
2024-07-16,17.69849967956543,18.0,17.520099639892578,17.889999389648438,17.532255172729492,61074
2024-07-17,17.989999771118164,18.109899520874023,17.80500030517578,17.940000534057617,17.581256866455078,37786
2024-07-18,17.899999618530273,18.013399124145508,17.350000381469727,17.760000228881836,17.404855728149414,45824
2024-07-19,17.844999313354492,17.850000381469727,17.729900360107422,17.75,17.395055770874023,5858
2024-07-22,17.739999771118164,18.0,17.739999771118164,17.84000015258789,17.48325538635254,11802
2024-07-23,17.799999237060547,17.8799991607666,17.5,17.5,17.150054931640625,75146
2024-07-24,17.700000762939453,17.7450008392334,17.200000762939453,17.280000686645508,16.9344539642334,31974
2024-07-25,17.55940055847168,17.559900283813477,17.200000762939453,17.270000457763672,16.924654006958008,55011
2024-07-26,17.25,17.818700790405273,17.25,17.469999313354492,17.12065315246582,34493
2024-07-29,17.309999465942383,17.55229949951172,17.250499725341797,17.270000457763672,16.924654006958008,48244
2024-07-30,17.270000457763672,17.440000534057617,17.06999969482422,17.209999084472656,16.86585235595703,45720
2024-07-31,17.209999084472656,17.850000381469727,17.200000762939453,17.81999969482422,17.463655471801758,87370
2024-08-01,17.850000381469727,17.850000381469727,17.399999618530273,17.440000534057617,17.09125518798828,58061
2024-08-02,17.56999969482422,17.84000015258789,17.329999923706055,17.399999618530273,17.052053451538086,57324
2024-08-05,17.25,17.5,16.989999771118164,17.030000686645508,16.689453125,54438
2024-08-06,17.309999465942383,17.482999801635742,17.1028995513916,17.389999389648438,17.042253494262695,45902
2024-08-07,17.469999313354492,17.809900283813477,17.350000381469727,17.739999771118164,17.385255813598633,27567
2024-08-08,17.604999542236328,17.829999923706055,17.479999542236328,17.520000457763672,17.169654846191406,43133
2024-08-09,17.600000381469727,17.769899368286133,17.3700008392334,17.690000534057617,17.33625602722168,27963
2024-08-12,17.700000762939453,17.749900817871094,17.399999618530273,17.399999618530273,17.052053451538086,28495
2024-08-13,17.5,17.614999771118164,17.400100708007812,17.489999771118164,17.140254974365234,34489
2024-08-14,17.6299991607666,17.699899673461914,17.5,17.5,17.150054931640625,9956
2024-08-15,17.5,17.75,17.463199615478516,17.729999542236328,17.37545394897461,33594
2024-08-16,17.790000915527344,17.799999237060547,17.5,17.639999389648438,17.287254333496094,37008
2024-08-19,17.670000076293945,17.790000915527344,17.549999237060547,17.549999237060547,17.199054718017578,36373
2024-08-20,17.530000686645508,17.670000076293945,17.5,17.510000228881836,17.159854888916016,15859
2024-08-21,17.5,17.799999237060547,17.5,17.64550018310547,17.292644500732422,28570
2024-08-22,17.600000381469727,17.770000457763672,17.600000381469727,17.65999984741211,17.306854248046875,17269
2024-08-23,17.75,17.889999389648438,17.700000762939453,17.739999771118164,17.385255813598633,13493
2024-08-26,17.737199783325195,17.940000534057617,17.649999618530273,17.759899139404297,17.404756546020508,22452
2024-08-27,17.700000762939453,17.920000076293945,17.700000762939453,17.829999923706055,17.47345542907715,14970
2024-08-28,17.8799991607666,17.8799991607666,17.649999618530273,17.68000030517578,17.32645606994629,37363
2024-08-29,17.75,17.7893009185791,17.690000534057617,17.690000534057617,17.33625602722168,9231
2024-08-30,17.75,17.889999389648438,17.690000534057617,17.889999389648438,17.532255172729492,18187
2024-09-03,17.75,17.866199493408203,17.649999618530273,17.75,17.395055770874023,10989
2024-09-04,17.809999465942383,18.110000610351562,17.809999465942383,18.030000686645508,17.669456481933594,17489
2024-09-05,18.11989974975586,18.11989974975586,17.860000610351562,17.889999389648438,17.532255172729492,18494
2024-09-06,17.889999389648438,18.16830062866211,17.780000686645508,17.93000030517578,17.571456909179688,27335
2024-09-09,17.93000030517578,18.170000076293945,17.8799991607666,18.12019920349121,17.75785255432129,12638
2024-09-10,18.1200008392334,18.270000457763672,18.110000610351562,18.270000457763672,17.9046573638916,17438
2024-09-11,18.290000915527344,18.479999542236328,18.22439956665039,18.3799991607666,18.0124568939209,23573
2024-09-12,18.530000686645508,18.799999237060547,18.459999084472656,18.690000534057617,18.316259384155273,48025
2024-09-13,18.850000381469727,19.0,18.73310089111328,18.940000534057617,18.561260223388672,43724
2024-09-16,19.100000381469727,19.100000381469727,18.81999969482422,18.899999618530273,18.522058486938477,29540
2024-09-17,19.100000381469727,19.170000076293945,19.0,19.149900436401367,18.7669620513916,25552
2024-09-18,19.149999618530273,19.260000228881836,19.100000381469727,19.100000381469727,18.718059539794922,22793
2024-09-19,19.270000457763672,19.719100952148438,19.239999771118164,19.479999542236328,19.0904598236084,36670
2024-09-20,19.399999618530273,19.440000534057617,19.25,19.309999465942383,18.923860549926758,27486
2024-09-23,19.309999465942383,19.309999465942383,19.0,19.0,18.620059967041016,23980
2024-09-24,19.021699905395508,19.199899673461914,19.000200271606445,19.149999618530273,18.767059326171875,15387
2024-09-25,19.110000610351562,19.25,19.110000610351562,19.209800720214844,18.825664520263672,9514
2024-09-26,19.25,19.417800903320312,19.149999618530273,19.343399047851562,18.95659065246582,20363
2024-09-27,19.377500534057617,19.399999618530273,19.18000030517578,19.399999618530273,19.012060165405273,7919
2024-09-30,19.37980079650879,19.549999237060547,19.28260040283203,19.549999237060547,19.159059524536133,26655
2024-10-01,19.540000915527344,19.575000762939453,19.210100173950195,19.549999237060547,19.159059524536133,30395
2024-10-02,19.549999237060547,19.639999389648438,19.390100479125977,19.510000228881836,19.119861602783203,27963
2024-10-03,19.600000381469727,19.700000762939453,19.549999237060547,19.559999465942383,19.168861389160156,17253
2024-10-04,19.600000381469727,19.770000457763672,19.559999465942383,19.770000457763672,19.374662399291992,16783
2024-10-07,19.75480079650879,19.765199661254883,19.5,19.559999465942383,19.168861389160156,31366
2024-10-08,19.530099868774414,19.774999618530273,19.530099868774414,19.680099487304688,19.286558151245117,7006
2024-10-09,19.639999389648438,19.979900360107422,19.639999389648438,19.82379913330078,19.427385330200195,7956
2024-10-10,19.950000762939453,19.950000762939453,19.550100326538086,19.799999237060547,19.40406036376953,16391
2024-10-11,19.700000762939453,19.899999618530273,19.700000762939453,19.8799991607666,19.48246192932129,30763
2024-10-14,19.760000228881836,19.924999237060547,19.72209930419922,19.924999237060547,19.526561737060547,25967
2024-10-15,19.489999771118164,19.678199768066406,19.300100326538086,19.6299991607666,19.6299991607666,27640
2024-10-16,19.40999984741211,19.75,19.299999237060547,19.520000457763672,19.520000457763672,23471
2024-10-17,19.549999237060547,19.75,19.5,19.537500381469727,19.537500381469727,12321
2024-10-18,19.719999313354492,19.899999618530273,19.700000762939453,19.799999237060547,19.799999237060547,12785
2024-10-21,19.850000381469727,19.850000381469727,19.540000915527344,19.653499603271484,19.653499603271484,13989
2024-10-22,19.700000762939453,19.899999618530273,19.649999618530273,19.899999618530273,19.899999618530273,12358
2024-10-23,19.799999237060547,19.920000076293945,19.649999618530273,19.889999389648438,19.889999389648438,7245
2024-10-24,19.79400062561035,19.850000381469727,19.75,19.83989906311035,19.83989906311035,6419
2024-10-25,19.889999389648438,19.94659996032715,19.670000076293945,19.670000076293945,19.670000076293945,18693
2024-10-28,19.670000076293945,19.817899703979492,19.600099563598633,19.729999542236328,19.729999542236328,22953
2024-10-29,19.66230010986328,19.809999465942383,19.65169906616211,19.809999465942383,19.809999465942383,7862
2024-10-30,19.760000228881836,19.920000076293945,19.723600387573242,19.860000610351562,19.860000610351562,8578
2024-10-31,19.920000076293945,19.93000030517578,19.345600128173828,19.790000915527344,19.790000915527344,17935
2024-11-01,19.93000030517578,19.93000030517578,19.0,19.0,19.0,14644
2024-11-04,19.0,19.299999237060547,18.81999969482422,19.100000381469727,19.100000381469727,30166
2024-11-05,19.030000686645508,19.399999618530273,19.030000686645508,19.329999923706055,19.329999923706055,14670
2024-11-06,19.16900062561035,19.39299964904785,18.65999984741211,19.25,19.25,26580
2024-11-07,19.13409996032715,19.459999084472656,19.014999389648438,19.450000762939453,19.450000762939453,15364
2024-11-08,19.499900817871094,19.545000076293945,19.399999618530273,19.540000915527344,19.540000915527344,7563
2024-11-11,19.5,19.5,19.059999465942383,19.190000534057617,19.190000534057617,18672
2024-11-12,19.079999923706055,19.229999542236328,18.799999237060547,18.989999771118164,18.989999771118164,15142
2024-11-13,19.154399871826172,19.154399871826172,18.809999465942383,19.020000457763672,19.020000457763672,14064
2024-11-14,18.979999542236328,19.003799438476562,18.600000381469727,18.639999389648438,18.639999389648438,19636
2024-11-15,18.729999542236328,18.90999984741211,18.600000381469727,18.799999237060547,18.799999237060547,12277
