Date,Open,High,Low,Close,Adj Close,Volume
1994-03-04,24.0,24.0,22.875,24.0,24.0,17950
1994-03-07,23.5,25.375,23.5,25.375,25.375,68100
1994-03-08,24.5,25.25,24.0,24.75,24.75,9250
1994-03-09,24.0,24.0,24.0,24.0,24.0,125
1994-03-10,24.0,24.5,24.0,24.5,24.5,14375
1994-03-11,24.0,24.5,24.0,24.5,24.5,1375
1994-03-14,24.5,24.5,24.5,24.5,24.5,25
1994-03-15,24.0,24.0,24.0,24.0,24.0,75
1994-03-16,24.0,24.125,24.0,24.125,24.125,3625
1994-03-17,24.0,24.0,24.0,24.0,24.0,200
1994-03-18,24.5,24.5,24.5,24.5,24.5,100
1994-03-21,24.25,24.5,24.0,24.0,24.0,950
1994-03-22,24.0,24.5,24.0,24.0,24.0,2400
1994-03-23,24.0,25.5,24.0,25.5,25.5,3450
1994-03-24,24.5,24.5,24.0,24.0,24.0,2275
1994-03-25,25.0,25.0,24.0,24.0,24.0,400
1994-03-28,24.0,24.0,24.0,24.0,24.0,0
1994-03-29,24.0,24.0,24.0,24.0,24.0,225
1994-03-30,24.0,24.5,24.0,24.0,24.0,1000
1994-03-31,25.5,25.5,24.0,24.0,24.0,200
1994-04-04,24.0,24.25,24.0,24.25,24.25,750
1994-04-05,24.0,24.0,24.0,24.0,24.0,250
1994-04-06,25.5,25.5,24.0,24.0,24.0,300
1994-04-07,24.0,24.0,24.0,24.0,24.0,175
1994-04-08,24.0,24.0,24.0,24.0,24.0,1600
1994-04-11,24.0,25.25,24.0,25.25,25.25,600
1994-04-12,25.25,25.25,24.0,25.25,25.25,600
1994-04-13,25.25,25.25,24.0,25.25,25.25,1375
1994-04-14,25.25,25.5,24.0,25.25,25.25,1475
1994-04-15,25.25,25.25,24.0,24.0,24.0,900
1994-04-18,25.25,25.25,24.0,25.25,25.25,4875
1994-04-19,25.25,25.5,25.25,25.25,25.25,4900
1994-04-20,25.25,25.5,24.0,24.5,24.5,12475
1994-04-21,25.25,25.5,24.0,25.25,25.25,7050
1994-04-22,25.25,25.5,24.0,25.5,25.5,2800
1994-04-25,25.5,25.5,24.0,25.5,25.5,2500
1994-04-26,25.0,25.0,24.5,25.0,25.0,1050
1994-04-28,25.0,25.0,24.0,24.0,24.0,1225
1994-04-29,25.0,25.0,25.0,25.0,25.0,825
1994-05-02,25.0,25.5,24.0,25.5,25.5,3750
1994-05-03,25.25,25.25,24.5,24.5,24.5,675
1994-05-04,24.5,25.5,24.5,24.5,24.5,875
1994-05-05,24.5,26.0,24.5,26.0,26.0,775
1994-05-06,24.5,24.75,24.5,24.75,24.75,400
1994-05-09,26.0,26.0,24.5,24.5,24.5,725
1994-05-10,24.5,24.5,24.5,24.5,24.5,875
1994-05-11,24.5,26.75,24.5,25.5,25.5,1850
1994-05-12,25.5,27.0,25.5,26.5,26.5,800
1994-05-13,25.75,25.75,25.5,25.5,25.5,625
1994-05-16,25.5,25.5,25.5,25.5,25.5,350
1994-05-17,25.5,26.5,25.5,25.5,25.5,1425
1994-05-18,25.5,26.5,25.5,25.5,25.5,300
1994-05-19,25.5,25.5,25.5,25.5,25.5,0
1994-05-20,25.5,25.5,25.5,25.5,25.5,425
1994-05-23,25.5,25.5,25.5,25.5,25.5,75
1994-05-24,25.5,25.5,25.5,25.5,25.5,625
1994-05-25,26.5,26.5,25.5,25.5,25.5,1125
1994-05-26,25.5,25.75,25.5,25.5,25.5,3350
1994-05-27,25.5,25.5,25.5,25.5,25.5,400
1994-05-31,25.5,26.5,25.5,25.5,25.5,2250
1994-06-01,26.5,26.5,25.5,25.5,25.5,175
1994-06-02,25.5,26.5,25.5,26.5,26.5,725
1994-06-03,25.5,26.5,25.5,26.5,26.5,150
1994-06-06,26.5,26.5,26.5,26.5,26.5,0
1994-06-07,25.5,25.5,25.5,25.5,25.5,100
1994-06-08,25.5,25.5,25.5,25.5,25.5,50
1994-06-09,25.5,25.5,25.5,25.5,25.5,0
1994-06-10,25.5,25.5,25.5,25.5,25.5,50
1994-06-13,25.5,26.5,25.5,26.5,26.5,1325
1994-06-14,25.5,25.5,25.5,25.5,25.5,350
1994-06-15,25.5,26.5,25.5,26.5,26.5,550
1994-06-16,25.5,25.75,25.5,25.5,25.5,800
1994-06-17,25.5,26.5,25.5,25.5,25.5,900
1994-06-20,25.5,26.5,25.5,26.5,26.5,400
1994-06-21,25.5,25.5,25.5,25.5,25.5,550
1994-06-22,26.5,27.0,26.25,27.0,27.0,4675
1994-06-23,27.0,27.0,26.0,27.0,27.0,2400
1994-06-24,26.5,27.0,26.5,27.0,27.0,750
1994-06-27,26.0,27.0,26.0,27.0,27.0,900
1994-06-28,26.0,27.0,26.0,27.0,27.0,350
1994-06-29,27.0,27.0,27.0,27.0,27.0,1125
1994-06-30,27.0,27.0,27.0,27.0,27.0,12600
1994-07-01,27.0,27.0,26.0,26.0,26.0,850
1994-07-05,26.0,26.25,26.0,26.25,26.25,1400
1994-07-06,26.0,27.0,26.0,27.0,27.0,550
1994-07-07,27.0,27.0,27.0,27.0,27.0,625
1994-07-08,27.0,27.0,26.0,26.0,26.0,575
1994-07-11,26.0,26.5,26.0,26.5,26.5,150
1994-07-12,26.5,26.5,26.5,26.5,26.5,0
1994-07-13,26.5,26.5,26.5,26.5,26.5,0
1994-07-14,26.5,26.5,26.5,26.5,26.5,0
1994-07-15,26.0,26.0,26.0,26.0,26.0,625
1994-07-18,27.0,27.0,26.0,27.0,27.0,2450
1994-07-19,26.0,27.0,26.0,26.0,26.0,1025
1994-07-20,26.0,26.0,26.0,26.0,26.0,175
1994-07-21,27.0,27.0,26.0,26.0,26.0,1250
1994-07-22,26.0,27.0,26.0,27.0,27.0,2550
1994-07-25,27.0,27.0,27.0,27.0,27.0,0
1994-07-26,27.0,27.0,26.0,26.0,26.0,1050
1994-07-27,26.0,26.25,26.0,26.25,26.25,650
1994-07-28,26.0,27.0,26.0,27.0,27.0,675
1994-07-29,26.0,26.0,26.0,26.0,26.0,950
1994-08-01,27.0,27.0,27.0,27.0,27.0,1400
1994-08-02,27.0,27.0,26.0,26.0,26.0,725
1994-08-03,26.0,26.0,26.0,26.0,26.0,0
1994-08-04,26.0,26.0,26.0,26.0,26.0,775
1994-08-05,26.25,26.25,26.0,26.0,26.0,1975
1994-08-08,27.0,27.0,26.0,27.0,27.0,3125
1994-08-09,26.0,26.0,26.0,26.0,26.0,375
1994-08-10,27.0,27.0,27.0,27.0,27.0,200
1994-08-11,27.0,27.0,27.0,27.0,27.0,125
1994-08-12,27.0,27.0,27.0,27.0,27.0,0
1994-08-15,26.0,27.0,26.0,27.0,27.0,1550
1994-08-16,26.0,26.0,26.0,26.0,26.0,325
1994-08-17,27.0,27.0,26.0,26.0,26.0,875
1994-08-18,27.0,27.0,26.0,26.0,26.0,500
1994-08-19,26.0,27.0,26.0,27.0,27.0,1225
1994-08-22,27.0,27.0,26.0,26.0,26.0,600
1994-08-23,26.0,26.0,26.0,26.0,26.0,0
1994-08-24,26.0,26.0,26.0,26.0,26.0,100
1994-08-25,26.0,26.0,26.0,26.0,26.0,125
1994-08-26,26.0,26.0,26.0,26.0,26.0,0
1994-08-29,26.0,26.0,26.0,26.0,26.0,0
1994-08-30,26.0,26.0,26.0,26.0,26.0,0
1994-08-31,26.0,27.0,26.0,27.0,27.0,1225
1994-09-01,26.0,26.0,26.0,26.0,26.0,450
1994-09-02,26.0,26.0,26.0,26.0,26.0,275
1994-09-06,26.0,26.0,26.0,26.0,26.0,300
1994-09-07,26.0,26.25,26.0,26.0,26.0,875
1994-09-08,26.0,26.0,26.0,26.0,26.0,750
1994-09-09,26.0,26.25,26.0,26.25,26.25,500
1994-09-12,27.0,27.0,26.0,26.0,26.0,350
1994-09-13,26.25,26.25,26.25,26.25,26.25,250
1994-09-14,26.0,26.0,26.0,26.0,26.0,200
1994-09-15,26.0,26.0,26.0,26.0,26.0,0
1994-09-16,27.0,27.0,27.0,27.0,27.0,25
1994-09-19,26.0,26.0,26.0,26.0,26.0,75
1994-09-20,26.0,26.0,26.0,26.0,26.0,575
1994-09-21,24.0,27.0,24.0,27.0,27.0,775
1994-09-22,27.0,27.0,27.0,27.0,27.0,125
1994-09-23,24.0,24.0,24.0,24.0,24.0,225
1994-09-26,27.0,27.0,27.0,27.0,27.0,250
1994-09-27,24.0,24.0,24.0,24.0,24.0,750
1994-09-28,24.0,24.25,24.0,24.0,24.0,975
1994-09-29,26.0,27.0,26.0,27.0,27.0,625
1994-09-30,27.0,27.0,27.0,27.0,27.0,0
1994-10-03,24.0,25.75,24.0,25.75,25.75,450
1994-10-04,24.0,24.0,24.0,24.0,24.0,75
1994-10-05,24.0,24.0,24.0,24.0,24.0,250
1994-10-06,24.0,24.0,24.0,24.0,24.0,50
1994-10-07,24.0,24.0,24.0,24.0,24.0,0
1994-10-10,24.0,24.0,24.0,24.0,24.0,275
1994-10-11,24.0,24.0,24.0,24.0,24.0,125
1994-10-12,24.0,24.0,24.0,24.0,24.0,100
1994-10-13,24.0,24.0,24.0,24.0,24.0,125
1994-10-14,24.0,24.0,24.0,24.0,24.0,125
1994-10-17,24.25,24.25,24.0,24.25,24.25,1575
1994-10-18,24.0,24.0,24.0,24.0,24.0,25
1994-10-19,24.0,25.75,24.0,25.0,25.0,3050
1994-10-20,24.0,24.0,24.0,24.0,24.0,200
1994-10-21,24.0,26.0,24.0,24.25,24.25,2750
1994-10-24,26.0,26.0,26.0,26.0,26.0,375
1994-10-25,26.0,26.0,24.0,24.0,24.0,1000
1994-10-26,24.0,24.0,24.0,24.0,24.0,525
1994-10-27,24.0,26.0,24.0,26.0,26.0,650
1994-10-28,24.0,24.0,24.0,24.0,24.0,225
1994-10-31,24.0,24.0,24.0,24.0,24.0,375
1994-11-01,24.0,24.0,24.0,24.0,24.0,2625
1994-11-02,24.0,24.0,24.0,24.0,24.0,75
1994-11-03,24.0,24.0,24.0,24.0,24.0,0
1994-11-04,24.0,24.0,24.0,24.0,24.0,50
1994-11-07,24.0,24.0,24.0,24.0,24.0,825
1994-11-08,26.0,26.0,24.0,24.0,24.0,200
1994-11-09,24.0,24.0,24.0,24.0,24.0,0
1994-11-10,25.25,25.25,25.25,25.25,25.25,500
1994-11-11,24.5,25.25,24.0,25.25,25.25,1975
1994-11-14,25.25,25.25,25.25,25.25,25.25,0
1994-11-15,24.0,24.25,24.0,24.25,24.25,1050
1994-11-16,24.0,26.0,24.0,24.0,24.0,625
1994-11-17,24.0,24.25,24.0,24.25,24.25,550
1994-11-18,24.25,24.25,24.0,24.0,24.0,750
1994-11-21,24.0,24.0,24.0,24.0,24.0,50
1994-11-22,24.0,24.0,24.0,24.0,24.0,425
1994-11-23,24.0,24.0,24.0,24.0,24.0,500
1994-11-25,24.0,24.0,24.0,24.0,24.0,0
1994-11-28,24.0,24.25,24.0,24.25,24.25,625
1994-11-29,24.0,24.0,24.0,24.0,24.0,275
1994-11-30,24.0,24.0,24.0,24.0,24.0,200
1994-12-01,24.0,24.0,24.0,24.0,24.0,0
1994-12-02,24.0,24.0,24.0,24.0,24.0,350
1994-12-05,24.0,24.0,24.0,24.0,24.0,650
1994-12-06,24.0,24.0,24.0,24.0,24.0,600
1994-12-07,24.0,24.0,24.0,24.0,24.0,250
1994-12-08,24.0,24.0,24.0,24.0,24.0,200
1994-12-09,24.0,24.0,24.0,24.0,24.0,125
1994-12-12,24.0,26.0,24.0,24.0,24.0,2425
1994-12-13,24.0,24.0,24.0,24.0,24.0,375
1994-12-14,25.25,26.0,24.0,24.0,24.0,1775
1994-12-15,24.25,24.25,24.25,24.25,24.25,375
1994-12-16,24.0,24.0,24.0,24.0,24.0,3000
1994-12-19,24.0,24.25,24.0,24.25,24.25,1600
1994-12-20,24.0,24.0,24.0,24.0,24.0,300
1994-12-21,25.5,25.5,25.5,25.5,25.5,125
1994-12-22,24.0,24.0,24.0,24.0,24.0,300
1994-12-23,24.0,24.25,24.0,24.25,24.25,1825
1994-12-27,24.0,24.0,24.0,24.0,24.0,125
1994-12-28,24.5,24.5,24.5,24.5,24.5,800
1994-12-29,24.0,24.0,24.0,24.0,24.0,125
1994-12-30,24.0,24.0,24.0,24.0,24.0,875
1995-01-03,24.0,24.0,24.0,24.0,24.0,300
1995-01-04,24.0,24.0,24.0,24.0,24.0,0
1995-01-05,24.0,25.0,24.0,24.0,24.0,875
1995-01-06,24.0,24.0,24.0,24.0,24.0,450
1995-01-09,24.0,24.0,22.0,23.0,23.0,2300
1995-01-10,22.0,22.5,21.5,22.5,22.5,1900
1995-01-11,22.5,22.5,22.5,22.5,22.5,0
1995-01-12,23.0,23.0,23.0,23.0,23.0,2500
1995-01-13,21.5,21.5,21.5,21.5,21.5,125
1995-01-16,21.5,21.5,21.5,21.5,21.5,0
1995-01-17,21.5,21.5,21.5,21.5,21.5,0
1995-01-18,21.5,21.5,21.5,21.5,21.5,0
1995-01-19,21.5,21.5,21.5,21.5,21.5,300
1995-01-20,21.5,21.5,21.5,21.5,21.5,200
1995-01-23,21.5,21.5,21.5,21.5,21.5,0
1995-01-24,21.5,21.5,21.5,21.5,21.5,250
1995-01-25,21.5,21.5,21.5,21.5,21.5,250
1995-01-26,21.5,21.5,21.5,21.5,21.5,0
1995-01-27,21.5,23.0,21.5,23.0,23.0,775
1995-01-30,21.5,21.5,21.5,21.5,21.5,75
1995-01-31,21.5,21.5,21.5,21.5,21.5,500
1995-02-01,21.5,21.5,21.5,21.5,21.5,100
1995-02-02,21.5,21.5,21.5,21.5,21.5,150
1995-02-03,21.5,21.5,21.5,21.5,21.5,150
1995-02-06,21.5,21.5,21.5,21.5,21.5,575
1995-02-07,21.5,21.5,21.5,21.5,21.5,0
1995-02-08,23.0,23.0,23.0,23.0,23.0,250
1995-02-09,21.5,21.5,21.5,21.5,21.5,250
1995-02-10,21.5,21.5,21.5,21.5,21.5,0
1995-02-13,21.5,21.5,21.5,21.5,21.5,400
1995-02-14,23.0,23.0,23.0,23.0,23.0,150
1995-02-15,21.5,23.0,21.5,23.0,23.0,325
1995-02-16,23.0,23.0,23.0,23.0,23.0,0
1995-02-17,23.0,23.0,23.0,23.0,23.0,0
1995-02-21,23.0,23.0,23.0,23.0,23.0,0
1995-02-22,23.0,23.0,23.0,23.0,23.0,125
1995-02-23,23.0,23.0,23.0,23.0,23.0,125
1995-02-24,23.0,23.0,23.0,23.0,23.0,0
1995-02-27,22.0,22.0,22.0,22.0,22.0,125
1995-02-28,22.0,22.0,22.0,22.0,22.0,275
1995-03-01,22.0,22.0,22.0,22.0,22.0,0
1995-03-02,22.0,22.0,22.0,22.0,22.0,100
1995-03-03,23.0,23.0,22.0,22.0,22.0,725
1995-03-06,23.0,23.0,23.0,23.0,23.0,250
1995-03-07,22.0,22.0,22.0,22.0,22.0,1200
1995-03-08,22.0,22.0,21.5,21.5,21.5,2050
1995-03-09,21.5,21.5,21.5,21.5,21.5,0
1995-03-10,21.5,21.5,21.5,21.5,21.5,0
1995-03-13,21.5,22.0,21.5,21.5,21.5,2250
1995-03-14,21.5,21.5,21.5,21.5,21.5,0
1995-03-15,21.0,21.0,21.0,21.0,21.0,75
1995-03-16,21.0,21.0,21.0,21.0,21.0,0
1995-03-17,21.0,21.0,21.0,21.0,21.0,0
1995-03-20,21.0,21.0,21.0,21.0,21.0,50
1995-03-21,21.0,21.0,21.0,21.0,21.0,150
1995-03-22,21.0,21.0,21.0,21.0,21.0,375
1995-03-23,21.0,21.0,21.0,21.0,21.0,75
1995-03-24,21.0,22.0,21.0,22.0,22.0,525
1995-03-27,21.0,21.0,21.0,21.0,21.0,575
1995-03-28,21.0,21.25,21.0,21.25,21.25,625
1995-03-29,20.5,20.5,20.5,20.5,20.5,675
1995-03-30,20.5,20.5,20.5,20.5,20.5,125
1995-03-31,20.75,20.75,20.75,20.75,20.75,150
1995-04-03,20.5,20.5,20.5,20.5,20.5,750
1995-04-04,20.5,20.5,20.5,20.5,20.5,300
1995-04-05,20.5,20.5,20.5,20.5,20.5,0
1995-04-06,20.5,20.5,20.5,20.5,20.5,975
1995-04-07,20.5,20.5,20.5,20.5,20.5,500
1995-04-10,20.5,20.5,20.5,20.5,20.5,875
1995-04-11,23.0,23.0,23.0,23.0,23.0,75
1995-04-12,23.0,23.0,23.0,23.0,23.0,25
1995-04-13,20.5,20.75,20.5,20.5,20.5,3025
1995-04-17,20.5,20.5,20.5,20.5,20.5,275
1995-04-18,20.5,20.5,20.5,20.5,20.5,400
1995-04-19,20.5,20.5,20.5,20.5,20.5,100
1995-04-20,20.75,20.75,20.75,20.75,20.75,125
1995-04-21,20.5,21.5,20.5,20.5,20.5,1525
1995-04-24,20.5,20.5,20.5,20.5,20.5,475
1995-04-25,20.5,20.5,20.5,20.5,20.5,50
1995-04-26,20.5,20.5,20.5,20.5,20.5,25
1995-04-27,21.5,21.5,20.5,20.5,20.5,475
1995-04-28,20.5,20.5,20.5,20.5,20.5,75
1995-05-01,20.5,21.5,20.5,21.5,21.5,150
1995-05-02,21.5,21.5,21.5,21.5,21.5,0
1995-05-03,20.5,20.5,20.5,20.5,20.5,125
1995-05-04,21.5,21.5,21.5,21.5,21.5,500
1995-05-05,20.5,20.5,20.5,20.5,20.5,125
1995-05-08,20.5,20.75,20.5,20.75,20.75,400
1995-05-09,21.0,21.0,20.5,21.0,21.0,925
1995-05-10,20.5,20.75,20.5,20.75,20.75,475
1995-05-11,20.5,20.5,20.5,20.5,20.5,25
1995-05-12,21.5,21.5,21.5,21.5,21.5,125
1995-05-15,20.5,22.0,20.5,20.5,20.5,6725
1995-05-16,20.5,24.0,20.5,24.0,24.0,5675
1995-05-17,26.0,26.0,24.5,24.5,24.5,550
1995-05-18,24.5,26.0,24.5,24.5,24.5,950
1995-05-19,24.5,24.5,24.5,24.5,24.5,175
1995-05-22,24.5,24.5,24.5,24.5,24.5,0
1995-05-23,24.5,24.5,24.5,24.5,24.5,0
1995-05-24,24.5,24.5,24.5,24.5,24.5,0
1995-05-25,24.5,24.5,24.5,24.5,24.5,0
1995-05-26,23.5,24.0,23.5,24.0,24.0,250
1995-05-30,24.0,24.0,24.0,24.0,24.0,0
1995-05-31,25.5,26.0,25.5,26.0,26.0,1250
1995-06-01,26.0,26.0,26.0,26.0,26.0,75
1995-06-02,26.0,27.0,26.0,27.0,27.0,1000
1995-06-05,26.0,26.25,26.0,26.0,26.0,1750
1995-06-06,26.0,29.5,26.0,28.0,28.0,2150
1995-06-07,28.0,28.0,28.0,28.0,28.0,1425
1995-06-08,29.0,29.5,29.0,29.5,29.5,950
1995-06-09,28.0,28.0,28.0,28.0,28.0,500
1995-06-12,28.0,28.0,28.0,28.0,28.0,1600
1995-06-13,28.0,28.0,28.0,28.0,28.0,125
1995-06-14,28.0,28.0,28.0,28.0,28.0,200
1995-06-15,29.5,29.5,28.0,28.0,28.0,800
1995-06-16,28.0,28.0,28.0,28.0,28.0,0
1995-06-19,28.0,28.0,28.0,28.0,28.0,200
1995-06-20,28.0,28.25,28.0,28.0,28.0,2050
1995-06-21,28.0,28.0,28.0,28.0,28.0,0
1995-06-22,28.0,28.0,28.0,28.0,28.0,300
1995-06-23,28.0,28.0,28.0,28.0,28.0,2125
1995-06-26,28.0,28.0,28.0,28.0,28.0,275
1995-06-27,28.0,29.5,28.0,29.5,29.5,1450
1995-06-28,28.0,28.125,28.0,28.125,28.125,475
1995-06-29,28.125,28.125,28.125,28.125,28.125,0
1995-06-30,28.0,28.0,28.0,28.0,28.0,125
1995-07-03,28.0,28.0,28.0,28.0,28.0,0
1995-07-05,28.0,28.0,28.0,28.0,28.0,25
1995-07-06,28.0,28.0,28.0,28.0,28.0,0
1995-07-07,28.0,28.0,28.0,28.0,28.0,125
1995-07-10,28.0,28.0,28.0,28.0,28.0,50
1995-07-11,28.0,28.0,28.0,28.0,28.0,750
1995-07-12,28.0,28.0,28.0,28.0,28.0,25
1995-07-13,28.0,28.0,28.0,28.0,28.0,1175
1995-07-14,28.0,28.0,28.0,28.0,28.0,175
1995-07-17,29.5,29.5,28.0,28.0,28.0,800
1995-07-18,28.0,28.125,28.0,28.0,28.0,725
1995-07-19,28.0,28.0,28.0,28.0,28.0,1925
1995-07-20,29.5,29.5,28.0,28.0,28.0,750
1995-07-21,28.0,28.0,28.0,28.0,28.0,50
1995-07-24,28.0,29.5,28.0,28.0,28.0,2675
1995-07-25,28.0,28.0,28.0,28.0,28.0,2575
1995-07-26,28.0,28.5,27.0,27.0,27.0,2750
1995-07-27,27.5,27.5,27.0,27.0,27.0,1700
1995-07-28,27.0,27.0,27.0,27.0,27.0,0
1995-07-31,27.0,27.0,27.0,27.0,27.0,1150
1995-08-01,28.25,28.25,28.25,28.25,28.25,500
1995-08-02,27.0,27.0,27.0,27.0,27.0,3075
1995-08-03,26.5,27.0,26.5,27.0,27.0,450
1995-08-04,27.0,27.0,27.0,27.0,27.0,0
1995-08-07,29.5,29.5,27.0,27.0,27.0,2125
1995-08-08,29.5,29.5,29.25,29.25,29.25,2975
1995-08-09,29.25,29.25,27.0,27.0,27.0,575
1995-08-10,29.5,30.0,29.5,30.0,30.0,14925
1995-08-11,28.0,29.5,28.0,29.5,29.5,1150
1995-08-14,29.5,29.5,29.5,29.5,29.5,0
1995-08-15,29.5,29.5,28.0,29.5,29.5,14825
1995-08-16,28.0,28.0,28.0,28.0,28.0,250
1995-08-17,28.0,31.0,28.0,30.0,30.0,7275
1995-08-18,28.0,28.5,28.0,28.0,28.0,9575
1995-08-21,28.0,28.0,27.0,27.0,27.0,5500
1995-08-22,28.0,28.0,28.0,28.0,28.0,50
1995-08-23,25.0,25.0,25.0,25.0,25.0,700
1995-08-24,25.0,25.0,25.0,25.0,25.0,125
1995-08-25,25.0,25.25,25.0,25.0,25.0,600
1995-08-28,25.0,25.0,25.0,25.0,25.0,125
1995-08-29,25.25,25.25,25.25,25.25,25.25,2200
1995-08-30,25.25,25.25,25.25,25.25,25.25,0
1995-08-31,25.5,27.0,25.5,27.0,27.0,550
1995-09-01,26.0,26.0,26.0,26.0,26.0,125
1995-09-05,26.0,26.0,26.0,26.0,26.0,0
1995-09-06,26.0,26.125,26.0,26.0,26.0,5075
1995-09-07,26.0,26.0,26.0,26.0,26.0,1575
1995-09-08,26.0,26.0,26.0,26.0,26.0,0
1995-09-11,26.0,26.0,26.0,26.0,26.0,0
1995-09-12,26.0,28.5,26.0,28.5,28.5,150
1995-09-13,26.0,26.25,26.0,26.25,26.25,650
1995-09-14,26.0,28.5,26.0,28.5,28.5,4125
1995-09-15,28.5,28.5,28.5,28.5,28.5,0
1995-09-18,28.5,28.5,28.5,28.5,28.5,0
1995-09-19,28.5,28.5,28.5,28.5,28.5,500
1995-09-20,26.0,28.5,26.0,28.5,28.5,2025
1995-09-21,28.5,28.5,26.0,28.25,28.25,1625
1995-09-22,26.5,26.5,26.5,26.5,26.5,325
1995-09-25,29.0,29.0,29.0,29.0,29.0,350
1995-09-26,26.0,26.25,26.0,26.0,26.0,1175
1995-09-27,26.0,26.0,26.0,26.0,26.0,50
1995-09-28,26.0,26.0,26.0,26.0,26.0,100
1995-09-29,26.0,29.0,26.0,29.0,29.0,2150
1995-10-02,29.0,29.0,26.0,29.0,29.0,1625
1995-10-03,29.0,29.0,28.0,28.0,28.0,450
1995-10-04,28.0,28.0,28.0,28.0,28.0,0
1995-10-05,29.0,29.0,26.0,26.0,26.0,1650
1995-10-06,26.0,28.0,26.0,28.0,28.0,625
1995-10-09,29.0,29.5,26.5,26.5,26.5,850
1995-10-10,26.75,26.75,26.5,26.5,26.5,2175
1995-10-11,26.5,29.5,26.5,26.75,26.75,1850
1995-10-12,26.5,26.5,26.5,26.5,26.5,475
1995-10-13,29.5,29.5,26.5,26.75,26.75,800
1995-10-16,29.5,29.5,26.5,26.5,26.5,450
1995-10-17,26.5,26.5,26.5,26.5,26.5,0
1995-10-18,26.5,26.5,26.5,26.5,26.5,500
1995-10-19,26.75,26.75,26.75,26.75,26.75,500
1995-10-20,26.5,28.0,26.5,28.0,28.0,3575
1995-10-23,29.5,29.5,26.5,28.0,28.0,775
1995-10-24,26.5,26.75,26.5,26.5,26.5,2950
1995-10-25,28.5,28.5,28.5,28.5,28.5,300
1995-10-26,28.5,28.5,28.5,28.5,28.5,0
1995-10-27,26.5,26.5,26.5,26.5,26.5,125
1995-10-30,26.5,26.5,26.5,26.5,26.5,0
1995-10-31,26.5,26.5,26.5,26.5,26.5,250
1995-11-01,26.5,26.5,26.5,26.5,26.5,50
1995-11-02,26.5,26.5,26.5,26.5,26.5,0
1995-11-03,26.5,26.5,26.5,26.5,26.5,0
1995-11-06,26.5,26.5,26.5,26.5,26.5,0
1995-11-07,26.5,26.5,26.5,26.5,26.5,75
1995-11-08,26.5,26.5,26.5,26.5,26.5,0
1995-11-09,26.5,26.5,26.5,26.5,26.5,25
1995-11-10,26.5,26.5,26.5,26.5,26.5,250
1995-11-13,26.5,26.5,26.5,26.5,26.5,350
1995-11-14,26.5,26.5,26.5,26.5,26.5,1250
1995-11-15,26.5,26.5,26.5,26.5,26.5,775
1995-11-16,26.75,26.75,26.5,26.5,26.5,300
1995-11-17,26.5,26.5,26.5,26.5,26.5,375
1995-11-20,26.5,26.5,26.5,26.5,26.5,200
1995-11-21,26.5,26.5,26.5,26.5,26.5,475
1995-11-22,26.5,26.5,26.5,26.5,26.5,75
1995-11-24,26.5,26.5,26.5,26.5,26.5,0
1995-11-27,26.5,26.5,26.5,26.5,26.5,725
1995-11-28,26.5,26.5,26.5,26.5,26.5,75
1995-11-29,26.5,26.5,26.5,26.5,26.5,325
1995-11-30,26.5,26.5,26.5,26.5,26.5,175
1995-12-01,26.5,26.5,26.5,26.5,26.5,325
1995-12-04,26.5,26.5,26.5,26.5,26.5,675
1995-12-05,26.5,29.5,26.5,26.5,26.5,450
1995-12-06,26.5,29.5,26.5,29.5,29.5,350
1995-12-07,29.5,29.5,29.5,29.5,29.5,0
1995-12-08,26.5,26.5,26.5,26.5,26.5,200
1995-12-11,26.5,26.5,26.5,26.5,26.5,75
1995-12-12,26.5,26.5,26.5,26.5,26.5,0
1995-12-13,26.0,26.0,26.0,26.0,26.0,125
1995-12-14,26.0,26.0,25.5,25.5,25.5,700
1995-12-15,23.5,23.5,23.5,23.5,23.5,700
1995-12-18,23.25,23.25,22.5,22.5,22.5,1350
1995-12-19,22.5,22.5,22.25,22.25,22.25,4375
1995-12-20,25.0,25.0,22.0,22.0,22.0,2300
1995-12-21,22.0,22.0,22.0,22.0,22.0,450
1995-12-22,22.0,22.0,22.0,22.0,22.0,0
1995-12-26,25.5,25.5,25.5,25.5,25.5,250
1995-12-27,25.5,25.5,25.5,25.5,25.5,2500
1995-12-28,22.0,22.0,22.0,22.0,22.0,350
1995-12-29,22.0,22.0,22.0,22.0,22.0,150
1996-01-02,21.0,21.0,21.0,21.0,21.0,250
1996-01-03,22.0,22.25,22.0,22.25,22.25,1100
1996-01-04,22.25,22.25,22.0,22.0,22.0,325
1996-01-05,22.0,22.0,22.0,22.0,22.0,125
1996-01-08,22.0,22.0,22.0,22.0,22.0,125
1996-01-09,22.0,22.0,22.0,22.0,22.0,200
1996-01-10,22.0,22.0,22.0,22.0,22.0,1400
1996-01-11,26.0,28.5,26.0,28.5,28.5,54700
1996-01-12,28.5,28.5,27.0,28.5,28.5,14950
1996-01-15,28.5,28.5,27.0,28.5,28.5,5900
1996-01-16,28.5,31.0,27.0,31.0,31.0,9200
1996-01-17,29.0,29.0,29.0,29.0,29.0,650
1996-01-18,29.0,31.0,27.0,27.0,27.0,8900
1996-01-19,26.5,29.0,26.0,26.5,26.5,8950
1996-01-22,26.5,26.5,26.5,26.5,26.5,250
1996-01-23,26.5,26.5,26.5,26.5,26.5,0
1996-01-24,26.0,26.0,26.0,26.0,26.0,50
1996-01-25,26.0,26.0,26.0,26.0,26.0,0
1996-01-26,26.0,26.0,26.0,26.0,26.0,25
1996-01-29,28.5,28.5,26.0,26.0,26.0,550
1996-01-30,29.0,29.0,28.0,28.0,28.0,775
1996-01-31,27.5,27.5,27.5,27.5,27.5,900
1996-02-01,28.5,28.5,26.5,26.5,26.5,2875
1996-02-02,26.5,26.5,26.5,26.5,26.5,225
1996-02-05,26.5,26.5,26.0,26.0,26.0,50
1996-02-06,26.0,26.0,26.0,26.0,26.0,0
1996-02-07,26.0,29.0,26.0,29.0,29.0,675
1996-02-08,29.0,31.5,29.0,29.0,29.0,2475
1996-02-09,29.0,33.5,29.0,33.0,33.0,56800
1996-02-12,31.0,34.0,31.0,34.0,34.0,7375
1996-02-13,32.0,32.0,32.0,32.0,32.0,450
1996-02-14,32.0,34.0,32.0,32.0,32.0,875
1996-02-15,32.0,34.5,32.0,34.5,34.5,2250
1996-02-16,32.0,35.0,32.0,33.0,33.0,775
1996-02-20,32.0,32.0,32.0,32.0,32.0,250
1996-02-21,32.0,32.0,32.0,32.0,32.0,250
1996-02-22,32.0,34.5,32.0,32.0,32.0,1075
1996-02-23,32.0,34.0,32.0,34.0,34.0,1850
1996-02-26,34.0,36.0,34.0,36.0,36.0,8700
1996-02-27,34.0,34.25,34.0,34.0,34.0,17050
1996-02-28,34.0,34.0,34.0,34.0,34.0,425
1996-02-29,34.0,36.0,34.0,36.0,36.0,27175
1996-03-01,36.0,36.0,36.0,36.0,36.0,2425
1996-03-04,35.5,35.5,35.5,35.5,35.5,300
1996-03-05,38.5,38.5,35.0,35.0,35.0,1850
1996-03-06,35.0,35.0,35.0,35.0,35.0,450
1996-03-07,35.0,37.0,35.0,36.0,36.0,13050
1996-03-08,36.0,36.5,36.0,36.5,36.5,575
1996-03-11,36.5,36.5,36.0,36.5,36.5,700
1996-03-12,36.5,36.5,36.0,36.0,36.0,4300
1996-03-13,36.0,37.5,36.0,37.5,37.5,45300
1996-03-14,37.0,37.5,36.0,37.0,37.0,10275
1996-03-15,36.0,37.5,36.0,37.0,37.0,4725
1996-03-18,37.0,37.0,36.0,37.0,37.0,8925
1996-03-19,37.0,37.0,37.0,37.0,37.0,4800
1996-03-20,37.0,37.0,36.0,37.0,37.0,11250
1996-03-21,37.0,37.0,36.0,37.0,37.0,5750
1996-03-22,36.0,37.0,36.0,36.0,36.0,2600
1996-03-25,38.5,38.5,36.0,38.5,38.5,2850
1996-03-26,38.5,38.5,36.0,38.5,38.5,2125
1996-03-27,36.0,39.0,36.0,39.0,39.0,5125
1996-03-28,36.0,38.5,36.0,38.5,38.5,325
1996-03-29,38.5,38.5,36.0,36.0,36.0,12800
1996-04-01,37.5,37.5,36.0,36.0,36.0,1325
1996-04-02,36.0,37.75,36.0,37.75,37.75,14625
1996-04-03,36.0,37.75,36.0,37.5,37.5,3900
1996-04-04,36.0,39.0,36.0,36.0,36.0,2200
1996-04-08,36.0,37.75,36.0,37.75,37.75,900
1996-04-09,36.0,37.75,36.0,36.0,36.0,5400
1996-04-10,37.75,37.75,36.0,36.25,36.25,3950
1996-04-11,36.0,37.75,36.0,36.0,36.0,1950
1996-04-12,36.0,37.75,36.0,37.75,37.75,7250
1996-04-15,36.0,37.75,36.0,36.0,36.0,3000
1996-04-16,37.75,37.75,36.0,37.75,37.75,4200
1996-04-17,37.75,37.75,36.0,37.75,37.75,10050
1996-04-18,37.75,37.75,36.0,37.75,37.75,5375
1996-04-19,36.0,37.75,36.0,37.75,37.75,9175
1996-04-22,37.75,37.75,36.0,37.75,37.75,7100
1996-04-23,37.75,37.75,36.0,37.75,37.75,2075
1996-04-24,37.75,37.75,36.0,37.75,37.75,3300
1996-04-25,37.75,38.5,36.0,37.75,37.75,4425
1996-04-26,36.0,37.75,36.0,37.75,37.75,6975
1996-04-29,37.75,37.75,36.0,37.75,37.75,3350
1996-04-30,37.75,37.75,36.0,37.75,37.75,3850
1996-05-01,37.75,37.75,36.0,37.75,37.75,950
1996-05-02,36.0,37.75,36.0,36.25,36.25,2175
1996-05-03,37.75,38.5,36.0,36.0,36.0,1725
1996-05-06,36.0,37.75,36.0,36.0,36.0,775
1996-05-07,36.0,37.75,36.0,36.0,36.0,650
1996-05-08,38.5,38.5,36.0,37.75,37.75,2425
1996-05-09,37.75,37.75,36.0,36.0,36.0,625
1996-05-10,36.0,37.75,36.0,36.0,36.0,2475
1996-05-13,36.0,37.75,36.0,37.75,37.75,1700
1996-05-14,37.75,37.75,36.0,36.0,36.0,9125
1996-05-15,37.0,37.0,36.0,36.0,36.0,7450
1996-05-16,36.0,36.25,36.0,36.0,36.0,3450
1996-05-17,37.75,37.75,36.0,37.75,37.75,4225
1996-05-20,36.0,37.75,36.0,36.0,36.0,8600
1996-05-21,37.75,37.75,36.0,37.75,37.75,2775
1996-05-22,37.75,38.5,36.0,37.75,37.75,2300
1996-05-23,36.0,37.75,36.0,37.75,37.75,5325
1996-05-24,36.0,37.75,36.0,36.0,36.0,2275
1996-05-28,36.0,37.75,36.0,37.75,37.75,3375
1996-05-29,37.75,37.75,36.0,37.75,37.75,6325
1996-05-30,37.75,37.75,36.0,36.0,36.0,11675
1996-05-31,37.75,37.75,36.0,37.75,37.75,11825
1996-06-03,37.75,37.75,36.0,37.0,37.0,7050
1996-06-04,37.75,38.5,36.0,37.75,37.75,9300
1996-06-05,37.75,38.5,36.0,37.75,37.75,7900
1996-06-06,37.75,37.75,36.0,37.75,37.75,11275
1996-06-07,37.75,37.75,36.0,37.75,37.75,10925
1996-06-10,37.75,37.75,36.0,37.75,37.75,6650
1996-06-11,37.75,37.75,36.0,37.75,37.75,9100
1996-06-12,37.75,38.5,36.0,37.75,37.75,30600
1996-06-13,37.75,37.75,36.0,36.25,36.25,11775
1996-06-14,37.75,37.75,28.0,36.0,36.0,51225
1996-06-17,36.0,37.75,36.0,37.75,37.75,6125
1996-06-18,37.75,38.5,36.0,37.75,37.75,5075
1996-06-19,37.75,38.5,36.0,37.75,37.75,8125
1996-06-20,38.5,38.5,36.0,37.75,37.75,4800
1996-06-21,36.0,37.75,36.0,36.0,36.0,9600
1996-06-24,38.5,38.5,36.0,37.75,37.75,3800
1996-06-25,38.5,38.5,36.0,37.75,37.75,7925
1996-06-26,36.0,38.5,36.0,37.5,37.5,5575
1996-06-27,37.75,37.75,28.0,36.0,36.0,26250
1996-06-28,37.75,38.5,36.0,36.0,36.0,5325
1996-07-01,36.5,37.75,36.0,36.0,36.0,7300
1996-07-02,37.75,37.75,36.0,37.0,37.0,5850
1996-07-03,37.75,37.75,36.0,37.0,37.0,5300
1996-07-05,36.0,36.0,36.0,36.0,36.0,325
1996-07-08,37.75,37.75,36.0,37.75,37.75,1175
1996-07-09,36.0,37.75,36.0,36.0,36.0,4175
1996-07-10,36.0,37.75,36.0,37.75,37.75,3875
1996-07-11,36.0,37.75,36.0,36.25,36.25,7000
1996-07-12,36.0,38.5,36.0,37.75,37.75,10625
1996-07-15,36.0,37.75,35.0,35.0,35.0,4700
1996-07-16,37.75,37.75,34.5,36.0,36.0,4250
1996-07-17,37.75,37.75,34.0,37.5,37.5,5750
1996-07-18,37.5,37.5,34.0,34.0,34.0,7900
1996-07-19,34.0,37.5,34.0,37.5,37.5,8100
1996-07-22,34.0,37.5,34.0,37.5,37.5,11025
1996-07-23,37.5,37.5,34.0,37.5,37.5,2425
1996-07-24,37.5,37.5,34.0,34.25,34.25,3175
1996-07-25,37.5,37.5,34.0,37.5,37.5,4525
1996-07-26,34.0,35.75,34.0,34.0,34.0,4775
1996-07-29,37.5,37.5,34.0,35.75,35.75,2450
1996-07-30,35.75,35.75,34.0,34.0,34.0,2975
1996-07-31,35.75,37.5,34.0,37.5,37.5,10650
1996-08-01,34.0,37.5,34.0,35.75,35.75,55975
1996-08-02,35.75,37.5,34.0,37.0,37.0,7775
1996-08-05,37.0,37.0,34.0,34.0,34.0,2000
1996-08-06,37.0,37.5,34.0,34.0,34.0,18050
1996-08-07,37.0,37.0,34.0,34.0,34.0,18850
1996-08-08,37.0,37.5,34.0,34.0,34.0,23350
1996-08-09,37.0,37.0,34.0,37.0,37.0,1450
1996-08-12,37.0,37.5,34.0,37.0,37.0,3175
1996-08-13,37.0,37.0,34.0,37.0,37.0,5825
1996-08-14,37.0,37.5,34.0,37.0,37.0,4500
1996-08-15,34.0,37.0,34.0,34.25,34.25,8975
1996-08-16,37.0,37.0,34.0,34.0,34.0,3850
1996-08-19,34.0,37.0,34.0,37.0,37.0,2225
1996-08-20,37.0,37.0,34.0,36.5,36.5,6675
1996-08-21,36.5,37.0,34.0,34.0,34.0,9975
1996-08-22,36.5,36.5,33.0,33.0,33.0,18325
1996-08-23,33.0,36.0,33.0,33.0,33.0,4400
1996-08-26,34.0,34.0,31.0,34.0,34.0,8350
1996-08-27,34.0,34.0,31.0,33.0,33.0,3725
1996-08-28,33.0,33.0,28.0,31.0,31.0,16425
1996-08-29,31.0,34.0,31.0,31.0,31.0,8500
1996-08-30,33.0,33.0,31.0,31.0,31.0,7350
1996-09-03,31.0,31.0,30.5,30.75,30.75,4950
1996-09-04,30.5,33.0,30.5,30.75,30.75,7700
1996-09-05,32.0,32.0,30.5,31.0,31.0,3475
1996-09-06,32.0,32.0,30.5,30.75,30.75,1600
1996-09-09,32.0,32.0,30.5,32.0,32.0,2050
1996-09-10,32.0,33.875,30.5,32.0,32.0,15375
1996-09-11,32.0,32.0,30.0,30.0,30.0,12750
1996-09-12,32.0,33.0,30.0,32.0,32.0,6525
1996-09-13,32.0,32.0,30.0,32.0,32.0,4900
1996-09-16,30.0,32.0,30.0,32.0,32.0,725
1996-09-17,32.0,33.0,30.0,32.0,32.0,8825
1996-09-18,30.0,33.0,30.0,30.0,30.0,4550
1996-09-19,32.0,32.5,30.0,30.0,30.0,5875
1996-09-20,32.0,32.0,30.0,31.5,31.5,6675
1996-09-23,30.0,32.0,30.0,30.0,30.0,9900
1996-09-24,31.5,32.0,26.5,26.5,26.5,7350
1996-09-25,26.0,30.0,26.0,29.0,29.0,12100
1996-09-26,29.0,29.0,26.0,28.5,28.5,9400
1996-09-27,26.0,28.5,26.0,26.0,26.0,2050
1996-09-30,28.5,28.5,26.0,26.0,26.0,10000
1996-10-01,26.0,28.5,26.0,26.0,26.0,2600
1996-10-02,28.5,28.5,25.0,25.0,25.0,20400
1996-10-03,25.0,27.0,25.0,27.0,27.0,7875
1996-10-04,25.0,27.0,25.0,27.0,27.0,8050
1996-10-07,25.0,27.0,25.0,27.0,27.0,1575
1996-10-08,27.0,27.0,22.5,22.5,22.5,7450
1996-10-09,22.5,25.0,22.5,25.0,25.0,25825
1996-10-10,22.5,25.0,22.5,22.5,22.5,7250
1996-10-11,25.0,25.5,22.5,25.5,25.5,2350
1996-10-14,22.5,25.5,22.5,25.5,25.5,4750
1996-10-15,25.5,25.5,22.5,25.5,25.5,4575
1996-10-16,22.5,25.5,22.5,25.5,25.5,16275
1996-10-17,22.5,25.5,22.5,25.5,25.5,5050
1996-10-18,22.5,25.5,22.5,24.0,24.0,30300
1996-10-21,25.5,25.5,22.5,25.5,25.5,1725
1996-10-22,25.5,25.5,22.5,25.5,25.5,3975
1996-10-23,25.5,25.5,22.5,24.5,24.5,6425
1996-10-24,25.5,25.5,22.5,22.5,22.5,5075
1996-10-25,22.5,25.5,22.5,25.5,25.5,2975
1996-10-28,25.5,25.5,22.5,25.5,25.5,9050
1996-10-29,25.5,25.5,22.0,22.0,22.0,6675
1996-10-30,22.0,23.0,22.0,22.0,22.0,2900
1996-10-31,23.5,23.5,22.0,23.0,23.0,4675
1996-11-01,23.0,25.0,22.0,25.0,25.0,8250
1996-11-04,22.125,25.0,22.0,24.5,24.5,2775
1996-11-05,22.0,24.5,22.0,24.5,24.5,7625
1996-11-06,24.5,24.5,22.0,24.5,24.5,3925
1996-11-07,24.5,24.5,22.0,24.0,24.0,11200
1996-11-08,22.0,25.0,22.0,25.0,25.0,31300
1996-11-11,25.0,25.0,22.0,25.0,25.0,3425
1996-11-12,25.0,25.0,22.0,25.0,25.0,4200
1996-11-13,25.0,25.0,22.0,22.0,22.0,8825
1996-11-14,25.0,25.0,22.0,24.0,24.0,22275
1996-11-15,24.0,24.0,22.0,22.0,22.0,2350
1996-11-18,22.0,24.0,22.0,22.0,22.0,6000
1996-11-19,24.0,24.0,21.0,24.0,24.0,5500
1996-11-20,24.0,24.0,21.0,24.0,24.0,5850
1996-11-21,24.0,24.0,21.0,21.0,21.0,5700
1996-11-22,24.0,24.0,21.0,24.0,24.0,2375
1996-11-25,24.0,24.0,21.0,24.0,24.0,2850
1996-11-26,21.0,24.0,21.0,21.0,21.0,3200
1996-11-27,21.0,21.0,21.0,21.0,21.0,1100
1996-11-29,21.0,24.0,21.0,24.0,24.0,15375
1996-12-02,21.0,24.0,21.0,24.0,24.0,4200
1996-12-03,24.0,24.0,21.0,21.0,21.0,1375
1996-12-04,24.0,24.0,21.0,24.0,24.0,1625
1996-12-05,24.0,24.0,21.0,21.0,21.0,5425
1996-12-06,20.0,22.0,18.5,21.0,21.0,7350
1996-12-09,20.0,21.0,20.0,20.0,20.0,6075
1996-12-10,20.0,21.5,20.0,21.5,21.5,17000
1996-12-11,21.5,26.0,20.0,25.0,25.0,31125
1996-12-12,25.0,26.0,22.0,26.0,26.0,32800
1996-12-13,26.0,26.0,23.0,26.0,26.0,7575
1996-12-16,26.0,26.0,24.0,25.0,25.0,3325
1996-12-17,23.25,25.0,23.0,23.0,23.0,2025
1996-12-18,25.0,25.0,22.0,22.0,22.0,12625
1996-12-19,22.0,24.0,22.0,22.0,22.0,6050
1996-12-20,22.0,24.0,22.0,22.0,22.0,1125
1996-12-23,22.0,24.0,22.0,22.25,22.25,6475
1996-12-24,22.0,22.0625,22.0,22.0625,22.0625,1375
1996-12-26,23.5,23.5,22.0,23.5,23.5,3000
1996-12-27,22.0,22.75,22.0,22.0,22.0,1200
1996-12-30,22.0,22.5,20.0,22.5,22.5,4125
1996-12-31,19.5,22.5,19.5,19.5,19.5,1625
1997-01-02,22.5,22.5,19.5,19.5,19.5,1575
1997-01-03,19.5,22.0,19.5,22.0,22.0,2875
1997-01-06,22.0,22.0,22.0,22.0,22.0,1450
1997-01-07,22.0,22.0,19.5,19.5,19.5,2175
1997-01-08,22.0,22.0,19.5,19.5,19.5,1125
1997-01-09,19.5,20.0,15.0,16.0,16.0,5075
1997-01-10,15.0,18.0,15.0,18.0,18.0,1875
1997-01-13,15.0,15.0,15.0,15.0,15.0,425
1997-01-14,15.0,17.5,15.0,15.0,15.0,6125
1997-01-15,15.0,15.125,10.5,13.5,13.5,19325
1997-01-16,12.5,18.0,12.5,18.0,18.0,7550
1997-01-17,18.0,18.0,16.5,16.5,16.5,4475
1997-01-20,16.5,18.5,16.5,17.5,17.5,2100
1997-01-21,18.0,18.0,16.5,18.0,18.0,2950
1997-01-22,18.0,18.0,16.5,16.5,16.5,2400
1997-01-23,18.0,18.0,16.5,16.5,16.5,1325
1997-01-24,16.5,18.0,16.5,18.0,18.0,10750
1997-01-27,16.5,16.75,14.5,15.5,15.5,3175
1997-01-28,14.5,15.5,13.5,15.5,15.5,10950
1997-01-29,15.5,15.5,13.5,14.0,14.0,2250
1997-01-30,13.5,15.5,13.5,14.5,14.5,5400
1997-01-31,15.5,15.5,14.5,14.75,14.75,3050
1997-02-03,15.0,15.0,14.5,14.5,14.5,250
1997-02-04,14.5,16.0,14.5,15.5,15.5,750
1997-02-05,16.5,16.5,14.5,14.5,14.5,975
1997-02-06,14.5,14.5,14.5,14.5,14.5,825
1997-02-07,16.5,16.5,13.5,13.5,13.5,4550
1997-02-10,13.5,13.5,13.5,13.5,13.5,2675
1997-02-11,13.5,14.0,13.5,14.0,14.0,2725
1997-02-12,13.5,15.5,13.5,15.5,15.5,7300
1997-02-13,15.5,15.5,13.5,15.5,15.5,2225
1997-02-14,13.5,14.0,12.0,14.0,14.0,17900
1997-02-18,12.0,14.0,12.0,12.0,12.0,2875
1997-02-19,14.0,14.0,9.5,10.5,10.5,7300
1997-02-20,11.5,12.5,11.5,11.5,11.5,3225
1997-02-21,12.5,12.5,9.5,10.5,10.5,8825
1997-02-24,10.0,12.0,9.0,10.0,10.0,4800
1997-02-25,9.0,10.0,8.5,8.75,8.75,3925
1997-02-26,10.0,10.0,8.75,9.0,9.0,12300
1997-02-27,9.0,12.0,9.0,11.5,11.5,2550
1997-02-28,10.5,12.0,10.5,10.5,10.5,2050
1997-03-03,12.0,12.0,10.0,10.0,10.0,1125
1997-03-04,10.0,11.0,9.5,11.0,11.0,2075
1997-03-05,9.5,10.0,7.0,7.75,7.75,6700
1997-03-06,7.75,13.5,7.75,13.25,13.25,20850
1997-03-07,13.25,14.5,10.5,14.5,14.5,24800
1997-03-10,13.0,13.5,11.0,11.0,11.0,4375
1997-03-11,11.0,13.5,11.0,13.5,13.5,4400
1997-03-12,13.5,14.0,10.25,10.25,10.25,10950
1997-03-13,12.0,12.0,9.5,9.5,9.5,16100
1997-03-14,9.5,12.5,9.5,11.0,11.0,4500
1997-03-17,13.5,13.5,11.0,11.25,11.25,1750
1997-03-18,11.25,12.5,10.5,10.5,10.5,8000
1997-03-19,11.0,12.0,11.0,12.0,12.0,2050
1997-03-20,10.75,12.0,10.75,11.5,11.5,1725
1997-03-21,11.5,11.5,11.5,11.5,11.5,75
1997-03-24,12.0,12.0,11.5,11.5,11.5,2900
1997-03-25,11.5,11.5,8.0,10.0,10.0,21425
1997-03-26,9.25,10.25,9.0,9.25,9.25,7050
1997-03-27,10.25,10.5,10.0,10.5,10.5,6575
1997-03-31,10.5,11.0,10.0,11.0,11.0,2875
1997-04-01,10.0,10.25,8.5,10.25,10.25,3150
1997-04-02,9.0,10.5,9.0,10.0,10.0,1350
1997-04-03,9.5,10.25,9.0,10.0,10.0,3375
1997-04-04,10.0,11.0,10.0,10.0,10.0,13400
1997-04-07,10.0,11.5,10.0,11.0,11.0,34350
1997-04-08,11.0,12.5,10.5,12.5,12.5,9525
1997-04-09,11.0,15.0,11.0,15.0,15.0,32450
1997-04-10,15.0,15.0,13.25,15.0,15.0,22700
1997-04-11,15.0,15.0,14.0,14.0,14.0,12175
1997-04-14,14.25,17.5,13.5,13.5,13.5,17950
1997-04-15,13.5,15.5,13.5,15.25,15.25,4175
1997-04-16,16.75,16.75,14.75,14.75,14.75,7525
1997-04-17,14.75,15.75,14.75,15.0,15.0,5100
1997-04-18,14.75,15.25,14.75,15.0,15.0,5225
1997-04-21,15.25,15.25,14.5,15.0,15.0,5825
1997-04-22,14.25,14.5,13.25,13.75,13.75,3100
1997-04-23,13.75,13.875,12.0,12.75,12.75,5925
1997-04-24,12.5,13.0,12.25,12.25,12.25,12900
1997-04-25,12.25,13.0,12.0,12.5,12.5,6150
1997-04-28,12.25,13.5,12.25,12.5,12.5,8500
1997-04-29,13.0,13.0,12.5,12.75,12.75,1675
1997-04-30,13.5,13.5,12.0,12.0,12.0,4875
1997-05-01,13.0,13.0,12.0,12.5,12.5,4650
1997-05-02,12.5,12.5,12.0,12.0,12.0,3775
1997-05-05,12.25,12.5,12.0,12.5,12.5,4325
1997-05-06,12.0,12.25,11.5,12.0,12.0,5450
1997-05-07,12.0,12.25,11.5,12.25,12.25,2425
1997-05-08,11.5,12.25,11.5,11.5,11.5,3225
1997-05-09,12.0,12.0,11.0,11.5,11.5,6875
1997-05-12,11.5,11.75,11.25,11.75,11.75,4250
1997-05-13,11.25,11.5,10.5,11.5,11.5,4800
1997-05-14,11.25,11.25,10.0,10.375,10.375,12150
1997-05-15,10.375,10.75,10.0,10.0,10.0,9150
1997-05-16,10.0,10.5,10.0,10.0,10.0,13000
1997-05-19,10.0,11.5,10.0,11.5,11.5,6250
1997-05-20,11.5,12.0,10.5,10.5,10.5,7700
1997-05-21,10.5,11.25,10.5,10.75,10.75,9700
1997-05-22,10.75,11.75,10.375,10.75,10.75,16400
1997-05-23,11.5,12.0,10.75,11.5,11.5,14525
1997-05-27,11.25,12.0,11.25,12.0,12.0,13575
1997-05-28,11.5,13.25,11.5,12.25,12.25,8725
1997-05-29,12.25,12.75,11.5,12.0,12.0,7925
1997-05-30,11.5,11.75,10.75,11.25,11.25,6000
1997-06-02,11.25,11.5,11.0,11.5,11.5,3600
1997-06-03,11.0,11.5,10.25,10.625,10.625,9850
1997-06-04,10.25,10.5,10.0,10.0,10.0,7950
1997-06-05,10.5,11.0,9.625,10.0,10.0,37900
1997-06-06,9.875,10.25,9.75,10.25,10.25,10600
1997-06-09,10.0,10.5,9.75,9.75,9.75,12550
1997-06-10,9.5,11.5,9.5,11.0,11.0,36500
1997-06-11,10.5,11.5,10.5,11.5,11.5,8175
1997-06-12,11.5,13.25,11.25,13.0,13.0,34075
1997-06-13,13.25,14.0,11.5,12.0,12.0,59550
1997-06-16,11.0,11.75,11.0,11.5,11.5,4000
1997-06-17,11.5,11.75,11.25,11.25,11.25,20225
1997-06-18,11.75,11.75,10.75,11.0,11.0,21975
1997-06-19,10.75,11.5,10.75,10.75,10.75,8625
1997-06-20,11.0,11.25,10.75,10.75,10.75,13550
1997-06-23,10.75,11.25,10.75,10.75,10.75,11075
1997-06-24,11.25,11.5,10.75,11.0,11.0,43450
1997-06-25,11.5,12.0,10.75,11.5,11.5,11500
1997-06-26,11.5,12.0,11.25,11.25,11.25,6150
1997-06-27,11.25,12.0,11.0,12.0,12.0,9500
1997-06-30,12.0,12.0,11.25,11.5,11.5,1450
1997-07-01,12.0,13.25,12.0,13.25,13.25,10200
1997-07-02,13.75,13.75,10.75,11.5,11.5,41075
1997-07-03,11.5,12.0,11.5,12.0,12.0,1475
1997-07-07,11.5,13.625,11.5,13.5,13.5,18225
1997-07-08,13.25,14.25,12.5,13.0,13.0,32000
1997-07-09,13.0,13.5,12.25,12.25,12.25,34125
1997-07-10,12.0,12.75,10.75,11.0,11.0,18100
1997-07-11,11.75,11.875,10.75,11.75,11.75,31825
1997-07-14,11.25,11.5,11.0,11.25,11.25,14825
1997-07-15,11.5,11.75,11.0,11.0,11.0,14150
1997-07-16,11.0,13.0,11.0,11.25,11.25,43125
1997-07-17,12.25,12.5,11.0,11.25,11.25,44250
1997-07-18,11.0,12.0,11.0,12.0,12.0,11925
1997-07-21,12.0,12.25,11.0,11.5,11.5,37850
1997-07-22,11.25,11.75,11.0,11.0,11.0,24225
1997-07-23,10.75,11.75,10.75,11.75,11.75,9550
1997-07-24,11.75,11.75,11.0,11.0,11.0,40850
1997-07-25,11.75,11.75,10.75,11.25,11.25,32450
1997-07-28,11.25,11.75,11.0,11.75,11.75,12375
1997-07-29,11.5,11.5,10.75,10.75,10.75,31550
1997-07-30,11.0,11.0,10.5,10.75,10.75,8075
1997-07-31,10.5,11.0,10.5,11.0,11.0,10325
1997-08-01,11.25,11.5,11.0,11.5,11.5,1625
1997-08-04,11.0,11.5,10.75,11.0,11.0,5725
1997-08-05,11.0,11.0,10.5,10.75,10.75,25025
1997-08-06,11.0,11.0,10.25,11.0,11.0,8050
1997-08-07,10.25,11.0,10.25,10.25,10.25,5350
1997-08-08,10.25,11.0,10.25,10.75,10.75,9850
1997-08-11,11.0,11.0,10.25,10.25,10.25,15425
1997-08-12,10.5,10.5,10.25,10.25,10.25,25675
1997-08-13,10.25,10.25,9.5,9.75,9.75,9050
1997-08-14,9.75,10.75,9.0,10.75,10.75,461400
1997-08-15,11.0,12.0,10.5,11.25,11.25,33625
1997-08-18,11.0,11.75,11.0,11.5,11.5,16425
1997-08-19,11.5,11.5,11.0,11.5,11.5,25725
1997-08-20,11.5,12.0,11.0,11.5,11.5,45275
1997-08-21,11.75,12.25,11.5,12.25,12.25,35050
1997-08-22,11.75,12.25,11.75,12.0,12.0,17900
1997-08-25,12.0,12.0,11.5,11.5,11.5,18625
1997-08-26,11.5,11.625,10.5,11.0,11.0,27025
1997-08-27,11.0,11.75,11.0,11.75,11.75,14050
1997-08-28,11.75,12.0,11.0,11.5,11.5,33100
1997-08-29,11.5,12.0,11.25,12.0,12.0,7725
1997-09-02,11.5,12.0,11.5,12.0,12.0,7925
1997-09-03,12.0,12.25,11.5,11.5,11.5,20825
1997-09-04,11.5,12.25,11.5,12.25,12.25,33950
1997-09-05,12.5,13.0,12.0,12.25,12.25,16650
1997-09-08,12.0,14.0,12.0,13.0,13.0,22500
1997-09-09,13.5,13.5,12.75,12.75,12.75,11625
1997-09-10,13.25,13.25,12.75,12.875,12.875,4775
1997-09-11,12.875,12.875,11.75,12.25,12.25,19825
1997-09-12,12.25,12.25,11.75,11.75,11.75,4075
1997-09-15,12.0,12.0,11.75,12.0,12.0,10625
1997-09-16,12.0,12.0,11.75,11.75,11.75,6725
1997-09-17,12.0,12.25,11.75,12.0,12.0,17075
1997-09-18,12.0,12.0,11.25,11.25,11.25,9550
1997-09-19,11.75,12.0,11.5,12.0,12.0,7000
1997-09-22,11.75,12.0,11.5,12.0,12.0,7550
1997-09-23,11.75,12.0,11.5,11.5,11.5,17450
1997-09-24,11.75,11.75,11.25,11.75,11.75,10000
1997-09-25,11.25,11.75,11.25,11.75,11.75,8450
1997-09-26,11.75,12.75,11.75,12.25,12.25,16050
1997-09-29,12.25,12.25,10.75,11.25,11.25,10550
1997-09-30,10.75,11.75,10.75,11.0,11.0,19675
1997-10-01,11.75,12.0,11.25,11.5,11.5,12775
1997-10-02,11.5,12.0,10.625,11.75,11.75,8625
1997-10-03,11.5,12.0,11.5,11.75,11.75,3400
1997-10-06,12.0,12.0,11.5,11.5,11.5,11150
1997-10-07,11.25,11.75,11.25,11.75,11.75,2075
1997-10-08,11.375,11.5,11.0,11.0,11.0,4550
1997-10-09,11.0,11.0,10.75,10.75,10.75,5900
1997-10-10,11.0,11.25,10.75,11.0,11.0,8625
1997-10-13,10.75,10.75,10.75,10.75,10.75,1975
1997-10-14,11.0,11.25,10.75,11.0,11.0,11225
1997-10-15,11.5,11.5,11.0,11.25,11.25,3575
1997-10-16,11.0,11.0,10.75,10.75,10.75,2450
1997-10-17,10.75,11.0,10.75,10.75,10.75,2075
1997-10-20,11.25,11.5,10.75,11.0,11.0,10850
1997-10-21,11.5,11.5,11.25,11.5,11.5,6625
1997-10-22,11.5,11.5,11.25,11.5,11.5,2100
1997-10-23,11.5,11.5,10.75,10.75,10.75,5775
1997-10-24,11.0,11.0,11.0,11.0,11.0,1725
1997-10-27,10.75,11.0,10.25,11.0,11.0,13000
1997-10-28,9.75,11.0,9.75,11.0,11.0,5550
1997-10-29,11.0,11.0,10.25,10.5,10.5,4100
1997-10-30,10.5,10.75,10.0,10.5,10.5,4725
1997-10-31,10.25,10.75,10.25,10.75,10.75,2500
1997-11-03,10.25,10.75,10.0,10.5,10.5,3725
1997-11-04,10.25,10.5,10.25,10.5,10.5,4325
1997-11-05,10.25,10.5,10.25,10.25,10.25,10075
1997-11-06,10.5,10.5,10.25,10.5,10.5,1875
1997-11-07,10.5,10.5,10.25,10.5,10.5,2375
1997-11-10,10.5,10.75,10.5,10.5,10.5,5475
1997-11-11,10.5,10.5,10.5,10.5,10.5,150
1997-11-12,10.75,10.75,10.5,10.75,10.75,12375
1997-11-13,10.5,11.0,10.5,10.75,10.75,6675
1997-11-14,10.75,11.0,10.5,11.0,11.0,14350
1997-11-17,11.0,11.0,10.5,11.0,11.0,2425
1997-11-18,11.0,11.0,10.5,10.75,10.75,11525
1997-11-19,10.5,10.5,9.5,9.5,9.5,11625
1997-11-20,9.5,10.0,9.0,9.25,9.25,8200
1997-11-21,9.25,9.25,7.5,8.0,8.0,19450
1997-11-24,8.0,9.0,8.0,8.5,8.5,19475
1997-11-25,8.5,9.5,8.25,9.0,9.0,4925
1997-11-26,9.0,9.25,8.75,8.75,8.75,3175
1997-11-28,9.25,9.5,9.25,9.5,9.5,2425
1997-12-01,9.0,9.5,9.0,9.5,9.5,1050
1997-12-02,9.25,9.75,9.25,9.75,9.75,2300
1997-12-03,9.25,9.5,9.0,9.0,9.0,7850
1997-12-04,8.25,9.0,8.25,8.5,8.5,2375
1997-12-05,8.5,9.75,8.5,9.75,9.75,1900
1997-12-08,9.75,9.75,8.5,8.5,8.5,8350
1997-12-09,8.5,9.0,8.5,8.75,8.75,10850
1997-12-10,8.5,9.0,8.0,8.0,8.0,8175
1997-12-11,9.0,9.0,7.75,8.0,8.0,8125
1997-12-12,8.0,8.25,7.875,8.25,8.25,4400
1997-12-15,8.5,8.5,8.0,8.375,8.375,5475
1997-12-16,8.5,9.625,8.5,9.0,9.0,12850
1997-12-17,9.0,9.5,8.75,9.0,9.0,17050
1997-12-18,9.0,9.5,8.75,9.25,9.25,3800
1997-12-19,9.25,9.25,8.5,9.0,9.0,4800
1997-12-22,8.5,9.0,8.5,8.5,8.5,6800
1997-12-23,8.5,8.75,8.5,8.5,8.5,4975
1997-12-24,8.25,8.75,8.25,8.75,8.75,1175
1997-12-26,8.5,8.75,8.25,8.75,8.75,1700
1997-12-29,8.25,8.5,8.0,8.5,8.5,5075
1997-12-30,8.0,8.0,7.5,7.5,7.5,4775
1997-12-31,8.0,8.5,7.5,8.25,8.25,8175
1998-01-02,8.0,8.25,8.0,8.25,8.25,4125
1998-01-05,8.0,8.25,8.0,8.0,8.0,525
1998-01-06,8.0,8.25,8.0,8.25,8.25,2125
1998-01-07,8.5,8.5,8.0,8.25,8.25,10900
1998-01-08,8.25,8.25,8.0,8.25,8.25,3150
1998-01-09,8.0,8.5,8.0,8.5,8.5,175
1998-01-12,8.0,8.25,7.75,7.75,7.75,3300
1998-01-13,7.75,7.75,7.5,7.5,7.5,1325
1998-01-14,7.5,8.0,7.5,7.75,7.75,1600
1998-01-15,8.0,8.25,7.5,7.5,7.5,5850
1998-01-16,7.5,8.5,7.5,8.5,8.5,18925
1998-01-20,8.5,10.0,8.25,9.875,9.875,29875
1998-01-21,10.5,10.75,9.5,10.0,10.0,23650
1998-01-22,10.5,10.5,10.0,10.25,10.25,8150
1998-01-23,9.75,10.0,8.75,10.0,10.0,10975
1998-01-26,10.0,10.75,9.375,10.0,10.0,8075
1998-01-27,10.5,10.75,10.25,10.25,10.25,6125
1998-01-28,10.0,10.5,10.0,10.0,10.0,4625
1998-01-29,10.5,10.5,9.5,9.5,9.5,5900
1998-01-30,9.25,10.0,9.25,9.5,9.5,525
1998-02-02,9.5,11.0,9.5,10.25,10.25,5000
1998-02-03,10.25,11.0,10.25,10.25,10.25,4925
1998-02-04,10.75,11.0,10.25,11.0,11.0,6750
1998-02-05,10.9375,11.25,10.5,11.1875,11.1875,4675
1998-02-06,11.0,11.25,10.5,10.625,10.625,2800
1998-02-09,11.25,11.25,11.0,11.25,11.25,4325
1998-02-10,11.25,11.25,10.75,10.75,10.75,13300
1998-02-11,11.0,11.25,10.75,11.25,11.25,9150
1998-02-12,11.25,11.25,10.5,11.0,11.0,12625
1998-02-13,11.0,11.0,10.5,10.5,10.5,1600
1998-02-17,11.0,11.0,10.5,10.75,10.75,8500
1998-02-18,11.0,11.0,10.0,10.25,10.25,11525
1998-02-19,10.5,11.0,10.0,10.0,10.0,3900
1998-02-20,11.0,11.0,10.0,10.25,10.25,7425
1998-02-23,10.0,10.0,9.0,9.0,9.0,4875
1998-02-24,9.75,10.0,9.0,9.0,9.0,4700
1998-02-25,9.5,10.0,9.0,10.0,10.0,3350
1998-02-26,9.75,9.75,8.0,8.5,8.5,8925
1998-02-27,9.0,9.5,8.0,9.5,9.5,4925
1998-03-02,9.25,9.25,9.25,9.25,9.25,375
1998-03-03,9.25,9.75,9.0,9.0,9.0,3150
1998-03-04,9.0,9.125,8.25,9.0,9.0,5750
1998-03-05,9.0,10.5,8.75,9.875,9.875,11075
1998-03-06,10.25,10.25,9.75,9.875,9.875,2600
1998-03-09,10.25,10.25,9.5,9.5,9.5,4500
1998-03-10,9.75,9.75,9.125,9.5,9.5,5050
1998-03-11,9.25,9.25,9.0,9.0,9.0,2525
1998-03-12,9.25,9.75,9.25,9.25,9.25,2050
1998-03-13,9.25,10.25,9.25,9.75,9.75,10400
1998-03-16,10.0,10.0,9.25,9.75,9.75,18975
1998-03-17,9.75,10.5,9.5,10.5,10.5,8725
1998-03-18,10.125,10.25,9.75,10.0,10.0,5775
1998-03-19,10.5,10.5,9.75,10.5,10.5,6425
1998-03-20,9.75,10.25,9.75,10.0,10.0,4350
1998-03-23,9.75,10.25,9.75,10.25,10.25,2250
1998-03-24,9.75,10.25,9.75,10.0,10.0,11400
1998-03-25,9.75,10.25,9.5,9.5,9.5,4650
1998-03-26,9.5,10.25,9.5,9.5,9.5,2050
1998-03-27,10.0,10.0,9.25,9.75,9.75,3100
1998-03-30,9.75,9.75,9.25,9.25,9.25,3725
1998-03-31,9.75,9.75,9.25,9.25,9.25,1425
1998-04-01,9.25,9.5,9.25,9.5,9.5,3475
1998-04-02,9.25,9.5,9.25,9.25,9.25,1675
1998-04-03,9.5,9.5,9.25,9.5,9.5,1950
1998-04-06,9.5,9.5,9.25,9.25,9.25,1600
1998-04-07,9.25,9.5,9.25,9.5,9.5,3500
1998-04-08,9.25,9.25,9.25,9.25,9.25,175
1998-04-09,9.25,9.75,9.25,9.5,9.5,7275
1998-04-13,9.25,9.5,9.25,9.5,9.5,975
1998-04-14,9.25,9.5,9.25,9.5,9.5,7250
1998-04-15,9.25,9.5,9.25,9.5,9.5,1775
1998-04-16,9.25,9.5,9.0,9.0,9.0,7100
1998-04-17,9.5,9.5,9.0,9.0,9.0,500
1998-04-20,9.0,9.5,8.75,9.0,9.0,4800
1998-04-21,9.25,9.5,9.25,9.25,9.25,1875
1998-04-22,9.0,9.0,9.0,9.0,9.0,1775
1998-04-23,8.75,9.25,8.25,8.25,8.25,9075
1998-04-24,8.25,9.25,8.25,9.25,9.25,2175
1998-04-27,9.25,9.25,8.25,9.0,9.0,2875
1998-04-28,9.0,9.0,9.0,9.0,9.0,100
1998-04-29,8.75,9.0,8.25,9.0,9.0,3750
1998-04-30,9.0,9.0,8.25,8.25,8.25,1825
1998-05-01,8.25,8.25,8.25,8.25,8.25,1975
1998-05-04,8.5,8.5,8.25,8.375,8.375,5300
1998-05-05,8.75,8.75,8.25,8.375,8.375,6650
1998-05-06,8.25,8.25,8.0,8.0,8.0,3250
1998-05-07,8.25,8.25,8.0,8.0,8.0,2825
1998-05-08,7.75,8.25,7.75,8.25,8.25,2725
1998-05-11,8.25,8.25,8.0,8.0,8.0,6225
1998-05-12,8.0,8.25,8.0,8.25,8.25,1475
1998-05-13,8.25,8.25,8.0,8.25,8.25,375
1998-05-14,8.0,8.25,8.0,8.0,8.0,750
1998-05-15,8.25,8.25,7.75,7.75,7.75,3850
1998-05-18,8.25,8.25,8.25,8.25,8.25,4700
1998-05-19,8.25,8.25,7.75,7.75,7.75,8050
1998-05-20,7.75,8.0,7.75,8.0,8.0,3500
1998-05-21,8.0,8.0,8.0,8.0,8.0,1975
1998-05-22,8.0,8.5,8.0,8.5,8.5,2750
1998-05-26,8.0,8.25,7.5,8.25,8.25,5775
1998-05-27,7.75,8.0,7.5,7.75,7.75,4925
1998-05-28,7.75,8.0,7.5,7.75,7.75,4100
1998-05-29,8.0,8.0,7.5,8.0,8.0,2200
1998-06-01,7.5,7.5,7.5,7.5,7.5,7425
1998-06-02,7.5,8.0,7.0,7.0,7.0,6675
1998-06-03,7.25,7.5,6.5,7.0,7.0,14575
1998-06-04,7.0,7.5,6.75,6.75,6.75,3525
1998-06-05,7.0,7.75,7.0,7.0,7.0,6050
1998-06-08,7.5,7.5,6.75,6.75,6.75,4175
1998-06-09,7.5,7.5,7.0,7.5,7.5,1225
1998-06-10,7.25,7.5,7.0,7.5,7.5,3675
1998-06-11,6.75,8.0,6.75,6.75,6.75,3850
1998-06-12,6.75,6.75,6.75,6.75,6.75,875
1998-06-15,6.75,7.0,6.75,7.0,7.0,500
1998-06-16,7.0,7.25,6.75,6.75,6.75,3325
1998-06-17,7.5,7.5,6.75,7.5,7.5,2050
1998-06-18,7.0,7.0,6.75,7.0,7.0,2950
1998-06-19,7.25,7.5,7.0,7.25,7.25,3975
1998-06-22,7.5,8.0,7.0,7.5,7.5,11750
1998-06-23,7.5,8.0,7.5,7.75,7.75,2900
1998-06-24,7.5,8.0,7.5,7.75,7.75,5950
1998-06-25,8.0,8.0,7.5,8.0,8.0,3150
1998-06-26,7.75,8.25,7.75,8.0,8.0,2800
1998-06-29,8.5,8.5,8.125,8.125,8.125,4075
1998-06-30,8.0,8.0,7.875,8.0,8.0,3650
1998-07-01,8.0,8.0,7.75,7.75,7.75,6750
1998-07-02,7.75,8.0,7.75,7.75,7.75,825
1998-07-06,7.75,8.0,7.5,7.5,7.5,5825
1998-07-07,7.5,7.5,7.5,7.5,7.5,0
1998-07-08,7.25,7.25,7.0,7.0,7.0,7800
1998-07-09,7.0,7.25,7.0,7.0,7.0,2575
1998-07-10,7.0,7.25,7.0,7.25,7.25,2650
1998-07-13,7.25,7.25,7.0,7.0,7.0,5675
1998-07-14,7.0,7.5,6.875,6.875,6.875,5400
1998-07-15,6.875,6.875,6.875,6.875,6.875,1275
1998-07-16,7.0,7.5,6.875,6.875,6.875,2650
1998-07-17,6.875,7.0,6.875,7.0,7.0,7350
1998-07-20,7.25,7.25,4.75,5.5,5.5,29075
1998-07-21,5.5,6.5,5.0,5.25,5.25,19450
1998-07-22,5.375,6.125,5.125,5.625,5.625,4225
1998-07-23,5.75,5.75,5.25,5.25,5.25,8000
1998-07-24,5.125,5.5,5.0,5.0,5.0,2000
1998-07-27,5.0,5.625,5.0,5.625,5.625,13700
1998-07-28,5.5,5.75,5.25,5.625,5.625,7525
1998-07-29,5.375,5.375,5.0,5.25,5.25,3450
1998-07-30,5.5,5.5,5.0,5.25,5.25,1650
1998-07-31,5.5,6.0,5.25,6.0,6.0,7925
1998-08-03,5.25,5.5,5.25,5.5,5.5,875
1998-08-04,5.25,5.25,4.5,4.5,4.5,14450
1998-08-05,4.25,4.5,3.75,4.0,4.0,15700
1998-08-06,4.25,5.0,4.25,4.75,4.75,3850
1998-08-07,5.0,5.25,4.75,5.0,5.0,2200
1998-08-10,5.25,5.875,5.25,5.875,5.875,2375
1998-08-11,5.0,5.0,4.625,4.625,4.625,1775
1998-08-12,4.625,4.625,4.625,4.625,4.625,0
1998-08-13,4.625,5.125,4.375,5.125,5.125,1575
1998-08-14,4.375,4.375,4.375,4.375,4.375,75
1998-08-17,5.25,5.375,5.0,5.375,5.375,7525
1998-08-18,5.25,5.375,5.1875,5.1875,5.1875,5950
1998-08-19,5.125,5.375,5.0,5.25,5.25,6500
1998-08-20,5.25,5.375,5.0,5.375,5.375,1125
1998-08-21,5.25,5.375,5.0,5.375,5.375,1700
1998-08-24,5.0,5.0,4.75,4.75,4.75,1875
1998-08-25,4.875,5.0,4.875,5.0,5.0,5375
1998-08-26,4.625,4.625,4.625,4.625,4.625,875
1998-08-27,4.125,4.5,4.125,4.125,4.125,725
1998-08-28,3.875,4.0,3.625,3.625,3.625,6925
1998-08-31,4.0,4.0,3.5,3.5,3.5,2975
1998-09-01,3.5,3.75,3.5,3.5,3.5,1700
1998-09-02,3.5,3.75,2.75,3.25,3.25,7325
1998-09-03,3.125,3.125,2.75,2.75,2.75,16925
1998-09-04,2.5,3.0,2.5,2.75,2.75,2500
1998-09-08,2.875,3.125,2.75,3.125,3.125,3875
1998-09-09,3.125,3.125,3.0,3.125,3.125,3000
1998-09-10,3.125,3.125,3.125,3.125,3.125,4900
1998-09-11,3.125,3.75,3.125,3.5,3.5,8375
1998-09-14,3.875,3.875,3.25,3.75,3.75,9950
1998-09-15,3.75,3.75,3.75,3.75,3.75,250
1998-09-16,3.75,4.0,3.75,4.0,4.0,7200
1998-09-17,4.0,4.0,3.5,3.5,3.5,2475
1998-09-18,3.5,3.625,3.5,3.625,3.625,1025
1998-09-21,3.5,3.75,3.5,3.5,3.5,4925
1998-09-22,3.5,3.5,3.5,3.5,3.5,650
1998-09-23,3.5,3.5,3.25,3.25,3.25,2875
1998-09-24,3.25,3.25,2.875,2.875,2.875,12600
1998-09-25,3.0,3.625,3.0,3.625,3.625,2550
1998-09-28,3.75,4.125,3.5,3.5,3.5,4775
1998-09-29,3.75,4.125,3.75,3.75,3.75,3900
1998-09-30,3.5,3.6875,3.5,3.6875,3.6875,1350
1998-10-01,3.5,3.5,3.5,3.5,3.5,125
1998-10-02,3.5,3.875,3.5,3.875,3.875,1800
1998-10-05,3.25,3.875,3.0,3.0,3.0,5500
1998-10-06,3.0,3.0,2.75,3.0,3.0,5225
1998-10-07,2.5,2.5,2.5,2.5,2.5,375
1998-10-08,2.625,2.625,2.625,2.625,2.625,25
1998-10-09,2.625,3.5,2.625,3.5,3.5,1850
1998-10-12,3.0,3.0,3.0,3.0,3.0,1075
1998-10-13,3.25,3.75,3.25,3.25,3.25,1375
1998-10-14,3.125,3.125,3.0,3.0,3.0,5375
1998-10-15,3.0,3.0,3.0,3.0,3.0,500
1998-10-16,3.0,3.5,3.0,3.5,3.5,3075
1998-10-19,3.0,3.25,2.75,2.75,2.75,24400
1998-10-20,2.625,3.75,2.625,3.0,3.0,25700
1998-10-21,2.75,3.25,2.75,2.875,2.875,44550
1998-10-22,2.75,2.75,2.75,2.75,2.75,14250
1998-10-23,2.625,2.75,2.25,2.5,2.5,56150
1998-10-26,2.5,3.0,2.5,2.875,2.875,12600
1998-10-27,2.75,2.75,2.75,2.75,2.75,100
1998-10-28,3.0,3.0,2.875,3.0,3.0,13750
1998-10-29,3.25,3.75,3.25,3.75,3.75,9725
1998-10-30,3.75,4.25,3.375,4.0,4.0,14100
1998-11-02,4.0,4.5,4.0,4.25,4.25,15875
1998-11-03,4.75,4.75,4.25,4.5,4.5,11325
1998-11-04,4.75,4.875,4.0,4.125,4.125,16900
1998-11-05,4.0,4.125,4.0,4.0,4.0,7325
1998-11-06,4.0,4.5,4.0,4.5,4.5,4700
1998-11-09,4.75,4.75,4.25,4.25,4.25,750
1998-11-10,4.25,4.25,4.25,4.25,4.25,625
1998-11-11,4.5,4.75,4.25,4.25,4.25,1425
1998-11-12,4.25,4.25,4.25,4.25,4.25,0
1998-11-13,4.25,4.5,4.0,4.5,4.5,7525
1998-11-16,4.125,4.5,4.0,4.0,4.0,10150
1998-11-17,4.0,4.0,3.75,4.0,4.0,6350
1998-11-18,4.0,4.0,3.5,3.5,3.5,12000
1998-11-19,3.75,3.875,3.75,3.875,3.875,1750
1998-11-20,3.75,4.0,3.625,3.625,3.625,8725
1998-11-23,3.625,3.75,3.625,3.75,3.75,625
1998-11-24,3.625,3.75,3.625,3.75,3.75,25225
1998-11-25,4.0,4.0,3.75,3.75,3.75,1350
1998-11-27,4.0,4.0,3.875,4.0,4.0,6500
1998-11-30,4.0,4.5,4.0,4.0,4.0,3925
1998-12-01,4.0,4.25,3.875,3.875,3.875,5450
1998-12-02,4.25,4.25,3.875,3.875,3.875,250
1998-12-03,4.0,4.75,4.0,4.75,4.75,9150
1998-12-04,4.25,4.75,4.25,4.5,4.5,5700
1998-12-07,4.25,4.25,4.0,4.125,4.125,6600
1998-12-08,4.0,4.0,4.0,4.0,4.0,2775
1998-12-09,4.0,4.0,3.875,4.0,4.0,11400
1998-12-10,3.875,4.25,3.875,4.0,4.0,6750
1998-12-11,4.0,4.0,4.0,4.0,4.0,4575
1998-12-14,4.25,4.25,3.875,3.875,3.875,7175
1998-12-15,4.0,4.0,3.875,3.875,3.875,6675
1998-12-16,3.875,3.875,3.75,3.75,3.75,5225
1998-12-17,3.75,3.75,3.625,3.75,3.75,7600
1998-12-18,4.0,4.0,3.625,3.75,3.75,6125
1998-12-21,3.75,4.0,3.75,3.75,3.75,5725
1998-12-22,4.0,4.0,3.75,3.875,3.875,4125
1998-12-23,4.0,4.25,4.0,4.125,4.125,10550
1998-12-24,4.125,4.25,4.125,4.25,4.25,1250
1998-12-28,4.125,4.5,4.125,4.375,4.375,7675
1998-12-29,4.25,4.5,4.125,4.5,4.5,12775
1998-12-30,4.75,5.875,4.5,5.875,5.875,26625
1998-12-31,5.875,5.875,5.0,5.5,5.5,9650
1999-01-04,5.75,6.0,5.5,6.0,6.0,8100
1999-01-05,6.125,6.25,5.875,6.25,6.25,10925
1999-01-06,6.0,6.25,5.5,6.0,6.0,32825
1999-01-07,5.5,6.375,5.5,6.375,6.375,8100
1999-01-08,6.375,7.0,5.0,5.5,5.5,63650
1999-01-11,5.25,5.25,4.75,5.0,5.0,8400
1999-01-12,4.75,5.0,4.5,4.5,4.5,1700
1999-01-13,4.125,5.5,4.125,5.0,5.0,7775
1999-01-14,4.75,5.0,4.5,4.875,4.875,8425
1999-01-15,4.5,5.0,4.5,5.0,5.0,3725
1999-01-19,4.75,4.875,4.75,4.75,4.75,2525
1999-01-20,4.5,4.625,4.5,4.625,4.625,1900
1999-01-21,4.625,4.875,4.5,4.5,4.5,5325
1999-01-22,4.5,4.625,4.5,4.5,4.5,5050
1999-01-25,4.5,4.625,4.375,4.5,4.5,2650
1999-01-26,4.625,4.625,4.375,4.5,4.5,8075
1999-01-27,4.375,4.5,4.25,4.25,4.25,4325
1999-01-28,4.375,4.75,4.375,4.5,4.5,4700
1999-01-29,4.375,4.75,4.375,4.75,4.75,14875
1999-02-01,4.5,4.625,4.5,4.625,4.625,2550
1999-02-02,4.75,4.75,4.5,4.5,4.5,4425
1999-02-03,4.75,4.875,4.5,4.75,4.75,12875
1999-02-04,4.5,4.5,4.5,4.5,4.5,250
1999-02-05,4.75,4.875,4.75,4.8125,4.8125,5400
1999-02-08,4.75,4.875,4.75,4.75,4.75,6550
1999-02-09,4.75,4.875,4.25,4.5,4.5,9125
1999-02-10,4.25,4.875,4.125,4.875,4.875,9775
1999-02-11,4.875,5.5,4.25,5.0,5.0,8875
1999-02-12,4.75,4.875,4.625,4.75,4.75,600
1999-02-16,4.75,5.0,4.75,5.0,5.0,11125
1999-02-17,4.875,5.0,4.625,4.625,4.625,10700
1999-02-18,4.625,5.0,4.625,4.625,4.625,5975
1999-02-19,4.5,5.0,4.5,4.75,4.75,8950
1999-02-22,4.625,5.0,4.5,5.0,5.0,5400
1999-02-23,4.875,5.0,4.75,4.75,4.75,9650
1999-02-24,4.625,4.625,4.625,4.625,4.625,525
1999-02-25,4.75,5.0,4.625,4.75,4.75,1750
1999-02-26,4.5,4.5,4.5,4.5,4.5,1625
1999-03-01,4.75,4.75,4.5,4.75,4.75,900
1999-03-02,4.625,5.5,4.125,4.25,4.25,63350
1999-03-03,4.25,4.25,3.875,3.875,3.875,15050
1999-03-04,3.75,4.0,3.75,3.75,3.75,12875
1999-03-05,3.625,3.75,3.625,3.625,3.625,7625
1999-03-08,3.625,3.625,3.625,3.625,3.625,2700
1999-03-09,3.75,3.75,3.5,3.5,3.5,4375
1999-03-10,3.625,3.625,3.5,3.625,3.625,3450
1999-03-11,3.5,3.5,3.375,3.375,3.375,3725
1999-03-12,3.375,3.875,3.25,3.625,3.625,9200
1999-03-15,3.5,3.5,3.5,3.5,3.5,25
1999-03-16,3.5,3.875,3.5,3.75,3.75,3375
1999-03-17,4.0,4.0,3.5,3.625,3.625,6400
1999-03-18,3.5,3.5,3.375,3.375,3.375,5000
1999-03-19,3.5,3.75,3.5,3.75,3.75,4975
1999-03-22,3.625,3.75,3.5,3.5,3.5,1575
1999-03-23,3.625,4.0,3.625,3.75,3.75,5575
1999-03-24,3.75,3.75,3.625,3.75,3.75,2675
1999-03-25,3.875,3.875,3.875,3.875,3.875,2325
1999-03-26,4.0,4.125,4.0,4.125,4.125,4625
1999-03-29,4.25,4.25,4.0,4.0,4.0,3400
1999-03-30,4.0,4.0,3.625,3.625,3.625,1500
1999-03-31,3.75,3.75,3.5,3.5,3.5,7625
1999-04-01,3.75,3.75,3.5,3.5,3.5,1425
1999-04-05,3.5,3.5,3.5,3.5,3.5,375
1999-04-06,3.75,4.0,3.5,3.5,3.5,4675
1999-04-07,4.125,4.125,3.5,3.75,3.75,2575
1999-04-08,4.0,4.0,3.75,3.75,3.75,1775
1999-04-09,3.75,4.125,3.75,4.125,4.125,2975
1999-04-12,3.875,3.875,3.5,3.5,3.5,7625
1999-04-13,3.5,3.75,3.375,3.375,3.375,7625
1999-04-14,3.5,3.75,3.375,3.375,3.375,5600
1999-04-15,3.5,3.5,3.375,3.375,3.375,2775
1999-04-16,3.375,3.5,3.375,3.5,3.5,4250
1999-04-19,3.75,3.75,3.375,3.375,3.375,4825
1999-04-20,3.375,3.375,3.375,3.375,3.375,0
1999-04-21,3.375,3.6875,3.375,3.6875,3.6875,8350
1999-04-22,3.5,3.5,3.5,3.5,3.5,4000
1999-04-23,3.5,3.75,3.5,3.75,3.75,3625
1999-04-26,3.5,3.5,3.5,3.5,3.5,825
1999-04-27,3.75,3.75,3.5,3.5,3.5,525
1999-04-28,3.5,3.75,3.5,3.75,3.75,3550
1999-04-29,3.75,3.75,3.375,3.75,3.75,11625
1999-04-30,3.5,3.75,3.25,3.25,3.25,2350
1999-05-03,3.75,4.0,3.75,3.75,3.75,1625
1999-05-04,4.25,5.0,4.0,5.0,5.0,17475
1999-05-05,5.25,5.875,4.0,5.0,5.0,15700
1999-05-06,5.0,5.0,4.0,4.25,4.25,19875
1999-05-07,4.0,4.375,4.0,4.25,4.25,10225
1999-05-10,4.375,4.375,4.125,4.125,4.125,1300
1999-05-11,4.125,4.5,4.0,4.25,4.25,6575
1999-05-12,4.75,4.75,4.0,4.25,4.25,6850
1999-05-13,4.0,4.0,4.0,4.0,4.0,1825
1999-05-14,4.875,4.875,4.0,4.0,4.0,1850
1999-05-17,4.0,4.5,4.0,4.25,4.25,3900
1999-05-18,4.0,4.25,3.875,4.0,4.0,6675
1999-05-19,3.875,3.875,3.75,3.875,3.875,7125
1999-05-20,3.875,3.875,3.875,3.875,3.875,750
1999-05-21,3.875,3.875,3.75,3.75,3.75,2075
1999-05-24,3.75,3.875,3.75,3.875,3.875,1950
1999-05-25,3.75,3.875,3.625,3.875,3.875,6575
1999-05-26,3.875,3.875,3.875,3.875,3.875,0
1999-05-27,3.8125,3.875,3.8125,3.875,3.875,3875
1999-05-28,3.75,3.875,3.75,3.75,3.75,2000
1999-06-01,3.875,5.0,3.625,3.625,3.625,7625
1999-06-02,3.875,3.875,3.625,3.625,3.625,3250
1999-06-03,3.625,4.5,3.625,3.625,3.625,14050
1999-06-04,4.0,4.75,4.0,4.5,4.5,6000
1999-06-07,4.5,5.0,4.5,4.75,4.75,5850
1999-06-08,5.0,5.0,4.25,4.25,4.25,4025
1999-06-09,4.5,4.75,4.375,4.625,4.625,5300
1999-06-10,4.5,4.625,4.375,4.375,4.375,1450
1999-06-11,4.375,4.5,4.375,4.5,4.5,1325
1999-06-14,4.5,4.5,4.5,4.5,4.5,1000
1999-06-15,4.75,4.75,4.25,4.25,4.25,3250
1999-06-16,4.5,4.5,4.25,4.25,4.25,350
1999-06-17,4.25,4.5,4.25,4.5,4.5,975
1999-06-18,4.375,4.5,4.25,4.25,4.25,9375
1999-06-21,4.5,4.75,4.5,4.75,4.75,625
1999-06-22,4.75,4.875,4.75,4.75,4.75,2250
1999-06-23,4.75,5.5,4.75,5.5,5.5,9150
1999-06-24,5.5,5.5,4.75,5.0,5.0,2400
1999-06-25,5.0,5.375,4.75,4.75,4.75,2300
1999-06-28,4.75,5.0,4.75,4.75,4.75,1925
1999-06-29,4.75,4.75,4.75,4.75,4.75,0
1999-06-30,5.0,5.0,4.5,4.5,4.5,1200
1999-07-01,4.5,5.25,4.5,5.0,5.0,1100
1999-07-02,4.75,4.75,4.75,4.75,4.75,675
1999-07-06,4.75,5.0,4.625,5.0,5.0,1575
1999-07-07,4.5,4.75,4.5,4.75,4.75,1000
1999-07-08,4.5,4.75,4.25,4.25,4.25,5475
1999-07-09,4.75,4.75,4.25,4.25,4.25,3375
1999-07-12,4.5,4.5,4.5,4.5,4.5,950
1999-07-13,4.625,4.625,4.5,4.5,4.5,750
1999-07-14,4.125,4.25,4.125,4.125,4.125,500
1999-07-15,4.25,4.25,4.125,4.125,4.125,375
1999-07-16,4.25,4.25,4.25,4.25,4.25,650
1999-07-19,4.125,5.0,4.125,4.25,4.25,9875
1999-07-20,4.25,4.25,4.125,4.25,4.25,8400
1999-07-21,4.125,4.75,4.125,4.75,4.75,775
1999-07-22,4.4375,4.75,4.0,4.0,4.0,4350
1999-07-23,4.0,4.25,4.0,4.0,4.0,1025
1999-07-26,4.25,4.5,4.25,4.5,4.5,2325
1999-07-27,4.75,4.875,4.5,4.75,4.75,1575
1999-07-28,4.75,4.75,4.0,4.0,4.0,5900
1999-07-29,4.0,4.5,4.0,4.25,4.25,1975
1999-07-30,4.25,4.25,4.25,4.25,4.25,1875
1999-08-02,4.0,4.25,4.0,4.25,4.25,2100
1999-08-03,4.25,4.5,4.0,4.0,4.0,400
1999-08-04,4.0,4.25,4.0,4.25,4.25,4850
1999-08-05,3.75,4.25,3.75,4.25,4.25,1750
1999-08-06,3.75,4.375,3.75,4.375,4.375,1375
1999-08-09,4.25,4.25,3.75,4.0,4.0,3425
1999-08-10,4.0,4.0,4.0,4.0,4.0,2250
1999-08-11,3.8125,4.0,3.75,4.0,4.0,3900
1999-08-12,4.0,4.25,4.0,4.125,4.125,4150
1999-08-13,4.0,4.0,4.0,4.0,4.0,125
1999-08-16,4.0625,4.5,4.0625,4.5,4.5,1375
1999-08-17,4.5,5.0,4.25,5.0,5.0,11950
1999-08-18,5.25,5.25,4.5,4.5,4.5,1000
1999-08-19,4.5,4.5,4.5,4.5,4.5,0
1999-08-20,4.5,4.5,4.5,4.5,4.5,200
1999-08-23,5.0,5.25,5.0,5.0,5.0,5500
1999-08-24,4.75,4.75,4.25,4.25,4.25,4450
1999-08-25,5.0,5.25,5.0,5.25,5.25,2275
1999-08-26,5.0,5.0,4.5,4.5,4.5,5550
1999-08-27,4.5,4.75,4.5,4.5,4.5,7175
1999-08-30,4.25,4.25,4.25,4.25,4.25,1675
1999-08-31,4.5,4.5,4.5,4.5,4.5,4000
1999-09-01,4.5,4.5,4.5,4.5,4.5,500
1999-09-02,4.5,4.5,4.5,4.5,4.5,50
1999-09-03,4.75,4.75,4.75,4.75,4.75,750
1999-09-07,4.75,4.75,4.75,4.75,4.75,250
1999-09-08,4.5,4.5,4.5,4.5,4.5,2625
1999-09-09,4.375,4.375,4.375,4.375,4.375,150
1999-09-10,4.375,4.375,4.375,4.375,4.375,500
1999-09-13,4.375,4.375,4.375,4.375,4.375,125
1999-09-14,4.375,4.375,4.375,4.375,4.375,525
1999-09-15,4.375,4.375,4.375,4.375,4.375,0
1999-09-16,4.5,4.625,4.5,4.5,4.5,7625
1999-09-17,4.5,4.5,4.5,4.5,4.5,0
1999-09-20,4.625,4.75,4.5,4.5,4.5,2800
1999-09-21,4.75,4.75,4.5,4.5,4.5,1275
1999-09-22,4.5,4.5,4.5,4.5,4.5,2800
1999-09-23,4.5,4.5,4.5,4.5,4.5,2000
1999-09-24,4.5,4.5,4.0,4.0,4.0,675
1999-09-27,4.625,4.625,4.375,4.375,4.375,375
1999-09-28,4.375,4.375,3.75,4.25,4.25,4875
1999-09-29,4.125,4.125,4.0,4.0,4.0,1675
1999-09-30,4.0,4.0,4.0,4.0,4.0,100
1999-10-01,4.0,4.0,4.0,4.0,4.0,2975
1999-10-04,4.5,4.5,4.0,4.0,4.0,2600
1999-10-05,4.0,4.0,3.5,3.5,3.5,8050
1999-10-06,4.0,4.0,3.75,3.75,3.75,650
1999-10-07,3.75,4.5,3.625,4.5,4.5,4575
1999-10-08,4.0,4.25,3.75,4.25,4.25,8925
1999-10-11,4.25,4.25,4.25,4.25,4.25,0
1999-10-12,3.75,3.75,3.75,3.75,3.75,5450
1999-10-13,3.75,3.75,3.75,3.75,3.75,350
1999-10-14,4.25,4.25,4.0,4.0,4.0,4825
1999-10-15,4.0,4.25,3.75,3.875,3.875,2800
1999-10-18,3.75,3.75,3.75,3.75,3.75,50
1999-10-19,3.75,3.75,3.75,3.75,3.75,0
1999-10-20,3.75,3.75,3.75,3.75,3.75,425
1999-10-21,3.8125,3.8125,3.0,3.0,3.0,5200
1999-10-22,3.0,3.625,3.0,3.5,3.5,7275
1999-10-25,3.5,3.5,3.5,3.5,3.5,150
1999-10-26,3.5,3.5,3.5,3.5,3.5,1650
1999-10-27,3.5,3.5,3.5,3.5,3.5,125
1999-10-28,3.75,3.875,3.5,3.875,3.875,5225
1999-10-29,3.75,3.875,3.75,3.875,3.875,1450
1999-11-01,3.75,4.0,3.625,3.75,3.75,16400
1999-11-02,3.75,3.75,3.5,3.75,3.75,6300
1999-11-03,3.625,3.875,3.625,3.875,3.875,375
1999-11-04,3.875,3.875,3.875,3.875,3.875,250
1999-11-05,3.75,3.75,3.625,3.625,3.625,1050
1999-11-08,3.625,3.875,3.625,3.875,3.875,1550
1999-11-09,3.625,3.625,2.5,3.5,3.5,4150
1999-11-10,3.5,3.5,3.375,3.375,3.375,650
1999-11-11,3.5,3.5,3.5,3.5,3.5,1350
1999-11-12,3.5,3.5,2.25,2.75,2.75,13350
1999-11-15,3.0,3.125,2.75,3.125,3.125,8025
1999-11-16,3.0,3.125,2.75,3.125,3.125,8350
1999-11-17,3.0,3.125,3.0,3.125,3.125,5525
1999-11-18,3.125,3.5,3.0,3.125,3.125,13000
1999-11-19,3.0,4.0,3.0,4.0,4.0,9150
1999-11-22,4.0625,4.0625,3.5,3.75,3.75,17575
1999-11-23,3.875,4.0,3.5,3.75,3.75,5125
1999-11-24,4.0,4.0,3.0,3.5,3.5,13075
1999-11-26,3.125,3.375,3.125,3.375,3.375,775
1999-11-29,3.75,3.875,3.25,3.375,3.375,4225
1999-11-30,3.375,3.5,3.25,3.25,3.25,6225
1999-12-01,3.25,3.25,3.25,3.25,3.25,500
1999-12-02,3.25,3.25,3.25,3.25,3.25,250
1999-12-03,3.25,3.25,3.0,3.25,3.25,8225
1999-12-06,3.25,3.25,3.0,3.25,3.25,6075
1999-12-07,3.0,3.375,3.0,3.375,3.375,4900
1999-12-08,3.5,3.5,3.25,3.375,3.375,5625
1999-12-09,3.375,3.5,3.25,3.25,3.25,6925
1999-12-10,3.5,3.5,3.0,3.5,3.5,5950
1999-12-13,3.0,3.5,3.0,3.5,3.5,625
1999-12-14,3.0,3.5,3.0,3.125,3.125,6800
1999-12-15,3.25,3.375,3.125,3.375,3.375,6100
1999-12-16,3.25,3.5,3.0,3.0,3.0,12425
1999-12-17,3.0,3.5,3.0,3.5,3.5,6075
1999-12-20,3.5,3.5,3.0,3.25,3.25,12500
1999-12-21,2.875,3.25,2.875,3.0,3.0,2400
1999-12-22,3.0,3.25,3.0,3.25,3.25,6150
1999-12-23,3.0,3.0,3.0,3.0,3.0,3550
1999-12-27,3.0,3.25,3.0,3.0,3.0,4550
1999-12-28,3.125,3.125,2.5,3.0,3.0,7900
1999-12-29,3.0,3.25,2.5,3.25,3.25,11950
1999-12-30,3.0,3.25,2.75,3.0,3.0,13250
1999-12-31,3.125,3.25,2.9375,3.0,3.0,11975
2000-01-03,3.125,3.5,3.0,3.375,3.375,375
2000-01-04,3.375,3.375,3.375,3.375,3.375,25
2000-01-05,3.125,3.25,2.75,3.25,3.25,18275
2000-01-06,3.0,3.0,3.0,3.0,3.0,700
2000-01-07,3.125,3.125,2.875,2.875,2.875,7150
2000-01-10,2.875,3.25,2.875,3.125,3.125,17700
2000-01-11,3.125,3.25,3.0,3.125,3.125,6550
2000-01-12,3.125,3.25,3.0,3.25,3.25,8100
2000-01-13,3.25,3.25,3.0,3.0,3.0,10225
2000-01-14,3.25,3.25,3.0,3.0,3.0,6375
2000-01-18,3.125,3.25,3.0,3.0,3.0,13600
2000-01-19,3.0,3.25,3.0,3.0,3.0,3225
2000-01-20,3.25,3.25,3.0,3.0,3.0,8625
2000-01-21,3.125,3.25,3.125,3.125,3.125,2625
2000-01-24,3.25,3.75,3.125,3.625,3.625,52225
2000-01-25,3.4375,4.25,3.4375,4.0,4.0,101550
2000-01-26,10.5,11.5,5.625,8.0,8.0,337975
2000-01-27,8.625,9.25,5.875,6.25,6.25,139650
2000-01-28,7.0,8.5,6.5,7.5,7.5,218975
2000-01-31,7.875,8.75,7.0,7.0,7.0,47575
2000-02-01,7.5,8.25,7.0,7.0,7.0,19775
2000-02-02,7.75,9.75,7.75,9.75,9.75,117175
2000-02-03,9.5,10.0,8.125,8.75,8.75,53050
2000-02-04,9.0,9.25,7.5,7.75,7.75,55775
2000-02-07,8.0,8.75,7.75,7.75,7.75,18400
2000-02-08,8.0,8.25,7.25,7.25,7.25,25500
2000-02-09,7.75,8.25,7.0,7.75,7.75,35325
2000-02-10,8.0,8.5,8.0,8.375,8.375,70175
2000-02-11,8.5,8.5,8.0,8.0,8.0,19300
2000-02-14,8.25,9.0,8.0,8.0,8.0,20075
2000-02-15,8.125,8.125,7.0,7.75,7.75,26725
2000-02-16,6.25,8.0,6.25,7.375,7.375,28475
2000-02-17,7.5,7.5,6.75,6.75,6.75,11425
2000-02-18,6.625,7.0,6.5,7.0,7.0,11950
2000-02-22,6.875,8.5,6.5,8.125,8.125,44000
2000-02-23,8.125,8.25,7.0,7.125,7.125,14400
2000-02-24,7.4375,7.75,7.4375,7.5,7.5,3925
2000-02-25,7.75,9.5,7.5,8.875,8.875,85775
2000-02-28,9.25,9.5,8.75,9.0,9.0,21725
2000-02-29,9.0,9.75,7.75,9.25,9.25,47775
2000-03-01,9.5,11.0,9.5,10.0,10.0,65200
2000-03-02,10.125,10.75,9.25,9.5,9.5,28075
2000-03-03,10.0,10.75,8.875,9.25,9.25,15975
2000-03-06,9.0,12.0,8.75,11.5,11.5,94575
2000-03-07,12.0,12.0,11.5,11.75,11.75,37975
2000-03-08,11.75,11.75,11.0,11.125,11.125,13450
2000-03-09,11.25,11.25,10.25,10.25,10.25,15350
2000-03-10,11.6875,14.0,11.125,13.0,13.0,119125
2000-03-13,13.25,13.25,12.0,12.125,12.125,32275
2000-03-14,12.25,12.75,11.0,11.25,11.25,24300
2000-03-15,11.75,11.75,10.25,11.0,11.0,10250
2000-03-16,11.25,11.5,10.5,11.0,11.0,14275
2000-03-17,10.25,11.5,10.125,11.25,11.25,16500
2000-03-20,11.75,12.0,8.875,10.0,10.0,22950
2000-03-21,8.5,10.0,7.75,7.75,7.75,26375
2000-03-22,8.0,10.25,7.75,8.75,8.75,48900
2000-03-23,9.625,10.0,8.75,8.75,8.75,13350
2000-03-24,8.5,8.75,8.125,8.5,8.5,10300
2000-03-27,8.75,9.0,8.0,8.125,8.125,17175
2000-03-28,8.0,8.125,7.5,8.125,8.125,10900
2000-03-29,7.75,8.0,7.0,7.75,7.75,5450
2000-03-30,7.0,7.375,7.0,7.25,7.25,6800
2000-03-31,7.0,7.5,7.0,7.5,7.5,4925
2000-04-03,7.5,7.5,6.0,6.25,6.25,12825
2000-04-04,7.0,8.375,6.75,7.5,7.5,59275
2000-04-05,7.875,7.875,7.5,7.5,7.5,15625
2000-04-06,7.75,7.75,6.75,7.75,7.75,9775
2000-04-07,7.75,7.75,7.25,7.5,7.5,2775
2000-04-10,7.375,7.5,6.75,7.0,7.0,5300
2000-04-11,7.25,7.5,6.0,6.125,6.125,8050
2000-04-12,7.25,7.25,6.0,6.25,6.25,9425
2000-04-13,6.0,7.0,5.0,5.75,5.75,15675
2000-04-14,5.25,5.75,4.75,5.25,5.25,11500
2000-04-17,5.0,5.25,4.75,4.75,4.75,10625
2000-04-18,5.375,5.75,4.75,5.375,5.375,10650
2000-04-19,4.75,5.0,4.25,4.5,4.5,12000
2000-04-20,4.75,5.0,4.0,4.5,4.5,3300
2000-04-24,4.5,4.75,4.4375,4.75,4.75,5150
2000-04-25,5.375,5.875,5.125,5.875,5.875,13475
2000-04-26,6.0,7.75,5.5,6.25,6.25,28100
2000-04-27,5.8125,7.25,5.8125,7.25,7.25,14725
2000-04-28,7.25,7.25,6.5,7.0,7.0,3225
2000-05-01,6.75,7.5,5.75,7.0,7.0,5175
2000-05-02,5.75,6.75,5.75,6.75,6.75,12825
2000-05-03,6.5,6.75,6.0,6.0,6.0,2425
2000-05-04,6.5,6.5,6.0,6.5,6.5,2825
2000-05-05,6.5,6.5,6.0,6.25,6.25,4800
2000-05-08,6.25,6.5,5.625,5.625,5.625,2550
2000-05-09,6.25,6.625,6.125,6.125,6.125,2825
2000-05-10,6.0,6.0,5.5,5.5,5.5,3400
2000-05-11,5.75,6.75,5.75,5.75,5.75,5175
2000-05-12,6.5,6.5,6.0,6.0,6.0,5900
2000-05-15,6.0,6.0,5.625,6.0,6.0,2300
2000-05-16,5.625,6.25,5.25,5.25,5.25,6025
2000-05-17,5.5,5.625,5.25,5.625,5.625,1500
2000-05-18,6.0,6.0,5.5,5.5,5.5,825
2000-05-19,5.5,5.5,5.25,5.5,5.5,1325
2000-05-22,5.75,6.0,5.625,5.625,5.625,12325
2000-05-23,5.875,5.875,5.625,5.875,5.875,5550
2000-05-24,6.0,6.0,5.25,5.25,5.25,10000
2000-05-25,5.375,5.5,5.0,5.125,5.125,6850
2000-05-26,5.1875,5.25,5.0,5.0,5.0,10450
2000-05-30,5.0,5.0,4.75,4.75,4.75,2850
2000-05-31,4.8125,4.875,4.625,4.625,4.625,3325
2000-06-01,4.75,4.75,4.5,4.625,4.625,2275
2000-06-02,4.875,5.0,4.625,4.75,4.75,9425
2000-06-05,4.875,4.875,4.625,4.625,4.625,1750
2000-06-06,4.625,5.0,4.625,4.75,4.75,13650
2000-06-07,4.875,5.25,4.75,5.25,5.25,6800
2000-06-08,5.25,5.25,4.75,5.0,5.0,2350
2000-06-09,5.125,5.375,5.125,5.25,5.25,6700
2000-06-12,5.125,5.125,5.125,5.125,5.125,4150
2000-06-13,5.25,5.75,5.25,5.75,5.75,3400
2000-06-14,5.6875,6.0,4.75,5.25,5.25,8625
2000-06-15,4.75,5.75,4.5,5.0,5.0,6825
2000-06-16,5.375,5.5,4.75,5.25,5.25,10175
2000-06-19,5.25,5.875,5.0,5.25,5.25,12950
2000-06-20,5.75,5.875,5.5,5.625,5.625,7500
2000-06-21,5.625,5.625,5.625,5.625,5.625,2575
2000-06-22,5.625,5.75,5.0,5.25,5.25,17200
2000-06-23,5.125,5.5,5.125,5.25,5.25,10275
2000-06-26,5.25,5.5,5.125,5.375,5.375,4925
2000-06-27,5.25,5.5,5.0,5.375,5.375,5425
2000-06-28,5.25,5.25,5.0,5.125,5.125,8625
2000-06-29,5.0625,5.5,4.75,5.0,5.0,24575
2000-06-30,4.8125,5.0,4.75,4.75,4.75,9175
2000-07-03,5.125,5.125,5.125,5.125,5.125,625
2000-07-05,4.9375,5.125,4.75,5.0,5.0,3975
2000-07-06,5.0,5.125,5.0,5.0,5.0,175
2000-07-07,5.0,5.0,4.875,4.875,4.875,4575
2000-07-10,4.875,5.0,4.875,4.875,4.875,2350
2000-07-11,4.875,5.0,4.625,4.625,4.625,6225
2000-07-12,4.875,4.875,4.625,4.625,4.625,3550
2000-07-13,4.625,4.875,4.625,4.625,4.625,4000
2000-07-14,4.875,4.875,4.5,4.75,4.75,10425
2000-07-17,4.75,4.75,4.5,4.75,4.75,14250
2000-07-18,4.625,4.875,4.625,4.625,4.625,4575
2000-07-19,4.75,4.75,4.5,4.5,4.5,8950
2000-07-20,4.5625,4.5625,4.375,4.5,4.5,4400
2000-07-21,4.5625,4.625,4.0,4.0,4.0,26775
2000-07-24,5.5,5.5,4.375,4.625,4.625,64225
2000-07-25,4.8125,5.0,4.625,4.75,4.75,15925
2000-07-26,5.0,5.0,4.375,4.625,4.625,15275
2000-07-27,4.5,4.625,4.375,4.625,4.625,3225
2000-07-28,4.375,4.5,4.25,4.25,4.25,2650
2000-07-31,4.125,4.25,4.125,4.125,4.125,4100
2000-08-01,4.25,4.25,4.0,4.0,4.0,9875
2000-08-02,4.0625,4.125,3.625,4.0,4.0,5275
2000-08-03,3.625,4.0,3.625,3.625,3.625,9750
2000-08-04,3.6875,3.75,3.625,3.625,3.625,2050
2000-08-07,3.625,3.75,3.5,3.75,3.75,15200
2000-08-08,3.5,3.5,3.25,3.375,3.375,8750
2000-08-09,3.3125,4.0,3.25,3.375,3.375,24775
2000-08-10,3.625,3.625,3.375,3.375,3.375,12575
2000-08-11,3.5,3.5,3.375,3.5,3.5,5400
2000-08-14,3.625,3.75,3.375,3.5,3.5,22325
2000-08-15,3.5,3.5,3.25,3.375,3.375,2625
2000-08-16,3.375,3.5,3.375,3.375,3.375,2675
2000-08-17,3.5,3.5,3.375,3.375,3.375,1775
2000-08-18,3.4375,3.625,3.375,3.5,3.5,22325
2000-08-21,3.375,3.375,3.375,3.375,3.375,1000
2000-08-22,3.5,3.5,3.25,3.375,3.375,10200
2000-08-23,3.25,3.25,3.125,3.125,3.125,5600
2000-08-24,3.1875,3.375,3.125,3.25,3.25,31350
2000-08-25,3.3125,3.375,3.125,3.375,3.375,23950
2000-08-28,3.375,3.75,3.375,3.375,3.375,12600
2000-08-29,3.375,3.5,3.25,3.25,3.25,12425
2000-08-30,3.25,3.25,3.25,3.25,3.25,4500
2000-08-31,3.25,3.25,3.25,3.25,3.25,2525
2000-09-01,3.375,3.375,3.25,3.375,3.375,8600
2000-09-05,3.3125,3.375,3.25,3.25,3.25,13150
2000-09-06,3.25,3.375,3.25,3.375,3.375,6075
2000-09-07,3.875,3.875,3.125,3.25,3.25,18625
2000-09-08,3.125,3.375,2.75,3.0,3.0,28225
2000-09-11,3.0,3.25,3.0,3.0,3.0,13075
2000-09-12,3.0,3.0,2.875,3.0,3.0,10450
2000-09-13,3.0,3.0,2.75,3.0,3.0,1225
2000-09-14,2.75,3.0,2.5,2.75,2.75,5975
2000-09-15,2.75,2.8125,2.5,2.625,2.625,7025
2000-09-18,2.625,2.75,2.5,2.5,2.5,7550
2000-09-19,2.625,2.625,2.5,2.625,2.625,19350
2000-09-20,2.6875,2.75,2.625,2.625,2.625,9450
2000-09-21,2.5,2.5,2.25,2.25,2.25,1700
2000-09-22,2.25,2.5,2.25,2.25,2.25,3650
2000-09-25,2.375,2.375,2.25,2.375,2.375,4500
2000-09-26,2.375,2.5,2.25,2.25,2.25,22200
2000-09-27,2.375,2.5,2.25,2.375,2.375,5250
2000-09-28,2.25,2.25,2.125,2.25,2.25,4375
2000-09-29,2.25,2.375,2.0,2.25,2.25,19150
2000-10-02,2.1875,2.25,2.0,2.125,2.125,13075
2000-10-03,2.125,2.125,1.75,1.75,1.75,2700
2000-10-04,1.5,1.875,1.375,1.75,1.75,10325
2000-10-05,1.75,1.75,1.625,1.75,1.75,4250
2000-10-06,1.625,1.75,1.625,1.75,1.75,6675
2000-10-09,1.5,2.0,1.5,2.0,2.0,13625
2000-10-10,2.125,2.125,2.0,2.125,2.125,2950
2000-10-11,2.1875,2.25,1.75,2.25,2.25,4100
2000-10-12,2.125,2.25,1.75,2.0,2.0,5900
2000-10-13,2.0,2.0,1.75,2.0,2.0,8725
2000-10-16,1.875,2.0625,1.5,1.5,1.5,10350
2000-10-17,1.5,1.75,1.375,1.5,1.5,2050
2000-10-18,1.5,1.5,1.5,1.5,1.5,1750
2000-10-19,1.5625,1.875,1.5,1.75,1.75,10475
2000-10-20,1.875,1.875,1.625,1.875,1.875,3175
2000-10-23,1.8125,2.0,1.625,2.0,2.0,11900
2000-10-24,1.75,1.75,1.5,1.5,1.5,2050
2000-10-25,1.5,1.875,1.5,1.75,1.75,3200
2000-10-26,1.625,1.75,1.625,1.75,1.75,4000
2000-10-27,1.75,1.75,1.75,1.75,1.75,0
2000-10-30,1.6875,1.6875,1.625,1.625,1.625,7025
2000-10-31,1.625,1.625,1.5,1.625,1.625,2725
2000-11-01,1.5,1.5,1.125,1.375,1.375,38475
2000-11-02,1.4375,1.5,1.25,1.25,1.25,2550
2000-11-03,1.3125,1.625,1.25,1.375,1.375,18225
2000-11-06,1.5,2.5,1.375,1.875,1.875,105425
2000-11-07,1.875,2.0,1.75,1.75,1.75,3850
2000-11-08,1.625,2.25,1.625,2.25,2.25,6050
2000-11-09,2.125,2.25,1.5,1.75,1.75,10500
2000-11-10,2.3125,2.3125,1.625,1.75,1.75,21275
2000-11-13,1.625,2.0625,1.375,1.5,1.5,9025
2000-11-14,1.5,1.75,1.5,1.625,1.625,18950
2000-11-15,1.75,1.75,1.5,1.5,1.5,13725
2000-11-16,1.375,1.625,1.375,1.5,1.5,5575
2000-11-17,1.5,1.625,1.5,1.5,1.5,7450
2000-11-20,1.5,1.625,1.5,1.5,1.5,6475
2000-11-21,1.625,1.625,1.375,1.375,1.375,15600
2000-11-22,0.25,1.375,0.25,1.125,1.125,23975
2000-11-24,1.125,1.125,1.125,1.125,1.125,4975
2000-11-27,1.0,1.25,0.75,0.75,0.75,15250
2000-11-28,0.75,0.875,0.75,0.875,0.875,4325
2000-11-29,0.75,0.75,0.75,0.75,0.75,16975
2000-11-30,0.625,0.875,0.625,0.875,0.875,35800
2000-12-01,0.875,1.25,0.8125,1.0,1.0,27425
2000-12-04,0.9375,1.125,0.875,0.875,0.875,3000
2000-12-05,0.875,1.0625,0.875,0.875,0.875,3525
2000-12-06,0.875,0.9375,0.6875,0.9375,0.9375,13050
2000-12-07,0.875,0.875,0.625,0.875,0.875,15675
2000-12-08,0.8125,0.875,0.625,0.75,0.75,33350
2000-12-11,0.75,0.9375,0.75,0.75,0.75,34800
2000-12-12,0.75,0.8125,0.75,0.8125,0.8125,5350
2000-12-13,0.75,0.8125,0.75,0.75,0.75,21250
2000-12-14,0.625,0.75,0.5625,0.5625,0.5625,20550
2000-12-15,0.6875,0.6875,0.5625,0.6875,0.6875,7450
2000-12-18,0.5625,0.6875,0.5625,0.5625,0.5625,6275
2000-12-19,0.5625,0.625,0.5625,0.625,0.625,10575
2000-12-20,0.5625,0.625,0.5625,0.625,0.625,45050
2000-12-21,0.5625,0.625,0.5625,0.5625,0.5625,8175
2000-12-22,0.5625,0.625,0.4375,0.5625,0.5625,18425
2000-12-26,0.5625,0.625,0.5,0.5,0.5,19775
2000-12-27,0.625,0.625,0.5,0.5,0.5,18050
2000-12-28,0.5,0.625,0.5,0.5,0.5,23350
2000-12-29,0.5,0.625,0.5,0.5,0.5,12775
2001-01-02,0.5,0.625,0.5,0.625,0.625,33975
2001-01-03,0.6875,0.6875,0.625,0.6875,0.6875,21475
2001-01-04,0.6875,0.6875,0.625,0.625,0.625,16550
2001-01-05,0.75,0.75,0.75,0.75,0.75,11625
2001-01-08,0.75,0.75,0.6875,0.75,0.75,12525
2001-01-09,0.6875,0.75,0.6875,0.6875,0.6875,14125
2001-01-10,0.6875,0.8125,0.6875,0.75,0.75,69475
2001-01-11,0.8125,0.875,0.75,0.875,0.875,16825
2001-01-12,0.875,1.0,0.8125,0.9375,0.9375,155200
2001-01-16,1.0,1.0625,0.9375,1.0625,1.0625,53775
2001-01-17,1.125,1.1875,1.0625,1.1875,1.1875,91825
2001-01-18,1.1875,1.1875,1.0,1.1875,1.1875,11775
2001-01-19,1.125,1.1875,1.0625,1.1875,1.1875,26500
2001-01-22,1.1875,1.1875,1.0625,1.1875,1.1875,22050
2001-01-23,1.125,1.1875,1.125,1.1875,1.1875,9250
2001-01-24,1.25,1.5,1.1875,1.375,1.375,18850
2001-01-25,1.5,1.5625,1.4375,1.5625,1.5625,5400
2001-01-26,1.5625,2.4375,1.4375,2.1875,2.1875,61275
2001-01-29,2.25,2.375,2.0,2.25,2.25,57375
2001-01-30,2.25,2.25,1.8125,2.125,2.125,3000
2001-01-31,1.8125,2.125,1.8125,1.8125,1.8125,10350
2001-02-01,1.8125,1.8125,1.8125,1.8125,1.8125,2225
2001-02-02,1.875,1.875,1.875,1.875,1.875,2000
2001-02-05,1.8125,1.8125,1.8125,1.8125,1.8125,2775
2001-02-06,1.75,1.8125,1.75,1.8125,1.8125,4625
2001-02-07,1.8125,1.8125,1.625,1.625,1.625,1125
2001-02-08,1.5,1.625,1.4375,1.4375,1.4375,11150
2001-02-09,1.5,1.5,1.5,1.5,1.5,12025
2001-02-12,1.5,1.625,1.5,1.5,1.5,13825
2001-02-13,1.5,1.5,1.5,1.5,1.5,325
2001-02-14,1.5,1.625,1.5,1.625,1.625,39925
2001-02-15,1.625,1.625,1.625,1.625,1.625,450
2001-02-16,1.625,1.625,1.625,1.625,1.625,875
2001-02-20,1.625,1.6875,1.5625,1.6875,1.6875,3775
2001-02-21,1.625,1.6875,1.5625,1.625,1.625,7200
2001-02-22,1.6875,1.6875,1.5625,1.5625,1.5625,11200
2001-02-23,1.625,1.625,1.4375,1.4375,1.4375,31550
2001-02-26,1.5,1.5,1.4375,1.5,1.5,6725
2001-02-27,1.5,1.5625,1.4375,1.5,1.5,34975
2001-02-28,1.4375,1.4375,1.4375,1.4375,1.4375,13950
2001-03-01,1.4375,1.5,1.375,1.375,1.375,25900
2001-03-02,1.375,1.375,1.375,1.375,1.375,11525
2001-03-05,1.375,1.375,1.3125,1.3125,1.3125,6150
2001-03-06,1.3125,1.3125,1.3125,1.3125,1.3125,1250
2001-03-07,1.3125,1.3125,1.3125,1.3125,1.3125,50
2001-03-08,1.375,1.375,1.3125,1.3125,1.3125,2725
2001-03-09,1.3125,1.375,1.3125,1.375,1.375,500
2001-03-12,1.3125,1.3125,1.3125,1.3125,1.3125,1150
2001-03-13,1.3125,1.3125,1.1875,1.25,1.25,10825
2001-03-14,1.125,1.125,0.875,0.875,0.875,46375
2001-03-15,0.9375,0.9375,0.8125,0.9375,0.9375,4625
2001-03-16,0.875,0.9375,0.8125,0.9375,0.9375,11925
2001-03-19,0.875,0.875,0.875,0.875,0.875,1050
2001-03-20,0.875,0.875,0.8125,0.8125,0.8125,6300
2001-03-21,0.8125,0.8125,0.8125,0.8125,0.8125,4875
2001-03-22,0.8125,0.8125,0.8125,0.8125,0.8125,5400
2001-03-23,0.8125,0.8125,0.8125,0.8125,0.8125,2500
2001-03-26,0.8125,0.8125,0.8125,0.8125,0.8125,4500
2001-03-27,0.8125,0.875,0.8125,0.875,0.875,12475
2001-03-28,0.875,0.875,0.875,0.875,0.875,2625
2001-03-29,0.8125,0.8125,0.75,0.75,0.75,10200
2001-03-30,0.8125,0.875,0.75,0.75,0.75,19475
2001-04-02,0.75,0.75,0.75,0.75,0.75,0
2001-04-03,0.75,0.75,0.75,0.75,0.75,200
2001-04-04,0.8125,0.8125,0.8125,0.8125,0.8125,1250
2001-04-05,0.75,0.8125,0.75,0.8125,0.8125,19525
2001-04-06,0.875,0.875,0.875,0.875,0.875,5375
2001-04-09,0.8799999952316284,1.0,0.8799999952316284,1.0,1.0,8750
2001-04-10,1.1200000047683716,1.1200000047683716,1.0399999618530273,1.1200000047683716,1.1200000047683716,16800
2001-04-11,1.1200000047683716,1.2400000095367432,1.0800000429153442,1.0800000429153442,1.0800000429153442,49300
2001-04-12,1.0800000429153442,1.0800000429153442,1.0800000429153442,1.0800000429153442,1.0800000429153442,0
2001-04-16,1.2400000095367432,1.2400000095367432,1.1200000047683716,1.2400000095367432,1.2400000095367432,8700
2001-04-17,1.2000000476837158,1.2000000476837158,1.1200000047683716,1.1200000047683716,1.1200000047683716,950
2001-04-18,1.1200000047683716,1.2400000095367432,1.1200000047683716,1.2400000095367432,1.2400000095367432,48075
2001-04-19,1.2000000476837158,1.3200000524520874,1.1200000047683716,1.2799999713897705,1.2799999713897705,74775
2001-04-20,1.3600000143051147,1.399999976158142,1.2799999713897705,1.2799999713897705,1.2799999713897705,23450
2001-04-23,1.399999976158142,1.399999976158142,1.3200000524520874,1.3600000143051147,1.3600000143051147,34125
2001-04-24,1.3600000143051147,1.4800000190734863,1.3600000143051147,1.4800000190734863,1.4800000190734863,12000
2001-04-25,1.4800000190734863,1.4800000190734863,1.399999976158142,1.399999976158142,1.399999976158142,6250
2001-04-26,1.399999976158142,1.5199999809265137,1.399999976158142,1.5199999809265137,1.5199999809265137,44000
2001-04-27,1.559999942779541,1.559999942779541,1.440000057220459,1.559999942779541,1.559999942779541,11375
2001-04-30,1.559999942779541,1.559999942779541,1.440000057220459,1.559999942779541,1.559999942779541,4150
2001-05-01,1.399999976158142,1.399999976158142,1.399999976158142,1.399999976158142,1.399999976158142,350
2001-05-02,1.399999976158142,1.5199999809265137,1.399999976158142,1.4800000190734863,1.4800000190734863,31050
2001-05-03,1.3600000143051147,1.5199999809265137,1.3600000143051147,1.5199999809265137,1.5199999809265137,1500
2001-05-04,1.440000057220459,1.7999999523162842,1.440000057220459,1.7999999523162842,1.7999999523162842,55550
2001-05-07,1.7599999904632568,2.0399999618530273,1.7599999904632568,2.0,2.0,36600
2001-05-08,2.119999885559082,2.359999895095825,2.0,2.1600000858306885,2.1600000858306885,32125
2001-05-09,2.1600000858306885,2.1600000858306885,1.7999999523162842,2.0399999618530273,2.0399999618530273,5000
2001-05-10,2.0399999618530273,2.0399999618530273,2.0399999618530273,2.0399999618530273,2.0399999618530273,0
2001-05-11,2.0,2.0,1.7200000286102295,1.7200000286102295,1.7200000286102295,2450
2001-05-14,1.7200000286102295,1.7999999523162842,1.7200000286102295,1.7999999523162842,1.7999999523162842,400
2001-05-15,1.7200000286102295,1.7200000286102295,1.7200000286102295,1.7200000286102295,1.7200000286102295,375
2001-05-16,1.7999999523162842,1.7999999523162842,1.6799999475479126,1.6799999475479126,1.6799999475479126,16500
2001-05-17,1.6399999856948853,1.6799999475479126,1.6399999856948853,1.6799999475479126,1.6799999475479126,4500
2001-05-18,1.6399999856948853,1.6799999475479126,1.600000023841858,1.600000023841858,1.600000023841858,4100
2001-05-21,1.600000023841858,1.600000023841858,1.600000023841858,1.600000023841858,1.600000023841858,5125
2001-05-22,1.600000023841858,1.6799999475479126,1.600000023841858,1.600000023841858,1.600000023841858,5950
2001-05-23,1.5199999809265137,1.5199999809265137,1.2799999713897705,1.3600000143051147,1.3600000143051147,22775
2001-05-24,1.399999976158142,1.6399999856948853,1.399999976158142,1.6399999856948853,1.6399999856948853,29500
2001-05-25,1.6799999475479126,1.6799999475479126,1.559999942779541,1.600000023841858,1.600000023841858,10250
2001-05-29,1.600000023841858,1.600000023841858,1.600000023841858,1.600000023841858,1.600000023841858,250
2001-05-30,1.600000023841858,1.600000023841858,1.600000023841858,1.600000023841858,1.600000023841858,75
2001-05-31,1.5199999809265137,1.5199999809265137,1.5199999809265137,1.5199999809265137,1.5199999809265137,450
2001-06-01,1.5199999809265137,1.600000023841858,1.5199999809265137,1.600000023841858,1.600000023841858,12625
2001-06-04,1.600000023841858,1.6799999475479126,1.600000023841858,1.600000023841858,1.600000023841858,5475
2001-06-05,1.600000023841858,1.600000023841858,1.600000023841858,1.600000023841858,1.600000023841858,10500
2001-06-06,1.5199999809265137,1.5199999809265137,1.5199999809265137,1.5199999809265137,1.5199999809265137,1750
2001-06-07,1.5199999809265137,1.5199999809265137,1.440000057220459,1.440000057220459,1.440000057220459,3000
2001-06-08,1.440000057220459,1.440000057220459,1.440000057220459,1.440000057220459,1.440000057220459,2625
2001-06-11,1.4800000190734863,1.4800000190734863,1.440000057220459,1.4800000190734863,1.4800000190734863,4750
2001-06-12,1.440000057220459,1.440000057220459,1.440000057220459,1.440000057220459,1.440000057220459,2375
2001-06-13,1.4800000190734863,1.7999999523162842,1.4800000190734863,1.7200000286102295,1.7200000286102295,17925
2001-06-14,1.7200000286102295,1.7200000286102295,1.6799999475479126,1.7200000286102295,1.7200000286102295,5125
2001-06-15,1.7200000286102295,1.7200000286102295,1.600000023841858,1.7200000286102295,1.7200000286102295,1525
2001-06-18,1.7200000286102295,1.7200000286102295,1.7200000286102295,1.7200000286102295,1.7200000286102295,0
2001-06-19,1.7200000286102295,1.7200000286102295,1.440000057220459,1.440000057220459,1.440000057220459,9575
2001-06-20,1.440000057220459,1.440000057220459,1.440000057220459,1.440000057220459,1.440000057220459,0
2001-06-21,1.3600000143051147,1.3600000143051147,1.3600000143051147,1.3600000143051147,1.3600000143051147,175
2001-06-22,1.440000057220459,1.440000057220459,1.3600000143051147,1.3600000143051147,1.3600000143051147,2800
2001-06-25,1.2799999713897705,1.3600000143051147,1.2799999713897705,1.3600000143051147,1.3600000143051147,6225
2001-06-26,1.3600000143051147,1.3600000143051147,1.2000000476837158,1.2400000095367432,1.2400000095367432,22375
2001-06-27,1.2400000095367432,1.3200000524520874,1.2400000095367432,1.3200000524520874,1.3200000524520874,5750
2001-06-28,1.3200000524520874,1.3200000524520874,1.3200000524520874,1.3200000524520874,1.3200000524520874,1250
2001-06-29,1.3600000143051147,1.3600000143051147,1.3600000143051147,1.3600000143051147,1.3600000143051147,125
2001-07-02,1.3600000143051147,1.3600000143051147,1.2799999713897705,1.2799999713897705,1.2799999713897705,1500
2001-07-03,1.2799999713897705,1.3600000143051147,1.2799999713897705,1.3600000143051147,1.3600000143051147,4025
2001-07-05,1.3600000143051147,1.3600000143051147,1.2799999713897705,1.3200000524520874,1.3200000524520874,6475
2001-07-06,1.3600000143051147,1.3600000143051147,1.3200000524520874,1.3200000524520874,1.3200000524520874,5000
2001-07-09,1.3200000524520874,1.4800000190734863,1.3200000524520874,1.3600000143051147,1.3600000143051147,9900
2001-07-10,1.4800000190734863,1.4800000190734863,1.4800000190734863,1.4800000190734863,1.4800000190734863,2250
2001-07-11,1.4800000190734863,1.4800000190734863,1.2799999713897705,1.3200000524520874,1.3200000524520874,12200
2001-07-12,1.2400000095367432,1.2799999713897705,1.2400000095367432,1.2400000095367432,1.2400000095367432,500
2001-07-13,1.3200000524520874,1.440000057220459,1.3200000524520874,1.440000057220459,1.440000057220459,11250
2001-07-16,1.3200000524520874,1.399999976158142,1.3200000524520874,1.399999976158142,1.399999976158142,27825
2001-07-17,1.3600000143051147,1.399999976158142,1.3600000143051147,1.3600000143051147,1.3600000143051147,2300
2001-07-18,1.3600000143051147,1.3600000143051147,1.3600000143051147,1.3600000143051147,1.3600000143051147,0
2001-07-19,1.399999976158142,1.399999976158142,1.3600000143051147,1.3600000143051147,1.3600000143051147,1875
2001-07-20,1.3600000143051147,1.3600000143051147,1.2400000095367432,1.3200000524520874,1.3200000524520874,925
2001-07-23,1.399999976158142,1.399999976158142,1.2799999713897705,1.2799999713897705,1.2799999713897705,9975
2001-07-24,1.2799999713897705,1.2799999713897705,1.2799999713897705,1.2799999713897705,1.2799999713897705,0
2001-07-25,1.2799999713897705,1.2799999713897705,1.2799999713897705,1.2799999713897705,1.2799999713897705,0
2001-07-26,1.2799999713897705,1.3200000524520874,1.2400000095367432,1.3200000524520874,1.3200000524520874,8600
2001-07-27,1.2400000095367432,1.2799999713897705,1.2400000095367432,1.2400000095367432,1.2400000095367432,3950
2001-07-30,1.2400000095367432,1.2400000095367432,1.2400000095367432,1.2400000095367432,1.2400000095367432,125
2001-07-31,1.2400000095367432,1.2400000095367432,1.2400000095367432,1.2400000095367432,1.2400000095367432,0
2001-08-01,1.2400000095367432,1.399999976158142,1.2400000095367432,1.399999976158142,1.399999976158142,1075
2001-08-02,1.2400000095367432,1.3600000143051147,1.2400000095367432,1.3600000143051147,1.3600000143051147,850
2001-08-03,1.3600000143051147,1.3600000143051147,1.3200000524520874,1.3200000524520874,1.3200000524520874,3775
2001-08-06,1.3200000524520874,1.3200000524520874,1.3200000524520874,1.3200000524520874,1.3200000524520874,600
2001-08-07,1.3200000524520874,1.399999976158142,1.3200000524520874,1.3200000524520874,1.3200000524520874,4450
2001-08-08,1.3200000524520874,1.399999976158142,1.3200000524520874,1.399999976158142,1.399999976158142,17975
2001-08-09,1.3200000524520874,1.3200000524520874,1.2000000476837158,1.2000000476837158,1.2000000476837158,14925
2001-08-10,1.399999976158142,1.399999976158142,1.2799999713897705,1.2799999713897705,1.2799999713897705,1200
2001-08-13,1.399999976158142,1.440000057220459,1.3600000143051147,1.440000057220459,1.440000057220459,25300
2001-08-14,1.399999976158142,1.6399999856948853,1.399999976158142,1.5199999809265137,1.5199999809265137,18725
2001-08-15,1.5199999809265137,1.5199999809265137,1.5199999809265137,1.5199999809265137,1.5199999809265137,6250
2001-08-16,1.6399999856948853,1.7999999523162842,1.399999976158142,1.7999999523162842,1.7999999523162842,17125
2001-08-17,1.7999999523162842,1.7999999523162842,1.600000023841858,1.7599999904632568,1.7599999904632568,4200
2001-08-20,1.7599999904632568,1.9199999570846558,1.6799999475479126,1.840000033378601,1.840000033378601,37750
2001-08-21,1.7599999904632568,1.840000033378601,1.7599999904632568,1.840000033378601,1.840000033378601,4825
2001-08-22,1.840000033378601,1.840000033378601,1.7200000286102295,1.7200000286102295,1.7200000286102295,34200
2001-08-23,1.7200000286102295,1.7999999523162842,1.7200000286102295,1.7599999904632568,1.7599999904632568,13700
2001-08-24,1.840000033378601,1.9199999570846558,1.840000033378601,1.840000033378601,1.840000033378601,14075
2001-08-27,1.7999999523162842,2.0,1.7999999523162842,2.0,2.0,1075
2001-08-28,2.0,2.0,2.0,2.0,2.0,5000
2001-08-29,2.0,2.0,1.840000033378601,1.9199999570846558,1.9199999570846558,3225
2001-08-30,1.840000033378601,2.0,1.840000033378601,2.0,2.0,7300
2001-08-31,2.0,2.0,1.840000033378601,2.0,2.0,19625
2001-09-04,1.8799999952316284,1.8799999952316284,1.8799999952316284,1.8799999952316284,1.8799999952316284,5700
2001-09-05,1.7999999523162842,1.7999999523162842,1.7599999904632568,1.7599999904632568,1.7599999904632568,10450
2001-09-06,1.7599999904632568,1.840000033378601,1.6399999856948853,1.7999999523162842,1.7999999523162842,17875
2001-09-07,1.7200000286102295,1.7599999904632568,1.6399999856948853,1.6799999475479126,1.6799999475479126,10000
2001-09-10,1.6799999475479126,1.7999999523162842,1.6799999475479126,1.7999999523162842,1.7999999523162842,7450
2001-09-17,1.6399999856948853,1.7999999523162842,1.6399999856948853,1.7999999523162842,1.7999999523162842,2500
2001-09-18,1.600000023841858,1.7999999523162842,1.600000023841858,1.6399999856948853,1.6399999856948853,1650
2001-09-19,1.600000023841858,1.6399999856948853,1.4800000190734863,1.5199999809265137,1.5199999809265137,13050
2001-09-20,1.4800000190734863,1.4800000190734863,1.2799999713897705,1.2799999713897705,1.2799999713897705,9475
2001-09-21,1.2799999713897705,1.2799999713897705,1.2799999713897705,1.2799999713897705,1.2799999713897705,4325
2001-09-24,1.2000000476837158,1.399999976158142,1.2000000476837158,1.399999976158142,1.399999976158142,20375
2001-09-25,1.4800000190734863,1.559999942779541,1.2400000095367432,1.4800000190734863,1.4800000190734863,16050
2001-09-26,1.4800000190734863,1.4800000190734863,1.399999976158142,1.399999976158142,1.399999976158142,5625
2001-09-27,1.2799999713897705,1.2799999713897705,1.2799999713897705,1.2799999713897705,1.2799999713897705,50
2001-09-28,1.3200000524520874,1.440000057220459,1.3200000524520874,1.440000057220459,1.440000057220459,1875
2001-10-01,1.440000057220459,1.4800000190734863,1.440000057220459,1.4800000190734863,1.4800000190734863,5000
2001-10-02,1.440000057220459,1.600000023841858,1.440000057220459,1.440000057220459,1.440000057220459,5050
2001-10-03,1.399999976158142,1.399999976158142,1.3600000143051147,1.3600000143051147,1.3600000143051147,15700
2001-10-04,1.600000023841858,1.6399999856948853,1.5199999809265137,1.559999942779541,1.559999942779541,12875
2001-10-05,1.399999976158142,1.399999976158142,1.399999976158142,1.399999976158142,1.399999976158142,375
2001-10-08,1.4800000190734863,1.4800000190734863,1.4800000190734863,1.4800000190734863,1.4800000190734863,750
2001-10-09,1.4800000190734863,1.4800000190734863,1.4800000190734863,1.4800000190734863,1.4800000190734863,375
2001-10-10,1.4800000190734863,1.4800000190734863,1.4800000190734863,1.4800000190734863,1.4800000190734863,500
2001-10-11,1.440000057220459,1.440000057220459,1.440000057220459,1.440000057220459,1.440000057220459,625
2001-10-12,1.4800000190734863,1.4800000190734863,1.440000057220459,1.440000057220459,1.440000057220459,2500
2001-10-15,1.4800000190734863,1.5199999809265137,1.4800000190734863,1.5199999809265137,1.5199999809265137,3500
2001-10-16,1.6399999856948853,1.6399999856948853,1.5199999809265137,1.5199999809265137,1.5199999809265137,2500
2001-10-17,1.7599999904632568,2.5199999809265137,1.600000023841858,2.4000000953674316,2.4000000953674316,58325
2001-10-18,2.319999933242798,2.4000000953674316,1.9199999570846558,2.0,2.0,23675
2001-10-19,2.0399999618530273,2.0399999618530273,2.0,2.0,2.0,3425
2001-10-22,2.0799999237060547,2.0799999237060547,1.9199999570846558,1.9199999570846558,1.9199999570846558,8425
2001-10-23,1.9199999570846558,1.9199999570846558,1.840000033378601,1.840000033378601,1.840000033378601,1450
2001-10-24,1.9600000381469727,1.9600000381469727,1.9600000381469727,1.9600000381469727,1.9600000381469727,18875
2001-10-25,1.9199999570846558,1.9199999570846558,1.9199999570846558,1.9199999570846558,1.9199999570846558,1600
2001-10-26,2.0,2.0,1.840000033378601,2.0,2.0,21300
2001-10-29,2.0,2.0,1.7999999523162842,1.7999999523162842,1.7999999523162842,500
2001-10-30,1.7999999523162842,2.0,1.7599999904632568,1.9600000381469727,1.9600000381469727,10425
2001-10-31,2.0,2.0399999618530273,1.7999999523162842,2.0,2.0,72050
2001-11-01,2.0399999618530273,2.119999885559082,2.0399999618530273,2.0799999237060547,2.0799999237060547,2225
2001-11-02,2.0799999237060547,2.0799999237060547,2.0799999237060547,2.0799999237060547,2.0799999237060547,1875
2001-11-05,1.840000033378601,1.840000033378601,1.840000033378601,1.840000033378601,1.840000033378601,1625
2001-11-06,2.0399999618530273,2.1600000858306885,1.9199999570846558,1.9600000381469727,1.9600000381469727,36250
2001-11-07,1.8799999952316284,1.9600000381469727,1.840000033378601,1.840000033378601,1.840000033378601,12850
2001-11-08,1.7999999523162842,1.7999999523162842,1.600000023841858,1.600000023841858,1.600000023841858,11800
2001-11-09,1.600000023841858,1.600000023841858,1.440000057220459,1.5199999809265137,1.5199999809265137,35850
2001-11-12,1.600000023841858,1.6799999475479126,1.5199999809265137,1.6399999856948853,1.6399999856948853,10425
2001-11-13,1.600000023841858,1.7599999904632568,1.600000023841858,1.7599999904632568,1.7599999904632568,3700
2001-11-14,1.7599999904632568,1.7599999904632568,1.600000023841858,1.600000023841858,1.600000023841858,2950
2001-11-15,1.6799999475479126,1.6799999475479126,1.5199999809265137,1.6399999856948853,1.6399999856948853,11200
2001-11-16,1.4800000190734863,1.600000023841858,1.4800000190734863,1.600000023841858,1.600000023841858,1650
2001-11-19,1.440000057220459,1.440000057220459,1.440000057220459,1.440000057220459,1.440000057220459,325
2001-11-20,1.440000057220459,1.4800000190734863,1.440000057220459,1.4800000190734863,1.4800000190734863,2575
2001-11-21,1.4800000190734863,1.4800000190734863,1.4800000190734863,1.4800000190734863,1.4800000190734863,1250
2001-11-23,1.399999976158142,1.559999942779541,1.399999976158142,1.4800000190734863,1.4800000190734863,35375
2001-11-26,1.4800000190734863,1.600000023841858,1.4800000190734863,1.600000023841858,1.600000023841858,2775
2001-11-27,1.6399999856948853,1.6399999856948853,1.399999976158142,1.399999976158142,1.399999976158142,1700
2001-11-28,1.600000023841858,1.7200000286102295,1.4800000190734863,1.5199999809265137,1.5199999809265137,26375
2001-11-29,1.5199999809265137,1.6799999475479126,1.5199999809265137,1.6799999475479126,1.6799999475479126,9550
2001-11-30,1.4800000190734863,1.4800000190734863,1.440000057220459,1.440000057220459,1.440000057220459,1850
2001-12-03,1.440000057220459,1.440000057220459,1.440000057220459,1.440000057220459,1.440000057220459,400
2001-12-04,1.440000057220459,1.440000057220459,1.440000057220459,1.440000057220459,1.440000057220459,250
2001-12-05,1.440000057220459,1.6399999856948853,1.440000057220459,1.440000057220459,1.440000057220459,1000
2001-12-06,1.440000057220459,1.440000057220459,1.440000057220459,1.440000057220459,1.440000057220459,250
2001-12-07,1.4800000190734863,1.4800000190734863,1.4800000190734863,1.4800000190734863,1.4800000190734863,4250
2001-12-10,1.440000057220459,1.559999942779541,1.3600000143051147,1.3600000143051147,1.3600000143051147,25125
2001-12-11,1.5199999809265137,1.5199999809265137,1.399999976158142,1.5199999809265137,1.5199999809265137,6025
2001-12-12,1.399999976158142,1.399999976158142,1.399999976158142,1.399999976158142,1.399999976158142,750
2001-12-13,1.399999976158142,1.399999976158142,1.399999976158142,1.399999976158142,1.399999976158142,375
2001-12-14,1.399999976158142,1.399999976158142,1.3600000143051147,1.3600000143051147,1.3600000143051147,3225
2001-12-17,1.399999976158142,1.399999976158142,1.399999976158142,1.399999976158142,1.399999976158142,6900
2001-12-18,1.559999942779541,1.559999942779541,1.3600000143051147,1.3600000143051147,1.3600000143051147,3275
2001-12-19,1.559999942779541,1.559999942779541,1.399999976158142,1.399999976158142,1.399999976158142,875
2001-12-20,1.399999976158142,1.399999976158142,1.399999976158142,1.399999976158142,1.399999976158142,725
2001-12-21,1.399999976158142,1.559999942779541,1.3600000143051147,1.3600000143051147,1.3600000143051147,11525
2001-12-24,1.399999976158142,1.5199999809265137,1.399999976158142,1.399999976158142,1.399999976158142,700
2001-12-26,1.399999976158142,1.5199999809265137,1.399999976158142,1.5199999809265137,1.5199999809265137,3525
2001-12-27,1.399999976158142,1.5199999809265137,1.399999976158142,1.5199999809265137,1.5199999809265137,2300
2001-12-28,1.399999976158142,1.5199999809265137,1.399999976158142,1.5199999809265137,1.5199999809265137,9725
2001-12-31,1.399999976158142,1.5199999809265137,1.399999976158142,1.4800000190734863,1.4800000190734863,5450
2002-01-02,1.5199999809265137,1.5199999809265137,1.399999976158142,1.5199999809265137,1.5199999809265137,13425
2002-01-03,1.399999976158142,1.600000023841858,1.399999976158142,1.600000023841858,1.600000023841858,18500
2002-01-04,1.559999942779541,1.7200000286102295,1.559999942779541,1.600000023841858,1.600000023841858,5775
2002-01-07,1.7200000286102295,1.7200000286102295,1.600000023841858,1.6799999475479126,1.6799999475479126,9950
2002-01-08,1.6799999475479126,1.6799999475479126,1.6799999475479126,1.6799999475479126,1.6799999475479126,2850
2002-01-09,1.7200000286102295,1.7200000286102295,1.6799999475479126,1.6799999475479126,1.6799999475479126,20325
2002-01-10,1.600000023841858,1.600000023841858,1.600000023841858,1.600000023841858,1.600000023841858,175
2002-01-11,1.6799999475479126,1.7999999523162842,1.600000023841858,1.7999999523162842,1.7999999523162842,40000
2002-01-14,1.7999999523162842,1.7999999523162842,1.6399999856948853,1.6399999856948853,1.6399999856948853,4225
2002-01-15,1.7999999523162842,1.7999999523162842,1.559999942779541,1.559999942779541,1.559999942779541,1275
2002-01-16,1.600000023841858,1.7599999904632568,1.600000023841858,1.7599999904632568,1.7599999904632568,1500
2002-01-17,1.7599999904632568,1.7599999904632568,1.6399999856948853,1.7599999904632568,1.7599999904632568,750
2002-01-18,1.6399999856948853,1.7599999904632568,1.6399999856948853,1.7599999904632568,1.7599999904632568,725
2002-01-22,1.600000023841858,1.7599999904632568,1.600000023841858,1.7599999904632568,1.7599999904632568,10175
2002-01-23,1.6399999856948853,1.6399999856948853,1.6399999856948853,1.6399999856948853,1.6399999856948853,50
2002-01-24,1.6399999856948853,1.6799999475479126,1.6399999856948853,1.6799999475479126,1.6799999475479126,500
2002-01-25,1.7599999904632568,1.7599999904632568,1.7599999904632568,1.7599999904632568,1.7599999904632568,500
2002-01-28,1.6799999475479126,1.7999999523162842,1.6799999475479126,1.6799999475479126,1.6799999475479126,5350
2002-01-29,1.7999999523162842,1.7999999523162842,1.6799999475479126,1.7200000286102295,1.7200000286102295,7875
2002-01-30,1.6799999475479126,1.6799999475479126,1.5199999809265137,1.600000023841858,1.600000023841858,9650
2002-01-31,1.600000023841858,1.600000023841858,1.5199999809265137,1.5199999809265137,1.5199999809265137,300
2002-02-01,1.5199999809265137,1.7599999904632568,1.440000057220459,1.7599999904632568,1.7599999904632568,7825
2002-02-04,1.7599999904632568,1.7599999904632568,1.6799999475479126,1.7599999904632568,1.7599999904632568,4175
2002-02-05,1.7599999904632568,1.7599999904632568,1.7599999904632568,1.7599999904632568,1.7599999904632568,0
2002-02-06,1.5199999809265137,1.7599999904632568,1.5199999809265137,1.600000023841858,1.600000023841858,7300
2002-02-07,1.600000023841858,1.6799999475479126,1.4800000190734863,1.6799999475479126,1.6799999475479126,2300
2002-02-08,1.559999942779541,1.6799999475479126,1.559999942779541,1.559999942779541,1.559999942779541,2050
2002-02-11,1.559999942779541,1.600000023841858,1.559999942779541,1.559999942779541,1.559999942779541,925
2002-02-12,1.559999942779541,1.6799999475479126,1.559999942779541,1.6799999475479126,1.6799999475479126,2575
2002-02-13,1.6799999475479126,1.6799999475479126,1.559999942779541,1.600000023841858,1.600000023841858,4725
2002-02-14,1.559999942779541,1.6399999856948853,1.559999942779541,1.559999942779541,1.559999942779541,3825
2002-02-15,1.559999942779541,1.6399999856948853,1.559999942779541,1.6399999856948853,1.6399999856948853,4000
2002-02-19,1.6399999856948853,1.6399999856948853,1.6399999856948853,1.6399999856948853,1.6399999856948853,6500
2002-02-20,1.399999976158142,1.6399999856948853,1.399999976158142,1.6399999856948853,1.6399999856948853,3025
2002-02-21,1.5199999809265137,1.6399999856948853,1.5199999809265137,1.5199999809265137,1.5199999809265137,2400
2002-02-22,1.6399999856948853,1.6399999856948853,1.440000057220459,1.440000057220459,1.440000057220459,750
2002-02-25,1.6399999856948853,1.6399999856948853,1.4800000190734863,1.4800000190734863,1.4800000190734863,2500
2002-02-26,1.5199999809265137,1.5199999809265137,1.440000057220459,1.440000057220459,1.440000057220459,12525
2002-02-27,1.5199999809265137,1.5199999809265137,1.4800000190734863,1.4800000190734863,1.4800000190734863,4750
2002-02-28,1.399999976158142,1.4800000190734863,1.399999976158142,1.4800000190734863,1.4800000190734863,2350
2002-03-01,1.5199999809265137,1.5199999809265137,1.5199999809265137,1.5199999809265137,1.5199999809265137,500
2002-03-04,1.5199999809265137,1.5199999809265137,1.399999976158142,1.399999976158142,1.399999976158142,4375
2002-03-05,1.399999976158142,1.440000057220459,1.399999976158142,1.440000057220459,1.440000057220459,5225
2002-03-06,1.5199999809265137,1.5199999809265137,1.399999976158142,1.399999976158142,1.399999976158142,1525
2002-03-07,1.5199999809265137,1.5199999809265137,1.5199999809265137,1.5199999809265137,1.5199999809265137,1000
2002-03-08,1.5199999809265137,1.5199999809265137,1.399999976158142,1.5199999809265137,1.5199999809265137,1425
2002-03-11,1.5199999809265137,1.5199999809265137,1.399999976158142,1.5199999809265137,1.5199999809265137,3125
2002-03-12,1.5199999809265137,1.5199999809265137,1.5199999809265137,1.5199999809265137,1.5199999809265137,4550
2002-03-13,1.399999976158142,1.600000023841858,1.399999976158142,1.4800000190734863,1.4800000190734863,20750
2002-03-14,1.4800000190734863,1.4800000190734863,1.4800000190734863,1.4800000190734863,1.4800000190734863,3775
2002-03-15,1.4800000190734863,1.600000023841858,1.4800000190734863,1.600000023841858,1.600000023841858,4300
2002-03-18,1.4800000190734863,1.4800000190734863,1.4800000190734863,1.4800000190734863,1.4800000190734863,5000
2002-03-19,1.600000023841858,1.600000023841858,1.600000023841858,1.600000023841858,1.600000023841858,5000
2002-03-20,1.559999942779541,1.559999942779541,1.4800000190734863,1.4800000190734863,1.4800000190734863,5300
2002-03-21,1.4800000190734863,1.600000023841858,1.4800000190734863,1.600000023841858,1.600000023841858,6000
2002-03-22,1.600000023841858,1.600000023841858,1.600000023841858,1.600000023841858,1.600000023841858,1300
2002-03-25,1.600000023841858,1.600000023841858,1.600000023841858,1.600000023841858,1.600000023841858,16250
2002-03-26,1.600000023841858,1.600000023841858,1.5199999809265137,1.559999942779541,1.559999942779541,10500
2002-03-27,1.600000023841858,1.600000023841858,1.4800000190734863,1.600000023841858,1.600000023841858,9125
2002-03-28,1.600000023841858,1.600000023841858,1.4800000190734863,1.4800000190734863,1.4800000190734863,20050
2002-04-01,1.4800000190734863,1.6799999475479126,1.4800000190734863,1.5199999809265137,1.5199999809265137,6750
2002-04-02,1.600000023841858,1.6799999475479126,1.559999942779541,1.6399999856948853,1.6399999856948853,32650
2002-04-03,1.6399999856948853,1.6399999856948853,1.600000023841858,1.600000023841858,1.600000023841858,8475
2002-04-04,1.6799999475479126,2.0,1.600000023841858,1.7599999904632568,1.7599999904632568,71675
2002-04-05,2.0399999618530273,2.0399999618530273,1.7599999904632568,1.840000033378601,1.840000033378601,21975
2002-04-08,2.0399999618530273,2.0399999618530273,1.840000033378601,1.840000033378601,1.840000033378601,10300
2002-04-09,1.7200000286102295,1.8799999952316284,1.7200000286102295,1.7599999904632568,1.7599999904632568,2050
2002-04-10,1.6799999475479126,1.6799999475479126,1.6799999475479126,1.6799999475479126,1.6799999475479126,250
2002-04-11,1.6799999475479126,1.6799999475479126,1.6799999475479126,1.6799999475479126,1.6799999475479126,0
2002-04-12,1.9199999570846558,2.0399999618530273,1.840000033378601,2.0399999618530273,2.0399999618530273,5650
2002-04-15,2.0399999618530273,2.0399999618530273,1.7999999523162842,2.0,2.0,11000
2002-04-16,2.0399999618530273,2.0399999618530273,1.7999999523162842,2.0399999618530273,2.0399999618530273,3650
2002-04-17,2.0399999618530273,2.0399999618530273,1.7599999904632568,1.8799999952316284,1.8799999952316284,9250
2002-04-18,2.0399999618530273,2.0799999237060547,1.9199999570846558,2.0,2.0,17250
2002-04-19,2.200000047683716,2.240000009536743,2.0799999237060547,2.200000047683716,2.200000047683716,12150
2002-04-22,2.200000047683716,2.200000047683716,2.0,2.0799999237060547,2.0799999237060547,7225
2002-04-23,2.1600000858306885,2.200000047683716,1.9600000381469727,2.200000047683716,2.200000047683716,7500
2002-04-24,2.119999885559082,2.200000047683716,2.0399999618530273,2.200000047683716,2.200000047683716,11575
2002-04-25,2.1600000858306885,2.559999942779541,2.1600000858306885,2.559999942779541,2.559999942779541,46850
2002-04-26,2.559999942779541,2.7200000286102295,2.440000057220459,2.5199999809265137,2.5199999809265137,9500
2002-04-29,2.5199999809265137,2.5999999046325684,2.4000000953674316,2.440000057220459,2.440000057220459,14775
2002-04-30,2.440000057220459,2.5999999046325684,2.240000009536743,2.240000009536743,2.240000009536743,33050
2002-05-01,2.240000009536743,2.4800000190734863,2.240000009536743,2.359999895095825,2.359999895095825,22900
2002-05-02,2.440000057220459,2.5199999809265137,2.4000000953674316,2.4000000953674316,2.4000000953674316,42900
2002-05-03,2.5199999809265137,2.5199999809265137,2.359999895095825,2.440000057220459,2.440000057220459,36000
2002-05-06,2.440000057220459,2.440000057220459,2.4000000953674316,2.4000000953674316,2.4000000953674316,2425
2002-05-07,2.440000057220459,2.640000104904175,2.440000057220459,2.4800000190734863,2.4800000190734863,34625
2002-05-08,2.4800000190734863,2.559999942779541,2.4000000953674316,2.4800000190734863,2.4800000190734863,7125
2002-05-09,2.4800000190734863,2.640000104904175,2.440000057220459,2.4800000190734863,2.4800000190734863,9375
2002-05-10,2.640000104904175,2.640000104904175,2.359999895095825,2.359999895095825,2.359999895095825,30675
2002-05-13,2.359999895095825,2.440000057220459,2.0399999618530273,2.0399999618530273,2.0399999618530273,46200
2002-05-14,2.0799999237060547,2.359999895095825,2.0799999237060547,2.1600000858306885,2.1600000858306885,29925
2002-05-15,2.359999895095825,2.4000000953674316,2.200000047683716,2.319999933242798,2.319999933242798,48700
2002-05-16,2.240000009536743,2.4000000953674316,2.240000009536743,2.359999895095825,2.359999895095825,6950
2002-05-17,2.4000000953674316,2.5199999809265137,2.200000047683716,2.4000000953674316,2.4000000953674316,44250
2002-05-20,2.359999895095825,2.4800000190734863,2.359999895095825,2.440000057220459,2.440000057220459,26800
2002-05-21,2.440000057220459,2.640000104904175,2.440000057220459,2.4800000190734863,2.4800000190734863,29775
2002-05-22,2.5199999809265137,2.5999999046325684,2.4000000953674316,2.5199999809265137,2.5199999809265137,17225
2002-05-23,2.4800000190734863,2.559999942779541,2.440000057220459,2.4800000190734863,2.4800000190734863,28575
2002-05-24,2.4800000190734863,3.0799999237060547,2.4800000190734863,2.880000114440918,2.880000114440918,67950
2002-05-28,2.9200000762939453,2.9200000762939453,2.7200000286102295,2.799999952316284,2.799999952316284,26625
2002-05-29,2.759999990463257,2.8399999141693115,2.759999990463257,2.759999990463257,2.759999990463257,16675
2002-05-30,2.759999990463257,2.799999952316284,2.640000104904175,2.640000104904175,2.640000104904175,9400
2002-05-31,2.640000104904175,2.799999952316284,2.5999999046325684,2.5999999046325684,2.5999999046325684,16725
2002-06-03,2.799999952316284,2.880000114440918,2.5999999046325684,2.880000114440918,2.880000114440918,11275
2002-06-04,2.799999952316284,2.799999952316284,2.440000057220459,2.5999999046325684,2.5999999046325684,27025
2002-06-05,2.7200000286102295,3.0,2.5999999046325684,2.9200000762939453,2.9200000762939453,25825
2002-06-06,2.9200000762939453,2.9600000381469727,2.799999952316284,2.880000114440918,2.880000114440918,19050
2002-06-07,2.799999952316284,2.9600000381469727,2.799999952316284,2.9600000381469727,2.9600000381469727,21675
2002-06-10,2.880000114440918,2.880000114440918,2.8399999141693115,2.8399999141693115,2.8399999141693115,4950
2002-06-11,2.8399999141693115,3.0399999618530273,2.8399999141693115,2.880000114440918,2.880000114440918,9575
2002-06-12,2.880000114440918,3.4000000953674316,2.8399999141693115,3.359999895095825,3.359999895095825,56325
2002-06-13,3.359999895095825,3.9600000381469727,3.319999933242798,3.8399999141693115,3.8399999141693115,130900
2002-06-14,3.759999990463257,3.9200000762939453,3.5999999046325684,3.759999990463257,3.759999990463257,38800
2002-06-17,3.5999999046325684,3.7200000286102295,3.4000000953674316,3.5999999046325684,3.5999999046325684,33225
2002-06-18,3.559999942779541,3.680000066757202,3.440000057220459,3.440000057220459,3.440000057220459,19150
2002-06-19,3.4000000953674316,3.440000057220459,3.4000000953674316,3.4000000953674316,3.4000000953674316,6475
2002-06-20,3.4000000953674316,3.4000000953674316,3.2799999713897705,3.4000000953674316,3.4000000953674316,13100
2002-06-21,3.319999933242798,3.4000000953674316,3.240000009536743,3.2799999713897705,3.2799999713897705,8850
2002-06-24,3.240000009536743,3.240000009536743,3.200000047683716,3.200000047683716,3.200000047683716,5925
2002-06-25,3.200000047683716,3.200000047683716,3.0799999237060547,3.119999885559082,3.119999885559082,6475
2002-06-26,3.0799999237060547,3.119999885559082,2.799999952316284,3.119999885559082,3.119999885559082,26800
2002-06-27,2.9200000762939453,3.119999885559082,2.9200000762939453,3.119999885559082,3.119999885559082,3325
2002-06-28,3.0799999237060547,3.1600000858306885,3.0799999237060547,3.1600000858306885,3.1600000858306885,4725
2002-07-01,3.0,3.1600000858306885,2.9600000381469727,2.9600000381469727,2.9600000381469727,25250
2002-07-02,3.1600000858306885,3.240000009536743,3.0,3.0,3.0,5750
2002-07-03,3.0,3.1600000858306885,2.8399999141693115,3.0799999237060547,3.0799999237060547,16175
2002-07-05,3.1600000858306885,3.240000009536743,3.1600000858306885,3.240000009536743,3.240000009536743,2000
2002-07-08,3.0,3.119999885559082,3.0,3.0,3.0,4150
2002-07-09,3.0,3.0,2.680000066757202,2.680000066757202,2.680000066757202,20525
2002-07-10,2.680000066757202,2.7200000286102295,2.640000104904175,2.640000104904175,2.640000104904175,8450
2002-07-11,2.5999999046325684,2.640000104904175,2.5199999809265137,2.5999999046325684,2.5999999046325684,6825
2002-07-12,2.5199999809265137,2.5199999809265137,2.440000057220459,2.5199999809265137,2.5199999809265137,18250
2002-07-15,2.440000057220459,2.440000057220459,2.240000009536743,2.240000009536743,2.240000009536743,7925
2002-07-16,2.2799999713897705,2.4000000953674316,2.2799999713897705,2.4000000953674316,2.4000000953674316,2350
2002-07-17,2.4000000953674316,2.4000000953674316,2.319999933242798,2.4000000953674316,2.4000000953674316,400
2002-07-18,2.5199999809265137,2.640000104904175,2.4800000190734863,2.640000104904175,2.640000104904175,19875
2002-07-19,2.640000104904175,2.640000104904175,2.5199999809265137,2.559999942779541,2.559999942779541,7750
2002-07-22,2.5199999809265137,2.680000066757202,2.5199999809265137,2.5999999046325684,2.5999999046325684,25300
2002-07-23,2.7200000286102295,2.7200000286102295,2.440000057220459,2.640000104904175,2.640000104904175,18025
2002-07-24,2.440000057220459,2.559999942779541,2.440000057220459,2.559999942779541,2.559999942779541,11575
2002-07-25,2.5199999809265137,2.5999999046325684,2.5199999809265137,2.559999942779541,2.559999942779541,7775
2002-07-26,2.5999999046325684,2.640000104904175,2.559999942779541,2.559999942779541,2.559999942779541,19850
2002-07-29,2.680000066757202,2.7200000286102295,2.559999942779541,2.5999999046325684,2.5999999046325684,22475
2002-07-30,2.4800000190734863,2.680000066757202,2.4800000190734863,2.5199999809265137,2.5199999809265137,600
2002-07-31,2.7200000286102295,2.7200000286102295,2.5199999809265137,2.640000104904175,2.640000104904175,2625
2002-08-01,2.5999999046325684,2.5999999046325684,2.5999999046325684,2.5999999046325684,2.5999999046325684,1250
2002-08-02,2.5999999046325684,2.5999999046325684,2.5199999809265137,2.5999999046325684,2.5999999046325684,5575
2002-08-05,2.5199999809265137,2.559999942779541,2.4000000953674316,2.4000000953674316,2.4000000953674316,27325
2002-08-06,2.4800000190734863,2.4800000190734863,2.4000000953674316,2.4000000953674316,2.4000000953674316,26850
2002-08-07,2.4000000953674316,2.4000000953674316,2.4000000953674316,2.4000000953674316,2.4000000953674316,0
2002-08-08,2.4000000953674316,2.4800000190734863,2.4000000953674316,2.4800000190734863,2.4800000190734863,3375
2002-08-09,2.4000000953674316,2.4800000190734863,2.4000000953674316,2.4800000190734863,2.4800000190734863,1575
2002-08-12,2.4000000953674316,2.4000000953674316,2.4000000953674316,2.4000000953674316,2.4000000953674316,1950
2002-08-13,2.4000000953674316,2.4800000190734863,2.4000000953674316,2.4800000190734863,2.4800000190734863,1050
2002-08-14,2.4000000953674316,2.440000057220459,2.4000000953674316,2.440000057220459,2.440000057220459,5725
2002-08-15,2.4000000953674316,2.440000057220459,2.4000000953674316,2.440000057220459,2.440000057220459,1775
2002-08-16,2.440000057220459,2.440000057220459,2.4000000953674316,2.440000057220459,2.440000057220459,525
2002-08-19,2.440000057220459,2.4800000190734863,2.4000000953674316,2.4800000190734863,2.4800000190734863,19225
2002-08-20,2.440000057220459,2.8399999141693115,2.440000057220459,2.799999952316284,2.799999952316284,66150
2002-08-21,2.8399999141693115,2.9200000762939453,2.799999952316284,2.799999952316284,2.799999952316284,34750
2002-08-22,2.799999952316284,3.200000047683716,2.7200000286102295,3.200000047683716,3.200000047683716,40725
2002-08-23,3.0799999237060547,3.1600000858306885,3.0399999618530273,3.0399999618530273,3.0399999618530273,6975
2002-08-26,3.0799999237060547,3.119999885559082,2.799999952316284,2.799999952316284,2.799999952316284,10950
2002-08-27,2.799999952316284,3.200000047683716,2.799999952316284,3.0799999237060547,3.0799999237060547,22400
2002-08-28,3.0799999237060547,3.119999885559082,3.0799999237060547,3.119999885559082,3.119999885559082,5325
2002-08-29,3.0799999237060547,3.1600000858306885,3.0399999618530273,3.1600000858306885,3.1600000858306885,9075
2002-08-30,3.0799999237060547,3.0799999237060547,2.9600000381469727,3.0399999618530273,3.0399999618530273,11975
2002-09-03,3.0399999618530273,3.5199999809265137,3.0,3.5199999809265137,3.5199999809265137,123775
2002-09-04,3.440000057220459,3.5199999809265137,3.1600000858306885,3.200000047683716,3.200000047683716,15525
2002-09-05,3.0399999618530273,3.119999885559082,2.9600000381469727,3.0799999237060547,3.0799999237060547,19625
2002-09-06,3.0799999237060547,3.2799999713897705,3.0799999237060547,3.240000009536743,3.240000009536743,8700
2002-09-09,3.2799999713897705,3.5199999809265137,3.2799999713897705,3.4000000953674316,3.4000000953674316,32800
2002-09-10,3.359999895095825,3.5999999046325684,3.359999895095825,3.559999942779541,3.559999942779541,25325
2002-09-11,3.559999942779541,3.559999942779541,3.200000047683716,3.2799999713897705,3.2799999713897705,8550
2002-09-12,3.240000009536743,3.2799999713897705,3.119999885559082,3.119999885559082,3.119999885559082,19900
2002-09-13,3.0,3.200000047683716,3.0,3.119999885559082,3.119999885559082,7250
2002-09-16,3.240000009536743,3.240000009536743,3.240000009536743,3.240000009536743,3.240000009536743,1375
2002-09-17,3.319999933242798,3.319999933242798,3.319999933242798,3.319999933242798,3.319999933242798,625
2002-09-18,3.359999895095825,3.359999895095825,3.119999885559082,3.119999885559082,3.119999885559082,8375
2002-09-19,3.200000047683716,3.200000047683716,3.0799999237060547,3.0799999237060547,3.0799999237060547,1075
2002-09-20,3.119999885559082,3.200000047683716,3.119999885559082,3.1600000858306885,3.1600000858306885,2725
2002-09-23,3.119999885559082,3.2799999713897705,3.119999885559082,3.119999885559082,3.119999885559082,11975
2002-09-24,3.119999885559082,3.119999885559082,3.119999885559082,3.119999885559082,3.119999885559082,0
2002-09-25,3.119999885559082,3.119999885559082,3.0399999618530273,3.0399999618530273,3.0399999618530273,3275
2002-09-26,3.0399999618530273,3.0399999618530273,3.0399999618530273,3.0399999618530273,3.0399999618530273,250
2002-09-27,3.0399999618530273,3.119999885559082,2.9200000762939453,2.9600000381469727,2.9600000381469727,15300
2002-09-30,2.9200000762939453,3.0,2.9200000762939453,3.0,3.0,575
2002-10-01,3.0399999618530273,3.0799999237060547,2.9600000381469727,3.0,3.0,23500
2002-10-02,2.9600000381469727,3.0,2.9200000762939453,3.0,3.0,16725
2002-10-03,2.9200000762939453,3.0,2.759999990463257,2.759999990463257,2.759999990463257,12575
2002-10-04,2.759999990463257,2.799999952316284,2.680000066757202,2.680000066757202,2.680000066757202,14000
2002-10-07,2.759999990463257,2.759999990463257,2.640000104904175,2.680000066757202,2.680000066757202,7750
2002-10-08,2.799999952316284,2.8399999141693115,2.7200000286102295,2.8399999141693115,2.8399999141693115,45425
2002-10-09,2.8399999141693115,2.9200000762939453,2.799999952316284,2.8399999141693115,2.8399999141693115,38175
2002-10-10,2.880000114440918,2.9200000762939453,2.799999952316284,2.9200000762939453,2.9200000762939453,11100
2002-10-11,2.9200000762939453,2.9200000762939453,2.759999990463257,2.8399999141693115,2.8399999141693115,18125
2002-10-14,2.880000114440918,2.880000114440918,2.680000066757202,2.680000066757202,2.680000066757202,13675
2002-10-15,2.7200000286102295,2.7200000286102295,2.5999999046325684,2.7200000286102295,2.7200000286102295,17150
2002-10-16,2.7200000286102295,2.7200000286102295,2.680000066757202,2.680000066757202,2.680000066757202,9125
2002-10-17,2.680000066757202,2.7200000286102295,2.5999999046325684,2.680000066757202,2.680000066757202,9000
2002-10-18,2.5999999046325684,2.799999952316284,2.5999999046325684,2.680000066757202,2.680000066757202,10525
2002-10-21,2.759999990463257,2.759999990463257,2.5999999046325684,2.759999990463257,2.759999990463257,7500
2002-10-22,2.680000066757202,2.680000066757202,2.5999999046325684,2.640000104904175,2.640000104904175,5050
2002-10-23,2.759999990463257,2.8399999141693115,2.680000066757202,2.759999990463257,2.759999990463257,26575
2002-10-24,2.880000114440918,2.880000114440918,2.759999990463257,2.880000114440918,2.880000114440918,1850
2002-10-25,2.9200000762939453,3.0,2.799999952316284,2.799999952316284,2.799999952316284,38900
2002-10-28,2.9200000762939453,2.9200000762939453,2.759999990463257,2.880000114440918,2.880000114440918,4825
2002-10-29,2.9600000381469727,3.0799999237060547,2.880000114440918,3.0,3.0,38900
2002-10-30,2.9200000762939453,3.0399999618530273,2.9200000762939453,3.0399999618530273,3.0399999618530273,400
2002-10-31,3.0399999618530273,3.0399999618530273,2.9200000762939453,3.0,3.0,26800
2002-11-01,2.9600000381469727,3.0799999237060547,2.9600000381469727,3.0799999237060547,3.0799999237060547,25150
2002-11-04,3.1600000858306885,3.1600000858306885,2.8399999141693115,2.9200000762939453,2.9200000762939453,40525
2002-11-05,2.8399999141693115,2.8399999141693115,2.8399999141693115,2.8399999141693115,2.8399999141693115,625
2002-11-06,2.880000114440918,2.880000114440918,2.759999990463257,2.8399999141693115,2.8399999141693115,3800
2002-11-07,2.799999952316284,2.9200000762939453,2.799999952316284,2.799999952316284,2.799999952316284,2275
2002-11-08,2.759999990463257,2.8399999141693115,2.7200000286102295,2.799999952316284,2.799999952316284,6625
2002-11-11,2.7200000286102295,2.7200000286102295,2.640000104904175,2.640000104904175,2.640000104904175,3450
2002-11-12,2.759999990463257,2.759999990463257,2.759999990463257,2.759999990463257,2.759999990463257,125
2002-11-13,2.8399999141693115,2.8399999141693115,2.680000066757202,2.680000066757202,2.680000066757202,5900
2002-11-14,2.680000066757202,2.8399999141693115,2.680000066757202,2.7200000286102295,2.7200000286102295,5625
2002-11-15,2.7200000286102295,2.7200000286102295,2.7200000286102295,2.7200000286102295,2.7200000286102295,0
2002-11-18,2.640000104904175,2.7200000286102295,2.640000104904175,2.640000104904175,2.640000104904175,2650
2002-11-19,2.640000104904175,2.759999990463257,2.5999999046325684,2.5999999046325684,2.5999999046325684,5400
2002-11-20,2.799999952316284,2.799999952316284,2.640000104904175,2.640000104904175,2.640000104904175,1500
2002-11-21,2.640000104904175,2.640000104904175,2.640000104904175,2.640000104904175,2.640000104904175,1025
2002-11-22,2.799999952316284,2.8399999141693115,2.759999990463257,2.759999990463257,2.759999990463257,11800
2002-11-25,2.7200000286102295,2.759999990463257,2.640000104904175,2.759999990463257,2.759999990463257,5250
2002-11-26,2.799999952316284,2.799999952316284,2.680000066757202,2.759999990463257,2.759999990463257,600
2002-11-27,2.799999952316284,2.799999952316284,2.759999990463257,2.759999990463257,2.759999990463257,1625
2002-11-29,2.680000066757202,2.759999990463257,2.680000066757202,2.759999990463257,2.759999990463257,4925
2002-12-02,2.759999990463257,2.799999952316284,2.680000066757202,2.680000066757202,2.680000066757202,11675
2002-12-03,2.680000066757202,2.799999952316284,2.680000066757202,2.759999990463257,2.759999990463257,25675
2002-12-04,2.7200000286102295,2.759999990463257,2.559999942779541,2.5999999046325684,2.5999999046325684,30375
2002-12-05,2.640000104904175,2.640000104904175,2.640000104904175,2.640000104904175,2.640000104904175,3125
2002-12-06,2.5999999046325684,2.759999990463257,2.5999999046325684,2.759999990463257,2.759999990463257,8750
2002-12-09,2.759999990463257,2.759999990463257,2.7200000286102295,2.759999990463257,2.759999990463257,5800
2002-12-10,2.7200000286102295,2.8399999141693115,2.7200000286102295,2.799999952316284,2.799999952316284,1475
2002-12-11,2.759999990463257,2.8399999141693115,2.759999990463257,2.8399999141693115,2.8399999141693115,1300
2002-12-12,2.8399999141693115,2.8399999141693115,2.759999990463257,2.799999952316284,2.799999952316284,14600
2002-12-13,2.799999952316284,2.8399999141693115,2.759999990463257,2.799999952316284,2.799999952316284,5950
2002-12-16,2.799999952316284,2.880000114440918,2.759999990463257,2.799999952316284,2.799999952316284,56150
2002-12-17,2.799999952316284,2.880000114440918,2.759999990463257,2.759999990463257,2.759999990463257,3350
2002-12-18,2.880000114440918,2.880000114440918,2.759999990463257,2.759999990463257,2.759999990463257,9325
2002-12-19,2.880000114440918,2.9600000381469727,2.8399999141693115,2.9600000381469727,2.9600000381469727,24925
2002-12-20,2.9600000381469727,3.0,2.880000114440918,2.9600000381469727,2.9600000381469727,19575
2002-12-23,2.880000114440918,2.9600000381469727,2.799999952316284,2.9600000381469727,2.9600000381469727,14000
2002-12-24,2.9200000762939453,3.0,2.9200000762939453,3.0,3.0,675
2002-12-26,2.9200000762939453,2.9200000762939453,2.9200000762939453,2.9200000762939453,2.9200000762939453,600
2002-12-27,2.9200000762939453,3.0,2.9200000762939453,3.0,3.0,10625
2002-12-30,3.0,3.0,2.9200000762939453,3.0,3.0,3075
2002-12-31,2.9200000762939453,3.4000000953674316,2.880000114440918,3.2799999713897705,3.2799999713897705,33075
2003-01-02,3.240000009536743,3.359999895095825,3.0799999237060547,3.0799999237060547,3.0799999237060547,7425
2003-01-03,3.200000047683716,3.240000009536743,3.0799999237060547,3.240000009536743,3.240000009536743,175825
2003-01-06,3.240000009536743,3.2799999713897705,3.0799999237060547,3.2799999713897705,3.2799999713897705,20400
2003-01-07,3.200000047683716,3.200000047683716,3.0799999237060547,3.0799999237060547,3.0799999237060547,1800
2003-01-08,3.0799999237060547,3.1600000858306885,3.0399999618530273,3.0799999237060547,3.0799999237060547,11075
2003-01-09,3.0399999618530273,3.240000009536743,3.0399999618530273,3.200000047683716,3.200000047683716,21200
2003-01-10,3.240000009536743,3.319999933242798,3.200000047683716,3.319999933242798,3.319999933242798,40300
2003-01-13,3.200000047683716,3.319999933242798,3.200000047683716,3.2799999713897705,3.2799999713897705,10500
2003-01-14,3.2799999713897705,3.2799999713897705,3.240000009536743,3.2799999713897705,3.2799999713897705,1975
2003-01-15,3.2799999713897705,3.7200000286102295,3.200000047683716,3.5199999809265137,3.5199999809265137,155000
2003-01-16,3.559999942779541,3.5999999046325684,3.4800000190734863,3.5199999809265137,3.5199999809265137,87625
2003-01-17,3.5199999809265137,3.5199999809265137,3.4000000953674316,3.4000000953674316,3.4000000953674316,7100
2003-01-21,3.5199999809265137,3.5199999809265137,3.4000000953674316,3.4000000953674316,3.4000000953674316,2250
2003-01-22,3.4000000953674316,3.440000057220459,3.240000009536743,3.440000057220459,3.440000057220459,12850
2003-01-23,3.319999933242798,3.5199999809265137,3.2799999713897705,3.319999933242798,3.319999933242798,16825
2003-01-24,3.240000009536743,3.319999933242798,3.240000009536743,3.319999933242798,3.319999933242798,5225
2003-01-27,3.240000009536743,3.240000009536743,3.240000009536743,3.240000009536743,3.240000009536743,1675
2003-01-28,3.240000009536743,3.319999933242798,3.200000047683716,3.240000009536743,3.240000009536743,15450
2003-01-29,3.240000009536743,3.240000009536743,3.119999885559082,3.200000047683716,3.200000047683716,3250
2003-01-30,3.1600000858306885,3.240000009536743,3.119999885559082,3.119999885559082,3.119999885559082,3050
2003-01-31,3.119999885559082,3.200000047683716,3.119999885559082,3.200000047683716,3.200000047683716,2875
2003-02-03,3.0799999237060547,3.200000047683716,3.0799999237060547,3.200000047683716,3.200000047683716,750
2003-02-04,3.119999885559082,3.200000047683716,3.119999885559082,3.1600000858306885,3.1600000858306885,3375
2003-02-05,3.1600000858306885,3.1600000858306885,3.0799999237060547,3.119999885559082,3.119999885559082,4750
2003-02-06,3.1600000858306885,3.1600000858306885,3.0799999237060547,3.119999885559082,3.119999885559082,9675
2003-02-07,3.119999885559082,3.1600000858306885,3.0,3.0,3.0,2775
2003-02-10,3.119999885559082,3.680000066757202,2.9600000381469727,2.9600000381469727,2.9600000381469727,9575
2003-02-11,3.0,3.240000009536743,2.9600000381469727,3.0799999237060547,3.0799999237060547,78050
2003-02-12,3.200000047683716,3.200000047683716,3.0399999618530273,3.0399999618530273,3.0399999618530273,23850
2003-02-13,3.0399999618530273,3.0399999618530273,2.880000114440918,2.9200000762939453,2.9200000762939453,32525
2003-02-14,2.880000114440918,2.9200000762939453,2.759999990463257,2.8399999141693115,2.8399999141693115,17350
2003-02-18,2.799999952316284,2.9200000762939453,2.799999952316284,2.880000114440918,2.880000114440918,17375
2003-02-19,2.8399999141693115,2.9600000381469727,2.8399999141693115,2.9600000381469727,2.9600000381469727,16875
2003-02-20,2.9600000381469727,3.0,2.880000114440918,3.0,3.0,16300
2003-02-21,2.9200000762939453,3.0,2.8399999141693115,2.9200000762939453,2.9200000762939453,30550
2003-02-24,2.880000114440918,3.1600000858306885,2.880000114440918,3.119999885559082,3.119999885559082,18900
2003-02-25,3.0799999237060547,3.119999885559082,3.0399999618530273,3.119999885559082,3.119999885559082,14200
2003-02-26,3.0,3.119999885559082,3.0,3.119999885559082,3.119999885559082,8900
2003-02-27,3.0399999618530273,3.0399999618530273,3.0399999618530273,3.0399999618530273,3.0399999618530273,1875
2003-02-28,3.119999885559082,3.1600000858306885,3.0799999237060547,3.1600000858306885,3.1600000858306885,6000
2003-03-03,3.200000047683716,3.200000047683716,3.0799999237060547,3.0799999237060547,3.0799999237060547,2700
2003-03-04,3.119999885559082,3.4000000953674316,3.0799999237060547,3.4000000953674316,3.4000000953674316,50200
2003-03-05,3.4000000953674316,3.4000000953674316,3.240000009536743,3.2799999713897705,3.2799999713897705,6050
2003-03-06,3.319999933242798,3.319999933242798,3.2799999713897705,3.2799999713897705,3.2799999713897705,8250
2003-03-07,3.4000000953674316,3.4000000953674316,3.319999933242798,3.319999933242798,3.319999933242798,16100
2003-03-10,3.319999933242798,3.319999933242798,3.240000009536743,3.2799999713897705,3.2799999713897705,4800
2003-03-11,3.200000047683716,3.200000047683716,3.200000047683716,3.200000047683716,3.200000047683716,1050
2003-03-12,3.200000047683716,3.2799999713897705,3.200000047683716,3.2799999713897705,3.2799999713897705,2250
2003-03-13,3.2799999713897705,3.4000000953674316,3.2799999713897705,3.4000000953674316,3.4000000953674316,24225
2003-03-14,3.359999895095825,3.440000057220459,3.359999895095825,3.4000000953674316,3.4000000953674316,10500
2003-03-17,3.4000000953674316,3.4000000953674316,3.2799999713897705,3.359999895095825,3.359999895095825,4725
2003-03-18,3.440000057220459,3.559999942779541,3.4000000953674316,3.5199999809265137,3.5199999809265137,76275
2003-03-19,3.559999942779541,3.680000066757202,3.4800000190734863,3.680000066757202,3.680000066757202,29500
2003-03-20,3.680000066757202,3.7200000286102295,3.559999942779541,3.5999999046325684,3.5999999046325684,14500
2003-03-21,3.640000104904175,3.799999952316284,3.5999999046325684,3.7200000286102295,3.7200000286102295,27975
2003-03-24,3.759999990463257,3.759999990463257,3.640000104904175,3.759999990463257,3.759999990463257,7250
2003-03-25,3.759999990463257,3.759999990463257,3.640000104904175,3.640000104904175,3.640000104904175,9350
2003-03-26,3.640000104904175,3.759999990463257,3.440000057220459,3.559999942779541,3.559999942779541,24550
2003-03-27,3.5999999046325684,3.5999999046325684,3.559999942779541,3.559999942779541,3.559999942779541,500
2003-03-28,3.5199999809265137,3.680000066757202,3.5199999809265137,3.680000066757202,3.680000066757202,7750
2003-03-31,3.680000066757202,3.759999990463257,3.5999999046325684,3.7200000286102295,3.7200000286102295,5100
2003-04-01,3.759999990463257,3.759999990463257,3.680000066757202,3.680000066757202,3.680000066757202,4600
2003-04-02,3.759999990463257,3.759999990463257,3.5999999046325684,3.640000104904175,3.640000104904175,10675
2003-04-03,3.640000104904175,3.680000066757202,3.559999942779541,3.640000104904175,3.640000104904175,5025
2003-04-04,3.7200000286102295,3.7200000286102295,3.7200000286102295,3.7200000286102295,3.7200000286102295,500
2003-04-07,3.7200000286102295,3.7200000286102295,3.4800000190734863,3.5999999046325684,3.5999999046325684,8725
2003-04-08,3.680000066757202,3.7200000286102295,3.559999942779541,3.5999999046325684,3.5999999046325684,4050
2003-04-09,3.7200000286102295,3.7200000286102295,3.5999999046325684,3.5999999046325684,3.5999999046325684,3625
2003-04-10,3.640000104904175,3.640000104904175,3.5199999809265137,3.640000104904175,3.640000104904175,1625
2003-04-11,3.640000104904175,3.640000104904175,3.640000104904175,3.640000104904175,3.640000104904175,0
2003-04-14,3.5199999809265137,3.759999990463257,3.5199999809265137,3.640000104904175,3.640000104904175,4625
2003-04-15,3.640000104904175,3.680000066757202,3.5999999046325684,3.640000104904175,3.640000104904175,3300
2003-04-16,3.680000066757202,3.680000066757202,3.5199999809265137,3.5199999809265137,3.5199999809265137,7275
2003-04-17,3.5199999809265137,3.640000104904175,3.5199999809265137,3.559999942779541,3.559999942779541,3725
2003-04-21,3.559999942779541,3.640000104904175,3.559999942779541,3.5999999046325684,3.5999999046325684,9300
2003-04-22,3.640000104904175,3.640000104904175,3.4000000953674316,3.4000000953674316,3.4000000953674316,11050
2003-04-23,3.5199999809265137,3.559999942779541,3.4000000953674316,3.440000057220459,3.440000057220459,3850
2003-04-24,3.440000057220459,3.440000057220459,3.440000057220459,3.440000057220459,3.440000057220459,325
2003-04-25,3.440000057220459,3.440000057220459,3.240000009536743,3.2799999713897705,3.2799999713897705,7875
2003-04-28,3.2799999713897705,3.2799999713897705,3.2799999713897705,3.2799999713897705,3.2799999713897705,1450
2003-04-29,3.240000009536743,3.4000000953674316,3.240000009536743,3.359999895095825,3.359999895095825,10850
2003-04-30,3.359999895095825,3.440000057220459,3.359999895095825,3.359999895095825,3.359999895095825,3925
2003-05-01,3.440000057220459,3.5999999046325684,3.4000000953674316,3.5999999046325684,3.5999999046325684,3025
2003-05-02,3.5199999809265137,3.5999999046325684,3.240000009536743,3.5199999809265137,3.5199999809265137,6825
2003-05-05,3.5199999809265137,3.5199999809265137,3.2799999713897705,3.2799999713897705,3.2799999713897705,1750
2003-05-06,3.5199999809265137,3.5199999809265137,3.440000057220459,3.5199999809265137,3.5199999809265137,3375
2003-05-07,3.4000000953674316,3.5199999809265137,3.200000047683716,3.4800000190734863,3.4800000190734863,9175
2003-05-08,3.4000000953674316,3.440000057220459,3.240000009536743,3.440000057220459,3.440000057220459,11075
2003-05-09,3.4000000953674316,3.4000000953674316,3.240000009536743,3.240000009536743,3.240000009536743,4825
2003-05-12,3.240000009536743,3.319999933242798,3.200000047683716,3.319999933242798,3.319999933242798,6225
2003-05-13,3.240000009536743,3.319999933242798,3.200000047683716,3.200000047683716,3.200000047683716,3675
2003-05-14,3.240000009536743,3.240000009536743,3.0,3.0,3.0,21875
2003-05-15,3.0399999618530273,3.0399999618530273,2.9200000762939453,3.0399999618530273,3.0399999618530273,24875
2003-05-16,2.9600000381469727,3.0399999618530273,2.880000114440918,2.880000114440918,2.880000114440918,8400
2003-05-19,3.0,3.1600000858306885,2.9600000381469727,3.1600000858306885,3.1600000858306885,6500
2003-05-20,2.9200000762939453,3.1600000858306885,2.9200000762939453,3.0,3.0,12225
2003-05-21,3.0799999237060547,3.0799999237060547,2.9600000381469727,2.9600000381469727,2.9600000381469727,6175
2003-05-22,2.9600000381469727,3.0,2.9600000381469727,2.9600000381469727,2.9600000381469727,225
2003-05-23,3.0399999618530273,3.4000000953674316,3.0399999618530273,3.0799999237060547,3.0799999237060547,7100
2003-05-27,3.0799999237060547,3.0799999237060547,2.9600000381469727,2.9600000381469727,2.9600000381469727,875
2003-05-28,2.9600000381469727,3.0399999618530273,2.9600000381469727,3.0,3.0,14925
2003-05-29,2.9600000381469727,3.0799999237060547,2.880000114440918,3.0,3.0,9050
2003-05-30,3.0,3.0,2.880000114440918,3.0,3.0,925
2003-06-02,2.880000114440918,2.9600000381469727,2.880000114440918,2.9200000762939453,2.9200000762939453,3250
2003-06-03,2.880000114440918,3.1600000858306885,2.880000114440918,2.9600000381469727,2.9600000381469727,14700
2003-06-04,2.9200000762939453,3.0,2.9200000762939453,3.0,3.0,700
2003-06-05,3.200000047683716,3.200000047683716,3.200000047683716,3.200000047683716,3.200000047683716,2725
2003-06-06,3.0,3.0,2.9200000762939453,3.0,3.0,1925
2003-06-09,3.0799999237060547,3.200000047683716,2.9200000762939453,3.200000047683716,3.200000047683716,6150
2003-06-10,3.200000047683716,3.200000047683716,2.9200000762939453,2.9200000762939453,2.9200000762939453,425
2003-06-11,2.9200000762939453,3.119999885559082,2.9200000762939453,3.0399999618530273,3.0399999618530273,3800
2003-06-12,3.0399999618530273,3.200000047683716,3.0399999618530273,3.200000047683716,3.200000047683716,225
2003-06-13,3.0399999618530273,3.119999885559082,2.9200000762939453,3.0799999237060547,3.0799999237060547,11525
2003-06-16,3.0,3.200000047683716,2.9600000381469727,3.200000047683716,3.200000047683716,2500
2003-06-17,2.9600000381469727,3.200000047683716,2.9600000381469727,3.0,3.0,3400
2003-06-18,2.9600000381469727,3.240000009536743,2.9600000381469727,3.240000009536743,3.240000009536743,6550
2003-06-19,3.0799999237060547,3.2799999713897705,3.0799999237060547,3.0799999237060547,3.0799999237060547,575
2003-06-20,3.0799999237060547,3.0799999237060547,3.0,3.0,3.0,2175
2003-06-23,3.0799999237060547,3.1600000858306885,3.0799999237060547,3.0799999237060547,3.0799999237060547,4525
2003-06-24,3.0,3.0799999237060547,2.9600000381469727,2.9600000381469727,2.9600000381469727,6475
2003-06-25,3.0,3.119999885559082,2.9600000381469727,3.0399999618530273,3.0399999618530273,7275
2003-06-26,3.0799999237060547,3.0799999237060547,3.0,3.0,3.0,6500
2003-06-27,3.0,3.0799999237060547,3.0,3.0,3.0,3500
2003-06-30,3.0399999618530273,3.0799999237060547,2.9600000381469727,3.0799999237060547,3.0799999237060547,4900
2003-07-01,3.0799999237060547,3.0799999237060547,3.0,3.0799999237060547,3.0799999237060547,6725
2003-07-02,3.0,3.0799999237060547,3.0,3.0,3.0,1625
2003-07-03,2.9600000381469727,3.0,2.9600000381469727,2.9600000381469727,2.9600000381469727,12625
2003-07-07,2.9200000762939453,3.119999885559082,2.880000114440918,3.119999885559082,3.119999885559082,13275
2003-07-08,3.0,3.119999885559082,2.880000114440918,3.0,3.0,5200
2003-07-09,3.119999885559082,3.200000047683716,3.0399999618530273,3.200000047683716,3.200000047683716,9000
2003-07-10,3.200000047683716,3.200000047683716,3.200000047683716,3.200000047683716,3.200000047683716,875
2003-07-11,3.1600000858306885,3.1600000858306885,3.1600000858306885,3.1600000858306885,3.1600000858306885,1000
2003-07-14,3.240000009536743,3.319999933242798,3.240000009536743,3.319999933242798,3.319999933242798,2750
2003-07-15,3.240000009536743,3.319999933242798,3.240000009536743,3.319999933242798,3.319999933242798,6800
2003-07-16,3.240000009536743,3.2799999713897705,3.240000009536743,3.2799999713897705,3.2799999713897705,2000
2003-07-17,3.4000000953674316,3.4000000953674316,3.2799999713897705,3.4000000953674316,3.4000000953674316,3725
2003-07-18,3.440000057220459,3.440000057220459,3.4000000953674316,3.4000000953674316,3.4000000953674316,1000
2003-07-21,3.359999895095825,3.5199999809265137,3.359999895095825,3.4800000190734863,3.4800000190734863,29300
2003-07-22,3.5199999809265137,3.640000104904175,3.4000000953674316,3.640000104904175,3.640000104904175,25800
2003-07-23,3.4800000190734863,3.559999942779541,3.359999895095825,3.559999942779541,3.559999942779541,28275
2003-07-24,3.359999895095825,3.4800000190734863,3.359999895095825,3.4000000953674316,3.4000000953674316,3500
2003-07-25,3.359999895095825,3.4800000190734863,3.200000047683716,3.319999933242798,3.319999933242798,8500
2003-07-28,3.440000057220459,3.440000057220459,3.359999895095825,3.4000000953674316,3.4000000953674316,21725
2003-07-29,3.440000057220459,3.440000057220459,3.440000057220459,3.440000057220459,3.440000057220459,300
2003-07-30,3.4000000953674316,3.4000000953674316,3.4000000953674316,3.4000000953674316,3.4000000953674316,300
2003-07-31,3.200000047683716,3.359999895095825,3.200000047683716,3.359999895095825,3.359999895095825,3350
2003-08-01,3.2799999713897705,3.2799999713897705,3.2799999713897705,3.2799999713897705,3.2799999713897705,875
2003-08-04,3.359999895095825,3.4000000953674316,3.359999895095825,3.359999895095825,3.359999895095825,26250
2003-08-05,3.200000047683716,3.4000000953674316,3.119999885559082,3.4000000953674316,3.4000000953674316,6775
2003-08-06,3.4000000953674316,3.4000000953674316,3.2799999713897705,3.319999933242798,3.319999933242798,11375
2003-08-07,3.319999933242798,3.319999933242798,3.200000047683716,3.200000047683716,3.200000047683716,12150
2003-08-08,3.2799999713897705,3.2799999713897705,3.1600000858306885,3.200000047683716,3.200000047683716,3850
2003-08-11,3.119999885559082,3.200000047683716,3.119999885559082,3.200000047683716,3.200000047683716,5125
2003-08-12,3.200000047683716,3.240000009536743,3.0399999618530273,3.1600000858306885,3.1600000858306885,26325
2003-08-13,2.9600000381469727,3.1600000858306885,2.9600000381469727,3.1600000858306885,3.1600000858306885,12900
2003-08-14,3.1600000858306885,3.1600000858306885,3.0,3.0399999618530273,3.0399999618530273,13250
2003-08-15,2.9600000381469727,2.9600000381469727,2.9600000381469727,2.9600000381469727,2.9600000381469727,375
2003-08-18,3.119999885559082,3.200000047683716,2.9600000381469727,2.9600000381469727,2.9600000381469727,20875
2003-08-19,2.9600000381469727,3.200000047683716,2.9600000381469727,3.0399999618530273,3.0399999618530273,2675
2003-08-20,3.0399999618530273,3.0399999618530273,3.0,3.0,3.0,1125
2003-08-21,3.0799999237060547,3.240000009536743,3.0799999237060547,3.200000047683716,3.200000047683716,7125
2003-08-22,3.240000009536743,3.240000009536743,3.0399999618530273,3.1600000858306885,3.1600000858306885,4275
2003-08-25,3.0399999618530273,3.119999885559082,3.0399999618530273,3.0799999237060547,3.0799999237060547,2500
2003-08-26,3.0799999237060547,3.319999933242798,3.0799999237060547,3.0799999237060547,3.0799999237060547,3775
2003-08-27,3.0799999237060547,3.319999933242798,3.0799999237060547,3.0799999237060547,3.0799999237060547,925
2003-08-28,3.0799999237060547,3.319999933242798,3.0799999237060547,3.240000009536743,3.240000009536743,6350
2003-08-29,3.240000009536743,3.240000009536743,3.240000009536743,3.240000009536743,3.240000009536743,0
2003-09-02,3.0399999618530273,3.2799999713897705,3.0399999618530273,3.0399999618530273,3.0399999618530273,2775
2003-09-03,3.0399999618530273,3.359999895095825,3.0399999618530273,3.119999885559082,3.119999885559082,9625
2003-09-04,3.200000047683716,3.4000000953674316,3.200000047683716,3.4000000953674316,3.4000000953674316,1150
2003-09-05,3.4000000953674316,3.4800000190734863,3.359999895095825,3.4000000953674316,3.4000000953674316,32350
2003-09-08,3.440000057220459,3.559999942779541,3.4000000953674316,3.4000000953674316,3.4000000953674316,14700
2003-09-09,3.559999942779541,3.5999999046325684,3.4000000953674316,3.5199999809265137,3.5199999809265137,6600
2003-09-10,3.5199999809265137,3.5199999809265137,3.200000047683716,3.4800000190734863,3.4800000190734863,12750
2003-09-11,3.319999933242798,3.5199999809265137,3.200000047683716,3.319999933242798,3.319999933242798,11375
2003-09-12,3.5199999809265137,3.5199999809265137,3.319999933242798,3.319999933242798,3.319999933242798,6675
2003-09-15,3.240000009536743,3.5199999809265137,3.240000009536743,3.4800000190734863,3.4800000190734863,18575
2003-09-16,3.5199999809265137,3.5199999809265137,3.4000000953674316,3.4800000190734863,3.4800000190734863,5500
2003-09-17,3.5199999809265137,3.559999942779541,3.4000000953674316,3.4800000190734863,3.4800000190734863,41575
2003-09-18,3.4800000190734863,3.640000104904175,3.440000057220459,3.4800000190734863,3.4800000190734863,11550
2003-09-19,3.4000000953674316,3.640000104904175,3.4000000953674316,3.640000104904175,3.640000104904175,22600
2003-09-22,3.5999999046325684,3.640000104904175,3.4000000953674316,3.640000104904175,3.640000104904175,17925
2003-09-23,3.640000104904175,3.7200000286102295,3.4800000190734863,3.680000066757202,3.680000066757202,217325
2003-09-24,3.7200000286102295,3.759999990463257,3.5199999809265137,3.759999990463257,3.759999990463257,79375
2003-09-25,3.799999952316284,3.9200000762939453,3.4800000190734863,3.7200000286102295,3.7200000286102295,83950
2003-09-26,3.680000066757202,3.759999990463257,3.680000066757202,3.759999990463257,3.759999990463257,14925
2003-09-29,3.680000066757202,3.799999952316284,3.640000104904175,3.640000104904175,3.640000104904175,10550
2003-09-30,3.799999952316284,3.799999952316284,3.440000057220459,3.440000057220459,3.440000057220459,9250
2003-10-01,3.440000057220459,3.680000066757202,3.319999933242798,3.5999999046325684,3.5999999046325684,37575
2003-10-02,3.5199999809265137,3.5999999046325684,3.5199999809265137,3.5999999046325684,3.5999999046325684,38225
2003-10-03,3.640000104904175,3.7200000286102295,3.5199999809265137,3.559999942779541,3.559999942779541,15450
2003-10-06,3.440000057220459,3.7200000286102295,3.440000057220459,3.680000066757202,3.680000066757202,22875
2003-10-07,3.5999999046325684,3.7200000286102295,3.5999999046325684,3.7200000286102295,3.7200000286102295,5800
2003-10-08,3.640000104904175,3.759999990463257,3.640000104904175,3.680000066757202,3.680000066757202,28950
2003-10-09,3.680000066757202,3.680000066757202,3.4800000190734863,3.5199999809265137,3.5199999809265137,23700
2003-10-10,3.5999999046325684,3.5999999046325684,3.5199999809265137,3.5199999809265137,3.5199999809265137,650
2003-10-13,3.5999999046325684,3.5999999046325684,3.5199999809265137,3.5999999046325684,3.5999999046325684,4825
2003-10-14,3.5199999809265137,3.559999942779541,3.4800000190734863,3.559999942779541,3.559999942779541,5150
2003-10-15,3.559999942779541,3.5999999046325684,3.4800000190734863,3.5199999809265137,3.5199999809265137,37275
2003-10-16,3.4800000190734863,3.5999999046325684,3.440000057220459,3.5199999809265137,3.5199999809265137,15400
2003-10-17,3.559999942779541,3.5999999046325684,3.440000057220459,3.5199999809265137,3.5199999809265137,24875
2003-10-20,3.4800000190734863,3.5999999046325684,3.440000057220459,3.440000057220459,3.440000057220459,20625
2003-10-21,3.5199999809265137,3.559999942779541,3.4000000953674316,3.440000057220459,3.440000057220459,10350
2003-10-22,3.440000057220459,3.5199999809265137,3.4000000953674316,3.5199999809265137,3.5199999809265137,2675
2003-10-23,3.4000000953674316,3.640000104904175,3.4000000953674316,3.559999942779541,3.559999942779541,57050
2003-10-24,3.5199999809265137,3.559999942779541,3.440000057220459,3.440000057220459,3.440000057220459,21975
2003-10-27,3.440000057220459,3.559999942779541,3.440000057220459,3.4800000190734863,3.4800000190734863,4675
2003-10-28,3.440000057220459,3.5999999046325684,3.440000057220459,3.4800000190734863,3.4800000190734863,31625
2003-10-29,3.559999942779541,3.559999942779541,3.4800000190734863,3.559999942779541,3.559999942779541,6850
2003-10-30,3.5199999809265137,3.5199999809265137,3.440000057220459,3.440000057220459,3.440000057220459,14450
2003-10-31,3.5199999809265137,3.5199999809265137,3.4800000190734863,3.5199999809265137,3.5199999809265137,11675
2003-11-03,3.5199999809265137,3.5199999809265137,3.4800000190734863,3.4800000190734863,3.4800000190734863,5800
2003-11-04,3.4800000190734863,3.5199999809265137,3.4800000190734863,3.4800000190734863,3.4800000190734863,5975
2003-11-05,3.4800000190734863,3.5199999809265137,3.4800000190734863,3.5199999809265137,3.5199999809265137,2800
2003-11-06,3.5199999809265137,3.5199999809265137,3.4800000190734863,3.4800000190734863,3.4800000190734863,825
2003-11-07,3.4800000190734863,3.799999952316284,3.4800000190734863,3.799999952316284,3.799999952316284,33050
2003-11-10,3.799999952316284,3.799999952316284,3.7200000286102295,3.799999952316284,3.799999952316284,4275
2003-11-11,3.799999952316284,4.559999942779541,3.759999990463257,4.400000095367432,4.400000095367432,66975
2003-11-12,4.400000095367432,4.400000095367432,3.8399999141693115,4.0,4.0,73675
2003-11-13,4.0,4.0,3.880000114440918,4.0,4.0,18300
2003-11-14,3.9600000381469727,4.0,3.9600000381469727,4.0,4.0,37450
2003-11-17,4.079999923706055,4.360000133514404,4.039999961853027,4.039999961853027,4.039999961853027,50850
2003-11-18,4.199999809265137,4.199999809265137,3.8399999141693115,3.9200000762939453,3.9200000762939453,35875
2003-11-19,4.039999961853027,4.119999885559082,4.0,4.0,4.0,21075
2003-11-20,4.119999885559082,4.400000095367432,4.079999923706055,4.400000095367432,4.400000095367432,56325
2003-11-21,4.400000095367432,4.599999904632568,4.199999809265137,4.599999904632568,4.599999904632568,22375
2003-11-24,4.599999904632568,5.039999961853027,4.559999942779541,4.960000038146973,4.960000038146973,63025
2003-11-25,4.840000152587891,5.079999923706055,4.679999828338623,5.0,5.0,69025
2003-11-26,5.039999961853027,5.039999961853027,4.960000038146973,4.960000038146973,4.960000038146973,27925
2003-11-28,4.960000038146973,5.039999961853027,4.960000038146973,4.960000038146973,4.960000038146973,27700
2003-12-01,4.960000038146973,5.480000019073486,4.960000038146973,5.440000057220459,5.440000057220459,35850
2003-12-02,5.440000057220459,5.480000019073486,5.039999961853027,5.360000133514404,5.360000133514404,13475
2003-12-03,5.480000019073486,5.480000019073486,5.320000171661377,5.440000057220459,5.440000057220459,17225
2003-12-04,5.400000095367432,5.400000095367432,5.079999923706055,5.119999885559082,5.119999885559082,41650
2003-12-05,5.079999923706055,5.119999885559082,4.599999904632568,4.639999866485596,4.639999866485596,25825
2003-12-08,4.239999771118164,4.599999904632568,4.239999771118164,4.440000057220459,4.440000057220459,21750
2003-12-09,4.440000057220459,4.599999904632568,4.440000057220459,4.480000019073486,4.480000019073486,21275
2003-12-10,4.440000057220459,4.480000019073486,4.440000057220459,4.480000019073486,4.480000019073486,1675
2003-12-11,4.480000019073486,4.480000019073486,4.159999847412109,4.360000133514404,4.360000133514404,63300
2003-12-12,4.360000133514404,4.440000057220459,4.360000133514404,4.400000095367432,4.400000095367432,12300
2003-12-15,4.440000057220459,4.440000057220459,4.400000095367432,4.440000057220459,4.440000057220459,9675
2003-12-16,4.239999771118164,4.480000019073486,4.239999771118164,4.320000171661377,4.320000171661377,28725
2003-12-17,4.360000133514404,4.880000114440918,4.360000133514404,4.880000114440918,4.880000114440918,13200
2003-12-18,4.880000114440918,4.880000114440918,4.679999828338623,4.840000152587891,4.840000152587891,15325
2003-12-19,4.840000152587891,4.840000152587891,4.679999828338623,4.800000190734863,4.800000190734863,13575
2003-12-22,4.760000228881836,4.760000228881836,4.559999942779541,4.679999828338623,4.679999828338623,6750
2003-12-23,4.71999979019165,4.840000152587891,4.599999904632568,4.800000190734863,4.800000190734863,16425
2003-12-24,4.639999866485596,4.840000152587891,4.639999866485596,4.840000152587891,4.840000152587891,2125
2003-12-26,4.840000152587891,4.840000152587891,4.639999866485596,4.800000190734863,4.800000190734863,10050
2003-12-29,4.800000190734863,5.119999885559082,4.800000190734863,4.960000038146973,4.960000038146973,22575
2003-12-30,5.039999961853027,5.360000133514404,5.039999961853027,5.320000171661377,5.320000171661377,3725
2003-12-31,5.199999809265137,5.559999942779541,5.199999809265137,5.559999942779541,5.559999942779541,23050
2004-01-02,5.519999980926514,5.599999904632568,5.400000095367432,5.400000095367432,5.400000095367432,21300
2004-01-05,5.440000057220459,5.440000057220459,5.039999961853027,5.199999809265137,5.199999809265137,17425
2004-01-06,5.079999923706055,5.320000171661377,5.039999961853027,5.159999847412109,5.159999847412109,24050
2004-01-07,5.199999809265137,5.400000095367432,5.199999809265137,5.320000171661377,5.320000171661377,12800
2004-01-08,5.400000095367432,5.440000057220459,5.320000171661377,5.400000095367432,5.400000095367432,4950
2004-01-09,5.239999771118164,5.679999828338623,5.239999771118164,5.679999828338623,5.679999828338623,17625
2004-01-12,5.71999979019165,5.960000038146973,5.400000095367432,5.400000095367432,5.400000095367432,24375
2004-01-13,5.360000133514404,5.519999980926514,5.360000133514404,5.400000095367432,5.400000095367432,1325
2004-01-14,5.360000133514404,5.71999979019165,5.360000133514404,5.639999866485596,5.639999866485596,9350
2004-01-15,5.400000095367432,5.639999866485596,5.320000171661377,5.480000019073486,5.480000019073486,4350
2004-01-16,5.360000133514404,5.639999866485596,5.320000171661377,5.639999866485596,5.639999866485596,5300
2004-01-20,5.360000133514404,6.119999885559082,5.360000133514404,6.0,6.0,25925
2004-01-21,6.039999961853027,6.320000171661377,5.960000038146973,6.159999847412109,6.159999847412109,23925
2004-01-22,6.320000171661377,6.400000095367432,6.159999847412109,6.28000020980835,6.28000020980835,7475
2004-01-23,6.400000095367432,6.840000152587891,6.28000020980835,6.519999980926514,6.519999980926514,26675
2004-01-26,6.760000228881836,6.760000228881836,6.400000095367432,6.440000057220459,6.440000057220459,16175
2004-01-27,6.199999809265137,6.599999904632568,6.159999847412109,6.320000171661377,6.320000171661377,9775
2004-01-28,6.159999847412109,6.400000095367432,6.0,6.400000095367432,6.400000095367432,16700
2004-01-29,6.239999771118164,6.400000095367432,6.0,6.199999809265137,6.199999809265137,12325
2004-01-30,6.320000171661377,6.320000171661377,6.119999885559082,6.119999885559082,6.119999885559082,2775
2004-02-02,6.039999961853027,6.039999961853027,5.880000114440918,6.0,6.0,7375
2004-02-03,5.880000114440918,5.920000076293945,5.559999942779541,5.800000190734863,5.800000190734863,10450
2004-02-04,5.599999904632568,5.800000190734863,5.559999942779541,5.800000190734863,5.800000190734863,11450
2004-02-05,5.800000190734863,5.800000190734863,5.71999979019165,5.71999979019165,5.71999979019165,3125
2004-02-06,5.71999979019165,5.800000190734863,5.559999942779541,5.599999904632568,5.599999904632568,5650
2004-02-09,5.599999904632568,5.760000228881836,5.480000019073486,5.559999942779541,5.559999942779541,10225
2004-02-10,5.480000019073486,6.0,5.480000019073486,6.0,6.0,23825
2004-02-11,5.400000095367432,6.0,5.400000095367432,6.0,6.0,13650
2004-02-12,5.800000190734863,6.0,5.800000190734863,6.0,6.0,6375
2004-02-13,6.0,6.0,5.800000190734863,5.880000114440918,5.880000114440918,3700
2004-02-17,5.639999866485596,5.960000038146973,5.639999866485596,5.800000190734863,5.800000190734863,8275
2004-02-18,5.639999866485596,5.800000190734863,5.639999866485596,5.639999866485596,5.639999866485596,4575
2004-02-19,5.760000228881836,5.960000038146973,5.71999979019165,5.960000038146973,5.960000038146973,18000
2004-02-20,5.960000038146973,5.960000038146973,5.639999866485596,5.679999828338623,5.679999828338623,1875
2004-02-23,5.800000190734863,5.800000190734863,5.480000019073486,5.519999980926514,5.519999980926514,19625
2004-02-24,5.400000095367432,5.559999942779541,4.679999828338623,5.159999847412109,5.159999847412109,25925
2004-02-25,5.0,5.400000095367432,5.0,5.0,5.0,4225
2004-02-26,5.199999809265137,5.199999809265137,5.0,5.039999961853027,5.039999961853027,11925
2004-02-27,5.039999961853027,5.239999771118164,5.0,5.0,5.0,9875
2004-03-01,5.0,5.559999942779541,5.0,5.28000020980835,5.28000020980835,5775
2004-03-02,5.199999809265137,5.559999942779541,5.199999809265137,5.559999942779541,5.559999942779541,425
2004-03-03,5.239999771118164,5.559999942779541,5.239999771118164,5.559999942779541,5.559999942779541,3375
2004-03-04,5.239999771118164,5.440000057220459,5.0,5.039999961853027,5.039999961853027,16650
2004-03-05,5.0,5.199999809265137,5.0,5.0,5.0,3200
2004-03-08,5.0,5.400000095367432,5.0,5.360000133514404,5.360000133514404,6475
2004-03-09,5.199999809265137,5.28000020980835,5.039999961853027,5.039999961853027,5.039999961853027,3100
2004-03-10,5.039999961853027,5.239999771118164,5.039999961853027,5.199999809265137,5.199999809265137,1800
2004-03-11,5.039999961853027,5.320000171661377,4.880000114440918,5.199999809265137,5.199999809265137,5675
2004-03-12,5.360000133514404,5.360000133514404,5.199999809265137,5.199999809265137,5.199999809265137,625
2004-03-15,5.039999961853027,5.400000095367432,5.039999961853027,5.400000095367432,5.400000095367432,15400
2004-03-16,5.400000095367432,5.400000095367432,5.400000095367432,5.400000095367432,5.400000095367432,5750
2004-03-17,5.400000095367432,5.71999979019165,5.400000095367432,5.71999979019165,5.71999979019165,7175
2004-03-18,5.679999828338623,5.679999828338623,5.400000095367432,5.400000095367432,5.400000095367432,4200
2004-03-19,5.400000095367432,5.599999904632568,5.400000095367432,5.599999904632568,5.599999904632568,9125
2004-03-22,5.559999942779541,5.599999904632568,5.28000020980835,5.599999904632568,5.599999904632568,6925
2004-03-23,5.28000020980835,5.480000019073486,5.28000020980835,5.400000095367432,5.400000095367432,1975
2004-03-24,5.28000020980835,5.400000095367432,5.28000020980835,5.400000095367432,5.400000095367432,5125
2004-03-25,5.559999942779541,5.679999828338623,5.400000095367432,5.599999904632568,5.599999904632568,4000
2004-03-26,5.679999828338623,5.679999828338623,5.400000095367432,5.559999942779541,5.559999942779541,3625
2004-03-29,5.679999828338623,5.679999828338623,5.239999771118164,5.360000133514404,5.360000133514404,5400
2004-03-30,5.400000095367432,5.559999942779541,5.400000095367432,5.400000095367432,5.400000095367432,1200
2004-03-31,5.400000095367432,5.400000095367432,5.400000095367432,5.400000095367432,5.400000095367432,5875
2004-04-01,5.400000095367432,5.400000095367432,5.199999809265137,5.28000020980835,5.28000020980835,9125
2004-04-02,5.360000133514404,5.360000133514404,5.199999809265137,5.199999809265137,5.199999809265137,3475
2004-04-05,5.199999809265137,5.199999809265137,5.199999809265137,5.199999809265137,5.199999809265137,3550
2004-04-06,5.199999809265137,5.199999809265137,5.159999847412109,5.159999847412109,5.159999847412109,2800
2004-04-07,5.159999847412109,5.199999809265137,5.159999847412109,5.159999847412109,5.159999847412109,250
2004-04-08,5.159999847412109,5.199999809265137,5.159999847412109,5.159999847412109,5.159999847412109,1075
2004-04-12,5.159999847412109,5.199999809265137,4.519999980926514,4.760000228881836,4.760000228881836,15225
2004-04-13,4.599999904632568,4.880000114440918,4.559999942779541,4.880000114440918,4.880000114440918,11500
2004-04-14,4.840000152587891,5.239999771118164,4.840000152587891,5.199999809265137,5.199999809265137,20350
2004-04-15,4.840000152587891,5.480000019073486,4.840000152587891,5.039999961853027,5.039999961853027,3300
2004-04-16,5.0,5.199999809265137,5.0,5.199999809265137,5.199999809265137,1225
2004-04-19,5.239999771118164,5.28000020980835,5.199999809265137,5.239999771118164,5.239999771118164,1500
2004-04-20,5.199999809265137,5.360000133514404,5.199999809265137,5.360000133514404,5.360000133514404,750
2004-04-21,5.239999771118164,5.28000020980835,4.840000152587891,5.0,5.0,33450
2004-04-22,4.840000152587891,5.039999961853027,4.840000152587891,5.039999961853027,5.039999961853027,3275
2004-04-23,4.840000152587891,4.920000076293945,4.639999866485596,4.800000190734863,4.800000190734863,6100
2004-04-26,4.800000190734863,4.800000190734863,4.360000133514404,4.800000190734863,4.800000190734863,7950
2004-04-27,4.400000095367432,4.800000190734863,4.400000095367432,4.800000190734863,4.800000190734863,9225
2004-04-28,4.440000057220459,4.800000190734863,4.440000057220459,4.679999828338623,4.679999828338623,1825
2004-04-29,4.440000057220459,4.679999828338623,4.440000057220459,4.679999828338623,4.679999828338623,24100
2004-04-30,4.480000019073486,4.599999904632568,4.480000019073486,4.599999904632568,4.599999904632568,11400
2004-05-03,4.599999904632568,4.71999979019165,4.519999980926514,4.639999866485596,4.639999866485596,17000
2004-05-04,4.800000190734863,4.800000190734863,4.599999904632568,4.599999904632568,4.599999904632568,10900
2004-05-05,4.71999979019165,4.71999979019165,4.599999904632568,4.71999979019165,4.71999979019165,5300
2004-05-06,4.599999904632568,4.599999904632568,4.480000019073486,4.480000019073486,4.480000019073486,1400
2004-05-07,4.599999904632568,4.599999904632568,4.28000020980835,4.28000020980835,4.28000020980835,7675
2004-05-10,4.28000020980835,4.400000095367432,4.28000020980835,4.28000020980835,4.28000020980835,9675
2004-05-11,4.320000171661377,4.320000171661377,4.239999771118164,4.239999771118164,4.239999771118164,2925
2004-05-12,4.239999771118164,4.239999771118164,3.9600000381469727,4.039999961853027,4.039999961853027,16300
2004-05-13,4.039999961853027,4.039999961853027,3.759999990463257,3.9200000762939453,3.9200000762939453,26575
2004-05-14,4.0,4.039999961853027,3.8399999141693115,3.9600000381469727,3.9600000381469727,32600
2004-05-17,3.9600000381469727,3.9600000381469727,3.9600000381469727,3.9600000381469727,3.9600000381469727,0
2004-05-18,3.759999990463257,4.159999847412109,3.4800000190734863,4.119999885559082,4.119999885559082,66250
2004-05-19,3.880000114440918,4.039999961853027,3.680000066757202,3.880000114440918,3.880000114440918,10500
2004-05-20,3.799999952316284,4.480000019073486,3.799999952316284,4.360000133514404,4.360000133514404,18375
2004-05-21,4.199999809265137,4.199999809265137,4.119999885559082,4.119999885559082,4.119999885559082,5875
2004-05-24,4.400000095367432,4.400000095367432,4.119999885559082,4.199999809265137,4.199999809265137,5750
2004-05-25,4.119999885559082,4.320000171661377,4.119999885559082,4.159999847412109,4.159999847412109,4950
2004-05-26,4.199999809265137,4.199999809265137,4.159999847412109,4.159999847412109,4.159999847412109,14000
2004-05-27,4.159999847412109,4.199999809265137,4.119999885559082,4.119999885559082,4.119999885559082,7000
2004-05-28,4.119999885559082,4.159999847412109,4.119999885559082,4.119999885559082,4.119999885559082,250
2004-06-01,4.360000133514404,4.360000133514404,4.0,4.079999923706055,4.079999923706055,7800
2004-06-02,4.119999885559082,4.159999847412109,4.0,4.119999885559082,4.119999885559082,10750
2004-06-03,4.119999885559082,4.119999885559082,3.7200000286102295,4.0,4.0,14850
2004-06-04,4.039999961853027,4.039999961853027,4.0,4.0,4.0,1000
2004-06-07,3.9200000762939453,4.039999961853027,3.8399999141693115,3.9600000381469727,3.9600000381469727,10300
2004-06-08,3.8399999141693115,4.039999961853027,3.8399999141693115,3.9200000762939453,3.9200000762939453,6775
2004-06-09,3.880000114440918,3.9600000381469727,3.759999990463257,3.759999990463257,3.759999990463257,9650
2004-06-10,3.759999990463257,4.039999961853027,3.759999990463257,4.0,4.0,3400
2004-06-14,4.039999961853027,4.039999961853027,3.880000114440918,4.0,4.0,2225
2004-06-15,4.0,4.360000133514404,3.8399999141693115,4.28000020980835,4.28000020980835,25925
2004-06-16,4.239999771118164,4.320000171661377,4.199999809265137,4.199999809265137,4.199999809265137,4875
2004-06-17,4.28000020980835,4.320000171661377,4.199999809265137,4.199999809265137,4.199999809265137,5000
2004-06-18,4.320000171661377,4.360000133514404,4.239999771118164,4.320000171661377,4.320000171661377,11225
2004-06-21,4.360000133514404,4.360000133514404,3.759999990463257,3.799999952316284,3.799999952316284,14675
2004-06-22,3.880000114440918,4.199999809265137,3.880000114440918,4.119999885559082,4.119999885559082,14950
2004-06-23,4.159999847412109,4.159999847412109,4.039999961853027,4.159999847412109,4.159999847412109,5700
2004-06-24,4.159999847412109,4.199999809265137,4.119999885559082,4.199999809265137,4.199999809265137,7075
2004-06-25,4.28000020980835,4.599999904632568,4.28000020980835,4.480000019073486,4.480000019073486,10300
2004-06-28,4.559999942779541,4.559999942779541,4.28000020980835,4.28000020980835,4.28000020980835,27875
2004-06-29,4.440000057220459,4.440000057220459,4.28000020980835,4.400000095367432,4.400000095367432,8875
2004-06-30,4.440000057220459,4.480000019073486,4.440000057220459,4.440000057220459,4.440000057220459,3750
2004-07-01,4.360000133514404,4.480000019073486,4.360000133514404,4.440000057220459,4.440000057220459,6250
2004-07-02,4.400000095367432,4.440000057220459,4.320000171661377,4.320000171661377,4.320000171661377,6375
2004-07-06,4.440000057220459,4.440000057220459,4.199999809265137,4.199999809265137,4.199999809265137,1725
2004-07-07,4.320000171661377,4.320000171661377,3.9200000762939453,4.079999923706055,4.079999923706055,18075
2004-07-08,3.9600000381469727,4.079999923706055,3.799999952316284,4.0,4.0,10300
2004-07-09,4.039999961853027,4.039999961853027,4.0,4.039999961853027,4.039999961853027,9075
2004-07-12,4.079999923706055,4.360000133514404,4.039999961853027,4.320000171661377,4.320000171661377,25000
2004-07-13,4.320000171661377,4.320000171661377,4.039999961853027,4.039999961853027,4.039999961853027,3900
2004-07-14,4.039999961853027,4.119999885559082,3.7200000286102295,4.079999923706055,4.079999923706055,27250
2004-07-15,4.119999885559082,4.28000020980835,4.039999961853027,4.079999923706055,4.079999923706055,9450
2004-07-16,4.039999961853027,4.079999923706055,4.0,4.0,4.0,2925
2004-07-19,4.039999961853027,4.079999923706055,4.039999961853027,4.079999923706055,4.079999923706055,11950
2004-07-20,4.079999923706055,4.119999885559082,4.039999961853027,4.119999885559082,4.119999885559082,8250
2004-07-21,4.119999885559082,4.199999809265137,4.119999885559082,4.199999809265137,4.199999809265137,550
2004-07-22,4.239999771118164,4.239999771118164,4.119999885559082,4.239999771118164,4.239999771118164,2325
2004-07-23,4.119999885559082,4.239999771118164,4.119999885559082,4.239999771118164,4.239999771118164,5325
2004-07-26,4.400000095367432,4.400000095367432,3.9200000762939453,4.199999809265137,4.199999809265137,11375
2004-07-27,3.9200000762939453,4.039999961853027,3.9200000762939453,4.039999961853027,4.039999961853027,500
2004-07-28,4.0,4.159999847412109,4.0,4.159999847412109,4.159999847412109,1625
2004-07-29,4.199999809265137,4.199999809265137,4.119999885559082,4.199999809265137,4.199999809265137,2225
2004-07-30,4.039999961853027,4.639999866485596,4.039999961853027,4.639999866485596,4.639999866485596,19375
2004-08-02,4.599999904632568,4.639999866485596,4.519999980926514,4.519999980926514,4.519999980926514,7850
2004-08-03,4.599999904632568,4.760000228881836,4.599999904632568,4.71999979019165,4.71999979019165,17225
2004-08-04,4.71999979019165,4.71999979019165,4.599999904632568,4.639999866485596,4.639999866485596,1650
2004-08-05,4.599999904632568,4.639999866485596,4.199999809265137,4.400000095367432,4.400000095367432,3775
2004-08-06,4.400000095367432,4.400000095367432,4.119999885559082,4.119999885559082,4.119999885559082,3750
2004-08-09,4.079999923706055,4.28000020980835,4.039999961853027,4.079999923706055,4.079999923706055,8400
2004-08-10,4.119999885559082,4.440000057220459,4.039999961853027,4.440000057220459,4.440000057220459,5875
2004-08-11,4.320000171661377,4.360000133514404,4.0,4.119999885559082,4.119999885559082,4925
2004-08-12,4.119999885559082,4.480000019073486,4.0,4.440000057220459,4.440000057220459,4650
2004-08-13,4.480000019073486,4.599999904632568,4.440000057220459,4.440000057220459,4.440000057220459,1925
2004-08-16,4.400000095367432,4.71999979019165,4.199999809265137,4.400000095367432,4.400000095367432,7125
2004-08-17,4.239999771118164,4.239999771118164,4.239999771118164,4.239999771118164,4.239999771118164,1325
2004-08-18,4.239999771118164,4.239999771118164,4.039999961853027,4.079999923706055,4.079999923706055,6625
2004-08-19,4.039999961853027,4.199999809265137,3.9200000762939453,4.199999809265137,4.199999809265137,3875
2004-08-20,4.199999809265137,4.199999809265137,4.199999809265137,4.199999809265137,4.199999809265137,0
2004-08-23,4.199999809265137,4.199999809265137,4.199999809265137,4.199999809265137,4.199999809265137,0
2004-08-24,4.0,4.159999847412109,4.0,4.159999847412109,4.159999847412109,775
2004-08-25,4.159999847412109,4.199999809265137,4.079999923706055,4.199999809265137,4.199999809265137,7775
2004-08-26,4.159999847412109,4.360000133514404,4.159999847412109,4.360000133514404,4.360000133514404,3175
2004-08-27,4.199999809265137,4.199999809265137,4.199999809265137,4.199999809265137,4.199999809265137,125
2004-08-30,4.199999809265137,4.199999809265137,4.199999809265137,4.199999809265137,4.199999809265137,1175
2004-08-31,4.199999809265137,4.320000171661377,4.159999847412109,4.199999809265137,4.199999809265137,575
2004-09-01,4.320000171661377,4.639999866485596,4.320000171661377,4.440000057220459,4.440000057220459,8275
2004-09-02,4.360000133514404,4.480000019073486,4.360000133514404,4.480000019073486,4.480000019073486,3050
2004-09-03,4.480000019073486,4.599999904632568,4.480000019073486,4.480000019073486,4.480000019073486,2125
2004-09-07,4.400000095367432,4.480000019073486,4.400000095367432,4.480000019073486,4.480000019073486,2975
2004-09-08,4.480000019073486,4.519999980926514,4.440000057220459,4.440000057220459,4.440000057220459,5275
2004-09-09,4.440000057220459,4.480000019073486,4.440000057220459,4.440000057220459,4.440000057220459,2400
2004-09-10,4.519999980926514,4.639999866485596,4.519999980926514,4.639999866485596,4.639999866485596,3600
2004-09-13,4.599999904632568,4.599999904632568,4.599999904632568,4.599999904632568,4.599999904632568,3625
2004-09-14,4.679999828338623,4.679999828338623,4.599999904632568,4.639999866485596,4.639999866485596,11625
2004-09-15,4.639999866485596,4.639999866485596,4.400000095367432,4.400000095367432,4.400000095367432,4800
2004-09-16,4.400000095367432,4.480000019073486,4.400000095367432,4.400000095367432,4.400000095367432,5450
2004-09-17,4.400000095367432,4.599999904632568,4.400000095367432,4.480000019073486,4.480000019073486,2100
2004-09-20,4.480000019073486,4.480000019073486,4.400000095367432,4.400000095367432,4.400000095367432,12425
2004-09-21,4.400000095367432,4.440000057220459,4.400000095367432,4.400000095367432,4.400000095367432,3375
2004-09-22,4.400000095367432,4.519999980926514,4.400000095367432,4.480000019073486,4.480000019073486,4100
2004-09-23,4.440000057220459,4.440000057220459,4.440000057220459,4.440000057220459,4.440000057220459,75
2004-09-24,4.440000057220459,4.440000057220459,4.440000057220459,4.440000057220459,4.440000057220459,150
2004-09-27,4.639999866485596,4.639999866485596,4.400000095367432,4.400000095367432,4.400000095367432,7450
2004-09-28,4.28000020980835,4.400000095367432,4.199999809265137,4.400000095367432,4.400000095367432,3675
2004-09-29,4.599999904632568,4.800000190734863,4.599999904632568,4.800000190734863,4.800000190734863,21300
2004-09-30,4.71999979019165,4.840000152587891,4.639999866485596,4.840000152587891,4.840000152587891,9425
2004-10-01,4.880000114440918,5.0,4.800000190734863,4.800000190734863,4.800000190734863,14200
2004-10-04,4.840000152587891,4.920000076293945,4.599999904632568,4.840000152587891,4.840000152587891,6350
2004-10-05,4.840000152587891,4.960000038146973,4.760000228881836,4.760000228881836,4.760000228881836,7925
2004-10-06,4.679999828338623,4.840000152587891,4.679999828338623,4.840000152587891,4.840000152587891,3200
2004-10-07,4.840000152587891,4.880000114440918,4.71999979019165,4.840000152587891,4.840000152587891,9125
2004-10-08,4.920000076293945,5.119999885559082,4.920000076293945,5.039999961853027,5.039999961853027,15925
2004-10-11,4.840000152587891,4.840000152587891,4.679999828338623,4.760000228881836,4.760000228881836,7875
2004-10-12,4.599999904632568,4.760000228881836,4.440000057220459,4.519999980926514,4.519999980926514,1700
2004-10-13,4.679999828338623,4.679999828338623,4.599999904632568,4.679999828338623,4.679999828338623,1500
2004-10-14,4.599999904632568,4.679999828338623,4.519999980926514,4.599999904632568,4.599999904632568,13200
2004-10-15,4.800000190734863,4.840000152587891,4.519999980926514,4.71999979019165,4.71999979019165,13500
2004-10-18,4.599999904632568,4.599999904632568,4.480000019073486,4.599999904632568,4.599999904632568,25425
2004-10-19,4.800000190734863,4.840000152587891,4.480000019073486,4.639999866485596,4.639999866485596,18850
2004-10-20,4.71999979019165,4.800000190734863,4.679999828338623,4.800000190734863,4.800000190734863,7975
2004-10-21,4.960000038146973,5.199999809265137,4.960000038146973,5.119999885559082,5.119999885559082,6575
2004-10-22,5.320000171661377,5.519999980926514,5.159999847412109,5.320000171661377,5.320000171661377,27625
2004-10-25,5.440000057220459,5.639999866485596,5.320000171661377,5.519999980926514,5.519999980926514,14350
2004-10-26,5.320000171661377,5.480000019073486,5.039999961853027,5.480000019073486,5.480000019073486,11550
2004-10-27,5.119999885559082,5.599999904632568,5.119999885559082,5.440000057220459,5.440000057220459,6025
2004-10-28,5.480000019073486,5.599999904632568,5.440000057220459,5.440000057220459,5.440000057220459,1800
2004-10-29,5.400000095367432,5.559999942779541,5.28000020980835,5.440000057220459,5.440000057220459,2750
2004-11-01,5.400000095367432,5.400000095367432,5.28000020980835,5.28000020980835,5.28000020980835,1025
2004-11-02,5.28000020980835,5.320000171661377,5.239999771118164,5.28000020980835,5.28000020980835,8150
2004-11-03,5.28000020980835,5.28000020980835,5.28000020980835,5.28000020980835,5.28000020980835,0
2004-11-04,5.28000020980835,5.559999942779541,5.28000020980835,5.320000171661377,5.320000171661377,3225
2004-11-05,5.320000171661377,5.559999942779541,5.320000171661377,5.480000019073486,5.480000019073486,13200
2004-11-08,5.480000019073486,5.480000019073486,5.400000095367432,5.400000095367432,5.400000095367432,1700
2004-11-09,5.559999942779541,5.800000190734863,5.480000019073486,5.760000228881836,5.760000228881836,48925
2004-11-10,6.119999885559082,6.400000095367432,6.0,6.039999961853027,6.039999961853027,158025
2004-11-11,6.159999847412109,6.28000020980835,5.920000076293945,6.0,6.0,35750
2004-11-12,5.960000038146973,6.079999923706055,5.679999828338623,5.960000038146973,5.960000038146973,36625
2004-11-15,6.0,6.0,5.800000190734863,5.840000152587891,5.840000152587891,5125
2004-11-16,5.840000152587891,5.920000076293945,5.599999904632568,5.599999904632568,5.599999904632568,21775
2004-11-17,5.480000019073486,5.599999904632568,5.480000019073486,5.480000019073486,5.480000019073486,8500
2004-11-18,5.400000095367432,5.599999904632568,5.400000095367432,5.599999904632568,5.599999904632568,11650
2004-11-19,5.679999828338623,5.679999828338623,5.599999904632568,5.639999866485596,5.639999866485596,2775
2004-11-22,5.840000152587891,5.840000152587891,5.599999904632568,5.840000152587891,5.840000152587891,1600
2004-11-23,5.760000228881836,5.920000076293945,5.400000095367432,5.679999828338623,5.679999828338623,67050
2004-11-24,6.840000152587891,6.920000076293945,6.0,6.480000019073486,6.480000019073486,210875
2004-11-26,6.760000228881836,6.760000228881836,6.400000095367432,6.480000019073486,6.480000019073486,26275
2004-11-29,6.760000228881836,6.760000228881836,6.159999847412109,6.159999847412109,6.159999847412109,32375
2004-11-30,6.159999847412109,6.480000019073486,6.039999961853027,6.079999923706055,6.079999923706055,38100
2004-12-01,6.119999885559082,6.199999809265137,5.840000152587891,6.039999961853027,6.039999961853027,33525
2004-12-02,6.0,6.0,5.800000190734863,5.960000038146973,5.960000038146973,12500
2004-12-03,5.920000076293945,5.920000076293945,5.599999904632568,5.71999979019165,5.71999979019165,8975
2004-12-06,5.71999979019165,5.920000076293945,5.599999904632568,5.920000076293945,5.920000076293945,13700
2004-12-07,5.920000076293945,6.039999961853027,5.639999866485596,5.960000038146973,5.960000038146973,58550
2004-12-08,5.840000152587891,6.0,5.800000190734863,5.840000152587891,5.840000152587891,21400
2004-12-09,5.880000114440918,6.0,5.840000152587891,6.0,6.0,32325
2004-12-10,6.079999923706055,6.239999771118164,5.920000076293945,6.0,6.0,27125
2004-12-13,6.0,6.360000133514404,5.840000152587891,5.920000076293945,5.920000076293945,15175
2004-12-14,5.960000038146973,6.119999885559082,5.679999828338623,5.760000228881836,5.760000228881836,8875
2004-12-15,5.679999828338623,5.960000038146973,5.679999828338623,5.840000152587891,5.840000152587891,8100
2004-12-16,5.920000076293945,6.039999961853027,5.880000114440918,5.880000114440918,5.880000114440918,18375
2004-12-17,5.880000114440918,6.0,5.800000190734863,5.920000076293945,5.920000076293945,2725
2004-12-20,5.920000076293945,5.920000076293945,5.639999866485596,5.679999828338623,5.679999828338623,7175
2004-12-21,5.639999866485596,5.800000190734863,5.599999904632568,5.639999866485596,5.639999866485596,11700
2004-12-22,5.840000152587891,5.920000076293945,5.360000133514404,5.400000095367432,5.400000095367432,39400
2004-12-23,5.360000133514404,5.760000228881836,5.320000171661377,5.760000228881836,5.760000228881836,6100
2004-12-27,5.599999904632568,5.760000228881836,5.400000095367432,5.760000228881836,5.760000228881836,1725
2004-12-28,5.599999904632568,5.760000228881836,5.599999904632568,5.679999828338623,5.679999828338623,7225
2004-12-29,5.400000095367432,5.71999979019165,5.400000095367432,5.71999979019165,5.71999979019165,1850
2004-12-30,5.480000019073486,5.800000190734863,5.480000019073486,5.519999980926514,5.519999980926514,4075
2004-12-31,5.480000019073486,5.840000152587891,5.480000019073486,5.760000228881836,5.760000228881836,4300
2005-01-03,5.639999866485596,5.800000190734863,5.559999942779541,5.559999942779541,5.559999942779541,13400
2005-01-04,5.71999979019165,5.960000038146973,5.480000019073486,5.519999980926514,5.519999980926514,48175
2005-01-05,5.519999980926514,5.800000190734863,5.440000057220459,5.599999904632568,5.599999904632568,17175
2005-01-06,5.639999866485596,6.0,5.440000057220459,5.920000076293945,5.920000076293945,17825
2005-01-07,6.0,6.0,5.480000019073486,5.800000190734863,5.800000190734863,55500
2005-01-10,5.880000114440918,5.880000114440918,5.440000057220459,5.559999942779541,5.559999942779541,33700
2005-01-11,5.480000019073486,5.760000228881836,5.360000133514404,5.360000133514404,5.360000133514404,19875
2005-01-12,5.360000133514404,5.599999904632568,5.320000171661377,5.480000019073486,5.480000019073486,20625
2005-01-13,5.440000057220459,5.559999942779541,5.360000133514404,5.440000057220459,5.440000057220459,17675
2005-01-14,5.440000057220459,5.559999942779541,5.360000133514404,5.360000133514404,5.360000133514404,3925
2005-01-18,5.559999942779541,5.559999942779541,5.360000133514404,5.480000019073486,5.480000019073486,29425
2005-01-19,5.480000019073486,5.519999980926514,5.440000057220459,5.519999980926514,5.519999980926514,2200
2005-01-20,5.519999980926514,5.559999942779541,5.400000095367432,5.400000095367432,5.400000095367432,1750
2005-01-21,5.360000133514404,5.880000114440918,5.360000133514404,5.800000190734863,5.800000190734863,51075
2005-01-24,5.800000190734863,6.320000171661377,5.639999866485596,5.800000190734863,5.800000190734863,96075
2005-01-25,6.039999961853027,6.119999885559082,5.880000114440918,6.0,6.0,14150
2005-01-26,6.320000171661377,6.320000171661377,5.960000038146973,6.0,6.0,25450
2005-01-27,6.079999923706055,6.199999809265137,5.960000038146973,6.119999885559082,6.119999885559082,11025
2005-01-28,6.079999923706055,6.159999847412109,5.960000038146973,6.0,6.0,5000
2005-01-31,6.159999847412109,6.519999980926514,6.079999923706055,6.519999980926514,6.519999980926514,28075
2005-02-01,6.400000095367432,6.599999904632568,6.239999771118164,6.28000020980835,6.28000020980835,41775
2005-02-02,6.559999942779541,6.559999942779541,6.400000095367432,6.480000019073486,6.480000019073486,16950
2005-02-03,6.519999980926514,6.559999942779541,6.400000095367432,6.480000019073486,6.480000019073486,4325
2005-02-04,6.519999980926514,6.519999980926514,6.400000095367432,6.400000095367432,6.400000095367432,6200
2005-02-07,6.400000095367432,6.599999904632568,6.079999923706055,6.400000095367432,6.400000095367432,9075
2005-02-08,6.400000095367432,6.679999828338623,6.400000095367432,6.599999904632568,6.599999904632568,37850
2005-02-09,6.679999828338623,6.800000190734863,5.800000190734863,6.400000095367432,6.400000095367432,134800
2005-02-10,6.400000095367432,7.400000095367432,6.400000095367432,7.079999923706055,7.079999923706055,134700
2005-02-11,7.039999961853027,7.71999979019165,7.039999961853027,7.559999942779541,7.559999942779541,128800
2005-02-14,7.599999904632568,7.599999904632568,6.880000114440918,7.599999904632568,7.599999904632568,62500
2005-02-15,7.599999904632568,7.599999904632568,7.440000057220459,7.519999980926514,7.519999980926514,19850
2005-02-16,7.360000133514404,7.400000095367432,7.079999923706055,7.079999923706055,7.079999923706055,39000
2005-02-17,7.159999847412109,8.119999885559082,7.159999847412109,7.800000190734863,7.800000190734863,107450
2005-02-18,8.039999961853027,8.239999771118164,7.800000190734863,7.800000190734863,7.800000190734863,53100
2005-02-22,7.71999979019165,7.800000190734863,6.960000038146973,7.039999961853027,7.039999961853027,41875
2005-02-23,7.119999885559082,7.28000020980835,6.920000076293945,6.920000076293945,6.920000076293945,10950
2005-02-24,6.840000152587891,7.519999980926514,6.840000152587891,7.519999980926514,7.519999980926514,17275
2005-02-25,7.599999904632568,7.760000228881836,7.0,7.559999942779541,7.559999942779541,15525
2005-02-28,7.079999923706055,7.519999980926514,7.079999923706055,7.360000133514404,7.360000133514404,11175
2005-03-01,7.360000133514404,7.599999904632568,7.360000133514404,7.559999942779541,7.559999942779541,16175
2005-03-02,7.559999942779541,7.559999942779541,7.28000020980835,7.400000095367432,7.400000095367432,9050
2005-03-03,7.400000095367432,7.800000190734863,7.400000095367432,7.800000190734863,7.800000190734863,15325
2005-03-04,7.880000114440918,8.079999923706055,7.800000190734863,8.039999961853027,8.039999961853027,27000
2005-03-07,8.039999961853027,8.359999656677246,7.960000038146973,8.0,8.0,32250
2005-03-08,7.920000076293945,8.0,7.599999904632568,7.800000190734863,7.800000190734863,13950
2005-03-09,7.800000190734863,7.800000190734863,7.71999979019165,7.800000190734863,7.800000190734863,3800
2005-03-10,7.800000190734863,7.800000190734863,7.599999904632568,7.639999866485596,7.639999866485596,10400
2005-03-11,7.639999866485596,7.800000190734863,7.599999904632568,7.760000228881836,7.760000228881836,5425
2005-03-14,7.800000190734863,7.920000076293945,7.400000095367432,7.760000228881836,7.760000228881836,7825
2005-03-15,7.840000152587891,7.960000038146973,7.71999979019165,7.920000076293945,7.920000076293945,8975
2005-03-16,7.920000076293945,8.0,7.880000114440918,8.0,8.0,11900
2005-03-17,8.039999961853027,8.399999618530273,7.320000171661377,7.960000038146973,7.960000038146973,19125
2005-03-18,8.0,8.0,7.599999904632568,7.960000038146973,7.960000038146973,4225
2005-03-21,7.960000038146973,7.960000038146973,7.400000095367432,7.71999979019165,7.71999979019165,41200
2005-03-22,7.800000190734863,7.800000190734863,7.320000171661377,7.599999904632568,7.599999904632568,7700
2005-03-23,7.599999904632568,7.599999904632568,7.039999961853027,7.480000019073486,7.480000019073486,12525
2005-03-24,7.480000019073486,7.480000019073486,7.360000133514404,7.400000095367432,7.400000095367432,4550
2005-03-28,7.440000057220459,7.840000152587891,7.400000095367432,7.400000095367432,7.400000095367432,16375
2005-03-29,7.360000133514404,7.599999904632568,7.360000133514404,7.400000095367432,7.400000095367432,12150
2005-03-30,7.400000095367432,7.920000076293945,7.360000133514404,7.679999828338623,7.679999828338623,6425
2005-03-31,7.760000228881836,8.199999809265137,7.760000228881836,8.039999961853027,8.039999961853027,16125
2005-04-01,8.0,8.0,7.800000190734863,7.960000038146973,7.960000038146973,900
2005-04-04,8.0,8.0,7.800000190734863,7.880000114440918,7.880000114440918,2275
2005-04-05,7.800000190734863,7.960000038146973,7.800000190734863,7.920000076293945,7.920000076293945,2550
2005-04-06,7.800000190734863,8.0,7.800000190734863,8.0,8.0,6925
2005-04-07,8.0,8.079999923706055,7.920000076293945,8.0,8.0,13150
2005-04-08,8.199999809265137,8.680000305175781,8.199999809265137,8.600000381469727,8.600000381469727,28100
2005-04-11,8.4399995803833,8.600000381469727,8.239999771118164,8.4399995803833,8.4399995803833,8475
2005-04-12,8.4399995803833,8.4399995803833,7.559999942779541,8.239999771118164,8.239999771118164,15700
2005-04-13,8.15999984741211,8.680000305175781,8.0,8.199999809265137,8.199999809265137,6225
2005-04-14,8.0,8.0,7.440000057220459,8.0,8.0,6425
2005-04-15,8.0,8.0,7.800000190734863,7.800000190734863,7.800000190734863,8125
2005-04-18,7.880000114440918,7.880000114440918,7.599999904632568,7.679999828338623,7.679999828338623,4475
2005-04-19,7.599999904632568,8.0,7.599999904632568,7.960000038146973,7.960000038146973,14350
2005-04-20,7.800000190734863,8.0,7.599999904632568,8.0,8.0,2275
2005-04-21,7.599999904632568,7.960000038146973,7.599999904632568,7.960000038146973,7.960000038146973,2225
2005-04-22,7.639999866485596,7.960000038146973,7.519999980926514,7.599999904632568,7.599999904632568,9175
2005-04-25,7.440000057220459,7.960000038146973,7.440000057220459,7.800000190734863,7.800000190734863,22350
2005-04-26,7.800000190734863,8.0,7.71999979019165,8.0,8.0,2500
2005-04-27,8.0,8.0,7.639999866485596,8.0,8.0,5000
2005-04-28,8.0,8.0,8.0,8.0,8.0,4250
2005-04-29,7.880000114440918,8.0,7.599999904632568,8.0,8.0,4325
2005-05-02,8.0,8.0,7.599999904632568,8.0,8.0,2725
2005-05-03,8.0,8.0,7.0,7.599999904632568,7.599999904632568,20000
2005-05-04,7.039999961853027,7.679999828338623,7.039999961853027,7.639999866485596,7.639999866485596,6225
2005-05-05,7.599999904632568,7.599999904632568,7.320000171661377,7.599999904632568,7.599999904632568,6500
2005-05-06,7.400000095367432,8.0,7.400000095367432,8.0,8.0,5650
2005-05-09,7.880000114440918,8.0,7.199999809265137,7.840000152587891,7.840000152587891,5800
2005-05-10,8.0,8.0,7.400000095367432,7.800000190734863,7.800000190734863,4225
2005-05-11,8.319999694824219,8.640000343322754,8.0,8.15999984741211,8.15999984741211,46525
2005-05-12,8.199999809265137,8.279999732971191,8.079999923706055,8.199999809265137,8.199999809265137,15300
2005-05-13,8.0,8.199999809265137,7.800000190734863,8.039999961853027,8.039999961853027,26400
2005-05-16,8.039999961853027,8.039999961853027,7.800000190734863,7.920000076293945,7.920000076293945,4875
2005-05-17,7.920000076293945,7.920000076293945,7.400000095367432,7.920000076293945,7.920000076293945,10375
2005-05-18,7.760000228881836,7.840000152587891,7.440000057220459,7.679999828338623,7.679999828338623,4050
2005-05-19,7.599999904632568,7.760000228881836,7.320000171661377,7.760000228881836,7.760000228881836,4400
2005-05-20,7.599999904632568,7.960000038146973,7.599999904632568,7.960000038146973,7.960000038146973,4850
2005-05-23,7.599999904632568,7.960000038146973,7.440000057220459,7.480000019073486,7.480000019073486,5200
2005-05-24,7.360000133514404,7.960000038146973,7.360000133514404,7.840000152587891,7.840000152587891,12375
2005-05-25,7.880000114440918,7.920000076293945,7.800000190734863,7.840000152587891,7.840000152587891,10500
2005-05-26,7.679999828338623,7.840000152587891,7.599999904632568,7.800000190734863,7.800000190734863,4400
2005-05-27,7.599999904632568,7.71999979019165,7.28000020980835,7.519999980926514,7.519999980926514,9150
2005-05-31,7.800000190734863,7.960000038146973,7.400000095367432,7.960000038146973,7.960000038146973,14575
2005-06-01,8.0,8.199999809265137,7.800000190734863,8.0,8.0,12750
2005-06-02,8.0,9.0,7.920000076293945,9.0,9.0,28700
2005-06-03,9.0,9.359999656677246,8.800000190734863,9.199999809265137,9.199999809265137,25075
2005-06-06,9.079999923706055,9.800000190734863,9.0,9.199999809265137,9.199999809265137,19950
2005-06-07,9.0,9.359999656677246,9.0,9.199999809265137,9.199999809265137,13125
2005-06-08,9.119999885559082,9.960000038146973,9.119999885559082,9.600000381469727,9.600000381469727,73925
2005-06-09,9.600000381469727,9.600000381469727,9.399999618530273,9.479999542236328,9.479999542236328,27300
2005-06-10,9.399999618530273,9.600000381469727,8.920000076293945,9.199999809265137,9.199999809265137,17950
2005-06-13,9.199999809265137,9.720000267028809,9.199999809265137,9.720000267028809,9.720000267028809,46225
2005-06-14,9.760000228881836,9.760000228881836,9.600000381469727,9.600000381469727,9.600000381469727,3875
2005-06-15,9.760000228881836,9.760000228881836,9.520000457763672,9.520000457763672,9.520000457763672,15350
2005-06-16,9.399999618530273,9.520000457763672,9.199999809265137,9.520000457763672,9.520000457763672,8700
2005-06-17,9.359999656677246,9.359999656677246,9.0,9.039999961853027,9.039999961853027,11775
2005-06-20,9.15999984741211,9.520000457763672,9.0,9.399999618530273,9.399999618530273,9700
2005-06-21,9.0,9.520000457763672,8.800000190734863,9.399999618530273,9.399999618530273,10950
2005-06-22,9.399999618530273,9.520000457763672,9.0,9.199999809265137,9.199999809265137,4850
2005-06-23,9.15999984741211,9.760000228881836,9.15999984741211,9.680000305175781,9.680000305175781,17375
2005-06-24,9.680000305175781,9.680000305175781,9.399999618530273,9.680000305175781,9.680000305175781,2075
2005-06-27,9.680000305175781,10.479999542236328,9.5600004196167,10.319999694824219,10.319999694824219,36325
2005-06-28,10.359999656677246,10.359999656677246,10.0,10.079999923706055,10.079999923706055,17650
2005-06-29,9.920000076293945,10.0,9.800000190734863,10.0,10.0,5825
2005-06-30,10.0,10.199999809265137,9.880000114440918,10.119999885559082,10.119999885559082,30600
2005-07-01,10.199999809265137,10.199999809265137,9.4399995803833,9.4399995803833,9.4399995803833,13950
2005-07-05,9.4399995803833,9.960000038146973,9.199999809265137,9.319999694824219,9.319999694824219,7500
2005-07-06,9.319999694824219,9.600000381469727,9.079999923706055,9.600000381469727,9.600000381469727,5775
2005-07-07,9.199999809265137,9.800000190734863,9.039999961853027,9.600000381469727,9.600000381469727,13100
2005-07-08,9.720000267028809,9.720000267028809,9.399999618530273,9.600000381469727,9.600000381469727,5900
2005-07-11,9.319999694824219,10.399999618530273,9.319999694824219,10.359999656677246,10.359999656677246,11750
2005-07-12,10.199999809265137,10.319999694824219,10.0,10.199999809265137,10.199999809265137,6750
2005-07-13,10.039999961853027,10.319999694824219,9.880000114440918,10.199999809265137,10.199999809265137,2000
2005-07-14,10.199999809265137,10.399999618530273,10.0,10.399999618530273,10.399999618530273,14225
2005-07-15,10.239999771118164,10.399999618530273,10.0,10.199999809265137,10.199999809265137,3325
2005-07-18,10.079999923706055,10.199999809265137,9.960000038146973,9.960000038146973,9.960000038146973,5050
2005-07-19,10.0,10.199999809265137,9.760000228881836,9.760000228881836,9.760000228881836,3950
2005-07-20,9.800000190734863,10.199999809265137,9.800000190734863,10.199999809265137,10.199999809265137,4650
2005-07-21,10.199999809265137,11.199999809265137,10.0,10.720000267028809,10.720000267028809,45950
2005-07-22,10.760000228881836,10.800000190734863,10.520000457763672,10.5600004196167,10.5600004196167,7125
2005-07-25,10.5600004196167,10.800000190734863,10.5600004196167,10.640000343322754,10.640000343322754,4500
2005-07-26,10.479999542236328,11.359999656677246,10.479999542236328,11.079999923706055,11.079999923706055,23575
2005-07-27,11.0,11.399999618530273,10.84000015258789,11.399999618530273,11.399999618530273,19275
2005-07-28,11.4399995803833,11.520000457763672,11.199999809265137,11.319999694824219,11.319999694824219,10325
2005-07-29,11.399999618530273,11.600000381469727,11.119999885559082,11.600000381469727,11.600000381469727,39400
2005-08-01,11.600000381469727,11.800000190734863,11.600000381469727,11.720000267028809,11.720000267028809,47450
2005-08-02,11.720000267028809,11.720000267028809,11.239999771118164,11.4399995803833,11.4399995803833,23725
2005-08-03,11.479999542236328,11.479999542236328,11.199999809265137,11.479999542236328,11.479999542236328,8925
2005-08-04,11.479999542236328,11.479999542236328,11.0,11.0,11.0,16425
2005-08-05,10.84000015258789,10.84000015258789,10.4399995803833,10.479999542236328,10.479999542236328,17425
2005-08-08,10.4399995803833,10.479999542236328,9.359999656677246,10.0,10.0,48700
2005-08-09,10.0,10.15999984741211,10.0,10.039999961853027,10.039999961853027,6325
2005-08-10,10.15999984741211,10.15999984741211,10.0,10.15999984741211,10.15999984741211,12025
2005-08-11,10.079999923706055,10.079999923706055,9.680000305175781,9.920000076293945,9.920000076293945,23500
2005-08-12,9.880000114440918,10.359999656677246,9.880000114440918,10.319999694824219,10.319999694824219,16625
2005-08-15,10.359999656677246,11.0,10.359999656677246,10.600000381469727,10.600000381469727,15325
2005-08-16,10.760000228881836,10.800000190734863,10.520000457763672,10.800000190734863,10.800000190734863,1225
2005-08-17,10.760000228881836,11.0,10.720000267028809,10.880000114440918,10.880000114440918,11125
2005-08-18,10.880000114440918,11.0,10.680000305175781,10.680000305175781,10.680000305175781,11150
2005-08-19,10.600000381469727,10.600000381469727,9.4399995803833,10.0,10.0,28200
2005-08-22,10.0,10.0,9.399999618530273,9.800000190734863,9.800000190734863,4925
2005-08-23,9.4399995803833,10.0,9.4399995803833,9.800000190734863,9.800000190734863,6075
2005-08-24,9.800000190734863,10.199999809265137,9.760000228881836,10.199999809265137,10.199999809265137,3825
2005-08-25,10.0,10.079999923706055,9.880000114440918,10.079999923706055,10.079999923706055,2800
2005-08-26,9.920000076293945,10.039999961853027,9.4399995803833,10.0,10.0,6250
2005-08-29,9.920000076293945,10.0,9.600000381469727,9.960000038146973,9.960000038146973,2050
2005-08-30,9.920000076293945,9.920000076293945,9.800000190734863,9.880000114440918,9.880000114440918,1100
2005-08-31,9.800000190734863,9.800000190734863,9.4399995803833,9.680000305175781,9.680000305175781,14375
2005-09-01,9.600000381469727,9.640000343322754,9.199999809265137,9.479999542236328,9.479999542236328,19225
2005-09-02,9.199999809265137,9.920000076293945,9.119999885559082,9.920000076293945,9.920000076293945,9300
2005-09-06,9.920000076293945,10.760000228881836,9.880000114440918,10.720000267028809,10.720000267028809,18350
2005-09-07,10.720000267028809,10.720000267028809,9.640000343322754,9.880000114440918,9.880000114440918,15850
2005-09-08,9.920000076293945,10.4399995803833,9.920000076293945,10.15999984741211,10.15999984741211,6375
2005-09-09,10.15999984741211,10.640000343322754,10.15999984741211,10.5600004196167,10.5600004196167,20375
2005-09-12,10.600000381469727,10.600000381469727,10.0,10.479999542236328,10.479999542236328,5750
2005-09-13,10.600000381469727,10.600000381469727,10.479999542236328,10.479999542236328,10.479999542236328,2550
2005-09-14,10.479999542236328,11.0,10.479999542236328,10.920000076293945,10.920000076293945,9250
2005-09-15,10.800000190734863,10.960000038146973,10.800000190734863,10.960000038146973,10.960000038146973,3125
2005-09-16,10.84000015258789,10.960000038146973,10.399999618530273,10.800000190734863,10.800000190734863,2800
2005-09-19,10.680000305175781,10.800000190734863,10.199999809265137,10.720000267028809,10.720000267028809,7350
2005-09-20,10.600000381469727,10.720000267028809,10.039999961853027,10.399999618530273,10.399999618530273,21850
2005-09-21,10.880000114440918,11.239999771118164,10.680000305175781,10.920000076293945,10.920000076293945,61825
2005-09-22,10.84000015258789,11.039999961853027,10.640000343322754,10.960000038146973,10.960000038146973,14250
2005-09-23,10.960000038146973,11.279999732971191,10.680000305175781,11.279999732971191,11.279999732971191,24650
2005-09-26,11.279999732971191,11.399999618530273,11.199999809265137,11.399999618530273,11.399999618530273,8150
2005-09-27,11.319999694824219,11.399999618530273,11.0,11.279999732971191,11.279999732971191,22775
2005-09-28,11.359999656677246,11.5600004196167,11.279999732971191,11.520000457763672,11.520000457763672,23750
2005-09-29,11.520000457763672,11.520000457763672,11.0,11.279999732971191,11.279999732971191,7500
2005-09-30,11.039999961853027,11.479999542236328,10.920000076293945,11.399999618530273,11.399999618530273,14750
2005-10-03,11.520000457763672,11.520000457763672,11.0,11.199999809265137,11.199999809265137,22725
2005-10-04,11.079999923706055,11.479999542236328,11.0,11.119999885559082,11.119999885559082,7800
2005-10-05,10.960000038146973,11.119999885559082,10.84000015258789,11.119999885559082,11.119999885559082,1300
2005-10-06,11.119999885559082,11.600000381469727,10.520000457763672,11.039999961853027,11.039999961853027,22950
2005-10-07,11.039999961853027,11.039999961853027,10.520000457763672,11.0,11.0,6250
2005-10-10,10.800000190734863,10.920000076293945,10.800000190734863,10.800000190734863,10.800000190734863,975
2005-10-11,10.479999542236328,11.4399995803833,10.479999542236328,10.880000114440918,10.880000114440918,4475
2005-10-12,10.640000343322754,10.880000114440918,10.4399995803833,10.84000015258789,10.84000015258789,3925
2005-10-13,10.4399995803833,10.84000015258789,10.199999809265137,10.84000015258789,10.84000015258789,4450
2005-10-14,10.600000381469727,11.119999885559082,10.079999923706055,11.119999885559082,11.119999885559082,2075
2005-10-17,10.800000190734863,10.84000015258789,10.520000457763672,10.800000190734863,10.800000190734863,2075
2005-10-18,10.600000381469727,10.800000190734863,10.319999694824219,10.319999694824219,10.319999694824219,7600
2005-10-19,10.199999809265137,10.359999656677246,10.119999885559082,10.359999656677246,10.359999656677246,15400
2005-10-20,10.399999618530273,10.399999618530273,10.079999923706055,10.399999618530273,10.399999618530273,500
2005-10-21,10.399999618530273,10.399999618530273,10.0,10.079999923706055,10.079999923706055,8250
2005-10-24,10.0,10.399999618530273,10.0,10.199999809265137,10.199999809265137,10325
2005-10-25,10.199999809265137,10.199999809265137,10.119999885559082,10.119999885559082,10.119999885559082,1025
2005-10-26,10.0,10.279999732971191,9.880000114440918,10.079999923706055,10.079999923706055,17675
2005-10-27,10.0,10.0,9.84000015258789,10.0,10.0,3925
2005-10-28,9.800000190734863,10.199999809265137,9.319999694824219,9.800000190734863,9.800000190734863,19700
2005-10-31,9.800000190734863,10.359999656677246,9.800000190734863,10.199999809265137,10.199999809265137,9775
2005-11-01,10.279999732971191,10.279999732971191,10.199999809265137,10.199999809265137,10.199999809265137,2575
2005-11-02,10.279999732971191,10.640000343322754,10.0,10.399999618530273,10.399999618530273,8850
2005-11-03,10.479999542236328,10.479999542236328,10.199999809265137,10.199999809265137,10.199999809265137,8750
2005-11-04,10.199999809265137,10.199999809265137,9.800000190734863,9.920000076293945,9.920000076293945,6000
2005-11-07,9.640000343322754,10.399999618530273,9.520000457763672,9.640000343322754,9.640000343322754,26250
2005-11-08,9.600000381469727,9.680000305175781,9.399999618530273,9.5600004196167,9.5600004196167,16125
2005-11-09,9.5600004196167,9.680000305175781,9.279999732971191,9.4399995803833,9.4399995803833,21000
2005-11-10,9.279999732971191,9.600000381469727,8.720000267028809,9.199999809265137,9.199999809265137,41850
2005-11-11,9.319999694824219,9.600000381469727,9.039999961853027,9.199999809265137,9.199999809265137,11250
2005-11-14,9.239999771118164,9.5600004196167,9.119999885559082,9.5600004196167,9.5600004196167,36350
2005-11-15,8.239999771118164,8.399999618530273,7.599999904632568,8.039999961853027,8.039999961853027,261575
2005-11-16,8.15999984741211,8.479999542236328,8.079999923706055,8.359999656677246,8.359999656677246,17425
2005-11-17,8.359999656677246,9.239999771118164,8.359999656677246,9.15999984741211,9.15999984741211,30475
2005-11-18,9.600000381469727,9.600000381469727,9.15999984741211,9.319999694824219,9.319999694824219,17850
2005-11-21,9.199999809265137,9.399999618530273,9.119999885559082,9.399999618530273,9.399999618530273,7900
2005-11-22,9.239999771118164,9.520000457763672,9.239999771118164,9.399999618530273,9.399999618530273,7575
2005-11-23,9.399999618530273,9.5600004196167,9.039999961853027,9.039999961853027,9.039999961853027,7825
2005-11-25,8.399999618530273,9.079999923706055,8.399999618530273,9.079999923706055,9.079999923706055,2775
2005-11-28,9.039999961853027,9.119999885559082,8.800000190734863,9.119999885559082,9.119999885559082,1475
2005-11-29,9.0,9.0,8.800000190734863,9.0,9.0,4550
2005-11-30,8.84000015258789,9.0,8.600000381469727,9.0,9.0,4325
2005-12-01,8.800000190734863,9.0,8.600000381469727,8.800000190734863,8.800000190734863,6175
2005-12-02,8.800000190734863,9.0,8.600000381469727,9.0,9.0,6425
2005-12-05,8.600000381469727,8.880000114440918,8.600000381469727,8.880000114440918,8.880000114440918,7375
2005-12-06,8.880000114440918,9.0,8.680000305175781,8.800000190734863,8.800000190734863,2525
2005-12-07,8.800000190734863,8.800000190734863,8.399999618530273,8.600000381469727,8.600000381469727,6350
2005-12-08,8.399999618530273,8.479999542236328,8.399999618530273,8.399999618530273,8.399999618530273,3950
2005-12-09,8.399999618530273,9.0,8.399999618530273,9.0,9.0,8375
2005-12-12,8.760000228881836,9.399999618530273,8.760000228881836,9.0,9.0,2675
2005-12-13,8.760000228881836,8.760000228881836,8.4399995803833,8.479999542236328,8.479999542236328,950
2005-12-14,8.4399995803833,9.0,8.319999694824219,8.800000190734863,8.800000190734863,8000
2005-12-15,8.800000190734863,9.199999809265137,8.800000190734863,8.800000190734863,8.800000190734863,6825
2005-12-16,8.84000015258789,8.84000015258789,8.680000305175781,8.680000305175781,8.680000305175781,400
2005-12-19,8.680000305175781,8.680000305175781,8.680000305175781,8.680000305175781,8.680000305175781,375
2005-12-20,8.84000015258789,8.84000015258789,8.720000267028809,8.84000015258789,8.84000015258789,5375
2005-12-21,8.600000381469727,8.600000381469727,8.600000381469727,8.600000381469727,8.600000381469727,1200
2005-12-22,8.399999618530273,8.720000267028809,8.399999618530273,8.720000267028809,8.720000267028809,4850
2005-12-23,8.760000228881836,8.800000190734863,8.399999618530273,8.399999618530273,8.399999618530273,11425
2005-12-27,8.479999542236328,8.479999542236328,8.039999961853027,8.199999809265137,8.199999809265137,21175
2005-12-28,8.199999809265137,8.199999809265137,8.15999984741211,8.15999984741211,8.15999984741211,17400
2005-12-29,8.279999732971191,8.399999618530273,8.239999771118164,8.239999771118164,8.239999771118164,29525
2005-12-30,8.199999809265137,8.319999694824219,8.199999809265137,8.319999694824219,8.319999694824219,9450
2006-01-03,8.319999694824219,8.319999694824219,8.0,8.199999809265137,8.199999809265137,173225
2006-01-04,8.279999732971191,8.279999732971191,8.15999984741211,8.239999771118164,8.239999771118164,15575
2006-01-05,8.199999809265137,8.4399995803833,8.199999809265137,8.399999618530273,8.399999618530273,12800
2006-01-06,8.479999542236328,8.720000267028809,8.4399995803833,8.720000267028809,8.720000267028809,15050
2006-01-09,8.640000343322754,9.199999809265137,8.640000343322754,8.800000190734863,8.800000190734863,25525
2006-01-10,8.680000305175781,9.119999885559082,8.680000305175781,9.119999885559082,9.119999885559082,2325
2006-01-11,9.119999885559082,9.199999809265137,8.84000015258789,9.119999885559082,9.119999885559082,14900
2006-01-12,9.079999923706055,9.239999771118164,8.920000076293945,9.239999771118164,9.239999771118164,10025
2006-01-13,9.0,9.15999984741211,9.0,9.039999961853027,9.039999961853027,11650
2006-01-17,9.0,9.0,8.720000267028809,8.800000190734863,8.800000190734863,11975
2006-01-18,8.800000190734863,9.039999961853027,8.800000190734863,9.0,9.0,12475
2006-01-19,9.0,9.399999618530273,9.0,9.319999694824219,9.319999694824219,13275
2006-01-20,9.479999542236328,9.600000381469727,9.039999961853027,9.600000381469727,9.600000381469727,21425
2006-01-23,9.319999694824219,9.359999656677246,9.039999961853027,9.199999809265137,9.199999809265137,5150
2006-01-24,9.039999961853027,9.199999809265137,9.039999961853027,9.119999885559082,9.119999885559082,47650
2006-01-25,9.119999885559082,9.15999984741211,9.039999961853027,9.15999984741211,9.15999984741211,3100
2006-01-26,9.199999809265137,9.199999809265137,9.119999885559082,9.199999809265137,9.199999809265137,1075
2006-01-27,9.119999885559082,9.119999885559082,9.119999885559082,9.119999885559082,9.119999885559082,2175
2006-01-30,9.119999885559082,9.119999885559082,8.800000190734863,8.800000190734863,8.800000190734863,18400
2006-01-31,8.84000015258789,8.84000015258789,8.800000190734863,8.800000190734863,8.800000190734863,2275
2006-02-01,8.84000015258789,8.84000015258789,8.800000190734863,8.800000190734863,8.800000190734863,6175
2006-02-02,8.800000190734863,8.800000190734863,8.279999732971191,8.479999542236328,8.479999542236328,18425
2006-02-03,8.5600004196167,8.880000114440918,8.479999542236328,8.880000114440918,8.880000114440918,2300
2006-02-06,8.680000305175781,8.800000190734863,8.119999885559082,8.4399995803833,8.4399995803833,1725
2006-02-07,8.520000457763672,8.640000343322754,8.359999656677246,8.640000343322754,8.640000343322754,9250
2006-02-08,8.640000343322754,8.760000228881836,8.399999618530273,8.4399995803833,8.4399995803833,3225
2006-02-09,8.399999618530273,8.640000343322754,8.359999656677246,8.640000343322754,8.640000343322754,3525
2006-02-10,8.5600004196167,8.760000228881836,8.5600004196167,8.600000381469727,8.600000381469727,1650
2006-02-13,8.760000228881836,8.84000015258789,8.5600004196167,8.84000015258789,8.84000015258789,13275
2006-02-14,8.760000228881836,8.760000228881836,7.800000190734863,7.800000190734863,7.800000190734863,111700
2006-02-15,7.880000114440918,8.079999923706055,7.0,7.800000190734863,7.800000190734863,83625
2006-02-16,7.760000228881836,8.039999961853027,7.440000057220459,7.960000038146973,7.960000038146973,29700
2006-02-17,7.960000038146973,7.960000038146973,7.760000228881836,7.800000190734863,7.800000190734863,2700
2006-02-21,7.760000228881836,8.0,7.760000228881836,8.0,8.0,16825
2006-02-22,8.0,8.119999885559082,7.960000038146973,8.0,8.0,15825
2006-02-23,8.039999961853027,8.319999694824219,7.960000038146973,8.199999809265137,8.199999809265137,13300
2006-02-24,8.319999694824219,8.960000038146973,8.319999694824219,8.960000038146973,8.960000038146973,30525
2006-02-27,8.720000267028809,8.800000190734863,8.680000305175781,8.720000267028809,8.720000267028809,31625
2006-02-28,8.720000267028809,8.800000190734863,8.279999732971191,8.600000381469727,8.600000381469727,14575
2006-03-01,8.720000267028809,8.720000267028809,8.600000381469727,8.720000267028809,8.720000267028809,5050
2006-03-02,8.640000343322754,8.640000343322754,8.279999732971191,8.399999618530273,8.399999618530273,2925
2006-03-03,8.279999732971191,8.800000190734863,8.279999732971191,8.600000381469727,8.600000381469727,9325
2006-03-06,8.479999542236328,8.640000343322754,8.479999542236328,8.640000343322754,8.640000343322754,1225
2006-03-07,8.720000267028809,8.720000267028809,8.600000381469727,8.720000267028809,8.720000267028809,8575
2006-03-08,8.600000381469727,8.640000343322754,8.600000381469727,8.640000343322754,8.640000343322754,6875
2006-03-09,8.720000267028809,8.800000190734863,8.600000381469727,8.800000190734863,8.800000190734863,12200
2006-03-10,8.600000381469727,8.800000190734863,8.600000381469727,8.800000190734863,8.800000190734863,1300
2006-03-13,8.600000381469727,8.800000190734863,8.600000381469727,8.640000343322754,8.640000343322754,23675
2006-03-14,8.800000190734863,8.800000190734863,8.800000190734863,8.800000190734863,8.800000190734863,1075
2006-03-15,8.640000343322754,8.640000343322754,8.399999618530273,8.600000381469727,8.600000381469727,4625
2006-03-16,8.399999618530273,8.399999618530273,8.0,8.399999618530273,8.399999618530273,3250
2006-03-17,8.279999732971191,8.84000015258789,8.199999809265137,8.600000381469727,8.600000381469727,10375
2006-03-20,8.199999809265137,8.800000190734863,8.199999809265137,8.399999618530273,8.399999618530273,3350
2006-03-21,8.399999618530273,8.600000381469727,8.399999618530273,8.399999618530273,8.399999618530273,675
2006-03-22,8.800000190734863,8.800000190734863,8.600000381469727,8.800000190734863,8.800000190734863,6425
2006-03-23,8.680000305175781,8.680000305175781,8.399999618530273,8.399999618530273,8.399999618530273,10625
2006-03-24,8.4399995803833,8.600000381469727,8.399999618530273,8.600000381469727,8.600000381469727,4600
2006-03-27,8.399999618530273,8.399999618530273,7.840000152587891,8.199999809265137,8.199999809265137,19500
2006-03-28,8.319999694824219,8.399999618530273,8.319999694824219,8.359999656677246,8.359999656677246,975
2006-03-29,8.399999618530273,8.520000457763672,8.359999656677246,8.520000457763672,8.520000457763672,700
2006-03-30,8.399999618530273,8.600000381469727,8.359999656677246,8.4399995803833,8.4399995803833,9000
2006-03-31,8.479999542236328,9.319999694824219,8.479999542236328,9.199999809265137,9.199999809265137,46250
2006-04-03,9.0,9.119999885559082,9.0,9.119999885559082,9.119999885559082,4225
2006-04-04,9.039999961853027,9.119999885559082,9.039999961853027,9.079999923706055,9.079999923706055,9225
2006-04-05,9.039999961853027,9.079999923706055,9.039999961853027,9.079999923706055,9.079999923706055,3025
2006-04-06,9.0,9.0,8.600000381469727,8.960000038146973,8.960000038146973,15750
2006-04-07,8.600000381469727,9.0,8.359999656677246,9.0,9.0,6775
2006-04-10,8.84000015258789,8.880000114440918,8.800000190734863,8.800000190734863,8.800000190734863,3750
2006-04-11,8.800000190734863,8.800000190734863,8.399999618530273,8.399999618530273,8.399999618530273,3225
2006-04-12,8.4399995803833,8.800000190734863,8.4399995803833,8.800000190734863,8.800000190734863,11150
2006-04-13,8.399999618530273,8.479999542236328,8.199999809265137,8.4399995803833,8.4399995803833,22000
2006-04-17,8.399999618530273,8.600000381469727,8.399999618530273,8.600000381469727,8.600000381469727,750
2006-04-18,8.479999542236328,8.479999542236328,8.359999656677246,8.399999618530273,8.399999618530273,8175
2006-04-19,8.399999618530273,8.880000114440918,8.239999771118164,8.319999694824219,8.319999694824219,18000
2006-04-20,8.399999618530273,8.640000343322754,8.199999809265137,8.600000381469727,8.600000381469727,4750
2006-04-21,8.399999618530273,8.399999618530273,8.399999618530273,8.399999618530273,8.399999618530273,375
2006-04-24,8.359999656677246,8.399999618530273,8.199999809265137,8.399999618530273,8.399999618530273,2150
2006-04-25,8.399999618530273,8.399999618530273,8.399999618530273,8.399999618530273,8.399999618530273,5975
2006-04-26,8.399999618530273,8.399999618530273,8.319999694824219,8.399999618530273,8.399999618530273,3375
2006-04-27,8.399999618530273,8.600000381469727,8.319999694824219,8.399999618530273,8.399999618530273,18100
2006-04-28,8.4399995803833,8.800000190734863,8.4399995803833,8.720000267028809,8.720000267028809,7125
2006-05-01,8.800000190734863,8.880000114440918,8.600000381469727,8.720000267028809,8.720000267028809,16150
2006-05-02,8.600000381469727,8.720000267028809,8.600000381469727,8.600000381469727,8.600000381469727,550
2006-05-03,8.520000457763672,8.5600004196167,8.479999542236328,8.5600004196167,8.5600004196167,1625
2006-05-04,8.399999618530273,8.760000228881836,8.399999618530273,8.399999618530273,8.399999618530273,2300
2006-05-05,8.399999618530273,8.399999618530273,8.199999809265137,8.239999771118164,8.239999771118164,6000
2006-05-08,8.199999809265137,8.399999618530273,8.199999809265137,8.279999732971191,8.279999732971191,7275
2006-05-09,8.199999809265137,8.399999618530273,8.199999809265137,8.399999618530273,8.399999618530273,23350
2006-05-10,8.399999618530273,8.399999618530273,8.319999694824219,8.319999694824219,8.319999694824219,7450
2006-05-11,8.359999656677246,8.359999656677246,8.239999771118164,8.239999771118164,8.239999771118164,2750
2006-05-12,8.239999771118164,8.479999542236328,8.239999771118164,8.399999618530273,8.399999618530273,1725
2006-05-15,8.239999771118164,8.479999542236328,8.15999984741211,8.199999809265137,8.199999809265137,3425
2006-05-16,8.399999618530273,8.399999618530273,8.279999732971191,8.399999618530273,8.399999618530273,10575
2006-05-17,8.399999618530273,8.399999618530273,8.199999809265137,8.199999809265137,8.199999809265137,7125
2006-05-18,8.399999618530273,9.079999923706055,8.399999618530273,9.079999923706055,9.079999923706055,10275
2006-05-19,9.0,9.199999809265137,9.0,9.199999809265137,9.199999809265137,12150
2006-05-22,9.199999809265137,9.199999809265137,8.800000190734863,8.800000190734863,8.800000190734863,4875
2006-05-23,8.800000190734863,8.800000190734863,8.800000190734863,8.800000190734863,8.800000190734863,2975
2006-05-24,8.880000114440918,9.399999618530273,8.880000114440918,9.399999618530273,9.399999618530273,12725
2006-05-25,9.5600004196167,9.5600004196167,8.800000190734863,9.0,9.0,10550
2006-05-26,9.0,9.0,9.0,9.0,9.0,500
2006-05-30,8.720000267028809,9.0,8.720000267028809,8.880000114440918,8.880000114440918,2850
2006-05-31,8.800000190734863,8.920000076293945,8.720000267028809,8.800000190734863,8.800000190734863,2425
2006-06-01,8.640000343322754,8.880000114440918,8.640000343322754,8.880000114440918,8.880000114440918,10550
2006-06-02,8.800000190734863,8.800000190734863,8.800000190734863,8.800000190734863,8.800000190734863,450
2006-06-05,8.800000190734863,8.880000114440918,8.600000381469727,8.600000381469727,8.600000381469727,16075
2006-06-06,8.600000381469727,8.640000343322754,8.479999542236328,8.520000457763672,8.520000457763672,25325
2006-06-07,8.399999618530273,8.600000381469727,8.199999809265137,8.600000381469727,8.600000381469727,14500
2006-06-08,8.319999694824219,8.319999694824219,8.0,8.199999809265137,8.199999809265137,20275
2006-06-09,8.0,8.359999656677246,7.800000190734863,8.119999885559082,8.119999885559082,15075
2006-06-12,8.119999885559082,8.279999732971191,8.0,8.15999984741211,8.15999984741211,19025
2006-06-13,8.0,8.15999984741211,8.0,8.15999984741211,8.15999984741211,2250
2006-06-14,7.960000038146973,8.199999809265137,7.920000076293945,8.039999961853027,8.039999961853027,4975
2006-06-15,8.319999694824219,8.399999618530273,8.199999809265137,8.399999618530273,8.399999618530273,4975
2006-06-16,8.399999618530273,8.600000381469727,8.399999618530273,8.600000381469727,8.600000381469727,1975
2006-06-19,8.399999618530273,8.399999618530273,8.399999618530273,8.399999618530273,8.399999618530273,3950
2006-06-20,8.600000381469727,9.0,8.359999656677246,8.359999656677246,8.359999656677246,12700
2006-06-21,8.359999656677246,8.359999656677246,8.359999656677246,8.359999656677246,8.359999656677246,0
2006-06-22,8.359999656677246,8.359999656677246,8.359999656677246,8.359999656677246,8.359999656677246,0
2006-06-23,8.920000076293945,9.079999923706055,8.800000190734863,9.0,9.0,7175
2006-06-26,8.800000190734863,8.920000076293945,8.800000190734863,8.920000076293945,8.920000076293945,4900
2006-06-27,8.600000381469727,8.640000343322754,8.600000381469727,8.600000381469727,8.600000381469727,4650
2006-06-28,9.0,9.0,8.800000190734863,8.880000114440918,8.880000114440918,7075
2006-06-29,8.600000381469727,8.600000381469727,8.399999618530273,8.479999542236328,8.479999542236328,2600
2006-06-30,8.600000381469727,8.800000190734863,8.520000457763672,8.800000190734863,8.800000190734863,7075
2006-07-03,8.800000190734863,8.800000190734863,8.800000190734863,8.800000190734863,8.800000190734863,0
2006-07-05,8.399999618530273,8.720000267028809,8.399999618530273,8.600000381469727,8.600000381469727,3575
2006-07-06,8.600000381469727,8.640000343322754,8.600000381469727,8.600000381469727,8.600000381469727,7625
2006-07-07,8.600000381469727,8.600000381469727,8.600000381469727,8.600000381469727,8.600000381469727,1250
2006-07-10,8.600000381469727,8.600000381469727,8.600000381469727,8.600000381469727,8.600000381469727,250
2006-07-11,8.760000228881836,8.920000076293945,8.760000228881836,8.920000076293945,8.920000076293945,6400
2006-07-12,8.84000015258789,8.84000015258789,8.5600004196167,8.600000381469727,8.600000381469727,11900
2006-07-13,8.600000381469727,8.600000381469727,8.5600004196167,8.600000381469727,8.600000381469727,8000
2006-07-14,8.5600004196167,8.600000381469727,8.5600004196167,8.5600004196167,8.5600004196167,1075
2006-07-17,8.84000015258789,8.920000076293945,8.800000190734863,8.880000114440918,8.880000114440918,7250
2006-07-18,8.680000305175781,8.84000015258789,8.640000343322754,8.84000015258789,8.84000015258789,4225
2006-07-19,8.880000114440918,9.0,8.880000114440918,9.0,9.0,4200
2006-07-20,8.920000076293945,9.319999694824219,8.920000076293945,9.119999885559082,9.119999885559082,5200
2006-07-21,9.119999885559082,9.119999885559082,8.800000190734863,8.800000190734863,8.800000190734863,6150
2006-07-24,8.800000190734863,9.119999885559082,8.800000190734863,8.920000076293945,8.920000076293945,800
2006-07-25,9.119999885559082,9.119999885559082,8.920000076293945,8.920000076293945,8.920000076293945,5000
2006-07-26,9.0,9.199999809265137,8.920000076293945,9.199999809265137,9.199999809265137,6800
2006-07-27,9.0,9.399999618530273,9.0,9.399999618530273,9.399999618530273,2700
2006-07-28,9.5600004196167,9.5600004196167,9.399999618530273,9.399999618530273,9.399999618530273,3675
2006-07-31,9.4399995803833,9.4399995803833,9.399999618530273,9.4399995803833,9.4399995803833,5250
2006-08-01,9.4399995803833,9.4399995803833,9.15999984741211,9.15999984741211,9.15999984741211,2775
2006-08-02,9.199999809265137,9.399999618530273,8.800000190734863,9.0,9.0,8025
2006-08-03,9.0,9.039999961853027,9.0,9.039999961853027,9.039999961853027,1575
2006-08-04,8.880000114440918,9.039999961853027,8.880000114440918,9.039999961853027,9.039999961853027,4450
2006-08-07,9.039999961853027,9.039999961853027,9.039999961853027,9.039999961853027,9.039999961853027,525
2006-08-08,9.079999923706055,9.079999923706055,9.0,9.0,9.0,2600
2006-08-09,9.0,9.0,9.0,9.0,9.0,1250
2006-08-10,9.0,9.119999885559082,8.800000190734863,9.0,9.0,2025
2006-08-11,9.0,9.0,9.0,9.0,9.0,0
2006-08-14,8.84000015258789,8.84000015258789,8.800000190734863,8.800000190734863,8.800000190734863,2850
2006-08-15,8.800000190734863,9.0,8.760000228881836,8.760000228881836,8.760000228881836,1100
2006-08-16,8.760000228881836,8.760000228881836,8.680000305175781,8.680000305175781,8.680000305175781,1050
2006-08-17,8.960000038146973,8.960000038146973,8.600000381469727,8.600000381469727,8.600000381469727,3475
2006-08-18,8.680000305175781,8.680000305175781,8.600000381469727,8.600000381469727,8.600000381469727,1475
2006-08-21,8.600000381469727,8.800000190734863,8.600000381469727,8.720000267028809,8.720000267028809,5400
2006-08-22,8.800000190734863,9.0,8.600000381469727,8.800000190734863,8.800000190734863,5000
2006-08-23,8.800000190734863,9.199999809265137,8.800000190734863,8.920000076293945,8.920000076293945,3750
2006-08-24,9.0,9.199999809265137,8.84000015258789,8.84000015258789,8.84000015258789,3075
2006-08-25,8.84000015258789,8.84000015258789,8.399999618530273,8.399999618530273,8.399999618530273,900
2006-08-28,8.800000190734863,8.800000190734863,8.359999656677246,8.359999656677246,8.359999656677246,200
2006-08-29,8.800000190734863,8.800000190734863,8.359999656677246,8.359999656677246,8.359999656677246,525
2006-08-30,8.359999656677246,8.680000305175781,8.039999961853027,8.399999618530273,8.399999618530273,11475
2006-08-31,8.279999732971191,8.479999542236328,8.279999732971191,8.399999618530273,8.399999618530273,750
2006-09-01,8.399999618530273,8.399999618530273,8.399999618530273,8.399999618530273,8.399999618530273,2750
2006-09-05,8.279999732971191,8.399999618530273,8.279999732971191,8.399999618530273,8.399999618530273,5225
2006-09-06,8.239999771118164,8.600000381469727,8.039999961853027,8.279999732971191,8.279999732971191,14450
2006-09-07,8.279999732971191,8.279999732971191,8.0,8.0,8.0,7800
2006-09-08,8.199999809265137,8.199999809265137,8.199999809265137,8.199999809265137,8.199999809265137,125
2006-09-11,8.199999809265137,8.399999618530273,8.039999961853027,8.399999618530273,8.399999618530273,4500
2006-09-12,8.279999732971191,8.600000381469727,8.279999732971191,8.600000381469727,8.600000381469727,3700
2006-09-13,8.399999618530273,8.600000381469727,8.399999618530273,8.600000381469727,8.600000381469727,2175
2006-09-14,8.720000267028809,9.15999984741211,8.720000267028809,9.0,9.0,1750
2006-09-15,8.800000190734863,9.0,8.720000267028809,9.0,9.0,2225
2006-09-18,9.0,9.199999809265137,8.84000015258789,9.199999809265137,9.199999809265137,4275
2006-09-19,9.199999809265137,9.319999694824219,8.399999618530273,8.760000228881836,8.760000228881836,44775
2006-09-20,8.720000267028809,8.800000190734863,8.720000267028809,8.760000228881836,8.760000228881836,14450
2006-09-21,8.760000228881836,8.800000190734863,8.760000228881836,8.800000190734863,8.800000190734863,36700
2006-09-22,8.760000228881836,8.920000076293945,8.479999542236328,8.800000190734863,8.800000190734863,21475
2006-09-25,8.800000190734863,8.800000190734863,8.640000343322754,8.640000343322754,8.640000343322754,1350
2006-09-26,8.4399995803833,8.4399995803833,8.4399995803833,8.4399995803833,8.4399995803833,250
2006-09-27,8.4399995803833,8.4399995803833,8.4399995803833,8.4399995803833,8.4399995803833,0
2006-09-28,8.479999542236328,8.479999542236328,8.4399995803833,8.479999542236328,8.479999542236328,5425
2006-09-29,8.479999542236328,8.600000381469727,8.399999618530273,8.600000381469727,8.600000381469727,8625
2006-10-02,8.600000381469727,8.600000381469727,8.520000457763672,8.520000457763672,8.520000457763672,675
2006-10-03,8.720000267028809,8.84000015258789,8.5600004196167,8.800000190734863,8.800000190734863,163325
2006-10-04,8.84000015258789,8.84000015258789,8.319999694824219,8.399999618530273,8.399999618530273,30675
2006-10-05,8.279999732971191,8.319999694824219,8.239999771118164,8.279999732971191,8.279999732971191,5100
2006-10-06,8.319999694824219,8.5600004196167,8.319999694824219,8.5600004196167,8.5600004196167,6200
2006-10-09,8.520000457763672,8.5600004196167,8.520000457763672,8.5600004196167,8.5600004196167,10600
2006-10-10,8.520000457763672,8.600000381469727,8.359999656677246,8.520000457763672,8.520000457763672,9500
2006-10-11,8.600000381469727,8.600000381469727,8.600000381469727,8.600000381469727,8.600000381469727,50
2006-10-12,8.239999771118164,8.479999542236328,8.239999771118164,8.479999542236328,8.479999542236328,225
2006-10-13,8.239999771118164,8.720000267028809,8.239999771118164,8.720000267028809,8.720000267028809,7050
2006-10-16,8.680000305175781,8.760000228881836,8.520000457763672,8.720000267028809,8.720000267028809,11275
2006-10-17,8.399999618530273,8.520000457763672,8.399999618530273,8.399999618530273,8.399999618530273,12050
2006-10-18,8.520000457763672,8.520000457763672,8.319999694824219,8.359999656677246,8.359999656677246,4800
2006-10-19,8.399999618530273,8.399999618530273,8.319999694824219,8.399999618530273,8.399999618530273,25100
2006-10-20,8.399999618530273,8.399999618530273,8.319999694824219,8.399999618530273,8.399999618530273,3125
2006-10-23,8.399999618530273,8.520000457763672,8.399999618530273,8.399999618530273,8.399999618530273,2825
2006-10-24,8.399999618530273,8.399999618530273,8.359999656677246,8.399999618530273,8.399999618530273,7550
2006-10-25,8.319999694824219,8.399999618530273,8.239999771118164,8.239999771118164,8.239999771118164,27250
2006-10-26,8.199999809265137,8.359999656677246,8.199999809265137,8.359999656677246,8.359999656677246,10850
2006-10-27,8.15999984741211,8.199999809265137,8.039999961853027,8.119999885559082,8.119999885559082,8100
2006-10-30,8.199999809265137,8.279999732971191,8.119999885559082,8.199999809265137,8.199999809265137,8725
2006-10-31,8.199999809265137,8.239999771118164,8.119999885559082,8.199999809265137,8.199999809265137,8475
2006-11-01,8.239999771118164,8.239999771118164,8.119999885559082,8.119999885559082,8.119999885559082,9325
2006-11-02,8.199999809265137,8.279999732971191,8.079999923706055,8.079999923706055,8.079999923706055,6450
2006-11-03,8.199999809265137,8.199999809265137,8.0,8.0,8.0,15950
2006-11-06,8.0,8.800000190734863,8.0,8.800000190734863,8.800000190734863,37425
2006-11-07,8.600000381469727,9.199999809265137,8.399999618530273,8.84000015258789,8.84000015258789,32200
2006-11-08,8.84000015258789,8.920000076293945,8.199999809265137,8.800000190734863,8.800000190734863,17250
2006-11-09,8.600000381469727,8.680000305175781,8.520000457763672,8.520000457763672,8.520000457763672,2775
2006-11-10,8.399999618530273,8.399999618530273,8.079999923706055,8.15999984741211,8.15999984741211,7250
2006-11-13,8.239999771118164,8.760000228881836,8.0,8.079999923706055,8.079999923706055,33200
2006-11-14,8.15999984741211,8.640000343322754,8.119999885559082,8.119999885559082,8.119999885559082,65950
2006-11-15,8.399999618530273,8.680000305175781,8.239999771118164,8.680000305175781,8.680000305175781,53925
2006-11-16,8.600000381469727,8.600000381469727,8.399999618530273,8.600000381469727,8.600000381469727,7425
2006-11-17,8.479999542236328,8.479999542236328,8.4399995803833,8.4399995803833,8.4399995803833,1100
2006-11-20,8.479999542236328,8.520000457763672,8.199999809265137,8.279999732971191,8.279999732971191,3500
2006-11-21,8.279999732971191,8.880000114440918,8.279999732971191,8.800000190734863,8.800000190734863,57950
2006-11-22,8.600000381469727,8.800000190734863,8.600000381469727,8.640000343322754,8.640000343322754,5575
2006-11-24,8.720000267028809,9.0,8.720000267028809,8.800000190734863,8.800000190734863,23625
2006-11-27,8.920000076293945,8.920000076293945,8.600000381469727,8.600000381469727,8.600000381469727,4825
2006-11-28,8.640000343322754,8.640000343322754,8.399999618530273,8.4399995803833,8.4399995803833,950
2006-11-29,8.399999618530273,8.399999618530273,8.319999694824219,8.399999618530273,8.399999618530273,2525
2006-11-30,8.359999656677246,9.0,8.359999656677246,8.920000076293945,8.920000076293945,31525
2006-12-01,8.880000114440918,8.880000114440918,8.600000381469727,8.800000190734863,8.800000190734863,14750
2006-12-04,8.800000190734863,8.880000114440918,8.4399995803833,8.4399995803833,8.4399995803833,11675
2006-12-05,8.600000381469727,8.800000190734863,8.5600004196167,8.5600004196167,8.5600004196167,3825
2006-12-06,8.800000190734863,8.800000190734863,8.5600004196167,8.760000228881836,8.760000228881836,3800
2006-12-07,8.800000190734863,8.800000190734863,8.600000381469727,8.600000381469727,8.600000381469727,1850
2006-12-08,8.600000381469727,8.640000343322754,8.399999618530273,8.640000343322754,8.640000343322754,1050
2006-12-11,8.640000343322754,8.84000015258789,8.399999618530273,8.800000190734863,8.800000190734863,4700
2006-12-12,8.640000343322754,8.760000228881836,8.479999542236328,8.680000305175781,8.680000305175781,9825
2006-12-13,8.680000305175781,8.880000114440918,8.680000305175781,8.84000015258789,8.84000015258789,6925
2006-12-14,8.920000076293945,9.15999984741211,8.800000190734863,8.800000190734863,8.800000190734863,22800
2006-12-15,8.84000015258789,9.119999885559082,8.720000267028809,9.0,9.0,38550
2006-12-18,9.0,10.399999618530273,9.0,9.600000381469727,9.600000381469727,37575
2006-12-19,9.960000038146973,10.0,9.640000343322754,9.800000190734863,9.800000190734863,18700
2006-12-20,10.600000381469727,11.640000343322754,10.199999809265137,11.199999809265137,11.199999809265137,105175
2006-12-21,11.0,11.920000076293945,10.399999618530273,11.920000076293945,11.920000076293945,32875
2006-12-22,11.920000076293945,11.920000076293945,11.0,11.0,11.0,900
2006-12-26,11.0,11.399999618530273,10.800000190734863,11.199999809265137,11.199999809265137,2650
2006-12-27,10.800000190734863,12.039999961853027,10.800000190734863,12.039999961853027,12.039999961853027,14750
2006-12-28,12.239999771118164,12.479999542236328,11.239999771118164,12.399999618530273,12.399999618530273,27350
2006-12-29,12.399999618530273,12.720000267028809,11.880000114440918,12.720000267028809,12.720000267028809,11075
2007-01-03,12.0,12.319999694824219,11.039999961853027,12.0,12.0,12775
2007-01-04,12.0,12.399999618530273,11.920000076293945,12.399999618530273,12.399999618530273,10350
2007-01-05,12.199999809265137,13.039999961853027,12.0,13.0,13.0,56250
2007-01-08,12.800000190734863,12.800000190734863,12.039999961853027,12.600000381469727,12.600000381469727,4200
2007-01-09,12.039999961853027,12.399999618530273,12.039999961853027,12.199999809265137,12.199999809265137,5650
2007-01-10,12.039999961853027,12.039999961853027,11.640000343322754,11.920000076293945,11.920000076293945,2025
2007-01-11,11.640000343322754,11.800000190734863,11.640000343322754,11.800000190734863,11.800000190734863,11075
2007-01-12,11.800000190734863,12.960000038146973,11.800000190734863,12.800000190734863,12.800000190734863,45550
2007-01-16,12.600000381469727,12.720000267028809,12.0,12.319999694824219,12.319999694824219,6000
2007-01-17,12.399999618530273,12.600000381469727,12.199999809265137,12.319999694824219,12.319999694824219,4725
2007-01-18,12.119999885559082,12.199999809265137,12.119999885559082,12.199999809265137,12.199999809265137,650
2007-01-19,12.279999732971191,12.800000190734863,12.079999923706055,12.239999771118164,12.239999771118164,25175
2007-01-22,12.239999771118164,12.600000381469727,12.079999923706055,12.399999618530273,12.399999618530273,675
2007-01-23,12.079999923706055,12.600000381469727,12.079999923706055,12.199999809265137,12.199999809265137,1025
2007-01-24,12.079999923706055,12.319999694824219,12.079999923706055,12.199999809265137,12.199999809265137,3350
2007-01-25,12.119999885559082,12.319999694824219,12.079999923706055,12.199999809265137,12.199999809265137,3075
2007-01-26,12.199999809265137,12.319999694824219,12.119999885559082,12.239999771118164,12.239999771118164,6575
2007-01-29,12.119999885559082,12.239999771118164,12.0,12.15999984741211,12.15999984741211,9225
2007-01-30,12.199999809265137,12.359999656677246,12.079999923706055,12.199999809265137,12.199999809265137,2275
2007-01-31,12.239999771118164,12.399999618530273,12.0,12.399999618530273,12.399999618530273,5775
2007-02-01,12.399999618530273,12.399999618530273,12.0,12.399999618530273,12.399999618530273,350
2007-02-02,12.399999618530273,12.600000381469727,12.119999885559082,12.279999732971191,12.279999732971191,6050
2007-02-05,12.119999885559082,12.4399995803833,12.119999885559082,12.399999618530273,12.399999618530273,1800
2007-02-06,12.399999618530273,12.479999542236328,12.279999732971191,12.279999732971191,12.279999732971191,6575
2007-02-07,12.600000381469727,12.600000381469727,12.0,12.199999809265137,12.199999809265137,5700
2007-02-08,12.0,12.600000381469727,12.0,12.359999656677246,12.359999656677246,22975
2007-02-09,12.399999618530273,12.399999618530273,12.199999809265137,12.199999809265137,12.199999809265137,6575
2007-02-12,12.119999885559082,12.319999694824219,12.119999885559082,12.319999694824219,12.319999694824219,2050
2007-02-13,12.319999694824219,12.4399995803833,12.0,12.0,12.0,40200
2007-02-14,12.15999984741211,12.600000381469727,12.15999984741211,12.5600004196167,12.5600004196167,10000
2007-02-15,12.520000457763672,13.760000228881836,12.479999542236328,13.399999618530273,13.399999618530273,14150
2007-02-16,13.5600004196167,13.5600004196167,13.199999809265137,13.5600004196167,13.5600004196167,19250
2007-02-20,13.960000038146973,14.0,13.399999618530273,14.0,14.0,29075
2007-02-21,14.0,14.800000190734863,13.880000114440918,14.600000381469727,14.600000381469727,14525
2007-02-22,14.800000190734863,15.119999885559082,14.399999618530273,14.720000267028809,14.720000267028809,27550
2007-02-23,14.600000381469727,14.600000381469727,14.199999809265137,14.479999542236328,14.479999542236328,39600
2007-02-26,14.279999732971191,14.399999618530273,12.199999809265137,14.0,14.0,14225
2007-02-27,14.0,14.079999923706055,13.279999732971191,13.640000343322754,13.640000343322754,10800
2007-02-28,13.279999732971191,15.039999961853027,13.279999732971191,15.0,15.0,12275
2007-03-01,14.84000015258789,14.84000015258789,14.0,14.0,14.0,18750
2007-03-02,13.800000190734863,13.800000190734863,13.520000457763672,13.800000190734863,13.800000190734863,7600
2007-03-05,13.600000381469727,13.600000381469727,12.920000076293945,13.199999809265137,13.199999809265137,2925
2007-03-06,13.119999885559082,13.119999885559082,12.800000190734863,13.079999923706055,13.079999923706055,7950
2007-03-07,12.800000190734863,13.0,12.399999618530273,13.0,13.0,2850
2007-03-08,13.199999809265137,13.199999809265137,13.0,13.0,13.0,5450
2007-03-09,13.399999618530273,13.600000381469727,12.84000015258789,13.0,13.0,3600
2007-03-12,13.119999885559082,13.520000457763672,13.119999885559082,13.399999618530273,13.399999618530273,3000
2007-03-13,13.399999618530273,13.399999618530273,12.359999656677246,12.600000381469727,12.600000381469727,16325
2007-03-14,12.319999694824219,13.0,12.199999809265137,12.84000015258789,12.84000015258789,8025
2007-03-15,12.520000457763672,13.960000038146973,12.199999809265137,13.920000076293945,13.920000076293945,9900
2007-03-16,13.920000076293945,13.920000076293945,13.0,13.279999732971191,13.279999732971191,4000
2007-03-19,13.279999732971191,13.279999732971191,12.4399995803833,13.15999984741211,13.15999984741211,3650
2007-03-20,13.199999809265137,13.319999694824219,12.800000190734863,12.800000190734863,12.800000190734863,5625
2007-03-21,12.199999809265137,12.800000190734863,11.880000114440918,12.600000381469727,12.600000381469727,9050
2007-03-22,12.520000457763672,12.520000457763672,11.680000305175781,12.199999809265137,12.199999809265137,7800
2007-03-23,12.15999984741211,12.399999618530273,12.0,12.399999618530273,12.399999618530273,6525
2007-03-26,12.239999771118164,12.359999656677246,11.760000228881836,12.359999656677246,12.359999656677246,4900
2007-03-27,12.0,12.119999885559082,12.0,12.119999885559082,12.119999885559082,4200
2007-03-28,12.079999923706055,12.239999771118164,12.0,12.239999771118164,12.239999771118164,4500
2007-03-29,12.199999809265137,12.800000190734863,12.199999809265137,12.800000190734863,12.800000190734863,4625
2007-03-30,12.640000343322754,13.199999809265137,12.600000381469727,13.0,13.0,7700
2007-04-02,13.0,13.0,12.760000228881836,12.800000190734863,12.800000190734863,1800
2007-04-03,12.800000190734863,12.800000190734863,12.199999809265137,12.600000381469727,12.600000381469727,9925
2007-04-04,12.399999618530273,12.399999618530273,11.800000190734863,12.319999694824219,12.319999694824219,5350
2007-04-05,12.399999618530273,12.399999618530273,11.680000305175781,12.0,12.0,5350
2007-04-09,12.119999885559082,12.119999885559082,11.479999542236328,12.0,12.0,4825
2007-04-10,11.920000076293945,12.039999961853027,11.600000381469727,12.039999961853027,12.039999961853027,3425
2007-04-11,12.0,12.199999809265137,11.800000190734863,12.0,12.0,2825
2007-04-12,11.920000076293945,12.039999961853027,11.920000076293945,12.0,12.0,4700
2007-04-13,12.0,13.0,11.880000114440918,13.0,13.0,29050
2007-04-16,12.920000076293945,12.920000076293945,12.600000381469727,12.880000114440918,12.880000114440918,450
2007-04-17,13.0,13.039999961853027,12.720000267028809,13.0,13.0,2500
2007-04-18,12.84000015258789,12.84000015258789,12.199999809265137,12.399999618530273,12.399999618530273,9125
2007-04-19,12.359999656677246,12.520000457763672,12.239999771118164,12.520000457763672,12.520000457763672,4100
2007-04-20,12.239999771118164,13.0,12.039999961853027,12.600000381469727,12.600000381469727,8750
2007-04-23,12.640000343322754,12.680000305175781,12.279999732971191,12.399999618530273,12.399999618530273,2375
2007-04-24,12.199999809265137,12.399999618530273,12.199999809265137,12.239999771118164,12.239999771118164,10800
2007-04-25,12.399999618530273,12.399999618530273,12.199999809265137,12.399999618530273,12.399999618530273,3900
2007-04-26,12.319999694824219,12.399999618530273,12.0,12.239999771118164,12.239999771118164,14450
2007-04-27,12.239999771118164,12.359999656677246,12.199999809265137,12.359999656677246,12.359999656677246,2675
2007-04-30,12.5600004196167,12.600000381469727,12.239999771118164,12.600000381469727,12.600000381469727,2825
2007-05-01,12.399999618530273,12.800000190734863,12.399999618530273,12.479999542236328,12.479999542236328,5100
2007-05-02,12.319999694824219,12.479999542236328,12.279999732971191,12.479999542236328,12.479999542236328,3375
2007-05-03,12.399999618530273,12.399999618530273,12.399999618530273,12.399999618530273,12.399999618530273,1725
2007-05-04,12.399999618530273,12.399999618530273,12.399999618530273,12.399999618530273,12.399999618530273,0
2007-05-07,12.239999771118164,12.399999618530273,12.079999923706055,12.15999984741211,12.15999984741211,5075
2007-05-08,12.319999694824219,12.680000305175781,12.039999961853027,12.279999732971191,12.279999732971191,6225
2007-05-09,12.199999809265137,12.399999618530273,12.15999984741211,12.399999618530273,12.399999618530273,7725
2007-05-10,12.399999618530273,12.600000381469727,12.0,12.359999656677246,12.359999656677246,4225
2007-05-11,12.199999809265137,12.600000381469727,12.0,12.5600004196167,12.5600004196167,9400
2007-05-14,12.600000381469727,12.600000381469727,12.399999618530273,12.600000381469727,12.600000381469727,6525
2007-05-15,12.479999542236328,12.640000343322754,12.4399995803833,12.600000381469727,12.600000381469727,8750
2007-05-16,12.600000381469727,13.15999984741211,12.279999732971191,12.399999618530273,12.399999618530273,12825
2007-05-17,12.600000381469727,12.800000190734863,12.199999809265137,12.600000381469727,12.600000381469727,3950
2007-05-18,12.399999618530273,12.600000381469727,12.039999961853027,12.399999618530273,12.399999618530273,17800
2007-05-21,12.399999618530273,12.520000457763672,12.359999656677246,12.479999542236328,12.479999542236328,3475
2007-05-22,12.479999542236328,12.640000343322754,12.479999542236328,12.600000381469727,12.600000381469727,4700
2007-05-23,12.84000015258789,12.920000076293945,12.4399995803833,12.84000015258789,12.84000015258789,700
2007-05-24,12.680000305175781,12.880000114440918,12.5600004196167,12.880000114440918,12.880000114440918,8075
2007-05-25,12.800000190734863,12.880000114440918,12.600000381469727,12.800000190734863,12.800000190734863,8525
2007-05-29,12.880000114440918,12.880000114440918,12.600000381469727,12.84000015258789,12.84000015258789,2850
2007-05-30,12.84000015258789,13.15999984741211,12.600000381469727,13.15999984741211,13.15999984741211,50825
2007-05-31,13.079999923706055,13.199999809265137,12.960000038146973,13.199999809265137,13.199999809265137,24650
2007-06-01,13.199999809265137,13.279999732971191,13.0,13.119999885559082,13.119999885559082,3950
2007-06-04,13.119999885559082,13.119999885559082,13.0,13.039999961853027,13.039999961853027,700
2007-06-05,13.199999809265137,13.199999809265137,12.760000228881836,12.800000190734863,12.800000190734863,13175
2007-06-06,12.800000190734863,12.800000190734863,12.600000381469727,12.680000305175781,12.680000305175781,25175
2007-06-07,12.600000381469727,12.680000305175781,12.399999618530273,12.520000457763672,12.520000457763672,11925
2007-06-08,12.399999618530273,12.640000343322754,12.199999809265137,12.319999694824219,12.319999694824219,9500
2007-06-11,12.319999694824219,12.319999694824219,12.239999771118164,12.319999694824219,12.319999694824219,1700
2007-06-12,12.319999694824219,12.399999618530273,12.319999694824219,12.359999656677246,12.359999656677246,4900
2007-06-13,12.359999656677246,12.359999656677246,12.359999656677246,12.359999656677246,12.359999656677246,0
2007-06-14,12.4399995803833,12.600000381469727,12.359999656677246,12.600000381469727,12.600000381469727,2125
2007-06-15,12.520000457763672,12.640000343322754,12.479999542236328,12.600000381469727,12.600000381469727,625
2007-06-18,12.5600004196167,12.720000267028809,11.720000267028809,12.359999656677246,12.359999656677246,14525
2007-06-19,12.319999694824219,12.399999618530273,11.800000190734863,12.15999984741211,12.15999984741211,45625
2007-06-20,12.319999694824219,12.319999694824219,11.479999542236328,12.039999961853027,12.039999961853027,29950
2007-06-21,11.640000343322754,12.15999984741211,11.600000381469727,12.0,12.0,16975
2007-06-22,11.920000076293945,12.039999961853027,11.920000076293945,11.960000038146973,11.960000038146973,8575
2007-06-25,11.920000076293945,12.0,11.600000381469727,11.800000190734863,11.800000190734863,11200
2007-06-26,12.079999923706055,12.199999809265137,11.600000381469727,11.600000381469727,11.600000381469727,4475
2007-06-27,11.600000381469727,11.960000038146973,11.079999923706055,11.960000038146973,11.960000038146973,8450
2007-06-28,12.0,12.199999809265137,11.720000267028809,11.880000114440918,11.880000114440918,3425
2007-06-29,11.960000038146973,12.5600004196167,11.960000038146973,12.199999809265137,12.199999809265137,9725
2007-07-02,12.199999809265137,12.199999809265137,11.5600004196167,11.880000114440918,11.880000114440918,6150
2007-07-03,11.880000114440918,12.0,11.680000305175781,11.680000305175781,11.680000305175781,550
2007-07-05,11.800000190734863,11.800000190734863,10.680000305175781,11.399999618530273,11.399999618530273,55225
2007-07-06,11.479999542236328,12.199999809265137,11.119999885559082,11.800000190734863,11.800000190734863,86925
2007-07-09,12.0,12.079999923706055,11.520000457763672,11.520000457763672,11.520000457763672,21550
2007-07-10,11.520000457763672,11.800000190734863,11.279999732971191,11.800000190734863,11.800000190734863,9975
2007-07-11,11.640000343322754,11.640000343322754,11.359999656677246,11.600000381469727,11.600000381469727,15450
2007-07-12,11.800000190734863,12.119999885559082,11.800000190734863,12.079999923706055,12.079999923706055,4275
2007-07-13,12.079999923706055,12.399999618530273,12.0,12.399999618530273,12.399999618530273,4175
2007-07-16,12.399999618530273,12.4399995803833,12.359999656677246,12.359999656677246,12.359999656677246,9175
2007-07-17,12.359999656677246,12.399999618530273,12.279999732971191,12.279999732971191,12.279999732971191,1650
2007-07-18,12.279999732971191,12.279999732971191,12.0,12.0,12.0,9900
2007-07-19,12.0,12.0,12.0,12.0,12.0,825
2007-07-20,12.0,12.15999984741211,12.0,12.039999961853027,12.039999961853027,1225
2007-07-23,12.119999885559082,12.399999618530273,12.119999885559082,12.239999771118164,12.239999771118164,4950
2007-07-24,12.239999771118164,12.4399995803833,12.199999809265137,12.279999732971191,12.279999732971191,5225
2007-07-25,12.399999618530273,12.479999542236328,12.0,12.0,12.0,6900
2007-07-26,13.0,13.0,11.880000114440918,12.0,12.0,2700
2007-07-27,12.199999809265137,12.479999542236328,12.0,12.0,12.0,7450
2007-07-30,12.0,12.0,11.720000267028809,12.0,12.0,4400
2007-07-31,12.0,12.0,11.600000381469727,12.0,12.0,2875
2007-08-01,11.920000076293945,12.0,11.600000381469727,11.880000114440918,11.880000114440918,1600
2007-08-02,11.640000343322754,12.0,11.600000381469727,11.880000114440918,11.880000114440918,1475
2007-08-03,11.880000114440918,12.0,11.479999542236328,11.520000457763672,11.520000457763672,3525
2007-08-06,11.520000457763672,11.800000190734863,11.079999923706055,11.479999542236328,11.479999542236328,5425
2007-08-07,11.5600004196167,11.84000015258789,11.119999885559082,11.600000381469727,11.600000381469727,12475
2007-08-08,11.720000267028809,12.0,11.319999694824219,11.920000076293945,11.920000076293945,5575
2007-08-09,11.800000190734863,12.0,11.760000228881836,11.960000038146973,11.960000038146973,2275
2007-08-10,11.800000190734863,12.0,11.600000381469727,11.800000190734863,11.800000190734863,650
2007-08-13,11.600000381469727,11.600000381469727,11.079999923706055,11.600000381469727,11.600000381469727,16675
2007-08-14,11.399999618530273,11.399999618530273,10.4399995803833,11.0,11.0,11550
2007-08-15,11.199999809265137,11.199999809265137,10.600000381469727,10.600000381469727,10.600000381469727,2975
2007-08-16,10.800000190734863,10.920000076293945,10.359999656677246,10.600000381469727,10.600000381469727,5600
2007-08-17,10.920000076293945,10.960000038146973,10.279999732971191,10.640000343322754,10.640000343322754,4475
2007-08-20,10.600000381469727,11.199999809265137,10.0,10.720000267028809,10.720000267028809,12475
2007-08-21,10.5600004196167,10.720000267028809,10.520000457763672,10.720000267028809,10.720000267028809,184100
2007-08-22,10.720000267028809,10.800000190734863,10.399999618530273,10.720000267028809,10.720000267028809,12150
2007-08-23,10.720000267028809,10.720000267028809,10.199999809265137,10.399999618530273,10.399999618530273,104900
2007-08-24,10.600000381469727,10.800000190734863,10.279999732971191,10.800000190734863,10.800000190734863,21125
2007-08-27,10.640000343322754,10.920000076293945,10.4399995803833,10.920000076293945,10.920000076293945,7850
2007-08-28,10.920000076293945,10.920000076293945,10.4399995803833,10.800000190734863,10.800000190734863,16250
2007-08-29,11.199999809265137,11.640000343322754,10.760000228881836,11.479999542236328,11.479999542236328,18575
2007-08-30,11.479999542236328,12.039999961853027,11.479999542236328,12.039999961853027,12.039999961853027,17150
2007-08-31,12.359999656677246,12.359999656677246,12.0,12.199999809265137,12.199999809265137,27150
2007-09-04,12.359999656677246,12.359999656677246,11.84000015258789,12.039999961853027,12.039999961853027,16875
2007-09-05,12.0,12.0,11.760000228881836,12.0,12.0,2675
2007-09-06,11.960000038146973,12.0,11.800000190734863,11.84000015258789,11.84000015258789,5475
2007-09-07,12.079999923706055,12.079999923706055,11.800000190734863,11.800000190734863,11.800000190734863,350
2007-09-10,11.720000267028809,12.0,11.600000381469727,12.0,12.0,2150
2007-09-11,11.800000190734863,12.0,11.520000457763672,11.960000038146973,11.960000038146973,7625
2007-09-12,11.920000076293945,12.0,11.4399995803833,12.0,12.0,6600
2007-09-13,11.800000190734863,11.960000038146973,11.720000267028809,11.960000038146973,11.960000038146973,1325
2007-09-14,11.880000114440918,12.15999984741211,11.760000228881836,12.0,12.0,6375
2007-09-17,11.880000114440918,12.0,11.680000305175781,11.800000190734863,11.800000190734863,2650
2007-09-18,11.800000190734863,12.0,11.520000457763672,11.960000038146973,11.960000038146973,11725
2007-09-19,11.880000114440918,12.199999809265137,11.800000190734863,12.199999809265137,12.199999809265137,9550
2007-09-20,12.199999809265137,12.199999809265137,12.039999961853027,12.199999809265137,12.199999809265137,3650
2007-09-21,12.039999961853027,12.039999961853027,11.800000190734863,12.0,12.0,4575
2007-09-24,12.0,12.079999923706055,11.920000076293945,12.079999923706055,12.079999923706055,3550
2007-09-25,12.0,12.199999809265137,11.800000190734863,12.119999885559082,12.119999885559082,11150
2007-09-26,12.399999618530273,12.399999618530273,10.800000190734863,11.600000381469727,11.600000381469727,46075
2007-09-27,11.600000381469727,11.600000381469727,11.199999809265137,11.520000457763672,11.520000457763672,17275
2007-09-28,11.399999618530273,11.520000457763672,10.520000457763672,11.399999618530273,11.399999618530273,18500
2007-10-01,11.199999809265137,11.319999694824219,10.680000305175781,11.119999885559082,11.119999885559082,19300
2007-10-02,10.920000076293945,11.119999885559082,10.720000267028809,11.0,11.0,16225
2007-10-03,11.119999885559082,11.479999542236328,11.079999923706055,11.399999618530273,11.399999618530273,59275
2007-10-04,11.199999809265137,11.600000381469727,11.199999809265137,11.399999618530273,11.399999618530273,14550
2007-10-05,11.199999809265137,11.199999809265137,10.600000381469727,11.199999809265137,11.199999809265137,23350
2007-10-08,11.0,11.199999809265137,10.680000305175781,11.0,11.0,10475
2007-10-09,10.800000190734863,11.399999618530273,10.800000190734863,11.119999885559082,11.119999885559082,12825
2007-10-10,11.0,11.399999618530273,10.84000015258789,11.359999656677246,11.359999656677246,27500
2007-10-11,11.600000381469727,11.600000381469727,10.920000076293945,11.15999984741211,11.15999984741211,8250
2007-10-12,10.960000038146973,11.800000190734863,10.960000038146973,11.800000190734863,11.800000190734863,3850
2007-10-15,12.399999618530273,12.399999618530273,11.039999961853027,11.5600004196167,11.5600004196167,12700
2007-10-16,11.199999809265137,11.4399995803833,11.199999809265137,11.4399995803833,11.4399995803833,3300
2007-10-17,11.359999656677246,11.600000381469727,11.15999984741211,11.359999656677246,11.359999656677246,10050
2007-10-18,11.399999618530273,11.399999618530273,10.600000381469727,11.399999618530273,11.399999618530273,19025
2007-10-19,10.880000114440918,11.199999809265137,10.600000381469727,11.199999809265137,11.199999809265137,15375
2007-10-22,10.960000038146973,11.199999809265137,10.960000038146973,11.15999984741211,11.15999984741211,1500
2007-10-23,11.15999984741211,11.199999809265137,10.800000190734863,10.960000038146973,10.960000038146973,1500
2007-10-24,11.0,11.15999984741211,10.199999809265137,10.760000228881836,10.760000228881836,14300
2007-10-25,10.880000114440918,10.880000114440918,10.399999618530273,10.800000190734863,10.800000190734863,12450
2007-10-26,10.4399995803833,11.0,10.0,10.920000076293945,10.920000076293945,7575
2007-10-29,10.920000076293945,11.199999809265137,10.399999618530273,10.399999618530273,10.399999618530273,12300
2007-10-30,10.720000267028809,11.399999618530273,10.479999542236328,11.199999809265137,11.199999809265137,11275
2007-10-31,11.0,12.199999809265137,10.600000381469727,12.0,12.0,11425
2007-11-01,11.800000190734863,11.800000190734863,10.479999542236328,11.0,11.0,17750
2007-11-02,10.920000076293945,11.0,10.600000381469727,11.0,11.0,7050
2007-11-05,10.760000228881836,10.880000114440918,10.399999618530273,10.760000228881836,10.760000228881836,11850
2007-11-06,10.680000305175781,11.0,10.680000305175781,10.960000038146973,10.960000038146973,1650
2007-11-07,10.960000038146973,10.960000038146973,10.399999618530273,10.720000267028809,10.720000267028809,3025
2007-11-08,11.0,11.0,10.119999885559082,10.5600004196167,10.5600004196167,2075
2007-11-09,11.039999961853027,11.640000343322754,10.600000381469727,10.920000076293945,10.920000076293945,11875
2007-11-12,10.920000076293945,12.0,10.479999542236328,11.760000228881836,11.760000228881836,11475
2007-11-13,11.84000015258789,11.84000015258789,11.479999542236328,11.600000381469727,11.600000381469727,4250
2007-11-14,11.600000381469727,12.199999809265137,11.399999618530273,12.0,12.0,16175
2007-11-15,12.079999923706055,12.079999923706055,11.5600004196167,11.5600004196167,11.5600004196167,2150
2007-11-16,11.640000343322754,11.640000343322754,11.199999809265137,11.319999694824219,11.319999694824219,8700
2007-11-19,11.479999542236328,12.0,11.479999542236328,11.640000343322754,11.640000343322754,1925
2007-11-20,11.920000076293945,12.0,11.199999809265137,11.760000228881836,11.760000228881836,6075
2007-11-21,11.600000381469727,11.960000038146973,11.199999809265137,11.720000267028809,11.720000267028809,2300
2007-11-23,11.479999542236328,12.0,11.479999542236328,11.760000228881836,11.760000228881836,1075
2007-11-26,11.760000228881836,11.760000228881836,11.239999771118164,11.399999618530273,11.399999618530273,2425
2007-11-27,11.199999809265137,11.600000381469727,11.119999885559082,11.479999542236328,11.479999542236328,10400
2007-11-28,11.600000381469727,11.720000267028809,11.279999732971191,11.399999618530273,11.399999618530273,1900
2007-11-29,11.520000457763672,11.640000343322754,11.199999809265137,11.399999618530273,11.399999618530273,3100
2007-11-30,11.0,11.399999618530273,10.84000015258789,11.199999809265137,11.199999809265137,8400
2007-12-03,11.199999809265137,11.199999809265137,10.800000190734863,11.199999809265137,11.199999809265137,1525
2007-12-04,11.0,11.199999809265137,10.800000190734863,11.199999809265137,11.199999809265137,2000
2007-12-05,10.920000076293945,11.0,10.15999984741211,11.0,11.0,34100
2007-12-06,10.880000114440918,11.399999618530273,10.680000305175781,11.0,11.0,2775
2007-12-07,11.0,11.199999809265137,10.760000228881836,11.15999984741211,11.15999984741211,2300
2007-12-10,10.800000190734863,11.119999885559082,10.119999885559082,11.0,11.0,5025
2007-12-11,10.640000343322754,11.119999885559082,10.399999618530273,10.960000038146973,10.960000038146973,3675
2007-12-12,10.600000381469727,11.079999923706055,10.600000381469727,10.800000190734863,10.800000190734863,26450
2007-12-13,10.479999542236328,11.600000381469727,10.479999542236328,11.0,11.0,2100
2007-12-14,10.640000343322754,11.199999809265137,10.5600004196167,11.199999809265137,11.199999809265137,3925
2007-12-17,11.079999923706055,11.359999656677246,10.680000305175781,11.199999809265137,11.199999809265137,4675
2007-12-18,11.0,11.680000305175781,10.520000457763672,11.359999656677246,11.359999656677246,23950
2007-12-19,11.520000457763672,11.520000457763672,11.199999809265137,11.359999656677246,11.359999656677246,2750
2007-12-20,11.0,12.199999809265137,11.0,11.600000381469727,11.600000381469727,104075
2007-12-21,12.0,12.0,11.600000381469727,11.760000228881836,11.760000228881836,17150
2007-12-24,12.0,12.079999923706055,11.600000381469727,11.960000038146973,11.960000038146973,22650
2007-12-26,11.4399995803833,12.0,11.239999771118164,11.84000015258789,11.84000015258789,8100
2007-12-27,11.84000015258789,12.0,11.359999656677246,11.880000114440918,11.880000114440918,5425
2007-12-28,11.600000381469727,11.880000114440918,11.119999885559082,11.880000114440918,11.880000114440918,8950
2007-12-31,12.0,12.0,11.319999694824219,12.0,12.0,5775
2008-01-02,12.0,12.0,11.15999984741211,11.399999618530273,11.399999618530273,32025
2008-01-03,11.199999809265137,11.319999694824219,10.039999961853027,10.239999771118164,10.239999771118164,29000
2008-01-04,10.199999809265137,10.520000457763672,9.640000343322754,10.399999618530273,10.399999618530273,12650
2008-01-07,10.199999809265137,10.199999809265137,9.600000381469727,10.119999885559082,10.119999885559082,5125
2008-01-08,9.680000305175781,10.15999984741211,9.5600004196167,9.880000114440918,9.880000114440918,11075
2008-01-09,9.800000190734863,9.800000190734863,9.399999618530273,9.479999542236328,9.479999542236328,8725
2008-01-10,9.279999732971191,9.800000190734863,8.520000457763672,9.640000343322754,9.640000343322754,16900
2008-01-11,9.760000228881836,10.359999656677246,9.760000228881836,10.199999809265137,10.199999809265137,6750
2008-01-14,10.319999694824219,10.319999694824219,9.640000343322754,9.920000076293945,9.920000076293945,2600
2008-01-15,9.760000228881836,9.920000076293945,8.920000076293945,9.640000343322754,9.640000343322754,3475
2008-01-16,9.600000381469727,9.920000076293945,8.920000076293945,9.920000076293945,9.920000076293945,5600
2008-01-17,9.84000015258789,10.279999732971191,9.399999618530273,10.0,10.0,7925
2008-01-18,9.199999809265137,10.600000381469727,9.199999809265137,10.600000381469727,10.600000381469727,9800
2008-01-22,9.760000228881836,10.279999732971191,9.0,10.0,10.0,10875
2008-01-23,9.359999656677246,10.399999618530273,9.359999656677246,10.279999732971191,10.279999732971191,19775
2008-01-24,10.399999618530273,10.399999618530273,9.800000190734863,10.199999809265137,10.199999809265137,63325
2008-01-25,10.319999694824219,10.319999694824219,8.680000305175781,10.119999885559082,10.119999885559082,4075
2008-01-28,9.479999542236328,10.199999809265137,9.479999542236328,10.079999923706055,10.079999923706055,10400
2008-01-29,9.800000190734863,10.399999618530273,9.800000190734863,10.15999984741211,10.15999984741211,12675
2008-01-30,10.319999694824219,10.319999694824219,9.920000076293945,10.199999809265137,10.199999809265137,2000
2008-01-31,10.15999984741211,10.199999809265137,9.0,10.199999809265137,10.199999809265137,5100
2008-02-01,10.199999809265137,10.199999809265137,9.800000190734863,9.800000190734863,9.800000190734863,12725
2008-02-04,10.199999809265137,10.319999694824219,9.960000038146973,10.079999923706055,10.079999923706055,2800
2008-02-05,10.960000038146973,10.960000038146973,9.800000190734863,10.0,10.0,12675
2008-02-06,9.880000114440918,10.680000305175781,9.800000190734863,10.680000305175781,10.680000305175781,4775
2008-02-07,10.399999618530273,10.5600004196167,10.199999809265137,10.399999618530273,10.399999618530273,3025
2008-02-08,10.399999618530273,10.760000228881836,10.359999656677246,10.720000267028809,10.720000267028809,10675
2008-02-11,10.640000343322754,10.800000190734863,10.399999618530273,10.5600004196167,10.5600004196167,2775
2008-02-12,10.720000267028809,10.880000114440918,10.399999618530273,10.600000381469727,10.600000381469727,2300
2008-02-13,10.600000381469727,10.600000381469727,9.960000038146973,10.239999771118164,10.239999771118164,6100
2008-02-14,10.880000114440918,10.880000114440918,9.319999694824219,10.0,10.0,15450
2008-02-15,9.960000038146973,11.0,9.960000038146973,11.0,11.0,11925
2008-02-19,10.720000267028809,11.0,10.199999809265137,10.800000190734863,10.800000190734863,1925
2008-02-20,10.479999542236328,10.880000114440918,10.0,10.880000114440918,10.880000114440918,5200
2008-02-21,10.760000228881836,10.920000076293945,10.399999618530273,10.920000076293945,10.920000076293945,1675
2008-02-22,10.600000381469727,11.0,10.600000381469727,11.0,11.0,1575
2008-02-25,11.0,11.0,10.399999618530273,10.880000114440918,10.880000114440918,17700
2008-02-26,10.680000305175781,11.199999809265137,10.600000381469727,11.0,11.0,1250
2008-02-27,10.5600004196167,11.0,10.5600004196167,10.960000038146973,10.960000038146973,9875
2008-02-28,10.960000038146973,10.960000038146973,10.600000381469727,10.800000190734863,10.800000190734863,6275
2008-02-29,10.199999809265137,11.199999809265137,10.199999809265137,11.199999809265137,11.199999809265137,5250
2008-03-03,11.119999885559082,11.199999809265137,10.199999809265137,11.0,11.0,2675
2008-03-04,10.600000381469727,11.199999809265137,10.319999694824219,11.199999809265137,11.199999809265137,3500
2008-03-05,10.720000267028809,11.0,10.399999618530273,11.0,11.0,8725
2008-03-06,11.479999542236328,11.479999542236328,10.600000381469727,11.0,11.0,11175
2008-03-07,10.800000190734863,11.199999809265137,10.399999618530273,11.199999809265137,11.199999809265137,1625
2008-03-10,11.279999732971191,11.279999732971191,10.600000381469727,11.0,11.0,3850
2008-03-11,10.720000267028809,11.199999809265137,10.399999618530273,10.880000114440918,10.880000114440918,12100
2008-03-12,10.800000190734863,10.960000038146973,9.84000015258789,10.680000305175781,10.680000305175781,12900
2008-03-13,10.600000381469727,11.15999984741211,10.600000381469727,10.920000076293945,10.920000076293945,4550
2008-03-14,11.0,11.0,10.600000381469727,10.800000190734863,10.800000190734863,7875
2008-03-17,10.4399995803833,10.920000076293945,10.199999809265137,10.920000076293945,10.920000076293945,4450
2008-03-18,10.920000076293945,11.199999809265137,10.520000457763672,10.960000038146973,10.960000038146973,9700
2008-03-19,10.5600004196167,10.960000038146973,10.319999694824219,10.880000114440918,10.880000114440918,1625
2008-03-20,10.600000381469727,11.119999885559082,10.199999809265137,11.039999961853027,11.039999961853027,3025
2008-03-24,11.15999984741211,11.15999984741211,10.84000015258789,11.15999984741211,11.15999984741211,675
2008-03-25,10.800000190734863,11.0,10.600000381469727,11.0,11.0,2850
2008-03-26,10.800000190734863,11.15999984741211,10.399999618530273,10.800000190734863,10.800000190734863,5725
2008-03-27,10.680000305175781,11.0,10.399999618530273,11.0,11.0,3025
2008-03-28,11.0,11.0,10.880000114440918,10.920000076293945,10.920000076293945,300
2008-03-31,11.15999984741211,11.359999656677246,10.880000114440918,11.319999694824219,11.319999694824219,4500
2008-04-01,10.920000076293945,11.15999984741211,10.800000190734863,11.15999984741211,11.15999984741211,13025
2008-04-02,11.079999923706055,11.079999923706055,10.399999618530273,10.960000038146973,10.960000038146973,1350
2008-04-03,10.680000305175781,11.920000076293945,10.680000305175781,11.84000015258789,11.84000015258789,12150
2008-04-04,11.920000076293945,12.0,11.0,11.920000076293945,11.920000076293945,9200
2008-04-07,11.920000076293945,11.920000076293945,11.199999809265137,11.880000114440918,11.880000114440918,5350
2008-04-08,11.600000381469727,11.600000381469727,10.239999771118164,11.399999618530273,11.399999618530273,6600
2008-04-09,11.0,11.399999618530273,10.399999618530273,11.15999984741211,11.15999984741211,2850
2008-04-10,10.720000267028809,11.920000076293945,10.399999618530273,11.15999984741211,11.15999984741211,9975
2008-04-11,10.640000343322754,11.199999809265137,10.600000381469727,11.199999809265137,11.199999809265137,900
2008-04-14,10.640000343322754,11.199999809265137,10.600000381469727,11.0,11.0,2300
2008-04-15,11.199999809265137,11.199999809265137,10.680000305175781,11.0,11.0,4400
2008-04-16,10.880000114440918,11.199999809265137,10.880000114440918,11.199999809265137,11.199999809265137,9025
2008-04-17,11.199999809265137,11.199999809265137,11.199999809265137,11.199999809265137,11.199999809265137,25
2008-04-18,11.199999809265137,11.600000381469727,11.199999809265137,11.600000381469727,11.600000381469727,8525
2008-04-21,11.399999618530273,11.5600004196167,11.399999618530273,11.5600004196167,11.5600004196167,6275
2008-04-22,11.880000114440918,12.399999618530273,11.760000228881836,12.0,12.0,8100
2008-04-23,12.319999694824219,12.319999694824219,11.800000190734863,11.920000076293945,11.920000076293945,3400
2008-04-24,11.960000038146973,11.960000038146973,11.800000190734863,11.920000076293945,11.920000076293945,1775
2008-04-25,11.84000015258789,11.960000038146973,11.800000190734863,11.880000114440918,11.880000114440918,3250
2008-04-28,11.800000190734863,11.800000190734863,11.800000190734863,11.800000190734863,11.800000190734863,2500
2008-04-29,11.800000190734863,11.800000190734863,11.800000190734863,11.800000190734863,11.800000190734863,5500
2008-04-30,11.800000190734863,11.920000076293945,11.800000190734863,11.800000190734863,11.800000190734863,3250
2008-05-01,11.800000190734863,12.800000190734863,11.760000228881836,11.800000190734863,11.800000190734863,22500
2008-05-02,11.600000381469727,12.199999809265137,11.600000381469727,11.680000305175781,11.680000305175781,25725
2008-05-05,11.800000190734863,11.800000190734863,11.600000381469727,11.800000190734863,11.800000190734863,1925
2008-05-06,11.600000381469727,11.680000305175781,10.680000305175781,11.680000305175781,11.680000305175781,5450
2008-05-07,11.399999618530273,11.800000190734863,11.199999809265137,11.720000267028809,11.720000267028809,2100
2008-05-08,11.600000381469727,11.640000343322754,11.199999809265137,11.600000381469727,11.600000381469727,4475
2008-05-09,11.199999809265137,11.520000457763672,10.800000190734863,11.199999809265137,11.199999809265137,7925
2008-05-12,10.800000190734863,11.399999618530273,10.800000190734863,11.399999618530273,11.399999618530273,1125
2008-05-13,11.399999618530273,11.399999618530273,10.800000190734863,11.399999618530273,11.399999618530273,1200
2008-05-14,10.720000267028809,11.800000190734863,10.0,11.600000381469727,11.600000381469727,16725
2008-05-15,11.600000381469727,11.600000381469727,10.0,10.760000228881836,10.760000228881836,12175
2008-05-16,10.520000457763672,10.760000228881836,10.039999961853027,10.199999809265137,10.199999809265137,4100
2008-05-19,10.039999961853027,10.199999809265137,9.800000190734863,10.039999961853027,10.039999961853027,7325
2008-05-20,9.84000015258789,10.800000190734863,9.84000015258789,10.15999984741211,10.15999984741211,3625
2008-05-21,10.279999732971191,10.479999542236328,10.039999961853027,10.479999542236328,10.479999542236328,1700
2008-05-22,10.399999618530273,10.399999618530273,9.239999771118164,10.079999923706055,10.079999923706055,4200
2008-05-23,9.920000076293945,10.399999618530273,8.800000190734863,10.279999732971191,10.279999732971191,7300
2008-05-27,10.119999885559082,10.399999618530273,9.880000114440918,10.399999618530273,10.399999618530273,1225
2008-05-28,10.039999961853027,10.399999618530273,9.880000114440918,10.359999656677246,10.359999656677246,3675
2008-05-29,10.399999618530273,10.399999618530273,9.960000038146973,10.399999618530273,10.399999618530273,1300
2008-05-30,10.079999923706055,11.600000381469727,9.800000190734863,11.600000381469727,11.600000381469727,5950
2008-06-02,10.880000114440918,11.0,10.0,10.760000228881836,10.760000228881836,1350
2008-06-03,10.800000190734863,11.399999618530273,10.680000305175781,11.119999885559082,11.119999885559082,1175
2008-06-04,10.399999618530273,11.0,10.199999809265137,11.0,11.0,1250
2008-06-05,10.399999618530273,11.0,10.399999618530273,11.0,11.0,1250
2008-06-06,10.239999771118164,11.0,10.0,10.399999618530273,10.399999618530273,2325
2008-06-09,10.0,10.800000190734863,9.600000381469727,10.319999694824219,10.319999694824219,3950
2008-06-10,10.279999732971191,10.800000190734863,9.600000381469727,10.600000381469727,10.600000381469727,4625
2008-06-11,10.199999809265137,10.4399995803833,9.800000190734863,10.4399995803833,10.4399995803833,2050
2008-06-12,10.319999694824219,11.0,9.800000190734863,11.0,11.0,8225
2008-06-13,10.600000381469727,11.0,10.199999809265137,10.960000038146973,10.960000038146973,1675
2008-06-16,10.520000457763672,11.199999809265137,10.399999618530273,10.800000190734863,10.800000190734863,1125
2008-06-17,10.800000190734863,11.15999984741211,10.279999732971191,11.0,11.0,1200
2008-06-18,10.479999542236328,10.960000038146973,10.0,10.800000190734863,10.800000190734863,5025
2008-06-19,10.359999656677246,10.800000190734863,10.15999984741211,10.760000228881836,10.760000228881836,2175
2008-06-20,10.239999771118164,10.800000190734863,9.920000076293945,10.800000190734863,10.800000190734863,1400
2008-06-23,10.680000305175781,10.800000190734863,10.0,10.5600004196167,10.5600004196167,3325
2008-06-24,10.15999984741211,10.800000190734863,9.680000305175781,10.15999984741211,10.15999984741211,6125
2008-06-25,10.039999961853027,10.119999885559082,9.720000267028809,10.119999885559082,10.119999885559082,14325
2008-06-26,9.880000114440918,10.079999923706055,9.720000267028809,10.079999923706055,10.079999923706055,700
2008-06-27,10.039999961853027,10.479999542236328,9.680000305175781,10.479999542236328,10.479999542236328,2175
2008-06-30,10.319999694824219,10.800000190734863,10.079999923706055,10.359999656677246,10.359999656677246,3025
2008-07-01,9.760000228881836,9.800000190734863,9.279999732971191,9.680000305175781,9.680000305175781,5750
2008-07-02,9.600000381469727,9.680000305175781,9.199999809265137,9.520000457763672,9.520000457763672,1700
2008-07-03,10.0,10.0,8.800000190734863,9.800000190734863,9.800000190734863,1825
2008-07-07,9.600000381469727,9.600000381469727,9.119999885559082,9.600000381469727,9.600000381469727,2275
2008-07-08,9.600000381469727,10.079999923706055,9.039999961853027,10.079999923706055,10.079999923706055,2050
2008-07-09,9.600000381469727,9.600000381469727,9.199999809265137,9.5600004196167,9.5600004196167,1325
2008-07-10,9.680000305175781,9.680000305175781,8.640000343322754,9.15999984741211,9.15999984741211,19350
2008-07-11,9.079999923706055,9.199999809265137,8.520000457763672,9.0,9.0,2225
2008-07-14,9.0,9.199999809265137,8.800000190734863,9.199999809265137,9.199999809265137,1250
2008-07-15,9.479999542236328,10.0,8.720000267028809,9.399999618530273,9.399999618530273,2300
2008-07-16,8.800000190734863,9.600000381469727,8.4399995803833,9.199999809265137,9.199999809265137,15800
2008-07-17,9.239999771118164,9.239999771118164,8.0,8.800000190734863,8.800000190734863,11575
2008-07-18,8.720000267028809,8.760000228881836,8.0,8.760000228881836,8.760000228881836,4125
2008-07-21,8.4399995803833,8.800000190734863,8.399999618530273,8.760000228881836,8.760000228881836,1600
2008-07-22,8.600000381469727,8.800000190734863,8.600000381469727,8.760000228881836,8.760000228881836,1350
2008-07-23,8.15999984741211,9.199999809265137,8.15999984741211,9.199999809265137,9.199999809265137,1450
2008-07-24,8.800000190734863,9.5600004196167,8.800000190734863,8.84000015258789,8.84000015258789,2475
2008-07-25,9.199999809265137,9.800000190734863,8.800000190734863,9.399999618530273,9.399999618530273,725
2008-07-28,9.0,9.319999694824219,8.84000015258789,9.319999694824219,9.319999694824219,2725
2008-07-29,9.199999809265137,9.800000190734863,8.880000114440918,9.399999618530273,9.399999618530273,2200
2008-07-30,9.600000381469727,9.600000381469727,8.680000305175781,9.399999618530273,9.399999618530273,2350
2008-07-31,9.0,9.800000190734863,8.760000228881836,9.800000190734863,9.800000190734863,3325
2008-08-01,9.600000381469727,9.600000381469727,8.680000305175781,9.119999885559082,9.119999885559082,1125
2008-08-04,8.960000038146973,8.960000038146973,8.479999542236328,8.800000190734863,8.800000190734863,2250
2008-08-05,8.960000038146973,8.960000038146973,8.479999542236328,8.960000038146973,8.960000038146973,175
2008-08-06,9.079999923706055,9.199999809265137,8.800000190734863,9.0,9.0,4125
2008-08-07,9.199999809265137,9.199999809265137,8.399999618530273,8.960000038146973,8.960000038146973,2500
2008-08-08,8.479999542236328,8.760000228881836,8.359999656677246,8.600000381469727,8.600000381469727,650
2008-08-11,8.600000381469727,8.600000381469727,8.399999618530273,8.600000381469727,8.600000381469727,3725
2008-08-12,8.4399995803833,8.600000381469727,8.4399995803833,8.600000381469727,8.600000381469727,1275
2008-08-13,8.760000228881836,9.600000381469727,8.399999618530273,9.199999809265137,9.199999809265137,7375
2008-08-14,9.399999618530273,9.600000381469727,9.399999618530273,9.399999618530273,9.399999618530273,5450
2008-08-15,9.720000267028809,9.760000228881836,8.680000305175781,9.720000267028809,9.720000267028809,4100
2008-08-18,9.720000267028809,10.0,9.199999809265137,9.760000228881836,9.760000228881836,775
2008-08-19,10.0,10.0,9.600000381469727,9.800000190734863,9.800000190734863,750
2008-08-20,10.0,10.279999732971191,9.239999771118164,10.0,10.0,1050
2008-08-21,10.0,10.199999809265137,9.800000190734863,10.0,10.0,9175
2008-08-22,10.0,10.0,9.600000381469727,9.800000190734863,9.800000190734863,450
2008-08-25,10.319999694824219,10.399999618530273,9.319999694824219,9.800000190734863,9.800000190734863,2500
2008-08-26,9.600000381469727,10.199999809265137,9.600000381469727,10.119999885559082,10.119999885559082,1000
2008-08-27,10.119999885559082,10.199999809265137,9.479999542236328,10.0,10.0,700
2008-08-28,10.0,10.0,9.84000015258789,10.0,10.0,800
2008-08-29,10.0,10.0,9.680000305175781,9.920000076293945,9.920000076293945,2100
2008-09-02,10.0,10.0,9.600000381469727,10.0,10.0,225
2008-09-03,9.399999618530273,10.0,8.880000114440918,9.960000038146973,9.960000038146973,3125
2008-09-04,9.800000190734863,10.0,9.279999732971191,9.800000190734863,9.800000190734863,5900
2008-09-05,9.399999618530273,10.0,9.399999618530273,9.920000076293945,9.920000076293945,6250
2008-09-08,9.920000076293945,9.920000076293945,8.880000114440918,9.800000190734863,9.800000190734863,4525
2008-09-09,9.239999771118164,9.760000228881836,9.199999809265137,9.720000267028809,9.720000267028809,1425
2008-09-10,9.399999618530273,9.920000076293945,9.039999961853027,9.720000267028809,9.720000267028809,1100
2008-09-11,9.920000076293945,9.920000076293945,9.0,9.600000381469727,9.600000381469727,6400
2008-09-12,9.600000381469727,9.880000114440918,9.600000381469727,9.880000114440918,9.880000114440918,25750
2008-09-15,9.079999923706055,9.880000114440918,9.079999923706055,9.800000190734863,9.800000190734863,9900
2008-09-16,9.399999618530273,10.0,9.399999618530273,9.960000038146973,9.960000038146973,12075
2008-09-17,9.520000457763672,9.960000038146973,9.399999618530273,9.800000190734863,9.800000190734863,15800
2008-09-18,9.800000190734863,9.800000190734863,8.920000076293945,9.760000228881836,9.760000228881836,3200
2008-09-19,9.600000381469727,10.0,9.079999923706055,10.0,10.0,6275
2008-09-22,9.600000381469727,9.800000190734863,9.239999771118164,9.760000228881836,9.760000228881836,4050
2008-09-23,9.600000381469727,9.760000228881836,9.399999618530273,9.600000381469727,9.600000381469727,5925
2008-09-24,9.920000076293945,10.359999656677246,9.0,9.880000114440918,9.880000114440918,5750
2008-09-25,9.239999771118164,10.199999809265137,9.239999771118164,9.600000381469727,9.600000381469727,4025
2008-09-26,9.399999618530273,10.0,8.84000015258789,9.399999618530273,9.399999618530273,3875
2008-09-29,9.0,9.399999618530273,8.399999618530273,9.359999656677246,9.359999656677246,1825
2008-09-30,9.0,9.880000114440918,6.199999809265137,9.520000457763672,9.520000457763672,30200
2008-10-01,9.0,9.399999618530273,8.920000076293945,9.399999618530273,9.399999618530273,3350
2008-10-02,9.199999809265137,9.199999809265137,8.0,9.0,9.0,2100
2008-10-03,9.239999771118164,9.399999618530273,8.880000114440918,9.399999618530273,9.399999618530273,925
2008-10-06,10.0,10.0,7.199999809265137,8.960000038146973,8.960000038146973,10900
2008-10-07,8.399999618530273,8.960000038146973,8.039999961853027,8.600000381469727,8.600000381469727,1300
2008-10-08,7.400000095367432,8.960000038146973,7.400000095367432,8.800000190734863,8.800000190734863,5075
2008-10-09,8.0,8.960000038146973,7.199999809265137,8.0,8.0,4575
2008-10-10,7.239999771118164,8.0,6.400000095367432,8.0,8.0,11800
2008-10-13,7.599999904632568,8.800000190734863,7.599999904632568,8.4399995803833,8.4399995803833,5500
2008-10-14,8.760000228881836,8.800000190734863,7.599999904632568,8.0,8.0,2975
2008-10-15,8.0,8.0,7.239999771118164,7.920000076293945,7.920000076293945,3725
2008-10-16,7.119999885559082,8.0,7.119999885559082,8.0,8.0,1375
2008-10-17,8.5600004196167,8.600000381469727,7.599999904632568,8.199999809265137,8.199999809265137,3300
2008-10-20,8.199999809265137,8.600000381469727,7.639999866485596,8.520000457763672,8.520000457763672,2350
2008-10-21,8.5600004196167,8.5600004196167,8.0,8.479999542236328,8.479999542236328,450
2008-10-22,8.0,8.399999618530273,7.639999866485596,8.0,8.0,750
2008-10-23,8.199999809265137,8.199999809265137,7.199999809265137,8.0,8.0,4350
2008-10-24,7.0,7.800000190734863,7.0,7.800000190734863,7.800000190734863,2175
2008-10-27,7.440000057220459,8.0,7.0,7.960000038146973,7.960000038146973,2325
2008-10-28,7.199999809265137,7.880000114440918,6.880000114440918,7.599999904632568,7.599999904632568,3550
2008-10-29,7.599999904632568,8.399999618530273,7.400000095367432,7.800000190734863,7.800000190734863,900
2008-10-30,7.480000019073486,7.800000190734863,7.480000019073486,7.800000190734863,7.800000190734863,125
2008-10-31,7.800000190734863,8.0,7.679999828338623,7.800000190734863,7.800000190734863,2675
2008-11-03,7.800000190734863,7.920000076293945,7.079999923706055,7.599999904632568,7.599999904632568,6675
2008-11-04,7.760000228881836,7.760000228881836,7.119999885559082,7.559999942779541,7.559999942779541,1225
2008-11-05,7.519999980926514,7.559999942779541,7.519999980926514,7.559999942779541,7.559999942779541,50
2008-11-06,6.760000228881836,7.760000228881836,6.760000228881836,7.079999923706055,7.079999923706055,3400
2008-11-07,7.199999809265137,7.400000095367432,6.800000190734863,7.400000095367432,7.400000095367432,2150
2008-11-10,7.199999809265137,7.599999904632568,6.440000057220459,7.199999809265137,7.199999809265137,5250
2008-11-11,6.800000190734863,7.199999809265137,5.039999961853027,7.0,7.0,10775
2008-11-12,7.0,7.0,5.599999904632568,5.800000190734863,5.800000190734863,4650
2008-11-13,6.199999809265137,6.199999809265137,5.0,5.400000095367432,5.400000095367432,15925
2008-11-14,5.0,5.599999904632568,4.599999904632568,5.0,5.0,14275
2008-11-17,5.119999885559082,5.159999847412109,4.079999923706055,4.199999809265137,4.199999809265137,9600
2008-11-18,4.320000171661377,4.559999942779541,4.0,4.400000095367432,4.400000095367432,2625
2008-11-19,4.320000171661377,4.800000190734863,4.0,4.559999942779541,4.559999942779541,1050
2008-11-20,4.599999904632568,4.800000190734863,4.0,4.0,4.0,5100
2008-11-21,4.480000019073486,4.480000019073486,3.5999999046325684,4.0,4.0,5200
2008-11-24,3.5199999809265137,4.0,2.5999999046325684,4.0,4.0,10975
2008-11-25,3.880000114440918,4.400000095367432,3.799999952316284,4.400000095367432,4.400000095367432,800
2008-11-26,4.400000095367432,4.800000190734863,3.799999952316284,4.800000190734863,4.800000190734863,3325
2008-11-28,4.960000038146973,5.0,4.960000038146973,5.0,5.0,575
2008-12-01,4.519999980926514,5.0,4.519999980926514,5.0,5.0,75
2008-12-02,4.599999904632568,4.800000190734863,4.199999809265137,4.400000095367432,4.400000095367432,34650
2008-12-03,4.599999904632568,4.800000190734863,4.360000133514404,4.599999904632568,4.599999904632568,6200
2008-12-04,4.480000019073486,4.71999979019165,4.480000019073486,4.679999828338623,4.679999828338623,1100
2008-12-05,4.760000228881836,5.0,4.480000019073486,5.0,5.0,3900
2008-12-08,5.199999809265137,5.199999809265137,4.440000057220459,4.800000190734863,4.800000190734863,4350
2008-12-09,4.599999904632568,4.800000190734863,4.599999904632568,4.800000190734863,4.800000190734863,1375
2008-12-10,4.960000038146973,5.0,4.800000190734863,4.800000190734863,4.800000190734863,975
2008-12-11,5.0,7.760000228881836,4.760000228881836,4.760000228881836,4.760000228881836,4250
2008-12-12,4.599999904632568,5.840000152587891,4.599999904632568,4.800000190734863,4.800000190734863,900
2008-12-15,5.320000171661377,5.400000095367432,5.0,5.320000171661377,5.320000171661377,1025
2008-12-16,5.639999866485596,6.079999923706055,5.199999809265137,5.639999866485596,5.639999866485596,3550
2008-12-17,5.519999980926514,5.519999980926514,4.599999904632568,5.159999847412109,5.159999847412109,13825
2008-12-18,5.360000133514404,6.0,5.039999961853027,6.0,6.0,3225
2008-12-19,6.239999771118164,6.400000095367432,5.679999828338623,5.800000190734863,5.800000190734863,2150
2008-12-22,5.960000038146973,5.960000038146973,5.599999904632568,5.800000190734863,5.800000190734863,450
2008-12-23,5.599999904632568,5.920000076293945,5.239999771118164,5.880000114440918,5.880000114440918,1800
2008-12-24,6.0,6.199999809265137,5.920000076293945,5.920000076293945,5.920000076293945,525
2008-12-26,6.159999847412109,6.440000057220459,4.800000190734863,5.800000190734863,5.800000190734863,2275
2008-12-29,5.800000190734863,6.159999847412109,5.159999847412109,5.840000152587891,5.840000152587891,5750
2008-12-30,5.599999904632568,6.28000020980835,4.599999904632568,5.28000020980835,5.28000020980835,11625
2008-12-31,5.559999942779541,5.800000190734863,5.0,5.400000095367432,5.400000095367432,14900
2009-01-02,5.039999961853027,5.159999847412109,4.679999828338623,4.679999828338623,4.679999828338623,9650
2009-01-05,4.679999828338623,5.0,4.599999904632568,4.599999904632568,4.599999904632568,8050
2009-01-06,4.599999904632568,4.800000190734863,4.599999904632568,4.760000228881836,4.760000228881836,2950
2009-01-07,4.599999904632568,4.760000228881836,4.199999809265137,4.440000057220459,4.440000057220459,8825
2009-01-08,4.480000019073486,4.480000019073486,4.0,4.400000095367432,4.400000095367432,17300
2009-01-09,4.039999961853027,4.599999904632568,4.039999961853027,4.199999809265137,4.199999809265137,5100
2009-01-12,4.28000020980835,4.400000095367432,4.199999809265137,4.199999809265137,4.199999809265137,3675
2009-01-13,4.360000133514404,4.360000133514404,4.0,4.239999771118164,4.239999771118164,1975
2009-01-14,4.039999961853027,4.239999771118164,4.039999961853027,4.199999809265137,4.199999809265137,1050
2009-01-15,4.039999961853027,4.320000171661377,4.039999961853027,4.28000020980835,4.28000020980835,4675
2009-01-16,4.28000020980835,4.28000020980835,4.039999961853027,4.199999809265137,4.199999809265137,525
2009-01-20,4.519999980926514,5.159999847412109,4.159999847412109,4.400000095367432,4.400000095367432,1950
2009-01-21,4.400000095367432,4.599999904632568,3.799999952316284,4.599999904632568,4.599999904632568,10675
2009-01-22,4.440000057220459,4.480000019073486,4.440000057220459,4.480000019073486,4.480000019073486,50
2009-01-23,4.480000019073486,4.480000019073486,4.480000019073486,4.480000019073486,4.480000019073486,0
2009-01-26,4.320000171661377,4.360000133514404,4.0,4.039999961853027,4.039999961853027,2900
2009-01-27,4.199999809265137,4.400000095367432,4.199999809265137,4.400000095367432,4.400000095367432,325
2009-01-28,4.28000020980835,4.400000095367432,4.119999885559082,4.400000095367432,4.400000095367432,1950
2009-01-29,4.199999809265137,4.199999809265137,4.199999809265137,4.199999809265137,4.199999809265137,100
2009-01-30,4.400000095367432,5.159999847412109,4.199999809265137,4.760000228881836,4.760000228881836,1850
2009-02-02,4.639999866485596,4.639999866485596,4.0,4.400000095367432,4.400000095367432,1775
2009-02-03,4.559999942779541,4.559999942779541,4.119999885559082,4.400000095367432,4.400000095367432,1125
2009-02-04,4.159999847412109,4.360000133514404,4.0,4.0,4.0,875
2009-02-05,4.159999847412109,4.599999904632568,3.680000066757202,4.400000095367432,4.400000095367432,1925
2009-02-06,4.199999809265137,5.239999771118164,4.119999885559082,4.159999847412109,4.159999847412109,5900
2009-02-09,4.159999847412109,4.400000095367432,4.159999847412109,4.199999809265137,4.199999809265137,575
2009-02-10,4.079999923706055,4.199999809265137,4.0,4.0,4.0,4175
2009-02-11,3.799999952316284,4.159999847412109,3.680000066757202,4.119999885559082,4.119999885559082,2125
2009-02-12,4.0,4.119999885559082,3.4000000953674316,4.119999885559082,4.119999885559082,3825
2009-02-13,4.0,4.0,3.5999999046325684,3.799999952316284,3.799999952316284,7400
2009-02-17,3.9600000381469727,3.9600000381469727,3.9600000381469727,3.9600000381469727,3.9600000381469727,150
2009-02-18,3.9600000381469727,4.0,3.2799999713897705,3.5999999046325684,3.5999999046325684,6775
2009-02-19,3.680000066757202,3.799999952316284,3.0799999237060547,3.4000000953674316,3.4000000953674316,7775
2009-02-20,3.5999999046325684,3.799999952316284,3.5999999046325684,3.640000104904175,3.640000104904175,5950
2009-02-23,3.4800000190734863,3.559999942779541,3.119999885559082,3.4000000953674316,3.4000000953674316,18750
2009-02-24,3.5999999046325684,3.5999999046325684,2.9600000381469727,3.200000047683716,3.200000047683716,15425
2009-02-25,3.200000047683716,3.4000000953674316,3.0399999618530273,3.0399999618530273,3.0399999618530273,7100
2009-02-26,3.200000047683716,3.4000000953674316,3.0799999237060547,3.200000047683716,3.200000047683716,4300
2009-02-27,3.200000047683716,3.200000047683716,3.200000047683716,3.200000047683716,3.200000047683716,1250
2009-03-02,3.0,3.0,2.5999999046325684,2.799999952316284,2.799999952316284,3650
2009-03-03,2.9600000381469727,3.1600000858306885,2.0399999618530273,2.359999895095825,2.359999895095825,17925
2009-03-04,2.359999895095825,5.079999923706055,2.359999895095825,2.359999895095825,2.359999895095825,5975
2009-03-05,2.359999895095825,2.759999990463257,2.359999895095825,2.359999895095825,2.359999895095825,8100
2009-03-06,2.5999999046325684,2.7200000286102295,2.0399999618530273,2.0399999618530273,2.0399999618530273,23825
2009-03-09,2.200000047683716,2.200000047683716,2.0399999618530273,2.0399999618530273,2.0399999618530273,15100
2009-03-10,2.119999885559082,2.119999885559082,1.9600000381469727,2.0,2.0,9275
2009-03-11,2.0799999237060547,2.5199999809265137,1.6799999475479126,2.319999933242798,2.319999933242798,26600
2009-03-12,2.5199999809265137,2.880000114440918,2.5199999809265137,2.799999952316284,2.799999952316284,20850
2009-03-13,2.8399999141693115,2.9200000762939453,2.799999952316284,2.799999952316284,2.799999952316284,3550
2009-03-16,2.799999952316284,2.799999952316284,2.2799999713897705,2.319999933242798,2.319999933242798,5250
2009-03-17,2.4000000953674316,2.680000066757202,2.4000000953674316,2.5999999046325684,2.5999999046325684,12900
2009-03-18,2.7200000286102295,2.799999952316284,2.5999999046325684,2.640000104904175,2.640000104904175,6050
2009-03-19,2.640000104904175,2.640000104904175,2.640000104904175,2.640000104904175,2.640000104904175,2775
2009-03-20,2.7200000286102295,2.7200000286102295,2.7200000286102295,2.7200000286102295,2.7200000286102295,700
2009-03-23,2.8399999141693115,2.880000114440918,2.8399999141693115,2.8399999141693115,2.8399999141693115,3725
2009-03-24,3.0,3.0,2.9600000381469727,2.9600000381469727,2.9600000381469727,400
2009-03-25,3.119999885559082,3.200000047683716,3.0,3.0399999618530273,3.0399999618530273,5550
2009-03-26,3.0399999618530273,3.0399999618530273,2.680000066757202,3.0399999618530273,3.0399999618530273,1125
2009-03-27,2.9200000762939453,3.0,2.9200000762939453,3.0,3.0,425
2009-03-30,3.0,3.4000000953674316,2.799999952316284,2.9600000381469727,2.9600000381469727,2450
2009-03-31,2.9600000381469727,3.0,2.9600000381469727,3.0,3.0,5525
2009-04-01,3.0399999618530273,3.0799999237060547,3.0,3.0,3.0,5125
2009-04-02,3.0799999237060547,3.0799999237060547,2.9200000762939453,3.0,3.0,1150
2009-04-03,3.0,3.0,3.0,3.0,3.0,0
2009-04-06,3.0,3.0,2.8399999141693115,2.8399999141693115,2.8399999141693115,275
2009-04-07,3.0,3.0399999618530273,2.9200000762939453,2.9200000762939453,2.9200000762939453,525
2009-04-08,2.9200000762939453,3.0799999237060547,2.9200000762939453,2.9200000762939453,2.9200000762939453,1050
2009-04-09,2.799999952316284,3.0,2.799999952316284,2.8399999141693115,2.8399999141693115,1850
2009-04-13,3.0,3.0799999237060547,3.0,3.0799999237060547,3.0799999237060547,525
2009-04-14,3.0,3.1600000858306885,3.0,3.1600000858306885,3.1600000858306885,3000
2009-04-15,3.119999885559082,3.119999885559082,3.119999885559082,3.119999885559082,3.119999885559082,1175
2009-04-16,3.0,3.119999885559082,2.9600000381469727,3.119999885559082,3.119999885559082,9575
2009-04-17,3.0799999237060547,3.119999885559082,3.0799999237060547,3.119999885559082,3.119999885559082,1150
2009-04-20,3.0799999237060547,3.0799999237060547,3.0399999618530273,3.0399999618530273,3.0399999618530273,1125
2009-04-21,3.0399999618530273,4.0,3.0399999618530273,3.5999999046325684,3.5999999046325684,15350
2009-04-22,3.759999990463257,3.880000114440918,3.5999999046325684,3.5999999046325684,3.5999999046325684,1900
2009-04-23,3.5999999046325684,3.8399999141693115,3.4800000190734863,3.640000104904175,3.640000104904175,2525
2009-04-24,3.680000066757202,3.680000066757202,3.680000066757202,3.680000066757202,3.680000066757202,1050
2009-04-27,3.2799999713897705,3.680000066757202,3.2799999713897705,3.5199999809265137,3.5199999809265137,3075
2009-04-28,3.5199999809265137,3.559999942779541,3.4800000190734863,3.559999942779541,3.559999942779541,450
2009-04-29,3.5199999809265137,3.640000104904175,3.4000000953674316,3.4000000953674316,3.4000000953674316,3325
2009-04-30,3.559999942779541,3.799999952316284,3.359999895095825,3.5999999046325684,3.5999999046325684,3875
2009-05-01,3.359999895095825,3.5999999046325684,3.359999895095825,3.5999999046325684,3.5999999046325684,200
2009-05-04,3.5999999046325684,3.640000104904175,3.4800000190734863,3.640000104904175,3.640000104904175,3525
2009-05-05,3.5999999046325684,3.759999990463257,3.4800000190734863,3.5999999046325684,3.5999999046325684,2450
2009-05-06,3.5999999046325684,3.5999999046325684,3.5199999809265137,3.5999999046325684,3.5999999046325684,2675
2009-05-07,3.5999999046325684,3.5999999046325684,3.5999999046325684,3.5999999046325684,3.5999999046325684,425
2009-05-08,3.4800000190734863,9.880000114440918,3.4800000190734863,4.800000190734863,4.800000190734863,29525
2009-05-11,5.28000020980835,5.28000020980835,4.199999809265137,4.320000171661377,4.320000171661377,13125
2009-05-12,4.800000190734863,5.199999809265137,4.440000057220459,4.800000190734863,4.800000190734863,6850
2009-05-13,5.679999828338623,5.679999828338623,4.0,5.0,5.0,16700
2009-05-14,4.800000190734863,5.320000171661377,4.639999866485596,5.0,5.0,20075
2009-05-15,5.119999885559082,5.199999809265137,4.800000190734863,4.800000190734863,4.800000190734863,14675
2009-05-18,4.960000038146973,5.800000190734863,4.800000190734863,5.0,5.0,4400
2009-05-19,5.519999980926514,5.519999980926514,4.920000076293945,5.199999809265137,5.199999809265137,2050
2009-05-20,5.519999980926514,5.519999980926514,5.199999809265137,5.400000095367432,5.400000095367432,1125
2009-05-21,5.199999809265137,5.199999809265137,4.800000190734863,5.0,5.0,3925
2009-05-22,5.199999809265137,5.199999809265137,4.920000076293945,4.920000076293945,4.920000076293945,1150
2009-05-26,5.119999885559082,5.119999885559082,4.840000152587891,4.840000152587891,4.840000152587891,1150
2009-05-27,4.71999979019165,4.880000114440918,4.239999771118164,4.400000095367432,4.400000095367432,7800
2009-05-28,4.519999980926514,4.71999979019165,4.320000171661377,4.599999904632568,4.599999904632568,22425
2009-05-29,4.800000190734863,4.800000190734863,4.400000095367432,4.599999904632568,4.599999904632568,1825
2009-06-01,4.800000190734863,4.800000190734863,4.519999980926514,4.800000190734863,4.800000190734863,1175
2009-06-02,4.639999866485596,4.800000190734863,4.599999904632568,4.639999866485596,4.639999866485596,1575
2009-06-03,4.679999828338623,4.800000190734863,4.599999904632568,4.800000190734863,4.800000190734863,1875
2009-06-04,4.800000190734863,4.800000190734863,4.599999904632568,4.800000190734863,4.800000190734863,1150
2009-06-05,4.800000190734863,4.800000190734863,4.239999771118164,4.800000190734863,4.800000190734863,2325
2009-06-08,4.679999828338623,4.800000190734863,4.320000171661377,4.760000228881836,4.760000228881836,750
2009-06-09,4.239999771118164,4.760000228881836,4.239999771118164,4.760000228881836,4.760000228881836,700
2009-06-10,4.039999961853027,4.760000228881836,4.0,4.400000095367432,4.400000095367432,5075
2009-06-11,4.559999942779541,4.800000190734863,4.559999942779541,4.800000190734863,4.800000190734863,4600
2009-06-12,4.360000133514404,5.0,4.28000020980835,5.0,5.0,51575
2009-06-15,5.0,5.0,4.400000095367432,4.800000190734863,4.800000190734863,5025
2009-06-16,5.0,5.0,4.599999904632568,4.800000190734863,4.800000190734863,1325
2009-06-17,4.920000076293945,5.0,4.920000076293945,4.960000038146973,4.960000038146973,975
2009-06-18,5.0,5.0,4.800000190734863,4.800000190734863,4.800000190734863,275
2009-06-19,4.920000076293945,4.920000076293945,4.920000076293945,4.920000076293945,4.920000076293945,125
2009-06-22,4.800000190734863,4.880000114440918,4.199999809265137,4.599999904632568,4.599999904632568,1825
2009-06-23,4.800000190734863,5.0,4.599999904632568,5.0,5.0,3375
2009-06-24,4.760000228881836,5.599999904632568,4.760000228881836,5.28000020980835,5.28000020980835,11275
2009-06-25,5.0,5.519999980926514,5.0,5.239999771118164,5.239999771118164,14875
2009-06-26,5.239999771118164,5.760000228881836,4.800000190734863,5.199999809265137,5.199999809265137,35750
2009-06-29,5.559999942779541,5.960000038146973,5.199999809265137,5.400000095367432,5.400000095367432,7325
2009-06-30,5.599999904632568,6.159999847412109,5.599999904632568,5.599999904632568,5.599999904632568,23650
2009-07-01,6.0,6.0,5.239999771118164,5.400000095367432,5.400000095367432,3400
2009-07-02,6.599999904632568,6.599999904632568,5.400000095367432,5.599999904632568,5.599999904632568,5075
2009-07-06,5.480000019073486,5.960000038146973,5.039999961853027,5.480000019073486,5.480000019073486,3150
2009-07-07,5.400000095367432,5.400000095367432,5.0,5.199999809265137,5.199999809265137,19050
2009-07-08,5.400000095367432,5.519999980926514,5.119999885559082,5.119999885559082,5.119999885559082,575
2009-07-09,5.199999809265137,5.199999809265137,5.039999961853027,5.159999847412109,5.159999847412109,6400
2009-07-10,5.28000020980835,5.760000228881836,5.0,5.760000228881836,5.760000228881836,4775
2009-07-13,5.320000171661377,5.519999980926514,5.239999771118164,5.480000019073486,5.480000019073486,4450
2009-07-14,5.599999904632568,5.679999828338623,5.320000171661377,5.559999942779541,5.559999942779541,6300
2009-07-15,5.440000057220459,5.920000076293945,5.440000057220459,5.800000190734863,5.800000190734863,13275
2009-07-16,6.920000076293945,6.920000076293945,6.0,6.599999904632568,6.599999904632568,9750
2009-07-17,6.960000038146973,6.960000038146973,6.400000095367432,6.599999904632568,6.599999904632568,2850
2009-07-20,6.800000190734863,6.800000190734863,6.400000095367432,6.679999828338623,6.679999828338623,2625
2009-07-21,6.800000190734863,6.960000038146973,5.760000228881836,6.599999904632568,6.599999904632568,9275
2009-07-22,6.480000019073486,6.800000190734863,5.800000190734863,6.760000228881836,6.760000228881836,7950
2009-07-23,6.920000076293945,7.239999771118164,6.199999809265137,6.519999980926514,6.519999980926514,4150
2009-07-24,6.0,6.71999979019165,6.0,6.199999809265137,6.199999809265137,4850
2009-07-27,6.320000171661377,6.800000190734863,6.320000171661377,6.599999904632568,6.599999904632568,975
2009-07-28,6.599999904632568,6.599999904632568,5.920000076293945,6.360000133514404,6.360000133514404,1600
2009-07-29,6.28000020980835,6.599999904632568,6.159999847412109,6.599999904632568,6.599999904632568,1850
2009-07-30,6.440000057220459,6.599999904632568,6.039999961853027,6.159999847412109,6.159999847412109,2675
2009-07-31,6.360000133514404,6.599999904632568,6.360000133514404,6.559999942779541,6.559999942779541,1650
2009-08-03,6.599999904632568,6.599999904632568,6.400000095367432,6.599999904632568,6.599999904632568,400
2009-08-04,6.440000057220459,6.599999904632568,6.159999847412109,6.199999809265137,6.199999809265137,575
2009-08-05,6.400000095367432,6.599999904632568,6.199999809265137,6.599999904632568,6.599999904632568,1300
2009-08-06,6.400000095367432,6.599999904632568,6.079999923706055,6.599999904632568,6.599999904632568,2925
2009-08-07,6.599999904632568,6.800000190734863,6.119999885559082,6.800000190734863,6.800000190734863,2275
2009-08-10,6.0,6.800000190734863,6.0,6.199999809265137,6.199999809265137,9025
2009-08-11,6.400000095367432,6.800000190734863,5.599999904632568,6.71999979019165,6.71999979019165,4825
2009-08-12,6.800000190734863,6.800000190734863,6.599999904632568,6.599999904632568,6.599999904632568,550
2009-08-13,6.400000095367432,6.800000190734863,5.800000190734863,6.559999942779541,6.559999942779541,3550
2009-08-14,6.559999942779541,6.559999942779541,5.800000190734863,6.559999942779541,6.559999942779541,5525
2009-08-17,6.519999980926514,6.599999904632568,6.0,6.0,6.0,38000
2009-08-18,6.199999809265137,6.599999904632568,6.119999885559082,6.199999809265137,6.199999809265137,1050
2009-08-19,6.400000095367432,6.400000095367432,6.0,6.199999809265137,6.199999809265137,1100
2009-08-20,6.079999923706055,6.599999904632568,5.559999942779541,5.639999866485596,5.639999866485596,9275
2009-08-21,5.800000190734863,6.0,5.639999866485596,5.679999828338623,5.679999828338623,1650
2009-08-24,5.880000114440918,6.679999828338623,5.400000095367432,6.0,6.0,14875
2009-08-25,6.119999885559082,6.360000133514404,5.320000171661377,6.0,6.0,3950
2009-08-26,5.840000152587891,6.0,5.800000190734863,5.800000190734863,5.800000190734863,1775
2009-08-27,5.639999866485596,6.320000171661377,5.400000095367432,6.320000171661377,6.320000171661377,6300
2009-08-28,6.559999942779541,6.599999904632568,5.920000076293945,5.920000076293945,5.920000076293945,2100
2009-08-31,6.239999771118164,6.599999904632568,5.320000171661377,5.760000228881836,5.760000228881836,19075
2009-09-01,5.559999942779541,6.400000095367432,5.440000057220459,6.400000095367432,6.400000095367432,2050
2009-09-02,6.0,6.599999904632568,5.840000152587891,6.400000095367432,6.400000095367432,3950
2009-09-03,6.199999809265137,6.199999809265137,5.880000114440918,6.199999809265137,6.199999809265137,1325
2009-09-04,6.0,6.400000095367432,5.840000152587891,6.199999809265137,6.199999809265137,975
2009-09-08,6.159999847412109,6.400000095367432,6.0,6.159999847412109,6.159999847412109,6000
2009-09-09,6.159999847412109,6.320000171661377,6.159999847412109,6.199999809265137,6.199999809265137,1925
2009-09-10,6.0,6.760000228881836,6.0,6.360000133514404,6.360000133514404,2025
2009-09-11,6.159999847412109,6.320000171661377,5.960000038146973,5.960000038146973,5.960000038146973,3425
2009-09-14,6.039999961853027,6.360000133514404,5.880000114440918,5.880000114440918,5.880000114440918,1975
2009-09-15,5.960000038146973,6.079999923706055,5.400000095367432,5.440000057220459,5.440000057220459,12850
2009-09-16,5.480000019073486,6.199999809265137,5.480000019073486,6.0,6.0,15125
2009-09-17,6.559999942779541,6.559999942779541,5.599999904632568,5.800000190734863,5.800000190734863,11650
2009-09-18,5.679999828338623,6.320000171661377,5.599999904632568,6.119999885559082,6.119999885559082,6650
2009-09-21,5.920000076293945,6.119999885559082,5.599999904632568,5.920000076293945,5.920000076293945,4950
2009-09-22,5.920000076293945,5.920000076293945,5.920000076293945,5.920000076293945,5.920000076293945,0
2009-09-23,5.760000228881836,5.880000114440918,5.519999980926514,5.880000114440918,5.880000114440918,6775
2009-09-24,5.880000114440918,5.880000114440918,5.880000114440918,5.880000114440918,5.880000114440918,0
2009-09-25,5.639999866485596,5.639999866485596,5.440000057220459,5.599999904632568,5.599999904632568,2475
2009-09-28,5.760000228881836,5.880000114440918,5.360000133514404,5.360000133514404,5.360000133514404,1600
2009-09-29,5.199999809265137,5.519999980926514,4.599999904632568,5.0,5.0,26775
2009-09-30,4.599999904632568,5.079999923706055,4.599999904632568,4.880000114440918,4.880000114440918,12350
2009-10-01,4.800000190734863,4.800000190734863,4.239999771118164,4.800000190734863,4.800000190734863,25025
2009-10-02,4.840000152587891,5.360000133514404,4.840000152587891,5.360000133514404,5.360000133514404,700
2009-10-05,5.320000171661377,5.320000171661377,4.440000057220459,5.119999885559082,5.119999885559082,6425
2009-10-06,5.0,5.0,4.679999828338623,4.760000228881836,4.760000228881836,6875
2009-10-07,4.400000095367432,4.800000190734863,4.400000095367432,4.639999866485596,4.639999866485596,1050
2009-10-08,4.400000095367432,4.599999904632568,4.199999809265137,4.320000171661377,4.320000171661377,11575
2009-10-09,4.480000019073486,4.519999980926514,4.480000019073486,4.519999980926514,4.519999980926514,825
2009-10-12,4.400000095367432,5.0,4.28000020980835,4.760000228881836,4.760000228881836,241400
2009-10-13,4.800000190734863,5.199999809265137,4.760000228881836,4.960000038146973,4.960000038146973,2850
2009-10-14,4.760000228881836,5.199999809265137,4.639999866485596,5.199999809265137,5.199999809265137,7425
2009-10-15,5.199999809265137,5.199999809265137,4.800000190734863,5.159999847412109,5.159999847412109,1550
2009-10-16,4.960000038146973,4.960000038146973,4.679999828338623,4.800000190734863,4.800000190734863,9275
2009-10-19,4.639999866485596,4.880000114440918,4.639999866485596,4.880000114440918,4.880000114440918,475
2009-10-20,5.119999885559082,5.119999885559082,4.800000190734863,4.960000038146973,4.960000038146973,1525
2009-10-21,4.760000228881836,4.760000228881836,4.760000228881836,4.760000228881836,4.760000228881836,25
2009-10-22,5.119999885559082,5.119999885559082,4.800000190734863,4.920000076293945,4.920000076293945,4500
2009-10-23,4.71999979019165,5.0,4.599999904632568,5.0,5.0,1225
2009-10-26,4.800000190734863,4.800000190734863,4.28000020980835,4.599999904632568,4.599999904632568,4075
2009-10-27,4.639999866485596,4.920000076293945,4.360000133514404,4.599999904632568,4.599999904632568,7750
2009-10-28,4.599999904632568,4.599999904632568,4.199999809265137,4.199999809265137,4.199999809265137,6150
2009-10-29,4.599999904632568,4.800000190734863,4.119999885559082,4.119999885559082,4.119999885559082,21075
2009-10-30,4.119999885559082,4.320000171661377,4.039999961853027,4.079999923706055,4.079999923706055,4800
2009-11-02,4.039999961853027,4.800000190734863,4.0,4.199999809265137,4.199999809265137,6500
2009-11-03,4.400000095367432,4.800000190734863,4.400000095367432,4.599999904632568,4.599999904632568,625
2009-11-04,4.71999979019165,4.760000228881836,4.159999847412109,4.71999979019165,4.71999979019165,1100
2009-11-05,4.679999828338623,4.800000190734863,4.320000171661377,4.800000190734863,4.800000190734863,2100
2009-11-06,4.960000038146973,4.960000038146973,4.599999904632568,4.71999979019165,4.71999979019165,3225
2009-11-09,4.519999980926514,4.800000190734863,4.119999885559082,4.400000095367432,4.400000095367432,11875
2009-11-10,4.400000095367432,4.960000038146973,4.159999847412109,4.199999809265137,4.199999809265137,4300
2009-11-11,4.480000019073486,4.960000038146973,4.0,4.360000133514404,4.360000133514404,32800
2009-11-12,4.400000095367432,4.599999904632568,3.680000066757202,4.400000095367432,4.400000095367432,1975
2009-11-13,4.400000095367432,4.400000095367432,3.880000114440918,4.400000095367432,4.400000095367432,8200
2009-11-16,4.039999961853027,4.400000095367432,4.039999961853027,4.28000020980835,4.28000020980835,2625
2009-11-17,4.360000133514404,4.400000095367432,4.199999809265137,4.400000095367432,4.400000095367432,1825
2009-11-18,4.199999809265137,4.400000095367432,4.119999885559082,4.400000095367432,4.400000095367432,1475
2009-11-19,4.239999771118164,4.400000095367432,4.239999771118164,4.400000095367432,4.400000095367432,450
2009-11-20,4.800000190734863,4.800000190734863,4.360000133514404,4.639999866485596,4.639999866485596,2075
2009-11-23,4.760000228881836,4.760000228881836,4.159999847412109,4.440000057220459,4.440000057220459,1600
2009-11-24,4.559999942779541,4.599999904632568,4.039999961853027,4.480000019073486,4.480000019073486,9925
2009-11-25,4.28000020980835,4.519999980926514,4.0,4.039999961853027,4.039999961853027,10275
2009-11-27,4.400000095367432,4.400000095367432,4.0,4.0,4.0,4925
2009-11-30,4.239999771118164,4.440000057220459,3.799999952316284,4.440000057220459,4.440000057220459,56500
2009-12-01,4.480000019073486,4.800000190734863,4.400000095367432,4.559999942779541,4.559999942779541,2925
2009-12-02,4.599999904632568,4.800000190734863,4.320000171661377,4.400000095367432,4.400000095367432,43325
2009-12-03,4.400000095367432,4.760000228881836,4.28000020980835,4.599999904632568,4.599999904632568,11150
2009-12-04,4.599999904632568,4.599999904632568,3.9600000381469727,4.320000171661377,4.320000171661377,24025
2009-12-07,4.199999809265137,4.400000095367432,4.079999923706055,4.360000133514404,4.360000133514404,875
2009-12-08,4.199999809265137,4.320000171661377,3.640000104904175,4.199999809265137,4.199999809265137,7450
2009-12-09,4.079999923706055,4.159999847412109,4.079999923706055,4.159999847412109,4.159999847412109,150
2009-12-10,4.079999923706055,4.239999771118164,3.8399999141693115,3.9600000381469727,3.9600000381469727,357750
2009-12-11,4.119999885559082,4.559999942779541,4.0,4.199999809265137,4.199999809265137,55275
2009-12-14,4.28000020980835,4.559999942779541,4.28000020980835,4.320000171661377,4.320000171661377,8850
2009-12-15,4.400000095367432,4.519999980926514,4.320000171661377,4.320000171661377,4.320000171661377,7650
2009-12-16,4.360000133514404,4.599999904632568,4.360000133514404,4.519999980926514,4.519999980926514,11400
2009-12-17,4.559999942779541,4.559999942779541,4.320000171661377,4.320000171661377,4.320000171661377,4150
2009-12-18,4.400000095367432,4.599999904632568,4.320000171661377,4.320000171661377,4.320000171661377,825
2009-12-21,4.28000020980835,4.28000020980835,4.0,4.199999809265137,4.199999809265137,8325
2009-12-22,4.079999923706055,4.320000171661377,4.079999923706055,4.199999809265137,4.199999809265137,21525
2009-12-23,4.039999961853027,4.360000133514404,4.039999961853027,4.360000133514404,4.360000133514404,3500
2009-12-24,4.199999809265137,4.480000019073486,4.079999923706055,4.400000095367432,4.400000095367432,7150
2009-12-28,4.519999980926514,4.519999980926514,4.079999923706055,4.320000171661377,4.320000171661377,7600
2009-12-29,4.28000020980835,4.320000171661377,4.159999847412109,4.159999847412109,4.159999847412109,8150
2009-12-30,4.400000095367432,4.400000095367432,4.159999847412109,4.159999847412109,4.159999847412109,1975
2009-12-31,4.199999809265137,4.519999980926514,4.159999847412109,4.519999980926514,4.519999980926514,25150
2010-01-04,4.480000019073486,4.599999904632568,4.360000133514404,4.599999904632568,4.599999904632568,950
2010-01-05,4.519999980926514,4.599999904632568,4.400000095367432,4.599999904632568,4.599999904632568,350
2010-01-06,4.440000057220459,4.519999980926514,4.239999771118164,4.239999771118164,4.239999771118164,2375
2010-01-07,4.400000095367432,4.519999980926514,4.400000095367432,4.480000019073486,4.480000019073486,1075
2010-01-08,4.400000095367432,4.559999942779541,4.320000171661377,4.559999942779541,4.559999942779541,6550
2010-01-11,4.480000019073486,4.559999942779541,4.400000095367432,4.480000019073486,4.480000019073486,3550
2010-01-12,4.559999942779541,4.599999904632568,4.400000095367432,4.519999980926514,4.519999980926514,7075
2010-01-13,4.440000057220459,5.199999809265137,4.400000095367432,4.599999904632568,4.599999904632568,22325
2010-01-14,4.639999866485596,4.840000152587891,4.519999980926514,4.71999979019165,4.71999979019165,8250
2010-01-15,4.71999979019165,4.960000038146973,4.559999942779541,4.679999828338623,4.679999828338623,2525
2010-01-19,4.599999904632568,4.800000190734863,4.519999980926514,4.599999904632568,4.599999904632568,7400
2010-01-20,4.599999904632568,4.880000114440918,4.519999980926514,4.760000228881836,4.760000228881836,3175
2010-01-21,4.760000228881836,4.760000228881836,4.639999866485596,4.679999828338623,4.679999828338623,475
2010-01-22,4.800000190734863,4.800000190734863,4.559999942779541,4.800000190734863,4.800000190734863,7200
2010-01-25,4.800000190734863,5.0,4.679999828338623,4.960000038146973,4.960000038146973,4475
2010-01-26,4.800000190734863,4.960000038146973,4.599999904632568,4.960000038146973,4.960000038146973,31425
2010-01-27,4.800000190734863,4.880000114440918,4.760000228881836,4.880000114440918,4.880000114440918,2050
2010-01-28,4.840000152587891,4.960000038146973,4.800000190734863,4.880000114440918,4.880000114440918,625
2010-01-29,4.71999979019165,4.880000114440918,4.71999979019165,4.880000114440918,4.880000114440918,2550
2010-02-01,5.0,5.800000190734863,4.960000038146973,5.199999809265137,5.199999809265137,10175
2010-02-02,5.320000171661377,5.360000133514404,4.71999979019165,5.28000020980835,5.28000020980835,1275
2010-02-03,5.400000095367432,5.400000095367432,5.28000020980835,5.320000171661377,5.320000171661377,1500
2010-02-04,5.079999923706055,5.239999771118164,4.880000114440918,5.119999885559082,5.119999885559082,1575
2010-02-05,4.960000038146973,5.199999809265137,4.800000190734863,4.920000076293945,4.920000076293945,2325
2010-02-08,4.920000076293945,4.920000076293945,4.840000152587891,4.840000152587891,4.840000152587891,1250
2010-02-09,5.0,5.159999847412109,5.0,5.159999847412109,5.159999847412109,675
2010-02-10,4.880000114440918,5.119999885559082,4.840000152587891,5.119999885559082,5.119999885559082,975
2010-02-11,5.119999885559082,5.360000133514404,4.840000152587891,5.360000133514404,5.360000133514404,10650
2010-02-12,5.400000095367432,5.559999942779541,5.0,5.440000057220459,5.440000057220459,26750
2010-02-16,5.440000057220459,5.440000057220459,5.199999809265137,5.239999771118164,5.239999771118164,7025
2010-02-17,5.519999980926514,5.519999980926514,5.0,5.28000020980835,5.28000020980835,5925
2010-02-18,5.360000133514404,5.360000133514404,4.880000114440918,5.119999885559082,5.119999885559082,11700
2010-02-19,4.960000038146973,5.360000133514404,4.840000152587891,5.199999809265137,5.199999809265137,3450
2010-02-22,5.199999809265137,5.199999809265137,4.679999828338623,5.079999923706055,5.079999923706055,10275
2010-02-23,5.039999961853027,5.079999923706055,4.800000190734863,4.880000114440918,4.880000114440918,33700
2010-02-24,4.920000076293945,5.159999847412109,4.71999979019165,5.119999885559082,5.119999885559082,6625
2010-02-25,5.079999923706055,5.199999809265137,4.800000190734863,5.039999961853027,5.039999961853027,4425
2010-02-26,4.880000114440918,5.119999885559082,4.800000190734863,4.960000038146973,4.960000038146973,4875
2010-03-01,5.0,5.119999885559082,5.0,5.039999961853027,5.039999961853027,5125
2010-03-02,4.960000038146973,5.119999885559082,4.920000076293945,5.119999885559082,5.119999885559082,600
2010-03-03,5.079999923706055,5.599999904632568,5.039999961853027,5.559999942779541,5.559999942779541,11075
2010-03-04,5.480000019073486,5.599999904632568,5.400000095367432,5.480000019073486,5.480000019073486,2250
2010-03-05,5.360000133514404,5.519999980926514,5.079999923706055,5.519999980926514,5.519999980926514,975
2010-03-08,5.28000020980835,5.599999904632568,5.28000020980835,5.599999904632568,5.599999904632568,2425
2010-03-09,5.599999904632568,5.599999904632568,5.28000020980835,5.400000095367432,5.400000095367432,2975
2010-03-10,5.28000020980835,5.599999904632568,5.239999771118164,5.559999942779541,5.559999942779541,8425
2010-03-11,5.559999942779541,6.559999942779541,5.400000095367432,5.960000038146973,5.960000038146973,109900
2010-03-12,5.679999828338623,6.159999847412109,5.599999904632568,5.800000190734863,5.800000190734863,25100
2010-03-15,5.800000190734863,6.320000171661377,5.800000190734863,6.199999809265137,6.199999809265137,14400
2010-03-16,6.079999923706055,6.199999809265137,5.71999979019165,6.079999923706055,6.079999923706055,16375
2010-03-17,6.079999923706055,6.119999885559082,5.800000190734863,6.079999923706055,6.079999923706055,5525
2010-03-18,6.0,6.0,5.480000019073486,5.71999979019165,5.71999979019165,11425
2010-03-19,5.159999847412109,5.679999828338623,5.159999847412109,5.159999847412109,5.159999847412109,3200
2010-03-22,5.159999847412109,5.400000095367432,4.840000152587891,5.239999771118164,5.239999771118164,8925
2010-03-23,5.159999847412109,5.360000133514404,5.159999847412109,5.159999847412109,5.159999847412109,6500
2010-03-24,5.199999809265137,5.199999809265137,5.119999885559082,5.159999847412109,5.159999847412109,3475
2010-03-25,5.079999923706055,5.519999980926514,5.079999923706055,5.480000019073486,5.480000019073486,9550
2010-03-26,5.440000057220459,5.440000057220459,5.239999771118164,5.320000171661377,5.320000171661377,2350
2010-03-29,5.199999809265137,5.400000095367432,5.159999847412109,5.360000133514404,5.360000133514404,3550
2010-03-30,5.28000020980835,5.28000020980835,5.119999885559082,5.119999885559082,5.119999885559082,950
2010-03-31,5.079999923706055,5.199999809265137,5.079999923706055,5.119999885559082,5.119999885559082,2700
2010-04-01,5.079999923706055,5.119999885559082,5.0,5.0,5.0,3750
2010-04-05,4.920000076293945,5.199999809265137,4.880000114440918,4.880000114440918,4.880000114440918,5625
2010-04-06,4.880000114440918,5.199999809265137,4.800000190734863,5.119999885559082,5.119999885559082,3275
2010-04-07,5.0,5.320000171661377,5.0,5.28000020980835,5.28000020980835,6925
2010-04-08,5.159999847412109,5.159999847412109,5.039999961853027,5.159999847412109,5.159999847412109,3750
2010-04-09,5.119999885559082,5.159999847412109,5.079999923706055,5.079999923706055,5.079999923706055,6850
2010-04-12,5.119999885559082,5.119999885559082,5.079999923706055,5.119999885559082,5.119999885559082,6000
2010-04-13,5.159999847412109,5.28000020980835,4.960000038146973,5.159999847412109,5.159999847412109,2400
2010-04-14,5.159999847412109,5.159999847412109,4.880000114440918,5.0,5.0,7425
2010-04-15,5.0,5.0,4.840000152587891,4.880000114440918,4.880000114440918,1375
2010-04-16,5.0,5.0,4.71999979019165,5.0,5.0,5375
2010-04-19,4.960000038146973,5.079999923706055,4.800000190734863,5.079999923706055,5.079999923706055,1750
2010-04-20,5.119999885559082,5.119999885559082,5.119999885559082,5.119999885559082,5.119999885559082,1500
2010-04-21,5.119999885559082,5.119999885559082,5.119999885559082,5.119999885559082,5.119999885559082,0
2010-04-22,5.0,5.119999885559082,4.760000228881836,4.960000038146973,4.960000038146973,5900
2010-04-23,4.960000038146973,5.0,4.760000228881836,4.760000228881836,4.760000228881836,4325
2010-04-26,4.840000152587891,4.840000152587891,4.440000057220459,4.800000190734863,4.800000190734863,11375
2010-04-27,4.800000190734863,5.0,4.760000228881836,4.800000190734863,4.800000190734863,6150
2010-04-28,4.880000114440918,5.119999885559082,4.800000190734863,4.880000114440918,4.880000114440918,3125
2010-04-29,5.0,5.119999885559082,5.0,5.0,5.0,4375
2010-04-30,5.0,5.159999847412109,5.0,5.079999923706055,5.079999923706055,4450
2010-05-03,5.0,5.0,4.760000228881836,4.960000038146973,4.960000038146973,7125
2010-05-04,4.880000114440918,5.159999847412109,4.880000114440918,5.0,5.0,3100
2010-05-05,5.0,5.039999961853027,4.960000038146973,5.0,5.0,2025
2010-05-06,5.0,5.079999923706055,4.840000152587891,5.079999923706055,5.079999923706055,775
2010-05-07,5.079999923706055,5.079999923706055,5.079999923706055,5.079999923706055,5.079999923706055,0
2010-05-10,5.079999923706055,5.159999847412109,4.800000190734863,5.159999847412109,5.159999847412109,3700
2010-05-11,5.0,5.079999923706055,4.880000114440918,5.079999923706055,5.079999923706055,1900
2010-05-12,5.239999771118164,5.599999904632568,5.159999847412109,5.400000095367432,5.400000095367432,9350
2010-05-13,5.559999942779541,5.559999942779541,4.960000038146973,4.960000038146973,4.960000038146973,11575
2010-05-14,4.840000152587891,5.119999885559082,4.800000190734863,4.840000152587891,4.840000152587891,7150
2010-05-17,4.840000152587891,5.0,4.800000190734863,5.0,5.0,2725
2010-05-18,5.239999771118164,5.360000133514404,5.0,5.360000133514404,5.360000133514404,16450
2010-05-19,5.199999809265137,5.199999809265137,4.920000076293945,5.0,5.0,5625
2010-05-20,5.039999961853027,5.119999885559082,5.0,5.079999923706055,5.079999923706055,1675
2010-05-21,5.0,5.039999961853027,5.0,5.039999961853027,5.039999961853027,2550
2010-05-24,5.0,5.039999961853027,5.0,5.0,5.0,5550
2010-05-25,4.920000076293945,5.0,4.920000076293945,4.960000038146973,4.960000038146973,1750
2010-05-26,5.239999771118164,5.239999771118164,5.0,5.0,5.0,2325
2010-05-27,5.079999923706055,5.079999923706055,4.880000114440918,4.960000038146973,4.960000038146973,3550
2010-05-28,5.0,5.0,4.639999866485596,4.679999828338623,4.679999828338623,9350
2010-06-01,4.679999828338623,4.760000228881836,4.679999828338623,4.71999979019165,4.71999979019165,1350
2010-06-02,4.840000152587891,4.840000152587891,4.71999979019165,4.71999979019165,4.71999979019165,975
2010-06-03,4.71999979019165,4.800000190734863,4.71999979019165,4.800000190734863,4.800000190734863,3100
2010-06-04,4.760000228881836,4.840000152587891,4.760000228881836,4.760000228881836,4.760000228881836,4025
2010-06-07,4.679999828338623,4.679999828338623,4.599999904632568,4.599999904632568,4.599999904632568,2800
2010-06-08,4.599999904632568,4.599999904632568,4.159999847412109,4.199999809265137,4.199999809265137,15600
2010-06-09,4.28000020980835,4.28000020980835,3.9600000381469727,4.159999847412109,4.159999847412109,94825
2010-06-10,4.119999885559082,4.360000133514404,4.119999885559082,4.239999771118164,4.239999771118164,2175
2010-06-11,4.119999885559082,4.28000020980835,3.9200000762939453,3.9200000762939453,3.9200000762939453,7250
2010-06-14,4.559999942779541,4.840000152587891,4.119999885559082,4.599999904632568,4.599999904632568,4700
2010-06-15,4.71999979019165,4.800000190734863,4.639999866485596,4.71999979019165,4.71999979019165,3300
2010-06-16,4.760000228881836,4.760000228881836,4.519999980926514,4.519999980926514,4.519999980926514,325
2010-06-17,4.519999980926514,4.519999980926514,4.199999809265137,4.199999809265137,4.199999809265137,1350
2010-06-18,4.039999961853027,4.400000095367432,4.0,4.400000095367432,4.400000095367432,5225
2010-06-21,4.360000133514404,4.400000095367432,4.239999771118164,4.400000095367432,4.400000095367432,250
2010-06-22,4.480000019073486,4.480000019073486,4.199999809265137,4.320000171661377,4.320000171661377,1375
2010-06-23,4.400000095367432,4.519999980926514,4.320000171661377,4.519999980926514,4.519999980926514,16025
2010-06-24,4.519999980926514,4.519999980926514,4.519999980926514,4.519999980926514,4.519999980926514,3225
2010-06-25,4.480000019073486,4.599999904632568,4.400000095367432,4.480000019073486,4.480000019073486,11450
2010-06-28,4.760000228881836,4.760000228881836,4.760000228881836,4.760000228881836,4.760000228881836,400
2010-06-29,4.840000152587891,4.840000152587891,4.559999942779541,4.559999942779541,4.559999942779541,1100
2010-06-30,4.480000019073486,4.599999904632568,4.480000019073486,4.599999904632568,4.599999904632568,2375
2010-07-01,4.480000019073486,4.480000019073486,4.400000095367432,4.440000057220459,4.440000057220459,5175
2010-07-02,4.400000095367432,4.71999979019165,4.400000095367432,4.679999828338623,4.679999828338623,3300
2010-07-06,4.760000228881836,4.760000228881836,4.28000020980835,4.360000133514404,4.360000133514404,7575
2010-07-07,4.28000020980835,4.320000171661377,4.0,4.199999809265137,4.199999809265137,3975
2010-07-08,4.199999809265137,4.199999809265137,4.039999961853027,4.159999847412109,4.159999847412109,5700
2010-07-09,4.239999771118164,4.239999771118164,4.199999809265137,4.199999809265137,4.199999809265137,1275
2010-07-12,4.199999809265137,4.599999904632568,4.199999809265137,4.28000020980835,4.28000020980835,2150
2010-07-13,4.28000020980835,4.400000095367432,4.28000020980835,4.28000020980835,4.28000020980835,4175
2010-07-14,4.320000171661377,4.320000171661377,4.28000020980835,4.28000020980835,4.28000020980835,200
2010-07-15,4.28000020980835,4.28000020980835,4.28000020980835,4.28000020980835,4.28000020980835,1325
2010-07-16,4.28000020980835,4.28000020980835,4.28000020980835,4.28000020980835,4.28000020980835,0
2010-07-19,4.199999809265137,4.28000020980835,4.199999809265137,4.28000020980835,4.28000020980835,4375
2010-07-20,4.28000020980835,4.320000171661377,4.28000020980835,4.28000020980835,4.28000020980835,475
2010-07-21,4.28000020980835,4.320000171661377,4.28000020980835,4.28000020980835,4.28000020980835,3750
2010-07-22,4.360000133514404,4.480000019073486,4.320000171661377,4.320000171661377,4.320000171661377,2375
2010-07-23,4.320000171661377,4.320000171661377,4.320000171661377,4.320000171661377,4.320000171661377,0
2010-07-26,4.320000171661377,4.320000171661377,4.320000171661377,4.320000171661377,4.320000171661377,0
2010-07-27,4.199999809265137,4.360000133514404,4.199999809265137,4.360000133514404,4.360000133514404,1300
2010-07-28,4.239999771118164,4.519999980926514,4.199999809265137,4.519999980926514,4.519999980926514,1275
2010-07-29,4.519999980926514,4.519999980926514,4.519999980926514,4.519999980926514,4.519999980926514,0
2010-07-30,4.519999980926514,4.599999904632568,4.519999980926514,4.559999942779541,4.559999942779541,325
2010-08-02,4.599999904632568,4.599999904632568,4.320000171661377,4.519999980926514,4.519999980926514,1425
2010-08-03,4.239999771118164,4.519999980926514,4.199999809265137,4.360000133514404,4.360000133514404,5950
2010-08-04,4.440000057220459,4.480000019073486,4.400000095367432,4.400000095367432,4.400000095367432,1425
2010-08-05,4.480000019073486,5.159999847412109,4.480000019073486,4.960000038146973,4.960000038146973,9125
2010-08-06,4.679999828338623,4.840000152587891,4.679999828338623,4.760000228881836,4.760000228881836,1125
2010-08-09,4.760000228881836,4.800000190734863,4.519999980926514,4.639999866485596,4.639999866485596,2625
2010-08-10,4.679999828338623,4.920000076293945,4.679999828338623,4.880000114440918,4.880000114440918,1700
2010-08-11,4.880000114440918,5.199999809265137,4.800000190734863,5.119999885559082,5.119999885559082,6150
2010-08-12,5.159999847412109,5.159999847412109,4.880000114440918,4.960000038146973,4.960000038146973,3400
2010-08-13,4.960000038146973,5.239999771118164,4.960000038146973,5.199999809265137,5.199999809265137,22200
2010-08-16,5.199999809265137,5.360000133514404,5.199999809265137,5.28000020980835,5.28000020980835,19650
2010-08-17,5.199999809265137,5.239999771118164,5.0,5.199999809265137,5.199999809265137,14100
2010-08-18,5.28000020980835,5.360000133514404,5.28000020980835,5.360000133514404,5.360000133514404,950
2010-08-19,5.320000171661377,5.320000171661377,5.320000171661377,5.320000171661377,5.320000171661377,175
2010-08-20,5.28000020980835,5.28000020980835,5.199999809265137,5.239999771118164,5.239999771118164,3575
2010-08-23,5.199999809265137,5.199999809265137,4.880000114440918,5.199999809265137,5.199999809265137,8425
2010-08-24,5.239999771118164,5.239999771118164,4.960000038146973,5.039999961853027,5.039999961853027,2425
2010-08-25,5.159999847412109,5.199999809265137,5.039999961853027,5.039999961853027,5.039999961853027,3375
2010-08-26,5.0,5.0,5.0,5.0,5.0,50
2010-08-27,4.960000038146973,5.159999847412109,4.519999980926514,4.71999979019165,4.71999979019165,2050
2010-08-30,4.760000228881836,5.159999847412109,4.760000228881836,4.920000076293945,4.920000076293945,7150
2010-08-31,5.0,5.039999961853027,5.0,5.039999961853027,5.039999961853027,1675
2010-09-01,5.0,5.039999961853027,4.800000190734863,5.0,5.0,5425
2010-09-02,5.079999923706055,5.079999923706055,4.71999979019165,5.0,5.0,3800
2010-09-03,5.119999885559082,5.159999847412109,5.0,5.079999923706055,5.079999923706055,1250
2010-09-07,5.0,5.079999923706055,5.0,5.0,5.0,4300
2010-09-08,5.079999923706055,5.159999847412109,5.0,5.159999847412109,5.159999847412109,8375
2010-09-09,5.159999847412109,5.199999809265137,5.159999847412109,5.199999809265137,5.199999809265137,2750
2010-09-10,5.119999885559082,5.199999809265137,5.119999885559082,5.199999809265137,5.199999809265137,1775
2010-09-13,5.0,5.199999809265137,5.0,5.079999923706055,5.079999923706055,2300
2010-09-14,5.079999923706055,5.079999923706055,5.079999923706055,5.079999923706055,5.079999923706055,0
2010-09-15,5.159999847412109,5.159999847412109,5.079999923706055,5.079999923706055,5.079999923706055,525
2010-09-16,5.119999885559082,5.199999809265137,5.119999885559082,5.199999809265137,5.199999809265137,2925
2010-09-17,5.119999885559082,5.119999885559082,5.119999885559082,5.119999885559082,5.119999885559082,400
2010-09-20,5.039999961853027,5.119999885559082,5.0,5.0,5.0,2375
2010-09-21,5.0,5.039999961853027,4.960000038146973,5.039999961853027,5.039999961853027,1250
2010-09-22,5.199999809265137,5.320000171661377,4.840000152587891,5.0,5.0,13100
2010-09-23,4.880000114440918,5.0,4.480000019073486,4.599999904632568,4.599999904632568,13250
2010-09-24,4.599999904632568,4.71999979019165,4.519999980926514,4.679999828338623,4.679999828338623,6625
2010-09-27,4.800000190734863,5.079999923706055,4.800000190734863,5.079999923706055,5.079999923706055,2575
2010-09-28,5.039999961853027,5.239999771118164,5.039999961853027,5.239999771118164,5.239999771118164,925
2010-09-29,5.199999809265137,5.199999809265137,4.960000038146973,5.159999847412109,5.159999847412109,3725
2010-09-30,5.159999847412109,5.28000020980835,5.159999847412109,5.199999809265137,5.199999809265137,2075
2010-10-01,5.159999847412109,5.400000095367432,5.079999923706055,5.400000095367432,5.400000095367432,7300
2010-10-04,5.440000057220459,5.440000057220459,5.239999771118164,5.239999771118164,5.239999771118164,1400
2010-10-05,5.400000095367432,5.559999942779541,5.400000095367432,5.440000057220459,5.440000057220459,10700
2010-10-06,5.400000095367432,5.440000057220459,5.320000171661377,5.440000057220459,5.440000057220459,5150
2010-10-07,5.239999771118164,5.480000019073486,5.239999771118164,5.400000095367432,5.400000095367432,6150
2010-10-08,5.440000057220459,5.480000019073486,5.400000095367432,5.400000095367432,5.400000095367432,1625
2010-10-11,5.440000057220459,5.440000057220459,5.400000095367432,5.400000095367432,5.400000095367432,2225
2010-10-12,5.400000095367432,5.480000019073486,5.400000095367432,5.480000019073486,5.480000019073486,4075
2010-10-13,5.480000019073486,5.480000019073486,5.440000057220459,5.440000057220459,5.440000057220459,300
2010-10-14,5.400000095367432,5.440000057220459,5.159999847412109,5.400000095367432,5.400000095367432,6125
2010-10-15,5.400000095367432,5.400000095367432,5.400000095367432,5.400000095367432,5.400000095367432,25
2010-10-18,5.360000133514404,5.440000057220459,5.360000133514404,5.400000095367432,5.400000095367432,1600
2010-10-19,5.400000095367432,5.480000019073486,5.400000095367432,5.400000095367432,5.400000095367432,1650
2010-10-20,5.400000095367432,5.400000095367432,5.400000095367432,5.400000095367432,5.400000095367432,275
2010-10-21,5.28000020980835,5.400000095367432,5.28000020980835,5.320000171661377,5.320000171661377,2250
2010-10-22,5.28000020980835,5.480000019073486,5.0,5.320000171661377,5.320000171661377,5675
2010-10-25,5.28000020980835,5.320000171661377,5.199999809265137,5.320000171661377,5.320000171661377,4400
2010-10-26,5.28000020980835,5.400000095367432,5.28000020980835,5.360000133514404,5.360000133514404,1100
2010-10-27,5.320000171661377,5.400000095367432,5.239999771118164,5.320000171661377,5.320000171661377,7650
2010-10-28,5.199999809265137,5.440000057220459,5.199999809265137,5.400000095367432,5.400000095367432,4075
2010-10-29,5.400000095367432,5.440000057220459,5.360000133514404,5.440000057220459,5.440000057220459,5025
2010-11-01,6.079999923706055,6.079999923706055,5.440000057220459,5.440000057220459,5.440000057220459,3525
2010-11-02,5.440000057220459,5.599999904632568,5.440000057220459,5.559999942779541,5.559999942779541,1750
2010-11-03,5.559999942779541,5.559999942779541,5.440000057220459,5.440000057220459,5.440000057220459,2075
2010-11-04,5.440000057220459,5.480000019073486,5.440000057220459,5.480000019073486,5.480000019073486,3425
2010-11-05,5.440000057220459,5.800000190734863,5.159999847412109,5.679999828338623,5.679999828338623,11075
2010-11-08,5.559999942779541,5.559999942779541,5.400000095367432,5.480000019073486,5.480000019073486,3600
2010-11-09,5.440000057220459,5.679999828338623,5.440000057220459,5.679999828338623,5.679999828338623,5350
2010-11-10,5.679999828338623,6.760000228881836,5.679999828338623,5.71999979019165,5.71999979019165,15000
2010-11-11,5.960000038146973,6.760000228881836,5.960000038146973,6.760000228881836,6.760000228881836,26550
2010-11-12,6.679999828338623,6.679999828338623,6.400000095367432,6.400000095367432,6.400000095367432,22175
2010-11-15,6.400000095367432,6.599999904632568,6.28000020980835,6.599999904632568,6.599999904632568,7400
2010-11-16,6.599999904632568,6.679999828338623,6.360000133514404,6.519999980926514,6.519999980926514,14625
2010-11-17,6.480000019073486,6.480000019073486,6.400000095367432,6.400000095367432,6.400000095367432,1425
2010-11-18,6.440000057220459,6.480000019073486,6.400000095367432,6.480000019073486,6.480000019073486,1800
2010-11-19,6.480000019073486,6.679999828338623,6.480000019073486,6.679999828338623,6.679999828338623,125
2010-11-22,6.71999979019165,6.71999979019165,6.400000095367432,6.480000019073486,6.480000019073486,1850
2010-11-23,6.28000020980835,6.599999904632568,6.28000020980835,6.28000020980835,6.28000020980835,1650
2010-11-24,6.28000020980835,6.639999866485596,6.28000020980835,6.480000019073486,6.480000019073486,1250
2010-11-26,6.400000095367432,6.440000057220459,6.400000095367432,6.440000057220459,6.440000057220459,575
2010-11-29,6.519999980926514,6.599999904632568,6.239999771118164,6.239999771118164,6.239999771118164,6775
2010-11-30,6.199999809265137,6.199999809265137,6.0,6.039999961853027,6.039999961853027,1125
2010-12-01,6.0,6.0,5.320000171661377,5.880000114440918,5.880000114440918,17725
2010-12-02,5.920000076293945,6.519999980926514,5.920000076293945,6.239999771118164,6.239999771118164,2725
2010-12-03,6.480000019073486,6.480000019073486,6.28000020980835,6.440000057220459,6.440000057220459,2675
2010-12-06,6.360000133514404,6.599999904632568,6.199999809265137,6.400000095367432,6.400000095367432,12225
2010-12-07,6.28000020980835,6.599999904632568,6.28000020980835,6.400000095367432,6.400000095367432,4200
2010-12-08,6.559999942779541,6.599999904632568,6.400000095367432,6.400000095367432,6.400000095367432,1900
2010-12-09,6.400000095367432,6.480000019073486,6.400000095367432,6.400000095367432,6.400000095367432,4150
2010-12-10,6.239999771118164,6.440000057220459,6.239999771118164,6.400000095367432,6.400000095367432,6025
2010-12-13,5.480000019073486,6.0,5.480000019073486,5.960000038146973,5.960000038146973,5225
2010-12-14,5.920000076293945,6.599999904632568,5.920000076293945,6.320000171661377,6.320000171661377,6425
2010-12-15,6.320000171661377,6.360000133514404,6.320000171661377,6.320000171661377,6.320000171661377,2500
2010-12-16,6.320000171661377,6.71999979019165,6.320000171661377,6.599999904632568,6.599999904632568,5450
2010-12-17,6.519999980926514,7.199999809265137,6.519999980926514,7.199999809265137,7.199999809265137,9625
2010-12-20,6.880000114440918,7.199999809265137,6.679999828338623,7.079999923706055,7.079999923706055,16925
2010-12-21,7.039999961853027,7.159999847412109,6.71999979019165,6.880000114440918,6.880000114440918,3075
2010-12-22,7.0,7.0,6.920000076293945,6.920000076293945,6.920000076293945,200
2010-12-23,6.960000038146973,7.0,6.760000228881836,6.840000152587891,6.840000152587891,375
2010-12-27,6.760000228881836,6.880000114440918,6.760000228881836,6.840000152587891,6.840000152587891,1200
2010-12-28,6.71999979019165,6.840000152587891,6.639999866485596,6.71999979019165,6.71999979019165,10600
2010-12-29,6.679999828338623,6.679999828338623,6.599999904632568,6.599999904632568,6.599999904632568,2800
2010-12-30,6.800000190734863,6.800000190734863,6.440000057220459,6.760000228881836,6.760000228881836,900
2010-12-31,6.679999828338623,6.760000228881836,6.400000095367432,6.679999828338623,6.679999828338623,5125
2011-01-03,6.800000190734863,6.800000190734863,6.559999942779541,6.71999979019165,6.71999979019165,2775
2011-01-04,6.559999942779541,6.559999942779541,6.440000057220459,6.440000057220459,6.440000057220459,750
2011-01-05,6.760000228881836,7.199999809265137,6.760000228881836,7.0,7.0,15150
2011-01-06,7.159999847412109,7.159999847412109,6.840000152587891,6.960000038146973,6.960000038146973,1875
2011-01-07,7.0,7.079999923706055,6.800000190734863,7.079999923706055,7.079999923706055,2525
2011-01-10,7.400000095367432,7.400000095367432,7.119999885559082,7.119999885559082,7.119999885559082,375
2011-01-11,7.199999809265137,7.400000095367432,7.199999809265137,7.400000095367432,7.400000095367432,12800
2011-01-12,7.400000095367432,7.400000095367432,7.039999961853027,7.400000095367432,7.400000095367432,12725
2011-01-13,7.28000020980835,7.400000095367432,7.28000020980835,7.360000133514404,7.360000133514404,8825
2011-01-14,7.360000133514404,7.599999904632568,7.28000020980835,7.599999904632568,7.599999904632568,8850
2011-01-18,7.599999904632568,7.800000190734863,7.440000057220459,7.800000190734863,7.800000190734863,14325
2011-01-19,7.760000228881836,7.800000190734863,7.599999904632568,7.800000190734863,7.800000190734863,10225
2011-01-20,7.800000190734863,8.199999809265137,7.599999904632568,8.199999809265137,8.199999809265137,12700
2011-01-21,8.119999885559082,8.359999656677246,8.0,8.199999809265137,8.199999809265137,6150
2011-01-24,8.199999809265137,8.399999618530273,8.15999984741211,8.399999618530273,8.399999618530273,25625
2011-01-25,8.479999542236328,8.800000190734863,8.319999694824219,8.720000267028809,8.720000267028809,36025
2011-01-26,8.800000190734863,9.399999618530273,8.800000190734863,9.399999618530273,9.399999618530273,21150
2011-01-27,9.399999618530273,9.760000228881836,9.199999809265137,9.399999618530273,9.399999618530273,24350
2011-01-28,9.600000381469727,9.600000381469727,8.5600004196167,8.5600004196167,8.5600004196167,13025
2011-01-31,8.600000381469727,8.84000015258789,8.5600004196167,8.600000381469727,8.600000381469727,1925
2011-02-01,8.800000190734863,9.15999984741211,8.800000190734863,9.039999961853027,9.039999961853027,3000
2011-02-02,9.119999885559082,9.199999809265137,8.760000228881836,8.880000114440918,8.880000114440918,10250
2011-02-03,8.880000114440918,8.880000114440918,8.880000114440918,8.880000114440918,8.880000114440918,50
2011-02-04,8.800000190734863,9.199999809265137,8.479999542236328,9.199999809265137,9.199999809265137,8700
2011-02-07,9.199999809265137,9.600000381469727,8.680000305175781,9.319999694824219,9.319999694824219,15700
2011-02-08,9.479999542236328,9.960000038146973,9.479999542236328,9.760000228881836,9.760000228881836,17900
2011-02-09,10.039999961853027,10.039999961853027,9.640000343322754,10.0,10.0,11800
2011-02-10,9.84000015258789,10.0,9.680000305175781,9.880000114440918,9.880000114440918,9225
2011-02-11,10.0,10.239999771118164,9.880000114440918,10.039999961853027,10.039999961853027,3800
2011-02-14,10.199999809265137,10.199999809265137,9.399999618530273,9.4399995803833,9.4399995803833,23625
2011-02-15,8.359999656677246,9.399999618530273,8.079999923706055,9.0,9.0,32125
2011-02-16,9.239999771118164,10.0,9.039999961853027,9.319999694824219,9.319999694824219,23700
2011-02-17,9.319999694824219,9.760000228881836,8.4399995803833,9.479999542236328,9.479999542236328,12625
2011-02-18,9.4399995803833,9.479999542236328,8.800000190734863,8.920000076293945,8.920000076293945,15525
2011-02-22,9.15999984741211,10.199999809265137,9.0,9.15999984741211,9.15999984741211,21575
2011-02-23,8.800000190734863,9.279999732971191,8.800000190734863,9.0,9.0,3775
2011-02-24,8.800000190734863,9.079999923706055,8.399999618530273,8.399999618530273,8.399999618530273,8700
2011-02-25,8.199999809265137,9.039999961853027,8.199999809265137,8.84000015258789,8.84000015258789,1800
2011-02-28,8.199999809265137,9.039999961853027,8.199999809265137,9.039999961853027,9.039999961853027,9625
2011-03-01,9.039999961853027,9.5600004196167,8.5600004196167,9.5600004196167,9.5600004196167,8250
2011-03-02,9.600000381469727,9.600000381469727,9.079999923706055,9.5600004196167,9.5600004196167,6600
2011-03-03,9.680000305175781,9.680000305175781,9.520000457763672,9.5600004196167,9.5600004196167,2700
2011-03-04,9.520000457763672,9.520000457763672,9.0,9.4399995803833,9.4399995803833,3475
2011-03-07,9.520000457763672,9.760000228881836,9.4399995803833,9.4399995803833,9.4399995803833,10225
2011-03-08,9.520000457763672,9.800000190734863,9.4399995803833,9.479999542236328,9.479999542236328,4675
2011-03-09,9.680000305175781,10.199999809265137,9.600000381469727,10.199999809265137,10.199999809265137,10450
2011-03-10,10.239999771118164,10.279999732971191,9.880000114440918,9.880000114440918,9.880000114440918,4600
2011-03-11,9.880000114440918,10.039999961853027,9.600000381469727,9.800000190734863,9.800000190734863,11600
2011-03-14,10.0,10.0,9.399999618530273,9.680000305175781,9.680000305175781,6200
2011-03-15,9.680000305175781,10.15999984741211,9.0,10.0,10.0,7500
2011-03-16,10.15999984741211,11.0,10.119999885559082,10.600000381469727,10.600000381469727,54825
2011-03-17,11.039999961853027,11.039999961853027,9.640000343322754,10.079999923706055,10.079999923706055,11150
2011-03-18,10.15999984741211,10.319999694824219,9.800000190734863,10.079999923706055,10.079999923706055,10700
2011-03-21,10.640000343322754,10.640000343322754,10.0,10.359999656677246,10.359999656677246,10400
2011-03-22,10.680000305175781,10.680000305175781,10.079999923706055,10.399999618530273,10.399999618530273,7150
2011-03-23,10.399999618530273,10.399999618530273,10.039999961853027,10.119999885559082,10.119999885559082,6625
2011-03-24,10.359999656677246,11.039999961853027,10.199999809265137,10.880000114440918,10.880000114440918,12575
2011-03-25,11.4399995803833,11.4399995803833,10.600000381469727,10.84000015258789,10.84000015258789,10975
2011-03-28,11.15999984741211,11.15999984741211,10.84000015258789,10.960000038146973,10.960000038146973,12075
2011-03-29,11.079999923706055,11.079999923706055,10.800000190734863,10.800000190734863,10.800000190734863,3450
2011-03-30,10.920000076293945,10.920000076293945,10.720000267028809,10.800000190734863,10.800000190734863,8900
2011-03-31,10.680000305175781,10.880000114440918,10.479999542236328,10.5600004196167,10.5600004196167,3075
2011-04-01,10.5600004196167,10.600000381469727,9.920000076293945,10.079999923706055,10.079999923706055,14825
2011-04-04,11.5600004196167,11.600000381469727,9.960000038146973,10.600000381469727,10.600000381469727,25350
2011-04-05,10.600000381469727,10.680000305175781,10.279999732971191,10.520000457763672,10.520000457763672,14375
2011-04-06,10.600000381469727,10.600000381469727,10.399999618530273,10.479999542236328,10.479999542236328,15700
2011-04-07,10.5600004196167,10.5600004196167,10.039999961853027,10.399999618530273,10.399999618530273,9700
2011-04-08,10.479999542236328,10.479999542236328,9.920000076293945,10.279999732971191,10.279999732971191,6250
2011-04-11,9.880000114440918,10.0,9.199999809265137,9.640000343322754,9.640000343322754,27175
2011-04-12,9.640000343322754,9.640000343322754,9.119999885559082,9.520000457763672,9.520000457763672,8775
2011-04-13,9.399999618530273,9.399999618530273,9.319999694824219,9.359999656677246,9.359999656677246,3825
2011-04-14,9.319999694824219,9.319999694824219,8.760000228881836,9.079999923706055,9.079999923706055,16400
2011-04-15,9.0,9.199999809265137,9.0,9.039999961853027,9.039999961853027,3650
2011-04-18,9.039999961853027,9.119999885559082,8.479999542236328,8.760000228881836,8.760000228881836,15125
2011-04-19,8.760000228881836,8.880000114440918,8.319999694824219,8.760000228881836,8.760000228881836,20175
2011-04-20,8.880000114440918,9.199999809265137,8.84000015258789,9.15999984741211,9.15999984741211,6675
2011-04-21,9.0,10.039999961853027,8.640000343322754,9.399999618530273,9.399999618530273,20400
2011-04-25,9.239999771118164,9.479999542236328,8.640000343322754,9.199999809265137,9.199999809265137,5900
2011-04-26,9.199999809265137,9.920000076293945,9.199999809265137,9.399999618530273,9.399999618530273,12525
2011-04-27,9.4399995803833,9.479999542236328,9.359999656677246,9.479999542236328,9.479999542236328,3000
2011-04-28,9.600000381469727,9.600000381469727,9.239999771118164,9.600000381469727,9.600000381469727,6025
2011-04-29,10.079999923706055,10.079999923706055,9.680000305175781,9.680000305175781,9.680000305175781,10000
2011-05-02,9.84000015258789,9.880000114440918,9.5600004196167,9.640000343322754,9.640000343322754,4500
2011-05-03,9.4399995803833,10.0,9.039999961853027,10.0,10.0,8675
2011-05-04,10.0,10.0,9.15999984741211,9.600000381469727,9.600000381469727,9750
2011-05-05,9.399999618530273,9.399999618530273,9.039999961853027,9.15999984741211,9.15999984741211,5000
2011-05-06,9.359999656677246,9.5600004196167,9.15999984741211,9.5600004196167,9.5600004196167,5200
2011-05-09,9.5600004196167,10.800000190734863,9.4399995803833,10.399999618530273,10.399999618530273,28650
2011-05-10,10.800000190734863,10.800000190734863,9.680000305175781,10.399999618530273,10.399999618530273,18000
2011-05-11,10.760000228881836,10.760000228881836,9.920000076293945,10.119999885559082,10.119999885559082,14800
2011-05-12,10.119999885559082,10.800000190734863,10.0,10.680000305175781,10.680000305175781,8950
2011-05-13,10.680000305175781,10.960000038146973,10.520000457763672,10.84000015258789,10.84000015258789,12250
2011-05-16,10.880000114440918,11.720000267028809,10.880000114440918,11.5600004196167,11.5600004196167,45250
2011-05-17,9.520000457763672,11.920000076293945,9.479999542236328,11.319999694824219,11.319999694824219,9450
2011-05-18,11.359999656677246,12.15999984741211,11.319999694824219,12.15999984741211,12.15999984741211,38550
2011-05-19,12.0,12.720000267028809,11.800000190734863,12.119999885559082,12.119999885559082,32900
2011-05-20,12.279999732971191,12.600000381469727,12.0,12.279999732971191,12.279999732971191,23375
2011-05-23,12.359999656677246,12.640000343322754,11.800000190734863,12.0,12.0,17475
2011-05-24,13.800000190734863,15.399999618530273,13.0,14.4399995803833,14.4399995803833,449925
2011-05-25,14.4399995803833,14.4399995803833,13.0,13.199999809265137,13.199999809265137,110775
2011-05-26,14.359999656677246,14.359999656677246,12.4399995803833,12.84000015258789,12.84000015258789,55375
2011-05-27,12.760000228881836,12.960000038146973,11.800000190734863,12.640000343322754,12.640000343322754,65625
2011-05-31,12.84000015258789,12.880000114440918,12.279999732971191,12.760000228881836,12.760000228881836,50950
2011-06-01,12.920000076293945,12.920000076293945,12.279999732971191,12.319999694824219,12.319999694824219,18600
2011-06-02,11.84000015258789,12.0,11.15999984741211,11.920000076293945,11.920000076293945,44775
2011-06-03,11.880000114440918,11.880000114440918,11.199999809265137,11.479999542236328,11.479999542236328,17250
2011-06-06,11.279999732971191,11.399999618530273,11.0,11.399999618530273,11.399999618530273,15850
2011-06-07,11.279999732971191,11.720000267028809,10.800000190734863,11.720000267028809,11.720000267028809,21850
2011-06-08,11.640000343322754,11.680000305175781,11.319999694824219,11.680000305175781,11.680000305175781,11700
2011-06-09,11.640000343322754,12.119999885559082,11.239999771118164,12.119999885559082,12.119999885559082,18550
2011-06-10,12.199999809265137,12.239999771118164,11.800000190734863,12.15999984741211,12.15999984741211,16400
2011-06-13,12.399999618530273,12.479999542236328,11.800000190734863,11.920000076293945,11.920000076293945,25975
2011-06-14,11.960000038146973,11.960000038146973,11.479999542236328,11.680000305175781,11.680000305175781,11000
2011-06-15,11.399999618530273,11.800000190734863,11.399999618530273,11.720000267028809,11.720000267028809,21325
2011-06-16,11.800000190734863,11.800000190734863,11.199999809265137,11.4399995803833,11.4399995803833,13225
2011-06-17,11.4399995803833,12.359999656677246,10.84000015258789,12.359999656677246,12.359999656677246,26600
2011-06-20,12.399999618530273,12.84000015258789,12.0,12.800000190734863,12.800000190734863,52000
2011-06-21,12.960000038146973,13.960000038146973,12.800000190734863,13.359999656677246,13.359999656677246,85325
2011-06-22,13.4399995803833,13.520000457763672,12.039999961853027,12.920000076293945,12.920000076293945,64725
2011-06-23,12.520000457763672,12.84000015258789,12.039999961853027,12.680000305175781,12.680000305175781,25125
2011-06-24,12.84000015258789,12.920000076293945,12.4399995803833,12.800000190734863,12.800000190734863,18550
2011-06-27,12.720000267028809,12.720000267028809,12.119999885559082,12.720000267028809,12.720000267028809,22325
2011-06-28,12.960000038146973,13.4399995803833,12.359999656677246,13.239999771118164,13.239999771118164,47275
2011-06-29,13.199999809265137,13.479999542236328,13.0,13.199999809265137,13.199999809265137,46800
2011-06-30,13.5600004196167,13.5600004196167,13.0,13.199999809265137,13.199999809265137,68900
2011-07-01,13.199999809265137,13.399999618530273,12.399999618530273,12.84000015258789,12.84000015258789,18225
2011-07-05,12.84000015258789,12.84000015258789,11.800000190734863,12.720000267028809,12.720000267028809,46150
2011-07-06,12.5600004196167,13.079999923706055,12.039999961853027,13.079999923706055,13.079999923706055,21475
2011-07-07,13.319999694824219,13.319999694824219,12.520000457763672,12.520000457763672,12.520000457763672,12550
2011-07-08,12.15999984741211,12.640000343322754,12.039999961853027,12.5600004196167,12.5600004196167,25925
2011-07-11,11.680000305175781,12.399999618530273,11.680000305175781,12.359999656677246,12.359999656677246,19000
2011-07-12,12.359999656677246,12.5600004196167,12.079999923706055,12.399999618530273,12.399999618530273,16350
2011-07-13,12.359999656677246,12.359999656677246,12.079999923706055,12.15999984741211,12.15999984741211,25925
2011-07-14,12.15999984741211,12.640000343322754,11.84000015258789,11.84000015258789,11.84000015258789,36225
2011-07-15,12.079999923706055,12.079999923706055,11.0,11.399999618530273,11.399999618530273,51650
2011-07-18,11.479999542236328,12.479999542236328,11.399999618530273,12.199999809265137,12.199999809265137,35350
2011-07-19,12.15999984741211,12.600000381469727,12.15999984741211,12.399999618530273,12.399999618530273,15475
2011-07-20,12.279999732971191,12.399999618530273,12.199999809265137,12.359999656677246,12.359999656677246,14600
2011-07-21,12.520000457763672,12.520000457763672,12.0,12.15999984741211,12.15999984741211,24600
2011-07-22,12.0,12.359999656677246,11.640000343322754,12.239999771118164,12.239999771118164,7525
2011-07-25,11.920000076293945,12.359999656677246,11.760000228881836,12.079999923706055,12.079999923706055,9025
2011-07-26,11.720000267028809,12.079999923706055,11.4399995803833,11.880000114440918,11.880000114440918,16475
2011-07-27,11.680000305175781,11.680000305175781,11.399999618530273,11.600000381469727,11.600000381469727,27450
2011-07-28,11.760000228881836,11.760000228881836,11.4399995803833,11.600000381469727,11.600000381469727,13150
2011-07-29,11.399999618530273,11.640000343322754,11.0,11.199999809265137,11.199999809265137,36850
2011-08-01,11.239999771118164,11.720000267028809,10.359999656677246,10.880000114440918,10.880000114440918,28575
2011-08-02,10.720000267028809,10.920000076293945,10.15999984741211,10.239999771118164,10.239999771118164,36175
2011-08-03,10.279999732971191,10.4399995803833,9.880000114440918,10.239999771118164,10.239999771118164,26100
2011-08-04,10.039999961853027,10.15999984741211,9.199999809265137,9.4399995803833,9.4399995803833,29175
2011-08-05,9.4399995803833,10.800000190734863,8.640000343322754,9.199999809265137,9.199999809265137,40875
2011-08-08,8.880000114440918,9.039999961853027,8.239999771118164,8.399999618530273,8.399999618530273,19500
2011-08-09,8.479999542236328,9.0,8.0,8.399999618530273,8.399999618530273,22350
2011-08-10,8.5600004196167,9.0,8.399999618530273,8.479999542236328,8.479999542236328,8025
2011-08-11,8.4399995803833,9.880000114440918,8.4399995803833,9.199999809265137,9.199999809265137,44225
2011-08-12,9.199999809265137,9.880000114440918,9.199999809265137,9.600000381469727,9.600000381469727,7925
2011-08-15,9.800000190734863,10.5600004196167,9.479999542236328,9.600000381469727,9.600000381469727,8775
2011-08-16,9.399999618530273,9.800000190734863,9.239999771118164,9.479999542236328,9.479999542236328,4575
2011-08-17,9.640000343322754,10.079999923706055,9.0,9.600000381469727,9.600000381469727,27425
2011-08-18,8.960000038146973,9.640000343322754,8.600000381469727,9.15999984741211,9.15999984741211,32600
2011-08-19,9.239999771118164,9.760000228881836,9.0,9.520000457763672,9.520000457763672,36900
2011-08-22,9.600000381469727,10.760000228881836,9.279999732971191,10.079999923706055,10.079999923706055,28000
2011-08-23,10.079999923706055,10.079999923706055,9.720000267028809,9.720000267028809,9.720000267028809,3825
2011-08-24,9.720000267028809,10.319999694824219,9.600000381469727,9.640000343322754,9.640000343322754,7725
2011-08-25,9.5600004196167,10.0,9.5600004196167,9.880000114440918,9.880000114440918,2825
2011-08-26,9.800000190734863,9.800000190734863,9.4399995803833,9.600000381469727,9.600000381469727,1050
2011-08-29,9.600000381469727,10.0,9.479999542236328,9.600000381469727,9.600000381469727,16600
2011-08-30,9.5600004196167,10.4399995803833,9.319999694824219,9.520000457763672,9.520000457763672,2700
2011-08-31,9.600000381469727,9.960000038146973,9.239999771118164,9.479999542236328,9.479999542236328,15100
2011-09-01,9.279999732971191,9.4399995803833,9.239999771118164,9.239999771118164,9.239999771118164,3600
2011-09-02,9.399999618530273,9.640000343322754,9.319999694824219,9.399999618530273,9.399999618530273,1450
2011-09-06,9.079999923706055,9.399999618530273,9.079999923706055,9.319999694824219,9.319999694824219,4450
2011-09-07,9.399999618530273,9.640000343322754,9.399999618530273,9.640000343322754,9.640000343322754,5225
2011-09-08,9.84000015258789,9.84000015258789,9.640000343322754,9.760000228881836,9.760000228881836,1875
2011-09-09,9.600000381469727,9.720000267028809,9.520000457763672,9.520000457763672,9.520000457763672,4075
2011-09-12,9.479999542236328,10.119999885559082,9.399999618530273,10.119999885559082,10.119999885559082,4675
2011-09-13,10.0,10.680000305175781,10.0,10.359999656677246,10.359999656677246,10675
2011-09-14,10.319999694824219,10.319999694824219,9.5600004196167,9.640000343322754,9.640000343322754,2275
2011-09-15,9.640000343322754,10.239999771118164,9.600000381469727,9.920000076293945,9.920000076293945,6450
2011-09-16,10.0,10.0,9.720000267028809,10.0,10.0,6050
2011-09-19,9.800000190734863,10.479999542236328,9.800000190734863,10.4399995803833,10.4399995803833,1150
2011-09-20,10.279999732971191,10.399999618530273,9.600000381469727,9.880000114440918,9.880000114440918,3375
2011-09-21,10.199999809265137,10.84000015258789,10.039999961853027,10.239999771118164,10.239999771118164,8475
2011-09-22,10.039999961853027,10.399999618530273,9.800000190734863,9.960000038146973,9.960000038146973,9725
2011-09-23,10.039999961853027,10.600000381469727,9.800000190734863,9.84000015258789,9.84000015258789,2200
2011-09-26,9.800000190734863,9.960000038146973,9.720000267028809,9.800000190734863,9.800000190734863,450
2011-09-27,10.15999984741211,10.239999771118164,9.720000267028809,9.720000267028809,9.720000267028809,16725
2011-09-28,9.800000190734863,9.880000114440918,9.279999732971191,9.880000114440918,9.880000114440918,2900
2011-09-29,9.84000015258789,9.84000015258789,9.479999542236328,9.600000381469727,9.600000381469727,2125
2011-09-30,9.600000381469727,9.880000114440918,9.199999809265137,9.4399995803833,9.4399995803833,5650
2011-10-03,9.399999618530273,9.880000114440918,9.199999809265137,9.199999809265137,9.199999809265137,6375
2011-10-04,9.199999809265137,9.680000305175781,8.520000457763672,8.960000038146973,8.960000038146973,9200
2011-10-05,8.920000076293945,9.199999809265137,8.920000076293945,9.0,9.0,1250
2011-10-06,8.84000015258789,9.119999885559082,8.4399995803833,8.600000381469727,8.600000381469727,1650
2011-10-07,8.720000267028809,9.5600004196167,8.720000267028809,8.720000267028809,8.720000267028809,4875
2011-10-10,8.720000267028809,9.600000381469727,8.720000267028809,9.079999923706055,9.079999923706055,4375
2011-10-11,8.960000038146973,9.199999809265137,8.680000305175781,8.920000076293945,8.920000076293945,7450
2011-10-12,9.039999961853027,9.119999885559082,8.84000015258789,8.960000038146973,8.960000038146973,4350
2011-10-13,9.0,9.0,8.84000015258789,8.84000015258789,8.84000015258789,3425
2011-10-14,8.880000114440918,9.119999885559082,8.84000015258789,8.84000015258789,8.84000015258789,900
2011-10-17,9.0,9.039999961853027,8.720000267028809,8.800000190734863,8.800000190734863,11275
2011-10-18,8.920000076293945,8.960000038146973,8.600000381469727,8.800000190734863,8.800000190734863,5800
2011-10-19,8.800000190734863,8.800000190734863,8.680000305175781,8.680000305175781,8.680000305175781,3600
2011-10-20,8.760000228881836,8.920000076293945,8.600000381469727,8.84000015258789,8.84000015258789,5375
2011-10-21,8.880000114440918,8.960000038146973,8.680000305175781,8.800000190734863,8.800000190734863,2275
2011-10-24,8.800000190734863,8.880000114440918,8.520000457763672,8.800000190734863,8.800000190734863,15425
2011-10-25,8.84000015258789,8.84000015258789,8.199999809265137,8.199999809265137,8.199999809265137,5675
2011-10-26,8.359999656677246,8.960000038146973,8.039999961853027,8.640000343322754,8.640000343322754,43325
2011-10-27,9.199999809265137,10.0,8.399999618530273,8.479999542236328,8.479999542236328,43925
2011-10-28,8.479999542236328,9.199999809265137,7.920000076293945,7.960000038146973,7.960000038146973,22475
2011-10-31,8.039999961853027,8.039999961853027,7.400000095367432,7.800000190734863,7.800000190734863,37175
2011-11-01,10.0,10.0,8.699999809265137,9.0,9.0,2000
2011-11-02,9.0,9.25,8.800000190734863,9.079999923706055,9.079999923706055,48800
2011-11-03,10.0,10.0,9.020000457763672,9.350000381469727,9.350000381469727,14500
2011-11-04,9.5,9.5,9.029999732971191,9.149999618530273,9.149999618530273,12200
2011-11-07,9.489999771118164,9.489999771118164,9.050000190734863,9.1899995803833,9.1899995803833,20500
2011-11-08,9.149999618530273,9.300000190734863,9.149999618530273,9.25,9.25,17900
2011-11-09,9.300000190734863,9.300000190734863,9.100000381469727,9.270000457763672,9.270000457763672,1700
2011-11-10,9.149999618530273,9.149999618530273,9.149999618530273,9.149999618530273,9.149999618530273,1000
2011-11-11,9.149999618530273,9.4399995803833,9.039999961853027,9.390000343322754,9.390000343322754,11300
2011-11-14,9.5,9.5,9.25,9.40999984741211,9.40999984741211,3100
2011-11-15,9.420000076293945,9.420000076293945,9.15999984741211,9.399999618530273,9.399999618530273,8700
2011-11-16,9.350000381469727,9.399999618530273,9.09000015258789,9.239999771118164,9.239999771118164,5400
2011-11-17,9.329999923706055,9.329999923706055,9.079999923706055,9.25,9.25,1600
2011-11-18,9.25,9.25,9.079999923706055,9.25,9.25,1400
2011-11-21,9.34000015258789,9.350000381469727,9.260000228881836,9.300000190734863,9.300000190734863,700
2011-11-22,9.109999656677246,9.25,9.109999656677246,9.199999809265137,9.199999809265137,17600
2011-11-23,9.1899995803833,9.1899995803833,9.1899995803833,9.1899995803833,9.1899995803833,100
2011-11-25,9.100000381469727,9.100000381469727,8.90999984741211,8.920000076293945,8.920000076293945,4600
2011-11-28,8.899999618530273,8.899999618530273,8.130000114440918,8.5,8.5,19000
2011-11-29,8.40999984741211,8.670000076293945,8.40999984741211,8.579999923706055,8.579999923706055,2200
2011-11-30,8.600000381469727,8.649999618530273,8.25,8.5,8.5,4500
2011-12-01,8.399999618530273,8.710000038146973,7.860000133514404,8.399999618530273,8.399999618530273,24200
2011-12-02,8.3100004196167,8.380000114440918,8.0,8.149999618530273,8.149999618530273,8100
2011-12-05,7.900000095367432,8.0,7.199999809265137,7.889999866485596,7.889999866485596,55500
2011-12-06,7.800000190734863,8.739999771118164,5.429999828338623,8.020000457763672,8.020000457763672,43700
2011-12-07,8.0,8.470000267028809,7.980000019073486,8.470000267028809,8.470000267028809,16600
2011-12-08,8.479999542236328,8.479999542236328,8.0,8.25,8.25,24800
2011-12-09,8.069999694824219,8.069999694824219,7.820000171661377,8.0,8.0,15900
2011-12-12,7.760000228881836,8.100000381469727,7.699999809265137,8.100000381469727,8.100000381469727,24000
2011-12-13,8.25,8.539999961853027,7.949999809265137,8.0,8.0,48800
2011-12-14,7.960000038146973,8.010000228881836,6.46999979019165,7.519999980926514,7.519999980926514,128200
2011-12-15,8.279999732971191,9.319999694824219,8.149999618530273,9.010000228881836,9.010000228881836,2142300
2011-12-16,8.789999961853027,9.5,8.4399995803833,9.5,9.5,184200
2011-12-19,9.550000190734863,10.100000381469727,8.800000190734863,9.850000381469727,9.850000381469727,107500
2011-12-20,9.680000305175781,10.5,9.5,9.510000228881836,9.510000228881836,126500
2011-12-21,9.550000190734863,9.890000343322754,9.020000457763672,9.859999656677246,9.859999656677246,27300
2011-12-22,9.859999656677246,9.970000267028809,9.670000076293945,9.880000114440918,9.880000114440918,15100
2011-12-23,9.399999618530273,10.079999923706055,9.399999618530273,9.859999656677246,9.859999656677246,24200
2011-12-27,9.5,10.0,9.5,9.850000381469727,9.850000381469727,13700
2011-12-28,9.609999656677246,9.850000381469727,9.510000228881836,9.529999732971191,9.529999732971191,31300
2011-12-29,9.649999618530273,9.850000381469727,9.600000381469727,9.829999923706055,9.829999923706055,72800
2011-12-30,9.899999618530273,9.970000267028809,9.800000190734863,9.970000267028809,9.970000267028809,47600
2012-01-03,9.819999694824219,9.970000267028809,9.710000038146973,9.920000076293945,9.920000076293945,76100
2012-01-04,9.920000076293945,10.050000190734863,9.710000038146973,9.739999771118164,9.739999771118164,46900
2012-01-05,9.380000114440918,9.949999809265137,9.380000114440918,9.770000457763672,9.770000457763672,51600
2012-01-06,10.489999771118164,11.8100004196167,10.0,11.359999656677246,11.359999656677246,464400
2012-01-09,11.300000190734863,11.300000190734863,10.819999694824219,11.300000190734863,11.300000190734863,59700
2012-01-10,11.25,11.5600004196167,10.800000190734863,11.460000038146973,11.460000038146973,61200
2012-01-11,11.489999771118164,11.5,11.210000038146973,11.319999694824219,11.319999694824219,30700
2012-01-12,11.5,11.75,11.3100004196167,11.399999618530273,11.399999618530273,93500
2012-01-13,11.350000381469727,11.479999542236328,11.210000038146973,11.319999694824219,11.319999694824219,19800
2012-01-17,11.359999656677246,11.4399995803833,11.0,11.390000343322754,11.390000343322754,59600
2012-01-18,11.449999809265137,11.699999809265137,11.100000381469727,11.539999961853027,11.539999961853027,43400
2012-01-19,12.020000457763672,12.130000114440918,11.479999542236328,11.479999542236328,11.479999542236328,72900
2012-01-20,11.399999618530273,11.65999984741211,11.350000381469727,11.59000015258789,11.59000015258789,20500
2012-01-23,11.5600004196167,11.600000381469727,11.25,11.279999732971191,11.279999732971191,64800
2012-01-24,11.319999694824219,11.34000015258789,11.140000343322754,11.210000038146973,11.210000038146973,23900
2012-01-25,11.15999984741211,11.15999984741211,10.75,10.829999923706055,10.829999923706055,86300
2012-01-26,10.770000457763672,11.180000305175781,10.649999618530273,11.029999732971191,11.029999732971191,81300
2012-01-27,11.079999923706055,11.460000038146973,10.8100004196167,11.4399995803833,11.4399995803833,210700
2012-01-30,11.369999885559082,11.84000015258789,11.369999885559082,11.800000190734863,11.800000190734863,34100
2012-01-31,11.869999885559082,12.630000114440918,11.869999885559082,12.25,12.25,179600
2012-02-01,12.25,12.539999961853027,12.010000228881836,12.300000190734863,12.300000190734863,75300
2012-02-02,12.390000343322754,12.720000267028809,12.069999694824219,12.619999885559082,12.619999885559082,45400
2012-02-03,12.710000038146973,12.899999618530273,12.420000076293945,12.550000190734863,12.550000190734863,82200
2012-02-06,12.550000190734863,13.0,12.449999809265137,12.770000457763672,12.770000457763672,96400
2012-02-07,12.899999618530273,13.149999618530273,12.649999618530273,12.8100004196167,12.8100004196167,54100
2012-02-08,12.890000343322754,13.489999771118164,12.75,13.199999809265137,13.199999809265137,40600
2012-02-09,13.199999809265137,13.5,13.09000015258789,13.300000190734863,13.300000190734863,54600
2012-02-10,13.319999694824219,13.4399995803833,13.0,13.1899995803833,13.1899995803833,77400
2012-02-13,13.279999732971191,13.350000381469727,12.949999809265137,12.949999809265137,12.949999809265137,147100
2012-02-14,13.130000114440918,13.25,13.0,13.149999618530273,13.149999618530273,77200
2012-02-15,13.09000015258789,13.460000038146973,13.09000015258789,13.15999984741211,13.15999984741211,48000
2012-02-16,13.1899995803833,13.710000038146973,13.1899995803833,13.649999618530273,13.649999618530273,285500
2012-02-17,13.710000038146973,14.09000015258789,13.5,13.869999885559082,13.869999885559082,87800
2012-02-21,14.039999961853027,15.020000457763672,14.039999961853027,14.220000267028809,14.220000267028809,119500
2012-02-22,14.359999656677246,14.75,13.819999694824219,13.890000343322754,13.890000343322754,28000
2012-02-23,13.890000343322754,14.25,13.770000457763672,13.850000381469727,13.850000381469727,85300
2012-02-24,13.9399995803833,14.119999885559082,13.859999656677246,13.920000076293945,13.920000076293945,65200
2012-02-27,13.930000305175781,14.239999771118164,13.850000381469727,13.930000305175781,13.930000305175781,43600
2012-02-28,14.020000457763672,14.140000343322754,13.789999961853027,14.0,14.0,38600
2012-02-29,14.010000228881836,14.069999694824219,13.880000114440918,13.989999771118164,13.989999771118164,34000
2012-03-01,13.930000305175781,14.079999923706055,13.829999923706055,13.890000343322754,13.890000343322754,20000
2012-03-02,13.850000381469727,13.850000381469727,13.079999923706055,13.75,13.75,59800
2012-03-05,14.170000076293945,14.59000015258789,13.850000381469727,14.0600004196167,14.0600004196167,139900
2012-03-06,14.069999694824219,14.170000076293945,13.670000076293945,13.729999542236328,13.729999542236328,19500
2012-03-07,13.949999809265137,14.0,13.539999961853027,13.850000381469727,13.850000381469727,47300
2012-03-08,13.869999885559082,14.270000457763672,13.09000015258789,14.220000267028809,14.220000267028809,122300
2012-03-09,14.270000457763672,15.359999656677246,13.470000267028809,14.75,14.75,109900
2012-03-12,14.59000015258789,14.859999656677246,14.520000457763672,14.75,14.75,93300
2012-03-13,14.75,15.130000114440918,14.699999809265137,15.069999694824219,15.069999694824219,75700
2012-03-14,15.100000381469727,15.289999961853027,14.989999771118164,15.239999771118164,15.239999771118164,77700
2012-03-15,15.449999809265137,16.360000610351562,15.100000381469727,16.229999542236328,16.229999542236328,74100
2012-03-16,16.270000457763672,16.5,15.90999984741211,16.31999969482422,16.31999969482422,42900
2012-03-19,16.280000686645508,16.489999771118164,15.930000305175781,15.960000038146973,15.960000038146973,41500
2012-03-20,16.010000228881836,16.049999237060547,15.40999984741211,15.739999771118164,15.739999771118164,76000
2012-03-21,16.25,16.25,15.279999732971191,16.139999389648438,16.139999389648438,69700
2012-03-22,16.1200008392334,16.280000686645508,15.800000190734863,15.899999618530273,15.899999618530273,133800
2012-03-23,15.84000015258789,15.84000015258789,15.5,15.670000076293945,15.670000076293945,17800
2012-03-26,15.739999771118164,16.1200008392334,15.430000305175781,15.84000015258789,15.84000015258789,40600
2012-03-27,15.800000190734863,16.31999969482422,15.800000190734863,16.190000534057617,16.190000534057617,55200
2012-03-28,16.139999389648438,16.139999389648438,15.75,15.960000038146973,15.960000038146973,80100
2012-03-29,15.890000343322754,16.450000762939453,15.829999923706055,16.3799991607666,16.3799991607666,16000
2012-03-30,16.459999084472656,16.5,16.170000076293945,16.299999237060547,16.299999237060547,23900
2012-04-02,16.270000457763672,16.770000457763672,16.1200008392334,16.760000228881836,16.760000228881836,43600
2012-04-03,16.770000457763672,16.829999923706055,16.049999237060547,16.190000534057617,16.190000534057617,42600
2012-04-04,16.25,16.25,15.800000190734863,15.819999694824219,15.819999694824219,39300
2012-04-05,15.9399995803833,16.049999237060547,15.510000228881836,15.630000114440918,15.630000114440918,53000
2012-04-09,15.5,16.100000381469727,15.350000381469727,15.489999771118164,15.489999771118164,59300
2012-04-10,15.489999771118164,15.6899995803833,14.640000343322754,15.119999885559082,15.119999885559082,95500
2012-04-11,15.170000076293945,15.420000076293945,14.399999618530273,14.890000343322754,14.890000343322754,53300
2012-04-12,15.079999923706055,15.289999961853027,14.890000343322754,15.020000457763672,15.020000457763672,123600
2012-04-13,14.960000038146973,15.1899995803833,14.5,14.84000015258789,14.84000015258789,91000
2012-04-16,14.789999961853027,15.0600004196167,14.6899995803833,14.899999618530273,14.899999618530273,112100
2012-04-17,14.989999771118164,15.520000457763672,14.84000015258789,15.449999809265137,15.449999809265137,112500
2012-04-18,15.029999732971191,15.619999885559082,15.029999732971191,15.460000038146973,15.460000038146973,59100
2012-04-19,15.890000343322754,16.239999771118164,15.489999771118164,15.970000267028809,15.970000267028809,81000
2012-04-20,16.0,16.079999923706055,15.520000457763672,15.699999809265137,15.699999809265137,70600
2012-04-23,15.609999656677246,15.609999656677246,15.130000114440918,15.289999961853027,15.289999961853027,41000
2012-04-24,15.270000457763672,15.470000267028809,15.180000305175781,15.260000228881836,15.260000228881836,29600
2012-04-25,15.34000015258789,16.65999984741211,15.3100004196167,16.549999237060547,16.549999237060547,76500
2012-04-26,16.520000457763672,16.700000762939453,15.75,16.1200008392334,16.1200008392334,62200
2012-04-27,16.75,16.75,15.479999542236328,15.979999542236328,15.979999542236328,60200
2012-04-30,15.850000381469727,15.970000267028809,14.6899995803833,15.960000038146973,15.960000038146973,69000
2012-05-01,15.970000267028809,16.75,15.960000038146973,16.579999923706055,16.579999923706055,62000
2012-05-02,16.729999542236328,17.239999771118164,16.270000457763672,16.989999771118164,16.989999771118164,65400
2012-05-03,17.040000915527344,18.0,16.719999313354492,17.690000534057617,17.690000534057617,150400
2012-05-04,17.5,17.540000915527344,16.950000762939453,17.0,17.0,90600
2012-05-07,17.030000686645508,17.209999084472656,16.770000457763672,16.920000076293945,16.920000076293945,99000
2012-05-08,16.829999923706055,17.219999313354492,16.260000228881836,16.989999771118164,16.989999771118164,47200
2012-05-09,16.969999313354492,16.969999313354492,16.329999923706055,16.459999084472656,16.459999084472656,32000
2012-05-10,16.459999084472656,16.459999084472656,15.75,15.970000267028809,15.970000267028809,127000
2012-05-11,15.899999618530273,15.970000267028809,15.25,15.420000076293945,15.420000076293945,73300
2012-05-14,15.329999923706055,15.779999732971191,14.819999694824219,15.079999923706055,15.079999923706055,93200
2012-05-15,15.0,15.970000267028809,15.0,15.59000015258789,15.59000015258789,124000
2012-05-16,15.75,16.81999969482422,15.75,16.510000228881836,16.510000228881836,3373500
2012-05-17,16.8799991607666,17.40999984741211,16.15999984741211,16.479999542236328,16.479999542236328,491800
2012-05-18,16.530000686645508,16.959999084472656,16.209999084472656,16.40999984741211,16.40999984741211,223400
2012-05-21,16.34000015258789,16.530000686645508,15.84000015258789,16.5,16.5,249600
2012-05-22,16.459999084472656,16.850000381469727,16.149999618530273,16.260000228881836,16.260000228881836,303000
2012-05-23,16.209999084472656,16.690000534057617,15.930000305175781,16.389999389648438,16.389999389648438,89000
2012-05-24,16.5,17.239999771118164,16.399999618530273,17.15999984741211,17.15999984741211,169300
2012-05-25,17.260000228881836,18.360000610351562,16.520000457763672,18.030000686645508,18.030000686645508,212100
2012-05-29,18.600000381469727,18.600000381469727,17.6299991607666,18.0,18.0,157700
2012-05-30,17.799999237060547,17.850000381469727,16.90999984741211,17.110000610351562,17.110000610351562,209500
2012-05-31,17.0,17.899999618530273,16.5,17.899999618530273,17.899999618530273,1473500
2012-06-01,17.860000610351562,18.5,17.65999984741211,17.920000076293945,17.920000076293945,323300
2012-06-04,17.75,17.75,15.569999694824219,15.869999885559082,15.869999885559082,1296700
2012-06-05,15.600000381469727,16.040000915527344,15.020000457763672,15.859999656677246,15.859999656677246,188400
2012-06-06,15.960000038146973,16.719999313354492,15.960000038146973,16.25,16.25,231400
2012-06-07,16.43000030517578,16.760000228881836,16.0,16.56999969482422,16.56999969482422,237700
2012-06-08,16.489999771118164,17.420000076293945,16.079999923706055,17.110000610351562,17.110000610351562,203400
2012-06-11,17.280000686645508,17.549999237060547,16.989999771118164,16.989999771118164,16.989999771118164,277400
2012-06-12,17.100000381469727,17.579999923706055,16.68000030517578,17.450000762939453,17.450000762939453,141500
2012-06-13,17.459999084472656,17.459999084472656,16.489999771118164,17.0,17.0,142000
2012-06-14,16.959999084472656,17.290000915527344,16.719999313354492,16.899999618530273,16.899999618530273,149900
2012-06-15,16.829999923706055,17.010000228881836,16.6299991607666,16.940000534057617,16.940000534057617,322000
2012-06-18,16.90999984741211,17.3700008392334,16.559999465942383,16.950000762939453,16.950000762939453,152400
2012-06-19,17.0,17.25,16.84000015258789,17.059999465942383,17.059999465942383,142000
2012-06-20,16.979999542236328,17.469999313354492,16.110000610351562,16.959999084472656,16.959999084472656,209000
2012-06-21,17.0,17.200000762939453,16.299999237060547,16.799999237060547,16.799999237060547,288000
2012-06-22,16.950000762939453,17.0,16.049999237060547,16.510000228881836,16.510000228881836,3318300
2012-06-25,16.350000381469727,16.90999984741211,16.0,16.850000381469727,16.850000381469727,205200
2012-06-26,17.149999618530273,17.329999923706055,16.850000381469727,17.059999465942383,17.059999465942383,162600
2012-06-27,17.040000915527344,17.84000015258789,17.030000686645508,17.520000457763672,17.520000457763672,325600
2012-06-28,17.399999618530273,17.59000015258789,16.739999771118164,17.139999389648438,17.139999389648438,116800
2012-06-29,17.65999984741211,17.8700008392334,17.190000534057617,17.540000915527344,17.540000915527344,367700
2012-07-02,17.579999923706055,18.420000076293945,17.350000381469727,18.350000381469727,18.350000381469727,244700
2012-07-03,18.389999389648438,19.489999771118164,18.389999389648438,19.3700008392334,19.3700008392334,183500
2012-07-05,19.309999465942383,19.920000076293945,18.610000610351562,18.639999389648438,18.639999389648438,228600
2012-07-06,18.469999313354492,19.09000015258789,18.25,18.959999084472656,18.959999084472656,91400
2012-07-09,18.899999618530273,18.950000762939453,18.3799991607666,18.489999771118164,18.489999771118164,88400
2012-07-10,18.549999237060547,18.610000610351562,17.899999618530273,18.030000686645508,18.030000686645508,91400
2012-07-11,18.1200008392334,18.299999237060547,17.59000015258789,18.190000534057617,18.190000534057617,115700
2012-07-12,18.059999465942383,18.059999465942383,17.170000076293945,17.989999771118164,17.989999771118164,94600
2012-07-13,18.030000686645508,18.899999618530273,18.030000686645508,18.709999084472656,18.709999084472656,75400
2012-07-16,18.700000762939453,18.700000762939453,17.729999542236328,17.860000610351562,17.860000610351562,111900
2012-07-17,17.920000076293945,18.149999618530273,17.40999984741211,17.899999618530273,17.899999618530273,81900
2012-07-18,17.0,17.31999969482422,16.09000015258789,17.209999084472656,17.209999084472656,938900
2012-07-19,17.229999542236328,17.540000915527344,16.56999969482422,16.600000381469727,16.600000381469727,223300
2012-07-20,16.530000686645508,16.799999237060547,16.260000228881836,16.760000228881836,16.760000228881836,155600
2012-07-23,16.420000076293945,16.5,15.5600004196167,15.569999694824219,15.569999694824219,148200
2012-07-24,15.670000076293945,16.139999389648438,15.079999923706055,16.09000015258789,16.09000015258789,242800
2012-07-25,16.25,16.299999237060547,15.819999694824219,16.239999771118164,16.239999771118164,159400
2012-07-26,16.43000030517578,16.43000030517578,15.960000038146973,16.200000762939453,16.200000762939453,93400
2012-07-27,16.270000457763672,16.610000610351562,16.1299991607666,16.399999618530273,16.399999618530273,123000
2012-07-30,16.399999618530273,16.399999618530273,15.270000457763672,15.970000267028809,15.970000267028809,111800
2012-07-31,15.90999984741211,16.329999923706055,15.90999984741211,16.139999389648438,16.139999389648438,149500
2012-08-01,16.309999465942383,16.770000457763672,15.420000076293945,16.450000762939453,16.450000762939453,323900
2012-08-02,16.450000762939453,16.6299991607666,16.25,16.600000381469727,16.600000381469727,161500
2012-08-03,16.719999313354492,17.329999923706055,16.40999984741211,17.18000030517578,17.18000030517578,178900
2012-08-06,17.229999542236328,17.43000030517578,16.989999771118164,17.200000762939453,17.200000762939453,80200
2012-08-07,17.239999771118164,17.610000610351562,17.040000915527344,17.549999237060547,17.549999237060547,84400
2012-08-08,17.540000915527344,17.760000228881836,17.229999542236328,17.6200008392334,17.6200008392334,65300
2012-08-09,17.559999465942383,19.0,17.010000228881836,18.860000610351562,18.860000610351562,245900
2012-08-10,18.809999465942383,18.809999465942383,17.68000030517578,18.110000610351562,18.110000610351562,124800
2012-08-13,18.059999465942383,18.059999465942383,17.170000076293945,17.670000076293945,17.670000076293945,97600
2012-08-14,17.610000610351562,18.229999542236328,17.610000610351562,17.920000076293945,17.920000076293945,70100
2012-08-15,17.899999618530273,18.459999084472656,17.670000076293945,18.440000534057617,18.440000534057617,66300
2012-08-16,18.34000015258789,18.989999771118164,17.989999771118164,18.969999313354492,18.969999313354492,80600
2012-08-17,18.75,18.75,17.8799991607666,18.459999084472656,18.459999084472656,115600
2012-08-20,18.3799991607666,18.850000381469727,18.15999984741211,18.770000457763672,18.770000457763672,109300
2012-08-21,18.889999389648438,19.559999465942383,18.6299991607666,19.350000381469727,19.350000381469727,149100
2012-08-22,19.280000686645508,19.600000381469727,18.520000457763672,18.889999389648438,18.889999389648438,206300
2012-08-23,18.93000030517578,19.040000915527344,18.030000686645508,18.8700008392334,18.8700008392334,172100
2012-08-24,18.780000686645508,19.25,18.579999923706055,18.969999313354492,18.969999313354492,63100
2012-08-27,19.030000686645508,19.239999771118164,18.479999542236328,18.610000610351562,18.610000610351562,44300
2012-08-28,18.559999465942383,18.93000030517578,17.899999618530273,18.329999923706055,18.329999923706055,101600
2012-08-29,18.399999618530273,19.170000076293945,18.290000915527344,18.950000762939453,18.950000762939453,116900
2012-08-30,19.040000915527344,19.040000915527344,18.440000534057617,18.979999542236328,18.979999542236328,79500
2012-08-31,19.1299991607666,19.200000762939453,18.739999771118164,19.18000030517578,19.18000030517578,53800
2012-09-04,19.100000381469727,21.260000228881836,19.100000381469727,21.079999923706055,21.079999923706055,389300
2012-09-05,21.170000076293945,21.8700008392334,20.719999313354492,20.829999923706055,20.829999923706055,198700
2012-09-06,21.040000915527344,22.049999237060547,20.68000030517578,21.850000381469727,21.850000381469727,159100
2012-09-07,22.0,22.0,20.709999084472656,20.920000076293945,20.920000076293945,198600
2012-09-10,20.950000762939453,21.75,20.93000030517578,21.719999313354492,21.719999313354492,170100
2012-09-11,21.700000762939453,22.079999923706055,21.350000381469727,22.030000686645508,22.030000686645508,273800
2012-09-12,22.100000381469727,22.709999084472656,21.8700008392334,22.40999984741211,22.40999984741211,294700
2012-09-13,22.760000228881836,23.940000534057617,22.280000686645508,22.729999542236328,22.729999542236328,363900
2012-09-14,22.799999237060547,23.1200008392334,22.389999389648438,22.709999084472656,22.709999084472656,328500
2012-09-17,22.700000762939453,22.959999084472656,22.489999771118164,22.65999984741211,22.65999984741211,177200
2012-09-18,22.649999618530273,23.030000686645508,22.610000610351562,22.799999237060547,22.799999237060547,125100
2012-09-19,22.809999465942383,23.31999969482422,22.809999465942383,23.200000762939453,23.200000762939453,134300
2012-09-20,23.030000686645508,23.65999984741211,22.81999969482422,23.520000457763672,23.520000457763672,134800
2012-09-21,23.5,23.799999237060547,22.989999771118164,23.09000015258789,23.09000015258789,307000
2012-09-24,23.100000381469727,23.65999984741211,22.59000015258789,23.40999984741211,23.40999984741211,118500
2012-09-25,23.149999618530273,23.920000076293945,22.850000381469727,23.020000457763672,23.020000457763672,215800
2012-09-26,23.0,23.389999389648438,22.81999969482422,23.299999237060547,23.299999237060547,154200
2012-09-27,23.350000381469727,23.84000015258789,23.299999237060547,23.389999389648438,23.389999389648438,114000
2012-09-28,23.219999313354492,24.1200008392334,22.670000076293945,23.829999923706055,23.829999923706055,157800
2012-10-01,23.93000030517578,24.829999923706055,23.829999923706055,24.139999389648438,24.139999389648438,175600
2012-10-02,24.219999313354492,24.350000381469727,23.530000686645508,24.0,24.0,107000
2012-10-03,24.079999923706055,24.520000457763672,23.579999923706055,23.860000610351562,23.860000610351562,144600
2012-10-04,23.940000534057617,24.290000915527344,23.549999237060547,23.989999771118164,23.989999771118164,139300
2012-10-05,24.020000457763672,24.020000457763672,23.510000228881836,23.649999618530273,23.649999618530273,68300
2012-10-08,23.56999969482422,23.920000076293945,23.15999984741211,23.84000015258789,23.84000015258789,114000
2012-10-09,23.790000915527344,23.790000915527344,22.190000534057617,22.530000686645508,22.530000686645508,188600
2012-10-10,22.600000381469727,22.600000381469727,22.190000534057617,22.56999969482422,22.56999969482422,182800
2012-10-11,22.6299991607666,23.18000030517578,22.389999389648438,23.020000457763672,23.020000457763672,138900
2012-10-12,22.690000534057617,23.809999465942383,22.690000534057617,23.0,23.0,49700
2012-10-15,22.989999771118164,23.079999923706055,22.579999923706055,22.700000762939453,22.700000762939453,63700
2012-10-16,22.770000457763672,23.0,22.450000762939453,22.540000915527344,22.540000915527344,63900
2012-10-17,22.579999923706055,22.829999923706055,21.739999771118164,22.15999984741211,22.15999984741211,353400
2012-10-18,22.15999984741211,22.260000228881836,21.790000915527344,22.200000762939453,22.200000762939453,91900
2012-10-19,22.15999984741211,22.15999984741211,21.739999771118164,21.770000457763672,21.770000457763672,285000
2012-10-22,21.690000534057617,22.079999923706055,21.18000030517578,21.239999771118164,21.239999771118164,123800
2012-10-23,20.989999771118164,21.6299991607666,20.56999969482422,21.469999313354492,21.469999313354492,155600
2012-10-24,21.479999542236328,21.93000030517578,21.43000030517578,21.610000610351562,21.610000610351562,59100
2012-10-25,21.799999237060547,21.920000076293945,18.739999771118164,21.559999465942383,21.559999465942383,68500
2012-10-26,21.56999969482422,21.889999389648438,21.0,21.040000915527344,21.040000915527344,50400
2012-10-31,21.0,21.0,18.530000686645508,20.56999969482422,20.56999969482422,112000
2012-11-01,20.510000228881836,20.719999313354492,19.649999618530273,20.200000762939453,20.200000762939453,203800
2012-11-02,20.25,20.440000534057617,19.760000228881836,20.15999984741211,20.15999984741211,184100
2012-11-05,20.149999618530273,20.65999984741211,19.950000762939453,20.40999984741211,20.40999984741211,106100
2012-11-06,20.540000915527344,22.190000534057617,20.399999618530273,22.010000228881836,22.010000228881836,322700
2012-11-07,21.959999084472656,22.3700008392334,18.639999389648438,20.8799991607666,20.8799991607666,1297400
2012-11-08,21.209999084472656,21.389999389648438,20.15999984741211,20.860000610351562,20.860000610351562,162900
2012-11-09,20.770000457763672,21.059999465942383,20.540000915527344,20.969999313354492,20.969999313354492,127700
2012-11-12,20.959999084472656,21.6200008392334,20.81999969482422,21.40999984741211,21.40999984741211,75100
2012-11-13,21.360000610351562,21.360000610351562,20.719999313354492,21.229999542236328,21.229999542236328,149800
2012-11-14,21.229999542236328,21.440000534057617,20.68000030517578,21.110000610351562,21.110000610351562,311700
2012-11-15,21.059999465942383,21.65999984741211,20.950000762939453,21.610000610351562,21.610000610351562,122400
2012-11-16,21.510000228881836,21.989999771118164,21.270000457763672,21.469999313354492,21.469999313354492,230100
2012-11-19,21.65999984741211,22.34000015258789,21.459999084472656,22.34000015258789,22.34000015258789,180700
2012-11-20,22.25,22.84000015258789,22.139999389648438,22.780000686645508,22.780000686645508,61300
2012-11-21,22.799999237060547,22.799999237060547,22.190000534057617,22.299999237060547,22.299999237060547,51100
2012-11-23,22.34000015258789,22.5,22.229999542236328,22.309999465942383,22.309999465942383,37400
2012-11-26,22.34000015258789,22.790000915527344,22.149999618530273,22.649999618530273,22.649999618530273,60100
2012-11-27,22.809999465942383,22.979999542236328,22.209999084472656,22.309999465942383,22.309999465942383,239300
2012-11-28,22.219999313354492,22.610000610351562,22.0,22.270000457763672,22.270000457763672,129400
2012-11-29,22.469999313354492,23.030000686645508,22.350000381469727,22.809999465942383,22.809999465942383,127200
2012-11-30,22.770000457763672,23.149999618530273,22.549999237060547,22.950000762939453,22.950000762939453,200500
2012-12-03,23.139999389648438,23.329999923706055,22.739999771118164,22.829999923706055,22.829999923706055,215800
2012-12-04,22.260000228881836,22.350000381469727,21.670000076293945,22.149999618530273,22.149999618530273,237600
2012-12-05,22.25,22.299999237060547,21.600000381469727,22.020000457763672,22.020000457763672,269200
2012-12-06,21.850000381469727,23.030000686645508,21.260000228881836,22.84000015258789,22.84000015258789,523100
2012-12-07,22.899999618530273,22.940000534057617,22.0,22.049999237060547,22.049999237060547,5902300
2012-12-10,22.0,22.530000686645508,22.0,22.479999542236328,22.479999542236328,980400
2012-12-11,22.56999969482422,22.59000015258789,22.030000686645508,22.270000457763672,22.270000457763672,383400
2012-12-12,22.350000381469727,22.530000686645508,22.219999313354492,22.40999984741211,22.40999984741211,581800
2012-12-13,22.350000381469727,22.420000076293945,21.799999237060547,22.399999618530273,22.399999618530273,315900
2012-12-14,22.399999618530273,22.459999084472656,22.040000915527344,22.40999984741211,22.40999984741211,273900
2012-12-17,22.43000030517578,22.5,22.0,22.3700008392334,22.3700008392334,284100
2012-12-18,22.459999084472656,22.799999237060547,22.40999984741211,22.600000381469727,22.600000381469727,434900
2012-12-19,22.700000762939453,22.799999237060547,21.809999465942383,22.799999237060547,22.799999237060547,248700
2012-12-20,22.709999084472656,22.950000762939453,22.350000381469727,22.920000076293945,22.920000076293945,178600
2012-12-21,22.780000686645508,22.979999542236328,21.920000076293945,22.790000915527344,22.790000915527344,904700
2012-12-24,22.739999771118164,22.799999237060547,22.329999923706055,22.709999084472656,22.709999084472656,53200
2012-12-26,22.510000228881836,22.670000076293945,22.350000381469727,22.40999984741211,22.40999984741211,123200
2012-12-27,22.549999237060547,22.700000762939453,22.139999389648438,22.40999984741211,22.40999984741211,276300
2012-12-28,22.239999771118164,22.920000076293945,22.239999771118164,22.540000915527344,22.540000915527344,175600
2012-12-31,22.5,23.350000381469727,22.43000030517578,23.350000381469727,23.350000381469727,375800
2013-01-02,23.5,24.549999237060547,22.639999389648438,24.3700008392334,24.3700008392334,885100
2013-01-03,24.469999313354492,24.639999389648438,24.1200008392334,24.190000534057617,24.190000534057617,391300
2013-01-04,24.399999618530273,24.559999465942383,23.549999237060547,23.6299991607666,23.6299991607666,305000
2013-01-07,23.700000762939453,24.209999084472656,23.389999389648438,24.149999618530273,24.149999618530273,121300
2013-01-08,24.760000228881836,25.760000228881836,24.649999618530273,24.940000534057617,24.940000534057617,416600
2013-01-09,25.079999923706055,25.389999389648438,24.75,25.06999969482422,25.06999969482422,263800
2013-01-10,25.09000015258789,25.290000915527344,24.81999969482422,24.829999923706055,24.829999923706055,151700
2013-01-11,24.889999389648438,25.209999084472656,24.450000762939453,24.850000381469727,24.850000381469727,258200
2013-01-14,24.850000381469727,24.850000381469727,24.18000030517578,24.690000534057617,24.690000534057617,294000
2013-01-15,24.780000686645508,25.5,24.290000915527344,25.329999923706055,25.329999923706055,348900
2013-01-16,25.350000381469727,26.010000228881836,25.200000762939453,25.940000534057617,25.940000534057617,246900
2013-01-17,26.0,26.100000381469727,25.579999923706055,26.059999465942383,26.059999465942383,189900
2013-01-18,26.010000228881836,26.290000915527344,25.989999771118164,26.280000686645508,26.280000686645508,94900
2013-01-22,26.34000015258789,27.510000228881836,26.049999237060547,26.8799991607666,26.8799991607666,286000
2013-01-23,26.90999984741211,26.979999542236328,26.1200008392334,26.299999237060547,26.299999237060547,220600
2013-01-24,26.280000686645508,26.540000915527344,25.979999542236328,26.5,26.5,272100
2013-01-25,26.6299991607666,26.790000915527344,25.989999771118164,26.299999237060547,26.299999237060547,490900
2013-01-28,26.299999237060547,26.540000915527344,25.579999923706055,26.0,26.0,286700
2013-01-29,26.030000686645508,26.030000686645508,25.149999618530273,25.6299991607666,25.6299991607666,168300
2013-01-30,25.59000015258789,25.75,25.18000030517578,25.6200008392334,25.6200008392334,166300
2013-01-31,25.540000915527344,26.059999465942383,25.149999618530273,25.56999969482422,25.56999969482422,254200
2013-02-01,25.829999923706055,26.81999969482422,25.719999313354492,25.889999389648438,25.889999389648438,394200
2013-02-04,26.06999969482422,26.280000686645508,25.299999237060547,25.520000457763672,25.520000457763672,222800
2013-02-05,25.59000015258789,26.18000030517578,25.59000015258789,25.75,25.75,302700
2013-02-06,25.600000381469727,25.81999969482422,25.200000762939453,25.639999389648438,25.639999389648438,162800
2013-02-07,25.56999969482422,26.299999237060547,25.440000534057617,26.09000015258789,26.09000015258789,153600
2013-02-08,26.1299991607666,26.59000015258789,25.889999389648438,26.190000534057617,26.190000534057617,150000
2013-02-11,26.229999542236328,26.540000915527344,25.760000228881836,25.8799991607666,25.8799991607666,105900
2013-02-12,25.90999984741211,25.989999771118164,25.420000076293945,25.670000076293945,25.670000076293945,122000
2013-02-13,25.6200008392334,25.950000762939453,25.190000534057617,25.709999084472656,25.709999084472656,122800
2013-02-14,25.59000015258789,27.100000381469727,25.59000015258789,26.709999084472656,26.709999084472656,367800
2013-02-15,26.700000762939453,26.770000457763672,25.6299991607666,25.940000534057617,25.940000534057617,195300
2013-02-19,25.90999984741211,26.40999984741211,25.719999313354492,26.239999771118164,26.239999771118164,208800
2013-02-20,26.299999237060547,26.399999618530273,24.93000030517578,25.889999389648438,25.889999389648438,255200
2013-02-21,25.739999771118164,26.68000030517578,25.280000686645508,26.270000457763672,26.270000457763672,542300
2013-02-22,26.530000686645508,27.059999465942383,26.280000686645508,26.799999237060547,26.799999237060547,377300
2013-02-25,26.850000381469727,27.079999923706055,26.06999969482422,26.239999771118164,26.239999771118164,665200
2013-02-26,26.43000030517578,26.75,26.149999618530273,26.59000015258789,26.59000015258789,191900
2013-02-27,26.579999923706055,27.6200008392334,26.549999237060547,27.200000762939453,27.200000762939453,304900
2013-02-28,27.25,27.5,26.889999389648438,27.219999313354492,27.219999313354492,179100
2013-03-01,27.06999969482422,27.139999389648438,26.40999984741211,26.5,26.5,353600
2013-03-04,27.3799991607666,28.489999771118164,27.190000534057617,27.84000015258789,27.84000015258789,464300
2013-03-05,28.5,28.5,27.520000457763672,28.020000457763672,28.020000457763672,288600
2013-03-06,28.1200008392334,28.209999084472656,27.25,27.520000457763672,27.520000457763672,180700
2013-03-07,27.600000381469727,28.06999969482422,27.290000915527344,27.31999969482422,27.31999969482422,200500
2013-03-08,27.469999313354492,28.0,27.219999313354492,27.889999389648438,27.889999389648438,415700
2013-03-11,27.84000015258789,28.329999923706055,27.84000015258789,28.030000686645508,28.030000686645508,172400
2013-03-12,28.1200008392334,28.260000228881836,27.760000228881836,28.040000915527344,28.040000915527344,226600
2013-03-13,28.649999618530273,29.030000686645508,28.040000915527344,28.1299991607666,28.1299991607666,322400
2013-03-14,28.09000015258789,28.489999771118164,27.940000534057617,28.100000381469727,28.100000381469727,271500
2013-03-15,28.06999969482422,28.25,27.90999984741211,28.020000457763672,28.020000457763672,605300
2013-03-18,27.81999969482422,28.229999542236328,27.420000076293945,28.190000534057617,28.190000534057617,236400
2013-03-19,28.59000015258789,29.09000015258789,28.040000915527344,28.25,28.25,198800
2013-03-20,28.31999969482422,28.829999923706055,28.260000228881836,28.530000686645508,28.530000686645508,178000
2013-03-21,28.43000030517578,29.100000381469727,28.420000076293945,29.0,29.0,547700
2013-03-22,29.270000457763672,29.360000610351562,28.15999984741211,28.940000534057617,28.940000534057617,206300
2013-03-25,28.989999771118164,29.3799991607666,28.729999542236328,29.260000228881836,29.260000228881836,218800
2013-03-26,29.309999465942383,29.450000762939453,28.43000030517578,29.25,29.25,340800
2013-03-27,29.09000015258789,29.399999618530273,28.690000534057617,29.389999389648438,29.389999389648438,139000
2013-03-28,29.489999771118164,29.5,28.989999771118164,29.389999389648438,29.389999389648438,169100
2013-04-01,29.540000915527344,30.5,29.3799991607666,30.010000228881836,30.010000228881836,459200
2013-04-02,30.389999389648438,30.389999389648438,29.020000457763672,29.1200008392334,29.1200008392334,270600
2013-04-03,29.190000534057617,29.229999542236328,27.850000381469727,28.549999237060547,28.549999237060547,505600
2013-04-04,28.549999237060547,28.770000457763672,28.0,28.56999969482422,28.56999969482422,121900
2013-04-05,28.40999984741211,29.31999969482422,28.020000457763672,29.149999618530273,29.149999618530273,574400
2013-04-08,29.18000030517578,29.309999465942383,28.850000381469727,29.010000228881836,29.010000228881836,193000
2013-04-09,28.969999313354492,29.309999465942383,28.639999389648438,29.010000228881836,29.010000228881836,186300
2013-04-10,29.0,29.6200008392334,28.829999923706055,29.530000686645508,29.530000686645508,214000
2013-04-11,29.530000686645508,29.959999084472656,28.940000534057617,29.030000686645508,29.030000686645508,215100
2013-04-12,28.81999969482422,29.75,28.790000915527344,29.649999618530273,29.649999618530273,127500
2013-04-15,29.479999542236328,29.600000381469727,28.989999771118164,29.260000228881836,29.260000228881836,527500
2013-04-16,29.40999984741211,30.479999542236328,29.170000076293945,30.3700008392334,30.3700008392334,356500
2013-04-17,30.06999969482422,30.229999542236328,29.489999771118164,30.170000076293945,30.170000076293945,293300
2013-04-18,30.639999389648438,31.18000030517578,30.010000228881836,30.950000762939453,30.950000762939453,494500
2013-04-19,31.030000686645508,31.489999771118164,31.030000686645508,31.40999984741211,31.40999984741211,314100
2013-04-22,31.530000686645508,31.56999969482422,30.459999084472656,30.889999389648438,30.889999389648438,726900
2013-04-23,31.1299991607666,31.450000762939453,30.709999084472656,31.18000030517578,31.18000030517578,358800
2013-04-24,31.06999969482422,31.600000381469727,30.81999969482422,31.59000015258789,31.59000015258789,351800
2013-04-25,31.59000015258789,32.0,31.18000030517578,31.709999084472656,31.709999084472656,366600
2013-04-26,31.690000534057617,31.959999084472656,31.239999771118164,31.84000015258789,31.84000015258789,389300
2013-04-29,32.0,32.61000061035156,31.84000015258789,32.16999816894531,32.16999816894531,282300
2013-04-30,32.099998474121094,32.34000015258789,31.489999771118164,31.549999237060547,31.549999237060547,263100
2013-05-01,31.600000381469727,31.600000381469727,30.850000381469727,31.049999237060547,31.049999237060547,370700
2013-05-02,32.529998779296875,33.5,31.969999313354492,32.470001220703125,32.470001220703125,638000
2013-05-03,32.25,32.54999923706055,31.610000610351562,31.639999389648438,31.639999389648438,560500
2013-05-06,31.850000381469727,32.689998626708984,31.799999237060547,32.41999816894531,32.41999816894531,489400
2013-05-07,32.61000061035156,33.029998779296875,32.470001220703125,33.02000045776367,33.02000045776367,230200
2013-05-08,33.130001068115234,33.25,32.66999816894531,33.16999816894531,33.16999816894531,307700
2013-05-09,33.31999969482422,33.349998474121094,32.849998474121094,33.0,33.0,298100
2013-05-10,33.119998931884766,33.81999969482422,33.0099983215332,33.720001220703125,33.720001220703125,284800
2013-05-13,33.779998779296875,34.08000183105469,33.369998931884766,33.90999984741211,33.90999984741211,194400
2013-05-14,34.060001373291016,34.619998931884766,33.720001220703125,33.9900016784668,33.9900016784668,350800
2013-05-15,34.09000015258789,34.97999954223633,33.72999954223633,34.86000061035156,34.86000061035156,287100
2013-05-16,34.869998931884766,34.939998626708984,33.689998626708984,33.810001373291016,33.810001373291016,206300
2013-05-17,33.970001220703125,34.63999938964844,33.93000030517578,34.369998931884766,34.369998931884766,277600
2013-05-20,34.33000183105469,34.40999984741211,32.61000061035156,32.970001220703125,32.970001220703125,298200
2013-05-21,33.060001373291016,33.599998474121094,31.829999923706055,32.06999969482422,32.06999969482422,768800
2013-05-22,32.040000915527344,33.040000915527344,32.02000045776367,32.20000076293945,32.20000076293945,556900
2013-05-23,32.09000015258789,32.779998779296875,32.02000045776367,32.7400016784668,32.7400016784668,584700
2013-05-24,32.66999816894531,33.20000076293945,32.11000061035156,32.900001525878906,32.900001525878906,174400
2013-05-28,33.209999084472656,33.54999923706055,33.119998931884766,33.439998626708984,33.439998626708984,211400
2013-05-29,33.380001068115234,33.400001525878906,32.77000045776367,33.04999923706055,33.04999923706055,137000
2013-05-30,33.060001373291016,33.70000076293945,32.779998779296875,33.47999954223633,33.47999954223633,153800
2013-05-31,33.4900016784668,33.97999954223633,33.279998779296875,33.38999938964844,33.38999938964844,222400
2013-06-03,33.54999923706055,33.709999084472656,32.619998931884766,33.63999938964844,33.63999938964844,230700
2013-06-04,33.779998779296875,33.97999954223633,33.22999954223633,33.5,33.5,407200
2013-06-05,33.5,33.70000076293945,32.54999923706055,33.33000183105469,33.33000183105469,982700
2013-06-06,33.27000045776367,34.06999969482422,32.93000030517578,33.38999938964844,33.38999938964844,426400
2013-06-07,33.66999816894531,34.279998779296875,33.529998779296875,34.22999954223633,34.22999954223633,216600
2013-06-10,34.25,34.9900016784668,33.880001068115234,34.95000076293945,34.95000076293945,273500
2013-06-11,34.31999969482422,35.25,34.27000045776367,34.70000076293945,34.70000076293945,273200
2013-06-12,34.939998626708984,35.36000061035156,34.540000915527344,34.7599983215332,34.7599983215332,297300
2013-06-13,34.720001220703125,34.779998779296875,33.470001220703125,34.119998931884766,34.119998931884766,363600
2013-06-14,34.0,34.34000015258789,33.869998931884766,34.04999923706055,34.04999923706055,473400
2013-06-17,34.040000915527344,34.91999816894531,33.88999938964844,34.209999084472656,34.209999084472656,544400
2013-06-18,34.15999984741211,35.75,34.15999984741211,35.43000030517578,35.43000030517578,596600
2013-06-19,35.45000076293945,35.779998779296875,34.380001068115234,34.7400016784668,34.7400016784668,329500
2013-06-20,34.38999938964844,34.849998474121094,33.810001373291016,34.15999984741211,34.15999984741211,567700
2013-06-21,34.310001373291016,34.779998779296875,33.849998474121094,34.29999923706055,34.29999923706055,447200
2013-06-24,34.13999938964844,35.15999984741211,33.970001220703125,34.900001525878906,34.900001525878906,479700
2013-06-25,35.189998626708984,35.52000045776367,34.5099983215332,34.83000183105469,34.83000183105469,502500
2013-06-26,34.9900016784668,35.150001525878906,33.79999923706055,34.0099983215332,34.0099983215332,411800
2013-06-27,34.2599983215332,34.56999969482422,34.09000015258789,34.150001525878906,34.150001525878906,223100
2013-06-28,34.189998626708984,34.599998474121094,32.7400016784668,33.06999969482422,33.06999969482422,1554100
2013-07-01,33.040000915527344,33.970001220703125,32.720001220703125,33.939998626708984,33.939998626708984,484200
2013-07-02,34.0,34.0,32.79999923706055,33.099998474121094,33.099998474121094,318500
2013-07-03,32.939998626708984,32.939998626708984,32.15999984741211,32.459999084472656,32.459999084472656,253000
2013-07-05,32.40999984741211,32.40999984741211,30.700000762939453,32.130001068115234,32.130001068115234,795700
2013-07-08,32.310001373291016,33.5,32.310001373291016,33.5,33.5,308900
2013-07-09,33.709999084472656,34.470001220703125,33.310001373291016,34.20000076293945,34.20000076293945,304900
2013-07-10,34.16999816894531,34.7599983215332,34.02000045776367,34.56999969482422,34.56999969482422,198400
2013-07-11,34.9900016784668,35.0,34.61000061035156,34.880001068115234,34.880001068115234,194900
2013-07-12,34.79999923706055,35.939998626708984,34.77000045776367,35.22999954223633,35.22999954223633,176400
2013-07-15,35.36000061035156,35.97999954223633,35.22999954223633,35.7400016784668,35.7400016784668,152600
2013-07-16,35.81999969482422,36.0,34.630001068115234,35.150001525878906,35.150001525878906,191500
2013-07-17,35.02000045776367,35.31999969482422,34.470001220703125,35.04999923706055,35.04999923706055,129400
2013-07-18,35.029998779296875,35.54999923706055,34.97999954223633,35.130001068115234,35.130001068115234,121600
2013-07-19,35.0,35.0099983215332,34.25,34.90999984741211,34.90999984741211,211400
2013-07-22,35.0,35.18000030517578,34.5099983215332,34.93000030517578,34.93000030517578,173100
2013-07-23,34.970001220703125,34.9900016784668,34.61000061035156,34.65999984741211,34.65999984741211,180100
2013-07-24,34.7400016784668,34.810001373291016,33.779998779296875,34.150001525878906,34.150001525878906,209700
2013-07-25,34.150001525878906,34.41999816894531,33.97999954223633,34.310001373291016,34.310001373291016,314200
2013-07-26,34.16999816894531,34.5099983215332,33.790000915527344,34.41999816894531,34.41999816894531,292200
2013-07-29,34.45000076293945,34.84000015258789,33.869998931884766,34.08000183105469,34.08000183105469,229800
2013-07-30,34.20000076293945,34.939998626708984,34.08000183105469,34.599998474121094,34.599998474121094,395100
2013-07-31,34.9900016784668,37.0,34.779998779296875,36.869998931884766,36.869998931884766,823800
2013-08-01,37.439998626708984,38.16999816894531,36.72999954223633,37.959999084472656,37.959999084472656,353900
2013-08-02,37.869998931884766,38.18000030517578,37.45000076293945,38.099998474121094,38.099998474121094,264100
2013-08-05,38.040000915527344,38.900001525878906,37.84000015258789,38.09000015258789,38.09000015258789,214400
2013-08-06,38.060001373291016,38.439998626708984,37.459999084472656,37.97999954223633,37.97999954223633,264400
2013-08-07,37.970001220703125,38.22999954223633,37.630001068115234,38.209999084472656,38.209999084472656,181900
2013-08-08,38.41999816894531,38.90999984741211,37.61000061035156,37.709999084472656,37.709999084472656,273100
2013-08-09,37.81999969482422,38.33000183105469,37.59000015258789,38.02000045776367,38.02000045776367,157900
2013-08-12,37.88999938964844,38.560001373291016,37.45000076293945,37.97999954223633,37.97999954223633,128800
2013-08-13,37.959999084472656,38.4900016784668,37.43000030517578,38.119998931884766,38.119998931884766,113900
2013-08-14,38.209999084472656,38.5,37.7400016784668,37.810001373291016,37.810001373291016,174100
2013-08-15,37.38999938964844,37.790000915527344,37.02000045776367,37.4900016784668,37.4900016784668,202300
2013-08-16,37.27000045776367,37.66999816894531,36.650001525878906,37.619998931884766,37.619998931884766,148900
2013-08-19,37.790000915527344,37.939998626708984,37.22999954223633,37.650001525878906,37.650001525878906,222800
2013-08-20,37.709999084472656,38.06999969482422,37.689998626708984,37.97999954223633,37.97999954223633,106200
2013-08-21,37.9900016784668,38.02000045776367,37.470001220703125,37.75,37.75,212500
2013-08-22,37.72999954223633,38.06999969482422,37.59000015258789,37.95000076293945,37.95000076293945,96200
2013-08-23,37.91999816894531,38.150001525878906,37.349998474121094,38.0,38.0,184400
2013-08-26,38.029998779296875,38.5,37.36000061035156,38.470001220703125,38.470001220703125,199400
2013-08-27,37.869998931884766,38.22999954223633,37.119998931884766,37.2599983215332,37.2599983215332,128400
2013-08-28,37.150001525878906,37.54999923706055,36.91999816894531,37.5,37.5,145300
2013-08-29,37.599998474121094,38.650001525878906,37.59000015258789,38.279998779296875,38.279998779296875,111400
2013-08-30,38.36000061035156,38.650001525878906,38.130001068115234,38.33000183105469,38.33000183105469,181300
2013-09-03,38.81999969482422,39.4900016784668,37.619998931884766,37.810001373291016,37.810001373291016,203300
2013-09-04,37.779998779296875,38.529998779296875,37.540000915527344,38.4900016784668,38.4900016784668,160100
2013-09-05,38.439998626708984,38.779998779296875,38.099998474121094,38.220001220703125,38.220001220703125,197600
2013-09-06,38.540000915527344,38.560001373291016,37.380001068115234,38.20000076293945,38.20000076293945,144900
2013-09-09,38.20000076293945,38.66999816894531,38.09000015258789,38.529998779296875,38.529998779296875,125800
2013-09-10,38.7599983215332,39.779998779296875,38.68000030517578,39.189998626708984,39.189998626708984,207300
2013-09-11,39.189998626708984,39.220001220703125,38.4900016784668,38.720001220703125,38.720001220703125,165700
2013-09-12,38.63999938964844,39.72999954223633,38.619998931884766,39.189998626708984,39.189998626708984,248600
2013-09-13,39.400001525878906,39.939998626708984,39.20000076293945,39.5099983215332,39.5099983215332,181000
2013-09-16,39.81999969482422,40.099998474121094,39.41999816894531,39.540000915527344,39.540000915527344,166000
2013-09-17,39.650001525878906,40.97999954223633,39.470001220703125,40.650001525878906,40.650001525878906,226000
2013-09-18,40.70000076293945,41.29999923706055,39.81999969482422,39.90999984741211,39.90999984741211,327900
2013-09-19,39.97999954223633,40.220001220703125,39.400001525878906,39.540000915527344,39.540000915527344,200400
2013-09-20,41.11000061035156,41.11000061035156,38.849998474121094,39.2599983215332,39.2599983215332,376900
2013-09-23,39.2599983215332,39.79999923706055,38.22999954223633,39.66999816894531,39.66999816894531,293800
2013-09-24,39.56999969482422,39.939998626708984,38.970001220703125,39.119998931884766,39.119998931884766,209200
2013-09-25,39.04999923706055,39.650001525878906,38.90999984741211,39.45000076293945,39.45000076293945,182200
2013-09-26,39.56999969482422,39.79999923706055,38.93000030517578,39.09000015258789,39.09000015258789,211400
2013-09-27,38.81999969482422,39.90999984741211,38.34000015258789,39.599998474121094,39.599998474121094,337000
2013-09-30,39.400001525878906,39.93000030517578,39.04999923706055,39.43000030517578,39.43000030517578,217300
2013-10-01,39.459999084472656,40.029998779296875,39.40999984741211,39.650001525878906,39.650001525878906,252000
2013-10-02,39.529998779296875,40.900001525878906,39.52000045776367,40.709999084472656,40.709999084472656,263200
2013-10-03,40.40999984741211,41.0,39.779998779296875,40.0099983215332,40.0099983215332,236900
2013-10-04,39.900001525878906,40.54999923706055,39.66999816894531,39.939998626708984,39.939998626708984,138900
2013-10-07,39.779998779296875,39.939998626708984,38.4900016784668,39.31999969482422,39.31999969482422,202900
2013-10-08,39.439998626708984,39.849998474121094,38.380001068115234,38.650001525878906,38.650001525878906,166700
2013-10-09,38.63999938964844,38.79999923706055,37.880001068115234,38.25,38.25,191000
2013-10-10,38.58000183105469,39.630001068115234,38.400001525878906,39.290000915527344,39.290000915527344,149200
2013-10-11,39.400001525878906,39.43000030517578,38.529998779296875,38.81999969482422,38.81999969482422,246200
2013-10-14,38.61000061035156,39.130001068115234,38.439998626708984,38.939998626708984,38.939998626708984,109600
2013-10-15,38.279998779296875,38.97999954223633,38.25,38.529998779296875,38.529998779296875,101100
2013-10-16,38.5099983215332,39.81999969482422,38.5099983215332,39.779998779296875,39.779998779296875,196000
2013-10-17,39.75,40.369998931884766,38.97999954223633,40.13999938964844,40.13999938964844,174200
2013-10-18,40.459999084472656,40.560001373291016,39.849998474121094,39.95000076293945,39.95000076293945,228500
2013-10-21,40.09000015258789,40.349998474121094,39.810001373291016,39.9900016784668,39.9900016784668,298900
2013-10-22,40.189998626708984,40.540000915527344,39.68000030517578,39.7400016784668,39.7400016784668,333600
2013-10-23,39.619998931884766,39.7400016784668,39.119998931884766,39.43000030517578,39.43000030517578,109800
2013-10-24,39.43000030517578,39.61000061035156,39.16999816894531,39.33000183105469,39.33000183105469,101600
2013-10-25,39.470001220703125,39.52000045776367,38.86000061035156,39.279998779296875,39.279998779296875,95300
2013-10-28,39.20000076293945,39.5,38.810001373291016,39.13999938964844,39.13999938964844,340500
2013-10-29,39.099998474121094,40.560001373291016,38.90999984741211,39.349998474121094,39.349998474121094,392400
2013-10-30,40.13999938964844,43.54999923706055,39.38999938964844,42.66999816894531,42.66999816894531,987900
2013-10-31,42.869998931884766,43.709999084472656,42.22999954223633,43.41999816894531,43.41999816894531,403100
2013-11-01,43.220001220703125,43.31999969482422,42.06999969482422,42.279998779296875,42.279998779296875,296600
2013-11-04,42.540000915527344,43.47999954223633,42.43000030517578,42.709999084472656,42.709999084472656,252100
2013-11-05,42.630001068115234,43.189998626708984,41.95000076293945,43.08000183105469,43.08000183105469,111500
2013-11-06,43.40999984741211,43.91999816894531,42.150001525878906,42.209999084472656,42.209999084472656,195500
2013-11-07,42.29999923706055,42.29999923706055,41.36000061035156,41.900001525878906,41.900001525878906,258800
2013-11-08,41.79999923706055,43.650001525878906,41.650001525878906,43.060001373291016,43.060001373291016,230700
2013-11-11,43.130001068115234,43.91999816894531,43.130001068115234,43.41999816894531,43.41999816894531,159900
2013-11-12,43.439998626708984,44.290000915527344,43.189998626708984,44.2400016784668,44.2400016784668,82400
2013-11-13,44.13999938964844,44.5,43.630001068115234,44.459999084472656,44.459999084472656,99800
2013-11-14,44.400001525878906,44.959999084472656,44.13999938964844,44.70000076293945,44.70000076293945,125200
2013-11-15,44.630001068115234,44.84000015258789,43.189998626708984,43.70000076293945,43.70000076293945,237700
2013-11-18,43.689998626708984,43.900001525878906,43.310001373291016,43.56999969482422,43.56999969482422,264300
2013-11-19,43.4900016784668,45.119998931884766,43.40999984741211,44.0,44.0,433300
2013-11-20,44.0,45.380001068115234,43.4900016784668,44.970001220703125,44.970001220703125,372100
2013-11-21,45.209999084472656,46.38999938964844,45.0,45.79999923706055,45.79999923706055,185000
2013-11-22,46.13999938964844,46.279998779296875,44.310001373291016,44.84000015258789,44.84000015258789,267400
2013-11-25,45.119998931884766,45.84000015258789,44.83000183105469,45.22999954223633,45.22999954223633,228000
2013-11-26,45.220001220703125,46.790000915527344,44.619998931884766,46.63999938964844,46.63999938964844,147800
2013-11-27,46.88999938964844,47.709999084472656,46.29999923706055,47.029998779296875,47.029998779296875,208700
2013-11-29,47.29999923706055,47.599998474121094,46.18000030517578,46.20000076293945,46.20000076293945,163200
2013-12-02,46.31999969482422,49.13999938964844,46.31999969482422,48.459999084472656,48.459999084472656,605800
2013-12-03,48.27000045776367,48.349998474121094,46.970001220703125,47.81999969482422,47.81999969482422,461600
2013-12-04,47.529998779296875,47.790000915527344,46.310001373291016,47.060001373291016,47.060001373291016,347100
2013-12-05,47.130001068115234,47.560001373291016,46.150001525878906,46.38999938964844,46.38999938964844,397300
2013-12-06,46.279998779296875,46.869998931884766,45.650001525878906,45.810001373291016,45.810001373291016,414900
2013-12-09,45.9900016784668,46.36000061035156,45.5,45.709999084472656,45.709999084472656,356200
2013-12-10,45.59000015258789,45.84000015258789,45.08000183105469,45.68000030517578,45.68000030517578,376400
2013-12-11,45.810001373291016,46.20000076293945,44.369998931884766,44.689998626708984,44.689998626708984,315200
2013-12-12,44.779998779296875,45.5,44.31999969482422,45.45000076293945,45.45000076293945,301200
2013-12-13,45.59000015258789,46.90999984741211,45.540000915527344,46.099998474121094,46.099998474121094,387700
2013-12-16,46.11000061035156,47.400001525878906,45.97999954223633,46.130001068115234,46.130001068115234,322800
2013-12-17,46.2599983215332,47.72999954223633,45.849998474121094,46.47999954223633,46.47999954223633,332700
2013-12-18,47.099998474121094,48.349998474121094,46.45000076293945,47.38999938964844,47.38999938964844,782600
2013-12-19,47.209999084472656,47.540000915527344,46.119998931884766,46.63999938964844,46.63999938964844,328800
2013-12-20,46.849998474121094,47.40999984741211,45.959999084472656,47.15999984741211,47.15999984741211,390000
2013-12-23,47.43000030517578,47.91999816894531,46.849998474121094,47.84000015258789,47.84000015258789,280900
2013-12-24,48.02000045776367,48.31999969482422,47.369998931884766,47.5,47.5,134900
2013-12-26,47.59000015258789,48.470001220703125,47.40999984741211,47.939998626708984,47.939998626708984,142900
2013-12-27,48.119998931884766,48.119998931884766,47.0099983215332,47.34000015258789,47.34000015258789,345300
2013-12-30,47.349998474121094,48.0,47.0,47.7599983215332,47.7599983215332,397600
2013-12-31,47.59000015258789,47.599998474121094,46.529998779296875,47.33000183105469,47.33000183105469,1005200
2014-01-02,47.279998779296875,47.61000061035156,46.560001373291016,47.04999923706055,47.04999923706055,392600
2014-01-03,47.02000045776367,48.099998474121094,47.02000045776367,47.77000045776367,47.77000045776367,254600
2014-01-06,48.06999969482422,48.9900016784668,47.810001373291016,48.380001068115234,48.380001068115234,638800
2014-01-07,48.0,49.439998626708984,48.0,48.47999954223633,48.47999954223633,636700
2014-01-08,48.5,49.5099983215332,48.5,49.31999969482422,49.31999969482422,483400
2014-01-09,49.58000183105469,49.790000915527344,48.70000076293945,49.459999084472656,49.459999084472656,272700
2014-01-10,49.70000076293945,53.0,49.630001068115234,52.54999923706055,52.54999923706055,872200
2014-01-13,52.0,52.88999938964844,51.31999969482422,51.68000030517578,51.68000030517578,377200
2014-01-14,51.68000030517578,52.33000183105469,51.5,52.209999084472656,52.209999084472656,288000
2014-01-15,52.290000915527344,52.849998474121094,51.86000061035156,52.70000076293945,52.70000076293945,199700
2014-01-16,52.7400016784668,53.66999816894531,52.560001373291016,52.63999938964844,52.63999938964844,207500
2014-01-17,52.470001220703125,53.529998779296875,52.09000015258789,53.0099983215332,53.0099983215332,264700
2014-01-21,53.4900016784668,53.4900016784668,52.5099983215332,52.9900016784668,52.9900016784668,219900
2014-01-22,52.97999954223633,53.869998931884766,52.689998626708984,53.54999923706055,53.54999923706055,171800
2014-01-23,53.220001220703125,53.5,52.459999084472656,53.130001068115234,53.130001068115234,226800
2014-01-24,52.779998779296875,52.779998779296875,52.099998474121094,52.2599983215332,52.2599983215332,311700
2014-01-27,52.220001220703125,52.650001525878906,51.59000015258789,52.59000015258789,52.59000015258789,526500
2014-01-28,52.54999923706055,52.97999954223633,50.970001220703125,51.439998626708984,51.439998626708984,476500
2014-01-29,51.16999816894531,51.97999954223633,50.540000915527344,50.9900016784668,50.9900016784668,381700
2014-01-30,51.290000915527344,51.65999984741211,50.599998474121094,50.630001068115234,50.630001068115234,263800
2014-01-31,50.029998779296875,51.59000015258789,49.75,51.040000915527344,51.040000915527344,302700
2014-02-03,51.119998931884766,52.040000915527344,49.2599983215332,49.810001373291016,49.810001373291016,503400
2014-02-04,49.86000061035156,49.86000061035156,48.36000061035156,48.599998474121094,48.599998474121094,434400
2014-02-05,48.540000915527344,48.93000030517578,47.22999954223633,48.119998931884766,48.119998931884766,322000
2014-02-06,48.369998931884766,48.5,47.52000045776367,48.04999923706055,48.04999923706055,270500
2014-02-07,48.02000045776367,49.540000915527344,47.540000915527344,49.290000915527344,49.290000915527344,327400
2014-02-10,49.45000076293945,50.060001373291016,49.27000045776367,49.65999984741211,49.65999984741211,223300
2014-02-11,49.61000061035156,50.58000183105469,49.29999923706055,50.25,50.25,241200
2014-02-12,50.18000030517578,50.65999984741211,49.58000183105469,49.83000183105469,49.83000183105469,196400
2014-02-13,49.5,51.439998626708984,49.36000061035156,51.2400016784668,51.2400016784668,267800
2014-02-14,51.38999938964844,51.939998626708984,50.97999954223633,51.18000030517578,51.18000030517578,244900
2014-02-18,51.13999938964844,53.459999084472656,51.13999938964844,53.369998931884766,53.369998931884766,368900
2014-02-19,53.5,53.54999923706055,51.45000076293945,51.45000076293945,51.45000076293945,468600
2014-02-20,49.650001525878906,52.41999816894531,49.0,51.88999938964844,51.88999938964844,1125900
2014-02-21,52.220001220703125,52.9900016784668,49.9900016784668,50.060001373291016,50.060001373291016,490600
2014-02-24,50.34000015258789,51.5,50.25,50.93000030517578,50.93000030517578,344400
2014-02-25,50.88999938964844,51.619998931884766,50.119998931884766,50.209999084472656,50.209999084472656,286500
2014-02-26,50.099998474121094,51.04999923706055,50.0099983215332,50.75,50.75,240600
2014-02-27,50.779998779296875,51.439998626708984,50.369998931884766,50.790000915527344,50.790000915527344,377800
2014-02-28,50.95000076293945,51.27000045776367,49.369998931884766,49.439998626708984,49.439998626708984,288700
2014-03-03,49.18000030517578,49.209999084472656,47.33000183105469,48.13999938964844,48.13999938964844,444900
2014-03-04,48.709999084472656,49.79999923706055,48.25,49.540000915527344,49.540000915527344,743500
2014-03-05,49.34000015258789,49.81999969482422,48.5,48.72999954223633,48.72999954223633,263200
2014-03-06,48.279998779296875,48.5099983215332,47.130001068115234,47.619998931884766,47.619998931884766,494900
2014-03-07,47.959999084472656,48.220001220703125,46.83000183105469,47.290000915527344,47.290000915527344,454800
2014-03-10,47.369998931884766,47.38999938964844,46.09000015258789,46.95000076293945,46.95000076293945,368900
2014-03-11,46.880001068115234,46.880001068115234,45.459999084472656,46.13999938964844,46.13999938964844,474900
2014-03-12,45.7400016784668,46.7599983215332,45.38999938964844,46.459999084472656,46.459999084472656,319600
2014-03-13,46.630001068115234,47.15999984741211,44.45000076293945,45.06999969482422,45.06999969482422,539700
2014-03-14,44.79999923706055,46.209999084472656,44.0,46.15999984741211,46.15999984741211,326600
2014-03-17,46.56999969482422,46.83000183105469,46.099998474121094,46.400001525878906,46.400001525878906,374800
2014-03-18,46.31999969482422,48.459999084472656,46.31999969482422,47.72999954223633,47.72999954223633,516100
2014-03-19,47.689998626708984,48.11000061035156,46.83000183105469,47.4900016784668,47.4900016784668,341100
2014-03-20,47.279998779296875,48.61000061035156,46.5,47.66999816894531,47.66999816894531,144500
2014-03-21,48.02000045776367,48.63999938964844,46.9900016784668,47.279998779296875,47.279998779296875,652200
2014-03-24,47.22999954223633,47.22999954223633,45.33000183105469,46.2400016784668,46.2400016784668,384700
2014-03-25,46.5099983215332,47.02000045776367,45.36000061035156,45.619998931884766,45.619998931884766,266300
2014-03-26,45.939998626708984,46.349998474121094,45.369998931884766,45.43000030517578,45.43000030517578,282000
2014-03-27,45.400001525878906,45.77000045776367,44.36000061035156,44.81999969482422,44.81999969482422,354700
2014-03-28,44.65999984741211,45.88999938964844,44.150001525878906,44.529998779296875,44.529998779296875,241600
2014-03-31,44.599998474121094,45.66999816894531,44.5,45.119998931884766,45.119998931884766,384400
2014-04-01,45.04999923706055,46.380001068115234,44.86000061035156,45.97999954223633,45.97999954223633,298400
2014-04-02,45.939998626708984,46.439998626708984,45.41999816894531,45.97999954223633,45.97999954223633,233800
2014-04-03,45.869998931884766,46.29999923706055,45.70000076293945,45.970001220703125,45.970001220703125,389900
2014-04-04,46.13999938964844,46.56999969482422,44.459999084472656,44.630001068115234,44.630001068115234,205600
2014-04-07,44.40999984741211,44.88999938964844,42.790000915527344,42.959999084472656,42.959999084472656,238400
2014-04-08,42.880001068115234,43.15999984741211,41.529998779296875,42.63999938964844,42.63999938964844,386300
2014-04-09,42.72999954223633,44.27000045776367,42.529998779296875,44.16999816894531,44.16999816894531,221000
2014-04-10,44.09000015258789,44.09000015258789,42.290000915527344,42.58000183105469,42.58000183105469,206500
2014-04-11,42.130001068115234,42.77000045776367,41.88999938964844,42.209999084472656,42.209999084472656,306500
2014-04-14,42.40999984741211,43.31999969482422,41.959999084472656,42.43000030517578,42.43000030517578,235500
2014-04-15,42.470001220703125,42.84000015258789,41.0,41.65999984741211,41.65999984741211,353800
2014-04-16,41.810001373291016,42.38999938964844,41.11000061035156,41.97999954223633,41.97999954223633,450200
2014-04-17,41.790000915527344,42.279998779296875,40.70000076293945,41.38999938964844,41.38999938964844,407100
2014-04-21,41.34000015258789,41.790000915527344,40.959999084472656,41.540000915527344,41.540000915527344,258400
2014-04-22,41.61000061035156,42.29999923706055,41.41999816894531,41.810001373291016,41.810001373291016,287000
2014-04-23,41.720001220703125,41.720001220703125,38.7599983215332,40.209999084472656,40.209999084472656,980200
2014-04-24,40.27000045776367,41.279998779296875,39.63999938964844,40.220001220703125,40.220001220703125,592800
2014-04-25,40.13999938964844,42.0099983215332,40.06999969482422,41.290000915527344,41.290000915527344,546400
2014-04-28,41.439998626708984,42.599998474121094,40.81999969482422,41.869998931884766,41.869998931884766,708100
2014-04-29,42.209999084472656,42.720001220703125,40.97999954223633,42.290000915527344,42.290000915527344,924500
2014-04-30,42.41999816894531,42.84000015258789,40.189998626708984,42.02000045776367,42.02000045776367,1093300
2014-05-01,41.75,41.900001525878906,39.689998626708984,41.459999084472656,41.459999084472656,856000
2014-05-02,41.4900016784668,45.599998474121094,41.04999923706055,44.97999954223633,44.97999954223633,1104100
2014-05-05,44.4900016784668,44.599998474121094,43.5,44.189998626708984,44.189998626708984,545100
2014-05-06,43.959999084472656,44.290000915527344,43.029998779296875,43.84000015258789,43.84000015258789,440800
2014-05-07,43.75,44.040000915527344,41.900001525878906,42.599998474121094,42.599998474121094,482000
2014-05-08,42.400001525878906,43.58000183105469,41.650001525878906,41.709999084472656,41.709999084472656,273800
2014-05-09,41.5,42.59000015258789,39.95000076293945,42.209999084472656,42.209999084472656,277400
2014-05-12,42.5,43.869998931884766,42.060001373291016,43.029998779296875,43.029998779296875,436300
2014-05-13,43.09000015258789,44.11000061035156,42.95000076293945,43.060001373291016,43.060001373291016,354000
2014-05-14,43.040000915527344,43.25,42.16999816894531,42.90999984741211,42.90999984741211,260600
2014-05-15,42.66999816894531,43.18000030517578,41.47999954223633,42.9900016784668,42.9900016784668,290900
2014-05-16,42.90999984741211,42.90999984741211,42.189998626708984,42.56999969482422,42.56999969482422,221100
2014-05-19,42.290000915527344,42.65999984741211,41.470001220703125,42.41999816894531,42.41999816894531,194500
2014-05-20,42.16999816894531,42.59000015258789,41.41999816894531,41.90999984741211,41.90999984741211,415200
2014-05-21,42.040000915527344,42.599998474121094,42.0,42.36000061035156,42.36000061035156,395500
2014-05-22,42.36000061035156,42.95000076293945,41.880001068115234,42.439998626708984,42.439998626708984,316300
2014-05-23,42.400001525878906,43.25,42.22999954223633,43.150001525878906,43.150001525878906,154500
2014-05-27,43.630001068115234,44.81999969482422,43.349998474121094,44.68000030517578,44.68000030517578,311200
2014-05-28,44.72999954223633,44.88999938964844,43.310001373291016,43.66999816894531,43.66999816894531,273000
2014-05-29,43.9900016784668,44.279998779296875,42.619998931884766,43.0,43.0,217300
2014-05-30,43.0,43.20000076293945,42.540000915527344,42.63999938964844,42.63999938964844,257000
2014-06-02,42.63999938964844,42.66999816894531,41.630001068115234,42.040000915527344,42.040000915527344,224200
2014-06-03,44.75,49.290000915527344,44.70000076293945,47.97999954223633,47.97999954223633,1801300
2014-06-04,47.68000030517578,48.040000915527344,46.72999954223633,47.20000076293945,47.20000076293945,585000
2014-06-05,47.20000076293945,47.720001220703125,46.61000061035156,46.93000030517578,46.93000030517578,441900
2014-06-06,47.279998779296875,47.279998779296875,46.150001525878906,46.290000915527344,46.290000915527344,249800
2014-06-09,45.2599983215332,46.52000045776367,44.77000045776367,46.439998626708984,46.439998626708984,437700
2014-06-10,45.40999984741211,45.90999984741211,44.79999923706055,45.7400016784668,45.7400016784668,405700
2014-06-11,45.5,45.599998474121094,44.310001373291016,44.86000061035156,44.86000061035156,575200
2014-06-12,44.900001525878906,45.790000915527344,44.79999923706055,45.45000076293945,45.45000076293945,3188800
2014-06-13,45.7400016784668,46.20000076293945,45.0099983215332,45.52000045776367,45.52000045776367,736700
2014-06-16,45.40999984741211,45.83000183105469,44.72999954223633,45.2400016784668,45.2400016784668,518600
2014-06-17,45.08000183105469,46.5,44.939998626708984,46.38999938964844,46.38999938964844,822400
2014-06-18,46.25,46.650001525878906,45.81999969482422,46.16999816894531,46.16999816894531,437300
2014-06-19,46.130001068115234,46.84000015258789,45.810001373291016,46.630001068115234,46.630001068115234,397200
2014-06-20,47.0,47.59000015258789,46.40999984741211,47.52000045776367,47.52000045776367,731800
2014-06-23,47.41999816894531,47.650001525878906,46.90999984741211,47.59000015258789,47.59000015258789,345600
2014-06-24,47.400001525878906,48.02000045776367,46.63999938964844,47.25,47.25,531900
2014-06-25,46.83000183105469,47.709999084472656,46.70000076293945,47.29999923706055,47.29999923706055,337100
2014-06-26,47.220001220703125,47.220001220703125,46.0,46.599998474121094,46.599998474121094,250400
2014-06-27,46.29999923706055,46.779998779296875,45.779998779296875,46.689998626708984,46.689998626708984,274700
2014-06-30,46.68000030517578,47.06999969482422,45.38999938964844,45.5,45.5,562500
2014-07-01,45.869998931884766,46.68000030517578,45.20000076293945,46.04999923706055,46.04999923706055,553300
2014-07-02,46.25,47.90999984741211,46.02000045776367,47.849998474121094,47.849998474121094,645000
2014-07-03,47.849998474121094,47.959999084472656,46.79999923706055,47.45000076293945,47.45000076293945,210600
2014-07-07,47.2400016784668,47.2400016784668,46.099998474121094,46.209999084472656,46.209999084472656,241000
2014-07-08,44.45000076293945,46.560001373291016,44.45000076293945,45.060001373291016,45.060001373291016,360700
2014-07-09,45.06999969482422,45.540000915527344,44.11000061035156,45.150001525878906,45.150001525878906,161300
2014-07-10,44.15999984741211,45.369998931884766,43.45000076293945,45.119998931884766,45.119998931884766,362100
2014-07-11,45.22999954223633,45.93000030517578,44.81999969482422,45.779998779296875,45.779998779296875,404900
2014-07-14,46.099998474121094,46.58000183105469,45.59000015258789,46.439998626708984,46.439998626708984,406200
2014-07-15,46.5,46.939998626708984,45.77000045776367,45.790000915527344,45.790000915527344,326200
2014-07-16,45.97999954223633,46.720001220703125,45.650001525878906,45.880001068115234,45.880001068115234,178800
2014-07-17,45.83000183105469,46.59000015258789,45.25,45.400001525878906,45.400001525878906,250500
2014-07-18,45.2599983215332,46.040000915527344,44.77000045776367,45.70000076293945,45.70000076293945,456700
2014-07-21,45.560001373291016,46.68000030517578,44.9900016784668,46.56999969482422,46.56999969482422,230700
2014-07-22,46.68000030517578,47.720001220703125,46.380001068115234,47.2599983215332,47.2599983215332,452800
2014-07-23,47.58000183105469,47.709999084472656,46.93000030517578,47.2400016784668,47.2400016784668,286300
2014-07-24,47.5,47.709999084472656,47.060001373291016,47.27000045776367,47.27000045776367,211000
2014-07-25,47.209999084472656,49.88999938964844,47.209999084472656,48.709999084472656,48.709999084472656,733500
2014-07-28,48.709999084472656,50.66999816894531,48.709999084472656,50.599998474121094,50.599998474121094,669800
2014-07-29,51.0099983215332,52.08000183105469,49.47999954223633,49.779998779296875,49.779998779296875,1035100
2014-07-30,49.439998626708984,50.599998474121094,46.400001525878906,49.52000045776367,49.52000045776367,1146700
2014-07-31,49.22999954223633,49.45000076293945,47.5,47.65999984741211,47.65999984741211,1293300
2014-08-01,47.86000061035156,49.06999969482422,47.0099983215332,47.15999984741211,47.15999984741211,501900
2014-08-04,47.290000915527344,48.029998779296875,46.5,47.88999938964844,47.88999938964844,312700
2014-08-05,47.61000061035156,48.459999084472656,47.029998779296875,47.59000015258789,47.59000015258789,256700
2014-08-06,47.150001525878906,48.119998931884766,46.959999084472656,47.68000030517578,47.68000030517578,293900
2014-08-07,48.11000061035156,48.33000183105469,46.9900016784668,47.2599983215332,47.2599983215332,265300
2014-08-08,47.2599983215332,47.709999084472656,46.47999954223633,47.54999923706055,47.54999923706055,210700
2014-08-11,47.79999923706055,48.599998474121094,47.08000183105469,48.15999984741211,48.15999984741211,277300
2014-08-12,47.95000076293945,47.970001220703125,47.0,47.599998474121094,47.599998474121094,235300
2014-08-13,47.84000015258789,48.880001068115234,47.72999954223633,48.4900016784668,48.4900016784668,251700
2014-08-14,48.529998779296875,49.2599983215332,48.529998779296875,49.13999938964844,49.13999938964844,208600
2014-08-15,49.5,49.720001220703125,48.060001373291016,48.5099983215332,48.5099983215332,277300
2014-08-18,48.900001525878906,50.18000030517578,48.29999923706055,50.13999938964844,50.13999938964844,240000
2014-08-19,50.130001068115234,50.91999816894531,50.029998779296875,50.459999084472656,50.459999084472656,358400
2014-08-20,50.13999938964844,50.56999969482422,49.58000183105469,50.029998779296875,50.029998779296875,176600
2014-08-21,50.16999816894531,50.68000030517578,49.5,50.2599983215332,50.2599983215332,141900
2014-08-22,50.25,50.63999938964844,49.81999969482422,50.27000045776367,50.27000045776367,163400
2014-08-25,50.70000076293945,50.880001068115234,50.22999954223633,50.630001068115234,50.630001068115234,227900
2014-08-26,50.56999969482422,51.689998626708984,50.56999969482422,51.29999923706055,51.29999923706055,219100
2014-08-27,51.560001373291016,52.22999954223633,51.29999923706055,51.97999954223633,51.97999954223633,337100
2014-08-28,51.65999984741211,52.13999938964844,51.040000915527344,51.540000915527344,51.540000915527344,345500
2014-08-29,51.79999923706055,52.369998931884766,51.119998931884766,51.209999084472656,51.209999084472656,314700
2014-09-02,51.41999816894531,52.279998779296875,50.779998779296875,52.0,52.0,335100
2014-09-03,52.18000030517578,52.18000030517578,51.04999923706055,51.20000076293945,51.20000076293945,252200
2014-09-04,51.41999816894531,51.540000915527344,49.349998474121094,49.470001220703125,49.470001220703125,261900
2014-09-05,49.22999954223633,50.36000061035156,48.84000015258789,50.29999923706055,50.29999923706055,244200
2014-09-08,50.41999816894531,51.130001068115234,50.2400016784668,50.869998931884766,50.869998931884766,146000
2014-09-09,50.68000030517578,51.02000045776367,50.36000061035156,50.4900016784668,50.4900016784668,152000
2014-09-10,50.650001525878906,50.869998931884766,50.08000183105469,50.7400016784668,50.7400016784668,184900
2014-09-11,50.380001068115234,51.11000061035156,50.06999969482422,50.869998931884766,50.869998931884766,208900
2014-09-12,50.83000183105469,51.400001525878906,50.470001220703125,50.790000915527344,50.790000915527344,342100
2014-09-15,50.720001220703125,51.13999938964844,49.2400016784668,50.0,50.0,230300
2014-09-16,50.0,50.34000015258789,49.09000015258789,49.099998474121094,49.099998474121094,271300
2014-09-17,49.33000183105469,49.86000061035156,48.599998474121094,49.220001220703125,49.220001220703125,178500
2014-09-18,49.56999969482422,51.36000061035156,49.56999969482422,51.13999938964844,51.13999938964844,323800
2014-09-19,51.380001068115234,52.27000045776367,51.29999923706055,52.16999816894531,52.16999816894531,573700
2014-09-22,52.0,52.36000061035156,51.45000076293945,51.58000183105469,51.58000183105469,430700
2014-09-23,51.27000045776367,51.880001068115234,50.630001068115234,50.709999084472656,50.709999084472656,257200
2014-09-24,50.90999984741211,52.189998626708984,50.720001220703125,51.90999984741211,51.90999984741211,177400
2014-09-25,51.880001068115234,51.880001068115234,50.54999923706055,50.72999954223633,50.72999954223633,207200
2014-09-26,50.779998779296875,51.029998779296875,49.72999954223633,49.95000076293945,49.95000076293945,197900
2014-09-29,49.61000061035156,50.58000183105469,49.459999084472656,49.959999084472656,49.959999084472656,177700
2014-09-30,50.0,50.529998779296875,48.45000076293945,48.5,48.5,400400
2014-10-01,48.619998931884766,48.72999954223633,47.220001220703125,47.529998779296875,47.529998779296875,390500
2014-10-02,47.529998779296875,49.13999938964844,47.5099983215332,49.029998779296875,49.029998779296875,220200
2014-10-03,49.54999923706055,50.40999984741211,49.41999816894531,50.25,50.25,206800
2014-10-06,50.52000045776367,50.810001373291016,50.2400016784668,50.540000915527344,50.540000915527344,218100
2014-10-07,50.18000030517578,51.25,49.81999969482422,50.459999084472656,50.459999084472656,265400
2014-10-08,50.209999084472656,50.79999923706055,49.529998779296875,50.349998474121094,50.349998474121094,463600
2014-10-09,50.5,51.189998626708984,49.15999984741211,49.220001220703125,49.220001220703125,308300
2014-10-10,48.93000030517578,50.279998779296875,48.70000076293945,48.77000045776367,48.77000045776367,318200
2014-10-13,48.81999969482422,50.40999984741211,48.65999984741211,49.099998474121094,49.099998474121094,229100
2014-10-14,49.54999923706055,49.880001068115234,47.90999984741211,48.33000183105469,48.33000183105469,366200
2014-10-15,47.869998931884766,49.0099983215332,46.869998931884766,48.75,48.75,399800
2014-10-16,48.040000915527344,50.63999938964844,47.02000045776367,50.27000045776367,50.27000045776367,431000
2014-10-17,50.900001525878906,50.900001525878906,49.459999084472656,49.75,49.75,377300
2014-10-20,49.61000061035156,50.54999923706055,49.45000076293945,50.45000076293945,50.45000076293945,275800
2014-10-21,50.84000015258789,52.529998779296875,50.84000015258789,52.34000015258789,52.34000015258789,389000
2014-10-22,53.15999984741211,54.4900016784668,52.5,52.65999984741211,52.65999984741211,733700
2014-10-23,53.06999969482422,54.310001373291016,51.93000030517578,52.70000076293945,52.70000076293945,582600
2014-10-24,52.79999923706055,53.2400016784668,52.36000061035156,52.970001220703125,52.970001220703125,261700
2014-10-27,52.86000061035156,53.599998474121094,52.599998474121094,53.459999084472656,53.459999084472656,363900
2014-10-28,53.529998779296875,53.66999816894531,52.29999923706055,53.130001068115234,53.130001068115234,548600
2014-10-29,53.040000915527344,53.369998931884766,52.43000030517578,52.90999984741211,52.90999984741211,301400
2014-10-30,60.20000076293945,61.90999984741211,57.189998626708984,59.08000183105469,59.08000183105469,1730100
2014-10-31,65.12999725341797,66.87999725341797,61.439998626708984,62.04999923706055,62.04999923706055,1040500
2014-11-03,61.72999954223633,62.0,58.90999984741211,60.52000045776367,60.52000045776367,1115800
2014-11-04,60.220001220703125,61.04999923706055,59.34000015258789,60.77000045776367,60.77000045776367,447500
2014-11-05,61.4900016784668,62.040000915527344,60.0,60.29999923706055,60.29999923706055,365400
2014-11-06,60.099998474121094,61.150001525878906,59.540000915527344,60.65999984741211,60.65999984741211,244400
2014-11-07,60.34000015258789,60.869998931884766,59.880001068115234,60.40999984741211,60.40999984741211,584400
2014-11-10,60.599998474121094,61.40999984741211,60.11000061035156,61.290000915527344,61.290000915527344,441900
2014-11-11,61.220001220703125,61.9900016784668,60.45000076293945,61.47999954223633,61.47999954223633,245400
2014-11-12,60.84000015258789,61.47999954223633,60.060001373291016,61.43000030517578,61.43000030517578,194900
2014-11-13,61.290000915527344,61.93000030517578,60.439998626708984,61.290000915527344,61.290000915527344,263800
2014-11-14,61.15999984741211,61.779998779296875,60.56999969482422,61.31999969482422,61.31999969482422,564100
2014-11-17,61.099998474121094,63.150001525878906,60.79999923706055,62.25,62.25,675800
2014-11-18,62.56999969482422,63.68000030517578,62.29999923706055,63.0099983215332,63.0099983215332,470900
2014-11-19,62.75,62.75,61.2599983215332,62.0099983215332,62.0099983215332,273700
2014-11-20,61.70000076293945,62.41999816894531,61.11000061035156,62.16999816894531,62.16999816894531,158400
2014-11-21,62.95000076293945,62.95000076293945,61.560001373291016,61.779998779296875,61.779998779296875,184500
2014-11-24,61.9900016784668,63.86000061035156,61.869998931884766,63.209999084472656,63.209999084472656,177500
2014-11-25,63.59000015258789,63.84000015258789,62.119998931884766,62.16999816894531,62.16999816894531,221000
2014-11-26,62.06999969482422,63.119998931884766,61.5,62.11000061035156,62.11000061035156,218400
2014-11-28,62.099998474121094,63.709999084472656,61.880001068115234,62.0099983215332,62.0099983215332,132000
2014-12-01,62.0,63.22999954223633,61.02000045776367,61.65999984741211,61.65999984741211,263900
2014-12-02,62.04999923706055,63.36000061035156,62.0099983215332,62.220001220703125,62.220001220703125,237700
2014-12-03,62.439998626708984,63.849998474121094,61.65999984741211,63.290000915527344,63.290000915527344,166600
2014-12-04,63.40999984741211,64.16999816894531,62.849998474121094,63.5,63.5,286200
2014-12-05,63.90999984741211,64.98999786376953,63.72999954223633,64.05999755859375,64.05999755859375,500300
2014-12-08,64.06999969482422,64.48999786376953,62.56999969482422,63.060001373291016,63.060001373291016,363500
2014-12-09,62.349998474121094,63.27000045776367,59.7400016784668,63.209999084472656,63.209999084472656,470500
2014-12-10,62.939998626708984,63.439998626708984,60.22999954223633,60.66999816894531,60.66999816894531,398900
2014-12-11,60.84000015258789,62.650001525878906,60.619998931884766,62.31999969482422,62.31999969482422,289100
2014-12-12,61.5099983215332,62.88999938964844,61.5099983215332,61.56999969482422,61.56999969482422,241400
2014-12-15,61.66999816894531,62.470001220703125,59.04999923706055,60.790000915527344,60.790000915527344,620800
2014-12-16,60.31999969482422,61.18000030517578,59.060001373291016,59.16999816894531,59.16999816894531,509900
2014-12-17,59.040000915527344,61.47999954223633,59.040000915527344,61.33000183105469,61.33000183105469,439200
2014-12-18,61.869998931884766,63.20000076293945,61.68000030517578,63.13999938964844,63.13999938964844,279400
2014-12-19,63.040000915527344,63.31999969482422,62.58000183105469,62.959999084472656,62.959999084472656,489200
2014-12-22,62.75,63.59000015258789,62.599998474121094,63.04999923706055,63.04999923706055,173000
2014-12-23,63.290000915527344,63.380001068115234,62.0,62.58000183105469,62.58000183105469,255000
2014-12-24,62.599998474121094,63.060001373291016,62.29999923706055,62.91999816894531,62.91999816894531,141400
2014-12-26,63.290000915527344,63.29999923706055,62.619998931884766,62.959999084472656,62.959999084472656,122200
2014-12-29,63.0099983215332,64.48999786376953,62.209999084472656,62.7400016784668,62.7400016784668,272300
2014-12-30,62.5099983215332,62.779998779296875,61.84000015258789,62.279998779296875,62.279998779296875,131500
2014-12-31,62.58000183105469,62.79999923706055,61.060001373291016,61.209999084472656,61.209999084472656,331500
2015-01-02,61.75,62.20000076293945,58.72999954223633,59.97999954223633,59.97999954223633,486200
2015-01-05,59.38999938964844,59.43000030517578,57.4900016784668,59.119998931884766,59.119998931884766,383000
2015-01-06,59.40999984741211,59.790000915527344,57.279998779296875,58.189998626708984,58.189998626708984,322600
2015-01-07,58.33000183105469,60.65999984741211,58.33000183105469,60.630001068115234,60.630001068115234,284000
2015-01-08,61.22999954223633,62.279998779296875,60.75,61.7599983215332,61.7599983215332,233000
2015-01-09,61.86000061035156,62.61000061035156,61.349998474121094,61.77000045776367,61.77000045776367,207900
2015-01-12,61.869998931884766,62.20000076293945,60.5099983215332,60.90999984741211,60.90999984741211,280300
2015-01-13,61.52000045776367,62.9900016784668,60.36000061035156,61.72999954223633,61.72999954223633,360900
2015-01-14,61.380001068115234,61.56999969482422,59.790000915527344,60.41999816894531,60.41999816894531,273400
2015-01-15,60.31999969482422,60.59000015258789,58.689998626708984,59.06999969482422,59.06999969482422,258600
2015-01-16,58.290000915527344,59.91999816894531,58.09000015258789,59.13999938964844,59.13999938964844,313300
2015-01-20,59.41999816894531,59.880001068115234,57.95000076293945,58.72999954223633,58.72999954223633,339700
2015-01-21,58.56999969482422,59.349998474121094,58.04999923706055,58.130001068115234,58.130001068115234,273000
2015-01-22,58.68000030517578,59.91999816894531,58.04999923706055,59.38999938964844,59.38999938964844,295700
2015-01-23,59.41999816894531,60.58000183105469,58.31999969482422,60.41999816894531,60.41999816894531,426900
2015-01-26,60.70000076293945,61.25,59.75,61.220001220703125,61.220001220703125,233900
2015-01-27,60.36000061035156,61.33000183105469,60.04999923706055,60.66999816894531,60.66999816894531,245600
2015-01-28,61.119998931884766,61.900001525878906,58.93000030517578,59.08000183105469,59.08000183105469,182600
2015-01-29,59.150001525878906,60.06999969482422,58.279998779296875,58.95000076293945,58.95000076293945,312100
2015-01-30,58.619998931884766,58.790000915527344,57.06999969482422,57.75,57.75,376300
2015-02-02,57.869998931884766,58.43000030517578,55.56999969482422,57.29999923706055,57.29999923706055,620100
2015-02-03,57.29999923706055,58.91999816894531,56.90999984741211,58.810001373291016,58.810001373291016,359900
2015-02-04,58.79999923706055,60.91999816894531,58.279998779296875,60.15999984741211,60.15999984741211,313900
2015-02-05,60.27000045776367,61.27000045776367,59.4900016784668,61.16999816894531,61.16999816894531,261900
2015-02-06,61.2400016784668,61.93000030517578,60.31999969482422,61.869998931884766,61.869998931884766,284100
2015-02-09,61.83000183105469,62.290000915527344,61.09000015258789,61.79999923706055,61.79999923706055,493900
2015-02-10,62.5,64.23999786376953,62.11000061035156,63.93000030517578,63.93000030517578,451900
2015-02-11,63.630001068115234,65.44999694824219,62.86000061035156,64.7300033569336,64.7300033569336,729700
2015-02-12,62.4900016784668,64.8499984741211,61.040000915527344,63.650001525878906,63.650001525878906,765000
2015-02-13,63.70000076293945,63.81999969482422,62.209999084472656,63.20000076293945,63.20000076293945,451100
2015-02-17,63.119998931884766,63.560001373291016,62.59000015258789,63.18000030517578,63.18000030517578,253500
2015-02-18,63.22999954223633,63.22999954223633,62.25,62.75,62.75,367500
2015-02-19,62.790000915527344,62.93000030517578,62.189998626708984,62.59000015258789,62.59000015258789,285600
2015-02-20,62.63999938964844,63.880001068115234,61.790000915527344,63.79999923706055,63.79999923706055,314000
2015-02-23,63.5,63.72999954223633,61.56999969482422,62.650001525878906,62.650001525878906,348100
2015-02-24,62.88999938964844,63.369998931884766,61.599998474121094,61.650001525878906,61.650001525878906,229600
2015-02-25,61.849998474121094,62.86000061035156,61.66999816894531,62.06999969482422,62.06999969482422,319100
2015-02-26,62.13999938964844,63.400001525878906,61.68000030517578,63.130001068115234,63.130001068115234,201000
2015-02-27,63.20000076293945,64.62999725341797,63.06999969482422,63.22999954223633,63.22999954223633,256300
2015-03-02,63.86000061035156,66.55000305175781,63.86000061035156,66.29000091552734,66.29000091552734,544300
2015-03-03,66.5199966430664,66.70999908447266,64.75,65.38999938964844,65.38999938964844,521600
2015-03-04,65.06999969482422,67.58000183105469,64.0999984741211,65.58999633789062,65.58999633789062,529900
2015-03-05,65.87999725341797,67.48999786376953,65.79000091552734,66.80999755859375,66.80999755859375,532600
2015-03-06,66.6500015258789,68.0,65.98999786376953,66.72000122070312,66.72000122070312,334800
2015-03-09,67.05999755859375,67.70999908447266,66.51000213623047,67.33000183105469,67.33000183105469,272100
2015-03-10,66.47000122070312,67.86000061035156,65.47000122070312,67.30999755859375,67.30999755859375,527900
2015-03-11,67.41999816894531,68.19999694824219,67.04000091552734,67.77999877929688,67.77999877929688,430500
2015-03-12,68.08000183105469,69.51000213623047,68.08000183105469,69.47000122070312,69.47000122070312,362600
2015-03-13,69.5,70.9800033569336,69.04000091552734,70.16000366210938,70.16000366210938,456900
2015-03-16,70.36000061035156,71.52999877929688,69.95999908447266,70.97000122070312,70.97000122070312,458500
2015-03-17,70.75,71.3499984741211,69.58000183105469,70.26000213623047,70.26000213623047,490100
2015-03-18,69.97000122070312,71.12999725341797,69.37000274658203,70.37000274658203,70.37000274658203,388900
2015-03-19,70.36000061035156,71.75,69.88999938964844,71.5999984741211,71.5999984741211,321600
2015-03-20,72.20999908447266,72.9800033569336,71.58000183105469,72.7699966430664,72.7699966430664,746000
2015-03-23,72.9000015258789,73.80999755859375,72.19999694824219,73.68000030517578,73.68000030517578,449100
2015-03-24,73.7300033569336,73.7300033569336,72.55000305175781,73.52999877929688,73.52999877929688,329900
2015-03-25,73.30000305175781,73.7300033569336,70.68000030517578,70.73999786376953,70.73999786376953,379700
2015-03-26,70.33999633789062,71.1500015258789,69.18000030517578,70.68000030517578,70.68000030517578,431300
2015-03-27,70.83999633789062,72.33000183105469,70.5199966430664,71.98999786376953,71.98999786376953,327500
2015-03-30,72.55000305175781,73.16000366210938,71.16000366210938,72.0999984741211,72.0999984741211,351900
2015-03-31,71.9000015258789,72.04000091552734,71.05999755859375,71.5999984741211,71.5999984741211,434200
2015-04-01,71.2300033569336,71.2300033569336,69.02999877929688,70.19999694824219,70.19999694824219,429300
2015-04-02,70.47000122070312,70.98999786376953,69.73999786376953,70.20999908447266,70.20999908447266,274000
2015-04-06,69.54000091552734,71.69000244140625,69.54000091552734,71.0199966430664,71.0199966430664,345900
2015-04-07,71.19999694824219,73.62000274658203,71.19999694824219,72.43000030517578,72.43000030517578,434000
2015-04-08,72.44999694824219,73.62999725341797,71.66999816894531,71.95999908447266,71.95999908447266,335500
2015-04-09,71.76000213623047,72.1500015258789,69.98999786376953,71.83999633789062,71.83999633789062,243900
2015-04-10,72.11000061035156,72.37999725341797,71.33999633789062,72.19999694824219,72.19999694824219,209200
2015-04-13,72.27999877929688,74.08999633789062,72.27999877929688,72.72000122070312,72.72000122070312,286700
2015-04-14,72.56999969482422,73.05999755859375,71.54000091552734,72.12999725341797,72.12999725341797,197300
2015-04-15,72.26000213623047,73.55000305175781,71.91000366210938,72.0,72.0,376500
2015-04-16,71.62999725341797,71.9800033569336,70.8499984741211,71.20999908447266,71.20999908447266,372800
2015-04-17,70.58999633789062,71.12000274658203,69.7300033569336,70.2699966430664,70.2699966430664,246400
2015-04-20,70.48999786376953,71.87999725341797,70.12000274658203,71.6500015258789,71.6500015258789,231800
2015-04-21,72.13999938964844,72.66000366210938,71.66000366210938,72.44999694824219,72.44999694824219,177300
2015-04-22,72.66000366210938,72.66000366210938,70.81999969482422,71.9800033569336,71.9800033569336,168100
2015-04-23,71.9800033569336,72.44000244140625,71.26000213623047,72.37999725341797,72.37999725341797,211700
2015-04-24,72.5199966430664,73.38999938964844,71.8499984741211,72.5999984741211,72.5999984741211,293800
2015-04-27,73.0,73.55000305175781,70.52999877929688,70.95999908447266,70.95999908447266,298300
2015-04-28,70.69000244140625,73.73999786376953,68.68000030517578,72.36000061035156,72.36000061035156,798500
2015-04-29,73.5,73.5,65.48999786376953,68.88999938964844,68.88999938964844,1957200
2015-04-30,70.47000122070312,71.0,68.2699966430664,68.5,68.5,924500
2015-05-01,68.6500015258789,69.37000274658203,68.31999969482422,68.70999908447266,68.70999908447266,619800
2015-05-04,68.8499984741211,70.63999938964844,68.8499984741211,70.30999755859375,70.30999755859375,397300
2015-05-05,68.5,69.0999984741211,66.55999755859375,68.0,68.0,855200
2015-05-06,66.25,66.72000122070312,64.91000366210938,66.5,66.5,4197100
2015-05-07,66.12999725341797,67.87999725341797,65.98999786376953,67.51000213623047,67.51000213623047,1016000
2015-05-08,67.87000274658203,69.0,67.05999755859375,68.83999633789062,68.83999633789062,813500
2015-05-11,68.66999816894531,68.91999816894531,68.2300033569336,68.45999908447266,68.45999908447266,543300
2015-05-12,67.97000122070312,68.26000213623047,67.05999755859375,67.41000366210938,67.41000366210938,317400
2015-05-13,67.76000213623047,68.5,67.18000030517578,67.36000061035156,67.36000061035156,322800
2015-05-14,67.76000213623047,68.75,66.6500015258789,68.4800033569336,68.4800033569336,341900
2015-05-15,68.66000366210938,69.91999816894531,68.38999938964844,69.69000244140625,69.69000244140625,653600
2015-05-18,69.83000183105469,72.26000213623047,69.55000305175781,72.18000030517578,72.18000030517578,643900
2015-05-19,72.5999984741211,73.26000213623047,71.80000305175781,72.33000183105469,72.33000183105469,522600
2015-05-20,72.30999755859375,72.79000091552734,71.58000183105469,71.8499984741211,71.8499984741211,459000
2015-05-21,71.98999786376953,72.44999694824219,71.12000274658203,71.56999969482422,71.56999969482422,437700
2015-05-22,71.56999969482422,72.19000244140625,70.88999938964844,71.44999694824219,71.44999694824219,284500
2015-05-26,71.01000213623047,71.16999816894531,68.58999633789062,69.16000366210938,69.16000366210938,517900
2015-05-27,70.16000366210938,75.16000366210938,69.98999786376953,73.8499984741211,73.8499984741211,1568500
2015-05-28,74.0,74.25,71.8499984741211,73.70999908447266,73.70999908447266,438700
2015-05-29,73.75,75.45999908447266,73.2300033569336,74.13999938964844,74.13999938964844,1253800
2015-06-01,74.5999984741211,74.87999725341797,72.62999725341797,73.5,73.5,579200
2015-06-02,72.70999908447266,73.75,71.83999633789062,72.6500015258789,72.6500015258789,639400
2015-06-03,73.0,73.0,71.79000091552734,72.37999725341797,72.37999725341797,429000
2015-06-04,72.06999969482422,72.36000061035156,71.12000274658203,71.20999908447266,71.20999908447266,468300
2015-06-05,71.16999816894531,72.61000061035156,70.30999755859375,72.43000030517578,72.43000030517578,313200
2015-06-08,72.19999694824219,73.79000091552734,72.19999694824219,73.16000366210938,73.16000366210938,552000
2015-06-09,72.9800033569336,73.30000305175781,72.08000183105469,72.87999725341797,72.87999725341797,644500
2015-06-10,73.18000030517578,74.98999786376953,72.2300033569336,74.51000213623047,74.51000213623047,643200
2015-06-11,74.68000030517578,75.38999938964844,73.08000183105469,73.9800033569336,73.9800033569336,655100
2015-06-12,74.0,74.0999984741211,71.94000244140625,71.95999908447266,71.95999908447266,438900
2015-06-15,71.33999633789062,72.6500015258789,70.56999969482422,71.94999694824219,71.94999694824219,656000
2015-06-16,71.94000244140625,72.9800033569336,71.45999908447266,72.0199966430664,72.0199966430664,518500
2015-06-17,72.27999877929688,72.88999938964844,71.94999694824219,72.41999816894531,72.41999816894531,375500
2015-06-18,72.72000122070312,74.0199966430664,72.11000061035156,73.87999725341797,73.87999725341797,518100
2015-06-19,74.19999694824219,77.0,73.94999694824219,76.47000122070312,76.47000122070312,1182800
2015-06-22,77.37000274658203,78.5,77.26000213623047,77.98999786376953,77.98999786376953,657300
2015-06-23,78.27999877929688,78.51000213623047,76.5,77.08000183105469,77.08000183105469,773900
2015-06-24,76.7300033569336,77.37000274658203,74.87999725341797,75.45999908447266,75.45999908447266,833700
2015-06-25,75.7300033569336,77.87999725341797,75.19999694824219,77.44999694824219,77.44999694824219,890800
2015-06-26,77.25,77.5999984741211,75.51000213623047,75.8499984741211,75.8499984741211,5585400
2015-06-29,75.0,76.93000030517578,74.41999816894531,75.5,75.5,799600
2015-06-30,76.5,78.4000015258789,76.0,78.33000183105469,78.33000183105469,848100
2015-07-01,79.45999908447266,80.47000122070312,78.1500015258789,79.9800033569336,79.9800033569336,1170500
2015-07-02,80.4000015258789,81.2300033569336,78.16999816894531,79.83000183105469,79.83000183105469,1470000
2015-07-06,79.26000213623047,81.18000030517578,78.26000213623047,79.93000030517578,79.93000030517578,2239000
2015-07-07,80.70999908447266,80.70999908447266,77.72000122070312,79.5999984741211,79.5999984741211,814000
2015-07-08,78.97000122070312,79.54000091552734,77.61000061035156,77.83000183105469,77.83000183105469,626500
2015-07-09,79.5,79.87999725341797,78.27999877929688,79.55999755859375,79.55999755859375,579100
2015-07-10,80.37999725341797,80.83000183105469,79.06999969482422,80.58000183105469,80.58000183105469,460900
2015-07-13,81.19000244140625,81.47000122070312,78.95999908447266,80.2300033569336,80.2300033569336,845800
2015-07-14,80.0,81.61000061035156,79.87999725341797,81.2300033569336,81.2300033569336,392900
2015-07-15,81.5,81.76000213623047,80.44999694824219,80.6500015258789,80.6500015258789,432900
2015-07-16,80.66999816894531,81.1500015258789,79.5199966430664,81.01000213623047,81.01000213623047,467100
2015-07-17,81.16999816894531,81.33999633789062,80.51000213623047,80.97000122070312,80.97000122070312,340500
2015-07-20,81.23999786376953,81.48999786376953,80.04000091552734,80.58000183105469,80.58000183105469,465300
2015-07-21,80.45999908447266,80.9000015258789,79.0,79.68000030517578,79.68000030517578,315700
2015-07-22,79.52999877929688,79.88999938964844,79.30000305175781,79.72000122070312,79.72000122070312,553200
2015-07-23,79.88999938964844,80.3499984741211,79.12000274658203,79.69999694824219,79.69999694824219,313800
2015-07-24,79.69999694824219,80.44999694824219,79.06999969482422,79.31999969482422,79.31999969482422,312700
2015-07-27,78.52999877929688,78.94000244140625,77.4800033569336,78.43000030517578,78.43000030517578,322600
2015-07-28,78.93000030517578,79.05999755859375,76.95999908447266,78.80000305175781,78.80000305175781,311100
2015-07-29,79.18000030517578,79.29000091552734,77.87999725341797,78.9800033569336,78.9800033569336,330300
2015-07-30,78.7699966430664,79.45999908447266,78.08999633789062,78.98999786376953,78.98999786376953,241800
2015-07-31,79.26000213623047,81.13999938964844,79.26000213623047,79.77999877929688,79.77999877929688,598400
2015-08-03,80.38999938964844,80.83999633789062,79.27999877929688,80.22000122070312,80.22000122070312,433800
2015-08-04,79.97000122070312,80.61000061035156,77.43000030517578,77.88999938964844,77.88999938964844,985000
2015-08-05,78.97000122070312,85.62000274658203,78.97000122070312,82.97000122070312,82.97000122070312,1445400
2015-08-06,83.95999908447266,84.41000366210938,81.55000305175781,82.83999633789062,82.83999633789062,759600
2015-08-07,82.66999816894531,82.9800033569336,80.58000183105469,81.77999877929688,81.77999877929688,484600
2015-08-10,82.44000244140625,83.95999908447266,81.9800033569336,82.44999694824219,82.44999694824219,469500
2015-08-11,80.18000030517578,81.08000183105469,79.80000305175781,80.27999877929688,80.27999877929688,846900
2015-08-12,80.02999877929688,80.61000061035156,78.76000213623047,80.37999725341797,80.37999725341797,568900
2015-08-13,80.83999633789062,81.43000030517578,80.01000213623047,80.68000030517578,80.68000030517578,753600
2015-08-14,81.0199966430664,81.5,80.51000213623047,81.0199966430664,81.0199966430664,652100
2015-08-17,80.8499984741211,82.38999938964844,80.58999633789062,81.94000244140625,81.94000244140625,943100
2015-08-18,82.4000015258789,82.4000015258789,81.56999969482422,81.6500015258789,81.6500015258789,396300
2015-08-19,81.12999725341797,81.87000274658203,78.0,79.16999816894531,79.16999816894531,1052000
2015-08-20,78.16999816894531,78.91999816894531,75.61000061035156,76.02999877929688,76.02999877929688,1084900
2015-08-21,74.87000274658203,75.01000213623047,72.73999786376953,73.69000244140625,73.69000244140625,1432900
2015-08-24,69.08999633789062,70.87999725341797,58.70000076293945,69.70999908447266,69.70999908447266,1823400
2015-08-25,72.4800033569336,72.94000244140625,69.91000366210938,70.1500015258789,70.1500015258789,1260700
2015-08-26,71.55999755859375,72.36000061035156,68.29000091552734,70.41000366210938,70.41000366210938,1149900
2015-08-27,71.20999908447266,74.41999816894531,70.81999969482422,74.30000305175781,74.30000305175781,1230400
2015-08-28,74.0,74.91999816894531,73.51000213623047,74.61000061035156,74.61000061035156,572200
2015-08-31,74.55000305175781,75.08999633789062,72.80000305175781,73.02999877929688,73.02999877929688,688900
2015-09-01,73.06999969482422,73.41999816894531,70.72000122070312,71.25,71.25,504100
2015-09-02,72.37000274658203,73.47000122070312,71.27999877929688,73.45999908447266,73.45999908447266,547700
2015-09-03,74.05999755859375,74.5999984741211,72.69000244140625,72.87000274658203,72.87000274658203,589100
2015-09-04,71.93000030517578,73.36000061035156,71.6500015258789,72.61000061035156,72.61000061035156,570300
2015-09-08,73.47000122070312,74.69000244140625,73.06999969482422,74.18000030517578,74.18000030517578,457700
2015-09-09,75.0,75.7699966430664,74.4000015258789,74.87999725341797,74.87999725341797,974800
2015-09-10,75.01000213623047,76.0199966430664,74.48999786376953,74.9000015258789,74.9000015258789,655600
2015-09-11,74.70999908447266,76.37000274658203,74.51000213623047,75.29000091552734,75.29000091552734,563200
2015-09-14,75.19999694824219,76.63999938964844,75.12000274658203,75.7300033569336,75.7300033569336,587700
2015-09-15,75.79000091552734,76.62999725341797,75.47000122070312,76.30000305175781,76.30000305175781,535800
2015-09-16,76.36000061035156,76.7699966430664,74.87000274658203,75.56999969482422,75.56999969482422,489800
2015-09-17,75.61000061035156,76.91000366210938,75.2699966430664,76.44999694824219,76.44999694824219,500100
2015-09-18,75.63999938964844,76.93000030517578,75.30000305175781,75.66000366210938,75.66000366210938,585400
2015-09-21,76.11000061035156,76.91000366210938,74.91999816894531,75.01000213623047,75.01000213623047,645800
2015-09-22,74.31999969482422,75.08999633789062,73.3499984741211,74.20999908447266,74.20999908447266,594900
2015-09-23,74.16999816894531,75.5,73.98999786376953,75.27999877929688,75.27999877929688,468600
2015-09-24,74.81999969482422,75.11000061035156,72.3499984741211,73.26000213623047,73.26000213623047,566000
2015-09-25,74.2300033569336,74.33000183105469,69.69000244140625,70.37999725341797,70.37999725341797,1005200
2015-09-28,70.0,70.12000274658203,64.29000091552734,65.48999786376953,65.48999786376953,1504600
2015-09-29,65.48999786376953,66.06999969482422,63.09000015258789,63.689998626708984,63.689998626708984,1137600
2015-09-30,64.06999969482422,67.16000366210938,64.06999969482422,66.2699966430664,66.2699966430664,1237700
2015-10-01,66.81999969482422,67.43000030517578,64.29000091552734,65.30999755859375,65.30999755859375,776200
2015-10-02,64.25,65.5,63.630001068115234,65.33999633789062,65.33999633789062,957300
2015-10-05,65.87000274658203,66.6500015258789,65.0199966430664,65.83999633789062,65.83999633789062,1230900
2015-10-06,66.48999786376953,67.41999816894531,63.720001220703125,64.19999694824219,64.19999694824219,758400
2015-10-07,64.31999969482422,64.7699966430664,62.900001525878906,64.38999938964844,64.38999938964844,532400
2015-10-08,64.0,64.51000213623047,61.61000061035156,61.83000183105469,61.83000183105469,1170100
2015-10-09,61.849998474121094,62.77000045776367,60.9900016784668,62.619998931884766,62.619998931884766,1003000
2015-10-12,62.79999923706055,63.86000061035156,62.369998931884766,62.75,62.75,625200
2015-10-13,62.209999084472656,63.470001220703125,62.130001068115234,62.2400016784668,62.2400016784668,834600
2015-10-14,62.099998474121094,62.880001068115234,61.209999084472656,61.369998931884766,61.369998931884766,602200
2015-10-15,61.0,63.560001373291016,60.290000915527344,63.09000015258789,63.09000015258789,763900
2015-10-16,62.91999816894531,64.83000183105469,62.599998474121094,63.5099983215332,63.5099983215332,451700
2015-10-19,62.869998931884766,64.58000183105469,62.22999954223633,64.5,64.5,786200
2015-10-20,64.93000030517578,66.63999938964844,64.58000183105469,65.12000274658203,65.12000274658203,1167900
2015-10-21,65.20999908447266,65.58000183105469,62.029998779296875,63.790000915527344,63.790000915527344,949600
2015-10-22,62.63999938964844,63.7400016784668,54.40999984741211,56.900001525878906,56.900001525878906,3552700
2015-10-23,57.54999923706055,61.81999969482422,57.45000076293945,61.15999984741211,61.15999984741211,1010000
2015-10-26,61.20000076293945,61.61000061035156,60.16999816894531,60.36000061035156,60.36000061035156,536100
2015-10-27,60.36000061035156,61.34000015258789,60.08000183105469,60.18000030517578,60.18000030517578,492500
2015-10-28,60.130001068115234,63.34000015258789,59.25,62.7599983215332,62.7599983215332,665300
2015-10-29,62.5,62.79999923706055,61.540000915527344,62.02000045776367,62.02000045776367,344400
2015-10-30,62.02000045776367,62.349998474121094,61.27000045776367,61.40999984741211,61.40999984741211,374700
2015-11-02,61.709999084472656,63.93000030517578,61.25,63.150001525878906,63.150001525878906,692100
2015-11-03,62.81999969482422,63.54999923706055,61.56999969482422,63.2400016784668,63.2400016784668,763800
2015-11-04,63.7400016784668,69.22000122070312,62.84000015258789,69.11000061035156,69.11000061035156,1733500
2015-11-05,69.41999816894531,72.66999816894531,68.9000015258789,72.63999938964844,72.63999938964844,1407000
2015-11-06,72.68000030517578,74.7699966430664,71.22000122070312,73.69000244140625,73.69000244140625,1074500
2015-11-09,73.25,73.41000366210938,70.62999725341797,71.2699966430664,71.2699966430664,973300
2015-11-10,70.7300033569336,71.75,70.33000183105469,70.94999694824219,70.94999694824219,637500
2015-11-11,71.0,71.47000122070312,68.54000091552734,68.80000305175781,68.80000305175781,426200
2015-11-12,69.0,69.19999694824219,67.44000244140625,67.5199966430664,67.5199966430664,421900
2015-11-13,67.12999725341797,68.86000061035156,66.76000213623047,67.68000030517578,67.68000030517578,564600
2015-11-16,67.66999816894531,68.0,66.8499984741211,67.48999786376953,67.48999786376953,474400
2015-11-17,67.76000213623047,68.80000305175781,67.36000061035156,67.95999908447266,67.95999908447266,926200
2015-11-18,67.56999969482422,69.7699966430664,67.56999969482422,69.58000183105469,69.58000183105469,351600
2015-11-19,69.36000061035156,69.61000061035156,67.12000274658203,67.4000015258789,67.4000015258789,504600
2015-11-20,67.80000305175781,68.8499984741211,67.12000274658203,68.58999633789062,68.58999633789062,668100
2015-11-23,68.48999786376953,70.72000122070312,68.19000244140625,69.72000122070312,69.72000122070312,436100
2015-11-24,69.13999938964844,70.1500015258789,68.66000366210938,69.87999725341797,69.87999725341797,395500
2015-11-25,69.8499984741211,70.33999633789062,69.43000030517578,69.58000183105469,69.58000183105469,285200
2015-11-27,69.5199966430664,70.83000183105469,69.25,70.0999984741211,70.0999984741211,347100
2015-11-30,70.6500015258789,70.83999633789062,68.91000366210938,69.01000213623047,69.01000213623047,424100
2015-12-01,69.23999786376953,69.73999786376953,68.2300033569336,69.33999633789062,69.33999633789062,728900
2015-12-02,69.63999938964844,69.93000030517578,68.75,69.20999908447266,69.20999908447266,528600
2015-12-03,69.25,69.54000091552734,65.9000015258789,66.12999725341797,66.12999725341797,543800
2015-12-04,66.44999694824219,68.18000030517578,66.0999984741211,67.62000274658203,67.62000274658203,289500
2015-12-07,67.38999938964844,67.5999984741211,66.0999984741211,66.76000213623047,66.76000213623047,283800
2015-12-08,66.30999755859375,67.01000213623047,65.7699966430664,66.51000213623047,66.51000213623047,431600
2015-12-09,66.30999755859375,68.37000274658203,66.0999984741211,66.52999877929688,66.52999877929688,447800
2015-12-10,66.58000183105469,67.41000366210938,65.18000030517578,66.70999908447266,66.70999908447266,464000
2015-12-11,66.5,66.55999755859375,62.7400016784668,63.15999984741211,63.15999984741211,850200
2015-12-14,63.2599983215332,64.0999984741211,61.45000076293945,61.4900016784668,61.4900016784668,598500
2015-12-15,61.869998931884766,63.0,61.81999969482422,62.09000015258789,62.09000015258789,557500
2015-12-16,62.33000183105469,62.7400016784668,60.18000030517578,61.41999816894531,61.41999816894531,642000
2015-12-17,61.75,62.439998626708984,60.75,61.5099983215332,61.5099983215332,944200
2015-12-18,60.88999938964844,61.84000015258789,60.7400016784668,61.04999923706055,61.04999923706055,672900
2015-12-21,61.34000015258789,63.09000015258789,61.29999923706055,62.72999954223633,62.72999954223633,517500
2015-12-22,62.939998626708984,62.95000076293945,61.75,62.34000015258789,62.34000015258789,339300
2015-12-23,62.630001068115234,63.2400016784668,62.34000015258789,63.16999816894531,63.16999816894531,400600
2015-12-24,62.790000915527344,62.900001525878906,61.959999084472656,62.439998626708984,62.439998626708984,340600
2015-12-28,62.08000183105469,62.5099983215332,61.54999923706055,62.34000015258789,62.34000015258789,380000
2015-12-29,62.84000015258789,63.61000061035156,62.38999938964844,63.369998931884766,63.369998931884766,349200
2015-12-30,63.56999969482422,63.959999084472656,62.400001525878906,62.790000915527344,62.790000915527344,480700
2015-12-31,62.41999816894531,63.040000915527344,62.310001373291016,62.459999084472656,62.459999084472656,856000
2016-01-04,63.5,65.88999938964844,62.029998779296875,64.2300033569336,64.2300033569336,1544800
2016-01-05,64.69999694824219,64.69999694824219,62.4900016784668,63.59000015258789,63.59000015258789,1497500
2016-01-06,61.0,62.61000061035156,60.060001373291016,61.560001373291016,61.560001373291016,2536100
2016-01-07,61.310001373291016,62.59000015258789,60.790000915527344,61.52000045776367,61.52000045776367,3787200
2016-01-08,62.15999984741211,63.970001220703125,61.75,62.45000076293945,62.45000076293945,1432100
2016-01-11,63.22999954223633,64.5,62.599998474121094,63.279998779296875,63.279998779296875,1622800
2016-01-12,63.41999816894531,65.05999755859375,60.36000061035156,61.130001068115234,61.130001068115234,1043300
2016-01-13,61.02000045776367,62.56999969482422,56.939998626708984,58.119998931884766,58.119998931884766,1212100
2016-01-14,57.75,60.189998626708984,56.56999969482422,58.83000183105469,58.83000183105469,1548600
2016-01-15,57.34000015258789,58.619998931884766,56.0,58.34000015258789,58.34000015258789,1851600
2016-01-19,58.77000045776367,59.4900016784668,57.25,58.15999984741211,58.15999984741211,1283400
2016-01-20,57.06999969482422,60.16999816894531,55.619998931884766,59.02000045776367,59.02000045776367,1213800
2016-01-21,59.099998474121094,60.560001373291016,57.7400016784668,58.58000183105469,58.58000183105469,1199400
2016-01-22,59.52000045776367,60.41999816894531,58.83000183105469,60.08000183105469,60.08000183105469,1062800
2016-01-25,60.06999969482422,61.83000183105469,59.130001068115234,59.439998626708984,59.439998626708984,696700
2016-01-26,59.43000030517578,61.29999923706055,59.130001068115234,60.72999954223633,60.72999954223633,623300
2016-01-27,60.61000061035156,61.0099983215332,59.72999954223633,60.189998626708984,60.189998626708984,527800
2016-01-28,60.95000076293945,61.20000076293945,57.38999938964844,58.369998931884766,58.369998931884766,1092600
2016-01-29,58.15999984741211,61.220001220703125,57.060001373291016,61.029998779296875,61.029998779296875,1291700
2016-02-01,60.90999984741211,62.2400016784668,58.959999084472656,61.869998931884766,61.869998931884766,815800
2016-02-02,61.209999084472656,61.79999923706055,59.7599983215332,60.060001373291016,60.060001373291016,499000
2016-02-03,60.09000015258789,60.279998779296875,57.720001220703125,60.099998474121094,60.099998474121094,824200
2016-02-04,59.70000076293945,60.52000045776367,58.45000076293945,59.720001220703125,59.720001220703125,516600
2016-02-05,60.11000061035156,60.689998626708984,57.849998474121094,58.959999084472656,58.959999084472656,762700
2016-02-08,57.90999984741211,58.38999938964844,53.81999969482422,54.70000076293945,54.70000076293945,1430300
2016-02-09,53.9900016784668,55.95000076293945,53.310001373291016,54.93000030517578,54.93000030517578,1200600
2016-02-10,54.79999923706055,57.25,54.68000030517578,56.09000015258789,56.09000015258789,850200
2016-02-11,55.279998779296875,55.7599983215332,52.86000061035156,53.16999816894531,53.16999816894531,1439500
2016-02-12,53.56999969482422,54.15999984741211,51.939998626708984,53.77000045776367,53.77000045776367,760600
2016-02-16,54.52000045776367,55.5099983215332,52.84000015258789,55.0,55.0,1443200
2016-02-17,51.290000915527344,58.70000076293945,51.02000045776367,56.84000015258789,56.84000015258789,2278600
2016-02-18,57.2400016784668,57.2400016784668,53.20000076293945,53.5,53.5,1380200
2016-02-19,52.95000076293945,54.56999969482422,51.400001525878906,54.380001068115234,54.380001068115234,1263300
2016-02-22,54.88999938964844,56.900001525878906,54.66999816894531,56.150001525878906,56.150001525878906,929900
2016-02-23,56.11000061035156,56.61000061035156,55.099998474121094,55.84000015258789,55.84000015258789,587500
2016-02-24,54.9900016784668,55.5,53.88999938964844,54.959999084472656,54.959999084472656,983800
2016-02-25,55.810001373291016,57.150001525878906,54.0,55.279998779296875,55.279998779296875,669200
2016-02-26,55.560001373291016,57.36000061035156,55.0,56.310001373291016,56.310001373291016,615800
2016-02-29,56.09000015258789,56.849998474121094,55.38999938964844,55.40999984741211,55.40999984741211,626400
2016-03-01,55.959999084472656,56.459999084472656,54.900001525878906,55.97999954223633,55.97999954223633,714200
2016-03-02,55.650001525878906,57.61000061035156,55.560001373291016,57.4900016784668,57.4900016784668,608000
2016-03-03,57.61000061035156,60.0,57.540000915527344,59.68000030517578,59.68000030517578,694800
2016-03-04,59.84000015258789,59.84000015258789,57.880001068115234,58.79999923706055,58.79999923706055,1037200
2016-03-07,58.220001220703125,58.349998474121094,56.25,57.58000183105469,57.58000183105469,1014000
2016-03-08,57.279998779296875,57.38999938964844,55.68000030517578,55.779998779296875,55.779998779296875,646300
2016-03-09,56.220001220703125,56.36000061035156,54.970001220703125,55.06999969482422,55.06999969482422,800500
2016-03-10,55.349998474121094,56.150001525878906,53.779998779296875,54.060001373291016,54.060001373291016,743200
2016-03-11,54.439998626708984,55.540000915527344,54.25,55.099998474121094,55.099998474121094,1412400
2016-03-14,55.2599983215332,55.45000076293945,54.400001525878906,54.75,54.75,694600
2016-03-15,54.130001068115234,54.130001068115234,52.45000076293945,52.86000061035156,52.86000061035156,798400
2016-03-16,52.52000045776367,53.88999938964844,52.029998779296875,52.599998474121094,52.599998474121094,636000
2016-03-17,52.310001373291016,52.61000061035156,49.77000045776367,50.27000045776367,50.27000045776367,1395600
2016-03-18,50.18000030517578,52.400001525878906,50.18000030517578,52.369998931884766,52.369998931884766,1161500
2016-03-21,52.400001525878906,53.130001068115234,51.70000076293945,52.79999923706055,52.79999923706055,826100
2016-03-22,52.790000915527344,54.380001068115234,52.45000076293945,54.16999816894531,54.16999816894531,770600
2016-03-23,53.939998626708984,54.720001220703125,53.84000015258789,53.91999816894531,53.91999816894531,611500
2016-03-24,53.599998474121094,53.79999923706055,52.529998779296875,53.560001373291016,53.560001373291016,684100
2016-03-28,53.220001220703125,53.849998474121094,52.7400016784668,53.45000076293945,53.45000076293945,384000
2016-03-29,53.470001220703125,54.93000030517578,53.36000061035156,54.7599983215332,54.7599983215332,548300
2016-03-30,55.189998626708984,55.77000045776367,54.349998474121094,55.439998626708984,55.439998626708984,738500
2016-03-31,55.290000915527344,55.9900016784668,54.75,55.11000061035156,55.11000061035156,452200
2016-04-01,54.790000915527344,55.630001068115234,54.27000045776367,54.95000076293945,54.95000076293945,625300
2016-04-04,54.81999969482422,55.810001373291016,54.349998474121094,54.88999938964844,54.88999938964844,554500
2016-04-05,54.45000076293945,54.72999954223633,53.77000045776367,53.88999938964844,53.88999938964844,570900
2016-04-06,53.79999923706055,55.2400016784668,53.619998931884766,55.20000076293945,55.20000076293945,411900
2016-04-07,54.90999984741211,56.16999816894531,54.849998474121094,55.650001525878906,55.650001525878906,510200
2016-04-08,56.06999969482422,56.09000015258789,54.02000045776367,54.630001068115234,54.630001068115234,405000
2016-04-11,54.720001220703125,55.119998931884766,54.09000015258789,54.290000915527344,54.290000915527344,379900
2016-04-12,54.29999923706055,55.16999816894531,54.20000076293945,54.63999938964844,54.63999938964844,406700
2016-04-13,54.79999923706055,56.72999954223633,54.470001220703125,56.630001068115234,56.630001068115234,582200
2016-04-14,56.68000030517578,58.90999984741211,56.40999984741211,58.59000015258789,58.59000015258789,817800
2016-04-15,58.25,58.529998779296875,57.36000061035156,58.15999984741211,58.15999984741211,560900
2016-04-18,57.86000061035156,58.95000076293945,57.66999816894531,58.52000045776367,58.52000045776367,494400
2016-04-19,58.900001525878906,59.33000183105469,58.22999954223633,58.709999084472656,58.709999084472656,524000
2016-04-20,58.59000015258789,60.54999923706055,58.2599983215332,60.380001068115234,60.380001068115234,480200
2016-04-21,60.5,61.65999984741211,60.0,60.9900016784668,60.9900016784668,417100
2016-04-22,61.0,64.05999755859375,61.0,63.33000183105469,63.33000183105469,840500
2016-04-25,62.95000076293945,63.400001525878906,60.9900016784668,61.29999923706055,61.29999923706055,539700
2016-04-26,63.72999954223633,64.37999725341797,62.45000076293945,63.38999938964844,63.38999938964844,716700
2016-04-27,63.41999816894531,64.08999633789062,62.70000076293945,63.72999954223633,63.72999954223633,1024900
2016-04-28,63.459999084472656,65.0,61.77000045776367,62.209999084472656,62.209999084472656,694800
2016-04-29,63.540000915527344,64.23999786376953,60.810001373291016,63.189998626708984,63.189998626708984,1154000
2016-05-02,63.68000030517578,63.68000030517578,60.709999084472656,62.619998931884766,62.619998931884766,783300
2016-05-03,61.91999816894531,62.40999984741211,61.11000061035156,61.349998474121094,61.349998474121094,660900
2016-05-04,61.25,61.349998474121094,58.54999923706055,59.2400016784668,59.2400016784668,658700
2016-05-05,59.22999954223633,59.72999954223633,58.040000915527344,58.040000915527344,58.040000915527344,620100
2016-05-06,57.970001220703125,58.790000915527344,57.29999923706055,58.4900016784668,58.4900016784668,458800
2016-05-09,58.41999816894531,59.22999954223633,58.33000183105469,58.880001068115234,58.880001068115234,324200
2016-05-10,59.029998779296875,59.279998779296875,57.91999816894531,58.84000015258789,58.84000015258789,515700
2016-05-11,58.90999984741211,60.04999923706055,58.310001373291016,58.9900016784668,58.9900016784668,555500
2016-05-12,59.27000045776367,59.31999969482422,56.029998779296875,56.90999984741211,56.90999984741211,664700
2016-05-13,56.86000061035156,57.58000183105469,55.650001525878906,56.119998931884766,56.119998931884766,533800
2016-05-16,56.310001373291016,57.16999816894531,55.79999923706055,56.54999923706055,56.54999923706055,503100
2016-05-17,56.4900016784668,57.70000076293945,56.36000061035156,57.040000915527344,57.040000915527344,652400
2016-05-18,56.90999984741211,57.36000061035156,55.630001068115234,56.33000183105469,56.33000183105469,554900
2016-05-19,55.869998931884766,57.02000045776367,55.540000915527344,56.720001220703125,56.720001220703125,460600
2016-05-20,56.72999954223633,57.470001220703125,56.439998626708984,57.029998779296875,57.029998779296875,373100
2016-05-23,57.06999969482422,57.13999938964844,56.36000061035156,56.52000045776367,56.52000045776367,282100
2016-05-24,56.45000076293945,57.630001068115234,55.7599983215332,57.459999084472656,57.459999084472656,434400
2016-05-25,57.83000183105469,58.279998779296875,57.33000183105469,57.83000183105469,57.83000183105469,400900
2016-05-26,57.779998779296875,58.02000045776367,56.66999816894531,56.90999984741211,56.90999984741211,442300
2016-05-27,56.81999969482422,58.20000076293945,56.75,58.06999969482422,58.06999969482422,508000
2016-05-31,58.36000061035156,58.97999954223633,58.06999969482422,58.869998931884766,58.869998931884766,574500
2016-06-01,58.869998931884766,59.75,58.7400016784668,59.68000030517578,59.68000030517578,431300
2016-06-02,59.45000076293945,61.06999969482422,59.45000076293945,61.02000045776367,61.02000045776367,596900
2016-06-03,60.91999816894531,60.91999816894531,59.689998626708984,59.849998474121094,59.849998474121094,447300
2016-06-06,60.349998474121094,61.34000015258789,59.9900016784668,61.290000915527344,61.290000915527344,527400
2016-06-07,61.220001220703125,62.54999923706055,61.189998626708984,62.130001068115234,62.130001068115234,657400
2016-06-08,62.0099983215332,63.099998474121094,61.75,62.91999816894531,62.91999816894531,472000
2016-06-09,62.95000076293945,63.66999816894531,62.61000061035156,62.97999954223633,62.97999954223633,425700
2016-06-10,62.2400016784668,62.97999954223633,61.20000076293945,61.54999923706055,61.54999923706055,654200
2016-06-13,61.04999923706055,61.650001525878906,59.65999984741211,59.709999084472656,59.709999084472656,598000
2016-06-14,59.439998626708984,60.15999984741211,58.79999923706055,59.34000015258789,59.34000015258789,614200
2016-06-15,59.439998626708984,59.81999969482422,58.2599983215332,58.439998626708984,58.439998626708984,739800
2016-06-16,58.130001068115234,58.61000061035156,56.65999984741211,58.58000183105469,58.58000183105469,868700
2016-06-17,58.2599983215332,59.290000915527344,56.720001220703125,56.83000183105469,56.83000183105469,1044100
2016-06-20,57.36000061035156,59.97999954223633,57.150001525878906,59.16999816894531,59.16999816894531,662100
2016-06-21,59.18000030517578,60.4900016784668,58.939998626708984,60.400001525878906,60.400001525878906,760900
2016-06-22,60.349998474121094,61.540000915527344,59.970001220703125,60.790000915527344,60.790000915527344,458400
2016-06-23,61.529998779296875,62.47999954223633,60.81999969482422,62.439998626708984,62.439998626708984,735700
2016-06-24,58.689998626708984,59.119998931884766,54.33000183105469,55.41999816894531,55.41999816894531,4520900
2016-06-27,54.369998931884766,56.689998626708984,50.29999923706055,51.029998779296875,51.029998779296875,2107300
2016-06-28,52.540000915527344,53.970001220703125,52.209999084472656,53.31999969482422,53.31999969482422,1659300
2016-06-29,53.61000061035156,56.0,53.59000015258789,54.970001220703125,54.970001220703125,1110200
2016-06-30,54.959999084472656,56.13999938964844,54.630001068115234,55.400001525878906,55.400001525878906,760400
2016-07-01,55.720001220703125,56.5,53.81999969482422,54.63999938964844,54.63999938964844,604000
2016-07-05,54.470001220703125,54.470001220703125,52.0,52.5,52.5,801200
2016-07-06,52.0,53.349998474121094,51.09000015258789,52.88999938964844,52.88999938964844,958700
2016-07-07,53.220001220703125,54.63999938964844,53.220001220703125,53.79999923706055,53.79999923706055,529000
2016-07-08,53.810001373291016,54.20000076293945,53.099998474121094,53.849998474121094,53.849998474121094,833400
2016-07-11,53.86000061035156,54.810001373291016,53.86000061035156,54.459999084472656,54.459999084472656,791400
2016-07-12,54.880001068115234,56.529998779296875,54.599998474121094,56.459999084472656,56.459999084472656,1088400
2016-07-13,56.61000061035156,56.9900016784668,56.36000061035156,56.43000030517578,56.43000030517578,867700
2016-07-14,57.279998779296875,57.279998779296875,50.90999984741211,52.900001525878906,52.900001525878906,4159600
2016-07-15,51.97999954223633,53.189998626708984,51.97999954223633,53.150001525878906,53.150001525878906,1084000
2016-07-18,53.13999938964844,54.849998474121094,53.13999938964844,54.4900016784668,54.4900016784668,1018700
2016-07-19,54.58000183105469,54.91999816894531,53.0099983215332,53.810001373291016,53.810001373291016,514600
2016-07-20,53.90999984741211,55.040000915527344,53.40999984741211,54.68000030517578,54.68000030517578,771200
2016-07-21,54.619998931884766,55.599998474121094,53.540000915527344,54.939998626708984,54.939998626708984,477900
2016-07-22,54.84000015258789,56.20000076293945,54.08000183105469,54.5,54.5,493300
2016-07-25,54.540000915527344,54.540000915527344,53.77000045776367,54.18000030517578,54.18000030517578,449200
2016-07-26,54.08000183105469,54.58000183105469,53.540000915527344,54.130001068115234,54.130001068115234,652700
2016-07-27,53.310001373291016,53.38999938964844,51.18000030517578,51.290000915527344,51.290000915527344,2265900
2016-07-28,51.119998931884766,54.58000183105469,51.0,53.290000915527344,53.290000915527344,2437600
2016-07-29,51.689998626708984,57.290000915527344,51.65999984741211,56.5,56.5,2204900
2016-08-01,55.9900016784668,56.20000076293945,52.279998779296875,52.59000015258789,52.59000015258789,2503500
2016-08-02,52.400001525878906,52.9900016784668,51.060001373291016,51.400001525878906,51.400001525878906,1635400
2016-08-03,51.08000183105469,53.540000915527344,51.06999969482422,52.869998931884766,52.869998931884766,1204000
2016-08-04,53.040000915527344,53.400001525878906,51.54999923706055,51.849998474121094,51.849998474121094,743800
2016-08-05,52.400001525878906,52.790000915527344,51.810001373291016,52.43000030517578,52.43000030517578,551200
2016-08-08,52.650001525878906,53.0,51.58000183105469,51.72999954223633,51.72999954223633,517200
2016-08-09,51.959999084472656,52.349998474121094,51.22999954223633,51.31999969482422,51.31999969482422,415800
2016-08-10,51.56999969482422,52.209999084472656,50.88999938964844,51.310001373291016,51.310001373291016,849500
2016-08-11,51.34000015258789,52.5,51.0099983215332,52.189998626708984,52.189998626708984,959100
2016-08-12,52.20000076293945,52.86000061035156,51.11000061035156,52.560001373291016,52.560001373291016,1059000
2016-08-15,53.13999938964844,54.72999954223633,52.56999969482422,54.290000915527344,54.290000915527344,1471600
2016-08-16,53.83000183105469,54.279998779296875,52.68000030517578,52.720001220703125,52.720001220703125,908400
2016-08-17,52.83000183105469,52.9900016784668,51.45000076293945,51.810001373291016,51.810001373291016,691300
2016-08-18,51.439998626708984,52.560001373291016,51.439998626708984,51.970001220703125,51.970001220703125,451400
2016-08-19,51.45000076293945,52.18000030517578,51.34000015258789,51.939998626708984,51.939998626708984,507600
2016-08-22,51.93000030517578,52.2400016784668,51.5,52.02000045776367,52.02000045776367,592800
2016-08-23,52.13999938964844,52.93000030517578,52.040000915527344,52.20000076293945,52.20000076293945,521800
2016-08-24,51.970001220703125,52.9900016784668,50.959999084472656,51.099998474121094,51.099998474121094,620800
2016-08-25,51.099998474121094,51.83000183105469,50.83000183105469,51.0,51.0,485400
2016-08-26,50.939998626708984,51.2400016784668,50.13999938964844,50.75,50.75,745900
2016-08-29,50.84000015258789,51.7400016784668,50.70000076293945,51.5099983215332,51.5099983215332,952300
2016-08-30,51.54999923706055,51.900001525878906,50.630001068115234,51.189998626708984,51.189998626708984,961300
2016-08-31,51.220001220703125,51.5099983215332,50.29999923706055,51.189998626708984,51.189998626708984,670700
2016-09-01,51.43000030517578,51.439998626708984,50.20000076293945,50.33000183105469,50.33000183105469,725600
2016-09-02,50.310001373291016,51.720001220703125,49.779998779296875,51.61000061035156,51.61000061035156,819000
2016-09-06,51.52000045776367,52.0,51.25,51.689998626708984,51.689998626708984,685900
2016-09-07,51.75,53.119998931884766,51.66999816894531,53.06999969482422,53.06999969482422,1162700
2016-09-08,53.209999084472656,53.38999938964844,52.70000076293945,52.970001220703125,52.970001220703125,718400
2016-09-09,52.349998474121094,52.9900016784668,51.560001373291016,51.58000183105469,51.58000183105469,781400
2016-09-12,51.20000076293945,52.029998779296875,50.849998474121094,51.83000183105469,51.83000183105469,770800
2016-09-13,51.18000030517578,51.900001525878906,50.90999984741211,51.119998931884766,51.119998931884766,469100
2016-09-14,51.34000015258789,51.560001373291016,49.70000076293945,50.189998626708984,50.189998626708984,1130700
2016-09-15,49.70000076293945,50.0,48.04999923706055,49.220001220703125,49.220001220703125,1718700
2016-09-16,49.15999984741211,51.90999984741211,49.130001068115234,51.81999969482422,51.81999969482422,3179500
2016-09-19,51.95000076293945,52.29999923706055,50.83000183105469,51.029998779296875,51.029998779296875,835700
2016-09-20,51.06999969482422,51.09000015258789,49.81999969482422,50.20000076293945,50.20000076293945,1162100
2016-09-21,50.369998931884766,50.720001220703125,48.529998779296875,49.220001220703125,49.220001220703125,1171100
2016-09-22,49.2599983215332,51.060001373291016,48.900001525878906,50.31999969482422,50.31999969482422,1322100
2016-09-23,50.349998474121094,51.04999923706055,49.5099983215332,49.540000915527344,49.540000915527344,677000
2016-09-26,49.599998474121094,49.72999954223633,47.95000076293945,48.029998779296875,48.029998779296875,1286700
2016-09-27,47.97999954223633,48.2599983215332,47.5099983215332,48.15999984741211,48.15999984741211,877600
2016-09-28,48.15999984741211,48.47999954223633,47.06999969482422,47.7400016784668,47.7400016784668,694700
2016-09-29,47.40999984741211,47.72999954223633,46.9900016784668,47.5099983215332,47.5099983215332,997400
2016-09-30,47.75,49.91999816894531,47.209999084472656,49.54999923706055,49.54999923706055,1616200
2016-10-03,49.2599983215332,49.290000915527344,48.369998931884766,48.88999938964844,48.88999938964844,740800
2016-10-04,48.77000045776367,50.029998779296875,48.77000045776367,49.5099983215332,49.5099983215332,772000
2016-10-05,49.86000061035156,50.18000030517578,48.54999923706055,48.650001525878906,48.650001525878906,1083200
2016-10-06,48.650001525878906,48.689998626708984,47.720001220703125,47.7599983215332,47.7599983215332,741100
2016-10-07,48.0099983215332,48.040000915527344,45.849998474121094,46.25,46.25,2071300
2016-10-10,46.619998931884766,47.779998779296875,46.459999084472656,47.439998626708984,47.439998626708984,865300
2016-10-11,47.349998474121094,47.38999938964844,45.900001525878906,46.36000061035156,46.36000061035156,865800
2016-10-12,46.209999084472656,46.220001220703125,44.689998626708984,45.040000915527344,45.040000915527344,1129400
2016-10-13,44.209999084472656,44.90999984741211,43.849998474121094,43.9900016784668,43.9900016784668,1803900
2016-10-14,44.29999923706055,44.29999923706055,42.689998626708984,42.810001373291016,42.810001373291016,1271200
2016-10-17,42.61000061035156,43.900001525878906,42.470001220703125,43.439998626708984,43.439998626708984,1529700
2016-10-18,43.83000183105469,45.22999954223633,43.59000015258789,45.189998626708984,45.189998626708984,1267500
2016-10-19,40.5,41.130001068115234,37.959999084472656,40.41999816894531,40.41999816894531,8779200
2016-10-20,41.119998931884766,41.119998931884766,39.060001373291016,39.689998626708984,39.689998626708984,1679200
2016-10-21,39.220001220703125,39.52000045776367,38.790000915527344,39.2599983215332,39.2599983215332,1750500
2016-10-24,39.45000076293945,39.709999084472656,39.34000015258789,39.43000030517578,39.43000030517578,941200
2016-10-25,39.45000076293945,39.599998474121094,38.4900016784668,38.689998626708984,38.689998626708984,1025000
2016-10-26,38.22999954223633,38.66999816894531,37.349998474121094,37.68000030517578,37.68000030517578,1021700
2016-10-27,37.599998474121094,38.09000015258789,36.380001068115234,36.959999084472656,36.959999084472656,1309900
2016-10-28,36.880001068115234,37.65999984741211,36.279998779296875,36.84000015258789,36.84000015258789,1672800
2016-10-31,36.79999923706055,36.90999984741211,35.75,35.959999084472656,35.959999084472656,1674400
2016-11-01,36.47999954223633,36.47999954223633,34.720001220703125,35.29999923706055,35.29999923706055,1503400
2016-11-02,34.599998474121094,38.2400016784668,34.400001525878906,37.09000015258789,37.09000015258789,2121200
2016-11-03,37.599998474121094,39.29999923706055,36.54999923706055,36.63999938964844,36.63999938964844,2447300
2016-11-04,36.83000183105469,38.2400016784668,36.20000076293945,37.31999969482422,37.31999969482422,1534200
2016-11-07,38.650001525878906,40.150001525878906,38.029998779296875,39.22999954223633,39.22999954223633,2153100
2016-11-08,38.47999954223633,39.439998626708984,37.650001525878906,38.91999816894531,38.91999816894531,1109000
2016-11-09,37.34000015258789,39.68000030517578,36.5,39.47999954223633,39.47999954223633,1289500
2016-11-10,40.209999084472656,41.20000076293945,39.060001373291016,39.95000076293945,39.95000076293945,1430400
2016-11-11,39.84000015258789,40.06999969482422,38.33000183105469,38.779998779296875,38.779998779296875,1512900
2016-11-14,39.0,40.209999084472656,38.93000030517578,39.08000183105469,39.08000183105469,1546500
2016-11-15,39.08000183105469,39.40999984741211,38.060001373291016,38.220001220703125,38.220001220703125,1012800
2016-11-16,38.0,38.2400016784668,37.279998779296875,37.869998931884766,37.869998931884766,723800
2016-11-17,37.81999969482422,38.75,37.599998474121094,38.34000015258789,38.34000015258789,557400
2016-11-18,38.25,39.0,38.25,38.58000183105469,38.58000183105469,1068700
2016-11-21,38.70000076293945,39.029998779296875,38.16999816894531,38.709999084472656,38.709999084472656,966100
2016-11-22,38.95000076293945,39.099998474121094,37.900001525878906,38.290000915527344,38.290000915527344,812700
2016-11-23,38.16999816894531,38.45000076293945,37.79999923706055,37.970001220703125,37.970001220703125,1155900
2016-11-25,37.880001068115234,38.34000015258789,37.470001220703125,38.130001068115234,38.130001068115234,340000
2016-11-28,37.97999954223633,37.97999954223633,37.189998626708984,37.58000183105469,37.58000183105469,756500
2016-11-29,37.5,38.060001373291016,37.5,38.02000045776367,38.02000045776367,1737200
2016-11-30,38.34000015258789,38.47999954223633,37.939998626708984,38.0099983215332,38.0099983215332,811400
2016-12-01,38.25,38.95000076293945,37.56999969482422,38.08000183105469,38.08000183105469,1025400
2016-12-02,38.209999084472656,38.599998474121094,37.779998779296875,37.91999816894531,37.91999816894531,882400
2016-12-05,38.119998931884766,38.88999938964844,37.91999816894531,38.790000915527344,38.790000915527344,838500
2016-12-06,38.93000030517578,39.20000076293945,38.209999084472656,38.279998779296875,38.279998779296875,1409600
2016-12-07,38.33000183105469,38.63999938964844,36.13999938964844,36.189998626708984,36.189998626708984,1727200
2016-12-08,36.70000076293945,38.119998931884766,36.61000061035156,37.25,37.25,1228200
2016-12-09,37.45000076293945,37.45000076293945,36.459999084472656,36.84000015258789,36.84000015258789,916100
2016-12-12,36.66999816894531,36.83000183105469,35.66999816894531,35.880001068115234,35.880001068115234,1050600
2016-12-13,35.79999923706055,36.0099983215332,34.29999923706055,34.599998474121094,34.599998474121094,1751300
2016-12-14,34.40999984741211,34.5099983215332,32.540000915527344,33.310001373291016,33.310001373291016,2688000
2016-12-15,33.29999923706055,34.529998779296875,32.900001525878906,34.5,34.5,1334300
2016-12-16,34.47999954223633,35.70000076293945,34.47999954223633,35.15999984741211,35.15999984741211,1849700
2016-12-19,35.34000015258789,35.849998474121094,34.689998626708984,34.869998931884766,34.869998931884766,739900
2016-12-20,35.119998931884766,35.119998931884766,33.790000915527344,33.86000061035156,33.86000061035156,860500
2016-12-21,33.709999084472656,34.060001373291016,33.25,33.91999816894531,33.91999816894531,880100
2016-12-22,33.56999969482422,34.79999923706055,33.279998779296875,34.75,34.75,1519600
2016-12-23,34.58000183105469,35.25,34.290000915527344,34.68000030517578,34.68000030517578,1216200
2016-12-27,34.86000061035156,35.060001373291016,33.91999816894531,33.959999084472656,33.959999084472656,738500
2016-12-28,33.90999984741211,34.13999938964844,33.25,33.47999954223633,33.47999954223633,961900
2016-12-29,33.619998931884766,34.16999816894531,33.25,33.61000061035156,33.61000061035156,1261900
2016-12-30,33.650001525878906,33.97999954223633,32.97999954223633,33.099998474121094,33.099998474121094,886200
2017-01-03,33.470001220703125,33.689998626708984,32.689998626708984,32.88999938964844,32.88999938964844,1688700
2017-01-04,33.25,35.880001068115234,32.79999923706055,35.720001220703125,35.720001220703125,2352400
2017-01-05,35.900001525878906,35.93000030517578,34.560001373291016,35.15999984741211,35.15999984741211,1206800
2017-01-06,35.2400016784668,36.2400016784668,34.88999938964844,36.0,36.0,1538800
2017-01-09,36.04999923706055,38.130001068115234,35.599998474121094,37.90999984741211,37.90999984741211,1893200
2017-01-10,38.060001373291016,38.900001525878906,37.15999984741211,37.5,37.5,1310700
2017-01-11,37.59000015258789,38.529998779296875,37.31999969482422,37.9900016784668,37.9900016784668,1003200
2017-01-12,37.880001068115234,38.369998931884766,37.380001068115234,38.0,38.0,858600
2017-01-13,37.93000030517578,38.380001068115234,37.72999954223633,37.95000076293945,37.95000076293945,715600
2017-01-17,37.56999969482422,38.66999816894531,37.41999816894531,38.029998779296875,38.029998779296875,924000
2017-01-18,38.20000076293945,39.02000045776367,37.709999084472656,39.0,39.0,1083700
2017-01-19,39.09000015258789,39.4900016784668,38.06999969482422,38.189998626708984,38.189998626708984,1072300
2017-01-20,38.130001068115234,38.66999816894531,37.75,38.470001220703125,38.470001220703125,838100
2017-01-23,38.20000076293945,38.88999938964844,37.849998474121094,38.540000915527344,38.540000915527344,985800
2017-01-24,38.689998626708984,39.560001373291016,38.22999954223633,39.400001525878906,39.400001525878906,1940000
2017-01-25,39.470001220703125,40.400001525878906,39.18000030517578,39.93000030517578,39.93000030517578,1857600
2017-01-26,39.810001373291016,40.11000061035156,38.689998626708984,39.02000045776367,39.02000045776367,739200
2017-01-27,38.29999923706055,38.650001525878906,37.779998779296875,38.38999938964844,38.38999938964844,649600
2017-01-30,38.380001068115234,38.380001068115234,37.2400016784668,38.0,38.0,666800
2017-01-31,38.119998931884766,38.709999084472656,37.56999969482422,38.369998931884766,38.369998931884766,550200
2017-02-01,38.709999084472656,39.18000030517578,38.189998626708984,38.4900016784668,38.4900016784668,962800
2017-02-02,38.540000915527344,38.77000045776367,38.02000045776367,38.29999923706055,38.29999923706055,844600
2017-02-03,38.599998474121094,39.25,38.290000915527344,38.79999923706055,38.79999923706055,709700
2017-02-06,38.900001525878906,38.95000076293945,38.119998931884766,38.18000030517578,38.18000030517578,464600
2017-02-07,38.34000015258789,38.65999984741211,38.02000045776367,38.279998779296875,38.279998779296875,653300
2017-02-08,38.209999084472656,38.630001068115234,37.439998626708984,38.470001220703125,38.470001220703125,598000
2017-02-09,38.380001068115234,38.95000076293945,38.29999923706055,38.91999816894531,38.91999816894531,627000
2017-02-10,38.95000076293945,39.189998626708984,38.540000915527344,38.880001068115234,38.880001068115234,614600
2017-02-13,39.31999969482422,39.43000030517578,38.310001373291016,39.349998474121094,39.349998474121094,926400
2017-02-14,39.310001373291016,40.290000915527344,38.90999984741211,40.2400016784668,40.2400016784668,968000
2017-02-15,40.189998626708984,42.130001068115234,40.09000015258789,41.7599983215332,41.7599983215332,1391100
2017-02-16,41.599998474121094,42.27000045776367,41.529998779296875,41.91999816894531,41.91999816894531,1295600
2017-02-17,41.7400016784668,42.63999938964844,41.29999923706055,42.59000015258789,42.59000015258789,1147400
2017-02-21,42.91999816894531,43.70000076293945,42.68000030517578,43.06999969482422,43.06999969482422,1019500
2017-02-22,43.0,43.189998626708984,42.2400016784668,42.63999938964844,42.63999938964844,972200
2017-02-23,42.47999954223633,43.43000030517578,42.43000030517578,43.2400016784668,43.2400016784668,1248400
2017-02-24,44.9900016784668,47.38999938964844,44.290000915527344,44.939998626708984,44.939998626708984,3100600
2017-02-27,45.040000915527344,45.06999969482422,44.029998779296875,44.790000915527344,44.790000915527344,1689400
2017-02-28,44.86000061035156,44.93000030517578,43.77000045776367,44.720001220703125,44.720001220703125,1518900
2017-03-01,45.040000915527344,45.43000030517578,44.290000915527344,44.900001525878906,44.900001525878906,1361600
2017-03-02,44.68000030517578,45.0099983215332,44.20000076293945,44.529998779296875,44.529998779296875,1011200
2017-03-03,44.58000183105469,45.61000061035156,44.060001373291016,45.529998779296875,45.529998779296875,1321700
2017-03-06,44.91999816894531,45.5099983215332,43.88999938964844,44.349998474121094,44.349998474121094,1267500
2017-03-07,43.970001220703125,44.09000015258789,43.29999923706055,43.4900016784668,43.4900016784668,1039600
2017-03-08,43.56999969482422,44.20000076293945,42.84000015258789,43.599998474121094,43.599998474121094,785300
2017-03-09,43.400001525878906,43.880001068115234,42.880001068115234,43.09000015258789,43.09000015258789,1283300
2017-03-10,43.16999816894531,43.34000015258789,42.459999084472656,42.689998626708984,42.689998626708984,1183700
2017-03-13,42.75,42.970001220703125,42.0099983215332,42.810001373291016,42.810001373291016,1130900
2017-03-14,42.54999923706055,42.86000061035156,42.0,42.77000045776367,42.77000045776367,1500900
2017-03-15,42.90999984741211,43.08000183105469,41.81999969482422,42.11000061035156,42.11000061035156,1037800
2017-03-16,42.189998626708984,42.5,41.7599983215332,42.0,42.0,1736100
2017-03-17,42.13999938964844,42.20000076293945,41.560001373291016,41.630001068115234,41.630001068115234,1379500
2017-03-20,41.5,41.619998931884766,40.459999084472656,40.779998779296875,40.779998779296875,1334400
2017-03-21,40.720001220703125,41.310001373291016,39.630001068115234,39.7400016784668,39.7400016784668,1272900
2017-03-22,39.59000015258789,39.59000015258789,38.689998626708984,39.470001220703125,39.470001220703125,1679600
2017-03-23,39.58000183105469,40.060001373291016,39.25,39.56999969482422,39.56999969482422,975300
2017-03-24,39.529998779296875,42.0099983215332,39.529998779296875,41.93000030517578,41.93000030517578,1770300
2017-03-27,41.7599983215332,44.900001525878906,41.560001373291016,44.040000915527344,44.040000915527344,2677100
2017-03-28,43.83000183105469,44.4900016784668,42.59000015258789,43.59000015258789,43.59000015258789,1573700
2017-03-29,43.540000915527344,44.189998626708984,43.08000183105469,43.650001525878906,43.650001525878906,1392000
2017-03-30,43.689998626708984,44.04999923706055,43.400001525878906,43.779998779296875,43.779998779296875,585300
2017-03-31,43.63999938964844,44.060001373291016,42.209999084472656,43.599998474121094,43.599998474121094,802900
2017-04-03,43.40999984741211,43.97999954223633,42.61000061035156,42.86000061035156,42.86000061035156,1565400
2017-04-04,44.790000915527344,45.0,43.119998931884766,43.869998931884766,43.869998931884766,4990200
2017-04-05,44.279998779296875,44.70000076293945,43.65999984741211,44.119998931884766,44.119998931884766,15600500
2017-04-06,44.060001373291016,44.34000015258789,43.56999969482422,43.970001220703125,43.970001220703125,1929100
2017-04-07,43.709999084472656,43.939998626708984,42.95000076293945,43.459999084472656,43.459999084472656,1355000
2017-04-10,43.34000015258789,44.22999954223633,43.33000183105469,44.130001068115234,44.130001068115234,1197000
2017-04-11,43.97999954223633,44.41999816894531,42.88999938964844,43.310001373291016,43.310001373291016,1299800
2017-04-12,43.18000030517578,43.36000061035156,42.650001525878906,43.0,43.0,1099500
2017-04-13,42.869998931884766,44.029998779296875,42.5,42.61000061035156,42.61000061035156,1054900
2017-04-17,42.4900016784668,42.939998626708984,42.20000076293945,42.900001525878906,42.900001525878906,1175500
2017-04-18,42.599998474121094,42.959999084472656,42.29999923706055,42.779998779296875,42.779998779296875,1782000
2017-04-19,42.93000030517578,43.22999954223633,42.5,42.72999954223633,42.72999954223633,1859700
2017-04-20,42.83000183105469,43.150001525878906,41.560001373291016,42.84000015258789,42.84000015258789,1701100
2017-04-21,42.61000061035156,43.36000061035156,42.0,43.08000183105469,43.08000183105469,1091200
2017-04-24,43.65999984741211,43.91999816894531,43.130001068115234,43.560001373291016,43.560001373291016,1056900
2017-04-25,43.93000030517578,43.93000030517578,42.810001373291016,43.58000183105469,43.58000183105469,2749600
2017-04-26,46.7599983215332,46.7599983215332,40.369998931884766,42.189998626708984,42.189998626708984,4428200
2017-04-27,42.2599983215332,42.630001068115234,41.7400016784668,42.40999984741211,42.40999984741211,1587400
2017-04-28,42.41999816894531,43.650001525878906,42.369998931884766,43.58000183105469,43.58000183105469,1529700
2017-05-01,43.5099983215332,44.13999938964844,43.5099983215332,43.939998626708984,43.939998626708984,1805500
2017-05-02,44.09000015258789,45.4900016784668,44.09000015258789,45.38999938964844,45.38999938964844,1771900
2017-05-03,45.13999938964844,45.79999923706055,45.0,45.27000045776367,45.27000045776367,1823500
2017-05-04,45.130001068115234,46.029998779296875,44.66999816894531,45.7599983215332,45.7599983215332,1582100
2017-05-05,45.95000076293945,46.02000045776367,44.880001068115234,44.9900016784668,44.9900016784668,1048500
2017-05-08,45.02000045776367,45.02000045776367,43.79999923706055,43.86000061035156,43.86000061035156,1030300
2017-05-09,43.900001525878906,44.099998474121094,43.20000076293945,43.369998931884766,43.369998931884766,1275700
2017-05-10,43.41999816894531,44.43000030517578,43.2400016784668,44.290000915527344,44.290000915527344,1269600
2017-05-11,44.189998626708984,44.54999923706055,43.68000030517578,44.400001525878906,44.400001525878906,697400
2017-05-12,44.36000061035156,44.68000030517578,43.810001373291016,44.65999984741211,44.65999984741211,502100
2017-05-15,43.72999954223633,44.34000015258789,43.720001220703125,43.83000183105469,43.83000183105469,1037900
2017-05-16,44.029998779296875,44.61000061035156,43.459999084472656,43.52000045776367,43.52000045776367,889400
2017-05-17,42.91999816894531,43.41999816894531,42.47999954223633,42.540000915527344,42.540000915527344,860600
2017-05-18,42.4900016784668,42.869998931884766,41.88999938964844,42.529998779296875,42.529998779296875,740800
2017-05-19,42.72999954223633,43.7400016784668,42.52000045776367,43.560001373291016,43.560001373291016,691900
2017-05-22,43.58000183105469,43.95000076293945,43.41999816894531,43.70000076293945,43.70000076293945,593300
2017-05-23,43.83000183105469,43.939998626708984,43.119998931884766,43.15999984741211,43.15999984741211,832000
2017-05-24,43.290000915527344,43.34000015258789,42.04999923706055,42.63999938964844,42.63999938964844,1098100
2017-05-25,42.779998779296875,42.97999954223633,42.209999084472656,42.52000045776367,42.52000045776367,634600
2017-05-26,42.45000076293945,42.45000076293945,41.88999938964844,42.13999938964844,42.13999938964844,525400
2017-05-30,42.04999923706055,42.290000915527344,41.25,41.310001373291016,41.310001373291016,831800
2017-05-31,41.43000030517578,41.619998931884766,40.84000015258789,41.34000015258789,41.34000015258789,672500
2017-06-01,41.75,44.11000061035156,41.54999923706055,43.7400016784668,43.7400016784668,1291100
2017-06-02,44.099998474121094,44.34000015258789,42.540000915527344,43.689998626708984,43.689998626708984,1173900
2017-06-05,43.54999923706055,43.9900016784668,43.29999923706055,43.5099983215332,43.5099983215332,1046800
2017-06-06,43.38999938964844,43.61000061035156,42.81999969482422,43.060001373291016,43.060001373291016,593700
2017-06-07,43.2400016784668,43.61000061035156,43.0,43.56999969482422,43.56999969482422,862700
2017-06-08,43.5099983215332,44.22999954223633,43.369998931884766,44.0099983215332,44.0099983215332,1004500
2017-06-09,44.08000183105469,45.279998779296875,43.790000915527344,45.040000915527344,45.040000915527344,1107100
2017-06-12,44.88999938964844,45.38999938964844,44.529998779296875,45.09000015258789,45.09000015258789,702700
2017-06-13,45.349998474121094,46.060001373291016,45.130001068115234,45.400001525878906,45.400001525878906,790400
2017-06-14,45.52000045776367,46.220001220703125,45.31999969482422,46.189998626708984,46.189998626708984,758300
2017-06-15,45.70000076293945,46.939998626708984,45.630001068115234,46.0,46.0,1145300
2017-06-16,45.900001525878906,46.40999984741211,45.20000076293945,45.2599983215332,45.2599983215332,1512100
2017-06-19,45.400001525878906,46.63999938964844,45.209999084472656,46.13999938964844,46.13999938964844,867900
2017-06-20,45.959999084472656,46.41999816894531,45.29999923706055,45.41999816894531,45.41999816894531,1059500
2017-06-21,45.52000045776367,45.939998626708984,44.849998474121094,45.38999938964844,45.38999938964844,852600
2017-06-22,45.5,47.95000076293945,45.15999984741211,47.560001373291016,47.560001373291016,1254200
2017-06-23,47.709999084472656,48.2400016784668,47.380001068115234,48.029998779296875,48.029998779296875,1608800
2017-06-26,48.06999969482422,48.810001373291016,47.790000915527344,47.84000015258789,47.84000015258789,986800
2017-06-27,47.970001220703125,48.40999984741211,47.56999969482422,47.58000183105469,47.58000183105469,816300
2017-06-28,47.95000076293945,49.540000915527344,47.16999816894531,49.349998474121094,49.349998474121094,1428900
2017-06-29,49.349998474121094,49.9900016784668,49.119998931884766,49.599998474121094,49.599998474121094,798100
2017-06-30,49.599998474121094,49.75,48.75,49.380001068115234,49.380001068115234,795700
2017-07-03,49.47999954223633,49.56999969482422,48.02000045776367,49.08000183105469,49.08000183105469,336500
2017-07-05,49.2599983215332,50.61000061035156,49.0,50.5,50.5,888300
2017-07-06,50.220001220703125,50.220001220703125,47.5,47.77000045776367,47.77000045776367,1958800
2017-07-07,47.7400016784668,49.20000076293945,47.380001068115234,48.97999954223633,48.97999954223633,775300
2017-07-10,49.119998931884766,49.880001068115234,48.650001525878906,49.65999984741211,49.65999984741211,1225800
2017-07-11,49.72999954223633,50.060001373291016,48.900001525878906,49.0,49.0,1142900
2017-07-12,49.369998931884766,49.58000183105469,48.52000045776367,48.75,48.75,1099000
2017-07-13,48.650001525878906,49.380001068115234,48.33000183105469,49.060001373291016,49.060001373291016,584200
2017-07-14,49.029998779296875,49.599998474121094,48.95000076293945,49.36000061035156,49.36000061035156,595100
2017-07-17,49.599998474121094,49.630001068115234,48.7599983215332,49.13999938964844,49.13999938964844,332800
2017-07-18,49.40999984741211,50.04999923706055,48.779998779296875,49.84000015258789,49.84000015258789,788500
2017-07-19,49.959999084472656,50.95000076293945,49.86000061035156,50.43000030517578,50.43000030517578,780600
2017-07-20,50.47999954223633,51.18000030517578,49.970001220703125,50.900001525878906,50.900001525878906,849300
2017-07-21,50.86000061035156,51.18000030517578,50.599998474121094,50.88999938964844,50.88999938964844,695500
2017-07-24,50.900001525878906,51.84000015258789,50.869998931884766,51.25,51.25,824800
2017-07-25,51.150001525878906,51.41999816894531,50.5099983215332,51.290000915527344,51.290000915527344,1032600
2017-07-26,49.040000915527344,49.79999923706055,48.15999984741211,49.2599983215332,49.2599983215332,1517100
2017-07-27,49.279998779296875,49.959999084472656,48.47999954223633,49.22999954223633,49.22999954223633,1283900
2017-07-28,51.5,54.34000015258789,50.959999084472656,53.0,53.0,2266300
2017-07-31,53.7400016784668,53.7400016784668,52.279998779296875,52.93000030517578,52.93000030517578,1066100
2017-08-01,52.939998626708984,53.650001525878906,51.90999984741211,52.09000015258789,52.09000015258789,2244600
2017-08-02,52.11000061035156,52.290000915527344,50.91999816894531,51.47999954223633,51.47999954223633,1218100
2017-08-03,51.209999084472656,52.81999969482422,51.209999084472656,52.56999969482422,52.56999969482422,1306100
2017-08-04,52.79999923706055,53.0,52.400001525878906,52.58000183105469,52.58000183105469,745000
2017-08-07,52.59000015258789,53.09000015258789,52.060001373291016,52.58000183105469,52.58000183105469,865000
2017-08-08,52.45000076293945,52.790000915527344,51.869998931884766,52.27000045776367,52.27000045776367,798400
2017-08-09,52.11000061035156,52.29999923706055,51.310001373291016,51.5,51.5,790000
2017-08-10,51.06999969482422,51.349998474121094,50.650001525878906,50.970001220703125,50.970001220703125,653300
2017-08-11,51.150001525878906,52.619998931884766,50.880001068115234,52.380001068115234,52.380001068115234,1219400
2017-08-14,52.650001525878906,52.75,51.959999084472656,52.16999816894531,52.16999816894531,667800
2017-08-15,52.33000183105469,52.33000183105469,51.2599983215332,52.0099983215332,52.0099983215332,717100
2017-08-16,52.040000915527344,52.83000183105469,51.59000015258789,51.68000030517578,51.68000030517578,638600
2017-08-17,50.0,50.029998779296875,46.900001525878906,46.9900016784668,46.9900016784668,4988200
2017-08-18,47.15999984741211,47.54999923706055,46.310001373291016,46.900001525878906,46.900001525878906,2127400
2017-08-21,46.970001220703125,47.880001068115234,46.970001220703125,47.65999984741211,47.65999984741211,1239700
2017-08-22,47.68000030517578,48.119998931884766,47.4900016784668,47.619998931884766,47.619998931884766,797300
2017-08-23,47.27000045776367,48.029998779296875,46.93000030517578,47.43000030517578,47.43000030517578,827800
2017-08-24,47.52000045776367,47.95000076293945,45.52000045776367,45.54999923706055,45.54999923706055,1267900
2017-08-25,45.66999816894531,46.099998474121094,45.349998474121094,45.56999969482422,45.56999969482422,1076500
2017-08-28,45.86000061035156,46.130001068115234,45.439998626708984,45.790000915527344,45.790000915527344,684500
2017-08-29,45.45000076293945,45.91999816894531,45.08000183105469,45.83000183105469,45.83000183105469,729100
2017-08-30,45.869998931884766,46.0,45.599998474121094,45.810001373291016,45.810001373291016,545500
2017-08-31,46.060001373291016,47.59000015258789,46.0099983215332,46.939998626708984,46.939998626708984,903600
2017-09-01,46.959999084472656,47.630001068115234,46.41999816894531,47.029998779296875,47.029998779296875,566800
2017-09-05,46.65999984741211,47.5,46.439998626708984,46.81999969482422,46.81999969482422,821500
2017-09-06,46.900001525878906,47.08000183105469,45.650001525878906,46.290000915527344,46.290000915527344,1040300
2017-09-07,46.220001220703125,47.0099983215332,46.220001220703125,46.47999954223633,46.47999954223633,588900
2017-09-08,46.4900016784668,47.209999084472656,46.22999954223633,46.849998474121094,46.849998474121094,713500
2017-09-11,46.959999084472656,47.810001373291016,46.959999084472656,47.279998779296875,47.279998779296875,716600
2017-09-12,47.56999969482422,47.79999923706055,47.220001220703125,47.470001220703125,47.470001220703125,691400
2017-09-13,47.459999084472656,48.0099983215332,47.09000015258789,47.650001525878906,47.650001525878906,759900
2017-09-14,47.7400016784668,48.83000183105469,47.2599983215332,48.7599983215332,48.7599983215332,1347900
2017-09-15,48.75,49.04999923706055,46.650001525878906,46.779998779296875,46.779998779296875,1813900
2017-09-18,46.689998626708984,47.380001068115234,45.68000030517578,45.7400016784668,45.7400016784668,916100
2017-09-19,45.709999084472656,45.790000915527344,44.2599983215332,44.84000015258789,44.84000015258789,975500
2017-09-20,44.81999969482422,45.869998931884766,44.369998931884766,45.689998626708984,45.689998626708984,712600
2017-09-21,45.619998931884766,46.31999969482422,45.529998779296875,45.599998474121094,45.599998474121094,444800
2017-09-22,45.59000015258789,46.29999923706055,45.290000915527344,46.02000045776367,46.02000045776367,602000
2017-09-25,46.060001373291016,46.47999954223633,45.83000183105469,46.2599983215332,46.2599983215332,563700
2017-09-26,46.470001220703125,46.97999954223633,46.220001220703125,46.349998474121094,46.349998474121094,663700
2017-09-27,46.529998779296875,47.06999969482422,46.5099983215332,46.7400016784668,46.7400016784668,619100
2017-09-28,46.75,47.470001220703125,46.40999984741211,47.43000030517578,47.43000030517578,457000
2017-09-29,47.619998931884766,48.060001373291016,47.59000015258789,47.7599983215332,47.7599983215332,588400
2017-10-02,47.79999923706055,48.349998474121094,47.22999954223633,47.61000061035156,47.61000061035156,601800
2017-10-03,47.79999923706055,48.2400016784668,47.400001525878906,47.5,47.5,610800
2017-10-04,47.650001525878906,47.779998779296875,46.66999816894531,46.939998626708984,46.939998626708984,520900
2017-10-05,46.959999084472656,47.52000045776367,46.40999984741211,46.47999954223633,46.47999954223633,450600
2017-10-06,46.52000045776367,46.56999969482422,45.45000076293945,45.630001068115234,45.630001068115234,967100
2017-10-09,45.72999954223633,45.7400016784668,43.45000076293945,44.02000045776367,44.02000045776367,1081700
2017-10-10,44.04999923706055,44.31999969482422,41.9900016784668,42.959999084472656,42.959999084472656,1875400
2017-10-11,43.040000915527344,43.849998474121094,42.810001373291016,43.619998931884766,43.619998931884766,1046600
2017-10-12,43.650001525878906,44.02000045776367,42.81999969482422,43.29999923706055,43.29999923706055,1044500
2017-10-13,42.709999084472656,42.709999084472656,41.68000030517578,41.720001220703125,41.720001220703125,1874900
2017-10-16,41.65999984741211,42.31999969482422,41.470001220703125,41.560001373291016,41.560001373291016,677400
2017-10-17,41.86000061035156,43.849998474121094,41.439998626708984,41.810001373291016,41.810001373291016,927500
2017-10-18,42.18000030517578,42.650001525878906,41.75,42.27000045776367,42.27000045776367,1082200
2017-10-19,42.099998474121094,44.22999954223633,42.099998474121094,44.15999984741211,44.15999984741211,1327700
2017-10-20,44.0,45.27000045776367,43.779998779296875,44.45000076293945,44.45000076293945,988000
2017-10-23,44.43000030517578,45.209999084472656,42.5,44.689998626708984,44.689998626708984,1001900
2017-10-24,44.709999084472656,45.09000015258789,43.939998626708984,44.119998931884766,44.119998931884766,1171100
2017-10-25,32.2599983215332,34.2400016784668,30.90999984741211,32.68000030517578,32.68000030517578,19847500
2017-10-26,32.029998779296875,32.959999084472656,31.760000228881836,32.41999816894531,32.41999816894531,4943500
2017-10-27,32.65999984741211,33.650001525878906,31.899999618530273,33.25,33.25,2443900
2017-10-30,32.20000076293945,33.439998626708984,30.760000228881836,31.329999923706055,31.329999923706055,2523400
2017-10-31,31.079999923706055,32.11000061035156,30.690000534057617,31.360000610351562,31.360000610351562,2215700
2017-11-01,31.329999923706055,31.540000915527344,29.920000076293945,30.469999313354492,30.469999313354492,2886300
2017-11-02,30.59000015258789,31.190000534057617,30.15999984741211,30.520000457763672,30.520000457763672,1861700
2017-11-03,30.1299991607666,30.40999984741211,28.959999084472656,29.950000762939453,29.950000762939453,1945300
2017-11-06,29.969999313354492,30.360000610351562,29.690000534057617,29.989999771118164,29.989999771118164,1240100
2017-11-07,30.219999313354492,30.290000915527344,29.209999084472656,29.350000381469727,29.350000381469727,1180600
2017-11-08,29.350000381469727,29.8700008392334,28.81999969482422,29.139999389648438,29.139999389648438,1125500
2017-11-09,29.1200008392334,29.3700008392334,28.459999084472656,28.6299991607666,28.6299991607666,1053000
2017-11-10,28.600000381469727,28.979999542236328,27.8799991607666,28.229999542236328,28.229999542236328,1420300
2017-11-13,28.229999542236328,28.520000457763672,27.559999465942383,28.420000076293945,28.420000076293945,1009200
2017-11-14,28.15999984741211,28.239999771118164,27.440000534057617,27.790000915527344,27.790000915527344,1509200
2017-11-15,27.75,28.260000228881836,26.920000076293945,28.149999618530273,28.149999618530273,2068500
2017-11-16,28.31999969482422,29.68000030517578,28.06999969482422,29.5,29.5,2029000
2017-11-17,29.3700008392334,30.030000686645508,29.209999084472656,29.84000015258789,29.84000015258789,2031400
2017-11-20,29.829999923706055,29.920000076293945,28.81999969482422,29.010000228881836,29.010000228881836,1363800
2017-11-21,29.229999542236328,29.889999389648438,28.68000030517578,29.809999465942383,29.809999465942383,1166300
2017-11-22,29.75,31.5,29.739999771118164,30.959999084472656,30.959999084472656,1425100
2017-11-24,30.959999084472656,31.06999969482422,29.860000610351562,30.360000610351562,30.360000610351562,536700
2017-11-27,30.3799991607666,31.139999389648438,30.280000686645508,31.040000915527344,31.040000915527344,1106600
2017-11-28,31.09000015258789,31.979999542236328,30.950000762939453,31.780000686645508,31.780000686645508,1381400
2017-11-29,31.8799991607666,33.099998474121094,31.760000228881836,32.900001525878906,32.900001525878906,1197400
2017-11-30,32.900001525878906,33.68000030517578,31.709999084472656,31.829999923706055,31.829999923706055,1787400
2017-12-01,31.75,32.56999969482422,30.829999923706055,32.2599983215332,32.2599983215332,1461500
2017-12-04,32.63999938964844,32.959999084472656,31.559999465942383,31.65999984741211,31.65999984741211,1275900
2017-12-05,31.510000228881836,32.08000183105469,30.850000381469727,31.360000610351562,31.360000610351562,1177900
2017-12-06,31.450000762939453,31.59000015258789,30.75,31.09000015258789,31.09000015258789,1264700
2017-12-07,31.059999465942383,32.13999938964844,31.0,31.780000686645508,31.780000686645508,1332700
2017-12-08,31.959999084472656,32.41999816894531,31.68000030517578,32.310001373291016,32.310001373291016,598200
2017-12-11,32.38999938964844,32.95000076293945,32.06999969482422,32.099998474121094,32.099998474121094,1342200
2017-12-12,32.279998779296875,32.97999954223633,32.279998779296875,32.47999954223633,32.47999954223633,940900
2017-12-13,32.52000045776367,33.02000045776367,31.989999771118164,32.779998779296875,32.779998779296875,1099000
2017-12-14,32.52000045776367,32.54999923706055,31.389999389648438,31.40999984741211,31.40999984741211,1220700
2017-12-15,31.56999969482422,32.52000045776367,31.520000457763672,31.739999771118164,31.739999771118164,2242600
2017-12-18,31.8799991607666,32.75,31.610000610351562,31.860000610351562,31.860000610351562,1100900
2017-12-19,32.09000015258789,32.869998931884766,31.850000381469727,32.52000045776367,32.52000045776367,1520600
2017-12-20,32.650001525878906,32.650001525878906,31.639999389648438,31.850000381469727,31.850000381469727,1213000
2017-12-21,31.829999923706055,32.36000061035156,31.5,32.09000015258789,32.09000015258789,1507500
2017-12-22,31.93000030517578,32.40999984741211,31.639999389648438,32.25,32.25,957300
2017-12-26,32.349998474121094,33.0,32.08000183105469,32.20000076293945,32.20000076293945,1080500
2017-12-27,32.20000076293945,32.66999816894531,31.93000030517578,32.45000076293945,32.45000076293945,712500
2017-12-28,32.4900016784668,32.869998931884766,32.33000183105469,32.630001068115234,32.630001068115234,642300
2017-12-29,32.68000030517578,33.20000076293945,32.4900016784668,32.630001068115234,32.630001068115234,763800
2018-01-02,32.66999816894531,34.040000915527344,32.66999816894531,33.810001373291016,33.810001373291016,1214800
2018-01-03,33.95000076293945,33.95000076293945,32.75,33.43000030517578,33.43000030517578,1177700
2018-01-04,33.619998931884766,33.84000015258789,33.18000030517578,33.459999084472656,33.459999084472656,2943000
2018-01-05,33.65999984741211,33.65999984741211,32.790000915527344,33.11000061035156,33.11000061035156,1000800
2018-01-08,32.959999084472656,32.959999084472656,32.060001373291016,32.38999938964844,32.38999938964844,1786900
2018-01-09,32.18000030517578,33.189998626708984,32.130001068115234,33.06999969482422,33.06999969482422,1383300
2018-01-10,32.970001220703125,33.5,32.68000030517578,33.0,33.0,1048800
2018-01-11,33.02000045776367,34.41999816894531,33.02000045776367,34.380001068115234,34.380001068115234,845100
2018-01-12,34.43000030517578,34.79999923706055,34.349998474121094,34.630001068115234,34.630001068115234,871400
2018-01-16,34.81999969482422,34.81999969482422,33.400001525878906,33.45000076293945,33.45000076293945,1687400
2018-01-17,33.709999084472656,33.779998779296875,32.470001220703125,33.220001220703125,33.220001220703125,1588700
2018-01-18,33.220001220703125,33.310001373291016,32.70000076293945,33.220001220703125,33.220001220703125,1272900
2018-01-19,33.18000030517578,34.06999969482422,33.06999969482422,34.0099983215332,34.0099983215332,1463300
2018-01-22,33.869998931884766,34.5,33.689998626708984,34.22999954223633,34.22999954223633,748300
2018-01-23,34.11000061035156,34.189998626708984,33.4900016784668,33.70000076293945,33.70000076293945,1317100
2018-01-24,33.97999954223633,34.209999084472656,33.25,33.54999923706055,33.54999923706055,846900
2018-01-25,33.7599983215332,34.099998474121094,33.41999816894531,33.95000076293945,33.95000076293945,1420600
2018-01-26,34.02000045776367,34.369998931884766,33.61000061035156,34.31999969482422,34.31999969482422,492200
2018-01-29,34.27000045776367,34.75,34.0,34.290000915527344,34.290000915527344,749300
2018-01-30,34.18000030517578,34.880001068115234,33.869998931884766,34.2599983215332,34.2599983215332,547200
2018-01-31,34.540000915527344,34.84000015258789,33.77000045776367,34.08000183105469,34.08000183105469,775200
2018-02-01,33.869998931884766,35.369998931884766,33.59000015258789,35.22999954223633,35.22999954223633,1358200
2018-02-02,34.959999084472656,35.04999923706055,34.15999984741211,34.61000061035156,34.61000061035156,999500
2018-02-05,34.15999984741211,34.709999084472656,33.02000045776367,33.099998474121094,33.099998474121094,2120100
2018-02-06,32.439998626708984,34.38999938964844,32.220001220703125,34.2599983215332,34.2599983215332,1739300
2018-02-07,34.150001525878906,34.77000045776367,34.09000015258789,34.290000915527344,34.290000915527344,1122600
2018-02-08,34.43000030517578,35.5,33.83000183105469,34.02000045776367,34.02000045776367,1429800
2018-02-09,34.25,34.43000030517578,32.58000183105469,33.720001220703125,33.720001220703125,2133000
2018-02-12,33.869998931884766,34.0,32.970001220703125,33.7400016784668,33.7400016784668,1736800
2018-02-13,33.54999923706055,34.380001068115234,32.97999954223633,34.2400016784668,34.2400016784668,1694300
2018-02-14,34.099998474121094,35.77000045776367,33.79999923706055,35.65999984741211,35.65999984741211,800500
2018-02-15,35.959999084472656,36.36000061035156,34.529998779296875,36.27000045776367,36.27000045776367,1826800
2018-02-16,36.33000183105469,37.040000915527344,36.2400016784668,36.31999969482422,36.31999969482422,2088300
2018-02-20,36.22999954223633,36.709999084472656,36.06999969482422,36.119998931884766,36.119998931884766,996200
2018-02-21,36.22999954223633,37.630001068115234,35.63999938964844,36.22999954223633,36.22999954223633,1395000
2018-02-22,37.31999969482422,40.70000076293945,37.27000045776367,39.18000030517578,39.18000030517578,2693700
2018-02-23,39.27000045776367,39.43000030517578,37.45000076293945,38.54999923706055,38.54999923706055,1173300
2018-02-26,38.56999969482422,38.79999923706055,37.650001525878906,38.56999969482422,38.56999969482422,766200
2018-02-27,38.5099983215332,39.20000076293945,37.90999984741211,38.060001373291016,38.060001373291016,952000
2018-02-28,38.33000183105469,38.7400016784668,37.810001373291016,38.099998474121094,38.099998474121094,965600
2018-03-01,37.9900016784668,38.849998474121094,37.130001068115234,37.849998474121094,37.849998474121094,1200500
2018-03-02,37.45000076293945,39.959999084472656,36.900001525878906,39.7599983215332,39.7599983215332,1155500
2018-03-05,39.709999084472656,39.95000076293945,39.25,39.75,39.75,923000
2018-03-06,40.0,40.79999923706055,39.54999923706055,40.709999084472656,40.709999084472656,1278200
2018-03-07,40.25,41.619998931884766,40.25,41.13999938964844,41.13999938964844,1010600
2018-03-08,41.20000076293945,41.720001220703125,40.060001373291016,40.75,40.75,1023000
2018-03-09,40.869998931884766,41.209999084472656,40.310001373291016,41.099998474121094,41.099998474121094,1164600
2018-03-12,41.20000076293945,42.06999969482422,41.16999816894531,42.0,42.0,1074400
2018-03-13,42.27000045776367,42.27000045776367,41.380001068115234,41.650001525878906,41.650001525878906,822900
2018-03-14,41.630001068115234,41.970001220703125,41.06999969482422,41.59000015258789,41.59000015258789,708800
2018-03-15,41.68000030517578,42.15999984741211,41.560001373291016,41.709999084472656,41.709999084472656,534500
2018-03-16,41.630001068115234,41.790000915527344,40.61000061035156,41.15999984741211,41.15999984741211,1310500
2018-03-19,41.18000030517578,41.18000030517578,40.279998779296875,40.790000915527344,40.790000915527344,658900
2018-03-20,40.849998474121094,41.220001220703125,40.40999984741211,41.11000061035156,41.11000061035156,1198100
2018-03-21,41.279998779296875,41.84000015258789,41.20000076293945,41.36000061035156,41.36000061035156,838000
2018-03-22,41.18000030517578,41.79999923706055,40.5099983215332,40.540000915527344,40.540000915527344,699300
2018-03-23,40.63999938964844,41.130001068115234,39.130001068115234,39.15999984741211,39.15999984741211,798000
2018-03-26,39.810001373291016,39.810001373291016,38.5,39.400001525878906,39.400001525878906,1537600
2018-03-27,39.95000076293945,40.130001068115234,38.939998626708984,39.06999969482422,39.06999969482422,967000
2018-03-28,38.91999816894531,39.75,38.77000045776367,39.060001373291016,39.060001373291016,1170300
2018-03-29,39.38999938964844,39.38999938964844,38.849998474121094,39.18000030517578,39.18000030517578,874700
2018-04-02,38.7599983215332,39.22999954223633,37.95000076293945,38.349998474121094,38.349998474121094,751200
2018-04-03,38.540000915527344,39.43000030517578,38.20000076293945,39.22999954223633,39.22999954223633,670400
2018-04-04,38.65999984741211,40.119998931884766,38.65999984741211,40.0,40.0,948300
2018-04-05,40.220001220703125,41.08000183105469,39.790000915527344,40.709999084472656,40.709999084472656,577700
2018-04-06,40.43000030517578,40.83000183105469,38.880001068115234,39.459999084472656,39.459999084472656,435500
2018-04-09,39.70000076293945,40.08000183105469,39.22999954223633,39.279998779296875,39.279998779296875,564700
2018-04-10,39.88999938964844,40.189998626708984,39.33000183105469,39.7400016784668,39.7400016784668,541300
2018-04-11,39.61000061035156,40.22999954223633,38.97999954223633,39.7400016784668,39.7400016784668,836000
2018-04-12,39.7400016784668,39.9900016784668,39.40999984741211,39.63999938964844,39.63999938964844,866800
2018-04-13,39.81999969482422,39.91999816894531,38.58000183105469,38.79999923706055,38.79999923706055,736200
2018-04-16,39.040000915527344,39.040000915527344,38.599998474121094,38.79999923706055,38.79999923706055,2653500
2018-04-17,39.22999954223633,39.369998931884766,38.45000076293945,38.900001525878906,38.900001525878906,1613300
2018-04-18,39.040000915527344,39.7599983215332,37.83000183105469,39.25,39.25,718500
2018-04-19,39.13999938964844,39.47999954223633,38.97999954223633,39.15999984741211,39.15999984741211,557100
2018-04-20,39.20000076293945,39.599998474121094,37.88999938964844,37.97999954223633,37.97999954223633,706000
2018-04-23,37.90999984741211,38.060001373291016,37.45000076293945,37.7599983215332,37.7599983215332,811900
2018-04-24,38.02000045776367,38.40999984741211,37.380001068115234,37.68000030517578,37.68000030517578,945000
2018-04-25,37.68000030517578,37.900001525878906,37.290000915527344,37.70000076293945,37.70000076293945,961800
2018-04-26,37.4900016784668,38.83000183105469,35.84000015258789,35.9900016784668,35.9900016784668,1665300
2018-04-27,36.0,36.68000030517578,35.689998626708984,36.150001525878906,36.150001525878906,2176900
2018-04-30,36.2400016784668,36.5099983215332,35.2599983215332,35.58000183105469,35.58000183105469,1235800
2018-05-01,35.70000076293945,36.279998779296875,35.189998626708984,35.779998779296875,35.779998779296875,1409400
2018-05-02,37.52000045776367,39.7599983215332,37.52000045776367,38.790000915527344,38.790000915527344,2776800
2018-05-03,38.619998931884766,39.31999969482422,38.029998779296875,39.0099983215332,39.0099983215332,1609800
2018-05-04,39.11000061035156,40.0,38.61000061035156,39.75,39.75,1055500
2018-05-07,40.02000045776367,41.13999938964844,39.77000045776367,40.79999923706055,40.79999923706055,1099400
2018-05-08,40.790000915527344,41.5099983215332,40.790000915527344,41.25,41.25,1189800
2018-05-09,41.47999954223633,42.619998931884766,41.33000183105469,42.060001373291016,42.060001373291016,1152400
2018-05-10,42.029998779296875,42.4900016784668,41.43000030517578,42.060001373291016,42.060001373291016,757400
2018-05-11,42.189998626708984,42.38999938964844,41.38999938964844,41.709999084472656,41.709999084472656,855100
2018-05-14,41.81999969482422,42.2400016784668,41.4900016784668,41.560001373291016,41.560001373291016,636900
2018-05-15,41.47999954223633,41.83000183105469,41.459999084472656,41.58000183105469,41.58000183105469,851700
2018-05-16,41.77000045776367,42.369998931884766,41.209999084472656,42.0,42.0,1050400
2018-05-17,41.83000183105469,42.40999984741211,41.779998779296875,42.04999923706055,42.04999923706055,463700
2018-05-18,42.02000045776367,42.369998931884766,41.70000076293945,42.18000030517578,42.18000030517578,889400
2018-05-21,42.2599983215332,42.65999984741211,42.189998626708984,42.380001068115234,42.380001068115234,2477300
2018-05-22,42.470001220703125,42.810001373291016,42.25,42.27000045776367,42.27000045776367,754900
2018-05-23,42.20000076293945,42.380001068115234,41.77000045776367,42.2599983215332,42.2599983215332,1164600
2018-05-24,42.09000015258789,42.349998474121094,41.61000061035156,42.0099983215332,42.0099983215332,736700
2018-05-25,41.86000061035156,42.11000061035156,41.349998474121094,41.459999084472656,41.459999084472656,751300
2018-05-29,41.09000015258789,41.38999938964844,40.310001373291016,40.66999816894531,40.66999816894531,901900
2018-05-30,40.77000045776367,41.06999969482422,40.56999969482422,40.869998931884766,40.869998931884766,563100
2018-05-31,40.91999816894531,41.13999938964844,40.099998474121094,40.189998626708984,40.189998626708984,849600
2018-06-01,40.400001525878906,41.279998779296875,39.7599983215332,39.83000183105469,39.83000183105469,847900
2018-06-04,39.90999984741211,40.09000015258789,39.619998931884766,39.959999084472656,39.959999084472656,689800
2018-06-05,39.970001220703125,40.27000045776367,39.220001220703125,39.29999923706055,39.29999923706055,1190100
2018-06-06,39.220001220703125,40.2400016784668,39.02000045776367,39.619998931884766,39.619998931884766,1551200
2018-06-07,39.849998474121094,39.959999084472656,38.88999938964844,39.130001068115234,39.130001068115234,583000
2018-06-08,39.209999084472656,39.84000015258789,38.970001220703125,39.689998626708984,39.689998626708984,1230600
2018-06-11,39.790000915527344,40.7400016784668,39.790000915527344,40.66999816894531,40.66999816894531,803500
2018-06-12,40.72999954223633,41.88999938964844,40.65999984741211,41.380001068115234,41.380001068115234,1107400
2018-06-13,41.40999984741211,41.79999923706055,40.970001220703125,41.119998931884766,41.119998931884766,614500
2018-06-14,40.779998779296875,41.36000061035156,40.41999816894531,41.15999984741211,41.15999984741211,1159000
2018-06-15,41.029998779296875,42.2599983215332,41.029998779296875,41.810001373291016,41.810001373291016,1096000
2018-06-18,41.47999954223633,42.369998931884766,41.25,42.20000076293945,42.20000076293945,712400
2018-06-19,41.869998931884766,42.7599983215332,41.63999938964844,42.689998626708984,42.689998626708984,615800
2018-06-20,42.939998626708984,44.08000183105469,42.34000015258789,43.91999816894531,43.91999816894531,1017200
2018-06-21,44.08000183105469,44.72999954223633,43.689998626708984,43.97999954223633,43.97999954223633,1123500
2018-06-22,44.099998474121094,44.34000015258789,42.5,42.61000061035156,42.61000061035156,1943300
2018-06-25,42.45000076293945,42.91999816894531,41.970001220703125,42.65999984741211,42.65999984741211,938700
2018-06-26,42.72999954223633,43.619998931884766,42.630001068115234,43.38999938964844,43.38999938964844,827800
2018-06-27,43.29999923706055,43.380001068115234,41.459999084472656,41.5099983215332,41.5099983215332,730800
2018-06-28,40.290000915527344,41.41999816894531,40.0099983215332,40.849998474121094,40.849998474121094,1001200
2018-06-29,40.86000061035156,41.38999938964844,40.349998474121094,40.90999984741211,40.90999984741211,836000
2018-07-02,40.709999084472656,41.369998931884766,40.209999084472656,41.279998779296875,41.279998779296875,604600
2018-07-03,41.34000015258789,42.459999084472656,41.34000015258789,41.81999969482422,41.81999969482422,328600
2018-07-05,42.11000061035156,42.43000030517578,41.56999969482422,41.88999938964844,41.88999938964844,612000
2018-07-06,41.939998626708984,42.459999084472656,41.939998626708984,42.25,42.25,524900
2018-07-09,42.290000915527344,43.09000015258789,42.290000915527344,42.95000076293945,42.95000076293945,433200
2018-07-10,43.0,43.47999954223633,42.630001068115234,43.09000015258789,43.09000015258789,687700
2018-07-11,42.97999954223633,43.4900016784668,42.650001525878906,42.939998626708984,42.939998626708984,540400
2018-07-12,43.06999969482422,43.52000045776367,42.90999984741211,43.310001373291016,43.310001373291016,667300
2018-07-13,43.43000030517578,43.720001220703125,43.099998474121094,43.45000076293945,43.45000076293945,357400
2018-07-16,43.380001068115234,43.68000030517578,42.84000015258789,42.900001525878906,42.900001525878906,501800
2018-07-17,42.900001525878906,43.22999954223633,42.66999816894531,43.15999984741211,43.15999984741211,781200
2018-07-18,43.060001373291016,43.060001373291016,42.36000061035156,42.5,42.5,503900
2018-07-19,42.36000061035156,42.66999816894531,41.93000030517578,42.400001525878906,42.400001525878906,522100
2018-07-20,42.45000076293945,42.70000076293945,42.15999984741211,42.25,42.25,489200
2018-07-23,42.439998626708984,43.810001373291016,42.439998626708984,43.29999923706055,43.29999923706055,588600
2018-07-24,43.310001373291016,43.310001373291016,42.40999984741211,42.72999954223633,42.72999954223633,344500
2018-07-25,42.810001373291016,43.79999923706055,42.810001373291016,43.77000045776367,43.77000045776367,506000
2018-07-26,43.7599983215332,45.02000045776367,43.65999984741211,44.939998626708984,44.939998626708984,650100
2018-07-27,44.81999969482422,44.84000015258789,43.959999084472656,44.16999816894531,44.16999816894531,627000
2018-07-30,43.91999816894531,44.720001220703125,43.02000045776367,43.099998474121094,43.099998474121094,1488700
2018-07-31,38.2599983215332,40.150001525878906,36.5,39.47999954223633,39.47999954223633,5056300
2018-08-01,39.2599983215332,41.7599983215332,38.58000183105469,40.380001068115234,40.380001068115234,2117400
2018-08-02,40.529998779296875,41.09000015258789,39.650001525878906,39.9900016784668,39.9900016784668,1415900
2018-08-03,39.720001220703125,40.970001220703125,39.720001220703125,40.880001068115234,40.880001068115234,760300
2018-08-06,41.060001373291016,41.880001068115234,40.720001220703125,40.900001525878906,40.900001525878906,814100
2018-08-07,40.7400016784668,40.9900016784668,39.880001068115234,40.209999084472656,40.209999084472656,710000
2018-08-08,40.22999954223633,40.5099983215332,39.349998474121094,39.5099983215332,39.5099983215332,725500
2018-08-09,39.619998931884766,39.95000076293945,38.7400016784668,38.810001373291016,38.810001373291016,725200
2018-08-10,38.72999954223633,38.79999923706055,38.2599983215332,38.470001220703125,38.470001220703125,682900
2018-08-13,38.43000030517578,38.88999938964844,38.06999969482422,38.54999923706055,38.54999923706055,483000
2018-08-14,38.650001525878906,39.18000030517578,38.5,38.880001068115234,38.880001068115234,1081300
2018-08-15,38.66999816894531,38.720001220703125,37.900001525878906,38.349998474121094,38.349998474121094,448500
2018-08-16,38.52000045776367,39.22999954223633,38.13999938964844,38.79999923706055,38.79999923706055,423100
2018-08-17,38.63999938964844,39.29999923706055,38.560001373291016,39.189998626708984,39.189998626708984,364000
2018-08-20,39.13999938964844,39.25,38.52000045776367,38.970001220703125,38.970001220703125,420300
2018-08-21,39.099998474121094,39.4900016784668,38.91999816894531,39.099998474121094,39.099998474121094,526200
2018-08-22,38.97999954223633,39.630001068115234,38.83000183105469,39.5,39.5,263800
2018-08-23,39.599998474121094,39.83000183105469,39.2599983215332,39.79999923706055,39.79999923706055,454000
2018-08-24,39.91999816894531,40.2400016784668,39.72999954223633,39.939998626708984,39.939998626708984,387000
2018-08-27,39.9900016784668,40.59000015258789,39.9900016784668,40.43000030517578,40.43000030517578,409000
2018-08-28,40.54999923706055,40.75,40.099998474121094,40.52000045776367,40.52000045776367,397500
2018-08-29,40.58000183105469,40.83000183105469,40.209999084472656,40.619998931884766,40.619998931884766,698600
2018-08-30,40.470001220703125,40.70000076293945,40.130001068115234,40.630001068115234,40.630001068115234,452000
2018-08-31,40.5,41.59000015258789,40.209999084472656,41.529998779296875,41.529998779296875,605500
2018-09-04,41.689998626708984,42.47999954223633,41.47999954223633,42.22999954223633,42.22999954223633,651200
2018-09-05,42.189998626708984,42.189998626708984,39.970001220703125,40.0,40.0,1090700
2018-09-06,40.0099983215332,40.209999084472656,39.5099983215332,39.880001068115234,39.880001068115234,1026300
2018-09-07,39.849998474121094,40.11000061035156,38.779998779296875,38.88999938964844,38.88999938964844,701300
2018-09-10,39.029998779296875,39.150001525878906,37.84000015258789,37.959999084472656,37.959999084472656,741200
2018-09-11,37.79999923706055,38.4900016784668,37.220001220703125,37.29999923706055,37.29999923706055,1241600
2018-09-12,37.369998931884766,37.63999938964844,36.630001068115234,36.720001220703125,36.720001220703125,880800
2018-09-13,36.22999954223633,36.810001373291016,35.540000915527344,36.279998779296875,36.279998779296875,1341200
2018-09-14,36.47999954223633,36.529998779296875,35.91999816894531,35.95000076293945,35.95000076293945,1014400
2018-09-17,36.0099983215332,36.16999816894531,35.45000076293945,35.529998779296875,35.529998779296875,1157100
2018-09-18,35.540000915527344,36.20000076293945,35.20000076293945,35.45000076293945,35.45000076293945,704300
2018-09-19,35.5099983215332,35.869998931884766,34.90999984741211,35.11000061035156,35.11000061035156,665100
2018-09-20,35.130001068115234,36.099998474121094,35.02000045776367,36.0,36.0,1504700
2018-09-21,35.93000030517578,36.22999954223633,35.45000076293945,35.689998626708984,35.689998626708984,2186400
2018-09-24,35.689998626708984,36.040000915527344,34.9900016784668,36.0,36.0,985700
2018-09-25,36.11000061035156,36.119998931884766,35.41999816894531,35.5,35.5,813000
2018-09-26,35.349998474121094,35.650001525878906,34.47999954223633,34.560001373291016,34.560001373291016,996100
2018-09-27,34.52000045776367,35.029998779296875,34.34000015258789,34.529998779296875,34.529998779296875,844600
2018-09-28,34.5099983215332,35.310001373291016,34.5099983215332,35.20000076293945,35.20000076293945,732200
2018-10-01,35.439998626708984,35.4900016784668,34.45000076293945,34.810001373291016,34.810001373291016,677200
2018-10-02,34.83000183105469,35.150001525878906,34.470001220703125,34.61000061035156,34.61000061035156,1363200
2018-10-03,34.59000015258789,35.84000015258789,34.380001068115234,35.16999816894531,35.16999816894531,1547400
2018-10-04,35.04999923706055,37.54999923706055,35.040000915527344,35.54999923706055,35.54999923706055,2879300
2018-10-05,35.79999923706055,36.83000183105469,35.20000076293945,35.70000076293945,35.70000076293945,1997800
2018-10-08,35.81999969482422,38.2400016784668,35.2400016784668,36.97999954223633,36.97999954223633,2504800
2018-10-09,37.02000045776367,39.27000045776367,36.4900016784668,38.689998626708984,38.689998626708984,2217200
2018-10-10,38.40999984741211,38.47999954223633,36.220001220703125,36.54999923706055,36.54999923706055,2844400
2018-10-11,36.279998779296875,36.4900016784668,33.58000183105469,34.689998626708984,34.689998626708984,4129900
2018-10-12,35.22999954223633,35.5,32.369998931884766,33.29999923706055,33.29999923706055,3285400
2018-10-15,34.0,36.0099983215332,33.619998931884766,35.939998626708984,35.939998626708984,5342400
2018-10-16,36.290000915527344,36.56999969482422,35.15999984741211,35.47999954223633,35.47999954223633,2497700
2018-10-17,33.66999816894531,36.290000915527344,32.81999969482422,35.77000045776367,35.77000045776367,3366900
2018-10-18,39.349998474121094,39.5,38.099998474121094,38.56999969482422,38.56999969482422,8379100
2018-10-19,38.4900016784668,39.31999969482422,38.08000183105469,38.400001525878906,38.400001525878906,1869600
2018-10-22,38.33000183105469,39.34000015258789,38.33000183105469,38.83000183105469,38.83000183105469,1760500
2018-10-23,38.119998931884766,40.68000030517578,37.880001068115234,40.619998931884766,40.619998931884766,3734000
2018-10-24,41.06999969482422,42.4900016784668,38.68000030517578,38.7400016784668,38.7400016784668,2881100
2018-10-25,38.81999969482422,39.83000183105469,38.4900016784668,38.58000183105469,38.58000183105469,1809200
2018-10-26,38.29999923706055,40.20000076293945,37.79999923706055,39.5,39.5,2904700
2018-10-29,40.31999969482422,41.900001525878906,39.459999084472656,40.599998474121094,40.599998474121094,3819400
2018-10-30,40.83000183105469,41.95000076293945,40.04999923706055,41.189998626708984,41.189998626708984,3157300
2018-10-31,41.13999938964844,42.02000045776367,39.47999954223633,41.5,41.5,4057200
2018-11-01,43.41999816894531,45.130001068115234,42.22999954223633,44.75,44.75,4189200
2018-11-02,44.65999984741211,45.349998474121094,44.04999923706055,44.75,44.75,2255700
2018-11-05,44.720001220703125,44.75,38.72999954223633,40.58000183105469,40.58000183105469,8529800
2018-11-06,41.06999969482422,41.7400016784668,38.0,39.0,39.0,11092300
2018-11-07,39.0,41.810001373291016,38.77000045776367,40.90999984741211,40.90999984741211,5060700
2018-11-08,40.810001373291016,42.150001525878906,40.38999938964844,41.720001220703125,41.720001220703125,4274100
2018-11-09,42.029998779296875,43.220001220703125,42.0,42.5,42.5,4261000
2018-11-12,42.16999816894531,43.29999923706055,41.7400016784668,41.939998626708984,41.939998626708984,1923800
2018-11-13,42.16999816894531,42.970001220703125,33.529998779296875,36.0099983215332,36.0099983215332,15190800
2018-11-14,36.279998779296875,38.08000183105469,36.13999938964844,37.4900016784668,37.4900016784668,3627400
2018-11-15,37.060001373291016,37.9900016784668,36.34000015258789,37.86000061035156,37.86000061035156,1769800
2018-11-16,37.61000061035156,39.310001373291016,28.020000457763672,32.54999923706055,32.54999923706055,11578500
2018-11-19,32.40999984741211,33.29999923706055,31.479999542236328,32.04999923706055,32.04999923706055,2894300
2018-11-20,33.130001068115234,33.47999954223633,28.6299991607666,31.579999923706055,31.579999923706055,4093400
2018-11-21,31.280000686645508,32.34000015258789,30.739999771118164,32.04999923706055,32.04999923706055,1172100
2018-11-23,31.760000228881836,31.90999984741211,30.8799991607666,31.649999618530273,31.649999618530273,695000
2018-11-26,31.440000534057617,33.81999969482422,31.440000534057617,32.9900016784668,32.9900016784668,1737600
2018-11-27,32.77000045776367,33.04999923706055,32.2599983215332,32.61000061035156,32.61000061035156,2119700
2018-11-28,32.97999954223633,33.599998474121094,32.2599983215332,33.380001068115234,33.380001068115234,1041000
2018-11-29,33.040000915527344,33.849998474121094,32.810001373291016,33.79999923706055,33.79999923706055,921800
2018-11-30,33.79999923706055,34.43000030517578,33.02000045776367,33.970001220703125,33.970001220703125,1178000
2018-12-03,34.630001068115234,35.220001220703125,33.290000915527344,33.88999938964844,33.88999938964844,1735600
2018-12-04,33.939998626708984,34.27000045776367,33.029998779296875,33.099998474121094,33.099998474121094,952800
2018-12-06,32.84000015258789,32.84000015258789,31.260000228881836,32.0099983215332,32.0099983215332,2465500
2018-12-07,31.93000030517578,32.5099983215332,31.040000915527344,31.65999984741211,31.65999984741211,2217200
2018-12-10,31.600000381469727,31.600000381469727,30.510000228881836,31.200000762939453,31.200000762939453,1447300
2018-12-11,31.68000030517578,31.889999389648438,30.850000381469727,31.190000534057617,31.190000534057617,2408200
2018-12-12,31.790000915527344,32.0,31.079999923706055,31.239999771118164,31.239999771118164,1836500
2018-12-13,31.280000686645508,31.520000457763672,30.3799991607666,31.059999465942383,31.059999465942383,1136700
2018-12-14,30.450000762939453,30.899999618530273,28.84000015258789,28.93000030517578,28.93000030517578,3040100
2018-12-17,27.850000381469727,28.170000076293945,26.68000030517578,27.600000381469727,27.600000381469727,3334600
2018-12-18,27.350000381469727,28.3799991607666,27.209999084472656,27.84000015258789,27.84000015258789,2651000
2018-12-19,27.860000610351562,28.209999084472656,26.969999313354492,27.190000534057617,27.190000534057617,1894300
2018-12-20,27.219999313354492,27.43000030517578,26.43000030517578,26.780000686645508,26.780000686645508,1791000
2018-12-21,26.959999084472656,27.219999313354492,25.040000915527344,25.190000534057617,25.190000534057617,2372500
2018-12-24,24.6200008392334,25.34000015258789,24.270000457763672,24.75,24.75,808900
2018-12-26,25.049999237060547,25.920000076293945,24.309999465942383,25.90999984741211,25.90999984741211,823100
2018-12-27,25.68000030517578,25.799999237060547,24.729999542236328,25.799999237060547,25.799999237060547,988200
2018-12-28,25.860000610351562,26.010000228881836,25.229999542236328,25.559999465942383,25.559999465942383,822000
2018-12-31,25.780000686645508,25.969999313354492,25.260000228881836,25.709999084472656,25.709999084472656,909800
2019-01-02,25.420000076293945,26.100000381469727,25.1299991607666,25.860000610351562,25.860000610351562,796800
2019-01-03,25.700000762939453,26.270000457763672,25.190000534057617,25.399999618530273,25.399999618530273,1172600
2019-01-04,25.6200008392334,26.43000030517578,25.420000076293945,26.139999389648438,26.139999389648438,2271900
2019-01-07,25.989999771118164,26.81999969482422,25.790000915527344,26.299999237060547,26.299999237060547,809700
2019-01-08,26.610000610351562,27.030000686645508,26.190000534057617,26.989999771118164,26.989999771118164,713800
2019-01-09,27.18000030517578,27.90999984741211,27.030000686645508,27.5,27.5,1079200
2019-01-10,27.399999618530273,28.719999313354492,27.31999969482422,28.670000076293945,28.670000076293945,867000
2019-01-11,28.440000534057617,29.309999465942383,27.809999465942383,29.030000686645508,29.030000686645508,2197900
2019-01-14,28.799999237060547,29.350000381469727,28.09000015258789,28.139999389648438,28.139999389648438,793800
2019-01-15,28.260000228881836,29.0,28.170000076293945,28.770000457763672,28.770000457763672,764600
2019-01-16,28.829999923706055,29.469999313354492,28.81999969482422,29.049999237060547,29.049999237060547,744100
2019-01-17,28.979999542236328,29.469999313354492,28.920000076293945,29.200000762939453,29.200000762939453,664300
2019-01-18,29.200000762939453,29.40999984741211,28.90999984741211,28.989999771118164,28.989999771118164,683900
2019-01-22,28.700000762939453,28.760000228881836,28.139999389648438,28.31999969482422,28.31999969482422,1313900
2019-01-23,28.68000030517578,29.15999984741211,27.809999465942383,27.889999389648438,27.889999389648438,887000
2019-01-24,27.84000015258789,28.520000457763672,27.649999618530273,27.780000686645508,27.780000686645508,841300
2019-01-25,27.81999969482422,28.209999084472656,27.549999237060547,27.559999465942383,27.559999465942383,891300
2019-01-28,27.489999771118164,28.479999542236328,27.059999465942383,27.489999771118164,27.489999771118164,876700
2019-01-29,27.59000015258789,27.90999984741211,27.329999923706055,27.479999542236328,27.479999542236328,928800
2019-01-30,27.649999618530273,27.959999084472656,27.40999984741211,27.770000457763672,27.770000457763672,1672400
2019-01-31,27.709999084472656,27.959999084472656,27.290000915527344,27.360000610351562,27.360000610351562,1073000
2019-02-01,27.5,28.1299991607666,27.049999237060547,27.770000457763672,27.770000457763672,923200
2019-02-04,27.700000762939453,27.940000534057617,27.010000228881836,27.790000915527344,27.790000915527344,689100
2019-02-05,27.860000610351562,28.739999771118164,27.690000534057617,27.790000915527344,27.790000915527344,1481800
2019-02-06,27.649999618530273,28.110000610351562,27.260000228881836,27.719999313354492,27.719999313354492,619900
2019-02-07,27.5,27.780000686645508,27.309999465942383,27.610000610351562,27.610000610351562,642700
2019-02-08,27.479999542236328,27.75,25.90999984741211,26.399999618530273,26.399999618530273,1850700
2019-02-11,26.5,26.860000610351562,26.059999465942383,26.760000228881836,26.760000228881836,1301700
2019-02-12,27.0,27.56999969482422,26.799999237060547,27.15999984741211,27.15999984741211,815400
2019-02-13,27.190000534057617,27.520000457763672,26.690000534057617,27.1299991607666,27.1299991607666,998100
2019-02-14,26.979999542236328,27.399999618530273,26.719999313354492,27.18000030517578,27.18000030517578,867200
2019-02-15,27.43000030517578,28.420000076293945,27.100000381469727,28.40999984741211,28.40999984741211,922800
2019-02-19,28.200000762939453,28.639999389648438,28.010000228881836,28.09000015258789,28.09000015258789,743300
2019-02-20,28.020000457763672,28.219999313354492,27.469999313354492,27.540000915527344,27.540000915527344,835500
2019-02-21,27.579999923706055,28.100000381469727,27.520000457763672,27.719999313354492,27.719999313354492,872900
2019-02-22,27.809999465942383,28.010000228881836,27.399999618530273,27.700000762939453,27.700000762939453,948000
2019-02-25,27.690000534057617,28.520000457763672,27.649999618530273,27.850000381469727,27.850000381469727,1179300
2019-02-26,28.059999465942383,28.1200008392334,27.200000762939453,27.43000030517578,27.43000030517578,1416000
2019-02-27,27.329999923706055,27.389999389648438,26.15999984741211,26.229999542236328,26.229999542236328,1102900
2019-02-28,26.299999237060547,26.530000686645508,25.850000381469727,26.290000915527344,26.290000915527344,1584600
2019-03-01,26.3799991607666,31.100000381469727,26.3799991607666,30.40999984741211,30.40999984741211,3740000
2019-03-04,30.149999618530273,30.600000381469727,29.31999969482422,30.170000076293945,30.170000076293945,1690700
2019-03-05,30.530000686645508,30.68000030517578,28.969999313354492,29.290000915527344,29.290000915527344,1551100
2019-03-06,29.219999313354492,29.31999969482422,28.170000076293945,28.25,28.25,1904200
2019-03-07,28.299999237060547,28.670000076293945,27.469999313354492,28.489999771118164,28.489999771118164,1209300
2019-03-08,28.149999618530273,29.010000228881836,27.829999923706055,28.979999542236328,28.979999542236328,1151700
2019-03-11,28.979999542236328,29.889999389648438,28.729999542236328,29.68000030517578,29.68000030517578,1328600
2019-03-12,29.6200008392334,30.350000381469727,29.520000457763672,29.700000762939453,29.700000762939453,1120000
2019-03-13,29.760000228881836,30.559999465942383,29.610000610351562,30.059999465942383,30.059999465942383,974400
2019-03-14,30.18000030517578,30.920000076293945,30.079999923706055,30.59000015258789,30.59000015258789,1454900
2019-03-15,30.709999084472656,31.049999237060547,29.950000762939453,30.1200008392334,30.1200008392334,1353500
2019-03-18,30.1299991607666,30.790000915527344,29.790000915527344,30.459999084472656,30.459999084472656,907800
2019-03-19,30.549999237060547,31.270000457763672,30.260000228881836,30.940000534057617,30.940000534057617,704000
2019-03-20,30.93000030517578,31.170000076293945,30.100000381469727,30.270000457763672,30.270000457763672,713300
2019-03-21,30.09000015258789,31.290000915527344,30.079999923706055,31.219999313354492,31.219999313354492,970700
2019-03-22,31.1299991607666,31.1299991607666,30.020000457763672,30.059999465942383,30.059999465942383,475600
2019-03-25,29.969999313354492,30.239999771118164,29.299999237060547,29.479999542236328,29.479999542236328,691600
2019-03-26,29.719999313354492,29.920000076293945,29.06999969482422,29.649999618530273,29.649999618530273,854100
2019-03-27,29.639999389648438,29.950000762939453,29.149999618530273,29.200000762939453,29.200000762939453,886400
2019-03-28,29.15999984741211,29.639999389648438,28.950000762939453,29.420000076293945,29.420000076293945,1421700
2019-03-29,29.690000534057617,29.739999771118164,29.25,29.309999465942383,29.309999465942383,723100
2019-04-01,29.489999771118164,30.190000534057617,29.270000457763672,29.65999984741211,29.65999984741211,823200
2019-04-02,29.59000015258789,30.010000228881836,28.889999389648438,29.649999618530273,29.649999618530273,739800
2019-04-03,29.649999618530273,30.0,29.280000686645508,29.56999969482422,29.56999969482422,3517300
2019-04-04,29.600000381469727,30.530000686645508,29.5,30.43000030517578,30.43000030517578,608800
2019-04-05,30.520000457763672,31.200000762939453,30.399999618530273,31.040000915527344,31.040000915527344,854900
2019-04-08,30.969999313354492,30.969999313354492,30.200000762939453,30.399999618530273,30.399999618530273,764300
2019-04-09,30.309999465942383,30.610000610351562,29.899999618530273,30.030000686645508,30.030000686645508,612800
2019-04-10,30.049999237060547,30.1299991607666,29.850000381469727,29.90999984741211,29.90999984741211,825500
2019-04-11,30.040000915527344,30.200000762939453,29.09000015258789,29.299999237060547,29.299999237060547,499600
2019-04-12,29.479999542236328,29.6299991607666,29.209999084472656,29.34000015258789,29.34000015258789,834300
2019-04-15,29.3799991607666,29.399999618530273,28.899999618530273,29.309999465942383,29.309999465942383,1151700
2019-04-16,29.559999465942383,29.75,28.950000762939453,28.989999771118164,28.989999771118164,1138600
2019-04-17,29.200000762939453,29.200000762939453,28.079999923706055,28.3799991607666,28.3799991607666,1274900
2019-04-18,28.399999618530273,29.760000228881836,28.170000076293945,29.510000228881836,29.510000228881836,1172500
2019-04-22,29.3700008392334,29.959999084472656,29.09000015258789,29.639999389648438,29.639999389648438,587000
2019-04-23,29.860000610351562,31.540000915527344,29.59000015258789,31.219999313354492,31.219999313354492,946300
2019-04-24,31.079999923706055,32.2599983215332,30.8700008392334,31.860000610351562,31.860000610351562,818100
2019-04-25,31.709999084472656,32.310001373291016,31.56999969482422,32.09000015258789,32.09000015258789,819300
2019-04-26,31.979999542236328,32.47999954223633,31.649999618530273,32.290000915527344,32.290000915527344,560000
2019-04-29,32.400001525878906,32.560001373291016,31.979999542236328,32.369998931884766,32.369998931884766,490700
2019-04-30,32.52000045776367,32.849998474121094,31.280000686645508,32.02000045776367,32.02000045776367,879300
2019-05-01,33.43000030517578,34.09000015258789,32.31999969482422,32.369998931884766,32.369998931884766,1453700
2019-05-02,32.119998931884766,32.27000045776367,31.479999542236328,32.2599983215332,32.2599983215332,760600
2019-05-03,32.40999984741211,33.529998779296875,32.369998931884766,33.41999816894531,33.41999816894531,583200
2019-05-06,32.75,34.5,32.560001373291016,33.81999969482422,33.81999969482422,945500
2019-05-07,33.529998779296875,33.88999938964844,32.380001068115234,32.599998474121094,32.599998474121094,602700
2019-05-08,32.4900016784668,33.189998626708984,32.290000915527344,32.560001373291016,32.560001373291016,669000
2019-05-09,32.119998931884766,32.599998474121094,31.700000762939453,32.36000061035156,32.36000061035156,454100
2019-05-10,32.34000015258789,32.689998626708984,31.600000381469727,32.52000045776367,32.52000045776367,608500
2019-05-13,31.799999237060547,32.349998474121094,31.600000381469727,32.16999816894531,32.16999816894531,478400
2019-05-14,32.25,33.0,32.25,32.79999923706055,32.79999923706055,629100
2019-05-15,32.650001525878906,33.529998779296875,32.529998779296875,33.11000061035156,33.11000061035156,338900
2019-05-16,33.099998474121094,33.59000015258789,32.68000030517578,32.7599983215332,32.7599983215332,360800
2019-05-17,32.5,33.529998779296875,32.4900016784668,32.91999816894531,32.91999816894531,787000
2019-05-20,32.68000030517578,32.959999084472656,32.529998779296875,32.779998779296875,32.779998779296875,727800
2019-05-21,32.900001525878906,33.4900016784668,32.619998931884766,33.43000030517578,33.43000030517578,939100
2019-05-22,33.16999816894531,33.709999084472656,33.16999816894531,33.5099983215332,33.5099983215332,514000
2019-05-23,33.220001220703125,33.220001220703125,32.099998474121094,32.2400016784668,32.2400016784668,457900
2019-05-24,32.5,32.959999084472656,32.08000183105469,32.709999084472656,32.709999084472656,632900
2019-05-28,32.7599983215332,33.150001525878906,32.47999954223633,32.61000061035156,32.61000061035156,1584300
2019-05-29,32.36000061035156,32.439998626708984,31.579999923706055,32.04999923706055,32.04999923706055,986700
2019-05-30,31.799999237060547,33.119998931884766,31.690000534057617,32.81999969482422,32.81999969482422,904800
2019-05-31,32.4900016784668,32.63999938964844,31.889999389648438,32.220001220703125,32.220001220703125,690000
2019-06-03,32.2599983215332,33.22999954223633,32.18000030517578,33.0,33.0,675200
2019-06-04,33.31999969482422,33.93000030517578,32.970001220703125,33.720001220703125,33.720001220703125,768700
2019-06-05,33.810001373291016,33.81999969482422,32.95000076293945,33.29999923706055,33.29999923706055,484800
2019-06-06,33.25,33.9900016784668,32.9900016784668,33.20000076293945,33.20000076293945,313200
2019-06-07,33.119998931884766,34.06999969482422,32.880001068115234,33.90999984741211,33.90999984741211,663300
2019-06-10,34.029998779296875,34.45000076293945,33.65999984741211,33.810001373291016,33.810001373291016,870000
2019-06-11,34.0,34.060001373291016,33.560001373291016,33.91999816894531,33.91999816894531,1060700
2019-06-12,33.79999923706055,33.880001068115234,32.959999084472656,33.779998779296875,33.779998779296875,656000
2019-06-13,34.13999938964844,34.2400016784668,33.619998931884766,33.849998474121094,33.849998474121094,718200
2019-06-14,33.84000015258789,33.84000015258789,32.75,33.029998779296875,33.029998779296875,435900
2019-06-17,33.119998931884766,34.150001525878906,32.75,34.0,34.0,917900
2019-06-18,34.189998626708984,34.33000183105469,33.529998779296875,34.20000076293945,34.20000076293945,1101600
2019-06-19,34.20000076293945,34.5099983215332,33.619998931884766,34.040000915527344,34.040000915527344,783000
2019-06-20,34.599998474121094,34.849998474121094,34.099998474121094,34.52000045776367,34.52000045776367,761400
2019-06-21,34.58000183105469,34.77000045776367,33.95000076293945,34.720001220703125,34.720001220703125,905800
2019-06-24,34.650001525878906,34.959999084472656,34.380001068115234,34.66999816894531,34.66999816894531,661800
2019-06-25,34.540000915527344,34.81999969482422,34.130001068115234,34.45000076293945,34.45000076293945,930600
2019-06-26,34.45000076293945,34.77000045776367,34.189998626708984,34.310001373291016,34.310001373291016,601500
2019-06-27,34.470001220703125,34.72999954223633,33.81999969482422,34.33000183105469,34.33000183105469,569400
2019-06-28,34.33000183105469,35.150001525878906,34.20000076293945,34.95000076293945,34.95000076293945,850800
2019-07-01,35.189998626708984,35.400001525878906,34.0,34.310001373291016,34.310001373291016,728900
2019-07-02,34.400001525878906,34.439998626708984,33.939998626708984,34.189998626708984,34.189998626708984,581000
2019-07-03,34.349998474121094,34.689998626708984,33.97999954223633,34.29999923706055,34.29999923706055,246000
2019-07-05,34.18000030517578,34.84000015258789,34.06999969482422,34.619998931884766,34.619998931884766,232000
2019-07-08,34.560001373291016,34.650001525878906,34.0,34.16999816894531,34.16999816894531,727200
2019-07-09,33.88999938964844,34.2400016784668,33.11000061035156,33.619998931884766,33.619998931884766,412100
2019-07-10,33.75,33.93000030517578,33.2400016784668,33.66999816894531,33.66999816894531,501100
2019-07-11,33.79999923706055,34.11000061035156,33.099998474121094,33.619998931884766,33.619998931884766,571700
2019-07-12,33.599998474121094,34.0,33.20000076293945,33.5099983215332,33.5099983215332,643100
2019-07-15,33.529998779296875,33.689998626708984,33.02000045776367,33.34000015258789,33.34000015258789,261500
2019-07-16,33.290000915527344,33.5099983215332,32.720001220703125,32.7599983215332,32.7599983215332,579400
2019-07-17,32.7400016784668,32.869998931884766,32.279998779296875,32.290000915527344,32.290000915527344,456900
2019-07-18,32.220001220703125,32.34000015258789,31.860000610351562,31.920000076293945,31.920000076293945,398900
2019-07-19,31.940000534057617,32.0099983215332,31.59000015258789,31.68000030517578,31.68000030517578,457000
2019-07-22,31.829999923706055,32.189998626708984,31.309999465942383,31.34000015258789,31.34000015258789,521100
2019-07-23,31.3700008392334,31.530000686645508,30.950000762939453,31.0,31.0,512500
2019-07-24,31.059999465942383,32.31999969482422,30.709999084472656,32.2400016784668,32.2400016784668,1772600
2019-07-25,32.08000183105469,33.0,31.520000457763672,32.13999938964844,32.13999938964844,938700
2019-07-26,32.369998931884766,33.529998779296875,32.369998931884766,33.20000076293945,33.20000076293945,649800
2019-07-29,33.27000045776367,33.41999816894531,32.86000061035156,33.02000045776367,33.02000045776367,631300
2019-07-30,32.58000183105469,32.91999816894531,31.709999084472656,32.88999938964844,32.88999938964844,1135800
2019-07-31,31.719999313354492,32.16999816894531,30.65999984741211,31.940000534057617,31.940000534057617,1591500
2019-08-01,31.780000686645508,31.93000030517578,29.530000686645508,29.639999389648438,29.639999389648438,1258000
2019-08-02,29.700000762939453,30.360000610351562,28.979999542236328,29.06999969482422,29.06999969482422,510600
2019-08-05,28.510000228881836,28.860000610351562,28.18000030517578,28.579999923706055,28.579999923706055,551000
2019-08-06,28.729999542236328,29.389999389648438,28.469999313354492,29.229999542236328,29.229999542236328,872600
2019-08-07,28.920000076293945,29.6200008392334,28.68000030517578,29.399999618530273,29.399999618530273,602000
2019-08-08,29.559999465942383,29.8700008392334,28.989999771118164,29.270000457763672,29.270000457763672,772500
2019-08-09,29.239999771118164,29.520000457763672,28.010000228881836,28.770000457763672,28.770000457763672,487600
2019-08-12,28.610000610351562,28.610000610351562,28.049999237060547,28.260000228881836,28.260000228881836,301700
2019-08-13,28.260000228881836,29.440000534057617,28.09000015258789,29.020000457763672,29.020000457763672,363300
2019-08-14,28.440000534057617,28.440000534057617,27.81999969482422,27.920000076293945,27.920000076293945,954500
2019-08-15,28.010000228881836,28.200000762939453,27.139999389648438,27.360000610351562,27.360000610351562,729700
2019-08-16,27.610000610351562,27.700000762939453,27.290000915527344,27.520000457763672,27.520000457763672,416200
2019-08-19,27.889999389648438,28.0,27.389999389648438,27.43000030517578,27.43000030517578,704300
2019-08-20,27.399999618530273,27.559999465942383,27.110000610351562,27.209999084472656,27.209999084472656,462400
2019-08-21,27.3799991607666,27.510000228881836,27.020000457763672,27.329999923706055,27.329999923706055,491500
2019-08-22,27.459999084472656,27.799999237060547,27.18000030517578,27.329999923706055,27.329999923706055,231000
2019-08-23,27.219999313354492,27.549999237060547,26.3700008392334,26.43000030517578,26.43000030517578,460000
2019-08-26,26.729999542236328,26.84000015258789,26.3799991607666,26.56999969482422,26.56999969482422,356800
2019-08-27,26.65999984741211,26.8799991607666,25.799999237060547,25.950000762939453,25.950000762939453,556700
2019-08-28,25.940000534057617,26.219999313354492,25.530000686645508,26.190000534057617,26.190000534057617,498600
2019-08-29,26.3799991607666,26.899999618530273,26.329999923706055,26.540000915527344,26.540000915527344,297000
2019-08-30,26.65999984741211,26.739999771118164,26.280000686645508,26.459999084472656,26.459999084472656,408000
2019-09-03,26.260000228881836,26.450000762939453,25.760000228881836,25.790000915527344,25.790000915527344,419300
2019-09-04,26.049999237060547,26.31999969482422,25.6200008392334,26.110000610351562,26.110000610351562,787600
2019-09-05,26.440000534057617,27.010000228881836,26.149999618530273,26.31999969482422,26.31999969482422,819600
2019-09-06,26.489999771118164,27.219999313354492,26.25,27.059999465942383,27.059999465942383,2702700
2019-09-09,28.09000015258789,29.079999923706055,26.829999923706055,28.889999389648438,28.889999389648438,2129600
2019-09-10,28.8700008392334,30.5,28.81999969482422,30.43000030517578,30.43000030517578,1799900
2019-09-11,30.610000610351562,32.0,30.1200008392334,31.940000534057617,31.940000534057617,1881700
2019-09-12,31.940000534057617,32.150001525878906,31.360000610351562,31.579999923706055,31.579999923706055,848600
2019-09-13,31.610000610351562,32.13999938964844,31.610000610351562,31.969999313354492,31.969999313354492,674600
2019-09-16,31.860000610351562,32.9900016784668,31.829999923706055,32.790000915527344,32.790000915527344,736700
2019-09-17,32.779998779296875,32.779998779296875,31.56999969482422,31.989999771118164,31.989999771118164,740600
2019-09-18,32.349998474121094,32.9900016784668,31.899999618530273,32.290000915527344,32.290000915527344,1293500
2019-09-19,32.38999938964844,33.25,32.15999984741211,32.310001373291016,32.310001373291016,1050300
2019-09-20,32.43000030517578,33.02000045776367,32.38999938964844,32.7599983215332,32.7599983215332,1645600
2019-09-23,32.459999084472656,33.20000076293945,32.459999084472656,32.869998931884766,32.869998931884766,803400
2019-09-24,32.77000045776367,33.040000915527344,31.510000228881836,31.959999084472656,31.959999084472656,579800
2019-09-25,31.940000534057617,32.27000045776367,31.6299991607666,32.15999984741211,32.15999984741211,599700
2019-09-26,32.060001373291016,32.060001373291016,30.8799991607666,30.93000030517578,30.93000030517578,663800
2019-09-27,31.0,31.389999389648438,30.15999984741211,30.360000610351562,30.360000610351562,634500
2019-09-30,30.450000762939453,31.270000457763672,30.290000915527344,31.079999923706055,31.079999923706055,465100
2019-10-01,30.90999984741211,31.670000076293945,29.3700008392334,29.579999923706055,29.579999923706055,552600
2019-10-02,29.329999923706055,29.649999618530273,28.360000610351562,29.5,29.5,714400
2019-10-03,29.5,29.760000228881836,29.190000534057617,29.610000610351562,29.610000610351562,497500
2019-10-04,29.709999084472656,29.969999313354492,29.40999984741211,29.860000610351562,29.860000610351562,326500
2019-10-07,29.75,30.010000228881836,29.540000915527344,29.670000076293945,29.670000076293945,411900
2019-10-08,29.469999313354492,29.670000076293945,29.100000381469727,29.170000076293945,29.170000076293945,412700
2019-10-09,29.389999389648438,29.479999542236328,29.06999969482422,29.190000534057617,29.190000534057617,298200
2019-10-10,28.579999923706055,29.229999542236328,28.510000228881836,28.920000076293945,28.920000076293945,403800
2019-10-11,29.31999969482422,30.299999237060547,28.8799991607666,29.610000610351562,29.610000610351562,991000
2019-10-14,29.530000686645508,29.75,28.729999542236328,28.93000030517578,28.93000030517578,267900
2019-10-15,29.059999465942383,30.299999237060547,28.81999969482422,29.600000381469727,29.600000381469727,572900
2019-10-16,29.6299991607666,30.610000610351562,29.579999923706055,30.40999984741211,30.40999984741211,574500
2019-10-17,30.6299991607666,31.149999618530273,29.979999542236328,30.3799991607666,30.3799991607666,1064000
2019-10-18,30.469999313354492,30.760000228881836,30.040000915527344,30.56999969482422,30.56999969482422,675600
2019-10-21,30.889999389648438,31.5,30.709999084472656,30.8799991607666,30.8799991607666,500100
2019-10-22,31.149999618530273,31.719999313354492,30.739999771118164,31.5,31.5,668200
2019-10-23,31.579999923706055,31.700000762939453,31.270000457763672,31.5,31.5,524100
2019-10-24,31.579999923706055,31.700000762939453,30.799999237060547,31.3700008392334,31.3700008392334,381900
2019-10-25,31.059999465942383,31.139999389648438,30.389999389648438,30.59000015258789,30.59000015258789,905500
2019-10-28,30.889999389648438,31.350000381469727,30.540000915527344,30.6200008392334,30.6200008392334,912800
2019-10-29,30.6299991607666,31.059999465942383,30.6200008392334,30.690000534057617,30.690000534057617,900600
2019-10-30,30.59000015258789,30.920000076293945,29.950000762939453,30.280000686645508,30.280000686645508,613300
2019-10-31,30.18000030517578,30.25,29.469999313354492,29.989999771118164,29.989999771118164,577000
2019-11-01,30.1299991607666,31.360000610351562,30.1299991607666,30.860000610351562,30.860000610351562,534500
2019-11-04,31.15999984741211,31.68000030517578,30.90999984741211,31.360000610351562,31.360000610351562,705300
2019-11-05,31.75,32.349998474121094,31.299999237060547,31.3700008392334,31.3700008392334,980100
2019-11-06,31.520000457763672,31.8700008392334,29.600000381469727,30.280000686645508,30.280000686645508,1630600
2019-11-07,30.559999465942383,30.90999984741211,30.200000762939453,30.399999618530273,30.399999618530273,698600
2019-11-08,30.209999084472656,30.75,30.15999984741211,30.739999771118164,30.739999771118164,631800
2019-11-11,30.3700008392334,30.760000228881836,30.229999542236328,30.5,30.5,638700
2019-11-12,30.5,31.25,30.399999618530273,30.719999313354492,30.719999313354492,527200
2019-11-13,30.5,31.079999923706055,30.469999313354492,30.850000381469727,30.850000381469727,387500
2019-11-14,30.329999923706055,31.110000610351562,30.200000762939453,30.920000076293945,30.920000076293945,1418000
2019-11-15,31.1200008392334,31.530000686645508,30.829999923706055,31.5,31.5,1187700
2019-11-18,31.540000915527344,31.989999771118164,31.440000534057617,31.770000457763672,31.770000457763672,1139500
2019-11-19,31.700000762939453,32.029998779296875,31.520000457763672,31.81999969482422,31.81999969482422,731900
2019-11-20,31.809999465942383,32.25,31.40999984741211,32.0,32.0,1035200
2019-11-21,32.040000915527344,32.16999816894531,31.420000076293945,32.02000045776367,32.02000045776367,870400
2019-11-22,32.2599983215332,32.83000183105469,32.119998931884766,32.36000061035156,32.36000061035156,638000
2019-11-25,32.369998931884766,33.08000183105469,32.290000915527344,32.790000915527344,32.790000915527344,698700
2019-11-26,32.65999984741211,32.66999816894531,32.189998626708984,32.22999954223633,32.22999954223633,521500
2019-11-27,32.34000015258789,32.810001373291016,32.34000015258789,32.599998474121094,32.599998474121094,611300
2019-11-29,32.61000061035156,32.61000061035156,32.13999938964844,32.15999984741211,32.15999984741211,246700
2019-12-02,32.09000015258789,32.36000061035156,31.899999618530273,32.060001373291016,32.060001373291016,445800
2019-12-03,31.610000610351562,32.220001220703125,31.420000076293945,31.899999618530273,31.899999618530273,730700
2019-12-04,32.150001525878906,32.38999938964844,31.760000228881836,31.850000381469727,31.850000381469727,704800
2019-12-05,31.979999542236328,32.2599983215332,31.84000015258789,32.150001525878906,32.150001525878906,546800
2019-12-06,32.31999969482422,32.86000061035156,31.989999771118164,32.58000183105469,32.58000183105469,719900
2019-12-09,32.459999084472656,32.65999984741211,31.969999313354492,31.989999771118164,31.989999771118164,540700
2019-12-10,32.06999969482422,32.27000045776367,31.809999465942383,32.060001373291016,32.060001373291016,645200
2019-12-11,31.829999923706055,32.0099983215332,31.459999084472656,31.530000686645508,31.530000686645508,749500
2019-12-12,31.610000610351562,32.5099983215332,31.479999542236328,32.459999084472656,32.459999084472656,595100
2019-12-13,32.27000045776367,32.70000076293945,31.84000015258789,32.08000183105469,32.08000183105469,488600
2019-12-16,32.16999816894531,32.900001525878906,32.16999816894531,32.470001220703125,32.470001220703125,680700
2019-12-17,32.40999984741211,33.04999923706055,32.33000183105469,32.97999954223633,32.97999954223633,1046300
2019-12-18,33.08000183105469,33.47999954223633,32.81999969482422,33.33000183105469,33.33000183105469,1076200
2019-12-19,33.459999084472656,33.689998626708984,33.150001525878906,33.2400016784668,33.2400016784668,762400
2019-12-20,33.33000183105469,33.349998474121094,32.84000015258789,32.970001220703125,32.970001220703125,973100
2019-12-23,33.15999984741211,33.38999938964844,32.72999954223633,33.18000030517578,33.18000030517578,488000
2019-12-24,33.209999084472656,33.439998626708984,32.83000183105469,32.880001068115234,32.880001068115234,102000
2019-12-26,33.0,33.27000045776367,32.72999954223633,32.86000061035156,32.86000061035156,184900
2019-12-27,32.91999816894531,33.029998779296875,32.68000030517578,32.959999084472656,32.959999084472656,317700
2019-12-30,33.08000183105469,33.27000045776367,32.79999923706055,33.04999923706055,33.04999923706055,336600
2019-12-31,33.0099983215332,33.400001525878906,32.9900016784668,33.220001220703125,33.220001220703125,364600
2020-01-02,33.41999816894531,33.41999816894531,32.709999084472656,33.150001525878906,33.150001525878906,460100
2020-01-03,32.79999923706055,33.279998779296875,32.560001373291016,33.09000015258789,33.09000015258789,458200
2020-01-06,33.0099983215332,33.86000061035156,33.0099983215332,33.709999084472656,33.709999084472656,574000
2020-01-07,33.630001068115234,33.779998779296875,33.189998626708984,33.650001525878906,33.650001525878906,336600
2020-01-08,33.58000183105469,33.91999816894531,33.18000030517578,33.459999084472656,33.459999084472656,583000
2020-01-09,33.47999954223633,33.619998931884766,33.150001525878906,33.40999984741211,33.40999984741211,376200
2020-01-10,33.349998474121094,33.45000076293945,32.97999954223633,33.2599983215332,33.2599983215332,272200
2020-01-13,33.13999938964844,33.33000183105469,33.0,33.29999923706055,33.29999923706055,276100
2020-01-14,33.25,33.7400016784668,33.20000076293945,33.52000045776367,33.52000045776367,632900
2020-01-15,33.439998626708984,33.900001525878906,33.38999938964844,33.47999954223633,33.47999954223633,438800
2020-01-16,33.75,33.810001373291016,33.43000030517578,33.75,33.75,577800
2020-01-17,33.7599983215332,33.77000045776367,33.380001068115234,33.47999954223633,33.47999954223633,278600
2020-01-21,33.31999969482422,33.369998931884766,32.220001220703125,32.29999923706055,32.29999923706055,699100
2020-01-22,32.349998474121094,32.869998931884766,32.29999923706055,32.720001220703125,32.720001220703125,776500
2020-01-23,32.560001373291016,32.81999969482422,32.20000076293945,32.75,32.75,444900
2020-01-24,32.689998626708984,32.689998626708984,32.08000183105469,32.45000076293945,32.45000076293945,455900
2020-01-27,32.029998779296875,32.630001068115234,32.029998779296875,32.29999923706055,32.29999923706055,430900
2020-01-28,32.400001525878906,33.0,32.369998931884766,32.4900016784668,32.4900016784668,317000
2020-01-29,32.439998626708984,32.79999923706055,32.209999084472656,32.40999984741211,32.40999984741211,541400
2020-01-30,32.18000030517578,32.650001525878906,32.119998931884766,32.630001068115234,32.630001068115234,527100
2020-01-31,32.47999954223633,32.54999923706055,32.0099983215332,32.130001068115234,32.130001068115234,880400
2020-02-03,32.40999984741211,32.84000015258789,32.279998779296875,32.529998779296875,32.529998779296875,626700
2020-02-04,32.810001373291016,33.84000015258789,32.75,33.400001525878906,33.400001525878906,689900
2020-02-05,33.720001220703125,34.58000183105469,33.599998474121094,34.02000045776367,34.02000045776367,780900
2020-02-06,33.849998474121094,33.93000030517578,33.459999084472656,33.58000183105469,33.58000183105469,906300
2020-02-07,33.52000045776367,33.52000045776367,32.86000061035156,33.029998779296875,33.029998779296875,521700
2020-02-10,32.95000076293945,33.380001068115234,32.90999984741211,33.290000915527344,33.290000915527344,752600
2020-02-11,33.40999984741211,33.81999969482422,33.400001525878906,33.66999816894531,33.66999816894531,454900
2020-02-12,33.849998474121094,34.15999984741211,33.47999954223633,33.560001373291016,33.560001373291016,394500
2020-02-13,33.58000183105469,33.9900016784668,33.459999084472656,33.77000045776367,33.77000045776367,533200
2020-02-14,33.7599983215332,33.79999923706055,33.45000076293945,33.54999923706055,33.54999923706055,308500
2020-02-18,33.7599983215332,34.20000076293945,33.45000076293945,34.06999969482422,34.06999969482422,1179900
2020-02-19,34.119998931884766,34.88999938964844,34.029998779296875,34.790000915527344,34.790000915527344,434000
2020-02-20,34.70000076293945,35.29999923706055,34.470001220703125,35.040000915527344,35.040000915527344,543700
2020-02-21,34.849998474121094,35.13999938964844,34.59000015258789,35.0,35.0,521300
2020-02-24,34.04999923706055,34.09000015258789,33.45000076293945,33.720001220703125,33.720001220703125,1065300
2020-02-25,33.790000915527344,34.2400016784668,32.310001373291016,32.349998474121094,32.349998474121094,687500
2020-02-26,32.619998931884766,32.7599983215332,31.270000457763672,31.469999313354492,31.469999313354492,675200
2020-02-27,30.93000030517578,32.20000076293945,30.260000228881836,31.43000030517578,31.43000030517578,1183000
2020-02-28,32.58000183105469,32.58000183105469,28.1299991607666,29.600000381469727,29.600000381469727,1673300
2020-03-02,29.809999465942383,30.079999923706055,29.049999237060547,29.93000030517578,29.93000030517578,1204400
2020-03-03,30.030000686645508,31.280000686645508,29.34000015258789,29.3799991607666,29.3799991607666,733300
2020-03-04,30.09000015258789,31.43000030517578,29.93000030517578,30.979999542236328,30.979999542236328,834100
2020-03-05,30.31999969482422,31.420000076293945,30.030000686645508,30.6299991607666,30.6299991607666,803900
2020-03-06,29.59000015258789,30.469999313354492,28.530000686645508,29.479999542236328,29.479999542236328,774300
2020-03-09,27.459999084472656,28.170000076293945,26.549999237060547,26.780000686645508,26.780000686645508,1148300
2020-03-10,27.5,28.049999237060547,25.280000686645508,26.260000228881836,26.260000228881836,736000
2020-03-11,25.600000381469727,26.139999389648438,23.219999313354492,23.399999618530273,23.399999618530273,1494100
2020-03-12,21.850000381469727,21.8700008392334,19.030000686645508,19.579999923706055,19.579999923706055,1871800
2020-03-13,20.790000915527344,21.899999618530273,18.600000381469727,21.81999969482422,21.81999969482422,1474300
2020-03-16,18.34000015258789,19.790000915527344,17.030000686645508,17.18000030517578,17.18000030517578,1827600
2020-03-17,17.469999313354492,17.729999542236328,13.720000267028809,14.199999809265137,14.199999809265137,2349400
2020-03-18,13.40999984741211,13.5600004196167,11.09000015258789,11.84000015258789,11.84000015258789,1679800
2020-03-19,11.819999694824219,14.989999771118164,11.220000267028809,14.680000305175781,14.680000305175781,1739800
2020-03-20,14.859999656677246,16.209999084472656,12.489999771118164,12.59000015258789,12.59000015258789,2975700
2020-03-23,12.760000228881836,12.960000038146973,11.699999809265137,11.779999732971191,11.779999732971191,1216000
2020-03-24,12.40999984741211,12.970000267028809,11.880000114440918,12.550000190734863,12.550000190734863,2023800
2020-03-25,12.649999618530273,14.8100004196167,11.899999618530273,13.789999961853027,13.789999961853027,2949500
2020-03-26,14.029999732971191,18.280000686645508,14.010000228881836,18.059999465942383,18.059999465942383,1931800
2020-03-27,17.299999237060547,18.600000381469727,16.8799991607666,18.030000686645508,18.030000686645508,2089900
2020-03-30,18.600000381469727,18.600000381469727,17.25,18.440000534057617,18.440000534057617,1139300
2020-03-31,18.799999237060547,18.93000030517578,17.969999313354492,18.350000381469727,18.350000381469727,1647700
2020-04-01,16.889999389648438,17.940000534057617,16.809999465942383,17.15999984741211,17.15999984741211,1381100
2020-04-02,17.100000381469727,18.15999984741211,16.56999969482422,17.68000030517578,17.68000030517578,1476100
2020-04-03,17.579999923706055,17.969999313354492,15.119999885559082,15.529999732971191,15.529999732971191,3505300
2020-04-06,15.819999694824219,17.75,15.819999694824219,17.68000030517578,17.68000030517578,863900
2020-04-07,18.739999771118164,19.979999542236328,17.989999771118164,18.639999389648438,18.639999389648438,2021100
2020-04-08,19.350000381469727,22.030000686645508,18.8799991607666,21.90999984741211,21.90999984741211,1066500
2020-04-09,23.209999084472656,24.190000534057617,22.540000915527344,22.989999771118164,22.989999771118164,1347000
2020-04-13,22.90999984741211,23.079999923706055,21.079999923706055,21.81999969482422,21.81999969482422,1286600
2020-04-14,22.520000457763672,23.690000534057617,22.149999618530273,23.459999084472656,23.459999084472656,1245000
2020-04-15,22.020000457763672,23.020000457763672,21.84000015258789,22.690000534057617,22.690000534057617,809900
2020-04-16,22.649999618530273,22.940000534057617,21.65999984741211,22.440000534057617,22.440000534057617,728100
2020-04-17,23.639999389648438,24.059999465942383,23.18000030517578,23.739999771118164,23.739999771118164,664100
2020-04-20,23.010000228881836,24.0,22.40999984741211,23.100000381469727,23.100000381469727,554400
2020-04-21,22.010000228881836,22.850000381469727,21.549999237060547,22.329999923706055,22.329999923706055,771600
2020-04-22,23.049999237060547,23.3700008392334,21.600000381469727,21.6299991607666,21.6299991607666,494000
2020-04-23,21.84000015258789,22.31999969482422,21.360000610351562,21.829999923706055,21.829999923706055,575100
2020-04-24,22.1299991607666,22.6299991607666,21.469999313354492,22.290000915527344,22.290000915527344,808800
2020-04-27,22.639999389648438,24.649999618530273,22.639999389648438,24.549999237060547,24.549999237060547,425900
2020-04-28,25.290000915527344,25.420000076293945,23.520000457763672,24.15999984741211,24.15999984741211,527900
2020-04-29,24.829999923706055,25.469999313354492,24.059999465942383,24.700000762939453,24.700000762939453,1819800
2020-04-30,24.260000228881836,24.610000610351562,23.399999618530273,24.010000228881836,24.010000228881836,850600
2020-05-01,22.920000076293945,23.709999084472656,21.68000030517578,22.469999313354492,22.469999313354492,619300
2020-05-04,22.239999771118164,22.440000534057617,21.270000457763672,21.579999923706055,21.579999923706055,896000
2020-05-05,24.100000381469727,27.139999389648438,23.010000228881836,26.229999542236328,26.229999542236328,2129600
2020-05-06,26.18000030517578,26.18000030517578,24.139999389648438,24.209999084472656,24.209999084472656,1135100
2020-05-07,24.15999984741211,25.510000228881836,24.139999389648438,24.700000762939453,24.700000762939453,739100
2020-05-08,25.219999313354492,26.700000762939453,24.920000076293945,26.549999237060547,26.549999237060547,656400
2020-05-11,26.299999237060547,27.239999771118164,25.760000228881836,26.690000534057617,26.690000534057617,732300
2020-05-12,26.8700008392334,27.200000762939453,26.059999465942383,26.139999389648438,26.139999389648438,856200
2020-05-13,25.780000686645508,25.780000686645508,23.1299991607666,24.31999969482422,24.31999969482422,1371000
2020-05-14,23.809999465942383,25.09000015258789,23.350000381469727,24.469999313354492,24.469999313354492,746900
2020-05-15,24.100000381469727,24.84000015258789,24.09000015258789,24.719999313354492,24.719999313354492,552700
2020-05-18,25.489999771118164,26.530000686645508,25.0,25.899999618530273,25.899999618530273,913700
2020-05-19,25.729999542236328,26.639999389648438,24.809999465942383,25.979999542236328,25.979999542236328,851300
2020-05-20,26.6200008392334,27.15999984741211,26.219999313354492,26.90999984741211,26.90999984741211,892800
2020-05-21,27.1200008392334,27.90999984741211,27.06999969482422,27.729999542236328,27.729999542236328,943300
2020-05-22,27.809999465942383,27.850000381469727,26.780000686645508,27.520000457763672,27.520000457763672,506400
2020-05-26,28.5,29.25,28.030000686645508,28.6200008392334,28.6200008392334,538800
2020-05-27,29.43000030517578,29.43000030517578,27.579999923706055,28.799999237060547,28.799999237060547,573000
2020-05-28,29.09000015258789,30.030000686645508,27.959999084472656,29.360000610351562,29.360000610351562,950600
2020-05-29,29.010000228881836,29.059999465942383,27.850000381469727,28.610000610351562,28.610000610351562,676000
2020-06-01,28.690000534057617,29.579999923706055,28.600000381469727,28.790000915527344,28.790000915527344,421900
2020-06-02,28.850000381469727,29.440000534057617,28.6299991607666,28.739999771118164,28.739999771118164,391100
2020-06-03,28.889999389648438,29.559999465942383,28.34000015258789,28.459999084472656,28.459999084472656,616600
2020-06-04,28.309999465942383,29.09000015258789,28.020000457763672,28.84000015258789,28.84000015258789,468500
2020-06-05,30.040000915527344,31.18000030517578,29.969999313354492,30.1200008392334,30.1200008392334,625300
2020-06-08,30.399999618530273,31.5,29.8700008392334,31.389999389648438,31.389999389648438,656100
2020-06-09,30.760000228881836,30.790000915527344,28.920000076293945,29.31999969482422,29.31999969482422,876100
2020-06-10,29.520000457763672,29.520000457763672,28.010000228881836,28.200000762939453,28.200000762939453,608700
2020-06-11,26.760000228881836,27.530000686645508,25.3799991607666,25.809999465942383,25.809999465942383,796200
2020-06-12,26.950000762939453,27.34000015258789,25.31999969482422,26.149999618530273,26.149999618530273,906100
2020-06-15,25.06999969482422,27.34000015258789,24.600000381469727,27.309999465942383,27.309999465942383,819700
2020-06-16,28.729999542236328,29.299999237060547,27.260000228881836,28.020000457763672,28.020000457763672,855300
2020-06-17,28.200000762939453,28.290000915527344,27.020000457763672,27.09000015258789,27.09000015258789,614500
2020-06-18,26.729999542236328,27.15999984741211,26.450000762939453,26.5,26.5,715100
2020-06-19,27.079999923706055,27.670000076293945,26.149999618530273,26.459999084472656,26.459999084472656,1034700
2020-06-22,26.3700008392334,26.3700008392334,24.950000762939453,25.65999984741211,25.65999984741211,734200
2020-06-23,26.110000610351562,26.420000076293945,25.420000076293945,25.8700008392334,25.8700008392334,827600
2020-06-24,25.56999969482422,25.719999313354492,23.8700008392334,24.309999465942383,24.309999465942383,534500
2020-06-25,24.049999237060547,24.979999542236328,23.6299991607666,24.950000762939453,24.950000762939453,1035200
2020-06-26,24.780000686645508,24.940000534057617,24.229999542236328,24.610000610351562,24.610000610351562,851500
2020-06-29,25.100000381469727,25.270000457763672,24.56999969482422,24.920000076293945,24.920000076293945,688100
2020-06-30,24.75,25.219999313354492,24.389999389648438,25.1200008392334,25.1200008392334,892500
2020-07-01,25.110000610351562,25.940000534057617,24.969999313354492,25.489999771118164,25.489999771118164,430700
2020-07-02,26.06999969482422,26.530000686645508,25.399999618530273,25.56999969482422,25.56999969482422,400300
2020-07-06,26.139999389648438,26.649999618530273,25.709999084472656,26.270000457763672,26.270000457763672,878700
2020-07-07,26.09000015258789,26.209999084472656,25.06999969482422,25.190000534057617,25.190000534057617,755100
2020-07-08,25.049999237060547,25.469999313354492,24.649999618530273,25.309999465942383,25.309999465942383,318300
2020-07-09,25.139999389648438,25.329999923706055,24.010000228881836,24.100000381469727,24.100000381469727,523700
2020-07-10,24.280000686645508,25.440000534057617,24.059999465942383,25.420000076293945,25.420000076293945,757500
2020-07-13,25.700000762939453,26.290000915527344,25.1299991607666,25.209999084472656,25.209999084472656,388800
2020-07-14,25.350000381469727,25.59000015258789,24.84000015258789,25.540000915527344,25.540000915527344,684100
2020-07-15,26.31999969482422,27.739999771118164,25.829999923706055,27.6299991607666,27.6299991607666,475200
2020-07-16,27.65999984741211,28.100000381469727,26.34000015258789,27.729999542236328,27.729999542236328,553000
2020-07-17,27.989999771118164,28.0,27.25,27.520000457763672,27.520000457763672,245800
2020-07-20,27.6299991607666,27.6299991607666,26.780000686645508,26.84000015258789,26.84000015258789,290100
2020-07-21,27.1200008392334,28.040000915527344,26.889999389648438,27.799999237060547,27.799999237060547,518500
2020-07-22,27.940000534057617,29.149999618530273,27.68000030517578,28.600000381469727,28.600000381469727,600000
2020-07-23,28.649999618530273,29.510000228881836,28.420000076293945,28.969999313354492,28.969999313354492,655300
2020-07-24,28.899999618530273,29.18000030517578,28.40999984741211,28.90999984741211,28.90999984741211,400900
2020-07-27,28.440000534057617,29.899999618530273,28.399999618530273,29.239999771118164,29.239999771118164,431300
2020-07-28,29.079999923706055,29.760000228881836,29.049999237060547,29.170000076293945,29.170000076293945,516200
2020-07-29,29.360000610351562,30.639999389648438,29.18000030517578,30.09000015258789,30.09000015258789,613700
2020-07-30,29.43000030517578,30.520000457763672,29.290000915527344,30.40999984741211,30.40999984741211,536900
2020-07-31,30.280000686645508,30.510000228881836,29.299999237060547,29.809999465942383,29.809999465942383,518400
2020-08-03,29.90999984741211,30.329999923706055,29.280000686645508,30.219999313354492,30.219999313354492,523100
2020-08-04,30.290000915527344,30.729999542236328,29.649999618530273,30.309999465942383,30.309999465942383,632700
2020-08-05,30.959999084472656,32.88999938964844,30.579999923706055,30.90999984741211,30.90999984741211,893900
2020-08-06,30.889999389648438,31.5,30.639999389648438,30.860000610351562,30.860000610351562,476000
2020-08-07,30.739999771118164,31.110000610351562,30.510000228881836,31.049999237060547,31.049999237060547,325100
2020-08-10,31.280000686645508,31.950000762939453,31.280000686645508,31.75,31.75,394400
2020-08-11,32.22999954223633,32.95000076293945,31.40999984741211,31.489999771118164,31.489999771118164,449000
2020-08-12,31.780000686645508,32.15999984741211,30.6299991607666,30.969999313354492,30.969999313354492,447100
2020-08-13,30.790000915527344,30.899999618530273,30.100000381469727,30.649999618530273,30.649999618530273,392600
2020-08-14,30.399999618530273,30.90999984741211,30.06999969482422,30.81999969482422,30.81999969482422,641000
2020-08-17,30.940000534057617,31.170000076293945,30.40999984741211,30.559999465942383,30.559999465942383,307900
2020-08-18,30.3700008392334,30.549999237060547,29.790000915527344,30.010000228881836,30.010000228881836,332000
2020-08-19,30.229999542236328,30.59000015258789,29.8700008392334,30.010000228881836,30.010000228881836,380800
2020-08-20,29.739999771118164,30.1200008392334,29.59000015258789,29.770000457763672,29.770000457763672,376000
2020-08-21,29.649999618530273,29.770000457763672,29.040000915527344,29.610000610351562,29.610000610351562,380300
2020-08-24,29.90999984741211,30.209999084472656,29.540000915527344,30.15999984741211,30.15999984741211,327200
2020-08-25,30.110000610351562,30.31999969482422,29.489999771118164,30.200000762939453,30.200000762939453,251700
2020-08-26,30.31999969482422,30.399999618530273,29.670000076293945,29.940000534057617,29.940000534057617,277400
2020-08-27,30.020000457763672,31.100000381469727,29.610000610351562,30.809999465942383,30.809999465942383,364800
2020-08-28,31.170000076293945,31.270000457763672,30.420000076293945,31.229999542236328,31.229999542236328,221400
2020-08-31,31.1299991607666,31.420000076293945,30.600000381469727,30.90999984741211,30.90999984741211,385700
2020-09-01,29.729999542236328,30.989999771118164,29.729999542236328,30.56999969482422,30.56999969482422,226500
2020-09-02,30.760000228881836,31.200000762939453,30.40999984741211,31.1200008392334,31.1200008392334,379300
2020-09-03,31.149999618530273,31.5,29.920000076293945,30.18000030517578,30.18000030517578,411200
2020-09-04,30.700000762939453,30.81999969482422,29.200000762939453,29.809999465942383,29.809999465942383,459500
2020-09-08,29.610000610351562,29.610000610351562,28.489999771118164,28.59000015258789,28.59000015258789,466200
2020-09-09,28.959999084472656,29.360000610351562,28.360000610351562,29.079999923706055,29.079999923706055,566900
2020-09-10,29.31999969482422,29.700000762939453,28.829999923706055,28.84000015258789,28.84000015258789,543300
2020-09-11,28.920000076293945,29.959999084472656,28.6299991607666,29.899999618530273,29.899999618530273,649700
2020-09-14,30.25,31.049999237060547,30.139999389648438,30.719999313354492,30.719999313354492,528600
2020-09-15,31.0,31.440000534057617,30.1299991607666,30.239999771118164,30.239999771118164,346100
2020-09-16,30.479999542236328,31.079999923706055,30.030000686645508,30.100000381469727,30.100000381469727,504900
2020-09-17,29.639999389648438,30.059999465942383,29.360000610351562,29.940000534057617,29.940000534057617,502400
2020-09-18,29.950000762939453,30.540000915527344,29.360000610351562,29.440000534057617,29.440000534057617,973200
2020-09-21,28.030000686645508,29.040000915527344,27.139999389648438,28.8799991607666,28.8799991607666,974100
2020-09-22,28.829999923706055,29.149999618530273,28.18000030517578,28.479999542236328,28.479999542236328,462200
2020-09-23,28.610000610351562,29.25,27.34000015258789,27.559999465942383,27.559999465942383,510500
2020-09-24,27.360000610351562,28.049999237060547,27.06999969482422,27.479999542236328,27.479999542236328,273100
2020-09-25,27.209999084472656,28.360000610351562,27.209999084472656,28.260000228881836,28.260000228881836,233800
2020-09-28,28.649999618530273,29.25,27.920000076293945,28.040000915527344,28.040000915527344,377300
2020-09-29,28.520000457763672,29.239999771118164,27.969999313354492,28.219999313354492,28.219999313354492,553900
2020-09-30,30.18000030517578,30.639999389648438,29.209999084472656,29.479999542236328,29.479999542236328,625800
2020-10-01,29.479999542236328,30.170000076293945,29.440000534057617,29.969999313354492,29.969999313354492,654000
2020-10-02,29.610000610351562,31.290000915527344,29.5,30.950000762939453,30.950000762939453,574100
2020-10-05,31.229999542236328,32.04999923706055,31.049999237060547,31.8799991607666,31.8799991607666,479600
2020-10-06,32.060001373291016,32.459999084472656,31.299999237060547,31.3700008392334,31.3700008392334,426500
2020-10-07,31.81999969482422,32.29999923706055,31.18000030517578,31.229999542236328,31.229999542236328,286200
2020-10-08,31.5,32.119998931884766,31.1299991607666,32.119998931884766,32.119998931884766,267800
2020-10-09,32.689998626708984,32.97999954223633,31.799999237060547,32.40999984741211,32.40999984741211,467200
2020-10-12,32.33000183105469,32.75,32.0,32.709999084472656,32.709999084472656,477500
2020-10-13,32.43000030517578,33.29999923706055,31.950000762939453,33.08000183105469,33.08000183105469,443900
2020-10-14,33.0,33.79999923706055,33.0,33.34000015258789,33.34000015258789,415400
2020-10-15,32.810001373291016,34.0,32.66999816894531,33.81999969482422,33.81999969482422,427200
2020-10-16,33.97999954223633,34.099998474121094,33.09000015258789,33.209999084472656,33.209999084472656,323800
2020-10-19,33.18000030517578,33.70000076293945,32.779998779296875,32.95000076293945,32.95000076293945,284900
2020-10-20,33.099998474121094,33.689998626708984,32.689998626708984,33.0099983215332,33.0099983215332,316200
2020-10-21,33.08000183105469,33.209999084472656,32.130001068115234,32.150001525878906,32.150001525878906,348400
2020-10-22,32.20000076293945,32.93000030517578,31.0,31.110000610351562,31.110000610351562,1226300
2020-10-23,31.15999984741211,31.760000228881836,30.420000076293945,31.190000534057617,31.190000534057617,485500
2020-10-26,30.68000030517578,30.690000534057617,29.65999984741211,30.649999618530273,30.649999618530273,401800
2020-10-27,30.690000534057617,31.469999313354492,30.18000030517578,30.229999542236328,30.229999542236328,268800
2020-10-28,29.600000381469727,30.239999771118164,28.81999969482422,28.969999313354492,28.969999313354492,409300
2020-10-29,28.81999969482422,29.110000610351562,27.959999084472656,28.979999542236328,28.979999542236328,456400
2020-10-30,33.630001068115234,35.7599983215332,32.939998626708984,35.650001525878906,35.650001525878906,2185700
2020-11-02,35.650001525878906,35.72999954223633,34.0099983215332,34.959999084472656,34.959999084472656,688200
2020-11-03,35.849998474121094,37.56999969482422,35.72999954223633,37.27000045776367,37.27000045776367,569100
2020-11-04,36.619998931884766,37.5099983215332,36.11000061035156,36.63999938964844,36.63999938964844,536300
2020-11-05,37.0,39.349998474121094,36.970001220703125,38.56999969482422,38.56999969482422,891800
2020-11-06,38.40999984741211,39.029998779296875,38.040000915527344,38.290000915527344,38.290000915527344,437700
2020-11-09,39.9900016784668,41.75,39.41999816894531,39.779998779296875,39.779998779296875,618600
2020-11-10,40.93000030517578,40.93000030517578,39.0,40.650001525878906,40.650001525878906,646900
2020-11-11,41.16999816894531,41.27000045776367,39.5,40.5099983215332,40.5099983215332,450000
2020-11-12,40.189998626708984,41.7400016784668,39.72999954223633,39.97999954223633,39.97999954223633,423400
2020-11-13,40.349998474121094,42.099998474121094,40.349998474121094,41.790000915527344,41.790000915527344,499400
2020-11-16,42.75,43.130001068115234,41.25,41.869998931884766,41.869998931884766,472700
2020-11-17,42.7599983215332,44.25,42.22999954223633,43.220001220703125,43.220001220703125,690800
2020-11-18,43.150001525878906,44.040000915527344,42.709999084472656,42.86000061035156,42.86000061035156,350700
2020-11-19,42.59000015258789,42.97999954223633,41.77000045776367,42.93000030517578,42.93000030517578,446100
2020-11-20,42.9900016784668,43.720001220703125,42.630001068115234,43.11000061035156,43.11000061035156,463300
2020-11-23,43.380001068115234,44.2599983215332,42.959999084472656,43.849998474121094,43.849998474121094,503400
2020-11-24,44.43000030517578,44.75,43.470001220703125,43.81999969482422,43.81999969482422,946700
2020-11-25,43.79999923706055,43.9900016784668,43.18000030517578,43.290000915527344,43.290000915527344,379900
2020-11-27,43.40999984741211,43.63999938964844,42.93000030517578,43.18000030517578,43.18000030517578,248300
2020-11-30,43.15999984741211,43.15999984741211,42.04999923706055,42.45000076293945,42.45000076293945,723100
2020-12-01,43.08000183105469,43.599998474121094,41.880001068115234,41.97999954223633,41.97999954223633,463300
2020-12-02,41.959999084472656,42.41999816894531,41.68000030517578,42.279998779296875,42.279998779296875,769400
2020-12-03,42.27000045776367,43.43000030517578,41.70000076293945,41.880001068115234,41.880001068115234,639700
2020-12-04,42.06999969482422,43.470001220703125,42.06999969482422,42.91999816894531,42.91999816894531,563200
2020-12-07,42.86000061035156,43.47999954223633,42.119998931884766,42.2400016784668,42.2400016784668,275100
2020-12-08,41.95000076293945,43.63999938964844,41.720001220703125,43.5099983215332,43.5099983215332,866300
2020-12-09,44.0,46.41999816894531,43.900001525878906,46.18000030517578,46.18000030517578,834000
2020-12-10,46.06999969482422,47.709999084472656,45.540000915527344,47.47999954223633,47.47999954223633,848900
2020-12-11,47.310001373291016,47.5,45.849998474121094,47.02000045776367,47.02000045776367,674300
2020-12-14,47.47999954223633,48.040000915527344,47.08000183105469,47.38999938964844,47.38999938964844,883400
2020-12-15,47.849998474121094,48.459999084472656,47.47999954223633,47.95000076293945,47.95000076293945,596500
2020-12-16,48.27000045776367,48.75,47.720001220703125,48.380001068115234,48.380001068115234,492000
2020-12-17,48.599998474121094,50.040000915527344,46.90999984741211,49.959999084472656,49.959999084472656,794100
2020-12-18,50.189998626708984,50.40999984741211,48.43000030517578,48.939998626708984,48.939998626708984,1942200
2020-12-21,48.41999816894531,48.91999816894531,47.5,48.59000015258789,48.59000015258789,687900
2020-12-22,48.75,49.09000015258789,48.04999923706055,48.439998626708984,48.439998626708984,584500
2020-12-23,48.91999816894531,49.84000015258789,48.7599983215332,48.97999954223633,48.97999954223633,398600
2020-12-24,49.380001068115234,49.380001068115234,48.5099983215332,49.27000045776367,49.27000045776367,113000
2020-12-28,49.529998779296875,49.529998779296875,48.29999923706055,48.41999816894531,48.41999816894531,248400
2020-12-29,48.43000030517578,48.689998626708984,47.91999816894531,48.560001373291016,48.560001373291016,207100
2020-12-30,50.0,50.9900016784668,48.88999938964844,50.29999923706055,50.29999923706055,970900
2020-12-31,49.2599983215332,50.83000183105469,49.2599983215332,50.2599983215332,50.2599983215332,531600
2021-01-04,50.34000015258789,50.790000915527344,49.0,50.4900016784668,50.4900016784668,735600
2021-01-05,50.02000045776367,51.619998931884766,49.66999816894531,50.5,50.5,638400
2021-01-06,50.790000915527344,52.93000030517578,50.790000915527344,52.5099983215332,52.5099983215332,1027500
2021-01-07,52.45000076293945,53.52000045776367,52.06999969482422,52.97999954223633,52.97999954223633,512000
2021-01-08,52.45000076293945,52.959999084472656,51.79999923706055,52.0099983215332,52.0099983215332,522100
2021-01-11,51.72999954223633,52.4900016784668,51.040000915527344,51.619998931884766,51.619998931884766,330000
2021-01-12,51.7400016784668,52.470001220703125,51.29999923706055,51.9900016784668,51.9900016784668,416900
2021-01-13,52.060001373291016,52.369998931884766,51.2599983215332,51.4900016784668,51.4900016784668,256200
2021-01-14,51.779998779296875,52.4900016784668,50.66999816894531,50.849998474121094,50.849998474121094,314200
2021-01-15,50.619998931884766,51.720001220703125,50.310001373291016,50.7400016784668,50.7400016784668,464700
2021-01-19,51.58000183105469,51.77000045776367,50.09000015258789,50.9900016784668,50.9900016784668,507500
2021-01-20,51.220001220703125,52.369998931884766,50.689998626708984,52.11000061035156,52.11000061035156,499600
2021-01-21,52.47999954223633,52.47999954223633,51.52000045776367,51.59000015258789,51.59000015258789,364800
2021-01-22,51.5099983215332,52.36000061035156,51.130001068115234,52.0099983215332,52.0099983215332,463500
2021-01-25,51.900001525878906,52.36000061035156,51.22999954223633,51.65999984741211,51.65999984741211,347700
2021-01-26,51.84000015258789,51.9900016784668,51.0,51.08000183105469,51.08000183105469,333300
2021-01-27,50.65999984741211,50.849998474121094,48.619998931884766,49.540000915527344,49.540000915527344,351900
2021-01-28,50.15999984741211,51.970001220703125,49.63999938964844,50.88999938964844,50.88999938964844,621300
2021-01-29,50.939998626708984,51.959999084472656,49.779998779296875,50.68000030517578,50.68000030517578,488200
2021-02-01,51.11000061035156,53.08000183105469,51.0,52.9900016784668,52.9900016784668,494400
2021-02-02,53.5,54.040000915527344,52.45000076293945,53.36000061035156,53.36000061035156,447300
2021-02-03,53.36000061035156,54.58000183105469,52.75,54.43000030517578,54.43000030517578,511700
2021-02-04,54.97999954223633,55.16999816894531,54.2599983215332,54.88999938964844,54.88999938964844,528000
2021-02-05,55.18000030517578,55.18000030517578,53.439998626708984,54.400001525878906,54.400001525878906,332100
2021-02-08,54.72999954223633,54.88999938964844,53.439998626708984,53.65999984741211,53.65999984741211,326600
2021-02-09,53.619998931884766,54.0,52.43000030517578,53.83000183105469,53.83000183105469,440400
2021-02-10,54.400001525878906,54.709999084472656,52.93000030517578,53.16999816894531,53.16999816894531,573800
2021-02-11,53.58000183105469,53.790000915527344,52.43000030517578,53.18000030517578,53.18000030517578,1606000
2021-02-12,53.25,53.93000030517578,52.150001525878906,53.130001068115234,53.130001068115234,414300
2021-02-16,53.459999084472656,53.459999084472656,51.61000061035156,52.060001373291016,52.060001373291016,470400
2021-02-17,51.65999984741211,52.349998474121094,51.150001525878906,51.849998474121094,51.849998474121094,748800
2021-02-18,51.4900016784668,51.849998474121094,49.880001068115234,50.650001525878906,50.650001525878906,443700
2021-02-19,50.900001525878906,52.25,50.540000915527344,51.810001373291016,51.810001373291016,876700
2021-02-22,51.18000030517578,52.689998626708984,51.0099983215332,52.150001525878906,52.150001525878906,645800
2021-02-23,51.529998779296875,52.689998626708984,50.84000015258789,52.5,52.5,575500
2021-02-24,52.619998931884766,54.75,52.279998779296875,54.439998626708984,54.439998626708984,818600
2021-02-25,54.189998626708984,54.27000045776367,50.70000076293945,51.36000061035156,51.36000061035156,717700
2021-02-26,52.5099983215332,57.029998779296875,52.040000915527344,55.2400016784668,55.2400016784668,2036500
2021-03-01,56.0099983215332,57.5,54.84000015258789,56.040000915527344,56.040000915527344,1144800
2021-03-02,55.15999984741211,56.40999984741211,54.5099983215332,55.79999923706055,55.79999923706055,1077800
2021-03-03,55.75,55.97999954223633,54.45000076293945,55.040000915527344,55.040000915527344,529000
2021-03-04,55.060001373291016,55.72999954223633,53.13999938964844,54.29999923706055,54.29999923706055,585800
2021-03-05,54.9900016784668,55.25,52.75,54.97999954223633,54.97999954223633,652400
2021-03-08,54.56999969482422,57.31999969482422,54.56999969482422,56.790000915527344,56.790000915527344,681000
2021-03-09,57.029998779296875,58.56999969482422,56.45000076293945,57.31999969482422,57.31999969482422,894900
2021-03-10,57.59000015258789,58.5,56.75,57.2400016784668,57.2400016784668,519900
2021-03-11,57.4900016784668,58.93000030517578,57.25,58.849998474121094,58.849998474121094,560300
2021-03-12,58.52000045776367,59.81999969482422,58.09000015258789,59.720001220703125,59.720001220703125,865400
2021-03-15,59.84000015258789,61.0,59.4900016784668,60.970001220703125,60.970001220703125,568800
2021-03-16,60.220001220703125,60.27000045776367,58.849998474121094,59.43000030517578,59.43000030517578,499200
2021-03-17,58.790000915527344,60.0,58.2599983215332,59.2400016784668,59.2400016784668,909000
2021-03-18,59.02000045776367,59.9900016784668,58.52000045776367,58.689998626708984,58.689998626708984,822500
2021-03-19,57.9900016784668,58.849998474121094,57.06999969482422,57.20000076293945,57.20000076293945,790600
2021-03-22,57.61000061035156,57.61000061035156,55.939998626708984,56.810001373291016,56.810001373291016,377600
2021-03-23,56.5,57.04999923706055,54.689998626708984,55.02000045776367,55.02000045776367,619900
2021-03-24,55.25,57.25,54.720001220703125,55.02000045776367,55.02000045776367,638800
2021-03-25,54.720001220703125,57.619998931884766,54.61000061035156,57.400001525878906,57.400001525878906,639500
2021-03-26,58.09000015258789,58.33000183105469,56.709999084472656,57.709999084472656,57.709999084472656,396300
2021-03-29,57.36000061035156,59.040000915527344,56.58000183105469,56.65999984741211,56.65999984741211,459200
2021-03-30,56.83000183105469,58.54999923706055,55.93000030517578,58.439998626708984,58.439998626708984,490800
2021-03-31,58.380001068115234,60.040000915527344,56.939998626708984,57.13999938964844,57.13999938964844,1273500
2021-04-01,57.02000045776367,57.470001220703125,55.54999923706055,56.79999923706055,56.79999923706055,394300
2021-04-05,57.349998474121094,58.27000045776367,56.72999954223633,57.90999984741211,57.90999984741211,382800
2021-04-06,58.029998779296875,59.470001220703125,57.4900016784668,58.599998474121094,58.599998474121094,539800
2021-04-07,58.68000030517578,59.7599983215332,57.41999816894531,57.709999084472656,57.709999084472656,371400
2021-04-08,57.68000030517578,59.02000045776367,57.33000183105469,58.93000030517578,58.93000030517578,313800
2021-04-09,58.709999084472656,59.86000061035156,58.45000076293945,59.709999084472656,59.709999084472656,424600
2021-04-12,60.0,60.13999938964844,59.08000183105469,59.43000030517578,59.43000030517578,258800
2021-04-13,59.5,59.5,57.84000015258789,58.900001525878906,58.900001525878906,364600
2021-04-14,59.060001373291016,60.040000915527344,58.439998626708984,58.869998931884766,58.869998931884766,349000
2021-04-15,59.459999084472656,60.31999969482422,58.40999984741211,60.279998779296875,60.279998779296875,308100
2021-04-16,60.709999084472656,62.2400016784668,60.16999816894531,62.119998931884766,62.119998931884766,518400
2021-04-19,62.29999923706055,62.709999084472656,60.31999969482422,60.84000015258789,60.84000015258789,704100
2021-04-20,60.34000015258789,61.439998626708984,59.209999084472656,60.70000076293945,60.70000076293945,457800
2021-04-21,60.5099983215332,62.65999984741211,60.290000915527344,62.54999923706055,62.54999923706055,416400
2021-04-22,62.91999816894531,63.0,61.02000045776367,61.52000045776367,61.52000045776367,476800
2021-04-23,61.880001068115234,62.779998779296875,60.650001525878906,62.189998626708984,62.189998626708984,331900
2021-04-26,62.720001220703125,62.84000015258789,61.630001068115234,61.68000030517578,61.68000030517578,345600
2021-04-27,61.38999938964844,62.4900016784668,60.86000061035156,61.36000061035156,61.36000061035156,410900
2021-04-28,61.27000045776367,61.970001220703125,60.4900016784668,61.619998931884766,61.619998931884766,448200
2021-04-29,61.54999923706055,63.060001373291016,60.16999816894531,61.40999984741211,61.40999984741211,570100
2021-04-30,61.31999969482422,62.869998931884766,60.220001220703125,60.91999816894531,60.91999816894531,736600
2021-05-03,62.11000061035156,62.63999938964844,60.650001525878906,62.09000015258789,62.09000015258789,719800
2021-05-04,61.52000045776367,62.38999938964844,61.11000061035156,62.279998779296875,62.279998779296875,311600
2021-05-05,62.5,62.880001068115234,61.33000183105469,62.7599983215332,62.7599983215332,333300
2021-05-06,62.7400016784668,63.90999984741211,62.220001220703125,63.83000183105469,63.83000183105469,386900
2021-05-07,63.7599983215332,64.58999633789062,63.689998626708984,63.97999954223633,63.97999954223633,291000
2021-05-10,64.16000366210938,64.72000122070312,63.40999984741211,63.41999816894531,63.41999816894531,292200
2021-05-11,62.47999954223633,63.61000061035156,62.209999084472656,62.91999816894531,62.91999816894531,322200
2021-05-12,62.54999923706055,63.38999938964844,61.439998626708984,61.66999816894531,61.66999816894531,370500
2021-05-13,61.689998626708984,63.939998626708984,61.689998626708984,63.52000045776367,63.52000045776367,591200
2021-05-14,63.88999938964844,65.8499984741211,63.709999084472656,65.62000274658203,65.62000274658203,592500
2021-05-17,65.33000183105469,65.3499984741211,63.459999084472656,63.5,63.5,448300
2021-05-18,63.349998474121094,64.13999938964844,61.58000183105469,61.599998474121094,61.599998474121094,512000
2021-05-19,61.060001373291016,62.13999938964844,60.119998931884766,62.06999969482422,62.06999969482422,391800
2021-05-20,62.310001373291016,62.810001373291016,61.529998779296875,62.459999084472656,62.459999084472656,309700
2021-05-21,62.900001525878906,63.540000915527344,62.09000015258789,62.13999938964844,62.13999938964844,238800
2021-05-24,62.65999984741211,62.970001220703125,61.900001525878906,62.75,62.75,204600
2021-05-25,63.20000076293945,63.5099983215332,61.869998931884766,62.09000015258789,62.09000015258789,372700
2021-05-26,62.5,63.720001220703125,62.20000076293945,63.529998779296875,63.529998779296875,316800
2021-05-27,64.16999816894531,64.5,63.560001373291016,63.7400016784668,63.7400016784668,465300
2021-05-28,64.0999984741211,64.6500015258789,63.38999938964844,64.36000061035156,64.36000061035156,212900
2021-06-01,64.5,65.01000213623047,64.2300033569336,64.5999984741211,64.5999984741211,275200
2021-06-02,65.01000213623047,65.4800033569336,63.790000915527344,64.02999877929688,64.02999877929688,441200
2021-06-03,63.810001373291016,65.11000061035156,62.90999984741211,65.01000213623047,65.01000213623047,314800
2021-06-04,65.33999633789062,65.8499984741211,64.98999786376953,65.5999984741211,65.5999984741211,318600
2021-06-07,65.69999694824219,66.33999633789062,65.23999786376953,65.44999694824219,65.44999694824219,370700
2021-06-08,65.70999908447266,66.83000183105469,65.0,66.77999877929688,66.77999877929688,366100
2021-06-09,67.0,67.19000244140625,65.94000244140625,66.16999816894531,66.16999816894531,304300
2021-06-10,66.56999969482422,67.33000183105469,65.9000015258789,67.11000061035156,67.11000061035156,208000
2021-06-11,67.4800033569336,67.98999786376953,66.86000061035156,67.80000305175781,67.80000305175781,214900
2021-06-14,68.0,68.0,66.25,66.75,66.75,449200
2021-06-15,66.58000183105469,67.44000244140625,65.48999786376953,65.70999908447266,65.70999908447266,460900
2021-06-16,65.30000305175781,65.58000183105469,63.93000030517578,64.29000091552734,64.29000091552734,487900
2021-06-17,63.779998779296875,64.6500015258789,62.630001068115234,63.130001068115234,63.130001068115234,601600
2021-06-18,62.15999984741211,62.47999954223633,61.0,61.560001373291016,61.560001373291016,832200
2021-06-21,62.0099983215332,64.05000305175781,62.0099983215332,63.95000076293945,63.95000076293945,340900
2021-06-22,64.08999633789062,64.62999725341797,63.619998931884766,64.47000122070312,64.47000122070312,389900
2021-06-23,64.33000183105469,64.58000183105469,63.900001525878906,64.12000274658203,64.12000274658203,199800
2021-06-24,64.38999938964844,64.55999755859375,63.720001220703125,63.90999984741211,63.90999984741211,182800
2021-06-25,63.86000061035156,65.5999984741211,63.4900016784668,65.55999755859375,65.55999755859375,637700
2021-06-28,65.58000183105469,65.58000183105469,63.63999938964844,64.05000305175781,64.05000305175781,245700
2021-06-29,64.33999633789062,64.80000305175781,63.099998474121094,63.47999954223633,63.47999954223633,256700
2021-06-30,63.20000076293945,63.689998626708984,62.150001525878906,62.75,62.75,523700
2021-07-01,62.9900016784668,64.16000366210938,62.689998626708984,63.540000915527344,63.540000915527344,429000
2021-07-02,63.43000030517578,63.689998626708984,62.65999984741211,63.439998626708984,63.439998626708984,338200
2021-07-06,63.59000015258789,63.720001220703125,61.86000061035156,62.58000183105469,62.58000183105469,733200
2021-07-07,62.5099983215332,63.68000030517578,62.5099983215332,63.369998931884766,63.369998931884766,385600
2021-07-08,62.33000183105469,62.900001525878906,61.66999816894531,62.36000061035156,62.36000061035156,327100
2021-07-09,62.939998626708984,63.43000030517578,62.36000061035156,63.22999954223633,63.22999954223633,296900
2021-07-12,62.77000045776367,63.650001525878906,62.65999984741211,63.25,63.25,197000
2021-07-13,63.09000015258789,64.08999633789062,61.33000183105469,61.40999984741211,61.40999984741211,311500
2021-07-14,61.86000061035156,62.0,60.5,60.63999938964844,60.63999938964844,262300
2021-07-15,60.11000061035156,60.81999969482422,59.5,60.38999938964844,60.38999938964844,368300
2021-07-16,60.630001068115234,61.02000045776367,59.06999969482422,59.189998626708984,59.189998626708984,310400
2021-07-19,58.13999938964844,59.599998474121094,57.4900016784668,58.33000183105469,58.33000183105469,457000
2021-07-20,59.15999984741211,62.06999969482422,59.15999984741211,61.34000015258789,61.34000015258789,526000
2021-07-21,61.650001525878906,62.72999954223633,59.90999984741211,61.9900016784668,61.9900016784668,405100
2021-07-22,61.75,62.16999816894531,60.0099983215332,61.130001068115234,61.130001068115234,391200
2021-07-23,61.43000030517578,61.90999984741211,60.91999816894531,61.58000183105469,61.58000183105469,235400
2021-07-26,61.43000030517578,62.20000076293945,60.41999816894531,61.529998779296875,61.529998779296875,205900
2021-07-27,61.7599983215332,61.880001068115234,60.81999969482422,61.459999084472656,61.459999084472656,226800
2021-07-28,61.54999923706055,62.349998474121094,60.630001068115234,61.77000045776367,61.77000045776367,212000
2021-07-29,62.36000061035156,62.5099983215332,61.529998779296875,61.66999816894531,61.66999816894531,401600
2021-07-30,61.34000015258789,62.560001373291016,60.7400016784668,61.720001220703125,61.720001220703125,308800
2021-08-02,61.88999938964844,63.13999938964844,60.810001373291016,61.7400016784668,61.7400016784668,441000
2021-08-03,62.880001068115234,63.86000061035156,61.130001068115234,63.619998931884766,63.619998931884766,572500
2021-08-04,63.11000061035156,63.65999984741211,61.939998626708984,62.5,62.5,392000
2021-08-05,62.689998626708984,62.869998931884766,61.529998779296875,62.2400016784668,62.2400016784668,300600
2021-08-06,62.43000030517578,62.91999816894531,61.900001525878906,62.52000045776367,62.52000045776367,219000
2021-08-09,62.209999084472656,62.95000076293945,61.77000045776367,62.900001525878906,62.900001525878906,292500
2021-08-10,62.900001525878906,63.689998626708984,62.599998474121094,63.09000015258789,63.09000015258789,351800
2021-08-11,63.40999984741211,64.54000091552734,62.060001373291016,64.12000274658203,64.12000274658203,474600
2021-08-12,63.27000045776367,63.61000061035156,62.81999969482422,63.20000076293945,63.20000076293945,289900
2021-08-13,63.380001068115234,63.779998779296875,61.689998626708984,61.900001525878906,61.900001525878906,472300
2021-08-16,61.790000915527344,63.02000045776367,60.939998626708984,62.7599983215332,62.7599983215332,392500
2021-08-17,62.02000045776367,62.709999084472656,61.650001525878906,62.560001373291016,62.560001373291016,519300
2021-08-18,62.2400016784668,62.650001525878906,59.529998779296875,59.650001525878906,59.650001525878906,546100
2021-08-19,59.08000183105469,60.709999084472656,59.08000183105469,60.619998931884766,60.619998931884766,410200
2021-08-20,60.68000030517578,63.380001068115234,60.279998779296875,63.220001220703125,63.220001220703125,520200
2021-08-23,63.290000915527344,64.27999877929688,62.47999954223633,63.439998626708984,63.439998626708984,381700
2021-08-24,63.400001525878906,64.36000061035156,62.099998474121094,64.16999816894531,64.16999816894531,189700
2021-08-25,64.19000244140625,65.61000061035156,64.01000213623047,64.33999633789062,64.33999633789062,309800
2021-08-26,64.48999786376953,64.52999877929688,63.72999954223633,64.26000213623047,64.26000213623047,237200
2021-08-27,64.52999877929688,66.12999725341797,64.36000061035156,66.08000183105469,66.08000183105469,325500
2021-08-30,66.23999786376953,66.97000122070312,65.66999816894531,66.30000305175781,66.30000305175781,307900
2021-08-31,66.3499984741211,66.93000030517578,65.80000305175781,66.12000274658203,66.12000274658203,299100
2021-09-01,66.30000305175781,66.98999786376953,65.22000122070312,66.62999725341797,66.62999725341797,280100
2021-09-02,66.87000274658203,68.30000305175781,66.66000366210938,68.26000213623047,68.26000213623047,315500
2021-09-03,67.88999938964844,68.6500015258789,67.88999938964844,68.16000366210938,68.16000366210938,285500
2021-09-07,68.01000213623047,68.12000274658203,66.5999984741211,66.66000366210938,66.66000366210938,252900
2021-09-08,66.27999877929688,66.56999969482422,64.66999816894531,65.93000030517578,65.93000030517578,667500
2021-09-09,66.05999755859375,67.43000030517578,65.5999984741211,65.69999694824219,65.69999694824219,252500
2021-09-10,66.5,66.66999816894531,64.55999755859375,64.66000366210938,64.66000366210938,256000
2021-09-13,65.33000183105469,65.33000183105469,64.0,65.0199966430664,65.0199966430664,197500
2021-09-14,65.06999969482422,65.66999816894531,60.31999969482422,60.47999954223633,60.47999954223633,1144200
2021-09-15,56.70000076293945,60.869998931884766,56.70000076293945,59.7400016784668,59.7400016784668,513600
2021-09-16,59.849998474121094,60.369998931884766,58.7400016784668,59.36000061035156,59.36000061035156,651400
2021-09-17,59.470001220703125,61.2400016784668,59.470001220703125,61.220001220703125,61.220001220703125,1489900
2021-09-20,61.36000061035156,63.36000061035156,59.810001373291016,63.209999084472656,63.209999084472656,811900
2021-09-21,63.75,63.97999954223633,62.529998779296875,63.7400016784668,63.7400016784668,362200
2021-09-22,63.95000076293945,66.2300033569336,63.540000915527344,65.5,65.5,564500
2021-09-23,66.12999725341797,66.19999694824219,64.80000305175781,65.1500015258789,65.1500015258789,331200
2021-09-24,65.27999877929688,65.93000030517578,64.68000030517578,65.1500015258789,65.1500015258789,352300
2021-09-27,65.47000122070312,66.80999755859375,65.2300033569336,65.58999633789062,65.58999633789062,390500
2021-09-28,65.11000061035156,65.75,64.25,64.56999969482422,64.56999969482422,653900
2021-09-29,64.69999694824219,64.87000274658203,63.959999084472656,64.25,64.25,162600
2021-09-30,64.66000366210938,64.76000213623047,63.43000030517578,63.779998779296875,63.779998779296875,502100
2021-10-01,65.48999786376953,65.9000015258789,63.560001373291016,65.48999786376953,65.48999786376953,281800
2021-10-04,65.16000366210938,66.7699966430664,64.2300033569336,64.56999969482422,64.56999969482422,523000
2021-10-05,63.25,63.459999084472656,60.52000045776367,61.060001373291016,61.060001373291016,1204000
2021-10-06,61.33000183105469,61.33000183105469,59.349998474121094,60.63999938964844,60.63999938964844,427600
2021-10-07,60.61000061035156,61.91999816894531,59.939998626708984,60.13999938964844,60.13999938964844,578000
2021-10-08,60.13999938964844,61.16999816894531,57.970001220703125,58.119998931884766,58.119998931884766,382400
2021-10-11,58.060001373291016,58.119998931884766,56.22999954223633,56.41999816894531,56.41999816894531,413400
2021-10-12,56.7599983215332,57.119998931884766,56.099998474121094,56.220001220703125,56.220001220703125,307400
2021-10-13,56.060001373291016,56.36000061035156,55.099998474121094,55.150001525878906,55.150001525878906,347800
2021-10-14,55.939998626708984,56.63999938964844,55.380001068115234,55.709999084472656,55.709999084472656,318900
2021-10-15,56.09000015258789,57.630001068115234,56.09000015258789,56.88999938964844,56.88999938964844,304700
2021-10-18,56.599998474121094,56.91999816894531,56.0,56.529998779296875,56.529998779296875,348400
2021-10-19,56.959999084472656,57.47999954223633,56.400001525878906,56.7599983215332,56.7599983215332,290200
2021-10-20,57.040000915527344,58.130001068115234,56.41999816894531,57.189998626708984,57.189998626708984,258200
2021-10-21,57.40999984741211,58.04999923706055,56.77000045776367,57.95000076293945,57.95000076293945,316100
2021-10-22,57.56999969482422,58.220001220703125,56.65999984741211,57.75,57.75,322800
2021-10-25,57.4900016784668,57.70000076293945,56.09000015258789,56.22999954223633,56.22999954223633,390000
2021-10-26,55.5,57.16999816894531,54.40999984741211,55.939998626708984,55.939998626708984,669600
2021-10-27,55.97999954223633,56.939998626708984,55.619998931884766,56.119998931884766,56.119998931884766,560700
2021-10-28,56.56999969482422,58.869998931884766,56.5099983215332,58.380001068115234,58.380001068115234,720600
2021-10-29,60.5,62.459999084472656,60.45000076293945,62.0,62.0,1160500
2021-11-01,61.75,63.38999938964844,61.290000915527344,63.20000076293945,63.20000076293945,503500
2021-11-02,62.9900016784668,63.25,62.189998626708984,62.7400016784668,62.7400016784668,649400
2021-11-03,62.189998626708984,62.70000076293945,61.2400016784668,62.18000030517578,62.18000030517578,492300
2021-11-04,62.060001373291016,62.4900016784668,61.619998931884766,62.40999984741211,62.40999984741211,359100
2021-11-05,62.79999923706055,65.5,62.7599983215332,64.22000122070312,64.22000122070312,475900
2021-11-08,64.04000091552734,64.87999725341797,63.41999816894531,64.30000305175781,64.30000305175781,287600
2021-11-09,64.45999908447266,64.70999908447266,63.54999923706055,64.16000366210938,64.16000366210938,345100
2021-11-10,64.19999694824219,65.25,64.11000061035156,64.16999816894531,64.16999816894531,378700
2021-11-11,64.0999984741211,64.41999816894531,63.650001525878906,63.939998626708984,63.939998626708984,291900
2021-11-12,64.02999877929688,65.22000122070312,63.54999923706055,64.7300033569336,64.7300033569336,270900
2021-11-15,64.88999938964844,65.52999877929688,64.52999877929688,64.91000366210938,64.91000366210938,375800
2021-11-16,64.73999786376953,65.51000213623047,64.20999908447266,65.1500015258789,65.1500015258789,303700
2021-11-17,64.69000244140625,65.4800033569336,64.12000274658203,65.20999908447266,65.20999908447266,254700
2021-11-18,65.1500015258789,65.62000274658203,63.68000030517578,64.62000274658203,64.62000274658203,323500
2021-11-19,64.22000122070312,64.76000213623047,61.52000045776367,61.91999816894531,61.91999816894531,474000
2021-11-22,62.04999923706055,62.779998779296875,61.349998474121094,61.689998626708984,61.689998626708984,291700
2021-11-23,61.58000183105469,61.61000061035156,60.43000030517578,60.86000061035156,60.86000061035156,323700
2021-11-24,60.63999938964844,61.52000045776367,60.369998931884766,61.25,61.25,254600
2021-11-26,59.7599983215332,59.95000076293945,57.599998474121094,57.810001373291016,57.810001373291016,193000
2021-11-29,58.38999938964844,58.650001525878906,56.5,56.599998474121094,56.599998474121094,359800
2021-11-30,56.36000061035156,57.06999969482422,55.5,56.16999816894531,56.16999816894531,343000
2021-12-01,56.90999984741211,57.560001373291016,53.66999816894531,53.7599983215332,53.7599983215332,866400
2021-12-02,54.290000915527344,57.540000915527344,54.290000915527344,57.2400016784668,57.2400016784668,441800
2021-12-03,57.189998626708984,57.189998626708984,55.279998779296875,56.189998626708984,56.189998626708984,358800
2021-12-06,57.0099983215332,57.91999816894531,56.15999984741211,56.91999816894531,56.91999816894531,480500
2021-12-07,57.38999938964844,59.720001220703125,56.900001525878906,59.02000045776367,59.02000045776367,570300
2021-12-08,59.16999816894531,59.70000076293945,58.5,59.45000076293945,59.45000076293945,266000
2021-12-09,59.130001068115234,59.709999084472656,57.189998626708984,58.209999084472656,58.209999084472656,228100
2021-12-10,58.58000183105469,59.59000015258789,57.83000183105469,58.70000076293945,58.70000076293945,323000
2021-12-13,58.5099983215332,59.529998779296875,57.84000015258789,57.970001220703125,57.970001220703125,259500
2021-12-14,57.279998779296875,58.06999969482422,56.279998779296875,56.849998474121094,56.849998474121094,717600
2021-12-15,56.790000915527344,57.9900016784668,55.70000076293945,57.939998626708984,57.939998626708984,456600
2021-12-16,58.22999954223633,58.709999084472656,56.22999954223633,56.25,56.25,280300
2021-12-17,56.400001525878906,58.91999816894531,55.65999984741211,57.91999816894531,57.91999816894531,1287300
2021-12-20,56.689998626708984,57.56999969482422,54.630001068115234,56.41999816894531,56.41999816894531,446200
2021-12-21,57.04999923706055,58.72999954223633,57.04999923706055,58.13999938964844,58.13999938964844,289300
2021-12-22,58.2400016784668,59.209999084472656,55.849998474121094,58.7599983215332,58.7599983215332,249600
2021-12-23,59.0099983215332,59.540000915527344,58.540000915527344,59.119998931884766,59.119998931884766,177000
2021-12-27,59.150001525878906,59.27000045776367,58.369998931884766,59.22999954223633,59.22999954223633,221000
2021-12-28,59.33000183105469,60.33000183105469,58.400001525878906,60.04999923706055,60.04999923706055,210400
2021-12-29,60.18000030517578,60.68000030517578,59.599998474121094,59.7599983215332,59.7599983215332,138100
2021-12-30,59.7400016784668,61.279998779296875,59.7400016784668,60.130001068115234,60.130001068115234,164400
2021-12-31,60.29999923706055,60.880001068115234,60.150001525878906,60.70000076293945,60.70000076293945,336300
2022-01-03,60.90999984741211,61.66999816894531,59.22999954223633,60.279998779296875,60.279998779296875,484900
2022-01-04,60.959999084472656,61.47999954223633,60.18000030517578,60.34000015258789,60.34000015258789,379700
2022-01-05,60.130001068115234,61.16999816894531,58.7599983215332,58.869998931884766,58.869998931884766,537700
2022-01-06,60.220001220703125,60.220001220703125,57.72999954223633,57.900001525878906,57.900001525878906,483400
2022-01-07,58.06999969482422,59.38999938964844,56.34000015258789,56.36000061035156,56.36000061035156,761200
2022-01-10,56.25,56.279998779296875,54.869998931884766,55.61000061035156,55.61000061035156,781100
2022-01-11,55.59000015258789,57.349998474121094,54.2599983215332,57.34000015258789,57.34000015258789,656100
2022-01-12,57.029998779296875,57.88999938964844,55.0,55.61000061035156,55.61000061035156,479600
2022-01-13,56.20000076293945,58.04999923706055,55.4900016784668,56.97999954223633,56.97999954223633,696300
2022-01-14,56.63999938964844,57.689998626708984,56.290000915527344,57.630001068115234,57.630001068115234,530200
2022-01-18,56.849998474121094,57.060001373291016,54.38999938964844,54.5099983215332,54.5099983215332,469400
2022-01-19,54.869998931884766,55.27000045776367,53.5099983215332,53.79999923706055,53.79999923706055,389700
2022-01-20,54.08000183105469,55.63999938964844,53.13999938964844,53.29999923706055,53.29999923706055,300500
2022-01-21,53.36000061035156,54.0099983215332,52.31999969482422,53.040000915527344,53.040000915527344,394200
2022-01-24,52.27000045776367,55.08000183105469,51.709999084472656,54.790000915527344,54.790000915527344,511800
2022-01-25,54.060001373291016,54.20000076293945,52.47999954223633,53.15999984741211,53.15999984741211,333900
2022-01-26,53.66999816894531,54.279998779296875,52.08000183105469,52.63999938964844,52.63999938964844,318100
2022-01-27,52.70000076293945,53.119998931884766,50.84000015258789,50.849998474121094,50.849998474121094,391300
2022-01-28,50.709999084472656,52.369998931884766,50.06999969482422,52.310001373291016,52.310001373291016,378200
2022-01-31,51.54999923706055,52.81999969482422,51.369998931884766,52.650001525878906,52.650001525878906,535500
2022-02-01,52.7400016784668,53.369998931884766,52.06999969482422,53.040000915527344,53.040000915527344,423100
2022-02-02,53.04999923706055,53.68000030517578,51.869998931884766,53.5,53.5,385900
2022-02-03,53.040000915527344,54.040000915527344,52.27000045776367,52.529998779296875,52.529998779296875,385600
2022-02-04,51.93000030517578,52.720001220703125,50.529998779296875,52.13999938964844,52.13999938964844,402400
2022-02-07,51.939998626708984,52.2599983215332,50.41999816894531,50.61000061035156,50.61000061035156,444300
2022-02-08,50.650001525878906,52.83000183105469,50.22999954223633,51.70000076293945,51.70000076293945,581000
2022-02-09,52.439998626708984,53.72999954223633,52.439998626708984,53.380001068115234,53.380001068115234,331800
2022-02-10,52.5099983215332,54.4900016784668,52.31999969482422,52.90999984741211,52.90999984741211,419400
2022-02-11,53.15999984741211,53.4900016784668,51.349998474121094,51.79999923706055,51.79999923706055,320400
2022-02-14,51.939998626708984,53.189998626708984,51.91999816894531,52.40999984741211,52.40999984741211,474700
2022-02-15,53.099998474121094,54.83000183105469,52.77000045776367,54.66999816894531,54.66999816894531,289800
2022-02-16,54.20000076293945,54.970001220703125,53.75,54.84000015258789,54.84000015258789,388200
2022-02-17,54.29999923706055,54.41999816894531,53.36000061035156,53.810001373291016,53.810001373291016,397100
2022-02-18,53.869998931884766,54.63999938964844,52.810001373291016,52.93000030517578,52.93000030517578,225900
2022-02-22,52.54999923706055,53.38999938964844,52.15999984741211,52.79999923706055,52.79999923706055,256600
2022-02-23,53.11000061035156,53.380001068115234,52.060001373291016,52.529998779296875,52.529998779296875,424900
2022-02-24,51.09000015258789,53.5099983215332,50.470001220703125,53.400001525878906,53.400001525878906,396800
2022-02-25,53.86000061035156,57.099998474121094,53.86000061035156,56.91999816894531,56.91999816894531,568400
2022-02-28,55.79999923706055,56.880001068115234,55.29999923706055,56.709999084472656,56.709999084472656,798600
2022-03-01,59.70000076293945,62.83000183105469,57.79999923706055,60.63999938964844,60.63999938964844,1047300
2022-03-02,60.150001525878906,62.22999954223633,60.150001525878906,61.2400016784668,61.2400016784668,625200
2022-03-03,61.5,63.0,61.029998779296875,62.68000030517578,62.68000030517578,603400
2022-03-04,62.0099983215332,62.63999938964844,61.34000015258789,62.209999084472656,62.209999084472656,482800
2022-03-07,62.290000915527344,62.779998779296875,60.86000061035156,61.529998779296875,61.529998779296875,540200
2022-03-08,61.439998626708984,62.81999969482422,61.040000915527344,61.56999969482422,61.56999969482422,405100
2022-03-09,62.369998931884766,64.80000305175781,62.029998779296875,63.86000061035156,63.86000061035156,557200
2022-03-10,62.709999084472656,65.3499984741211,62.31999969482422,64.37000274658203,64.37000274658203,662800
2022-03-11,64.44999694824219,65.8499984741211,64.29000091552734,64.95999908447266,64.95999908447266,646500
2022-03-14,64.9800033569336,66.05999755859375,63.630001068115234,64.2300033569336,64.2300033569336,816500
2022-03-15,64.2300033569336,65.22000122070312,63.43000030517578,64.33999633789062,64.33999633789062,365900
2022-03-16,65.01000213623047,65.87000274658203,64.0999984741211,65.80999755859375,65.80999755859375,345500
2022-03-17,65.29000091552734,66.48999786376953,65.29000091552734,66.33000183105469,66.33000183105469,360400
2022-03-18,66.30999755859375,66.62000274658203,65.13999938964844,65.76000213623047,65.76000213623047,949400
2022-03-21,65.66999816894531,65.83999633789062,64.80000305175781,65.16999816894531,65.16999816894531,446000
2022-03-22,65.0199966430664,66.05999755859375,65.0199966430664,65.2300033569336,65.2300033569336,428600
2022-03-23,65.19999694824219,65.19999694824219,64.18000030517578,64.4800033569336,64.4800033569336,427400
2022-03-24,64.91000366210938,64.93000030517578,64.18000030517578,64.77999877929688,64.77999877929688,427000
2022-03-25,65.16000366210938,65.91000366210938,64.33999633789062,65.88999938964844,65.88999938964844,505300
2022-03-28,65.87000274658203,66.88999938964844,65.33000183105469,66.87999725341797,66.87999725341797,295500
2022-03-29,67.41999816894531,68.47000122070312,67.13999938964844,68.05000305175781,68.05000305175781,646400
2022-03-30,67.69000244140625,68.05999755859375,65.08999633789062,65.63999938964844,65.63999938964844,1065800
2022-03-31,65.79000091552734,66.58000183105469,65.51000213623047,65.52999877929688,65.52999877929688,913800
2022-04-01,65.79000091552734,67.31999969482422,65.37999725341797,67.18000030517578,67.18000030517578,724300
2022-04-04,67.43000030517578,67.76000213623047,65.63999938964844,66.38999938964844,66.38999938964844,673800
2022-04-05,66.26000213623047,67.54000091552734,66.1500015258789,67.0199966430664,67.0199966430664,902600
2022-04-06,66.58000183105469,68.5999984741211,66.30000305175781,68.38999938964844,68.38999938964844,773600
2022-04-07,68.55999755859375,71.01000213623047,67.72000122070312,70.91999816894531,70.91999816894531,918400
2022-04-08,71.87000274658203,74.86000061035156,71.25,73.95999908447266,73.95999908447266,1776200
2022-04-11,73.2699966430664,74.81999969482422,73.2699966430664,73.70999908447266,73.70999908447266,1076500
2022-04-12,73.58000183105469,75.25,73.58000183105469,74.69999694824219,74.69999694824219,964400
2022-04-13,74.9800033569336,76.13999938964844,74.55999755859375,75.02999877929688,75.02999877929688,848300
2022-04-14,75.0,76.62000274658203,74.98999786376953,75.0199966430664,75.0199966430664,373500
2022-04-18,74.73999786376953,75.41999816894531,73.43000030517578,73.80000305175781,73.80000305175781,547100
2022-04-19,73.63999938964844,75.54000091552734,73.47000122070312,74.3499984741211,74.3499984741211,527600
2022-04-20,74.54000091552734,76.69000244140625,74.54000091552734,75.91000366210938,75.91000366210938,463300
2022-04-21,76.2300033569336,76.38999938964844,74.5999984741211,74.83999633789062,74.83999633789062,370600
2022-04-22,73.81999969482422,73.81999969482422,67.88999938964844,68.01000213623047,68.01000213623047,1533400
2022-04-25,67.54000091552734,69.66000366210938,67.22000122070312,69.37000274658203,69.37000274658203,952700
2022-04-26,67.87999725341797,67.88999938964844,66.45999908447266,67.23999786376953,67.23999786376953,789300
2022-04-27,67.44000244140625,69.25,66.7699966430664,67.77999877929688,67.77999877929688,626700
2022-04-28,68.19999694824219,70.02999877929688,67.08000183105469,69.36000061035156,69.36000061035156,912800
2022-04-29,68.55000305175781,69.16999816894531,67.7300033569336,67.87999725341797,67.87999725341797,672000
2022-05-02,67.87000274658203,68.8499984741211,65.97000122070312,66.87000274658203,66.87000274658203,728200
2022-05-03,66.66999816894531,68.2300033569336,66.51000213623047,67.44000244140625,67.44000244140625,619400
2022-05-04,68.80999755859375,73.37999725341797,68.12999725341797,72.20999908447266,72.20999908447266,1723700
2022-05-05,71.0999984741211,72.33999633789062,69.33000183105469,70.94000244140625,70.94000244140625,643100
2022-05-06,70.37999725341797,71.94999694824219,69.62999725341797,70.44999694824219,70.44999694824219,638100
2022-05-09,69.38999938964844,69.66000366210938,65.83000183105469,66.13999938964844,66.13999938964844,893200
2022-05-10,66.80999755859375,67.48999786376953,64.69000244140625,66.94000244140625,66.94000244140625,752100
2022-05-11,67.02999877929688,68.5199966430664,66.11000061035156,66.37000274658203,66.37000274658203,773700
2022-05-12,66.0999984741211,68.2699966430664,65.63999938964844,67.6500015258789,67.6500015258789,597100
2022-05-13,68.2699966430664,70.69000244140625,67.83999633789062,70.58999633789062,70.58999633789062,555800
2022-05-16,70.23999786376953,70.9800033569336,69.22000122070312,70.75,70.75,401800
2022-05-17,71.30999755859375,73.7300033569336,70.9800033569336,73.69999694824219,73.69999694824219,475300
2022-05-18,72.63999938964844,73.19000244140625,69.13999938964844,69.4800033569336,69.4800033569336,634700
2022-05-19,68.94000244140625,70.62000274658203,68.13999938964844,70.0,70.0,456800
2022-05-20,70.95999908447266,71.0999984741211,68.5199966430664,70.3499984741211,70.3499984741211,408200
2022-05-23,71.19000244140625,71.19000244140625,68.83999633789062,70.16000366210938,70.16000366210938,432600
2022-05-24,69.58000183105469,71.69999694824219,68.72000122070312,70.91999816894531,70.91999816894531,265100
2022-05-25,70.5999984741211,72.38999938964844,70.12999725341797,72.04000091552734,72.04000091552734,443100
2022-05-26,72.26000213623047,72.9800033569336,71.55999755859375,71.91999816894531,71.91999816894531,399400
2022-05-27,72.25,72.83000183105469,71.58000183105469,72.29000091552734,72.29000091552734,355800
2022-05-31,71.73999786376953,73.19999694824219,71.05000305175781,71.16999816894531,71.16999816894531,718600
2022-06-01,71.73999786376953,72.08000183105469,68.55000305175781,68.93000030517578,68.93000030517578,421800
2022-06-02,69.11000061035156,71.19999694824219,68.23999786376953,71.1500015258789,71.1500015258789,362400
2022-06-03,70.79000091552734,71.91999816894531,69.80000305175781,70.94000244140625,70.94000244140625,226100
2022-06-06,70.01000213623047,71.7300033569336,69.43000030517578,70.22000122070312,70.22000122070312,330100
2022-06-07,69.79000091552734,71.44999694824219,69.30000305175781,71.13999938964844,71.13999938964844,367900
2022-06-08,70.55000305175781,71.18000030517578,69.2300033569336,69.94000244140625,69.94000244140625,270500
2022-06-09,69.63999938964844,70.11000061035156,68.18000030517578,68.58999633789062,68.58999633789062,320300
2022-06-10,67.54000091552734,69.05000305175781,66.9000015258789,68.2300033569336,68.2300033569336,360300
2022-06-13,66.5,66.93000030517578,65.3499984741211,65.86000061035156,65.86000061035156,480500
2022-06-14,66.30999755859375,66.30999755859375,63.20000076293945,63.689998626708984,63.689998626708984,635000
2022-06-15,63.7599983215332,66.26000213623047,63.7599983215332,65.94999694824219,65.94999694824219,633300
2022-06-16,64.16000366210938,66.63999938964844,64.16000366210938,66.1500015258789,66.1500015258789,1121800
2022-06-17,66.97000122070312,67.05000305175781,64.7300033569336,64.9000015258789,64.9000015258789,877500
2022-06-21,66.37000274658203,67.12000274658203,65.01000213623047,66.94999694824219,66.94999694824219,547500
2022-06-22,65.8499984741211,68.0999984741211,65.8499984741211,67.63999938964844,67.63999938964844,382600
2022-06-23,68.33000183105469,68.5199966430664,67.26000213623047,68.5,68.5,330200
2022-06-24,69.30999755859375,70.6500015258789,68.7699966430664,70.37000274658203,70.37000274658203,641100
2022-06-27,70.0999984741211,70.61000061035156,68.88999938964844,69.97000122070312,69.97000122070312,254500
2022-06-28,70.13999938964844,70.8499984741211,68.45999908447266,69.05000305175781,69.05000305175781,232000
2022-06-29,69.33999633789062,71.05000305175781,68.56999969482422,70.19999694824219,70.19999694824219,409600
2022-06-30,68.63999938964844,68.79000091552734,67.18000030517578,67.62999725341797,67.62999725341797,889100
2022-07-01,67.33999633789062,71.66999816894531,66.88999938964844,71.58000183105469,71.58000183105469,525600
2022-07-05,70.55999755859375,71.91000366210938,69.0,71.87000274658203,71.87000274658203,814100
2022-07-06,71.58999633789062,72.08000183105469,70.16000366210938,71.80000305175781,71.80000305175781,868700
2022-07-07,72.48999786376953,74.73999786376953,72.48999786376953,73.37999725341797,73.37999725341797,639900
2022-07-08,72.81999969482422,76.0,72.73999786376953,74.97000122070312,74.97000122070312,548900
2022-07-11,74.47000122070312,75.12999725341797,73.05000305175781,73.27999877929688,73.27999877929688,429400
2022-07-12,73.12000274658203,75.12000274658203,72.56999969482422,72.80000305175781,72.80000305175781,440800
2022-07-13,71.6500015258789,73.45999908447266,71.6500015258789,73.11000061035156,73.11000061035156,403900
2022-07-14,72.04000091552734,73.88999938964844,71.62000274658203,73.7300033569336,73.7300033569336,312200
2022-07-15,74.88999938964844,76.13999938964844,73.8499984741211,76.01000213623047,76.01000213623047,502500
2022-07-18,76.7699966430664,77.5,74.80999755859375,74.9800033569336,74.9800033569336,667400
2022-07-19,75.6500015258789,77.6500015258789,75.5,77.22000122070312,77.22000122070312,507500
2022-07-20,77.12999725341797,77.5199966430664,76.0999984741211,77.0,77.0,606100
2022-07-21,76.69000244140625,76.98999786376953,74.80999755859375,75.36000061035156,75.36000061035156,993200
2022-07-22,77.79000091552734,79.19000244140625,76.69000244140625,77.58999633789062,77.58999633789062,1064800
2022-07-25,77.54000091552734,78.8499984741211,76.86000061035156,78.62999725341797,78.62999725341797,648300
2022-07-26,78.87000274658203,79.66000366210938,78.38999938964844,78.8499984741211,78.8499984741211,840100
2022-07-27,78.5999984741211,79.20999908447266,77.51000213623047,78.48999786376953,78.48999786376953,812300
2022-07-28,81.7300033569336,82.0,78.02999877929688,81.68000030517578,81.68000030517578,932500
2022-07-29,80.75,83.62999725341797,80.56999969482422,82.91000366210938,82.91000366210938,910800
2022-08-01,83.37999725341797,83.37999725341797,81.58000183105469,81.93000030517578,81.93000030517578,521300
2022-08-02,81.5,82.16999816894531,80.97000122070312,81.12999725341797,81.12999725341797,562600
2022-08-03,81.31999969482422,82.38999938964844,80.70999908447266,81.94000244140625,81.94000244140625,407200
2022-08-04,82.0,82.02999877929688,80.47000122070312,80.76000213623047,80.76000213623047,409900
2022-08-05,80.30999755859375,81.43000030517578,79.7300033569336,81.37000274658203,81.37000274658203,454000
2022-08-08,81.05000305175781,82.0,80.69000244140625,81.08999633789062,81.08999633789062,469100
2022-08-09,80.62999725341797,81.3499984741211,79.01000213623047,79.58999633789062,79.58999633789062,517800
2022-08-10,80.5199966430664,81.20999908447266,79.94999694824219,81.1500015258789,81.1500015258789,419700
2022-08-11,80.83999633789062,82.51000213623047,80.83999633789062,81.41000366210938,81.41000366210938,303000
2022-08-12,81.38999938964844,82.66000366210938,81.25,82.61000061035156,82.61000061035156,484100
2022-08-15,82.2300033569336,82.80000305175781,80.22000122070312,82.62999725341797,82.62999725341797,408400
2022-08-16,82.55000305175781,82.86000061035156,81.56999969482422,81.75,81.75,426700
2022-08-17,81.0199966430664,81.79000091552734,80.54000091552734,81.48999786376953,81.48999786376953,305700
2022-08-18,81.94999694824219,82.6500015258789,81.4000015258789,82.63999938964844,82.63999938964844,483100
2022-08-19,82.19000244140625,82.98999786376953,82.0,82.36000061035156,82.36000061035156,508500
2022-08-22,81.44999694824219,82.91999816894531,81.44999694824219,82.87999725341797,82.87999725341797,562600
2022-08-23,82.87999725341797,84.91000366210938,82.87999725341797,83.0199966430664,83.0199966430664,979200
2022-08-24,82.56999969482422,84.11000061035156,82.06999969482422,84.06999969482422,84.06999969482422,503300
2022-08-25,84.58999633789062,85.30000305175781,83.93000030517578,85.2300033569336,85.2300033569336,527900
2022-08-26,85.37000274658203,86.02999877929688,82.4800033569336,82.63999938964844,82.63999938964844,783400
2022-08-29,81.77999877929688,84.9800033569336,81.1500015258789,84.11000061035156,84.11000061035156,592900
2022-08-30,84.0,84.22000122070312,82.7699966430664,82.94000244140625,82.94000244140625,690400
2022-08-31,82.93000030517578,85.02999877929688,81.5199966430664,81.93000030517578,81.93000030517578,972600
2022-09-01,81.45999908447266,81.45999908447266,78.7300033569336,81.33000183105469,81.33000183105469,591300
2022-09-02,81.44999694824219,82.2300033569336,79.7699966430664,80.11000061035156,80.11000061035156,648000
2022-09-06,80.4000015258789,82.36000061035156,79.87000274658203,80.13999938964844,80.13999938964844,485400
2022-09-07,80.02999877929688,83.62000274658203,79.66999816894531,83.02999877929688,83.02999877929688,455800
2022-09-08,82.58000183105469,83.80999755859375,81.88999938964844,83.7300033569336,83.7300033569336,564800
2022-09-09,84.01000213623047,84.31999969482422,82.48999786376953,83.6500015258789,83.6500015258789,603000
2022-09-12,84.05000305175781,86.75,84.0,86.7300033569336,86.7300033569336,545200
2022-09-13,85.19000244140625,85.4000015258789,83.06999969482422,83.4800033569336,83.4800033569336,513500
2022-09-14,83.62000274658203,84.97000122070312,82.6500015258789,83.88999938964844,83.88999938964844,602800
2022-09-15,83.81999969482422,84.75,83.5,83.80000305175781,83.80000305175781,447300
2022-09-16,83.41000366210938,84.91999816894531,82.87999725341797,84.16999816894531,84.16999816894531,1221700
2022-09-19,82.7300033569336,84.47000122070312,82.25,84.33999633789062,84.33999633789062,491100
2022-09-20,84.22000122070312,84.22000122070312,82.0999984741211,82.18000030517578,82.18000030517578,473900
2022-09-21,82.69000244140625,82.69000244140625,79.75,80.02999877929688,80.02999877929688,728500
2022-09-22,80.02999877929688,80.02999877929688,77.72000122070312,79.0199966430664,79.0199966430664,609400
2022-09-23,78.11000061035156,78.11000061035156,75.6500015258789,77.79000091552734,77.79000091552734,643800
2022-09-26,77.80000305175781,78.22000122070312,76.41000366210938,77.06999969482422,77.06999969482422,575900
2022-09-27,77.51000213623047,77.70999908447266,75.9000015258789,76.72000122070312,76.72000122070312,728300
2022-09-28,77.58000183105469,80.3499984741211,76.98999786376953,80.06999969482422,80.06999969482422,469300
2022-09-29,79.06999969482422,80.01000213623047,77.76000213623047,79.9000015258789,79.9000015258789,515600
2022-09-30,79.94000244140625,81.0,78.02999877929688,78.18000030517578,78.18000030517578,815800
2022-10-03,79.37999725341797,81.47000122070312,78.69999694824219,81.05000305175781,81.05000305175781,693800
2022-10-04,81.97000122070312,83.94999694824219,81.97000122070312,83.87999725341797,83.87999725341797,603300
2022-10-05,83.30999755859375,83.58999633789062,82.12999725341797,83.12000274658203,83.12000274658203,420400
2022-10-06,83.04000091552734,84.06999969482422,82.30999755859375,82.77999877929688,82.77999877929688,339100
2022-10-07,81.8499984741211,81.8499984741211,79.44999694824219,80.16999816894531,80.16999816894531,478300
2022-10-10,80.4000015258789,81.04000091552734,79.47000122070312,79.91000366210938,79.91000366210938,413100
2022-10-11,79.2699966430664,81.2699966430664,79.11000061035156,80.26000213623047,80.26000213623047,526000
2022-10-12,80.5199966430664,80.62999725341797,79.47000122070312,80.41999816894531,80.41999816894531,381300
2022-10-13,79.41999816894531,82.87999725341797,78.54000091552734,82.37999725341797,82.37999725341797,420800
2022-10-14,82.86000061035156,83.23999786376953,80.0,80.19000244140625,80.19000244140625,421000
2022-10-17,80.70999908447266,82.9000015258789,80.58000183105469,82.38999938964844,82.38999938964844,426800
2022-10-18,84.3499984741211,84.91000366210938,81.98999786376953,82.77999877929688,82.77999877929688,530000
2022-10-19,82.19999694824219,82.43000030517578,80.2300033569336,80.58999633789062,80.58999633789062,419300
2022-10-20,81.25,81.47000122070312,79.62000274658203,79.93000030517578,79.93000030517578,662500
2022-10-21,75.87999725341797,78.04000091552734,73.58000183105469,77.51000213623047,77.51000213623047,1534700
2022-10-24,78.73999786376953,79.87000274658203,78.0999984741211,78.4800033569336,78.4800033569336,598600
2022-10-25,78.43000030517578,81.0199966430664,78.43000030517578,79.69000244140625,79.69000244140625,575000
2022-10-26,79.97000122070312,83.12000274658203,79.55000305175781,81.6500015258789,81.6500015258789,767100
2022-10-27,82.16000366210938,82.87999725341797,81.58999633789062,82.30999755859375,82.30999755859375,534200
2022-10-28,82.11000061035156,83.2300033569336,81.55000305175781,83.05000305175781,83.05000305175781,944300
2022-10-31,82.11000061035156,83.29000091552734,79.87000274658203,81.30000305175781,81.30000305175781,1058700
2022-11-01,82.54000091552734,82.7300033569336,78.33000183105469,80.25,80.25,1302200
2022-11-02,80.55000305175781,81.58999633789062,77.80000305175781,77.94999694824219,77.94999694824219,601700
2022-11-03,76.91000366210938,78.79000091552734,76.08000183105469,77.45999908447266,77.45999908447266,532200
2022-11-04,78.23999786376953,79.86000061035156,77.19999694824219,78.48999786376953,78.48999786376953,556400
2022-11-07,78.12999725341797,79.05999755859375,77.20999908447266,78.47000122070312,78.47000122070312,528800
2022-11-08,78.91999816894531,80.66999816894531,77.5,79.25,79.25,665800
2022-11-09,78.83000183105469,81.62000274658203,78.51000213623047,81.51000213623047,81.51000213623047,661300
2022-11-10,84.0,85.16000366210938,82.61000061035156,84.47000122070312,84.47000122070312,627900
2022-11-11,84.55999755859375,84.98999786376953,80.22000122070312,80.68000030517578,80.68000030517578,1009700
2022-11-14,80.47000122070312,81.97000122070312,80.02999877929688,80.87999725341797,80.87999725341797,669400
2022-11-15,81.6500015258789,82.16999816894531,79.62999725341797,81.16000366210938,81.16000366210938,743600
2022-11-16,81.2300033569336,82.01000213623047,79.69999694824219,81.41000366210938,81.41000366210938,493000
2022-11-17,80.98999786376953,81.86000061035156,79.8499984741211,80.98999786376953,80.98999786376953,453700
2022-11-18,82.33999633789062,84.0,82.08000183105469,83.33999633789062,83.33999633789062,359800
2022-11-21,82.83000183105469,84.9800033569336,82.83000183105469,84.83999633789062,84.83999633789062,507200
2022-11-22,85.86000061035156,88.16999816894531,85.11000061035156,86.76000213623047,86.76000213623047,786100
2022-11-23,87.1500015258789,88.0,85.73999786376953,86.55999755859375,86.55999755859375,679300
2022-11-25,86.97000122070312,87.29000091552734,86.08000183105469,86.4000015258789,86.4000015258789,224100
2022-11-28,85.62000274658203,85.97000122070312,83.87999725341797,84.18000030517578,84.18000030517578,441900
2022-11-29,84.18000030517578,86.08000183105469,83.37000274658203,86.0199966430664,86.0199966430664,487100
2022-11-30,86.0199966430664,89.8499984741211,85.66000366210938,89.05999755859375,89.05999755859375,1276000
2022-12-01,89.18000030517578,89.75,86.47000122070312,87.62000274658203,87.62000274658203,710700
2022-12-02,86.8499984741211,88.88999938964844,86.43000030517578,87.44000244140625,87.44000244140625,636600
2022-12-05,86.62000274658203,86.62000274658203,85.05999755859375,85.66000366210938,85.66000366210938,670200
2022-12-06,85.80000305175781,87.62000274658203,83.98999786376953,84.70999908447266,84.70999908447266,1064900
2022-12-07,84.70999908447266,87.12999725341797,81.73999786376953,81.94000244140625,81.94000244140625,1091000
2022-12-08,82.43000030517578,85.83999633789062,81.7300033569336,83.31999969482422,83.31999969482422,1083800
2022-12-09,82.83999633789062,83.76000213623047,82.19000244140625,82.25,82.25,502200
2022-12-12,82.73999786376953,83.56999969482422,81.93000030517578,82.94999694824219,82.94999694824219,557300
2022-12-13,84.51000213623047,85.0,83.12000274658203,84.25,84.25,528700
2022-12-14,84.70999908447266,85.75,83.88999938964844,85.2300033569336,85.2300033569336,468700
2022-12-15,84.47000122070312,85.31999969482422,84.01000213623047,84.86000061035156,84.86000061035156,602800
2022-12-16,84.19000244140625,85.23999786376953,83.08999633789062,84.69999694824219,84.69999694824219,1544200
2022-12-19,84.29000091552734,85.63999938964844,82.70999908447266,82.76000213623047,82.76000213623047,466400
2022-12-20,82.62999725341797,85.08999633789062,82.2699966430664,83.2300033569336,83.2300033569336,520600
2022-12-21,83.70999908447266,84.77999877929688,83.05000305175781,83.5199966430664,83.5199966430664,558800
2022-12-22,83.26000213623047,84.83000183105469,82.01000213623047,83.1500015258789,83.1500015258789,511900
2022-12-23,82.91999816894531,83.33999633789062,81.69000244140625,83.0,83.0,419100
2022-12-27,82.9000015258789,83.44000244140625,82.38999938964844,82.58000183105469,82.58000183105469,239800
2022-12-28,82.8499984741211,83.20999908447266,80.83000183105469,81.56999969482422,81.56999969482422,409900
2022-12-29,81.77999877929688,83.16999816894531,81.18000030517578,82.41999816894531,82.41999816894531,347200
2022-12-30,82.18000030517578,82.48999786376953,81.01000213623047,82.31999969482422,82.31999969482422,263800
2023-01-03,82.9800033569336,83.06999969482422,80.48999786376953,81.4800033569336,81.4800033569336,305500
2023-01-04,81.69999694824219,82.79000091552734,80.72000122070312,82.75,82.75,481800
2023-01-05,82.5,82.55000305175781,81.31999969482422,81.66999816894531,81.66999816894531,293600
2023-01-06,82.51000213623047,83.54000091552734,81.58000183105469,83.04000091552734,83.04000091552734,262600
2023-01-09,83.37000274658203,83.69000244140625,81.29000091552734,81.44999694824219,81.44999694824219,345200
2023-01-10,81.54000091552734,82.95999908447266,81.41999816894531,82.75,82.75,368300
2023-01-11,83.01000213623047,83.01000213623047,80.83000183105469,82.54000091552734,82.54000091552734,344900
2023-01-12,82.81999969482422,84.04000091552734,82.27999877929688,83.9800033569336,83.9800033569336,541800
2023-01-13,83.91999816894531,86.05000305175781,83.87999725341797,86.0,86.0,339900
2023-01-17,86.0999984741211,86.37000274658203,83.54000091552734,84.5199966430664,84.5199966430664,587600
2023-01-18,84.66999816894531,85.62999725341797,83.01000213623047,83.54000091552734,83.54000091552734,727900
2023-01-19,83.66000366210938,84.4000015258789,83.08000183105469,83.47000122070312,83.47000122070312,395200
2023-01-20,83.58999633789062,84.68000030517578,82.94000244140625,84.62000274658203,84.62000274658203,423300
2023-01-23,84.54000091552734,85.61000061035156,84.36000061035156,84.5199966430664,84.5199966430664,392300
2023-01-24,84.5,84.97000122070312,83.77999877929688,84.05999755859375,84.05999755859375,312900
2023-01-25,83.73999786376953,84.88999938964844,82.4800033569336,84.23999786376953,84.23999786376953,511800
2023-01-26,84.44999694824219,85.41000366210938,83.83999633789062,84.33999633789062,84.33999633789062,230000
2023-01-27,84.02999877929688,85.04000091552734,83.43000030517578,84.68000030517578,84.68000030517578,693800
2023-01-30,84.62000274658203,85.4000015258789,81.69999694824219,81.79000091552734,81.79000091552734,475900
2023-01-31,82.11000061035156,84.26000213623047,81.62000274658203,84.0199966430664,84.0199966430664,596700
2023-02-01,83.66999816894531,85.2699966430664,82.4800033569336,84.05999755859375,84.05999755859375,650000
2023-02-02,83.86000061035156,84.31999969482422,80.26000213623047,81.72000122070312,81.72000122070312,1179600
2023-02-03,81.76000213623047,82.47000122070312,80.25,80.95999908447266,80.95999908447266,760400
2023-02-06,80.81999969482422,81.05999755859375,79.16999816894531,80.26000213623047,80.26000213623047,686000
2023-02-07,79.87999725341797,81.33000183105469,78.43000030517578,81.11000061035156,81.11000061035156,600400
2023-02-08,81.4800033569336,82.77999877929688,80.44999694824219,81.12000274658203,81.12000274658203,603600
2023-02-09,81.47000122070312,82.83999633789062,80.16999816894531,80.26000213623047,80.26000213623047,355400
2023-02-10,80.26000213623047,81.94000244140625,80.02999877929688,81.30000305175781,81.30000305175781,495300
2023-02-13,81.41000366210938,81.52999877929688,80.73999786376953,81.0999984741211,81.0999984741211,332800
2023-02-14,80.87000274658203,81.52999877929688,80.33000183105469,80.88999938964844,80.88999938964844,363400
2023-02-15,80.56999969482422,81.41000366210938,79.87999725341797,81.19999694824219,81.19999694824219,398100
2023-02-16,80.97000122070312,82.56999969482422,79.41999816894531,81.73999786376953,81.73999786376953,331800
2023-02-17,81.48999786376953,82.7300033569336,81.29000091552734,82.05000305175781,82.05000305175781,315300
2023-02-21,81.80999755859375,82.16000366210938,80.4000015258789,80.87000274658203,80.87000274658203,384000
2023-02-22,81.12000274658203,81.94000244140625,80.4800033569336,80.66999816894531,80.66999816894531,384800
2023-02-23,80.83999633789062,81.29000091552734,79.86000061035156,80.48999786376953,80.48999786376953,369900
2023-02-24,80.0,80.75,79.4800033569336,80.25,80.25,394000
2023-02-27,80.01000213623047,81.08000183105469,79.0199966430664,80.48999786376953,80.48999786376953,720100
2023-02-28,77.73999786376953,77.73999786376953,71.58000183105469,72.51000213623047,72.51000213623047,3033100
2023-03-01,72.37999725341797,75.27999877929688,72.26000213623047,74.30999755859375,74.30999755859375,1305100
2023-03-02,74.01000213623047,74.19999694824219,72.27999877929688,72.75,72.75,755600
2023-03-03,72.95999908447266,75.04000091552734,72.66000366210938,74.43000030517578,74.43000030517578,820200
2023-03-06,73.44000244140625,74.1500015258789,72.69000244140625,73.33999633789062,73.33999633789062,974500
2023-03-07,73.31999969482422,73.33000183105469,70.66000366210938,71.95999908447266,71.95999908447266,1058900
2023-03-08,72.04000091552734,72.73999786376953,71.68000030517578,72.3499984741211,72.3499984741211,869200
2023-03-09,72.68000030517578,72.7300033569336,69.98999786376953,69.98999786376953,69.98999786376953,638900
2023-03-10,69.8499984741211,70.16000366210938,68.77999877929688,68.9800033569336,68.9800033569336,607900
2023-03-13,68.31999969482422,68.94999694824219,67.47000122070312,68.3499984741211,68.3499984741211,678800
2023-03-14,69.06999969482422,69.44000244140625,68.36000061035156,69.16000366210938,69.16000366210938,456900
2023-03-15,67.77999877929688,69.1500015258789,67.5,68.45999908447266,68.45999908447266,587600
2023-03-16,67.48999786376953,70.44999694824219,66.87000274658203,70.2300033569336,70.2300033569336,703300
2023-03-17,70.20999908447266,70.52999877929688,69.11000061035156,69.45999908447266,69.45999908447266,815800
2023-03-20,70.02999877929688,70.66000366210938,69.37000274658203,70.44999694824219,70.44999694824219,721000
2023-03-21,70.9800033569336,71.76000213623047,70.37000274658203,70.95999908447266,70.95999908447266,510900
2023-03-22,70.68000030517578,71.45999908447266,69.79000091552734,69.80000305175781,69.80000305175781,331300
2023-03-23,69.77999877929688,70.36000061035156,69.01000213623047,69.44000244140625,69.44000244140625,347600
2023-03-24,68.93000030517578,70.51000213623047,68.7300033569336,70.16000366210938,70.16000366210938,380900
2023-03-27,70.76000213623047,71.4800033569336,70.5,70.95999908447266,70.95999908447266,389300
2023-03-28,70.76000213623047,71.29000091552734,68.94999694824219,70.79000091552734,70.79000091552734,374100
2023-03-29,71.4000015258789,71.4000015258789,70.44000244140625,70.51000213623047,70.51000213623047,310100
2023-03-30,71.16999816894531,71.69000244140625,70.61000061035156,71.25,71.25,426700
2023-03-31,71.5999984741211,72.29000091552734,71.0,72.25,72.25,629800
2023-04-03,72.66999816894531,72.94999694824219,71.87999725341797,72.55000305175781,72.55000305175781,359900
2023-04-04,72.66000366210938,72.81999969482422,70.87999725341797,71.63999938964844,71.63999938964844,598900
2023-04-05,71.66000366210938,73.13999938964844,71.47000122070312,72.63999938964844,72.63999938964844,458300
2023-04-06,72.98999786376953,73.19000244140625,72.5,72.76000213623047,72.76000213623047,388400
2023-04-10,72.72000122070312,73.54000091552734,71.16999816894531,73.2699966430664,73.2699966430664,393100
2023-04-11,73.12000274658203,74.63999938964844,72.58999633789062,74.41000366210938,74.41000366210938,509100
2023-04-12,74.87000274658203,74.91000366210938,74.08000183105469,74.19999694824219,74.19999694824219,236600
2023-04-13,74.54000091552734,75.41000366210938,74.18000030517578,75.38999938964844,75.38999938964844,285800
2023-04-14,75.6500015258789,76.04000091552734,74.83999633789062,75.73999786376953,75.73999786376953,337000
2023-04-17,75.48999786376953,75.83000183105469,75.18000030517578,75.66999816894531,75.66999816894531,383600
2023-04-18,75.98999786376953,76.2699966430664,75.19999694824219,75.29000091552734,75.29000091552734,394300
2023-04-19,75.22000122070312,76.4800033569336,74.73999786376953,75.29000091552734,75.29000091552734,692400
2023-04-20,72.68000030517578,73.0199966430664,69.68000030517578,72.9800033569336,72.9800033569336,1238600
2023-04-21,74.0,74.68000030517578,73.66000366210938,73.70999908447266,73.70999908447266,416700
2023-04-24,73.69000244140625,74.55999755859375,73.69000244140625,73.87000274658203,73.87000274658203,446100
2023-04-25,73.87000274658203,74.77999877929688,73.5199966430664,73.77999877929688,73.77999877929688,462000
2023-04-26,74.0,74.8499984741211,72.70999908447266,74.11000061035156,74.11000061035156,1120200
2023-04-27,72.70999908447266,74.54000091552734,71.0999984741211,72.81999969482422,72.81999969482422,1384200
2023-04-28,72.97000122070312,73.04000091552734,71.11000061035156,72.29000091552734,72.29000091552734,1518600
2023-05-01,72.4000015258789,72.72000122070312,70.41000366210938,70.51000213623047,70.51000213623047,813300
2023-05-02,70.12000274658203,70.58000183105469,67.06999969482422,67.20999908447266,67.20999908447266,869700
2023-05-03,67.0999984741211,68.81999969482422,67.0999984741211,67.94999694824219,67.94999694824219,638300
2023-05-04,67.70999908447266,68.77999877929688,67.18000030517578,68.29000091552734,68.29000091552734,648900
2023-05-05,68.95999908447266,70.33000183105469,68.83000183105469,69.18000030517578,69.18000030517578,457400
2023-05-08,68.88999938964844,69.47000122070312,68.33999633789062,68.9000015258789,68.9000015258789,322700
2023-05-09,68.81999969482422,68.91999816894531,67.38999938964844,68.68000030517578,68.68000030517578,461700
2023-05-10,69.41999816894531,70.41000366210938,69.06999969482422,69.83000183105469,69.83000183105469,598400
2023-05-11,69.63999938964844,71.55999755859375,69.58000183105469,71.4000015258789,71.4000015258789,930700
2023-05-12,71.62999725341797,72.30000305175781,70.98999786376953,71.23999786376953,71.23999786376953,480000
2023-05-15,71.19999694824219,71.87000274658203,70.54000091552734,71.80000305175781,71.80000305175781,500000
2023-05-16,71.79000091552734,71.9000015258789,70.69999694824219,70.77999877929688,70.77999877929688,545600
2023-05-17,70.93000030517578,71.8499984741211,70.47000122070312,71.77999877929688,71.77999877929688,481300
2023-05-18,71.83999633789062,72.30000305175781,71.37999725341797,71.94999694824219,71.94999694824219,429000
2023-05-19,72.5,73.4000015258789,72.27999877929688,72.54000091552734,72.54000091552734,485000
2023-05-22,72.69000244140625,73.11000061035156,71.9000015258789,72.58000183105469,72.58000183105469,318300
2023-05-23,72.36000061035156,72.36000061035156,68.75,69.02999877929688,69.02999877929688,1116800
2023-05-24,68.80999755859375,70.41999816894531,68.08000183105469,70.30000305175781,70.30000305175781,828800
2023-05-25,70.0199966430664,70.16000366210938,67.81999969482422,67.86000061035156,67.86000061035156,458000
2023-05-26,67.88999938964844,69.68000030517578,67.72000122070312,69.37000274658203,69.37000274658203,462500
2023-05-30,69.30000305175781,70.61000061035156,68.45999908447266,68.94000244140625,68.94000244140625,628100
2023-05-31,68.94000244140625,71.05999755859375,68.22000122070312,70.62999725341797,70.62999725341797,807100
2023-06-01,70.5,70.9800033569336,69.73999786376953,70.87000274658203,70.87000274658203,421300
2023-06-02,70.7300033569336,71.54000091552734,69.36000061035156,69.48999786376953,69.48999786376953,827600
2023-06-05,69.16000366210938,69.8499984741211,68.55999755859375,68.87000274658203,68.87000274658203,684900
2023-06-06,68.87999725341797,69.22000122070312,67.19999694824219,68.05999755859375,68.05999755859375,544400
2023-06-07,68.45999908447266,69.80000305175781,67.87999725341797,68.63999938964844,68.63999938964844,531700
2023-06-08,68.51000213623047,69.30999755859375,68.16000366210938,68.94999694824219,68.94999694824219,287400
2023-06-09,68.88999938964844,69.25,68.16000366210938,68.30000305175781,68.30000305175781,328500
2023-06-12,68.30999755859375,70.05999755859375,68.01000213623047,69.98999786376953,69.98999786376953,722200
2023-06-13,70.19000244140625,70.86000061035156,69.79000091552734,69.91000366210938,69.91000366210938,650900
2023-06-14,70.51000213623047,73.52999877929688,70.51000213623047,73.05999755859375,73.05999755859375,1418200
2023-06-15,73.01000213623047,73.81999969482422,72.33000183105469,73.4800033569336,73.4800033569336,742700
2023-06-16,73.5999984741211,74.0999984741211,72.30999755859375,73.1500015258789,73.1500015258789,1266300
2023-06-20,73.12999725341797,73.86000061035156,72.44000244140625,72.91999816894531,72.91999816894531,511200
2023-06-21,72.94000244140625,75.19999694824219,72.91999816894531,74.77999877929688,74.77999877929688,838700
2023-06-22,74.69000244140625,77.08999633789062,74.31999969482422,76.88999938964844,76.88999938964844,896800
2023-06-23,76.55999755859375,77.76000213623047,75.66999816894531,75.7300033569336,75.7300033569336,842100
2023-06-26,75.6500015258789,77.0,75.4800033569336,76.5199966430664,76.5199966430664,551200
2023-06-27,76.18000030517578,79.75,75.69999694824219,79.04000091552734,79.04000091552734,1106100
2023-06-28,79.0199966430664,79.62999725341797,78.27999877929688,79.31999969482422,79.31999969482422,446900
2023-06-29,79.43000030517578,80.12999725341797,79.29000091552734,79.69999694824219,79.69999694824219,539200
2023-06-30,80.0,80.16999816894531,79.47000122070312,79.63999938964844,79.63999938964844,598200
2023-07-03,79.12000274658203,79.44999694824219,78.23999786376953,79.19000244140625,79.19000244140625,178500
2023-07-05,79.0,80.0,77.69000244140625,77.70999908447266,77.70999908447266,773000
2023-07-06,77.2699966430664,77.48999786376953,76.11000061035156,76.56999969482422,76.56999969482422,491200
2023-07-07,76.70999908447266,77.2699966430664,76.58000183105469,76.8499984741211,76.8499984741211,520200
2023-07-10,76.33999633789062,79.79000091552734,76.33999633789062,79.51000213623047,79.51000213623047,681600
2023-07-11,79.66000366210938,80.12999725341797,78.68000030517578,79.05000305175781,79.05000305175781,538900
2023-07-12,72.2300033569336,76.27999877929688,70.48999786376953,75.0,75.0,2565200
2023-07-13,75.27999877929688,75.37999725341797,71.97000122070312,72.20999908447266,72.20999908447266,1092400
2023-07-14,72.23999786376953,76.26000213623047,71.97000122070312,75.30000305175781,75.30000305175781,1242100
2023-07-17,75.38999938964844,75.80000305175781,72.77999877929688,73.08999633789062,73.08999633789062,811500
2023-07-18,73.12000274658203,74.55000305175781,73.08000183105469,74.33000183105469,74.33000183105469,719900
2023-07-19,74.69000244140625,75.61000061035156,73.55999755859375,74.94000244140625,74.94000244140625,529300
2023-07-20,75.54000091552734,75.63999938964844,73.86000061035156,74.9000015258789,74.9000015258789,380300
2023-07-21,75.29000091552734,75.45999908447266,73.91999816894531,74.45999908447266,74.45999908447266,535600
2023-07-24,74.55999755859375,75.4800033569336,73.94000244140625,74.01000213623047,74.01000213623047,408700
2023-07-25,73.48999786376953,76.41999816894531,73.4000015258789,75.95999908447266,75.95999908447266,935200
2023-07-26,75.43000030517578,75.58000183105469,73.26000213623047,73.68000030517578,73.68000030517578,747200
2023-07-27,74.08999633789062,74.43000030517578,72.83000183105469,73.36000061035156,73.36000061035156,1037900
2023-07-28,77.87999725341797,80.19999694824219,76.0,79.41999816894531,79.41999816894531,1203100
2023-07-31,79.54000091552734,81.33000183105469,78.2300033569336,79.02999877929688,79.02999877929688,758300
2023-08-01,78.8499984741211,79.9800033569336,78.22000122070312,78.4800033569336,78.4800033569336,504500
2023-08-02,78.0,79.33000183105469,78.0,78.77999877929688,78.77999877929688,485300
2023-08-03,78.77999877929688,79.3499984741211,76.7699966430664,77.11000061035156,77.11000061035156,490400
2023-08-04,77.12000274658203,77.5999984741211,76.01000213623047,76.66999816894531,76.66999816894531,532300
2023-08-07,76.80000305175781,77.44999694824219,76.06999969482422,77.08999633789062,77.08999633789062,307200
2023-08-08,76.86000061035156,76.86000061035156,75.73999786376953,76.33999633789062,76.33999633789062,285700
2023-08-09,76.12000274658203,76.5999984741211,75.58000183105469,75.7300033569336,75.7300033569336,264600
2023-08-10,76.12000274658203,76.70999908447266,75.73999786376953,76.58000183105469,76.58000183105469,232400
2023-08-11,76.20999908447266,77.13999938964844,76.20999908447266,76.97000122070312,76.97000122070312,296600
2023-08-14,76.30000305175781,77.7300033569336,76.27999877929688,77.2699966430664,77.2699966430664,282000
2023-08-15,76.9000015258789,77.2699966430664,76.4000015258789,76.9800033569336,76.9800033569336,202100
2023-08-16,77.06999969482422,77.38999938964844,76.37999725341797,76.55000305175781,76.55000305175781,234100
2023-08-17,76.19999694824219,76.19999694824219,74.97000122070312,75.0,75.0,372700
2023-08-18,74.5,75.41999816894531,74.5,75.05000305175781,75.05000305175781,351800
2023-08-21,75.12999725341797,76.18000030517578,74.8499984741211,75.6500015258789,75.6500015258789,465200
2023-08-22,75.62000274658203,76.2300033569336,75.05999755859375,75.33000183105469,75.33000183105469,289500
2023-08-23,75.43000030517578,76.48999786376953,75.11000061035156,75.56999969482422,75.56999969482422,160600
2023-08-24,75.30999755859375,75.93000030517578,74.54000091552734,74.54000091552734,74.54000091552734,167700
2023-08-25,74.91999816894531,76.61000061035156,74.29000091552734,75.83999633789062,75.83999633789062,405500
2023-08-28,75.95999908447266,76.30999755859375,75.4000015258789,75.98999786376953,75.98999786376953,245100
2023-08-29,76.16000366210938,77.56999969482422,75.93000030517578,77.4000015258789,77.4000015258789,288900
2023-08-30,77.61000061035156,78.08000183105469,77.20999908447266,77.44000244140625,77.44000244140625,230100
2023-08-31,77.73999786376953,78.08000183105469,77.08000183105469,77.0999984741211,77.0999984741211,435100
2023-09-01,77.30999755859375,77.87999725341797,76.91999816894531,77.5,77.5,234000
2023-09-05,77.20999908447266,77.22000122070312,74.0,74.62000274658203,74.62000274658203,571000
2023-09-06,74.5,74.91000366210938,73.94000244140625,74.33000183105469,74.33000183105469,311100
2023-09-07,73.94999694824219,74.55999755859375,73.5,73.6500015258789,73.6500015258789,335200
2023-09-08,73.66999816894531,73.87999725341797,72.25,72.55000305175781,72.55000305175781,776400
2023-09-11,72.55000305175781,72.94000244140625,72.08999633789062,72.62999725341797,72.62999725341797,363100
2023-09-12,72.62999725341797,72.8499984741211,71.06999969482422,71.37000274658203,71.37000274658203,359000
2023-09-13,71.37000274658203,74.16000366210938,70.80000305175781,71.23999786376953,71.23999786376953,433400
2023-09-14,71.55999755859375,72.08999633789062,71.08999633789062,71.3499984741211,71.3499984741211,355200
2023-09-15,71.19999694824219,71.19999694824219,69.05000305175781,70.08999633789062,70.08999633789062,1460800
2023-09-18,70.62000274658203,71.05999755859375,69.87999725341797,69.9800033569336,69.9800033569336,496700
2023-09-19,69.87999725341797,70.51000213623047,69.27999877929688,69.80999755859375,69.80999755859375,215400
2023-09-20,70.04000091552734,71.16000366210938,70.04000091552734,70.94000244140625,70.94000244140625,324600
2023-09-21,70.33000183105469,70.86000061035156,70.05999755859375,70.4800033569336,70.4800033569336,396800
2023-09-22,70.51000213623047,70.87999725341797,70.11000061035156,70.1500015258789,70.1500015258789,334600
2023-09-25,69.95999908447266,71.0199966430664,69.95999908447266,70.73999786376953,70.73999786376953,246100
2023-09-26,70.5,70.72000122070312,68.05999755859375,68.33999633789062,68.33999633789062,511900
2023-09-27,68.33999633789062,69.0999984741211,67.62999725341797,68.69000244140625,68.69000244140625,322100
2023-09-28,68.9000015258789,70.4800033569336,68.69999694824219,70.3499984741211,70.3499984741211,319400
2023-09-29,70.83999633789062,71.31999969482422,69.9000015258789,70.30999755859375,70.30999755859375,570400
2023-10-02,69.48999786376953,70.33000183105469,69.33999633789062,69.58000183105469,69.58000183105469,385300
2023-10-03,69.58000183105469,69.58000183105469,67.19000244140625,67.56999969482422,67.56999969482422,370500
2023-10-04,67.79000091552734,69.0,67.72000122070312,68.58000183105469,68.58000183105469,490400
2023-10-05,68.38999938964844,68.70999908447266,67.41999816894531,67.76000213623047,67.76000213623047,402100
2023-10-06,67.5,69.77999877929688,66.48999786376953,69.29000091552734,69.29000091552734,579900
2023-10-09,69.19999694824219,71.31999969482422,68.70999908447266,71.16999816894531,71.16999816894531,371600
2023-10-10,71.30000305175781,72.6500015258789,70.9000015258789,72.08000183105469,72.08000183105469,452000
2023-10-11,72.0199966430664,72.25,71.16000366210938,72.12999725341797,72.12999725341797,441300
2023-10-12,72.58000183105469,79.05000305175781,72.47000122070312,75.0,75.0,2046400
2023-10-13,75.26000213623047,76.81999969482422,75.12999725341797,76.33000183105469,76.33000183105469,602600
2023-10-16,76.63999938964844,78.54000091552734,76.63999938964844,77.9800033569336,77.9800033569336,559400
2023-10-17,78.41000366210938,79.86000061035156,78.20999908447266,78.76000213623047,78.76000213623047,645200
2023-10-18,78.62000274658203,79.12000274658203,77.3499984741211,77.48999786376953,77.48999786376953,455900
2023-10-19,77.22000122070312,77.88999938964844,76.56999969482422,76.66999816894531,76.66999816894531,516300
2023-10-20,76.66000366210938,77.13999938964844,74.83999633789062,75.05999755859375,75.05999755859375,701400
2023-10-23,74.86000061035156,76.0,74.2300033569336,75.08999633789062,75.08999633789062,394600
2023-10-24,74.5199966430664,76.22000122070312,73.91000366210938,75.0199966430664,75.0199966430664,452100
2023-10-25,74.44000244140625,75.72000122070312,74.20999908447266,74.87999725341797,74.87999725341797,536400
2023-10-26,74.44000244140625,74.98999786376953,71.66000366210938,71.66000366210938,71.66000366210938,817200
2023-10-27,72.16000366210938,72.41999816894531,70.19999694824219,72.02999877929688,72.02999877929688,700400
2023-10-30,72.87999725341797,73.12999725341797,71.61000061035156,72.80999755859375,72.80999755859375,536500
2023-10-31,73.08999633789062,74.77999877929688,72.20999908447266,73.51000213623047,73.51000213623047,824800
2023-11-01,73.22000122070312,74.23999786376953,72.37999725341797,73.47000122070312,73.47000122070312,555100
2023-11-02,73.58999633789062,75.48999786376953,72.58000183105469,73.23999786376953,73.23999786376953,1061500
2023-11-03,75.13999938964844,77.26000213623047,69.80999755859375,72.23999786376953,72.23999786376953,1450900
2023-11-06,72.01000213623047,74.04000091552734,71.87000274658203,73.51000213623047,73.51000213623047,755000
2023-11-07,73.43000030517578,74.5,72.97000122070312,74.29000091552734,74.29000091552734,514600
2023-11-08,74.44000244140625,74.5,73.44000244140625,73.69999694824219,73.69999694824219,622100
2023-11-09,73.94999694824219,74.02999877929688,72.1500015258789,72.2300033569336,72.2300033569336,274100
2023-11-10,72.22000122070312,73.70999908447266,71.7300033569336,73.11000061035156,73.11000061035156,491700
2023-11-13,73.2699966430664,73.33000183105469,72.12999725341797,72.83999633789062,72.83999633789062,407500
2023-11-14,73.30999755859375,74.29000091552734,73.2699966430664,73.55000305175781,73.55000305175781,429900
2023-11-15,73.5,75.43000030517578,73.47000122070312,74.91999816894531,74.91999816894531,828300
2023-11-16,74.98999786376953,75.4800033569336,73.55000305175781,73.94999694824219,73.94999694824219,396300
2023-11-17,73.97000122070312,74.83999633789062,72.47000122070312,72.70999908447266,72.70999908447266,582300
2023-11-20,72.29000091552734,73.36000061035156,72.26000213623047,72.62000274658203,72.62000274658203,368000
2023-11-21,72.37999725341797,73.6500015258789,72.37999725341797,72.5999984741211,72.5999984741211,397500
2023-11-22,73.16999816894531,73.4000015258789,72.4800033569336,72.9800033569336,72.9800033569336,272000
2023-11-24,72.7699966430664,73.75,72.5999984741211,73.56999969482422,73.56999969482422,130600
2023-11-27,73.3499984741211,73.5999984741211,72.27999877929688,72.48999786376953,72.48999786376953,357600
2023-11-28,72.61000061035156,72.61000061035156,71.29000091552734,72.0,72.0,368500
2023-11-29,72.13999938964844,72.87999725341797,71.61000061035156,71.91999816894531,71.91999816894531,436800
2023-11-30,71.94000244140625,73.22000122070312,71.16999816894531,72.98999786376953,72.98999786376953,409100
2023-12-01,72.72000122070312,74.58999633789062,72.25,73.86000061035156,73.86000061035156,311100
2023-12-04,73.86000061035156,75.0999984741211,73.86000061035156,74.75,74.75,345600
2023-12-05,74.61000061035156,74.97000122070312,73.5999984741211,74.20999908447266,74.20999908447266,364900
2023-12-06,74.22000122070312,74.52999877929688,70.69999694824219,71.1500015258789,71.1500015258789,520900
2023-12-07,70.62000274658203,72.13999938964844,70.1500015258789,71.9800033569336,71.9800033569336,641700
2023-12-08,71.9800033569336,73.31999969482422,71.37000274658203,73.26000213623047,73.26000213623047,874000
2023-12-11,73.79000091552734,74.9800033569336,71.5199966430664,74.95999908447266,74.95999908447266,657300
2023-12-12,74.6500015258789,77.23999786376953,74.6500015258789,75.91000366210938,75.91000366210938,657700
2023-12-13,75.69000244140625,78.9800033569336,75.69000244140625,78.95999908447266,78.95999908447266,621500
2023-12-14,79.0,79.66999816894531,76.87000274658203,77.58000183105469,77.58000183105469,767600
2023-12-15,77.62000274658203,78.70999908447266,75.37999725341797,75.43000030517578,75.43000030517578,1208100
2023-12-18,75.9800033569336,75.9800033569336,74.91999816894531,75.7300033569336,75.7300033569336,410900
2023-12-19,75.80000305175781,77.25,75.80000305175781,76.5199966430664,76.5199966430664,319000
2023-12-20,76.77999877929688,77.94000244140625,75.58000183105469,75.66000366210938,75.66000366210938,440900
2023-12-21,76.27999877929688,77.05999755859375,75.93000030517578,76.69000244140625,76.69000244140625,321100
2023-12-22,76.94999694824219,77.87999725341797,76.80999755859375,77.86000061035156,77.86000061035156,329000
2023-12-26,78.0199966430664,79.0199966430664,77.38999938964844,78.79000091552734,78.79000091552734,269600
2023-12-27,78.93000030517578,79.0999984741211,77.69000244140625,78.68000030517578,78.68000030517578,249500
2023-12-28,78.47000122070312,79.18000030517578,77.9800033569336,78.25,78.25,223700
2023-12-29,78.12999725341797,78.52999877929688,77.08999633789062,77.76000213623047,77.76000213623047,354700
2024-01-02,76.97000122070312,78.94000244140625,76.95999908447266,78.26000213623047,78.26000213623047,452100
2024-01-03,77.61000061035156,77.63999938964844,76.43000030517578,76.68000030517578,76.68000030517578,386300
2024-01-04,76.62999725341797,78.47000122070312,75.94000244140625,78.31999969482422,78.31999969482422,846600
2024-01-05,79.11000061035156,82.0999984741211,78.5999984741211,79.25,79.25,748300
2024-01-08,78.62000274658203,80.0,78.62000274658203,79.94999694824219,79.94999694824219,399200
2024-01-09,79.06999969482422,80.77999877929688,79.06999969482422,80.19000244140625,80.19000244140625,318600
2024-01-10,80.16999816894531,84.27999877929688,79.61000061035156,83.76000213623047,83.76000213623047,746200
2024-01-11,84.04000091552734,84.91999816894531,82.98999786376953,84.69000244140625,84.69000244140625,621400
2024-01-12,84.98999786376953,86.0,84.19000244140625,85.86000061035156,85.86000061035156,878800
2024-01-16,85.6500015258789,85.70999908447266,83.9800033569336,84.81999969482422,84.81999969482422,563500
2024-01-17,84.47000122070312,84.73999786376953,82.9800033569336,83.52999877929688,83.52999877929688,424100
2024-01-18,83.58000183105469,85.12000274658203,83.2300033569336,85.05999755859375,85.05999755859375,369000
2024-01-19,85.08000183105469,85.94999694824219,84.29000091552734,85.91999816894531,85.91999816894531,296300
2024-01-22,86.38999938964844,87.38999938964844,84.83999633789062,85.36000061035156,85.36000061035156,387800
2024-01-23,85.43000030517578,85.5999984741211,83.97000122070312,84.16000366210938,84.16000366210938,321700
2024-01-24,84.3499984741211,85.05999755859375,82.62999725341797,82.63999938964844,82.63999938964844,381100
2024-01-25,82.76000213623047,83.94999694824219,82.5999984741211,83.88999938964844,83.88999938964844,245500
2024-01-26,84.27999877929688,84.98999786376953,84.16000366210938,84.18000030517578,84.18000030517578,265700
2024-01-29,83.83000183105469,85.19000244140625,83.79000091552734,84.93000030517578,84.93000030517578,254600
2024-01-30,85.12000274658203,85.98999786376953,84.0999984741211,84.33999633789062,84.33999633789062,596300
2024-01-31,84.61000061035156,85.08999633789062,81.36000061035156,82.13999938964844,82.13999938964844,1076100
2024-02-01,82.3499984741211,82.5999984741211,81.19000244140625,81.7699966430664,81.7699966430664,728100
2024-02-02,81.5199966430664,81.5199966430664,79.66000366210938,80.30000305175781,80.30000305175781,671600
2024-02-05,79.88999938964844,80.08000183105469,78.44000244140625,78.81999969482422,78.81999969482422,443300
2024-02-06,79.06999969482422,79.87000274658203,79.06999969482422,79.83000183105469,79.83000183105469,268000
2024-02-07,80.2699966430664,81.19000244140625,79.27999877929688,79.61000061035156,79.61000061035156,362900
2024-02-08,79.11000061035156,81.0199966430664,79.02999877929688,80.2300033569336,80.2300033569336,367400
2024-02-09,80.5199966430664,82.4000015258789,79.94999694824219,82.05999755859375,82.05999755859375,490100
2024-02-12,82.05999755859375,84.52999877929688,81.91999816894531,83.79000091552734,83.79000091552734,562500
2024-02-13,82.79000091552734,83.11000061035156,81.58999633789062,82.2300033569336,82.2300033569336,304700
2024-02-14,82.81999969482422,82.9000015258789,81.75,82.44999694824219,82.44999694824219,417600
2024-02-15,83.06999969482422,84.01000213623047,82.66999816894531,83.19999694824219,83.19999694824219,387300
2024-02-16,83.16000366210938,83.91000366210938,82.62999725341797,82.88999938964844,82.88999938964844,324000
2024-02-20,82.52999877929688,84.0,82.4800033569336,83.97000122070312,83.97000122070312,443300
2024-02-21,83.87999725341797,84.73999786376953,83.08999633789062,83.75,83.75,386000
2024-02-22,83.69000244140625,85.55999755859375,83.6500015258789,84.62999725341797,84.62999725341797,323100
2024-02-23,84.47000122070312,85.2300033569336,84.01000213623047,84.29000091552734,84.29000091552734,446200
2024-02-26,83.94999694824219,86.41000366210938,83.94999694824219,85.48999786376953,85.48999786376953,654000
2024-02-27,85.69000244140625,87.7699966430664,84.58999633789062,87.37999725341797,87.37999725341797,801800
2024-02-28,86.66999816894531,86.66999816894531,82.52999877929688,83.43000030517578,83.43000030517578,1043800
2024-02-29,83.20999908447266,84.93000030517578,83.0,83.44999694824219,83.44999694824219,781200
2024-03-01,83.77999877929688,84.87999725341797,82.81999969482422,83.98999786376953,83.98999786376953,365800
2024-03-04,84.0,86.55999755859375,83.62000274658203,85.62000274658203,85.62000274658203,447400
2024-03-05,85.33999633789062,85.88999938964844,84.22000122070312,84.7300033569336,84.7300033569336,300800
2024-03-06,84.48999786376953,85.5,84.48999786376953,84.72000122070312,84.72000122070312,277700
2024-03-07,85.08999633789062,85.95999908447266,83.47000122070312,83.66000366210938,83.66000366210938,477800
2024-03-08,83.73999786376953,84.44000244140625,81.66000366210938,81.80999755859375,81.80999755859375,619600
2024-03-11,81.81999969482422,81.81999969482422,80.37000274658203,80.52999877929688,80.52999877929688,692700
2024-03-12,80.54000091552734,80.87000274658203,79.37999725341797,80.30999755859375,80.30999755859375,1044200
2024-03-13,80.16000366210938,81.13999938964844,75.63999938964844,78.36000061035156,78.36000061035156,1549500
2024-03-14,77.87000274658203,78.91000366210938,76.56999969482422,78.87000274658203,78.87000274658203,788100
2024-03-15,78.31999969482422,79.08999633789062,77.19999694824219,77.79000091552734,77.79000091552734,1487300
2024-03-18,78.43000030517578,78.91999816894531,77.58999633789062,78.1500015258789,78.1500015258789,692600
2024-03-19,78.16999816894531,78.86000061035156,77.25,78.5,78.5,514200
2024-03-20,78.55000305175781,78.55000305175781,76.20999908447266,77.11000061035156,77.11000061035156,528800
2024-03-21,77.47000122070312,77.47000122070312,75.4000015258789,75.54000091552734,75.54000091552734,1027500
2024-03-22,75.22000122070312,76.5,75.0,76.48999786376953,76.48999786376953,582500
2024-03-25,76.5999984741211,76.97000122070312,76.0999984741211,76.25,76.25,425000
2024-03-26,76.58000183105469,76.94000244140625,76.05999755859375,76.80000305175781,76.80000305175781,617300
2024-03-27,77.44000244140625,78.37999725341797,77.0999984741211,78.33999633789062,78.33999633789062,490900
2024-03-28,78.58999633789062,80.02999877929688,78.38999938964844,79.22000122070312,79.22000122070312,777100
2024-04-01,79.37999725341797,79.44000244140625,75.1500015258789,76.06999969482422,76.06999969482422,936300
2024-04-02,75.72000122070312,76.06999969482422,74.87999725341797,75.73999786376953,75.73999786376953,849200
2024-04-03,75.80000305175781,76.29000091552734,75.18000030517578,75.81999969482422,75.81999969482422,420900
2024-04-04,76.23999786376953,76.43000030517578,74.69999694824219,75.0199966430664,75.0199966430664,597800
2024-04-05,75.08000183105469,76.22000122070312,74.12000274658203,75.97000122070312,75.97000122070312,418300
2024-04-08,75.66000366210938,76.20999908447266,75.12000274658203,75.43000030517578,75.43000030517578,322700
2024-04-09,75.69999694824219,76.75,75.52999877929688,76.38999938964844,76.38999938964844,374600
2024-04-10,75.31999969482422,76.02999877929688,75.30999755859375,75.80000305175781,75.80000305175781,326300
2024-04-11,75.98999786376953,76.7699966430664,74.87000274658203,74.9800033569336,74.9800033569336,453900
2024-04-12,74.76000213623047,74.95999908447266,73.12999725341797,73.18000030517578,73.18000030517578,559500
2024-04-15,73.73999786376953,73.98999786376953,71.75,73.11000061035156,73.11000061035156,831100
2024-04-16,73.45999908447266,73.91000366210938,70.80999755859375,70.9800033569336,70.9800033569336,654200
2024-04-17,71.20999908447266,71.66000366210938,70.08999633789062,70.25,70.25,441300
2024-04-18,70.13999938964844,70.76000213623047,69.45999908447266,70.27999877929688,70.27999877929688,612900
2024-04-19,70.7300033569336,70.7300033569336,69.73999786376953,70.16000366210938,70.16000366210938,399400
2024-04-22,70.19999694824219,70.83999633789062,69.91000366210938,70.26000213623047,70.26000213623047,581700
2024-04-23,70.4800033569336,71.31999969482422,69.94000244140625,70.73999786376953,70.73999786376953,539100
2024-04-24,70.45999908447266,71.36000061035156,70.13999938964844,71.19000244140625,71.19000244140625,454400
2024-04-25,71.98999786376953,73.7699966430664,71.38999938964844,73.37999725341797,73.37999725341797,1103900
2024-04-26,73.75,74.6500015258789,73.20999908447266,73.58999633789062,73.58999633789062,689400
2024-04-29,73.55999755859375,74.81999969482422,73.55999755859375,74.61000061035156,74.61000061035156,514200
2024-04-30,74.93000030517578,74.93000030517578,73.87999725341797,73.94000244140625,73.94000244140625,694300
2024-05-01,74.1500015258789,74.7300033569336,72.95999908447266,72.98999786376953,72.98999786376953,706900
2024-05-02,70.13999938964844,72.33999633789062,66.38999938964844,66.7300033569336,66.7300033569336,2802900
2024-05-03,67.0199966430664,67.23999786376953,64.73999786376953,66.12000274658203,66.12000274658203,1213600
2024-05-06,66.7699966430664,68.5199966430664,66.29000091552734,67.77999877929688,67.77999877929688,1555700
2024-05-07,67.87999725341797,69.27999877929688,67.37000274658203,67.43000030517578,67.43000030517578,1427400
2024-05-08,67.33999633789062,67.33999633789062,65.26000213623047,66.05999755859375,66.05999755859375,731800
2024-05-09,65.93000030517578,70.68000030517578,65.87999725341797,70.48999786376953,70.48999786376953,1811300
2024-05-10,70.18000030517578,72.44000244140625,69.58999633789062,71.80999755859375,71.80999755859375,1698000
2024-05-13,71.97000122070312,73.0199966430664,70.44000244140625,71.66000366210938,71.66000366210938,1207800
2024-05-14,72.43000030517578,73.69999694824219,70.12000274658203,71.31999969482422,71.31999969482422,820500
2024-05-15,71.45999908447266,71.94999694824219,68.55999755859375,68.79000091552734,68.79000091552734,1131200
2024-05-16,68.41999816894531,68.47000122070312,66.06999969482422,66.62999725341797,66.62999725341797,974900
2024-05-17,66.66000366210938,67.16000366210938,65.52999877929688,66.3499984741211,66.3499984741211,704500
2024-05-20,66.3499984741211,67.44000244140625,66.26000213623047,66.79000091552734,66.79000091552734,648900
2024-05-21,66.5,67.37999725341797,64.11000061035156,65.36000061035156,65.36000061035156,1406000
2024-05-22,65.27999877929688,67.4000015258789,65.05000305175781,66.2699966430664,66.2699966430664,1066900
2024-05-23,66.1500015258789,66.1500015258789,63.75,64.25,64.25,843800
2024-05-24,64.3499984741211,64.80999755859375,63.099998474121094,63.58000183105469,63.58000183105469,649700
2024-05-28,63.59000015258789,63.59000015258789,62.66999816894531,62.869998931884766,62.869998931884766,492200
2024-05-29,62.18000030517578,66.12999725341797,62.040000915527344,65.06999969482422,65.06999969482422,2204600
2024-05-30,65.20999908447266,68.37999725341797,65.20999908447266,67.33999633789062,67.33999633789062,1581700
2024-05-31,67.61000061035156,68.91999816894531,66.33000183105469,68.88999938964844,68.88999938964844,1553200
2024-06-03,69.12000274658203,69.87999725341797,68.30000305175781,68.51000213623047,68.51000213623047,784400
2024-06-04,68.41999816894531,70.33999633789062,67.91999816894531,70.0999984741211,70.0999984741211,1123200
2024-06-05,70.37000274658203,71.61000061035156,70.02999877929688,71.26000213623047,71.26000213623047,848200
2024-06-06,71.2300033569336,72.5,71.08000183105469,71.77999877929688,71.77999877929688,1132500
2024-06-07,71.47000122070312,71.47000122070312,69.2699966430664,69.41999816894531,69.41999816894531,714000
2024-06-10,68.83000183105469,69.87999725341797,68.22000122070312,69.58999633789062,69.58999633789062,578200
2024-06-11,69.4000015258789,69.4000015258789,68.05000305175781,68.51000213623047,68.51000213623047,503900
2024-06-12,68.80000305175781,69.72000122070312,67.75,67.80999755859375,67.80999755859375,490300
2024-06-13,67.55000305175781,67.55000305175781,66.22000122070312,66.33999633789062,66.33999633789062,795000
2024-06-14,66.0,66.05000305175781,64.66999816894531,65.4000015258789,65.4000015258789,909500
2024-06-17,65.11000061035156,65.86000061035156,64.87000274658203,65.80000305175781,65.80000305175781,785200
2024-06-18,66.01000213623047,69.01000213623047,65.73999786376953,68.29000091552734,68.29000091552734,956100
2024-06-20,68.29000091552734,69.55000305175781,67.45999908447266,67.5999984741211,67.5999984741211,968500
2024-06-21,67.87000274658203,69.41999816894531,67.36000061035156,68.62000274658203,68.62000274658203,1081100
2024-06-24,68.83000183105469,69.13999938964844,67.7300033569336,68.80000305175781,68.80000305175781,759700
2024-06-25,68.80000305175781,69.18000030517578,66.0,67.47000122070312,67.47000122070312,587400
2024-06-26,67.12000274658203,67.30999755859375,66.0,67.08000183105469,67.08000183105469,593900
2024-06-27,67.02999877929688,68.05999755859375,66.2300033569336,68.04000091552734,68.04000091552734,655500
2024-06-28,68.05999755859375,68.5,66.41000366210938,67.54000091552734,67.54000091552734,1071300
2024-07-01,67.52999877929688,68.41000366210938,66.94999694824219,67.01000213623047,67.01000213623047,674400
2024-07-02,66.98999786376953,67.0,65.2699966430664,66.12000274658203,66.12000274658203,663000
2024-07-03,66.63999938964844,67.06999969482422,65.72000122070312,66.73999786376953,66.73999786376953,344400
2024-07-05,66.69000244140625,67.0,65.47000122070312,65.93000030517578,65.93000030517578,361900
2024-07-08,65.97000122070312,66.62999725341797,64.98999786376953,65.63999938964844,65.63999938964844,664400
2024-07-09,65.56999969482422,65.93000030517578,64.66000366210938,65.43000030517578,65.43000030517578,668600
2024-07-10,65.44999694824219,66.11000061035156,64.11000061035156,64.16000366210938,64.16000366210938,1171500
2024-07-11,64.56999969482422,67.16000366210938,64.33000183105469,67.11000061035156,67.11000061035156,871300
2024-07-12,67.36000061035156,68.87000274658203,67.16000366210938,67.19000244140625,67.19000244140625,717400
2024-07-15,66.9800033569336,67.06999969482422,64.86000061035156,65.18000030517578,65.18000030517578,873800
2024-07-16,65.47000122070312,68.54000091552734,64.72000122070312,68.4800033569336,68.4800033569336,1194000
2024-07-17,68.45999908447266,69.83000183105469,67.13999938964844,67.2300033569336,67.2300033569336,1006100
2024-07-18,67.25,68.9000015258789,66.37999725341797,66.44000244140625,66.44000244140625,457000
2024-07-19,66.48999786376953,66.48999786376953,64.91000366210938,65.16000366210938,65.16000366210938,536600
2024-07-22,65.37999725341797,65.81999969482422,64.52999877929688,65.3499984741211,65.3499984741211,737000
2024-07-23,65.73999786376953,67.02999877929688,65.20999908447266,65.6500015258789,65.6500015258789,1004000
2024-07-24,65.80999755859375,67.1500015258789,65.02999877929688,66.27999877929688,66.27999877929688,2072200
2024-07-25,66.45999908447266,66.87000274658203,64.66000366210938,65.05999755859375,65.05999755859375,1429000
2024-07-26,65.66000366210938,67.11000061035156,65.43000030517578,66.58999633789062,66.58999633789062,1592300
2024-07-29,66.2699966430664,66.36000061035156,65.18000030517578,65.52999877929688,65.52999877929688,1566000
2024-07-30,65.52999877929688,67.81999969482422,65.19999694824219,67.37999725341797,67.37999725341797,1405700
2024-07-31,67.69000244140625,67.69000244140625,64.7300033569336,64.8499984741211,64.8499984741211,1394000
2024-08-01,69.26000213623047,75.80999755859375,68.05999755859375,74.08999633789062,74.08999633789062,3828500
2024-08-02,73.69000244140625,74.37999725341797,70.36000061035156,72.37000274658203,72.37000274658203,1685200
2024-08-05,71.93000030517578,71.93000030517578,68.91000366210938,71.0199966430664,71.0199966430664,1165600
2024-08-06,70.97000122070312,73.04000091552734,68.37000274658203,70.94000244140625,70.94000244140625,730200
2024-08-07,70.7300033569336,72.05999755859375,70.61000061035156,70.73999786376953,70.73999786376953,793000
2024-08-08,70.66999816894531,71.76000213623047,70.66999816894531,71.69999694824219,71.69999694824219,722600
2024-08-09,71.68000030517578,72.69999694824219,70.2699966430664,71.58000183105469,71.58000183105469,870000
2024-08-12,71.51000213623047,71.87000274658203,70.5199966430664,70.9800033569336,70.9800033569336,703200
2024-08-13,71.47000122070312,73.41000366210938,70.91000366210938,73.02999877929688,73.02999877929688,908400
2024-08-14,72.91000366210938,73.08000183105469,71.9800033569336,72.66999816894531,72.66999816894531,941900
2024-08-15,73.5,74.52999877929688,72.76000213623047,74.12999725341797,74.12999725341797,562900
2024-08-16,73.73999786376953,75.98999786376953,73.56999969482422,74.47000122070312,74.47000122070312,701700
2024-08-19,74.31999969482422,75.29000091552734,72.5199966430664,75.19000244140625,75.19000244140625,540400
2024-08-20,75.20999908447266,75.87000274658203,74.12999725341797,74.94999694824219,74.94999694824219,440900
2024-08-21,74.9800033569336,77.04000091552734,72.95999908447266,76.7300033569336,76.7300033569336,841300
2024-08-22,76.94999694824219,77.5,75.80000305175781,76.22000122070312,76.22000122070312,571100
2024-08-23,76.16999816894531,80.1500015258789,76.16999816894531,79.91000366210938,79.91000366210938,1195100
2024-08-26,79.76000213623047,80.6500015258789,77.80000305175781,78.3499984741211,78.3499984741211,651200
2024-08-27,78.12000274658203,78.63999938964844,76.87999725341797,78.13999938964844,78.13999938964844,550600
2024-08-28,78.12999725341797,79.12999725341797,77.68000030517578,79.05999755859375,79.05999755859375,552300
2024-08-29,79.37999725341797,81.70999908447266,78.0,80.8499984741211,80.8499984741211,1087600
2024-08-30,80.8499984741211,82.41000366210938,79.83000183105469,81.93000030517578,81.93000030517578,983100
2024-09-03,78.0999984741211,79.77999877929688,77.2699966430664,78.20999908447266,78.20999908447266,1847500
2024-09-04,78.33999633789062,79.51000213623047,78.18000030517578,79.16000366210938,79.16000366210938,955000
2024-09-05,79.0199966430664,79.47000122070312,77.69000244140625,78.13999938964844,78.13999938964844,718100
2024-09-06,78.29000091552734,78.95999908447266,76.29000091552734,76.45999908447266,76.45999908447266,606900
2024-09-09,76.45999908447266,77.33000183105469,75.91999816894531,76.31999969482422,76.31999969482422,1115600
2024-09-10,76.31999969482422,77.18000030517578,75.58000183105469,76.33000183105469,76.33000183105469,493800
2024-09-11,76.33000183105469,77.22000122070312,75.45999908447266,77.11000061035156,77.11000061035156,663300
2024-09-12,77.33000183105469,78.16999816894531,75.8499984741211,77.37000274658203,77.37000274658203,402400
2024-09-13,77.56999969482422,78.2699966430664,77.16999816894531,78.2300033569336,78.2300033569336,337800
2024-09-16,78.58999633789062,79.83000183105469,78.31999969482422,79.33999633789062,79.33999633789062,815500
2024-09-17,79.29000091552734,79.79000091552734,77.2300033569336,77.7699966430664,77.7699966430664,1125200
2024-09-18,77.83999633789062,78.66000366210938,76.94000244140625,77.94000244140625,77.94000244140625,669500
2024-09-19,78.3499984741211,78.3499984741211,77.05999755859375,77.44000244140625,77.44000244140625,514900
2024-09-20,77.19999694824219,77.62000274658203,76.30999755859375,76.4000015258789,76.4000015258789,984400
2024-09-23,77.11000061035156,77.11000061035156,75.80999755859375,76.18000030517578,76.18000030517578,568500
2024-09-24,76.18000030517578,76.9800033569336,75.77999877929688,76.61000061035156,76.61000061035156,292700
2024-09-25,76.87000274658203,77.48999786376953,75.37999725341797,75.69999694824219,75.69999694824219,647900
2024-09-26,76.11000061035156,76.66000366210938,74.76000213623047,75.66000366210938,75.66000366210938,1134600
2024-09-27,64.55999755859375,64.88999938964844,53.220001220703125,63.279998779296875,63.279998779296875,10489900
2024-09-30,63.2400016784668,63.43000030517578,57.68000030517578,63.40999984741211,63.40999984741211,3708600
2024-10-01,62.9900016784668,63.40999984741211,61.95000076293945,62.40999984741211,62.40999984741211,2429600
2024-10-02,62.220001220703125,62.34000015258789,58.75,58.79999923706055,58.79999923706055,1780100
2024-10-03,58.7400016784668,59.02000045776367,56.29999923706055,56.709999084472656,56.709999084472656,2749400
2024-10-04,56.70000076293945,56.970001220703125,55.06999969482422,55.79999923706055,55.79999923706055,2498400
2024-10-07,55.90999984741211,56.18000030517578,54.529998779296875,54.959999084472656,54.959999084472656,1891500
2024-10-08,55.0,56.09000015258789,54.72999954223633,55.2599983215332,55.2599983215332,1928900
2024-10-09,55.380001068115234,56.380001068115234,53.650001525878906,54.349998474121094,54.349998474121094,2018100
2024-10-10,54.849998474121094,55.540000915527344,53.86000061035156,55.470001220703125,55.470001220703125,1395500
2024-10-11,55.09000015258789,55.58000183105469,54.40999984741211,54.81999969482422,54.81999969482422,1040800
2024-10-14,54.880001068115234,56.95000076293945,54.5,56.93000030517578,56.93000030517578,916000
2024-10-15,56.84000015258789,58.939998626708984,56.52000045776367,56.959999084472656,56.959999084472656,1082700
2024-10-16,56.88999938964844,58.650001525878906,56.459999084472656,57.38999938964844,57.38999938964844,875400
2024-10-17,56.93000030517578,59.38999938964844,56.5099983215332,59.31999969482422,59.31999969482422,1116000
2024-10-18,59.08000183105469,60.52000045776367,51.06999969482422,52.029998779296875,52.029998779296875,6212300
2024-10-21,52.310001373291016,54.150001525878906,51.75,53.15999984741211,53.15999984741211,2263700
2024-10-22,53.060001373291016,53.08000183105469,51.540000915527344,51.65999984741211,51.65999984741211,1352500
2024-10-23,51.459999084472656,51.849998474121094,50.20000076293945,50.7599983215332,50.7599983215332,1543500
2024-10-24,50.7599983215332,51.619998931884766,50.36000061035156,51.220001220703125,51.220001220703125,1538800
2024-10-25,50.439998626708984,51.97999954223633,50.2599983215332,50.88999938964844,50.88999938964844,1270400
2024-10-28,51.15999984741211,52.18000030517578,50.939998626708984,51.4900016784668,51.4900016784668,1462200
2024-10-29,51.689998626708984,52.38999938964844,51.04999923706055,51.599998474121094,51.599998474121094,766700
2024-10-30,50.84000015258789,52.31999969482422,50.59000015258789,52.08000183105469,52.08000183105469,1233100
2024-10-31,45.5,45.75,42.459999084472656,42.689998626708984,42.689998626708984,5679600
2024-11-01,42.560001373291016,43.65999984741211,41.75,42.02000045776367,42.02000045776367,2707600
