Date,Open,High,Low,Close,Adj Close,Volume
2003-11-13,6.552515983581543,8.250351905822754,6.513434886932373,8.03323745727539,4.100343227386475,17955746
2003-11-14,7.924680233001709,8.46312427520752,7.629404067993164,7.903402805328369,4.034071445465088,3588728
2003-11-17,7.599008083343506,7.7944111824035645,7.425315856933594,7.694538116455078,3.927461862564087,1257170
2003-11-18,7.668485164642334,7.698881149291992,7.403604984283447,7.512162208557129,3.8343751430511475,923296
2003-11-19,7.594666004180908,7.933363914489746,7.486108779907227,7.77269983291626,3.9673593044281006,332050
2003-11-20,7.685853958129883,7.707564830780029,7.512162208557129,7.599008083343506,3.8787033557891846,436833
2003-11-21,7.724934101104736,7.724934101104736,7.468739032745361,7.529531002044678,3.8432400226593018,685366
2003-11-24,7.599008083343506,7.816123008728027,7.555584907531738,7.620719909667969,3.889784574508667,497493
2003-11-25,7.642430782318115,7.8465189933776855,7.473082065582275,7.486108779907227,3.821075677871704,692392
2003-11-26,7.555584907531738,7.707564830780029,7.512162208557129,7.620719909667969,3.889784574508667,481651
2003-11-28,7.599008083343506,7.924680233001709,7.512162208557129,7.924680233001709,4.044933319091797,182921
2003-12-01,7.93770694732666,9.262104988098145,7.93770694732666,8.984198570251465,4.585733890533447,889311
2003-12-02,8.932090759277344,9.804891586303711,8.901695251464844,9.661596298217773,4.931492328643799,733704
2003-12-03,9.835288047790527,9.856999397277832,8.879983901977539,8.879983901977539,4.532541751861572,747897
2003-12-04,8.879983901977539,8.879983901977539,8.167847633361816,8.597735404968262,4.388474464416504,447238
2003-12-05,8.523916244506836,8.523916244506836,8.133110046386719,8.285090446472168,4.2288947105407715,291442
2003-12-08,8.272063255310059,8.293774604797363,7.764015197753906,8.12008285522461,4.144669532775879,713406
2003-12-09,8.12008285522461,8.241666793823242,7.750988006591797,7.798752784729004,3.980656623840332,617397
2003-12-10,8.028895378112793,8.028895378112793,7.764015197753906,7.9463911056518555,4.056013107299805,388631
2003-12-11,7.9463911056518555,8.172189712524414,7.811779975891113,7.924680233001709,4.044933319091797,211699
2003-12-12,7.989813804626465,8.12008285522461,7.512162208557129,7.77269983291626,3.9673593044281006,603170
2003-12-15,7.889942169189453,7.955076217651367,7.451804161071777,7.599008083343506,3.8787033557891846,1035223
2003-12-16,7.66414213180542,7.66414213180542,7.112671852111816,7.381894111633301,3.767883062362671,1039835
2003-12-17,7.381894111633301,7.468739032745361,7.229913234710693,7.36018180847168,3.7567992210388184,384762
2003-12-18,7.4340009689331055,7.542558193206787,7.273335933685303,7.381894111633301,3.767883062362671,124312
2003-12-19,7.403604984283447,7.698881149291992,7.381894111633301,7.694538116455078,3.927461862564087,399987
2003-12-22,7.6033501625061035,8.085345268249512,7.6033501625061035,7.968102931976318,4.067097187042236,733536
2003-12-23,8.03323745727539,8.12008285522461,7.837833881378174,8.081002235412598,4.124722480773926,370428
2003-12-24,8.163505554199219,8.250351905822754,7.972445011138916,8.07666015625,4.122507572174072,184978
2003-12-26,8.07666015625,8.07666015625,7.894283771514893,7.942049026489258,4.053797245025635,24436
2003-12-29,8.098370552062988,8.124424934387207,7.924680233001709,8.124424934387207,4.146886348724365,168685
2003-12-30,8.098370552062988,8.206929206848145,8.046263694763184,8.163505554199219,4.166834354400635,83582
2003-12-31,8.159164428710938,8.228639602661133,8.07666015625,8.167847633361816,4.169051647186279,143995
2004-01-02,8.211271286010742,8.358908653259277,8.163505554199219,8.358908653259277,4.26657247543335,104205
2004-01-05,8.24600887298584,8.445755004882812,8.185216903686523,8.397990226745605,4.286520481109619,121481
2004-01-06,8.402332305908203,8.402332305908203,7.955076217651367,8.172189712524414,4.171267032623291,201720
2004-01-07,8.302458763122559,8.445755004882812,8.141794204711914,8.154821395874023,4.1624016761779785,359215
2004-01-08,8.28074836730957,8.424042701721191,7.885599136352539,7.942049026489258,4.053797245025635,325931
2004-01-09,7.9463911056518555,8.154821395874023,7.255967140197754,7.412290096282959,3.7833969593048096,284589
2004-01-12,7.416632175445557,7.7944111824035645,7.386236190795898,7.724934101104736,3.942976474761963,305939
2004-01-13,7.6901960372924805,7.7944111824035645,7.31675910949707,7.381894111633301,3.767883062362671,875273
2004-01-14,7.381894111633301,7.837833881378174,7.3302202224731445,7.837833881378174,4.000604629516602,1109695
2004-01-15,7.8421759605407715,8.424042701721191,7.8421759605407715,8.319828033447266,4.2466254234313965,496627
2004-01-16,8.424042701721191,8.510889053344727,8.293774604797363,8.467466354370117,4.321981906890869,649083
2004-01-20,8.506546974182129,8.888668060302734,8.45009708404541,8.814848899841309,4.499295234680176,577780
2004-01-21,8.814848899841309,8.814848899841309,8.424042701721191,8.597735404968262,4.388474464416504,438519
2004-01-22,8.57602310180664,8.780111312866211,8.380620002746582,8.4066743850708,4.290954113006592,216682
2004-01-23,8.411016464233398,8.771427154541016,8.402332305908203,8.571681022644043,4.375175476074219,107321
2004-01-26,8.658527374267578,8.68458080291748,8.445755004882812,8.445755004882812,4.310901641845703,187661
2004-01-27,8.554311752319336,8.610761642456055,8.05625057220459,8.337197303771973,4.255490779876709,312500
2004-01-28,8.389305114746094,8.4066743850708,7.447028160095215,7.494792938232422,3.825510025024414,406204
2004-01-29,7.594666004180908,7.7379608154296875,7.295482158660889,7.442686080932617,3.7989115715026855,310112
2004-01-30,7.533874034881592,7.924680233001709,7.533874034881592,7.816123008728027,3.9895224571228027,564301
2004-02-02,7.850861072540283,7.889942169189453,7.77269983291626,7.811779975891113,3.9873056411743164,343988
2004-02-03,7.7944111824035645,7.837833881378174,7.755331039428711,7.816123008728027,3.9895224571228027,371320
2004-02-04,7.816123008728027,7.816123008728027,7.612034797668457,7.70322322845459,3.9318959712982178,61907
2004-02-05,7.72927713394165,8.193902015686035,7.638089179992676,8.141794204711914,4.155752182006836,603377
2004-02-06,8.219956398010254,8.675895690917969,8.12008285522461,8.649842262268066,4.415071487426758,724813
2004-02-09,8.61944580078125,8.901695251464844,8.510889053344727,8.879983901977539,4.532541751861572,270117
2004-02-10,8.827876091003418,9.118809700012207,8.827876091003418,9.118809700012207,4.65444278717041,337338
2004-02-11,9.018937110900879,9.33592414855957,8.923406600952148,9.33592414855957,4.765262126922607,337206
2004-02-12,9.314212799072266,9.383689880371094,9.153548240661621,9.19697093963623,4.694338321685791,194839
2004-02-13,9.131836891174316,9.531327247619629,9.118809700012207,9.405835151672363,4.800946235656738,217141
2004-02-17,9.531327247619629,9.770153045654297,9.444915771484375,9.683307647705078,4.9425740242004395,130732
2004-02-18,9.665938377380371,9.683307647705078,9.509615898132324,9.531327247619629,4.865002155303955,413751
2004-02-19,9.531327247619629,9.661596298217773,9.357636451721191,9.409743309020996,4.802940368652344,64799
2004-02-20,9.36631965637207,9.37934684753418,8.57602310180664,8.610761642456055,4.395123481750488,93591
2004-02-23,8.61944580078125,8.665474891662598,7.694972991943359,7.859546184539795,4.011686325073242,452843
2004-02-24,7.989813804626465,8.098370552062988,7.816123008728027,7.929021835327148,4.047148704528809,201481
2004-02-25,7.933363914489746,8.424042701721191,7.8465189933776855,8.358908653259277,4.26657247543335,126829
2004-02-26,8.285090446472168,8.484834671020508,8.206929206848145,8.432727813720703,4.304251670837402,74023
2004-02-27,8.484834671020508,8.554311752319336,8.094029426574707,8.424042701721191,4.2998175621032715,72692
2004-03-01,8.458782196044922,8.671553611755371,8.384963035583496,8.610761642456055,4.395123481750488,48119
2004-03-02,8.675895690917969,8.68458080291748,8.172189712524414,8.597735404968262,4.388474464416504,69518
2004-03-03,8.641158103942871,8.641158103942871,8.272063255310059,8.376277923583984,4.275436878204346,91926
2004-03-04,8.380620002746582,8.58905029296875,8.12008285522461,8.250351905822754,4.21116304397583,71658
2004-03-05,8.098370552062988,8.185216903686523,7.9507341384887695,8.180874824523926,4.175699710845947,87960
2004-03-08,8.189559936523438,8.189559936523438,8.002840995788574,8.03323745727539,4.100343227386475,287097
2004-03-09,8.03323745727539,8.315485954284668,7.885599136352539,7.93770694732666,4.051581859588623,429450
2004-03-10,7.939877986907959,8.337197303771973,7.798752784729004,8.150479316711426,4.160184860229492,227801
2004-03-11,8.150479316711426,8.189559936523438,8.03323745727539,8.03323745727539,4.100343227386475,63910
2004-03-12,8.24600887298584,8.250351905822754,8.03323745727539,8.085345268249512,4.1269402503967285,36950
2004-03-15,8.159164428710938,8.285090446472168,8.12008285522461,8.206929206848145,4.188998699188232,185310
2004-03-16,8.293774604797363,8.337197303771973,8.054948806762695,8.154821395874023,4.1624016761779785,219550
2004-03-17,8.141794204711914,8.31114387512207,8.085345268249512,8.137452125549316,4.15353536605835,131260
2004-03-18,8.219956398010254,8.228639602661133,8.03323745727539,8.041921615600586,4.1047749519348145,55730
2004-03-19,8.037578582763672,8.111397743225098,7.929021835327148,8.067975044250488,4.118073463439941,141653
2004-03-22,7.915995121002197,8.002840995788574,7.881257057189941,7.929021835327148,4.047148704528809,93729
2004-03-23,7.902967929840088,8.315485954284668,7.902967929840088,7.989813804626465,4.078179359436035,128236
2004-03-24,8.154821395874023,8.206929206848145,7.77269983291626,7.929021835327148,4.047148704528809,180635
2004-03-25,7.929021835327148,8.03323745727539,7.811779975891113,8.002840995788574,4.084827899932861,130882
2004-03-26,8.1070556640625,8.206929206848145,7.711907863616943,8.002840995788574,4.084827899932861,2789601
2004-03-29,8.037578582763672,8.250351905822754,8.002840995788574,8.028895378112793,4.0981268882751465,341172
2004-03-30,8.098370552062988,8.12008285522461,7.894283771514893,7.963759899139404,4.064878463745117,214246
2004-03-31,7.889942169189453,8.015868186950684,7.829148769378662,7.929021835327148,4.047148704528809,118785
2004-04-01,7.902967929840088,8.059290885925293,7.902967929840088,7.998498916625977,4.082611083984375,128920
2004-04-02,8.050605773925781,8.050605773925781,7.924680233001709,8.03323745727539,4.100343227386475,375730
2004-04-05,8.03323745727539,8.137452125549316,7.968102931976318,8.102713584899902,4.135804653167725,239762
2004-04-06,8.054948806762695,8.054948806762695,7.994156837463379,8.054948806762695,4.111425399780273,120694
2004-04-07,7.955076217651367,8.011526107788086,7.9116530418396,7.9507341384887695,4.058231830596924,81917
2004-04-08,8.206929206848145,8.263379096984863,7.994156837463379,7.994156837463379,4.080394744873047,181056
2004-04-12,8.03323745727539,8.03323745727539,7.924680233001709,8.03323745727539,4.100343227386475,75084
2004-04-13,8.011526107788086,8.054948806762695,7.516504764556885,7.56427001953125,3.860971689224243,350655
2004-04-14,7.594666004180908,7.694538116455078,7.555584907531738,7.638089179992676,3.8986499309539795,141922
2004-04-15,7.642430782318115,7.6901960372924805,7.486108779907227,7.512162208557129,3.8343751430511475,228777
2004-04-16,7.516504764556885,7.581638813018799,7.125698089599609,7.125698089599609,3.6371142864227295,289137
2004-04-19,7.1387248039245605,7.229913234710693,6.999772071838379,7.156094074249268,3.6526296138763428,351263
2004-04-20,7.229913234710693,7.447028160095215,7.082274913787842,7.303731918334961,3.7279868125915527,437593
2004-04-21,7.4340009689331055,7.781383991241455,7.425315856933594,7.637653827667236,3.898428440093994,325254
2004-04-22,7.633746147155762,7.9116530418396,7.529531002044678,7.87257194519043,4.018334865570068,118082
2004-04-23,7.8421759605407715,8.21561336517334,7.77269983291626,8.133110046386719,4.151320457458496,436410
2004-04-26,8.12008285522461,8.224297523498535,7.968102931976318,8.185216903686523,4.177916049957275,449937
2004-04-27,8.1070556640625,8.298116683959961,8.081002235412598,8.189559936523438,4.180132865905762,691107
2004-04-28,8.193902015686035,8.250351905822754,8.07666015625,8.224297523498535,4.197864055633545,443424
2004-04-29,8.133110046386719,8.328513145446777,8.115740776062012,8.163505554199219,4.166834354400635,205244
2004-04-30,8.206929206848145,8.206929206848145,7.555584907531738,7.694538116455078,3.927461862564087,206508
2004-05-03,7.720158100128174,8.141794204711914,7.720158100128174,8.141794204711914,4.155752182006836,144456
2004-05-04,8.128767967224121,8.832219123840332,8.011526107788086,8.641158103942871,4.410638809204102,854224
2004-05-05,8.641158103942871,8.767084121704102,8.4370698928833,8.554311752319336,4.366310119628906,332255
2004-05-06,8.471808433532715,8.680237770080566,8.302458763122559,8.597735404968262,4.388474464416504,307188
2004-05-07,8.467466354370117,8.597735404968262,8.115740776062012,8.12008285522461,4.144669532775879,267199
2004-05-10,8.141794204711914,8.293774604797363,7.668485164642334,7.93770694732666,4.051581859588623,629517
2004-05-11,7.89862585067749,8.31114387512207,7.590322971343994,8.219956398010254,4.195648193359375,575120
2004-05-12,8.206929206848145,8.358908653259277,8.094029426574707,8.328513145446777,4.2510576248168945,311833
2004-05-13,8.206929206848145,8.32417106628418,8.085345268249512,8.20258617401123,4.186779975891113,177825
2004-05-14,8.206929206848145,8.250351905822754,7.855203151702881,7.924680233001709,4.044933319091797,206614
2004-05-17,7.837833881378174,7.837833881378174,7.646772861480713,7.651115894317627,3.905298948287964,196741
2004-05-18,7.651115894317627,8.067975044250488,7.447028160095215,7.468739032745361,3.8122103214263916,459255
2004-05-19,7.512162208557129,7.989813804626465,7.451369762420654,7.746645927429199,3.9540605545043945,480304
2004-05-20,7.7944111824035645,7.7944111824035645,7.481766223907471,7.568612098693848,3.863187313079834,216650
2004-05-21,7.70322322845459,7.70322322845459,7.551242828369141,7.642430782318115,3.9008655548095703,183495
2004-05-24,7.6901960372924805,7.820465087890625,7.607693195343018,7.724934101104736,3.942976474761963,722386
2004-05-25,7.70322322845459,7.77269983291626,7.473082065582275,7.711907863616943,3.936328649520874,671739
2004-05-26,7.646772861480713,7.8421759605407715,7.577297210693359,7.777041912078857,3.9695749282836914,236911
2004-05-27,7.803095817565918,7.824807167053223,7.599008083343506,7.816123008728027,3.9895224571228027,589951
2004-05-28,7.707564830780029,7.777041912078857,7.416632175445557,7.642430782318115,3.9008655548095703,209516
2004-06-01,7.655457973480225,7.742303848266602,7.599008083343506,7.638089179992676,3.8986499309539795,147804
2004-06-02,7.677168846130371,7.681511878967285,7.468739032745361,7.503478050231934,3.8299427032470703,100225
2004-06-03,7.455711841583252,7.486108779907227,7.212543964385986,7.31675910949707,3.734635829925537,373305
2004-06-04,7.321101188659668,7.546901226043701,7.182147979736328,7.212543964385986,3.681443214416504,251104
2004-06-07,7.820465087890625,8.12008285522461,7.66414213180542,8.054948806762695,4.111425399780273,2088365
2004-06-08,8.072318077087402,8.272063255310059,7.889942169189453,8.24600887298584,4.208946704864502,1041687
2004-06-09,8.25903606414795,8.367593765258789,8.12008285522461,8.25903606414795,4.215594291687012,692049
2004-06-10,8.26120662689209,8.276405334472656,8.219956398010254,8.276405334472656,4.224460124969482,511812
2004-06-14,8.12008285522461,8.24600887298584,8.03323745727539,8.098370552062988,4.133587837219238,231281
2004-06-15,8.159164428710938,8.163505554199219,7.924680233001709,8.085345268249512,4.1269402503967285,386452
2004-06-16,8.163505554199219,8.185216903686523,8.059290885925293,8.111397743225098,4.140237331390381,646725
2004-06-17,8.163505554199219,8.224297523498535,8.067975044250488,8.219956398010254,4.195648193359375,604100
2004-06-18,8.189559936523438,8.228639602661133,7.963759899139404,8.228639602661133,4.2000813484191895,467050
2004-06-21,8.228639602661133,8.250351905822754,8.08968734741211,8.211271286010742,4.191215991973877,659796
2004-06-22,8.224297523498535,8.250351905822754,8.12008285522461,8.206929206848145,4.188998699188232,391687
2004-06-23,8.206929206848145,8.272063255310059,8.172189712524414,8.250351905822754,4.21116304397583,440686
2004-06-24,8.250351905822754,8.250351905822754,8.1070556640625,8.211271286010742,4.191215991973877,296783
2004-06-25,8.224297523498535,8.224297523498535,6.383166790008545,8.020210266113281,4.093693733215332,2823403
2004-06-28,8.03323745727539,8.03323745727539,7.7379608154296875,7.811779975891113,3.9873056411743164,408726
2004-06-29,7.811779975891113,7.902967929840088,7.7379608154296875,7.89862585067749,4.03163480758667,309712
2004-06-30,7.920338153839111,7.955076217651367,7.768356800079346,7.824807167053223,3.993955373764038,797608
2004-07-01,7.790069103240967,7.790069103240967,7.460054874420166,7.460054874420166,3.807777166366577,719652
2004-07-02,7.407947063446045,7.407947063446045,7.0258259773254395,7.134383201599121,3.6415467262268066,1005667
2004-07-06,7.064906120300293,7.064906120300293,6.8347649574279785,6.847792148590088,3.4952661991119385,846440
2004-07-07,6.917267799377441,7.338470935821533,6.891214847564697,7.308074951171875,3.7302026748657227,1278790
2004-07-08,7.186490058898926,7.203859806060791,6.982402801513672,6.999772071838379,3.572840452194214,419766
2004-07-09,7.01279878616333,7.1951751708984375,6.995429992675781,7.073591232299805,3.6105189323425293,560683
2004-07-12,7.01279878616333,7.056221961975098,6.81739616394043,6.873846054077148,3.508563756942749,513984
2004-07-13,6.8521342277526855,7.117013931274414,6.795683860778809,7.043194770812988,3.5950028896331787,886023
2004-07-14,7.043194770812988,7.064906120300293,6.791341781616211,6.9216108322143555,3.5329434871673584,674779
2004-07-15,6.904242038726807,7.01279878616333,6.882530212402344,6.912926197052002,3.528510808944702,1883038
2004-07-16,7.607693195343018,7.972445011138916,7.490450859069824,7.781383991241455,3.9717907905578613,2492845
2004-07-19,7.711907863616943,7.720592021942139,7.581638813018799,7.633746147155762,3.8964335918426514,1325671
2004-07-20,7.72927713394165,7.72927713394165,7.490450859069824,7.642430782318115,3.9008655548095703,2879332
2004-07-21,7.651115894317627,7.816123008728027,7.577297210693359,7.599008083343506,3.8787033557891846,892132
2004-07-22,7.581638813018799,7.677168846130371,7.490450859069824,7.568612098693848,3.863187313079834,1022720
2004-07-23,7.599008083343506,7.694538116455078,7.507820129394531,7.685853958129883,3.923030376434326,874478
2004-07-26,7.707564830780029,7.742303848266602,7.66414213180542,7.716249942779541,3.9385459423065186,1282168
2004-07-27,7.711907863616943,7.72927713394165,7.555584907531738,7.607693195343018,3.8831357955932617,415257
2004-07-28,7.594666004180908,7.629404067993164,7.338470935821533,7.407947063446045,3.7811806201934814,686324
2004-07-29,7.464396953582764,7.542558193206787,7.338470935821533,7.447028160095215,3.8011279106140137,527723
2004-07-30,7.381894111633301,7.555584907531738,7.381894111633301,7.555584907531738,3.8565378189086914,389149
2004-08-02,7.490450859069824,7.490450859069824,7.381894111633301,7.447028160095215,3.8011279106140137,548355
2004-08-03,7.464396953582764,7.56427001953125,7.342813014984131,7.412290096282959,3.7833969593048096,565749
2004-08-04,7.373208999633789,7.468739032745361,7.286363124847412,7.420973777770996,3.787830352783203,186569
2004-08-05,7.403604984283447,7.416632175445557,7.255967140197754,7.321101188659668,3.7368524074554443,204590
2004-08-06,7.29070520401001,7.29070520401001,6.891214847564697,6.9476637840271,3.546241283416748,321279
2004-08-09,7.030168056488037,7.164779186248779,6.869503021240234,6.878188133239746,3.510779857635498,246528
2004-08-10,6.908584117889404,7.221229076385498,6.873846054077148,7.156094074249268,3.6526296138763428,360487
2004-08-11,7.099645137786865,7.277678966522217,6.856475830078125,7.186490058898926,3.6681439876556396,579198
2004-08-12,7.164779186248779,7.247282981872559,7.099645137786865,7.1778059005737305,3.6637117862701416,309567
2004-08-13,7.19083309173584,7.208201885223389,7.056221961975098,7.086617946624756,3.6171679496765137,192865
2004-08-16,7.112671852111816,7.338470935821533,7.086617946624756,7.264651775360107,3.7080395221710205,292062
2004-08-17,7.29070520401001,7.755331039428711,7.234255790710449,7.707564830780029,3.934112310409546,778303
2004-08-18,7.599008083343506,7.902967929840088,7.486108779907227,7.868229866027832,4.016119956970215,861211
2004-08-19,7.868229866027832,7.924680233001709,7.77269983291626,7.859546184539795,4.011686325073242,985675
2004-08-20,7.894283771514893,7.968102931976318,7.807437896728516,7.933363914489746,4.049365043640137,921891
2004-08-23,7.915995121002197,8.046263694763184,7.915995121002197,8.046263694763184,4.106990814208984,554417
2004-08-24,8.041921615600586,8.046263694763184,7.685853958129883,7.816123008728027,3.9895224571228027,579302
2004-08-25,7.859546184539795,7.9507341384887695,7.7944111824035645,7.9463911056518555,4.056013107299805,1321905
2004-08-26,7.959417819976807,7.959417819976807,7.8421759605407715,7.9116530418396,4.038283348083496,395415
2004-08-27,7.93770694732666,8.206929206848145,7.855203151702881,8.193902015686035,4.182349681854248,869621
2004-08-30,8.358908653259277,8.68458080291748,8.206929206848145,8.49351978302002,4.335280895233154,2489826
2004-08-31,8.415358543395996,8.49351978302002,8.219956398010254,8.46312427520752,4.319766521453857,1259922
2004-09-01,8.502204895019531,9.249078750610352,8.467466354370117,9.244735717773438,4.718718528747559,2958443
2004-09-02,9.118809700012207,9.600804328918457,9.088414192199707,9.553038597106934,4.8760833740234375,2130175
2004-09-03,9.522643089294434,9.544354438781738,9.053674697875977,9.088414192199707,4.638927459716797,1276123
2004-09-07,9.101441383361816,9.227367401123047,8.997225761413574,9.140521049499512,4.665524482727051,226161
2004-09-08,9.123151779174805,9.461851119995117,9.118809700012207,9.357636451721191,4.7763447761535645,997487
2004-09-09,9.33592414855957,9.605146408081055,9.097098350524902,9.500930786132812,4.849486351013184,1117684
2004-09-10,9.522643089294434,9.70936107635498,9.327239990234375,9.59646224975586,4.898248672485352,896906
2004-09-13,9.553038597106934,9.978583335876465,9.505273818969727,9.744099617004395,4.973603248596191,1197441
2004-09-14,9.696333885192871,9.830945014953613,9.657254219055176,9.748441696166992,4.975820541381836,653272
2004-09-15,9.683307647705078,9.70936107635498,9.440138816833496,9.511787414550781,4.855029106140137,886564
2004-09-16,9.518301010131836,9.878710746765137,9.518301010131836,9.822260856628418,5.01350212097168,701169
2004-09-17,9.843972206115723,10.035033226013184,9.774496078491211,9.987268447875977,5.097724914550781,1608915
2004-09-20,9.900422096252441,10.312939643859863,9.856999397277832,10.304254531860352,5.259520053863525,819813
2004-09-21,10.352020263671875,10.443207740783691,10.273859024047852,10.421497344970703,5.319362163543701,903308
2004-09-22,10.386758804321289,10.443207740783691,9.987268447875977,10.091483116149902,5.150915622711182,924525
2004-09-23,10.10885238647461,10.46926212310791,9.874367713928223,10.347678184509277,5.281683444976807,560630
2004-09-24,10.226094245910645,10.27820110321045,9.309870719909668,9.59646224975586,4.898248672485352,2531597
2004-09-27,9.535670280456543,9.635541915893555,9.292501449584961,9.513957977294922,4.856135368347168,1039145
2004-09-28,9.518301010131836,9.574749946594238,9.344609260559082,9.44448184967041,4.820674419403076,1084934
2004-09-29,9.392374038696289,9.548697471618652,9.361977577209473,9.492246627807617,4.845052719116211,1222499
2004-09-30,9.509615898132324,9.618172645568848,9.496588706970215,9.59646224975586,4.898248672485352,1413834
2004-10-01,9.678964614868164,10.894806861877441,9.652912139892578,10.816644668579102,5.521056175231934,4070745
2004-10-04,10.84269905090332,11.333377838134766,10.812302589416504,11.107579231262207,5.6695556640625,2009245
2004-10-05,11.137974739074707,11.289955139160156,10.925203323364258,10.999021530151367,5.6141438484191895,1506234
2004-10-06,11.372459411621094,11.372459411621094,11.072840690612793,11.164029121398926,5.698367595672607,1682929
2004-10-07,11.207451820373535,11.246532440185547,10.71677303314209,10.773222923278809,5.498891830444336,1381040
2004-10-08,10.773222923278809,10.920860290527344,10.291228294372559,10.399785995483398,5.308281898498535,928878
2004-10-11,10.404128074645996,10.53439712524414,10.269516944885254,10.490974426269531,5.354825019836426,553081
2004-10-12,10.378073692321777,10.378073692321777,9.94384479522705,10.0958251953125,5.153133392333984,1159224
2004-10-13,10.265174865722656,10.37373161315918,10.039375305175781,10.239121437072754,5.226275444030762,1398450
2004-10-14,10.260831832885742,10.260831832885742,9.987268447875977,9.987268447875977,5.097724914550781,596019
2004-10-15,10.113194465637207,10.113194465637207,9.770153045654297,9.843972206115723,5.024582386016846,580728
2004-10-18,10.017663955688477,10.121878623962402,9.678964614868164,9.891737937927246,5.0489630699157715,608616
2004-10-19,9.965556144714355,10.117536544799805,9.770153045654297,9.809233665466309,5.006852149963379,919332
2004-10-20,9.804891586303711,10.182670593261719,9.804891586303711,10.043718338012695,5.12653923034668,1795609
2004-10-21,10.964282989501953,11.333377838134766,10.551766395568848,11.016390800476074,5.623012065887451,4210123
2004-10-22,11.020732879638672,12.783702850341797,10.68203353881836,12.458030700683594,6.358856201171875,9306210
2004-10-25,12.527507781982422,13.395965576171875,11.832740783691406,12.084593772888184,6.168245315551758,7618426
2004-10-26,12.245259284973145,12.258286476135254,11.776291847229004,11.832740783691406,6.0396928787231445,2809579
2004-10-27,11.928272247314453,12.266535758972168,11.46364688873291,11.880507469177246,6.064073085784912,3187987
2004-10-28,11.915245056152344,12.219204902648926,11.789319038391113,12.071566581726074,6.16159725189209,965255
2004-10-29,12.266969680786133,12.375528335571289,11.936956405639648,12.12801742553711,6.1904096603393555,1987024
2004-11-01,12.12801742553711,12.462373733520508,12.049856185913086,12.410265922546387,6.334473609924316,1751980
2004-11-02,12.505796432495117,13.200563430786133,12.505796432495117,12.831467628479004,6.549465656280518,3330005
2004-11-03,13.092005729675293,13.200563430786133,12.59698486328125,12.87489128112793,6.571630477905273,1887047
2004-11-04,12.727252960205078,13.109375,12.636064529418945,13.026870727539062,6.649206161499023,1369620
2004-11-05,13.09634780883789,13.62176513671875,13.026870727539062,13.461099624633789,6.870843410491943,1563416
2004-11-08,13.721637725830078,13.851906776428223,13.070294380187988,13.243986129760742,6.760026454925537,1311360
2004-11-09,13.287408828735352,13.287408828735352,12.86186408996582,12.97042179107666,6.620389938354492,810846
2004-11-10,13.070294380187988,13.62176513671875,12.983448028564453,13.157139778137207,6.715700149536133,952188
2004-11-11,13.187536239624023,13.773744583129883,13.09634780883789,13.747692108154297,7.017127513885498,976583
2004-11-12,13.851906776428223,14.459827423095703,13.531010627746582,14.433773040771484,7.3673200607299805,3265354
2004-11-15,14.372981071472168,14.472853660583496,13.99520206451416,14.19929027557373,7.24763298034668,1609028
2004-11-16,15.892783164978027,17.304027557373047,15.636588096618652,16.778610229492188,8.564172744750977,11408863
2004-11-17,16.930591583251953,17.139020919799805,15.936205863952637,16.235824584960938,8.287123680114746,3445071
2004-11-18,16.044763565063477,16.63531494140625,16.044763565063477,16.500703811645508,8.42232608795166,869174
2004-11-19,16.46162223815918,16.596233367919922,15.914495468139648,16.06647491455078,8.20068645477295,576651
2004-11-22,16.06647491455078,16.06647491455078,15.645273208618164,15.988313674926758,8.160789489746094,1428591
2004-11-23,15.88844108581543,15.988313674926758,15.50197696685791,15.701722145080566,8.014505386352539,1051260
2004-11-24,15.871071815490723,16.500703811645508,15.792909622192383,16.33135414123535,8.335886001586914,1219711
2004-11-26,16.496362686157227,16.500703811645508,16.340038299560547,16.392147064208984,8.366915702819824,199613
2004-11-29,16.422542572021484,16.544126510620117,15.84501838684082,15.892783164978027,8.11202621459961,1647915
2004-11-30,15.84501838684082,15.897125244140625,15.31091594696045,15.436842918395996,7.879308223724365,1215621
2004-12-01,15.762514114379883,16.283588409423828,15.745144844055176,16.057790756225586,8.196253776550293,1474007
2004-12-02,16.296615600585938,16.500703811645508,15.975287437438965,16.03607940673828,8.185171127319336,847522
2004-12-03,16.361751556396484,16.361751556396484,15.897125244140625,15.936205863952637,8.134194374084473,963797
2004-12-06,15.723434448242188,15.910152435302734,15.436842918395996,15.445527076721191,7.883742809295654,1175462
2004-12-07,15.519346237182617,15.723434448242188,14.889714241027832,15.011298179626465,7.6620988845825195,1055721
2004-12-08,14.963533401489258,15.70606517791748,14.95919132232666,15.389077186584473,7.85492467880249,1273806
2004-12-09,15.215386390686035,16.392147064208984,15.198017120361328,16.283588409423828,8.311504364013672,2128747
2004-12-10,16.35740852355957,17.039148330688477,16.175031661987305,16.60926055908203,8.477736473083496,2947075
2004-12-13,16.643999099731445,16.874141693115234,16.322669982910156,16.56149673461914,8.453356742858887,621939
2004-12-14,16.687421798706055,17.20415496826172,16.492019653320312,16.891510009765625,8.621803283691406,993107
2004-12-15,17.043489456176758,17.799049377441406,16.934932708740234,17.13033676147461,8.743703842163086,4422030
2004-12-16,17.147705078125,17.15204620361328,15.33262825012207,15.710407257080078,8.018942832946777,3249110
2004-12-17,15.4585542678833,16.27056121826172,14.446800231933594,16.170690536499023,8.253880500793457,3764310
2004-12-20,16.379119873046875,16.44859504699707,15.493291854858398,15.697380065917969,8.012292861938477,1142466
2004-12-21,15.571454048156738,16.34438133239746,15.571454048156738,16.27056121826172,8.304855346679688,1091119
2004-12-22,16.322669982910156,16.348724365234375,15.979628562927246,16.062131881713867,8.198469161987305,750702
2004-12-23,15.962260246276855,16.37043571472168,15.962260246276855,16.07950210571289,8.20733642578125,464436
2004-12-27,16.175031661987305,16.287931442260742,15.805936813354492,15.927520751953125,8.12975788116455,489009
2004-12-28,16.001340866088867,16.07950210571289,15.701722145080566,16.07950210571289,8.20733642578125,475760
2004-12-29,16.235824584960938,16.279247283935547,15.675668716430664,15.831991195678711,8.080998420715332,401861
2004-12-30,16.00568389892578,16.248851776123047,15.884099006652832,16.1229248046875,8.229498863220215,450877
2004-12-31,16.1533203125,16.91322135925293,15.371707916259766,16.157663345336914,8.247228622436523,1390185
2005-01-03,16.188058853149414,16.327011108398438,15.198017120361328,15.36302375793457,7.84162712097168,1576163
2005-01-04,15.558426856994629,15.588823318481445,14.611806869506836,15.150251388549805,7.733025550842285,1158268
2005-01-05,15.072090148925781,15.449869155883789,14.472853660583496,14.78549861907959,7.546848773956299,1373272
2005-01-06,14.872344970703125,15.106828689575195,14.485880851745605,14.759445190429688,7.533551216125488,1183327
2005-01-07,14.868002891540527,15.180646896362305,14.663914680480957,14.720364570617676,7.513599395751953,967252
2005-01-10,14.763788223266602,15.184989929199219,14.221000671386719,14.60312271118164,7.453756809234619,1212242
2005-01-11,15.180646896362305,16.513731002807617,14.559700012207031,15.67132568359375,7.998992919921875,5140475
2005-01-12,15.680010795593262,16.66571044921875,15.67132568359375,16.539783477783203,8.442272186279297,2571417
2005-01-13,16.69176483154297,17.139020919799805,16.183717727661133,16.852428436279297,8.60185432434082,2059297
2005-01-14,16.94361686706543,17.243236541748047,16.435569763183594,16.63531494140625,8.491036415100098,1502515
2005-01-18,16.60926055908203,17.09125518798828,16.500703811645508,16.865455627441406,8.608503341674805,1510744
2005-01-19,16.822032928466797,17.416927337646484,16.613603591918945,16.8437442779541,8.597421646118164,2466564
2005-01-20,16.717817306518555,17.247577667236328,16.283588409423828,16.565837860107422,8.455571174621582,1058346
2005-01-21,16.56149673461914,16.687421798706055,16.248851776123047,16.366092681884766,8.353614807128906,785306
2005-01-24,16.135950088500977,16.465965270996094,15.610533714294434,15.70606517791748,8.0167236328125,1081279
2005-01-25,15.636588096618652,16.170690536499023,15.636588096618652,15.762514114379883,8.045536041259766,575297
2005-01-26,15.71909236907959,16.10989761352539,15.632246017456055,16.03607940673828,8.185171127319336,731448
2005-01-27,16.088186264038086,16.934932708740234,15.957917213439941,16.713476181030273,8.530926704406738,2431546
2005-01-28,16.891510009765625,17.043489456176758,16.19674301147461,16.4572811126709,8.400163650512695,1371115
2005-01-31,16.544126510620117,16.930591583251953,16.478992462158203,16.891510009765625,8.621803283691406,1259936
2005-02-01,16.934932708740234,17.15204620361328,16.261877059936523,16.348724365234375,8.34475326538086,1359199
2005-02-02,16.287931442260742,16.4572811126709,15.805936813354492,15.97094440460205,8.151923179626465,2088819
2005-02-03,15.510662078857422,16.60926055908203,15.228412628173828,15.905810356140137,8.118678092956543,6950550
2005-02-04,15.901468276977539,16.557153701782227,15.897125244140625,16.500703811645508,8.42232608795166,1346148
2005-02-07,16.44425392150879,16.848087310791016,16.309642791748047,16.513731002807617,8.428976058959961,2022948
2005-02-08,16.96967124938965,17.139020919799805,16.739530563354492,16.839401245117188,8.595205307006836,3742591
2005-02-09,16.991382598876953,18.046558380126953,16.06647491455078,16.8133487701416,8.581908226013184,8845363
2005-02-10,17.06085968017578,17.16507339477539,16.531099319458008,16.748214721679688,8.548661231994629,1968813
2005-02-11,16.982698440551758,17.738256454467773,16.214113235473633,17.647069931030273,9.007457733154297,3827908
2005-02-14,18.324466705322266,18.784748077392578,17.71654510498047,18.571975708007812,9.479546546936035,6176355
2005-02-15,18.62842559814453,18.810802459716797,17.859840393066406,18.020505905151367,9.198062896728516,4379863
2005-02-16,18.011821746826172,18.194196701049805,17.36916160583496,18.02484893798828,9.20028018951416,1971563
2005-02-17,18.194196701049805,18.441707611083984,17.54285430908203,17.942344665527344,9.158172607421875,1533211
2005-02-18,17.91194725036621,18.33315086364746,17.68614959716797,17.803390502929688,9.087244987487793,1451049
2005-02-22,17.69049072265625,18.194196701049805,17.421268463134766,17.564565658569336,8.965344429016113,2128457
2005-02-23,17.490745544433594,17.8685245513916,16.769926071166992,17.099939346313477,8.728188514709473,2545746
2005-02-24,16.995725631713867,17.360477447509766,16.726503372192383,17.330081939697266,8.845662117004395,1530599
2005-02-25,17.473377227783203,17.96839714050293,17.40824317932129,17.946687698364258,9.160388946533203,1402554
2005-02-28,17.946687698364258,18.12906265258789,17.416927337646484,17.69049072265625,9.029618263244629,1516043
2005-03-01,17.90760612487793,17.972740173339844,17.486404418945312,17.625356674194336,8.996373176574707,1294240
2005-03-02,17.477718353271484,17.91194725036621,17.052175521850586,17.781679153442383,9.076164245605469,1895087
2005-03-03,17.790363311767578,18.011821746826172,17.373504638671875,17.634042739868164,9.00080680847168,1472080
2005-03-04,17.803390502929688,17.90760612487793,17.599302291870117,17.86418342590332,9.118274688720703,1446107
2005-03-07,18.12906265258789,19.496883392333984,18.05524444580078,19.45780372619629,9.931694984436035,6377746
2005-03-08,19.35793113708496,20.096120834350586,19.040943145751953,19.553333282470703,9.980453491210938,6340701
2005-03-09,19.535964965820312,19.535964965820312,18.66880989074707,18.789091110229492,9.590367317199707,2074649
2005-03-10,18.8021183013916,19.38832664489746,17.8989200592041,19.297138214111328,9.849688529968262,3806011
2005-03-11,19.570703506469727,19.64886474609375,18.585002899169922,18.750009536743164,9.570420265197754,2624801
2005-03-14,18.88896369934082,18.997520446777344,18.359203338623047,18.519868850708008,9.452953338623047,1225228
2005-03-15,18.62408447265625,18.645795822143555,17.22152328491211,17.4516658782959,8.90771770477295,4350867
2005-03-16,17.260604858398438,17.842472076416016,16.995725631713867,17.15204620361328,8.754786491394043,2241740
2005-03-17,17.1173095703125,17.43863868713379,17.1173095703125,17.43863868713379,8.901068687438965,990564
2005-03-18,17.169416427612305,17.32573890686035,15.64093017578125,16.522415161132812,8.433408737182617,6100264
2005-03-21,18.563291549682617,18.823829650878906,17.764310836791992,18.233278274536133,9.306673049926758,5837128
2005-03-22,18.411312103271484,18.66750717163086,18.072612762451172,18.302753448486328,9.342130661010742,1624633
2005-03-23,18.341835021972656,18.736982345581055,18.246305465698242,18.62408447265625,9.506144523620605,2099792
2005-03-24,18.676191329956055,18.88896369934082,18.294069290161133,18.550264358520508,9.468467712402344,976832
2005-03-28,18.602371215820312,19.106077194213867,18.454734802246094,18.98883628845215,9.692323684692383,2554635
2005-03-29,19.4100399017334,19.4100399017334,18.241962432861328,18.459077835083008,9.421923637390137,2182147
2005-03-30,18.454734802246094,18.963651657104492,18.424339294433594,18.88896369934082,9.641348838806152,1493140
2005-03-31,18.88896369934082,18.97580909729004,18.67184829711914,18.7717227935791,9.581504821777344,1581630
2005-04-01,18.849882125854492,19.062654495239258,18.40262794494629,18.619741439819336,9.503931045532227,2053052
2005-04-04,18.736982345581055,18.736982345581055,17.977083206176758,18.56763458251953,9.47733211517334,1446153
2005-04-05,18.93238639831543,19.566360473632812,18.810802459716797,19.518596649169922,9.962721824645996,3401294
2005-04-06,19.566360473632812,19.965852737426758,19.214635848999023,19.323192596435547,9.862984657287598,2249163
2005-04-07,19.44477653503418,19.738750457763672,19.245031356811523,19.553333282470703,9.980453491210938,1378733
2005-04-08,19.62281036376953,19.822555541992188,19.323192596435547,19.362272262573242,9.882935523986816,683473
2005-04-11,19.844268798828125,19.844268798828125,19.09305191040039,19.258058547973633,9.82973861694336,1855898
2005-04-12,19.37529945373535,19.41438102722168,18.88896369934082,19.37529945373535,9.889579772949219,935160
2005-04-13,19.4100399017334,19.462146759033203,18.558950424194336,18.72829818725586,9.55933952331543,1051652
2005-04-14,18.81514549255371,18.88896369934082,17.26494789123535,17.903263092041016,9.138224601745605,2566145
2005-04-15,17.707860946655273,17.772994995117188,16.088186264038086,16.804664611816406,8.577475547790527,5965756
2005-04-18,16.596233367919922,17.35613441467285,16.37043571472168,17.09125518798828,8.723756790161133,1484214
2005-04-19,17.35179328918457,17.586275100708008,16.995725631713867,17.186786651611328,8.772516250610352,1904837
2005-04-20,17.4516658782959,17.67312240600586,16.878482818603516,16.91322135925293,8.632883071899414,1785000
2005-04-21,16.934932708740234,17.725229263305664,16.934932708740234,17.694833755493164,9.031834602355957,2026672
2005-04-22,14.763788223266602,15.011298179626465,13.026870727539062,13.912698745727539,7.1013503074646,24229893
2005-04-25,13.89967155456543,14.012571334838867,12.227890014648438,12.657776832580566,6.460812091827393,10570506
2005-04-26,12.332104682922363,12.948275566101074,12.19315242767334,12.618696212768555,6.440863609313965,4106231
2005-04-27,12.410265922546387,12.4753999710083,11.467988967895508,11.715499877929688,5.9798502922058105,8378921
2005-04-28,11.563518524169922,11.61562728881836,11.01204776763916,11.116263389587402,5.673985958099365,6777740
2005-04-29,11.337719917297363,11.637337684631348,11.033760070800781,11.537466049194336,5.888976573944092,4006403
2005-05-02,11.537466049194336,11.55917739868164,10.959940910339355,11.224821090698242,5.729397773742676,3208203
2005-05-03,11.072840690612793,11.55917739868164,10.725457191467285,11.281270980834961,5.758210182189941,5983146
2005-05-04,11.35508918762207,12.301709175109863,11.342062950134277,12.19315242767334,6.223655700683594,5204121
2005-05-05,12.414608001708984,12.76633358001709,12.323419570922852,12.397238731384277,6.327824592590332,4126960
2005-05-06,12.701199531555176,12.72291088104248,12.088936805725098,12.431978225708008,6.345558166503906,1655068
2005-05-09,12.440662384033203,12.94002628326416,12.332104682922363,12.94002628326416,6.604877948760986,1936339
2005-05-10,12.853179931640625,12.918313980102539,12.21008586883545,12.293024063110352,6.274630069732666,1663948
2005-05-11,12.293024063110352,12.466715812683105,11.910902976989746,12.184467315673828,6.219222068786621,1187147
2005-05-12,12.266969680786133,12.670804023742676,12.15841293334961,12.649091720581055,6.4563775062561035,2320620
2005-05-13,12.627381324768066,12.69251537322998,12.249601364135742,12.549219131469727,6.405397891998291,1267460
2005-05-16,12.549219131469727,12.58395767211914,12.197493553161621,12.436320304870605,6.347774505615234,1020753
2005-05-17,12.288681983947754,12.397238731384277,12.084593772888184,12.15841293334961,6.205920696258545,1725932
2005-05-18,12.227890014648438,12.657776832580566,12.054198265075684,12.649091720581055,6.4563775062561035,2076335
2005-05-19,12.653433799743652,13.230958938598633,12.592641830444336,13.022528648376465,6.646986484527588,2196780
2005-05-20,12.983448028564453,13.005160331726074,12.662118911743164,12.753307342529297,6.5095720291137695,1171803
2005-05-23,12.809757232666016,12.822784423828125,12.327762603759766,12.640406608581543,6.451944828033447,1283087
2005-05-24,12.544877052307129,12.640406608581543,12.4753999710083,12.544877052307129,6.403183937072754,1529941
2005-05-25,12.575272560119629,12.575272560119629,12.071566581726074,12.236574172973633,6.24582052230835,732647
2005-05-26,12.167098045349121,12.679488182067871,12.167098045349121,12.670804023742676,6.467459678649902,778939
2005-05-27,12.679488182067871,13.06595230102539,12.679488182067871,12.992133140563965,6.631474018096924,1202904
2005-05-31,13.048583030700684,13.135429382324219,12.761992454528809,12.783702850341797,6.525084972381592,1548631
2005-06-01,12.853179931640625,13.217931747436523,12.76633358001709,13.174509048461914,6.724562644958496,1864958
2005-06-02,13.161481857299805,13.873618125915527,13.031213760375977,13.734664916992188,7.0104780197143555,1618113
2005-06-03,13.68690013885498,14.16455078125,13.60873794555664,14.042966842651367,7.167842388153076,2174294
2005-06-06,14.121129035949707,14.494565963745117,14.086389541625977,14.299161911010742,7.298609256744385,1816637
2005-06-07,14.407719612121582,14.65957260131836,14.268766403198242,14.624834060668945,7.464838981628418,1785661
2005-06-08,14.7985258102417,14.7985258102417,13.613080978393555,13.877960205078125,7.083617687225342,2769070
2005-06-09,14.047309875488281,14.529303550720215,13.395965576171875,14.355611801147461,7.327423572540283,4299730
2005-06-10,14.355611801147461,14.399035453796387,13.973490715026855,14.17757797241211,7.236550807952881,824569
2005-06-13,14.14718246459961,14.281792640686035,14.112443923950195,14.203632354736328,7.249849319458008,1110662
2005-06-14,14.221000671386719,14.28613567352295,14.047309875488281,14.1341552734375,7.214386463165283,779752
2005-06-15,14.203632354736328,14.307847023010254,13.747692108154297,14.21231746673584,7.2542805671691895,1516172
2005-06-16,14.238369941711426,14.416403770446777,13.960463523864746,14.264424324035645,7.28087854385376,1021380
2005-06-17,14.194948196411133,14.442458152770996,14.055994033813477,14.355611801147461,7.327423572540283,1512726
2005-06-20,14.329559326171875,14.481538772583008,14.069021224975586,14.329559326171875,7.314123630523682,627684
2005-06-21,14.316532135009766,14.624834060668945,14.316532135009766,14.52061939239502,7.411646366119385,662231
2005-06-22,14.62917709350586,15.024325370788574,14.459827423095703,14.98958683013916,7.651020050048828,728912
2005-06-23,15.054720878601074,15.315258026123047,14.91142463684082,15.137225151062012,7.726375579833984,1376487
2005-06-24,15.184989929199219,15.184989929199219,14.464170455932617,15.119854927062988,7.7175092697143555,2583912
2005-06-27,15.1285400390625,15.145909309387207,14.694311141967773,14.724706649780273,7.515815734863281,986813
2005-06-28,14.7985258102417,14.94616413116455,14.74207592010498,14.88102912902832,7.595606327056885,1168258
2005-06-29,14.89405632019043,14.967874526977539,14.490222930908203,14.546672821044922,7.42494535446167,911772
2005-06-30,14.58575439453125,14.763788223266602,14.451143264770508,14.50759220123291,7.404998302459717,992347
2005-07-01,14.533645629882812,14.542330741882324,14.221000671386719,14.468511581420898,7.385049343109131,1150342
2005-07-05,14.420746803283691,14.763788223266602,14.320874214172363,14.698653221130371,7.502518653869629,957407
2005-07-06,14.763788223266602,15.111170768737793,14.559700012207031,14.668256759643555,7.487005233764648,1021276
2005-07-07,14.52061939239502,14.915767669677734,14.333901405334473,14.887542724609375,7.598931789398193,616527
2005-07-08,14.811553001403809,14.88102912902832,14.364296913146973,14.590096473693848,7.447110176086426,1688944
2005-07-11,14.61614990234375,14.61614990234375,13.938752174377441,14.234027862548828,7.2653656005859375,2556998
2005-07-12,14.160208702087402,14.642203330993652,14.047309875488281,14.386008262634277,7.34293794631958,1549461
2005-07-13,14.394693374633789,14.481538772583008,13.930068016052246,13.99520206451416,7.143463134765625,1114121
2005-07-14,14.00822925567627,14.24271297454834,13.382939338684082,13.613080978393555,6.94842004776001,1809973
2005-07-15,13.656502723693848,13.66518783569336,13.300436019897461,13.569658279418945,6.926252365112305,973672
2005-07-18,13.552288055419922,13.739006996154785,13.27872371673584,13.682557106018066,6.983880043029785,755396
2005-07-19,13.721637725830078,13.947437286376953,13.699926376342773,13.908355712890625,7.099132537841797,827507
2005-07-20,13.838879585266113,14.247055053710938,13.743349075317383,14.19929027557373,7.24763298034668,1476529
2005-07-21,14.221000671386719,14.268766403198242,13.786771774291992,13.843221664428711,7.065886974334717,1050084
2005-07-22,13.877960205078125,14.142840385437012,13.660845756530762,13.908355712890625,7.099132537841797,1075296
2005-07-25,13.912698745727539,14.581411361694336,13.908355712890625,14.238369941711426,7.267578601837158,1415711
2005-07-26,14.251397132873535,14.533645629882812,14.121129035949707,14.485880851745605,7.393914699554443,1503881
2005-07-27,14.181921005249023,14.186263084411621,13.074637413024902,13.725979804992676,7.006044387817383,5828285
2005-07-28,13.673872947692871,13.765061378479004,12.72291088104248,13.330831527709961,6.804349422454834,5826995
2005-07-29,13.374255180358887,15.29788875579834,13.374255180358887,15.250123977661133,7.784000396728516,5056363
2005-08-01,15.198017120361328,15.732117652893066,15.198017120361328,15.4585542678833,7.890390872955322,2922671
2005-08-02,15.523688316345215,15.936205863952637,15.306573867797852,15.632246017456055,7.9790449142456055,1741889
2005-08-03,15.632246017456055,15.632246017456055,15.397762298583984,15.462896347045898,7.892605304718018,712826
2005-08-04,15.415130615234375,15.419472694396973,15.167620658874512,15.271836280822754,7.795083999633789,682448
2005-08-05,15.198017120361328,15.293546676635742,14.850632667541504,15.015640258789062,7.664316177368164,907304
2005-08-08,15.076432228088379,15.076432228088379,14.481538772583008,14.594437599182129,7.449324607849121,913978
2005-08-09,14.559700012207031,15.046035766601562,14.559700012207031,14.737733840942383,7.522467136383057,1001793
2005-08-10,14.868002891540527,15.193674087524414,14.546672821044922,14.642203330993652,7.473704814910889,728299
2005-08-11,14.611806869506836,14.807209968566895,14.41206169128418,14.642203330993652,7.473704814910889,982748
2005-08-12,14.546672821044922,14.642203330993652,14.264424324035645,14.433773040771484,7.3673200607299805,625849
2005-08-15,14.459827423095703,15.067748069763184,14.459827423095703,15.067748069763184,7.690914154052734,786253
2005-08-16,14.781156539916992,14.807209968566895,14.351269721984863,14.485880851745605,7.393914699554443,851545
2005-08-17,14.577069282531738,14.716021537780762,14.077706336975098,14.234027862548828,7.2653656005859375,1545755
2005-08-18,14.155866622924805,14.325216293334961,13.895329475402832,14.194948196411133,7.245418071746826,1037012
2005-08-19,14.1341552734375,14.399035453796387,14.034282684326172,14.22968578338623,7.263145923614502,739791
2005-08-22,14.329559326171875,14.333901405334473,13.938752174377441,14.277450561523438,7.287528038024902,767150
2005-08-23,14.290477752685547,14.290477752685547,13.89967155456543,14.073363304138184,7.183356285095215,465698
2005-08-24,14.060336112976074,14.559700012207031,13.890987396240234,13.943095207214355,7.116866588592529,628882
2005-08-25,14.047309875488281,14.25574016571045,13.930068016052246,14.103758811950684,7.198871612548828,418737
2005-08-26,14.02559757232666,14.03862476348877,13.752034187316895,13.817168235778809,7.052590847015381,516683
2005-08-29,13.817168235778809,14.234027862548828,13.817168235778809,14.17757797241211,7.236550807952881,588300
2005-08-30,14.1341552734375,14.390351295471191,14.051651954650879,14.19929027557373,7.24763298034668,704183
2005-08-31,14.21231746673584,14.58575439453125,13.95177936553955,14.403376579284668,7.351803302764893,1016599
2005-09-01,14.41206169128418,14.941821098327637,14.41206169128418,14.655229568481445,7.480354309082031,1048020
2005-09-02,14.590096473693848,14.841949462890625,14.323044776916504,14.403376579284668,7.351803302764893,560697
2005-09-06,14.468511581420898,14.668256759643555,14.221000671386719,14.590096473693848,7.447110176086426,696590
2005-09-07,14.568384170532227,14.89405632019043,14.568384170532227,14.794183731079102,7.551278591156006,803886
2005-09-08,14.716021537780762,14.941821098327637,14.672598838806152,14.820237159729004,7.56458044052124,442358
2005-09-09,14.815895080566406,14.872344970703125,14.815895080566406,14.872344970703125,7.591174602508545,467647
2005-09-12,14.776814460754395,14.885372161865234,14.655229568481445,14.7985258102417,7.55349588394165,471414
2005-09-13,14.720364570617676,14.794183731079102,14.355611801147461,14.38166618347168,7.340721607208252,871307
2005-09-14,14.377324104309082,14.425088882446289,13.895329475402832,13.89967155456543,7.094699382781982,718517
2005-09-15,13.977832794189453,14.060336112976074,13.786771774291992,13.85624885559082,7.072535514831543,1146954
2005-09-16,13.921382904052734,13.921382904052734,13.639134407043457,13.79111385345459,7.039290904998779,1480833
2005-09-19,13.747692108154297,13.838879585266113,13.471088409423828,13.613080978393555,6.94842004776001,382779
2005-09-20,13.613080978393555,13.752034187316895,13.24832820892334,13.322147369384766,6.799919128417969,621278
2005-09-21,13.239644050598145,13.352542877197266,13.026870727539062,13.048583030700684,6.660287857055664,562910
2005-09-22,13.013843536376953,13.23530101776123,12.709883689880371,12.953051567077637,6.61152458190918,755649
2005-09-23,12.887918472290039,12.931341171264648,12.510139465332031,12.670804023742676,6.467459678649902,1555047
2005-09-26,12.883576393127441,13.057267189025879,12.744622230529785,12.866207122802734,6.567197799682617,1296483
2005-09-27,12.896602630615234,12.896602630615234,12.271312713623047,12.575272560119629,6.418697834014893,1165900
2005-09-28,12.666460990905762,13.113717079162598,12.540534973144531,12.805415153503418,6.536169052124023,1474795
2005-09-29,12.7489652633667,12.900944709777832,12.484085083007812,12.866207122802734,6.567197799682617,881585
2005-09-30,12.853179931640625,13.200563430786133,12.775017738342285,12.987791061401367,6.629256248474121,588396
2005-10-03,12.94002628326416,13.34385871887207,12.94002628326416,13.139771461486816,6.706831455230713,820484
2005-10-04,13.209247589111328,13.257013320922852,13.183194160461426,13.257013320922852,6.766674518585205,935529
2005-10-05,13.243986129760742,13.243986129760742,12.822784423828125,12.97042179107666,6.620389938354492,1653986
2005-10-06,13.092005729675293,13.157139778137207,12.701199531555176,12.87489128112793,6.571630477905273,1121108
2005-10-07,12.948710441589355,13.009502410888672,12.705541610717773,12.727252960205078,6.496272087097168,421841
2005-10-10,12.768505096435547,12.768505096435547,12.336012840270996,12.34947395324707,6.303443908691406,720103
2005-10-11,12.34947395324707,12.397238731384277,11.702472686767578,11.737211227416992,5.990932941436768,1213799
2005-10-12,11.711156845092773,11.993406295776367,11.511411666870117,11.719841957092285,5.982067108154297,1603596
2005-10-13,11.61562728881836,12.071566581726074,11.467988967895508,11.83708381652832,6.041910648345947,1349958
2005-10-14,11.897875785827637,12.332104682922363,11.897875785827637,12.275654792785645,6.265768051147461,1534678
2005-10-17,12.240917205810547,12.479743003845215,12.114990234375,12.201835632324219,6.228086471557617,975346
2005-10-18,12.19315242767334,12.384211540222168,12.00643253326416,12.054198265075684,6.152730941772461,857109
2005-10-19,11.993406295776367,12.171440124511719,11.485358238220215,12.13235855102539,6.192626476287842,2138454
2005-10-20,12.106306076049805,12.106306076049805,11.724184036254883,11.83708381652832,6.041910648345947,804186
2005-10-21,11.750238418579102,11.919587135314941,11.39851188659668,11.58957290649414,5.915576457977295,1728758
2005-10-24,11.619969367980957,12.154070854187012,11.550493240356445,12.119333267211914,6.185975074768066,1086136
2005-10-25,12.045514106750488,12.175782203674316,11.832740783691406,12.12801742553711,6.1904096603393555,1142450
2005-10-26,12.110648155212402,12.48842716217041,11.98906421661377,12.088936805725098,6.170461654663086,640194
2005-10-27,12.041171073913574,12.041171073913574,11.572203636169434,11.63299560546875,5.937737941741943,961094
2005-10-28,11.689446449279785,11.906559944152832,11.394169807434082,11.871822357177734,6.059642314910889,1079683
2005-10-31,11.897875785827637,12.232232093811035,11.897875785827637,12.114990234375,6.183760166168213,1125157
2005-11-01,12.114990234375,12.809757232666016,12.114990234375,12.253944396972656,6.254685878753662,3028597
2005-11-02,12.431978225708008,12.983448028564453,12.423293113708496,12.701199531555176,6.48297643661499,2769704
2005-11-03,12.792387962341309,12.896602630615234,12.379870414733887,12.492770195007324,6.376586437225342,1218400
2005-11-04,12.484085083007812,12.527507781982422,12.110648155212402,12.340788841247559,6.299012660980225,696579
2005-11-07,12.384211540222168,12.479743003845215,12.206612586975098,12.36250114440918,6.310092449188232,630994
2005-11-08,12.293024063110352,12.371185302734375,12.293024063110352,12.371185302734375,6.314526081085205,414972
2005-11-09,12.340788841247559,12.58395767211914,12.093278884887695,12.405923843383789,6.332256317138672,689691
2005-11-10,12.414608001708984,12.657776832580566,12.18012523651123,12.55356216430664,6.407618522644043,540463
2005-11-11,12.536191940307617,12.992133140563965,12.536191940307617,12.992133140563965,6.631474018096924,1386933
2005-11-14,12.95739459991455,12.979105949401855,12.783702850341797,12.90528678894043,6.587146759033203,798124
2005-11-15,12.90528678894043,13.026870727539062,12.418951034545898,12.458030700683594,6.358856201171875,529176
2005-11-16,12.453688621520996,12.481913566589355,11.971694946289062,12.106306076049805,6.179327964782715,974031
2005-11-17,12.149728775024414,12.466715812683105,12.106306076049805,12.39289665222168,6.32560920715332,804047
2005-11-18,12.492770195007324,12.505796432495117,12.136701583862305,12.236574172973633,6.24582052230835,841804
2005-11-21,12.201835632324219,12.206177711486816,11.98906421661377,12.18012523651123,6.217004776000977,1993265
2005-11-22,12.097620964050293,12.34947395324707,12.097620964050293,12.188809394836426,6.221441268920898,1075227
2005-11-23,12.18012523651123,12.258286476135254,11.98906421661377,12.123675346374512,6.188193321228027,668759
2005-11-25,12.15841293334961,12.201835632324219,12.032486915588379,12.114990234375,6.183760166168213,90809
2005-11-28,12.075909614562988,12.106306076049805,11.74155330657959,11.997748374938965,6.123919486999512,773211
2005-11-29,11.997748374938965,12.240917205810547,11.919587135314941,11.98906421661377,6.119484901428223,462873
2005-11-30,11.993406295776367,12.13235855102539,11.27258586883545,11.971694946289062,6.110619068145752,2258388
2005-12-01,12.062883377075195,12.249601364135742,11.919587135314941,12.028143882751465,6.139431476593018,1281201
2005-12-02,12.00643253326416,12.071566581726074,11.689446449279785,11.75892162322998,6.002015590667725,1211116
2005-12-05,11.702472686767578,11.77194881439209,10.968626022338867,11.324692726135254,5.7803754806518555,2751038
2005-12-06,11.647847175598145,11.811030387878418,11.333377838134766,11.637337684631348,5.939955711364746,1429779
2005-12-07,11.554835319519043,11.763264656066895,11.50706958770752,11.654706954956055,5.948821544647217,942431
2005-12-08,11.61562728881836,12.028143882751465,11.611285209655762,11.685104370117188,5.96433687210083,1292631
2005-12-09,11.732869148254395,12.12801742553711,11.702472686767578,12.10196304321289,6.177110195159912,951479
2005-12-12,12.049856185913086,12.088936805725098,11.906559944152832,11.941299438476562,6.0951032638549805,1298399
2005-12-13,11.915245056152344,12.015117645263672,11.441934585571289,11.572203636169434,5.906710147857666,2424063
2005-12-14,11.641680717468262,11.77194881439209,11.220478057861328,11.511411666870117,5.875680923461914,1448509
2005-12-15,11.459303855895996,11.554835319519043,11.246532440185547,11.324692726135254,5.7803754806518555,1134304
2005-12-16,11.337719917297363,11.459303855895996,11.268243789672852,11.381142616271973,5.809188365936279,1508245
2005-12-19,11.38548469543457,11.520095825195312,11.237848281860352,11.246532440185547,5.740478992462158,907007
2005-12-20,11.224821090698242,11.411539077758789,11.098894119262695,11.181398391723633,5.7072343826293945,769402
2005-12-21,11.181398391723633,11.428908348083496,11.146658897399902,11.233505249023438,5.733828544616699,865202
2005-12-22,11.289955139160156,11.494043350219727,11.289955139160156,11.454961776733398,5.846866607666016,688090
2005-12-23,11.407196998596191,11.698129653930664,11.407196998596191,11.611285209655762,5.926659107208252,424250
2005-12-27,11.611285209655762,11.724184036254883,11.43325138092041,11.441934585571289,5.8402180671691895,648834
2005-12-28,11.50706958770752,11.619969367980957,11.50706958770752,11.619969367980957,5.931090831756592,485195
2005-12-29,11.46364688873291,11.61562728881836,11.46364688873291,11.572203636169434,5.906710147857666,545702
2005-12-30,11.494043350219727,11.494043350219727,11.194424629211426,11.224821090698242,5.729397773742676,767564
2006-01-03,11.35508918762207,11.667734146118164,11.007705688476562,11.567861557006836,5.90449333190918,1215100
2006-01-04,11.528780937194824,11.719841957092285,11.394169807434082,11.61562728881836,5.928873538970947,1611009
2006-01-05,11.61562728881836,12.175782203674316,11.541808128356934,12.084593772888184,6.168245315551758,1485787
2006-01-06,12.15841293334961,12.705541610717773,11.941299438476562,12.462373733520508,6.361072540283203,2514322
2006-01-09,12.332104682922363,12.705541610717773,12.332104682922363,12.705541610717773,6.485189437866211,1107279
2006-01-10,12.484085083007812,12.527507781982422,12.054198265075684,12.414608001708984,6.3366899490356445,1316761
2006-01-11,12.423293113708496,13.157139778137207,12.304313659667969,13.126744270324707,6.700182914733887,1933573
2006-01-12,13.126744270324707,13.85624885559082,13.126744270324707,13.569658279418945,6.926252365112305,2398231
2006-01-13,13.530576705932617,13.543603897094727,13.048583030700684,13.300436019897461,6.788837432861328,2099203
2006-01-17,13.174509048461914,13.243986129760742,12.809757232666016,13.06595230102539,6.669151306152344,1298701
2006-01-18,12.814099311828613,13.426362037658691,12.788044929504395,13.005160331726074,6.638124942779541,2143124
2006-01-19,13.005160331726074,13.973490715026855,12.918313980102539,13.938752174377441,7.11464786529541,1683493
2006-01-20,13.938752174377441,13.938752174377441,13.274381637573242,13.4393892288208,6.859762668609619,1458267
2006-01-23,13.552288055419922,13.587026596069336,13.166258811950684,13.461099624633789,6.870843410491943,587243
2006-01-24,13.461099624633789,13.82585334777832,13.461099624633789,13.808484077453613,7.048156261444092,754125
2006-01-25,13.873618125915527,13.895329475402832,13.552288055419922,13.882303237915039,7.085836410522461,718231
2006-01-26,13.895329475402832,14.36863899230957,13.821511268615723,14.299161911010742,7.298609256744385,776772
2006-01-27,14.329559326171875,14.65957260131836,13.977832794189453,14.633519172668457,7.469271659851074,1100308
2006-01-30,14.477195739746094,14.980901718139648,14.477195739746094,14.980901718139648,7.646584510803223,1066029
2006-01-31,14.763788223266602,14.833264350891113,13.730321884155273,14.016914367675781,7.154545307159424,1527028
2006-02-01,13.912698745727539,14.047309875488281,13.252670288085938,13.287408828735352,6.782187461853027,3262718
2006-02-02,12.896602630615234,14.694311141967773,12.896602630615234,14.299161911010742,7.298609256744385,3702663
2006-02-03,14.155866622924805,14.807209968566895,13.98217487335205,14.763788223266602,7.535766124725342,1707515
2006-02-06,14.689969062805176,14.794183731079102,14.420746803283691,14.716021537780762,7.511383056640625,1337959
2006-02-07,14.633519172668457,15.1285400390625,14.529303550720215,14.807209968566895,7.557929515838623,1206195
2006-02-08,14.824580192565918,15.198017120361328,14.620491981506348,15.124197959899902,7.719724178314209,881852
2006-02-09,14.907082557678223,15.132882118225098,14.268766403198242,14.338242530822754,7.3185553550720215,1375679
2006-02-10,14.221000671386719,14.386008262634277,14.016914367675781,14.351269721984863,7.325206279754639,669586
2006-02-13,14.264424324035645,14.312189102172852,13.838879585266113,14.042966842651367,7.167842388153076,784205
2006-02-14,14.095074653625488,14.225343704223633,13.895329475402832,14.099416732788086,7.196654796600342,952978
2006-02-15,14.029939651489258,14.425088882446289,13.917040824890137,14.329559326171875,7.314123630523682,605929
2006-02-16,14.325216293334961,14.438116073608398,13.917040824890137,14.155866622924805,7.225467681884766,520513
2006-02-17,14.247055053710938,14.403376579284668,13.921382904052734,14.234027862548828,7.2653656005859375,608289
2006-02-21,14.294819831848145,14.294819831848145,13.808484077453613,13.943095207214355,7.116866588592529,894983
2006-02-22,14.012571334838867,14.359954833984375,14.012571334838867,14.359954833984375,7.329641819000244,500148
2006-02-23,14.17757797241211,14.329559326171875,13.851906776428223,13.904013633728027,7.09691858291626,620027
2006-02-24,13.851906776428223,13.990859985351562,13.708610534667969,13.830195426940918,7.059239387512207,548855
2006-02-27,13.795456886291504,14.012571334838867,13.795456886291504,14.012571334838867,7.152327537536621,1202383
2006-02-28,13.76071834564209,13.86927604675293,13.461099624633789,13.560973167419434,6.921823978424072,818869
2006-03-01,13.643477439880371,14.173235893249512,13.534918785095215,13.99520206451416,7.143463134765625,737983
2006-03-02,13.921382904052734,14.016914367675781,13.582685470581055,13.808484077453613,7.048156261444092,817860
2006-03-03,13.699926376342773,14.060336112976074,13.60873794555664,13.678215026855469,6.98166561126709,591754
2006-03-06,13.786771774291992,13.786771774291992,13.365570068359375,13.647818565368652,6.966148853302002,580960
2006-03-07,13.543603897094727,13.63479232788086,13.508866310119629,13.63479232788086,6.959503173828125,721547
2006-03-08,13.456757545471191,13.725979804992676,13.196221351623535,13.630450248718262,6.957284927368164,632951
2006-03-09,13.613080978393555,13.678215026855469,13.144112586975098,13.274381637573242,6.775539875030518,458495
2006-03-10,13.243986129760742,13.591368675231934,13.026870727539062,13.356884956359863,6.8176493644714355,530457
2006-03-13,13.395965576171875,13.821511268615723,13.395965576171875,13.730321884155273,7.0082621574401855,632866
2006-03-14,13.765061378479004,13.99520206451416,13.62176513671875,13.930068016052246,7.110217571258545,773144
2006-03-15,14.051651954650879,14.1341552734375,13.908355712890625,14.03862476348877,7.1656270027160645,746255
2006-03-16,14.121129035949707,14.121129035949707,13.534918785095215,13.704269409179688,6.994962215423584,594278
2006-03-17,13.778087615966797,13.799798965454102,13.118059158325195,13.461099624633789,6.870843410491943,1372091
2006-03-20,13.413334846496582,13.4697847366333,13.23530101776123,13.356884956359863,6.8176493644714355,690329
2006-03-21,13.27872371673584,13.721637725830078,13.057267189025879,13.061610221862793,6.666934013366699,1023556
2006-03-22,13.026870727539062,13.135429382324219,12.827125549316406,13.035555839538574,6.653636455535889,971514
2006-03-23,13.070294380187988,13.335173606872559,12.974763870239258,13.070294380187988,6.6713690757751465,884473
2006-03-24,13.118059158325195,14.329559326171875,13.118059158325195,14.329559326171875,7.314123630523682,1940508
2006-03-27,14.28613567352295,14.28613567352295,13.730321884155273,13.830195426940918,7.059239387512207,1305665
2006-03-28,13.812826156616211,13.847563743591309,13.660845756530762,13.695584297180176,6.990532398223877,969405
2006-03-29,13.739006996154785,14.125471115112305,13.695584297180176,14.051651954650879,7.172276496887207,726450
2006-03-30,14.095074653625488,14.173235893249512,13.86927604675293,14.03862476348877,7.1656270027160645,933574
2006-03-31,14.003887176513672,14.069021224975586,13.729020118713379,13.930068016052246,7.110217571258545,577446
2006-04-03,13.864933013916016,14.155866622924805,13.76071834564209,13.851906776428223,7.070320129394531,844206
2006-04-04,14.390351295471191,14.650888442993164,14.221000671386719,14.611806869506836,7.458189487457275,3570083
2006-04-05,14.689969062805176,14.89405632019043,14.689969062805176,14.89405632019043,7.602255821228027,1036786
2006-04-06,14.724706649780273,15.089459419250488,14.663914680480957,14.985243797302246,7.648799896240234,812757
2006-04-07,14.980901718139648,15.089459419250488,14.485880851745605,14.594437599182129,7.449324607849121,692249
2006-04-10,14.55101490020752,14.694311141967773,14.333901405334473,14.60312271118164,7.453756809234619,476925
2006-04-11,14.611806869506836,14.815895080566406,14.312189102172852,14.546672821044922,7.42494535446167,1007813
2006-04-12,14.498908042907715,14.876687049865723,14.372981071472168,14.763788223266602,7.535766124725342,775850
2006-04-13,14.789840698242188,15.250123977661133,14.650888442993164,15.176304817199707,7.746323108673096,774038
2006-04-17,15.393420219421387,15.47158145904541,14.524962425231934,14.61614990234375,7.460405349731445,1135693
2006-04-18,14.568384170532227,15.193674087524414,14.568384170532227,15.14156723022461,7.7285919189453125,1029961
2006-04-19,15.17196273803711,15.306573867797852,14.95919132232666,15.154594421386719,7.735241889953613,517708
2006-04-20,15.198017120361328,15.26749324798584,14.876687049865723,15.176304817199707,7.746323108673096,434917
2006-04-21,15.319601058959961,15.34565544128418,14.624834060668945,14.71168041229248,7.509169101715088,661646
2006-04-24,14.676941871643066,14.681283950805664,14.28613567352295,14.372981071472168,7.3362884521484375,805121
2006-04-25,14.446800231933594,14.546672821044922,14.095074653625488,14.516277313232422,7.409430503845215,746935
2006-04-26,14.568384170532227,14.729048728942871,14.19929027557373,14.294819831848145,7.296391487121582,558755
2006-04-27,14.16455078125,14.511935234069824,13.89967155456543,14.077706336975098,7.185573101043701,790971
2006-04-28,13.960463523864746,14.14718246459961,13.925724983215332,14.14718246459961,7.221037864685059,743303
2006-05-01,13.752034187316895,13.917040824890137,13.52623462677002,13.843221664428711,7.065886974334717,1789212
2006-05-02,13.656502723693848,14.672598838806152,13.569658279418945,14.390351295471191,7.345155239105225,1925548
2006-05-03,14.329559326171875,14.329559326171875,14.003887176513672,14.16455078125,7.229903221130371,723097
2006-05-04,14.251397132873535,14.694311141967773,14.203632354736328,14.681283950805664,7.493651866912842,646451
2006-05-05,14.655229568481445,14.763788223266602,14.351269721984863,14.511935234069824,7.407212734222412,517273
2006-05-08,14.455485343933105,14.65957260131836,14.047309875488281,14.060336112976074,7.1767072677612305,931179
2006-05-09,14.003887176513672,14.108101844787598,13.860590934753418,13.930068016052246,7.110217571258545,618995
2006-05-10,13.873618125915527,13.999544143676758,13.769403457641602,13.864933013916016,7.076968669891357,707566
2006-05-11,13.812826156616211,13.812826156616211,12.883576393127441,12.95739459991455,6.61374044418335,1977117
2006-05-12,13.026870727539062,13.34385871887207,12.740280151367188,13.092005729675293,6.682451248168945,1642575
2006-05-15,12.983448028564453,13.174509048461914,12.796730041503906,13.026870727539062,6.649206161499023,1004396
2006-05-16,13.022528648376465,13.118059158325195,12.89225959777832,12.974763870239258,6.622607707977295,848469
2006-05-17,12.89225959777832,12.89225959777832,12.436320304870605,12.588299751281738,6.42534875869751,910482
2006-05-18,12.605669021606445,12.675146102905273,12.18012523651123,12.245259284973145,6.250253200531006,745007
2006-05-19,12.175782203674316,12.761992454528809,12.049856185913086,12.73593807220459,6.500704765319824,1241052
2006-05-22,12.679488182067871,12.679488182067871,12.067225456237793,12.397238731384277,6.327824592590332,821257
2006-05-23,12.479743003845215,12.588299751281738,11.958667755126953,12.010774612426758,6.1305670738220215,702801
2006-05-24,12.010774612426758,12.18012523651123,11.637337684631348,12.015117645263672,6.13278341293335,1293662
2006-05-25,12.15841293334961,12.249601364135742,11.902217864990234,12.171440124511719,6.212571144104004,804614
2006-05-26,12.249601364135742,12.55356216430664,12.21052074432373,12.453688621520996,6.35664176940918,951546
2006-05-30,12.379870414733887,12.514480590820312,12.227890014648438,12.249601364135742,6.252469062805176,769057
2006-05-31,12.332104682922363,12.440662384033203,12.141043663024902,12.262627601623535,6.2591166496276855,766940
2006-06-01,12.323419570922852,12.792387962341309,12.184467315673828,12.792387962341309,6.529518127441406,771408
2006-06-02,12.809757232666016,12.827125549316406,12.484085083007812,12.675146102905273,6.469676494598389,806790
2006-06-05,12.58395767211914,12.662118911743164,11.936956405639648,11.941299438476562,6.0951032638549805,1104983
2006-06-06,11.984722137451172,12.275654792785645,11.793661117553711,11.949982643127441,6.099535942077637,1020592
2006-06-07,11.941299438476562,12.301709175109863,11.541808128356934,11.550493240356445,5.895626544952393,1037309
2006-06-08,11.50706958770752,11.711156845092773,11.033760070800781,11.64602279663086,5.9443888664245605,1320358
2006-06-09,11.715499877929688,11.967351913452148,11.659049987792969,11.689446449279785,5.966554164886475,1135428
2006-06-12,11.702472686767578,11.745896339416504,11.281270980834961,11.311667442321777,5.773725509643555,1186459
2006-06-13,11.298640251159668,11.789319038391113,11.072840690612793,11.21613597869873,5.724964618682861,1056552
2006-06-14,11.190081596374512,11.60260009765625,11.137974739074707,11.333377838134766,5.78480863571167,941171
2006-06-15,11.428908348083496,12.106306076049805,11.428908348083496,12.041171073913574,6.14608097076416,966780
2006-06-16,11.98906421661377,12.01945972442627,11.515753746032715,11.85011100769043,6.048559188842773,2003479
2006-06-19,11.93261432647705,11.93261432647705,11.376800537109375,11.511411666870117,5.875680923461914,647446
2006-06-20,11.541808128356934,11.541808128356934,11.27258586883545,11.316008567810059,5.775941848754883,515631
2006-06-21,11.311667442321777,11.845767974853516,11.311667442321777,11.698129653930664,5.970983505249023,668557
2006-06-22,11.667734146118164,11.802345275878906,11.402854919433594,11.672077178955078,5.9576873779296875,803260
2006-06-23,11.637337684631348,11.802345275878906,11.281270980834961,11.50706958770752,5.8734636306762695,490151
2006-06-26,11.554835319519043,11.780633926391602,11.333377838134766,11.546150207519531,5.893413066864014,515488
2006-06-27,11.593914985656738,11.637337684631348,11.094552040100098,11.250873565673828,5.7426981925964355,539173
2006-06-28,11.311667442321777,11.441934585571289,10.881779670715332,11.415882110595703,5.826920986175537,671525
2006-06-29,11.43325138092041,11.754579544067383,11.190081596374512,11.628653526306152,5.93552303314209,893657
2006-06-30,11.737211227416992,11.984722137451172,11.55917739868164,11.941299438476562,6.0951032638549805,1176687
2006-07-03,11.93261432647705,12.01945972442627,11.745896339416504,11.936956405639648,6.092886924743652,401868
2006-07-05,11.789319038391113,11.841425895690918,11.38548469543457,11.685104370117188,5.96433687210083,728101
2006-07-06,11.702472686767578,11.83708381652832,11.411539077758789,11.550493240356445,5.895626544952393,1137802
2006-07-07,11.498385429382324,11.554835319519043,11.203108787536621,11.281270980834961,5.758210182189941,512079
2006-07-10,11.237848281860352,11.424566268920898,10.690718650817871,10.838356971740723,5.532138347625732,1024376
2006-07-11,10.755852699279785,11.928272247314453,10.67335033416748,11.745896339416504,5.995368480682373,2981025
2006-07-12,11.793661117553711,12.093278884887695,11.724184036254883,11.789319038391113,6.017529010772705,1403544
2006-07-13,11.767606735229492,12.240917205810547,11.511411666870117,11.75892162322998,6.002015590667725,1221774
2006-07-14,11.750238418579102,12.90528678894043,11.628653526306152,12.440662384033203,6.349990367889404,3200693
2006-07-17,12.379870414733887,12.570931434631348,11.819714546203613,12.071566581726074,6.16159725189209,1155254
2006-07-18,12.15841293334961,12.22354793548584,11.763264656066895,12.12801742553711,6.1904096603393555,1175223
2006-07-19,12.114990234375,12.72291088104248,12.114990234375,12.549219131469727,6.405397891998291,840963
2006-07-20,12.631723403930664,12.701199531555176,11.889190673828125,12.00643253326416,6.128351211547852,862365
2006-07-21,13.547945976257324,13.63479232788086,12.53184986114502,12.575272560119629,6.418697834014893,6675340
2006-07-24,12.631723403930664,13.040331840515137,12.55356216430664,13.022528648376465,6.646986484527588,1953609
2006-07-25,13.070294380187988,13.938752174377441,13.061610221862793,13.8041410446167,7.045938014984131,2349204
2006-07-26,13.765061378479004,14.02559757232666,13.491496086120605,13.851906776428223,7.070320129394531,1784120
2006-07-27,13.986517906188965,13.986517906188965,13.556631088256836,13.617423057556152,6.950634002685547,1257840
2006-07-28,13.725979804992676,14.042966842651367,13.695584297180176,13.860590934753418,7.07475471496582,1257658
2006-07-31,13.917040824890137,13.917040824890137,13.395965576171875,13.66518783569336,6.975016117095947,1992611
2006-08-01,13.513208389282227,13.773744583129883,13.139771461486816,13.382939338684082,6.830948352813721,2560031
2006-08-02,14.980901718139648,15.397762298583984,14.490222930908203,14.624834060668945,7.464838981628418,8974450
2006-08-03,14.524962425231934,14.763788223266602,14.21231746673584,14.564042091369629,7.43380880355835,2011164
2006-08-04,14.763788223266602,15.050378799438477,14.00822925567627,14.372981071472168,7.3362884521484375,1521940
2006-08-07,14.22968578338623,14.416403770446777,13.990859985351562,14.086389541625977,7.190005779266357,1368828
2006-08-08,14.112443923950195,14.329559326171875,13.79111385345459,13.956122398376465,7.123514175415039,1123158
2006-08-09,14.16455078125,14.433773040771484,13.765061378479004,13.843221664428711,7.065886974334717,1160744
2006-08-10,13.830195426940918,14.160208702087402,13.769403457641602,14.064679145812988,7.178924560546875,622751
2006-08-11,13.98217487335205,13.99520206451416,13.569658279418945,13.725979804992676,7.006044387817383,602750
2006-08-14,13.895329475402832,14.19929027557373,13.786771774291992,13.851906776428223,7.070320129394531,1029951
2006-08-15,14.02559757232666,14.355611801147461,13.890987396240234,14.316532135009766,7.307475566864014,1286620
2006-08-16,14.329559326171875,14.885372161865234,14.264424324035645,14.850632667541504,7.580094814300537,2271496
2006-08-17,14.7985258102417,14.980901718139648,14.724706649780273,14.980901718139648,7.646584510803223,2151090
2006-08-18,14.763788223266602,14.7985258102417,14.095074653625488,14.52061939239502,7.411646366119385,1139522
2006-08-21,14.446800231933594,14.472853660583496,14.221000671386719,14.472853660583496,7.387266635894775,579576
2006-08-22,14.155866622924805,14.260082244873047,13.851906776428223,14.151524543762207,7.22325325012207,813395
2006-08-23,14.22968578338623,14.28613567352295,13.487154006958008,13.786771774291992,7.037075996398926,1756390
2006-08-24,13.882303237915039,14.064679145812988,13.838879585266113,13.934410095214844,7.112432956695557,1099362
2006-08-25,13.851906776428223,14.116786003112793,13.682557106018066,13.912698745727539,7.1013503074646,550112
2006-08-28,13.882303237915039,14.103758811950684,13.821511268615723,13.990859985351562,7.141244411468506,533607
2006-08-29,14.047309875488281,14.21231746673584,13.660845756530762,14.073363304138184,7.183356285095215,1080307
2006-08-30,14.16455078125,14.555357933044434,14.02559757232666,14.442458152770996,7.37175178527832,1623534
2006-08-31,14.516277313232422,14.516277313232422,14.207974433898926,14.28613567352295,7.291960716247559,951513
2006-09-01,14.260082244873047,14.477195739746094,13.908355712890625,13.969147682189941,7.13016414642334,989813
2006-09-05,13.938752174377441,14.216658592224121,13.904013633728027,14.216658592224121,7.256496906280518,815242
2006-09-06,14.108101844787598,14.264424324035645,13.843221664428711,13.85624885559082,7.072535514831543,1385676
2006-09-07,13.8345365524292,14.082048416137695,13.617423057556152,13.756376266479492,7.021559715270996,875936
2006-09-08,13.843221664428711,14.073363304138184,13.699926376342773,13.956122398376465,7.123514175415039,808025
2006-09-11,13.82585334777832,14.281792640686035,13.57834243774414,13.691242218017578,6.988315582275391,1356353
2006-09-12,13.752034187316895,14.22968578338623,13.678215026855469,14.160208702087402,7.227682113647461,2532105
2006-09-13,14.19929027557373,14.273109436035156,13.89967155456543,14.034282684326172,7.163407802581787,1127243
2006-09-14,13.934410095214844,13.956990242004395,13.773744583129883,13.956990242004395,7.123955249786377,1224293
2006-09-15,13.877960205078125,13.977832794189453,13.587026596069336,13.660845756530762,6.972798824310303,1255878
2006-09-18,13.660845756530762,13.917040824890137,13.565315246582031,13.669529914855957,6.97723388671875,1061283
2006-09-19,13.743349075317383,13.843221664428711,13.27872371673584,13.569658279418945,6.926252365112305,780714
2006-09-20,13.890987396240234,14.121129035949707,13.773744583129883,14.034282684326172,7.163407802581787,1598244
2006-09-21,14.042966842651367,14.238369941711426,13.669529914855957,13.695584297180176,6.990532398223877,1006418
2006-09-22,13.63479232788086,13.895329475402832,13.52623462677002,13.851906776428223,7.070320129394531,1572108
2006-09-25,14.160208702087402,14.61614990234375,14.160208702087402,14.61614990234375,7.460405349731445,2776603
2006-09-26,14.763788223266602,15.293546676635742,14.763788223266602,15.150251388549805,7.733025550842285,3850306
2006-09-27,15.145909309387207,15.532373428344727,15.041693687438965,15.28052043914795,7.799516677856445,2110662
2006-09-28,15.263151168823242,15.454212188720703,15.067748069763184,15.232754707336426,7.775134086608887,1395809
2006-09-29,15.289204597473145,15.449869155883789,15.072090148925781,15.102485656738281,7.7086405754089355,1539827
2006-10-02,15.184989929199219,15.198017120361328,14.633519172668457,14.733391761779785,7.520251750946045,882262
2006-10-03,14.668256759643555,14.97655963897705,14.555357933044434,14.91142463684082,7.6111226081848145,1213175
2006-10-04,14.824580192565918,15.389077186584473,14.824580192565918,15.389077186584473,7.85492467880249,1706875
2006-10-05,15.384735107421875,15.493291854858398,15.11551284790039,15.28486156463623,7.801731109619141,891271
2006-10-06,15.176304817199707,15.250123977661133,15.106828689575195,15.250123977661133,7.784000396728516,939953
2006-10-09,15.102485656738281,15.202359199523926,14.963533401489258,15.102485656738281,7.7086405754089355,933452
2006-10-10,15.184989929199219,15.28486156463623,14.898399353027344,14.993928909301758,7.653234958648682,980312
2006-10-11,14.972217559814453,15.323943138122559,14.841949462890625,15.03300952911377,7.673183441162109,811191
2006-10-12,15.29788875579834,15.319601058959961,14.863659858703613,14.97655963897705,7.644369125366211,1595427
2006-10-13,14.967874526977539,15.766857147216797,14.89405632019043,15.766857147216797,8.047754287719727,2729722
2006-10-16,15.762514114379883,16.183717727661133,15.762514114379883,16.062131881713867,8.198469161987305,2442056
2006-10-17,15.940547943115234,16.10989761352539,15.732117652893066,16.018709182739258,8.176305770874023,1556703
2006-10-18,16.183717727661133,16.183717727661133,15.306573867797852,15.528031349182129,7.925850868225098,1906120
2006-10-19,15.445527076721191,15.810279846191406,15.354338645935059,15.528031349182129,7.925850868225098,2009579
2006-10-20,15.606191635131836,15.64093017578125,15.076432228088379,15.219728469848633,7.768487453460693,1157930
2006-10-23,15.198017120361328,15.349996566772461,15.067748069763184,15.349996566772461,7.834979057312012,1321083
2006-10-24,15.067748069763184,15.080775260925293,14.7681303024292,14.781156539916992,7.544630527496338,1716234
2006-10-25,14.750761032104492,15.03300952911377,14.707338333129883,14.776814460754395,7.542414665222168,1483558
2006-10-26,14.915767669677734,14.963533401489258,14.61614990234375,14.915767669677734,7.613338470458984,1469537
2006-10-27,14.898399353027344,15.067748069763184,14.416403770446777,14.533645629882812,7.418294429779053,1278200
2006-10-30,14.52061939239502,15.046035766601562,14.481538772583008,14.998270988464355,7.6554484367370605,2398752
2006-10-31,15.145909309387207,15.258809089660645,14.837607383728027,15.158935546875,7.737456798553467,1229597
2006-11-01,15.198017120361328,15.28486156463623,14.420746803283691,14.498908042907715,7.400563716888428,2370304
2006-11-02,15.54539966583252,15.979628562927246,15.54539966583252,15.979628562927246,8.156359672546387,6589429
2006-11-03,15.8233060836792,16.06647491455078,15.710407257080078,15.923178672790527,8.127547264099121,1705846
2006-11-06,15.849360466003418,16.396488189697266,15.849360466003418,16.335697174072266,8.338104248046875,2317373
2006-11-07,16.305301666259766,16.544126510620117,16.183717727661133,16.318328857421875,8.32923698425293,1764266
2006-11-08,16.175031661987305,16.214113235473633,15.87541389465332,16.088186264038086,8.211769104003906,2099923
2006-11-09,16.114240646362305,16.266220092773438,15.67132568359375,15.858044624328613,8.094297409057617,1475702
2006-11-10,15.8233060836792,16.361751556396484,15.740802764892578,16.31398582458496,8.327021598815918,1335173
2006-11-13,16.261877059936523,16.696107864379883,16.231481552124023,16.422542572021484,8.382431983947754,1026223
2006-11-14,15.87541389465332,16.392147064208984,15.87541389465332,16.392147064208984,8.366915702819824,1619504
2006-11-15,16.353065490722656,16.717817306518555,16.24016571044922,16.353065490722656,8.346967697143555,1380361
2006-11-16,16.452938079833984,16.600576400756836,16.30095863342285,16.435569763183594,8.389081954956055,2129389
2006-11-17,16.470308303833008,16.4876766204834,16.1229248046875,16.318328857421875,8.32923698425293,884367
2006-11-20,16.188058853149414,16.274904251098633,15.923178672790527,16.083843231201172,8.209549903869629,2031929
2006-11-21,16.157663345336914,16.283588409423828,16.07950210571289,16.283588409423828,8.311504364013672,1360830
2006-11-22,16.101213455200195,16.392147064208984,15.853702545166016,16.340038299560547,8.34031867980957,1439958
2006-11-24,16.205427169799805,16.526758193969727,16.205427169799805,16.513731002807617,8.428976058959961,375465
2006-11-27,16.409515380859375,16.557153701782227,15.884099006652832,15.953575134277344,8.143057823181152,1530998
2006-11-28,15.879755973815918,16.33135414123535,15.879755973815918,16.274904251098633,8.3070707321167,1137747
2006-11-29,16.41819953918457,16.544126510620117,16.192401885986328,16.478992462158203,8.411243438720703,1514880
2006-11-30,16.422542572021484,16.587549209594727,16.287931442260742,16.44425392150879,8.393512725830078,1339042
2006-12-01,16.513731002807617,16.57452392578125,16.010025024414062,16.287931442260742,8.313721656799316,1163554
2006-12-04,16.43122673034668,17.12165069580078,16.38346290588379,16.748214721679688,8.548661231994629,1905915
2006-12-05,16.90019416809082,17.086912155151367,16.7525577545166,16.8437442779541,8.597421646118164,1384481
2006-12-06,16.748214721679688,17.099939346313477,16.643999099731445,16.887168884277344,8.619584083557129,1015567
2006-12-07,16.991382598876953,17.043489456176758,16.72216033935547,17.043489456176758,8.699377059936523,1424837
2006-12-08,16.748214721679688,17.416927337646484,16.717817306518555,17.251920700073242,8.805766105651855,2688608
2006-12-11,17.260604858398438,17.794706344604492,17.251920700073242,17.41258430480957,8.887771606445312,2352527
2006-12-12,17.299684524536133,17.360477447509766,16.804664611816406,17.008752822875977,8.68164348602295,1416492
2006-12-13,17.1173095703125,17.15204620361328,16.756898880004883,17.008752822875977,8.68164348602295,1000932
2006-12-14,17.013093948364258,17.14336395263672,16.95664405822754,17.10428237915039,8.730406761169434,1261129
2006-12-15,17.147705078125,17.725229263305664,17.108625411987305,17.312711715698242,8.836793899536133,1825495
2006-12-18,17.30837059020996,17.66009521484375,17.286657333374023,17.429954528808594,8.896637916564941,1788199
2006-12-19,17.434295654296875,17.495088577270508,16.96967124938965,17.416927337646484,8.88998794555664,2036565
2006-12-20,17.36916160583496,17.634042739868164,17.343107223510742,17.538511276245117,8.952043533325195,1345610
2006-12-21,17.607988357543945,17.699176788330078,17.182443618774414,17.317054748535156,8.83901309967041,1028427
2006-12-22,17.38218879699707,17.434295654296875,17.056516647338867,17.23455047607422,8.796896934509277,586469
2006-12-26,17.23455047607422,17.71654510498047,17.23455047607422,17.651411056518555,9.009669303894043,609254
2006-12-27,17.651411056518555,17.955371856689453,17.60364532470703,17.92063331604004,9.147090911865234,1088103
2006-12-28,17.89023780822754,17.977083206176758,17.651411056518555,17.742599487304688,9.056214332580566,639549
2006-12-29,17.772994995117188,17.803390502929688,17.4516658782959,17.516799926757812,8.940964698791504,815012
2007-01-03,17.625356674194336,17.885894775390625,17.260604858398438,17.495088577270508,8.92988109588623,1983920
2007-01-04,17.499431610107422,17.803390502929688,17.23455047607422,17.759967803955078,9.065083503723145,979959
2007-01-05,17.72088623046875,17.786022186279297,17.1781005859375,17.456008911132812,8.909934043884277,1285809
2007-01-08,17.460350036621094,17.568906784057617,17.347450256347656,17.568906784057617,8.967560768127441,777290
2007-01-09,17.43863868713379,17.54285430908203,17.182443618774414,17.456008911132812,8.909934043884277,1346393
2007-01-10,17.32139778137207,17.581933975219727,17.269289016723633,17.456008911132812,8.909934043884277,1012159
2007-01-11,17.495088577270508,18.15945816040039,17.495088577270508,18.103008270263672,9.240174293518066,3362582
2007-01-12,18.133405685424805,18.150774002075195,17.755626678466797,18.12472152709961,9.251261711120605,2449057
2007-01-16,18.163801193237305,18.263673782348633,18.020505905151367,18.263673782348633,9.322185516357422,1136918
2007-01-17,18.1724853515625,18.411312103271484,17.946687698364258,18.063928604125977,9.220229148864746,1914132
2007-01-18,17.112966537475586,18.063928604125977,17.086912155151367,17.1781005859375,8.768085479736328,2878045
2007-01-19,17.13033676147461,17.638383865356445,17.082571029663086,17.186786651611328,8.772516250610352,1625082
2007-01-22,17.217182159423828,17.282316207885742,16.717817306518555,16.895851135253906,8.624014854431152,1943131
2007-01-23,16.91322135925293,17.03046226501465,16.34438133239746,16.409515380859375,8.375778198242188,2847289
2007-01-24,16.587549209594727,16.713476181030273,16.244508743286133,16.66571044921875,8.506549835205078,1690884
2007-01-25,16.713476181030273,16.995725631713867,16.522415161132812,16.570180892944336,8.457789421081543,1253225
2007-01-26,16.531099319458008,16.97401237487793,16.38780403137207,16.891510009765625,8.621803283691406,1172415
2007-01-29,16.717817306518555,16.991382598876953,16.657026290893555,16.7829532623291,8.566390991210938,627765
2007-01-30,16.88282585144043,17.00006675720215,16.748214721679688,16.965328216552734,8.659479141235352,990500
2007-01-31,17.004409790039062,17.004409790039062,16.34438133239746,16.60491943359375,8.475521087646484,2106130
2007-02-01,17.586275100708008,18.58066177368164,17.564565658569336,18.524211883544922,9.455171585083008,6026475
2007-02-02,18.541580200195312,18.758695602416992,18.194196701049805,18.272357940673828,9.326617240905762,2769952
2007-02-05,18.181169509887695,18.385257720947266,18.146432876586914,18.385257720947266,9.384242057800293,1566792
2007-02-06,18.163801193237305,18.367889404296875,17.977083206176758,18.311439514160156,9.346563339233398,1354322
2007-02-07,18.346176147460938,18.502500534057617,18.103008270263672,18.276700973510742,9.328835487365723,815334
2007-02-08,18.285385131835938,18.285385131835938,17.990108489990234,18.220251083374023,9.300020217895508,700056
2007-02-09,18.176828384399414,18.324466705322266,17.456008911132812,17.590618133544922,8.978641510009766,1424927
2007-02-12,17.538511276245117,17.647069931030273,17.13033676147461,17.30837059020996,8.834575653076172,1116466
2007-02-13,17.36916160583496,17.677465438842773,17.343107223510742,17.60364532470703,8.985289573669434,1257981
2007-02-14,17.62969970703125,18.1116943359375,17.62969970703125,17.803390502929688,9.087244987487793,886294
2007-02-15,17.803390502929688,17.95102882385254,17.577592849731445,17.855497360229492,9.11384391784668,720085
2007-02-16,17.855497360229492,18.1116943359375,17.69049072265625,18.037874221801758,9.206929206848145,899773
2007-02-20,18.029190063476562,18.294069290161133,17.759967803955078,18.120378494262695,9.249042510986328,879215
2007-02-21,18.020505905151367,18.554607391357422,18.020505905151367,18.554607391357422,9.470683097839355,1522097
2007-02-22,18.515527725219727,18.941070556640625,18.341835021972656,18.62842559814453,9.508362770080566,1365779
2007-02-23,18.589345932006836,18.84554100036621,18.511184692382812,18.836856842041016,9.614751815795898,762807
2007-02-26,18.910675048828125,18.936729431152344,18.693561553955078,18.823829650878906,9.608101844787598,1475357
2007-02-27,18.515527725219727,18.593687057495117,17.460350036621094,17.664438247680664,9.016324043273926,2064610
2007-02-28,17.755626678466797,17.846813201904297,17.525484085083008,17.846813201904297,9.109408378601074,1643747
2007-03-01,17.15204620361328,17.607988357543945,16.743871688842773,17.373504638671875,8.86782169342041,1650230
2007-03-02,17.156389236450195,17.41258430480957,16.47464942932129,16.70913314819336,8.528709411621094,2439357
2007-03-05,16.435569763183594,17.13033676147461,16.309642791748047,16.643999099731445,8.495467185974121,2072286
2007-03-06,16.978355407714844,17.32573890686035,16.978355407714844,17.32573890686035,8.843442916870117,1410135
2007-03-07,17.013093948364258,17.16507339477539,16.674394607543945,16.769926071166992,8.559741020202637,1022660
2007-03-08,16.93927574157715,17.334423065185547,16.86979866027832,17.26494789123535,8.812414169311523,1240131
2007-03-09,17.36916160583496,17.521141052246094,17.312711715698242,17.521141052246094,8.943180084228516,974669
2007-03-12,17.299684524536133,17.516799926757812,17.299684524536133,17.516799926757812,8.940964698791504,675376
2007-03-13,17.230209350585938,17.347450256347656,16.85677146911621,16.887168884277344,8.619584083557129,783565
2007-03-14,16.865455627441406,17.01743507385254,16.509387969970703,16.891510009765625,8.621803283691406,649498
2007-03-15,16.92624855041504,17.668779373168945,16.908878326416016,17.560222625732422,8.963129043579102,1466152
2007-03-16,17.555879592895508,17.594961166381836,17.00006675720215,17.09125518798828,8.723756790161133,1437301
2007-03-19,17.269289016723633,17.269289016723633,16.934932708740234,17.026121139526367,8.690508842468262,945279
2007-03-20,17.10428237915039,17.612329483032227,17.052175521850586,17.60364532470703,8.985289573669434,907562
2007-03-21,17.647069931030273,18.146432876586914,17.473377227783203,18.12472152709961,9.251261711120605,766673
2007-03-22,18.176828384399414,18.176828384399414,17.86418342590332,17.8685245513916,9.120491027832031,923475
2007-03-23,17.8989200592041,17.93800163269043,17.516799926757812,17.725229263305664,9.04734992980957,651474
2007-03-26,17.694833755493164,18.042217254638672,17.4820613861084,17.96839714050293,9.171467781066895,1525264
2007-03-27,18.046558380126953,18.15945816040039,17.768653869628906,17.83378791809082,9.102763175964355,541078
2007-03-28,17.764310836791992,17.86418342590332,17.00006675720215,17.495088577270508,8.92988109588623,1290696
2007-03-29,17.64272689819336,17.781679153442383,17.277973175048828,17.4516658782959,8.90771770477295,874142
2007-03-30,17.30837059020996,17.520708084106445,17.256261825561523,17.520708084106445,8.942959785461426,1318417
2007-04-02,17.256261825561523,17.586275100708008,17.1781005859375,17.586275100708008,8.97642707824707,1375773
2007-04-03,17.694833755493164,17.825101852416992,17.490745544433594,17.77733612060547,9.07394790649414,1065596
2007-04-04,17.742599487304688,18.211566925048828,17.742599487304688,18.168142318725586,9.273420333862305,816440
2007-04-05,18.094324111938477,18.337493896484375,18.050901412963867,18.211566925048828,9.295592308044434,967945
2007-04-09,18.272357940673828,18.28972816467285,17.95102882385254,18.12472152709961,9.251261711120605,835381
2007-04-10,18.09866714477539,18.106483459472656,17.799049377441406,18.106483459472656,9.241952896118164,720981
2007-04-11,17.859840393066406,18.059585571289062,17.764310836791992,17.946687698364258,9.160388946533203,794599
2007-04-12,17.89023780822754,18.328807830810547,17.803390502929688,18.302753448486328,9.342130661010742,883669
2007-04-13,18.276700973510742,18.281042098999023,17.990108489990234,18.150774002075195,9.264558792114258,658974
2007-04-16,18.194196701049805,18.276700973510742,17.990108489990234,18.233278274536133,9.306673049926758,573036
2007-04-17,18.189855575561523,18.302753448486328,17.955371856689453,18.254989624023438,9.317752838134766,731121
2007-04-18,18.237619400024414,18.324466705322266,18.037874221801758,18.224592208862305,9.302237510681152,610689
2007-04-19,18.133405685424805,18.246305465698242,17.846813201904297,17.91194725036621,9.142656326293945,951329
2007-04-20,18.19853973388672,18.441707611083984,17.977083206176758,18.372230529785156,9.377593040466309,930214
2007-04-23,18.315780639648438,18.359203338623047,18.094324111938477,18.35051918029785,9.366512298583984,711348
2007-04-24,18.4460506439209,18.745668411254883,18.35051918029785,18.524211883544922,9.455171585083008,1033887
2007-04-25,18.676191329956055,18.729167938232422,18.32012367248535,18.602371215820312,9.495063781738281,927019
2007-04-26,18.62842559814453,18.62842559814453,18.297327041625977,18.545923233032227,9.466252326965332,476939
2007-04-27,18.454734802246094,18.88896369934082,18.40696907043457,18.767379760742188,9.579288482666016,818091
2007-04-30,18.82817268371582,18.915016174316406,18.465763092041016,18.576318740844727,9.481764793395996,1049648
2007-05-01,18.58066177368164,18.585002899169922,17.73391342163086,18.029190063476562,9.202496528625488,2220136
2007-05-02,18.003135681152344,18.346176147460938,17.89457893371582,18.163801193237305,9.271203994750977,1036416
2007-05-03,17.77733612060547,18.758695602416992,17.77733612060547,18.40696907043457,9.395326614379883,2186078
2007-05-04,19.162527084350586,20.039670944213867,18.806459426879883,19.683603286743164,10.046948432922363,5396343
2007-05-07,19.683603286743164,19.974536895751953,19.596757888793945,19.8572940826416,10.135602951049805,1189510
2007-05-08,19.774791717529297,19.800844192504883,19.43174934387207,19.618467330932617,10.013704299926758,1026810
2007-05-09,19.453460693359375,19.95282554626465,19.331876754760742,19.922428131103516,10.168848037719727,944218
2007-05-10,19.831241607666016,20.14822769165039,19.262401580810547,19.262401580810547,9.83195686340332,1226269
2007-05-11,19.518596649169922,19.892032623291016,19.518596649169922,19.892032623291016,10.153332710266113,988558
2007-05-14,19.596757888793945,20.109146118164062,19.596757888793945,20.109146118164062,10.264156341552734,1566152
2007-05-15,19.800844192504883,20.14388656616211,19.544649124145508,19.59241485595703,10.000399589538574,1355438
2007-05-16,19.757421493530273,19.76610565185547,19.288454055786133,19.522937774658203,9.964937210083008,1073580
2007-05-17,19.4100399017334,19.509910583496094,19.22332000732422,19.509910583496094,9.958292007446289,1045618
2007-05-18,19.305824279785156,19.331876754760742,19.22332000732422,19.331876754760742,9.86741828918457,926414
2007-05-21,19.236347198486328,19.731367111206055,19.175554275512695,19.39701271057129,9.900663375854492,657998
2007-05-22,19.336219787597656,19.609783172607422,19.336219787597656,19.609783172607422,10.009268760681152,759612
2007-05-23,19.596757888793945,19.92677116394043,19.084367752075195,19.188581466674805,9.794279098510742,1403250
2007-05-24,19.119104385375977,19.31450843811035,18.346176147460938,18.38960075378418,9.386458396911621,1876458
2007-05-25,18.46341896057129,18.606714248657227,18.25933265686035,18.5372371673584,9.46181869506836,913358
2007-05-29,18.619741439819336,18.841197967529297,18.15511703491211,18.754352569580078,9.57263469696045,1765022
2007-05-30,18.593687057495117,18.767379760742188,18.485130310058594,18.68053436279297,9.534961700439453,1048400
2007-05-31,18.776063919067383,19.761764526367188,18.745668411254883,19.72268295288086,10.066896438598633,2350763
2007-06-01,19.76610565185547,20.1612548828125,19.76610565185547,20.1612548828125,10.290753364562988,1810033
2007-06-04,19.8268985748291,19.83992576599121,19.353588104248047,19.405696868896484,9.905097007751465,1306727
2007-06-05,19.353588104248047,19.492542266845703,19.006206512451172,19.205951690673828,9.803145408630371,1993408
2007-06-06,19.058313369750977,19.132131576538086,18.84554100036621,18.871593475341797,9.632477760314941,783561
2007-06-07,18.993179321289062,19.058313369750977,18.454734802246094,18.502500534057617,9.44408893585205,1201957
2007-06-08,18.424339294433594,18.758695602416992,18.246305465698242,18.719614028930664,9.554909706115723,1343820
2007-06-11,18.95844078063965,19.288454055786133,18.81514549255371,18.993179321289062,9.694541931152344,994703
2007-06-12,18.867252349853516,18.954097747802734,18.46776008605957,18.563291549682617,9.475115776062012,1144234
2007-06-13,18.65882110595703,19.336219787597656,18.62842559814453,19.140817642211914,9.769895553588867,1977631
2007-06-14,19.56201934814453,19.60544204711914,18.85856819152832,18.936729431152344,9.665724754333496,2053980
2007-06-15,19.18423843383789,19.18423843383789,18.519868850708008,18.88896369934082,9.641348838806152,3003412
2007-06-18,18.8629093170166,19.132131576538086,18.758695602416992,19.001863479614258,9.698974609375,1050848
2007-06-19,18.993179321289062,19.114763259887695,18.841197967529297,19.036602020263672,9.716704368591309,963793
2007-06-20,19.04962730407715,19.145158767700195,18.56763458251953,18.585002899169922,9.486199378967285,954139
2007-06-21,18.554607391357422,19.04962730407715,18.43302345275879,18.980152130126953,9.68789005279541,1080685
2007-06-22,18.980152130126953,19.106077194213867,18.489473342895508,18.558950424194336,9.472899436950684,1098788
2007-06-25,18.254989624023438,18.4764461517334,17.955371856689453,17.99445152282715,9.18476676940918,2120800
2007-06-26,18.016162872314453,18.411312103271484,18.003135681152344,18.385257720947266,9.384242057800293,1754553
2007-06-27,18.168142318725586,18.54852867126465,18.107351303100586,18.515527725219727,9.450735092163086,989830
2007-06-28,18.441707611083984,18.472103118896484,17.77733612060547,17.846813201904297,9.109408378601074,1967841
2007-06-29,17.872867584228516,17.90760612487793,17.594961166381836,17.607988357543945,8.987506866455078,1626602
2007-07-02,17.68614959716797,18.237619400024414,17.68614959716797,18.22893524169922,9.30445384979248,1303694
2007-07-03,18.207223892211914,18.43302345275879,18.133405685424805,18.294069290161133,9.337699890136719,776173
2007-07-05,18.272357940673828,18.367889404296875,18.003135681152344,18.1116943359375,9.244610786437988,1169313
2007-07-06,18.081298828125,18.563291549682617,18.081298828125,18.415653228759766,9.399758338928223,931075
2007-07-09,18.472103118896484,18.472103118896484,18.207223892211914,18.35051918029785,9.366512298583984,844607
2007-07-10,18.324466705322266,18.5372371673584,18.19853973388672,18.35051918029785,9.366512298583984,1076070
2007-07-11,18.307096481323242,18.589345932006836,18.307096481323242,18.589345932006836,9.488414764404297,870423
2007-07-12,18.602371215820312,19.066997528076172,18.411312103271484,19.023574829101562,9.710058212280273,1395655
2007-07-13,19.01923179626465,19.22332000732422,18.971466064453125,19.22332000732422,9.812005996704102,1085986
2007-07-16,18.941070556640625,19.310165405273438,18.91935920715332,19.119104385375977,9.758814811706543,1510458
2007-07-17,19.158185958862305,19.43174934387207,19.014890670776367,19.040943145751953,9.718923568725586,2068885
2007-07-18,18.880279541015625,18.880279541015625,18.367889404296875,18.541580200195312,9.464034080505371,1466606
2007-07-19,18.645795822143555,19.01923179626465,18.606714248657227,18.732641220092773,9.561556816101074,1642013
2007-07-20,18.693561553955078,18.806459426879883,18.168142318725586,18.346176147460938,9.364294052124023,1365733
2007-07-23,18.98883628845215,19.322757720947266,18.880279541015625,19.136474609375,9.767683029174805,2184704
2007-07-24,19.09305191040039,19.10169219970703,18.550264358520508,18.65013885498047,9.51944351196289,1460468
2007-07-25,18.68487548828125,19.062654495239258,18.46776008605957,18.68053436279297,9.534961700439453,1613447
2007-07-26,18.59803009033203,18.64145278930664,17.69049072265625,18.11603546142578,9.246822357177734,1523857
2007-07-27,17.977083206176758,18.19853973388672,17.54285430908203,17.599302291870117,8.983074188232422,1410069
2007-07-30,17.594961166381836,18.072612762451172,17.429954528808594,17.872867584228516,9.12270736694336,1331939
2007-07-31,17.98142433166504,18.28972816467285,17.829444885253906,17.859840393066406,9.116059303283691,1508611
2007-08-01,17.786022186279297,17.998794555664062,17.17375946044922,17.946687698364258,9.160388946533203,1804409
2007-08-02,17.842472076416016,18.133405685424805,17.842472076416016,18.133405685424805,9.255692481994629,2606981
2007-08-03,16.82637596130371,17.004409790039062,15.072090148925781,15.367365837097168,7.843845367431641,10820973
2007-08-06,15.436842918395996,15.632246017456055,14.003887176513672,14.299161911010742,7.298609256744385,7451518
2007-08-07,14.14718246459961,14.394693374633789,13.917040824890137,14.364296913146973,7.331857681274414,5578118
2007-08-08,14.555357933044434,15.11551284790039,14.225343704223633,14.750761032104492,7.52911376953125,4609716
2007-08-09,14.055994033813477,14.967874526977539,14.055994033813477,14.329559326171875,7.314123630523682,2695750
2007-08-10,14.320874214172363,14.763788223266602,13.930068016052246,14.729048728942871,7.518033027648926,5350740
2007-08-13,14.89405632019043,15.119854927062988,14.763788223266602,14.95919132232666,7.635502815246582,4731864
2007-08-14,14.950506210327148,15.163277626037598,14.442458152770996,14.464170455932617,7.3828349113464355,2426343
2007-08-15,14.611806869506836,14.772472381591797,14.173235893249512,14.390351295471191,7.345155239105225,1430781
2007-08-16,14.329559326171875,14.546672821044922,13.613080978393555,14.294819831848145,7.296391487121582,2368072
2007-08-17,14.511935234069824,14.868002891540527,14.203632354736328,14.238369941711426,7.267578601837158,3022681
2007-08-20,14.438116073608398,14.681283950805664,14.338242530822754,14.590096473693848,7.447110176086426,1316600
2007-08-21,14.676941871643066,15.019983291625977,14.546672821044922,14.885372161865234,7.597823143005371,1371092
2007-08-22,15.089459419250488,15.410788536071777,14.876687049865723,15.380393028259277,7.850496768951416,1346600
2007-08-23,15.436842918395996,15.436842918395996,15.163277626037598,15.258809089660645,7.7884368896484375,1498711
2007-08-24,16.062131881713867,16.062131881713867,15.47158145904541,15.910152435302734,8.120896339416504,1864069
2007-08-27,16.24016571044922,16.817691802978516,16.06647491455078,16.157663345336914,8.247228622436523,2015123
2007-08-28,16.114240646362305,16.170690536499023,15.245781898498535,15.28052043914795,7.799516677856445,1146284
2007-08-29,15.428157806396484,15.805936813354492,15.319601058959961,15.740802764892578,8.034451484680176,1202404
2007-08-30,15.523688316345215,16.00568389892578,15.436842918395996,15.662641525268555,7.9945573806762695,1163650
2007-08-31,15.931863784790039,16.031736373901367,15.801594734191895,15.905810356140137,8.118678092956543,651761
2007-09-04,15.871071815490723,16.205427169799805,15.8233060836792,16.070817947387695,8.202902793884277,996372
2007-09-05,15.936205863952637,16.17937469482422,15.532373428344727,15.666983604431152,7.996776580810547,1178732
2007-09-06,15.65395736694336,15.784226417541504,15.506319046020508,15.70606517791748,8.0167236328125,530823
2007-09-07,15.419472694396973,15.506319046020508,15.111170768737793,15.180646896362305,7.748539924621582,1316682
2007-09-10,15.241439819335938,15.714749336242676,15.241439819335938,15.562768936157227,7.943582534790039,1629985
2007-09-11,15.567111015319824,15.949233055114746,15.549741744995117,15.871071815490723,8.100946426391602,671249
2007-09-12,16.131608963012695,16.205427169799805,15.740802764892578,16.04910659790039,8.191821098327637,1089431
2007-09-13,16.144636154174805,16.20977020263672,15.814621925354004,15.836333274841309,8.08321475982666,702398
2007-09-14,15.65395736694336,15.88844108581543,15.593165397644043,15.805936813354492,8.067700386047363,546117
2007-09-17,15.792909622192383,15.792909622192383,15.47158145904541,15.64093017578125,7.983475208282471,818234
2007-09-18,15.662641525268555,16.340038299560547,15.47158145904541,16.31398582458496,8.327021598815918,1182143
2007-09-19,16.470308303833008,16.696107864379883,15.818964004516602,15.914495468139648,8.123112678527832,1268901
2007-09-20,15.91883659362793,16.053447723388672,15.371707916259766,15.4585542678833,7.890390872955322,1953798
2007-09-21,15.580138206481934,16.170690536499023,15.567111015319824,16.06647491455078,8.20068645477295,1549136
2007-09-24,15.632246017456055,16.17937469482422,15.632246017456055,15.975287437438965,8.154142379760742,715804
2007-09-25,15.814621925354004,16.1229248046875,15.701722145080566,15.983970642089844,8.158575057983398,825557
2007-09-26,16.057790756225586,16.127267837524414,15.64093017578125,15.901468276977539,8.116463661193848,973078
2007-09-27,15.940547943115234,16.40517234802246,15.940547943115234,16.38780403137207,8.364699363708496,757344
2007-09-28,16.40517234802246,16.65268325805664,16.274904251098633,16.283588409423828,8.311504364013672,1185132
2007-10-01,16.283588409423828,16.791637420654297,16.283588409423828,16.756942749023438,8.553117752075195,791135
2007-10-02,16.800321578979492,16.839401245117188,16.539783477783203,16.596233367919922,8.471084594726562,798166
2007-10-03,16.565837860107422,16.895851135253906,16.513731002807617,16.8437442779541,8.597421646118164,1118762
2007-10-04,16.908878326416016,17.10858154296875,16.778610229492188,17.043489456176758,8.699377059936523,1657012
2007-10-05,17.108625411987305,17.57324981689453,17.06085968017578,17.4516658782959,8.90771770477295,1148218
2007-10-08,17.360477447509766,17.36916160583496,17.10428237915039,17.23455047607422,8.796896934509277,593359
2007-10-09,17.36916160583496,17.41258430480957,16.978355407714844,17.30837059020996,8.834575653076172,1073894
2007-10-10,17.212839126586914,17.386531829833984,16.852428436279297,16.91322135925293,8.632883071899414,1254153
2007-10-11,16.934932708740234,17.039148330688477,16.37477684020996,16.44859504699707,8.39572811126709,924366
2007-10-12,16.452938079833984,16.96967124938965,16.305301666259766,16.861114501953125,8.606289863586426,1119416
2007-10-15,16.852428436279297,17.065202713012695,16.544126510620117,16.66136932373047,8.504331588745117,907910
2007-10-16,16.64834213256836,16.839401245117188,16.4572811126709,16.761241912841797,8.55531120300293,1093538
2007-10-17,16.95664405822754,17.052175521850586,16.43122673034668,16.735187530517578,8.542007446289062,973633
2007-10-18,16.600576400756836,16.86979866027832,16.46162223815918,16.848087310791016,8.59963607788086,418654
2007-10-19,16.82637596130371,16.82637596130371,16.157663345336914,16.201086044311523,8.26939582824707,1028236
2007-10-22,16.06647491455078,16.06647491455078,15.584481239318848,15.862386703491211,8.096514701843262,2214386
2007-10-23,16.04910659790039,16.60491943359375,15.892783164978027,16.37477684020996,8.358051300048828,1810288
2007-10-24,16.309642791748047,16.46162223815918,16.279247283935547,16.46162223815918,8.40237808227539,1612061
2007-10-25,16.266220092773438,16.283588409423828,15.710407257080078,15.953575134277344,8.143057823181152,1186072
2007-10-26,16.175031661987305,16.657026290893555,15.758172035217285,15.91883659362793,8.125329971313477,1266338
2007-10-29,15.940547943115234,16.092529296875,15.88844108581543,16.06647491455078,8.20068645477295,833603
2007-10-30,16.496362686157227,16.56149673461914,15.936205863952637,15.957917213439941,8.145276069641113,910798
2007-10-31,16.053447723388672,16.60491943359375,15.966602325439453,16.583206176757812,8.464436531066895,1275032
2007-11-01,16.978355407714844,16.978355407714844,16.070817947387695,16.296615600585938,8.318154335021973,1350275
2007-11-02,16.82637596130371,18.308177947998047,16.82637596130371,17.581933975219727,8.974212646484375,3665450
2007-11-05,17.41258430480957,17.8077335357666,17.30837059020996,17.62969970703125,8.998592376708984,1734494
2007-11-06,17.759967803955078,17.916290283203125,17.282316207885742,17.916290283203125,9.144869804382324,1423799
2007-11-07,17.638383865356445,17.92063331604004,17.269289016723633,17.30837059020996,8.834575653076172,1475341
2007-11-08,17.456008911132812,18.250646591186523,17.238893508911133,18.241962432861328,9.311103820800781,2987077
2007-11-09,17.594961166381836,17.972740173339844,17.195470809936523,17.503772735595703,8.934314727783203,2636695
2007-11-12,17.421268463134766,18.063928604125977,17.30837059020996,17.36482048034668,8.863390922546387,1984093
2007-11-13,17.495088577270508,17.534168243408203,17.291000366210938,17.42561149597168,8.894417762756348,1802419
2007-11-14,17.473377227783203,17.57324981689453,17.217182159423828,17.347450256347656,8.854523658752441,962540
2007-11-15,17.299684524536133,17.36482048034668,16.570180892944336,16.8133487701416,8.581908226013184,1824898
2007-11-16,16.848087310791016,17.039148330688477,16.544126510620117,16.809005737304688,8.579690933227539,2301916
2007-11-19,16.63097381591797,16.93927574157715,16.266220092773438,16.396488189697266,8.369133949279785,929898
2007-11-20,16.396488189697266,16.522415161132812,15.871071815490723,16.214113235473633,8.276042938232422,1041627
2007-11-21,16.14029312133789,16.392147064208984,15.805936813354492,16.162004470825195,8.249444961547852,871915
2007-11-23,16.162004470825195,16.46162223815918,15.884099006652832,16.340038299560547,8.34031867980957,323092
2007-11-26,16.30095863342285,16.59406280517578,15.91883659362793,15.949233055114746,8.140844345092773,1086458
2007-11-27,15.983970642089844,16.361751556396484,15.827692031860352,16.335697174072266,8.338104248046875,997468
2007-11-28,16.483335494995117,17.06085968017578,16.37477684020996,16.66571044921875,8.506549835205078,1148138
2007-11-29,16.535442352294922,17.13033676147461,16.535442352294922,17.043489456176758,8.699377059936523,973527
2007-11-30,17.299684524536133,17.39208984375,16.67873764038086,16.769926071166992,8.559741020202637,1013414
2007-12-03,16.848087310791016,17.186786651611328,16.717817306518555,16.891510009765625,8.621803283691406,1022232
2007-12-04,16.696107864379883,17.01743507385254,16.4876766204834,16.735187530517578,8.542007446289062,1052186
2007-12-05,17.282316207885742,18.28972816467285,17.13467788696289,18.25933265686035,9.319967269897461,2847642
2007-12-06,18.18551254272461,18.571975708007812,18.076955795288086,18.49381446838379,9.439652442932129,1346957
2007-12-07,18.511184692382812,18.565462112426758,18.146474838256836,18.32012367248535,9.350994110107422,665372
2007-12-10,18.324466705322266,18.67184829711914,18.25933265686035,18.411312103271484,9.397540092468262,851937
2007-12-11,18.46776008605957,18.5372371673584,17.990108489990234,18.020505905151367,9.198062896728516,1499084
2007-12-12,18.150774002075195,18.4460506439209,17.699176788330078,17.87721061706543,9.124926567077637,1564669
2007-12-13,17.70351791381836,18.037874221801758,17.51245880126953,17.872867584228516,9.12270736694336,903133
2007-12-14,17.607988357543945,17.829444885253906,17.429954528808594,17.57324981689453,8.969779968261719,904644
2007-12-17,17.499431610107422,17.594961166381836,16.90019416809082,16.92624855041504,8.639533042907715,847310
2007-12-18,17.099939346313477,17.416927337646484,16.774267196655273,17.230209350585938,8.794683456420898,1098747
2007-12-19,17.251920700073242,17.69049072265625,17.13467788696289,17.599302291870117,8.983074188232422,1108378
2007-12-20,17.751283645629883,17.885894775390625,17.282316207885742,17.8685245513916,9.120491027832031,1103337
2007-12-21,18.011821746826172,18.40696907043457,17.959712982177734,18.307096481323242,9.344347953796387,1642061
2007-12-24,18.276700973510742,18.541580200195312,18.029233932495117,18.511184692382812,9.448521614074707,331675
2007-12-26,18.359203338623047,18.758695602416992,18.359203338623047,18.63711166381836,9.512794494628906,538632
2007-12-27,18.736982345581055,18.871593475341797,17.87721061706543,17.93366050720215,9.153736114501953,690416
2007-12-28,18.089981079101562,18.515527725219727,18.020505905151367,18.202882766723633,9.291155815124512,465662
2007-12-31,18.14208984375,18.302753448486328,17.74694061279297,18.063928604125977,9.220229148864746,869722
2008-01-02,17.946687698364258,18.120378494262695,17.225866317749023,17.590618133544922,8.978641510009766,1022842
2008-01-03,17.66009521484375,17.70351791381836,16.874141693115234,16.982698440551758,8.668344497680664,1267888
2008-01-04,16.852428436279297,17.043489456176758,16.379119873046875,16.5180721282959,8.431188583374023,992890
2008-01-07,16.522415161132812,16.60491943359375,16.06647491455078,16.31398582458496,8.327021598815918,907018
2008-01-08,16.392147064208984,16.470308303833008,15.4585542678833,15.462940216064453,7.892627716064453,1483940
2008-01-09,15.415130615234375,15.593165397644043,14.993928909301758,15.449869155883789,7.885953903198242,2019901
2008-01-10,15.302231788635254,16.409515380859375,15.219728469848633,16.07950210571289,8.20733642578125,1754725
2008-01-11,15.923178672790527,16.10989761352539,15.406447410583496,15.528031349182129,7.925850868225098,1251784
2008-01-14,15.710407257080078,16.023052215576172,15.558426856994629,15.923178672790527,8.127547264099121,882647
2008-01-15,15.67132568359375,15.71909236907959,15.367365837097168,15.562768936157227,7.943582534790039,808787
2008-01-16,15.554083824157715,16.852428436279297,15.271879196166992,16.266220092773438,8.302640914916992,1920251
2008-01-17,16.496362686157227,17.013093948364258,16.218454360961914,16.37477684020996,8.358051300048828,1853652
2008-01-18,16.37043571472168,16.791637420654297,15.853702545166016,16.023052215576172,8.178524017333984,1165447
2008-01-22,15.697380065917969,16.218454360961914,15.475922584533691,15.831991195678711,8.080998420715332,1168477
2008-01-23,15.47158145904541,16.06647491455078,15.28486156463623,15.88844108581543,8.109811782836914,1736235
2008-01-24,15.949233055114746,16.904537200927734,15.745144844055176,16.769926071166992,8.559741020202637,1566104
2008-01-25,16.908878326416016,17.403900146484375,16.552810668945312,17.217182159423828,8.788031578063965,1755419
2008-01-28,17.147705078125,17.282316207885742,16.769926071166992,17.139020919799805,8.748139381408691,1189943
2008-01-29,17.22152328491211,17.282316207885742,16.809005737304688,17.13033676147461,8.743703842163086,609102
2008-01-30,17.013093948364258,17.273632049560547,16.57452392578125,16.735187530517578,8.542007446289062,977999
2008-01-31,16.626630783081055,17.1781005859375,16.41385841369629,17.008752822875977,8.68164348602295,1059215
2008-02-01,17.60364532470703,19.527280807495117,17.447322845458984,18.906333923339844,9.650211334228516,5541556
2008-02-04,18.780406951904297,18.87593650817871,17.39955711364746,17.859840393066406,9.116059303283691,2526226
2008-02-05,17.590618133544922,17.621015548706055,16.761241912841797,16.830717086791992,8.59077262878418,1740763
2008-02-06,17.00006675720215,17.043489456176758,16.522415161132812,16.743871688842773,8.5464448928833,1605855
2008-02-07,16.670053482055664,17.034805297851562,16.38346290588379,16.861114501953125,8.606289863586426,1103456
2008-02-08,16.787294387817383,17.273632049560547,16.531099319458008,17.065202713012695,8.710458755493164,1160148
2008-02-11,17.039148330688477,17.182443618774414,16.60926055908203,17.00006675720215,8.677210807800293,1539155
2008-02-12,17.043489456176758,17.260604858398438,16.88282585144043,17.07388687133789,8.714890480041504,879029
2008-02-13,17.277973175048828,17.955371856689453,17.043489456176758,17.90760612487793,9.140436172485352,1421422
2008-02-14,17.929317474365234,17.929317474365234,17.277973175048828,17.534168243408203,8.949827194213867,897079
2008-02-15,17.36482048034668,17.91194725036621,17.312711715698242,17.82076072692871,9.096115112304688,1897638
2008-02-19,17.96405601501465,17.96405601501465,16.848087310791016,16.98703956604004,8.670561790466309,1480750
2008-02-20,16.982698440551758,17.612329483032227,16.809005737304688,17.43863868713379,8.901068687438965,1101008
2008-02-21,17.599302291870117,17.74694061279297,16.848087310791016,16.960987091064453,8.65726089477539,1095578
2008-02-22,16.978355407714844,17.1173095703125,16.478992462158203,17.065202713012695,8.710458755493164,830637
2008-02-25,16.95664405822754,17.499431610107422,15.879755973815918,15.940547943115234,8.136409759521484,3747469
2008-02-26,15.740802764892578,15.84501838684082,9.618172645568848,10.503999710083008,5.361473560333252,39230570
2008-02-27,10.664665222167969,11.58957290649414,10.252147674560547,11.36811637878418,5.80253791809082,10059524
2008-02-28,11.289955139160156,11.36811637878418,10.616900444030762,10.838356971740723,5.532138347625732,3341853
2008-02-29,10.686376571655273,10.807961463928223,10.213067054748535,10.230436325073242,5.221843242645264,3484032
2008-03-03,10.16096019744873,10.312939643859863,9.843972206115723,10.013321876525879,5.111021995544434,3777909
2008-03-04,10.004636764526367,10.043718338012695,4.824284076690674,6.109601974487305,3.1184771060943604,68886091
2008-03-05,5.844723224639893,6.218160152435303,5.627607822418213,6.001045227050781,3.063066244125366,15293349
2008-03-06,6.608965873718262,7.208201885223389,6.43093204498291,6.5959391593933105,3.3667140007019043,21221727
2008-03-07,6.487381935119629,6.656731128692627,6.261582851409912,6.569884777069092,3.3534152507781982,5996374
2008-03-10,6.899899005889893,6.9216108322143555,6.435274124145508,6.539488792419434,3.3379006385803223,4804376
2008-03-11,6.747919082641602,6.869503021240234,6.556858062744141,6.847792148590088,3.4952661991119385,3979466
2008-03-12,6.895556926727295,7.056221961975098,6.6827850341796875,6.956348896026611,3.5506751537323,4636767
2008-03-13,6.80436897277832,6.965034008026123,6.691469192504883,6.869503021240234,3.506347894668579,3491060
2008-03-14,6.952006816864014,7.038853168487549,6.548173904418945,6.582911968231201,3.3600635528564453,3539226
2008-03-17,6.309348106384277,6.717523097991943,6.244213104248047,6.569884777069092,3.3534152507781982,2370152
2008-03-18,6.756604194641113,7.01279878616333,6.5785698890686035,7.01279878616333,3.579488754272461,3320190
2008-03-19,7.0258259773254395,7.0258259773254395,5.953279972076416,5.953279972076416,3.0386860370635986,4850872
2008-03-20,6.040125846862793,6.556858062744141,5.770904064178467,6.348427772521973,3.240377902984619,5491942
2008-03-24,6.196447849273682,6.652389049530029,6.196447849273682,6.522119998931885,3.3290352821350098,5394378
2008-03-25,6.509092807769775,7.216886043548584,6.417904853820801,6.904242038726807,3.524078130722046,6194196
2008-03-26,6.860818862915039,7.520846843719482,6.800026893615723,7.334127902984619,3.743502616882324,5421562
2008-03-27,7.373208999633789,7.66414213180542,6.925952911376953,7.160437107086182,3.654846429824829,6942061
2008-03-28,10.664665222167969,10.734142303466797,9.249078750610352,9.522643089294434,4.860566139221191,25091135
2008-03-31,9.600804328918457,9.987268447875977,7.894283771514893,9.031964302062988,4.610114574432373,18376706
2008-04-01,9.170916557312012,9.705018997192383,9.144864082336426,9.496588706970215,4.8472700119018555,4226819
2008-04-02,9.59646224975586,9.678964614868164,9.279475212097168,9.553038597106934,4.8760833740234375,2660436
2008-04-03,9.388031959533691,9.883052825927734,9.214340209960938,9.726730346679688,4.964739799499512,2943563
2008-04-04,9.700676918029785,9.81791877746582,9.422769546508789,9.548697471618652,4.873866081237793,2272123
2008-04-07,9.678964614868164,9.967292785644531,9.4314546585083,9.553038597106934,4.8760833740234375,2179239
2008-04-08,9.427111625671387,9.652912139892578,9.331582069396973,9.496588706970215,4.8472700119018555,2887522
2008-04-09,9.466193199157715,9.466193199157715,9.244735717773438,9.405401229858398,4.800725936889648,2897445
2008-04-10,9.340267181396484,9.531327247619629,9.0406494140625,9.257762908935547,4.725367069244385,2109971
2008-04-11,9.110124588012695,9.153548240661621,8.775769233703613,8.810506820678711,4.4970784187316895,2044711
2008-04-14,8.832219123840332,9.088414192199707,8.610761642456055,8.63247299194336,4.406206130981445,1694660
2008-04-15,8.771427154541016,8.85306167602539,8.419700622558594,8.558653831481934,4.368529319763184,1854848
2008-04-16,8.63247299194336,8.910380363464355,8.628130912780762,8.888668060302734,4.53697395324707,1649002
2008-04-17,8.83656120300293,8.871298789978027,8.597735404968262,8.745372772216797,4.463831901550293,1542416
2008-04-18,8.827876091003418,9.162233352661133,8.771427154541016,8.958145141601562,4.572434902191162,1844706
2008-04-21,8.862614631652832,9.105783462524414,8.662869453430176,8.923406600952148,4.554704189300537,968601
2008-04-22,8.862614631652832,8.901695251464844,8.24600887298584,8.441411972045898,4.308683395385742,3476264
2008-04-23,8.419700622558594,8.997225761413574,8.419700622558594,8.810506820678711,4.4970784187316895,1928998
2008-04-24,8.602076530456543,9.357636451721191,8.602076530456543,9.192628860473633,4.6921210289001465,1506294
2008-04-25,9.131836891174316,9.401015281677246,8.971172332763672,9.192628860473633,4.6921210289001465,917188
2008-04-28,9.140521049499512,9.157890319824219,8.254693984985352,8.732345581054688,4.45718240737915,3170939
2008-04-29,8.801822662353516,9.826602935791016,8.793137550354004,8.919063568115234,4.552487373352051,2493087
2008-04-30,9.127493858337402,9.16657543182373,8.641158103942871,8.788796424865723,4.485997200012207,1356295
2008-05-01,8.69760799407959,9.383689880371094,8.69760799407959,9.075387001037598,4.632279396057129,1712190
2008-05-02,9.249078750610352,9.678964614868164,8.645500183105469,8.732345581054688,4.45718240737915,3628087
2008-05-05,8.658527374267578,8.919063568115234,8.172189712524414,8.411016464233398,4.293169975280762,2617395
2008-05-06,8.358908653259277,8.411016464233398,8.03323745727539,8.250351905822754,4.21116304397583,2150519
2008-05-07,8.28943157196045,8.467466354370117,8.085345268249512,8.137452125549316,4.15353536605835,1433936
2008-05-08,8.141794204711914,8.432727813720703,7.768356800079346,7.816123008728027,3.9895224571228027,2294454
2008-05-09,7.707564830780029,7.8465189933776855,7.494792938232422,7.77269983291626,3.9673593044281006,1663976
2008-05-12,7.755331039428711,7.976787090301514,7.612034797668457,7.855203151702881,4.0094709396362305,2141233
2008-05-13,7.859546184539795,7.976787090301514,7.6901960372924805,7.816123008728027,3.9895224571228027,1802472
2008-05-14,7.7379608154296875,8.65418529510498,7.7379608154296875,8.432727813720703,4.304251670837402,5199944
2008-05-15,8.411016464233398,8.658527374267578,8.363250732421875,8.57602310180664,4.3773932456970215,2668356
2008-05-16,8.667211532592773,8.667211532592773,8.219956398010254,8.432727813720703,4.304251670837402,970043
2008-05-19,8.415358543395996,8.476151466369629,8.206929206848145,8.263379096984863,4.217811584472656,1371119
2008-05-20,8.250351905822754,8.319828033447266,8.081002235412598,8.141794204711914,4.155752182006836,1993065
2008-05-21,8.115740776062012,8.680237770080566,7.959417819976807,8.172189712524414,4.171267032623291,3607045
2008-05-22,8.180874824523926,8.35456657409668,7.998498916625977,8.12008285522461,4.144669532775879,2207989
2008-05-23,8.250351905822754,8.86695671081543,8.250351905822754,8.714977264404297,4.448318958282471,3455832
2008-05-27,8.728004455566406,8.86695671081543,8.658527374267578,8.840903282165527,4.512593746185303,1747073
2008-05-28,8.853930473327637,9.183943748474121,8.732345581054688,8.780111312866211,4.481564521789551,1433188
2008-05-29,8.845245361328125,9.097098350524902,8.771427154541016,8.97551441192627,4.581300735473633,1548696
2008-05-30,8.94946002960205,9.322896957397461,8.853930473327637,9.149206161499023,4.669957160949707,2041784
2008-06-02,9.010252952575684,9.118809700012207,8.567338943481445,8.714977264404297,4.448318958282471,1699517
2008-06-03,8.688922882080078,8.97551441192627,8.519574165344238,8.593393325805664,4.386258125305176,1382749
2008-06-04,8.593393325805664,8.923406600952148,8.515231132507324,8.749714851379395,4.466047286987305,1317951
2008-06-05,8.728004455566406,8.797479629516602,8.567338943481445,8.628130912780762,4.403989791870117,1965423
2008-06-06,8.545626640319824,8.580366134643555,8.041921615600586,8.31114387512207,4.24219274520874,3883058
2008-06-09,8.337197303771973,8.476151466369629,8.03323745727539,8.172189712524414,4.171267032623291,1772071
2008-06-10,8.020210266113281,8.167847633361816,7.667395114898682,7.863887786865234,4.013903617858887,3799259
2008-06-11,7.833491802215576,8.028895378112793,7.820465087890625,7.8465189933776855,4.005038738250732,2005676
2008-06-12,7.8465189933776855,8.07666015625,7.8421759605407715,7.924680233001709,4.044933319091797,1558988
2008-06-13,8.020210266113281,8.159164428710938,7.212543964385986,7.529531002044678,3.8432400226593018,4394038
2008-06-16,7.625061988830566,8.532601356506348,7.625061988830566,8.163505554199219,4.166834354400635,5889813
2008-06-17,8.219956398010254,8.376277923583984,8.08968734741211,8.1070556640625,4.138021469116211,1315794
2008-06-18,8.041921615600586,8.081002235412598,7.716249942779541,7.850861072540283,4.0072526931762695,2370232
2008-06-19,7.850861072540283,7.981130123138428,7.755331039428711,7.855203151702881,4.0094709396362305,2158897
2008-06-20,7.816123008728027,7.833491802215576,7.4340009689331055,7.577297210693359,3.8676209449768066,2208263
2008-06-23,7.555584907531738,7.724934101104736,7.381894111633301,7.438343048095703,3.796696662902832,1045938
2008-06-24,7.3471550941467285,7.659800052642822,7.334127902984619,7.3471550941467285,3.750149726867676,1929189
2008-06-25,7.3471550941467285,7.590322971343994,7.334127902984619,7.412290096282959,3.7833969593048096,1119160
2008-06-26,7.334127902984619,7.381894111633301,7.169120788574219,7.295048236846924,3.723555088043213,2029159
2008-06-27,7.260309219360352,7.390577793121338,6.9389801025390625,7.103987216949463,3.626033067703247,2199661
2008-06-30,7.060564041137695,7.273335933685303,6.952006816864014,7.108328819274902,3.628248453140259,1355708
2008-07-01,6.952006816864014,7.112671852111816,6.773972988128662,7.073591232299805,3.6105189323425293,3428172
2008-07-02,7.164779186248779,7.229913234710693,6.930294990539551,7.134383201599121,3.6415467262268066,3171503
2008-07-03,7.2429399490356445,7.2429399490356445,6.886871814727783,6.978061199188232,3.5617570877075195,923855
2008-07-07,7.064906120300293,7.286363124847412,6.826079845428467,6.982402801513672,3.5639736652374268,1150309
2008-07-08,7.047536849975586,7.156094074249268,6.6827850341796875,7.125698089599609,3.6371142864227295,1533939
2008-07-09,7.164779186248779,7.164779186248779,6.6654157638549805,6.678442001342773,3.4088244438171387,1304032
2008-07-10,6.648046016693115,6.77831506729126,6.478696823120117,6.6827850341796875,3.4110426902770996,1545465
2008-07-11,6.5785698890686035,6.587254047393799,6.359283924102783,6.548173904418945,3.3423335552215576,2353186
2008-07-14,6.5959391593933105,6.617650032043457,6.344086170196533,6.569884777069092,3.3534152507781982,1811281
2008-07-15,6.513434886932373,6.80436897277832,6.448300838470459,6.5785698890686035,3.3578500747680664,2234587
2008-07-16,6.60028076171875,7.308074951171875,6.5785698890686035,7.225571155548096,3.688091516494751,1703649
2008-07-17,7.182147979736328,7.572954177856445,7.047536849975586,7.4991350173950195,3.827723741531372,2219826
2008-07-18,7.477424144744873,7.807437896728516,7.477424144744873,7.777041912078857,3.9695749282836914,2718754
2008-07-21,7.811779975891113,7.8421759605407715,7.420973777770996,7.442686080932617,3.7989115715026855,1824203
2008-07-22,7.321101188659668,7.572954177856445,7.303731918334961,7.5382161140441895,3.847672939300537,1323121
2008-07-23,7.590322971343994,7.7379608154296875,7.390577793121338,7.559926986694336,3.8587541580200195,1410437
2008-07-24,7.599008083343506,7.599008083343506,7.221229076385498,7.268993854522705,3.7102558612823486,1153817
2008-07-25,7.338470935821533,7.599008083343506,7.264651775360107,7.473082065582275,3.8144261837005615,961563
2008-07-28,7.368866920471191,7.368866920471191,7.0909600257873535,7.238597869873047,3.6947410106658936,1494685
2008-07-29,7.1951751708984375,7.711907863616943,7.169120788574219,7.616376876831055,3.887566566467285,1309214
2008-07-30,7.66414213180542,8.072318077087402,7.614205837249756,7.742303848266602,3.9518439769744873,1586432
2008-07-31,7.529531002044678,7.77269983291626,7.39926290512085,7.56427001953125,3.860971689224243,1814026
2008-08-01,8.21561336517334,8.549969673156738,7.7379608154296875,8.424042701721191,4.2998175621032715,3413267
2008-08-04,8.250351905822754,8.337197303771973,7.876914978027344,8.20258617401123,4.186779975891113,2423034
2008-08-05,8.146137237548828,8.515231132507324,7.9463911056518555,8.167847633361816,4.169051647186279,1851693
2008-08-06,8.011526107788086,8.328513145446777,7.942049026489258,8.28074836730957,4.226678371429443,1016456
2008-08-07,8.137452125549316,8.610761642456055,8.133110046386719,8.397990226745605,4.286520481109619,1082117
2008-08-08,8.341540336608887,9.097098350524902,8.267721176147461,9.00590991973877,4.596815586090088,2328879
2008-08-11,9.062359809875488,9.7658109664917,8.936433792114258,9.461851119995117,4.829539775848389,2451040
2008-08-12,9.487903594970703,10.230436325073242,9.318554878234863,10.043718338012695,5.12653923034668,3405101
2008-08-13,9.926475524902344,10.243462562561035,9.618172645568848,9.952529907226562,5.079991817474365,1601940
2008-08-14,9.683307647705078,10.104510307312012,9.587777137756348,9.835288047790527,5.020149230957031,1962040
2008-08-15,9.961214065551758,10.195697784423828,9.778838157653809,10.100167274475098,5.155350208282471,2015376
2008-08-18,10.182670593261719,10.204381942749023,9.479220390319824,9.670281410217285,4.93592643737793,1816179
2008-08-19,9.778838157653809,10.056744575500488,9.678964614868164,9.900422096252441,5.0533952713012695,1648067
2008-08-20,10.412812232971191,10.786249160766602,10.143589973449707,10.352020263671875,5.283900260925293,2851626
2008-08-21,10.195697784423828,10.334650993347168,9.96989917755127,10.226094245910645,5.219625949859619,920161
2008-08-22,10.165302276611328,10.317281723022461,10.008978843688965,10.173986434936523,5.193028926849365,1384665
2008-08-25,10.165302276611328,10.187012672424316,9.7658109664917,9.843972206115723,5.024582386016846,1083271
2008-08-26,9.822260856628418,10.039375305175781,9.761468887329102,10.004636764526367,5.106588363647461,1836413
2008-08-27,9.991609573364258,10.23477840423584,9.852657318115234,10.113194465637207,5.161999225616455,1220397
2008-08-28,10.043718338012695,10.304254531860352,9.991609573364258,10.200039863586426,5.206325531005859,899446
2008-08-29,10.19135570526123,10.34333610534668,9.935159683227539,10.104510307312012,5.157567024230957,861524
2008-09-02,10.334650993347168,10.451892852783203,9.978583335876465,10.121878623962402,5.1664323806762695,849581
2008-09-03,10.130562782287598,10.204381942749023,9.856999397277832,9.891737937927246,5.0489630699157715,1440196
2008-09-04,9.800548553466797,9.904764175415039,9.470535278320312,9.496588706970215,4.8472700119018555,1084570
2008-09-05,9.19697093963623,9.231708526611328,8.163505554199219,8.693264961242676,4.437233924865723,7668051
2008-09-08,8.923406600952148,9.16657543182373,8.706292152404785,8.888668060302734,4.53697395324707,1567103
2008-09-09,8.96248722076416,8.96248722076416,8.445755004882812,8.523916244506836,4.350796222686768,1470028
2008-09-10,8.65418529510498,8.714977264404297,8.4066743850708,8.645500183105469,4.4128570556640625,989807
2008-09-11,8.497861862182617,8.671553611755371,8.189559936523438,8.402332305908203,4.288737773895264,1584502
2008-09-12,8.358908653259277,8.402332305908203,8.128767967224121,8.350223541259766,4.262138843536377,1226608
2008-09-15,8.098370552062988,8.28943157196045,7.716249942779541,7.77269983291626,3.9673593044281006,1866236
2008-09-16,7.572954177856445,7.859546184539795,7.35584020614624,7.742303848266602,3.9518439769744873,3148973
2008-09-17,7.6901960372924805,7.859546184539795,7.130041122436523,7.368866920471191,3.7612335681915283,3029343
2008-09-18,7.512162208557129,8.649842262268066,7.3471550941467285,8.397990226745605,4.286520481109619,2874231
2008-09-19,8.667211532592773,9.205656051635742,7.212543964385986,7.750988006591797,3.9562766551971436,5059276
2008-09-22,7.733619213104248,8.111397743225098,7.672826766967773,7.750988006591797,3.9562766551971436,1664685
2008-09-23,7.638089179992676,7.6901960372924805,7.351498126983643,7.35584020614624,3.754584550857544,1611016
2008-09-24,7.377551078796387,7.629404067993164,7.1387248039245605,7.221229076385498,3.68587589263916,1786973
2008-09-25,7.225571155548096,7.594666004180908,7.147409915924072,7.442686080932617,3.7989115715026855,1242461
2008-09-26,7.377551078796387,7.677168846130371,7.2820210456848145,7.6033501625061035,3.880918264389038,853199
2008-09-29,7.473082065582275,7.473082065582275,6.205132961273193,6.474355220794678,3.3046534061431885,2828896
2008-09-30,6.656731128692627,7.112671852111816,6.522119998931885,7.095302104949951,3.6215994358062744,1109511
2008-10-01,6.999772071838379,7.229913234710693,6.904242038726807,7.103987216949463,3.626033067703247,802737
2008-10-02,6.999772071838379,7.103987216949463,6.461328029632568,6.565543174743652,3.3512001037597656,1913789
2008-10-03,6.652389049530029,7.034510135650635,6.374482154846191,6.374482154846191,3.2536773681640625,1391636
2008-10-06,6.2225022315979,6.344086170196533,5.762218952178955,6.0835490226745605,3.1051793098449707,2506683
2008-10-07,6.235528945922852,6.235528945922852,5.723138809204102,5.7361650466918945,2.927866220474243,1951267
2008-10-08,5.666688919067383,6.105259895324707,5.549447059631348,5.783930778503418,2.95224666595459,2124744
2008-10-09,5.9272260665893555,6.26592493057251,5.601553916931152,5.714454174041748,2.916783571243286,1641470
2008-10-10,5.601553916931152,6.587254047393799,5.601553916931152,6.166051864624023,3.147289514541626,3096107
2008-10-13,6.461328029632568,7.286363124847412,6.461328029632568,7.264651775360107,3.7080395221710205,1833658
2008-10-14,7.403604984283447,7.440948963165283,6.84345006942749,6.969376087188721,3.557323932647705,1434666
2008-10-15,6.969376087188721,7.095302104949951,6.0835490226745605,6.153025150299072,3.1406402587890625,1962033
2008-10-16,6.252898216247559,6.704495906829834,6.0314412117004395,6.604623794555664,3.371145725250244,2534664
2008-10-17,6.383166790008545,6.6654157638549805,6.092233180999756,6.435274124145508,3.2847061157226562,3155714
2008-10-20,6.5959391593933105,6.795683860778809,6.3397440910339355,6.556858062744141,3.3467655181884766,1197598
2008-10-21,6.461328029632568,6.674099922180176,6.174736976623535,6.352770805358887,3.2425947189331055,862841
2008-10-22,6.218160152435303,6.396193981170654,5.68405818939209,5.762218952178955,2.941164255142212,943495
2008-10-23,5.788272857666016,5.996703147888184,5.219432830810547,5.575500965118408,2.8458590507507324,1567488
2008-10-24,5.210748195648193,5.909856796264648,5.210748195648193,5.71011209487915,2.9145684242248535,1435016
2008-10-27,5.64497709274292,5.805642127990723,5.514708995819092,5.575500965118408,2.8458590507507324,743386
2008-10-28,5.640635013580322,5.688399791717529,5.284566879272461,5.605896949768066,2.861374616622925,1319451
2008-10-29,7.051878929138184,7.460054874420166,6.782657146453857,7.277678966522217,3.714689016342163,6811554
2008-10-30,7.373208999633789,7.694538116455078,7.247282981872559,7.66414213180542,3.9119482040405273,1570030
2008-10-31,7.212543964385986,7.850861072540283,6.995429992675781,7.503478050231934,3.8299427032470703,2284497
2008-11-03,7.512162208557129,7.6033501625061035,7.286363124847412,7.429658889770508,3.792261838912964,713966
2008-11-04,7.551242828369141,7.6033501625061035,7.238597869873047,7.464396953582764,3.8099942207336426,888201
2008-11-05,7.308074951171875,7.6901960372924805,7.173463821411133,7.225571155548096,3.688091516494751,1150169
2008-11-06,7.225571155548096,7.36018180847168,6.808711051940918,6.847792148590088,3.4952661991119385,1067326
2008-11-07,6.973718166351318,7.3471550941467285,6.826079845428467,7.31675910949707,3.734635829925537,848506
2008-11-10,8.07666015625,8.081002235412598,7.490450859069824,7.655457973480225,3.907515525817871,2014961
2008-11-11,7.494792938232422,8.250351905822754,7.494792938232422,8.141794204711914,4.155752182006836,2365101
2008-11-12,7.93770694732666,8.276405334472656,7.790069103240967,7.859546184539795,4.011686325073242,2100052
2008-11-13,7.816123008728027,8.471808433532715,7.555584907531738,8.454439163208008,4.315331935882568,2014091
2008-11-14,8.306800842285156,8.467466354370117,7.89862585067749,8.03323745727539,4.100343227386475,1516480
2008-11-17,7.9463911056518555,8.154821395874023,7.716249942779541,7.733619213104248,3.947410821914673,951334
2008-11-18,7.655457973480225,8.015868186950684,7.425315856933594,7.759673118591309,3.960710048675537,940938
2008-11-19,7.764015197753906,7.855203151702881,7.2429399490356445,7.277678966522217,3.714689016342163,944492
2008-11-20,7.225571155548096,7.26139497756958,6.509092807769775,6.652389049530029,3.395526647567749,2435191
2008-11-21,6.752261161804199,7.004114151000977,6.309348106384277,6.982402801513672,3.5639736652374268,2783224
2008-11-24,7.004114151000977,7.651115894317627,6.648046016693115,7.625061988830566,3.892000198364258,2017481
2008-11-25,7.694538116455078,7.70322322845459,7.125698089599609,7.5382161140441895,3.847672939300537,1379433
2008-11-26,7.438343048095703,7.87257194519043,7.4340009689331055,7.8465189933776855,4.005038738250732,1852623
2008-11-28,7.816123008728027,7.985472202301025,7.733619213104248,7.981130123138428,4.073747158050537,961144
2008-12-01,7.746645927429199,7.942049026489258,7.182147979736328,7.216886043548584,3.683659553527832,2529570
2008-12-02,3.99924898147583,4.198995113372803,3.62581205368042,3.88634991645813,1.9836796522140503,18697428
2008-12-03,3.799504041671753,4.2120208740234375,3.6866040229797363,4.13820219039917,2.112229824066162,5226713
2008-12-04,4.116490840911865,4.159914016723633,3.7691080570220947,3.834242105484009,1.9570822715759277,2253932
2008-12-05,3.760422945022583,3.990565061569214,3.6171278953552246,3.981879949569702,2.0324392318725586,1960357
2008-12-08,4.051356792449951,4.1642560958862305,3.8993759155273438,4.016617774963379,2.050171375274658,2156569
2008-12-09,3.9080610275268555,4.255444049835205,3.882006883621216,4.225048065185547,2.156558036804199,3036869
2008-12-10,4.259787082672119,4.5594048500061035,4.238074779510498,4.398739814758301,2.24521541595459,2110390
2008-12-11,4.403081893920898,4.507297039031982,4.055698871612549,4.125175952911377,2.105581521987915,2517097
2008-12-12,4.0122761726379395,4.615853786468506,3.9558260440826416,4.607170104980469,2.3516011238098145,1368466
2008-12-15,4.7113847732543945,4.950211048126221,4.7113847732543945,4.893761157989502,2.4978835582733154,2888894
2008-12-16,4.945868968963623,5.145614147186279,4.776518821716309,5.015345096588135,2.559943437576294,2667228
2008-12-17,4.92415714263916,5.349701881408691,4.92415714263916,5.241144180297852,2.675196647644043,1619504
2008-12-18,5.189036846160889,5.284566879272461,4.850337982177734,4.941525936126709,2.522264242172241,1190889
2008-12-19,5.058767795562744,5.33667516708374,5.058767795562744,5.197721004486084,2.6530327796936035,2268710
2008-12-22,5.197721004486084,5.232460021972656,4.854680061340332,5.015345096588135,2.559943437576294,938723
2008-12-23,4.950211048126221,5.054426193237305,4.780860900878906,4.819941997528076,2.460205554962158,647075
2008-12-24,4.8112568855285645,5.011003017425537,4.776518821716309,4.9024457931518555,2.502317190170288,328619
2008-12-26,4.928499221801758,4.989291191101074,4.880733966827393,4.976264953613281,2.5399959087371826,225648
2008-12-29,4.984949111938477,5.089163780212402,4.793888092041016,4.872049808502197,2.4868016242980957,701834
2008-12-30,4.906787872314453,4.906787872314453,4.694015979766846,4.863365173339844,2.482369899749756,927952
2008-12-31,4.880733966827393,5.210748195648193,4.737439155578613,5.1586408615112305,2.633084774017334,1457336
2009-01-02,5.136929035186768,5.228116989135742,5.063109874725342,5.110876083374023,2.608703851699829,1032655
2009-01-05,5.089163780212402,5.3279900550842285,5.011003017425537,5.128244876861572,2.617570400238037,1212979
2009-01-06,5.1586408615112305,5.5190510749816895,5.145614147186279,5.46694278717041,2.7904491424560547,1718077
2009-01-07,5.471285820007324,5.471285820007324,5.2237749099731445,5.34101676940918,2.7261738777160645,743821
2009-01-08,5.3106207847595215,5.579843044281006,5.202064037322998,5.536419868469238,2.825910806655884,1292985
2009-01-09,5.5190510749816895,5.553789138793945,5.314962863922119,5.3757548332214355,2.743903875350952,991002
2009-01-12,5.314962863922119,5.406150817871094,4.9198150634765625,4.980607032775879,2.5422120094299316,1333151
2009-01-13,4.984949111938477,5.123729228973389,4.906787872314453,5.063109874725342,2.5843238830566406,668313
2009-01-14,4.976264953613281,5.011003017425537,4.780860900878906,4.824284076690674,2.4624218940734863,672960
2009-01-15,4.9024457931518555,4.993634223937988,4.485586166381836,4.772177219390869,2.4358253479003906,2648277
2009-01-16,4.79823112487793,4.950211048126221,4.598484992980957,4.915472030639648,2.5089662075042725,861950
2009-01-20,4.845995903015137,4.876391887664795,4.581116199493408,4.594142913818359,2.3449525833129883,1035534
2009-01-21,4.615853786468506,4.78520393371582,4.463873863220215,4.741781234741211,2.4203107357025146,873188
2009-01-22,4.72006893157959,4.737439155578613,4.476901054382324,4.624538898468018,2.3604676723480225,726098
2009-01-23,4.507297039031982,4.880733966827393,4.403081893920898,4.841653823852539,2.4712870121002197,978168
2009-01-26,4.824284076690674,5.162982940673828,4.824284076690674,5.1195597648620605,2.6131372451782227,1035870
2009-01-27,5.149956226348877,5.29759407043457,5.106533050537109,5.189036846160889,2.64859938621521,1172100
2009-01-28,5.249828815460205,5.284566879272461,5.115218162536621,5.167325019836426,2.6375186443328857,983586
2009-01-29,5.13258695602417,5.13258695602417,4.455190181732178,4.55072021484375,2.3227884769439697,4358473
2009-01-30,4.689672946929932,5.34101676940918,4.563746929168701,5.106533050537109,2.6064884662628174,6343767
2009-02-02,4.92415714263916,5.063109874725342,4.542035102844238,4.602828025817871,2.3493850231170654,2961202
2009-02-03,5.019687175750732,5.388782024383545,4.9198150634765625,5.097848892211914,2.602055311203003,3642803
2009-02-04,5.063109874725342,5.254170894622803,4.958895206451416,5.089163780212402,2.5976226329803467,2491590
2009-02-05,5.032713890075684,5.189036846160889,4.915472030639648,5.136929035186768,2.6220033168792725,2000978
2009-02-06,5.106533050537109,5.3106207847595215,5.058767795562744,5.267198085784912,2.6884944438934326,1188398
2009-02-09,5.210748195648193,5.275883197784424,5.054426193237305,5.1760101318359375,2.6419501304626465,990111
2009-02-10,5.197721004486084,5.27154016494751,4.824284076690674,4.867706775665283,2.484585762023926,1047898
2009-02-11,4.9024457931518555,5.006617069244385,4.78520393371582,4.893761157989502,2.4978835582733154,778674
2009-02-12,4.837310791015625,4.958895206451416,4.741781234741211,4.906787872314453,2.5045337677001953,795089
2009-02-13,4.772177219390869,5.102190971374512,4.715726852416992,5.045741081237793,2.5754573345184326,912658
2009-02-17,4.9198150634765625,4.9198150634765625,4.702700138092041,4.78520393371582,2.442473888397217,1316940
2009-02-18,4.780860900878906,4.8981032371521,4.74612283706665,4.776518821716309,2.4380412101745605,1078605
2009-02-19,4.837310791015625,4.88507604598999,4.524665832519531,4.55072021484375,2.3227884769439697,635203
2009-02-20,4.494269847869873,4.828627109527588,4.4204511642456055,4.724411964416504,2.4114441871643066,1492371
2009-02-23,4.715726852416992,4.850337982177734,4.515982151031494,4.515982151031494,2.3050572872161865,1892786
2009-02-24,4.5550618171691895,4.945868968963623,4.51163911819458,4.92415714263916,2.513399362564087,1571877
2009-02-25,4.906787872314453,4.963237762451172,4.713555812835693,4.780860900878906,2.440258264541626,846048
2009-02-26,4.802573204040527,4.941525936126709,4.628880977630615,4.654934883117676,2.3759827613830566,798758
2009-02-27,4.602828025817871,4.932841777801514,4.589800834655762,4.689672946929932,2.3937127590179443,1013004
2009-03-02,4.568089008331299,4.79823112487793,4.472558975219727,4.494269847869873,2.2939743995666504,778925
2009-03-03,4.533350944519043,4.680988788604736,4.398739814758301,4.4204511642456055,2.2562966346740723,1023775
2009-03-04,4.498612880706787,4.728754043579102,4.446505069732666,4.659276962280273,2.3781983852386475,1127144
2009-03-05,4.5594048500061035,4.7113847732543945,4.5594048500061035,4.594142913818359,2.3449525833129883,771650
2009-03-06,4.624538898468018,4.724411964416504,4.533350944519043,4.646249771118164,2.371548891067505,1001701
2009-03-09,4.594142913818359,4.659276962280273,4.407423973083496,4.437820911407471,2.2651631832122803,983886
2009-03-10,4.537693023681641,4.79823112487793,4.485586166381836,4.763492107391357,2.431392192840576,1032360
2009-03-11,4.772177219390869,4.932841777801514,4.7113847732543945,4.8329691886901855,2.4668545722961426,690858
2009-03-12,4.837310791015625,5.210748195648193,4.789546012878418,5.162982940673828,2.635300874710083,1282426
2009-03-13,5.197721004486084,5.245487213134766,5.050083160400391,5.162982940673828,2.635300874710083,742845
2009-03-16,5.189036846160889,5.410493850708008,5.1760101318359375,5.245487213134766,2.677412509918213,1358978
2009-03-17,5.2585129737854,5.4799699783325195,5.228116989135742,5.4799699783325195,2.797098159790039,1178939
2009-03-18,5.475627899169922,5.666688919067383,5.397640228271484,5.523393154144287,2.8192625045776367,1515437
2009-03-19,5.601553916931152,5.649320125579834,5.345358848571777,5.471285820007324,2.792665958404541,1639072
2009-03-20,5.5190510749816895,5.5841851234436035,5.393124103546143,5.419178009033203,2.766068696975708,1555347
2009-03-23,5.536419868469238,5.783930778503418,5.4799699783325195,5.783930778503418,2.95224666595459,1194047
2009-03-24,5.805642127990723,5.80998420715332,5.427863121032715,5.436546802520752,2.7749345302581787,954268
2009-03-25,5.536419868469238,5.7752461433410645,5.332332134246826,5.5190510749816895,2.8170461654663086,889546
2009-03-26,5.5841851234436035,5.679716110229492,5.358386039733887,5.558131217956543,2.8369929790496826,2506653
2009-03-27,5.501681804656982,5.757876873016357,5.453917026519775,5.7187957763671875,2.919001340866089,2384161
2009-03-30,5.579843044281006,5.757876873016357,5.536419868469238,5.7361650466918945,2.927866220474243,1106469
2009-03-31,5.7752461433410645,6.005386829376221,5.723138809204102,5.805642127990723,2.963329315185547,1040252
2009-04-01,5.7361650466918945,6.01841402053833,5.666688919067383,5.957622051239014,3.040902853012085,794189
2009-04-02,6.061837196350098,6.196447849273682,5.996703147888184,6.135655879974365,3.131774663925171,1613567
2009-04-03,6.092233180999756,6.387508869171143,5.909856796264648,6.153025150299072,3.1406402587890625,2466949
2009-04-06,6.070521831512451,6.070521831512451,5.788272857666016,5.849064826965332,2.9854917526245117,967703
2009-04-07,5.801300048828125,5.805642127990723,5.423520088195801,5.423520088195801,2.7682857513427734,1232858
2009-04-08,5.471285820007324,5.562473773956299,5.436546802520752,5.562473773956299,2.8392093181610107,687040
2009-04-09,5.679716110229492,5.749192237854004,5.5668158531188965,5.727480888366699,2.923433303833008,1250224
2009-04-13,5.7187957763671875,5.870776176452637,5.575500965118408,5.866434097290039,2.9943578243255615,1490105
2009-04-14,5.80998420715332,5.948937892913818,5.714454174041748,5.875119209289551,2.998790979385376,522634
2009-04-15,5.8230109214782715,5.909856796264648,5.757876873016357,5.883802890777588,3.0032241344451904,874978
2009-04-16,5.909856796264648,6.122629165649414,5.901172161102295,6.074863910675049,3.100745439529419,757894
2009-04-17,6.092233180999756,6.205132961273193,5.953279972076416,6.135655879974365,3.131774663925171,991819
2009-04-20,6.009729862213135,6.044467926025391,5.740508079528809,5.792614936828613,2.956679582595825,720311
2009-04-21,5.788272857666016,6.105259895324707,5.785233020782471,5.948937892913818,3.0364699363708496,944717
2009-04-22,5.8924880027771,6.153025150299072,5.883802890777588,5.988018035888672,3.05641770362854,699907
2009-04-23,6.009729862213135,6.0314412117004395,5.649320125579834,5.697084903717041,2.9079179763793945,977011
2009-04-24,5.757876873016357,5.779588222503662,5.562473773956299,5.7187957763671875,2.919001340866089,836751
2009-04-27,5.64497709274292,5.85340690612793,5.64497709274292,5.766561031341553,2.9433810710906982,973856
2009-04-28,5.731822967529297,5.979333877563477,5.7187957763671875,5.914198875427246,3.018738269805908,769239
2009-04-29,5.935911178588867,6.296320915222168,5.866434097290039,6.296320915222168,3.21378231048584,1119480
2009-04-30,6.248556137084961,6.47001314163208,6.092233180999756,6.09657621383667,3.111827850341797,1576453
2009-05-01,6.396193981170654,6.556858062744141,6.205132961273193,6.305005073547363,3.218214511871338,3013787
2009-05-04,6.400536060333252,7.0909600257873535,6.400536060333252,7.017140865325928,3.5817039012908936,3729918
2009-05-05,7.038853168487549,7.15175199508667,6.860818862915039,7.073591232299805,3.6105189323425293,2073331
2009-05-06,6.9867448806762695,7.19083309173584,6.821737766265869,7.19083309173584,3.670360803604126,2037222
2009-05-07,7.251625061035156,7.273335933685303,6.80436897277832,6.912926197052002,3.528510808944702,1782017
2009-05-08,7.021482944488525,7.2429399490356445,6.925952911376953,7.2429399490356445,3.6969573497772217,1567009
2009-05-11,7.130041122436523,7.412290096282959,7.051878929138184,7.247282981872559,3.699173927307129,1783759
2009-05-12,7.303731918334961,7.473082065582275,6.791341781616211,7.073591232299805,3.6105189323425293,2259203
2009-05-13,6.969376087188721,7.117013931274414,6.908584117889404,6.982402801513672,3.5639736652374268,1099940
2009-05-14,7.030168056488037,7.35584020614624,6.885091781616211,7.286363124847412,3.719120502471924,2402833
2009-05-15,7.216886043548584,7.3297858238220215,6.691469192504883,6.721865177154541,3.4309895038604736,3242051
2009-05-18,6.826079845428467,7.034510135650635,6.808711051940918,6.978061199188232,3.5617570877075195,3073214
2009-05-19,6.908584117889404,7.069249153137207,6.621993064880371,6.77831506729126,3.4598028659820557,3180535
2009-05-20,6.9476637840271,7.3797221183776855,6.9476637840271,7.212543964385986,3.681443214416504,3567690
2009-05-21,8.793137550354004,9.227367401123047,8.345882415771484,8.754056930541992,4.468266010284424,13388599
2009-05-22,8.69760799407959,8.749714851379395,8.358908653259277,8.667211532592773,4.423936367034912,2619278
2009-05-26,8.623788833618164,8.86695671081543,8.519574165344238,8.758399963378906,4.470482349395752,3225136
2009-05-27,9.249078750610352,9.86134147644043,9.16657543182373,9.783180236816406,4.993551731109619,7509299
2009-05-28,9.987268447875977,10.338993072509766,9.813575744628906,10.221752166748047,5.217407703399658,6312559
2009-05-29,10.399785995483398,10.460577964782715,10.035033226013184,10.195697784423828,5.204110622406006,3204170
2009-06-01,10.473604202270508,10.807961463928223,10.386758804321289,10.725457191467285,5.474511623382568,3262344
2009-06-02,10.70374584197998,10.70374584197998,10.434523582458496,10.616900444030762,5.419100761413574,2404072
2009-06-03,11.724184036254883,11.845767974853516,11.068497657775879,11.737211227416992,5.990932941436768,8251545
2009-06-04,11.50706958770752,11.724184036254883,11.376800537109375,11.576545715332031,5.9089250564575195,3235062
2009-06-05,11.628653526306152,11.871822357177734,11.424566268920898,11.737211227416992,5.990932941436768,3344743
2009-06-08,11.689446449279785,11.689446449279785,11.18574047088623,11.402854919433594,5.820268630981445,2402222
2009-06-09,11.55917739868164,11.724184036254883,11.467988967895508,11.663392066955566,5.953254222869873,2663534
2009-06-10,11.871822357177734,11.984722137451172,11.39851188659668,11.641680717468262,5.942171573638916,2389123
2009-06-11,11.498385429382324,11.672077178955078,11.289955139160156,11.43325138092041,5.8357834815979,1872182
2009-06-12,11.307324409484863,11.324692726135254,10.866581916809082,11.198766708374023,5.716100215911865,2391696
2009-06-15,10.881779670715332,10.972968101501465,10.573476791381836,10.87309455871582,5.549869537353516,1999113
2009-06-16,10.912176132202148,11.107579231262207,10.695060729980469,10.786249160766602,5.505541801452637,1445052
2009-06-17,10.781907081604004,10.799276351928711,10.221752166748047,10.773222923278809,5.498891830444336,2939572
2009-06-18,10.7298002243042,10.773222923278809,10.49965763092041,10.677692413330078,5.450130939483643,1375932
2009-06-19,10.712430000305176,10.877436637878418,10.588674545288086,10.655981063842773,5.439049243927002,2401430
2009-06-22,10.53439712524414,10.595189094543457,10.165302276611328,10.291228294372559,5.252871513366699,1879761
2009-06-23,10.399785995483398,10.406732559204102,9.826602935791016,10.039375305175781,5.1243181228637695,2464892
2009-06-24,10.13924789428711,10.530054092407227,10.039375305175781,10.382415771484375,5.299414157867432,1502027
2009-06-25,10.391100883483887,10.721115112304688,10.0958251953125,10.721115112304688,5.472296237945557,1765936
2009-06-26,10.725457191467285,11.051129341125488,10.590846061706543,10.942571640014648,5.585331916809082,2429715
2009-06-29,11.029417991638184,11.051129341125488,10.751510620117188,11.01204776763916,5.620792865753174,1382083
2009-06-30,11.111921310424805,11.24219036102295,10.790592193603516,10.98165225982666,5.605278015136719,1831765
2009-07-01,11.01204776763916,11.324692726135254,11.003363609313965,11.194424629211426,5.713884353637695,1601737
2009-07-02,11.081524848937988,11.081524848937988,10.74716854095459,10.903491020202637,5.565385818481445,923646
2009-07-06,10.93822956085205,10.946913719177246,10.421497344970703,10.794934272766113,5.50997257232666,1968417
2009-07-07,10.764537811279297,10.999021530151367,10.647295951843262,10.838356971740723,5.532138347625732,2007378
2009-07-08,10.84269905090332,10.951255798339844,10.23477840423584,10.438865661621094,5.32822847366333,1302250
2009-07-09,10.51268482208252,11.006837844848633,10.51268482208252,10.777565002441406,5.501108169555664,1049770
2009-07-10,10.7601957321167,10.985995292663574,10.642953872680664,10.864411354064941,5.545435428619385,952842
2009-07-13,10.925203323364258,11.342062950134277,10.586503982543945,11.294297218322754,5.764861106872559,1721918
2009-07-14,11.350747108459473,11.546150207519531,11.168371200561523,11.467988967895508,5.853515625,1436619
2009-07-15,11.63299560546875,11.958667755126953,11.624311447143555,11.754579544067383,5.9997968673706055,2118973
2009-07-16,11.72852611541748,12.527507781982422,11.72852611541748,12.458030700683594,6.358856201171875,4385137
2009-07-17,12.540534973144531,12.761992454528809,12.21052074432373,12.50145435333252,6.38101863861084,2337289
2009-07-20,12.670804023742676,12.788044929504395,11.63299560546875,12.049856185913086,6.150515556335449,4137804
2009-07-21,12.162755012512207,12.227890014648438,11.550493240356445,11.945640563964844,6.097320556640625,1969108
2009-07-22,11.858795166015625,12.19306468963623,11.680761337280273,11.967351913452148,6.108402729034424,1630501
2009-07-23,12.01945972442627,12.427635192871094,11.936956405639648,12.206177711486816,6.23030424118042,2132132
2009-07-24,12.093278884887695,12.12732219696045,11.411539077758789,11.871822357177734,6.059642314910889,2102084
2009-07-27,11.854453086853027,11.97603702545166,11.4506196975708,11.884848594665527,6.066290378570557,1799996
2009-07-28,11.776291847229004,12.271312713623047,11.61562728881836,12.15841293334961,6.205920696258545,1711870
2009-07-29,12.032486915588379,12.50145435333252,11.910859107971191,12.371185302734375,6.314526081085205,1807601
2009-07-30,12.562246322631836,12.979105949401855,12.266969680786133,12.371185302734375,6.314526081085205,2495744
2009-07-31,12.375528335571289,12.679488182067871,12.197493553161621,12.197493553161621,6.225870609283447,2443010
2009-08-03,12.31907844543457,12.63120174407959,12.232232093811035,12.557904243469238,6.409834384918213,2089503
2009-08-04,12.58395767211914,12.857522010803223,12.353816032409668,12.397238731384277,6.327824592590332,3052962
2009-08-05,13.092005729675293,13.243986129760742,11.945640563964844,12.15841293334961,6.205920696258545,3975738
2009-08-06,12.110648155212402,12.240917205810547,11.359432220458984,11.454961776733398,5.846866607666016,3063083
2009-08-07,11.61562728881836,11.72852611541748,10.721115112304688,11.376800537109375,5.806971549987793,3027729
2009-08-10,11.311667442321777,11.50706958770752,11.198809623718262,11.24219036102295,5.738264083862305,1307807
2009-08-11,11.181398391723633,11.39851188659668,11.01204776763916,11.07718276977539,5.65403938293457,1912905
2009-08-12,11.072840690612793,11.58957290649414,11.072840690612793,11.446277618408203,5.842434883117676,1361198
2009-08-13,11.554835319519043,11.754579544067383,11.329035758972168,11.598258018493652,5.920008182525635,1476071
2009-08-14,11.619969367980957,11.628653526306152,11.289955139160156,11.454961776733398,5.846866607666016,1322361
2009-08-17,11.237848281860352,11.237848281860352,10.977310180664062,11.155344009399414,5.693933486938477,1257589
2009-08-18,11.172713279724121,11.43325138092041,11.051129341125488,11.224821090698242,5.729397773742676,1471902
2009-08-19,11.081524848937988,11.407196998596191,11.02507495880127,11.359432220458984,5.7981061935424805,1446959
2009-08-20,11.394169807434082,11.47992992401123,11.220478057861328,11.411539077758789,5.824703216552734,1245577
2009-08-21,11.528780937194824,11.537466049194336,11.263900756835938,11.372459411621094,5.804755687713623,1638985
2009-08-24,11.289955139160156,11.524438858032227,11.120606422424316,11.151001930236816,5.691718101501465,1247765
2009-08-25,11.120606422424316,11.240018844604492,10.933886528015137,10.99467945098877,5.611928462982178,1284462
2009-08-26,10.959940910339355,11.159686088562012,10.942571640014648,11.07718276977539,5.65403938293457,1098629
2009-08-27,11.02507495880127,11.177056312561035,10.699403762817383,10.990337371826172,5.609710693359375,1132927
2009-08-28,11.007705688476562,11.320134162902832,10.699403762817383,10.881779670715332,5.554301738739014,3156714
2009-08-31,10.291228294372559,10.964282989501953,10.13924789428711,10.912176132202148,5.569817066192627,3067351
2009-09-01,10.816644668579102,11.268243789672852,10.551766395568848,10.612558364868164,5.416886806488037,1847158
2009-09-02,10.586503982543945,10.74716854095459,10.412899017333984,10.647295951843262,5.4346160888671875,2210004
2009-09-03,10.634268760681152,10.964282989501953,10.634268760681152,10.933886528015137,5.580899238586426,1270771
2009-09-04,10.972968101501465,11.003363609313965,10.777565002441406,10.968626022338867,5.598630905151367,901392
2009-09-08,10.977310180664062,11.072840690612793,10.860068321228027,11.016390800476074,5.623012065887451,969633
2009-09-09,11.39851188659668,11.680761337280273,11.324692726135254,11.520095825195312,5.8801140785217285,1986283
2009-09-10,11.641680717468262,11.789319038391113,11.576545715332031,11.77194881439209,6.008662700653076,1245685
2009-09-11,11.789319038391113,11.828398704528809,11.4202241897583,11.472331047058105,5.855732440948486,1092262
2009-09-14,11.515753746032715,11.563518524169922,11.320350646972656,11.428908348083496,5.833567142486572,681057
2009-09-15,11.437593460083008,11.928272247314453,11.35508918762207,11.637337684631348,5.939955711364746,1181277
2009-09-16,11.828398704528809,12.154070854187012,11.789319038391113,12.136701583862305,6.19484281539917,2165679
2009-09-17,12.279996871948242,12.701199531555176,11.98906421661377,12.045514106750488,6.1482977867126465,2267250
2009-09-18,12.045514106750488,12.471057891845703,12.045514106750488,12.397238731384277,6.327824592590332,1870961
2009-09-21,12.340788841247559,12.588299751281738,12.253944396972656,12.4450044631958,6.352206707000732,1015249
2009-09-22,12.53184986114502,12.592641830444336,12.284339904785156,12.388554573059082,6.323392391204834,997542
2009-09-23,12.423293113708496,12.510139465332031,12.197493553161621,12.21052074432373,6.232522487640381,962114
2009-09-24,12.22354793548584,12.22354793548584,11.702472686767578,11.763264656066895,6.004232406616211,835204
2009-09-25,11.676419258117676,11.680805206298828,11.450662612915039,11.619969367980957,5.931090831756592,846394
2009-09-28,11.706814765930176,12.306051254272461,11.706814765930176,12.219204902648926,6.236954212188721,1154139
2009-09-29,12.288681983947754,12.405750274658203,12.054198265075684,12.080251693725586,6.166029930114746,803589
2009-09-30,12.1453857421875,12.34947395324707,11.941299438476562,12.110648155212402,6.181545257568359,975174
2009-10-01,12.054198265075684,12.314736366271973,11.411539077758789,11.411539077758789,5.824703216552734,1151606
2009-10-02,11.255216598510742,11.502726554870605,11.029417991638184,11.224821090698242,5.729397773742676,1361147
2009-10-05,11.294297218322754,11.554835319519043,11.289955139160156,11.533123016357422,5.886763095855713,890237
2009-10-06,11.819714546203613,12.154070854187012,11.74155330657959,12.136701583862305,6.19484281539917,1715069
2009-10-07,12.4450044631958,12.983448028564453,12.375528335571289,12.73593807220459,6.500704765319824,4741179
2009-10-08,13.035555839538574,13.131086349487305,12.809757232666016,13.048583030700684,6.660287857055664,3331591
2009-10-09,13.174509048461914,13.734664916992188,13.070294380187988,13.543603897094727,6.912957191467285,2858320
2009-10-12,13.943095207214355,13.969147682189941,13.304778099060059,13.48281192779541,6.881927490234375,2991170
2009-10-13,13.539261817932129,13.608304023742676,13.157139778137207,13.304778099060059,6.791053295135498,1864511
2009-10-14,13.699926376342773,13.721637725830078,13.178894996643066,13.478469848632812,6.879712104797363,2182334
2009-10-15,13.461099624633789,13.49583911895752,13.218365669250488,13.29175090789795,6.784405708312988,1323750
2009-10-16,13.200563430786133,13.217931747436523,12.793169021606445,13.052925109863281,6.66250467300415,2285402
2009-10-19,13.12240219116211,13.461099624633789,13.06595230102539,13.12240219116211,6.697964191436768,5468597
2009-10-20,13.52623462677002,13.569658279418945,13.048583030700684,13.222273826599121,6.7489423751831055,2293036
2009-10-21,13.243986129760742,13.482682228088379,12.983448028564453,13.018186569213867,6.644773483276367,2205941
2009-10-22,13.005160331726074,13.07025146484375,12.227890014648438,12.87489128112793,6.571630477905273,2963935
2009-10-23,12.966078758239746,13.015451431274414,12.418951034545898,12.514480590820312,6.387669563293457,2176494
2009-10-26,12.58395767211914,12.983448028564453,12.375528335571289,12.557904243469238,6.409834384918213,2525616
2009-10-27,12.55356216430664,12.670804023742676,11.511411666870117,11.711156845092773,5.977632999420166,3867253
2009-10-28,11.576545715332031,11.732000350952148,10.968626022338867,10.977310180664062,5.603063106536865,3671009
2009-10-29,11.27258586883545,11.663392066955566,11.164029121398926,11.663392066955566,5.953254222869873,2895285
2009-10-30,10.365047454833984,10.378073692321777,9.4314546585083,9.600804328918457,4.900462627410889,12130012
2009-11-02,9.774496078491211,9.865683555603027,9.162449836730957,9.327239990234375,4.760830402374268,5396796
2009-11-03,9.05801773071289,9.244735717773438,8.645500183105469,9.205656051635742,4.698770046234131,7497310
2009-11-04,9.266448020935059,9.327239990234375,8.927748680114746,9.062359809875488,4.6256303787231445,3510253
2009-11-05,9.292501449584961,9.756258010864258,9.283817291259766,9.687649726867676,4.944789886474609,4604691
2009-11-06,9.566065788269043,9.81791877746582,9.4010591506958,9.592119216918945,4.896030426025391,2061144
2009-11-09,9.700676918029785,9.865683555603027,9.531327247619629,9.856999397277832,5.03123140335083,3905682
2009-11-10,9.822260856628418,10.143589973449707,9.726730346679688,9.883052825927734,5.044529438018799,2821216
2009-11-11,9.974241256713867,10.399785995483398,9.94384479522705,10.295571327209473,5.255087852478027,3228275
2009-11-12,10.252147674560547,10.634268760681152,10.165302276611328,10.517026901245117,5.368122100830078,4569450
2009-11-13,10.551766395568848,10.63861083984375,10.447550773620605,10.530054092407227,5.3747735023498535,2637861
2009-11-16,10.621241569519043,10.794934272766113,10.569134712219238,10.764537811279297,5.494458198547363,2436845
2009-11-17,10.677692413330078,10.790592193603516,10.603873252868652,10.70374584197998,5.463430404663086,1691128
2009-11-18,10.642953872680664,10.74716854095459,10.586503982543945,10.63861083984375,5.430182933807373,2295380
2009-11-19,10.53439712524414,10.538739204406738,10.289056777954102,10.347678184509277,5.281683444976807,1715336
2009-11-20,10.273859024047852,10.29991340637207,10.147933006286621,10.273859024047852,5.244007110595703,1187023
2009-11-23,10.525712013244629,10.690718650817871,10.434523582458496,10.595189094543457,5.408020973205566,1813570
2009-11-24,10.46926212310791,10.590846061706543,10.460577964782715,10.560449600219727,5.390287399291992,1565825
2009-11-25,10.538739204406738,10.597793579101562,10.478381156921387,10.503999710083008,5.361473560333252,1629803
2009-11-27,10.204381942749023,10.386758804321289,10.104510307312012,10.269516944885254,5.241788864135742,926345
2009-11-30,10.269516944885254,10.34333610534668,10.117536544799805,10.27820110321045,5.246223449707031,1399867
2009-12-01,10.317281723022461,10.49965763092041,10.269516944885254,10.412812232971191,5.314929962158203,2464982
2009-12-02,10.421497344970703,10.851384162902832,10.421497344970703,10.74716854095459,5.485595226287842,1722098
2009-12-03,10.825329780578613,11.220521926879883,10.809698104858398,11.094552040100098,5.662904262542725,2430403
2009-12-04,11.250873565673828,11.498385429382324,11.168371200561523,11.372459411621094,5.804755687713623,2145040
2009-12-07,11.372459411621094,11.754579544067383,11.307324409484863,11.641680717468262,5.942171573638916,2147237
2009-12-08,11.494043350219727,11.715499877929688,11.481016159057617,11.528780937194824,5.884545803070068,2725637
2009-12-09,11.459303855895996,11.502726554870605,11.268243789672852,11.363774299621582,5.80032205581665,2051170
2009-12-10,11.394169807434082,11.478584289550781,11.0902099609375,11.137974739074707,5.6850690841674805,1992225
2009-12-11,11.22916316986084,11.268243789672852,10.985995292663574,11.129289627075195,5.680635929107666,722261
2009-12-14,11.181398391723633,11.324692726135254,11.129289627075195,11.211793899536133,5.72274923324585,1619638
2009-12-15,11.164029121398926,11.202458381652832,10.955598831176758,10.955598831176758,5.591980457305908,1902313
2009-12-16,10.964282989501953,11.159686088562012,10.959940910339355,11.016390800476074,5.623012065887451,1335926
2009-12-17,10.990337371826172,11.068497657775879,10.734142303466797,10.816644668579102,5.521056175231934,1398641
2009-12-18,10.951255798339844,11.029417991638184,10.7298002243042,10.794934272766113,5.50997257232666,2378935
2009-12-21,10.87309455871582,11.020732879638672,10.860068321228027,10.955598831176758,5.591980457305908,1188665
2009-12-22,10.942571640014648,11.051129341125488,10.860068321228027,10.903491020202637,5.565385818481445,805339
2009-12-23,10.892635345458984,10.903491020202637,10.56479263305664,10.616900444030762,5.419100761413574,1885477
2009-12-24,10.63861083984375,10.71677303314209,10.52788257598877,10.616900444030762,5.419100761413574,610562
2009-12-28,10.655981063842773,10.699403762817383,10.406298637390137,10.4562349319458,5.337094783782959,1297312
2009-12-29,10.460577964782715,10.473604202270508,10.27820110321045,10.37373161315918,5.294984817504883,983860
2009-12-30,9.592119216918945,9.748441696166992,9.127493858337402,9.748441696166992,4.975820541381836,7646749
2009-12-31,9.78752326965332,10.156617164611816,9.75278377532959,10.104510307312012,5.157567024230957,3077670
2010-01-04,10.213067054748535,10.547423362731934,10.173986434936523,10.338993072509766,5.277252674102783,2352910
2010-01-05,10.382415771484375,10.51268482208252,10.281675338745117,10.447550773620605,5.332662105560303,1479115
2010-01-06,10.404128074645996,10.4258394241333,10.117536544799805,10.156617164611816,5.184162616729736,1495540
2010-01-07,8.775769233703613,8.840903282165527,8.371935844421387,8.693264961242676,4.437233924865723,11957096
2010-01-08,8.723661422729492,8.83656120300293,8.57602310180664,8.810506820678711,4.4970784187316895,4138357
2010-01-11,8.832219123840332,8.932090759277344,8.723705291748047,8.797479629516602,4.49043083190918,2580287
2010-01-12,8.69760799407959,8.893011093139648,8.57602310180664,8.597735404968262,4.388474464416504,3020942
2010-01-13,8.60641860961914,8.888668060302734,8.517836570739746,8.82353401184082,4.503727912902832,2195776
2010-01-14,8.741029739379883,8.879983901977539,8.706292152404785,8.745372772216797,4.463831901550293,2442641
2010-01-15,8.793137550354004,8.801822662353516,8.167847633361816,8.211271286010742,4.191215991973877,4766592
2010-01-19,8.224297523498535,8.597735404968262,8.189559936523438,8.4066743850708,4.290954113006592,2423992
2010-01-20,8.28943157196045,8.5279541015625,8.167847633361816,8.345882415771484,4.259923458099365,2632129
2010-01-21,8.367593765258789,8.502204895019531,8.176532745361328,8.198244094848633,4.184566974639893,1655481
2010-01-22,8.241666793823242,8.241666793823242,7.855203151702881,7.87257194519043,4.018334865570068,1568989
2010-01-25,7.9116530418396,8.041921615600586,7.850861072540283,7.989813804626465,4.078179359436035,1618756
2010-01-26,7.942049026489258,8.085345268249512,7.87257194519043,7.902967929840088,4.033850193023682,2868474
2010-01-27,7.820465087890625,8.150479316711426,7.750988006591797,8.124424934387207,4.146886348724365,2377671
2010-01-28,8.189559936523438,8.237324714660645,7.942049026489258,8.219956398010254,4.195648193359375,4314338
2010-01-29,7.994156837463379,7.994156837463379,7.416632175445557,7.455711841583252,3.805560827255249,8093387
2010-02-01,7.169120788574219,7.555584907531738,7.064906120300293,7.490450859069824,3.8232922554016113,3197450
2010-02-02,7.442686080932617,7.599008083343506,7.325444221496582,7.5382161140441895,3.847672939300537,2144635
2010-02-03,7.4991350173950195,7.816123008728027,7.447028160095215,7.716249942779541,3.9385459423065186,1990053
2010-02-04,7.625061988830566,7.694538116455078,7.381894111633301,7.442686080932617,3.7989115715026855,2208322
2010-02-05,7.4340009689331055,7.4340009689331055,7.199516773223877,7.390577793121338,3.77231502532959,1616826
2010-02-08,7.39926290512085,7.5294880867004395,7.31675910949707,7.373208999633789,3.763448476791382,919979
2010-02-09,7.460054874420166,7.620719909667969,7.407947063446045,7.442686080932617,3.7989115715026855,1710161
2010-02-10,7.759673118591309,7.933363914489746,7.681511878967285,7.924680233001709,4.044933319091797,3391083
2010-02-11,7.87257194519043,8.03323745727539,7.770528793334961,8.002840995788574,4.084827899932861,1274976
2010-02-12,7.9463911056518555,8.219956398010254,7.868229866027832,8.124424934387207,4.146886348724365,1573183
2010-02-16,8.115740776062012,8.32417106628418,8.059290885925293,8.319828033447266,4.2466254234313965,1290330
2010-02-17,8.337197303771973,8.358908653259277,8.172189712524414,8.24600887298584,4.208946704864502,1892950
2010-02-18,8.25903606414795,8.49351978302002,8.085345268249512,8.45009708404541,4.313116550445557,17601277
2010-02-19,8.432727813720703,8.510889053344727,8.315485954284668,8.454439163208008,4.315331935882568,3403434
2010-02-22,8.454439163208008,8.48049259185791,8.315485954284668,8.341540336608887,4.257707118988037,2552935
2010-02-23,8.345882415771484,8.432727813720703,8.020210266113281,8.024553298950195,4.095910549163818,2362884
2010-02-24,8.067975044250488,8.115740776062012,7.885599136352539,7.907310962677002,4.036065578460693,2470421
2010-02-25,7.829148769378662,7.907310962677002,7.685853958129883,7.89862585067749,4.03163480758667,1412706
2010-02-26,7.929021835327148,7.929021835327148,7.711907863616943,7.798752784729004,3.980656623840332,1346874
2010-03-01,8.085345268249512,8.21561336517334,7.929021835327148,8.12008285522461,4.144669532775879,3868663
2010-03-02,8.185216903686523,8.554311752319336,8.180874824523926,8.48049259185791,4.328629970550537,3318856
2010-03-03,8.602076530456543,8.86695671081543,8.585880279541016,8.69760799407959,4.439451694488525,2649583
2010-03-04,8.68458080291748,8.68458080291748,8.49351978302002,8.628130912780762,4.403989791870117,1238431
2010-03-05,8.65418529510498,8.771427154541016,8.580366134643555,8.671553611755371,4.426154136657715,1287000
2010-03-08,8.69760799407959,8.762742042541504,8.61944580078125,8.758399963378906,4.470482349395752,1220772
2010-03-09,8.68458080291748,8.788796424865723,8.584708213806152,8.636816024780273,4.408421516418457,1427085
2010-03-10,8.636816024780273,8.927748680114746,8.636816024780273,8.793137550354004,4.488213539123535,1064286
2010-03-11,8.775769233703613,8.83656120300293,8.662869453430176,8.819191932678223,4.501511573791504,846159
2010-03-12,8.897353172302246,8.919063568115234,8.732345581054688,8.784453392028809,4.483780384063721,1034935
2010-03-15,8.827876091003418,8.919063568115234,8.610761642456055,8.741029739379883,4.461615085601807,820836
2010-03-16,8.736687660217285,8.83656120300293,8.658527374267578,8.83656120300293,4.510376930236816,805252
2010-03-17,8.83656120300293,9.101441383361816,8.758399963378906,8.927748680114746,4.55692195892334,1412975
2010-03-18,8.910380363464355,8.945117950439453,8.728004455566406,8.806164741516113,4.494862079620361,1348737
2010-03-19,8.788796424865723,8.86695671081543,8.636816024780273,8.680237770080566,4.430586338043213,1588184
2010-03-22,8.636816024780273,8.923406600952148,8.60641860961914,8.893011093139648,4.539190769195557,1371147
2010-03-23,8.879983901977539,9.010252952575684,8.83656120300293,8.988540649414062,4.587949752807617,1065589
2010-03-24,8.988540649414062,9.00590991973877,8.793137550354004,8.797479629516602,4.49043083190918,654843
2010-03-25,8.862614631652832,9.153548240661621,8.82353401184082,8.97985553741455,4.583517551422119,1294162
2010-03-26,8.997225761413574,9.097098350524902,8.736687660217285,8.814848899841309,4.499295234680176,784300
2010-03-29,8.858271598815918,8.923406600952148,8.688922882080078,8.701950073242188,4.441668510437012,1498531
2010-03-30,8.714977264404297,8.832219123840332,8.68458080291748,8.784453392028809,4.483780384063721,1114052
2010-03-31,8.784453392028809,8.97985553741455,8.745372772216797,8.806164741516113,4.494862079620361,953842
2010-04-01,8.82353401184082,9.023279190063477,8.701950073242188,8.82353401184082,4.503727912902832,723928
2010-04-05,8.871298789978027,9.053674697875977,8.849588394165039,9.044990539550781,4.616761684417725,740832
2010-04-06,9.010252952575684,9.05801773071289,8.94946002960205,8.99288272857666,4.590167045593262,769941
2010-04-07,8.97551441192627,9.075387001037598,8.914722442626953,9.05801773071289,4.623411178588867,1047136
2010-04-08,9.053674697875977,9.062359809875488,8.906038284301758,8.945117950439453,4.5657877922058105,944637
2010-04-09,8.936433792114258,8.958145141601562,8.83656120300293,8.927748680114746,4.55692195892334,973967
2010-04-12,8.932090759277344,8.966830253601074,8.788796424865723,8.827876091003418,4.505945205688477,1987536
2010-04-13,8.780111312866211,8.875641822814941,8.701950073242188,8.814848899841309,4.499295234680176,2075319
2010-04-14,8.897353172302246,9.375004768371582,8.875641822814941,9.318554878234863,4.756397247314453,1881126
2010-04-15,9.361977577209473,9.453166007995605,9.249078750610352,9.392374038696289,4.794076442718506,955000
2010-04-16,9.375004768371582,9.4314546585083,9.244735717773438,9.357636451721191,4.7763447761535645,850691
2010-04-19,9.34895133972168,9.466193199157715,9.140521049499512,9.461851119995117,4.829539775848389,970934
2010-04-20,9.518301010131836,9.592119216918945,9.41625690460205,9.574749946594238,4.88716459274292,1039112
2010-04-21,9.548697471618652,9.687649726867676,9.54001235961914,9.652912139892578,4.927059173583984,1385220
2010-04-22,9.574749946594238,9.748441696166992,9.411913871765137,9.748441696166992,4.975820541381836,1178193
2010-04-23,9.72238826751709,9.72238826751709,9.531327247619629,9.622514724731445,4.911544322967529,1096276
2010-04-26,9.618172645568848,9.726730346679688,9.526985168457031,9.548697471618652,4.873866081237793,1154763
2010-04-27,9.470535278320312,9.648569107055664,9.25342082977295,9.270790100097656,4.7320170402526855,1201543
2010-04-28,9.279475212097168,9.435796737670898,9.16657543182373,9.435796737670898,4.816238880157471,1722977
2010-04-29,9.987268447875977,10.048060417175293,9.435796737670898,9.474878311157227,4.8361897468566895,3084286
2010-04-30,9.448823928833008,9.483562469482422,8.806164741516113,8.806164741516113,4.494862079620361,1866844
2010-05-03,8.814848899841309,8.914722442626953,8.693264961242676,8.884325981140137,4.534757614135742,1951672
2010-05-04,8.749714851379395,8.749714851379395,8.411016464233398,8.554311752319336,4.366310119628906,1505099
2010-05-05,8.384963035583496,8.50871753692627,8.211271286010742,8.393647193908691,4.284306049346924,1811799
2010-05-06,8.358908653259277,8.532601356506348,7.837833881378174,8.380620002746582,4.277655124664307,2415416
2010-05-07,8.350223541259766,8.445755004882812,8.015868186950684,8.03323745727539,4.100343227386475,2246243
2010-05-10,8.345882415771484,8.445755004882812,8.098370552062988,8.28943157196045,4.231109619140625,1315655
2010-05-11,8.176532745361328,8.371935844421387,8.10488510131836,8.224297523498535,4.197864055633545,804071
2010-05-12,8.272063255310059,8.276405334472656,8.159164428710938,8.250351905822754,4.21116304397583,1307065
2010-05-13,8.20258617401123,8.32417106628418,8.098370552062988,8.176532745361328,4.173483848571777,834582
2010-05-14,8.098370552062988,8.133110046386719,7.781383991241455,7.9463911056518555,4.056013107299805,1096465
2010-05-17,7.972445011138916,8.06363296508789,7.724934101104736,8.015868186950684,4.091477394104004,1045685
2010-05-18,8.081002235412598,8.137452125549316,7.6901960372924805,7.70322322845459,3.9318959712982178,1306930
2010-05-19,7.66414213180542,7.963716983795166,7.612034797668457,7.915995121002197,4.040499210357666,1395284
2010-05-20,7.724934101104736,7.798752784729004,7.5382161140441895,7.5859808921813965,3.8720529079437256,1642983
2010-05-21,7.4991350173950195,7.777041912078857,7.455711841583252,7.572954177856445,3.865403413772583,1384476
2010-05-24,7.546901226043701,7.696710109710693,7.473082065582275,7.473082065582275,3.8144261837005615,818519
2010-05-25,7.403604984283447,7.416632175445557,7.108328819274902,7.377551078796387,3.7656657695770264,1750131
2010-05-26,7.381894111633301,7.594666004180908,7.260309219360352,7.286363124847412,3.719120502471924,1513123
2010-05-27,7.416632175445557,7.642430782318115,7.416632175445557,7.620719909667969,3.889784574508667,1525010
2010-05-28,7.620719909667969,7.668485164642334,7.452455997467041,7.546901226043701,3.8521060943603516,764559
2010-06-01,7.464396953582764,7.6033501625061035,7.325444221496582,7.325444221496582,3.7390689849853516,1386167
2010-06-02,7.599008083343506,8.369765281677246,7.599008083343506,8.267721176147461,4.220028400421143,4229371
2010-06-03,8.341540336608887,8.39907455444336,8.067975044250488,8.180874824523926,4.175699710845947,1934741
2010-06-04,8.03323745727539,8.46312427520752,7.955076217651367,8.036494255065918,4.102004528045654,2082988
2010-06-07,8.041921615600586,8.081002235412598,7.711907863616943,7.755331039428711,3.958493947982788,1842087
2010-06-08,7.768356800079346,7.868229866027832,7.494792938232422,7.546901226043701,3.8521060943603516,1388633
2010-06-09,7.638089179992676,7.764015197753906,7.447028160095215,7.464396953582764,3.8099942207336426,1035596
2010-06-10,7.599008083343506,7.746645927429199,7.516504764556885,7.746645927429199,3.9540605545043945,812331
2010-06-11,7.66414213180542,7.868229866027832,7.644601821899414,7.755331039428711,3.958493947982788,1019042
2010-06-14,7.855203151702881,7.93770694732666,7.633746147155762,7.651115894317627,3.905298948287964,1117255
2010-06-15,7.677168846130371,8.067975044250488,7.655457973480225,8.024553298950195,4.095910549163818,1037712
2010-06-16,7.9507341384887695,8.206929206848145,7.940311908721924,8.081002235412598,4.124722480773926,684426
2010-06-17,8.094029426574707,8.176532745361328,7.8269782066345215,7.894283771514893,4.029416561126709,1149761
2010-06-18,7.915995121002197,7.963759899139404,7.781383991241455,7.855203151702881,4.0094709396362305,836692
2010-06-21,7.933363914489746,8.002840995788574,7.796582221984863,7.816123008728027,3.9895224571228027,1184796
2010-06-22,7.855203151702881,8.007183074951172,7.655457973480225,7.685853958129883,3.923030376434326,635553
2010-06-23,7.694538116455078,7.755331039428711,7.390577793121338,7.455711841583252,3.805560827255249,1492233
2010-06-24,7.420973777770996,7.4340009689331055,7.247282981872559,7.268993854522705,3.7102558612823486,1368003
2010-06-25,7.2820210456848145,7.325444221496582,7.121356010437012,7.321101188659668,3.7368524074554443,3769904
2010-06-28,7.299389839172363,7.557755947113037,7.195218086242676,7.468739032745361,3.8122103214263916,1219485
2010-06-29,7.31675910949707,7.377551078796387,7.164779186248779,7.225571155548096,3.688091516494751,1224121
2010-06-30,7.234255790710449,7.295048236846924,6.9476637840271,6.969376087188721,3.557323932647705,1398298
2010-07-01,6.965034008026123,6.995429992675781,6.6827850341796875,6.869503021240234,3.506347894668579,1376331
2010-07-02,6.9389801025390625,6.9389801025390625,6.687127113342285,6.773972988128662,3.4575865268707275,847421
2010-07-06,6.891214847564697,6.891214847564697,6.587254047393799,6.674099922180176,3.4066085815429688,1783998
2010-07-07,6.713181018829346,6.8521342277526855,6.6827850341796875,6.830422878265381,3.4863994121551514,1481821
2010-07-08,6.882530212402344,7.047536849975586,6.8347649574279785,7.043194770812988,3.5950028896331787,1175676
2010-07-09,7.047536849975586,7.216886043548584,7.01279878616333,7.208201885223389,3.6792266368865967,770252
2010-07-12,7.225571155548096,7.377551078796387,7.112671852111816,7.134383201599121,3.6415467262268066,767657
2010-07-13,7.273335933685303,7.312417030334473,7.229913234710693,7.295048236846924,3.723555088043213,1225565
2010-07-14,7.286363124847412,7.295048236846924,7.186490058898926,7.255967140197754,3.703605890274048,881557
2010-07-15,7.2429399490356445,7.2429399490356445,7.041024208068848,7.095302104949951,3.6215994358062744,583652
2010-07-16,7.034510135650635,7.077932834625244,6.826079845428467,6.830422878265381,3.4863994121551514,766894
2010-07-19,6.81739616394043,7.030168056488037,6.795683860778809,7.0258259773254395,3.5861382484436035,534867
2010-07-20,6.912926197052002,7.312417030334473,6.813053131103516,7.29070520401001,3.7213380336761475,1564432
2010-07-21,7.31675910949707,7.31675910949707,7.108328819274902,7.238597869873047,3.6947410106658936,1530194
2010-07-22,7.31675910949707,7.442686080932617,7.247282981872559,7.377551078796387,3.7656657695770264,2149192
2010-07-23,7.342813014984131,7.429658889770508,7.303731918334961,7.416632175445557,3.7856123447418213,1489939
2010-07-26,7.438343048095703,7.581638813018799,7.416632175445557,7.572954177856445,3.865403413772583,1532205
2010-07-27,7.590322971343994,7.733619213104248,7.577297210693359,7.698881149291992,3.9296791553497314,1040314
2010-07-28,7.694538116455078,7.716249942779541,7.451369762420654,7.490450859069824,3.8232922554016113,1046023
2010-07-29,7.581638813018799,7.6033501625061035,7.364523887634277,7.477424144744873,3.816643476486206,1451977
2010-07-30,7.581638813018799,7.677168846130371,7.373208999633789,7.373208999633789,3.763448476791382,2520823
2010-08-02,7.425315856933594,7.464396953582764,7.238597869873047,7.308074951171875,3.7302026748657227,1395447
2010-08-03,7.260309219360352,7.3949198722839355,7.249454021453857,7.303731918334961,3.7279868125915527,868633
2010-08-04,7.35584020614624,7.412290096282959,7.31675910949707,7.403604984283447,3.7789647579193115,1287850
2010-08-05,7.338470935821533,7.455711841583252,7.31675910949707,7.368866920471191,3.7612335681915283,694833
2010-08-06,7.286363124847412,7.403604984283447,7.186490058898926,7.325444221496582,3.7390689849853516,741461
2010-08-09,7.381894111633301,7.381894111633301,7.268993854522705,7.299389839172363,3.7257704734802246,1027227
2010-08-10,7.19083309173584,7.273335933685303,7.047536849975586,7.060564041137695,3.6038684844970703,1059247
2010-08-11,6.9476637840271,6.9476637840271,6.791341781616211,6.856475830078125,3.4996979236602783,1246003
2010-08-12,6.7305498123168945,6.886916160583496,6.630677223205566,6.865160942077637,3.5041310787200928,955949
2010-08-13,6.81739616394043,6.969376087188721,6.80436897277832,6.808711051940918,3.4753170013427734,862068
2010-08-16,6.7696309089660645,6.9476637840271,6.717523097991943,6.847792148590088,3.4952661991119385,472828
2010-08-17,6.908584117889404,6.973718166351318,6.865160942077637,6.873846054077148,3.508563756942749,733037
2010-08-18,6.878188133239746,7.021482944488525,6.821737766265869,6.956348896026611,3.5506751537323,411165
2010-08-19,6.9476637840271,7.008457183837891,6.800026893615723,6.813053131103516,3.477534294128418,871692
2010-08-20,6.7696309089660645,6.94332218170166,6.7696309089660645,6.912926197052002,3.528510808944702,593428
2010-08-23,6.94332218170166,6.999772071838379,6.758775234222412,6.7696309089660645,3.455368995666504,603639
2010-08-24,6.669757843017578,6.734891891479492,6.613307952880859,6.687127113342285,3.4132583141326904,981774
2010-08-25,6.643703937530518,6.671928882598877,6.556858062744141,6.6654157638549805,3.402174711227417,1326726
2010-08-26,6.678442001342773,6.76528787612915,6.565543174743652,6.582911968231201,3.3600635528564453,511752
2010-08-27,6.652389049530029,6.795683860778809,6.496500015258789,6.795683860778809,3.468667984008789,864338
2010-08-30,6.752261161804199,6.795683860778809,6.656731128692627,6.656731128692627,3.3977437019348145,932498
2010-08-31,6.630677223205566,6.752261161804199,6.561201095581055,6.60028076171875,3.368929147720337,1261783
2010-09-01,6.726208209991455,6.873846054077148,6.6827850341796875,6.782657146453857,3.462017774581909,1203622
2010-09-02,6.76528787612915,6.982402801513672,6.695812225341797,6.982402801513672,3.5639736652374268,855665
2010-09-03,7.051878929138184,7.247282981872559,7.017140865325928,7.1778059005737305,3.6637117862701416,1093572
2010-09-07,7.169120788574219,7.208201885223389,6.978061199188232,7.008457183837891,3.577272653579712,803596
2010-09-08,7.034510135650635,7.043194770812988,6.860818862915039,6.94332218170166,3.5440261363983154,559697
2010-09-09,7.030168056488037,7.067771911621094,6.865160942077637,6.908584117889404,3.5262954235076904,375645
2010-09-10,6.912926197052002,6.965034008026123,6.756604194641113,6.930294990539551,3.53737735748291,741290
2010-09-13,6.999772071838379,7.201687812805176,6.982402801513672,7.182147979736328,3.665928363800049,919358
2010-09-14,7.182147979736328,7.321101188659668,7.086617946624756,7.260309219360352,3.705822706222534,715106
2010-09-15,7.225571155548096,7.295048236846924,7.160437107086182,7.264651775360107,3.7080395221710205,637389
2010-09-16,7.260309219360352,7.308074951171875,7.214715003967285,7.299389839172363,3.7257704734802246,442777
2010-09-17,7.381894111633301,7.381894111633301,7.1951751708984375,7.273335933685303,3.7124722003936768,1312434
2010-09-20,7.273335933685303,7.381894111633301,7.1778059005737305,7.36018180847168,3.7567992210388184,1291253
2010-09-21,7.342813014984131,7.490450859069824,7.321101188659668,7.368866920471191,3.7612335681915283,617374
2010-09-22,7.35584020614624,7.494792938232422,7.268993854522705,7.486108779907227,3.821075677871704,836487
2010-09-23,7.425315856933594,7.685853958129883,7.407947063446045,7.625061988830566,3.892000198364258,1003587
2010-09-24,7.7379608154296875,7.944220066070557,7.720592021942139,7.929021835327148,4.047148704528809,1215402
2010-09-27,7.920338153839111,7.994156837463379,7.831320762634277,7.955076217651367,4.060448169708252,789472
2010-09-28,7.981130123138428,8.141794204711914,7.907310962677002,8.133110046386719,4.151320457458496,1221030
2010-09-29,8.085345268249512,8.198244094848633,8.020210266113281,8.085345268249512,4.1269402503967285,1015224
2010-09-30,8.141794204711914,8.185216903686523,7.942049026489258,8.03323745727539,4.100343227386475,857519
2010-10-01,8.094029426574707,8.20258617401123,8.03323745727539,8.12008285522461,4.144669532775879,1608545
2010-10-04,8.072318077087402,8.0905122756958,7.78142786026001,7.920338153839111,4.042717456817627,1246906
2010-10-05,7.981130123138428,8.12008285522461,7.942049026489258,8.111397743225098,4.140237331390381,914934
2010-10-06,8.12008285522461,8.141794204711914,7.985472202301025,8.041921615600586,4.1047749519348145,749355
2010-10-07,8.07666015625,8.08968734741211,7.863887786865234,7.9463911056518555,4.056013107299805,708117
2010-10-08,7.9463911056518555,8.115740776062012,7.907310962677002,8.08968734741211,4.129156112670898,799601
2010-10-11,8.072318077087402,8.198244094848633,7.976787090301514,8.015868186950684,4.091477394104004,745178
2010-10-12,7.981130123138428,8.102713584899902,7.933363914489746,8.067975044250488,4.118073463439941,742216
2010-10-13,8.085345268249512,8.250351905822754,8.002840995788574,8.159164428710938,4.164618492126465,779224
2010-10-14,8.172189712524414,8.250351905822754,8.094029426574707,8.12008285522461,4.144669532775879,817381
2010-10-15,8.228639602661133,8.276405334472656,8.102713584899902,8.23298168182373,4.202296257019043,784152
2010-10-18,8.263379096984863,8.302458763122559,8.150479316711426,8.302458763122559,4.237760066986084,532237
2010-10-19,8.172189712524414,8.345882415771484,8.072318077087402,8.137452125549316,4.15353536605835,731927
2010-10-20,8.176532745361328,8.272063255310059,8.085345268249512,8.180874824523926,4.175699710845947,651375
2010-10-21,8.228639602661133,8.267721176147461,8.03323745727539,8.163505554199219,4.166834354400635,522682
2010-10-22,8.167847633361816,8.337197303771973,8.137452125549316,8.28943157196045,4.231109619140625,410859
2010-10-25,8.337197303771973,8.458782196044922,8.282918930053711,8.298116683959961,4.235542297363281,617176
2010-10-26,8.224297523498535,8.411016464233398,8.159164428710938,8.341540336608887,4.257707118988037,572858
2010-10-27,8.332855224609375,8.454439163208008,8.25903606414795,8.441411972045898,4.308683395385742,656998
2010-10-28,8.46312427520752,8.46312427520752,8.285090446472168,8.424042701721191,4.2998175621032715,739641
2010-10-29,8.61944580078125,8.728004455566406,8.541284561157227,8.558653831481934,4.368529319763184,966552
2010-11-01,8.623788833618164,8.68458080291748,8.471808433532715,8.536943435668945,4.357445240020752,858523
2010-11-02,8.593393325805664,8.69760799407959,8.519574165344238,8.687836647033691,4.4344658851623535,914070
2010-11-03,8.723661422729492,8.732301712036133,8.532601356506348,8.65418529510498,4.417287826538086,678121
2010-11-04,8.771427154541016,9.0406494140625,8.767084121704102,9.018937110900879,4.603464603424072,1071524
2010-11-05,9.014595031738281,9.296843528747559,8.923406600952148,9.205656051635742,4.698770046234131,1480614
2010-11-08,9.175259590148926,9.314212799072266,9.079729080200195,9.236051559448242,4.714287757873535,999458
2010-11-09,9.22302532196045,9.264277458190918,9.162233352661133,9.236051559448242,4.714287757873535,797661
2010-11-10,9.183943748474121,9.205656051635742,9.05801773071289,9.179601669311523,4.68547248840332,701415
2010-11-11,9.0406494140625,9.127493858337402,8.906038284301758,9.114466667175293,4.65222692489624,485207
2010-11-12,9.053674697875977,9.170916557312012,8.945117950439453,9.010252952575684,4.599031448364258,562265
2010-11-15,9.092756271362305,9.144864082336426,9.0406494140625,9.049332618713379,4.618980407714844,426192
2010-11-16,8.96248722076416,9.036306381225586,8.758399963378906,8.810506820678711,4.4970784187316895,724709
2010-11-17,8.801822662353516,8.879983901977539,8.710634231567383,8.762742042541504,4.472699165344238,735310
2010-11-18,8.840903282165527,8.984198570251465,8.762742042541504,8.86695671081543,4.525893211364746,730607
2010-11-19,8.879983901977539,9.097098350524902,8.741029739379883,8.99288272857666,4.590167045593262,642743
2010-11-22,8.988540649414062,9.073216438293457,8.927748680114746,9.036306381225586,4.612329006195068,549065
2010-11-23,8.966830253601074,8.97985553741455,8.853930473327637,8.919063568115234,4.552487373352051,664181
2010-11-24,9.02762222290039,9.20999813079834,9.02762222290039,9.179601669311523,4.68547248840332,635056
2010-11-26,9.036306381225586,9.118809700012207,8.966830253601074,8.966830253601074,4.576868057250977,301004
2010-11-29,8.906038284301758,8.997225761413574,8.767084121704102,8.96248722076416,4.574653148651123,531970
2010-11-30,8.893011093139648,8.897353172302246,8.580366134643555,8.645500183105469,4.4128570556640625,1388939
2010-12-01,8.784453392028809,8.858271598815918,8.701950073242188,8.719319343566895,4.450534343719482,1183879
2010-12-02,8.719319343566895,8.780111312866211,8.65418529510498,8.65418529510498,4.417287826538086,866365
2010-12-03,8.57602310180664,8.897353172302246,8.549969673156738,8.793137550354004,4.488213539123535,1131243
2010-12-06,8.793137550354004,8.858271598815918,8.780111312866211,8.840903282165527,4.512593746185303,682338
2010-12-07,8.919063568115234,8.945117950439453,8.771427154541016,8.819191932678223,4.501511573791504,849282
2010-12-08,8.849588394165039,8.910380363464355,8.801822662353516,8.82353401184082,4.503727912902832,596943
2010-12-09,8.906038284301758,8.906038284301758,8.671553611755371,8.810506820678711,4.4970784187316895,716854
2010-12-10,8.840903282165527,8.966830253601074,8.806164741516113,8.901695251464844,4.5436224937438965,621232
2010-12-13,8.945117950439453,9.010252952575684,8.910380363464355,8.910380363464355,4.548057556152344,594423
2010-12-14,8.914722442626953,8.966830253601074,8.845245361328125,8.927748680114746,4.55692195892334,881576
2010-12-15,8.901695251464844,8.997225761413574,8.86695671081543,8.893011093139648,4.539190769195557,864942
2010-12-16,8.927748680114746,9.00590991973877,8.910380363464355,8.958145141601562,4.572434902191162,784162
2010-12-17,8.97985553741455,9.010252952575684,8.910380363464355,8.945117950439453,4.5657877922058105,1655688
2010-12-20,8.988540649414062,9.088370323181152,8.906038284301758,8.96248722076416,4.574653148651123,734983
2010-12-21,9.023279190063477,9.683307647705078,8.97985553741455,9.592119216918945,4.896030426025391,3806454
2010-12-22,9.639884948730469,9.678964614868164,9.466193199157715,9.574749946594238,4.88716459274292,669593
2010-12-23,9.600804328918457,9.639884948730469,9.54001235961914,9.61383056640625,4.907113552093506,365074
2010-12-27,9.605146408081055,9.75278377532959,9.496588706970215,9.687649726867676,4.944789886474609,396723
2010-12-28,9.674622535705566,9.683307647705078,9.531327247619629,9.665938377380371,4.933709144592285,373378
2010-12-29,9.705018997192383,9.770153045654297,9.622514724731445,9.700676918029785,4.951441287994385,404051
2010-12-30,9.72238826751709,9.72238826751709,9.466193199157715,9.59646224975586,4.898248672485352,267271
2010-12-31,9.59646224975586,9.683307647705078,9.509615898132324,9.618172645568848,4.909327983856201,504482
2011-01-03,9.700676918029785,9.713704109191895,9.509615898132324,9.531327247619629,4.865002155303955,802629
2011-01-04,9.600804328918457,9.626337051391602,9.301185607910156,9.422769546508789,4.809592247009277,565683
2011-01-05,9.322896957397461,9.396716117858887,9.206089973449707,9.37934684753418,4.787426471710205,609065
2011-01-06,9.409743309020996,9.54001235961914,9.33592414855957,9.505273818969727,4.8517022132873535,725745
2011-01-07,9.509615898132324,9.622514724731445,9.314212799072266,9.427111625671387,4.811807632446289,743554
2011-01-10,9.353293418884277,9.531327247619629,9.288159370422363,9.509615898132324,4.853919982910156,456696
2011-01-11,9.553038597106934,9.639884948730469,9.505273818969727,9.618172645568848,4.909327983856201,510279
2011-01-12,9.683307647705078,9.852657318115234,9.63150405883789,9.73975658416748,4.9713873863220215,886615
2011-01-13,9.700676918029785,9.783180236816406,9.683307647705078,9.7658109664917,4.984687328338623,440866
2011-01-14,9.78752326965332,10.048060417175293,9.7658109664917,10.039375305175781,5.1243181228637695,1240154
2011-01-18,10.039375305175781,10.065385818481445,9.952529907226562,10.035033226013184,5.122103214263916,456786
2011-01-19,10.017663955688477,10.030691146850586,9.479220390319824,9.526985168457031,4.862785339355469,765478
2011-01-20,9.474878311157227,9.526985168457031,9.262104988098145,9.4010591506958,4.798509120941162,629036
2011-01-21,9.440138816833496,9.470535278320312,9.22302532196045,9.231708526611328,4.712069034576416,886598
2011-01-24,9.22302532196045,9.375004768371582,9.20999813079834,9.318554878234863,4.756397247314453,825612
2011-01-25,9.292501449584961,9.331582069396973,9.044990539550781,9.101441383361816,4.645577907562256,1202791
2011-01-26,9.140521049499512,9.140521049499512,8.936433792114258,9.018937110900879,4.603464603424072,2362128
2011-01-27,9.031964302062988,9.272960662841797,9.010252952575684,9.20999813079834,4.70098876953125,1630936
2011-01-28,8.536943435668945,8.536943435668945,7.425315856933594,7.429658889770508,3.792261838912964,6456603
2011-01-31,7.460054874420166,7.612034797668457,7.460054874420166,7.520846843719482,3.8388068675994873,2024392
2011-02-01,7.503478050231934,7.829148769378662,7.503478050231934,7.764015197753906,3.962925434112549,1700404
2011-02-02,7.716249942779541,7.981130123138428,7.716249942779541,7.894283771514893,4.029416561126709,1205062
2011-02-03,7.915995121002197,7.915995121002197,7.659800052642822,7.733619213104248,3.947410821914673,757996
2011-02-04,7.750988006591797,7.794281005859375,7.66414213180542,7.742303848266602,3.9518439769744873,738391
2011-02-07,7.768356800079346,7.885599136352539,7.750988006591797,7.820465087890625,3.9917376041412354,1065122
2011-02-08,7.8465189933776855,7.915995121002197,7.7944111824035645,7.9116530418396,4.038283348083496,811725
2011-02-09,7.859546184539795,7.920338153839111,7.816123008728027,7.8421759605407715,4.002821922302246,578365
2011-02-10,7.768356800079346,7.870879173278809,7.72927713394165,7.837833881378174,4.000604629516602,380002
2011-02-11,7.7944111824035645,7.885599136352539,7.733619213104248,7.881257057189941,4.022768020629883,581941
2011-02-14,7.876914978027344,7.981130123138428,7.820465087890625,7.859546184539795,4.011686325073242,622038
2011-02-15,7.816123008728027,7.876914978027344,7.646772861480713,7.66414213180542,3.9119482040405273,1079218
2011-02-16,7.655457973480225,7.803095817565918,7.600571155548096,7.720592021942139,3.9407613277435303,852142
2011-02-17,7.668485164642334,7.816123008728027,7.668485164642334,7.724934101104736,3.942976474761963,597728
2011-02-18,7.781383991241455,7.816123008728027,7.590322971343994,7.659800052642822,3.909731149673462,959330
2011-02-22,7.568612098693848,7.70322322845459,7.464396953582764,7.529531002044678,3.8432400226593018,1130127
2011-02-23,7.516504764556885,7.516504764556885,7.29070520401001,7.386236190795898,3.770099639892578,1394314
2011-02-24,7.403604984283447,7.494792938232422,7.264651775360107,7.451369762420654,3.8033435344696045,1360256
2011-02-25,7.503478050231934,7.633746147155762,7.438343048095703,7.620719909667969,3.889784574508667,1096746
2011-02-28,7.620719909667969,7.640606880187988,7.4991350173950195,7.559926986694336,3.8587541580200195,1003587
2011-03-01,7.572954177856445,7.638089179992676,7.338470935821533,7.364523887634277,3.7590160369873047,2805701
2011-03-02,7.338470935821533,7.438343048095703,7.238597869873047,7.364523887634277,3.7590160369873047,1429215
2011-03-03,7.442686080932617,7.594666004180908,7.438343048095703,7.512162208557129,3.8343751430511475,1176215
2011-03-04,7.494792938232422,7.512162208557129,7.338470935821533,7.412290096282959,3.7833969593048096,1029350
2011-03-07,7.4340009689331055,7.484415054321289,7.117013931274414,7.1951751708984375,3.672577142715454,1013094
2011-03-08,7.19083309173584,7.325444221496582,7.077932834625244,7.203859806060791,3.677009105682373,1091338
2011-03-09,7.160437107086182,7.160437107086182,7.017140865325928,7.064906120300293,3.6060853004455566,1153669
2011-03-10,6.960690975189209,7.034510135650635,6.878188133239746,6.982402801513672,3.5639736652374268,1217299
2011-03-11,6.952006816864014,7.199516773223877,6.934638023376465,7.164779186248779,3.6570613384246826,1333250
2011-03-14,7.073591232299805,7.1778059005737305,7.051878929138184,7.0909600257873535,3.6193835735321045,916857
2011-03-15,6.969376087188721,7.060564041137695,6.908584117889404,6.978061199188232,3.5617570877075195,1133470
2011-03-16,6.982402801513672,7.5859808921813965,6.94332218170166,7.260309219360352,3.705822706222534,2540684
2011-03-17,7.438343048095703,7.438343048095703,7.069249153137207,7.0909600257873535,3.6193835735321045,1254331
2011-03-18,7.199516773223877,7.268993854522705,7.103987216949463,7.264651775360107,3.7080395221710205,1959048
2011-03-21,7.368866920471191,7.490450859069824,7.321101188659668,7.468739032745361,3.8122103214263916,743639
2011-03-22,7.486108779907227,7.486108779907227,7.377551078796387,7.403604984283447,3.7789647579193115,423414
2011-03-23,7.368866920471191,7.599008083343506,7.29070520401001,7.516504764556885,3.8365917205810547,940199
2011-03-24,7.594666004180908,7.742303848266602,7.529531002044678,7.720592021942139,3.9407613277435303,742108
2011-03-25,7.72927713394165,7.942049026489258,7.711907863616943,7.924680233001709,4.044933319091797,1410879
2011-03-28,7.9463911056518555,8.020210266113281,7.868229866027832,7.881257057189941,4.022768020629883,631675
2011-03-29,7.9116530418396,7.933363914489746,7.77269983291626,7.87257194519043,4.018334865570068,619571
2011-03-30,7.929021835327148,7.93770694732666,7.7944111824035645,7.820465087890625,3.9917376041412354,745654
2011-03-31,7.790069103240967,7.93770694732666,7.785727024078369,7.929021835327148,4.047148704528809,817771
2011-04-01,7.93770694732666,8.067975044250488,7.798752784729004,7.833491802215576,3.9983882904052734,707983
2011-04-04,7.8421759605407715,7.855203151702881,7.711907863616943,7.770528793334961,3.9662511348724365,413829
2011-04-05,7.777041912078857,7.833491802215576,7.651115894317627,7.685853958129883,3.923030376434326,541902
2011-04-06,7.746645927429199,7.929021835327148,7.716249942779541,7.902967929840088,4.033850193023682,445778
2011-04-07,7.9507341384887695,8.319828033447266,7.942049026489258,8.24600887298584,4.208946704864502,1606500
2011-04-08,8.250351905822754,8.332855224609375,8.018038749694824,8.037578582763672,4.102559566497803,1108847
2011-04-11,8.028895378112793,8.028895378112793,7.720592021942139,7.750988006591797,3.9562766551971436,585667
2011-04-12,7.72927713394165,7.755331039428711,7.599008083343506,7.638089179992676,3.8986499309539795,479504
2011-04-13,7.711907863616943,7.716249942779541,7.438343048095703,7.56427001953125,3.860971689224243,467776
2011-04-14,7.516504764556885,7.581638813018799,7.4426422119140625,7.56427001953125,3.860971689224243,330150
2011-04-15,7.533874034881592,7.811779975891113,7.512162208557129,7.807437896728516,3.9850900173187256,565749
2011-04-18,7.646772861480713,7.685853958129883,7.425315856933594,7.477424144744873,3.816643476486206,637046
2011-04-19,7.464396953582764,7.746645927429199,7.464396953582764,7.746645927429199,3.9540605545043945,555669
2011-04-20,7.807437896728516,7.981130123138428,7.807437896728516,7.9789581298828125,4.072638034820557,641177
2011-04-21,8.028895378112793,8.028895378112793,7.924680233001709,7.989813804626465,4.078179359436035,314271
2011-04-25,7.9463911056518555,8.011526107788086,7.885599136352539,7.989813804626465,4.078179359436035,331638
2011-04-26,8.024553298950195,8.328513145446777,7.998498916625977,8.319828033447266,4.2466254234313965,671044
2011-04-27,8.276405334472656,8.402332305908203,8.25903606414795,8.337197303771973,4.255490779876709,480361
2011-04-28,8.28943157196045,8.384963035583496,8.085779190063477,8.228639602661133,4.2000813484191895,569715
2011-04-29,8.367593765258789,9.018937110900879,8.363250732421875,8.580366134643555,4.37960958480835,1857422
2011-05-02,8.671553611755371,8.675895690917969,8.319828033447266,8.393647193908691,4.284306049346924,918724
2011-05-03,8.32417106628418,8.458782196044922,8.028895378112793,8.098370552062988,4.133587837219238,847292
2011-05-04,8.150479316711426,8.189559936523438,7.968102931976318,8.081002235412598,4.124722480773926,719518
2011-05-05,8.028895378112793,8.263379096984863,7.924680233001709,8.07666015625,4.122507572174072,658491
2011-05-06,8.20258617401123,8.24600887298584,8.050605773925781,8.172189712524414,4.171267032623291,673658
2011-05-09,8.133110046386719,8.272063255310059,8.051040649414062,8.241666793823242,4.206729412078857,435208
2011-05-10,8.306800842285156,8.389305114746094,8.219956398010254,8.363250732421875,4.2687883377075195,686209
2011-05-11,8.32417106628418,8.350223541259766,8.133110046386719,8.211271286010742,4.191215991973877,474942
2011-05-12,8.185216903686523,8.441411972045898,8.103104591369629,8.363250732421875,4.2687883377075195,384119
2011-05-13,8.389305114746094,8.45009708404541,8.141794204711914,8.241666793823242,4.206729412078857,704234
2011-05-16,8.224297523498535,8.276405334472656,7.929021835327148,7.929021835327148,4.047148704528809,766183
2011-05-17,7.902967929840088,8.03323745727539,7.790069103240967,7.89862585067749,4.03163480758667,545709
2011-05-18,7.93770694732666,8.363250732421875,7.93770694732666,8.319828033447266,4.2466254234313965,770927
2011-05-19,8.28074836730957,8.28943157196045,7.859546184539795,7.944220066070557,4.054905891418457,918625
2011-05-20,7.868229866027832,7.9463911056518555,7.672826766967773,7.850861072540283,4.0072526931762695,804593
2011-05-23,7.685853958129883,7.785727024078369,7.19083309173584,7.494792938232422,3.825510025024414,2679341
2011-05-24,7.512162208557129,7.5859808921813965,7.208201885223389,7.308074951171875,3.7302026748657227,1053372
2011-05-25,7.277678966522217,7.581638813018799,7.2429399490356445,7.581638813018799,3.8698360919952393,836406
2011-05-26,7.555584907531738,7.590322971343994,7.464396953582764,7.555584907531738,3.8565378189086914,716801
2011-05-27,7.612034797668457,7.612034797668457,7.460054874420166,7.464396953582764,3.8099942207336426,513378
2011-05-31,7.568612098693848,7.568612098693848,7.39926290512085,7.512162208557129,3.8343751430511475,1004168
2011-06-01,7.529531002044678,7.5382161140441895,7.134383201599121,7.134383201599121,3.6415467262268066,1648544
2011-06-02,7.160437107086182,7.342813014984131,7.160437107086182,7.273335933685303,3.7124722003936768,601894
2011-06-03,7.169120788574219,7.225571155548096,7.0258259773254395,7.069249153137207,3.608302116394043,921978
2011-06-06,7.077932834625244,7.103987216949463,6.965034008026123,7.004114151000977,3.5750553607940674,562424
2011-06-07,7.0909600257873535,7.1778059005737305,7.0258259773254395,7.0258259773254395,3.5861382484436035,644791
2011-06-08,6.982402801513672,7.038853168487549,6.860818862915039,6.873846054077148,3.508563756942749,622001
2011-06-09,6.895556926727295,7.064906120300293,6.878188133239746,7.034510135650635,3.5905709266662598,474910
2011-06-10,6.982402801513672,7.004114151000977,6.756604194641113,6.891214847564697,3.5174293518066406,802306
2011-06-13,6.9389801025390625,6.973718166351318,6.839107036590576,6.886871814727783,3.515211820602417,666012
2011-06-14,7.004114151000977,7.056221961975098,6.9216108322143555,7.017140865325928,3.5817039012908936,551632
2011-06-15,6.912926197052002,7.017140865325928,6.865160942077637,6.908584117889404,3.5262954235076904,360581
2011-06-16,6.899899005889893,6.9861369132995605,6.80436897277832,6.886871814727783,3.515211820602417,1226064
2011-06-17,6.9389801025390625,6.960690975189209,6.756604194641113,6.81739616394043,3.4797515869140625,927703
2011-06-20,6.800026893615723,6.995429992675781,6.752261161804199,6.934638023376465,3.53959321975708,821660
2011-06-21,7.004114151000977,7.169120788574219,6.978061199188232,7.1387248039245605,3.643764019012451,870961
2011-06-22,7.064906120300293,7.077932834625244,6.973718166351318,7.038853168487549,3.5927865505218506,674671
2011-06-23,6.930294990539551,7.073591232299805,6.839107036590576,7.047536849975586,3.5972185134887695,671822
2011-06-24,7.051878929138184,7.051878929138184,6.904242038726807,7.017140865325928,3.5817039012908936,2727436
2011-06-27,6.982402801513672,7.060564041137695,6.899899005889893,6.9216108322143555,3.5329434871673584,759126
2011-06-28,6.94332218170166,7.112671852111816,6.869503021240234,7.021482944488525,3.58392071723938,876069
2011-06-29,7.021482944488525,7.31675910949707,6.9476637840271,7.264651775360107,3.7080395221710205,1174218
2011-06-30,7.264651775360107,7.455711841583252,7.238597869873047,7.442686080932617,3.7989115715026855,708057
2011-07-01,7.464396953582764,7.594666004180908,7.3471550941467285,7.503478050231934,3.8299427032470703,1065350
2011-07-05,7.477424144744873,7.559926986694336,7.468739032745361,7.516504764556885,3.8365917205810547,771717
2011-07-06,7.5382161140441895,7.5382161140441895,7.381894111633301,7.451369762420654,3.8033435344696045,851232
2011-07-07,6.965034008026123,7.247282981872559,6.839107036590576,7.051878929138184,3.599435329437256,3963327
2011-07-08,6.899899005889893,7.021482944488525,6.891214847564697,6.978061199188232,3.5617570877075195,1120026
2011-07-11,6.878188133239746,7.082274913787842,6.869503021240234,7.043194770812988,3.5950028896331787,2112993
2011-07-12,6.991086959838867,7.034510135650635,6.8521342277526855,6.869503021240234,3.506347894668579,1194574
2011-07-13,6.895556926727295,6.978061199188232,6.7870001792907715,6.899899005889893,3.521862506866455,1395931
2011-07-14,6.9389801025390625,6.9867448806762695,6.7696309089660645,6.791341781616211,3.4664523601531982,662560
2011-07-15,6.821737766265869,6.895556926727295,6.7305498123168945,6.84345006942749,3.4930479526519775,778404
2011-07-18,6.795683860778809,6.830422878265381,6.643703937530518,6.691469192504883,3.4154741764068604,512980
2011-07-19,6.76528787612915,7.030168056488037,6.76528787612915,7.017140865325928,3.5817039012908936,1097215
2011-07-20,7.034510135650635,7.086617946624756,6.934638023376465,7.077932834625244,3.6127333641052246,926702
2011-07-21,7.073591232299805,7.5859808921813965,7.0210490226745605,7.555584907531738,3.8565378189086914,2038456
2011-07-22,7.529531002044678,7.685853958129883,7.512162208557129,7.681511878967285,3.92081356048584,1163413
2011-07-25,7.551242828369141,7.694538116455078,7.490450859069824,7.5859808921813965,3.8720529079437256,850785
2011-07-26,7.572954177856445,7.616376876831055,7.447028160095215,7.455711841583252,3.805560827255249,498727
2011-07-27,7.425315856933594,7.477424144744873,7.121356010437012,7.156094074249268,3.6526296138763428,989201
2011-07-28,7.173463821411133,7.327614784240723,7.0909600257873535,7.164779186248779,3.6570613384246826,975860
2011-07-29,7.047536849975586,7.073591232299805,6.739234924316406,6.821737766265869,3.481966495513916,1883439
2011-08-01,6.956348896026611,6.995429992675781,6.608965873718262,6.756604194641113,3.4487199783325195,1733605
2011-08-02,6.7305498123168945,6.882530212402344,6.648611068725586,6.6654157638549805,3.402174711227417,943269
2011-08-03,6.691469192504883,6.839107036590576,6.556858062744141,6.7305498123168945,3.4354217052459717,1108822
2011-08-04,6.608965873718262,6.648046016693115,6.43093204498291,6.452642917633057,3.2935733795166016,1651269
2011-08-05,6.552515983581543,6.608965873718262,6.105259895324707,6.39185094833374,3.2625420093536377,1261746
2011-08-08,6.174736976623535,6.487381935119629,5.905515193939209,5.905515193939209,3.014305591583252,2386641
2011-08-09,6.092233180999756,6.131313800811768,5.640635013580322,5.8230109214782715,2.9721944332122803,3961162
2011-08-10,5.636292934417725,5.80998420715332,5.562473773956299,5.579843044281006,2.8480758666992188,3870500
2011-08-11,5.623266220092773,5.80998420715332,5.571157932281494,5.64497709274292,2.881321907043457,2929534
2011-08-12,5.757876873016357,5.770904064178467,5.592870235443115,5.649320125579834,2.8835387229919434,4010056
2011-08-15,5.697084903717041,5.801300048828125,5.680150032043457,5.7187957763671875,2.919001340866089,1938124
2011-08-16,5.6710309982299805,5.901172161102295,5.618924140930176,5.831696033477783,2.9766271114349365,2936901
2011-08-17,5.849064826965332,6.0574951171875,5.849064826965332,5.914198875427246,3.018738269805908,1270762
2011-08-18,5.701426982879639,5.818668842315674,5.614581108093262,5.7752461433410645,2.947812795639038,2646927
2011-08-19,5.610239028930664,5.901172161102295,5.601553916931152,5.649320125579834,2.8835387229919434,2174515
2011-08-22,5.783930778503418,5.818668842315674,5.6710309982299805,5.727480888366699,2.923433303833008,1285717
2011-08-23,5.749192237854004,6.087891101837158,5.7187957763671875,6.0792059898376465,3.1029603481292725,1106883
2011-08-24,6.053153038024902,6.161709785461426,5.9272260665893555,6.0835490226745605,3.1051793098449707,668336
2011-08-25,6.100917816162109,6.118287086486816,5.827353000640869,5.849064826965332,2.9854917526245117,781283
2011-08-26,5.75353479385376,6.001045227050781,5.731822967529297,5.979333877563477,3.051985025405884,1174025
2011-08-29,6.035782814025879,6.29197883605957,5.961965084075928,6.278952121734619,3.2049171924591064,968935
2011-08-30,6.209475040435791,6.270267009735107,6.048810005187988,6.196447849273682,3.162804126739502,1803727
2011-08-31,6.209475040435791,6.3223748207092285,6.040125846862793,6.109601974487305,3.1184771060943604,999497
2011-09-01,6.109601974487305,6.218160152435303,5.91854190826416,5.940252780914307,3.032036304473877,944218
2011-09-02,5.796957015991211,5.935911178588867,5.714454174041748,5.762218952178955,2.941164255142212,1628221
2011-09-06,5.5668158531188965,5.820839881896973,5.54510498046875,5.779588222503662,2.9500300884246826,1481888
2011-09-07,5.888145923614502,6.192105770111084,5.801300048828125,6.153025150299072,3.1406402587890625,1688742
2011-09-08,6.113945007324219,6.1877641677856445,5.862092018127441,5.8924880027771,3.007657289505005,1096174
2011-09-09,5.688399791717529,5.688399791717529,5.362728118896484,5.436546802520752,2.7749345302581787,2849539
2011-09-12,5.332332134246826,5.562473773956299,5.323647975921631,5.5190510749816895,2.8170461654663086,1292264
2011-09-13,5.553789138793945,5.688399791717529,5.46694278717041,5.662345886230469,2.8901875019073486,1288564
2011-09-14,5.7187957763671875,5.836038112640381,5.555091857910156,5.762218952178955,2.941164255142212,1187336
2011-09-15,5.783930778503418,5.844723224639893,5.605896949768066,5.80998420715332,2.965545415878296,965787
2011-09-16,5.818668842315674,5.979333877563477,5.805642127990723,5.9749908447265625,3.0497677326202393,1186424
2011-09-19,5.8924880027771,5.948937892913818,5.71011209487915,5.779588222503662,2.9500300884246826,1607745
2011-09-20,5.814326763153076,5.875119209289551,5.5668158531188965,5.5841851234436035,2.850292444229126,1016237
2011-09-21,5.597211837768555,5.662345886230469,5.523393154144287,5.523393154144287,2.8192625045776367,964831
2011-09-22,5.362728118896484,5.532077789306641,5.280224800109863,5.358386039733887,2.735039472579956,1574353
2011-09-23,5.362728118896484,5.579843044281006,5.358386039733887,5.462601184844971,2.788233518600464,731123
2011-09-26,5.510365962982178,5.54510498046875,5.2628560066223145,5.410493850708008,2.7616355419158936,935639
2011-09-27,5.536419868469238,5.68405818939209,5.423520088195801,5.540761947631836,2.8281280994415283,865130
2011-09-28,5.558131217956543,5.614581108093262,5.2237749099731445,5.2237749099731445,2.666330575942993,1078513
2011-09-29,5.349701881408691,5.387609958648682,5.141272068023682,5.3279900550842285,2.719524621963501,1639567
2011-09-30,5.232460021972656,5.301936149597168,5.136929035186768,5.184693813323975,2.646383047103882,1303226
2011-10-03,5.123901844024658,5.210748195648193,4.845995903015137,4.893761157989502,2.4978835582733154,1761114
2011-10-04,4.845995903015137,5.371413230895996,4.8329691886901855,5.358386039733887,2.735039472579956,1677059
2011-10-05,5.371413230895996,5.588528156280518,5.241144180297852,5.553789138793945,2.834777355194092,786559
2011-10-06,5.553789138793945,5.762218952178955,5.532077789306641,5.740508079528809,2.9300830364227295,895732
2011-10-07,5.740508079528809,5.909856796264648,5.6710309982299805,5.705769062042236,2.912351131439209,1337238
2011-10-10,5.8230109214782715,5.922883987426758,5.744850158691406,5.914198875427246,3.018738269805908,1469708
2011-10-11,5.8403801918029785,5.940252780914307,5.783930778503418,5.922883987426758,3.023171901702881,1029875
2011-10-12,5.983675956726074,6.0314412117004395,5.866434097290039,5.922883987426758,3.023171901702881,1304297
2011-10-13,5.888145923614502,6.235528945922852,5.844723224639893,6.213817119598389,3.171670436859131,1111332
2011-10-14,6.296320915222168,6.300662994384766,6.001045227050781,6.157368183135986,3.142857551574707,553857
2011-10-17,6.0835490226745605,6.09657621383667,5.836038112640381,5.8924880027771,3.007657289505005,829587
2011-10-18,5.896830081939697,6.100917816162109,5.788272857666016,6.061837196350098,3.0940961837768555,721471
2011-10-19,6.035782814025879,6.066178798675537,5.875119209289551,5.901172161102295,3.012089729309082,802313
2011-10-20,5.888145923614502,6.035782814025879,5.727480888366699,6.01841402053833,3.071932792663574,735270
2011-10-21,6.122629165649414,6.179079055786133,5.9272260665893555,6.070521831512451,3.0985283851623535,664027
2011-10-24,6.0792059898376465,6.352770805358887,6.048810005187988,6.252898216247559,3.191617488861084,676834
2011-10-25,6.205132961273193,6.244213104248047,5.992361068725586,6.027099132537842,3.0763654708862305,536474
2011-10-26,6.109601974487305,6.161709785461426,5.9272260665893555,6.113945007324219,3.120692253112793,728039
2011-10-27,6.344086170196533,6.465670108795166,6.014071941375732,6.461328029632568,3.2980053424835205,1289181
2011-10-28,6.413562774658203,6.435274124145508,6.283294200897217,6.374482154846191,3.2536773681640625,698348
2011-10-31,6.252898216247559,6.333230018615723,5.970648765563965,5.979333877563477,3.051985025405884,787922
2011-11-01,5.731822967529297,5.957622051239014,5.731822967529297,5.909856796264648,3.01652193069458,1176775
2011-11-02,6.035782814025879,6.066178798675537,5.896830081939697,6.005386829376221,3.0652832984924316,549329
2011-11-03,6.144340991973877,6.396193981170654,6.061837196350098,6.361454963684082,3.247027635574341,2190318
2011-11-04,6.383166790008545,6.5308051109313965,6.196447849273682,6.491724014282227,3.3135194778442383,1100202
2011-11-07,6.448300838470459,6.548173904418945,6.100917816162109,6.305005073547363,3.218214511871338,965630
2011-11-08,6.361454963684082,6.387508869171143,6.131313800811768,6.218160152435303,3.173887252807617,1240536
2011-11-09,6.0314412117004395,6.20448112487793,6.022757053375244,6.035782814025879,3.0807981491088867,1493336
2011-11-10,6.135655879974365,6.504751205444336,6.0314412117004395,6.118287086486816,3.122910261154175,575491
2011-11-11,6.192105770111084,6.4396162033081055,6.1877641677856445,6.40487813949585,3.2691922187805176,872403
2011-11-14,6.387508869171143,6.491724014282227,6.305005073547363,6.374482154846191,3.2536773681640625,1118207
2011-11-15,6.344086170196533,6.378215789794922,6.148683071136475,6.283294200897217,3.2071335315704346,775767
2011-11-16,7.277678966522217,7.994156837463379,7.099645137786865,7.56427001953125,3.860971689224243,9383388
2011-11-17,7.520846843719482,7.577297210693359,6.9476637840271,7.1778059005737305,3.6637117862701416,2583290
2011-11-18,7.19083309173584,7.268993854522705,6.925952911376953,7.056221961975098,3.601652145385742,1766286
2011-11-21,6.886871814727783,7.008457183837891,6.821737766265869,6.9476637840271,3.546241283416748,1252792
2011-11-22,6.904242038726807,6.934638023376465,6.752261161804199,6.7696309089660645,3.455368995666504,831211
2011-11-23,6.9389801025390625,7.182147979736328,6.886871814727783,6.930294990539551,3.53737735748291,1848727
2011-11-25,6.891214847564697,6.912926197052002,6.652389049530029,6.7696309089660645,3.455368995666504,626245
2011-11-28,7.0258259773254395,7.260309219360352,6.865160942077637,7.108328819274902,3.628248453140259,1549801
2011-11-29,7.134383201599121,7.308074951171875,6.904242038726807,7.004114151000977,3.5750553607940674,1597373
2011-11-30,7.2429399490356445,7.5382161140441895,7.099645137786865,7.533874034881592,3.845457077026367,1847686
2011-12-01,7.486108779907227,7.486108779907227,7.299389839172363,7.407947063446045,3.7811806201934814,1564987
2011-12-02,7.494792938232422,7.516504764556885,7.3302202224731445,7.342813014984131,3.7479350566864014,806827
2011-12-05,7.295048236846924,7.503478050231934,7.169120788574219,7.447028160095215,3.8011279106140137,1079259
2011-12-06,7.447028160095215,7.533874034881592,7.377551078796387,7.429658889770508,3.792261838912964,2660501
2011-12-07,7.3297858238220215,7.386236190795898,6.956348896026611,7.112671852111816,3.630465030670166,3487276
2011-12-08,7.004114151000977,7.268993854522705,6.81739616394043,6.847792148590088,3.4952661991119385,1532085
2011-12-09,6.895556926727295,7.251625061035156,6.882530212402344,7.182147979736328,3.665928363800049,972912
2011-12-12,7.056221961975098,7.236166000366211,6.878188133239746,7.030168056488037,3.5883536338806152,717653
2011-12-13,7.086617946624756,7.103987216949463,6.830422878265381,6.882530212402344,3.512995719909668,877083
2011-12-14,6.81739616394043,6.9476637840271,6.743577003479004,6.878188133239746,3.510779857635498,2016157
2011-12-15,6.999772071838379,7.073591232299805,6.813053131103516,6.878188133239746,3.510779857635498,1183978
2011-12-16,6.891214847564697,7.073591232299805,6.886871814727783,6.9476637840271,3.546241283416748,1541658
2011-12-19,6.995429992675781,7.034510135650635,6.869503021240234,6.873846054077148,3.508563756942749,909310
2011-12-20,6.999772071838379,7.325444221496582,6.999772071838379,7.29070520401001,3.7213380336761475,789007
2011-12-21,7.260309219360352,7.2820210456848145,7.064906120300293,7.221229076385498,3.68587589263916,799071
2011-12-22,7.260309219360352,7.377551078796387,7.221229076385498,7.277678966522217,3.714689016342163,783386
2011-12-23,7.321101188659668,7.321101188659668,7.229913234710693,7.29070520401001,3.7213380336761475,357564
2011-12-27,7.2429399490356445,7.36018180847168,7.197780132293701,7.255967140197754,3.703605890274048,542962
2011-12-28,7.264651775360107,7.277678966522217,7.121356010437012,7.164779186248779,3.6570613384246826,774540
2011-12-29,7.164779186248779,7.390577793121338,7.160437107086182,7.325444221496582,3.7390689849853516,651877
2011-12-30,7.299389839172363,7.377551078796387,7.264651775360107,7.273335933685303,3.7124722003936768,731597
2012-01-03,7.429658889770508,7.429658889770508,7.2820210456848145,7.342813014984131,3.7479350566864014,901197
2012-01-04,7.325444221496582,7.572954177856445,7.295048236846924,7.555584907531738,3.8565378189086914,921948
2012-01-05,7.486108779907227,7.77269983291626,7.420973777770996,7.750988006591797,3.9562766551971436,1222092
2012-01-06,7.724934101104736,7.811779975891113,7.612034797668457,7.750988006591797,3.9562766551971436,869333
2012-01-09,7.750988006591797,8.020210266113281,7.716249942779541,7.824807167053223,3.993955373764038,1436271
2012-01-10,7.9116530418396,7.933363914489746,7.764015197753906,7.803095817565918,3.9828736782073975,1272881
2012-01-11,7.733619213104248,7.885599136352539,7.72927713394165,7.8465189933776855,4.005038738250732,931006
2012-01-12,7.87257194519043,7.87257194519043,7.707564830780029,7.829148769378662,3.9961721897125244,580670
2012-01-13,7.785727024078369,7.8421759605407715,7.720592021942139,7.764015197753906,3.962925434112549,636067
2012-01-17,7.816123008728027,7.955076217651367,7.7944111824035645,7.837833881378174,4.000604629516602,730941
2012-01-18,7.829148769378662,8.219956398010254,7.829148769378662,8.180874824523926,4.175699710845947,819949
2012-01-19,8.185216903686523,8.332855224609375,8.150479316711426,8.163505554199219,4.166834354400635,772223
2012-01-20,8.133110046386719,8.193902015686035,8.015868186950684,8.098370552062988,4.133587837219238,737946
2012-01-23,8.081002235412598,8.211271286010742,8.067975044250488,8.124424934387207,4.146886348724365,526008
2012-01-24,8.094029426574707,8.250351905822754,8.011526107788086,8.102713584899902,4.135804653167725,817183
2012-01-25,8.098370552062988,8.163071632385254,8.020210266113281,8.059290885925293,4.113641262054443,465744
2012-01-26,8.072318077087402,8.189559936523438,7.87257194519043,7.933363914489746,4.049365043640137,1592892
2012-01-27,7.599008083343506,8.68458080291748,7.599008083343506,8.641158103942871,4.410638809204102,3486777
2012-01-30,8.558653831481934,8.64767074584961,8.428385734558105,8.615103721618652,4.397341251373291,938500
2012-01-31,8.615103721618652,8.68458080291748,8.585012435913086,8.597735404968262,4.388474464416504,1030638
2012-02-01,8.523916244506836,8.584708213806152,8.384963035583496,8.562996864318848,4.370744228363037,1295212
2012-02-02,8.536943435668945,8.57602310180664,8.419700622558594,8.510889053344727,4.344145774841309,919001
2012-02-03,8.615103721618652,8.910380363464355,8.593393325805664,8.832219123840332,4.508162021636963,1345296
2012-02-06,8.771427154541016,8.771427154541016,8.445755004882812,8.545626640319824,4.361877918243408,727537
2012-02-07,8.541284561157227,8.570595741271973,8.397990226745605,8.484834671020508,4.330846309661865,622132
2012-02-08,8.49351978302002,8.528258323669434,8.35586929321289,8.384963035583496,4.279870510101318,530307
2012-02-09,8.45009708404541,8.466771125793457,8.315485954284668,8.319828033447266,4.2466254234313965,664718
2012-02-10,8.24600887298584,8.332855224609375,8.141794204711914,8.224297523498535,4.197864055633545,706055
2012-02-13,8.272063255310059,8.328513145446777,8.263379096984863,8.31114387512207,4.24219274520874,620002
2012-02-14,8.272063255310059,8.341540336608887,8.24600887298584,8.315485954284668,4.244409561157227,510983
2012-02-15,8.35456657409668,8.741029739379883,8.32417106628418,8.454439163208008,4.315331935882568,1244458
2012-02-16,8.4370698928833,8.719319343566895,8.298116683959961,8.671553611755371,4.426154136657715,728940
2012-02-17,8.741029739379883,8.819191932678223,8.476151466369629,8.667211532592773,4.423936367034912,833260
2012-02-21,8.65418529510498,8.65418529510498,7.1778059005737305,7.381894111633301,3.767883062362671,4531757
2012-02-22,7.368866920471191,7.507820129394531,7.31675910949707,7.377551078796387,3.7656657695770264,1388089
2012-02-23,7.373208999633789,7.429093837738037,7.1951751708984375,7.36018180847168,3.7567992210388184,1308086
2012-02-24,7.364523887634277,7.380156993865967,7.103987216949463,7.108328819274902,3.628248453140259,901514
2012-02-27,7.030168056488037,7.420973777770996,6.999772071838379,7.334127902984619,3.743502616882324,1384826
2012-02-28,7.3471550941467285,7.416632175445557,7.251625061035156,7.35584020614624,3.754584550857544,1145377
2012-02-29,7.36018180847168,7.412290096282959,7.264651775360107,7.295048236846924,3.723555088043213,1267001
2012-03-01,7.29070520401001,7.342813014984131,7.247282981872559,7.264651775360107,3.7080395221710205,1052285
2012-03-02,7.264651775360107,7.277678966522217,6.930294990539551,6.969376087188721,3.557323932647705,1910180
2012-03-05,6.9216108322143555,6.934638023376465,6.747919082641602,6.81739616394043,3.4797515869140625,968583
2012-03-06,6.726208209991455,6.747919082641602,6.383166790008545,6.582911968231201,3.3600635528564453,2467971
2012-03-07,6.608965873718262,6.7305498123168945,6.569884777069092,6.5959391593933105,3.3667140007019043,1342556
2012-03-08,6.656731128692627,6.7305498123168945,6.569884777069092,6.708837985992432,3.424339771270752,1316077
2012-03-09,6.648046016693115,6.9216108322143555,6.648046016693115,6.8347649574279785,3.488616943359375,914881
2012-03-12,6.84345006942749,6.978061199188232,6.800026893615723,6.973718166351318,3.5595414638519287,972159
2012-03-13,7.021482944488525,7.203859806060791,6.9476637840271,7.186490058898926,3.6681439876556396,1367227
2012-03-14,7.186490058898926,7.334127902984619,7.051878929138184,7.073591232299805,3.6105189323425293,1056278
2012-03-15,7.103987216949463,7.277678966522217,7.086617946624756,7.225571155548096,3.688091516494751,589958
2012-03-16,7.260309219360352,7.29070520401001,7.1778059005737305,7.251625061035156,3.701390266418457,675300
2012-03-19,7.212543964385986,7.381894111633301,7.203859806060791,7.308074951171875,3.7302026748657227,641716
2012-03-20,7.238597869873047,7.295048236846924,7.147409915924072,7.212543964385986,3.681443214416504,568743
2012-03-21,7.2429399490356445,7.386236190795898,7.156094074249268,7.31675910949707,3.734635829925537,1016534
2012-03-22,7.264651775360107,7.321101188659668,7.147409915924072,7.19083309173584,3.670360803604126,503206
2012-03-23,7.19083309173584,7.425315856933594,7.130041122436523,7.412290096282959,3.7833969593048096,1075020
2012-03-26,7.468739032745361,7.633746147155762,7.403604984283447,7.568612098693848,3.863187313079834,839847
2012-03-27,7.555584907531738,7.572954177856445,7.420973777770996,7.468739032745361,3.8122103214263916,710905
2012-03-28,7.460054874420166,7.533874034881592,7.364523887634277,7.3949198722839355,3.774531126022339,824009
2012-03-29,7.490450859069824,7.533874034881592,7.412290096282959,7.516504764556885,3.8365917205810547,1498833
2012-03-30,7.572954177856445,7.612034797668457,7.420973777770996,7.490450859069824,3.8232922554016113,1362080
2012-04-02,7.438343048095703,7.529531002044678,7.277678966522217,7.494792938232422,3.825510025024414,1420506
2012-04-03,7.464396953582764,7.494792938232422,7.390577793121338,7.490450859069824,3.8232922554016113,1376741
2012-04-04,7.377551078796387,7.473082065582275,7.251625061035156,7.460054874420166,3.807777166366577,1639466
2012-04-05,7.412290096282959,7.447028160095215,7.286363124847412,7.39926290512085,3.776747941970825,973341
2012-04-09,7.255967140197754,7.338470935821533,7.203859806060791,7.273335933685303,3.7124722003936768,778423
2012-04-10,7.251625061035156,7.2820210456848145,7.169120788574219,7.255967140197754,3.703605890274048,2308336
2012-04-11,7.29070520401001,7.364523887634277,7.1951751708984375,7.364523887634277,3.7590160369873047,1294814
2012-04-12,7.390577793121338,7.4665679931640625,7.321101188659668,7.447028160095215,3.8011279106140137,1009725
2012-04-13,7.386236190795898,7.425315856933594,7.208201885223389,7.223400115966797,3.6869828701019287,908872
2012-04-16,7.273335933685303,7.273335933685303,7.103987216949463,7.121356010437012,3.6348977088928223,925207
2012-04-17,7.1387248039245605,7.4340009689331055,7.1387248039245605,7.338470935821533,3.745718240737915,557033
2012-04-18,7.277678966522217,7.299389839172363,7.147409915924072,7.251625061035156,3.701390266418457,519384
2012-04-19,7.225571155548096,7.437821865081787,7.1387248039245605,7.169120788574219,3.6592776775360107,592719
2012-04-20,7.273335933685303,7.286363124847412,7.086617946624756,7.125698089599609,3.6371142864227295,804877
2012-04-23,6.999772071838379,7.134383201599121,6.904242038726807,7.069249153137207,3.608302116394043,1258041
2012-04-24,7.086617946624756,7.112671852111816,7.008457183837891,7.077932834625244,3.6127333641052246,694089
2012-04-25,7.156094074249268,7.255967140197754,7.064906120300293,7.216886043548584,3.683659553527832,730384
2012-04-26,7.225571155548096,7.3949198722839355,7.212543964385986,7.264651775360107,3.7080395221710205,1072238
2012-04-27,7.251625061035156,7.286363124847412,6.912926197052002,6.930294990539551,3.53737735748291,1690842
2012-04-30,6.904242038726807,6.928123950958252,6.77831506729126,6.791341781616211,3.4664523601531982,1582646
2012-05-01,6.821737766265869,7.086617946624756,6.752261161804199,7.034510135650635,3.5905709266662598,1093006
2012-05-02,6.965034008026123,7.0909600257873535,6.8347649574279785,7.051878929138184,3.599435329437256,891897
2012-05-03,7.034510135650635,7.099645137786865,6.800026893615723,6.808711051940918,3.4753170013427734,1202941
2012-05-04,6.76528787612915,6.84345006942749,6.6654157638549805,6.700153827667236,3.419907569885254,740298
2012-05-07,6.656731128692627,6.739234924316406,6.613307952880859,6.687127113342285,3.4132583141326904,601175
2012-05-08,6.621993064880371,6.648046016693115,6.487381935119629,6.626335144042969,3.3822290897369385,776656
2012-05-09,6.535147190093994,6.756604194641113,6.531195163726807,6.717523097991943,3.4287726879119873,708927
2012-05-10,6.756604194641113,6.830422878265381,6.674099922180176,6.743577003479004,3.4420695304870605,690644
2012-05-11,6.678442001342773,6.7696309089660645,6.60028076171875,6.635019779205322,3.3866615295410156,506458
2012-05-14,6.548173904418945,6.6654157638549805,6.4830827713012695,6.517777919769287,3.3268182277679443,542672
2012-05-15,6.491724014282227,6.604623794555664,6.4200758934021,6.43093204498291,3.282489776611328,596305
2012-05-16,6.4396162033081055,6.535147190093994,6.349600791931152,6.461328029632568,3.2980053424835205,710742
2012-05-17,6.456985950469971,6.500409126281738,6.274609088897705,6.274609088897705,3.2026989459991455,635927
2012-05-18,6.270267009735107,6.287115097045898,6.118287086486816,6.170393943786621,3.149506092071533,761710
2012-05-21,6.139997959136963,6.1834211349487305,5.983675956726074,6.148683071136475,3.138424873352051,1185745
2012-05-22,6.092233180999756,6.118287086486816,6.035782814025879,6.061837196350098,3.145249366760254,959203
2012-05-23,5.966307163238525,6.092233180999756,5.87946081161499,6.0574951171875,3.1429972648620605,953729
2012-05-24,6.066178798675537,6.066178798675537,5.901172161102295,6.0314412117004395,3.1294777393341064,1553815
2012-05-25,6.01841402053833,6.0792059898376465,6.014071941375732,6.048810005187988,3.138489246368408,838852
2012-05-29,6.074863910675049,6.144340991973877,5.983675956726074,6.061837196350098,3.145249366760254,646393
2012-05-30,5.992361068725586,6.0314412117004395,5.901172161102295,5.944594860076904,3.084416389465332,1056592
2012-05-31,5.9272260665893555,5.957622051239014,5.844723224639893,5.901172161102295,3.061887264251709,1003960
2012-06-01,5.770904064178467,5.796175956726074,5.54510498046875,5.54510498046875,2.8771374225616455,1532981
2012-06-04,5.562473773956299,5.6710309982299805,5.562473773956299,5.605896949768066,2.9086802005767822,960847
2012-06-05,5.614581108093262,5.757876873016357,5.579843044281006,5.71011209487915,2.9627537727355957,531256
2012-06-06,5.766561031341553,5.996703147888184,5.740508079528809,5.988018035888672,3.106947660446167,804467
2012-06-07,6.040125846862793,6.066178798675537,5.688399791717529,5.692741870880127,2.953740358352661,926372
2012-06-08,5.623266220092773,5.831696033477783,5.579843044281006,5.818668842315674,3.0190799236297607,998894
2012-06-11,5.896830081939697,5.909856796264648,5.75353479385376,5.788272857666016,3.003307819366455,1664110
2012-06-12,5.8230109214782715,5.914198875427246,5.7361650466918945,5.883802890777588,3.05287504196167,1041715
2012-06-13,5.883802890777588,5.961965084075928,5.796957015991211,5.888145923614502,3.0551273822784424,925854
2012-06-14,5.888145923614502,6.0574951171875,5.866434097290039,6.01841402053833,3.1227190494537354,751812
2012-06-15,6.001045227050781,6.252898216247559,5.988018035888672,6.192105770111084,3.2128407955169678,1159602
2012-06-18,6.153025150299072,6.313690185546875,6.122629165649414,6.235528945922852,3.235370635986328,640247
2012-06-19,6.278952121734619,6.4396162033081055,6.261582851409912,6.396193981170654,3.3187336921691895,875920
2012-06-20,6.409220218658447,6.496066093444824,6.365797996520996,6.387508869171143,3.314228057861328,941010
2012-06-21,6.370140075683594,6.370140075683594,6.09657621383667,6.148683071136475,3.1903111934661865,1624992
2012-06-22,6.174736976623535,6.374482154846191,6.144340991973877,6.331058979034424,3.284937858581543,1650414
2012-06-25,6.270267009735107,6.331058979034424,6.26592493057251,6.285464763641357,3.2612807750701904,954348
2012-06-26,6.287635803222656,6.396193981170654,6.26592493057251,6.309348106384277,3.2736737728118896,928883
2012-06-27,6.309348106384277,6.491724014282227,6.270267009735107,6.491724014282227,3.3683009147644043,822033
2012-06-28,6.422246932983398,6.483038902282715,6.348427772521973,6.448300838470459,3.3457705974578857,731512
2012-06-29,6.587254047393799,6.734891891479492,6.335011005401611,6.674099922180176,3.462928295135498,843506
2012-07-02,6.652389049530029,6.674099922180176,6.378824234008789,6.500409126281738,3.3728063106536865,984931
2012-07-03,6.483038902282715,6.691469192504883,6.483038902282715,6.691469192504883,3.471940755844116,267761
2012-07-05,6.6827850341796875,6.782657146453857,6.561201095581055,6.726208209991455,3.4899654388427734,617634
2012-07-06,6.648046016693115,6.726208209991455,6.452642917633057,6.513434886932373,3.3795666694641113,681013
2012-07-09,6.504751205444336,6.717523097991943,6.489552974700928,6.648046016693115,3.449410915374756,1520374
2012-07-10,6.656731128692627,6.904242038726807,6.556858062744141,6.5742268562316895,3.4111082553863525,804764
2012-07-11,6.604623794555664,6.643703937530518,6.483038902282715,6.504751205444336,3.3750593662261963,893512
2012-07-12,6.461328029632568,6.487381935119629,6.29197883605957,6.357112884521484,3.2984561920166016,916942
2012-07-13,6.374482154846191,6.4265899658203125,6.326716899871826,6.40487813949585,3.323240041732788,551020
2012-07-16,6.378824234008789,6.378824234008789,6.239871025085449,6.270267009735107,3.2533955574035645,637803
2012-07-17,6.309348106384277,6.331058979034424,6.126972198486328,6.1877641677856445,3.210587501525879,910489
2012-07-18,6.192105770111084,6.313690185546875,6.127015113830566,6.1877641677856445,3.210587501525879,1053114
2012-07-19,6.244213104248047,6.244213104248047,6.100961208343506,6.166051864624023,3.19932222366333,975340
2012-07-20,6.148683071136475,6.348427772521973,6.0792059898376465,6.3223748207092285,3.2804322242736816,724785
2012-07-23,6.200789928436279,6.348427772521973,6.144340991973877,6.305005073547363,3.2714200019836426,477411
2012-07-24,6.326716899871826,6.3397440910339355,6.239871025085449,6.278952121734619,3.2579026222229004,715735
2012-07-25,6.335402011871338,6.526462078094482,6.305005073547363,6.4439592361450195,3.343517541885376,738842
2012-07-26,6.552515983581543,6.617650032043457,6.417904853820801,6.474355220794678,3.359288215637207,855292
2012-07-27,6.526462078094482,6.602451801300049,6.26592493057251,6.535147190093994,3.390831708908081,721771
2012-07-30,6.535147190093994,6.617650032043457,6.513434886932373,6.548173904418945,3.3975911140441895,352507
2012-07-31,6.153025150299072,6.4265899658203125,6.153025150299072,6.274609088897705,3.255647659301758,1215835
2012-08-01,6.239871025085449,6.261582851409912,5.979333877563477,6.044467926025391,3.136237382888794,1391841
2012-08-02,6.035782814025879,6.126972198486328,5.935041904449463,6.070521831512451,3.1497552394866943,892692
2012-08-03,6.100917816162109,6.274609088897705,6.070521831512451,6.218160152435303,3.2263600826263428,532292
2012-08-06,6.239871025085449,6.4265899658203125,6.239871025085449,6.361454963684082,3.3007094860076904,471242
2012-08-07,6.40487813949585,6.452642917633057,6.3223748207092285,6.400536060333252,3.32098650932312,564112
2012-08-08,6.378824234008789,6.500409126281738,6.365797996520996,6.400536060333252,3.32098650932312,439321
2012-08-09,6.409220218658447,6.483038902282715,6.370140075683594,6.456985950469971,3.350275993347168,299266
2012-08-10,6.274609088897705,6.4265899658203125,6.252898216247559,6.357112884521484,3.2984561920166016,558735
2012-08-13,6.365797996520996,6.400536060333252,6.213817119598389,6.365797996520996,3.302962303161621,432080
2012-08-14,6.413562774658203,6.43093204498291,6.1877641677856445,6.252898216247559,3.2443830966949463,482432
2012-08-15,6.22684383392334,6.348427772521973,6.22684383392334,6.270267009735107,3.2533955574035645,369671
2012-08-16,6.231186866760254,6.3180317878723145,6.131313800811768,6.296320915222168,3.2669143676757812,719463
2012-08-17,6.26592493057251,6.4265899658203125,6.261582851409912,6.4265899658203125,3.3345048427581787,373408
2012-08-20,6.387508869171143,6.422246932983398,6.287635803222656,6.409220218658447,3.3254928588867188,515350
2012-08-21,6.170393943786621,6.513434886932373,6.170393943786621,6.36423397064209,3.354489326477051,631401
2012-08-22,6.326716899871826,6.400536060333252,6.261582851409912,6.261582851409912,3.300384283065796,334947
2012-08-23,6.244213104248047,6.270267009735107,6.070521831512451,6.174736976623535,3.254608154296875,1209529
2012-08-24,6.144340991973877,6.300662994384766,6.035782814025879,6.287635803222656,3.314115524291992,612156
2012-08-27,6.300662994384766,6.47001314163208,6.1834211349487305,6.435274124145508,3.3919332027435303,652462
2012-08-28,6.43093204498291,6.5785698890686035,6.278952121734619,6.565543174743652,3.4605977535247803,693173
2012-08-29,6.569884777069092,6.569884777069092,6.435274124145508,6.517777919769287,3.435420274734497,435263
2012-08-30,6.456985950469971,6.565543174743652,6.40487813949585,6.552515983581543,3.453730583190918,411504
2012-08-31,6.617650032043457,6.7305498123168945,6.556858062744141,6.630677223205566,3.4949278831481934,766003
2012-09-04,6.626335144042969,6.76528787612915,6.235528945922852,6.678442001342773,3.520103693008423,752565
2012-09-05,6.721865177154541,6.726208209991455,6.4396162033081055,6.504751205444336,3.428553581237793,1326339
2012-09-06,6.569884777069092,6.635019779205322,6.543830871582031,6.582911968231201,3.4697511196136475,921718
2012-09-07,6.613307952880859,6.613307952880859,6.5308051109313965,6.561201095581055,3.4583072662353516,380575
2012-09-10,6.587254047393799,6.6111369132995605,6.526462078094482,6.539488792419434,3.446863889694214,296325
2012-09-11,6.569884777069092,6.618953227996826,6.480867862701416,6.526462078094482,3.4399986267089844,406280
2012-09-12,6.561201095581055,6.573836803436279,6.4265899658203125,6.474355220794678,3.412532329559326,275914
2012-09-13,6.40487813949585,6.5742268562316895,6.309348106384277,6.47001314163208,3.410245656967163,807693
2012-09-14,6.539488792419434,6.551648139953613,6.361454963684082,6.474355220794678,3.412532329559326,1049238
2012-09-17,6.43093204498291,6.50266695022583,6.39185094833374,6.4265899658203125,3.3873565196990967,397499
2012-09-18,6.40487813949585,6.487381935119629,6.361586093902588,6.478696823120117,3.414821147918701,324713
2012-09-19,6.478696823120117,6.478696823120117,6.29197883605957,6.300662994384766,3.3209829330444336,497626
2012-09-20,6.278952121734619,6.3223748207092285,6.205132961273193,6.252898216247559,3.2958061695098877,446038
2012-09-21,6.344086170196533,6.448300838470459,6.122629165649414,6.157368183135986,3.2454540729522705,1753546
2012-09-24,6.122629165649414,6.213817119598389,6.0792059898376465,6.157368183135986,3.2454540729522705,743881
2012-09-25,6.1834211349487305,6.209475040435791,6.01841402053833,6.0314412117004395,3.17907977104187,858982
2012-09-26,6.061837196350098,6.135655879974365,5.989581108093262,6.09657621383667,3.213412284851074,417698
2012-09-27,6.113945007324219,6.166051864624023,6.035782814025879,6.074863910675049,3.201967239379883,493465
2012-09-28,6.040125846862793,6.0835490226745605,5.940252780914307,5.940252780914307,3.1310150623321533,423529
2012-10-01,5.970648765563965,6.0574951171875,5.909856796264648,5.966307163238525,3.1447486877441406,376520
2012-10-02,5.979333877563477,6.022757053375244,5.87946081161499,5.953279972076416,3.1378824710845947,446890
2012-10-03,5.966307163238525,5.979333877563477,5.8924880027771,5.922883987426758,3.121861457824707,467667
2012-10-04,5.931568145751953,5.940252780914307,5.875119209289551,5.922883987426758,3.121861457824707,481780
2012-10-05,5.935911178588867,6.192105770111084,5.935911178588867,6.040125846862793,3.183657646179199,874036
2012-10-08,5.996703147888184,6.027099132537842,5.931568145751953,6.009729862213135,3.167635679244995,194528
2012-10-09,6.001045227050781,6.009729862213135,5.849064826965332,5.888145923614502,3.103550672531128,506981
2012-10-10,5.87946081161499,5.961965084075928,5.766561031341553,5.857749938964844,3.0875296592712402,589592
2012-10-11,5.905515193939209,5.916369915008545,5.818668842315674,5.8403801918029785,3.0783746242523193,395922
2012-10-12,5.8403801918029785,5.905515193939209,5.749192237854004,5.788272857666016,3.0509095191955566,780037
2012-10-15,5.796957015991211,5.901172161102295,5.68405818939209,5.87946081161499,3.0989742279052734,599759
2012-10-16,5.905515193939209,6.153025150299072,5.87946081161499,6.139997959136963,3.2362985610961914,603676
2012-10-17,6.126972198486328,6.296320915222168,6.061837196350098,6.29197883605957,3.3164050579071045,648540
2012-10-18,6.29197883605957,6.313690185546875,6.161709785461426,6.161709785461426,3.24774169921875,422740
2012-10-19,6.092233180999756,6.172565937042236,5.914198875427246,6.014071941375732,3.1699249744415283,731696
2012-10-22,5.979333877563477,6.057104110717773,5.953279972076416,5.988018035888672,3.1561920642852783,344974
2012-10-23,5.901172161102295,6.087891101837158,5.87946081161499,6.074863910675049,3.201967239379883,372856
2012-10-24,6.118287086486816,6.126972198486328,6.0314412117004395,6.092233180999756,3.211122512817383,407830
2012-10-25,6.161709785461426,6.213817119598389,6.100917816162109,6.1834211349487305,3.259186267852783,522781
2012-10-26,6.170393943786621,6.257239818572998,6.087891101837158,6.109601974487305,3.220277786254883,277627
2012-10-31,6.122629165649414,6.22684383392334,6.059232234954834,6.153025150299072,3.2431647777557373,384373
2012-11-01,6.170393943786621,6.283294200897217,6.040125846862793,6.205132961273193,3.2706289291381836,655027
2012-11-02,6.331058979034424,6.43093204498291,6.26592493057251,6.409220218658447,3.3782007694244385,1069576
2012-11-05,6.39185094833374,6.5308051109313965,6.361454963684082,6.513434886932373,3.4331324100494385,864753
2012-11-06,6.522119998931885,6.5742268562316895,6.461328029632568,6.526462078094482,3.4399986267089844,503390
2012-11-07,6.435274124145508,6.495458126068115,6.287635803222656,6.348427772521973,3.3461577892303467,539464
2012-11-08,6.3223748207092285,6.40487813949585,6.1877641677856445,6.1877641677856445,3.261475086212158,541932
2012-11-09,6.139997959136963,6.235528945922852,6.092233180999756,6.09657621383667,3.213412284851074,757063
2012-11-12,6.135655879974365,6.157368183135986,6.087891101837158,6.118287086486816,3.224855899810791,381360
2012-11-13,6.0792059898376465,6.164967060089111,6.0792059898376465,6.113945007324219,3.2225654125213623,360770
2012-11-14,6.148683071136475,6.230144023895264,6.061837196350098,6.131313800811768,3.2317211627960205,548549
2012-11-15,6.122629165649414,6.147815227508545,5.936779022216797,6.074863910675049,3.201967239379883,982142
2012-11-16,6.0792059898376465,6.235528945922852,5.996703147888184,6.235528945922852,3.2866506576538086,978983
2012-11-19,6.261582851409912,6.309348106384277,6.174736976623535,6.309348106384277,3.379762649536133,505307
2012-11-20,6.274609088897705,6.331058979034424,6.227322101593018,6.296320915222168,3.372783899307251,381480
2012-11-21,6.283294200897217,6.361454963684082,6.2705278396606445,6.361454963684082,3.4076743125915527,279598
2012-11-23,6.365797996520996,6.487381935119629,6.352814197540283,6.487381935119629,3.475130558013916,221196
2012-11-26,6.478696823120117,6.522119998931885,6.43093204498291,6.513434886932373,3.4890871047973633,373199
2012-11-27,6.60028076171875,6.865160942077637,6.5959391593933105,6.847792148590088,3.668193817138672,1211519
2012-11-28,6.791341781616211,6.969376087188721,6.635019779205322,6.956348896026611,3.726344347000122,671217
2012-11-29,7.038853168487549,7.121356010437012,6.991086959838867,7.082274913787842,3.7938005924224854,600017
2012-11-30,7.086617946624756,7.164779186248779,6.952006816864014,7.056221961975098,3.77984356880188,778220
2012-12-03,7.060564041137695,7.117013931274414,7.01279878616333,7.064906120300293,3.7844960689544678,528126
2012-12-04,7.077932834625244,7.077932834625244,6.895556926727295,7.034510135650635,3.768213987350464,368109
2012-12-05,7.056221961975098,7.056221961975098,6.9064130783081055,6.999772071838379,3.7496063709259033,289704
2012-12-06,6.978061199188232,7.043194770812988,6.925995826721191,6.999772071838379,3.7496063709259033,650308
2012-12-07,7.047536849975586,7.07233190536499,6.969376087188721,7.034510135650635,3.768213987350464,375456
2012-12-10,7.060564041137695,7.164779186248779,7.034510135650635,7.143067836761475,3.8263652324676514,652717
2012-12-11,7.164779186248779,7.208201885223389,7.112671852111816,7.182147979736328,3.847299098968506,486984
2012-12-12,7.182147979736328,7.221229076385498,6.999772071838379,7.004114151000977,3.7519311904907227,997747
2012-12-13,6.978061199188232,7.205770015716553,6.930294990539551,6.995429992675781,3.7472786903381348,308986
2012-12-14,6.873846054077148,6.878188133239746,6.47001314163208,6.878188133239746,3.6844756603240967,1122900
2012-12-17,6.904242038726807,7.077932834625244,6.891214847564697,7.060564041137695,3.7821695804595947,617169
2012-12-18,7.051878929138184,7.056221961975098,6.956348896026611,7.004114151000977,3.7519311904907227,586331
2012-12-19,7.004114151000977,7.130041122436523,7.004114151000977,7.056221961975098,3.77984356880188,658891
2012-12-20,7.043194770812988,7.1778059005737305,7.01279878616333,7.169120788574219,3.840320348739624,599351
2012-12-21,7.077932834625244,7.19083309173584,6.960690975189209,7.15175199508667,3.831016778945923,2044798
2012-12-24,7.1387248039245605,7.143067836761475,7.01279878616333,7.117013931274414,3.8124091625213623,201911
2012-12-26,7.121356010437012,7.164779186248779,7.01279878616333,7.043194770812988,3.7728657722473145,268319
2012-12-27,7.064906120300293,7.0909600257873535,6.967205047607422,7.056221961975098,3.77984356880188,277906
2012-12-28,7.01279878616333,7.043194770812988,6.934638023376465,6.956348896026611,3.726344347000122,254057
2012-12-31,6.912926197052002,7.143067836761475,6.795683860778809,7.143067836761475,3.8263652324676514,539915
2013-01-02,7.234255790710449,7.5382161140441895,7.143067836761475,7.464396953582764,3.9984934329986572,1084987
2013-01-03,7.468739032745361,7.599008083343506,7.425315856933594,7.447028160095215,3.9891886711120605,537677
2013-01-04,7.490450859069824,7.490450859069824,7.338470935821533,7.364523887634277,3.944993495941162,438001
2013-01-07,7.295048236846924,7.407947063446045,7.29070520401001,7.386236190795898,3.9566256999969482,324068
2013-01-08,7.36018180847168,7.429658889770508,7.277678966522217,7.303731918334961,3.912428379058838,352912
2013-01-09,7.338470935821533,7.423752784729004,7.225571155548096,7.273335933685303,3.896146297454834,309214
2013-01-10,7.321101188659668,7.420973777770996,7.221229076385498,7.273335933685303,3.896146297454834,220015
2013-01-11,7.286363124847412,7.351498126983643,7.1778059005737305,7.2820210456848145,3.9007978439331055,345469
2013-01-14,7.238597869873047,7.334127902984619,7.208201885223389,7.312417030334473,3.917081356048584,282076
2013-01-15,7.247282981872559,7.286363124847412,7.147409915924072,7.216886043548584,3.865908622741699,339779
2013-01-16,7.212543964385986,7.325444221496582,7.160437107086182,7.277678966522217,3.898472547531128,579175
2013-01-17,7.286363124847412,7.4991350173950195,7.286363124847412,7.4340009689331055,3.982210636138916,795497
2013-01-18,7.407947063446045,7.52518892288208,7.36018180847168,7.481766223907471,4.007797718048096,426569
2013-01-22,7.460054874420166,7.56427001953125,7.407947063446045,7.555584907531738,4.047340393066406,357138
2013-01-23,7.568612098693848,7.672826766967773,7.56427001953125,7.672826766967773,4.110144138336182,614217
2013-01-24,7.659800052642822,7.806570053100586,7.590322971343994,7.6901960372924805,4.119450092315674,485552
2013-01-25,7.746645927429199,7.816123008728027,7.668485164642334,7.716249942779541,4.133406162261963,396493
2013-01-28,7.742303848266602,7.789981842041016,7.66414213180542,7.70322322845459,4.1264262199401855,517993
2013-01-29,7.707564830780029,7.855203151702881,7.625061988830566,7.855203151702881,4.207839012145996,852358
2013-01-30,7.820465087890625,7.87257194519043,7.707564830780029,7.7379608154296875,4.145035266876221,419760
2013-01-31,7.70322322845459,7.731448173522949,7.596837043762207,7.620719909667969,4.082231044769287,541117
2013-02-01,7.599008083343506,7.72927713394165,7.555584907531738,7.629404067993164,4.086883544921875,843262
2013-02-04,7.555584907531738,7.72927713394165,7.533874034881592,7.555584907531738,4.047340393066406,510530
2013-02-05,7.616376876831055,7.707564830780029,7.546901226043701,7.66414213180542,4.105491638183594,293227
2013-02-06,7.599008083343506,7.746645927429199,7.599008083343506,7.746645927429199,4.149687767028809,296721
2013-02-07,7.720592021942139,7.740132808685303,7.549071788787842,7.620719909667969,4.082231044769287,479274
2013-02-08,7.199516773223877,7.438343048095703,6.878188133239746,6.991086959838867,3.7449522018432617,1676198
2013-02-11,7.051878929138184,7.143067836761475,6.925952911376953,7.143067836761475,3.8263652324676514,1068472
2013-02-12,7.160437107086182,7.490450859069824,7.130041122436523,7.447028160095215,3.9891886711120605,1006547
2013-02-13,7.464396953582764,7.555584907531738,7.4340009689331055,7.555584907531738,4.047340393066406,630931
2013-02-14,7.512162208557129,7.5859808921813965,7.481766223907471,7.533874034881592,4.035711288452148,663836
2013-02-15,7.577297210693359,7.577297210693359,7.416632175445557,7.512162208557129,4.0240797996521,603911
2013-02-19,7.503478050231934,7.599008083343506,7.438343048095703,7.520846843719482,4.028731822967529,1232519
2013-02-20,7.507820129394531,7.590322971343994,7.403604984283447,7.407947063446045,3.968254804611206,518286
2013-02-21,7.438343048095703,7.7379608154296875,7.299389839172363,7.612034797668457,4.077579021453857,1224772
2013-02-22,7.716249942779541,7.728929042816162,7.612034797668457,7.677168846130371,4.112470626831055,576504
2013-02-25,7.633746147155762,7.750988006591797,7.455711841583252,7.516504764556885,4.0264058113098145,1724096
2013-02-26,7.572954177856445,7.590322971343994,7.4340009689331055,7.494792938232422,4.014776229858398,500212
2013-02-27,7.481766223907471,7.66414213180542,7.481766223907471,7.646772861480713,4.096186637878418,431997
2013-02-28,7.633746147155762,7.755331039428711,7.612034797668457,7.746645927429199,4.149687767028809,481510
2013-03-01,7.642430782318115,7.7944111824035645,7.551242828369141,7.72927713394165,4.140384197235107,1617134
2013-03-04,7.694538116455078,7.720592021942139,7.568612098693848,7.633746147155762,4.089208602905273,633419
2013-03-05,7.677168846130371,7.816123008728027,7.677168846130371,7.746645927429199,4.204769134521484,406122
2013-03-06,7.742303848266602,7.777041912078857,7.66414213180542,7.707564830780029,4.183554649353027,303584
2013-03-07,7.707564830780029,7.759673118591309,7.66414213180542,7.742303848266602,4.202411651611328,376013
2013-03-08,7.768356800079346,7.768356800079346,7.633746147155762,7.681511878967285,4.169414520263672,633048
2013-03-11,7.629404067993164,7.759673118591309,7.607693195343018,7.733619213104248,4.197697162628174,680666
2013-03-12,7.6901960372924805,7.914432048797607,7.6901960372924805,7.889942169189453,4.282547950744629,1187394
2013-03-13,7.868229866027832,7.972445011138916,7.868229866027832,7.9116530418396,4.294332504272461,709959
2013-03-14,7.9116530418396,8.07666015625,7.894283771514893,8.059290885925293,4.3744683265686035,737571
2013-03-15,8.081002235412598,8.159164428710938,7.907310962677002,7.9507341384887695,4.315545082092285,2041659
2013-03-18,7.837833881378174,7.933363914489746,7.707564830780029,7.833491802215576,4.251906394958496,612996
2013-03-19,7.837833881378174,7.885556221008301,7.777041912078857,7.837833881378174,4.254264831542969,864124
2013-03-20,7.876914978027344,7.963759899139404,7.850861072540283,7.9116530418396,4.294332504272461,350292
2013-03-21,7.837833881378174,8.211271286010742,7.837833881378174,7.9463911056518555,4.313186168670654,1685529
2013-03-22,7.994156837463379,7.994156837463379,7.863887786865234,7.894283771514893,4.2849040031433105,563826
2013-03-25,7.955076217651367,8.115740776062012,7.955076217651367,8.067975044250488,4.379180431365967,780921
2013-03-26,8.081002235412598,8.137452125549316,8.041921615600586,8.137452125549316,4.416890621185303,272261
2013-03-27,8.081002235412598,8.163505554199219,8.007183074951172,8.150479316711426,4.423962116241455,435691
2013-03-28,8.154821395874023,8.163505554199219,8.12008285522461,8.141794204711914,4.419248104095459,373339
2013-04-01,8.141794204711914,8.219956398010254,7.959417819976807,7.985472202301025,4.334400653839111,718521
2013-04-02,8.046263694763184,8.046263694763184,7.9376630783081055,7.983301162719727,4.333221435546875,729396
2013-04-03,8.011526107788086,8.011526107788086,7.863887786865234,7.885599136352539,4.280189037322998,735049
2013-04-04,7.9116530418396,8.065803527832031,7.87257194519043,8.050605773925781,4.369753837585449,682100
2013-04-05,7.915995121002197,8.037578582763672,7.907310962677002,8.020210266113281,4.3532562255859375,423921
2013-04-08,8.067975044250488,8.32417106628418,8.03323745727539,8.31114387512207,4.511170387268066,716651
2013-04-09,8.306800842285156,8.454439163208008,8.23298168182373,8.402332305908203,4.560664176940918,835506
2013-04-10,8.402332305908203,8.636816024780273,8.319828033447266,8.623788833618164,4.680868148803711,886133
2013-04-11,8.571681022644043,8.667211532592773,8.471808433532715,8.523916244506836,4.626659870147705,621098
2013-04-12,8.46312427520752,8.597735404968262,8.424042701721191,8.528258323669434,4.629016876220703,635857
2013-04-15,8.506546974182129,8.506546974182129,8.272063255310059,8.285090446472168,4.49702787399292,590167
2013-04-16,8.341540336608887,8.471808433532715,8.254693984985352,8.467466354370117,4.5960187911987305,435355
2013-04-17,8.428385734558105,8.459866523742676,8.23298168182373,8.272063255310059,4.489957332611084,760743
2013-04-18,8.332855224609375,8.332855224609375,8.172189712524414,8.237324714660645,4.4711012840271,818666
2013-04-19,7.93770694732666,8.254693984985352,7.93770694732666,8.241666793823242,4.473458766937256,879254
2013-04-22,8.250351905822754,8.332855224609375,8.07666015625,8.306800842285156,4.508811950683594,564662
2013-04-23,8.68458080291748,8.688922882080078,8.376277923583984,8.545626640319824,4.6384429931640625,541453
2013-04-24,8.554311752319336,8.5977783203125,8.467466354370117,8.593393325805664,4.664370536804199,635588
2013-04-25,8.510889053344727,8.510889053344727,8.111397743225098,8.163505554199219,4.431034088134766,891605
2013-04-26,8.61944580078125,8.680194854736328,8.302458763122559,8.471808433532715,4.598377227783203,1905155
2013-04-29,8.528258323669434,8.762742042541504,8.528258323669434,8.758399963378906,4.753934383392334,1026195
2013-04-30,8.771427154541016,8.853930473327637,8.710634231567383,8.845245361328125,4.801074028015137,743729
2013-05-01,8.840903282165527,8.932090759277344,8.523873329162598,8.541284561157227,4.636086463928223,1102662
2013-05-02,8.554311752319336,8.762742042541504,8.536943435668945,8.754056930541992,4.751575469970703,659889
2013-05-03,8.788796424865723,8.936433792114258,8.671553611755371,8.884325981140137,4.822284698486328,1147661
2013-05-06,8.901695251464844,8.988540649414062,8.840903282165527,8.893011093139648,4.826998710632324,616451
2013-05-07,8.879983901977539,8.96248722076416,8.806164741516113,8.83656120300293,4.79635763168335,629614
2013-05-08,8.83656120300293,8.96248722076416,8.82353401184082,8.96248722076416,4.86470890045166,716092
2013-05-09,8.936433792114258,9.010252952575684,8.897353172302246,8.945117950439453,4.85528039932251,942210
2013-05-10,8.971172332763672,9.00590991973877,8.945117950439453,8.96248722076416,4.86470890045166,736675
2013-05-13,8.96248722076416,8.96248722076416,8.728004455566406,8.793137550354004,4.772789478302002,1051062
2013-05-14,8.775769233703613,8.966830253601074,8.610761642456055,8.879983901977539,4.8199286460876465,2054418
2013-05-15,8.858271598815918,9.053674697875977,8.840903282165527,8.97985553741455,4.874136924743652,1325606
2013-05-16,8.914722442626953,9.00590991973877,8.875641822814941,8.919063568115234,4.841139793395996,1058648
2013-05-17,8.945117950439453,8.97985553741455,8.797479629516602,8.879983901977539,4.8199286460876465,1151132
2013-05-20,8.879983901977539,9.00590991973877,8.832219123840332,8.871298789978027,4.815212726593018,821243
2013-05-21,8.532601356506348,8.706292152404785,8.523916244506836,8.63247299194336,4.849581718444824,819348
2013-05-22,8.615103721618652,8.762742042541504,8.402332305908203,8.467466354370117,4.756882667541504,860674
2013-05-23,8.415358543395996,8.845245361328125,8.320262908935547,8.706292152404785,4.891050815582275,1235159
2013-05-24,8.675895690917969,9.118809700012207,8.528258323669434,9.088414192199707,5.105720043182373,1670238
2013-05-28,9.123151779174805,9.123151779174805,8.849588394165039,8.932090759277344,5.0179009437561035,1049508
2013-05-29,8.879983901977539,9.031964302062988,8.879983901977539,8.99288272857666,5.052051544189453,726298
2013-05-30,9.0406494140625,9.179601669311523,8.927748680114746,9.097098350524902,5.110599994659424,732569
2013-05-31,9.02762222290039,9.092756271362305,8.96248722076416,9.010252952575684,5.06181001663208,633211
2013-06-03,8.945117950439453,9.149206161499023,8.923406600952148,9.092756271362305,5.108158588409424,1401730
2013-06-04,9.131836891174316,9.262104988098145,9.066701889038086,9.092756271362305,5.108158588409424,1018860
2013-06-05,9.05801773071289,9.084071159362793,8.94946002960205,8.984198570251465,5.047173976898193,423555
2013-06-06,8.97551441192627,9.079729080200195,8.754056930541992,8.862614631652832,4.978870391845703,728981
2013-06-07,8.940775871276855,9.127493858337402,8.853930473327637,9.088414192199707,5.105720043182373,543003
2013-06-10,9.097098350524902,9.20999813079834,9.049332618713379,9.201313018798828,5.169145584106445,378929
2013-06-11,9.084071159362793,9.118809700012207,8.971172332763672,9.018937110900879,5.0666890144348145,525826
2013-06-12,9.105783462524414,9.136178970336914,8.875641822814941,8.919063568115234,5.010583877563477,354909
2013-06-13,8.897353172302246,9.071044921875,8.775769233703613,9.053674697875977,5.086204528808594,485101
2013-06-14,9.053674697875977,9.097098350524902,8.923406600952148,9.031964302062988,5.074008464813232,560070
2013-06-17,9.105783462524414,9.188720703125,8.958145141601562,9.071044921875,5.095963001251221,468351
2013-06-18,9.075387001037598,9.214340209960938,8.97985553741455,9.20999813079834,5.1740241050720215,517590
2013-06-19,9.192628860473633,9.25342082977295,9.118809700012207,9.123151779174805,5.1252360343933105,399397
2013-06-20,8.988540649414062,9.071044921875,8.936433792114258,9.010252952575684,5.06181001663208,434968
2013-06-21,9.0406494140625,9.0406494140625,8.840903282165527,9.018937110900879,5.0666890144348145,1044158
2013-06-24,8.958145141601562,9.044990539550781,8.862614631652832,8.945117950439453,5.025216579437256,532721
2013-06-25,9.010252952575684,9.044990539550781,8.888668060302734,9.00590991973877,5.059370994567871,552091
2013-06-26,9.049332618713379,9.16657543182373,8.958145141601562,8.96248722076416,5.034976959228516,379969
2013-06-27,9.02762222290039,9.101441383361816,8.940775871276855,9.066701889038086,5.093522548675537,423810
2013-06-28,9.02762222290039,9.084071159362793,8.97985553741455,9.031964302062988,5.074008464813232,668937
2013-07-01,9.02762222290039,9.131836891174316,9.00590991973877,9.114466667175293,5.120357036590576,568639
2013-07-02,9.084071159362793,9.322854042053223,9.00590991973877,9.188285827636719,5.1618266105651855,1405428
2013-07-03,9.175259590148926,9.25450611114502,9.162233352661133,9.214340209960938,5.176463603973389,200023
2013-07-05,9.33592414855957,9.33592414855957,9.088414192199707,9.314212799072266,5.232570648193359,701079
2013-07-08,9.309870719909668,9.487903594970703,9.262104988098145,9.388031959533691,5.274041175842285,1510799
2013-07-09,9.457508087158203,9.479220390319824,9.36631965637207,9.461851119995117,5.315511226654053,530484
2013-07-10,9.435796737670898,9.592119216918945,9.41408634185791,9.592119216918945,5.388693332672119,363831
2013-07-11,9.700676918029785,9.73975658416748,9.62685775756836,9.661596298217773,5.427724838256836,525284
2013-07-12,9.678964614868164,9.718046188354492,9.592119216918945,9.700676918029785,5.449679374694824,478715
2013-07-15,9.70936107635498,9.726730346679688,9.648569107055664,9.713704109191895,5.456998825073242,631473
2013-07-16,9.713704109191895,9.7658109664917,9.628595352172852,9.748441696166992,5.476512908935547,556342
2013-07-17,9.770153045654297,9.809233665466309,9.548697471618652,9.58343505859375,5.383815288543701,701491
2013-07-18,9.557380676269531,9.635541915893555,9.396716117858887,9.487903594970703,5.3301472663879395,348965
2013-07-19,9.440138816833496,9.505273818969727,9.270790100097656,9.318554878234863,5.235008716583252,687791
2013-07-22,9.270790100097656,9.288159370422363,9.170916557312012,9.22302532196045,5.1813435554504395,486137
2013-07-23,9.231708526611328,9.259934425354004,9.036306381225586,9.066701889038086,5.093522548675537,627728
2013-07-24,9.092756271362305,9.131836891174316,8.971172332763672,9.066701889038086,5.093522548675537,541209
2013-07-25,9.031964302062988,9.125323295593262,8.96248722076416,9.036306381225586,5.076446533203125,676979
2013-07-26,8.945117950439453,8.99071216583252,8.797479629516602,8.862614631652832,4.978870391845703,591482
2013-07-29,8.875641822814941,8.888668060302734,8.719319343566895,8.82353401184082,4.956915855407715,553951
2013-07-30,8.879983901977539,8.910380363464355,8.767084121704102,8.871298789978027,4.983747959136963,599851
2013-07-31,8.862614631652832,9.110124588012695,8.701950073242188,8.714977264404297,4.895930290222168,1004018
2013-08-01,8.714977264404297,8.714977264404297,8.536943435668945,8.667211532592773,4.869095325469971,1286093
2013-08-02,8.615103721618652,8.732345581054688,8.519617080688477,8.671553611755371,4.871535778045654,1012723
2013-08-05,8.636816024780273,8.662869453430176,8.502204895019531,8.571681022644043,4.815426826477051,757187
2013-08-06,8.541284561157227,8.615103721618652,8.445755004882812,8.510889053344727,4.781276226043701,788807
2013-08-07,8.502204895019531,8.502204895019531,8.302458763122559,8.31114387512207,4.66906213760376,2045332
2013-08-08,8.332855224609375,8.419700622558594,8.115740776062012,8.20258617401123,4.608076095581055,1118803
2013-08-09,8.163505554199219,8.241666793823242,8.085345268249512,8.23298168182373,4.625153541564941,1196285
2013-08-12,8.211271286010742,8.35456657409668,8.159164428710938,8.35456657409668,4.69345760345459,997687
2013-08-13,8.35456657409668,8.35456657409668,8.25903606414795,8.293774604797363,4.659306049346924,886612
2013-08-14,8.424042701721191,8.628130912780762,8.350223541259766,8.489177703857422,4.769080638885498,1288960
2013-08-15,8.389305114746094,8.432727813720703,8.285090446472168,8.293774604797363,4.659306049346924,616469
2013-08-16,8.263379096984863,8.428385734558105,8.263379096984863,8.31114387512207,4.66906213760376,696379
2013-08-19,8.31114387512207,8.337154388427734,8.241666793823242,8.241666793823242,4.630033016204834,973173
2013-08-20,8.219956398010254,8.328513145446777,8.219956398010254,8.31114387512207,4.66906213760376,671380
2013-08-21,8.31114387512207,8.35456657409668,8.180874824523926,8.185216903686523,4.598320007324219,684175
2013-08-22,8.185216903686523,8.285090446472168,8.185216903686523,8.250351905822754,4.634911060333252,349983
2013-08-23,8.272063255310059,8.272063255310059,8.133110046386719,8.141794204711914,4.573924541473389,877315
2013-08-26,8.219956398010254,8.28074836730957,8.128767967224121,8.159164428710938,4.583683013916016,1101358
2013-08-27,8.050605773925781,8.098370552062988,7.89862585067749,7.924680233001709,4.507195949554443,816737
2013-08-28,7.924680233001709,8.06363296508789,7.915995121002197,7.976787090301514,4.536830425262451,857980
2013-08-29,7.994156837463379,8.111397743225098,7.985472202301025,8.06363296508789,4.5862250328063965,622705
2013-08-30,8.08968734741211,8.193902015686035,7.942049026489258,7.963759899139404,4.529421329498291,922630
2013-09-03,8.050605773925781,8.18738842010498,7.9507341384887695,8.015868186950684,4.55905818939209,1107579
2013-09-04,8.011526107788086,8.154821395874023,8.007183074951172,8.041921615600586,4.573876857757568,1142258
2013-09-05,8.054948806762695,8.424042701721191,8.054948806762695,8.4066743850708,4.7813310623168945,1095589
2013-09-06,8.454439163208008,8.454439163208008,8.293774604797363,8.31114387512207,4.726996898651123,960522
2013-09-09,8.31114387512207,8.458782196044922,8.31114387512207,8.419700622558594,4.788739204406738,748724
2013-09-10,8.48049259185791,8.673725128173828,8.432727813720703,8.593393325805664,4.887528419494629,1192711
2013-09-11,8.554311752319336,8.615103721618652,8.536943435668945,8.602076530456543,4.892467975616455,1068737
2013-09-12,8.602076530456543,8.63247299194336,8.510889053344727,8.554311752319336,4.865299701690674,655296
2013-09-13,8.584708213806152,8.602076530456543,8.536943435668945,8.584708213806152,4.8825883865356445,1032397
2013-09-16,8.658527374267578,8.68458080291748,8.471808433532715,8.536943435668945,4.855422496795654,806304
2013-09-17,8.523916244506836,8.593393325805664,8.471808433532715,8.554311752319336,4.865299701690674,1031685
2013-09-18,8.57602310180664,8.607288360595703,8.424042701721191,8.541284561157227,4.8578901290893555,772292
2013-09-19,8.554311752319336,8.554311752319336,8.445755004882812,8.489177703857422,4.828255653381348,746822
2013-09-20,8.497861862182617,8.602076530456543,8.48049259185791,8.549969673156738,4.862831115722656,2776170
2013-09-23,8.515231132507324,8.562996864318848,8.428385734558105,8.497861862182617,4.833193778991699,994855
2013-09-24,8.515231132507324,8.69760799407959,8.419700622558594,8.61944580078125,4.902345180511475,899988
2013-09-25,8.597735404968262,8.628130912780762,8.484834671020508,8.49351978302002,4.830723762512207,695496
2013-09-26,8.49351978302002,8.57602310180664,8.358908653259277,8.419700622558594,4.788739204406738,714427
2013-09-27,8.380620002746582,8.432727813720703,8.32417106628418,8.380620002746582,4.766512393951416,610551
2013-09-30,8.315485954284668,8.432727813720703,8.254693984985352,8.397990226745605,4.776391506195068,832843
2013-10-01,8.419700622558594,8.497861862182617,8.341540336608887,8.389305114746094,4.771452903747559,711527
2013-10-02,8.319828033447266,8.397990226745605,8.293774604797363,8.319828033447266,4.731936454772949,764013
2013-10-03,8.328513145446777,8.4066743850708,8.180874824523926,8.189559936523438,4.657846450805664,783913
2013-10-04,8.180874824523926,8.32417106628418,8.154821395874023,8.24600887298584,4.689952373504639,763560
2013-10-07,8.20258617401123,8.24600887298584,8.141794204711914,8.163505554199219,4.643028259277344,684898
2013-10-08,8.185216903686523,8.256864547729492,7.920338153839111,7.985472202301025,4.541771411895752,1196442
2013-10-09,8.007183074951172,8.380620002746582,7.989813804626465,8.337197303771973,4.741816520690918,1299042
2013-10-10,8.445755004882812,8.710634231567383,8.337197303771973,8.706292152404785,4.951740264892578,1427474
2013-10-11,8.68458080291748,8.745372772216797,8.61944580078125,8.645500183105469,4.917164325714111,760361
2013-10-14,8.584708213806152,8.927748680114746,8.567338943481445,8.871298789978027,5.045587539672852,1019881
2013-10-15,8.879983901977539,8.971172332763672,8.719319343566895,8.771427154541016,4.988785266876221,765678
2013-10-16,8.814848899841309,8.879983901977539,8.636816024780273,8.678067207336426,4.9356865882873535,526871
2013-10-17,8.61944580078125,8.710634231567383,8.545626640319824,8.710634231567383,4.954208850860596,614019
2013-10-18,8.784453392028809,8.784453392028809,8.432727813720703,8.515231132507324,4.843073844909668,1796351
2013-10-21,8.497861862182617,8.549969673156738,8.419700622558594,8.458782196044922,4.810967922210693,1144649
2013-10-22,8.46312427520752,8.541284561157227,8.389305114746094,8.402332305908203,4.778860569000244,693343
2013-10-23,8.337197303771973,8.39104175567627,8.21561336517334,8.224297523498535,4.6776041984558105,859857
2013-10-24,8.241666793823242,8.293774604797363,8.189559936523438,8.198244094848633,4.662785530090332,891052
2013-10-25,8.228639602661133,8.25903606414795,8.062894821166992,8.133110046386719,4.6257405281066895,667951
2013-10-28,8.12008285522461,8.263379096984863,8.08968734741211,8.137452125549316,4.628209590911865,610106
2013-10-29,8.146137237548828,8.411016464233398,8.146137237548828,8.35456657409668,4.751694679260254,875378
2013-10-30,8.376277923583984,8.432727813720703,8.25903606414795,8.28943157196045,4.714648723602295,2360482
2013-10-31,8.319828033447266,8.467466354370117,8.250351905822754,8.25903606414795,4.697361469268799,631434
2013-11-01,8.241666793823242,8.332855224609375,8.094029426574707,8.224297523498535,4.6776041984558105,1290544
2013-11-04,8.267721176147461,8.341540336608887,8.167847633361816,8.189559936523438,4.657846450805664,806440
2013-11-05,8.146137237548828,8.237324714660645,8.07666015625,8.180874824523926,4.652905464172363,728951
2013-11-06,7.915995121002197,8.21561336517334,7.915995121002197,8.172189712524414,4.647964954376221,1946523
2013-11-07,8.141794204711914,8.176532745361328,7.855203151702881,7.859546184539795,4.470149993896484,2148907
2013-11-08,7.850861072540283,7.929021835327148,7.829148769378662,7.868229866027832,4.475089073181152,1363644
2013-11-11,7.8421759605407715,8.176532745361328,7.7944111824035645,8.128767967224121,4.623271465301514,1400518
2013-11-12,8.098370552062988,8.137452125549316,7.8421759605407715,7.902967929840088,4.494845867156982,1108166
2013-11-13,7.855203151702881,8.237324714660645,7.8421759605407715,8.163505554199219,4.643028259277344,1565065
2013-11-14,8.128767967224121,8.21778392791748,8.046263694763184,8.185216903686523,4.655375957489014,898767
2013-11-15,8.176532745361328,8.24600887298584,8.067975044250488,8.23298168182373,4.682544231414795,1303284
2013-11-18,8.250351905822754,8.476151466369629,8.250351905822754,8.371935844421387,4.76157283782959,1351240
2013-11-19,8.345882415771484,8.389305114746094,8.1070556640625,8.176532745361328,4.706655979156494,1040414
2013-11-20,8.185216903686523,8.237324714660645,8.085345268249512,8.102713584899902,4.664163112640381,668686
2013-11-21,8.12008285522461,8.384963035583496,8.102713584899902,8.358908653259277,4.811638355255127,965520
2013-11-22,8.32417106628418,8.402332305908203,8.276405334472656,8.306800842285156,4.781642913818359,825276
2013-11-25,8.306800842285156,8.445755004882812,8.28074836730957,8.4370698928833,4.856628894805908,786147
2013-11-26,8.46312427520752,8.593393325805664,8.432727813720703,8.536943435668945,4.914121627807617,1002655
2013-11-27,8.515231132507324,8.754056930541992,8.48049259185791,8.736687660217285,5.0290985107421875,924620
2013-11-29,8.784453392028809,8.82353401184082,8.671553611755371,8.68458080291748,4.999104022979736,338123
2013-12-02,8.706292152404785,8.784453392028809,8.432727813720703,8.46312427520752,4.871626853942871,1012099
2013-12-03,8.454439163208008,8.584708213806152,8.424042701721191,8.445755004882812,4.861629486083984,873511
2013-12-04,8.415358543395996,8.515231132507324,8.241666793823242,8.28943157196045,4.771644592285156,763684
2013-12-05,8.263379096984863,8.345882415771484,8.193902015686035,8.20258617401123,4.721653461456299,1003134
2013-12-06,8.285090446472168,8.285090446472168,8.193902015686035,8.228639602661133,4.73665189743042,918252
2013-12-09,8.24600887298584,8.285090446472168,8.172189712524414,8.180874824523926,4.709155082702637,669179
2013-12-10,8.163505554199219,8.23298168182373,8.128767967224121,8.189559936523438,4.714155197143555,1177707
2013-12-11,8.219956398010254,8.345882415771484,8.159164428710938,8.328513145446777,4.794140815734863,1408715
2013-12-12,8.358908653259277,8.432727813720703,8.302458763122559,8.358908653259277,4.811638355255127,1073813
2013-12-13,8.350223541259766,8.445755004882812,8.276405334472656,8.411016464233398,4.841631889343262,876670
2013-12-16,8.4370698928833,8.597735404968262,8.371935844421387,8.4066743850708,4.839132308959961,772000
2013-12-17,8.411016464233398,8.471808433532715,8.31114387512207,8.46312427520752,4.871626853942871,900745
2013-12-18,8.454439163208008,8.515231132507324,8.397990226745605,8.49351978302002,4.889122486114502,743621
2013-12-19,8.458782196044922,8.61944580078125,8.35456657409668,8.549969673156738,4.921618461608887,867374
2013-12-20,8.545626640319824,8.602076530456543,8.49351978302002,8.593393325805664,4.946613788604736,1638013
2013-12-23,8.510889053344727,8.634600639343262,8.337197303771973,8.549969673156738,4.921618461608887,1270262
2013-12-24,8.532601356506348,8.623788833618164,8.471808433532715,8.562996864318848,4.929116249084473,199058
2013-12-26,8.571681022644043,8.649842262268066,8.541284561157227,8.623788833618164,4.964108943939209,637792
2013-12-27,8.658527374267578,8.662869453430176,8.519574165344238,8.562996864318848,4.929116249084473,663106
2013-12-30,8.532601356506348,8.58905029296875,8.523916244506836,8.545626640319824,4.919118881225586,418550
2013-12-31,8.57602310180664,8.602076530456543,8.497861862182617,8.558653831481934,4.92661714553833,525215
2014-01-02,8.489177703857422,8.593393325805664,8.358908653259277,8.567338943481445,4.931617259979248,771608
2014-01-03,8.519574165344238,8.597735404968262,8.454439163208008,8.57602310180664,4.936615467071533,858673
2014-01-06,8.584708213806152,8.584708213806152,8.467466354370117,8.57602310180664,4.936615467071533,971399
2014-01-07,8.580366134643555,8.728004455566406,8.506546974182129,8.623788833618164,4.964108943939209,1035034
2014-01-08,8.628130912780762,8.69760799407959,8.497861862182617,8.532601356506348,4.911620140075684,405903
2014-01-09,8.545626640319824,8.645500183105469,8.4066743850708,8.46312427520752,4.871626853942871,592274
2014-01-10,8.484834671020508,8.554311752319336,8.315485954284668,8.402332305908203,4.836632251739502,760181
2014-01-13,8.358908653259277,8.367593765258789,8.172189712524414,8.219956398010254,4.731652736663818,733875
2014-01-14,8.276405334472656,8.4066743850708,8.23298168182373,8.241666793823242,4.7441487312316895,817446
2014-01-15,8.293774604797363,8.528258323669434,8.172189712524414,8.49351978302002,4.889122486114502,1490639
2014-01-16,7.777041912078857,7.998455047607422,7.642430782318115,7.781383991241455,4.4791975021362305,4140837
2014-01-17,7.742303848266602,7.850861072540283,7.671090126037598,7.820465087890625,4.501694679260254,1059129
2014-01-21,7.837833881378174,7.902967929840088,7.764015197753906,7.777041912078857,4.4766974449157715,938253
2014-01-22,7.920338153839111,8.358908653259277,7.894283771514893,8.358908653259277,4.811638355255127,1744116
2014-01-23,8.306800842285156,8.4066743850708,8.24600887298584,8.376277923583984,4.821636199951172,841157
2014-01-24,8.337197303771973,8.35456657409668,8.219956398010254,8.228639602661133,4.73665189743042,1099696
2014-01-27,8.248181343078613,8.328513145446777,8.085345268249512,8.133110046386719,4.681661605834961,861100
2014-01-28,8.146137237548828,8.21561336517334,8.072318077087402,8.133110046386719,4.681661605834961,865153
2014-01-29,8.467466354370117,8.745372772216797,8.276405334472656,8.506546974182129,4.896622657775879,2105646
2014-01-30,8.610761642456055,8.65418529510498,8.458782196044922,8.567338943481445,4.931617259979248,962657
2014-01-31,8.424042701721191,8.688922882080078,8.4066743850708,8.61944580078125,4.961610794067383,1059975
2014-02-03,8.567338943481445,8.65418529510498,8.332855224609375,8.35456657409668,4.809138774871826,1228390
2014-02-04,8.389305114746094,8.49351978302002,8.28074836730957,8.411016464233398,4.841631889343262,995182
2014-02-05,8.293774604797363,8.571681022644043,8.233025550842285,8.28074836730957,4.766645908355713,1313318
2014-02-06,8.263379096984863,8.397990226745605,8.256864547729492,8.272063255310059,4.761646270751953,822434
2014-02-07,8.31114387512207,8.376277923583984,8.23298168182373,8.25903606414795,4.754148006439209,731857
2014-02-10,8.237324714660645,8.319828033447266,8.219956398010254,8.25903606414795,4.754148006439209,585536
2014-02-11,8.224297523498535,8.304630279541016,8.189559936523438,8.263379096984863,4.756647109985352,1121709
2014-02-12,8.24600887298584,8.397990226745605,8.24600887298584,8.28074836730957,4.766645908355713,516775
2014-02-13,8.206929206848145,8.469636917114258,8.206929206848145,8.441411972045898,4.859128475189209,490255
2014-02-14,8.441411972045898,8.580366134643555,8.2981595993042,8.419700622558594,4.846630096435547,560409
2014-02-18,8.445755004882812,8.467466354370117,8.315485954284668,8.35456657409668,4.809138774871826,479461
2014-02-19,8.363250732421875,8.415358543395996,8.241666793823242,8.25903606414795,4.754148006439209,436877
2014-02-20,8.293774604797363,8.389305114746094,8.272063255310059,8.384963035583496,4.826634883880615,338535
2014-02-21,8.441411972045898,8.441411972045898,8.28074836730957,8.306800842285156,4.781642913818359,593352
2014-02-24,8.31114387512207,8.515231132507324,8.31114387512207,8.484834671020508,4.8841233253479,889659
2014-02-25,8.484834671020508,8.63247299194336,8.46312427520752,8.528258323669434,4.909121036529541,850958
2014-02-26,8.528258323669434,8.819191932678223,8.528258323669434,8.749714851379395,5.036596298217773,1134299
2014-02-27,8.745372772216797,9.678964614868164,8.745372772216797,9.661596298217773,5.5615034103393555,4443560
2014-02-28,9.661596298217773,9.671365737915039,9.331582069396973,9.4314546585083,5.429027080535889,2179646
2014-03-03,9.353293418884277,9.479220390319824,9.266448020935059,9.44448184967041,5.494786739349365,1734651
2014-03-04,9.57040786743164,9.731073379516602,9.522643089294434,9.544354438781738,5.552891254425049,1911412
2014-03-05,9.553038597106934,9.804891586303711,9.553038597106934,9.635541915893555,5.605945110321045,2355104
2014-03-06,9.661596298217773,9.778838157653809,9.635541915893555,9.691991806030273,5.638787746429443,1593850
2014-03-07,9.770153045654297,9.813575744628906,9.696333885192871,9.757126808166504,5.676684856414795,1399286
2014-03-10,9.72238826751709,9.948186874389648,9.72238826751709,9.948186874389648,5.787839889526367,1049515
2014-03-11,9.930817604064941,10.182670593261719,9.813575744628906,9.878710746765137,5.747419834136963,1377505
2014-03-12,9.852657318115234,10.022006034851074,9.765854835510254,10.017663955688477,5.828261852264404,1165228
2014-03-13,10.061086654663086,10.165302276611328,9.7658109664917,9.826602935791016,5.717103004455566,775360
2014-03-14,9.822260856628418,10.00029468536377,9.822260856628418,9.95687198638916,5.7928948402404785,583440
2014-03-17,9.917791366577148,10.078455924987793,9.856999397277832,10.069770812988281,5.858578205108643,845328
2014-03-18,10.104510307312012,10.1510591506958,10.048060417175293,10.117536544799805,5.886367321014404,1257152
2014-03-19,10.13924789428711,10.221752166748047,10.069770812988281,10.130562782287598,5.893947601318359,908840
2014-03-20,10.152275085449219,10.213067054748535,10.052401542663574,10.208724975585938,5.939421653747559,1163105
2014-03-21,10.221752166748047,10.291228294372559,10.08279800415039,10.104510307312012,5.878790378570557,2312843
2014-03-24,10.0958251953125,10.213067054748535,9.914752006530762,10.104510307312012,5.878790378570557,885249
2014-03-25,10.16096019744873,10.265174865722656,10.043718338012695,10.117536544799805,5.886367321014404,544601
2014-03-26,9.852657318115234,10.152275085449219,9.852657318115234,9.904764175415039,5.762576580047607,1299270
2014-03-27,9.830945014953613,10.0958251953125,9.830945014953613,10.052401542663574,5.8484721183776855,1329927
2014-03-28,10.087141036987305,10.23477840423584,10.035033226013184,10.113194465637207,5.883841037750244,977419
2014-03-31,10.178329467773438,10.378073692321777,10.178329467773438,10.260831832885742,5.969738006591797,1056143
2014-04-01,10.304254531860352,10.382415771484375,10.165302276611328,10.317281723022461,6.002579689025879,805261
2014-04-02,10.282544136047363,10.352020263671875,10.226094245910645,10.334650993347168,6.0126848220825195,507377
2014-04-03,10.334650993347168,10.360705375671387,10.182670593261719,10.221752166748047,5.947002410888672,498227
2014-04-04,10.30859661102295,10.356363296508789,10.017663955688477,10.026349067687988,5.833315372467041,1206839
2014-04-07,9.995951652526855,10.078455924987793,9.830945014953613,9.917791366577148,5.770156383514404,938350
2014-04-08,9.961214065551758,10.074113845825195,9.896080017089844,9.95687198638916,5.7928948402404785,816840
2014-04-09,9.978583335876465,10.061086654663086,9.800548553466797,10.039375305175781,5.84089469909668,688000
2014-04-10,10.039375305175781,10.087141036987305,9.652912139892578,9.713704109191895,5.651419639587402,1005973
2014-04-11,9.618172645568848,9.763640403747559,9.457508087158203,9.513957977294922,5.535207748413086,978432
2014-04-14,9.574749946594238,9.635541915893555,9.123194694519043,9.440138816833496,5.492259979248047,558152
2014-04-15,9.461851119995117,9.587777137756348,9.292501449584961,9.422769546508789,5.482153415679932,1198420
2014-04-16,9.457508087158203,9.58343505859375,9.344609260559082,9.566065788269043,5.565523624420166,565489
2014-04-17,9.58343505859375,9.726730346679688,9.518301010131836,9.635541915893555,5.605945110321045,405170
2014-04-21,9.639884948730469,9.75278377532959,9.605146408081055,9.700676918029785,5.643840789794922,379355
2014-04-22,9.696333885192871,9.96989917755127,9.696333885192871,9.904764175415039,5.762576580047607,626498
2014-04-23,9.935159683227539,9.935159683227539,9.822260856628418,9.830945014953613,5.719629764556885,461010
2014-04-24,9.86134147644043,9.935159683227539,9.696333885192871,9.848315238952637,5.729736804962158,266672
2014-04-25,9.726730346679688,9.922134399414062,9.505273818969727,9.505273818969727,5.530155181884766,656395
2014-04-28,9.557380676269531,9.670281410217285,9.353293418884277,9.518301010131836,5.537733554840088,608478
2014-04-29,9.518301010131836,9.705018997192383,9.474878311157227,9.492246627807617,5.522574424743652,539788
2014-04-30,9.435796737670898,9.561722755432129,9.283817291259766,9.522643089294434,5.540258884429932,711308
2014-05-01,9.496588706970215,9.59646224975586,9.318554878234863,9.396716117858887,5.466994285583496,605774
2014-05-02,9.44448184967041,9.492246627807617,9.322896957397461,9.34895133972168,5.439206123352051,523193
2014-05-05,9.296843528747559,9.665938377380371,9.275132179260254,9.370662689208984,5.451837062835693,363559
2014-05-06,9.301185607910156,9.435796737670898,9.131836891174316,9.227367401123047,5.368468761444092,779814
2014-05-07,9.214340209960938,9.535670280456543,8.849588394165039,8.958145141601562,5.211836814880371,2164958
2014-05-08,8.914722442626953,9.292501449584961,8.879983901977539,9.149206161499023,5.322995185852051,1249190
2014-05-09,9.097098350524902,9.470535278320312,9.049332618713379,9.396716117858887,5.466994285583496,1160493
2014-05-12,9.405401229858398,9.687649726867676,9.405401229858398,9.522643089294434,5.540258884429932,1042703
2014-05-13,9.622514724731445,9.683307647705078,9.44448184967041,9.492246627807617,5.522574424743652,1139626
2014-05-14,9.479220390319824,9.55521011352539,9.285987854003906,9.288159370422363,5.403838634490967,850940
2014-05-15,9.236051559448242,9.357636451721191,9.16657543182373,9.270790100097656,5.393733024597168,697311
2014-05-16,9.309870719909668,9.533498764038086,9.301185607910156,9.520471572875977,5.53899621963501,619716
2014-05-19,9.513957977294922,9.70936107635498,9.513957977294922,9.605146408081055,5.588261604309082,1251744
2014-05-20,9.487903594970703,9.548697471618652,9.357636451721191,9.42928409576416,5.48594331741333,886410
2014-05-21,9.500930786132812,9.605146408081055,9.44448184967041,9.57040786743164,5.568049907684326,788176
2014-05-22,9.59646224975586,9.687649726867676,9.566065788269043,9.609489440917969,5.590786933898926,866798
2014-05-23,9.587777137756348,9.796207427978516,9.576921463012695,9.744099617004395,5.66910457611084,800768
2014-05-27,9.822260856628418,9.987268447875977,9.744099617004395,9.974241256713867,5.802999973297119,1031575
2014-05-28,9.974241256713867,10.100167274475098,9.898250579833984,9.904764175415039,5.762576580047607,1022953
2014-05-29,9.94384479522705,10.061086654663086,9.791865348815918,9.891737937927246,5.754997730255127,953220
2014-05-30,9.91344928741455,9.965556144714355,9.705018997192383,9.7658109664917,5.681734561920166,2942555
2014-06-02,9.557380676269531,9.631199836730957,9.331582069396973,9.557380676269531,5.6179986000061035,824921
2014-06-03,9.544354438781738,9.618172645568848,9.4314546585083,9.566065788269043,5.623104095458984,485858
2014-06-04,9.553038597106934,9.652912139892578,9.474878311157227,9.62685775756836,5.658838272094727,588125
2014-06-05,9.618172645568848,9.800548553466797,9.496588706970215,9.774496078491211,5.7456207275390625,682658
2014-06-06,9.778838157653809,9.917791366577148,9.670281410217285,9.839630126953125,5.783908843994141,1162745
2014-06-09,9.796207427978516,9.939502716064453,9.761468887329102,9.822260856628418,5.77370023727417,606410
2014-06-10,9.813575744628906,9.848271369934082,9.718914031982422,9.804891586303711,5.763489246368408,471327
2014-06-11,9.778838157653809,9.865683555603027,9.719782829284668,9.78752326965332,5.753282070159912,1152746
2014-06-12,9.770153045654297,9.835288047790527,9.609489440917969,9.683307647705078,5.692018985748291,1162727
2014-06-13,9.757126808166504,9.891737937927246,9.678964614868164,9.843972206115723,5.786462306976318,648268
2014-06-16,9.865683555603027,9.965556144714355,9.770153045654297,9.848315238952637,5.789013385772705,239329
2014-06-17,9.826602935791016,9.94384479522705,9.805760383605957,9.900422096252441,5.819643974304199,594068
2014-06-18,9.917791366577148,9.95687198638916,9.72681713104248,9.822260856628418,5.77370023727417,399171
2014-06-19,9.874367713928223,9.874367713928223,9.674622535705566,9.754955291748047,5.734135627746582,348597
2014-06-20,9.813575744628906,9.813575744628906,9.665938377380371,9.757126808166504,5.735413074493408,815751
2014-06-23,9.748441696166992,9.761468887329102,9.642056465148926,9.670281410217285,5.684362888336182,765091
2014-06-24,9.687649726867676,9.744099617004395,9.544354438781738,9.553038597106934,5.615446090698242,658205
2014-06-25,9.505273818969727,9.644227027893066,9.448823928833008,9.639884948730469,5.666494369506836,424934
2014-06-26,9.622514724731445,9.639884948730469,9.409743309020996,9.509615898132324,5.589920997619629,408927
2014-06-27,9.4314546585083,9.574749946594238,9.383689880371094,9.418428421020508,5.536319255828857,2544433
2014-06-30,9.409743309020996,9.600804328918457,9.409743309020996,9.587777137756348,5.635866165161133,498280
2014-07-01,9.631199836730957,9.78752326965332,9.618172645568848,9.683307647705078,5.692018985748291,1080696
2014-07-02,9.665938377380371,9.7658109664917,9.605146408081055,9.683307647705078,5.692018985748291,462956
2014-07-03,9.731073379516602,9.870025634765625,9.61383056640625,9.865683555603027,5.799223899841309,279209
2014-07-07,9.86134147644043,9.878710746765137,9.665938377380371,9.70936107635498,5.707335472106934,621738
2014-07-08,9.683307647705078,9.757126808166504,9.58343505859375,9.657254219055176,5.676704406738281,710152
2014-07-09,9.691991806030273,9.731073379516602,9.587777137756348,9.631199836730957,5.661388874053955,421197
2014-07-10,9.457508087158203,9.726730346679688,9.422769546508789,9.57040786743164,5.625654697418213,706597
2014-07-11,9.54001235961914,9.62685775756836,9.474878311157227,9.479220390319824,5.5720534324646,935326
2014-07-14,9.57040786743164,9.62685775756836,9.474878311157227,9.58343505859375,5.633313179016113,374638
2014-07-15,9.592119216918945,9.622514724731445,9.344609260559082,9.453166007995605,5.556738376617432,631666
2014-07-16,9.531327247619629,9.622514724731445,9.283817291259766,9.553038597106934,5.615446090698242,1959670
2014-07-17,9.474878311157227,9.548697471618652,9.4314546585083,9.466193199157715,5.564396858215332,798723
2014-07-18,9.4314546585083,9.748441696166992,9.4314546585083,9.678964614868164,5.6894683837890625,875139
2014-07-21,9.81791877746582,10.247804641723633,9.81791877746582,10.239121437072754,6.018735885620117,2249692
2014-07-22,10.269516944885254,10.45297908782959,10.230436325073242,10.443207740783691,6.138702392578125,1567453
2014-07-23,10.486631393432617,10.486631393432617,10.182670593261719,10.230436325073242,6.0136308670043945,962772
2014-07-24,10.29991340637207,10.421497344970703,10.043718338012695,10.048060417175293,5.906427383422852,783756
2014-07-25,9.935159683227539,10.03494644165039,9.809233665466309,9.822260856628418,5.77370023727417,532350
2014-07-28,9.848315238952637,10.026349067687988,9.687649726867676,10.017663955688477,5.888559818267822,805738
2014-07-29,10.013321876525879,10.0958251953125,9.909107208251953,9.917791366577148,5.829853534698486,565966
2014-07-30,10.004636764526367,10.0958251953125,9.852873802185059,10.08279800415039,5.926847457885742,474650
2014-07-31,10.63861083984375,11.554835319519043,10.63861083984375,11.033760070800781,6.485838413238525,6807683
2014-08-01,10.977310180664062,11.129289627075195,10.738484382629395,11.111921310424805,6.531783103942871,1772803
2014-08-04,11.194424629211426,11.276927947998047,10.98773193359375,11.137974739074707,6.547099590301514,1891223
2014-08-05,11.342062950134277,11.767606735229492,11.342062950134277,11.50706958770752,6.7640604972839355,2873865
2014-08-06,11.428908348083496,11.663392066955566,11.307324409484863,11.533123016357422,6.7793731689453125,1297796
2014-08-07,11.598258018493652,11.698129653930664,11.46364688873291,11.576545715332031,6.804898262023926,1481372
2014-08-08,11.611285209655762,11.897875785827637,11.541808128356934,11.845767974853516,6.963150978088379,1826920
2014-08-11,11.83708381652832,11.941299438476562,11.745896339416504,11.83708381652832,6.958047866821289,1503600
2014-08-12,11.828398704528809,12.034658432006836,11.724184036254883,12.002091407775879,7.0550384521484375,1189289
2014-08-13,12.002091407775879,12.114990234375,11.958667755126953,12.106306076049805,7.116302490234375,910671
2014-08-14,12.141043663024902,12.497112274169922,12.018590927124023,12.449346542358398,7.317948818206787,2848980
2014-08-15,12.562246322631836,12.588299751281738,12.249601364135742,12.471057891845703,7.330709457397461,1595782
2014-08-18,12.527507781982422,12.683830261230469,12.466715812683105,12.627381324768066,7.422598361968994,2139644
2014-08-19,12.679488182067871,12.814099311828613,12.663204193115234,12.788044929504395,7.517039775848389,1436345
2014-08-20,12.72291088104248,12.866207122802734,12.688173294067383,12.753307342529297,7.496621608734131,562194
2014-08-21,12.688173294067383,12.831467628479004,12.657776832580566,12.675146102905273,7.450675010681152,1172332
2014-08-22,12.649091720581055,12.755477905273438,12.55356216430664,12.714225769042969,7.473646640777588,2117159
2014-08-25,12.822784423828125,12.857522010803223,12.631723403930664,12.701199531555176,7.465993881225586,1318617
2014-08-26,12.731595993041992,12.853179931640625,12.701199531555176,12.809757232666016,7.5298004150390625,713247
2014-08-27,12.896602630615234,12.935683250427246,12.757649421691895,12.770675659179688,7.506829738616943,555960
2014-08-28,12.670804023742676,12.870549201965332,12.644749641418457,12.7489652633667,7.553212642669678,803110
2014-08-29,12.7489652633667,12.953051567077637,12.740280151367188,12.840152740478516,7.607237815856934,565537
2014-09-02,12.896602630615234,13.005160331726074,12.757649421691895,12.961736679077148,7.679271221160889,1074801
2014-09-03,13.026870727539062,13.026870727539062,12.818441390991211,12.929169654846191,7.65997314453125,1338998
2014-09-04,12.992133140563965,13.018186569213867,12.883576393127441,12.935683250427246,7.663834571838379,1762760
2014-09-05,12.948710441589355,13.005160331726074,12.822784423828125,12.887918472290039,7.635536193847656,584624
2014-09-08,12.857522010803223,13.000818252563477,12.818441390991211,12.87489128112793,7.627819061279297,832026
2014-09-09,12.879233360290527,12.95739459991455,12.644749641418457,12.649091720581055,7.494043827056885,837366
2014-09-10,12.618696212768555,12.805415153503418,12.505796432495117,12.588299751281738,7.458026885986328,922879
2014-09-11,12.562246322631836,12.770675659179688,12.492770195007324,12.649091720581055,7.494043827056885,1199304
2014-09-12,12.640406608581543,12.69251537322998,12.462373733520508,12.510139465332031,7.411718845367432,686386
2014-09-15,12.459334373474121,12.605669021606445,12.171440124511719,12.21052074432373,7.2342071533203125,703481
2014-09-16,12.206177711486816,12.388554573059082,12.084593772888184,12.31907844543457,7.29852294921875,1006114
2014-09-17,12.212430953979492,12.462373733520508,12.204484939575195,12.31907844543457,7.29852294921875,629213
2014-09-18,12.306051254272461,12.379870414733887,12.240917205810547,12.288681983947754,7.280513286590576,724046
2014-09-19,12.15841293334961,12.375484466552734,11.971694946289062,12.00643253326416,7.1132965087890625,1753915
2014-09-22,12.071566581726074,12.071566581726074,11.819714546203613,11.871822357177734,7.03354549407959,742559
2014-09-23,11.737211227416992,12.062883377075195,11.737211227416992,11.750238418579102,6.96151065826416,719235
2014-09-24,11.737211227416992,11.919587135314941,11.676419258117676,11.763264656066895,6.969228744506836,527092
2014-09-25,11.677504539489746,11.81098747253418,11.536423683166504,11.719841957092285,6.943503379821777,925071
2014-09-26,11.83708381652832,11.93261432647705,11.789319038391113,11.897875785827637,7.048977375030518,778881
2014-09-29,11.897875785827637,11.93261432647705,11.750238418579102,11.889190673828125,7.043834686279297,600378
2014-09-30,11.897875785827637,11.97603702545166,11.537466049194336,11.541808128356934,6.838024139404297,1033899
2014-10-01,11.450185775756836,11.567861557006836,11.289955139160156,11.35508918762207,6.727399826049805,882013
2014-10-02,11.407196998596191,11.563518524169922,11.21613597869873,11.437593460083008,6.776280879974365,623751
2014-10-03,11.55917739868164,11.585230827331543,11.402854919433594,11.4202241897583,6.765990734100342,422159
2014-10-06,11.424566268920898,11.472331047058105,11.207451820373535,11.211793899536133,6.642505168914795,920765
2014-10-07,11.116263389587402,11.533123016357422,11.098894119262695,11.337719917297363,6.717110633850098,1492951
2014-10-08,11.337719917297363,11.767606735229492,11.237848281860352,11.750238418579102,6.96151065826416,1342183
2014-10-09,11.745896339416504,11.745896339416504,11.190081596374512,11.190081596374512,6.629642486572266,981551
2014-10-10,11.078486442565918,11.294297218322754,10.799276351928711,11.13363265991211,6.596198558807373,1606242
2014-10-13,11.016390800476074,11.446277618408203,11.016390800476074,11.0902099609375,6.570474147796631,1081104
2014-10-14,11.220478057861328,11.489700317382812,11.107579231262207,11.250873565673828,6.6656575202941895,1322698
2014-10-15,10.799276351928711,11.46364688873291,10.786249160766602,11.39851188659668,6.753126621246338,1146802
2014-10-16,11.203108787536621,11.472331047058105,11.172713279724121,11.337719917297363,6.717110633850098,1141006
2014-10-17,11.452357292175293,11.489700317382812,11.146658897399902,11.177056312561035,6.621923923492432,913851
2014-10-20,11.289521217346191,11.424566268920898,11.042445182800293,11.324692726135254,6.709393501281738,603418
2014-10-21,11.563518524169922,11.580888748168945,11.263900756835938,11.528780937194824,6.8303070068359375,427025
2014-10-22,11.628609657287598,11.628609657287598,11.285613059997559,11.307324409484863,6.699103832244873,477729
2014-10-23,11.511411666870117,11.634081840515137,11.376800537109375,11.537466049194336,6.835453033447266,729186
2014-10-24,11.411539077758789,11.748066902160645,11.411539077758789,11.60260009765625,6.874040126800537,510979
2014-10-27,11.602557182312012,11.602557182312012,11.376800537109375,11.389827728271484,6.747982501983643,900713
2014-10-28,11.515753746032715,11.75892162322998,11.4202241897583,11.745896339416504,6.958937168121338,785859
2014-10-29,11.767606735229492,11.902217864990234,11.702472686767578,11.854453086853027,7.023251533508301,564738
2014-10-30,11.902217864990234,11.902217864990234,11.524438858032227,11.776291847229004,6.976945400238037,835347
2014-10-31,12.527507781982422,13.38728141784668,12.332104682922363,13.196221351623535,7.818192958831787,3279011
2014-11-03,13.078978538513184,13.157139778137207,12.887918472290039,12.953051567077637,7.674124717712402,1758095
2014-11-04,12.836679458618164,13.09634780883789,12.775017738342285,13.052925109863281,7.73329496383667,1339767
2014-11-05,13.094264030456543,13.352542877197266,13.048583030700684,13.296092987060547,7.877362251281738,2075100
2014-11-06,13.34385871887207,13.682557106018066,13.293922424316406,13.639134407043457,8.080601692199707,1631459
2014-11-07,13.678215026855469,13.71729564666748,13.326489448547363,13.704269409179688,8.119190216064453,1177113
2014-11-10,13.673872947692871,13.830195426940918,13.568615913391113,13.76071834564209,8.152630805969238,1379239
2014-11-11,13.79810619354248,13.938752174377441,13.747692108154297,13.873618125915527,8.219520568847656,1040015
2014-11-12,13.895329475402832,13.934410095214844,13.660845756530762,13.765061378479004,8.155204772949219,1007528
2014-11-13,13.828023910522461,13.98217487335205,13.708610534667969,13.808484077453613,8.180933952331543,924401
2014-11-14,13.838879585266113,14.00822925567627,13.795456886291504,13.860590934753418,8.211800575256348,783482
2014-11-17,13.934410095214844,14.00822925567627,13.765061378479004,13.890987396240234,8.229814529418945,980167
2014-11-18,14.003887176513672,14.299161911010742,13.943095207214355,14.186263084411621,8.404749870300293,1331983
2014-11-19,14.188433647155762,14.329559326171875,14.029939651489258,14.194948196411133,8.409893989562988,1110123
2014-11-20,14.173235893249512,14.529303550720215,14.160208702087402,14.494565963745117,8.58740520477295,1119213
2014-11-21,14.61614990234375,14.75510311126709,14.464170455932617,14.524962425231934,8.605415344238281,1021603
2014-11-24,14.546672821044922,14.752931594848633,14.464170455932617,14.707338333129883,8.773870468139648,1026356
2014-11-25,14.78549861907959,15.024325370788574,14.74207592010498,14.907082557678223,8.893033027648926,1724225
2014-11-26,14.928794860839844,15.080775260925293,14.907082557678223,15.015640258789062,8.957792282104492,920214
2014-11-28,15.041693687438965,15.171528816223145,14.794183731079102,14.841949462890625,8.854175567626953,903541
2014-12-01,14.967874526977539,15.263151168823242,14.815937995910645,14.941821098327637,8.9137544631958,1407280
2014-12-02,14.89405632019043,15.211044311523438,14.872344970703125,15.015640258789062,8.957792282104492,2426007
2014-12-03,15.080775260925293,15.25446605682373,14.97655963897705,15.072090148925781,8.991470336914062,2033788
2014-12-04,15.198017120361328,15.31091594696045,15.054720878601074,15.163277626037598,9.045865058898926,1934879
2014-12-05,15.154594421386719,15.245781898498535,14.837607383728027,15.137225151062012,9.030324935913086,1679981
2014-12-08,15.11707592010498,15.371707916259766,15.098143577575684,15.306573867797852,9.131352424621582,1324052
2014-12-09,15.180646896362305,15.619218826293945,15.089459419250488,15.610533714294434,9.31268310546875,2315533
2014-12-10,15.68435287475586,15.996997833251953,15.510662078857422,15.606191635131836,9.310091972351074,1734651
2014-12-11,15.771199226379395,15.879755973815918,15.47158145904541,15.519346237182617,9.258282661437988,1405097
2014-12-12,15.302231788635254,15.610533714294434,15.145909309387207,15.154594421386719,9.040687561035156,1842430
2014-12-15,15.36302375793457,15.519346237182617,14.954848289489746,15.063405990600586,8.986285209655762,1770008
2014-12-16,14.950506210327148,15.215386390686035,14.889714241027832,15.028667449951172,8.965564727783203,1087200
2014-12-17,15.054720878601074,15.124197959899902,14.763788223266602,15.124197959899902,9.022552490234375,1136648
2014-12-18,15.575796127319336,15.588823318481445,14.985243797302246,15.202359199523926,9.069181442260742,1124754
2014-12-19,15.237140655517578,15.276178359985352,14.807209968566895,15.03300952911377,8.968152046203613,2663092
2014-12-22,15.132882118225098,15.132882118225098,14.800697326660156,15.089459419250488,9.001829147338867,2755421
2014-12-23,15.193674087524414,15.51500415802002,15.189332008361816,15.445527076721191,9.214249610900879,1373627
2014-12-24,15.54539966583252,15.910152435302734,15.4889497756958,15.814621925354004,9.434433937072754,534862
2014-12-26,15.940547943115234,16.062131881713867,15.87541389465332,15.996997833251953,9.543234825134277,720695
2014-12-29,15.979628562927246,16.018709182739258,15.853702545166016,15.88844108581543,9.478471755981445,874077
2014-12-30,15.91883659362793,15.996997833251953,15.753829956054688,15.762514114379883,9.403347969055176,462044
2014-12-31,15.739891052246094,15.910152435302734,15.506319046020508,15.528031349182129,9.26346492767334,627998
2015-01-02,15.74948787689209,15.766857147216797,15.241439819335938,15.402104377746582,9.188342094421387,973131
2015-01-05,15.28052043914795,15.293546676635742,14.963533401489258,14.980901718139648,8.937067985534668,914888
2015-01-06,14.959234237670898,15.006956100463867,14.277450561523438,14.372981071472168,8.574403762817383,1695031
2015-01-07,14.416403770446777,14.53798770904541,14.24271297454834,14.329559326171875,8.548501014709473,1264968
2015-01-08,14.53798770904541,14.7985258102417,14.477195739746094,14.750761032104492,8.799774169921875,1498094
2015-01-09,14.850632667541504,14.876687049865723,14.490222930908203,14.633519172668457,8.72983169555664,1116235
2015-01-12,14.637861251831055,14.672598838806152,14.503250122070312,14.57272720336914,8.693565368652344,943868
2015-01-13,14.674771308898926,15.093802452087402,14.504118919372559,14.65957260131836,8.745375633239746,855587
2015-01-14,14.50759220123291,14.885372161865234,14.50759220123291,14.681283950805664,8.75832748413086,931538
2015-01-15,14.854975700378418,14.859317779541016,14.50759220123291,14.568384170532227,8.690973281860352,705100
2015-01-16,14.65957260131836,16.201086044311523,14.590096473693848,16.162004470825195,9.641671180725098,2975277
2015-01-20,16.227140426635742,16.439912796020508,15.801594734191895,16.17937469482422,9.652034759521484,1484750
2015-01-21,16.148977279663086,16.27056121826172,15.801594734191895,15.97094440460205,9.527692794799805,1126718
2015-01-22,15.979628562927246,16.322669982910156,15.73646068572998,16.296615600585938,9.721977233886719,1233307
2015-01-23,16.296615600585938,16.327011108398438,16.010025024414062,16.17937469482422,9.652034759521484,936484
2015-01-26,16.17937469482422,16.327011108398438,16.001340866088867,16.279247283935547,9.711614608764648,1016399
2015-01-27,16.19674301147461,16.327011108398438,16.03607940673828,16.205427169799805,9.667576789855957,1143712
2015-01-28,16.22627067565918,16.4572811126709,16.075159072875977,16.148977279663086,9.633899688720703,1198807
2015-01-29,16.11862564086914,16.774267196655273,16.11862564086914,16.65268325805664,9.934391021728516,1608390
2015-01-30,16.505046844482422,16.804664611816406,16.03607940673828,16.101213455200195,9.605406761169434,965191
2015-02-02,16.10989761352539,16.27056121826172,15.693037986755371,16.218454360961914,9.675345420837402,821062
2015-02-03,16.35740852355957,16.704790115356445,16.287931442260742,16.683080673217773,9.95252513885498,1165530
2015-02-04,16.600576400756836,16.887168884277344,16.565837860107422,16.800321578979492,10.022468566894531,1034700
2015-02-05,16.91322135925293,17.115137100219727,16.743871688842773,17.021778106689453,10.154581069946289,926524
2015-02-06,17.082571029663086,17.108625411987305,16.821165084838867,16.91322135925293,10.089818000793457,838004
2015-02-09,16.839401245117188,16.98703956604004,16.54846954345703,16.717817306518555,9.973251342773438,918105
2015-02-10,16.790769577026367,17.256261825561523,16.7829532623291,17.23455047607422,10.281515121459961,1524195
2015-02-11,17.89023780822754,18.524211883544922,17.36916160583496,18.189855575561523,10.851409912109375,2635935
2015-02-12,18.208961486816406,18.35051918029785,16.835060119628906,17.07388687133789,10.185667991638184,2949470
2015-02-13,17.07388687133789,17.19890022277832,16.79598045349121,17.052175521850586,10.172714233398438,1271377
2015-02-17,17.039148330688477,17.38218879699707,16.917564392089844,17.334423065185547,10.341095924377441,1505956
2015-02-18,17.247577667236328,17.545024871826172,17.082571029663086,17.269289016723633,10.302238464355469,1296209
2015-02-19,17.312711715698242,17.36916160583496,17.10428237915039,17.139020919799805,10.224523544311523,879890
2015-02-20,17.13467788696289,17.42474365234375,17.086912155151367,17.334423065185547,10.341095924377441,1137616
2015-02-23,17.35179328918457,17.416927337646484,17.095598220825195,17.41258430480957,10.38772201538086,876065
2015-02-24,17.560222625732422,17.581933975219727,17.317054748535156,17.403900146484375,10.382542610168457,1116795
2015-02-25,17.36916160583496,17.486404418945312,17.199813842773438,17.456008911132812,10.413626670837402,1004803
2015-02-26,17.536773681640625,17.54285430908203,17.26494789123535,17.37784767150879,10.3670015335083,1030598
2015-02-27,17.36916160583496,17.669300079345703,17.35396385192871,17.39521598815918,10.498183250427246,1290613
2015-03-02,17.429954528808594,18.228891372680664,17.421268463134766,18.207223892211914,10.988239288330078,2982391
2015-03-03,18.168142318725586,18.250646591186523,17.764354705810547,18.120378494262695,10.93582820892334,2155776
2015-03-04,18.103008270263672,18.120378494262695,17.20415496826172,17.20415496826172,10.382877349853516,1807435
2015-03-05,17.20415496826172,17.32139778137207,16.917564392089844,17.22152328491211,10.39335823059082,1750981
2015-03-06,17.112966537475586,17.421268463134766,17.056516647338867,17.334423065185547,10.461495399475098,1709026
2015-03-09,17.360477447509766,17.456008911132812,17.14336395263672,17.317054748535156,10.451011657714844,1260127
2015-03-10,17.135112762451172,17.382144927978516,17.013093948364258,17.10428237915039,10.322602272033691,798629
2015-03-11,17.080400466918945,17.36482048034668,17.080400466918945,17.256261825561523,10.414321899414062,795865
2015-03-12,17.20632553100586,17.260604858398438,16.86979866027832,17.026121139526367,10.275431632995605,1010114
2015-03-13,17.082571029663086,17.217182159423828,16.92841911315918,17.1173095703125,10.330464363098145,937871
2015-03-16,17.230209350585938,17.376977920532227,17.082571029663086,17.230209350585938,10.398600578308105,1369102
2015-03-17,17.048267364501953,17.52939224243164,17.048267364501953,17.490745544433594,10.555838584899902,1848459
2015-03-18,17.304027557373047,18.437061309814453,17.260604858398438,18.32012367248535,11.056371688842773,2626378
2015-03-19,18.411312103271484,18.93238639831543,18.35051918029785,18.532896041870117,11.184784889221191,2180003
2015-03-20,18.67184829711914,18.93238639831543,18.089981079101562,18.906333923339844,11.410158157348633,2420199
2015-03-23,18.95844078063965,18.980152130126953,18.780406951904297,18.810802459716797,11.352502822875977,1421864
2015-03-24,18.75921630859375,18.88896369934082,18.550264358520508,18.619741439819336,11.23719596862793,1175582
2015-03-25,18.619741439819336,18.719614028930664,17.1781005859375,17.473377227783203,10.545354843139648,2079966
2015-03-26,17.36916160583496,17.564565658569336,17.073930740356445,17.360477447509766,10.477215766906738,947866
2015-03-27,17.36482048034668,17.590618133544922,16.908878326416016,17.32573890686035,10.456253051757812,1590623
2015-03-30,17.36482048034668,17.68614959716797,17.35613441467285,17.51245880126953,10.568941116333008,1136897
2015-03-31,17.41258430480957,17.54285430908203,16.96967124938965,17.490745544433594,10.555838584899902,1483076
2015-04-01,17.434295654296875,17.68614959716797,17.07388687133789,17.67312240600586,10.665902137756348,1131644
2015-04-02,17.803390502929688,18.06827163696289,17.566736221313477,17.655752182006836,10.65541934967041,813439
2015-04-06,17.577592849731445,17.946687698364258,17.403900146484375,17.651411056518555,10.652798652648926,789997
2015-04-07,17.7056884765625,17.73391342163086,17.360477447509766,17.36482048034668,10.479839324951172,893302
2015-04-08,17.247577667236328,17.70351791381836,17.247577667236328,17.694833755493164,10.679003715515137,892641
2015-04-09,17.699176788330078,17.872867584228516,17.317054748535156,17.560222625732422,10.597764015197754,804174
2015-04-10,17.647069931030273,17.781679153442383,17.40824317932129,17.54285430908203,10.587286949157715,804819
2015-04-13,17.54285430908203,17.555879592895508,17.195470809936523,17.35613441467285,10.474596977233887,1122587
2015-04-14,17.35613441467285,17.4516658782959,16.804664611816406,16.835060119628906,10.160125732421875,1402552
2015-04-15,16.852428436279297,17.06085968017578,16.8133487701416,16.817691802978516,10.149640083312988,1255832
2015-04-16,16.726503372192383,16.878482818603516,16.348724365234375,16.422542572021484,9.911165237426758,1619412
2015-04-17,16.287931442260742,16.63531494140625,16.170690536499023,16.557153701782227,9.992403030395508,1302448
2015-04-20,16.65268325805664,16.82550621032715,16.544126510620117,16.76558494567871,10.118194580078125,926771
2015-04-21,16.83262825012207,17.260604858398438,16.817691802978516,17.125993728637695,10.335700988769531,823427
2015-04-22,17.183746337890625,17.390872955322266,17.071714401245117,17.299684524536133,10.440532684326172,968806
2015-04-23,17.33876609802246,17.34306526184082,16.895851135253906,17.182443618774414,10.369770050048828,685405
2015-04-24,17.21279525756836,17.21279525756836,16.557153701782227,16.674394607543945,10.06316089630127,732005
2015-04-27,16.674394607543945,17.056516647338867,16.515901565551758,16.583206176757812,10.00813102722168,963357
2015-04-28,16.60274887084961,16.735187530517578,16.188058853149414,16.287931442260742,9.829924583435059,1595950
2015-04-29,16.188058853149414,16.37477684020996,16.092529296875,16.222797393798828,9.790617942810059,1107286
2015-04-30,16.11493492126465,16.19674301147461,15.454212188720703,15.680010795593262,9.463038444519043,1724313
2015-05-01,15.929258346557617,16.170690536499023,15.758172035217285,16.101213455200195,9.717241287231445,1860126
2015-05-04,16.20977020263672,16.40083122253418,16.105554580688477,16.257535934448242,9.811582565307617,1181051
2015-05-05,16.1533203125,16.188058853149414,15.623560905456543,15.827649116516113,9.552138328552246,1840572
2015-05-06,16.500703811645508,17.447322845458984,16.292274475097656,16.60491943359375,10.021231651306152,2521991
2015-05-07,16.552810668945312,16.8437442779541,16.201086044311523,16.67873764038086,10.065784454345703,1228199
2015-05-08,16.800321578979492,17.026121139526367,16.713476181030273,16.7829532623291,10.128678321838379,1002710
2015-05-11,16.7829532623291,16.98703956604004,16.713476181030273,16.830717086791992,10.157502174377441,574749
2015-05-12,16.960987091064453,17.256261825561523,16.830717086791992,17.06085968017578,10.296394348144531,1925232
2015-05-13,17.238849639892578,17.260604858398438,17.026121139526367,17.078227996826172,10.306879997253418,1446490
2015-05-14,17.17375946044922,17.256261825561523,16.947959899902344,17.108625411987305,10.325223922729492,1242056
2015-05-15,17.065202713012695,17.107799530029297,16.763412475585938,16.787294387817383,10.131298065185547,1108859
2015-05-18,16.761241912841797,16.945789337158203,16.70913314819336,16.895851135253906,10.196812629699707,1430661
2015-05-19,16.92624855041504,17.039148330688477,16.8133487701416,16.895851135253906,10.196812629699707,928390
2015-05-20,16.86632537841797,17.147705078125,16.800321578979492,16.947959899902344,10.228260040283203,788431
2015-05-21,16.93927574157715,16.947959899902344,16.748214721679688,16.848087310791016,10.167985916137695,824366
2015-05-22,16.774267196655273,16.93927574157715,16.67873764038086,16.822032928466797,10.274227142333984,532691
2015-05-26,16.696107864379883,16.743871688842773,16.37477684020996,16.539783477783203,10.101840019226074,698136
2015-05-27,16.54846954345703,17.09125518798828,16.5180721282959,16.995725631713867,10.38031005859375,567942
2015-05-28,17.108625411987305,17.108625411987305,16.63965606689453,16.88282585144043,10.31135368347168,883462
2015-05-29,16.86979866027832,17.00006675720215,16.683080673217773,16.739530563354492,10.223834991455078,562247
2015-06-01,16.91322135925293,17.11948013305664,16.505090713500977,17.004409790039062,10.385613441467285,830540
2015-06-02,16.887168884277344,16.934932708740234,16.583206176757812,16.761241912841797,10.237096786499023,975052
2015-06-03,16.874141693115234,16.91322135925293,16.691808700561523,16.7829532623291,10.250357627868652,820276
2015-06-04,16.6318416595459,16.978355407714844,16.6318416595459,16.830717086791992,10.279528617858887,612123
2015-06-05,16.696107864379883,16.848087310791016,16.544126510620117,16.743871688842773,10.226486206054688,614601
2015-06-08,16.62228775024414,16.86107063293457,16.46162223815918,16.465965270996094,10.056755065917969,1051755
2015-06-09,16.500703811645508,16.683080673217773,16.366092681884766,16.600576400756836,10.138969421386719,623099
2015-06-10,16.713476181030273,17.043489456176758,16.62862777709961,16.952302932739258,10.353789329528809,911081
2015-06-11,16.97401237487793,17.026121139526367,16.730844497680664,16.787294387817383,10.253008842468262,697859
2015-06-12,16.69176483154297,16.778610229492188,16.587549209594727,16.596233367919922,10.13631534576416,503370
2015-06-15,16.40083122253418,16.822032928466797,16.361751556396484,16.7829532623291,10.250357627868652,811719
2015-06-16,16.59189224243164,16.804664611816406,16.505046844482422,16.565837860107422,10.117751121520996,966261
2015-06-17,16.63097381591797,16.66571044921875,16.4876766204834,16.505046844482422,10.080623626708984,485391
2015-06-18,16.4268856048584,16.687421798706055,16.33135414123535,16.535442352294922,10.099187850952148,669204
2015-06-19,16.46162223815918,16.887168884277344,16.4268856048584,16.839401245117188,10.284832954406738,1768043
2015-06-22,16.839401245117188,17.230209350585938,16.839401245117188,17.147705078125,10.473132133483887,1304072
2015-06-23,17.171588897705078,17.273632049560547,16.934932708740234,17.199813842773438,10.504960060119629,789834
2015-06-24,17.06085968017578,17.171588897705078,17.013137817382812,17.095598220825195,10.441307067871094,583427
2015-06-25,17.065202713012695,17.21527099609375,17.00006675720215,17.112966537475586,10.45191764831543,619203
2015-06-26,17.039148330688477,17.108625411987305,16.509387969970703,16.613603591918945,10.146925926208496,2356684
2015-06-29,16.44425392150879,16.743871688842773,16.392147064208984,16.435569763183594,10.038189888000488,1343880
2015-06-30,16.61881446838379,16.626630783081055,16.41385841369629,16.492019653320312,10.072667121887207,1535942
2015-07-01,16.513731002807617,16.60926055908203,16.40517234802246,16.452938079833984,10.048798561096191,1253769
2015-07-02,16.42905616760254,16.613603591918945,16.41385841369629,16.539783477783203,10.101840019226074,672232
2015-07-06,16.43122673034668,16.586463928222656,16.384634017944336,16.392147064208984,10.011669158935547,1119540
2015-07-07,16.392147064208984,16.435569763183594,15.84501838684082,16.348724365234375,9.985147476196289,1096573
2015-07-08,16.201086044311523,16.292274475097656,15.810279846191406,15.866728782653809,9.69076156616211,1282251
2015-07-09,16.040420532226562,16.118581771850586,15.528031349182129,15.588823318481445,9.521031379699707,943227
2015-07-10,15.831991195678711,15.831991195678711,15.467239379882812,15.601849555969238,9.528985023498535,1094576
2015-07-13,15.67132568359375,15.853702545166016,15.567111015319824,15.74948787689209,9.619156837463379,708971
2015-07-14,15.788567543029785,15.792909622192383,15.558426856994629,15.67132568359375,9.571418762207031,709197
2015-07-15,15.632246017456055,15.71909236907959,15.410788536071777,15.484607696533203,9.457379341125488,544981
2015-07-16,15.575796127319336,15.575796127319336,15.263151168823242,15.423815727233887,9.420249938964844,860815
2015-07-17,15.423815727233887,15.47158145904541,15.158935546875,15.410788536071777,9.412291526794434,1226695
2015-07-20,15.567111015319824,15.593121528625488,15.237096786499023,15.263151168823242,9.322121620178223,779855
2015-07-21,15.228412628173828,15.402104377746582,15.202618598937988,15.349996566772461,9.375164985656738,1225512
2015-07-22,15.150251388549805,15.291376113891602,14.963533401489258,15.211044311523438,9.290298461914062,761724
2015-07-23,15.211044311523438,15.554083824157715,15.158935546875,15.198017120361328,9.282339096069336,534291
2015-07-24,15.167620658874512,15.250123977661133,15.006956100463867,15.041693687438965,9.186866760253906,746101
2015-07-27,14.907082557678223,15.124197959899902,14.729048728942871,14.937479019165039,9.123214721679688,646108
2015-07-28,14.95919132232666,15.193674087524414,14.75597095489502,15.015640258789062,9.170953750610352,761598
2015-07-29,14.998270988464355,15.011298179626465,14.75510311126709,14.872344970703125,9.083434104919434,997945
2015-07-30,14.772472381591797,15.423381805419922,14.772472381591797,15.271836280822754,9.32742691040039,1155926
2015-07-31,15.224069595336914,15.224069595336914,14.876687049865723,15.050378799438477,9.192171096801758,1395915
2015-08-03,15.037351608276367,15.17196273803711,14.885372161865234,15.041693687438965,9.186866760253906,1714044
2015-08-04,16.062131881713867,17.347450256347656,15.927520751953125,16.47464942932129,10.062055587768555,3054226
2015-08-05,16.570180892944336,16.756898880004883,15.879755973815918,15.914495468139648,9.71993637084961,1719827
2015-08-06,15.996997833251953,16.201086044311523,15.745144844055176,15.892783164978027,9.706677436828613,921347
2015-08-07,15.836333274841309,16.070817947387695,15.667027473449707,16.03607940673828,9.794196128845215,748717
2015-08-10,16.06647491455078,16.274904251098633,15.74948787689209,15.853702545166016,9.682806968688965,1509178
2015-08-11,15.784226417541504,15.87541389465332,15.575796127319336,15.666983604431152,9.568766593933105,1523972
2015-08-12,15.65395736694336,15.65395736694336,15.276178359985352,15.449869155883789,9.436162948608398,1224095
2015-08-13,15.4585542678833,15.593165397644043,15.098143577575684,15.111170768737793,9.22929859161377,769398
2015-08-14,15.03300952911377,15.102485656738281,14.789840698242188,15.015640258789062,9.170953750610352,827125
2015-08-17,14.998270988464355,15.441184997558594,14.941821098327637,15.380393028259277,9.393728256225586,873912
2015-08-18,15.380393028259277,15.389077186584473,14.998270988464355,15.019983291625977,9.173604965209961,657933
2015-08-19,14.972217559814453,15.176304817199707,14.811553001403809,14.980901718139648,9.149736404418945,530689
2015-08-20,14.859317779541016,14.868002891540527,14.438116073608398,14.442458152770996,8.820878028869629,1084936
2015-08-21,14.22968578338623,14.685626029968262,14.168893814086914,14.310017585754395,8.739989280700684,987041
2015-08-24,13.765061378479004,14.238369941711426,13.296092987060547,13.708610534667969,8.372671127319336,1384667
2015-08-25,14.116786003112793,14.325173377990723,13.808484077453613,13.877960205078125,8.476103782653809,1346991
2015-08-26,14.116786003112793,14.377324104309082,13.947437286376953,14.333901405334473,8.882582664489746,1354176
2015-08-27,14.407719612121582,14.555357933044434,14.14718246459961,14.503250122070312,8.987527847290039,1316687
2015-08-28,14.364296913146973,14.542330741882324,14.155866622924805,14.316532135009766,8.871819496154785,1191064
2015-08-31,14.264424324035645,14.407719612121582,14.168893814086914,14.216658592224121,8.809928894042969,1203357
2015-09-01,13.973490715026855,14.275279998779297,13.917040824890137,13.999544143676758,8.675387382507324,1305108
2015-09-02,14.155866622924805,14.377324104309082,13.999544143676758,14.303504943847656,8.863747596740723,1333664
2015-09-03,14.36863899230957,14.655229568481445,14.364296913146973,14.529303550720215,9.00367259979248,1268425
2015-09-04,14.359954833984375,14.590096473693848,14.25574016571045,14.416403770446777,8.933709144592285,1022444
2015-09-08,14.681283950805664,15.072090148925781,14.472853660583496,15.019983291625977,9.30774211883545,1145648
2015-09-09,15.059062957763672,15.178476333618164,14.642203330993652,14.872344970703125,9.216254234313965,1308737
2015-09-10,14.88102912902832,15.150251388549805,14.707338333129883,15.098143577575684,9.35617446899414,1321118
2015-09-11,14.937479019165039,15.206701278686523,14.850632667541504,15.193674087524414,9.415374755859375,1354043
2015-09-14,15.26749324798584,15.462896347045898,14.950506210327148,14.972217559814453,9.278143882751465,832247
2015-09-15,14.980901718139648,15.1285400390625,14.963533401489258,14.97655963897705,9.280832290649414,1048299
2015-09-16,15.050378799438477,15.089415550231934,14.859317779541016,14.902741432189941,9.235085487365723,573372
2015-09-17,14.915767669677734,15.011298179626465,14.802867889404297,14.94616413116455,9.261999130249023,1232639
2015-09-18,14.7681303024292,15.354338645935059,14.7681303024292,15.215386390686035,9.428832054138184,1764462
2015-09-21,15.37605094909668,15.37605094909668,14.668256759643555,14.78549861907959,9.162432670593262,1270218
2015-09-22,14.620491981506348,14.668256759643555,14.294819831848145,14.355611801147461,8.896038055419922,882078
2015-09-23,14.320874214172363,14.403376579284668,14.171065330505371,14.207974433898926,8.804548263549805,716531
2015-09-24,14.160208702087402,14.340414047241211,14.02559757232666,14.307847023010254,8.866437911987305,843379
2015-09-25,14.468511581420898,14.475025177001953,14.216658592224121,14.312189102172852,8.869128227233887,723456
2015-09-28,14.238369941711426,14.28613567352295,14.00736141204834,14.042966842651367,8.702296257019043,656068
2015-09-29,14.03862476348877,14.114615440368652,13.904013633728027,14.003887176513672,8.678075790405273,1055095
2015-09-30,14.155866622924805,14.238369941711426,13.98217487335205,14.073363304138184,8.72113037109375,2106864
2015-10-01,14.021256446838379,14.082048416137695,13.678215026855469,13.89967155456543,8.613496780395508,1381045
2015-10-02,13.786771774291992,14.260082244873047,13.547945976257324,14.21231746673584,8.807238578796387,893813
2015-10-05,13.864933013916016,14.234027862548828,13.643477439880371,14.108101844787598,8.742657661437988,2330399
2015-10-06,14.17757797241211,14.418575286865234,13.999544143676758,14.160208702087402,8.774946212768555,949975
2015-10-07,14.277450561523438,14.772472381591797,14.19929027557373,14.763788223266602,9.148982048034668,1171227
2015-10-08,14.772472381591797,14.772472381591797,14.364296913146973,14.655229568481445,9.081706047058105,1017276
2015-10-09,14.65957260131836,14.759445190429688,14.372981071472168,14.425088882446289,8.939091682434082,726089
2015-10-12,14.442458152770996,14.607464790344238,14.329559326171875,14.485880851745605,8.976764678955078,954542
2015-10-13,14.36863899230957,14.650888442993164,14.329559326171875,14.333901405334473,8.882582664489746,580458
2015-10-14,14.359954833984375,14.685626029968262,14.303504943847656,14.442458152770996,8.949857711791992,983510
2015-10-15,14.416403770446777,14.546672821044922,14.168893814086914,14.438116073608398,8.947163581848145,1612667
2015-10-16,14.468511581420898,14.579239845275879,14.355611801147461,14.38166618347168,8.912182807922363,1150390
2015-10-19,14.38166618347168,14.477195739746094,14.173235893249512,14.472853660583496,8.968689918518066,1423497
2015-10-20,14.472853660583496,14.833264350891113,14.399035453796387,14.802867889404297,9.173200607299805,647036
2015-10-21,14.95919132232666,15.047989845275879,14.55101490020752,14.555357933044434,9.019816398620605,658901
2015-10-22,14.633519172668457,14.889714241027832,14.633519172668457,14.846290588378906,9.200106620788574,726519
2015-10-23,14.980901718139648,15.067748069763184,14.781156539916992,15.067748069763184,9.337339401245117,601896
2015-10-26,14.993928909301758,15.080731391906738,14.863659858703613,14.980901718139648,9.283524513244629,443880
2015-10-27,14.954848289489746,15.046035766601562,14.863659858703613,14.97655963897705,9.280832290649414,653714
2015-10-28,15.024325370788574,15.536714553833008,14.98741626739502,15.519346237182617,9.617191314697266,933154
2015-10-29,15.380393028259277,15.447697639465332,14.88641357421875,15.132882118225098,9.377705574035645,512991
2015-10-30,15.154594421386719,15.312522888183594,15.102485656738281,15.184989929199219,9.409995079040527,654564
2015-11-02,15.224069595336914,15.584481239318848,15.080775260925293,15.541057586669922,9.630648612976074,813457
2015-11-03,15.449869155883789,15.714749336242676,15.371707916259766,15.623560905456543,9.68177318572998,921909
2015-11-04,15.849360466003418,16.44425392150879,15.723434448242188,15.962260246276855,9.891658782958984,1803504
2015-11-05,16.00568389892578,16.04910659790039,14.926623344421387,14.94616413116455,9.261999130249023,1310094
2015-11-06,14.94616413116455,15.159370422363281,14.637861251831055,14.702996253967285,9.111309051513672,1788733
2015-11-09,14.633519172668457,14.75510311126709,14.546672821044922,14.61614990234375,9.057488441467285,873981
2015-11-10,14.55101490020752,14.71168041229248,14.338242530822754,14.524962425231934,9.000981330871582,1129256
2015-11-11,14.577069282531738,14.58575439453125,14.294819831848145,14.333901405334473,8.882582664489746,985466
2015-11-12,14.342584609985352,14.503250122070312,14.17757797241211,14.190605163574219,8.793785095214844,791830
2015-11-13,14.121129035949707,14.312189102172852,14.095074653625488,14.155866622924805,8.772255897521973,702619
2015-11-16,14.190605163574219,14.307847023010254,13.990859985351562,14.203632354736328,8.801854133605957,1376826
2015-11-17,14.260082244873047,14.260082244873047,13.917040824890137,13.930068016052246,8.632329940795898,1170803
2015-11-18,13.860590934753418,14.168893814086914,13.68690013885498,14.138498306274414,8.761493682861328,1158704
2015-11-19,14.168893814086914,14.181921005249023,13.886645317077637,13.89967155456543,8.613496780395508,821064
2015-11-20,13.943095207214355,14.338242530822754,13.868189811706543,13.98217487335205,8.79111385345459,1084330
2015-11-23,14.00822925567627,14.246925354003906,13.95177936553955,13.973490715026855,8.785653114318848,779758
2015-11-24,13.882303237915039,14.003887176513672,13.721637725830078,13.912698745727539,8.747435569763184,818211
2015-11-25,13.908355712890625,14.121129035949707,13.860590934753418,14.055994033813477,8.83752727508545,564637
2015-11-27,14.03862476348877,14.22968578338623,14.00822925567627,14.216658592224121,8.938544273376465,282588
2015-11-30,14.186263084411621,14.186263084411621,13.808484077453613,13.830195426940918,8.695557594299316,1756890
2015-12-01,13.930068016052246,14.655229568481445,13.921382904052734,14.62917709350586,9.197906494140625,2269306
2015-12-02,14.668256759643555,14.802867889404297,14.546672821044922,14.65957260131836,9.217021942138672,841079
2015-12-03,14.65957260131836,14.720364570617676,14.21231746673584,14.21231746673584,8.935812950134277,902560
2015-12-04,14.194948196411133,14.720364570617676,14.194948196411133,14.61614990234375,9.189719200134277,653698
2015-12-07,14.559700012207031,14.763788223266602,14.25574016571045,14.36863899230957,9.034100532531738,724762
2015-12-08,14.207974433898926,14.386008262634277,14.108101844787598,14.264424324035645,8.968575477600098,710355
2015-12-09,14.173235893249512,14.36646842956543,14.073363304138184,14.086389541625977,8.85663890838623,678885
2015-12-10,14.082048416137695,14.329559326171875,13.990859985351562,14.021256446838379,8.815688133239746,989252
2015-12-11,13.786771774291992,14.086389541625977,13.786771774291992,13.921382904052734,8.75289535522461,1038230
2015-12-14,13.943095207214355,14.086389541625977,13.858420372009277,14.012571334838867,8.81022834777832,939230
2015-12-15,14.155866622924805,14.320874214172363,13.971320152282715,14.260082244873047,8.965845108032227,794870
2015-12-16,14.281792640686035,14.281792640686035,14.003887176513672,14.14718246459961,8.89486026763916,563810
2015-12-17,14.194948196411133,14.268766403198242,13.747692108154297,13.747692108154297,8.64369010925293,670770
2015-12-18,13.68690013885498,13.808484077453613,13.517550468444824,13.669529914855957,8.59454345703125,2054019
2015-12-21,13.68690013885498,13.838879585266113,13.552288055419922,13.743349075317383,8.640958786010742,574263
2015-12-22,13.747692108154297,13.795456886291504,13.560712814331055,13.76071834564209,8.65187931060791,432716
2015-12-23,13.79111385345459,13.86927604675293,13.683643341064453,13.708610534667969,8.619115829467773,440479
2015-12-24,13.68690013885498,13.969147682189941,13.643477439880371,13.843221664428711,8.703750610351562,251975
2015-12-28,13.765061378479004,13.799798965454102,13.56270980834961,13.673872947692871,8.597275733947754,532124
2015-12-29,13.769403457641602,13.890987396240234,13.65216064453125,13.725979804992676,8.630036354064941,533628
2015-12-30,13.613080978393555,13.68690013885498,13.382939338684082,13.391624450683594,8.419815063476562,582826
2015-12-31,13.287408828735352,13.375687599182129,13.026870727539062,13.031213760375977,8.19321060180664,794868
2016-01-04,12.753307342529297,12.775017738342285,12.458030700683594,12.718568801879883,7.996637344360352,1069739
2016-01-05,12.775017738342285,12.775017738342285,12.462373733520508,12.562246322631836,7.898352146148682,546564
2016-01-06,12.4450044631958,12.662118911743164,12.310393333435059,12.414608001708984,7.80552864074707,773762
2016-01-07,12.206177711486816,12.423293113708496,12.01945972442627,12.188809394836426,7.663558483123779,886962
2016-01-08,12.19315242767334,12.36250114440918,11.832740783691406,11.85011100769043,7.450608253479004,833999
2016-01-11,11.897875785827637,11.997748374938965,11.698129653930664,11.811030387878418,7.426033973693848,893602
2016-01-12,11.928272247314453,12.427635192871094,11.763264656066895,12.036828994750977,7.568004131317139,692788
2016-01-13,12.049856185913086,12.13235855102539,11.58957290649414,11.637337684631348,7.316829204559326,584620
2016-01-14,11.719841957092285,12.01945972442627,11.611285209655762,11.915245056152344,7.4915595054626465,864470
2016-01-15,11.550493240356445,11.776291847229004,11.424566268920898,11.732869148254395,7.376893997192383,993450
2016-01-19,11.828398704528809,11.871822357177734,11.481016159057617,11.74155330657959,7.38235330581665,970556
2016-01-20,11.593914985656738,12.045514106750488,11.39851188659668,11.893532752990723,7.477908134460449,1108891
2016-01-21,11.893532752990723,12.015117645263672,11.60260009765625,11.802345275878906,7.420574188232422,981325
2016-01-22,11.958667755126953,12.1453857421875,11.906559944152832,11.941299438476562,7.507938385009766,1341660
2016-01-25,11.910902976989746,12.266969680786133,11.76977825164795,11.98906421661377,7.537976264953613,1307052
2016-01-26,12.010774612426758,12.245259284973145,11.85011100769043,12.240917205810547,7.696322441101074,680783
2016-01-27,12.22354793548584,12.332104682922363,11.962141990661621,12.19315242767334,7.666290760040283,867523
2016-01-28,12.288681983947754,12.353816032409668,12.049856185913086,12.188809394836426,7.663558483123779,653157
2016-01-29,12.084593772888184,12.51882266998291,12.084593772888184,12.514480590820312,7.868320465087891,1301119
2016-02-01,12.405923843383789,12.644749641418457,12.345131874084473,12.405923843383789,7.8000664710998535,768691
2016-02-02,12.297367095947266,12.397238731384277,12.071566581726074,12.110648155212402,7.614419937133789,681262
2016-02-03,12.844494819641113,12.909628868103027,11.802345275878906,12.4753999710083,7.843749046325684,1767214
2016-02-04,12.540534973144531,12.996475219726562,12.540534973144531,12.840152740478516,8.07308292388916,1232414
2016-02-05,12.705541610717773,12.727252960205078,11.984722137451172,11.98906421661377,7.537976264953613,1214727
2016-02-08,11.884848594665527,12.106306076049805,11.702472686767578,12.045514106750488,7.5734663009643555,1101409
2016-02-09,11.884848594665527,12.13235855102539,11.667734146118164,11.884848594665527,7.47244930267334,1083338
2016-02-10,11.958667755126953,12.093278884887695,11.550493240356445,11.572203636169434,7.275876522064209,1037622
2016-02-11,11.50706958770752,11.685104370117188,11.381142616271973,11.546150207519531,7.259496212005615,1544905
2016-02-12,11.663392066955566,11.74155330657959,11.482623100280762,11.537466049194336,7.254036903381348,3543182
2016-02-16,11.650364875793457,12.188809394836426,11.598258018493652,12.036828994750977,7.568004131317139,1804190
2016-02-17,12.1453857421875,12.31907844543457,12.067225456237793,12.12801742553711,7.625337600708008,1253729
2016-02-18,12.201835632324219,12.486255645751953,11.61936092376709,12.21052074432373,7.677210807800293,1218200
2016-02-19,12.18012523651123,12.479743003845215,12.18012523651123,12.206177711486816,7.674479961395264,1090560
2016-02-22,12.184467315673828,12.384211540222168,11.98906421661377,12.249601364135742,7.830078601837158,1349693
2016-02-23,12.13235855102539,12.56658935546875,12.01516056060791,12.405923843383789,7.930002212524414,1385563
2016-02-24,12.258286476135254,12.744622230529785,12.258286476135254,12.679488182067871,8.104866981506348,1182470
2016-02-25,12.653433799743652,12.744622230529785,12.579614639282227,12.744622230529785,8.146503448486328,804895
2016-02-26,12.805415153503418,12.857522010803223,12.575272560119629,12.58395767211914,8.043806076049805,695685
2016-02-29,12.618696212768555,12.909628868103027,12.618696212768555,12.801072120666504,8.182583808898926,1424681
2016-03-01,12.870549201965332,13.200563430786133,12.809757232666016,13.170166969299316,8.4185152053833,966982
2016-03-02,13.144112586975098,13.226616859436035,13.002988815307617,13.06595230102539,8.351901054382324,838073
2016-03-03,13.113717079162598,13.195005416870117,12.909628868103027,13.013843536376953,8.318589210510254,805689
2016-03-04,12.909628868103027,13.118059158325195,12.853179931640625,13.026870727539062,8.326916694641113,713100
2016-03-07,12.935683250427246,13.126744270324707,12.92699909210205,13.118059158325195,8.385208129882812,597352
2016-03-08,13.087662696838379,13.087662696838379,12.688173294067383,12.718568801879883,8.12984848022461,1006563
2016-03-09,12.705541610717773,13.005160331726074,12.701199531555176,12.89225959777832,8.240869522094727,591367
2016-03-10,12.966078758239746,13.009502410888672,12.666460990905762,12.7793607711792,8.168708801269531,489375
2016-03-11,12.866207122802734,13.083320617675781,12.76633358001709,13.070294380187988,8.35467529296875,581430
2016-03-14,13.009502410888672,13.057267189025879,12.89225959777832,12.996475219726562,8.307487487792969,502773
2016-03-15,12.987791061401367,13.257013320922852,12.913537979125977,13.052925109863281,8.343571662902832,766077
2016-03-16,13.031213760375977,13.165824890136719,12.900944709777832,12.974763870239258,8.293612480163574,777105
2016-03-17,12.961736679077148,13.595710754394531,12.89225959777832,13.491496086120605,8.62391185760498,1101543
2016-03-18,13.543603897094727,13.699926376342773,13.456757545471191,13.500181198120117,8.629461288452148,1638692
2016-03-21,13.45241641998291,13.747692108154297,13.326489448547363,13.465442657470703,8.607255935668945,638434
2016-03-22,13.430704116821289,13.65216064453125,13.335173606872559,13.539261817932129,8.65444564819336,657627
2016-03-23,13.552288055419922,13.760675430297852,13.335173606872559,13.335173606872559,8.523988723754883,785509
2016-03-24,13.061610221862793,13.222273826599121,12.913971900939941,13.196221351623535,8.43517017364502,560515
2016-03-28,13.209247589111328,13.227875709533691,13.009502410888672,13.139771461486816,8.39908504486084,615318
2016-03-29,13.083320617675781,13.478469848632812,13.039897918701172,13.461099624633789,8.604484558105469,790119
2016-03-30,13.500181198120117,13.587895393371582,13.369912147521973,13.474126815795898,8.612811088562012,444721
2016-03-31,13.435047149658203,13.534918785095215,13.374255180358887,13.461099624633789,8.604484558105469,571527
2016-04-01,13.309120178222656,13.500181198120117,13.230958938598633,13.422019958496094,8.579501152038574,729278
2016-04-04,13.430704116821289,13.4697847366333,13.222273826599121,13.456757545471191,8.601704597473145,762042
2016-04-05,13.374255180358887,13.461099624633789,13.187536239624023,13.191878318786621,8.432394027709961,642803
2016-04-06,13.196221351623535,13.287408828735352,13.052925109863281,13.23530101776123,8.460148811340332,428700
2016-04-07,13.139771461486816,13.148454666137695,12.872719764709473,12.94002628326416,8.271407127380371,585872
2016-04-08,13.048583030700684,13.178852081298828,13.018186569213867,13.161481857299805,8.412962913513184,506891
2016-04-11,13.139771461486816,13.500181198120117,13.078978538513184,13.105032920837402,8.376879692077637,556118
2016-04-12,13.135429382324219,13.217931747436523,12.95739459991455,12.987791061401367,8.3019380569458,752206
2016-04-13,13.078978538513184,13.274381637573242,13.022528648376465,13.274381637573242,8.485133171081543,857353
2016-04-14,13.26135540008545,13.26135540008545,12.835810661315918,13.026870727539062,8.326916694641113,1325466
2016-04-15,12.966078758239746,13.035555839538574,12.879233360290527,12.948710441589355,8.276956558227539,874794
2016-04-18,12.948710441589355,13.026870727539062,12.857522010803223,12.95739459991455,8.282506942749023,902668
2016-04-19,13.031213760375977,13.04423999786377,12.793255805969238,12.870549201965332,8.226994514465332,771079
2016-04-20,12.887918472290039,12.918313980102539,12.69251537322998,12.69251537322998,8.113194465637207,663272
2016-04-21,12.696857452392578,12.709883689880371,12.570931434631348,12.631723403930664,8.074336051940918,655766
2016-04-22,12.653433799743652,12.887918472290039,12.492770195007324,12.848836898803711,8.213117599487305,1250547
2016-04-25,12.809757232666016,12.822784423828125,12.570931434631348,12.657776832580566,8.090989112854004,936871
2016-04-26,12.740280151367188,12.92699909210205,12.727296829223633,12.90528678894043,8.249199867248535,748577
2016-04-27,12.922656059265137,13.087662696838379,12.857522010803223,13.031213760375977,8.329693794250488,1184642
2016-04-28,13.183194160461426,13.547945976257324,12.744622230529785,12.775017738342285,8.16593074798584,1319515
2016-04-29,12.709883689880371,12.709883689880371,12.405923843383789,12.471057891845703,7.971635818481445,1213822
2016-05-02,12.536191940307617,12.896602630615234,12.48842716217041,12.87489128112793,8.229772567749023,1530088
2016-05-03,13.491496086120605,14.203632354736328,13.367740631103516,13.461099624633789,8.604484558105469,2413627
2016-05-04,13.335173606872559,13.673872947692871,13.252670288085938,13.309120178222656,8.507333755493164,1780603
2016-05-05,13.38728141784668,13.521891593933105,13.191878318786621,13.204904556274414,8.440717697143555,958874
2016-05-06,13.204904556274414,13.317805290222168,13.013843536376953,13.226616859436035,8.454599380493164,859228
2016-05-09,13.170166969299316,13.296092987060547,13.04423999786377,13.12240219116211,8.387981414794922,1117829
2016-05-10,13.131086349487305,13.348200798034668,13.078413963317871,13.322147369384766,8.51566219329834,692005
2016-05-11,13.27872371673584,13.461099624633789,13.078978538513184,13.087662696838379,8.365775108337402,767753
2016-05-12,13.144112586975098,13.161481857299805,12.866207122802734,12.909628868103027,8.25197696685791,614818
2016-05-13,12.922656059265137,13.105032920837402,12.744622230529785,12.805415153503418,8.1853609085083,1015636
2016-05-16,12.775017738342285,13.215761184692383,12.666460990905762,13.15279769897461,8.40740966796875,1133079
2016-05-17,13.148454666137695,13.191878318786621,12.527507781982422,12.588299751281738,8.046579360961914,1728117
2016-05-18,12.562246322631836,12.935683250427246,12.562246322631836,12.783702850341797,8.171483993530273,725048
2016-05-19,12.753307342529297,13.157139778137207,12.688173294067383,12.883576393127441,8.235323905944824,924629
2016-05-20,12.896602630615234,13.339515686035156,12.896602630615234,13.252670288085938,8.604829788208008,773948
2016-05-23,13.31346321105957,13.461099624633789,13.230958938598633,13.274381637573242,8.618928909301758,834101
2016-05-24,13.430704116821289,13.8345365524292,13.384024620056152,13.8041410446167,8.96289348602295,929030
2016-05-25,13.873618125915527,13.873618125915527,13.487154006958008,13.639134407043457,8.855756759643555,931833
2016-05-26,13.66518783569336,13.734664916992188,13.60873794555664,13.699926376342773,8.89522933959961,487521
2016-05-27,13.68690013885498,13.890987396240234,13.682557106018066,13.843221664428711,8.988268852233887,665835
2016-05-31,13.873618125915527,14.086389541625977,13.730321884155273,14.012571334838867,9.098225593566895,1745937
2016-06-01,14.003887176513672,14.503250122070312,13.925724983215332,14.425088882446289,9.366069793701172,1293202
2016-06-02,14.342584609985352,14.342584609985352,13.943095207214355,14.160208702087402,9.194086074829102,1411704
2016-06-03,14.17757797241211,14.201460838317871,13.823637962341309,14.051651954650879,9.1235990524292,617107
2016-06-06,14.03862476348877,14.277450561523438,13.943095207214355,14.216658592224121,9.23073959350586,615209
2016-06-07,14.281792640686035,14.425088882446289,14.218830108642578,14.251397132873535,9.253294944763184,750808
2016-06-08,14.234027862548828,14.344757080078125,14.112443923950195,14.260082244873047,9.258931159973145,857434
2016-06-09,14.160208702087402,14.294169425964355,14.077706336975098,14.234027862548828,9.242015838623047,1032487
2016-06-10,14.060336112976074,14.324348449707031,13.960463523864746,13.98217487335205,9.078489303588867,508307
2016-06-13,13.934410095214844,14.168893814086914,13.882303237915039,13.977832794189453,9.075669288635254,550637
2016-06-14,13.908355712890625,14.00822925567627,13.786771774291992,13.917040824890137,9.036198616027832,545555
2016-06-15,13.969147682189941,13.98217487335205,13.743349075317383,13.752034187316895,8.929061889648438,525126
2016-06-16,13.63479232788086,13.778087615966797,13.461099624633789,13.691242218017578,8.889589309692383,541518
2016-06-17,13.712952613830566,13.778087615966797,13.296092987060547,13.426362037658691,8.717605590820312,1745696
2016-06-20,13.626107215881348,13.8041410446167,13.626107215881348,13.691242218017578,8.889589309692383,560340
2016-06-21,13.730321884155273,13.838879585266113,13.513208389282227,13.647818565368652,8.861392974853516,636611
2016-06-22,13.643477439880371,13.890987396240234,13.585419654846191,13.730321884155273,8.914963722229004,743409
2016-06-23,13.830195426940918,14.108101844787598,13.732494354248047,14.108101844787598,9.160253524780273,636203
2016-06-24,13.487154006958008,13.765061378479004,13.283065795898438,13.287408828735352,8.627386093139648,969380
2016-06-27,13.157139778137207,13.27872371673584,12.76633358001709,12.796730041503906,8.308791160583496,945632
2016-06-28,12.896602630615234,13.06595230102539,12.614354133605957,12.922656059265137,8.390556335449219,606463
2016-06-29,13.06595230102539,13.183194160461426,12.900944709777832,12.935683250427246,8.399012565612793,819380
2016-06-30,12.961736679077148,13.304778099060059,12.92048454284668,13.304778099060059,8.63866138458252,1180634
2016-07-01,13.26569652557373,13.45241641998291,13.105032920837402,13.31346321105957,8.644299507141113,700349
2016-07-05,13.213589668273926,13.215761184692383,12.827125549316406,12.948710441589355,8.407470703125,546955
2016-07-06,12.827125549316406,13.035555839538574,12.731595993041992,12.835810661315918,8.33416748046875,832618
2016-07-07,12.900944709777832,13.057267189025879,12.857522010803223,12.918313980102539,8.387735366821289,610240
2016-07-08,13.070294380187988,13.365570068359375,13.052925109863281,13.339515686035156,8.66121768951416,530924
2016-07-11,13.365570068359375,13.534918785095215,13.330831527709961,13.521891593933105,8.779633522033691,537753
2016-07-12,13.613080978393555,13.808484077453613,13.504523277282715,13.756376266479492,8.931879997253418,587388
2016-07-13,13.830195426940918,13.882303237915039,13.730321884155273,13.843221664428711,8.988268852233887,652326
2016-07-14,13.938752174377441,13.988992691040039,13.734664916992188,13.79111385345459,8.954435348510742,518611
2016-07-15,13.817168235778809,13.904013633728027,13.556631088256836,13.873618125915527,9.008007049560547,529298
2016-07-18,13.99520206451416,14.046875,13.917040824890137,13.921382904052734,9.039020538330078,454838
2016-07-19,13.912698745727539,14.012571334838867,13.838879585266113,13.990859985351562,9.084129333496094,671650
2016-07-20,14.03862476348877,14.221000671386719,13.925724983215332,14.194948196411133,9.216638565063477,593440
2016-07-21,14.221000671386719,14.221000671386719,13.921382904052734,14.099416732788086,9.154613494873047,926890
2016-07-22,14.047309875488281,14.047309875488281,13.712952613830566,13.808484077453613,8.965715408325195,862699
2016-07-25,13.843221664428711,13.925724983215332,13.773744583129883,13.904013633728027,9.027740478515625,676216
2016-07-26,13.890987396240234,14.069021224975586,13.82585334777832,14.064679145812988,9.132059097290039,856043
2016-07-27,14.029939651489258,14.16455078125,13.990859985351562,14.121129035949707,9.168710708618164,713851
2016-07-28,14.116786003112793,14.129813194274902,13.925724983215332,13.934410095214844,9.047473907470703,570070
2016-07-29,13.95177936553955,14.00822925567627,13.821511268615723,13.956122398376465,9.06157398223877,803762
2016-08-01,13.99520206451416,14.168893814086914,13.917040824890137,14.168893814086914,9.199723243713379,802919
2016-08-02,14.112443923950195,14.1341552734375,13.851906776428223,13.925724983215332,9.041837692260742,990230
2016-08-03,13.070294380187988,13.500181198120117,12.55356216430664,13.4697847366333,8.745800971984863,2722047
2016-08-04,13.500181198120117,13.678215026855469,13.448074340820312,13.600053787231445,8.830381393432617,1160378
2016-08-05,13.678215026855469,13.904013633728027,13.65216064453125,13.864933013916016,9.002366065979004,883372
2016-08-08,13.86927604675293,13.960463523864746,13.838879585266113,13.917040824890137,9.036198616027832,694658
2016-08-09,13.89967155456543,13.986517906188965,13.782429695129395,13.947437286376953,9.05593490600586,1287212
2016-08-10,13.95177936553955,13.999544143676758,13.8345365524292,13.95177936553955,9.058751106262207,976415
2016-08-11,13.973490715026855,14.082048416137695,13.945265769958496,13.947437286376953,9.05593490600586,658265
2016-08-12,13.921382904052734,14.034282684326172,13.917040824890137,14.016914367675781,9.101045608520508,626957
2016-08-15,13.938752174377441,14.28613567352295,13.938752174377441,14.216658592224121,9.23073959350586,844427
2016-08-16,14.155866622924805,14.25574016571045,14.114615440368652,14.125471115112305,9.171529769897461,752793
2016-08-17,14.069021224975586,14.260082244873047,13.908790588378906,14.17757797241211,9.205362319946289,1135331
2016-08-18,14.108101844787598,14.346927642822266,14.069021224975586,14.333901405334473,9.440031051635742,736604
2016-08-19,14.342584609985352,14.459827423095703,14.247055053710938,14.260082244873047,9.3914155960083,895071
2016-08-22,14.17757797241211,14.307847023010254,13.877960205078125,14.307847023010254,9.422872543334961,984535
2016-08-23,14.407719612121582,14.490222930908203,14.377324104309082,14.446800231933594,9.514383316040039,630457
2016-08-24,14.477195739746094,14.516277313232422,14.41206169128418,14.455485343933105,9.520102500915527,957338
2016-08-25,14.399035453796387,14.607464790344238,14.342584609985352,14.568384170532227,9.594454765319824,571914
2016-08-26,14.581411361694336,14.676941871643066,14.464170455932617,14.642203330993652,9.643071174621582,681423
2016-08-29,14.646546363830566,14.833264350891113,14.633519172668457,14.689969062805176,9.674529075622559,947852
2016-08-30,14.702996253967285,14.889714241027832,14.598780632019043,14.624834060668945,9.631634712219238,573920
2016-08-31,14.650888442993164,14.724706649780273,14.494565963745117,14.564042091369629,9.591597557067871,696782
2016-09-01,14.559700012207031,14.689969062805176,14.066415786743164,14.637861251831055,9.640213966369629,618887
2016-09-02,14.681283950805664,14.694311141967773,14.529303550720215,14.672598838806152,9.663091659545898,518634
2016-09-06,14.676941871643066,14.724706649780273,14.485880851745605,14.668256759643555,9.660231590270996,634285
2016-09-07,14.716021537780762,14.746417999267578,14.598780632019043,14.737733840942383,9.7059907913208,632212
2016-09-08,14.707338333129883,14.737733840942383,14.516277313232422,14.642203330993652,9.643071174621582,389008
2016-09-09,14.498908042907715,14.53798770904541,14.420746803283691,14.481538772583008,9.537261962890625,982060
2016-09-12,14.425088882446289,14.58575439453125,14.305676460266113,14.581411361694336,9.603034973144531,856167
2016-09-13,14.511935234069824,14.697394371032715,14.342584609985352,14.359954833984375,9.45719051361084,1044289
2016-09-14,14.394693374633789,14.394693374633789,13.99520206451416,14.129813194274902,9.305624008178711,713888
2016-09-15,14.16455078125,14.425088882446289,13.990859985351562,14.420746803283691,9.497224807739258,513113
2016-09-16,14.468511581420898,14.55101490020752,14.190605163574219,14.52061939239502,9.562997817993164,1537389
2016-09-19,14.564042091369629,14.7681303024292,14.516277313232422,14.53798770904541,9.574438095092773,474652
2016-09-20,14.637861251831055,15.410788536071777,14.594437599182129,15.319601058959961,10.089192390441895,2402397
2016-09-21,15.371707916259766,16.127267837524414,15.371707916259766,16.118581771850586,10.615386009216309,2410453
2016-09-22,16.717817306518555,16.88282585144043,16.46162223815918,16.674394607543945,10.981436729431152,2153174
2016-09-23,16.69176483154297,16.69176483154297,16.244508743286133,16.40083122253418,10.801271438598633,1285448
2016-09-26,16.335697174072266,16.56453514099121,16.322669982910156,16.38780403137207,10.792691230773926,804098
2016-09-27,16.483335494995117,16.500703811645508,16.353065490722656,16.41819953918457,10.812710762023926,683998
2016-09-28,16.44859504699707,16.700448989868164,16.318328857421875,16.557153701782227,10.90422248840332,798334
2016-09-29,16.570180892944336,16.613603591918945,16.353065490722656,16.557153701782227,10.90422248840332,656996
2016-09-30,16.66571044921875,16.743871688842773,16.392147064208984,16.69176483154297,10.992876052856445,1077668
2016-10-03,16.67873764038086,16.88282585144043,16.583206176757812,16.830717086791992,11.084386825561523,1104672
2016-10-04,16.817691802978516,17.043489456176758,16.70913314819336,16.908878326416016,11.135858535766602,1450338
2016-10-05,16.934932708740234,17.147705078125,16.839401245117188,16.874141693115234,11.112982749938965,1384225
2016-10-06,16.82637596130371,17.013093948364258,16.82637596130371,16.978355407714844,11.18161678314209,668004
2016-10-07,16.96967124938965,17.021778106689453,16.717817306518555,16.94361686706543,11.15873908996582,1039375
2016-10-10,16.88282585144043,17.13033676147461,16.861114501953125,17.069543838500977,11.241669654846191,626367
2016-10-11,17.052175521850586,17.052175521850586,16.587549209594727,16.735187530517578,11.021469116210938,1428681
2016-10-12,16.791637420654297,16.791637420654297,16.583206176757812,16.63097381591797,10.952837944030762,730605
2016-10-13,16.483335494995117,16.492019653320312,16.287931442260742,16.409515380859375,10.806989669799805,703214
2016-10-14,16.44425392150879,16.61794662475586,16.35740852355957,16.422542572021484,10.815572738647461,492353
2016-10-17,16.392147064208984,16.522415161132812,16.261877059936523,16.283588409423828,10.724059104919434,424490
2016-10-18,16.522415161132812,16.522415161132812,16.261877059936523,16.392147064208984,10.795549392700195,912053
2016-10-19,16.348724365234375,16.60926055908203,16.24016571044922,16.478992462158203,10.852745056152344,871883
2016-10-20,16.41385841369629,16.500703811645508,16.218454360961914,16.24016571044922,10.695459365844727,626888
2016-10-21,16.19674301147461,16.348724365234375,16.131608963012695,16.19674301147461,10.666865348815918,801514
2016-10-24,16.305301666259766,16.565837860107422,16.283588409423828,16.500703811645508,10.867043495178223,552277
2016-10-25,16.41385841369629,16.544126510620117,16.218454360961914,16.283588409423828,10.724059104919434,707304
2016-10-26,16.218454360961914,16.283588409423828,16.10989761352539,16.131608963012695,10.623967170715332,728318
2016-10-27,16.283588409423828,16.41385841369629,16.088186264038086,16.10989761352539,10.60966968536377,645451
2016-10-28,16.1533203125,16.305301666259766,16.03390884399414,16.10989761352539,10.60966968536377,522410
2016-10-31,16.088186264038086,16.131608963012695,15.892783164978027,16.10989761352539,10.60966968536377,748579
2016-11-01,16.10989761352539,16.327011108398438,15.751659393310547,15.892783164978027,10.466680526733398,778605
2016-11-02,16.500703811645508,16.91322135925293,16.327011108398438,16.327011108398438,10.752653121948242,1271948
2016-11-03,16.37043571472168,16.435569763183594,15.871071815490723,16.175031661987305,10.652565002441406,1115098
2016-11-04,16.19674301147461,16.392147064208984,15.914495468139648,16.218454360961914,10.681159973144531,1018119
2016-11-07,16.37043571472168,16.565837860107422,16.272733688354492,16.544126510620117,11.031682968139648,934096
2016-11-08,16.435569763183594,16.739530563354492,16.41385841369629,16.60926055908203,11.075111389160156,706753
2016-11-09,16.435569763183594,16.91322135925293,16.135950088500977,16.848087310791016,11.234362602233887,872995
2016-11-10,17.00006675720215,17.195470809936523,16.392147064208984,16.65268325805664,11.1040678024292,1428400
2016-11-11,16.65268325805664,17.15204620361328,16.587549209594727,17.13033676147461,11.422565460205078,1140897
2016-11-14,17.238893508911133,17.54285430908203,16.717817306518555,16.891510009765625,11.263318061828613,1164875
2016-11-15,16.934932708740234,17.586275100708008,16.934932708740234,17.13033676147461,11.422565460205078,902251
2016-11-16,17.00006675720215,17.4593505859375,17.00006675720215,17.434295654296875,11.625251770019531,749777
2016-11-17,17.434295654296875,17.62969970703125,17.390872955322266,17.477718353271484,11.654205322265625,594633
2016-11-18,17.477718353271484,17.586275100708008,17.238893508911133,17.456008911132812,11.639729499816895,1162911
2016-11-21,17.586275100708008,17.62969970703125,17.15204620361328,17.347450256347656,11.567337989807129,769342
2016-11-22,17.456008911132812,17.575420379638672,17.260604858398438,17.54285430908203,11.697637557983398,750106
2016-11-23,17.390872955322266,17.54285430908203,17.32573890686035,17.499431610107422,11.668679237365723,634575
2016-11-25,17.586275100708008,17.62969970703125,17.477718353271484,17.607988357543945,11.741067886352539,238249
2016-11-28,17.607988357543945,17.683977127075195,17.390872955322266,17.434295654296875,11.625251770019531,741700
2016-11-29,17.456008911132812,17.651411056518555,17.41258430480957,17.521141052246094,11.68315601348877,1040506
2016-11-30,17.62969970703125,17.62969970703125,16.924076080322266,17.195470809936523,11.4660005569458,928129
2016-12-01,17.304027557373047,17.499431610107422,16.891510009765625,16.978355407714844,11.321226119995117,1485750
2016-12-02,17.00006675720215,17.260604858398438,16.848087310791016,17.065202713012695,11.379137992858887,592219
2016-12-05,17.195470809936523,17.36916160583496,17.043489456176758,17.282316207885742,11.523906707763672,740010
2016-12-06,17.304027557373047,17.564565658569336,17.108625411987305,17.521141052246094,11.68315601348877,647158
2016-12-07,17.456008911132812,17.694833755493164,17.293258666992188,17.62969970703125,11.755548477172852,888455
2016-12-08,17.62969970703125,18.237619400024414,17.390872955322266,18.194196701049805,12.131956100463867,791490
2016-12-09,18.302753448486328,18.65013885498047,18.020505905151367,18.62842559814453,12.421501159667969,998549
2016-12-12,18.585002899169922,18.606714248657227,18.150774002075195,18.487302780151367,12.327398300170898,958293
2016-12-13,18.541580200195312,18.780406951904297,18.281042098999023,18.67184829711914,12.450456619262695,727823
2016-12-14,18.67184829711914,18.954097747802734,18.4764461517334,18.84554100036621,12.566268920898438,784233
2016-12-15,18.88896369934082,19.30769157409668,18.84554100036621,19.214635848999023,12.812387466430664,929451
2016-12-16,19.323192596435547,19.583730697631836,19.14950180053711,19.43174934387207,12.957158088684082,1773738
2016-12-19,19.540306091308594,19.670576095581055,19.496883392333984,19.583730697631836,13.058499336242676,785624
2016-12-20,19.713998794555664,19.713998794555664,19.258058547973633,19.475173950195312,12.986114501953125,1038046
2016-12-21,19.496883392333984,19.73571014404297,19.34490394592285,19.366615295410156,12.913726806640625,753576
2016-12-22,19.38832664489746,19.518596649169922,19.323192596435547,19.323192596435547,12.884772300720215,1001579
2016-12-23,19.323192596435547,19.475173950195312,19.301481246948242,19.43174934387207,12.957158088684082,460063
2016-12-27,19.518596649169922,19.789989471435547,19.323192596435547,19.713998794555664,13.14536190032959,638476
2016-12-28,19.127790451049805,19.59575843811035,19.127790451049805,19.323192596435547,12.884772300720215,932643
2016-12-29,19.366615295410156,19.518596649169922,19.279769897460938,19.453460693359375,12.971637725830078,562868
2016-12-30,19.38832664489746,19.43174934387207,19.127790451049805,19.19292449951172,12.797904014587402,733373
2017-01-03,19.19292449951172,19.518596649169922,19.160356521606445,19.475173950195312,12.986114501953125,1362435
2017-01-04,19.540306091308594,19.93111228942871,19.35576057434082,19.670576095581055,13.116409301757812,2235585
2017-01-05,19.670576095581055,19.865978240966797,19.38832664489746,19.779132843017578,13.188794136047363,966595
2017-01-06,19.822555541992188,19.95282554626465,19.507740020751953,19.518596649169922,13.01506519317627,1175310
2017-01-09,19.475173950195312,19.60544204711914,18.910675048828125,18.954097747802734,12.638655662536621,1184174
2017-01-10,19.01923179626465,19.540306091308594,18.954097747802734,19.496883392333984,13.000589370727539,1486519
2017-01-11,19.453460693359375,19.475173950195312,18.954097747802734,19.171213150024414,12.783432960510254,955454
2017-01-12,19.14950180053711,19.14950180053711,18.674020767211914,18.910675048828125,12.609704971313477,591220
2017-01-13,18.997520446777344,19.236347198486328,18.97580909729004,19.127790451049805,12.754477500915527,476831
2017-01-17,19.14950180053711,19.19292449951172,18.84554100036621,19.062654495239258,12.711047172546387,857264
2017-01-18,19.084367752075195,19.127790451049805,18.736982345581055,18.97580909729004,12.653135299682617,908474
2017-01-19,18.97580909729004,19.18250274658203,18.758695602416992,18.84554100036621,12.566268920898438,522480
2017-01-20,18.88896369934082,19.171213150024414,18.8021183013916,18.8021183013916,12.537313461303711,438775
2017-01-23,18.780406951904297,19.214635848999023,18.780406951904297,19.214635848999023,12.812387466430664,610316
2017-01-24,19.236347198486328,19.518596649169922,19.214635848999023,19.453460693359375,12.971637725830078,971116
2017-01-25,19.540306091308594,19.865978240966797,19.34490394592285,19.779132843017578,13.188794136047363,719021
2017-01-26,19.757421493530273,19.800844192504883,19.475173950195312,19.670576095581055,13.116409301757812,507013
2017-01-27,19.800844192504883,19.93111228942871,19.25814437866211,19.8876895904541,13.26117992401123,409014
2017-01-30,19.73571014404297,19.73571014404297,19.214635848999023,19.496883392333984,13.000589370727539,618118
2017-01-31,19.38832664489746,19.683124542236328,19.127790451049805,19.627153396606445,13.087457656860352,860741
2017-02-01,19.822555541992188,19.93111228942871,19.475173950195312,19.64886474609375,13.101934432983398,568778
2017-02-02,19.56201934814453,19.73571014404297,19.453460693359375,19.540306091308594,13.029541969299316,579880
2017-02-03,19.69228744506836,19.865978240966797,19.60544204711914,19.865978240966797,13.246703147888184,506967
2017-02-06,19.757421493530273,19.844268798828125,19.56201934814453,19.60544204711914,13.072978019714355,477301
2017-02-07,19.670576095581055,19.73571014404297,19.43174934387207,19.69228744506836,13.130885124206543,743006
2017-02-08,19.670576095581055,19.670576095581055,19.040943145751953,19.14950180053711,12.76895523071289,653896
2017-02-09,19.19292449951172,19.387067794799805,18.997520446777344,19.084367752075195,12.725521087646484,575843
2017-02-10,19.106077194213867,19.236347198486328,18.88896369934082,19.040943145751953,12.696564674377441,643927
2017-02-13,19.106077194213867,19.236347198486328,18.910675048828125,19.01923179626465,12.682089805603027,645028
2017-02-14,19.040943145751953,19.062654495239258,18.758695602416992,18.997520446777344,12.667612075805664,619428
2017-02-15,18.88896369934082,19.171213150024414,18.88896369934082,19.106077194213867,12.74000072479248,723217
2017-02-16,19.062654495239258,19.279769897460938,18.954097747802734,19.279769897460938,12.855818748474121,675618
2017-02-17,18.8021183013916,19.171213150024414,18.38960075378418,19.084367752075195,12.725521087646484,1122400
2017-02-21,19.19292449951172,19.583730697631836,19.19292449951172,19.475173950195312,12.986114501953125,877942
2017-02-22,19.453460693359375,19.583730697631836,19.106077194213867,19.38832664489746,12.928203582763672,992423
2017-02-23,19.34490394592285,19.34490394592285,17.390872955322266,17.803390502929688,11.871359825134277,1316144
2017-02-24,16.891510009765625,17.796226501464844,16.381290435791016,16.478992462158203,10.988249778747559,3226209
2017-02-27,16.283588409423828,16.522415161132812,15.981800079345703,16.023052215576172,10.81549072265625,2121546
2017-02-28,16.001340866088867,16.131608963012695,15.393420219421387,15.567111015319824,10.507732391357422,1692758
2017-03-01,15.632246017456055,15.775541305541992,15.154594421386719,15.523688316345215,10.478422164916992,2210324
2017-03-02,15.241439819335938,15.567111015319824,15.241439819335938,15.371707916259766,10.375835418701172,1431491
2017-03-03,15.28486156463623,15.415130615234375,15.176304817199707,15.371707916259766,10.375835418701172,1036563
2017-03-06,15.28486156463623,15.415130615234375,15.046035766601562,15.111170768737793,10.199974060058594,1280068
2017-03-07,14.980901718139648,15.198017120361328,14.89405632019043,15.00261402130127,10.126697540283203,975920
2017-03-08,15.067748069763184,15.089459419250488,14.698653221130371,14.720364570617676,9.936182975769043,1017679
2017-03-09,14.676941871643066,14.980901718139648,14.676941871643066,14.676941871643066,9.906871795654297,781221
2017-03-10,14.676941871643066,14.915767669677734,14.503250122070312,14.633519172668457,9.877561569213867,1160525
2017-03-13,14.720364570617676,15.00261402130127,14.655229568481445,15.00261402130127,10.126697540283203,1042035
2017-03-14,14.915767669677734,15.00261402130127,14.633519172668457,14.872344970703125,10.038769721984863,685976
2017-03-15,14.937479019165039,15.024325370788574,14.872344970703125,14.937479019165039,10.082734107971191,975266
2017-03-16,15.00261402130127,15.415130615234375,15.00261402130127,15.393420219421387,10.390493392944336,773729
2017-03-17,15.241439819335938,15.588823318481445,15.241439819335938,15.54539966583252,10.493075370788574,1917211
2017-03-20,15.588823318481445,16.761241912841797,15.568717956542969,16.327011108398438,11.020662307739258,2138131
2017-03-21,16.435569763183594,16.4572811126709,15.849360466003418,15.979628562927246,10.786179542541504,1839289
2017-03-22,15.936205863952637,16.131608963012695,15.675668716430664,15.805936813354492,10.668937683105469,1476061
2017-03-23,15.849360466003418,15.936205863952637,15.632246017456055,15.849360466003418,10.698246002197266,1372100
2017-03-24,15.936205863952637,16.283588409423828,15.936205863952637,16.175031661987305,10.918075561523438,1118729
2017-03-27,16.088186264038086,16.1533203125,15.65395736694336,15.936205863952637,10.756868362426758,936422
2017-03-28,15.871071815490723,15.936205863952637,15.339140892028809,15.50197696685791,10.463767051696777,1395724
2017-03-29,15.436842918395996,15.523688316345215,14.78549861907959,14.807209968566895,9.99480152130127,1972944
2017-03-30,14.828922271728516,15.415130615234375,14.828922271728516,14.872344970703125,10.038769721984863,1121336
2017-03-31,14.850632667541504,15.046035766601562,14.633519172668457,14.74207592010498,9.950836181640625,1564492
2017-04-03,14.807209968566895,14.850632667541504,14.09073257446289,14.19929027557373,9.584458351135254,1586284
2017-04-04,14.17757797241211,14.372981071472168,14.155866622924805,14.28613567352295,9.643080711364746,1182500
2017-04-05,14.329559326171875,14.416403770446777,14.047309875488281,14.17757797241211,9.569803237915039,2546955
2017-04-06,14.1341552734375,14.372981071472168,13.98217487335205,14.329559326171875,9.672392845153809,1552800
2017-04-07,14.329559326171875,14.329559326171875,13.960463523864746,14.17757797241211,9.569803237915039,1483951
2017-04-10,14.1341552734375,14.28613567352295,14.003887176513672,14.047309875488281,9.481873512268066,994758
2017-04-11,14.003887176513672,14.112443923950195,13.873618125915527,14.069021224975586,9.496526718139648,763778
2017-04-12,14.003887176513672,14.02559757232666,13.873618125915527,13.895329475402832,9.379287719726562,1333901
2017-04-13,13.830195426940918,14.003887176513672,13.63479232788086,13.808484077453613,9.320667266845703,1202542
2017-04-17,13.830195426940918,13.960463523864746,13.699926376342773,13.808484077453613,9.320667266845703,950869
2017-04-18,13.699926376342773,13.917040824890137,13.68038558959961,13.873618125915527,9.364629745483398,840593
2017-04-19,13.873618125915527,14.047309875488281,13.765061378479004,13.808484077453613,9.320667266845703,710827
2017-04-20,13.830195426940918,14.02559757232666,13.743349075317383,13.98217487335205,9.437907218933105,1218089
2017-04-21,13.98217487335205,14.02559757232666,13.81933879852295,13.917040824890137,9.393942832946777,1084542
2017-04-24,14.155866622924805,14.24271297454834,13.98217487335205,14.09073257446289,9.51118278503418,840309
2017-04-25,14.19929027557373,14.329559326171875,14.112443923950195,14.28613567352295,9.643080711364746,578162
2017-04-26,14.19929027557373,14.524962425231934,14.003887176513672,14.524962425231934,9.80428409576416,1138677
2017-04-27,14.524962425231934,14.78549861907959,14.459827423095703,14.568384170532227,9.833599090576172,949351
2017-04-28,14.590096473693848,14.655229568481445,14.416403770446777,14.590096473693848,9.848252296447754,1200232
2017-05-01,14.590096473693848,14.980901718139648,14.372981071472168,14.872344970703125,10.038769721984863,1169990
2017-05-02,14.807209968566895,14.828922271728516,14.1341552734375,14.17757797241211,9.569803237915039,1435408
2017-05-03,14.069021224975586,14.28613567352295,13.938752174377441,14.17757797241211,9.569803237915039,1194014
2017-05-04,14.003887176513672,15.024325370788574,13.960463523864746,14.720364570617676,9.936182975769043,1212606
2017-05-05,14.74207592010498,14.95919132232666,13.613080978393555,13.851906776428223,9.3499755859375,1516538
2017-05-08,13.808484077453613,14.003887176513672,13.699926376342773,13.851906776428223,9.3499755859375,786329
2017-05-09,13.895329475402832,13.938752174377441,13.678215026855469,13.895329475402832,9.379287719726562,982018
2017-05-10,13.873618125915527,14.28613567352295,13.873618125915527,14.24271297454834,9.61376953125,910081
2017-05-11,14.24271297454834,14.48952865600586,14.155866622924805,14.438116073608398,9.745662689208984,808669
2017-05-12,14.372981071472168,14.394693374633789,14.17757797241211,14.329559326171875,9.672392845153809,761786
2017-05-15,14.351269721984863,14.524962425231934,14.307847023010254,14.459827423095703,9.760322570800781,647646
2017-05-16,14.438116073608398,14.481538772583008,14.17757797241211,14.28613567352295,9.643080711364746,847202
2017-05-17,14.112443923950195,14.19929027557373,13.873618125915527,13.917040824890137,9.393942832946777,1025092
2017-05-18,13.851906776428223,13.98217487335205,13.678215026855469,13.938752174377441,9.408596992492676,1009761
2017-05-19,13.938752174377441,14.112443923950195,13.63479232788086,13.830195426940918,9.335321426391602,1495335
2017-05-22,13.743349075317383,13.917040824890137,13.62393569946289,13.721637725830078,9.39794921875,838679
2017-05-23,13.721637725830078,13.895329475402832,13.48281192779541,13.808484077453613,9.457432746887207,585730
2017-05-24,13.851906776428223,14.09073257446289,13.786771774291992,13.830195426940918,9.47230052947998,383523
2017-05-25,13.851906776428223,14.003887176513672,13.656502723693848,13.743349075317383,9.412818908691406,513482
2017-05-26,13.699926376342773,13.786771774291992,13.48281192779541,13.547945976257324,9.278987884521484,537999
2017-05-30,13.504523277282715,13.63479232788086,13.4393892288208,13.547945976257324,9.278987884521484,471757
2017-05-31,13.591368675231934,13.613080978393555,13.222273826599121,13.309120178222656,9.11541748046875,719746
2017-06-01,13.309120178222656,13.52623462677002,13.243986129760742,13.504523277282715,9.249247550964355,813538
2017-06-02,13.786771774291992,14.590096473693848,13.786771774291992,14.329559326171875,9.81431770324707,1078863
2017-06-05,14.28613567352295,14.329559326171875,13.938752174377441,13.960463523864746,9.561524391174316,735266
2017-06-06,13.895329475402832,14.112443923950195,13.851906776428223,13.960463523864746,9.561524391174316,632481
2017-06-07,13.960463523864746,14.17757797241211,13.873618125915527,14.1341552734375,9.6804838180542,964414
2017-06-08,14.09073257446289,14.155866622924805,13.613080978393555,13.873618125915527,9.502041816711426,971560
2017-06-09,13.851906776428223,14.003887176513672,13.243986129760742,13.678215026855469,9.368209838867188,1372411
2017-06-12,13.63479232788086,13.63479232788086,13.26569652557373,13.48281192779541,9.234378814697266,859203
2017-06-13,13.504523277282715,13.808484077453613,13.352542877197266,13.4393892288208,9.204642295837402,640613
2017-06-14,13.4393892288208,13.52623462677002,13.157139778137207,13.330831527709961,9.130287170410156,752450
2017-06-15,13.243986129760742,13.309120178222656,12.87489128112793,13.26569652557373,9.085675239562988,701763
2017-06-16,12.918313980102539,13.178852081298828,12.853179931640625,13.092005729675293,8.966714859008789,1071876
2017-06-19,13.157139778137207,13.309120178222656,13.048583030700684,13.135429382324219,8.996454238891602,725506
2017-06-20,13.070294380187988,13.135429382324219,13.005160331726074,13.026870727539062,8.922104835510254,1213843
2017-06-21,13.092005729675293,13.222273826599121,13.005160331726074,13.135429382324219,8.996454238891602,849436
2017-06-22,13.178852081298828,13.222273826599121,12.983448028564453,13.092005729675293,8.966714859008789,1020129
2017-06-23,13.113717079162598,13.730321884155273,13.070294380187988,13.569658279418945,9.29386043548584,2685280
2017-06-26,13.591368675231934,13.797628402709961,13.287408828735352,13.4393892288208,9.204642295837402,770491
2017-06-27,13.395965576171875,13.395965576171875,13.016016006469727,13.070294380187988,8.951848030090332,840770
2017-06-28,13.178852081298828,13.330831527709961,13.026870727539062,13.189706802368164,9.033628463745117,803156
2017-06-29,13.200563430786133,13.200563430786133,12.701199531555176,13.005160331726074,8.907235145568848,1084639
2017-06-30,13.048583030700684,13.41767692565918,12.87489128112793,12.94002628326416,8.862625122070312,853729
2017-07-03,14.329559326171875,15.371707916259766,14.02559757232666,14.112443923950195,9.665614128112793,2747690
2017-07-05,14.264424324035645,14.655229568481445,13.786771774291992,14.633519172668457,10.022500038146973,2901565
2017-07-06,14.481538772583008,14.633519172668457,14.1341552734375,14.1341552734375,9.6804838180542,1766843
2017-07-07,14.19929027557373,14.546672821044922,14.02559757232666,14.524962425231934,9.948144912719727,1234422
2017-07-10,14.503250122070312,14.524962425231934,14.09073257446289,14.1341552734375,9.6804838180542,1012875
2017-07-11,14.155866622924805,14.394693374633789,13.960463523864746,14.329559326171875,9.81431770324707,827471
2017-07-12,14.481538772583008,14.622662544250488,14.264424324035645,14.590096473693848,9.992757797241211,840174
2017-07-13,14.633519172668457,14.720364570617676,14.003887176513672,14.112443923950195,9.665614128112793,2161925
2017-07-14,14.155866622924805,14.24271297454834,13.656502723693848,13.678215026855469,9.368209838867188,1277510
2017-07-17,13.678215026855469,14.02559757232666,13.330831527709961,13.450244903564453,9.21207332611084,1060108
2017-07-18,13.374255180358887,13.4393892288208,13.157139778137207,13.287408828735352,9.100547790527344,924240
2017-07-19,13.287408828735352,13.48281192779541,13.157139778137207,13.26569652557373,9.085675239562988,1031964
2017-07-20,13.287408828735352,13.4393892288208,13.157139778137207,13.374255180358887,9.160027503967285,1050408
2017-07-21,13.504523277282715,14.069021224975586,13.026870727539062,13.135429382324219,8.996454238891602,1048681
2017-07-24,13.200563430786133,13.765061378479004,12.961736679077148,13.026870727539062,8.922104835510254,1037104
2017-07-25,13.005160331726074,13.200563430786133,12.918313980102539,13.113717079162598,8.981585502624512,1072885
2017-07-26,13.178852081298828,13.254841804504395,13.005160331726074,13.222273826599121,9.055937767028809,786932
2017-07-27,13.222273826599121,13.243986129760742,12.755477905273438,12.788044929504395,8.75853157043457,1567969
2017-07-28,12.788044929504395,13.678215026855469,12.76633358001709,12.853179931640625,8.803140640258789,1564651
2017-07-31,12.853179931640625,12.918313980102539,12.592641830444336,12.701199531555176,8.69904899597168,3606607
2017-08-01,12.701199531555176,12.76633358001709,12.484085083007812,12.505796432495117,8.565221786499023,1019630
2017-08-02,12.505796432495117,12.592641830444336,12.136701583862305,12.201835632324219,8.357038497924805,1230454
2017-08-03,12.15841293334961,12.288681983947754,11.596087455749512,12.00643253326416,8.22320556640625,826448
2017-08-04,12.00643253326416,12.136701583862305,11.702472686767578,11.724184036254883,8.02989387512207,905964
2017-08-07,11.789319038391113,11.941299438476562,11.724184036254883,11.767606735229492,8.059635162353516,954337
2017-08-08,11.724184036254883,11.897875785827637,11.4202241897583,11.441934585571289,7.836581707000732,996259
2017-08-09,11.39851188659668,11.593914985656738,11.376800537109375,11.50706958770752,7.881192207336426,984491
2017-08-10,11.39851188659668,11.441934585571289,11.007705688476562,11.029417991638184,7.554049015045166,869974
2017-08-11,11.094552040100098,11.159686088562012,10.834014892578125,11.137974739074707,7.628399848937988,1069960
2017-08-14,11.181398391723633,11.485358238220215,11.094552040100098,11.246532440185547,7.702750205993652,1076035
2017-08-15,11.224821090698242,11.268243789672852,11.094552040100098,11.094552040100098,7.598660469055176,1168691
2017-08-16,11.051129341125488,11.35508918762207,10.942571640014648,11.246532440185547,7.702750205993652,675129
2017-08-17,11.159686088562012,11.246532440185547,10.85572624206543,10.942571640014648,7.494568347930908,1019498
2017-08-18,10.85572624206543,11.094552040100098,10.812302589416504,11.051129341125488,7.568918228149414,750159
2017-08-21,11.029417991638184,11.127119064331055,11.007705688476562,11.051129341125488,7.568918228149414,762979
2017-08-22,11.094552040100098,11.311667442321777,11.072840690612793,11.289955139160156,7.732492923736572,935047
2017-08-23,11.137974739074707,11.311667442321777,11.007705688476562,11.029417991638184,7.554049015045166,1556116
2017-08-24,11.007705688476562,11.094552040100098,10.899148941040039,11.007705688476562,7.539178848266602,965292
2017-08-25,11.007705688476562,11.181398391723633,10.964282989501953,11.137974739074707,7.628399848937988,987868
2017-08-28,11.203108787536621,11.46364688873291,11.137974739074707,11.441934585571289,7.836581707000732,642197
2017-08-29,11.289955139160156,11.745896339416504,11.246532440185547,11.680761337280273,8.000154495239258,1068332
2017-08-30,11.637337684631348,11.745896339416504,11.572203636169434,11.659049987792969,7.985283374786377,628465
2017-08-31,11.680761337280273,12.049856185913086,11.680761337280273,11.832740783691406,8.104244232177734,905598
2017-09-01,11.897875785827637,12.114990234375,11.86530876159668,12.00643253326416,8.22320556640625,804163
2017-09-05,11.984722137451172,12.049856185913086,11.4202241897583,11.485358238220215,7.866320610046387,637746
2017-09-06,11.50706958770752,11.50706958770752,11.289955139160156,11.4202241897583,7.821712017059326,487774
2017-09-07,11.50706958770752,11.50706958770752,11.246532440185547,11.289955139160156,7.732492923736572,458866
2017-09-08,11.268243789672852,11.376800537109375,11.007705688476562,11.203108787536621,7.67301082611084,476437
2017-09-11,11.268243789672852,11.4202241897583,11.224821090698242,11.35508918762207,7.777100086212158,584177
2017-09-12,11.39851188659668,11.811030387878418,11.333377838134766,11.724184036254883,8.02989387512207,504434
2017-09-13,11.659049987792969,11.919587135314941,11.572203636169434,11.876164436340332,8.13398551940918,536520
2017-09-14,11.811030387878418,11.919587135314941,11.724184036254883,11.767606735229492,8.059635162353516,491401
2017-09-15,11.767606735229492,11.811030387878418,11.50706958770752,11.528780937194824,7.89606237411499,1404240
2017-09-18,11.528780937194824,11.789319038391113,11.528780937194824,11.528780937194824,7.89606237411499,701196
2017-09-19,11.593914985656738,11.593914985656738,11.116263389587402,11.181398391723633,7.658140182495117,1466458
2017-09-20,11.224821090698242,11.224821090698242,10.68203353881836,10.768879890441895,7.37560510635376,1875411
2017-09-21,10.790592193603516,10.85572624206543,10.660323143005371,10.74716854095459,7.360736846923828,752591
2017-09-22,10.725457191467285,10.920860290527344,10.68203353881836,10.877436637878418,7.449960231781006,726565
2017-09-25,10.812302589416504,10.85572624206543,10.63861083984375,10.725457191467285,7.34586763381958,754585
2017-09-26,10.725457191467285,10.985995292663574,10.573476791381836,10.877436637878418,7.449960231781006,688698
2017-09-27,10.942571640014648,11.235675811767578,10.85572624206543,11.159686088562012,7.643271446228027,1241770
2017-09-28,11.159686088562012,11.203108787536621,11.007705688476562,11.094552040100098,7.598660469055176,910841
2017-09-29,11.072840690612793,11.072840690612793,10.768879890441895,10.985995292663574,7.524308204650879,1320835
2017-10-02,10.964282989501953,11.46364688873291,10.920860290527344,11.441934585571289,7.836581707000732,1056329
2017-10-03,11.50706958770752,11.50706958770752,11.181398391723633,11.35508918762207,7.777100086212158,980786
2017-10-04,11.311667442321777,11.376800537109375,11.181398391723633,11.224821090698242,7.687880992889404,490446
2017-10-05,11.246532440185547,11.289955139160156,11.137974739074707,11.224821090698242,7.687880992889404,550550
2017-10-06,11.137974739074707,11.333377838134766,11.137974739074707,11.268243789672852,7.7176194190979,446743
2017-10-09,11.333377838134766,11.359432220458984,11.137974739074707,11.333377838134766,7.762230396270752,601735
2017-10-10,11.376800537109375,11.50706958770752,11.311667442321777,11.441934585571289,7.836581707000732,399176
2017-10-11,10.790592193603516,11.029417991638184,9.607316970825195,9.846142768859863,6.743626117706299,4725356
2017-10-12,9.856999397277832,9.878710746765137,9.639884948730469,9.867855072021484,6.758493900299072,680380
2017-10-13,9.922134399414062,9.922134399414062,9.791865348815918,9.856999397277832,6.7510600090026855,930064
2017-10-16,9.922134399414062,9.922134399414062,9.639884948730469,9.748441696166992,6.676708221435547,739768
2017-10-17,9.705018997192383,9.856999397277832,9.639884948730469,9.726730346679688,6.661839008331299,653952
2017-10-18,9.813575744628906,9.835288047790527,9.422769546508789,9.44448184967041,6.468526840209961,1147210
2017-10-19,9.422769546508789,9.542182922363281,9.249078750610352,9.422769546508789,6.453655242919922,761291
2017-10-20,9.531327247619629,9.531327247619629,9.33592414855957,9.44448184967041,6.468526840209961,828166
2017-10-23,9.531327247619629,9.683307647705078,9.44448184967041,9.553038597106934,6.542876243591309,650067
2017-10-24,9.683307647705078,9.726730346679688,9.553038597106934,9.553038597106934,6.542876243591309,436557
2017-10-25,9.59646224975586,9.639884948730469,9.487903594970703,9.618172645568848,6.58748722076416,801040
2017-10-26,9.661596298217773,9.661596298217773,9.574749946594238,9.59646224975586,6.572617530822754,456068
2017-10-27,9.639884948730469,9.705018997192383,9.487903594970703,9.661596298217773,6.617228031158447,769752
2017-10-30,9.683307647705078,9.705018997192383,9.59646224975586,9.661596298217773,6.617228031158447,753798
2017-10-31,9.661596298217773,10.052401542663574,9.661596298217773,9.987268447875977,6.840281963348389,1365208
2017-11-01,10.008978843688965,10.008978843688965,9.618172645568848,9.726730346679688,6.661839008331299,1014395
2017-11-02,9.683307647705078,9.856999397277832,9.574749946594238,9.748441696166992,6.676708221435547,1281968
2017-11-03,8.662869453430176,8.749714851379395,7.251625061035156,7.707564830780029,5.27891206741333,3586715
2017-11-06,7.707564830780029,8.749714851379395,7.644601821899414,8.532601356506348,5.8439788818359375,2237236
2017-11-07,8.61944580078125,9.053674697875977,8.532601356506348,8.966830253601074,6.141382217407227,1063487
2017-11-08,8.966830253601074,9.227367401123047,8.879983901977539,9.031964302062988,6.1859917640686035,1141139
2017-11-09,9.010252952575684,9.162233352661133,8.83656120300293,8.966830253601074,6.141382217407227,1015162
2017-11-10,8.988540649414062,9.140521049499512,8.814848899841309,8.858271598815918,6.0670294761657715,1197777
2017-11-13,8.728004455566406,8.825704574584961,8.57602310180664,8.597735404968262,5.8885908126831055,1183992
2017-11-14,8.597735404968262,8.721489906311035,8.163505554199219,8.315485954284668,5.695278644561768,1015125
2017-11-15,8.250351905822754,8.315485954284668,7.968102931976318,8.12008285522461,5.561446189880371,1519819
2017-11-16,8.12008285522461,8.771427154541016,8.12008285522461,8.728004455566406,5.977810382843018,1470958
2017-11-17,8.728004455566406,8.879983901977539,8.597735404968262,8.83656120300293,6.052161693572998,918609
2017-11-20,8.901695251464844,8.966830253601074,8.771427154541016,8.879983901977539,6.0819010734558105,1000066
2017-11-21,8.858271598815918,9.04281997680664,8.597735404968262,8.706292152404785,6.100334167480469,1138670
2017-11-22,8.68458080291748,8.68458080291748,8.424042701721191,8.445755004882812,5.917781829833984,619870
2017-11-24,8.554311752319336,8.61944580078125,8.462645530700684,8.597735404968262,6.024272918701172,389559
2017-11-27,8.61944580078125,8.749714851379395,8.402332305908203,8.445755004882812,5.917781829833984,774457
2017-11-28,8.510889053344727,8.68458080291748,8.369765281677246,8.554311752319336,5.993846416473389,836563
2017-11-29,8.532601356506348,8.597735404968262,8.272063255310059,8.380620002746582,5.872143745422363,876749
2017-11-30,8.402332305908203,8.546496391296387,8.293774604797363,8.380620002746582,5.872143745422363,816981
2017-12-01,8.380620002746582,8.445755004882812,8.03323745727539,8.272063255310059,5.796079635620117,1144621
2017-12-04,8.380620002746582,8.489177703857422,7.989813804626465,8.185216903686523,5.735226154327393,1139034
2017-12-05,8.228639602661133,8.489177703857422,8.185216903686523,8.424042701721191,5.902568340301514,927280
2017-12-06,8.337197303771973,8.771427154541016,8.292776107788086,8.749714851379395,6.130761623382568,981956
2017-12-07,8.728004455566406,8.988540649414062,8.728004455566406,8.858271598815918,6.20682430267334,1455577
2017-12-08,8.879983901977539,8.966830253601074,8.83656120300293,8.858271598815918,6.20682430267334,960278
2017-12-11,8.83656120300293,9.075387001037598,8.810724258422852,9.010252952575684,6.313314914703369,1093510
2017-12-12,9.053674697875977,9.097098350524902,8.68458080291748,8.771427154541016,6.145973205566406,1857455
2017-12-13,8.771427154541016,10.226094245910645,8.738859176635742,10.0958251953125,7.073955059051514,3612065
2017-12-14,10.052401542663574,10.899148941040039,10.052401542663574,10.595189094543457,7.423849582672119,3096524
2017-12-15,10.616900444030762,10.70374584197998,10.204381942749023,10.247804641723633,7.180442810058594,5389190
2017-12-18,11.159686088562012,11.680761337280273,10.899148941040039,11.485358238220215,8.047574043273926,4459254
2017-12-19,11.572203636169434,12.299537658691406,11.528780937194824,11.984722137451172,8.397470474243164,3198070
2017-12-20,11.984722137451172,12.18012523651123,11.637337684631348,11.659049987792969,8.169275283813477,2233427
2017-12-21,11.659049987792969,11.659049987792969,11.116263389587402,11.203108787536621,7.8498077392578125,1309827
2017-12-22,11.39851188659668,11.39851188659668,11.094552040100098,11.159686088562012,7.81938362121582,686702
2017-12-26,11.137974739074707,11.289955139160156,10.877436637878418,10.899148941040039,7.636826038360596,793030
2017-12-27,10.899148941040039,11.007705688476562,10.74716854095459,10.74716854095459,7.530341148376465,928429
2017-12-28,10.768879890441895,10.924812316894531,10.660323143005371,10.74716854095459,7.530341148376465,882283
2017-12-29,10.768879890441895,10.768879890441895,10.551766395568848,10.595189094543457,7.423849582672119,867321
2018-01-02,10.660323143005371,10.877436637878418,10.573476791381836,10.70374584197998,7.499911785125732,1241351
2018-01-03,10.70374584197998,10.790592193603516,10.443207740783691,10.725457191467285,7.515127658843994,1557958
2018-01-04,10.660323143005371,10.899148941040039,10.443207740783691,10.616900444030762,7.439062118530273,1419448
2018-01-05,10.70374584197998,11.007705688476562,10.660323143005371,10.812302589416504,7.575978755950928,1201179
2018-01-08,10.834014892578125,10.877436637878418,10.247804641723633,10.334650993347168,7.241296291351318,2378716
2018-01-09,10.378073692321777,10.399785995483398,9.987268447875977,10.052401542663574,7.043529510498047,1755525
2018-01-10,10.052401542663574,10.13924789428711,9.813575744628906,9.94384479522705,6.967463970184326,909020
2018-01-11,9.94384479522705,10.030691146850586,9.813575744628906,9.94384479522705,6.967463970184326,729181
2018-01-12,9.900422096252441,10.0958251953125,9.791865348815918,9.835288047790527,6.891401767730713,945296
2018-01-16,9.900422096252441,10.139074325561523,9.661596298217773,9.835288047790527,6.891401767730713,1022193
2018-01-17,9.94384479522705,9.965556144714355,9.813575744628906,9.94384479522705,6.967463970184326,1006648
2018-01-18,9.987268447875977,10.052401542663574,9.726730346679688,9.748441696166992,6.830549240112305,1008025
2018-01-19,9.748441696166992,9.922134399414062,9.639884948730469,9.878710746765137,6.921826362609863,965402
2018-01-22,9.878710746765137,10.041546821594238,9.661596298217773,9.770153045654297,6.845762252807617,544611
2018-01-23,9.770153045654297,9.922134399414062,9.672538757324219,9.922134399414062,6.952252388000488,606857
2018-01-24,10.356363296508789,10.74716854095459,10.019400596618652,10.63861083984375,7.454276084899902,3581179
2018-01-25,10.68203353881836,10.85572624206543,10.334650993347168,10.378073692321777,7.271719932556152,1100329
2018-01-26,10.486631393432617,10.6611909866333,10.204381942749023,10.247804641723633,7.180442810058594,941005
2018-01-29,10.269516944885254,10.287406921386719,10.052401542663574,10.13924789428711,7.104379177093506,730665
2018-01-30,10.008978843688965,10.117536544799805,9.878710746765137,9.94384479522705,6.967463970184326,587335
2018-01-31,9.987268447875977,10.13924789428711,9.726730346679688,9.748441696166992,6.830549240112305,656139
2018-02-01,9.639884948730469,9.878710746765137,9.381518363952637,9.487903594970703,6.647995471954346,1222866
2018-02-02,9.466193199157715,9.509615898132324,9.205656051635742,9.357636451721191,6.556720733642578,1345865
2018-02-05,9.270790100097656,9.44448184967041,9.010252952575684,9.075387001037598,6.358953475952148,1085613
2018-02-06,8.923406600952148,9.357636451721191,8.751886367797852,9.314212799072266,6.526294708251953,1293927
2018-02-07,9.227367401123047,9.270790100097656,9.053674697875977,9.162233352661133,6.419804573059082,1073850
2018-02-08,9.227367401123047,9.227367401123047,8.630302429199219,8.706292152404785,6.100334167480469,1084273
2018-02-09,8.793137550354004,8.97768497467041,8.597735404968262,8.858271598815918,6.20682430267334,1432808
2018-02-12,8.858271598815918,9.183943748474121,8.728004455566406,9.010252952575684,6.313314914703369,1016491
2018-02-13,9.010252952575684,9.140521049499512,8.814848899841309,9.075387001037598,6.358953475952148,782969
2018-02-14,9.357636451721191,9.509615898132324,8.988540649414062,9.33592414855957,6.541506767272949,1499068
2018-02-15,9.422769546508789,9.531327247619629,8.988540649414062,9.270790100097656,6.495869159698486,1965796
2018-02-16,9.205656051635742,9.672451972961426,9.205656051635742,9.44448184967041,6.617570877075195,1178751
2018-02-20,9.4010591506958,9.856999397277832,9.292501449584961,9.618172645568848,6.739272594451904,1481314
2018-02-21,9.639884948730469,9.639884948730469,9.097098350524902,9.118809700012207,6.389378070831299,1097761
2018-02-22,9.183943748474121,9.227367401123047,8.988540649414062,9.097098350524902,6.374166011810303,1293257
2018-02-23,9.118809700012207,9.183943748474121,8.923406600952148,9.075387001037598,6.358953475952148,892236
2018-02-26,9.118809700012207,9.553038597106934,9.053674697875977,9.531327247619629,6.678421974182129,2220797
2018-02-27,9.553038597106934,9.965556144714355,9.4010591506958,9.466193199157715,6.63278341293335,1353566
2018-02-28,9.466193199157715,9.770153045654297,9.33592414855957,9.574749946594238,6.853651523590088,1208046
2018-03-01,9.59646224975586,9.683307647705078,9.292501449584961,9.487903594970703,6.791484355926514,1442998
2018-03-02,9.357636451721191,9.69416332244873,9.270790100097656,9.639884948730469,6.900271892547607,1127186
2018-03-05,9.487903594970703,10.030691146850586,9.487903594970703,9.791865348815918,7.00906229019165,1073500
2018-03-06,9.791865348815918,9.900422096252441,9.639884948730469,9.748441696166992,6.977978706359863,1033399
2018-03-07,9.705018997192383,9.94384479522705,9.683307647705078,9.813575744628906,7.02460241317749,2923134
2018-03-08,9.878710746765137,10.0958251953125,9.856999397277832,10.052401542663574,7.195556163787842,1175842
2018-03-09,10.182670593261719,10.410640716552734,10.13924789428711,10.378073692321777,7.428670883178711,950878
2018-03-12,10.421497344970703,10.530054092407227,10.254623413085938,10.356363296508789,7.413132667541504,1094026
2018-03-13,10.464920043945312,10.464920043945312,10.204381942749023,10.291228294372559,7.366507530212402,928503
2018-03-14,10.378073692321777,10.464920043945312,10.236949920654297,10.356363296508789,7.413132667541504,1087444
2018-03-15,10.378073692321777,10.399785995483398,10.226094245910645,10.334650993347168,7.3975911140441895,789382
2018-03-16,10.334650993347168,10.378073692321777,10.269516944885254,10.269516944885254,7.350966930389404,1951677
2018-03-19,10.291228294372559,10.312939643859863,9.94384479522705,10.16096019744873,7.273262023925781,974805
2018-03-20,10.182670593261719,10.421497344970703,10.117536544799805,10.226094245910645,7.31988525390625,1311241
2018-03-21,10.226094245910645,10.334650993347168,10.084968566894531,10.16096019744873,7.273262023925781,1092863
2018-03-22,9.965556144714355,10.13924789428711,9.683307647705078,9.705018997192383,6.946897506713867,1308735
2018-03-23,9.791865348815918,9.922134399414062,9.487903594970703,9.531327247619629,6.822567939758301,984390
2018-03-26,9.639884948730469,9.835288047790527,9.509615898132324,9.813575744628906,7.02460241317749,790087
2018-03-27,9.835288047790527,9.856999397277832,9.37934684753418,9.422769546508789,6.744861602783203,740917
2018-03-28,9.422769546508789,9.553038597106934,9.270790100097656,9.314212799072266,6.66715669631958,984586
2018-03-29,9.357636451721191,9.4010591506958,9.140521049499512,9.183943748474121,6.573909282684326,874349
2018-04-02,9.162233352661133,9.249078750610352,8.793137550354004,8.814848899841309,6.309708595275879,904589
2018-04-03,8.901695251464844,9.031964302062988,8.771427154541016,8.988540649414062,6.4340386390686035,2327412
2018-04-04,8.814848899841309,9.162233352661133,8.793137550354004,9.010252952575684,6.449580669403076,925605
2018-04-05,9.118809700012207,9.531327247619629,9.097098350524902,9.44448184967041,6.760403633117676,869644
2018-04-06,9.37934684753418,9.748441696166992,9.357636451721191,9.487903594970703,6.791484355926514,2209683
2018-04-09,9.553038597106934,9.661596298217773,9.140521049499512,9.162233352661133,6.558368682861328,866063
2018-04-10,9.33592414855957,9.618172645568848,9.249078750610352,9.531327247619629,6.822567939758301,518721
2018-04-11,9.509615898132324,9.770153045654297,9.44448184967041,9.726730346679688,6.962438583374023,445370
2018-04-12,9.726730346679688,9.922134399414062,9.683307647705078,9.856999397277832,7.055685043334961,588838
2018-04-13,9.922134399414062,10.019835472106934,9.791865348815918,9.856999397277832,7.055685043334961,603006
2018-04-16,9.94384479522705,10.008978843688965,9.726730346679688,9.900422096252441,7.08676815032959,482577
2018-04-17,9.922134399414062,10.16096019744873,9.791865348815918,10.16096019744873,7.273262023925781,497269
2018-04-18,10.16096019744873,10.16096019744873,9.835288047790527,10.074113845825195,7.211097717285156,577929
2018-04-19,10.008978843688965,10.0958251953125,9.37934684753418,9.856999397277832,7.055685043334961,474367
2018-04-20,9.813575744628906,9.965556144714355,9.791865348815918,9.813575744628906,7.02460241317749,477727
2018-04-23,9.878710746765137,9.922134399414062,9.607316970825195,9.618172645568848,6.884731769561768,441034
2018-04-24,9.726730346679688,9.835288047790527,9.487903594970703,9.531327247619629,6.822567939758301,581494
2018-04-25,9.553038597106934,9.639884948730469,9.37934684753418,9.59646224975586,6.869192600250244,392560
2018-04-26,9.683307647705078,9.753652572631836,9.553038597106934,9.726730346679688,6.962438583374023,334330
2018-04-27,9.856999397277832,9.900422096252441,9.531327247619629,9.639884948730469,6.900271892547607,315932
2018-04-30,9.618172645568848,9.726730346679688,9.531327247619629,9.553038597106934,6.838109016418457,683722
2018-05-01,9.574749946594238,10.117536544799805,9.553038597106934,10.052401542663574,7.195556163787842,767776
2018-05-02,9.987268447875977,10.378073692321777,9.987268447875977,10.204381942749023,7.30434513092041,773002
2018-05-03,10.13924789428711,10.291228294372559,9.94384479522705,10.008978843688965,7.164470672607422,715661
2018-05-04,9.813575744628906,9.94384479522705,8.358908653259277,8.749714851379395,6.263087272644043,3535362
2018-05-07,8.771427154541016,8.771427154541016,8.445755004882812,8.641158103942871,6.185380458831787,2505716
2018-05-08,8.641158103942871,8.662869453430176,8.500033378601074,8.61944580078125,6.1698384284973145,931464
2018-05-09,8.68458080291748,8.923406600952148,8.641158103942871,8.923406600952148,6.387414455413818,983013
2018-05-10,8.945117950439453,9.205656051635742,8.923406600952148,9.140521049499512,6.542827606201172,862915
2018-05-11,9.162233352661133,9.162233352661133,8.945117950439453,8.966830253601074,6.418497085571289,701247
2018-05-14,8.988540649414062,9.466193199157715,8.988540649414062,9.249078750610352,6.620533466339111,933677
2018-05-15,9.205656051635742,9.422769546508789,9.053674697875977,9.270790100097656,6.636074542999268,719431
2018-05-16,9.249078750610352,9.466193199157715,9.249078750610352,9.44448184967041,6.760403633117676,764624
2018-05-17,9.422769546508789,9.770153045654297,9.33592414855957,9.44448184967041,6.760403633117676,1131610
2018-05-18,9.422769546508789,9.422769546508789,9.140521049499512,9.162233352661133,6.558368682861328,778321
2018-05-21,9.162233352661133,9.37934684753418,8.969000816345215,9.097098350524902,6.511744976043701,834131
2018-05-22,9.140521049499512,9.33592414855957,9.118809700012207,9.140521049499512,6.542827606201172,665312
2018-05-23,9.053674697875977,9.205656051635742,8.901695251464844,8.923406600952148,6.530301094055176,695600
2018-05-24,8.945117950439453,8.945117950439453,8.68458080291748,8.728004455566406,6.387302398681641,692825
2018-05-25,8.771427154541016,8.858271598815918,8.662869453430176,8.793137550354004,6.434967517852783,637638
2018-05-29,8.793137550354004,8.83656120300293,8.57602310180664,8.83656120300293,6.466747283935547,763578
2018-05-30,8.879983901977539,9.010252952575684,8.68458080291748,8.706292152404785,6.371413707733154,1056299
2018-05-31,8.68458080291748,8.728004455566406,8.510889053344727,8.57602310180664,6.27608060836792,615695
2018-06-01,8.61944580078125,8.652013778686523,8.380620002746582,8.402332305908203,6.148972034454346,1035209
2018-06-04,8.445755004882812,8.554311752319336,8.380620002746582,8.532601356506348,6.244304656982422,877824
2018-06-05,8.57602310180664,8.652013778686523,8.424042701721191,8.467466354370117,6.19663667678833,685221
2018-06-06,8.445755004882812,8.510889053344727,8.315485954284668,8.380620002746582,6.133081912994385,597474
2018-06-07,8.380620002746582,8.424042701721191,8.272063255310059,8.315485954284668,6.085415363311768,901970
2018-06-08,8.293774604797363,8.415358543395996,8.228639602661133,8.315485954284668,6.085415363311768,992805
2018-06-11,8.315485954284668,8.445755004882812,8.239496231079102,8.293774604797363,6.069527626037598,755456
2018-06-12,8.337197303771973,8.424042701721191,8.272063255310059,8.337197303771973,6.101304054260254,747038
2018-06-13,8.337197303771973,8.380620002746582,8.07666015625,8.163505554199219,5.974192142486572,729412
2018-06-14,8.228639602661133,8.250351905822754,8.011526107788086,8.03323745727539,5.8788604736328125,668361
2018-06-15,7.989813804626465,8.044093132019043,7.9463911056518555,8.011526107788086,5.862972259521484,1425213
2018-06-18,7.968102931976318,8.011526107788086,7.837833881378174,7.9463911056518555,5.815306186676025,593292
2018-06-19,7.859546184539795,7.9463911056518555,7.707564830780029,7.881257057189941,5.767640113830566,737811
2018-06-20,7.924680233001709,7.924680233001709,7.750988006591797,7.816123008728027,5.719972133636475,618850
2018-06-21,7.837833881378174,7.859546184539795,7.533874034881592,7.555584907531738,5.529306411743164,745558
2018-06-22,7.555584907531738,7.577297210693359,7.338470935821533,7.381894111633301,5.402197360992432,2756614
2018-06-25,7.381894111633301,7.381894111633301,7.01279878616333,7.143067836761475,5.227420330047607,1213608
2018-06-26,7.121356010437012,7.229913234710693,7.034510135650635,7.099645137786865,5.195641994476318,671652
2018-06-27,7.099645137786865,7.099645137786865,6.81739616394043,6.860818862915039,5.020865440368652,811447
2018-06-28,6.839107036590576,6.939544200897217,6.773972988128662,6.839107036590576,5.004976272583008,979669
2018-06-29,6.839107036590576,7.01279878616333,6.773972988128662,6.991086959838867,5.116196632385254,764423
2018-07-02,6.969376087188721,7.338470935821533,6.9476637840271,7.31675910949707,5.354530334472656,948907
2018-07-03,7.381894111633301,7.403604984283447,7.251625061035156,7.381894111633301,5.402197360992432,455964
2018-07-05,7.403604984283447,7.452239036560059,6.991086959838867,6.991086959838867,5.116196632385254,677112
2018-07-06,7.034510135650635,7.229913234710693,6.969376087188721,7.229913234710693,5.290975093841553,526800
2018-07-09,7.229913234710693,7.490450859069824,7.208201885223389,7.447028160095215,5.449862480163574,717911
2018-07-10,7.447028160095215,7.620719909667969,7.403604984283447,7.577297210693359,5.545195579528809,689085
2018-07-11,7.512162208557129,7.599008083343506,7.273335933685303,7.425315856933594,5.433974266052246,801897
2018-07-12,7.468739032745361,7.599008083343506,7.338470935821533,7.512162208557129,5.497529029846191,498868
2018-07-13,7.490450859069824,7.533874034881592,7.31675910949707,7.31675910949707,5.354530334472656,413850
2018-07-16,7.251625061035156,7.273335933685303,6.991086959838867,7.01279878616333,5.13208532333374,727215
2018-07-17,7.01279878616333,7.099645137786865,6.991086959838867,7.077932834625244,5.179752349853516,307763
2018-07-18,7.077932834625244,7.186490058898926,7.01279878616333,7.099645137786865,5.195641994476318,730715
2018-07-19,7.186490058898926,7.533874034881592,7.186490058898926,7.229913234710693,5.290975093841553,855647
2018-07-20,7.273335933685303,7.273335933685303,7.121356010437012,7.143067836761475,5.227420330047607,626448
2018-07-23,7.077932834625244,7.164779186248779,6.925952911376953,7.121356010437012,5.211531162261963,832558
2018-07-24,7.164779186248779,7.273335933685303,6.904242038726807,6.904242038726807,5.052642822265625,597645
2018-07-25,6.904242038726807,6.991086959838867,6.795683860778809,6.991086959838867,5.116196632385254,993045
2018-07-26,7.034510135650635,7.186490058898926,6.9476637840271,7.056221961975098,5.163865089416504,662880
2018-07-27,7.099645137786865,7.164779186248779,6.860818862915039,6.925952911376953,5.068531036376953,724272
2018-07-30,6.9476637840271,7.01279878616333,6.882530212402344,6.925952911376953,5.068531036376953,299362
2018-07-31,7.034510135650635,7.273335933685303,6.9476637840271,7.229913234710693,5.290975093841553,665409
2018-08-01,7.229913234710693,7.229913234710693,6.969376087188721,6.991086959838867,5.116196632385254,588353
2018-08-02,6.969376087188721,7.164779186248779,6.904242038726807,7.056221961975098,5.163865089416504,463506
2018-08-03,7.056221961975098,7.143067836761475,6.95851993560791,7.099645137786865,5.195641994476318,409532
2018-08-06,7.099645137786865,7.251625061035156,7.034510135650635,7.056221961975098,5.163865089416504,412388
2018-08-07,7.056221961975098,7.208201885223389,7.01279878616333,7.099645137786865,5.195641994476318,355512
2018-08-08,7.121356010437012,7.208201885223389,7.034510135650635,7.077932834625244,5.179752349853516,632306
2018-08-09,7.468739032745361,7.750988006591797,7.077932834625244,7.251625061035156,5.306863784790039,2118179
2018-08-10,7.273335933685303,7.381894111633301,7.056221961975098,7.273335933685303,5.322751998901367,1150434
2018-08-13,7.295048236846924,7.338470935821533,7.077932834625244,7.186490058898926,5.2591962814331055,708764
2018-08-14,7.208201885223389,7.229913234710693,7.121356010437012,7.186490058898926,5.2591962814331055,906595
2018-08-15,7.077932834625244,7.153923034667969,6.925952911376953,7.121356010437012,5.360719680786133,899407
2018-08-16,7.121356010437012,7.229913234710693,7.034510135650635,7.143067836761475,5.377064228057861,972039
2018-08-17,7.121356010437012,7.186490058898926,6.925952911376953,7.056221961975098,5.311689376831055,1085019
2018-08-20,7.077932834625244,7.186490058898926,6.904242038726807,6.925952911376953,5.213625431060791,912274
2018-08-21,6.969376087188721,7.229913234710693,6.9476637840271,7.143067836761475,5.377064228057861,1023715
2018-08-22,7.164779186248779,7.208201885223389,6.9476637840271,7.056221961975098,5.311689376831055,615760
2018-08-23,7.034510135650635,7.099645137786865,6.969376087188721,7.034510135650635,5.295344829559326,644178
2018-08-24,7.077932834625244,7.0920891761779785,6.904242038726807,6.925952911376953,5.213625431060791,703373
2018-08-27,6.991086959838867,7.338470935821533,6.9476637840271,7.186490058898926,5.409749984741211,1253354
2018-08-28,7.164779186248779,7.273335933685303,7.01279878616333,7.121356010437012,5.360719680786133,431058
2018-08-29,7.099645137786865,7.164779186248779,7.034510135650635,7.099645137786865,5.344376087188721,592595
2018-08-30,7.099645137786865,7.164779186248779,6.81739616394043,6.839107036590576,5.148251533508301,821428
2018-08-31,6.839107036590576,6.9715471267700195,6.643703937530518,6.81739616394043,5.131908416748047,1211881
2018-09-04,6.795683860778809,7.01279878616333,6.6654157638549805,7.01279878616333,5.279000759124756,1135308
2018-09-05,6.991086959838867,7.229913234710693,6.980231761932373,7.077932834625244,5.32803201675415,736390
2018-09-06,7.31675910949707,7.36018180847168,6.860818862915039,6.882530212402344,5.180939197540283,706557
2018-09-07,6.882530212402344,7.01279878616333,6.752261161804199,6.839107036590576,5.148251533508301,569174
2018-09-10,6.860818862915039,6.904415130615234,6.687127113342285,6.860818862915039,5.164595603942871,466371
2018-09-11,6.839107036590576,6.936809062957764,6.687127113342285,6.7305498123168945,5.066533088684082,557309
2018-09-12,6.7305498123168945,6.882530212402344,6.6654157638549805,6.687127113342285,5.033846378326416,772302
2018-09-13,6.752261161804199,6.849963188171387,6.5785698890686035,6.6654157638549805,5.017502784729004,707439
2018-09-14,6.708837985992432,6.773972988128662,6.491724014282227,6.708837985992432,5.05018949508667,609374
2018-09-17,6.708837985992432,6.752261161804199,6.40487813949585,6.448300838470459,4.854065895080566,904775
2018-09-18,6.448300838470459,6.491724014282227,6.296320915222168,6.4265899658203125,4.837722301483154,923438
2018-09-19,6.4265899658203125,6.513434886932373,6.3397440910339355,6.3397440910339355,4.7723493576049805,910908
2018-09-20,6.40487813949585,7.077932834625244,6.361454963684082,7.077932834625244,5.32803201675415,944784
2018-09-21,7.034510135650635,7.056221961975098,6.795683860778809,6.795683860778809,5.115562915802002,2701309
2018-09-24,6.795683860778809,6.81739616394043,6.40487813949585,6.47001314163208,4.870410442352295,761079
2018-09-25,6.491724014282227,6.535147190093994,6.383166790008545,6.40487813949585,4.821380138397217,723634
2018-09-26,6.4265899658203125,6.467841148376465,6.166051864624023,6.166051864624023,4.641598701477051,838562
2018-09-27,6.1877641677856445,6.296320915222168,6.166051864624023,6.209475040435791,4.674286365509033,551906
2018-09-28,6.209475040435791,6.47001314163208,6.166051864624023,6.448300838470459,4.854065895080566,728346
2018-10-01,6.483038902282715,6.548173904418945,6.40487813949585,6.456985950469971,4.860604286193848,874317
2018-10-02,6.461328029632568,6.569884777069092,6.352770805358887,6.378824234008789,4.8017659187316895,612034
2018-10-03,6.409220218658447,6.604623794555664,6.326716899871826,6.504751205444336,4.89655876159668,564229
2018-10-04,6.496066093444824,6.556858062744141,6.387508869171143,6.456985950469971,4.860604286193848,575677
2018-10-05,6.448300838470459,6.448300838470459,6.126972198486328,6.213817119598389,4.677555084228516,710330
2018-10-08,6.170393943786621,6.367969036102295,6.135655879974365,6.213817119598389,4.677555084228516,446220
2018-10-09,6.1877641677856445,6.309348106384277,6.157368183135986,6.179079055786133,4.651403903961182,743722
2018-10-10,6.166051864624023,6.270267009735107,6.053153038024902,6.074863910675049,4.57295560836792,839543
2018-10-11,6.061837196350098,6.144340991973877,5.862092018127441,5.875119209289551,4.42259407043457,995428
2018-10-12,5.996703147888184,5.996703147888184,5.766561031341553,5.849064826965332,4.402980804443359,901742
2018-10-15,5.849064826965332,5.940252780914307,5.766561031341553,5.849064826965332,4.402980804443359,806258
2018-10-16,5.901172161102295,6.26592493057251,5.844723224639893,6.1877641677856445,4.6579413414001465,1260972
2018-10-17,6.209475040435791,6.43093204498291,6.092233180999756,6.300662994384766,4.742929458618164,1740657
2018-10-18,6.313690185546875,6.335402011871338,5.953279972076416,6.022757053375244,4.533731460571289,681566
2018-10-19,6.005386829376221,6.077034950256348,5.701426982879639,5.7187957763671875,4.3049187660217285,835250
2018-10-22,5.7361650466918945,5.831696033477783,5.68405818939209,5.770904064178467,4.344143867492676,522655
2018-10-23,5.64497709274292,5.80998420715332,5.592870235443115,5.727480888366699,4.311456680297852,819590
2018-10-24,5.701426982879639,5.729651927947998,5.34101676940918,5.354043960571289,4.0303449630737305,969251
2018-10-25,5.3757548332214355,5.510365962982178,5.354043960571289,5.458259105682373,4.108795166015625,853934
2018-10-26,5.345358848571777,5.623266220092773,5.245487213134766,5.436546802520752,4.092451572418213,1218559
2018-10-29,5.440889835357666,5.75353479385376,5.371413230895996,5.436546802520752,4.092451572418213,828746
2018-10-30,5.4322052001953125,5.679716110229492,5.349701881408691,5.597211837768555,4.213394641876221,530648
2018-10-31,5.675373077392578,5.7187957763671875,5.553789138793945,5.64497709274292,4.249350547790527,618459
2018-11-01,5.640635013580322,6.205132961273193,5.636292934417725,6.174736976623535,4.648135662078857,1283324
2018-11-02,6.1834211349487305,6.287635803222656,6.0574951171875,6.231186866760254,4.690630912780762,951698
2018-11-05,6.205132961273193,6.23066520690918,5.875119209289551,6.087891101837158,4.582761764526367,1097667
2018-11-06,6.061837196350098,6.179079055786133,5.953279972076416,5.983675956726074,4.504311561584473,619995
2018-11-07,6.022757053375244,6.066178798675537,5.636292934417725,5.875119209289551,4.42259407043457,914125
2018-11-08,5.8403801918029785,6.652389049530029,5.71011209487915,6.296320915222168,4.739660739898682,1283679
2018-11-09,6.235528945922852,6.424417972564697,6.053153038024902,6.148683071136475,4.6285223960876465,928118
2018-11-12,6.0792059898376465,6.153328895568848,5.836038112640381,5.909856796264648,4.44874382019043,1104299
2018-11-13,5.935911178588867,6.0792059898376465,5.801300048828125,5.844723224639893,4.399713039398193,893643
2018-11-14,5.922883987426758,6.058059215545654,5.875119209289551,5.9272260665893555,4.461817741394043,461132
2018-11-15,5.914198875427246,6.235528945922852,5.914198875427246,6.205132961273193,4.671017169952393,604680
2018-11-16,6.066178798675537,6.144340991973877,5.926313877105713,6.126972198486328,4.612179756164551,551621
2018-11-19,6.105259895324707,6.122629165649414,5.844723224639893,5.866434097290039,4.416056156158447,601472
2018-11-20,5.7752461433410645,5.857749938964844,5.653662204742432,5.701426982879639,4.291844367980957,714880
2018-11-21,5.740508079528809,6.005386829376221,5.7361650466918945,5.805642127990723,4.370294570922852,676603
2018-11-23,5.779588222503662,5.988018035888672,5.762218952178955,5.9272260665893555,4.461817741394043,265574
2018-11-26,5.988018035888672,6.139997959136963,5.9272260665893555,6.040125846862793,4.546804904937744,669160
2018-11-27,5.905515193939209,5.966307163238525,5.805642127990723,5.857749938964844,4.560525894165039,456694
2018-11-28,5.91854190826416,5.992361068725586,5.757876873016357,5.970648765563965,4.648423194885254,699923
2018-11-29,5.922883987426758,6.040125846862793,5.85340690612793,5.922883987426758,4.611235618591309,839082
2018-11-30,5.905515193939209,6.122629165649414,5.779588222503662,6.122629165649414,4.766746520996094,974718
2018-12-03,6.235528945922852,6.396193981170654,6.139997959136963,6.29197883605957,4.898592948913574,571071
2018-12-04,6.22684383392334,6.248556137084961,6.001045227050781,6.092233180999756,4.743081569671631,715350
2018-12-06,5.970648765563965,6.044467926025391,5.688399791717529,5.796957015991211,4.5131964683532715,929532
2018-12-07,5.792614936828613,5.888145923614502,5.475627899169922,5.549447059631348,4.320498943328857,797157
2018-12-10,7.750988006591797,8.24600887298584,7.429658889770508,7.976787090301514,6.210294246673584,9125340
2018-12-11,8.141794204711914,8.358908653259277,7.824807167053223,7.9463911056518555,6.186629772186279,2723042
2018-12-12,8.028895378112793,8.193902015686035,7.93770694732666,7.942049026489258,6.183249473571777,1205016
2018-12-13,7.9463911056518555,8.06363296508789,7.685853958129883,7.694538116455078,5.9905500411987305,1131481
2018-12-14,7.6033501625061035,7.759673118591309,7.412290096282959,7.546901226043701,5.875607490539551,1069417
2018-12-17,7.468739032745361,7.633746147155762,7.403604984283447,7.507820129394531,5.845180988311768,1387721
2018-12-18,7.5859808921813965,7.811779975891113,7.523017883300781,7.681511878967285,5.98040771484375,1808692
2018-12-19,7.659800052642822,7.672826766967773,7.1707282066345215,7.3297858238220215,5.706573963165283,1556229
2018-12-20,7.29070520401001,7.668485164642334,7.29070520401001,7.572954177856445,5.895890712738037,1695787
2018-12-21,7.685853958129883,7.698881149291992,7.238597869873047,7.342813014984131,5.716716289520264,3271250
2018-12-24,7.260309219360352,7.559926986694336,7.260309219360352,7.351498126983643,5.723477840423584,913580
2018-12-26,7.425315856933594,7.976787090301514,7.381894111633301,7.976787090301514,6.210294246673584,1252465
2018-12-27,7.833491802215576,8.067975044250488,7.7431721687316895,8.054948806762695,6.27114725112915,1351116
2018-12-28,8.046263694763184,8.304630279541016,7.998498916625977,8.137452125549316,6.335379123687744,1135838
2018-12-31,8.206929206848145,8.328513145446777,7.925548076629639,7.985472202301025,6.217055797576904,927388
2019-01-02,7.824807167053223,8.350223541259766,7.824807167053223,8.298116683959961,6.460464000701904,1711043
2019-01-03,8.154821395874023,8.154821395874023,7.8421759605407715,8.037578582763672,6.257623195648193,1462552
2019-01-04,8.163505554199219,8.528258323669434,8.163505554199219,8.489177703857422,6.609213352203369,1700213
2019-01-07,8.549969673156738,8.871298789978027,8.510889053344727,8.745372772216797,6.8086724281311035,1776391
2019-01-08,8.806164741516113,8.971172332763672,8.638248443603516,8.932090759277344,6.954041957855225,1391436
2019-01-09,9.010252952575684,9.071044921875,8.797479629516602,9.014595031738281,7.018275260925293,793012
2019-01-10,8.94946002960205,9.118809700012207,8.845245361328125,9.044990539550781,7.0419392585754395,1639726
2019-01-11,8.971172332763672,9.118809700012207,8.940125465393066,8.99288272857666,7.001370906829834,981060
2019-01-14,8.906038284301758,8.988540649414062,8.749714851379395,8.875641822814941,6.910091876983643,746373
2019-01-15,8.893011093139648,9.036306381225586,8.662869453430176,8.771427154541016,6.8289570808410645,859279
2019-01-16,8.767084121704102,9.023279190063477,8.762742042541504,8.879983901977539,6.913473129272461,1038007
2019-01-17,8.893011093139648,9.031964302062988,8.775769233703613,9.00590991973877,7.011512279510498,893199
2019-01-18,9.00590991973877,9.214340209960938,8.932090759277344,9.136178970336914,7.112933158874512,695001
2019-01-22,9.127493858337402,9.131836891174316,8.806164741516113,8.901695251464844,6.93037748336792,598981
2019-01-23,8.893011093139648,8.997225761413574,8.814848899841309,8.97985553741455,6.99122953414917,636555
2019-01-24,9.066701889038086,9.290329933166504,9.010252952575684,9.05801773071289,7.052080154418945,692111
2019-01-25,9.075387001037598,9.19697093963623,8.96248722076416,9.131836891174316,7.109554767608643,956753
2019-01-28,8.945117950439453,9.153548240661621,8.83656120300293,9.053674697875977,7.048700332641602,575592
2019-01-29,9.05801773071289,9.118809700012207,8.9646577835083,9.066701889038086,7.058841705322266,578779
2019-01-30,9.053674697875977,9.262104988098145,9.036306381225586,9.201313018798828,7.163643836975098,642985
2019-01-31,9.157890319824219,9.4010591506958,9.110124588012695,9.305527687072754,7.244779109954834,773529
2019-02-01,9.279475212097168,9.4010591506958,9.175259590148926,9.305527687072754,7.244779109954834,792065
2019-02-04,9.288159370422363,9.409743309020996,9.118809700012207,9.383689880371094,7.305632591247559,875254
2019-02-05,9.392374038696289,9.54001235961914,9.296843528747559,9.496588706970215,7.393528938293457,752121
2019-02-06,9.531327247619629,9.72238826751709,9.484256744384766,9.631199836730957,7.4983296394348145,862309
2019-02-07,9.544354438781738,9.652912139892578,9.383689880371094,9.440138816833496,7.349580764770508,882870
2019-02-08,9.383689880371094,9.496588706970215,9.262104988098145,9.33592414855957,7.268442630767822,632488
2019-02-11,9.33592414855957,9.44448184967041,9.270790100097656,9.340267181396484,7.271826267242432,660824
2019-02-12,9.396716117858887,9.57040786743164,9.331582069396973,9.561722755432129,7.444238185882568,983851
2019-02-13,9.59646224975586,9.891737937927246,9.453166007995605,9.796207427978516,7.626794815063477,1776477
2019-02-14,9.761468887329102,9.94167423248291,9.700676918029785,9.922134399414062,7.7248358726501465,1057706
2019-02-15,9.96989917755127,9.995951652526855,9.791865348815918,9.896080017089844,7.704550743103027,1132469
2019-02-19,9.830945014953613,9.95687198638916,9.809233665466309,9.909107208251953,7.714693069458008,1385096
2019-02-20,9.900422096252441,10.204381942749023,9.874367713928223,10.061086654663086,7.8330159187316895,1580935
2019-02-21,9.917791366577148,10.204381942749023,9.557380676269531,10.178329467773438,7.924296855926514,2312648
2019-02-22,10.200039863586426,10.360705375671387,10.13924789428711,10.325966835021973,8.039237976074219,1323732
2019-02-25,10.438865661621094,10.632098197937012,10.408470153808594,10.447550773620605,8.133896827697754,1278668
2019-02-26,10.4258394241333,10.517026901245117,10.00029468536377,10.412812232971191,8.106849670410156,1503457
2019-02-27,10.33030891418457,10.51268482208252,10.291228294372559,10.382415771484375,8.0831880569458,904218
2019-02-28,10.37373161315918,10.495315551757812,10.356363296508789,10.421497344970703,8.113614082336426,763601
2019-03-01,10.508342742919922,10.525712013244629,9.670281410217285,9.870025634765625,7.684266567230225,1869156
2019-03-04,9.600804328918457,10.134905815124512,9.600804328918457,10.013321876525879,7.795827865600586,1666295
2019-03-05,9.995951652526855,10.152275085449219,9.805976867675781,10.104510307312012,7.866824150085449,1212634
2019-03-06,10.10885238647461,10.221752166748047,10.039375305175781,10.113194465637207,7.873586177825928,1533110
2019-03-07,10.10885238647461,10.143633842468262,9.918225288391113,9.978583335876465,7.768784046173096,1580131
2019-03-08,9.883052825927734,10.10885238647461,9.797162055969238,10.10885238647461,7.870205402374268,870952
2019-03-11,10.143589973449707,10.412812232971191,10.13924789428711,10.378073692321777,8.079803466796875,1583751
2019-03-12,10.317281723022461,10.430182456970215,10.213067054748535,10.33030891418457,8.20065689086914,1870137
2019-03-13,10.369388580322266,10.464920043945312,10.269516944885254,10.434523582458496,8.283388137817383,2971431
2019-03-14,10.430182456970215,10.595189094543457,10.399828910827637,10.490974426269531,8.328198432922363,2151728
2019-03-15,10.56479263305664,10.773222923278809,10.530054092407227,10.621241569519043,8.431612968444824,2204345
2019-03-18,10.612558364868164,10.71008586883545,10.093653678894043,10.16096019744873,8.066217422485352,1156608
2019-03-19,10.217409133911133,10.404128074645996,10.195697784423828,10.260831832885742,8.145502090454102,1249888
2019-03-20,10.252147674560547,10.647295951843262,10.056744575500488,10.382415771484375,8.242020606994629,1426631
2019-03-21,10.37373161315918,10.67335033416748,10.334650993347168,10.556108474731445,8.37990665435791,1262179
2019-03-22,10.486631393432617,10.525712013244629,10.026349067687988,10.026349067687988,7.959359645843506,897751
2019-03-25,10.017663955688477,10.210895538330078,9.870025634765625,9.96989917755127,7.914547443389893,640857
2019-03-26,10.026349067687988,10.126220703125,9.911277770996094,9.987268447875977,7.9283342361450195,596853
2019-03-27,9.982926368713379,10.156617164611816,9.874367713928223,10.13924789428711,8.04898452758789,846074
2019-03-28,10.156617164611816,10.27820110321045,9.961214065551758,10.091483116149902,8.011066436767578,645002
2019-03-29,10.169644355773926,10.226094245910645,10.078455924987793,10.16096019744873,8.066217422485352,994601
2019-04-01,10.226094245910645,10.391100883483887,10.204381942749023,10.386758804321289,8.245468139648438,970533
2019-04-02,10.378073692321777,10.4562349319458,10.295571327209473,10.408470153808594,8.262701034545898,857572
2019-04-03,10.525712013244629,10.764537811279297,10.48228931427002,10.65163803100586,8.455741882324219,1872543
2019-04-04,10.660323143005371,10.790592193603516,10.625628471374512,10.695060729980469,8.490211486816406,950429
2019-04-05,10.708087921142578,10.708087921142578,10.573476791381836,10.60821533203125,8.421272277832031,2055855
2019-04-08,10.551766395568848,10.614728927612305,10.477947235107422,10.56479263305664,8.386797904968262,977025
2019-04-09,10.49965763092041,10.616900444030762,10.417155265808105,10.438865661621094,8.286832809448242,939032
2019-04-10,10.447550773620605,10.647295951843262,10.421497344970703,10.634268760681152,8.441954612731934,829902
2019-04-11,10.655981063842773,10.669008255004883,10.551766395568848,10.599531173706055,8.414377212524414,379820
2019-04-12,10.664665222167969,10.790592193603516,10.538739204406738,10.7601957321167,8.54192066192627,693228
2019-04-15,10.7298002243042,10.790592193603516,10.553936958312988,10.634268760681152,8.441954612731934,424117
2019-04-16,10.67335033416748,10.851384162902832,10.67335033416748,10.847041130065918,8.61086368560791,647236
2019-04-17,10.868753433227539,11.220478057861328,10.803619384765625,11.159686088562012,8.859053611755371,2068131
2019-04-18,11.151001930236816,11.159686088562012,10.866581916809082,10.946913719177246,8.690145492553711,614926
2019-04-22,10.933886528015137,11.020732879638672,10.71677303314209,10.738484382629395,8.524682998657227,470514
2019-04-23,10.738484382629395,10.85572624206543,10.712430000305176,10.820987701416016,8.590177536010742,482899
2019-04-24,10.794934272766113,10.999021530151367,10.794934272766113,10.85572624206543,8.617755889892578,684991
2019-04-25,10.964282989501953,10.977310180664062,10.642953872680664,10.686376571655273,8.483316421508789,528866
2019-04-26,10.612558364868164,10.847041130065918,10.556108474731445,10.825329780578613,8.59362506866455,357134
2019-04-29,10.807961463928223,10.929545402526855,10.755852699279785,10.777565002441406,8.555708885192871,1060967
2019-04-30,10.764537811279297,10.85572624206543,10.74716854095459,10.790592193603516,8.566046714782715,688152
2019-05-01,10.834014892578125,10.85572624206543,10.677692413330078,10.690718650817871,8.48676586151123,1098991
2019-05-02,10.634268760681152,10.881779670715332,10.634268760681152,10.803619384765625,8.576391220092773,675284
2019-05-03,10.88612174987793,11.064155578613281,10.791330337524414,11.059814453125,8.779767036437988,788024
2019-05-06,10.825329780578613,11.020732879638672,10.762367248535156,10.890463829040527,8.645330429077148,664494
2019-05-07,10.725457191467285,10.864411354064941,10.625584602355957,10.738484382629395,8.524682998657227,557532
2019-05-08,10.708087921142578,10.834014892578125,10.590846061706543,10.664665222167969,8.466081619262695,1112781
2019-05-09,10.794934272766113,10.890463829040527,10.490974426269531,10.664665222167969,8.466081619262695,965960
2019-05-10,10.582161903381348,10.629926681518555,10.365047454833984,10.521369934082031,8.352331161499023,1015044
2019-05-13,10.265174865722656,10.273859024047852,9.678964614868164,10.013321876525879,7.949018478393555,1490602
2019-05-14,10.0958251953125,10.360705375671387,10.004636764526367,10.34333610534668,8.210996627807617,1101842
2019-05-15,10.243462562561035,10.49965763092041,10.239121437072754,10.325966835021973,8.197210311889648,1393453
2019-05-16,10.27820110321045,10.391100883483887,10.039375305175781,10.226094245910645,8.117925643920898,812937
2019-05-17,10.10885238647461,10.169644355773926,9.783180236816406,9.796207427978516,7.776662349700928,901337
2019-05-20,9.652912139892578,9.822260856628418,9.518301010131836,9.639884948730469,7.6525654792785645,738980
2019-05-21,9.713704109191895,9.843972206115723,9.622514724731445,9.639884948730469,7.6525654792785645,693306
2019-05-22,9.57040786743164,9.644227027893066,9.509615898132324,9.513957977294922,7.5526018142700195,538144
2019-05-23,9.396716117858887,9.500930786132812,9.262104988098145,9.492246627807617,7.535366058349609,767703
2019-05-24,9.526985168457031,9.648569107055664,9.461851119995117,9.470535278320312,7.518128871917725,470203
2019-05-28,9.435796737670898,9.500930786132812,9.20999813079834,9.24039363861084,7.493686676025391,753745
2019-05-29,9.179601669311523,9.24039363861084,9.066701889038086,9.101441383361816,7.381000995635986,1429450
2019-05-30,9.062359809875488,9.192628860473633,9.02762222290039,9.110124588012695,7.38804292678833,1180169
2019-05-31,9.110124588012695,9.266448020935059,9.088414192199707,9.123151779174805,7.3986077308654785,1696394
2019-06-03,9.16657543182373,9.375004768371582,9.037609100341797,9.19697093963623,7.458470821380615,1236059
2019-06-04,9.262104988098145,9.331582069396973,9.20999813079834,9.257762908935547,7.5077714920043945,3249566
2019-06-05,9.314212799072266,9.322896957397461,8.897353172302246,8.988540649414062,7.289440155029297,1104338
2019-06-06,8.97551441192627,9.071044921875,8.94946002960205,8.984198570251465,7.285918235778809,1185855
2019-06-07,9.018937110900879,9.24039363861084,8.978466987609863,9.088414192199707,7.3704352378845215,1147829
2019-06-10,9.088414192199707,9.205656051635742,8.893011093139648,8.932090759277344,7.2436628341674805,733308
2019-06-11,9.062359809875488,9.192628860473633,8.919063568115234,8.984198570251465,7.285918235778809,762431
2019-06-12,8.966830253601074,9.014595031738281,8.686752319335938,8.832219123840332,7.1626691818237305,629096
2019-06-13,8.875641822814941,8.984198570251465,8.728004455566406,8.906038284301758,7.222533702850342,516312
2019-06-14,8.814848899841309,8.814848899841309,8.532601356506348,8.554311752319336,6.937294960021973,580044
2019-06-17,8.541284561157227,8.645500183105469,8.424042701721191,8.45009708404541,6.852778434753418,767263
2019-06-18,8.532601356506348,8.793137550354004,8.506546974182129,8.636816024780273,7.004201889038086,1218322
2019-06-19,8.641158103942871,8.767084121704102,8.59122085571289,8.649842262268066,7.014766693115234,1050102
2019-06-20,8.706292152404785,8.736687660217285,8.476151466369629,8.502204895019531,6.895036220550537,901798
2019-06-21,8.471808433532715,8.49351978302002,8.376277923583984,8.441411972045898,6.845736503601074,1243742
2019-06-24,8.454439163208008,8.489177703857422,8.211271286010742,8.250351905822754,6.690792083740234,1082359
2019-06-25,8.293774604797363,8.615103721618652,8.276405334472656,8.424042701721191,6.831649303436279,1530102
2019-06-26,8.467466354370117,8.749714851379395,8.467466354370117,8.723661422729492,7.074631690979004,2121456
2019-06-27,8.793137550354004,8.884325981140137,8.775769233703613,8.814848899841309,7.148582458496094,1886313
2019-06-28,8.893011093139648,8.984198570251465,8.814848899841309,8.940775871276855,7.250704765319824,2205976
2019-07-01,9.088414192199707,9.270790100097656,8.884325981140137,8.936433792114258,7.247182846069336,1648339
2019-07-02,8.958145141601562,9.116639137268066,8.788796424865723,9.105783462524414,7.384522438049316,949494
2019-07-03,9.101441383361816,9.124367713928223,8.986370086669922,9.066701889038086,7.352827548980713,352330
2019-07-05,9.010252952575684,9.049332618713379,8.888668060302734,9.001567840576172,7.30000638961792,456319
2019-07-08,8.936433792114258,8.988540649414062,8.767084121704102,8.788796424865723,7.127453327178955,636749
2019-07-09,8.723661422729492,8.875641822814941,8.648192405700684,8.767084121704102,7.109846115112305,949164
2019-07-10,8.86695671081543,9.131836891174316,8.814848899841309,9.118809700012207,7.395083427429199,879957
2019-07-11,9.140521049499512,9.140521049499512,8.767084121704102,8.862614631652832,7.187318801879883,534904
2019-07-12,8.858271598815918,9.123151779174805,8.82353401184082,9.088414192199707,7.3704352378845215,560819
2019-07-15,9.123151779174805,9.140521049499512,8.914722442626953,9.062359809875488,7.349305152893066,303381
2019-07-16,9.018937110900879,9.079729080200195,8.910380363464355,9.02762222290039,7.321134567260742,416621
2019-07-17,9.044990539550781,9.162233352661133,8.966830253601074,9.136178970336914,7.409171104431152,505730
2019-07-18,9.118809700012207,9.288159370422363,9.118809700012207,9.22302532196045,7.479601860046387,733946
2019-07-19,9.218682289123535,9.292501449584961,9.049332618713379,9.05801773071289,7.345782279968262,567027
2019-07-22,9.084071159362793,9.257762908935547,9.008081436157227,9.05801773071289,7.345782279968262,545500
2019-07-23,9.097098350524902,9.22302532196045,8.97551441192627,9.123151779174805,7.3986077308654785,532375
2019-07-24,9.101441383361816,9.661596298217773,9.02762222290039,9.631199836730957,7.810615539550781,893129
2019-07-25,9.553038597106934,9.553038597106934,9.20999813079834,9.479220390319824,7.687366485595703,873039
2019-07-26,9.509615898132324,9.59646224975586,9.474878311157227,9.58343505859375,7.771880149841309,504091
2019-07-29,9.618172645568848,9.718046188354492,9.322896957397461,9.44448184967041,7.659193992614746,621123
2019-07-30,9.340267181396484,9.492246627807617,9.340267181396484,9.457508087158203,7.669758319854736,1136671
2019-07-31,9.470535278320312,9.479220390319824,9.188285827636719,9.270790100097656,7.518336772918701,707644
2019-08-01,9.205656051635742,9.480088233947754,8.97551441192627,9.05801773071289,7.345782279968262,1207219
2019-08-02,9.036306381225586,9.088414192199707,8.801822662353516,8.879983901977539,7.201404094696045,725356
2019-08-05,8.771427154541016,8.845245361328125,8.428385734558105,8.510889053344727,6.902080059051514,807939
2019-08-06,8.584708213806152,8.65418529510498,8.25903606414795,8.4066743850708,6.817563533782959,809913
2019-08-07,8.68458080291748,8.69977855682373,8.337197303771973,8.46312427520752,6.863342761993408,1649355
2019-08-08,8.549969673156738,9.02110767364502,8.45743465423584,8.988540649414062,7.289440155029297,2341130
2019-08-09,8.906038284301758,8.953803062438965,8.706292152404785,8.884325981140137,7.204925060272217,800556
2019-08-12,8.810506820678711,8.86695671081543,8.471808433532715,8.723661422729492,7.074631690979004,790036
2019-08-13,8.701950073242188,8.871298789978027,8.432727813720703,8.532601356506348,6.9196882247924805,1142477
2019-08-14,8.315485954284668,8.350223541259766,7.9116530418396,8.224297523498535,6.669662952423096,1448265
2019-08-15,8.137452125549316,8.28074836730957,8.094029426574707,8.224297523498535,6.669662952423096,1111848
2019-08-16,8.306800842285156,8.428385734558105,8.235154151916504,8.380620002746582,6.7964348793029785,1394245
2019-08-19,8.567338943481445,8.741029739379883,8.517099380493164,8.65418529510498,7.0182881355285645,612395
2019-08-20,8.61944580078125,8.688922882080078,8.541284561157227,8.57602310180664,6.954900741577148,608639
2019-08-21,8.69760799407959,8.780111312866211,8.598213195800781,8.754056930541992,7.099280834197998,465390
2019-08-22,8.793137550354004,8.827876091003418,8.645500183105469,8.745372772216797,7.092238426208496,410030
2019-08-23,8.706292152404785,8.745372772216797,8.211271286010742,8.241666793823242,6.6837477684021,619235
2019-08-26,8.254693984985352,8.293774604797363,8.067975044250488,8.085345268249512,6.72005033493042,437280
2019-08-27,8.167847633361816,8.167847633361816,7.742303848266602,7.746645927429199,6.438543796539307,590745
2019-08-28,7.7379608154296875,7.824807167053223,7.6901960372924805,7.733619213104248,6.427717685699463,928371
2019-08-29,7.850861072540283,8.020210266113281,7.837833881378174,7.89862585067749,6.564861297607422,457873
2019-08-30,7.942049026489258,8.08968734741211,7.915995121002197,7.955076217651367,6.611779689788818,567179
2019-09-03,7.9463911056518555,8.085345268249512,7.894283771514893,7.998498916625977,6.64786958694458,672126
2019-09-04,8.081002235412598,8.241666793823242,7.994156837463379,8.163505554199219,6.785013675689697,1345059
2019-09-05,8.276405334472656,8.57602310180664,8.276405334472656,8.306800842285156,6.904111862182617,895283
2019-09-06,8.293774604797363,8.411016464233398,7.989813804626465,8.341540336608887,6.932985782623291,596919
2019-09-09,8.341540336608887,8.549969673156738,8.293774604797363,8.411016464233398,6.990728378295898,704489
2019-09-10,8.393647193908691,8.68458080291748,8.315485954284668,8.61944580078125,7.163961887359619,916378
2019-09-11,8.68458080291748,8.879983901977539,8.636816024780273,8.875641822814941,7.37689733505249,612787
2019-09-12,8.888668060302734,9.07369327545166,8.68458080291748,8.910380363464355,7.405770778656006,1446688
2019-09-13,8.940775871276855,9.079729080200195,8.920106887817383,9.02762222290039,7.503215312957764,940736
2019-09-16,9.00590991973877,9.101441383361816,8.906038284301758,9.062359809875488,7.53208589553833,653579
2019-09-17,9.014595031738281,9.036306381225586,8.845245361328125,8.945117950439453,7.434643268585205,493315
2019-09-18,8.945117950439453,8.971172332763672,8.780111312866211,8.86695671081543,7.369678974151611,588634
2019-09-19,8.871298789978027,8.99227523803711,8.819191932678223,8.832219123840332,7.340808391571045,510875
2019-09-20,8.832219123840332,9.170916557312012,8.623788833618164,8.840903282165527,7.348023414611816,1409062
2019-09-23,8.814848899841309,9.031964302062988,8.732345581054688,8.953803062438965,7.441859722137451,515064
2019-09-24,8.997225761413574,9.114466667175293,8.797479629516602,8.806164741516113,7.319152355194092,656669
2019-09-25,8.793137550354004,8.888668060302734,8.675895690917969,8.814848899841309,7.3263702392578125,1473828
2019-09-26,8.827876091003418,9.153548240661621,8.82509708404541,9.142691612243652,7.598852634429932,784005
2019-09-27,9.097098350524902,9.136178970336914,8.912941932678223,9.071044921875,7.539304733276367,620863
2019-09-30,9.044990539550781,9.140521049499512,8.958145141601562,8.97985553741455,7.4635138511657715,767562
2019-10-01,9.049332618713379,9.16657543182373,8.719319343566895,8.762742042541504,7.283062934875488,568946
2019-10-02,8.710634231567383,8.819191932678223,8.70585823059082,8.741029739379883,7.265016078948975,602361
2019-10-03,8.728004455566406,8.83656120300293,8.580625534057617,8.760570526123047,7.281257629394531,563992
2019-10-04,8.788796424865723,8.901695251464844,8.762742042541504,8.895181655883789,7.393138408660889,534275
2019-10-07,8.879983901977539,8.97551441192627,8.801822662353516,8.83656120300293,7.34441614151001,810063
2019-10-08,8.719319343566895,8.769254684448242,8.554311752319336,8.567338943481445,7.120654106140137,598536
2019-10-09,8.63247299194336,8.728004455566406,8.571681022644043,8.61944580078125,7.163961887359619,420050
2019-10-10,8.641158103942871,8.771427154541016,8.580366134643555,8.597735404968262,7.145918369293213,540659
2019-10-11,8.814848899841309,8.988540649414062,8.780111312866211,8.83656120300293,7.34441614151001,532716
2019-10-14,8.806164741516113,8.806164741516113,8.515231132507324,8.680237770080566,7.214489459991455,511520
2019-10-15,8.693264961242676,8.984198570251465,8.649842262268066,8.97768497467041,7.461709499359131,593249
2019-10-16,8.945117950439453,9.031964302062988,8.780111312866211,8.83656120300293,7.34441614151001,510870
2019-10-17,8.871298789978027,9.031964302062988,8.871298789978027,8.927748680114746,7.4202046394348145,409901
2019-10-18,8.893011093139648,8.908208847045898,8.66938304901123,8.736687660217285,7.261407375335693,355264
2019-10-21,8.810506820678711,9.02110767364502,8.810506820678711,8.936433792114258,7.427423477172852,463336
2019-10-22,8.958145141601562,9.101441383361816,8.932090759277344,9.049332618713379,7.521260738372803,366412
2019-10-23,8.99288272857666,9.049332618713379,8.882155418395996,8.919063568115234,7.412985324859619,314541
2019-10-24,8.958145141601562,9.044990539550781,8.827876091003418,9.014595031738281,7.492387771606445,477181
2019-10-25,8.99288272857666,9.136178970336914,8.897353172302246,9.110124588012695,7.571786403656006,487503
2019-10-28,9.16657543182373,9.289505004882812,9.144864082336426,9.192628860473633,7.640357971191406,377646
2019-10-29,9.149206161499023,9.266448020935059,9.039563179016113,9.075387001037598,7.542914390563965,517858
2019-10-30,9.075387001037598,9.201313018798828,8.873470306396484,8.94946002960205,7.43825101852417,466749
2019-10-31,8.923406600952148,8.950546264648438,8.719319343566895,8.817021369934082,7.328176021575928,613632
2019-11-01,8.871298789978027,9.05801773071289,8.860443115234375,9.018937110900879,7.495996475219727,509355
2019-11-04,9.097098350524902,9.388031959533691,9.097098350524902,9.22302532196045,7.665620803833008,482733
2019-11-05,9.24039363861084,9.357636451721191,9.188285827636719,9.25342082977295,7.690884590148926,372552
2019-11-06,9.201313018798828,9.201313018798828,8.96248722076416,9.053674697875977,7.524868488311768,550317
2019-11-07,8.732345581054688,9.309870719909668,8.593393325805664,9.266448020935059,7.701711177825928,1124924
2019-11-08,9.16657543182373,9.427111625671387,9.062359809875488,9.318554878234863,7.745019435882568,671046
2019-11-11,9.25342082977295,9.292501449584961,9.068873405456543,9.16657543182373,7.618704319000244,471391
2019-11-12,9.227367401123047,9.301185607910156,9.164403915405273,9.201313018798828,7.647576332092285,668536
2019-11-13,9.118809700012207,9.162233352661133,8.99288272857666,9.101441383361816,7.564567565917969,505797
2019-11-14,9.097098350524902,9.144864082336426,8.97551441192627,9.014595031738281,7.492387771606445,567854
2019-11-15,9.092756271362305,9.162233352661133,8.953803062438965,9.053674697875977,7.524868488311768,545804
2019-11-18,8.97551441192627,9.018937110900879,8.803994178771973,8.858271598815918,7.362462520599365,611290
2019-11-19,8.945117950439453,8.971172332763672,8.832219123840332,8.83656120300293,7.34441614151001,396838
2019-11-20,8.788796424865723,8.879983901977539,8.623788833618164,8.671553611755371,7.207272052764893,783807
2019-11-21,8.671553611755371,8.688922882080078,8.49351978302002,8.497861862182617,7.062908172607422,451455
2019-11-22,8.558653831481934,8.558653831481934,8.267721176147461,8.272063255310059,6.875239372253418,512506
2019-11-25,8.328513145446777,8.63247299194336,8.311534881591797,8.586878776550293,7.136894226074219,682803
2019-11-26,8.49351978302002,8.57602310180664,8.402332305908203,8.49351978302002,7.227642059326172,540244
2019-11-27,8.532601356506348,8.680237770080566,8.484834671020508,8.65418529510498,7.3643622398376465,506366
2019-11-29,8.60641860961914,8.658527374267578,8.536943435668945,8.593393325805664,7.312631607055664,270900
2019-12-02,8.57602310180664,8.580366134643555,8.228639602661133,8.267721176147461,7.035496234893799,613784
2019-12-03,8.137452125549316,8.163505554199219,8.011526107788086,8.117912292480469,6.908015727996826,1756729
2019-12-04,8.250351905822754,8.371935844421387,8.167847633361816,8.239496231079102,7.011478900909424,684067
2019-12-05,8.250351905822754,8.30024528503418,8.141794204711914,8.154821395874023,6.939425468444824,639399
2019-12-06,8.254693984985352,8.384963035583496,8.193902015686035,8.315485954284668,7.07614278793335,804469
2019-12-09,8.250351905822754,8.35456657409668,8.206929206848145,8.23298168182373,7.005935192108154,906256
2019-12-10,8.28074836730957,8.384963035583496,8.189559936523438,8.350223541259766,7.105701923370361,890555
2019-12-11,8.393647193908691,8.515231132507324,8.393647193908691,8.458782196044922,7.198084354400635,538388
2019-12-12,8.45009708404541,8.649842262268066,8.445755004882812,8.636816024780273,7.349582672119141,431615
2019-12-13,8.706292152404785,9.092756271362305,8.68458080291748,9.05801773071289,7.708008289337158,915800
2019-12-16,9.118809700012207,9.251250267028809,9.05801773071289,9.157890319824219,7.792994976043701,970315
2019-12-17,9.175259590148926,9.244735717773438,9.097098350524902,9.236051559448242,7.859505653381348,751904
2019-12-18,9.257762908935547,9.257762908935547,9.00590991973877,9.092756271362305,7.73756742477417,732719
2019-12-19,8.163505554199219,8.332855224609375,8.009354591369629,8.08968734741211,6.883997917175293,5109669
2019-12-20,8.046263694763184,8.07666015625,7.861717224121094,7.920338153839111,6.739887714385986,9232247
2019-12-23,7.994156837463379,8.21561336517334,7.859546184539795,8.163505554199219,6.946814060211182,2629298
2019-12-24,8.172189712524414,8.183046340942383,7.89862585067749,8.154821395874023,6.939425468444824,1448304
2019-12-26,8.20258617401123,8.20258617401123,7.989813804626465,8.124424934387207,6.913557529449463,1397423
2019-12-27,8.180874824523926,8.180874824523926,7.902967929840088,7.976787090301514,6.787923336029053,1747796
2019-12-30,8.020210266113281,8.12008285522461,7.9116530418396,7.989813804626465,6.799009323120117,1453937
2019-12-31,7.959417819976807,8.072318077087402,7.902967929840088,8.03323745727539,6.835960388183594,1710981
2020-01-02,8.098370552062988,8.198244094848633,7.89862585067749,8.037578582763672,6.839654922485352,2612611
2020-01-03,7.929021835327148,7.9463911056518555,7.855203151702881,7.863887786865234,6.6918511390686035,1299675
2020-01-06,7.816123008728027,7.929021835327148,7.742303848266602,7.829148769378662,6.662290096282959,2776877
2020-01-07,7.816123008728027,7.93770694732666,7.803095817565918,7.859546184539795,6.688155651092529,1792924
2020-01-08,7.850861072540283,7.915995121002197,7.787898063659668,7.811779975891113,6.647510051727295,2865176
2020-01-09,7.850861072540283,7.894283771514893,7.755331039428711,7.777041912078857,6.617948532104492,1881258
2020-01-10,7.781383991241455,7.989813804626465,7.764015197753906,7.902967929840088,6.725106239318848,2120401
2020-01-13,7.902967929840088,8.163505554199219,7.876914978027344,8.115740776062012,6.9061689376831055,2030398
2020-01-14,8.098370552062988,8.156991958618164,7.93770694732666,8.03323745727539,6.835960388183594,1311190
2020-01-15,8.011526107788086,8.07666015625,7.902967929840088,7.994156837463379,6.802704334259033,1289674
2020-01-16,8.041921615600586,8.180874824523926,7.998498916625977,8.098370552062988,6.891385555267334,846923
2020-01-17,8.128767967224121,8.180874824523926,8.037578582763672,8.124424934387207,6.913557529449463,1983326
2020-01-21,8.059290885925293,8.150479316711426,7.998498916625977,8.094029426574707,6.887691974639893,1581080
2020-01-22,8.163505554199219,8.180874824523926,8.03323745727539,8.041921615600586,6.843350410461426,1392306
2020-01-23,8.024553298950195,8.024553298950195,7.87257194519043,7.976787090301514,6.787923336029053,1281664
2020-01-24,8.067975044250488,8.067975044250488,7.733619213104248,7.768356800079346,6.610559463500977,964184
2020-01-27,7.590322971343994,7.694538116455078,7.4340009689331055,7.447028160095215,6.337120532989502,888104
2020-01-28,7.481766223907471,7.625061988830566,7.481766223907471,7.590322971343994,6.4590582847595215,670565
2020-01-29,7.572954177856445,7.620719909667969,7.386236190795898,7.3949198722839355,6.292778491973877,948655
2020-01-30,7.351498126983643,7.4340009689331055,7.251972198486328,7.342813014984131,6.24843692779541,1107790
2020-01-31,7.29070520401001,7.31450080871582,6.978061199188232,6.9867448806762695,5.945437431335449,1125511
2020-02-03,6.973718166351318,7.038853168487549,6.621993064880371,6.652389049530029,5.660913467407227,2068330
2020-02-04,6.7696309089660645,6.895556926727295,6.661073207855225,6.856475830078125,5.8345842361450195,2377890
2020-02-05,6.960690975189209,7.112671852111816,6.830422878265381,7.051878929138184,6.000864505767822,1290079
2020-02-06,7.064906120300293,7.069249153137207,6.7870001792907715,6.826079845428467,5.808718204498291,1004163
2020-02-07,6.76528787612915,6.978061199188232,6.7305498123168945,6.860818862915039,5.838280200958252,1238618
2020-02-10,6.860818862915039,6.873846054077148,6.500409126281738,6.569884777069092,5.5907063484191895,1231909
2020-02-11,6.626335144042969,6.797854900360107,6.626335144042969,6.7870001792907715,5.775463581085205,996195
2020-02-12,6.869503021240234,6.9216108322143555,6.691469192504883,6.84345006942749,5.8234992027282715,1506801
2020-02-13,6.81739616394043,6.860818862915039,6.717523097991943,6.717523097991943,5.716341495513916,731012
2020-02-14,6.713181018829346,6.752261161804199,6.591597080230713,6.613307952880859,5.627658367156982,859590
2020-02-18,6.517777919769287,6.604623794555664,6.4265899658203125,6.522119998931885,5.550060749053955,1491500
2020-02-19,6.734891891479492,8.163505554199219,6.734891891479492,8.12008285522461,6.909862995147705,4712436
2020-02-20,8.072318077087402,8.645500183105469,8.050605773925781,8.597735404968262,7.316325664520264,3222262
2020-02-21,8.350223541259766,8.528258323669434,8.32417106628418,8.430557250976562,7.1740641593933105,1913409
2020-02-24,8.454439163208008,8.675895690917969,8.241666793823242,8.291603088378906,7.055820941925049,4668662
2020-02-25,8.315485954284668,8.367593765258789,7.7227630615234375,7.777041912078857,6.617948532104492,2687540
2020-02-26,7.820465087890625,7.920338153839111,7.733619213104248,7.89862585067749,6.721411228179932,2595676
2020-02-27,7.694538116455078,7.768356800079346,7.542558193206787,7.549071788787842,6.423956394195557,2618136
2020-02-28,7.273335933685303,7.468739032745361,6.999772071838379,7.464396953582764,6.351900577545166,4110381
2020-03-02,7.464396953582764,7.572954177856445,7.117013931274414,7.520846843719482,6.399937152862549,2734826
2020-03-03,7.051878929138184,7.490450859069824,7.030168056488037,7.251625061035156,6.339424133300781,4980640
2020-03-04,7.35584020614624,7.590280055999756,6.952006816864014,7.31675910949707,6.396363735198975,1399844
2020-03-05,7.164779186248779,7.225571155548096,6.6250319480896,6.756604194641113,5.906672477722168,1925034
2020-03-06,6.565543174743652,6.7870001792907715,6.556858062744141,6.739234924316406,5.891488552093506,1645424
2020-03-09,6.456985950469971,6.456985950469971,6.001045227050781,6.092233180999756,5.3258748054504395,1869105
2020-03-10,6.326716899871826,6.461328029632568,6.22684383392334,6.452642917633057,5.640946388244629,1545960
2020-03-11,6.331058979034424,6.721865177154541,6.22684383392334,6.539488792419434,5.716868877410889,2195389
2020-03-12,6.278952121734619,6.370140075683594,5.6406779289245605,5.85340690612793,5.117090225219727,1764665
2020-03-13,6.0835490226745605,6.192105770111084,5.482141017913818,5.875119209289551,5.13607120513916,2091776
2020-03-16,5.423520088195801,5.514708995819092,4.670133113861084,4.74612283706665,4.1490936279296875,1652464
2020-03-17,4.837310791015625,4.958895206451416,4.090436935424805,4.654934883117676,4.069377422332764,2293506
2020-03-18,4.398739814758301,4.763492107391357,3.912403106689453,4.624538898468018,4.042804718017578,2631546
2020-03-19,4.563746929168701,4.976264953613281,4.405252933502197,4.75915002822876,4.160482883453369,1944066
2020-03-20,4.837310791015625,5.267198085784912,4.737439155578613,4.92415714263916,4.304733753204346,2251947
2020-03-23,5.054426193237305,5.184693813323975,4.772177219390869,4.976264953613281,4.350286483764648,2246335
2020-03-24,5.202064037322998,5.836038112640381,5.141272068023682,5.770904064178467,5.044965744018555,1311158
2020-03-25,5.792614936828613,6.652389049530029,5.649320125579834,6.348427772521973,5.549841403961182,1940390
2020-03-26,6.4265899658203125,6.815225124359131,6.01841402053833,6.148683071136475,5.375222682952881,1536085
2020-03-27,5.940252780914307,6.1877641677856445,5.623526096343994,5.8924880027771,5.1512556076049805,1060203
2020-03-30,5.909856796264648,6.105259895324707,5.605896949768066,5.966307163238525,5.2157883644104,734151
2020-03-31,5.896830081939697,6.257239818572998,5.814326763153076,6.040125846862793,5.280320167541504,2249474
2020-04-01,5.883802890777588,5.935911178588867,5.501681804656982,5.636292934417725,4.92728853225708,1006169
2020-04-02,5.553789138793945,5.9749908447265625,5.540761947631836,5.679716110229492,4.9652485847473145,993901
2020-04-03,5.640635013580322,5.836038112640381,5.284566879272461,5.618924140930176,4.912104606628418,1621710
2020-04-06,5.818668842315674,6.370140075683594,5.818668842315674,6.331058979034424,5.534657001495361,1804128
2020-04-07,6.491724014282227,6.81739616394043,6.300662994384766,6.409220218658447,5.602985382080078,2106003
2020-04-08,6.491724014282227,6.587254047393799,6.244213104248047,6.413562774658203,5.606781959533691,810127
2020-04-09,6.548173904418945,6.77831506729126,6.261582851409912,6.348427772521973,5.549841403961182,1250713
2020-04-13,6.331058979034424,6.522119998931885,6.218160152435303,6.278952121734619,5.489104747772217,694469
2020-04-14,6.40487813949585,6.478696823120117,6.278952121734619,6.448300838470459,5.637150764465332,540297
2020-04-15,6.235528945922852,6.409220218658447,5.9749908447265625,6.239871025085449,5.454940319061279,1031672
2020-04-16,6.326716899871826,6.357112884521484,6.048810005187988,6.161709785461426,5.386610507965088,750815
2020-04-17,6.3180317878723145,6.483038902282715,6.313690185546875,6.372311115264893,5.570720672607422,693051
2020-04-20,6.209475040435791,6.331058979034424,6.135655879974365,6.231186866760254,5.447347640991211,1283002
2020-04-21,6.118287086486816,6.144340991973877,5.957622051239014,6.014071941375732,5.25754451751709,666908
2020-04-22,6.1877641677856445,6.246385097503662,5.996703147888184,6.192105770111084,5.413183212280273,674485
2020-04-23,6.218160152435303,6.478696823120117,6.118287086486816,6.144340991973877,5.371427059173584,974598
2020-04-24,6.161709785461426,6.413562774658203,6.0574951171875,6.378824234008789,5.576414585113525,626164
2020-04-27,6.4265899658203125,6.700153827667236,6.4265899658203125,6.648046016693115,5.811770439147949,772804
2020-04-28,6.795683860778809,6.860818862915039,6.517777919769287,6.656731128692627,5.819362163543701,597007
2020-04-29,6.839107036590576,7.047536849975586,6.726208209991455,6.999772071838379,6.119251728057861,904430
2020-04-30,6.8521342277526855,6.8521342277526855,6.606794834136963,6.635019779205322,5.800382137298584,707168
2020-05-01,6.452642917633057,6.491724014282227,5.925055027008057,6.252898216247559,5.4663286209106445,858823
2020-05-04,6.09657621383667,6.448300838470459,6.070521831512451,6.43093204498291,5.6219658851623535,1259540
2020-05-05,6.491724014282227,6.978061199188232,6.383166790008545,6.396193981170654,5.5915985107421875,1099083
2020-05-06,6.526462078094482,6.5785698890686035,6.357112884521484,6.461328029632568,5.6485395431518555,769527
2020-05-07,6.878188133239746,6.878188133239746,6.296320915222168,6.326716899871826,5.5308613777160645,1304997
2020-05-08,6.456985950469971,6.865160942077637,6.348427772521973,6.839107036590576,5.978796482086182,1274479
2020-05-11,6.721865177154541,6.8347649574279785,6.4396162033081055,6.630677223205566,5.796585559844971,1440460
2020-05-12,6.661073207855225,6.687127113342285,6.348427772521973,6.348427772521973,5.549841403961182,1227888
2020-05-13,6.422246932983398,6.422246932983398,5.988018035888672,6.1877641677856445,5.409388065338135,1477554
2020-05-14,6.0792059898376465,6.283294200897217,5.875119209289551,6.278952121734619,5.489104747772217,1441144
2020-05-15,6.213817119598389,6.300662994384766,6.070521831512451,6.239871025085449,5.454940319061279,1479592
2020-05-18,6.456985950469971,6.830422878265381,6.387508869171143,6.708837985992432,5.864912986755371,1808674
2020-05-19,6.643703937530518,6.704495906829834,6.496066093444824,6.539488792419434,5.892533779144287,1194959
2020-05-20,6.652389049530029,6.756604194641113,6.617650032043457,6.6654157638549805,6.006001949310303,670823
2020-05-21,6.621993064880371,6.695812225341797,6.535147190093994,6.569884777069092,5.919922351837158,984878
2020-05-22,6.626335144042969,6.626335144042969,6.483038902282715,6.587254047393799,5.935573101043701,378537
2020-05-26,6.617650032043457,6.8521342277526855,6.598110198974609,6.669757843017578,6.009913444519043,654322
2020-05-27,6.687127113342285,6.752261161804199,6.4265899658203125,6.630677223205566,5.974700450897217,1199620
2020-05-28,6.496066093444824,6.635019779205322,6.0314412117004395,6.122629165649414,5.516912937164307,3146500
2020-05-29,6.0792059898376465,6.0792059898376465,5.788272857666016,5.970648765563965,5.379969120025635,9439872
2020-06-01,6.113945007324219,6.196447849273682,5.957622051239014,6.077034950256348,5.475830078125,2220376
2020-06-02,6.26592493057251,6.26592493057251,5.818668842315674,5.866434097290039,5.286062717437744,1899207
2020-06-03,5.662345886230469,6.0792059898376465,5.662345886230469,5.961965084075928,5.37214469909668,2903783
2020-06-04,5.9272260665893555,6.0792059898376465,5.788272857666016,5.992361068725586,5.399533271789551,1655534
2020-06-05,6.148683071136475,6.309348106384277,5.9272260665893555,5.9597930908203125,5.370187282562256,2441819
2020-06-08,6.0314412117004395,6.061837196350098,5.896830081939697,5.9749908447265625,5.383881568908691,1793286
2020-06-09,5.844723224639893,6.070521831512451,5.7752461433410645,6.009729862213135,5.4151835441589355,1178456
2020-06-10,6.001045227050781,6.001045227050781,5.64497709274292,5.653662204742432,5.09434175491333,2847577
2020-06-11,5.462601184844971,5.4799699783325195,5.186430931091309,5.256341934204102,4.736328125,2931970
2020-06-12,5.445231914520264,5.4712419509887695,5.245487213134766,5.393124103546143,4.859579563140869,2068663
2020-06-15,5.090683937072754,6.040125846862793,5.089163780212402,5.909856796264648,5.325190544128418,3493690
2020-06-16,6.022757053375244,6.022757053375244,5.723138809204102,5.827353000640869,5.250850200653076,4208527
2020-06-17,5.831696033477783,6.148683071136475,5.822576999664307,5.862092018127441,5.2821526527404785,3756800
2020-06-18,5.849064826965332,5.9272260665893555,5.762218952178955,5.870776176452637,5.289977073669434,3749168
2020-06-19,5.870776176452637,6.009729862213135,5.749192237854004,5.766561031341553,5.196071147918701,6474230
2020-06-22,5.7187957763671875,5.985846996307373,5.64497709274292,5.875119209289551,5.293889045715332,2433664
2020-06-23,5.935911178588867,6.235528945922852,5.8924880027771,6.113945007324219,5.509088039398193,2232314
2020-06-24,6.070521831512451,6.144340991973877,5.897915840148926,5.996703147888184,5.403444766998291,1604033
2020-06-25,5.992361068725586,6.39185094833374,5.888145923614502,6.383166790008545,5.751675128936768,2541782
2020-06-26,6.3180317878723145,6.43093204498291,6.139997959136963,6.205132961273193,5.591256141662598,2527401
2020-06-29,6.261582851409912,6.456985950469971,6.209475040435791,6.331058979034424,5.704723358154297,1282198
2020-06-30,6.300662994384766,6.487381935119629,6.300662994384766,6.409220218658447,5.775151252746582,1615794
2020-07-01,6.352770805358887,6.500409126281738,6.309348106384277,6.441788196563721,5.804497241973877,1570848
2020-07-02,6.478696823120117,6.5308051109313965,6.2225022315979,6.244213104248047,5.626469135284424,1270677
2020-07-06,6.335402011871338,6.491724014282227,6.313690185546875,6.487381935119629,5.8455810546875,1125230
2020-07-07,6.435274124145508,6.500409126281738,6.26592493057251,6.374482154846191,5.743850231170654,1984302
2020-07-08,6.40487813949585,6.5308051109313965,6.233357906341553,6.365797996520996,5.736025810241699,1385962
2020-07-09,6.344086170196533,6.43093204498291,6.122629165649414,6.252898216247559,5.6342949867248535,1340955
2020-07-10,6.244213104248047,6.3180317878723145,6.126972198486328,6.133484840393066,5.526695728302002,1575184
2020-07-13,6.192105770111084,6.244213104248047,6.092233180999756,6.100917816162109,5.497349739074707,2047866
2020-07-14,6.0835490226745605,6.122629165649414,5.931568145751953,5.979333877563477,5.3877949714660645,1853804
2020-07-15,6.109601974487305,6.231186866760254,5.996703147888184,6.009729862213135,5.4151835441589355,1432412
2020-07-16,5.948937892913818,6.001045227050781,5.8403801918029785,5.870776176452637,5.289977073669434,1347965
2020-07-17,5.883802890777588,5.966307163238525,5.801300048828125,5.87946081161499,5.297801971435547,1419034
2020-07-20,5.849064826965332,6.1834211349487305,5.849064826965332,6.161709785461426,5.552128314971924,1219446
2020-07-21,6.239871025085449,6.452642917633057,6.231186866760254,6.396193981170654,5.7634148597717285,1862913
2020-07-22,6.326716899871826,6.487381935119629,6.278690814971924,6.456985950469971,5.8181915283203125,1300645
2020-07-23,6.435274124145508,6.721865177154541,6.413562774658203,6.517777919769287,5.872970104217529,2264627
2020-07-24,6.47001314163208,6.604623794555664,6.387508869171143,6.47001314163208,5.829930782318115,1566122
2020-07-27,7.199516773223877,7.507820129394531,6.904242038726807,7.342813014984131,6.616383075714111,8447320
2020-07-28,7.377551078796387,8.180874824523926,7.3530168533325195,7.750988006591797,6.984178066253662,7082054
2020-07-29,7.8465189933776855,8.094029426574707,7.7944111824035645,8.054948806762695,7.2580671310424805,2969803
2020-07-30,7.955076217651367,8.028895378112793,7.6901960372924805,7.929021835327148,7.144598007202148,2028949
2020-07-31,7.9463911056518555,8.011526107788086,7.764015197753906,8.007183074951172,7.215027809143066,2243543
2020-08-03,8.03323745727539,8.460952758789062,8.03323745727539,8.241666793823242,7.426314353942871,2531334
2020-08-04,8.224297523498535,8.267721176147461,7.881257057189941,7.93770694732666,7.1524248123168945,1743308
2020-08-05,8.028895378112793,8.03323745727539,7.694538116455078,7.724934101104736,6.960701942443848,2342899
2020-08-06,7.672826766967773,7.724934101104736,7.164779186248779,7.381894111633301,6.6515984535217285,2477404
2020-08-07,7.381894111633301,7.488279819488525,7.223400115966797,7.3949198722839355,6.663335800170898,1260783
2020-08-10,7.429658889770508,7.577297210693359,7.260309219360352,7.303731918334961,6.5811686515808105,2352737
2020-08-11,7.3297858238220215,7.381894111633301,6.535147190093994,6.587254047393799,5.935573101043701,4930462
2020-08-12,6.630677223205566,6.784829139709473,6.296320915222168,6.348427772521973,5.72037410736084,3629991
2020-08-13,6.352770805358887,6.464237213134766,6.278952121734619,6.3223748207092285,5.696897983551025,1714565
2020-08-14,6.300662994384766,6.374482154846191,6.113945007324219,6.3028340339660645,5.679289817810059,2259206
2020-08-17,6.378824234008789,6.422246932983398,6.0835490226745605,6.09657621383667,5.493438243865967,2171395
2020-08-18,6.087891101837158,6.135655879974365,5.996703147888184,6.005386829376221,5.411271572113037,2448306
2020-08-19,5.992361068725586,6.023667812347412,5.796957015991211,5.801300048828125,5.227374076843262,2200377
2020-08-20,5.7752461433410645,5.814326763153076,5.692698955535889,5.731822967529297,5.164769172668457,1674397
2020-08-21,5.705769062042236,5.749192237854004,5.558131217956543,5.597211837768555,5.043476104736328,2027015
2020-08-24,5.679716110229492,5.827353000640869,5.5668158531188965,5.783930778503418,5.211723327636719,2536983
2020-08-25,5.883802890777588,5.883802890777588,5.679716110229492,5.757876873016357,5.188246726989746,1400332
2020-08-26,5.762218952178955,5.805642127990723,5.723138809204102,5.740508079528809,5.172596454620361,1574668
2020-08-27,5.857749938964844,5.938082218170166,5.562473773956299,5.592870235443115,5.03956413269043,1905696
2020-08-28,5.640635013580322,5.640635013580322,5.514708995819092,5.540761947631836,5.037646293640137,1454759
2020-08-31,5.605896949768066,5.64497709274292,5.427863121032715,5.440889835357666,4.94684362411499,3243672
2020-09-01,5.427863121032715,5.444797992706299,5.210748195648193,5.228116989135742,4.753391742706299,3043133
2020-09-02,5.35187292098999,5.484313011169434,5.228116989135742,5.4148359298706055,4.923155307769775,3177986
2020-09-03,5.358386039733887,5.3757548332214355,5.210748195648193,5.228116989135742,4.753391742706299,2926139
2020-09-04,5.241144180297852,5.265027046203613,4.950211048126221,5.154297828674316,4.686275005340576,3118441
2020-09-08,5.080480098724365,5.128244876861572,4.997975826263428,5.015345096588135,4.559939384460449,2953881
2020-09-09,5.050083160400391,5.086993217468262,4.969750881195068,5.037056922912598,4.5796799659729,2737870
2020-09-10,5.097848892211914,5.193378925323486,4.928499221801758,4.941525936126709,4.492823600769043,3055758
2020-09-11,4.945868968963623,5.060938835144043,4.906787872314453,4.937183856964111,4.488874912261963,2530132
2020-09-14,4.963237762451172,5.037056922912598,4.91330099105835,4.997975826263428,4.544147968292236,2043826
2020-09-15,5.0066609382629395,5.136929035186768,4.980607032775879,5.076137065887451,4.615211009979248,2548086
2020-09-16,5.084822177886963,5.471285820007324,5.0717949867248535,5.397467136383057,4.9073638916015625,3131255
2020-09-17,5.275883197784424,5.54510498046875,5.210748195648193,5.453917026519775,4.958688259124756,3215798
2020-09-18,5.484313011169434,5.71011209487915,5.393124103546143,5.64497709274292,5.132400035858154,7476330
2020-09-21,5.540761947631836,5.627607822418213,5.475627899169922,5.5190510749816895,5.017908573150635,2708208
2020-09-22,5.497338771820068,5.514708995819092,5.205146789550781,5.249828815460205,4.773131370544434,1975464
2020-09-23,5.232460021972656,5.2628560066223145,4.950211048126221,4.950211048126221,4.5007195472717285,2165730
2020-09-24,4.941525936126709,5.067452907562256,4.906787872314453,4.941525936126709,4.492823600769043,1379023
2020-09-25,4.906787872314453,4.982778072357178,4.863365173339844,4.941525936126709,4.492823600769043,1489315
2020-09-28,5.011003017425537,5.076137065887451,4.958895206451416,4.997975826263428,4.544147968292236,1223126
2020-09-29,4.989291191101074,5.0717949867248535,4.950211048126221,5.0240302085876465,4.567836761474609,1220183
2020-09-30,5.028371810913086,5.097848892211914,4.889419078826904,4.989291191101074,4.536250591278076,1842421
2020-10-01,5.002317905426025,5.063109874725342,4.88507604598999,4.928499221801758,4.480979919433594,1710733
2020-10-02,4.845995903015137,4.9198150634765625,4.789546012878418,4.845995903015137,4.4059672355651855,1329570
2020-10-05,4.893761157989502,5.032713890075684,4.893761157989502,5.0240302085876465,4.567836761474609,1220970
2020-10-06,5.063109874725342,5.371413230895996,5.063109874725342,5.093505859375,4.631002902984619,3093648
2020-10-07,5.167325019836426,5.345358848571777,5.115218162536621,5.306279182434082,4.824455261230469,2801512
2020-10-08,5.371413230895996,5.4322052001953125,5.27154016494751,5.406150817871094,4.915259838104248,1721496
2020-10-09,5.384439945220947,5.523393154144287,5.33667516708374,5.371413230895996,4.883676528930664,1866620
2020-10-12,5.349701881408691,5.75353479385376,5.33667516708374,5.705769062042236,5.187671661376953,2861971
2020-10-13,5.636292934417725,5.75353479385376,5.423520088195801,5.597211837768555,5.088971138000488,2946537
2020-10-14,5.588528156280518,5.734254837036133,5.453917026519775,5.475627899169922,4.978426933288574,1654235
2020-10-15,5.397467136383057,5.4322052001953125,5.284566879272461,5.345358848571777,4.859987735748291,1700922
2020-10-16,5.362728118896484,5.436546802520752,5.284566879272461,5.410493850708008,4.91920804977417,1172604
2020-10-19,5.501681804656982,5.571157932281494,5.3996381759643555,5.419178009033203,4.927103042602539,1162333
2020-10-20,5.449573993682861,5.588528156280518,5.397467136383057,5.4647722244262695,4.968558311462402,1164348
2020-10-21,5.471285820007324,5.471285820007324,5.38009786605835,5.412664890289307,4.921182155609131,719838
2020-10-22,5.449573993682861,5.523393154144287,5.345358848571777,5.443060874938965,4.948817253112793,1166960
2020-10-23,5.4799699783325195,5.540761947631836,5.410493850708008,5.536419868469238,5.0336995124816895,873115
2020-10-26,5.527735233306885,5.618924140930176,5.46694278717041,5.605896949768066,5.096869468688965,1434047
2020-10-27,5.623266220092773,5.623266220092773,5.492997169494629,5.5668158531188965,5.06133508682251,1147970
2020-10-28,5.4148359298706055,5.505241870880127,5.323647975921631,5.4322052001953125,4.938947677612305,1246526
2020-10-29,5.410493850708008,5.590699195861816,5.38009786605835,5.558131217956543,5.053438186645508,1143560
2020-10-30,5.54510498046875,5.54510498046875,5.306279182434082,5.384439945220947,4.895519733428955,1316291
2020-11-02,5.458259105682373,5.475627899169922,5.314962863922119,5.4148359298706055,4.923155307769775,1205225
2020-11-03,5.492997169494629,5.610239028930664,5.4322052001953125,5.562473773956299,5.057387828826904,1380421
2020-11-04,5.536419868469238,5.605896949768066,5.427863121032715,5.453917026519775,4.958688259124756,1137560
2020-11-05,5.50602388381958,5.862092018127441,5.50602388381958,5.8403801918029785,5.310059547424316,3014855
2020-11-06,5.905515193939209,5.905515193939209,5.701426982879639,5.844723224639893,5.314008712768555,1042440
2020-11-09,6.066178798675537,6.239871025085449,5.988018035888672,6.048810005187988,5.499563694000244,3793702
2020-11-10,7.46565580368042,7.707564830780029,7.092566967010498,7.520846843719482,6.837935447692871,14942208
2020-11-11,7.520846843719482,7.750988006591797,7.425315856933594,7.607693195343018,6.916895389556885,5960344
2020-11-12,7.52518892288208,7.894283771514893,7.52518892288208,7.768356800079346,7.0629706382751465,4352465
2020-11-13,7.7944111824035645,7.920338153839111,7.709735870361328,7.89862585067749,7.181410312652588,1940977
2020-11-16,7.989813804626465,8.141794204711914,7.93770694732666,8.137452125549316,7.398552417755127,3007949
2020-11-17,8.085345268249512,8.176532745361328,7.976787090301514,8.085345268249512,7.351175308227539,1464197
2020-11-18,8.081002235412598,8.115740776062012,7.833491802215576,7.933363914489746,7.212995529174805,1869144
2020-11-19,7.881257057189941,8.065803527832031,7.868229866027832,8.059290885925293,7.327487468719482,943690
2020-11-20,7.998498916625977,8.139622688293457,7.989813804626465,8.117912292480469,7.380786895751953,1055042
2020-11-23,8.189559936523438,8.306800842285156,8.081002235412598,8.254693984985352,7.5051493644714355,1663055
2020-11-24,8.276405334472656,8.35456657409668,8.178704261779785,8.263379096984863,7.513044357299805,1891524
2020-11-25,8.20258617401123,8.298116683959961,8.041921615600586,8.263379096984863,7.513044357299805,1015277
2020-11-27,8.24600887298584,8.445755004882812,8.1070556640625,8.397990226745605,7.681913375854492,658376
2020-11-30,8.411016464233398,8.45009708404541,8.23298168182373,8.285090446472168,7.578640460968018,1494400
2020-12-01,8.376277923583984,8.424042701721191,8.176532745361328,8.206929206848145,7.507143497467041,1566410
2020-12-02,8.213441848754883,8.35456657409668,8.06363296508789,8.319828033447266,7.610416412353516,1247168
2020-12-03,8.35456657409668,8.411016464233398,8.21778392791748,8.237324714660645,7.534948825836182,1129998
2020-12-04,8.293774604797363,8.60641860961914,8.293774604797363,8.602076530456543,7.868600368499756,1503098
2020-12-07,8.57602310180664,8.57602310180664,8.384963035583496,8.467466354370117,7.74546480178833,1232135
2020-12-08,8.419700622558594,8.615103721618652,8.397990226745605,8.604248046875,7.870584487915039,1640178
2020-12-09,8.641158103942871,8.645500183105469,8.332855224609375,8.441411972045898,7.721632957458496,1246973
2020-12-10,8.32417106628418,8.571681022644043,8.267721176147461,8.541284561157227,7.812989234924316,939971
2020-12-11,8.467466354370117,8.584708213806152,8.339020729064941,8.48049259185791,7.757382392883301,979024
2020-12-14,8.532601356506348,8.554311752319336,8.261076927185059,8.363250732421875,7.650136947631836,978937
2020-12-15,8.467466354370117,8.610761642456055,8.367593765258789,8.60641860961914,7.8725690841674805,970450
2020-12-16,8.636816024780273,8.68458080291748,8.35456657409668,8.515231132507324,7.789158344268799,1161529
2020-12-17,8.541284561157227,8.68458080291748,8.502204895019531,8.675895690917969,7.936123371124268,1130997
2020-12-18,8.68458080291748,8.958145141601562,8.68458080291748,8.875641822814941,8.1188383102417,7066431
2020-12-21,8.847416877746582,8.958145141601562,8.636816024780273,8.701950073242188,7.959956169128418,1464800
2020-12-22,8.68458080291748,8.741029739379883,8.552141189575195,8.719319343566895,7.975844860076904,1153861
2020-12-23,8.732345581054688,9.049332618713379,8.732345581054688,8.984198570251465,8.218135833740234,1205782
2020-12-24,9.02762222290039,9.066701889038086,8.937432289123535,9.031964302062988,8.26183032989502,539968
2020-12-28,9.075387001037598,9.236051559448242,8.932090759277344,8.997225761413574,8.230052947998047,1647775
2020-12-29,9.031964302062988,9.08624267578125,8.82353401184082,8.919063568115234,8.158555030822754,1172061
2020-12-30,8.958145141601562,9.131836891174316,8.958145141601562,9.071044921875,8.297578811645508,3540124
2020-12-31,9.071044921875,9.179601669311523,8.96248722076416,9.075387001037598,8.301551818847656,963493
2021-01-04,9.153548240661621,9.153548240661621,8.60641860961914,8.827876091003418,8.075145721435547,1279182
2021-01-05,8.83656120300293,9.162233352661133,8.819191932678223,9.110124588012695,8.333327293395996,1067501
2021-01-06,9.170916557312012,9.440138816833496,8.801822662353516,9.34895133972168,8.551787376403809,2070708
2021-01-07,9.34895133972168,9.544354438781738,9.227367401123047,9.492246627807617,8.682863235473633,946201
2021-01-08,9.548697471618652,9.587777137756348,9.160017967224121,9.361977577209473,8.563704490661621,1400332
2021-01-11,9.227367401123047,9.500930786132812,9.22302532196045,9.357636451721191,8.559733390808105,865752
2021-01-12,9.383689880371094,9.505273818969727,9.314255714416504,9.383689880371094,8.583565711975098,877638
2021-01-13,9.37934684753418,9.435796737670898,9.218682289123535,9.275132179260254,8.48426342010498,650228
2021-01-14,9.301185607910156,9.592119216918945,9.283817291259766,9.509615898132324,8.698753356933594,910360
2021-01-15,9.409743309020996,9.518301010131836,9.279475212097168,9.325069427490234,8.529943466186523,1409479
2021-01-19,9.461851119995117,9.567628860473633,9.375004768371582,9.496588706970215,8.686837196350098,1402791
2021-01-20,9.553038597106934,9.574749946594238,9.296843528747559,9.479220390319824,8.670950889587402,983538
2021-01-21,9.448823928833008,9.461851119995117,9.24039363861084,9.383689880371094,8.583565711975098,995628
2021-01-22,9.327239990234375,9.496588706970215,9.214340209960938,9.479220390319824,8.670950889587402,818473
2021-01-25,9.381518363952637,9.526985168457031,9.22302532196045,9.231708526611328,8.444544792175293,1228349
2021-01-26,9.327239990234375,9.474878311157227,9.131836891174316,9.205656051635742,8.420710563659668,647321
2021-01-27,9.19697093963623,9.19697093963623,8.693264961242676,8.797479629516602,8.047338485717773,1093360
2021-01-28,8.777939796447754,8.897353172302246,8.545626640319824,8.584708213806152,7.8527092933654785,1669227
2021-01-29,8.545626640319824,8.615103721618652,8.332855224609375,8.363250732421875,7.650136947631836,1418090
2021-02-01,8.419700622558594,8.549969673156738,8.219956398010254,8.519574165344238,7.793131351470947,803654
2021-02-02,8.68458080291748,8.819191932678223,8.519574165344238,8.675895690917969,7.936123371124268,723979
2021-02-03,8.701950073242188,8.827876091003418,8.625960350036621,8.714977264404297,7.9718708992004395,1839918
2021-02-04,8.784453392028809,9.149206161499023,8.784453392028809,9.105783462524414,8.329354286193848,1808031
2021-02-05,9.205656051635742,9.25342082977295,8.997225761413574,9.244735717773438,8.45645809173584,1503651
2021-02-08,9.327239990234375,9.535670280456543,9.180035591125488,9.19697093963623,8.412766456604004,969700
2021-02-09,9.140521049499512,9.370662689208984,9.00590991973877,9.301185607910156,8.508094787597656,826004
2021-02-10,9.33592414855957,9.392374038696289,9.127493858337402,9.205656051635742,8.420710563659668,830890
2021-02-11,9.236051559448242,9.37934684753418,9.062359809875488,9.201313018798828,8.416738510131836,1221772
2021-02-12,9.114466667175293,9.160061836242676,8.997225761413574,9.127493858337402,8.349215507507324,780997
2021-02-16,9.19697093963623,9.344609260559082,9.114466667175293,9.288159370422363,8.496180534362793,1759548
2021-02-17,9.16657543182373,9.340267181396484,9.097098350524902,9.288159370422363,8.496180534362793,801316
2021-02-18,9.227367401123047,9.279475212097168,9.010252952575684,9.149206161499023,8.369073867797852,645643
2021-02-19,9.192628860473633,9.44448184967041,9.170916557312012,9.422769546508789,8.619314193725586,912585
2021-02-22,9.396716117858887,9.470535278320312,9.292501449584961,9.435796737670898,8.631227493286133,1878913
2021-02-23,9.340267181396484,9.609489440917969,9.170916557312012,9.566065788269043,8.750388145446777,2087513
2021-02-24,8.775769233703613,9.37934684753418,8.775769233703613,9.207826614379883,8.422698020935059,4436395
2021-02-25,9.279475212097168,9.37934684753418,8.806164741516113,8.840903282165527,8.087060928344727,1794025
2021-02-26,8.879983901977539,9.270790100097656,8.714977264404297,9.162233352661133,8.38099193572998,1973366
2021-03-01,8.675895690917969,9.20999813079834,8.671553611755371,9.162233352661133,8.38099193572998,2098523
2021-03-02,8.797479629516602,9.496588706970215,8.797479629516602,9.344609260559082,8.547819137573242,2433816
2021-03-03,9.296843528747559,9.813575744628906,9.296843528747559,9.557380676269531,8.742444038391113,3038265
2021-03-04,9.58343505859375,9.72238826751709,9.296843528747559,9.544354438781738,8.730530738830566,1882969
2021-03-05,9.674622535705566,9.804847717285156,9.36631965637207,9.748441696166992,8.917215347290039,2138290
2021-03-08,9.748441696166992,10.074113845825195,9.600804328918457,10.035033226013184,9.17937183380127,2260196
2021-03-09,10.121878623962402,10.312939643859863,10.035033226013184,10.29991340637207,9.42166519165039,2486996
2021-03-10,10.386758804321289,10.458406448364258,9.904764175415039,9.952529907226562,9.103902816772461,1967532
2021-03-11,10.195697784423828,10.412812232971191,9.991609573364258,10.391100883483887,9.50507640838623,1603697
2021-03-12,10.317281723022461,10.530054092407227,10.239121437072754,10.451892852783203,9.560686111450195,1548689
2021-03-15,10.421497344970703,10.699403762817383,10.380245208740234,10.521369934082031,9.670501708984375,1837871
2021-03-16,10.612558364868164,10.629926681518555,10.451892852783203,10.590846061706543,9.734355926513672,1629983
2021-03-17,10.582161903381348,10.764537811279297,10.486631393432617,10.734142303466797,9.866065979003906,1350381
2021-03-18,10.612558364868164,10.868753433227539,10.380245208740234,10.438865661621094,9.5946683883667,1642787
2021-03-19,10.378073692321777,10.786249160766602,10.34333610534668,10.621241569519043,9.762293815612793,5117084
2021-03-22,10.742826461791992,10.786249160766602,10.60821533203125,10.699403762817383,9.834135055541992,1235140
2021-03-23,10.721115112304688,10.790592193603516,9.874367713928223,9.922134399414062,9.119726181030273,1479603
2021-03-24,10.052401542663574,10.195697784423828,9.396716117858887,9.409743309020996,8.648773193359375,1135870
2021-03-25,9.305527687072754,9.531327247619629,9.149206161499023,9.45967960357666,8.69466781616211,1421583
2021-03-26,9.557380676269531,9.657254219055176,9.37934684753418,9.62685775756836,8.848326683044434,880026
2021-03-29,9.622514724731445,9.718046188354492,9.231708526611328,9.34895133972168,8.592894554138184,1148753
2021-03-30,9.344609260559082,9.479220390319824,9.170916557312012,9.448823928833008,8.684691429138184,911721
2021-03-31,9.535670280456543,9.57040786743164,9.344609260559082,9.453166007995605,8.688681602478027,1765462
2021-04-01,9.496588706970215,9.696333885192871,9.496588706970215,9.696333885192871,8.912184715270996,571263
2021-04-05,9.774496078491211,9.891737937927246,9.674622535705566,9.839630126953125,9.043892860412598,1175736
2021-04-06,9.874367713928223,9.96989917755127,9.678964614868164,9.689821243286133,8.906200408935547,924240
2021-04-07,9.783180236816406,9.883052825927734,9.59646224975586,9.657254219055176,8.876264572143555,831570
2021-04-08,9.713704109191895,9.813575744628906,9.58343505859375,9.809233665466309,9.015954971313477,978552
2021-04-09,9.770153045654297,9.800548553466797,9.574749946594238,9.696333885192871,8.912184715270996,1147318
2021-04-12,9.73975658416748,9.770153045654297,9.455902099609375,9.526985168457031,8.75653076171875,821101
2021-04-13,9.618172645568848,9.770153045654297,9.54001235961914,9.661596298217773,8.880255699157715,845664
2021-04-14,9.631199836730957,9.804891586303711,9.500930786132812,9.600804328918457,8.824380874633789,1011760
2021-04-15,9.691991806030273,9.7354154586792,9.600804328918457,9.661596298217773,8.880255699157715,736327
2021-04-16,9.731073379516602,9.731073379516602,9.574749946594238,9.72238826751709,8.936134338378906,896084
2021-04-19,9.718046188354492,9.770153045654297,9.056324005126953,9.127493858337402,8.389348030090332,1594557
2021-04-20,9.110124588012695,9.205656051635742,8.806164741516113,8.845245361328125,8.129922866821289,1374120
2021-04-21,8.879983901977539,9.257762908935547,8.879983901977539,9.188285827636719,8.445221900939941,1177772
2021-04-22,9.20999813079834,9.302923202514648,9.075387001037598,9.097098350524902,8.361411094665527,777684
2021-04-23,9.16657543182373,9.296843528747559,9.118809700012207,9.199142456054688,8.4552001953125,856262
2021-04-26,9.231708526611328,9.427111625671387,9.22302532196045,9.422769546508789,8.660745620727539,748867
2021-04-27,9.44448184967041,9.526985168457031,9.41408634185791,9.496588706970215,8.728593826293945,891815
2021-04-28,9.522643089294434,9.557380676269531,9.461851119995117,9.531327247619629,8.76052188873291,903930
2021-04-29,9.58343505859375,9.609489440917969,9.283817291259766,9.37934684753418,8.620833396911621,1122746
2021-04-30,9.262104988098145,9.327239990234375,8.906038284301758,8.923406600952148,8.201764106750488,1290726
2021-05-03,9.036306381225586,9.092756271362305,8.888668060302734,8.910380363464355,8.189790725708008,1422171
2021-05-04,8.901695251464844,8.923406600952148,8.58796501159668,8.710634231567383,8.00619888305664,1312033
2021-05-05,8.832219123840332,8.832219123840332,8.593393325805664,8.636816024780273,7.938352108001709,1574546
2021-05-06,8.741029739379883,8.767084121704102,8.298116683959961,8.758399963378906,8.050102233886719,1829009
2021-05-07,8.840903282165527,9.118809700012207,8.758442878723145,9.071044921875,8.337464332580566,1134138
2021-05-10,9.071044921875,9.071044921875,8.832219123840332,8.832219123840332,8.117953300476074,1366746
2021-05-11,8.649842262268066,8.832219123840332,8.636816024780273,8.762742042541504,8.054094314575195,1158720
2021-05-12,8.645500183105469,8.767084121704102,8.547799110412598,8.671553611755371,7.970280647277832,1549193
2021-05-13,8.771427154541016,9.023279190063477,8.71280574798584,8.923406600952148,8.201764106750488,1528156
2021-05-14,9.023279190063477,9.118809700012207,8.953803062438965,9.092756271362305,8.35741901397705,998426
2021-05-17,9.066701889038086,9.214340209960938,9.010252952575684,9.062359809875488,8.329479217529297,1858231
2021-05-18,9.097098350524902,9.188285827636719,8.806164741516113,8.806164741516113,8.094003677368164,979416
2021-05-19,8.649842262268066,9.071044921875,8.602076530456543,9.018937110900879,8.289567947387695,1183988
2021-05-20,9.066701889038086,9.136178970336914,8.940775871276855,9.075387001037598,8.341455459594727,871692
2021-05-21,9.19697093963623,9.19697093963623,9.049766540527344,9.071044921875,8.337464332580566,639227
2021-05-24,9.071044921875,9.138349533081055,8.871298789978027,8.94946002960205,8.271303176879883,592235
2021-05-25,8.988540649414062,9.105783462524414,8.780111312866211,8.793137550354004,8.126826286315918,896457
2021-05-26,8.793137550354004,9.105783462524414,8.780111312866211,9.097098350524902,8.407754898071289,1048428
2021-05-27,9.114466667175293,9.33592414855957,9.101441383361816,9.305527687072754,8.60038948059082,918059
2021-05-28,9.353293418884277,9.427111625671387,9.264277458190918,9.301185607910156,8.596375465393066,748941
2021-06-01,9.322896957397461,9.4314546585083,9.249078750610352,9.4010591506958,8.68868350982666,1180554
2021-06-02,9.440138816833496,9.442310333251953,9.262104988098145,9.435796737670898,8.720787048339844,898666
2021-06-03,9.36631965637207,9.574749946594238,9.340267181396484,9.522643089294434,8.801053047180176,1271165
2021-06-04,9.505273818969727,9.670281410217285,9.505273818969727,9.592119216918945,8.865262985229492,677135
2021-06-07,9.574749946594238,9.744099617004395,9.531327247619629,9.700676918029785,8.965597152709961,778655
2021-06-08,9.748441696166992,9.813575744628906,9.678964614868164,9.7354154586792,8.997702598571777,915636
2021-06-09,9.770153045654297,9.826602935791016,9.718046188354492,9.783180236816406,9.041848182678223,696567
2021-06-10,9.783180236816406,9.904764175415039,9.75278377532959,9.7658109664917,9.025794982910156,906194
2021-06-11,9.813575744628906,9.883052825927734,9.674622535705566,9.726730346679688,8.989675521850586,603232
2021-06-14,9.635541915893555,9.737715721130371,9.370662689208984,9.466193199157715,8.748881340026855,1833050
2021-06-15,9.479220390319824,9.58343505859375,9.257762908935547,9.327239990234375,8.620455741882324,1039658
2021-06-16,9.4314546585083,9.457508087158203,9.288159370422363,9.418428421020508,8.704733848571777,1068205
2021-06-17,9.4010591506958,9.826602935791016,9.392374038696289,9.726730346679688,8.989675521850586,2452585
2021-06-18,9.631199836730957,9.691991806030273,9.044990539550781,9.33592414855957,8.628482818603516,5029472
2021-06-21,9.34895133972168,9.392374038696289,9.22302532196045,9.262104988098145,8.560256958007812,1282682
2021-06-22,9.22302532196045,9.327239990234375,9.053674697875977,9.296843528747559,8.592364311218262,846958
2021-06-23,9.331582069396973,9.553038597106934,9.266448020935059,9.487903594970703,8.768945693969727,1104718
2021-06-24,9.557380676269531,9.650739669799805,9.457508087158203,9.587777137756348,8.861249923706055,930718
2021-06-25,9.618172645568848,9.761468887329102,9.59646224975586,9.622514724731445,8.893356323242188,3349497
2021-06-28,9.674622535705566,9.7658109664917,9.574749946594238,9.7354154586792,8.997702598571777,1034143
2021-06-29,9.841800689697266,9.841800689697266,9.700676918029785,9.70936107635498,8.973620414733887,659184
2021-06-30,9.665938377380371,9.7354154586792,9.570450782775879,9.657254219055176,8.92546272277832,1145471
2021-07-01,9.674622535705566,9.718046188354492,9.487903594970703,9.509615898132324,8.789012908935547,570275
2021-07-02,9.513957977294922,9.513957977294922,9.215556144714355,9.227367401123047,8.528152465820312,825803
2021-07-06,9.183943748474121,9.183943748474121,8.888668060302734,9.05801773071289,8.371634483337402,900780
2021-07-07,9.088414192199707,9.114466667175293,8.83873176574707,8.86695671081543,8.195053100585938,972166
2021-07-08,8.645500183105469,8.853930473327637,8.45009708404541,8.780111312866211,8.114786148071289,1085397
2021-07-09,8.862614631652832,9.014595031738281,8.853930473327637,8.919063568115234,8.243207931518555,789571
2021-07-12,8.919063568115234,8.945117950439453,8.797479629516602,8.910380363464355,8.235183715820312,891879
2021-07-13,8.845245361328125,8.901695251464844,8.714977264404297,8.745372772216797,8.082680702209473,867198
2021-07-14,8.810506820678711,9.118809700012207,8.432727813720703,8.615103721618652,7.962283134460449,1692995
2021-07-15,8.610761642456055,8.710634231567383,8.497861862182617,8.65418529510498,7.998403072357178,858443
2021-07-16,8.743202209472656,8.801822662353516,8.545626640319824,8.584708213806152,7.934190273284912,1280149
2021-07-19,8.393647193908691,8.558653831481934,8.363250732421875,8.489177703857422,7.845898151397705,892899
2021-07-20,8.476151466369629,8.797479629516602,8.460952758789062,8.688922882080078,8.030509948730469,1254519
2021-07-21,8.771427154541016,9.044990539550781,8.728004455566406,9.044990539550781,8.359594345092773,694140
2021-07-22,9.044990539550781,9.053674697875977,8.845245361328125,8.858271598815918,8.187024116516113,469542
2021-07-23,8.914722442626953,8.966830253601074,8.767084121704102,8.94946002960205,8.271303176879883,490849
2021-07-26,8.884325981140137,9.051504135131836,8.862614631652832,8.875641822814941,8.203078269958496,563838
2021-07-27,8.784453392028809,8.806164741516113,8.515231132507324,8.719319343566895,8.058601379394531,569102
2021-07-28,8.879983901977539,8.988540649414062,8.680237770080566,8.906038284301758,8.231172561645508,685896
2021-07-29,8.936433792114258,9.151376724243164,8.932090759277344,9.084071159362793,8.395713806152344,608139
2021-07-30,9.014595031738281,9.170916557312012,8.984198570251465,9.018937110900879,8.335514068603516,965690
2021-08-02,9.079729080200195,9.231708526611328,8.984198570251465,9.018937110900879,8.335514068603516,684076
2021-08-03,9.018937110900879,9.227367401123047,8.971172332763672,9.205656051635742,8.508085250854492,850809
2021-08-04,9.123151779174805,9.405401229858398,8.884325981140137,9.066701889038086,8.379660606384277,1115471
2021-08-05,9.05801773071289,9.162233352661133,8.96248722076416,9.044990539550781,8.359594345092773,738315
2021-08-06,9.097098350524902,9.22302532196045,9.053674697875977,9.123151779174805,8.431833267211914,1093639
2021-08-09,9.101441383361816,9.131836891174316,8.945117950439453,9.001567840576172,8.319462776184082,485375
2021-08-10,9.031964302062988,9.075387001037598,8.762742042541504,8.845245361328125,8.174983978271484,679751
2021-08-11,8.901695251464844,8.988540649414062,8.723661422729492,8.988540649414062,8.30742359161377,755785
2021-08-12,8.953803062438965,8.953803062438965,8.754056930541992,8.775769233703613,8.110774993896484,639558
2021-08-13,8.745372772216797,8.767084121704102,8.645500183105469,8.736687660217285,8.074653625488281,410198
2021-08-16,8.714977264404297,8.814848899841309,8.675895690917969,8.780111312866211,8.114786148071289,568566
2021-08-17,8.68458080291748,8.869128227233887,8.623788833618164,8.771427154541016,8.106761932373047,600945
2021-08-18,8.775769233703613,9.062359809875488,8.769254684448242,8.853930473327637,8.183012962341309,658286
2021-08-19,8.858271598815918,8.97985553741455,8.780111312866211,8.853930473327637,8.183012962341309,814215
2021-08-20,8.797479629516602,9.053674697875977,8.797479629516602,9.0406494140625,8.355583190917969,695782
2021-08-23,9.088414192199707,9.255331039428711,9.079729080200195,9.218682289123535,8.56750774383545,680912
2021-08-24,9.214340209960938,9.331582069396973,9.20999813079834,9.262104988098145,8.607863426208496,638835
2021-08-25,9.257762908935547,9.375004768371582,9.153548240661621,9.157890319824219,8.51101016998291,817428
2021-08-26,9.183943748474121,9.249078750610352,9.05801773071289,9.105783462524414,8.462583541870117,729746
2021-08-27,9.114466667175293,9.474878311157227,9.114466667175293,9.457508087158203,8.789463996887207,1230433
2021-08-30,9.483562469482422,9.518301010131836,9.279475212097168,9.322896957397461,8.664363861083984,841954
2021-08-31,9.296843528747559,9.435796737670898,9.231708526611328,9.279475212097168,8.624005317687988,838230
2021-09-01,9.20999813079834,9.275132179260254,8.96248722076416,9.170916557312012,8.523118019104004,1205027
2021-09-02,9.144864082336426,9.290329933166504,9.092756271362305,9.101441383361816,8.458547592163086,977352
2021-09-03,9.105783462524414,9.179601669311523,8.988540649414062,9.036306381225586,8.398014068603516,1088870
2021-09-07,8.997225761413574,9.218682289123535,8.914722442626953,9.023279190063477,8.385906219482422,891603
2021-09-08,8.97551441192627,8.97551441192627,8.680237770080566,8.732345581054688,8.11552619934082,910526
2021-09-09,8.693264961242676,8.901695251464844,8.645500183105469,8.667211532592773,8.054990768432617,902719
2021-09-10,8.69760799407959,8.767084121704102,8.57602310180664,8.602076530456543,7.994458198547363,828037
2021-09-13,8.688922882080078,8.906038284301758,8.652013778686523,8.888668060302734,8.260805130004883,744026
2021-09-14,8.901695251464844,8.923406600952148,8.558653831481934,8.602076530456543,7.994458198547363,846345
2021-09-15,8.593393325805664,8.806164741516113,8.532601356506348,8.767084121704102,8.147809028625488,904354
2021-09-16,8.749714851379395,8.853930473327637,8.549969673156738,8.736687660217285,8.119559288024902,848236
2021-09-17,8.749714851379395,8.82353401184082,8.443584442138672,8.519574165344238,7.917782783508301,4194184
2021-09-20,8.263379096984863,8.4066743850708,8.141794204711914,8.25903606414795,7.675647735595703,1259181
2021-09-21,8.315485954284668,8.363250732421875,8.150479316711426,8.163505554199219,7.5868659019470215,1003677
2021-09-22,8.23298168182373,8.3497896194458,8.148307800292969,8.254693984985352,7.671614646911621,904695
2021-09-23,8.285090446472168,8.484834671020508,8.25903606414795,8.402332305908203,7.808822154998779,995608
2021-09-24,8.332855224609375,8.49351978302002,8.302458763122559,8.402332305908203,7.808822154998779,743368
2021-09-27,8.419700622558594,8.63247299194336,8.402332305908203,8.502204895019531,7.901639461517334,831618
2021-09-28,8.428385734558105,8.489177703857422,8.28074836730957,8.302458763122559,7.71600341796875,762579
2021-09-29,8.315485954284668,8.402332305908203,8.21561336517334,8.250351905822754,7.667576789855957,1003408
2021-09-30,8.293774604797363,8.411016464233398,8.159164428710938,8.180874824523926,7.6030073165893555,673771
2021-10-01,8.154821395874023,8.319828033447266,8.124424934387207,8.21561336517334,7.635293483734131,922485
2021-10-04,8.167847633361816,8.167847633361816,7.859546184539795,7.894283771514893,7.336659908294678,1068866
2021-10-05,7.894283771514893,8.050605773925781,7.885599136352539,8.024553298950195,7.457727909088135,702728
2021-10-06,7.929021835327148,8.007183074951172,7.768356800079346,7.87257194519043,7.316483020782471,476637
2021-10-07,7.963759899139404,8.100543022155762,7.93770694732666,7.994156837463379,7.429478645324707,809167
2021-10-08,8.024553298950195,8.037578582763672,7.859546184539795,7.89862585067749,7.340694904327393,389605
2021-10-11,7.868229866027832,7.948562145233154,7.824807167053223,7.894283771514893,7.336659908294678,611541
2021-10-12,7.93770694732666,8.031065940856934,7.902967929840088,8.015868186950684,7.4496564865112305,610175
2021-10-13,8.024553298950195,8.07666015625,7.939877986907959,8.054948806762695,7.485976219177246,511930
2021-10-14,8.154821395874023,8.306800842285156,8.081002235412598,8.176532745361328,7.598972797393799,777274
2021-10-15,8.293774604797363,8.306800842285156,8.067975044250488,8.085345268249512,7.514225482940674,1075483
2021-10-18,8.054948806762695,8.070146560668945,7.881257057189941,7.920338153839111,7.360874652862549,641787
2021-10-19,7.972445011138916,8.067975044250488,7.881257057189941,7.885599136352539,7.32858943939209,765830
2021-10-20,7.881257057189941,7.963759899139404,7.881257057189941,7.955076217651367,7.393158912658691,640265
2021-10-21,7.863887786865234,7.939009189605713,7.790069103240967,7.885599136352539,7.32858943939209,1015415
2021-10-22,7.868229866027832,8.1070556640625,7.824807167053223,7.885599136352539,7.32858943939209,761462
2021-10-25,7.9116530418396,7.9507341384887695,7.837833881378174,7.859546184539795,7.304376125335693,597426
2021-10-26,7.894283771514893,7.9463911056518555,7.768356800079346,7.7944111824035645,7.243842601776123,805508
2021-10-27,7.746645927429199,7.861717224121094,7.568612098693848,7.668485164642334,7.1268110275268555,989118
2021-10-28,7.733619213104248,7.863887786865234,7.685853958129883,7.694538116455078,7.151024341583252,571002
2021-10-29,7.646772861480713,7.785727024078369,7.646772861480713,7.781383991241455,7.231736660003662,927374
2021-11-01,7.7944111824035645,7.989813804626465,7.750988006591797,7.955076217651367,7.393158912658691,713376
2021-11-02,7.968102931976318,8.007183074951172,7.87257194519043,7.93770694732666,7.377016544342041,749742
2021-11-03,7.855203151702881,8.185216903686523,7.829843997955322,8.154821395874023,7.578795909881592,707661
2021-11-04,8.154821395874023,8.189559936523438,8.015868186950684,8.028895378112793,7.461763858795166,686745
2021-11-05,8.094029426574707,8.458782196044922,8.000670433044434,8.237324714660645,7.655471324920654,1905270
2021-11-08,8.263379096984863,8.337197303771973,8.206929206848145,8.276405334472656,7.69179105758667,722625
2021-11-09,8.185216903686523,8.185216903686523,7.733619213104248,7.989813804626465,7.425443172454834,1872781
2021-11-10,7.93770694732666,8.25903606414795,7.93770694732666,8.111397743225098,7.538437843322754,819323
2021-11-11,8.124424934387207,8.32417106628418,8.124424934387207,8.298116683959961,7.71196985244751,689311
2021-11-12,8.298116683959961,8.502204895019531,8.276405334472656,8.384963035583496,7.792679309844971,1059903
2021-11-15,8.415358543395996,8.489177703857422,8.345882415771484,8.476151466369629,7.877427577972412,864760
2021-11-16,8.45009708404541,8.584708213806152,8.4370698928833,8.545626640319824,7.941996097564697,1028095
2021-11-17,8.571681022644043,8.571681022644043,8.393647193908691,8.489177703857422,7.889532089233398,732592
2021-11-18,8.489177703857422,8.510889053344727,8.211271286010742,8.389305114746094,7.796715259552002,832926
2021-11-19,8.3782320022583,8.502204895019531,8.263379096984863,8.285090446472168,7.699862480163574,504844
2021-11-22,8.298116683959961,8.445755004882812,8.250785827636719,8.263379096984863,7.679684162139893,579862
2021-11-23,8.228639602661133,8.315485954284668,8.133110046386719,8.180874824523926,7.6030073165893555,649518
2021-11-24,8.111397743225098,8.189559936523438,8.059290885925293,8.137452125549316,7.562653064727783,412128
2021-11-26,7.9116530418396,7.972445011138916,7.629404067993164,7.889942169189453,7.37795877456665,892148
2021-11-29,7.9116530418396,7.963759899139404,7.724934101104736,7.777041912078857,7.272385120391846,904038
2021-11-30,7.711907863616943,7.820465087890625,7.464396953582764,7.781383991241455,7.276444911956787,1315579
2021-12-01,7.968102931976318,8.167847633361816,7.850861072540283,7.87257194519043,7.361714839935303,1604406
2021-12-02,7.876914978027344,8.226469039916992,7.859546184539795,8.159164428710938,7.629710674285889,1155873
2021-12-03,8.206929206848145,8.228639602661133,7.93770694732666,7.998498916625977,7.479471683502197,1229097
2021-12-06,8.124424934387207,8.506546974182129,8.12008285522461,8.458782196044922,7.909885883331299,1371131
2021-12-07,8.558653831481934,8.723661422729492,8.510889053344727,8.549969673156738,7.995156764984131,1300269
2021-12-08,8.541284561157227,8.710634231567383,8.532601356506348,8.68458080291748,8.121033668518066,905326
2021-12-09,8.584708213806152,8.817021369934082,8.562996864318848,8.628130912780762,8.068244934082031,1001195
2021-12-10,8.680237770080566,8.919063568115234,8.602076530456543,8.688922882080078,8.125093460083008,1088087
2021-12-13,8.65418529510498,8.919063568115234,8.65418529510498,8.86695671081543,8.291573524475098,1062010
2021-12-14,8.806164741516113,8.997225761413574,8.543456077575684,8.562996864318848,8.007339477539062,1909902
2021-12-15,8.58905029296875,8.762742042541504,8.476151466369629,8.688922882080078,8.125093460083008,1838248
2021-12-16,8.723661422729492,8.806164741516113,8.28074836730957,8.358908653259277,7.816493034362793,1209393
2021-12-17,8.358908653259277,8.358908653259277,8.358908653259277,8.358908653259277,7.816493034362793,0
2021-12-20,8.424042701721191,8.510889053344727,8.119648933410645,8.285090446472168,7.747466087341309,1511785
2021-12-21,8.371935844421387,8.489177703857422,8.371935844421387,8.419700622558594,7.873340606689453,792632
2021-12-22,8.402332305908203,8.445755004882812,8.315485954284668,8.441411972045898,7.893643856048584,973806
2021-12-23,8.45009708404541,8.467466354370117,8.341540336608887,8.415358543395996,7.869281768798828,858913
2021-12-27,8.402332305908203,8.528258323669434,8.341540336608887,8.467466354370117,7.918006420135498,1297494
2021-12-28,8.48049259185791,8.549969673156738,8.285090446472168,8.293774604797363,7.755584716796875,772764
2021-12-29,8.298116683959961,8.337197303771973,8.163505554199219,8.185216903686523,7.654073715209961,782510
2021-12-30,8.189559936523438,8.382792472839355,8.163505554199219,8.23298168182373,7.698737621307373,886520
2021-12-31,8.21561336517334,8.32634162902832,8.20258617401123,8.211271286010742,7.678436756134033,910567
2022-01-03,8.315485954284668,8.63247299194336,8.315485954284668,8.484834671020508,7.934247970581055,1082267
2022-01-04,8.454439163208008,8.558653831481934,8.263379096984863,8.528258323669434,7.974853992462158,1751269
2022-01-05,8.519574165344238,8.641158103942871,8.298116683959961,8.306800842285156,7.767766952514648,695683
2022-01-06,8.28074836730957,8.400160789489746,8.198244094848633,8.228639602661133,7.694676876068115,1146588
2022-01-07,8.237324714660645,8.345882415771484,8.072318077087402,8.111397743225098,7.5850443840026855,772062
2022-01-10,8.041921615600586,8.07666015625,7.868229866027832,8.059290885925293,7.536318302154541,750693
2022-01-11,8.050605773925781,8.298116683959961,7.996327877044678,8.163505554199219,7.63377046585083,1279260
2022-01-12,8.211271286010742,8.285090446472168,8.041921615600586,8.115740776062012,7.589104652404785,856494
2022-01-13,8.167847633361816,8.28943157196045,7.981130123138428,7.994156837463379,7.475410461425781,803389
2022-01-14,7.915995121002197,8.041921615600586,7.863887786865234,7.968102931976318,7.451046943664551,563004
2022-01-18,7.868229866027832,8.237324714660645,7.633746147155762,7.651115894317627,7.154629707336426,992639
2022-01-19,7.66414213180542,7.816123008728027,7.507820129394531,7.56427001953125,7.073419094085693,944199
2022-01-20,7.599008083343506,7.742303848266602,7.473082065582275,7.494792938232422,7.008450984954834,1294296
2022-01-21,7.420973777770996,7.733619213104248,7.412290096282959,7.473082065582275,6.988148212432861,1669061
2022-01-24,7.364523887634277,7.572954177856445,7.199516773223877,7.533874034881592,7.0449957847595215,1586252
2022-01-25,7.3949198722839355,7.559926986694336,7.2820210456848145,7.407947063446045,6.927240371704102,1185556
2022-01-26,7.52518892288208,7.659800052642822,7.260309219360352,7.325444221496582,6.850090980529785,818339
2022-01-27,7.3297858238220215,7.429658889770508,7.056221961975098,7.095302104949951,6.634883880615234,793816
2022-01-28,7.125698089599609,7.373208999633789,7.047536849975586,7.308074951171875,6.8338494300842285,951836
2022-01-31,7.203859806060791,7.36018180847168,7.173463821411133,7.325444221496582,6.850090980529785,1836486
2022-02-01,7.334127902984619,7.486108779907227,7.229913234710693,7.403604984283447,6.92318058013916,1169046
2022-02-02,7.39926290512085,7.447028160095215,7.273335933685303,7.321101188659668,6.846029281616211,1185828
2022-02-03,7.229913234710693,7.390577793121338,7.0583930015563965,7.0909600257873535,6.630823135375977,800132
2022-02-04,7.038853168487549,7.182147979736328,6.876017093658447,7.077932834625244,6.618640899658203,1349888
2022-02-07,7.0909600257873535,7.273335933685303,7.0909600257873535,7.169120788574219,6.703911781311035,838585
2022-02-08,7.169120788574219,7.273335933685303,7.156094074249268,7.229913234710693,6.760759353637695,660934
2022-02-09,7.29070520401001,7.364523887634277,7.238597869873047,7.29070520401001,6.817605972290039,625004
2022-02-10,7.134383201599121,7.301560878753662,7.134383201599121,7.186490058898926,6.720154285430908,1589785
2022-02-11,7.208201885223389,7.325444221496582,7.117013931274414,7.182147979736328,6.716094017028809,1263183
2022-02-14,7.186490058898926,7.2820210456848145,7.099645137786865,7.134383201599121,6.671428680419922,1089666
2022-02-15,7.158266067504883,7.460054874420166,7.158266067504883,7.447028160095215,6.963785648345947,1060730
2022-02-16,7.455711841583252,7.594666004180908,7.3949198722839355,7.56427001953125,7.073419094085693,705763
2022-02-17,7.4340009689331055,7.542558193206787,7.349326133728027,7.403604984283447,6.92318058013916,717008
2022-02-18,7.36018180847168,7.390577793121338,7.121356010437012,7.125698089599609,6.663307189941406,1128977
2022-02-22,7.082274913787842,7.325444221496582,7.043194770812988,7.19083309173584,6.724215507507324,990555
2022-02-23,7.264651775360107,7.486108779907227,7.017140865325928,7.095302104949951,6.634883880615234,1605839
2022-02-24,6.9476637840271,7.134383201599121,6.826079845428467,7.038853168487549,6.582098007202148,3555132
2022-02-25,7.056221961975098,7.429658889770508,7.051878929138184,7.425315856933594,6.943482875823975,2398038
2022-02-28,7.334127902984619,7.599008083343506,7.334127902984619,7.520846843719482,7.032814025878906,1611785
2022-03-01,7.412290096282959,7.551242828369141,7.255967140197754,7.295048236846924,6.821667194366455,2346070
2022-03-02,7.208201885223389,7.4991350173950195,7.1626081466674805,7.468739032745361,6.9840874671936035,1602481
2022-03-03,7.477424144744873,7.481766223907471,7.2429399490356445,7.321101188659668,6.846029281616211,1005059
2022-03-04,7.255967140197754,7.334127902984619,7.160437107086182,7.1951751708984375,6.728275775909424,862758
2022-03-07,7.199516773223877,7.264651775360107,6.9867448806762695,7.008457183837891,6.553674221038818,939794
2022-03-08,7.01279878616333,7.117013931274414,6.873846054077148,6.878188133239746,6.431858062744141,1654359
2022-03-09,7.017140865325928,7.229913234710693,6.991086959838867,7.156094074249268,6.691730976104736,1844938
2022-03-10,7.038853168487549,7.156094074249268,6.982402801513672,7.077932834625244,6.618640899658203,1641741
2022-03-11,7.1387248039245605,7.268993854522705,7.0258259773254395,7.247282981872559,6.777002334594727,1265880
2022-03-14,7.325444221496582,7.37103796005249,7.073591232299805,7.125698089599609,6.663307189941406,1174833
2022-03-15,7.15175199508667,7.31675910949707,7.004114151000977,7.264651775360107,6.841247081756592,1283552
2022-03-16,7.325444221496582,7.494792938232422,7.238597869873047,7.416632175445557,6.984370231628418,1073534
2022-03-17,7.342813014984131,7.527359962463379,7.342813014984131,7.481766223907471,7.0457072257995605,979812
2022-03-18,7.481766223907471,7.742303848266602,7.412290096282959,7.70322322845459,7.254257678985596,3007880
2022-03-21,7.668485164642334,7.768356800079346,7.536045074462891,7.577297210693359,7.135671615600586,822192
2022-03-22,7.590322971343994,7.698881149291992,7.546901226043701,7.56427001953125,7.123403072357178,1539104
2022-03-23,7.520846843719482,7.52518892288208,7.299389839172363,7.338470935821533,6.910764217376709,1051200
2022-03-24,7.386236190795898,7.463702201843262,7.2820210456848145,7.455711841583252,7.021171569824219,790999
2022-03-25,7.486108779907227,7.559926986694336,7.39926290512085,7.438343048095703,7.004815578460693,858671
2022-03-28,7.412290096282959,7.501307010650635,7.390577793121338,7.464396953582764,7.029351234436035,1105884
2022-03-29,7.572954177856445,7.724934101104736,7.512162208557129,7.659800052642822,7.21336555480957,1469001
2022-03-30,7.6033501625061035,7.707564830780029,7.462225914001465,7.546901226043701,7.107047080993652,782985
2022-03-31,7.529531002044678,7.590322971343994,7.451369762420654,7.520846843719482,7.082510948181152,962176
2022-04-01,7.555584907531738,7.612034797668457,7.490450859069824,7.594666004180908,7.1520280838012695,958296
2022-04-04,7.5859808921813965,7.616376876831055,7.460054874420166,7.52518892288208,7.086599349975586,834425
2022-04-05,7.4991350173950195,7.551242828369141,7.134383201599121,7.203859806060791,6.783998966217041,1049515
2022-04-06,7.108328819274902,7.1387248039245605,6.930294990539551,6.999772071838379,6.591805934906006,1144237
2022-04-07,6.969376087188721,7.060564041137695,6.84345006942749,6.9867448806762695,6.579537391662598,1173394
2022-04-08,6.960690975189209,7.038853168487549,6.882530212402344,6.904242038726807,6.5018439292907715,776060
2022-04-11,6.839107036590576,7.006285190582275,6.80436897277832,6.9476637840271,6.542734622955322,934870
2022-04-12,7.0258259773254395,7.134383201599121,6.9867448806762695,6.9867448806762695,6.579537391662598,855601
2022-04-13,6.991086959838867,7.108328819274902,6.973718166351318,7.056221961975098,6.644965171813965,910496
2022-04-14,7.077932834625244,7.15175199508667,6.9867448806762695,7.034510135650635,6.6245198249816895,659225
2022-04-18,6.999772071838379,7.143067836761475,6.960690975189209,7.082274913787842,6.66949987411499,624479
2022-04-19,7.117013931274414,7.255967140197754,7.095302104949951,7.182147979736328,6.763552665710449,970128
2022-04-20,7.264651775360107,7.364523887634277,7.169120788574219,7.1778059005737305,6.759463310241699,546071
2022-04-21,7.255967140197754,7.35584020614624,7.008457183837891,7.051878929138184,6.640876770019531,880608
2022-04-22,7.0258259773254395,7.0909600257873535,6.930294990539551,6.952006816864014,6.546823978424072,663555
2022-04-25,6.908584117889404,7.043194770812988,6.878188133239746,7.008457183837891,6.599984645843506,671076
2022-04-26,6.9389801025390625,6.94332218170166,6.674099922180176,6.678442001342773,6.2892045974731445,1468418
2022-04-27,6.656731128692627,6.745748043060303,6.591597080230713,6.626335144042969,6.240133762359619,797788
2022-04-28,6.726208209991455,6.878188133239746,6.621993064880371,6.865160942077637,6.46504020690918,600056
2022-04-29,6.84345006942749,6.9389801025390625,6.713181018829346,6.773972988128662,6.379166603088379,805337
2022-05-02,6.7696309089660645,6.912926197052002,6.700153827667236,6.899899005889893,6.497753620147705,845270
2022-05-03,6.882530212402344,7.004114151000977,6.80436897277832,6.965034008026123,6.5590925216674805,638556
2022-05-04,6.960690975189209,7.295048236846924,6.9389801025390625,7.286363124847412,6.861693382263184,740754
2022-05-05,7.229913234710693,7.268993854522705,6.899899005889893,6.9867448806762695,6.579537391662598,808600
2022-05-06,6.969376087188721,6.993258953094482,6.773972988128662,6.878188133239746,6.477308750152588,1116516
2022-05-09,6.773972988128662,6.895556926727295,6.704495906829834,6.756604194641113,6.362809658050537,880744
2022-05-10,6.847792148590088,7.034510135650635,6.487381935119629,6.63936185836792,6.252402305603027,1519598
2022-05-11,6.656731128692627,6.791341781616211,6.517777919769287,6.608965873718262,6.223776340484619,1298165
2022-05-12,6.561201095581055,6.752261161804199,6.5460028648376465,6.743577003479004,6.35054349899292,1030859
2022-05-13,6.81739616394043,7.103987216949463,6.747919082641602,7.073591232299805,6.661323547363281,1225129
2022-05-16,7.043194770812988,7.121356010437012,6.982402801513672,6.999772071838379,6.591805934906006,932316
2022-05-17,7.15175199508667,7.368866920471191,7.15175199508667,7.338470935821533,6.910764217376709,856013
2022-05-18,7.229913234710693,7.4426422119140625,7.077932834625244,7.29070520401001,6.865781784057617,1804888
2022-05-19,7.273335933685303,7.425315856933594,7.253796100616455,7.286363124847412,6.861693382263184,1155123
2022-05-20,7.386236190795898,7.386236190795898,6.999772071838379,7.225571155548096,6.804444789886475,869255
2022-05-23,7.299389839172363,7.342813014984131,7.132212162017822,7.173463821411133,6.755373954772949,993528
2022-05-24,7.134383201599121,7.154183864593506,6.860818862915039,7.021482944488525,6.612251281738281,705192
2022-05-25,6.978061199188232,7.199516773223877,6.965034008026123,7.134383201599121,6.71857213973999,779648
2022-05-26,7.143067836761475,7.236426830291748,7.108328819274902,7.136553764343262,6.720615863800049,745788
2022-05-27,7.143067836761475,7.2820210456848145,7.143067836761475,7.251625061035156,6.877162933349609,594214
2022-05-31,7.229913234710693,7.334127902984619,7.01279878616333,7.147409915924072,6.825390815734863,1737062
2022-06-01,7.19083309173584,7.225571155548096,7.017140865325928,7.164779186248779,6.841977119445801,799274
2022-06-02,7.15175199508667,7.36018180847168,7.15175199508667,7.35584020614624,7.024429798126221,720854
2022-06-03,7.308074951171875,7.312417030334473,7.15175199508667,7.164779186248779,6.841977119445801,893189
2022-06-06,7.221229076385498,7.255967140197754,7.134383201599121,7.199516773223877,6.875149726867676,493387
2022-06-07,7.125698089599609,7.247282981872559,7.095302104949951,7.234255790710449,6.908323287963867,1277984
2022-06-08,7.203859806060791,7.208201885223389,7.064906120300293,7.099645137786865,6.779777526855469,739100
2022-06-09,7.038853168487549,7.212543964385986,6.930294990539551,6.94332218170166,6.630496978759766,688383
2022-06-10,6.865160942077637,7.004114151000977,6.752261161804199,6.782657146453857,6.477071762084961,836712
2022-06-13,6.582911968231201,6.691469192504883,6.309348106384277,6.348427772521973,6.062404632568359,1236706
2022-06-14,6.335402011871338,6.39185094833374,5.912027835845947,6.040125846862793,5.767994403839111,3835459
2022-06-15,6.135655879974365,6.252898216247559,6.074863910675049,6.1877641677856445,5.908979892730713,2173917
2022-06-16,6.035782814025879,6.09657621383667,5.814326763153076,5.875119209289551,5.610421180725098,2170448
2022-06-17,5.9272260665893555,6.092233180999756,5.9272260665893555,6.074863910675049,5.801166534423828,5413324
2022-06-21,6.205132961273193,6.404270172119141,6.0792059898376465,6.139997959136963,5.863365650177002,1528771
2022-06-22,6.048810005187988,6.209475040435791,6.048810005187988,6.170393943786621,5.892392158508301,927019
2022-06-23,6.2225022315979,6.359283924102783,6.2225022315979,6.287635803222656,6.004352569580078,838794
2022-06-24,6.326716899871826,6.452642917633057,6.3223748207092285,6.4396162033081055,6.149485111236572,1963700
2022-06-27,6.474355220794678,6.613307952880859,6.413562774658203,6.565543174743652,6.269738674163818,891398
2022-06-28,6.617650032043457,6.63936185836792,6.3397440910339355,6.348427772521973,6.062404632568359,735581
2022-06-29,6.326716899871826,6.370140075683594,6.220331192016602,6.361454963684082,6.074844837188721,785341
2022-06-30,6.252898216247559,6.389679908752441,6.1877641677856445,6.26592493057251,5.983619689941406,1095921
2022-07-01,6.231186866760254,6.29197883605957,6.09657621383667,6.2225022315979,5.942152976989746,983050
2022-07-05,6.0792059898376465,6.513434886932373,6.074863910675049,6.504751205444336,6.2116851806640625,1718224
2022-07-06,6.504751205444336,6.504751205444336,6.22684383392334,6.309348106384277,6.025085926055908,980646
2022-07-07,6.378824234008789,6.543830871582031,6.378824234008789,6.47001314163208,6.178513050079346,744167
2022-07-08,6.4265899658203125,6.556858062744141,6.396193981170654,6.509092807769775,6.215831279754639,772919
2022-07-11,6.478696823120117,6.517777919769287,6.43093204498291,6.509092807769775,6.215831279754639,924447
2022-07-12,6.522119998931885,6.621993064880371,6.422246932983398,6.465670108795166,6.174365520477295,795370
2022-07-13,6.39185094833374,6.5742268562316895,6.352770805358887,6.465670108795166,6.174365520477295,747289
2022-07-14,6.396193981170654,6.504751205444336,6.239871025085449,6.3180317878723145,6.033378601074219,649636
2022-07-15,6.491724014282227,6.491724014282227,6.296320915222168,6.4265899658203125,6.1370463371276855,931812
2022-07-18,6.500409126281738,6.565543174743652,6.409220218658447,6.4396162033081055,6.149485111236572,1126235
2022-07-19,6.5742268562316895,6.737062931060791,6.5742268562316895,6.708837985992432,6.406578063964844,906249
2022-07-20,6.695812225341797,6.9867448806762695,6.695812225341797,6.956348896026611,6.642937660217285,932208
2022-07-21,6.9476637840271,7.043194770812988,6.899899005889893,7.034510135650635,6.7175774574279785,886145
2022-07-22,7.017140865325928,7.051878929138184,6.902070045471191,6.925952911376953,6.613910675048828,820612
2022-07-25,6.9216108322143555,6.978061199188232,6.7696309089660645,6.8347649574279785,6.526831150054932,867551
2022-07-26,6.882530212402344,6.904242038726807,6.752261161804199,6.895556926727295,6.5848846435546875,560618
2022-07-27,6.908584117889404,7.236426830291748,6.908584117889404,7.199516773223877,6.875149726867676,856045
2022-07-28,7.186490058898926,7.264651775360107,7.108328819274902,7.225571155548096,6.900030136108398,800519
2022-07-29,7.203859806060791,7.295048236846924,7.1387248039245605,7.277678966522217,6.9497904777526855,829751
2022-08-01,7.212543964385986,7.377551078796387,7.208201885223389,7.3297858238220215,6.999549388885498,853201
2022-08-02,7.251625061035156,7.264651775360107,7.103987216949463,7.103987216949463,6.783923625946045,858673
2022-08-03,7.147409915924072,7.451369762420654,7.147409915924072,7.36018180847168,7.028575420379639,1018179
2022-08-04,7.334127902984619,7.386236190795898,7.221229076385498,7.229913234710693,6.904175758361816,952649
2022-08-05,7.143067836761475,7.303731918334961,6.952006816864014,7.221229076385498,6.895883560180664,1091152
2022-08-08,7.212543964385986,7.334127902984619,7.069249153137207,7.125698089599609,6.804656982421875,854629
2022-08-09,6.847792148590088,7.099645137786865,6.826079845428467,6.934638023376465,6.622204303741455,2486344
2022-08-10,7.038853168487549,7.127870082855225,6.9867448806762695,7.021482944488525,6.705136775970459,951566
2022-08-11,7.043194770812988,7.130041122436523,6.982402801513672,7.030168056488037,6.713430881500244,779899
2022-08-12,7.086617946624756,7.15175199508667,7.030168056488037,7.095302104949951,6.775629997253418,645129
2022-08-15,7.060564041137695,7.247282981872559,7.051878929138184,7.164779186248779,6.841977119445801,820490
2022-08-16,7.103987216949463,7.255967140197754,7.103987216949463,7.229913234710693,6.904175758361816,894905
2022-08-17,7.125698089599609,7.169120788574219,7.004114151000977,7.073591232299805,6.754896640777588,910332
2022-08-18,7.0909600257873535,7.238597869873047,7.060564041137695,7.225571155548096,6.900030136108398,674121
2022-08-19,7.164779186248779,7.221229076385498,7.073591232299805,7.121356010437012,6.800510406494141,731756
2022-08-22,7.0258259773254395,7.112671852111816,7.008457183837891,7.038853168487549,6.721723556518555,893143
2022-08-23,7.0258259773254395,7.056221961975098,6.973718166351318,6.999772071838379,6.684403419494629,731881
2022-08-24,6.999772071838379,7.030168056488037,6.94332218170166,6.960690975189209,6.647083282470703,735832
2022-08-25,6.969376087188721,7.099645137786865,6.960690975189209,7.082274913787842,6.763190269470215,662608
2022-08-26,7.060564041137695,7.060564041137695,6.77831506729126,6.8521342277526855,6.589941501617432,712999
2022-08-29,6.773972988128662,6.886871814727783,6.752261161804199,6.808711051940918,6.548180103302002,693808
2022-08-30,6.860818862915039,7.119184970855713,6.856475830078125,7.117013931274414,6.844685077667236,1310828
2022-08-31,7.103987216949463,7.143067836761475,6.882530212402344,6.908584117889404,6.64423131942749,2180521
2022-09-01,6.7696309089660645,6.856475830078125,6.587254047393799,6.800026893615723,6.539828300476074,1942806
2022-09-02,6.830422878265381,6.94332218170166,6.7305498123168945,6.7870001792907715,6.527300834655762,1128908
2022-09-06,6.756604194641113,6.813053131103516,6.591597080230713,6.661073207855225,6.406191349029541,1284133
2022-09-07,6.617650032043457,6.695812225341797,6.535147190093994,6.621993064880371,6.368607044219971,1114678
2022-09-08,6.543830871582031,6.630677223205566,6.461328029632568,6.626335144042969,6.372782230377197,1223358
2022-09-09,6.648046016693115,6.721865177154541,6.522119998931885,6.539488792419434,6.289259910583496,903274
2022-09-12,6.604623794555664,6.6654157638549805,6.537318229675293,6.613307952880859,6.360254764556885,1010065
2022-09-13,6.417904853820801,6.47001314163208,6.3223748207092285,6.352770805358887,6.109686851501465,1095021
2022-09-14,6.335402011871338,6.407049179077148,6.244170188903809,6.39185094833374,6.147270679473877,1085364
2022-09-15,6.344086170196533,6.448300838470459,6.313690185546875,6.417904853820801,6.172328472137451,1000418
2022-09-16,6.383166790008545,6.456985950469971,6.270267009735107,6.4265899658203125,6.1806817054748535,2428407
2022-09-19,6.357112884521484,6.4265899658203125,6.278952121734619,6.309348106384277,6.067924499511719,1150531
2022-09-20,6.257239818572998,6.517777919769287,6.213817119598389,6.483038902282715,6.2349700927734375,1706896
2022-09-21,6.513434886932373,6.561201095581055,6.387508869171143,6.400536060333252,6.155623912811279,1511939
2022-09-22,6.383166790008545,6.40487813949585,6.233357906341553,6.326716899871826,6.084630012512207,1067754
2022-09-23,6.287635803222656,6.309348106384277,6.144340991973877,6.235528945922852,5.9969305992126465,1674662
2022-09-26,6.261582851409912,6.348427772521973,6.192105770111084,6.196447849273682,5.959344863891602,2013828
2022-09-27,6.179079055786133,6.248556137084961,6.144340991973877,6.157368183135986,5.921760559082031,1082774
2022-09-28,6.139997959136963,6.374482154846191,6.118287086486816,6.300662994384766,6.059572696685791,1339974
2022-09-29,6.235528945922852,6.287635803222656,6.135655879974365,6.174736976623535,5.938465118408203,1356666
2022-09-30,6.153025150299072,6.272438049316406,6.124800205230713,6.139997959136963,5.905055046081543,1680539
2022-10-03,6.650000095367432,7.760000228881836,6.519999980926514,7.190000057220459,6.914880275726318,3691995
2022-10-04,7.400000095367432,8.630000114440918,7.400000095367432,8.420000076293945,8.097814559936523,2121569
2022-10-05,8.390000343322754,8.907999992370605,8.170000076293945,8.600000381469727,8.270927429199219,1684818
2022-10-06,8.399999618530273,8.949999809265137,8.1899995803833,8.819999694824219,8.48250675201416,1706083
2022-10-07,8.630000114440918,9.574999809265137,8.515000343322754,9.359999656677246,9.001845359802246,1300051
2022-10-10,9.34000015258789,9.850000381469727,9.130000114440918,9.6899995803833,9.319217681884766,1171850
2022-10-11,9.470000267028809,9.699999809265137,8.869999885559082,9.010000228881836,8.665238380432129,1298178
2022-10-12,9.069999694824219,9.699999809265137,8.835000038146973,9.609999656677246,9.242280006408691,937220
2022-10-13,9.449999809265137,10.890000343322754,9.274999618530273,10.670000076293945,10.261719703674316,1352253
2022-10-14,11.020000457763672,11.239999771118164,10.399999618530273,10.420000076293945,10.021286010742188,783722
2022-10-17,10.40999984741211,10.670000076293945,10.104999542236328,10.3100004196167,9.915495872497559,750197
2022-10-18,10.579999923706055,10.65999984741211,10.420000076293945,10.510000228881836,10.107842445373535,609604
2022-10-19,10.390000343322754,10.649999618530273,10.25,10.420000076293945,10.021286010742188,728983
2022-10-20,10.40999984741211,10.640000343322754,10.329999923706055,10.510000228881836,10.107842445373535,607754
2022-10-21,10.640000343322754,10.850000381469727,10.470000267028809,10.630000114440918,10.223249435424805,520161
2022-10-24,10.640000343322754,10.859999656677246,10.34000015258789,10.800000190734863,10.386746406555176,431781
2022-10-25,10.800000190734863,11.130000114440918,10.65999984741211,10.710000038146973,10.300189018249512,607422
2022-10-26,10.699999809265137,10.979999542236328,10.5,10.65999984741211,10.252102851867676,818082
2022-10-27,10.770000457763672,11.100000381469727,10.65999984741211,10.739999771118164,10.329042434692383,583260
2022-10-28,10.670000076293945,10.8100004196167,10.329999923706055,10.460000038146973,10.0597562789917,898328
2022-10-31,10.460000038146973,11.359999656677246,10.404999732971191,11.180000305175781,10.752204895019531,947248
2022-11-01,11.289999961853027,11.649999618530273,11.020000457763672,11.529999732971191,11.088812828063965,574291
2022-11-02,11.329999923706055,11.850000381469727,11.289999961853027,11.600000381469727,11.156132698059082,630112
2022-11-03,11.399999618530273,11.430000305175781,10.819999694824219,11.369999885559082,10.934934616088867,509613
2022-11-04,11.470000267028809,11.59000015258789,10.960000038146973,11.140000343322754,10.713735580444336,940157
2022-11-07,11.130000114440918,11.390000343322754,11.029999732971191,11.229999542236328,10.800291061401367,710651
2022-11-08,11.130000114440918,11.4399995803833,10.84000015258789,11.119999885559082,10.694500923156738,544061
2022-11-09,11.140000343322754,11.430000305175781,10.989999771118164,11.170000076293945,10.742588996887207,541401
2022-11-10,10.770000457763672,10.770000457763672,9.569999694824219,10.229999542236328,9.838555335998535,1032726
2022-11-11,10.319999694824219,10.654999732971191,10.149999618530273,10.199999809265137,9.809701919555664,833159
2022-11-14,10.010000228881836,11.024999618530273,9.819999694824219,10.5,10.098223686218262,751156
2022-11-15,10.520000457763672,10.65999984741211,10.220000267028809,10.279999732971191,9.886642456054688,463485
2022-11-16,10.15999984741211,10.170000076293945,9.84000015258789,10.039999961853027,9.6558256149292,488965
2022-11-17,9.899999618530273,10.305000305175781,9.789999961853027,9.829999923706055,9.453861236572266,402950
2022-11-18,10.010000228881836,10.319999694824219,9.824999809265137,9.880000114440918,9.501948356628418,408728
2022-11-21,9.880000114440918,9.970000267028809,9.529999732971191,9.710000038146973,9.338454246520996,318738
2022-11-22,9.710000038146973,10.140000343322754,9.675000190734863,10.100000381469727,9.713530540466309,381882
2022-11-23,10.029999732971191,10.399999618530273,10.010000228881836,10.270000457763672,9.877025604248047,298143
2022-11-25,10.220000267028809,10.342499732971191,10.149999618530273,10.260000228881836,9.867408752441406,157177
2022-11-28,10.119999885559082,10.460000038146973,10.109999656677246,10.350000381469727,9.953964233398438,401474
2022-11-29,10.260000228881836,10.645000457763672,10.260000228881836,10.479999542236328,10.127917289733887,438857
2022-11-30,10.5600004196167,11.079999923706055,10.479999542236328,11.050000190734863,10.678767204284668,863917
2022-12-01,10.949999809265137,11.505000114440918,10.119999885559082,10.579999923706055,10.224556922912598,678417
2022-12-02,10.369999885559082,10.9350004196167,10.34000015258789,10.819999694824219,10.456493377685547,591548
2022-12-05,10.949999809265137,11.03499984741211,10.729999542236328,10.869999885559082,10.504814147949219,753131
2022-12-06,10.859999656677246,11.260000228881836,10.859999656677246,10.90999984741211,10.54347038269043,452249
2022-12-07,10.880000114440918,11.145000457763672,10.670000076293945,10.729999542236328,10.369516372680664,374498
2022-12-08,10.779999732971191,11.0600004196167,10.510000228881836,10.539999961853027,10.185901641845703,352167
2022-12-09,10.350000381469727,10.649999618530273,10.220000267028809,10.229999542236328,9.88631534576416,320073
2022-12-12,10.140000343322754,10.5649995803833,10.100000381469727,10.449999809265137,10.098923683166504,347027
2022-12-13,10.680000305175781,10.869999885559082,10.420000076293945,10.460000038146973,10.108590126037598,431664
2022-12-14,10.579999923706055,10.579999923706055,9.9399995803833,10.109999656677246,9.77034854888916,464461
2022-12-15,10.0,10.210000038146973,9.619999885559082,9.729999542236328,9.40311336517334,522173
2022-12-16,9.739999771118164,9.989999771118164,9.640000343322754,9.680000305175781,9.3547945022583,3409194
2022-12-19,9.680000305175781,9.680000305175781,9.079999923706055,9.369999885559082,9.055209159851074,632527
2022-12-20,9.319999694824219,9.670000076293945,9.229999542236328,9.350000381469727,9.035879135131836,563081
2022-12-21,9.449999809265137,9.545000076293945,9.1899995803833,9.34000015258789,9.026215553283691,674023
2022-12-22,9.25,9.510000228881836,9.010000228881836,9.470000267028809,9.151848793029785,393958
2022-12-23,9.399999618530273,9.630000114440918,9.34000015258789,9.479999542236328,9.16151237487793,247133
2022-12-27,9.470000267028809,9.600000381469727,9.319999694824219,9.489999771118164,9.171177864074707,306563
2022-12-28,9.489999771118164,9.625,9.270000457763672,9.289999961853027,8.97789478302002,273462
2022-12-29,9.369999885559082,9.5649995803833,9.300000190734863,9.510000228881836,9.190505981445312,295557
2022-12-30,9.430000305175781,9.529999732971191,9.25,9.479999542236328,9.16151237487793,286845
2023-01-03,9.609999656677246,10.119999885559082,9.470000267028809,9.979999542236328,9.64471435546875,607026
2023-01-04,10.079999923706055,10.289999961853027,9.869999885559082,10.149999618530273,9.809001922607422,424254
2023-01-05,10.140000343322754,10.449999809265137,10.039999961853027,10.4399995803833,10.08926010131836,445012
2023-01-06,10.4399995803833,10.75,10.4399995803833,10.65999984741211,10.30186939239502,456065
2023-01-09,10.739999771118164,10.894499778747559,10.515000343322754,10.630000114440918,10.27287769317627,857478
2023-01-10,10.600000381469727,10.734999656677246,10.529999732971191,10.720000267028809,10.35985279083252,425307
2023-01-11,10.75,10.890000343322754,10.640000343322754,10.84000015258789,10.475822448730469,400907
2023-01-12,10.90999984741211,11.050000190734863,10.800000190734863,10.90999984741211,10.54347038269043,505110
2023-01-13,10.819999694824219,10.960000038146973,10.574999809265137,10.920000076293945,10.553135871887207,297577
2023-01-17,10.9399995803833,11.03499984741211,10.694999694824219,11.020000457763672,10.649775505065918,267647
2023-01-18,11.039999961853027,11.100000381469727,10.694999694824219,10.8100004196167,10.446830749511719,354867
2023-01-19,10.729999542236328,11.0,10.449999809265137,10.539999961853027,10.185901641845703,441831
2023-01-20,10.65999984741211,10.795000076293945,10.390000343322754,10.479999542236328,10.127917289733887,1229658
2023-01-23,10.479999542236328,11.005000114440918,10.479999542236328,10.859999656677246,10.495150566101074,740798
2023-01-24,10.779999732971191,10.904999732971191,10.630000114440918,10.789999961853027,10.427502632141113,306595
2023-01-25,10.699999809265137,10.960000038146973,10.609999656677246,10.949999809265137,10.58212661743164,404541
2023-01-26,11.0,11.350000381469727,10.899999618530273,11.329999923706055,10.949359893798828,733601
2023-01-27,11.3100004196167,11.609999656677246,11.109999656677246,11.140000343322754,10.765745162963867,401537
2023-01-30,10.979999542236328,11.15999984741211,10.850000381469727,10.960000038146973,10.591791152954102,356854
2023-01-31,10.960000038146973,11.119999885559082,10.859999656677246,10.949999809265137,10.58212661743164,721560
2023-02-01,11.010000228881836,11.390000343322754,10.920000076293945,11.220000267028809,10.843056678771973,705084
2023-02-02,11.260000228881836,11.65999984741211,10.880000114440918,11.029999732971191,10.659438133239746,592976
2023-02-03,10.880000114440918,11.335000038146973,10.880000114440918,11.180000305175781,10.804398536682129,612308
2023-02-06,11.15999984741211,11.204999923706055,10.569999694824219,10.699999809265137,10.340524673461914,521398
2023-02-07,10.6899995803833,11.109999656677246,10.569999694824219,11.069999694824219,10.698094367980957,452286
2023-02-08,11.020000457763672,11.109999656677246,10.930000305175781,11.100000381469727,10.72708797454834,340973
2023-02-09,11.109999656677246,11.350000381469727,10.680000305175781,10.770000457763672,10.40817642211914,315400
2023-02-10,10.760000228881836,11.09000015258789,10.739999771118164,11.069999694824219,10.698094367980957,261251
2023-02-13,11.079999923706055,11.210000038146973,10.979999542236328,11.020000457763672,10.649775505065918,259545
2023-02-14,10.989999771118164,11.119999885559082,10.770000457763672,10.789999961853027,10.427502632141113,256429
2023-02-15,10.729999542236328,11.130000114440918,10.675000190734863,11.119999885559082,10.746416091918945,326356
2023-02-16,11.0,11.210000038146973,10.765000343322754,10.8100004196167,10.446830749511719,321860
2023-02-17,10.869999885559082,10.869999885559082,10.539999961853027,10.600000381469727,10.24388599395752,411334
2023-02-21,10.390000343322754,10.529999732971191,10.01200008392334,10.180000305175781,9.837996482849121,406112
2023-02-22,10.210000038146973,10.550000190734863,10.199999809265137,10.40999984741211,10.060269355773926,706335
2023-02-23,10.420000076293945,11.050000190734863,10.210000038146973,10.649999618530273,10.292205810546875,731548
2023-02-24,10.510000228881836,10.579999923706055,10.114999771118164,10.199999809265137,9.857322692871094,432547
2023-02-27,10.199999809265137,10.329999923706055,9.75,9.760000228881836,9.432106018066406,503787
2023-02-28,9.829999923706055,9.9399995803833,9.669899940490723,9.859999656677246,9.528746604919434,830106
2023-03-01,9.739999771118164,10.270000457763672,9.739999771118164,9.850000381469727,9.519081115722656,396011
2023-03-02,9.869999885559082,10.218199729919434,9.699999809265137,9.859999656677246,9.528746604919434,339787
2023-03-03,9.9399995803833,10.0,9.729999542236328,9.829999923706055,9.499754905700684,402989
2023-03-06,9.619999885559082,9.694999694824219,9.329999923706055,9.420000076293945,9.103527069091797,801125
2023-03-07,9.399999618530273,9.399999618530273,8.960000038146973,9.220000267028809,8.910246849060059,1000548
2023-03-08,9.239999771118164,9.289999961853027,9.010000228881836,9.140000343322754,8.83293628692627,682826
2023-03-09,9.149999618530273,9.295000076293945,8.970000267028809,9.079999923706055,8.774951934814453,593245
2023-03-10,9.050000190734863,9.300000190734863,8.970000267028809,9.079999923706055,8.774951934814453,542374
2023-03-13,8.960000038146973,8.994999885559082,8.520000457763672,8.5600004196167,8.272420883178711,551722
2023-03-14,8.699999809265137,8.829999923706055,8.40999984741211,8.479999542236328,8.243258476257324,544334
2023-03-15,8.3100004196167,8.645000457763672,8.154999732971191,8.319999694824219,8.087724685668945,621204
2023-03-16,8.210000038146973,8.880000114440918,8.170000076293945,8.520000457763672,8.28214168548584,576832
2023-03-17,8.619999885559082,8.619999885559082,8.180000305175781,8.229999542236328,8.000237464904785,2938815
2023-03-20,8.329999923706055,8.510000228881836,8.270000457763672,8.319999694824219,8.087724685668945,585386
2023-03-21,8.460000038146973,8.630000114440918,8.130000114440918,8.359999656677246,8.126608848571777,496382
2023-03-22,8.369999885559082,8.40999984741211,8.100000381469727,8.100000381469727,7.873868465423584,431960
2023-03-23,8.119999885559082,8.380000114440918,8.029999732971191,8.039999961853027,7.815542221069336,344142
2023-03-24,7.960000038146973,8.100000381469727,7.889999866485596,8.050000190734863,7.825263023376465,354210
2023-03-27,8.130000114440918,8.4399995803833,8.09000015258789,8.399999618530273,8.165491104125977,512218
2023-03-28,8.350000381469727,8.380000114440918,8.164999961853027,8.369999885559082,8.13632869720459,505249
2023-03-29,8.369999885559082,8.5600004196167,8.300000190734863,8.489999771118164,8.252978324890137,512610
2023-03-30,8.460000038146973,8.600000381469727,8.430000305175781,8.585000038146973,8.34532642364502,309765
2023-03-31,8.649999618530273,8.869999885559082,8.640000343322754,8.859999656677246,8.612648963928223,570420
2023-04-03,8.869999885559082,8.920000076293945,8.529999732971191,8.739999771118164,8.495999336242676,451105
2023-04-04,8.729999542236328,8.800000190734863,8.100000381469727,8.359999656677246,8.126608848571777,430944
2023-04-05,8.319999694824219,8.430000305175781,8.239999771118164,8.300000190734863,8.068284034729004,425161
2023-04-06,8.329999923706055,8.329999923706055,8.015000343322754,8.0600004196167,7.834984302520752,409763
2023-04-10,8.029999732971191,8.279999732971191,7.939199924468994,8.199999809265137,7.97107458114624,1179983
2023-04-11,8.229999542236328,8.256500244140625,8.0600004196167,8.119999885559082,7.893308162689209,339387
2023-04-12,8.15999984741211,8.210000038146973,7.909999847412109,7.909999847412109,7.689170837402344,346124
2023-04-13,7.920000076293945,8.15999984741211,7.889999866485596,7.989999771118164,7.766937732696533,368722
2023-04-14,8.010000228881836,8.09000015258789,7.889999866485596,7.960000038146973,7.7377753257751465,316248
2023-04-17,7.909999847412109,8.050000190734863,7.829999923706055,8.039999961853027,7.815542221069336,333235
2023-04-18,8.050000190734863,8.210000038146973,7.989999771118164,8.180000305175781,7.951633453369141,490827
2023-04-19,8.119999885559082,8.135000228881836,8.010000228881836,8.100000381469727,7.873868465423584,528755
2023-04-20,8.09000015258789,8.1850004196167,8.03499984741211,8.109999656677246,7.88358736038208,366540
2023-04-21,8.100000381469727,8.1850004196167,8.010000228881836,8.0600004196167,7.834984302520752,353276
2023-04-24,8.0600004196167,8.180000305175781,7.980000019073486,8.0600004196167,7.834984302520752,280878
2023-04-25,7.96999979019165,7.96999979019165,7.829999923706055,7.900000095367432,7.679450511932373,357574
2023-04-26,7.880000114440918,8.175000190734863,7.769999980926514,7.940000057220459,7.718333721160889,700669
2023-04-27,7.940000057220459,7.986299991607666,7.599999904632568,7.789999961853027,7.572521209716797,360229
2023-04-28,7.769999980926514,7.829999923706055,7.559999942779541,7.639999866485596,7.426709175109863,523943
2023-05-01,7.639999866485596,7.789999961853027,7.539999961853027,7.639999866485596,7.426709175109863,385344
2023-05-02,7.599999904632568,7.599999904632568,7.28000020980835,7.300000190734863,7.096201419830322,413649
2023-05-03,7.329999923706055,7.449999809265137,7.25,7.269999980926514,7.067038059234619,454957
2023-05-04,7.239999771118164,7.315000057220459,7.119999885559082,7.159999847412109,6.960109233856201,335627
2023-05-05,7.28000020980835,7.380000114440918,7.195000171661377,7.239999771118164,7.037875652313232,370269
2023-05-08,7.289999961853027,7.474999904632568,7.179999828338623,7.260000228881836,7.057318687438965,387984
2023-05-09,7.400000095367432,8.169699668884277,7.400000095367432,8.029999732971191,7.805821418762207,1036079
2023-05-10,8.119999885559082,8.720000267028809,8.079999923706055,8.710000038146973,8.466836929321289,668415
2023-05-11,8.720000267028809,8.880000114440918,8.619999885559082,8.84000015258789,8.593208312988281,565501
2023-05-12,8.859999656677246,9.010000228881836,8.470000267028809,8.989999771118164,8.739019393920898,419727
2023-05-15,9.010000228881836,9.364999771118164,8.960000038146973,9.270000457763672,9.011202812194824,604214
2023-05-16,9.229999542236328,9.323399543762207,9.100000381469727,9.119999885559082,8.86539077758789,450902
2023-05-17,9.140000343322754,9.380000114440918,9.020000457763672,9.289999961853027,9.030645370483398,553692
2023-05-18,9.270000457763672,9.345000267028809,8.989999771118164,9.199999809265137,8.943158149719238,543264
2023-05-19,9.300000190734863,9.300000190734863,9.02180004119873,9.279999732971191,9.020922660827637,488010
2023-05-22,9.300000190734863,9.5600004196167,9.170000076293945,9.420000076293945,9.157015800476074,655565
2023-05-23,9.359999656677246,9.569999694824219,9.130000114440918,9.210000038146973,8.95287799835205,510047
2023-05-24,9.170000076293945,9.270000457763672,9.130000114440918,9.25,8.991762161254883,362608
2023-05-25,9.239999771118164,9.489999771118164,9.170000076293945,9.350000381469727,9.088969230651855,446916
2023-05-26,9.34000015258789,9.789999961853027,9.34000015258789,9.779999732971191,9.558076858520508,334899
2023-05-30,9.789999961853027,10.149999618530273,9.479999542236328,9.770000457763672,9.548306465148926,760771
2023-05-31,9.65999984741211,9.880000114440918,9.4399995803833,9.8100004196167,9.587397575378418,2329352
2023-06-01,9.729999542236328,9.904999732971191,9.229999542236328,9.850000381469727,9.626490592956543,784770
2023-06-02,9.979999542236328,10.595000267028809,9.970000267028809,10.569999694824219,10.330151557922363,719888
2023-06-05,10.630000114440918,10.630000114440918,9.953200340270996,10.050000190734863,9.821951866149902,630677
2023-06-06,10.0,10.529999732971191,9.949999809265137,10.380000114440918,10.144463539123535,527685
2023-06-07,10.449999809265137,10.739999771118164,10.449999809265137,10.59000015258789,10.349699020385742,610924
2023-06-08,10.539999961853027,10.680000305175781,10.460000038146973,10.539999961853027,10.30083179473877,419906
2023-06-09,10.529999732971191,10.630000114440918,10.359999656677246,10.390000343322754,10.154236793518066,391901
2023-06-12,10.359999656677246,10.6899995803833,10.25,10.579999923706055,10.339925765991211,458007
2023-06-13,10.579999923706055,10.829999923706055,10.490699768066406,10.640000343322754,10.398564338684082,514100
2023-06-14,10.6899995803833,10.800000190734863,10.609999656677246,10.770000457763672,10.525613784790039,663701
2023-06-15,10.84000015258789,10.920000076293945,10.539999961853027,10.649999618530273,10.40833568572998,586972
2023-06-16,10.819999694824219,10.84000015258789,10.555000305175781,10.649999618530273,10.40833568572998,1910600
2023-06-20,10.649999618530273,10.8100004196167,10.529999732971191,10.779999732971191,10.535386085510254,567328
2023-06-21,10.75,10.899999618530273,10.6899995803833,10.710000038146973,10.466976165771484,425284
2023-06-22,10.710000038146973,10.710000038146973,10.710000038146973,10.710000038146973,10.466976165771484,0
2023-06-23,10.430000305175781,10.5,10.15999984741211,10.369999885559082,10.134689331054688,3861253
2023-06-26,10.510000228881836,10.550000190734863,10.289999961853027,10.329999923706055,10.095598220825195,424861
2023-06-27,10.329999923706055,10.539999961853027,10.307499885559082,10.460000038146973,10.222648620605469,373501
2023-06-28,10.399999618530273,10.569999694824219,10.399999618530273,10.550000190734863,10.3106050491333,340765
2023-06-29,10.550000190734863,10.949999809265137,10.550000190734863,10.9399995803833,10.691756248474121,631837
2023-06-30,11.0,11.225000381469727,10.930000305175781,11.010000228881836,10.760167121887207,645596
2023-07-03,10.970000267028809,11.140000343322754,10.84000015258789,10.949999809265137,10.701528549194336,159660
2023-07-05,10.869999885559082,10.869999885559082,10.59000015258789,10.770000457763672,10.525613784790039,508845
2023-07-06,10.649999618530273,10.819999694824219,10.470000267028809,10.789999961853027,10.545160293579102,403758
2023-07-07,10.819999694824219,11.029999732971191,10.760000228881836,10.899999618530273,10.652663230895996,364541
2023-07-10,10.819999694824219,11.229999542236328,10.819999694824219,11.199999809265137,10.945856094360352,479504
2023-07-11,11.229999542236328,11.329999923706055,11.09000015258789,11.3100004196167,11.053359985351562,330254
2023-07-12,11.470000267028809,11.529999732971191,11.380000114440918,11.399999618530273,11.141317367553711,464004
2023-07-13,11.430000305175781,11.8100004196167,11.399999618530273,11.770000457763672,11.502922058105469,490746
2023-07-14,11.710000038146973,11.779999732971191,11.369999885559082,11.470000267028809,11.20973014831543,396133
2023-07-17,11.470000267028809,11.914999961853027,11.470000267028809,11.789999961853027,11.522468566894531,471854
2023-07-18,11.760000228881836,12.0600004196167,11.670000076293945,11.989999771118164,11.71792984008789,431462
2023-07-19,12.020000457763672,12.109999656677246,11.630000114440918,11.779999732971191,11.5126953125,412225
2023-07-20,11.84000015258789,11.949999809265137,11.460000038146973,11.539999961853027,11.278141021728516,438704
2023-07-21,11.649999618530273,11.720000267028809,11.46500015258789,11.59000015258789,11.327006340026855,482525
2023-07-24,11.520000457763672,11.75,11.520000457763672,11.680000305175781,11.414965629577637,282536
2023-07-25,11.680000305175781,11.8100004196167,11.585000038146973,11.710000038146973,11.444284439086914,341325
2023-07-26,11.699999809265137,11.819999694824219,11.670000076293945,11.739999771118164,11.473602294921875,269994
2023-07-27,11.789999961853027,11.899999618530273,11.664999961853027,11.6899995803833,11.424736976623535,400211
2023-07-28,11.789999961853027,12.09000015258789,11.789999961853027,12.0600004196167,11.786341667175293,401146
2023-07-31,12.09000015258789,12.095000267028809,11.960000038146973,12.020000457763672,11.7472505569458,469960
2023-08-01,12.100000381469727,12.369999885559082,11.97249984741211,12.220000267028809,11.94271183013916,591387
2023-08-02,12.149999618530273,12.234999656677246,12.020000457763672,12.09000015258789,11.815661430358887,708061
2023-08-03,12.050000190734863,12.126700401306152,11.949999809265137,12.09000015258789,11.815661430358887,407304
2023-08-04,12.100000381469727,12.140000343322754,11.529999732971191,11.539999961853027,11.278141021728516,525764
2023-08-07,11.609999656677246,11.729999542236328,11.510000228881836,11.680000305175781,11.414965629577637,476994
2023-08-08,11.0600004196167,11.069999694824219,9.59000015258789,10.03499984741211,9.807291984558105,1901130
2023-08-09,10.0,10.324299812316895,10.0,10.204999923706055,9.973434448242188,677576
2023-08-10,10.34000015258789,10.420000076293945,10.114999771118164,10.125,9.895249366760254,733203
2023-08-11,10.039999961853027,10.180000305175781,9.90999984741211,10.15999984741211,9.929454803466797,523250
2023-08-14,10.050000190734863,10.079999923706055,9.850000381469727,10.050000190734863,9.821951866149902,477470
2023-08-15,9.960000038146973,10.149999618530273,9.8100004196167,10.109999656677246,9.880589485168457,436111
2023-08-16,10.100000381469727,10.220000267028809,10.085000038146973,10.149999618530273,9.919681549072266,457340
2023-08-17,10.140000343322754,10.210000038146973,9.979999542236328,10.069999694824219,9.841497421264648,457646
2023-08-18,10.050000190734863,10.149999618530273,9.75,9.899999618530273,9.675354957580566,621286
2023-08-21,9.880000114440918,9.949999809265137,9.819999694824219,9.90999984741211,9.685127258300781,538176
2023-08-22,10.020000457763672,10.0600004196167,9.920000076293945,10.0,9.773086547851562,409910
2023-08-23,10.0,10.039999961853027,9.885000228881836,9.899999618530273,9.675354957580566,322299
2023-08-24,9.859999656677246,9.880000114440918,9.739999771118164,9.8100004196167,9.587397575378418,436198
2023-08-25,9.670000076293945,9.850000381469727,9.630000114440918,9.789999961853027,9.616867065429688,403051
2023-08-28,9.8100004196167,9.9399995803833,9.779999732971191,9.84000015258789,9.665983200073242,228176
2023-08-29,9.819999694824219,10.0,9.75,9.989999771118164,9.813329696655273,241008
2023-08-30,9.949999809265137,10.149999618530273,9.899999618530273,10.09000015258789,9.911561965942383,336418
2023-08-31,10.09000015258789,10.229999542236328,10.039999961853027,10.0600004196167,9.88209342956543,628418
2023-09-01,10.100000381469727,10.220000267028809,9.930000305175781,10.010000228881836,9.832977294921875,519436
2023-09-05,9.880000114440918,9.890000343322754,9.460000038146973,9.6899995803833,9.518633842468262,480235
2023-09-06,9.739999771118164,9.829999923706055,9.539999961853027,9.619999885559082,9.449873924255371,355554
2023-09-07,9.510000228881836,9.510000228881836,9.239999771118164,9.34000015258789,9.174825668334961,521791
2023-09-08,9.34000015258789,9.470000267028809,9.180000305175781,9.350000381469727,9.184648513793945,395333
2023-09-11,9.390000343322754,9.448399543762207,9.289999961853027,9.3100004196167,9.145356178283691,342977
2023-09-12,9.604999542236328,9.789999961853027,9.210000038146973,9.670000076293945,9.498990058898926,602755
2023-09-13,9.670000076293945,9.6899995803833,9.425000190734863,9.510000228881836,9.341817855834961,470547
2023-09-14,9.600000381469727,9.880000114440918,9.569999694824219,9.789999961853027,9.616867065429688,434139
2023-09-15,9.760000228881836,10.130000114440918,9.760000228881836,9.949999809265137,9.774038314819336,2338201
2023-09-18,9.930000305175781,9.976400375366211,9.800000190734863,9.920000076293945,9.74456787109375,538529
2023-09-19,9.899999618530273,10.024999618530273,9.800000190734863,10.0,9.82315444946289,412514
2023-09-20,9.989999771118164,10.100000381469727,9.859999656677246,9.899999618530273,9.724922180175781,356459
2023-09-21,9.890000343322754,10.329999923706055,9.84000015258789,10.300000190734863,10.11784839630127,547880
2023-09-22,10.25,10.420000076293945,10.170000076293945,10.390000343322754,10.206256866455078,779942
2023-09-25,10.390000343322754,10.53499984741211,10.300000190734863,10.510000228881836,10.32413387298584,435896
2023-09-26,10.489999771118164,10.529999732971191,10.1899995803833,10.239999771118164,10.05890941619873,472759
2023-09-27,10.279999732971191,10.670000076293945,10.279999732971191,10.569999694824219,10.383072853088379,431038
2023-09-28,10.550000190734863,10.744999885559082,10.479000091552734,10.600000381469727,10.412542343139648,678557
2023-09-29,10.600000381469727,10.770000457763672,10.550000190734863,10.680000305175781,10.491127967834473,573325
2023-10-02,10.760000228881836,10.845000267028809,10.640000343322754,10.729999542236328,10.540242195129395,589010
2023-10-03,10.609999656677246,10.609999656677246,8.835000038146973,8.954999923706055,8.79663372039795,1185823
2023-10-04,8.920000076293945,9.300000190734863,8.635000228881836,9.204999923706055,9.04221248626709,1005674
2023-10-05,9.220000267028809,9.260000228881836,8.569999694824219,8.579999923706055,8.428265571594238,928145
2023-10-06,8.4399995803833,9.2677001953125,8.4399995803833,9.029999732971191,8.870307922363281,827932
2023-10-09,8.9399995803833,9.170000076293945,8.710000038146973,9.09000015258789,8.92924690246582,455332
2023-10-10,9.15999984741211,9.279999732971191,8.850000381469727,8.859999656677246,8.703313827514648,600349
2023-10-11,8.869999885559082,8.970000267028809,8.720000267028809,8.770000457763672,8.61490535736084,609739
2023-10-12,8.829999923706055,8.829999923706055,8.364999771118164,8.529999732971191,8.379148483276367,507630
2023-10-13,8.489999771118164,8.604999542236328,8.220000267028809,8.449999809265137,8.300564765930176,470832
2023-10-16,8.5,8.65999984741211,8.5,8.510000228881836,8.359503746032715,402332
2023-10-17,8.5,8.6850004196167,8.400099754333496,8.649999618530273,8.497027397155762,598962
2023-10-18,8.550000190734863,8.640000343322754,8.4350004196167,8.539999961853027,8.388972282409668,271579
2023-10-19,8.550000190734863,8.550000190734863,8.359999656677246,8.359999656677246,8.21215534210205,462660
2023-10-20,8.390000343322754,8.479999542236328,8.3100004196167,8.430000305175781,8.280919075012207,491828
2023-10-23,8.390000343322754,8.630000114440918,8.390000343322754,8.520000457763672,8.369327545166016,371340
2023-10-24,8.539999961853027,8.649999618530273,8.40999984741211,8.600000381469727,8.447912216186523,355296
2023-10-25,8.5600004196167,8.602499961853027,8.380000114440918,8.40999984741211,8.261270523071289,453134
2023-10-26,8.449999809265137,8.520000457763672,8.220000267028809,8.359999656677246,8.21215534210205,458710
2023-10-27,8.210000038146973,8.279999732971191,8.109999656677246,8.270000457763672,8.123748779296875,490689
2023-10-30,8.359999656677246,8.45989990234375,8.140000343322754,8.369999885559082,8.221979141235352,358009
2023-10-31,8.380000114440918,8.524999618530273,8.289999961853027,8.430000305175781,8.280919075012207,340083
2023-11-01,8.470000267028809,8.484999656677246,8.279999732971191,8.470000267028809,8.320210456848145,424524
2023-11-02,8.680000305175781,8.835000038146973,8.60789966583252,8.800000190734863,8.644375801086426,387550
2023-11-03,8.970000267028809,9.119999885559082,8.914999961853027,9.079999923706055,8.919424057006836,438623
2023-11-06,9.079999923706055,9.09000015258789,8.84000015258789,8.90999984741211,8.752429962158203,417584
2023-11-07,8.960000038146973,9.704899787902832,8.960000038146973,9.350000381469727,9.184648513793945,631635
2023-11-08,9.359999656677246,9.550000190734863,9.0600004196167,9.239999771118164,9.076593399047852,423247
2023-11-09,9.289999961853027,9.399999618530273,8.9399995803833,8.970000267028809,8.811368942260742,402677
2023-11-10,9.039999961853027,9.390000343322754,8.979999542236328,9.270000457763672,9.106063842773438,438934
2023-11-13,9.239999771118164,9.239999771118164,9.0,9.119999885559082,8.95871639251709,327699
2023-11-14,9.40999984741211,9.90999984741211,9.40999984741211,9.899999618530273,9.724922180175781,811291
2023-11-15,9.930000305175781,10.050000190734863,9.680000305175781,9.75,9.577573776245117,482668
2023-11-16,9.699999809265137,9.760000228881836,9.550000190734863,9.75,9.577573776245117,364943
2023-11-17,9.8100004196167,9.9350004196167,9.739999771118164,9.880000114440918,9.705275535583496,488151
2023-11-20,9.880000114440918,10.069999694824219,9.770000457763672,9.90999984741211,9.73474407196045,551370
2023-11-21,9.90999984741211,9.954999923706055,9.710000038146973,9.800000190734863,9.626690864562988,299722
2023-11-22,9.90999984741211,10.050000190734863,9.760000228881836,9.859999656677246,9.685628890991211,294733
2023-11-24,9.850000381469727,9.899999618530273,9.720000267028809,9.739999771118164,9.616517066955566,121783
2023-11-27,9.720000267028809,9.859999656677246,9.600000381469727,9.75,9.626389503479004,345827
2023-11-28,9.859999656677246,9.859999656677246,9.600000381469727,9.630000114440918,9.507911682128906,398006
2023-11-29,9.75,9.84000015258789,9.5,9.569999694824219,9.448671340942383,468617
2023-11-30,9.59000015258789,9.595000267028809,9.109999656677246,9.1899995803833,9.07348918914795,857825
2023-12-01,9.1899995803833,9.569999694824219,9.050000190734863,9.539999961853027,9.419052124023438,599537
2023-12-04,9.479999542236328,9.65999984741211,9.444999694824219,9.619999885559082,9.498037338256836,421210
2023-12-05,9.619999885559082,9.729999542236328,9.399999618530273,9.574999809265137,9.453607559204102,621853
2023-12-06,9.680000305175781,9.824999809265137,9.470000267028809,9.470000267028809,9.349939346313477,469489
2023-12-07,9.510000228881836,9.729999542236328,9.460000038146973,9.670000076293945,9.547405242919922,328316
2023-12-08,9.640000343322754,9.90999984741211,9.621000289916992,9.890000343322754,9.764615058898926,270339
2023-12-11,9.90999984741211,10.149999618530273,9.869999885559082,10.130000114440918,10.001572608947754,519509
2023-12-12,10.100000381469727,10.359999656677246,10.050000190734863,10.319999694824219,10.189163208007812,594226
2023-12-13,10.350000381469727,10.680000305175781,10.069999694824219,10.680000305175781,10.544599533081055,727440
2023-12-14,10.789999961853027,11.0,10.680000305175781,10.979999542236328,10.840794563293457,919723
2023-12-15,11.069999694824219,11.170000076293945,10.850000381469727,11.109999656677246,10.969147682189941,3849754
2023-12-18,11.130000114440918,11.420000076293945,10.989999771118164,11.329999923706055,11.186357498168945,520711
2023-12-19,11.399999618530273,11.600000381469727,11.350000381469727,11.510000228881836,11.364076614379883,590688
2023-12-20,11.489999771118164,11.949999809265137,11.420000076293945,11.460000038146973,11.31471061706543,620475
2023-12-21,11.539999961853027,11.789999961853027,11.510000228881836,11.789999961853027,11.640525817871094,354250
2023-12-22,11.890000343322754,11.920000076293945,11.680000305175781,11.869999885559082,11.719512939453125,476880
2023-12-26,11.899999618530273,12.229999542236328,11.859999656677246,12.1899995803833,12.035454750061035,387363
2023-12-27,12.25,12.71500015258789,12.229999542236328,12.539999961853027,12.381017684936523,564681
2023-12-28,12.5,12.670000076293945,12.369999885559082,12.550000190734863,12.390892028808594,305871
2023-12-29,12.550000190734863,12.569999694824219,12.239999771118164,12.390000343322754,12.23292064666748,416378
2024-01-02,12.239999771118164,12.539999961853027,12.100000381469727,12.529999732971191,12.37114429473877,706607
2024-01-03,12.399999618530273,12.569999694824219,12.229999542236328,12.4399995803833,12.282285690307617,555095
2024-01-04,12.279999732971191,12.425000190734863,11.970000267028809,12.270000457763672,12.114441871643066,574546
2024-01-05,12.149999618530273,12.449999809265137,12.029999732971191,12.109999656677246,11.956469535827637,486686
2024-01-08,12.079999923706055,12.170000076293945,12.0,12.069999694824219,11.916975975036621,642120
2024-01-09,11.920000076293945,11.960000038146973,11.765000343322754,11.800000190734863,11.65040111541748,373570
2024-01-10,11.720000267028809,11.845000267028809,11.670100212097168,11.800000190734863,11.65040111541748,456497
2024-01-11,11.84000015258789,11.869999885559082,11.140000343322754,11.369999885559082,11.225851058959961,532557
2024-01-12,11.399999618530273,11.531200408935547,11.225000381469727,11.289999961853027,11.146865844726562,276021
2024-01-16,11.149999618530273,11.279000282287598,11.109999656677246,11.170000076293945,11.028388023376465,340869
2024-01-17,11.0,11.010000228881836,10.739999771118164,10.920000076293945,10.781557083129883,377421
2024-01-18,11.029999732971191,11.25,10.979999542236328,11.25,11.107373237609863,356485
2024-01-19,11.350000381469727,11.479999542236328,11.109999656677246,11.40999984741211,11.265344619750977,405015
2024-01-22,11.5,11.944999694824219,11.470000267028809,11.890000343322754,11.739259719848633,478135
2024-01-23,12.0,12.130000114440918,11.800000190734863,12.079999923706055,11.926849365234375,436483
2024-01-24,12.319999694824219,12.453499794006348,12.100000381469727,12.180000305175781,12.025582313537598,433582
2024-01-25,12.399999618530273,12.399999618530273,12.029999732971191,12.130000114440918,11.976216316223145,420297
2024-01-26,12.220000267028809,12.359999656677246,12.0,12.130000114440918,11.976216316223145,270836
2024-01-29,12.0600004196167,12.350000381469727,12.0,12.3100004196167,12.153934478759766,306410
2024-01-30,12.319999694824219,12.640000343322754,12.255000114440918,12.470000267028809,12.311905860900879,484718
2024-01-31,12.470000267028809,12.579999923706055,12.130000114440918,12.140000343322754,11.986089706420898,547246
2024-02-01,12.199999809265137,12.529999732971191,12.180000305175781,12.529999732971191,12.37114429473877,505735
2024-02-02,12.380000114440918,12.609999656677246,12.27649974822998,12.529999732971191,12.37114429473877,295481
2024-02-05,12.380000114440918,12.619999885559082,12.140000343322754,12.5,12.34152603149414,401787
2024-02-06,12.449999809265137,12.6899995803833,12.400099754333496,12.670000076293945,12.509369850158691,415599
2024-02-07,12.720000267028809,12.869999885559082,12.59000015258789,12.84000015258789,12.677215576171875,417186
2024-02-08,12.859999656677246,13.100000381469727,12.680000305175781,12.949999809265137,12.785820007324219,500571
2024-02-09,13.020000457763672,13.125,12.801400184631348,13.079999923706055,12.914172172546387,647454
2024-02-12,13.199999809265137,13.390000343322754,12.890000343322754,12.899999618530273,12.736454010009766,738360
2024-02-13,12.449999809265137,12.470000267028809,11.619999885559082,11.6899995803833,11.541794776916504,840858
2024-02-14,11.90999984741211,12.050000190734863,11.789999961853027,11.880000114440918,11.729385375976562,522694
2024-02-15,11.899999618530273,12.520000457763672,11.899999618530273,12.369999885559082,12.213172912597656,606007
2024-02-16,12.350000381469727,12.380000114440918,12.079999923706055,12.119999885559082,11.96634292602539,724554
2024-02-20,11.960000038146973,12.045000076293945,11.720000267028809,11.859999656677246,11.709638595581055,633066
2024-02-21,11.520000457763672,12.130000114440918,10.829999923706055,11.859999656677246,11.709638595581055,1124090
2024-02-22,11.9399995803833,11.970000267028809,11.0,11.039999961853027,10.90003490447998,785063
2024-02-23,11.170000076293945,11.625,11.069999694824219,11.359999656677246,11.215978622436523,546041
2024-02-26,11.289999961853027,11.289999961853027,11.069999694824219,11.25,11.107373237609863,559555
2024-02-27,11.329999923706055,11.640000343322754,11.300000190734863,11.5600004196167,11.413442611694336,509970
2024-02-28,11.399999618530273,11.539999961853027,11.25,11.390000343322754,11.245597839355469,392242
2024-02-29,11.470000267028809,11.520000457763672,11.234999656677246,11.34000015258789,11.196232795715332,852124
2024-03-01,11.390000343322754,11.539999961853027,11.180000305175781,11.529999732971191,11.383822441101074,548719
2024-03-04,11.529999732971191,12.039999961853027,11.489999771118164,11.59000015258789,11.443062782287598,691406
2024-03-05,11.380000114440918,11.529999732971191,11.149999618530273,11.289999961853027,11.146865844726562,705476
2024-03-06,11.3100004196167,11.40999984741211,10.895000457763672,11.039999961853027,10.90003490447998,607318
2024-03-07,11.09000015258789,11.40999984741211,11.039999961853027,11.3100004196167,11.16661262512207,564240
2024-03-08,11.369999885559082,11.484700202941895,11.15999984741211,11.40999984741211,11.265344619750977,528705
2024-03-11,11.329999923706055,11.369999885559082,11.0,11.020000457763672,10.928177833557129,467702
2024-03-12,11.029999732971191,11.140000343322754,10.90999984741211,11.039999961853027,10.948010444641113,393928
2024-03-13,11.010000228881836,11.15999984741211,10.90999984741211,11.020000457763672,10.928177833557129,475763
2024-03-14,10.970000267028809,11.0,10.739999771118164,10.869999885559082,10.779426574707031,482170
2024-03-15,10.760000228881836,11.244999885559082,10.760000228881836,11.149999618530273,11.057093620300293,2100101
2024-03-18,11.100000381469727,11.419899940490723,10.90999984741211,10.9399995803833,10.848843574523926,422179
2024-03-19,10.9399995803833,11.010000228881836,10.819999694824219,10.90999984741211,10.819093704223633,318522
2024-03-20,10.869999885559082,10.9399995803833,10.744999885559082,10.789999961853027,10.700094223022461,667306
2024-03-21,10.880000114440918,11.119999885559082,10.859999656677246,11.020000457763672,10.928177833557129,897212
2024-03-22,11.09000015258789,11.09000015258789,10.569999694824219,10.579999923706055,10.491843223571777,390093
2024-03-25,10.609999656677246,10.680000305175781,10.510000228881836,10.59000015258789,10.501761436462402,353441
2024-03-26,10.670000076293945,10.720000267028809,10.494999885559082,10.569999694824219,10.481926918029785,341993
2024-03-27,10.720000267028809,10.930000305175781,10.6850004196167,10.8100004196167,10.719927787780762,462966
2024-03-28,10.84000015258789,10.960000038146973,10.789999961853027,10.920000076293945,10.829010963439941,670716
2024-04-01,10.880000114440918,10.899999618530273,10.670000076293945,10.800000190734863,10.710010528564453,368194
2024-04-02,10.670000076293945,10.670000076293945,10.489999771118164,10.649999618530273,10.561260223388672,594344
2024-04-03,10.539999961853027,10.757499694824219,10.539999961853027,10.699999809265137,10.610843658447266,400774
2024-04-04,10.829999923706055,11.039999961853027,10.75,10.779999732971191,10.690176963806152,647567
2024-04-05,10.770000457763672,10.850000381469727,10.65999984741211,10.6899995803833,10.600926399230957,390654
2024-04-08,10.729999542236328,10.789999961853027,10.65999984741211,10.744999885559082,10.655468940734863,308952
2024-04-09,10.789999961853027,10.800000190734863,10.569999694824219,10.760000228881836,10.670344352722168,349473
2024-04-10,10.520000457763672,10.59000015258789,10.329999923706055,10.420000076293945,10.33317756652832,449144
2024-04-11,10.449999809265137,10.470000267028809,10.210000038146973,10.40999984741211,10.323259353637695,347755
2024-04-12,10.329999923706055,10.364999771118164,10.164999961853027,10.199999809265137,10.115010261535645,381703
2024-04-15,10.25,10.300000190734863,10.079999923706055,10.1899995803833,10.105093002319336,469222
2024-04-16,10.149999618530273,10.180000305175781,9.859999656677246,10.069999694824219,9.986093521118164,459993
2024-04-17,10.170000076293945,10.239999771118164,9.880000114440918,9.890000343322754,9.80759334564209,412975
2024-04-18,9.930000305175781,10.050000190734863,9.699999809265137,9.729999542236328,9.64892578125,409056
2024-04-19,9.699999809265137,9.994999885559082,9.699999809265137,9.9399995803833,9.857175827026367,483114
2024-04-22,10.029999732971191,10.109999656677246,9.9399995803833,9.970000267028809,9.886926651000977,473651
2024-04-23,10.020000457763672,10.489899635314941,10.020000457763672,10.380000114440918,10.293510437011719,450112
2024-04-24,10.359999656677246,10.369999885559082,10.199999809265137,10.260000228881836,10.17451000213623,325004
2024-04-25,10.130000114440918,10.199999809265137,10.010000228881836,10.149999618530273,10.065425872802734,373130
2024-04-26,10.1899995803833,10.270000457763672,10.085000038146973,10.135000228881836,10.050551414489746,271026
2024-04-29,10.180000305175781,10.369999885559082,10.180000305175781,10.260000228881836,10.17451000213623,259506
2024-04-30,10.359999656677246,10.359999656677246,9.819999694824219,9.84000015258789,9.758009910583496,484230
2024-05-01,9.90999984741211,10.119999885559082,9.770000457763672,9.800000190734863,9.718343734741211,356711
2024-05-02,9.920000076293945,10.039999961853027,9.850000381469727,10.010000228881836,9.926593780517578,275905
2024-05-03,10.25,10.25,9.899999618530273,9.930000305175781,9.847259521484375,453713
2024-05-06,10.020000457763672,10.085000038146973,9.920000076293945,9.989999771118164,9.906759262084961,469794
2024-05-07,10.5,11.175000190734863,10.3100004196167,11.029999732971191,10.938094139099121,981848
2024-05-08,10.890000343322754,11.210000038146973,10.640000343322754,11.1899995803833,11.096760749816895,724201
2024-05-09,11.119999885559082,11.274999618530273,11.020000457763672,11.229999542236328,11.136427879333496,528359
2024-05-10,11.229999542236328,11.28499984741211,11.039999961853027,11.25,11.156261444091797,465964
2024-05-13,11.380000114440918,11.3818998336792,11.109999656677246,11.130000114440918,11.037261009216309,367381
2024-05-14,11.369999885559082,11.369999885559082,11.1899995803833,11.3100004196167,11.215761184692383,346090
2024-05-15,11.420000076293945,11.640000343322754,11.350000381469727,11.609999656677246,11.513260841369629,418133
2024-05-16,11.569999694824219,11.640000343322754,11.475000381469727,11.579999923706055,11.483511924743652,316201
2024-05-17,11.630000114440918,11.710000038146973,11.479999542236328,11.630000114440918,11.533095359802246,392298
2024-05-20,11.579999923706055,11.635000228881836,11.4399995803833,11.470000267028809,11.374428749084473,239657
2024-05-21,11.4399995803833,11.8149995803833,11.395000457763672,11.779999732971191,11.681844711303711,302163
2024-05-22,11.760000228881836,11.760000228881836,11.595000267028809,11.729999542236328,11.6322603225708,436770
2024-05-23,11.739999771118164,11.8100004196167,11.609999656677246,11.770000457763672,11.671928405761719,368372
2024-05-24,11.800000190734863,11.949999809265137,11.6899995803833,11.800000190734863,11.75160026550293,436102
2024-05-28,11.829999923706055,11.859999656677246,11.470000267028809,11.600000381469727,11.552420616149902,277747
2024-05-29,11.420000076293945,11.520000457763672,11.279999732971191,11.449999809265137,11.403035163879395,374235
2024-05-30,11.5600004196167,11.84000015258789,11.4399995803833,11.819999694824219,11.771517753601074,451865
2024-05-31,11.84000015258789,12.0,11.494999885559082,11.829999923706055,11.781476974487305,607275
2024-06-03,11.84000015258789,11.899999618530273,11.425000190734863,11.770000457763672,11.721723556518555,500852
2024-06-04,11.649999618530273,11.710000038146973,11.510000228881836,11.6899995803833,11.642050743103027,546479
2024-06-05,11.710000038146973,11.96679973602295,11.65999984741211,11.890000343322754,11.841231346130371,353077
2024-06-06,11.779999732971191,11.979999542236328,11.779999732971191,11.869999885559082,11.82131290435791,277899
2024-06-07,11.75,11.800000190734863,11.539999961853027,11.609999656677246,11.562378883361816,313270
2024-06-10,11.420000076293945,11.529999732971191,11.360099792480469,11.510000228881836,11.462789535522461,332008
2024-06-11,11.390000343322754,11.390000343322754,11.199999809265137,11.270000457763672,11.223773956298828,382381
2024-06-12,11.760000228881836,11.760000228881836,11.319999694824219,11.510000228881836,11.462789535522461,593350
2024-06-13,11.4399995803833,11.4399995803833,11.010100364685059,11.09000015258789,11.044512748718262,345112
2024-06-14,10.960000038146973,11.069999694824219,10.84000015258789,10.9399995803833,10.895127296447754,313374
2024-06-17,10.829999923706055,10.994999885559082,10.699999809265137,10.960000038146973,10.915045738220215,412316
2024-06-18,10.970000267028809,10.970000267028809,10.720000267028809,10.739999771118164,10.695947647094727,508861
2024-06-20,10.710000038146973,11.220000267028809,10.699999809265137,11.020000457763672,10.974800109863281,681462
2024-06-21,11.0,11.270000457763672,10.850000381469727,11.069999694824219,11.0245943069458,2701976
2024-06-24,11.34000015258789,11.34000015258789,10.770000457763672,10.779999732971191,10.735783576965332,618009
2024-06-25,10.729999542236328,11.055000305175781,10.670000076293945,11.029999732971191,10.984758377075195,666690
2024-06-26,10.979999542236328,11.0,10.760899543762207,10.829999923706055,10.785578727722168,350000
2024-06-27,10.970000267028809,11.015000343322754,10.859999656677246,10.90999984741211,10.865250587463379,352096
2024-06-28,11.010000228881836,11.279999732971191,10.994999885559082,11.1850004196167,11.13912296295166,1225964
2024-07-01,11.180000305175781,11.234999656677246,11.039999961853027,11.199999809265137,11.154061317443848,467352
2024-07-02,11.220000267028809,11.319999694824219,11.069999694824219,11.170000076293945,11.124184608459473,332967
2024-07-03,11.25,11.300000190734863,11.119999885559082,11.15999984741211,11.114225387573242,180293
2024-07-05,11.119999885559082,11.289999961853027,11.039999961853027,11.270000457763672,11.223773956298828,332744
2024-07-08,11.279999732971191,11.40999984741211,11.164999961853027,11.199999809265137,11.154061317443848,334202
2024-07-09,11.15999984741211,11.210000038146973,11.045000076293945,11.069999694824219,11.0245943069458,219216
2024-07-10,11.09000015258789,11.180000305175781,11.010100364685059,11.149999618530273,11.104266166687012,340473
2024-07-11,11.430000305175781,11.430000305175781,11.199999809265137,11.329999923706055,11.283527374267578,471668
2024-07-12,11.460000038146973,11.479999542236328,11.239999771118164,11.319999694824219,11.273568153381348,386158
2024-07-15,11.529999732971191,11.550000190734863,11.34000015258789,11.430000305175781,11.38311767578125,476575
2024-07-16,11.609999656677246,11.970000267028809,11.574999809265137,11.930000305175781,11.881067276000977,627646
2024-07-17,11.880000114440918,11.90999984741211,11.6899995803833,11.850000381469727,11.801395416259766,476468
2024-07-18,11.800000190734863,12.100000381469727,11.675000190734863,11.710000038146973,11.661969184875488,416352
2024-07-19,11.760000228881836,11.789999961853027,11.359999656677246,11.369999885559082,11.323363304138184,382996
2024-07-22,11.359999656677246,11.59000015258789,11.270000457763672,11.5600004196167,11.512584686279297,334595
2024-07-23,11.579999923706055,11.890000343322754,11.479999542236328,11.8100004196167,11.76155948638916,352679
2024-07-24,11.699999809265137,11.84000015258789,11.369999885559082,11.380000114440918,11.333322525024414,417191
2024-07-25,11.460000038146973,11.668800354003906,11.3100004196167,11.449999809265137,11.403035163879395,483401
2024-07-26,11.479999542236328,11.619999885559082,11.356499671936035,11.5600004196167,11.512584686279297,733496
2024-07-29,11.569999694824219,11.850000381469727,11.479999542236328,11.579999923706055,11.532502174377441,1009635
2024-07-30,11.579999923706055,11.720000267028809,11.3100004196167,11.550000190734863,11.502625465393066,419219
2024-07-31,11.6899995803833,12.100899696350098,11.579999923706055,11.75,11.701805114746094,525539
2024-08-01,11.770000457763672,11.78499984741211,11.039999961853027,11.100000381469727,11.054471969604492,554588
2024-08-02,10.670000076293945,10.729999542236328,10.390000343322754,10.510000228881836,10.466891288757324,605686
2024-08-05,9.880000114440918,10.039999961853027,9.680100440979004,9.930000305175781,9.889270782470703,602360
2024-08-06,10.0,10.024999618530273,9.770000457763672,9.800000190734863,9.759803771972656,569280
2024-08-07,10.770000457763672,11.149999618530273,10.3100004196167,10.470000267028809,10.427055358886719,639410
2024-08-08,10.59000015258789,11.029999732971191,10.520000457763672,11.029999732971191,10.984758377075195,633610
2024-08-09,11.0,11.149999618530273,10.904999732971191,11.09000015258789,11.044512748718262,694695
2024-08-12,11.119999885559082,11.125,10.592100143432617,10.789999961853027,10.745742797851562,474909
2024-08-13,10.979999542236328,11.369999885559082,10.961899757385254,11.279999732971191,11.233732223510742,460504
2024-08-14,11.300000190734863,11.319999694824219,11.020000457763672,11.170000076293945,11.124184608459473,238442
2024-08-15,11.489999771118164,11.869999885559082,11.375,11.800000190734863,11.75160026550293,445627
2024-08-16,11.779999732971191,11.890000343322754,11.65999984741211,11.8100004196167,11.76155948638916,392529
2024-08-19,11.880000114440918,12.085000038146973,11.769000053405762,11.829999923706055,11.781476974487305,315685
2024-08-20,11.8100004196167,11.949999809265137,11.729999542236328,11.920000076293945,11.871108055114746,482094
2024-08-21,11.989999771118164,11.989999771118164,11.774999618530273,11.970000267028809,11.920903205871582,369469
2024-08-22,11.920000076293945,11.970000267028809,11.779999732971191,11.800000190734863,11.75160026550293,297795
2024-08-23,11.949999809265137,12.239999771118164,11.819999694824219,12.069999694824219,12.020492553710938,435460
2024-08-26,11.960000038146973,12.229999542236328,11.960000038146973,12.1899995803833,12.140000343322754,399628
2024-08-27,12.130000114440918,12.220000267028809,12.036600112915039,12.180000305175781,12.180000305175781,239045
2024-08-28,12.149999618530273,12.279999732971191,12.0600004196167,12.260000228881836,12.260000228881836,307132
2024-08-29,12.380000114440918,12.569999694824219,12.279999732971191,12.420000076293945,12.420000076293945,551719
2024-08-30,12.460000038146973,12.619999885559082,12.40999984741211,12.600000381469727,12.600000381469727,498864
2024-09-03,12.4399995803833,12.479999542236328,12.082500457763672,12.170000076293945,12.170000076293945,482217
2024-09-04,12.0600004196167,12.109999656677246,11.609999656677246,11.899999618530273,11.899999618530273,338379
2024-09-05,11.960000038146973,12.0600004196167,11.850000381469727,11.899999618530273,11.899999618530273,292725
2024-09-06,11.880000114440918,11.906900405883789,11.420000076293945,11.510000228881836,11.510000228881836,292590
2024-09-09,11.550000190734863,11.720000267028809,11.039999961853027,11.350000381469727,11.350000381469727,465370
2024-09-10,11.420000076293945,11.420000076293945,11.119999885559082,11.350000381469727,11.350000381469727,351237
2024-09-11,11.220000267028809,11.5,11.09000015258789,11.470000267028809,11.470000267028809,242544
2024-09-12,11.550000190734863,11.680000305175781,11.444999694824219,11.529999732971191,11.529999732971191,253029
2024-09-13,11.75,11.989999771118164,11.680000305175781,11.960000038146973,11.960000038146973,290363
2024-09-16,11.960000038146973,12.119999885559082,11.880000114440918,12.09000015258789,12.09000015258789,307648
2024-09-17,12.25,12.4399995803833,12.100000381469727,12.260000228881836,12.260000228881836,326793
2024-09-18,12.210000038146973,12.699999809265137,12.164999961853027,12.25,12.25,442511
2024-09-19,12.720000267028809,12.720000267028809,12.449999809265137,12.65999984741211,12.65999984741211,342398
2024-09-20,12.630000114440918,12.789999961853027,12.479999542236328,12.520000457763672,12.520000457763672,1932688
2024-09-23,12.529999732971191,12.609999656677246,12.300000190734863,12.300000190734863,12.300000190734863,350150
2024-09-24,12.359999656677246,12.359999656677246,11.640000343322754,11.760000228881836,11.760000228881836,535296
2024-09-25,11.760000228881836,11.90999984741211,11.5,11.630000114440918,11.630000114440918,441558
2024-09-26,11.84000015258789,12.050000190734863,11.824999809265137,11.960000038146973,11.960000038146973,585710
2024-09-27,12.050000190734863,12.109999656677246,11.890000343322754,11.930000305175781,11.930000305175781,865605
2024-09-30,11.899999618530273,12.020000457763672,11.670000076293945,11.90999984741211,11.90999984741211,458969
2024-10-01,11.859999656677246,11.859999656677246,11.592000007629395,11.739999771118164,11.739999771118164,372844
2024-10-02,11.65999984741211,11.949899673461914,11.649999618530273,11.729999542236328,11.729999542236328,288307
2024-10-03,11.649999618530273,11.729999542236328,11.510000228881836,11.550000190734863,11.550000190734863,232571
2024-10-04,11.670000076293945,11.850000381469727,11.59000015258789,11.84000015258789,11.84000015258789,308396
2024-10-07,11.75,11.770000457763672,11.489999771118164,11.609999656677246,11.609999656677246,249375
2024-10-08,11.640000343322754,11.729999542236328,11.420000076293945,11.670000076293945,11.670000076293945,273337
2024-10-09,11.65999984741211,11.829999923706055,11.545000076293945,11.640000343322754,11.640000343322754,286483
2024-10-10,11.489999771118164,11.520000457763672,11.390000343322754,11.470000267028809,11.470000267028809,298210
2024-10-11,11.489999771118164,11.920000076293945,11.479999542236328,11.880000114440918,11.880000114440918,242322
2024-10-14,11.859999656677246,11.909899711608887,11.774999618530273,11.880000114440918,11.880000114440918,159430
2024-10-15,11.930000305175781,12.140000343322754,11.840700149536133,11.989999771118164,11.989999771118164,341292
2024-10-16,12.069999694824219,12.369999885559082,12.050000190734863,12.369999885559082,12.369999885559082,306837
2024-10-17,12.4399995803833,12.5,12.300000190734863,12.470000267028809,12.470000267028809,477433
2024-10-18,12.489999771118164,12.609999656677246,12.420000076293945,12.4399995803833,12.4399995803833,278601
2024-10-21,12.449999809265137,12.449999809265137,12.1850004196167,12.220000267028809,12.220000267028809,233714
2024-10-22,12.210000038146973,12.34000015258789,12.095000267028809,12.34000015258789,12.34000015258789,208396
2024-10-23,12.239999771118164,12.34000015258789,12.039999961853027,12.180000305175781,12.180000305175781,208158
2024-10-24,12.220000267028809,12.234999656677246,12.0,12.1899995803833,12.1899995803833,232223
2024-10-25,12.300000190734863,12.300000190734863,12.140000343322754,12.140000343322754,12.140000343322754,201891
