Date,Open,High,Low,Close,Adj Close,Volume
2021-03-10,10.369999885559082,10.369999885559082,9.890000343322754,9.930000305175781,9.930000305175781,35400
2021-03-11,9.930000305175781,9.949999809265137,9.8100004196167,9.890000343322754,9.890000343322754,70400
2021-03-12,9.800000190734863,9.84000015258789,9.800000190734863,9.84000015258789,9.84000015258789,8700
2021-03-15,9.819999694824219,9.899999618530273,9.819999694824219,9.859999656677246,9.859999656677246,41000
2021-03-16,9.857000350952148,9.857000350952148,9.84000015258789,9.84000015258789,9.84000015258789,3500
2021-03-17,9.869999885559082,10.079999923706055,9.800000190734863,9.800000190734863,9.800000190734863,28900
2021-03-18,9.800000190734863,9.800000190734863,9.680000305175781,9.725000381469727,9.725000381469727,104400
2021-03-19,9.767999649047852,9.829999923706055,9.680000305175781,9.6899995803833,9.6899995803833,59300
2021-03-22,9.760000228881836,9.770000457763672,9.699999809265137,9.760000228881836,9.760000228881836,16100
2021-03-23,9.762999534606934,9.795000076293945,9.680000305175781,9.6899995803833,9.6899995803833,78700
2021-03-24,9.649999618530273,9.699999809265137,9.649999618530273,9.699999809265137,9.699999809265137,25300
2021-03-25,9.65999984741211,9.729999542236328,9.65999984741211,9.729999542236328,9.729999542236328,6500
2021-03-26,9.720000267028809,9.75,9.6899995803833,9.699999809265137,9.699999809265137,5400
2021-03-29,9.75,9.789999961853027,9.699999809265137,9.75,9.75,23100
2021-03-30,9.75,9.75,9.699999809265137,9.75,9.75,23800
2021-03-31,9.720000267028809,9.720000267028809,9.699999809265137,9.720000267028809,9.720000267028809,11200
2021-04-01,9.720000267028809,9.720000267028809,9.720000267028809,9.720000267028809,9.720000267028809,200
2021-04-05,9.720000267028809,9.720000267028809,9.720000267028809,9.720000267028809,9.720000267028809,0
2021-04-06,9.720000267028809,9.770000457763672,9.720000267028809,9.770000457763672,9.770000457763672,8400
2021-04-07,9.729999542236328,9.730999946594238,9.720000267028809,9.729999542236328,9.729999542236328,8400
2021-04-08,9.729999542236328,9.789999961853027,9.729999542236328,9.789999961853027,9.789999961853027,19300
2021-04-09,9.789999961853027,9.979999542236328,9.789999961853027,9.979999542236328,9.979999542236328,67400
2021-04-12,9.850000381469727,9.850000381469727,9.779999732971191,9.84000015258789,9.84000015258789,22400
2021-04-13,9.800000190734863,9.829999923706055,9.710000038146973,9.720000267028809,9.720000267028809,21500
2021-04-14,9.729999542236328,9.850000381469727,9.729999542236328,9.850000381469727,9.850000381469727,41400
2021-04-15,9.800000190734863,10.09000015258789,9.800000190734863,9.850000381469727,9.850000381469727,165500
2021-04-16,9.930000305175781,9.949999809265137,9.800000190734863,9.899999618530273,9.899999618530273,13800
2021-04-19,9.949999809265137,9.949999809265137,9.800000190734863,9.880000114440918,9.880000114440918,3400
2021-04-20,9.779999732971191,9.949999809265137,9.760000228881836,9.760000228881836,9.760000228881836,3100
2021-04-21,9.760000228881836,9.800000190734863,9.760000228881836,9.800000190734863,9.800000190734863,6500
2021-04-22,9.720000267028809,9.789999961853027,9.720000267028809,9.760000228881836,9.760000228881836,8200
2021-04-23,9.739999771118164,9.880000114440918,9.729999542236328,9.760000228881836,9.760000228881836,23900
2021-04-26,9.75,9.779999732971191,9.727999687194824,9.760000228881836,9.760000228881836,18700
2021-04-27,9.8149995803833,9.819999694824219,9.718999862670898,9.760000228881836,9.760000228881836,17900
2021-04-28,9.75,9.760000228881836,9.739999771118164,9.75,9.75,6400
2021-04-29,9.800000190734863,9.869999885559082,9.720000267028809,9.720000267028809,9.720000267028809,44200
2021-04-30,9.729999542236328,9.819999694824219,9.720000267028809,9.739999771118164,9.739999771118164,7700
2021-05-03,9.75,9.760000228881836,9.710000038146973,9.729999542236328,9.729999542236328,28200
2021-05-04,9.729999542236328,9.859999656677246,9.670000076293945,9.760000228881836,9.760000228881836,51500
2021-05-05,9.75,9.75,9.75,9.75,9.75,500
2021-05-06,9.720000267028809,9.73799991607666,9.699999809265137,9.699999809265137,9.699999809265137,11000
2021-05-07,9.71500015258789,9.729999542236328,9.699999809265137,9.729999542236328,9.729999542236328,1600
2021-05-10,9.71500015258789,9.725000381469727,9.699999809265137,9.710000038146973,9.710000038146973,61300
2021-05-11,9.699999809265137,9.729999542236328,9.6899995803833,9.699999809265137,9.699999809265137,37400
2021-05-12,9.699999809265137,9.729999542236328,9.6899995803833,9.699999809265137,9.699999809265137,10800
2021-05-13,9.670000076293945,9.720000267028809,9.649999618530273,9.710000038146973,9.710000038146973,16000
2021-05-14,9.6899995803833,9.6899995803833,9.6899995803833,9.6899995803833,9.6899995803833,3200
2021-05-17,9.6899995803833,9.6899995803833,9.6899995803833,9.6899995803833,9.6899995803833,0
2021-05-18,9.777999877929688,9.777999877929688,9.670000076293945,9.760000228881836,9.760000228881836,6200
2021-05-19,9.739999771118164,9.739999771118164,9.638999938964844,9.680000305175781,9.680000305175781,27800
2021-05-20,9.640000343322754,9.649999618530273,9.630000114440918,9.630000114440918,9.630000114440918,49100
2021-05-21,9.640000343322754,9.789999961853027,9.600000381469727,9.75,9.75,292300
2021-05-24,9.75,9.75,9.75,9.75,9.75,0
2021-05-25,9.75,9.75,9.720000267028809,9.720000267028809,9.720000267028809,18500
2021-05-26,9.770000457763672,9.779999732971191,9.720000267028809,9.729999542236328,9.729999542236328,2600
2021-05-27,9.75,9.75,9.640000343322754,9.6899995803833,9.6899995803833,15400
2021-05-28,9.720000267028809,9.720000267028809,9.640000343322754,9.65999984741211,9.65999984741211,22800
2021-06-01,9.649999618530273,9.6899995803833,9.649999618530273,9.670000076293945,9.670000076293945,15100
2021-06-02,9.65999984741211,9.699999809265137,9.65999984741211,9.699999809265137,9.699999809265137,5400
2021-06-03,9.680000305175781,9.699999809265137,9.670000076293945,9.699999809265137,9.699999809265137,4000
2021-06-04,9.630000114440918,9.680000305175781,9.630000114440918,9.680000305175781,9.680000305175781,10100
2021-06-07,9.65999984741211,9.699999809265137,9.657999992370605,9.680000305175781,9.680000305175781,22400
2021-06-08,9.65999984741211,9.6899995803833,9.659000396728516,9.680000305175781,9.680000305175781,10800
2021-06-09,9.670000076293945,9.6899995803833,9.670000076293945,9.680000305175781,9.680000305175781,1400
2021-06-10,9.699999809265137,9.699999809265137,9.670000076293945,9.6899995803833,9.6899995803833,11600
2021-06-11,9.710000038146973,9.710000038146973,9.6899995803833,9.699999809265137,9.699999809265137,11500
2021-06-14,9.6899995803833,9.6899995803833,9.6899995803833,9.6899995803833,9.6899995803833,100
2021-06-15,9.6899995803833,9.75,9.6899995803833,9.729999542236328,9.729999542236328,5700
2021-06-16,9.729999542236328,9.729999542236328,9.699999809265137,9.729999542236328,9.729999542236328,5900
2021-06-17,9.710000038146973,9.710000038146973,9.6899995803833,9.710000038146973,9.710000038146973,8600
2021-06-18,9.75,9.75,9.6899995803833,9.739999771118164,9.739999771118164,700
2021-06-21,9.6899995803833,9.6899995803833,9.680000305175781,9.6899995803833,9.6899995803833,2900
2021-06-22,9.6850004196167,9.710000038146973,9.6850004196167,9.710000038146973,9.710000038146973,55400
2021-06-23,9.699999809265137,9.739999771118164,9.6899995803833,9.739999771118164,9.739999771118164,8600
2021-06-24,9.6899995803833,9.6899995803833,9.6899995803833,9.6899995803833,9.6899995803833,200
2021-06-25,9.699999809265137,9.710000038146973,9.6899995803833,9.6899995803833,9.6899995803833,4900
2021-06-28,9.670000076293945,9.680000305175781,9.65999984741211,9.680000305175781,9.680000305175781,6500
2021-06-29,9.680000305175781,9.739999771118164,9.649999618530273,9.710000038146973,9.710000038146973,59600
2021-06-30,9.710000038146973,9.710000038146973,9.710000038146973,9.710000038146973,9.710000038146973,0
2021-07-01,9.710000038146973,9.739999771118164,9.699999809265137,9.699999809265137,9.699999809265137,5800
2021-07-02,9.6899995803833,9.6899995803833,9.680000305175781,9.6899995803833,9.6899995803833,1200
2021-07-06,9.6899995803833,9.699999809265137,9.6899995803833,9.699999809265137,9.699999809265137,3500
2021-07-07,9.65999984741211,9.699999809265137,9.659000396728516,9.680000305175781,9.680000305175781,4800
2021-07-08,9.680000305175781,9.6899995803833,9.649999618530273,9.6899995803833,9.6899995803833,2100
2021-07-09,9.680000305175781,9.6899995803833,9.649999618530273,9.6899995803833,9.6899995803833,25300
2021-07-12,9.65999984741211,9.680000305175781,9.65999984741211,9.680000305175781,9.680000305175781,14500
2021-07-13,9.65999984741211,9.729999542236328,9.65999984741211,9.699999809265137,9.699999809265137,21500
2021-07-14,9.699999809265137,9.725000381469727,9.699999809265137,9.720999717712402,9.720999717712402,16100
2021-07-15,9.65999984741211,9.710000038146973,9.65999984741211,9.710000038146973,9.710000038146973,28800
2021-07-16,9.720000267028809,9.75,9.699999809265137,9.75,9.75,18100
2021-07-19,9.75,9.751999855041504,9.75,9.751999855041504,9.751999855041504,4100
2021-07-20,9.725000381469727,9.84000015258789,9.725000381469727,9.8149995803833,9.8149995803833,22800
2021-07-21,9.739999771118164,9.800000190734863,9.720000267028809,9.760000228881836,9.760000228881836,64400
2021-07-22,9.8100004196167,9.8100004196167,9.729999542236328,9.729999542236328,9.729999542236328,4000
2021-07-23,9.729999542236328,9.729999542236328,9.729999542236328,9.729999542236328,9.729999542236328,100
2021-07-26,9.760000228881836,9.786999702453613,9.710000038146973,9.760000228881836,9.760000228881836,2900
2021-07-27,9.800000190734863,9.817999839782715,9.75,9.75,9.75,8500
2021-07-28,9.729999542236328,9.760000228881836,9.729999542236328,9.75,9.75,5700
2021-07-29,9.75,9.75,9.75,9.75,9.75,700
2021-07-30,9.75,9.75,9.75,9.75,9.75,2400
2021-08-02,9.75,9.75,9.75,9.75,9.75,0
2021-08-03,9.75,9.75,9.75,9.75,9.75,700
2021-08-04,9.777999877929688,9.777999877929688,9.760000228881836,9.760000228881836,9.760000228881836,44600
2021-08-05,9.760000228881836,9.774999618530273,9.760000228881836,9.774999618530273,9.774999618530273,5400
2021-08-06,9.760000228881836,9.760000228881836,9.729999542236328,9.729999542236328,9.729999542236328,97800
2021-08-09,9.744999885559082,9.812000274658203,9.744999885559082,9.789999961853027,9.789999961853027,9400
2021-08-10,9.75,9.75,9.75,9.75,9.75,600
2021-08-11,9.90999984741211,9.90999984741211,9.829999923706055,9.84000015258789,9.84000015258789,588900
2021-08-12,9.819999694824219,9.850000381469727,9.819999694824219,9.829999923706055,9.829999923706055,206800
2021-08-13,9.880000114440918,9.880000114440918,9.829999923706055,9.829999923706055,9.829999923706055,6300
2021-08-16,9.880000114440918,9.880000114440918,9.819999694824219,9.84000015258789,9.84000015258789,108400
2021-08-17,9.760000228881836,9.899999618530273,9.760000228881836,9.899999618530273,9.899999618530273,408400
2021-08-18,9.899999618530273,9.899999618530273,9.829999923706055,9.829999923706055,9.829999923706055,160300
2021-08-19,9.84000015258789,9.84000015258789,9.829999923706055,9.829999923706055,9.829999923706055,216200
2021-08-20,9.833999633789062,9.833999633789062,9.833999633789062,9.833999633789062,9.833999633789062,800
2021-08-23,9.899999618530273,9.899999618530273,9.819999694824219,9.819999694824219,9.819999694824219,2100
2021-08-24,9.829999923706055,9.850000381469727,9.829999923706055,9.84000015258789,9.84000015258789,58200
2021-08-25,9.850000381469727,9.850000381469727,9.829999923706055,9.850000381469727,9.850000381469727,5900
2021-08-26,9.850000381469727,9.850000381469727,9.850000381469727,9.850000381469727,9.850000381469727,200
2021-08-27,9.850000381469727,9.850000381469727,9.829999923706055,9.84000015258789,9.84000015258789,50200
2021-08-30,9.850000381469727,9.880000114440918,9.84000015258789,9.869999885559082,9.869999885559082,159100
2021-08-31,9.854999542236328,9.880000114440918,9.850000381469727,9.850000381469727,9.850000381469727,5300
2021-09-01,9.890000343322754,9.890000343322754,9.829999923706055,9.854999542236328,9.854999542236328,4700
2021-09-02,9.890000343322754,9.899999618530273,9.829999923706055,9.859999656677246,9.859999656677246,57300
2021-09-03,9.890000343322754,9.899999618530273,9.829999923706055,9.899999618530273,9.899999618530273,3700
2021-09-07,9.850000381469727,9.850000381469727,9.850000381469727,9.850000381469727,9.850000381469727,400
2021-09-08,9.875,9.899999618530273,9.859999656677246,9.880000114440918,9.880000114440918,12200
2021-09-09,9.859999656677246,9.859999656677246,9.859999656677246,9.859999656677246,9.859999656677246,98500
2021-09-10,9.859999656677246,9.859999656677246,9.859999656677246,9.859999656677246,9.859999656677246,0
2021-09-13,9.880000114440918,9.899999618530273,9.84000015258789,9.880000114440918,9.880000114440918,21100
2021-09-14,9.869999885559082,9.899999618530273,9.869999885559082,9.890000343322754,9.890000343322754,13000
2021-09-15,9.890000343322754,9.899999618530273,9.869999885559082,9.899999618530273,9.899999618530273,18800
2021-09-16,9.869999885559082,9.890000343322754,9.850000381469727,9.850000381469727,9.850000381469727,2400
2021-09-17,9.88599967956543,9.899999618530273,9.84000015258789,9.899999618530273,9.899999618530273,7900
2021-09-20,9.859999656677246,9.869999885559082,9.850000381469727,9.850000381469727,9.850000381469727,29600
2021-09-21,9.850000381469727,9.930000305175781,9.850000381469727,9.890000343322754,9.890000343322754,46900
2021-09-22,9.890000343322754,9.890000343322754,9.890000343322754,9.890000343322754,9.890000343322754,0
2021-09-23,9.869999885559082,9.899999618530273,9.869999885559082,9.899999618530273,9.899999618530273,5400
2021-09-24,9.899999618530273,9.899999618530273,9.899999618530273,9.899999618530273,9.899999618530273,5100
2021-09-27,9.859999656677246,9.899999618530273,9.859999656677246,9.890000343322754,9.890000343322754,87900
2021-09-28,9.899999618530273,9.899999618530273,9.890000343322754,9.899999618530273,9.899999618530273,12500
2021-09-29,9.899999618530273,9.899999618530273,9.880000114440918,9.899999618530273,9.899999618530273,213700
2021-09-30,9.899999618530273,9.920000076293945,9.880000114440918,9.899999618530273,9.899999618530273,52400
2021-10-01,9.90999984741211,9.9399995803833,9.899999618530273,9.899999618530273,9.899999618530273,30100
2021-10-04,9.9399995803833,9.9399995803833,9.899999618530273,9.899999618530273,9.899999618530273,8800
2021-10-05,9.904999732971191,9.904999732971191,9.880000114440918,9.887999534606934,9.887999534606934,2800
2021-10-06,9.904999732971191,9.904999732971191,9.904999732971191,9.904999732971191,9.904999732971191,7900
2021-10-07,9.930000305175781,9.9399995803833,9.90999984741211,9.90999984741211,9.90999984741211,155100
2021-10-08,9.90999984741211,9.90999984741211,9.90999984741211,9.90999984741211,9.90999984741211,0
2021-10-11,9.9399995803833,9.9399995803833,9.9399995803833,9.9399995803833,9.9399995803833,100
2021-10-12,9.9399995803833,9.9399995803833,9.9399995803833,9.9399995803833,9.9399995803833,0
2021-10-13,9.920000076293945,9.920000076293945,9.920000076293945,9.920000076293945,9.920000076293945,400
2021-10-14,9.930000305175781,9.930000305175781,9.899999618530273,9.90999984741211,9.90999984741211,58900
2021-10-15,9.949999809265137,9.949999809265137,9.90999984741211,9.90999984741211,9.90999984741211,50200
2021-10-18,9.920000076293945,9.920000076293945,9.920000076293945,9.920000076293945,9.920000076293945,34000
2021-10-19,9.920000076293945,9.920000076293945,9.920000076293945,9.920000076293945,9.920000076293945,400
2021-10-20,9.949999809265137,9.949999809265137,9.9399995803833,9.9399995803833,9.9399995803833,5400
2021-10-21,9.9399995803833,9.949999809265137,9.920000076293945,9.930000305175781,9.930000305175781,347200
2021-10-22,9.9399995803833,9.970000267028809,9.9399995803833,9.960000038146973,9.960000038146973,93600
2021-10-25,9.970000267028809,10.0,9.949999809265137,9.949999809265137,9.949999809265137,62900
2021-10-26,9.960000038146973,10.0,9.960000038146973,9.979999542236328,9.979999542236328,94700
2021-10-27,9.989999771118164,9.989999771118164,9.960000038146973,9.960000038146973,9.960000038146973,700
2021-10-28,10.050000190734863,10.050000190734863,9.989999771118164,9.989999771118164,9.989999771118164,13700
2021-10-29,9.960000038146973,10.010000228881836,9.960000038146973,10.0,10.0,50500
2021-11-01,9.989999771118164,10.0,9.970000267028809,10.0,10.0,75900
2021-11-02,9.979999542236328,10.029999732971191,9.970000267028809,9.979999542236328,9.979999542236328,4200
2021-11-03,9.979999542236328,10.0,9.949999809265137,9.949999809265137,9.949999809265137,5600
2021-11-04,9.960000038146973,10.0,9.949999809265137,9.949999809265137,9.949999809265137,5000
2021-11-05,9.949999809265137,9.979999542236328,9.949999809265137,9.949999809265137,9.949999809265137,4000
2021-11-08,10.050000190734863,10.050000190734863,9.970000267028809,10.045999526977539,10.045999526977539,94900
2021-11-09,10.100000381469727,10.140000343322754,10.020000457763672,10.029999732971191,10.029999732971191,22000
2021-11-10,10.196999549865723,10.196999549865723,10.020000457763672,10.050000190734863,10.050000190734863,342100
2021-11-11,10.079999923706055,10.100000381469727,10.050000190734863,10.069999694824219,10.069999694824219,23900
2021-11-12,10.100000381469727,10.100000381469727,10.09000015258789,10.09000015258789,10.09000015258789,214600
2021-11-15,10.100000381469727,10.100000381469727,10.069999694824219,10.074999809265137,10.074999809265137,299200
2021-11-16,10.069999694824219,10.100000381469727,10.050000190734863,10.074999809265137,10.074999809265137,219400
2021-11-17,10.100000381469727,10.100000381469727,10.039999961853027,10.039999961853027,10.039999961853027,102800
2021-11-18,10.079999923706055,10.079999923706055,10.020000457763672,10.050000190734863,10.050000190734863,141700
2021-11-19,10.020000457763672,10.100000381469727,10.020000457763672,10.029999732971191,10.029999732971191,75000
2021-11-22,10.069999694824219,10.09000015258789,10.050000190734863,10.065999984741211,10.065999984741211,358800
2021-11-23,10.079999923706055,10.079999923706055,10.020000457763672,10.029999732971191,10.029999732971191,58100
2021-11-24,10.069999694824219,10.069999694824219,10.024999618530273,10.050000190734863,10.050000190734863,4300
2021-11-26,10.039999961853027,10.07699966430664,9.949999809265137,10.0,10.0,199600
2021-11-29,10.0,10.020000457763672,9.979999542236328,10.020000457763672,10.020000457763672,123800
2021-11-30,9.970000267028809,10.053000450134277,9.970000267028809,10.039999961853027,10.039999961853027,94800
2021-12-01,10.020000457763672,10.039999961853027,10.020000457763672,10.020000457763672,10.020000457763672,17200
2021-12-02,10.029999732971191,10.039999961853027,9.979999542236328,10.005000114440918,10.005000114440918,138800
2021-12-03,10.09000015258789,10.09000015258789,9.970000267028809,9.970000267028809,9.970000267028809,25100
2021-12-06,9.979999542236328,9.989999771118164,9.970000267028809,9.979999542236328,9.979999542236328,128700
2021-12-07,9.989999771118164,10.0,9.970000267028809,9.989999771118164,9.989999771118164,140200
2021-12-08,10.0,10.0,9.970000267028809,9.989999771118164,9.989999771118164,351600
2021-12-09,9.979999542236328,10.053999900817871,9.970000267028809,10.0,10.0,95400
2021-12-10,10.010000228881836,10.010000228881836,9.970000267028809,9.970000267028809,9.970000267028809,36700
2021-12-13,10.010000228881836,10.010000228881836,9.970000267028809,10.0,10.0,93500
2021-12-14,9.970000267028809,10.0,9.970000267028809,10.0,10.0,191100
2021-12-15,9.989999771118164,10.0,9.970000267028809,9.989999771118164,9.989999771118164,206400
2021-12-16,9.930000305175781,9.930000305175781,9.699999809265137,9.920000076293945,9.920000076293945,202000
2021-12-17,9.90999984741211,9.90999984741211,9.78600025177002,9.84000015258789,9.84000015258789,4700
2021-12-20,9.829999923706055,9.880000114440918,9.8100004196167,9.880000114440918,9.880000114440918,10600
2021-12-21,9.899999618530273,10.0,9.699999809265137,9.8100004196167,9.8100004196167,47700
2021-12-22,9.59000015258789,9.8100004196167,9.100000381469727,9.770000457763672,9.770000457763672,39000
2021-12-23,9.711000442504883,10.880000114440918,9.25,9.677000045776367,9.677000045776367,57700
2021-12-27,9.989999771118164,9.989999771118164,8.520000457763672,8.949999809265137,8.949999809265137,125500
2021-12-28,9.579999923706055,9.989999771118164,9.03600025177002,9.720000267028809,9.720000267028809,54200
2021-12-29,9.739999771118164,9.739999771118164,9.119999885559082,9.25,9.25,45500
2021-12-30,9.720000267028809,9.75,9.109999656677246,9.319999694824219,9.319999694824219,83000
2021-12-31,9.5,9.529999732971191,9.100000381469727,9.130000114440918,9.130000114440918,29300
2022-01-03,9.489999771118164,9.489999771118164,9.100000381469727,9.170000076293945,9.170000076293945,24900
2022-01-04,9.5600004196167,9.5600004196167,9.0,9.140000343322754,9.140000343322754,21200
2022-01-05,9.149999618530273,9.149999618530273,8.706999778747559,8.859999656677246,8.859999656677246,78200
2022-01-06,9.0,9.0,8.680000305175781,8.850000381469727,8.850000381469727,26500
2022-01-07,8.75,9.289999961853027,8.649999618530273,9.199999809265137,9.199999809265137,24800
2022-01-10,9.199999809265137,9.199999809265137,8.210000038146973,8.899999618530273,8.899999618530273,53800
2022-01-11,8.800000190734863,9.062999725341797,8.519000053405762,8.569999694824219,8.569999694824219,62200
2022-01-12,8.510000228881836,9.0600004196167,8.5,8.75,8.75,44800
2022-01-13,9.0,9.0,8.510000228881836,8.6899995803833,8.6899995803833,35900
2022-01-14,9.140000343322754,9.140000343322754,8.5,8.699999809265137,8.699999809265137,35800
2022-01-18,8.989999771118164,9.100000381469727,8.5,8.579999923706055,8.579999923706055,28900
2022-01-19,8.699999809265137,9.8100004196167,8.609999656677246,9.199999809265137,9.199999809265137,142500
2022-01-20,9.149999618530273,9.199999809265137,8.850000381469727,8.9399995803833,8.9399995803833,77400
2022-01-21,9.020000457763672,9.170000076293945,7.809999942779541,7.989999771118164,7.989999771118164,59200
2022-01-24,7.690000057220459,8.039999961853027,7.295000076293945,7.889999866485596,7.889999866485596,105200
2022-01-25,8.359999656677246,8.850000381469727,7.920000076293945,8.630000114440918,8.630000114440918,68000
2022-01-26,8.630000114440918,8.989999771118164,8.194999694824219,8.609999656677246,8.609999656677246,67800
2022-01-27,8.829999923706055,8.829999923706055,8.347999572753906,8.579999923706055,8.579999923706055,113300
2022-01-28,8.569999694824219,8.789999961853027,8.149999618530273,8.619999885559082,8.619999885559082,33600
2022-01-31,8.600000381469727,9.0,8.449999809265137,8.697999954223633,8.697999954223633,85500
2022-02-01,8.6899995803833,9.15999984741211,8.53499984741211,8.630000114440918,8.630000114440918,15300
2022-02-02,8.770000457763672,8.96500015258789,8.5,8.569999694824219,8.569999694824219,12800
2022-02-03,8.630000114440918,8.899999618530273,7.800000190734863,8.220000267028809,8.220000267028809,107300
2022-02-04,8.050000190734863,8.359999656677246,7.800000190734863,8.0,8.0,106400
2022-02-07,8.0,8.210000038146973,7.840000152587891,7.989999771118164,7.989999771118164,4200
2022-02-08,7.929999828338623,8.130000114440918,7.360000133514404,7.860000133514404,7.860000133514404,76200
2022-02-09,7.860000133514404,8.289999961853027,7.860000133514404,8.279999732971191,8.279999732971191,44900
2022-02-10,8.199999809265137,8.510000228881836,7.909999847412109,8.210000038146973,8.210000038146973,29000
2022-02-11,8.859999656677246,8.869999885559082,8.199999809265137,8.460000038146973,8.460000038146973,261300
2022-02-14,8.84000015258789,8.84000015258789,8.100000381469727,8.460000038146973,8.460000038146973,242600
2022-02-15,8.75,8.989999771118164,8.40999984741211,8.989999771118164,8.989999771118164,42500
2022-02-16,9.210000038146973,9.289999961853027,8.609999656677246,9.0,9.0,50700
2022-02-17,9.0,9.074999809265137,8.600000381469727,8.739999771118164,8.739999771118164,26400
2022-02-18,8.75,8.819999694824219,8.369999885559082,8.5,8.5,43300
2022-02-22,8.779999732971191,8.850000381469727,8.0600004196167,8.430000305175781,8.430000305175781,216900
2022-02-23,8.319999694824219,8.550000190734863,8.050000190734863,8.289999961853027,8.289999961853027,21900
2022-02-24,8.0600004196167,8.199999809265137,7.929999828338623,8.050000190734863,8.050000190734863,40200
2022-02-25,8.300000190734863,8.5,8.050000190734863,8.050000190734863,8.050000190734863,80700
2022-02-28,8.140000343322754,8.640000343322754,8.0600004196167,8.479999542236328,8.479999542236328,16800
2022-03-01,8.329999923706055,8.579999923706055,8.25,8.449999809265137,8.449999809265137,37300
2022-03-02,8.555000305175781,9.119000434875488,8.555000305175781,9.100000381469727,9.100000381469727,300600
2022-03-03,8.979999542236328,9.0649995803833,8.75,8.779999732971191,8.779999732971191,32600
2022-03-04,8.760000228881836,8.800000190734863,8.300000190734863,8.399999618530273,8.399999618530273,10800
2022-03-07,8.3100004196167,8.428000450134277,8.050000190734863,8.15999984741211,8.15999984741211,22200
2022-03-08,8.289999961853027,8.289999961853027,7.800000190734863,7.880000114440918,7.880000114440918,59300
2022-03-09,7.900000095367432,8.069999694824219,7.739999771118164,7.889999866485596,7.889999866485596,28300
2022-03-10,8.109999656677246,8.109999656677246,7.75,7.900000095367432,7.900000095367432,26600
2022-03-11,8.640000343322754,8.640000343322754,7.849999904632568,7.989999771118164,7.989999771118164,21900
2022-03-14,8.130000114440918,8.130000114440918,7.699999809265137,7.699999809265137,7.699999809265137,35000
2022-03-15,7.869999885559082,7.929999828338623,7.691999912261963,7.929999828338623,7.929999828338623,2700
2022-03-16,7.929999828338623,8.114999771118164,7.610000133514404,7.659999847412109,7.659999847412109,15700
2022-03-17,8.050000190734863,8.0600004196167,7.699999809265137,7.699999809265137,7.699999809265137,15400
2022-03-18,7.75,7.829999923706055,7.53000020980835,7.610000133514404,7.610000133514404,21100
2022-03-21,7.900000095367432,8.050000190734863,7.559999942779541,7.820000171661377,7.820000171661377,33900
2022-03-22,7.679999828338623,8.0,7.679999828338623,7.889999866485596,7.889999866485596,44800
2022-03-23,7.769999980926514,8.043999671936035,7.769999980926514,7.909999847412109,7.909999847412109,48700
2022-03-24,7.909999847412109,8.229999542236328,7.769999980926514,8.229999542236328,8.229999542236328,50500
2022-03-25,8.343000411987305,8.399999618530273,7.949999809265137,8.3100004196167,8.3100004196167,23700
2022-03-28,8.300000190734863,8.364999771118164,7.769999980926514,7.929999828338623,7.929999828338623,28500
2022-03-29,8.199999809265137,8.420000076293945,7.945000171661377,7.980000019073486,7.980000019073486,51600
2022-03-30,8.010000228881836,8.600000381469727,8.010000228881836,8.34000015258789,8.34000015258789,46700
2022-03-31,8.1899995803833,8.850000381469727,8.1899995803833,8.619999885559082,8.619999885559082,27100
2022-04-01,8.960000038146973,8.960000038146973,8.550000190734863,8.710000038146973,8.710000038146973,35300
2022-04-04,8.920000076293945,8.920000076293945,8.239999771118164,8.239999771118164,8.239999771118164,15800
2022-04-05,8.239999771118164,8.239999771118164,8.0600004196167,8.0600004196167,8.0600004196167,16600
2022-04-06,7.881999969482422,7.929999828338623,7.769999980926514,7.829999923706055,7.829999923706055,9200
2022-04-07,7.769999980926514,8.149999618530273,6.730000019073486,7.039999961853027,7.039999961853027,150900
2022-04-08,7.179999828338623,7.199999809265137,7.0,7.0,7.0,31800
2022-04-11,6.960000038146973,7.269999980926514,6.949999809265137,7.0,7.0,14100
2022-04-12,6.949999809265137,7.21999979019165,6.909999847412109,6.949999809265137,6.949999809265137,12700
2022-04-13,6.949999809265137,7.349999904632568,6.900000095367432,6.96999979019165,6.96999979019165,28500
2022-04-14,7.070000171661377,7.449999809265137,6.966000080108643,7.090000152587891,7.090000152587891,23100
2022-04-18,7.5,7.5,7.179999828338623,7.46999979019165,7.46999979019165,21500
2022-04-19,7.375,7.539999961853027,7.375,7.460000038146973,7.460000038146973,15200
2022-04-20,7.380000114440918,7.380000114440918,7.070000171661377,7.289999961853027,7.289999961853027,16800
2022-04-21,7.599999904632568,7.599999904632568,6.949999809265137,6.960000038146973,6.960000038146973,7100
2022-04-22,7.119999885559082,7.313000202178955,6.949999809265137,6.985000133514404,6.985000133514404,16300
2022-04-25,7.079999923706055,7.820000171661377,6.949999809265137,7.369999885559082,7.369999885559082,47100
2022-04-26,7.610000133514404,7.610000133514404,7.099999904632568,7.099999904632568,7.099999904632568,10000
2022-04-27,7.0,7.070000171661377,6.900000095367432,6.900000095367432,6.900000095367432,24500
2022-04-28,7.019999980926514,7.139999866485596,6.739999771118164,6.739999771118164,6.739999771118164,42800
2022-04-29,6.98799991607666,6.98799991607666,6.710000038146973,6.769999980926514,6.769999980926514,9600
2022-05-02,6.84499979019165,6.84499979019165,6.294000148773193,6.480000019073486,6.480000019073486,16300
2022-05-03,6.5,7.079999923706055,6.489999771118164,7.079999923706055,7.079999923706055,25300
2022-05-04,6.900000095367432,7.0,6.579999923706055,6.579999923706055,6.579999923706055,16300
2022-05-05,6.710000038146973,6.789999961853027,6.314000129699707,6.360000133514404,6.360000133514404,10000
2022-05-06,6.980000019073486,6.980000019073486,6.25,6.400000095367432,6.400000095367432,55900
2022-05-09,6.489999771118164,6.519999980926514,5.650000095367432,6.429999828338623,6.429999828338623,66200
2022-05-10,6.275000095367432,6.400000095367432,5.769999980926514,5.849999904632568,5.849999904632568,31000
2022-05-11,5.89900016784668,6.019999980926514,5.855000019073486,5.909999847412109,5.909999847412109,28900
2022-05-12,5.769999980926514,5.90500020980835,5.53000020980835,5.53000020980835,5.53000020980835,20600
2022-05-13,5.703000068664551,5.794000148773193,5.570000171661377,5.71999979019165,5.71999979019165,15400
2022-05-16,5.75,6.090000152587891,5.75,5.900000095367432,5.900000095367432,15700
2022-05-17,6.489999771118164,6.489999771118164,5.570000171661377,5.75,5.75,8000
2022-05-18,5.889999866485596,5.889999866485596,5.690000057220459,5.710000038146973,5.710000038146973,16700
2022-05-19,5.784999847412109,5.849999904632568,5.690000057220459,5.78000020980835,5.78000020980835,5200
2022-05-20,5.670000076293945,5.849999904632568,5.670000076293945,5.809999942779541,5.809999942779541,16800
2022-05-23,5.800000190734863,5.849999904632568,5.75,5.78000020980835,5.78000020980835,15700
2022-05-24,5.690000057220459,5.739999771118164,5.5,5.690000057220459,5.690000057220459,13800
2022-05-25,5.690000057220459,5.690000057220459,5.440000057220459,5.519999980926514,5.519999980926514,8200
2022-05-26,5.638999938964844,5.699999809265137,5.5,5.5,5.5,33100
2022-05-27,5.699999809265137,5.75,5.559999942779541,5.75,5.75,8900
2022-05-31,5.849999904632568,6.380000114440918,5.820000171661377,6.150000095367432,6.150000095367432,30900
2022-06-01,6.300000190734863,6.360000133514404,6.150000095367432,6.170000076293945,6.170000076293945,4800
2022-06-02,6.296999931335449,6.320000171661377,6.110000133514404,6.320000171661377,6.320000171661377,9300
2022-06-03,6.070000171661377,6.369999885559082,6.010000228881836,6.019999980926514,6.019999980926514,21000
2022-06-06,6.599999904632568,6.78000020980835,6.480000019073486,6.659999847412109,6.659999847412109,93200
2022-06-07,6.75,8.130000114440918,6.659999847412109,7.730000019073486,7.730000019073486,110100
2022-06-08,7.889999866485596,7.889999866485596,7.281000137329102,7.5,7.5,36800
2022-06-09,7.46999979019165,7.670000076293945,6.671000003814697,6.909999847412109,6.909999847412109,24200
2022-06-10,6.619999885559082,8.0,6.550000190734863,7.099999904632568,7.099999904632568,73700
2022-06-13,6.610000133514404,7.050000190734863,6.019999980926514,6.519999980926514,6.519999980926514,45400
2022-06-14,6.710000038146973,6.952000141143799,6.0,6.099999904632568,6.099999904632568,95500
2022-06-15,6.170000076293945,6.639999866485596,5.59499979019165,6.114999771118164,6.114999771118164,48600
2022-06-16,6.050000190734863,6.050000190734863,5.519999980926514,5.800000190734863,5.800000190734863,42000
2022-06-17,6.099999904632568,6.099999904632568,5.480000019073486,5.75,5.75,25800
2022-06-21,5.590000152587891,6.485000133514404,5.590000152587891,5.940000057220459,5.940000057220459,31900
2022-06-22,5.929999828338623,5.980000019073486,4.599999904632568,4.929999828338623,4.929999828338623,107100
2022-06-23,4.840000152587891,5.300000190734863,4.809999942779541,4.96999979019165,4.96999979019165,30100
2022-06-24,5.139999866485596,5.241000175476074,4.920000076293945,5.130000114440918,5.130000114440918,9900
2022-06-27,5.239999771118164,5.421000003814697,5.039999961853027,5.3420000076293945,5.3420000076293945,10500
2022-06-28,5.409999847412109,5.550000190734863,5.28000020980835,5.489999771118164,5.489999771118164,25800
2022-06-29,5.309999942779541,5.78000020980835,5.309999942779541,5.670000076293945,5.670000076293945,23700
2022-06-30,5.769999980926514,6.880000114440918,5.599999904632568,6.639999866485596,6.639999866485596,183200
2022-07-01,6.800000190734863,7.699999809265137,6.650000095367432,7.579999923706055,7.579999923706055,182800
2022-07-05,7.559999942779541,7.659999847412109,6.623000144958496,7.210000038146973,7.210000038146973,82800
2022-07-06,6.96999979019165,7.495999813079834,6.269999980926514,7.28000020980835,7.28000020980835,68700
2022-07-07,7.269999980926514,7.284999847412109,6.78000020980835,6.78000020980835,6.78000020980835,81200
2022-07-08,6.630000114440918,7.010000228881836,6.53000020980835,6.989999771118164,6.989999771118164,65100
2022-07-11,6.559999942779541,6.849999904632568,6.170000076293945,6.820000171661377,6.820000171661377,60400
2022-07-12,6.670000076293945,7.150000095367432,6.599999904632568,6.739999771118164,6.739999771118164,67300
2022-07-13,6.920000076293945,7.369999885559082,6.710000038146973,7.199999809265137,7.199999809265137,32700
2022-07-14,7.300000190734863,7.369999885559082,6.820000171661377,6.860000133514404,6.860000133514404,18400
2022-07-15,7.03000020980835,7.150000095367432,6.869999885559082,7.039999961853027,7.039999961853027,9000
2022-07-18,7.215000152587891,7.25,6.71999979019165,6.71999979019165,6.71999979019165,11600
2022-07-19,6.840000152587891,7.099999904632568,6.75,7.050000190734863,7.050000190734863,9500
2022-07-20,6.579999923706055,7.199999809265137,6.0,6.940000057220459,6.940000057220459,34500
2022-07-21,6.96999979019165,7.0960001945495605,6.425000190734863,6.860000133514404,6.860000133514404,9500
2022-07-22,7.047999858856201,7.065000057220459,6.889999866485596,6.980000019073486,6.980000019073486,5400
2022-07-25,7.090000152587891,7.099999904632568,6.880000114440918,7.099999904632568,7.099999904632568,15700
2022-07-26,7.0,7.0,6.75,6.78000020980835,6.78000020980835,7300
2022-07-27,6.739999771118164,6.988999843597412,6.739999771118164,6.980000019073486,6.980000019073486,3000
2022-07-28,7.190000057220459,7.307000160217285,6.809999942779541,7.0,7.0,22500
2022-07-29,7.0,7.329999923706055,7.0,7.28000020980835,7.28000020980835,39500
2022-08-01,7.329999923706055,7.329999923706055,6.920000076293945,6.949999809265137,6.949999809265137,7200
2022-08-02,7.639999866485596,7.670000076293945,7.0,7.420000076293945,7.420000076293945,24300
2022-08-03,7.300000190734863,7.605000019073486,7.03000020980835,7.409999847412109,7.409999847412109,18100
2022-08-04,7.111999988555908,7.363999843597412,7.039999961853027,7.070000171661377,7.070000171661377,4800
2022-08-05,7.170000076293945,7.300000190734863,7.039999961853027,7.039999961853027,7.039999961853027,6700
2022-08-08,7.300000190734863,7.300000190734863,7.159999847412109,7.300000190734863,7.300000190734863,11800
2022-08-09,7.300000190734863,7.300000190734863,7.135000228881836,7.300000190734863,7.300000190734863,5000
2022-08-10,7.300000190734863,7.699999809265137,7.21999979019165,7.679999828338623,7.679999828338623,37700
2022-08-11,7.829999923706055,8.069999694824219,7.670000076293945,8.0,8.0,24300
2022-08-12,8.079999923706055,8.100000381469727,7.795000076293945,8.0,8.0,33000
2022-08-15,8.100000381469727,8.100000381469727,7.789999961853027,7.960000038146973,7.960000038146973,11800
2022-08-16,8.100000381469727,8.100000381469727,7.90500020980835,7.90500020980835,7.90500020980835,8100
2022-08-17,8.09000015258789,8.100000381469727,7.564000129699707,7.989999771118164,7.989999771118164,20200
2022-08-18,8.0,8.470000267028809,7.989999771118164,8.449999809265137,8.449999809265137,74800
2022-08-19,8.449999809265137,8.449999809265137,7.568999767303467,8.399999618530273,8.399999618530273,25400
2022-08-22,8.449999809265137,8.449999809265137,8.199999809265137,8.220000267028809,8.220000267028809,6200
2022-08-23,8.220000267028809,8.449999809265137,8.119000434875488,8.350000381469727,8.350000381469727,4100
2022-08-24,8.380000114440918,8.380000114440918,8.010000228881836,8.079999923706055,8.079999923706055,9900
2022-08-25,8.100000381469727,8.300000190734863,7.559999942779541,8.09000015258789,8.09000015258789,33200
2022-08-26,8.069999694824219,8.069999694824219,7.794000148773193,7.855000019073486,7.855000019073486,5500
2022-08-29,7.800000190734863,8.300000190734863,7.519999980926514,8.289999961853027,8.289999961853027,21600
2022-08-30,8.109999656677246,8.109999656677246,7.519999980926514,8.0,8.0,26200
2022-08-31,8.210000038146973,8.210000038146973,8.0,8.0600004196167,8.0600004196167,10500
2022-09-01,8.0,8.147000312805176,7.909999847412109,7.920000076293945,7.920000076293945,3100
2022-09-02,8.039999961853027,8.104999542236328,8.008000373840332,8.0600004196167,8.0600004196167,3800
2022-09-06,8.239999771118164,8.239999771118164,7.920000076293945,8.09000015258789,8.09000015258789,23200
2022-09-07,8.100000381469727,8.390000343322754,8.079999923706055,8.270000457763672,8.270000457763672,35600
2022-09-08,8.260000228881836,8.449999809265137,8.25,8.390000343322754,8.390000343322754,15800
2022-09-09,8.390000343322754,8.4399995803833,8.319999694824219,8.430000305175781,8.430000305175781,2500
2022-09-12,8.5,8.5,7.815000057220459,8.100000381469727,8.100000381469727,32800
2022-09-13,8.050000190734863,8.050000190734863,7.5,7.809999942779541,7.809999942779541,4600
2022-09-14,7.949999809265137,8.100000381469727,7.940000057220459,7.940000057220459,7.940000057220459,7100
2022-09-15,7.900000095367432,8.5,7.900000095367432,8.414999961853027,8.414999961853027,14900
2022-09-16,8.5,8.5,8.154999732971191,8.489999771118164,8.489999771118164,3200
2022-09-19,8.5,8.550000190734863,8.319999694824219,8.399999618530273,8.399999618530273,7100
2022-09-20,8.470000267028809,8.470000267028809,8.0,8.25,8.25,13700
2022-09-21,8.170000076293945,8.710000038146973,7.800000190734863,8.600000381469727,8.600000381469727,29300
2022-09-22,8.5600004196167,8.5600004196167,7.800000190734863,7.880000114440918,7.880000114440918,10400
2022-09-23,8.1899995803833,8.229999542236328,7.5,7.699999809265137,7.699999809265137,16100
2022-09-26,7.610000133514404,8.256999969482422,7.610000133514404,8.0,8.0,3600
2022-09-27,8.253000259399414,8.253000259399414,7.5,7.570000171661377,7.570000171661377,9200
2022-09-28,8.329999923706055,8.329999923706055,7.5,7.53000020980835,7.53000020980835,11100
2022-09-29,7.440000057220459,7.449999809265137,7.0,7.090000152587891,7.090000152587891,10900
2022-09-30,7.050000190734863,7.449999809265137,7.010000228881836,7.440000057220459,7.440000057220459,13700
2022-10-03,7.380000114440918,7.579999923706055,7.150000095367432,7.199999809265137,7.199999809265137,9900
2022-10-04,7.150000095367432,7.215000152587891,6.53000020980835,6.75,6.75,15200
2022-10-05,6.800000190734863,6.849999904632568,6.46999979019165,6.75600004196167,6.75600004196167,4800
2022-10-06,6.710000038146973,6.710000038146973,6.650000095367432,6.650000095367432,6.650000095367432,2200
2022-10-07,6.550000190734863,6.599999904632568,6.230000019073486,6.510000228881836,6.510000228881836,7300
2022-10-10,6.380000114440918,6.380000114440918,6.110000133514404,6.190000057220459,6.190000057220459,2500
2022-10-11,6.090000152587891,6.400000095367432,5.809999942779541,5.869999885559082,5.869999885559082,17100
2022-10-12,5.610000133514404,6.099999904632568,5.610000133514404,5.89300012588501,5.89300012588501,5700
2022-10-13,5.659999847412109,6.110000133514404,5.659999847412109,5.75,5.75,18200
2022-10-14,5.949999809265137,6.239999771118164,5.679999828338623,5.869999885559082,5.869999885559082,175700
2022-10-17,5.789999961853027,5.949999809265137,5.440000057220459,5.440000057220459,5.440000057220459,11600
2022-10-18,5.449999809265137,6.0,5.449999809265137,5.800000190734863,5.800000190734863,16200
2022-10-19,5.699999809265137,5.699999809265137,5.556000232696533,5.599999904632568,5.599999904632568,8400
2022-10-20,5.699999809265137,5.699999809265137,5.519999980926514,5.539999961853027,5.539999961853027,2000
2022-10-21,5.449999809265137,5.5,5.415999889373779,5.449999809265137,5.449999809265137,8500
2022-10-24,5.553999900817871,5.559999942779541,5.507999897003174,5.53000020980835,5.53000020980835,5300
2022-10-25,5.559999942779541,5.559999942779541,5.329999923706055,5.354000091552734,5.354000091552734,7300
2022-10-26,5.329999923706055,5.860000133514404,5.329999923706055,5.78000020980835,5.78000020980835,4200
2022-10-27,6.03000020980835,6.03000020980835,5.71999979019165,5.900000095367432,5.900000095367432,15300
2022-10-28,5.949999809265137,5.949999809265137,5.429999828338623,5.650000095367432,5.650000095367432,12400
2022-10-31,5.78000020980835,5.78000020980835,5.5,5.550000190734863,5.550000190734863,6300
2022-11-01,5.400000095367432,5.559999942779541,5.26800012588501,5.26800012588501,5.26800012588501,5900
2022-11-02,5.159999847412109,5.480000019073486,4.989999771118164,5.059999942779541,5.059999942779541,6400
2022-11-03,5.132999897003174,5.829999923706055,5.014999866485596,5.25,5.25,11600
2022-11-04,5.429999828338623,5.5,5.0279998779296875,5.0279998779296875,5.0279998779296875,4200
2022-11-07,5.599999904632568,5.650000095367432,5.010000228881836,5.070000171661377,5.070000171661377,17200
2022-11-08,5.420000076293945,5.4670000076293945,5.260000228881836,5.300000190734863,5.300000190734863,6200
2022-11-09,5.269999980926514,5.289999961853027,5.25,5.25,5.25,2500
2022-11-10,5.550000190734863,5.550000190734863,5.25,5.284999847412109,5.284999847412109,14000
2022-11-11,5.260000228881836,5.570000171661377,5.260000228881836,5.445000171661377,5.445000171661377,7000
2022-11-14,5.400000095367432,5.599999904632568,5.260000228881836,5.260000228881836,5.260000228881836,9000
2022-11-15,5.390999794006348,5.409999847412109,5.309999942779541,5.409999847412109,5.409999847412109,8200
2022-11-16,5.304999828338623,5.34499979019165,5.260000228881836,5.341000080108643,5.341000080108643,1500
2022-11-17,5.260000228881836,5.400000095367432,5.260000228881836,5.380000114440918,5.380000114440918,33500
2022-11-18,5.349999904632568,5.5,5.293000221252441,5.480000019073486,5.480000019073486,7100
2022-11-21,5.369999885559082,5.489999771118164,5.360000133514404,5.400000095367432,5.400000095367432,4200
2022-11-22,5.449999809265137,5.449999809265137,5.283999919891357,5.329999923706055,5.329999923706055,7900
2022-11-23,5.400000095367432,5.75,5.309999942779541,5.40500020980835,5.40500020980835,7800
2022-11-25,5.519000053405762,5.659999847412109,5.429999828338623,5.659999847412109,5.659999847412109,1100
2022-11-28,5.599999904632568,5.699999809265137,5.215000152587891,5.300000190734863,5.300000190734863,21300
2022-11-29,5.25,5.394999980926514,5.070000171661377,5.25,5.25,4600
2022-11-30,5.289999961853027,5.289999961853027,5.10099983215332,5.150000095367432,5.150000095367432,2400
2022-12-01,5.300000190734863,5.659999847412109,5.224999904632568,5.40500020980835,5.40500020980835,34500
2022-12-02,5.389999866485596,5.570000171661377,5.03000020980835,5.21999979019165,5.21999979019165,64500
2022-12-05,5.139999866485596,5.25,5.119999885559082,5.239999771118164,5.239999771118164,4600
2022-12-06,5.28000020980835,5.28000020980835,5.050000190734863,5.056000232696533,5.056000232696533,2000
2022-12-07,5.0,5.269999980926514,4.860000133514404,4.980000019073486,4.980000019073486,79700
2022-12-08,5.099999904632568,5.099999904632568,4.849999904632568,4.90500020980835,4.90500020980835,66300
2022-12-09,4.949999809265137,4.949999809265137,3.700000047683716,3.75,3.75,51400
2022-12-12,3.9800000190734863,4.309999942779541,3.75,3.8399999141693115,3.8399999141693115,41700
2022-12-13,3.8499999046325684,4.0920000076293945,3.8499999046325684,3.940000057220459,3.940000057220459,47000
2022-12-14,3.9000000953674316,3.950000047683716,3.5,3.700000047683716,3.700000047683716,44900
2022-12-15,3.559999942779541,3.6500000953674316,3.444999933242798,3.490000009536743,3.490000009536743,50200
2022-12-16,3.4000000953674316,3.450000047683716,3.240000009536743,3.25,3.25,38700
2022-12-19,3.25,3.299999952316284,3.1500000953674316,3.25,3.25,47300
2022-12-20,3.190000057220459,3.359999895095825,3.190000057220459,3.259999990463257,3.259999990463257,72400
2022-12-21,3.3299999237060547,3.6500000953674316,3.2200000286102295,3.359999895095825,3.359999895095825,49900
2022-12-22,3.450000047683716,3.450000047683716,3.1500000953674316,3.259999990463257,3.259999990463257,61000
2022-12-23,3.25,3.25,3.1700000762939453,3.2100000381469727,3.2100000381469727,16700
2022-12-27,3.2200000286102295,3.390000104904175,2.890000104904175,3.109999895095825,3.109999895095825,69300
2022-12-28,3.140000104904175,3.140000104904175,2.7899999618530273,2.9000000953674316,2.9000000953674316,109300
2022-12-29,2.819999933242798,3.0299999713897705,2.799999952316284,2.9800000190734863,2.9800000190734863,234800
2022-12-30,2.940000057220459,3.1449999809265137,2.7799999713897705,3.119999885559082,3.119999885559082,58500
2023-01-03,3.240000009536743,3.25,2.9690001010894775,3.0,3.0,286000
2023-01-04,2.9200000762939453,3.0,2.799999952316284,2.9000000953674316,2.9000000953674316,449500
2023-01-05,2.8499999046325684,3.240000009536743,2.8499999046325684,3.125,3.125,60500
2023-01-06,3.1500000953674316,3.2300000190734863,2.805000066757202,3.119999885559082,3.119999885559082,88700
2023-01-09,3.180000066757202,3.180000066757202,2.9000000953674316,2.9100000858306885,2.9100000858306885,31000
2023-01-10,2.819999933242798,3.1500000953674316,2.819999933242798,2.9800000190734863,2.9800000190734863,30200
2023-01-11,3.0999999046325684,3.4600000381469727,3.049999952316284,3.4100000858306885,3.4100000858306885,70700
2023-01-12,3.259999990463257,3.3910000324249268,3.119999885559082,3.2300000190734863,3.2300000190734863,53500
2023-01-13,3.2809998989105225,3.390000104904175,3.2799999713897705,3.390000104904175,3.390000104904175,5400
2023-01-17,3.4200000762939453,3.450000047683716,3.2699999809265137,3.390000104904175,3.390000104904175,39100
2023-01-18,3.390000104904175,3.4000000953674316,3.2899999618530273,3.2899999618530273,3.2899999618530273,9700
2023-01-19,3.265000104904175,3.4800000190734863,3.25,3.2799999713897705,3.2799999713897705,7200
2023-01-20,3.200000047683716,3.359999895095825,3.130000114440918,3.25,3.25,8100
2023-01-23,3.299999952316284,3.3499999046325684,3.234999895095825,3.2699999809265137,3.2699999809265137,22900
2023-01-24,3.180000066757202,3.259999990463257,3.180000066757202,3.2100000381469727,3.2100000381469727,4900
2023-01-25,3.25,3.25,3.0299999713897705,3.069999933242798,3.069999933242798,34900
2023-01-26,2.990000009536743,3.0899999141693115,2.990000009536743,3.0899999141693115,3.0899999141693115,13200
2023-01-27,3.059999942779541,3.2100000381469727,2.799999952316284,2.8499999046325684,2.8499999046325684,37200
2023-01-30,2.940000057220459,2.940000057220459,2.890000104904175,2.930000066757202,2.930000066757202,12700
2023-01-31,2.984999895095825,3.049999952316284,2.9200000762939453,3.0,3.0,2100
2023-02-01,3.0399999618530273,3.180000066757202,2.9210000038146973,3.1500000953674316,3.1500000953674316,14100
2023-02-02,3.009999990463257,3.1500000953674316,3.0,3.0399999618530273,3.0399999618530273,22100
2023-02-03,2.9600000381469727,3.1449999809265137,2.9600000381469727,3.109999895095825,3.109999895095825,8600
2023-02-06,3.1600000858306885,3.1600000858306885,2.940000057220459,2.9700000286102295,2.9700000286102295,13500
2023-02-07,2.9700000286102295,2.9700000286102295,2.9100000858306885,2.9100000858306885,2.9100000858306885,2800
2023-02-08,2.9560000896453857,3.0,2.8299999237060547,3.0,3.0,26300
2023-02-09,2.9800000190734863,2.997999906539917,2.8499999046325684,2.8499999046325684,2.8499999046325684,10000
2023-02-10,2.890000104904175,2.890000104904175,2.680000066757202,2.740000009536743,2.740000009536743,85300
2023-02-13,2.759999990463257,2.990000009536743,2.759999990463257,2.880000114440918,2.880000114440918,7200
2023-02-14,2.9800000190734863,3.119999885559082,2.9100000858306885,3.0999999046325684,3.0999999046325684,31600
2023-02-15,3.049999952316284,3.180000066757202,2.9000000953674316,2.990000009536743,2.990000009536743,203200
2023-02-16,3.0,3.121999979019165,2.890000104904175,2.990000009536743,2.990000009536743,138300
2023-02-17,2.799999952316284,3.0,2.799999952316284,3.0,3.0,15900
2023-02-21,2.990000009536743,3.0,2.940000057220459,2.940000057220459,2.940000057220459,13400
2023-02-22,2.990000009536743,3.0,2.9000000953674316,3.0,3.0,26200
2023-02-23,2.9700000286102295,2.9839999675750732,2.940999984741211,2.9800000190734863,2.9800000190734863,3100
2023-02-24,2.9600000381469727,2.9800000190734863,2.8499999046325684,2.9000000953674316,2.9000000953674316,10500
2023-02-27,2.990000009536743,3.200000047683716,2.8399999141693115,2.890000104904175,2.890000104904175,251200
2023-02-28,2.9749999046325684,3.065000057220459,2.9200000762939453,2.9200000762939453,2.9200000762939453,115700
2023-03-01,2.8299999237060547,3.009999990463257,2.7799999713897705,2.8299999237060547,2.8299999237060547,123800
2023-03-02,2.859999895095825,2.9800000190734863,2.8010001182556152,2.9800000190734863,2.9800000190734863,15300
2023-03-03,2.990000009536743,3.0,2.890000104904175,2.890000104904175,2.890000104904175,3500
2023-03-06,2.8399999141693115,2.990000009536743,2.8399999141693115,2.9800000190734863,2.9800000190734863,18300
2023-03-07,2.990000009536743,2.990000009536743,2.950000047683716,2.9800000190734863,2.9800000190734863,10200
2023-03-08,2.9100000858306885,2.9700000286102295,2.880000114440918,2.890000104904175,2.890000104904175,7600
2023-03-09,2.8499999046325684,2.9639999866485596,2.8399999141693115,2.940000057220459,2.940000057220459,4100
2023-03-10,2.885999917984009,2.9049999713897705,2.3499999046325684,2.619999885559082,2.619999885559082,45100
2023-03-13,2.690000057220459,2.867000102996826,2.621000051498413,2.7209999561309814,2.7209999561309814,2600
2023-03-14,2.5999999046325684,2.869999885559082,2.5999999046325684,2.6419999599456787,2.6419999599456787,104300
2023-03-15,2.7100000381469727,2.7300000190734863,2.614000082015991,2.7200000286102295,2.7200000286102295,2800
2023-03-16,2.680000066757202,2.687999963760376,2.5999999046325684,2.5999999046325684,2.5999999046325684,21600
2023-03-17,2.619999885559082,2.6500000953674316,2.549999952316284,2.549999952316284,2.549999952316284,4500
2023-03-20,2.509999990463257,2.5399999618530273,2.3499999046325684,2.450000047683716,2.450000047683716,30200
2023-03-21,2.5299999713897705,2.640000104904175,2.4000000953674316,2.4600000381469727,2.4600000381469727,4700
2023-03-22,2.4700000286102295,2.619999885559082,2.450000047683716,2.619999885559082,2.619999885559082,6300
2023-03-23,2.630000114440918,2.6500000953674316,2.4600000381469727,2.5,2.5,2900
2023-03-24,2.5,2.569999933242798,2.4000000953674316,2.4800000190734863,2.4800000190734863,34500
2023-03-27,2.740000009536743,2.740000009536743,2.5,2.509999990463257,2.509999990463257,2600
2023-03-28,2.3919999599456787,2.75,2.3919999599456787,2.680000066757202,2.680000066757202,170900
2023-03-29,2.740000009536743,2.75,2.5999999046325684,2.7300000190734863,2.7300000190734863,18700
2023-03-30,2.759999990463257,2.759999990463257,2.61299991607666,2.684999942779541,2.684999942779541,8900
2023-03-31,2.759999990463257,2.759999990463257,2.619999885559082,2.700000047683716,2.700000047683716,3900
2023-04-03,2.640000104904175,2.640000104904175,2.640000104904175,2.640000104904175,2.640000104904175,1000
2023-04-04,2.609999895095825,2.7699999809265137,2.3499999046325684,2.359999895095825,2.359999895095825,13700
2023-04-05,2.440000057220459,2.6549999713897705,2.440000057220459,2.5999999046325684,2.5999999046325684,7800
2023-04-06,2.619999885559082,2.6740000247955322,2.3499999046325684,2.359999895095825,2.359999895095825,13700
2023-04-10,2.390000104904175,2.759999990463257,2.3389999866485596,2.5869998931884766,2.5869998931884766,6300
2023-04-11,2.578000068664551,2.5989999771118164,2.3499999046325684,2.5799999237060547,2.5799999237060547,5400
2023-04-12,2.2300000190734863,2.4570000171661377,2.2300000190734863,2.450000047683716,2.450000047683716,7300
2023-04-13,2.450000047683716,2.4800000190734863,2.309999942779541,2.369999885559082,2.369999885559082,8600
2023-04-14,2.25,2.253000020980835,2.130000114440918,2.187999963760376,2.187999963760376,10500
2023-04-17,2.0999999046325684,2.490000009536743,2.0789999961853027,2.1700000762939453,2.1700000762939453,6100
2023-04-18,2.0799999237060547,2.1700000762939453,1.9700000286102295,2.1500000953674316,2.1500000953674316,10900
2023-04-19,2.0999999046325684,2.1500000953674316,2.0429999828338623,2.140000104904175,2.140000104904175,13900
2023-04-20,2.0850000381469727,2.5199999809265137,2.0399999618530273,2.3550000190734863,2.3550000190734863,9500
2023-04-21,2.140000104904175,2.3889999389648438,2.068000078201294,2.069999933242798,2.069999933242798,4200
2023-04-24,2.1700000762939453,2.1700000762939453,1.9600000381469727,1.9600000381469727,1.9600000381469727,209100
2023-04-25,2.009999990463257,2.059999942779541,1.9639999866485596,2.0,2.0,10800
2023-04-26,2.0399999618530273,2.0399999618530273,1.9049999713897705,2.0,2.0,9500
2023-04-27,2.013000011444092,2.130000114440918,2.013000011444092,2.055000066757202,2.055000066757202,2500
2023-04-28,2.0999999046325684,2.2699999809265137,2.0799999237060547,2.2699999809265137,2.2699999809265137,19900
2023-05-01,2.299999952316284,2.5199999809265137,2.200000047683716,2.4000000953674316,2.4000000953674316,50000
2023-05-02,2.490000009536743,2.5,2.299999952316284,2.3949999809265137,2.3949999809265137,126500
2023-05-03,2.5,2.5199999809265137,2.2149999141693115,2.4800000190734863,2.4800000190734863,105000
2023-05-04,2.369999885559082,2.447000026702881,2.3519999980926514,2.359999895095825,2.359999895095825,6600
2023-05-05,2.2100000381469727,2.549999952316284,2.2100000381469727,2.2100000381469727,2.2100000381469727,117300
2023-05-08,2.2899999618530273,2.509999990463257,2.259999990463257,2.322000026702881,2.322000026702881,145900
2023-05-09,2.4000000953674316,2.4000000953674316,2.125999927520752,2.2799999713897705,2.2799999713897705,8300
2023-05-10,2.4600000381469727,2.549999952316284,2.3499999046325684,2.490000009536743,2.490000009536743,13200
2023-05-11,2.5,3.200000047683716,2.5,3.0,3.0,556500
2023-05-12,2.940000057220459,4.699999809265137,2.700000047683716,3.2100000381469727,3.2100000381469727,452300
2023-05-15,3.200000047683716,3.7300000190734863,3.200000047683716,3.4100000858306885,3.4100000858306885,108200
2023-05-16,3.5799999237060547,4.409999847412109,3.5799999237060547,4.099999904632568,4.099999904632568,110200
2023-05-17,4.659999847412109,4.659999847412109,4.039999961853027,4.599999904632568,4.599999904632568,70700
2023-05-18,4.829999923706055,5.349999904632568,4.610000133514404,5.349999904632568,5.349999904632568,97200
2023-05-19,5.400000095367432,6.5,5.400000095367432,6.010000228881836,6.010000228881836,174700
2023-05-22,6.650000095367432,7.440000057220459,6.0,6.170000076293945,6.170000076293945,150200
2023-05-23,6.0,6.539999961853027,6.0,6.010000228881836,6.010000228881836,92100
2023-05-24,6.0,6.050000190734863,6.0,6.0,6.0,67400
2023-05-25,6.0,6.21999979019165,6.0,6.005000114440918,6.005000114440918,50400
2023-05-26,6.139999866485596,6.239999771118164,6.107999801635742,6.230000019073486,6.230000019073486,7900
2023-05-30,6.21999979019165,6.21999979019165,6.0,6.03000020980835,6.03000020980835,74600
2023-05-31,6.0,6.03000020980835,5.849999904632568,6.010000228881836,6.010000228881836,36600
2023-06-01,6.010000228881836,6.150000095367432,5.989999771118164,6.139999866485596,6.139999866485596,5200
2023-06-02,6.199999809265137,6.230000019073486,6.0,6.230000019073486,6.230000019073486,11300
2023-06-05,6.019999980926514,6.199999809265137,6.019999980926514,6.019999980926514,6.019999980926514,7900
2023-06-06,6.050000190734863,6.25,6.010000228881836,6.25,6.25,40500
2023-06-07,6.269999980926514,6.369999885559082,6.059999942779541,6.170000076293945,6.170000076293945,8000
2023-06-08,6.090000152587891,6.110000133514404,5.98799991607666,6.090000152587891,6.090000152587891,12300
2023-06-09,5.900000095367432,6.079999923706055,5.309999942779541,6.0,6.0,33100
2023-06-12,6.03000020980835,6.03000020980835,6.0,6.014999866485596,6.014999866485596,3900
2023-06-13,6.0,6.072999954223633,6.0,6.0,6.0,20400
2023-06-14,6.0,6.078000068664551,6.0,6.0,6.0,26900
2023-06-15,6.050000190734863,6.050000190734863,6.0,6.0,6.0,8900
2023-06-16,6.0,6.079999923706055,6.0,6.070000171661377,6.070000171661377,9100
2023-06-20,6.0,6.03000020980835,5.539000034332275,5.739999771118164,5.739999771118164,127600
2023-06-21,5.639999866485596,5.699999809265137,5.5,5.589000225067139,5.589000225067139,5000
2023-06-22,5.590000152587891,5.681000232696533,4.800000190734863,5.300000190734863,5.300000190734863,68900
2023-06-23,5.300000190734863,5.304999828338623,5.300000190734863,5.300000190734863,5.300000190734863,5200
2023-06-26,5.190000057220459,5.385000228881836,5.190000057220459,5.300000190734863,5.300000190734863,12600
2023-06-27,5.519999980926514,6.079999923706055,5.349999904632568,6.079999923706055,6.079999923706055,38500
2023-06-28,5.951000213623047,6.300000190734863,5.951000213623047,6.300000190734863,6.300000190734863,7600
2023-06-29,6.300000190734863,6.591000080108643,5.989999771118164,6.0,6.0,29200
2023-06-30,5.809999942779541,6.5,5.599999904632568,6.400000095367432,6.400000095367432,37900
2023-07-03,6.300000190734863,6.53000020980835,5.699999809265137,6.5,6.5,31400
2023-07-05,6.440000057220459,6.440000057220459,5.989999771118164,6.0,6.0,2700
2023-07-06,5.690000057220459,6.039999961853027,5.690000057220459,6.0,6.0,14900
2023-07-07,6.039999961853027,6.050000190734863,5.739999771118164,5.820000171661377,5.820000171661377,10100
2023-07-10,5.679999828338623,5.829999923706055,5.360000133514404,5.820000171661377,5.820000171661377,3200
2023-07-11,5.829999923706055,6.159999847412109,5.5,6.0,6.0,10400
2023-07-12,6.010000228881836,6.010000228881836,5.920000076293945,5.949999809265137,5.949999809265137,28400
2023-07-13,5.909999847412109,6.400000095367432,5.909999847412109,6.199999809265137,6.199999809265137,29500
2023-07-14,5.690000057220459,6.150000095367432,5.690000057220459,6.0,6.0,11900
2023-07-17,6.0,6.150000095367432,5.840000152587891,6.050000190734863,6.050000190734863,10400
2023-07-18,6.179999828338623,6.199999809265137,5.860000133514404,6.0,6.0,13000
2023-07-19,6.0,6.0,5.889999866485596,5.929999828338623,5.929999828338623,2300
2023-07-20,5.840000152587891,5.849999904632568,5.369999885559082,5.710000038146973,5.710000038146973,9600
2023-07-21,5.710000038146973,5.710000038146973,5.416999816894531,5.449999809265137,5.449999809265137,3500
2023-07-24,5.380000114440918,5.5,5.369999885559082,5.5,5.5,7100
2023-07-25,5.340000152587891,5.800000190734863,5.340000152587891,5.800000190734863,5.800000190734863,8100
2023-07-26,5.369999885559082,5.929999828338623,5.369999885559082,5.559999942779541,5.559999942779541,1700
2023-07-27,5.9070000648498535,5.940000057220459,5.3480000495910645,5.900000095367432,5.900000095367432,11800
2023-07-28,6.0,6.449999809265137,6.0,6.335000038146973,6.335000038146973,21000
2023-07-31,6.210000038146973,6.300000190734863,6.199999809265137,6.21999979019165,6.21999979019165,6800
2023-08-01,6.201000213623047,6.25,5.980000019073486,5.980000019073486,5.980000019073486,6500
2023-08-02,5.980000019073486,6.460000038146973,5.909999847412109,6.199999809265137,6.199999809265137,6900
2023-08-03,6.064000129699707,6.288000106811523,6.064000129699707,6.110000133514404,6.110000133514404,7300
2023-08-04,6.119999885559082,6.300000190734863,5.511000156402588,6.300000190734863,6.300000190734863,11600
2023-08-07,5.938000202178955,6.25,5.938000202178955,6.25,6.25,2100
2023-08-08,6.238999843597412,6.25,5.89900016784668,5.934999942779541,5.934999942779541,9600
2023-08-09,6.369999885559082,6.849999904632568,5.980000019073486,6.559999942779541,6.559999942779541,66300
2023-08-10,6.880000114440918,7.25,6.86299991607666,7.235000133514404,7.235000133514404,21700
2023-08-11,6.949999809265137,7.300000190734863,6.289999961853027,7.300000190734863,7.300000190734863,19900
2023-08-14,7.199999809265137,7.199999809265137,6.900000095367432,7.0,7.0,5200
2023-08-15,7.099999904632568,7.804999828338623,6.815000057220459,7.800000190734863,7.800000190734863,71000
2023-08-16,7.650000095367432,7.980000019073486,7.331999778747559,7.389999866485596,7.389999866485596,80000
2023-08-17,7.510000228881836,7.599999904632568,7.159999847412109,7.349999904632568,7.349999904632568,22200
2023-08-18,7.230000019073486,7.989999771118164,7.179999828338623,7.989999771118164,7.989999771118164,34500
2023-08-21,7.769999980926514,7.989999771118164,7.519999980926514,7.875,7.875,9000
2023-08-22,7.980000019073486,7.989999771118164,7.760000228881836,7.989999771118164,7.989999771118164,5700
2023-08-23,7.980000019073486,7.989999771118164,7.75,7.840000152587891,7.840000152587891,29100
2023-08-24,7.710000038146973,7.989999771118164,7.489999771118164,7.989999771118164,7.989999771118164,17700
2023-08-25,7.889999866485596,7.940000057220459,7.3420000076293945,7.715000152587891,7.715000152587891,100000
2023-08-28,7.699999809265137,7.980000019073486,7.510000228881836,7.78000020980835,7.78000020980835,16100
2023-08-29,7.835000038146973,7.945000171661377,7.340000152587891,7.829999923706055,7.829999923706055,41800
2023-08-30,7.849999904632568,7.949999809265137,7.559999942779541,7.909999847412109,7.909999847412109,26200
2023-08-31,7.929999828338623,7.985000133514404,7.570000171661377,7.809999942779541,7.809999942779541,50000
2023-09-01,7.949999809265137,7.949999809265137,7.519999980926514,7.900000095367432,7.900000095367432,27900
2023-09-05,7.65500020980835,7.781000137329102,7.449999809265137,7.449999809265137,7.449999809265137,18600
2023-09-06,7.389999866485596,7.5,7.070000171661377,7.300000190734863,7.300000190734863,15500
2023-09-07,7.090000152587891,7.5,7.090000152587891,7.110000133514404,7.110000133514404,18800
2023-09-08,7.34499979019165,7.414999961853027,7.199999809265137,7.389999866485596,7.389999866485596,14000
2023-09-11,7.630000114440918,7.630000114440918,7.119999885559082,7.420000076293945,7.420000076293945,19400
2023-09-12,7.414999961853027,7.639999866485596,7.320000171661377,7.590000152587891,7.590000152587891,16300
2023-09-13,7.639999866485596,7.639999866485596,7.050000190734863,7.639999866485596,7.639999866485596,16600
2023-09-14,7.579999923706055,7.760000228881836,7.400000095367432,7.420000076293945,7.420000076293945,22700
2023-09-15,7.570000171661377,7.739999771118164,7.059999942779541,7.239999771118164,7.239999771118164,34500
2023-09-18,7.099999904632568,7.610000133514404,7.099999904632568,7.199999809265137,7.199999809265137,12200
2023-09-19,7.159999847412109,7.71999979019165,6.659999847412109,7.71999979019165,7.71999979019165,31700
2023-09-20,7.619999885559082,7.71999979019165,7.460000038146973,7.699999809265137,7.699999809265137,16500
2023-09-21,7.489999771118164,7.5,7.059999942779541,7.5,7.5,13100
2023-09-22,7.5,7.5,7.300000190734863,7.5,7.5,19600
2023-09-25,7.210000038146973,7.5,7.135000228881836,7.349999904632568,7.349999904632568,29900
2023-09-26,7.489999771118164,7.5,7.170000076293945,7.400000095367432,7.400000095367432,14700
2023-09-27,7.320000171661377,7.460000038146973,7.050000190734863,7.329999923706055,7.329999923706055,15700
2023-09-28,7.460000038146973,7.460000038146973,7.053999900817871,7.400000095367432,7.400000095367432,8500
2023-09-29,7.110000133514404,7.5,6.670000076293945,7.019999980926514,7.019999980926514,63000
2023-10-02,6.869999885559082,7.019999980926514,6.559999942779541,6.809999942779541,6.809999942779541,14000
2023-10-03,6.800000190734863,7.0,6.539999961853027,6.809999942779541,6.809999942779541,10800
2023-10-04,6.579999923706055,6.800000190734863,6.559999942779541,6.769999980926514,6.769999980926514,4800
2023-10-05,6.624000072479248,6.820000171661377,6.599999904632568,6.800000190734863,6.800000190734863,11500
2023-10-06,6.78000020980835,6.800000190734863,6.510000228881836,6.769999980926514,6.769999980926514,6600
2023-10-09,6.869999885559082,6.869999885559082,6.53000020980835,6.659999847412109,6.659999847412109,26600
2023-10-10,6.599999904632568,6.679999828338623,5.809999942779541,6.559999942779541,6.559999942779541,50300
2023-10-11,6.5269999504089355,6.590000152587891,6.489999771118164,6.519999980926514,6.519999980926514,24500
2023-10-12,5.929999828338623,6.800000190734863,5.90500020980835,6.5,6.5,128700
2023-10-13,6.605000019073486,6.75,6.440000057220459,6.599999904632568,6.599999904632568,17200
2023-10-16,7.25,7.25,6.510000228881836,6.699999809265137,6.699999809265137,24200
2023-10-17,6.690000057220459,6.775000095367432,5.900000095367432,6.699999809265137,6.699999809265137,27200
2023-10-18,6.699999809265137,6.789999961853027,6.5,6.699999809265137,6.699999809265137,14000
2023-10-19,6.489999771118164,6.800000190734863,6.489999771118164,6.71999979019165,6.71999979019165,24500
2023-10-20,6.510000228881836,6.599999904632568,6.159999847412109,6.480000019073486,6.480000019073486,25500
2023-10-23,6.269999980926514,6.599999904632568,6.190000057220459,6.480000019073486,6.480000019073486,32400
2023-10-24,6.550000190734863,6.699999809265137,6.21999979019165,6.699999809265137,6.699999809265137,24200
2023-10-25,6.480000019073486,6.5,6.400000095367432,6.460000038146973,6.460000038146973,14200
2023-10-26,6.460000038146973,6.510000228881836,6.295000076293945,6.510000228881836,6.510000228881836,21500
2023-10-27,6.420000076293945,6.570000171661377,6.420000076293945,6.570000171661377,6.570000171661377,13200
2023-10-30,7.039999961853027,7.039999961853027,6.46999979019165,6.5,6.5,12400
2023-10-31,6.53000020980835,6.539999961853027,6.170000076293945,6.5,6.5,41400
2023-11-01,6.519999980926514,6.519999980926514,6.460000038146973,6.5,6.5,5600
2023-11-02,6.550000190734863,6.679999828338623,6.380000114440918,6.494999885559082,6.494999885559082,10300
2023-11-03,6.5,6.519999980926514,6.5,6.519999980926514,6.519999980926514,4700
2023-11-06,6.605000019073486,6.619999885559082,6.300000190734863,6.409999847412109,6.409999847412109,15300
2023-11-07,6.699999809265137,6.699999809265137,6.300000190734863,6.599999904632568,6.599999904632568,127900
2023-11-08,6.539999961853027,6.699999809265137,6.4079999923706055,6.599999904632568,6.599999904632568,40800
2023-11-09,6.519999980926514,6.699999809265137,6.449999809265137,6.639999866485596,6.639999866485596,9900
2023-11-10,6.5,6.5,6.409999847412109,6.489999771118164,6.489999771118164,10800
2023-11-13,6.5,6.6579999923706055,6.304999828338623,6.5,6.5,57700
2023-11-14,6.400000095367432,6.75,6.309999942779541,6.5,6.5,39800
2023-11-15,6.659999847412109,6.659999847412109,6.434999942779541,6.639999866485596,6.639999866485596,25700
2023-11-16,6.710000038146973,6.75,6.429999828338623,6.630000114440918,6.630000114440918,20600
2023-11-17,6.505000114440918,6.75,6.263000011444092,6.53000020980835,6.53000020980835,11500
2023-11-20,6.5,6.730000019073486,6.349999904632568,6.730000019073486,6.730000019073486,15100
2023-11-21,6.510000228881836,6.739999771118164,6.5,6.739999771118164,6.739999771118164,13200
2023-11-22,6.679999828338623,6.75,6.53000020980835,6.75,6.75,8800
2023-11-24,6.75,6.75,6.300000190734863,6.679999828338623,6.679999828338623,29900
2023-11-27,6.5,6.599999904632568,6.46999979019165,6.599999904632568,6.599999904632568,11900
2023-11-28,6.559999942779541,6.559999942779541,6.441999912261963,6.5,6.5,6100
2023-11-29,6.429999828338623,6.480000019073486,6.170000076293945,6.324999809265137,6.324999809265137,26700
2023-11-30,6.239999771118164,6.590000152587891,6.139999866485596,6.25,6.25,46400
2023-12-01,6.263000011444092,6.489999771118164,6.263000011444092,6.489999771118164,6.489999771118164,6300
2023-12-04,6.599999904632568,6.599999904632568,6.190000057220459,6.300000190734863,6.300000190734863,20500
2023-12-05,6.210000038146973,6.900000095367432,6.099999904632568,6.900000095367432,6.900000095367432,1003000
2023-12-06,6.800000190734863,6.980000019073486,6.429999828338623,6.900000095367432,6.900000095367432,96200
2023-12-07,6.949999809265137,7.0,6.415999889373779,7.0,7.0,50000
2023-12-08,6.949999809265137,6.949999809265137,6.809999942779541,6.949999809265137,6.949999809265137,48300
2023-12-11,6.949999809265137,7.0,6.900000095367432,6.949999809265137,6.949999809265137,7300
2023-12-12,6.800000190734863,6.949999809265137,6.6519999504089355,6.949999809265137,6.949999809265137,25700
2023-12-13,6.769999980926514,7.0,6.730000019073486,7.0,7.0,16300
2023-12-14,7.0,7.0,6.760000228881836,6.949999809265137,6.949999809265137,14900
2023-12-15,6.820000171661377,6.90500020980835,6.590000152587891,6.900000095367432,6.900000095367432,27200
2023-12-18,6.849999904632568,6.940000057220459,6.800000190734863,6.940000057220459,6.940000057220459,20700
2023-12-19,6.900000095367432,6.920000076293945,6.710000038146973,6.820000171661377,6.820000171661377,22200
2023-12-20,6.619999885559082,6.880000114440918,6.554999828338623,6.829999923706055,6.829999923706055,17000
2023-12-21,6.789999961853027,6.849999904632568,6.757999897003174,6.849999904632568,6.849999904632568,12200
2023-12-22,6.909999847412109,6.935999870300293,6.369999885559082,6.849999904632568,6.849999904632568,21000
2023-12-26,6.849999904632568,6.900000095367432,6.646999835968018,6.900000095367432,6.900000095367432,12300
2023-12-27,6.900000095367432,6.960000038146973,6.710000038146973,6.949999809265137,6.949999809265137,124300
2023-12-28,6.760000228881836,7.230000019073486,6.760000228881836,7.079999923706055,7.079999923706055,125500
2023-12-29,7.010000228881836,7.440000057220459,7.010000228881836,7.150000095367432,7.150000095367432,337300
2024-01-02,7.204999923706055,7.204999923706055,6.820000171661377,7.099999904632568,7.099999904632568,13700
2024-01-03,6.900000095367432,7.054999828338623,6.872000217437744,7.0,7.0,35200
2024-01-04,6.989999771118164,7.0,6.89900016784668,6.929999828338623,6.929999828338623,14600
2024-01-05,6.986000061035156,7.025000095367432,6.940000057220459,7.0,7.0,12300
2024-01-08,6.909999847412109,7.070000171661377,6.909999847412109,7.050000190734863,7.050000190734863,24200
2024-01-09,7.025000095367432,7.139999866485596,6.989999771118164,7.139999866485596,7.139999866485596,9100
2024-01-10,6.929999828338623,7.090000152587891,6.75,7.0,7.0,23500
2024-01-11,6.75,7.0,6.625,6.949999809265137,6.949999809265137,9700
2024-01-12,7.139999866485596,7.139999866485596,6.71999979019165,6.800000190734863,6.800000190734863,22700
2024-01-16,6.949999809265137,7.139999866485596,6.650000095367432,6.860000133514404,6.860000133514404,12600
2024-01-17,6.690000057220459,6.869999885559082,6.25,6.840000152587891,6.840000152587891,36500
2024-01-18,6.849999904632568,6.849999904632568,6.360000133514404,6.840000152587891,6.840000152587891,18700
2024-01-19,6.849999904632568,6.849999904632568,6.355000019073486,6.840000152587891,6.840000152587891,12900
2024-01-22,6.434999942779541,6.849999904632568,6.434999942779541,6.849999904632568,6.849999904632568,7300
2024-01-23,6.800000190734863,6.849999904632568,6.574999809265137,6.75,6.75,6100
2024-01-24,6.650000095367432,6.804999828338623,6.489999771118164,6.590000152587891,6.590000152587891,69600
2024-01-25,6.510000228881836,6.800000190734863,6.360000133514404,6.71999979019165,6.71999979019165,261200
2024-01-26,6.71999979019165,6.800000190734863,6.510000228881836,6.699999809265137,6.699999809265137,1360000
2024-01-29,6.699999809265137,6.909999847412109,6.485000133514404,6.900000095367432,6.900000095367432,287700
2024-01-30,6.900000095367432,7.099999904632568,6.789999961853027,7.090000152587891,7.090000152587891,195300
2024-01-31,7.090000152587891,7.5,7.019999980926514,7.5,7.5,223300
2024-02-01,7.599999904632568,7.800000190734863,7.339000225067139,7.559999942779541,7.559999942779541,108500
2024-02-02,7.489999771118164,7.515999794006348,6.900000095367432,7.289999961853027,7.289999961853027,24200
2024-02-05,7.190000057220459,7.449999809265137,7.190000057220459,7.360000133514404,7.360000133514404,19200
2024-02-06,7.46999979019165,7.739999771118164,7.260000228881836,7.320000171661377,7.320000171661377,28900
2024-02-07,7.71999979019165,7.960000038146973,7.409999847412109,7.900000095367432,7.900000095367432,27000
2024-02-08,8.0,8.960000038146973,7.989999771118164,8.930000305175781,8.930000305175781,89100
2024-02-09,8.920000076293945,9.4399995803833,8.380000114440918,9.199999809265137,9.199999809265137,69700
2024-02-12,9.449999809265137,9.829999923706055,9.0,9.270000457763672,9.270000457763672,20800
2024-02-13,9.100000381469727,9.3100004196167,8.979999542236328,9.069999694824219,9.069999694824219,40000
2024-02-14,9.050000190734863,9.829999923706055,8.170000076293945,9.6899995803833,9.6899995803833,150300
2024-02-15,9.529999732971191,9.697999954223633,9.010000228881836,9.100000381469727,9.100000381469727,14400
2024-02-16,9.029999732971191,9.600000381469727,8.670000076293945,9.279999732971191,9.279999732971191,43600
2024-02-20,9.220000267028809,9.600000381469727,9.130000114440918,9.59000015258789,9.59000015258789,13900
2024-02-21,9.100000381469727,9.59000015258789,8.800000190734863,9.449999809265137,9.449999809265137,28100
2024-02-22,9.149999618530273,9.699999809265137,8.774999618530273,9.699999809265137,9.699999809265137,30600
2024-02-23,9.609999656677246,9.699999809265137,9.359999656677246,9.699999809265137,9.699999809265137,30700
2024-02-26,9.699999809265137,10.229000091552734,9.274999618530273,10.100000381469727,10.100000381469727,50100
2024-02-27,9.800000190734863,10.100000381469727,9.35200023651123,10.100000381469727,10.100000381469727,36400
2024-02-28,10.100000381469727,10.130000114440918,9.539999961853027,10.100000381469727,10.100000381469727,61400
2024-02-29,10.069999694824219,11.479999542236328,10.0600004196167,10.989999771118164,10.989999771118164,196600
2024-03-01,10.949999809265137,11.300000190734863,10.58899974822998,10.850000381469727,10.850000381469727,59300
2024-03-04,10.729999542236328,10.979999542236328,9.710000038146973,10.039999961853027,10.039999961853027,55300
2024-03-05,9.640000343322754,10.9399995803833,8.40999984741211,10.9399995803833,10.9399995803833,90500
2024-03-06,10.75,10.75,9.630000114440918,10.300000190734863,10.300000190734863,38000
2024-03-07,10.25,11.34000015258789,9.789999961853027,11.170000076293945,11.170000076293945,67300
2024-03-08,11.170000076293945,11.170000076293945,10.800000190734863,10.960000038146973,10.960000038146973,12500
2024-03-11,10.800000190734863,10.890000343322754,10.050000190734863,10.130000114440918,10.130000114440918,38500
2024-03-12,10.220000267028809,11.0,10.220000267028809,11.0,11.0,59200
2024-03-13,11.0,11.0,10.390000343322754,10.489999771118164,10.489999771118164,55900
2024-03-14,10.489999771118164,10.505000114440918,10.244999885559082,10.460000038146973,10.460000038146973,3800
2024-03-15,10.350000381469727,10.449999809265137,9.9399995803833,10.40999984741211,10.40999984741211,33400
2024-03-18,10.40999984741211,10.819999694824219,10.25,10.5,10.5,18500
2024-03-19,10.413000106811523,10.579999923706055,10.319999694824219,10.460000038146973,10.460000038146973,14900
2024-03-20,10.5,10.920000076293945,9.869999885559082,10.920000076293945,10.920000076293945,40000
2024-03-21,10.739999771118164,11.0,10.25,10.789999961853027,10.789999961853027,75100
2024-03-22,10.699999809265137,11.050000190734863,10.520000457763672,10.710000038146973,10.710000038146973,53500
2024-03-25,10.699999809265137,10.699999809265137,9.90999984741211,10.109999656677246,10.109999656677246,45100
2024-03-26,10.109999656677246,10.395000457763672,10.109999656677246,10.1899995803833,10.1899995803833,59400
2024-03-27,10.1899995803833,10.350000381469727,9.520000457763672,10.350000381469727,10.350000381469727,55400
2024-03-28,10.25,10.739999771118164,10.25,10.479999542236328,10.479999542236328,333600
2024-04-01,10.739999771118164,10.739999771118164,10.041999816894531,10.4399995803833,10.4399995803833,34300
2024-04-02,10.5,10.5,9.9350004196167,10.34000015258789,10.34000015258789,13200
2024-04-03,10.289999961853027,10.399999618530273,9.920000076293945,10.319999694824219,10.319999694824219,9500
2024-04-04,10.3100004196167,10.3100004196167,10.020999908447266,10.270000457763672,10.270000457763672,10800
2024-04-05,10.119999885559082,10.399999618530273,10.119999885559082,10.399999618530273,10.399999618530273,4800
2024-04-08,10.270000457763672,10.390000343322754,9.984999656677246,10.199999809265137,10.199999809265137,9800
2024-04-09,10.194999694824219,10.390000343322754,10.09000015258789,10.390000343322754,10.390000343322754,7500
2024-04-10,10.470000267028809,10.470000267028809,10.019000053405762,10.300000190734863,10.300000190734863,11800
2024-04-11,10.289999961853027,10.399999618530273,10.15999984741211,10.399999618530273,10.399999618530273,17000
2024-04-12,10.350000381469727,10.399999618530273,10.204999923706055,10.399999618530273,10.399999618530273,11000
2024-04-15,10.399999618530273,10.4399995803833,10.164999961853027,10.4399995803833,10.4399995803833,25400
2024-04-16,10.399999618530273,10.789999961853027,10.039999961853027,10.789999961853027,10.789999961853027,21500
2024-04-17,10.40999984741211,10.800000190734863,10.15999984741211,10.800000190734863,10.800000190734863,18400
2024-04-18,10.520000457763672,10.800000190734863,10.479999542236328,10.800000190734863,10.800000190734863,5400
2024-04-19,10.789999961853027,10.800000190734863,10.402000427246094,10.800000190734863,10.800000190734863,11200
2024-04-22,10.699999809265137,10.899999618530273,10.649999618530273,10.899999618530273,10.899999618530273,28300
2024-04-23,10.84000015258789,10.899999618530273,10.75,10.899999618530273,10.899999618530273,5600
2024-04-24,10.899999618530273,10.899999618530273,10.460000038146973,10.899999618530273,10.899999618530273,31900
2024-04-25,10.75,10.899999618530273,10.449999809265137,10.899999618530273,10.899999618530273,17000
2024-04-26,10.899999618530273,10.899999618530273,10.321000099182129,10.890000343322754,10.890000343322754,13200
2024-04-29,10.880000114440918,10.899999618530273,10.550000190734863,10.899999618530273,10.899999618530273,13500
2024-04-30,10.869999885559082,10.899999618530273,10.779999732971191,10.800000190734863,10.800000190734863,74400
2024-05-01,10.54800033569336,10.880000114440918,10.54800033569336,10.880000114440918,10.880000114440918,20400
2024-05-02,10.880000114440918,11.437000274658203,10.539999961853027,10.770000457763672,10.770000457763672,141500
2024-05-03,10.699999809265137,10.930000305175781,10.380000114440918,10.920000076293945,10.920000076293945,36500
2024-05-06,10.920000076293945,10.9399995803833,10.630000114440918,10.9399995803833,10.9399995803833,23200
2024-05-07,10.930000305175781,11.050000190734863,10.779999732971191,10.949999809265137,10.949999809265137,36200
2024-05-08,10.9399995803833,11.0,10.805000305175781,10.979999542236328,10.979999542236328,8400
2024-05-09,11.0,11.020000457763672,10.9399995803833,10.949999809265137,10.949999809265137,49300
2024-05-10,11.010000228881836,11.130000114440918,10.949999809265137,11.130000114440918,11.130000114440918,25700
2024-05-13,10.960000038146973,11.130000114440918,10.949999809265137,11.119999885559082,11.119999885559082,16600
2024-05-14,11.050000190734863,11.119999885559082,10.890000343322754,10.890000343322754,10.890000343322754,20800
2024-05-15,10.899999618530273,11.069999694824219,10.699999809265137,10.850000381469727,10.850000381469727,46400
2024-05-16,10.84000015258789,10.989999771118164,10.732000350952148,10.989999771118164,10.989999771118164,31800
2024-05-17,10.859999656677246,10.880000114440918,10.630000114440918,10.850000381469727,10.850000381469727,41300
2024-05-20,10.875,10.875,10.600000381469727,10.630000114440918,10.630000114440918,26000
2024-05-21,10.720000267028809,10.800000190734863,10.720000267028809,10.75,10.75,23700
2024-05-22,10.600000381469727,11.109999656677246,10.211999893188477,11.109999656677246,11.109999656677246,40300
2024-05-23,10.899999618530273,11.130000114440918,10.729999542236328,11.119999885559082,11.119999885559082,73800
2024-05-24,11.119999885559082,11.130000114440918,10.935999870300293,11.119999885559082,11.119999885559082,13600
2024-05-28,11.119999885559082,11.130000114440918,10.989999771118164,11.050000190734863,11.050000190734863,47800
2024-05-29,11.09000015258789,11.149999618530273,10.979999542236328,11.140000343322754,11.140000343322754,33000
2024-05-30,11.140000343322754,11.170000076293945,11.0,11.149999618530273,11.149999618530273,45500
2024-05-31,11.039999961853027,11.420000076293945,11.020000457763672,11.399999618530273,11.399999618530273,111200
2024-06-03,11.470000267028809,11.5,11.199999809265137,11.25,11.25,17800
2024-06-04,11.149999618530273,11.319999694824219,11.149999618530273,11.260000228881836,11.260000228881836,11500
2024-06-05,11.239999771118164,11.399999618530273,11.229999542236328,11.399999618530273,11.399999618530273,23000
2024-06-06,11.399999618530273,11.5,11.210000038146973,11.289999961853027,11.289999961853027,47500
2024-06-07,11.239999771118164,11.239999771118164,10.975000381469727,11.010000228881836,11.010000228881836,8300
2024-06-10,10.859999656677246,11.248000144958496,10.819999694824219,11.0600004196167,11.0600004196167,30600
2024-06-11,10.84000015258789,11.020000457763672,10.819999694824219,11.0,11.0,9200
2024-06-12,10.819999694824219,11.029999732971191,10.819999694824219,11.029999732971191,11.029999732971191,12700
2024-06-13,10.989999771118164,11.0,10.8149995803833,11.0,11.0,10700
2024-06-14,10.979999542236328,11.0,10.640000343322754,10.789999961853027,10.789999961853027,40300
2024-06-17,10.850000381469727,10.970000267028809,10.600000381469727,10.859999656677246,10.859999656677246,13800
2024-06-18,10.789999961853027,10.9399995803833,10.75,10.920000076293945,10.920000076293945,13500
2024-06-20,10.899999618530273,10.920000076293945,10.699999809265137,10.920000076293945,10.920000076293945,19100
2024-06-21,10.539999961853027,11.489999771118164,10.449999809265137,10.510000228881836,10.510000228881836,233400
2024-06-24,10.449999809265137,10.930000305175781,10.449999809265137,10.75,10.75,58100
2024-06-25,10.9399995803833,11.4399995803833,10.930000305175781,11.40999984741211,11.40999984741211,39600
2024-06-26,11.359999656677246,11.657999992370605,11.0600004196167,11.369999885559082,11.369999885559082,116100
2024-06-27,11.329999923706055,11.970000267028809,11.079999923706055,11.970000267028809,11.970000267028809,375800
2024-06-28,11.899999618530273,13.5,11.670000076293945,12.550000190734863,12.550000190734863,563000
2024-07-01,12.59000015258789,13.180000305175781,12.59000015258789,12.800000190734863,12.800000190734863,65100
2024-07-02,12.800000190734863,12.949999809265137,12.569999694824219,12.789999961853027,12.789999961853027,88200
2024-07-03,12.739999771118164,12.864999771118164,12.079999923706055,12.430000305175781,12.430000305175781,14200
2024-07-05,12.5,12.8100004196167,12.5,12.789999961853027,12.789999961853027,47000
2024-07-08,12.729999542236328,12.729999542236328,11.656000137329102,12.350000381469727,12.350000381469727,91200
2024-07-09,12.149999618530273,12.368000030517578,11.890000343322754,12.34000015258789,12.34000015258789,34600
2024-07-10,12.055000305175781,12.609999656677246,12.029999732971191,12.40999984741211,12.40999984741211,39100
2024-07-11,12.369999885559082,12.479999542236328,12.0600004196167,12.479999542236328,12.479999542236328,26900
2024-07-12,12.479999542236328,12.75,12.079999923706055,12.319999694824219,12.319999694824219,17600
2024-07-15,12.270000457763672,12.6899995803833,11.350000381469727,12.5,12.5,42600
2024-07-16,12.390000343322754,12.5600004196167,11.989999771118164,12.5600004196167,12.5600004196167,52800
2024-07-17,12.649999618530273,12.699999809265137,12.092000007629395,12.649999618530273,12.649999618530273,22400
2024-07-18,12.539999961853027,12.539999961853027,11.880000114440918,12.350000381469727,12.350000381469727,19600
2024-07-19,12.289999961853027,12.34000015258789,11.90999984741211,12.34000015258789,12.34000015258789,17300
2024-07-22,12.3100004196167,12.449999809265137,12.0,12.449999809265137,12.449999809265137,19200
2024-07-23,12.539999961853027,12.539999961853027,12.199999809265137,12.449999809265137,12.449999809265137,25700
2024-07-24,12.34000015258789,12.369999885559082,12.029999732971191,12.15999984741211,12.15999984741211,19400
2024-07-25,12.010000228881836,12.350000381469727,12.010000228881836,12.3100004196167,12.3100004196167,29900
2024-07-26,12.3100004196167,12.4399995803833,12.09000015258789,12.430000305175781,12.430000305175781,20700
2024-07-29,12.300000190734863,12.430000305175781,12.09000015258789,12.390000343322754,12.390000343322754,49600
2024-07-30,12.300000190734863,12.789999961853027,12.289999961853027,12.789999961853027,12.789999961853027,51400
2024-07-31,12.789999961853027,12.800000190734863,11.960000038146973,12.699999809265137,12.699999809265137,324300
2024-08-01,12.569999694824219,12.979999542236328,12.199999809265137,12.859999656677246,12.859999656677246,47400
2024-08-02,12.930000305175781,12.9399995803833,12.175999641418457,12.859999656677246,12.859999656677246,54900
2024-08-05,12.119999885559082,12.829999923706055,11.012999534606934,12.829999923706055,12.829999923706055,25800
2024-08-06,12.817000389099121,12.817000389099121,12.149999618530273,12.479999542236328,12.479999542236328,13900
2024-08-07,12.260000228881836,13.281000137329102,12.25,13.0,13.0,108800
2024-08-08,13.0,13.0,12.350000381469727,12.579999923706055,12.579999923706055,10300
2024-08-09,12.430000305175781,12.741999626159668,12.100000381469727,12.319999694824219,12.319999694824219,45200
2024-08-12,12.1899995803833,12.645000457763672,11.829999923706055,12.640000343322754,12.640000343322754,34300
2024-08-13,12.539999961853027,12.539999961853027,12.100000381469727,12.539999961853027,12.539999961853027,44300
2024-08-14,12.4399995803833,13.390000343322754,12.199999809265137,12.880000114440918,12.880000114440918,90000
2024-08-15,12.600000381469727,13.079999923706055,12.460000038146973,13.020000457763672,13.020000457763672,70900
2024-08-16,12.84000015258789,12.979999542236328,12.614999771118164,12.979999542236328,12.979999542236328,32700
2024-08-19,12.84000015258789,13.0,12.720000267028809,12.949999809265137,12.949999809265137,189200
2024-08-20,12.609999656677246,13.050000190734863,12.609999656677246,13.0,13.0,216600
2024-08-21,12.960000038146973,13.0,12.850000381469727,13.0,13.0,129700
2024-08-22,13.0,13.0,10.1899995803833,12.449999809265137,12.449999809265137,273700
2024-08-23,12.399999618530273,12.470000267028809,11.720000267028809,12.40999984741211,12.40999984741211,42200
2024-08-26,12.199999809265137,12.449999809265137,11.680000305175781,12.449999809265137,12.449999809265137,60000
2024-08-27,12.430000305175781,12.460000038146973,11.90999984741211,12.390000343322754,12.390000343322754,88000
2024-08-28,12.300000190734863,12.729999542236328,12.069999694824219,12.6899995803833,12.6899995803833,72900
2024-08-29,12.6899995803833,13.5,12.6899995803833,13.15999984741211,13.15999984741211,227400
2024-08-30,13.239999771118164,13.5,12.850000381469727,13.260000228881836,13.260000228881836,227400
2024-09-03,13.5,13.5,11.829999923706055,12.1899995803833,12.1899995803833,76100
2024-09-04,12.109999656677246,12.550000190734863,11.960000038146973,12.420000076293945,12.420000076293945,35400
2024-09-05,12.399999618530273,12.4399995803833,11.880000114440918,12.40999984741211,12.40999984741211,37500
2024-09-06,12.5,12.5,11.930000305175781,12.5,12.5,95400
2024-09-09,12.239999771118164,12.723999977111816,11.9399995803833,12.239999771118164,12.239999771118164,116500
2024-09-10,12.619999885559082,13.25,11.930000305175781,13.010000228881836,13.010000228881836,41500
2024-09-11,12.970000267028809,13.180000305175781,12.550000190734863,13.149999618530273,13.149999618530273,34000
2024-09-12,13.149999618530273,13.475000381469727,12.795000076293945,12.9399995803833,12.9399995803833,54700
2024-09-13,13.085000038146973,13.09000015258789,12.600000381469727,12.899999618530273,12.899999618530273,70100
2024-09-16,13.130000114440918,13.130000114440918,12.395000457763672,12.960000038146973,12.960000038146973,41300
2024-09-17,12.239999771118164,12.399999618530273,11.789999961853027,12.0,12.0,150600
2024-09-18,11.319999694824219,11.618000030517578,11.0,11.5,11.5,241400
2024-09-19,11.6899995803833,11.6899995803833,10.170000076293945,10.300000190734863,10.300000190734863,267500
2024-09-20,10.199999809265137,10.979999542236328,10.1899995803833,10.920000076293945,10.920000076293945,237500
2024-09-23,10.899999618530273,11.0,10.680000305175781,10.850000381469727,10.850000381469727,102000
2024-09-24,10.800000190734863,11.100000381469727,10.800000190734863,10.970000267028809,10.970000267028809,107400
2024-09-25,10.970000267028809,12.0600004196167,10.925000190734863,11.920000076293945,11.920000076293945,154100
2024-09-26,11.850000381469727,12.850000381469727,11.760000228881836,12.6899995803833,12.6899995803833,146900
2024-09-27,12.319999694824219,13.59000015258789,11.789999961853027,13.100000381469727,13.100000381469727,145100
2024-09-30,13.130000114440918,13.479999542236328,12.84000015258789,13.380000114440918,13.380000114440918,199200
2024-10-01,13.319999694824219,13.510000228881836,13.270000457763672,13.449999809265137,13.449999809265137,154300
2024-10-02,13.5,13.5,12.760000228881836,13.1899995803833,13.1899995803833,72900
2024-10-03,13.020000457763672,13.444999694824219,12.944999694824219,13.140000343322754,13.140000343322754,50900
2024-10-04,13.015000343322754,13.5600004196167,12.949999809265137,13.4399995803833,13.4399995803833,62600
2024-10-07,13.420000076293945,13.5,12.890000343322754,13.119999885559082,13.119999885559082,25000
2024-10-08,13.300000190734863,13.300000190734863,12.829999923706055,13.149999618530273,13.149999618530273,44700
2024-10-09,12.920000076293945,13.350000381469727,12.6899995803833,13.319999694824219,13.319999694824219,56900
2024-10-10,13.15999984741211,13.600000381469727,13.020000457763672,13.1899995803833,13.1899995803833,104800
2024-10-11,13.180000305175781,13.5,12.484999656677246,13.25,13.25,64800
2024-10-14,13.069999694824219,13.515000343322754,12.819999694824219,13.5,13.5,43800
2024-10-15,12.829999923706055,13.489999771118164,12.699999809265137,13.460000038146973,13.460000038146973,64500
2024-10-16,13.449999809265137,14.885000228881836,12.399999618530273,14.489999771118164,14.489999771118164,262600
2024-10-17,14.489999771118164,15.005000114440918,14.199999809265137,14.670000076293945,14.670000076293945,356800
2024-10-18,14.920000076293945,15.0,13.850000381469727,14.010000228881836,14.010000228881836,262400
2024-10-21,14.270000457763672,14.270000457763672,13.260000228881836,13.529999732971191,13.529999732971191,159600
2024-10-22,13.699999809265137,14.829999923706055,13.3100004196167,14.399999618530273,14.399999618530273,111500
2024-10-23,14.449999809265137,14.491999626159668,13.710000038146973,14.279999732971191,14.279999732971191,64100
2024-10-24,14.130000114440918,14.380000114440918,13.960000038146973,14.149999618530273,14.149999618530273,46500
2024-10-25,14.5,14.5,14.15999984741211,14.5,14.5,98700
2024-10-28,14.949999809265137,14.949999809265137,14.09000015258789,14.40999984741211,14.40999984741211,223000
2024-10-29,14.399999618530273,14.5600004196167,14.0,14.130000114440918,14.130000114440918,100500
2024-10-30,13.649999618530273,14.354999542236328,13.550000190734863,14.140000343322754,14.140000343322754,169700
2024-10-31,14.220000267028809,14.369999885559082,13.75,14.350000381469727,14.350000381469727,226000
2024-11-01,14.420000076293945,14.704999923706055,13.4399995803833,14.079999923706055,14.079999923706055,106000
2024-11-04,14.100000381469727,14.25,13.539999961853027,13.890000343322754,13.890000343322754,30100
2024-11-05,13.859999656677246,14.15999984741211,13.489999771118164,14.109999656677246,14.109999656677246,53500
2024-11-06,14.329999923706055,14.329999923706055,13.630000114440918,13.970000267028809,13.970000267028809,47100
2024-11-07,14.050000190734863,14.140000343322754,13.529999732971191,13.630000114440918,13.630000114440918,36700
2024-11-08,13.65999984741211,14.0,12.989999771118164,13.710000038146973,13.710000038146973,69500
2024-11-11,13.600000381469727,14.0,13.220000267028809,13.800000190734863,13.800000190734863,87400
2024-11-12,13.5,13.774999618530273,13.175000190734863,13.5,13.5,58900
2024-11-13,13.579999923706055,13.699999809265137,13.241999626159668,13.369999885559082,13.369999885559082,53500
