Date,Open,High,Low,Close,Adj Close,Volume
2007-12-17,2160.0,2160.0,2160.0,2160.0,1932.798828125,314
2007-12-18,2160.0,2160.0,2148.0,2148.0,1922.0609130859375,1
2007-12-19,2160.0,2160.0,2157.60009765625,2157.60009765625,1930.6512451171875,314
2007-12-20,2157.60009765625,2157.60009765625,2157.60009765625,2157.60009765625,1930.6512451171875,0
2007-12-21,2148.0,2148.0,2148.0,2148.0,1922.0609130859375,4
2007-12-24,2148.0,2148.0,2148.0,2148.0,1922.0609130859375,0
2007-12-26,2148.0,2148.0,2148.0,2148.0,1922.0609130859375,0
2007-12-27,2148.0,2148.0,2148.0,2148.0,1922.0609130859375,0
2007-12-28,2136.0,2136.0,2104.800048828125,2124.0,1900.585205078125,7
2007-12-31,2124.0,2128.800048828125,2124.0,2128.800048828125,1904.880615234375,19
2008-01-02,2128.800048828125,2128.800048828125,2128.800048828125,2128.800048828125,1904.880615234375,63
2008-01-03,2136.0,2136.0,2128.800048828125,2128.800048828125,1904.880615234375,5587
2008-01-04,2128.800048828125,2128.800048828125,2128.800048828125,2128.800048828125,1904.880615234375,0
2008-01-07,2128.800048828125,2128.800048828125,2128.800048828125,2128.800048828125,1904.880615234375,0
2008-01-08,2128.800048828125,2128.800048828125,2128.800048828125,2128.800048828125,1904.880615234375,10
2008-01-09,2128.800048828125,2128.800048828125,2128.800048828125,2128.800048828125,1904.880615234375,0
2008-01-10,2133.60009765625,2136.0,2133.60009765625,2133.60009765625,1909.1756591796875,571
2008-01-11,2133.60009765625,2133.60009765625,2133.60009765625,2133.60009765625,1909.1756591796875,0
2008-01-14,2136.0,2140.800048828125,2133.60009765625,2136.0,1911.3232421875,21
2008-01-15,2148.0,2148.0,2148.0,2148.0,1922.0609130859375,0
2008-01-16,2150.39990234375,2160.0,2150.39990234375,2160.0,1932.798828125,1272
2008-01-17,2160.0,2160.0,2160.0,2160.0,1932.798828125,0
2008-01-18,2172.0,2172.0,2172.0,2172.0,1943.53662109375,0
2008-01-22,2172.0,2172.0,2172.0,2172.0,1943.53662109375,0
2008-01-23,2148.0,2150.39990234375,2148.0,2150.39990234375,1924.2083740234375,15
2008-01-24,2150.39990234375,2150.39990234375,2128.800048828125,2128.800048828125,1904.880615234375,5
2008-01-25,2128.800048828125,2128.800048828125,2128.800048828125,2128.800048828125,1904.880615234375,0
2008-01-28,2128.800048828125,2128.800048828125,2128.800048828125,2128.800048828125,1904.880615234375,0
2008-01-29,2128.800048828125,2128.800048828125,2128.800048828125,2128.800048828125,1904.880615234375,0
2008-01-30,2128.800048828125,2128.800048828125,2128.800048828125,2128.800048828125,1904.880615234375,0
2008-01-31,2128.800048828125,2128.800048828125,2128.800048828125,2128.800048828125,1904.880615234375,0
2008-02-01,2128.800048828125,2128.800048828125,2128.800048828125,2128.800048828125,1904.880615234375,0
2008-02-04,2184.0,2184.0,2136.0,2136.0,1911.3232421875,24
2008-02-05,2131.199951171875,2131.199951171875,2131.199951171875,2131.199951171875,1907.0281982421875,0
2008-02-06,2140.800048828125,2140.800048828125,2138.39990234375,2138.39990234375,1913.470703125,4
2008-02-07,2148.0,2176.800048828125,2136.0,2176.800048828125,1947.831787109375,95
2008-02-08,2136.0,2164.800048828125,2136.0,2164.800048828125,1937.0938720703125,1
2008-02-11,2157.60009765625,2160.0,2157.60009765625,2160.0,1932.798828125,13
2008-02-12,2160.0,2160.0,2160.0,2160.0,1932.798828125,0
2008-02-13,2160.0,2160.0,2160.0,2160.0,1932.798828125,0
2008-02-14,2184.0,2184.0,2160.0,2160.0,1932.798828125,9
2008-02-15,2160.0,2160.0,2157.60009765625,2160.0,1932.798828125,398
2008-02-19,2160.0,2160.0,2160.0,2160.0,1932.798828125,0
2008-02-20,2160.0,2160.0,2160.0,2160.0,1932.798828125,0
2008-02-21,2152.800048828125,2160.0,2152.800048828125,2160.0,1932.798828125,35
2008-02-22,2160.0,2160.0,2160.0,2160.0,1932.798828125,0
2008-02-25,2160.0,2160.0,2160.0,2160.0,1932.798828125,0
2008-02-26,2160.0,2160.0,2160.0,2160.0,1932.798828125,0
2008-02-27,2160.0,2160.0,2160.0,2160.0,1932.798828125,0
2008-02-28,2160.0,2160.0,2160.0,2160.0,1932.798828125,0
2008-02-29,2155.199951171875,2155.199951171875,2152.800048828125,2152.800048828125,1926.356201171875,28
2008-03-03,2152.800048828125,2152.800048828125,2152.800048828125,2152.800048828125,1926.356201171875,42
2008-03-04,2152.800048828125,2155.199951171875,2152.800048828125,2155.199951171875,1928.503662109375,418
2008-03-05,2155.199951171875,2155.199951171875,2152.800048828125,2152.800048828125,1926.356201171875,1000
2008-03-06,2152.800048828125,2152.800048828125,2152.800048828125,2152.800048828125,1926.356201171875,0
2008-03-07,2148.0,2148.0,2148.0,2148.0,1922.0609130859375,545
2008-03-10,2124.0,2124.0,2124.0,2124.0,1900.585205078125,2898
2008-03-11,2124.0,2124.0,2124.0,2124.0,1900.585205078125,0
2008-03-12,2124.0,2124.0,2124.0,2124.0,1900.585205078125,0
2008-03-13,2148.0,2148.0,2148.0,2148.0,1922.0609130859375,1
2008-03-14,2155.199951171875,2155.199951171875,2152.800048828125,2152.800048828125,1926.356201171875,842
2008-03-17,2152.800048828125,2152.800048828125,2152.800048828125,2152.800048828125,1926.356201171875,0
2008-03-18,2152.800048828125,2152.800048828125,2152.800048828125,2152.800048828125,1926.356201171875,0
2008-03-19,2160.0,2160.0,2160.0,2160.0,1932.798828125,229
2008-03-20,2136.0,2136.0,2136.0,2136.0,1911.3232421875,1
2008-03-24,2152.800048828125,2152.800048828125,2152.800048828125,2152.800048828125,1926.356201171875,15
2008-03-25,2152.800048828125,2152.800048828125,2152.800048828125,2152.800048828125,1926.356201171875,0
2008-03-26,2150.39990234375,2150.39990234375,2150.39990234375,2150.39990234375,1924.2083740234375,104
2008-03-27,2136.0,2136.0,2124.0,2124.0,1900.585205078125,13
2008-03-28,2124.0,2124.0,2124.0,2124.0,1900.585205078125,0
2008-03-31,2124.0,2160.0,2124.0,2160.0,1932.798828125,9
2008-04-01,2160.0,2160.0,2160.0,2160.0,1932.798828125,0
2008-04-02,2160.0,2160.0,2160.0,2160.0,1932.798828125,0
2008-04-03,2157.60009765625,2157.60009765625,2157.60009765625,2157.60009765625,1930.6512451171875,0
2008-04-04,2157.60009765625,2157.60009765625,2157.60009765625,2157.60009765625,1930.6512451171875,0
2008-04-07,2157.60009765625,2157.60009765625,2157.60009765625,2157.60009765625,1930.6512451171875,1
2008-04-08,2152.800048828125,2152.800048828125,2152.800048828125,2152.800048828125,1926.356201171875,21
2008-04-09,2136.0,2181.60009765625,2126.39990234375,2181.60009765625,1952.1268310546875,2
2008-04-10,2181.60009765625,2181.60009765625,2181.60009765625,2181.60009765625,1952.1268310546875,0
2008-04-11,2181.60009765625,2181.60009765625,2181.60009765625,2181.60009765625,1952.1268310546875,0
2008-04-14,2181.60009765625,2181.60009765625,2181.60009765625,2181.60009765625,1952.1268310546875,0
2008-04-15,2157.60009765625,2162.39990234375,2148.0,2157.60009765625,1930.6512451171875,449
2008-04-16,2169.60009765625,2169.60009765625,2169.60009765625,2169.60009765625,1941.38916015625,0
2008-04-17,2169.60009765625,2169.60009765625,2169.60009765625,2169.60009765625,1941.38916015625,0
2008-04-18,2188.800048828125,2188.800048828125,2188.800048828125,2188.800048828125,1958.5694580078125,4
2008-04-21,2188.800048828125,2188.800048828125,2188.800048828125,2188.800048828125,1958.5694580078125,0
2008-04-22,2188.800048828125,2188.800048828125,2188.800048828125,2188.800048828125,1958.5694580078125,0
2008-04-23,2172.0,2186.39990234375,2172.0,2186.39990234375,1956.421875,6
2008-04-24,2160.0,2160.0,2160.0,2160.0,1932.798828125,2
2008-04-25,2160.0,2160.0,2160.0,2160.0,1932.798828125,0
2008-04-28,2160.0,2160.0,2160.0,2160.0,1932.798828125,0
2008-04-29,2160.0,2160.0,2160.0,2160.0,1932.798828125,0
2008-04-30,2148.0,2148.0,2148.0,2148.0,1922.0609130859375,0
2008-05-01,2136.0,2148.0,2136.0,2136.0,1911.3232421875,899
2008-05-02,2136.0,2136.0,2136.0,2136.0,1911.3232421875,1500
2008-05-05,2136.0,2148.0,2136.0,2148.0,1922.0609130859375,47
2008-05-06,2148.0,2160.0,2136.0,2136.0,1911.3232421875,18
2008-05-07,2136.0,2136.0,2136.0,2136.0,1911.3232421875,0
2008-05-08,2136.0,2136.0,2136.0,2136.0,1911.3232421875,0
2008-05-09,2136.0,2136.0,2136.0,2136.0,1911.3232421875,0
2008-05-12,2136.0,2136.0,2136.0,2136.0,1911.3232421875,0
2008-05-13,2136.0,2136.0,2136.0,2136.0,1911.3232421875,0
2008-05-14,2160.0,2160.0,2160.0,2160.0,1932.798828125,417
2008-05-15,2160.0,2160.0,2160.0,2160.0,1932.798828125,0
2008-05-16,2160.0,2160.0,2160.0,2160.0,1932.798828125,0
2008-05-19,2148.0,2160.0,2148.0,2160.0,1932.798828125,83
2008-05-20,2172.0,2172.0,2172.0,2172.0,1943.53662109375,0
2008-05-21,2148.0,2148.0,2148.0,2148.0,1922.0609130859375,9
2008-05-22,2184.0,2188.800048828125,2184.0,2188.800048828125,1958.5694580078125,2
2008-05-23,2176.800048828125,2186.39990234375,2160.0,2164.800048828125,1937.0938720703125,8
2008-05-27,2160.0,2160.0,2160.0,2160.0,1932.798828125,1
2008-05-28,2160.0,2160.0,2160.0,2160.0,1932.798828125,0
2008-05-29,2160.0,2160.0,2160.0,2160.0,1932.798828125,625
2008-05-30,2167.199951171875,2167.199951171875,2167.199951171875,2167.199951171875,1939.2413330078125,3245
2008-06-02,2188.800048828125,2188.800048828125,2188.800048828125,2188.800048828125,1958.5694580078125,0
2008-06-03,2188.800048828125,2188.800048828125,2176.800048828125,2176.800048828125,1947.831787109375,2
2008-06-04,2188.800048828125,2188.800048828125,2179.199951171875,2179.199951171875,1949.979248046875,1
2008-06-05,2184.0,2196.0,2184.0,2196.0,1965.0120849609375,126
2008-06-06,2184.0,2184.0,2179.199951171875,2179.199951171875,1949.979248046875,11
2008-06-09,2179.199951171875,2179.199951171875,2179.199951171875,2179.199951171875,1949.979248046875,0
2008-06-10,2179.199951171875,2179.199951171875,2179.199951171875,2179.199951171875,1949.979248046875,0
2008-06-11,2179.199951171875,2179.199951171875,2179.199951171875,2179.199951171875,1949.979248046875,0
2008-06-12,2179.199951171875,2179.199951171875,2179.199951171875,2179.199951171875,1949.979248046875,0
2008-06-13,2176.800048828125,2176.800048828125,2176.800048828125,2176.800048828125,1947.831787109375,0
2008-06-16,2174.39990234375,2174.39990234375,2174.39990234375,2174.39990234375,1945.6839599609375,0
2008-06-17,2174.39990234375,2174.39990234375,2174.39990234375,2174.39990234375,1945.6839599609375,0
2008-06-18,2176.800048828125,2176.800048828125,2176.800048828125,2176.800048828125,1947.831787109375,0
2008-06-19,2176.800048828125,2176.800048828125,2176.800048828125,2176.800048828125,1947.831787109375,0
2008-06-20,2179.199951171875,2179.199951171875,2174.39990234375,2174.39990234375,1945.6839599609375,3
2008-06-23,2174.39990234375,2174.39990234375,2174.39990234375,2174.39990234375,1945.6839599609375,0
2008-06-24,2179.199951171875,2181.60009765625,2176.800048828125,2181.60009765625,1952.1268310546875,198
2008-06-25,2184.0,2196.0,2184.0,2196.0,1965.0120849609375,10
2008-06-26,2205.60009765625,2205.60009765625,2205.60009765625,2205.60009765625,1973.6021728515625,1
2008-06-27,2208.0,2208.0,2208.0,2208.0,1975.749755859375,1
2008-06-30,2196.0,2196.0,2179.199951171875,2179.199951171875,1949.979248046875,42
2008-07-01,2184.0,2184.0,2184.0,2184.0,1954.2742919921875,222
2008-07-02,2196.0,2196.0,2184.0,2188.800048828125,1958.5694580078125,69
2008-07-03,2196.0,2196.0,2196.0,2196.0,1965.0120849609375,21
2008-07-07,2208.0,2210.39990234375,2205.60009765625,2205.60009765625,1973.6021728515625,3258
2008-07-08,2200.800048828125,2200.800048828125,2188.800048828125,2193.60009765625,1962.8646240234375,92
2008-07-09,2196.0,2208.0,2193.60009765625,2208.0,1975.749755859375,46
2008-07-10,2208.0,2208.0,2208.0,2208.0,1975.749755859375,1
2008-07-11,2205.60009765625,2205.60009765625,2205.60009765625,2205.60009765625,1973.6021728515625,0
2008-07-14,2193.60009765625,2200.800048828125,2193.60009765625,2200.800048828125,1969.3072509765625,2
2008-07-15,2193.60009765625,2193.60009765625,2193.60009765625,2193.60009765625,1962.8646240234375,28
2008-07-16,2193.60009765625,2193.60009765625,2193.60009765625,2193.60009765625,1962.8646240234375,0
2008-07-17,2191.199951171875,2191.199951171875,2186.39990234375,2191.199951171875,1960.7169189453125,81
2008-07-18,2191.199951171875,2191.199951171875,2191.199951171875,2191.199951171875,1960.7169189453125,0
2008-07-21,2188.800048828125,2196.0,2184.0,2191.199951171875,1960.7169189453125,821
2008-07-22,2208.0,2208.0,2191.199951171875,2208.0,1975.749755859375,19
2008-07-23,2208.0,2208.0,2208.0,2208.0,1975.749755859375,0
2008-07-24,2208.0,2208.0,2208.0,2208.0,1975.749755859375,0
2008-07-25,2208.0,2208.0,2208.0,2208.0,1975.749755859375,0
2008-07-28,2208.0,2208.0,2208.0,2208.0,1975.749755859375,0
2008-07-29,2208.0,2208.0,2208.0,2208.0,1975.749755859375,0
2008-07-30,2208.0,2208.0,2208.0,2208.0,1975.749755859375,1
2008-07-31,2184.0,2184.0,2184.0,2184.0,1954.2742919921875,8
2008-08-01,2184.0,2184.0,2184.0,2184.0,1954.2742919921875,0
2008-08-04,2184.0,2184.0,2184.0,2184.0,1954.2742919921875,0
2008-08-05,2208.0,2208.0,2196.0,2196.0,1965.0120849609375,126
2008-08-06,2196.0,2196.0,2196.0,2196.0,1965.0120849609375,0
2008-08-07,2208.0,2208.0,2208.0,2208.0,1975.749755859375,235
2008-08-08,2220.0,2220.0,2220.0,2220.0,1986.4876708984375,0
2008-08-11,2220.0,2220.0,2220.0,2220.0,1986.4876708984375,0
2008-08-12,2220.0,2220.0,2220.0,2220.0,1986.4876708984375,0
2008-08-13,2220.0,2220.0,2220.0,2220.0,1986.4876708984375,1
2008-08-14,2220.0,2220.0,2220.0,2220.0,1986.4876708984375,0
2008-08-15,2220.0,2220.0,2220.0,2220.0,1986.4876708984375,0
2008-08-18,2196.0,2232.0,2196.0,2232.0,1997.225341796875,1
2008-08-19,2232.0,2232.0,2232.0,2232.0,1997.225341796875,0
2008-08-20,2232.0,2232.0,2232.0,2232.0,1997.225341796875,0
2008-08-21,2232.0,2232.0,2232.0,2232.0,1997.225341796875,0
2008-08-22,2232.0,2232.0,2232.0,2232.0,1997.225341796875,0
2008-08-25,2232.0,2232.0,2232.0,2232.0,1997.225341796875,0
2008-08-26,2232.0,2232.0,2232.0,2232.0,1997.225341796875,0
2008-08-27,2256.0,2256.0,2256.0,2256.0,2018.700927734375,1
2008-08-28,2232.0,2232.0,2232.0,2232.0,1997.225341796875,2
2008-08-29,2232.0,2232.0,2232.0,2232.0,1997.225341796875,0
2008-09-02,2208.0,2227.199951171875,2208.0,2208.0,1975.749755859375,1664
2008-09-03,2208.0,2208.0,2208.0,2208.0,1975.749755859375,4
2008-09-04,2208.0,2208.0,2208.0,2208.0,1975.749755859375,0
2008-09-05,2208.0,2208.0,2208.0,2208.0,1975.749755859375,0
2008-09-08,2208.0,2208.0,2208.0,2208.0,1975.749755859375,0
2008-09-09,2208.0,2208.0,2208.0,2208.0,1975.749755859375,0
2008-09-10,2220.0,2220.0,2208.0,2208.0,1975.749755859375,32
2008-09-11,2208.0,2244.0,2208.0,2244.0,2007.9632568359375,181
2008-09-12,2244.0,2244.0,2244.0,2244.0,2007.9632568359375,12
2008-09-15,2244.0,2244.0,2244.0,2244.0,2007.9632568359375,0
2008-09-16,2244.0,2244.0,2244.0,2244.0,2007.9632568359375,0
2008-09-17,2244.0,2244.0,2244.0,2244.0,2007.9632568359375,0
2008-09-18,2244.0,2244.0,2244.0,2244.0,2007.9632568359375,0
2008-09-19,2244.0,2244.0,2244.0,2244.0,2007.9632568359375,0
2008-09-22,2220.0,2220.0,2208.0,2208.0,1975.749755859375,4
2008-09-23,2220.0,2220.0,2220.0,2220.0,1986.4876708984375,2
2008-09-24,2220.0,2220.0,2220.0,2220.0,1986.4876708984375,0
2008-09-25,2160.0,2160.0,2160.0,2160.0,1932.798828125,21
2008-09-26,2160.0,2160.0,2160.0,2160.0,1932.798828125,0
2008-09-29,2160.0,2160.0,2160.0,2160.0,1932.798828125,0
2008-09-30,2148.0,2167.199951171875,2088.0,2167.199951171875,1939.2413330078125,3
2008-10-01,2160.0,2160.0,2124.0,2136.0,1911.3232421875,11
2008-10-02,2104.800048828125,2112.0,2076.0,2112.0,1889.8475341796875,78
2008-10-03,2068.800048828125,2068.800048828125,2052.0,2052.0,1836.1588134765625,9
2008-10-06,2054.39990234375,2054.39990234375,1992.0,1992.0,1782.4697265625,218
2008-10-07,1992.0,1992.0,1968.0,1992.0,1782.4697265625,700
2008-10-08,1972.800048828125,2016.0,1972.800048828125,2016.0,1803.9454345703125,1
2008-10-09,1987.199951171875,2016.0,1987.199951171875,2016.0,1803.9454345703125,2
2008-10-10,2016.0,2016.0,2016.0,2016.0,1803.9454345703125,42
2008-10-13,2040.0,2040.0,2040.0,2040.0,1825.421142578125,2
2008-10-14,2040.0,2040.0,2040.0,2040.0,1825.421142578125,0
2008-10-15,2040.0,2040.0,2040.0,2040.0,1825.421142578125,0
2008-10-16,2040.0,2040.0,2040.0,2040.0,1825.421142578125,0
2008-10-17,2040.0,2040.0,2040.0,2040.0,1825.421142578125,1
2008-10-20,2028.0,2028.0,2028.0,2028.0,1814.683349609375,138
2008-10-21,2028.0,2028.0,2028.0,2028.0,1814.683349609375,0
2008-10-22,2064.0,2064.0,2064.0,2064.0,1846.8966064453125,267
2008-10-23,2064.0,2064.0,2064.0,2064.0,1846.8966064453125,0
2008-10-24,2064.0,2064.0,2064.0,2064.0,1846.8966064453125,0
2008-10-27,2064.0,2064.0,2064.0,2064.0,1846.8966064453125,0
2008-10-28,2076.0,2100.0,2064.0,2100.0,1879.109619140625,221
2008-10-29,2100.0,2100.0,2100.0,2100.0,1879.109619140625,0
2008-10-30,2083.199951171875,2083.199951171875,2076.0,2076.0,1857.63427734375,46
2008-10-31,2100.0,2100.0,2100.0,2100.0,1879.109619140625,2
2008-11-03,2112.0,2112.0,2112.0,2112.0,1889.8475341796875,2
2008-11-04,2112.0,2112.0,2112.0,2112.0,1889.8475341796875,0
2008-11-05,2088.0,2088.0,2088.0,2088.0,1868.3719482421875,2
2008-11-06,2088.0,2088.0,2088.0,2088.0,1868.3719482421875,5
2008-11-07,2064.0,2112.0,2064.0,2088.0,1868.3719482421875,316
2008-11-10,2088.0,2100.0,2088.0,2100.0,1879.109619140625,1870
2008-11-11,2102.39990234375,2102.39990234375,2088.0,2088.0,1868.3719482421875,87
2008-11-12,2088.0,2088.0,2088.0,2088.0,1868.3719482421875,0
2008-11-13,2088.0,2088.0,2088.0,2088.0,1868.3719482421875,0
2008-11-14,2088.0,2088.0,2088.0,2088.0,1868.3719482421875,0
2008-11-17,2100.0,2100.0,2100.0,2100.0,1879.109619140625,80
2008-11-18,2100.0,2100.0,2100.0,2100.0,1879.109619140625,0
2008-11-19,2107.199951171875,2107.199951171875,2107.199951171875,2107.199951171875,1885.552490234375,849
2008-11-20,2100.0,2100.0,2100.0,2100.0,1879.109619140625,6
2008-11-21,2112.0,2112.0,2112.0,2112.0,1889.8475341796875,3
2008-11-24,2100.0,2100.0,2100.0,2100.0,1879.109619140625,1
2008-11-25,2100.0,2100.0,2100.0,2100.0,1879.109619140625,0
2008-11-26,2100.0,2100.0,2088.0,2088.0,1868.3719482421875,107
2008-11-28,2078.39990234375,2078.39990234375,2076.0,2076.0,1857.63427734375,109
2008-12-01,2076.0,2076.0,2076.0,2076.0,1857.63427734375,52
2008-12-02,2100.0,2100.0,2097.60009765625,2100.0,1879.109619140625,78
2008-12-03,2100.0,2100.0,2100.0,2100.0,1879.109619140625,0
2008-12-04,2100.0,2100.0,2100.0,2100.0,1879.109619140625,0
2008-12-05,2100.0,2102.39990234375,2100.0,2102.39990234375,1881.2572021484375,852
2008-12-08,2100.0,2100.0,2100.0,2100.0,1879.109619140625,2
2008-12-09,2100.0,2100.0,2100.0,2100.0,1879.109619140625,0
2008-12-10,2090.39990234375,2121.60009765625,2088.0,2121.60009765625,1898.4378662109375,48
2008-12-11,2121.60009765625,2121.60009765625,2121.60009765625,2121.60009765625,1898.4378662109375,0
2008-12-12,2100.0,2100.0,2100.0,2100.0,1879.109619140625,728
2008-12-15,2100.0,2112.0,2088.0,2100.0,1879.109619140625,779
2008-12-16,2100.0,2100.0,2088.0,2100.0,1879.109619140625,45
2008-12-17,2090.39990234375,2090.39990234375,2090.39990234375,2090.39990234375,1870.5194091796875,23
2008-12-18,2090.39990234375,2090.39990234375,2090.39990234375,2090.39990234375,1870.5194091796875,0
2008-12-19,2100.0,2112.0,2100.0,2112.0,1889.8475341796875,210
2008-12-22,2112.0,2112.0,2112.0,2112.0,1889.8475341796875,0
2008-12-23,2112.0,2112.0,2112.0,2112.0,1889.8475341796875,0
2008-12-24,2112.0,2112.0,2112.0,2112.0,1889.8475341796875,0
2008-12-26,2112.0,2112.0,2112.0,2112.0,1889.8475341796875,15
2008-12-29,2112.0,2112.0,2112.0,2112.0,1889.8475341796875,4
2008-12-30,2136.0,2136.0,2136.0,2136.0,1911.3232421875,49
2008-12-31,2136.0,2136.0,2136.0,2136.0,1911.3232421875,0
2009-01-02,2119.199951171875,2119.199951171875,2119.199951171875,2119.199951171875,1896.2901611328125,433
2009-01-05,2160.0,2160.0,2160.0,2160.0,1932.798828125,53
2009-01-06,2160.0,2160.0,2160.0,2160.0,1932.798828125,417
2009-01-07,2160.0,2169.60009765625,2160.0,2160.0,1932.798828125,792
2009-01-08,2160.0,2181.60009765625,2160.0,2160.0,1932.798828125,2963
2009-01-09,2176.800048828125,2184.0,2176.800048828125,2184.0,1954.2742919921875,876
2009-01-12,2184.0,2184.0,2162.39990234375,2184.0,1954.2742919921875,604
2009-01-13,2184.0,2184.0,2162.39990234375,2167.199951171875,1939.2413330078125,1320
2009-01-14,2181.60009765625,2181.60009765625,2162.39990234375,2181.60009765625,1952.1268310546875,2212
2009-01-15,2181.60009765625,2181.60009765625,2181.60009765625,2181.60009765625,1952.1268310546875,0
2009-01-16,2184.0,2193.60009765625,2184.0,2184.0,1954.2742919921875,24
2009-01-20,2184.0,2188.800048828125,2179.199951171875,2179.199951171875,1949.979248046875,53
2009-01-21,2188.800048828125,2191.199951171875,2184.0,2191.199951171875,1960.7169189453125,22
2009-01-22,2191.199951171875,2191.199951171875,2191.199951171875,2191.199951171875,1960.7169189453125,0
2009-01-23,2196.0,2196.0,2184.0,2191.199951171875,1960.7169189453125,94
2009-01-26,2191.199951171875,2193.60009765625,2188.800048828125,2193.60009765625,1962.8646240234375,150
2009-01-27,2193.60009765625,2193.60009765625,2193.60009765625,2193.60009765625,1962.8646240234375,0
2009-01-28,2193.60009765625,2193.60009765625,2193.60009765625,2193.60009765625,1962.8646240234375,0
2009-01-29,2193.60009765625,2193.60009765625,2193.60009765625,2193.60009765625,1962.8646240234375,0
2009-01-30,2193.60009765625,2193.60009765625,2193.60009765625,2193.60009765625,1962.8646240234375,0
2009-02-02,2188.800048828125,2196.0,2188.800048828125,2196.0,1965.0120849609375,25
2009-02-03,2196.0,2196.0,2196.0,2196.0,1965.0120849609375,419
2009-02-04,2200.800048828125,2205.60009765625,2200.800048828125,2205.60009765625,1973.6021728515625,1044
2009-02-05,2205.60009765625,2205.60009765625,2205.60009765625,2205.60009765625,1973.6021728515625,0
2009-02-06,2205.60009765625,2205.60009765625,2205.60009765625,2205.60009765625,1973.6021728515625,28
2009-02-09,2205.60009765625,2205.60009765625,2205.60009765625,2205.60009765625,1973.6021728515625,426
2009-02-10,2198.39990234375,2203.199951171875,2198.39990234375,2203.199951171875,1971.45458984375,523
2009-02-11,2200.800048828125,2208.0,2200.800048828125,2208.0,1975.749755859375,2179
2009-02-12,2198.39990234375,2210.39990234375,2198.39990234375,2210.39990234375,1977.8973388671875,845
2009-02-13,2210.39990234375,2210.39990234375,2210.39990234375,2210.39990234375,1977.8973388671875,0
2009-02-17,2198.39990234375,2215.199951171875,2196.0,2215.199951171875,1982.1922607421875,4
2009-02-18,2232.0,2232.0,2215.199951171875,2215.199951171875,1982.1922607421875,95
2009-02-19,2215.199951171875,2222.39990234375,2215.199951171875,2222.39990234375,1988.635009765625,924
2009-02-20,2222.39990234375,2222.39990234375,2222.39990234375,2222.39990234375,1988.635009765625,23
2009-02-23,2229.60009765625,2232.0,2229.60009765625,2232.0,1997.225341796875,7
2009-02-24,2232.0,2232.0,2232.0,2232.0,1997.225341796875,14
2009-02-25,2232.0,2232.0,2232.0,2232.0,1997.225341796875,0
2009-02-26,2234.39990234375,2234.39990234375,2234.39990234375,2234.39990234375,1999.3729248046875,1
2009-02-27,2234.39990234375,2234.39990234375,2234.39990234375,2234.39990234375,1999.3729248046875,0
2009-03-02,2234.39990234375,2234.39990234375,2234.39990234375,2234.39990234375,1999.3729248046875,0
2009-03-03,2234.39990234375,2234.39990234375,2234.39990234375,2234.39990234375,1999.3729248046875,0
2009-03-04,2234.39990234375,2234.39990234375,2234.39990234375,2234.39990234375,1999.3729248046875,1
2009-03-05,2227.199951171875,2234.39990234375,2227.199951171875,2234.39990234375,1999.3729248046875,292
2009-03-06,2227.199951171875,2234.39990234375,2205.60009765625,2229.60009765625,1995.0777587890625,1151
2009-03-09,2234.39990234375,2234.39990234375,2232.0,2232.0,1997.225341796875,502
2009-03-10,2234.39990234375,2234.39990234375,2232.0,2234.39990234375,1999.3729248046875,859
2009-03-11,2232.0,2232.0,2227.199951171875,2232.0,1997.225341796875,861
2009-03-12,2234.39990234375,2241.60009765625,2234.39990234375,2241.60009765625,2005.815673828125,22
2009-03-13,2236.800048828125,2236.800048828125,2236.800048828125,2236.800048828125,2001.5205078125,36
2009-03-16,2229.60009765625,2232.0,2229.60009765625,2232.0,1997.225341796875,8
2009-03-17,2232.0,2241.60009765625,2232.0,2239.199951171875,2003.6678466796875,1260
2009-03-18,2239.199951171875,2239.199951171875,2239.199951171875,2239.199951171875,2003.6678466796875,0
2009-03-19,2229.60009765625,2229.60009765625,2229.60009765625,2229.60009765625,1995.0777587890625,3
2009-03-20,2224.800048828125,2224.800048828125,2224.800048828125,2224.800048828125,1990.7828369140625,4
2009-03-23,2229.60009765625,2229.60009765625,2227.199951171875,2227.199951171875,1992.93017578125,2
2009-03-24,2188.800048828125,2188.800048828125,2188.800048828125,2188.800048828125,1958.5694580078125,93
2009-03-25,2196.0,2224.800048828125,2196.0,2224.800048828125,1990.7828369140625,22
2009-03-26,2236.800048828125,2241.60009765625,2236.800048828125,2241.60009765625,2005.815673828125,5
2009-03-27,2234.39990234375,2241.60009765625,2234.39990234375,2241.60009765625,2005.815673828125,19
2009-03-30,2241.60009765625,2241.60009765625,2241.60009765625,2241.60009765625,2005.815673828125,0
2009-03-31,2236.800048828125,2239.199951171875,2236.800048828125,2239.199951171875,2003.6678466796875,43
2009-04-01,2232.0,2232.0,2229.60009765625,2229.60009765625,1995.0777587890625,1
2009-04-02,2229.60009765625,2229.60009765625,2229.60009765625,2229.60009765625,1995.0777587890625,0
2009-04-03,2236.800048828125,2246.39990234375,2236.800048828125,2244.0,2007.9632568359375,18
2009-04-06,2244.0,2244.0,2244.0,2244.0,2007.9632568359375,0
2009-04-07,2236.800048828125,2239.199951171875,2236.800048828125,2236.800048828125,2001.5205078125,126
2009-04-08,2236.800048828125,2236.800048828125,2236.800048828125,2236.800048828125,2001.5205078125,35
2009-04-09,2241.60009765625,2241.60009765625,2241.60009765625,2241.60009765625,2005.815673828125,2
2009-04-13,2239.199951171875,2241.60009765625,2239.199951171875,2241.60009765625,2005.815673828125,2
2009-04-14,2244.0,2246.39990234375,2244.0,2246.39990234375,2010.110595703125,21
2009-04-15,2244.0,2244.0,2244.0,2244.0,2007.9632568359375,2
2009-04-16,2239.199951171875,2239.199951171875,2239.199951171875,2239.199951171875,2003.6678466796875,0
2009-04-17,2239.199951171875,2239.199951171875,2239.199951171875,2239.199951171875,2003.6678466796875,0
2009-04-20,2236.800048828125,2239.199951171875,2236.800048828125,2239.199951171875,2003.6678466796875,2
2009-04-21,2239.199951171875,2239.199951171875,2239.199951171875,2239.199951171875,2003.6678466796875,0
2009-04-22,2239.199951171875,2239.199951171875,2239.199951171875,2239.199951171875,2003.6678466796875,0
2009-04-23,2239.199951171875,2244.0,2239.199951171875,2244.0,2007.9632568359375,4
2009-04-24,2244.0,2244.0,2244.0,2244.0,2007.9632568359375,0
2009-04-27,2246.39990234375,2246.39990234375,2246.39990234375,2246.39990234375,2010.110595703125,40
2009-04-28,2246.39990234375,2246.39990234375,2246.39990234375,2246.39990234375,2010.110595703125,0
2009-04-29,2246.39990234375,2246.39990234375,2246.39990234375,2246.39990234375,2010.110595703125,0
2009-04-30,2246.39990234375,2246.39990234375,2246.39990234375,2246.39990234375,2010.110595703125,0
2009-05-01,2248.800048828125,2248.800048828125,2248.800048828125,2248.800048828125,2012.2581787109375,18
2009-05-04,2248.800048828125,2248.800048828125,2248.800048828125,2248.800048828125,2012.2581787109375,0
2009-05-05,2248.800048828125,2253.60009765625,2248.800048828125,2253.60009765625,2016.5533447265625,18
2009-05-06,2253.60009765625,2253.60009765625,2253.60009765625,2253.60009765625,2016.5533447265625,50
2009-05-07,2253.60009765625,2256.0,2251.199951171875,2253.60009765625,2016.5533447265625,98
2009-05-08,2256.0,2256.0,2253.60009765625,2253.60009765625,2016.5533447265625,5
2009-05-11,2253.60009765625,2256.0,2246.39990234375,2256.0,2018.700927734375,21
2009-05-12,2256.0,2258.39990234375,2256.0,2258.39990234375,2020.8485107421875,116
2009-05-13,2258.39990234375,2258.39990234375,2258.39990234375,2258.39990234375,2020.8485107421875,0
2009-05-14,2258.39990234375,2258.39990234375,2258.39990234375,2258.39990234375,2020.8485107421875,0
2009-05-15,2258.39990234375,2258.39990234375,2258.39990234375,2258.39990234375,2020.8485107421875,6
2009-05-18,2258.39990234375,2258.39990234375,2258.39990234375,2258.39990234375,2020.8485107421875,0
2009-05-19,2272.800048828125,2272.800048828125,2272.800048828125,2272.800048828125,2033.7337646484375,17
2009-05-20,2296.800048828125,2296.800048828125,2280.0,2280.0,2040.1763916015625,16
2009-05-21,2280.0,2280.0,2280.0,2280.0,2040.1763916015625,0
2009-05-22,2280.0,2280.0,2280.0,2280.0,2040.1763916015625,0
2009-05-26,2272.800048828125,2280.0,2272.800048828125,2280.0,2040.1763916015625,6
2009-05-27,2280.0,2280.0,2280.0,2280.0,2040.1763916015625,0
2009-05-28,2280.0,2280.0,2280.0,2280.0,2040.1763916015625,4
2009-05-29,2280.0,2280.0,2280.0,2280.0,2040.1763916015625,0
2009-06-01,2280.0,2280.0,2280.0,2280.0,2040.1763916015625,0
2009-06-02,2280.0,2280.0,2280.0,2280.0,2040.1763916015625,0
2009-06-03,2268.0,2268.0,2268.0,2268.0,2029.4388427734375,4
2009-06-04,2268.0,2268.0,2268.0,2268.0,2029.4388427734375,0
2009-06-05,2268.0,2268.0,2268.0,2268.0,2029.4388427734375,0
2009-06-08,2268.0,2268.0,2268.0,2268.0,2029.4388427734375,0
2009-06-09,2268.0,2268.0,2268.0,2268.0,2029.4388427734375,0
2009-06-10,2275.199951171875,2280.0,2275.199951171875,2280.0,2040.1763916015625,110
2009-06-11,2275.199951171875,2299.199951171875,2275.199951171875,2299.199951171875,2057.35693359375,1
2009-06-12,2299.199951171875,2299.199951171875,2299.199951171875,2299.199951171875,2057.35693359375,0
2009-06-15,2277.60009765625,2277.60009765625,2277.60009765625,2277.60009765625,2038.029052734375,0
2009-06-16,2268.0,2268.0,2260.800048828125,2260.800048828125,2022.99609375,3
2009-06-17,2260.800048828125,2260.800048828125,2260.800048828125,2260.800048828125,2022.99609375,0
2009-06-18,2260.800048828125,2260.800048828125,2260.800048828125,2260.800048828125,2022.99609375,0
2009-06-19,2260.800048828125,2260.800048828125,2260.800048828125,2260.800048828125,2022.99609375,0
2009-06-22,2260.800048828125,2260.800048828125,2260.800048828125,2260.800048828125,2022.99609375,0
2009-06-23,2272.800048828125,2272.800048828125,2272.800048828125,2272.800048828125,2033.7337646484375,833
2009-06-24,2282.39990234375,2292.0,2282.39990234375,2292.0,2050.914306640625,9
2009-06-25,2292.0,2292.0,2292.0,2292.0,2050.914306640625,0
2009-06-26,2292.0,2292.0,2292.0,2292.0,2050.914306640625,68
2009-06-29,2292.0,2292.0,2292.0,2292.0,2050.914306640625,0
2009-06-30,2292.0,2292.0,2292.0,2292.0,2050.914306640625,0
2009-07-01,2292.0,2292.0,2292.0,2292.0,2050.914306640625,0
2009-07-02,2292.0,2292.0,2292.0,2292.0,2050.914306640625,0
2009-07-06,2284.800048828125,2323.199951171875,2284.800048828125,2306.39990234375,2063.79931640625,12
2009-07-07,2289.60009765625,2289.60009765625,2289.60009765625,2289.60009765625,2048.766845703125,0
2009-07-08,2289.60009765625,2289.60009765625,2289.60009765625,2289.60009765625,2048.766845703125,0
2009-07-09,2316.0,2316.0,2316.0,2316.0,2072.389892578125,0
2009-07-10,2316.0,2316.0,2311.199951171875,2311.199951171875,2068.094482421875,1
2009-07-13,2311.199951171875,2311.199951171875,2311.199951171875,2311.199951171875,2068.094482421875,0
2009-07-14,2311.199951171875,2311.199951171875,2311.199951171875,2311.199951171875,2068.094482421875,0
2009-07-15,2311.199951171875,2311.199951171875,2311.199951171875,2311.199951171875,2068.094482421875,0
2009-07-16,2311.199951171875,2311.199951171875,2311.199951171875,2311.199951171875,2068.094482421875,0
2009-07-17,2299.199951171875,2316.0,2299.199951171875,2316.0,2072.389892578125,2
2009-07-20,2306.39990234375,2316.0,2306.39990234375,2316.0,2072.389892578125,16
2009-07-21,2308.800048828125,2313.60009765625,2301.60009765625,2304.0,2061.652099609375,427
2009-07-22,2301.60009765625,2301.60009765625,2301.60009765625,2301.60009765625,2059.504638671875,0
2009-07-23,2287.199951171875,2299.199951171875,2287.199951171875,2299.199951171875,2057.35693359375,3
2009-07-24,2299.199951171875,2299.199951171875,2299.199951171875,2299.199951171875,2057.35693359375,0
2009-07-27,2299.199951171875,2299.199951171875,2299.199951171875,2299.199951171875,2057.35693359375,0
2009-07-28,2296.800048828125,2299.199951171875,2294.39990234375,2299.199951171875,2057.35693359375,502
2009-07-29,2294.39990234375,2299.199951171875,2294.39990234375,2299.199951171875,2057.35693359375,36
2009-07-30,2299.199951171875,2299.199951171875,2299.199951171875,2299.199951171875,2057.35693359375,141
2009-07-31,2316.0,2316.0,2304.0,2304.0,2061.652099609375,1700
2009-08-03,2304.0,2304.0,2304.0,2304.0,2061.652099609375,306
2009-08-04,2304.0,2304.0,2304.0,2304.0,2061.652099609375,0
2009-08-05,2304.0,2304.0,2304.0,2304.0,2061.652099609375,20
2009-08-06,2296.800048828125,2304.0,2292.0,2304.0,2061.652099609375,5
2009-08-07,2308.800048828125,2320.800048828125,2308.800048828125,2316.0,2072.389892578125,140
2009-08-10,2306.39990234375,2316.0,2306.39990234375,2316.0,2072.389892578125,418
2009-08-11,2316.0,2340.0,2316.0,2323.199951171875,2078.832275390625,2848
2009-08-12,2323.199951171875,2323.199951171875,2323.199951171875,2323.199951171875,2078.832275390625,1
2009-08-13,2313.60009765625,2313.60009765625,2304.0,2304.0,2061.652099609375,33
2009-08-14,2304.0,2304.0,2304.0,2304.0,2061.652099609375,55
2009-08-17,2304.0,2304.0,2304.0,2304.0,2061.652099609375,0
2009-08-18,2308.800048828125,2308.800048828125,2306.39990234375,2306.39990234375,2063.79931640625,2
2009-08-19,2311.199951171875,2311.199951171875,2308.800048828125,2308.800048828125,2065.947021484375,6
2009-08-20,2313.60009765625,2313.60009765625,2313.60009765625,2313.60009765625,2070.2421875,0
2009-08-21,2316.0,2316.0,2311.199951171875,2311.199951171875,2068.094482421875,17
2009-08-24,2313.60009765625,2313.60009765625,2313.60009765625,2313.60009765625,2070.2421875,0
2009-08-25,2308.800048828125,2311.199951171875,2308.800048828125,2308.800048828125,2065.947021484375,6
2009-08-26,2304.0,2311.199951171875,2304.0,2311.199951171875,2068.094482421875,45
2009-08-27,2311.199951171875,2311.199951171875,2311.199951171875,2311.199951171875,2068.094482421875,0
2009-08-28,2316.0,2323.199951171875,2316.0,2320.800048828125,2076.684814453125,4
2009-08-31,2320.800048828125,2335.199951171875,2320.800048828125,2330.39990234375,2085.27490234375,13
2009-09-01,2316.0,2330.39990234375,2316.0,2330.39990234375,2085.27490234375,3
2009-09-02,2320.800048828125,2330.39990234375,2320.800048828125,2325.60009765625,2080.980224609375,3
2009-09-03,2340.0,2340.0,2316.0,2318.39990234375,2074.537109375,2
2009-09-04,2318.39990234375,2318.39990234375,2318.39990234375,2318.39990234375,2074.537109375,0
2009-09-08,2335.199951171875,2335.199951171875,2335.199951171875,2335.199951171875,2089.570068359375,0
2009-09-09,2323.199951171875,2330.39990234375,2323.199951171875,2328.0,2083.127197265625,1
2009-09-10,2330.39990234375,2330.39990234375,2316.0,2316.0,2072.389892578125,5
2009-09-11,2316.0,2316.0,2316.0,2316.0,2072.389892578125,0
2009-09-14,2323.199951171875,2330.39990234375,2316.0,2318.39990234375,2074.537109375,29
2009-09-15,2318.39990234375,2318.39990234375,2318.39990234375,2318.39990234375,2074.537109375,0
2009-09-16,2318.39990234375,2318.39990234375,2318.39990234375,2318.39990234375,2074.537109375,0
2009-09-17,2323.199951171875,2328.0,2323.199951171875,2328.0,2083.127197265625,9
2009-09-18,2328.0,2328.0,2328.0,2328.0,2083.127197265625,0
2009-09-21,2320.800048828125,2325.60009765625,2320.800048828125,2325.60009765625,2080.980224609375,2
2009-09-22,2320.800048828125,2323.199951171875,2320.800048828125,2323.199951171875,2078.832275390625,2
2009-09-23,2323.199951171875,2325.60009765625,2323.199951171875,2325.60009765625,2080.980224609375,213
2009-09-24,2318.39990234375,2320.800048828125,2318.39990234375,2318.39990234375,2074.537109375,182
2009-09-25,2318.39990234375,2318.39990234375,2318.39990234375,2318.39990234375,2074.537109375,0
2009-09-28,2328.0,2328.0,2323.199951171875,2323.199951171875,2078.832275390625,3
2009-09-29,2328.0,2328.0,2328.0,2328.0,2083.127197265625,0
2009-09-30,2328.0,2328.0,2328.0,2328.0,2083.127197265625,7
2009-10-01,2328.0,2328.0,2328.0,2328.0,2083.127197265625,0
2009-10-02,2332.800048828125,2332.800048828125,2332.800048828125,2332.800048828125,2087.422607421875,3
2009-10-05,2332.800048828125,2332.800048828125,2332.800048828125,2332.800048828125,2087.422607421875,0
2009-10-06,2318.39990234375,2318.39990234375,2308.800048828125,2308.800048828125,2065.947021484375,1
2009-10-07,2311.199951171875,2311.199951171875,2311.199951171875,2311.199951171875,2068.094482421875,1
2009-10-08,2320.800048828125,2325.60009765625,2313.60009765625,2323.199951171875,2078.832275390625,38
2009-10-09,2325.60009765625,2332.800048828125,2323.199951171875,2328.0,2083.127197265625,8
2009-10-12,2330.39990234375,2330.39990234375,2330.39990234375,2330.39990234375,2085.27490234375,1
2009-10-13,2330.39990234375,2332.800048828125,2330.39990234375,2330.39990234375,2085.27490234375,2
2009-10-14,2318.39990234375,2332.800048828125,2318.39990234375,2323.199951171875,2078.832275390625,6
2009-10-15,2325.60009765625,2325.60009765625,2325.60009765625,2325.60009765625,2080.980224609375,85
2009-10-16,2318.39990234375,2318.39990234375,2318.39990234375,2318.39990234375,2074.537109375,0
2009-10-19,2323.199951171875,2323.199951171875,2323.199951171875,2323.199951171875,2078.832275390625,1
2009-10-20,2328.0,2328.0,2328.0,2328.0,2083.127197265625,1
2009-10-21,2328.0,2337.60009765625,2328.0,2337.60009765625,2091.7177734375,85
2009-10-22,2330.39990234375,2337.60009765625,2328.0,2328.0,2083.127197265625,47
2009-10-23,2330.39990234375,2330.39990234375,2330.39990234375,2330.39990234375,2085.27490234375,1
2009-10-26,2330.39990234375,2332.800048828125,2330.39990234375,2332.800048828125,2087.422607421875,189
2009-10-27,2332.800048828125,2340.0,2330.39990234375,2330.39990234375,2085.27490234375,33
2009-10-28,2335.199951171875,2335.199951171875,2335.199951171875,2335.199951171875,2089.570068359375,0
2009-10-29,2335.199951171875,2342.39990234375,2316.0,2316.0,2072.389892578125,270
2009-10-30,2316.0,2318.39990234375,2316.0,2318.39990234375,2074.537109375,3
2009-11-02,2342.39990234375,2342.39990234375,2320.800048828125,2320.800048828125,2076.684814453125,4
2009-11-03,2299.199951171875,2340.0,2299.199951171875,2337.60009765625,2091.7177734375,65
2009-11-04,2344.800048828125,2344.800048828125,2323.199951171875,2337.60009765625,2091.7177734375,17
2009-11-05,2323.199951171875,2337.60009765625,2320.800048828125,2320.800048828125,2076.684814453125,2
2009-11-06,2335.199951171875,2335.199951171875,2335.199951171875,2335.199951171875,2089.570068359375,0
2009-11-09,2335.199951171875,2335.199951171875,2328.0,2328.0,2083.127197265625,4
2009-11-10,2328.0,2328.0,2328.0,2328.0,2083.127197265625,8
2009-11-11,2306.39990234375,2323.199951171875,2215.199951171875,2234.39990234375,1999.3729248046875,19
2009-11-12,2181.60009765625,2181.60009765625,2016.0,2114.39990234375,1891.9951171875,44
2009-11-13,2076.0,2328.0,2073.60009765625,2304.0,2061.652099609375,129
2009-11-16,2352.0,2352.0,2244.0,2256.0,2018.700927734375,155
2009-11-17,2400.0,2402.39990234375,2299.199951171875,2349.60009765625,2102.455810546875,7061
2009-11-18,2397.60009765625,2400.0,2340.0,2352.0,2104.602783203125,11852
2009-11-19,2349.60009765625,2383.199951171875,2340.0,2340.0,2093.865234375,94
2009-11-20,2352.0,2376.0,2340.0,2340.0,2093.865234375,589
2009-11-23,2340.0,2344.800048828125,2136.0,2138.39990234375,1913.470703125,823
2009-11-24,2128.800048828125,2148.0,2114.39990234375,2148.0,1922.0609130859375,60
2009-11-25,2140.800048828125,2376.0,2119.199951171875,2280.0,2040.1763916015625,206
2009-11-27,2160.0,2220.0,2138.39990234375,2176.800048828125,1947.831787109375,69
2009-11-30,2188.800048828125,2196.0,2136.0,2136.0,1911.3232421875,18
2009-12-01,2145.60009765625,2157.60009765625,2011.199951171875,2121.60009765625,1898.4378662109375,115
2009-12-02,2157.60009765625,2280.0,2152.800048828125,2184.0,1954.2742919921875,119
2009-12-03,2208.0,2388.0,2138.39990234375,2198.39990234375,1967.1595458984375,85
2009-12-04,2220.0,2280.0,2140.800048828125,2140.800048828125,1915.6182861328125,50
2009-12-07,2112.0,2181.60009765625,2068.800048828125,2152.800048828125,1926.356201171875,69
2009-12-08,2145.60009765625,2196.0,2143.199951171875,2148.0,1922.0609130859375,135
2009-12-09,2155.199951171875,2174.39990234375,2136.0,2174.39990234375,1945.6839599609375,24
2009-12-10,2181.60009765625,2208.0,2136.0,2172.0,1943.53662109375,23
2009-12-11,2205.60009765625,2205.60009765625,2155.199951171875,2174.39990234375,1945.6839599609375,29
2009-12-14,2150.39990234375,2150.39990234375,2121.60009765625,2121.60009765625,1898.4378662109375,28
2009-12-15,2157.60009765625,2157.60009765625,1857.5999755859375,1920.0,1718.043212890625,309
2009-12-16,1994.4000244140625,1994.4000244140625,1872.0,1908.0,1707.305419921875,37
2009-12-17,1896.0,1936.800048828125,1884.0,1884.0,1685.8299560546875,18
2009-12-18,1896.0,1896.0,1879.199951171875,1881.5999755859375,1683.6824951171875,19
2009-12-21,1874.4000244140625,1884.0,1860.0,1869.5999755859375,1672.9447021484375,139
2009-12-22,1867.199951171875,1872.0,1864.800048828125,1872.0,1675.0921630859375,3
2009-12-23,1862.4000244140625,1869.5999755859375,1848.0,1848.0,1653.61669921875,18
2009-12-24,1855.199951171875,1864.800048828125,1838.4000244140625,1848.0,1653.61669921875,33
2009-12-28,1864.800048828125,1864.800048828125,1800.0,1800.0,1610.6656494140625,30
2009-12-29,1776.0,1776.0,1776.0,1776.0,1589.1900634765625,4
2009-12-30,1776.0,1980.0,1776.0,1980.0,1771.73193359375,40
2009-12-31,2040.0,2040.0,1680.0,1992.0,1782.4697265625,47
2010-01-04,1953.5999755859375,1956.0,1944.0,1944.0,1739.518798828125,22
2010-01-05,1800.0,1920.0,1800.0,1920.0,1718.043212890625,6
2010-01-06,1728.0,1896.0,1728.0,1896.0,1696.5677490234375,1
2010-01-07,1896.0,1896.0,1896.0,1896.0,1696.5677490234375,0
2010-01-08,1682.4000244140625,1869.5999755859375,1682.4000244140625,1869.5999755859375,1672.9447021484375,4
2010-01-11,1800.0,1896.0,1800.0,1896.0,1696.5677490234375,23
2010-01-12,1860.0,1893.5999755859375,1860.0,1893.5999755859375,1694.4202880859375,2
2010-01-13,1848.0,1869.5999755859375,1848.0,1869.5999755859375,1672.9447021484375,1
2010-01-14,1800.0,1800.0,1728.0,1740.0,1556.9766845703125,79
2010-01-15,1728.0,1728.0,1680.0,1680.0,1503.2877197265625,2
2010-01-19,1740.0,1740.0,1680.0,1680.0,1503.2877197265625,42
2010-01-20,1716.0,1740.0,1701.5999755859375,1740.0,1556.9766845703125,20
2010-01-21,1740.0,1740.0,1740.0,1740.0,1556.9766845703125,0
2010-01-22,1740.0,1740.0,1740.0,1740.0,1556.9766845703125,0
2010-01-25,1740.0,1740.0,1740.0,1740.0,1556.9766845703125,8
2010-01-26,1680.0,1680.0,1680.0,1680.0,1503.2877197265625,8
2010-01-27,1680.0,1680.0,1680.0,1680.0,1503.2877197265625,0
2010-01-28,1680.0,1680.0,1680.0,1680.0,1503.2877197265625,0
2010-01-29,1680.0,1680.0,1680.0,1680.0,1503.2877197265625,0
2010-02-01,1680.0,1680.0,1680.0,1680.0,1503.2877197265625,0
2010-02-02,1656.0,1656.0,1656.0,1656.0,1481.8123779296875,2
2010-02-03,1740.0,1776.0,1740.0,1776.0,1589.1900634765625,4
2010-02-04,1776.0,1776.0,1776.0,1776.0,1589.1900634765625,0
2010-02-05,1776.0,1776.0,1776.0,1776.0,1589.1900634765625,0
2010-02-08,1504.800048828125,1728.0,1504.800048828125,1680.0,1503.2877197265625,6
2010-02-09,1680.0,1680.0,1680.0,1680.0,1503.2877197265625,0
2010-02-10,1680.0,1680.0,1680.0,1680.0,1503.2877197265625,0
2010-02-11,1680.0,1680.0,1680.0,1680.0,1503.2877197265625,0
2010-02-12,1680.0,1680.0,1680.0,1680.0,1503.2877197265625,0
2010-02-16,1504.800048828125,1653.5999755859375,1502.4000244140625,1653.5999755859375,1479.664794921875,5
2010-02-17,1680.0,1680.0,1440.0,1440.0,1288.532470703125,86
2010-02-18,1464.0,1497.5999755859375,1399.199951171875,1399.199951171875,1252.02392578125,63
2010-02-19,1440.0,1440.0,1308.0,1320.0,1181.15478515625,70
2010-02-22,1317.5999755859375,1320.0,1317.5999755859375,1320.0,1181.15478515625,5
2010-02-23,1502.4000244140625,1560.0,1440.0,1440.0,1288.532470703125,2
2010-02-24,1440.0,1440.0,1440.0,1440.0,1288.532470703125,0
2010-02-25,1440.0,1440.0,1440.0,1440.0,1288.532470703125,0
2010-02-26,1440.0,1440.0,1380.0,1440.0,1288.532470703125,2
2010-03-01,1320.0,1440.0,1320.0,1440.0,1288.532470703125,5
2010-03-02,1440.0,1680.0,1440.0,1677.5999755859375,1501.1402587890625,10
2010-03-03,1680.0,1680.0,1632.0,1632.0,1460.3367919921875,9
2010-03-04,1644.0,1656.0,1634.4000244140625,1648.800048828125,1475.3697509765625,108
2010-03-05,1656.0,1728.0,1632.0,1728.0,1546.2388916015625,103
2010-03-08,1682.4000244140625,1716.0,1680.0,1680.0,1503.2877197265625,215
2010-03-09,1680.0,1728.0,1680.0,1692.0,1514.0255126953125,318
2010-03-10,1692.0,1704.0,1680.0,1704.0,1524.7633056640625,111
2010-03-11,1704.0,1728.0,1696.800048828125,1728.0,1546.2388916015625,72
2010-03-12,1740.0,1968.0,1720.800048828125,1968.0,1760.994384765625,39
2010-03-15,1980.0,1992.0,1956.0,1956.0,1750.256591796875,70
2010-03-16,1980.0,1980.0,1956.0,1956.0,1750.256591796875,7
2010-03-17,1968.0,1968.0,1965.5999755859375,1965.5999755859375,1758.8468017578125,7
2010-03-18,1980.0,2275.199951171875,1968.0,2256.0,2018.700927734375,70
2010-03-19,1903.199951171875,2388.0,1903.199951171875,2208.0,1975.749755859375,57
2010-03-22,2208.0,2208.0,2208.0,2208.0,1975.749755859375,0
2010-03-23,2040.0,2136.0,2040.0,2136.0,1911.3232421875,20
2010-03-24,2160.0,2160.0,2136.0,2136.0,1911.3232421875,3
2010-03-25,2136.0,2160.0,2136.0,2136.0,1911.3232421875,6
2010-03-26,2078.39990234375,2136.0,2078.39990234375,2136.0,1911.3232421875,3
2010-03-29,2112.0,2184.0,2112.0,2160.0,1932.798828125,5
2010-03-30,2160.0,2160.0,2160.0,2160.0,1932.798828125,1
2010-03-31,2160.0,2160.0,2160.0,2160.0,1932.798828125,9
2010-04-01,2160.0,2160.0,2160.0,2160.0,1932.798828125,0
2010-04-05,2160.0,2160.0,2160.0,2160.0,1932.798828125,0
2010-04-06,2040.0,2100.0,2040.0,2100.0,1879.109619140625,5
2010-04-07,2100.0,2100.0,2040.0,2040.0,1825.421142578125,15
2010-04-08,2145.60009765625,2148.0,2040.0,2148.0,1922.0609130859375,22
2010-04-09,2160.0,2160.0,2160.0,2160.0,1932.798828125,47
2010-04-12,2196.0,2196.0,2160.0,2160.0,1932.798828125,8
2010-04-13,2160.0,2160.0,1932.0,1932.0,1728.781005859375,54
2010-04-14,1944.0,2124.0,1924.800048828125,2124.0,1900.585205078125,15
2010-04-15,2121.60009765625,2208.0,2121.60009765625,2160.0,1932.798828125,33
2010-04-16,2088.0,2160.0,2040.0,2040.0,1825.421142578125,8
2010-04-19,2148.0,2160.0,2148.0,2160.0,1932.798828125,2
2010-04-20,2160.0,2160.0,2160.0,2160.0,1932.798828125,0
2010-04-21,2042.4000244140625,2143.199951171875,2040.0,2136.0,1911.3232421875,3
2010-04-22,2040.0,2128.800048828125,2040.0,2128.800048828125,1904.880615234375,3
2010-04-23,2128.800048828125,2131.199951171875,2040.0,2131.199951171875,1907.0281982421875,7
2010-04-26,2040.0,2040.0,2040.0,2040.0,1825.421142578125,2
2010-04-27,2064.0,2131.199951171875,2040.0,2131.199951171875,1907.0281982421875,12
2010-04-28,2131.199951171875,2131.199951171875,2131.199951171875,2131.199951171875,1907.0281982421875,0
2010-04-29,2131.199951171875,2131.199951171875,2131.199951171875,2131.199951171875,1907.0281982421875,0
2010-04-30,2112.0,2160.0,2040.0,2160.0,1932.798828125,5
2010-05-03,2040.0,2160.0,2040.0,2040.0,1825.421142578125,5
2010-05-04,2160.0,2160.0,1872.0,1872.0,1675.0921630859375,33
2010-05-05,1867.199951171875,1920.0,1586.4000244140625,1920.0,1718.043212890625,30
2010-05-06,1704.0,1920.0,1680.0,1920.0,1718.043212890625,5
2010-05-07,1920.0,1920.0,1920.0,1920.0,1718.043212890625,0
2010-05-10,1848.0,1920.0,1848.0,1920.0,1718.043212890625,3
2010-05-11,1920.0,1920.0,1920.0,1920.0,1718.043212890625,0
2010-05-12,1920.0,1920.0,1920.0,1920.0,1718.043212890625,0
2010-05-13,1920.0,1920.0,1920.0,1920.0,1718.043212890625,0
2010-05-14,1752.0,1836.0,1752.0,1836.0,1642.87890625,6
2010-05-17,1836.0,1836.0,1836.0,1836.0,1642.87890625,0
2010-05-18,1800.0,1800.0,1800.0,1800.0,1610.6656494140625,0
2010-05-19,1740.0,1740.0,1680.0,1680.0,1503.2877197265625,4
2010-05-20,1488.0,1560.0,1488.0,1560.0,1395.9102783203125,4
2010-05-21,1560.0,1560.0,1560.0,1560.0,1395.9102783203125,2
2010-05-24,1560.0,1560.0,1560.0,1560.0,1395.9102783203125,0
2010-05-25,1500.0,1677.5999755859375,1428.0,1440.0,1288.532470703125,24
2010-05-26,1440.0,1440.0,1440.0,1440.0,1288.532470703125,0
2010-05-27,1440.0,1440.0,1440.0,1440.0,1288.532470703125,0
2010-05-28,1440.0,1440.0,1440.0,1440.0,1288.532470703125,0
2010-06-01,1680.0,1680.0,1478.4000244140625,1478.4000244140625,1322.893310546875,5
2010-06-02,1478.4000244140625,1478.4000244140625,1478.4000244140625,1478.4000244140625,1322.893310546875,0
2010-06-03,1560.0,1560.0,1560.0,1560.0,1395.9102783203125,1
2010-06-04,1560.0,1560.0,1483.199951171875,1483.199951171875,1327.1883544921875,2
2010-06-07,1483.199951171875,1483.199951171875,1483.199951171875,1483.199951171875,1327.1883544921875,0
2010-06-08,1483.199951171875,1483.199951171875,1483.199951171875,1483.199951171875,1327.1883544921875,0
2010-06-09,1483.199951171875,1560.0,1483.199951171875,1560.0,1395.9102783203125,9
2010-06-10,1560.0,1560.0,1488.0,1488.0,1331.4835205078125,3
2010-06-11,1488.0,1488.0,1488.0,1488.0,1331.4835205078125,6
2010-06-14,1526.4000244140625,1526.4000244140625,1524.0,1524.0,1363.6968994140625,8
2010-06-15,1524.0,1524.0,1524.0,1524.0,1363.6968994140625,0
2010-06-16,1524.0,1524.0,1524.0,1524.0,1363.6968994140625,0
2010-06-17,1524.0,1524.0,1524.0,1524.0,1363.6968994140625,0
2010-06-18,1536.0,1536.0,1488.0,1533.5999755859375,1372.286865234375,14
2010-06-21,1488.0,1488.0,1476.0,1488.0,1331.4835205078125,13
2010-06-22,1483.199951171875,1483.199951171875,1483.199951171875,1483.199951171875,1327.1883544921875,1
2010-06-23,1444.800048828125,1485.5999755859375,1444.800048828125,1461.5999755859375,1307.8603515625,11
2010-06-24,1519.199951171875,1519.199951171875,1519.199951171875,1519.199951171875,1359.4017333984375,3
2010-06-25,1519.199951171875,1519.199951171875,1519.199951171875,1519.199951171875,1359.4017333984375,0
2010-06-28,1519.199951171875,1519.199951171875,1519.199951171875,1519.199951171875,1359.4017333984375,0
2010-06-29,1442.4000244140625,1442.4000244140625,1418.4000244140625,1418.4000244140625,1269.20458984375,1
2010-06-30,1418.4000244140625,1418.4000244140625,1418.4000244140625,1418.4000244140625,1269.20458984375,0
2010-07-01,1418.4000244140625,1418.4000244140625,1418.4000244140625,1418.4000244140625,1269.20458984375,0
2010-07-02,1435.199951171875,1435.199951171875,1435.199951171875,1435.199951171875,1284.2374267578125,0
2010-07-06,1435.199951171875,1435.199951171875,1435.199951171875,1435.199951171875,1284.2374267578125,0
2010-07-07,1444.800048828125,1447.199951171875,1440.0,1447.199951171875,1294.97509765625,14
2010-07-08,1528.800048828125,1680.0,1524.0,1680.0,1503.2877197265625,5
2010-07-09,1576.800048828125,1576.800048828125,1576.800048828125,1576.800048828125,1410.9432373046875,2
2010-07-12,1576.800048828125,1576.800048828125,1576.800048828125,1576.800048828125,1410.9432373046875,0
2010-07-13,1430.4000244140625,1584.0,1430.4000244140625,1584.0,1417.3857421875,2
2010-07-14,1500.0,1500.0,1500.0,1500.0,1342.2213134765625,2
2010-07-15,1444.800048828125,1536.0,1440.0,1536.0,1374.4345703125,3
2010-07-16,1428.0,1428.0,1416.0,1416.0,1267.056884765625,1
2010-07-19,1416.0,1416.0,1416.0,1416.0,1267.056884765625,0
2010-07-20,1416.0,1416.0,1416.0,1416.0,1267.056884765625,0
2010-07-21,1524.0,1524.0,1524.0,1524.0,1363.6968994140625,1
2010-07-22,1588.800048828125,1668.0,1560.0,1560.0,1395.9102783203125,7
2010-07-23,1548.0,1560.0,1548.0,1560.0,1395.9102783203125,21
2010-07-26,1608.0,1680.0,1406.4000244140625,1406.4000244140625,1258.466796875,28
2010-07-27,1406.4000244140625,1406.4000244140625,1406.4000244140625,1406.4000244140625,1258.466796875,0
2010-07-28,1440.0,1500.0,1296.0,1358.4000244140625,1215.515625,110
2010-07-29,1320.0,1404.0,1320.0,1392.0,1245.581298828125,14
2010-07-30,1300.800048828125,1300.800048828125,1296.0,1298.4000244140625,1161.8267822265625,2
2010-08-02,1380.0,1389.5999755859375,1380.0,1389.5999755859375,1243.433837890625,3
2010-08-03,1298.4000244140625,1389.5999755859375,1298.4000244140625,1389.5999755859375,1243.433837890625,1
2010-08-04,1322.4000244140625,1389.5999755859375,1322.4000244140625,1389.5999755859375,1243.433837890625,6
2010-08-05,1344.0,1411.199951171875,1344.0,1392.0,1245.581298828125,19
2010-08-06,1392.0,1392.0,1392.0,1392.0,1245.581298828125,0
2010-08-09,1392.0,1392.0,1368.0,1392.0,1245.581298828125,15
2010-08-10,1392.0,1392.0,1392.0,1392.0,1245.581298828125,0
2010-08-11,1248.0,1392.0,1248.0,1392.0,1245.581298828125,3
2010-08-12,1380.0,1392.0,1380.0,1392.0,1245.581298828125,23
2010-08-13,1440.0,1632.0,1392.0,1632.0,1460.3367919921875,14
2010-08-16,2040.0,2040.0,1444.800048828125,1656.0,1481.8123779296875,5
2010-08-17,1656.0,1656.0,1656.0,1656.0,1481.8123779296875,0
2010-08-18,1644.0,1644.0,1514.4000244140625,1560.0,1395.9102783203125,16
2010-08-19,1632.0,1668.0,1632.0,1668.0,1492.550048828125,1
2010-08-20,1668.0,1680.0,1668.0,1680.0,1503.2877197265625,8
2010-08-23,1668.0,1668.0,1668.0,1668.0,1492.550048828125,0
2010-08-24,1440.0,1440.0,1440.0,1440.0,1288.532470703125,2
2010-08-25,1459.199951171875,1459.199951171875,1459.199951171875,1459.199951171875,1305.7127685546875,4
2010-08-26,1668.0,1668.0,1668.0,1668.0,1492.550048828125,2
2010-08-27,1560.0,1668.0,1476.0,1476.0,1320.74560546875,10
2010-08-30,1668.0,1668.0,1500.0,1560.0,1395.9102783203125,10
2010-08-31,1668.0,1682.4000244140625,1488.0,1668.0,1492.550048828125,50
2010-09-01,1920.0,1920.0,1536.0,1668.0,1492.550048828125,1
2010-09-02,1548.0,1560.0,1488.0,1560.0,1395.9102783203125,3
2010-09-03,1560.0,1560.0,1560.0,1560.0,1395.9102783203125,0
2010-09-07,1560.0,1560.0,1560.0,1560.0,1395.9102783203125,0
2010-09-08,1560.0,1560.0,1560.0,1560.0,1395.9102783203125,0
2010-09-09,1464.0,1464.0,1464.0,1464.0,1310.0079345703125,0
2010-09-10,1440.0,1466.4000244140625,1437.5999755859375,1440.0,1288.532470703125,18
2010-09-13,1440.0,1440.0,1440.0,1440.0,1288.532470703125,0
2010-09-14,1252.800048828125,1392.0,1252.800048828125,1392.0,1245.581298828125,3
2010-09-15,1392.0,1392.0,1392.0,1392.0,1245.581298828125,1
2010-09-16,1392.0,1392.0,1248.0,1308.0,1170.4169921875,10
2010-09-17,1308.0,1308.0,1308.0,1308.0,1170.4169921875,33
2010-09-20,1344.0,1344.0,1344.0,1344.0,1202.63037109375,3
2010-09-21,1320.0,1320.0,1296.0,1308.0,1170.4169921875,83
2010-09-22,1308.0,1308.0,1308.0,1308.0,1170.4169921875,25
2010-09-23,1272.0,1272.0,1212.0,1224.0,1095.252685546875,52
2010-09-24,1272.0,1272.0,1248.0,1248.0,1116.7281494140625,4
2010-09-27,1248.0,1248.0,1248.0,1248.0,1116.7281494140625,0
2010-09-28,1252.800048828125,1320.0,1252.800048828125,1260.0,1127.4659423828125,14
2010-09-29,1320.0,1320.0,1272.0,1272.0,1138.20361328125,3
2010-09-30,1296.0,1344.0,1272.0,1296.0,1159.67919921875,33
2010-10-01,1320.0,1392.0,1284.0,1308.0,1170.4169921875,3
2010-10-04,1320.0,1320.0,1320.0,1320.0,1181.15478515625,5
2010-10-05,1320.0,1320.0,1320.0,1320.0,1181.15478515625,0
2010-10-06,1380.0,1380.0,1332.0,1380.0,1234.843505859375,47
2010-10-07,1437.5999755859375,1437.5999755859375,1298.4000244140625,1428.0,1277.794677734375,7
2010-10-08,1322.4000244140625,1435.199951171875,1322.4000244140625,1428.0,1277.794677734375,4
2010-10-11,1332.0,1428.0,1332.0,1428.0,1277.794677734375,12
2010-10-12,1416.0,1416.0,1332.0,1344.0,1202.63037109375,66
2010-10-13,1344.0,1428.0,1344.0,1428.0,1277.794677734375,70
2010-10-14,1428.0,1507.199951171875,1416.0,1468.800048828125,1314.3031005859375,73
2010-10-15,1478.4000244140625,1620.0,1478.4000244140625,1620.0,1449.5989990234375,118
2010-10-18,1680.0,1735.199951171875,1656.0,1728.0,1546.2388916015625,100
2010-10-19,1680.0,1740.0,1668.0,1680.0,1503.2877197265625,102
2010-10-20,1658.4000244140625,1821.5999755859375,1656.0,1821.5999755859375,1629.9935302734375,35
2010-10-21,1869.5999755859375,1869.5999755859375,1800.0,1812.0,1621.4034423828125,34
2010-10-22,1740.0,1821.5999755859375,1740.0,1776.0,1589.1900634765625,26
2010-10-25,1744.800048828125,1800.0,1744.800048828125,1776.0,1589.1900634765625,3
2010-10-26,1776.0,1783.199951171875,1749.5999755859375,1749.5999755859375,1565.56689453125,80
2010-10-27,1754.4000244140625,1754.4000244140625,1740.0,1740.0,1556.9766845703125,39
2010-10-28,1752.0,1752.0,1716.0,1752.0,1567.7144775390625,23
2010-10-29,1720.800048828125,1752.0,1716.0,1752.0,1567.7144775390625,7
2010-11-01,1752.0,1752.0,1596.0,1716.0,1535.5010986328125,129
2010-11-02,1752.0,1848.0,1728.0,1824.0,1632.1412353515625,228
2010-11-03,1848.0,2145.60009765625,1848.0,2133.60009765625,1909.1756591796875,265
2010-11-04,2203.199951171875,2424.0,2092.800048828125,2376.0,2126.078369140625,445
2010-11-05,2256.0,2256.0,2128.800048828125,2172.0,1943.53662109375,290
2010-11-08,2220.0,2280.0,2040.0,2136.0,1911.3232421875,248
2010-11-09,2054.39990234375,2126.39990234375,2054.39990234375,2102.39990234375,1881.2572021484375,42
2010-11-10,2112.0,2148.0,1992.0,2143.199951171875,1917.765869140625,61
2010-11-11,2196.0,2280.0,2143.199951171875,2152.800048828125,1926.356201171875,220
2010-11-12,2090.39990234375,2090.39990234375,1994.4000244140625,2028.0,1814.683349609375,28
2010-11-15,2088.0,2124.0,2080.800048828125,2100.0,1879.109619140625,40
2010-11-16,1951.199951171875,2076.0,1951.199951171875,2047.199951171875,1831.86376953125,23
2010-11-17,2131.199951171875,2131.199951171875,1956.0,1980.0,1771.73193359375,112
2010-11-18,2112.0,2112.0,2004.0,2028.0,1814.683349609375,24
2010-11-19,1860.0,1898.4000244140625,1860.0,1862.4000244140625,1666.501953125,2234
2010-11-22,1893.5999755859375,1944.0,1860.0,1862.4000244140625,1666.501953125,2412
2010-11-23,1905.5999755859375,1905.5999755859375,1857.5999755859375,1857.5999755859375,1662.2069091796875,330
2010-11-24,1864.800048828125,1867.199951171875,1802.4000244140625,1833.5999755859375,1640.731201171875,175
2010-11-26,1860.0,1864.800048828125,1814.4000244140625,1840.800048828125,1647.174072265625,113
2010-11-29,1828.800048828125,1833.5999755859375,1764.0,1814.4000244140625,1623.551025390625,109
2010-11-30,1778.4000244140625,1819.199951171875,1706.4000244140625,1764.0,1578.4522705078125,179
2010-12-01,1821.5999755859375,1821.5999755859375,1756.800048828125,1780.800048828125,1593.4852294921875,73
2010-12-02,1800.0,1800.0,1742.4000244140625,1776.0,1589.1900634765625,220
2010-12-03,1778.4000244140625,1807.199951171875,1756.800048828125,1783.199951171875,1595.6326904296875,77
2010-12-06,1812.0,1828.800048828125,1766.4000244140625,1795.199951171875,1606.3704833984375,146
2010-12-07,1845.5999755859375,1845.5999755859375,1653.5999755859375,1761.5999755859375,1576.3045654296875,165
2010-12-08,1728.0,1761.5999755859375,1646.4000244140625,1735.199951171875,1552.681640625,76
2010-12-09,1704.0,1756.800048828125,1704.0,1728.0,1546.2388916015625,29
2010-12-10,1728.0,1766.4000244140625,1660.800048828125,1737.5999755859375,1554.8291015625,42
2010-12-13,1752.0,1766.4000244140625,1704.0,1742.4000244140625,1559.124267578125,162
2010-12-14,1752.0,1761.5999755859375,1713.5999755859375,1718.4000244140625,1537.6488037109375,126
2010-12-15,1752.0,1752.0,1718.4000244140625,1735.199951171875,1552.681640625,8
2010-12-16,1749.5999755859375,1749.5999755859375,1723.199951171875,1725.5999755859375,1544.09130859375,26
2010-12-17,1797.5999755859375,1831.199951171875,1728.0,1826.4000244140625,1634.2886962890625,132
2010-12-20,1838.4000244140625,1862.4000244140625,1788.0,1788.0,1599.9278564453125,200
2010-12-21,1824.0,1824.0,1740.0,1764.0,1578.4522705078125,94
2010-12-22,1776.0,1776.0,1730.4000244140625,1742.4000244140625,1559.124267578125,31
2010-12-23,1792.800048828125,1840.800048828125,1764.0,1783.199951171875,1595.6326904296875,40
2010-12-27,1821.5999755859375,1824.0,1768.800048828125,1788.0,1599.9278564453125,23
2010-12-28,1790.4000244140625,1872.0,1790.4000244140625,1848.0,1653.61669921875,89
2010-12-29,1848.0,1869.5999755859375,1788.0,1848.0,1653.61669921875,96
2010-12-30,1872.0,1872.0,1802.4000244140625,1872.0,1675.0921630859375,211
2010-12-31,1872.0,1898.4000244140625,1831.199951171875,1879.199951171875,1681.5347900390625,117
2011-01-03,1896.0,2032.800048828125,1896.0,1936.800048828125,1733.076171875,142
2011-01-04,1951.199951171875,1968.0,1884.0,1941.5999755859375,1737.3712158203125,58
2011-01-05,1968.0,2028.0,1956.0,2016.0,1803.9454345703125,89
2011-01-06,2032.800048828125,2032.800048828125,1992.0,2011.199951171875,1799.650390625,114
2011-01-07,2032.800048828125,2032.800048828125,1992.0,2011.199951171875,1799.650390625,35
2011-01-10,2032.800048828125,2035.199951171875,1989.5999755859375,1992.0,1782.4697265625,55
2011-01-11,2016.0,2016.0,1884.0,1920.0,1718.043212890625,182
2011-01-12,1946.4000244140625,2006.4000244140625,1939.199951171875,1977.5999755859375,1769.58447265625,187
2011-01-13,1980.0,1980.0,1958.4000244140625,1963.199951171875,1756.69921875,47
2011-01-14,1984.800048828125,1984.800048828125,1910.4000244140625,1910.4000244140625,1709.453125,70
2011-01-18,1968.0,1968.0,1879.199951171875,1886.4000244140625,1687.9775390625,96
2011-01-19,1908.0,1908.0,1852.800048828125,1884.0,1685.8299560546875,169
2011-01-20,1850.4000244140625,1860.0,1749.5999755859375,1819.199951171875,1627.8460693359375,128
2011-01-21,1824.0,1840.800048828125,1783.199951171875,1807.199951171875,1617.1082763671875,113
2011-01-24,1807.199951171875,1848.0,1807.199951171875,1812.0,1621.4034423828125,13
2011-01-25,1807.199951171875,1809.5999755859375,1768.800048828125,1795.199951171875,1606.3704833984375,29
2011-01-26,1800.0,1800.0,1761.5999755859375,1790.4000244140625,1602.075439453125,35
2011-01-27,1800.0,1848.0,1792.800048828125,1836.0,1642.87890625,269
2011-01-28,1826.4000244140625,1900.800048828125,1826.4000244140625,1898.4000244140625,1698.71533203125,96
2011-01-31,1852.800048828125,1884.0,1824.0,1836.0,1642.87890625,57
2011-02-01,1824.0,1884.0,1816.800048828125,1824.0,1632.1412353515625,133
2011-02-02,1824.0,1845.5999755859375,1816.800048828125,1843.199951171875,1649.321533203125,119
2011-02-03,1848.0,1848.0,1788.0,1831.199951171875,1638.583740234375,236
2011-02-04,1797.5999755859375,1807.199951171875,1788.0,1802.4000244140625,1612.813232421875,45
2011-02-07,1802.4000244140625,1816.800048828125,1790.4000244140625,1814.4000244140625,1623.551025390625,248
2011-02-08,1814.4000244140625,1819.199951171875,1804.800048828125,1819.199951171875,1627.8460693359375,93
2011-02-09,1804.800048828125,1812.0,1802.4000244140625,1812.0,1621.4034423828125,123
2011-02-10,1795.199951171875,1812.0,1773.5999755859375,1809.5999755859375,1619.2557373046875,171
2011-02-11,1812.0,1812.0,1764.0,1785.5999755859375,1597.7802734375,90
2011-02-14,1785.5999755859375,1804.800048828125,1785.5999755859375,1792.800048828125,1604.222900390625,52
2011-02-15,1790.4000244140625,1790.4000244140625,1744.800048828125,1752.0,1567.7144775390625,130
2011-02-16,1771.199951171875,1771.199951171875,1737.5999755859375,1752.0,1567.7144775390625,32
2011-02-17,1771.199951171875,1771.199951171875,1718.4000244140625,1728.0,1546.2388916015625,41
2011-02-18,1783.199951171875,1783.199951171875,1713.5999755859375,1742.4000244140625,1559.124267578125,44
2011-02-22,1747.199951171875,1747.199951171875,1711.199951171875,1711.199951171875,1531.2060546875,30
2011-02-23,1708.800048828125,1728.0,1608.0,1706.4000244140625,1526.9110107421875,307
2011-02-24,1708.800048828125,1708.800048828125,1665.5999755859375,1665.5999755859375,1490.402587890625,16
2011-02-25,1680.0,1708.800048828125,1663.199951171875,1708.800048828125,1529.0584716796875,170
2011-02-28,1708.800048828125,1790.4000244140625,1708.800048828125,1749.5999755859375,1565.56689453125,276
2011-03-01,1783.199951171875,1790.4000244140625,1682.4000244140625,1692.0,1514.0255126953125,146
2011-03-02,1692.0,1701.5999755859375,1653.5999755859375,1668.0,1492.550048828125,31
2011-03-03,1660.800048828125,1728.0,1596.0,1639.199951171875,1466.7794189453125,106
2011-03-04,1694.4000244140625,1699.199951171875,1632.0,1644.0,1471.0745849609375,79
2011-03-07,1680.0,1713.5999755859375,1632.0,1639.199951171875,1466.7794189453125,78
2011-03-08,1656.0,1692.0,1632.0,1656.0,1481.8123779296875,46
2011-03-09,1708.800048828125,1708.800048828125,1593.5999755859375,1663.199951171875,1488.2548828125,510
2011-03-10,1699.199951171875,1699.199951171875,1591.199951171875,1622.4000244140625,1451.74658203125,314
2011-03-11,1596.0,1605.5999755859375,1514.4000244140625,1524.0,1363.6968994140625,332
2011-03-14,1572.0,1641.5999755859375,1543.199951171875,1600.800048828125,1432.4185791015625,682
2011-03-15,1524.0,1560.0,1411.199951171875,1548.0,1385.1724853515625,340
2011-03-16,1536.0,1598.4000244140625,1533.5999755859375,1596.0,1428.12353515625,199
2011-03-17,1584.0,1596.0,1540.800048828125,1540.800048828125,1378.7298583984375,58
2011-03-18,1593.5999755859375,1593.5999755859375,1514.4000244140625,1588.800048828125,1421.680908203125,164
2011-03-21,1598.4000244140625,1598.4000244140625,1548.0,1567.199951171875,1402.352783203125,288
2011-03-22,1516.800048828125,1562.4000244140625,1435.199951171875,1504.800048828125,1346.516357421875,768
2011-03-23,1454.4000244140625,1495.199951171875,1324.800048828125,1444.800048828125,1292.82763671875,333
2011-03-24,1459.199951171875,1459.199951171875,1372.800048828125,1401.5999755859375,1254.171630859375,210
2011-03-25,1423.199951171875,1464.0,1404.0,1440.0,1288.532470703125,340
2011-03-28,1425.5999755859375,1425.5999755859375,1332.0,1396.800048828125,1249.87646484375,685
2011-03-29,1404.0,1473.5999755859375,1360.800048828125,1473.5999755859375,1318.59814453125,367
2011-03-30,1416.0,1500.0,1413.5999755859375,1500.0,1342.2213134765625,301
2011-03-31,1500.0,1500.0,1464.0,1480.800048828125,1325.0408935546875,187
2011-04-01,1488.0,1488.0,1423.199951171875,1449.5999755859375,1297.1226806640625,84
2011-04-04,1432.800048828125,1459.199951171875,1312.800048828125,1346.4000244140625,1204.77783203125,847
2011-04-05,1363.199951171875,1377.5999755859375,1308.0,1356.0,1213.3681640625,329
2011-04-06,1360.800048828125,1360.800048828125,1298.4000244140625,1303.199951171875,1166.1219482421875,264
2011-04-07,1312.800048828125,1312.800048828125,1238.4000244140625,1255.199951171875,1123.170654296875,289
2011-04-08,1248.0,1279.199951171875,1236.0,1248.0,1116.7281494140625,185
2011-04-11,1260.0,1260.0,1130.4000244140625,1168.800048828125,1045.85888671875,784
2011-04-12,1168.800048828125,1168.800048828125,998.4000244140625,1051.199951171875,940.6286010742188,1613
2011-04-13,1051.199951171875,1118.4000244140625,950.4000244140625,1056.0,944.9237670898438,973
2011-04-14,1051.199951171875,1106.4000244140625,1051.199951171875,1092.0,977.1371459960938,417
2011-04-15,1080.0,1140.0,1068.0,1132.800048828125,1013.6456298828125,402
2011-04-18,1137.5999755859375,1176.0,1128.0,1164.0,1041.5635986328125,253
2011-04-19,1200.0,1339.199951171875,1200.0,1296.0,1159.67919921875,366
2011-04-20,1399.199951171875,1399.199951171875,1312.800048828125,1389.5999755859375,1243.433837890625,610
2011-04-21,1404.0,1404.0,1288.800048828125,1320.0,1181.15478515625,668
2011-04-25,1329.5999755859375,1336.800048828125,1195.199951171875,1272.0,1138.20361328125,427
2011-04-26,1264.800048828125,1284.0,1197.5999755859375,1238.4000244140625,1108.1378173828125,214
2011-04-27,1255.199951171875,1382.4000244140625,1176.0,1300.800048828125,1163.974365234375,368
2011-04-28,1312.800048828125,1324.800048828125,1296.0,1322.4000244140625,1183.30224609375,181
2011-04-29,1358.4000244140625,1358.4000244140625,1303.199951171875,1320.0,1181.15478515625,42
2011-05-02,1320.0,1320.0,1284.0,1308.0,1170.4169921875,90
2011-05-03,1308.0,1308.0,1248.0,1279.199951171875,1144.646240234375,75
2011-05-04,1250.4000244140625,1250.4000244140625,1209.5999755859375,1233.5999755859375,1103.8426513671875,129
2011-05-05,1228.800048828125,1284.0,1226.4000244140625,1248.0,1116.7281494140625,75
2011-05-06,1358.4000244140625,1358.4000244140625,1248.0,1257.5999755859375,1125.3182373046875,138
2011-05-09,1322.4000244140625,1322.4000244140625,1207.199951171875,1224.0,1095.252685546875,261
2011-05-10,1207.199951171875,1243.199951171875,1200.0,1228.800048828125,1099.5477294921875,104
2011-05-11,1243.199951171875,1248.0,1161.5999755859375,1185.5999755859375,1060.8917236328125,1065
2011-05-12,1197.5999755859375,1197.5999755859375,1125.5999755859375,1140.0,1020.0881958007812,373
2011-05-13,1144.800048828125,1195.199951171875,1130.4000244140625,1140.0,1020.0881958007812,764
2011-05-16,1173.5999755859375,1173.5999755859375,1140.0,1142.4000244140625,1022.2357788085938,638
2011-05-17,1152.0,1228.800048828125,1149.5999755859375,1188.0,1063.0391845703125,218
2011-05-18,1152.0,1224.0,1140.0,1200.0,1073.7769775390625,210
2011-05-19,1188.0,1238.4000244140625,1176.0,1236.0,1105.9903564453125,255
2011-05-20,1240.800048828125,1240.800048828125,1202.4000244140625,1228.800048828125,1099.5477294921875,138
2011-05-23,1238.4000244140625,1243.199951171875,1190.4000244140625,1204.800048828125,1078.0721435546875,147
2011-05-24,1238.4000244140625,1240.800048828125,1192.800048828125,1209.5999755859375,1082.3671875,179
2011-05-25,1204.800048828125,1216.800048828125,1183.199951171875,1188.0,1063.0391845703125,247
2011-05-26,1188.0,1188.0,1144.800048828125,1152.0,1030.8260498046875,150
2011-05-27,1142.4000244140625,1176.0,1140.0,1154.4000244140625,1032.9735107421875,163
2011-05-31,1180.800048828125,1190.4000244140625,1164.0,1188.0,1063.0391845703125,269
2011-06-01,1200.0,1200.0,1147.199951171875,1147.199951171875,1026.53076171875,65
2011-06-02,1161.5999755859375,1161.5999755859375,1092.0,1099.199951171875,983.5797729492188,111
2011-06-03,1096.800048828125,1132.800048828125,1082.4000244140625,1092.0,977.1371459960938,205
2011-06-06,1080.0,1087.199951171875,1020.0,1058.4000244140625,947.0712890625,91
2011-06-07,1039.199951171875,1051.199951171875,996.0,1012.7999877929688,906.267822265625,270
2011-06-08,1015.2000122070312,1068.0,996.0,1041.5999755859375,932.0383911132812,131
2011-06-09,1041.5999755859375,1080.0,991.2000122070312,1020.0,912.7105712890625,355
2011-06-10,1000.7999877929688,1008.0,972.0,984.0,880.4971923828125,68
2011-06-13,1032.0,1032.0,924.0,969.5999755859375,867.61181640625,64
2011-06-14,984.0,1032.0,948.0,960.0,859.0216064453125,193
2011-06-15,969.5999755859375,991.2000122070312,969.5999755859375,986.4000244140625,882.644775390625,11
2011-06-16,976.7999877929688,1087.199951171875,924.0,938.4000244140625,839.6937255859375,73
2011-06-17,924.0,1000.7999877929688,912.0,948.0,848.2838745117188,181
2011-06-20,952.7999877929688,964.7999877929688,919.2000122070312,938.4000244140625,839.6937255859375,33
2011-06-21,926.4000244140625,948.0,926.4000244140625,945.5999755859375,846.1362915039062,31
2011-06-22,967.2000122070312,1000.7999877929688,936.0,948.0,848.2838745117188,189
2011-06-23,948.0,998.4000244140625,948.0,998.4000244140625,893.3824462890625,65
2011-06-24,998.4000244140625,1010.4000244140625,974.4000244140625,1010.4000244140625,904.1203002929688,108
2011-06-27,1022.4000244140625,1104.0,1012.7999877929688,1089.5999755859375,974.9896240234375,189
2011-06-28,1104.0,1111.199951171875,1044.0,1056.0,944.9237670898438,51
2011-06-29,1056.0,1084.800048828125,1056.0,1056.0,944.9237670898438,44
2011-06-30,1056.0,1080.0,1056.0,1077.5999755859375,964.2518310546875,50
2011-07-01,1082.4000244140625,1111.199951171875,1075.199951171875,1099.199951171875,983.5797729492188,83
2011-07-05,1149.5999755859375,1156.800048828125,1135.199951171875,1156.800048828125,1035.12109375,66
2011-07-06,1135.199951171875,1209.5999755859375,1130.4000244140625,1202.4000244140625,1075.9246826171875,195
2011-07-07,1221.5999755859375,1308.0,1221.5999755859375,1233.5999755859375,1103.8426513671875,117
2011-07-08,1238.4000244140625,1269.5999755859375,1231.199951171875,1236.0,1105.9903564453125,103
2011-07-11,1250.4000244140625,1250.4000244140625,1176.0,1204.800048828125,1078.0721435546875,65
2011-07-12,1248.0,1248.0,1159.199951171875,1204.800048828125,1078.0721435546875,24
2011-07-13,1202.4000244140625,1224.0,1176.0,1190.4000244140625,1065.1868896484375,30
2011-07-14,1178.4000244140625,1252.800048828125,1178.4000244140625,1212.0,1084.514892578125,162
2011-07-15,1221.5999755859375,1221.5999755859375,1188.0,1200.0,1073.7769775390625,88
2011-07-18,1207.199951171875,1207.199951171875,1190.4000244140625,1200.0,1073.7769775390625,15
2011-07-19,1200.0,1224.0,1152.0,1221.5999755859375,1093.10498046875,292
2011-07-20,1209.5999755859375,1209.5999755859375,1156.800048828125,1188.0,1063.0391845703125,299
2011-07-21,1221.5999755859375,1231.199951171875,1207.199951171875,1214.4000244140625,1086.6624755859375,604
2011-07-22,1233.5999755859375,1233.5999755859375,1195.199951171875,1233.5999755859375,1103.8426513671875,177
2011-07-25,1245.5999755859375,1284.0,1200.0,1216.800048828125,1088.8099365234375,118
2011-07-26,1257.5999755859375,1257.5999755859375,1200.0,1231.199951171875,1101.6951904296875,111
2011-07-27,1209.5999755859375,1209.5999755859375,1176.0,1183.199951171875,1058.744140625,88
2011-07-28,1190.4000244140625,1219.199951171875,1164.0,1183.199951171875,1058.744140625,32
2011-07-29,1188.0,1197.5999755859375,1154.4000244140625,1164.0,1041.5635986328125,26
2011-08-01,1180.800048828125,1195.199951171875,1072.800048828125,1116.0,998.6126708984375,242
2011-08-02,1087.199951171875,1137.5999755859375,1077.5999755859375,1089.5999755859375,974.9896240234375,132
2011-08-03,1065.5999755859375,1084.800048828125,988.7999877929688,1048.800048828125,938.4811401367188,209
2011-08-04,1036.800048828125,1048.800048828125,1008.0,1034.4000244140625,925.5958251953125,143
2011-08-05,1072.800048828125,1072.800048828125,960.0,1003.2000122070312,897.6776123046875,83
2011-08-08,926.4000244140625,993.5999755859375,880.7999877929688,926.4000244140625,828.9559326171875,243
2011-08-09,960.0,1080.0,921.5999755859375,1010.4000244140625,904.1203002929688,142
2011-08-10,1046.4000244140625,1046.4000244140625,948.0,972.0,869.7593994140625,219
2011-08-11,1142.4000244140625,1142.4000244140625,919.2000122070312,1017.5999755859375,910.56298828125,379
2011-08-12,1032.0,1072.800048828125,964.7999877929688,979.2000122070312,876.2020874023438,42
2011-08-15,1017.5999755859375,1017.5999755859375,974.4000244140625,1012.7999877929688,906.267822265625,52
2011-08-16,1003.2000122070312,1015.2000122070312,962.4000244140625,991.2000122070312,886.9398193359375,48
2011-08-17,986.4000244140625,1003.2000122070312,955.2000122070312,967.2000122070312,865.4642944335938,30
2011-08-18,960.0,960.0,916.7999877929688,928.7999877929688,831.1034545898438,225
2011-08-19,892.7999877929688,921.5999755859375,888.0,902.4000244140625,807.4804077148438,135
2011-08-22,921.5999755859375,952.7999877929688,904.7999877929688,924.0,826.808349609375,80
2011-08-23,938.4000244140625,960.0,924.0,952.7999877929688,852.5789794921875,7
2011-08-24,926.4000244140625,955.2000122070312,924.0,950.4000244140625,850.431396484375,460
2011-08-25,957.5999755859375,957.5999755859375,909.5999755859375,912.0,816.0706176757812,66
2011-08-26,897.5999755859375,907.2000122070312,876.0,888.0,794.5950317382812,23
2011-08-29,890.4000244140625,892.7999877929688,883.2000122070312,888.0,794.5950317382812,38
2011-08-30,876.0,912.0,873.5999755859375,909.5999755859375,813.9230346679688,65
2011-08-31,907.2000122070312,909.5999755859375,888.0,895.2000122070312,801.0377197265625,27
2011-09-01,909.5999755859375,909.5999755859375,895.2000122070312,895.2000122070312,801.0377197265625,108
2011-09-02,888.0,888.0,861.5999755859375,880.7999877929688,788.1522827148438,202
2011-09-06,880.7999877929688,880.7999877929688,864.0,876.0,783.8572387695312,24
2011-09-07,876.0,885.5999755859375,861.5999755859375,871.2000122070312,779.5621337890625,57
2011-09-08,866.4000244140625,876.0,864.0,873.5999755859375,781.709716796875,43
2011-09-09,859.2000122070312,876.0,859.2000122070312,876.0,783.8572387695312,6
2011-09-12,864.0,864.0,852.0,852.0,762.3816528320312,103
2011-09-13,864.0,864.0,840.0,856.7999877929688,766.6767578125,24
2011-09-14,864.0,876.0,864.0,864.0,773.1194458007812,8
2011-09-15,864.0,864.0,820.7999877929688,852.0,762.3816528320312,35
2011-09-16,864.0,864.0,816.0,820.7999877929688,734.4635009765625,105
2011-09-19,823.2000122070312,823.2000122070312,751.2000122070312,756.0,676.4795532226562,419
2011-09-20,753.5999755859375,772.7999877929688,681.5999755859375,732.0,655.0039672851562,568
2011-09-21,732.0,756.0,693.5999755859375,705.5999755859375,631.380859375,277
2011-09-22,660.0,693.5999755859375,652.7999877929688,669.5999755859375,599.1676025390625,493
2011-09-23,672.0,684.0,640.7999877929688,648.0,579.839599609375,60
2011-09-26,636.0,638.4000244140625,588.0,604.7999877929688,541.18359375,386
2011-09-27,616.7999877929688,720.0,604.7999877929688,681.5999755859375,609.9053344726562,585
2011-09-28,672.0,756.0,614.4000244140625,638.4000244140625,571.2494506835938,633
2011-09-29,648.0,669.5999755859375,636.0,662.4000244140625,592.7249755859375,298
2011-09-30,667.2000122070312,679.2000122070312,645.5999755859375,667.2000122070312,597.02001953125,47
2011-10-03,696.0,708.0,648.0,669.5999755859375,599.1676025390625,116
2011-10-04,660.0,660.0,600.0,626.4000244140625,560.5115966796875,161
2011-10-05,660.0,691.2000122070312,631.2000122070312,648.0,579.839599609375,35
2011-10-06,652.7999877929688,657.5999755859375,612.0,612.0,547.6263427734375,43
2011-10-07,640.7999877929688,645.5999755859375,621.5999755859375,636.0,569.101806640625,49
2011-10-10,643.2000122070312,686.4000244140625,640.7999877929688,655.2000122070312,586.2822875976562,86
2011-10-11,672.0,688.7999877929688,597.5999755859375,643.2000122070312,575.5444946289062,90
2011-10-12,681.5999755859375,681.5999755859375,604.7999877929688,619.2000122070312,554.0689086914062,265
2011-10-13,624.0,628.7999877929688,614.4000244140625,621.5999755859375,556.2164916992188,141
2011-10-14,655.2000122070312,720.0,621.5999755859375,624.0,558.3640747070312,312
2011-10-17,621.5999755859375,648.0,604.7999877929688,636.0,569.101806640625,106
2011-10-18,636.0,636.0,600.0,619.2000122070312,554.0689086914062,112
2011-10-19,607.2000122070312,676.7999877929688,607.2000122070312,674.4000244140625,603.4627685546875,234
2011-10-20,703.2000122070312,703.2000122070312,669.5999755859375,688.7999877929688,616.3480224609375,116
2011-10-21,703.2000122070312,720.0,684.0,720.0,644.2662353515625,299
2011-10-24,720.0,801.5999755859375,720.0,748.7999877929688,670.036865234375,135
2011-10-25,758.4000244140625,758.4000244140625,720.0,739.2000122070312,661.4466552734375,75
2011-10-26,722.4000244140625,724.7999877929688,700.7999877929688,715.2000122070312,639.9711303710938,75
2011-10-27,739.2000122070312,741.5999755859375,700.7999877929688,732.0,655.0039672851562,146
2011-10-28,708.0,727.2000122070312,672.0,700.7999877929688,627.0858154296875,109
2011-10-31,715.2000122070312,739.2000122070312,705.5999755859375,724.7999877929688,648.5613403320312,94
2011-11-01,722.4000244140625,741.5999755859375,693.5999755859375,698.4000244140625,624.938232421875,65
2011-11-02,686.4000244140625,724.7999877929688,674.4000244140625,676.7999877929688,605.6102905273438,292
2011-11-03,686.4000244140625,696.0,672.0,691.2000122070312,618.49560546875,325
2011-11-04,679.2000122070312,696.0,679.2000122070312,691.2000122070312,618.49560546875,44
2011-11-07,684.0,684.0,657.5999755859375,672.0,601.315185546875,315
2011-11-08,684.0,736.7999877929688,667.2000122070312,732.0,655.0039672851562,955
2011-11-09,736.7999877929688,736.7999877929688,684.0,703.2000122070312,629.2333984375,613
2011-11-10,708.0,720.0,696.0,708.0,633.5284423828125,98
2011-11-11,708.0,729.5999755859375,698.4000244140625,698.4000244140625,624.938232421875,388
2011-11-14,684.0,717.5999755859375,672.0,691.2000122070312,618.49560546875,222
2011-11-15,691.2000122070312,691.2000122070312,660.0,686.4000244140625,614.2005615234375,224
2011-11-16,667.2000122070312,681.5999755859375,631.2000122070312,672.0,601.315185546875,312
2011-11-17,691.2000122070312,691.2000122070312,643.2000122070312,688.7999877929688,616.3480224609375,51
2011-11-18,674.4000244140625,693.5999755859375,636.0,693.5999755859375,620.64306640625,240
2011-11-21,672.0,688.7999877929688,633.5999755859375,669.5999755859375,599.1676025390625,206
2011-11-22,648.0,660.0,636.0,648.0,579.839599609375,96
2011-11-23,648.0,648.0,648.0,648.0,579.839599609375,9
2011-11-25,636.0,674.4000244140625,636.0,648.0,579.839599609375,21
2011-11-28,674.4000244140625,674.4000244140625,638.4000244140625,638.4000244140625,571.2494506835938,52
2011-11-29,645.5999755859375,652.7999877929688,626.4000244140625,626.4000244140625,560.5115966796875,40
2011-11-30,636.0,662.4000244140625,636.0,660.0,590.577392578125,49
2011-12-01,650.4000244140625,669.5999755859375,636.0,669.5999755859375,599.1676025390625,45
2011-12-02,669.5999755859375,676.7999877929688,660.0,660.0,590.577392578125,55
2011-12-05,672.0,674.4000244140625,660.0,660.0,590.577392578125,18
2011-12-06,674.4000244140625,674.4000244140625,628.7999877929688,657.5999755859375,588.4298095703125,28
2011-12-07,636.0,655.2000122070312,636.0,652.7999877929688,584.1347045898438,45
2011-12-08,636.0,667.2000122070312,636.0,664.7999877929688,594.8724975585938,71
2011-12-09,664.7999877929688,664.7999877929688,650.4000244140625,657.5999755859375,588.4298095703125,28
2011-12-12,664.7999877929688,667.2000122070312,640.7999877929688,640.7999877929688,573.3969116210938,14
2011-12-13,643.2000122070312,662.4000244140625,640.7999877929688,640.7999877929688,573.3969116210938,31
2011-12-14,640.7999877929688,640.7999877929688,624.0,624.0,558.3640747070312,65
2011-12-15,648.0,648.0,624.0,624.0,558.3640747070312,104
2011-12-16,633.5999755859375,657.5999755859375,633.5999755859375,640.7999877929688,573.3969116210938,61
2011-12-19,636.0,645.5999755859375,624.0,626.4000244140625,560.5115966796875,78
2011-12-20,628.7999877929688,643.2000122070312,624.0,636.0,569.101806640625,32
2011-12-21,638.4000244140625,660.0,638.4000244140625,640.7999877929688,573.3969116210938,49
2011-12-22,638.4000244140625,676.7999877929688,638.4000244140625,667.2000122070312,597.02001953125,59
2011-12-23,657.5999755859375,684.0,657.5999755859375,667.2000122070312,597.02001953125,98
2011-12-27,679.2000122070312,681.5999755859375,660.0,672.0,601.315185546875,166
2011-12-28,674.4000244140625,676.7999877929688,660.0,674.4000244140625,603.4627685546875,211
2011-12-29,672.0,674.4000244140625,667.2000122070312,667.2000122070312,597.02001953125,413
2011-12-30,667.2000122070312,693.5999755859375,657.5999755859375,693.5999755859375,620.64306640625,173
2012-01-03,681.5999755859375,696.0,679.2000122070312,681.5999755859375,609.9053344726562,34
2012-01-04,686.4000244140625,712.7999877929688,686.4000244140625,705.5999755859375,631.380859375,140
2012-01-05,696.0,748.7999877929688,696.0,732.0,655.0039672851562,328
2012-01-06,720.0,739.2000122070312,720.0,736.7999877929688,659.299072265625,74
2012-01-09,741.5999755859375,741.5999755859375,698.4000244140625,729.5999755859375,652.8563842773438,120
2012-01-10,720.0,739.2000122070312,717.5999755859375,722.4000244140625,646.413818359375,161
2012-01-11,729.5999755859375,732.0,698.4000244140625,732.0,655.0039672851562,96
2012-01-12,734.4000244140625,736.7999877929688,710.4000244140625,727.2000122070312,650.7088623046875,147
2012-01-13,720.0,732.0,703.2000122070312,722.4000244140625,646.413818359375,56
2012-01-17,720.0,724.7999877929688,710.4000244140625,717.5999755859375,642.1187133789062,145
2012-01-18,712.7999877929688,729.5999755859375,712.7999877929688,727.2000122070312,650.7088623046875,35
2012-01-19,717.5999755859375,751.2000122070312,717.5999755859375,746.4000244140625,667.8892822265625,130
2012-01-20,748.7999877929688,748.7999877929688,741.5999755859375,744.0,665.7417602539062,56
2012-01-23,746.4000244140625,804.0,744.0,787.2000122070312,704.3977661132812,109
2012-01-24,792.0,792.0,777.5999755859375,789.5999755859375,706.5452880859375,59
2012-01-25,789.5999755859375,792.0,760.7999877929688,770.4000244140625,689.3649291992188,38
2012-01-26,780.0,794.4000244140625,768.0,794.4000244140625,710.8404541015625,343
2012-01-27,792.0,799.2000122070312,775.2000122070312,799.2000122070312,715.1355590820312,71
2012-01-30,792.0,792.0,756.0,787.2000122070312,704.3977661132812,76
2012-01-31,787.2000122070312,787.2000122070312,756.0,768.0,687.21728515625,115
2012-02-01,772.7999877929688,784.7999877929688,765.5999755859375,765.5999755859375,685.0697021484375,89
2012-02-02,765.5999755859375,799.2000122070312,763.2000122070312,763.2000122070312,682.9221801757812,345
2012-02-03,772.7999877929688,811.2000122070312,768.0,780.0,697.9551391601562,89
2012-02-06,782.4000244140625,811.2000122070312,782.4000244140625,789.5999755859375,706.5452880859375,128
2012-02-07,801.5999755859375,806.4000244140625,796.7999877929688,799.2000122070312,715.1355590820312,31
2012-02-08,801.5999755859375,806.4000244140625,792.0,792.0,708.69287109375,109
2012-02-09,789.5999755859375,794.4000244140625,756.0,777.5999755859375,695.8074951171875,81
2012-02-10,765.5999755859375,816.0,765.5999755859375,813.5999755859375,728.0208129882812,246
2012-02-13,813.5999755859375,852.0,813.5999755859375,840.0,751.6438598632812,213
2012-02-14,832.7999877929688,847.2000122070312,830.4000244140625,847.2000122070312,758.0866088867188,275
2012-02-15,844.7999877929688,866.4000244140625,816.0,825.5999755859375,738.758544921875,100
2012-02-16,825.5999755859375,840.0,804.0,825.5999755859375,738.758544921875,83
2012-02-17,823.2000122070312,828.0,818.4000244140625,828.0,740.9061889648438,36
2012-02-21,796.7999877929688,828.0,796.7999877929688,806.4000244140625,721.5781860351562,36
2012-02-22,825.5999755859375,825.5999755859375,806.4000244140625,806.4000244140625,721.5781860351562,28
2012-02-23,818.4000244140625,818.4000244140625,806.4000244140625,813.5999755859375,728.0208129882812,25
2012-02-24,813.5999755859375,816.0,801.5999755859375,813.5999755859375,728.0208129882812,99
2012-02-27,780.0,820.7999877929688,780.0,816.0,730.1683959960938,100
2012-02-28,816.0,818.4000244140625,816.0,818.4000244140625,732.3159790039062,2
2012-02-29,813.5999755859375,820.7999877929688,799.2000122070312,820.7999877929688,734.4635009765625,27
2012-03-01,818.4000244140625,844.7999877929688,818.4000244140625,837.5999755859375,749.496337890625,298
2012-03-02,835.2000122070312,849.5999755859375,828.0,849.5999755859375,760.234130859375,160
2012-03-05,842.4000244140625,873.5999755859375,840.0,864.0,773.1194458007812,225
2012-03-06,854.4000244140625,859.2000122070312,823.2000122070312,825.5999755859375,738.758544921875,100
2012-03-07,832.7999877929688,931.2000122070312,832.7999877929688,900.0,805.3328247070312,415
2012-03-08,909.5999755859375,1029.5999755859375,907.2000122070312,979.2000122070312,876.2020874023438,460
2012-03-09,1099.199951171875,1099.199951171875,1003.2000122070312,1058.4000244140625,947.0712890625,596
2012-03-12,1101.5999755859375,1140.0,1068.0,1089.5999755859375,974.9896240234375,467
2012-03-13,1092.0,1092.0,1003.2000122070312,1020.0,912.7105712890625,343
2012-03-14,1000.7999877929688,1020.0,950.4000244140625,955.2000122070312,854.7265625,335
2012-03-15,976.7999877929688,976.7999877929688,900.0,938.4000244140625,839.6937255859375,367
2012-03-16,950.4000244140625,960.0,902.4000244140625,940.7999877929688,841.8412475585938,235
2012-03-19,940.7999877929688,1046.4000244140625,940.7999877929688,979.2000122070312,876.2020874023438,370
2012-03-20,979.2000122070312,1008.0,948.0,967.2000122070312,865.4642944335938,96
2012-03-21,972.0,996.0,960.0,981.5999755859375,878.349609375,159
2012-03-22,981.5999755859375,1008.0,960.0,979.2000122070312,876.2020874023438,70
2012-03-23,984.0,991.2000122070312,936.0,964.7999877929688,863.3167114257812,82
2012-03-26,972.0,979.2000122070312,924.0,928.7999877929688,831.1034545898438,156
2012-03-27,921.5999755859375,972.0,921.5999755859375,972.0,869.7593994140625,123
2012-03-28,969.5999755859375,969.5999755859375,921.5999755859375,936.0,837.5460815429688,145
2012-03-29,945.5999755859375,950.4000244140625,928.7999877929688,938.4000244140625,839.6937255859375,138
2012-03-30,938.4000244140625,967.2000122070312,928.7999877929688,957.5999755859375,856.8740234375,835
2012-04-02,972.0,972.0,957.5999755859375,957.5999755859375,856.8740234375,260
2012-04-03,960.0,960.0,876.0,880.7999877929688,788.1522827148438,228
2012-04-04,880.7999877929688,880.7999877929688,840.0,844.7999877929688,755.9390258789062,106
2012-04-05,859.2000122070312,885.5999755859375,849.5999755859375,849.5999755859375,760.234130859375,129
2012-04-09,844.7999877929688,864.0,840.0,840.0,751.6438598632812,48
2012-04-10,842.4000244140625,842.4000244140625,811.2000122070312,811.2000122070312,725.873291015625,261
2012-04-11,828.0,847.2000122070312,806.4000244140625,806.4000244140625,721.5781860351562,170
2012-04-12,808.7999877929688,835.2000122070312,720.0,835.2000122070312,747.348876953125,898
2012-04-13,804.0,849.5999755859375,804.0,847.2000122070312,758.0866088867188,124
2012-04-16,852.0,854.4000244140625,768.0,775.2000122070312,693.6599731445312,531
2012-04-17,777.5999755859375,792.0,758.4000244140625,789.5999755859375,706.5452880859375,138
2012-04-18,789.5999755859375,813.5999755859375,789.5999755859375,804.0,719.4306030273438,543
2012-04-19,811.2000122070312,816.0,784.7999877929688,792.0,708.69287109375,160
2012-04-20,792.0,792.0,753.5999755859375,775.2000122070312,693.6599731445312,270
2012-04-23,768.0,792.0,744.0,758.4000244140625,678.6270751953125,525
2012-04-24,768.0,780.0,748.7999877929688,777.5999755859375,695.8074951171875,914
2012-04-25,770.4000244140625,832.7999877929688,768.0,828.0,740.9061889648438,292
2012-04-26,813.5999755859375,825.5999755859375,804.0,808.7999877929688,723.7257080078125,58
2012-04-27,813.5999755859375,828.0,792.0,816.0,730.1683959960938,12
2012-04-30,806.4000244140625,842.4000244140625,799.2000122070312,828.0,740.9061889648438,78
2012-05-01,847.2000122070312,847.2000122070312,818.4000244140625,818.4000244140625,732.3159790039062,54
2012-05-02,837.5999755859375,844.7999877929688,818.4000244140625,818.4000244140625,732.3159790039062,31
2012-05-03,818.4000244140625,830.4000244140625,799.2000122070312,799.2000122070312,715.1355590820312,23
2012-05-04,811.2000122070312,818.4000244140625,804.0,804.0,719.4306030273438,16
2012-05-07,792.0,806.4000244140625,748.7999877929688,792.0,708.69287109375,58
2012-05-08,823.2000122070312,823.2000122070312,772.7999877929688,789.5999755859375,706.5452880859375,21
2012-05-09,780.0,787.2000122070312,768.0,787.2000122070312,704.3977661132812,19
2012-05-10,789.5999755859375,847.2000122070312,789.5999755859375,832.7999877929688,745.2012939453125,46
2012-05-11,832.7999877929688,871.2000122070312,832.7999877929688,832.7999877929688,745.2012939453125,45
2012-05-14,835.2000122070312,835.2000122070312,744.0,770.4000244140625,689.3649291992188,154
2012-05-15,772.7999877929688,789.5999755859375,756.0,777.5999755859375,695.8074951171875,161
2012-05-16,789.5999755859375,789.5999755859375,681.5999755859375,732.0,655.0039672851562,200
2012-05-17,732.0,753.5999755859375,720.0,720.0,644.2662353515625,42
2012-05-18,715.2000122070312,734.4000244140625,698.4000244140625,698.4000244140625,624.938232421875,83
2012-05-21,717.5999755859375,756.0,717.5999755859375,739.2000122070312,661.4466552734375,29
2012-05-22,753.5999755859375,758.4000244140625,732.0,758.4000244140625,678.6270751953125,93
2012-05-23,744.0,744.0,722.4000244140625,741.5999755859375,663.5941772460938,15
2012-05-24,739.2000122070312,753.5999755859375,732.0,744.0,665.7417602539062,69
2012-05-25,739.2000122070312,753.5999755859375,717.5999755859375,717.5999755859375,642.1187133789062,93
2012-05-29,758.4000244140625,758.4000244140625,720.0,720.0,644.2662353515625,14
2012-05-30,717.5999755859375,724.7999877929688,700.7999877929688,722.4000244140625,646.413818359375,38
2012-05-31,691.2000122070312,715.2000122070312,686.4000244140625,696.0,622.7906494140625,42
2012-06-01,686.4000244140625,708.0,624.0,645.5999755859375,577.6920166015625,157
2012-06-04,645.5999755859375,684.0,636.0,657.5999755859375,588.4298095703125,5
2012-06-05,645.5999755859375,693.5999755859375,636.0,662.4000244140625,592.7249755859375,85
2012-06-06,669.5999755859375,691.2000122070312,655.2000122070312,672.0,601.315185546875,43
2012-06-07,672.0,684.0,660.0,667.2000122070312,597.02001953125,100
2012-06-08,664.7999877929688,676.7999877929688,660.0,662.4000244140625,592.7249755859375,71
2012-06-11,662.4000244140625,691.2000122070312,648.0,648.0,579.839599609375,29
2012-06-12,648.0,691.2000122070312,648.0,684.0,612.0529174804688,63
2012-06-13,691.2000122070312,693.5999755859375,660.0,660.0,590.577392578125,63
2012-06-14,672.0,681.5999755859375,624.0,628.7999877929688,562.6591186523438,66
2012-06-15,669.5999755859375,669.5999755859375,604.7999877929688,612.0,547.6263427734375,151
2012-06-18,614.4000244140625,664.7999877929688,614.4000244140625,616.7999877929688,551.9213256835938,111
2012-06-19,633.5999755859375,660.0,633.5999755859375,645.5999755859375,577.6920166015625,56
2012-06-20,648.0,660.0,619.2000122070312,643.2000122070312,575.5444946289062,289
2012-06-21,648.0,732.0,645.5999755859375,715.2000122070312,639.9711303710938,140
2012-06-22,712.7999877929688,760.7999877929688,698.4000244140625,744.0,665.7417602539062,16
2012-06-25,758.4000244140625,758.4000244140625,655.2000122070312,717.5999755859375,642.1187133789062,28
2012-06-26,700.7999877929688,784.7999877929688,693.5999755859375,756.0,676.4795532226562,102
2012-06-27,756.0,756.0,727.2000122070312,744.0,665.7417602539062,18
2012-06-28,727.2000122070312,744.0,727.2000122070312,741.5999755859375,663.5941772460938,5
2012-06-29,741.5999755859375,744.0,722.4000244140625,736.7999877929688,659.299072265625,177
2012-07-02,729.5999755859375,744.0,703.2000122070312,703.2000122070312,629.2333984375,4
2012-07-03,712.7999877929688,744.0,712.7999877929688,739.2000122070312,661.4466552734375,4
2012-07-05,717.5999755859375,741.5999755859375,717.5999755859375,741.5999755859375,663.5941772460938,3
2012-07-06,720.0,734.4000244140625,717.5999755859375,720.0,644.2662353515625,7
2012-07-09,712.7999877929688,712.7999877929688,672.0,679.2000122070312,607.7578125,38
2012-07-10,674.4000244140625,686.4000244140625,672.0,686.4000244140625,614.2005615234375,5
2012-07-11,684.0,722.4000244140625,674.4000244140625,722.4000244140625,646.413818359375,21
2012-07-12,708.0,708.0,708.0,708.0,633.5284423828125,3
2012-07-13,696.0,720.0,684.0,710.4000244140625,635.676025390625,16
2012-07-16,705.5999755859375,705.5999755859375,696.0,703.2000122070312,629.2333984375,8
2012-07-17,715.2000122070312,720.0,688.7999877929688,717.5999755859375,642.1187133789062,6
2012-07-18,696.0,720.0,660.0,705.5999755859375,631.380859375,60
2012-07-19,691.2000122070312,715.2000122070312,674.4000244140625,705.5999755859375,631.380859375,13
2012-07-20,686.4000244140625,700.7999877929688,660.0,681.5999755859375,609.9053344726562,323
2012-07-23,672.0,674.4000244140625,636.0,674.4000244140625,603.4627685546875,58
2012-07-24,657.5999755859375,688.7999877929688,638.4000244140625,681.5999755859375,609.9053344726562,20
2012-07-25,679.2000122070312,700.7999877929688,636.0,679.2000122070312,607.7578125,10
2012-07-26,691.2000122070312,696.0,679.2000122070312,693.5999755859375,620.64306640625,9
2012-07-27,696.0,696.0,696.0,696.0,622.7906494140625,3
2012-07-30,686.4000244140625,686.4000244140625,660.0,660.0,590.577392578125,3
2012-07-31,655.2000122070312,672.0,619.2000122070312,664.7999877929688,594.8724975585938,188
2012-08-01,681.5999755859375,681.5999755859375,643.2000122070312,645.5999755859375,577.6920166015625,8
2012-08-02,643.2000122070312,669.5999755859375,607.2000122070312,652.7999877929688,584.1347045898438,19
2012-08-03,667.2000122070312,667.2000122070312,602.4000244140625,640.7999877929688,573.3969116210938,300
2012-08-06,662.4000244140625,664.7999877929688,640.7999877929688,660.0,590.577392578125,5
2012-08-07,660.0,664.7999877929688,624.0,664.7999877929688,594.8724975585938,75
2012-08-08,664.7999877929688,664.7999877929688,626.4000244140625,626.4000244140625,560.5115966796875,12
2012-08-09,631.2000122070312,648.0,631.2000122070312,636.0,569.101806640625,31
2012-08-10,667.2000122070312,667.2000122070312,648.0,648.0,579.839599609375,12
2012-08-13,650.4000244140625,652.7999877929688,640.7999877929688,648.0,579.839599609375,50
2012-08-14,657.5999755859375,667.2000122070312,648.0,667.2000122070312,597.02001953125,81
2012-08-15,648.0,648.0,628.7999877929688,645.5999755859375,577.6920166015625,136
2012-08-16,648.0,648.0,628.7999877929688,643.2000122070312,575.5444946289062,11
2012-08-17,628.7999877929688,645.5999755859375,559.2000122070312,645.5999755859375,577.6920166015625,45
2012-08-20,643.2000122070312,643.2000122070312,619.2000122070312,619.2000122070312,554.0689086914062,11
2012-08-21,609.5999755859375,643.2000122070312,609.5999755859375,624.0,558.3640747070312,35
2012-08-22,636.0,638.4000244140625,612.0,638.4000244140625,571.2494506835938,11
2012-08-23,624.0,624.0,612.0,621.5999755859375,556.2164916992188,35
2012-08-24,621.5999755859375,624.0,612.0,621.5999755859375,556.2164916992188,28
2012-08-27,624.0,638.4000244140625,619.2000122070312,619.2000122070312,554.0689086914062,40
2012-08-28,619.2000122070312,619.2000122070312,532.7999877929688,590.4000244140625,528.2982788085938,123
2012-08-29,559.2000122070312,588.0,532.7999877929688,537.5999755859375,481.0520935058594,185
2012-08-30,552.0,564.0,532.7999877929688,552.0,493.93743896484375,16
2012-08-31,544.7999877929688,588.0,540.0,588.0,526.1506958007812,28
2012-09-04,592.7999877929688,612.0,566.4000244140625,600.0,536.8884887695312,6
2012-09-05,597.5999755859375,600.0,585.5999755859375,600.0,536.8884887695312,5
2012-09-06,600.0,600.0,566.4000244140625,600.0,536.8884887695312,14
2012-09-07,578.4000244140625,600.0,578.4000244140625,588.0,526.1506958007812,30
2012-09-10,600.0,600.0,576.0,590.4000244140625,528.2982788085938,27
2012-09-11,595.2000122070312,600.0,595.2000122070312,597.5999755859375,534.740966796875,10
2012-09-12,480.0,532.7999877929688,456.0,465.6000061035156,416.62548828125,934
2012-09-13,458.3999938964844,458.3999938964844,444.0,456.0,408.0353088378906,555
2012-09-14,456.0,456.0,444.0,448.79998779296875,401.5926208496094,306
2012-09-17,458.3999938964844,458.3999938964844,420.0,444.0,397.2975158691406,86
2012-09-18,453.6000061035156,456.0,424.79998779296875,451.20001220703125,403.7402038574219,101
2012-09-19,456.0,456.0,434.3999938964844,448.79998779296875,401.5926208496094,13
2012-09-20,444.0,444.0,432.0,436.79998779296875,390.8548583984375,20
2012-09-21,432.0,432.0,424.79998779296875,424.79998779296875,380.1170654296875,116
2012-09-24,429.6000061035156,444.0,424.79998779296875,444.0,397.2975158691406,68
2012-09-25,444.0,444.0,422.3999938964844,439.20001220703125,393.00238037109375,21
2012-09-26,444.0,444.0,424.79998779296875,427.20001220703125,382.2646179199219,33
2012-09-27,436.79998779296875,444.0,422.3999938964844,424.79998779296875,380.1170654296875,111
2012-09-28,429.6000061035156,444.0,429.6000061035156,444.0,397.2975158691406,18
2012-10-01,432.0,432.0,412.79998779296875,415.20001220703125,371.5268859863281,283
2012-10-02,415.20001220703125,415.20001220703125,384.0,384.0,343.608642578125,907
2012-10-03,384.0,384.0,319.20001220703125,369.6000061035156,330.72332763671875,90
2012-10-04,367.20001220703125,369.6000061035156,360.0,369.6000061035156,330.72332763671875,231
2012-10-05,364.79998779296875,388.79998779296875,357.6000061035156,372.0,332.8708801269531,656
2012-10-08,376.79998779296875,396.0,376.79998779296875,386.3999938964844,345.7561950683594,21
2012-10-09,388.79998779296875,391.20001220703125,374.3999938964844,381.6000061035156,341.4610900878906,9
2012-10-10,372.0,391.20001220703125,372.0,381.6000061035156,341.4610900878906,25
2012-10-11,381.6000061035156,381.6000061035156,362.3999938964844,379.20001220703125,339.31353759765625,89
2012-10-12,384.0,384.0,343.20001220703125,355.20001220703125,317.8380126953125,147
2012-10-15,381.6000061035156,384.0,362.3999938964844,369.6000061035156,330.72332763671875,186
2012-10-16,369.6000061035156,372.0,350.3999938964844,360.0,322.13311767578125,92
2012-10-17,350.3999938964844,372.0,350.3999938964844,367.20001220703125,328.5757751464844,29
2012-10-18,360.0,364.79998779296875,350.3999938964844,360.0,322.13311767578125,62
2012-10-19,360.0,369.6000061035156,350.3999938964844,360.0,322.13311767578125,334
2012-10-22,372.0,372.0,350.3999938964844,367.20001220703125,328.5757751464844,818
2012-10-23,367.20001220703125,367.20001220703125,352.79998779296875,357.6000061035156,319.9855651855469,182
2012-10-24,379.20001220703125,379.20001220703125,360.0,369.6000061035156,330.72332763671875,85
2012-10-25,372.0,372.0,369.6000061035156,372.0,332.8708801269531,53
2012-10-26,372.0,384.0,350.3999938964844,352.79998779296875,315.6904296875,137
2012-10-31,355.20001220703125,372.0,352.79998779296875,367.20001220703125,328.5757751464844,68
2012-11-01,372.0,372.0,369.6000061035156,372.0,332.8708801269531,12
2012-11-02,372.0,408.0,338.3999938964844,362.3999938964844,324.2806701660156,458
2012-11-05,364.79998779296875,372.0,348.0,372.0,332.8708801269531,138
2012-11-06,360.0,372.0,357.6000061035156,372.0,332.8708801269531,71
2012-11-07,360.0,369.6000061035156,352.79998779296875,369.6000061035156,330.72332763671875,251
2012-11-08,372.0,372.0,360.0,372.0,332.8708801269531,430
2012-11-09,355.20001220703125,372.0,348.0,372.0,332.8708801269531,688
2012-11-12,360.0,362.3999938964844,348.0,360.0,322.13311767578125,38
2012-11-13,357.6000061035156,360.0,348.0,360.0,322.13311767578125,472
2012-11-14,355.20001220703125,362.3999938964844,348.0,357.6000061035156,319.9855651855469,572
2012-11-15,355.20001220703125,360.0,348.0,355.20001220703125,317.8380126953125,337
2012-11-16,360.0,367.20001220703125,350.3999938964844,367.20001220703125,328.5757751464844,290
2012-11-19,367.20001220703125,410.3999938964844,350.3999938964844,405.6000061035156,362.9366455078125,1228
2012-11-20,391.20001220703125,412.79998779296875,374.3999938964844,396.0,354.346435546875,127
2012-11-21,393.6000061035156,408.0,372.0,408.0,365.0841979980469,729
2012-11-23,410.3999938964844,648.0,410.3999938964844,600.0,536.8884887695312,3595
2012-11-26,590.4000244140625,595.2000122070312,508.79998779296875,537.5999755859375,481.0520935058594,1329
2012-11-27,660.0,681.5999755859375,506.3999938964844,528.0,472.4618835449219,3066
2012-11-28,544.7999877929688,544.7999877929688,484.79998779296875,499.20001220703125,446.69122314453125,1041
2012-11-29,504.0,511.20001220703125,482.3999938964844,494.3999938964844,442.3961181640625,570
2012-11-30,499.20001220703125,523.2000122070312,448.79998779296875,472.79998779296875,423.0681457519531,1199
2012-12-03,484.79998779296875,499.20001220703125,465.6000061035156,472.79998779296875,423.0681457519531,439
2012-12-04,472.79998779296875,484.79998779296875,460.79998779296875,468.0,418.7730407714844,655
2012-12-05,468.0,528.0,460.79998779296875,463.20001220703125,414.47796630859375,2795
2012-12-06,460.79998779296875,468.0,451.20001220703125,453.6000061035156,405.88775634765625,495
2012-12-07,458.3999938964844,475.20001220703125,456.0,460.79998779296875,412.33038330078125,199
2012-12-10,468.0,492.0,463.20001220703125,470.3999938964844,420.9206237792969,2461
2012-12-11,480.0,504.0,472.79998779296875,492.0,440.24859619140625,628
2012-12-12,499.20001220703125,516.0,487.20001220703125,496.79998779296875,444.5436706542969,879
2012-12-13,513.5999755859375,528.0,494.3999938964844,506.3999938964844,453.1339111328125,429
2012-12-14,513.5999755859375,547.2000122070312,513.5999755859375,540.0,483.19970703125,532
2012-12-17,552.0,571.2000122070312,544.7999877929688,571.2000122070312,511.1178894042969,380
2012-12-18,588.0,657.5999755859375,578.4000244140625,609.5999755859375,545.478759765625,1170
2012-12-19,600.0,626.4000244140625,564.0,576.0,515.4130249023438,481
2012-12-20,573.5999755859375,597.5999755859375,549.5999755859375,564.0,504.67523193359375,635
2012-12-21,595.2000122070312,595.2000122070312,542.4000244140625,554.4000244140625,496.08502197265625,268
2012-12-24,554.4000244140625,556.7999877929688,544.7999877929688,552.0,493.93743896484375,38
2012-12-26,564.0,564.0,516.0,552.0,493.93743896484375,347
2012-12-27,552.0,571.2000122070312,530.4000244140625,544.7999877929688,487.49481201171875,294
2012-12-28,552.0,552.0,523.2000122070312,525.5999755859375,470.3143005371094,278
2012-12-31,532.7999877929688,532.7999877929688,494.3999938964844,516.0,461.7241516113281,820
2013-01-02,540.0,597.5999755859375,537.5999755859375,590.4000244140625,528.2982788085938,633
2013-01-03,595.2000122070312,609.5999755859375,576.0,600.0,536.8884887695312,499
2013-01-04,607.2000122070312,619.2000122070312,576.0,592.7999877929688,530.4458618164062,113
2013-01-07,585.5999755859375,609.5999755859375,578.4000244140625,607.2000122070312,543.3312377929688,256
2013-01-08,612.0,616.7999877929688,585.5999755859375,604.7999877929688,541.18359375,137
2013-01-09,607.2000122070312,624.0,604.7999877929688,612.0,547.6263427734375,216
2013-01-10,609.5999755859375,636.0,609.5999755859375,624.0,558.3640747070312,165
2013-01-11,633.5999755859375,638.4000244140625,621.5999755859375,636.0,569.101806640625,377
2013-01-14,636.0,681.5999755859375,633.5999755859375,648.0,579.839599609375,593
2013-01-15,648.0,715.2000122070312,648.0,698.4000244140625,624.938232421875,390
2013-01-16,698.4000244140625,720.0,696.0,710.4000244140625,635.676025390625,410
2013-01-17,729.5999755859375,818.4000244140625,720.0,811.2000122070312,725.873291015625,1508
2013-01-18,816.0,816.0,780.0,792.0,708.69287109375,538
2013-01-22,804.0,861.5999755859375,801.5999755859375,825.5999755859375,738.758544921875,838
2013-01-23,840.0,849.5999755859375,772.7999877929688,792.0,708.69287109375,437
2013-01-24,784.7999877929688,784.7999877929688,676.7999877929688,727.2000122070312,650.7088623046875,1159
2013-01-25,756.0,780.0,732.0,756.0,676.4795532226562,273
2013-01-28,765.5999755859375,789.5999755859375,720.0,746.4000244140625,667.8892822265625,312
2013-01-29,739.2000122070312,760.7999877929688,724.7999877929688,744.0,665.7417602539062,82
2013-01-30,760.7999877929688,760.7999877929688,734.4000244140625,734.4000244140625,657.1515502929688,182
2013-01-31,744.0,744.0,703.2000122070312,732.0,655.0039672851562,213
2013-02-01,724.7999877929688,741.5999755859375,724.7999877929688,741.5999755859375,663.5941772460938,104
2013-02-04,748.7999877929688,768.0,720.0,739.2000122070312,661.4466552734375,309
2013-02-05,736.7999877929688,736.7999877929688,722.4000244140625,736.7999877929688,659.299072265625,165
2013-02-06,744.0,751.2000122070312,667.2000122070312,703.2000122070312,629.2333984375,433
2013-02-07,703.2000122070312,703.2000122070312,672.0,684.0,612.0529174804688,311
2013-02-08,679.2000122070312,693.5999755859375,672.0,684.0,612.0529174804688,150
2013-02-11,674.4000244140625,722.4000244140625,674.4000244140625,703.2000122070312,629.2333984375,141
2013-02-12,727.2000122070312,756.0,710.4000244140625,720.0,644.2662353515625,181
2013-02-13,715.2000122070312,765.5999755859375,715.2000122070312,748.7999877929688,670.036865234375,299
2013-02-14,753.5999755859375,789.5999755859375,753.5999755859375,772.7999877929688,691.5123901367188,410
2013-02-15,775.2000122070312,804.0,770.4000244140625,792.0,708.69287109375,366
2013-02-19,792.0,801.5999755859375,753.5999755859375,780.0,697.9551391601562,309
2013-02-20,772.7999877929688,787.2000122070312,753.5999755859375,760.7999877929688,680.7745971679688,155
2013-02-21,756.0,763.2000122070312,684.0,696.0,622.7906494140625,365
2013-02-22,703.2000122070312,780.0,703.2000122070312,741.5999755859375,663.5941772460938,201
2013-02-25,734.4000244140625,741.5999755859375,672.0,698.4000244140625,624.938232421875,323
2013-02-26,700.7999877929688,729.5999755859375,688.7999877929688,703.2000122070312,629.2333984375,110
2013-02-27,700.7999877929688,715.2000122070312,672.0,708.0,633.5284423828125,218
2013-02-28,698.4000244140625,756.0,696.0,734.4000244140625,657.1515502929688,333
2013-03-01,744.0,744.0,676.7999877929688,715.2000122070312,639.9711303710938,253
2013-03-04,715.2000122070312,717.5999755859375,672.0,672.0,601.315185546875,511
2013-03-05,676.7999877929688,710.4000244140625,626.4000244140625,643.2000122070312,575.5444946289062,312
2013-03-06,643.2000122070312,676.7999877929688,624.0,669.5999755859375,599.1676025390625,207
2013-03-07,660.0,676.7999877929688,612.0,614.4000244140625,549.7738647460938,409
2013-03-08,619.2000122070312,650.4000244140625,600.0,640.7999877929688,573.3969116210938,504
2013-03-11,648.0,715.2000122070312,648.0,698.4000244140625,624.938232421875,565
2013-03-12,705.5999755859375,705.5999755859375,650.4000244140625,679.2000122070312,607.7578125,230
2013-03-13,686.4000244140625,693.5999755859375,624.0,645.5999755859375,577.6920166015625,206
2013-03-14,628.7999877929688,648.0,588.0,600.0,536.8884887695312,927
2013-03-15,600.0,660.0,564.0,619.2000122070312,554.0689086914062,1297
2013-03-18,633.5999755859375,638.4000244140625,576.0,583.2000122070312,521.8556518554688,300
2013-03-19,583.2000122070312,590.4000244140625,530.4000244140625,547.2000122070312,489.6423645019531,703
2013-03-20,556.7999877929688,568.7999877929688,525.5999755859375,542.4000244140625,485.3472900390625,498
2013-03-21,542.4000244140625,571.2000122070312,516.0,523.2000122070312,468.1667785644531,580
2013-03-22,528.0,530.4000244140625,504.0,511.20001220703125,457.4290466308594,255
2013-03-25,496.79998779296875,523.2000122070312,496.79998779296875,513.5999755859375,459.5765380859375,288
2013-03-26,525.5999755859375,525.5999755859375,492.0,499.20001220703125,446.69122314453125,378
2013-03-27,492.0,511.20001220703125,492.0,499.20001220703125,446.69122314453125,146
2013-03-28,508.79998779296875,537.5999755859375,492.0,516.0,461.7241516113281,481
2013-04-01,504.0,530.4000244140625,496.79998779296875,499.20001220703125,446.69122314453125,330
2013-04-02,499.20001220703125,542.4000244140625,499.20001220703125,535.2000122070312,478.9045715332031,621
2013-04-03,532.7999877929688,552.0,528.0,528.0,472.4618835449219,820
2013-04-04,552.0,552.0,537.5999755859375,547.2000122070312,489.6423645019531,150
2013-04-05,540.0,552.0,530.4000244140625,537.5999755859375,481.0520935058594,74
2013-04-08,537.5999755859375,571.2000122070312,537.5999755859375,566.4000244140625,506.82281494140625,289
2013-04-09,578.4000244140625,588.0,568.7999877929688,576.0,515.4130249023438,310
2013-04-10,583.2000122070312,609.5999755859375,573.5999755859375,607.2000122070312,543.3312377929688,276
2013-04-11,576.0,612.0,566.4000244140625,571.2000122070312,511.1178894042969,232
2013-04-12,588.0,595.2000122070312,571.2000122070312,578.4000244140625,517.560546875,98
2013-04-15,573.5999755859375,573.5999755859375,540.0,540.0,483.19970703125,740
2013-04-16,561.5999755859375,561.5999755859375,532.7999877929688,547.2000122070312,489.6423645019531,230
2013-04-17,540.0,540.0,504.0,511.20001220703125,457.4290466308594,414
2013-04-18,508.79998779296875,547.2000122070312,508.79998779296875,528.0,472.4618835449219,142
2013-04-19,537.5999755859375,540.0,520.7999877929688,523.2000122070312,468.1667785644531,309
2013-04-22,544.7999877929688,571.2000122070312,532.7999877929688,564.0,504.67523193359375,364
2013-04-23,580.7999877929688,580.7999877929688,559.2000122070312,566.4000244140625,506.82281494140625,327
2013-04-24,549.5999755859375,549.5999755859375,456.0,494.3999938964844,442.3961181640625,2020
2013-04-25,480.0,494.3999938964844,468.0,482.3999938964844,431.6583557128906,418
2013-04-26,482.3999938964844,537.5999755859375,475.20001220703125,504.0,450.9863586425781,308
2013-04-29,525.5999755859375,525.5999755859375,511.20001220703125,513.5999755859375,459.5765380859375,35
2013-04-30,513.5999755859375,523.2000122070312,508.79998779296875,513.5999755859375,459.5765380859375,128
2013-05-01,511.20001220703125,513.5999755859375,504.0,506.3999938964844,453.1339111328125,98
2013-05-02,513.5999755859375,513.5999755859375,494.3999938964844,504.0,450.9863586425781,48
2013-05-03,506.3999938964844,523.2000122070312,504.0,520.7999877929688,466.0191955566406,160
2013-05-06,523.2000122070312,523.2000122070312,511.20001220703125,518.4000244140625,463.8717041015625,101
2013-05-07,523.2000122070312,549.5999755859375,518.4000244140625,542.4000244140625,485.3472900390625,182
2013-05-08,540.0,554.4000244140625,523.2000122070312,532.7999877929688,476.7570495605469,161
2013-05-09,540.0,554.4000244140625,528.0,528.0,472.4618835449219,161
2013-05-10,530.4000244140625,537.5999755859375,523.2000122070312,535.2000122070312,478.9045715332031,156
2013-05-13,547.2000122070312,554.4000244140625,508.79998779296875,552.0,493.93743896484375,274
2013-05-14,480.0,518.4000244140625,475.20001220703125,501.6000061035156,448.83880615234375,1530
2013-05-15,482.3999938964844,501.6000061035156,482.3999938964844,499.20001220703125,446.69122314453125,288
2013-05-16,489.6000061035156,501.6000061035156,489.6000061035156,501.6000061035156,448.83880615234375,92
2013-05-17,504.0,508.79998779296875,504.0,508.79998779296875,455.281494140625,76
2013-05-20,516.0,542.4000244140625,506.3999938964844,525.5999755859375,470.3143005371094,389
2013-05-21,537.5999755859375,537.5999755859375,518.4000244140625,528.0,472.4618835449219,80
2013-05-22,528.0,528.0,513.5999755859375,513.5999755859375,459.5765380859375,143
2013-05-23,518.4000244140625,525.5999755859375,506.3999938964844,508.79998779296875,455.281494140625,86
2013-05-24,508.79998779296875,525.5999755859375,508.79998779296875,520.7999877929688,466.0191955566406,176
2013-05-28,528.0,535.2000122070312,513.5999755859375,516.0,461.7241516113281,225
2013-05-29,511.20001220703125,528.0,511.20001220703125,523.2000122070312,468.1667785644531,73
2013-05-30,530.4000244140625,535.2000122070312,525.5999755859375,532.7999877929688,476.7570495605469,271
2013-05-31,535.2000122070312,540.0,511.20001220703125,540.0,483.19970703125,193
2013-06-03,537.5999755859375,542.4000244140625,525.5999755859375,540.0,483.19970703125,272
2013-06-04,540.0,542.4000244140625,525.5999755859375,532.7999877929688,476.7570495605469,198
2013-06-05,540.0,540.0,496.79998779296875,504.0,450.9863586425781,318
2013-06-06,508.79998779296875,530.4000244140625,508.79998779296875,530.4000244140625,474.6094665527344,274
2013-06-07,530.4000244140625,537.5999755859375,523.2000122070312,537.5999755859375,481.0520935058594,150
2013-06-10,532.7999877929688,542.4000244140625,528.0,532.7999877929688,476.7570495605469,220
2013-06-11,528.0,528.0,492.0,523.2000122070312,490.2501220703125,115
2013-06-12,523.2000122070312,528.0,484.79998779296875,511.20001220703125,479.005859375,119
2013-06-13,504.0,528.0,504.0,504.0,472.25927734375,152
2013-06-14,508.79998779296875,508.79998779296875,492.0,508.79998779296875,476.7569885253906,161
2013-06-17,504.0,508.79998779296875,480.0,487.20001220703125,456.5173034667969,351
2013-06-18,492.0,501.6000061035156,456.0,501.6000061035156,470.01043701171875,721
2013-06-19,504.0,504.0,480.0,499.20001220703125,467.7615661621094,60
2013-06-20,501.6000061035156,501.6000061035156,470.3999938964844,475.20001220703125,445.2730712890625,106
2013-06-21,465.6000061035156,499.20001220703125,463.20001220703125,484.79998779296875,454.2684326171875,103
2013-06-24,463.20001220703125,489.6000061035156,456.0,477.6000061035156,447.52191162109375,363
2013-06-25,489.6000061035156,489.6000061035156,465.6000061035156,477.6000061035156,447.52191162109375,37
2013-06-26,487.20001220703125,487.20001220703125,477.6000061035156,482.3999938964844,452.01959228515625,25
2013-06-27,482.3999938964844,504.0,482.3999938964844,499.20001220703125,467.7615661621094,25
2013-06-28,504.0,504.0,484.79998779296875,499.20001220703125,467.7615661621094,80
2013-07-01,508.79998779296875,508.79998779296875,492.0,499.20001220703125,467.7615661621094,86
2013-07-02,492.0,501.6000061035156,487.20001220703125,492.0,461.0150146484375,34
2013-07-03,487.20001220703125,504.0,484.79998779296875,487.20001220703125,456.5173034667969,32
2013-07-05,484.79998779296875,492.0,480.0,492.0,461.0150146484375,101
2013-07-08,492.0,492.0,472.79998779296875,480.0,449.770751953125,91
2013-07-09,496.79998779296875,496.79998779296875,482.3999938964844,492.0,461.0150146484375,5
2013-07-10,480.0,492.0,463.20001220703125,475.20001220703125,445.2730712890625,111
2013-07-11,477.6000061035156,484.79998779296875,477.6000061035156,484.79998779296875,454.2684326171875,36
2013-07-12,484.79998779296875,484.79998779296875,468.0,482.3999938964844,452.01959228515625,55
2013-07-15,484.79998779296875,489.6000061035156,477.6000061035156,489.6000061035156,458.76617431640625,87
2013-07-16,492.0,492.0,487.20001220703125,492.0,461.0150146484375,163
2013-07-17,489.6000061035156,504.0,484.79998779296875,494.3999938964844,463.26385498046875,73
2013-07-18,501.6000061035156,504.0,494.3999938964844,504.0,472.25927734375,46
2013-07-19,496.79998779296875,504.0,482.3999938964844,494.3999938964844,463.26385498046875,73
2013-07-22,494.3999938964844,501.6000061035156,492.0,492.0,461.0150146484375,26
2013-07-23,504.0,504.0,496.79998779296875,504.0,472.25927734375,102
2013-07-24,501.6000061035156,508.79998779296875,494.3999938964844,494.3999938964844,463.26385498046875,183
2013-07-25,494.3999938964844,516.0,492.0,508.79998779296875,476.7569885253906,121
2013-07-26,513.5999755859375,525.5999755859375,513.5999755859375,518.4000244140625,485.75244140625,60
2013-07-29,523.2000122070312,523.2000122070312,496.79998779296875,518.4000244140625,485.75244140625,66
2013-07-30,520.7999877929688,528.0,508.79998779296875,523.2000122070312,490.2501220703125,96
2013-07-31,528.0,528.0,516.0,516.0,483.5035705566406,38
2013-08-01,525.5999755859375,525.5999755859375,511.20001220703125,518.4000244140625,485.75244140625,73
2013-08-02,523.2000122070312,528.0,516.0,518.4000244140625,485.75244140625,135
2013-08-05,528.0,528.0,518.4000244140625,528.0,494.747802734375,87
2013-08-06,528.0,542.4000244140625,528.0,540.0,505.99212646484375,317
2013-08-07,549.5999755859375,564.0,540.0,564.0,528.4806518554688,94
2013-08-08,573.5999755859375,573.5999755859375,525.5999755859375,556.7999877929688,521.7340698242188,88
2013-08-09,561.5999755859375,597.5999755859375,559.2000122070312,597.5999755859375,559.964599609375,455
2013-08-12,616.7999877929688,621.5999755859375,576.0,600.0,562.21337890625,512
2013-08-13,592.7999877929688,612.0,573.5999755859375,612.0,573.4577026367188,399
2013-08-14,612.0,619.2000122070312,595.2000122070312,602.4000244140625,564.4622802734375,68
2013-08-15,604.7999877929688,604.7999877929688,578.4000244140625,590.4000244140625,553.218017578125,208
2013-08-16,597.5999755859375,619.2000122070312,590.4000244140625,609.5999755859375,571.2088623046875,232
2013-08-19,609.5999755859375,609.5999755859375,588.0,600.0,562.21337890625,33
2013-08-20,595.2000122070312,604.7999877929688,595.2000122070312,604.7999877929688,566.7111206054688,35
2013-08-21,607.2000122070312,614.4000244140625,590.4000244140625,607.2000122070312,568.9600219726562,42
2013-08-22,609.5999755859375,645.5999755859375,595.2000122070312,621.5999755859375,582.4530639648438,199
2013-08-23,633.5999755859375,636.0,624.0,631.2000122070312,591.4485473632812,144
2013-08-26,626.4000244140625,631.2000122070312,624.0,628.7999877929688,589.1996459960938,96
2013-08-27,631.2000122070312,631.2000122070312,607.2000122070312,619.2000122070312,580.2042846679688,138
2013-08-28,614.4000244140625,616.7999877929688,595.2000122070312,612.0,573.4577026367188,155
2013-08-29,604.7999877929688,609.5999755859375,595.2000122070312,595.2000122070312,557.7157592773438,70
2013-08-30,597.5999755859375,624.0,597.5999755859375,609.5999755859375,571.2088623046875,23
2013-09-03,621.5999755859375,636.0,612.0,631.2000122070312,591.4485473632812,159
2013-09-04,624.0,636.0,624.0,633.5999755859375,593.6973266601562,36
2013-09-05,636.0,638.4000244140625,624.0,631.2000122070312,591.4485473632812,93
2013-09-06,636.0,643.2000122070312,636.0,643.2000122070312,602.6927490234375,35
2013-09-09,636.0,648.0,628.7999877929688,643.2000122070312,602.6927490234375,80
2013-09-10,643.2000122070312,648.0,643.2000122070312,648.0,607.1904907226562,61
2013-09-11,648.0,655.2000122070312,648.0,655.2000122070312,613.9370727539062,58
2013-09-12,657.5999755859375,657.5999755859375,650.4000244140625,657.5999755859375,616.1859130859375,142
2013-09-13,657.5999755859375,672.0,612.0,657.5999755859375,616.1859130859375,330
2013-09-16,672.0,696.0,672.0,681.5999755859375,638.6744384765625,112
2013-09-17,676.7999877929688,708.0,676.7999877929688,696.0,652.1676025390625,181
2013-09-18,696.0,720.0,693.5999755859375,717.5999755859375,672.4072875976562,250
2013-09-19,720.0,729.5999755859375,708.0,717.5999755859375,672.4072875976562,142
2013-09-20,720.0,722.4000244140625,688.7999877929688,691.2000122070312,647.669921875,333
2013-09-23,696.0,732.0,691.2000122070312,732.0,685.9003295898438,208
2013-09-24,732.0,734.4000244140625,720.0,732.0,685.9003295898438,151
2013-09-25,724.7999877929688,744.0,722.4000244140625,741.5999755859375,694.8958129882812,160
2013-09-26,732.0,756.0,732.0,753.5999755859375,706.1400146484375,278
2013-09-27,756.0,763.2000122070312,748.7999877929688,758.4000244140625,710.6377563476562,129
2013-09-30,760.7999877929688,804.0,751.2000122070312,801.5999755859375,751.1171264648438,538
2013-10-01,804.0,847.2000122070312,801.5999755859375,832.7999877929688,780.3522338867188,508
2013-10-02,837.5999755859375,888.0,832.7999877929688,878.4000244140625,823.0804443359375,295
2013-10-03,888.0,938.4000244140625,832.7999877929688,861.5999755859375,807.3385009765625,986
2013-10-04,861.5999755859375,900.0,856.7999877929688,895.2000122070312,838.822509765625,157
2013-10-07,907.2000122070312,907.2000122070312,888.0,900.0,843.3201904296875,390
2013-10-08,907.2000122070312,907.2000122070312,816.0,856.7999877929688,802.8407592773438,578
2013-10-09,849.5999755859375,883.2000122070312,789.5999755859375,820.7999877929688,769.1079711914062,620
2013-10-10,818.4000244140625,866.4000244140625,724.7999877929688,866.4000244140625,811.836181640625,332
2013-10-11,878.4000244140625,895.2000122070312,840.0,871.2000122070312,816.3339233398438,110
2013-10-14,871.2000122070312,871.2000122070312,825.5999755859375,868.7999877929688,814.0850219726562,133
2013-10-15,864.0,871.2000122070312,835.2000122070312,840.0,787.0988159179688,275
2013-10-16,840.0,931.2000122070312,840.0,914.4000244140625,856.8133544921875,398
2013-10-17,924.0,926.4000244140625,888.0,904.7999877929688,847.81787109375,205
2013-10-18,928.7999877929688,1020.0,909.5999755859375,948.0,888.2972412109375,532
2013-10-21,948.0,1005.5999755859375,948.0,974.4000244140625,913.0346069335938,524
2013-10-22,957.5999755859375,993.5999755859375,952.7999877929688,969.5999755859375,908.536865234375,244
2013-10-23,950.4000244140625,950.4000244140625,890.4000244140625,904.7999877929688,847.81787109375,379
2013-10-24,916.7999877929688,926.4000244140625,844.7999877929688,909.5999755859375,852.3155517578125,346
2013-10-25,909.5999755859375,912.0,816.0,847.2000122070312,793.8453979492188,383
2013-10-28,835.2000122070312,864.0,782.4000244140625,864.0,809.5872802734375,319
2013-10-29,854.4000244140625,864.0,804.0,859.2000122070312,805.0896606445312,238
2013-10-30,864.0,864.0,820.7999877929688,842.4000244140625,789.34765625,133
2013-10-31,832.7999877929688,859.2000122070312,832.7999877929688,840.0,787.0988159179688,83
2013-11-01,842.4000244140625,849.5999755859375,823.2000122070312,830.4000244140625,778.1033935546875,53
2013-11-04,825.5999755859375,840.0,818.4000244140625,830.4000244140625,778.1033935546875,53
2013-11-05,818.4000244140625,842.4000244140625,818.4000244140625,830.4000244140625,778.1033935546875,115
2013-11-06,828.0,849.5999755859375,828.0,842.4000244140625,789.34765625,69
2013-11-07,852.0,852.0,816.0,816.0,764.6102905273438,64
2013-11-08,820.7999877929688,840.0,816.0,830.4000244140625,778.1033935546875,107
2013-11-11,820.7999877929688,852.0,820.7999877929688,840.0,787.0988159179688,142
2013-11-12,847.2000122070312,849.5999755859375,837.5999755859375,844.7999877929688,791.5964965820312,128
2013-11-13,789.5999755859375,789.5999755859375,595.2000122070312,756.0,708.388916015625,808
2013-11-14,732.0,770.4000244140625,722.4000244140625,732.0,685.9003295898438,310
2013-11-15,732.0,756.0,732.0,744.0,697.1446533203125,91
2013-11-18,744.0,744.0,700.7999877929688,736.7999877929688,690.3980712890625,214
2013-11-19,727.2000122070312,741.5999755859375,710.4000244140625,729.5999755859375,683.6515502929688,92
2013-11-20,720.0,727.2000122070312,684.0,717.5999755859375,672.4072875976562,174
2013-11-21,708.0,744.0,708.0,739.2000122070312,692.64697265625,50
2013-11-22,736.7999877929688,736.7999877929688,703.2000122070312,722.4000244140625,676.9049682617188,76
2013-11-25,724.7999877929688,739.2000122070312,672.0,686.4000244140625,643.1722412109375,242
2013-11-26,679.2000122070312,700.7999877929688,679.2000122070312,693.5999755859375,649.918701171875,77
2013-11-27,703.2000122070312,712.7999877929688,674.4000244140625,674.4000244140625,631.927978515625,106
2013-11-29,669.5999755859375,705.5999755859375,669.5999755859375,691.2000122070312,647.669921875,54
2013-12-02,684.0,705.5999755859375,643.2000122070312,648.0,607.1904907226562,468
2013-12-03,468.0,619.2000122070312,463.20001220703125,602.4000244140625,564.4622802734375,723
2013-12-04,600.0,607.2000122070312,588.0,590.4000244140625,553.218017578125,171
2013-12-05,604.7999877929688,619.2000122070312,580.7999877929688,602.4000244140625,564.4622802734375,358
2013-12-06,602.4000244140625,614.4000244140625,595.2000122070312,597.5999755859375,559.964599609375,149
2013-12-09,607.2000122070312,609.5999755859375,597.5999755859375,600.0,562.21337890625,183
2013-12-10,604.7999877929688,604.7999877929688,580.7999877929688,600.0,562.21337890625,615
2013-12-11,568.7999877929688,597.5999755859375,568.7999877929688,578.4000244140625,564.5560302734375,141
2013-12-12,583.2000122070312,583.2000122070312,554.4000244140625,561.5999755859375,548.1580810546875,178
2013-12-13,559.2000122070312,559.2000122070312,540.0,544.7999877929688,531.76025390625,235
2013-12-16,540.0,559.2000122070312,532.7999877929688,544.7999877929688,531.76025390625,434
2013-12-17,549.5999755859375,549.5999755859375,532.7999877929688,537.5999755859375,524.7325439453125,217
2013-12-18,528.0,544.7999877929688,516.0,520.7999877929688,508.3346252441406,418
2013-12-19,516.0,530.4000244140625,504.0,513.5999755859375,501.3069763183594,643
2013-12-20,528.0,528.0,499.20001220703125,499.20001220703125,487.25164794921875,388
2013-12-23,504.0,542.4000244140625,494.3999938964844,525.5999755859375,513.0197143554688,456
2013-12-24,530.4000244140625,530.4000244140625,518.4000244140625,523.2000122070312,510.6772155761719,51
2013-12-26,518.4000244140625,532.7999877929688,508.79998779296875,516.0,503.6495666503906,154
2013-12-27,530.4000244140625,547.2000122070312,520.7999877929688,540.0,527.0751342773438,389
2013-12-30,535.2000122070312,607.2000122070312,535.2000122070312,576.0,562.2134399414062,708
2013-12-31,585.5999755859375,624.0,568.7999877929688,585.5999755859375,571.5836791992188,321
2014-01-02,588.0,588.0,568.7999877929688,573.5999755859375,559.870849609375,190
2014-01-03,573.5999755859375,583.2000122070312,568.7999877929688,578.4000244140625,564.5560302734375,98
2014-01-06,588.0,588.0,573.5999755859375,576.0,562.2134399414062,202
2014-01-07,578.4000244140625,578.4000244140625,564.0,564.0,550.5006713867188,210
2014-01-08,573.5999755859375,595.2000122070312,568.7999877929688,588.0,573.9262084960938,269
2014-01-09,583.2000122070312,597.5999755859375,580.7999877929688,588.0,573.9262084960938,171
2014-01-10,592.7999877929688,600.0,580.7999877929688,588.0,573.9262084960938,339
2014-01-13,590.4000244140625,592.7999877929688,576.0,578.4000244140625,564.5560302734375,195
2014-01-14,588.0,592.7999877929688,580.7999877929688,590.4000244140625,576.268798828125,120
2014-01-15,583.2000122070312,592.7999877929688,583.2000122070312,585.5999755859375,571.5836791992188,145
2014-01-16,590.4000244140625,590.4000244140625,576.0,580.7999877929688,566.8985595703125,118
2014-01-17,585.5999755859375,631.2000122070312,578.4000244140625,607.2000122070312,592.6666870117188,1101
2014-01-21,614.4000244140625,621.5999755859375,592.7999877929688,612.0,597.351806640625,189
2014-01-22,621.5999755859375,633.5999755859375,597.5999755859375,614.4000244140625,599.6943359375,238
2014-01-23,602.4000244140625,607.2000122070312,573.5999755859375,576.0,562.2134399414062,451
2014-01-24,564.0,564.0,535.2000122070312,540.0,527.0751342773438,403
2014-01-27,540.0,540.0,511.20001220703125,513.5999755859375,501.3069763183594,408
2014-01-28,518.4000244140625,540.0,518.4000244140625,532.7999877929688,520.0474853515625,365
2014-01-29,528.0,540.0,520.7999877929688,523.2000122070312,510.6772155761719,135
2014-01-30,525.5999755859375,542.4000244140625,525.5999755859375,542.4000244140625,529.417724609375,137
2014-01-31,552.0,566.4000244140625,535.2000122070312,549.5999755859375,536.4453125,105
2014-02-03,552.0,552.0,520.7999877929688,530.4000244140625,517.7048950195312,113
2014-02-04,561.5999755859375,561.5999755859375,516.0,518.4000244140625,505.99212646484375,61
2014-02-05,518.4000244140625,530.4000244140625,513.5999755859375,516.0,503.6495666503906,60
2014-02-06,516.0,528.0,513.5999755859375,516.0,503.6495666503906,47
2014-02-07,528.0,528.0,508.79998779296875,518.4000244140625,505.99212646484375,167
2014-02-10,523.2000122070312,525.5999755859375,511.20001220703125,525.5999755859375,513.0197143554688,83
2014-02-11,523.2000122070312,525.5999755859375,508.79998779296875,520.7999877929688,508.3346252441406,200
2014-02-12,518.4000244140625,535.2000122070312,518.4000244140625,528.0,515.3623046875,89
2014-02-13,532.7999877929688,535.2000122070312,518.4000244140625,535.2000122070312,522.3900146484375,318
2014-02-14,540.0,561.5999755859375,530.4000244140625,540.0,527.0751342773438,198
2014-02-18,540.0,542.4000244140625,518.4000244140625,530.4000244140625,517.7048950195312,49
2014-02-19,542.4000244140625,542.4000244140625,523.2000122070312,537.5999755859375,524.7325439453125,51
2014-02-20,530.4000244140625,537.5999755859375,511.20001220703125,518.4000244140625,505.99212646484375,214
2014-02-21,525.5999755859375,525.5999755859375,516.0,520.7999877929688,508.3346252441406,95
2014-02-24,540.0,540.0,506.3999938964844,513.5999755859375,501.3069763183594,282
2014-02-25,501.6000061035156,520.7999877929688,420.0,424.79998779296875,414.6324157714844,3735
2014-02-26,456.0,456.0,412.79998779296875,415.20001220703125,405.26220703125,1790
2014-02-27,434.3999938964844,439.20001220703125,415.20001220703125,427.20001220703125,416.9749755859375,529
2014-02-28,427.20001220703125,439.20001220703125,422.3999938964844,439.20001220703125,428.687744140625,564
2014-03-03,441.6000061035156,446.3999938964844,429.6000061035156,436.79998779296875,426.3451843261719,495
2014-03-04,439.20001220703125,448.79998779296875,422.3999938964844,429.6000061035156,419.3175354003906,551
2014-03-05,429.6000061035156,441.6000061035156,429.6000061035156,436.79998779296875,426.3451843261719,319
2014-03-06,444.0,480.0,436.79998779296875,453.6000061035156,442.74310302734375,1190
2014-03-07,460.79998779296875,468.0,441.6000061035156,451.20001220703125,440.40057373046875,448
2014-03-10,444.0,451.20001220703125,432.0,432.0,421.6600646972656,410
2014-03-11,439.20001220703125,446.3999938964844,424.79998779296875,427.20001220703125,416.9749755859375,308
2014-03-12,429.6000061035156,429.6000061035156,412.79998779296875,417.6000061035156,407.6047668457031,446
2014-03-13,415.20001220703125,429.6000061035156,396.0,400.79998779296875,391.20684814453125,696
2014-03-14,391.20001220703125,417.6000061035156,388.79998779296875,398.3999938964844,388.86431884765625,398
2014-03-17,398.3999938964844,420.0,396.0,396.0,386.5217590332031,244
2014-03-18,398.3999938964844,412.79998779296875,398.3999938964844,398.3999938964844,388.86431884765625,256
2014-03-19,396.0,410.3999938964844,396.0,396.0,386.5217590332031,173
2014-03-20,408.0,408.0,396.0,398.3999938964844,388.86431884765625,135
2014-03-21,405.6000061035156,415.20001220703125,388.79998779296875,388.79998779296875,379.49407958984375,1809
2014-03-24,398.3999938964844,403.20001220703125,393.6000061035156,396.0,386.5217590332031,257
2014-03-25,396.0,415.20001220703125,396.0,398.3999938964844,388.86431884765625,451
2014-03-26,405.6000061035156,439.20001220703125,405.6000061035156,427.20001220703125,416.9749755859375,643
2014-03-27,400.79998779296875,432.0,398.3999938964844,400.79998779296875,391.20684814453125,228
2014-03-28,396.0,405.6000061035156,384.0,388.79998779296875,379.49407958984375,858
2014-03-31,396.0,424.79998779296875,384.0,396.0,386.5217590332031,325
2014-04-01,403.20001220703125,412.79998779296875,388.79998779296875,405.6000061035156,395.8919677734375,243
2014-04-02,405.6000061035156,408.0,388.79998779296875,393.6000061035156,384.17919921875,260
2014-04-03,388.79998779296875,398.3999938964844,388.79998779296875,388.79998779296875,379.49407958984375,123
2014-04-04,388.79998779296875,393.6000061035156,384.0,388.79998779296875,379.49407958984375,230
2014-04-07,384.0,393.6000061035156,384.0,388.79998779296875,379.49407958984375,172
2014-04-08,384.0,400.79998779296875,384.0,393.6000061035156,384.17919921875,210
2014-04-09,391.20001220703125,398.3999938964844,384.0,391.20001220703125,381.836669921875,341
2014-04-10,393.6000061035156,396.0,391.20001220703125,391.20001220703125,381.836669921875,174
2014-04-11,393.6000061035156,396.0,384.0,386.3999938964844,377.1515197753906,323
2014-04-14,391.20001220703125,393.6000061035156,384.0,388.79998779296875,379.49407958984375,296
2014-04-15,388.79998779296875,388.79998779296875,338.3999938964844,352.79998779296875,344.355712890625,962
2014-04-16,348.0,360.0,348.0,357.6000061035156,349.0408630371094,350
2014-04-17,362.3999938964844,386.3999938964844,362.3999938964844,384.0,374.8089599609375,193
2014-04-21,388.79998779296875,388.79998779296875,372.0,374.3999938964844,365.438720703125,214
2014-04-22,381.6000061035156,391.20001220703125,379.20001220703125,388.79998779296875,379.49407958984375,357
2014-04-23,384.0,388.79998779296875,374.3999938964844,374.3999938964844,365.438720703125,184
2014-04-24,379.20001220703125,379.20001220703125,364.79998779296875,374.3999938964844,365.438720703125,224
2014-04-25,369.6000061035156,372.0,343.20001220703125,355.20001220703125,346.69830322265625,233
2014-04-28,360.0,362.3999938964844,350.3999938964844,350.3999938964844,342.01318359375,122
2014-04-29,348.0,352.79998779296875,326.3999938964844,328.79998779296875,320.93017578125,393
2014-04-30,336.0,338.3999938964844,312.0,324.0,316.24505615234375,498
2014-05-01,324.0,324.0,324.0,324.0,316.24505615234375,0
2014-05-02,324.0,324.0,324.0,324.0,316.24505615234375,0
2014-05-05,324.0,324.0,324.0,324.0,316.24505615234375,0
2014-05-06,324.0,324.0,324.0,324.0,316.24505615234375,0
2014-05-07,324.0,324.0,324.0,324.0,316.24505615234375,0
2014-05-08,324.0,324.0,324.0,324.0,316.24505615234375,0
2014-05-09,324.0,324.0,324.0,324.0,316.24505615234375,0
2014-05-12,324.0,324.0,324.0,324.0,316.24505615234375,0
2014-05-13,324.0,324.0,324.0,324.0,316.24505615234375,0
2014-05-14,324.0,324.0,324.0,324.0,316.24505615234375,0
2014-05-15,324.0,324.0,324.0,324.0,316.24505615234375,0
2014-05-16,324.0,324.0,324.0,324.0,316.24505615234375,0
2014-05-19,324.0,324.0,324.0,324.0,316.24505615234375,0
2014-05-20,324.0,324.0,324.0,324.0,316.24505615234375,0
2014-05-21,324.0,324.0,324.0,324.0,316.24505615234375,0
2014-05-22,324.0,324.0,324.0,324.0,316.24505615234375,0
2014-05-23,324.0,324.0,324.0,324.0,316.24505615234375,0
2014-05-27,324.0,324.0,324.0,324.0,316.24505615234375,0
2014-05-28,324.0,324.0,324.0,324.0,316.24505615234375,0
2014-05-29,324.0,324.0,324.0,324.0,316.24505615234375,0
2014-05-30,324.0,324.0,324.0,324.0,316.24505615234375,0
2014-06-02,324.0,324.0,324.0,324.0,316.24505615234375,0
2014-06-03,324.0,324.0,324.0,324.0,316.24505615234375,0
2014-06-04,324.0,324.0,324.0,324.0,316.24505615234375,0
2014-06-05,324.0,324.0,324.0,324.0,316.24505615234375,0
2014-06-06,324.0,324.0,324.0,324.0,316.24505615234375,0
2014-06-09,324.0,324.0,324.0,324.0,316.24505615234375,0
2014-06-10,324.0,324.0,324.0,324.0,316.24505615234375,0
2014-06-11,324.0,324.0,324.0,324.0,319.3199768066406,0
2014-06-12,324.0,324.0,324.0,324.0,319.3199768066406,0
2014-06-13,324.0,324.0,324.0,324.0,319.3199768066406,0
2014-06-16,324.0,324.0,324.0,324.0,319.3199768066406,0
2014-06-17,324.0,324.0,324.0,324.0,319.3199768066406,0
2014-06-18,324.0,324.0,324.0,324.0,319.3199768066406,0
2014-06-19,324.0,324.0,324.0,324.0,319.3199768066406,0
2014-06-20,324.0,324.0,324.0,324.0,319.3199768066406,0
2014-06-23,324.0,324.0,324.0,324.0,319.3199768066406,0
2014-06-24,324.0,324.0,324.0,324.0,319.3199768066406,0
2014-06-25,324.0,324.0,324.0,324.0,319.3199768066406,0
2014-06-26,324.0,324.0,324.0,324.0,319.3199768066406,0
2014-06-27,324.0,324.0,324.0,324.0,319.3199768066406,0
2014-06-30,324.0,324.0,324.0,324.0,319.3199768066406,0
2014-07-01,324.0,324.0,324.0,324.0,319.3199768066406,0
2014-07-02,324.0,324.0,324.0,324.0,319.3199768066406,0
2014-07-03,324.0,324.0,324.0,324.0,319.3199768066406,0
2014-07-07,324.0,324.0,324.0,324.0,319.3199768066406,0
2014-07-08,324.0,324.0,324.0,324.0,319.3199768066406,0
2014-07-09,324.0,324.0,324.0,324.0,319.3199768066406,0
2014-07-10,324.0,324.0,324.0,324.0,319.3199768066406,0
2014-07-11,324.0,324.0,324.0,324.0,319.3199768066406,0
2014-07-14,324.0,324.0,324.0,324.0,319.3199768066406,0
2014-07-15,324.0,324.0,324.0,324.0,319.3199768066406,0
2014-07-16,324.0,324.0,324.0,324.0,319.3199768066406,0
2014-07-17,324.0,324.0,324.0,324.0,319.3199768066406,0
2014-07-18,324.0,324.0,324.0,324.0,319.3199768066406,0
2014-07-21,324.0,324.0,324.0,324.0,319.3199768066406,0
2014-07-22,324.0,324.0,324.0,324.0,319.3199768066406,0
2014-07-23,324.0,324.0,324.0,324.0,319.3199768066406,0
2014-07-24,324.0,324.0,324.0,324.0,319.3199768066406,0
2014-07-25,324.0,324.0,324.0,324.0,319.3199768066406,0
2014-07-28,324.0,324.0,324.0,324.0,319.3199768066406,0
2014-07-29,324.0,324.0,324.0,324.0,319.3199768066406,0
2014-07-30,324.0,324.0,324.0,324.0,319.3199768066406,0
2014-07-31,324.0,324.0,324.0,324.0,319.3199768066406,0
2014-08-01,324.0,324.0,324.0,324.0,319.3199768066406,0
2014-08-04,324.0,324.0,324.0,324.0,319.3199768066406,0
2014-08-05,324.0,324.0,324.0,324.0,319.3199768066406,0
2014-08-06,324.0,324.0,324.0,324.0,319.3199768066406,0
2014-08-07,194.39999389648438,288.0,182.39999389648438,249.60000610351562,245.99465942382812,3960
2014-08-08,228.0,252.0,228.0,237.60000610351562,234.16799926757812,713
2014-08-11,240.0,252.0,216.0,242.39999389648438,238.89865112304688,742
2014-08-12,240.0,240.0,230.39999389648438,235.1999969482422,231.8026580810547,630
2014-08-13,235.1999969482422,331.20001220703125,235.1999969482422,276.0,272.0133361816406,2070
2014-08-14,271.20001220703125,297.6000061035156,266.3999938964844,276.0,272.0133361816406,626
2014-08-15,271.20001220703125,276.0,259.20001220703125,276.0,272.0133361816406,613
2014-08-18,271.20001220703125,276.0,259.20001220703125,264.0,260.1866455078125,695
2014-08-19,259.20001220703125,266.3999938964844,247.1999969482422,256.79998779296875,253.0906524658203,845
2014-08-20,259.20001220703125,259.20001220703125,242.39999389648438,249.60000610351562,245.99465942382812,438
2014-08-21,244.8000030517578,261.6000061035156,235.1999969482422,242.39999389648438,238.89865112304688,729
2014-08-22,235.1999969482422,261.6000061035156,235.1999969482422,244.8000030517578,241.2639923095703,1557
2014-08-25,247.1999969482422,283.20001220703125,247.1999969482422,264.0,260.1866455078125,1480
2014-08-26,268.79998779296875,292.79998779296875,254.39999389648438,276.0,272.0133361816406,965
2014-08-27,276.0,285.6000061035156,266.3999938964844,271.20001220703125,267.2826843261719,470
2014-08-28,264.0,297.6000061035156,259.20001220703125,271.20001220703125,267.2826843261719,390
2014-08-29,276.0,295.20001220703125,268.79998779296875,276.0,272.0133361816406,132
2014-09-02,276.0,283.20001220703125,242.39999389648438,268.79998779296875,264.9173278808594,290
2014-09-03,259.20001220703125,266.3999938964844,256.79998779296875,261.6000061035156,257.8213195800781,198
2014-09-04,254.39999389648438,261.6000061035156,252.0,259.20001220703125,255.4560089111328,125
2014-09-05,252.0,261.6000061035156,252.0,256.79998779296875,253.0906524658203,165
2014-09-08,252.0,261.6000061035156,237.60000610351562,254.39999389648438,250.72532653808594,163
2014-09-09,244.8000030517578,254.39999389648438,244.8000030517578,254.39999389648438,250.72532653808594,75
2014-09-10,256.79998779296875,261.6000061035156,249.60000610351562,261.6000061035156,257.8213195800781,85
2014-09-11,259.20001220703125,271.20001220703125,249.60000610351562,268.79998779296875,264.9173278808594,440
2014-09-12,271.20001220703125,290.3999938964844,264.0,278.3999938964844,274.378662109375,360
2014-09-15,268.79998779296875,276.0,264.0,276.0,272.0133361816406,48
2014-09-16,276.0,276.0,266.3999938964844,276.0,272.0133361816406,15
2014-09-17,276.0,276.0,256.79998779296875,273.6000061035156,269.64801025390625,141
2014-09-18,273.6000061035156,273.6000061035156,259.20001220703125,264.0,260.1866455078125,86
2014-09-19,271.20001220703125,271.20001220703125,254.39999389648438,264.0,260.1866455078125,65
2014-09-22,266.3999938964844,271.20001220703125,244.8000030517578,252.0,248.36000061035156,288
2014-09-23,252.0,261.6000061035156,247.1999969482422,256.79998779296875,253.0906524658203,98
2014-09-24,247.1999969482422,259.20001220703125,247.1999969482422,259.20001220703125,255.4560089111328,51
2014-09-25,252.0,259.20001220703125,242.39999389648438,242.39999389648438,238.89865112304688,205
2014-09-26,252.0,254.39999389648438,240.0,244.8000030517578,241.2639923095703,135
2014-09-29,240.0,247.1999969482422,235.1999969482422,235.1999969482422,231.8026580810547,138
2014-09-30,240.0,244.8000030517578,232.8000030517578,240.0,236.5333251953125,307
2014-10-01,240.0,242.39999389648438,194.39999389648438,235.1999969482422,231.8026580810547,524
2014-10-02,223.1999969482422,232.8000030517578,218.39999389648438,223.1999969482422,219.9759979248047,251
2014-10-03,218.39999389648438,228.0,218.39999389648438,218.39999389648438,215.2453155517578,169
2014-10-06,218.39999389648438,225.60000610351562,208.8000030517578,211.1999969482422,208.14932250976562,280
2014-10-07,206.39999389648438,216.0,206.39999389648438,208.8000030517578,205.78399658203125,121
2014-10-08,206.39999389648438,208.8000030517578,196.8000030517578,196.8000030517578,193.95733642578125,257
2014-10-09,199.1999969482422,201.60000610351562,182.39999389648438,199.1999969482422,196.32266235351562,388
2014-10-10,199.1999969482422,201.60000610351562,187.1999969482422,187.1999969482422,184.49598693847656,208
2014-10-13,187.1999969482422,192.0,182.39999389648438,189.60000610351562,186.861328125,98
2014-10-14,192.0,192.0,170.39999389648438,177.60000610351562,175.03466796875,429
2014-10-15,180.0,180.0,177.60000610351562,177.60000610351562,175.03466796875,30
2014-10-16,175.1999969482422,180.0,175.1999969482422,177.60000610351562,175.03466796875,218
2014-10-17,175.1999969482422,180.0,175.1999969482422,177.60000610351562,175.03466796875,80
2014-10-20,180.0,182.39999389648438,175.1999969482422,177.60000610351562,175.03466796875,86
2014-10-21,177.60000610351562,213.60000610351562,177.60000610351562,194.39999389648438,191.5919952392578,264
2014-10-22,201.60000610351562,201.60000610351562,189.60000610351562,192.0,189.22665405273438,58
2014-10-23,194.39999389648438,196.8000030517578,192.0,192.0,189.22665405273438,55
2014-10-24,192.0,220.8000030517578,187.1999969482422,206.39999389648438,203.4186553955078,383
2014-10-27,196.8000030517578,216.0,189.60000610351562,196.8000030517578,193.95733642578125,78
2014-10-28,213.60000610351562,225.60000610351562,180.0,206.39999389648438,203.4186553955078,586
2014-10-29,220.8000030517578,223.1999969482422,208.8000030517578,218.39999389648438,215.2453155517578,413
2014-10-30,218.39999389648438,244.8000030517578,216.0,240.0,236.5333251953125,415
2014-10-31,223.1999969482422,240.0,223.1999969482422,240.0,236.5333251953125,115
2014-11-03,240.0,240.0,223.1999969482422,228.0,224.7066650390625,46
2014-11-04,237.60000610351562,237.60000610351562,220.8000030517578,220.8000030517578,217.61065673828125,37
2014-11-05,218.39999389648438,218.39999389648438,192.0,192.0,189.22665405273438,111
2014-11-06,201.60000610351562,213.60000610351562,192.0,192.0,189.22665405273438,57
2014-11-07,194.39999389648438,213.60000610351562,194.39999389648438,201.60000610351562,198.68800354003906,600
2014-11-10,208.8000030517578,213.60000610351562,199.1999969482422,206.39999389648438,203.4186553955078,126
2014-11-11,211.1999969482422,230.39999389648438,194.39999389648438,196.8000030517578,193.95733642578125,374
2014-11-12,225.60000610351562,228.0,199.1999969482422,199.1999969482422,196.32266235351562,75
2014-11-13,228.0,237.60000610351562,196.8000030517578,211.1999969482422,208.14932250976562,618
2014-11-14,206.39999389648438,216.0,204.0,216.0,212.87998962402344,435
2014-11-17,206.39999389648438,220.8000030517578,196.8000030517578,204.0,201.05332946777344,61
2014-11-18,208.8000030517578,213.60000610351562,201.60000610351562,204.0,201.05332946777344,180
2014-11-19,201.60000610351562,208.8000030517578,196.8000030517578,204.0,201.05332946777344,312
2014-11-20,199.1999969482422,211.1999969482422,196.8000030517578,211.1999969482422,208.14932250976562,73
2014-11-21,208.8000030517578,211.1999969482422,199.1999969482422,199.1999969482422,196.32266235351562,157
2014-11-24,204.0,211.1999969482422,199.1999969482422,206.39999389648438,203.4186553955078,43
2014-11-25,206.39999389648438,206.39999389648438,201.60000610351562,201.60000610351562,198.68800354003906,76
2014-11-26,196.8000030517578,204.0,192.0,199.1999969482422,196.32266235351562,129
2014-11-28,192.0,199.1999969482422,192.0,194.39999389648438,191.5919952392578,123
2014-12-01,192.0,201.60000610351562,192.0,201.60000610351562,198.68800354003906,234
2014-12-02,201.60000610351562,213.60000610351562,196.8000030517578,208.8000030517578,205.78399658203125,157
2014-12-03,216.0,220.8000030517578,201.60000610351562,216.0,212.87998962402344,83
2014-12-04,206.39999389648438,228.0,201.60000610351562,228.0,224.7066650390625,253
2014-12-05,228.0,228.0,220.8000030517578,228.0,224.7066650390625,29
2014-12-08,220.8000030517578,228.0,211.1999969482422,216.0,212.87998962402344,86
2014-12-09,216.0,216.0,204.0,216.0,212.87998962402344,185
2014-12-10,216.0,216.0,204.0,208.8000030517578,208.8000030517578,133
2014-12-11,213.60000610351562,213.60000610351562,208.8000030517578,208.8000030517578,208.8000030517578,92
2014-12-12,211.1999969482422,216.0,192.0,211.1999969482422,211.1999969482422,272
2014-12-15,204.0,211.1999969482422,199.1999969482422,211.1999969482422,211.1999969482422,162
2014-12-16,201.60000610351562,213.60000610351562,201.60000610351562,201.60000610351562,201.60000610351562,45
2014-12-17,206.39999389648438,211.1999969482422,196.8000030517578,208.8000030517578,208.8000030517578,60
2014-12-18,204.0,213.60000610351562,189.60000610351562,211.1999969482422,211.1999969482422,263
2014-12-19,204.0,213.60000610351562,196.8000030517578,213.60000610351562,213.60000610351562,236
2014-12-22,199.1999969482422,204.0,192.0,204.0,204.0,134
2014-12-23,192.0,201.60000610351562,192.0,192.0,192.0,543
2014-12-24,204.0,204.0,192.0,192.0,192.0,48
2014-12-26,192.0,204.0,184.8000030517578,201.60000610351562,201.60000610351562,341
2014-12-29,201.60000610351562,208.8000030517578,192.0,196.8000030517578,196.8000030517578,199
2014-12-30,196.8000030517578,199.1999969482422,184.8000030517578,196.8000030517578,196.8000030517578,170
2014-12-31,187.1999969482422,196.8000030517578,187.1999969482422,194.39999389648438,194.39999389648438,219
2015-01-02,187.1999969482422,208.8000030517578,180.0,204.0,204.0,78
2015-01-05,194.39999389648438,206.39999389648438,189.60000610351562,204.0,204.0,149
2015-01-06,199.1999969482422,204.0,199.1999969482422,204.0,204.0,73
2015-01-07,206.39999389648438,206.39999389648438,199.1999969482422,204.0,204.0,74
2015-01-08,204.0,208.8000030517578,204.0,204.0,204.0,63
2015-01-09,208.8000030517578,216.0,204.0,216.0,216.0,18
2015-01-12,206.39999389648438,216.0,206.39999389648438,216.0,216.0,87
2015-01-13,206.39999389648438,218.39999389648438,206.39999389648438,216.0,216.0,48
2015-01-14,216.0,216.0,216.0,216.0,216.0,4
2015-01-15,194.39999389648438,225.60000610351562,192.0,216.0,216.0,83
2015-01-16,228.0,228.0,216.0,216.0,216.0,176
2015-01-20,206.39999389648438,206.39999389648438,194.39999389648438,194.39999389648438,194.39999389648438,94
2015-01-21,206.39999389648438,218.39999389648438,201.60000610351562,211.1999969482422,211.1999969482422,70
2015-01-22,208.8000030517578,216.0,208.8000030517578,216.0,216.0,6
2015-01-23,216.0,216.0,204.0,211.1999969482422,211.1999969482422,8
2015-01-26,213.60000610351562,235.1999969482422,213.60000610351562,216.0,216.0,32
2015-01-27,216.0,216.0,192.0,216.0,216.0,278
2015-01-28,216.0,216.0,192.0,213.60000610351562,213.60000610351562,10
2015-01-29,216.0,216.0,216.0,216.0,216.0,4
2015-01-30,204.0,213.60000610351562,204.0,204.0,204.0,140
2015-02-02,204.0,213.60000610351562,204.0,204.0,204.0,89
2015-02-03,204.0,213.60000610351562,204.0,206.39999389648438,206.39999389648438,70
2015-02-04,206.39999389648438,211.1999969482422,204.0,204.0,204.0,39
2015-02-05,204.0,213.60000610351562,204.0,213.60000610351562,213.60000610351562,51
2015-02-06,208.8000030517578,216.0,208.8000030517578,208.8000030517578,208.8000030517578,35
2015-02-09,204.0,213.60000610351562,204.0,206.39999389648438,206.39999389648438,12
2015-02-10,204.0,211.1999969482422,204.0,211.1999969482422,211.1999969482422,7
2015-02-11,206.39999389648438,211.1999969482422,204.0,204.0,204.0,54
2015-02-12,204.0,208.8000030517578,194.39999389648438,204.0,204.0,53
2015-02-13,204.0,213.60000610351562,204.0,204.0,204.0,40
2015-02-17,201.60000610351562,211.1999969482422,199.1999969482422,208.8000030517578,208.8000030517578,8
2015-02-18,204.0,223.1999969482422,204.0,223.1999969482422,223.1999969482422,124
2015-02-19,216.0,218.39999389648438,206.39999389648438,213.60000610351562,213.60000610351562,9
2015-02-20,206.39999389648438,220.8000030517578,206.39999389648438,211.1999969482422,211.1999969482422,39
2015-02-23,213.60000610351562,228.0,213.60000610351562,218.39999389648438,218.39999389648438,84
2015-02-24,223.1999969482422,228.0,216.0,225.60000610351562,225.60000610351562,31
2015-02-25,235.1999969482422,235.1999969482422,220.8000030517578,220.8000030517578,220.8000030517578,202
2015-02-26,220.8000030517578,261.6000061035156,220.8000030517578,240.0,240.0,539
2015-02-27,249.60000610351562,259.20001220703125,244.8000030517578,249.60000610351562,249.60000610351562,106
2015-03-02,259.20001220703125,300.0,249.60000610351562,285.6000061035156,285.6000061035156,658
2015-03-03,271.20001220703125,288.0,242.39999389648438,288.0,288.0,405
2015-03-04,285.6000061035156,297.6000061035156,264.0,271.20001220703125,271.20001220703125,42
2015-03-05,285.6000061035156,285.6000061035156,264.0,266.3999938964844,266.3999938964844,68
2015-03-06,285.6000061035156,300.0,264.0,271.20001220703125,271.20001220703125,417
2015-03-09,271.20001220703125,300.0,271.20001220703125,288.0,288.0,55
2015-03-10,278.3999938964844,297.6000061035156,256.79998779296875,264.0,264.0,324
2015-03-11,264.0,276.0,240.0,252.0,252.0,321
2015-03-12,247.1999969482422,264.0,240.0,264.0,264.0,257
2015-03-13,252.0,273.6000061035156,247.1999969482422,264.0,264.0,27
2015-03-16,264.0,283.20001220703125,264.0,271.20001220703125,271.20001220703125,93
2015-03-17,278.3999938964844,290.3999938964844,278.3999938964844,283.20001220703125,283.20001220703125,35
2015-03-18,283.20001220703125,300.0,273.6000061035156,278.3999938964844,278.3999938964844,534
2015-03-19,278.3999938964844,295.20001220703125,278.3999938964844,285.6000061035156,285.6000061035156,68
2015-03-20,280.79998779296875,295.20001220703125,276.0,295.20001220703125,295.20001220703125,134
2015-03-23,295.20001220703125,307.20001220703125,292.79998779296875,297.6000061035156,297.6000061035156,135
2015-03-24,307.20001220703125,309.6000061035156,280.79998779296875,292.79998779296875,292.79998779296875,242
2015-03-25,297.6000061035156,297.6000061035156,276.0,280.79998779296875,280.79998779296875,127
2015-03-26,280.79998779296875,283.20001220703125,280.79998779296875,280.79998779296875,280.79998779296875,151
2015-03-27,285.6000061035156,285.6000061035156,268.79998779296875,268.79998779296875,268.79998779296875,104
2015-03-30,268.79998779296875,283.20001220703125,268.79998779296875,271.20001220703125,271.20001220703125,133
2015-03-31,264.0,278.3999938964844,249.60000610351562,278.3999938964844,278.3999938964844,95
2015-04-01,264.0,283.20001220703125,264.0,280.79998779296875,280.79998779296875,41
2015-04-02,280.79998779296875,288.0,271.20001220703125,280.79998779296875,280.79998779296875,190
2015-04-06,285.6000061035156,285.6000061035156,276.0,283.20001220703125,283.20001220703125,52
2015-04-07,280.79998779296875,283.20001220703125,273.6000061035156,280.79998779296875,280.79998779296875,262
2015-04-08,288.0,300.0,280.79998779296875,280.79998779296875,280.79998779296875,201
2015-04-09,288.0,300.0,283.20001220703125,290.3999938964844,290.3999938964844,178
2015-04-10,283.20001220703125,367.20001220703125,283.20001220703125,302.3999938964844,302.3999938964844,3320
2015-04-13,314.3999938964844,328.79998779296875,300.0,314.3999938964844,314.3999938964844,717
2015-04-14,350.3999938964844,465.6000061035156,328.79998779296875,338.3999938964844,338.3999938964844,21265
2015-04-15,326.3999938964844,340.79998779296875,316.79998779296875,324.0,324.0,1816
2015-04-16,338.3999938964844,355.20001220703125,324.0,333.6000061035156,333.6000061035156,482
2015-04-17,336.0,348.0,324.0,340.79998779296875,340.79998779296875,330
2015-04-20,336.0,336.0,300.0,307.20001220703125,307.20001220703125,459
2015-04-21,290.3999938964844,312.0,288.0,312.0,312.0,398
2015-04-22,297.6000061035156,324.0,295.20001220703125,304.79998779296875,304.79998779296875,279
2015-04-23,312.0,324.0,295.20001220703125,319.20001220703125,319.20001220703125,393
2015-04-24,314.3999938964844,326.3999938964844,307.20001220703125,314.3999938964844,314.3999938964844,157
2015-04-27,312.0,333.6000061035156,312.0,324.0,324.0,340
2015-04-28,326.3999938964844,333.6000061035156,316.79998779296875,326.3999938964844,326.3999938964844,455
2015-04-29,333.6000061035156,343.20001220703125,326.3999938964844,331.20001220703125,331.20001220703125,385
2015-04-30,333.6000061035156,352.79998779296875,324.0,338.3999938964844,338.3999938964844,234
2015-05-01,340.79998779296875,348.0,324.0,336.0,336.0,271
2015-05-04,333.6000061035156,336.0,324.0,331.20001220703125,331.20001220703125,145
2015-05-05,333.6000061035156,333.6000061035156,324.0,326.3999938964844,326.3999938964844,46
2015-05-06,326.3999938964844,328.79998779296875,316.79998779296875,316.79998779296875,316.79998779296875,80
2015-05-07,312.0,312.0,290.3999938964844,309.6000061035156,309.6000061035156,320
2015-05-08,312.0,312.0,256.79998779296875,295.20001220703125,295.20001220703125,105
2015-05-11,295.20001220703125,300.0,280.79998779296875,288.0,288.0,274
2015-05-12,278.3999938964844,302.3999938964844,278.3999938964844,290.3999938964844,290.3999938964844,203
2015-05-13,295.20001220703125,295.20001220703125,271.20001220703125,278.3999938964844,278.3999938964844,75
2015-05-14,283.20001220703125,285.6000061035156,264.0,283.20001220703125,283.20001220703125,111
2015-05-15,280.79998779296875,280.79998779296875,266.3999938964844,268.79998779296875,268.79998779296875,112
2015-05-18,266.3999938964844,285.6000061035156,266.3999938964844,283.20001220703125,283.20001220703125,267
2015-05-19,266.3999938964844,285.6000061035156,237.60000610351562,278.3999938964844,278.3999938964844,219
2015-05-20,276.0,278.3999938964844,259.20001220703125,278.3999938964844,278.3999938964844,99
2015-05-21,276.0,283.20001220703125,261.6000061035156,273.6000061035156,273.6000061035156,252
2015-05-22,261.6000061035156,271.20001220703125,261.6000061035156,268.79998779296875,268.79998779296875,100
2015-05-26,261.6000061035156,276.0,256.79998779296875,268.79998779296875,268.79998779296875,208
2015-05-27,276.0,276.0,268.79998779296875,273.6000061035156,273.6000061035156,67
2015-05-28,268.79998779296875,276.0,261.6000061035156,266.3999938964844,266.3999938964844,61
2015-05-29,256.79998779296875,276.0,256.79998779296875,268.79998779296875,268.79998779296875,148
2015-06-01,276.0,314.3999938964844,276.0,314.3999938964844,314.3999938964844,332
2015-06-02,316.79998779296875,331.20001220703125,314.3999938964844,321.6000061035156,321.6000061035156,279
2015-06-03,336.0,336.0,312.0,314.3999938964844,314.3999938964844,91
2015-06-04,336.0,350.3999938964844,285.6000061035156,285.6000061035156,285.6000061035156,356
2015-06-05,285.6000061035156,309.6000061035156,273.6000061035156,276.0,276.0,145
2015-06-08,278.3999938964844,312.0,276.0,283.20001220703125,283.20001220703125,98
2015-06-09,276.0,290.3999938964844,276.0,288.0,288.0,160
2015-06-10,285.6000061035156,285.6000061035156,276.0,276.0,276.0,99
2015-06-11,283.20001220703125,290.3999938964844,283.20001220703125,290.3999938964844,290.3999938964844,23
2015-06-12,280.79998779296875,290.3999938964844,280.79998779296875,283.20001220703125,283.20001220703125,60
2015-06-15,297.6000061035156,297.6000061035156,280.79998779296875,283.20001220703125,283.20001220703125,99
2015-06-16,280.79998779296875,285.6000061035156,276.0,280.79998779296875,280.79998779296875,126
2015-06-17,288.0,288.0,266.3999938964844,266.3999938964844,266.3999938964844,214
2015-06-18,276.0,285.6000061035156,276.0,278.3999938964844,278.3999938964844,291
2015-06-19,276.0,283.20001220703125,276.0,276.0,276.0,191
2015-06-22,280.79998779296875,280.79998779296875,276.0,276.0,276.0,102
2015-06-23,278.3999938964844,297.6000061035156,276.0,283.20001220703125,283.20001220703125,53
2015-06-24,280.79998779296875,283.20001220703125,276.0,276.0,276.0,123
2015-06-25,278.3999938964844,283.20001220703125,276.0,278.3999938964844,278.3999938964844,138
2015-06-26,280.79998779296875,280.79998779296875,276.0,276.0,276.0,187
2015-06-29,278.3999938964844,278.3999938964844,276.0,276.0,276.0,334
2015-06-30,278.3999938964844,283.20001220703125,276.0,276.0,276.0,41
2015-07-01,280.79998779296875,283.20001220703125,278.3999938964844,278.3999938964844,278.3999938964844,65
2015-07-02,278.3999938964844,283.20001220703125,276.0,276.0,276.0,68
2015-07-06,276.0,278.3999938964844,276.0,276.0,276.0,367
2015-07-07,276.0,276.0,240.0,244.8000030517578,244.8000030517578,898
2015-07-08,247.1999969482422,249.60000610351562,220.8000030517578,230.39999389648438,230.39999389648438,117
2015-07-09,235.1999969482422,259.20001220703125,225.60000610351562,244.8000030517578,244.8000030517578,180
2015-07-10,247.1999969482422,256.79998779296875,247.1999969482422,254.39999389648438,254.39999389648438,43
2015-07-13,247.1999969482422,254.39999389648438,247.1999969482422,254.39999389648438,254.39999389648438,14
2015-07-14,244.8000030517578,249.60000610351562,228.0,235.1999969482422,235.1999969482422,178
2015-07-15,228.0,237.60000610351562,228.0,237.60000610351562,237.60000610351562,151
2015-07-16,232.8000030517578,232.8000030517578,228.0,232.8000030517578,232.8000030517578,100
2015-07-17,230.39999389648438,242.39999389648438,230.39999389648438,240.0,240.0,21
2015-07-20,230.39999389648438,242.39999389648438,230.39999389648438,230.39999389648438,230.39999389648438,35
2015-07-21,232.8000030517578,240.0,230.39999389648438,230.39999389648438,230.39999389648438,14
2015-07-22,230.39999389648438,235.1999969482422,230.39999389648438,230.39999389648438,230.39999389648438,16
2015-07-23,230.39999389648438,235.1999969482422,230.39999389648438,230.39999389648438,230.39999389648438,49
2015-07-24,230.39999389648438,237.60000610351562,230.39999389648438,235.1999969482422,235.1999969482422,43
2015-07-27,237.60000610351562,237.60000610351562,230.39999389648438,237.60000610351562,237.60000610351562,56
2015-07-28,230.39999389648438,268.79998779296875,230.39999389648438,259.20001220703125,259.20001220703125,763
2015-07-29,249.60000610351562,249.60000610351562,235.1999969482422,249.60000610351562,249.60000610351562,13
2015-07-30,244.8000030517578,247.1999969482422,232.8000030517578,242.39999389648438,242.39999389648438,358
2015-07-31,232.8000030517578,249.60000610351562,232.8000030517578,249.60000610351562,249.60000610351562,150
2015-08-03,247.1999969482422,247.1999969482422,232.8000030517578,232.8000030517578,232.8000030517578,65
2015-08-04,237.60000610351562,264.0,235.1999969482422,259.20001220703125,259.20001220703125,306
2015-08-05,259.20001220703125,268.79998779296875,242.39999389648438,247.1999969482422,247.1999969482422,433
2015-08-06,240.0,259.20001220703125,228.0,242.39999389648438,242.39999389648438,220
2015-08-07,235.1999969482422,244.8000030517578,225.60000610351562,228.0,228.0,24
2015-08-10,237.60000610351562,240.0,230.39999389648438,237.60000610351562,237.60000610351562,51
2015-08-11,237.60000610351562,237.60000610351562,225.60000610351562,235.1999969482422,235.1999969482422,28
2015-08-12,228.0,235.1999969482422,220.8000030517578,235.1999969482422,235.1999969482422,30
2015-08-13,223.1999969482422,235.1999969482422,216.0,216.0,216.0,17
2015-08-14,218.39999389648438,235.1999969482422,216.0,223.1999969482422,223.1999969482422,26
2015-08-17,235.1999969482422,237.60000610351562,235.1999969482422,237.60000610351562,237.60000610351562,8
2015-08-18,240.0,240.0,216.0,237.60000610351562,237.60000610351562,209
2015-08-19,228.0,232.8000030517578,225.60000610351562,225.60000610351562,225.60000610351562,54
2015-08-20,225.60000610351562,225.60000610351562,206.39999389648438,213.60000610351562,213.60000610351562,69
2015-08-21,206.39999389648438,213.60000610351562,204.0,204.0,204.0,28
2015-08-24,170.39999389648438,182.39999389648438,170.39999389648438,182.39999389648438,182.39999389648438,51
2015-08-25,196.8000030517578,196.8000030517578,180.0,182.39999389648438,182.39999389648438,55
2015-08-26,189.60000610351562,189.60000610351562,172.8000030517578,184.8000030517578,184.8000030517578,195
2015-08-27,184.8000030517578,189.60000610351562,182.39999389648438,189.60000610351562,189.60000610351562,150
2015-08-28,189.60000610351562,189.60000610351562,180.0,187.1999969482422,187.1999969482422,45
2015-08-31,187.1999969482422,189.60000610351562,177.60000610351562,180.0,180.0,50
2015-09-01,189.60000610351562,189.60000610351562,187.1999969482422,187.1999969482422,187.1999969482422,5
2015-09-02,187.1999969482422,187.1999969482422,187.1999969482422,187.1999969482422,187.1999969482422,0
2015-09-03,187.1999969482422,192.0,180.0,192.0,192.0,102
2015-09-04,192.0,192.0,192.0,192.0,192.0,0
2015-09-08,180.0,216.0,180.0,211.1999969482422,211.1999969482422,87
2015-09-09,218.39999389648438,218.39999389648438,199.1999969482422,211.1999969482422,211.1999969482422,23
2015-09-10,211.1999969482422,211.1999969482422,196.8000030517578,208.8000030517578,208.8000030517578,33
2015-09-11,216.0,216.0,184.8000030517578,184.8000030517578,184.8000030517578,11
2015-09-14,184.8000030517578,187.1999969482422,184.8000030517578,187.1999969482422,187.1999969482422,4
2015-09-15,201.60000610351562,201.60000610351562,201.60000610351562,201.60000610351562,201.60000610351562,8
2015-09-16,213.60000610351562,213.60000610351562,211.1999969482422,213.60000610351562,213.60000610351562,30
2015-09-17,206.39999389648438,213.60000610351562,206.39999389648438,213.60000610351562,213.60000610351562,1
2015-09-18,204.0,204.0,204.0,204.0,204.0,1
2015-09-21,180.0,199.1999969482422,180.0,189.60000610351562,189.60000610351562,65
2015-09-22,184.8000030517578,204.0,184.8000030517578,201.60000610351562,201.60000610351562,83
2015-09-23,189.60000610351562,189.60000610351562,184.8000030517578,184.8000030517578,184.8000030517578,28
2015-09-24,184.8000030517578,184.8000030517578,184.8000030517578,184.8000030517578,184.8000030517578,0
2015-09-25,182.39999389648438,201.60000610351562,182.39999389648438,187.1999969482422,187.1999969482422,74
2015-09-28,182.39999389648438,189.60000610351562,180.0,180.0,180.0,164
2015-09-29,199.1999969482422,199.1999969482422,182.39999389648438,182.39999389648438,182.39999389648438,10
2015-09-30,182.39999389648438,187.1999969482422,180.0,187.1999969482422,187.1999969482422,91
2015-10-01,180.0,187.1999969482422,180.0,180.0,180.0,15
2015-10-02,180.0,187.1999969482422,180.0,180.0,180.0,18
2015-10-05,187.1999969482422,199.1999969482422,187.1999969482422,199.1999969482422,199.1999969482422,88
2015-10-06,199.1999969482422,201.60000610351562,189.60000610351562,201.60000610351562,201.60000610351562,84
2015-10-07,192.0,237.60000610351562,192.0,237.60000610351562,237.60000610351562,39
2015-10-08,235.1999969482422,235.1999969482422,211.1999969482422,216.0,216.0,62
2015-10-09,201.60000610351562,228.0,201.60000610351562,218.39999389648438,218.39999389648438,58
2015-10-12,218.39999389648438,240.0,216.0,237.60000610351562,237.60000610351562,70
2015-10-13,237.60000610351562,237.60000610351562,232.8000030517578,237.60000610351562,237.60000610351562,46
2015-10-14,220.8000030517578,256.79998779296875,218.39999389648438,249.60000610351562,249.60000610351562,95
2015-10-15,230.39999389648438,230.39999389648438,230.39999389648438,230.39999389648438,230.39999389648438,5
2015-10-16,216.0,240.0,216.0,225.60000610351562,225.60000610351562,10
2015-10-19,218.39999389648438,232.8000030517578,218.39999389648438,218.39999389648438,218.39999389648438,35
2015-10-20,237.60000610351562,237.60000610351562,218.39999389648438,237.60000610351562,237.60000610351562,10
2015-10-21,235.1999969482422,276.0,235.1999969482422,237.60000610351562,237.60000610351562,194
2015-10-22,273.6000061035156,273.6000061035156,237.60000610351562,256.79998779296875,256.79998779296875,86
2015-10-23,254.39999389648438,254.39999389648438,249.60000610351562,252.0,252.0,11
2015-10-26,247.1999969482422,254.39999389648438,232.8000030517578,232.8000030517578,232.8000030517578,11
2015-10-27,249.60000610351562,249.60000610351562,249.60000610351562,249.60000610351562,249.60000610351562,2
2015-10-28,247.1999969482422,249.60000610351562,230.39999389648438,249.60000610351562,249.60000610351562,33
2015-10-29,218.39999389648438,249.60000610351562,218.39999389648438,225.60000610351562,225.60000610351562,115
2015-10-30,235.1999969482422,249.60000610351562,223.1999969482422,240.0,240.0,23
2015-11-02,240.0,240.0,240.0,240.0,240.0,43
2015-11-03,249.60000610351562,249.60000610351562,240.0,242.39999389648438,242.39999389648438,39
2015-11-04,235.1999969482422,242.39999389648438,235.1999969482422,242.39999389648438,242.39999389648438,2
2015-11-05,244.8000030517578,244.8000030517578,244.8000030517578,244.8000030517578,244.8000030517578,4
2015-11-06,230.39999389648438,230.39999389648438,230.39999389648438,230.39999389648438,230.39999389648438,13
2015-11-09,230.39999389648438,230.39999389648438,230.39999389648438,230.39999389648438,230.39999389648438,0
2015-11-10,235.1999969482422,237.60000610351562,223.1999969482422,225.60000610351562,225.60000610351562,38
2015-11-11,237.60000610351562,237.60000610351562,228.0,230.39999389648438,230.39999389648438,14
2015-11-12,228.0,230.39999389648438,223.1999969482422,223.1999969482422,223.1999969482422,24
2015-11-13,223.1999969482422,230.39999389648438,223.1999969482422,230.39999389648438,230.39999389648438,11
2015-11-16,230.39999389648438,235.1999969482422,230.39999389648438,230.39999389648438,230.39999389648438,5
2015-11-17,225.60000610351562,230.39999389648438,216.0,216.0,216.0,4
2015-11-18,230.39999389648438,230.39999389648438,204.0,211.1999969482422,211.1999969482422,91
2015-11-19,225.60000610351562,240.0,218.39999389648438,220.8000030517578,220.8000030517578,160
2015-11-20,225.60000610351562,235.1999969482422,225.60000610351562,230.39999389648438,230.39999389648438,82
2015-11-23,247.1999969482422,247.1999969482422,240.0,240.0,240.0,54
2015-11-24,230.39999389648438,230.39999389648438,211.1999969482422,216.0,216.0,91
2015-11-25,220.8000030517578,223.1999969482422,220.8000030517578,220.8000030517578,220.8000030517578,10
2015-11-27,235.1999969482422,240.0,235.1999969482422,237.60000610351562,237.60000610351562,21
2015-11-30,232.8000030517578,232.8000030517578,225.60000610351562,230.39999389648438,230.39999389648438,141
2015-12-01,235.1999969482422,273.6000061035156,230.39999389648438,261.6000061035156,261.6000061035156,222
2015-12-02,264.0,302.3999938964844,254.39999389648438,288.0,288.0,612
2015-12-03,244.8000030517578,292.79998779296875,244.8000030517578,276.0,276.0,108
2015-12-04,285.6000061035156,285.6000061035156,254.39999389648438,256.79998779296875,256.79998779296875,14
2015-12-07,252.0,266.3999938964844,244.8000030517578,256.79998779296875,256.79998779296875,193
2015-12-08,254.39999389648438,254.39999389648438,223.1999969482422,240.0,240.0,57
2015-12-09,235.1999969482422,247.1999969482422,230.39999389648438,237.60000610351562,237.60000610351562,15
2015-12-10,223.1999969482422,232.8000030517578,223.1999969482422,232.8000030517578,232.8000030517578,40
2015-12-11,223.1999969482422,230.39999389648438,220.8000030517578,220.8000030517578,220.8000030517578,83
2015-12-14,220.8000030517578,223.1999969482422,206.39999389648438,218.39999389648438,218.39999389648438,40
2015-12-15,220.8000030517578,220.8000030517578,218.39999389648438,220.8000030517578,220.8000030517578,93
2015-12-16,213.60000610351562,223.1999969482422,213.60000610351562,223.1999969482422,223.1999969482422,24
2015-12-17,232.8000030517578,232.8000030517578,228.0,228.0,228.0,8
2015-12-18,220.8000030517578,235.1999969482422,220.8000030517578,235.1999969482422,235.1999969482422,36
2015-12-21,220.8000030517578,240.0,220.8000030517578,240.0,240.0,11
2015-12-22,230.39999389648438,240.0,228.0,240.0,240.0,39
2015-12-23,240.0,240.0,216.0,232.8000030517578,232.8000030517578,89
2015-12-24,225.60000610351562,225.60000610351562,225.60000610351562,225.60000610351562,225.60000610351562,1
2015-12-28,237.60000610351562,237.60000610351562,223.1999969482422,232.8000030517578,232.8000030517578,5
2015-12-29,232.8000030517578,232.8000030517578,223.1999969482422,228.0,228.0,30
2015-12-30,223.1999969482422,240.0,223.1999969482422,237.60000610351562,237.60000610351562,57
2015-12-31,228.0,235.1999969482422,223.1999969482422,235.1999969482422,235.1999969482422,77
2016-01-04,240.0,240.0,225.60000610351562,237.60000610351562,237.60000610351562,41
2016-01-05,230.39999389648438,240.0,228.0,228.0,228.0,110
2016-01-06,240.0,285.6000061035156,232.8000030517578,259.20001220703125,259.20001220703125,882
2016-01-07,271.20001220703125,271.20001220703125,223.1999969482422,230.39999389648438,230.39999389648438,280
2016-01-08,225.60000610351562,240.0,225.60000610351562,240.0,240.0,60
2016-01-11,237.60000610351562,240.0,225.60000610351562,232.8000030517578,232.8000030517578,58
2016-01-12,240.0,240.0,204.0,223.1999969482422,223.1999969482422,84
2016-01-13,218.39999389648438,232.8000030517578,199.1999969482422,213.60000610351562,213.60000610351562,164
2016-01-14,216.0,228.0,216.0,228.0,228.0,7
2016-01-15,199.1999969482422,216.0,196.8000030517578,213.60000610351562,213.60000610351562,83
2016-01-19,213.60000610351562,223.1999969482422,201.60000610351562,213.60000610351562,213.60000610351562,24
2016-01-20,196.8000030517578,196.8000030517578,180.0,189.60000610351562,189.60000610351562,59
2016-01-21,194.39999389648438,204.0,194.39999389648438,204.0,204.0,4
2016-01-22,199.1999969482422,208.8000030517578,194.39999389648438,196.8000030517578,196.8000030517578,75
2016-01-25,199.1999969482422,208.8000030517578,199.1999969482422,208.8000030517578,208.8000030517578,18
2016-01-26,208.8000030517578,208.8000030517578,192.0,204.0,204.0,24
2016-01-27,204.0,206.39999389648438,201.60000610351562,206.39999389648438,206.39999389648438,8
2016-01-28,206.39999389648438,206.39999389648438,206.39999389648438,206.39999389648438,206.39999389648438,4
2016-01-29,208.8000030517578,216.0,206.39999389648438,216.0,216.0,53
2016-02-01,216.0,225.60000610351562,213.60000610351562,216.0,216.0,60
2016-02-02,216.0,216.0,204.0,204.0,204.0,41
2016-02-03,206.39999389648438,206.39999389648438,204.0,204.0,204.0,65
2016-02-04,192.0,192.0,127.19999694824219,132.0,132.0,1360
2016-02-05,134.39999389648438,148.8000030517578,127.19999694824219,132.0,132.0,429
2016-02-08,139.1999969482422,139.1999969482422,115.19999694824219,120.0,120.0,368
2016-02-09,115.19999694824219,115.19999694824219,88.80000305175781,105.5999984741211,105.5999984741211,505
2016-02-10,98.4000015258789,103.19999694824219,91.19999694824219,93.5999984741211,93.5999984741211,194
2016-02-11,91.19999694824219,93.5999984741211,76.80000305175781,91.19999694824219,91.19999694824219,608
2016-02-12,120.0,120.0,74.4000015258789,86.4000015258789,86.4000015258789,469
2016-02-16,93.5999984741211,93.5999984741211,79.19999694824219,84.0,84.0,359
2016-02-17,96.0,96.0,84.0,96.0,96.0,553
2016-02-18,96.0,117.5999984741211,96.0,115.19999694824219,115.19999694824219,890
2016-02-19,120.0,120.0,110.4000015258789,115.19999694824219,115.19999694824219,375
2016-02-22,120.0,132.0,112.80000305175781,120.0,120.0,245
2016-02-23,100.80000305175781,122.4000015258789,96.0,115.19999694824219,115.19999694824219,2217
2016-02-24,120.0,120.0,100.80000305175781,110.4000015258789,110.4000015258789,270
2016-02-25,108.0,112.80000305175781,105.5999984741211,108.0,108.0,483
2016-02-26,110.4000015258789,110.4000015258789,98.4000015258789,98.4000015258789,98.4000015258789,187
2016-02-29,98.4000015258789,105.5999984741211,98.4000015258789,98.4000015258789,98.4000015258789,142
2016-03-01,103.19999694824219,108.0,93.5999984741211,108.0,108.0,363
2016-03-02,108.0,108.0,100.80000305175781,108.0,108.0,249
2016-03-03,108.0,108.0,100.80000305175781,105.5999984741211,105.5999984741211,58
2016-03-04,100.80000305175781,105.5999984741211,93.5999984741211,96.0,96.0,643
2016-03-07,93.5999984741211,105.5999984741211,91.19999694824219,100.80000305175781,100.80000305175781,873
2016-03-08,103.19999694824219,105.5999984741211,96.0,96.0,96.0,595
2016-03-09,96.0,100.80000305175781,93.5999984741211,96.0,96.0,335
2016-03-10,93.5999984741211,98.4000015258789,93.5999984741211,96.0,96.0,302
2016-03-11,93.5999984741211,98.4000015258789,88.80000305175781,96.0,96.0,275
2016-03-14,98.4000015258789,98.4000015258789,93.5999984741211,93.5999984741211,93.5999984741211,198
2016-03-15,98.4000015258789,98.4000015258789,88.80000305175781,96.0,96.0,180
2016-03-16,96.0,96.0,84.0,84.0,84.0,280
2016-03-17,84.0,93.5999984741211,84.0,93.5999984741211,93.5999984741211,14
2016-03-18,93.5999984741211,93.5999984741211,88.80000305175781,88.80000305175781,88.80000305175781,92
2016-03-21,86.4000015258789,98.4000015258789,86.4000015258789,91.19999694824219,91.19999694824219,1138
2016-03-22,91.19999694824219,96.0,84.0,91.19999694824219,91.19999694824219,458
2016-03-23,93.5999984741211,93.5999984741211,84.0,86.4000015258789,86.4000015258789,425
2016-03-24,86.4000015258789,91.19999694824219,86.4000015258789,91.19999694824219,91.19999694824219,40
2016-03-28,86.4000015258789,91.19999694824219,84.0,91.19999694824219,91.19999694824219,140
2016-03-29,93.5999984741211,98.4000015258789,81.5999984741211,96.0,96.0,424
2016-03-30,96.0,96.0,84.0,96.0,96.0,328
2016-03-31,96.0,96.0,91.19999694824219,91.19999694824219,91.19999694824219,148
2016-04-01,91.19999694824219,93.5999984741211,86.4000015258789,91.19999694824219,91.19999694824219,450
2016-04-04,91.19999694824219,91.19999694824219,86.4000015258789,86.4000015258789,86.4000015258789,396
2016-04-05,86.4000015258789,91.19999694824219,84.0,86.4000015258789,86.4000015258789,293
2016-04-06,91.19999694824219,93.5999984741211,88.80000305175781,93.5999984741211,93.5999984741211,285
2016-04-07,91.19999694824219,91.19999694824219,84.0,91.19999694824219,91.19999694824219,148
2016-04-08,84.0,96.0,81.5999984741211,96.0,96.0,586
2016-04-11,86.4000015258789,96.0,86.4000015258789,93.5999984741211,93.5999984741211,278
2016-04-12,91.19999694824219,93.5999984741211,86.4000015258789,93.5999984741211,93.5999984741211,210
2016-04-13,93.5999984741211,108.0,91.19999694824219,98.4000015258789,98.4000015258789,1754
2016-04-14,100.80000305175781,117.5999984741211,91.19999694824219,103.19999694824219,103.19999694824219,1959
2016-04-15,108.0,117.5999984741211,103.19999694824219,112.80000305175781,112.80000305175781,812
2016-04-18,115.19999694824219,148.8000030517578,108.0,122.4000015258789,122.4000015258789,9410
2016-04-19,120.0,132.0,100.80000305175781,105.5999984741211,105.5999984741211,1506
2016-04-20,108.0,110.4000015258789,86.4000015258789,86.4000015258789,86.4000015258789,3037
2016-04-21,98.4000015258789,100.80000305175781,79.19999694824219,93.5999984741211,93.5999984741211,1320
2016-04-22,93.5999984741211,93.5999984741211,86.4000015258789,88.80000305175781,88.80000305175781,159
2016-04-25,88.80000305175781,91.19999694824219,81.5999984741211,84.0,84.0,388
2016-04-26,86.4000015258789,93.5999984741211,84.0,86.4000015258789,86.4000015258789,542
2016-04-27,91.19999694824219,91.19999694824219,86.4000015258789,91.19999694824219,91.19999694824219,84
2016-04-28,93.5999984741211,96.0,86.4000015258789,93.5999984741211,93.5999984741211,225
2016-04-29,98.4000015258789,98.4000015258789,86.4000015258789,91.19999694824219,91.19999694824219,135
2016-05-02,91.19999694824219,91.19999694824219,86.4000015258789,91.19999694824219,91.19999694824219,65
2016-05-03,86.4000015258789,91.19999694824219,84.0,86.4000015258789,86.4000015258789,623
2016-05-04,86.4000015258789,91.19999694824219,84.0,91.19999694824219,91.19999694824219,359
2016-05-05,86.4000015258789,86.4000015258789,79.19999694824219,84.0,84.0,623
2016-05-06,84.0,84.0,79.19999694824219,84.0,84.0,131
2016-05-09,81.5999984741211,81.5999984741211,79.19999694824219,79.19999694824219,79.19999694824219,218
2016-05-10,84.0,84.0,79.19999694824219,79.19999694824219,79.19999694824219,144
2016-05-11,84.0,84.0,74.4000015258789,79.19999694824219,79.19999694824219,594
2016-05-12,76.80000305175781,81.5999984741211,72.0,81.5999984741211,81.5999984741211,729
2016-05-13,79.19999694824219,79.19999694824219,72.0,76.80000305175781,76.80000305175781,162
2016-05-16,74.4000015258789,76.80000305175781,64.80000305175781,67.19999694824219,67.19999694824219,420
2016-05-17,69.5999984741211,69.5999984741211,64.80000305175781,69.5999984741211,69.5999984741211,111
2016-05-18,69.5999984741211,72.0,69.5999984741211,72.0,72.0,300
2016-05-19,72.0,72.0,69.5999984741211,72.0,72.0,88
2016-05-20,69.5999984741211,74.4000015258789,69.5999984741211,72.0,72.0,206
2016-05-23,74.4000015258789,74.4000015258789,72.0,74.4000015258789,74.4000015258789,63
2016-05-24,72.0,79.19999694824219,72.0,79.19999694824219,79.19999694824219,58
2016-05-25,76.80000305175781,84.0,76.80000305175781,79.19999694824219,79.19999694824219,519
2016-05-26,79.19999694824219,84.0,79.19999694824219,79.19999694824219,79.19999694824219,212
2016-05-27,79.19999694824219,84.0,79.19999694824219,84.0,84.0,136
2016-05-31,84.0,86.4000015258789,79.19999694824219,84.0,84.0,244
2016-06-01,81.5999984741211,84.0,79.19999694824219,81.5999984741211,81.5999984741211,163
2016-06-02,84.0,91.19999694824219,84.0,84.0,84.0,223
2016-06-03,84.0,93.5999984741211,84.0,91.19999694824219,91.19999694824219,172
2016-06-06,91.19999694824219,91.19999694824219,86.4000015258789,91.19999694824219,91.19999694824219,644
2016-06-07,91.19999694824219,98.4000015258789,88.80000305175781,91.19999694824219,91.19999694824219,794
2016-06-08,91.19999694824219,91.19999694824219,88.80000305175781,88.80000305175781,88.80000305175781,366
2016-06-09,88.80000305175781,96.0,86.4000015258789,86.4000015258789,86.4000015258789,98
2016-06-10,88.80000305175781,93.5999984741211,79.19999694824219,86.4000015258789,86.4000015258789,111
2016-06-13,79.19999694824219,91.19999694824219,76.80000305175781,81.5999984741211,81.5999984741211,229
2016-06-14,81.5999984741211,96.0,76.80000305175781,86.4000015258789,86.4000015258789,373
2016-06-15,86.4000015258789,86.4000015258789,81.5999984741211,81.5999984741211,81.5999984741211,182
2016-06-16,81.5999984741211,86.4000015258789,79.19999694824219,84.0,84.0,444
2016-06-17,79.19999694824219,91.19999694824219,79.19999694824219,81.5999984741211,81.5999984741211,19
2016-06-20,84.0,91.19999694824219,79.19999694824219,79.19999694824219,79.19999694824219,193
2016-06-21,79.19999694824219,88.80000305175781,79.19999694824219,79.19999694824219,79.19999694824219,129
2016-06-22,86.4000015258789,86.4000015258789,79.19999694824219,81.5999984741211,81.5999984741211,93
2016-06-23,86.4000015258789,86.4000015258789,79.19999694824219,79.19999694824219,79.19999694824219,402
2016-06-24,84.0,86.4000015258789,84.0,86.4000015258789,86.4000015258789,589
2016-06-27,86.4000015258789,88.80000305175781,79.19999694824219,86.4000015258789,86.4000015258789,114
2016-06-28,76.5,110.0999984741211,76.5,85.19999694824219,85.19999694824219,753
2016-06-29,82.5,105.0,60.29999923706055,65.69999694824219,65.69999694824219,6450
2016-06-30,66.0,76.5,62.400001525878906,62.70000076293945,62.70000076293945,5030
2016-07-01,61.79999923706055,71.0999984741211,61.5,66.0,66.0,1220
2016-07-05,67.19999694824219,67.19999694824219,62.70000076293945,65.69999694824219,65.69999694824219,1033
2016-07-06,63.900001525878906,69.5999984741211,63.900001525878906,68.0999984741211,68.0999984741211,243
2016-07-07,65.69999694824219,69.0,64.5,68.0999984741211,68.0999984741211,753
2016-07-08,66.0,67.80000305175781,66.0,67.80000305175781,67.80000305175781,73
2016-07-11,68.0999984741211,72.0,67.19999694824219,68.4000015258789,68.4000015258789,353
2016-07-12,68.0999984741211,81.9000015258789,64.80000305175781,68.0999984741211,68.0999984741211,5987
2016-07-13,69.5999984741211,72.5999984741211,67.5,68.69999694824219,68.69999694824219,1180
2016-07-14,71.69999694824219,93.5999984741211,71.4000015258789,83.4000015258789,83.4000015258789,5537
2016-07-15,84.0,92.0999984741211,81.0,82.5,82.5,3610
2016-07-18,82.5,104.0999984741211,80.69999694824219,85.80000305175781,85.80000305175781,10427
2016-07-19,89.0999984741211,96.0,83.4000015258789,88.19999694824219,88.19999694824219,817
2016-07-20,92.4000015258789,99.0,80.0999984741211,94.19999694824219,94.19999694824219,6353
2016-07-21,92.0999984741211,93.5999984741211,81.30000305175781,81.30000305175781,81.30000305175781,1463
2016-07-22,83.69999694824219,117.5999984741211,83.4000015258789,90.5999984741211,90.5999984741211,21857
2016-07-25,96.5999984741211,182.10000610351562,96.5999984741211,159.0,159.0,589077
2016-07-26,141.3000030517578,164.6999969482422,131.10000610351562,150.0,150.0,120213
2016-07-27,146.39999389648438,154.8000030517578,118.80000305175781,127.80000305175781,127.80000305175781,24810
2016-07-28,121.80000305175781,127.5,114.30000305175781,125.0999984741211,125.0999984741211,12213
2016-07-29,120.0,122.4000015258789,112.5,120.0,120.0,4147
2016-08-01,120.9000015258789,121.5,116.4000015258789,118.80000305175781,118.80000305175781,3703
2016-08-02,117.9000015258789,119.4000015258789,108.9000015258789,112.19999694824219,112.19999694824219,3743
2016-08-03,111.30000305175781,120.0,105.5999984741211,116.69999694824219,116.69999694824219,2680
2016-08-04,115.80000305175781,120.0,112.80000305175781,119.4000015258789,119.4000015258789,1750
2016-08-05,117.9000015258789,122.4000015258789,116.0999984741211,116.0999984741211,116.0999984741211,927
2016-08-08,114.9000015258789,115.80000305175781,106.19999694824219,114.5999984741211,114.5999984741211,830
2016-08-09,114.9000015258789,115.80000305175781,111.30000305175781,112.5,112.5,330
2016-08-10,113.0999984741211,113.4000015258789,108.0,108.30000305175781,108.30000305175781,500
2016-08-11,107.69999694824219,109.19999694824219,106.5,108.9000015258789,108.9000015258789,673
2016-08-12,110.0999984741211,113.69999694824219,108.9000015258789,111.5999984741211,111.5999984741211,577
2016-08-15,112.80000305175781,114.0,106.80000305175781,108.0,108.0,1103
2016-08-16,108.9000015258789,111.0,100.19999694824219,105.0,105.0,1390
2016-08-17,101.0999984741211,111.0,95.0999984741211,95.0999984741211,95.0999984741211,4743
2016-08-18,96.0,104.0999984741211,96.0,99.0,99.0,913
2016-08-19,104.0999984741211,104.0999984741211,89.69999694824219,93.5999984741211,93.5999984741211,907
2016-08-22,97.80000305175781,97.80000305175781,84.0,86.0999984741211,86.0999984741211,1110
2016-08-23,86.4000015258789,91.19999694824219,85.19999694824219,88.19999694824219,88.19999694824219,460
2016-08-24,86.69999694824219,90.0,81.30000305175781,82.80000305175781,82.80000305175781,860
2016-08-25,86.4000015258789,86.4000015258789,82.80000305175781,82.80000305175781,82.80000305175781,150
2016-08-26,84.5999984741211,84.5999984741211,81.30000305175781,81.30000305175781,81.30000305175781,640
2016-08-29,81.5999984741211,98.4000015258789,81.5999984741211,94.19999694824219,94.19999694824219,8270
2016-08-30,95.69999694824219,97.80000305175781,84.5999984741211,87.9000015258789,87.9000015258789,1223
2016-08-31,89.4000015258789,90.0,84.30000305175781,84.5999984741211,84.5999984741211,860
2016-09-01,87.5999984741211,87.9000015258789,82.5,84.5999984741211,84.5999984741211,470
2016-09-02,82.80000305175781,83.4000015258789,72.30000305175781,81.9000015258789,81.9000015258789,3590
2016-09-06,81.0,85.5,80.69999694824219,82.5,82.5,637
2016-09-07,83.4000015258789,85.19999694824219,81.5999984741211,83.0999984741211,83.0999984741211,680
2016-09-08,84.5999984741211,85.5,78.30000305175781,82.19999694824219,82.19999694824219,4530
2016-09-09,84.5999984741211,84.9000015258789,76.19999694824219,77.0999984741211,77.0999984741211,1077
2016-09-12,80.0999984741211,80.0999984741211,72.5999984741211,77.4000015258789,77.4000015258789,777
2016-09-13,77.0999984741211,81.9000015258789,76.19999694824219,79.80000305175781,79.80000305175781,697
2016-09-14,74.0999984741211,82.80000305175781,74.0999984741211,79.5,79.5,523
2016-09-15,77.4000015258789,81.9000015258789,75.5999984741211,78.9000015258789,78.9000015258789,2477
2016-09-16,80.0999984741211,81.0,75.9000015258789,79.80000305175781,79.80000305175781,1657
2016-09-19,77.0999984741211,87.9000015258789,76.80000305175781,81.5999984741211,81.5999984741211,8613
2016-09-20,82.5,84.9000015258789,79.5,82.19999694824219,82.19999694824219,1443
2016-09-21,81.0,83.69999694824219,79.5,79.80000305175781,79.80000305175781,650
2016-09-22,81.5999984741211,86.0999984741211,81.5999984741211,84.30000305175781,84.30000305175781,857
2016-09-23,82.19999694824219,84.0,81.0,81.5999984741211,81.5999984741211,387
2016-09-26,82.5,86.4000015258789,82.5,84.0,84.0,1647
2016-09-27,84.30000305175781,92.4000015258789,84.30000305175781,89.4000015258789,89.4000015258789,2043
2016-09-28,96.30000305175781,117.9000015258789,95.0999984741211,106.5,106.5,34163
2016-09-29,106.80000305175781,106.80000305175781,90.0,95.0999984741211,95.0999984741211,2953
2016-09-30,96.0,96.0,90.9000015258789,93.30000305175781,93.30000305175781,913
2016-10-03,93.0,93.5999984741211,88.19999694824219,90.30000305175781,90.30000305175781,1297
2016-10-04,90.0,90.0,84.0,86.69999694824219,86.69999694824219,407
2016-10-05,89.0999984741211,89.0999984741211,84.30000305175781,86.69999694824219,86.69999694824219,363
2016-10-06,85.19999694824219,87.30000305175781,81.9000015258789,87.0,87.0,1947
2016-10-07,84.5999984741211,93.9000015258789,81.5999984741211,88.80000305175781,88.80000305175781,4237
2016-10-10,87.9000015258789,93.30000305175781,84.30000305175781,90.5999984741211,90.5999984741211,4260
2016-10-11,90.9000015258789,92.69999694824219,87.30000305175781,87.5999984741211,87.5999984741211,4417
2016-10-12,89.0999984741211,94.5,87.0,87.0,87.0,3987
2016-10-13,87.0,87.0,80.0999984741211,84.0,84.0,1733
2016-10-14,84.30000305175781,84.30000305175781,78.30000305175781,78.9000015258789,78.9000015258789,1467
2016-10-17,78.9000015258789,78.9000015258789,72.5999984741211,73.19999694824219,73.19999694824219,1717
2016-10-18,73.80000305175781,74.0999984741211,66.0,72.0,72.0,2263
2016-10-19,73.19999694824219,74.0999984741211,70.80000305175781,71.69999694824219,71.69999694824219,1240
2016-10-20,70.5,72.0,68.0999984741211,70.5,70.5,263
2016-10-21,69.5999984741211,71.0999984741211,69.5999984741211,71.0999984741211,71.0999984741211,137
2016-10-24,69.9000015258789,70.80000305175781,66.5999984741211,69.0,69.0,2980
2016-10-25,68.69999694824219,74.0999984741211,68.69999694824219,71.4000015258789,71.4000015258789,3970
2016-10-26,71.0999984741211,71.4000015258789,68.4000015258789,70.80000305175781,70.80000305175781,333
2016-10-27,68.69999694824219,68.69999694824219,65.69999694824219,67.5,67.5,183
2016-10-28,69.30000305175781,71.4000015258789,66.0,69.0,69.0,650
2016-10-31,69.0,71.4000015258789,68.0999984741211,68.4000015258789,68.4000015258789,447
2016-11-01,69.0,70.19999694824219,66.0,69.0,69.0,497
2016-11-02,67.5,67.5,64.5,66.0,66.0,747
2016-11-03,66.9000015258789,67.80000305175781,60.29999923706055,63.0,63.0,450
2016-11-04,62.70000076293945,67.5,60.0,66.9000015258789,66.9000015258789,3747
2016-11-07,67.5,73.80000305175781,65.69999694824219,67.5,67.5,4407
2016-11-08,67.5,69.0,62.099998474121094,65.4000015258789,65.4000015258789,1020
2016-11-09,65.0999984741211,67.5,62.70000076293945,65.4000015258789,65.4000015258789,1327
2016-11-10,65.69999694824219,72.0,65.69999694824219,71.0999984741211,71.0999984741211,587
2016-11-11,72.0,74.0999984741211,69.0,72.30000305175781,72.30000305175781,3250
2016-11-14,71.69999694824219,73.5,68.4000015258789,72.9000015258789,72.9000015258789,1790
2016-11-15,65.0999984741211,76.80000305175781,65.0999984741211,74.0999984741211,74.0999984741211,2027
2016-11-16,75.0,96.9000015258789,73.19999694824219,90.0,90.0,11183
2016-11-17,92.69999694824219,95.4000015258789,80.4000015258789,86.69999694824219,86.69999694824219,6677
2016-11-18,90.5999984741211,90.5999984741211,76.80000305175781,79.5,79.5,1550
2016-11-21,80.69999694824219,82.80000305175781,71.69999694824219,75.5999984741211,75.5999984741211,1500
2016-11-22,74.69999694824219,74.69999694824219,69.0,71.69999694824219,71.69999694824219,1697
2016-11-23,69.0,74.4000015258789,69.0,71.4000015258789,71.4000015258789,1273
2016-11-25,72.9000015258789,75.0,69.30000305175781,72.5999984741211,72.5999984741211,1247
2016-11-28,69.9000015258789,76.80000305175781,69.9000015258789,72.0,72.0,1927
2016-11-29,72.30000305175781,73.80000305175781,70.5,71.69999694824219,71.69999694824219,1077
2016-11-30,72.0,72.30000305175781,70.80000305175781,70.80000305175781,70.80000305175781,547
2016-12-01,71.4000015258789,75.0,71.0999984741211,73.19999694824219,73.19999694824219,883
2016-12-02,75.0,80.0999984741211,74.69999694824219,75.30000305175781,75.30000305175781,1643
2016-12-05,75.5999984741211,81.0,72.5999984741211,72.5999984741211,72.5999984741211,897
2016-12-06,72.9000015258789,75.30000305175781,72.9000015258789,73.5,73.5,283
2016-12-07,74.69999694824219,81.9000015258789,72.30000305175781,72.5999984741211,72.5999984741211,347
2016-12-08,72.0,75.5999984741211,72.0,72.5999984741211,72.5999984741211,330
2016-12-09,74.69999694824219,74.69999694824219,72.5999984741211,72.5999984741211,72.5999984741211,637
2016-12-12,72.5999984741211,72.5999984741211,67.80000305175781,68.4000015258789,68.4000015258789,790
2016-12-13,68.4000015258789,72.0,63.29999923706055,68.0999984741211,68.0999984741211,1007
2016-12-14,67.80000305175781,72.0,67.80000305175781,72.0,72.0,303
2016-12-15,69.9000015258789,72.5999984741211,66.5999984741211,70.80000305175781,70.80000305175781,1563
2016-12-16,70.19999694824219,71.69999694824219,68.0999984741211,71.0999984741211,71.0999984741211,3097
2016-12-19,69.5999984741211,72.0,67.19999694824219,71.0999984741211,71.0999984741211,1293
2016-12-20,69.0,71.69999694824219,67.80000305175781,68.69999694824219,68.69999694824219,1973
2016-12-21,68.69999694824219,69.0,68.0999984741211,68.69999694824219,68.69999694824219,400
2016-12-22,69.9000015258789,70.5,68.0999984741211,69.30000305175781,69.30000305175781,430
2016-12-23,69.9000015258789,69.9000015258789,66.9000015258789,67.80000305175781,67.80000305175781,823
2016-12-27,68.4000015258789,71.0999984741211,66.9000015258789,70.19999694824219,70.19999694824219,2777
2016-12-28,70.19999694824219,70.80000305175781,67.5,67.5,67.5,313
2016-12-29,68.4000015258789,70.5,68.0999984741211,69.30000305175781,69.30000305175781,220
2016-12-30,67.80000305175781,69.0,66.9000015258789,68.4000015258789,68.4000015258789,683
2017-01-03,68.69999694824219,72.0,68.4000015258789,68.69999694824219,68.69999694824219,1900
2017-01-04,71.69999694824219,71.69999694824219,61.20000076293945,65.0999984741211,65.0999984741211,4187
2017-01-05,65.69999694824219,68.69999694824219,61.79999923706055,65.4000015258789,65.4000015258789,1047
2017-01-06,63.29999923706055,67.19999694824219,63.29999923706055,64.5,64.5,1013
2017-01-09,65.0999984741211,65.0999984741211,61.79999923706055,62.400001525878906,62.400001525878906,403
2017-01-10,63.29999923706055,65.4000015258789,61.79999923706055,64.5,64.5,1617
2017-01-11,64.19999694824219,80.0999984741211,62.400001525878906,75.9000015258789,75.9000015258789,11140
2017-01-12,79.5,80.0999984741211,65.4000015258789,68.0999984741211,68.0999984741211,5967
2017-01-13,68.4000015258789,70.19999694824219,62.70000076293945,66.30000305175781,66.30000305175781,2760
2017-01-17,66.30000305175781,72.0,66.0,66.30000305175781,66.30000305175781,1373
2017-01-18,70.5,71.0999984741211,64.19999694824219,64.80000305175781,64.80000305175781,1580
2017-01-19,65.4000015258789,67.5,63.29999923706055,65.0999984741211,65.0999984741211,423
2017-01-20,65.0999984741211,65.4000015258789,62.70000076293945,64.19999694824219,64.19999694824219,747
2017-01-23,64.19999694824219,69.30000305175781,64.19999694824219,65.69999694824219,65.69999694824219,1850
2017-01-24,66.9000015258789,67.80000305175781,63.0,64.80000305175781,64.80000305175781,857
2017-01-25,63.599998474121094,65.0999984741211,63.29999923706055,64.19999694824219,64.19999694824219,693
2017-01-26,65.69999694824219,67.5,64.19999694824219,64.19999694824219,64.19999694824219,1050
2017-01-27,65.0999984741211,66.0,61.79999923706055,63.0,63.0,957
2017-01-30,62.70000076293945,72.0,62.099998474121094,70.5,70.5,4823
2017-01-31,67.19999694824219,69.0,64.5,66.5999984741211,66.5999984741211,2103
2017-02-01,66.5999984741211,68.0999984741211,63.900001525878906,64.5,64.5,830
2017-02-02,64.5,67.19999694824219,64.5,65.0999984741211,65.0999984741211,373
2017-02-03,65.4000015258789,67.80000305175781,63.900001525878906,65.0999984741211,65.0999984741211,1150
2017-02-06,65.0999984741211,67.5,64.5,65.0999984741211,65.0999984741211,173
2017-02-07,63.29999923706055,69.0,63.29999923706055,66.0,66.0,400
2017-02-08,66.0,68.69999694824219,63.599998474121094,66.9000015258789,66.9000015258789,503
2017-02-09,66.5999984741211,68.69999694824219,63.900001525878906,65.4000015258789,65.4000015258789,907
2017-02-10,64.80000305175781,70.5,64.80000305175781,66.5999984741211,66.5999984741211,1893
2017-02-13,67.5,71.69999694824219,65.4000015258789,66.30000305175781,66.30000305175781,2157
2017-02-14,67.80000305175781,69.9000015258789,66.30000305175781,66.5999984741211,66.5999984741211,583
2017-02-15,66.30000305175781,70.19999694824219,66.30000305175781,68.69999694824219,68.69999694824219,1577
2017-02-16,68.4000015258789,69.9000015258789,68.4000015258789,69.30000305175781,69.30000305175781,230
2017-02-17,72.0,78.0,69.9000015258789,74.0999984741211,74.0999984741211,3423
2017-02-21,75.9000015258789,78.0,70.19999694824219,71.4000015258789,71.4000015258789,1390
2017-02-22,69.9000015258789,72.9000015258789,66.9000015258789,67.19999694824219,67.19999694824219,1813
2017-02-23,67.5,68.69999694824219,65.4000015258789,66.5999984741211,66.5999984741211,817
2017-02-24,66.0,66.9000015258789,66.0,66.30000305175781,66.30000305175781,490
2017-02-27,66.30000305175781,70.5,66.0,69.5999984741211,69.5999984741211,1027
2017-02-28,69.30000305175781,69.5999984741211,64.80000305175781,65.0999984741211,65.0999984741211,490
2017-03-01,67.5,67.5,63.0,65.69999694824219,65.69999694824219,760
2017-03-02,63.29999923706055,66.9000015258789,63.29999923706055,65.4000015258789,65.4000015258789,583
2017-03-03,64.19999694824219,66.9000015258789,64.19999694824219,65.4000015258789,65.4000015258789,367
2017-03-06,64.5,67.19999694824219,63.599998474121094,63.599998474121094,63.599998474121094,1427
2017-03-07,63.900001525878906,65.4000015258789,63.599998474121094,64.5,64.5,823
2017-03-08,65.0999984741211,65.0999984741211,63.900001525878906,64.80000305175781,64.80000305175781,33
2017-03-09,64.5,66.0,64.5,64.5,64.5,117
2017-03-10,63.29999923706055,65.4000015258789,63.29999923706055,65.4000015258789,65.4000015258789,53
2017-03-13,65.4000015258789,67.5,63.900001525878906,67.5,67.5,510
2017-03-14,67.5,67.5,66.0,66.0,66.0,117
2017-03-15,66.30000305175781,66.30000305175781,66.30000305175781,66.30000305175781,66.30000305175781,100
2017-03-16,64.80000305175781,67.19999694824219,64.5,65.69999694824219,65.69999694824219,90
2017-03-17,66.0,66.0,64.5,65.4000015258789,65.4000015258789,213
2017-03-20,64.80000305175781,66.0,64.5,65.0999984741211,65.0999984741211,370
2017-03-21,64.80000305175781,65.0999984741211,63.599998474121094,65.0999984741211,65.0999984741211,583
2017-03-22,63.900001525878906,65.69999694824219,62.70000076293945,65.69999694824219,65.69999694824219,1350
2017-03-23,67.19999694824219,68.4000015258789,63.0,67.19999694824219,67.19999694824219,1370
2017-03-24,68.4000015258789,68.4000015258789,65.4000015258789,65.4000015258789,65.4000015258789,567
2017-03-27,66.0,67.19999694824219,65.69999694824219,66.0,66.0,97
2017-03-28,66.30000305175781,70.19999694824219,65.0999984741211,69.0,69.0,957
2017-03-29,70.19999694824219,70.19999694824219,66.5999984741211,67.80000305175781,67.80000305175781,1257
2017-03-30,66.30000305175781,68.69999694824219,66.30000305175781,68.0999984741211,68.0999984741211,907
2017-03-31,69.9000015258789,69.9000015258789,66.5999984741211,68.0999984741211,68.0999984741211,973
2017-04-03,70.19999694824219,70.19999694824219,67.80000305175781,67.80000305175781,67.80000305175781,390
2017-04-04,68.4000015258789,69.5999984741211,64.19999694824219,66.0,66.0,2910
2017-04-05,67.5,67.5,61.79999923706055,62.400001525878906,62.400001525878906,2597
2017-04-06,62.099998474121094,66.9000015258789,60.900001525878906,63.0,63.0,2893
2017-04-07,63.599998474121094,85.19999694824219,60.900001525878906,61.5,61.5,42237
2017-04-10,61.20000076293945,70.5,61.20000076293945,63.599998474121094,63.599998474121094,13167
2017-04-11,63.599998474121094,64.19999694824219,54.900001525878906,59.70000076293945,59.70000076293945,5067
2017-04-12,58.5,58.5,54.0,54.599998474121094,54.599998474121094,4527
2017-04-13,54.599998474121094,58.5,49.79999923706055,51.900001525878906,51.900001525878906,2990
2017-04-17,51.599998474121094,57.900001525878906,51.29999923706055,57.599998474121094,57.599998474121094,1243
2017-04-18,57.0,57.0,54.29999923706055,54.29999923706055,54.29999923706055,847
2017-04-19,57.29999923706055,57.29999923706055,52.79999923706055,53.400001525878906,53.400001525878906,1837
2017-04-20,54.29999923706055,54.599998474121094,51.0,53.400001525878906,53.400001525878906,1997
2017-04-21,52.5,54.0,48.900001525878906,51.0,51.0,2683
2017-04-24,51.599998474121094,55.79999923706055,48.29999923706055,49.20000076293945,49.20000076293945,3210
2017-04-25,48.29999923706055,58.20000076293945,48.29999923706055,50.70000076293945,50.70000076293945,11713
2017-04-26,49.79999923706055,53.400001525878906,49.79999923706055,52.20000076293945,52.20000076293945,4047
2017-04-27,52.20000076293945,56.099998474121094,49.5,51.0,51.0,5577
2017-04-28,50.400001525878906,51.599998474121094,47.70000076293945,50.400001525878906,50.400001525878906,3157
2017-05-01,50.099998474121094,54.599998474121094,48.0,49.79999923706055,49.79999923706055,3900
2017-05-02,48.900001525878906,50.099998474121094,47.400001525878906,49.20000076293945,49.20000076293945,593
2017-05-03,48.599998474121094,49.20000076293945,46.5,48.29999923706055,48.29999923706055,1390
2017-05-04,48.0,48.0,46.79999923706055,48.0,48.0,457
2017-05-05,48.29999923706055,51.900001525878906,48.29999923706055,50.099998474121094,50.099998474121094,1007
2017-05-08,50.70000076293945,50.70000076293945,48.900001525878906,49.20000076293945,49.20000076293945,1297
2017-05-09,49.20000076293945,52.5,48.900001525878906,48.900001525878906,48.900001525878906,1150
2017-05-10,48.900001525878906,51.29999923706055,48.900001525878906,50.099998474121094,50.099998474121094,527
2017-05-11,49.5,49.5,48.29999923706055,49.20000076293945,49.20000076293945,703
2017-05-12,48.29999923706055,52.20000076293945,48.0,49.79999923706055,49.79999923706055,1117
2017-05-15,45.0,46.79999923706055,40.5,43.79999923706055,43.79999923706055,4243
2017-05-16,45.0,45.0,40.5,42.29999923706055,42.29999923706055,997
2017-05-17,40.79999923706055,43.5,39.599998474121094,40.20000076293945,40.20000076293945,1970
2017-05-18,40.79999923706055,43.20000076293945,39.900001525878906,40.79999923706055,40.79999923706055,1403
2017-05-19,41.70000076293945,42.900001525878906,41.099998474121094,41.400001525878906,41.400001525878906,303
2017-05-22,41.099998474121094,43.5,41.099998474121094,42.900001525878906,42.900001525878906,637
2017-05-23,42.599998474121094,43.79999923706055,42.0,42.0,42.0,637
2017-05-24,42.599998474121094,42.599998474121094,39.900001525878906,41.400001525878906,41.400001525878906,1393
2017-05-25,40.5,40.79999923706055,39.900001525878906,39.900001525878906,39.900001525878906,660
2017-05-26,41.099998474121094,48.29999923706055,40.20000076293945,41.099998474121094,41.099998474121094,4473
2017-05-30,42.900001525878906,42.900001525878906,39.900001525878906,40.5,40.5,903
2017-05-31,40.20000076293945,45.599998474121094,39.29999923706055,42.599998474121094,42.599998474121094,2727
2017-06-01,43.20000076293945,43.79999923706055,41.400001525878906,42.900001525878906,42.900001525878906,503
2017-06-02,42.0,44.099998474121094,42.0,43.20000076293945,43.20000076293945,600
2017-06-05,42.0,44.400001525878906,42.0,43.20000076293945,43.20000076293945,670
2017-06-06,43.5,43.5,42.29999923706055,42.599998474121094,42.599998474121094,123
2017-06-07,44.400001525878906,44.400001525878906,42.599998474121094,42.599998474121094,42.599998474121094,147
2017-06-08,42.0,43.5,42.0,42.29999923706055,42.29999923706055,237
2017-06-09,43.79999923706055,47.099998474121094,43.79999923706055,45.900001525878906,45.900001525878906,1677
2017-06-12,44.400001525878906,47.400001525878906,43.20000076293945,45.900001525878906,45.900001525878906,533
2017-06-13,45.0,47.099998474121094,40.5,40.79999923706055,40.79999923706055,1370
2017-06-14,44.70000076293945,46.79999923706055,40.79999923706055,42.0,42.0,1180
2017-06-15,45.29999923706055,45.599998474121094,40.79999923706055,41.70000076293945,41.70000076293945,210
2017-06-16,42.0,44.70000076293945,40.79999923706055,42.599998474121094,42.599998474121094,873
2017-06-19,42.599998474121094,46.5,40.79999923706055,41.099998474121094,41.099998474121094,1997
2017-06-20,44.400001525878906,44.400001525878906,41.099998474121094,42.599998474121094,42.599998474121094,567
2017-06-21,41.70000076293945,42.599998474121094,41.099998474121094,41.400001525878906,41.400001525878906,990
2017-06-22,41.099998474121094,42.29999923706055,41.099998474121094,42.29999923706055,42.29999923706055,880
2017-06-23,42.29999923706055,42.900001525878906,41.70000076293945,42.0,42.0,483
2017-06-26,43.20000076293945,43.20000076293945,40.79999923706055,41.70000076293945,41.70000076293945,437
2017-06-27,41.099998474121094,41.099998474121094,38.099998474121094,41.099998474121094,41.099998474121094,570
2017-06-28,39.900001525878906,40.5,39.29999923706055,39.599998474121094,39.599998474121094,243
2017-06-29,39.29999923706055,40.79999923706055,39.29999923706055,39.900001525878906,39.900001525878906,207
2017-06-30,39.599998474121094,41.400001525878906,39.29999923706055,41.400001525878906,41.400001525878906,277
2017-07-03,40.79999923706055,41.400001525878906,39.900001525878906,41.400001525878906,41.400001525878906,100
2017-07-05,41.70000076293945,41.70000076293945,39.900001525878906,40.79999923706055,40.79999923706055,100
2017-07-06,39.599998474121094,41.400001525878906,39.599998474121094,40.79999923706055,40.79999923706055,197
2017-07-07,40.5,40.79999923706055,40.5,40.5,40.5,133
2017-07-10,39.599998474121094,41.400001525878906,38.099998474121094,40.5,40.5,370
2017-07-11,40.20000076293945,41.70000076293945,39.900001525878906,39.900001525878906,39.900001525878906,63
2017-07-12,39.900001525878906,41.400001525878906,39.29999923706055,39.29999923706055,39.29999923706055,833
2017-07-13,39.29999923706055,39.29999923706055,39.29999923706055,39.29999923706055,39.29999923706055,40
2017-07-14,38.70000076293945,40.79999923706055,38.70000076293945,40.79999923706055,40.79999923706055,223
2017-07-17,39.599998474121094,43.79999923706055,39.29999923706055,40.79999923706055,40.79999923706055,477
2017-07-18,42.0,42.599998474121094,40.79999923706055,41.70000076293945,41.70000076293945,113
2017-07-19,43.5,46.5,42.599998474121094,45.29999923706055,45.29999923706055,3153
2017-07-20,45.599998474121094,46.5,44.099998474121094,44.400001525878906,44.400001525878906,650
2017-07-21,44.400001525878906,45.29999923706055,44.099998474121094,44.70000076293945,44.70000076293945,523
2017-07-24,43.79999923706055,45.29999923706055,41.099998474121094,41.099998474121094,41.099998474121094,443
2017-07-25,41.400001525878906,43.79999923706055,41.400001525878906,42.29999923706055,42.29999923706055,1000
2017-07-26,42.900001525878906,42.900001525878906,41.70000076293945,41.70000076293945,41.70000076293945,170
2017-07-27,41.70000076293945,41.70000076293945,39.29999923706055,41.70000076293945,41.70000076293945,607
2017-07-28,43.5,43.79999923706055,40.20000076293945,42.29999923706055,42.29999923706055,147
2017-07-31,42.0,43.5,41.70000076293945,43.5,43.5,63
2017-08-01,43.20000076293945,43.79999923706055,42.900001525878906,43.79999923706055,43.79999923706055,403
2017-08-02,43.79999923706055,45.599998474121094,43.20000076293945,45.29999923706055,45.29999923706055,287
2017-08-03,45.29999923706055,46.20000076293945,43.79999923706055,43.79999923706055,43.79999923706055,223
2017-08-04,45.599998474121094,45.599998474121094,43.79999923706055,43.79999923706055,43.79999923706055,110
2017-08-07,45.29999923706055,45.29999923706055,40.20000076293945,44.099998474121094,44.099998474121094,250
2017-08-08,44.099998474121094,45.29999923706055,42.29999923706055,44.70000076293945,44.70000076293945,250
2017-08-09,45.29999923706055,45.900001525878906,42.29999923706055,42.599998474121094,42.599998474121094,230
2017-08-10,44.400001525878906,46.5,40.79999923706055,44.099998474121094,44.099998474121094,370
2017-08-11,45.29999923706055,45.900001525878906,41.099998474121094,44.099998474121094,44.099998474121094,443
2017-08-14,45.29999923706055,46.5,42.599998474121094,43.79999923706055,43.79999923706055,227
2017-08-15,47.400001525878906,48.0,41.400001525878906,45.0,45.0,257
2017-08-16,44.099998474121094,46.5,43.5,43.5,43.5,113
2017-08-17,42.900001525878906,47.70000076293945,42.900001525878906,43.79999923706055,43.79999923706055,240
2017-08-18,51.0,51.0,42.900001525878906,46.79999923706055,46.79999923706055,317
2017-08-21,48.29999923706055,49.5,44.70000076293945,45.0,45.0,397
2017-08-22,49.5,49.5,42.900001525878906,46.79999923706055,46.79999923706055,423
2017-08-23,46.79999923706055,47.400001525878906,45.0,47.099998474121094,47.099998474121094,140
2017-08-24,46.79999923706055,49.20000076293945,44.400001525878906,46.79999923706055,46.79999923706055,277
2017-08-25,48.0,49.5,44.70000076293945,48.0,48.0,230
2017-08-28,48.0,49.20000076293945,48.0,49.20000076293945,49.20000076293945,93
2017-08-29,47.400001525878906,49.5,45.29999923706055,46.20000076293945,46.20000076293945,343
2017-08-30,49.5,49.5,46.20000076293945,48.0,48.0,83
2017-08-31,49.5,50.70000076293945,45.900001525878906,50.400001525878906,50.400001525878906,407
2017-09-01,48.29999923706055,49.20000076293945,46.5,48.900001525878906,48.900001525878906,490
2017-09-05,47.400001525878906,48.0,45.0,48.0,48.0,360
2017-09-06,47.099998474121094,48.29999923706055,44.400001525878906,44.400001525878906,44.400001525878906,280
2017-09-07,45.29999923706055,46.79999923706055,44.70000076293945,45.29999923706055,45.29999923706055,117
2017-09-08,45.0,46.20000076293945,45.0,46.20000076293945,46.20000076293945,17
2017-09-11,46.20000076293945,46.20000076293945,44.400001525878906,44.70000076293945,44.70000076293945,213
2017-09-12,45.0,45.0,43.5,44.099998474121094,44.099998474121094,80
2017-09-13,44.099998474121094,45.0,41.099998474121094,42.0,42.0,160
2017-09-14,42.29999923706055,42.29999923706055,40.79999923706055,40.79999923706055,40.79999923706055,167
2017-09-15,39.900001525878906,44.70000076293945,39.0,44.70000076293945,44.70000076293945,1587
2017-09-18,43.5,43.5,39.599998474121094,41.099998474121094,41.099998474121094,320
2017-09-19,41.099998474121094,42.599998474121094,40.5,40.5,40.5,267
2017-09-20,40.5,41.400001525878906,40.20000076293945,40.79999923706055,40.79999923706055,673
2017-09-21,41.099998474121094,41.400001525878906,41.099998474121094,41.400001525878906,41.400001525878906,63
2017-09-22,41.400001525878906,41.400001525878906,40.20000076293945,40.20000076293945,40.20000076293945,120
2017-09-25,41.400001525878906,41.400001525878906,40.5,41.400001525878906,41.400001525878906,67
2017-09-26,40.5,40.5,39.599998474121094,40.20000076293945,40.20000076293945,283
2017-09-27,39.29999923706055,42.29999923706055,39.29999923706055,40.79999923706055,40.79999923706055,223
2017-09-28,40.79999923706055,44.400001525878906,40.79999923706055,42.0,42.0,307
2017-09-29,42.29999923706055,43.20000076293945,41.70000076293945,41.70000076293945,41.70000076293945,317
2017-10-02,40.79999923706055,41.099998474121094,37.79999923706055,40.20000076293945,40.20000076293945,430
2017-10-03,41.099998474121094,41.099998474121094,39.0,39.0,39.0,187
2017-10-04,39.29999923706055,41.400001525878906,39.29999923706055,39.599998474121094,39.599998474121094,170
2017-10-05,41.400001525878906,41.400001525878906,39.599998474121094,39.599998474121094,39.599998474121094,70
2017-10-06,39.0,54.599998474121094,39.0,51.900001525878906,51.900001525878906,11830
2017-10-09,51.599998474121094,58.5,45.0,48.29999923706055,48.29999923706055,4160
2017-10-10,48.29999923706055,50.099998474121094,43.79999923706055,47.099998474121094,47.099998474121094,487
2017-10-11,47.70000076293945,47.70000076293945,43.5,44.099998474121094,44.099998474121094,1333
2017-10-12,46.20000076293945,57.29999923706055,46.20000076293945,49.79999923706055,49.79999923706055,5170
2017-10-13,49.5,55.5,45.599998474121094,46.5,46.5,1480
2017-10-16,48.0,50.70000076293945,45.0,50.70000076293945,50.70000076293945,310
2017-10-17,47.70000076293945,50.70000076293945,47.70000076293945,48.29999923706055,48.29999923706055,500
2017-10-18,48.900001525878906,49.79999923706055,46.79999923706055,48.29999923706055,48.29999923706055,557
2017-10-19,46.79999923706055,47.70000076293945,46.79999923706055,47.099998474121094,47.099998474121094,107
2017-10-20,46.79999923706055,48.599998474121094,45.599998474121094,46.5,46.5,910
2017-10-23,45.900001525878906,47.70000076293945,45.29999923706055,45.29999923706055,45.29999923706055,340
2017-10-24,45.0,47.70000076293945,45.0,45.29999923706055,45.29999923706055,910
2017-10-25,45.29999923706055,45.900001525878906,45.0,45.599998474121094,45.599998474121094,47
2017-10-26,45.29999923706055,45.599998474121094,42.599998474121094,43.20000076293945,43.20000076293945,377
2017-10-27,42.599998474121094,45.0,41.70000076293945,42.900001525878906,42.900001525878906,410
2017-10-30,42.29999923706055,44.70000076293945,39.900001525878906,40.79999923706055,40.79999923706055,953
2017-10-31,40.79999923706055,44.70000076293945,37.5,40.79999923706055,40.79999923706055,790
2017-11-01,41.099998474121094,43.20000076293945,39.900001525878906,41.099998474121094,41.099998474121094,673
2017-11-02,40.79999923706055,44.099998474121094,40.20000076293945,40.20000076293945,40.20000076293945,893
2017-11-03,40.5,44.099998474121094,40.5,41.70000076293945,41.70000076293945,1100
2017-11-06,43.79999923706055,43.79999923706055,40.20000076293945,41.400001525878906,41.400001525878906,417
2017-11-07,41.70000076293945,45.599998474121094,41.70000076293945,44.099998474121094,44.099998474121094,790
2017-11-08,45.0,54.0,41.099998474121094,48.900001525878906,48.900001525878906,5270
2017-11-09,48.599998474121094,66.0,48.599998474121094,49.5,49.5,10857
2017-11-10,48.29999923706055,55.79999923706055,48.0,49.5,49.5,2143
2017-11-13,49.20000076293945,56.099998474121094,49.20000076293945,52.79999923706055,52.79999923706055,2580
2017-11-14,52.20000076293945,108.0,51.599998474121094,63.0,63.0,248183
2017-11-15,56.099998474121094,64.5,49.79999923706055,58.20000076293945,58.20000076293945,15900
2017-11-16,66.0,69.0,57.0,59.400001525878906,59.400001525878906,8297
2017-11-17,59.099998474121094,59.099998474121094,54.0,55.20000076293945,55.20000076293945,3380
2017-11-20,54.599998474121094,57.900001525878906,49.5,53.400001525878906,53.400001525878906,1423
2017-11-21,52.20000076293945,57.0,51.29999923706055,51.29999923706055,51.29999923706055,1063
2017-11-22,57.29999923706055,59.099998474121094,51.0,52.20000076293945,52.20000076293945,1643
2017-11-24,52.20000076293945,52.5,51.599998474121094,52.20000076293945,52.20000076293945,497
2017-11-27,51.0,56.400001525878906,51.0,54.29999923706055,54.29999923706055,2427
2017-11-28,56.099998474121094,77.4000015258789,55.20000076293945,57.900001525878906,57.900001525878906,25517
2017-11-29,57.900001525878906,66.0,55.5,59.70000076293945,59.70000076293945,2733
2017-11-30,59.400001525878906,59.70000076293945,56.099998474121094,57.599998474121094,57.599998474121094,880
2017-12-01,55.5,58.20000076293945,54.29999923706055,55.5,55.5,1367
2017-12-04,54.599998474121094,56.099998474121094,52.79999923706055,55.20000076293945,55.20000076293945,1587
2017-12-05,54.29999923706055,55.79999923706055,52.5,54.29999923706055,54.29999923706055,680
2017-12-06,54.900001525878906,55.5,53.099998474121094,54.0,54.0,777
2017-12-07,53.70000076293945,53.70000076293945,51.29999923706055,52.79999923706055,52.79999923706055,727
2017-12-08,53.099998474121094,55.20000076293945,53.099998474121094,54.0,54.0,180
2017-12-11,53.400001525878906,55.20000076293945,52.20000076293945,53.400001525878906,53.400001525878906,413
2017-12-12,53.400001525878906,53.70000076293945,51.599998474121094,53.70000076293945,53.70000076293945,463
2017-12-13,52.5,61.79999923706055,52.5,56.400001525878906,56.400001525878906,8447
2017-12-14,54.29999923706055,58.5,53.400001525878906,55.79999923706055,55.79999923706055,1067
2017-12-15,54.900001525878906,58.20000076293945,53.400001525878906,55.20000076293945,55.20000076293945,1273
2017-12-18,57.599998474121094,57.900001525878906,53.70000076293945,53.70000076293945,53.70000076293945,747
2017-12-19,54.0,58.20000076293945,52.79999923706055,53.099998474121094,53.099998474121094,4440
2017-12-20,53.400001525878906,56.099998474121094,53.099998474121094,54.599998474121094,54.599998474121094,843
2017-12-21,54.599998474121094,55.79999923706055,54.29999923706055,55.79999923706055,55.79999923706055,150
2017-12-22,55.79999923706055,58.20000076293945,55.5,58.20000076293945,58.20000076293945,940
2017-12-26,57.599998474121094,72.0,57.599998474121094,60.900001525878906,60.900001525878906,25770
2017-12-27,61.79999923706055,62.099998474121094,57.29999923706055,61.20000076293945,61.20000076293945,4023
2017-12-28,61.5,69.0,61.20000076293945,68.4000015258789,68.4000015258789,5080
2017-12-29,68.4000015258789,82.19999694824219,68.4000015258789,71.69999694824219,71.69999694824219,13173
2018-01-02,72.9000015258789,72.9000015258789,66.5999984741211,70.19999694824219,70.19999694824219,2100
2018-01-03,70.19999694824219,72.0,67.19999694824219,68.4000015258789,68.4000015258789,1043
2018-01-04,67.5,74.69999694824219,67.5,71.69999694824219,71.69999694824219,2247
2018-01-05,78.0,128.39999389648438,75.9000015258789,80.69999694824219,80.69999694824219,32147
2018-01-08,84.5999984741211,92.4000015258789,72.30000305175781,73.5,73.5,6403
2018-01-09,74.0999984741211,75.0,70.5,70.5,70.5,1703
2018-01-10,69.9000015258789,74.0999984741211,69.0,69.0,69.0,1970
2018-01-11,69.5999984741211,76.19999694824219,67.80000305175781,73.19999694824219,73.19999694824219,5897
2018-01-12,77.0999984741211,77.0999984741211,72.0,72.30000305175781,72.30000305175781,810
2018-01-16,72.30000305175781,74.0999984741211,67.80000305175781,68.0999984741211,68.0999984741211,1370
2018-01-17,67.80000305175781,72.0,65.4000015258789,66.0,66.0,1793
2018-01-18,66.5999984741211,69.9000015258789,65.4000015258789,66.30000305175781,66.30000305175781,573
2018-01-19,69.0,69.9000015258789,64.80000305175781,69.0,69.0,1043
2018-01-22,70.5,73.80000305175781,65.69999694824219,68.69999694824219,68.69999694824219,1740
2018-01-23,70.19999694824219,70.19999694824219,67.5,68.69999694824219,68.69999694824219,1093
2018-01-24,68.0999984741211,73.80000305175781,67.19999694824219,72.30000305175781,72.30000305175781,1893
2018-01-25,72.9000015258789,95.0999984741211,72.9000015258789,75.0,75.0,24900
2018-01-26,75.0,76.80000305175781,69.30000305175781,74.0999984741211,74.0999984741211,1383
2018-01-29,69.30000305175781,75.0,69.30000305175781,71.4000015258789,71.4000015258789,1260
2018-01-30,73.19999694824219,73.19999694824219,69.5999984741211,71.4000015258789,71.4000015258789,753
2018-01-31,69.9000015258789,69.9000015258789,64.5,65.0999984741211,65.0999984741211,1487
2018-02-01,64.80000305175781,68.69999694824219,62.099998474121094,63.599998474121094,63.599998474121094,1137
2018-02-02,63.599998474121094,66.0,60.599998474121094,62.400001525878906,62.400001525878906,1820
2018-02-05,61.79999923706055,68.4000015258789,61.79999923706055,63.0,63.0,1207
2018-02-06,63.0,63.900001525878906,60.900001525878906,62.70000076293945,62.70000076293945,1250
2018-02-07,62.099998474121094,62.400001525878906,61.20000076293945,61.5,61.5,307
2018-02-08,61.5,61.5,57.29999923706055,57.29999923706055,57.29999923706055,503
2018-02-09,57.0,57.0,52.5,53.099998474121094,53.099998474121094,1397
2018-02-12,53.70000076293945,58.20000076293945,52.79999923706055,57.29999923706055,57.29999923706055,1317
2018-02-13,57.900001525878906,64.5,54.0,64.19999694824219,64.19999694824219,6773
2018-02-14,65.4000015258789,66.5999984741211,56.70000076293945,57.29999923706055,57.29999923706055,3707
2018-02-15,56.400001525878906,60.29999923706055,55.79999923706055,56.400001525878906,56.400001525878906,1510
2018-02-16,58.5,63.0,55.5,57.599998474121094,57.599998474121094,4130
2018-02-20,58.5,58.79999923706055,56.099998474121094,56.400001525878906,56.400001525878906,283
2018-02-21,58.20000076293945,58.20000076293945,53.400001525878906,53.400001525878906,53.400001525878906,1643
2018-02-22,53.70000076293945,56.099998474121094,52.79999923706055,54.29999923706055,54.29999923706055,333
2018-02-23,54.29999923706055,56.70000076293945,53.70000076293945,55.20000076293945,55.20000076293945,1887
2018-02-26,54.900001525878906,55.79999923706055,52.79999923706055,53.70000076293945,53.70000076293945,1183
2018-02-27,53.70000076293945,55.20000076293945,51.900001525878906,52.5,52.5,827
2018-02-28,51.900001525878906,53.70000076293945,51.900001525878906,52.20000076293945,52.20000076293945,540
2018-03-01,53.099998474121094,56.70000076293945,51.29999923706055,52.20000076293945,52.20000076293945,1360
2018-03-02,51.29999923706055,52.20000076293945,46.79999923706055,48.900001525878906,48.900001525878906,1350
2018-03-05,46.5,52.5,46.5,49.20000076293945,49.20000076293945,1233
2018-03-06,48.599998474121094,55.20000076293945,48.599998474121094,50.400001525878906,50.400001525878906,1187
2018-03-07,51.900001525878906,60.0,51.0,53.400001525878906,53.400001525878906,10447
2018-03-08,56.099998474121094,56.70000076293945,50.400001525878906,51.599998474121094,51.599998474121094,1413
2018-03-09,51.599998474121094,53.099998474121094,50.70000076293945,52.20000076293945,52.20000076293945,363
2018-03-12,51.599998474121094,51.900001525878906,48.900001525878906,50.099998474121094,50.099998474121094,903
2018-03-13,51.599998474121094,51.599998474121094,49.79999923706055,50.70000076293945,50.70000076293945,707
2018-03-14,49.79999923706055,52.20000076293945,49.79999923706055,51.0,51.0,543
2018-03-15,51.0,53.70000076293945,48.599998474121094,48.599998474121094,48.599998474121094,3167
2018-03-16,52.20000076293945,52.20000076293945,49.20000076293945,50.400001525878906,50.400001525878906,1230
2018-03-19,51.0,57.0,49.79999923706055,51.0,51.0,4940
2018-03-20,51.599998474121094,52.5,50.70000076293945,51.599998474121094,51.599998474121094,737
2018-03-21,51.0,54.0,50.70000076293945,52.5,52.5,1190
2018-03-22,53.099998474121094,53.70000076293945,49.5,51.900001525878906,51.900001525878906,1023
2018-03-23,47.70000076293945,51.599998474121094,47.099998474121094,47.400001525878906,47.400001525878906,1440
2018-03-26,47.099998474121094,47.099998474121094,44.400001525878906,46.79999923706055,46.79999923706055,773
2018-03-27,46.79999923706055,46.79999923706055,44.400001525878906,45.29999923706055,45.29999923706055,547
2018-03-28,44.70000076293945,44.70000076293945,42.29999923706055,42.900001525878906,42.900001525878906,1547
2018-03-29,40.79999923706055,46.79999923706055,40.79999923706055,43.79999923706055,43.79999923706055,1183
2018-04-02,46.5,49.20000076293945,42.29999923706055,42.599998474121094,42.599998474121094,1713
2018-04-03,42.29999923706055,42.900001525878906,41.099998474121094,41.099998474121094,41.099998474121094,127
2018-04-04,41.400001525878906,44.70000076293945,41.400001525878906,42.599998474121094,42.599998474121094,427
2018-04-05,44.400001525878906,45.0,43.20000076293945,43.5,43.5,100
2018-04-06,44.099998474121094,45.29999923706055,43.79999923706055,45.0,45.0,937
2018-04-09,45.0,49.79999923706055,45.0,48.0,48.0,897
2018-04-10,45.599998474121094,53.099998474121094,45.29999923706055,48.900001525878906,48.900001525878906,2317
2018-04-11,51.0,59.400001525878906,50.400001525878906,51.29999923706055,51.29999923706055,5263
2018-04-12,49.5,51.599998474121094,48.0,48.29999923706055,48.29999923706055,2430
2018-04-13,48.900001525878906,50.099998474121094,46.79999923706055,49.5,49.5,350
2018-04-16,46.79999923706055,48.900001525878906,45.599998474121094,45.599998474121094,45.599998474121094,543
2018-04-17,47.70000076293945,48.0,45.29999923706055,47.099998474121094,47.099998474121094,217
2018-04-18,47.70000076293945,48.900001525878906,45.599998474121094,46.79999923706055,46.79999923706055,200
2018-04-19,47.70000076293945,49.20000076293945,46.5,46.79999923706055,46.79999923706055,820
2018-04-20,47.70000076293945,49.20000076293945,47.099998474121094,48.0,48.0,363
2018-04-23,47.400001525878906,49.5,47.400001525878906,49.5,49.5,357
2018-04-24,49.5,49.5,47.70000076293945,48.0,48.0,113
2018-04-25,47.70000076293945,49.5,46.79999923706055,49.5,49.5,547
2018-04-26,48.29999923706055,48.599998474121094,47.70000076293945,48.599998474121094,48.599998474121094,133
2018-04-27,48.900001525878906,48.900001525878906,47.70000076293945,48.0,48.0,423
2018-04-30,48.0,48.0,46.79999923706055,46.79999923706055,46.79999923706055,487
2018-05-01,45.0,47.400001525878906,45.0,47.400001525878906,47.400001525878906,263
2018-05-02,46.20000076293945,47.400001525878906,45.0,46.5,46.5,473
2018-05-03,45.599998474121094,51.0,45.599998474121094,48.900001525878906,48.900001525878906,4613
2018-05-04,54.0,66.0,51.0,52.5,52.5,25120
2018-05-07,51.29999923706055,52.20000076293945,46.5,48.0,48.0,1800
2018-05-08,48.0,49.20000076293945,47.099998474121094,48.0,48.0,570
2018-05-09,48.0,52.5,48.0,51.29999923706055,51.29999923706055,1343
2018-05-10,49.79999923706055,51.599998474121094,49.5,51.29999923706055,51.29999923706055,267
2018-05-11,50.70000076293945,52.20000076293945,49.5,51.599998474121094,51.599998474121094,463
2018-05-14,53.400001525878906,55.5,51.900001525878906,51.900001525878906,51.900001525878906,1387
2018-05-15,53.70000076293945,55.5,48.900001525878906,51.900001525878906,51.900001525878906,950
2018-05-16,53.099998474121094,53.099998474121094,51.29999923706055,51.599998474121094,51.599998474121094,223
2018-05-17,52.79999923706055,53.099998474121094,49.79999923706055,52.20000076293945,52.20000076293945,113
2018-05-18,51.0,51.900001525878906,48.29999923706055,49.5,49.5,1573
2018-05-21,51.0,52.5,51.0,52.5,52.5,380
2018-05-22,53.099998474121094,53.099998474121094,51.900001525878906,52.79999923706055,52.79999923706055,570
2018-05-23,51.0,51.900001525878906,51.0,51.900001525878906,51.900001525878906,263
2018-05-24,51.0,52.20000076293945,50.099998474121094,52.20000076293945,52.20000076293945,417
2018-05-25,51.0,60.29999923706055,48.900001525878906,49.20000076293945,49.20000076293945,15353
2018-05-29,49.20000076293945,50.70000076293945,48.0,48.29999923706055,48.29999923706055,677
2018-05-30,48.0,48.29999923706055,45.0,48.0,48.0,1457
2018-05-31,47.099998474121094,47.099998474121094,46.5,46.79999923706055,46.79999923706055,43
2018-06-01,46.79999923706055,49.20000076293945,46.79999923706055,47.400001525878906,47.400001525878906,453
2018-06-04,48.29999923706055,48.29999923706055,45.599998474121094,47.099998474121094,47.099998474121094,747
2018-06-05,46.5,48.900001525878906,46.5,48.900001525878906,48.900001525878906,467
2018-06-06,47.400001525878906,49.5,47.400001525878906,48.0,48.0,173
2018-06-07,48.599998474121094,49.79999923706055,45.900001525878906,47.099998474121094,47.099998474121094,383
2018-06-08,47.099998474121094,51.900001525878906,47.099998474121094,47.70000076293945,47.70000076293945,297
2018-06-11,47.70000076293945,49.20000076293945,47.70000076293945,49.20000076293945,49.20000076293945,37
2018-06-12,48.0,48.599998474121094,46.20000076293945,47.70000076293945,47.70000076293945,373
2018-06-13,48.0,48.0,47.099998474121094,47.099998474121094,47.099998474121094,163
2018-06-14,46.79999923706055,48.599998474121094,45.900001525878906,46.20000076293945,46.20000076293945,533
2018-06-15,45.900001525878906,52.5,45.900001525878906,52.20000076293945,52.20000076293945,4453
2018-06-18,52.20000076293945,52.5,45.900001525878906,45.900001525878906,45.900001525878906,3757
2018-06-19,46.20000076293945,46.79999923706055,46.20000076293945,46.20000076293945,46.20000076293945,63
2018-06-20,46.20000076293945,46.79999923706055,46.20000076293945,46.20000076293945,46.20000076293945,27
2018-06-21,46.5,46.79999923706055,46.20000076293945,46.20000076293945,46.20000076293945,163
2018-06-22,46.5,51.900001525878906,46.20000076293945,48.599998474121094,48.599998474121094,5627
2018-06-25,47.70000076293945,48.599998474121094,46.79999923706055,47.099998474121094,47.099998474121094,977
2018-06-26,47.400001525878906,56.400001525878906,47.099998474121094,51.900001525878906,51.900001525878906,13190
2018-06-27,51.0,54.599998474121094,46.79999923706055,47.400001525878906,47.400001525878906,3047
2018-06-28,47.70000076293945,49.20000076293945,46.5,47.099998474121094,47.099998474121094,943
2018-06-29,48.0,49.79999923706055,46.79999923706055,49.20000076293945,49.20000076293945,303
2018-07-02,49.20000076293945,49.20000076293945,45.900001525878906,47.400001525878906,47.400001525878906,897
2018-07-03,47.70000076293945,47.70000076293945,45.29999923706055,46.79999923706055,46.79999923706055,563
2018-07-05,47.70000076293945,51.900001525878906,46.5,48.599998474121094,48.599998474121094,9813
2018-07-06,49.20000076293945,52.20000076293945,46.79999923706055,48.599998474121094,48.599998474121094,6493
2018-07-09,48.900001525878906,48.900001525878906,47.70000076293945,48.599998474121094,48.599998474121094,990
2018-07-10,48.0,55.20000076293945,47.400001525878906,52.5,52.5,6267
2018-07-11,51.0,51.900001525878906,48.599998474121094,48.599998474121094,48.599998474121094,1777
2018-07-12,48.900001525878906,51.900001525878906,48.599998474121094,48.599998474121094,48.599998474121094,1360
2018-07-13,50.099998474121094,51.599998474121094,49.5,50.70000076293945,50.70000076293945,1647
2018-07-16,51.29999923706055,58.5,51.0,56.099998474121094,56.099998474121094,21790
2018-07-17,55.79999923706055,57.0,50.400001525878906,52.79999923706055,52.79999923706055,4813
2018-07-18,51.900001525878906,54.900001525878906,51.599998474121094,51.900001525878906,51.900001525878906,1740
2018-07-19,51.0,52.20000076293945,49.5,50.099998474121094,50.099998474121094,770
2018-07-20,49.5,49.79999923706055,48.0,48.29999923706055,48.29999923706055,1010
2018-07-23,48.599998474121094,48.599998474121094,46.79999923706055,47.400001525878906,47.400001525878906,1073
2018-07-24,47.400001525878906,50.70000076293945,47.400001525878906,48.900001525878906,48.900001525878906,1503
2018-07-25,48.599998474121094,51.29999923706055,48.29999923706055,48.599998474121094,48.599998474121094,243
2018-07-26,48.29999923706055,50.400001525878906,47.70000076293945,47.70000076293945,47.70000076293945,190
2018-07-27,47.400001525878906,47.70000076293945,46.5,47.099998474121094,47.099998474121094,787
2018-07-30,47.099998474121094,48.599998474121094,46.5,46.5,46.5,360
2018-07-31,48.0,49.20000076293945,46.5,47.099998474121094,47.099998474121094,1233
2018-08-01,47.099998474121094,47.70000076293945,47.099998474121094,47.400001525878906,47.400001525878906,163
2018-08-02,47.400001525878906,49.20000076293945,47.099998474121094,47.400001525878906,47.400001525878906,403
2018-08-03,46.79999923706055,47.099998474121094,46.5,47.099998474121094,47.099998474121094,130
2018-08-06,46.79999923706055,47.099998474121094,46.5,46.79999923706055,46.79999923706055,617
2018-08-07,46.5,46.79999923706055,46.5,46.79999923706055,46.79999923706055,150
2018-08-08,46.79999923706055,46.79999923706055,46.5,46.79999923706055,46.79999923706055,103
2018-08-09,47.099998474121094,48.599998474121094,46.79999923706055,47.400001525878906,47.400001525878906,287
2018-08-10,47.400001525878906,47.70000076293945,46.5,47.400001525878906,47.400001525878906,363
2018-08-13,47.400001525878906,47.70000076293945,45.0,45.0,45.0,2107
2018-08-14,45.29999923706055,46.20000076293945,39.900001525878906,41.099998474121094,41.099998474121094,907
2018-08-15,40.20000076293945,41.400001525878906,39.599998474121094,40.20000076293945,40.20000076293945,330
2018-08-16,42.0,42.599998474121094,42.0,42.599998474121094,42.599998474121094,137
2018-08-17,42.0,42.29999923706055,41.400001525878906,42.0,42.0,743
2018-08-20,43.20000076293945,44.400001525878906,43.20000076293945,44.400001525878906,44.400001525878906,1040
2018-08-21,44.70000076293945,44.70000076293945,43.5,44.70000076293945,44.70000076293945,127
2018-08-22,45.599998474121094,48.599998474121094,43.79999923706055,44.400001525878906,44.400001525878906,2253
2018-08-23,44.400001525878906,45.0,44.400001525878906,44.400001525878906,44.400001525878906,60
2018-08-24,46.5,47.099998474121094,44.400001525878906,44.400001525878906,44.400001525878906,113
2018-08-27,43.20000076293945,43.20000076293945,43.20000076293945,43.20000076293945,43.20000076293945,17
2018-08-28,43.5,43.5,41.400001525878906,42.0,42.0,620
2018-08-29,44.099998474121094,44.099998474121094,42.29999923706055,42.29999923706055,42.29999923706055,90
2018-08-30,42.29999923706055,42.29999923706055,42.29999923706055,42.29999923706055,42.29999923706055,20
2018-08-31,42.900001525878906,43.5,41.70000076293945,43.5,43.5,347
2018-09-04,42.29999923706055,42.29999923706055,42.0,42.0,42.0,43
2018-09-05,43.5,43.5,43.5,43.5,43.5,33
2018-09-06,42.599998474121094,43.5,42.599998474121094,42.599998474121094,42.599998474121094,187
2018-09-07,43.20000076293945,44.099998474121094,42.0,42.0,42.0,377
2018-09-10,42.599998474121094,42.599998474121094,42.0,42.29999923706055,42.29999923706055,63
2018-09-11,42.0,42.29999923706055,41.70000076293945,41.70000076293945,41.70000076293945,347
2018-09-12,41.70000076293945,41.70000076293945,41.70000076293945,41.70000076293945,41.70000076293945,0
2018-09-13,43.20000076293945,43.20000076293945,41.70000076293945,43.20000076293945,43.20000076293945,1187
2018-09-14,43.5,47.70000076293945,39.0,40.79999923706055,40.79999923706055,3133
2018-09-17,40.79999923706055,41.70000076293945,39.599998474121094,39.599998474121094,39.599998474121094,253
2018-09-18,41.099998474121094,41.099998474121094,37.5,38.400001525878906,38.400001525878906,587
2018-09-19,37.79999923706055,40.5,36.29999923706055,39.0,39.0,447
2018-09-20,39.0,40.20000076293945,39.0,39.0,39.0,310
2018-09-21,39.900001525878906,39.900001525878906,39.0,39.0,39.0,110
2018-09-24,38.400001525878906,39.599998474121094,38.400001525878906,39.29999923706055,39.29999923706055,253
2018-09-25,39.0,39.599998474121094,39.0,39.29999923706055,39.29999923706055,357
2018-09-26,39.29999923706055,40.79999923706055,39.29999923706055,40.79999923706055,40.79999923706055,817
2018-09-27,47.70000076293945,47.70000076293945,40.79999923706055,41.70000076293945,41.70000076293945,2580
2018-09-28,41.400001525878906,41.400001525878906,39.0,40.79999923706055,40.79999923706055,587
2018-10-01,40.79999923706055,43.20000076293945,40.79999923706055,42.29999923706055,42.29999923706055,217
2018-10-02,42.0,46.5,41.099998474121094,44.400001525878906,44.400001525878906,850
2018-10-03,40.20000076293945,41.70000076293945,40.20000076293945,41.70000076293945,41.70000076293945,207
2018-10-04,40.79999923706055,41.70000076293945,39.29999923706055,40.20000076293945,40.20000076293945,150
2018-10-05,40.79999923706055,42.29999923706055,40.5,40.5,40.5,420
2018-10-08,40.20000076293945,42.0,40.20000076293945,40.5,40.5,297
2018-10-09,41.099998474121094,41.099998474121094,39.599998474121094,39.599998474121094,39.599998474121094,123
2018-10-10,39.599998474121094,39.900001525878906,39.599998474121094,39.900001525878906,39.900001525878906,203
2018-10-11,39.29999923706055,39.29999923706055,39.0,39.0,39.0,490
2018-10-12,38.70000076293945,43.5,38.70000076293945,39.29999923706055,39.29999923706055,2150
2018-10-15,39.0,40.5,39.0,40.5,40.5,90
2018-10-16,40.5,40.79999923706055,39.0,39.0,39.0,120
2018-10-17,40.79999923706055,74.4000015258789,39.29999923706055,53.70000076293945,53.70000076293945,101667
2018-10-18,70.80000305175781,193.5,67.80000305175781,110.0999984741211,110.0999984741211,553113
2018-10-19,107.4000015258789,134.39999389648438,76.80000305175781,83.0999984741211,83.0999984741211,78663
2018-10-22,75.30000305175781,78.9000015258789,59.099998474121094,61.5,61.5,22923
2018-10-23,58.5,87.0,55.5,71.4000015258789,71.4000015258789,32377
2018-10-24,70.19999694824219,70.19999694824219,57.0,57.29999923706055,57.29999923706055,7920
2018-10-25,60.599998474121094,65.69999694824219,57.29999923706055,61.20000076293945,61.20000076293945,4077
2018-10-26,62.099998474121094,93.0,57.0,68.69999694824219,68.69999694824219,61700
2018-10-29,67.80000305175781,102.30000305175781,64.5,72.9000015258789,72.9000015258789,41713
2018-10-30,71.69999694824219,85.80000305175781,69.9000015258789,70.80000305175781,70.80000305175781,19993
2018-10-31,69.0,81.0,66.30000305175781,67.5,67.5,21737
2018-11-01,69.30000305175781,76.19999694824219,66.9000015258789,72.0,72.0,18250
2018-11-02,73.80000305175781,79.5,69.9000015258789,72.30000305175781,72.30000305175781,16533
2018-11-05,73.5,83.69999694824219,72.9000015258789,74.0999984741211,74.0999984741211,16807
2018-11-06,73.5,76.80000305175781,68.69999694824219,68.69999694824219,68.69999694824219,5313
2018-11-07,71.0999984741211,74.4000015258789,64.19999694824219,68.4000015258789,68.4000015258789,5950
2018-11-08,66.9000015258789,66.9000015258789,61.5,62.70000076293945,62.70000076293945,1707
2018-11-09,61.79999923706055,63.599998474121094,58.5,58.5,58.5,3077
2018-11-12,58.79999923706055,63.29999923706055,57.900001525878906,58.5,58.5,957
2018-11-13,59.099998474121094,60.599998474121094,54.599998474121094,55.20000076293945,55.20000076293945,3560
2018-11-14,56.400001525878906,58.20000076293945,52.79999923706055,53.400001525878906,53.400001525878906,1803
2018-11-15,53.099998474121094,66.0,48.900001525878906,59.400001525878906,59.400001525878906,16347
2018-11-16,55.5,64.5,52.5,57.599998474121094,57.599998474121094,8363
2018-11-19,56.70000076293945,63.900001525878906,56.70000076293945,60.0,60.0,23517
2018-11-20,57.900001525878906,61.20000076293945,54.29999923706055,56.70000076293945,56.70000076293945,7520
2018-11-21,57.29999923706055,61.20000076293945,55.5,55.79999923706055,55.79999923706055,5367
2018-11-23,55.79999923706055,58.20000076293945,54.599998474121094,56.70000076293945,56.70000076293945,517
2018-11-26,56.70000076293945,58.79999923706055,55.20000076293945,56.70000076293945,56.70000076293945,1700
2018-11-27,56.400001525878906,58.79999923706055,51.0,51.29999923706055,51.29999923706055,8463
2018-11-28,49.79999923706055,51.599998474121094,46.79999923706055,48.599998474121094,48.599998474121094,3777
2018-11-29,48.599998474121094,55.5,48.29999923706055,51.0,51.0,14163
2018-11-30,38.099998474121094,40.5,35.099998474121094,36.900001525878906,36.900001525878906,42850
2018-12-03,40.20000076293945,40.20000076293945,35.400001525878906,36.0,36.0,17873
2018-12-04,36.0,39.0,32.400001525878906,35.400001525878906,35.400001525878906,34863
2018-12-06,33.0,38.400001525878906,30.899999618530273,33.29999923706055,33.29999923706055,13270
2018-12-07,33.29999923706055,34.5,31.5,31.5,31.5,6730
2018-12-10,32.400001525878906,33.0,30.299999237060547,31.5,31.5,7987
2018-12-11,32.099998474121094,32.099998474121094,30.299999237060547,30.600000381469727,30.600000381469727,5570
2018-12-12,31.200000762939453,31.799999237060547,30.0,31.5,31.5,4307
2018-12-13,32.099998474121094,37.5,32.099998474121094,34.5,34.5,35550
2018-12-14,33.599998474121094,34.5,32.099998474121094,33.0,33.0,5057
2018-12-17,34.20000076293945,34.20000076293945,31.799999237060547,32.099998474121094,32.099998474121094,2143
2018-12-18,32.099998474121094,32.099998474121094,30.0,30.299999237060547,30.299999237060547,4840
2018-12-19,30.0,30.899999618530273,27.0,29.700000762939453,29.700000762939453,5640
2018-12-20,27.600000381469727,29.700000762939453,22.200000762939453,25.5,25.5,3947
2018-12-21,25.799999237060547,25.799999237060547,24.0,24.600000381469727,24.600000381469727,2827
2018-12-24,23.399999618530273,24.600000381469727,21.600000381469727,23.399999618530273,23.399999618530273,1317
2018-12-26,24.299999237060547,25.5,23.100000381469727,24.299999237060547,24.299999237060547,2500
2018-12-27,24.899999618530273,25.5,23.100000381469727,24.0,24.0,1630
2018-12-28,25.200000762939453,25.200000762939453,22.799999237060547,24.0,24.0,1170
2018-12-31,24.600000381469727,58.5,24.0,45.900001525878906,45.900001525878906,422573
2019-01-02,54.599998474121094,70.5,51.0,56.70000076293945,56.70000076293945,570093
2019-01-03,54.0,56.70000076293945,41.400001525878906,41.400001525878906,41.400001525878906,73253
2019-01-04,40.79999923706055,57.0,40.79999923706055,49.20000076293945,49.20000076293945,240040
2019-01-07,47.70000076293945,49.20000076293945,43.20000076293945,47.400001525878906,47.400001525878906,35953
2019-01-08,46.79999923706055,48.29999923706055,43.20000076293945,45.599998474121094,45.599998474121094,19163
2019-01-09,47.70000076293945,51.0,43.5,50.400001525878906,50.400001525878906,45020
2019-01-10,48.29999923706055,49.79999923706055,45.0,45.900001525878906,45.900001525878906,29123
2019-01-11,45.900001525878906,45.900001525878906,42.0,44.400001525878906,44.400001525878906,6907
2019-01-14,43.79999923706055,44.70000076293945,40.5,43.20000076293945,43.20000076293945,7610
2019-01-15,43.20000076293945,65.4000015258789,41.400001525878906,60.900001525878906,60.900001525878906,166713
2019-01-16,64.19999694824219,67.5,48.29999923706055,49.5,49.5,88410
2019-01-17,50.099998474121094,64.5,49.20000076293945,62.400001525878906,62.400001525878906,101717
2019-01-18,57.0,69.0,53.099998474121094,55.5,55.5,117617
2019-01-22,57.599998474121094,58.20000076293945,51.599998474121094,54.0,54.0,15813
2019-01-23,54.0,54.599998474121094,48.599998474121094,50.099998474121094,50.099998474121094,13560
2019-01-24,51.0,59.400001525878906,49.79999923706055,55.20000076293945,55.20000076293945,52153
2019-01-25,54.900001525878906,59.70000076293945,52.20000076293945,52.79999923706055,52.79999923706055,23307
2019-01-28,52.79999923706055,54.0,51.0,53.400001525878906,53.400001525878906,17620
2019-01-29,53.099998474121094,56.099998474121094,51.0,52.5,52.5,11167
2019-01-30,52.5,59.099998474121094,52.20000076293945,54.599998474121094,54.599998474121094,56517
2019-01-31,55.5,63.0,54.29999923706055,60.900001525878906,60.900001525878906,109600
2019-02-01,60.599998474121094,60.599998474121094,55.20000076293945,55.5,55.5,19023
2019-02-04,55.5,56.400001525878906,54.29999923706055,54.599998474121094,54.599998474121094,6680
2019-02-05,54.29999923706055,57.0,54.29999923706055,54.900001525878906,54.900001525878906,3287
2019-02-06,54.900001525878906,57.599998474121094,54.0,54.0,54.0,11233
2019-02-07,56.099998474121094,62.099998474121094,55.20000076293945,57.900001525878906,57.900001525878906,56450
2019-02-08,57.29999923706055,58.79999923706055,52.5,52.79999923706055,52.79999923706055,21630
2019-02-11,53.70000076293945,55.5,51.0,52.5,52.5,9333
2019-02-12,52.5,54.599998474121094,51.29999923706055,52.79999923706055,52.79999923706055,7700
2019-02-13,53.70000076293945,56.400001525878906,52.5,54.0,54.0,10983
2019-02-14,53.099998474121094,54.0,51.29999923706055,51.900001525878906,51.900001525878906,3923
2019-02-15,52.20000076293945,53.400001525878906,49.5,52.5,52.5,6013
2019-02-19,54.0,54.0,50.099998474121094,51.599998474121094,51.599998474121094,3383
2019-02-20,51.900001525878906,51.900001525878906,49.5,50.70000076293945,50.70000076293945,4127
2019-02-21,53.099998474121094,53.099998474121094,50.099998474121094,50.099998474121094,50.099998474121094,4313
2019-02-22,50.400001525878906,54.599998474121094,49.5,51.900001525878906,51.900001525878906,20227
2019-02-25,54.599998474121094,64.5,52.5,59.70000076293945,59.70000076293945,101983
2019-02-26,59.099998474121094,59.099998474121094,51.0,53.400001525878906,53.400001525878906,29537
2019-02-27,52.5,54.0,51.599998474121094,52.20000076293945,52.20000076293945,4470
2019-02-28,52.5,52.79999923706055,51.0,51.599998474121094,51.599998474121094,4360
2019-03-01,51.900001525878906,54.0,51.29999923706055,51.900001525878906,51.900001525878906,4890
2019-03-04,54.900001525878906,55.20000076293945,51.900001525878906,52.20000076293945,52.20000076293945,10207
2019-03-05,53.70000076293945,65.69999694824219,53.099998474121094,57.599998474121094,57.599998474121094,122207
2019-03-06,54.599998474121094,57.900001525878906,51.0,52.20000076293945,52.20000076293945,24320
2019-03-07,53.70000076293945,53.70000076293945,51.0,51.29999923706055,51.29999923706055,8987
2019-03-08,51.29999923706055,51.599998474121094,48.900001525878906,51.29999923706055,51.29999923706055,8290
2019-03-11,51.599998474121094,52.79999923706055,49.79999923706055,51.29999923706055,51.29999923706055,5270
2019-03-12,51.29999923706055,51.599998474121094,49.79999923706055,50.70000076293945,50.70000076293945,2820
2019-03-13,51.0,52.5,49.79999923706055,51.0,51.0,3250
2019-03-14,50.70000076293945,51.599998474121094,48.599998474121094,49.79999923706055,49.79999923706055,6167
2019-03-15,50.099998474121094,51.0,48.29999923706055,49.5,49.5,4680
2019-03-18,49.79999923706055,50.400001525878906,48.599998474121094,48.900001525878906,48.900001525878906,4097
2019-03-19,49.79999923706055,50.70000076293945,48.900001525878906,49.79999923706055,49.79999923706055,4883
2019-03-20,49.5,51.599998474121094,49.5,49.79999923706055,49.79999923706055,7073
2019-03-21,49.79999923706055,51.0,48.29999923706055,49.5,49.5,4263
2019-03-22,49.5,49.5,48.0,48.599998474121094,48.599998474121094,3357
2019-03-25,48.900001525878906,52.20000076293945,48.0,50.400001525878906,50.400001525878906,8000
2019-03-26,48.900001525878906,51.900001525878906,48.900001525878906,48.900001525878906,48.900001525878906,4700
2019-03-27,48.900001525878906,49.5,48.29999923706055,48.599998474121094,48.599998474121094,2313
2019-03-28,50.400001525878906,53.400001525878906,48.0,48.900001525878906,48.900001525878906,19177
2019-03-29,49.20000076293945,52.79999923706055,48.900001525878906,48.900001525878906,48.900001525878906,6520
2019-04-01,49.79999923706055,51.0,49.5,49.79999923706055,49.79999923706055,1253
2019-04-02,49.79999923706055,50.70000076293945,48.900001525878906,50.099998474121094,50.099998474121094,2547
2019-04-03,50.099998474121094,52.5,49.79999923706055,50.70000076293945,50.70000076293945,11657
2019-04-04,52.20000076293945,56.400001525878906,50.099998474121094,51.900001525878906,51.900001525878906,22267
2019-04-05,52.79999923706055,53.70000076293945,50.400001525878906,51.0,51.0,4793
2019-04-08,51.599998474121094,52.5,50.099998474121094,50.70000076293945,50.70000076293945,2910
2019-04-09,49.79999923706055,51.900001525878906,49.79999923706055,49.79999923706055,49.79999923706055,4327
2019-04-10,50.400001525878906,50.70000076293945,49.20000076293945,50.099998474121094,50.099998474121094,2160
2019-04-11,50.099998474121094,54.29999923706055,50.099998474121094,52.79999923706055,52.79999923706055,23900
2019-04-12,52.79999923706055,52.79999923706055,49.79999923706055,50.400001525878906,50.400001525878906,5363
2019-04-15,50.400001525878906,51.599998474121094,49.5,51.29999923706055,51.29999923706055,3440
2019-04-16,51.0,51.900001525878906,49.79999923706055,49.79999923706055,49.79999923706055,3210
2019-04-17,49.79999923706055,51.0,49.5,49.79999923706055,49.79999923706055,1940
2019-04-18,49.79999923706055,50.400001525878906,44.400001525878906,45.599998474121094,45.599998474121094,7070
2019-04-22,46.20000076293945,46.20000076293945,41.400001525878906,42.599998474121094,42.599998474121094,8217
2019-04-23,42.599998474121094,45.0,41.400001525878906,45.0,45.0,3190
2019-04-24,45.0,45.0,42.29999923706055,45.0,45.0,3110
2019-04-25,43.5,44.099998474121094,40.5,41.70000076293945,41.70000076293945,5730
2019-04-26,41.70000076293945,42.900001525878906,40.79999923706055,41.099998474121094,41.099998474121094,1273
2019-04-29,42.29999923706055,44.099998474121094,41.400001525878906,41.70000076293945,41.70000076293945,3940
2019-04-30,36.0,37.20000076293945,34.5,35.400001525878906,35.400001525878906,9520
2019-05-01,35.70000076293945,36.29999923706055,30.600000381469727,34.20000076293945,34.20000076293945,7367
2019-05-02,33.900001525878906,36.900001525878906,33.0,33.29999923706055,33.29999923706055,1157
2019-05-03,36.0,37.20000076293945,33.599998474121094,36.0,36.0,4320
2019-05-06,32.099998474121094,38.099998474121094,32.099998474121094,36.599998474121094,36.599998474121094,3850
2019-05-07,37.79999923706055,37.79999923706055,34.79999923706055,35.400001525878906,35.400001525878906,1470
2019-05-08,34.20000076293945,38.099998474121094,33.900001525878906,35.099998474121094,35.099998474121094,5323
2019-05-09,35.099998474121094,37.5,34.20000076293945,35.400001525878906,35.400001525878906,1767
2019-05-10,34.79999923706055,35.70000076293945,34.79999923706055,35.400001525878906,35.400001525878906,1100
2019-05-13,34.79999923706055,35.099998474121094,32.70000076293945,34.20000076293945,34.20000076293945,2300
2019-05-14,33.599998474121094,34.5,33.29999923706055,34.20000076293945,34.20000076293945,820
2019-05-15,33.29999923706055,34.5,32.400001525878906,32.400001525878906,32.400001525878906,1113
2019-05-16,33.0,34.5,32.70000076293945,33.0,33.0,1850
2019-05-17,32.400001525878906,34.5,31.200000762939453,32.400001525878906,32.400001525878906,2207
2019-05-20,33.29999923706055,33.900001525878906,31.5,32.400001525878906,32.400001525878906,1493
2019-05-21,32.400001525878906,32.70000076293945,31.5,32.099998474121094,32.099998474121094,1643
2019-05-22,31.799999237060547,32.099998474121094,30.899999618530273,31.200000762939453,31.200000762939453,393
2019-05-23,31.200000762939453,31.5,30.299999237060547,30.899999618530273,30.899999618530273,990
2019-05-24,30.299999237060547,31.799999237060547,30.299999237060547,31.799999237060547,31.799999237060547,1417
2019-05-28,31.200000762939453,31.5,30.299999237060547,30.600000381469727,30.600000381469727,1837
2019-05-29,30.600000381469727,31.200000762939453,27.299999237060547,27.299999237060547,27.299999237060547,1923
2019-05-30,26.700000762939453,28.5,25.799999237060547,27.299999237060547,27.299999237060547,1380
2019-05-31,27.299999237060547,27.899999618530273,25.5,26.700000762939453,26.700000762939453,1467
2019-06-03,25.799999237060547,26.700000762939453,24.899999618530273,26.399999618530273,26.399999618530273,2710
2019-06-04,26.100000381469727,27.0,24.0,26.700000762939453,26.700000762939453,3463
2019-06-05,26.700000762939453,26.700000762939453,25.200000762939453,26.399999618530273,26.399999618530273,1260
2019-06-06,25.5,26.700000762939453,24.899999618530273,25.200000762939453,25.200000762939453,2387
2019-06-07,25.5,26.399999618530273,25.5,26.399999618530273,26.399999618530273,430
2019-06-10,26.399999618530273,26.700000762939453,24.899999618530273,26.100000381469727,26.100000381469727,773
2019-06-11,25.799999237060547,28.5,25.799999237060547,27.600000381469727,27.600000381469727,4080
2019-06-12,27.299999237060547,27.299999237060547,25.799999237060547,26.100000381469727,26.100000381469727,1403
2019-06-13,26.700000762939453,27.0,25.5,25.799999237060547,25.799999237060547,1090
2019-06-14,25.5,25.5,24.0,24.899999618530273,24.899999618530273,1983
2019-06-17,24.600000381469727,26.100000381469727,24.0,24.0,24.0,4893
2019-06-18,25.200000762939453,30.0,24.899999618530273,26.700000762939453,26.700000762939453,17673
2019-06-19,26.700000762939453,27.899999618530273,25.799999237060547,26.100000381469727,26.100000381469727,1690
2019-06-20,27.299999237060547,27.600000381469727,25.799999237060547,26.399999618530273,26.399999618530273,2170
2019-06-21,27.600000381469727,27.600000381469727,25.799999237060547,26.100000381469727,26.100000381469727,1467
2019-06-24,26.399999618530273,27.299999237060547,25.5,25.5,25.5,2310
2019-06-25,27.600000381469727,27.600000381469727,24.899999618530273,26.100000381469727,26.100000381469727,597
2019-06-26,26.100000381469727,26.100000381469727,24.299999237060547,24.899999618530273,24.899999618530273,1630
2019-06-27,25.5,25.5,24.299999237060547,24.899999618530273,24.899999618530273,1033
2019-06-28,25.200000762939453,26.700000762939453,24.0,26.700000762939453,26.700000762939453,2747
2019-07-01,27.0,29.700000762939453,27.0,27.600000381469727,27.600000381469727,3083
2019-07-02,27.299999237060547,28.5,27.299999237060547,27.299999237060547,27.299999237060547,1550
2019-07-03,27.0,28.200000762939453,25.5,26.100000381469727,26.100000381469727,1103
2019-07-05,26.399999618530273,28.200000762939453,26.100000381469727,27.899999618530273,27.899999618530273,853
2019-07-08,28.5,28.5,27.899999618530273,27.899999618530273,27.899999618530273,413
2019-07-09,27.0,27.899999618530273,27.0,27.600000381469727,27.600000381469727,153
2019-07-10,26.700000762939453,27.0,26.399999618530273,26.399999618530273,26.399999618530273,413
2019-07-11,26.399999618530273,27.899999618530273,26.399999618530273,26.700000762939453,26.700000762939453,420
2019-07-12,26.700000762939453,26.700000762939453,26.100000381469727,26.399999618530273,26.399999618530273,573
2019-07-15,26.399999618530273,26.700000762939453,25.799999237060547,26.399999618530273,26.399999618530273,330
2019-07-16,26.100000381469727,26.399999618530273,25.799999237060547,26.100000381469727,26.100000381469727,183
2019-07-17,26.100000381469727,26.100000381469727,24.299999237060547,25.799999237060547,25.799999237060547,373
2019-07-18,25.5,25.799999237060547,24.299999237060547,24.899999618530273,24.899999618530273,477
2019-07-19,25.200000762939453,26.399999618530273,24.899999618530273,24.899999618530273,24.899999618530273,303
2019-07-22,26.100000381469727,26.100000381469727,24.0,24.0,24.0,437
2019-07-23,24.299999237060547,25.5,24.299999237060547,24.899999618530273,24.899999618530273,1317
2019-07-24,24.600000381469727,25.799999237060547,24.600000381469727,25.200000762939453,25.200000762939453,233
2019-07-25,25.5,28.200000762939453,24.600000381469727,25.799999237060547,25.799999237060547,4720
2019-07-26,26.100000381469727,27.0,24.899999618530273,26.700000762939453,26.700000762939453,5973
2019-07-29,25.799999237060547,29.100000381469727,24.899999618530273,27.600000381469727,27.600000381469727,10353
2019-07-30,26.399999618530273,27.600000381469727,25.799999237060547,25.799999237060547,25.799999237060547,1790
2019-07-31,25.5,26.100000381469727,24.899999618530273,25.799999237060547,25.799999237060547,1590
2019-08-01,24.899999618530273,26.399999618530273,24.0,25.5,25.5,2623
2019-08-02,24.600000381469727,26.100000381469727,24.600000381469727,25.5,25.5,1130
2019-08-05,25.799999237060547,25.799999237060547,24.0,24.600000381469727,24.600000381469727,1257
2019-08-06,25.5,25.5,24.299999237060547,24.600000381469727,24.600000381469727,103
2019-08-07,24.0,25.5,21.899999618530273,24.0,24.0,1393
2019-08-08,23.399999618530273,26.700000762939453,23.399999618530273,24.899999618530273,24.899999618530273,993
2019-08-09,26.399999618530273,26.399999618530273,23.700000762939453,25.200000762939453,25.200000762939453,780
2019-08-12,24.0,24.899999618530273,24.0,24.899999618530273,24.899999618530273,430
2019-08-13,24.899999618530273,25.200000762939453,23.399999618530273,24.0,24.0,1710
2019-08-14,23.399999618530273,25.200000762939453,23.100000381469727,23.399999618530273,23.399999618530273,1970
2019-08-15,24.899999618530273,24.899999618530273,21.299999237060547,23.399999618530273,23.399999618530273,1570
2019-08-16,22.200000762939453,24.0,21.899999618530273,22.200000762939453,22.200000762939453,510
2019-08-19,23.100000381469727,25.5,21.600000381469727,23.399999618530273,23.399999618530273,2427
2019-08-20,23.399999618530273,23.399999618530273,23.100000381469727,23.100000381469727,23.100000381469727,263
2019-08-21,22.5,23.100000381469727,22.5,23.100000381469727,23.100000381469727,377
2019-08-22,22.799999237060547,23.100000381469727,21.600000381469727,21.899999618530273,21.899999618530273,950
2019-08-23,21.600000381469727,24.0,21.600000381469727,24.0,24.0,1080
2019-08-26,24.0,25.200000762939453,21.899999618530273,24.600000381469727,24.600000381469727,997
2019-08-27,22.5,24.600000381469727,22.5,23.100000381469727,23.100000381469727,670
2019-08-28,24.0,24.299999237060547,22.799999237060547,24.0,24.0,1443
2019-08-29,23.399999618530273,24.0,21.899999618530273,23.100000381469727,23.100000381469727,1213
2019-08-30,24.0,24.0,22.200000762939453,22.5,22.5,1120
2019-09-03,23.399999618530273,24.0,22.799999237060547,23.700000762939453,23.700000762939453,1093
2019-09-04,23.700000762939453,24.600000381469727,22.5,22.799999237060547,22.799999237060547,527
2019-09-05,23.399999618530273,26.399999618530273,22.5,24.0,24.0,8440
2019-09-06,24.0,25.5,24.0,24.899999618530273,24.899999618530273,1287
2019-09-09,24.0,26.100000381469727,22.799999237060547,24.299999237060547,24.299999237060547,1290
2019-09-10,25.5,26.700000762939453,24.299999237060547,26.399999618530273,26.399999618530273,3083
2019-09-11,24.600000381469727,27.0,24.600000381469727,27.0,27.0,2027
2019-09-12,27.0,27.299999237060547,25.5,27.0,27.0,1333
2019-09-13,26.399999618530273,27.600000381469727,25.799999237060547,27.600000381469727,27.600000381469727,803
2019-09-16,26.399999618530273,27.299999237060547,26.399999618530273,27.0,27.0,690
2019-09-17,27.0,27.899999618530273,26.399999618530273,27.0,27.0,690
2019-09-18,27.600000381469727,27.600000381469727,26.399999618530273,27.299999237060547,27.299999237060547,1127
2019-09-19,27.299999237060547,27.600000381469727,24.299999237060547,26.700000762939453,26.700000762939453,640
2019-09-20,27.600000381469727,27.600000381469727,24.899999618530273,25.5,25.5,440
2019-09-23,25.200000762939453,26.100000381469727,25.200000762939453,25.5,25.5,143
2019-09-24,25.200000762939453,25.5,24.0,25.5,25.5,1453
2019-09-25,24.299999237060547,24.299999237060547,23.399999618530273,24.0,24.0,2657
2019-09-26,24.0,24.600000381469727,23.399999618530273,23.700000762939453,23.700000762939453,367
2019-09-27,23.399999618530273,24.899999618530273,23.399999618530273,24.0,24.0,547
2019-09-30,24.0,24.299999237060547,23.399999618530273,24.299999237060547,24.299999237060547,893
2019-10-01,24.899999618530273,24.899999618530273,23.399999618530273,23.399999618530273,23.399999618530273,137
2019-10-02,23.399999618530273,23.399999618530273,23.399999618530273,23.399999618530273,23.399999618530273,73
2019-10-03,23.399999618530273,23.399999618530273,22.200000762939453,22.200000762939453,22.200000762939453,227
2019-10-04,22.200000762939453,24.299999237060547,22.200000762939453,23.399999618530273,23.399999618530273,607
2019-10-07,23.100000381469727,24.600000381469727,23.100000381469727,24.600000381469727,24.600000381469727,23
2019-10-08,23.100000381469727,24.299999237060547,22.200000762939453,22.200000762939453,22.200000762939453,337
2019-10-09,22.200000762939453,23.399999618530273,18.299999237060547,21.899999618530273,21.899999618530273,2437
2019-10-10,21.899999618530273,23.399999618530273,21.299999237060547,22.799999237060547,22.799999237060547,783
2019-10-11,21.899999618530273,23.399999618530273,20.700000762939453,23.399999618530273,23.399999618530273,2667
2019-10-14,22.5,24.299999237060547,21.0,22.5,22.5,3450
2019-10-15,22.5,26.399999618530273,22.5,25.200000762939453,25.200000762939453,10383
2019-10-16,24.0,25.5,22.200000762939453,22.5,22.5,2427
2019-10-17,22.5,25.200000762939453,22.5,22.799999237060547,22.799999237060547,1527
2019-10-18,24.600000381469727,24.600000381469727,22.799999237060547,22.799999237060547,22.799999237060547,497
2019-10-21,22.5,23.399999618530273,21.600000381469727,22.5,22.5,2103
2019-10-22,22.799999237060547,22.799999237060547,21.299999237060547,21.899999618530273,21.899999618530273,1600
2019-10-23,21.899999618530273,22.799999237060547,21.299999237060547,22.200000762939453,22.200000762939453,1590
2019-10-24,21.600000381469727,22.5,21.299999237060547,21.600000381469727,21.600000381469727,1123
2019-10-25,22.200000762939453,22.200000762939453,21.299999237060547,22.200000762939453,22.200000762939453,1177
2019-10-28,22.200000762939453,24.0,22.200000762939453,22.799999237060547,22.799999237060547,2703
2019-10-29,22.799999237060547,22.799999237060547,21.299999237060547,21.899999618530273,21.899999618530273,417
2019-10-30,22.5,22.5,21.600000381469727,21.899999618530273,21.899999618530273,793
2019-10-31,22.200000762939453,22.5,21.600000381469727,21.899999618530273,21.899999618530273,863
2019-11-01,21.600000381469727,21.899999618530273,21.0,21.299999237060547,21.299999237060547,1287
2019-11-04,21.299999237060547,21.899999618530273,21.0,21.299999237060547,21.299999237060547,947
2019-11-05,21.600000381469727,22.5,21.0,21.299999237060547,21.299999237060547,1883
2019-11-06,21.299999237060547,22.200000762939453,21.299999237060547,22.200000762939453,22.200000762939453,497
2019-11-07,21.899999618530273,23.700000762939453,21.600000381469727,22.5,22.5,1993
2019-11-08,21.600000381469727,23.399999618530273,21.600000381469727,22.799999237060547,22.799999237060547,723
2019-11-11,22.799999237060547,22.799999237060547,21.899999618530273,21.899999618530273,21.899999618530273,170
2019-11-12,22.200000762939453,23.700000762939453,21.600000381469727,23.700000762939453,23.700000762939453,1677
2019-11-13,23.700000762939453,23.700000762939453,21.899999618530273,23.399999618530273,23.399999618530273,320
2019-11-14,22.200000762939453,22.5,21.600000381469727,22.5,22.5,1027
2019-11-15,22.200000762939453,23.700000762939453,22.200000762939453,23.100000381469727,23.100000381469727,1580
2019-11-18,23.100000381469727,23.399999618530273,22.200000762939453,23.100000381469727,23.100000381469727,1147
2019-11-19,21.600000381469727,22.200000762939453,21.600000381469727,21.600000381469727,21.600000381469727,350
2019-11-20,21.899999618530273,22.5,21.600000381469727,21.600000381469727,21.600000381469727,247
2019-11-21,21.600000381469727,22.5,21.0,21.600000381469727,21.600000381469727,883
2019-11-22,21.600000381469727,21.600000381469727,21.600000381469727,21.600000381469727,21.600000381469727,127
2019-11-25,21.299999237060547,22.5,21.299999237060547,22.5,22.5,270
2019-11-26,25.5,45.29999923706055,25.200000762939453,27.899999618530273,27.899999618530273,422673
2019-11-27,27.899999618530273,27.899999618530273,24.299999237060547,25.200000762939453,25.200000762939453,22827
2019-11-29,25.200000762939453,25.200000762939453,22.799999237060547,23.399999618530273,23.399999618530273,6933
2019-12-02,23.399999618530273,25.200000762939453,23.399999618530273,24.0,24.0,5083
2019-12-03,23.399999618530273,24.0,22.799999237060547,23.399999618530273,23.399999618530273,3707
2019-12-04,22.5,23.700000762939453,22.5,22.799999237060547,22.799999237060547,3520
2019-12-05,21.899999618530273,24.0,21.899999618530273,22.799999237060547,22.799999237060547,6707
2019-12-06,23.399999618530273,23.399999618530273,21.899999618530273,22.200000762939453,22.200000762939453,1717
2019-12-09,22.200000762939453,22.799999237060547,21.899999618530273,22.5,22.5,1507
2019-12-10,21.899999618530273,22.799999237060547,21.600000381469727,22.5,22.5,2150
2019-12-11,21.899999618530273,23.399999618530273,21.899999618530273,22.200000762939453,22.200000762939453,903
2019-12-12,21.899999618530273,25.5,21.899999618530273,24.0,24.0,28597
2019-12-13,40.20000076293945,46.20000076293945,29.399999618530273,31.799999237060547,31.799999237060547,686657
2019-12-16,28.5,30.299999237060547,27.0,29.100000381469727,29.100000381469727,25797
2019-12-17,21.600000381469727,21.899999618530273,18.899999618530273,21.0,21.0,62370
2019-12-18,21.0,21.0,19.799999237060547,20.399999618530273,20.399999618530273,10517
2019-12-19,19.799999237060547,21.899999618530273,19.799999237060547,21.0,21.0,14213
2019-12-20,21.600000381469727,21.600000381469727,20.399999618530273,20.700000762939453,20.700000762939453,7100
2019-12-23,20.700000762939453,21.299999237060547,19.799999237060547,20.100000381469727,20.100000381469727,7880
2019-12-24,20.100000381469727,20.700000762939453,19.799999237060547,20.399999618530273,20.399999618530273,3470
2019-12-26,20.399999618530273,20.700000762939453,20.100000381469727,20.700000762939453,20.700000762939453,4040
2019-12-27,20.700000762939453,21.0,19.799999237060547,20.399999618530273,20.399999618530273,6693
2019-12-30,20.100000381469727,20.700000762939453,19.5,20.700000762939453,20.700000762939453,8420
2019-12-31,20.700000762939453,20.700000762939453,19.799999237060547,20.399999618530273,20.399999618530273,3940
2020-01-02,20.700000762939453,21.899999618530273,20.700000762939453,21.299999237060547,21.299999237060547,9373
2020-01-03,21.299999237060547,23.700000762939453,20.399999618530273,23.100000381469727,23.100000381469727,25433
2020-01-06,23.700000762939453,23.700000762939453,21.299999237060547,22.200000762939453,22.200000762939453,15143
2020-01-07,21.899999618530273,21.899999618530273,19.799999237060547,20.700000762939453,20.700000762939453,18150
2020-01-08,20.399999618530273,22.5,20.100000381469727,21.299999237060547,21.299999237060547,11890
2020-01-09,21.299999237060547,22.200000762939453,21.0,21.899999618530273,21.899999618530273,7183
2020-01-10,22.200000762939453,24.600000381469727,21.299999237060547,24.0,24.0,39633
2020-01-13,25.5,26.399999618530273,22.5,24.600000381469727,24.600000381469727,48067
2020-01-14,25.799999237060547,27.600000381469727,23.700000762939453,27.0,27.0,40723
2020-01-15,25.5,26.700000762939453,22.799999237060547,23.399999618530273,23.399999618530273,24970
2020-01-16,23.399999618530273,23.700000762939453,22.799999237060547,23.399999618530273,23.399999618530273,8990
2020-01-17,22.799999237060547,23.399999618530273,21.600000381469727,22.200000762939453,22.200000762939453,9723
2020-01-21,21.899999618530273,21.899999618530273,20.700000762939453,21.600000381469727,21.600000381469727,8200
2020-01-22,21.600000381469727,21.600000381469727,20.700000762939453,20.700000762939453,20.700000762939453,5893
2020-01-23,20.700000762939453,22.5,20.399999618530273,21.299999237060547,21.299999237060547,4250
2020-01-24,21.0,21.899999618530273,20.700000762939453,21.299999237060547,21.299999237060547,2960
2020-01-27,20.399999618530273,21.299999237060547,20.399999618530273,20.399999618530273,20.399999618530273,4403
2020-01-28,20.399999618530273,21.299999237060547,20.399999618530273,20.700000762939453,20.700000762939453,5467
2020-01-29,20.399999618530273,21.0,20.399999618530273,20.700000762939453,20.700000762939453,1180
2020-01-30,20.700000762939453,20.700000762939453,20.100000381469727,20.100000381469727,20.100000381469727,2603
2020-01-31,20.100000381469727,20.399999618530273,19.5,20.100000381469727,20.100000381469727,2313
2020-02-03,19.5,22.200000762939453,19.5,21.899999618530273,21.899999618530273,10583
2020-02-04,21.0,21.899999618530273,20.399999618530273,21.0,21.0,4510
2020-02-05,19.5,20.399999618530273,19.5,20.100000381469727,20.100000381469727,4897
2020-02-06,20.100000381469727,21.299999237060547,19.799999237060547,19.799999237060547,19.799999237060547,18600
2020-02-07,20.700000762939453,20.700000762939453,19.5,20.100000381469727,20.100000381469727,5253
2020-02-10,20.399999618530273,20.399999618530273,19.5,19.799999237060547,19.799999237060547,1393
2020-02-11,19.799999237060547,19.799999237060547,18.600000381469727,19.200000762939453,19.200000762939453,4867
2020-02-12,19.5,19.799999237060547,19.200000762939453,19.200000762939453,19.200000762939453,3177
2020-02-13,19.5,19.799999237060547,18.899999618530273,19.5,19.5,3653
2020-02-14,19.200000762939453,20.100000381469727,18.899999618530273,19.200000762939453,19.200000762939453,4007
2020-02-18,19.5,19.5,18.899999618530273,19.5,19.5,2727
2020-02-19,19.5,20.700000762939453,19.200000762939453,20.100000381469727,20.100000381469727,4117
2020-02-20,19.200000762939453,20.100000381469727,19.200000762939453,19.799999237060547,19.799999237060547,2287
2020-02-21,20.100000381469727,20.100000381469727,19.200000762939453,19.5,19.5,1440
2020-02-24,19.5,19.5,18.600000381469727,18.899999618530273,18.899999618530273,5490
2020-02-25,18.899999618530273,19.799999237060547,18.0,18.600000381469727,18.600000381469727,5803
2020-02-26,18.600000381469727,19.200000762939453,18.0,18.299999237060547,18.299999237060547,1210
2020-02-27,18.299999237060547,18.299999237060547,15.0,17.100000381469727,17.100000381469727,5077
2020-02-28,17.100000381469727,18.299999237060547,15.0,15.300000190734863,15.300000190734863,7037
2020-03-02,15.0,16.5,15.0,15.600000381469727,15.600000381469727,3860
2020-03-03,15.600000381469727,16.799999237060547,15.600000381469727,16.5,16.5,2597
2020-03-04,17.100000381469727,17.100000381469727,15.300000190734863,15.899999618530273,15.899999618530273,1263
2020-03-05,15.300000190734863,16.200000762939453,15.300000190734863,15.300000190734863,15.300000190734863,1437
2020-03-06,15.899999618530273,15.899999618530273,14.399999618530273,15.600000381469727,15.600000381469727,2223
2020-03-09,15.0,15.0,13.5,14.100000381469727,14.100000381469727,727
2020-03-10,13.800000190734863,14.399999618530273,9.899999618530273,12.600000381469727,12.600000381469727,8957
2020-03-11,12.0,12.899999618530273,11.699999809265137,12.600000381469727,12.600000381469727,2220
2020-03-12,11.699999809265137,12.600000381469727,10.5,11.100000381469727,11.100000381469727,1907
2020-03-13,11.100000381469727,12.0,10.800000190734863,11.399999618530273,11.399999618530273,2797
2020-03-16,11.100000381469727,11.100000381469727,9.600000381469727,9.600000381469727,9.600000381469727,1447
2020-03-17,9.0,10.800000190734863,8.399999618530273,10.199999809265137,10.199999809265137,3613
2020-03-18,9.0,9.899999618530273,9.0,9.0,9.0,470
2020-03-19,8.699999809265137,10.199999809265137,7.800000190734863,9.0,9.0,2420
2020-03-20,9.600000381469727,10.5,8.100000381469727,8.100000381469727,8.100000381469727,6467
2020-03-23,8.399999618530273,9.600000381469727,8.100000381469727,8.699999809265137,8.699999809265137,1500
2020-03-24,9.300000190734863,9.899999618530273,8.699999809265137,9.300000190734863,9.300000190734863,2853
2020-03-25,9.0,10.199999809265137,9.0,9.300000190734863,9.300000190734863,1330
2020-03-26,10.5,10.800000190734863,9.300000190734863,10.199999809265137,10.199999809265137,2993
2020-03-27,10.800000190734863,10.800000190734863,9.300000190734863,10.5,10.5,710
2020-03-30,10.800000190734863,12.300000190734863,10.5,12.0,12.0,5117
2020-03-31,12.300000190734863,19.5,11.100000381469727,12.300000190734863,12.300000190734863,44553
2020-04-01,12.0,12.300000190734863,11.100000381469727,11.399999618530273,11.399999618530273,2337
2020-04-02,11.399999618530273,12.600000381469727,11.100000381469727,11.699999809265137,11.699999809265137,1780
2020-04-03,11.699999809265137,12.899999618530273,11.399999618530273,12.600000381469727,12.600000381469727,2103
2020-04-06,12.899999618530273,13.199999809265137,12.600000381469727,13.199999809265137,13.199999809265137,2097
2020-04-07,13.199999809265137,13.800000190734863,13.199999809265137,13.5,13.5,6977
2020-04-08,13.5,14.699999809265137,12.600000381469727,14.399999618530273,14.399999618530273,7920
2020-04-09,14.399999618530273,15.0,13.5,13.800000190734863,13.800000190734863,3910
2020-04-13,14.100000381469727,14.399999618530273,13.800000190734863,14.100000381469727,14.100000381469727,1197
2020-04-14,14.399999618530273,14.399999618530273,13.5,14.399999618530273,14.399999618530273,2950
2020-04-15,13.5,15.0,13.5,14.100000381469727,14.100000381469727,1850
2020-04-16,14.100000381469727,15.0,12.600000381469727,15.0,15.0,8073
2020-04-17,15.0,16.5,14.399999618530273,16.200000762939453,16.200000762939453,4863
2020-04-20,16.799999237060547,18.899999618530273,15.899999618530273,18.600000381469727,18.600000381469727,29890
2020-04-21,18.299999237060547,19.200000762939453,17.399999618530273,19.200000762939453,19.200000762939453,10793
2020-04-22,19.200000762939453,20.100000381469727,17.399999618530273,19.5,19.5,4537
2020-04-23,19.200000762939453,19.799999237060547,18.899999618530273,19.5,19.5,7047
2020-04-24,19.200000762939453,20.700000762939453,18.600000381469727,20.700000762939453,20.700000762939453,2660
2020-04-27,20.399999618530273,22.5,18.299999237060547,22.5,22.5,5920
2020-04-28,23.399999618530273,24.299999237060547,19.799999237060547,22.5,22.5,6310
2020-04-29,20.700000762939453,22.799999237060547,20.700000762939453,22.5,22.5,4047
2020-04-30,22.5,22.799999237060547,21.0,22.200000762939453,22.200000762939453,5943
2020-05-01,19.799999237060547,22.5,19.5,22.5,22.5,1803
2020-05-04,21.600000381469727,22.5,19.200000762939453,21.0,21.0,2830
2020-05-05,19.799999237060547,22.5,19.799999237060547,21.600000381469727,21.600000381469727,1263
2020-05-06,21.0,21.0,17.100000381469727,21.0,21.0,7267
2020-05-07,18.0,21.600000381469727,18.0,21.600000381469727,21.600000381469727,1497
2020-05-08,21.0,21.600000381469727,19.5,21.600000381469727,21.600000381469727,553
2020-05-11,21.0,21.600000381469727,19.799999237060547,21.299999237060547,21.299999237060547,670
2020-05-12,20.100000381469727,21.299999237060547,19.5,21.299999237060547,21.299999237060547,680
2020-05-13,21.0,21.0,19.5,20.700000762939453,20.700000762939453,1073
2020-05-14,19.5,20.700000762939453,19.5,20.399999618530273,20.399999618530273,243
2020-05-15,19.799999237060547,20.100000381469727,19.5,19.5,19.5,533
2020-05-18,19.799999237060547,20.700000762939453,19.200000762939453,20.399999618530273,20.399999618530273,810
2020-05-19,20.700000762939453,20.700000762939453,19.5,20.399999618530273,20.399999618530273,613
2020-05-20,33.0,53.099998474121094,26.399999618530273,28.200000762939453,28.200000762939453,1474643
2020-05-21,25.200000762939453,27.899999618530273,22.799999237060547,23.700000762939453,23.700000762939453,79870
2020-05-22,18.600000381469727,19.5,16.799999237060547,19.200000762939453,19.200000762939453,83443
2020-05-26,19.5,19.5,18.0,18.600000381469727,18.600000381469727,17887
2020-05-27,18.600000381469727,18.600000381469727,17.100000381469727,17.700000762939453,17.700000762939453,27150
2020-05-28,18.0,21.299999237060547,17.399999618530273,18.899999618530273,18.899999618530273,56500
2020-05-29,18.899999618530273,19.799999237060547,18.299999237060547,19.5,19.5,28740
2020-06-01,19.200000762939453,20.399999618530273,18.899999618530273,20.100000381469727,20.100000381469727,11227
2020-06-02,20.399999618530273,21.899999618530273,19.799999237060547,21.0,21.0,29027
2020-06-03,20.700000762939453,22.200000762939453,20.700000762939453,21.299999237060547,21.299999237060547,8507
2020-06-04,21.299999237060547,22.200000762939453,20.399999618530273,21.899999618530273,21.899999618530273,5350
2020-06-05,21.899999618530273,22.200000762939453,21.299999237060547,22.200000762939453,22.200000762939453,6127
2020-06-08,21.899999618530273,23.399999618530273,21.899999618530273,22.799999237060547,22.799999237060547,7077
2020-06-09,23.399999618530273,25.5,21.600000381469727,23.100000381469727,23.100000381469727,23887
2020-06-10,24.0,26.399999618530273,23.100000381469727,24.899999618530273,24.899999618530273,29410
2020-06-11,24.600000381469727,33.900001525878906,24.299999237060547,27.299999237060547,27.299999237060547,97077
2020-06-12,30.0,31.200000762939453,26.700000762939453,26.700000762939453,26.700000762939453,25397
2020-06-15,27.0,27.0,22.5,24.299999237060547,24.299999237060547,11943
2020-06-16,24.0,24.600000381469727,23.399999618530273,24.0,24.0,6510
2020-06-17,24.299999237060547,26.399999618530273,24.0,25.5,25.5,4913
2020-06-18,25.799999237060547,26.100000381469727,24.0,24.299999237060547,24.299999237060547,5600
2020-06-19,24.600000381469727,24.899999618530273,24.0,24.600000381469727,24.600000381469727,3370
2020-06-22,24.0,24.600000381469727,22.5,22.5,22.5,10297
2020-06-23,22.5,24.0,22.5,23.700000762939453,23.700000762939453,5820
2020-06-24,22.799999237060547,23.700000762939453,21.299999237060547,21.899999618530273,21.899999618530273,4530
2020-06-25,21.600000381469727,22.5,21.299999237060547,22.5,22.5,2193
2020-06-26,22.200000762939453,22.5,21.899999618530273,22.5,22.5,1787
2020-06-29,21.899999618530273,22.799999237060547,21.0,21.600000381469727,21.600000381469727,1323
2020-06-30,21.299999237060547,23.700000762939453,21.0,22.200000762939453,22.200000762939453,2500
2020-07-01,21.600000381469727,22.5,21.600000381469727,22.5,22.5,613
2020-07-02,22.200000762939453,22.5,21.600000381469727,21.899999618530273,21.899999618530273,2563
2020-07-06,22.5,23.700000762939453,22.200000762939453,22.799999237060547,22.799999237060547,4083
2020-07-07,23.100000381469727,23.399999618530273,22.200000762939453,22.799999237060547,22.799999237060547,4310
2020-07-08,22.200000762939453,23.100000381469727,22.200000762939453,23.100000381469727,23.100000381469727,3060
2020-07-09,23.700000762939453,23.700000762939453,22.5,23.700000762939453,23.700000762939453,6377
2020-07-10,24.299999237060547,24.899999618530273,22.799999237060547,24.899999618530273,24.899999618530273,3643
2020-07-13,24.899999618530273,24.899999618530273,23.100000381469727,23.399999618530273,23.399999618530273,3853
2020-07-14,22.799999237060547,24.0,21.600000381469727,23.700000762939453,23.700000762939453,2353
2020-07-15,23.399999618530273,24.899999618530273,22.5,24.0,24.0,2110
2020-07-16,23.700000762939453,23.700000762939453,22.799999237060547,23.700000762939453,23.700000762939453,547
2020-07-17,22.799999237060547,24.600000381469727,22.799999237060547,23.700000762939453,23.700000762939453,3180
2020-07-20,22.799999237060547,23.399999618530273,19.799999237060547,21.600000381469727,21.600000381469727,21427
2020-07-21,21.0,22.5,21.0,21.899999618530273,21.899999618530273,1697
2020-07-22,22.5,22.5,21.0,21.600000381469727,21.600000381469727,2173
2020-07-23,21.299999237060547,21.299999237060547,19.799999237060547,20.100000381469727,20.100000381469727,6017
2020-07-24,21.0,21.0,20.399999618530273,20.700000762939453,20.700000762939453,1337
2020-07-27,20.700000762939453,31.200000762939453,20.399999618530273,25.5,25.5,92240
2020-07-28,22.799999237060547,23.700000762939453,21.0,21.0,21.0,16787
2020-07-29,21.299999237060547,21.899999618530273,21.0,21.0,21.0,5307
2020-07-30,21.299999237060547,22.799999237060547,21.0,21.600000381469727,21.600000381469727,3617
2020-07-31,22.200000762939453,22.200000762939453,21.0,21.299999237060547,21.299999237060547,2253
2020-08-03,21.299999237060547,23.700000762939453,21.299999237060547,23.100000381469727,23.100000381469727,6727
2020-08-04,23.700000762939453,25.5,22.200000762939453,24.600000381469727,24.600000381469727,10423
2020-08-05,24.299999237060547,24.899999618530273,23.399999618530273,23.700000762939453,23.700000762939453,1677
2020-08-06,24.0,25.5,22.799999237060547,24.299999237060547,24.299999237060547,1867
2020-08-07,23.700000762939453,27.0,23.100000381469727,25.799999237060547,25.799999237060547,13977
2020-08-10,27.0,27.600000381469727,26.100000381469727,27.299999237060547,27.299999237060547,5843
2020-08-11,27.299999237060547,27.600000381469727,24.299999237060547,24.600000381469727,24.600000381469727,3980
2020-08-12,23.700000762939453,24.0,23.399999618530273,23.399999618530273,23.399999618530273,2110
2020-08-13,24.299999237060547,24.600000381469727,23.399999618530273,24.0,24.0,2113
2020-08-14,23.700000762939453,25.5,22.799999237060547,24.0,24.0,7087
2020-08-17,24.0,31.5,24.0,31.200000762939453,31.200000762939453,21933
2020-08-18,39.599998474121094,42.900001525878906,24.0,24.899999618530273,24.899999618530273,281100
2020-08-19,24.600000381469727,25.200000762939453,23.100000381469727,23.100000381469727,23.100000381469727,21447
2020-08-20,23.399999618530273,25.5,21.600000381469727,22.5,22.5,97763
2020-08-21,21.600000381469727,22.200000762939453,21.0,21.600000381469727,21.600000381469727,19987
2020-08-24,21.299999237060547,22.5,17.100000381469727,19.5,19.5,41190
2020-08-25,20.399999618530273,20.399999618530273,18.299999237060547,19.5,19.5,9267
2020-08-26,19.200000762939453,20.399999618530273,19.200000762939453,19.200000762939453,19.200000762939453,7097
2020-08-27,19.5,19.5,18.0,18.299999237060547,18.299999237060547,6177
2020-08-28,18.299999237060547,19.5,18.299999237060547,18.899999618530273,18.899999618530273,7573
2020-08-31,19.799999237060547,19.799999237060547,18.299999237060547,18.600000381469727,18.600000381469727,4080
2020-09-01,19.200000762939453,19.5,18.299999237060547,18.899999618530273,18.899999618530273,3797
2020-09-02,18.299999237060547,19.200000762939453,17.700000762939453,18.299999237060547,18.299999237060547,16083
2020-09-03,15.0,22.5,14.899999618530273,18.899999618530273,18.899999618530273,168550
2020-09-04,20.399999618530273,20.700000762939453,18.600000381469727,20.399999618530273,20.399999618530273,39780
2020-09-08,19.200000762939453,21.0,19.100000381469727,20.399999618530273,20.399999618530273,23110
2020-09-09,20.399999618530273,21.200000762939453,19.600000381469727,20.700000762939453,20.700000762939453,17140
2020-09-10,20.600000381469727,21.799999237060547,20.100000381469727,21.0,21.0,18890
2020-09-11,21.100000381469727,21.799999237060547,20.600000381469727,21.799999237060547,21.799999237060547,5400
2020-09-14,21.799999237060547,21.799999237060547,20.700000762939453,21.299999237060547,21.299999237060547,5500
2020-09-15,21.200000762939453,23.0,21.200000762939453,21.899999618530273,21.899999618530273,17040
2020-09-16,21.899999618530273,22.399999618530273,21.100000381469727,22.100000381469727,22.100000381469727,8170
2020-09-17,21.700000762939453,21.899999618530273,20.0,21.200000762939453,21.200000762939453,22360
2020-09-18,20.899999618530273,21.600000381469727,20.200000762939453,21.5,21.5,13290
2020-09-21,21.600000381469727,21.700000762939453,20.0,20.299999237060547,20.299999237060547,17760
2020-09-22,20.200000762939453,21.200000762939453,19.200000762939453,21.0,21.0,26990
2020-09-23,20.5,24.399999618530273,20.0,21.899999618530273,21.899999618530273,46720
2020-09-24,22.0,22.200000762939453,20.5,22.200000762939453,22.200000762939453,13610
2020-09-25,22.100000381469727,25.0,21.5,22.399999618530273,22.399999618530273,64280
2020-09-28,22.5,23.399999618530273,20.899999618530273,21.399999618530273,21.399999618530273,31970
2020-09-29,20.899999618530273,21.399999618530273,19.200000762939453,20.600000381469727,20.600000381469727,55300
2020-09-30,20.600000381469727,22.299999237060547,20.100000381469727,21.799999237060547,21.799999237060547,34130
2020-10-01,22.100000381469727,27.399999618530273,21.100000381469727,23.899999618530273,23.899999618530273,367480
2020-10-02,21.700000762939453,24.0,21.0,23.299999237060547,23.299999237060547,32420
2020-10-05,22.5,23.0,20.799999237060547,21.299999237060547,21.299999237060547,36400
2020-10-06,21.200000762939453,23.399999618530273,20.799999237060547,21.700000762939453,21.700000762939453,34150
2020-10-07,21.700000762939453,22.399999618530273,21.200000762939453,21.700000762939453,21.700000762939453,8030
2020-10-08,21.200000762939453,22.100000381469727,20.799999237060547,21.399999618530273,21.399999618530273,39610
2020-10-09,22.100000381469727,22.600000381469727,21.200000762939453,22.0,22.0,14430
2020-10-12,24.100000381469727,24.799999237060547,23.0,24.200000762939453,24.200000762939453,108470
2020-10-13,23.799999237060547,25.799999237060547,23.399999618530273,24.200000762939453,24.200000762939453,44520
2020-10-14,22.700000762939453,24.5,22.600000381469727,24.200000762939453,24.200000762939453,48650
2020-10-15,23.700000762939453,24.899999618530273,22.200000762939453,23.5,23.5,23830
2020-10-16,23.100000381469727,27.799999237060547,22.0,23.899999618530273,23.899999618530273,99130
2020-10-19,24.200000762939453,28.200000762939453,23.299999237060547,25.600000381469727,25.600000381469727,225480
2020-10-20,24.799999237060547,25.600000381469727,22.799999237060547,24.799999237060547,24.799999237060547,75320
2020-10-21,24.5,25.799999237060547,22.799999237060547,23.399999618530273,23.399999618530273,42610
2020-10-22,23.600000381469727,24.399999618530273,22.899999618530273,24.0,24.0,25620
2020-10-23,23.899999618530273,24.0,23.0,23.5,23.5,22420
2020-10-26,23.399999618530273,23.600000381469727,21.799999237060547,22.100000381469727,22.100000381469727,21930
2020-10-27,22.100000381469727,23.899999618530273,21.100000381469727,22.700000762939453,22.700000762939453,58080
2020-10-28,22.299999237060547,22.299999237060547,21.200000762939453,21.600000381469727,21.600000381469727,10780
2020-10-29,22.0,22.100000381469727,20.5,20.700000762939453,20.700000762939453,26120
2020-10-30,20.799999237060547,20.799999237060547,17.799999237060547,19.700000762939453,19.700000762939453,39920
2020-11-02,19.200000762939453,20.200000762939453,18.600000381469727,20.200000762939453,20.200000762939453,23810
2020-11-03,20.100000381469727,20.700000762939453,19.399999618530273,20.299999237060547,20.299999237060547,11940
2020-11-04,20.399999618530273,21.0,18.799999237060547,20.899999618530273,20.899999618530273,33070
2020-11-05,21.100000381469727,21.600000381469727,20.100000381469727,21.200000762939453,21.200000762939453,17640
2020-11-06,20.799999237060547,21.200000762939453,18.100000381469727,21.200000762939453,21.200000762939453,13750
2020-11-09,21.0,21.0,19.399999618530273,20.5,20.5,9830
2020-11-10,20.200000762939453,24.600000381469727,19.899999618530273,20.700000762939453,20.700000762939453,205230
2020-11-11,20.5,22.0,19.600000381469727,20.700000762939453,20.700000762939453,94520
2020-11-12,20.899999618530273,21.0,20.0,20.899999618530273,20.899999618530273,29130
2020-11-13,20.5,20.799999237060547,20.100000381469727,20.799999237060547,20.799999237060547,15600
2020-11-16,20.899999618530273,23.100000381469727,20.399999618530273,21.700000762939453,21.700000762939453,53030
2020-11-17,21.700000762939453,24.799999237060547,21.100000381469727,22.299999237060547,22.299999237060547,236260
2020-11-18,22.399999618530273,22.399999618530273,20.799999237060547,21.100000381469727,21.100000381469727,37180
2020-11-19,21.299999237060547,21.299999237060547,20.5,20.899999618530273,20.899999618530273,17690
2020-11-20,21.0,22.0,20.5,21.100000381469727,21.100000381469727,42600
2020-11-23,21.700000762939453,23.5,21.5,23.200000762939453,23.200000762939453,68460
2020-11-24,22.700000762939453,23.200000762939453,21.799999237060547,21.899999618530273,21.899999618530273,28990
2020-11-25,22.5,25.200000762939453,22.299999237060547,23.700000762939453,23.700000762939453,122110
2020-11-27,23.5,23.799999237060547,22.200000762939453,23.600000381469727,23.600000381469727,20730
2020-11-30,23.200000762939453,25.899999618530273,22.200000762939453,24.200000762939453,24.200000762939453,92150
2020-12-01,25.0,25.399999618530273,22.799999237060547,22.899999618530273,22.899999618530273,38960
2020-12-02,23.200000762939453,23.5,22.200000762939453,23.0,23.0,14790
2020-12-03,22.100000381469727,23.5,22.0,22.899999618530273,22.899999618530273,34070
2020-12-04,23.5,24.700000762939453,22.600000381469727,23.200000762939453,23.200000762939453,38530
2020-12-07,23.600000381469727,23.700000762939453,23.0,23.299999237060547,23.299999237060547,11510
2020-12-08,24.100000381469727,25.700000762939453,23.700000762939453,23.700000762939453,23.700000762939453,76790
2020-12-09,24.299999237060547,24.399999618530273,21.299999237060547,23.0,23.0,39500
2020-12-10,22.600000381469727,23.799999237060547,22.5,23.299999237060547,23.299999237060547,16700
2020-12-11,23.200000762939453,23.200000762939453,22.399999618530273,23.0,23.0,6770
2020-12-14,22.700000762939453,23.200000762939453,21.700000762939453,22.399999618530273,22.399999618530273,11160
2020-12-15,22.100000381469727,23.600000381469727,22.0,22.899999618530273,22.899999618530273,33350
2020-12-16,24.399999618530273,24.600000381469727,23.200000762939453,23.700000762939453,23.700000762939453,44780
2020-12-17,24.399999618530273,25.399999618530273,23.799999237060547,24.5,24.5,46480
2020-12-18,24.0,24.5,23.100000381469727,24.100000381469727,24.100000381469727,22680
2020-12-21,23.5,24.200000762939453,23.100000381469727,23.899999618530273,23.899999618530273,10360
2020-12-22,24.0,25.0,23.700000762939453,24.700000762939453,24.700000762939453,25000
2020-12-23,24.299999237060547,24.799999237060547,23.299999237060547,23.5,23.5,17040
2020-12-24,23.399999618530273,24.0,23.100000381469727,23.100000381469727,23.100000381469727,13840
2020-12-28,24.0,29.399999618530273,24.0,24.700000762939453,24.700000762939453,263850
2020-12-29,26.5,28.399999618530273,23.200000762939453,24.0,24.0,82310
2020-12-30,24.200000762939453,27.299999237060547,23.600000381469727,26.399999618530273,26.399999618530273,128930
2020-12-31,26.5,26.5,24.700000762939453,24.799999237060547,24.799999237060547,24550
2021-01-04,25.399999618530273,25.799999237060547,23.899999618530273,24.299999237060547,24.299999237060547,23180
2021-01-05,24.200000762939453,25.899999618530273,24.200000762939453,25.5,25.5,21340
2021-01-06,25.799999237060547,27.399999618530273,25.200000762939453,26.0,26.0,35870
2021-01-07,26.5,33.70000076293945,26.399999618530273,33.29999923706055,33.29999923706055,283800
2021-01-08,34.099998474121094,34.599998474121094,27.600000381469727,28.899999618530273,28.899999618530273,167830
2021-01-11,28.5,31.799999237060547,27.0,30.700000762939453,30.700000762939453,56660
2021-01-12,30.5,30.600000381469727,29.0,29.100000381469727,29.100000381469727,28030
2021-01-13,30.5,30.5,29.200000762939453,29.700000762939453,29.700000762939453,12850
2021-01-14,30.399999618530273,31.5,30.0,30.200000762939453,30.200000762939453,27720
2021-01-15,30.0,30.899999618530273,27.799999237060547,27.899999618530273,27.899999618530273,28210
2021-01-19,28.0,28.5,27.100000381469727,27.200000762939453,27.200000762939453,9690
2021-01-20,27.100000381469727,27.700000762939453,26.0,27.299999237060547,27.299999237060547,15580
2021-01-21,26.799999237060547,28.399999618530273,26.0,27.600000381469727,27.600000381469727,12900
2021-01-22,28.0,28.5,27.200000762939453,28.0,28.0,25910
2021-01-25,28.5,29.799999237060547,26.899999618530273,27.200000762939453,27.200000762939453,26080
2021-01-26,27.299999237060547,27.899999618530273,26.799999237060547,27.299999237060547,27.299999237060547,21600
2021-01-27,27.0,27.200000762939453,24.200000762939453,24.200000762939453,24.200000762939453,18390
2021-01-28,24.5,26.0,24.5,25.299999237060547,25.299999237060547,14960
2021-01-29,26.299999237060547,33.900001525878906,25.899999618530273,27.899999618530273,27.899999618530273,115190
2021-02-01,28.399999618530273,28.899999618530273,27.100000381469727,28.0,28.0,16270
2021-02-02,28.100000381469727,30.399999618530273,27.399999618530273,29.399999618530273,29.399999618530273,39880
2021-02-03,29.299999237060547,29.799999237060547,26.5,27.5,27.5,55300
2021-02-04,27.600000381469727,30.799999237060547,27.399999618530273,29.200000762939453,29.200000762939453,49420
2021-02-05,29.399999618530273,50.5,29.200000762939453,33.599998474121094,33.599998474121094,1049970
2021-02-08,34.20000076293945,38.29999923706055,33.0,34.70000076293945,34.70000076293945,161730
2021-02-09,34.900001525878906,38.400001525878906,34.0,35.599998474121094,35.599998474121094,110510
2021-02-10,34.099998474121094,37.20000076293945,33.79999923706055,36.20000076293945,36.20000076293945,82780
2021-02-11,41.900001525878906,41.900001525878906,35.599998474121094,38.29999923706055,38.29999923706055,167040
2021-02-12,37.79999923706055,38.5,33.900001525878906,35.5,35.5,166140
2021-02-16,38.5,38.5,34.70000076293945,36.0,36.0,123030
2021-02-17,39.0,46.5,36.0,44.5,44.5,438700
2021-02-18,40.0,42.099998474121094,37.5,40.0,40.0,111590
2021-02-19,42.099998474121094,55.0,40.70000076293945,46.099998474121094,46.099998474121094,601790
2021-02-22,40.20000076293945,51.5,39.900001525878906,49.0,49.0,140870
2021-02-23,41.099998474121094,42.29999923706055,38.0,39.5,39.5,122160
2021-02-24,40.0,41.900001525878906,38.20000076293945,38.29999923706055,38.29999923706055,87710
2021-02-25,38.099998474121094,39.0,33.400001525878906,34.20000076293945,34.20000076293945,46150
2021-02-26,33.20000076293945,34.79999923706055,32.0,32.0,32.0,26550
2021-03-01,33.79999923706055,34.599998474121094,32.900001525878906,33.5,33.5,33090
2021-03-02,34.0,39.0,33.0,33.599998474121094,33.599998474121094,183020
2021-03-03,33.900001525878906,34.5,30.399999618530273,30.5,30.5,50330
2021-03-04,30.5,31.100000381469727,25.0,25.399999618530273,25.399999618530273,34240
2021-03-05,26.100000381469727,27.600000381469727,22.899999618530273,26.700000762939453,26.700000762939453,58930
2021-03-08,26.700000762939453,29.700000762939453,25.0,25.600000381469727,25.600000381469727,59520
2021-03-09,28.600000381469727,30.5,28.100000381469727,28.700000762939453,28.700000762939453,69180
2021-03-10,33.79999923706055,40.0,28.799999237060547,30.399999618530273,30.399999618530273,541840
2021-03-11,29.5,33.099998474121094,28.299999237060547,30.100000381469727,30.100000381469727,175770
2021-03-12,28.700000762939453,33.099998474121094,27.600000381469727,30.5,30.5,156680
2021-03-15,30.299999237060547,32.5,30.100000381469727,32.099998474121094,32.099998474121094,52180
2021-03-16,31.700000762939453,32.5,29.600000381469727,30.399999618530273,30.399999618530273,54680
2021-03-17,29.799999237060547,34.70000076293945,28.799999237060547,33.70000076293945,33.70000076293945,70290
2021-03-18,33.099998474121094,36.79999923706055,31.799999237060547,33.900001525878906,33.900001525878906,104330
2021-03-19,34.20000076293945,35.29999923706055,32.099998474121094,34.70000076293945,34.70000076293945,41950
2021-03-22,34.0,34.70000076293945,32.099998474121094,34.5,34.5,19120
2021-03-23,33.599998474121094,34.5,30.799999237060547,31.100000381469727,31.100000381469727,36750
2021-03-24,31.0,40.79999923706055,31.0,34.400001525878906,34.400001525878906,948220
2021-03-25,34.29999923706055,43.79999923706055,32.599998474121094,39.0,39.0,464810
2021-03-26,35.70000076293945,36.400001525878906,30.100000381469727,31.399999618530273,31.399999618530273,119040
2021-03-29,31.100000381469727,31.600000381469727,27.200000762939453,28.100000381469727,28.100000381469727,55300
2021-03-30,27.100000381469727,27.899999618530273,25.799999237060547,26.5,26.5,38330
2021-03-31,27.200000762939453,34.29999923706055,26.700000762939453,31.100000381469727,31.100000381469727,187160
2021-04-01,30.200000762939453,34.599998474121094,29.0,30.899999618530273,30.899999618530273,345550
2021-04-05,31.899999618530273,33.29999923706055,31.100000381469727,31.5,31.5,113230
2021-04-06,36.400001525878906,36.5,32.5,33.70000076293945,33.70000076293945,89100
2021-04-07,32.5,33.29999923706055,30.100000381469727,32.29999923706055,32.29999923706055,49060
2021-04-08,32.400001525878906,32.79999923706055,31.200000762939453,32.70000076293945,32.70000076293945,13950
2021-04-09,31.700000762939453,32.900001525878906,30.600000381469727,31.0,31.0,24010
2021-04-12,31.799999237060547,32.599998474121094,29.899999618530273,31.700000762939453,31.700000762939453,53050
2021-04-13,32.79999923706055,35.900001525878906,31.399999618530273,34.29999923706055,34.29999923706055,108530
2021-04-14,35.5,37.70000076293945,30.700000762939453,31.899999618530273,31.899999618530273,147210
2021-04-15,31.299999237060547,31.799999237060547,27.200000762939453,27.5,27.5,46460
2021-04-16,28.0,29.5,27.299999237060547,29.5,29.5,24150
2021-04-19,29.0,29.200000762939453,26.5,27.0,27.0,15300
2021-04-20,26.899999618530273,27.200000762939453,26.200000762939453,26.299999237060547,26.299999237060547,15610
2021-04-21,26.200000762939453,28.0,26.200000762939453,27.899999618530273,27.899999618530273,13260
2021-04-22,27.299999237060547,29.399999618530273,27.299999237060547,28.200000762939453,28.200000762939453,23120
2021-04-23,29.0,29.0,27.899999618530273,28.0,28.0,5950
2021-04-26,28.299999237060547,29.299999237060547,27.600000381469727,28.799999237060547,28.799999237060547,10550
2021-04-27,29.0,32.0,28.5,30.100000381469727,30.100000381469727,50570
2021-04-28,30.0,30.399999618530273,28.700000762939453,29.200000762939453,29.200000762939453,22300
2021-04-29,29.899999618530273,29.899999618530273,27.600000381469727,28.299999237060547,28.299999237060547,13730
2021-04-30,27.5,27.799999237060547,26.399999618530273,27.200000762939453,27.200000762939453,21900
2021-05-03,27.299999237060547,28.0,26.700000762939453,27.200000762939453,27.200000762939453,15880
2021-05-04,27.899999618530273,28.399999618530273,26.600000381469727,27.200000762939453,27.200000762939453,13570
2021-05-05,27.700000762939453,29.0,27.200000762939453,27.700000762939453,27.700000762939453,34130
2021-05-06,28.0,28.0,25.399999618530273,27.0,27.0,19720
2021-05-07,26.700000762939453,29.100000381469727,26.299999237060547,28.399999618530273,28.399999618530273,28370
2021-05-10,28.5,29.899999618530273,27.5,27.899999618530273,27.899999618530273,11380
2021-05-11,26.5,26.799999237060547,25.600000381469727,25.600000381469727,25.600000381469727,17860
2021-05-12,25.5,26.5,24.700000762939453,26.0,26.0,13650
2021-05-13,26.200000762939453,26.200000762939453,25.0,25.0,25.0,7590
2021-05-14,25.0,26.100000381469727,24.899999618530273,25.100000381469727,25.100000381469727,7690
2021-05-17,25.100000381469727,26.0,24.700000762939453,25.899999618530273,25.899999618530273,6710
2021-05-18,25.5,25.799999237060547,25.100000381469727,25.100000381469727,25.100000381469727,3720
2021-05-19,24.899999618530273,26.0,24.600000381469727,25.0,25.0,14940
2021-05-20,25.5,26.0,24.899999618530273,25.799999237060547,25.799999237060547,17060
2021-05-21,25.899999618530273,27.0,25.299999237060547,26.899999618530273,26.899999618530273,16000
2021-05-24,26.799999237060547,28.5,26.600000381469727,26.799999237060547,26.799999237060547,26030
2021-05-25,26.5,27.5,25.100000381469727,25.5,25.5,22820
2021-05-26,25.700000762939453,26.899999618530273,25.200000762939453,26.399999618530273,26.399999618530273,32150
2021-05-27,26.100000381469727,29.399999618530273,26.100000381469727,27.200000762939453,27.200000762939453,185900
2021-05-28,27.299999237060547,28.399999618530273,26.0,26.399999618530273,26.399999618530273,21090
2021-06-01,26.5,28.200000762939453,26.399999618530273,27.399999618530273,27.399999618530273,27210
2021-06-02,27.5,30.200000762939453,27.100000381469727,28.700000762939453,28.700000762939453,79180
2021-06-03,28.600000381469727,29.5,27.899999618530273,28.899999618530273,28.899999618530273,25910
2021-06-04,28.5,29.200000762939453,28.0,28.0,28.0,17710
2021-06-07,28.200000762939453,29.5,28.200000762939453,28.799999237060547,28.799999237060547,25660
2021-06-08,34.599998474121094,48.0,32.0,39.900001525878906,39.900001525878906,1917690
2021-06-09,62.599998474121094,77.0,42.0,45.5,45.5,2026340
2021-06-10,41.29999923706055,43.599998474121094,38.0,41.0,41.0,244480
2021-06-11,34.900001525878906,35.0,30.799999237060547,32.29999923706055,32.29999923706055,148210
2021-06-14,32.400001525878906,32.79999923706055,31.100000381469727,31.5,31.5,115540
2021-06-15,31.5,31.899999618530273,29.600000381469727,29.799999237060547,29.799999237060547,52950
2021-06-16,29.799999237060547,30.299999237060547,26.700000762939453,27.799999237060547,27.799999237060547,90200
2021-06-17,27.899999618530273,28.299999237060547,26.100000381469727,27.200000762939453,27.200000762939453,80900
2021-06-18,27.5,27.5,26.299999237060547,27.100000381469727,27.100000381469727,61050
2021-06-21,27.299999237060547,28.600000381469727,26.700000762939453,27.899999618530273,27.899999618530273,124560
2021-06-22,27.700000762939453,30.799999237060547,27.299999237060547,29.700000762939453,29.700000762939453,219740
2021-06-23,30.200000762939453,30.799999237060547,29.200000762939453,30.200000762939453,30.200000762939453,54080
2021-06-24,29.700000762939453,30.299999237060547,28.5,29.200000762939453,29.200000762939453,27030
2021-06-25,29.5,31.5,29.0,29.5,29.5,99930
2021-06-28,29.600000381469727,32.900001525878906,29.299999237060547,31.5,31.5,159090
2021-06-29,31.100000381469727,31.399999618530273,28.899999618530273,29.799999237060547,29.799999237060547,38680
2021-06-30,30.200000762939453,34.0,29.799999237060547,30.399999618530273,30.399999618530273,151160
2021-07-01,30.700000762939453,30.799999237060547,28.600000381469727,29.299999237060547,29.299999237060547,68320
2021-07-02,29.0,29.5,28.200000762939453,29.299999237060547,29.299999237060547,54410
2021-07-06,29.200000762939453,30.700000762939453,28.5,28.799999237060547,28.799999237060547,51590
2021-07-07,29.200000762939453,30.399999618530273,27.299999237060547,29.399999618530273,29.399999618530273,109470
2021-07-08,29.200000762939453,36.79999923706055,27.700000762939453,31.600000381469727,31.600000381469727,400030
2021-07-09,32.0,34.70000076293945,31.200000762939453,33.29999923706055,33.29999923706055,309800
2021-07-12,42.099998474121094,49.5,36.79999923706055,40.79999923706055,40.79999923706055,4055260
2021-07-13,33.29999923706055,40.5,33.0,40.0,40.0,309310
2021-07-14,38.099998474121094,38.29999923706055,29.399999618530273,29.700000762939453,29.700000762939453,207950
2021-07-15,29.399999618530273,30.799999237060547,27.399999618530273,27.700000762939453,27.700000762939453,78560
2021-07-16,28.5,30.899999618530273,27.0,30.100000381469727,30.100000381469727,134170
2021-07-19,28.100000381469727,29.0,27.100000381469727,27.100000381469727,27.100000381469727,66870
2021-07-20,27.5,28.100000381469727,26.5,27.100000381469727,27.100000381469727,50120
2021-07-21,27.700000762939453,29.899999618530273,27.100000381469727,29.100000381469727,29.100000381469727,66460
2021-07-22,28.600000381469727,29.5,27.799999237060547,28.0,28.0,40970
2021-07-23,29.0,31.0,28.299999237060547,29.0,29.0,89370
2021-07-26,28.399999618530273,31.899999618530273,28.200000762939453,30.799999237060547,30.799999237060547,122570
2021-07-27,30.399999618530273,30.5,27.100000381469727,28.200000762939453,28.200000762939453,54650
2021-07-28,28.799999237060547,30.200000762939453,28.299999237060547,29.600000381469727,29.600000381469727,43210
2021-07-29,29.600000381469727,31.299999237060547,29.200000762939453,30.799999237060547,30.799999237060547,73310
2021-07-30,30.899999618530273,31.5,29.799999237060547,30.799999237060547,30.799999237060547,48690
2021-08-02,31.5,34.70000076293945,31.100000381469727,33.400001525878906,33.400001525878906,138750
2021-08-03,34.0,39.0,34.0,36.70000076293945,36.70000076293945,224250
2021-08-04,36.400001525878906,36.70000076293945,33.20000076293945,34.599998474121094,34.599998474121094,130770
2021-08-05,34.400001525878906,37.79999923706055,33.79999923706055,36.0,36.0,148700
2021-08-06,35.900001525878906,39.400001525878906,35.20000076293945,37.0,37.0,232060
2021-08-09,38.599998474121094,40.0,28.799999237060547,30.899999618530273,30.899999618530273,343080
2021-08-10,31.0,33.0,29.299999237060547,29.600000381469727,29.600000381469727,64160
2021-08-11,29.299999237060547,30.299999237060547,28.299999237060547,28.299999237060547,28.299999237060547,55300
2021-08-12,28.899999618530273,29.299999237060547,27.899999618530273,28.5,28.5,41160
2021-08-13,28.399999618530273,29.200000762939453,28.100000381469727,28.700000762939453,28.700000762939453,17620
2021-08-16,28.700000762939453,28.799999237060547,26.799999237060547,26.899999618530273,26.899999618530273,47690
2021-08-17,26.899999618530273,28.200000762939453,26.399999618530273,27.600000381469727,27.600000381469727,30570
2021-08-18,27.5,27.799999237060547,27.0,27.5,27.5,18940
2021-08-19,27.100000381469727,27.399999618530273,24.5,25.299999237060547,25.299999237060547,65760
2021-08-20,26.100000381469727,27.5,25.700000762939453,25.799999237060547,25.799999237060547,66010
2021-08-23,26.299999237060547,28.5,26.200000762939453,28.299999237060547,28.299999237060547,74570
2021-08-24,29.200000762939453,31.100000381469727,28.399999618530273,30.0,30.0,100630
2021-08-25,29.399999618530273,33.70000076293945,28.700000762939453,32.0,32.0,248020
2021-08-26,31.200000762939453,31.799999237060547,29.200000762939453,29.5,29.5,52250
2021-08-27,29.700000762939453,34.70000076293945,29.700000762939453,31.200000762939453,31.200000762939453,384480
2021-08-30,33.0,34.79999923706055,31.600000381469727,34.599998474121094,34.599998474121094,133290
2021-08-31,34.20000076293945,34.20000076293945,31.100000381469727,31.700000762939453,31.700000762939453,82210
2021-09-01,32.599998474121094,33.29999923706055,31.5,32.099998474121094,32.099998474121094,41530
2021-09-02,32.0,32.5,29.5,29.799999237060547,29.799999237060547,53980
2021-09-03,30.0,30.100000381469727,29.0,29.200000762939453,29.200000762939453,42310
2021-09-07,29.299999237060547,31.100000381469727,29.200000762939453,29.799999237060547,29.799999237060547,57700
2021-09-08,29.700000762939453,30.0,27.200000762939453,28.799999237060547,28.799999237060547,76750
2021-09-09,28.5,31.5,28.200000762939453,30.299999237060547,30.299999237060547,175170
2021-09-10,31.399999618530273,32.400001525878906,30.100000381469727,31.200000762939453,31.200000762939453,111240
2021-09-13,32.79999923706055,34.70000076293945,28.299999237060547,30.100000381469727,30.100000381469727,160040
2021-09-14,29.700000762939453,30.200000762939453,28.799999237060547,29.399999618530273,29.399999618530273,49270
2021-09-15,29.0,29.100000381469727,28.100000381469727,29.0,29.0,36850
2021-09-16,28.5,29.0,28.0,28.0,28.0,27360
2021-09-17,28.0,28.700000762939453,27.799999237060547,28.5,28.5,27110
2021-09-20,27.600000381469727,28.0,26.399999618530273,26.799999237060547,26.799999237060547,39600
2021-09-21,27.200000762939453,27.899999618530273,26.700000762939453,27.5,27.5,20860
2021-09-22,27.600000381469727,29.799999237060547,27.200000762939453,29.299999237060547,29.299999237060547,43420
2021-09-23,29.0,29.0,27.600000381469727,28.0,28.0,29250
2021-09-24,27.899999618530273,29.700000762939453,27.600000381469727,28.700000762939453,28.700000762939453,25210
2021-09-27,28.600000381469727,30.5,28.399999618530273,29.0,29.0,31090
2021-09-28,29.100000381469727,29.899999618530273,28.600000381469727,29.0,29.0,22060
2021-09-29,29.0,29.600000381469727,27.700000762939453,28.100000381469727,28.100000381469727,27110
2021-09-30,27.5,28.5,27.100000381469727,28.0,28.0,23220
2021-10-01,27.799999237060547,28.899999618530273,27.299999237060547,27.899999618530273,27.899999618530273,29650
2021-10-04,28.5,28.5,26.200000762939453,26.5,26.5,40180
2021-10-05,26.600000381469727,28.0,26.5,26.799999237060547,26.799999237060547,65890
2021-10-06,27.299999237060547,27.700000762939453,26.100000381469727,26.399999618530273,26.399999618530273,36660
2021-10-07,26.299999237060547,27.5,26.0,26.299999237060547,26.299999237060547,26730
2021-10-08,26.299999237060547,26.799999237060547,25.600000381469727,26.0,26.0,18070
2021-10-11,26.5,27.5,26.100000381469727,27.0,27.0,35340
2021-10-12,27.200000762939453,27.200000762939453,26.0,26.600000381469727,26.600000381469727,11650
2021-10-13,26.299999237060547,27.399999618530273,26.299999237060547,26.799999237060547,26.799999237060547,12030
2021-10-14,26.899999618530273,28.299999237060547,26.899999618530273,27.700000762939453,27.700000762939453,35750
2021-10-15,27.799999237060547,39.70000076293945,27.799999237060547,28.5,28.5,2673100
2021-10-18,29.0,29.399999618530273,27.5,28.299999237060547,28.299999237060547,241430
2021-10-19,28.0,28.200000762939453,26.700000762939453,28.0,28.0,119730
2021-10-20,27.399999618530273,29.5,27.200000762939453,29.399999618530273,29.399999618530273,177700
2021-10-21,28.799999237060547,30.399999618530273,27.600000381469727,28.100000381469727,28.100000381469727,143300
2021-10-22,28.200000762939453,28.899999618530273,26.700000762939453,27.299999237060547,27.299999237060547,84730
2021-10-25,28.200000762939453,28.799999237060547,27.200000762939453,28.299999237060547,28.299999237060547,92440
2021-10-26,28.799999237060547,31.600000381469727,27.899999618530273,31.0,31.0,261000
2021-10-27,30.899999618530273,32.79999923706055,29.200000762939453,31.0,31.0,194210
2021-10-28,30.600000381469727,31.0,29.399999618530273,29.5,29.5,52510
2021-10-29,29.899999618530273,31.200000762939453,29.899999618530273,30.899999618530273,30.899999618530273,75750
2021-11-01,30.700000762939453,31.899999618530273,30.299999237060547,31.399999618530273,31.399999618530273,45200
2021-11-02,31.5,31.600000381469727,30.299999237060547,30.5,30.5,27600
2021-11-03,30.299999237060547,30.700000762939453,29.600000381469727,30.0,30.0,18540
2021-11-04,29.899999618530273,30.5,28.299999237060547,28.600000381469727,28.600000381469727,30920
2021-11-05,28.600000381469727,29.299999237060547,28.299999237060547,28.700000762939453,28.700000762939453,16810
2021-11-08,28.700000762939453,29.5,28.399999618530273,28.5,28.5,36250
2021-11-09,28.299999237060547,28.899999618530273,28.0,28.700000762939453,28.700000762939453,25450
2021-11-10,28.399999618530273,28.600000381469727,27.200000762939453,27.799999237060547,27.799999237060547,35490
2021-11-11,27.700000762939453,27.899999618530273,27.100000381469727,27.100000381469727,27.100000381469727,19940
2021-11-12,27.100000381469727,28.299999237060547,27.100000381469727,28.200000762939453,28.200000762939453,12420
2021-11-15,28.299999237060547,28.299999237060547,27.200000762939453,27.5,27.5,13730
2021-11-16,27.600000381469727,27.899999618530273,27.100000381469727,27.299999237060547,27.299999237060547,16710
2021-11-17,27.5,27.700000762939453,27.0,27.0,27.0,8820
2021-11-18,27.299999237060547,27.299999237060547,26.600000381469727,27.299999237060547,27.299999237060547,12710
2021-11-19,27.0,27.299999237060547,26.600000381469727,26.700000762939453,26.700000762939453,9360
2021-11-22,27.0,27.299999237060547,26.399999618530273,26.899999618530273,26.899999618530273,14180
2021-11-23,26.600000381469727,27.799999237060547,26.600000381469727,26.799999237060547,26.799999237060547,16980
2021-11-24,26.700000762939453,27.5,26.600000381469727,27.100000381469727,27.100000381469727,8120
2021-11-26,26.700000762939453,27.299999237060547,26.100000381469727,26.700000762939453,26.700000762939453,18880
2021-11-29,26.799999237060547,27.399999618530273,26.200000762939453,26.5,26.5,12420
2021-11-30,26.200000762939453,26.299999237060547,22.799999237060547,23.899999618530273,23.899999618530273,43340
2021-12-01,23.600000381469727,24.200000762939453,19.100000381469727,20.5,20.5,45750
2021-12-02,20.299999237060547,20.799999237060547,19.200000762939453,19.5,19.5,17300
2021-12-03,17.399999618530273,18.0,16.0,16.799999237060547,16.799999237060547,41890
2021-12-06,16.5,19.200000762939453,16.299999237060547,17.100000381469727,17.100000381469727,21740
2021-12-07,17.100000381469727,19.0,16.5,18.5,18.5,41880
2021-12-08,18.5,19.100000381469727,17.700000762939453,18.600000381469727,18.600000381469727,12860
2021-12-09,18.600000381469727,19.5,18.5,18.700000762939453,18.700000762939453,7830
2021-12-10,18.5,18.5,17.100000381469727,17.100000381469727,17.100000381469727,9750
2021-12-13,17.5,17.799999237060547,16.600000381469727,17.0,17.0,7300
2021-12-14,16.899999618530273,17.100000381469727,16.200000762939453,16.5,16.5,4430
2021-12-15,16.299999237060547,16.799999237060547,15.399999618530273,16.600000381469727,16.600000381469727,9040
2021-12-16,16.899999618530273,16.899999618530273,15.699999809265137,16.100000381469727,16.100000381469727,4770
2021-12-17,15.800000190734863,16.399999618530273,15.100000381469727,15.800000190734863,15.800000190734863,7830
2021-12-20,15.300000190734863,15.800000190734863,15.199999809265137,15.399999618530273,15.399999618530273,7530
2021-12-21,15.399999618530273,16.5,15.399999618530273,16.299999237060547,16.299999237060547,10410
2021-12-22,16.200000762939453,18.399999618530273,15.899999618530273,16.299999237060547,16.299999237060547,77250
2021-12-23,16.399999618530273,16.5,16.0,16.299999237060547,16.299999237060547,13310
2021-12-27,16.200000762939453,16.600000381469727,16.100000381469727,16.5,16.5,8860
2021-12-28,16.299999237060547,17.0,16.200000762939453,16.200000762939453,16.200000762939453,7300
2021-12-29,16.200000762939453,16.799999237060547,15.0,15.0,15.0,12260
2021-12-30,15.699999809265137,17.200000762939453,15.0,16.200000762939453,16.200000762939453,50610
2021-12-31,16.5,16.600000381469727,15.800000190734863,15.899999618530273,15.899999618530273,6710
2022-01-03,15.899999618530273,16.399999618530273,15.800000190734863,16.299999237060547,16.299999237060547,8200
2022-01-04,16.399999618530273,17.399999618530273,16.399999618530273,17.200000762939453,17.200000762939453,16610
2022-01-05,17.5,18.0,16.399999618530273,16.399999618530273,16.399999618530273,9530
2022-01-06,16.399999618530273,17.200000762939453,15.699999809265137,17.200000762939453,17.200000762939453,11540
2022-01-07,17.299999237060547,18.100000381469727,16.600000381469727,17.899999618530273,17.899999618530273,9720
2022-01-10,17.200000762939453,17.5,16.100000381469727,16.200000762939453,16.200000762939453,9720
2022-01-11,16.100000381469727,16.600000381469727,15.899999618530273,15.899999618530273,15.899999618530273,6060
2022-01-12,16.399999618530273,17.600000381469727,16.100000381469727,16.399999618530273,16.399999618530273,8180
2022-01-13,16.200000762939453,16.299999237060547,15.100000381469727,15.100000381469727,15.100000381469727,9080
2022-01-14,15.0,15.199999809265137,14.100000381469727,14.699999809265137,14.699999809265137,7770
2022-01-18,14.300000190734863,14.399999618530273,13.600000381469727,13.899999618530273,13.899999618530273,14500
2022-01-19,13.800000190734863,13.800000190734863,12.5,12.5,12.5,10240
2022-01-20,12.5,13.899999618530273,12.399999618530273,13.5,13.5,16010
2022-01-21,13.0,13.100000381469727,12.100000381469727,12.300000190734863,12.300000190734863,5880
2022-01-24,11.100000381469727,11.399999618530273,10.300000190734863,11.199999809265137,11.199999809265137,14610
2022-01-25,11.199999809265137,12.100000381469727,10.600000381469727,11.800000190734863,11.800000190734863,7090
2022-01-26,11.800000190734863,12.0,11.5,11.699999809265137,11.699999809265137,2990
2022-01-27,11.899999618530273,12.399999618530273,11.399999618530273,11.399999618530273,11.399999618530273,4550
2022-01-28,11.399999618530273,11.399999618530273,10.699999809265137,10.800000190734863,10.800000190734863,3370
2022-01-31,10.600000381469727,11.5,10.600000381469727,11.300000190734863,11.300000190734863,3180
2022-02-01,11.5,14.800000190734863,11.300000190734863,12.899999618530273,12.899999618530273,23070
2022-02-02,13.300000190734863,13.300000190734863,11.800000190734863,12.300000190734863,12.300000190734863,3680
2022-02-03,11.899999618530273,14.5,11.800000190734863,13.600000381469727,13.600000381469727,34540
2022-02-04,13.199999809265137,13.5,12.300000190734863,12.300000190734863,12.300000190734863,20500
2022-02-07,12.5,14.5,12.300000190734863,14.0,14.0,65050
2022-02-08,13.800000190734863,13.899999618530273,12.600000381469727,13.0,13.0,20410
2022-02-09,13.199999809265137,13.5,13.0,13.199999809265137,13.199999809265137,5810
2022-02-10,13.199999809265137,14.100000381469727,13.199999809265137,13.699999809265137,13.699999809265137,16440
2022-02-11,13.600000381469727,13.899999618530273,13.199999809265137,13.199999809265137,13.199999809265137,4510
2022-02-14,13.0,13.199999809265137,12.5,12.5,12.5,3400
2022-02-15,12.5,13.699999809265137,12.5,13.699999809265137,13.699999809265137,6100
2022-02-16,13.300000190734863,13.5,12.699999809265137,13.0,13.0,5270
2022-02-17,12.600000381469727,13.300000190734863,12.600000381469727,12.699999809265137,12.699999809265137,5150
2022-02-18,12.699999809265137,12.899999618530273,11.800000190734863,11.800000190734863,11.800000190734863,4210
2022-02-22,11.899999618530273,12.0,11.0,11.5,11.5,2520
2022-02-23,11.399999618530273,11.800000190734863,11.100000381469727,11.300000190734863,11.300000190734863,3110
2022-02-24,10.600000381469727,11.199999809265137,10.199999809265137,10.699999809265137,10.699999809265137,5230
2022-02-25,10.600000381469727,11.399999618530273,10.600000381469727,11.100000381469727,11.100000381469727,2300
2022-02-28,11.100000381469727,12.199999809265137,10.699999809265137,11.300000190734863,11.300000190734863,11170
2022-03-01,11.800000190734863,12.300000190734863,11.100000381469727,11.699999809265137,11.699999809265137,13950
2022-03-02,12.0,12.199999809265137,11.199999809265137,11.800000190734863,11.800000190734863,5520
2022-03-03,12.0,12.0,10.800000190734863,11.300000190734863,11.300000190734863,3470
2022-03-04,11.0,11.399999618530273,10.899999618530273,10.899999618530273,10.899999618530273,3070
2022-03-07,10.899999618530273,11.0,10.199999809265137,10.199999809265137,10.199999809265137,9530
2022-03-08,10.199999809265137,11.0,10.199999809265137,10.600000381469727,10.600000381469727,3940
2022-03-09,10.5,12.800000190734863,10.5,11.5,11.5,25080
2022-03-10,11.600000381469727,12.0,11.0,11.5,11.5,7000
2022-03-11,11.5,11.5,10.5,10.899999618530273,10.899999618530273,10590
2022-03-14,10.699999809265137,10.899999618530273,10.300000190734863,10.300000190734863,10.300000190734863,4070
2022-03-15,10.699999809265137,10.699999809265137,10.199999809265137,10.399999618530273,10.399999618530273,2670
2022-03-16,10.699999809265137,12.800000190734863,10.199999809265137,11.899999618530273,11.899999618530273,56290
2022-03-17,12.199999809265137,12.5,11.199999809265137,12.300000190734863,12.300000190734863,10110
2022-03-18,11.699999809265137,12.699999809265137,11.300000190734863,12.199999809265137,12.199999809265137,11900
2022-03-21,12.0,12.899999618530273,12.0,12.0,12.0,6640
2022-03-22,12.399999618530273,17.5,12.199999809265137,14.5,14.5,378970
2022-03-23,13.800000190734863,14.199999809265137,12.199999809265137,12.800000190734863,12.800000190734863,32690
2022-03-24,12.5,13.0,11.100000381469727,12.100000381469727,12.100000381469727,42270
2022-03-25,12.0,12.5,11.699999809265137,12.100000381469727,12.100000381469727,7350
2022-03-28,12.300000190734863,14.5,12.300000190734863,14.0,14.0,61490
2022-03-29,14.800000190734863,15.0,13.199999809265137,14.800000190734863,14.800000190734863,22370
2022-03-30,14.100000381469727,14.800000190734863,13.699999809265137,13.800000190734863,13.800000190734863,9250
2022-03-31,13.600000381469727,14.5,13.199999809265137,13.699999809265137,13.699999809265137,8310
2022-04-01,13.199999809265137,13.800000190734863,13.199999809265137,13.399999618530273,13.399999618530273,1830
2022-04-04,14.0,16.200000762939453,13.5,14.399999618530273,14.399999618530273,23280
2022-04-05,14.100000381469727,16.399999618530273,13.5,15.399999618530273,15.399999618530273,67580
2022-04-06,16.0,18.100000381469727,15.800000190734863,16.799999237060547,16.799999237060547,164780
2022-04-07,16.799999237060547,17.5,12.600000381469727,13.5,13.5,209850
2022-04-08,13.600000381469727,13.899999618530273,13.0,13.600000381469727,13.600000381469727,16770
2022-04-11,13.100000381469727,13.199999809265137,12.5,13.100000381469727,13.100000381469727,15890
2022-04-12,12.699999809265137,13.100000381469727,11.800000190734863,12.699999809265137,12.699999809265137,28130
2022-04-13,12.300000190734863,12.899999618530273,12.300000190734863,12.399999618530273,12.399999618530273,7400
2022-04-14,12.0,12.399999618530273,12.0,12.199999809265137,12.199999809265137,6560
2022-04-18,12.399999618530273,12.5,11.199999809265137,11.600000381469727,11.600000381469727,10560
2022-04-19,12.300000190734863,12.800000190734863,12.0,12.699999809265137,12.699999809265137,9490
2022-04-20,13.0,13.0,12.100000381469727,12.300000190734863,12.300000190734863,2860
2022-04-21,12.300000190734863,12.5,11.0,11.199999809265137,11.199999809265137,10110
2022-04-22,11.600000381469727,11.899999618530273,10.600000381469727,10.699999809265137,10.699999809265137,6590
2022-04-25,11.0,11.5,10.800000190734863,11.100000381469727,11.100000381469727,4650
2022-04-26,11.300000190734863,11.300000190734863,10.800000190734863,11.100000381469727,11.100000381469727,2000
2022-04-27,11.100000381469727,11.199999809265137,10.899999618530273,11.0,11.0,1090
2022-04-28,11.199999809265137,11.600000381469727,10.800000190734863,11.100000381469727,11.100000381469727,6210
2022-04-29,11.399999618530273,11.399999618530273,11.100000381469727,11.300000190734863,11.300000190734863,34570
2022-05-02,12.0,12.0,10.5,11.100000381469727,11.100000381469727,12060
2022-05-03,11.899999618530273,11.899999618530273,11.199999809265137,11.300000190734863,11.300000190734863,8090
2022-05-04,11.600000381469727,11.600000381469727,10.899999618530273,10.899999618530273,10.899999618530273,2620
2022-05-05,11.0,11.5,10.800000190734863,11.199999809265137,11.199999809265137,2730
2022-05-06,11.0,11.399999618530273,10.699999809265137,10.899999618530273,10.899999618530273,3540
2022-05-09,10.600000381469727,10.600000381469727,9.300000190734863,9.399999618530273,9.399999618530273,10860
2022-05-10,9.800000190734863,9.899999618530273,8.800000190734863,9.199999809265137,9.199999809265137,2580
2022-05-11,8.800000190734863,8.800000190734863,7.300000190734863,7.900000095367432,7.900000095367432,10410
2022-05-12,7.699999809265137,7.800000190734863,6.699999809265137,7.400000095367432,7.400000095367432,5960
2022-05-13,7.5,8.100000381469727,7.400000095367432,7.5,7.5,1650
2022-05-16,7.800000190734863,7.800000190734863,7.199999809265137,7.800000190734863,7.800000190734863,860
2022-05-17,7.900000095367432,8.0,7.5,7.599999904632568,7.599999904632568,2830
2022-05-18,7.300000190734863,7.900000095367432,7.099999904632568,7.5,7.5,3600
2022-05-19,7.699999809265137,8.0,7.099999904632568,7.599999904632568,7.599999904632568,7900
2022-05-20,7.800000190734863,7.800000190734863,7.099999904632568,7.5,7.5,6420
2022-05-23,7.5,7.699999809265137,7.099999904632568,7.5,7.5,6370
2022-05-24,7.099999904632568,7.699999809265137,7.099999904632568,7.300000190734863,7.300000190734863,890
2022-05-25,7.599999904632568,7.599999904632568,7.099999904632568,7.5,7.5,2570
2022-05-26,7.599999904632568,7.900000095367432,6.800000190734863,7.900000095367432,7.900000095367432,15050
2022-05-27,7.599999904632568,8.0,7.599999904632568,7.900000095367432,7.900000095367432,1370
2022-05-31,8.100000381469727,8.300000190734863,7.699999809265137,8.100000381469727,8.100000381469727,9220
2022-06-01,8.300000190734863,8.300000190734863,8.0,8.100000381469727,8.100000381469727,590
2022-06-02,7.800000190734863,7.900000095367432,7.400000095367432,7.599999904632568,7.599999904632568,3990
2022-06-03,7.599999904632568,8.199999809265137,7.5,8.0,8.0,1720
2022-06-06,8.0,8.0,7.599999904632568,7.699999809265137,7.699999809265137,450
2022-06-07,7.599999904632568,8.0,7.5,7.900000095367432,7.900000095367432,970
2022-06-08,8.0,8.5,7.5,8.5,8.5,4570
2022-06-09,7.900000095367432,9.199999809265137,7.900000095367432,9.0,9.0,26720
2022-06-10,9.0,9.5,8.0,9.100000381469727,9.100000381469727,11760
2022-06-13,8.199999809265137,9.800000190734863,8.199999809265137,9.100000381469727,9.100000381469727,8110
2022-06-14,8.399999618530273,9.199999809265137,8.399999618530273,8.899999618530273,8.899999618530273,5170
2022-06-15,8.800000190734863,9.199999809265137,8.5,9.199999809265137,9.199999809265137,4270
2022-06-16,9.699999809265137,9.699999809265137,8.800000190734863,9.0,9.0,2890
2022-06-17,8.899999618530273,9.5,8.800000190734863,9.5,9.5,2900
2022-06-21,9.199999809265137,9.600000381469727,9.0,9.5,9.5,4540
2022-06-22,9.399999618530273,9.800000190734863,8.800000190734863,9.800000190734863,9.800000190734863,3240
2022-06-23,9.699999809265137,10.600000381469727,9.0,10.399999618530273,10.399999618530273,17280
2022-06-24,10.300000190734863,10.600000381469727,9.600000381469727,10.600000381469727,10.600000381469727,9120
2022-06-27,10.300000190734863,10.600000381469727,9.800000190734863,10.600000381469727,10.600000381469727,3300
2022-06-28,10.5,10.699999809265137,10.300000190734863,10.699999809265137,10.699999809265137,3080
2022-06-29,10.699999809265137,10.699999809265137,9.899999618530273,10.699999809265137,10.699999809265137,2630
2022-06-30,10.600000381469727,10.699999809265137,9.899999618530273,10.600000381469727,10.600000381469727,270
2022-07-01,10.5,10.800000190734863,10.0,10.800000190734863,10.800000190734863,3590
2022-07-05,10.699999809265137,10.699999809265137,9.699999809265137,10.600000381469727,10.600000381469727,1960
2022-07-06,10.600000381469727,10.800000190734863,10.0,10.800000190734863,10.800000190734863,2120
2022-07-07,10.899999618530273,10.899999618530273,10.100000381469727,10.899999618530273,10.899999618530273,2110
2022-07-08,10.199999809265137,10.899999618530273,10.0,10.899999618530273,10.899999618530273,1470
2022-07-11,10.199999809265137,10.899999618530273,10.199999809265137,10.800000190734863,10.800000190734863,840
2022-07-12,11.0,11.0,9.899999618530273,10.800000190734863,10.800000190734863,2920
2022-07-13,10.100000381469727,10.800000190734863,10.0,10.699999809265137,10.699999809265137,730
2022-07-14,10.0,11.0,10.0,11.0,11.0,3590
2022-07-15,10.5,10.899999618530273,9.899999618530273,10.699999809265137,10.699999809265137,3750
2022-07-18,11.0,11.5,10.699999809265137,10.899999618530273,10.899999618530273,8090
2022-07-19,11.100000381469727,11.199999809265137,10.699999809265137,10.699999809265137,10.699999809265137,650
2022-07-20,10.199999809265137,11.5,10.199999809265137,11.300000190734863,11.300000190734863,14610
2022-07-21,10.899999618530273,11.300000190734863,10.899999618530273,11.100000381469727,11.100000381469727,570
2022-07-22,10.699999809265137,11.5,10.300000190734863,10.600000381469727,10.600000381469727,3490
2022-07-25,10.199999809265137,10.5,10.0,10.100000381469727,10.100000381469727,1920
2022-07-26,9.800000190734863,10.399999618530273,9.800000190734863,10.199999809265137,10.199999809265137,1370
2022-07-27,10.300000190734863,10.5,10.0,10.5,10.5,2350
2022-07-28,10.300000190734863,10.5,10.100000381469727,10.199999809265137,10.199999809265137,560
2022-07-29,10.300000190734863,10.300000190734863,9.899999618530273,10.0,10.0,1600
2022-08-01,10.0,10.899999618530273,9.399999618530273,10.0,10.0,2450
2022-08-02,10.100000381469727,13.600000381469727,9.399999618530273,12.699999809265137,12.699999809265137,29430
2022-08-03,12.800000190734863,13.899999618530273,11.0,11.600000381469727,11.600000381469727,33300
2022-08-04,11.600000381469727,12.399999618530273,10.5,11.399999618530273,11.399999618530273,6010
2022-08-05,11.0,12.0,10.899999618530273,11.0,11.0,10260
2022-08-08,11.0,12.600000381469727,11.0,12.5,12.5,23960
2022-08-09,12.0,12.600000381469727,11.100000381469727,11.5,11.5,9060
2022-08-10,11.399999618530273,12.5,10.5,11.0,11.0,9210
2022-08-11,10.800000190734863,11.399999618530273,10.699999809265137,11.300000190734863,11.300000190734863,4210
2022-08-12,11.5,11.5,10.600000381469727,10.899999618530273,10.899999618530273,2550
2022-08-15,10.899999618530273,10.899999618530273,10.600000381469727,10.800000190734863,10.800000190734863,2610
2022-08-16,10.800000190734863,10.800000190734863,10.600000381469727,10.699999809265137,10.699999809265137,1430
2022-08-17,10.5,10.5,10.199999809265137,10.199999809265137,10.199999809265137,620
2022-08-18,10.300000190734863,11.100000381469727,10.300000190734863,11.100000381469727,11.100000381469727,1360
2022-08-19,10.300000190734863,10.399999618530273,9.5,10.100000381469727,10.100000381469727,4570
2022-08-22,10.100000381469727,10.399999618530273,9.800000190734863,10.399999618530273,10.399999618530273,3050
2022-08-23,10.199999809265137,10.5,9.5,9.899999618530273,9.899999618530273,2400
2022-08-24,9.899999618530273,10.399999618530273,9.699999809265137,10.300000190734863,10.300000190734863,1760
2022-08-25,10.300000190734863,10.5,10.100000381469727,10.399999618530273,10.399999618530273,1000
2022-08-26,10.199999809265137,10.199999809265137,9.699999809265137,9.699999809265137,9.699999809265137,2580
2022-08-29,9.800000190734863,9.800000190734863,9.199999809265137,9.800000190734863,9.800000190734863,440
2022-08-30,9.5,9.5,8.100000381469727,8.5,8.5,7210
2022-08-31,8.5,8.899999618530273,8.5,8.899999618530273,8.899999618530273,660
2022-09-01,8.600000381469727,8.899999618530273,8.600000381469727,8.699999809265137,8.699999809265137,700
2022-09-02,8.699999809265137,9.0,8.699999809265137,8.699999809265137,8.699999809265137,720
2022-09-06,9.0,9.0,8.600000381469727,9.0,9.0,570
2022-09-07,9.100000381469727,9.699999809265137,8.899999618530273,9.600000381469727,9.600000381469727,2060
2022-09-08,9.199999809265137,9.5,8.199999809265137,9.0,9.0,2100
2022-09-09,9.399999618530273,9.399999618530273,8.0,8.899999618530273,8.899999618530273,2990
2022-09-12,9.199999809265137,9.199999809265137,8.699999809265137,8.800000190734863,8.800000190734863,360
2022-09-13,8.800000190734863,8.899999618530273,8.600000381469727,8.600000381469727,8.600000381469727,330
2022-09-14,8.5,9.0,8.5,8.5,8.5,830
2022-09-15,8.600000381469727,8.600000381469727,8.199999809265137,8.199999809265137,8.199999809265137,590
2022-09-16,8.600000381469727,8.600000381469727,7.5,7.900000095367432,7.900000095367432,2390
2022-09-19,7.599999904632568,7.599999904632568,6.099999904632568,6.400000095367432,6.400000095367432,8240
2022-09-20,6.400000095367432,7.199999809265137,6.400000095367432,7.0,7.0,5710
2022-09-21,6.900000095367432,7.0,6.5,7.0,7.0,360
2022-09-22,6.5,7.199999809265137,6.5,6.900000095367432,6.900000095367432,950
2022-09-23,6.400000095367432,6.400000095367432,6.099999904632568,6.300000190734863,6.300000190734863,4790
2022-09-26,6.900000095367432,6.900000095367432,6.400000095367432,6.800000190734863,6.800000190734863,2900
2022-09-27,8.100000381469727,10.0,7.400000095367432,9.300000190734863,9.300000190734863,458040
2022-09-28,9.300000190734863,10.899999618530273,8.600000381469727,9.600000381469727,9.600000381469727,65120
2022-09-29,9.300000190734863,10.199999809265137,8.100000381469727,9.199999809265137,9.199999809265137,23240
2022-09-30,6.0,6.699999809265137,5.0,6.300000190734863,6.300000190734863,66950
2022-10-03,6.400000095367432,6.400000095367432,5.5,5.900000095367432,5.900000095367432,15900
2022-10-04,6.0,6.0,5.5,5.800000190734863,5.800000190734863,24270
2022-10-05,5.800000190734863,5.800000190734863,5.5,5.800000190734863,5.800000190734863,4630
2022-10-06,5.900000095367432,5.900000095367432,5.5,5.800000190734863,5.800000190734863,4600
2022-10-07,5.699999809265137,5.699999809265137,5.400000095367432,5.599999904632568,5.599999904632568,2630
2022-10-10,5.699999809265137,5.699999809265137,5.099999904632568,5.199999809265137,5.199999809265137,2670
2022-10-11,5.400000095367432,5.400000095367432,5.199999809265137,5.300000190734863,5.300000190734863,2200
2022-10-12,5.400000095367432,5.900000095367432,5.199999809265137,5.5,5.5,10980
2022-10-13,5.800000190734863,6.199999809265137,5.300000190734863,5.800000190734863,5.800000190734863,19670
2022-10-14,5.599999904632568,5.800000190734863,5.400000095367432,5.5,5.5,6390
2022-10-17,5.599999904632568,5.800000190734863,5.5,5.800000190734863,5.800000190734863,5520
2022-10-18,5.800000190734863,5.800000190734863,5.5,5.699999809265137,5.699999809265137,3030
2022-10-19,5.5,5.699999809265137,5.400000095367432,5.699999809265137,5.699999809265137,2520
2022-10-20,5.300000190734863,6.300000190734863,5.300000190734863,5.699999809265137,5.699999809265137,7880
2022-10-21,5.800000190734863,6.0,5.599999904632568,5.599999904632568,5.599999904632568,180
2022-10-24,5.599999904632568,5.900000095367432,5.5,5.699999809265137,5.699999809265137,1820
2022-10-25,5.599999904632568,5.900000095367432,5.400000095367432,5.599999904632568,5.599999904632568,17600
2022-10-26,5.800000190734863,5.800000190734863,5.300000190734863,5.400000095367432,5.400000095367432,8380
2022-10-27,5.300000190734863,5.5,5.0,5.300000190734863,5.300000190734863,12300
2022-10-28,5.0,5.400000095367432,5.0,5.199999809265137,5.199999809265137,1770
2022-10-31,5.5,5.699999809265137,5.300000190734863,5.599999904632568,5.599999904632568,2230
2022-11-01,5.900000095367432,5.900000095367432,5.400000095367432,5.5,5.5,1630
2022-11-02,5.599999904632568,5.900000095367432,5.5,5.599999904632568,5.599999904632568,1040
2022-11-03,5.5,5.699999809265137,5.199999809265137,5.5,5.5,10600
2022-11-04,5.800000190734863,6.300000190734863,5.699999809265137,6.099999904632568,6.099999904632568,48690
2022-11-07,6.5,6.5,6.099999904632568,6.199999809265137,6.199999809265137,28690
2022-11-08,6.099999904632568,7.599999904632568,5.699999809265137,6.900000095367432,6.900000095367432,157740
2022-11-09,7.300000190734863,7.300000190734863,5.300000190734863,6.199999809265137,6.199999809265137,128790
2022-11-10,5.699999809265137,5.800000190734863,5.099999904632568,5.5,5.5,26430
2022-11-11,5.400000095367432,5.5,4.800000190734863,5.0,5.0,17770
2022-11-14,5.300000190734863,5.400000095367432,5.0,5.099999904632568,5.099999904632568,4770
2022-11-15,5.099999904632568,5.5,5.099999904632568,5.300000190734863,5.300000190734863,4960
2022-11-16,5.099999904632568,5.5,5.099999904632568,5.300000190734863,5.300000190734863,2070
2022-11-17,5.199999809265137,5.599999904632568,5.199999809265137,5.400000095367432,5.400000095367432,3980
2022-11-18,5.199999809265137,5.400000095367432,5.0,5.300000190734863,5.300000190734863,1270
2022-11-21,5.0,5.300000190734863,5.0,5.099999904632568,5.099999904632568,4840
2022-11-22,5.099999904632568,5.300000190734863,5.099999904632568,5.199999809265137,5.199999809265137,3180
2022-11-23,5.0,5.099999904632568,4.800000190734863,5.0,5.0,5010
2022-11-25,4.900000095367432,5.0,4.800000190734863,5.0,5.0,3510
2022-11-28,5.0,5.0,4.599999904632568,4.900000095367432,4.900000095367432,5180
2022-11-29,4.900000095367432,4.900000095367432,4.599999904632568,4.900000095367432,4.900000095367432,3980
2022-11-30,4.900000095367432,5.199999809265137,4.800000190734863,5.099999904632568,5.099999904632568,4310
2022-12-01,5.199999809265137,5.199999809265137,4.900000095367432,5.0,5.0,860
2022-12-02,4.800000190734863,5.300000190734863,4.800000190734863,5.300000190734863,5.300000190734863,4040
2022-12-05,5.300000190734863,5.5,5.0,5.199999809265137,5.199999809265137,6840
2022-12-06,5.199999809265137,5.199999809265137,4.900000095367432,5.199999809265137,5.199999809265137,2800
2022-12-07,5.0,5.800000190734863,5.0,5.599999904632568,5.599999904632568,7060
2022-12-08,5.400000095367432,6.400000095367432,5.400000095367432,6.199999809265137,6.199999809265137,13700
2022-12-09,6.699999809265137,6.699999809265137,5.900000095367432,6.300000190734863,6.300000190734863,5180
2022-12-12,5.800000190734863,7.300000190734863,5.800000190734863,7.199999809265137,7.199999809265137,15950
2022-12-13,7.300000190734863,7.699999809265137,6.099999904632568,6.699999809265137,6.699999809265137,9370
2022-12-14,6.699999809265137,7.400000095367432,6.5,7.199999809265137,7.199999809265137,2160
2022-12-15,7.099999904632568,7.099999904632568,5.5,6.0,6.0,13720
2022-12-16,5.800000190734863,6.099999904632568,5.400000095367432,5.699999809265137,5.699999809265137,3620
2022-12-19,5.400000095367432,5.900000095367432,5.400000095367432,5.900000095367432,5.900000095367432,1870
2022-12-20,5.599999904632568,6.199999809265137,5.599999904632568,5.900000095367432,5.900000095367432,2900
2022-12-21,6.0,6.0,5.599999904632568,5.599999904632568,5.599999904632568,1170
2022-12-22,5.699999809265137,5.800000190734863,5.400000095367432,5.400000095367432,5.400000095367432,3660
2022-12-23,5.800000190734863,6.0,5.400000095367432,5.900000095367432,5.900000095367432,3620
2022-12-27,5.599999904632568,6.0,5.5,5.800000190734863,5.800000190734863,3560
2022-12-28,5.800000190734863,6.0,5.599999904632568,5.800000190734863,5.800000190734863,3090
2022-12-29,6.0,6.0,5.800000190734863,5.800000190734863,5.800000190734863,4430
2022-12-30,6.0,6.199999809265137,5.800000190734863,5.900000095367432,5.900000095367432,16610
2023-01-03,6.099999904632568,7.400000095367432,5.900000095367432,7.400000095367432,7.400000095367432,15540
2023-01-04,6.800000190734863,7.900000095367432,6.800000190734863,7.800000190734863,7.800000190734863,5570
2023-01-05,8.0,8.5,7.199999809265137,7.599999904632568,7.599999904632568,18580
2023-01-06,8.300000190734863,8.300000190734863,6.400000095367432,7.800000190734863,7.800000190734863,17880
2023-01-09,8.199999809265137,8.199999809265137,7.5,7.900000095367432,7.900000095367432,4890
2023-01-10,8.0,8.0,7.699999809265137,8.0,8.0,2710
2023-01-11,8.399999618530273,9.5,8.0,8.800000190734863,8.800000190734863,18160
2023-01-12,8.899999618530273,8.899999618530273,8.0,8.800000190734863,8.800000190734863,3430
2023-01-13,8.899999618530273,9.5,8.699999809265137,8.899999618530273,8.899999618530273,1290
2023-01-17,8.5,9.399999618530273,8.5,9.100000381469727,9.100000381469727,2360
2023-01-18,8.699999809265137,9.100000381469727,8.600000381469727,8.600000381469727,8.600000381469727,1050
2023-01-19,8.800000190734863,8.899999618530273,8.600000381469727,8.899999618530273,8.899999618530273,1670
2023-01-20,8.600000381469727,8.800000190734863,8.600000381469727,8.699999809265137,8.699999809265137,620
2023-01-23,8.5,9.100000381469727,8.5,8.5,8.5,1630
2023-01-24,9.100000381469727,9.100000381469727,8.0,8.600000381469727,8.600000381469727,5630
2023-01-25,8.600000381469727,8.699999809265137,8.0,8.5,8.5,3160
2023-01-26,8.800000190734863,8.800000190734863,8.399999618530273,8.5,8.5,610
2023-01-27,8.399999618530273,9.0,8.399999618530273,8.800000190734863,8.800000190734863,1040
2023-01-30,8.800000190734863,9.5,8.800000190734863,9.399999618530273,9.399999618530273,6670
2023-01-31,9.399999618530273,9.5,9.399999618530273,9.399999618530273,9.399999618530273,2110
2023-02-01,9.600000381469727,10.899999618530273,9.600000381469727,10.800000190734863,10.800000190734863,20120
2023-02-02,10.800000190734863,11.199999809265137,10.800000190734863,10.899999618530273,10.899999618530273,5440
2023-02-03,10.800000190734863,11.399999618530273,10.5,10.800000190734863,10.800000190734863,7660
2023-02-06,10.699999809265137,10.800000190734863,10.199999809265137,10.699999809265137,10.699999809265137,9280
2023-02-07,10.399999618530273,10.600000381469727,10.300000190734863,10.600000381469727,10.600000381469727,8350
2023-02-08,10.5,10.5,8.300000190734863,8.300000190734863,8.300000190734863,38360
2023-02-09,8.399999618530273,9.300000190734863,8.399999618530273,8.899999618530273,8.899999618530273,9380
2023-02-10,8.699999809265137,9.100000381469727,8.5,8.5,8.5,7700
2023-02-13,8.399999618530273,8.600000381469727,7.0,8.0,8.0,16830
2023-02-14,8.199999809265137,8.300000190734863,7.800000190734863,8.199999809265137,8.199999809265137,1810
2023-02-15,7.900000095367432,8.5,7.900000095367432,8.100000381469727,8.100000381469727,1340
2023-02-16,8.5,8.800000190734863,8.100000381469727,8.300000190734863,8.300000190734863,1910
2023-02-17,8.399999618530273,8.5,8.300000190734863,8.399999618530273,8.399999618530273,2030
2023-02-21,8.300000190734863,9.0,8.300000190734863,8.600000381469727,8.600000381469727,4510
2023-02-22,8.600000381469727,9.199999809265137,8.600000381469727,9.0,9.0,1360
2023-02-23,9.0,9.5,9.0,9.399999618530273,9.399999618530273,420
2023-02-24,9.0,9.300000190734863,9.0,9.300000190734863,9.300000190734863,1320
2023-02-27,8.699999809265137,9.300000190734863,8.300000190734863,9.100000381469727,9.100000381469727,13110
2023-02-28,9.199999809265137,9.199999809265137,8.300000190734863,8.899999618530273,8.899999618530273,3350
2023-03-01,8.899999618530273,8.899999618530273,7.800000190734863,8.899999618530273,8.899999618530273,3610
2023-03-02,8.899999618530273,8.899999618530273,8.600000381469727,8.899999618530273,8.899999618530273,2320
2023-03-03,8.899999618530273,8.899999618530273,7.900000095367432,8.899999618530273,8.899999618530273,1180
2023-03-06,8.800000190734863,8.899999618530273,8.600000381469727,8.899999618530273,8.899999618530273,710
2023-03-07,8.800000190734863,9.399999618530273,8.800000190734863,9.199999809265137,9.199999809265137,4030
2023-03-08,8.899999618530273,9.600000381469727,8.899999618530273,9.199999809265137,9.199999809265137,1900
2023-03-09,9.800000190734863,9.800000190734863,7.599999904632568,8.300000190734863,8.300000190734863,8020
2023-03-10,8.300000190734863,9.0,7.800000190734863,8.0,8.0,8810
2023-03-13,8.0,10.300000190734863,8.0,10.300000190734863,10.300000190734863,40070
2023-03-14,10.0,10.5,9.899999618530273,10.5,10.5,16160
2023-03-15,10.399999618530273,11.199999809265137,9.5,11.199999809265137,11.199999809265137,19330
2023-03-16,9.399999618530273,11.100000381469727,9.399999618530273,10.800000190734863,10.800000190734863,23180
2023-03-17,10.600000381469727,10.800000190734863,10.399999618530273,10.800000190734863,10.800000190734863,2700
2023-03-20,10.699999809265137,10.699999809265137,10.5,10.600000381469727,10.600000381469727,4940
2023-03-21,10.899999618530273,11.0,10.199999809265137,10.600000381469727,10.600000381469727,10400
2023-03-22,10.0,10.699999809265137,10.0,10.300000190734863,10.300000190734863,20860
2023-03-23,10.300000190734863,11.399999618530273,10.300000190734863,11.0,11.0,33030
2023-03-24,11.0,11.100000381469727,10.800000190734863,11.0,11.0,19770
2023-03-27,11.100000381469727,11.300000190734863,10.600000381469727,10.899999618530273,10.899999618530273,3690
2023-03-28,10.600000381469727,10.800000190734863,10.399999618530273,10.5,10.5,2650
2023-03-29,10.5,11.0,10.399999618530273,10.600000381469727,10.600000381469727,2110
2023-03-30,9.800000190734863,10.699999809265137,9.800000190734863,10.199999809265137,10.199999809265137,30130
2023-03-31,10.199999809265137,10.5,10.100000381469727,10.199999809265137,10.199999809265137,17290
2023-04-03,10.600000381469727,10.600000381469727,10.199999809265137,10.300000190734863,10.300000190734863,2450
2023-04-04,10.300000190734863,10.699999809265137,10.300000190734863,10.5,10.5,1180
2023-04-05,10.399999618530273,10.5,9.699999809265137,10.300000190734863,10.300000190734863,13410
2023-04-06,10.100000381469727,10.5,10.100000381469727,10.199999809265137,10.199999809265137,3250
2023-04-10,10.100000381469727,10.399999618530273,10.100000381469727,10.300000190734863,10.300000190734863,4690
2023-04-11,10.0,10.300000190734863,10.0,10.199999809265137,10.199999809265137,8650
2023-04-12,10.0,10.5,10.0,10.199999809265137,10.199999809265137,5970
2023-04-13,10.300000190734863,10.300000190734863,10.100000381469727,10.199999809265137,10.199999809265137,1430
2023-04-14,10.399999618530273,10.399999618530273,10.100000381469727,10.199999809265137,10.199999809265137,2600
2023-04-17,10.0,10.399999618530273,10.0,10.399999618530273,10.399999618530273,1540
2023-04-18,10.399999618530273,10.699999809265137,10.399999618530273,10.600000381469727,10.600000381469727,21730
2023-04-19,10.600000381469727,10.600000381469727,10.300000190734863,10.5,10.5,4250
2023-04-20,10.5,10.699999809265137,10.199999809265137,10.699999809265137,10.699999809265137,11460
2023-04-21,10.600000381469727,10.800000190734863,10.199999809265137,10.699999809265137,10.699999809265137,14550
2023-04-24,10.5,11.0,10.300000190734863,10.5,10.5,23800
2023-04-25,10.600000381469727,10.600000381469727,10.199999809265137,10.600000381469727,10.600000381469727,9900
2023-04-26,10.300000190734863,10.800000190734863,10.199999809265137,10.699999809265137,10.699999809265137,1220
2023-04-27,10.5,10.899999618530273,10.300000190734863,10.5,10.5,1990
2023-04-28,10.899999618530273,11.0,10.600000381469727,10.899999618530273,10.899999618530273,7800
2023-05-01,10.699999809265137,11.699999809265137,10.5,11.0,11.0,36160
2023-05-02,11.600000381469727,12.399999618530273,10.300000190734863,11.399999618530273,11.399999618530273,24350
2023-05-03,11.399999618530273,11.800000190734863,11.0,11.300000190734863,11.300000190734863,3130
2023-05-04,11.100000381469727,11.300000190734863,10.699999809265137,11.300000190734863,11.300000190734863,2980
2023-05-05,10.300000190734863,11.399999618530273,9.800000190734863,11.300000190734863,11.300000190734863,8670
2023-05-08,11.399999618530273,11.600000381469727,10.300000190734863,11.399999618530273,11.399999618530273,5550
2023-05-09,11.5,11.5,10.5,11.199999809265137,11.199999809265137,7110
2023-05-10,11.300000190734863,11.300000190734863,10.600000381469727,10.899999618530273,10.899999618530273,2990
2023-05-11,10.899999618530273,11.100000381469727,10.399999618530273,11.100000381469727,11.100000381469727,4070
2023-05-12,10.699999809265137,11.399999618530273,10.600000381469727,11.300000190734863,11.300000190734863,15930
2023-05-15,11.300000190734863,11.5,10.5,11.5,11.5,28100
2023-05-16,11.399999618530273,12.0,10.800000190734863,12.0,12.0,20210
2023-05-17,12.300000190734863,13.0,12.100000381469727,13.0,13.0,29840
2023-05-18,13.199999809265137,13.800000190734863,11.699999809265137,12.5,12.5,22250
2023-05-19,13.0,14.100000381469727,12.300000190734863,14.100000381469727,14.100000381469727,7920
2023-05-22,14.699999809265137,16.0,14.399999618530273,15.300000190734863,15.300000190734863,21840
2023-05-23,15.399999618530273,16.399999618530273,12.800000190734863,14.199999809265137,14.199999809265137,173330
2023-05-24,14.0,14.199999809265137,13.0,13.899999618530273,13.899999618530273,28300
2023-05-25,13.899999618530273,15.100000381469727,12.300000190734863,13.100000381469727,13.100000381469727,50550
2023-05-26,13.0,13.399999618530273,11.100000381469727,12.199999809265137,12.199999809265137,24050
2023-05-30,11.899999618530273,12.800000190734863,11.5,12.800000190734863,12.800000190734863,12390
2023-05-31,12.699999809265137,13.0,12.0,12.5,12.5,24200
2023-06-01,12.600000381469727,13.399999618530273,11.5,12.399999618530273,12.399999618530273,22460
2023-06-02,12.100000381469727,12.800000190734863,11.300000190734863,12.0,12.0,26730
2023-06-05,11.300000190734863,12.0,10.300000190734863,10.699999809265137,10.699999809265137,49520
2023-06-06,10.899999618530273,11.600000381469727,10.800000190734863,11.600000381469727,11.600000381469727,37420
2023-06-07,11.100000381469727,11.699999809265137,10.300000190734863,10.899999618530273,10.899999618530273,33440
2023-06-08,10.5,11.0,10.0,10.399999618530273,10.399999618530273,14360
2023-06-09,10.199999809265137,10.600000381469727,9.100000381469727,9.600000381469727,9.600000381469727,48300
2023-06-12,9.300000190734863,9.899999618530273,8.600000381469727,9.0,9.0,28770
2023-06-13,8.899999618530273,9.5,7.900000095367432,8.0,8.0,28570
2023-06-14,8.0,8.800000190734863,8.0,8.699999809265137,8.699999809265137,19500
2023-06-15,8.600000381469727,8.899999618530273,8.5,8.899999618530273,8.899999618530273,11130
2023-06-16,8.800000190734863,9.0,8.5,8.800000190734863,8.800000190734863,11170
2023-06-20,8.399999618530273,9.0,8.399999618530273,8.800000190734863,8.800000190734863,17640
2023-06-21,8.899999618530273,9.0,8.199999809265137,8.5,8.5,9730
2023-06-22,8.800000190734863,8.800000190734863,8.5,8.699999809265137,8.699999809265137,6660
2023-06-23,8.399999618530273,8.899999618530273,8.399999618530273,8.899999618530273,8.899999618530273,7790
2023-06-26,8.899999618530273,9.300000190734863,8.600000381469727,8.600000381469727,8.600000381469727,6460
2023-06-27,9.399999618530273,9.399999618530273,8.800000190734863,9.0,9.0,4000
2023-06-28,9.199999809265137,9.300000190734863,8.5,9.0,9.0,8530
2023-06-29,9.199999809265137,9.199999809265137,8.300000190734863,8.300000190734863,8.300000190734863,17580
2023-06-30,8.399999618530273,8.800000190734863,8.300000190734863,8.600000381469727,8.600000381469727,5760
2023-07-03,8.600000381469727,8.600000381469727,8.0,8.600000381469727,8.600000381469727,2440
2023-07-05,8.399999618530273,8.800000190734863,7.900000095367432,8.300000190734863,8.300000190734863,8520
2023-07-06,8.300000190734863,8.300000190734863,7.900000095367432,8.199999809265137,8.199999809265137,5200
2023-07-07,8.5,8.699999809265137,7.900000095367432,8.399999618530273,8.399999618530273,6050
2023-07-10,8.699999809265137,8.699999809265137,7.800000190734863,8.0,8.0,8040
2023-07-11,8.0,8.300000190734863,7.800000190734863,8.0,8.0,7990
2023-07-12,8.300000190734863,8.300000190734863,7.699999809265137,7.900000095367432,7.900000095367432,2270
2023-07-13,7.900000095367432,8.5,7.0,7.300000190734863,7.300000190734863,8960
2023-07-14,7.199999809265137,7.199999809265137,6.099999904632568,6.699999809265137,6.699999809265137,12740
2023-07-17,6.699999809265137,7.0,6.699999809265137,6.900000095367432,6.900000095367432,3750
2023-07-18,7.0,7.300000190734863,6.300000190734863,6.699999809265137,6.699999809265137,13610
2023-07-19,7.0,7.400000095367432,6.400000095367432,6.800000190734863,6.800000190734863,31570
2023-07-20,7.300000190734863,7.300000190734863,5.5,5.800000190734863,5.800000190734863,49620
2023-07-21,5.699999809265137,6.199999809265137,5.400000095367432,6.099999904632568,6.099999904632568,17870
2023-07-24,6.099999904632568,6.199999809265137,5.5,6.199999809265137,6.199999809265137,11940
2023-07-25,6.199999809265137,6.199999809265137,5.599999904632568,6.0,6.0,13440
2023-07-26,6.199999809265137,6.199999809265137,5.599999904632568,5.900000095367432,5.900000095367432,9600
2023-07-27,6.099999904632568,6.099999904632568,5.699999809265137,5.900000095367432,5.900000095367432,6660
2023-07-28,6.199999809265137,6.199999809265137,5.599999904632568,5.900000095367432,5.900000095367432,32670
2023-07-31,5.699999809265137,6.199999809265137,5.599999904632568,6.199999809265137,6.199999809265137,43480
2023-08-01,6.199999809265137,7.199999809265137,5.900000095367432,6.800000190734863,6.800000190734863,29100
2023-08-02,6.699999809265137,7.099999904632568,6.5,7.0,7.0,22990
2023-08-03,7.0,7.099999904632568,6.400000095367432,6.599999904632568,6.599999904632568,13220
2023-08-04,7.099999904632568,7.099999904632568,6.5,6.900000095367432,6.900000095367432,19240
2023-08-07,7.0,7.0,6.300000190734863,7.0,7.0,22990
2023-08-08,6.800000190734863,7.0,6.400000095367432,6.800000190734863,6.800000190734863,16450
2023-08-09,6.800000190734863,6.800000190734863,6.199999809265137,6.599999904632568,6.599999904632568,7170
2023-08-10,6.5,7.800000190734863,6.099999904632568,7.800000190734863,7.800000190734863,25630
2023-08-11,7.5,8.699999809265137,7.5,8.300000190734863,8.300000190734863,73050
2023-08-14,8.300000190734863,8.600000381469727,7.800000190734863,8.0,8.0,36320
2023-08-15,8.399999618530273,8.399999618530273,7.800000190734863,8.100000381469727,8.100000381469727,6990
2023-08-16,8.199999809265137,8.399999618530273,7.699999809265137,8.100000381469727,8.100000381469727,14820
2023-08-17,8.100000381469727,8.5,6.5,6.699999809265137,6.699999809265137,20000
2023-08-18,6.800000190734863,7.300000190734863,6.5,7.199999809265137,7.199999809265137,16080
2023-08-21,7.099999904632568,7.199999809265137,6.400000095367432,6.900000095367432,6.900000095367432,4940
2023-08-22,6.5,6.699999809265137,6.0,6.5,6.5,34020
2023-08-23,6.5,6.5,5.699999809265137,6.199999809265137,6.199999809265137,9150
2023-08-24,5.599999904632568,6.199999809265137,5.199999809265137,5.5,5.5,9180
2023-08-25,5.5,7.099999904632568,4.699999809265137,5.0,5.0,169370
2023-08-28,4.800000190734863,4.800000190734863,4.199999809265137,4.5,4.5,60600
2023-08-29,4.599999904632568,4.699999809265137,3.4000000953674316,4.099999904632568,4.099999904632568,99710
2023-08-30,4.0,4.099999904632568,3.5,3.700000047683716,3.700000047683716,58770
2023-08-31,3.5999999046325684,3.9000000953674316,3.5999999046325684,3.799999952316284,3.799999952316284,13650
2023-09-01,3.799999952316284,4.199999809265137,3.799999952316284,4.199999809265137,4.199999809265137,11070
2023-09-05,4.099999904632568,4.099999904632568,3.700000047683716,3.799999952316284,3.799999952316284,3780
2023-09-06,3.799999952316284,3.9000000953674316,3.5,3.700000047683716,3.700000047683716,7840
2023-09-07,3.700000047683716,3.9000000953674316,3.5,3.700000047683716,3.700000047683716,5760
2023-09-08,3.700000047683716,3.799999952316284,3.5999999046325684,3.700000047683716,3.700000047683716,4360
2023-09-11,3.700000047683716,3.700000047683716,3.5,3.5999999046325684,3.5999999046325684,23760
2023-09-12,3.700000047683716,3.799999952316284,3.0999999046325684,3.299999952316284,3.299999952316284,183890
2023-09-13,3.4000000953674316,3.5,3.200000047683716,3.299999952316284,3.299999952316284,24140
2023-09-14,3.4000000953674316,3.5999999046325684,3.299999952316284,3.5,3.5,16550
2023-09-15,3.4000000953674316,3.5999999046325684,3.0,3.299999952316284,3.299999952316284,51520
2023-09-18,3.009999990463257,3.2899999618530273,2.819999933242798,2.930000066757202,2.930000066757202,109900
2023-09-19,2.940000057220459,3.190000057220459,2.859999895095825,3.0999999046325684,3.0999999046325684,62700
2023-09-20,3.049999952316284,3.0999999046325684,2.890000104904175,2.930000066757202,2.930000066757202,28900
2023-09-21,2.8499999046325684,3.059999942779541,2.680000066757202,2.950000047683716,2.950000047683716,58000
2023-09-22,2.9000000953674316,3.2200000286102295,2.859999895095825,3.1700000762939453,3.1700000762939453,26800
2023-09-25,3.200000047683716,3.440000057220459,3.009999990463257,3.25,3.25,8000
2023-09-26,3.3499999046325684,3.3499999046325684,3.049999952316284,3.259999990463257,3.259999990463257,16200
2023-09-27,3.309999942779541,3.359999895095825,3.140000104904175,3.2799999713897705,3.2799999713897705,12400
2023-09-28,3.2899999618530273,3.5399999618530273,3.2200000286102295,3.299999952316284,3.299999952316284,13700
2023-09-29,3.5,3.5,3.0999999046325684,3.0999999046325684,3.0999999046325684,7000
2023-10-02,2.859999895095825,3.0999999046325684,2.509999990463257,2.6600000858306885,2.6600000858306885,58700
2023-10-03,2.549999952316284,2.680000066757202,2.4200000762939453,2.549999952316284,2.549999952316284,26500
2023-10-04,2.5,2.5299999713897705,2.3499999046325684,2.440000057220459,2.440000057220459,21500
2023-10-05,2.440000057220459,2.490000009536743,2.430000066757202,2.4800000190734863,2.4800000190734863,19400
2023-10-06,2.430000066757202,2.569999933242798,2.369999885559082,2.4600000381469727,2.4600000381469727,6800
2023-10-09,2.4100000858306885,2.490000009536743,2.380000114440918,2.390000104904175,2.390000104904175,7500
2023-10-10,2.450000047683716,2.4700000286102295,2.390000104904175,2.450000047683716,2.450000047683716,3600
2023-10-11,2.4800000190734863,2.5999999046325684,2.4100000858306885,2.5199999809265137,2.5199999809265137,10400
2023-10-12,2.5999999046325684,2.6600000858306885,2.490000009536743,2.619999885559082,2.619999885559082,7500
2023-10-13,2.5399999618530273,2.6600000858306885,2.5,2.6500000953674316,2.6500000953674316,12000
2023-10-16,2.6700000762939453,2.6700000762939453,2.5999999046325684,2.640000104904175,2.640000104904175,4400
2023-10-17,2.6500000953674316,2.799999952316284,2.609999895095825,2.700000047683716,2.700000047683716,7300
2023-10-18,2.7300000190734863,2.890000104904175,2.7300000190734863,2.8399999141693115,2.8399999141693115,9600
2023-10-19,2.859999895095825,2.859999895095825,2.759999990463257,2.8499999046325684,2.8499999046325684,2800
2023-10-20,2.809999942779541,2.8399999141693115,2.700000047683716,2.799999952316284,2.799999952316284,2400
2023-10-23,2.7300000190734863,2.75,2.609999895095825,2.75,2.75,14800
2023-10-24,2.75,3.2799999713897705,2.75,2.799999952316284,2.799999952316284,12100
2023-10-25,2.8299999237060547,2.869999885559082,2.8299999237060547,2.869999885559082,2.869999885559082,800
2023-10-26,2.9100000858306885,2.9700000286102295,2.9000000953674316,2.940000057220459,2.940000057220459,1600
2023-10-27,2.799999952316284,2.940000057220459,2.490000009536743,2.5799999237060547,2.5799999237060547,20000
2023-10-30,2.5299999713897705,2.5299999713897705,2.1500000953674316,2.319999933242798,2.319999933242798,10200
2023-10-31,2.5,2.5,2.1500000953674316,2.359999895095825,2.359999895095825,6900
2023-11-01,2.109999895095825,2.2200000286102295,2.109999895095825,2.2200000286102295,2.2200000286102295,2800
2023-11-02,2.0299999713897705,2.2100000381469727,2.0299999713897705,2.109999895095825,2.109999895095825,4100
2023-11-03,2.4000000953674316,2.4000000953674316,2.059999942779541,2.130000114440918,2.130000114440918,3800
2023-11-06,2.059999942779541,2.140000104904175,1.850000023841858,1.909999966621399,1.909999966621399,11500
2023-11-07,1.9199999570846558,1.9199999570846558,1.8300000429153442,1.8300000429153442,1.8300000429153442,1700
2023-11-08,1.8899999856948853,1.8899999856948853,1.7200000286102295,1.7599999904632568,1.7599999904632568,8800
2023-11-09,1.75,1.7599999904632568,1.600000023841858,1.600000023841858,1.600000023841858,15100
2023-11-10,1.690000057220459,1.7000000476837158,1.559999942779541,1.6100000143051147,1.6100000143051147,12500
2023-11-13,1.6100000143051147,1.690000057220459,1.6100000143051147,1.6799999475479126,1.6799999475479126,3600
2023-11-14,1.7899999618530273,1.8300000429153442,1.7100000381469727,1.7899999618530273,1.7899999618530273,16600
2023-11-15,1.6200000047683716,2.0399999618530273,1.6200000047683716,2.0399999618530273,2.0399999618530273,14600
2023-11-16,1.9900000095367432,2.0,1.8799999952316284,1.9199999570846558,1.9199999570846558,4000
2023-11-17,1.899999976158142,1.909999966621399,1.7899999618530273,1.909999966621399,1.909999966621399,2800
2023-11-20,1.8600000143051147,2.119999885559082,1.7200000286102295,1.9199999570846558,1.9199999570846558,5200
2023-11-21,1.8899999856948853,2.0,1.840000033378601,1.9800000190734863,1.9800000190734863,7000
2023-11-22,1.8300000429153442,2.3399999141693115,1.8200000524520874,2.3399999141693115,2.3399999141693115,18700
2023-11-24,2.3499999046325684,2.3499999046325684,2.059999942779541,2.299999952316284,2.299999952316284,2400
2023-11-27,2.140000104904175,2.3299999237060547,2.140000104904175,2.309999942779541,2.309999942779541,4500
2023-11-28,2.25,2.569999933242798,2.25,2.5199999809265137,2.5199999809265137,27100
2023-11-29,2.4800000190734863,3.0,2.4800000190734863,2.630000114440918,2.630000114440918,45200
2023-11-30,2.4600000381469727,2.890000104904175,2.440000057220459,2.7200000286102295,2.7200000286102295,13000
2023-12-01,2.819999933242798,3.0199999809265137,2.75,2.869999885559082,2.869999885559082,28900
2023-12-04,2.7100000381469727,2.9200000762939453,2.7100000381469727,2.740000009536743,2.740000009536743,18300
2023-12-05,2.690000057220459,2.75,2.619999885559082,2.7200000286102295,2.7200000286102295,12300
2023-12-06,2.630000114440918,2.690000057220459,2.509999990463257,2.6500000953674316,2.6500000953674316,3000
2023-12-07,2.549999952316284,2.569999933242798,2.5,2.569999933242798,2.569999933242798,2900
2023-12-08,2.5,2.5,2.5,2.5,2.5,1600
2023-12-11,2.490000009536743,2.490000009536743,2.299999952316284,2.3499999046325684,2.3499999046325684,3500
2023-12-12,2.309999942779541,2.309999942779541,2.069999933242798,2.240000009536743,2.240000009536743,6800
2023-12-13,2.180000066757202,2.259999990463257,2.0299999713897705,2.240000009536743,2.240000009536743,9300
2023-12-14,2.140000104904175,2.140000104904175,1.9900000095367432,2.140000104904175,2.140000104904175,7600
2023-12-15,2.0999999046325684,2.3499999046325684,2.0899999141693115,2.1600000858306885,2.1600000858306885,6000
2023-12-18,2.240000009536743,2.240000009536743,2.069999933242798,2.140000104904175,2.140000104904175,9000
2023-12-19,2.240000009536743,2.3499999046325684,2.180000066757202,2.2200000286102295,2.2200000286102295,3400
2023-12-20,2.319999933242798,2.619999885559082,2.259999990463257,2.4200000762939453,2.4200000762939453,19400
2023-12-21,2.5399999618530273,2.559999942779541,2.180000066757202,2.4000000953674316,2.4000000953674316,18700
2023-12-22,2.509999990463257,2.509999990463257,2.4200000762939453,2.4200000762939453,2.4200000762939453,1700
2023-12-26,2.4200000762939453,2.4200000762939453,2.4200000762939453,2.4200000762939453,2.4200000762939453,600
2023-12-27,2.2799999713897705,2.4200000762939453,2.2799999713897705,2.3499999046325684,2.3499999046325684,5000
2023-12-28,2.4200000762939453,2.450000047683716,2.319999933242798,2.4000000953674316,2.4000000953674316,10200
2023-12-29,2.380000114440918,2.9700000286102295,2.380000114440918,2.5899999141693115,2.5899999141693115,43200
2024-01-02,2.5999999046325684,2.5999999046325684,2.119999885559082,2.200000047683716,2.200000047683716,22100
2024-01-03,2.559999942779541,2.559999942779541,2.0,2.069999933242798,2.069999933242798,38700
2024-01-04,2.200000047683716,2.200000047683716,2.0299999713897705,2.0899999141693115,2.0899999141693115,26200
2024-01-05,2.140000104904175,2.200000047683716,1.840000033378601,1.909999966621399,1.909999966621399,31400
2024-01-08,1.8600000143051147,1.940000057220459,1.6699999570846558,1.940000057220459,1.940000057220459,11500
2024-01-09,1.899999976158142,1.940000057220459,1.850000023841858,1.899999976158142,1.899999976158142,3900
2024-01-10,1.7999999523162842,1.8899999856948853,1.7999999523162842,1.8899999856948853,1.8899999856948853,2900
2024-01-11,1.940000057220459,2.0,1.850000023841858,1.850000023841858,1.850000023841858,7400
2024-01-12,1.8700000047683716,1.899999976158142,1.850000023841858,1.899999976158142,1.899999976158142,4300
2024-01-16,1.8799999952316284,2.109999895095825,1.8799999952316284,2.109999895095825,2.109999895095825,25700
2024-01-17,2.1500000953674316,2.3299999237060547,1.9900000095367432,2.069999933242798,2.069999933242798,54700
2024-01-18,2.0999999046325684,2.180000066757202,1.8700000047683716,1.8899999856948853,1.8899999856948853,210300
2024-01-19,1.7000000476837158,1.8200000524520874,1.6100000143051147,1.7000000476837158,1.7000000476837158,195300
2024-01-22,1.7400000095367432,2.0199999809265137,1.6699999570846558,1.940000057220459,1.940000057220459,84400
2024-01-23,1.909999966621399,1.9700000286102295,1.7999999523162842,1.9299999475479126,1.9299999475479126,17200
2024-01-24,1.8799999952316284,2.0899999141693115,1.7100000381469727,1.850000023841858,1.850000023841858,15800
2024-01-25,1.8600000143051147,1.8600000143051147,1.809999942779541,1.809999942779541,1.809999942779541,4900
2024-01-26,1.8600000143051147,1.9500000476837158,1.7699999809265137,1.7799999713897705,1.7799999713897705,16500
2024-01-29,1.7599999904632568,2.0,1.600000023841858,1.600000023841858,1.600000023841858,35200
2024-01-30,1.6299999952316284,1.7699999809265137,1.590000033378601,1.7599999904632568,1.7599999904632568,8800
2024-01-31,1.7699999809265137,1.8300000429153442,1.600000023841858,1.6100000143051147,1.6100000143051147,17900
2024-02-01,1.6100000143051147,1.7200000286102295,1.5499999523162842,1.5499999523162842,1.5499999523162842,10600
2024-02-02,1.5700000524520874,1.75,1.5700000524520874,1.5700000524520874,1.5700000524520874,11300
2024-02-05,1.600000023841858,1.6100000143051147,1.5299999713897705,1.5299999713897705,1.5299999713897705,6100
2024-02-06,1.590000033378601,1.6799999475479126,1.4500000476837158,1.4500000476837158,1.4500000476837158,21900
2024-02-07,1.4500000476837158,1.5099999904632568,1.399999976158142,1.4600000381469727,1.4600000381469727,27200
2024-02-08,1.5199999809265137,1.7999999523162842,1.440000057220459,1.440000057220459,1.440000057220459,91800
2024-02-09,1.4700000286102295,1.6100000143051147,1.440000057220459,1.5800000429153442,1.5800000429153442,20000
2024-02-12,1.590000033378601,1.600000023841858,1.440000057220459,1.5800000429153442,1.5800000429153442,33100
2024-02-13,1.559999942779541,2.4000000953674316,1.5399999618530273,2.299999952316284,2.299999952316284,739000
2024-02-14,1.7100000381469727,2.640000104904175,1.6399999856948853,1.9900000095367432,1.9900000095367432,346600
2024-02-15,1.9500000476837158,1.9600000381469727,1.6799999475479126,1.690000057220459,1.690000057220459,84600
2024-02-16,1.7000000476837158,2.180000066757202,1.7000000476837158,1.9299999475479126,1.9299999475479126,135200
2024-02-20,1.909999966621399,2.0999999046325684,1.8600000143051147,2.0999999046325684,2.0999999046325684,46100
2024-02-21,2.049999952316284,2.240000009536743,1.9199999570846558,2.049999952316284,2.049999952316284,97000
2024-02-22,2.0,2.180000066757202,1.9800000190734863,1.9800000190734863,1.9800000190734863,25700
2024-02-23,2.059999942779541,2.0999999046325684,1.909999966621399,1.9500000476837158,1.9500000476837158,31700
2024-02-26,1.7000000476837158,1.7000000476837158,1.409999966621399,1.559999942779541,1.559999942779541,150100
2024-02-27,1.5199999809265137,1.5499999523162842,1.4800000190734863,1.5199999809265137,1.5199999809265137,19800
2024-02-28,1.5199999809265137,1.5399999618530273,1.4199999570846558,1.4800000190734863,1.4800000190734863,16700
2024-02-29,1.5700000524520874,1.5800000429153442,1.4800000190734863,1.5399999618530273,1.5399999618530273,16100
2024-03-01,1.5299999713897705,1.5700000524520874,1.4700000286102295,1.5299999713897705,1.5299999713897705,23000
2024-03-04,1.5399999618530273,1.5700000524520874,1.5099999904632568,1.5299999713897705,1.5299999713897705,28400
2024-03-05,1.5,1.600000023841858,1.409999966621399,1.5199999809265137,1.5199999809265137,10000
2024-03-06,1.5499999523162842,1.5499999523162842,1.4199999570846558,1.4900000095367432,1.4900000095367432,9500
2024-03-07,1.5800000429153442,1.6399999856948853,1.4800000190734863,1.5499999523162842,1.5499999523162842,29100
2024-03-08,1.6399999856948853,1.6399999856948853,1.5499999523162842,1.5700000524520874,1.5700000524520874,28600
2024-03-11,1.600000023841858,1.7100000381469727,1.5,1.5,1.5,95700
2024-03-12,1.559999942779541,1.559999942779541,1.4199999570846558,1.4700000286102295,1.4700000286102295,21500
2024-03-13,1.4900000095367432,1.5499999523162842,1.440000057220459,1.5099999904632568,1.5099999904632568,20400
2024-03-14,1.4900000095367432,1.5099999904632568,1.4199999570846558,1.4700000286102295,1.4700000286102295,26300
2024-03-15,1.4900000095367432,1.5,1.4600000381469727,1.4600000381469727,1.4600000381469727,4400
2024-03-18,1.559999942779541,1.559999942779541,1.4500000476837158,1.5099999904632568,1.5099999904632568,24900
2024-03-19,1.5299999713897705,1.5800000429153442,1.5,1.5700000524520874,1.5700000524520874,14400
2024-03-20,1.590000033378601,1.7100000381469727,1.5299999713897705,1.6200000047683716,1.6200000047683716,33800
2024-03-21,1.590000033378601,1.6699999570846558,1.559999942779541,1.6299999952316284,1.6299999952316284,13800
2024-03-22,1.649999976158142,1.75,1.600000023841858,1.6799999475479126,1.6799999475479126,55700
2024-03-25,1.7100000381469727,1.8899999856948853,1.7000000476837158,1.850000023841858,1.850000023841858,64300
2024-03-26,1.9299999475479126,1.9299999475479126,1.75,1.8300000429153442,1.8300000429153442,20100
2024-03-27,1.7699999809265137,1.8700000047683716,1.649999976158142,1.7000000476837158,1.7000000476837158,96100
2024-03-28,1.6100000143051147,1.7000000476837158,1.4700000286102295,1.5499999523162842,1.5499999523162842,71600
2024-04-01,1.6399999856948853,1.649999976158142,1.5299999713897705,1.6399999856948853,1.6399999856948853,12600
2024-04-02,1.5800000429153442,1.6399999856948853,1.5800000429153442,1.600000023841858,1.600000023841858,2600
2024-04-03,1.5299999713897705,1.6100000143051147,1.5299999713897705,1.6100000143051147,1.6100000143051147,5800
2024-04-04,1.649999976158142,1.649999976158142,1.5399999618530273,1.5399999618530273,1.5399999618530273,7200
2024-04-05,1.6299999952316284,1.6299999952316284,1.4600000381469727,1.4700000286102295,1.4700000286102295,19200
2024-04-08,1.8799999952316284,1.8899999856948853,1.2200000286102295,1.5199999809265137,1.5199999809265137,7956800
2024-04-09,1.5,1.600000023841858,1.3899999856948853,1.5399999618530273,1.5399999618530273,836500
2024-04-10,1.3700000047683716,1.7200000286102295,1.3200000524520874,1.600000023841858,1.600000023841858,526500
2024-04-11,1.600000023841858,1.7999999523162842,1.4700000286102295,1.649999976158142,1.649999976158142,291400
2024-04-12,1.6200000047683716,1.7300000190734863,1.590000033378601,1.6200000047683716,1.6200000047683716,63100
2024-04-15,1.6299999952316284,1.6299999952316284,1.4700000286102295,1.590000033378601,1.590000033378601,100000
2024-04-16,1.5099999904632568,1.840000033378601,1.4800000190734863,1.7400000095367432,1.7400000095367432,420500
2024-04-17,1.6699999570846558,1.840000033378601,1.6399999856948853,1.8300000429153442,1.8300000429153442,89000
2024-04-18,1.809999942779541,1.9500000476837158,1.7699999809265137,1.8300000429153442,1.8300000429153442,155800
2024-04-19,1.7799999713897705,2.0799999237060547,1.659999966621399,2.069999933242798,2.069999933242798,147200
2024-04-22,1.9700000286102295,2.200000047683716,1.899999976158142,1.909999966621399,1.909999966621399,173900
2024-04-23,1.899999976158142,2.0,1.850000023841858,1.9500000476837158,1.9500000476837158,26200
2024-04-24,1.909999966621399,2.0,1.8600000143051147,1.8700000047683716,1.8700000047683716,26600
2024-04-25,1.899999976158142,2.0299999713897705,1.8799999952316284,1.9800000190734863,1.9800000190734863,33500
2024-04-26,2.0899999141693115,2.0899999141693115,1.899999976158142,2.069999933242798,2.069999933242798,36900
2024-04-29,1.8600000143051147,2.0399999618530273,1.8600000143051147,2.0299999713897705,2.0299999713897705,47400
2024-04-30,2.009999990463257,2.0299999713897705,1.7999999523162842,1.899999976158142,1.899999976158142,42000
2024-05-01,1.9299999475479126,1.9600000381469727,1.7999999523162842,1.8899999856948853,1.8899999856948853,43400
2024-05-02,1.9700000286102295,1.9700000286102295,1.75,1.8200000524520874,1.8200000524520874,30400
2024-05-03,1.8700000047683716,1.8700000047683716,1.7599999904632568,1.8700000047683716,1.8700000047683716,12200
2024-05-06,1.9199999570846558,1.9199999570846558,1.7799999713897705,1.899999976158142,1.899999976158142,16500
2024-05-07,1.7999999523162842,1.9800000190734863,1.7999999523162842,1.9600000381469727,1.9600000381469727,35500
2024-05-08,1.9500000476837158,1.9800000190734863,1.7899999618530273,1.8600000143051147,1.8600000143051147,47700
2024-05-09,1.909999966621399,1.909999966621399,1.7799999713897705,1.840000033378601,1.840000033378601,33200
2024-05-10,1.399999976158142,1.909999966621399,1.25,1.909999966621399,1.909999966621399,2266500
2024-05-13,1.6299999952316284,1.7599999904632568,1.3799999952316284,1.5399999618530273,1.5399999618530273,248100
2024-05-14,1.5099999904632568,1.6699999570846558,1.3899999856948853,1.5,1.5,236200
2024-05-15,1.4500000476837158,1.4800000190734863,1.3700000047683716,1.399999976158142,1.399999976158142,101800
2024-05-16,1.3600000143051147,1.440000057220459,1.3200000524520874,1.399999976158142,1.399999976158142,59400
2024-05-17,1.3700000047683716,1.5,1.350000023841858,1.399999976158142,1.399999976158142,114600
2024-05-20,1.3799999952316284,1.4800000190734863,1.3799999952316284,1.409999966621399,1.409999966621399,71100
2024-05-21,1.399999976158142,1.5,1.3799999952316284,1.4199999570846558,1.4199999570846558,290500
2024-05-22,1.3899999856948853,1.4700000286102295,1.3899999856948853,1.4199999570846558,1.4199999570846558,69200
2024-05-23,1.399999976158142,1.4500000476837158,1.3899999856948853,1.409999966621399,1.409999966621399,22000
2024-05-24,1.3799999952316284,1.4500000476837158,1.3799999952316284,1.440000057220459,1.440000057220459,8600
2024-05-28,1.440000057220459,1.4900000095367432,1.4199999570846558,1.4500000476837158,1.4500000476837158,13000
2024-05-29,1.5199999809265137,1.5199999809265137,1.4199999570846558,1.4600000381469727,1.4600000381469727,10300
2024-05-30,1.4800000190734863,1.4900000095367432,1.4199999570846558,1.4600000381469727,1.4600000381469727,30100
2024-05-31,1.4700000286102295,1.4800000190734863,1.4299999475479126,1.4800000190734863,1.4800000190734863,8400
2024-06-03,1.4800000190734863,1.5,1.399999976158142,1.4800000190734863,1.4800000190734863,16700
2024-06-04,1.4299999475479126,1.649999976158142,1.409999966621399,1.649999976158142,1.649999976158142,159400
2024-06-05,1.600000023841858,1.7999999523162842,1.5499999523162842,1.7200000286102295,1.7200000286102295,190600
2024-06-06,1.7200000286102295,1.7899999618530273,1.7000000476837158,1.7799999713897705,1.7799999713897705,30200
2024-06-07,1.7100000381469727,1.850000023841858,1.6399999856948853,1.7799999713897705,1.7799999713897705,143500
2024-06-10,1.7699999809265137,1.7999999523162842,1.6799999475479126,1.7899999618530273,1.7899999618530273,20300
2024-06-11,1.7400000095367432,1.7799999713897705,1.649999976158142,1.7200000286102295,1.7200000286102295,142800
2024-06-12,1.6699999570846558,1.899999976158142,1.6699999570846558,1.8300000429153442,1.8300000429153442,172300
2024-06-13,1.7999999523162842,2.009999990463257,1.7699999809265137,1.9900000095367432,1.9900000095367432,134200
2024-06-14,1.9299999475479126,1.9900000095367432,1.8600000143051147,1.9700000286102295,1.9700000286102295,95200
2024-06-17,1.9299999475479126,2.0999999046325684,1.8700000047683716,2.0399999618530273,2.0399999618530273,45100
2024-06-18,2.0,2.0399999618530273,1.9500000476837158,2.009999990463257,2.009999990463257,11600
2024-06-20,2.0399999618530273,2.059999942779541,1.899999976158142,1.9800000190734863,1.9800000190734863,173800
2024-06-21,1.9900000095367432,2.440000057220459,1.909999966621399,2.2799999713897705,2.2799999713897705,454400
2024-06-24,2.200000047683716,2.5999999046325684,2.200000047683716,2.559999942779541,2.559999942779541,194900
2024-06-25,2.640000104904175,2.6600000858306885,2.049999952316284,2.2200000286102295,2.2200000286102295,180200
2024-06-26,2.2200000286102295,2.440000057220459,2.0399999618530273,2.319999933242798,2.319999933242798,344800
2024-06-27,2.359999895095825,2.609999895095825,2.2899999618530273,2.569999933242798,2.569999933242798,136300
2024-06-28,2.549999952316284,2.7899999618530273,2.4000000953674316,2.7899999618530273,2.7899999618530273,121200
2024-07-01,2.619999885559082,2.740000009536743,2.4000000953674316,2.430000066757202,2.430000066757202,29200
2024-07-02,2.4100000858306885,2.7899999618530273,2.369999885559082,2.6500000953674316,2.6500000953674316,268400
2024-07-03,2.5999999046325684,3.200000047683716,2.440000057220459,2.880000114440918,2.880000114440918,582200
2024-07-05,2.880000114440918,3.299999952316284,2.700000047683716,3.119999885559082,3.119999885559082,418800
2024-07-08,3.1500000953674316,4.0,3.119999885559082,3.759999990463257,3.759999990463257,1067800
2024-07-09,3.950000047683716,4.75,2.4100000858306885,3.619999885559082,3.619999885559082,2597300
2024-07-10,3.549999952316284,5.739999771118164,3.549999952316284,5.460000038146973,5.460000038146973,1893100
2024-07-11,5.690000057220459,6.409999847412109,5.309999942779541,5.960000038146973,5.960000038146973,1815500
2024-07-12,5.559999942779541,6.389999866485596,4.5,5.050000190734863,5.050000190734863,977100
2024-07-15,5.110000133514404,5.590000152587891,4.900000095367432,5.170000076293945,5.170000076293945,160000
2024-07-16,5.150000095367432,5.78000020980835,4.039999961853027,4.059999942779541,4.059999942779541,488900
2024-07-17,4.090000152587891,4.300000190734863,3.359999895095825,3.640000104904175,3.640000104904175,560100
2024-07-18,3.6600000858306885,3.8399999141693115,3.3299999237060547,3.609999895095825,3.609999895095825,133600
2024-07-19,3.6500000953674316,4.199999809265137,3.4700000286102295,3.7300000190734863,3.7300000190734863,582400
2024-07-22,4.179999828338623,4.460000038146973,3.5,3.8299999237060547,3.8299999237060547,611500
2024-07-23,3.7100000381469727,3.890000104904175,3.5199999809265137,3.7200000286102295,3.7200000286102295,553700
2024-07-24,3.869999885559082,4.380000114440918,3.6500000953674316,3.990000009536743,3.990000009536743,641800
2024-07-25,4.0,4.46999979019165,3.740000009536743,4.150000095367432,4.150000095367432,937000
2024-07-26,4.070000171661377,4.400000095367432,3.5299999713897705,4.159999847412109,4.159999847412109,843500
2024-07-29,4.079999923706055,4.829999923706055,3.799999952316284,3.930000066757202,3.930000066757202,1184300
2024-07-30,3.940000057220459,4.099999904632568,3.25,3.930000066757202,3.930000066757202,689100
2024-07-31,3.9000000953674316,4.480000019073486,2.890000104904175,4.139999866485596,4.139999866485596,1548800
2024-08-01,4.090000152587891,4.349999904632568,3.809999942779541,4.159999847412109,4.159999847412109,532300
2024-08-02,4.139999866485596,4.320000171661377,4.010000228881836,4.25,4.25,268700
2024-08-05,4.099999904632568,4.190000057220459,3.7799999713897705,3.809999942779541,3.809999942779541,560900
2024-08-06,3.799999952316284,3.880000114440918,3.5,3.5199999809265137,3.5199999809265137,500000
2024-08-07,3.549999952316284,3.7100000381469727,2.450000047683716,2.559999942779541,2.559999942779541,362000
2024-08-08,2.5399999618530273,3.1500000953674316,2.4800000190734863,3.0,3.0,77800
2024-08-09,2.740000009536743,3.009999990463257,2.700000047683716,2.9600000381469727,2.9600000381469727,56500
2024-08-12,2.990000009536743,2.990000009536743,2.7200000286102295,2.8299999237060547,2.8299999237060547,31800
2024-08-13,2.819999933242798,2.990000009536743,2.7200000286102295,2.759999990463257,2.759999990463257,15600
2024-08-14,2.759999990463257,2.8299999237060547,2.630000114440918,2.6600000858306885,2.6600000858306885,27300
2024-08-15,2.7300000190734863,2.7799999713897705,2.549999952316284,2.6700000762939453,2.6700000762939453,42400
2024-08-16,2.7699999809265137,2.890000104904175,2.5899999141693115,2.6600000858306885,2.6600000858306885,31500
2024-08-19,2.7200000286102295,2.819999933242798,2.630000114440918,2.7699999809265137,2.7699999809265137,55400
2024-08-20,2.819999933242798,4.190000057220459,2.680000066757202,3.180000066757202,3.180000066757202,4345000
2024-08-21,3.180000066757202,3.640000104904175,3.130000114440918,3.190000057220459,3.190000057220459,2142500
2024-08-22,3.450000047683716,3.5799999237060547,1.9500000476837158,2.380000114440918,2.380000114440918,4248100
2024-08-23,2.380000114440918,2.9800000190734863,2.0999999046325684,2.180000066757202,2.180000066757202,3945200
2024-08-26,2.2100000381469727,2.440000057220459,1.909999966621399,2.190000057220459,2.190000057220459,317200
2024-08-27,2.180000066757202,2.4200000762939453,2.1600000858306885,2.2899999618530273,2.2899999618530273,221100
2024-08-28,2.319999933242798,2.319999933242798,1.9199999570846558,1.9700000286102295,1.9700000286102295,213100
2024-08-29,2.059999942779541,2.1700000762939453,1.9199999570846558,2.069999933242798,2.069999933242798,142300
2024-08-30,2.0899999141693115,2.3399999141693115,1.9600000381469727,2.3399999141693115,2.3399999141693115,159000
2024-09-03,2.240000009536743,2.240000009536743,1.9500000476837158,1.9700000286102295,1.9700000286102295,199400
2024-09-04,1.9700000286102295,2.0999999046325684,1.8700000047683716,1.9500000476837158,1.9500000476837158,50800
2024-09-05,1.9199999570846558,2.049999952316284,1.6699999570846558,1.850000023841858,1.850000023841858,131200
2024-09-06,1.8700000047683716,1.940000057220459,1.7699999809265137,1.850000023841858,1.850000023841858,68000
2024-09-09,1.850000023841858,1.9199999570846558,1.7100000381469727,1.809999942779541,1.809999942779541,142600
2024-09-10,1.7999999523162842,1.8799999952316284,1.6200000047683716,1.649999976158142,1.649999976158142,139700
2024-09-11,1.649999976158142,1.7300000190734863,1.5,1.5099999904632568,1.5099999904632568,148300
2024-09-12,1.4900000095367432,1.5099999904632568,0.6600000262260437,0.7900000214576721,0.7900000214576721,1265900
2024-09-13,0.800000011920929,1.1799999475479126,0.800000011920929,1.0700000524520874,1.0700000524520874,1182400
2024-09-16,1.0,1.1100000143051147,0.9800000190734863,1.0199999809265137,1.0199999809265137,117300
2024-09-17,1.0399999618530273,1.0800000429153442,0.9900000095367432,1.059999942779541,1.059999942779541,52600
2024-09-18,1.0499999523162842,1.1200000047683716,1.0099999904632568,1.100000023841858,1.100000023841858,95700
2024-09-19,1.1100000143051147,1.1200000047683716,0.949999988079071,1.0199999809265137,1.0199999809265137,195300
2024-09-20,1.0199999809265137,1.0399999618530273,0.9300000071525574,0.9800000190734863,0.9800000190734863,135400
2024-09-23,0.949999988079071,1.0299999713897705,0.7200000286102295,0.7900000214576721,0.7900000214576721,395400
2024-09-24,0.8199999928474426,0.8500000238418579,0.6899999976158142,0.75,0.75,238600
2024-09-25,0.75,0.800000011920929,0.7200000286102295,0.7799999713897705,0.7799999713897705,50600
2024-09-26,0.800000011920929,0.8399999737739563,0.75,0.8299999833106995,0.8299999833106995,64700
2024-09-27,0.8700000047683716,0.8799999952316284,0.8100000023841858,0.8100000023841858,0.8100000023841858,140300
2024-09-30,0.8500000238418579,0.8600000143051147,0.7300000190734863,0.7599999904632568,0.7599999904632568,171900
2024-10-01,0.7599999904632568,0.7599999904632568,0.7300000190734863,0.75,0.75,27900
2024-10-02,0.7599999904632568,0.7599999904632568,0.699999988079071,0.7300000190734863,0.7300000190734863,171100
2024-10-03,0.7900000214576721,0.7900000214576721,0.7099999785423279,0.7200000286102295,0.7200000286102295,129400
2024-10-04,0.7200000286102295,0.7699999809265137,0.6700000166893005,0.699999988079071,0.699999988079071,84400
2024-10-07,0.699999988079071,0.699999988079071,0.6499999761581421,0.699999988079071,0.699999988079071,77900
2024-10-08,0.7099999785423279,0.8199999928474426,0.6600000262260437,0.699999988079071,0.699999988079071,462600
2024-10-09,0.699999988079071,0.7099999785423279,0.6499999761581421,0.6499999761581421,0.6499999761581421,100600
2024-10-10,0.6800000071525574,0.7300000190734863,0.6399999856948853,0.7099999785423279,0.7099999785423279,339300
2024-10-11,0.699999988079071,0.7300000190734863,0.6899999976158142,0.699999988079071,0.699999988079071,279700
2024-10-14,0.7099999785423279,0.75,0.6700000166893005,0.6800000071525574,0.6800000071525574,178400
2024-10-15,0.699999988079071,0.699999988079071,0.6499999761581421,0.6899999976158142,0.6899999976158142,191400
2024-10-16,0.6800000071525574,0.7200000286102295,0.6399999856948853,0.6499999761581421,0.6499999761581421,258600
2024-10-17,0.75,0.7699999809265137,0.550000011920929,0.5799999833106995,0.5799999833106995,7098000
2024-10-18,0.6499999761581421,0.6600000262260437,0.46000000834465027,0.5400000214576721,0.5400000214576721,3585800
2024-10-21,0.49000000953674316,0.5600000023841858,0.49000000953674316,0.5299999713897705,0.5299999713897705,1027700
2024-10-22,0.5099999904632568,0.5099999904632568,0.49000000953674316,0.5,0.5,680000
2024-10-23,0.5,0.5099999904632568,0.4399999976158142,0.4699999988079071,0.4699999988079071,794200
